Complex_ID,Complex_Size,Complex_Score,Complex_Overlap_Score,Protein_ID,Protein_Name
Complex_1,5,0.9982,1.0,356,YGR200C
Complex_1,5,0.9982,1.0,594,YLR384C
Complex_1,5,0.9982,1.0,835,YPL086C
Complex_1,5,0.9982,1.0,675,YMR312W
Complex_1,5,0.9982,1.0,839,YPL101W
Complex_2,4,0.9976,1.0,253,YER157W
Complex_2,4,0.9976,1.0,681,YNL041C
Complex_2,4,0.9976,1.0,626,YML071C
Complex_2,4,0.9976,1.0,342,YGR120C
Complex_3,3,0.9944,1.0,268,YFR002W
Complex_3,3,0.9944,1.0,341,YGR119C
Complex_3,3,0.9944,1.0,310,YGL172W
Complex_4,11,0.993,1.0,713,YNL232W
Complex_4,11,0.993,1.0,736,YNR024W
Complex_4,11,0.993,1.0,768,YOR001W
Complex_4,11,0.993,1.0,747,YOL021C
Complex_4,11,0.993,1.0,337,YGR095C
Complex_4,11,0.993,1.0,392,YHR081W
Complex_4,11,0.993,1.0,347,YGR158C
Complex_4,11,0.993,1.0,84,YCR035C
Complex_4,11,0.993,1.0,120,YDL111C
Complex_4,11,0.993,1.0,355,YGR195W
Complex_4,11,0.993,1.0,177,YDR280W
Complex_5,7,0.9919,1.0,125,YDL145C
Complex_5,7,0.9919,1.0,171,YDR238C
Complex_5,7,0.9919,1.0,726,YNL287W
Complex_5,7,0.9919,1.0,425,YIL076W
Complex_5,7,0.9919,1.0,821,YPL010W
Complex_5,7,0.9919,1.0,278,YFR051C
Complex_5,7,0.9919,1.0,245,YER122C
Complex_6,19,0.9871,0.5307,123,YDL140C
Complex_6,19,0.9871,0.5307,288,YGL070C
Complex_6,19,0.9871,0.5307,320,YGR005C
Complex_6,19,0.9871,0.5307,419,YIL021W
Complex_6,19,0.9871,0.5307,744,YOL005C
Complex_6,19,0.9871,0.5307,788,YOR151C
Complex_6,19,0.9871,0.5307,284,YGL043W
Complex_6,19,0.9871,0.5307,54,YBR154C
Complex_6,19,0.9871,0.5307,798,YOR210W
Complex_6,19,0.9871,0.5307,897,YPR187W
Complex_6,19,0.9871,0.5307,800,YOR224C
Complex_6,19,0.9871,0.5307,866,YPR010C
Complex_6,19,0.9871,0.5307,327,YGR063C
Complex_6,19,0.9871,0.5307,547,YLR106C
Complex_6,19,0.9871,0.5307,842,YPL129W
Complex_6,19,0.9871,0.5307,637,YMR012W
Complex_6,19,0.9871,0.5307,555,YLR180W
Complex_6,19,0.9871,0.5307,461,YJL140W
Complex_6,19,0.9871,0.5307,783,YOR133W
Complex_7,34,0.9842,0.5882,54,YBR154C
Complex_7,34,0.9842,0.5882,897,YPR187W
Complex_7,34,0.9842,0.5882,800,YOR224C
Complex_7,34,0.9842,0.5882,798,YOR210W
Complex_7,34,0.9842,0.5882,696,YNL113W
Complex_7,34,0.9842,0.5882,884,YPR110C
Complex_7,34,0.9842,0.5882,480,YJR063W
Complex_7,34,0.9842,0.5882,817,YOR340C
Complex_7,34,0.9842,0.5882,866,YPR010C
Complex_7,34,0.9842,0.5882,818,YOR341W
Complex_7,34,0.9842,0.5882,717,YNL248C
Complex_7,34,0.9842,0.5882,320,YGR005C
Complex_7,34,0.9842,0.5882,419,YIL021W
Complex_7,34,0.9842,0.5882,288,YGL070C
Complex_7,34,0.9842,0.5882,327,YGR063C
Complex_7,34,0.9842,0.5882,702,YNL151C
Complex_7,34,0.9842,0.5882,781,YOR116C
Complex_7,34,0.9842,0.5882,899,YPR190C
Complex_7,34,0.9842,0.5882,788,YOR151C
Complex_7,34,0.9842,0.5882,404,YHR143W-A
Complex_7,34,0.9842,0.5882,123,YDL140C
Complex_7,34,0.9842,0.5882,508,YKL144C
Complex_7,34,0.9842,0.5882,520,YKR025W
Complex_7,34,0.9842,0.5882,842,YPL129W
Complex_7,34,0.9842,0.5882,141,YDR045C
Complex_7,34,0.9842,0.5882,158,YDR156W
Complex_7,34,0.9842,0.5882,462,YJL148W
Complex_7,34,0.9842,0.5882,744,YOL005C
Complex_7,34,0.9842,0.5882,166,YDR211W
Complex_7,34,0.9842,0.5882,797,YOR207C
Complex_7,34,0.9842,0.5882,127,YDL150W
Complex_7,34,0.9842,0.5882,445,YJL011C
Complex_7,34,0.9842,0.5882,317,YGL245W
Complex_7,34,0.9842,0.5882,461,YJL140W
Complex_8,4,0.9813,1.0,137,YDR013W
Complex_8,4,0.9813,1.0,452,YJL072C
Complex_8,4,0.9813,1.0,766,YOL146W
Complex_8,4,0.9813,1.0,214,YDR489W
Complex_9,3,0.9777,1.0,180,YDR295C
Complex_9,3,0.9777,1.0,896,YPR179C
Complex_9,3,0.9777,1.0,679,YNL021W
Complex_10,3,0.9738,1.0,118,YDL102W
Complex_10,3,0.9738,1.0,474,YJR006W
Complex_10,3,0.9738,1.0,478,YJR043C
Complex_11,5,0.9724,0.6,124,YDL143W
Complex_11,5,0.9724,0.6,810,YOR281C
Complex_11,5,0.9724,0.6,435,YIL142W
Complex_11,5,0.9724,0.6,498,YKL029C
Complex_11,5,0.9724,0.6,312,YGL195W
Complex_12,4,0.9695,0.8,322,YGR020C
Complex_12,4,0.9695,0.8,816,YOR332W
Complex_12,4,0.9695,0.8,873,YPR036W
Complex_12,4,0.9695,0.8,49,YBR127C
Complex_13,17,0.9694,0.5882,120,YDL111C
Complex_13,17,0.9694,0.5882,177,YDR280W
Complex_13,17,0.9694,0.5882,898,YPR189W
Complex_13,17,0.9694,0.5882,347,YGR158C
Complex_13,17,0.9694,0.5882,337,YGR095C
Complex_13,17,0.9694,0.5882,392,YHR081W
Complex_13,17,0.9694,0.5882,84,YCR035C
Complex_13,17,0.9694,0.5882,747,YOL021C
Complex_13,17,0.9694,0.5882,355,YGR195W
Complex_13,17,0.9694,0.5882,768,YOR001W
Complex_13,17,0.9694,0.5882,713,YNL232W
Complex_13,17,0.9694,0.5882,314,YGL213C
Complex_13,17,0.9694,0.5882,650,YMR116C
Complex_13,17,0.9694,0.5882,374,YGR285C
Complex_13,17,0.9694,0.5882,596,YLR398C
Complex_13,17,0.9694,0.5882,383,YHR010W
Complex_13,17,0.9694,0.5882,775,YOR063W
Complex_14,13,0.9688,0.0154,359,YGR218W
Complex_14,13,0.9688,0.0154,385,YHR020W
Complex_14,13,0.9688,0.0154,555,YLR180W
Complex_14,13,0.9688,0.0154,637,YMR012W
Complex_14,13,0.9688,0.0154,222,YEL022W
Complex_14,13,0.9688,0.0154,365,YGR240C
Complex_14,13,0.9688,0.0154,547,YLR106C
Complex_14,13,0.9688,0.0154,484,YJR077C
Complex_14,13,0.9688,0.0154,788,YOR151C
Complex_14,13,0.9688,0.0154,269,YFR009W
Complex_14,13,0.9688,0.0154,312,YGL195W
Complex_14,13,0.9688,0.0154,216,YDR502C
Complex_14,13,0.9688,0.0154,546,YLR075W
Complex_15,14,0.9675,0.7857,67,YBR253W
Complex_15,14,0.9675,0.7857,387,YHR041C
Complex_15,14,0.9675,0.7857,389,YHR058C
Complex_15,14,0.9675,0.7857,714,YNL236W
Complex_15,14,0.9675,0.7857,308,YGL151W
Complex_15,14,0.9675,0.7857,762,YOL135C
Complex_15,14,0.9675,0.7857,828,YPL042C
Complex_15,14,0.9675,0.7857,185,YDR308C
Complex_15,14,0.9675,0.7857,92,YCR081W
Complex_15,14,0.9675,0.7857,734,YNR010W
Complex_15,14,0.9675,0.7857,791,YOR174W
Complex_15,14,0.9675,0.7857,367,YGR252W
Complex_15,14,0.9675,0.7857,298,YGL112C
Complex_15,14,0.9675,0.7857,206,YDR448W
Complex_16,7,0.9672,0.0301,35,YBR017C
Complex_16,7,0.9672,0.0301,222,YEL022W
Complex_16,7,0.9672,0.0301,484,YJR077C
Complex_16,7,0.9672,0.0301,385,YHR020W
Complex_16,7,0.9672,0.0301,637,YMR012W
Complex_16,7,0.9672,0.0301,359,YGR218W
Complex_16,7,0.9672,0.0301,243,YER110C
Complex_17,6,0.9664,1.0,5,YAL033W
Complex_17,6,0.9664,1.0,390,YHR062C
Complex_17,6,0.9664,1.0,724,YNL282W
Complex_17,6,0.9664,1.0,20,YBL018C
Complex_17,6,0.9664,1.0,710,YNL221C
Complex_17,6,0.9664,1.0,213,YDR478W
Complex_18,4,0.9654,0.75,61,YBR211C
Complex_18,4,0.9654,0.75,354,YGR179C
Complex_18,4,0.9654,0.75,174,YDR254W
Complex_18,4,0.9654,0.75,593,YLR381W
Complex_19,22,0.965,0.5,67,YBR253W
Complex_19,22,0.965,0.5,387,YHR041C
Complex_19,22,0.965,0.5,389,YHR058C
Complex_19,22,0.965,0.5,714,YNL236W
Complex_19,22,0.965,0.5,308,YGL151W
Complex_19,22,0.965,0.5,762,YOL135C
Complex_19,22,0.965,0.5,206,YDR448W
Complex_19,22,0.965,0.5,367,YGR252W
Complex_19,22,0.965,0.5,862,YPL254W
Complex_19,22,0.965,0.5,661,YMR223W
Complex_19,22,0.965,0.5,828,YPL042C
Complex_19,22,0.965,0.5,664,YMR236W
Complex_19,22,0.965,0.5,185,YDR308C
Complex_19,22,0.965,0.5,734,YNR010W
Complex_19,22,0.965,0.5,160,YDR167W
Complex_19,22,0.965,0.5,398,YHR099W
Complex_19,22,0.965,0.5,298,YGL112C
Complex_19,22,0.965,0.5,92,YCR081W
Complex_19,22,0.965,0.5,155,YDR145W
Complex_19,22,0.965,0.5,43,YBR081C
Complex_19,22,0.965,0.5,791,YOR174W
Complex_19,22,0.965,0.5,371,YGR274C
Complex_20,15,0.9649,0.6722,155,YDR145W
Complex_20,15,0.9649,0.6722,298,YGL112C
Complex_20,15,0.9649,0.6722,636,YMR005W
Complex_20,15,0.9649,0.6722,160,YDR167W
Complex_20,15,0.9649,0.6722,664,YMR236W
Complex_20,15,0.9649,0.6722,371,YGR274C
Complex_20,15,0.9649,0.6722,862,YPL254W
Complex_20,15,0.9649,0.6722,367,YGR252W
Complex_20,15,0.9649,0.6722,661,YMR223W
Complex_20,15,0.9649,0.6722,714,YNL236W
Complex_20,15,0.9649,0.6722,387,YHR041C
Complex_20,15,0.9649,0.6722,398,YHR099W
Complex_20,15,0.9649,0.6722,206,YDR448W
Complex_20,15,0.9649,0.6722,43,YBR081C
Complex_20,15,0.9649,0.6722,250,YER148W
Complex_21,24,0.9636,0.2042,498,YKL029C
Complex_21,24,0.9636,0.2042,547,YLR106C
Complex_21,24,0.9636,0.2042,637,YMR012W
Complex_21,24,0.9636,0.2042,555,YLR180W
Complex_21,24,0.9636,0.2042,222,YEL022W
Complex_21,24,0.9636,0.2042,676,YNL002C
Complex_21,24,0.9636,0.2042,740,YNR053C
Complex_21,24,0.9636,0.2042,150,YDR101C
Complex_21,24,0.9636,0.2042,228,YER006W
Complex_21,24,0.9636,0.2042,366,YGR245C
Complex_21,24,0.9636,0.2042,634,YML124C
Complex_21,24,0.9636,0.2042,706,YNL182C
Complex_21,24,0.9636,0.2042,416,YHR197W
Complex_21,24,0.9636,0.2042,533,YLL008W
Complex_21,24,0.9636,0.2042,837,YPL093W
Complex_21,24,0.9636,0.2042,393,YHR085W
Complex_21,24,0.9636,0.2042,788,YOR151C
Complex_21,24,0.9636,0.2042,338,YGR103W
Complex_21,24,0.9636,0.2042,388,YHR052W
Complex_21,24,0.9636,0.2042,90,YCR072C
Complex_21,24,0.9636,0.2042,240,YER086W
Complex_21,24,0.9636,0.2042,124,YDL143W
Complex_21,24,0.9636,0.2042,312,YGL195W
Complex_21,24,0.9636,0.2042,269,YFR009W
Complex_22,9,0.963,0.0234,222,YEL022W
Complex_22,9,0.963,0.0234,385,YHR020W
Complex_22,9,0.963,0.0234,484,YJR077C
Complex_22,9,0.963,0.0234,359,YGR218W
Complex_22,9,0.963,0.0234,555,YLR180W
Complex_22,9,0.963,0.0234,637,YMR012W
Complex_22,9,0.963,0.0234,35,YBR017C
Complex_22,9,0.963,0.0234,243,YER110C
Complex_22,9,0.963,0.0234,588,YLR342W
Complex_23,42,0.9617,0.2401,547,YLR106C
Complex_23,42,0.9617,0.2401,555,YLR180W
Complex_23,42,0.9617,0.2401,788,YOR151C
Complex_23,42,0.9617,0.2401,637,YMR012W
Complex_23,42,0.9617,0.2401,385,YHR020W
Complex_23,42,0.9617,0.2401,54,YBR154C
Complex_23,42,0.9617,0.2401,798,YOR210W
Complex_23,42,0.9617,0.2401,866,YPR010C
Complex_23,42,0.9617,0.2401,320,YGR005C
Complex_23,42,0.9617,0.2401,419,YIL021W
Complex_23,42,0.9617,0.2401,800,YOR224C
Complex_23,42,0.9617,0.2401,288,YGL070C
Complex_23,42,0.9617,0.2401,740,YNR053C
Complex_23,42,0.9617,0.2401,897,YPR187W
Complex_23,42,0.9617,0.2401,327,YGR063C
Complex_23,42,0.9617,0.2401,676,YNL002C
Complex_23,42,0.9617,0.2401,498,YKL029C
Complex_23,42,0.9617,0.2401,366,YGR245C
Complex_23,42,0.9617,0.2401,150,YDR101C
Complex_23,42,0.9617,0.2401,706,YNL182C
Complex_23,42,0.9617,0.2401,842,YPL129W
Complex_23,42,0.9617,0.2401,634,YML124C
Complex_23,42,0.9617,0.2401,393,YHR085W
Complex_23,42,0.9617,0.2401,123,YDL140C
Complex_23,42,0.9617,0.2401,416,YHR197W
Complex_23,42,0.9617,0.2401,228,YER006W
Complex_23,42,0.9617,0.2401,744,YOL005C
Complex_23,42,0.9617,0.2401,312,YGL195W
Complex_23,42,0.9617,0.2401,90,YCR072C
Complex_23,42,0.9617,0.2401,338,YGR103W
Complex_23,42,0.9617,0.2401,284,YGL043W
Complex_23,42,0.9617,0.2401,533,YLL008W
Complex_23,42,0.9617,0.2401,837,YPL093W
Complex_23,42,0.9617,0.2401,359,YGR218W
Complex_23,42,0.9617,0.2401,388,YHR052W
Complex_23,42,0.9617,0.2401,216,YDR502C
Complex_23,42,0.9617,0.2401,461,YJL140W
Complex_23,42,0.9617,0.2401,365,YGR240C
Complex_23,42,0.9617,0.2401,222,YEL022W
Complex_23,42,0.9617,0.2401,269,YFR009W
Complex_23,42,0.9617,0.2401,546,YLR075W
Complex_23,42,0.9617,0.2401,783,YOR133W
Complex_24,7,0.9616,0.875,426,YIL084C
Complex_24,7,0.9616,0.875,743,YOL004W
Complex_24,7,0.9616,0.875,733,YNL330C
Complex_24,7,0.9616,0.875,849,YPL181W
Complex_24,7,0.9616,0.875,668,YMR263W
Complex_24,7,0.9616,0.875,644,YMR075W
Complex_24,7,0.9616,0.875,869,YPR023C
Complex_25,11,0.9602,0.2727,153,YDR121W
Complex_25,11,0.9602,0.2727,304,YGL133W
Complex_25,11,0.9602,0.2727,812,YOR304W
Complex_25,11,0.9602,0.2727,271,YFR013W
Complex_25,11,0.9602,0.2727,781,YOR116C
Complex_25,11,0.9602,0.2727,64,YBR245C
Complex_25,11,0.9602,0.2727,276,YFR037C
Complex_25,11,0.9602,0.2727,432,YIL126W
Complex_25,11,0.9602,0.2727,895,YPR175W
Complex_25,11,0.9602,0.2727,167,YDR224C
Complex_25,11,0.9602,0.2727,516,YKR001C
Complex_26,46,0.9599,0.4348,54,YBR154C
Complex_26,46,0.9599,0.4348,897,YPR187W
Complex_26,46,0.9599,0.4348,800,YOR224C
Complex_26,46,0.9599,0.4348,842,YPL129W
Complex_26,46,0.9599,0.4348,288,YGL070C
Complex_26,46,0.9599,0.4348,320,YGR005C
Complex_26,46,0.9599,0.4348,419,YIL021W
Complex_26,46,0.9599,0.4348,744,YOL005C
Complex_26,46,0.9599,0.4348,123,YDL140C
Complex_26,46,0.9599,0.4348,788,YOR151C
Complex_26,46,0.9599,0.4348,461,YJL140W
Complex_26,46,0.9599,0.4348,798,YOR210W
Complex_26,46,0.9599,0.4348,884,YPR110C
Complex_26,46,0.9599,0.4348,866,YPR010C
Complex_26,46,0.9599,0.4348,327,YGR063C
Complex_26,46,0.9599,0.4348,480,YJR063W
Complex_26,46,0.9599,0.4348,817,YOR340C
Complex_26,46,0.9599,0.4348,702,YNL151C
Complex_26,46,0.9599,0.4348,781,YOR116C
Complex_26,46,0.9599,0.4348,899,YPR190C
Complex_26,46,0.9599,0.4348,547,YLR106C
Complex_26,46,0.9599,0.4348,404,YHR143W-A
Complex_26,46,0.9599,0.4348,818,YOR341W
Complex_26,46,0.9599,0.4348,637,YMR012W
Complex_26,46,0.9599,0.4348,508,YKL144C
Complex_26,46,0.9599,0.4348,520,YKR025W
Complex_26,46,0.9599,0.4348,158,YDR156W
Complex_26,46,0.9599,0.4348,141,YDR045C
Complex_26,46,0.9599,0.4348,462,YJL148W
Complex_26,46,0.9599,0.4348,717,YNL248C
Complex_26,46,0.9599,0.4348,797,YOR207C
Complex_26,46,0.9599,0.4348,127,YDL150W
Complex_26,46,0.9599,0.4348,555,YLR180W
Complex_26,46,0.9599,0.4348,859,YPL235W
Complex_26,46,0.9599,0.4348,445,YJL011C
Complex_26,46,0.9599,0.4348,284,YGL043W
Complex_26,46,0.9599,0.4348,696,YNL113W
Complex_26,46,0.9599,0.4348,639,YMR033W
Complex_26,46,0.9599,0.4348,543,YLR052W
Complex_26,46,0.9599,0.4348,95,YDL002C
Complex_26,46,0.9599,0.4348,241,YER092W
Complex_26,46,0.9599,0.4348,164,YDR190C
Complex_26,46,0.9599,0.4348,307,YGL150C
Complex_26,46,0.9599,0.4348,260,YFL013C
Complex_26,46,0.9599,0.4348,783,YOR133W
Complex_26,46,0.9599,0.4348,735,YNR023W
Complex_27,3,0.9578,0.75,467,YJL184W
Complex_27,3,0.9578,0.75,619,YML036W
Complex_27,3,0.9578,0.75,524,YKR038C
Complex_28,19,0.9571,0.5307,387,YHR041C
Complex_28,19,0.9571,0.5307,389,YHR058C
Complex_28,19,0.9571,0.5307,398,YHR099W
Complex_28,19,0.9571,0.5307,661,YMR223W
Complex_28,19,0.9571,0.5307,664,YMR236W
Complex_28,19,0.9571,0.5307,155,YDR145W
Complex_28,19,0.9571,0.5307,160,YDR167W
Complex_28,19,0.9571,0.5307,298,YGL112C
Complex_28,19,0.9571,0.5307,43,YBR081C
Complex_28,19,0.9571,0.5307,308,YGL151W
Complex_28,19,0.9571,0.5307,67,YBR253W
Complex_28,19,0.9571,0.5307,714,YNL236W
Complex_28,19,0.9571,0.5307,206,YDR448W
Complex_28,19,0.9571,0.5307,862,YPL254W
Complex_28,19,0.9571,0.5307,762,YOL135C
Complex_28,19,0.9571,0.5307,367,YGR252W
Complex_28,19,0.9571,0.5307,371,YGR274C
Complex_28,19,0.9571,0.5307,250,YER148W
Complex_28,19,0.9571,0.5307,636,YMR005W
Complex_29,19,0.9571,0.5307,43,YBR081C
Complex_29,19,0.9571,0.5307,298,YGL112C
Complex_29,19,0.9571,0.5307,206,YDR448W
Complex_29,19,0.9571,0.5307,664,YMR236W
Complex_29,19,0.9571,0.5307,160,YDR167W
Complex_29,19,0.9571,0.5307,367,YGR252W
Complex_29,19,0.9571,0.5307,862,YPL254W
Complex_29,19,0.9571,0.5307,661,YMR223W
Complex_29,19,0.9571,0.5307,714,YNL236W
Complex_29,19,0.9571,0.5307,387,YHR041C
Complex_29,19,0.9571,0.5307,389,YHR058C
Complex_29,19,0.9571,0.5307,636,YMR005W
Complex_29,19,0.9571,0.5307,398,YHR099W
Complex_29,19,0.9571,0.5307,762,YOL135C
Complex_29,19,0.9571,0.5307,67,YBR253W
Complex_29,19,0.9571,0.5307,155,YDR145W
Complex_29,19,0.9571,0.5307,371,YGR274C
Complex_29,19,0.9571,0.5307,308,YGL151W
Complex_29,19,0.9571,0.5307,250,YER148W
Complex_30,12,0.9561,0.3333,221,YEL018W
Complex_30,12,0.9561,0.3333,869,YPR023C
Complex_30,12,0.9561,0.3333,398,YHR099W
Complex_30,12,0.9561,0.3333,862,YPL254W
Complex_30,12,0.9561,0.3333,367,YGR252W
Complex_30,12,0.9561,0.3333,664,YMR236W
Complex_30,12,0.9561,0.3333,298,YGL112C
Complex_30,12,0.9561,0.3333,644,YMR075W
Complex_30,12,0.9561,0.3333,733,YNL330C
Complex_30,12,0.9561,0.3333,426,YIL084C
Complex_30,12,0.9561,0.3333,743,YOL004W
Complex_30,12,0.9561,0.3333,155,YDR145W
Complex_31,10,0.9557,0.7111,169,YDR235W
Complex_31,10,0.9557,0.7111,321,YGR013W
Complex_31,10,0.9557,0.7111,422,YIL061C
Complex_31,10,0.9557,0.7111,394,YHR086W
Complex_31,10,0.9557,0.7111,172,YDR240C
Complex_31,10,0.9557,0.7111,848,YPL178W
Complex_31,10,0.9557,0.7111,551,YLR147C
Complex_31,10,0.9557,0.7111,877,YPR057W
Complex_31,10,0.9557,0.7111,328,YGR074W
Complex_31,10,0.9557,0.7111,39,YBR055C
Complex_32,13,0.9557,0.0256,269,YFR009W
Complex_32,13,0.9557,0.0256,312,YGL195W
Complex_32,13,0.9557,0.0256,498,YKL029C
Complex_32,13,0.9557,0.0256,555,YLR180W
Complex_32,13,0.9557,0.0256,637,YMR012W
Complex_32,13,0.9557,0.0256,36,YBR025C
Complex_32,13,0.9557,0.0256,547,YLR106C
Complex_32,13,0.9557,0.0256,428,YIL094C
Complex_32,13,0.9557,0.0256,124,YDL143W
Complex_32,13,0.9557,0.0256,240,YER086W
Complex_32,13,0.9557,0.0256,784,YOR136W
Complex_32,13,0.9557,0.0256,243,YER110C
Complex_32,13,0.9557,0.0256,265,YFL045C
Complex_33,16,0.9555,0.7656,22,YBL026W
Complex_33,16,0.9555,0.7656,606,YLR438C-A
Complex_33,16,0.9555,0.7656,458,YJL124C
Complex_33,16,0.9555,0.7656,91,YCR077C
Complex_33,16,0.9555,0.7656,244,YER112W
Complex_33,16,0.9555,0.7656,551,YLR147C
Complex_33,16,0.9555,0.7656,336,YGR091W
Complex_33,16,0.9555,0.7656,249,YER146W
Complex_33,16,0.9555,0.7656,328,YGR074W
Complex_33,16,0.9555,0.7656,117,YDL098C
Complex_33,16,0.9555,0.7656,39,YBR055C
Complex_33,16,0.9555,0.7656,813,YOR308C
Complex_33,16,0.9555,0.7656,408,YHR165C
Complex_33,16,0.9555,0.7656,195,YDR378C
Complex_33,16,0.9555,0.7656,879,YPR082C
Complex_33,16,0.9555,0.7656,257,YER172C
Complex_34,10,0.9555,0.0333,312,YGL195W
Complex_34,10,0.9555,0.0333,784,YOR136W
Complex_34,10,0.9555,0.0333,428,YIL094C
Complex_34,10,0.9555,0.0333,498,YKL029C
Complex_34,10,0.9555,0.0333,36,YBR025C
Complex_34,10,0.9555,0.0333,555,YLR180W
Complex_34,10,0.9555,0.0333,124,YDL143W
Complex_34,10,0.9555,0.0333,859,YPL235W
Complex_34,10,0.9555,0.0333,269,YFR009W
Complex_34,10,0.9555,0.0333,680,YNL037C
Complex_35,17,0.9555,0.0196,269,YFR009W
Complex_35,17,0.9555,0.0196,312,YGL195W
Complex_35,17,0.9555,0.0196,555,YLR180W
Complex_35,17,0.9555,0.0196,385,YHR020W
Complex_35,17,0.9555,0.0196,637,YMR012W
Complex_35,17,0.9555,0.0196,36,YBR025C
Complex_35,17,0.9555,0.0196,547,YLR106C
Complex_35,17,0.9555,0.0196,498,YKL029C
Complex_35,17,0.9555,0.0196,365,YGR240C
Complex_35,17,0.9555,0.0196,788,YOR151C
Complex_35,17,0.9555,0.0196,428,YIL094C
Complex_35,17,0.9555,0.0196,784,YOR136W
Complex_35,17,0.9555,0.0196,124,YDL143W
Complex_35,17,0.9555,0.0196,216,YDR502C
Complex_35,17,0.9555,0.0196,359,YGR218W
Complex_35,17,0.9555,0.0196,243,YER110C
Complex_35,17,0.9555,0.0196,546,YLR075W
Complex_36,15,0.955,0.4083,440,YIR009W
Complex_36,15,0.955,0.4083,666,YMR240C
Complex_36,15,0.955,0.4083,855,YPL213W
Complex_36,15,0.955,0.4083,551,YLR147C
Complex_36,15,0.955,0.4083,336,YGR091W
Complex_36,15,0.955,0.4083,881,YPR101W
Complex_36,15,0.955,0.4083,537,YLL036C
Complex_36,15,0.955,0.4083,328,YGR074W
Complex_36,15,0.955,0.4083,117,YDL098C
Complex_36,15,0.955,0.4083,201,YDR416W
Complex_36,15,0.955,0.4083,39,YBR055C
Complex_36,15,0.955,0.4083,813,YOR308C
Complex_36,15,0.955,0.4083,103,YDL043C
Complex_36,15,0.955,0.4083,790,YOR159C
Complex_36,15,0.955,0.4083,408,YHR165C
Complex_37,13,0.955,0.2308,167,YDR224C
Complex_37,13,0.955,0.2308,432,YIL126W
Complex_37,13,0.955,0.2308,304,YGL133W
Complex_37,13,0.955,0.2308,812,YOR304W
Complex_37,13,0.955,0.2308,271,YFR013W
Complex_37,13,0.955,0.2308,153,YDR121W
Complex_37,13,0.955,0.2308,64,YBR245C
Complex_37,13,0.955,0.2308,781,YOR116C
Complex_37,13,0.955,0.2308,276,YFR037C
Complex_37,13,0.955,0.2308,639,YMR033W
Complex_37,13,0.955,0.2308,583,YLR321C
Complex_37,13,0.955,0.2308,591,YLR357W
Complex_37,13,0.955,0.2308,635,YML127W
Complex_38,13,0.9548,0.2308,64,YBR245C
Complex_38,13,0.9548,0.2308,432,YIL126W
Complex_38,13,0.9548,0.2308,276,YFR037C
Complex_38,13,0.9548,0.2308,516,YKR001C
Complex_38,13,0.9548,0.2308,304,YGL133W
Complex_38,13,0.9548,0.2308,812,YOR304W
Complex_38,13,0.9548,0.2308,271,YFR013W
Complex_38,13,0.9548,0.2308,153,YDR121W
Complex_38,13,0.9548,0.2308,781,YOR116C
Complex_38,13,0.9548,0.2308,639,YMR033W
Complex_38,13,0.9548,0.2308,797,YOR207C
Complex_38,13,0.9548,0.2308,583,YLR321C
Complex_38,13,0.9548,0.2308,635,YML127W
Complex_39,4,0.9544,0.75,296,YGL105W
Complex_39,4,0.9544,0.75,370,YGR264C
Complex_39,4,0.9544,0.75,317,YGL245W
Complex_39,4,0.9544,0.75,866,YPR010C
Complex_40,8,0.9541,0.5208,12,YAR003W
Complex_40,8,0.9541,0.5208,497,YKL018W
Complex_40,8,0.9541,0.5208,400,YHR119W
Complex_40,8,0.9541,0.5208,210,YDR469W
Complex_40,8,0.9541,0.5208,68,YBR258C
Complex_40,8,0.9541,0.5208,346,YGR156W
Complex_40,8,0.9541,0.5208,183,YDR301W
Complex_40,8,0.9541,0.5208,711,YNL222W
Complex_41,8,0.9541,0.375,314,YGL213C
Complex_41,8,0.9541,0.375,898,YPR189W
Complex_41,8,0.9541,0.375,596,YLR398C
Complex_41,8,0.9541,0.375,347,YGR158C
Complex_41,8,0.9541,0.375,120,YDL111C
Complex_41,8,0.9541,0.375,374,YGR285C
Complex_41,8,0.9541,0.375,177,YDR280W
Complex_41,8,0.9541,0.375,650,YMR116C
Complex_42,23,0.9537,0.5797,169,YDR235W
Complex_42,23,0.9537,0.5797,321,YGR013W
Complex_42,23,0.9537,0.5797,422,YIL061C
Complex_42,23,0.9537,0.5797,394,YHR086W
Complex_42,23,0.9537,0.5797,172,YDR240C
Complex_42,23,0.9537,0.5797,328,YGR074W
Complex_42,23,0.9537,0.5797,551,YLR147C
Complex_42,23,0.9537,0.5797,458,YJL124C
Complex_42,23,0.9537,0.5797,336,YGR091W
Complex_42,23,0.9537,0.5797,22,YBL026W
Complex_42,23,0.9537,0.5797,666,YMR240C
Complex_42,23,0.9537,0.5797,877,YPR057W
Complex_42,23,0.9537,0.5797,117,YDL098C
Complex_42,23,0.9537,0.5797,244,YER112W
Complex_42,23,0.9537,0.5797,855,YPL213W
Complex_42,23,0.9537,0.5797,537,YLL036C
Complex_42,23,0.9537,0.5797,103,YDL043C
Complex_42,23,0.9537,0.5797,813,YOR308C
Complex_42,23,0.9537,0.5797,39,YBR055C
Complex_42,23,0.9537,0.5797,91,YCR077C
Complex_42,23,0.9537,0.5797,790,YOR159C
Complex_42,23,0.9537,0.5797,408,YHR165C
Complex_42,23,0.9537,0.5797,195,YDR378C
Complex_43,27,0.9529,0.5926,39,YBR055C
Complex_43,27,0.9529,0.5926,408,YHR165C
Complex_43,27,0.9529,0.5926,257,YER172C
Complex_43,27,0.9529,0.5926,551,YLR147C
Complex_43,27,0.9529,0.5926,537,YLL036C
Complex_43,27,0.9529,0.5926,666,YMR240C
Complex_43,27,0.9529,0.5926,855,YPL213W
Complex_43,27,0.9529,0.5926,458,YJL124C
Complex_43,27,0.9529,0.5926,336,YGR091W
Complex_43,27,0.9529,0.5926,321,YGR013W
Complex_43,27,0.9529,0.5926,22,YBL026W
Complex_43,27,0.9529,0.5926,172,YDR240C
Complex_43,27,0.9529,0.5926,249,YER146W
Complex_43,27,0.9529,0.5926,881,YPR101W
Complex_43,27,0.9529,0.5926,422,YIL061C
Complex_43,27,0.9529,0.5926,244,YER112W
Complex_43,27,0.9529,0.5926,328,YGR074W
Complex_43,27,0.9529,0.5926,117,YDL098C
Complex_43,27,0.9529,0.5926,440,YIR009W
Complex_43,27,0.9529,0.5926,201,YDR416W
Complex_43,27,0.9529,0.5926,169,YDR235W
Complex_43,27,0.9529,0.5926,91,YCR077C
Complex_43,27,0.9529,0.5926,813,YOR308C
Complex_43,27,0.9529,0.5926,103,YDL043C
Complex_43,27,0.9529,0.5926,790,YOR159C
Complex_43,27,0.9529,0.5926,41,YBR065C
Complex_43,27,0.9529,0.5926,372,YGR278W
Complex_44,5,0.9524,0.0286,31,YBL087C
Complex_44,5,0.9524,0.0286,192,YDR361C
Complex_44,5,0.9524,0.0286,853,YPL208W
Complex_44,5,0.9524,0.0286,297,YGL111W
Complex_44,5,0.9524,0.0286,837,YPL093W
Complex_45,45,0.9519,0.1556,662,YMR229C
Complex_45,45,0.9519,0.1556,670,YMR290C
Complex_45,45,0.9519,0.1556,98,YDL014W
Complex_45,45,0.9519,0.1556,215,YDR496C
Complex_45,45,0.9519,0.1556,142,YDR060W
Complex_45,45,0.9519,0.1556,51,YBR142W
Complex_45,45,0.9519,0.1556,683,YNL061W
Complex_45,45,0.9519,0.1556,533,YLL008W
Complex_45,45,0.9519,0.1556,676,YNL002C
Complex_45,45,0.9519,0.1556,228,YER006W
Complex_45,45,0.9519,0.1556,867,YPR016C
Complex_45,45,0.9519,0.1556,495,YKL009W
Complex_45,45,0.9519,0.1556,837,YPL093W
Complex_45,45,0.9519,0.1556,547,YLR106C
Complex_45,45,0.9519,0.1556,539,YLR002C
Complex_45,45,0.9519,0.1556,416,YHR197W
Complex_45,45,0.9519,0.1556,854,YPL211W
Complex_45,45,0.9519,0.1556,246,YER126C
Complex_45,45,0.9519,0.1556,297,YGL111W
Complex_45,45,0.9519,0.1556,808,YOR272W
Complex_45,45,0.9519,0.1556,338,YGR103W
Complex_45,45,0.9519,0.1556,258,YFL002C
Complex_45,45,0.9519,0.1556,755,YOL077C
Complex_45,45,0.9519,0.1556,642,YMR049C
Complex_45,45,0.9519,0.1556,388,YHR052W
Complex_45,45,0.9519,0.1556,529,YKR081C
Complex_45,45,0.9519,0.1556,796,YOR206W
Complex_45,45,0.9519,0.1556,147,YDR087C
Complex_45,45,0.9519,0.1556,861,YPL249C-A
Complex_45,45,0.9519,0.1556,611,YLR449W
Complex_45,45,0.9519,0.1556,694,YNL110C
Complex_45,45,0.9519,0.1556,289,YGL076C
Complex_45,45,0.9519,0.1556,267,YFR001W
Complex_45,45,0.9519,0.1556,100,YDL031W
Complex_45,45,0.9519,0.1556,574,YLR276C
Complex_45,45,0.9519,0.1556,31,YBL087C
Complex_45,45,0.9519,0.1556,538,YLL045C
Complex_45,45,0.9519,0.1556,829,YPL043W
Complex_45,45,0.9519,0.1556,77,YCL054W
Complex_45,45,0.9519,0.1556,512,YKL172W
Complex_45,45,0.9519,0.1556,604,YLR432W
Complex_45,45,0.9519,0.1556,751,YOL041C
Complex_45,45,0.9519,0.1556,775,YOR063W
Complex_45,45,0.9519,0.1556,395,YHR088W
Complex_45,45,0.9519,0.1556,536,YLL034C
Complex_46,55,0.9519,0.2182,882,YPR102C
Complex_46,55,0.9519,0.2182,837,YPL093W
Complex_46,55,0.9519,0.2182,843,YPL131W
Complex_46,55,0.9519,0.2182,676,YNL002C
Complex_46,55,0.9519,0.2182,228,YER006W
Complex_46,55,0.9519,0.2182,740,YNR053C
Complex_46,55,0.9519,0.2182,867,YPR016C
Complex_46,55,0.9519,0.2182,495,YKL009W
Complex_46,55,0.9519,0.2182,683,YNL061W
Complex_46,55,0.9519,0.2182,533,YLL008W
Complex_46,55,0.9519,0.2182,547,YLR106C
Complex_46,55,0.9519,0.2182,539,YLR002C
Complex_46,55,0.9519,0.2182,416,YHR197W
Complex_46,55,0.9519,0.2182,854,YPL211W
Complex_46,55,0.9519,0.2182,366,YGR245C
Complex_46,55,0.9519,0.2182,706,YNL182C
Complex_46,55,0.9519,0.2182,297,YGL111W
Complex_46,55,0.9519,0.2182,246,YER126C
Complex_46,55,0.9519,0.2182,150,YDR101C
Complex_46,55,0.9519,0.2182,808,YOR272W
Complex_46,55,0.9519,0.2182,338,YGR103W
Complex_46,55,0.9519,0.2182,258,YFL002C
Complex_46,55,0.9519,0.2182,670,YMR290C
Complex_46,55,0.9519,0.2182,755,YOL077C
Complex_46,55,0.9519,0.2182,388,YHR052W
Complex_46,55,0.9519,0.2182,393,YHR085W
Complex_46,55,0.9519,0.2182,642,YMR049C
Complex_46,55,0.9519,0.2182,529,YKR081C
Complex_46,55,0.9519,0.2182,796,YOR206W
Complex_46,55,0.9519,0.2182,215,YDR496C
Complex_46,55,0.9519,0.2182,90,YCR072C
Complex_46,55,0.9519,0.2182,861,YPL249C-A
Complex_46,55,0.9519,0.2182,611,YLR449W
Complex_46,55,0.9519,0.2182,584,YLR325C
Complex_46,55,0.9519,0.2182,142,YDR060W
Complex_46,55,0.9519,0.2182,694,YNL110C
Complex_46,55,0.9519,0.2182,289,YGL076C
Complex_46,55,0.9519,0.2182,538,YLL045C
Complex_46,55,0.9519,0.2182,267,YFR001W
Complex_46,55,0.9519,0.2182,31,YBL087C
Complex_46,55,0.9519,0.2182,51,YBR142W
Complex_46,55,0.9519,0.2182,100,YDL031W
Complex_46,55,0.9519,0.2182,574,YLR276C
Complex_46,55,0.9519,0.2182,829,YPL043W
Complex_46,55,0.9519,0.2182,512,YKL172W
Complex_46,55,0.9519,0.2182,775,YOR063W
Complex_46,55,0.9519,0.2182,77,YCL054W
Complex_46,55,0.9519,0.2182,751,YOL041C
Complex_46,55,0.9519,0.2182,469,YJL191W
Complex_46,55,0.9519,0.2182,604,YLR432W
Complex_46,55,0.9519,0.2182,545,YLR074C
Complex_46,55,0.9519,0.2182,395,YHR088W
Complex_46,55,0.9519,0.2182,536,YLL034C
Complex_46,55,0.9519,0.2182,627,YML073C
Complex_46,55,0.9519,0.2182,334,YGR085C
Complex_47,54,0.9519,0.2222,775,YOR063W
Complex_47,54,0.9519,0.2222,150,YDR101C
Complex_47,54,0.9519,0.2222,293,YGL099W
Complex_47,54,0.9519,0.2222,538,YLL045C
Complex_47,54,0.9519,0.2222,676,YNL002C
Complex_47,54,0.9519,0.2222,228,YER006W
Complex_47,54,0.9519,0.2222,740,YNR053C
Complex_47,54,0.9519,0.2222,867,YPR016C
Complex_47,54,0.9519,0.2222,495,YKL009W
Complex_47,54,0.9519,0.2222,683,YNL061W
Complex_47,54,0.9519,0.2222,533,YLL008W
Complex_47,54,0.9519,0.2222,837,YPL093W
Complex_47,54,0.9519,0.2222,539,YLR002C
Complex_47,54,0.9519,0.2222,854,YPL211W
Complex_47,54,0.9519,0.2222,416,YHR197W
Complex_47,54,0.9519,0.2222,547,YLR106C
Complex_47,54,0.9519,0.2222,366,YGR245C
Complex_47,54,0.9519,0.2222,706,YNL182C
Complex_47,54,0.9519,0.2222,297,YGL111W
Complex_47,54,0.9519,0.2222,246,YER126C
Complex_47,54,0.9519,0.2222,808,YOR272W
Complex_47,54,0.9519,0.2222,338,YGR103W
Complex_47,54,0.9519,0.2222,318,YGL246C
Complex_47,54,0.9519,0.2222,670,YMR290C
Complex_47,54,0.9519,0.2222,258,YFL002C
Complex_47,54,0.9519,0.2222,755,YOL077C
Complex_47,54,0.9519,0.2222,388,YHR052W
Complex_47,54,0.9519,0.2222,642,YMR049C
Complex_47,54,0.9519,0.2222,529,YKR081C
Complex_47,54,0.9519,0.2222,215,YDR496C
Complex_47,54,0.9519,0.2222,796,YOR206W
Complex_47,54,0.9519,0.2222,861,YPL249C-A
Complex_47,54,0.9519,0.2222,90,YCR072C
Complex_47,54,0.9519,0.2222,611,YLR449W
Complex_47,54,0.9519,0.2222,584,YLR325C
Complex_47,54,0.9519,0.2222,142,YDR060W
Complex_47,54,0.9519,0.2222,694,YNL110C
Complex_47,54,0.9519,0.2222,289,YGL076C
Complex_47,54,0.9519,0.2222,267,YFR001W
Complex_47,54,0.9519,0.2222,100,YDL031W
Complex_47,54,0.9519,0.2222,574,YLR276C
Complex_47,54,0.9519,0.2222,51,YBR142W
Complex_47,54,0.9519,0.2222,829,YPL043W
Complex_47,54,0.9519,0.2222,512,YKL172W
Complex_47,54,0.9519,0.2222,469,YJL191W
Complex_47,54,0.9519,0.2222,604,YLR432W
Complex_47,54,0.9519,0.2222,751,YOL041C
Complex_47,54,0.9519,0.2222,597,YLR406C
Complex_47,54,0.9519,0.2222,620,YML056C
Complex_47,54,0.9519,0.2222,395,YHR088W
Complex_47,54,0.9519,0.2222,546,YLR075W
Complex_47,54,0.9519,0.2222,627,YML073C
Complex_47,54,0.9519,0.2222,536,YLL034C
Complex_47,54,0.9519,0.2222,695,YNL112W
Complex_48,12,0.9516,0.5926,42,YBR079C
Complex_48,12,0.9516,0.5926,653,YMR146C
Complex_48,12,0.9516,0.5926,673,YMR309C
Complex_48,12,0.9516,0.5926,874,YPR041W
Complex_48,12,0.9516,0.5926,232,YER025W
Complex_48,12,0.9516,0.5926,820,YOR361C
Complex_48,12,0.9516,0.5926,204,YDR429C
Complex_48,12,0.9516,0.5926,564,YLR215C
Complex_48,12,0.9516,0.5926,860,YPL237W
Complex_48,12,0.9516,0.5926,558,YLR192C
Complex_48,12,0.9516,0.5926,166,YDR211W
Complex_48,12,0.9516,0.5926,148,YDR091C
Complex_49,55,0.9515,0.2182,775,YOR063W
Complex_49,55,0.9515,0.2182,761,YOL127W
Complex_49,55,0.9515,0.2182,694,YNL110C
Complex_49,55,0.9515,0.2182,837,YPL093W
Complex_49,55,0.9515,0.2182,211,YDR471W
Complex_49,55,0.9515,0.2182,228,YER006W
Complex_49,55,0.9515,0.2182,755,YOL077C
Complex_49,55,0.9515,0.2182,215,YDR496C
Complex_49,55,0.9515,0.2182,282,YGL030W
Complex_49,55,0.9515,0.2182,676,YNL002C
Complex_49,55,0.9515,0.2182,533,YLL008W
Complex_49,55,0.9515,0.2182,740,YNR053C
Complex_49,55,0.9515,0.2182,867,YPR016C
Complex_49,55,0.9515,0.2182,683,YNL061W
Complex_49,55,0.9515,0.2182,495,YKL009W
Complex_49,55,0.9515,0.2182,539,YLR002C
Complex_49,55,0.9515,0.2182,854,YPL211W
Complex_49,55,0.9515,0.2182,547,YLR106C
Complex_49,55,0.9515,0.2182,416,YHR197W
Complex_49,55,0.9515,0.2182,366,YGR245C
Complex_49,55,0.9515,0.2182,706,YNL182C
Complex_49,55,0.9515,0.2182,150,YDR101C
Complex_49,55,0.9515,0.2182,246,YER126C
Complex_49,55,0.9515,0.2182,297,YGL111W
Complex_49,55,0.9515,0.2182,808,YOR272W
Complex_49,55,0.9515,0.2182,338,YGR103W
Complex_49,55,0.9515,0.2182,258,YFL002C
Complex_49,55,0.9515,0.2182,393,YHR085W
Complex_49,55,0.9515,0.2182,642,YMR049C
Complex_49,55,0.9515,0.2182,388,YHR052W
Complex_49,55,0.9515,0.2182,670,YMR290C
Complex_49,55,0.9515,0.2182,529,YKR081C
Complex_49,55,0.9515,0.2182,796,YOR206W
Complex_49,55,0.9515,0.2182,861,YPL249C-A
Complex_49,55,0.9515,0.2182,147,YDR087C
Complex_49,55,0.9515,0.2182,90,YCR072C
Complex_49,55,0.9515,0.2182,584,YLR325C
Complex_49,55,0.9515,0.2182,611,YLR449W
Complex_49,55,0.9515,0.2182,142,YDR060W
Complex_49,55,0.9515,0.2182,289,YGL076C
Complex_49,55,0.9515,0.2182,538,YLL045C
Complex_49,55,0.9515,0.2182,267,YFR001W
Complex_49,55,0.9515,0.2182,574,YLR276C
Complex_49,55,0.9515,0.2182,100,YDL031W
Complex_49,55,0.9515,0.2182,829,YPL043W
Complex_49,55,0.9515,0.2182,51,YBR142W
Complex_49,55,0.9515,0.2182,77,YCL054W
Complex_49,55,0.9515,0.2182,31,YBL087C
Complex_49,55,0.9515,0.2182,512,YKL172W
Complex_49,55,0.9515,0.2182,469,YJL191W
Complex_49,55,0.9515,0.2182,751,YOL041C
Complex_49,55,0.9515,0.2182,545,YLR074C
Complex_49,55,0.9515,0.2182,620,YML056C
Complex_49,55,0.9515,0.2182,597,YLR406C
Complex_49,55,0.9515,0.2182,546,YLR075W
Complex_50,11,0.9515,0.8182,42,YBR079C
Complex_50,11,0.9515,0.8182,653,YMR146C
Complex_50,11,0.9515,0.8182,673,YMR309C
Complex_50,11,0.9515,0.8182,874,YPR041W
Complex_50,11,0.9515,0.8182,7,YAL035W
Complex_50,11,0.9515,0.8182,558,YLR192C
Complex_50,11,0.9515,0.8182,148,YDR091C
Complex_50,11,0.9515,0.8182,232,YER025W
Complex_50,11,0.9515,0.8182,820,YOR361C
Complex_50,11,0.9515,0.8182,204,YDR429C
Complex_50,11,0.9515,0.8182,860,YPL237W
Complex_51,53,0.9515,0.2264,775,YOR063W
Complex_51,53,0.9515,0.2264,761,YOL127W
Complex_51,53,0.9515,0.2264,538,YLL045C
Complex_51,53,0.9515,0.2264,861,YPL249C-A
Complex_51,53,0.9515,0.2264,338,YGR103W
Complex_51,53,0.9515,0.2264,111,YDL075W
Complex_51,53,0.9515,0.2264,289,YGL076C
Complex_51,53,0.9515,0.2264,113,YDL082W
Complex_51,53,0.9515,0.2264,282,YGL030W
Complex_51,53,0.9515,0.2264,676,YNL002C
Complex_51,53,0.9515,0.2264,228,YER006W
Complex_51,53,0.9515,0.2264,740,YNR053C
Complex_51,53,0.9515,0.2264,867,YPR016C
Complex_51,53,0.9515,0.2264,533,YLL008W
Complex_51,53,0.9515,0.2264,683,YNL061W
Complex_51,53,0.9515,0.2264,495,YKL009W
Complex_51,53,0.9515,0.2264,837,YPL093W
Complex_51,53,0.9515,0.2264,539,YLR002C
Complex_51,53,0.9515,0.2264,854,YPL211W
Complex_51,53,0.9515,0.2264,416,YHR197W
Complex_51,53,0.9515,0.2264,366,YGR245C
Complex_51,53,0.9515,0.2264,547,YLR106C
Complex_51,53,0.9515,0.2264,706,YNL182C
Complex_51,53,0.9515,0.2264,246,YER126C
Complex_51,53,0.9515,0.2264,150,YDR101C
Complex_51,53,0.9515,0.2264,297,YGL111W
Complex_51,53,0.9515,0.2264,808,YOR272W
Complex_51,53,0.9515,0.2264,258,YFL002C
Complex_51,53,0.9515,0.2264,318,YGL246C
Complex_51,53,0.9515,0.2264,388,YHR052W
Complex_51,53,0.9515,0.2264,642,YMR049C
Complex_51,53,0.9515,0.2264,755,YOL077C
Complex_51,53,0.9515,0.2264,670,YMR290C
Complex_51,53,0.9515,0.2264,529,YKR081C
Complex_51,53,0.9515,0.2264,796,YOR206W
Complex_51,53,0.9515,0.2264,584,YLR325C
Complex_51,53,0.9515,0.2264,215,YDR496C
Complex_51,53,0.9515,0.2264,694,YNL110C
Complex_51,53,0.9515,0.2264,611,YLR449W
Complex_51,53,0.9515,0.2264,142,YDR060W
Complex_51,53,0.9515,0.2264,267,YFR001W
Complex_51,53,0.9515,0.2264,574,YLR276C
Complex_51,53,0.9515,0.2264,829,YPL043W
Complex_51,53,0.9515,0.2264,100,YDL031W
Complex_51,53,0.9515,0.2264,51,YBR142W
Complex_51,53,0.9515,0.2264,512,YKL172W
Complex_51,53,0.9515,0.2264,469,YJL191W
Complex_51,53,0.9515,0.2264,545,YLR074C
Complex_51,53,0.9515,0.2264,751,YOL041C
Complex_51,53,0.9515,0.2264,604,YLR432W
Complex_51,53,0.9515,0.2264,627,YML073C
Complex_51,53,0.9515,0.2264,546,YLR075W
Complex_51,53,0.9515,0.2264,295,YGL103W
Complex_52,27,0.9512,0.5577,167,YDR224C
Complex_52,27,0.9512,0.5577,781,YOR116C
Complex_52,27,0.9512,0.5577,812,YOR304W
Complex_52,27,0.9512,0.5577,54,YBR154C
Complex_52,27,0.9512,0.5577,798,YOR210W
Complex_52,27,0.9512,0.5577,897,YPR187W
Complex_52,27,0.9512,0.5577,884,YPR110C
Complex_52,27,0.9512,0.5577,800,YOR224C
Complex_52,27,0.9512,0.5577,702,YNL151C
Complex_52,27,0.9512,0.5577,899,YPR190C
Complex_52,27,0.9512,0.5577,304,YGL133W
Complex_52,27,0.9512,0.5577,153,YDR121W
Complex_52,27,0.9512,0.5577,508,YKL144C
Complex_52,27,0.9512,0.5577,520,YKR025W
Complex_52,27,0.9512,0.5577,141,YDR045C
Complex_52,27,0.9512,0.5577,797,YOR207C
Complex_52,27,0.9512,0.5577,127,YDL150W
Complex_52,27,0.9512,0.5577,445,YJL011C
Complex_52,27,0.9512,0.5577,135,YDR005C
Complex_52,27,0.9512,0.5577,696,YNL113W
Complex_52,27,0.9512,0.5577,276,YFR037C
Complex_52,27,0.9512,0.5577,164,YDR190C
Complex_52,27,0.9512,0.5577,17,YBL003C
Complex_52,27,0.9512,0.5577,591,YLR357W
Complex_52,27,0.9512,0.5577,64,YBR245C
Complex_52,27,0.9512,0.5577,432,YIL126W
Complex_52,27,0.9512,0.5577,184,YDR303C
Complex_53,9,0.9512,0.7778,42,YBR079C
Complex_53,9,0.9512,0.7778,653,YMR146C
Complex_53,9,0.9512,0.7778,833,YPL081W
Complex_53,9,0.9512,0.7778,232,YER025W
Complex_53,9,0.9512,0.7778,874,YPR041W
Complex_53,9,0.9512,0.7778,820,YOR361C
Complex_53,9,0.9512,0.7778,204,YDR429C
Complex_53,9,0.9512,0.7778,673,YMR309C
Complex_53,9,0.9512,0.7778,558,YLR192C
Complex_54,9,0.9511,0.6049,346,YGR156W
Complex_54,9,0.9511,0.6049,497,YKL018W
Complex_54,9,0.9511,0.6049,792,YOR179C
Complex_54,9,0.9511,0.6049,711,YNL222W
Complex_54,9,0.9511,0.6049,183,YDR301W
Complex_54,9,0.9511,0.6049,400,YHR119W
Complex_54,9,0.9511,0.6049,210,YDR469W
Complex_54,9,0.9511,0.6049,517,YKR002W
Complex_54,9,0.9511,0.6049,575,YLR277C
Complex_55,21,0.951,0.3968,639,YMR033W
Complex_55,21,0.951,0.3968,842,YPL129W
Complex_55,21,0.951,0.3968,735,YNR023W
Complex_55,21,0.951,0.3968,54,YBR154C
Complex_55,21,0.951,0.3968,320,YGR005C
Complex_55,21,0.951,0.3968,419,YIL021W
Complex_55,21,0.951,0.3968,288,YGL070C
Complex_55,21,0.951,0.3968,897,YPR187W
Complex_55,21,0.951,0.3968,800,YOR224C
Complex_55,21,0.951,0.3968,788,YOR151C
Complex_55,21,0.951,0.3968,123,YDL140C
Complex_55,21,0.951,0.3968,379,YHL025W
Complex_55,21,0.951,0.3968,744,YOL005C
Complex_55,21,0.951,0.3968,859,YPL235W
Complex_55,21,0.951,0.3968,583,YLR321C
Complex_55,21,0.951,0.3968,543,YLR052W
Complex_55,21,0.951,0.3968,461,YJL140W
Complex_55,21,0.951,0.3968,326,YGR056W
Complex_55,21,0.951,0.3968,241,YER092W
Complex_55,21,0.951,0.3968,95,YDL002C
Complex_55,21,0.951,0.3968,824,YPL016W
Complex_56,51,0.9509,0.2353,775,YOR063W
Complex_56,51,0.9509,0.2353,761,YOL127W
Complex_56,51,0.9509,0.2353,538,YLL045C
Complex_56,51,0.9509,0.2353,228,YER006W
Complex_56,51,0.9509,0.2353,111,YDL075W
Complex_56,51,0.9509,0.2353,851,YPL198W
Complex_56,51,0.9509,0.2353,334,YGR085C
Complex_56,51,0.9509,0.2353,211,YDR471W
Complex_56,51,0.9509,0.2353,676,YNL002C
Complex_56,51,0.9509,0.2353,295,YGL103W
Complex_56,51,0.9509,0.2353,289,YGL076C
Complex_56,51,0.9509,0.2353,627,YML073C
Complex_56,51,0.9509,0.2353,237,YER074W
Complex_56,51,0.9509,0.2353,658,YMR194W
Complex_56,51,0.9509,0.2353,861,YPL249C-A
Complex_56,51,0.9509,0.2353,740,YNR053C
Complex_56,51,0.9509,0.2353,533,YLL008W
Complex_56,51,0.9509,0.2353,867,YPR016C
Complex_56,51,0.9509,0.2353,539,YLR002C
Complex_56,51,0.9509,0.2353,683,YNL061W
Complex_56,51,0.9509,0.2353,495,YKL009W
Complex_56,51,0.9509,0.2353,837,YPL093W
Complex_56,51,0.9509,0.2353,854,YPL211W
Complex_56,51,0.9509,0.2353,416,YHR197W
Complex_56,51,0.9509,0.2353,150,YDR101C
Complex_56,51,0.9509,0.2353,366,YGR245C
Complex_56,51,0.9509,0.2353,547,YLR106C
Complex_56,51,0.9509,0.2353,246,YER126C
Complex_56,51,0.9509,0.2353,706,YNL182C
Complex_56,51,0.9509,0.2353,338,YGR103W
Complex_56,51,0.9509,0.2353,808,YOR272W
Complex_56,51,0.9509,0.2353,297,YGL111W
Complex_56,51,0.9509,0.2353,670,YMR290C
Complex_56,51,0.9509,0.2353,258,YFL002C
Complex_56,51,0.9509,0.2353,642,YMR049C
Complex_56,51,0.9509,0.2353,755,YOL077C
Complex_56,51,0.9509,0.2353,388,YHR052W
Complex_56,51,0.9509,0.2353,215,YDR496C
Complex_56,51,0.9509,0.2353,529,YKR081C
Complex_56,51,0.9509,0.2353,796,YOR206W
Complex_56,51,0.9509,0.2353,318,YGL246C
Complex_56,51,0.9509,0.2353,147,YDR087C
Complex_56,51,0.9509,0.2353,694,YNL110C
Complex_56,51,0.9509,0.2353,584,YLR325C
Complex_56,51,0.9509,0.2353,90,YCR072C
Complex_56,51,0.9509,0.2353,611,YLR449W
Complex_56,51,0.9509,0.2353,267,YFR001W
Complex_56,51,0.9509,0.2353,142,YDR060W
Complex_56,51,0.9509,0.2353,604,YLR432W
Complex_56,51,0.9509,0.2353,574,YLR276C
Complex_56,51,0.9509,0.2353,829,YPL043W
Complex_57,10,0.9508,0.7,166,YDR211W
Complex_57,10,0.9508,0.7,578,YLR291C
Complex_57,10,0.9508,0.7,807,YOR260W
Complex_57,10,0.9508,0.7,232,YER025W
Complex_57,10,0.9508,0.7,521,YKR026C
Complex_57,10,0.9508,0.7,332,YGR083C
Complex_57,10,0.9508,0.7,860,YPL237W
Complex_57,10,0.9508,0.7,866,YPR010C
Complex_57,10,0.9508,0.7,42,YBR079C
Complex_57,10,0.9508,0.7,564,YLR215C
Complex_58,9,0.9507,0.463,12,YAR003W
Complex_58,9,0.9507,0.463,497,YKL018W
Complex_58,9,0.9507,0.463,57,YBR175W
Complex_58,9,0.9507,0.463,346,YGR156W
Complex_58,9,0.9507,0.463,183,YDR301W
Complex_58,9,0.9507,0.463,400,YHR119W
Complex_58,9,0.9507,0.463,210,YDR469W
Complex_58,9,0.9507,0.463,711,YNL222W
Complex_58,9,0.9507,0.463,517,YKR002W
Complex_59,12,0.9505,0.25,64,YBR245C
Complex_59,12,0.9505,0.25,271,YFR013W
Complex_59,12,0.9505,0.25,304,YGL133W
Complex_59,12,0.9505,0.25,812,YOR304W
Complex_59,12,0.9505,0.25,153,YDR121W
Complex_59,12,0.9505,0.25,276,YFR037C
Complex_59,12,0.9505,0.25,432,YIL126W
Complex_59,12,0.9505,0.25,797,YOR207C
Complex_59,12,0.9505,0.25,591,YLR357W
Complex_59,12,0.9505,0.25,86,YCR052W
Complex_59,12,0.9505,0.25,167,YDR224C
Complex_59,12,0.9505,0.25,519,YKR008W
Complex_60,18,0.9505,0.5352,321,YGR013W
Complex_60,18,0.9505,0.5352,422,YIL061C
Complex_60,18,0.9505,0.5352,877,YPR057W
Complex_60,18,0.9505,0.5352,328,YGR074W
Complex_60,18,0.9505,0.5352,551,YLR147C
Complex_60,18,0.9505,0.5352,336,YGR091W
Complex_60,18,0.9505,0.5352,172,YDR240C
Complex_60,18,0.9505,0.5352,666,YMR240C
Complex_60,18,0.9505,0.5352,22,YBL026W
Complex_60,18,0.9505,0.5352,117,YDL098C
Complex_60,18,0.9505,0.5352,855,YPL213W
Complex_60,18,0.9505,0.5352,169,YDR235W
Complex_60,18,0.9505,0.5352,39,YBR055C
Complex_60,18,0.9505,0.5352,813,YOR308C
Complex_60,18,0.9505,0.5352,790,YOR159C
Complex_60,18,0.9505,0.5352,408,YHR165C
Complex_60,18,0.9505,0.5352,879,YPR082C
Complex_60,18,0.9505,0.5352,848,YPL178W
Complex_61,4,0.9504,0.05,430,YIL103W
Complex_61,4,0.9504,0.05,515,YKL191W
Complex_61,4,0.9504,0.05,783,YOR133W
Complex_61,4,0.9504,0.05,788,YOR151C
Complex_62,14,0.9501,0.2286,64,YBR245C
Complex_62,14,0.9501,0.2286,164,YDR190C
Complex_62,14,0.9501,0.2286,812,YOR304W
Complex_62,14,0.9501,0.2286,271,YFR013W
Complex_62,14,0.9501,0.2286,304,YGL133W
Complex_62,14,0.9501,0.2286,153,YDR121W
Complex_62,14,0.9501,0.2286,781,YOR116C
Complex_62,14,0.9501,0.2286,842,YPL129W
Complex_62,14,0.9501,0.2286,797,YOR207C
Complex_62,14,0.9501,0.2286,595,YLR385C
Complex_62,14,0.9501,0.2286,276,YFR037C
Complex_62,14,0.9501,0.2286,2,YAL011W
Complex_62,14,0.9501,0.2286,859,YPL235W
Complex_62,14,0.9501,0.2286,432,YIL126W
Complex_63,5,0.9435,1.0,79,YCR002C
Complex_63,5,0.9435,1.0,134,YDL225W
Complex_63,5,0.9435,1.0,483,YJR076C
Complex_63,5,0.9435,1.0,582,YLR314C
Complex_63,5,0.9435,1.0,399,YHR107C
Complex_64,14,0.9429,0.2278,775,YOR063W
Complex_64,14,0.9429,0.2278,761,YOL127W
Complex_64,14,0.9429,0.2278,538,YLL045C
Complex_64,14,0.9429,0.2278,540,YLR029C
Complex_64,14,0.9429,0.2278,667,YMR242C
Complex_64,14,0.9429,0.2278,627,YML073C
Complex_64,14,0.9429,0.2278,211,YDR471W
Complex_64,14,0.9429,0.2278,334,YGR085C
Complex_64,14,0.9429,0.2278,837,YPL093W
Complex_64,14,0.9429,0.2278,289,YGL076C
Complex_64,14,0.9429,0.2278,113,YDL082W
Complex_64,14,0.9429,0.2278,306,YGL147C
Complex_64,14,0.9429,0.2278,282,YGL030W
Complex_64,14,0.9429,0.2278,295,YGL103W
Complex_65,9,0.9418,0.1342,775,YOR063W
Complex_65,9,0.9418,0.1342,761,YOL127W
Complex_65,9,0.9418,0.1342,538,YLL045C
Complex_65,9,0.9418,0.1342,540,YLR029C
Complex_65,9,0.9418,0.1342,667,YMR242C
Complex_65,9,0.9418,0.1342,627,YML073C
Complex_65,9,0.9418,0.1342,676,YNL002C
Complex_65,9,0.9418,0.1342,111,YDL075W
Complex_65,9,0.9418,0.1342,282,YGL030W
Complex_66,8,0.9412,0.1156,775,YOR063W
Complex_66,8,0.9412,0.1156,761,YOL127W
Complex_66,8,0.9412,0.1156,694,YNL110C
Complex_66,8,0.9412,0.1156,111,YDL075W
Complex_66,8,0.9412,0.1156,282,YGL030W
Complex_66,8,0.9412,0.1156,113,YDL082W
Complex_66,8,0.9412,0.1156,211,YDR471W
Complex_66,8,0.9412,0.1156,295,YGL103W
Complex_67,8,0.9408,0.8889,183,YDR301W
Complex_67,8,0.9408,0.8889,485,YJR093C
Complex_67,8,0.9408,0.8889,517,YKR002W
Complex_67,8,0.9408,0.8889,497,YKL018W
Complex_67,8,0.9408,0.8889,346,YGR156W
Complex_67,8,0.9408,0.8889,575,YLR277C
Complex_67,8,0.9408,0.8889,883,YPR107C
Complex_67,8,0.9408,0.8889,711,YNL222W
Complex_68,3,0.9401,0.75,369,YGR262C
Complex_68,3,0.9401,0.75,619,YML036W
Complex_68,3,0.9401,0.75,524,YKR038C
Complex_69,11,0.9395,0.1389,775,YOR063W
Complex_69,11,0.9395,0.1389,761,YOL127W
Complex_69,11,0.9395,0.1389,538,YLL045C
Complex_69,11,0.9395,0.1389,540,YLR029C
Complex_69,11,0.9395,0.1389,529,YKR081C
Complex_69,11,0.9395,0.1389,295,YGL103W
Complex_69,11,0.9395,0.1389,334,YGR085C
Complex_69,11,0.9395,0.1389,211,YDR471W
Complex_69,11,0.9395,0.1389,851,YPL198W
Complex_69,11,0.9395,0.1389,837,YPL093W
Complex_69,11,0.9395,0.1389,289,YGL076C
Complex_70,9,0.9391,0.1342,775,YOR063W
Complex_70,9,0.9391,0.1342,761,YOL127W
Complex_70,9,0.9391,0.1342,538,YLL045C
Complex_70,9,0.9391,0.1342,540,YLR029C
Complex_70,9,0.9391,0.1342,338,YGR103W
Complex_70,9,0.9391,0.1342,111,YDL075W
Complex_70,9,0.9391,0.1342,282,YGL030W
Complex_70,9,0.9391,0.1342,289,YGL076C
Complex_70,9,0.9391,0.1342,113,YDL082W
Complex_71,9,0.939,0.1342,775,YOR063W
Complex_71,9,0.939,0.1342,761,YOL127W
Complex_71,9,0.939,0.1342,538,YLL045C
Complex_71,9,0.939,0.1342,383,YHR010W
Complex_71,9,0.939,0.1342,113,YDL082W
Complex_71,9,0.939,0.1342,295,YGL103W
Complex_71,9,0.939,0.1342,837,YPL093W
Complex_71,9,0.939,0.1342,282,YGL030W
Complex_71,9,0.939,0.1342,861,YPL249C-A
Complex_72,14,0.9371,0.0918,775,YOR063W
Complex_72,14,0.9371,0.0918,761,YOL127W
Complex_72,14,0.9371,0.0918,538,YLL045C
Complex_72,14,0.9371,0.0918,540,YLR029C
Complex_72,14,0.9371,0.0918,512,YKL172W
Complex_72,14,0.9371,0.0918,837,YPL093W
Complex_72,14,0.9371,0.0918,529,YKR081C
Complex_72,14,0.9371,0.0918,676,YNL002C
Complex_72,14,0.9371,0.0918,100,YDL031W
Complex_72,14,0.9371,0.0918,843,YPL131W
Complex_72,14,0.9371,0.0918,539,YLR002C
Complex_72,14,0.9371,0.0918,755,YOL077C
Complex_72,14,0.9371,0.0918,796,YOR206W
Complex_72,14,0.9371,0.0918,670,YMR290C
Complex_73,11,0.9364,0.1364,775,YOR063W
Complex_73,11,0.9364,0.1364,142,YDR060W
Complex_73,11,0.9364,0.1364,670,YMR290C
Complex_73,11,0.9364,0.1364,796,YOR206W
Complex_73,11,0.9364,0.1364,755,YOL077C
Complex_73,11,0.9364,0.1364,676,YNL002C
Complex_73,11,0.9364,0.1364,540,YLR029C
Complex_73,11,0.9364,0.1364,843,YPL131W
Complex_73,11,0.9364,0.1364,538,YLL045C
Complex_73,11,0.9364,0.1364,539,YLR002C
Complex_73,11,0.9364,0.1364,751,YOL041C
Complex_74,10,0.9362,0.0925,775,YOR063W
Complex_74,10,0.9362,0.0925,761,YOL127W
Complex_74,10,0.9362,0.0925,538,YLL045C
Complex_74,10,0.9362,0.0925,540,YLR029C
Complex_74,10,0.9362,0.0925,667,YMR242C
Complex_74,10,0.9362,0.0925,627,YML073C
Complex_74,10,0.9362,0.0925,676,YNL002C
Complex_74,10,0.9362,0.0925,837,YPL093W
Complex_74,10,0.9362,0.0925,215,YDR496C
Complex_74,10,0.9362,0.0925,282,YGL030W
Complex_75,12,0.9358,0.125,775,YOR063W
Complex_75,12,0.9358,0.125,761,YOL127W
Complex_75,12,0.9358,0.125,538,YLL045C
Complex_75,12,0.9358,0.125,388,YHR052W
Complex_75,12,0.9358,0.125,837,YPL093W
Complex_75,12,0.9358,0.125,670,YMR290C
Complex_75,12,0.9358,0.125,796,YOR206W
Complex_75,12,0.9358,0.125,676,YNL002C
Complex_75,12,0.9358,0.125,755,YOL077C
Complex_75,12,0.9358,0.125,667,YMR242C
Complex_75,12,0.9358,0.125,843,YPL131W
Complex_75,12,0.9358,0.125,215,YDR496C
Complex_76,8,0.934,0.0849,775,YOR063W
Complex_76,8,0.934,0.0849,761,YOL127W
Complex_76,8,0.934,0.0849,538,YLL045C
Complex_76,8,0.934,0.0849,388,YHR052W
Complex_76,8,0.934,0.0849,837,YPL093W
Complex_76,8,0.934,0.0849,282,YGL030W
Complex_76,8,0.934,0.0849,295,YGL103W
Complex_76,8,0.934,0.0849,667,YMR242C
Complex_77,7,0.9326,0.097,775,YOR063W
Complex_77,7,0.9326,0.097,761,YOL127W
Complex_77,7,0.9326,0.097,597,YLR406C
Complex_77,7,0.9326,0.097,211,YDR471W
Complex_77,7,0.9326,0.097,513,YKL180W
Complex_77,7,0.9326,0.097,295,YGL103W
Complex_77,7,0.9326,0.097,609,YLR441C
Complex_78,8,0.932,0.0849,604,YLR432W
Complex_78,8,0.932,0.0849,851,YPL198W
Complex_78,8,0.932,0.0849,334,YGR085C
Complex_78,8,0.932,0.0849,538,YLL045C
Complex_78,8,0.932,0.0849,540,YLR029C
Complex_78,8,0.932,0.0849,705,YNL178W
Complex_78,8,0.932,0.0849,289,YGL076C
Complex_78,8,0.932,0.0849,627,YML073C
Complex_79,12,0.932,0.75,39,YBR055C
Complex_79,12,0.932,0.75,408,YHR165C
Complex_79,12,0.932,0.75,257,YER172C
Complex_79,12,0.932,0.75,551,YLR147C
Complex_79,12,0.932,0.75,813,YOR308C
Complex_79,12,0.932,0.75,879,YPR082C
Complex_79,12,0.932,0.75,336,YGR091W
Complex_79,12,0.932,0.75,666,YMR240C
Complex_79,12,0.932,0.75,328,YGR074W
Complex_79,12,0.932,0.75,117,YDL098C
Complex_79,12,0.932,0.75,470,YJL203W
Complex_79,12,0.932,0.75,855,YPL213W
Complex_80,8,0.9319,0.0849,775,YOR063W
Complex_80,8,0.9319,0.0849,761,YOL127W
Complex_80,8,0.9319,0.0849,538,YLL045C
Complex_80,8,0.9319,0.0849,540,YLR029C
Complex_80,8,0.9319,0.0849,512,YKL172W
Complex_80,8,0.9319,0.0849,837,YPL093W
Complex_80,8,0.9319,0.0849,113,YDL082W
Complex_80,8,0.9319,0.0849,295,YGL103W
Complex_81,11,0.9304,0.0617,775,YOR063W
Complex_81,11,0.9304,0.0617,761,YOL127W
Complex_81,11,0.9304,0.0617,538,YLL045C
Complex_81,11,0.9304,0.0617,540,YLR029C
Complex_81,11,0.9304,0.0617,529,YKR081C
Complex_81,11,0.9304,0.0617,670,YMR290C
Complex_81,11,0.9304,0.0617,837,YPL093W
Complex_81,11,0.9304,0.0617,289,YGL076C
Complex_81,11,0.9304,0.0617,851,YPL198W
Complex_81,11,0.9304,0.0617,539,YLR002C
Complex_81,11,0.9304,0.0617,215,YDR496C
Complex_82,11,0.9303,0.1389,775,YOR063W
Complex_82,11,0.9303,0.1389,761,YOL127W
Complex_82,11,0.9303,0.1389,538,YLL045C
Complex_82,11,0.9303,0.1389,540,YLR029C
Complex_82,11,0.9303,0.1389,667,YMR242C
Complex_82,11,0.9303,0.1389,627,YML073C
Complex_82,11,0.9303,0.1389,211,YDR471W
Complex_82,11,0.9303,0.1389,215,YDR496C
Complex_82,11,0.9303,0.1389,282,YGL030W
Complex_82,11,0.9303,0.1389,289,YGL076C
Complex_82,11,0.9303,0.1389,837,YPL093W
Complex_83,9,0.9287,0.1342,775,YOR063W
Complex_83,9,0.9287,0.1342,761,YOL127W
Complex_83,9,0.9287,0.1342,538,YLL045C
Complex_83,9,0.9287,0.1342,695,YNL112W
Complex_83,9,0.9287,0.1342,546,YLR075W
Complex_83,9,0.9287,0.1342,627,YML073C
Complex_83,9,0.9287,0.1342,211,YDR471W
Complex_83,9,0.9287,0.1342,37,YBR031W
Complex_83,9,0.9287,0.1342,334,YGR085C
Complex_84,4,0.9286,0.3333,61,YBR211C
Complex_84,4,0.9286,0.3333,354,YGR179C
Complex_84,4,0.9286,0.3333,174,YDR254W
Complex_84,4,0.9286,0.3333,197,YDR383C
Complex_85,8,0.928,0.0849,775,YOR063W
Complex_85,8,0.928,0.0849,761,YOL127W
Complex_85,8,0.928,0.0849,538,YLL045C
Complex_85,8,0.928,0.0849,540,YLR029C
Complex_85,8,0.928,0.0849,338,YGR103W
Complex_85,8,0.928,0.0849,111,YDL075W
Complex_85,8,0.928,0.0849,843,YPL131W
Complex_85,8,0.928,0.0849,676,YNL002C
Complex_86,8,0.9277,0.0849,604,YLR432W
Complex_86,8,0.9277,0.0849,851,YPL198W
Complex_86,8,0.9277,0.0849,334,YGR085C
Complex_86,8,0.9277,0.0849,538,YLL045C
Complex_86,8,0.9277,0.0849,540,YLR029C
Complex_86,8,0.9277,0.0849,670,YMR290C
Complex_86,8,0.9277,0.0849,627,YML073C
Complex_86,8,0.9277,0.0849,289,YGL076C
Complex_87,9,0.9275,0.1429,775,YOR063W
Complex_87,9,0.9275,0.1429,142,YDR060W
Complex_87,9,0.9275,0.1429,670,YMR290C
Complex_87,9,0.9275,0.1429,51,YBR142W
Complex_87,9,0.9275,0.1429,215,YDR496C
Complex_87,9,0.9275,0.1429,538,YLL045C
Complex_87,9,0.9275,0.1429,676,YNL002C
Complex_87,9,0.9275,0.1429,540,YLR029C
Complex_87,9,0.9275,0.1429,843,YPL131W
Complex_88,7,0.9265,0.7,183,YDR301W
Complex_88,7,0.9265,0.7,485,YJR093C
Complex_88,7,0.9265,0.7,517,YKR002W
Complex_88,7,0.9265,0.7,497,YKL018W
Complex_88,7,0.9265,0.7,346,YGR156W
Complex_88,7,0.9265,0.7,575,YLR277C
Complex_88,7,0.9265,0.7,643,YMR061W
Complex_89,8,0.926,0.059,775,YOR063W
Complex_89,8,0.926,0.059,761,YOL127W
Complex_89,8,0.926,0.059,538,YLL045C
Complex_89,8,0.926,0.059,540,YLR029C
Complex_89,8,0.926,0.059,512,YKL172W
Complex_89,8,0.926,0.059,837,YPL093W
Complex_89,8,0.926,0.059,529,YKR081C
Complex_89,8,0.926,0.059,295,YGL103W
Complex_90,11,0.9258,0.2424,775,YOR063W
Complex_90,11,0.9258,0.2424,142,YDR060W
Complex_90,11,0.9258,0.2424,670,YMR290C
Complex_90,11,0.9258,0.2424,796,YOR206W
Complex_90,11,0.9258,0.2424,755,YOL077C
Complex_90,11,0.9258,0.2424,98,YDL014W
Complex_90,11,0.9258,0.2424,843,YPL131W
Complex_90,11,0.9258,0.2424,215,YDR496C
Complex_90,11,0.9258,0.2424,538,YLL045C
Complex_90,11,0.9258,0.2424,683,YNL061W
Complex_90,11,0.9258,0.2424,533,YLL008W
Complex_91,8,0.9258,0.0849,775,YOR063W
Complex_91,8,0.9258,0.0849,761,YOL127W
Complex_91,8,0.9258,0.0849,538,YLL045C
Complex_91,8,0.9258,0.0849,388,YHR052W
Complex_91,8,0.9258,0.0849,837,YPL093W
Complex_91,8,0.9258,0.0849,282,YGL030W
Complex_91,8,0.9258,0.0849,383,YHR010W
Complex_91,8,0.9258,0.0849,295,YGL103W
Complex_92,7,0.9256,0.1321,775,YOR063W
Complex_92,7,0.9256,0.1321,761,YOL127W
Complex_92,7,0.9256,0.1321,597,YLR406C
Complex_92,7,0.9256,0.1321,211,YDR471W
Complex_92,7,0.9256,0.1321,513,YKL180W
Complex_92,7,0.9256,0.1321,295,YGL103W
Complex_92,7,0.9256,0.1321,306,YGL147C
Complex_93,8,0.9248,0.1156,775,YOR063W
Complex_93,8,0.9248,0.1156,761,YOL127W
Complex_93,8,0.9248,0.1156,538,YLL045C
Complex_93,8,0.9248,0.1156,861,YPL249C-A
Complex_93,8,0.9248,0.1156,667,YMR242C
Complex_93,8,0.9248,0.1156,676,YNL002C
Complex_93,8,0.9248,0.1156,111,YDL075W
Complex_93,8,0.9248,0.1156,843,YPL131W
Complex_94,9,0.9235,0.0635,775,YOR063W
Complex_94,9,0.9235,0.0635,761,YOL127W
Complex_94,9,0.9235,0.0635,538,YLL045C
Complex_94,9,0.9235,0.0635,540,YLR029C
Complex_94,9,0.9235,0.0635,539,YLR002C
Complex_94,9,0.9235,0.0635,751,YOL041C
Complex_94,9,0.9235,0.0635,670,YMR290C
Complex_94,9,0.9235,0.0635,289,YGL076C
Complex_94,9,0.9235,0.0635,796,YOR206W
Complex_95,3,0.9231,0.75,62,YBR215W
Complex_95,3,0.9231,0.75,770,YOR038C
Complex_95,3,0.9231,0.75,491,YJR140C
Complex_96,9,0.9229,0.0755,775,YOR063W
Complex_96,9,0.9229,0.0755,761,YOL127W
Complex_96,9,0.9229,0.0755,538,YLL045C
Complex_96,9,0.9229,0.0755,540,YLR029C
Complex_96,9,0.9229,0.0755,338,YGR103W
Complex_96,9,0.9229,0.0755,837,YPL093W
Complex_96,9,0.9229,0.0755,113,YDL082W
Complex_96,9,0.9229,0.0755,755,YOL077C
Complex_96,9,0.9229,0.0755,282,YGL030W
Complex_97,9,0.9226,0.0755,775,YOR063W
Complex_97,9,0.9226,0.0755,761,YOL127W
Complex_97,9,0.9226,0.0755,538,YLL045C
Complex_97,9,0.9226,0.0755,540,YLR029C
Complex_97,9,0.9226,0.0755,667,YMR242C
Complex_97,9,0.9226,0.0755,627,YML073C
Complex_97,9,0.9226,0.0755,676,YNL002C
Complex_97,9,0.9226,0.0755,751,YOL041C
Complex_97,9,0.9226,0.0755,670,YMR290C
Complex_98,10,0.9226,0.0925,775,YOR063W
Complex_98,10,0.9226,0.0925,761,YOL127W
Complex_98,10,0.9226,0.0925,538,YLL045C
Complex_98,10,0.9226,0.0925,683,YNL061W
Complex_98,10,0.9226,0.0925,670,YMR290C
Complex_98,10,0.9226,0.0925,136,YDR012W
Complex_98,10,0.9226,0.0925,851,YPL198W
Complex_98,10,0.9226,0.0925,529,YKR081C
Complex_98,10,0.9226,0.0925,211,YDR471W
Complex_98,10,0.9226,0.0925,334,YGR085C
Complex_99,4,0.9224,0.0,14,YAR073W
Complex_99,4,0.9224,0.0,418,YHR216W
Complex_99,4,0.9224,0.0,620,YML056C
Complex_99,4,0.9224,0.0,604,YLR432W
Complex_100,8,0.922,0.1156,775,YOR063W
Complex_100,8,0.922,0.1156,761,YOL127W
Complex_100,8,0.922,0.1156,538,YLL045C
Complex_100,8,0.922,0.1156,383,YHR010W
Complex_100,8,0.922,0.1156,113,YDL082W
Complex_100,8,0.922,0.1156,295,YGL103W
Complex_100,8,0.922,0.1156,837,YPL093W
Complex_100,8,0.922,0.1156,851,YPL198W
Complex_101,14,0.921,0.1941,775,YOR063W
Complex_101,14,0.921,0.1941,761,YOL127W
Complex_101,14,0.921,0.1941,538,YLL045C
Complex_101,14,0.921,0.1941,540,YLR029C
Complex_101,14,0.921,0.1941,667,YMR242C
Complex_101,14,0.921,0.1941,627,YML073C
Complex_101,14,0.921,0.1941,211,YDR471W
Complex_101,14,0.921,0.1941,334,YGR085C
Complex_101,14,0.921,0.1941,837,YPL093W
Complex_101,14,0.921,0.1941,289,YGL076C
Complex_101,14,0.921,0.1941,113,YDL082W
Complex_101,14,0.921,0.1941,306,YGL147C
Complex_101,14,0.921,0.1941,851,YPL198W
Complex_101,14,0.921,0.1941,670,YMR290C
Complex_102,4,0.9201,1.0,45,YBR087W
Complex_102,4,0.9201,1.0,727,YNL290W
Complex_102,4,0.9201,1.0,758,YOL094C
Complex_102,4,0.9201,1.0,785,YOR144C
Complex_103,8,0.9198,0.1156,775,YOR063W
Complex_103,8,0.9198,0.1156,761,YOL127W
Complex_103,8,0.9198,0.1156,538,YLL045C
Complex_103,8,0.9198,0.1156,228,YER006W
Complex_103,8,0.9198,0.1156,111,YDL075W
Complex_103,8,0.9198,0.1156,851,YPL198W
Complex_103,8,0.9198,0.1156,334,YGR085C
Complex_103,8,0.9198,0.1156,843,YPL131W
Complex_104,6,0.9195,0.0786,775,YOR063W
Complex_104,6,0.9195,0.0786,51,YBR142W
Complex_104,6,0.9195,0.0786,538,YLL045C
Complex_104,6,0.9195,0.0786,861,YPL249C-A
Complex_104,6,0.9195,0.0786,334,YGR085C
Complex_104,6,0.9195,0.0786,843,YPL131W
Complex_105,7,0.9194,0.0674,775,YOR063W
Complex_105,7,0.9194,0.0674,761,YOL127W
Complex_105,7,0.9194,0.0674,694,YNL110C
Complex_105,7,0.9194,0.0674,111,YDL075W
Complex_105,7,0.9194,0.0674,282,YGL030W
Complex_105,7,0.9194,0.0674,113,YDL082W
Complex_105,7,0.9194,0.0674,338,YGR103W
Complex_106,5,0.919,0.0943,589,YLR344W
Complex_106,5,0.919,0.0943,274,YFR031C-A
Complex_106,5,0.919,0.0943,658,YMR194W
Complex_106,5,0.919,0.0943,211,YDR471W
Complex_106,5,0.919,0.0943,23,YBL027W
Complex_107,11,0.9187,0.1389,775,YOR063W
Complex_107,11,0.9187,0.1389,761,YOL127W
Complex_107,11,0.9187,0.1389,538,YLL045C
Complex_107,11,0.9187,0.1389,683,YNL061W
Complex_107,11,0.9187,0.1389,670,YMR290C
Complex_107,11,0.9187,0.1389,136,YDR012W
Complex_107,11,0.9187,0.1389,851,YPL198W
Complex_107,11,0.9187,0.1389,627,YML073C
Complex_107,11,0.9187,0.1389,211,YDR471W
Complex_107,11,0.9187,0.1389,857,YPL220W
Complex_107,11,0.9187,0.1389,334,YGR085C
Complex_108,7,0.9181,0.5714,280,YGL019W
Complex_108,7,0.9181,0.5714,421,YIL035C
Complex_108,7,0.9181,0.5714,774,YOR061W
Complex_108,7,0.9181,0.5714,782,YOR123C
Complex_108,7,0.9181,0.5714,316,YGL244W
Complex_108,7,0.9181,0.5714,765,YOL145C
Complex_108,7,0.9181,0.5714,600,YLR418C
Complex_109,10,0.918,0.1208,775,YOR063W
Complex_109,10,0.918,0.1208,761,YOL127W
Complex_109,10,0.918,0.1208,538,YLL045C
Complex_109,10,0.918,0.1208,540,YLR029C
Complex_109,10,0.918,0.1208,667,YMR242C
Complex_109,10,0.918,0.1208,755,YOL077C
Complex_109,10,0.918,0.1208,282,YGL030W
Complex_109,10,0.918,0.1208,211,YDR471W
Complex_109,10,0.918,0.1208,837,YPL093W
Complex_109,10,0.918,0.1208,113,YDL082W
Complex_110,10,0.9172,0.0667,775,YOR063W
Complex_110,10,0.9172,0.0667,142,YDR060W
Complex_110,10,0.9172,0.0667,670,YMR290C
Complex_110,10,0.9172,0.0667,51,YBR142W
Complex_110,10,0.9172,0.0667,215,YDR496C
Complex_110,10,0.9172,0.0667,538,YLL045C
Complex_110,10,0.9172,0.0667,98,YDL014W
Complex_110,10,0.9172,0.0667,843,YPL131W
Complex_110,10,0.9172,0.0667,683,YNL061W
Complex_110,10,0.9172,0.0667,533,YLL008W
Complex_111,8,0.9171,0.0714,775,YOR063W
Complex_111,8,0.9171,0.0714,761,YOL127W
Complex_111,8,0.9171,0.0714,694,YNL110C
Complex_111,8,0.9171,0.0714,837,YPL093W
Complex_111,8,0.9171,0.0714,113,YDL082W
Complex_111,8,0.9171,0.0714,338,YGR103W
Complex_111,8,0.9171,0.0714,755,YOL077C
Complex_111,8,0.9171,0.0714,282,YGL030W
Complex_112,10,0.9167,0.0472,775,YOR063W
Complex_112,10,0.9167,0.0472,761,YOL127W
Complex_112,10,0.9167,0.0472,538,YLL045C
Complex_112,10,0.9167,0.0472,683,YNL061W
Complex_112,10,0.9167,0.0472,670,YMR290C
Complex_112,10,0.9167,0.0472,751,YOL041C
Complex_112,10,0.9167,0.0472,851,YPL198W
Complex_112,10,0.9167,0.0472,755,YOL077C
Complex_112,10,0.9167,0.0472,539,YLR002C
Complex_112,10,0.9167,0.0472,843,YPL131W
Complex_113,8,0.9164,0.0377,775,YOR063W
Complex_113,8,0.9164,0.0377,761,YOL127W
Complex_113,8,0.9164,0.0377,694,YNL110C
Complex_113,8,0.9164,0.0377,837,YPL093W
Complex_113,8,0.9164,0.0377,113,YDL082W
Complex_113,8,0.9164,0.0377,211,YDR471W
Complex_113,8,0.9164,0.0377,670,YMR290C
Complex_113,8,0.9164,0.0377,755,YOL077C
Complex_114,9,0.9164,0.1429,775,YOR063W
Complex_114,9,0.9164,0.1429,808,YOR272W
Complex_114,9,0.9164,0.1429,670,YMR290C
Complex_114,9,0.9164,0.1429,683,YNL061W
Complex_114,9,0.9164,0.1429,851,YPL198W
Complex_114,9,0.9164,0.1429,538,YLL045C
Complex_114,9,0.9164,0.1429,829,YPL043W
Complex_114,9,0.9164,0.1429,51,YBR142W
Complex_114,9,0.9164,0.1429,751,YOL041C
Complex_115,13,0.9163,0.209,775,YOR063W
Complex_115,13,0.9163,0.209,761,YOL127W
Complex_115,13,0.9163,0.209,538,YLL045C
Complex_115,13,0.9163,0.209,540,YLR029C
Complex_115,13,0.9163,0.209,760,YOL120C
Complex_115,13,0.9163,0.209,434,YIL133C
Complex_115,13,0.9163,0.209,685,YNL069C
Complex_115,13,0.9163,0.209,622,YML063W
Complex_115,13,0.9163,0.209,113,YDL082W
Complex_115,13,0.9163,0.209,627,YML073C
Complex_115,13,0.9163,0.209,289,YGL076C
Complex_115,13,0.9163,0.209,728,YNL301C
Complex_115,13,0.9163,0.209,274,YFR031C-A
Complex_116,17,0.9162,0.2175,279,YGL014W
Complex_116,17,0.9162,0.2175,274,YFR031C-A
Complex_116,17,0.9162,0.2175,658,YMR194W
Complex_116,17,0.9162,0.2175,295,YGL103W
Complex_116,17,0.9162,0.2175,463,YJL177W
Complex_116,17,0.9162,0.2175,23,YBL027W
Complex_116,17,0.9162,0.2175,610,YLR448W
Complex_116,17,0.9162,0.2175,237,YER074W
Complex_116,17,0.9162,0.2175,111,YDL075W
Complex_116,17,0.9162,0.2175,211,YDR471W
Complex_116,17,0.9162,0.2175,627,YML073C
Complex_116,17,0.9162,0.2175,761,YOL127W
Complex_116,17,0.9162,0.2175,577,YLR287C-A
Complex_116,17,0.9162,0.2175,667,YMR242C
Complex_116,17,0.9162,0.2175,59,YBR191W
Complex_116,17,0.9162,0.2175,113,YDL082W
Complex_116,17,0.9162,0.2175,375,YHL001W
Complex_117,20,0.9161,0.2726,775,YOR063W
Complex_117,20,0.9161,0.2726,761,YOL127W
Complex_117,20,0.9161,0.2726,283,YGL031C
Complex_117,20,0.9161,0.2726,513,YKL180W
Complex_117,20,0.9161,0.2726,282,YGL030W
Complex_117,20,0.9161,0.2726,295,YGL103W
Complex_117,20,0.9161,0.2726,685,YNL069C
Complex_117,20,0.9161,0.2726,334,YGR085C
Complex_117,20,0.9161,0.2726,211,YDR471W
Complex_117,20,0.9161,0.2726,622,YML063W
Complex_117,20,0.9161,0.2726,114,YDL083C
Complex_117,20,0.9161,0.2726,627,YML073C
Complex_117,20,0.9161,0.2726,546,YLR075W
Complex_117,20,0.9161,0.2726,83,YCR031C
Complex_117,20,0.9161,0.2726,667,YMR242C
Complex_117,20,0.9161,0.2726,861,YPL249C-A
Complex_117,20,0.9161,0.2726,463,YJL177W
Complex_117,20,0.9161,0.2726,113,YDL082W
Complex_117,20,0.9161,0.2726,274,YFR031C-A
Complex_117,20,0.9161,0.2726,289,YGL076C
Complex_118,11,0.9158,0.1169,775,YOR063W
Complex_118,11,0.9158,0.1169,761,YOL127W
Complex_118,11,0.9158,0.1169,538,YLL045C
Complex_118,11,0.9158,0.1169,388,YHR052W
Complex_118,11,0.9158,0.1169,751,YOL041C
Complex_118,11,0.9158,0.1169,676,YNL002C
Complex_118,11,0.9158,0.1169,796,YOR206W
Complex_118,11,0.9158,0.1169,755,YOL077C
Complex_118,11,0.9158,0.1169,670,YMR290C
Complex_118,11,0.9158,0.1169,843,YPL131W
Complex_118,11,0.9158,0.1169,667,YMR242C
Complex_119,8,0.9155,0.059,775,YOR063W
Complex_119,8,0.9155,0.059,761,YOL127W
Complex_119,8,0.9155,0.059,694,YNL110C
Complex_119,8,0.9155,0.059,837,YPL093W
Complex_119,8,0.9155,0.059,113,YDL082W
Complex_119,8,0.9155,0.059,211,YDR471W
Complex_119,8,0.9155,0.059,282,YGL030W
Complex_119,8,0.9155,0.059,755,YOL077C
Complex_120,3,0.9153,0.75,19,YBL008W
Complex_120,3,0.9153,0.75,770,YOR038C
Complex_120,3,0.9153,0.75,62,YBR215W
Complex_121,8,0.915,0.0377,775,YOR063W
Complex_121,8,0.915,0.0377,51,YBR142W
Complex_121,8,0.915,0.0377,538,YLL045C
Complex_121,8,0.915,0.0377,670,YMR290C
Complex_121,8,0.915,0.0377,851,YPL198W
Complex_121,8,0.915,0.0377,751,YOL041C
Complex_121,8,0.915,0.0377,627,YML073C
Complex_121,8,0.915,0.0377,683,YNL061W
Complex_122,8,0.9149,0.0833,775,YOR063W
Complex_122,8,0.9149,0.0833,142,YDR060W
Complex_122,8,0.9149,0.0833,670,YMR290C
Complex_122,8,0.9149,0.0833,51,YBR142W
Complex_122,8,0.9149,0.0833,215,YDR496C
Complex_122,8,0.9149,0.0833,538,YLL045C
Complex_122,8,0.9149,0.0833,289,YGL076C
Complex_122,8,0.9149,0.0833,540,YLR029C
Complex_123,10,0.9147,0.0679,775,YOR063W
Complex_123,10,0.9147,0.0679,761,YOL127W
Complex_123,10,0.9147,0.0679,538,YLL045C
Complex_123,10,0.9147,0.0679,540,YLR029C
Complex_123,10,0.9147,0.0679,667,YMR242C
Complex_123,10,0.9147,0.0679,796,YOR206W
Complex_123,10,0.9147,0.0679,289,YGL076C
Complex_123,10,0.9147,0.0679,837,YPL093W
Complex_123,10,0.9147,0.0679,670,YMR290C
Complex_123,10,0.9147,0.0679,215,YDR496C
Complex_124,26,0.9143,0.32,775,YOR063W
Complex_124,26,0.9143,0.32,761,YOL127W
Complex_124,26,0.9143,0.32,538,YLL045C
Complex_124,26,0.9143,0.32,861,YPL249C-A
Complex_124,26,0.9143,0.32,667,YMR242C
Complex_124,26,0.9143,0.32,334,YGR085C
Complex_124,26,0.9143,0.32,778,YOR096W
Complex_124,26,0.9143,0.32,434,YIL133C
Complex_124,26,0.9143,0.32,610,YLR448W
Complex_124,26,0.9143,0.32,111,YDL075W
Complex_124,26,0.9143,0.32,114,YDL083C
Complex_124,26,0.9143,0.32,513,YKL180W
Complex_124,26,0.9143,0.32,274,YFR031C-A
Complex_124,26,0.9143,0.32,295,YGL103W
Complex_124,26,0.9143,0.32,685,YNL069C
Complex_124,26,0.9143,0.32,237,YER074W
Complex_124,26,0.9143,0.32,622,YML063W
Complex_124,26,0.9143,0.32,463,YJL177W
Complex_124,26,0.9143,0.32,113,YDL082W
Complex_124,26,0.9143,0.32,83,YCR031C
Complex_124,26,0.9143,0.32,211,YDR471W
Complex_124,26,0.9143,0.32,627,YML073C
Complex_124,26,0.9143,0.32,306,YGL147C
Complex_124,26,0.9143,0.32,282,YGL030W
Complex_124,26,0.9143,0.32,375,YHL001W
Complex_124,26,0.9143,0.32,289,YGL076C
Complex_125,4,0.9142,0.0833,775,YOR063W
Complex_125,4,0.9142,0.0833,293,YGL099W
Complex_125,4,0.9142,0.0833,658,YMR194W
Complex_125,4,0.9142,0.0833,538,YLL045C
Complex_126,9,0.914,0.2963,775,YOR063W
Complex_126,9,0.914,0.2963,142,YDR060W
Complex_126,9,0.914,0.2963,670,YMR290C
Complex_126,9,0.914,0.2963,822,YPL012W
Complex_126,9,0.914,0.2963,755,YOL077C
Complex_126,9,0.914,0.2963,388,YHR052W
Complex_126,9,0.914,0.2963,215,YDR496C
Complex_126,9,0.914,0.2963,538,YLL045C
Complex_126,9,0.914,0.2963,829,YPL043W
Complex_127,4,0.9137,0.375,42,YBR079C
Complex_127,4,0.9137,0.375,653,YMR146C
Complex_127,4,0.9137,0.375,29,YBL072C
Complex_127,4,0.9137,0.375,820,YOR361C
Complex_128,7,0.9132,0.4286,201,YDR416W
Complex_128,7,0.9132,0.4286,257,YER172C
Complex_128,7,0.9132,0.4286,408,YHR165C
Complex_128,7,0.9132,0.4286,537,YLL036C
Complex_128,7,0.9132,0.4286,881,YPR101W
Complex_128,7,0.9132,0.4286,601,YLR424W
Complex_128,7,0.9132,0.4286,855,YPL213W
Complex_129,5,0.9126,0.0604,775,YOR063W
Complex_129,5,0.9126,0.0604,44,YBR084W
Complex_129,5,0.9126,0.0604,274,YFR031C-A
Complex_129,5,0.9126,0.0604,546,YLR075W
Complex_129,5,0.9126,0.0604,211,YDR471W
Complex_130,11,0.9121,0.1715,775,YOR063W
Complex_130,11,0.9121,0.1715,761,YOL127W
Complex_130,11,0.9121,0.1715,538,YLL045C
Complex_130,11,0.9121,0.1715,540,YLR029C
Complex_130,11,0.9121,0.1715,667,YMR242C
Complex_130,11,0.9121,0.1715,627,YML073C
Complex_130,11,0.9121,0.1715,211,YDR471W
Complex_130,11,0.9121,0.1715,215,YDR496C
Complex_130,11,0.9121,0.1715,282,YGL030W
Complex_130,11,0.9121,0.1715,37,YBR031W
Complex_130,11,0.9121,0.1715,434,YIL133C
Complex_131,9,0.9121,0.0524,775,YOR063W
Complex_131,9,0.9121,0.0524,761,YOL127W
Complex_131,9,0.9121,0.0524,538,YLL045C
Complex_131,9,0.9121,0.0524,540,YLR029C
Complex_131,9,0.9121,0.0524,512,YKL172W
Complex_131,9,0.9121,0.0524,837,YPL093W
Complex_131,9,0.9121,0.0524,113,YDL082W
Complex_131,9,0.9121,0.0524,755,YOL077C
Complex_131,9,0.9121,0.0524,670,YMR290C
Complex_132,25,0.912,0.3019,775,YOR063W
Complex_132,25,0.912,0.3019,761,YOL127W
Complex_132,25,0.912,0.3019,538,YLL045C
Complex_132,25,0.912,0.3019,652,YMR142C
Complex_132,25,0.912,0.3019,778,YOR096W
Complex_132,25,0.912,0.3019,274,YFR031C-A
Complex_132,25,0.912,0.3019,667,YMR242C
Complex_132,25,0.912,0.3019,546,YLR075W
Complex_132,25,0.912,0.3019,295,YGL103W
Complex_132,25,0.912,0.3019,685,YNL069C
Complex_132,25,0.912,0.3019,334,YGR085C
Complex_132,25,0.912,0.3019,463,YJL177W
Complex_132,25,0.912,0.3019,211,YDR471W
Complex_132,25,0.912,0.3019,610,YLR448W
Complex_132,25,0.912,0.3019,237,YER074W
Complex_132,25,0.912,0.3019,622,YML063W
Complex_132,25,0.912,0.3019,113,YDL082W
Complex_132,25,0.912,0.3019,627,YML073C
Complex_132,25,0.912,0.3019,513,YKL180W
Complex_132,25,0.912,0.3019,434,YIL133C
Complex_132,25,0.912,0.3019,289,YGL076C
Complex_132,25,0.912,0.3019,861,YPL249C-A
Complex_132,25,0.912,0.3019,114,YDL083C
Complex_132,25,0.912,0.3019,83,YCR031C
Complex_132,25,0.912,0.3019,728,YNL301C
Complex_133,20,0.9119,0.1594,587,YLR340W
Complex_133,20,0.9119,0.1594,334,YGR085C
Complex_133,20,0.9119,0.1594,622,YML063W
Complex_133,20,0.9119,0.1594,836,YPL090C
Complex_133,20,0.9119,0.1594,490,YJR123W
Complex_133,20,0.9119,0.1594,667,YMR242C
Complex_133,20,0.9119,0.1594,237,YER074W
Complex_133,20,0.9119,0.1594,627,YML073C
Complex_133,20,0.9119,0.1594,761,YOL127W
Complex_133,20,0.9119,0.1594,705,YNL178W
Complex_133,20,0.9119,0.1594,609,YLR441C
Complex_133,20,0.9119,0.1594,546,YLR075W
Complex_133,20,0.9119,0.1594,83,YCR031C
Complex_133,20,0.9119,0.1594,610,YLR448W
Complex_133,20,0.9119,0.1594,463,YJL177W
Complex_133,20,0.9119,0.1594,274,YFR031C-A
Complex_133,20,0.9119,0.1594,295,YGL103W
Complex_133,20,0.9119,0.1594,113,YDL082W
Complex_133,20,0.9119,0.1594,685,YNL069C
Complex_133,20,0.9119,0.1594,375,YHL001W
Complex_134,10,0.9118,0.0667,775,YOR063W
Complex_134,10,0.9118,0.0667,98,YDL014W
Complex_134,10,0.9118,0.0667,538,YLL045C
Complex_134,10,0.9118,0.0667,683,YNL061W
Complex_134,10,0.9118,0.0667,843,YPL131W
Complex_134,10,0.9118,0.0667,670,YMR290C
Complex_134,10,0.9118,0.0667,851,YPL198W
Complex_134,10,0.9118,0.0667,755,YOL077C
Complex_134,10,0.9118,0.0667,533,YLL008W
Complex_134,10,0.9118,0.0667,215,YDR496C
Complex_135,23,0.9117,0.3618,775,YOR063W
Complex_135,23,0.9117,0.3618,761,YOL127W
Complex_135,23,0.9117,0.3618,538,YLL045C
Complex_135,23,0.9117,0.3618,375,YHL001W
Complex_135,23,0.9117,0.3618,778,YOR096W
Complex_135,23,0.9117,0.3618,274,YFR031C-A
Complex_135,23,0.9117,0.3618,667,YMR242C
Complex_135,23,0.9117,0.3618,334,YGR085C
Complex_135,23,0.9117,0.3618,463,YJL177W
Complex_135,23,0.9117,0.3618,211,YDR471W
Complex_135,23,0.9117,0.3618,610,YLR448W
Complex_135,23,0.9117,0.3618,622,YML063W
Complex_135,23,0.9117,0.3618,627,YML073C
Complex_135,23,0.9117,0.3618,513,YKL180W
Complex_135,23,0.9117,0.3618,658,YMR194W
Complex_135,23,0.9117,0.3618,546,YLR075W
Complex_135,23,0.9117,0.3618,111,YDL075W
Complex_135,23,0.9117,0.3618,295,YGL103W
Complex_135,23,0.9117,0.3618,685,YNL069C
Complex_135,23,0.9117,0.3618,113,YDL082W
Complex_135,23,0.9117,0.3618,851,YPL198W
Complex_135,23,0.9117,0.3618,857,YPL220W
Complex_135,23,0.9117,0.3618,289,YGL076C
Complex_136,26,0.9117,0.3512,775,YOR063W
Complex_136,26,0.9117,0.3512,761,YOL127W
Complex_136,26,0.9117,0.3512,538,YLL045C
Complex_136,26,0.9117,0.3512,652,YMR142C
Complex_136,26,0.9117,0.3512,778,YOR096W
Complex_136,26,0.9117,0.3512,274,YFR031C-A
Complex_136,26,0.9117,0.3512,667,YMR242C
Complex_136,26,0.9117,0.3512,546,YLR075W
Complex_136,26,0.9117,0.3512,295,YGL103W
Complex_136,26,0.9117,0.3512,685,YNL069C
Complex_136,26,0.9117,0.3512,334,YGR085C
Complex_136,26,0.9117,0.3512,463,YJL177W
Complex_136,26,0.9117,0.3512,211,YDR471W
Complex_136,26,0.9117,0.3512,610,YLR448W
Complex_136,26,0.9117,0.3512,237,YER074W
Complex_136,26,0.9117,0.3512,622,YML063W
Complex_136,26,0.9117,0.3512,113,YDL082W
Complex_136,26,0.9117,0.3512,627,YML073C
Complex_136,26,0.9117,0.3512,513,YKL180W
Complex_136,26,0.9117,0.3512,434,YIL133C
Complex_136,26,0.9117,0.3512,289,YGL076C
Complex_136,26,0.9117,0.3512,658,YMR194W
Complex_136,26,0.9117,0.3512,705,YNL178W
Complex_136,26,0.9117,0.3512,851,YPL198W
Complex_136,26,0.9117,0.3512,381,YHL033C
Complex_136,26,0.9117,0.3512,375,YHL001W
Complex_137,8,0.9115,0.1156,775,YOR063W
Complex_137,8,0.9115,0.1156,761,YOL127W
Complex_137,8,0.9115,0.1156,538,YLL045C
Complex_137,8,0.9115,0.1156,540,YLR029C
Complex_137,8,0.9115,0.1156,667,YMR242C
Complex_137,8,0.9115,0.1156,843,YPL131W
Complex_137,8,0.9115,0.1156,676,YNL002C
Complex_137,8,0.9115,0.1156,111,YDL075W
Complex_138,11,0.9114,0.0617,775,YOR063W
Complex_138,11,0.9114,0.0617,761,YOL127W
Complex_138,11,0.9114,0.0617,538,YLL045C
Complex_138,11,0.9114,0.0617,540,YLR029C
Complex_138,11,0.9114,0.0617,529,YKR081C
Complex_138,11,0.9114,0.0617,670,YMR290C
Complex_138,11,0.9114,0.0617,837,YPL093W
Complex_138,11,0.9114,0.0617,211,YDR471W
Complex_138,11,0.9114,0.0617,755,YOL077C
Complex_138,11,0.9114,0.0617,851,YPL198W
Complex_138,11,0.9114,0.0617,215,YDR496C
Complex_139,4,0.9113,1.0,45,YBR087W
Complex_139,4,0.9113,1.0,727,YNL290W
Complex_139,4,0.9113,1.0,758,YOL094C
Complex_139,4,0.9113,1.0,799,YOR217W
Complex_140,14,0.9141,0.2278,513,YKL180W
Complex_140,14,0.9141,0.2278,775,YOR063W
Complex_140,14,0.9141,0.2278,778,YOR096W
Complex_140,14,0.9141,0.2278,202,YDR418W
Complex_140,14,0.9141,0.2278,274,YFR031C-A
Complex_140,14,0.9141,0.2278,658,YMR194W
Complex_140,14,0.9141,0.2278,282,YGL030W
Complex_140,14,0.9141,0.2278,538,YLL045C
Complex_140,14,0.9141,0.2278,861,YPL249C-A
Complex_140,14,0.9141,0.2278,295,YGL103W
Complex_140,14,0.9141,0.2278,685,YNL069C
Complex_140,14,0.9141,0.2278,113,YDL082W
Complex_140,14,0.9141,0.2278,761,YOL127W
Complex_140,14,0.9141,0.2278,383,YHR010W
Complex_141,25,0.911,0.3328,775,YOR063W
Complex_141,25,0.911,0.3328,761,YOL127W
Complex_141,25,0.911,0.3328,538,YLL045C
Complex_141,25,0.911,0.3328,375,YHL001W
Complex_141,25,0.911,0.3328,778,YOR096W
Complex_141,25,0.911,0.3328,274,YFR031C-A
Complex_141,25,0.911,0.3328,667,YMR242C
Complex_141,25,0.911,0.3328,334,YGR085C
Complex_141,25,0.911,0.3328,463,YJL177W
Complex_141,25,0.911,0.3328,211,YDR471W
Complex_141,25,0.911,0.3328,610,YLR448W
Complex_141,25,0.911,0.3328,622,YML063W
Complex_141,25,0.911,0.3328,627,YML073C
Complex_141,25,0.911,0.3328,513,YKL180W
Complex_141,25,0.911,0.3328,658,YMR194W
Complex_141,25,0.911,0.3328,306,YGL147C
Complex_141,25,0.911,0.3328,295,YGL103W
Complex_141,25,0.911,0.3328,237,YER074W
Complex_141,25,0.911,0.3328,113,YDL082W
Complex_141,25,0.911,0.3328,851,YPL198W
Complex_141,25,0.911,0.3328,468,YJL190C
Complex_141,25,0.911,0.3328,111,YDL075W
Complex_141,25,0.911,0.3328,685,YNL069C
Complex_141,25,0.911,0.3328,434,YIL133C
Complex_141,25,0.911,0.3328,289,YGL076C
Complex_142,12,0.9108,0.1274,775,YOR063W
Complex_142,12,0.9108,0.1274,761,YOL127W
Complex_142,12,0.9108,0.1274,538,YLL045C
Complex_142,12,0.9108,0.1274,540,YLR029C
Complex_142,12,0.9108,0.1274,667,YMR242C
Complex_142,12,0.9108,0.1274,627,YML073C
Complex_142,12,0.9108,0.1274,211,YDR471W
Complex_142,12,0.9108,0.1274,215,YDR496C
Complex_142,12,0.9108,0.1274,851,YPL198W
Complex_142,12,0.9108,0.1274,670,YMR290C
Complex_142,12,0.9108,0.1274,837,YPL093W
Complex_142,12,0.9108,0.1274,289,YGL076C
Complex_143,12,0.9107,0.1572,775,YOR063W
Complex_143,12,0.9107,0.1572,761,YOL127W
Complex_143,12,0.9107,0.1572,538,YLL045C
Complex_143,12,0.9107,0.1572,540,YLR029C
Complex_143,12,0.9107,0.1572,529,YKR081C
Complex_143,12,0.9107,0.1572,295,YGL103W
Complex_143,12,0.9107,0.1572,334,YGR085C
Complex_143,12,0.9107,0.1572,211,YDR471W
Complex_143,12,0.9107,0.1572,851,YPL198W
Complex_143,12,0.9107,0.1572,778,YOR096W
Complex_143,12,0.9107,0.1572,136,YDR012W
Complex_143,12,0.9107,0.1572,37,YBR031W
Complex_144,12,0.9107,0.1903,775,YOR063W
Complex_144,12,0.9107,0.1903,761,YOL127W
Complex_144,12,0.9107,0.1903,844,YPL143W
Complex_144,12,0.9107,0.1903,685,YNL069C
Complex_144,12,0.9107,0.1903,434,YIL133C
Complex_144,12,0.9107,0.1903,274,YFR031C-A
Complex_144,12,0.9107,0.1903,627,YML073C
Complex_144,12,0.9107,0.1903,513,YKL180W
Complex_144,12,0.9107,0.1903,83,YCR031C
Complex_144,12,0.9107,0.1903,652,YMR142C
Complex_144,12,0.9107,0.1903,861,YPL249C-A
Complex_144,12,0.9107,0.1903,334,YGR085C
Complex_145,8,0.9104,0.0849,775,YOR063W
Complex_145,8,0.9104,0.0849,761,YOL127W
Complex_145,8,0.9104,0.0849,552,YLR150W
Complex_145,8,0.9104,0.0849,334,YGR085C
Complex_145,8,0.9104,0.0849,211,YDR471W
Complex_145,8,0.9104,0.0849,627,YML073C
Complex_145,8,0.9104,0.0849,546,YLR075W
Complex_145,8,0.9104,0.0849,695,YNL112W
Complex_146,9,0.9098,0.0755,775,YOR063W
Complex_146,9,0.9098,0.0755,761,YOL127W
Complex_146,9,0.9098,0.0755,538,YLL045C
Complex_146,9,0.9098,0.0755,683,YNL061W
Complex_146,9,0.9098,0.0755,670,YMR290C
Complex_146,9,0.9098,0.0755,136,YDR012W
Complex_146,9,0.9098,0.0755,851,YPL198W
Complex_146,9,0.9098,0.0755,627,YML073C
Complex_146,9,0.9098,0.0755,751,YOL041C
Complex_147,22,0.9098,0.2779,775,YOR063W
Complex_147,22,0.9098,0.2779,761,YOL127W
Complex_147,22,0.9098,0.2779,538,YLL045C
Complex_147,22,0.9098,0.2779,375,YHL001W
Complex_147,22,0.9098,0.2779,778,YOR096W
Complex_147,22,0.9098,0.2779,274,YFR031C-A
Complex_147,22,0.9098,0.2779,667,YMR242C
Complex_147,22,0.9098,0.2779,334,YGR085C
Complex_147,22,0.9098,0.2779,463,YJL177W
Complex_147,22,0.9098,0.2779,211,YDR471W
Complex_147,22,0.9098,0.2779,610,YLR448W
Complex_147,22,0.9098,0.2779,622,YML063W
Complex_147,22,0.9098,0.2779,627,YML073C
Complex_147,22,0.9098,0.2779,836,YPL090C
Complex_147,22,0.9098,0.2779,546,YLR075W
Complex_147,22,0.9098,0.2779,111,YDL075W
Complex_147,22,0.9098,0.2779,295,YGL103W
Complex_147,22,0.9098,0.2779,237,YER074W
Complex_147,22,0.9098,0.2779,685,YNL069C
Complex_147,22,0.9098,0.2779,113,YDL082W
Complex_147,22,0.9098,0.2779,37,YBR031W
Complex_147,22,0.9098,0.2779,851,YPL198W
Complex_148,9,0.9097,0.1342,775,YOR063W
Complex_148,9,0.9097,0.1342,761,YOL127W
Complex_148,9,0.9097,0.1342,538,YLL045C
Complex_148,9,0.9097,0.1342,861,YPL249C-A
Complex_148,9,0.9097,0.1342,667,YMR242C
Complex_148,9,0.9097,0.1342,334,YGR085C
Complex_148,9,0.9097,0.1342,837,YPL093W
Complex_148,9,0.9097,0.1342,306,YGL147C
Complex_148,9,0.9097,0.1342,843,YPL131W
Complex_149,9,0.9091,0.0741,775,YOR063W
Complex_149,9,0.9091,0.0741,761,YOL127W
Complex_149,9,0.9091,0.0741,538,YLL045C
Complex_149,9,0.9091,0.0741,683,YNL061W
Complex_149,9,0.9091,0.0741,670,YMR290C
Complex_149,9,0.9091,0.0741,751,YOL041C
Complex_149,9,0.9091,0.0741,851,YPL198W
Complex_149,9,0.9091,0.0741,755,YOL077C
Complex_149,9,0.9091,0.0741,829,YPL043W
Complex_150,10,0.909,0.3,775,YOR063W
Complex_150,10,0.909,0.3,536,YLL034C
Complex_150,10,0.909,0.3,388,YHR052W
Complex_150,10,0.909,0.3,796,YOR206W
Complex_150,10,0.909,0.3,670,YMR290C
Complex_150,10,0.909,0.3,837,YPL093W
Complex_150,10,0.909,0.3,755,YOL077C
Complex_150,10,0.909,0.3,667,YMR242C
Complex_150,10,0.909,0.3,215,YDR496C
Complex_150,10,0.909,0.3,611,YLR449W
Complex_151,21,0.9088,0.23,587,YLR340W
Complex_151,21,0.9088,0.23,334,YGR085C
Complex_151,21,0.9088,0.23,622,YML063W
Complex_151,21,0.9088,0.23,513,YKL180W
Complex_151,21,0.9088,0.23,658,YMR194W
Complex_151,21,0.9088,0.23,490,YJR123W
Complex_151,21,0.9088,0.23,667,YMR242C
Complex_151,21,0.9088,0.23,627,YML073C
Complex_151,21,0.9088,0.23,761,YOL127W
Complex_151,21,0.9088,0.23,274,YFR031C-A
Complex_151,21,0.9088,0.23,463,YJL177W
Complex_151,21,0.9088,0.23,610,YLR448W
Complex_151,21,0.9088,0.23,295,YGL103W
Complex_151,21,0.9088,0.23,113,YDL082W
Complex_151,21,0.9088,0.23,685,YNL069C
Complex_151,21,0.9088,0.23,434,YIL133C
Complex_151,21,0.9088,0.23,237,YER074W
Complex_151,21,0.9088,0.23,136,YDR012W
Complex_151,21,0.9088,0.23,728,YNL301C
Complex_151,21,0.9088,0.23,705,YNL178W
Complex_151,21,0.9088,0.23,609,YLR441C
Complex_152,6,0.9087,0.0786,775,YOR063W
Complex_152,6,0.9087,0.0786,226,YEL054C
Complex_152,6,0.9087,0.0786,113,YDL082W
Complex_152,6,0.9087,0.0786,622,YML063W
Complex_152,6,0.9087,0.0786,282,YGL030W
Complex_152,6,0.9087,0.0786,861,YPL249C-A
Complex_153,11,0.9086,0.1098,775,YOR063W
Complex_153,11,0.9086,0.1098,761,YOL127W
Complex_153,11,0.9086,0.1098,538,YLL045C
Complex_153,11,0.9086,0.1098,540,YLR029C
Complex_153,11,0.9086,0.1098,529,YKR081C
Complex_153,11,0.9086,0.1098,670,YMR290C
Complex_153,11,0.9086,0.1098,778,YOR096W
Complex_153,11,0.9086,0.1098,334,YGR085C
Complex_153,11,0.9086,0.1098,851,YPL198W
Complex_153,11,0.9086,0.1098,289,YGL076C
Complex_153,11,0.9086,0.1098,211,YDR471W
Complex_154,27,0.9085,0.2523,775,YOR063W
Complex_154,27,0.9085,0.2523,761,YOL127W
Complex_154,27,0.9085,0.2523,538,YLL045C
Complex_154,27,0.9085,0.2523,609,YLR441C
Complex_154,27,0.9085,0.2523,778,YOR096W
Complex_154,27,0.9085,0.2523,667,YMR242C
Complex_154,27,0.9085,0.2523,334,YGR085C
Complex_154,27,0.9085,0.2523,211,YDR471W
Complex_154,27,0.9085,0.2523,622,YML063W
Complex_154,27,0.9085,0.2523,627,YML073C
Complex_154,27,0.9085,0.2523,274,YFR031C-A
Complex_154,27,0.9085,0.2523,295,YGL103W
Complex_154,27,0.9085,0.2523,113,YDL082W
Complex_154,27,0.9085,0.2523,685,YNL069C
Complex_154,27,0.9085,0.2523,463,YJL177W
Complex_154,27,0.9085,0.2523,610,YLR448W
Complex_154,27,0.9085,0.2523,513,YKL180W
Complex_154,27,0.9085,0.2523,658,YMR194W
Complex_154,27,0.9085,0.2523,546,YLR075W
Complex_154,27,0.9085,0.2523,434,YIL133C
Complex_154,27,0.9085,0.2523,490,YJR123W
Complex_154,27,0.9085,0.2523,114,YDL083C
Complex_154,27,0.9085,0.2523,83,YCR031C
Complex_154,27,0.9085,0.2523,237,YER074W
Complex_154,27,0.9085,0.2523,728,YNL301C
Complex_154,27,0.9085,0.2523,705,YNL178W
Complex_154,27,0.9085,0.2523,289,YGL076C
Complex_155,25,0.9083,0.3019,775,YOR063W
Complex_155,25,0.9083,0.3019,761,YOL127W
Complex_155,25,0.9083,0.3019,538,YLL045C
Complex_155,25,0.9083,0.3019,609,YLR441C
Complex_155,25,0.9083,0.3019,778,YOR096W
Complex_155,25,0.9083,0.3019,667,YMR242C
Complex_155,25,0.9083,0.3019,334,YGR085C
Complex_155,25,0.9083,0.3019,211,YDR471W
Complex_155,25,0.9083,0.3019,622,YML063W
Complex_155,25,0.9083,0.3019,627,YML073C
Complex_155,25,0.9083,0.3019,274,YFR031C-A
Complex_155,25,0.9083,0.3019,295,YGL103W
Complex_155,25,0.9083,0.3019,113,YDL082W
Complex_155,25,0.9083,0.3019,685,YNL069C
Complex_155,25,0.9083,0.3019,463,YJL177W
Complex_155,25,0.9083,0.3019,610,YLR448W
Complex_155,25,0.9083,0.3019,513,YKL180W
Complex_155,25,0.9083,0.3019,658,YMR194W
Complex_155,25,0.9083,0.3019,136,YDR012W
Complex_155,25,0.9083,0.3019,37,YBR031W
Complex_155,25,0.9083,0.3019,851,YPL198W
Complex_155,25,0.9083,0.3019,381,YHL033C
Complex_155,25,0.9083,0.3019,705,YNL178W
Complex_155,25,0.9083,0.3019,434,YIL133C
Complex_155,25,0.9083,0.3019,237,YER074W
Complex_156,10,0.9083,0.0925,775,YOR063W
Complex_156,10,0.9083,0.0925,51,YBR142W
Complex_156,10,0.9083,0.0925,538,YLL045C
Complex_156,10,0.9083,0.0925,670,YMR290C
Complex_156,10,0.9083,0.0925,851,YPL198W
Complex_156,10,0.9083,0.0925,334,YGR085C
Complex_156,10,0.9083,0.0925,492,YJR145C
Complex_156,10,0.9083,0.0925,540,YLR029C
Complex_156,10,0.9083,0.0925,627,YML073C
Complex_156,10,0.9083,0.0925,289,YGL076C
Complex_157,13,0.9082,0.209,775,YOR063W
Complex_157,13,0.9082,0.209,761,YOL127W
Complex_157,13,0.9082,0.209,538,YLL045C
Complex_157,13,0.9082,0.209,383,YHR010W
Complex_157,13,0.9082,0.209,113,YDL082W
Complex_157,13,0.9082,0.209,295,YGL103W
Complex_157,13,0.9082,0.209,778,YOR096W
Complex_157,13,0.9082,0.209,685,YNL069C
Complex_157,13,0.9082,0.209,274,YFR031C-A
Complex_157,13,0.9082,0.209,513,YKL180W
Complex_157,13,0.9082,0.209,202,YDR418W
Complex_157,13,0.9082,0.209,282,YGL030W
Complex_157,13,0.9082,0.209,861,YPL249C-A
Complex_158,13,0.9077,0.0769,775,YOR063W
Complex_158,13,0.9077,0.0769,761,YOL127W
Complex_158,13,0.9077,0.0769,538,YLL045C
Complex_158,13,0.9077,0.0769,540,YLR029C
Complex_158,13,0.9077,0.0769,100,YDL031W
Complex_158,13,0.9077,0.0769,837,YPL093W
Complex_158,13,0.9077,0.0769,843,YPL131W
Complex_158,13,0.9077,0.0769,529,YKR081C
Complex_158,13,0.9077,0.0769,755,YOL077C
Complex_158,13,0.9077,0.0769,539,YLR002C
Complex_158,13,0.9077,0.0769,670,YMR290C
Complex_158,13,0.9077,0.0769,851,YPL198W
Complex_158,13,0.9077,0.0769,215,YDR496C
Complex_159,17,0.9076,0.1876,279,YGL014W
Complex_159,17,0.9076,0.1876,274,YFR031C-A
Complex_159,17,0.9076,0.1876,658,YMR194W
Complex_159,17,0.9076,0.1876,295,YGL103W
Complex_159,17,0.9076,0.1876,463,YJL177W
Complex_159,17,0.9076,0.1876,23,YBL027W
Complex_159,17,0.9076,0.1876,610,YLR448W
Complex_159,17,0.9076,0.1876,237,YER074W
Complex_159,17,0.9076,0.1876,111,YDL075W
Complex_159,17,0.9076,0.1876,211,YDR471W
Complex_159,17,0.9076,0.1876,627,YML073C
Complex_159,17,0.9076,0.1876,761,YOL127W
Complex_159,17,0.9076,0.1876,577,YLR287C-A
Complex_159,17,0.9076,0.1876,33,YBL092W
Complex_159,17,0.9076,0.1876,59,YBR191W
Complex_159,17,0.9076,0.1876,113,YDL082W
Complex_159,17,0.9076,0.1876,691,YNL096C
Complex_160,25,0.9075,0.2181,775,YOR063W
Complex_160,25,0.9075,0.2181,761,YOL127W
Complex_160,25,0.9075,0.2181,538,YLL045C
Complex_160,25,0.9075,0.2181,609,YLR441C
Complex_160,25,0.9075,0.2181,778,YOR096W
Complex_160,25,0.9075,0.2181,667,YMR242C
Complex_160,25,0.9075,0.2181,334,YGR085C
Complex_160,25,0.9075,0.2181,211,YDR471W
Complex_160,25,0.9075,0.2181,622,YML063W
Complex_160,25,0.9075,0.2181,627,YML073C
Complex_160,25,0.9075,0.2181,274,YFR031C-A
Complex_160,25,0.9075,0.2181,295,YGL103W
Complex_160,25,0.9075,0.2181,113,YDL082W
Complex_160,25,0.9075,0.2181,685,YNL069C
Complex_160,25,0.9075,0.2181,463,YJL177W
Complex_160,25,0.9075,0.2181,610,YLR448W
Complex_160,25,0.9075,0.2181,836,YPL090C
Complex_160,25,0.9075,0.2181,705,YNL178W
Complex_160,25,0.9075,0.2181,237,YER074W
Complex_160,25,0.9075,0.2181,546,YLR075W
Complex_160,25,0.9075,0.2181,37,YBR031W
Complex_160,25,0.9075,0.2181,490,YJR123W
Complex_160,25,0.9075,0.2181,83,YCR031C
Complex_160,25,0.9075,0.2181,23,YBL027W
Complex_160,25,0.9075,0.2181,728,YNL301C
Complex_161,9,0.9073,0.1342,775,YOR063W
Complex_161,9,0.9073,0.1342,761,YOL127W
Complex_161,9,0.9073,0.1342,538,YLL045C
Complex_161,9,0.9073,0.1342,540,YLR029C
Complex_161,9,0.9073,0.1342,667,YMR242C
Complex_161,9,0.9073,0.1342,796,YOR206W
Complex_161,9,0.9073,0.1342,289,YGL076C
Complex_161,9,0.9073,0.1342,434,YIL133C
Complex_161,9,0.9073,0.1342,728,YNL301C
Complex_162,21,0.9072,0.2597,587,YLR340W
Complex_162,21,0.9072,0.2597,334,YGR085C
Complex_162,21,0.9072,0.2597,622,YML063W
Complex_162,21,0.9072,0.2597,513,YKL180W
Complex_162,21,0.9072,0.2597,861,YPL249C-A
Complex_162,21,0.9072,0.2597,274,YFR031C-A
Complex_162,21,0.9072,0.2597,667,YMR242C
Complex_162,21,0.9072,0.2597,610,YLR448W
Complex_162,21,0.9072,0.2597,295,YGL103W
Complex_162,21,0.9072,0.2597,685,YNL069C
Complex_162,21,0.9072,0.2597,463,YJL177W
Complex_162,21,0.9072,0.2597,111,YDL075W
Complex_162,21,0.9072,0.2597,113,YDL082W
Complex_162,21,0.9072,0.2597,434,YIL133C
Complex_162,21,0.9072,0.2597,83,YCR031C
Complex_162,21,0.9072,0.2597,114,YDL083C
Complex_162,21,0.9072,0.2597,627,YML073C
Complex_162,21,0.9072,0.2597,761,YOL127W
Complex_162,21,0.9072,0.2597,306,YGL147C
Complex_162,21,0.9072,0.2597,375,YHL001W
Complex_162,21,0.9072,0.2597,237,YER074W
Complex_163,26,0.9071,0.262,775,YOR063W
Complex_163,26,0.9071,0.262,761,YOL127W
Complex_163,26,0.9071,0.262,538,YLL045C
Complex_163,26,0.9071,0.262,609,YLR441C
Complex_163,26,0.9071,0.262,778,YOR096W
Complex_163,26,0.9071,0.262,667,YMR242C
Complex_163,26,0.9071,0.262,334,YGR085C
Complex_163,26,0.9071,0.262,211,YDR471W
Complex_163,26,0.9071,0.262,622,YML063W
Complex_163,26,0.9071,0.262,627,YML073C
Complex_163,26,0.9071,0.262,274,YFR031C-A
Complex_163,26,0.9071,0.262,295,YGL103W
Complex_163,26,0.9071,0.262,113,YDL082W
Complex_163,26,0.9071,0.262,29,YBL072C
Complex_163,26,0.9071,0.262,705,YNL178W
Complex_163,26,0.9071,0.262,546,YLR075W
Complex_163,26,0.9071,0.262,610,YLR448W
Complex_163,26,0.9071,0.262,463,YJL177W
Complex_163,26,0.9071,0.262,375,YHL001W
Complex_163,26,0.9071,0.262,513,YKL180W
Complex_163,26,0.9071,0.262,658,YMR194W
Complex_163,26,0.9071,0.262,468,YJL190C
Complex_163,26,0.9071,0.262,851,YPL198W
Complex_163,26,0.9071,0.262,237,YER074W
Complex_163,26,0.9071,0.262,381,YHL033C
Complex_163,26,0.9071,0.262,289,YGL076C
Complex_164,25,0.907,0.3653,775,YOR063W
Complex_164,25,0.907,0.3653,761,YOL127W
Complex_164,25,0.907,0.3653,538,YLL045C
Complex_164,25,0.907,0.3653,540,YLR029C
Complex_164,25,0.907,0.3653,667,YMR242C
Complex_164,25,0.907,0.3653,627,YML073C
Complex_164,25,0.907,0.3653,211,YDR471W
Complex_164,25,0.907,0.3653,334,YGR085C
Complex_164,25,0.907,0.3653,778,YOR096W
Complex_164,25,0.907,0.3653,622,YML063W
Complex_164,25,0.907,0.3653,685,YNL069C
Complex_164,25,0.907,0.3653,274,YFR031C-A
Complex_164,25,0.907,0.3653,295,YGL103W
Complex_164,25,0.907,0.3653,113,YDL082W
Complex_164,25,0.907,0.3653,463,YJL177W
Complex_164,25,0.907,0.3653,610,YLR448W
Complex_164,25,0.907,0.3653,513,YKL180W
Complex_164,25,0.907,0.3653,658,YMR194W
Complex_164,25,0.907,0.3653,434,YIL133C
Complex_164,25,0.907,0.3653,237,YER074W
Complex_164,25,0.907,0.3653,851,YPL198W
Complex_164,25,0.907,0.3653,111,YDL075W
Complex_164,25,0.907,0.3653,306,YGL147C
Complex_164,25,0.907,0.3653,136,YDR012W
Complex_164,25,0.907,0.3653,37,YBR031W
Complex_165,24,0.9066,0.2272,775,YOR063W
Complex_165,24,0.9066,0.2272,761,YOL127W
Complex_165,24,0.9066,0.2272,691,YNL096C
Complex_165,24,0.9066,0.2272,667,YMR242C
Complex_165,24,0.9066,0.2272,211,YDR471W
Complex_165,24,0.9066,0.2272,490,YJR123W
Complex_165,24,0.9066,0.2272,237,YER074W
Complex_165,24,0.9066,0.2272,627,YML073C
Complex_165,24,0.9066,0.2272,513,YKL180W
Complex_165,24,0.9066,0.2272,658,YMR194W
Complex_165,24,0.9066,0.2272,114,YDL083C
Complex_165,24,0.9066,0.2272,274,YFR031C-A
Complex_165,24,0.9066,0.2272,463,YJL177W
Complex_165,24,0.9066,0.2272,610,YLR448W
Complex_165,24,0.9066,0.2272,295,YGL103W
Complex_165,24,0.9066,0.2272,685,YNL069C
Complex_165,24,0.9066,0.2272,23,YBL027W
Complex_165,24,0.9066,0.2272,334,YGR085C
Complex_165,24,0.9066,0.2272,59,YBR191W
Complex_165,24,0.9066,0.2272,37,YBR031W
Complex_165,24,0.9066,0.2272,113,YDL082W
Complex_165,24,0.9066,0.2272,83,YCR031C
Complex_165,24,0.9066,0.2272,705,YNL178W
Complex_165,24,0.9066,0.2272,609,YLR441C
Complex_166,25,0.9058,0.3328,775,YOR063W
Complex_166,25,0.9058,0.3328,761,YOL127W
Complex_166,25,0.9058,0.3328,59,YBR191W
Complex_166,25,0.9058,0.3328,513,YKL180W
Complex_166,25,0.9058,0.3328,274,YFR031C-A
Complex_166,25,0.9058,0.3328,658,YMR194W
Complex_166,25,0.9058,0.3328,667,YMR242C
Complex_166,25,0.9058,0.3328,37,YBR031W
Complex_166,25,0.9058,0.3328,295,YGL103W
Complex_166,25,0.9058,0.3328,685,YNL069C
Complex_166,25,0.9058,0.3328,463,YJL177W
Complex_166,25,0.9058,0.3328,83,YCR031C
Complex_166,25,0.9058,0.3328,211,YDR471W
Complex_166,25,0.9058,0.3328,610,YLR448W
Complex_166,25,0.9058,0.3328,490,YJR123W
Complex_166,25,0.9058,0.3328,113,YDL082W
Complex_166,25,0.9058,0.3328,114,YDL083C
Complex_166,25,0.9058,0.3328,627,YML073C
Complex_166,25,0.9058,0.3328,375,YHL001W
Complex_166,25,0.9058,0.3328,237,YER074W
Complex_166,25,0.9058,0.3328,23,YBL027W
Complex_166,25,0.9058,0.3328,334,YGR085C
Complex_166,25,0.9058,0.3328,306,YGL147C
Complex_166,25,0.9058,0.3328,282,YGL030W
Complex_166,25,0.9058,0.3328,111,YDL075W
Complex_167,9,0.9057,0.1027,775,YOR063W
Complex_167,9,0.9057,0.1027,761,YOL127W
Complex_167,9,0.9057,0.1027,538,YLL045C
Complex_167,9,0.9057,0.1027,540,YLR029C
Complex_167,9,0.9057,0.1027,760,YOL120C
Complex_167,9,0.9057,0.1027,434,YIL133C
Complex_167,9,0.9057,0.1027,796,YOR206W
Complex_167,9,0.9057,0.1027,289,YGL076C
Complex_167,9,0.9057,0.1027,670,YMR290C
Complex_168,9,0.9056,0.1667,775,YOR063W
Complex_168,9,0.9056,0.1667,142,YDR060W
Complex_168,9,0.9056,0.1667,670,YMR290C
Complex_168,9,0.9056,0.1667,796,YOR206W
Complex_168,9,0.9056,0.1667,289,YGL076C
Complex_168,9,0.9056,0.1667,538,YLL045C
Complex_168,9,0.9056,0.1667,434,YIL133C
Complex_168,9,0.9056,0.1667,540,YLR029C
Complex_168,9,0.9056,0.1667,215,YDR496C
Complex_169,11,0.9053,0.1715,775,YOR063W
Complex_169,11,0.9053,0.1715,761,YOL127W
Complex_169,11,0.9053,0.1715,538,YLL045C
Complex_169,11,0.9053,0.1715,540,YLR029C
Complex_169,11,0.9053,0.1715,667,YMR242C
Complex_169,11,0.9053,0.1715,755,YOL077C
Complex_169,11,0.9053,0.1715,282,YGL030W
Complex_169,11,0.9053,0.1715,211,YDR471W
Complex_169,11,0.9053,0.1715,37,YBR031W
Complex_169,11,0.9053,0.1715,434,YIL133C
Complex_169,11,0.9053,0.1715,113,YDL082W
Complex_170,23,0.9053,0.2961,775,YOR063W
Complex_170,23,0.9053,0.2961,761,YOL127W
Complex_170,23,0.9053,0.2961,33,YBL092W
Complex_170,23,0.9053,0.2961,513,YKL180W
Complex_170,23,0.9053,0.2961,274,YFR031C-A
Complex_170,23,0.9053,0.2961,658,YMR194W
Complex_170,23,0.9053,0.2961,23,YBL027W
Complex_170,23,0.9053,0.2961,295,YGL103W
Complex_170,23,0.9053,0.2961,685,YNL069C
Complex_170,23,0.9053,0.2961,463,YJL177W
Complex_170,23,0.9053,0.2961,211,YDR471W
Complex_170,23,0.9053,0.2961,610,YLR448W
Complex_170,23,0.9053,0.2961,490,YJR123W
Complex_170,23,0.9053,0.2961,237,YER074W
Complex_170,23,0.9053,0.2961,114,YDL083C
Complex_170,23,0.9053,0.2961,627,YML073C
Complex_170,23,0.9053,0.2961,334,YGR085C
Complex_170,23,0.9053,0.2961,59,YBR191W
Complex_170,23,0.9053,0.2961,37,YBR031W
Complex_170,23,0.9053,0.2961,113,YDL082W
Complex_170,23,0.9053,0.2961,609,YLR441C
Complex_170,23,0.9053,0.2961,282,YGL030W
Complex_170,23,0.9053,0.2961,375,YHL001W
Complex_171,20,0.9049,0.2123,587,YLR340W
Complex_171,20,0.9049,0.2123,334,YGR085C
Complex_171,20,0.9049,0.2123,622,YML063W
Complex_171,20,0.9049,0.2123,836,YPL090C
Complex_171,20,0.9049,0.2123,490,YJR123W
Complex_171,20,0.9049,0.2123,667,YMR242C
Complex_171,20,0.9049,0.2123,237,YER074W
Complex_171,20,0.9049,0.2123,627,YML073C
Complex_171,20,0.9049,0.2123,761,YOL127W
Complex_171,20,0.9049,0.2123,111,YDL075W
Complex_171,20,0.9049,0.2123,610,YLR448W
Complex_171,20,0.9049,0.2123,295,YGL103W
Complex_171,20,0.9049,0.2123,685,YNL069C
Complex_171,20,0.9049,0.2123,463,YJL177W
Complex_171,20,0.9049,0.2123,113,YDL082W
Complex_171,20,0.9049,0.2123,274,YFR031C-A
Complex_171,20,0.9049,0.2123,546,YLR075W
Complex_171,20,0.9049,0.2123,83,YCR031C
Complex_171,20,0.9049,0.2123,728,YNL301C
Complex_171,20,0.9049,0.2123,540,YLR029C
Complex_172,23,0.9049,0.2658,775,YOR063W
Complex_172,23,0.9049,0.2658,761,YOL127W
Complex_172,23,0.9049,0.2658,538,YLL045C
Complex_172,23,0.9049,0.2658,540,YLR029C
Complex_172,23,0.9049,0.2658,667,YMR242C
Complex_172,23,0.9049,0.2658,627,YML073C
Complex_172,23,0.9049,0.2658,211,YDR471W
Complex_172,23,0.9049,0.2658,334,YGR085C
Complex_172,23,0.9049,0.2658,778,YOR096W
Complex_172,23,0.9049,0.2658,622,YML063W
Complex_172,23,0.9049,0.2658,685,YNL069C
Complex_172,23,0.9049,0.2658,274,YFR031C-A
Complex_172,23,0.9049,0.2658,295,YGL103W
Complex_172,23,0.9049,0.2658,113,YDL082W
Complex_172,23,0.9049,0.2658,463,YJL177W
Complex_172,23,0.9049,0.2658,610,YLR448W
Complex_172,23,0.9049,0.2658,836,YPL090C
Complex_172,23,0.9049,0.2658,237,YER074W
Complex_172,23,0.9049,0.2658,705,YNL178W
Complex_172,23,0.9049,0.2658,136,YDR012W
Complex_172,23,0.9049,0.2658,37,YBR031W
Complex_172,23,0.9049,0.2658,851,YPL198W
Complex_172,23,0.9049,0.2658,381,YHL033C
Complex_173,19,0.9048,0.1946,775,YOR063W
Complex_173,19,0.9048,0.1946,761,YOL127W
Complex_173,19,0.9048,0.1946,552,YLR150W
Complex_173,19,0.9048,0.1946,334,YGR085C
Complex_173,19,0.9048,0.1946,211,YDR471W
Complex_173,19,0.9048,0.1946,627,YML073C
Complex_173,19,0.9048,0.1946,546,YLR075W
Complex_173,19,0.9048,0.1946,610,YLR448W
Complex_173,19,0.9048,0.1946,778,YOR096W
Complex_173,19,0.9048,0.1946,622,YML063W
Complex_173,19,0.9048,0.1946,685,YNL069C
Complex_173,19,0.9048,0.1946,463,YJL177W
Complex_173,19,0.9048,0.1946,274,YFR031C-A
Complex_173,19,0.9048,0.1946,667,YMR242C
Complex_173,19,0.9048,0.1946,237,YER074W
Complex_173,19,0.9048,0.1946,83,YCR031C
Complex_173,19,0.9048,0.1946,282,YGL030W
Complex_173,19,0.9048,0.1946,861,YPL249C-A
Complex_173,19,0.9048,0.1946,23,YBL027W
Complex_174,7,0.9048,0.2143,662,YMR229C
Complex_174,7,0.9048,0.2143,670,YMR290C
Complex_174,7,0.9048,0.2143,388,YHR052W
Complex_174,7,0.9048,0.2143,142,YDR060W
Complex_174,7,0.9048,0.2143,822,YPL012W
Complex_174,7,0.9048,0.2143,755,YOL077C
Complex_174,7,0.9048,0.2143,215,YDR496C
Complex_175,24,0.9044,0.2272,775,YOR063W
Complex_175,24,0.9044,0.2272,761,YOL127W
Complex_175,24,0.9044,0.2272,538,YLL045C
Complex_175,24,0.9044,0.2272,652,YMR142C
Complex_175,24,0.9044,0.2272,778,YOR096W
Complex_175,24,0.9044,0.2272,274,YFR031C-A
Complex_175,24,0.9044,0.2272,667,YMR242C
Complex_175,24,0.9044,0.2272,546,YLR075W
Complex_175,24,0.9044,0.2272,295,YGL103W
Complex_175,24,0.9044,0.2272,685,YNL069C
Complex_175,24,0.9044,0.2272,334,YGR085C
Complex_175,24,0.9044,0.2272,463,YJL177W
Complex_175,24,0.9044,0.2272,211,YDR471W
Complex_175,24,0.9044,0.2272,610,YLR448W
Complex_175,24,0.9044,0.2272,237,YER074W
Complex_175,24,0.9044,0.2272,622,YML063W
Complex_175,24,0.9044,0.2272,113,YDL082W
Complex_175,24,0.9044,0.2272,627,YML073C
Complex_175,24,0.9044,0.2272,836,YPL090C
Complex_175,24,0.9044,0.2272,705,YNL178W
Complex_175,24,0.9044,0.2272,490,YJR123W
Complex_175,24,0.9044,0.2272,83,YCR031C
Complex_175,24,0.9044,0.2272,381,YHL033C
Complex_175,24,0.9044,0.2272,375,YHL001W
Complex_176,26,0.9043,0.32,775,YOR063W
Complex_176,26,0.9043,0.32,761,YOL127W
Complex_176,26,0.9043,0.32,538,YLL045C
Complex_176,26,0.9043,0.32,540,YLR029C
Complex_176,26,0.9043,0.32,667,YMR242C
Complex_176,26,0.9043,0.32,627,YML073C
Complex_176,26,0.9043,0.32,211,YDR471W
Complex_176,26,0.9043,0.32,334,YGR085C
Complex_176,26,0.9043,0.32,778,YOR096W
Complex_176,26,0.9043,0.32,622,YML063W
Complex_176,26,0.9043,0.32,685,YNL069C
Complex_176,26,0.9043,0.32,274,YFR031C-A
Complex_176,26,0.9043,0.32,295,YGL103W
Complex_176,26,0.9043,0.32,113,YDL082W
Complex_176,26,0.9043,0.32,463,YJL177W
Complex_176,26,0.9043,0.32,610,YLR448W
Complex_176,26,0.9043,0.32,513,YKL180W
Complex_176,26,0.9043,0.32,658,YMR194W
Complex_176,26,0.9043,0.32,434,YIL133C
Complex_176,26,0.9043,0.32,237,YER074W
Complex_176,26,0.9043,0.32,490,YJR123W
Complex_176,26,0.9043,0.32,136,YDR012W
Complex_176,26,0.9043,0.32,37,YBR031W
Complex_176,26,0.9043,0.32,23,YBL027W
Complex_176,26,0.9043,0.32,705,YNL178W
Complex_176,26,0.9043,0.32,728,YNL301C
Complex_177,19,0.9042,0.1946,587,YLR340W
Complex_177,19,0.9042,0.1946,334,YGR085C
Complex_177,19,0.9042,0.1946,622,YML063W
Complex_177,19,0.9042,0.1946,836,YPL090C
Complex_177,19,0.9042,0.1946,490,YJR123W
Complex_177,19,0.9042,0.1946,667,YMR242C
Complex_177,19,0.9042,0.1946,237,YER074W
Complex_177,19,0.9042,0.1946,627,YML073C
Complex_177,19,0.9042,0.1946,761,YOL127W
Complex_177,19,0.9042,0.1946,705,YNL178W
Complex_177,19,0.9042,0.1946,540,YLR029C
Complex_177,19,0.9042,0.1946,136,YDR012W
Complex_177,19,0.9042,0.1946,610,YLR448W
Complex_177,19,0.9042,0.1946,685,YNL069C
Complex_177,19,0.9042,0.1946,463,YJL177W
Complex_177,19,0.9042,0.1946,274,YFR031C-A
Complex_177,19,0.9042,0.1946,728,YNL301C
Complex_177,19,0.9042,0.1946,113,YDL082W
Complex_177,19,0.9042,0.1946,295,YGL103W
Complex_178,12,0.9041,0.1903,775,YOR063W
Complex_178,12,0.9041,0.1903,761,YOL127W
Complex_178,12,0.9041,0.1903,538,YLL045C
Complex_178,12,0.9041,0.1903,383,YHR010W
Complex_178,12,0.9041,0.1903,113,YDL082W
Complex_178,12,0.9041,0.1903,295,YGL103W
Complex_178,12,0.9041,0.1903,778,YOR096W
Complex_178,12,0.9041,0.1903,685,YNL069C
Complex_178,12,0.9041,0.1903,274,YFR031C-A
Complex_178,12,0.9041,0.1903,513,YKL180W
Complex_178,12,0.9041,0.1903,851,YPL198W
Complex_178,12,0.9041,0.1903,658,YMR194W
Complex_179,24,0.9039,0.3467,775,YOR063W
Complex_179,24,0.9039,0.3467,761,YOL127W
Complex_179,24,0.9039,0.3467,538,YLL045C
Complex_179,24,0.9039,0.3467,540,YLR029C
Complex_179,24,0.9039,0.3467,667,YMR242C
Complex_179,24,0.9039,0.3467,627,YML073C
Complex_179,24,0.9039,0.3467,211,YDR471W
Complex_179,24,0.9039,0.3467,334,YGR085C
Complex_179,24,0.9039,0.3467,778,YOR096W
Complex_179,24,0.9039,0.3467,622,YML063W
Complex_179,24,0.9039,0.3467,685,YNL069C
Complex_179,24,0.9039,0.3467,274,YFR031C-A
Complex_179,24,0.9039,0.3467,295,YGL103W
Complex_179,24,0.9039,0.3467,113,YDL082W
Complex_179,24,0.9039,0.3467,463,YJL177W
Complex_179,24,0.9039,0.3467,610,YLR448W
Complex_179,24,0.9039,0.3467,513,YKL180W
Complex_179,24,0.9039,0.3467,658,YMR194W
Complex_179,24,0.9039,0.3467,857,YPL220W
Complex_179,24,0.9039,0.3467,546,YLR075W
Complex_179,24,0.9039,0.3467,490,YJR123W
Complex_179,24,0.9039,0.3467,282,YGL030W
Complex_179,24,0.9039,0.3467,381,YHL033C
Complex_179,24,0.9039,0.3467,289,YGL076C
Complex_180,7,0.9036,0.0952,775,YOR063W
Complex_180,7,0.9036,0.0952,822,YPL012W
Complex_180,7,0.9036,0.0952,538,YLL045C
Complex_180,7,0.9036,0.0952,670,YMR290C
Complex_180,7,0.9036,0.0952,37,YBR031W
Complex_180,7,0.9036,0.0952,755,YOL077C
Complex_180,7,0.9036,0.0952,215,YDR496C
Complex_181,21,0.9035,0.2911,587,YLR340W
Complex_181,21,0.9035,0.2911,334,YGR085C
Complex_181,21,0.9035,0.2911,622,YML063W
Complex_181,21,0.9035,0.2911,513,YKL180W
Complex_181,21,0.9035,0.2911,658,YMR194W
Complex_181,21,0.9035,0.2911,490,YJR123W
Complex_181,21,0.9035,0.2911,667,YMR242C
Complex_181,21,0.9035,0.2911,627,YML073C
Complex_181,21,0.9035,0.2911,761,YOL127W
Complex_181,21,0.9035,0.2911,274,YFR031C-A
Complex_181,21,0.9035,0.2911,463,YJL177W
Complex_181,21,0.9035,0.2911,610,YLR448W
Complex_181,21,0.9035,0.2911,295,YGL103W
Complex_181,21,0.9035,0.2911,113,YDL082W
Complex_181,21,0.9035,0.2911,685,YNL069C
Complex_181,21,0.9035,0.2911,434,YIL133C
Complex_181,21,0.9035,0.2911,237,YER074W
Complex_181,21,0.9035,0.2911,136,YDR012W
Complex_181,21,0.9035,0.2911,306,YGL147C
Complex_181,21,0.9035,0.2911,540,YLR029C
Complex_181,21,0.9035,0.2911,111,YDL075W
Complex_182,25,0.9028,0.2181,775,YOR063W
Complex_182,25,0.9028,0.2181,761,YOL127W
Complex_182,25,0.9028,0.2181,577,YLR287C-A
Complex_182,25,0.9028,0.2181,513,YKL180W
Complex_182,25,0.9028,0.2181,274,YFR031C-A
Complex_182,25,0.9028,0.2181,658,YMR194W
Complex_182,25,0.9028,0.2181,667,YMR242C
Complex_182,25,0.9028,0.2181,463,YJL177W
Complex_182,25,0.9028,0.2181,211,YDR471W
Complex_182,25,0.9028,0.2181,610,YLR448W
Complex_182,25,0.9028,0.2181,490,YJR123W
Complex_182,25,0.9028,0.2181,237,YER074W
Complex_182,25,0.9028,0.2181,622,YML063W
Complex_182,25,0.9028,0.2181,114,YDL083C
Complex_182,25,0.9028,0.2181,627,YML073C
Complex_182,25,0.9028,0.2181,37,YBR031W
Complex_182,25,0.9028,0.2181,546,YLR075W
Complex_182,25,0.9028,0.2181,83,YCR031C
Complex_182,25,0.9028,0.2181,295,YGL103W
Complex_182,25,0.9028,0.2181,113,YDL082W
Complex_182,25,0.9028,0.2181,685,YNL069C
Complex_182,25,0.9028,0.2181,23,YBL027W
Complex_182,25,0.9028,0.2181,705,YNL178W
Complex_182,25,0.9028,0.2181,375,YHL001W
Complex_182,25,0.9028,0.2181,609,YLR441C
Complex_183,8,0.9022,0.0714,775,YOR063W
Complex_183,8,0.9022,0.0714,808,YOR272W
Complex_183,8,0.9022,0.0714,670,YMR290C
Complex_183,8,0.9022,0.0714,113,YDL082W
Complex_183,8,0.9022,0.0714,755,YOL077C
Complex_183,8,0.9022,0.0714,751,YOL041C
Complex_183,8,0.9022,0.0714,538,YLL045C
Complex_183,8,0.9022,0.0714,851,YPL198W
Complex_184,23,0.9021,0.2658,775,YOR063W
Complex_184,23,0.9021,0.2658,761,YOL127W
Complex_184,23,0.9021,0.2658,283,YGL031C
Complex_184,23,0.9021,0.2658,513,YKL180W
Complex_184,23,0.9021,0.2658,282,YGL030W
Complex_184,23,0.9021,0.2658,295,YGL103W
Complex_184,23,0.9021,0.2658,685,YNL069C
Complex_184,23,0.9021,0.2658,334,YGR085C
Complex_184,23,0.9021,0.2658,211,YDR471W
Complex_184,23,0.9021,0.2658,622,YML063W
Complex_184,23,0.9021,0.2658,114,YDL083C
Complex_184,23,0.9021,0.2658,627,YML073C
Complex_184,23,0.9021,0.2658,546,YLR075W
Complex_184,23,0.9021,0.2658,83,YCR031C
Complex_184,23,0.9021,0.2658,667,YMR242C
Complex_184,23,0.9021,0.2658,609,YLR441C
Complex_184,23,0.9021,0.2658,490,YJR123W
Complex_184,23,0.9021,0.2658,658,YMR194W
Complex_184,23,0.9021,0.2658,289,YGL076C
Complex_184,23,0.9021,0.2658,113,YDL082W
Complex_184,23,0.9021,0.2658,274,YFR031C-A
Complex_184,23,0.9021,0.2658,381,YHL033C
Complex_184,23,0.9021,0.2658,463,YJL177W
Complex_185,11,0.9021,0.1389,801,YOR234C
Complex_185,11,0.9021,0.1389,546,YLR075W
Complex_185,11,0.9021,0.1389,196,YDR382W
Complex_185,11,0.9021,0.1389,237,YER074W
Complex_185,11,0.9021,0.1389,334,YGR085C
Complex_185,11,0.9021,0.1389,111,YDL075W
Complex_185,11,0.9021,0.1389,463,YJL177W
Complex_185,11,0.9021,0.1389,627,YML073C
Complex_185,11,0.9021,0.1389,113,YDL082W
Complex_185,11,0.9021,0.1389,83,YCR031C
Complex_185,11,0.9021,0.1389,667,YMR242C
Complex_186,22,0.902,0.2779,587,YLR340W
Complex_186,22,0.902,0.2779,334,YGR085C
Complex_186,22,0.902,0.2779,622,YML063W
Complex_186,22,0.902,0.2779,513,YKL180W
Complex_186,22,0.902,0.2779,861,YPL249C-A
Complex_186,22,0.902,0.2779,274,YFR031C-A
Complex_186,22,0.902,0.2779,667,YMR242C
Complex_186,22,0.902,0.2779,610,YLR448W
Complex_186,22,0.902,0.2779,295,YGL103W
Complex_186,22,0.902,0.2779,685,YNL069C
Complex_186,22,0.902,0.2779,463,YJL177W
Complex_186,22,0.902,0.2779,111,YDL075W
Complex_186,22,0.902,0.2779,113,YDL082W
Complex_186,22,0.902,0.2779,434,YIL133C
Complex_186,22,0.902,0.2779,83,YCR031C
Complex_186,22,0.902,0.2779,114,YDL083C
Complex_186,22,0.902,0.2779,627,YML073C
Complex_186,22,0.902,0.2779,761,YOL127W
Complex_186,22,0.902,0.2779,546,YLR075W
Complex_186,22,0.902,0.2779,196,YDR382W
Complex_186,22,0.902,0.2779,237,YER074W
Complex_186,22,0.902,0.2779,728,YNL301C
Complex_187,26,0.902,0.3512,775,YOR063W
Complex_187,26,0.902,0.3512,761,YOL127W
Complex_187,26,0.902,0.3512,538,YLL045C
Complex_187,26,0.902,0.3512,609,YLR441C
Complex_187,26,0.902,0.3512,778,YOR096W
Complex_187,26,0.902,0.3512,667,YMR242C
Complex_187,26,0.902,0.3512,334,YGR085C
Complex_187,26,0.902,0.3512,211,YDR471W
Complex_187,26,0.902,0.3512,622,YML063W
Complex_187,26,0.902,0.3512,627,YML073C
Complex_187,26,0.902,0.3512,274,YFR031C-A
Complex_187,26,0.902,0.3512,295,YGL103W
Complex_187,26,0.902,0.3512,113,YDL082W
Complex_187,26,0.902,0.3512,685,YNL069C
Complex_187,26,0.902,0.3512,463,YJL177W
Complex_187,26,0.902,0.3512,610,YLR448W
Complex_187,26,0.902,0.3512,513,YKL180W
Complex_187,26,0.902,0.3512,658,YMR194W
Complex_187,26,0.902,0.3512,546,YLR075W
Complex_187,26,0.902,0.3512,857,YPL220W
Complex_187,26,0.902,0.3512,375,YHL001W
Complex_187,26,0.902,0.3512,202,YDR418W
Complex_187,26,0.902,0.3512,490,YJR123W
Complex_187,26,0.902,0.3512,282,YGL030W
Complex_187,26,0.902,0.3512,196,YDR382W
Complex_187,26,0.902,0.3512,289,YGL076C
Complex_188,3,0.9017,0.4444,16,YBL002W
Complex_188,3,0.9017,0.4444,17,YBL003C
Complex_188,3,0.9017,0.4444,315,YGL241W
Complex_189,24,0.9014,0.2272,775,YOR063W
Complex_189,24,0.9014,0.2272,761,YOL127W
Complex_189,24,0.9014,0.2272,538,YLL045C
Complex_189,24,0.9014,0.2272,609,YLR441C
Complex_189,24,0.9014,0.2272,778,YOR096W
Complex_189,24,0.9014,0.2272,667,YMR242C
Complex_189,24,0.9014,0.2272,334,YGR085C
Complex_189,24,0.9014,0.2272,211,YDR471W
Complex_189,24,0.9014,0.2272,622,YML063W
Complex_189,24,0.9014,0.2272,627,YML073C
Complex_189,24,0.9014,0.2272,274,YFR031C-A
Complex_189,24,0.9014,0.2272,295,YGL103W
Complex_189,24,0.9014,0.2272,113,YDL082W
Complex_189,24,0.9014,0.2272,29,YBL072C
Complex_189,24,0.9014,0.2272,705,YNL178W
Complex_189,24,0.9014,0.2272,546,YLR075W
Complex_189,24,0.9014,0.2272,610,YLR448W
Complex_189,24,0.9014,0.2272,463,YJL177W
Complex_189,24,0.9014,0.2272,375,YHL001W
Complex_189,24,0.9014,0.2272,836,YPL090C
Complex_189,24,0.9014,0.2272,237,YER074W
Complex_189,24,0.9014,0.2272,37,YBR031W
Complex_189,24,0.9014,0.2272,381,YHL033C
Complex_189,24,0.9014,0.2272,851,YPL198W
Complex_190,23,0.9014,0.2371,587,YLR340W
Complex_190,23,0.9014,0.2371,334,YGR085C
Complex_190,23,0.9014,0.2371,622,YML063W
Complex_190,23,0.9014,0.2371,513,YKL180W
Complex_190,23,0.9014,0.2371,658,YMR194W
Complex_190,23,0.9014,0.2371,490,YJR123W
Complex_190,23,0.9014,0.2371,667,YMR242C
Complex_190,23,0.9014,0.2371,627,YML073C
Complex_190,23,0.9014,0.2371,761,YOL127W
Complex_190,23,0.9014,0.2371,274,YFR031C-A
Complex_190,23,0.9014,0.2371,463,YJL177W
Complex_190,23,0.9014,0.2371,610,YLR448W
Complex_190,23,0.9014,0.2371,295,YGL103W
Complex_190,23,0.9014,0.2371,113,YDL082W
Complex_190,23,0.9014,0.2371,685,YNL069C
Complex_190,23,0.9014,0.2371,434,YIL133C
Complex_190,23,0.9014,0.2371,237,YER074W
Complex_190,23,0.9014,0.2371,83,YCR031C
Complex_190,23,0.9014,0.2371,114,YDL083C
Complex_190,23,0.9014,0.2371,546,YLR075W
Complex_190,23,0.9014,0.2371,705,YNL178W
Complex_190,23,0.9014,0.2371,540,YLR029C
Complex_190,23,0.9014,0.2371,728,YNL301C
Complex_191,22,0.9014,0.193,775,YOR063W
Complex_191,22,0.9014,0.193,761,YOL127W
Complex_191,22,0.9014,0.193,538,YLL045C
Complex_191,22,0.9014,0.193,609,YLR441C
Complex_191,22,0.9014,0.193,778,YOR096W
Complex_191,22,0.9014,0.193,667,YMR242C
Complex_191,22,0.9014,0.193,334,YGR085C
Complex_191,22,0.9014,0.193,211,YDR471W
Complex_191,22,0.9014,0.193,622,YML063W
Complex_191,22,0.9014,0.193,627,YML073C
Complex_191,22,0.9014,0.193,274,YFR031C-A
Complex_191,22,0.9014,0.193,295,YGL103W
Complex_191,22,0.9014,0.193,113,YDL082W
Complex_191,22,0.9014,0.193,685,YNL069C
Complex_191,22,0.9014,0.193,492,YJR145C
Complex_191,22,0.9014,0.193,705,YNL178W
Complex_191,22,0.9014,0.193,237,YER074W
Complex_191,22,0.9014,0.193,851,YPL198W
Complex_191,22,0.9014,0.193,434,YIL133C
Complex_191,22,0.9014,0.193,468,YJL190C
Complex_191,22,0.9014,0.193,381,YHL033C
Complex_191,22,0.9014,0.193,289,YGL076C
Complex_192,3,0.9009,0.3333,168,YDR228C
Complex_192,3,0.9009,0.3333,803,YOR250C
Complex_192,3,0.9009,0.3333,418,YHR216W
Complex_193,19,0.9004,0.143,587,YLR340W
Complex_193,19,0.9004,0.143,334,YGR085C
Complex_193,19,0.9004,0.143,622,YML063W
Complex_193,19,0.9004,0.143,836,YPL090C
Complex_193,19,0.9004,0.143,490,YJR123W
Complex_193,19,0.9004,0.143,667,YMR242C
Complex_193,19,0.9004,0.143,237,YER074W
Complex_193,19,0.9004,0.143,627,YML073C
Complex_193,19,0.9004,0.143,761,YOL127W
Complex_193,19,0.9004,0.143,705,YNL178W
Complex_193,19,0.9004,0.143,540,YLR029C
Complex_193,19,0.9004,0.143,546,YLR075W
Complex_193,19,0.9004,0.143,83,YCR031C
Complex_193,19,0.9004,0.143,610,YLR448W
Complex_193,19,0.9004,0.143,463,YJL177W
Complex_193,19,0.9004,0.143,274,YFR031C-A
Complex_193,19,0.9004,0.143,295,YGL103W
Complex_193,19,0.9004,0.143,113,YDL082W
Complex_193,19,0.9004,0.143,29,YBL072C
Complex_194,27,0.9003,0.3382,775,YOR063W
Complex_194,27,0.9003,0.3382,761,YOL127W
Complex_194,27,0.9003,0.3382,538,YLL045C
Complex_194,27,0.9003,0.3382,861,YPL249C-A
Complex_194,27,0.9003,0.3382,667,YMR242C
Complex_194,27,0.9003,0.3382,334,YGR085C
Complex_194,27,0.9003,0.3382,778,YOR096W
Complex_194,27,0.9003,0.3382,434,YIL133C
Complex_194,27,0.9003,0.3382,610,YLR448W
Complex_194,27,0.9003,0.3382,111,YDL075W
Complex_194,27,0.9003,0.3382,114,YDL083C
Complex_194,27,0.9003,0.3382,513,YKL180W
Complex_194,27,0.9003,0.3382,274,YFR031C-A
Complex_194,27,0.9003,0.3382,295,YGL103W
Complex_194,27,0.9003,0.3382,685,YNL069C
Complex_194,27,0.9003,0.3382,237,YER074W
Complex_194,27,0.9003,0.3382,622,YML063W
Complex_194,27,0.9003,0.3382,463,YJL177W
Complex_194,27,0.9003,0.3382,113,YDL082W
Complex_194,27,0.9003,0.3382,83,YCR031C
Complex_194,27,0.9003,0.3382,211,YDR471W
Complex_194,27,0.9003,0.3382,627,YML073C
Complex_194,27,0.9003,0.3382,546,YLR075W
Complex_194,27,0.9003,0.3382,196,YDR382W
Complex_194,27,0.9003,0.3382,23,YBL027W
Complex_194,27,0.9003,0.3382,37,YBR031W
Complex_194,27,0.9003,0.3382,728,YNL301C
Complex_195,25,0.901,0.3019,513,YKL180W
Complex_195,25,0.901,0.3019,775,YOR063W
Complex_195,25,0.901,0.3019,274,YFR031C-A
Complex_195,25,0.901,0.3019,658,YMR194W
Complex_195,25,0.901,0.3019,282,YGL030W
Complex_195,25,0.901,0.3019,667,YMR242C
Complex_195,25,0.901,0.3019,37,YBR031W
Complex_195,25,0.901,0.3019,295,YGL103W
Complex_195,25,0.901,0.3019,685,YNL069C
Complex_195,25,0.901,0.3019,59,YBR191W
Complex_195,25,0.901,0.3019,705,YNL178W
Complex_195,25,0.901,0.3019,202,YDR418W
Complex_195,25,0.901,0.3019,334,YGR085C
Complex_195,25,0.901,0.3019,463,YJL177W
Complex_195,25,0.901,0.3019,83,YCR031C
Complex_195,25,0.901,0.3019,211,YDR471W
Complex_195,25,0.901,0.3019,609,YLR441C
Complex_195,25,0.901,0.3019,610,YLR448W
Complex_195,25,0.901,0.3019,490,YJR123W
Complex_195,25,0.901,0.3019,113,YDL082W
Complex_195,25,0.901,0.3019,114,YDL083C
Complex_195,25,0.901,0.3019,627,YML073C
Complex_195,25,0.901,0.3019,375,YHL001W
Complex_195,25,0.901,0.3019,761,YOL127W
Complex_195,25,0.901,0.3019,381,YHL033C
