Complex_ID,Complex_Size,Complex_Score,Complex_Overlap_Score,Protein_ID,Protein_Name,CC_Enriched_Terms,CC_Min_Pvalue,CC_Significant,BP_Enriched_Terms,BP_Min_Pvalue,BP_Significant,MF_Enriched_Terms,MF_Min_Pvalue,MF_Significant,Total_Enriched_Terms,Overall_Min_Pvalue,Overall_Significant
Complex_1,5,0.9982,1.0,356,YGR200C,3,4.29e-14,True,12,4.95e-09,True,1,4.59e-05,True,16,4.29e-14,True
Complex_1,5,0.9982,1.0,594,YLR384C,3,4.29e-14,True,12,4.95e-09,True,1,4.59e-05,True,16,4.29e-14,True
Complex_1,5,0.9982,1.0,835,YPL086C,3,4.29e-14,True,12,4.95e-09,True,1,4.59e-05,True,16,4.29e-14,True
Complex_1,5,0.9982,1.0,675,YMR312W,3,4.29e-14,True,12,4.95e-09,True,1,4.59e-05,True,16,4.29e-14,True
Complex_1,5,0.9982,1.0,839,YPL101W,3,4.29e-14,True,12,4.95e-09,True,1,4.59e-05,True,16,4.29e-14,True
Complex_2,4,0.9976,1.0,253,YER157W,5,6.93e-10,True,24,1.97e-06,True,0,1.0,False,29,6.93e-10,True
Complex_2,4,0.9976,1.0,681,YNL041C,5,6.93e-10,True,24,1.97e-06,True,0,1.0,False,29,6.93e-10,True
Complex_2,4,0.9976,1.0,626,YML071C,5,6.93e-10,True,24,1.97e-06,True,0,1.0,False,29,6.93e-10,True
Complex_2,4,0.9976,1.0,342,YGR120C,5,6.93e-10,True,24,1.97e-06,True,0,1.0,False,29,6.93e-10,True
Complex_3,3,0.9944,1.0,268,YFR002W,3,2.96e-04,True,15,0.001583,True,1,1.71e-04,True,19,1.71e-04,True
Complex_3,3,0.9944,1.0,341,YGR119C,3,2.96e-04,True,15,0.001583,True,1,1.71e-04,True,19,1.71e-04,True
Complex_3,3,0.9944,1.0,310,YGL172W,3,2.96e-04,True,15,0.001583,True,1,1.71e-04,True,19,1.71e-04,True
Complex_4,11,0.993,1.0,713,YNL232W,11,4.31e-26,True,70,3.37e-27,True,4,5.15e-06,True,85,3.37e-27,True
Complex_4,11,0.993,1.0,736,YNR024W,11,4.31e-26,True,70,3.37e-27,True,4,5.15e-06,True,85,3.37e-27,True
Complex_4,11,0.993,1.0,768,YOR001W,11,4.31e-26,True,70,3.37e-27,True,4,5.15e-06,True,85,3.37e-27,True
Complex_4,11,0.993,1.0,747,YOL021C,11,4.31e-26,True,70,3.37e-27,True,4,5.15e-06,True,85,3.37e-27,True
Complex_4,11,0.993,1.0,337,YGR095C,11,4.31e-26,True,70,3.37e-27,True,4,5.15e-06,True,85,3.37e-27,True
Complex_4,11,0.993,1.0,392,YHR081W,11,4.31e-26,True,70,3.37e-27,True,4,5.15e-06,True,85,3.37e-27,True
Complex_4,11,0.993,1.0,347,YGR158C,11,4.31e-26,True,70,3.37e-27,True,4,5.15e-06,True,85,3.37e-27,True
Complex_4,11,0.993,1.0,84,YCR035C,11,4.31e-26,True,70,3.37e-27,True,4,5.15e-06,True,85,3.37e-27,True
Complex_4,11,0.993,1.0,120,YDL111C,11,4.31e-26,True,70,3.37e-27,True,4,5.15e-06,True,85,3.37e-27,True
Complex_4,11,0.993,1.0,355,YGR195W,11,4.31e-26,True,70,3.37e-27,True,4,5.15e-06,True,85,3.37e-27,True
Complex_4,11,0.993,1.0,177,YDR280W,11,4.31e-26,True,70,3.37e-27,True,4,5.15e-06,True,85,3.37e-27,True
Complex_5,7,0.9919,1.0,125,YDL145C,18,5.03e-20,True,21,4.89e-10,True,0,0.709974,False,39,5.03e-20,True
Complex_5,7,0.9919,1.0,171,YDR238C,18,5.03e-20,True,21,4.89e-10,True,0,0.709974,False,39,5.03e-20,True
Complex_5,7,0.9919,1.0,726,YNL287W,18,5.03e-20,True,21,4.89e-10,True,0,0.709974,False,39,5.03e-20,True
Complex_5,7,0.9919,1.0,425,YIL076W,18,5.03e-20,True,21,4.89e-10,True,0,0.709974,False,39,5.03e-20,True
Complex_5,7,0.9919,1.0,821,YPL010W,18,5.03e-20,True,21,4.89e-10,True,0,0.709974,False,39,5.03e-20,True
Complex_5,7,0.9919,1.0,278,YFR051C,18,5.03e-20,True,21,4.89e-10,True,0,0.709974,False,39,5.03e-20,True
Complex_5,7,0.9919,1.0,245,YER122C,18,5.03e-20,True,21,4.89e-10,True,0,0.709974,False,39,5.03e-20,True
Complex_6,19,0.9871,0.5307,123,YDL140C,21,3.61e-22,True,29,4.05e-22,True,22,2.28e-22,True,72,2.28e-22,True
Complex_6,19,0.9871,0.5307,288,YGL070C,21,3.61e-22,True,29,4.05e-22,True,22,2.28e-22,True,72,2.28e-22,True
Complex_6,19,0.9871,0.5307,320,YGR005C,21,3.61e-22,True,29,4.05e-22,True,22,2.28e-22,True,72,2.28e-22,True
Complex_6,19,0.9871,0.5307,419,YIL021W,21,3.61e-22,True,29,4.05e-22,True,22,2.28e-22,True,72,2.28e-22,True
Complex_6,19,0.9871,0.5307,744,YOL005C,21,3.61e-22,True,29,4.05e-22,True,22,2.28e-22,True,72,2.28e-22,True
Complex_6,19,0.9871,0.5307,788,YOR151C,21,3.61e-22,True,29,4.05e-22,True,22,2.28e-22,True,72,2.28e-22,True
Complex_6,19,0.9871,0.5307,284,YGL043W,21,3.61e-22,True,29,4.05e-22,True,22,2.28e-22,True,72,2.28e-22,True
Complex_6,19,0.9871,0.5307,54,YBR154C,21,3.61e-22,True,29,4.05e-22,True,22,2.28e-22,True,72,2.28e-22,True
Complex_6,19,0.9871,0.5307,798,YOR210W,21,3.61e-22,True,29,4.05e-22,True,22,2.28e-22,True,72,2.28e-22,True
Complex_6,19,0.9871,0.5307,897,YPR187W,21,3.61e-22,True,29,4.05e-22,True,22,2.28e-22,True,72,2.28e-22,True
Complex_6,19,0.9871,0.5307,800,YOR224C,21,3.61e-22,True,29,4.05e-22,True,22,2.28e-22,True,72,2.28e-22,True
Complex_6,19,0.9871,0.5307,866,YPR010C,21,3.61e-22,True,29,4.05e-22,True,22,2.28e-22,True,72,2.28e-22,True
Complex_6,19,0.9871,0.5307,327,YGR063C,21,3.61e-22,True,29,4.05e-22,True,22,2.28e-22,True,72,2.28e-22,True
Complex_6,19,0.9871,0.5307,547,YLR106C,21,3.61e-22,True,29,4.05e-22,True,22,2.28e-22,True,72,2.28e-22,True
Complex_6,19,0.9871,0.5307,842,YPL129W,21,3.61e-22,True,29,4.05e-22,True,22,2.28e-22,True,72,2.28e-22,True
Complex_6,19,0.9871,0.5307,637,YMR012W,21,3.61e-22,True,29,4.05e-22,True,22,2.28e-22,True,72,2.28e-22,True
Complex_6,19,0.9871,0.5307,555,YLR180W,21,3.61e-22,True,29,4.05e-22,True,22,2.28e-22,True,72,2.28e-22,True
Complex_6,19,0.9871,0.5307,461,YJL140W,21,3.61e-22,True,29,4.05e-22,True,22,2.28e-22,True,72,2.28e-22,True
Complex_6,19,0.9871,0.5307,783,YOR133W,21,3.61e-22,True,29,4.05e-22,True,22,2.28e-22,True,72,2.28e-22,True
Complex_7,34,0.9842,0.5882,54,YBR154C,22,8.88e-66,True,31,8.39e-45,True,18,1.85e-63,True,71,8.88e-66,True
Complex_7,34,0.9842,0.5882,897,YPR187W,22,8.88e-66,True,31,8.39e-45,True,18,1.85e-63,True,71,8.88e-66,True
Complex_7,34,0.9842,0.5882,800,YOR224C,22,8.88e-66,True,31,8.39e-45,True,18,1.85e-63,True,71,8.88e-66,True
Complex_7,34,0.9842,0.5882,798,YOR210W,22,8.88e-66,True,31,8.39e-45,True,18,1.85e-63,True,71,8.88e-66,True
Complex_7,34,0.9842,0.5882,696,YNL113W,22,8.88e-66,True,31,8.39e-45,True,18,1.85e-63,True,71,8.88e-66,True
Complex_7,34,0.9842,0.5882,884,YPR110C,22,8.88e-66,True,31,8.39e-45,True,18,1.85e-63,True,71,8.88e-66,True
Complex_7,34,0.9842,0.5882,480,YJR063W,22,8.88e-66,True,31,8.39e-45,True,18,1.85e-63,True,71,8.88e-66,True
Complex_7,34,0.9842,0.5882,817,YOR340C,22,8.88e-66,True,31,8.39e-45,True,18,1.85e-63,True,71,8.88e-66,True
Complex_7,34,0.9842,0.5882,866,YPR010C,22,8.88e-66,True,31,8.39e-45,True,18,1.85e-63,True,71,8.88e-66,True
Complex_7,34,0.9842,0.5882,818,YOR341W,22,8.88e-66,True,31,8.39e-45,True,18,1.85e-63,True,71,8.88e-66,True
Complex_7,34,0.9842,0.5882,717,YNL248C,22,8.88e-66,True,31,8.39e-45,True,18,1.85e-63,True,71,8.88e-66,True
Complex_7,34,0.9842,0.5882,320,YGR005C,22,8.88e-66,True,31,8.39e-45,True,18,1.85e-63,True,71,8.88e-66,True
Complex_7,34,0.9842,0.5882,419,YIL021W,22,8.88e-66,True,31,8.39e-45,True,18,1.85e-63,True,71,8.88e-66,True
Complex_7,34,0.9842,0.5882,288,YGL070C,22,8.88e-66,True,31,8.39e-45,True,18,1.85e-63,True,71,8.88e-66,True
Complex_7,34,0.9842,0.5882,327,YGR063C,22,8.88e-66,True,31,8.39e-45,True,18,1.85e-63,True,71,8.88e-66,True
Complex_7,34,0.9842,0.5882,702,YNL151C,22,8.88e-66,True,31,8.39e-45,True,18,1.85e-63,True,71,8.88e-66,True
Complex_7,34,0.9842,0.5882,781,YOR116C,22,8.88e-66,True,31,8.39e-45,True,18,1.85e-63,True,71,8.88e-66,True
Complex_7,34,0.9842,0.5882,899,YPR190C,22,8.88e-66,True,31,8.39e-45,True,18,1.85e-63,True,71,8.88e-66,True
Complex_7,34,0.9842,0.5882,788,YOR151C,22,8.88e-66,True,31,8.39e-45,True,18,1.85e-63,True,71,8.88e-66,True
Complex_7,34,0.9842,0.5882,404,YHR143W-A,22,8.88e-66,True,31,8.39e-45,True,18,1.85e-63,True,71,8.88e-66,True
Complex_7,34,0.9842,0.5882,123,YDL140C,22,8.88e-66,True,31,8.39e-45,True,18,1.85e-63,True,71,8.88e-66,True
Complex_7,34,0.9842,0.5882,508,YKL144C,22,8.88e-66,True,31,8.39e-45,True,18,1.85e-63,True,71,8.88e-66,True
Complex_7,34,0.9842,0.5882,520,YKR025W,22,8.88e-66,True,31,8.39e-45,True,18,1.85e-63,True,71,8.88e-66,True
Complex_7,34,0.9842,0.5882,842,YPL129W,22,8.88e-66,True,31,8.39e-45,True,18,1.85e-63,True,71,8.88e-66,True
Complex_7,34,0.9842,0.5882,141,YDR045C,22,8.88e-66,True,31,8.39e-45,True,18,1.85e-63,True,71,8.88e-66,True
Complex_7,34,0.9842,0.5882,158,YDR156W,22,8.88e-66,True,31,8.39e-45,True,18,1.85e-63,True,71,8.88e-66,True
Complex_7,34,0.9842,0.5882,462,YJL148W,22,8.88e-66,True,31,8.39e-45,True,18,1.85e-63,True,71,8.88e-66,True
Complex_7,34,0.9842,0.5882,744,YOL005C,22,8.88e-66,True,31,8.39e-45,True,18,1.85e-63,True,71,8.88e-66,True
Complex_7,34,0.9842,0.5882,166,YDR211W,22,8.88e-66,True,31,8.39e-45,True,18,1.85e-63,True,71,8.88e-66,True
Complex_7,34,0.9842,0.5882,797,YOR207C,22,8.88e-66,True,31,8.39e-45,True,18,1.85e-63,True,71,8.88e-66,True
Complex_7,34,0.9842,0.5882,127,YDL150W,22,8.88e-66,True,31,8.39e-45,True,18,1.85e-63,True,71,8.88e-66,True
Complex_7,34,0.9842,0.5882,445,YJL011C,22,8.88e-66,True,31,8.39e-45,True,18,1.85e-63,True,71,8.88e-66,True
Complex_7,34,0.9842,0.5882,317,YGL245W,22,8.88e-66,True,31,8.39e-45,True,18,1.85e-63,True,71,8.88e-66,True
Complex_7,34,0.9842,0.5882,461,YJL140W,22,8.88e-66,True,31,8.39e-45,True,18,1.85e-63,True,71,8.88e-66,True
Complex_8,4,0.9813,1.0,137,YDR013W,5,9.90e-12,True,10,7.18e-07,True,0,1.0,False,15,9.90e-12,True
Complex_8,4,0.9813,1.0,452,YJL072C,5,9.90e-12,True,10,7.18e-07,True,0,1.0,False,15,9.90e-12,True
Complex_8,4,0.9813,1.0,766,YOL146W,5,9.90e-12,True,10,7.18e-07,True,0,1.0,False,15,9.90e-12,True
Complex_8,4,0.9813,1.0,214,YDR489W,5,9.90e-12,True,10,7.18e-07,True,0,1.0,False,15,9.90e-12,True
Complex_9,3,0.9777,1.0,180,YDR295C,2,1.71e-08,True,6,5.75e-04,True,5,1.31e-05,True,13,1.71e-08,True
Complex_9,3,0.9777,1.0,896,YPR179C,2,1.71e-08,True,6,5.75e-04,True,5,1.31e-05,True,13,1.71e-08,True
Complex_9,3,0.9777,1.0,679,YNL021W,2,1.71e-08,True,6,5.75e-04,True,5,1.31e-05,True,13,1.71e-08,True
Complex_10,3,0.9738,1.0,118,YDL102W,6,1.71e-08,True,16,1.66e-06,True,15,7.73e-06,True,37,1.71e-08,True
Complex_10,3,0.9738,1.0,474,YJR006W,6,1.71e-08,True,16,1.66e-06,True,15,7.73e-06,True,37,1.71e-08,True
Complex_10,3,0.9738,1.0,478,YJR043C,6,1.71e-08,True,16,1.66e-06,True,15,7.73e-06,True,37,1.71e-08,True
Complex_11,5,0.9724,0.6,124,YDL143W,2,0.008861,True,0,0.345653,False,0,0.348774,False,2,0.008861,True
Complex_11,5,0.9724,0.6,810,YOR281C,2,0.008861,True,0,0.345653,False,0,0.348774,False,2,0.008861,True
Complex_11,5,0.9724,0.6,435,YIL142W,2,0.008861,True,0,0.345653,False,0,0.348774,False,2,0.008861,True
Complex_11,5,0.9724,0.6,498,YKL029C,2,0.008861,True,0,0.345653,False,0,0.348774,False,2,0.008861,True
Complex_11,5,0.9724,0.6,312,YGL195W,2,0.008861,True,0,0.345653,False,0,0.348774,False,2,0.008861,True
Complex_12,13,0.9688,0.0154,359,YGR218W,6,0.017033,True,1,0.044779,True,1,0.008429,True,8,0.008429,True
Complex_12,13,0.9688,0.0154,385,YHR020W,6,0.017033,True,1,0.044779,True,1,0.008429,True,8,0.008429,True
Complex_12,13,0.9688,0.0154,555,YLR180W,6,0.017033,True,1,0.044779,True,1,0.008429,True,8,0.008429,True
Complex_12,13,0.9688,0.0154,637,YMR012W,6,0.017033,True,1,0.044779,True,1,0.008429,True,8,0.008429,True
Complex_12,13,0.9688,0.0154,222,YEL022W,6,0.017033,True,1,0.044779,True,1,0.008429,True,8,0.008429,True
Complex_12,13,0.9688,0.0154,365,YGR240C,6,0.017033,True,1,0.044779,True,1,0.008429,True,8,0.008429,True
Complex_12,13,0.9688,0.0154,547,YLR106C,6,0.017033,True,1,0.044779,True,1,0.008429,True,8,0.008429,True
Complex_12,13,0.9688,0.0154,484,YJR077C,6,0.017033,True,1,0.044779,True,1,0.008429,True,8,0.008429,True
Complex_12,13,0.9688,0.0154,788,YOR151C,6,0.017033,True,1,0.044779,True,1,0.008429,True,8,0.008429,True
Complex_12,13,0.9688,0.0154,269,YFR009W,6,0.017033,True,1,0.044779,True,1,0.008429,True,8,0.008429,True
Complex_12,13,0.9688,0.0154,312,YGL195W,6,0.017033,True,1,0.044779,True,1,0.008429,True,8,0.008429,True
Complex_12,13,0.9688,0.0154,216,YDR502C,6,0.017033,True,1,0.044779,True,1,0.008429,True,8,0.008429,True
Complex_12,13,0.9688,0.0154,546,YLR075W,6,0.017033,True,1,0.044779,True,1,0.008429,True,8,0.008429,True
Complex_13,14,0.9675,0.7857,67,YBR253W,15,1.03e-22,True,41,1.72e-12,True,8,3.35e-18,True,64,1.03e-22,True
Complex_13,14,0.9675,0.7857,387,YHR041C,15,1.03e-22,True,41,1.72e-12,True,8,3.35e-18,True,64,1.03e-22,True
Complex_13,14,0.9675,0.7857,389,YHR058C,15,1.03e-22,True,41,1.72e-12,True,8,3.35e-18,True,64,1.03e-22,True
Complex_13,14,0.9675,0.7857,714,YNL236W,15,1.03e-22,True,41,1.72e-12,True,8,3.35e-18,True,64,1.03e-22,True
Complex_13,14,0.9675,0.7857,308,YGL151W,15,1.03e-22,True,41,1.72e-12,True,8,3.35e-18,True,64,1.03e-22,True
Complex_13,14,0.9675,0.7857,762,YOL135C,15,1.03e-22,True,41,1.72e-12,True,8,3.35e-18,True,64,1.03e-22,True
Complex_13,14,0.9675,0.7857,828,YPL042C,15,1.03e-22,True,41,1.72e-12,True,8,3.35e-18,True,64,1.03e-22,True
Complex_13,14,0.9675,0.7857,185,YDR308C,15,1.03e-22,True,41,1.72e-12,True,8,3.35e-18,True,64,1.03e-22,True
Complex_13,14,0.9675,0.7857,92,YCR081W,15,1.03e-22,True,41,1.72e-12,True,8,3.35e-18,True,64,1.03e-22,True
Complex_13,14,0.9675,0.7857,734,YNR010W,15,1.03e-22,True,41,1.72e-12,True,8,3.35e-18,True,64,1.03e-22,True
Complex_13,14,0.9675,0.7857,791,YOR174W,15,1.03e-22,True,41,1.72e-12,True,8,3.35e-18,True,64,1.03e-22,True
Complex_13,14,0.9675,0.7857,367,YGR252W,15,1.03e-22,True,41,1.72e-12,True,8,3.35e-18,True,64,1.03e-22,True
Complex_13,14,0.9675,0.7857,298,YGL112C,15,1.03e-22,True,41,1.72e-12,True,8,3.35e-18,True,64,1.03e-22,True
Complex_13,14,0.9675,0.7857,206,YDR448W,15,1.03e-22,True,41,1.72e-12,True,8,3.35e-18,True,64,1.03e-22,True
Complex_14,6,0.9664,1.0,5,YAL033W,11,1.43e-15,True,35,1.75e-11,True,13,2.96e-11,True,59,1.43e-15,True
Complex_14,6,0.9664,1.0,390,YHR062C,11,1.43e-15,True,35,1.75e-11,True,13,2.96e-11,True,59,1.43e-15,True
Complex_14,6,0.9664,1.0,724,YNL282W,11,1.43e-15,True,35,1.75e-11,True,13,2.96e-11,True,59,1.43e-15,True
Complex_14,6,0.9664,1.0,20,YBL018C,11,1.43e-15,True,35,1.75e-11,True,13,2.96e-11,True,59,1.43e-15,True
Complex_14,6,0.9664,1.0,710,YNL221C,11,1.43e-15,True,35,1.75e-11,True,13,2.96e-11,True,59,1.43e-15,True
Complex_14,6,0.9664,1.0,213,YDR478W,11,1.43e-15,True,35,1.75e-11,True,13,2.96e-11,True,59,1.43e-15,True
Complex_15,22,0.965,0.5,67,YBR253W,24,7.03e-20,True,49,8.47e-13,True,16,1.46e-18,True,89,7.03e-20,True
Complex_15,22,0.965,0.5,387,YHR041C,24,7.03e-20,True,49,8.47e-13,True,16,1.46e-18,True,89,7.03e-20,True
Complex_15,22,0.965,0.5,389,YHR058C,24,7.03e-20,True,49,8.47e-13,True,16,1.46e-18,True,89,7.03e-20,True
Complex_15,22,0.965,0.5,714,YNL236W,24,7.03e-20,True,49,8.47e-13,True,16,1.46e-18,True,89,7.03e-20,True
Complex_15,22,0.965,0.5,308,YGL151W,24,7.03e-20,True,49,8.47e-13,True,16,1.46e-18,True,89,7.03e-20,True
Complex_15,22,0.965,0.5,762,YOL135C,24,7.03e-20,True,49,8.47e-13,True,16,1.46e-18,True,89,7.03e-20,True
Complex_15,22,0.965,0.5,206,YDR448W,24,7.03e-20,True,49,8.47e-13,True,16,1.46e-18,True,89,7.03e-20,True
Complex_15,22,0.965,0.5,367,YGR252W,24,7.03e-20,True,49,8.47e-13,True,16,1.46e-18,True,89,7.03e-20,True
Complex_15,22,0.965,0.5,862,YPL254W,24,7.03e-20,True,49,8.47e-13,True,16,1.46e-18,True,89,7.03e-20,True
Complex_15,22,0.965,0.5,661,YMR223W,24,7.03e-20,True,49,8.47e-13,True,16,1.46e-18,True,89,7.03e-20,True
Complex_15,22,0.965,0.5,828,YPL042C,24,7.03e-20,True,49,8.47e-13,True,16,1.46e-18,True,89,7.03e-20,True
Complex_15,22,0.965,0.5,664,YMR236W,24,7.03e-20,True,49,8.47e-13,True,16,1.46e-18,True,89,7.03e-20,True
Complex_15,22,0.965,0.5,185,YDR308C,24,7.03e-20,True,49,8.47e-13,True,16,1.46e-18,True,89,7.03e-20,True
Complex_15,22,0.965,0.5,734,YNR010W,24,7.03e-20,True,49,8.47e-13,True,16,1.46e-18,True,89,7.03e-20,True
Complex_15,22,0.965,0.5,160,YDR167W,24,7.03e-20,True,49,8.47e-13,True,16,1.46e-18,True,89,7.03e-20,True
Complex_15,22,0.965,0.5,398,YHR099W,24,7.03e-20,True,49,8.47e-13,True,16,1.46e-18,True,89,7.03e-20,True
Complex_15,22,0.965,0.5,298,YGL112C,24,7.03e-20,True,49,8.47e-13,True,16,1.46e-18,True,89,7.03e-20,True
Complex_15,22,0.965,0.5,92,YCR081W,24,7.03e-20,True,49,8.47e-13,True,16,1.46e-18,True,89,7.03e-20,True
Complex_15,22,0.965,0.5,155,YDR145W,24,7.03e-20,True,49,8.47e-13,True,16,1.46e-18,True,89,7.03e-20,True
Complex_15,22,0.965,0.5,43,YBR081C,24,7.03e-20,True,49,8.47e-13,True,16,1.46e-18,True,89,7.03e-20,True
Complex_15,22,0.965,0.5,791,YOR174W,24,7.03e-20,True,49,8.47e-13,True,16,1.46e-18,True,89,7.03e-20,True
Complex_15,22,0.965,0.5,371,YGR274C,24,7.03e-20,True,49,8.47e-13,True,16,1.46e-18,True,89,7.03e-20,True
Complex_16,15,0.9649,0.6722,387,YHR041C,18,3.28e-22,True,32,3.08e-12,True,22,4.54e-09,True,72,3.28e-22,True
Complex_16,15,0.9649,0.6722,714,YNL236W,18,3.28e-22,True,32,3.08e-12,True,22,4.54e-09,True,72,3.28e-22,True
Complex_16,15,0.9649,0.6722,398,YHR099W,18,3.28e-22,True,32,3.08e-12,True,22,4.54e-09,True,72,3.28e-22,True
Complex_16,15,0.9649,0.6722,206,YDR448W,18,3.28e-22,True,32,3.08e-12,True,22,4.54e-09,True,72,3.28e-22,True
Complex_16,15,0.9649,0.6722,661,YMR223W,18,3.28e-22,True,32,3.08e-12,True,22,4.54e-09,True,72,3.28e-22,True
Complex_16,15,0.9649,0.6722,664,YMR236W,18,3.28e-22,True,32,3.08e-12,True,22,4.54e-09,True,72,3.28e-22,True
Complex_16,15,0.9649,0.6722,155,YDR145W,18,3.28e-22,True,32,3.08e-12,True,22,4.54e-09,True,72,3.28e-22,True
Complex_16,15,0.9649,0.6722,862,YPL254W,18,3.28e-22,True,32,3.08e-12,True,22,4.54e-09,True,72,3.28e-22,True
Complex_16,15,0.9649,0.6722,160,YDR167W,18,3.28e-22,True,32,3.08e-12,True,22,4.54e-09,True,72,3.28e-22,True
Complex_16,15,0.9649,0.6722,298,YGL112C,18,3.28e-22,True,32,3.08e-12,True,22,4.54e-09,True,72,3.28e-22,True
Complex_16,15,0.9649,0.6722,43,YBR081C,18,3.28e-22,True,32,3.08e-12,True,22,4.54e-09,True,72,3.28e-22,True
Complex_16,15,0.9649,0.6722,367,YGR252W,18,3.28e-22,True,32,3.08e-12,True,22,4.54e-09,True,72,3.28e-22,True
Complex_16,15,0.9649,0.6722,371,YGR274C,18,3.28e-22,True,32,3.08e-12,True,22,4.54e-09,True,72,3.28e-22,True
Complex_16,15,0.9649,0.6722,250,YER148W,18,3.28e-22,True,32,3.08e-12,True,22,4.54e-09,True,72,3.28e-22,True
Complex_16,15,0.9649,0.6722,636,YMR005W,18,3.28e-22,True,32,3.08e-12,True,22,4.54e-09,True,72,3.28e-22,True
Complex_17,15,0.9649,0.6722,155,YDR145W,18,3.28e-22,True,32,3.08e-12,True,22,4.54e-09,True,72,3.28e-22,True
Complex_17,15,0.9649,0.6722,298,YGL112C,18,3.28e-22,True,32,3.08e-12,True,22,4.54e-09,True,72,3.28e-22,True
Complex_17,15,0.9649,0.6722,636,YMR005W,18,3.28e-22,True,32,3.08e-12,True,22,4.54e-09,True,72,3.28e-22,True
Complex_17,15,0.9649,0.6722,160,YDR167W,18,3.28e-22,True,32,3.08e-12,True,22,4.54e-09,True,72,3.28e-22,True
Complex_17,15,0.9649,0.6722,664,YMR236W,18,3.28e-22,True,32,3.08e-12,True,22,4.54e-09,True,72,3.28e-22,True
Complex_17,15,0.9649,0.6722,371,YGR274C,18,3.28e-22,True,32,3.08e-12,True,22,4.54e-09,True,72,3.28e-22,True
Complex_17,15,0.9649,0.6722,862,YPL254W,18,3.28e-22,True,32,3.08e-12,True,22,4.54e-09,True,72,3.28e-22,True
Complex_17,15,0.9649,0.6722,367,YGR252W,18,3.28e-22,True,32,3.08e-12,True,22,4.54e-09,True,72,3.28e-22,True
Complex_17,15,0.9649,0.6722,661,YMR223W,18,3.28e-22,True,32,3.08e-12,True,22,4.54e-09,True,72,3.28e-22,True
Complex_17,15,0.9649,0.6722,714,YNL236W,18,3.28e-22,True,32,3.08e-12,True,22,4.54e-09,True,72,3.28e-22,True
Complex_17,15,0.9649,0.6722,387,YHR041C,18,3.28e-22,True,32,3.08e-12,True,22,4.54e-09,True,72,3.28e-22,True
Complex_17,15,0.9649,0.6722,398,YHR099W,18,3.28e-22,True,32,3.08e-12,True,22,4.54e-09,True,72,3.28e-22,True
Complex_17,15,0.9649,0.6722,206,YDR448W,18,3.28e-22,True,32,3.08e-12,True,22,4.54e-09,True,72,3.28e-22,True
Complex_17,15,0.9649,0.6722,43,YBR081C,18,3.28e-22,True,32,3.08e-12,True,22,4.54e-09,True,72,3.28e-22,True
Complex_17,15,0.9649,0.6722,250,YER148W,18,3.28e-22,True,32,3.08e-12,True,22,4.54e-09,True,72,3.28e-22,True
Complex_18,24,0.9636,0.2042,498,YKL029C,9,1.07e-08,True,30,6.16e-11,True,0,0.090954,False,39,6.16e-11,True
Complex_18,24,0.9636,0.2042,547,YLR106C,9,1.07e-08,True,30,6.16e-11,True,0,0.090954,False,39,6.16e-11,True
Complex_18,24,0.9636,0.2042,637,YMR012W,9,1.07e-08,True,30,6.16e-11,True,0,0.090954,False,39,6.16e-11,True
Complex_18,24,0.9636,0.2042,555,YLR180W,9,1.07e-08,True,30,6.16e-11,True,0,0.090954,False,39,6.16e-11,True
Complex_18,24,0.9636,0.2042,222,YEL022W,9,1.07e-08,True,30,6.16e-11,True,0,0.090954,False,39,6.16e-11,True
Complex_18,24,0.9636,0.2042,676,YNL002C,9,1.07e-08,True,30,6.16e-11,True,0,0.090954,False,39,6.16e-11,True
Complex_18,24,0.9636,0.2042,740,YNR053C,9,1.07e-08,True,30,6.16e-11,True,0,0.090954,False,39,6.16e-11,True
Complex_18,24,0.9636,0.2042,150,YDR101C,9,1.07e-08,True,30,6.16e-11,True,0,0.090954,False,39,6.16e-11,True
Complex_18,24,0.9636,0.2042,228,YER006W,9,1.07e-08,True,30,6.16e-11,True,0,0.090954,False,39,6.16e-11,True
Complex_18,24,0.9636,0.2042,366,YGR245C,9,1.07e-08,True,30,6.16e-11,True,0,0.090954,False,39,6.16e-11,True
Complex_18,24,0.9636,0.2042,634,YML124C,9,1.07e-08,True,30,6.16e-11,True,0,0.090954,False,39,6.16e-11,True
Complex_18,24,0.9636,0.2042,706,YNL182C,9,1.07e-08,True,30,6.16e-11,True,0,0.090954,False,39,6.16e-11,True
Complex_18,24,0.9636,0.2042,416,YHR197W,9,1.07e-08,True,30,6.16e-11,True,0,0.090954,False,39,6.16e-11,True
Complex_18,24,0.9636,0.2042,533,YLL008W,9,1.07e-08,True,30,6.16e-11,True,0,0.090954,False,39,6.16e-11,True
Complex_18,24,0.9636,0.2042,837,YPL093W,9,1.07e-08,True,30,6.16e-11,True,0,0.090954,False,39,6.16e-11,True
Complex_18,24,0.9636,0.2042,393,YHR085W,9,1.07e-08,True,30,6.16e-11,True,0,0.090954,False,39,6.16e-11,True
Complex_18,24,0.9636,0.2042,788,YOR151C,9,1.07e-08,True,30,6.16e-11,True,0,0.090954,False,39,6.16e-11,True
Complex_18,24,0.9636,0.2042,338,YGR103W,9,1.07e-08,True,30,6.16e-11,True,0,0.090954,False,39,6.16e-11,True
Complex_18,24,0.9636,0.2042,388,YHR052W,9,1.07e-08,True,30,6.16e-11,True,0,0.090954,False,39,6.16e-11,True
Complex_18,24,0.9636,0.2042,90,YCR072C,9,1.07e-08,True,30,6.16e-11,True,0,0.090954,False,39,6.16e-11,True
Complex_18,24,0.9636,0.2042,240,YER086W,9,1.07e-08,True,30,6.16e-11,True,0,0.090954,False,39,6.16e-11,True
Complex_18,24,0.9636,0.2042,124,YDL143W,9,1.07e-08,True,30,6.16e-11,True,0,0.090954,False,39,6.16e-11,True
Complex_18,24,0.9636,0.2042,312,YGL195W,9,1.07e-08,True,30,6.16e-11,True,0,0.090954,False,39,6.16e-11,True
Complex_18,24,0.9636,0.2042,269,YFR009W,9,1.07e-08,True,30,6.16e-11,True,0,0.090954,False,39,6.16e-11,True
Complex_19,9,0.963,0.0234,222,YEL022W,0,0.124038,False,0,0.320268,False,3,0.001093,True,3,0.001093,True
Complex_19,9,0.963,0.0234,385,YHR020W,0,0.124038,False,0,0.320268,False,3,0.001093,True,3,0.001093,True
Complex_19,9,0.963,0.0234,484,YJR077C,0,0.124038,False,0,0.320268,False,3,0.001093,True,3,0.001093,True
Complex_19,9,0.963,0.0234,359,YGR218W,0,0.124038,False,0,0.320268,False,3,0.001093,True,3,0.001093,True
Complex_19,9,0.963,0.0234,555,YLR180W,0,0.124038,False,0,0.320268,False,3,0.001093,True,3,0.001093,True
Complex_19,9,0.963,0.0234,637,YMR012W,0,0.124038,False,0,0.320268,False,3,0.001093,True,3,0.001093,True
Complex_19,9,0.963,0.0234,35,YBR017C,0,0.124038,False,0,0.320268,False,3,0.001093,True,3,0.001093,True
Complex_19,9,0.963,0.0234,243,YER110C,0,0.124038,False,0,0.320268,False,3,0.001093,True,3,0.001093,True
Complex_19,9,0.963,0.0234,588,YLR342W,0,0.124038,False,0,0.320268,False,3,0.001093,True,3,0.001093,True
Complex_20,42,0.9617,0.2401,547,YLR106C,30,5.70e-18,True,56,6.41e-18,True,22,3.61e-18,True,108,3.61e-18,True
Complex_20,42,0.9617,0.2401,555,YLR180W,30,5.70e-18,True,56,6.41e-18,True,22,3.61e-18,True,108,3.61e-18,True
Complex_20,42,0.9617,0.2401,788,YOR151C,30,5.70e-18,True,56,6.41e-18,True,22,3.61e-18,True,108,3.61e-18,True
Complex_20,42,0.9617,0.2401,637,YMR012W,30,5.70e-18,True,56,6.41e-18,True,22,3.61e-18,True,108,3.61e-18,True
Complex_20,42,0.9617,0.2401,385,YHR020W,30,5.70e-18,True,56,6.41e-18,True,22,3.61e-18,True,108,3.61e-18,True
Complex_20,42,0.9617,0.2401,54,YBR154C,30,5.70e-18,True,56,6.41e-18,True,22,3.61e-18,True,108,3.61e-18,True
Complex_20,42,0.9617,0.2401,798,YOR210W,30,5.70e-18,True,56,6.41e-18,True,22,3.61e-18,True,108,3.61e-18,True
Complex_20,42,0.9617,0.2401,866,YPR010C,30,5.70e-18,True,56,6.41e-18,True,22,3.61e-18,True,108,3.61e-18,True
Complex_20,42,0.9617,0.2401,320,YGR005C,30,5.70e-18,True,56,6.41e-18,True,22,3.61e-18,True,108,3.61e-18,True
Complex_20,42,0.9617,0.2401,419,YIL021W,30,5.70e-18,True,56,6.41e-18,True,22,3.61e-18,True,108,3.61e-18,True
Complex_20,42,0.9617,0.2401,800,YOR224C,30,5.70e-18,True,56,6.41e-18,True,22,3.61e-18,True,108,3.61e-18,True
Complex_20,42,0.9617,0.2401,288,YGL070C,30,5.70e-18,True,56,6.41e-18,True,22,3.61e-18,True,108,3.61e-18,True
Complex_20,42,0.9617,0.2401,740,YNR053C,30,5.70e-18,True,56,6.41e-18,True,22,3.61e-18,True,108,3.61e-18,True
Complex_20,42,0.9617,0.2401,897,YPR187W,30,5.70e-18,True,56,6.41e-18,True,22,3.61e-18,True,108,3.61e-18,True
Complex_20,42,0.9617,0.2401,327,YGR063C,30,5.70e-18,True,56,6.41e-18,True,22,3.61e-18,True,108,3.61e-18,True
Complex_20,42,0.9617,0.2401,676,YNL002C,30,5.70e-18,True,56,6.41e-18,True,22,3.61e-18,True,108,3.61e-18,True
Complex_20,42,0.9617,0.2401,498,YKL029C,30,5.70e-18,True,56,6.41e-18,True,22,3.61e-18,True,108,3.61e-18,True
Complex_20,42,0.9617,0.2401,366,YGR245C,30,5.70e-18,True,56,6.41e-18,True,22,3.61e-18,True,108,3.61e-18,True
Complex_20,42,0.9617,0.2401,150,YDR101C,30,5.70e-18,True,56,6.41e-18,True,22,3.61e-18,True,108,3.61e-18,True
Complex_20,42,0.9617,0.2401,706,YNL182C,30,5.70e-18,True,56,6.41e-18,True,22,3.61e-18,True,108,3.61e-18,True
Complex_20,42,0.9617,0.2401,842,YPL129W,30,5.70e-18,True,56,6.41e-18,True,22,3.61e-18,True,108,3.61e-18,True
Complex_20,42,0.9617,0.2401,634,YML124C,30,5.70e-18,True,56,6.41e-18,True,22,3.61e-18,True,108,3.61e-18,True
Complex_20,42,0.9617,0.2401,393,YHR085W,30,5.70e-18,True,56,6.41e-18,True,22,3.61e-18,True,108,3.61e-18,True
Complex_20,42,0.9617,0.2401,123,YDL140C,30,5.70e-18,True,56,6.41e-18,True,22,3.61e-18,True,108,3.61e-18,True
Complex_20,42,0.9617,0.2401,416,YHR197W,30,5.70e-18,True,56,6.41e-18,True,22,3.61e-18,True,108,3.61e-18,True
Complex_20,42,0.9617,0.2401,228,YER006W,30,5.70e-18,True,56,6.41e-18,True,22,3.61e-18,True,108,3.61e-18,True
Complex_20,42,0.9617,0.2401,744,YOL005C,30,5.70e-18,True,56,6.41e-18,True,22,3.61e-18,True,108,3.61e-18,True
Complex_20,42,0.9617,0.2401,312,YGL195W,30,5.70e-18,True,56,6.41e-18,True,22,3.61e-18,True,108,3.61e-18,True
Complex_20,42,0.9617,0.2401,90,YCR072C,30,5.70e-18,True,56,6.41e-18,True,22,3.61e-18,True,108,3.61e-18,True
Complex_20,42,0.9617,0.2401,338,YGR103W,30,5.70e-18,True,56,6.41e-18,True,22,3.61e-18,True,108,3.61e-18,True
Complex_20,42,0.9617,0.2401,284,YGL043W,30,5.70e-18,True,56,6.41e-18,True,22,3.61e-18,True,108,3.61e-18,True
Complex_20,42,0.9617,0.2401,533,YLL008W,30,5.70e-18,True,56,6.41e-18,True,22,3.61e-18,True,108,3.61e-18,True
Complex_20,42,0.9617,0.2401,837,YPL093W,30,5.70e-18,True,56,6.41e-18,True,22,3.61e-18,True,108,3.61e-18,True
Complex_20,42,0.9617,0.2401,359,YGR218W,30,5.70e-18,True,56,6.41e-18,True,22,3.61e-18,True,108,3.61e-18,True
Complex_20,42,0.9617,0.2401,388,YHR052W,30,5.70e-18,True,56,6.41e-18,True,22,3.61e-18,True,108,3.61e-18,True
Complex_20,42,0.9617,0.2401,216,YDR502C,30,5.70e-18,True,56,6.41e-18,True,22,3.61e-18,True,108,3.61e-18,True
Complex_20,42,0.9617,0.2401,461,YJL140W,30,5.70e-18,True,56,6.41e-18,True,22,3.61e-18,True,108,3.61e-18,True
Complex_20,42,0.9617,0.2401,365,YGR240C,30,5.70e-18,True,56,6.41e-18,True,22,3.61e-18,True,108,3.61e-18,True
Complex_20,42,0.9617,0.2401,222,YEL022W,30,5.70e-18,True,56,6.41e-18,True,22,3.61e-18,True,108,3.61e-18,True
Complex_20,42,0.9617,0.2401,269,YFR009W,30,5.70e-18,True,56,6.41e-18,True,22,3.61e-18,True,108,3.61e-18,True
Complex_20,42,0.9617,0.2401,546,YLR075W,30,5.70e-18,True,56,6.41e-18,True,22,3.61e-18,True,108,3.61e-18,True
Complex_20,42,0.9617,0.2401,783,YOR133W,30,5.70e-18,True,56,6.41e-18,True,22,3.61e-18,True,108,3.61e-18,True
Complex_21,46,0.9599,0.4348,54,YBR154C,32,5.52e-59,True,40,4.51e-41,True,17,1.14e-56,True,89,5.52e-59,True
Complex_21,46,0.9599,0.4348,897,YPR187W,32,5.52e-59,True,40,4.51e-41,True,17,1.14e-56,True,89,5.52e-59,True
Complex_21,46,0.9599,0.4348,800,YOR224C,32,5.52e-59,True,40,4.51e-41,True,17,1.14e-56,True,89,5.52e-59,True
Complex_21,46,0.9599,0.4348,842,YPL129W,32,5.52e-59,True,40,4.51e-41,True,17,1.14e-56,True,89,5.52e-59,True
Complex_21,46,0.9599,0.4348,288,YGL070C,32,5.52e-59,True,40,4.51e-41,True,17,1.14e-56,True,89,5.52e-59,True
Complex_21,46,0.9599,0.4348,320,YGR005C,32,5.52e-59,True,40,4.51e-41,True,17,1.14e-56,True,89,5.52e-59,True
Complex_21,46,0.9599,0.4348,419,YIL021W,32,5.52e-59,True,40,4.51e-41,True,17,1.14e-56,True,89,5.52e-59,True
Complex_21,46,0.9599,0.4348,744,YOL005C,32,5.52e-59,True,40,4.51e-41,True,17,1.14e-56,True,89,5.52e-59,True
Complex_21,46,0.9599,0.4348,123,YDL140C,32,5.52e-59,True,40,4.51e-41,True,17,1.14e-56,True,89,5.52e-59,True
Complex_21,46,0.9599,0.4348,788,YOR151C,32,5.52e-59,True,40,4.51e-41,True,17,1.14e-56,True,89,5.52e-59,True
Complex_21,46,0.9599,0.4348,461,YJL140W,32,5.52e-59,True,40,4.51e-41,True,17,1.14e-56,True,89,5.52e-59,True
Complex_21,46,0.9599,0.4348,798,YOR210W,32,5.52e-59,True,40,4.51e-41,True,17,1.14e-56,True,89,5.52e-59,True
Complex_21,46,0.9599,0.4348,884,YPR110C,32,5.52e-59,True,40,4.51e-41,True,17,1.14e-56,True,89,5.52e-59,True
Complex_21,46,0.9599,0.4348,866,YPR010C,32,5.52e-59,True,40,4.51e-41,True,17,1.14e-56,True,89,5.52e-59,True
Complex_21,46,0.9599,0.4348,327,YGR063C,32,5.52e-59,True,40,4.51e-41,True,17,1.14e-56,True,89,5.52e-59,True
Complex_21,46,0.9599,0.4348,480,YJR063W,32,5.52e-59,True,40,4.51e-41,True,17,1.14e-56,True,89,5.52e-59,True
Complex_21,46,0.9599,0.4348,817,YOR340C,32,5.52e-59,True,40,4.51e-41,True,17,1.14e-56,True,89,5.52e-59,True
Complex_21,46,0.9599,0.4348,702,YNL151C,32,5.52e-59,True,40,4.51e-41,True,17,1.14e-56,True,89,5.52e-59,True
Complex_21,46,0.9599,0.4348,781,YOR116C,32,5.52e-59,True,40,4.51e-41,True,17,1.14e-56,True,89,5.52e-59,True
Complex_21,46,0.9599,0.4348,899,YPR190C,32,5.52e-59,True,40,4.51e-41,True,17,1.14e-56,True,89,5.52e-59,True
Complex_21,46,0.9599,0.4348,547,YLR106C,32,5.52e-59,True,40,4.51e-41,True,17,1.14e-56,True,89,5.52e-59,True
Complex_21,46,0.9599,0.4348,404,YHR143W-A,32,5.52e-59,True,40,4.51e-41,True,17,1.14e-56,True,89,5.52e-59,True
Complex_21,46,0.9599,0.4348,818,YOR341W,32,5.52e-59,True,40,4.51e-41,True,17,1.14e-56,True,89,5.52e-59,True
Complex_21,46,0.9599,0.4348,637,YMR012W,32,5.52e-59,True,40,4.51e-41,True,17,1.14e-56,True,89,5.52e-59,True
Complex_21,46,0.9599,0.4348,508,YKL144C,32,5.52e-59,True,40,4.51e-41,True,17,1.14e-56,True,89,5.52e-59,True
Complex_21,46,0.9599,0.4348,520,YKR025W,32,5.52e-59,True,40,4.51e-41,True,17,1.14e-56,True,89,5.52e-59,True
Complex_21,46,0.9599,0.4348,158,YDR156W,32,5.52e-59,True,40,4.51e-41,True,17,1.14e-56,True,89,5.52e-59,True
Complex_21,46,0.9599,0.4348,141,YDR045C,32,5.52e-59,True,40,4.51e-41,True,17,1.14e-56,True,89,5.52e-59,True
Complex_21,46,0.9599,0.4348,462,YJL148W,32,5.52e-59,True,40,4.51e-41,True,17,1.14e-56,True,89,5.52e-59,True
Complex_21,46,0.9599,0.4348,717,YNL248C,32,5.52e-59,True,40,4.51e-41,True,17,1.14e-56,True,89,5.52e-59,True
Complex_21,46,0.9599,0.4348,797,YOR207C,32,5.52e-59,True,40,4.51e-41,True,17,1.14e-56,True,89,5.52e-59,True
Complex_21,46,0.9599,0.4348,127,YDL150W,32,5.52e-59,True,40,4.51e-41,True,17,1.14e-56,True,89,5.52e-59,True
Complex_21,46,0.9599,0.4348,555,YLR180W,32,5.52e-59,True,40,4.51e-41,True,17,1.14e-56,True,89,5.52e-59,True
Complex_21,46,0.9599,0.4348,859,YPL235W,32,5.52e-59,True,40,4.51e-41,True,17,1.14e-56,True,89,5.52e-59,True
Complex_21,46,0.9599,0.4348,445,YJL011C,32,5.52e-59,True,40,4.51e-41,True,17,1.14e-56,True,89,5.52e-59,True
Complex_21,46,0.9599,0.4348,284,YGL043W,32,5.52e-59,True,40,4.51e-41,True,17,1.14e-56,True,89,5.52e-59,True
Complex_21,46,0.9599,0.4348,696,YNL113W,32,5.52e-59,True,40,4.51e-41,True,17,1.14e-56,True,89,5.52e-59,True
Complex_21,46,0.9599,0.4348,639,YMR033W,32,5.52e-59,True,40,4.51e-41,True,17,1.14e-56,True,89,5.52e-59,True
Complex_21,46,0.9599,0.4348,543,YLR052W,32,5.52e-59,True,40,4.51e-41,True,17,1.14e-56,True,89,5.52e-59,True
Complex_21,46,0.9599,0.4348,95,YDL002C,32,5.52e-59,True,40,4.51e-41,True,17,1.14e-56,True,89,5.52e-59,True
Complex_21,46,0.9599,0.4348,241,YER092W,32,5.52e-59,True,40,4.51e-41,True,17,1.14e-56,True,89,5.52e-59,True
Complex_21,46,0.9599,0.4348,164,YDR190C,32,5.52e-59,True,40,4.51e-41,True,17,1.14e-56,True,89,5.52e-59,True
Complex_21,46,0.9599,0.4348,307,YGL150C,32,5.52e-59,True,40,4.51e-41,True,17,1.14e-56,True,89,5.52e-59,True
Complex_21,46,0.9599,0.4348,260,YFL013C,32,5.52e-59,True,40,4.51e-41,True,17,1.14e-56,True,89,5.52e-59,True
Complex_21,46,0.9599,0.4348,783,YOR133W,32,5.52e-59,True,40,4.51e-41,True,17,1.14e-56,True,89,5.52e-59,True
Complex_21,46,0.9599,0.4348,735,YNR023W,32,5.52e-59,True,40,4.51e-41,True,17,1.14e-56,True,89,5.52e-59,True
Complex_22,19,0.9571,0.5307,387,YHR041C,21,1.01e-20,True,39,1.59e-13,True,18,2.27e-11,True,78,1.01e-20,True
Complex_22,19,0.9571,0.5307,389,YHR058C,21,1.01e-20,True,39,1.59e-13,True,18,2.27e-11,True,78,1.01e-20,True
Complex_22,19,0.9571,0.5307,398,YHR099W,21,1.01e-20,True,39,1.59e-13,True,18,2.27e-11,True,78,1.01e-20,True
Complex_22,19,0.9571,0.5307,661,YMR223W,21,1.01e-20,True,39,1.59e-13,True,18,2.27e-11,True,78,1.01e-20,True
Complex_22,19,0.9571,0.5307,664,YMR236W,21,1.01e-20,True,39,1.59e-13,True,18,2.27e-11,True,78,1.01e-20,True
Complex_22,19,0.9571,0.5307,155,YDR145W,21,1.01e-20,True,39,1.59e-13,True,18,2.27e-11,True,78,1.01e-20,True
Complex_22,19,0.9571,0.5307,160,YDR167W,21,1.01e-20,True,39,1.59e-13,True,18,2.27e-11,True,78,1.01e-20,True
Complex_22,19,0.9571,0.5307,298,YGL112C,21,1.01e-20,True,39,1.59e-13,True,18,2.27e-11,True,78,1.01e-20,True
Complex_22,19,0.9571,0.5307,43,YBR081C,21,1.01e-20,True,39,1.59e-13,True,18,2.27e-11,True,78,1.01e-20,True
Complex_22,19,0.9571,0.5307,308,YGL151W,21,1.01e-20,True,39,1.59e-13,True,18,2.27e-11,True,78,1.01e-20,True
Complex_22,19,0.9571,0.5307,67,YBR253W,21,1.01e-20,True,39,1.59e-13,True,18,2.27e-11,True,78,1.01e-20,True
Complex_22,19,0.9571,0.5307,714,YNL236W,21,1.01e-20,True,39,1.59e-13,True,18,2.27e-11,True,78,1.01e-20,True
Complex_22,19,0.9571,0.5307,206,YDR448W,21,1.01e-20,True,39,1.59e-13,True,18,2.27e-11,True,78,1.01e-20,True
Complex_22,19,0.9571,0.5307,862,YPL254W,21,1.01e-20,True,39,1.59e-13,True,18,2.27e-11,True,78,1.01e-20,True
Complex_22,19,0.9571,0.5307,762,YOL135C,21,1.01e-20,True,39,1.59e-13,True,18,2.27e-11,True,78,1.01e-20,True
Complex_22,19,0.9571,0.5307,367,YGR252W,21,1.01e-20,True,39,1.59e-13,True,18,2.27e-11,True,78,1.01e-20,True
Complex_22,19,0.9571,0.5307,371,YGR274C,21,1.01e-20,True,39,1.59e-13,True,18,2.27e-11,True,78,1.01e-20,True
Complex_22,19,0.9571,0.5307,250,YER148W,21,1.01e-20,True,39,1.59e-13,True,18,2.27e-11,True,78,1.01e-20,True
Complex_22,19,0.9571,0.5307,636,YMR005W,21,1.01e-20,True,39,1.59e-13,True,18,2.27e-11,True,78,1.01e-20,True
Complex_23,19,0.9571,0.5307,387,YHR041C,21,1.01e-20,True,39,1.59e-13,True,18,2.27e-11,True,78,1.01e-20,True
Complex_23,19,0.9571,0.5307,389,YHR058C,21,1.01e-20,True,39,1.59e-13,True,18,2.27e-11,True,78,1.01e-20,True
Complex_23,19,0.9571,0.5307,398,YHR099W,21,1.01e-20,True,39,1.59e-13,True,18,2.27e-11,True,78,1.01e-20,True
Complex_23,19,0.9571,0.5307,661,YMR223W,21,1.01e-20,True,39,1.59e-13,True,18,2.27e-11,True,78,1.01e-20,True
Complex_23,19,0.9571,0.5307,664,YMR236W,21,1.01e-20,True,39,1.59e-13,True,18,2.27e-11,True,78,1.01e-20,True
Complex_23,19,0.9571,0.5307,155,YDR145W,21,1.01e-20,True,39,1.59e-13,True,18,2.27e-11,True,78,1.01e-20,True
Complex_23,19,0.9571,0.5307,160,YDR167W,21,1.01e-20,True,39,1.59e-13,True,18,2.27e-11,True,78,1.01e-20,True
Complex_23,19,0.9571,0.5307,298,YGL112C,21,1.01e-20,True,39,1.59e-13,True,18,2.27e-11,True,78,1.01e-20,True
Complex_23,19,0.9571,0.5307,43,YBR081C,21,1.01e-20,True,39,1.59e-13,True,18,2.27e-11,True,78,1.01e-20,True
Complex_23,19,0.9571,0.5307,308,YGL151W,21,1.01e-20,True,39,1.59e-13,True,18,2.27e-11,True,78,1.01e-20,True
Complex_23,19,0.9571,0.5307,67,YBR253W,21,1.01e-20,True,39,1.59e-13,True,18,2.27e-11,True,78,1.01e-20,True
Complex_23,19,0.9571,0.5307,714,YNL236W,21,1.01e-20,True,39,1.59e-13,True,18,2.27e-11,True,78,1.01e-20,True
Complex_23,19,0.9571,0.5307,206,YDR448W,21,1.01e-20,True,39,1.59e-13,True,18,2.27e-11,True,78,1.01e-20,True
Complex_23,19,0.9571,0.5307,862,YPL254W,21,1.01e-20,True,39,1.59e-13,True,18,2.27e-11,True,78,1.01e-20,True
Complex_23,19,0.9571,0.5307,762,YOL135C,21,1.01e-20,True,39,1.59e-13,True,18,2.27e-11,True,78,1.01e-20,True
Complex_23,19,0.9571,0.5307,367,YGR252W,21,1.01e-20,True,39,1.59e-13,True,18,2.27e-11,True,78,1.01e-20,True
Complex_23,19,0.9571,0.5307,371,YGR274C,21,1.01e-20,True,39,1.59e-13,True,18,2.27e-11,True,78,1.01e-20,True
Complex_23,19,0.9571,0.5307,250,YER148W,21,1.01e-20,True,39,1.59e-13,True,18,2.27e-11,True,78,1.01e-20,True
Complex_23,19,0.9571,0.5307,636,YMR005W,21,1.01e-20,True,39,1.59e-13,True,18,2.27e-11,True,78,1.01e-20,True
Complex_24,19,0.9571,0.5307,387,YHR041C,21,1.01e-20,True,39,1.59e-13,True,18,2.27e-11,True,78,1.01e-20,True
Complex_24,19,0.9571,0.5307,389,YHR058C,21,1.01e-20,True,39,1.59e-13,True,18,2.27e-11,True,78,1.01e-20,True
Complex_24,19,0.9571,0.5307,398,YHR099W,21,1.01e-20,True,39,1.59e-13,True,18,2.27e-11,True,78,1.01e-20,True
Complex_24,19,0.9571,0.5307,661,YMR223W,21,1.01e-20,True,39,1.59e-13,True,18,2.27e-11,True,78,1.01e-20,True
Complex_24,19,0.9571,0.5307,664,YMR236W,21,1.01e-20,True,39,1.59e-13,True,18,2.27e-11,True,78,1.01e-20,True
Complex_24,19,0.9571,0.5307,155,YDR145W,21,1.01e-20,True,39,1.59e-13,True,18,2.27e-11,True,78,1.01e-20,True
Complex_24,19,0.9571,0.5307,160,YDR167W,21,1.01e-20,True,39,1.59e-13,True,18,2.27e-11,True,78,1.01e-20,True
Complex_24,19,0.9571,0.5307,298,YGL112C,21,1.01e-20,True,39,1.59e-13,True,18,2.27e-11,True,78,1.01e-20,True
Complex_24,19,0.9571,0.5307,43,YBR081C,21,1.01e-20,True,39,1.59e-13,True,18,2.27e-11,True,78,1.01e-20,True
Complex_24,19,0.9571,0.5307,308,YGL151W,21,1.01e-20,True,39,1.59e-13,True,18,2.27e-11,True,78,1.01e-20,True
Complex_24,19,0.9571,0.5307,67,YBR253W,21,1.01e-20,True,39,1.59e-13,True,18,2.27e-11,True,78,1.01e-20,True
Complex_24,19,0.9571,0.5307,714,YNL236W,21,1.01e-20,True,39,1.59e-13,True,18,2.27e-11,True,78,1.01e-20,True
Complex_24,19,0.9571,0.5307,206,YDR448W,21,1.01e-20,True,39,1.59e-13,True,18,2.27e-11,True,78,1.01e-20,True
Complex_24,19,0.9571,0.5307,862,YPL254W,21,1.01e-20,True,39,1.59e-13,True,18,2.27e-11,True,78,1.01e-20,True
Complex_24,19,0.9571,0.5307,762,YOL135C,21,1.01e-20,True,39,1.59e-13,True,18,2.27e-11,True,78,1.01e-20,True
Complex_24,19,0.9571,0.5307,367,YGR252W,21,1.01e-20,True,39,1.59e-13,True,18,2.27e-11,True,78,1.01e-20,True
Complex_24,19,0.9571,0.5307,371,YGR274C,21,1.01e-20,True,39,1.59e-13,True,18,2.27e-11,True,78,1.01e-20,True
Complex_24,19,0.9571,0.5307,250,YER148W,21,1.01e-20,True,39,1.59e-13,True,18,2.27e-11,True,78,1.01e-20,True
Complex_24,19,0.9571,0.5307,636,YMR005W,21,1.01e-20,True,39,1.59e-13,True,18,2.27e-11,True,78,1.01e-20,True
Complex_25,19,0.9571,0.5307,43,YBR081C,21,1.01e-20,True,39,1.59e-13,True,18,2.27e-11,True,78,1.01e-20,True
Complex_25,19,0.9571,0.5307,298,YGL112C,21,1.01e-20,True,39,1.59e-13,True,18,2.27e-11,True,78,1.01e-20,True
Complex_25,19,0.9571,0.5307,206,YDR448W,21,1.01e-20,True,39,1.59e-13,True,18,2.27e-11,True,78,1.01e-20,True
Complex_25,19,0.9571,0.5307,664,YMR236W,21,1.01e-20,True,39,1.59e-13,True,18,2.27e-11,True,78,1.01e-20,True
Complex_25,19,0.9571,0.5307,160,YDR167W,21,1.01e-20,True,39,1.59e-13,True,18,2.27e-11,True,78,1.01e-20,True
Complex_25,19,0.9571,0.5307,367,YGR252W,21,1.01e-20,True,39,1.59e-13,True,18,2.27e-11,True,78,1.01e-20,True
Complex_25,19,0.9571,0.5307,862,YPL254W,21,1.01e-20,True,39,1.59e-13,True,18,2.27e-11,True,78,1.01e-20,True
Complex_25,19,0.9571,0.5307,661,YMR223W,21,1.01e-20,True,39,1.59e-13,True,18,2.27e-11,True,78,1.01e-20,True
Complex_25,19,0.9571,0.5307,714,YNL236W,21,1.01e-20,True,39,1.59e-13,True,18,2.27e-11,True,78,1.01e-20,True
Complex_25,19,0.9571,0.5307,387,YHR041C,21,1.01e-20,True,39,1.59e-13,True,18,2.27e-11,True,78,1.01e-20,True
Complex_25,19,0.9571,0.5307,389,YHR058C,21,1.01e-20,True,39,1.59e-13,True,18,2.27e-11,True,78,1.01e-20,True
Complex_25,19,0.9571,0.5307,636,YMR005W,21,1.01e-20,True,39,1.59e-13,True,18,2.27e-11,True,78,1.01e-20,True
Complex_25,19,0.9571,0.5307,398,YHR099W,21,1.01e-20,True,39,1.59e-13,True,18,2.27e-11,True,78,1.01e-20,True
Complex_25,19,0.9571,0.5307,762,YOL135C,21,1.01e-20,True,39,1.59e-13,True,18,2.27e-11,True,78,1.01e-20,True
Complex_25,19,0.9571,0.5307,67,YBR253W,21,1.01e-20,True,39,1.59e-13,True,18,2.27e-11,True,78,1.01e-20,True
Complex_25,19,0.9571,0.5307,155,YDR145W,21,1.01e-20,True,39,1.59e-13,True,18,2.27e-11,True,78,1.01e-20,True
Complex_25,19,0.9571,0.5307,371,YGR274C,21,1.01e-20,True,39,1.59e-13,True,18,2.27e-11,True,78,1.01e-20,True
Complex_25,19,0.9571,0.5307,308,YGL151W,21,1.01e-20,True,39,1.59e-13,True,18,2.27e-11,True,78,1.01e-20,True
Complex_25,19,0.9571,0.5307,250,YER148W,21,1.01e-20,True,39,1.59e-13,True,18,2.27e-11,True,78,1.01e-20,True
Complex_26,13,0.9557,0.0256,269,YFR009W,4,6.65e-04,True,0,0.154402,False,7,0.01948,True,11,6.65e-04,True
Complex_26,13,0.9557,0.0256,312,YGL195W,4,6.65e-04,True,0,0.154402,False,7,0.01948,True,11,6.65e-04,True
Complex_26,13,0.9557,0.0256,498,YKL029C,4,6.65e-04,True,0,0.154402,False,7,0.01948,True,11,6.65e-04,True
Complex_26,13,0.9557,0.0256,555,YLR180W,4,6.65e-04,True,0,0.154402,False,7,0.01948,True,11,6.65e-04,True
Complex_26,13,0.9557,0.0256,637,YMR012W,4,6.65e-04,True,0,0.154402,False,7,0.01948,True,11,6.65e-04,True
Complex_26,13,0.9557,0.0256,36,YBR025C,4,6.65e-04,True,0,0.154402,False,7,0.01948,True,11,6.65e-04,True
Complex_26,13,0.9557,0.0256,547,YLR106C,4,6.65e-04,True,0,0.154402,False,7,0.01948,True,11,6.65e-04,True
Complex_26,13,0.9557,0.0256,428,YIL094C,4,6.65e-04,True,0,0.154402,False,7,0.01948,True,11,6.65e-04,True
Complex_26,13,0.9557,0.0256,124,YDL143W,4,6.65e-04,True,0,0.154402,False,7,0.01948,True,11,6.65e-04,True
Complex_26,13,0.9557,0.0256,240,YER086W,4,6.65e-04,True,0,0.154402,False,7,0.01948,True,11,6.65e-04,True
Complex_26,13,0.9557,0.0256,784,YOR136W,4,6.65e-04,True,0,0.154402,False,7,0.01948,True,11,6.65e-04,True
Complex_26,13,0.9557,0.0256,243,YER110C,4,6.65e-04,True,0,0.154402,False,7,0.01948,True,11,6.65e-04,True
Complex_26,13,0.9557,0.0256,265,YFL045C,4,6.65e-04,True,0,0.154402,False,7,0.01948,True,11,6.65e-04,True
Complex_27,16,0.9555,0.7656,22,YBL026W,28,8.18e-31,True,29,5.25e-21,True,1,0.010147,True,58,8.18e-31,True
Complex_27,16,0.9555,0.7656,606,YLR438C-A,28,8.18e-31,True,29,5.25e-21,True,1,0.010147,True,58,8.18e-31,True
Complex_27,16,0.9555,0.7656,458,YJL124C,28,8.18e-31,True,29,5.25e-21,True,1,0.010147,True,58,8.18e-31,True
Complex_27,16,0.9555,0.7656,91,YCR077C,28,8.18e-31,True,29,5.25e-21,True,1,0.010147,True,58,8.18e-31,True
Complex_27,16,0.9555,0.7656,244,YER112W,28,8.18e-31,True,29,5.25e-21,True,1,0.010147,True,58,8.18e-31,True
Complex_27,16,0.9555,0.7656,551,YLR147C,28,8.18e-31,True,29,5.25e-21,True,1,0.010147,True,58,8.18e-31,True
Complex_27,16,0.9555,0.7656,336,YGR091W,28,8.18e-31,True,29,5.25e-21,True,1,0.010147,True,58,8.18e-31,True
Complex_27,16,0.9555,0.7656,249,YER146W,28,8.18e-31,True,29,5.25e-21,True,1,0.010147,True,58,8.18e-31,True
Complex_27,16,0.9555,0.7656,328,YGR074W,28,8.18e-31,True,29,5.25e-21,True,1,0.010147,True,58,8.18e-31,True
Complex_27,16,0.9555,0.7656,117,YDL098C,28,8.18e-31,True,29,5.25e-21,True,1,0.010147,True,58,8.18e-31,True
Complex_27,16,0.9555,0.7656,39,YBR055C,28,8.18e-31,True,29,5.25e-21,True,1,0.010147,True,58,8.18e-31,True
Complex_27,16,0.9555,0.7656,813,YOR308C,28,8.18e-31,True,29,5.25e-21,True,1,0.010147,True,58,8.18e-31,True
Complex_27,16,0.9555,0.7656,408,YHR165C,28,8.18e-31,True,29,5.25e-21,True,1,0.010147,True,58,8.18e-31,True
Complex_27,16,0.9555,0.7656,195,YDR378C,28,8.18e-31,True,29,5.25e-21,True,1,0.010147,True,58,8.18e-31,True
Complex_27,16,0.9555,0.7656,879,YPR082C,28,8.18e-31,True,29,5.25e-21,True,1,0.010147,True,58,8.18e-31,True
Complex_27,16,0.9555,0.7656,257,YER172C,28,8.18e-31,True,29,5.25e-21,True,1,0.010147,True,58,8.18e-31,True
Complex_28,5,0.9493,1.0,322,YGR020C,12,5.01e-14,True,22,1.40e-09,True,16,1.01e-10,True,50,5.01e-14,True
Complex_28,5,0.9493,1.0,816,YOR332W,12,5.01e-14,True,22,1.40e-09,True,16,1.01e-10,True,50,5.01e-14,True
Complex_28,5,0.9493,1.0,873,YPR036W,12,5.01e-14,True,22,1.40e-09,True,16,1.01e-10,True,50,5.01e-14,True
Complex_28,5,0.9493,1.0,49,YBR127C,12,5.01e-14,True,22,1.40e-09,True,16,1.01e-10,True,50,5.01e-14,True
Complex_28,5,0.9493,1.0,502,YKL080W,12,5.01e-14,True,22,1.40e-09,True,16,1.01e-10,True,50,5.01e-14,True
Complex_29,6,0.9481,0.0238,31,YBL087C,1,0.010928,True,0,0.064699,False,0,1.0,False,1,0.010928,True
Complex_29,6,0.9481,0.0238,192,YDR361C,1,0.010928,True,0,0.064699,False,0,1.0,False,1,0.010928,True
Complex_29,6,0.9481,0.0238,853,YPL208W,1,0.010928,True,0,0.064699,False,0,1.0,False,1,0.010928,True
Complex_29,6,0.9481,0.0238,297,YGL111W,1,0.010928,True,0,0.064699,False,0,1.0,False,1,0.010928,True
Complex_29,6,0.9481,0.0238,837,YPL093W,1,0.010928,True,0,0.064699,False,0,1.0,False,1,0.010928,True
Complex_29,6,0.9481,0.0238,670,YMR290C,1,0.010928,True,0,0.064699,False,0,1.0,False,1,0.010928,True
Complex_30,18,0.9477,0.0185,269,YFR009W,6,3.02e-06,True,2,0.043896,True,14,7.45e-04,True,22,3.02e-06,True
Complex_30,18,0.9477,0.0185,312,YGL195W,6,3.02e-06,True,2,0.043896,True,14,7.45e-04,True,22,3.02e-06,True
Complex_30,18,0.9477,0.0185,555,YLR180W,6,3.02e-06,True,2,0.043896,True,14,7.45e-04,True,22,3.02e-06,True
Complex_30,18,0.9477,0.0185,385,YHR020W,6,3.02e-06,True,2,0.043896,True,14,7.45e-04,True,22,3.02e-06,True
Complex_30,18,0.9477,0.0185,637,YMR012W,6,3.02e-06,True,2,0.043896,True,14,7.45e-04,True,22,3.02e-06,True
Complex_30,18,0.9477,0.0185,36,YBR025C,6,3.02e-06,True,2,0.043896,True,14,7.45e-04,True,22,3.02e-06,True
Complex_30,18,0.9477,0.0185,547,YLR106C,6,3.02e-06,True,2,0.043896,True,14,7.45e-04,True,22,3.02e-06,True
Complex_30,18,0.9477,0.0185,498,YKL029C,6,3.02e-06,True,2,0.043896,True,14,7.45e-04,True,22,3.02e-06,True
Complex_30,18,0.9477,0.0185,365,YGR240C,6,3.02e-06,True,2,0.043896,True,14,7.45e-04,True,22,3.02e-06,True
Complex_30,18,0.9477,0.0185,788,YOR151C,6,3.02e-06,True,2,0.043896,True,14,7.45e-04,True,22,3.02e-06,True
Complex_30,18,0.9477,0.0185,428,YIL094C,6,3.02e-06,True,2,0.043896,True,14,7.45e-04,True,22,3.02e-06,True
Complex_30,18,0.9477,0.0185,784,YOR136W,6,3.02e-06,True,2,0.043896,True,14,7.45e-04,True,22,3.02e-06,True
Complex_30,18,0.9477,0.0185,124,YDL143W,6,3.02e-06,True,2,0.043896,True,14,7.45e-04,True,22,3.02e-06,True
Complex_30,18,0.9477,0.0185,216,YDR502C,6,3.02e-06,True,2,0.043896,True,14,7.45e-04,True,22,3.02e-06,True
Complex_30,18,0.9477,0.0185,359,YGR218W,6,3.02e-06,True,2,0.043896,True,14,7.45e-04,True,22,3.02e-06,True
Complex_30,18,0.9477,0.0185,243,YER110C,6,3.02e-06,True,2,0.043896,True,14,7.45e-04,True,22,3.02e-06,True
Complex_30,18,0.9477,0.0185,546,YLR075W,6,3.02e-06,True,2,0.043896,True,14,7.45e-04,True,22,3.02e-06,True
Complex_30,18,0.9477,0.0185,265,YFL045C,6,3.02e-06,True,2,0.043896,True,14,7.45e-04,True,22,3.02e-06,True
Complex_31,5,0.9435,1.0,79,YCR002C,28,4.01e-13,True,44,2.69e-10,True,27,3.99e-10,True,99,4.01e-13,True
Complex_31,5,0.9435,1.0,134,YDL225W,28,4.01e-13,True,44,2.69e-10,True,27,3.99e-10,True,99,4.01e-13,True
Complex_31,5,0.9435,1.0,483,YJR076C,28,4.01e-13,True,44,2.69e-10,True,27,3.99e-10,True,99,4.01e-13,True
Complex_31,5,0.9435,1.0,582,YLR314C,28,4.01e-13,True,44,2.69e-10,True,27,3.99e-10,True,99,4.01e-13,True
Complex_31,5,0.9435,1.0,399,YHR107C,28,4.01e-13,True,44,2.69e-10,True,27,3.99e-10,True,99,4.01e-13,True
Complex_32,8,0.9424,0.7656,426,YIL084C,9,5.84e-15,True,73,1.09e-10,True,2,0.006622,True,84,5.84e-15,True
Complex_32,8,0.9424,0.7656,743,YOL004W,9,5.84e-15,True,73,1.09e-10,True,2,0.006622,True,84,5.84e-15,True
Complex_32,8,0.9424,0.7656,733,YNL330C,9,5.84e-15,True,73,1.09e-10,True,2,0.006622,True,84,5.84e-15,True
Complex_32,8,0.9424,0.7656,849,YPL181W,9,5.84e-15,True,73,1.09e-10,True,2,0.006622,True,84,5.84e-15,True
Complex_32,8,0.9424,0.7656,668,YMR263W,9,5.84e-15,True,73,1.09e-10,True,2,0.006622,True,84,5.84e-15,True
Complex_32,8,0.9424,0.7656,644,YMR075W,9,5.84e-15,True,73,1.09e-10,True,2,0.006622,True,84,5.84e-15,True
Complex_32,8,0.9424,0.7656,869,YPR023C,9,5.84e-15,True,73,1.09e-10,True,2,0.006622,True,84,5.84e-15,True
Complex_32,8,0.9424,0.7656,421,YIL035C,9,5.84e-15,True,73,1.09e-10,True,2,0.006622,True,84,5.84e-15,True
Complex_33,5,0.942,0.6,61,YBR211C,8,1.04e-07,True,17,1.56e-05,True,0,1.0,False,25,1.04e-07,True
Complex_33,5,0.942,0.6,354,YGR179C,8,1.04e-07,True,17,1.56e-05,True,0,1.0,False,25,1.04e-07,True
Complex_33,5,0.942,0.6,174,YDR254W,8,1.04e-07,True,17,1.56e-05,True,0,1.0,False,25,1.04e-07,True
Complex_33,5,0.942,0.6,593,YLR381W,8,1.04e-07,True,17,1.56e-05,True,0,1.0,False,25,1.04e-07,True
Complex_33,5,0.942,0.6,197,YDR383C,8,1.04e-07,True,17,1.56e-05,True,0,1.0,False,25,1.04e-07,True
Complex_34,29,0.9417,0.2874,69,YBR267W,15,8.93e-22,True,38,2.98e-23,True,7,8.83e-06,True,60,2.98e-23,True
Complex_34,29,0.9417,0.2874,293,YGL099W,15,8.93e-22,True,38,2.98e-23,True,7,8.83e-06,True,60,2.98e-23,True
Complex_34,29,0.9417,0.2874,150,YDR101C,15,8.93e-22,True,38,2.98e-23,True,7,8.83e-06,True,60,2.98e-23,True
Complex_34,29,0.9417,0.2874,676,YNL002C,15,8.93e-22,True,38,2.98e-23,True,7,8.83e-06,True,60,2.98e-23,True
Complex_34,29,0.9417,0.2874,740,YNR053C,15,8.93e-22,True,38,2.98e-23,True,7,8.83e-06,True,60,2.98e-23,True
Complex_34,29,0.9417,0.2874,228,YER006W,15,8.93e-22,True,38,2.98e-23,True,7,8.83e-06,True,60,2.98e-23,True
Complex_34,29,0.9417,0.2874,867,YPR016C,15,8.93e-22,True,38,2.98e-23,True,7,8.83e-06,True,60,2.98e-23,True
Complex_34,29,0.9417,0.2874,495,YKL009W,15,8.93e-22,True,38,2.98e-23,True,7,8.83e-06,True,60,2.98e-23,True
Complex_34,29,0.9417,0.2874,547,YLR106C,15,8.93e-22,True,38,2.98e-23,True,7,8.83e-06,True,60,2.98e-23,True
Complex_34,29,0.9417,0.2874,837,YPL093W,15,8.93e-22,True,38,2.98e-23,True,7,8.83e-06,True,60,2.98e-23,True
Complex_34,29,0.9417,0.2874,854,YPL211W,15,8.93e-22,True,38,2.98e-23,True,7,8.83e-06,True,60,2.98e-23,True
Complex_34,29,0.9417,0.2874,416,YHR197W,15,8.93e-22,True,38,2.98e-23,True,7,8.83e-06,True,60,2.98e-23,True
Complex_34,29,0.9417,0.2874,366,YGR245C,15,8.93e-22,True,38,2.98e-23,True,7,8.83e-06,True,60,2.98e-23,True
Complex_34,29,0.9417,0.2874,706,YNL182C,15,8.93e-22,True,38,2.98e-23,True,7,8.83e-06,True,60,2.98e-23,True
Complex_34,29,0.9417,0.2874,246,YER126C,15,8.93e-22,True,38,2.98e-23,True,7,8.83e-06,True,60,2.98e-23,True
Complex_34,29,0.9417,0.2874,338,YGR103W,15,8.93e-22,True,38,2.98e-23,True,7,8.83e-06,True,60,2.98e-23,True
Complex_34,29,0.9417,0.2874,388,YHR052W,15,8.93e-22,True,38,2.98e-23,True,7,8.83e-06,True,60,2.98e-23,True
Complex_34,29,0.9417,0.2874,529,YKR081C,15,8.93e-22,True,38,2.98e-23,True,7,8.83e-06,True,60,2.98e-23,True
Complex_34,29,0.9417,0.2874,90,YCR072C,15,8.93e-22,True,38,2.98e-23,True,7,8.83e-06,True,60,2.98e-23,True
Complex_34,29,0.9417,0.2874,861,YPL249C-A,15,8.93e-22,True,38,2.98e-23,True,7,8.83e-06,True,60,2.98e-23,True
Complex_34,29,0.9417,0.2874,694,YNL110C,15,8.93e-22,True,38,2.98e-23,True,7,8.83e-06,True,60,2.98e-23,True
Complex_34,29,0.9417,0.2874,538,YLL045C,15,8.93e-22,True,38,2.98e-23,True,7,8.83e-06,True,60,2.98e-23,True
Complex_34,29,0.9417,0.2874,100,YDL031W,15,8.93e-22,True,38,2.98e-23,True,7,8.83e-06,True,60,2.98e-23,True
Complex_34,29,0.9417,0.2874,775,YOR063W,15,8.93e-22,True,38,2.98e-23,True,7,8.83e-06,True,60,2.98e-23,True
Complex_34,29,0.9417,0.2874,295,YGL103W,15,8.93e-22,True,38,2.98e-23,True,7,8.83e-06,True,60,2.98e-23,True
Complex_34,29,0.9417,0.2874,111,YDL075W,15,8.93e-22,True,38,2.98e-23,True,7,8.83e-06,True,60,2.98e-23,True
Complex_34,29,0.9417,0.2874,282,YGL030W,15,8.93e-22,True,38,2.98e-23,True,7,8.83e-06,True,60,2.98e-23,True
Complex_34,29,0.9417,0.2874,658,YMR194W,15,8.93e-22,True,38,2.98e-23,True,7,8.83e-06,True,60,2.98e-23,True
Complex_34,29,0.9417,0.2874,411,YHR170W,15,8.93e-22,True,38,2.98e-23,True,7,8.83e-06,True,60,2.98e-23,True
Complex_35,5,0.9408,0.04,430,YIL103W,0,1.0,False,0,0.052543,False,1,0.003241,True,1,0.003241,True
Complex_35,5,0.9408,0.04,515,YKL191W,0,1.0,False,0,0.052543,False,1,0.003241,True,1,0.003241,True
Complex_35,5,0.9408,0.04,783,YOR133W,0,1.0,False,0,0.052543,False,1,0.003241,True,1,0.003241,True
Complex_35,5,0.9408,0.04,788,YOR151C,0,1.0,False,0,0.052543,False,1,0.003241,True,1,0.003241,True
Complex_35,5,0.9408,0.04,240,YER086W,0,1.0,False,0,0.052543,False,1,0.003241,True,1,0.003241,True
Complex_36,13,0.9346,0.2308,153,YDR121W,17,2.66e-11,True,46,7.98e-05,True,29,4.19e-05,True,92,2.66e-11,True
Complex_36,13,0.9346,0.2308,304,YGL133W,17,2.66e-11,True,46,7.98e-05,True,29,4.19e-05,True,92,2.66e-11,True
Complex_36,13,0.9346,0.2308,812,YOR304W,17,2.66e-11,True,46,7.98e-05,True,29,4.19e-05,True,92,2.66e-11,True
Complex_36,13,0.9346,0.2308,271,YFR013W,17,2.66e-11,True,46,7.98e-05,True,29,4.19e-05,True,92,2.66e-11,True
Complex_36,13,0.9346,0.2308,781,YOR116C,17,2.66e-11,True,46,7.98e-05,True,29,4.19e-05,True,92,2.66e-11,True
Complex_36,13,0.9346,0.2308,64,YBR245C,17,2.66e-11,True,46,7.98e-05,True,29,4.19e-05,True,92,2.66e-11,True
Complex_36,13,0.9346,0.2308,276,YFR037C,17,2.66e-11,True,46,7.98e-05,True,29,4.19e-05,True,92,2.66e-11,True
Complex_36,13,0.9346,0.2308,432,YIL126W,17,2.66e-11,True,46,7.98e-05,True,29,4.19e-05,True,92,2.66e-11,True
Complex_36,13,0.9346,0.2308,895,YPR175W,17,2.66e-11,True,46,7.98e-05,True,29,4.19e-05,True,92,2.66e-11,True
Complex_36,13,0.9346,0.2308,167,YDR224C,17,2.66e-11,True,46,7.98e-05,True,29,4.19e-05,True,92,2.66e-11,True
Complex_36,13,0.9346,0.2308,516,YKR001C,17,2.66e-11,True,46,7.98e-05,True,29,4.19e-05,True,92,2.66e-11,True
Complex_36,13,0.9346,0.2308,164,YDR190C,17,2.66e-11,True,46,7.98e-05,True,29,4.19e-05,True,92,2.66e-11,True
Complex_36,13,0.9346,0.2308,722,YNL262W,17,2.66e-11,True,46,7.98e-05,True,29,4.19e-05,True,92,2.66e-11,True
Complex_37,5,0.9345,0.6,296,YGL105W,4,1.71e-07,True,4,0.003388,True,0,0.064145,False,8,1.71e-07,True
Complex_37,5,0.9345,0.6,370,YGR264C,4,1.71e-07,True,4,0.003388,True,0,0.064145,False,8,1.71e-07,True
Complex_37,5,0.9345,0.6,317,YGL245W,4,1.71e-07,True,4,0.003388,True,0,0.064145,False,8,1.71e-07,True
Complex_37,5,0.9345,0.6,866,YPR010C,4,1.71e-07,True,4,0.003388,True,0,0.064145,False,8,1.71e-07,True
Complex_37,5,0.9345,0.6,240,YER086W,4,1.71e-07,True,4,0.003388,True,0,0.064145,False,8,1.71e-07,True
Complex_38,12,0.9337,0.0278,312,YGL195W,5,0.002605,True,0,0.058528,False,13,4.12e-04,True,18,4.12e-04,True
Complex_38,12,0.9337,0.0278,784,YOR136W,5,0.002605,True,0,0.058528,False,13,4.12e-04,True,18,4.12e-04,True
Complex_38,12,0.9337,0.0278,428,YIL094C,5,0.002605,True,0,0.058528,False,13,4.12e-04,True,18,4.12e-04,True
Complex_38,12,0.9337,0.0278,498,YKL029C,5,0.002605,True,0,0.058528,False,13,4.12e-04,True,18,4.12e-04,True
Complex_38,12,0.9337,0.0278,36,YBR025C,5,0.002605,True,0,0.058528,False,13,4.12e-04,True,18,4.12e-04,True
Complex_38,12,0.9337,0.0278,555,YLR180W,5,0.002605,True,0,0.058528,False,13,4.12e-04,True,18,4.12e-04,True
Complex_38,12,0.9337,0.0278,124,YDL143W,5,0.002605,True,0,0.058528,False,13,4.12e-04,True,18,4.12e-04,True
Complex_38,12,0.9337,0.0278,859,YPL235W,5,0.002605,True,0,0.058528,False,13,4.12e-04,True,18,4.12e-04,True
Complex_38,12,0.9337,0.0278,269,YFR009W,5,0.002605,True,0,0.058528,False,13,4.12e-04,True,18,4.12e-04,True
Complex_38,12,0.9337,0.0278,680,YNL037C,5,0.002605,True,0,0.058528,False,13,4.12e-04,True,18,4.12e-04,True
Complex_38,12,0.9337,0.0278,243,YER110C,5,0.002605,True,0,0.058528,False,13,4.12e-04,True,18,4.12e-04,True
Complex_38,12,0.9337,0.0278,265,YFL045C,5,0.002605,True,0,0.058528,False,13,4.12e-04,True,18,4.12e-04,True
Complex_39,61,0.9317,0.1967,90,YCR072C,24,1.15e-53,True,48,1.39e-44,True,12,1.40e-14,True,84,1.15e-53,True
Complex_39,61,0.9317,0.1967,740,YNR053C,24,1.15e-53,True,48,1.39e-44,True,12,1.40e-14,True,84,1.15e-53,True
Complex_39,61,0.9317,0.1967,837,YPL093W,24,1.15e-53,True,48,1.39e-44,True,12,1.40e-14,True,84,1.15e-53,True
Complex_39,61,0.9317,0.1967,545,YLR074C,24,1.15e-53,True,48,1.39e-44,True,12,1.40e-14,True,84,1.15e-53,True
Complex_39,61,0.9317,0.1967,584,YLR325C,24,1.15e-53,True,48,1.39e-44,True,12,1.40e-14,True,84,1.15e-53,True
Complex_39,61,0.9317,0.1967,246,YER126C,24,1.15e-53,True,48,1.39e-44,True,12,1.40e-14,True,84,1.15e-53,True
Complex_39,61,0.9317,0.1967,676,YNL002C,24,1.15e-53,True,48,1.39e-44,True,12,1.40e-14,True,84,1.15e-53,True
Complex_39,61,0.9317,0.1967,228,YER006W,24,1.15e-53,True,48,1.39e-44,True,12,1.40e-14,True,84,1.15e-53,True
Complex_39,61,0.9317,0.1967,867,YPR016C,24,1.15e-53,True,48,1.39e-44,True,12,1.40e-14,True,84,1.15e-53,True
Complex_39,61,0.9317,0.1967,495,YKL009W,24,1.15e-53,True,48,1.39e-44,True,12,1.40e-14,True,84,1.15e-53,True
Complex_39,61,0.9317,0.1967,683,YNL061W,24,1.15e-53,True,48,1.39e-44,True,12,1.40e-14,True,84,1.15e-53,True
Complex_39,61,0.9317,0.1967,533,YLL008W,24,1.15e-53,True,48,1.39e-44,True,12,1.40e-14,True,84,1.15e-53,True
Complex_39,61,0.9317,0.1967,539,YLR002C,24,1.15e-53,True,48,1.39e-44,True,12,1.40e-14,True,84,1.15e-53,True
Complex_39,61,0.9317,0.1967,854,YPL211W,24,1.15e-53,True,48,1.39e-44,True,12,1.40e-14,True,84,1.15e-53,True
Complex_39,61,0.9317,0.1967,547,YLR106C,24,1.15e-53,True,48,1.39e-44,True,12,1.40e-14,True,84,1.15e-53,True
Complex_39,61,0.9317,0.1967,416,YHR197W,24,1.15e-53,True,48,1.39e-44,True,12,1.40e-14,True,84,1.15e-53,True
Complex_39,61,0.9317,0.1967,366,YGR245C,24,1.15e-53,True,48,1.39e-44,True,12,1.40e-14,True,84,1.15e-53,True
Complex_39,61,0.9317,0.1967,706,YNL182C,24,1.15e-53,True,48,1.39e-44,True,12,1.40e-14,True,84,1.15e-53,True
Complex_39,61,0.9317,0.1967,297,YGL111W,24,1.15e-53,True,48,1.39e-44,True,12,1.40e-14,True,84,1.15e-53,True
Complex_39,61,0.9317,0.1967,150,YDR101C,24,1.15e-53,True,48,1.39e-44,True,12,1.40e-14,True,84,1.15e-53,True
Complex_39,61,0.9317,0.1967,808,YOR272W,24,1.15e-53,True,48,1.39e-44,True,12,1.40e-14,True,84,1.15e-53,True
Complex_39,61,0.9317,0.1967,338,YGR103W,24,1.15e-53,True,48,1.39e-44,True,12,1.40e-14,True,84,1.15e-53,True
Complex_39,61,0.9317,0.1967,258,YFL002C,24,1.15e-53,True,48,1.39e-44,True,12,1.40e-14,True,84,1.15e-53,True
Complex_39,61,0.9317,0.1967,670,YMR290C,24,1.15e-53,True,48,1.39e-44,True,12,1.40e-14,True,84,1.15e-53,True
Complex_39,61,0.9317,0.1967,755,YOL077C,24,1.15e-53,True,48,1.39e-44,True,12,1.40e-14,True,84,1.15e-53,True
Complex_39,61,0.9317,0.1967,393,YHR085W,24,1.15e-53,True,48,1.39e-44,True,12,1.40e-14,True,84,1.15e-53,True
Complex_39,61,0.9317,0.1967,642,YMR049C,24,1.15e-53,True,48,1.39e-44,True,12,1.40e-14,True,84,1.15e-53,True
Complex_39,61,0.9317,0.1967,388,YHR052W,24,1.15e-53,True,48,1.39e-44,True,12,1.40e-14,True,84,1.15e-53,True
Complex_39,61,0.9317,0.1967,529,YKR081C,24,1.15e-53,True,48,1.39e-44,True,12,1.40e-14,True,84,1.15e-53,True
Complex_39,61,0.9317,0.1967,796,YOR206W,24,1.15e-53,True,48,1.39e-44,True,12,1.40e-14,True,84,1.15e-53,True
Complex_39,61,0.9317,0.1967,215,YDR496C,24,1.15e-53,True,48,1.39e-44,True,12,1.40e-14,True,84,1.15e-53,True
Complex_39,61,0.9317,0.1967,861,YPL249C-A,24,1.15e-53,True,48,1.39e-44,True,12,1.40e-14,True,84,1.15e-53,True
Complex_39,61,0.9317,0.1967,611,YLR449W,24,1.15e-53,True,48,1.39e-44,True,12,1.40e-14,True,84,1.15e-53,True
Complex_39,61,0.9317,0.1967,142,YDR060W,24,1.15e-53,True,48,1.39e-44,True,12,1.40e-14,True,84,1.15e-53,True
Complex_39,61,0.9317,0.1967,694,YNL110C,24,1.15e-53,True,48,1.39e-44,True,12,1.40e-14,True,84,1.15e-53,True
Complex_39,61,0.9317,0.1967,289,YGL076C,24,1.15e-53,True,48,1.39e-44,True,12,1.40e-14,True,84,1.15e-53,True
Complex_39,61,0.9317,0.1967,538,YLL045C,24,1.15e-53,True,48,1.39e-44,True,12,1.40e-14,True,84,1.15e-53,True
Complex_39,61,0.9317,0.1967,267,YFR001W,24,1.15e-53,True,48,1.39e-44,True,12,1.40e-14,True,84,1.15e-53,True
Complex_39,61,0.9317,0.1967,31,YBL087C,24,1.15e-53,True,48,1.39e-44,True,12,1.40e-14,True,84,1.15e-53,True
Complex_39,61,0.9317,0.1967,100,YDL031W,24,1.15e-53,True,48,1.39e-44,True,12,1.40e-14,True,84,1.15e-53,True
Complex_39,61,0.9317,0.1967,574,YLR276C,24,1.15e-53,True,48,1.39e-44,True,12,1.40e-14,True,84,1.15e-53,True
Complex_39,61,0.9317,0.1967,829,YPL043W,24,1.15e-53,True,48,1.39e-44,True,12,1.40e-14,True,84,1.15e-53,True
Complex_39,61,0.9317,0.1967,512,YKL172W,24,1.15e-53,True,48,1.39e-44,True,12,1.40e-14,True,84,1.15e-53,True
Complex_39,61,0.9317,0.1967,775,YOR063W,24,1.15e-53,True,48,1.39e-44,True,12,1.40e-14,True,84,1.15e-53,True
Complex_39,61,0.9317,0.1967,77,YCL054W,24,1.15e-53,True,48,1.39e-44,True,12,1.40e-14,True,84,1.15e-53,True
Complex_39,61,0.9317,0.1967,395,YHR088W,24,1.15e-53,True,48,1.39e-44,True,12,1.40e-14,True,84,1.15e-53,True
Complex_39,61,0.9317,0.1967,627,YML073C,24,1.15e-53,True,48,1.39e-44,True,12,1.40e-14,True,84,1.15e-53,True
Complex_39,61,0.9317,0.1967,536,YLL034C,24,1.15e-53,True,48,1.39e-44,True,12,1.40e-14,True,84,1.15e-53,True
Complex_39,61,0.9317,0.1967,882,YPR102C,24,1.15e-53,True,48,1.39e-44,True,12,1.40e-14,True,84,1.15e-53,True
Complex_39,61,0.9317,0.1967,334,YGR085C,24,1.15e-53,True,48,1.39e-44,True,12,1.40e-14,True,84,1.15e-53,True
Complex_39,61,0.9317,0.1967,295,YGL103W,24,1.15e-53,True,48,1.39e-44,True,12,1.40e-14,True,84,1.15e-53,True
Complex_39,61,0.9317,0.1967,843,YPL131W,24,1.15e-53,True,48,1.39e-44,True,12,1.40e-14,True,84,1.15e-53,True
Complex_39,61,0.9317,0.1967,282,YGL030W,24,1.15e-53,True,48,1.39e-44,True,12,1.40e-14,True,84,1.15e-53,True
Complex_39,61,0.9317,0.1967,211,YDR471W,24,1.15e-53,True,48,1.39e-44,True,12,1.40e-14,True,84,1.15e-53,True
Complex_39,61,0.9317,0.1967,761,YOL127W,24,1.15e-53,True,48,1.39e-44,True,12,1.40e-14,True,84,1.15e-53,True
Complex_39,61,0.9317,0.1967,113,YDL082W,24,1.15e-53,True,48,1.39e-44,True,12,1.40e-14,True,84,1.15e-53,True
Complex_39,61,0.9317,0.1967,540,YLR029C,24,1.15e-53,True,48,1.39e-44,True,12,1.40e-14,True,84,1.15e-53,True
Complex_39,61,0.9317,0.1967,306,YGL147C,24,1.15e-53,True,48,1.39e-44,True,12,1.40e-14,True,84,1.15e-53,True
Complex_39,61,0.9317,0.1967,383,YHR010W,24,1.15e-53,True,48,1.39e-44,True,12,1.40e-14,True,84,1.15e-53,True
Complex_39,61,0.9317,0.1967,851,YPL198W,24,1.15e-53,True,48,1.39e-44,True,12,1.40e-14,True,84,1.15e-53,True
Complex_39,61,0.9317,0.1967,667,YMR242C,24,1.15e-53,True,48,1.39e-44,True,12,1.40e-14,True,84,1.15e-53,True
Complex_40,28,0.9295,0.6857,169,YDR235W,33,5.80e-50,True,25,2.71e-39,True,3,2.18e-08,True,61,5.80e-50,True
Complex_40,28,0.9295,0.6857,321,YGR013W,33,5.80e-50,True,25,2.71e-39,True,3,2.18e-08,True,61,5.80e-50,True
Complex_40,28,0.9295,0.6857,422,YIL061C,33,5.80e-50,True,25,2.71e-39,True,3,2.18e-08,True,61,5.80e-50,True
Complex_40,28,0.9295,0.6857,394,YHR086W,33,5.80e-50,True,25,2.71e-39,True,3,2.18e-08,True,61,5.80e-50,True
Complex_40,28,0.9295,0.6857,172,YDR240C,33,5.80e-50,True,25,2.71e-39,True,3,2.18e-08,True,61,5.80e-50,True
Complex_40,28,0.9295,0.6857,328,YGR074W,33,5.80e-50,True,25,2.71e-39,True,3,2.18e-08,True,61,5.80e-50,True
Complex_40,28,0.9295,0.6857,551,YLR147C,33,5.80e-50,True,25,2.71e-39,True,3,2.18e-08,True,61,5.80e-50,True
Complex_40,28,0.9295,0.6857,458,YJL124C,33,5.80e-50,True,25,2.71e-39,True,3,2.18e-08,True,61,5.80e-50,True
Complex_40,28,0.9295,0.6857,336,YGR091W,33,5.80e-50,True,25,2.71e-39,True,3,2.18e-08,True,61,5.80e-50,True
Complex_40,28,0.9295,0.6857,22,YBL026W,33,5.80e-50,True,25,2.71e-39,True,3,2.18e-08,True,61,5.80e-50,True
Complex_40,28,0.9295,0.6857,666,YMR240C,33,5.80e-50,True,25,2.71e-39,True,3,2.18e-08,True,61,5.80e-50,True
Complex_40,28,0.9295,0.6857,877,YPR057W,33,5.80e-50,True,25,2.71e-39,True,3,2.18e-08,True,61,5.80e-50,True
Complex_40,28,0.9295,0.6857,117,YDL098C,33,5.80e-50,True,25,2.71e-39,True,3,2.18e-08,True,61,5.80e-50,True
Complex_40,28,0.9295,0.6857,244,YER112W,33,5.80e-50,True,25,2.71e-39,True,3,2.18e-08,True,61,5.80e-50,True
Complex_40,28,0.9295,0.6857,855,YPL213W,33,5.80e-50,True,25,2.71e-39,True,3,2.18e-08,True,61,5.80e-50,True
Complex_40,28,0.9295,0.6857,537,YLL036C,33,5.80e-50,True,25,2.71e-39,True,3,2.18e-08,True,61,5.80e-50,True
Complex_40,28,0.9295,0.6857,103,YDL043C,33,5.80e-50,True,25,2.71e-39,True,3,2.18e-08,True,61,5.80e-50,True
Complex_40,28,0.9295,0.6857,813,YOR308C,33,5.80e-50,True,25,2.71e-39,True,3,2.18e-08,True,61,5.80e-50,True
Complex_40,28,0.9295,0.6857,39,YBR055C,33,5.80e-50,True,25,2.71e-39,True,3,2.18e-08,True,61,5.80e-50,True
Complex_40,28,0.9295,0.6857,91,YCR077C,33,5.80e-50,True,25,2.71e-39,True,3,2.18e-08,True,61,5.80e-50,True
Complex_40,28,0.9295,0.6857,790,YOR159C,33,5.80e-50,True,25,2.71e-39,True,3,2.18e-08,True,61,5.80e-50,True
Complex_40,28,0.9295,0.6857,408,YHR165C,33,5.80e-50,True,25,2.71e-39,True,3,2.18e-08,True,61,5.80e-50,True
Complex_40,28,0.9295,0.6857,195,YDR378C,33,5.80e-50,True,25,2.71e-39,True,3,2.18e-08,True,61,5.80e-50,True
Complex_40,28,0.9295,0.6857,848,YPL178W,33,5.80e-50,True,25,2.71e-39,True,3,2.18e-08,True,61,5.80e-50,True
Complex_40,28,0.9295,0.6857,879,YPR082C,33,5.80e-50,True,25,2.71e-39,True,3,2.18e-08,True,61,5.80e-50,True
Complex_40,28,0.9295,0.6857,470,YJL203W,33,5.80e-50,True,25,2.71e-39,True,3,2.18e-08,True,61,5.80e-50,True
Complex_40,28,0.9295,0.6857,257,YER172C,33,5.80e-50,True,25,2.71e-39,True,3,2.18e-08,True,61,5.80e-50,True
Complex_40,28,0.9295,0.6857,30,YBL074C,33,5.80e-50,True,25,2.71e-39,True,3,2.18e-08,True,61,5.80e-50,True
Complex_41,32,0.9293,0.73,22,YBL026W,41,1.63e-49,True,25,1.86e-45,True,4,1.15e-07,True,70,1.63e-49,True
Complex_41,32,0.9293,0.73,39,YBR055C,41,1.63e-49,True,25,1.86e-45,True,4,1.15e-07,True,70,1.63e-49,True
Complex_41,32,0.9293,0.73,408,YHR165C,41,1.63e-49,True,25,1.86e-45,True,4,1.15e-07,True,70,1.63e-49,True
Complex_41,32,0.9293,0.73,249,YER146W,41,1.63e-49,True,25,1.86e-45,True,4,1.15e-07,True,70,1.63e-49,True
Complex_41,32,0.9293,0.73,91,YCR077C,41,1.63e-49,True,25,1.86e-45,True,4,1.15e-07,True,70,1.63e-49,True
Complex_41,32,0.9293,0.73,458,YJL124C,41,1.63e-49,True,25,1.86e-45,True,4,1.15e-07,True,70,1.63e-49,True
Complex_41,32,0.9293,0.73,195,YDR378C,41,1.63e-49,True,25,1.86e-45,True,4,1.15e-07,True,70,1.63e-49,True
Complex_41,32,0.9293,0.73,244,YER112W,41,1.63e-49,True,25,1.86e-45,True,4,1.15e-07,True,70,1.63e-49,True
Complex_41,32,0.9293,0.73,551,YLR147C,41,1.63e-49,True,25,1.86e-45,True,4,1.15e-07,True,70,1.63e-49,True
Complex_41,32,0.9293,0.73,336,YGR091W,41,1.63e-49,True,25,1.86e-45,True,4,1.15e-07,True,70,1.63e-49,True
Complex_41,32,0.9293,0.73,881,YPR101W,41,1.63e-49,True,25,1.86e-45,True,4,1.15e-07,True,70,1.63e-49,True
Complex_41,32,0.9293,0.73,321,YGR013W,41,1.63e-49,True,25,1.86e-45,True,4,1.15e-07,True,70,1.63e-49,True
Complex_41,32,0.9293,0.73,422,YIL061C,41,1.63e-49,True,25,1.86e-45,True,4,1.15e-07,True,70,1.63e-49,True
Complex_41,32,0.9293,0.73,172,YDR240C,41,1.63e-49,True,25,1.86e-45,True,4,1.15e-07,True,70,1.63e-49,True
Complex_41,32,0.9293,0.73,328,YGR074W,41,1.63e-49,True,25,1.86e-45,True,4,1.15e-07,True,70,1.63e-49,True
Complex_41,32,0.9293,0.73,666,YMR240C,41,1.63e-49,True,25,1.86e-45,True,4,1.15e-07,True,70,1.63e-49,True
Complex_41,32,0.9293,0.73,606,YLR438C-A,41,1.63e-49,True,25,1.86e-45,True,4,1.15e-07,True,70,1.63e-49,True
Complex_41,32,0.9293,0.73,537,YLL036C,41,1.63e-49,True,25,1.86e-45,True,4,1.15e-07,True,70,1.63e-49,True
Complex_41,32,0.9293,0.73,117,YDL098C,41,1.63e-49,True,25,1.86e-45,True,4,1.15e-07,True,70,1.63e-49,True
Complex_41,32,0.9293,0.73,855,YPL213W,41,1.63e-49,True,25,1.86e-45,True,4,1.15e-07,True,70,1.63e-49,True
Complex_41,32,0.9293,0.73,201,YDR416W,41,1.63e-49,True,25,1.86e-45,True,4,1.15e-07,True,70,1.63e-49,True
Complex_41,32,0.9293,0.73,813,YOR308C,41,1.63e-49,True,25,1.86e-45,True,4,1.15e-07,True,70,1.63e-49,True
Complex_41,32,0.9293,0.73,103,YDL043C,41,1.63e-49,True,25,1.86e-45,True,4,1.15e-07,True,70,1.63e-49,True
Complex_41,32,0.9293,0.73,790,YOR159C,41,1.63e-49,True,25,1.86e-45,True,4,1.15e-07,True,70,1.63e-49,True
Complex_41,32,0.9293,0.73,41,YBR065C,41,1.63e-49,True,25,1.86e-45,True,4,1.15e-07,True,70,1.63e-49,True
Complex_41,32,0.9293,0.73,372,YGR278W,41,1.63e-49,True,25,1.86e-45,True,4,1.15e-07,True,70,1.63e-49,True
Complex_41,32,0.9293,0.73,879,YPR082C,41,1.63e-49,True,25,1.86e-45,True,4,1.15e-07,True,70,1.63e-49,True
Complex_41,32,0.9293,0.73,470,YJL203W,41,1.63e-49,True,25,1.86e-45,True,4,1.15e-07,True,70,1.63e-49,True
Complex_41,32,0.9293,0.73,601,YLR424W,41,1.63e-49,True,25,1.86e-45,True,4,1.15e-07,True,70,1.63e-49,True
Complex_41,32,0.9293,0.73,257,YER172C,41,1.63e-49,True,25,1.86e-45,True,4,1.15e-07,True,70,1.63e-49,True
Complex_41,32,0.9293,0.73,30,YBL074C,41,1.63e-49,True,25,1.86e-45,True,4,1.15e-07,True,70,1.63e-49,True
Complex_41,32,0.9293,0.73,300,YGL120C,41,1.63e-49,True,25,1.86e-45,True,4,1.15e-07,True,70,1.63e-49,True
Complex_42,13,0.929,0.547,169,YDR235W,21,4.50e-19,True,23,6.08e-16,True,4,0.005688,True,48,4.50e-19,True
Complex_42,13,0.929,0.547,321,YGR013W,21,4.50e-19,True,23,6.08e-16,True,4,0.005688,True,48,4.50e-19,True
Complex_42,13,0.929,0.547,422,YIL061C,21,4.50e-19,True,23,6.08e-16,True,4,0.005688,True,48,4.50e-19,True
Complex_42,13,0.929,0.547,394,YHR086W,21,4.50e-19,True,23,6.08e-16,True,4,0.005688,True,48,4.50e-19,True
Complex_42,13,0.929,0.547,172,YDR240C,21,4.50e-19,True,23,6.08e-16,True,4,0.005688,True,48,4.50e-19,True
Complex_42,13,0.929,0.547,848,YPL178W,21,4.50e-19,True,23,6.08e-16,True,4,0.005688,True,48,4.50e-19,True
Complex_42,13,0.929,0.547,551,YLR147C,21,4.50e-19,True,23,6.08e-16,True,4,0.005688,True,48,4.50e-19,True
Complex_42,13,0.929,0.547,877,YPR057W,21,4.50e-19,True,23,6.08e-16,True,4,0.005688,True,48,4.50e-19,True
Complex_42,13,0.929,0.547,328,YGR074W,21,4.50e-19,True,23,6.08e-16,True,4,0.005688,True,48,4.50e-19,True
Complex_42,13,0.929,0.547,39,YBR055C,21,4.50e-19,True,23,6.08e-16,True,4,0.005688,True,48,4.50e-19,True
Complex_42,13,0.929,0.547,408,YHR165C,21,4.50e-19,True,23,6.08e-16,True,4,0.005688,True,48,4.50e-19,True
Complex_42,13,0.929,0.547,590,YLR347C,21,4.50e-19,True,23,6.08e-16,True,4,0.005688,True,48,4.50e-19,True
Complex_42,13,0.929,0.547,257,YER172C,21,4.50e-19,True,23,6.08e-16,True,4,0.005688,True,48,4.50e-19,True
Complex_43,29,0.9275,0.5193,167,YDR224C,24,3.30e-33,True,43,4.79e-32,True,20,5.99e-25,True,87,3.30e-33,True
Complex_43,29,0.9275,0.5193,781,YOR116C,24,3.30e-33,True,43,4.79e-32,True,20,5.99e-25,True,87,3.30e-33,True
Complex_43,29,0.9275,0.5193,812,YOR304W,24,3.30e-33,True,43,4.79e-32,True,20,5.99e-25,True,87,3.30e-33,True
Complex_43,29,0.9275,0.5193,54,YBR154C,24,3.30e-33,True,43,4.79e-32,True,20,5.99e-25,True,87,3.30e-33,True
Complex_43,29,0.9275,0.5193,798,YOR210W,24,3.30e-33,True,43,4.79e-32,True,20,5.99e-25,True,87,3.30e-33,True
Complex_43,29,0.9275,0.5193,897,YPR187W,24,3.30e-33,True,43,4.79e-32,True,20,5.99e-25,True,87,3.30e-33,True
Complex_43,29,0.9275,0.5193,884,YPR110C,24,3.30e-33,True,43,4.79e-32,True,20,5.99e-25,True,87,3.30e-33,True
Complex_43,29,0.9275,0.5193,800,YOR224C,24,3.30e-33,True,43,4.79e-32,True,20,5.99e-25,True,87,3.30e-33,True
Complex_43,29,0.9275,0.5193,702,YNL151C,24,3.30e-33,True,43,4.79e-32,True,20,5.99e-25,True,87,3.30e-33,True
Complex_43,29,0.9275,0.5193,899,YPR190C,24,3.30e-33,True,43,4.79e-32,True,20,5.99e-25,True,87,3.30e-33,True
Complex_43,29,0.9275,0.5193,304,YGL133W,24,3.30e-33,True,43,4.79e-32,True,20,5.99e-25,True,87,3.30e-33,True
Complex_43,29,0.9275,0.5193,153,YDR121W,24,3.30e-33,True,43,4.79e-32,True,20,5.99e-25,True,87,3.30e-33,True
Complex_43,29,0.9275,0.5193,508,YKL144C,24,3.30e-33,True,43,4.79e-32,True,20,5.99e-25,True,87,3.30e-33,True
Complex_43,29,0.9275,0.5193,520,YKR025W,24,3.30e-33,True,43,4.79e-32,True,20,5.99e-25,True,87,3.30e-33,True
Complex_43,29,0.9275,0.5193,141,YDR045C,24,3.30e-33,True,43,4.79e-32,True,20,5.99e-25,True,87,3.30e-33,True
Complex_43,29,0.9275,0.5193,797,YOR207C,24,3.30e-33,True,43,4.79e-32,True,20,5.99e-25,True,87,3.30e-33,True
Complex_43,29,0.9275,0.5193,127,YDL150W,24,3.30e-33,True,43,4.79e-32,True,20,5.99e-25,True,87,3.30e-33,True
Complex_43,29,0.9275,0.5193,445,YJL011C,24,3.30e-33,True,43,4.79e-32,True,20,5.99e-25,True,87,3.30e-33,True
Complex_43,29,0.9275,0.5193,135,YDR005C,24,3.30e-33,True,43,4.79e-32,True,20,5.99e-25,True,87,3.30e-33,True
Complex_43,29,0.9275,0.5193,696,YNL113W,24,3.30e-33,True,43,4.79e-32,True,20,5.99e-25,True,87,3.30e-33,True
Complex_43,29,0.9275,0.5193,276,YFR037C,24,3.30e-33,True,43,4.79e-32,True,20,5.99e-25,True,87,3.30e-33,True
Complex_43,29,0.9275,0.5193,164,YDR190C,24,3.30e-33,True,43,4.79e-32,True,20,5.99e-25,True,87,3.30e-33,True
Complex_43,29,0.9275,0.5193,17,YBL003C,24,3.30e-33,True,43,4.79e-32,True,20,5.99e-25,True,87,3.30e-33,True
Complex_43,29,0.9275,0.5193,591,YLR357W,24,3.30e-33,True,43,4.79e-32,True,20,5.99e-25,True,87,3.30e-33,True
Complex_43,29,0.9275,0.5193,64,YBR245C,24,3.30e-33,True,43,4.79e-32,True,20,5.99e-25,True,87,3.30e-33,True
Complex_43,29,0.9275,0.5193,432,YIL126W,24,3.30e-33,True,43,4.79e-32,True,20,5.99e-25,True,87,3.30e-33,True
Complex_43,29,0.9275,0.5193,184,YDR303C,24,3.30e-33,True,43,4.79e-32,True,20,5.99e-25,True,87,3.30e-33,True
Complex_43,29,0.9275,0.5193,516,YKR001C,24,3.30e-33,True,43,4.79e-32,True,20,5.99e-25,True,87,3.30e-33,True
Complex_43,29,0.9275,0.5193,315,YGL241W,24,3.30e-33,True,43,4.79e-32,True,20,5.99e-25,True,87,3.30e-33,True
Complex_44,19,0.9259,0.4737,440,YIR009W,30,1.38e-33,True,23,6.72e-29,True,1,0.005383,True,54,1.38e-33,True
Complex_44,19,0.9259,0.4737,666,YMR240C,30,1.38e-33,True,23,6.72e-29,True,1,0.005383,True,54,1.38e-33,True
Complex_44,19,0.9259,0.4737,855,YPL213W,30,1.38e-33,True,23,6.72e-29,True,1,0.005383,True,54,1.38e-33,True
Complex_44,19,0.9259,0.4737,551,YLR147C,30,1.38e-33,True,23,6.72e-29,True,1,0.005383,True,54,1.38e-33,True
Complex_44,19,0.9259,0.4737,336,YGR091W,30,1.38e-33,True,23,6.72e-29,True,1,0.005383,True,54,1.38e-33,True
Complex_44,19,0.9259,0.4737,881,YPR101W,30,1.38e-33,True,23,6.72e-29,True,1,0.005383,True,54,1.38e-33,True
Complex_44,19,0.9259,0.4737,537,YLL036C,30,1.38e-33,True,23,6.72e-29,True,1,0.005383,True,54,1.38e-33,True
Complex_44,19,0.9259,0.4737,328,YGR074W,30,1.38e-33,True,23,6.72e-29,True,1,0.005383,True,54,1.38e-33,True
Complex_44,19,0.9259,0.4737,117,YDL098C,30,1.38e-33,True,23,6.72e-29,True,1,0.005383,True,54,1.38e-33,True
Complex_44,19,0.9259,0.4737,201,YDR416W,30,1.38e-33,True,23,6.72e-29,True,1,0.005383,True,54,1.38e-33,True
Complex_44,19,0.9259,0.4737,39,YBR055C,30,1.38e-33,True,23,6.72e-29,True,1,0.005383,True,54,1.38e-33,True
Complex_44,19,0.9259,0.4737,813,YOR308C,30,1.38e-33,True,23,6.72e-29,True,1,0.005383,True,54,1.38e-33,True
Complex_44,19,0.9259,0.4737,103,YDL043C,30,1.38e-33,True,23,6.72e-29,True,1,0.005383,True,54,1.38e-33,True
Complex_44,19,0.9259,0.4737,790,YOR159C,30,1.38e-33,True,23,6.72e-29,True,1,0.005383,True,54,1.38e-33,True
Complex_44,19,0.9259,0.4737,408,YHR165C,30,1.38e-33,True,23,6.72e-29,True,1,0.005383,True,54,1.38e-33,True
Complex_44,19,0.9259,0.4737,879,YPR082C,30,1.38e-33,True,23,6.72e-29,True,1,0.005383,True,54,1.38e-33,True
Complex_44,19,0.9259,0.4737,470,YJL203W,30,1.38e-33,True,23,6.72e-29,True,1,0.005383,True,54,1.38e-33,True
Complex_44,19,0.9259,0.4737,257,YER172C,30,1.38e-33,True,23,6.72e-29,True,1,0.005383,True,54,1.38e-33,True
Complex_44,19,0.9259,0.4737,601,YLR424W,30,1.38e-33,True,23,6.72e-29,True,1,0.005383,True,54,1.38e-33,True
Complex_45,6,0.925,0.5,153,YDR121W,9,1.37e-06,True,12,4.74e-04,True,9,5.41e-04,True,30,1.37e-06,True
Complex_45,6,0.925,0.5,722,YNL262W,9,1.37e-06,True,12,4.74e-04,True,9,5.41e-04,True,30,1.37e-06,True
Complex_45,6,0.925,0.5,895,YPR175W,9,1.37e-06,True,12,4.74e-04,True,9,5.41e-04,True,30,1.37e-06,True
Complex_45,6,0.925,0.5,812,YOR304W,9,1.37e-06,True,12,4.74e-04,True,9,5.41e-04,True,30,1.37e-06,True
Complex_45,6,0.925,0.5,304,YGL133W,9,1.37e-06,True,12,4.74e-04,True,9,5.41e-04,True,30,1.37e-06,True
Complex_45,6,0.925,0.5,107,YDL051W,9,1.37e-06,True,12,4.74e-04,True,9,5.41e-04,True,30,1.37e-06,True
Complex_46,10,0.922,0.1333,35,YBR017C,1,3.92e-04,True,16,1.02e-04,True,9,5.14e-06,True,26,5.14e-06,True
Complex_46,10,0.922,0.1333,222,YEL022W,1,3.92e-04,True,16,1.02e-04,True,9,5.14e-06,True,26,5.14e-06,True
Complex_46,10,0.922,0.1333,243,YER110C,1,3.92e-04,True,16,1.02e-04,True,9,5.14e-06,True,26,5.14e-06,True
Complex_46,10,0.922,0.1333,385,YHR020W,1,3.92e-04,True,16,1.02e-04,True,9,5.14e-06,True,26,5.14e-06,True
Complex_46,10,0.922,0.1333,637,YMR012W,1,3.92e-04,True,16,1.02e-04,True,9,5.14e-06,True,26,5.14e-06,True
Complex_46,10,0.922,0.1333,484,YJR077C,1,3.92e-04,True,16,1.02e-04,True,9,5.14e-06,True,26,5.14e-06,True
Complex_46,10,0.922,0.1333,312,YGL195W,1,3.92e-04,True,16,1.02e-04,True,9,5.14e-06,True,26,5.14e-06,True
Complex_46,10,0.922,0.1333,359,YGR218W,1,3.92e-04,True,16,1.02e-04,True,9,5.14e-06,True,26,5.14e-06,True
Complex_46,10,0.922,0.1333,590,YLR347C,1,3.92e-04,True,16,1.02e-04,True,9,5.14e-06,True,26,5.14e-06,True
Complex_46,10,0.922,0.1333,586,YLR335W,1,3.92e-04,True,16,1.02e-04,True,9,5.14e-06,True,26,5.14e-06,True
Complex_47,22,0.9211,0.6682,321,YGR013W,27,1.02e-40,True,23,5.03e-34,True,3,1.55e-05,True,53,1.02e-40,True
Complex_47,22,0.9211,0.6682,422,YIL061C,27,1.02e-40,True,23,5.03e-34,True,3,1.55e-05,True,53,1.02e-40,True
Complex_47,22,0.9211,0.6682,877,YPR057W,27,1.02e-40,True,23,5.03e-34,True,3,1.55e-05,True,53,1.02e-40,True
Complex_47,22,0.9211,0.6682,328,YGR074W,27,1.02e-40,True,23,5.03e-34,True,3,1.55e-05,True,53,1.02e-40,True
Complex_47,22,0.9211,0.6682,551,YLR147C,27,1.02e-40,True,23,5.03e-34,True,3,1.55e-05,True,53,1.02e-40,True
Complex_47,22,0.9211,0.6682,336,YGR091W,27,1.02e-40,True,23,5.03e-34,True,3,1.55e-05,True,53,1.02e-40,True
Complex_47,22,0.9211,0.6682,172,YDR240C,27,1.02e-40,True,23,5.03e-34,True,3,1.55e-05,True,53,1.02e-40,True
Complex_47,22,0.9211,0.6682,666,YMR240C,27,1.02e-40,True,23,5.03e-34,True,3,1.55e-05,True,53,1.02e-40,True
Complex_47,22,0.9211,0.6682,22,YBL026W,27,1.02e-40,True,23,5.03e-34,True,3,1.55e-05,True,53,1.02e-40,True
Complex_47,22,0.9211,0.6682,117,YDL098C,27,1.02e-40,True,23,5.03e-34,True,3,1.55e-05,True,53,1.02e-40,True
Complex_47,22,0.9211,0.6682,855,YPL213W,27,1.02e-40,True,23,5.03e-34,True,3,1.55e-05,True,53,1.02e-40,True
Complex_47,22,0.9211,0.6682,169,YDR235W,27,1.02e-40,True,23,5.03e-34,True,3,1.55e-05,True,53,1.02e-40,True
Complex_47,22,0.9211,0.6682,39,YBR055C,27,1.02e-40,True,23,5.03e-34,True,3,1.55e-05,True,53,1.02e-40,True
Complex_47,22,0.9211,0.6682,813,YOR308C,27,1.02e-40,True,23,5.03e-34,True,3,1.55e-05,True,53,1.02e-40,True
Complex_47,22,0.9211,0.6682,790,YOR159C,27,1.02e-40,True,23,5.03e-34,True,3,1.55e-05,True,53,1.02e-40,True
Complex_47,22,0.9211,0.6682,408,YHR165C,27,1.02e-40,True,23,5.03e-34,True,3,1.55e-05,True,53,1.02e-40,True
Complex_47,22,0.9211,0.6682,879,YPR082C,27,1.02e-40,True,23,5.03e-34,True,3,1.55e-05,True,53,1.02e-40,True
Complex_47,22,0.9211,0.6682,848,YPL178W,27,1.02e-40,True,23,5.03e-34,True,3,1.55e-05,True,53,1.02e-40,True
Complex_47,22,0.9211,0.6682,470,YJL203W,27,1.02e-40,True,23,5.03e-34,True,3,1.55e-05,True,53,1.02e-40,True
Complex_47,22,0.9211,0.6682,257,YER172C,27,1.02e-40,True,23,5.03e-34,True,3,1.55e-05,True,53,1.02e-40,True
Complex_47,22,0.9211,0.6682,394,YHR086W,27,1.02e-40,True,23,5.03e-34,True,3,1.55e-05,True,53,1.02e-40,True
Complex_47,22,0.9211,0.6682,30,YBL074C,27,1.02e-40,True,23,5.03e-34,True,3,1.55e-05,True,53,1.02e-40,True
Complex_48,15,0.9192,0.4667,166,YDR211W,19,6.50e-12,True,19,1.05e-18,True,9,4.84e-20,True,47,4.84e-20,True
Complex_48,15,0.9192,0.4667,578,YLR291C,19,6.50e-12,True,19,1.05e-18,True,9,4.84e-20,True,47,4.84e-20,True
Complex_48,15,0.9192,0.4667,807,YOR260W,19,6.50e-12,True,19,1.05e-18,True,9,4.84e-20,True,47,4.84e-20,True
Complex_48,15,0.9192,0.4667,232,YER025W,19,6.50e-12,True,19,1.05e-18,True,9,4.84e-20,True,47,4.84e-20,True
Complex_48,15,0.9192,0.4667,521,YKR026C,19,6.50e-12,True,19,1.05e-18,True,9,4.84e-20,True,47,4.84e-20,True
Complex_48,15,0.9192,0.4667,332,YGR083C,19,6.50e-12,True,19,1.05e-18,True,9,4.84e-20,True,47,4.84e-20,True
Complex_48,15,0.9192,0.4667,860,YPL237W,19,6.50e-12,True,19,1.05e-18,True,9,4.84e-20,True,47,4.84e-20,True
Complex_48,15,0.9192,0.4667,866,YPR010C,19,6.50e-12,True,19,1.05e-18,True,9,4.84e-20,True,47,4.84e-20,True
Complex_48,15,0.9192,0.4667,42,YBR079C,19,6.50e-12,True,19,1.05e-18,True,9,4.84e-20,True,47,4.84e-20,True
Complex_48,15,0.9192,0.4667,564,YLR215C,19,6.50e-12,True,19,1.05e-18,True,9,4.84e-20,True,47,4.84e-20,True
Complex_48,15,0.9192,0.4667,874,YPR041W,19,6.50e-12,True,19,1.05e-18,True,9,4.84e-20,True,47,4.84e-20,True
Complex_48,15,0.9192,0.4667,653,YMR146C,19,6.50e-12,True,19,1.05e-18,True,9,4.84e-20,True,47,4.84e-20,True
Complex_48,15,0.9192,0.4667,673,YMR309C,19,6.50e-12,True,19,1.05e-18,True,9,4.84e-20,True,47,4.84e-20,True
Complex_48,15,0.9192,0.4667,52,YBR143C,19,6.50e-12,True,19,1.05e-18,True,9,4.84e-20,True,47,4.84e-20,True
Complex_48,15,0.9192,0.4667,38,YBR048W,19,6.50e-12,True,19,1.05e-18,True,9,4.84e-20,True,47,4.84e-20,True
Complex_49,19,0.9148,0.5263,120,YDL111C,15,3.61e-22,True,83,2.66e-19,True,4,1.11e-04,True,102,3.61e-22,True
Complex_49,19,0.9148,0.5263,177,YDR280W,15,3.61e-22,True,83,2.66e-19,True,4,1.11e-04,True,102,3.61e-22,True
Complex_49,19,0.9148,0.5263,898,YPR189W,15,3.61e-22,True,83,2.66e-19,True,4,1.11e-04,True,102,3.61e-22,True
Complex_49,19,0.9148,0.5263,347,YGR158C,15,3.61e-22,True,83,2.66e-19,True,4,1.11e-04,True,102,3.61e-22,True
Complex_49,19,0.9148,0.5263,337,YGR095C,15,3.61e-22,True,83,2.66e-19,True,4,1.11e-04,True,102,3.61e-22,True
Complex_49,19,0.9148,0.5263,392,YHR081W,15,3.61e-22,True,83,2.66e-19,True,4,1.11e-04,True,102,3.61e-22,True
Complex_49,19,0.9148,0.5263,84,YCR035C,15,3.61e-22,True,83,2.66e-19,True,4,1.11e-04,True,102,3.61e-22,True
Complex_49,19,0.9148,0.5263,747,YOL021C,15,3.61e-22,True,83,2.66e-19,True,4,1.11e-04,True,102,3.61e-22,True
Complex_49,19,0.9148,0.5263,355,YGR195W,15,3.61e-22,True,83,2.66e-19,True,4,1.11e-04,True,102,3.61e-22,True
Complex_49,19,0.9148,0.5263,768,YOR001W,15,3.61e-22,True,83,2.66e-19,True,4,1.11e-04,True,102,3.61e-22,True
Complex_49,19,0.9148,0.5263,713,YNL232W,15,3.61e-22,True,83,2.66e-19,True,4,1.11e-04,True,102,3.61e-22,True
Complex_49,19,0.9148,0.5263,314,YGL213C,15,3.61e-22,True,83,2.66e-19,True,4,1.11e-04,True,102,3.61e-22,True
Complex_49,19,0.9148,0.5263,650,YMR116C,15,3.61e-22,True,83,2.66e-19,True,4,1.11e-04,True,102,3.61e-22,True
Complex_49,19,0.9148,0.5263,374,YGR285C,15,3.61e-22,True,83,2.66e-19,True,4,1.11e-04,True,102,3.61e-22,True
Complex_49,19,0.9148,0.5263,596,YLR398C,15,3.61e-22,True,83,2.66e-19,True,4,1.11e-04,True,102,3.61e-22,True
Complex_49,19,0.9148,0.5263,383,YHR010W,15,3.61e-22,True,83,2.66e-19,True,4,1.11e-04,True,102,3.61e-22,True
Complex_49,19,0.9148,0.5263,775,YOR063W,15,3.61e-22,True,83,2.66e-19,True,4,1.11e-04,True,102,3.61e-22,True
Complex_49,19,0.9148,0.5263,144,YDR064W,15,3.61e-22,True,83,2.66e-19,True,4,1.11e-04,True,102,3.61e-22,True
Complex_49,19,0.9148,0.5263,490,YJR123W,15,3.61e-22,True,83,2.66e-19,True,4,1.11e-04,True,102,3.61e-22,True
Complex_50,19,0.9137,0.4737,42,YBR079C,19,5.49e-20,True,30,1.52e-29,True,7,4.25e-32,True,56,4.25e-32,True
Complex_50,19,0.9137,0.4737,860,YPL237W,19,5.49e-20,True,30,1.52e-29,True,7,4.25e-32,True,56,4.25e-32,True
Complex_50,19,0.9137,0.4737,232,YER025W,19,5.49e-20,True,30,1.52e-29,True,7,4.25e-32,True,56,4.25e-32,True
Complex_50,19,0.9137,0.4737,874,YPR041W,19,5.49e-20,True,30,1.52e-29,True,7,4.25e-32,True,56,4.25e-32,True
Complex_50,19,0.9137,0.4737,820,YOR361C,19,5.49e-20,True,30,1.52e-29,True,7,4.25e-32,True,56,4.25e-32,True
Complex_50,19,0.9137,0.4737,204,YDR429C,19,5.49e-20,True,30,1.52e-29,True,7,4.25e-32,True,56,4.25e-32,True
Complex_50,19,0.9137,0.4737,564,YLR215C,19,5.49e-20,True,30,1.52e-29,True,7,4.25e-32,True,56,4.25e-32,True
Complex_50,19,0.9137,0.4737,653,YMR146C,19,5.49e-20,True,30,1.52e-29,True,7,4.25e-32,True,56,4.25e-32,True
Complex_50,19,0.9137,0.4737,558,YLR192C,19,5.49e-20,True,30,1.52e-29,True,7,4.25e-32,True,56,4.25e-32,True
Complex_50,19,0.9137,0.4737,673,YMR309C,19,5.49e-20,True,30,1.52e-29,True,7,4.25e-32,True,56,4.25e-32,True
Complex_50,19,0.9137,0.4737,166,YDR211W,19,5.49e-20,True,30,1.52e-29,True,7,4.25e-32,True,56,4.25e-32,True
Complex_50,19,0.9137,0.4737,148,YDR091C,19,5.49e-20,True,30,1.52e-29,True,7,4.25e-32,True,56,4.25e-32,True
Complex_50,19,0.9137,0.4737,52,YBR143C,19,5.49e-20,True,30,1.52e-29,True,7,4.25e-32,True,56,4.25e-32,True
Complex_50,19,0.9137,0.4737,7,YAL035W,19,5.49e-20,True,30,1.52e-29,True,7,4.25e-32,True,56,4.25e-32,True
Complex_50,19,0.9137,0.4737,578,YLR291C,19,5.49e-20,True,30,1.52e-29,True,7,4.25e-32,True,56,4.25e-32,True
Complex_50,19,0.9137,0.4737,807,YOR260W,19,5.49e-20,True,30,1.52e-29,True,7,4.25e-32,True,56,4.25e-32,True
Complex_50,19,0.9137,0.4737,332,YGR083C,19,5.49e-20,True,30,1.52e-29,True,7,4.25e-32,True,56,4.25e-32,True
Complex_50,19,0.9137,0.4737,521,YKR026C,19,5.49e-20,True,30,1.52e-29,True,7,4.25e-32,True,56,4.25e-32,True
Complex_50,19,0.9137,0.4737,833,YPL081W,19,5.49e-20,True,30,1.52e-29,True,7,4.25e-32,True,56,4.25e-32,True
Complex_51,4,0.9128,1.0,467,YJL184W,6,4.95e-11,True,29,4.86e-06,True,0,0.098896,False,35,4.95e-11,True
Complex_51,4,0.9128,1.0,619,YML036W,6,4.95e-11,True,29,4.86e-06,True,0,0.098896,False,35,4.95e-11,True
Complex_51,4,0.9128,1.0,524,YKR038C,6,4.95e-11,True,29,4.86e-06,True,0,0.098896,False,35,4.95e-11,True
Complex_51,4,0.9128,1.0,369,YGR262C,6,4.95e-11,True,29,4.86e-06,True,0,0.098896,False,35,4.95e-11,True
Complex_52,14,0.9125,0.6429,12,YAR003W,12,2.16e-19,True,24,3.11e-07,True,12,2.35e-11,True,48,2.16e-19,True
Complex_52,14,0.9125,0.6429,497,YKL018W,12,2.16e-19,True,24,3.11e-07,True,12,2.35e-11,True,48,2.16e-19,True
Complex_52,14,0.9125,0.6429,400,YHR119W,12,2.16e-19,True,24,3.11e-07,True,12,2.35e-11,True,48,2.16e-19,True
Complex_52,14,0.9125,0.6429,210,YDR469W,12,2.16e-19,True,24,3.11e-07,True,12,2.35e-11,True,48,2.16e-19,True
Complex_52,14,0.9125,0.6429,68,YBR258C,12,2.16e-19,True,24,3.11e-07,True,12,2.35e-11,True,48,2.16e-19,True
Complex_52,14,0.9125,0.6429,346,YGR156W,12,2.16e-19,True,24,3.11e-07,True,12,2.35e-11,True,48,2.16e-19,True
Complex_52,14,0.9125,0.6429,183,YDR301W,12,2.16e-19,True,24,3.11e-07,True,12,2.35e-11,True,48,2.16e-19,True
Complex_52,14,0.9125,0.6429,711,YNL222W,12,2.16e-19,True,24,3.11e-07,True,12,2.35e-11,True,48,2.16e-19,True
Complex_52,14,0.9125,0.6429,57,YBR175W,12,2.16e-19,True,24,3.11e-07,True,12,2.35e-11,True,48,2.16e-19,True
Complex_52,14,0.9125,0.6429,517,YKR002W,12,2.16e-19,True,24,3.11e-07,True,12,2.35e-11,True,48,2.16e-19,True
Complex_52,14,0.9125,0.6429,575,YLR277C,12,2.16e-19,True,24,3.11e-07,True,12,2.35e-11,True,48,2.16e-19,True
Complex_52,14,0.9125,0.6429,883,YPR107C,12,2.16e-19,True,24,3.11e-07,True,12,2.35e-11,True,48,2.16e-19,True
Complex_52,14,0.9125,0.6429,792,YOR179C,12,2.16e-19,True,24,3.11e-07,True,12,2.35e-11,True,48,2.16e-19,True
Complex_52,14,0.9125,0.6429,485,YJR093C,12,2.16e-19,True,24,3.11e-07,True,12,2.35e-11,True,48,2.16e-19,True
Complex_53,7,0.911,0.4286,17,YBL003C,6,1.31e-04,True,1,0.019453,True,3,3.59e-04,True,10,1.31e-04,True
Complex_53,7,0.911,0.4286,167,YDR224C,6,1.31e-04,True,1,0.019453,True,3,3.59e-04,True,10,1.31e-04,True
Complex_53,7,0.911,0.4286,315,YGL241W,6,1.31e-04,True,1,0.019453,True,3,3.59e-04,True,10,1.31e-04,True
Complex_53,7,0.911,0.4286,304,YGL133W,6,1.31e-04,True,1,0.019453,True,3,3.59e-04,True,10,1.31e-04,True
Complex_53,7,0.911,0.4286,812,YOR304W,6,1.31e-04,True,1,0.019453,True,3,3.59e-04,True,10,1.31e-04,True
Complex_53,7,0.911,0.4286,781,YOR116C,6,1.31e-04,True,1,0.019453,True,3,3.59e-04,True,10,1.31e-04,True
Complex_53,7,0.911,0.4286,16,YBL002W,6,1.31e-04,True,1,0.019453,True,3,3.59e-04,True,10,1.31e-04,True
Complex_54,10,0.91,0.3,314,YGL213C,10,2.05e-06,True,57,1.04e-06,True,0,0.101726,False,67,1.04e-06,True
Complex_54,10,0.91,0.3,898,YPR189W,10,2.05e-06,True,57,1.04e-06,True,0,0.101726,False,67,1.04e-06,True
Complex_54,10,0.91,0.3,596,YLR398C,10,2.05e-06,True,57,1.04e-06,True,0,0.101726,False,67,1.04e-06,True
Complex_54,10,0.91,0.3,347,YGR158C,10,2.05e-06,True,57,1.04e-06,True,0,0.101726,False,67,1.04e-06,True
Complex_54,10,0.91,0.3,120,YDL111C,10,2.05e-06,True,57,1.04e-06,True,0,0.101726,False,67,1.04e-06,True
Complex_54,10,0.91,0.3,374,YGR285C,10,2.05e-06,True,57,1.04e-06,True,0,0.101726,False,67,1.04e-06,True
Complex_54,10,0.91,0.3,177,YDR280W,10,2.05e-06,True,57,1.04e-06,True,0,0.101726,False,67,1.04e-06,True
Complex_54,10,0.91,0.3,650,YMR116C,10,2.05e-06,True,57,1.04e-06,True,0,0.101726,False,67,1.04e-06,True
Complex_54,10,0.91,0.3,383,YHR010W,10,2.05e-06,True,57,1.04e-06,True,0,0.101726,False,67,1.04e-06,True
Complex_54,10,0.91,0.3,775,YOR063W,10,2.05e-06,True,57,1.04e-06,True,0,0.101726,False,67,1.04e-06,True
Complex_55,15,0.909,0.6,42,YBR079C,17,1.79e-21,True,23,1.02e-18,True,9,1.26e-22,True,49,1.26e-22,True
Complex_55,15,0.909,0.6,653,YMR146C,17,1.79e-21,True,23,1.02e-18,True,9,1.26e-22,True,49,1.26e-22,True
Complex_55,15,0.909,0.6,833,YPL081W,17,1.79e-21,True,23,1.02e-18,True,9,1.26e-22,True,49,1.26e-22,True
Complex_55,15,0.909,0.6,232,YER025W,17,1.79e-21,True,23,1.02e-18,True,9,1.26e-22,True,49,1.26e-22,True
Complex_55,15,0.909,0.6,874,YPR041W,17,1.79e-21,True,23,1.02e-18,True,9,1.26e-22,True,49,1.26e-22,True
Complex_55,15,0.909,0.6,820,YOR361C,17,1.79e-21,True,23,1.02e-18,True,9,1.26e-22,True,49,1.26e-22,True
Complex_55,15,0.909,0.6,204,YDR429C,17,1.79e-21,True,23,1.02e-18,True,9,1.26e-22,True,49,1.26e-22,True
Complex_55,15,0.909,0.6,673,YMR309C,17,1.79e-21,True,23,1.02e-18,True,9,1.26e-22,True,49,1.26e-22,True
Complex_55,15,0.909,0.6,558,YLR192C,17,1.79e-21,True,23,1.02e-18,True,9,1.26e-22,True,49,1.26e-22,True
Complex_55,15,0.909,0.6,860,YPL237W,17,1.79e-21,True,23,1.02e-18,True,9,1.26e-22,True,49,1.26e-22,True
Complex_55,15,0.909,0.6,148,YDR091C,17,1.79e-21,True,23,1.02e-18,True,9,1.26e-22,True,49,1.26e-22,True
Complex_55,15,0.909,0.6,7,YAL035W,17,1.79e-21,True,23,1.02e-18,True,9,1.26e-22,True,49,1.26e-22,True
Complex_55,15,0.909,0.6,492,YJR145C,17,1.79e-21,True,23,1.02e-18,True,9,1.26e-22,True,49,1.26e-22,True
Complex_55,15,0.909,0.6,72,YCL011C,17,1.79e-21,True,23,1.02e-18,True,9,1.26e-22,True,49,1.26e-22,True
Complex_55,15,0.909,0.6,795,YOR204W,17,1.79e-21,True,23,1.02e-18,True,9,1.26e-22,True,49,1.26e-22,True
Complex_56,9,0.9089,0.3556,2,YAL011W,17,7.66e-11,True,4,1.47e-05,True,2,0.011679,True,23,7.66e-11,True
Complex_56,9,0.9089,0.3556,859,YPL235W,17,7.66e-11,True,4,1.47e-05,True,2,0.011679,True,23,7.66e-11,True
Complex_56,9,0.9089,0.3556,164,YDR190C,17,7.66e-11,True,4,1.47e-05,True,2,0.011679,True,23,7.66e-11,True
Complex_56,9,0.9089,0.3556,812,YOR304W,17,7.66e-11,True,4,1.47e-05,True,2,0.011679,True,23,7.66e-11,True
Complex_56,9,0.9089,0.3556,842,YPL129W,17,7.66e-11,True,4,1.47e-05,True,2,0.011679,True,23,7.66e-11,True
Complex_56,9,0.9089,0.3556,595,YLR385C,17,7.66e-11,True,4,1.47e-05,True,2,0.011679,True,23,7.66e-11,True
Complex_56,9,0.9089,0.3556,784,YOR136W,17,7.66e-11,True,4,1.47e-05,True,2,0.011679,True,23,7.66e-11,True
Complex_56,9,0.9089,0.3556,88,YCR060W,17,7.66e-11,True,4,1.47e-05,True,2,0.011679,True,23,7.66e-11,True
Complex_56,9,0.9089,0.3556,95,YDL002C,17,7.66e-11,True,4,1.47e-05,True,2,0.011679,True,23,7.66e-11,True
Complex_57,12,0.9084,0.5104,426,YIL084C,17,5.74e-13,True,77,1.06e-10,True,5,0.002459,True,99,5.74e-13,True
Complex_57,12,0.9084,0.5104,743,YOL004W,17,5.74e-13,True,77,1.06e-10,True,5,0.002459,True,99,5.74e-13,True
Complex_57,12,0.9084,0.5104,733,YNL330C,17,5.74e-13,True,77,1.06e-10,True,5,0.002459,True,99,5.74e-13,True
Complex_57,12,0.9084,0.5104,644,YMR075W,17,5.74e-13,True,77,1.06e-10,True,5,0.002459,True,99,5.74e-13,True
Complex_57,12,0.9084,0.5104,869,YPR023C,17,5.74e-13,True,77,1.06e-10,True,5,0.002459,True,99,5.74e-13,True
Complex_57,12,0.9084,0.5104,668,YMR263W,17,5.74e-13,True,77,1.06e-10,True,5,0.002459,True,99,5.74e-13,True
Complex_57,12,0.9084,0.5104,849,YPL181W,17,5.74e-13,True,77,1.06e-10,True,5,0.002459,True,99,5.74e-13,True
Complex_57,12,0.9084,0.5104,398,YHR099W,17,5.74e-13,True,77,1.06e-10,True,5,0.002459,True,99,5.74e-13,True
Complex_57,12,0.9084,0.5104,397,YHR090C,17,5.74e-13,True,77,1.06e-10,True,5,0.002459,True,99,5.74e-13,True
Complex_57,12,0.9084,0.5104,699,YNL136W,17,5.74e-13,True,77,1.06e-10,True,5,0.002459,True,99,5.74e-13,True
Complex_57,12,0.9084,0.5104,221,YEL018W,17,5.74e-13,True,77,1.06e-10,True,5,0.002459,True,99,5.74e-13,True
Complex_57,12,0.9084,0.5104,421,YIL035C,17,5.74e-13,True,77,1.06e-10,True,5,0.002459,True,99,5.74e-13,True
Complex_58,9,0.9083,0.4444,280,YGL019W,14,3.28e-13,True,63,1.68e-11,True,11,2.56e-08,True,88,3.28e-13,True
Complex_58,9,0.9083,0.4444,421,YIL035C,14,3.28e-13,True,63,1.68e-11,True,11,2.56e-08,True,88,3.28e-13,True
Complex_58,9,0.9083,0.4444,774,YOR061W,14,3.28e-13,True,63,1.68e-11,True,11,2.56e-08,True,88,3.28e-13,True
Complex_58,9,0.9083,0.4444,782,YOR123C,14,3.28e-13,True,63,1.68e-11,True,11,2.56e-08,True,88,3.28e-13,True
Complex_58,9,0.9083,0.4444,316,YGL244W,14,3.28e-13,True,63,1.68e-11,True,11,2.56e-08,True,88,3.28e-13,True
Complex_58,9,0.9083,0.4444,765,YOL145C,14,3.28e-13,True,63,1.68e-11,True,11,2.56e-08,True,88,3.28e-13,True
Complex_58,9,0.9083,0.4444,600,YLR418C,14,3.28e-13,True,63,1.68e-11,True,11,2.56e-08,True,88,3.28e-13,True
Complex_58,9,0.9083,0.4444,504,YKL088W,14,3.28e-13,True,63,1.68e-11,True,11,2.56e-08,True,88,3.28e-13,True
Complex_58,9,0.9083,0.4444,426,YIL084C,14,3.28e-13,True,63,1.68e-11,True,11,2.56e-08,True,88,3.28e-13,True
Complex_59,19,0.9078,0.583,167,YDR224C,16,1.62e-31,True,58,2.70e-24,True,8,1.39e-12,True,82,1.62e-31,True
Complex_59,19,0.9078,0.583,432,YIL126W,16,1.62e-31,True,58,2.70e-24,True,8,1.39e-12,True,82,1.62e-31,True
Complex_59,19,0.9078,0.583,304,YGL133W,16,1.62e-31,True,58,2.70e-24,True,8,1.39e-12,True,82,1.62e-31,True
Complex_59,19,0.9078,0.583,812,YOR304W,16,1.62e-31,True,58,2.70e-24,True,8,1.39e-12,True,82,1.62e-31,True
Complex_59,19,0.9078,0.583,271,YFR013W,16,1.62e-31,True,58,2.70e-24,True,8,1.39e-12,True,82,1.62e-31,True
Complex_59,19,0.9078,0.583,153,YDR121W,16,1.62e-31,True,58,2.70e-24,True,8,1.39e-12,True,82,1.62e-31,True
Complex_59,19,0.9078,0.583,64,YBR245C,16,1.62e-31,True,58,2.70e-24,True,8,1.39e-12,True,82,1.62e-31,True
Complex_59,19,0.9078,0.583,781,YOR116C,16,1.62e-31,True,58,2.70e-24,True,8,1.39e-12,True,82,1.62e-31,True
Complex_59,19,0.9078,0.583,276,YFR037C,16,1.62e-31,True,58,2.70e-24,True,8,1.39e-12,True,82,1.62e-31,True
Complex_59,19,0.9078,0.583,639,YMR033W,16,1.62e-31,True,58,2.70e-24,True,8,1.39e-12,True,82,1.62e-31,True
Complex_59,19,0.9078,0.583,583,YLR321C,16,1.62e-31,True,58,2.70e-24,True,8,1.39e-12,True,82,1.62e-31,True
Complex_59,19,0.9078,0.583,591,YLR357W,16,1.62e-31,True,58,2.70e-24,True,8,1.39e-12,True,82,1.62e-31,True
Complex_59,19,0.9078,0.583,635,YML127W,16,1.62e-31,True,58,2.70e-24,True,8,1.39e-12,True,82,1.62e-31,True
Complex_59,19,0.9078,0.583,326,YGR056W,16,1.62e-31,True,58,2.70e-24,True,8,1.39e-12,True,82,1.62e-31,True
Complex_59,19,0.9078,0.583,86,YCR052W,16,1.62e-31,True,58,2.70e-24,True,8,1.39e-12,True,82,1.62e-31,True
Complex_59,19,0.9078,0.583,519,YKR008W,16,1.62e-31,True,58,2.70e-24,True,8,1.39e-12,True,82,1.62e-31,True
Complex_59,19,0.9078,0.583,81,YCR020W-B,16,1.62e-31,True,58,2.70e-24,True,8,1.39e-12,True,82,1.62e-31,True
Complex_59,19,0.9078,0.583,648,YMR091C,16,1.62e-31,True,58,2.70e-24,True,8,1.39e-12,True,82,1.62e-31,True
Complex_59,19,0.9078,0.583,872,YPR034W,16,1.62e-31,True,58,2.70e-24,True,8,1.39e-12,True,82,1.62e-31,True
Complex_60,6,0.9077,0.8333,45,YBR087W,4,3.71e-10,True,16,3.17e-08,True,24,1.48e-11,True,44,1.48e-11,True
Complex_60,6,0.9077,0.8333,727,YNL290W,4,3.71e-10,True,16,3.17e-08,True,24,1.48e-11,True,44,1.48e-11,True
Complex_60,6,0.9077,0.8333,758,YOL094C,4,3.71e-10,True,16,3.17e-08,True,24,1.48e-11,True,44,1.48e-11,True
Complex_60,6,0.9077,0.8333,785,YOR144C,4,3.71e-10,True,16,3.17e-08,True,24,1.48e-11,True,44,1.48e-11,True
Complex_60,6,0.9077,0.8333,799,YOR217W,4,3.71e-10,True,16,3.17e-08,True,24,1.48e-11,True,44,1.48e-11,True
Complex_60,6,0.9077,0.8333,645,YMR078C,4,3.71e-10,True,16,3.17e-08,True,24,1.48e-11,True,44,1.48e-11,True
Complex_61,9,0.9057,0.5556,164,YDR190C,20,7.66e-11,True,11,1.38e-07,True,2,0.011679,True,33,7.66e-11,True
Complex_61,9,0.9057,0.5556,859,YPL235W,20,7.66e-11,True,11,1.38e-07,True,2,0.011679,True,33,7.66e-11,True
Complex_61,9,0.9057,0.5556,319,YGR002C,20,7.66e-11,True,11,1.38e-07,True,2,0.011679,True,33,7.66e-11,True
Complex_61,9,0.9057,0.5556,812,YOR304W,20,7.66e-11,True,11,1.38e-07,True,2,0.011679,True,33,7.66e-11,True
Complex_61,9,0.9057,0.5556,842,YPL129W,20,7.66e-11,True,11,1.38e-07,True,2,0.011679,True,33,7.66e-11,True
Complex_61,9,0.9057,0.5556,869,YPR023C,20,7.66e-11,True,11,1.38e-07,True,2,0.011679,True,33,7.66e-11,True
Complex_61,9,0.9057,0.5556,595,YLR385C,20,7.66e-11,True,11,1.38e-07,True,2,0.011679,True,33,7.66e-11,True
Complex_61,9,0.9057,0.5556,2,YAL011W,20,7.66e-11,True,11,1.38e-07,True,2,0.011679,True,33,7.66e-11,True
Complex_61,9,0.9057,0.5556,784,YOR136W,20,7.66e-11,True,11,1.38e-07,True,2,0.011679,True,33,7.66e-11,True
Complex_62,20,0.9056,0.301,64,YBR245C,34,1.08e-30,True,51,7.64e-17,True,17,1.52e-05,True,102,1.08e-30,True
Complex_62,20,0.9056,0.301,164,YDR190C,34,1.08e-30,True,51,7.64e-17,True,17,1.52e-05,True,102,1.08e-30,True
Complex_62,20,0.9056,0.301,812,YOR304W,34,1.08e-30,True,51,7.64e-17,True,17,1.52e-05,True,102,1.08e-30,True
Complex_62,20,0.9056,0.301,271,YFR013W,34,1.08e-30,True,51,7.64e-17,True,17,1.52e-05,True,102,1.08e-30,True
Complex_62,20,0.9056,0.301,304,YGL133W,34,1.08e-30,True,51,7.64e-17,True,17,1.52e-05,True,102,1.08e-30,True
Complex_62,20,0.9056,0.301,153,YDR121W,34,1.08e-30,True,51,7.64e-17,True,17,1.52e-05,True,102,1.08e-30,True
Complex_62,20,0.9056,0.301,781,YOR116C,34,1.08e-30,True,51,7.64e-17,True,17,1.52e-05,True,102,1.08e-30,True
Complex_62,20,0.9056,0.301,842,YPL129W,34,1.08e-30,True,51,7.64e-17,True,17,1.52e-05,True,102,1.08e-30,True
Complex_62,20,0.9056,0.301,797,YOR207C,34,1.08e-30,True,51,7.64e-17,True,17,1.52e-05,True,102,1.08e-30,True
Complex_62,20,0.9056,0.301,595,YLR385C,34,1.08e-30,True,51,7.64e-17,True,17,1.52e-05,True,102,1.08e-30,True
Complex_62,20,0.9056,0.301,276,YFR037C,34,1.08e-30,True,51,7.64e-17,True,17,1.52e-05,True,102,1.08e-30,True
Complex_62,20,0.9056,0.301,2,YAL011W,34,1.08e-30,True,51,7.64e-17,True,17,1.52e-05,True,102,1.08e-30,True
Complex_62,20,0.9056,0.301,859,YPL235W,34,1.08e-30,True,51,7.64e-17,True,17,1.52e-05,True,102,1.08e-30,True
Complex_62,20,0.9056,0.301,432,YIL126W,34,1.08e-30,True,51,7.64e-17,True,17,1.52e-05,True,102,1.08e-30,True
Complex_62,20,0.9056,0.301,591,YLR357W,34,1.08e-30,True,51,7.64e-17,True,17,1.52e-05,True,102,1.08e-30,True
Complex_62,20,0.9056,0.301,543,YLR052W,34,1.08e-30,True,51,7.64e-17,True,17,1.52e-05,True,102,1.08e-30,True
Complex_62,20,0.9056,0.301,86,YCR052W,34,1.08e-30,True,51,7.64e-17,True,17,1.52e-05,True,102,1.08e-30,True
Complex_62,20,0.9056,0.301,519,YKR008W,34,1.08e-30,True,51,7.64e-17,True,17,1.52e-05,True,102,1.08e-30,True
Complex_62,20,0.9056,0.301,167,YDR224C,34,1.08e-30,True,51,7.64e-17,True,17,1.52e-05,True,102,1.08e-30,True
Complex_62,20,0.9056,0.301,648,YMR091C,34,1.08e-30,True,51,7.64e-17,True,17,1.52e-05,True,102,1.08e-30,True
Complex_63,13,0.9053,0.4103,167,YDR224C,11,7.02e-19,True,59,7.20e-15,True,8,1.61e-04,True,78,7.02e-19,True
Complex_63,13,0.9053,0.4103,432,YIL126W,11,7.02e-19,True,59,7.20e-15,True,8,1.61e-04,True,78,7.02e-19,True
Complex_63,13,0.9053,0.4103,184,YDR303C,11,7.02e-19,True,59,7.20e-15,True,8,1.61e-04,True,78,7.02e-19,True
Complex_63,13,0.9053,0.4103,591,YLR357W,11,7.02e-19,True,59,7.20e-15,True,8,1.61e-04,True,78,7.02e-19,True
Complex_63,13,0.9053,0.4103,812,YOR304W,11,7.02e-19,True,59,7.20e-15,True,8,1.61e-04,True,78,7.02e-19,True
Complex_63,13,0.9053,0.4103,304,YGL133W,11,7.02e-19,True,59,7.20e-15,True,8,1.61e-04,True,78,7.02e-19,True
Complex_63,13,0.9053,0.4103,276,YFR037C,11,7.02e-19,True,59,7.20e-15,True,8,1.61e-04,True,78,7.02e-19,True
Complex_63,13,0.9053,0.4103,639,YMR033W,11,7.02e-19,True,59,7.20e-15,True,8,1.61e-04,True,78,7.02e-19,True
Complex_63,13,0.9053,0.4103,583,YLR321C,11,7.02e-19,True,59,7.20e-15,True,8,1.61e-04,True,78,7.02e-19,True
Complex_63,13,0.9053,0.4103,781,YOR116C,11,7.02e-19,True,59,7.20e-15,True,8,1.61e-04,True,78,7.02e-19,True
Complex_63,13,0.9053,0.4103,635,YML127W,11,7.02e-19,True,59,7.20e-15,True,8,1.61e-04,True,78,7.02e-19,True
Complex_63,13,0.9053,0.4103,326,YGR056W,11,7.02e-19,True,59,7.20e-15,True,8,1.61e-04,True,78,7.02e-19,True
Complex_63,13,0.9053,0.4103,64,YBR245C,11,7.02e-19,True,59,7.20e-15,True,8,1.61e-04,True,78,7.02e-19,True
Complex_64,11,0.9048,0.4455,346,YGR156W,8,1.60e-13,True,15,9.36e-07,True,11,2.93e-06,True,34,1.60e-13,True
Complex_64,11,0.9048,0.4455,497,YKL018W,8,1.60e-13,True,15,9.36e-07,True,11,2.93e-06,True,34,1.60e-13,True
Complex_64,11,0.9048,0.4455,610,YLR448W,8,1.60e-13,True,15,9.36e-07,True,11,2.93e-06,True,34,1.60e-13,True
Complex_64,11,0.9048,0.4455,643,YMR061W,8,1.60e-13,True,15,9.36e-07,True,11,2.93e-06,True,34,1.60e-13,True
Complex_64,11,0.9048,0.4455,575,YLR277C,8,1.60e-13,True,15,9.36e-07,True,11,2.93e-06,True,34,1.60e-13,True
Complex_64,11,0.9048,0.4455,183,YDR301W,8,1.60e-13,True,15,9.36e-07,True,11,2.93e-06,True,34,1.60e-13,True
Complex_64,11,0.9048,0.4455,400,YHR119W,8,1.60e-13,True,15,9.36e-07,True,11,2.93e-06,True,34,1.60e-13,True
Complex_64,11,0.9048,0.4455,711,YNL222W,8,1.60e-13,True,15,9.36e-07,True,11,2.93e-06,True,34,1.60e-13,True
Complex_64,11,0.9048,0.4455,210,YDR469W,8,1.60e-13,True,15,9.36e-07,True,11,2.93e-06,True,34,1.60e-13,True
Complex_64,11,0.9048,0.4455,517,YKR002W,8,1.60e-13,True,15,9.36e-07,True,11,2.93e-06,True,34,1.60e-13,True
Complex_64,11,0.9048,0.4455,57,YBR175W,8,1.60e-13,True,15,9.36e-07,True,11,2.93e-06,True,34,1.60e-13,True
Complex_65,20,0.9046,0.45,42,YBR079C,21,1.10e-19,True,26,4.00e-17,True,9,3.44e-20,True,56,3.44e-20,True
Complex_65,20,0.9046,0.45,653,YMR146C,21,1.10e-19,True,26,4.00e-17,True,9,3.44e-20,True,56,3.44e-20,True
Complex_65,20,0.9046,0.45,673,YMR309C,21,1.10e-19,True,26,4.00e-17,True,9,3.44e-20,True,56,3.44e-20,True
Complex_65,20,0.9046,0.45,874,YPR041W,21,1.10e-19,True,26,4.00e-17,True,9,3.44e-20,True,56,3.44e-20,True
Complex_65,20,0.9046,0.45,7,YAL035W,21,1.10e-19,True,26,4.00e-17,True,9,3.44e-20,True,56,3.44e-20,True
Complex_65,20,0.9046,0.45,558,YLR192C,21,1.10e-19,True,26,4.00e-17,True,9,3.44e-20,True,56,3.44e-20,True
Complex_65,20,0.9046,0.45,148,YDR091C,21,1.10e-19,True,26,4.00e-17,True,9,3.44e-20,True,56,3.44e-20,True
Complex_65,20,0.9046,0.45,232,YER025W,21,1.10e-19,True,26,4.00e-17,True,9,3.44e-20,True,56,3.44e-20,True
Complex_65,20,0.9046,0.45,820,YOR361C,21,1.10e-19,True,26,4.00e-17,True,9,3.44e-20,True,56,3.44e-20,True
Complex_65,20,0.9046,0.45,204,YDR429C,21,1.10e-19,True,26,4.00e-17,True,9,3.44e-20,True,56,3.44e-20,True
Complex_65,20,0.9046,0.45,860,YPL237W,21,1.10e-19,True,26,4.00e-17,True,9,3.44e-20,True,56,3.44e-20,True
Complex_65,20,0.9046,0.45,289,YGL076C,21,1.10e-19,True,26,4.00e-17,True,9,3.44e-20,True,56,3.44e-20,True
Complex_65,20,0.9046,0.45,538,YLL045C,21,1.10e-19,True,26,4.00e-17,True,9,3.44e-20,True,56,3.44e-20,True
Complex_65,20,0.9046,0.45,775,YOR063W,21,1.10e-19,True,26,4.00e-17,True,9,3.44e-20,True,56,3.44e-20,True
Complex_65,20,0.9046,0.45,113,YDL082W,21,1.10e-19,True,26,4.00e-17,True,9,3.44e-20,True,56,3.44e-20,True
Complex_65,20,0.9046,0.45,705,YNL178W,21,1.10e-19,True,26,4.00e-17,True,9,3.44e-20,True,56,3.44e-20,True
Complex_65,20,0.9046,0.45,37,YBR031W,21,1.10e-19,True,26,4.00e-17,True,9,3.44e-20,True,56,3.44e-20,True
Complex_65,20,0.9046,0.45,215,YDR496C,21,1.10e-19,True,26,4.00e-17,True,9,3.44e-20,True,56,3.44e-20,True
Complex_65,20,0.9046,0.45,795,YOR204W,21,1.10e-19,True,26,4.00e-17,True,9,3.44e-20,True,56,3.44e-20,True
Complex_65,20,0.9046,0.45,274,YFR031C-A,21,1.10e-19,True,26,4.00e-17,True,9,3.44e-20,True,56,3.44e-20,True
Complex_66,16,0.9045,0.2784,64,YBR245C,12,2.57e-22,True,52,9.30e-12,True,11,1.68e-06,True,75,2.57e-22,True
Complex_66,16,0.9045,0.2784,271,YFR013W,12,2.57e-22,True,52,9.30e-12,True,11,1.68e-06,True,75,2.57e-22,True
Complex_66,16,0.9045,0.2784,304,YGL133W,12,2.57e-22,True,52,9.30e-12,True,11,1.68e-06,True,75,2.57e-22,True
Complex_66,16,0.9045,0.2784,812,YOR304W,12,2.57e-22,True,52,9.30e-12,True,11,1.68e-06,True,75,2.57e-22,True
Complex_66,16,0.9045,0.2784,153,YDR121W,12,2.57e-22,True,52,9.30e-12,True,11,1.68e-06,True,75,2.57e-22,True
Complex_66,16,0.9045,0.2784,276,YFR037C,12,2.57e-22,True,52,9.30e-12,True,11,1.68e-06,True,75,2.57e-22,True
Complex_66,16,0.9045,0.2784,432,YIL126W,12,2.57e-22,True,52,9.30e-12,True,11,1.68e-06,True,75,2.57e-22,True
Complex_66,16,0.9045,0.2784,797,YOR207C,12,2.57e-22,True,52,9.30e-12,True,11,1.68e-06,True,75,2.57e-22,True
Complex_66,16,0.9045,0.2784,591,YLR357W,12,2.57e-22,True,52,9.30e-12,True,11,1.68e-06,True,75,2.57e-22,True
Complex_66,16,0.9045,0.2784,86,YCR052W,12,2.57e-22,True,52,9.30e-12,True,11,1.68e-06,True,75,2.57e-22,True
Complex_66,16,0.9045,0.2784,167,YDR224C,12,2.57e-22,True,52,9.30e-12,True,11,1.68e-06,True,75,2.57e-22,True
Complex_66,16,0.9045,0.2784,519,YKR008W,12,2.57e-22,True,52,9.30e-12,True,11,1.68e-06,True,75,2.57e-22,True
Complex_66,16,0.9045,0.2784,648,YMR091C,12,2.57e-22,True,52,9.30e-12,True,11,1.68e-06,True,75,2.57e-22,True
Complex_66,16,0.9045,0.2784,184,YDR303C,12,2.57e-22,True,52,9.30e-12,True,11,1.68e-06,True,75,2.57e-22,True
Complex_66,16,0.9045,0.2784,516,YKR001C,12,2.57e-22,True,52,9.30e-12,True,11,1.68e-06,True,75,2.57e-22,True
Complex_66,16,0.9045,0.2784,164,YDR190C,12,2.57e-22,True,52,9.30e-12,True,11,1.68e-06,True,75,2.57e-22,True
Complex_67,19,0.9045,0.4737,653,YMR146C,21,9.92e-18,True,23,5.39e-18,True,8,5.28e-18,True,52,5.28e-18,True
Complex_67,19,0.9045,0.4737,795,YOR204W,21,9.92e-18,True,23,5.39e-18,True,8,5.28e-18,True,52,5.28e-18,True
Complex_67,19,0.9045,0.4737,833,YPL081W,21,9.92e-18,True,23,5.39e-18,True,8,5.28e-18,True,52,5.28e-18,True
Complex_67,19,0.9045,0.4737,232,YER025W,21,9.92e-18,True,23,5.39e-18,True,8,5.28e-18,True,52,5.28e-18,True
Complex_67,19,0.9045,0.4737,874,YPR041W,21,9.92e-18,True,23,5.39e-18,True,8,5.28e-18,True,52,5.28e-18,True
Complex_67,19,0.9045,0.4737,42,YBR079C,21,9.92e-18,True,23,5.39e-18,True,8,5.28e-18,True,52,5.28e-18,True
Complex_67,19,0.9045,0.4737,820,YOR361C,21,9.92e-18,True,23,5.39e-18,True,8,5.28e-18,True,52,5.28e-18,True
Complex_67,19,0.9045,0.4737,204,YDR429C,21,9.92e-18,True,23,5.39e-18,True,8,5.28e-18,True,52,5.28e-18,True
Complex_67,19,0.9045,0.4737,673,YMR309C,21,9.92e-18,True,23,5.39e-18,True,8,5.28e-18,True,52,5.28e-18,True
Complex_67,19,0.9045,0.4737,334,YGR085C,21,9.92e-18,True,23,5.39e-18,True,8,5.28e-18,True,52,5.28e-18,True
Complex_67,19,0.9045,0.4737,558,YLR192C,21,9.92e-18,True,23,5.39e-18,True,8,5.28e-18,True,52,5.28e-18,True
Complex_67,19,0.9045,0.4737,7,YAL035W,21,9.92e-18,True,23,5.39e-18,True,8,5.28e-18,True,52,5.28e-18,True
Complex_67,19,0.9045,0.4737,148,YDR091C,21,9.92e-18,True,23,5.39e-18,True,8,5.28e-18,True,52,5.28e-18,True
Complex_67,19,0.9045,0.4737,861,YPL249C-A,21,9.92e-18,True,23,5.39e-18,True,8,5.28e-18,True,52,5.28e-18,True
Complex_67,19,0.9045,0.4737,627,YML073C,21,9.92e-18,True,23,5.39e-18,True,8,5.28e-18,True,52,5.28e-18,True
Complex_67,19,0.9045,0.4737,282,YGL030W,21,9.92e-18,True,23,5.39e-18,True,8,5.28e-18,True,52,5.28e-18,True
Complex_67,19,0.9045,0.4737,652,YMR142C,21,9.92e-18,True,23,5.39e-18,True,8,5.28e-18,True,52,5.28e-18,True
Complex_67,19,0.9045,0.4737,728,YNL301C,21,9.92e-18,True,23,5.39e-18,True,8,5.28e-18,True,52,5.28e-18,True
Complex_67,19,0.9045,0.4737,540,YLR029C,21,9.92e-18,True,23,5.39e-18,True,8,5.28e-18,True,52,5.28e-18,True
Complex_68,4,0.9043,1.0,770,YOR038C,2,9.90e-12,True,18,0.00437,True,6,1.11e-06,True,26,9.90e-12,True
Complex_68,4,0.9043,1.0,491,YJR140C,2,9.90e-12,True,18,0.00437,True,6,1.11e-06,True,26,9.90e-12,True
Complex_68,4,0.9043,1.0,19,YBL008W,2,9.90e-12,True,18,0.00437,True,6,1.11e-06,True,26,9.90e-12,True
Complex_68,4,0.9043,1.0,62,YBR215W,2,9.90e-12,True,18,0.00437,True,6,1.11e-06,True,26,9.90e-12,True
Complex_69,4,0.9043,1.0,62,YBR215W,2,9.90e-12,True,18,0.00437,True,6,1.11e-06,True,26,9.90e-12,True
Complex_69,4,0.9043,1.0,770,YOR038C,2,9.90e-12,True,18,0.00437,True,6,1.11e-06,True,26,9.90e-12,True
Complex_69,4,0.9043,1.0,491,YJR140C,2,9.90e-12,True,18,0.00437,True,6,1.11e-06,True,26,9.90e-12,True
Complex_69,4,0.9043,1.0,19,YBL008W,2,9.90e-12,True,18,0.00437,True,6,1.11e-06,True,26,9.90e-12,True
Complex_70,17,0.9035,0.4183,346,YGR156W,11,2.26e-15,True,22,2.33e-06,True,4,2.56e-06,True,37,2.26e-15,True
Complex_70,17,0.9035,0.4183,381,YHL033C,11,2.26e-15,True,22,2.33e-06,True,4,2.56e-06,True,37,2.26e-15,True
Complex_70,17,0.9035,0.4183,517,YKR002W,11,2.26e-15,True,22,2.33e-06,True,4,2.56e-06,True,37,2.26e-15,True
Complex_70,17,0.9035,0.4183,497,YKL018W,11,2.26e-15,True,22,2.33e-06,True,4,2.56e-06,True,37,2.26e-15,True
Complex_70,17,0.9035,0.4183,183,YDR301W,11,2.26e-15,True,22,2.33e-06,True,4,2.56e-06,True,37,2.26e-15,True
Complex_70,17,0.9035,0.4183,711,YNL222W,11,2.26e-15,True,22,2.33e-06,True,4,2.56e-06,True,37,2.26e-15,True
Complex_70,17,0.9035,0.4183,575,YLR277C,11,2.26e-15,True,22,2.33e-06,True,4,2.56e-06,True,37,2.26e-15,True
Complex_70,17,0.9035,0.4183,538,YLL045C,11,2.26e-15,True,22,2.33e-06,True,4,2.56e-06,True,37,2.26e-15,True
Complex_70,17,0.9035,0.4183,775,YOR063W,11,2.26e-15,True,22,2.33e-06,True,4,2.56e-06,True,37,2.26e-15,True
Complex_70,17,0.9035,0.4183,883,YPR107C,11,2.26e-15,True,22,2.33e-06,True,4,2.56e-06,True,37,2.26e-15,True
Complex_70,17,0.9035,0.4183,792,YOR179C,11,2.26e-15,True,22,2.33e-06,True,4,2.56e-06,True,37,2.26e-15,True
Complex_70,17,0.9035,0.4183,289,YGL076C,11,2.26e-15,True,22,2.33e-06,True,4,2.56e-06,True,37,2.26e-15,True
Complex_70,17,0.9035,0.4183,295,YGL103W,11,2.26e-15,True,22,2.33e-06,True,4,2.56e-06,True,37,2.26e-15,True
Complex_70,17,0.9035,0.4183,334,YGR085C,11,2.26e-15,True,22,2.33e-06,True,4,2.56e-06,True,37,2.26e-15,True
Complex_70,17,0.9035,0.4183,627,YML073C,11,2.26e-15,True,22,2.33e-06,True,4,2.56e-06,True,37,2.26e-15,True
Complex_70,17,0.9035,0.4183,705,YNL178W,11,2.26e-15,True,22,2.33e-06,True,4,2.56e-06,True,37,2.26e-15,True
Complex_70,17,0.9035,0.4183,211,YDR471W,11,2.26e-15,True,22,2.33e-06,True,4,2.56e-06,True,37,2.26e-15,True
Complex_71,68,0.9027,0.1343,662,YMR229C,24,1.61e-51,True,50,1.52e-43,True,14,4.17e-20,True,88,1.61e-51,True
Complex_71,68,0.9027,0.1343,670,YMR290C,24,1.61e-51,True,50,1.52e-43,True,14,4.17e-20,True,88,1.61e-51,True
Complex_71,68,0.9027,0.1343,388,YHR052W,24,1.61e-51,True,50,1.52e-43,True,14,4.17e-20,True,88,1.61e-51,True
Complex_71,68,0.9027,0.1343,142,YDR060W,24,1.61e-51,True,50,1.52e-43,True,14,4.17e-20,True,88,1.61e-51,True
Complex_71,68,0.9027,0.1343,822,YPL012W,24,1.61e-51,True,50,1.52e-43,True,14,4.17e-20,True,88,1.61e-51,True
Complex_71,68,0.9027,0.1343,755,YOL077C,24,1.61e-51,True,50,1.52e-43,True,14,4.17e-20,True,88,1.61e-51,True
Complex_71,68,0.9027,0.1343,215,YDR496C,24,1.61e-51,True,50,1.52e-43,True,14,4.17e-20,True,88,1.61e-51,True
Complex_71,68,0.9027,0.1343,676,YNL002C,24,1.61e-51,True,50,1.52e-43,True,14,4.17e-20,True,88,1.61e-51,True
Complex_71,68,0.9027,0.1343,867,YPR016C,24,1.61e-51,True,50,1.52e-43,True,14,4.17e-20,True,88,1.61e-51,True
Complex_71,68,0.9027,0.1343,228,YER006W,24,1.61e-51,True,50,1.52e-43,True,14,4.17e-20,True,88,1.61e-51,True
Complex_71,68,0.9027,0.1343,495,YKL009W,24,1.61e-51,True,50,1.52e-43,True,14,4.17e-20,True,88,1.61e-51,True
Complex_71,68,0.9027,0.1343,683,YNL061W,24,1.61e-51,True,50,1.52e-43,True,14,4.17e-20,True,88,1.61e-51,True
Complex_71,68,0.9027,0.1343,533,YLL008W,24,1.61e-51,True,50,1.52e-43,True,14,4.17e-20,True,88,1.61e-51,True
Complex_71,68,0.9027,0.1343,837,YPL093W,24,1.61e-51,True,50,1.52e-43,True,14,4.17e-20,True,88,1.61e-51,True
Complex_71,68,0.9027,0.1343,547,YLR106C,24,1.61e-51,True,50,1.52e-43,True,14,4.17e-20,True,88,1.61e-51,True
Complex_71,68,0.9027,0.1343,539,YLR002C,24,1.61e-51,True,50,1.52e-43,True,14,4.17e-20,True,88,1.61e-51,True
Complex_71,68,0.9027,0.1343,416,YHR197W,24,1.61e-51,True,50,1.52e-43,True,14,4.17e-20,True,88,1.61e-51,True
Complex_71,68,0.9027,0.1343,854,YPL211W,24,1.61e-51,True,50,1.52e-43,True,14,4.17e-20,True,88,1.61e-51,True
Complex_71,68,0.9027,0.1343,706,YNL182C,24,1.61e-51,True,50,1.52e-43,True,14,4.17e-20,True,88,1.61e-51,True
Complex_71,68,0.9027,0.1343,150,YDR101C,24,1.61e-51,True,50,1.52e-43,True,14,4.17e-20,True,88,1.61e-51,True
Complex_71,68,0.9027,0.1343,246,YER126C,24,1.61e-51,True,50,1.52e-43,True,14,4.17e-20,True,88,1.61e-51,True
Complex_71,68,0.9027,0.1343,297,YGL111W,24,1.61e-51,True,50,1.52e-43,True,14,4.17e-20,True,88,1.61e-51,True
Complex_71,68,0.9027,0.1343,808,YOR272W,24,1.61e-51,True,50,1.52e-43,True,14,4.17e-20,True,88,1.61e-51,True
Complex_71,68,0.9027,0.1343,338,YGR103W,24,1.61e-51,True,50,1.52e-43,True,14,4.17e-20,True,88,1.61e-51,True
Complex_71,68,0.9027,0.1343,258,YFL002C,24,1.61e-51,True,50,1.52e-43,True,14,4.17e-20,True,88,1.61e-51,True
Complex_71,68,0.9027,0.1343,642,YMR049C,24,1.61e-51,True,50,1.52e-43,True,14,4.17e-20,True,88,1.61e-51,True
Complex_71,68,0.9027,0.1343,529,YKR081C,24,1.61e-51,True,50,1.52e-43,True,14,4.17e-20,True,88,1.61e-51,True
Complex_71,68,0.9027,0.1343,796,YOR206W,24,1.61e-51,True,50,1.52e-43,True,14,4.17e-20,True,88,1.61e-51,True
Complex_71,68,0.9027,0.1343,147,YDR087C,24,1.61e-51,True,50,1.52e-43,True,14,4.17e-20,True,88,1.61e-51,True
Complex_71,68,0.9027,0.1343,611,YLR449W,24,1.61e-51,True,50,1.52e-43,True,14,4.17e-20,True,88,1.61e-51,True
Complex_71,68,0.9027,0.1343,694,YNL110C,24,1.61e-51,True,50,1.52e-43,True,14,4.17e-20,True,88,1.61e-51,True
Complex_71,68,0.9027,0.1343,289,YGL076C,24,1.61e-51,True,50,1.52e-43,True,14,4.17e-20,True,88,1.61e-51,True
Complex_71,68,0.9027,0.1343,267,YFR001W,24,1.61e-51,True,50,1.52e-43,True,14,4.17e-20,True,88,1.61e-51,True
Complex_71,68,0.9027,0.1343,31,YBL087C,24,1.61e-51,True,50,1.52e-43,True,14,4.17e-20,True,88,1.61e-51,True
Complex_71,68,0.9027,0.1343,538,YLL045C,24,1.61e-51,True,50,1.52e-43,True,14,4.17e-20,True,88,1.61e-51,True
Complex_71,68,0.9027,0.1343,100,YDL031W,24,1.61e-51,True,50,1.52e-43,True,14,4.17e-20,True,88,1.61e-51,True
Complex_71,68,0.9027,0.1343,574,YLR276C,24,1.61e-51,True,50,1.52e-43,True,14,4.17e-20,True,88,1.61e-51,True
Complex_71,68,0.9027,0.1343,51,YBR142W,24,1.61e-51,True,50,1.52e-43,True,14,4.17e-20,True,88,1.61e-51,True
Complex_71,68,0.9027,0.1343,829,YPL043W,24,1.61e-51,True,50,1.52e-43,True,14,4.17e-20,True,88,1.61e-51,True
Complex_71,68,0.9027,0.1343,512,YKL172W,24,1.61e-51,True,50,1.52e-43,True,14,4.17e-20,True,88,1.61e-51,True
Complex_71,68,0.9027,0.1343,775,YOR063W,24,1.61e-51,True,50,1.52e-43,True,14,4.17e-20,True,88,1.61e-51,True
Complex_71,68,0.9027,0.1343,77,YCL054W,24,1.61e-51,True,50,1.52e-43,True,14,4.17e-20,True,88,1.61e-51,True
Complex_71,68,0.9027,0.1343,751,YOL041C,24,1.61e-51,True,50,1.52e-43,True,14,4.17e-20,True,88,1.61e-51,True
Complex_71,68,0.9027,0.1343,604,YLR432W,24,1.61e-51,True,50,1.52e-43,True,14,4.17e-20,True,88,1.61e-51,True
Complex_71,68,0.9027,0.1343,536,YLL034C,24,1.61e-51,True,50,1.52e-43,True,14,4.17e-20,True,88,1.61e-51,True
Complex_71,68,0.9027,0.1343,395,YHR088W,24,1.61e-51,True,50,1.52e-43,True,14,4.17e-20,True,88,1.61e-51,True
Complex_71,68,0.9027,0.1343,7,YAL035W,24,1.61e-51,True,50,1.52e-43,True,14,4.17e-20,True,88,1.61e-51,True
Complex_71,68,0.9027,0.1343,627,YML073C,24,1.61e-51,True,50,1.52e-43,True,14,4.17e-20,True,88,1.61e-51,True
Complex_71,68,0.9027,0.1343,334,YGR085C,24,1.61e-51,True,50,1.52e-43,True,14,4.17e-20,True,88,1.61e-51,True
Complex_71,68,0.9027,0.1343,136,YDR012W,24,1.61e-51,True,50,1.52e-43,True,14,4.17e-20,True,88,1.61e-51,True
Complex_71,68,0.9027,0.1343,295,YGL103W,24,1.61e-51,True,50,1.52e-43,True,14,4.17e-20,True,88,1.61e-51,True
Complex_71,68,0.9027,0.1343,811,YOR294W,24,1.61e-51,True,50,1.52e-43,True,14,4.17e-20,True,88,1.61e-51,True
Complex_71,68,0.9027,0.1343,111,YDL075W,24,1.61e-51,True,50,1.52e-43,True,14,4.17e-20,True,88,1.61e-51,True
Complex_71,68,0.9027,0.1343,760,YOL120C,24,1.61e-51,True,50,1.52e-43,True,14,4.17e-20,True,88,1.61e-51,True
Complex_71,68,0.9027,0.1343,282,YGL030W,24,1.61e-51,True,50,1.52e-43,True,14,4.17e-20,True,88,1.61e-51,True
Complex_71,68,0.9027,0.1343,211,YDR471W,24,1.61e-51,True,50,1.52e-43,True,14,4.17e-20,True,88,1.61e-51,True
Complex_71,68,0.9027,0.1343,761,YOL127W,24,1.61e-51,True,50,1.52e-43,True,14,4.17e-20,True,88,1.61e-51,True
Complex_71,68,0.9027,0.1343,113,YDL082W,24,1.61e-51,True,50,1.52e-43,True,14,4.17e-20,True,88,1.61e-51,True
Complex_71,68,0.9027,0.1343,728,YNL301C,24,1.61e-51,True,50,1.52e-43,True,14,4.17e-20,True,88,1.61e-51,True
Complex_71,68,0.9027,0.1343,540,YLR029C,24,1.61e-51,True,50,1.52e-43,True,14,4.17e-20,True,88,1.61e-51,True
Complex_71,68,0.9027,0.1343,306,YGL147C,24,1.61e-51,True,50,1.52e-43,True,14,4.17e-20,True,88,1.61e-51,True
Complex_71,68,0.9027,0.1343,843,YPL131W,24,1.61e-51,True,50,1.52e-43,True,14,4.17e-20,True,88,1.61e-51,True
Complex_71,68,0.9027,0.1343,731,YNL308C,24,1.61e-51,True,50,1.52e-43,True,14,4.17e-20,True,88,1.61e-51,True
Complex_71,68,0.9027,0.1343,37,YBR031W,24,1.61e-51,True,50,1.52e-43,True,14,4.17e-20,True,88,1.61e-51,True
Complex_71,68,0.9027,0.1343,383,YHR010W,24,1.61e-51,True,50,1.52e-43,True,14,4.17e-20,True,88,1.61e-51,True
Complex_71,68,0.9027,0.1343,434,YIL133C,24,1.61e-51,True,50,1.52e-43,True,14,4.17e-20,True,88,1.61e-51,True
Complex_71,68,0.9027,0.1343,472,YJR002W,24,1.61e-51,True,50,1.52e-43,True,14,4.17e-20,True,88,1.61e-51,True
Complex_71,68,0.9027,0.1343,857,YPL220W,24,1.61e-51,True,50,1.52e-43,True,14,4.17e-20,True,88,1.61e-51,True
Complex_72,76,0.9022,0.1678,882,YPR102C,27,9.80e-52,True,50,5.84e-47,True,13,3.89e-23,True,90,9.80e-52,True
Complex_72,76,0.9022,0.1678,837,YPL093W,27,9.80e-52,True,50,5.84e-47,True,13,3.89e-23,True,90,9.80e-52,True
Complex_72,76,0.9022,0.1678,843,YPL131W,27,9.80e-52,True,50,5.84e-47,True,13,3.89e-23,True,90,9.80e-52,True
Complex_72,76,0.9022,0.1678,676,YNL002C,27,9.80e-52,True,50,5.84e-47,True,13,3.89e-23,True,90,9.80e-52,True
Complex_72,76,0.9022,0.1678,228,YER006W,27,9.80e-52,True,50,5.84e-47,True,13,3.89e-23,True,90,9.80e-52,True
Complex_72,76,0.9022,0.1678,740,YNR053C,27,9.80e-52,True,50,5.84e-47,True,13,3.89e-23,True,90,9.80e-52,True
Complex_72,76,0.9022,0.1678,867,YPR016C,27,9.80e-52,True,50,5.84e-47,True,13,3.89e-23,True,90,9.80e-52,True
Complex_72,76,0.9022,0.1678,495,YKL009W,27,9.80e-52,True,50,5.84e-47,True,13,3.89e-23,True,90,9.80e-52,True
Complex_72,76,0.9022,0.1678,683,YNL061W,27,9.80e-52,True,50,5.84e-47,True,13,3.89e-23,True,90,9.80e-52,True
Complex_72,76,0.9022,0.1678,533,YLL008W,27,9.80e-52,True,50,5.84e-47,True,13,3.89e-23,True,90,9.80e-52,True
Complex_72,76,0.9022,0.1678,547,YLR106C,27,9.80e-52,True,50,5.84e-47,True,13,3.89e-23,True,90,9.80e-52,True
Complex_72,76,0.9022,0.1678,539,YLR002C,27,9.80e-52,True,50,5.84e-47,True,13,3.89e-23,True,90,9.80e-52,True
Complex_72,76,0.9022,0.1678,416,YHR197W,27,9.80e-52,True,50,5.84e-47,True,13,3.89e-23,True,90,9.80e-52,True
Complex_72,76,0.9022,0.1678,854,YPL211W,27,9.80e-52,True,50,5.84e-47,True,13,3.89e-23,True,90,9.80e-52,True
Complex_72,76,0.9022,0.1678,366,YGR245C,27,9.80e-52,True,50,5.84e-47,True,13,3.89e-23,True,90,9.80e-52,True
Complex_72,76,0.9022,0.1678,706,YNL182C,27,9.80e-52,True,50,5.84e-47,True,13,3.89e-23,True,90,9.80e-52,True
Complex_72,76,0.9022,0.1678,297,YGL111W,27,9.80e-52,True,50,5.84e-47,True,13,3.89e-23,True,90,9.80e-52,True
Complex_72,76,0.9022,0.1678,246,YER126C,27,9.80e-52,True,50,5.84e-47,True,13,3.89e-23,True,90,9.80e-52,True
Complex_72,76,0.9022,0.1678,150,YDR101C,27,9.80e-52,True,50,5.84e-47,True,13,3.89e-23,True,90,9.80e-52,True
Complex_72,76,0.9022,0.1678,808,YOR272W,27,9.80e-52,True,50,5.84e-47,True,13,3.89e-23,True,90,9.80e-52,True
Complex_72,76,0.9022,0.1678,338,YGR103W,27,9.80e-52,True,50,5.84e-47,True,13,3.89e-23,True,90,9.80e-52,True
Complex_72,76,0.9022,0.1678,258,YFL002C,27,9.80e-52,True,50,5.84e-47,True,13,3.89e-23,True,90,9.80e-52,True
Complex_72,76,0.9022,0.1678,670,YMR290C,27,9.80e-52,True,50,5.84e-47,True,13,3.89e-23,True,90,9.80e-52,True
Complex_72,76,0.9022,0.1678,755,YOL077C,27,9.80e-52,True,50,5.84e-47,True,13,3.89e-23,True,90,9.80e-52,True
Complex_72,76,0.9022,0.1678,388,YHR052W,27,9.80e-52,True,50,5.84e-47,True,13,3.89e-23,True,90,9.80e-52,True
Complex_72,76,0.9022,0.1678,393,YHR085W,27,9.80e-52,True,50,5.84e-47,True,13,3.89e-23,True,90,9.80e-52,True
Complex_72,76,0.9022,0.1678,642,YMR049C,27,9.80e-52,True,50,5.84e-47,True,13,3.89e-23,True,90,9.80e-52,True
Complex_72,76,0.9022,0.1678,529,YKR081C,27,9.80e-52,True,50,5.84e-47,True,13,3.89e-23,True,90,9.80e-52,True
Complex_72,76,0.9022,0.1678,796,YOR206W,27,9.80e-52,True,50,5.84e-47,True,13,3.89e-23,True,90,9.80e-52,True
Complex_72,76,0.9022,0.1678,215,YDR496C,27,9.80e-52,True,50,5.84e-47,True,13,3.89e-23,True,90,9.80e-52,True
Complex_72,76,0.9022,0.1678,90,YCR072C,27,9.80e-52,True,50,5.84e-47,True,13,3.89e-23,True,90,9.80e-52,True
Complex_72,76,0.9022,0.1678,861,YPL249C-A,27,9.80e-52,True,50,5.84e-47,True,13,3.89e-23,True,90,9.80e-52,True
Complex_72,76,0.9022,0.1678,611,YLR449W,27,9.80e-52,True,50,5.84e-47,True,13,3.89e-23,True,90,9.80e-52,True
Complex_72,76,0.9022,0.1678,584,YLR325C,27,9.80e-52,True,50,5.84e-47,True,13,3.89e-23,True,90,9.80e-52,True
Complex_72,76,0.9022,0.1678,142,YDR060W,27,9.80e-52,True,50,5.84e-47,True,13,3.89e-23,True,90,9.80e-52,True
Complex_72,76,0.9022,0.1678,694,YNL110C,27,9.80e-52,True,50,5.84e-47,True,13,3.89e-23,True,90,9.80e-52,True
Complex_72,76,0.9022,0.1678,289,YGL076C,27,9.80e-52,True,50,5.84e-47,True,13,3.89e-23,True,90,9.80e-52,True
Complex_72,76,0.9022,0.1678,538,YLL045C,27,9.80e-52,True,50,5.84e-47,True,13,3.89e-23,True,90,9.80e-52,True
Complex_72,76,0.9022,0.1678,267,YFR001W,27,9.80e-52,True,50,5.84e-47,True,13,3.89e-23,True,90,9.80e-52,True
Complex_72,76,0.9022,0.1678,31,YBL087C,27,9.80e-52,True,50,5.84e-47,True,13,3.89e-23,True,90,9.80e-52,True
Complex_72,76,0.9022,0.1678,51,YBR142W,27,9.80e-52,True,50,5.84e-47,True,13,3.89e-23,True,90,9.80e-52,True
Complex_72,76,0.9022,0.1678,100,YDL031W,27,9.80e-52,True,50,5.84e-47,True,13,3.89e-23,True,90,9.80e-52,True
Complex_72,76,0.9022,0.1678,574,YLR276C,27,9.80e-52,True,50,5.84e-47,True,13,3.89e-23,True,90,9.80e-52,True
Complex_72,76,0.9022,0.1678,829,YPL043W,27,9.80e-52,True,50,5.84e-47,True,13,3.89e-23,True,90,9.80e-52,True
Complex_72,76,0.9022,0.1678,512,YKL172W,27,9.80e-52,True,50,5.84e-47,True,13,3.89e-23,True,90,9.80e-52,True
Complex_72,76,0.9022,0.1678,775,YOR063W,27,9.80e-52,True,50,5.84e-47,True,13,3.89e-23,True,90,9.80e-52,True
Complex_72,76,0.9022,0.1678,77,YCL054W,27,9.80e-52,True,50,5.84e-47,True,13,3.89e-23,True,90,9.80e-52,True
Complex_72,76,0.9022,0.1678,751,YOL041C,27,9.80e-52,True,50,5.84e-47,True,13,3.89e-23,True,90,9.80e-52,True
Complex_72,76,0.9022,0.1678,469,YJL191W,27,9.80e-52,True,50,5.84e-47,True,13,3.89e-23,True,90,9.80e-52,True
Complex_72,76,0.9022,0.1678,604,YLR432W,27,9.80e-52,True,50,5.84e-47,True,13,3.89e-23,True,90,9.80e-52,True
Complex_72,76,0.9022,0.1678,545,YLR074C,27,9.80e-52,True,50,5.84e-47,True,13,3.89e-23,True,90,9.80e-52,True
Complex_72,76,0.9022,0.1678,395,YHR088W,27,9.80e-52,True,50,5.84e-47,True,13,3.89e-23,True,90,9.80e-52,True
Complex_72,76,0.9022,0.1678,536,YLL034C,27,9.80e-52,True,50,5.84e-47,True,13,3.89e-23,True,90,9.80e-52,True
Complex_72,76,0.9022,0.1678,627,YML073C,27,9.80e-52,True,50,5.84e-47,True,13,3.89e-23,True,90,9.80e-52,True
Complex_72,76,0.9022,0.1678,334,YGR085C,27,9.80e-52,True,50,5.84e-47,True,13,3.89e-23,True,90,9.80e-52,True
Complex_72,76,0.9022,0.1678,811,YOR294W,27,9.80e-52,True,50,5.84e-47,True,13,3.89e-23,True,90,9.80e-52,True
Complex_72,76,0.9022,0.1678,295,YGL103W,27,9.80e-52,True,50,5.84e-47,True,13,3.89e-23,True,90,9.80e-52,True
Complex_72,76,0.9022,0.1678,822,YPL012W,27,9.80e-52,True,50,5.84e-47,True,13,3.89e-23,True,90,9.80e-52,True
Complex_72,76,0.9022,0.1678,111,YDL075W,27,9.80e-52,True,50,5.84e-47,True,13,3.89e-23,True,90,9.80e-52,True
Complex_72,76,0.9022,0.1678,282,YGL030W,27,9.80e-52,True,50,5.84e-47,True,13,3.89e-23,True,90,9.80e-52,True
Complex_72,76,0.9022,0.1678,728,YNL301C,27,9.80e-52,True,50,5.84e-47,True,13,3.89e-23,True,90,9.80e-52,True
Complex_72,76,0.9022,0.1678,211,YDR471W,27,9.80e-52,True,50,5.84e-47,True,13,3.89e-23,True,90,9.80e-52,True
Complex_72,76,0.9022,0.1678,761,YOL127W,27,9.80e-52,True,50,5.84e-47,True,13,3.89e-23,True,90,9.80e-52,True
Complex_72,76,0.9022,0.1678,113,YDL082W,27,9.80e-52,True,50,5.84e-47,True,13,3.89e-23,True,90,9.80e-52,True
Complex_72,76,0.9022,0.1678,540,YLR029C,27,9.80e-52,True,50,5.84e-47,True,13,3.89e-23,True,90,9.80e-52,True
Complex_72,76,0.9022,0.1678,306,YGL147C,27,9.80e-52,True,50,5.84e-47,True,13,3.89e-23,True,90,9.80e-52,True
Complex_72,76,0.9022,0.1678,705,YNL178W,27,9.80e-52,True,50,5.84e-47,True,13,3.89e-23,True,90,9.80e-52,True
Complex_72,76,0.9022,0.1678,434,YIL133C,27,9.80e-52,True,50,5.84e-47,True,13,3.89e-23,True,90,9.80e-52,True
Complex_72,76,0.9022,0.1678,383,YHR010W,27,9.80e-52,True,50,5.84e-47,True,13,3.89e-23,True,90,9.80e-52,True
Complex_72,76,0.9022,0.1678,226,YEL054C,27,9.80e-52,True,50,5.84e-47,True,13,3.89e-23,True,90,9.80e-52,True
Complex_72,76,0.9022,0.1678,492,YJR145C,27,9.80e-52,True,50,5.84e-47,True,13,3.89e-23,True,90,9.80e-52,True
Complex_72,76,0.9022,0.1678,610,YLR448W,27,9.80e-52,True,50,5.84e-47,True,13,3.89e-23,True,90,9.80e-52,True
Complex_72,76,0.9022,0.1678,857,YPL220W,27,9.80e-52,True,50,5.84e-47,True,13,3.89e-23,True,90,9.80e-52,True
Complex_72,76,0.9022,0.1678,851,YPL198W,27,9.80e-52,True,50,5.84e-47,True,13,3.89e-23,True,90,9.80e-52,True
Complex_72,76,0.9022,0.1678,202,YDR418W,27,9.80e-52,True,50,5.84e-47,True,13,3.89e-23,True,90,9.80e-52,True
Complex_72,76,0.9022,0.1678,76,YCL037C,27,9.80e-52,True,50,5.84e-47,True,13,3.89e-23,True,90,9.80e-52,True
Complex_73,80,0.902,0.1719,775,YOR063W,28,7.07e-59,True,50,2.02e-45,True,22,3.01e-26,True,100,7.07e-59,True
Complex_73,80,0.902,0.1719,142,YDR060W,28,7.07e-59,True,50,2.02e-45,True,22,3.01e-26,True,100,7.07e-59,True
Complex_73,80,0.902,0.1719,670,YMR290C,28,7.07e-59,True,50,2.02e-45,True,22,3.01e-26,True,100,7.07e-59,True
Complex_73,80,0.902,0.1719,51,YBR142W,28,7.07e-59,True,50,2.02e-45,True,22,3.01e-26,True,100,7.07e-59,True
Complex_73,80,0.902,0.1719,215,YDR496C,28,7.07e-59,True,50,2.02e-45,True,22,3.01e-26,True,100,7.07e-59,True
Complex_73,80,0.902,0.1719,642,YMR049C,28,7.07e-59,True,50,2.02e-45,True,22,3.01e-26,True,100,7.07e-59,True
Complex_73,80,0.902,0.1719,388,YHR052W,28,7.07e-59,True,50,2.02e-45,True,22,3.01e-26,True,100,7.07e-59,True
Complex_73,80,0.902,0.1719,676,YNL002C,28,7.07e-59,True,50,2.02e-45,True,22,3.01e-26,True,100,7.07e-59,True
Complex_73,80,0.902,0.1719,808,YOR272W,28,7.07e-59,True,50,2.02e-45,True,22,3.01e-26,True,100,7.07e-59,True
Complex_73,80,0.902,0.1719,829,YPL043W,28,7.07e-59,True,50,2.02e-45,True,22,3.01e-26,True,100,7.07e-59,True
Complex_73,80,0.902,0.1719,683,YNL061W,28,7.07e-59,True,50,2.02e-45,True,22,3.01e-26,True,100,7.07e-59,True
Complex_73,80,0.902,0.1719,533,YLL008W,28,7.07e-59,True,50,2.02e-45,True,22,3.01e-26,True,100,7.07e-59,True
Complex_73,80,0.902,0.1719,854,YPL211W,28,7.07e-59,True,50,2.02e-45,True,22,3.01e-26,True,100,7.07e-59,True
Complex_73,80,0.902,0.1719,228,YER006W,28,7.07e-59,True,50,2.02e-45,True,22,3.01e-26,True,100,7.07e-59,True
Complex_73,80,0.902,0.1719,740,YNR053C,28,7.07e-59,True,50,2.02e-45,True,22,3.01e-26,True,100,7.07e-59,True
Complex_73,80,0.902,0.1719,867,YPR016C,28,7.07e-59,True,50,2.02e-45,True,22,3.01e-26,True,100,7.07e-59,True
Complex_73,80,0.902,0.1719,495,YKL009W,28,7.07e-59,True,50,2.02e-45,True,22,3.01e-26,True,100,7.07e-59,True
Complex_73,80,0.902,0.1719,837,YPL093W,28,7.07e-59,True,50,2.02e-45,True,22,3.01e-26,True,100,7.07e-59,True
Complex_73,80,0.902,0.1719,539,YLR002C,28,7.07e-59,True,50,2.02e-45,True,22,3.01e-26,True,100,7.07e-59,True
Complex_73,80,0.902,0.1719,547,YLR106C,28,7.07e-59,True,50,2.02e-45,True,22,3.01e-26,True,100,7.07e-59,True
Complex_73,80,0.902,0.1719,416,YHR197W,28,7.07e-59,True,50,2.02e-45,True,22,3.01e-26,True,100,7.07e-59,True
Complex_73,80,0.902,0.1719,366,YGR245C,28,7.07e-59,True,50,2.02e-45,True,22,3.01e-26,True,100,7.07e-59,True
Complex_73,80,0.902,0.1719,706,YNL182C,28,7.07e-59,True,50,2.02e-45,True,22,3.01e-26,True,100,7.07e-59,True
Complex_73,80,0.902,0.1719,150,YDR101C,28,7.07e-59,True,50,2.02e-45,True,22,3.01e-26,True,100,7.07e-59,True
Complex_73,80,0.902,0.1719,297,YGL111W,28,7.07e-59,True,50,2.02e-45,True,22,3.01e-26,True,100,7.07e-59,True
Complex_73,80,0.902,0.1719,246,YER126C,28,7.07e-59,True,50,2.02e-45,True,22,3.01e-26,True,100,7.07e-59,True
Complex_73,80,0.902,0.1719,338,YGR103W,28,7.07e-59,True,50,2.02e-45,True,22,3.01e-26,True,100,7.07e-59,True
Complex_73,80,0.902,0.1719,258,YFL002C,28,7.07e-59,True,50,2.02e-45,True,22,3.01e-26,True,100,7.07e-59,True
Complex_73,80,0.902,0.1719,755,YOL077C,28,7.07e-59,True,50,2.02e-45,True,22,3.01e-26,True,100,7.07e-59,True
Complex_73,80,0.902,0.1719,529,YKR081C,28,7.07e-59,True,50,2.02e-45,True,22,3.01e-26,True,100,7.07e-59,True
Complex_73,80,0.902,0.1719,796,YOR206W,28,7.07e-59,True,50,2.02e-45,True,22,3.01e-26,True,100,7.07e-59,True
Complex_73,80,0.902,0.1719,147,YDR087C,28,7.07e-59,True,50,2.02e-45,True,22,3.01e-26,True,100,7.07e-59,True
Complex_73,80,0.902,0.1719,861,YPL249C-A,28,7.07e-59,True,50,2.02e-45,True,22,3.01e-26,True,100,7.07e-59,True
Complex_73,80,0.902,0.1719,611,YLR449W,28,7.07e-59,True,50,2.02e-45,True,22,3.01e-26,True,100,7.07e-59,True
Complex_73,80,0.902,0.1719,584,YLR325C,28,7.07e-59,True,50,2.02e-45,True,22,3.01e-26,True,100,7.07e-59,True
Complex_73,80,0.902,0.1719,694,YNL110C,28,7.07e-59,True,50,2.02e-45,True,22,3.01e-26,True,100,7.07e-59,True
Complex_73,80,0.902,0.1719,289,YGL076C,28,7.07e-59,True,50,2.02e-45,True,22,3.01e-26,True,100,7.07e-59,True
Complex_73,80,0.902,0.1719,267,YFR001W,28,7.07e-59,True,50,2.02e-45,True,22,3.01e-26,True,100,7.07e-59,True
Complex_73,80,0.902,0.1719,538,YLL045C,28,7.07e-59,True,50,2.02e-45,True,22,3.01e-26,True,100,7.07e-59,True
Complex_73,80,0.902,0.1719,100,YDL031W,28,7.07e-59,True,50,2.02e-45,True,22,3.01e-26,True,100,7.07e-59,True
Complex_73,80,0.902,0.1719,31,YBL087C,28,7.07e-59,True,50,2.02e-45,True,22,3.01e-26,True,100,7.07e-59,True
Complex_73,80,0.902,0.1719,574,YLR276C,28,7.07e-59,True,50,2.02e-45,True,22,3.01e-26,True,100,7.07e-59,True
Complex_73,80,0.902,0.1719,512,YKL172W,28,7.07e-59,True,50,2.02e-45,True,22,3.01e-26,True,100,7.07e-59,True
Complex_73,80,0.902,0.1719,77,YCL054W,28,7.07e-59,True,50,2.02e-45,True,22,3.01e-26,True,100,7.07e-59,True
Complex_73,80,0.902,0.1719,469,YJL191W,28,7.07e-59,True,50,2.02e-45,True,22,3.01e-26,True,100,7.07e-59,True
Complex_73,80,0.902,0.1719,751,YOL041C,28,7.07e-59,True,50,2.02e-45,True,22,3.01e-26,True,100,7.07e-59,True
Complex_73,80,0.902,0.1719,604,YLR432W,28,7.07e-59,True,50,2.02e-45,True,22,3.01e-26,True,100,7.07e-59,True
Complex_73,80,0.902,0.1719,597,YLR406C,28,7.07e-59,True,50,2.02e-45,True,22,3.01e-26,True,100,7.07e-59,True
Complex_73,80,0.902,0.1719,620,YML056C,28,7.07e-59,True,50,2.02e-45,True,22,3.01e-26,True,100,7.07e-59,True
Complex_73,80,0.902,0.1719,536,YLL034C,28,7.07e-59,True,50,2.02e-45,True,22,3.01e-26,True,100,7.07e-59,True
Complex_73,80,0.902,0.1719,546,YLR075W,28,7.07e-59,True,50,2.02e-45,True,22,3.01e-26,True,100,7.07e-59,True
Complex_73,80,0.902,0.1719,627,YML073C,28,7.07e-59,True,50,2.02e-45,True,22,3.01e-26,True,100,7.07e-59,True
Complex_73,80,0.902,0.1719,395,YHR088W,28,7.07e-59,True,50,2.02e-45,True,22,3.01e-26,True,100,7.07e-59,True
Complex_73,80,0.902,0.1719,334,YGR085C,28,7.07e-59,True,50,2.02e-45,True,22,3.01e-26,True,100,7.07e-59,True
Complex_73,80,0.902,0.1719,577,YLR287C-A,28,7.07e-59,True,50,2.02e-45,True,22,3.01e-26,True,100,7.07e-59,True
Complex_73,80,0.902,0.1719,295,YGL103W,28,7.07e-59,True,50,2.02e-45,True,22,3.01e-26,True,100,7.07e-59,True
Complex_73,80,0.902,0.1719,7,YAL035W,28,7.07e-59,True,50,2.02e-45,True,22,3.01e-26,True,100,7.07e-59,True
Complex_73,80,0.902,0.1719,136,YDR012W,28,7.07e-59,True,50,2.02e-45,True,22,3.01e-26,True,100,7.07e-59,True
Complex_73,80,0.902,0.1719,59,YBR191W,28,7.07e-59,True,50,2.02e-45,True,22,3.01e-26,True,100,7.07e-59,True
Complex_73,80,0.902,0.1719,282,YGL030W,28,7.07e-59,True,50,2.02e-45,True,22,3.01e-26,True,100,7.07e-59,True
Complex_73,80,0.902,0.1719,652,YMR142C,28,7.07e-59,True,50,2.02e-45,True,22,3.01e-26,True,100,7.07e-59,True
Complex_73,80,0.902,0.1719,113,YDL082W,28,7.07e-59,True,50,2.02e-45,True,22,3.01e-26,True,100,7.07e-59,True
Complex_73,80,0.902,0.1719,111,YDL075W,28,7.07e-59,True,50,2.02e-45,True,22,3.01e-26,True,100,7.07e-59,True
Complex_73,80,0.902,0.1719,211,YDR471W,28,7.07e-59,True,50,2.02e-45,True,22,3.01e-26,True,100,7.07e-59,True
Complex_73,80,0.902,0.1719,760,YOL120C,28,7.07e-59,True,50,2.02e-45,True,22,3.01e-26,True,100,7.07e-59,True
Complex_73,80,0.902,0.1719,728,YNL301C,28,7.07e-59,True,50,2.02e-45,True,22,3.01e-26,True,100,7.07e-59,True
Complex_73,80,0.902,0.1719,540,YLR029C,28,7.07e-59,True,50,2.02e-45,True,22,3.01e-26,True,100,7.07e-59,True
Complex_73,80,0.902,0.1719,750,YOL040C,28,7.07e-59,True,50,2.02e-45,True,22,3.01e-26,True,100,7.07e-59,True
Complex_73,80,0.902,0.1719,761,YOL127W,28,7.07e-59,True,50,2.02e-45,True,22,3.01e-26,True,100,7.07e-59,True
Complex_73,80,0.902,0.1719,811,YOR294W,28,7.07e-59,True,50,2.02e-45,True,22,3.01e-26,True,100,7.07e-59,True
Complex_73,80,0.902,0.1719,822,YPL012W,28,7.07e-59,True,50,2.02e-45,True,22,3.01e-26,True,100,7.07e-59,True
Complex_73,80,0.902,0.1719,306,YGL147C,28,7.07e-59,True,50,2.02e-45,True,22,3.01e-26,True,100,7.07e-59,True
Complex_73,80,0.902,0.1719,658,YMR194W,28,7.07e-59,True,50,2.02e-45,True,22,3.01e-26,True,100,7.07e-59,True
Complex_73,80,0.902,0.1719,23,YBL027W,28,7.07e-59,True,50,2.02e-45,True,22,3.01e-26,True,100,7.07e-59,True
Complex_73,80,0.902,0.1719,705,YNL178W,28,7.07e-59,True,50,2.02e-45,True,22,3.01e-26,True,100,7.07e-59,True
Complex_73,80,0.902,0.1719,301,YGL123W,28,7.07e-59,True,50,2.02e-45,True,22,3.01e-26,True,100,7.07e-59,True
Complex_73,80,0.902,0.1719,843,YPL131W,28,7.07e-59,True,50,2.02e-45,True,22,3.01e-26,True,100,7.07e-59,True
Complex_73,80,0.902,0.1719,844,YPL143W,28,7.07e-59,True,50,2.02e-45,True,22,3.01e-26,True,100,7.07e-59,True
Complex_73,80,0.902,0.1719,237,YER074W,28,7.07e-59,True,50,2.02e-45,True,22,3.01e-26,True,100,7.07e-59,True
Complex_73,80,0.902,0.1719,695,YNL112W,28,7.07e-59,True,50,2.02e-45,True,22,3.01e-26,True,100,7.07e-59,True
Complex_74,65,0.902,0.1077,662,YMR229C,23,6.14e-51,True,44,3.10e-41,True,14,1.57e-21,True,81,6.14e-51,True
Complex_74,65,0.902,0.1077,670,YMR290C,23,6.14e-51,True,44,3.10e-41,True,14,1.57e-21,True,81,6.14e-51,True
Complex_74,65,0.902,0.1077,98,YDL014W,23,6.14e-51,True,44,3.10e-41,True,14,1.57e-21,True,81,6.14e-51,True
Complex_74,65,0.902,0.1077,215,YDR496C,23,6.14e-51,True,44,3.10e-41,True,14,1.57e-21,True,81,6.14e-51,True
Complex_74,65,0.902,0.1077,142,YDR060W,23,6.14e-51,True,44,3.10e-41,True,14,1.57e-21,True,81,6.14e-51,True
Complex_74,65,0.902,0.1077,755,YOL077C,23,6.14e-51,True,44,3.10e-41,True,14,1.57e-21,True,81,6.14e-51,True
Complex_74,65,0.902,0.1077,796,YOR206W,23,6.14e-51,True,44,3.10e-41,True,14,1.57e-21,True,81,6.14e-51,True
Complex_74,65,0.902,0.1077,540,YLR029C,23,6.14e-51,True,44,3.10e-41,True,14,1.57e-21,True,81,6.14e-51,True
Complex_74,65,0.902,0.1077,676,YNL002C,23,6.14e-51,True,44,3.10e-41,True,14,1.57e-21,True,81,6.14e-51,True
Complex_74,65,0.902,0.1077,228,YER006W,23,6.14e-51,True,44,3.10e-41,True,14,1.57e-21,True,81,6.14e-51,True
Complex_74,65,0.902,0.1077,867,YPR016C,23,6.14e-51,True,44,3.10e-41,True,14,1.57e-21,True,81,6.14e-51,True
Complex_74,65,0.902,0.1077,495,YKL009W,23,6.14e-51,True,44,3.10e-41,True,14,1.57e-21,True,81,6.14e-51,True
Complex_74,65,0.902,0.1077,683,YNL061W,23,6.14e-51,True,44,3.10e-41,True,14,1.57e-21,True,81,6.14e-51,True
Complex_74,65,0.902,0.1077,533,YLL008W,23,6.14e-51,True,44,3.10e-41,True,14,1.57e-21,True,81,6.14e-51,True
Complex_74,65,0.902,0.1077,837,YPL093W,23,6.14e-51,True,44,3.10e-41,True,14,1.57e-21,True,81,6.14e-51,True
Complex_74,65,0.902,0.1077,539,YLR002C,23,6.14e-51,True,44,3.10e-41,True,14,1.57e-21,True,81,6.14e-51,True
Complex_74,65,0.902,0.1077,854,YPL211W,23,6.14e-51,True,44,3.10e-41,True,14,1.57e-21,True,81,6.14e-51,True
Complex_74,65,0.902,0.1077,416,YHR197W,23,6.14e-51,True,44,3.10e-41,True,14,1.57e-21,True,81,6.14e-51,True
Complex_74,65,0.902,0.1077,246,YER126C,23,6.14e-51,True,44,3.10e-41,True,14,1.57e-21,True,81,6.14e-51,True
Complex_74,65,0.902,0.1077,297,YGL111W,23,6.14e-51,True,44,3.10e-41,True,14,1.57e-21,True,81,6.14e-51,True
Complex_74,65,0.902,0.1077,808,YOR272W,23,6.14e-51,True,44,3.10e-41,True,14,1.57e-21,True,81,6.14e-51,True
Complex_74,65,0.902,0.1077,338,YGR103W,23,6.14e-51,True,44,3.10e-41,True,14,1.57e-21,True,81,6.14e-51,True
Complex_74,65,0.902,0.1077,258,YFL002C,23,6.14e-51,True,44,3.10e-41,True,14,1.57e-21,True,81,6.14e-51,True
Complex_74,65,0.902,0.1077,642,YMR049C,23,6.14e-51,True,44,3.10e-41,True,14,1.57e-21,True,81,6.14e-51,True
Complex_74,65,0.902,0.1077,388,YHR052W,23,6.14e-51,True,44,3.10e-41,True,14,1.57e-21,True,81,6.14e-51,True
Complex_74,65,0.902,0.1077,529,YKR081C,23,6.14e-51,True,44,3.10e-41,True,14,1.57e-21,True,81,6.14e-51,True
Complex_74,65,0.902,0.1077,147,YDR087C,23,6.14e-51,True,44,3.10e-41,True,14,1.57e-21,True,81,6.14e-51,True
Complex_74,65,0.902,0.1077,611,YLR449W,23,6.14e-51,True,44,3.10e-41,True,14,1.57e-21,True,81,6.14e-51,True
Complex_74,65,0.902,0.1077,694,YNL110C,23,6.14e-51,True,44,3.10e-41,True,14,1.57e-21,True,81,6.14e-51,True
Complex_74,65,0.902,0.1077,267,YFR001W,23,6.14e-51,True,44,3.10e-41,True,14,1.57e-21,True,81,6.14e-51,True
Complex_74,65,0.902,0.1077,289,YGL076C,23,6.14e-51,True,44,3.10e-41,True,14,1.57e-21,True,81,6.14e-51,True
Complex_74,65,0.902,0.1077,100,YDL031W,23,6.14e-51,True,44,3.10e-41,True,14,1.57e-21,True,81,6.14e-51,True
Complex_74,65,0.902,0.1077,574,YLR276C,23,6.14e-51,True,44,3.10e-41,True,14,1.57e-21,True,81,6.14e-51,True
Complex_74,65,0.902,0.1077,31,YBL087C,23,6.14e-51,True,44,3.10e-41,True,14,1.57e-21,True,81,6.14e-51,True
Complex_74,65,0.902,0.1077,51,YBR142W,23,6.14e-51,True,44,3.10e-41,True,14,1.57e-21,True,81,6.14e-51,True
Complex_74,65,0.902,0.1077,829,YPL043W,23,6.14e-51,True,44,3.10e-41,True,14,1.57e-21,True,81,6.14e-51,True
Complex_74,65,0.902,0.1077,77,YCL054W,23,6.14e-51,True,44,3.10e-41,True,14,1.57e-21,True,81,6.14e-51,True
Complex_74,65,0.902,0.1077,538,YLL045C,23,6.14e-51,True,44,3.10e-41,True,14,1.57e-21,True,81,6.14e-51,True
Complex_74,65,0.902,0.1077,512,YKL172W,23,6.14e-51,True,44,3.10e-41,True,14,1.57e-21,True,81,6.14e-51,True
Complex_74,65,0.902,0.1077,604,YLR432W,23,6.14e-51,True,44,3.10e-41,True,14,1.57e-21,True,81,6.14e-51,True
Complex_74,65,0.902,0.1077,395,YHR088W,23,6.14e-51,True,44,3.10e-41,True,14,1.57e-21,True,81,6.14e-51,True
Complex_74,65,0.902,0.1077,751,YOL041C,23,6.14e-51,True,44,3.10e-41,True,14,1.57e-21,True,81,6.14e-51,True
Complex_74,65,0.902,0.1077,536,YLL034C,23,6.14e-51,True,44,3.10e-41,True,14,1.57e-21,True,81,6.14e-51,True
Complex_74,65,0.902,0.1077,546,YLR075W,23,6.14e-51,True,44,3.10e-41,True,14,1.57e-21,True,81,6.14e-51,True
Complex_74,65,0.902,0.1077,775,YOR063W,23,6.14e-51,True,44,3.10e-41,True,14,1.57e-21,True,81,6.14e-51,True
Complex_74,65,0.902,0.1077,673,YMR309C,23,6.14e-51,True,44,3.10e-41,True,14,1.57e-21,True,81,6.14e-51,True
Complex_74,65,0.902,0.1077,577,YLR287C-A,23,6.14e-51,True,44,3.10e-41,True,14,1.57e-21,True,81,6.14e-51,True
Complex_74,65,0.902,0.1077,627,YML073C,23,6.14e-51,True,44,3.10e-41,True,14,1.57e-21,True,81,6.14e-51,True
Complex_74,65,0.902,0.1077,7,YAL035W,23,6.14e-51,True,44,3.10e-41,True,14,1.57e-21,True,81,6.14e-51,True
Complex_74,65,0.902,0.1077,334,YGR085C,23,6.14e-51,True,44,3.10e-41,True,14,1.57e-21,True,81,6.14e-51,True
Complex_74,65,0.902,0.1077,295,YGL103W,23,6.14e-51,True,44,3.10e-41,True,14,1.57e-21,True,81,6.14e-51,True
Complex_74,65,0.902,0.1077,136,YDR012W,23,6.14e-51,True,44,3.10e-41,True,14,1.57e-21,True,81,6.14e-51,True
Complex_74,65,0.902,0.1077,282,YGL030W,23,6.14e-51,True,44,3.10e-41,True,14,1.57e-21,True,81,6.14e-51,True
Complex_74,65,0.902,0.1077,211,YDR471W,23,6.14e-51,True,44,3.10e-41,True,14,1.57e-21,True,81,6.14e-51,True
Complex_74,65,0.902,0.1077,761,YOL127W,23,6.14e-51,True,44,3.10e-41,True,14,1.57e-21,True,81,6.14e-51,True
Complex_74,65,0.902,0.1077,113,YDL082W,23,6.14e-51,True,44,3.10e-41,True,14,1.57e-21,True,81,6.14e-51,True
Complex_74,65,0.902,0.1077,111,YDL075W,23,6.14e-51,True,44,3.10e-41,True,14,1.57e-21,True,81,6.14e-51,True
Complex_74,65,0.902,0.1077,275,YFR032C-A,23,6.14e-51,True,44,3.10e-41,True,14,1.57e-21,True,81,6.14e-51,True
Complex_74,65,0.902,0.1077,728,YNL301C,23,6.14e-51,True,44,3.10e-41,True,14,1.57e-21,True,81,6.14e-51,True
Complex_74,65,0.902,0.1077,760,YOL120C,23,6.14e-51,True,44,3.10e-41,True,14,1.57e-21,True,81,6.14e-51,True
Complex_74,65,0.902,0.1077,72,YCL011C,23,6.14e-51,True,44,3.10e-41,True,14,1.57e-21,True,81,6.14e-51,True
Complex_74,65,0.902,0.1077,811,YOR294W,23,6.14e-51,True,44,3.10e-41,True,14,1.57e-21,True,81,6.14e-51,True
Complex_74,65,0.902,0.1077,822,YPL012W,23,6.14e-51,True,44,3.10e-41,True,14,1.57e-21,True,81,6.14e-51,True
Complex_74,65,0.902,0.1077,750,YOL040C,23,6.14e-51,True,44,3.10e-41,True,14,1.57e-21,True,81,6.14e-51,True
Complex_74,65,0.902,0.1077,306,YGL147C,23,6.14e-51,True,44,3.10e-41,True,14,1.57e-21,True,81,6.14e-51,True
Complex_75,47,0.9019,0.3858,589,YLR344W,22,8.23e-48,True,29,7.43e-50,True,7,1.92e-45,True,58,7.43e-50,True
Complex_75,47,0.9019,0.3858,274,YFR031C-A,22,8.23e-48,True,29,7.43e-50,True,7,1.92e-45,True,58,7.43e-50,True
Complex_75,47,0.9019,0.3858,658,YMR194W,22,8.23e-48,True,29,7.43e-50,True,7,1.92e-45,True,58,7.43e-50,True
Complex_75,47,0.9019,0.3858,211,YDR471W,22,8.23e-48,True,29,7.43e-50,True,7,1.92e-45,True,58,7.43e-50,True
Complex_75,47,0.9019,0.3858,23,YBL027W,22,8.23e-48,True,29,7.43e-50,True,7,1.92e-45,True,58,7.43e-50,True
Complex_75,47,0.9019,0.3858,295,YGL103W,22,8.23e-48,True,29,7.43e-50,True,7,1.92e-45,True,58,7.43e-50,True
Complex_75,47,0.9019,0.3858,237,YER074W,22,8.23e-48,True,29,7.43e-50,True,7,1.92e-45,True,58,7.43e-50,True
Complex_75,47,0.9019,0.3858,538,YLL045C,22,8.23e-48,True,29,7.43e-50,True,7,1.92e-45,True,58,7.43e-50,True
Complex_75,47,0.9019,0.3858,289,YGL076C,22,8.23e-48,True,29,7.43e-50,True,7,1.92e-45,True,58,7.43e-50,True
Complex_75,47,0.9019,0.3858,228,YER006W,22,8.23e-48,True,29,7.43e-50,True,7,1.92e-45,True,58,7.43e-50,True
Complex_75,47,0.9019,0.3858,627,YML073C,22,8.23e-48,True,29,7.43e-50,True,7,1.92e-45,True,58,7.43e-50,True
Complex_75,47,0.9019,0.3858,334,YGR085C,22,8.23e-48,True,29,7.43e-50,True,7,1.92e-45,True,58,7.43e-50,True
Complex_75,47,0.9019,0.3858,861,YPL249C-A,22,8.23e-48,True,29,7.43e-50,True,7,1.92e-45,True,58,7.43e-50,True
Complex_75,47,0.9019,0.3858,775,YOR063W,22,8.23e-48,True,29,7.43e-50,True,7,1.92e-45,True,58,7.43e-50,True
Complex_75,47,0.9019,0.3858,282,YGL030W,22,8.23e-48,True,29,7.43e-50,True,7,1.92e-45,True,58,7.43e-50,True
Complex_75,47,0.9019,0.3858,83,YCR031C,22,8.23e-48,True,29,7.43e-50,True,7,1.92e-45,True,58,7.43e-50,True
Complex_75,47,0.9019,0.3858,113,YDL082W,22,8.23e-48,True,29,7.43e-50,True,7,1.92e-45,True,58,7.43e-50,True
Complex_75,47,0.9019,0.3858,705,YNL178W,22,8.23e-48,True,29,7.43e-50,True,7,1.92e-45,True,58,7.43e-50,True
Complex_75,47,0.9019,0.3858,761,YOL127W,22,8.23e-48,True,29,7.43e-50,True,7,1.92e-45,True,58,7.43e-50,True
Complex_75,47,0.9019,0.3858,609,YLR441C,22,8.23e-48,True,29,7.43e-50,True,7,1.92e-45,True,58,7.43e-50,True
Complex_75,47,0.9019,0.3858,622,YML063W,22,8.23e-48,True,29,7.43e-50,True,7,1.92e-45,True,58,7.43e-50,True
Complex_75,47,0.9019,0.3858,683,YNL061W,22,8.23e-48,True,29,7.43e-50,True,7,1.92e-45,True,58,7.43e-50,True
Complex_75,47,0.9019,0.3858,587,YLR340W,22,8.23e-48,True,29,7.43e-50,True,7,1.92e-45,True,58,7.43e-50,True
Complex_75,47,0.9019,0.3858,513,YKL180W,22,8.23e-48,True,29,7.43e-50,True,7,1.92e-45,True,58,7.43e-50,True
Complex_75,47,0.9019,0.3858,854,YPL211W,22,8.23e-48,True,29,7.43e-50,True,7,1.92e-45,True,58,7.43e-50,True
Complex_75,47,0.9019,0.3858,837,YPL093W,22,8.23e-48,True,29,7.43e-50,True,7,1.92e-45,True,58,7.43e-50,True
Complex_75,47,0.9019,0.3858,610,YLR448W,22,8.23e-48,True,29,7.43e-50,True,7,1.92e-45,True,58,7.43e-50,True
Complex_75,47,0.9019,0.3858,111,YDL075W,22,8.23e-48,True,29,7.43e-50,True,7,1.92e-45,True,58,7.43e-50,True
Complex_75,47,0.9019,0.3858,375,YHL001W,22,8.23e-48,True,29,7.43e-50,True,7,1.92e-45,True,58,7.43e-50,True
Complex_75,47,0.9019,0.3858,529,YKR081C,22,8.23e-48,True,29,7.43e-50,True,7,1.92e-45,True,58,7.43e-50,True
Complex_75,47,0.9019,0.3858,728,YNL301C,22,8.23e-48,True,29,7.43e-50,True,7,1.92e-45,True,58,7.43e-50,True
Complex_75,47,0.9019,0.3858,546,YLR075W,22,8.23e-48,True,29,7.43e-50,True,7,1.92e-45,True,58,7.43e-50,True
Complex_75,47,0.9019,0.3858,463,YJL177W,22,8.23e-48,True,29,7.43e-50,True,7,1.92e-45,True,58,7.43e-50,True
Complex_75,47,0.9019,0.3858,59,YBR191W,22,8.23e-48,True,29,7.43e-50,True,7,1.92e-45,True,58,7.43e-50,True
Complex_75,47,0.9019,0.3858,670,YMR290C,22,8.23e-48,True,29,7.43e-50,True,7,1.92e-45,True,58,7.43e-50,True
Complex_75,47,0.9019,0.3858,136,YDR012W,22,8.23e-48,True,29,7.43e-50,True,7,1.92e-45,True,58,7.43e-50,True
Complex_75,47,0.9019,0.3858,37,YBR031W,22,8.23e-48,True,29,7.43e-50,True,7,1.92e-45,True,58,7.43e-50,True
Complex_75,47,0.9019,0.3858,306,YGL147C,22,8.23e-48,True,29,7.43e-50,True,7,1.92e-45,True,58,7.43e-50,True
Complex_75,47,0.9019,0.3858,215,YDR496C,22,8.23e-48,True,29,7.43e-50,True,7,1.92e-45,True,58,7.43e-50,True
Complex_75,47,0.9019,0.3858,540,YLR029C,22,8.23e-48,True,29,7.43e-50,True,7,1.92e-45,True,58,7.43e-50,True
Complex_75,47,0.9019,0.3858,694,YNL110C,22,8.23e-48,True,29,7.43e-50,True,7,1.92e-45,True,58,7.43e-50,True
Complex_75,47,0.9019,0.3858,836,YPL090C,22,8.23e-48,True,29,7.43e-50,True,7,1.92e-45,True,58,7.43e-50,True
Complex_75,47,0.9019,0.3858,652,YMR142C,22,8.23e-48,True,29,7.43e-50,True,7,1.92e-45,True,58,7.43e-50,True
Complex_75,47,0.9019,0.3858,202,YDR418W,22,8.23e-48,True,29,7.43e-50,True,7,1.92e-45,True,58,7.43e-50,True
Complex_75,47,0.9019,0.3858,577,YLR287C-A,22,8.23e-48,True,29,7.43e-50,True,7,1.92e-45,True,58,7.43e-50,True
Complex_75,47,0.9019,0.3858,434,YIL133C,22,8.23e-48,True,29,7.43e-50,True,7,1.92e-45,True,58,7.43e-50,True
Complex_75,47,0.9019,0.3858,755,YOL077C,22,8.23e-48,True,29,7.43e-50,True,7,1.92e-45,True,58,7.43e-50,True
Complex_76,72,0.9017,0.1771,811,YOR294W,25,3.20e-58,True,49,2.81e-40,True,14,2.66e-25,True,88,3.20e-58,True
Complex_76,72,0.9017,0.1771,843,YPL131W,25,3.20e-58,True,49,2.81e-40,True,14,2.66e-25,True,88,3.20e-58,True
Complex_76,72,0.9017,0.1771,529,YKR081C,25,3.20e-58,True,49,2.81e-40,True,14,2.66e-25,True,88,3.20e-58,True
Complex_76,72,0.9017,0.1771,539,YLR002C,25,3.20e-58,True,49,2.81e-40,True,14,2.66e-25,True,88,3.20e-58,True
Complex_76,72,0.9017,0.1771,670,YMR290C,25,3.20e-58,True,49,2.81e-40,True,14,2.66e-25,True,88,3.20e-58,True
Complex_76,72,0.9017,0.1771,540,YLR029C,25,3.20e-58,True,49,2.81e-40,True,14,2.66e-25,True,88,3.20e-58,True
Complex_76,72,0.9017,0.1771,676,YNL002C,25,3.20e-58,True,49,2.81e-40,True,14,2.66e-25,True,88,3.20e-58,True
Complex_76,72,0.9017,0.1771,228,YER006W,25,3.20e-58,True,49,2.81e-40,True,14,2.66e-25,True,88,3.20e-58,True
Complex_76,72,0.9017,0.1771,740,YNR053C,25,3.20e-58,True,49,2.81e-40,True,14,2.66e-25,True,88,3.20e-58,True
Complex_76,72,0.9017,0.1771,867,YPR016C,25,3.20e-58,True,49,2.81e-40,True,14,2.66e-25,True,88,3.20e-58,True
Complex_76,72,0.9017,0.1771,495,YKL009W,25,3.20e-58,True,49,2.81e-40,True,14,2.66e-25,True,88,3.20e-58,True
Complex_76,72,0.9017,0.1771,683,YNL061W,25,3.20e-58,True,49,2.81e-40,True,14,2.66e-25,True,88,3.20e-58,True
Complex_76,72,0.9017,0.1771,533,YLL008W,25,3.20e-58,True,49,2.81e-40,True,14,2.66e-25,True,88,3.20e-58,True
Complex_76,72,0.9017,0.1771,837,YPL093W,25,3.20e-58,True,49,2.81e-40,True,14,2.66e-25,True,88,3.20e-58,True
Complex_76,72,0.9017,0.1771,854,YPL211W,25,3.20e-58,True,49,2.81e-40,True,14,2.66e-25,True,88,3.20e-58,True
Complex_76,72,0.9017,0.1771,416,YHR197W,25,3.20e-58,True,49,2.81e-40,True,14,2.66e-25,True,88,3.20e-58,True
Complex_76,72,0.9017,0.1771,150,YDR101C,25,3.20e-58,True,49,2.81e-40,True,14,2.66e-25,True,88,3.20e-58,True
Complex_76,72,0.9017,0.1771,246,YER126C,25,3.20e-58,True,49,2.81e-40,True,14,2.66e-25,True,88,3.20e-58,True
Complex_76,72,0.9017,0.1771,297,YGL111W,25,3.20e-58,True,49,2.81e-40,True,14,2.66e-25,True,88,3.20e-58,True
Complex_76,72,0.9017,0.1771,808,YOR272W,25,3.20e-58,True,49,2.81e-40,True,14,2.66e-25,True,88,3.20e-58,True
Complex_76,72,0.9017,0.1771,338,YGR103W,25,3.20e-58,True,49,2.81e-40,True,14,2.66e-25,True,88,3.20e-58,True
Complex_76,72,0.9017,0.1771,258,YFL002C,25,3.20e-58,True,49,2.81e-40,True,14,2.66e-25,True,88,3.20e-58,True
Complex_76,72,0.9017,0.1771,755,YOL077C,25,3.20e-58,True,49,2.81e-40,True,14,2.66e-25,True,88,3.20e-58,True
Complex_76,72,0.9017,0.1771,642,YMR049C,25,3.20e-58,True,49,2.81e-40,True,14,2.66e-25,True,88,3.20e-58,True
Complex_76,72,0.9017,0.1771,388,YHR052W,25,3.20e-58,True,49,2.81e-40,True,14,2.66e-25,True,88,3.20e-58,True
Complex_76,72,0.9017,0.1771,796,YOR206W,25,3.20e-58,True,49,2.81e-40,True,14,2.66e-25,True,88,3.20e-58,True
Complex_76,72,0.9017,0.1771,215,YDR496C,25,3.20e-58,True,49,2.81e-40,True,14,2.66e-25,True,88,3.20e-58,True
Complex_76,72,0.9017,0.1771,147,YDR087C,25,3.20e-58,True,49,2.81e-40,True,14,2.66e-25,True,88,3.20e-58,True
Complex_76,72,0.9017,0.1771,861,YPL249C-A,25,3.20e-58,True,49,2.81e-40,True,14,2.66e-25,True,88,3.20e-58,True
Complex_76,72,0.9017,0.1771,611,YLR449W,25,3.20e-58,True,49,2.81e-40,True,14,2.66e-25,True,88,3.20e-58,True
Complex_76,72,0.9017,0.1771,142,YDR060W,25,3.20e-58,True,49,2.81e-40,True,14,2.66e-25,True,88,3.20e-58,True
Complex_76,72,0.9017,0.1771,694,YNL110C,25,3.20e-58,True,49,2.81e-40,True,14,2.66e-25,True,88,3.20e-58,True
Complex_76,72,0.9017,0.1771,289,YGL076C,25,3.20e-58,True,49,2.81e-40,True,14,2.66e-25,True,88,3.20e-58,True
Complex_76,72,0.9017,0.1771,538,YLL045C,25,3.20e-58,True,49,2.81e-40,True,14,2.66e-25,True,88,3.20e-58,True
Complex_76,72,0.9017,0.1771,267,YFR001W,25,3.20e-58,True,49,2.81e-40,True,14,2.66e-25,True,88,3.20e-58,True
Complex_76,72,0.9017,0.1771,574,YLR276C,25,3.20e-58,True,49,2.81e-40,True,14,2.66e-25,True,88,3.20e-58,True
Complex_76,72,0.9017,0.1771,100,YDL031W,25,3.20e-58,True,49,2.81e-40,True,14,2.66e-25,True,88,3.20e-58,True
Complex_76,72,0.9017,0.1771,31,YBL087C,25,3.20e-58,True,49,2.81e-40,True,14,2.66e-25,True,88,3.20e-58,True
Complex_76,72,0.9017,0.1771,829,YPL043W,25,3.20e-58,True,49,2.81e-40,True,14,2.66e-25,True,88,3.20e-58,True
Complex_76,72,0.9017,0.1771,51,YBR142W,25,3.20e-58,True,49,2.81e-40,True,14,2.66e-25,True,88,3.20e-58,True
Complex_76,72,0.9017,0.1771,77,YCL054W,25,3.20e-58,True,49,2.81e-40,True,14,2.66e-25,True,88,3.20e-58,True
Complex_76,72,0.9017,0.1771,512,YKL172W,25,3.20e-58,True,49,2.81e-40,True,14,2.66e-25,True,88,3.20e-58,True
Complex_76,72,0.9017,0.1771,751,YOL041C,25,3.20e-58,True,49,2.81e-40,True,14,2.66e-25,True,88,3.20e-58,True
Complex_76,72,0.9017,0.1771,604,YLR432W,25,3.20e-58,True,49,2.81e-40,True,14,2.66e-25,True,88,3.20e-58,True
Complex_76,72,0.9017,0.1771,775,YOR063W,25,3.20e-58,True,49,2.81e-40,True,14,2.66e-25,True,88,3.20e-58,True
Complex_76,72,0.9017,0.1771,395,YHR088W,25,3.20e-58,True,49,2.81e-40,True,14,2.66e-25,True,88,3.20e-58,True
Complex_76,72,0.9017,0.1771,536,YLL034C,25,3.20e-58,True,49,2.81e-40,True,14,2.66e-25,True,88,3.20e-58,True
Complex_76,72,0.9017,0.1771,882,YPR102C,25,3.20e-58,True,49,2.81e-40,True,14,2.66e-25,True,88,3.20e-58,True
Complex_76,72,0.9017,0.1771,546,YLR075W,25,3.20e-58,True,49,2.81e-40,True,14,2.66e-25,True,88,3.20e-58,True
Complex_76,72,0.9017,0.1771,627,YML073C,25,3.20e-58,True,49,2.81e-40,True,14,2.66e-25,True,88,3.20e-58,True
Complex_76,72,0.9017,0.1771,334,YGR085C,25,3.20e-58,True,49,2.81e-40,True,14,2.66e-25,True,88,3.20e-58,True
Complex_76,72,0.9017,0.1771,577,YLR287C-A,25,3.20e-58,True,49,2.81e-40,True,14,2.66e-25,True,88,3.20e-58,True
Complex_76,72,0.9017,0.1771,295,YGL103W,25,3.20e-58,True,49,2.81e-40,True,14,2.66e-25,True,88,3.20e-58,True
Complex_76,72,0.9017,0.1771,282,YGL030W,25,3.20e-58,True,49,2.81e-40,True,14,2.66e-25,True,88,3.20e-58,True
Complex_76,72,0.9017,0.1771,136,YDR012W,25,3.20e-58,True,49,2.81e-40,True,14,2.66e-25,True,88,3.20e-58,True
Complex_76,72,0.9017,0.1771,211,YDR471W,25,3.20e-58,True,49,2.81e-40,True,14,2.66e-25,True,88,3.20e-58,True
Complex_76,72,0.9017,0.1771,761,YOL127W,25,3.20e-58,True,49,2.81e-40,True,14,2.66e-25,True,88,3.20e-58,True
Complex_76,72,0.9017,0.1771,113,YDL082W,25,3.20e-58,True,49,2.81e-40,True,14,2.66e-25,True,88,3.20e-58,True
Complex_76,72,0.9017,0.1771,111,YDL075W,25,3.20e-58,True,49,2.81e-40,True,14,2.66e-25,True,88,3.20e-58,True
Complex_76,72,0.9017,0.1771,275,YFR032C-A,25,3.20e-58,True,49,2.81e-40,True,14,2.66e-25,True,88,3.20e-58,True
Complex_76,72,0.9017,0.1771,760,YOL120C,25,3.20e-58,True,49,2.81e-40,True,14,2.66e-25,True,88,3.20e-58,True
Complex_76,72,0.9017,0.1771,728,YNL301C,25,3.20e-58,True,49,2.81e-40,True,14,2.66e-25,True,88,3.20e-58,True
Complex_76,72,0.9017,0.1771,750,YOL040C,25,3.20e-58,True,49,2.81e-40,True,14,2.66e-25,True,88,3.20e-58,True
Complex_76,72,0.9017,0.1771,587,YLR340W,25,3.20e-58,True,49,2.81e-40,True,14,2.66e-25,True,88,3.20e-58,True
Complex_76,72,0.9017,0.1771,306,YGL147C,25,3.20e-58,True,49,2.81e-40,True,14,2.66e-25,True,88,3.20e-58,True
Complex_76,72,0.9017,0.1771,658,YMR194W,25,3.20e-58,True,49,2.81e-40,True,14,2.66e-25,True,88,3.20e-58,True
Complex_76,72,0.9017,0.1771,705,YNL178W,25,3.20e-58,True,49,2.81e-40,True,14,2.66e-25,True,88,3.20e-58,True
Complex_76,72,0.9017,0.1771,237,YER074W,25,3.20e-58,True,49,2.81e-40,True,14,2.66e-25,True,88,3.20e-58,True
Complex_76,72,0.9017,0.1771,23,YBL027W,25,3.20e-58,True,49,2.81e-40,True,14,2.66e-25,True,88,3.20e-58,True
Complex_76,72,0.9017,0.1771,822,YPL012W,25,3.20e-58,True,49,2.81e-40,True,14,2.66e-25,True,88,3.20e-58,True
Complex_76,72,0.9017,0.1771,37,YBR031W,25,3.20e-58,True,49,2.81e-40,True,14,2.66e-25,True,88,3.20e-58,True
Complex_76,72,0.9017,0.1771,691,YNL096C,25,3.20e-58,True,49,2.81e-40,True,14,2.66e-25,True,88,3.20e-58,True
Complex_77,3,0.9017,0.4444,16,YBL002W,1,0.007808,True,0,1.0,False,1,0.021376,True,2,0.007808,True
Complex_77,3,0.9017,0.4444,17,YBL003C,1,0.007808,True,0,1.0,False,1,0.021376,True,2,0.007808,True
Complex_77,3,0.9017,0.4444,315,YGL241W,1,0.007808,True,0,1.0,False,1,0.021376,True,2,0.007808,True
Complex_78,85,0.9017,0.1501,775,YOR063W,38,3.69e-61,True,53,1.19e-37,True,16,3.53e-26,True,107,3.69e-61,True
Complex_78,85,0.9017,0.1501,7,YAL035W,38,3.69e-61,True,53,1.19e-37,True,16,3.53e-26,True,107,3.69e-61,True
Complex_78,85,0.9017,0.1501,538,YLL045C,38,3.69e-61,True,53,1.19e-37,True,16,3.53e-26,True,107,3.69e-61,True
Complex_78,85,0.9017,0.1501,492,YJR145C,38,3.69e-61,True,53,1.19e-37,True,16,3.53e-26,True,107,3.69e-61,True
Complex_78,85,0.9017,0.1501,215,YDR496C,38,3.69e-61,True,53,1.19e-37,True,16,3.53e-26,True,107,3.69e-61,True
Complex_78,85,0.9017,0.1501,851,YPL198W,38,3.69e-61,True,53,1.19e-37,True,16,3.53e-26,True,107,3.69e-61,True
Complex_78,85,0.9017,0.1501,289,YGL076C,38,3.69e-61,True,53,1.19e-37,True,16,3.53e-26,True,107,3.69e-61,True
Complex_78,85,0.9017,0.1501,676,YNL002C,38,3.69e-61,True,53,1.19e-37,True,16,3.53e-26,True,107,3.69e-61,True
Complex_78,85,0.9017,0.1501,228,YER006W,38,3.69e-61,True,53,1.19e-37,True,16,3.53e-26,True,107,3.69e-61,True
Complex_78,85,0.9017,0.1501,740,YNR053C,38,3.69e-61,True,53,1.19e-37,True,16,3.53e-26,True,107,3.69e-61,True
Complex_78,85,0.9017,0.1501,867,YPR016C,38,3.69e-61,True,53,1.19e-37,True,16,3.53e-26,True,107,3.69e-61,True
Complex_78,85,0.9017,0.1501,495,YKL009W,38,3.69e-61,True,53,1.19e-37,True,16,3.53e-26,True,107,3.69e-61,True
Complex_78,85,0.9017,0.1501,683,YNL061W,38,3.69e-61,True,53,1.19e-37,True,16,3.53e-26,True,107,3.69e-61,True
Complex_78,85,0.9017,0.1501,533,YLL008W,38,3.69e-61,True,53,1.19e-37,True,16,3.53e-26,True,107,3.69e-61,True
Complex_78,85,0.9017,0.1501,837,YPL093W,38,3.69e-61,True,53,1.19e-37,True,16,3.53e-26,True,107,3.69e-61,True
Complex_78,85,0.9017,0.1501,539,YLR002C,38,3.69e-61,True,53,1.19e-37,True,16,3.53e-26,True,107,3.69e-61,True
Complex_78,85,0.9017,0.1501,854,YPL211W,38,3.69e-61,True,53,1.19e-37,True,16,3.53e-26,True,107,3.69e-61,True
Complex_78,85,0.9017,0.1501,366,YGR245C,38,3.69e-61,True,53,1.19e-37,True,16,3.53e-26,True,107,3.69e-61,True
Complex_78,85,0.9017,0.1501,416,YHR197W,38,3.69e-61,True,53,1.19e-37,True,16,3.53e-26,True,107,3.69e-61,True
Complex_78,85,0.9017,0.1501,706,YNL182C,38,3.69e-61,True,53,1.19e-37,True,16,3.53e-26,True,107,3.69e-61,True
Complex_78,85,0.9017,0.1501,150,YDR101C,38,3.69e-61,True,53,1.19e-37,True,16,3.53e-26,True,107,3.69e-61,True
Complex_78,85,0.9017,0.1501,246,YER126C,38,3.69e-61,True,53,1.19e-37,True,16,3.53e-26,True,107,3.69e-61,True
Complex_78,85,0.9017,0.1501,297,YGL111W,38,3.69e-61,True,53,1.19e-37,True,16,3.53e-26,True,107,3.69e-61,True
Complex_78,85,0.9017,0.1501,808,YOR272W,38,3.69e-61,True,53,1.19e-37,True,16,3.53e-26,True,107,3.69e-61,True
Complex_78,85,0.9017,0.1501,338,YGR103W,38,3.69e-61,True,53,1.19e-37,True,16,3.53e-26,True,107,3.69e-61,True
Complex_78,85,0.9017,0.1501,258,YFL002C,38,3.69e-61,True,53,1.19e-37,True,16,3.53e-26,True,107,3.69e-61,True
Complex_78,85,0.9017,0.1501,318,YGL246C,38,3.69e-61,True,53,1.19e-37,True,16,3.53e-26,True,107,3.69e-61,True
Complex_78,85,0.9017,0.1501,755,YOL077C,38,3.69e-61,True,53,1.19e-37,True,16,3.53e-26,True,107,3.69e-61,True
Complex_78,85,0.9017,0.1501,642,YMR049C,38,3.69e-61,True,53,1.19e-37,True,16,3.53e-26,True,107,3.69e-61,True
Complex_78,85,0.9017,0.1501,670,YMR290C,38,3.69e-61,True,53,1.19e-37,True,16,3.53e-26,True,107,3.69e-61,True
Complex_78,85,0.9017,0.1501,388,YHR052W,38,3.69e-61,True,53,1.19e-37,True,16,3.53e-26,True,107,3.69e-61,True
Complex_78,85,0.9017,0.1501,529,YKR081C,38,3.69e-61,True,53,1.19e-37,True,16,3.53e-26,True,107,3.69e-61,True
Complex_78,85,0.9017,0.1501,796,YOR206W,38,3.69e-61,True,53,1.19e-37,True,16,3.53e-26,True,107,3.69e-61,True
Complex_78,85,0.9017,0.1501,147,YDR087C,38,3.69e-61,True,53,1.19e-37,True,16,3.53e-26,True,107,3.69e-61,True
Complex_78,85,0.9017,0.1501,861,YPL249C-A,38,3.69e-61,True,53,1.19e-37,True,16,3.53e-26,True,107,3.69e-61,True
Complex_78,85,0.9017,0.1501,611,YLR449W,38,3.69e-61,True,53,1.19e-37,True,16,3.53e-26,True,107,3.69e-61,True
Complex_78,85,0.9017,0.1501,584,YLR325C,38,3.69e-61,True,53,1.19e-37,True,16,3.53e-26,True,107,3.69e-61,True
Complex_78,85,0.9017,0.1501,694,YNL110C,38,3.69e-61,True,53,1.19e-37,True,16,3.53e-26,True,107,3.69e-61,True
Complex_78,85,0.9017,0.1501,142,YDR060W,38,3.69e-61,True,53,1.19e-37,True,16,3.53e-26,True,107,3.69e-61,True
Complex_78,85,0.9017,0.1501,267,YFR001W,38,3.69e-61,True,53,1.19e-37,True,16,3.53e-26,True,107,3.69e-61,True
Complex_78,85,0.9017,0.1501,100,YDL031W,38,3.69e-61,True,53,1.19e-37,True,16,3.53e-26,True,107,3.69e-61,True
Complex_78,85,0.9017,0.1501,574,YLR276C,38,3.69e-61,True,53,1.19e-37,True,16,3.53e-26,True,107,3.69e-61,True
Complex_78,85,0.9017,0.1501,558,YLR192C,38,3.69e-61,True,53,1.19e-37,True,16,3.53e-26,True,107,3.69e-61,True
Complex_78,85,0.9017,0.1501,829,YPL043W,38,3.69e-61,True,53,1.19e-37,True,16,3.53e-26,True,107,3.69e-61,True
Complex_78,85,0.9017,0.1501,820,YOR361C,38,3.69e-61,True,53,1.19e-37,True,16,3.53e-26,True,107,3.69e-61,True
Complex_78,85,0.9017,0.1501,51,YBR142W,38,3.69e-61,True,53,1.19e-37,True,16,3.53e-26,True,107,3.69e-61,True
Complex_78,85,0.9017,0.1501,512,YKL172W,38,3.69e-61,True,53,1.19e-37,True,16,3.53e-26,True,107,3.69e-61,True
Complex_78,85,0.9017,0.1501,874,YPR041W,38,3.69e-61,True,53,1.19e-37,True,16,3.53e-26,True,107,3.69e-61,True
Complex_78,85,0.9017,0.1501,204,YDR429C,38,3.69e-61,True,53,1.19e-37,True,16,3.53e-26,True,107,3.69e-61,True
Complex_78,85,0.9017,0.1501,469,YJL191W,38,3.69e-61,True,53,1.19e-37,True,16,3.53e-26,True,107,3.69e-61,True
Complex_78,85,0.9017,0.1501,604,YLR432W,38,3.69e-61,True,53,1.19e-37,True,16,3.53e-26,True,107,3.69e-61,True
Complex_78,85,0.9017,0.1501,42,YBR079C,38,3.69e-61,True,53,1.19e-37,True,16,3.53e-26,True,107,3.69e-61,True
Complex_78,85,0.9017,0.1501,546,YLR075W,38,3.69e-61,True,53,1.19e-37,True,16,3.53e-26,True,107,3.69e-61,True
Complex_78,85,0.9017,0.1501,597,YLR406C,38,3.69e-61,True,53,1.19e-37,True,16,3.53e-26,True,107,3.69e-61,True
Complex_78,85,0.9017,0.1501,627,YML073C,38,3.69e-61,True,53,1.19e-37,True,16,3.53e-26,True,107,3.69e-61,True
Complex_78,85,0.9017,0.1501,334,YGR085C,38,3.69e-61,True,53,1.19e-37,True,16,3.53e-26,True,107,3.69e-61,True
Complex_78,85,0.9017,0.1501,620,YML056C,38,3.69e-61,True,53,1.19e-37,True,16,3.53e-26,True,107,3.69e-61,True
Complex_78,85,0.9017,0.1501,148,YDR091C,38,3.69e-61,True,53,1.19e-37,True,16,3.53e-26,True,107,3.69e-61,True
Complex_78,85,0.9017,0.1501,295,YGL103W,38,3.69e-61,True,53,1.19e-37,True,16,3.53e-26,True,107,3.69e-61,True
Complex_78,85,0.9017,0.1501,673,YMR309C,38,3.69e-61,True,53,1.19e-37,True,16,3.53e-26,True,107,3.69e-61,True
Complex_78,85,0.9017,0.1501,395,YHR088W,38,3.69e-61,True,53,1.19e-37,True,16,3.53e-26,True,107,3.69e-61,True
Complex_78,85,0.9017,0.1501,653,YMR146C,38,3.69e-61,True,53,1.19e-37,True,16,3.53e-26,True,107,3.69e-61,True
Complex_78,85,0.9017,0.1501,536,YLL034C,38,3.69e-61,True,53,1.19e-37,True,16,3.53e-26,True,107,3.69e-61,True
Complex_78,85,0.9017,0.1501,577,YLR287C-A,38,3.69e-61,True,53,1.19e-37,True,16,3.53e-26,True,107,3.69e-61,True
Complex_78,85,0.9017,0.1501,59,YBR191W,38,3.69e-61,True,53,1.19e-37,True,16,3.53e-26,True,107,3.69e-61,True
Complex_78,85,0.9017,0.1501,136,YDR012W,38,3.69e-61,True,53,1.19e-37,True,16,3.53e-26,True,107,3.69e-61,True
Complex_78,85,0.9017,0.1501,751,YOL041C,38,3.69e-61,True,53,1.19e-37,True,16,3.53e-26,True,107,3.69e-61,True
Complex_78,85,0.9017,0.1501,211,YDR471W,38,3.69e-61,True,53,1.19e-37,True,16,3.53e-26,True,107,3.69e-61,True
Complex_78,85,0.9017,0.1501,761,YOL127W,38,3.69e-61,True,53,1.19e-37,True,16,3.53e-26,True,107,3.69e-61,True
Complex_78,85,0.9017,0.1501,282,YGL030W,38,3.69e-61,True,53,1.19e-37,True,16,3.53e-26,True,107,3.69e-61,True
Complex_78,85,0.9017,0.1501,113,YDL082W,38,3.69e-61,True,53,1.19e-37,True,16,3.53e-26,True,107,3.69e-61,True
Complex_78,85,0.9017,0.1501,111,YDL075W,38,3.69e-61,True,53,1.19e-37,True,16,3.53e-26,True,107,3.69e-61,True
Complex_78,85,0.9017,0.1501,652,YMR142C,38,3.69e-61,True,53,1.19e-37,True,16,3.53e-26,True,107,3.69e-61,True
Complex_78,85,0.9017,0.1501,14,YAR073W,38,3.69e-61,True,53,1.19e-37,True,16,3.53e-26,True,107,3.69e-61,True
Complex_78,85,0.9017,0.1501,728,YNL301C,38,3.69e-61,True,53,1.19e-37,True,16,3.53e-26,True,107,3.69e-61,True
Complex_78,85,0.9017,0.1501,540,YLR029C,38,3.69e-61,True,53,1.19e-37,True,16,3.53e-26,True,107,3.69e-61,True
Complex_78,85,0.9017,0.1501,705,YNL178W,38,3.69e-61,True,53,1.19e-37,True,16,3.53e-26,True,107,3.69e-61,True
Complex_78,85,0.9017,0.1501,760,YOL120C,38,3.69e-61,True,53,1.19e-37,True,16,3.53e-26,True,107,3.69e-61,True
Complex_78,85,0.9017,0.1501,306,YGL147C,38,3.69e-61,True,53,1.19e-37,True,16,3.53e-26,True,107,3.69e-61,True
Complex_78,85,0.9017,0.1501,658,YMR194W,38,3.69e-61,True,53,1.19e-37,True,16,3.53e-26,True,107,3.69e-61,True
Complex_78,85,0.9017,0.1501,23,YBL027W,38,3.69e-61,True,53,1.19e-37,True,16,3.53e-26,True,107,3.69e-61,True
Complex_78,85,0.9017,0.1501,750,YOL040C,38,3.69e-61,True,53,1.19e-37,True,16,3.53e-26,True,107,3.69e-61,True
Complex_78,85,0.9017,0.1501,237,YER074W,38,3.69e-61,True,53,1.19e-37,True,16,3.53e-26,True,107,3.69e-61,True
Complex_78,85,0.9017,0.1501,822,YPL012W,38,3.69e-61,True,53,1.19e-37,True,16,3.53e-26,True,107,3.69e-61,True
Complex_78,85,0.9017,0.1501,843,YPL131W,38,3.69e-61,True,53,1.19e-37,True,16,3.53e-26,True,107,3.69e-61,True
Complex_79,83,0.9017,0.1912,775,YOR063W,29,2.55e-57,True,50,2.41e-40,True,12,1.36e-28,True,91,2.55e-57,True
Complex_79,83,0.9017,0.1912,761,YOL127W,29,2.55e-57,True,50,2.41e-40,True,12,1.36e-28,True,91,2.55e-57,True
Complex_79,83,0.9017,0.1912,538,YLL045C,29,2.55e-57,True,50,2.41e-40,True,12,1.36e-28,True,91,2.55e-57,True
Complex_79,83,0.9017,0.1912,388,YHR052W,29,2.55e-57,True,50,2.41e-40,True,12,1.36e-28,True,91,2.55e-57,True
Complex_79,83,0.9017,0.1912,751,YOL041C,29,2.55e-57,True,50,2.41e-40,True,12,1.36e-28,True,91,2.55e-57,True
Complex_79,83,0.9017,0.1912,676,YNL002C,29,2.55e-57,True,50,2.41e-40,True,12,1.36e-28,True,91,2.55e-57,True
Complex_79,83,0.9017,0.1912,796,YOR206W,29,2.55e-57,True,50,2.41e-40,True,12,1.36e-28,True,91,2.55e-57,True
Complex_79,83,0.9017,0.1912,755,YOL077C,29,2.55e-57,True,50,2.41e-40,True,12,1.36e-28,True,91,2.55e-57,True
Complex_79,83,0.9017,0.1912,670,YMR290C,29,2.55e-57,True,50,2.41e-40,True,12,1.36e-28,True,91,2.55e-57,True
Complex_79,83,0.9017,0.1912,843,YPL131W,29,2.55e-57,True,50,2.41e-40,True,12,1.36e-28,True,91,2.55e-57,True
Complex_79,83,0.9017,0.1912,667,YMR242C,29,2.55e-57,True,50,2.41e-40,True,12,1.36e-28,True,91,2.55e-57,True
Complex_79,83,0.9017,0.1912,228,YER006W,29,2.55e-57,True,50,2.41e-40,True,12,1.36e-28,True,91,2.55e-57,True
Complex_79,83,0.9017,0.1912,740,YNR053C,29,2.55e-57,True,50,2.41e-40,True,12,1.36e-28,True,91,2.55e-57,True
Complex_79,83,0.9017,0.1912,867,YPR016C,29,2.55e-57,True,50,2.41e-40,True,12,1.36e-28,True,91,2.55e-57,True
Complex_79,83,0.9017,0.1912,495,YKL009W,29,2.55e-57,True,50,2.41e-40,True,12,1.36e-28,True,91,2.55e-57,True
Complex_79,83,0.9017,0.1912,683,YNL061W,29,2.55e-57,True,50,2.41e-40,True,12,1.36e-28,True,91,2.55e-57,True
Complex_79,83,0.9017,0.1912,533,YLL008W,29,2.55e-57,True,50,2.41e-40,True,12,1.36e-28,True,91,2.55e-57,True
Complex_79,83,0.9017,0.1912,837,YPL093W,29,2.55e-57,True,50,2.41e-40,True,12,1.36e-28,True,91,2.55e-57,True
Complex_79,83,0.9017,0.1912,539,YLR002C,29,2.55e-57,True,50,2.41e-40,True,12,1.36e-28,True,91,2.55e-57,True
Complex_79,83,0.9017,0.1912,854,YPL211W,29,2.55e-57,True,50,2.41e-40,True,12,1.36e-28,True,91,2.55e-57,True
Complex_79,83,0.9017,0.1912,547,YLR106C,29,2.55e-57,True,50,2.41e-40,True,12,1.36e-28,True,91,2.55e-57,True
Complex_79,83,0.9017,0.1912,366,YGR245C,29,2.55e-57,True,50,2.41e-40,True,12,1.36e-28,True,91,2.55e-57,True
Complex_79,83,0.9017,0.1912,416,YHR197W,29,2.55e-57,True,50,2.41e-40,True,12,1.36e-28,True,91,2.55e-57,True
Complex_79,83,0.9017,0.1912,706,YNL182C,29,2.55e-57,True,50,2.41e-40,True,12,1.36e-28,True,91,2.55e-57,True
Complex_79,83,0.9017,0.1912,246,YER126C,29,2.55e-57,True,50,2.41e-40,True,12,1.36e-28,True,91,2.55e-57,True
Complex_79,83,0.9017,0.1912,150,YDR101C,29,2.55e-57,True,50,2.41e-40,True,12,1.36e-28,True,91,2.55e-57,True
Complex_79,83,0.9017,0.1912,297,YGL111W,29,2.55e-57,True,50,2.41e-40,True,12,1.36e-28,True,91,2.55e-57,True
Complex_79,83,0.9017,0.1912,808,YOR272W,29,2.55e-57,True,50,2.41e-40,True,12,1.36e-28,True,91,2.55e-57,True
Complex_79,83,0.9017,0.1912,338,YGR103W,29,2.55e-57,True,50,2.41e-40,True,12,1.36e-28,True,91,2.55e-57,True
Complex_79,83,0.9017,0.1912,258,YFL002C,29,2.55e-57,True,50,2.41e-40,True,12,1.36e-28,True,91,2.55e-57,True
Complex_79,83,0.9017,0.1912,318,YGL246C,29,2.55e-57,True,50,2.41e-40,True,12,1.36e-28,True,91,2.55e-57,True
Complex_79,83,0.9017,0.1912,642,YMR049C,29,2.55e-57,True,50,2.41e-40,True,12,1.36e-28,True,91,2.55e-57,True
Complex_79,83,0.9017,0.1912,529,YKR081C,29,2.55e-57,True,50,2.41e-40,True,12,1.36e-28,True,91,2.55e-57,True
Complex_79,83,0.9017,0.1912,861,YPL249C-A,29,2.55e-57,True,50,2.41e-40,True,12,1.36e-28,True,91,2.55e-57,True
Complex_79,83,0.9017,0.1912,147,YDR087C,29,2.55e-57,True,50,2.41e-40,True,12,1.36e-28,True,91,2.55e-57,True
Complex_79,83,0.9017,0.1912,215,YDR496C,29,2.55e-57,True,50,2.41e-40,True,12,1.36e-28,True,91,2.55e-57,True
Complex_79,83,0.9017,0.1912,584,YLR325C,29,2.55e-57,True,50,2.41e-40,True,12,1.36e-28,True,91,2.55e-57,True
Complex_79,83,0.9017,0.1912,611,YLR449W,29,2.55e-57,True,50,2.41e-40,True,12,1.36e-28,True,91,2.55e-57,True
Complex_79,83,0.9017,0.1912,694,YNL110C,29,2.55e-57,True,50,2.41e-40,True,12,1.36e-28,True,91,2.55e-57,True
Complex_79,83,0.9017,0.1912,142,YDR060W,29,2.55e-57,True,50,2.41e-40,True,12,1.36e-28,True,91,2.55e-57,True
Complex_79,83,0.9017,0.1912,289,YGL076C,29,2.55e-57,True,50,2.41e-40,True,12,1.36e-28,True,91,2.55e-57,True
Complex_79,83,0.9017,0.1912,267,YFR001W,29,2.55e-57,True,50,2.41e-40,True,12,1.36e-28,True,91,2.55e-57,True
Complex_79,83,0.9017,0.1912,574,YLR276C,29,2.55e-57,True,50,2.41e-40,True,12,1.36e-28,True,91,2.55e-57,True
Complex_79,83,0.9017,0.1912,100,YDL031W,29,2.55e-57,True,50,2.41e-40,True,12,1.36e-28,True,91,2.55e-57,True
Complex_79,83,0.9017,0.1912,829,YPL043W,29,2.55e-57,True,50,2.41e-40,True,12,1.36e-28,True,91,2.55e-57,True
Complex_79,83,0.9017,0.1912,51,YBR142W,29,2.55e-57,True,50,2.41e-40,True,12,1.36e-28,True,91,2.55e-57,True
Complex_79,83,0.9017,0.1912,31,YBL087C,29,2.55e-57,True,50,2.41e-40,True,12,1.36e-28,True,91,2.55e-57,True
Complex_79,83,0.9017,0.1912,77,YCL054W,29,2.55e-57,True,50,2.41e-40,True,12,1.36e-28,True,91,2.55e-57,True
Complex_79,83,0.9017,0.1912,469,YJL191W,29,2.55e-57,True,50,2.41e-40,True,12,1.36e-28,True,91,2.55e-57,True
Complex_79,83,0.9017,0.1912,512,YKL172W,29,2.55e-57,True,50,2.41e-40,True,12,1.36e-28,True,91,2.55e-57,True
Complex_79,83,0.9017,0.1912,545,YLR074C,29,2.55e-57,True,50,2.41e-40,True,12,1.36e-28,True,91,2.55e-57,True
Complex_79,83,0.9017,0.1912,604,YLR432W,29,2.55e-57,True,50,2.41e-40,True,12,1.36e-28,True,91,2.55e-57,True
Complex_79,83,0.9017,0.1912,597,YLR406C,29,2.55e-57,True,50,2.41e-40,True,12,1.36e-28,True,91,2.55e-57,True
Complex_79,83,0.9017,0.1912,536,YLL034C,29,2.55e-57,True,50,2.41e-40,True,12,1.36e-28,True,91,2.55e-57,True
Complex_79,83,0.9017,0.1912,620,YML056C,29,2.55e-57,True,50,2.41e-40,True,12,1.36e-28,True,91,2.55e-57,True
Complex_79,83,0.9017,0.1912,546,YLR075W,29,2.55e-57,True,50,2.41e-40,True,12,1.36e-28,True,91,2.55e-57,True
Complex_79,83,0.9017,0.1912,882,YPR102C,29,2.55e-57,True,50,2.41e-40,True,12,1.36e-28,True,91,2.55e-57,True
Complex_79,83,0.9017,0.1912,395,YHR088W,29,2.55e-57,True,50,2.41e-40,True,12,1.36e-28,True,91,2.55e-57,True
Complex_79,83,0.9017,0.1912,627,YML073C,29,2.55e-57,True,50,2.41e-40,True,12,1.36e-28,True,91,2.55e-57,True
Complex_79,83,0.9017,0.1912,577,YLR287C-A,29,2.55e-57,True,50,2.41e-40,True,12,1.36e-28,True,91,2.55e-57,True
Complex_79,83,0.9017,0.1912,7,YAL035W,29,2.55e-57,True,50,2.41e-40,True,12,1.36e-28,True,91,2.55e-57,True
Complex_79,83,0.9017,0.1912,334,YGR085C,29,2.55e-57,True,50,2.41e-40,True,12,1.36e-28,True,91,2.55e-57,True
Complex_79,83,0.9017,0.1912,295,YGL103W,29,2.55e-57,True,50,2.41e-40,True,12,1.36e-28,True,91,2.55e-57,True
Complex_79,83,0.9017,0.1912,279,YGL014W,29,2.55e-57,True,50,2.41e-40,True,12,1.36e-28,True,91,2.55e-57,True
Complex_79,83,0.9017,0.1912,59,YBR191W,29,2.55e-57,True,50,2.41e-40,True,12,1.36e-28,True,91,2.55e-57,True
Complex_79,83,0.9017,0.1912,729,YNL302C,29,2.55e-57,True,50,2.41e-40,True,12,1.36e-28,True,91,2.55e-57,True
Complex_79,83,0.9017,0.1912,136,YDR012W,29,2.55e-57,True,50,2.41e-40,True,12,1.36e-28,True,91,2.55e-57,True
Complex_79,83,0.9017,0.1912,113,YDL082W,29,2.55e-57,True,50,2.41e-40,True,12,1.36e-28,True,91,2.55e-57,True
Complex_79,83,0.9017,0.1912,282,YGL030W,29,2.55e-57,True,50,2.41e-40,True,12,1.36e-28,True,91,2.55e-57,True
Complex_79,83,0.9017,0.1912,652,YMR142C,29,2.55e-57,True,50,2.41e-40,True,12,1.36e-28,True,91,2.55e-57,True
Complex_79,83,0.9017,0.1912,211,YDR471W,29,2.55e-57,True,50,2.41e-40,True,12,1.36e-28,True,91,2.55e-57,True
Complex_79,83,0.9017,0.1912,14,YAR073W,29,2.55e-57,True,50,2.41e-40,True,12,1.36e-28,True,91,2.55e-57,True
Complex_79,83,0.9017,0.1912,111,YDL075W,29,2.55e-57,True,50,2.41e-40,True,12,1.36e-28,True,91,2.55e-57,True
Complex_79,83,0.9017,0.1912,378,YHL015W,29,2.55e-57,True,50,2.41e-40,True,12,1.36e-28,True,91,2.55e-57,True
Complex_79,83,0.9017,0.1912,728,YNL301C,29,2.55e-57,True,50,2.41e-40,True,12,1.36e-28,True,91,2.55e-57,True
Complex_79,83,0.9017,0.1912,540,YLR029C,29,2.55e-57,True,50,2.41e-40,True,12,1.36e-28,True,91,2.55e-57,True
Complex_79,83,0.9017,0.1912,275,YFR032C-A,29,2.55e-57,True,50,2.41e-40,True,12,1.36e-28,True,91,2.55e-57,True
Complex_79,83,0.9017,0.1912,658,YMR194W,29,2.55e-57,True,50,2.41e-40,True,12,1.36e-28,True,91,2.55e-57,True
Complex_79,83,0.9017,0.1912,340,YGR118W,29,2.55e-57,True,50,2.41e-40,True,12,1.36e-28,True,91,2.55e-57,True
Complex_79,83,0.9017,0.1912,705,YNL178W,29,2.55e-57,True,50,2.41e-40,True,12,1.36e-28,True,91,2.55e-57,True
Complex_79,83,0.9017,0.1912,587,YLR340W,29,2.55e-57,True,50,2.41e-40,True,12,1.36e-28,True,91,2.55e-57,True
Complex_79,83,0.9017,0.1912,306,YGL147C,29,2.55e-57,True,50,2.41e-40,True,12,1.36e-28,True,91,2.55e-57,True
Complex_79,83,0.9017,0.1912,23,YBL027W,29,2.55e-57,True,50,2.41e-40,True,12,1.36e-28,True,91,2.55e-57,True
Complex_80,72,0.9017,0.1386,604,YLR432W,26,1.75e-51,True,46,9.97e-36,True,11,4.40e-22,True,83,1.75e-51,True
Complex_80,72,0.9017,0.1386,851,YPL198W,26,1.75e-51,True,46,9.97e-36,True,11,4.40e-22,True,83,1.75e-51,True
Complex_80,72,0.9017,0.1386,334,YGR085C,26,1.75e-51,True,46,9.97e-36,True,11,4.40e-22,True,83,1.75e-51,True
Complex_80,72,0.9017,0.1386,538,YLL045C,26,1.75e-51,True,46,9.97e-36,True,11,4.40e-22,True,83,1.75e-51,True
Complex_80,72,0.9017,0.1386,540,YLR029C,26,1.75e-51,True,46,9.97e-36,True,11,4.40e-22,True,83,1.75e-51,True
Complex_80,72,0.9017,0.1386,670,YMR290C,26,1.75e-51,True,46,9.97e-36,True,11,4.40e-22,True,83,1.75e-51,True
Complex_80,72,0.9017,0.1386,627,YML073C,26,1.75e-51,True,46,9.97e-36,True,11,4.40e-22,True,83,1.75e-51,True
Complex_80,72,0.9017,0.1386,289,YGL076C,26,1.75e-51,True,46,9.97e-36,True,11,4.40e-22,True,83,1.75e-51,True
Complex_80,72,0.9017,0.1386,676,YNL002C,26,1.75e-51,True,46,9.97e-36,True,11,4.40e-22,True,83,1.75e-51,True
Complex_80,72,0.9017,0.1386,228,YER006W,26,1.75e-51,True,46,9.97e-36,True,11,4.40e-22,True,83,1.75e-51,True
Complex_80,72,0.9017,0.1386,867,YPR016C,26,1.75e-51,True,46,9.97e-36,True,11,4.40e-22,True,83,1.75e-51,True
Complex_80,72,0.9017,0.1386,533,YLL008W,26,1.75e-51,True,46,9.97e-36,True,11,4.40e-22,True,83,1.75e-51,True
Complex_80,72,0.9017,0.1386,683,YNL061W,26,1.75e-51,True,46,9.97e-36,True,11,4.40e-22,True,83,1.75e-51,True
Complex_80,72,0.9017,0.1386,495,YKL009W,26,1.75e-51,True,46,9.97e-36,True,11,4.40e-22,True,83,1.75e-51,True
Complex_80,72,0.9017,0.1386,837,YPL093W,26,1.75e-51,True,46,9.97e-36,True,11,4.40e-22,True,83,1.75e-51,True
Complex_80,72,0.9017,0.1386,539,YLR002C,26,1.75e-51,True,46,9.97e-36,True,11,4.40e-22,True,83,1.75e-51,True
Complex_80,72,0.9017,0.1386,854,YPL211W,26,1.75e-51,True,46,9.97e-36,True,11,4.40e-22,True,83,1.75e-51,True
Complex_80,72,0.9017,0.1386,416,YHR197W,26,1.75e-51,True,46,9.97e-36,True,11,4.40e-22,True,83,1.75e-51,True
Complex_80,72,0.9017,0.1386,150,YDR101C,26,1.75e-51,True,46,9.97e-36,True,11,4.40e-22,True,83,1.75e-51,True
Complex_80,72,0.9017,0.1386,246,YER126C,26,1.75e-51,True,46,9.97e-36,True,11,4.40e-22,True,83,1.75e-51,True
Complex_80,72,0.9017,0.1386,297,YGL111W,26,1.75e-51,True,46,9.97e-36,True,11,4.40e-22,True,83,1.75e-51,True
Complex_80,72,0.9017,0.1386,808,YOR272W,26,1.75e-51,True,46,9.97e-36,True,11,4.40e-22,True,83,1.75e-51,True
Complex_80,72,0.9017,0.1386,338,YGR103W,26,1.75e-51,True,46,9.97e-36,True,11,4.40e-22,True,83,1.75e-51,True
Complex_80,72,0.9017,0.1386,258,YFL002C,26,1.75e-51,True,46,9.97e-36,True,11,4.40e-22,True,83,1.75e-51,True
Complex_80,72,0.9017,0.1386,755,YOL077C,26,1.75e-51,True,46,9.97e-36,True,11,4.40e-22,True,83,1.75e-51,True
Complex_80,72,0.9017,0.1386,642,YMR049C,26,1.75e-51,True,46,9.97e-36,True,11,4.40e-22,True,83,1.75e-51,True
Complex_80,72,0.9017,0.1386,318,YGL246C,26,1.75e-51,True,46,9.97e-36,True,11,4.40e-22,True,83,1.75e-51,True
Complex_80,72,0.9017,0.1386,388,YHR052W,26,1.75e-51,True,46,9.97e-36,True,11,4.40e-22,True,83,1.75e-51,True
Complex_80,72,0.9017,0.1386,529,YKR081C,26,1.75e-51,True,46,9.97e-36,True,11,4.40e-22,True,83,1.75e-51,True
Complex_80,72,0.9017,0.1386,796,YOR206W,26,1.75e-51,True,46,9.97e-36,True,11,4.40e-22,True,83,1.75e-51,True
Complex_80,72,0.9017,0.1386,861,YPL249C-A,26,1.75e-51,True,46,9.97e-36,True,11,4.40e-22,True,83,1.75e-51,True
Complex_80,72,0.9017,0.1386,147,YDR087C,26,1.75e-51,True,46,9.97e-36,True,11,4.40e-22,True,83,1.75e-51,True
Complex_80,72,0.9017,0.1386,215,YDR496C,26,1.75e-51,True,46,9.97e-36,True,11,4.40e-22,True,83,1.75e-51,True
Complex_80,72,0.9017,0.1386,611,YLR449W,26,1.75e-51,True,46,9.97e-36,True,11,4.40e-22,True,83,1.75e-51,True
Complex_80,72,0.9017,0.1386,694,YNL110C,26,1.75e-51,True,46,9.97e-36,True,11,4.40e-22,True,83,1.75e-51,True
Complex_80,72,0.9017,0.1386,142,YDR060W,26,1.75e-51,True,46,9.97e-36,True,11,4.40e-22,True,83,1.75e-51,True
Complex_80,72,0.9017,0.1386,267,YFR001W,26,1.75e-51,True,46,9.97e-36,True,11,4.40e-22,True,83,1.75e-51,True
Complex_80,72,0.9017,0.1386,574,YLR276C,26,1.75e-51,True,46,9.97e-36,True,11,4.40e-22,True,83,1.75e-51,True
Complex_80,72,0.9017,0.1386,829,YPL043W,26,1.75e-51,True,46,9.97e-36,True,11,4.40e-22,True,83,1.75e-51,True
Complex_80,72,0.9017,0.1386,51,YBR142W,26,1.75e-51,True,46,9.97e-36,True,11,4.40e-22,True,83,1.75e-51,True
Complex_80,72,0.9017,0.1386,100,YDL031W,26,1.75e-51,True,46,9.97e-36,True,11,4.40e-22,True,83,1.75e-51,True
Complex_80,72,0.9017,0.1386,31,YBL087C,26,1.75e-51,True,46,9.97e-36,True,11,4.40e-22,True,83,1.75e-51,True
Complex_80,72,0.9017,0.1386,512,YKL172W,26,1.75e-51,True,46,9.97e-36,True,11,4.40e-22,True,83,1.75e-51,True
Complex_80,72,0.9017,0.1386,77,YCL054W,26,1.75e-51,True,46,9.97e-36,True,11,4.40e-22,True,83,1.75e-51,True
Complex_80,72,0.9017,0.1386,751,YOL041C,26,1.75e-51,True,46,9.97e-36,True,11,4.40e-22,True,83,1.75e-51,True
Complex_80,72,0.9017,0.1386,775,YOR063W,26,1.75e-51,True,46,9.97e-36,True,11,4.40e-22,True,83,1.75e-51,True
Complex_80,72,0.9017,0.1386,546,YLR075W,26,1.75e-51,True,46,9.97e-36,True,11,4.40e-22,True,83,1.75e-51,True
Complex_80,72,0.9017,0.1386,620,YML056C,26,1.75e-51,True,46,9.97e-36,True,11,4.40e-22,True,83,1.75e-51,True
Complex_80,72,0.9017,0.1386,395,YHR088W,26,1.75e-51,True,46,9.97e-36,True,11,4.40e-22,True,83,1.75e-51,True
Complex_80,72,0.9017,0.1386,295,YGL103W,26,1.75e-51,True,46,9.97e-36,True,11,4.40e-22,True,83,1.75e-51,True
Complex_80,72,0.9017,0.1386,536,YLL034C,26,1.75e-51,True,46,9.97e-36,True,11,4.40e-22,True,83,1.75e-51,True
Complex_80,72,0.9017,0.1386,577,YLR287C-A,26,1.75e-51,True,46,9.97e-36,True,11,4.40e-22,True,83,1.75e-51,True
Complex_80,72,0.9017,0.1386,7,YAL035W,26,1.75e-51,True,46,9.97e-36,True,11,4.40e-22,True,83,1.75e-51,True
Complex_80,72,0.9017,0.1386,282,YGL030W,26,1.75e-51,True,46,9.97e-36,True,11,4.40e-22,True,83,1.75e-51,True
Complex_80,72,0.9017,0.1386,136,YDR012W,26,1.75e-51,True,46,9.97e-36,True,11,4.40e-22,True,83,1.75e-51,True
Complex_80,72,0.9017,0.1386,59,YBR191W,26,1.75e-51,True,46,9.97e-36,True,11,4.40e-22,True,83,1.75e-51,True
Complex_80,72,0.9017,0.1386,211,YDR471W,26,1.75e-51,True,46,9.97e-36,True,11,4.40e-22,True,83,1.75e-51,True
Complex_80,72,0.9017,0.1386,113,YDL082W,26,1.75e-51,True,46,9.97e-36,True,11,4.40e-22,True,83,1.75e-51,True
Complex_80,72,0.9017,0.1386,111,YDL075W,26,1.75e-51,True,46,9.97e-36,True,11,4.40e-22,True,83,1.75e-51,True
Complex_80,72,0.9017,0.1386,14,YAR073W,26,1.75e-51,True,46,9.97e-36,True,11,4.40e-22,True,83,1.75e-51,True
Complex_80,72,0.9017,0.1386,279,YGL014W,26,1.75e-51,True,46,9.97e-36,True,11,4.40e-22,True,83,1.75e-51,True
Complex_80,72,0.9017,0.1386,652,YMR142C,26,1.75e-51,True,46,9.97e-36,True,11,4.40e-22,True,83,1.75e-51,True
Complex_80,72,0.9017,0.1386,761,YOL127W,26,1.75e-51,True,46,9.97e-36,True,11,4.40e-22,True,83,1.75e-51,True
Complex_80,72,0.9017,0.1386,378,YHL015W,26,1.75e-51,True,46,9.97e-36,True,11,4.40e-22,True,83,1.75e-51,True
Complex_80,72,0.9017,0.1386,728,YNL301C,26,1.75e-51,True,46,9.97e-36,True,11,4.40e-22,True,83,1.75e-51,True
Complex_80,72,0.9017,0.1386,275,YFR032C-A,26,1.75e-51,True,46,9.97e-36,True,11,4.40e-22,True,83,1.75e-51,True
Complex_80,72,0.9017,0.1386,340,YGR118W,26,1.75e-51,True,46,9.97e-36,True,11,4.40e-22,True,83,1.75e-51,True
Complex_80,72,0.9017,0.1386,760,YOL120C,26,1.75e-51,True,46,9.97e-36,True,11,4.40e-22,True,83,1.75e-51,True
Complex_80,72,0.9017,0.1386,811,YOR294W,26,1.75e-51,True,46,9.97e-36,True,11,4.40e-22,True,83,1.75e-51,True
Complex_80,72,0.9017,0.1386,750,YOL040C,26,1.75e-51,True,46,9.97e-36,True,11,4.40e-22,True,83,1.75e-51,True
Complex_80,72,0.9017,0.1386,705,YNL178W,26,1.75e-51,True,46,9.97e-36,True,11,4.40e-22,True,83,1.75e-51,True
Complex_80,72,0.9017,0.1386,306,YGL147C,26,1.75e-51,True,46,9.97e-36,True,11,4.40e-22,True,83,1.75e-51,True
Complex_81,4,0.9016,0.3333,0,YAL003W,0,0.546243,False,3,0.016073,True,0,0.178194,False,3,0.016073,True
Complex_81,4,0.9016,0.3333,374,YGR285C,0,0.546243,False,3,0.016073,True,0,0.178194,False,3,0.016073,True
Complex_81,4,0.9016,0.3333,391,YHR064C,0,0.546243,False,3,0.016073,True,0,0.178194,False,3,0.016073,True
Complex_81,4,0.9016,0.3333,898,YPR189W,0,0.546243,False,3,0.016073,True,0,0.178194,False,3,0.016073,True
Complex_82,17,0.9016,0.4183,221,YEL018W,26,1.70e-23,True,74,7.62e-20,True,14,4.09e-08,True,114,1.70e-23,True
Complex_82,17,0.9016,0.4183,869,YPR023C,26,1.70e-23,True,74,7.62e-20,True,14,4.09e-08,True,114,1.70e-23,True
Complex_82,17,0.9016,0.4183,398,YHR099W,26,1.70e-23,True,74,7.62e-20,True,14,4.09e-08,True,114,1.70e-23,True
Complex_82,17,0.9016,0.4183,862,YPL254W,26,1.70e-23,True,74,7.62e-20,True,14,4.09e-08,True,114,1.70e-23,True
Complex_82,17,0.9016,0.4183,367,YGR252W,26,1.70e-23,True,74,7.62e-20,True,14,4.09e-08,True,114,1.70e-23,True
Complex_82,17,0.9016,0.4183,664,YMR236W,26,1.70e-23,True,74,7.62e-20,True,14,4.09e-08,True,114,1.70e-23,True
Complex_82,17,0.9016,0.4183,298,YGL112C,26,1.70e-23,True,74,7.62e-20,True,14,4.09e-08,True,114,1.70e-23,True
Complex_82,17,0.9016,0.4183,644,YMR075W,26,1.70e-23,True,74,7.62e-20,True,14,4.09e-08,True,114,1.70e-23,True
Complex_82,17,0.9016,0.4183,733,YNL330C,26,1.70e-23,True,74,7.62e-20,True,14,4.09e-08,True,114,1.70e-23,True
Complex_82,17,0.9016,0.4183,426,YIL084C,26,1.70e-23,True,74,7.62e-20,True,14,4.09e-08,True,114,1.70e-23,True
Complex_82,17,0.9016,0.4183,743,YOL004W,26,1.70e-23,True,74,7.62e-20,True,14,4.09e-08,True,114,1.70e-23,True
Complex_82,17,0.9016,0.4183,155,YDR145W,26,1.70e-23,True,74,7.62e-20,True,14,4.09e-08,True,114,1.70e-23,True
Complex_82,17,0.9016,0.4183,699,YNL136W,26,1.70e-23,True,74,7.62e-20,True,14,4.09e-08,True,114,1.70e-23,True
Complex_82,17,0.9016,0.4183,397,YHR090C,26,1.70e-23,True,74,7.62e-20,True,14,4.09e-08,True,114,1.70e-23,True
Complex_82,17,0.9016,0.4183,206,YDR448W,26,1.70e-23,True,74,7.62e-20,True,14,4.09e-08,True,114,1.70e-23,True
Complex_82,17,0.9016,0.4183,43,YBR081C,26,1.70e-23,True,74,7.62e-20,True,14,4.09e-08,True,114,1.70e-23,True
Complex_82,17,0.9016,0.4183,319,YGR002C,26,1.70e-23,True,74,7.62e-20,True,14,4.09e-08,True,114,1.70e-23,True
Complex_83,28,0.9015,0.3214,673,YMR309C,24,1.16e-22,True,32,5.67e-16,True,8,2.18e-13,True,64,1.16e-22,True
Complex_83,28,0.9015,0.3214,98,YDL014W,24,1.16e-22,True,32,5.67e-16,True,8,2.18e-13,True,64,1.16e-22,True
Complex_83,28,0.9015,0.3214,7,YAL035W,24,1.16e-22,True,32,5.67e-16,True,8,2.18e-13,True,64,1.16e-22,True
Complex_83,28,0.9015,0.3214,232,YER025W,24,1.16e-22,True,32,5.67e-16,True,8,2.18e-13,True,64,1.16e-22,True
Complex_83,28,0.9015,0.3214,874,YPR041W,24,1.16e-22,True,32,5.67e-16,True,8,2.18e-13,True,64,1.16e-22,True
Complex_83,28,0.9015,0.3214,42,YBR079C,24,1.16e-22,True,32,5.67e-16,True,8,2.18e-13,True,64,1.16e-22,True
Complex_83,28,0.9015,0.3214,820,YOR361C,24,1.16e-22,True,32,5.67e-16,True,8,2.18e-13,True,64,1.16e-22,True
Complex_83,28,0.9015,0.3214,653,YMR146C,24,1.16e-22,True,32,5.67e-16,True,8,2.18e-13,True,64,1.16e-22,True
Complex_83,28,0.9015,0.3214,204,YDR429C,24,1.16e-22,True,32,5.67e-16,True,8,2.18e-13,True,64,1.16e-22,True
Complex_83,28,0.9015,0.3214,683,YNL061W,24,1.16e-22,True,32,5.67e-16,True,8,2.18e-13,True,64,1.16e-22,True
Complex_83,28,0.9015,0.3214,533,YLL008W,24,1.16e-22,True,32,5.67e-16,True,8,2.18e-13,True,64,1.16e-22,True
Complex_83,28,0.9015,0.3214,670,YMR290C,24,1.16e-22,True,32,5.67e-16,True,8,2.18e-13,True,64,1.16e-22,True
Complex_83,28,0.9015,0.3214,148,YDR091C,24,1.16e-22,True,32,5.67e-16,True,8,2.18e-13,True,64,1.16e-22,True
Complex_83,28,0.9015,0.3214,558,YLR192C,24,1.16e-22,True,32,5.67e-16,True,8,2.18e-13,True,64,1.16e-22,True
Complex_83,28,0.9015,0.3214,538,YLL045C,24,1.16e-22,True,32,5.67e-16,True,8,2.18e-13,True,64,1.16e-22,True
Complex_83,28,0.9015,0.3214,289,YGL076C,24,1.16e-22,True,32,5.67e-16,True,8,2.18e-13,True,64,1.16e-22,True
Complex_83,28,0.9015,0.3214,775,YOR063W,24,1.16e-22,True,32,5.67e-16,True,8,2.18e-13,True,64,1.16e-22,True
Complex_83,28,0.9015,0.3214,334,YGR085C,24,1.16e-22,True,32,5.67e-16,True,8,2.18e-13,True,64,1.16e-22,True
Complex_83,28,0.9015,0.3214,755,YOL077C,24,1.16e-22,True,32,5.67e-16,True,8,2.18e-13,True,64,1.16e-22,True
Complex_83,28,0.9015,0.3214,113,YDL082W,24,1.16e-22,True,32,5.67e-16,True,8,2.18e-13,True,64,1.16e-22,True
Complex_83,28,0.9015,0.3214,215,YDR496C,24,1.16e-22,True,32,5.67e-16,True,8,2.18e-13,True,64,1.16e-22,True
Complex_83,28,0.9015,0.3214,796,YOR206W,24,1.16e-22,True,32,5.67e-16,True,8,2.18e-13,True,64,1.16e-22,True
Complex_83,28,0.9015,0.3214,546,YLR075W,24,1.16e-22,True,32,5.67e-16,True,8,2.18e-13,True,64,1.16e-22,True
Complex_83,28,0.9015,0.3214,282,YGL030W,24,1.16e-22,True,32,5.67e-16,True,8,2.18e-13,True,64,1.16e-22,True
Complex_83,28,0.9015,0.3214,51,YBR142W,24,1.16e-22,True,32,5.67e-16,True,8,2.18e-13,True,64,1.16e-22,True
Complex_83,28,0.9015,0.3214,142,YDR060W,24,1.16e-22,True,32,5.67e-16,True,8,2.18e-13,True,64,1.16e-22,True
Complex_83,28,0.9015,0.3214,705,YNL178W,24,1.16e-22,True,32,5.67e-16,True,8,2.18e-13,True,64,1.16e-22,True
Complex_83,28,0.9015,0.3214,540,YLR029C,24,1.16e-22,True,32,5.67e-16,True,8,2.18e-13,True,64,1.16e-22,True
Complex_84,80,0.9015,0.2267,545,YLR074C,27,4.62e-57,True,51,1.24e-42,True,13,4.49e-29,True,91,4.62e-57,True
Complex_84,80,0.9015,0.2267,740,YNR053C,27,4.62e-57,True,51,1.24e-42,True,13,4.49e-29,True,91,4.62e-57,True
Complex_84,80,0.9015,0.2267,837,YPL093W,27,4.62e-57,True,51,1.24e-42,True,13,4.49e-29,True,91,4.62e-57,True
Complex_84,80,0.9015,0.2267,584,YLR325C,27,4.62e-57,True,51,1.24e-42,True,13,4.49e-29,True,91,4.62e-57,True
Complex_84,80,0.9015,0.2267,761,YOL127W,27,4.62e-57,True,51,1.24e-42,True,13,4.49e-29,True,91,4.62e-57,True
Complex_84,80,0.9015,0.2267,676,YNL002C,27,4.62e-57,True,51,1.24e-42,True,13,4.49e-29,True,91,4.62e-57,True
Complex_84,80,0.9015,0.2267,228,YER006W,27,4.62e-57,True,51,1.24e-42,True,13,4.49e-29,True,91,4.62e-57,True
Complex_84,80,0.9015,0.2267,867,YPR016C,27,4.62e-57,True,51,1.24e-42,True,13,4.49e-29,True,91,4.62e-57,True
Complex_84,80,0.9015,0.2267,495,YKL009W,27,4.62e-57,True,51,1.24e-42,True,13,4.49e-29,True,91,4.62e-57,True
Complex_84,80,0.9015,0.2267,683,YNL061W,27,4.62e-57,True,51,1.24e-42,True,13,4.49e-29,True,91,4.62e-57,True
Complex_84,80,0.9015,0.2267,533,YLL008W,27,4.62e-57,True,51,1.24e-42,True,13,4.49e-29,True,91,4.62e-57,True
Complex_84,80,0.9015,0.2267,539,YLR002C,27,4.62e-57,True,51,1.24e-42,True,13,4.49e-29,True,91,4.62e-57,True
Complex_84,80,0.9015,0.2267,854,YPL211W,27,4.62e-57,True,51,1.24e-42,True,13,4.49e-29,True,91,4.62e-57,True
Complex_84,80,0.9015,0.2267,547,YLR106C,27,4.62e-57,True,51,1.24e-42,True,13,4.49e-29,True,91,4.62e-57,True
Complex_84,80,0.9015,0.2267,416,YHR197W,27,4.62e-57,True,51,1.24e-42,True,13,4.49e-29,True,91,4.62e-57,True
Complex_84,80,0.9015,0.2267,366,YGR245C,27,4.62e-57,True,51,1.24e-42,True,13,4.49e-29,True,91,4.62e-57,True
Complex_84,80,0.9015,0.2267,706,YNL182C,27,4.62e-57,True,51,1.24e-42,True,13,4.49e-29,True,91,4.62e-57,True
Complex_84,80,0.9015,0.2267,297,YGL111W,27,4.62e-57,True,51,1.24e-42,True,13,4.49e-29,True,91,4.62e-57,True
Complex_84,80,0.9015,0.2267,150,YDR101C,27,4.62e-57,True,51,1.24e-42,True,13,4.49e-29,True,91,4.62e-57,True
Complex_84,80,0.9015,0.2267,246,YER126C,27,4.62e-57,True,51,1.24e-42,True,13,4.49e-29,True,91,4.62e-57,True
Complex_84,80,0.9015,0.2267,808,YOR272W,27,4.62e-57,True,51,1.24e-42,True,13,4.49e-29,True,91,4.62e-57,True
Complex_84,80,0.9015,0.2267,338,YGR103W,27,4.62e-57,True,51,1.24e-42,True,13,4.49e-29,True,91,4.62e-57,True
Complex_84,80,0.9015,0.2267,258,YFL002C,27,4.62e-57,True,51,1.24e-42,True,13,4.49e-29,True,91,4.62e-57,True
Complex_84,80,0.9015,0.2267,670,YMR290C,27,4.62e-57,True,51,1.24e-42,True,13,4.49e-29,True,91,4.62e-57,True
Complex_84,80,0.9015,0.2267,755,YOL077C,27,4.62e-57,True,51,1.24e-42,True,13,4.49e-29,True,91,4.62e-57,True
Complex_84,80,0.9015,0.2267,388,YHR052W,27,4.62e-57,True,51,1.24e-42,True,13,4.49e-29,True,91,4.62e-57,True
Complex_84,80,0.9015,0.2267,393,YHR085W,27,4.62e-57,True,51,1.24e-42,True,13,4.49e-29,True,91,4.62e-57,True
Complex_84,80,0.9015,0.2267,642,YMR049C,27,4.62e-57,True,51,1.24e-42,True,13,4.49e-29,True,91,4.62e-57,True
Complex_84,80,0.9015,0.2267,529,YKR081C,27,4.62e-57,True,51,1.24e-42,True,13,4.49e-29,True,91,4.62e-57,True
Complex_84,80,0.9015,0.2267,796,YOR206W,27,4.62e-57,True,51,1.24e-42,True,13,4.49e-29,True,91,4.62e-57,True
Complex_84,80,0.9015,0.2267,215,YDR496C,27,4.62e-57,True,51,1.24e-42,True,13,4.49e-29,True,91,4.62e-57,True
Complex_84,80,0.9015,0.2267,90,YCR072C,27,4.62e-57,True,51,1.24e-42,True,13,4.49e-29,True,91,4.62e-57,True
Complex_84,80,0.9015,0.2267,861,YPL249C-A,27,4.62e-57,True,51,1.24e-42,True,13,4.49e-29,True,91,4.62e-57,True
Complex_84,80,0.9015,0.2267,611,YLR449W,27,4.62e-57,True,51,1.24e-42,True,13,4.49e-29,True,91,4.62e-57,True
Complex_84,80,0.9015,0.2267,694,YNL110C,27,4.62e-57,True,51,1.24e-42,True,13,4.49e-29,True,91,4.62e-57,True
Complex_84,80,0.9015,0.2267,142,YDR060W,27,4.62e-57,True,51,1.24e-42,True,13,4.49e-29,True,91,4.62e-57,True
Complex_84,80,0.9015,0.2267,289,YGL076C,27,4.62e-57,True,51,1.24e-42,True,13,4.49e-29,True,91,4.62e-57,True
Complex_84,80,0.9015,0.2267,267,YFR001W,27,4.62e-57,True,51,1.24e-42,True,13,4.49e-29,True,91,4.62e-57,True
Complex_84,80,0.9015,0.2267,31,YBL087C,27,4.62e-57,True,51,1.24e-42,True,13,4.49e-29,True,91,4.62e-57,True
Complex_84,80,0.9015,0.2267,538,YLL045C,27,4.62e-57,True,51,1.24e-42,True,13,4.49e-29,True,91,4.62e-57,True
Complex_84,80,0.9015,0.2267,100,YDL031W,27,4.62e-57,True,51,1.24e-42,True,13,4.49e-29,True,91,4.62e-57,True
Complex_84,80,0.9015,0.2267,574,YLR276C,27,4.62e-57,True,51,1.24e-42,True,13,4.49e-29,True,91,4.62e-57,True
Complex_84,80,0.9015,0.2267,829,YPL043W,27,4.62e-57,True,51,1.24e-42,True,13,4.49e-29,True,91,4.62e-57,True
Complex_84,80,0.9015,0.2267,512,YKL172W,27,4.62e-57,True,51,1.24e-42,True,13,4.49e-29,True,91,4.62e-57,True
Complex_84,80,0.9015,0.2267,77,YCL054W,27,4.62e-57,True,51,1.24e-42,True,13,4.49e-29,True,91,4.62e-57,True
Complex_84,80,0.9015,0.2267,775,YOR063W,27,4.62e-57,True,51,1.24e-42,True,13,4.49e-29,True,91,4.62e-57,True
Complex_84,80,0.9015,0.2267,751,YOL041C,27,4.62e-57,True,51,1.24e-42,True,13,4.49e-29,True,91,4.62e-57,True
Complex_84,80,0.9015,0.2267,597,YLR406C,27,4.62e-57,True,51,1.24e-42,True,13,4.49e-29,True,91,4.62e-57,True
Complex_84,80,0.9015,0.2267,536,YLL034C,27,4.62e-57,True,51,1.24e-42,True,13,4.49e-29,True,91,4.62e-57,True
Complex_84,80,0.9015,0.2267,546,YLR075W,27,4.62e-57,True,51,1.24e-42,True,13,4.49e-29,True,91,4.62e-57,True
Complex_84,80,0.9015,0.2267,395,YHR088W,27,4.62e-57,True,51,1.24e-42,True,13,4.49e-29,True,91,4.62e-57,True
Complex_84,80,0.9015,0.2267,627,YML073C,27,4.62e-57,True,51,1.24e-42,True,13,4.49e-29,True,91,4.62e-57,True
Complex_84,80,0.9015,0.2267,882,YPR102C,27,4.62e-57,True,51,1.24e-42,True,13,4.49e-29,True,91,4.62e-57,True
Complex_84,80,0.9015,0.2267,334,YGR085C,27,4.62e-57,True,51,1.24e-42,True,13,4.49e-29,True,91,4.62e-57,True
Complex_84,80,0.9015,0.2267,577,YLR287C-A,27,4.62e-57,True,51,1.24e-42,True,13,4.49e-29,True,91,4.62e-57,True
Complex_84,80,0.9015,0.2267,279,YGL014W,27,4.62e-57,True,51,1.24e-42,True,13,4.49e-29,True,91,4.62e-57,True
Complex_84,80,0.9015,0.2267,59,YBR191W,27,4.62e-57,True,51,1.24e-42,True,13,4.49e-29,True,91,4.62e-57,True
Complex_84,80,0.9015,0.2267,295,YGL103W,27,4.62e-57,True,51,1.24e-42,True,13,4.49e-29,True,91,4.62e-57,True
Complex_84,80,0.9015,0.2267,136,YDR012W,27,4.62e-57,True,51,1.24e-42,True,13,4.49e-29,True,91,4.62e-57,True
Complex_84,80,0.9015,0.2267,340,YGR118W,27,4.62e-57,True,51,1.24e-42,True,13,4.49e-29,True,91,4.62e-57,True
Complex_84,80,0.9015,0.2267,275,YFR032C-A,27,4.62e-57,True,51,1.24e-42,True,13,4.49e-29,True,91,4.62e-57,True
Complex_84,80,0.9015,0.2267,652,YMR142C,27,4.62e-57,True,51,1.24e-42,True,13,4.49e-29,True,91,4.62e-57,True
Complex_84,80,0.9015,0.2267,113,YDL082W,27,4.62e-57,True,51,1.24e-42,True,13,4.49e-29,True,91,4.62e-57,True
Complex_84,80,0.9015,0.2267,111,YDL075W,27,4.62e-57,True,51,1.24e-42,True,13,4.49e-29,True,91,4.62e-57,True
Complex_84,80,0.9015,0.2267,282,YGL030W,27,4.62e-57,True,51,1.24e-42,True,13,4.49e-29,True,91,4.62e-57,True
Complex_84,80,0.9015,0.2267,211,YDR471W,27,4.62e-57,True,51,1.24e-42,True,13,4.49e-29,True,91,4.62e-57,True
Complex_84,80,0.9015,0.2267,760,YOL120C,27,4.62e-57,True,51,1.24e-42,True,13,4.49e-29,True,91,4.62e-57,True
Complex_84,80,0.9015,0.2267,728,YNL301C,27,4.62e-57,True,51,1.24e-42,True,13,4.49e-29,True,91,4.62e-57,True
Complex_84,80,0.9015,0.2267,540,YLR029C,27,4.62e-57,True,51,1.24e-42,True,13,4.49e-29,True,91,4.62e-57,True
Complex_84,80,0.9015,0.2267,750,YOL040C,27,4.62e-57,True,51,1.24e-42,True,13,4.49e-29,True,91,4.62e-57,True
Complex_84,80,0.9015,0.2267,306,YGL147C,27,4.62e-57,True,51,1.24e-42,True,13,4.49e-29,True,91,4.62e-57,True
Complex_84,80,0.9015,0.2267,587,YLR340W,27,4.62e-57,True,51,1.24e-42,True,13,4.49e-29,True,91,4.62e-57,True
Complex_84,80,0.9015,0.2267,23,YBL027W,27,4.62e-57,True,51,1.24e-42,True,13,4.49e-29,True,91,4.62e-57,True
Complex_84,80,0.9015,0.2267,878,YPR067W,27,4.62e-57,True,51,1.24e-42,True,13,4.49e-29,True,91,4.62e-57,True
Complex_84,80,0.9015,0.2267,658,YMR194W,27,4.62e-57,True,51,1.24e-42,True,13,4.49e-29,True,91,4.62e-57,True
Complex_84,80,0.9015,0.2267,705,YNL178W,27,4.62e-57,True,51,1.24e-42,True,13,4.49e-29,True,91,4.62e-57,True
Complex_84,80,0.9015,0.2267,843,YPL131W,27,4.62e-57,True,51,1.24e-42,True,13,4.49e-29,True,91,4.62e-57,True
Complex_84,80,0.9015,0.2267,749,YOL039W,27,4.62e-57,True,51,1.24e-42,True,13,4.49e-29,True,91,4.62e-57,True
Complex_84,80,0.9015,0.2267,695,YNL112W,27,4.62e-57,True,51,1.24e-42,True,13,4.49e-29,True,91,4.62e-57,True
Complex_84,80,0.9015,0.2267,37,YBR031W,27,4.62e-57,True,51,1.24e-42,True,13,4.49e-29,True,91,4.62e-57,True
Complex_85,66,0.9015,0.2241,878,YPR067W,25,5.89e-54,True,48,9.05e-38,True,9,5.11e-33,True,82,5.89e-54,True
Complex_85,66,0.9015,0.2241,761,YOL127W,25,5.89e-54,True,48,9.05e-38,True,9,5.11e-33,True,82,5.89e-54,True
Complex_85,66,0.9015,0.2241,691,YNL096C,25,5.89e-54,True,48,9.05e-38,True,9,5.11e-33,True,82,5.89e-54,True
Complex_85,66,0.9015,0.2241,111,YDL075W,25,5.89e-54,True,48,9.05e-38,True,9,5.11e-33,True,82,5.89e-54,True
Complex_85,66,0.9015,0.2241,676,YNL002C,25,5.89e-54,True,48,9.05e-38,True,9,5.11e-33,True,82,5.89e-54,True
Complex_85,66,0.9015,0.2241,228,YER006W,25,5.89e-54,True,48,9.05e-38,True,9,5.11e-33,True,82,5.89e-54,True
Complex_85,66,0.9015,0.2241,533,YLL008W,25,5.89e-54,True,48,9.05e-38,True,9,5.11e-33,True,82,5.89e-54,True
Complex_85,66,0.9015,0.2241,740,YNR053C,25,5.89e-54,True,48,9.05e-38,True,9,5.11e-33,True,82,5.89e-54,True
Complex_85,66,0.9015,0.2241,683,YNL061W,25,5.89e-54,True,48,9.05e-38,True,9,5.11e-33,True,82,5.89e-54,True
Complex_85,66,0.9015,0.2241,867,YPR016C,25,5.89e-54,True,48,9.05e-38,True,9,5.11e-33,True,82,5.89e-54,True
Complex_85,66,0.9015,0.2241,837,YPL093W,25,5.89e-54,True,48,9.05e-38,True,9,5.11e-33,True,82,5.89e-54,True
Complex_85,66,0.9015,0.2241,539,YLR002C,25,5.89e-54,True,48,9.05e-38,True,9,5.11e-33,True,82,5.89e-54,True
Complex_85,66,0.9015,0.2241,854,YPL211W,25,5.89e-54,True,48,9.05e-38,True,9,5.11e-33,True,82,5.89e-54,True
Complex_85,66,0.9015,0.2241,416,YHR197W,25,5.89e-54,True,48,9.05e-38,True,9,5.11e-33,True,82,5.89e-54,True
Complex_85,66,0.9015,0.2241,150,YDR101C,25,5.89e-54,True,48,9.05e-38,True,9,5.11e-33,True,82,5.89e-54,True
Complex_85,66,0.9015,0.2241,297,YGL111W,25,5.89e-54,True,48,9.05e-38,True,9,5.11e-33,True,82,5.89e-54,True
Complex_85,66,0.9015,0.2241,338,YGR103W,25,5.89e-54,True,48,9.05e-38,True,9,5.11e-33,True,82,5.89e-54,True
Complex_85,66,0.9015,0.2241,258,YFL002C,25,5.89e-54,True,48,9.05e-38,True,9,5.11e-33,True,82,5.89e-54,True
Complex_85,66,0.9015,0.2241,642,YMR049C,25,5.89e-54,True,48,9.05e-38,True,9,5.11e-33,True,82,5.89e-54,True
Complex_85,66,0.9015,0.2241,755,YOL077C,25,5.89e-54,True,48,9.05e-38,True,9,5.11e-33,True,82,5.89e-54,True
Complex_85,66,0.9015,0.2241,670,YMR290C,25,5.89e-54,True,48,9.05e-38,True,9,5.11e-33,True,82,5.89e-54,True
Complex_85,66,0.9015,0.2241,388,YHR052W,25,5.89e-54,True,48,9.05e-38,True,9,5.11e-33,True,82,5.89e-54,True
Complex_85,66,0.9015,0.2241,529,YKR081C,25,5.89e-54,True,48,9.05e-38,True,9,5.11e-33,True,82,5.89e-54,True
Complex_85,66,0.9015,0.2241,796,YOR206W,25,5.89e-54,True,48,9.05e-38,True,9,5.11e-33,True,82,5.89e-54,True
Complex_85,66,0.9015,0.2241,861,YPL249C-A,25,5.89e-54,True,48,9.05e-38,True,9,5.11e-33,True,82,5.89e-54,True
Complex_85,66,0.9015,0.2241,215,YDR496C,25,5.89e-54,True,48,9.05e-38,True,9,5.11e-33,True,82,5.89e-54,True
Complex_85,66,0.9015,0.2241,584,YLR325C,25,5.89e-54,True,48,9.05e-38,True,9,5.11e-33,True,82,5.89e-54,True
Complex_85,66,0.9015,0.2241,611,YLR449W,25,5.89e-54,True,48,9.05e-38,True,9,5.11e-33,True,82,5.89e-54,True
Complex_85,66,0.9015,0.2241,694,YNL110C,25,5.89e-54,True,48,9.05e-38,True,9,5.11e-33,True,82,5.89e-54,True
Complex_85,66,0.9015,0.2241,289,YGL076C,25,5.89e-54,True,48,9.05e-38,True,9,5.11e-33,True,82,5.89e-54,True
Complex_85,66,0.9015,0.2241,100,YDL031W,25,5.89e-54,True,48,9.05e-38,True,9,5.11e-33,True,82,5.89e-54,True
Complex_85,66,0.9015,0.2241,574,YLR276C,25,5.89e-54,True,48,9.05e-38,True,9,5.11e-33,True,82,5.89e-54,True
Complex_85,66,0.9015,0.2241,538,YLL045C,25,5.89e-54,True,48,9.05e-38,True,9,5.11e-33,True,82,5.89e-54,True
Complex_85,66,0.9015,0.2241,829,YPL043W,25,5.89e-54,True,48,9.05e-38,True,9,5.11e-33,True,82,5.89e-54,True
Complex_85,66,0.9015,0.2241,512,YKL172W,25,5.89e-54,True,48,9.05e-38,True,9,5.11e-33,True,82,5.89e-54,True
Complex_85,66,0.9015,0.2241,545,YLR074C,25,5.89e-54,True,48,9.05e-38,True,9,5.11e-33,True,82,5.89e-54,True
Complex_85,66,0.9015,0.2241,395,YHR088W,25,5.89e-54,True,48,9.05e-38,True,9,5.11e-33,True,82,5.89e-54,True
Complex_85,66,0.9015,0.2241,751,YOL041C,25,5.89e-54,True,48,9.05e-38,True,9,5.11e-33,True,82,5.89e-54,True
Complex_85,66,0.9015,0.2241,775,YOR063W,25,5.89e-54,True,48,9.05e-38,True,9,5.11e-33,True,82,5.89e-54,True
Complex_85,66,0.9015,0.2241,597,YLR406C,25,5.89e-54,True,48,9.05e-38,True,9,5.11e-33,True,82,5.89e-54,True
Complex_85,66,0.9015,0.2241,546,YLR075W,25,5.89e-54,True,48,9.05e-38,True,9,5.11e-33,True,82,5.89e-54,True
Complex_85,66,0.9015,0.2241,627,YML073C,25,5.89e-54,True,48,9.05e-38,True,9,5.11e-33,True,82,5.89e-54,True
Complex_85,66,0.9015,0.2241,334,YGR085C,25,5.89e-54,True,48,9.05e-38,True,9,5.11e-33,True,82,5.89e-54,True
Complex_85,66,0.9015,0.2241,295,YGL103W,25,5.89e-54,True,48,9.05e-38,True,9,5.11e-33,True,82,5.89e-54,True
Complex_85,66,0.9015,0.2241,577,YLR287C-A,25,5.89e-54,True,48,9.05e-38,True,9,5.11e-33,True,82,5.89e-54,True
Complex_85,66,0.9015,0.2241,211,YDR471W,25,5.89e-54,True,48,9.05e-38,True,9,5.11e-33,True,82,5.89e-54,True
Complex_85,66,0.9015,0.2241,282,YGL030W,25,5.89e-54,True,48,9.05e-38,True,9,5.11e-33,True,82,5.89e-54,True
Complex_85,66,0.9015,0.2241,113,YDL082W,25,5.89e-54,True,48,9.05e-38,True,9,5.11e-33,True,82,5.89e-54,True
Complex_85,66,0.9015,0.2241,136,YDR012W,25,5.89e-54,True,48,9.05e-38,True,9,5.11e-33,True,82,5.89e-54,True
Complex_85,66,0.9015,0.2241,59,YBR191W,25,5.89e-54,True,48,9.05e-38,True,9,5.11e-33,True,82,5.89e-54,True
Complex_85,66,0.9015,0.2241,705,YNL178W,25,5.89e-54,True,48,9.05e-38,True,9,5.11e-33,True,82,5.89e-54,True
Complex_85,66,0.9015,0.2241,658,YMR194W,25,5.89e-54,True,48,9.05e-38,True,9,5.11e-33,True,82,5.89e-54,True
Complex_85,66,0.9015,0.2241,237,YER074W,25,5.89e-54,True,48,9.05e-38,True,9,5.11e-33,True,82,5.89e-54,True
Complex_85,66,0.9015,0.2241,274,YFR031C-A,25,5.89e-54,True,48,9.05e-38,True,9,5.11e-33,True,82,5.89e-54,True
Complex_85,66,0.9015,0.2241,587,YLR340W,25,5.89e-54,True,48,9.05e-38,True,9,5.11e-33,True,82,5.89e-54,True
Complex_85,66,0.9015,0.2241,728,YNL301C,25,5.89e-54,True,48,9.05e-38,True,9,5.11e-33,True,82,5.89e-54,True
Complex_85,66,0.9015,0.2241,375,YHL001W,25,5.89e-54,True,48,9.05e-38,True,9,5.11e-33,True,82,5.89e-54,True
Complex_85,66,0.9015,0.2241,83,YCR031C,25,5.89e-54,True,48,9.05e-38,True,9,5.11e-33,True,82,5.89e-54,True
Complex_85,66,0.9015,0.2241,609,YLR441C,25,5.89e-54,True,48,9.05e-38,True,9,5.11e-33,True,82,5.89e-54,True
Complex_85,66,0.9015,0.2241,610,YLR448W,25,5.89e-54,True,48,9.05e-38,True,9,5.11e-33,True,82,5.89e-54,True
Complex_85,66,0.9015,0.2241,652,YMR142C,25,5.89e-54,True,48,9.05e-38,True,9,5.11e-33,True,82,5.89e-54,True
Complex_85,66,0.9015,0.2241,37,YBR031W,25,5.89e-54,True,48,9.05e-38,True,9,5.11e-33,True,82,5.89e-54,True
Complex_85,66,0.9015,0.2241,306,YGL147C,25,5.89e-54,True,48,9.05e-38,True,9,5.11e-33,True,82,5.89e-54,True
Complex_85,66,0.9015,0.2241,23,YBL027W,25,5.89e-54,True,48,9.05e-38,True,9,5.11e-33,True,82,5.89e-54,True
Complex_85,66,0.9015,0.2241,434,YIL133C,25,5.89e-54,True,48,9.05e-38,True,9,5.11e-33,True,82,5.89e-54,True
Complex_85,66,0.9015,0.2241,750,YOL040C,25,5.89e-54,True,48,9.05e-38,True,9,5.11e-33,True,82,5.89e-54,True
Complex_86,34,0.9015,0.2647,42,YBR079C,27,4.50e-30,True,33,1.07e-28,True,7,3.71e-20,True,67,4.50e-30,True
Complex_86,34,0.9015,0.2647,778,YOR096W,27,4.50e-30,True,33,1.07e-28,True,7,3.71e-20,True,67,4.50e-30,True
Complex_86,34,0.9015,0.2647,148,YDR091C,27,4.50e-30,True,33,1.07e-28,True,7,3.71e-20,True,67,4.50e-30,True
Complex_86,34,0.9015,0.2647,232,YER025W,27,4.50e-30,True,33,1.07e-28,True,7,3.71e-20,True,67,4.50e-30,True
Complex_86,34,0.9015,0.2647,874,YPR041W,27,4.50e-30,True,33,1.07e-28,True,7,3.71e-20,True,67,4.50e-30,True
Complex_86,34,0.9015,0.2647,820,YOR361C,27,4.50e-30,True,33,1.07e-28,True,7,3.71e-20,True,67,4.50e-30,True
Complex_86,34,0.9015,0.2647,204,YDR429C,27,4.50e-30,True,33,1.07e-28,True,7,3.71e-20,True,67,4.50e-30,True
Complex_86,34,0.9015,0.2647,653,YMR146C,27,4.50e-30,True,33,1.07e-28,True,7,3.71e-20,True,67,4.50e-30,True
Complex_86,34,0.9015,0.2647,673,YMR309C,27,4.50e-30,True,33,1.07e-28,True,7,3.71e-20,True,67,4.50e-30,True
Complex_86,34,0.9015,0.2647,558,YLR192C,27,4.50e-30,True,33,1.07e-28,True,7,3.71e-20,True,67,4.50e-30,True
Complex_86,34,0.9015,0.2647,334,YGR085C,27,4.50e-30,True,33,1.07e-28,True,7,3.71e-20,True,67,4.50e-30,True
Complex_86,34,0.9015,0.2647,289,YGL076C,27,4.50e-30,True,33,1.07e-28,True,7,3.71e-20,True,67,4.50e-30,True
Complex_86,34,0.9015,0.2647,538,YLL045C,27,4.50e-30,True,33,1.07e-28,True,7,3.71e-20,True,67,4.50e-30,True
Complex_86,34,0.9015,0.2647,775,YOR063W,27,4.50e-30,True,33,1.07e-28,True,7,3.71e-20,True,67,4.50e-30,True
Complex_86,34,0.9015,0.2647,295,YGL103W,27,4.50e-30,True,33,1.07e-28,True,7,3.71e-20,True,67,4.50e-30,True
Complex_86,34,0.9015,0.2647,861,YPL249C-A,27,4.50e-30,True,33,1.07e-28,True,7,3.71e-20,True,67,4.50e-30,True
Complex_86,34,0.9015,0.2647,113,YDL082W,27,4.50e-30,True,33,1.07e-28,True,7,3.71e-20,True,67,4.50e-30,True
Complex_86,34,0.9015,0.2647,670,YMR290C,27,4.50e-30,True,33,1.07e-28,True,7,3.71e-20,True,67,4.50e-30,True
Complex_86,34,0.9015,0.2647,7,YAL035W,27,4.50e-30,True,33,1.07e-28,True,7,3.71e-20,True,67,4.50e-30,True
Complex_86,34,0.9015,0.2647,627,YML073C,27,4.50e-30,True,33,1.07e-28,True,7,3.71e-20,True,67,4.50e-30,True
Complex_86,34,0.9015,0.2647,529,YKR081C,27,4.50e-30,True,33,1.07e-28,True,7,3.71e-20,True,67,4.50e-30,True
Complex_86,34,0.9015,0.2647,211,YDR471W,27,4.50e-30,True,33,1.07e-28,True,7,3.71e-20,True,67,4.50e-30,True
Complex_86,34,0.9015,0.2647,546,YLR075W,27,4.50e-30,True,33,1.07e-28,True,7,3.71e-20,True,67,4.50e-30,True
Complex_86,34,0.9015,0.2647,282,YGL030W,27,4.50e-30,True,33,1.07e-28,True,7,3.71e-20,True,67,4.50e-30,True
Complex_86,34,0.9015,0.2647,14,YAR073W,27,4.50e-30,True,33,1.07e-28,True,7,3.71e-20,True,67,4.50e-30,True
Complex_86,34,0.9015,0.2647,705,YNL178W,27,4.50e-30,True,33,1.07e-28,True,7,3.71e-20,True,67,4.50e-30,True
Complex_86,34,0.9015,0.2647,237,YER074W,27,4.50e-30,True,33,1.07e-28,True,7,3.71e-20,True,67,4.50e-30,True
Complex_86,34,0.9015,0.2647,658,YMR194W,27,4.50e-30,True,33,1.07e-28,True,7,3.71e-20,True,67,4.50e-30,True
Complex_86,34,0.9015,0.2647,83,YCR031C,27,4.50e-30,True,33,1.07e-28,True,7,3.71e-20,True,67,4.50e-30,True
Complex_86,34,0.9015,0.2647,111,YDL075W,27,4.50e-30,True,33,1.07e-28,True,7,3.71e-20,True,67,4.50e-30,True
Complex_86,34,0.9015,0.2647,761,YOL127W,27,4.50e-30,True,33,1.07e-28,True,7,3.71e-20,True,67,4.50e-30,True
Complex_86,34,0.9015,0.2647,274,YFR031C-A,27,4.50e-30,True,33,1.07e-28,True,7,3.71e-20,True,67,4.50e-30,True
Complex_86,34,0.9015,0.2647,728,YNL301C,27,4.50e-30,True,33,1.07e-28,True,7,3.71e-20,True,67,4.50e-30,True
Complex_86,34,0.9015,0.2647,622,YML063W,27,4.50e-30,True,33,1.07e-28,True,7,3.71e-20,True,67,4.50e-30,True
Complex_87,43,0.9014,0.4778,346,YGR156W,21,6.99e-59,True,22,3.04e-63,True,7,4.95e-59,True,50,3.04e-63,True
Complex_87,43,0.9014,0.4778,381,YHL033C,21,6.99e-59,True,22,3.04e-63,True,7,4.95e-59,True,50,3.04e-63,True
Complex_87,43,0.9014,0.4778,610,YLR448W,21,6.99e-59,True,22,3.04e-63,True,7,4.95e-59,True,50,3.04e-63,True
Complex_87,43,0.9014,0.4778,295,YGL103W,21,6.99e-59,True,22,3.04e-63,True,7,4.95e-59,True,50,3.04e-63,True
Complex_87,43,0.9014,0.4778,538,YLL045C,21,6.99e-59,True,22,3.04e-63,True,7,4.95e-59,True,50,3.04e-63,True
Complex_87,43,0.9014,0.4778,289,YGL076C,21,6.99e-59,True,22,3.04e-63,True,7,4.95e-59,True,50,3.04e-63,True
Complex_87,43,0.9014,0.4778,334,YGR085C,21,6.99e-59,True,22,3.04e-63,True,7,4.95e-59,True,50,3.04e-63,True
Complex_87,43,0.9014,0.4778,627,YML073C,21,6.99e-59,True,22,3.04e-63,True,7,4.95e-59,True,50,3.04e-63,True
Complex_87,43,0.9014,0.4778,658,YMR194W,21,6.99e-59,True,22,3.04e-63,True,7,4.95e-59,True,50,3.04e-63,True
Complex_87,43,0.9014,0.4778,237,YER074W,21,6.99e-59,True,22,3.04e-63,True,7,4.95e-59,True,50,3.04e-63,True
Complex_87,43,0.9014,0.4778,211,YDR471W,21,6.99e-59,True,22,3.04e-63,True,7,4.95e-59,True,50,3.04e-63,True
Complex_87,43,0.9014,0.4778,775,YOR063W,21,6.99e-59,True,22,3.04e-63,True,7,4.95e-59,True,50,3.04e-63,True
Complex_87,43,0.9014,0.4778,274,YFR031C-A,21,6.99e-59,True,22,3.04e-63,True,7,4.95e-59,True,50,3.04e-63,True
Complex_87,43,0.9014,0.4778,861,YPL249C-A,21,6.99e-59,True,22,3.04e-63,True,7,4.95e-59,True,50,3.04e-63,True
Complex_87,43,0.9014,0.4778,83,YCR031C,21,6.99e-59,True,22,3.04e-63,True,7,4.95e-59,True,50,3.04e-63,True
Complex_87,43,0.9014,0.4778,282,YGL030W,21,6.99e-59,True,22,3.04e-63,True,7,4.95e-59,True,50,3.04e-63,True
Complex_87,43,0.9014,0.4778,705,YNL178W,21,6.99e-59,True,22,3.04e-63,True,7,4.95e-59,True,50,3.04e-63,True
Complex_87,43,0.9014,0.4778,113,YDL082W,21,6.99e-59,True,22,3.04e-63,True,7,4.95e-59,True,50,3.04e-63,True
Complex_87,43,0.9014,0.4778,609,YLR441C,21,6.99e-59,True,22,3.04e-63,True,7,4.95e-59,True,50,3.04e-63,True
Complex_87,43,0.9014,0.4778,587,YLR340W,21,6.99e-59,True,22,3.04e-63,True,7,4.95e-59,True,50,3.04e-63,True
Complex_87,43,0.9014,0.4778,761,YOL127W,21,6.99e-59,True,22,3.04e-63,True,7,4.95e-59,True,50,3.04e-63,True
Complex_87,43,0.9014,0.4778,111,YDL075W,21,6.99e-59,True,22,3.04e-63,True,7,4.95e-59,True,50,3.04e-63,True
Complex_87,43,0.9014,0.4778,375,YHL001W,21,6.99e-59,True,22,3.04e-63,True,7,4.95e-59,True,50,3.04e-63,True
Complex_87,43,0.9014,0.4778,622,YML063W,21,6.99e-59,True,22,3.04e-63,True,7,4.95e-59,True,50,3.04e-63,True
Complex_87,43,0.9014,0.4778,728,YNL301C,21,6.99e-59,True,22,3.04e-63,True,7,4.95e-59,True,50,3.04e-63,True
Complex_87,43,0.9014,0.4778,546,YLR075W,21,6.99e-59,True,22,3.04e-63,True,7,4.95e-59,True,50,3.04e-63,True
Complex_87,43,0.9014,0.4778,59,YBR191W,21,6.99e-59,True,22,3.04e-63,True,7,4.95e-59,True,50,3.04e-63,True
Complex_87,43,0.9014,0.4778,513,YKL180W,21,6.99e-59,True,22,3.04e-63,True,7,4.95e-59,True,50,3.04e-63,True
Complex_87,43,0.9014,0.4778,37,YBR031W,21,6.99e-59,True,22,3.04e-63,True,7,4.95e-59,True,50,3.04e-63,True
Complex_87,43,0.9014,0.4778,136,YDR012W,21,6.99e-59,True,22,3.04e-63,True,7,4.95e-59,True,50,3.04e-63,True
Complex_87,43,0.9014,0.4778,306,YGL147C,21,6.99e-59,True,22,3.04e-63,True,7,4.95e-59,True,50,3.04e-63,True
Complex_87,43,0.9014,0.4778,463,YJL177W,21,6.99e-59,True,22,3.04e-63,True,7,4.95e-59,True,50,3.04e-63,True
Complex_87,43,0.9014,0.4778,23,YBL027W,21,6.99e-59,True,22,3.04e-63,True,7,4.95e-59,True,50,3.04e-63,True
Complex_87,43,0.9014,0.4778,540,YLR029C,21,6.99e-59,True,22,3.04e-63,True,7,4.95e-59,True,50,3.04e-63,True
Complex_87,43,0.9014,0.4778,652,YMR142C,21,6.99e-59,True,22,3.04e-63,True,7,4.95e-59,True,50,3.04e-63,True
Complex_87,43,0.9014,0.4778,667,YMR242C,21,6.99e-59,True,22,3.04e-63,True,7,4.95e-59,True,50,3.04e-63,True
Complex_87,43,0.9014,0.4778,836,YPL090C,21,6.99e-59,True,22,3.04e-63,True,7,4.95e-59,True,50,3.04e-63,True
Complex_87,43,0.9014,0.4778,202,YDR418W,21,6.99e-59,True,22,3.04e-63,True,7,4.95e-59,True,50,3.04e-63,True
Complex_87,43,0.9014,0.4778,685,YNL069C,21,6.99e-59,True,22,3.04e-63,True,7,4.95e-59,True,50,3.04e-63,True
Complex_87,43,0.9014,0.4778,434,YIL133C,21,6.99e-59,True,22,3.04e-63,True,7,4.95e-59,True,50,3.04e-63,True
Complex_87,43,0.9014,0.4778,750,YOL040C,21,6.99e-59,True,22,3.04e-63,True,7,4.95e-59,True,50,3.04e-63,True
Complex_87,43,0.9014,0.4778,577,YLR287C-A,21,6.99e-59,True,22,3.04e-63,True,7,4.95e-59,True,50,3.04e-63,True
Complex_87,43,0.9014,0.4778,691,YNL096C,21,6.99e-59,True,22,3.04e-63,True,7,4.95e-59,True,50,3.04e-63,True
Complex_88,16,0.9014,0.0755,14,YAR073W,10,1.04e-09,True,34,3.95e-09,True,5,3.88e-09,True,49,1.04e-09,True
Complex_88,16,0.9014,0.0755,418,YHR216W,10,1.04e-09,True,34,3.95e-09,True,5,3.88e-09,True,49,1.04e-09,True
Complex_88,16,0.9014,0.0755,620,YML056C,10,1.04e-09,True,34,3.95e-09,True,5,3.88e-09,True,49,1.04e-09,True
Complex_88,16,0.9014,0.0755,604,YLR432W,10,1.04e-09,True,34,3.95e-09,True,5,3.88e-09,True,49,1.04e-09,True
Complex_88,16,0.9014,0.0755,538,YLL045C,10,1.04e-09,True,34,3.95e-09,True,5,3.88e-09,True,49,1.04e-09,True
Complex_88,16,0.9014,0.0755,775,YOR063W,10,1.04e-09,True,34,3.95e-09,True,5,3.88e-09,True,49,1.04e-09,True
Complex_88,16,0.9014,0.0755,289,YGL076C,10,1.04e-09,True,34,3.95e-09,True,5,3.88e-09,True,49,1.04e-09,True
Complex_88,16,0.9014,0.0755,334,YGR085C,10,1.04e-09,True,34,3.95e-09,True,5,3.88e-09,True,49,1.04e-09,True
Complex_88,16,0.9014,0.0755,627,YML073C,10,1.04e-09,True,34,3.95e-09,True,5,3.88e-09,True,49,1.04e-09,True
Complex_88,16,0.9014,0.0755,705,YNL178W,10,1.04e-09,True,34,3.95e-09,True,5,3.88e-09,True,49,1.04e-09,True
Complex_88,16,0.9014,0.0755,113,YDL082W,10,1.04e-09,True,34,3.95e-09,True,5,3.88e-09,True,49,1.04e-09,True
Complex_88,16,0.9014,0.0755,15,YAR075W,10,1.04e-09,True,34,3.95e-09,True,5,3.88e-09,True,49,1.04e-09,True
Complex_88,16,0.9014,0.0755,670,YMR290C,10,1.04e-09,True,34,3.95e-09,True,5,3.88e-09,True,49,1.04e-09,True
Complex_88,16,0.9014,0.0755,652,YMR142C,10,1.04e-09,True,34,3.95e-09,True,5,3.88e-09,True,49,1.04e-09,True
Complex_88,16,0.9014,0.0755,540,YLR029C,10,1.04e-09,True,34,3.95e-09,True,5,3.88e-09,True,49,1.04e-09,True
Complex_88,16,0.9014,0.0755,622,YML063W,10,1.04e-09,True,34,3.95e-09,True,5,3.88e-09,True,49,1.04e-09,True
Complex_89,30,0.9013,0.3,42,YBR079C,26,6.45e-27,True,32,1.13e-27,True,7,6.03e-18,True,65,1.13e-27,True
Complex_89,30,0.9013,0.3,653,YMR146C,26,6.45e-27,True,32,1.13e-27,True,7,6.03e-18,True,65,1.13e-27,True
Complex_89,30,0.9013,0.3,29,YBL072C,26,6.45e-27,True,32,1.13e-27,True,7,6.03e-18,True,65,1.13e-27,True
Complex_89,30,0.9013,0.3,820,YOR361C,26,6.45e-27,True,32,1.13e-27,True,7,6.03e-18,True,65,1.13e-27,True
Complex_89,30,0.9013,0.3,232,YER025W,26,6.45e-27,True,32,1.13e-27,True,7,6.03e-18,True,65,1.13e-27,True
Complex_89,30,0.9013,0.3,874,YPR041W,26,6.45e-27,True,32,1.13e-27,True,7,6.03e-18,True,65,1.13e-27,True
Complex_89,30,0.9013,0.3,204,YDR429C,26,6.45e-27,True,32,1.13e-27,True,7,6.03e-18,True,65,1.13e-27,True
Complex_89,30,0.9013,0.3,673,YMR309C,26,6.45e-27,True,32,1.13e-27,True,7,6.03e-18,True,65,1.13e-27,True
Complex_89,30,0.9013,0.3,558,YLR192C,26,6.45e-27,True,32,1.13e-27,True,7,6.03e-18,True,65,1.13e-27,True
Complex_89,30,0.9013,0.3,334,YGR085C,26,6.45e-27,True,32,1.13e-27,True,7,6.03e-18,True,65,1.13e-27,True
Complex_89,30,0.9013,0.3,148,YDR091C,26,6.45e-27,True,32,1.13e-27,True,7,6.03e-18,True,65,1.13e-27,True
Complex_89,30,0.9013,0.3,289,YGL076C,26,6.45e-27,True,32,1.13e-27,True,7,6.03e-18,True,65,1.13e-27,True
Complex_89,30,0.9013,0.3,538,YLL045C,26,6.45e-27,True,32,1.13e-27,True,7,6.03e-18,True,65,1.13e-27,True
Complex_89,30,0.9013,0.3,775,YOR063W,26,6.45e-27,True,32,1.13e-27,True,7,6.03e-18,True,65,1.13e-27,True
Complex_89,30,0.9013,0.3,295,YGL103W,26,6.45e-27,True,32,1.13e-27,True,7,6.03e-18,True,65,1.13e-27,True
Complex_89,30,0.9013,0.3,113,YDL082W,26,6.45e-27,True,32,1.13e-27,True,7,6.03e-18,True,65,1.13e-27,True
Complex_89,30,0.9013,0.3,627,YML073C,26,6.45e-27,True,32,1.13e-27,True,7,6.03e-18,True,65,1.13e-27,True
Complex_89,30,0.9013,0.3,670,YMR290C,26,6.45e-27,True,32,1.13e-27,True,7,6.03e-18,True,65,1.13e-27,True
Complex_89,30,0.9013,0.3,7,YAL035W,26,6.45e-27,True,32,1.13e-27,True,7,6.03e-18,True,65,1.13e-27,True
Complex_89,30,0.9013,0.3,211,YDR471W,26,6.45e-27,True,32,1.13e-27,True,7,6.03e-18,True,65,1.13e-27,True
Complex_89,30,0.9013,0.3,546,YLR075W,26,6.45e-27,True,32,1.13e-27,True,7,6.03e-18,True,65,1.13e-27,True
Complex_89,30,0.9013,0.3,705,YNL178W,26,6.45e-27,True,32,1.13e-27,True,7,6.03e-18,True,65,1.13e-27,True
Complex_89,30,0.9013,0.3,577,YLR287C-A,26,6.45e-27,True,32,1.13e-27,True,7,6.03e-18,True,65,1.13e-27,True
Complex_89,30,0.9013,0.3,237,YER074W,26,6.45e-27,True,32,1.13e-27,True,7,6.03e-18,True,65,1.13e-27,True
Complex_89,30,0.9013,0.3,658,YMR194W,26,6.45e-27,True,32,1.13e-27,True,7,6.03e-18,True,65,1.13e-27,True
Complex_89,30,0.9013,0.3,83,YCR031C,26,6.45e-27,True,32,1.13e-27,True,7,6.03e-18,True,65,1.13e-27,True
Complex_89,30,0.9013,0.3,274,YFR031C-A,26,6.45e-27,True,32,1.13e-27,True,7,6.03e-18,True,65,1.13e-27,True
Complex_89,30,0.9013,0.3,587,YLR340W,26,6.45e-27,True,32,1.13e-27,True,7,6.03e-18,True,65,1.13e-27,True
Complex_89,30,0.9013,0.3,761,YOL127W,26,6.45e-27,True,32,1.13e-27,True,7,6.03e-18,True,65,1.13e-27,True
Complex_89,30,0.9013,0.3,375,YHL001W,26,6.45e-27,True,32,1.13e-27,True,7,6.03e-18,True,65,1.13e-27,True
Complex_90,80,0.9012,0.2415,775,YOR063W,30,7.07e-59,True,48,6.08e-41,True,10,5.17e-35,True,88,7.07e-59,True
Complex_90,80,0.9012,0.2415,761,YOL127W,30,7.07e-59,True,48,6.08e-41,True,10,5.17e-35,True,88,7.07e-59,True
Complex_90,80,0.9012,0.2415,538,YLL045C,30,7.07e-59,True,48,6.08e-41,True,10,5.17e-35,True,88,7.07e-59,True
Complex_90,80,0.9012,0.2415,540,YLR029C,30,7.07e-59,True,48,6.08e-41,True,10,5.17e-35,True,88,7.07e-59,True
Complex_90,80,0.9012,0.2415,667,YMR242C,30,7.07e-59,True,48,6.08e-41,True,10,5.17e-35,True,88,7.07e-59,True
Complex_90,80,0.9012,0.2415,755,YOL077C,30,7.07e-59,True,48,6.08e-41,True,10,5.17e-35,True,88,7.07e-59,True
Complex_90,80,0.9012,0.2415,670,YMR290C,30,7.07e-59,True,48,6.08e-41,True,10,5.17e-35,True,88,7.07e-59,True
Complex_90,80,0.9012,0.2415,851,YPL198W,30,7.07e-59,True,48,6.08e-41,True,10,5.17e-35,True,88,7.07e-59,True
Complex_90,80,0.9012,0.2415,113,YDL082W,30,7.07e-59,True,48,6.08e-41,True,10,5.17e-35,True,88,7.07e-59,True
Complex_90,80,0.9012,0.2415,434,YIL133C,30,7.07e-59,True,48,6.08e-41,True,10,5.17e-35,True,88,7.07e-59,True
Complex_90,80,0.9012,0.2415,211,YDR471W,30,7.07e-59,True,48,6.08e-41,True,10,5.17e-35,True,88,7.07e-59,True
Complex_90,80,0.9012,0.2415,37,YBR031W,30,7.07e-59,True,48,6.08e-41,True,10,5.17e-35,True,88,7.07e-59,True
Complex_90,80,0.9012,0.2415,676,YNL002C,30,7.07e-59,True,48,6.08e-41,True,10,5.17e-35,True,88,7.07e-59,True
Complex_90,80,0.9012,0.2415,295,YGL103W,30,7.07e-59,True,48,6.08e-41,True,10,5.17e-35,True,88,7.07e-59,True
Complex_90,80,0.9012,0.2415,228,YER006W,30,7.07e-59,True,48,6.08e-41,True,10,5.17e-35,True,88,7.07e-59,True
Complex_90,80,0.9012,0.2415,289,YGL076C,30,7.07e-59,True,48,6.08e-41,True,10,5.17e-35,True,88,7.07e-59,True
Complex_90,80,0.9012,0.2415,627,YML073C,30,7.07e-59,True,48,6.08e-41,True,10,5.17e-35,True,88,7.07e-59,True
Complex_90,80,0.9012,0.2415,334,YGR085C,30,7.07e-59,True,48,6.08e-41,True,10,5.17e-35,True,88,7.07e-59,True
Complex_90,80,0.9012,0.2415,237,YER074W,30,7.07e-59,True,48,6.08e-41,True,10,5.17e-35,True,88,7.07e-59,True
Complex_90,80,0.9012,0.2415,658,YMR194W,30,7.07e-59,True,48,6.08e-41,True,10,5.17e-35,True,88,7.07e-59,True
Complex_90,80,0.9012,0.2415,740,YNR053C,30,7.07e-59,True,48,6.08e-41,True,10,5.17e-35,True,88,7.07e-59,True
Complex_90,80,0.9012,0.2415,861,YPL249C-A,30,7.07e-59,True,48,6.08e-41,True,10,5.17e-35,True,88,7.07e-59,True
Complex_90,80,0.9012,0.2415,533,YLL008W,30,7.07e-59,True,48,6.08e-41,True,10,5.17e-35,True,88,7.07e-59,True
Complex_90,80,0.9012,0.2415,274,YFR031C-A,30,7.07e-59,True,48,6.08e-41,True,10,5.17e-35,True,88,7.07e-59,True
Complex_90,80,0.9012,0.2415,867,YPR016C,30,7.07e-59,True,48,6.08e-41,True,10,5.17e-35,True,88,7.07e-59,True
Complex_90,80,0.9012,0.2415,539,YLR002C,30,7.07e-59,True,48,6.08e-41,True,10,5.17e-35,True,88,7.07e-59,True
Complex_90,80,0.9012,0.2415,282,YGL030W,30,7.07e-59,True,48,6.08e-41,True,10,5.17e-35,True,88,7.07e-59,True
Complex_90,80,0.9012,0.2415,83,YCR031C,30,7.07e-59,True,48,6.08e-41,True,10,5.17e-35,True,88,7.07e-59,True
Complex_90,80,0.9012,0.2415,150,YDR101C,30,7.07e-59,True,48,6.08e-41,True,10,5.17e-35,True,88,7.07e-59,True
Complex_90,80,0.9012,0.2415,705,YNL178W,30,7.07e-59,True,48,6.08e-41,True,10,5.17e-35,True,88,7.07e-59,True
Complex_90,80,0.9012,0.2415,366,YGR245C,30,7.07e-59,True,48,6.08e-41,True,10,5.17e-35,True,88,7.07e-59,True
Complex_90,80,0.9012,0.2415,495,YKL009W,30,7.07e-59,True,48,6.08e-41,True,10,5.17e-35,True,88,7.07e-59,True
Complex_90,80,0.9012,0.2415,683,YNL061W,30,7.07e-59,True,48,6.08e-41,True,10,5.17e-35,True,88,7.07e-59,True
Complex_90,80,0.9012,0.2415,837,YPL093W,30,7.07e-59,True,48,6.08e-41,True,10,5.17e-35,True,88,7.07e-59,True
Complex_90,80,0.9012,0.2415,416,YHR197W,30,7.07e-59,True,48,6.08e-41,True,10,5.17e-35,True,88,7.07e-59,True
Complex_90,80,0.9012,0.2415,854,YPL211W,30,7.07e-59,True,48,6.08e-41,True,10,5.17e-35,True,88,7.07e-59,True
Complex_90,80,0.9012,0.2415,246,YER126C,30,7.07e-59,True,48,6.08e-41,True,10,5.17e-35,True,88,7.07e-59,True
Complex_90,80,0.9012,0.2415,338,YGR103W,30,7.07e-59,True,48,6.08e-41,True,10,5.17e-35,True,88,7.07e-59,True
Complex_90,80,0.9012,0.2415,706,YNL182C,30,7.07e-59,True,48,6.08e-41,True,10,5.17e-35,True,88,7.07e-59,True
Complex_90,80,0.9012,0.2415,808,YOR272W,30,7.07e-59,True,48,6.08e-41,True,10,5.17e-35,True,88,7.07e-59,True
Complex_90,80,0.9012,0.2415,297,YGL111W,30,7.07e-59,True,48,6.08e-41,True,10,5.17e-35,True,88,7.07e-59,True
Complex_90,80,0.9012,0.2415,258,YFL002C,30,7.07e-59,True,48,6.08e-41,True,10,5.17e-35,True,88,7.07e-59,True
Complex_90,80,0.9012,0.2415,642,YMR049C,30,7.07e-59,True,48,6.08e-41,True,10,5.17e-35,True,88,7.07e-59,True
Complex_90,80,0.9012,0.2415,529,YKR081C,30,7.07e-59,True,48,6.08e-41,True,10,5.17e-35,True,88,7.07e-59,True
Complex_90,80,0.9012,0.2415,388,YHR052W,30,7.07e-59,True,48,6.08e-41,True,10,5.17e-35,True,88,7.07e-59,True
Complex_90,80,0.9012,0.2415,215,YDR496C,30,7.07e-59,True,48,6.08e-41,True,10,5.17e-35,True,88,7.07e-59,True
Complex_90,80,0.9012,0.2415,796,YOR206W,30,7.07e-59,True,48,6.08e-41,True,10,5.17e-35,True,88,7.07e-59,True
Complex_90,80,0.9012,0.2415,147,YDR087C,30,7.07e-59,True,48,6.08e-41,True,10,5.17e-35,True,88,7.07e-59,True
Complex_90,80,0.9012,0.2415,694,YNL110C,30,7.07e-59,True,48,6.08e-41,True,10,5.17e-35,True,88,7.07e-59,True
Complex_90,80,0.9012,0.2415,318,YGL246C,30,7.07e-59,True,48,6.08e-41,True,10,5.17e-35,True,88,7.07e-59,True
Complex_90,80,0.9012,0.2415,611,YLR449W,30,7.07e-59,True,48,6.08e-41,True,10,5.17e-35,True,88,7.07e-59,True
Complex_90,80,0.9012,0.2415,584,YLR325C,30,7.07e-59,True,48,6.08e-41,True,10,5.17e-35,True,88,7.07e-59,True
Complex_90,80,0.9012,0.2415,142,YDR060W,30,7.07e-59,True,48,6.08e-41,True,10,5.17e-35,True,88,7.07e-59,True
Complex_90,80,0.9012,0.2415,604,YLR432W,30,7.07e-59,True,48,6.08e-41,True,10,5.17e-35,True,88,7.07e-59,True
Complex_90,80,0.9012,0.2415,267,YFR001W,30,7.07e-59,True,48,6.08e-41,True,10,5.17e-35,True,88,7.07e-59,True
Complex_90,80,0.9012,0.2415,620,YML056C,30,7.07e-59,True,48,6.08e-41,True,10,5.17e-35,True,88,7.07e-59,True
Complex_90,80,0.9012,0.2415,31,YBL087C,30,7.07e-59,True,48,6.08e-41,True,10,5.17e-35,True,88,7.07e-59,True
Complex_90,80,0.9012,0.2415,546,YLR075W,30,7.07e-59,True,48,6.08e-41,True,10,5.17e-35,True,88,7.07e-59,True
Complex_90,80,0.9012,0.2415,829,YPL043W,30,7.07e-59,True,48,6.08e-41,True,10,5.17e-35,True,88,7.07e-59,True
Complex_90,80,0.9012,0.2415,574,YLR276C,30,7.07e-59,True,48,6.08e-41,True,10,5.17e-35,True,88,7.07e-59,True
Complex_90,80,0.9012,0.2415,51,YBR142W,30,7.07e-59,True,48,6.08e-41,True,10,5.17e-35,True,88,7.07e-59,True
Complex_90,80,0.9012,0.2415,77,YCL054W,30,7.07e-59,True,48,6.08e-41,True,10,5.17e-35,True,88,7.07e-59,True
Complex_90,80,0.9012,0.2415,59,YBR191W,30,7.07e-59,True,48,6.08e-41,True,10,5.17e-35,True,88,7.07e-59,True
Complex_90,80,0.9012,0.2415,136,YDR012W,30,7.07e-59,True,48,6.08e-41,True,10,5.17e-35,True,88,7.07e-59,True
Complex_90,80,0.9012,0.2415,469,YJL191W,30,7.07e-59,True,48,6.08e-41,True,10,5.17e-35,True,88,7.07e-59,True
Complex_90,80,0.9012,0.2415,111,YDL075W,30,7.07e-59,True,48,6.08e-41,True,10,5.17e-35,True,88,7.07e-59,True
Complex_90,80,0.9012,0.2415,512,YKL172W,30,7.07e-59,True,48,6.08e-41,True,10,5.17e-35,True,88,7.07e-59,True
Complex_90,80,0.9012,0.2415,597,YLR406C,30,7.07e-59,True,48,6.08e-41,True,10,5.17e-35,True,88,7.07e-59,True
Complex_90,80,0.9012,0.2415,587,YLR340W,30,7.07e-59,True,48,6.08e-41,True,10,5.17e-35,True,88,7.07e-59,True
Complex_90,80,0.9012,0.2415,728,YNL301C,30,7.07e-59,True,48,6.08e-41,True,10,5.17e-35,True,88,7.07e-59,True
Complex_90,80,0.9012,0.2415,100,YDL031W,30,7.07e-59,True,48,6.08e-41,True,10,5.17e-35,True,88,7.07e-59,True
Complex_90,80,0.9012,0.2415,610,YLR448W,30,7.07e-59,True,48,6.08e-41,True,10,5.17e-35,True,88,7.07e-59,True
Complex_90,80,0.9012,0.2415,375,YHL001W,30,7.07e-59,True,48,6.08e-41,True,10,5.17e-35,True,88,7.07e-59,True
Complex_90,80,0.9012,0.2415,577,YLR287C-A,30,7.07e-59,True,48,6.08e-41,True,10,5.17e-35,True,88,7.07e-59,True
Complex_90,80,0.9012,0.2415,609,YLR441C,30,7.07e-59,True,48,6.08e-41,True,10,5.17e-35,True,88,7.07e-59,True
Complex_90,80,0.9012,0.2415,622,YML063W,30,7.07e-59,True,48,6.08e-41,True,10,5.17e-35,True,88,7.07e-59,True
Complex_90,80,0.9012,0.2415,652,YMR142C,30,7.07e-59,True,48,6.08e-41,True,10,5.17e-35,True,88,7.07e-59,True
Complex_90,80,0.9012,0.2415,306,YGL147C,30,7.07e-59,True,48,6.08e-41,True,10,5.17e-35,True,88,7.07e-59,True
Complex_90,80,0.9012,0.2415,23,YBL027W,30,7.07e-59,True,48,6.08e-41,True,10,5.17e-35,True,88,7.07e-59,True
Complex_90,80,0.9012,0.2415,162,YDR174W,30,7.07e-59,True,48,6.08e-41,True,10,5.17e-35,True,88,7.07e-59,True
Complex_91,77,0.9012,0.2061,775,YOR063W,29,1.31e-56,True,48,2.75e-37,True,12,4.32e-30,True,89,1.31e-56,True
Complex_91,77,0.9012,0.2061,226,YEL054C,29,1.31e-56,True,48,2.75e-37,True,12,4.32e-30,True,89,1.31e-56,True
Complex_91,77,0.9012,0.2061,113,YDL082W,29,1.31e-56,True,48,2.75e-37,True,12,4.32e-30,True,89,1.31e-56,True
Complex_91,77,0.9012,0.2061,622,YML063W,29,1.31e-56,True,48,2.75e-37,True,12,4.32e-30,True,89,1.31e-56,True
Complex_91,77,0.9012,0.2061,282,YGL030W,29,1.31e-56,True,48,2.75e-37,True,12,4.32e-30,True,89,1.31e-56,True
Complex_91,77,0.9012,0.2061,861,YPL249C-A,29,1.31e-56,True,48,2.75e-37,True,12,4.32e-30,True,89,1.31e-56,True
Complex_91,77,0.9012,0.2061,676,YNL002C,29,1.31e-56,True,48,2.75e-37,True,12,4.32e-30,True,89,1.31e-56,True
Complex_91,77,0.9012,0.2061,228,YER006W,29,1.31e-56,True,48,2.75e-37,True,12,4.32e-30,True,89,1.31e-56,True
Complex_91,77,0.9012,0.2061,740,YNR053C,29,1.31e-56,True,48,2.75e-37,True,12,4.32e-30,True,89,1.31e-56,True
Complex_91,77,0.9012,0.2061,867,YPR016C,29,1.31e-56,True,48,2.75e-37,True,12,4.32e-30,True,89,1.31e-56,True
Complex_91,77,0.9012,0.2061,683,YNL061W,29,1.31e-56,True,48,2.75e-37,True,12,4.32e-30,True,89,1.31e-56,True
Complex_91,77,0.9012,0.2061,837,YPL093W,29,1.31e-56,True,48,2.75e-37,True,12,4.32e-30,True,89,1.31e-56,True
Complex_91,77,0.9012,0.2061,495,YKL009W,29,1.31e-56,True,48,2.75e-37,True,12,4.32e-30,True,89,1.31e-56,True
Complex_91,77,0.9012,0.2061,533,YLL008W,29,1.31e-56,True,48,2.75e-37,True,12,4.32e-30,True,89,1.31e-56,True
Complex_91,77,0.9012,0.2061,539,YLR002C,29,1.31e-56,True,48,2.75e-37,True,12,4.32e-30,True,89,1.31e-56,True
Complex_91,77,0.9012,0.2061,854,YPL211W,29,1.31e-56,True,48,2.75e-37,True,12,4.32e-30,True,89,1.31e-56,True
Complex_91,77,0.9012,0.2061,416,YHR197W,29,1.31e-56,True,48,2.75e-37,True,12,4.32e-30,True,89,1.31e-56,True
Complex_91,77,0.9012,0.2061,366,YGR245C,29,1.31e-56,True,48,2.75e-37,True,12,4.32e-30,True,89,1.31e-56,True
Complex_91,77,0.9012,0.2061,706,YNL182C,29,1.31e-56,True,48,2.75e-37,True,12,4.32e-30,True,89,1.31e-56,True
Complex_91,77,0.9012,0.2061,246,YER126C,29,1.31e-56,True,48,2.75e-37,True,12,4.32e-30,True,89,1.31e-56,True
Complex_91,77,0.9012,0.2061,150,YDR101C,29,1.31e-56,True,48,2.75e-37,True,12,4.32e-30,True,89,1.31e-56,True
Complex_91,77,0.9012,0.2061,297,YGL111W,29,1.31e-56,True,48,2.75e-37,True,12,4.32e-30,True,89,1.31e-56,True
Complex_91,77,0.9012,0.2061,808,YOR272W,29,1.31e-56,True,48,2.75e-37,True,12,4.32e-30,True,89,1.31e-56,True
Complex_91,77,0.9012,0.2061,338,YGR103W,29,1.31e-56,True,48,2.75e-37,True,12,4.32e-30,True,89,1.31e-56,True
Complex_91,77,0.9012,0.2061,258,YFL002C,29,1.31e-56,True,48,2.75e-37,True,12,4.32e-30,True,89,1.31e-56,True
Complex_91,77,0.9012,0.2061,388,YHR052W,29,1.31e-56,True,48,2.75e-37,True,12,4.32e-30,True,89,1.31e-56,True
Complex_91,77,0.9012,0.2061,755,YOL077C,29,1.31e-56,True,48,2.75e-37,True,12,4.32e-30,True,89,1.31e-56,True
Complex_91,77,0.9012,0.2061,670,YMR290C,29,1.31e-56,True,48,2.75e-37,True,12,4.32e-30,True,89,1.31e-56,True
Complex_91,77,0.9012,0.2061,642,YMR049C,29,1.31e-56,True,48,2.75e-37,True,12,4.32e-30,True,89,1.31e-56,True
Complex_91,77,0.9012,0.2061,529,YKR081C,29,1.31e-56,True,48,2.75e-37,True,12,4.32e-30,True,89,1.31e-56,True
Complex_91,77,0.9012,0.2061,796,YOR206W,29,1.31e-56,True,48,2.75e-37,True,12,4.32e-30,True,89,1.31e-56,True
Complex_91,77,0.9012,0.2061,215,YDR496C,29,1.31e-56,True,48,2.75e-37,True,12,4.32e-30,True,89,1.31e-56,True
Complex_91,77,0.9012,0.2061,584,YLR325C,29,1.31e-56,True,48,2.75e-37,True,12,4.32e-30,True,89,1.31e-56,True
Complex_91,77,0.9012,0.2061,611,YLR449W,29,1.31e-56,True,48,2.75e-37,True,12,4.32e-30,True,89,1.31e-56,True
Complex_91,77,0.9012,0.2061,142,YDR060W,29,1.31e-56,True,48,2.75e-37,True,12,4.32e-30,True,89,1.31e-56,True
Complex_91,77,0.9012,0.2061,289,YGL076C,29,1.31e-56,True,48,2.75e-37,True,12,4.32e-30,True,89,1.31e-56,True
Complex_91,77,0.9012,0.2061,694,YNL110C,29,1.31e-56,True,48,2.75e-37,True,12,4.32e-30,True,89,1.31e-56,True
Complex_91,77,0.9012,0.2061,538,YLL045C,29,1.31e-56,True,48,2.75e-37,True,12,4.32e-30,True,89,1.31e-56,True
Complex_91,77,0.9012,0.2061,267,YFR001W,29,1.31e-56,True,48,2.75e-37,True,12,4.32e-30,True,89,1.31e-56,True
Complex_91,77,0.9012,0.2061,574,YLR276C,29,1.31e-56,True,48,2.75e-37,True,12,4.32e-30,True,89,1.31e-56,True
Complex_91,77,0.9012,0.2061,829,YPL043W,29,1.31e-56,True,48,2.75e-37,True,12,4.32e-30,True,89,1.31e-56,True
Complex_91,77,0.9012,0.2061,100,YDL031W,29,1.31e-56,True,48,2.75e-37,True,12,4.32e-30,True,89,1.31e-56,True
Complex_91,77,0.9012,0.2061,51,YBR142W,29,1.31e-56,True,48,2.75e-37,True,12,4.32e-30,True,89,1.31e-56,True
Complex_91,77,0.9012,0.2061,512,YKL172W,29,1.31e-56,True,48,2.75e-37,True,12,4.32e-30,True,89,1.31e-56,True
Complex_91,77,0.9012,0.2061,469,YJL191W,29,1.31e-56,True,48,2.75e-37,True,12,4.32e-30,True,89,1.31e-56,True
Complex_91,77,0.9012,0.2061,751,YOL041C,29,1.31e-56,True,48,2.75e-37,True,12,4.32e-30,True,89,1.31e-56,True
Complex_91,77,0.9012,0.2061,546,YLR075W,29,1.31e-56,True,48,2.75e-37,True,12,4.32e-30,True,89,1.31e-56,True
Complex_91,77,0.9012,0.2061,627,YML073C,29,1.31e-56,True,48,2.75e-37,True,12,4.32e-30,True,89,1.31e-56,True
Complex_91,77,0.9012,0.2061,597,YLR406C,29,1.31e-56,True,48,2.75e-37,True,12,4.32e-30,True,89,1.31e-56,True
Complex_91,77,0.9012,0.2061,620,YML056C,29,1.31e-56,True,48,2.75e-37,True,12,4.32e-30,True,89,1.31e-56,True
Complex_91,77,0.9012,0.2061,295,YGL103W,29,1.31e-56,True,48,2.75e-37,True,12,4.32e-30,True,89,1.31e-56,True
Complex_91,77,0.9012,0.2061,334,YGR085C,29,1.31e-56,True,48,2.75e-37,True,12,4.32e-30,True,89,1.31e-56,True
Complex_91,77,0.9012,0.2061,882,YPR102C,29,1.31e-56,True,48,2.75e-37,True,12,4.32e-30,True,89,1.31e-56,True
Complex_91,77,0.9012,0.2061,395,YHR088W,29,1.31e-56,True,48,2.75e-37,True,12,4.32e-30,True,89,1.31e-56,True
Complex_91,77,0.9012,0.2061,7,YAL035W,29,1.31e-56,True,48,2.75e-37,True,12,4.32e-30,True,89,1.31e-56,True
Complex_91,77,0.9012,0.2061,536,YLL034C,29,1.31e-56,True,48,2.75e-37,True,12,4.32e-30,True,89,1.31e-56,True
Complex_91,77,0.9012,0.2061,211,YDR471W,29,1.31e-56,True,48,2.75e-37,True,12,4.32e-30,True,89,1.31e-56,True
Complex_91,77,0.9012,0.2061,136,YDR012W,29,1.31e-56,True,48,2.75e-37,True,12,4.32e-30,True,89,1.31e-56,True
Complex_91,77,0.9012,0.2061,761,YOL127W,29,1.31e-56,True,48,2.75e-37,True,12,4.32e-30,True,89,1.31e-56,True
Complex_91,77,0.9012,0.2061,577,YLR287C-A,29,1.31e-56,True,48,2.75e-37,True,12,4.32e-30,True,89,1.31e-56,True
Complex_91,77,0.9012,0.2061,59,YBR191W,29,1.31e-56,True,48,2.75e-37,True,12,4.32e-30,True,89,1.31e-56,True
Complex_91,77,0.9012,0.2061,111,YDL075W,29,1.31e-56,True,48,2.75e-37,True,12,4.32e-30,True,89,1.31e-56,True
Complex_91,77,0.9012,0.2061,279,YGL014W,29,1.31e-56,True,48,2.75e-37,True,12,4.32e-30,True,89,1.31e-56,True
Complex_91,77,0.9012,0.2061,652,YMR142C,29,1.31e-56,True,48,2.75e-37,True,12,4.32e-30,True,89,1.31e-56,True
Complex_91,77,0.9012,0.2061,14,YAR073W,29,1.31e-56,True,48,2.75e-37,True,12,4.32e-30,True,89,1.31e-56,True
Complex_91,77,0.9012,0.2061,728,YNL301C,29,1.31e-56,True,48,2.75e-37,True,12,4.32e-30,True,89,1.31e-56,True
Complex_91,77,0.9012,0.2061,275,YFR032C-A,29,1.31e-56,True,48,2.75e-37,True,12,4.32e-30,True,89,1.31e-56,True
Complex_91,77,0.9012,0.2061,540,YLR029C,29,1.31e-56,True,48,2.75e-37,True,12,4.32e-30,True,89,1.31e-56,True
Complex_91,77,0.9012,0.2061,760,YOL120C,29,1.31e-56,True,48,2.75e-37,True,12,4.32e-30,True,89,1.31e-56,True
Complex_91,77,0.9012,0.2061,306,YGL147C,29,1.31e-56,True,48,2.75e-37,True,12,4.32e-30,True,89,1.31e-56,True
Complex_91,77,0.9012,0.2061,705,YNL178W,29,1.31e-56,True,48,2.75e-37,True,12,4.32e-30,True,89,1.31e-56,True
Complex_91,77,0.9012,0.2061,750,YOL040C,29,1.31e-56,True,48,2.75e-37,True,12,4.32e-30,True,89,1.31e-56,True
Complex_91,77,0.9012,0.2061,587,YLR340W,29,1.31e-56,True,48,2.75e-37,True,12,4.32e-30,True,89,1.31e-56,True
Complex_91,77,0.9012,0.2061,658,YMR194W,29,1.31e-56,True,48,2.75e-37,True,12,4.32e-30,True,89,1.31e-56,True
Complex_91,77,0.9012,0.2061,237,YER074W,29,1.31e-56,True,48,2.75e-37,True,12,4.32e-30,True,89,1.31e-56,True
Complex_91,77,0.9012,0.2061,23,YBL027W,29,1.31e-56,True,48,2.75e-37,True,12,4.32e-30,True,89,1.31e-56,True
Complex_91,77,0.9012,0.2061,37,YBR031W,29,1.31e-56,True,48,2.75e-37,True,12,4.32e-30,True,89,1.31e-56,True
Complex_92,74,0.9012,0.1999,775,YOR063W,29,1.49e-54,True,48,1.57e-35,True,12,3.84e-32,True,89,1.49e-54,True
Complex_92,74,0.9012,0.1999,761,YOL127W,29,1.49e-54,True,48,1.57e-35,True,12,3.84e-32,True,89,1.49e-54,True
Complex_92,74,0.9012,0.1999,283,YGL031C,29,1.49e-54,True,48,1.57e-35,True,12,3.84e-32,True,89,1.49e-54,True
Complex_92,74,0.9012,0.1999,513,YKL180W,29,1.49e-54,True,48,1.57e-35,True,12,3.84e-32,True,89,1.49e-54,True
Complex_92,74,0.9012,0.1999,282,YGL030W,29,1.49e-54,True,48,1.57e-35,True,12,3.84e-32,True,89,1.49e-54,True
Complex_92,74,0.9012,0.1999,295,YGL103W,29,1.49e-54,True,48,1.57e-35,True,12,3.84e-32,True,89,1.49e-54,True
Complex_92,74,0.9012,0.1999,685,YNL069C,29,1.49e-54,True,48,1.57e-35,True,12,3.84e-32,True,89,1.49e-54,True
Complex_92,74,0.9012,0.1999,334,YGR085C,29,1.49e-54,True,48,1.57e-35,True,12,3.84e-32,True,89,1.49e-54,True
Complex_92,74,0.9012,0.1999,211,YDR471W,29,1.49e-54,True,48,1.57e-35,True,12,3.84e-32,True,89,1.49e-54,True
Complex_92,74,0.9012,0.1999,622,YML063W,29,1.49e-54,True,48,1.57e-35,True,12,3.84e-32,True,89,1.49e-54,True
Complex_92,74,0.9012,0.1999,114,YDL083C,29,1.49e-54,True,48,1.57e-35,True,12,3.84e-32,True,89,1.49e-54,True
Complex_92,74,0.9012,0.1999,627,YML073C,29,1.49e-54,True,48,1.57e-35,True,12,3.84e-32,True,89,1.49e-54,True
Complex_92,74,0.9012,0.1999,546,YLR075W,29,1.49e-54,True,48,1.57e-35,True,12,3.84e-32,True,89,1.49e-54,True
Complex_92,74,0.9012,0.1999,83,YCR031C,29,1.49e-54,True,48,1.57e-35,True,12,3.84e-32,True,89,1.49e-54,True
Complex_92,74,0.9012,0.1999,667,YMR242C,29,1.49e-54,True,48,1.57e-35,True,12,3.84e-32,True,89,1.49e-54,True
Complex_92,74,0.9012,0.1999,861,YPL249C-A,29,1.49e-54,True,48,1.57e-35,True,12,3.84e-32,True,89,1.49e-54,True
Complex_92,74,0.9012,0.1999,463,YJL177W,29,1.49e-54,True,48,1.57e-35,True,12,3.84e-32,True,89,1.49e-54,True
Complex_92,74,0.9012,0.1999,113,YDL082W,29,1.49e-54,True,48,1.57e-35,True,12,3.84e-32,True,89,1.49e-54,True
Complex_92,74,0.9012,0.1999,274,YFR031C-A,29,1.49e-54,True,48,1.57e-35,True,12,3.84e-32,True,89,1.49e-54,True
Complex_92,74,0.9012,0.1999,37,YBR031W,29,1.49e-54,True,48,1.57e-35,True,12,3.84e-32,True,89,1.49e-54,True
Complex_92,74,0.9012,0.1999,23,YBL027W,29,1.49e-54,True,48,1.57e-35,True,12,3.84e-32,True,89,1.49e-54,True
Complex_92,74,0.9012,0.1999,676,YNL002C,29,1.49e-54,True,48,1.57e-35,True,12,3.84e-32,True,89,1.49e-54,True
Complex_92,74,0.9012,0.1999,538,YLL045C,29,1.49e-54,True,48,1.57e-35,True,12,3.84e-32,True,89,1.49e-54,True
Complex_92,74,0.9012,0.1999,228,YER006W,29,1.49e-54,True,48,1.57e-35,True,12,3.84e-32,True,89,1.49e-54,True
Complex_92,74,0.9012,0.1999,289,YGL076C,29,1.49e-54,True,48,1.57e-35,True,12,3.84e-32,True,89,1.49e-54,True
Complex_92,74,0.9012,0.1999,237,YER074W,29,1.49e-54,True,48,1.57e-35,True,12,3.84e-32,True,89,1.49e-54,True
Complex_92,74,0.9012,0.1999,658,YMR194W,29,1.49e-54,True,48,1.57e-35,True,12,3.84e-32,True,89,1.49e-54,True
Complex_92,74,0.9012,0.1999,740,YNR053C,29,1.49e-54,True,48,1.57e-35,True,12,3.84e-32,True,89,1.49e-54,True
Complex_92,74,0.9012,0.1999,705,YNL178W,29,1.49e-54,True,48,1.57e-35,True,12,3.84e-32,True,89,1.49e-54,True
Complex_92,74,0.9012,0.1999,533,YLL008W,29,1.49e-54,True,48,1.57e-35,True,12,3.84e-32,True,89,1.49e-54,True
Complex_92,74,0.9012,0.1999,867,YPR016C,29,1.49e-54,True,48,1.57e-35,True,12,3.84e-32,True,89,1.49e-54,True
Complex_92,74,0.9012,0.1999,539,YLR002C,29,1.49e-54,True,48,1.57e-35,True,12,3.84e-32,True,89,1.49e-54,True
Complex_92,74,0.9012,0.1999,366,YGR245C,29,1.49e-54,True,48,1.57e-35,True,12,3.84e-32,True,89,1.49e-54,True
Complex_92,74,0.9012,0.1999,150,YDR101C,29,1.49e-54,True,48,1.57e-35,True,12,3.84e-32,True,89,1.49e-54,True
Complex_92,74,0.9012,0.1999,495,YKL009W,29,1.49e-54,True,48,1.57e-35,True,12,3.84e-32,True,89,1.49e-54,True
Complex_92,74,0.9012,0.1999,683,YNL061W,29,1.49e-54,True,48,1.57e-35,True,12,3.84e-32,True,89,1.49e-54,True
Complex_92,74,0.9012,0.1999,854,YPL211W,29,1.49e-54,True,48,1.57e-35,True,12,3.84e-32,True,89,1.49e-54,True
Complex_92,74,0.9012,0.1999,338,YGR103W,29,1.49e-54,True,48,1.57e-35,True,12,3.84e-32,True,89,1.49e-54,True
Complex_92,74,0.9012,0.1999,837,YPL093W,29,1.49e-54,True,48,1.57e-35,True,12,3.84e-32,True,89,1.49e-54,True
Complex_92,74,0.9012,0.1999,609,YLR441C,29,1.49e-54,True,48,1.57e-35,True,12,3.84e-32,True,89,1.49e-54,True
Complex_92,74,0.9012,0.1999,706,YNL182C,29,1.49e-54,True,48,1.57e-35,True,12,3.84e-32,True,89,1.49e-54,True
Complex_92,74,0.9012,0.1999,416,YHR197W,29,1.49e-54,True,48,1.57e-35,True,12,3.84e-32,True,89,1.49e-54,True
Complex_92,74,0.9012,0.1999,246,YER126C,29,1.49e-54,True,48,1.57e-35,True,12,3.84e-32,True,89,1.49e-54,True
Complex_92,74,0.9012,0.1999,808,YOR272W,29,1.49e-54,True,48,1.57e-35,True,12,3.84e-32,True,89,1.49e-54,True
Complex_92,74,0.9012,0.1999,297,YGL111W,29,1.49e-54,True,48,1.57e-35,True,12,3.84e-32,True,89,1.49e-54,True
Complex_92,74,0.9012,0.1999,670,YMR290C,29,1.49e-54,True,48,1.57e-35,True,12,3.84e-32,True,89,1.49e-54,True
Complex_92,74,0.9012,0.1999,258,YFL002C,29,1.49e-54,True,48,1.57e-35,True,12,3.84e-32,True,89,1.49e-54,True
Complex_92,74,0.9012,0.1999,642,YMR049C,29,1.49e-54,True,48,1.57e-35,True,12,3.84e-32,True,89,1.49e-54,True
Complex_92,74,0.9012,0.1999,529,YKR081C,29,1.49e-54,True,48,1.57e-35,True,12,3.84e-32,True,89,1.49e-54,True
Complex_92,74,0.9012,0.1999,755,YOL077C,29,1.49e-54,True,48,1.57e-35,True,12,3.84e-32,True,89,1.49e-54,True
Complex_92,74,0.9012,0.1999,796,YOR206W,29,1.49e-54,True,48,1.57e-35,True,12,3.84e-32,True,89,1.49e-54,True
Complex_92,74,0.9012,0.1999,215,YDR496C,29,1.49e-54,True,48,1.57e-35,True,12,3.84e-32,True,89,1.49e-54,True
Complex_92,74,0.9012,0.1999,388,YHR052W,29,1.49e-54,True,48,1.57e-35,True,12,3.84e-32,True,89,1.49e-54,True
Complex_92,74,0.9012,0.1999,147,YDR087C,29,1.49e-54,True,48,1.57e-35,True,12,3.84e-32,True,89,1.49e-54,True
Complex_92,74,0.9012,0.1999,694,YNL110C,29,1.49e-54,True,48,1.57e-35,True,12,3.84e-32,True,89,1.49e-54,True
Complex_92,74,0.9012,0.1999,111,YDL075W,29,1.49e-54,True,48,1.57e-35,True,12,3.84e-32,True,89,1.49e-54,True
Complex_92,74,0.9012,0.1999,604,YLR432W,29,1.49e-54,True,48,1.57e-35,True,12,3.84e-32,True,89,1.49e-54,True
Complex_92,74,0.9012,0.1999,59,YBR191W,29,1.49e-54,True,48,1.57e-35,True,12,3.84e-32,True,89,1.49e-54,True
Complex_92,74,0.9012,0.1999,136,YDR012W,29,1.49e-54,True,48,1.57e-35,True,12,3.84e-32,True,89,1.49e-54,True
Complex_92,74,0.9012,0.1999,267,YFR001W,29,1.49e-54,True,48,1.57e-35,True,12,3.84e-32,True,89,1.49e-54,True
Complex_92,74,0.9012,0.1999,584,YLR325C,29,1.49e-54,True,48,1.57e-35,True,12,3.84e-32,True,89,1.49e-54,True
Complex_92,74,0.9012,0.1999,587,YLR340W,29,1.49e-54,True,48,1.57e-35,True,12,3.84e-32,True,89,1.49e-54,True
Complex_92,74,0.9012,0.1999,829,YPL043W,29,1.49e-54,True,48,1.57e-35,True,12,3.84e-32,True,89,1.49e-54,True
Complex_92,74,0.9012,0.1999,574,YLR276C,29,1.49e-54,True,48,1.57e-35,True,12,3.84e-32,True,89,1.49e-54,True
Complex_92,74,0.9012,0.1999,51,YBR142W,29,1.49e-54,True,48,1.57e-35,True,12,3.84e-32,True,89,1.49e-54,True
Complex_92,74,0.9012,0.1999,577,YLR287C-A,29,1.49e-54,True,48,1.57e-35,True,12,3.84e-32,True,89,1.49e-54,True
Complex_92,74,0.9012,0.1999,142,YDR060W,29,1.49e-54,True,48,1.57e-35,True,12,3.84e-32,True,89,1.49e-54,True
Complex_92,74,0.9012,0.1999,597,YLR406C,29,1.49e-54,True,48,1.57e-35,True,12,3.84e-32,True,89,1.49e-54,True
Complex_92,74,0.9012,0.1999,620,YML056C,29,1.49e-54,True,48,1.57e-35,True,12,3.84e-32,True,89,1.49e-54,True
Complex_92,74,0.9012,0.1999,611,YLR449W,29,1.49e-54,True,48,1.57e-35,True,12,3.84e-32,True,89,1.49e-54,True
Complex_92,74,0.9012,0.1999,469,YJL191W,29,1.49e-54,True,48,1.57e-35,True,12,3.84e-32,True,89,1.49e-54,True
Complex_92,74,0.9012,0.1999,395,YHR088W,29,1.49e-54,True,48,1.57e-35,True,12,3.84e-32,True,89,1.49e-54,True
Complex_92,74,0.9012,0.1999,512,YKL172W,29,1.49e-54,True,48,1.57e-35,True,12,3.84e-32,True,89,1.49e-54,True
Complex_92,74,0.9012,0.1999,728,YNL301C,29,1.49e-54,True,48,1.57e-35,True,12,3.84e-32,True,89,1.49e-54,True
Complex_93,51,0.9012,0.1791,604,YLR432W,21,2.08e-36,True,35,6.58e-25,True,6,4.18e-21,True,62,2.08e-36,True
Complex_93,51,0.9012,0.1791,851,YPL198W,21,2.08e-36,True,35,6.58e-25,True,6,4.18e-21,True,62,2.08e-36,True
Complex_93,51,0.9012,0.1791,620,YML056C,21,2.08e-36,True,35,6.58e-25,True,6,4.18e-21,True,62,2.08e-36,True
Complex_93,51,0.9012,0.1791,289,YGL076C,21,2.08e-36,True,35,6.58e-25,True,6,4.18e-21,True,62,2.08e-36,True
Complex_93,51,0.9012,0.1791,228,YER006W,21,2.08e-36,True,35,6.58e-25,True,6,4.18e-21,True,62,2.08e-36,True
Complex_93,51,0.9012,0.1791,495,YKL009W,21,2.08e-36,True,35,6.58e-25,True,6,4.18e-21,True,62,2.08e-36,True
Complex_93,51,0.9012,0.1791,683,YNL061W,21,2.08e-36,True,35,6.58e-25,True,6,4.18e-21,True,62,2.08e-36,True
Complex_93,51,0.9012,0.1791,533,YLL008W,21,2.08e-36,True,35,6.58e-25,True,6,4.18e-21,True,62,2.08e-36,True
Complex_93,51,0.9012,0.1791,837,YPL093W,21,2.08e-36,True,35,6.58e-25,True,6,4.18e-21,True,62,2.08e-36,True
Complex_93,51,0.9012,0.1791,539,YLR002C,21,2.08e-36,True,35,6.58e-25,True,6,4.18e-21,True,62,2.08e-36,True
Complex_93,51,0.9012,0.1791,854,YPL211W,21,2.08e-36,True,35,6.58e-25,True,6,4.18e-21,True,62,2.08e-36,True
Complex_93,51,0.9012,0.1791,297,YGL111W,21,2.08e-36,True,35,6.58e-25,True,6,4.18e-21,True,62,2.08e-36,True
Complex_93,51,0.9012,0.1791,808,YOR272W,21,2.08e-36,True,35,6.58e-25,True,6,4.18e-21,True,62,2.08e-36,True
Complex_93,51,0.9012,0.1791,338,YGR103W,21,2.08e-36,True,35,6.58e-25,True,6,4.18e-21,True,62,2.08e-36,True
Complex_93,51,0.9012,0.1791,755,YOL077C,21,2.08e-36,True,35,6.58e-25,True,6,4.18e-21,True,62,2.08e-36,True
Complex_93,51,0.9012,0.1791,670,YMR290C,21,2.08e-36,True,35,6.58e-25,True,6,4.18e-21,True,62,2.08e-36,True
Complex_93,51,0.9012,0.1791,529,YKR081C,21,2.08e-36,True,35,6.58e-25,True,6,4.18e-21,True,62,2.08e-36,True
Complex_93,51,0.9012,0.1791,796,YOR206W,21,2.08e-36,True,35,6.58e-25,True,6,4.18e-21,True,62,2.08e-36,True
Complex_93,51,0.9012,0.1791,861,YPL249C-A,21,2.08e-36,True,35,6.58e-25,True,6,4.18e-21,True,62,2.08e-36,True
Complex_93,51,0.9012,0.1791,215,YDR496C,21,2.08e-36,True,35,6.58e-25,True,6,4.18e-21,True,62,2.08e-36,True
Complex_93,51,0.9012,0.1791,611,YLR449W,21,2.08e-36,True,35,6.58e-25,True,6,4.18e-21,True,62,2.08e-36,True
Complex_93,51,0.9012,0.1791,142,YDR060W,21,2.08e-36,True,35,6.58e-25,True,6,4.18e-21,True,62,2.08e-36,True
Complex_93,51,0.9012,0.1791,538,YLL045C,21,2.08e-36,True,35,6.58e-25,True,6,4.18e-21,True,62,2.08e-36,True
Complex_93,51,0.9012,0.1791,100,YDL031W,21,2.08e-36,True,35,6.58e-25,True,6,4.18e-21,True,62,2.08e-36,True
Complex_93,51,0.9012,0.1791,829,YPL043W,21,2.08e-36,True,35,6.58e-25,True,6,4.18e-21,True,62,2.08e-36,True
Complex_93,51,0.9012,0.1791,51,YBR142W,21,2.08e-36,True,35,6.58e-25,True,6,4.18e-21,True,62,2.08e-36,True
Complex_93,51,0.9012,0.1791,15,YAR075W,21,2.08e-36,True,35,6.58e-25,True,6,4.18e-21,True,62,2.08e-36,True
Complex_93,51,0.9012,0.1791,546,YLR075W,21,2.08e-36,True,35,6.58e-25,True,6,4.18e-21,True,62,2.08e-36,True
Complex_93,51,0.9012,0.1791,395,YHR088W,21,2.08e-36,True,35,6.58e-25,True,6,4.18e-21,True,62,2.08e-36,True
Complex_93,51,0.9012,0.1791,751,YOL041C,21,2.08e-36,True,35,6.58e-25,True,6,4.18e-21,True,62,2.08e-36,True
Complex_93,51,0.9012,0.1791,775,YOR063W,21,2.08e-36,True,35,6.58e-25,True,6,4.18e-21,True,62,2.08e-36,True
Complex_93,51,0.9012,0.1791,334,YGR085C,21,2.08e-36,True,35,6.58e-25,True,6,4.18e-21,True,62,2.08e-36,True
Complex_93,51,0.9012,0.1791,627,YML073C,21,2.08e-36,True,35,6.58e-25,True,6,4.18e-21,True,62,2.08e-36,True
Complex_93,51,0.9012,0.1791,295,YGL103W,21,2.08e-36,True,35,6.58e-25,True,6,4.18e-21,True,62,2.08e-36,True
Complex_93,51,0.9012,0.1791,136,YDR012W,21,2.08e-36,True,35,6.58e-25,True,6,4.18e-21,True,62,2.08e-36,True
Complex_93,51,0.9012,0.1791,282,YGL030W,21,2.08e-36,True,35,6.58e-25,True,6,4.18e-21,True,62,2.08e-36,True
Complex_93,51,0.9012,0.1791,113,YDL082W,21,2.08e-36,True,35,6.58e-25,True,6,4.18e-21,True,62,2.08e-36,True
Complex_93,51,0.9012,0.1791,211,YDR471W,21,2.08e-36,True,35,6.58e-25,True,6,4.18e-21,True,62,2.08e-36,True
Complex_93,51,0.9012,0.1791,658,YMR194W,21,2.08e-36,True,35,6.58e-25,True,6,4.18e-21,True,62,2.08e-36,True
Complex_93,51,0.9012,0.1791,761,YOL127W,21,2.08e-36,True,35,6.58e-25,True,6,4.18e-21,True,62,2.08e-36,True
Complex_93,51,0.9012,0.1791,111,YDL075W,21,2.08e-36,True,35,6.58e-25,True,6,4.18e-21,True,62,2.08e-36,True
Complex_93,51,0.9012,0.1791,705,YNL178W,21,2.08e-36,True,35,6.58e-25,True,6,4.18e-21,True,62,2.08e-36,True
Complex_93,51,0.9012,0.1791,652,YMR142C,21,2.08e-36,True,35,6.58e-25,True,6,4.18e-21,True,62,2.08e-36,True
Complex_93,51,0.9012,0.1791,237,YER074W,21,2.08e-36,True,35,6.58e-25,True,6,4.18e-21,True,62,2.08e-36,True
Complex_93,51,0.9012,0.1791,728,YNL301C,21,2.08e-36,True,35,6.58e-25,True,6,4.18e-21,True,62,2.08e-36,True
Complex_93,51,0.9012,0.1791,14,YAR073W,21,2.08e-36,True,35,6.58e-25,True,6,4.18e-21,True,62,2.08e-36,True
Complex_93,51,0.9012,0.1791,375,YHL001W,21,2.08e-36,True,35,6.58e-25,True,6,4.18e-21,True,62,2.08e-36,True
Complex_93,51,0.9012,0.1791,306,YGL147C,21,2.08e-36,True,35,6.58e-25,True,6,4.18e-21,True,62,2.08e-36,True
Complex_93,51,0.9012,0.1791,609,YLR441C,21,2.08e-36,True,35,6.58e-25,True,6,4.18e-21,True,62,2.08e-36,True
Complex_93,51,0.9012,0.1791,610,YLR448W,21,2.08e-36,True,35,6.58e-25,True,6,4.18e-21,True,62,2.08e-36,True
Complex_93,51,0.9012,0.1791,274,YFR031C-A,21,2.08e-36,True,35,6.58e-25,True,6,4.18e-21,True,62,2.08e-36,True
Complex_94,75,0.9011,0.16,775,YOR063W,29,3.06e-50,True,48,2.60e-37,True,14,7.01e-29,True,91,3.06e-50,True
Complex_94,75,0.9011,0.16,761,YOL127W,29,3.06e-50,True,48,2.60e-37,True,14,7.01e-29,True,91,3.06e-50,True
Complex_94,75,0.9011,0.16,538,YLL045C,29,3.06e-50,True,48,2.60e-37,True,14,7.01e-29,True,91,3.06e-50,True
Complex_94,75,0.9011,0.16,609,YLR441C,29,3.06e-50,True,48,2.60e-37,True,14,7.01e-29,True,91,3.06e-50,True
Complex_94,75,0.9011,0.16,778,YOR096W,29,3.06e-50,True,48,2.60e-37,True,14,7.01e-29,True,91,3.06e-50,True
Complex_94,75,0.9011,0.16,667,YMR242C,29,3.06e-50,True,48,2.60e-37,True,14,7.01e-29,True,91,3.06e-50,True
Complex_94,75,0.9011,0.16,334,YGR085C,29,3.06e-50,True,48,2.60e-37,True,14,7.01e-29,True,91,3.06e-50,True
Complex_94,75,0.9011,0.16,211,YDR471W,29,3.06e-50,True,48,2.60e-37,True,14,7.01e-29,True,91,3.06e-50,True
Complex_94,75,0.9011,0.16,622,YML063W,29,3.06e-50,True,48,2.60e-37,True,14,7.01e-29,True,91,3.06e-50,True
Complex_94,75,0.9011,0.16,627,YML073C,29,3.06e-50,True,48,2.60e-37,True,14,7.01e-29,True,91,3.06e-50,True
Complex_94,75,0.9011,0.16,274,YFR031C-A,29,3.06e-50,True,48,2.60e-37,True,14,7.01e-29,True,91,3.06e-50,True
Complex_94,75,0.9011,0.16,295,YGL103W,29,3.06e-50,True,48,2.60e-37,True,14,7.01e-29,True,91,3.06e-50,True
Complex_94,75,0.9011,0.16,113,YDL082W,29,3.06e-50,True,48,2.60e-37,True,14,7.01e-29,True,91,3.06e-50,True
Complex_94,75,0.9011,0.16,685,YNL069C,29,3.06e-50,True,48,2.60e-37,True,14,7.01e-29,True,91,3.06e-50,True
Complex_94,75,0.9011,0.16,492,YJR145C,29,3.06e-50,True,48,2.60e-37,True,14,7.01e-29,True,91,3.06e-50,True
Complex_94,75,0.9011,0.16,857,YPL220W,29,3.06e-50,True,48,2.60e-37,True,14,7.01e-29,True,91,3.06e-50,True
Complex_94,75,0.9011,0.16,490,YJR123W,29,3.06e-50,True,48,2.60e-37,True,14,7.01e-29,True,91,3.06e-50,True
Complex_94,75,0.9011,0.16,381,YHL033C,29,3.06e-50,True,48,2.60e-37,True,14,7.01e-29,True,91,3.06e-50,True
Complex_94,75,0.9011,0.16,289,YGL076C,29,3.06e-50,True,48,2.60e-37,True,14,7.01e-29,True,91,3.06e-50,True
Complex_94,75,0.9011,0.16,676,YNL002C,29,3.06e-50,True,48,2.60e-37,True,14,7.01e-29,True,91,3.06e-50,True
Complex_94,75,0.9011,0.16,228,YER006W,29,3.06e-50,True,48,2.60e-37,True,14,7.01e-29,True,91,3.06e-50,True
Complex_94,75,0.9011,0.16,237,YER074W,29,3.06e-50,True,48,2.60e-37,True,14,7.01e-29,True,91,3.06e-50,True
Complex_94,75,0.9011,0.16,658,YMR194W,29,3.06e-50,True,48,2.60e-37,True,14,7.01e-29,True,91,3.06e-50,True
Complex_94,75,0.9011,0.16,861,YPL249C-A,29,3.06e-50,True,48,2.60e-37,True,14,7.01e-29,True,91,3.06e-50,True
Complex_94,75,0.9011,0.16,740,YNR053C,29,3.06e-50,True,48,2.60e-37,True,14,7.01e-29,True,91,3.06e-50,True
Complex_94,75,0.9011,0.16,282,YGL030W,29,3.06e-50,True,48,2.60e-37,True,14,7.01e-29,True,91,3.06e-50,True
Complex_94,75,0.9011,0.16,83,YCR031C,29,3.06e-50,True,48,2.60e-37,True,14,7.01e-29,True,91,3.06e-50,True
Complex_94,75,0.9011,0.16,705,YNL178W,29,3.06e-50,True,48,2.60e-37,True,14,7.01e-29,True,91,3.06e-50,True
Complex_94,75,0.9011,0.16,533,YLL008W,29,3.06e-50,True,48,2.60e-37,True,14,7.01e-29,True,91,3.06e-50,True
Complex_94,75,0.9011,0.16,867,YPR016C,29,3.06e-50,True,48,2.60e-37,True,14,7.01e-29,True,91,3.06e-50,True
Complex_94,75,0.9011,0.16,150,YDR101C,29,3.06e-50,True,48,2.60e-37,True,14,7.01e-29,True,91,3.06e-50,True
Complex_94,75,0.9011,0.16,539,YLR002C,29,3.06e-50,True,48,2.60e-37,True,14,7.01e-29,True,91,3.06e-50,True
Complex_94,75,0.9011,0.16,366,YGR245C,29,3.06e-50,True,48,2.60e-37,True,14,7.01e-29,True,91,3.06e-50,True
Complex_94,75,0.9011,0.16,495,YKL009W,29,3.06e-50,True,48,2.60e-37,True,14,7.01e-29,True,91,3.06e-50,True
Complex_94,75,0.9011,0.16,683,YNL061W,29,3.06e-50,True,48,2.60e-37,True,14,7.01e-29,True,91,3.06e-50,True
Complex_94,75,0.9011,0.16,854,YPL211W,29,3.06e-50,True,48,2.60e-37,True,14,7.01e-29,True,91,3.06e-50,True
Complex_94,75,0.9011,0.16,338,YGR103W,29,3.06e-50,True,48,2.60e-37,True,14,7.01e-29,True,91,3.06e-50,True
Complex_94,75,0.9011,0.16,837,YPL093W,29,3.06e-50,True,48,2.60e-37,True,14,7.01e-29,True,91,3.06e-50,True
Complex_94,75,0.9011,0.16,706,YNL182C,29,3.06e-50,True,48,2.60e-37,True,14,7.01e-29,True,91,3.06e-50,True
Complex_94,75,0.9011,0.16,416,YHR197W,29,3.06e-50,True,48,2.60e-37,True,14,7.01e-29,True,91,3.06e-50,True
Complex_94,75,0.9011,0.16,246,YER126C,29,3.06e-50,True,48,2.60e-37,True,14,7.01e-29,True,91,3.06e-50,True
Complex_94,75,0.9011,0.16,808,YOR272W,29,3.06e-50,True,48,2.60e-37,True,14,7.01e-29,True,91,3.06e-50,True
Complex_94,75,0.9011,0.16,297,YGL111W,29,3.06e-50,True,48,2.60e-37,True,14,7.01e-29,True,91,3.06e-50,True
Complex_94,75,0.9011,0.16,670,YMR290C,29,3.06e-50,True,48,2.60e-37,True,14,7.01e-29,True,91,3.06e-50,True
Complex_94,75,0.9011,0.16,258,YFL002C,29,3.06e-50,True,48,2.60e-37,True,14,7.01e-29,True,91,3.06e-50,True
Complex_94,75,0.9011,0.16,642,YMR049C,29,3.06e-50,True,48,2.60e-37,True,14,7.01e-29,True,91,3.06e-50,True
Complex_94,75,0.9011,0.16,529,YKR081C,29,3.06e-50,True,48,2.60e-37,True,14,7.01e-29,True,91,3.06e-50,True
Complex_94,75,0.9011,0.16,755,YOL077C,29,3.06e-50,True,48,2.60e-37,True,14,7.01e-29,True,91,3.06e-50,True
Complex_94,75,0.9011,0.16,215,YDR496C,29,3.06e-50,True,48,2.60e-37,True,14,7.01e-29,True,91,3.06e-50,True
Complex_94,75,0.9011,0.16,388,YHR052W,29,3.06e-50,True,48,2.60e-37,True,14,7.01e-29,True,91,3.06e-50,True
Complex_94,75,0.9011,0.16,796,YOR206W,29,3.06e-50,True,48,2.60e-37,True,14,7.01e-29,True,91,3.06e-50,True
Complex_94,75,0.9011,0.16,318,YGL246C,29,3.06e-50,True,48,2.60e-37,True,14,7.01e-29,True,91,3.06e-50,True
Complex_94,75,0.9011,0.16,546,YLR075W,29,3.06e-50,True,48,2.60e-37,True,14,7.01e-29,True,91,3.06e-50,True
Complex_94,75,0.9011,0.16,147,YDR087C,29,3.06e-50,True,48,2.60e-37,True,14,7.01e-29,True,91,3.06e-50,True
Complex_94,75,0.9011,0.16,694,YNL110C,29,3.06e-50,True,48,2.60e-37,True,14,7.01e-29,True,91,3.06e-50,True
Complex_94,75,0.9011,0.16,346,YGR156W,29,3.06e-50,True,48,2.60e-37,True,14,7.01e-29,True,91,3.06e-50,True
Complex_94,75,0.9011,0.16,111,YDL075W,29,3.06e-50,True,48,2.60e-37,True,14,7.01e-29,True,91,3.06e-50,True
Complex_94,75,0.9011,0.16,604,YLR432W,29,3.06e-50,True,48,2.60e-37,True,14,7.01e-29,True,91,3.06e-50,True
Complex_94,75,0.9011,0.16,59,YBR191W,29,3.06e-50,True,48,2.60e-37,True,14,7.01e-29,True,91,3.06e-50,True
Complex_94,75,0.9011,0.16,267,YFR001W,29,3.06e-50,True,48,2.60e-37,True,14,7.01e-29,True,91,3.06e-50,True
Complex_94,75,0.9011,0.16,584,YLR325C,29,3.06e-50,True,48,2.60e-37,True,14,7.01e-29,True,91,3.06e-50,True
Complex_94,75,0.9011,0.16,620,YML056C,29,3.06e-50,True,48,2.60e-37,True,14,7.01e-29,True,91,3.06e-50,True
Complex_94,75,0.9011,0.16,574,YLR276C,29,3.06e-50,True,48,2.60e-37,True,14,7.01e-29,True,91,3.06e-50,True
Complex_94,75,0.9011,0.16,469,YJL191W,29,3.06e-50,True,48,2.60e-37,True,14,7.01e-29,True,91,3.06e-50,True
Complex_94,75,0.9011,0.16,829,YPL043W,29,3.06e-50,True,48,2.60e-37,True,14,7.01e-29,True,91,3.06e-50,True
Complex_94,75,0.9011,0.16,136,YDR012W,29,3.06e-50,True,48,2.60e-37,True,14,7.01e-29,True,91,3.06e-50,True
Complex_94,75,0.9011,0.16,577,YLR287C-A,29,3.06e-50,True,48,2.60e-37,True,14,7.01e-29,True,91,3.06e-50,True
Complex_94,75,0.9011,0.16,395,YHR088W,29,3.06e-50,True,48,2.60e-37,True,14,7.01e-29,True,91,3.06e-50,True
Complex_94,75,0.9011,0.16,42,YBR079C,29,3.06e-50,True,48,2.60e-37,True,14,7.01e-29,True,91,3.06e-50,True
Complex_94,75,0.9011,0.16,148,YDR091C,29,3.06e-50,True,48,2.60e-37,True,14,7.01e-29,True,91,3.06e-50,True
Complex_94,75,0.9011,0.16,51,YBR142W,29,3.06e-50,True,48,2.60e-37,True,14,7.01e-29,True,91,3.06e-50,True
Complex_94,75,0.9011,0.16,142,YDR060W,29,3.06e-50,True,48,2.60e-37,True,14,7.01e-29,True,91,3.06e-50,True
Complex_94,75,0.9011,0.16,611,YLR449W,29,3.06e-50,True,48,2.60e-37,True,14,7.01e-29,True,91,3.06e-50,True
Complex_94,75,0.9011,0.16,587,YLR340W,29,3.06e-50,True,48,2.60e-37,True,14,7.01e-29,True,91,3.06e-50,True
Complex_94,75,0.9011,0.16,728,YNL301C,29,3.06e-50,True,48,2.60e-37,True,14,7.01e-29,True,91,3.06e-50,True
Complex_95,61,0.901,0.3167,587,YLR340W,25,2.02e-57,True,42,3.04e-43,True,9,6.19e-40,True,76,2.02e-57,True
Complex_95,61,0.901,0.3167,334,YGR085C,25,2.02e-57,True,42,3.04e-43,True,9,6.19e-40,True,76,2.02e-57,True
Complex_95,61,0.901,0.3167,622,YML063W,25,2.02e-57,True,42,3.04e-43,True,9,6.19e-40,True,76,2.02e-57,True
Complex_95,61,0.901,0.3167,513,YKL180W,25,2.02e-57,True,42,3.04e-43,True,9,6.19e-40,True,76,2.02e-57,True
Complex_95,61,0.901,0.3167,658,YMR194W,25,2.02e-57,True,42,3.04e-43,True,9,6.19e-40,True,76,2.02e-57,True
Complex_95,61,0.901,0.3167,490,YJR123W,25,2.02e-57,True,42,3.04e-43,True,9,6.19e-40,True,76,2.02e-57,True
Complex_95,61,0.901,0.3167,667,YMR242C,25,2.02e-57,True,42,3.04e-43,True,9,6.19e-40,True,76,2.02e-57,True
Complex_95,61,0.901,0.3167,627,YML073C,25,2.02e-57,True,42,3.04e-43,True,9,6.19e-40,True,76,2.02e-57,True
Complex_95,61,0.901,0.3167,761,YOL127W,25,2.02e-57,True,42,3.04e-43,True,9,6.19e-40,True,76,2.02e-57,True
Complex_95,61,0.901,0.3167,274,YFR031C-A,25,2.02e-57,True,42,3.04e-43,True,9,6.19e-40,True,76,2.02e-57,True
Complex_95,61,0.901,0.3167,463,YJL177W,25,2.02e-57,True,42,3.04e-43,True,9,6.19e-40,True,76,2.02e-57,True
Complex_95,61,0.901,0.3167,610,YLR448W,25,2.02e-57,True,42,3.04e-43,True,9,6.19e-40,True,76,2.02e-57,True
Complex_95,61,0.901,0.3167,295,YGL103W,25,2.02e-57,True,42,3.04e-43,True,9,6.19e-40,True,76,2.02e-57,True
Complex_95,61,0.901,0.3167,113,YDL082W,25,2.02e-57,True,42,3.04e-43,True,9,6.19e-40,True,76,2.02e-57,True
Complex_95,61,0.901,0.3167,685,YNL069C,25,2.02e-57,True,42,3.04e-43,True,9,6.19e-40,True,76,2.02e-57,True
Complex_95,61,0.901,0.3167,434,YIL133C,25,2.02e-57,True,42,3.04e-43,True,9,6.19e-40,True,76,2.02e-57,True
Complex_95,61,0.901,0.3167,202,YDR418W,25,2.02e-57,True,42,3.04e-43,True,9,6.19e-40,True,76,2.02e-57,True
Complex_95,61,0.901,0.3167,136,YDR012W,25,2.02e-57,True,42,3.04e-43,True,9,6.19e-40,True,76,2.02e-57,True
Complex_95,61,0.901,0.3167,196,YDR382W,25,2.02e-57,True,42,3.04e-43,True,9,6.19e-40,True,76,2.02e-57,True
Complex_95,61,0.901,0.3167,111,YDL075W,25,2.02e-57,True,42,3.04e-43,True,9,6.19e-40,True,76,2.02e-57,True
Complex_95,61,0.901,0.3167,237,YER074W,25,2.02e-57,True,42,3.04e-43,True,9,6.19e-40,True,76,2.02e-57,True
Complex_95,61,0.901,0.3167,538,YLL045C,25,2.02e-57,True,42,3.04e-43,True,9,6.19e-40,True,76,2.02e-57,True
Complex_95,61,0.901,0.3167,289,YGL076C,25,2.02e-57,True,42,3.04e-43,True,9,6.19e-40,True,76,2.02e-57,True
Complex_95,61,0.901,0.3167,676,YNL002C,25,2.02e-57,True,42,3.04e-43,True,9,6.19e-40,True,76,2.02e-57,True
Complex_95,61,0.901,0.3167,211,YDR471W,25,2.02e-57,True,42,3.04e-43,True,9,6.19e-40,True,76,2.02e-57,True
Complex_95,61,0.901,0.3167,228,YER006W,25,2.02e-57,True,42,3.04e-43,True,9,6.19e-40,True,76,2.02e-57,True
Complex_95,61,0.901,0.3167,775,YOR063W,25,2.02e-57,True,42,3.04e-43,True,9,6.19e-40,True,76,2.02e-57,True
Complex_95,61,0.901,0.3167,861,YPL249C-A,25,2.02e-57,True,42,3.04e-43,True,9,6.19e-40,True,76,2.02e-57,True
Complex_95,61,0.901,0.3167,740,YNR053C,25,2.02e-57,True,42,3.04e-43,True,9,6.19e-40,True,76,2.02e-57,True
Complex_95,61,0.901,0.3167,533,YLL008W,25,2.02e-57,True,42,3.04e-43,True,9,6.19e-40,True,76,2.02e-57,True
Complex_95,61,0.901,0.3167,282,YGL030W,25,2.02e-57,True,42,3.04e-43,True,9,6.19e-40,True,76,2.02e-57,True
Complex_95,61,0.901,0.3167,867,YPR016C,25,2.02e-57,True,42,3.04e-43,True,9,6.19e-40,True,76,2.02e-57,True
Complex_95,61,0.901,0.3167,539,YLR002C,25,2.02e-57,True,42,3.04e-43,True,9,6.19e-40,True,76,2.02e-57,True
Complex_95,61,0.901,0.3167,83,YCR031C,25,2.02e-57,True,42,3.04e-43,True,9,6.19e-40,True,76,2.02e-57,True
Complex_95,61,0.901,0.3167,705,YNL178W,25,2.02e-57,True,42,3.04e-43,True,9,6.19e-40,True,76,2.02e-57,True
Complex_95,61,0.901,0.3167,150,YDR101C,25,2.02e-57,True,42,3.04e-43,True,9,6.19e-40,True,76,2.02e-57,True
Complex_95,61,0.901,0.3167,683,YNL061W,25,2.02e-57,True,42,3.04e-43,True,9,6.19e-40,True,76,2.02e-57,True
Complex_95,61,0.901,0.3167,609,YLR441C,25,2.02e-57,True,42,3.04e-43,True,9,6.19e-40,True,76,2.02e-57,True
Complex_95,61,0.901,0.3167,854,YPL211W,25,2.02e-57,True,42,3.04e-43,True,9,6.19e-40,True,76,2.02e-57,True
Complex_95,61,0.901,0.3167,338,YGR103W,25,2.02e-57,True,42,3.04e-43,True,9,6.19e-40,True,76,2.02e-57,True
Complex_95,61,0.901,0.3167,837,YPL093W,25,2.02e-57,True,42,3.04e-43,True,9,6.19e-40,True,76,2.02e-57,True
Complex_95,61,0.901,0.3167,416,YHR197W,25,2.02e-57,True,42,3.04e-43,True,9,6.19e-40,True,76,2.02e-57,True
Complex_95,61,0.901,0.3167,529,YKR081C,25,2.02e-57,True,42,3.04e-43,True,9,6.19e-40,True,76,2.02e-57,True
Complex_95,61,0.901,0.3167,375,YHL001W,25,2.02e-57,True,42,3.04e-43,True,9,6.19e-40,True,76,2.02e-57,True
Complex_95,61,0.901,0.3167,808,YOR272W,25,2.02e-57,True,42,3.04e-43,True,9,6.19e-40,True,76,2.02e-57,True
Complex_95,61,0.901,0.3167,796,YOR206W,25,2.02e-57,True,42,3.04e-43,True,9,6.19e-40,True,76,2.02e-57,True
Complex_95,61,0.901,0.3167,642,YMR049C,25,2.02e-57,True,42,3.04e-43,True,9,6.19e-40,True,76,2.02e-57,True
Complex_95,61,0.901,0.3167,728,YNL301C,25,2.02e-57,True,42,3.04e-43,True,9,6.19e-40,True,76,2.02e-57,True
Complex_95,61,0.901,0.3167,297,YGL111W,25,2.02e-57,True,42,3.04e-43,True,9,6.19e-40,True,76,2.02e-57,True
Complex_95,61,0.901,0.3167,546,YLR075W,25,2.02e-57,True,42,3.04e-43,True,9,6.19e-40,True,76,2.02e-57,True
Complex_95,61,0.901,0.3167,59,YBR191W,25,2.02e-57,True,42,3.04e-43,True,9,6.19e-40,True,76,2.02e-57,True
Complex_95,61,0.901,0.3167,258,YFL002C,25,2.02e-57,True,42,3.04e-43,True,9,6.19e-40,True,76,2.02e-57,True
Complex_95,61,0.901,0.3167,670,YMR290C,25,2.02e-57,True,42,3.04e-43,True,9,6.19e-40,True,76,2.02e-57,True
Complex_95,61,0.901,0.3167,306,YGL147C,25,2.02e-57,True,42,3.04e-43,True,9,6.19e-40,True,76,2.02e-57,True
Complex_95,61,0.901,0.3167,694,YNL110C,25,2.02e-57,True,42,3.04e-43,True,9,6.19e-40,True,76,2.02e-57,True
Complex_95,61,0.901,0.3167,215,YDR496C,25,2.02e-57,True,42,3.04e-43,True,9,6.19e-40,True,76,2.02e-57,True
Complex_95,61,0.901,0.3167,37,YBR031W,25,2.02e-57,True,42,3.04e-43,True,9,6.19e-40,True,76,2.02e-57,True
Complex_95,61,0.901,0.3167,755,YOL077C,25,2.02e-57,True,42,3.04e-43,True,9,6.19e-40,True,76,2.02e-57,True
Complex_95,61,0.901,0.3167,540,YLR029C,25,2.02e-57,True,42,3.04e-43,True,9,6.19e-40,True,76,2.02e-57,True
Complex_95,61,0.901,0.3167,388,YHR052W,25,2.02e-57,True,42,3.04e-43,True,9,6.19e-40,True,76,2.02e-57,True
Complex_95,61,0.901,0.3167,23,YBL027W,25,2.02e-57,True,42,3.04e-43,True,9,6.19e-40,True,76,2.02e-57,True
Complex_96,67,0.9009,0.2208,275,YFR032C-A,26,5.18e-53,True,42,1.13e-35,True,9,1.07e-32,True,77,5.18e-53,True
Complex_96,67,0.9009,0.2208,658,YMR194W,26,5.18e-53,True,42,1.13e-35,True,9,1.07e-32,True,77,5.18e-53,True
Complex_96,67,0.9009,0.2208,295,YGL103W,26,5.18e-53,True,42,1.13e-35,True,9,1.07e-32,True,77,5.18e-53,True
Complex_96,67,0.9009,0.2208,463,YJL177W,26,5.18e-53,True,42,1.13e-35,True,9,1.07e-32,True,77,5.18e-53,True
Complex_96,67,0.9009,0.2208,761,YOL127W,26,5.18e-53,True,42,1.13e-35,True,9,1.07e-32,True,77,5.18e-53,True
Complex_96,67,0.9009,0.2208,23,YBL027W,26,5.18e-53,True,42,1.13e-35,True,9,1.07e-32,True,77,5.18e-53,True
Complex_96,67,0.9009,0.2208,211,YDR471W,26,5.18e-53,True,42,1.13e-35,True,9,1.07e-32,True,77,5.18e-53,True
Complex_96,67,0.9009,0.2208,33,YBL092W,26,5.18e-53,True,42,1.13e-35,True,9,1.07e-32,True,77,5.18e-53,True
Complex_96,67,0.9009,0.2208,283,YGL031C,26,5.18e-53,True,42,1.13e-35,True,9,1.07e-32,True,77,5.18e-53,True
Complex_96,67,0.9009,0.2208,113,YDL082W,26,5.18e-53,True,42,1.13e-35,True,9,1.07e-32,True,77,5.18e-53,True
Complex_96,67,0.9009,0.2208,114,YDL083C,26,5.18e-53,True,42,1.13e-35,True,9,1.07e-32,True,77,5.18e-53,True
Complex_96,67,0.9009,0.2208,334,YGR085C,26,5.18e-53,True,42,1.13e-35,True,9,1.07e-32,True,77,5.18e-53,True
Complex_96,67,0.9009,0.2208,676,YNL002C,26,5.18e-53,True,42,1.13e-35,True,9,1.07e-32,True,77,5.18e-53,True
Complex_96,67,0.9009,0.2208,538,YLL045C,26,5.18e-53,True,42,1.13e-35,True,9,1.07e-32,True,77,5.18e-53,True
Complex_96,67,0.9009,0.2208,228,YER006W,26,5.18e-53,True,42,1.13e-35,True,9,1.07e-32,True,77,5.18e-53,True
Complex_96,67,0.9009,0.2208,289,YGL076C,26,5.18e-53,True,42,1.13e-35,True,9,1.07e-32,True,77,5.18e-53,True
Complex_96,67,0.9009,0.2208,627,YML073C,26,5.18e-53,True,42,1.13e-35,True,9,1.07e-32,True,77,5.18e-53,True
Complex_96,67,0.9009,0.2208,237,YER074W,26,5.18e-53,True,42,1.13e-35,True,9,1.07e-32,True,77,5.18e-53,True
Complex_96,67,0.9009,0.2208,775,YOR063W,26,5.18e-53,True,42,1.13e-35,True,9,1.07e-32,True,77,5.18e-53,True
Complex_96,67,0.9009,0.2208,274,YFR031C-A,26,5.18e-53,True,42,1.13e-35,True,9,1.07e-32,True,77,5.18e-53,True
Complex_96,67,0.9009,0.2208,740,YNR053C,26,5.18e-53,True,42,1.13e-35,True,9,1.07e-32,True,77,5.18e-53,True
Complex_96,67,0.9009,0.2208,861,YPL249C-A,26,5.18e-53,True,42,1.13e-35,True,9,1.07e-32,True,77,5.18e-53,True
Complex_96,67,0.9009,0.2208,533,YLL008W,26,5.18e-53,True,42,1.13e-35,True,9,1.07e-32,True,77,5.18e-53,True
Complex_96,67,0.9009,0.2208,539,YLR002C,26,5.18e-53,True,42,1.13e-35,True,9,1.07e-32,True,77,5.18e-53,True
Complex_96,67,0.9009,0.2208,282,YGL030W,26,5.18e-53,True,42,1.13e-35,True,9,1.07e-32,True,77,5.18e-53,True
Complex_96,67,0.9009,0.2208,867,YPR016C,26,5.18e-53,True,42,1.13e-35,True,9,1.07e-32,True,77,5.18e-53,True
Complex_96,67,0.9009,0.2208,83,YCR031C,26,5.18e-53,True,42,1.13e-35,True,9,1.07e-32,True,77,5.18e-53,True
Complex_96,67,0.9009,0.2208,705,YNL178W,26,5.18e-53,True,42,1.13e-35,True,9,1.07e-32,True,77,5.18e-53,True
Complex_96,67,0.9009,0.2208,150,YDR101C,26,5.18e-53,True,42,1.13e-35,True,9,1.07e-32,True,77,5.18e-53,True
Complex_96,67,0.9009,0.2208,683,YNL061W,26,5.18e-53,True,42,1.13e-35,True,9,1.07e-32,True,77,5.18e-53,True
Complex_96,67,0.9009,0.2208,854,YPL211W,26,5.18e-53,True,42,1.13e-35,True,9,1.07e-32,True,77,5.18e-53,True
Complex_96,67,0.9009,0.2208,338,YGR103W,26,5.18e-53,True,42,1.13e-35,True,9,1.07e-32,True,77,5.18e-53,True
Complex_96,67,0.9009,0.2208,837,YPL093W,26,5.18e-53,True,42,1.13e-35,True,9,1.07e-32,True,77,5.18e-53,True
Complex_96,67,0.9009,0.2208,416,YHR197W,26,5.18e-53,True,42,1.13e-35,True,9,1.07e-32,True,77,5.18e-53,True
Complex_96,67,0.9009,0.2208,808,YOR272W,26,5.18e-53,True,42,1.13e-35,True,9,1.07e-32,True,77,5.18e-53,True
Complex_96,67,0.9009,0.2208,297,YGL111W,26,5.18e-53,True,42,1.13e-35,True,9,1.07e-32,True,77,5.18e-53,True
Complex_96,67,0.9009,0.2208,670,YMR290C,26,5.18e-53,True,42,1.13e-35,True,9,1.07e-32,True,77,5.18e-53,True
Complex_96,67,0.9009,0.2208,258,YFL002C,26,5.18e-53,True,42,1.13e-35,True,9,1.07e-32,True,77,5.18e-53,True
Complex_96,67,0.9009,0.2208,642,YMR049C,26,5.18e-53,True,42,1.13e-35,True,9,1.07e-32,True,77,5.18e-53,True
Complex_96,67,0.9009,0.2208,529,YKR081C,26,5.18e-53,True,42,1.13e-35,True,9,1.07e-32,True,77,5.18e-53,True
Complex_96,67,0.9009,0.2208,755,YOL077C,26,5.18e-53,True,42,1.13e-35,True,9,1.07e-32,True,77,5.18e-53,True
Complex_96,67,0.9009,0.2208,215,YDR496C,26,5.18e-53,True,42,1.13e-35,True,9,1.07e-32,True,77,5.18e-53,True
Complex_96,67,0.9009,0.2208,388,YHR052W,26,5.18e-53,True,42,1.13e-35,True,9,1.07e-32,True,77,5.18e-53,True
Complex_96,67,0.9009,0.2208,796,YOR206W,26,5.18e-53,True,42,1.13e-35,True,9,1.07e-32,True,77,5.18e-53,True
Complex_96,67,0.9009,0.2208,147,YDR087C,26,5.18e-53,True,42,1.13e-35,True,9,1.07e-32,True,77,5.18e-53,True
Complex_96,67,0.9009,0.2208,694,YNL110C,26,5.18e-53,True,42,1.13e-35,True,9,1.07e-32,True,77,5.18e-53,True
Complex_96,67,0.9009,0.2208,546,YLR075W,26,5.18e-53,True,42,1.13e-35,True,9,1.07e-32,True,77,5.18e-53,True
Complex_96,67,0.9009,0.2208,611,YLR449W,26,5.18e-53,True,42,1.13e-35,True,9,1.07e-32,True,77,5.18e-53,True
Complex_96,67,0.9009,0.2208,584,YLR325C,26,5.18e-53,True,42,1.13e-35,True,9,1.07e-32,True,77,5.18e-53,True
Complex_96,67,0.9009,0.2208,604,YLR432W,26,5.18e-53,True,42,1.13e-35,True,9,1.07e-32,True,77,5.18e-53,True
Complex_96,67,0.9009,0.2208,829,YPL043W,26,5.18e-53,True,42,1.13e-35,True,9,1.07e-32,True,77,5.18e-53,True
Complex_96,67,0.9009,0.2208,574,YLR276C,26,5.18e-53,True,42,1.13e-35,True,9,1.07e-32,True,77,5.18e-53,True
Complex_96,67,0.9009,0.2208,100,YDL031W,26,5.18e-53,True,42,1.13e-35,True,9,1.07e-32,True,77,5.18e-53,True
Complex_96,67,0.9009,0.2208,469,YJL191W,26,5.18e-53,True,42,1.13e-35,True,9,1.07e-32,True,77,5.18e-53,True
Complex_96,67,0.9009,0.2208,51,YBR142W,26,5.18e-53,True,42,1.13e-35,True,9,1.07e-32,True,77,5.18e-53,True
Complex_96,67,0.9009,0.2208,111,YDL075W,26,5.18e-53,True,42,1.13e-35,True,9,1.07e-32,True,77,5.18e-53,True
Complex_96,67,0.9009,0.2208,136,YDR012W,26,5.18e-53,True,42,1.13e-35,True,9,1.07e-32,True,77,5.18e-53,True
Complex_96,67,0.9009,0.2208,59,YBR191W,26,5.18e-53,True,42,1.13e-35,True,9,1.07e-32,True,77,5.18e-53,True
Complex_96,67,0.9009,0.2208,587,YLR340W,26,5.18e-53,True,42,1.13e-35,True,9,1.07e-32,True,77,5.18e-53,True
Complex_96,67,0.9009,0.2208,597,YLR406C,26,5.18e-53,True,42,1.13e-35,True,9,1.07e-32,True,77,5.18e-53,True
Complex_96,67,0.9009,0.2208,577,YLR287C-A,26,5.18e-53,True,42,1.13e-35,True,9,1.07e-32,True,77,5.18e-53,True
Complex_96,67,0.9009,0.2208,728,YNL301C,26,5.18e-53,True,42,1.13e-35,True,9,1.07e-32,True,77,5.18e-53,True
Complex_96,67,0.9009,0.2208,375,YHL001W,26,5.18e-53,True,42,1.13e-35,True,9,1.07e-32,True,77,5.18e-53,True
Complex_96,67,0.9009,0.2208,162,YDR174W,26,5.18e-53,True,42,1.13e-35,True,9,1.07e-32,True,77,5.18e-53,True
Complex_96,67,0.9009,0.2208,610,YLR448W,26,5.18e-53,True,42,1.13e-35,True,9,1.07e-32,True,77,5.18e-53,True
Complex_96,67,0.9009,0.2208,609,YLR441C,26,5.18e-53,True,42,1.13e-35,True,9,1.07e-32,True,77,5.18e-53,True
Complex_96,67,0.9009,0.2208,512,YKL172W,26,5.18e-53,True,42,1.13e-35,True,9,1.07e-32,True,77,5.18e-53,True
Complex_97,3,0.9009,0.3333,168,YDR228C,1,0.022461,True,0,0.232718,False,0,1.0,False,1,0.022461,True
Complex_97,3,0.9009,0.3333,803,YOR250C,1,0.022461,True,0,0.232718,False,0,1.0,False,1,0.022461,True
Complex_97,3,0.9009,0.3333,418,YHR216W,1,0.022461,True,0,0.232718,False,0,1.0,False,1,0.022461,True
Complex_98,73,0.9008,0.2326,775,YOR063W,29,1.58e-53,True,51,2.52e-39,True,12,5.57e-34,True,92,1.58e-53,True
Complex_98,73,0.9008,0.2326,761,YOL127W,29,1.58e-53,True,51,2.52e-39,True,12,5.57e-34,True,92,1.58e-53,True
Complex_98,73,0.9008,0.2326,538,YLL045C,29,1.58e-53,True,51,2.52e-39,True,12,5.57e-34,True,92,1.58e-53,True
Complex_98,73,0.9008,0.2326,375,YHL001W,29,1.58e-53,True,51,2.52e-39,True,12,5.57e-34,True,92,1.58e-53,True
Complex_98,73,0.9008,0.2326,778,YOR096W,29,1.58e-53,True,51,2.52e-39,True,12,5.57e-34,True,92,1.58e-53,True
Complex_98,73,0.9008,0.2326,274,YFR031C-A,29,1.58e-53,True,51,2.52e-39,True,12,5.57e-34,True,92,1.58e-53,True
Complex_98,73,0.9008,0.2326,667,YMR242C,29,1.58e-53,True,51,2.52e-39,True,12,5.57e-34,True,92,1.58e-53,True
Complex_98,73,0.9008,0.2326,334,YGR085C,29,1.58e-53,True,51,2.52e-39,True,12,5.57e-34,True,92,1.58e-53,True
Complex_98,73,0.9008,0.2326,463,YJL177W,29,1.58e-53,True,51,2.52e-39,True,12,5.57e-34,True,92,1.58e-53,True
Complex_98,73,0.9008,0.2326,211,YDR471W,29,1.58e-53,True,51,2.52e-39,True,12,5.57e-34,True,92,1.58e-53,True
Complex_98,73,0.9008,0.2326,610,YLR448W,29,1.58e-53,True,51,2.52e-39,True,12,5.57e-34,True,92,1.58e-53,True
Complex_98,73,0.9008,0.2326,622,YML063W,29,1.58e-53,True,51,2.52e-39,True,12,5.57e-34,True,92,1.58e-53,True
Complex_98,73,0.9008,0.2326,627,YML073C,29,1.58e-53,True,51,2.52e-39,True,12,5.57e-34,True,92,1.58e-53,True
Complex_98,73,0.9008,0.2326,513,YKL180W,29,1.58e-53,True,51,2.52e-39,True,12,5.57e-34,True,92,1.58e-53,True
Complex_98,73,0.9008,0.2326,658,YMR194W,29,1.58e-53,True,51,2.52e-39,True,12,5.57e-34,True,92,1.58e-53,True
Complex_98,73,0.9008,0.2326,306,YGL147C,29,1.58e-53,True,51,2.52e-39,True,12,5.57e-34,True,92,1.58e-53,True
Complex_98,73,0.9008,0.2326,295,YGL103W,29,1.58e-53,True,51,2.52e-39,True,12,5.57e-34,True,92,1.58e-53,True
Complex_98,73,0.9008,0.2326,237,YER074W,29,1.58e-53,True,51,2.52e-39,True,12,5.57e-34,True,92,1.58e-53,True
Complex_98,73,0.9008,0.2326,113,YDL082W,29,1.58e-53,True,51,2.52e-39,True,12,5.57e-34,True,92,1.58e-53,True
Complex_98,73,0.9008,0.2326,851,YPL198W,29,1.58e-53,True,51,2.52e-39,True,12,5.57e-34,True,92,1.58e-53,True
Complex_98,73,0.9008,0.2326,468,YJL190C,29,1.58e-53,True,51,2.52e-39,True,12,5.57e-34,True,92,1.58e-53,True
Complex_98,73,0.9008,0.2326,705,YNL178W,29,1.58e-53,True,51,2.52e-39,True,12,5.57e-34,True,92,1.58e-53,True
Complex_98,73,0.9008,0.2326,685,YNL069C,29,1.58e-53,True,51,2.52e-39,True,12,5.57e-34,True,92,1.58e-53,True
Complex_98,73,0.9008,0.2326,434,YIL133C,29,1.58e-53,True,51,2.52e-39,True,12,5.57e-34,True,92,1.58e-53,True
Complex_98,73,0.9008,0.2326,381,YHL033C,29,1.58e-53,True,51,2.52e-39,True,12,5.57e-34,True,92,1.58e-53,True
Complex_98,73,0.9008,0.2326,37,YBR031W,29,1.58e-53,True,51,2.52e-39,True,12,5.57e-34,True,92,1.58e-53,True
Complex_98,73,0.9008,0.2326,676,YNL002C,29,1.58e-53,True,51,2.52e-39,True,12,5.57e-34,True,92,1.58e-53,True
Complex_98,73,0.9008,0.2326,289,YGL076C,29,1.58e-53,True,51,2.52e-39,True,12,5.57e-34,True,92,1.58e-53,True
Complex_98,73,0.9008,0.2326,228,YER006W,29,1.58e-53,True,51,2.52e-39,True,12,5.57e-34,True,92,1.58e-53,True
Complex_98,73,0.9008,0.2326,861,YPL249C-A,29,1.58e-53,True,51,2.52e-39,True,12,5.57e-34,True,92,1.58e-53,True
Complex_98,73,0.9008,0.2326,740,YNR053C,29,1.58e-53,True,51,2.52e-39,True,12,5.57e-34,True,92,1.58e-53,True
Complex_98,73,0.9008,0.2326,282,YGL030W,29,1.58e-53,True,51,2.52e-39,True,12,5.57e-34,True,92,1.58e-53,True
Complex_98,73,0.9008,0.2326,83,YCR031C,29,1.58e-53,True,51,2.52e-39,True,12,5.57e-34,True,92,1.58e-53,True
Complex_98,73,0.9008,0.2326,533,YLL008W,29,1.58e-53,True,51,2.52e-39,True,12,5.57e-34,True,92,1.58e-53,True
Complex_98,73,0.9008,0.2326,867,YPR016C,29,1.58e-53,True,51,2.52e-39,True,12,5.57e-34,True,92,1.58e-53,True
Complex_98,73,0.9008,0.2326,539,YLR002C,29,1.58e-53,True,51,2.52e-39,True,12,5.57e-34,True,92,1.58e-53,True
Complex_98,73,0.9008,0.2326,150,YDR101C,29,1.58e-53,True,51,2.52e-39,True,12,5.57e-34,True,92,1.58e-53,True
Complex_98,73,0.9008,0.2326,366,YGR245C,29,1.58e-53,True,51,2.52e-39,True,12,5.57e-34,True,92,1.58e-53,True
Complex_98,73,0.9008,0.2326,495,YKL009W,29,1.58e-53,True,51,2.52e-39,True,12,5.57e-34,True,92,1.58e-53,True
Complex_98,73,0.9008,0.2326,683,YNL061W,29,1.58e-53,True,51,2.52e-39,True,12,5.57e-34,True,92,1.58e-53,True
Complex_98,73,0.9008,0.2326,854,YPL211W,29,1.58e-53,True,51,2.52e-39,True,12,5.57e-34,True,92,1.58e-53,True
Complex_98,73,0.9008,0.2326,338,YGR103W,29,1.58e-53,True,51,2.52e-39,True,12,5.57e-34,True,92,1.58e-53,True
Complex_98,73,0.9008,0.2326,837,YPL093W,29,1.58e-53,True,51,2.52e-39,True,12,5.57e-34,True,92,1.58e-53,True
Complex_98,73,0.9008,0.2326,609,YLR441C,29,1.58e-53,True,51,2.52e-39,True,12,5.57e-34,True,92,1.58e-53,True
Complex_98,73,0.9008,0.2326,706,YNL182C,29,1.58e-53,True,51,2.52e-39,True,12,5.57e-34,True,92,1.58e-53,True
Complex_98,73,0.9008,0.2326,416,YHR197W,29,1.58e-53,True,51,2.52e-39,True,12,5.57e-34,True,92,1.58e-53,True
Complex_98,73,0.9008,0.2326,246,YER126C,29,1.58e-53,True,51,2.52e-39,True,12,5.57e-34,True,92,1.58e-53,True
Complex_98,73,0.9008,0.2326,529,YKR081C,29,1.58e-53,True,51,2.52e-39,True,12,5.57e-34,True,92,1.58e-53,True
Complex_98,73,0.9008,0.2326,808,YOR272W,29,1.58e-53,True,51,2.52e-39,True,12,5.57e-34,True,92,1.58e-53,True
Complex_98,73,0.9008,0.2326,587,YLR340W,29,1.58e-53,True,51,2.52e-39,True,12,5.57e-34,True,92,1.58e-53,True
Complex_98,73,0.9008,0.2326,111,YDL075W,29,1.58e-53,True,51,2.52e-39,True,12,5.57e-34,True,92,1.58e-53,True
Complex_98,73,0.9008,0.2326,796,YOR206W,29,1.58e-53,True,51,2.52e-39,True,12,5.57e-34,True,92,1.58e-53,True
Complex_98,73,0.9008,0.2326,642,YMR049C,29,1.58e-53,True,51,2.52e-39,True,12,5.57e-34,True,92,1.58e-53,True
Complex_98,73,0.9008,0.2326,297,YGL111W,29,1.58e-53,True,51,2.52e-39,True,12,5.57e-34,True,92,1.58e-53,True
Complex_98,73,0.9008,0.2326,546,YLR075W,29,1.58e-53,True,51,2.52e-39,True,12,5.57e-34,True,92,1.58e-53,True
Complex_98,73,0.9008,0.2326,670,YMR290C,29,1.58e-53,True,51,2.52e-39,True,12,5.57e-34,True,92,1.58e-53,True
Complex_98,73,0.9008,0.2326,258,YFL002C,29,1.58e-53,True,51,2.52e-39,True,12,5.57e-34,True,92,1.58e-53,True
Complex_98,73,0.9008,0.2326,318,YGL246C,29,1.58e-53,True,51,2.52e-39,True,12,5.57e-34,True,92,1.58e-53,True
Complex_98,73,0.9008,0.2326,755,YOL077C,29,1.58e-53,True,51,2.52e-39,True,12,5.57e-34,True,92,1.58e-53,True
Complex_98,73,0.9008,0.2326,215,YDR496C,29,1.58e-53,True,51,2.52e-39,True,12,5.57e-34,True,92,1.58e-53,True
Complex_98,73,0.9008,0.2326,388,YHR052W,29,1.58e-53,True,51,2.52e-39,True,12,5.57e-34,True,92,1.58e-53,True
Complex_98,73,0.9008,0.2326,147,YDR087C,29,1.58e-53,True,51,2.52e-39,True,12,5.57e-34,True,92,1.58e-53,True
Complex_98,73,0.9008,0.2326,694,YNL110C,29,1.58e-53,True,51,2.52e-39,True,12,5.57e-34,True,92,1.58e-53,True
Complex_98,73,0.9008,0.2326,346,YGR156W,29,1.58e-53,True,51,2.52e-39,True,12,5.57e-34,True,92,1.58e-53,True
Complex_98,73,0.9008,0.2326,604,YLR432W,29,1.58e-53,True,51,2.52e-39,True,12,5.57e-34,True,92,1.58e-53,True
Complex_98,73,0.9008,0.2326,59,YBR191W,29,1.58e-53,True,51,2.52e-39,True,12,5.57e-34,True,92,1.58e-53,True
Complex_98,73,0.9008,0.2326,267,YFR001W,29,1.58e-53,True,51,2.52e-39,True,12,5.57e-34,True,92,1.58e-53,True
Complex_98,73,0.9008,0.2326,136,YDR012W,29,1.58e-53,True,51,2.52e-39,True,12,5.57e-34,True,92,1.58e-53,True
Complex_98,73,0.9008,0.2326,584,YLR325C,29,1.58e-53,True,51,2.52e-39,True,12,5.57e-34,True,92,1.58e-53,True
Complex_98,73,0.9008,0.2326,829,YPL043W,29,1.58e-53,True,51,2.52e-39,True,12,5.57e-34,True,92,1.58e-53,True
Complex_98,73,0.9008,0.2326,574,YLR276C,29,1.58e-53,True,51,2.52e-39,True,12,5.57e-34,True,92,1.58e-53,True
Complex_98,73,0.9008,0.2326,51,YBR142W,29,1.58e-53,True,51,2.52e-39,True,12,5.57e-34,True,92,1.58e-53,True
Complex_98,73,0.9008,0.2326,142,YDR060W,29,1.58e-53,True,51,2.52e-39,True,12,5.57e-34,True,92,1.58e-53,True
Complex_99,48,0.9008,0.4025,279,YGL014W,22,3.44e-51,True,24,1.47e-51,True,6,2.54e-51,True,52,1.47e-51,True
Complex_99,48,0.9008,0.4025,274,YFR031C-A,22,3.44e-51,True,24,1.47e-51,True,6,2.54e-51,True,52,1.47e-51,True
Complex_99,48,0.9008,0.4025,658,YMR194W,22,3.44e-51,True,24,1.47e-51,True,6,2.54e-51,True,52,1.47e-51,True
Complex_99,48,0.9008,0.4025,295,YGL103W,22,3.44e-51,True,24,1.47e-51,True,6,2.54e-51,True,52,1.47e-51,True
Complex_99,48,0.9008,0.4025,463,YJL177W,22,3.44e-51,True,24,1.47e-51,True,6,2.54e-51,True,52,1.47e-51,True
Complex_99,48,0.9008,0.4025,729,YNL302C,22,3.44e-51,True,24,1.47e-51,True,6,2.54e-51,True,52,1.47e-51,True
Complex_99,48,0.9008,0.4025,577,YLR287C-A,22,3.44e-51,True,24,1.47e-51,True,6,2.54e-51,True,52,1.47e-51,True
Complex_99,48,0.9008,0.4025,667,YMR242C,22,3.44e-51,True,24,1.47e-51,True,6,2.54e-51,True,52,1.47e-51,True
Complex_99,48,0.9008,0.4025,237,YER074W,22,3.44e-51,True,24,1.47e-51,True,6,2.54e-51,True,52,1.47e-51,True
Complex_99,48,0.9008,0.4025,538,YLL045C,22,3.44e-51,True,24,1.47e-51,True,6,2.54e-51,True,52,1.47e-51,True
Complex_99,48,0.9008,0.4025,627,YML073C,22,3.44e-51,True,24,1.47e-51,True,6,2.54e-51,True,52,1.47e-51,True
Complex_99,48,0.9008,0.4025,676,YNL002C,22,3.44e-51,True,24,1.47e-51,True,6,2.54e-51,True,52,1.47e-51,True
Complex_99,48,0.9008,0.4025,334,YGR085C,22,3.44e-51,True,24,1.47e-51,True,6,2.54e-51,True,52,1.47e-51,True
Complex_99,48,0.9008,0.4025,289,YGL076C,22,3.44e-51,True,24,1.47e-51,True,6,2.54e-51,True,52,1.47e-51,True
Complex_99,48,0.9008,0.4025,211,YDR471W,22,3.44e-51,True,24,1.47e-51,True,6,2.54e-51,True,52,1.47e-51,True
Complex_99,48,0.9008,0.4025,775,YOR063W,22,3.44e-51,True,24,1.47e-51,True,6,2.54e-51,True,52,1.47e-51,True
Complex_99,48,0.9008,0.4025,113,YDL082W,22,3.44e-51,True,24,1.47e-51,True,6,2.54e-51,True,52,1.47e-51,True
Complex_99,48,0.9008,0.4025,861,YPL249C-A,22,3.44e-51,True,24,1.47e-51,True,6,2.54e-51,True,52,1.47e-51,True
Complex_99,48,0.9008,0.4025,282,YGL030W,22,3.44e-51,True,24,1.47e-51,True,6,2.54e-51,True,52,1.47e-51,True
Complex_99,48,0.9008,0.4025,83,YCR031C,22,3.44e-51,True,24,1.47e-51,True,6,2.54e-51,True,52,1.47e-51,True
Complex_99,48,0.9008,0.4025,761,YOL127W,22,3.44e-51,True,24,1.47e-51,True,6,2.54e-51,True,52,1.47e-51,True
Complex_99,48,0.9008,0.4025,705,YNL178W,22,3.44e-51,True,24,1.47e-51,True,6,2.54e-51,True,52,1.47e-51,True
Complex_99,48,0.9008,0.4025,150,YDR101C,22,3.44e-51,True,24,1.47e-51,True,6,2.54e-51,True,52,1.47e-51,True
Complex_99,48,0.9008,0.4025,609,YLR441C,22,3.44e-51,True,24,1.47e-51,True,6,2.54e-51,True,52,1.47e-51,True
Complex_99,48,0.9008,0.4025,622,YML063W,22,3.44e-51,True,24,1.47e-51,True,6,2.54e-51,True,52,1.47e-51,True
Complex_99,48,0.9008,0.4025,513,YKL180W,22,3.44e-51,True,24,1.47e-51,True,6,2.54e-51,True,52,1.47e-51,True
Complex_99,48,0.9008,0.4025,587,YLR340W,22,3.44e-51,True,24,1.47e-51,True,6,2.54e-51,True,52,1.47e-51,True
Complex_99,48,0.9008,0.4025,610,YLR448W,22,3.44e-51,True,24,1.47e-51,True,6,2.54e-51,True,52,1.47e-51,True
Complex_99,48,0.9008,0.4025,111,YDL075W,22,3.44e-51,True,24,1.47e-51,True,6,2.54e-51,True,52,1.47e-51,True
Complex_99,48,0.9008,0.4025,375,YHL001W,22,3.44e-51,True,24,1.47e-51,True,6,2.54e-51,True,52,1.47e-51,True
Complex_99,48,0.9008,0.4025,728,YNL301C,22,3.44e-51,True,24,1.47e-51,True,6,2.54e-51,True,52,1.47e-51,True
Complex_99,48,0.9008,0.4025,59,YBR191W,22,3.44e-51,True,24,1.47e-51,True,6,2.54e-51,True,52,1.47e-51,True
Complex_99,48,0.9008,0.4025,37,YBR031W,22,3.44e-51,True,24,1.47e-51,True,6,2.54e-51,True,52,1.47e-51,True
Complex_99,48,0.9008,0.4025,529,YKR081C,22,3.44e-51,True,24,1.47e-51,True,6,2.54e-51,True,52,1.47e-51,True
Complex_99,48,0.9008,0.4025,546,YLR075W,22,3.44e-51,True,24,1.47e-51,True,6,2.54e-51,True,52,1.47e-51,True
Complex_99,48,0.9008,0.4025,306,YGL147C,22,3.44e-51,True,24,1.47e-51,True,6,2.54e-51,True,52,1.47e-51,True
Complex_99,48,0.9008,0.4025,136,YDR012W,22,3.44e-51,True,24,1.47e-51,True,6,2.54e-51,True,52,1.47e-51,True
Complex_99,48,0.9008,0.4025,796,YOR206W,22,3.44e-51,True,24,1.47e-51,True,6,2.54e-51,True,52,1.47e-51,True
Complex_99,48,0.9008,0.4025,837,YPL093W,22,3.44e-51,True,24,1.47e-51,True,6,2.54e-51,True,52,1.47e-51,True
Complex_99,48,0.9008,0.4025,23,YBL027W,22,3.44e-51,True,24,1.47e-51,True,6,2.54e-51,True,52,1.47e-51,True
Complex_99,48,0.9008,0.4025,540,YLR029C,22,3.44e-51,True,24,1.47e-51,True,6,2.54e-51,True,52,1.47e-51,True
Complex_99,48,0.9008,0.4025,652,YMR142C,22,3.44e-51,True,24,1.47e-51,True,6,2.54e-51,True,52,1.47e-51,True
Complex_99,48,0.9008,0.4025,162,YDR174W,22,3.44e-51,True,24,1.47e-51,True,6,2.54e-51,True,52,1.47e-51,True
Complex_99,48,0.9008,0.4025,836,YPL090C,22,3.44e-51,True,24,1.47e-51,True,6,2.54e-51,True,52,1.47e-51,True
Complex_99,48,0.9008,0.4025,202,YDR418W,22,3.44e-51,True,24,1.47e-51,True,6,2.54e-51,True,52,1.47e-51,True
Complex_99,48,0.9008,0.4025,694,YNL110C,22,3.44e-51,True,24,1.47e-51,True,6,2.54e-51,True,52,1.47e-51,True
Complex_99,48,0.9008,0.4025,434,YIL133C,22,3.44e-51,True,24,1.47e-51,True,6,2.54e-51,True,52,1.47e-51,True
Complex_99,48,0.9008,0.4025,685,YNL069C,22,3.44e-51,True,24,1.47e-51,True,6,2.54e-51,True,52,1.47e-51,True
Complex_100,69,0.9008,0.23,279,YGL014W,25,3.76e-53,True,47,1.63e-40,True,9,3.00e-35,True,81,3.76e-53,True
Complex_100,69,0.9008,0.23,274,YFR031C-A,25,3.76e-53,True,47,1.63e-40,True,9,3.00e-35,True,81,3.76e-53,True
Complex_100,69,0.9008,0.23,658,YMR194W,25,3.76e-53,True,47,1.63e-40,True,9,3.00e-35,True,81,3.76e-53,True
Complex_100,69,0.9008,0.23,295,YGL103W,25,3.76e-53,True,47,1.63e-40,True,9,3.00e-35,True,81,3.76e-53,True
Complex_100,69,0.9008,0.23,463,YJL177W,25,3.76e-53,True,47,1.63e-40,True,9,3.00e-35,True,81,3.76e-53,True
Complex_100,69,0.9008,0.23,23,YBL027W,25,3.76e-53,True,47,1.63e-40,True,9,3.00e-35,True,81,3.76e-53,True
Complex_100,69,0.9008,0.23,610,YLR448W,25,3.76e-53,True,47,1.63e-40,True,9,3.00e-35,True,81,3.76e-53,True
Complex_100,69,0.9008,0.23,237,YER074W,25,3.76e-53,True,47,1.63e-40,True,9,3.00e-35,True,81,3.76e-53,True
Complex_100,69,0.9008,0.23,111,YDL075W,25,3.76e-53,True,47,1.63e-40,True,9,3.00e-35,True,81,3.76e-53,True
Complex_100,69,0.9008,0.23,211,YDR471W,25,3.76e-53,True,47,1.63e-40,True,9,3.00e-35,True,81,3.76e-53,True
Complex_100,69,0.9008,0.23,627,YML073C,25,3.76e-53,True,47,1.63e-40,True,9,3.00e-35,True,81,3.76e-53,True
Complex_100,69,0.9008,0.23,761,YOL127W,25,3.76e-53,True,47,1.63e-40,True,9,3.00e-35,True,81,3.76e-53,True
Complex_100,69,0.9008,0.23,577,YLR287C-A,25,3.76e-53,True,47,1.63e-40,True,9,3.00e-35,True,81,3.76e-53,True
Complex_100,69,0.9008,0.23,667,YMR242C,25,3.76e-53,True,47,1.63e-40,True,9,3.00e-35,True,81,3.76e-53,True
Complex_100,69,0.9008,0.23,59,YBR191W,25,3.76e-53,True,47,1.63e-40,True,9,3.00e-35,True,81,3.76e-53,True
Complex_100,69,0.9008,0.23,113,YDL082W,25,3.76e-53,True,47,1.63e-40,True,9,3.00e-35,True,81,3.76e-53,True
Complex_100,69,0.9008,0.23,375,YHL001W,25,3.76e-53,True,47,1.63e-40,True,9,3.00e-35,True,81,3.76e-53,True
Complex_100,69,0.9008,0.23,676,YNL002C,25,3.76e-53,True,47,1.63e-40,True,9,3.00e-35,True,81,3.76e-53,True
Complex_100,69,0.9008,0.23,538,YLL045C,25,3.76e-53,True,47,1.63e-40,True,9,3.00e-35,True,81,3.76e-53,True
Complex_100,69,0.9008,0.23,289,YGL076C,25,3.76e-53,True,47,1.63e-40,True,9,3.00e-35,True,81,3.76e-53,True
Complex_100,69,0.9008,0.23,228,YER006W,25,3.76e-53,True,47,1.63e-40,True,9,3.00e-35,True,81,3.76e-53,True
Complex_100,69,0.9008,0.23,334,YGR085C,25,3.76e-53,True,47,1.63e-40,True,9,3.00e-35,True,81,3.76e-53,True
Complex_100,69,0.9008,0.23,861,YPL249C-A,25,3.76e-53,True,47,1.63e-40,True,9,3.00e-35,True,81,3.76e-53,True
Complex_100,69,0.9008,0.23,740,YNR053C,25,3.76e-53,True,47,1.63e-40,True,9,3.00e-35,True,81,3.76e-53,True
Complex_100,69,0.9008,0.23,775,YOR063W,25,3.76e-53,True,47,1.63e-40,True,9,3.00e-35,True,81,3.76e-53,True
Complex_100,69,0.9008,0.23,282,YGL030W,25,3.76e-53,True,47,1.63e-40,True,9,3.00e-35,True,81,3.76e-53,True
Complex_100,69,0.9008,0.23,533,YLL008W,25,3.76e-53,True,47,1.63e-40,True,9,3.00e-35,True,81,3.76e-53,True
Complex_100,69,0.9008,0.23,867,YPR016C,25,3.76e-53,True,47,1.63e-40,True,9,3.00e-35,True,81,3.76e-53,True
Complex_100,69,0.9008,0.23,83,YCR031C,25,3.76e-53,True,47,1.63e-40,True,9,3.00e-35,True,81,3.76e-53,True
Complex_100,69,0.9008,0.23,539,YLR002C,25,3.76e-53,True,47,1.63e-40,True,9,3.00e-35,True,81,3.76e-53,True
Complex_100,69,0.9008,0.23,705,YNL178W,25,3.76e-53,True,47,1.63e-40,True,9,3.00e-35,True,81,3.76e-53,True
Complex_100,69,0.9008,0.23,150,YDR101C,25,3.76e-53,True,47,1.63e-40,True,9,3.00e-35,True,81,3.76e-53,True
Complex_100,69,0.9008,0.23,683,YNL061W,25,3.76e-53,True,47,1.63e-40,True,9,3.00e-35,True,81,3.76e-53,True
Complex_100,69,0.9008,0.23,854,YPL211W,25,3.76e-53,True,47,1.63e-40,True,9,3.00e-35,True,81,3.76e-53,True
Complex_100,69,0.9008,0.23,338,YGR103W,25,3.76e-53,True,47,1.63e-40,True,9,3.00e-35,True,81,3.76e-53,True
Complex_100,69,0.9008,0.23,837,YPL093W,25,3.76e-53,True,47,1.63e-40,True,9,3.00e-35,True,81,3.76e-53,True
Complex_100,69,0.9008,0.23,609,YLR441C,25,3.76e-53,True,47,1.63e-40,True,9,3.00e-35,True,81,3.76e-53,True
Complex_100,69,0.9008,0.23,416,YHR197W,25,3.76e-53,True,47,1.63e-40,True,9,3.00e-35,True,81,3.76e-53,True
Complex_100,69,0.9008,0.23,622,YML063W,25,3.76e-53,True,47,1.63e-40,True,9,3.00e-35,True,81,3.76e-53,True
Complex_100,69,0.9008,0.23,513,YKL180W,25,3.76e-53,True,47,1.63e-40,True,9,3.00e-35,True,81,3.76e-53,True
Complex_100,69,0.9008,0.23,529,YKR081C,25,3.76e-53,True,47,1.63e-40,True,9,3.00e-35,True,81,3.76e-53,True
Complex_100,69,0.9008,0.23,587,YLR340W,25,3.76e-53,True,47,1.63e-40,True,9,3.00e-35,True,81,3.76e-53,True
Complex_100,69,0.9008,0.23,808,YOR272W,25,3.76e-53,True,47,1.63e-40,True,9,3.00e-35,True,81,3.76e-53,True
Complex_100,69,0.9008,0.23,796,YOR206W,25,3.76e-53,True,47,1.63e-40,True,9,3.00e-35,True,81,3.76e-53,True
Complex_100,69,0.9008,0.23,642,YMR049C,25,3.76e-53,True,47,1.63e-40,True,9,3.00e-35,True,81,3.76e-53,True
Complex_100,69,0.9008,0.23,297,YGL111W,25,3.76e-53,True,47,1.63e-40,True,9,3.00e-35,True,81,3.76e-53,True
Complex_100,69,0.9008,0.23,670,YMR290C,25,3.76e-53,True,47,1.63e-40,True,9,3.00e-35,True,81,3.76e-53,True
Complex_100,69,0.9008,0.23,258,YFL002C,25,3.76e-53,True,47,1.63e-40,True,9,3.00e-35,True,81,3.76e-53,True
Complex_100,69,0.9008,0.23,755,YOL077C,25,3.76e-53,True,47,1.63e-40,True,9,3.00e-35,True,81,3.76e-53,True
Complex_100,69,0.9008,0.23,388,YHR052W,25,3.76e-53,True,47,1.63e-40,True,9,3.00e-35,True,81,3.76e-53,True
Complex_100,69,0.9008,0.23,215,YDR496C,25,3.76e-53,True,47,1.63e-40,True,9,3.00e-35,True,81,3.76e-53,True
Complex_100,69,0.9008,0.23,546,YLR075W,25,3.76e-53,True,47,1.63e-40,True,9,3.00e-35,True,81,3.76e-53,True
Complex_100,69,0.9008,0.23,694,YNL110C,25,3.76e-53,True,47,1.63e-40,True,9,3.00e-35,True,81,3.76e-53,True
Complex_100,69,0.9008,0.23,604,YLR432W,25,3.76e-53,True,47,1.63e-40,True,9,3.00e-35,True,81,3.76e-53,True
Complex_100,69,0.9008,0.23,136,YDR012W,25,3.76e-53,True,47,1.63e-40,True,9,3.00e-35,True,81,3.76e-53,True
Complex_100,69,0.9008,0.23,346,YGR156W,25,3.76e-53,True,47,1.63e-40,True,9,3.00e-35,True,81,3.76e-53,True
Complex_100,69,0.9008,0.23,584,YLR325C,25,3.76e-53,True,47,1.63e-40,True,9,3.00e-35,True,81,3.76e-53,True
Complex_100,69,0.9008,0.23,728,YNL301C,25,3.76e-53,True,47,1.63e-40,True,9,3.00e-35,True,81,3.76e-53,True
Complex_100,69,0.9008,0.23,829,YPL043W,25,3.76e-53,True,47,1.63e-40,True,9,3.00e-35,True,81,3.76e-53,True
Complex_100,69,0.9008,0.23,574,YLR276C,25,3.76e-53,True,47,1.63e-40,True,9,3.00e-35,True,81,3.76e-53,True
Complex_100,69,0.9008,0.23,597,YLR406C,25,3.76e-53,True,47,1.63e-40,True,9,3.00e-35,True,81,3.76e-53,True
Complex_100,69,0.9008,0.23,395,YHR088W,25,3.76e-53,True,47,1.63e-40,True,9,3.00e-35,True,81,3.76e-53,True
Complex_100,69,0.9008,0.23,652,YMR142C,25,3.76e-53,True,47,1.63e-40,True,9,3.00e-35,True,81,3.76e-53,True
Complex_100,69,0.9008,0.23,469,YJL191W,25,3.76e-53,True,47,1.63e-40,True,9,3.00e-35,True,81,3.76e-53,True
Complex_100,69,0.9008,0.23,100,YDL031W,25,3.76e-53,True,47,1.63e-40,True,9,3.00e-35,True,81,3.76e-53,True
Complex_100,69,0.9008,0.23,51,YBR142W,25,3.76e-53,True,47,1.63e-40,True,9,3.00e-35,True,81,3.76e-53,True
Complex_100,69,0.9008,0.23,306,YGL147C,25,3.76e-53,True,47,1.63e-40,True,9,3.00e-35,True,81,3.76e-53,True
Complex_100,69,0.9008,0.23,750,YOL040C,25,3.76e-53,True,47,1.63e-40,True,9,3.00e-35,True,81,3.76e-53,True
Complex_100,69,0.9008,0.23,162,YDR174W,25,3.76e-53,True,47,1.63e-40,True,9,3.00e-35,True,81,3.76e-53,True
Complex_101,70,0.9007,0.2267,775,YOR063W,27,2.69e-52,True,50,1.32e-36,True,9,2.47e-33,True,86,2.69e-52,True
Complex_101,70,0.9007,0.2267,761,YOL127W,27,2.69e-52,True,50,1.32e-36,True,9,2.47e-33,True,86,2.69e-52,True
Complex_101,70,0.9007,0.2267,538,YLL045C,27,2.69e-52,True,50,1.32e-36,True,9,2.47e-33,True,86,2.69e-52,True
Complex_101,70,0.9007,0.2267,540,YLR029C,27,2.69e-52,True,50,1.32e-36,True,9,2.47e-33,True,86,2.69e-52,True
Complex_101,70,0.9007,0.2267,667,YMR242C,27,2.69e-52,True,50,1.32e-36,True,9,2.47e-33,True,86,2.69e-52,True
Complex_101,70,0.9007,0.2267,627,YML073C,27,2.69e-52,True,50,1.32e-36,True,9,2.47e-33,True,86,2.69e-52,True
Complex_101,70,0.9007,0.2267,211,YDR471W,27,2.69e-52,True,50,1.32e-36,True,9,2.47e-33,True,86,2.69e-52,True
Complex_101,70,0.9007,0.2267,334,YGR085C,27,2.69e-52,True,50,1.32e-36,True,9,2.47e-33,True,86,2.69e-52,True
Complex_101,70,0.9007,0.2267,778,YOR096W,27,2.69e-52,True,50,1.32e-36,True,9,2.47e-33,True,86,2.69e-52,True
Complex_101,70,0.9007,0.2267,622,YML063W,27,2.69e-52,True,50,1.32e-36,True,9,2.47e-33,True,86,2.69e-52,True
Complex_101,70,0.9007,0.2267,685,YNL069C,27,2.69e-52,True,50,1.32e-36,True,9,2.47e-33,True,86,2.69e-52,True
Complex_101,70,0.9007,0.2267,274,YFR031C-A,27,2.69e-52,True,50,1.32e-36,True,9,2.47e-33,True,86,2.69e-52,True
Complex_101,70,0.9007,0.2267,295,YGL103W,27,2.69e-52,True,50,1.32e-36,True,9,2.47e-33,True,86,2.69e-52,True
Complex_101,70,0.9007,0.2267,113,YDL082W,27,2.69e-52,True,50,1.32e-36,True,9,2.47e-33,True,86,2.69e-52,True
Complex_101,70,0.9007,0.2267,463,YJL177W,27,2.69e-52,True,50,1.32e-36,True,9,2.47e-33,True,86,2.69e-52,True
Complex_101,70,0.9007,0.2267,610,YLR448W,27,2.69e-52,True,50,1.32e-36,True,9,2.47e-33,True,86,2.69e-52,True
Complex_101,70,0.9007,0.2267,513,YKL180W,27,2.69e-52,True,50,1.32e-36,True,9,2.47e-33,True,86,2.69e-52,True
Complex_101,70,0.9007,0.2267,658,YMR194W,27,2.69e-52,True,50,1.32e-36,True,9,2.47e-33,True,86,2.69e-52,True
Complex_101,70,0.9007,0.2267,857,YPL220W,27,2.69e-52,True,50,1.32e-36,True,9,2.47e-33,True,86,2.69e-52,True
Complex_101,70,0.9007,0.2267,546,YLR075W,27,2.69e-52,True,50,1.32e-36,True,9,2.47e-33,True,86,2.69e-52,True
Complex_101,70,0.9007,0.2267,490,YJR123W,27,2.69e-52,True,50,1.32e-36,True,9,2.47e-33,True,86,2.69e-52,True
Complex_101,70,0.9007,0.2267,282,YGL030W,27,2.69e-52,True,50,1.32e-36,True,9,2.47e-33,True,86,2.69e-52,True
Complex_101,70,0.9007,0.2267,196,YDR382W,27,2.69e-52,True,50,1.32e-36,True,9,2.47e-33,True,86,2.69e-52,True
Complex_101,70,0.9007,0.2267,111,YDL075W,27,2.69e-52,True,50,1.32e-36,True,9,2.47e-33,True,86,2.69e-52,True
Complex_101,70,0.9007,0.2267,37,YBR031W,27,2.69e-52,True,50,1.32e-36,True,9,2.47e-33,True,86,2.69e-52,True
Complex_101,70,0.9007,0.2267,676,YNL002C,27,2.69e-52,True,50,1.32e-36,True,9,2.47e-33,True,86,2.69e-52,True
Complex_101,70,0.9007,0.2267,289,YGL076C,27,2.69e-52,True,50,1.32e-36,True,9,2.47e-33,True,86,2.69e-52,True
Complex_101,70,0.9007,0.2267,237,YER074W,27,2.69e-52,True,50,1.32e-36,True,9,2.47e-33,True,86,2.69e-52,True
Complex_101,70,0.9007,0.2267,228,YER006W,27,2.69e-52,True,50,1.32e-36,True,9,2.47e-33,True,86,2.69e-52,True
Complex_101,70,0.9007,0.2267,861,YPL249C-A,27,2.69e-52,True,50,1.32e-36,True,9,2.47e-33,True,86,2.69e-52,True
Complex_101,70,0.9007,0.2267,83,YCR031C,27,2.69e-52,True,50,1.32e-36,True,9,2.47e-33,True,86,2.69e-52,True
Complex_101,70,0.9007,0.2267,740,YNR053C,27,2.69e-52,True,50,1.32e-36,True,9,2.47e-33,True,86,2.69e-52,True
Complex_101,70,0.9007,0.2267,705,YNL178W,27,2.69e-52,True,50,1.32e-36,True,9,2.47e-33,True,86,2.69e-52,True
Complex_101,70,0.9007,0.2267,533,YLL008W,27,2.69e-52,True,50,1.32e-36,True,9,2.47e-33,True,86,2.69e-52,True
Complex_101,70,0.9007,0.2267,867,YPR016C,27,2.69e-52,True,50,1.32e-36,True,9,2.47e-33,True,86,2.69e-52,True
Complex_101,70,0.9007,0.2267,539,YLR002C,27,2.69e-52,True,50,1.32e-36,True,9,2.47e-33,True,86,2.69e-52,True
Complex_101,70,0.9007,0.2267,150,YDR101C,27,2.69e-52,True,50,1.32e-36,True,9,2.47e-33,True,86,2.69e-52,True
Complex_101,70,0.9007,0.2267,366,YGR245C,27,2.69e-52,True,50,1.32e-36,True,9,2.47e-33,True,86,2.69e-52,True
Complex_101,70,0.9007,0.2267,495,YKL009W,27,2.69e-52,True,50,1.32e-36,True,9,2.47e-33,True,86,2.69e-52,True
Complex_101,70,0.9007,0.2267,683,YNL061W,27,2.69e-52,True,50,1.32e-36,True,9,2.47e-33,True,86,2.69e-52,True
Complex_101,70,0.9007,0.2267,854,YPL211W,27,2.69e-52,True,50,1.32e-36,True,9,2.47e-33,True,86,2.69e-52,True
Complex_101,70,0.9007,0.2267,338,YGR103W,27,2.69e-52,True,50,1.32e-36,True,9,2.47e-33,True,86,2.69e-52,True
Complex_101,70,0.9007,0.2267,837,YPL093W,27,2.69e-52,True,50,1.32e-36,True,9,2.47e-33,True,86,2.69e-52,True
Complex_101,70,0.9007,0.2267,609,YLR441C,27,2.69e-52,True,50,1.32e-36,True,9,2.47e-33,True,86,2.69e-52,True
Complex_101,70,0.9007,0.2267,706,YNL182C,27,2.69e-52,True,50,1.32e-36,True,9,2.47e-33,True,86,2.69e-52,True
Complex_101,70,0.9007,0.2267,416,YHR197W,27,2.69e-52,True,50,1.32e-36,True,9,2.47e-33,True,86,2.69e-52,True
Complex_101,70,0.9007,0.2267,246,YER126C,27,2.69e-52,True,50,1.32e-36,True,9,2.47e-33,True,86,2.69e-52,True
Complex_101,70,0.9007,0.2267,529,YKR081C,27,2.69e-52,True,50,1.32e-36,True,9,2.47e-33,True,86,2.69e-52,True
Complex_101,70,0.9007,0.2267,808,YOR272W,27,2.69e-52,True,50,1.32e-36,True,9,2.47e-33,True,86,2.69e-52,True
Complex_101,70,0.9007,0.2267,587,YLR340W,27,2.69e-52,True,50,1.32e-36,True,9,2.47e-33,True,86,2.69e-52,True
Complex_101,70,0.9007,0.2267,796,YOR206W,27,2.69e-52,True,50,1.32e-36,True,9,2.47e-33,True,86,2.69e-52,True
Complex_101,70,0.9007,0.2267,642,YMR049C,27,2.69e-52,True,50,1.32e-36,True,9,2.47e-33,True,86,2.69e-52,True
Complex_101,70,0.9007,0.2267,297,YGL111W,27,2.69e-52,True,50,1.32e-36,True,9,2.47e-33,True,86,2.69e-52,True
Complex_101,70,0.9007,0.2267,670,YMR290C,27,2.69e-52,True,50,1.32e-36,True,9,2.47e-33,True,86,2.69e-52,True
Complex_101,70,0.9007,0.2267,258,YFL002C,27,2.69e-52,True,50,1.32e-36,True,9,2.47e-33,True,86,2.69e-52,True
Complex_101,70,0.9007,0.2267,318,YGL246C,27,2.69e-52,True,50,1.32e-36,True,9,2.47e-33,True,86,2.69e-52,True
Complex_101,70,0.9007,0.2267,755,YOL077C,27,2.69e-52,True,50,1.32e-36,True,9,2.47e-33,True,86,2.69e-52,True
Complex_101,70,0.9007,0.2267,215,YDR496C,27,2.69e-52,True,50,1.32e-36,True,9,2.47e-33,True,86,2.69e-52,True
Complex_101,70,0.9007,0.2267,694,YNL110C,27,2.69e-52,True,50,1.32e-36,True,9,2.47e-33,True,86,2.69e-52,True
Complex_101,70,0.9007,0.2267,388,YHR052W,27,2.69e-52,True,50,1.32e-36,True,9,2.47e-33,True,86,2.69e-52,True
Complex_101,70,0.9007,0.2267,147,YDR087C,27,2.69e-52,True,50,1.32e-36,True,9,2.47e-33,True,86,2.69e-52,True
Complex_101,70,0.9007,0.2267,346,YGR156W,27,2.69e-52,True,50,1.32e-36,True,9,2.47e-33,True,86,2.69e-52,True
Complex_101,70,0.9007,0.2267,604,YLR432W,27,2.69e-52,True,50,1.32e-36,True,9,2.47e-33,True,86,2.69e-52,True
Complex_101,70,0.9007,0.2267,59,YBR191W,27,2.69e-52,True,50,1.32e-36,True,9,2.47e-33,True,86,2.69e-52,True
Complex_101,70,0.9007,0.2267,267,YFR001W,27,2.69e-52,True,50,1.32e-36,True,9,2.47e-33,True,86,2.69e-52,True
Complex_101,70,0.9007,0.2267,136,YDR012W,27,2.69e-52,True,50,1.32e-36,True,9,2.47e-33,True,86,2.69e-52,True
Complex_101,70,0.9007,0.2267,620,YML056C,27,2.69e-52,True,50,1.32e-36,True,9,2.47e-33,True,86,2.69e-52,True
Complex_101,70,0.9007,0.2267,584,YLR325C,27,2.69e-52,True,50,1.32e-36,True,9,2.47e-33,True,86,2.69e-52,True
Complex_101,70,0.9007,0.2267,728,YNL301C,27,2.69e-52,True,50,1.32e-36,True,9,2.47e-33,True,86,2.69e-52,True
Complex_101,70,0.9007,0.2267,148,YDR091C,27,2.69e-52,True,50,1.32e-36,True,9,2.47e-33,True,86,2.69e-52,True
Complex_102,78,0.9006,0.2477,512,YKL172W,30,5.06e-55,True,48,1.03e-39,True,13,4.70e-34,True,91,5.06e-55,True
Complex_102,78,0.9006,0.2477,513,YKL180W,30,5.06e-55,True,48,1.03e-39,True,13,4.70e-34,True,91,5.06e-55,True
Complex_102,78,0.9006,0.2477,529,YKR081C,30,5.06e-55,True,48,1.03e-39,True,13,4.70e-34,True,91,5.06e-55,True
Complex_102,78,0.9006,0.2477,533,YLL008W,30,5.06e-55,True,48,1.03e-39,True,13,4.70e-34,True,91,5.06e-55,True
Complex_102,78,0.9006,0.2477,23,YBL027W,30,5.06e-55,True,48,1.03e-39,True,13,4.70e-34,True,91,5.06e-55,True
Complex_102,78,0.9006,0.2477,538,YLL045C,30,5.06e-55,True,48,1.03e-39,True,13,4.70e-34,True,91,5.06e-55,True
Complex_102,78,0.9006,0.2477,539,YLR002C,30,5.06e-55,True,48,1.03e-39,True,13,4.70e-34,True,91,5.06e-55,True
Complex_102,78,0.9006,0.2477,546,YLR075W,30,5.06e-55,True,48,1.03e-39,True,13,4.70e-34,True,91,5.06e-55,True
Complex_102,78,0.9006,0.2477,37,YBR031W,30,5.06e-55,True,48,1.03e-39,True,13,4.70e-34,True,91,5.06e-55,True
Complex_102,78,0.9006,0.2477,42,YBR079C,30,5.06e-55,True,48,1.03e-39,True,13,4.70e-34,True,91,5.06e-55,True
Complex_102,78,0.9006,0.2477,51,YBR142W,30,5.06e-55,True,48,1.03e-39,True,13,4.70e-34,True,91,5.06e-55,True
Complex_102,78,0.9006,0.2477,59,YBR191W,30,5.06e-55,True,48,1.03e-39,True,13,4.70e-34,True,91,5.06e-55,True
Complex_102,78,0.9006,0.2477,574,YLR276C,30,5.06e-55,True,48,1.03e-39,True,13,4.70e-34,True,91,5.06e-55,True
Complex_102,78,0.9006,0.2477,584,YLR325C,30,5.06e-55,True,48,1.03e-39,True,13,4.70e-34,True,91,5.06e-55,True
Complex_102,78,0.9006,0.2477,587,YLR340W,30,5.06e-55,True,48,1.03e-39,True,13,4.70e-34,True,91,5.06e-55,True
Complex_102,78,0.9006,0.2477,83,YCR031C,30,5.06e-55,True,48,1.03e-39,True,13,4.70e-34,True,91,5.06e-55,True
Complex_102,78,0.9006,0.2477,597,YLR406C,30,5.06e-55,True,48,1.03e-39,True,13,4.70e-34,True,91,5.06e-55,True
Complex_102,78,0.9006,0.2477,604,YLR432W,30,5.06e-55,True,48,1.03e-39,True,13,4.70e-34,True,91,5.06e-55,True
Complex_102,78,0.9006,0.2477,609,YLR441C,30,5.06e-55,True,48,1.03e-39,True,13,4.70e-34,True,91,5.06e-55,True
Complex_102,78,0.9006,0.2477,610,YLR448W,30,5.06e-55,True,48,1.03e-39,True,13,4.70e-34,True,91,5.06e-55,True
Complex_102,78,0.9006,0.2477,611,YLR449W,30,5.06e-55,True,48,1.03e-39,True,13,4.70e-34,True,91,5.06e-55,True
Complex_102,78,0.9006,0.2477,100,YDL031W,30,5.06e-55,True,48,1.03e-39,True,13,4.70e-34,True,91,5.06e-55,True
Complex_102,78,0.9006,0.2477,620,YML056C,30,5.06e-55,True,48,1.03e-39,True,13,4.70e-34,True,91,5.06e-55,True
Complex_102,78,0.9006,0.2477,111,YDL075W,30,5.06e-55,True,48,1.03e-39,True,13,4.70e-34,True,91,5.06e-55,True
Complex_102,78,0.9006,0.2477,113,YDL082W,30,5.06e-55,True,48,1.03e-39,True,13,4.70e-34,True,91,5.06e-55,True
Complex_102,78,0.9006,0.2477,627,YML073C,30,5.06e-55,True,48,1.03e-39,True,13,4.70e-34,True,91,5.06e-55,True
Complex_102,78,0.9006,0.2477,642,YMR049C,30,5.06e-55,True,48,1.03e-39,True,13,4.70e-34,True,91,5.06e-55,True
Complex_102,78,0.9006,0.2477,136,YDR012W,30,5.06e-55,True,48,1.03e-39,True,13,4.70e-34,True,91,5.06e-55,True
Complex_102,78,0.9006,0.2477,652,YMR142C,30,5.06e-55,True,48,1.03e-39,True,13,4.70e-34,True,91,5.06e-55,True
Complex_102,78,0.9006,0.2477,142,YDR060W,30,5.06e-55,True,48,1.03e-39,True,13,4.70e-34,True,91,5.06e-55,True
Complex_102,78,0.9006,0.2477,658,YMR194W,30,5.06e-55,True,48,1.03e-39,True,13,4.70e-34,True,91,5.06e-55,True
Complex_102,78,0.9006,0.2477,148,YDR091C,30,5.06e-55,True,48,1.03e-39,True,13,4.70e-34,True,91,5.06e-55,True
Complex_102,78,0.9006,0.2477,150,YDR101C,30,5.06e-55,True,48,1.03e-39,True,13,4.70e-34,True,91,5.06e-55,True
Complex_102,78,0.9006,0.2477,670,YMR290C,30,5.06e-55,True,48,1.03e-39,True,13,4.70e-34,True,91,5.06e-55,True
Complex_102,78,0.9006,0.2477,676,YNL002C,30,5.06e-55,True,48,1.03e-39,True,13,4.70e-34,True,91,5.06e-55,True
Complex_102,78,0.9006,0.2477,683,YNL061W,30,5.06e-55,True,48,1.03e-39,True,13,4.70e-34,True,91,5.06e-55,True
Complex_102,78,0.9006,0.2477,685,YNL069C,30,5.06e-55,True,48,1.03e-39,True,13,4.70e-34,True,91,5.06e-55,True
Complex_102,78,0.9006,0.2477,694,YNL110C,30,5.06e-55,True,48,1.03e-39,True,13,4.70e-34,True,91,5.06e-55,True
Complex_102,78,0.9006,0.2477,705,YNL178W,30,5.06e-55,True,48,1.03e-39,True,13,4.70e-34,True,91,5.06e-55,True
Complex_102,78,0.9006,0.2477,706,YNL182C,30,5.06e-55,True,48,1.03e-39,True,13,4.70e-34,True,91,5.06e-55,True
Complex_102,78,0.9006,0.2477,202,YDR418W,30,5.06e-55,True,48,1.03e-39,True,13,4.70e-34,True,91,5.06e-55,True
Complex_102,78,0.9006,0.2477,211,YDR471W,30,5.06e-55,True,48,1.03e-39,True,13,4.70e-34,True,91,5.06e-55,True
Complex_102,78,0.9006,0.2477,215,YDR496C,30,5.06e-55,True,48,1.03e-39,True,13,4.70e-34,True,91,5.06e-55,True
Complex_102,78,0.9006,0.2477,728,YNL301C,30,5.06e-55,True,48,1.03e-39,True,13,4.70e-34,True,91,5.06e-55,True
Complex_102,78,0.9006,0.2477,228,YER006W,30,5.06e-55,True,48,1.03e-39,True,13,4.70e-34,True,91,5.06e-55,True
Complex_102,78,0.9006,0.2477,740,YNR053C,30,5.06e-55,True,48,1.03e-39,True,13,4.70e-34,True,91,5.06e-55,True
Complex_102,78,0.9006,0.2477,237,YER074W,30,5.06e-55,True,48,1.03e-39,True,13,4.70e-34,True,91,5.06e-55,True
Complex_102,78,0.9006,0.2477,755,YOL077C,30,5.06e-55,True,48,1.03e-39,True,13,4.70e-34,True,91,5.06e-55,True
Complex_102,78,0.9006,0.2477,246,YER126C,30,5.06e-55,True,48,1.03e-39,True,13,4.70e-34,True,91,5.06e-55,True
Complex_102,78,0.9006,0.2477,761,YOL127W,30,5.06e-55,True,48,1.03e-39,True,13,4.70e-34,True,91,5.06e-55,True
Complex_102,78,0.9006,0.2477,258,YFL002C,30,5.06e-55,True,48,1.03e-39,True,13,4.70e-34,True,91,5.06e-55,True
Complex_102,78,0.9006,0.2477,775,YOR063W,30,5.06e-55,True,48,1.03e-39,True,13,4.70e-34,True,91,5.06e-55,True
Complex_102,78,0.9006,0.2477,778,YOR096W,30,5.06e-55,True,48,1.03e-39,True,13,4.70e-34,True,91,5.06e-55,True
Complex_102,78,0.9006,0.2477,267,YFR001W,30,5.06e-55,True,48,1.03e-39,True,13,4.70e-34,True,91,5.06e-55,True
Complex_102,78,0.9006,0.2477,274,YFR031C-A,30,5.06e-55,True,48,1.03e-39,True,13,4.70e-34,True,91,5.06e-55,True
Complex_102,78,0.9006,0.2477,282,YGL030W,30,5.06e-55,True,48,1.03e-39,True,13,4.70e-34,True,91,5.06e-55,True
Complex_102,78,0.9006,0.2477,796,YOR206W,30,5.06e-55,True,48,1.03e-39,True,13,4.70e-34,True,91,5.06e-55,True
Complex_102,78,0.9006,0.2477,289,YGL076C,30,5.06e-55,True,48,1.03e-39,True,13,4.70e-34,True,91,5.06e-55,True
Complex_102,78,0.9006,0.2477,295,YGL103W,30,5.06e-55,True,48,1.03e-39,True,13,4.70e-34,True,91,5.06e-55,True
Complex_102,78,0.9006,0.2477,808,YOR272W,30,5.06e-55,True,48,1.03e-39,True,13,4.70e-34,True,91,5.06e-55,True
Complex_102,78,0.9006,0.2477,297,YGL111W,30,5.06e-55,True,48,1.03e-39,True,13,4.70e-34,True,91,5.06e-55,True
Complex_102,78,0.9006,0.2477,306,YGL147C,30,5.06e-55,True,48,1.03e-39,True,13,4.70e-34,True,91,5.06e-55,True
Complex_102,78,0.9006,0.2477,829,YPL043W,30,5.06e-55,True,48,1.03e-39,True,13,4.70e-34,True,91,5.06e-55,True
Complex_102,78,0.9006,0.2477,318,YGL246C,30,5.06e-55,True,48,1.03e-39,True,13,4.70e-34,True,91,5.06e-55,True
Complex_102,78,0.9006,0.2477,837,YPL093W,30,5.06e-55,True,48,1.03e-39,True,13,4.70e-34,True,91,5.06e-55,True
Complex_102,78,0.9006,0.2477,334,YGR085C,30,5.06e-55,True,48,1.03e-39,True,13,4.70e-34,True,91,5.06e-55,True
Complex_102,78,0.9006,0.2477,338,YGR103W,30,5.06e-55,True,48,1.03e-39,True,13,4.70e-34,True,91,5.06e-55,True
Complex_102,78,0.9006,0.2477,854,YPL211W,30,5.06e-55,True,48,1.03e-39,True,13,4.70e-34,True,91,5.06e-55,True
Complex_102,78,0.9006,0.2477,861,YPL249C-A,30,5.06e-55,True,48,1.03e-39,True,13,4.70e-34,True,91,5.06e-55,True
Complex_102,78,0.9006,0.2477,867,YPR016C,30,5.06e-55,True,48,1.03e-39,True,13,4.70e-34,True,91,5.06e-55,True
Complex_102,78,0.9006,0.2477,366,YGR245C,30,5.06e-55,True,48,1.03e-39,True,13,4.70e-34,True,91,5.06e-55,True
Complex_102,78,0.9006,0.2477,882,YPR102C,30,5.06e-55,True,48,1.03e-39,True,13,4.70e-34,True,91,5.06e-55,True
Complex_102,78,0.9006,0.2477,375,YHL001W,30,5.06e-55,True,48,1.03e-39,True,13,4.70e-34,True,91,5.06e-55,True
Complex_102,78,0.9006,0.2477,383,YHR010W,30,5.06e-55,True,48,1.03e-39,True,13,4.70e-34,True,91,5.06e-55,True
Complex_102,78,0.9006,0.2477,388,YHR052W,30,5.06e-55,True,48,1.03e-39,True,13,4.70e-34,True,91,5.06e-55,True
Complex_102,78,0.9006,0.2477,416,YHR197W,30,5.06e-55,True,48,1.03e-39,True,13,4.70e-34,True,91,5.06e-55,True
Complex_102,78,0.9006,0.2477,469,YJL191W,30,5.06e-55,True,48,1.03e-39,True,13,4.70e-34,True,91,5.06e-55,True
Complex_102,78,0.9006,0.2477,495,YKL009W,30,5.06e-55,True,48,1.03e-39,True,13,4.70e-34,True,91,5.06e-55,True
Complex_103,78,0.9006,0.2477,775,YOR063W,30,5.06e-55,True,48,1.03e-39,True,13,4.70e-34,True,91,5.06e-55,True
Complex_103,78,0.9006,0.2477,761,YOL127W,30,5.06e-55,True,48,1.03e-39,True,13,4.70e-34,True,91,5.06e-55,True
Complex_103,78,0.9006,0.2477,538,YLL045C,30,5.06e-55,True,48,1.03e-39,True,13,4.70e-34,True,91,5.06e-55,True
Complex_103,78,0.9006,0.2477,383,YHR010W,30,5.06e-55,True,48,1.03e-39,True,13,4.70e-34,True,91,5.06e-55,True
Complex_103,78,0.9006,0.2477,113,YDL082W,30,5.06e-55,True,48,1.03e-39,True,13,4.70e-34,True,91,5.06e-55,True
Complex_103,78,0.9006,0.2477,295,YGL103W,30,5.06e-55,True,48,1.03e-39,True,13,4.70e-34,True,91,5.06e-55,True
Complex_103,78,0.9006,0.2477,778,YOR096W,30,5.06e-55,True,48,1.03e-39,True,13,4.70e-34,True,91,5.06e-55,True
Complex_103,78,0.9006,0.2477,685,YNL069C,30,5.06e-55,True,48,1.03e-39,True,13,4.70e-34,True,91,5.06e-55,True
Complex_103,78,0.9006,0.2477,274,YFR031C-A,30,5.06e-55,True,48,1.03e-39,True,13,4.70e-34,True,91,5.06e-55,True
Complex_103,78,0.9006,0.2477,513,YKL180W,30,5.06e-55,True,48,1.03e-39,True,13,4.70e-34,True,91,5.06e-55,True
Complex_103,78,0.9006,0.2477,202,YDR418W,30,5.06e-55,True,48,1.03e-39,True,13,4.70e-34,True,91,5.06e-55,True
Complex_103,78,0.9006,0.2477,282,YGL030W,30,5.06e-55,True,48,1.03e-39,True,13,4.70e-34,True,91,5.06e-55,True
Complex_103,78,0.9006,0.2477,861,YPL249C-A,30,5.06e-55,True,48,1.03e-39,True,13,4.70e-34,True,91,5.06e-55,True
Complex_103,78,0.9006,0.2477,676,YNL002C,30,5.06e-55,True,48,1.03e-39,True,13,4.70e-34,True,91,5.06e-55,True
Complex_103,78,0.9006,0.2477,228,YER006W,30,5.06e-55,True,48,1.03e-39,True,13,4.70e-34,True,91,5.06e-55,True
Complex_103,78,0.9006,0.2477,289,YGL076C,30,5.06e-55,True,48,1.03e-39,True,13,4.70e-34,True,91,5.06e-55,True
Complex_103,78,0.9006,0.2477,237,YER074W,30,5.06e-55,True,48,1.03e-39,True,13,4.70e-34,True,91,5.06e-55,True
Complex_103,78,0.9006,0.2477,627,YML073C,30,5.06e-55,True,48,1.03e-39,True,13,4.70e-34,True,91,5.06e-55,True
Complex_103,78,0.9006,0.2477,658,YMR194W,30,5.06e-55,True,48,1.03e-39,True,13,4.70e-34,True,91,5.06e-55,True
Complex_103,78,0.9006,0.2477,334,YGR085C,30,5.06e-55,True,48,1.03e-39,True,13,4.70e-34,True,91,5.06e-55,True
Complex_103,78,0.9006,0.2477,211,YDR471W,30,5.06e-55,True,48,1.03e-39,True,13,4.70e-34,True,91,5.06e-55,True
Complex_103,78,0.9006,0.2477,740,YNR053C,30,5.06e-55,True,48,1.03e-39,True,13,4.70e-34,True,91,5.06e-55,True
Complex_103,78,0.9006,0.2477,533,YLL008W,30,5.06e-55,True,48,1.03e-39,True,13,4.70e-34,True,91,5.06e-55,True
Complex_103,78,0.9006,0.2477,867,YPR016C,30,5.06e-55,True,48,1.03e-39,True,13,4.70e-34,True,91,5.06e-55,True
Complex_103,78,0.9006,0.2477,539,YLR002C,30,5.06e-55,True,48,1.03e-39,True,13,4.70e-34,True,91,5.06e-55,True
Complex_103,78,0.9006,0.2477,150,YDR101C,30,5.06e-55,True,48,1.03e-39,True,13,4.70e-34,True,91,5.06e-55,True
Complex_103,78,0.9006,0.2477,83,YCR031C,30,5.06e-55,True,48,1.03e-39,True,13,4.70e-34,True,91,5.06e-55,True
Complex_103,78,0.9006,0.2477,705,YNL178W,30,5.06e-55,True,48,1.03e-39,True,13,4.70e-34,True,91,5.06e-55,True
Complex_103,78,0.9006,0.2477,366,YGR245C,30,5.06e-55,True,48,1.03e-39,True,13,4.70e-34,True,91,5.06e-55,True
Complex_103,78,0.9006,0.2477,495,YKL009W,30,5.06e-55,True,48,1.03e-39,True,13,4.70e-34,True,91,5.06e-55,True
Complex_103,78,0.9006,0.2477,683,YNL061W,30,5.06e-55,True,48,1.03e-39,True,13,4.70e-34,True,91,5.06e-55,True
Complex_103,78,0.9006,0.2477,854,YPL211W,30,5.06e-55,True,48,1.03e-39,True,13,4.70e-34,True,91,5.06e-55,True
Complex_103,78,0.9006,0.2477,837,YPL093W,30,5.06e-55,True,48,1.03e-39,True,13,4.70e-34,True,91,5.06e-55,True
Complex_103,78,0.9006,0.2477,416,YHR197W,30,5.06e-55,True,48,1.03e-39,True,13,4.70e-34,True,91,5.06e-55,True
Complex_103,78,0.9006,0.2477,706,YNL182C,30,5.06e-55,True,48,1.03e-39,True,13,4.70e-34,True,91,5.06e-55,True
Complex_103,78,0.9006,0.2477,246,YER126C,30,5.06e-55,True,48,1.03e-39,True,13,4.70e-34,True,91,5.06e-55,True
Complex_103,78,0.9006,0.2477,338,YGR103W,30,5.06e-55,True,48,1.03e-39,True,13,4.70e-34,True,91,5.06e-55,True
Complex_103,78,0.9006,0.2477,808,YOR272W,30,5.06e-55,True,48,1.03e-39,True,13,4.70e-34,True,91,5.06e-55,True
Complex_103,78,0.9006,0.2477,297,YGL111W,30,5.06e-55,True,48,1.03e-39,True,13,4.70e-34,True,91,5.06e-55,True
Complex_103,78,0.9006,0.2477,670,YMR290C,30,5.06e-55,True,48,1.03e-39,True,13,4.70e-34,True,91,5.06e-55,True
Complex_103,78,0.9006,0.2477,258,YFL002C,30,5.06e-55,True,48,1.03e-39,True,13,4.70e-34,True,91,5.06e-55,True
Complex_103,78,0.9006,0.2477,642,YMR049C,30,5.06e-55,True,48,1.03e-39,True,13,4.70e-34,True,91,5.06e-55,True
Complex_103,78,0.9006,0.2477,755,YOL077C,30,5.06e-55,True,48,1.03e-39,True,13,4.70e-34,True,91,5.06e-55,True
Complex_103,78,0.9006,0.2477,529,YKR081C,30,5.06e-55,True,48,1.03e-39,True,13,4.70e-34,True,91,5.06e-55,True
Complex_103,78,0.9006,0.2477,388,YHR052W,30,5.06e-55,True,48,1.03e-39,True,13,4.70e-34,True,91,5.06e-55,True
Complex_103,78,0.9006,0.2477,215,YDR496C,30,5.06e-55,True,48,1.03e-39,True,13,4.70e-34,True,91,5.06e-55,True
Complex_103,78,0.9006,0.2477,796,YOR206W,30,5.06e-55,True,48,1.03e-39,True,13,4.70e-34,True,91,5.06e-55,True
Complex_103,78,0.9006,0.2477,694,YNL110C,30,5.06e-55,True,48,1.03e-39,True,13,4.70e-34,True,91,5.06e-55,True
Complex_103,78,0.9006,0.2477,318,YGL246C,30,5.06e-55,True,48,1.03e-39,True,13,4.70e-34,True,91,5.06e-55,True
Complex_103,78,0.9006,0.2477,611,YLR449W,30,5.06e-55,True,48,1.03e-39,True,13,4.70e-34,True,91,5.06e-55,True
Complex_103,78,0.9006,0.2477,584,YLR325C,30,5.06e-55,True,48,1.03e-39,True,13,4.70e-34,True,91,5.06e-55,True
Complex_103,78,0.9006,0.2477,142,YDR060W,30,5.06e-55,True,48,1.03e-39,True,13,4.70e-34,True,91,5.06e-55,True
Complex_103,78,0.9006,0.2477,267,YFR001W,30,5.06e-55,True,48,1.03e-39,True,13,4.70e-34,True,91,5.06e-55,True
Complex_103,78,0.9006,0.2477,604,YLR432W,30,5.06e-55,True,48,1.03e-39,True,13,4.70e-34,True,91,5.06e-55,True
Complex_103,78,0.9006,0.2477,546,YLR075W,30,5.06e-55,True,48,1.03e-39,True,13,4.70e-34,True,91,5.06e-55,True
Complex_103,78,0.9006,0.2477,620,YML056C,30,5.06e-55,True,48,1.03e-39,True,13,4.70e-34,True,91,5.06e-55,True
Complex_103,78,0.9006,0.2477,42,YBR079C,30,5.06e-55,True,48,1.03e-39,True,13,4.70e-34,True,91,5.06e-55,True
Complex_103,78,0.9006,0.2477,574,YLR276C,30,5.06e-55,True,48,1.03e-39,True,13,4.70e-34,True,91,5.06e-55,True
Complex_103,78,0.9006,0.2477,829,YPL043W,30,5.06e-55,True,48,1.03e-39,True,13,4.70e-34,True,91,5.06e-55,True
Complex_103,78,0.9006,0.2477,51,YBR142W,30,5.06e-55,True,48,1.03e-39,True,13,4.70e-34,True,91,5.06e-55,True
Complex_103,78,0.9006,0.2477,148,YDR091C,30,5.06e-55,True,48,1.03e-39,True,13,4.70e-34,True,91,5.06e-55,True
Complex_103,78,0.9006,0.2477,59,YBR191W,30,5.06e-55,True,48,1.03e-39,True,13,4.70e-34,True,91,5.06e-55,True
Complex_103,78,0.9006,0.2477,136,YDR012W,30,5.06e-55,True,48,1.03e-39,True,13,4.70e-34,True,91,5.06e-55,True
Complex_103,78,0.9006,0.2477,469,YJL191W,30,5.06e-55,True,48,1.03e-39,True,13,4.70e-34,True,91,5.06e-55,True
Complex_103,78,0.9006,0.2477,597,YLR406C,30,5.06e-55,True,48,1.03e-39,True,13,4.70e-34,True,91,5.06e-55,True
Complex_103,78,0.9006,0.2477,111,YDL075W,30,5.06e-55,True,48,1.03e-39,True,13,4.70e-34,True,91,5.06e-55,True
Complex_103,78,0.9006,0.2477,512,YKL172W,30,5.06e-55,True,48,1.03e-39,True,13,4.70e-34,True,91,5.06e-55,True
Complex_103,78,0.9006,0.2477,587,YLR340W,30,5.06e-55,True,48,1.03e-39,True,13,4.70e-34,True,91,5.06e-55,True
Complex_103,78,0.9006,0.2477,100,YDL031W,30,5.06e-55,True,48,1.03e-39,True,13,4.70e-34,True,91,5.06e-55,True
Complex_103,78,0.9006,0.2477,728,YNL301C,30,5.06e-55,True,48,1.03e-39,True,13,4.70e-34,True,91,5.06e-55,True
Complex_103,78,0.9006,0.2477,882,YPR102C,30,5.06e-55,True,48,1.03e-39,True,13,4.70e-34,True,91,5.06e-55,True
Complex_103,78,0.9006,0.2477,610,YLR448W,30,5.06e-55,True,48,1.03e-39,True,13,4.70e-34,True,91,5.06e-55,True
Complex_103,78,0.9006,0.2477,375,YHL001W,30,5.06e-55,True,48,1.03e-39,True,13,4.70e-34,True,91,5.06e-55,True
Complex_103,78,0.9006,0.2477,609,YLR441C,30,5.06e-55,True,48,1.03e-39,True,13,4.70e-34,True,91,5.06e-55,True
Complex_103,78,0.9006,0.2477,37,YBR031W,30,5.06e-55,True,48,1.03e-39,True,13,4.70e-34,True,91,5.06e-55,True
Complex_103,78,0.9006,0.2477,306,YGL147C,30,5.06e-55,True,48,1.03e-39,True,13,4.70e-34,True,91,5.06e-55,True
Complex_103,78,0.9006,0.2477,23,YBL027W,30,5.06e-55,True,48,1.03e-39,True,13,4.70e-34,True,91,5.06e-55,True
Complex_103,78,0.9006,0.2477,652,YMR142C,30,5.06e-55,True,48,1.03e-39,True,13,4.70e-34,True,91,5.06e-55,True
Complex_104,29,0.9006,0.2874,639,YMR033W,35,7.22e-31,True,52,2.14e-19,True,11,5.67e-17,True,98,7.22e-31,True
Complex_104,29,0.9006,0.2874,842,YPL129W,35,7.22e-31,True,52,2.14e-19,True,11,5.67e-17,True,98,7.22e-31,True
Complex_104,29,0.9006,0.2874,735,YNR023W,35,7.22e-31,True,52,2.14e-19,True,11,5.67e-17,True,98,7.22e-31,True
Complex_104,29,0.9006,0.2874,54,YBR154C,35,7.22e-31,True,52,2.14e-19,True,11,5.67e-17,True,98,7.22e-31,True
Complex_104,29,0.9006,0.2874,320,YGR005C,35,7.22e-31,True,52,2.14e-19,True,11,5.67e-17,True,98,7.22e-31,True
Complex_104,29,0.9006,0.2874,419,YIL021W,35,7.22e-31,True,52,2.14e-19,True,11,5.67e-17,True,98,7.22e-31,True
Complex_104,29,0.9006,0.2874,288,YGL070C,35,7.22e-31,True,52,2.14e-19,True,11,5.67e-17,True,98,7.22e-31,True
Complex_104,29,0.9006,0.2874,897,YPR187W,35,7.22e-31,True,52,2.14e-19,True,11,5.67e-17,True,98,7.22e-31,True
Complex_104,29,0.9006,0.2874,800,YOR224C,35,7.22e-31,True,52,2.14e-19,True,11,5.67e-17,True,98,7.22e-31,True
Complex_104,29,0.9006,0.2874,788,YOR151C,35,7.22e-31,True,52,2.14e-19,True,11,5.67e-17,True,98,7.22e-31,True
Complex_104,29,0.9006,0.2874,123,YDL140C,35,7.22e-31,True,52,2.14e-19,True,11,5.67e-17,True,98,7.22e-31,True
Complex_104,29,0.9006,0.2874,379,YHL025W,35,7.22e-31,True,52,2.14e-19,True,11,5.67e-17,True,98,7.22e-31,True
Complex_104,29,0.9006,0.2874,744,YOL005C,35,7.22e-31,True,52,2.14e-19,True,11,5.67e-17,True,98,7.22e-31,True
Complex_104,29,0.9006,0.2874,859,YPL235W,35,7.22e-31,True,52,2.14e-19,True,11,5.67e-17,True,98,7.22e-31,True
Complex_104,29,0.9006,0.2874,583,YLR321C,35,7.22e-31,True,52,2.14e-19,True,11,5.67e-17,True,98,7.22e-31,True
Complex_104,29,0.9006,0.2874,543,YLR052W,35,7.22e-31,True,52,2.14e-19,True,11,5.67e-17,True,98,7.22e-31,True
Complex_104,29,0.9006,0.2874,461,YJL140W,35,7.22e-31,True,52,2.14e-19,True,11,5.67e-17,True,98,7.22e-31,True
Complex_104,29,0.9006,0.2874,326,YGR056W,35,7.22e-31,True,52,2.14e-19,True,11,5.67e-17,True,98,7.22e-31,True
Complex_104,29,0.9006,0.2874,241,YER092W,35,7.22e-31,True,52,2.14e-19,True,11,5.67e-17,True,98,7.22e-31,True
Complex_104,29,0.9006,0.2874,95,YDL002C,35,7.22e-31,True,52,2.14e-19,True,11,5.67e-17,True,98,7.22e-31,True
Complex_104,29,0.9006,0.2874,824,YPL016W,35,7.22e-31,True,52,2.14e-19,True,11,5.67e-17,True,98,7.22e-31,True
Complex_104,29,0.9006,0.2874,276,YFR037C,35,7.22e-31,True,52,2.14e-19,True,11,5.67e-17,True,98,7.22e-31,True
Complex_104,29,0.9006,0.2874,635,YML127W,35,7.22e-31,True,52,2.14e-19,True,11,5.67e-17,True,98,7.22e-31,True
Complex_104,29,0.9006,0.2874,591,YLR357W,35,7.22e-31,True,52,2.14e-19,True,11,5.67e-17,True,98,7.22e-31,True
Complex_104,29,0.9006,0.2874,164,YDR190C,35,7.22e-31,True,52,2.14e-19,True,11,5.67e-17,True,98,7.22e-31,True
Complex_104,29,0.9006,0.2874,266,YFL049W,35,7.22e-31,True,52,2.14e-19,True,11,5.67e-17,True,98,7.22e-31,True
Complex_104,29,0.9006,0.2874,519,YKR008W,35,7.22e-31,True,52,2.14e-19,True,11,5.67e-17,True,98,7.22e-31,True
Complex_104,29,0.9006,0.2874,872,YPR034W,35,7.22e-31,True,52,2.14e-19,True,11,5.67e-17,True,98,7.22e-31,True
Complex_104,29,0.9006,0.2874,81,YCR020W-B,35,7.22e-31,True,52,2.14e-19,True,11,5.67e-17,True,98,7.22e-31,True
Complex_105,63,0.9005,0.2348,775,YOR063W,25,7.91e-51,True,47,1.03e-38,True,5,2.19e-37,True,77,7.91e-51,True
Complex_105,63,0.9005,0.2348,761,YOL127W,25,7.91e-51,True,47,1.03e-38,True,5,2.19e-37,True,77,7.91e-51,True
Complex_105,63,0.9005,0.2348,538,YLL045C,25,7.91e-51,True,47,1.03e-38,True,5,2.19e-37,True,77,7.91e-51,True
Complex_105,63,0.9005,0.2348,540,YLR029C,25,7.91e-51,True,47,1.03e-38,True,5,2.19e-37,True,77,7.91e-51,True
Complex_105,63,0.9005,0.2348,667,YMR242C,25,7.91e-51,True,47,1.03e-38,True,5,2.19e-37,True,77,7.91e-51,True
Complex_105,63,0.9005,0.2348,627,YML073C,25,7.91e-51,True,47,1.03e-38,True,5,2.19e-37,True,77,7.91e-51,True
Complex_105,63,0.9005,0.2348,211,YDR471W,25,7.91e-51,True,47,1.03e-38,True,5,2.19e-37,True,77,7.91e-51,True
Complex_105,63,0.9005,0.2348,334,YGR085C,25,7.91e-51,True,47,1.03e-38,True,5,2.19e-37,True,77,7.91e-51,True
Complex_105,63,0.9005,0.2348,778,YOR096W,25,7.91e-51,True,47,1.03e-38,True,5,2.19e-37,True,77,7.91e-51,True
Complex_105,63,0.9005,0.2348,622,YML063W,25,7.91e-51,True,47,1.03e-38,True,5,2.19e-37,True,77,7.91e-51,True
Complex_105,63,0.9005,0.2348,685,YNL069C,25,7.91e-51,True,47,1.03e-38,True,5,2.19e-37,True,77,7.91e-51,True
Complex_105,63,0.9005,0.2348,274,YFR031C-A,25,7.91e-51,True,47,1.03e-38,True,5,2.19e-37,True,77,7.91e-51,True
Complex_105,63,0.9005,0.2348,295,YGL103W,25,7.91e-51,True,47,1.03e-38,True,5,2.19e-37,True,77,7.91e-51,True
Complex_105,63,0.9005,0.2348,113,YDL082W,25,7.91e-51,True,47,1.03e-38,True,5,2.19e-37,True,77,7.91e-51,True
Complex_105,63,0.9005,0.2348,463,YJL177W,25,7.91e-51,True,47,1.03e-38,True,5,2.19e-37,True,77,7.91e-51,True
Complex_105,63,0.9005,0.2348,610,YLR448W,25,7.91e-51,True,47,1.03e-38,True,5,2.19e-37,True,77,7.91e-51,True
Complex_105,63,0.9005,0.2348,513,YKL180W,25,7.91e-51,True,47,1.03e-38,True,5,2.19e-37,True,77,7.91e-51,True
Complex_105,63,0.9005,0.2348,658,YMR194W,25,7.91e-51,True,47,1.03e-38,True,5,2.19e-37,True,77,7.91e-51,True
Complex_105,63,0.9005,0.2348,434,YIL133C,25,7.91e-51,True,47,1.03e-38,True,5,2.19e-37,True,77,7.91e-51,True
Complex_105,63,0.9005,0.2348,237,YER074W,25,7.91e-51,True,47,1.03e-38,True,5,2.19e-37,True,77,7.91e-51,True
Complex_105,63,0.9005,0.2348,490,YJR123W,25,7.91e-51,True,47,1.03e-38,True,5,2.19e-37,True,77,7.91e-51,True
Complex_105,63,0.9005,0.2348,83,YCR031C,25,7.91e-51,True,47,1.03e-38,True,5,2.19e-37,True,77,7.91e-51,True
Complex_105,63,0.9005,0.2348,114,YDL083C,25,7.91e-51,True,47,1.03e-38,True,5,2.19e-37,True,77,7.91e-51,True
Complex_105,63,0.9005,0.2348,546,YLR075W,25,7.91e-51,True,47,1.03e-38,True,5,2.19e-37,True,77,7.91e-51,True
Complex_105,63,0.9005,0.2348,196,YDR382W,25,7.91e-51,True,47,1.03e-38,True,5,2.19e-37,True,77,7.91e-51,True
Complex_105,63,0.9005,0.2348,111,YDL075W,25,7.91e-51,True,47,1.03e-38,True,5,2.19e-37,True,77,7.91e-51,True
Complex_105,63,0.9005,0.2348,282,YGL030W,25,7.91e-51,True,47,1.03e-38,True,5,2.19e-37,True,77,7.91e-51,True
Complex_105,63,0.9005,0.2348,468,YJL190C,25,7.91e-51,True,47,1.03e-38,True,5,2.19e-37,True,77,7.91e-51,True
Complex_105,63,0.9005,0.2348,289,YGL076C,25,7.91e-51,True,47,1.03e-38,True,5,2.19e-37,True,77,7.91e-51,True
Complex_105,63,0.9005,0.2348,676,YNL002C,25,7.91e-51,True,47,1.03e-38,True,5,2.19e-37,True,77,7.91e-51,True
Complex_105,63,0.9005,0.2348,861,YPL249C-A,25,7.91e-51,True,47,1.03e-38,True,5,2.19e-37,True,77,7.91e-51,True
Complex_105,63,0.9005,0.2348,228,YER006W,25,7.91e-51,True,47,1.03e-38,True,5,2.19e-37,True,77,7.91e-51,True
Complex_105,63,0.9005,0.2348,705,YNL178W,25,7.91e-51,True,47,1.03e-38,True,5,2.19e-37,True,77,7.91e-51,True
Complex_105,63,0.9005,0.2348,740,YNR053C,25,7.91e-51,True,47,1.03e-38,True,5,2.19e-37,True,77,7.91e-51,True
Complex_105,63,0.9005,0.2348,150,YDR101C,25,7.91e-51,True,47,1.03e-38,True,5,2.19e-37,True,77,7.91e-51,True
Complex_105,63,0.9005,0.2348,867,YPR016C,25,7.91e-51,True,47,1.03e-38,True,5,2.19e-37,True,77,7.91e-51,True
Complex_105,63,0.9005,0.2348,533,YLL008W,25,7.91e-51,True,47,1.03e-38,True,5,2.19e-37,True,77,7.91e-51,True
Complex_105,63,0.9005,0.2348,539,YLR002C,25,7.91e-51,True,47,1.03e-38,True,5,2.19e-37,True,77,7.91e-51,True
Complex_105,63,0.9005,0.2348,495,YKL009W,25,7.91e-51,True,47,1.03e-38,True,5,2.19e-37,True,77,7.91e-51,True
Complex_105,63,0.9005,0.2348,366,YGR245C,25,7.91e-51,True,47,1.03e-38,True,5,2.19e-37,True,77,7.91e-51,True
Complex_105,63,0.9005,0.2348,683,YNL061W,25,7.91e-51,True,47,1.03e-38,True,5,2.19e-37,True,77,7.91e-51,True
Complex_105,63,0.9005,0.2348,854,YPL211W,25,7.91e-51,True,47,1.03e-38,True,5,2.19e-37,True,77,7.91e-51,True
Complex_105,63,0.9005,0.2348,837,YPL093W,25,7.91e-51,True,47,1.03e-38,True,5,2.19e-37,True,77,7.91e-51,True
Complex_105,63,0.9005,0.2348,338,YGR103W,25,7.91e-51,True,47,1.03e-38,True,5,2.19e-37,True,77,7.91e-51,True
Complex_105,63,0.9005,0.2348,609,YLR441C,25,7.91e-51,True,47,1.03e-38,True,5,2.19e-37,True,77,7.91e-51,True
Complex_105,63,0.9005,0.2348,706,YNL182C,25,7.91e-51,True,47,1.03e-38,True,5,2.19e-37,True,77,7.91e-51,True
Complex_105,63,0.9005,0.2348,416,YHR197W,25,7.91e-51,True,47,1.03e-38,True,5,2.19e-37,True,77,7.91e-51,True
Complex_105,63,0.9005,0.2348,246,YER126C,25,7.91e-51,True,47,1.03e-38,True,5,2.19e-37,True,77,7.91e-51,True
Complex_105,63,0.9005,0.2348,808,YOR272W,25,7.91e-51,True,47,1.03e-38,True,5,2.19e-37,True,77,7.91e-51,True
Complex_105,63,0.9005,0.2348,529,YKR081C,25,7.91e-51,True,47,1.03e-38,True,5,2.19e-37,True,77,7.91e-51,True
Complex_105,63,0.9005,0.2348,587,YLR340W,25,7.91e-51,True,47,1.03e-38,True,5,2.19e-37,True,77,7.91e-51,True
Complex_105,63,0.9005,0.2348,796,YOR206W,25,7.91e-51,True,47,1.03e-38,True,5,2.19e-37,True,77,7.91e-51,True
Complex_105,63,0.9005,0.2348,642,YMR049C,25,7.91e-51,True,47,1.03e-38,True,5,2.19e-37,True,77,7.91e-51,True
Complex_105,63,0.9005,0.2348,297,YGL111W,25,7.91e-51,True,47,1.03e-38,True,5,2.19e-37,True,77,7.91e-51,True
Complex_105,63,0.9005,0.2348,375,YHL001W,25,7.91e-51,True,47,1.03e-38,True,5,2.19e-37,True,77,7.91e-51,True
Complex_105,63,0.9005,0.2348,728,YNL301C,25,7.91e-51,True,47,1.03e-38,True,5,2.19e-37,True,77,7.91e-51,True
Complex_105,63,0.9005,0.2348,258,YFL002C,25,7.91e-51,True,47,1.03e-38,True,5,2.19e-37,True,77,7.91e-51,True
Complex_105,63,0.9005,0.2348,670,YMR290C,25,7.91e-51,True,47,1.03e-38,True,5,2.19e-37,True,77,7.91e-51,True
Complex_105,63,0.9005,0.2348,318,YGL246C,25,7.91e-51,True,47,1.03e-38,True,5,2.19e-37,True,77,7.91e-51,True
Complex_105,63,0.9005,0.2348,59,YBR191W,25,7.91e-51,True,47,1.03e-38,True,5,2.19e-37,True,77,7.91e-51,True
Complex_105,63,0.9005,0.2348,694,YNL110C,25,7.91e-51,True,47,1.03e-38,True,5,2.19e-37,True,77,7.91e-51,True
Complex_105,63,0.9005,0.2348,136,YDR012W,25,7.91e-51,True,47,1.03e-38,True,5,2.19e-37,True,77,7.91e-51,True
Complex_105,63,0.9005,0.2348,604,YLR432W,25,7.91e-51,True,47,1.03e-38,True,5,2.19e-37,True,77,7.91e-51,True
Complex_106,74,0.9005,0.1469,775,YOR063W,29,1.49e-54,True,48,4.83e-36,True,7,3.84e-32,True,84,1.49e-54,True
Complex_106,74,0.9005,0.1469,761,YOL127W,29,1.49e-54,True,48,4.83e-36,True,7,3.84e-32,True,84,1.49e-54,True
Complex_106,74,0.9005,0.1469,691,YNL096C,29,1.49e-54,True,48,4.83e-36,True,7,3.84e-32,True,84,1.49e-54,True
Complex_106,74,0.9005,0.1469,667,YMR242C,29,1.49e-54,True,48,4.83e-36,True,7,3.84e-32,True,84,1.49e-54,True
Complex_106,74,0.9005,0.1469,211,YDR471W,29,1.49e-54,True,48,4.83e-36,True,7,3.84e-32,True,84,1.49e-54,True
Complex_106,74,0.9005,0.1469,490,YJR123W,29,1.49e-54,True,48,4.83e-36,True,7,3.84e-32,True,84,1.49e-54,True
Complex_106,74,0.9005,0.1469,237,YER074W,29,1.49e-54,True,48,4.83e-36,True,7,3.84e-32,True,84,1.49e-54,True
Complex_106,74,0.9005,0.1469,627,YML073C,29,1.49e-54,True,48,4.83e-36,True,7,3.84e-32,True,84,1.49e-54,True
Complex_106,74,0.9005,0.1469,836,YPL090C,29,1.49e-54,True,48,4.83e-36,True,7,3.84e-32,True,84,1.49e-54,True
Complex_106,74,0.9005,0.1469,778,YOR096W,29,1.49e-54,True,48,4.83e-36,True,7,3.84e-32,True,84,1.49e-54,True
Complex_106,74,0.9005,0.1469,334,YGR085C,29,1.49e-54,True,48,4.83e-36,True,7,3.84e-32,True,84,1.49e-54,True
Complex_106,74,0.9005,0.1469,622,YML063W,29,1.49e-54,True,48,4.83e-36,True,7,3.84e-32,True,84,1.49e-54,True
Complex_106,74,0.9005,0.1469,37,YBR031W,29,1.49e-54,True,48,4.83e-36,True,7,3.84e-32,True,84,1.49e-54,True
Complex_106,74,0.9005,0.1469,546,YLR075W,29,1.49e-54,True,48,4.83e-36,True,7,3.84e-32,True,84,1.49e-54,True
Complex_106,74,0.9005,0.1469,83,YCR031C,29,1.49e-54,True,48,4.83e-36,True,7,3.84e-32,True,84,1.49e-54,True
Complex_106,74,0.9005,0.1469,705,YNL178W,29,1.49e-54,True,48,4.83e-36,True,7,3.84e-32,True,84,1.49e-54,True
Complex_106,74,0.9005,0.1469,609,YLR441C,29,1.49e-54,True,48,4.83e-36,True,7,3.84e-32,True,84,1.49e-54,True
Complex_106,74,0.9005,0.1469,610,YLR448W,29,1.49e-54,True,48,4.83e-36,True,7,3.84e-32,True,84,1.49e-54,True
Complex_106,74,0.9005,0.1469,463,YJL177W,29,1.49e-54,True,48,4.83e-36,True,7,3.84e-32,True,84,1.49e-54,True
Complex_106,74,0.9005,0.1469,274,YFR031C-A,29,1.49e-54,True,48,4.83e-36,True,7,3.84e-32,True,84,1.49e-54,True
Complex_106,74,0.9005,0.1469,295,YGL103W,29,1.49e-54,True,48,4.83e-36,True,7,3.84e-32,True,84,1.49e-54,True
Complex_106,74,0.9005,0.1469,113,YDL082W,29,1.49e-54,True,48,4.83e-36,True,7,3.84e-32,True,84,1.49e-54,True
Complex_106,74,0.9005,0.1469,29,YBL072C,29,1.49e-54,True,48,4.83e-36,True,7,3.84e-32,True,84,1.49e-54,True
Complex_106,74,0.9005,0.1469,676,YNL002C,29,1.49e-54,True,48,4.83e-36,True,7,3.84e-32,True,84,1.49e-54,True
Complex_106,74,0.9005,0.1469,538,YLL045C,29,1.49e-54,True,48,4.83e-36,True,7,3.84e-32,True,84,1.49e-54,True
Complex_106,74,0.9005,0.1469,289,YGL076C,29,1.49e-54,True,48,4.83e-36,True,7,3.84e-32,True,84,1.49e-54,True
Complex_106,74,0.9005,0.1469,228,YER006W,29,1.49e-54,True,48,4.83e-36,True,7,3.84e-32,True,84,1.49e-54,True
Complex_106,74,0.9005,0.1469,658,YMR194W,29,1.49e-54,True,48,4.83e-36,True,7,3.84e-32,True,84,1.49e-54,True
Complex_106,74,0.9005,0.1469,861,YPL249C-A,29,1.49e-54,True,48,4.83e-36,True,7,3.84e-32,True,84,1.49e-54,True
Complex_106,74,0.9005,0.1469,740,YNR053C,29,1.49e-54,True,48,4.83e-36,True,7,3.84e-32,True,84,1.49e-54,True
Complex_106,74,0.9005,0.1469,282,YGL030W,29,1.49e-54,True,48,4.83e-36,True,7,3.84e-32,True,84,1.49e-54,True
Complex_106,74,0.9005,0.1469,533,YLL008W,29,1.49e-54,True,48,4.83e-36,True,7,3.84e-32,True,84,1.49e-54,True
Complex_106,74,0.9005,0.1469,867,YPR016C,29,1.49e-54,True,48,4.83e-36,True,7,3.84e-32,True,84,1.49e-54,True
Complex_106,74,0.9005,0.1469,150,YDR101C,29,1.49e-54,True,48,4.83e-36,True,7,3.84e-32,True,84,1.49e-54,True
Complex_106,74,0.9005,0.1469,539,YLR002C,29,1.49e-54,True,48,4.83e-36,True,7,3.84e-32,True,84,1.49e-54,True
Complex_106,74,0.9005,0.1469,366,YGR245C,29,1.49e-54,True,48,4.83e-36,True,7,3.84e-32,True,84,1.49e-54,True
Complex_106,74,0.9005,0.1469,495,YKL009W,29,1.49e-54,True,48,4.83e-36,True,7,3.84e-32,True,84,1.49e-54,True
Complex_106,74,0.9005,0.1469,683,YNL061W,29,1.49e-54,True,48,4.83e-36,True,7,3.84e-32,True,84,1.49e-54,True
Complex_106,74,0.9005,0.1469,854,YPL211W,29,1.49e-54,True,48,4.83e-36,True,7,3.84e-32,True,84,1.49e-54,True
Complex_106,74,0.9005,0.1469,338,YGR103W,29,1.49e-54,True,48,4.83e-36,True,7,3.84e-32,True,84,1.49e-54,True
Complex_106,74,0.9005,0.1469,837,YPL093W,29,1.49e-54,True,48,4.83e-36,True,7,3.84e-32,True,84,1.49e-54,True
Complex_106,74,0.9005,0.1469,706,YNL182C,29,1.49e-54,True,48,4.83e-36,True,7,3.84e-32,True,84,1.49e-54,True
Complex_106,74,0.9005,0.1469,416,YHR197W,29,1.49e-54,True,48,4.83e-36,True,7,3.84e-32,True,84,1.49e-54,True
Complex_106,74,0.9005,0.1469,246,YER126C,29,1.49e-54,True,48,4.83e-36,True,7,3.84e-32,True,84,1.49e-54,True
Complex_106,74,0.9005,0.1469,808,YOR272W,29,1.49e-54,True,48,4.83e-36,True,7,3.84e-32,True,84,1.49e-54,True
Complex_106,74,0.9005,0.1469,297,YGL111W,29,1.49e-54,True,48,4.83e-36,True,7,3.84e-32,True,84,1.49e-54,True
Complex_106,74,0.9005,0.1469,670,YMR290C,29,1.49e-54,True,48,4.83e-36,True,7,3.84e-32,True,84,1.49e-54,True
Complex_106,74,0.9005,0.1469,258,YFL002C,29,1.49e-54,True,48,4.83e-36,True,7,3.84e-32,True,84,1.49e-54,True
Complex_106,74,0.9005,0.1469,642,YMR049C,29,1.49e-54,True,48,4.83e-36,True,7,3.84e-32,True,84,1.49e-54,True
Complex_106,74,0.9005,0.1469,529,YKR081C,29,1.49e-54,True,48,4.83e-36,True,7,3.84e-32,True,84,1.49e-54,True
Complex_106,74,0.9005,0.1469,755,YOL077C,29,1.49e-54,True,48,4.83e-36,True,7,3.84e-32,True,84,1.49e-54,True
Complex_106,74,0.9005,0.1469,215,YDR496C,29,1.49e-54,True,48,4.83e-36,True,7,3.84e-32,True,84,1.49e-54,True
Complex_106,74,0.9005,0.1469,388,YHR052W,29,1.49e-54,True,48,4.83e-36,True,7,3.84e-32,True,84,1.49e-54,True
Complex_106,74,0.9005,0.1469,796,YOR206W,29,1.49e-54,True,48,4.83e-36,True,7,3.84e-32,True,84,1.49e-54,True
Complex_106,74,0.9005,0.1469,147,YDR087C,29,1.49e-54,True,48,4.83e-36,True,7,3.84e-32,True,84,1.49e-54,True
Complex_106,74,0.9005,0.1469,694,YNL110C,29,1.49e-54,True,48,4.83e-36,True,7,3.84e-32,True,84,1.49e-54,True
Complex_106,74,0.9005,0.1469,111,YDL075W,29,1.49e-54,True,48,4.83e-36,True,7,3.84e-32,True,84,1.49e-54,True
Complex_106,74,0.9005,0.1469,604,YLR432W,29,1.49e-54,True,48,4.83e-36,True,7,3.84e-32,True,84,1.49e-54,True
Complex_106,74,0.9005,0.1469,346,YGR156W,29,1.49e-54,True,48,4.83e-36,True,7,3.84e-32,True,84,1.49e-54,True
Complex_106,74,0.9005,0.1469,59,YBR191W,29,1.49e-54,True,48,4.83e-36,True,7,3.84e-32,True,84,1.49e-54,True
Complex_106,74,0.9005,0.1469,267,YFR001W,29,1.49e-54,True,48,4.83e-36,True,7,3.84e-32,True,84,1.49e-54,True
Complex_106,74,0.9005,0.1469,820,YOR361C,29,1.49e-54,True,48,4.83e-36,True,7,3.84e-32,True,84,1.49e-54,True
Complex_106,74,0.9005,0.1469,136,YDR012W,29,1.49e-54,True,48,4.83e-36,True,7,3.84e-32,True,84,1.49e-54,True
Complex_106,74,0.9005,0.1469,584,YLR325C,29,1.49e-54,True,48,4.83e-36,True,7,3.84e-32,True,84,1.49e-54,True
Complex_106,74,0.9005,0.1469,587,YLR340W,29,1.49e-54,True,48,4.83e-36,True,7,3.84e-32,True,84,1.49e-54,True
Complex_106,74,0.9005,0.1469,829,YPL043W,29,1.49e-54,True,48,4.83e-36,True,7,3.84e-32,True,84,1.49e-54,True
Complex_106,74,0.9005,0.1469,574,YLR276C,29,1.49e-54,True,48,4.83e-36,True,7,3.84e-32,True,84,1.49e-54,True
Complex_106,74,0.9005,0.1469,577,YLR287C-A,29,1.49e-54,True,48,4.83e-36,True,7,3.84e-32,True,84,1.49e-54,True
Complex_106,74,0.9005,0.1469,51,YBR142W,29,1.49e-54,True,48,4.83e-36,True,7,3.84e-32,True,84,1.49e-54,True
Complex_106,74,0.9005,0.1469,597,YLR406C,29,1.49e-54,True,48,4.83e-36,True,7,3.84e-32,True,84,1.49e-54,True
Complex_106,74,0.9005,0.1469,620,YML056C,29,1.49e-54,True,48,4.83e-36,True,7,3.84e-32,True,84,1.49e-54,True
Complex_106,74,0.9005,0.1469,469,YJL191W,29,1.49e-54,True,48,4.83e-36,True,7,3.84e-32,True,84,1.49e-54,True
Complex_106,74,0.9005,0.1469,42,YBR079C,29,1.49e-54,True,48,4.83e-36,True,7,3.84e-32,True,84,1.49e-54,True
Complex_106,74,0.9005,0.1469,395,YHR088W,29,1.49e-54,True,48,4.83e-36,True,7,3.84e-32,True,84,1.49e-54,True
Complex_107,82,0.9004,0.1463,775,YOR063W,38,2.65e-56,True,54,1.85e-35,True,16,2.56e-25,True,108,2.65e-56,True
Complex_107,82,0.9004,0.1463,7,YAL035W,38,2.65e-56,True,54,1.85e-35,True,16,2.56e-25,True,108,2.65e-56,True
Complex_107,82,0.9004,0.1463,538,YLL045C,38,2.65e-56,True,54,1.85e-35,True,16,2.56e-25,True,108,2.65e-56,True
Complex_107,82,0.9004,0.1463,202,YDR418W,38,2.65e-56,True,54,1.85e-35,True,16,2.56e-25,True,108,2.65e-56,True
Complex_107,82,0.9004,0.1463,705,YNL178W,38,2.65e-56,True,54,1.85e-35,True,16,2.56e-25,True,108,2.65e-56,True
Complex_107,82,0.9004,0.1463,490,YJR123W,38,2.65e-56,True,54,1.85e-35,True,16,2.56e-25,True,108,2.65e-56,True
Complex_107,82,0.9004,0.1463,113,YDL082W,38,2.65e-56,True,54,1.85e-35,True,16,2.56e-25,True,108,2.65e-56,True
Complex_107,82,0.9004,0.1463,274,YFR031C-A,38,2.65e-56,True,54,1.85e-35,True,16,2.56e-25,True,108,2.65e-56,True
Complex_107,82,0.9004,0.1463,468,YJL190C,38,2.65e-56,True,54,1.85e-35,True,16,2.56e-25,True,108,2.65e-56,True
Complex_107,82,0.9004,0.1463,289,YGL076C,38,2.65e-56,True,54,1.85e-35,True,16,2.56e-25,True,108,2.65e-56,True
Complex_107,82,0.9004,0.1463,676,YNL002C,38,2.65e-56,True,54,1.85e-35,True,16,2.56e-25,True,108,2.65e-56,True
Complex_107,82,0.9004,0.1463,295,YGL103W,38,2.65e-56,True,54,1.85e-35,True,16,2.56e-25,True,108,2.65e-56,True
Complex_107,82,0.9004,0.1463,334,YGR085C,38,2.65e-56,True,54,1.85e-35,True,16,2.56e-25,True,108,2.65e-56,True
Complex_107,82,0.9004,0.1463,627,YML073C,38,2.65e-56,True,54,1.85e-35,True,16,2.56e-25,True,108,2.65e-56,True
Complex_107,82,0.9004,0.1463,228,YER006W,38,2.65e-56,True,54,1.85e-35,True,16,2.56e-25,True,108,2.65e-56,True
Complex_107,82,0.9004,0.1463,237,YER074W,38,2.65e-56,True,54,1.85e-35,True,16,2.56e-25,True,108,2.65e-56,True
Complex_107,82,0.9004,0.1463,658,YMR194W,38,2.65e-56,True,54,1.85e-35,True,16,2.56e-25,True,108,2.65e-56,True
Complex_107,82,0.9004,0.1463,211,YDR471W,38,2.65e-56,True,54,1.85e-35,True,16,2.56e-25,True,108,2.65e-56,True
Complex_107,82,0.9004,0.1463,861,YPL249C-A,38,2.65e-56,True,54,1.85e-35,True,16,2.56e-25,True,108,2.65e-56,True
Complex_107,82,0.9004,0.1463,282,YGL030W,38,2.65e-56,True,54,1.85e-35,True,16,2.56e-25,True,108,2.65e-56,True
Complex_107,82,0.9004,0.1463,83,YCR031C,38,2.65e-56,True,54,1.85e-35,True,16,2.56e-25,True,108,2.65e-56,True
Complex_107,82,0.9004,0.1463,740,YNR053C,38,2.65e-56,True,54,1.85e-35,True,16,2.56e-25,True,108,2.65e-56,True
Complex_107,82,0.9004,0.1463,533,YLL008W,38,2.65e-56,True,54,1.85e-35,True,16,2.56e-25,True,108,2.65e-56,True
Complex_107,82,0.9004,0.1463,867,YPR016C,38,2.65e-56,True,54,1.85e-35,True,16,2.56e-25,True,108,2.65e-56,True
Complex_107,82,0.9004,0.1463,539,YLR002C,38,2.65e-56,True,54,1.85e-35,True,16,2.56e-25,True,108,2.65e-56,True
Complex_107,82,0.9004,0.1463,761,YOL127W,38,2.65e-56,True,54,1.85e-35,True,16,2.56e-25,True,108,2.65e-56,True
Complex_107,82,0.9004,0.1463,150,YDR101C,38,2.65e-56,True,54,1.85e-35,True,16,2.56e-25,True,108,2.65e-56,True
Complex_107,82,0.9004,0.1463,366,YGR245C,38,2.65e-56,True,54,1.85e-35,True,16,2.56e-25,True,108,2.65e-56,True
Complex_107,82,0.9004,0.1463,495,YKL009W,38,2.65e-56,True,54,1.85e-35,True,16,2.56e-25,True,108,2.65e-56,True
Complex_107,82,0.9004,0.1463,683,YNL061W,38,2.65e-56,True,54,1.85e-35,True,16,2.56e-25,True,108,2.65e-56,True
Complex_107,82,0.9004,0.1463,416,YHR197W,38,2.65e-56,True,54,1.85e-35,True,16,2.56e-25,True,108,2.65e-56,True
Complex_107,82,0.9004,0.1463,837,YPL093W,38,2.65e-56,True,54,1.85e-35,True,16,2.56e-25,True,108,2.65e-56,True
Complex_107,82,0.9004,0.1463,854,YPL211W,38,2.65e-56,True,54,1.85e-35,True,16,2.56e-25,True,108,2.65e-56,True
Complex_107,82,0.9004,0.1463,706,YNL182C,38,2.65e-56,True,54,1.85e-35,True,16,2.56e-25,True,108,2.65e-56,True
Complex_107,82,0.9004,0.1463,246,YER126C,38,2.65e-56,True,54,1.85e-35,True,16,2.56e-25,True,108,2.65e-56,True
Complex_107,82,0.9004,0.1463,338,YGR103W,38,2.65e-56,True,54,1.85e-35,True,16,2.56e-25,True,108,2.65e-56,True
Complex_107,82,0.9004,0.1463,808,YOR272W,38,2.65e-56,True,54,1.85e-35,True,16,2.56e-25,True,108,2.65e-56,True
Complex_107,82,0.9004,0.1463,297,YGL111W,38,2.65e-56,True,54,1.85e-35,True,16,2.56e-25,True,108,2.65e-56,True
Complex_107,82,0.9004,0.1463,258,YFL002C,38,2.65e-56,True,54,1.85e-35,True,16,2.56e-25,True,108,2.65e-56,True
Complex_107,82,0.9004,0.1463,670,YMR290C,38,2.65e-56,True,54,1.85e-35,True,16,2.56e-25,True,108,2.65e-56,True
Complex_107,82,0.9004,0.1463,642,YMR049C,38,2.65e-56,True,54,1.85e-35,True,16,2.56e-25,True,108,2.65e-56,True
Complex_107,82,0.9004,0.1463,755,YOL077C,38,2.65e-56,True,54,1.85e-35,True,16,2.56e-25,True,108,2.65e-56,True
Complex_107,82,0.9004,0.1463,529,YKR081C,38,2.65e-56,True,54,1.85e-35,True,16,2.56e-25,True,108,2.65e-56,True
Complex_107,82,0.9004,0.1463,388,YHR052W,38,2.65e-56,True,54,1.85e-35,True,16,2.56e-25,True,108,2.65e-56,True
Complex_107,82,0.9004,0.1463,215,YDR496C,38,2.65e-56,True,54,1.85e-35,True,16,2.56e-25,True,108,2.65e-56,True
Complex_107,82,0.9004,0.1463,796,YOR206W,38,2.65e-56,True,54,1.85e-35,True,16,2.56e-25,True,108,2.65e-56,True
Complex_107,82,0.9004,0.1463,694,YNL110C,38,2.65e-56,True,54,1.85e-35,True,16,2.56e-25,True,108,2.65e-56,True
Complex_107,82,0.9004,0.1463,318,YGL246C,38,2.65e-56,True,54,1.85e-35,True,16,2.56e-25,True,108,2.65e-56,True
Complex_107,82,0.9004,0.1463,820,YOR361C,38,2.65e-56,True,54,1.85e-35,True,16,2.56e-25,True,108,2.65e-56,True
Complex_107,82,0.9004,0.1463,874,YPR041W,38,2.65e-56,True,54,1.85e-35,True,16,2.56e-25,True,108,2.65e-56,True
Complex_107,82,0.9004,0.1463,584,YLR325C,38,2.65e-56,True,54,1.85e-35,True,16,2.56e-25,True,108,2.65e-56,True
Complex_107,82,0.9004,0.1463,611,YLR449W,38,2.65e-56,True,54,1.85e-35,True,16,2.56e-25,True,108,2.65e-56,True
Complex_107,82,0.9004,0.1463,142,YDR060W,38,2.65e-56,True,54,1.85e-35,True,16,2.56e-25,True,108,2.65e-56,True
Complex_107,82,0.9004,0.1463,558,YLR192C,38,2.65e-56,True,54,1.85e-35,True,16,2.56e-25,True,108,2.65e-56,True
Complex_107,82,0.9004,0.1463,267,YFR001W,38,2.65e-56,True,54,1.85e-35,True,16,2.56e-25,True,108,2.65e-56,True
Complex_107,82,0.9004,0.1463,604,YLR432W,38,2.65e-56,True,54,1.85e-35,True,16,2.56e-25,True,108,2.65e-56,True
Complex_107,82,0.9004,0.1463,204,YDR429C,38,2.65e-56,True,54,1.85e-35,True,16,2.56e-25,True,108,2.65e-56,True
Complex_107,82,0.9004,0.1463,620,YML056C,38,2.65e-56,True,54,1.85e-35,True,16,2.56e-25,True,108,2.65e-56,True
Complex_107,82,0.9004,0.1463,42,YBR079C,38,2.65e-56,True,54,1.85e-35,True,16,2.56e-25,True,108,2.65e-56,True
Complex_107,82,0.9004,0.1463,546,YLR075W,38,2.65e-56,True,54,1.85e-35,True,16,2.56e-25,True,108,2.65e-56,True
Complex_107,82,0.9004,0.1463,829,YPL043W,38,2.65e-56,True,54,1.85e-35,True,16,2.56e-25,True,108,2.65e-56,True
Complex_107,82,0.9004,0.1463,51,YBR142W,38,2.65e-56,True,54,1.85e-35,True,16,2.56e-25,True,108,2.65e-56,True
Complex_107,82,0.9004,0.1463,574,YLR276C,38,2.65e-56,True,54,1.85e-35,True,16,2.56e-25,True,108,2.65e-56,True
Complex_107,82,0.9004,0.1463,673,YMR309C,38,2.65e-56,True,54,1.85e-35,True,16,2.56e-25,True,108,2.65e-56,True
Complex_107,82,0.9004,0.1463,148,YDR091C,38,2.65e-56,True,54,1.85e-35,True,16,2.56e-25,True,108,2.65e-56,True
Complex_107,82,0.9004,0.1463,653,YMR146C,38,2.65e-56,True,54,1.85e-35,True,16,2.56e-25,True,108,2.65e-56,True
Complex_107,82,0.9004,0.1463,512,YKL172W,38,2.65e-56,True,54,1.85e-35,True,16,2.56e-25,True,108,2.65e-56,True
Complex_107,82,0.9004,0.1463,469,YJL191W,38,2.65e-56,True,54,1.85e-35,True,16,2.56e-25,True,108,2.65e-56,True
Complex_107,82,0.9004,0.1463,100,YDL031W,38,2.65e-56,True,54,1.85e-35,True,16,2.56e-25,True,108,2.65e-56,True
Complex_107,82,0.9004,0.1463,136,YDR012W,38,2.65e-56,True,54,1.85e-35,True,16,2.56e-25,True,108,2.65e-56,True
Complex_107,82,0.9004,0.1463,59,YBR191W,38,2.65e-56,True,54,1.85e-35,True,16,2.56e-25,True,108,2.65e-56,True
Complex_107,82,0.9004,0.1463,395,YHR088W,38,2.65e-56,True,54,1.85e-35,True,16,2.56e-25,True,108,2.65e-56,True
Complex_107,82,0.9004,0.1463,111,YDL075W,38,2.65e-56,True,54,1.85e-35,True,16,2.56e-25,True,108,2.65e-56,True
Complex_107,82,0.9004,0.1463,597,YLR406C,38,2.65e-56,True,54,1.85e-35,True,16,2.56e-25,True,108,2.65e-56,True
Complex_107,82,0.9004,0.1463,14,YAR073W,38,2.65e-56,True,54,1.85e-35,True,16,2.56e-25,True,108,2.65e-56,True
Complex_107,82,0.9004,0.1463,577,YLR287C-A,38,2.65e-56,True,54,1.85e-35,True,16,2.56e-25,True,108,2.65e-56,True
Complex_107,82,0.9004,0.1463,652,YMR142C,38,2.65e-56,True,54,1.85e-35,True,16,2.56e-25,True,108,2.65e-56,True
Complex_107,82,0.9004,0.1463,728,YNL301C,38,2.65e-56,True,54,1.85e-35,True,16,2.56e-25,True,108,2.65e-56,True
Complex_107,82,0.9004,0.1463,378,YHL015W,38,2.65e-56,True,54,1.85e-35,True,16,2.56e-25,True,108,2.65e-56,True
Complex_107,82,0.9004,0.1463,279,YGL014W,38,2.65e-56,True,54,1.85e-35,True,16,2.56e-25,True,108,2.65e-56,True
Complex_107,82,0.9004,0.1463,663,YMR230W,38,2.65e-56,True,54,1.85e-35,True,16,2.56e-25,True,108,2.65e-56,True
Complex_107,82,0.9004,0.1463,729,YNL302C,38,2.65e-56,True,54,1.85e-35,True,16,2.56e-25,True,108,2.65e-56,True
Complex_108,50,0.9002,0.2174,14,YAR073W,19,2.08e-36,True,37,3.45e-32,True,8,1.78e-27,True,64,2.08e-36,True
Complex_108,50,0.9002,0.2174,334,YGR085C,19,2.08e-36,True,37,3.45e-32,True,8,1.78e-27,True,64,2.08e-36,True
Complex_108,50,0.9002,0.2174,604,YLR432W,19,2.08e-36,True,37,3.45e-32,True,8,1.78e-27,True,64,2.08e-36,True
Complex_108,50,0.9002,0.2174,851,YPL198W,19,2.08e-36,True,37,3.45e-32,True,8,1.78e-27,True,64,2.08e-36,True
Complex_108,50,0.9002,0.2174,538,YLL045C,19,2.08e-36,True,37,3.45e-32,True,8,1.78e-27,True,64,2.08e-36,True
Complex_108,50,0.9002,0.2174,228,YER006W,19,2.08e-36,True,37,3.45e-32,True,8,1.78e-27,True,64,2.08e-36,True
Complex_108,50,0.9002,0.2174,495,YKL009W,19,2.08e-36,True,37,3.45e-32,True,8,1.78e-27,True,64,2.08e-36,True
Complex_108,50,0.9002,0.2174,683,YNL061W,19,2.08e-36,True,37,3.45e-32,True,8,1.78e-27,True,64,2.08e-36,True
Complex_108,50,0.9002,0.2174,533,YLL008W,19,2.08e-36,True,37,3.45e-32,True,8,1.78e-27,True,64,2.08e-36,True
Complex_108,50,0.9002,0.2174,837,YPL093W,19,2.08e-36,True,37,3.45e-32,True,8,1.78e-27,True,64,2.08e-36,True
Complex_108,50,0.9002,0.2174,539,YLR002C,19,2.08e-36,True,37,3.45e-32,True,8,1.78e-27,True,64,2.08e-36,True
Complex_108,50,0.9002,0.2174,854,YPL211W,19,2.08e-36,True,37,3.45e-32,True,8,1.78e-27,True,64,2.08e-36,True
Complex_108,50,0.9002,0.2174,808,YOR272W,19,2.08e-36,True,37,3.45e-32,True,8,1.78e-27,True,64,2.08e-36,True
Complex_108,50,0.9002,0.2174,670,YMR290C,19,2.08e-36,True,37,3.45e-32,True,8,1.78e-27,True,64,2.08e-36,True
Complex_108,50,0.9002,0.2174,755,YOL077C,19,2.08e-36,True,37,3.45e-32,True,8,1.78e-27,True,64,2.08e-36,True
Complex_108,50,0.9002,0.2174,861,YPL249C-A,19,2.08e-36,True,37,3.45e-32,True,8,1.78e-27,True,64,2.08e-36,True
Complex_108,50,0.9002,0.2174,289,YGL076C,19,2.08e-36,True,37,3.45e-32,True,8,1.78e-27,True,64,2.08e-36,True
Complex_108,50,0.9002,0.2174,529,YKR081C,19,2.08e-36,True,37,3.45e-32,True,8,1.78e-27,True,64,2.08e-36,True
Complex_108,50,0.9002,0.2174,215,YDR496C,19,2.08e-36,True,37,3.45e-32,True,8,1.78e-27,True,64,2.08e-36,True
Complex_108,50,0.9002,0.2174,775,YOR063W,19,2.08e-36,True,37,3.45e-32,True,8,1.78e-27,True,64,2.08e-36,True
Complex_108,50,0.9002,0.2174,295,YGL103W,19,2.08e-36,True,37,3.45e-32,True,8,1.78e-27,True,64,2.08e-36,True
Complex_108,50,0.9002,0.2174,627,YML073C,19,2.08e-36,True,37,3.45e-32,True,8,1.78e-27,True,64,2.08e-36,True
Complex_108,50,0.9002,0.2174,147,YDR087C,19,2.08e-36,True,37,3.45e-32,True,8,1.78e-27,True,64,2.08e-36,True
Complex_108,50,0.9002,0.2174,611,YLR449W,19,2.08e-36,True,37,3.45e-32,True,8,1.78e-27,True,64,2.08e-36,True
Complex_108,50,0.9002,0.2174,51,YBR142W,19,2.08e-36,True,37,3.45e-32,True,8,1.78e-27,True,64,2.08e-36,True
Complex_108,50,0.9002,0.2174,829,YPL043W,19,2.08e-36,True,37,3.45e-32,True,8,1.78e-27,True,64,2.08e-36,True
Complex_108,50,0.9002,0.2174,282,YGL030W,19,2.08e-36,True,37,3.45e-32,True,8,1.78e-27,True,64,2.08e-36,True
Complex_108,50,0.9002,0.2174,113,YDL082W,19,2.08e-36,True,37,3.45e-32,True,8,1.78e-27,True,64,2.08e-36,True
Complex_108,50,0.9002,0.2174,620,YML056C,19,2.08e-36,True,37,3.45e-32,True,8,1.78e-27,True,64,2.08e-36,True
Complex_108,50,0.9002,0.2174,211,YDR471W,19,2.08e-36,True,37,3.45e-32,True,8,1.78e-27,True,64,2.08e-36,True
Complex_108,50,0.9002,0.2174,546,YLR075W,19,2.08e-36,True,37,3.45e-32,True,8,1.78e-27,True,64,2.08e-36,True
Complex_108,50,0.9002,0.2174,100,YDL031W,19,2.08e-36,True,37,3.45e-32,True,8,1.78e-27,True,64,2.08e-36,True
Complex_108,50,0.9002,0.2174,59,YBR191W,19,2.08e-36,True,37,3.45e-32,True,8,1.78e-27,True,64,2.08e-36,True
Complex_108,50,0.9002,0.2174,136,YDR012W,19,2.08e-36,True,37,3.45e-32,True,8,1.78e-27,True,64,2.08e-36,True
Complex_108,50,0.9002,0.2174,658,YMR194W,19,2.08e-36,True,37,3.45e-32,True,8,1.78e-27,True,64,2.08e-36,True
Complex_108,50,0.9002,0.2174,705,YNL178W,19,2.08e-36,True,37,3.45e-32,True,8,1.78e-27,True,64,2.08e-36,True
Complex_108,50,0.9002,0.2174,111,YDL075W,19,2.08e-36,True,37,3.45e-32,True,8,1.78e-27,True,64,2.08e-36,True
Complex_108,50,0.9002,0.2174,237,YER074W,19,2.08e-36,True,37,3.45e-32,True,8,1.78e-27,True,64,2.08e-36,True
Complex_108,50,0.9002,0.2174,761,YOL127W,19,2.08e-36,True,37,3.45e-32,True,8,1.78e-27,True,64,2.08e-36,True
Complex_108,50,0.9002,0.2174,587,YLR340W,19,2.08e-36,True,37,3.45e-32,True,8,1.78e-27,True,64,2.08e-36,True
Complex_108,50,0.9002,0.2174,395,YHR088W,19,2.08e-36,True,37,3.45e-32,True,8,1.78e-27,True,64,2.08e-36,True
Complex_108,50,0.9002,0.2174,728,YNL301C,19,2.08e-36,True,37,3.45e-32,True,8,1.78e-27,True,64,2.08e-36,True
Complex_108,50,0.9002,0.2174,83,YCR031C,19,2.08e-36,True,37,3.45e-32,True,8,1.78e-27,True,64,2.08e-36,True
Complex_108,50,0.9002,0.2174,274,YFR031C-A,19,2.08e-36,True,37,3.45e-32,True,8,1.78e-27,True,64,2.08e-36,True
Complex_108,50,0.9002,0.2174,375,YHL001W,19,2.08e-36,True,37,3.45e-32,True,8,1.78e-27,True,64,2.08e-36,True
Complex_108,50,0.9002,0.2174,610,YLR448W,19,2.08e-36,True,37,3.45e-32,True,8,1.78e-27,True,64,2.08e-36,True
Complex_108,50,0.9002,0.2174,609,YLR441C,19,2.08e-36,True,37,3.45e-32,True,8,1.78e-27,True,64,2.08e-36,True
Complex_108,50,0.9002,0.2174,622,YML063W,19,2.08e-36,True,37,3.45e-32,True,8,1.78e-27,True,64,2.08e-36,True
Complex_108,50,0.9002,0.2174,306,YGL147C,19,2.08e-36,True,37,3.45e-32,True,8,1.78e-27,True,64,2.08e-36,True
Complex_108,50,0.9002,0.2174,37,YBR031W,19,2.08e-36,True,37,3.45e-32,True,8,1.78e-27,True,64,2.08e-36,True
Complex_109,67,0.9002,0.2534,587,YLR340W,25,5.18e-53,True,44,2.70e-39,True,6,6.30e-36,True,75,5.18e-53,True
Complex_109,67,0.9002,0.2534,334,YGR085C,25,5.18e-53,True,44,2.70e-39,True,6,6.30e-36,True,75,5.18e-53,True
Complex_109,67,0.9002,0.2534,622,YML063W,25,5.18e-53,True,44,2.70e-39,True,6,6.30e-36,True,75,5.18e-53,True
Complex_109,67,0.9002,0.2534,513,YKL180W,25,5.18e-53,True,44,2.70e-39,True,6,6.30e-36,True,75,5.18e-53,True
Complex_109,67,0.9002,0.2534,861,YPL249C-A,25,5.18e-53,True,44,2.70e-39,True,6,6.30e-36,True,75,5.18e-53,True
Complex_109,67,0.9002,0.2534,274,YFR031C-A,25,5.18e-53,True,44,2.70e-39,True,6,6.30e-36,True,75,5.18e-53,True
Complex_109,67,0.9002,0.2534,667,YMR242C,25,5.18e-53,True,44,2.70e-39,True,6,6.30e-36,True,75,5.18e-53,True
Complex_109,67,0.9002,0.2534,610,YLR448W,25,5.18e-53,True,44,2.70e-39,True,6,6.30e-36,True,75,5.18e-53,True
Complex_109,67,0.9002,0.2534,295,YGL103W,25,5.18e-53,True,44,2.70e-39,True,6,6.30e-36,True,75,5.18e-53,True
Complex_109,67,0.9002,0.2534,685,YNL069C,25,5.18e-53,True,44,2.70e-39,True,6,6.30e-36,True,75,5.18e-53,True
Complex_109,67,0.9002,0.2534,463,YJL177W,25,5.18e-53,True,44,2.70e-39,True,6,6.30e-36,True,75,5.18e-53,True
Complex_109,67,0.9002,0.2534,111,YDL075W,25,5.18e-53,True,44,2.70e-39,True,6,6.30e-36,True,75,5.18e-53,True
Complex_109,67,0.9002,0.2534,113,YDL082W,25,5.18e-53,True,44,2.70e-39,True,6,6.30e-36,True,75,5.18e-53,True
Complex_109,67,0.9002,0.2534,434,YIL133C,25,5.18e-53,True,44,2.70e-39,True,6,6.30e-36,True,75,5.18e-53,True
Complex_109,67,0.9002,0.2534,83,YCR031C,25,5.18e-53,True,44,2.70e-39,True,6,6.30e-36,True,75,5.18e-53,True
Complex_109,67,0.9002,0.2534,114,YDL083C,25,5.18e-53,True,44,2.70e-39,True,6,6.30e-36,True,75,5.18e-53,True
Complex_109,67,0.9002,0.2534,627,YML073C,25,5.18e-53,True,44,2.70e-39,True,6,6.30e-36,True,75,5.18e-53,True
Complex_109,67,0.9002,0.2534,761,YOL127W,25,5.18e-53,True,44,2.70e-39,True,6,6.30e-36,True,75,5.18e-53,True
Complex_109,67,0.9002,0.2534,546,YLR075W,25,5.18e-53,True,44,2.70e-39,True,6,6.30e-36,True,75,5.18e-53,True
Complex_109,67,0.9002,0.2534,196,YDR382W,25,5.18e-53,True,44,2.70e-39,True,6,6.30e-36,True,75,5.18e-53,True
Complex_109,67,0.9002,0.2534,237,YER074W,25,5.18e-53,True,44,2.70e-39,True,6,6.30e-36,True,75,5.18e-53,True
Complex_109,67,0.9002,0.2534,728,YNL301C,25,5.18e-53,True,44,2.70e-39,True,6,6.30e-36,True,75,5.18e-53,True
Complex_109,67,0.9002,0.2534,538,YLL045C,25,5.18e-53,True,44,2.70e-39,True,6,6.30e-36,True,75,5.18e-53,True
Complex_109,67,0.9002,0.2534,658,YMR194W,25,5.18e-53,True,44,2.70e-39,True,6,6.30e-36,True,75,5.18e-53,True
Complex_109,67,0.9002,0.2534,289,YGL076C,25,5.18e-53,True,44,2.70e-39,True,6,6.30e-36,True,75,5.18e-53,True
Complex_109,67,0.9002,0.2534,676,YNL002C,25,5.18e-53,True,44,2.70e-39,True,6,6.30e-36,True,75,5.18e-53,True
Complex_109,67,0.9002,0.2534,228,YER006W,25,5.18e-53,True,44,2.70e-39,True,6,6.30e-36,True,75,5.18e-53,True
Complex_109,67,0.9002,0.2534,211,YDR471W,25,5.18e-53,True,44,2.70e-39,True,6,6.30e-36,True,75,5.18e-53,True
Complex_109,67,0.9002,0.2534,775,YOR063W,25,5.18e-53,True,44,2.70e-39,True,6,6.30e-36,True,75,5.18e-53,True
Complex_109,67,0.9002,0.2534,740,YNR053C,25,5.18e-53,True,44,2.70e-39,True,6,6.30e-36,True,75,5.18e-53,True
Complex_109,67,0.9002,0.2534,533,YLL008W,25,5.18e-53,True,44,2.70e-39,True,6,6.30e-36,True,75,5.18e-53,True
Complex_109,67,0.9002,0.2534,282,YGL030W,25,5.18e-53,True,44,2.70e-39,True,6,6.30e-36,True,75,5.18e-53,True
Complex_109,67,0.9002,0.2534,539,YLR002C,25,5.18e-53,True,44,2.70e-39,True,6,6.30e-36,True,75,5.18e-53,True
Complex_109,67,0.9002,0.2534,867,YPR016C,25,5.18e-53,True,44,2.70e-39,True,6,6.30e-36,True,75,5.18e-53,True
Complex_109,67,0.9002,0.2534,705,YNL178W,25,5.18e-53,True,44,2.70e-39,True,6,6.30e-36,True,75,5.18e-53,True
Complex_109,67,0.9002,0.2534,150,YDR101C,25,5.18e-53,True,44,2.70e-39,True,6,6.30e-36,True,75,5.18e-53,True
Complex_109,67,0.9002,0.2534,495,YKL009W,25,5.18e-53,True,44,2.70e-39,True,6,6.30e-36,True,75,5.18e-53,True
Complex_109,67,0.9002,0.2534,683,YNL061W,25,5.18e-53,True,44,2.70e-39,True,6,6.30e-36,True,75,5.18e-53,True
Complex_109,67,0.9002,0.2534,854,YPL211W,25,5.18e-53,True,44,2.70e-39,True,6,6.30e-36,True,75,5.18e-53,True
Complex_109,67,0.9002,0.2534,338,YGR103W,25,5.18e-53,True,44,2.70e-39,True,6,6.30e-36,True,75,5.18e-53,True
Complex_109,67,0.9002,0.2534,837,YPL093W,25,5.18e-53,True,44,2.70e-39,True,6,6.30e-36,True,75,5.18e-53,True
Complex_109,67,0.9002,0.2534,609,YLR441C,25,5.18e-53,True,44,2.70e-39,True,6,6.30e-36,True,75,5.18e-53,True
Complex_109,67,0.9002,0.2534,416,YHR197W,25,5.18e-53,True,44,2.70e-39,True,6,6.30e-36,True,75,5.18e-53,True
Complex_109,67,0.9002,0.2534,529,YKR081C,25,5.18e-53,True,44,2.70e-39,True,6,6.30e-36,True,75,5.18e-53,True
Complex_109,67,0.9002,0.2534,375,YHL001W,25,5.18e-53,True,44,2.70e-39,True,6,6.30e-36,True,75,5.18e-53,True
Complex_109,67,0.9002,0.2534,808,YOR272W,25,5.18e-53,True,44,2.70e-39,True,6,6.30e-36,True,75,5.18e-53,True
Complex_109,67,0.9002,0.2534,796,YOR206W,25,5.18e-53,True,44,2.70e-39,True,6,6.30e-36,True,75,5.18e-53,True
Complex_109,67,0.9002,0.2534,642,YMR049C,25,5.18e-53,True,44,2.70e-39,True,6,6.30e-36,True,75,5.18e-53,True
Complex_109,67,0.9002,0.2534,297,YGL111W,25,5.18e-53,True,44,2.70e-39,True,6,6.30e-36,True,75,5.18e-53,True
Complex_109,67,0.9002,0.2534,258,YFL002C,25,5.18e-53,True,44,2.70e-39,True,6,6.30e-36,True,75,5.18e-53,True
Complex_109,67,0.9002,0.2534,670,YMR290C,25,5.18e-53,True,44,2.70e-39,True,6,6.30e-36,True,75,5.18e-53,True
Complex_109,67,0.9002,0.2534,59,YBR191W,25,5.18e-53,True,44,2.70e-39,True,6,6.30e-36,True,75,5.18e-53,True
Complex_109,67,0.9002,0.2534,136,YDR012W,25,5.18e-53,True,44,2.70e-39,True,6,6.30e-36,True,75,5.18e-53,True
Complex_109,67,0.9002,0.2534,306,YGL147C,25,5.18e-53,True,44,2.70e-39,True,6,6.30e-36,True,75,5.18e-53,True
Complex_109,67,0.9002,0.2534,694,YNL110C,25,5.18e-53,True,44,2.70e-39,True,6,6.30e-36,True,75,5.18e-53,True
Complex_109,67,0.9002,0.2534,604,YLR432W,25,5.18e-53,True,44,2.70e-39,True,6,6.30e-36,True,75,5.18e-53,True
Complex_109,67,0.9002,0.2534,755,YOL077C,25,5.18e-53,True,44,2.70e-39,True,6,6.30e-36,True,75,5.18e-53,True
Complex_109,67,0.9002,0.2534,215,YDR496C,25,5.18e-53,True,44,2.70e-39,True,6,6.30e-36,True,75,5.18e-53,True
Complex_109,67,0.9002,0.2534,147,YDR087C,25,5.18e-53,True,44,2.70e-39,True,6,6.30e-36,True,75,5.18e-53,True
Complex_109,67,0.9002,0.2534,388,YHR052W,25,5.18e-53,True,44,2.70e-39,True,6,6.30e-36,True,75,5.18e-53,True
Complex_109,67,0.9002,0.2534,346,YGR156W,25,5.18e-53,True,44,2.70e-39,True,6,6.30e-36,True,75,5.18e-53,True
Complex_109,67,0.9002,0.2534,576,YLR287C,25,5.18e-53,True,44,2.70e-39,True,6,6.30e-36,True,75,5.18e-53,True
Complex_109,67,0.9002,0.2534,584,YLR325C,25,5.18e-53,True,44,2.70e-39,True,6,6.30e-36,True,75,5.18e-53,True
Complex_109,67,0.9002,0.2534,577,YLR287C-A,25,5.18e-53,True,44,2.70e-39,True,6,6.30e-36,True,75,5.18e-53,True
Complex_109,67,0.9002,0.2534,829,YPL043W,25,5.18e-53,True,44,2.70e-39,True,6,6.30e-36,True,75,5.18e-53,True
Complex_109,67,0.9002,0.2534,574,YLR276C,25,5.18e-53,True,44,2.70e-39,True,6,6.30e-36,True,75,5.18e-53,True
Complex_109,67,0.9002,0.2534,597,YLR406C,25,5.18e-53,True,44,2.70e-39,True,6,6.30e-36,True,75,5.18e-53,True
Complex_110,66,0.9001,0.2084,604,YLR432W,25,6.14e-51,True,49,1.83e-34,True,6,3.58e-30,True,80,6.14e-51,True
Complex_110,66,0.9001,0.2084,851,YPL198W,25,6.14e-51,True,49,1.83e-34,True,6,3.58e-30,True,80,6.14e-51,True
Complex_110,66,0.9001,0.2084,334,YGR085C,25,6.14e-51,True,49,1.83e-34,True,6,3.58e-30,True,80,6.14e-51,True
Complex_110,66,0.9001,0.2084,538,YLL045C,25,6.14e-51,True,49,1.83e-34,True,6,3.58e-30,True,80,6.14e-51,True
Complex_110,66,0.9001,0.2084,540,YLR029C,25,6.14e-51,True,49,1.83e-34,True,6,3.58e-30,True,80,6.14e-51,True
Complex_110,66,0.9001,0.2084,705,YNL178W,25,6.14e-51,True,49,1.83e-34,True,6,3.58e-30,True,80,6.14e-51,True
Complex_110,66,0.9001,0.2084,289,YGL076C,25,6.14e-51,True,49,1.83e-34,True,6,3.58e-30,True,80,6.14e-51,True
Complex_110,66,0.9001,0.2084,627,YML073C,25,6.14e-51,True,49,1.83e-34,True,6,3.58e-30,True,80,6.14e-51,True
Complex_110,66,0.9001,0.2084,676,YNL002C,25,6.14e-51,True,49,1.83e-34,True,6,3.58e-30,True,80,6.14e-51,True
Complex_110,66,0.9001,0.2084,295,YGL103W,25,6.14e-51,True,49,1.83e-34,True,6,3.58e-30,True,80,6.14e-51,True
Complex_110,66,0.9001,0.2084,228,YER006W,25,6.14e-51,True,49,1.83e-34,True,6,3.58e-30,True,80,6.14e-51,True
Complex_110,66,0.9001,0.2084,867,YPR016C,25,6.14e-51,True,49,1.83e-34,True,6,3.58e-30,True,80,6.14e-51,True
Complex_110,66,0.9001,0.2084,533,YLL008W,25,6.14e-51,True,49,1.83e-34,True,6,3.58e-30,True,80,6.14e-51,True
Complex_110,66,0.9001,0.2084,683,YNL061W,25,6.14e-51,True,49,1.83e-34,True,6,3.58e-30,True,80,6.14e-51,True
Complex_110,66,0.9001,0.2084,495,YKL009W,25,6.14e-51,True,49,1.83e-34,True,6,3.58e-30,True,80,6.14e-51,True
Complex_110,66,0.9001,0.2084,837,YPL093W,25,6.14e-51,True,49,1.83e-34,True,6,3.58e-30,True,80,6.14e-51,True
Complex_110,66,0.9001,0.2084,539,YLR002C,25,6.14e-51,True,49,1.83e-34,True,6,3.58e-30,True,80,6.14e-51,True
Complex_110,66,0.9001,0.2084,854,YPL211W,25,6.14e-51,True,49,1.83e-34,True,6,3.58e-30,True,80,6.14e-51,True
Complex_110,66,0.9001,0.2084,150,YDR101C,25,6.14e-51,True,49,1.83e-34,True,6,3.58e-30,True,80,6.14e-51,True
Complex_110,66,0.9001,0.2084,338,YGR103W,25,6.14e-51,True,49,1.83e-34,True,6,3.58e-30,True,80,6.14e-51,True
Complex_110,66,0.9001,0.2084,808,YOR272W,25,6.14e-51,True,49,1.83e-34,True,6,3.58e-30,True,80,6.14e-51,True
Complex_110,66,0.9001,0.2084,297,YGL111W,25,6.14e-51,True,49,1.83e-34,True,6,3.58e-30,True,80,6.14e-51,True
Complex_110,66,0.9001,0.2084,670,YMR290C,25,6.14e-51,True,49,1.83e-34,True,6,3.58e-30,True,80,6.14e-51,True
Complex_110,66,0.9001,0.2084,861,YPL249C-A,25,6.14e-51,True,49,1.83e-34,True,6,3.58e-30,True,80,6.14e-51,True
Complex_110,66,0.9001,0.2084,755,YOL077C,25,6.14e-51,True,49,1.83e-34,True,6,3.58e-30,True,80,6.14e-51,True
Complex_110,66,0.9001,0.2084,388,YHR052W,25,6.14e-51,True,49,1.83e-34,True,6,3.58e-30,True,80,6.14e-51,True
Complex_110,66,0.9001,0.2084,529,YKR081C,25,6.14e-51,True,49,1.83e-34,True,6,3.58e-30,True,80,6.14e-51,True
Complex_110,66,0.9001,0.2084,215,YDR496C,25,6.14e-51,True,49,1.83e-34,True,6,3.58e-30,True,80,6.14e-51,True
Complex_110,66,0.9001,0.2084,796,YOR206W,25,6.14e-51,True,49,1.83e-34,True,6,3.58e-30,True,80,6.14e-51,True
Complex_110,66,0.9001,0.2084,775,YOR063W,25,6.14e-51,True,49,1.83e-34,True,6,3.58e-30,True,80,6.14e-51,True
Complex_110,66,0.9001,0.2084,318,YGL246C,25,6.14e-51,True,49,1.83e-34,True,6,3.58e-30,True,80,6.14e-51,True
Complex_110,66,0.9001,0.2084,147,YDR087C,25,6.14e-51,True,49,1.83e-34,True,6,3.58e-30,True,80,6.14e-51,True
Complex_110,66,0.9001,0.2084,611,YLR449W,25,6.14e-51,True,49,1.83e-34,True,6,3.58e-30,True,80,6.14e-51,True
Complex_110,66,0.9001,0.2084,142,YDR060W,25,6.14e-51,True,49,1.83e-34,True,6,3.58e-30,True,80,6.14e-51,True
Complex_110,66,0.9001,0.2084,267,YFR001W,25,6.14e-51,True,49,1.83e-34,True,6,3.58e-30,True,80,6.14e-51,True
Complex_110,66,0.9001,0.2084,829,YPL043W,25,6.14e-51,True,49,1.83e-34,True,6,3.58e-30,True,80,6.14e-51,True
Complex_110,66,0.9001,0.2084,620,YML056C,25,6.14e-51,True,49,1.83e-34,True,6,3.58e-30,True,80,6.14e-51,True
Complex_110,66,0.9001,0.2084,51,YBR142W,25,6.14e-51,True,49,1.83e-34,True,6,3.58e-30,True,80,6.14e-51,True
Complex_110,66,0.9001,0.2084,100,YDL031W,25,6.14e-51,True,49,1.83e-34,True,6,3.58e-30,True,80,6.14e-51,True
Complex_110,66,0.9001,0.2084,469,YJL191W,25,6.14e-51,True,49,1.83e-34,True,6,3.58e-30,True,80,6.14e-51,True
Complex_110,66,0.9001,0.2084,546,YLR075W,25,6.14e-51,True,49,1.83e-34,True,6,3.58e-30,True,80,6.14e-51,True
Complex_110,66,0.9001,0.2084,512,YKL172W,25,6.14e-51,True,49,1.83e-34,True,6,3.58e-30,True,80,6.14e-51,True
Complex_110,66,0.9001,0.2084,395,YHR088W,25,6.14e-51,True,49,1.83e-34,True,6,3.58e-30,True,80,6.14e-51,True
Complex_110,66,0.9001,0.2084,7,YAL035W,25,6.14e-51,True,49,1.83e-34,True,6,3.58e-30,True,80,6.14e-51,True
Complex_110,66,0.9001,0.2084,282,YGL030W,25,6.14e-51,True,49,1.83e-34,True,6,3.58e-30,True,80,6.14e-51,True
Complex_110,66,0.9001,0.2084,211,YDR471W,25,6.14e-51,True,49,1.83e-34,True,6,3.58e-30,True,80,6.14e-51,True
Complex_110,66,0.9001,0.2084,577,YLR287C-A,25,6.14e-51,True,49,1.83e-34,True,6,3.58e-30,True,80,6.14e-51,True
Complex_110,66,0.9001,0.2084,59,YBR191W,25,6.14e-51,True,49,1.83e-34,True,6,3.58e-30,True,80,6.14e-51,True
Complex_110,66,0.9001,0.2084,136,YDR012W,25,6.14e-51,True,49,1.83e-34,True,6,3.58e-30,True,80,6.14e-51,True
Complex_110,66,0.9001,0.2084,113,YDL082W,25,6.14e-51,True,49,1.83e-34,True,6,3.58e-30,True,80,6.14e-51,True
Complex_110,66,0.9001,0.2084,761,YOL127W,25,6.14e-51,True,49,1.83e-34,True,6,3.58e-30,True,80,6.14e-51,True
Complex_110,66,0.9001,0.2084,111,YDL075W,25,6.14e-51,True,49,1.83e-34,True,6,3.58e-30,True,80,6.14e-51,True
Complex_110,66,0.9001,0.2084,658,YMR194W,25,6.14e-51,True,49,1.83e-34,True,6,3.58e-30,True,80,6.14e-51,True
Complex_110,66,0.9001,0.2084,237,YER074W,25,6.14e-51,True,49,1.83e-34,True,6,3.58e-30,True,80,6.14e-51,True
Complex_110,66,0.9001,0.2084,587,YLR340W,25,6.14e-51,True,49,1.83e-34,True,6,3.58e-30,True,80,6.14e-51,True
Complex_110,66,0.9001,0.2084,728,YNL301C,25,6.14e-51,True,49,1.83e-34,True,6,3.58e-30,True,80,6.14e-51,True
Complex_110,66,0.9001,0.2084,83,YCR031C,25,6.14e-51,True,49,1.83e-34,True,6,3.58e-30,True,80,6.14e-51,True
Complex_110,66,0.9001,0.2084,14,YAR073W,25,6.14e-51,True,49,1.83e-34,True,6,3.58e-30,True,80,6.14e-51,True
Complex_110,66,0.9001,0.2084,274,YFR031C-A,25,6.14e-51,True,49,1.83e-34,True,6,3.58e-30,True,80,6.14e-51,True
Complex_110,66,0.9001,0.2084,375,YHL001W,25,6.14e-51,True,49,1.83e-34,True,6,3.58e-30,True,80,6.14e-51,True
Complex_110,66,0.9001,0.2084,609,YLR441C,25,6.14e-51,True,49,1.83e-34,True,6,3.58e-30,True,80,6.14e-51,True
Complex_110,66,0.9001,0.2084,652,YMR142C,25,6.14e-51,True,49,1.83e-34,True,6,3.58e-30,True,80,6.14e-51,True
Complex_110,66,0.9001,0.2084,610,YLR448W,25,6.14e-51,True,49,1.83e-34,True,6,3.58e-30,True,80,6.14e-51,True
Complex_110,66,0.9001,0.2084,306,YGL147C,25,6.14e-51,True,49,1.83e-34,True,6,3.58e-30,True,80,6.14e-51,True
Complex_110,66,0.9001,0.2084,23,YBL027W,25,6.14e-51,True,49,1.83e-34,True,6,3.58e-30,True,80,6.14e-51,True
Complex_110,66,0.9001,0.2084,37,YBR031W,25,6.14e-51,True,49,1.83e-34,True,6,3.58e-30,True,80,6.14e-51,True
