Complex_ID,Complex_Size,Complex_Score,Complex_Overlap_Score,Protein_ID,Protein_Name
Complex_1,5,0.9982,1.0,356,YGR200C
Complex_1,5,0.9982,1.0,594,YLR384C
Complex_1,5,0.9982,1.0,835,YPL086C
Complex_1,5,0.9982,1.0,675,YMR312W
Complex_1,5,0.9982,1.0,839,YPL101W
Complex_2,4,0.9976,1.0,253,YER157W
Complex_2,4,0.9976,1.0,681,YNL041C
Complex_2,4,0.9976,1.0,626,YML071C
Complex_2,4,0.9976,1.0,342,YGR120C
Complex_3,3,0.9944,1.0,268,YFR002W
Complex_3,3,0.9944,1.0,341,YGR119C
Complex_3,3,0.9944,1.0,310,YGL172W
Complex_4,11,0.993,1.0,713,YNL232W
Complex_4,11,0.993,1.0,736,YNR024W
Complex_4,11,0.993,1.0,768,YOR001W
Complex_4,11,0.993,1.0,747,YOL021C
Complex_4,11,0.993,1.0,337,YGR095C
Complex_4,11,0.993,1.0,392,YHR081W
Complex_4,11,0.993,1.0,347,YGR158C
Complex_4,11,0.993,1.0,84,YCR035C
Complex_4,11,0.993,1.0,120,YDL111C
Complex_4,11,0.993,1.0,355,YGR195W
Complex_4,11,0.993,1.0,177,YDR280W
Complex_5,7,0.9919,1.0,125,YDL145C
Complex_5,7,0.9919,1.0,171,YDR238C
Complex_5,7,0.9919,1.0,726,YNL287W
Complex_5,7,0.9919,1.0,425,YIL076W
Complex_5,7,0.9919,1.0,821,YPL010W
Complex_5,7,0.9919,1.0,278,YFR051C
Complex_5,7,0.9919,1.0,245,YER122C
Complex_6,7,0.9875,0.0238,222,YEL022W
Complex_6,7,0.9875,0.0238,385,YHR020W
Complex_6,7,0.9875,0.0238,484,YJR077C
Complex_6,7,0.9875,0.0238,359,YGR218W
Complex_6,7,0.9875,0.0238,555,YLR180W
Complex_6,7,0.9875,0.0238,637,YMR012W
Complex_6,7,0.9875,0.0238,35,YBR017C
Complex_7,19,0.9871,0.5307,123,YDL140C
Complex_7,19,0.9871,0.5307,288,YGL070C
Complex_7,19,0.9871,0.5307,320,YGR005C
Complex_7,19,0.9871,0.5307,419,YIL021W
Complex_7,19,0.9871,0.5307,744,YOL005C
Complex_7,19,0.9871,0.5307,788,YOR151C
Complex_7,19,0.9871,0.5307,284,YGL043W
Complex_7,19,0.9871,0.5307,54,YBR154C
Complex_7,19,0.9871,0.5307,798,YOR210W
Complex_7,19,0.9871,0.5307,897,YPR187W
Complex_7,19,0.9871,0.5307,800,YOR224C
Complex_7,19,0.9871,0.5307,866,YPR010C
Complex_7,19,0.9871,0.5307,327,YGR063C
Complex_7,19,0.9871,0.5307,547,YLR106C
Complex_7,19,0.9871,0.5307,842,YPL129W
Complex_7,19,0.9871,0.5307,637,YMR012W
Complex_7,19,0.9871,0.5307,555,YLR180W
Complex_7,19,0.9871,0.5307,461,YJL140W
Complex_7,19,0.9871,0.5307,783,YOR133W
Complex_8,8,0.9867,0.375,153,YDR121W
Complex_8,8,0.9867,0.375,304,YGL133W
Complex_8,8,0.9867,0.375,812,YOR304W
Complex_8,8,0.9867,0.375,271,YFR013W
Complex_8,8,0.9867,0.375,781,YOR116C
Complex_8,8,0.9867,0.375,64,YBR245C
Complex_8,8,0.9867,0.375,276,YFR037C
Complex_8,8,0.9867,0.375,432,YIL126W
Complex_9,8,0.9845,0.375,64,YBR245C
Complex_9,8,0.9845,0.375,271,YFR013W
Complex_9,8,0.9845,0.375,304,YGL133W
Complex_9,8,0.9845,0.375,812,YOR304W
Complex_9,8,0.9845,0.375,153,YDR121W
Complex_9,8,0.9845,0.375,276,YFR037C
Complex_9,8,0.9845,0.375,432,YIL126W
Complex_9,8,0.9845,0.375,797,YOR207C
Complex_10,34,0.9842,0.5882,54,YBR154C
Complex_10,34,0.9842,0.5882,897,YPR187W
Complex_10,34,0.9842,0.5882,800,YOR224C
Complex_10,34,0.9842,0.5882,798,YOR210W
Complex_10,34,0.9842,0.5882,696,YNL113W
Complex_10,34,0.9842,0.5882,884,YPR110C
Complex_10,34,0.9842,0.5882,480,YJR063W
Complex_10,34,0.9842,0.5882,817,YOR340C
Complex_10,34,0.9842,0.5882,866,YPR010C
Complex_10,34,0.9842,0.5882,818,YOR341W
Complex_10,34,0.9842,0.5882,717,YNL248C
Complex_10,34,0.9842,0.5882,320,YGR005C
Complex_10,34,0.9842,0.5882,419,YIL021W
Complex_10,34,0.9842,0.5882,288,YGL070C
Complex_10,34,0.9842,0.5882,327,YGR063C
Complex_10,34,0.9842,0.5882,702,YNL151C
Complex_10,34,0.9842,0.5882,781,YOR116C
Complex_10,34,0.9842,0.5882,899,YPR190C
Complex_10,34,0.9842,0.5882,788,YOR151C
Complex_10,34,0.9842,0.5882,404,YHR143W-A
Complex_10,34,0.9842,0.5882,123,YDL140C
Complex_10,34,0.9842,0.5882,508,YKL144C
Complex_10,34,0.9842,0.5882,520,YKR025W
Complex_10,34,0.9842,0.5882,842,YPL129W
Complex_10,34,0.9842,0.5882,141,YDR045C
Complex_10,34,0.9842,0.5882,158,YDR156W
Complex_10,34,0.9842,0.5882,462,YJL148W
Complex_10,34,0.9842,0.5882,744,YOL005C
Complex_10,34,0.9842,0.5882,166,YDR211W
Complex_10,34,0.9842,0.5882,797,YOR207C
Complex_10,34,0.9842,0.5882,127,YDL150W
Complex_10,34,0.9842,0.5882,445,YJL011C
Complex_10,34,0.9842,0.5882,317,YGL245W
Complex_10,34,0.9842,0.5882,461,YJL140W
Complex_11,8,0.9834,0.375,167,YDR224C
Complex_11,8,0.9834,0.375,432,YIL126W
Complex_11,8,0.9834,0.375,304,YGL133W
Complex_11,8,0.9834,0.375,812,YOR304W
Complex_11,8,0.9834,0.375,271,YFR013W
Complex_11,8,0.9834,0.375,153,YDR121W
Complex_11,8,0.9834,0.375,64,YBR245C
Complex_11,8,0.9834,0.375,781,YOR116C
Complex_12,6,0.9832,0.0278,35,YBR017C
Complex_12,6,0.9832,0.0278,222,YEL022W
Complex_12,6,0.9832,0.0278,484,YJR077C
Complex_12,6,0.9832,0.0278,385,YHR020W
Complex_12,6,0.9832,0.0278,637,YMR012W
Complex_12,6,0.9832,0.0278,359,YGR218W
Complex_13,20,0.9825,0.7529,167,YDR224C
Complex_13,20,0.9825,0.7529,781,YOR116C
Complex_13,20,0.9825,0.7529,812,YOR304W
Complex_13,20,0.9825,0.7529,54,YBR154C
Complex_13,20,0.9825,0.7529,798,YOR210W
Complex_13,20,0.9825,0.7529,897,YPR187W
Complex_13,20,0.9825,0.7529,884,YPR110C
Complex_13,20,0.9825,0.7529,800,YOR224C
Complex_13,20,0.9825,0.7529,702,YNL151C
Complex_13,20,0.9825,0.7529,899,YPR190C
Complex_13,20,0.9825,0.7529,304,YGL133W
Complex_13,20,0.9825,0.7529,153,YDR121W
Complex_13,20,0.9825,0.7529,508,YKL144C
Complex_13,20,0.9825,0.7529,520,YKR025W
Complex_13,20,0.9825,0.7529,141,YDR045C
Complex_13,20,0.9825,0.7529,797,YOR207C
Complex_13,20,0.9825,0.7529,127,YDL150W
Complex_13,20,0.9825,0.7529,445,YJL011C
Complex_13,20,0.9825,0.7529,135,YDR005C
Complex_13,20,0.9825,0.7529,696,YNL113W
Complex_14,15,0.9823,0.6667,120,YDL111C
Complex_14,15,0.9823,0.6667,177,YDR280W
Complex_14,15,0.9823,0.6667,898,YPR189W
Complex_14,15,0.9823,0.6667,347,YGR158C
Complex_14,15,0.9823,0.6667,337,YGR095C
Complex_14,15,0.9823,0.6667,392,YHR081W
Complex_14,15,0.9823,0.6667,84,YCR035C
Complex_14,15,0.9823,0.6667,747,YOL021C
Complex_14,15,0.9823,0.6667,355,YGR195W
Complex_14,15,0.9823,0.6667,768,YOR001W
Complex_14,15,0.9823,0.6667,713,YNL232W
Complex_14,15,0.9823,0.6667,314,YGL213C
Complex_14,15,0.9823,0.6667,650,YMR116C
Complex_14,15,0.9823,0.6667,374,YGR285C
Complex_14,15,0.9823,0.6667,596,YLR398C
Complex_15,9,0.9819,0.3556,22,YBL026W
Complex_15,9,0.9819,0.3556,606,YLR438C-A
Complex_15,9,0.9819,0.3556,458,YJL124C
Complex_15,9,0.9819,0.3556,91,YCR077C
Complex_15,9,0.9819,0.3556,244,YER112W
Complex_15,9,0.9819,0.3556,551,YLR147C
Complex_15,9,0.9819,0.3556,336,YGR091W
Complex_15,9,0.9819,0.3556,249,YER146W
Complex_15,9,0.9819,0.3556,328,YGR074W
Complex_16,38,0.9819,0.5263,54,YBR154C
Complex_16,38,0.9819,0.5263,897,YPR187W
Complex_16,38,0.9819,0.5263,800,YOR224C
Complex_16,38,0.9819,0.5263,798,YOR210W
Complex_16,38,0.9819,0.5263,788,YOR151C
Complex_16,38,0.9819,0.5263,866,YPR010C
Complex_16,38,0.9819,0.5263,320,YGR005C
Complex_16,38,0.9819,0.5263,884,YPR110C
Complex_16,38,0.9819,0.5263,288,YGL070C
Complex_16,38,0.9819,0.5263,419,YIL021W
Complex_16,38,0.9819,0.5263,480,YJR063W
Complex_16,38,0.9819,0.5263,817,YOR340C
Complex_16,38,0.9819,0.5263,327,YGR063C
Complex_16,38,0.9819,0.5263,702,YNL151C
Complex_16,38,0.9819,0.5263,547,YLR106C
Complex_16,38,0.9819,0.5263,899,YPR190C
Complex_16,38,0.9819,0.5263,781,YOR116C
Complex_16,38,0.9819,0.5263,404,YHR143W-A
Complex_16,38,0.9819,0.5263,818,YOR341W
Complex_16,38,0.9819,0.5263,637,YMR012W
Complex_16,38,0.9819,0.5263,123,YDL140C
Complex_16,38,0.9819,0.5263,842,YPL129W
Complex_16,38,0.9819,0.5263,508,YKL144C
Complex_16,38,0.9819,0.5263,520,YKR025W
Complex_16,38,0.9819,0.5263,158,YDR156W
Complex_16,38,0.9819,0.5263,141,YDR045C
Complex_16,38,0.9819,0.5263,462,YJL148W
Complex_16,38,0.9819,0.5263,744,YOL005C
Complex_16,38,0.9819,0.5263,797,YOR207C
Complex_16,38,0.9819,0.5263,166,YDR211W
Complex_16,38,0.9819,0.5263,717,YNL248C
Complex_16,38,0.9819,0.5263,127,YDL150W
Complex_16,38,0.9819,0.5263,555,YLR180W
Complex_16,38,0.9819,0.5263,445,YJL011C
Complex_16,38,0.9819,0.5263,284,YGL043W
Complex_16,38,0.9819,0.5263,317,YGL245W
Complex_16,38,0.9819,0.5263,696,YNL113W
Complex_16,38,0.9819,0.5263,461,YJL140W
Complex_17,8,0.9819,0.375,64,YBR245C
Complex_17,8,0.9819,0.375,432,YIL126W
Complex_17,8,0.9819,0.375,276,YFR037C
Complex_17,8,0.9819,0.375,516,YKR001C
Complex_17,8,0.9819,0.375,304,YGL133W
Complex_17,8,0.9819,0.375,812,YOR304W
Complex_17,8,0.9819,0.375,271,YFR013W
Complex_17,8,0.9819,0.375,153,YDR121W
Complex_18,18,0.9814,0.4091,206,YDR448W
Complex_18,18,0.9814,0.4091,298,YGL112C
Complex_18,18,0.9814,0.4091,714,YNL236W
Complex_18,18,0.9814,0.4091,387,YHR041C
Complex_18,18,0.9814,0.4091,367,YGR252W
Complex_18,18,0.9814,0.4091,862,YPL254W
Complex_18,18,0.9814,0.4091,661,YMR223W
Complex_18,18,0.9814,0.4091,664,YMR236W
Complex_18,18,0.9814,0.4091,828,YPL042C
Complex_18,18,0.9814,0.4091,185,YDR308C
Complex_18,18,0.9814,0.4091,734,YNR010W
Complex_18,18,0.9814,0.4091,160,YDR167W
Complex_18,18,0.9814,0.4091,389,YHR058C
Complex_18,18,0.9814,0.4091,636,YMR005W
Complex_18,18,0.9814,0.4091,762,YOL135C
Complex_18,18,0.9814,0.4091,398,YHR099W
Complex_18,18,0.9814,0.4091,67,YBR253W
Complex_18,18,0.9814,0.4091,92,YCR081W
Complex_19,4,0.9813,1.0,137,YDR013W
Complex_19,4,0.9813,1.0,452,YJL072C
Complex_19,4,0.9813,1.0,766,YOL146W
Complex_19,4,0.9813,1.0,214,YDR489W
Complex_20,11,0.9812,0.0182,359,YGR218W
Complex_20,11,0.9812,0.0182,385,YHR020W
Complex_20,11,0.9812,0.0182,555,YLR180W
Complex_20,11,0.9812,0.0182,637,YMR012W
Complex_20,11,0.9812,0.0182,222,YEL022W
Complex_20,11,0.9812,0.0182,365,YGR240C
Complex_20,11,0.9812,0.0182,547,YLR106C
Complex_20,11,0.9812,0.0182,484,YJR077C
Complex_20,11,0.9812,0.0182,788,YOR151C
Complex_20,11,0.9812,0.0182,269,YFR009W
Complex_20,11,0.9812,0.0182,312,YGL195W
Complex_21,9,0.981,0.1481,124,YDL143W
Complex_21,9,0.981,0.1481,312,YGL195W
Complex_21,9,0.981,0.1481,498,YKL029C
Complex_21,9,0.981,0.1481,637,YMR012W
Complex_21,9,0.981,0.1481,555,YLR180W
Complex_21,9,0.981,0.1481,36,YBR025C
Complex_21,9,0.981,0.1481,547,YLR106C
Complex_21,9,0.981,0.1481,428,YIL094C
Complex_21,9,0.981,0.1481,435,YIL142W
Complex_22,18,0.981,0.2,498,YKL029C
Complex_22,18,0.981,0.2,547,YLR106C
Complex_22,18,0.981,0.2,637,YMR012W
Complex_22,18,0.981,0.2,555,YLR180W
Complex_22,18,0.981,0.2,222,YEL022W
Complex_22,18,0.981,0.2,676,YNL002C
Complex_22,18,0.981,0.2,740,YNR053C
Complex_22,18,0.981,0.2,150,YDR101C
Complex_22,18,0.981,0.2,228,YER006W
Complex_22,18,0.981,0.2,366,YGR245C
Complex_22,18,0.981,0.2,634,YML124C
Complex_22,18,0.981,0.2,706,YNL182C
Complex_22,18,0.981,0.2,416,YHR197W
Complex_22,18,0.981,0.2,533,YLL008W
Complex_22,18,0.981,0.2,837,YPL093W
Complex_22,18,0.981,0.2,393,YHR085W
Complex_22,18,0.981,0.2,788,YOR151C
Complex_22,18,0.981,0.2,338,YGR103W
Complex_23,35,0.9809,0.3429,147,YDR087C
Complex_23,35,0.9809,0.3429,670,YMR290C
Complex_23,35,0.9809,0.3429,683,YNL061W
Complex_23,35,0.9809,0.3429,228,YER006W
Complex_23,35,0.9809,0.3429,388,YHR052W
Complex_23,35,0.9809,0.3429,676,YNL002C
Complex_23,35,0.9809,0.3429,100,YDL031W
Complex_23,35,0.9809,0.3429,533,YLL008W
Complex_23,35,0.9809,0.3429,215,YDR496C
Complex_23,35,0.9809,0.3429,796,YOR206W
Complex_23,35,0.9809,0.3429,529,YKR081C
Complex_23,35,0.9809,0.3429,867,YPR016C
Complex_23,35,0.9809,0.3429,495,YKL009W
Complex_23,35,0.9809,0.3429,740,YNR053C
Complex_23,35,0.9809,0.3429,837,YPL093W
Complex_23,35,0.9809,0.3429,547,YLR106C
Complex_23,35,0.9809,0.3429,539,YLR002C
Complex_23,35,0.9809,0.3429,854,YPL211W
Complex_23,35,0.9809,0.3429,416,YHR197W
Complex_23,35,0.9809,0.3429,366,YGR245C
Complex_23,35,0.9809,0.3429,706,YNL182C
Complex_23,35,0.9809,0.3429,297,YGL111W
Complex_23,35,0.9809,0.3429,246,YER126C
Complex_23,35,0.9809,0.3429,150,YDR101C
Complex_23,35,0.9809,0.3429,808,YOR272W
Complex_23,35,0.9809,0.3429,338,YGR103W
Complex_23,35,0.9809,0.3429,258,YFL002C
Complex_23,35,0.9809,0.3429,755,YOL077C
Complex_23,35,0.9809,0.3429,393,YHR085W
Complex_23,35,0.9809,0.3429,642,YMR049C
Complex_23,35,0.9809,0.3429,90,YCR072C
Complex_23,35,0.9809,0.3429,861,YPL249C-A
Complex_23,35,0.9809,0.3429,611,YLR449W
Complex_23,35,0.9809,0.3429,584,YLR325C
Complex_23,35,0.9809,0.3429,142,YDR060W
Complex_24,36,0.9809,0.3333,393,YHR085W
Complex_24,36,0.9809,0.3333,416,YHR197W
Complex_24,36,0.9809,0.3333,706,YNL182C
Complex_24,36,0.9809,0.3333,740,YNR053C
Complex_24,36,0.9809,0.3333,837,YPL093W
Complex_24,36,0.9809,0.3333,547,YLR106C
Complex_24,36,0.9809,0.3333,676,YNL002C
Complex_24,36,0.9809,0.3333,867,YPR016C
Complex_24,36,0.9809,0.3333,495,YKL009W
Complex_24,36,0.9809,0.3333,228,YER006W
Complex_24,36,0.9809,0.3333,683,YNL061W
Complex_24,36,0.9809,0.3333,533,YLL008W
Complex_24,36,0.9809,0.3333,539,YLR002C
Complex_24,36,0.9809,0.3333,854,YPL211W
Complex_24,36,0.9809,0.3333,366,YGR245C
Complex_24,36,0.9809,0.3333,297,YGL111W
Complex_24,36,0.9809,0.3333,246,YER126C
Complex_24,36,0.9809,0.3333,150,YDR101C
Complex_24,36,0.9809,0.3333,808,YOR272W
Complex_24,36,0.9809,0.3333,338,YGR103W
Complex_24,36,0.9809,0.3333,258,YFL002C
Complex_24,36,0.9809,0.3333,670,YMR290C
Complex_24,36,0.9809,0.3333,755,YOL077C
Complex_24,36,0.9809,0.3333,388,YHR052W
Complex_24,36,0.9809,0.3333,498,YKL029C
Complex_24,36,0.9809,0.3333,642,YMR049C
Complex_24,36,0.9809,0.3333,788,YOR151C
Complex_24,36,0.9809,0.3333,529,YKR081C
Complex_24,36,0.9809,0.3333,796,YOR206W
Complex_24,36,0.9809,0.3333,215,YDR496C
Complex_24,36,0.9809,0.3333,611,YLR449W
Complex_24,36,0.9809,0.3333,90,YCR072C
Complex_24,36,0.9809,0.3333,861,YPL249C-A
Complex_24,36,0.9809,0.3333,584,YLR325C
Complex_24,36,0.9809,0.3333,142,YDR060W
Complex_24,36,0.9809,0.3333,694,YNL110C
Complex_25,33,0.9808,0.3056,775,YOR063W
Complex_25,33,0.9808,0.3056,761,YOL127W
Complex_25,33,0.9808,0.3056,416,YHR197W
Complex_25,33,0.9808,0.3056,676,YNL002C
Complex_25,33,0.9808,0.3056,837,YPL093W
Complex_25,33,0.9808,0.3056,338,YGR103W
Complex_25,33,0.9808,0.3056,228,YER006W
Complex_25,33,0.9808,0.3056,529,YKR081C
Complex_25,33,0.9808,0.3056,867,YPR016C
Complex_25,33,0.9808,0.3056,740,YNR053C
Complex_25,33,0.9808,0.3056,495,YKL009W
Complex_25,33,0.9808,0.3056,683,YNL061W
Complex_25,33,0.9808,0.3056,533,YLL008W
Complex_25,33,0.9808,0.3056,539,YLR002C
Complex_25,33,0.9808,0.3056,854,YPL211W
Complex_25,33,0.9808,0.3056,547,YLR106C
Complex_25,33,0.9808,0.3056,366,YGR245C
Complex_25,33,0.9808,0.3056,150,YDR101C
Complex_25,33,0.9808,0.3056,706,YNL182C
Complex_25,33,0.9808,0.3056,246,YER126C
Complex_25,33,0.9808,0.3056,297,YGL111W
Complex_25,33,0.9808,0.3056,808,YOR272W
Complex_25,33,0.9808,0.3056,258,YFL002C
Complex_25,33,0.9808,0.3056,755,YOL077C
Complex_25,33,0.9808,0.3056,670,YMR290C
Complex_25,33,0.9808,0.3056,393,YHR085W
Complex_25,33,0.9808,0.3056,388,YHR052W
Complex_25,33,0.9808,0.3056,642,YMR049C
Complex_25,33,0.9808,0.3056,796,YOR206W
Complex_25,33,0.9808,0.3056,215,YDR496C
Complex_25,33,0.9808,0.3056,147,YDR087C
Complex_25,33,0.9808,0.3056,861,YPL249C-A
Complex_25,33,0.9808,0.3056,90,YCR072C
Complex_26,34,0.9807,0.2966,775,YOR063W
Complex_26,34,0.9807,0.2966,495,YKL009W
Complex_26,34,0.9807,0.2966,837,YPL093W
Complex_26,34,0.9807,0.2966,228,YER006W
Complex_26,34,0.9807,0.2966,676,YNL002C
Complex_26,34,0.9807,0.2966,867,YPR016C
Complex_26,34,0.9807,0.2966,861,YPL249C-A
Complex_26,34,0.9807,0.2966,538,YLL045C
Complex_26,34,0.9807,0.2966,338,YGR103W
Complex_26,34,0.9807,0.2966,843,YPL131W
Complex_26,34,0.9807,0.2966,740,YNR053C
Complex_26,34,0.9807,0.2966,683,YNL061W
Complex_26,34,0.9807,0.2966,533,YLL008W
Complex_26,34,0.9807,0.2966,539,YLR002C
Complex_26,34,0.9807,0.2966,854,YPL211W
Complex_26,34,0.9807,0.2966,547,YLR106C
Complex_26,34,0.9807,0.2966,416,YHR197W
Complex_26,34,0.9807,0.2966,366,YGR245C
Complex_26,34,0.9807,0.2966,706,YNL182C
Complex_26,34,0.9807,0.2966,150,YDR101C
Complex_26,34,0.9807,0.2966,246,YER126C
Complex_26,34,0.9807,0.2966,297,YGL111W
Complex_26,34,0.9807,0.2966,808,YOR272W
Complex_26,34,0.9807,0.2966,318,YGL246C
Complex_26,34,0.9807,0.2966,258,YFL002C
Complex_26,34,0.9807,0.2966,670,YMR290C
Complex_26,34,0.9807,0.2966,755,YOL077C
Complex_26,34,0.9807,0.2966,388,YHR052W
Complex_26,34,0.9807,0.2966,642,YMR049C
Complex_26,34,0.9807,0.2966,393,YHR085W
Complex_26,34,0.9807,0.2966,529,YKR081C
Complex_26,34,0.9807,0.2966,215,YDR496C
Complex_26,34,0.9807,0.2966,796,YOR206W
Complex_26,34,0.9807,0.2966,147,YDR087C
Complex_27,12,0.9807,0.0167,269,YFR009W
Complex_27,12,0.9807,0.0167,312,YGL195W
Complex_27,12,0.9807,0.0167,555,YLR180W
Complex_27,12,0.9807,0.0167,385,YHR020W
Complex_27,12,0.9807,0.0167,637,YMR012W
Complex_27,12,0.9807,0.0167,36,YBR025C
Complex_27,12,0.9807,0.0167,547,YLR106C
Complex_27,12,0.9807,0.0167,498,YKL029C
Complex_27,12,0.9807,0.0167,365,YGR240C
Complex_27,12,0.9807,0.0167,788,YOR151C
Complex_27,12,0.9807,0.0167,428,YIL094C
Complex_27,12,0.9807,0.0167,784,YOR136W
Complex_28,34,0.9806,0.3529,147,YDR087C
Complex_28,34,0.9806,0.3529,670,YMR290C
Complex_28,34,0.9806,0.3529,683,YNL061W
Complex_28,34,0.9806,0.3529,228,YER006W
Complex_28,34,0.9806,0.3529,334,YGR085C
Complex_28,34,0.9806,0.3529,529,YKR081C
Complex_28,34,0.9806,0.3529,676,YNL002C
Complex_28,34,0.9806,0.3529,740,YNR053C
Complex_28,34,0.9806,0.3529,867,YPR016C
Complex_28,34,0.9806,0.3529,495,YKL009W
Complex_28,34,0.9806,0.3529,533,YLL008W
Complex_28,34,0.9806,0.3529,837,YPL093W
Complex_28,34,0.9806,0.3529,547,YLR106C
Complex_28,34,0.9806,0.3529,539,YLR002C
Complex_28,34,0.9806,0.3529,854,YPL211W
Complex_28,34,0.9806,0.3529,416,YHR197W
Complex_28,34,0.9806,0.3529,366,YGR245C
Complex_28,34,0.9806,0.3529,706,YNL182C
Complex_28,34,0.9806,0.3529,150,YDR101C
Complex_28,34,0.9806,0.3529,297,YGL111W
Complex_28,34,0.9806,0.3529,246,YER126C
Complex_28,34,0.9806,0.3529,808,YOR272W
Complex_28,34,0.9806,0.3529,338,YGR103W
Complex_28,34,0.9806,0.3529,258,YFL002C
Complex_28,34,0.9806,0.3529,755,YOL077C
Complex_28,34,0.9806,0.3529,388,YHR052W
Complex_28,34,0.9806,0.3529,642,YMR049C
Complex_28,34,0.9806,0.3529,796,YOR206W
Complex_28,34,0.9806,0.3529,215,YDR496C
Complex_28,34,0.9806,0.3529,611,YLR449W
Complex_28,34,0.9806,0.3529,90,YCR072C
Complex_28,34,0.9806,0.3529,861,YPL249C-A
Complex_28,34,0.9806,0.3529,584,YLR325C
Complex_28,34,0.9806,0.3529,694,YNL110C
Complex_29,34,0.9806,0.2966,775,YOR063W
Complex_29,34,0.9806,0.2966,808,YOR272W
Complex_29,34,0.9806,0.2966,670,YMR290C
Complex_29,34,0.9806,0.2966,683,YNL061W
Complex_29,34,0.9806,0.2966,388,YHR052W
Complex_29,34,0.9806,0.2966,676,YNL002C
Complex_29,34,0.9806,0.2966,533,YLL008W
Complex_29,34,0.9806,0.2966,854,YPL211W
Complex_29,34,0.9806,0.2966,395,YHR088W
Complex_29,34,0.9806,0.2966,796,YOR206W
Complex_29,34,0.9806,0.2966,837,YPL093W
Complex_29,34,0.9806,0.2966,100,YDL031W
Complex_29,34,0.9806,0.2966,228,YER006W
Complex_29,34,0.9806,0.2966,755,YOL077C
Complex_29,34,0.9806,0.2966,297,YGL111W
Complex_29,34,0.9806,0.2966,258,YFL002C
Complex_29,34,0.9806,0.2966,539,YLR002C
Complex_29,34,0.9806,0.2966,642,YMR049C
Complex_29,34,0.9806,0.2966,495,YKL009W
Complex_29,34,0.9806,0.2966,694,YNL110C
Complex_29,34,0.9806,0.2966,416,YHR197W
Complex_29,34,0.9806,0.2966,338,YGR103W
Complex_29,34,0.9806,0.2966,740,YNR053C
Complex_29,34,0.9806,0.2966,867,YPR016C
Complex_29,34,0.9806,0.2966,547,YLR106C
Complex_29,34,0.9806,0.2966,366,YGR245C
Complex_29,34,0.9806,0.2966,706,YNL182C
Complex_29,34,0.9806,0.2966,150,YDR101C
Complex_29,34,0.9806,0.2966,246,YER126C
Complex_29,34,0.9806,0.2966,393,YHR085W
Complex_29,34,0.9806,0.2966,529,YKR081C
Complex_29,34,0.9806,0.2966,215,YDR496C
Complex_29,34,0.9806,0.2966,90,YCR072C
Complex_29,34,0.9806,0.2966,147,YDR087C
Complex_30,9,0.9805,0.3333,64,YBR245C
Complex_30,9,0.9805,0.3333,164,YDR190C
Complex_30,9,0.9805,0.3333,812,YOR304W
Complex_30,9,0.9805,0.3333,271,YFR013W
Complex_30,9,0.9805,0.3333,304,YGL133W
Complex_30,9,0.9805,0.3333,153,YDR121W
Complex_30,9,0.9805,0.3333,781,YOR116C
Complex_30,9,0.9805,0.3333,842,YPL129W
Complex_30,9,0.9805,0.3333,797,YOR207C
Complex_31,35,0.9804,0.3429,77,YCL054W
Complex_31,35,0.9804,0.3429,676,YNL002C
Complex_31,35,0.9804,0.3429,228,YER006W
Complex_31,35,0.9804,0.3429,100,YDL031W
Complex_31,35,0.9804,0.3429,837,YPL093W
Complex_31,35,0.9804,0.3429,297,YGL111W
Complex_31,35,0.9804,0.3429,683,YNL061W
Complex_31,35,0.9804,0.3429,533,YLL008W
Complex_31,35,0.9804,0.3429,854,YPL211W
Complex_31,35,0.9804,0.3429,670,YMR290C
Complex_31,35,0.9804,0.3429,694,YNL110C
Complex_31,35,0.9804,0.3429,740,YNR053C
Complex_31,35,0.9804,0.3429,867,YPR016C
Complex_31,35,0.9804,0.3429,495,YKL009W
Complex_31,35,0.9804,0.3429,539,YLR002C
Complex_31,35,0.9804,0.3429,547,YLR106C
Complex_31,35,0.9804,0.3429,416,YHR197W
Complex_31,35,0.9804,0.3429,366,YGR245C
Complex_31,35,0.9804,0.3429,706,YNL182C
Complex_31,35,0.9804,0.3429,246,YER126C
Complex_31,35,0.9804,0.3429,150,YDR101C
Complex_31,35,0.9804,0.3429,808,YOR272W
Complex_31,35,0.9804,0.3429,338,YGR103W
Complex_31,35,0.9804,0.3429,258,YFL002C
Complex_31,35,0.9804,0.3429,755,YOL077C
Complex_31,35,0.9804,0.3429,393,YHR085W
Complex_31,35,0.9804,0.3429,642,YMR049C
Complex_31,35,0.9804,0.3429,388,YHR052W
Complex_31,35,0.9804,0.3429,529,YKR081C
Complex_31,35,0.9804,0.3429,796,YOR206W
Complex_31,35,0.9804,0.3429,215,YDR496C
Complex_31,35,0.9804,0.3429,90,YCR072C
Complex_31,35,0.9804,0.3429,861,YPL249C-A
Complex_31,35,0.9804,0.3429,147,YDR087C
Complex_31,35,0.9804,0.3429,611,YLR449W
Complex_32,35,0.9804,0.2881,775,YOR063W
Complex_32,35,0.9804,0.2881,267,YFR001W
Complex_32,35,0.9804,0.2881,867,YPR016C
Complex_32,35,0.9804,0.2881,388,YHR052W
Complex_32,35,0.9804,0.2881,100,YDL031W
Complex_32,35,0.9804,0.2881,228,YER006W
Complex_32,35,0.9804,0.2881,676,YNL002C
Complex_32,35,0.9804,0.2881,837,YPL093W
Complex_32,35,0.9804,0.2881,683,YNL061W
Complex_32,35,0.9804,0.2881,533,YLL008W
Complex_32,35,0.9804,0.2881,539,YLR002C
Complex_32,35,0.9804,0.2881,670,YMR290C
Complex_32,35,0.9804,0.2881,538,YLL045C
Complex_32,35,0.9804,0.2881,740,YNR053C
Complex_32,35,0.9804,0.2881,495,YKL009W
Complex_32,35,0.9804,0.2881,547,YLR106C
Complex_32,35,0.9804,0.2881,854,YPL211W
Complex_32,35,0.9804,0.2881,416,YHR197W
Complex_32,35,0.9804,0.2881,366,YGR245C
Complex_32,35,0.9804,0.2881,706,YNL182C
Complex_32,35,0.9804,0.2881,150,YDR101C
Complex_32,35,0.9804,0.2881,297,YGL111W
Complex_32,35,0.9804,0.2881,246,YER126C
Complex_32,35,0.9804,0.2881,808,YOR272W
Complex_32,35,0.9804,0.2881,338,YGR103W
Complex_32,35,0.9804,0.2881,318,YGL246C
Complex_32,35,0.9804,0.2881,258,YFL002C
Complex_32,35,0.9804,0.2881,755,YOL077C
Complex_32,35,0.9804,0.2881,642,YMR049C
Complex_32,35,0.9804,0.2881,393,YHR085W
Complex_32,35,0.9804,0.2881,529,YKR081C
Complex_32,35,0.9804,0.2881,796,YOR206W
Complex_32,35,0.9804,0.2881,215,YDR496C
Complex_32,35,0.9804,0.2881,147,YDR087C
Complex_32,35,0.9804,0.2881,90,YCR072C
Complex_33,33,0.9804,0.3056,775,YOR063W
Complex_33,33,0.9804,0.3056,495,YKL009W
Complex_33,33,0.9804,0.3056,837,YPL093W
Complex_33,33,0.9804,0.3056,228,YER006W
Complex_33,33,0.9804,0.3056,676,YNL002C
Complex_33,33,0.9804,0.3056,867,YPR016C
Complex_33,33,0.9804,0.3056,670,YMR290C
Complex_33,33,0.9804,0.3056,100,YDL031W
Complex_33,33,0.9804,0.3056,388,YHR052W
Complex_33,33,0.9804,0.3056,683,YNL061W
Complex_33,33,0.9804,0.3056,533,YLL008W
Complex_33,33,0.9804,0.3056,539,YLR002C
Complex_33,33,0.9804,0.3056,796,YOR206W
Complex_33,33,0.9804,0.3056,395,YHR088W
Complex_33,33,0.9804,0.3056,854,YPL211W
Complex_33,33,0.9804,0.3056,538,YLL045C
Complex_33,33,0.9804,0.3056,843,YPL131W
Complex_33,33,0.9804,0.3056,338,YGR103W
Complex_33,33,0.9804,0.3056,740,YNR053C
Complex_33,33,0.9804,0.3056,547,YLR106C
Complex_33,33,0.9804,0.3056,416,YHR197W
Complex_33,33,0.9804,0.3056,366,YGR245C
Complex_33,33,0.9804,0.3056,706,YNL182C
Complex_33,33,0.9804,0.3056,150,YDR101C
Complex_33,33,0.9804,0.3056,297,YGL111W
Complex_33,33,0.9804,0.3056,246,YER126C
Complex_33,33,0.9804,0.3056,808,YOR272W
Complex_33,33,0.9804,0.3056,318,YGL246C
Complex_33,33,0.9804,0.3056,258,YFL002C
Complex_33,33,0.9804,0.3056,755,YOL077C
Complex_33,33,0.9804,0.3056,642,YMR049C
Complex_33,33,0.9804,0.3056,393,YHR085W
Complex_33,33,0.9804,0.3056,529,YKR081C
Complex_34,12,0.9804,0.2801,172,YDR240C
Complex_34,12,0.9804,0.2801,321,YGR013W
Complex_34,12,0.9804,0.2801,422,YIL061C
Complex_34,12,0.9804,0.2801,408,YHR165C
Complex_34,12,0.9804,0.2801,328,YGR074W
Complex_34,12,0.9804,0.2801,551,YLR147C
Complex_34,12,0.9804,0.2801,458,YJL124C
Complex_34,12,0.9804,0.2801,336,YGR091W
Complex_34,12,0.9804,0.2801,881,YPR101W
Complex_34,12,0.9804,0.2801,249,YER146W
Complex_34,12,0.9804,0.2801,666,YMR240C
Complex_34,12,0.9804,0.2801,22,YBL026W
Complex_35,36,0.9803,0.5556,54,YBR154C
Complex_35,36,0.9803,0.5556,897,YPR187W
Complex_35,36,0.9803,0.5556,800,YOR224C
Complex_35,36,0.9803,0.5556,508,YKL144C
Complex_35,36,0.9803,0.5556,899,YPR190C
Complex_35,36,0.9803,0.5556,520,YKR025W
Complex_35,36,0.9803,0.5556,781,YOR116C
Complex_35,36,0.9803,0.5556,884,YPR110C
Complex_35,36,0.9803,0.5556,696,YNL113W
Complex_35,36,0.9803,0.5556,445,YJL011C
Complex_35,36,0.9803,0.5556,797,YOR207C
Complex_35,36,0.9803,0.5556,702,YNL151C
Complex_35,36,0.9803,0.5556,127,YDL150W
Complex_35,36,0.9803,0.5556,798,YOR210W
Complex_35,36,0.9803,0.5556,320,YGR005C
Complex_35,36,0.9803,0.5556,866,YPR010C
Complex_35,36,0.9803,0.5556,288,YGL070C
Complex_35,36,0.9803,0.5556,419,YIL021W
Complex_35,36,0.9803,0.5556,480,YJR063W
Complex_35,36,0.9803,0.5556,327,YGR063C
Complex_35,36,0.9803,0.5556,817,YOR340C
Complex_35,36,0.9803,0.5556,812,YOR304W
Complex_35,36,0.9803,0.5556,404,YHR143W-A
Complex_35,36,0.9803,0.5556,788,YOR151C
Complex_35,36,0.9803,0.5556,818,YOR341W
Complex_35,36,0.9803,0.5556,123,YDL140C
Complex_35,36,0.9803,0.5556,842,YPL129W
Complex_35,36,0.9803,0.5556,158,YDR156W
Complex_35,36,0.9803,0.5556,141,YDR045C
Complex_35,36,0.9803,0.5556,744,YOL005C
Complex_35,36,0.9803,0.5556,462,YJL148W
Complex_35,36,0.9803,0.5556,717,YNL248C
Complex_35,36,0.9803,0.5556,135,YDR005C
Complex_35,36,0.9803,0.5556,461,YJL140W
Complex_35,36,0.9803,0.5556,167,YDR224C
Complex_35,36,0.9803,0.5556,64,YBR245C
Complex_36,33,0.9803,0.3056,775,YOR063W
Complex_36,33,0.9803,0.3056,761,YOL127W
Complex_36,33,0.9803,0.3056,416,YHR197W
Complex_36,33,0.9803,0.3056,676,YNL002C
Complex_36,33,0.9803,0.3056,837,YPL093W
Complex_36,33,0.9803,0.3056,338,YGR103W
Complex_36,33,0.9803,0.3056,228,YER006W
Complex_36,33,0.9803,0.3056,529,YKR081C
Complex_36,33,0.9803,0.3056,867,YPR016C
Complex_36,33,0.9803,0.3056,100,YDL031W
Complex_36,33,0.9803,0.3056,388,YHR052W
Complex_36,33,0.9803,0.3056,683,YNL061W
Complex_36,33,0.9803,0.3056,533,YLL008W
Complex_36,33,0.9803,0.3056,670,YMR290C
Complex_36,33,0.9803,0.3056,539,YLR002C
Complex_36,33,0.9803,0.3056,796,YOR206W
Complex_36,33,0.9803,0.3056,694,YNL110C
Complex_36,33,0.9803,0.3056,740,YNR053C
Complex_36,33,0.9803,0.3056,495,YKL009W
Complex_36,33,0.9803,0.3056,547,YLR106C
Complex_36,33,0.9803,0.3056,854,YPL211W
Complex_36,33,0.9803,0.3056,366,YGR245C
Complex_36,33,0.9803,0.3056,150,YDR101C
Complex_36,33,0.9803,0.3056,706,YNL182C
Complex_36,33,0.9803,0.3056,246,YER126C
Complex_36,33,0.9803,0.3056,297,YGL111W
Complex_36,33,0.9803,0.3056,808,YOR272W
Complex_36,33,0.9803,0.3056,258,YFL002C
Complex_36,33,0.9803,0.3056,755,YOL077C
Complex_36,33,0.9803,0.3056,642,YMR049C
Complex_36,33,0.9803,0.3056,393,YHR085W
Complex_36,33,0.9803,0.3056,215,YDR496C
Complex_36,33,0.9803,0.3056,861,YPL249C-A
Complex_37,35,0.9802,0.2881,775,YOR063W
Complex_37,35,0.9802,0.2881,267,YFR001W
Complex_37,35,0.9802,0.2881,867,YPR016C
Complex_37,35,0.9802,0.2881,388,YHR052W
Complex_37,35,0.9802,0.2881,100,YDL031W
Complex_37,35,0.9802,0.2881,228,YER006W
Complex_37,35,0.9802,0.2881,676,YNL002C
Complex_37,35,0.9802,0.2881,837,YPL093W
Complex_37,35,0.9802,0.2881,683,YNL061W
Complex_37,35,0.9802,0.2881,533,YLL008W
Complex_37,35,0.9802,0.2881,539,YLR002C
Complex_37,35,0.9802,0.2881,670,YMR290C
Complex_37,35,0.9802,0.2881,258,YFL002C
Complex_37,35,0.9802,0.2881,740,YNR053C
Complex_37,35,0.9802,0.2881,495,YKL009W
Complex_37,35,0.9802,0.2881,547,YLR106C
Complex_37,35,0.9802,0.2881,416,YHR197W
Complex_37,35,0.9802,0.2881,854,YPL211W
Complex_37,35,0.9802,0.2881,366,YGR245C
Complex_37,35,0.9802,0.2881,706,YNL182C
Complex_37,35,0.9802,0.2881,297,YGL111W
Complex_37,35,0.9802,0.2881,246,YER126C
Complex_37,35,0.9802,0.2881,150,YDR101C
Complex_37,35,0.9802,0.2881,808,YOR272W
Complex_37,35,0.9802,0.2881,338,YGR103W
Complex_37,35,0.9802,0.2881,755,YOL077C
Complex_37,35,0.9802,0.2881,393,YHR085W
Complex_37,35,0.9802,0.2881,642,YMR049C
Complex_37,35,0.9802,0.2881,529,YKR081C
Complex_37,35,0.9802,0.2881,796,YOR206W
Complex_37,35,0.9802,0.2881,215,YDR496C
Complex_37,35,0.9802,0.2881,147,YDR087C
Complex_37,35,0.9802,0.2881,90,YCR072C
Complex_37,35,0.9802,0.2881,861,YPL249C-A
Complex_37,35,0.9802,0.2881,584,YLR325C
Complex_38,36,0.9801,0.3333,775,YOR063W
Complex_38,36,0.9801,0.3333,150,YDR101C
Complex_38,36,0.9801,0.3333,676,YNL002C
Complex_38,36,0.9801,0.3333,228,YER006W
Complex_38,36,0.9801,0.3333,867,YPR016C
Complex_38,36,0.9801,0.3333,837,YPL093W
Complex_38,36,0.9801,0.3333,495,YKL009W
Complex_38,36,0.9801,0.3333,338,YGR103W
Complex_38,36,0.9801,0.3333,538,YLL045C
Complex_38,36,0.9801,0.3333,861,YPL249C-A
Complex_38,36,0.9801,0.3333,740,YNR053C
Complex_38,36,0.9801,0.3333,683,YNL061W
Complex_38,36,0.9801,0.3333,533,YLL008W
Complex_38,36,0.9801,0.3333,539,YLR002C
Complex_38,36,0.9801,0.3333,854,YPL211W
Complex_38,36,0.9801,0.3333,547,YLR106C
Complex_38,36,0.9801,0.3333,416,YHR197W
Complex_38,36,0.9801,0.3333,366,YGR245C
Complex_38,36,0.9801,0.3333,706,YNL182C
Complex_38,36,0.9801,0.3333,297,YGL111W
Complex_38,36,0.9801,0.3333,246,YER126C
Complex_38,36,0.9801,0.3333,808,YOR272W
Complex_38,36,0.9801,0.3333,318,YGL246C
Complex_38,36,0.9801,0.3333,670,YMR290C
Complex_38,36,0.9801,0.3333,258,YFL002C
Complex_38,36,0.9801,0.3333,755,YOL077C
Complex_38,36,0.9801,0.3333,388,YHR052W
Complex_38,36,0.9801,0.3333,642,YMR049C
Complex_38,36,0.9801,0.3333,393,YHR085W
Complex_38,36,0.9801,0.3333,529,YKR081C
Complex_38,36,0.9801,0.3333,215,YDR496C
Complex_38,36,0.9801,0.3333,796,YOR206W
Complex_38,36,0.9801,0.3333,147,YDR087C
Complex_38,36,0.9801,0.3333,90,YCR072C
Complex_38,36,0.9801,0.3333,584,YLR325C
Complex_38,36,0.9801,0.3333,611,YLR449W
Complex_39,9,0.9801,0.3472,321,YGR013W
Complex_39,9,0.9801,0.3472,422,YIL061C
Complex_39,9,0.9801,0.3472,877,YPR057W
Complex_39,9,0.9801,0.3472,328,YGR074W
Complex_39,9,0.9801,0.3472,551,YLR147C
Complex_39,9,0.9801,0.3472,336,YGR091W
Complex_39,9,0.9801,0.3472,172,YDR240C
Complex_39,9,0.9801,0.3472,666,YMR240C
Complex_39,9,0.9801,0.3472,22,YBL026W
Complex_40,34,0.9801,0.2451,547,YLR106C
Complex_40,34,0.9801,0.2451,555,YLR180W
Complex_40,34,0.9801,0.2451,788,YOR151C
Complex_40,34,0.9801,0.2451,637,YMR012W
Complex_40,34,0.9801,0.2451,385,YHR020W
Complex_40,34,0.9801,0.2451,54,YBR154C
Complex_40,34,0.9801,0.2451,798,YOR210W
Complex_40,34,0.9801,0.2451,866,YPR010C
Complex_40,34,0.9801,0.2451,320,YGR005C
Complex_40,34,0.9801,0.2451,419,YIL021W
Complex_40,34,0.9801,0.2451,800,YOR224C
Complex_40,34,0.9801,0.2451,288,YGL070C
Complex_40,34,0.9801,0.2451,740,YNR053C
Complex_40,34,0.9801,0.2451,897,YPR187W
Complex_40,34,0.9801,0.2451,327,YGR063C
Complex_40,34,0.9801,0.2451,676,YNL002C
Complex_40,34,0.9801,0.2451,498,YKL029C
Complex_40,34,0.9801,0.2451,366,YGR245C
Complex_40,34,0.9801,0.2451,150,YDR101C
Complex_40,34,0.9801,0.2451,706,YNL182C
Complex_40,34,0.9801,0.2451,842,YPL129W
Complex_40,34,0.9801,0.2451,634,YML124C
Complex_40,34,0.9801,0.2451,393,YHR085W
Complex_40,34,0.9801,0.2451,123,YDL140C
Complex_40,34,0.9801,0.2451,416,YHR197W
Complex_40,34,0.9801,0.2451,228,YER006W
Complex_40,34,0.9801,0.2451,744,YOL005C
Complex_40,34,0.9801,0.2451,312,YGL195W
Complex_40,34,0.9801,0.2451,90,YCR072C
Complex_40,34,0.9801,0.2451,338,YGR103W
Complex_40,34,0.9801,0.2451,284,YGL043W
Complex_40,34,0.9801,0.2451,533,YLL008W
Complex_40,34,0.9801,0.2451,837,YPL093W
Complex_40,34,0.9801,0.2451,359,YGR218W
Complex_41,13,0.9801,0.5664,43,YBR081C
Complex_41,13,0.9801,0.5664,298,YGL112C
Complex_41,13,0.9801,0.5664,206,YDR448W
Complex_41,13,0.9801,0.5664,664,YMR236W
Complex_41,13,0.9801,0.5664,160,YDR167W
Complex_41,13,0.9801,0.5664,367,YGR252W
Complex_41,13,0.9801,0.5664,862,YPL254W
Complex_41,13,0.9801,0.5664,661,YMR223W
Complex_41,13,0.9801,0.5664,714,YNL236W
Complex_41,13,0.9801,0.5664,387,YHR041C
Complex_41,13,0.9801,0.5664,389,YHR058C
Complex_41,13,0.9801,0.5664,636,YMR005W
Complex_41,13,0.9801,0.5664,398,YHR099W
Complex_42,3,0.9787,0.4444,42,YBR079C
Complex_42,3,0.9787,0.4444,860,YPL237W
Complex_42,3,0.9787,0.4444,232,YER025W
Complex_43,3,0.9777,1.0,180,YDR295C
Complex_43,3,0.9777,1.0,896,YPR179C
Complex_43,3,0.9777,1.0,679,YNL021W
Complex_44,20,0.9774,0.1786,775,YOR063W
Complex_44,20,0.9774,0.1786,808,YOR272W
Complex_44,20,0.9774,0.1786,670,YMR290C
Complex_44,20,0.9774,0.1786,683,YNL061W
Complex_44,20,0.9774,0.1786,388,YHR052W
Complex_44,20,0.9774,0.1786,676,YNL002C
Complex_44,20,0.9774,0.1786,533,YLL008W
Complex_44,20,0.9774,0.1786,854,YPL211W
Complex_44,20,0.9774,0.1786,395,YHR088W
Complex_44,20,0.9774,0.1786,796,YOR206W
Complex_44,20,0.9774,0.1786,837,YPL093W
Complex_44,20,0.9774,0.1786,100,YDL031W
Complex_44,20,0.9774,0.1786,228,YER006W
Complex_44,20,0.9774,0.1786,755,YOL077C
Complex_44,20,0.9774,0.1786,297,YGL111W
Complex_44,20,0.9774,0.1786,258,YFL002C
Complex_44,20,0.9774,0.1786,539,YLR002C
Complex_44,20,0.9774,0.1786,843,YPL131W
Complex_44,20,0.9774,0.1786,495,YKL009W
Complex_44,20,0.9774,0.1786,215,YDR496C
Complex_45,17,0.9771,0.1345,775,YOR063W
Complex_45,17,0.9771,0.1345,495,YKL009W
Complex_45,17,0.9771,0.1345,837,YPL093W
Complex_45,17,0.9771,0.1345,228,YER006W
Complex_45,17,0.9771,0.1345,676,YNL002C
Complex_45,17,0.9771,0.1345,755,YOL077C
Complex_45,17,0.9771,0.1345,388,YHR052W
Complex_45,17,0.9771,0.1345,533,YLL008W
Complex_45,17,0.9771,0.1345,100,YDL031W
Complex_45,17,0.9771,0.1345,529,YKR081C
Complex_45,17,0.9771,0.1345,683,YNL061W
Complex_45,17,0.9771,0.1345,539,YLR002C
Complex_45,17,0.9771,0.1345,796,YOR206W
Complex_45,17,0.9771,0.1345,670,YMR290C
Complex_45,17,0.9771,0.1345,338,YGR103W
Complex_45,17,0.9771,0.1345,538,YLL045C
Complex_45,17,0.9771,0.1345,843,YPL131W
Complex_46,21,0.9769,0.1088,775,YOR063W
Complex_46,21,0.9769,0.1088,761,YOL127W
Complex_46,21,0.9769,0.1088,642,YMR049C
Complex_46,21,0.9769,0.1088,388,YHR052W
Complex_46,21,0.9769,0.1088,796,YOR206W
Complex_46,21,0.9769,0.1088,670,YMR290C
Complex_46,21,0.9769,0.1088,683,YNL061W
Complex_46,21,0.9769,0.1088,837,YPL093W
Complex_46,21,0.9769,0.1088,854,YPL211W
Complex_46,21,0.9769,0.1088,100,YDL031W
Complex_46,21,0.9769,0.1088,228,YER006W
Complex_46,21,0.9769,0.1088,676,YNL002C
Complex_46,21,0.9769,0.1088,297,YGL111W
Complex_46,21,0.9769,0.1088,533,YLL008W
Complex_46,21,0.9769,0.1088,395,YHR088W
Complex_46,21,0.9769,0.1088,258,YFL002C
Complex_46,21,0.9769,0.1088,539,YLR002C
Complex_46,21,0.9769,0.1088,867,YPR016C
Complex_46,21,0.9769,0.1088,694,YNL110C
Complex_46,21,0.9769,0.1088,416,YHR197W
Complex_46,21,0.9769,0.1088,338,YGR103W
Complex_47,10,0.9764,0.075,775,YOR063W
Complex_47,10,0.9764,0.075,761,YOL127W
Complex_47,10,0.9764,0.075,538,YLL045C
Complex_47,10,0.9764,0.075,867,YPR016C
Complex_47,10,0.9764,0.075,837,YPL093W
Complex_47,10,0.9764,0.075,676,YNL002C
Complex_47,10,0.9764,0.075,228,YER006W
Complex_47,10,0.9764,0.075,861,YPL249C-A
Complex_47,10,0.9764,0.075,338,YGR103W
Complex_47,10,0.9764,0.075,282,YGL030W
Complex_48,19,0.9764,0.1203,775,YOR063W
Complex_48,19,0.9764,0.1203,808,YOR272W
Complex_48,19,0.9764,0.1203,670,YMR290C
Complex_48,19,0.9764,0.1203,683,YNL061W
Complex_48,19,0.9764,0.1203,388,YHR052W
Complex_48,19,0.9764,0.1203,676,YNL002C
Complex_48,19,0.9764,0.1203,533,YLL008W
Complex_48,19,0.9764,0.1203,854,YPL211W
Complex_48,19,0.9764,0.1203,395,YHR088W
Complex_48,19,0.9764,0.1203,796,YOR206W
Complex_48,19,0.9764,0.1203,837,YPL093W
Complex_48,19,0.9764,0.1203,100,YDL031W
Complex_48,19,0.9764,0.1203,228,YER006W
Complex_48,19,0.9764,0.1203,755,YOL077C
Complex_48,19,0.9764,0.1203,538,YLL045C
Complex_48,19,0.9764,0.1203,495,YKL009W
Complex_48,19,0.9764,0.1203,539,YLR002C
Complex_48,19,0.9764,0.1203,843,YPL131W
Complex_48,19,0.9764,0.1203,338,YGR103W
Complex_49,13,0.9762,0.2051,147,YDR087C
Complex_49,13,0.9762,0.2051,670,YMR290C
Complex_49,13,0.9762,0.2051,683,YNL061W
Complex_49,13,0.9762,0.2051,228,YER006W
Complex_49,13,0.9762,0.2051,388,YHR052W
Complex_49,13,0.9762,0.2051,676,YNL002C
Complex_49,13,0.9762,0.2051,100,YDL031W
Complex_49,13,0.9762,0.2051,533,YLL008W
Complex_49,13,0.9762,0.2051,215,YDR496C
Complex_49,13,0.9762,0.2051,796,YOR206W
Complex_49,13,0.9762,0.2051,529,YKR081C
Complex_49,13,0.9762,0.2051,755,YOL077C
Complex_49,13,0.9762,0.2051,142,YDR060W
Complex_50,10,0.9762,0.075,775,YOR063W
Complex_50,10,0.9762,0.075,761,YOL127W
Complex_50,10,0.9762,0.075,538,YLL045C
Complex_50,10,0.9762,0.075,867,YPR016C
Complex_50,10,0.9762,0.075,837,YPL093W
Complex_50,10,0.9762,0.075,676,YNL002C
Complex_50,10,0.9762,0.075,228,YER006W
Complex_50,10,0.9762,0.075,388,YHR052W
Complex_50,10,0.9762,0.075,282,YGL030W
Complex_50,10,0.9762,0.075,338,YGR103W
Complex_51,20,0.9757,0.2571,775,YOR063W
Complex_51,20,0.9757,0.2571,142,YDR060W
Complex_51,20,0.9757,0.2571,670,YMR290C
Complex_51,20,0.9757,0.2571,796,YOR206W
Complex_51,20,0.9757,0.2571,755,YOL077C
Complex_51,20,0.9757,0.2571,676,YNL002C
Complex_51,20,0.9757,0.2571,388,YHR052W
Complex_51,20,0.9757,0.2571,683,YNL061W
Complex_51,20,0.9757,0.2571,533,YLL008W
Complex_51,20,0.9757,0.2571,837,YPL093W
Complex_51,20,0.9757,0.2571,100,YDL031W
Complex_51,20,0.9757,0.2571,228,YER006W
Complex_51,20,0.9757,0.2571,854,YPL211W
Complex_51,20,0.9757,0.2571,808,YOR272W
Complex_51,20,0.9757,0.2571,395,YHR088W
Complex_51,20,0.9757,0.2571,297,YGL111W
Complex_51,20,0.9757,0.2571,258,YFL002C
Complex_51,20,0.9757,0.2571,539,YLR002C
Complex_51,20,0.9757,0.2571,642,YMR049C
Complex_51,20,0.9757,0.2571,512,YKL172W
Complex_52,17,0.9755,0.1225,775,YOR063W
Complex_52,17,0.9755,0.1225,495,YKL009W
Complex_52,17,0.9755,0.1225,837,YPL093W
Complex_52,17,0.9755,0.1225,228,YER006W
Complex_52,17,0.9755,0.1225,676,YNL002C
Complex_52,17,0.9755,0.1225,755,YOL077C
Complex_52,17,0.9755,0.1225,388,YHR052W
Complex_52,17,0.9755,0.1225,533,YLL008W
Complex_52,17,0.9755,0.1225,100,YDL031W
Complex_52,17,0.9755,0.1225,529,YKR081C
Complex_52,17,0.9755,0.1225,683,YNL061W
Complex_52,17,0.9755,0.1225,539,YLR002C
Complex_52,17,0.9755,0.1225,796,YOR206W
Complex_52,17,0.9755,0.1225,670,YMR290C
Complex_52,17,0.9755,0.1225,215,YDR496C
Complex_52,17,0.9755,0.1225,538,YLL045C
Complex_52,17,0.9755,0.1225,843,YPL131W
Complex_53,16,0.9753,0.1302,775,YOR063W
Complex_53,16,0.9753,0.1302,761,YOL127W
Complex_53,16,0.9753,0.1302,694,YNL110C
Complex_53,16,0.9753,0.1302,837,YPL093W
Complex_53,16,0.9753,0.1302,388,YHR052W
Complex_53,16,0.9753,0.1302,676,YNL002C
Complex_53,16,0.9753,0.1302,228,YER006W
Complex_53,16,0.9753,0.1302,215,YDR496C
Complex_53,16,0.9753,0.1302,529,YKR081C
Complex_53,16,0.9753,0.1302,100,YDL031W
Complex_53,16,0.9753,0.1302,683,YNL061W
Complex_53,16,0.9753,0.1302,533,YLL008W
Complex_53,16,0.9753,0.1302,539,YLR002C
Complex_53,16,0.9753,0.1302,796,YOR206W
Complex_53,16,0.9753,0.1302,670,YMR290C
Complex_53,16,0.9753,0.1302,867,YPR016C
Complex_54,17,0.975,0.1569,775,YOR063W
Complex_54,17,0.975,0.1569,142,YDR060W
Complex_54,17,0.975,0.1569,670,YMR290C
Complex_54,17,0.975,0.1569,796,YOR206W
Complex_54,17,0.975,0.1569,755,YOL077C
Complex_54,17,0.975,0.1569,676,YNL002C
Complex_54,17,0.975,0.1569,388,YHR052W
Complex_54,17,0.975,0.1569,683,YNL061W
Complex_54,17,0.975,0.1569,533,YLL008W
Complex_54,17,0.975,0.1569,837,YPL093W
Complex_54,17,0.975,0.1569,100,YDL031W
Complex_54,17,0.975,0.1569,228,YER006W
Complex_54,17,0.975,0.1569,854,YPL211W
Complex_54,17,0.975,0.1569,574,YLR276C
Complex_54,17,0.975,0.1569,642,YMR049C
Complex_54,17,0.975,0.1569,297,YGL111W
Complex_54,17,0.975,0.1569,512,YKL172W
Complex_55,19,0.9749,0.2707,775,YOR063W
Complex_55,19,0.9749,0.2707,142,YDR060W
Complex_55,19,0.9749,0.2707,670,YMR290C
Complex_55,19,0.9749,0.2707,796,YOR206W
Complex_55,19,0.9749,0.2707,755,YOL077C
Complex_55,19,0.9749,0.2707,676,YNL002C
Complex_55,19,0.9749,0.2707,388,YHR052W
Complex_55,19,0.9749,0.2707,683,YNL061W
Complex_55,19,0.9749,0.2707,533,YLL008W
Complex_55,19,0.9749,0.2707,837,YPL093W
Complex_55,19,0.9749,0.2707,100,YDL031W
Complex_55,19,0.9749,0.2707,228,YER006W
Complex_55,19,0.9749,0.2707,854,YPL211W
Complex_55,19,0.9749,0.2707,808,YOR272W
Complex_55,19,0.9749,0.2707,395,YHR088W
Complex_55,19,0.9749,0.2707,297,YGL111W
Complex_55,19,0.9749,0.2707,829,YPL043W
Complex_55,19,0.9749,0.2707,642,YMR049C
Complex_55,19,0.9749,0.2707,338,YGR103W
Complex_56,20,0.9746,0.2571,775,YOR063W
Complex_56,20,0.9746,0.2571,142,YDR060W
Complex_56,20,0.9746,0.2571,670,YMR290C
Complex_56,20,0.9746,0.2571,796,YOR206W
Complex_56,20,0.9746,0.2571,755,YOL077C
Complex_56,20,0.9746,0.2571,676,YNL002C
Complex_56,20,0.9746,0.2571,388,YHR052W
Complex_56,20,0.9746,0.2571,683,YNL061W
Complex_56,20,0.9746,0.2571,533,YLL008W
Complex_56,20,0.9746,0.2571,837,YPL093W
Complex_56,20,0.9746,0.2571,100,YDL031W
Complex_56,20,0.9746,0.2571,228,YER006W
Complex_56,20,0.9746,0.2571,854,YPL211W
Complex_56,20,0.9746,0.2571,808,YOR272W
Complex_56,20,0.9746,0.2571,395,YHR088W
Complex_56,20,0.9746,0.2571,297,YGL111W
Complex_56,20,0.9746,0.2571,258,YFL002C
Complex_56,20,0.9746,0.2571,539,YLR002C
Complex_56,20,0.9746,0.2571,843,YPL131W
Complex_56,20,0.9746,0.2571,338,YGR103W
Complex_57,17,0.9745,0.1345,775,YOR063W
Complex_57,17,0.9745,0.1345,761,YOL127W
Complex_57,17,0.9745,0.1345,416,YHR197W
Complex_57,17,0.9745,0.1345,676,YNL002C
Complex_57,17,0.9745,0.1345,837,YPL093W
Complex_57,17,0.9745,0.1345,338,YGR103W
Complex_57,17,0.9745,0.1345,228,YER006W
Complex_57,17,0.9745,0.1345,529,YKR081C
Complex_57,17,0.9745,0.1345,755,YOL077C
Complex_57,17,0.9745,0.1345,100,YDL031W
Complex_57,17,0.9745,0.1345,388,YHR052W
Complex_57,17,0.9745,0.1345,683,YNL061W
Complex_57,17,0.9745,0.1345,533,YLL008W
Complex_57,17,0.9745,0.1345,670,YMR290C
Complex_57,17,0.9745,0.1345,539,YLR002C
Complex_57,17,0.9745,0.1345,796,YOR206W
Complex_57,17,0.9745,0.1345,694,YNL110C
Complex_58,20,0.9743,0.1042,775,YOR063W
Complex_58,20,0.9743,0.1042,761,YOL127W
Complex_58,20,0.9743,0.1042,642,YMR049C
Complex_58,20,0.9743,0.1042,388,YHR052W
Complex_58,20,0.9743,0.1042,796,YOR206W
Complex_58,20,0.9743,0.1042,670,YMR290C
Complex_58,20,0.9743,0.1042,683,YNL061W
Complex_58,20,0.9743,0.1042,837,YPL093W
Complex_58,20,0.9743,0.1042,854,YPL211W
Complex_58,20,0.9743,0.1042,100,YDL031W
Complex_58,20,0.9743,0.1042,228,YER006W
Complex_58,20,0.9743,0.1042,676,YNL002C
Complex_58,20,0.9743,0.1042,297,YGL111W
Complex_58,20,0.9743,0.1042,533,YLL008W
Complex_58,20,0.9743,0.1042,395,YHR088W
Complex_58,20,0.9743,0.1042,258,YFL002C
Complex_58,20,0.9743,0.1042,539,YLR002C
Complex_58,20,0.9743,0.1042,867,YPR016C
Complex_58,20,0.9743,0.1042,694,YNL110C
Complex_58,20,0.9743,0.1042,215,YDR496C
Complex_59,10,0.9742,0.075,775,YOR063W
Complex_59,10,0.9742,0.075,761,YOL127W
Complex_59,10,0.9742,0.075,538,YLL045C
Complex_59,10,0.9742,0.075,867,YPR016C
Complex_59,10,0.9742,0.075,837,YPL093W
Complex_59,10,0.9742,0.075,676,YNL002C
Complex_59,10,0.9742,0.075,228,YER006W
Complex_59,10,0.9742,0.075,388,YHR052W
Complex_59,10,0.9742,0.075,282,YGL030W
Complex_59,10,0.9742,0.075,215,YDR496C
Complex_60,19,0.9739,0.1203,775,YOR063W
Complex_60,19,0.9739,0.1203,761,YOL127W
Complex_60,19,0.9739,0.1203,258,YFL002C
Complex_60,19,0.9739,0.1203,843,YPL131W
Complex_60,19,0.9739,0.1203,388,YHR052W
Complex_60,19,0.9739,0.1203,837,YPL093W
Complex_60,19,0.9739,0.1203,100,YDL031W
Complex_60,19,0.9739,0.1203,228,YER006W
Complex_60,19,0.9739,0.1203,395,YHR088W
Complex_60,19,0.9739,0.1203,683,YNL061W
Complex_60,19,0.9739,0.1203,854,YPL211W
Complex_60,19,0.9739,0.1203,539,YLR002C
Complex_60,19,0.9739,0.1203,796,YOR206W
Complex_60,19,0.9739,0.1203,670,YMR290C
Complex_60,19,0.9739,0.1203,676,YNL002C
Complex_60,19,0.9739,0.1203,297,YGL111W
Complex_60,19,0.9739,0.1203,533,YLL008W
Complex_60,19,0.9739,0.1203,867,YPR016C
Complex_60,19,0.9739,0.1203,338,YGR103W
Complex_61,3,0.9738,1.0,118,YDL102W
Complex_61,3,0.9738,1.0,474,YJR006W
Complex_61,3,0.9738,1.0,478,YJR043C
Complex_62,21,0.9738,0.2449,775,YOR063W
Complex_62,21,0.9738,0.2449,142,YDR060W
Complex_62,21,0.9738,0.2449,670,YMR290C
Complex_62,21,0.9738,0.2449,796,YOR206W
Complex_62,21,0.9738,0.2449,755,YOL077C
Complex_62,21,0.9738,0.2449,676,YNL002C
Complex_62,21,0.9738,0.2449,388,YHR052W
Complex_62,21,0.9738,0.2449,683,YNL061W
Complex_62,21,0.9738,0.2449,533,YLL008W
Complex_62,21,0.9738,0.2449,837,YPL093W
Complex_62,21,0.9738,0.2449,100,YDL031W
Complex_62,21,0.9738,0.2449,228,YER006W
Complex_62,21,0.9738,0.2449,854,YPL211W
Complex_62,21,0.9738,0.2449,808,YOR272W
Complex_62,21,0.9738,0.2449,395,YHR088W
Complex_62,21,0.9738,0.2449,297,YGL111W
Complex_62,21,0.9738,0.2449,258,YFL002C
Complex_62,21,0.9738,0.2449,539,YLR002C
Complex_62,21,0.9738,0.2449,642,YMR049C
Complex_62,21,0.9738,0.2449,536,YLL034C
Complex_62,21,0.9738,0.2449,215,YDR496C
Complex_63,10,0.9736,0.075,775,YOR063W
Complex_63,10,0.9736,0.075,761,YOL127W
Complex_63,10,0.9736,0.075,538,YLL045C
Complex_63,10,0.9736,0.075,867,YPR016C
Complex_63,10,0.9736,0.075,837,YPL093W
Complex_63,10,0.9736,0.075,676,YNL002C
Complex_63,10,0.9736,0.075,228,YER006W
Complex_63,10,0.9736,0.075,861,YPL249C-A
Complex_63,10,0.9736,0.075,338,YGR103W
Complex_63,10,0.9736,0.075,843,YPL131W
Complex_64,3,0.9736,0.5,213,YDR478W
Complex_64,3,0.9736,0.5,390,YHR062C
Complex_64,3,0.9736,0.5,710,YNL221C
Complex_65,18,0.9734,0.3333,775,YOR063W
Complex_65,18,0.9734,0.3333,142,YDR060W
Complex_65,18,0.9734,0.3333,670,YMR290C
Complex_65,18,0.9734,0.3333,796,YOR206W
Complex_65,18,0.9734,0.3333,755,YOL077C
Complex_65,18,0.9734,0.3333,676,YNL002C
Complex_65,18,0.9734,0.3333,388,YHR052W
Complex_65,18,0.9734,0.3333,683,YNL061W
Complex_65,18,0.9734,0.3333,533,YLL008W
Complex_65,18,0.9734,0.3333,837,YPL093W
Complex_65,18,0.9734,0.3333,100,YDL031W
Complex_65,18,0.9734,0.3333,228,YER006W
Complex_65,18,0.9734,0.3333,854,YPL211W
Complex_65,18,0.9734,0.3333,574,YLR276C
Complex_65,18,0.9734,0.3333,642,YMR049C
Complex_65,18,0.9734,0.3333,297,YGL111W
Complex_65,18,0.9734,0.3333,829,YPL043W
Complex_65,18,0.9734,0.3333,215,YDR496C
Complex_66,10,0.9731,0.075,775,YOR063W
Complex_66,10,0.9731,0.075,761,YOL127W
Complex_66,10,0.9731,0.075,694,YNL110C
Complex_66,10,0.9731,0.075,837,YPL093W
Complex_66,10,0.9731,0.075,388,YHR052W
Complex_66,10,0.9731,0.075,676,YNL002C
Complex_66,10,0.9731,0.075,228,YER006W
Complex_66,10,0.9731,0.075,282,YGL030W
Complex_66,10,0.9731,0.075,338,YGR103W
Complex_66,10,0.9731,0.075,867,YPR016C
Complex_67,15,0.973,0.1778,775,YOR063W
Complex_67,15,0.973,0.1778,142,YDR060W
Complex_67,15,0.973,0.1778,670,YMR290C
Complex_67,15,0.973,0.1778,796,YOR206W
Complex_67,15,0.973,0.1778,755,YOL077C
Complex_67,15,0.973,0.1778,676,YNL002C
Complex_67,15,0.973,0.1778,388,YHR052W
Complex_67,15,0.973,0.1778,683,YNL061W
Complex_67,15,0.973,0.1778,533,YLL008W
Complex_67,15,0.973,0.1778,837,YPL093W
Complex_67,15,0.973,0.1778,100,YDL031W
Complex_67,15,0.973,0.1778,228,YER006W
Complex_67,15,0.973,0.1778,529,YKR081C
Complex_67,15,0.973,0.1778,574,YLR276C
Complex_67,15,0.973,0.1778,215,YDR496C
Complex_68,17,0.9725,0.1345,775,YOR063W
Complex_68,17,0.9725,0.1345,761,YOL127W
Complex_68,17,0.9725,0.1345,538,YLL045C
Complex_68,17,0.9725,0.1345,867,YPR016C
Complex_68,17,0.9725,0.1345,837,YPL093W
Complex_68,17,0.9725,0.1345,676,YNL002C
Complex_68,17,0.9725,0.1345,228,YER006W
Complex_68,17,0.9725,0.1345,388,YHR052W
Complex_68,17,0.9725,0.1345,100,YDL031W
Complex_68,17,0.9725,0.1345,843,YPL131W
Complex_68,17,0.9725,0.1345,683,YNL061W
Complex_68,17,0.9725,0.1345,533,YLL008W
Complex_68,17,0.9725,0.1345,539,YLR002C
Complex_68,17,0.9725,0.1345,796,YOR206W
Complex_68,17,0.9725,0.1345,670,YMR290C
Complex_68,17,0.9725,0.1345,529,YKR081C
Complex_68,17,0.9725,0.1345,338,YGR103W
Complex_69,19,0.9723,0.2707,147,YDR087C
Complex_69,19,0.9723,0.2707,670,YMR290C
Complex_69,19,0.9723,0.2707,683,YNL061W
Complex_69,19,0.9723,0.2707,228,YER006W
Complex_69,19,0.9723,0.2707,388,YHR052W
Complex_69,19,0.9723,0.2707,676,YNL002C
Complex_69,19,0.9723,0.2707,100,YDL031W
Complex_69,19,0.9723,0.2707,533,YLL008W
Complex_69,19,0.9723,0.2707,215,YDR496C
Complex_69,19,0.9723,0.2707,796,YOR206W
Complex_69,19,0.9723,0.2707,258,YFL002C
Complex_69,19,0.9723,0.2707,642,YMR049C
Complex_69,19,0.9723,0.2707,297,YGL111W
Complex_69,19,0.9723,0.2707,395,YHR088W
Complex_69,19,0.9723,0.2707,854,YPL211W
Complex_69,19,0.9723,0.2707,808,YOR272W
Complex_69,19,0.9723,0.2707,755,YOL077C
Complex_69,19,0.9723,0.2707,536,YLL034C
Complex_69,19,0.9723,0.2707,142,YDR060W
Complex_70,18,0.9721,0.2857,775,YOR063W
Complex_70,18,0.9721,0.2857,142,YDR060W
Complex_70,18,0.9721,0.2857,670,YMR290C
Complex_70,18,0.9721,0.2857,796,YOR206W
Complex_70,18,0.9721,0.2857,755,YOL077C
Complex_70,18,0.9721,0.2857,676,YNL002C
Complex_70,18,0.9721,0.2857,388,YHR052W
Complex_70,18,0.9721,0.2857,683,YNL061W
Complex_70,18,0.9721,0.2857,533,YLL008W
Complex_70,18,0.9721,0.2857,837,YPL093W
Complex_70,18,0.9721,0.2857,100,YDL031W
Complex_70,18,0.9721,0.2857,228,YER006W
Complex_70,18,0.9721,0.2857,854,YPL211W
Complex_70,18,0.9721,0.2857,808,YOR272W
Complex_70,18,0.9721,0.2857,395,YHR088W
Complex_70,18,0.9721,0.2857,538,YLL045C
Complex_70,18,0.9721,0.2857,829,YPL043W
Complex_70,18,0.9721,0.2857,338,YGR103W
Complex_71,17,0.9719,0.2101,775,YOR063W
Complex_71,17,0.9719,0.2101,142,YDR060W
Complex_71,17,0.9719,0.2101,670,YMR290C
Complex_71,17,0.9719,0.2101,796,YOR206W
Complex_71,17,0.9719,0.2101,755,YOL077C
Complex_71,17,0.9719,0.2101,676,YNL002C
Complex_71,17,0.9719,0.2101,388,YHR052W
Complex_71,17,0.9719,0.2101,683,YNL061W
Complex_71,17,0.9719,0.2101,533,YLL008W
Complex_71,17,0.9719,0.2101,837,YPL093W
Complex_71,17,0.9719,0.2101,100,YDL031W
Complex_71,17,0.9719,0.2101,228,YER006W
Complex_71,17,0.9719,0.2101,529,YKR081C
Complex_71,17,0.9719,0.2101,843,YPL131W
Complex_71,17,0.9719,0.2101,538,YLL045C
Complex_71,17,0.9719,0.2101,539,YLR002C
Complex_71,17,0.9719,0.2101,338,YGR103W
Complex_72,5,0.9717,0.5333,42,YBR079C
Complex_72,5,0.9717,0.5333,653,YMR146C
Complex_72,5,0.9717,0.5333,673,YMR309C
Complex_72,5,0.9717,0.5333,874,YPR041W
Complex_72,5,0.9717,0.5333,232,YER025W
Complex_73,19,0.9715,0.1203,775,YOR063W
Complex_73,19,0.9715,0.1203,761,YOL127W
Complex_73,19,0.9715,0.1203,642,YMR049C
Complex_73,19,0.9715,0.1203,388,YHR052W
Complex_73,19,0.9715,0.1203,796,YOR206W
Complex_73,19,0.9715,0.1203,670,YMR290C
Complex_73,19,0.9715,0.1203,683,YNL061W
Complex_73,19,0.9715,0.1203,837,YPL093W
Complex_73,19,0.9715,0.1203,854,YPL211W
Complex_73,19,0.9715,0.1203,100,YDL031W
Complex_73,19,0.9715,0.1203,228,YER006W
Complex_73,19,0.9715,0.1203,676,YNL002C
Complex_73,19,0.9715,0.1203,297,YGL111W
Complex_73,19,0.9715,0.1203,533,YLL008W
Complex_73,19,0.9715,0.1203,395,YHR088W
Complex_73,19,0.9715,0.1203,258,YFL002C
Complex_73,19,0.9715,0.1203,539,YLR002C
Complex_73,19,0.9715,0.1203,755,YOL077C
Complex_73,19,0.9715,0.1203,512,YKL172W
Complex_74,18,0.9715,0.127,775,YOR063W
Complex_74,18,0.9715,0.127,761,YOL127W
Complex_74,18,0.9715,0.127,538,YLL045C
Complex_74,18,0.9715,0.127,867,YPR016C
Complex_74,18,0.9715,0.127,837,YPL093W
Complex_74,18,0.9715,0.127,676,YNL002C
Complex_74,18,0.9715,0.127,228,YER006W
Complex_74,18,0.9715,0.127,388,YHR052W
Complex_74,18,0.9715,0.127,100,YDL031W
Complex_74,18,0.9715,0.127,843,YPL131W
Complex_74,18,0.9715,0.127,683,YNL061W
Complex_74,18,0.9715,0.127,533,YLL008W
Complex_74,18,0.9715,0.127,539,YLR002C
Complex_74,18,0.9715,0.127,796,YOR206W
Complex_74,18,0.9715,0.127,670,YMR290C
Complex_74,18,0.9715,0.127,395,YHR088W
Complex_74,18,0.9715,0.127,854,YPL211W
Complex_74,18,0.9715,0.127,338,YGR103W
Complex_75,15,0.9715,0.1524,775,YOR063W
Complex_75,15,0.9715,0.1524,142,YDR060W
Complex_75,15,0.9715,0.1524,670,YMR290C
Complex_75,15,0.9715,0.1524,796,YOR206W
Complex_75,15,0.9715,0.1524,755,YOL077C
Complex_75,15,0.9715,0.1524,676,YNL002C
Complex_75,15,0.9715,0.1524,388,YHR052W
Complex_75,15,0.9715,0.1524,683,YNL061W
Complex_75,15,0.9715,0.1524,533,YLL008W
Complex_75,15,0.9715,0.1524,837,YPL093W
Complex_75,15,0.9715,0.1524,100,YDL031W
Complex_75,15,0.9715,0.1524,228,YER006W
Complex_75,15,0.9715,0.1524,529,YKR081C
Complex_75,15,0.9715,0.1524,574,YLR276C
Complex_75,15,0.9715,0.1524,512,YKL172W
Complex_76,9,0.9715,0.037,775,YOR063W
Complex_76,9,0.9715,0.037,761,YOL127W
Complex_76,9,0.9715,0.037,538,YLL045C
Complex_76,9,0.9715,0.037,683,YNL061W
Complex_76,9,0.9715,0.037,670,YMR290C
Complex_76,9,0.9715,0.037,837,YPL093W
Complex_76,9,0.9715,0.037,627,YML073C
Complex_76,9,0.9715,0.037,676,YNL002C
Complex_76,9,0.9715,0.037,215,YDR496C
Complex_77,16,0.9715,0.0938,775,YOR063W
Complex_77,16,0.9715,0.0938,761,YOL127W
Complex_77,16,0.9715,0.0938,694,YNL110C
Complex_77,16,0.9715,0.0938,837,YPL093W
Complex_77,16,0.9715,0.0938,388,YHR052W
Complex_77,16,0.9715,0.0938,676,YNL002C
Complex_77,16,0.9715,0.0938,228,YER006W
Complex_77,16,0.9715,0.0938,215,YDR496C
Complex_77,16,0.9715,0.0938,529,YKR081C
Complex_77,16,0.9715,0.0938,100,YDL031W
Complex_77,16,0.9715,0.0938,683,YNL061W
Complex_77,16,0.9715,0.0938,533,YLL008W
Complex_77,16,0.9715,0.0938,539,YLR002C
Complex_77,16,0.9715,0.0938,796,YOR206W
Complex_77,16,0.9715,0.0938,670,YMR290C
Complex_77,16,0.9715,0.0938,755,YOL077C
Complex_78,9,0.971,0.0524,775,YOR063W
Complex_78,9,0.971,0.0524,150,YDR101C
Complex_78,9,0.971,0.0524,676,YNL002C
Complex_78,9,0.971,0.0524,228,YER006W
Complex_78,9,0.971,0.0524,111,YDL075W
Complex_78,9,0.971,0.0524,338,YGR103W
Complex_78,9,0.971,0.0524,282,YGL030W
Complex_78,9,0.971,0.0524,538,YLL045C
Complex_78,9,0.971,0.0524,861,YPL249C-A
Complex_79,10,0.9709,0.0571,775,YOR063W
Complex_79,10,0.9709,0.0571,761,YOL127W
Complex_79,10,0.9709,0.0571,538,YLL045C
Complex_79,10,0.9709,0.0571,388,YHR052W
Complex_79,10,0.9709,0.0571,837,YPL093W
Complex_79,10,0.9709,0.0571,282,YGL030W
Complex_79,10,0.9709,0.0571,676,YNL002C
Complex_79,10,0.9709,0.0571,755,YOL077C
Complex_79,10,0.9709,0.0571,228,YER006W
Complex_79,10,0.9709,0.0571,338,YGR103W
Complex_80,17,0.9709,0.1225,775,YOR063W
Complex_80,17,0.9709,0.1225,761,YOL127W
Complex_80,17,0.9709,0.1225,538,YLL045C
Complex_80,17,0.9709,0.1225,867,YPR016C
Complex_80,17,0.9709,0.1225,837,YPL093W
Complex_80,17,0.9709,0.1225,676,YNL002C
Complex_80,17,0.9709,0.1225,228,YER006W
Complex_80,17,0.9709,0.1225,388,YHR052W
Complex_80,17,0.9709,0.1225,100,YDL031W
Complex_80,17,0.9709,0.1225,843,YPL131W
Complex_80,17,0.9709,0.1225,683,YNL061W
Complex_80,17,0.9709,0.1225,533,YLL008W
Complex_80,17,0.9709,0.1225,539,YLR002C
Complex_80,17,0.9709,0.1225,796,YOR206W
Complex_80,17,0.9709,0.1225,670,YMR290C
Complex_80,17,0.9709,0.1225,529,YKR081C
Complex_80,17,0.9709,0.1225,215,YDR496C
Complex_81,13,0.9709,0.2747,775,YOR063W
Complex_81,13,0.9709,0.2747,142,YDR060W
Complex_81,13,0.9709,0.2747,670,YMR290C
Complex_81,13,0.9709,0.2747,51,YBR142W
Complex_81,13,0.9709,0.2747,215,YDR496C
Complex_81,13,0.9709,0.2747,642,YMR049C
Complex_81,13,0.9709,0.2747,388,YHR052W
Complex_81,13,0.9709,0.2747,676,YNL002C
Complex_81,13,0.9709,0.2747,808,YOR272W
Complex_81,13,0.9709,0.2747,829,YPL043W
Complex_81,13,0.9709,0.2747,683,YNL061W
Complex_81,13,0.9709,0.2747,533,YLL008W
Complex_81,13,0.9709,0.2747,854,YPL211W
Complex_82,17,0.9704,0.0882,775,YOR063W
Complex_82,17,0.9704,0.0882,761,YOL127W
Complex_82,17,0.9704,0.0882,642,YMR049C
Complex_82,17,0.9704,0.0882,388,YHR052W
Complex_82,17,0.9704,0.0882,796,YOR206W
Complex_82,17,0.9704,0.0882,670,YMR290C
Complex_82,17,0.9704,0.0882,683,YNL061W
Complex_82,17,0.9704,0.0882,837,YPL093W
Complex_82,17,0.9704,0.0882,854,YPL211W
Complex_82,17,0.9704,0.0882,100,YDL031W
Complex_82,17,0.9704,0.0882,228,YER006W
Complex_82,17,0.9704,0.0882,676,YNL002C
Complex_82,17,0.9704,0.0882,297,YGL111W
Complex_82,17,0.9704,0.0882,533,YLL008W
Complex_82,17,0.9704,0.0882,574,YLR276C
Complex_82,17,0.9704,0.0882,755,YOL077C
Complex_82,17,0.9704,0.0882,512,YKL172W
Complex_83,10,0.9703,0.075,775,YOR063W
Complex_83,10,0.9703,0.075,761,YOL127W
Complex_83,10,0.9703,0.075,694,YNL110C
Complex_83,10,0.9703,0.075,837,YPL093W
Complex_83,10,0.9703,0.075,388,YHR052W
Complex_83,10,0.9703,0.075,676,YNL002C
Complex_83,10,0.9703,0.075,228,YER006W
Complex_83,10,0.9703,0.075,282,YGL030W
Complex_83,10,0.9703,0.075,215,YDR496C
Complex_83,10,0.9703,0.075,867,YPR016C
Complex_84,18,0.9702,0.2857,775,YOR063W
Complex_84,18,0.9702,0.2857,142,YDR060W
Complex_84,18,0.9702,0.2857,670,YMR290C
Complex_84,18,0.9702,0.2857,796,YOR206W
Complex_84,18,0.9702,0.2857,755,YOL077C
Complex_84,18,0.9702,0.2857,676,YNL002C
Complex_84,18,0.9702,0.2857,388,YHR052W
Complex_84,18,0.9702,0.2857,683,YNL061W
Complex_84,18,0.9702,0.2857,533,YLL008W
Complex_84,18,0.9702,0.2857,837,YPL093W
Complex_84,18,0.9702,0.2857,100,YDL031W
Complex_84,18,0.9702,0.2857,228,YER006W
Complex_84,18,0.9702,0.2857,854,YPL211W
Complex_84,18,0.9702,0.2857,808,YOR272W
Complex_84,18,0.9702,0.2857,395,YHR088W
Complex_84,18,0.9702,0.2857,538,YLL045C
Complex_84,18,0.9702,0.2857,829,YPL043W
Complex_84,18,0.9702,0.2857,215,YDR496C
Complex_85,18,0.9701,0.1481,775,YOR063W
Complex_85,18,0.9701,0.1481,761,YOL127W
Complex_85,18,0.9701,0.1481,642,YMR049C
Complex_85,18,0.9701,0.1481,388,YHR052W
Complex_85,18,0.9701,0.1481,796,YOR206W
Complex_85,18,0.9701,0.1481,670,YMR290C
Complex_85,18,0.9701,0.1481,683,YNL061W
Complex_85,18,0.9701,0.1481,837,YPL093W
Complex_85,18,0.9701,0.1481,854,YPL211W
Complex_85,18,0.9701,0.1481,100,YDL031W
Complex_85,18,0.9701,0.1481,228,YER006W
Complex_85,18,0.9701,0.1481,676,YNL002C
Complex_85,18,0.9701,0.1481,297,YGL111W
Complex_85,18,0.9701,0.1481,533,YLL008W
Complex_85,18,0.9701,0.1481,395,YHR088W
Complex_85,18,0.9701,0.1481,829,YPL043W
Complex_85,18,0.9701,0.1481,755,YOL077C
Complex_85,18,0.9701,0.1481,338,YGR103W
Complex_86,17,0.9701,0.1569,775,YOR063W
Complex_86,17,0.9701,0.1569,142,YDR060W
Complex_86,17,0.9701,0.1569,670,YMR290C
Complex_86,17,0.9701,0.1569,796,YOR206W
Complex_86,17,0.9701,0.1569,755,YOL077C
Complex_86,17,0.9701,0.1569,676,YNL002C
Complex_86,17,0.9701,0.1569,388,YHR052W
Complex_86,17,0.9701,0.1569,683,YNL061W
Complex_86,17,0.9701,0.1569,533,YLL008W
Complex_86,17,0.9701,0.1569,837,YPL093W
Complex_86,17,0.9701,0.1569,100,YDL031W
Complex_86,17,0.9701,0.1569,228,YER006W
Complex_86,17,0.9701,0.1569,529,YKR081C
Complex_86,17,0.9701,0.1569,843,YPL131W
Complex_86,17,0.9701,0.1569,538,YLL045C
Complex_86,17,0.9701,0.1569,539,YLR002C
Complex_86,17,0.9701,0.1569,215,YDR496C
Complex_87,18,0.97,0.1157,775,YOR063W
Complex_87,18,0.97,0.1157,761,YOL127W
Complex_87,18,0.97,0.1157,538,YLL045C
Complex_87,18,0.97,0.1157,867,YPR016C
Complex_87,18,0.97,0.1157,837,YPL093W
Complex_87,18,0.97,0.1157,676,YNL002C
Complex_87,18,0.97,0.1157,228,YER006W
Complex_87,18,0.97,0.1157,388,YHR052W
Complex_87,18,0.97,0.1157,100,YDL031W
Complex_87,18,0.97,0.1157,843,YPL131W
Complex_87,18,0.97,0.1157,683,YNL061W
Complex_87,18,0.97,0.1157,533,YLL008W
Complex_87,18,0.97,0.1157,539,YLR002C
Complex_87,18,0.97,0.1157,796,YOR206W
Complex_87,18,0.97,0.1157,670,YMR290C
Complex_87,18,0.97,0.1157,395,YHR088W
Complex_87,18,0.97,0.1157,854,YPL211W
Complex_87,18,0.97,0.1157,215,YDR496C
Complex_88,19,0.97,0.188,775,YOR063W
Complex_88,19,0.97,0.188,142,YDR060W
Complex_88,19,0.97,0.188,670,YMR290C
Complex_88,19,0.97,0.188,796,YOR206W
Complex_88,19,0.97,0.188,755,YOL077C
Complex_88,19,0.97,0.188,676,YNL002C
Complex_88,19,0.97,0.188,388,YHR052W
Complex_88,19,0.97,0.188,683,YNL061W
Complex_88,19,0.97,0.188,533,YLL008W
Complex_88,19,0.97,0.188,837,YPL093W
Complex_88,19,0.97,0.188,100,YDL031W
Complex_88,19,0.97,0.188,228,YER006W
Complex_88,19,0.97,0.188,854,YPL211W
Complex_88,19,0.97,0.188,808,YOR272W
Complex_88,19,0.97,0.188,395,YHR088W
Complex_88,19,0.97,0.188,538,YLL045C
Complex_88,19,0.97,0.188,843,YPL131W
Complex_88,19,0.97,0.188,539,YLR002C
Complex_88,19,0.97,0.188,215,YDR496C
Complex_89,7,0.9699,0.875,169,YDR235W
Complex_89,7,0.9699,0.875,321,YGR013W
Complex_89,7,0.9699,0.875,422,YIL061C
Complex_89,7,0.9699,0.875,394,YHR086W
Complex_89,7,0.9699,0.875,172,YDR240C
Complex_89,7,0.9699,0.875,328,YGR074W
Complex_89,7,0.9699,0.875,551,YLR147C
Complex_90,20,0.9699,0.3,775,YOR063W
Complex_90,20,0.9699,0.3,142,YDR060W
Complex_90,20,0.9699,0.3,670,YMR290C
Complex_90,20,0.9699,0.3,796,YOR206W
Complex_90,20,0.9699,0.3,755,YOL077C
Complex_90,20,0.9699,0.3,676,YNL002C
Complex_90,20,0.9699,0.3,388,YHR052W
Complex_90,20,0.9699,0.3,683,YNL061W
Complex_90,20,0.9699,0.3,533,YLL008W
Complex_90,20,0.9699,0.3,837,YPL093W
Complex_90,20,0.9699,0.3,100,YDL031W
Complex_90,20,0.9699,0.3,228,YER006W
Complex_90,20,0.9699,0.3,854,YPL211W
Complex_90,20,0.9699,0.3,808,YOR272W
Complex_90,20,0.9699,0.3,395,YHR088W
Complex_90,20,0.9699,0.3,297,YGL111W
Complex_90,20,0.9699,0.3,829,YPL043W
Complex_90,20,0.9699,0.3,642,YMR049C
Complex_90,20,0.9699,0.3,536,YLL034C
Complex_90,20,0.9699,0.3,215,YDR496C
Complex_91,4,0.9693,0.4444,346,YGR156W
Complex_91,4,0.9693,0.4444,497,YKL018W
Complex_91,4,0.9693,0.4444,792,YOR179C
Complex_91,4,0.9693,0.4444,711,YNL222W
Complex_92,3,0.9692,1.0,124,YDL143W
Complex_92,3,0.9692,1.0,810,YOR281C
Complex_92,3,0.9692,1.0,435,YIL142W
Complex_93,3,0.9688,0.0247,269,YFR009W
Complex_93,3,0.9688,0.0247,312,YGL195W
Complex_93,3,0.9688,0.0247,498,YKL029C
Complex_94,18,0.9688,0.2315,775,YOR063W
Complex_94,18,0.9688,0.2315,761,YOL127W
Complex_94,18,0.9688,0.2315,642,YMR049C
Complex_94,18,0.9688,0.2315,388,YHR052W
Complex_94,18,0.9688,0.2315,796,YOR206W
Complex_94,18,0.9688,0.2315,670,YMR290C
Complex_94,18,0.9688,0.2315,683,YNL061W
Complex_94,18,0.9688,0.2315,837,YPL093W
Complex_94,18,0.9688,0.2315,854,YPL211W
Complex_94,18,0.9688,0.2315,100,YDL031W
Complex_94,18,0.9688,0.2315,228,YER006W
Complex_94,18,0.9688,0.2315,676,YNL002C
Complex_94,18,0.9688,0.2315,297,YGL111W
Complex_94,18,0.9688,0.2315,533,YLL008W
Complex_94,18,0.9688,0.2315,574,YLR276C
Complex_94,18,0.9688,0.2315,755,YOL077C
Complex_94,18,0.9688,0.2315,829,YPL043W
Complex_94,18,0.9688,0.2315,215,YDR496C
Complex_95,10,0.9687,0.0667,775,YOR063W
Complex_95,10,0.9687,0.0667,761,YOL127W
Complex_95,10,0.9687,0.0667,538,YLL045C
Complex_95,10,0.9687,0.0667,388,YHR052W
Complex_95,10,0.9687,0.0667,837,YPL093W
Complex_95,10,0.9687,0.0667,282,YGL030W
Complex_95,10,0.9687,0.0667,676,YNL002C
Complex_95,10,0.9687,0.0667,755,YOL077C
Complex_95,10,0.9687,0.0667,228,YER006W
Complex_95,10,0.9687,0.0667,215,YDR496C
Complex_96,13,0.9687,0.2747,775,YOR063W
Complex_96,13,0.9687,0.2747,142,YDR060W
Complex_96,13,0.9687,0.2747,670,YMR290C
Complex_96,13,0.9687,0.2747,51,YBR142W
Complex_96,13,0.9687,0.2747,215,YDR496C
Complex_96,13,0.9687,0.2747,538,YLL045C
Complex_96,13,0.9687,0.2747,676,YNL002C
Complex_96,13,0.9687,0.2747,388,YHR052W
Complex_96,13,0.9687,0.2747,808,YOR272W
Complex_96,13,0.9687,0.2747,683,YNL061W
Complex_96,13,0.9687,0.2747,533,YLL008W
Complex_96,13,0.9687,0.2747,854,YPL211W
Complex_96,13,0.9687,0.2747,829,YPL043W
Complex_97,17,0.9684,0.1345,775,YOR063W
Complex_97,17,0.9684,0.1345,761,YOL127W
Complex_97,17,0.9684,0.1345,538,YLL045C
Complex_97,17,0.9684,0.1345,388,YHR052W
Complex_97,17,0.9684,0.1345,837,YPL093W
Complex_97,17,0.9684,0.1345,670,YMR290C
Complex_97,17,0.9684,0.1345,796,YOR206W
Complex_97,17,0.9684,0.1345,676,YNL002C
Complex_97,17,0.9684,0.1345,755,YOL077C
Complex_97,17,0.9684,0.1345,100,YDL031W
Complex_97,17,0.9684,0.1345,228,YER006W
Complex_97,17,0.9684,0.1345,683,YNL061W
Complex_97,17,0.9684,0.1345,533,YLL008W
Complex_97,17,0.9684,0.1345,843,YPL131W
Complex_97,17,0.9684,0.1345,539,YLR002C
Complex_97,17,0.9684,0.1345,529,YKR081C
Complex_97,17,0.9684,0.1345,338,YGR103W
Complex_98,8,0.9684,0.8889,43,YBR081C
Complex_98,8,0.9684,0.8889,298,YGL112C
Complex_98,8,0.9684,0.8889,206,YDR448W
Complex_98,8,0.9684,0.8889,664,YMR236W
Complex_98,8,0.9684,0.8889,160,YDR167W
Complex_98,8,0.9684,0.8889,367,YGR252W
Complex_98,8,0.9684,0.8889,862,YPL254W
Complex_98,8,0.9684,0.8889,155,YDR145W
Complex_99,17,0.9684,0.1345,775,YOR063W
Complex_99,17,0.9684,0.1345,142,YDR060W
Complex_99,17,0.9684,0.1345,670,YMR290C
Complex_99,17,0.9684,0.1345,796,YOR206W
Complex_99,17,0.9684,0.1345,755,YOL077C
Complex_99,17,0.9684,0.1345,676,YNL002C
Complex_99,17,0.9684,0.1345,388,YHR052W
Complex_99,17,0.9684,0.1345,683,YNL061W
Complex_99,17,0.9684,0.1345,533,YLL008W
Complex_99,17,0.9684,0.1345,837,YPL093W
Complex_99,17,0.9684,0.1345,100,YDL031W
Complex_99,17,0.9684,0.1345,228,YER006W
Complex_99,17,0.9684,0.1345,529,YKR081C
Complex_99,17,0.9684,0.1345,843,YPL131W
Complex_99,17,0.9684,0.1345,538,YLL045C
Complex_99,17,0.9684,0.1345,539,YLR002C
Complex_99,17,0.9684,0.1345,512,YKL172W
Complex_100,15,0.9683,0.15,775,YOR063W
Complex_100,15,0.9683,0.15,761,YOL127W
Complex_100,15,0.9683,0.15,574,YLR276C
Complex_100,15,0.9683,0.15,529,YKR081C
Complex_100,15,0.9683,0.15,100,YDL031W
Complex_100,15,0.9683,0.15,388,YHR052W
Complex_100,15,0.9683,0.15,676,YNL002C
Complex_100,15,0.9683,0.15,228,YER006W
Complex_100,15,0.9683,0.15,837,YPL093W
Complex_100,15,0.9683,0.15,683,YNL061W
Complex_100,15,0.9683,0.15,755,YOL077C
Complex_100,15,0.9683,0.15,533,YLL008W
Complex_100,15,0.9683,0.15,796,YOR206W
Complex_100,15,0.9683,0.15,670,YMR290C
Complex_100,15,0.9683,0.15,215,YDR496C
Complex_101,5,0.9683,1.0,5,YAL033W
Complex_101,5,0.9683,1.0,390,YHR062C
Complex_101,5,0.9683,1.0,724,YNL282W
Complex_101,5,0.9683,1.0,20,YBL018C
Complex_101,5,0.9683,1.0,710,YNL221C
Complex_102,11,0.9683,1.0,67,YBR253W
Complex_102,11,0.9683,1.0,387,YHR041C
Complex_102,11,0.9683,1.0,389,YHR058C
Complex_102,11,0.9683,1.0,714,YNL236W
Complex_102,11,0.9683,1.0,308,YGL151W
Complex_102,11,0.9683,1.0,762,YOL135C
Complex_102,11,0.9683,1.0,828,YPL042C
Complex_102,11,0.9683,1.0,185,YDR308C
Complex_102,11,0.9683,1.0,92,YCR081W
Complex_102,11,0.9683,1.0,734,YNR010W
Complex_102,11,0.9683,1.0,791,YOR174W
Complex_103,19,0.9682,0.1203,775,YOR063W
Complex_103,19,0.9682,0.1203,761,YOL127W
Complex_103,19,0.9682,0.1203,258,YFL002C
Complex_103,19,0.9682,0.1203,843,YPL131W
Complex_103,19,0.9682,0.1203,388,YHR052W
Complex_103,19,0.9682,0.1203,837,YPL093W
Complex_103,19,0.9682,0.1203,100,YDL031W
Complex_103,19,0.9682,0.1203,228,YER006W
Complex_103,19,0.9682,0.1203,395,YHR088W
Complex_103,19,0.9682,0.1203,683,YNL061W
Complex_103,19,0.9682,0.1203,854,YPL211W
Complex_103,19,0.9682,0.1203,539,YLR002C
Complex_103,19,0.9682,0.1203,796,YOR206W
Complex_103,19,0.9682,0.1203,670,YMR290C
Complex_103,19,0.9682,0.1203,676,YNL002C
Complex_103,19,0.9682,0.1203,297,YGL111W
Complex_103,19,0.9682,0.1203,533,YLL008W
Complex_103,19,0.9682,0.1203,755,YOL077C
Complex_103,19,0.9682,0.1203,215,YDR496C
Complex_104,18,0.968,0.2315,775,YOR063W
Complex_104,18,0.968,0.2315,761,YOL127W
Complex_104,18,0.968,0.2315,642,YMR049C
Complex_104,18,0.968,0.2315,388,YHR052W
Complex_104,18,0.968,0.2315,796,YOR206W
Complex_104,18,0.968,0.2315,670,YMR290C
Complex_104,18,0.968,0.2315,683,YNL061W
Complex_104,18,0.968,0.2315,837,YPL093W
Complex_104,18,0.968,0.2315,854,YPL211W
Complex_104,18,0.968,0.2315,100,YDL031W
Complex_104,18,0.968,0.2315,228,YER006W
Complex_104,18,0.968,0.2315,676,YNL002C
Complex_104,18,0.968,0.2315,297,YGL111W
Complex_104,18,0.968,0.2315,533,YLL008W
Complex_104,18,0.968,0.2315,395,YHR088W
Complex_104,18,0.968,0.2315,829,YPL043W
Complex_104,18,0.968,0.2315,755,YOL077C
Complex_104,18,0.968,0.2315,215,YDR496C
Complex_105,17,0.9677,0.1345,775,YOR063W
Complex_105,17,0.9677,0.1345,761,YOL127W
Complex_105,17,0.9677,0.1345,538,YLL045C
Complex_105,17,0.9677,0.1345,388,YHR052W
Complex_105,17,0.9677,0.1345,837,YPL093W
Complex_105,17,0.9677,0.1345,670,YMR290C
Complex_105,17,0.9677,0.1345,796,YOR206W
Complex_105,17,0.9677,0.1345,676,YNL002C
Complex_105,17,0.9677,0.1345,755,YOL077C
Complex_105,17,0.9677,0.1345,100,YDL031W
Complex_105,17,0.9677,0.1345,228,YER006W
Complex_105,17,0.9677,0.1345,683,YNL061W
Complex_105,17,0.9677,0.1345,533,YLL008W
Complex_105,17,0.9677,0.1345,829,YPL043W
Complex_105,17,0.9677,0.1345,395,YHR088W
Complex_105,17,0.9677,0.1345,854,YPL211W
Complex_105,17,0.9677,0.1345,338,YGR103W
Complex_106,18,0.9676,0.127,775,YOR063W
Complex_106,18,0.9676,0.127,761,YOL127W
Complex_106,18,0.9676,0.127,538,YLL045C
Complex_106,18,0.9676,0.127,388,YHR052W
Complex_106,18,0.9676,0.127,837,YPL093W
Complex_106,18,0.9676,0.127,670,YMR290C
Complex_106,18,0.9676,0.127,796,YOR206W
Complex_106,18,0.9676,0.127,676,YNL002C
Complex_106,18,0.9676,0.127,755,YOL077C
Complex_106,18,0.9676,0.127,100,YDL031W
Complex_106,18,0.9676,0.127,228,YER006W
Complex_106,18,0.9676,0.127,683,YNL061W
Complex_106,18,0.9676,0.127,533,YLL008W
Complex_106,18,0.9676,0.127,843,YPL131W
Complex_106,18,0.9676,0.127,539,YLR002C
Complex_106,18,0.9676,0.127,395,YHR088W
Complex_106,18,0.9676,0.127,854,YPL211W
Complex_106,18,0.9676,0.127,338,YGR103W
Complex_107,8,0.9671,0.0714,775,YOR063W
Complex_107,8,0.9671,0.0714,51,YBR142W
Complex_107,8,0.9671,0.0714,538,YLL045C
Complex_107,8,0.9671,0.0714,670,YMR290C
Complex_107,8,0.9671,0.0714,676,YNL002C
Complex_107,8,0.9671,0.0714,627,YML073C
Complex_107,8,0.9671,0.0714,215,YDR496C
Complex_107,8,0.9671,0.0714,683,YNL061W
Complex_108,3,0.967,0.0063,31,YBL087C
Complex_108,3,0.967,0.0063,192,YDR361C
Complex_108,3,0.967,0.0063,853,YPL208W
Complex_109,10,0.9667,0.0571,775,YOR063W
Complex_109,10,0.9667,0.0571,761,YOL127W
Complex_109,10,0.9667,0.0571,694,YNL110C
Complex_109,10,0.9667,0.0571,837,YPL093W
Complex_109,10,0.9667,0.0571,388,YHR052W
Complex_109,10,0.9667,0.0571,676,YNL002C
Complex_109,10,0.9667,0.0571,228,YER006W
Complex_109,10,0.9667,0.0571,282,YGL030W
Complex_109,10,0.9667,0.0571,338,YGR103W
Complex_109,10,0.9667,0.0571,755,YOL077C
Complex_110,8,0.9666,0.0417,775,YOR063W
Complex_110,8,0.9666,0.0417,150,YDR101C
Complex_110,8,0.9666,0.0417,676,YNL002C
Complex_110,8,0.9666,0.0417,228,YER006W
Complex_110,8,0.9666,0.0417,111,YDL075W
Complex_110,8,0.9666,0.0417,338,YGR103W
Complex_110,8,0.9666,0.0417,282,YGL030W
Complex_110,8,0.9666,0.0417,694,YNL110C
Complex_111,17,0.9666,0.0882,775,YOR063W
Complex_111,17,0.9666,0.0882,761,YOL127W
Complex_111,17,0.9666,0.0882,538,YLL045C
Complex_111,17,0.9666,0.0882,388,YHR052W
Complex_111,17,0.9666,0.0882,837,YPL093W
Complex_111,17,0.9666,0.0882,670,YMR290C
Complex_111,17,0.9666,0.0882,796,YOR206W
Complex_111,17,0.9666,0.0882,676,YNL002C
Complex_111,17,0.9666,0.0882,755,YOL077C
Complex_111,17,0.9666,0.0882,100,YDL031W
Complex_111,17,0.9666,0.0882,228,YER006W
Complex_111,17,0.9666,0.0882,683,YNL061W
Complex_111,17,0.9666,0.0882,533,YLL008W
Complex_111,17,0.9666,0.0882,843,YPL131W
Complex_111,17,0.9666,0.0882,539,YLR002C
Complex_111,17,0.9666,0.0882,529,YKR081C
Complex_111,17,0.9666,0.0882,215,YDR496C
Complex_112,6,0.9666,0.0952,775,YOR063W
Complex_112,6,0.9666,0.0952,51,YBR142W
Complex_112,6,0.9666,0.0952,538,YLL045C
Complex_112,6,0.9666,0.0952,861,YPL249C-A
Complex_112,6,0.9666,0.0952,676,YNL002C
Complex_112,6,0.9666,0.0952,627,YML073C
Complex_113,15,0.9661,0.0889,775,YOR063W
Complex_113,15,0.9661,0.0889,761,YOL127W
Complex_113,15,0.9661,0.0889,574,YLR276C
Complex_113,15,0.9661,0.0889,529,YKR081C
Complex_113,15,0.9661,0.0889,100,YDL031W
Complex_113,15,0.9661,0.0889,388,YHR052W
Complex_113,15,0.9661,0.0889,676,YNL002C
Complex_113,15,0.9661,0.0889,228,YER006W
Complex_113,15,0.9661,0.0889,837,YPL093W
Complex_113,15,0.9661,0.0889,683,YNL061W
Complex_113,15,0.9661,0.0889,755,YOL077C
Complex_113,15,0.9661,0.0889,533,YLL008W
Complex_113,15,0.9661,0.0889,796,YOR206W
Complex_113,15,0.9661,0.0889,670,YMR290C
Complex_113,15,0.9661,0.0889,512,YKL172W
Complex_114,17,0.966,0.1569,775,YOR063W
Complex_114,17,0.966,0.1569,761,YOL127W
Complex_114,17,0.966,0.1569,538,YLL045C
Complex_114,17,0.966,0.1569,388,YHR052W
Complex_114,17,0.966,0.1569,837,YPL093W
Complex_114,17,0.966,0.1569,670,YMR290C
Complex_114,17,0.966,0.1569,796,YOR206W
Complex_114,17,0.966,0.1569,676,YNL002C
Complex_114,17,0.966,0.1569,755,YOL077C
Complex_114,17,0.966,0.1569,100,YDL031W
Complex_114,17,0.966,0.1569,228,YER006W
Complex_114,17,0.966,0.1569,683,YNL061W
Complex_114,17,0.966,0.1569,533,YLL008W
Complex_114,17,0.966,0.1569,829,YPL043W
Complex_114,17,0.966,0.1569,395,YHR088W
Complex_114,17,0.966,0.1569,854,YPL211W
Complex_114,17,0.966,0.1569,215,YDR496C
Complex_115,18,0.9659,0.0833,775,YOR063W
Complex_115,18,0.9659,0.0833,761,YOL127W
Complex_115,18,0.9659,0.0833,538,YLL045C
Complex_115,18,0.9659,0.0833,388,YHR052W
Complex_115,18,0.9659,0.0833,837,YPL093W
Complex_115,18,0.9659,0.0833,670,YMR290C
Complex_115,18,0.9659,0.0833,796,YOR206W
Complex_115,18,0.9659,0.0833,676,YNL002C
Complex_115,18,0.9659,0.0833,755,YOL077C
Complex_115,18,0.9659,0.0833,100,YDL031W
Complex_115,18,0.9659,0.0833,228,YER006W
Complex_115,18,0.9659,0.0833,683,YNL061W
Complex_115,18,0.9659,0.0833,533,YLL008W
Complex_115,18,0.9659,0.0833,843,YPL131W
Complex_115,18,0.9659,0.0833,539,YLR002C
Complex_115,18,0.9659,0.0833,395,YHR088W
Complex_115,18,0.9659,0.0833,854,YPL211W
Complex_115,18,0.9659,0.0833,215,YDR496C
Complex_116,13,0.9657,0.1758,775,YOR063W
Complex_116,13,0.9657,0.1758,142,YDR060W
Complex_116,13,0.9657,0.1758,670,YMR290C
Complex_116,13,0.9657,0.1758,51,YBR142W
Complex_116,13,0.9657,0.1758,215,YDR496C
Complex_116,13,0.9657,0.1758,538,YLL045C
Complex_116,13,0.9657,0.1758,676,YNL002C
Complex_116,13,0.9657,0.1758,388,YHR052W
Complex_116,13,0.9657,0.1758,808,YOR272W
Complex_116,13,0.9657,0.1758,683,YNL061W
Complex_116,13,0.9657,0.1758,533,YLL008W
Complex_116,13,0.9657,0.1758,854,YPL211W
Complex_116,13,0.9657,0.1758,843,YPL131W
Complex_117,8,0.9655,0.8889,43,YBR081C
Complex_117,8,0.9655,0.8889,298,YGL112C
Complex_117,8,0.9655,0.8889,206,YDR448W
Complex_117,8,0.9655,0.8889,664,YMR236W
Complex_117,8,0.9655,0.8889,398,YHR099W
Complex_117,8,0.9655,0.8889,155,YDR145W
Complex_117,8,0.9655,0.8889,862,YPL254W
Complex_117,8,0.9655,0.8889,367,YGR252W
Complex_118,4,0.9654,0.75,61,YBR211C
Complex_118,4,0.9654,0.75,354,YGR179C
Complex_118,4,0.9654,0.75,174,YDR254W
Complex_118,4,0.9654,0.75,593,YLR381W
Complex_119,8,0.9649,0.5,22,YBL026W
Complex_119,8,0.9649,0.5,39,YBR055C
Complex_119,8,0.9649,0.5,408,YHR165C
Complex_119,8,0.9649,0.5,249,YER146W
Complex_119,8,0.9649,0.5,91,YCR077C
Complex_119,8,0.9649,0.5,458,YJL124C
Complex_119,8,0.9649,0.5,195,YDR378C
Complex_119,8,0.9649,0.5,244,YER112W
Complex_120,17,0.9646,0.0784,775,YOR063W
Complex_120,17,0.9646,0.0784,761,YOL127W
Complex_120,17,0.9646,0.0784,538,YLL045C
Complex_120,17,0.9646,0.0784,388,YHR052W
Complex_120,17,0.9646,0.0784,837,YPL093W
Complex_120,17,0.9646,0.0784,670,YMR290C
Complex_120,17,0.9646,0.0784,796,YOR206W
Complex_120,17,0.9646,0.0784,676,YNL002C
Complex_120,17,0.9646,0.0784,755,YOL077C
Complex_120,17,0.9646,0.0784,100,YDL031W
Complex_120,17,0.9646,0.0784,228,YER006W
Complex_120,17,0.9646,0.0784,683,YNL061W
Complex_120,17,0.9646,0.0784,533,YLL008W
Complex_120,17,0.9646,0.0784,843,YPL131W
Complex_120,17,0.9646,0.0784,539,YLR002C
Complex_120,17,0.9646,0.0784,529,YKR081C
Complex_120,17,0.9646,0.0784,512,YKL172W
Complex_121,3,0.9642,0.75,322,YGR020C
Complex_121,3,0.9642,0.75,816,YOR332W
Complex_121,3,0.9642,0.75,873,YPR036W
Complex_122,18,0.9639,0.0741,775,YOR063W
Complex_122,18,0.9639,0.0741,761,YOL127W
Complex_122,18,0.9639,0.0741,538,YLL045C
Complex_122,18,0.9639,0.0741,388,YHR052W
Complex_122,18,0.9639,0.0741,837,YPL093W
Complex_122,18,0.9639,0.0741,670,YMR290C
Complex_122,18,0.9639,0.0741,796,YOR206W
Complex_122,18,0.9639,0.0741,676,YNL002C
Complex_122,18,0.9639,0.0741,755,YOL077C
Complex_122,18,0.9639,0.0741,100,YDL031W
Complex_122,18,0.9639,0.0741,228,YER006W
Complex_122,18,0.9639,0.0741,683,YNL061W
Complex_122,18,0.9639,0.0741,533,YLL008W
Complex_122,18,0.9639,0.0741,843,YPL131W
Complex_122,18,0.9639,0.0741,539,YLR002C
Complex_122,18,0.9639,0.0741,395,YHR088W
Complex_122,18,0.9639,0.0741,854,YPL211W
Complex_122,18,0.9639,0.0741,512,YKL172W
Complex_123,9,0.9638,0.0755,775,YOR063W
Complex_123,9,0.9638,0.0755,761,YOL127W
Complex_123,9,0.9638,0.0755,538,YLL045C
Complex_123,9,0.9638,0.0755,228,YER006W
Complex_123,9,0.9638,0.0755,111,YDL075W
Complex_123,9,0.9638,0.0755,861,YPL249C-A
Complex_123,9,0.9638,0.0755,282,YGL030W
Complex_123,9,0.9638,0.0755,338,YGR103W
Complex_123,9,0.9638,0.0755,676,YNL002C
Complex_124,10,0.9638,0.0667,775,YOR063W
Complex_124,10,0.9638,0.0667,761,YOL127W
Complex_124,10,0.9638,0.0667,694,YNL110C
Complex_124,10,0.9638,0.0667,837,YPL093W
Complex_124,10,0.9638,0.0667,388,YHR052W
Complex_124,10,0.9638,0.0667,676,YNL002C
Complex_124,10,0.9638,0.0667,228,YER006W
Complex_124,10,0.9638,0.0667,282,YGL030W
Complex_124,10,0.9638,0.0667,215,YDR496C
Complex_124,10,0.9638,0.0667,755,YOL077C
Complex_125,17,0.9629,0.1225,775,YOR063W
Complex_125,17,0.9629,0.1225,808,YOR272W
Complex_125,17,0.9629,0.1225,670,YMR290C
Complex_125,17,0.9629,0.1225,683,YNL061W
Complex_125,17,0.9629,0.1225,851,YPL198W
Complex_125,17,0.9629,0.1225,538,YLL045C
Complex_125,17,0.9629,0.1225,843,YPL131W
Complex_125,17,0.9629,0.1225,755,YOL077C
Complex_125,17,0.9629,0.1225,539,YLR002C
Complex_125,17,0.9629,0.1225,228,YER006W
Complex_125,17,0.9629,0.1225,100,YDL031W
Complex_125,17,0.9629,0.1225,837,YPL093W
Complex_125,17,0.9629,0.1225,395,YHR088W
Complex_125,17,0.9629,0.1225,215,YDR496C
Complex_125,17,0.9629,0.1225,533,YLL008W
Complex_125,17,0.9629,0.1225,854,YPL211W
Complex_125,17,0.9629,0.1225,495,YKL009W
Complex_126,15,0.9627,0.1389,775,YOR063W
Complex_126,15,0.9627,0.1389,495,YKL009W
Complex_126,15,0.9627,0.1389,837,YPL093W
Complex_126,15,0.9627,0.1389,228,YER006W
Complex_126,15,0.9627,0.1389,851,YPL198W
Complex_126,15,0.9627,0.1389,100,YDL031W
Complex_126,15,0.9627,0.1389,529,YKR081C
Complex_126,15,0.9627,0.1389,843,YPL131W
Complex_126,15,0.9627,0.1389,683,YNL061W
Complex_126,15,0.9627,0.1389,755,YOL077C
Complex_126,15,0.9627,0.1389,533,YLL008W
Complex_126,15,0.9627,0.1389,538,YLL045C
Complex_126,15,0.9627,0.1389,539,YLR002C
Complex_126,15,0.9627,0.1389,670,YMR290C
Complex_126,15,0.9627,0.1389,215,YDR496C
Complex_127,8,0.9624,0.0377,775,YOR063W
Complex_127,8,0.9624,0.0377,761,YOL127W
Complex_127,8,0.9624,0.0377,538,YLL045C
Complex_127,8,0.9624,0.0377,683,YNL061W
Complex_127,8,0.9624,0.0377,670,YMR290C
Complex_127,8,0.9624,0.0377,751,YOL041C
Complex_127,8,0.9624,0.0377,676,YNL002C
Complex_127,8,0.9624,0.0377,627,YML073C
Complex_128,17,0.9623,0.1765,775,YOR063W
Complex_128,17,0.9623,0.1765,536,YLL034C
Complex_128,17,0.9623,0.1765,388,YHR052W
Complex_128,17,0.9623,0.1765,796,YOR206W
Complex_128,17,0.9623,0.1765,670,YMR290C
Complex_128,17,0.9623,0.1765,837,YPL093W
Complex_128,17,0.9623,0.1765,755,YOL077C
Complex_128,17,0.9623,0.1765,642,YMR049C
Complex_128,17,0.9623,0.1765,100,YDL031W
Complex_128,17,0.9623,0.1765,228,YER006W
Complex_128,17,0.9623,0.1765,395,YHR088W
Complex_128,17,0.9623,0.1765,683,YNL061W
Complex_128,17,0.9623,0.1765,854,YPL211W
Complex_128,17,0.9623,0.1765,258,YFL002C
Complex_128,17,0.9623,0.1765,539,YLR002C
Complex_128,17,0.9623,0.1765,611,YLR449W
Complex_128,17,0.9623,0.1765,215,YDR496C
Complex_129,3,0.9618,0.5,12,YAR003W
Complex_129,3,0.9618,0.5,497,YKL018W
Complex_129,3,0.9618,0.5,57,YBR175W
Complex_130,7,0.9612,0.1071,775,YOR063W
Complex_130,7,0.9612,0.1071,150,YDR101C
Complex_130,7,0.9612,0.1071,295,YGL103W
Complex_130,7,0.9612,0.1071,837,YPL093W
Complex_130,7,0.9612,0.1071,388,YHR052W
Complex_130,7,0.9612,0.1071,529,YKR081C
Complex_130,7,0.9612,0.1071,538,YLL045C
Complex_131,7,0.9611,0.0674,775,YOR063W
Complex_131,7,0.9611,0.0674,150,YDR101C
Complex_131,7,0.9611,0.0674,295,YGL103W
Complex_131,7,0.9611,0.0674,837,YPL093W
Complex_131,7,0.9611,0.0674,861,YPL249C-A
Complex_131,7,0.9611,0.0674,538,YLL045C
Complex_131,7,0.9611,0.0674,282,YGL030W
Complex_132,5,0.9609,0.8333,12,YAR003W
Complex_132,5,0.9609,0.8333,497,YKL018W
Complex_132,5,0.9609,0.8333,400,YHR119W
Complex_132,5,0.9609,0.8333,210,YDR469W
Complex_132,5,0.9609,0.8333,68,YBR258C
Complex_133,8,0.9607,0.0714,775,YOR063W
Complex_133,8,0.9607,0.0714,51,YBR142W
Complex_133,8,0.9607,0.0714,538,YLL045C
Complex_133,8,0.9607,0.0714,670,YMR290C
Complex_133,8,0.9607,0.0714,676,YNL002C
Complex_133,8,0.9607,0.0714,627,YML073C
Complex_133,8,0.9607,0.0714,751,YOL041C
Complex_133,8,0.9607,0.0714,683,YNL061W
Complex_134,5,0.9604,1.0,426,YIL084C
Complex_134,5,0.9604,1.0,743,YOL004W
Complex_134,5,0.9604,1.0,733,YNL330C
Complex_134,5,0.9604,1.0,849,YPL181W
Complex_134,5,0.9604,1.0,668,YMR263W
Complex_135,7,0.9599,0.1286,775,YOR063W
Complex_135,7,0.9599,0.1286,761,YOL127W
Complex_135,7,0.9599,0.1286,740,YNR053C
Complex_135,7,0.9599,0.1286,837,YPL093W
Complex_135,7,0.9599,0.1286,228,YER006W
Complex_135,7,0.9599,0.1286,383,YHR010W
Complex_135,7,0.9599,0.1286,861,YPL249C-A
Complex_136,11,0.9598,0.1212,775,YOR063W
Complex_136,11,0.9598,0.1212,761,YOL127W
Complex_136,11,0.9598,0.1212,694,YNL110C
Complex_136,11,0.9598,0.1212,837,YPL093W
Complex_136,11,0.9598,0.1212,211,YDR471W
Complex_136,11,0.9598,0.1212,228,YER006W
Complex_136,11,0.9598,0.1212,755,YOL077C
Complex_136,11,0.9598,0.1212,215,YDR496C
Complex_136,11,0.9598,0.1212,683,YNL061W
Complex_136,11,0.9598,0.1212,670,YMR290C
Complex_136,11,0.9598,0.1212,854,YPL211W
Complex_137,13,0.9594,0.2747,775,YOR063W
Complex_137,13,0.9594,0.2747,142,YDR060W
Complex_137,13,0.9594,0.2747,670,YMR290C
Complex_137,13,0.9594,0.2747,796,YOR206W
Complex_137,13,0.9594,0.2747,755,YOL077C
Complex_137,13,0.9594,0.2747,676,YNL002C
Complex_137,13,0.9594,0.2747,388,YHR052W
Complex_137,13,0.9594,0.2747,683,YNL061W
Complex_137,13,0.9594,0.2747,751,YOL041C
Complex_137,13,0.9594,0.2747,808,YOR272W
Complex_137,13,0.9594,0.2747,538,YLL045C
Complex_137,13,0.9594,0.2747,843,YPL131W
Complex_137,13,0.9594,0.2747,539,YLR002C
Complex_138,12,0.9587,0.4286,775,YOR063W
Complex_138,12,0.9587,0.4286,142,YDR060W
Complex_138,12,0.9587,0.4286,670,YMR290C
Complex_138,12,0.9587,0.4286,796,YOR206W
Complex_138,12,0.9587,0.4286,755,YOL077C
Complex_138,12,0.9587,0.4286,676,YNL002C
Complex_138,12,0.9587,0.4286,388,YHR052W
Complex_138,12,0.9587,0.4286,683,YNL061W
Complex_138,12,0.9587,0.4286,751,YOL041C
Complex_138,12,0.9587,0.4286,808,YOR272W
Complex_138,12,0.9587,0.4286,538,YLL045C
Complex_138,12,0.9587,0.4286,829,YPL043W
Complex_139,17,0.958,0.1569,775,YOR063W
Complex_139,17,0.958,0.1569,761,YOL127W
Complex_139,17,0.958,0.1569,642,YMR049C
Complex_139,17,0.958,0.1569,388,YHR052W
Complex_139,17,0.958,0.1569,796,YOR206W
Complex_139,17,0.958,0.1569,670,YMR290C
Complex_139,17,0.958,0.1569,683,YNL061W
Complex_139,17,0.958,0.1569,837,YPL093W
Complex_139,17,0.958,0.1569,854,YPL211W
Complex_139,17,0.958,0.1569,100,YDL031W
Complex_139,17,0.958,0.1569,228,YER006W
Complex_139,17,0.958,0.1569,611,YLR449W
Complex_139,17,0.958,0.1569,258,YFL002C
Complex_139,17,0.958,0.1569,539,YLR002C
Complex_139,17,0.958,0.1569,395,YHR088W
Complex_139,17,0.958,0.1569,755,YOL077C
Complex_139,17,0.958,0.1569,215,YDR496C
Complex_140,11,0.9579,0.3788,662,YMR229C
Complex_140,11,0.9579,0.3788,670,YMR290C
Complex_140,11,0.9579,0.3788,642,YMR049C
Complex_140,11,0.9579,0.3788,388,YHR052W
Complex_140,11,0.9579,0.3788,808,YOR272W
Complex_140,11,0.9579,0.3788,683,YNL061W
Complex_140,11,0.9579,0.3788,142,YDR060W
Complex_140,11,0.9579,0.3788,533,YLL008W
Complex_140,11,0.9579,0.3788,215,YDR496C
Complex_140,11,0.9579,0.3788,796,YOR206W
Complex_140,11,0.9579,0.3788,755,YOL077C
Complex_141,3,0.9578,0.75,467,YJL184W
Complex_141,3,0.9578,0.75,619,YML036W
Complex_141,3,0.9578,0.75,524,YKR038C
Complex_142,3,0.9572,0.6,440,YIR009W
Complex_142,3,0.9572,0.6,666,YMR240C
Complex_142,3,0.9572,0.6,855,YPL213W
Complex_143,7,0.9571,0.097,775,YOR063W
Complex_143,7,0.9571,0.097,51,YBR142W
Complex_143,7,0.9571,0.097,538,YLL045C
Complex_143,7,0.9571,0.097,861,YPL249C-A
Complex_143,7,0.9571,0.097,334,YGR085C
Complex_143,7,0.9571,0.097,627,YML073C
Complex_143,7,0.9571,0.097,289,YGL076C
Complex_144,15,0.957,0.15,775,YOR063W
Complex_144,15,0.957,0.15,808,YOR272W
Complex_144,15,0.957,0.15,670,YMR290C
Complex_144,15,0.957,0.15,683,YNL061W
Complex_144,15,0.957,0.15,851,YPL198W
Complex_144,15,0.957,0.15,538,YLL045C
Complex_144,15,0.957,0.15,829,YPL043W
Complex_144,15,0.957,0.15,755,YOL077C
Complex_144,15,0.957,0.15,100,YDL031W
Complex_144,15,0.957,0.15,228,YER006W
Complex_144,15,0.957,0.15,837,YPL093W
Complex_144,15,0.957,0.15,395,YHR088W
Complex_144,15,0.957,0.15,533,YLL008W
Complex_144,15,0.957,0.15,854,YPL211W
Complex_144,15,0.957,0.15,215,YDR496C
Complex_145,9,0.9564,0.0755,775,YOR063W
Complex_145,9,0.9564,0.0755,761,YOL127W
Complex_145,9,0.9564,0.0755,538,YLL045C
Complex_145,9,0.9564,0.0755,228,YER006W
Complex_145,9,0.9564,0.0755,111,YDL075W
Complex_145,9,0.9564,0.0755,861,YPL249C-A
Complex_145,9,0.9564,0.0755,843,YPL131W
Complex_145,9,0.9564,0.0755,338,YGR103W
Complex_145,9,0.9564,0.0755,676,YNL002C
Complex_146,8,0.9564,0.0417,775,YOR063W
Complex_146,8,0.9564,0.0417,761,YOL127W
Complex_146,8,0.9564,0.0417,694,YNL110C
Complex_146,8,0.9564,0.0417,111,YDL075W
Complex_146,8,0.9564,0.0417,282,YGL030W
Complex_146,8,0.9564,0.0417,228,YER006W
Complex_146,8,0.9564,0.0417,338,YGR103W
Complex_146,8,0.9564,0.0417,676,YNL002C
Complex_147,7,0.9561,0.0476,775,YOR063W
Complex_147,7,0.9561,0.0476,150,YDR101C
Complex_147,7,0.9561,0.0476,295,YGL103W
Complex_147,7,0.9561,0.0476,837,YPL093W
Complex_147,7,0.9561,0.0476,388,YHR052W
Complex_147,7,0.9561,0.0476,282,YGL030W
Complex_147,7,0.9561,0.0476,538,YLL045C
Complex_148,9,0.956,0.1027,775,YOR063W
Complex_148,9,0.956,0.1027,761,YOL127W
Complex_148,9,0.956,0.1027,538,YLL045C
Complex_148,9,0.956,0.1027,228,YER006W
Complex_148,9,0.956,0.1027,837,YPL093W
Complex_148,9,0.956,0.1027,282,YGL030W
Complex_148,9,0.956,0.1027,211,YDR471W
Complex_148,9,0.956,0.1027,861,YPL249C-A
Complex_148,9,0.956,0.1027,334,YGR085C
Complex_149,8,0.9559,0.1667,775,YOR063W
Complex_149,8,0.9559,0.1667,808,YOR272W
Complex_149,8,0.9559,0.1667,670,YMR290C
Complex_149,8,0.9559,0.1667,113,YDL082W
Complex_149,8,0.9559,0.1667,755,YOL077C
Complex_149,8,0.9559,0.1667,837,YPL093W
Complex_149,8,0.9559,0.1667,538,YLL045C
Complex_149,8,0.9559,0.1667,338,YGR103W
Complex_150,7,0.9555,0.097,775,YOR063W
Complex_150,7,0.9555,0.097,150,YDR101C
Complex_150,7,0.9555,0.097,295,YGL103W
Complex_150,7,0.9555,0.097,111,YDL075W
Complex_150,7,0.9555,0.097,282,YGL030W
Complex_150,7,0.9555,0.097,538,YLL045C
Complex_150,7,0.9555,0.097,861,YPL249C-A
Complex_151,5,0.9555,0.64,426,YIL084C
Complex_151,5,0.9555,0.64,743,YOL004W
Complex_151,5,0.9555,0.64,733,YNL330C
Complex_151,5,0.9555,0.64,644,YMR075W
Complex_151,5,0.9555,0.64,668,YMR263W
Complex_152,11,0.9554,0.3247,775,YOR063W
Complex_152,11,0.9554,0.3247,142,YDR060W
Complex_152,11,0.9554,0.3247,670,YMR290C
Complex_152,11,0.9554,0.3247,51,YBR142W
Complex_152,11,0.9554,0.3247,751,YOL041C
Complex_152,11,0.9554,0.3247,538,YLL045C
Complex_152,11,0.9554,0.3247,676,YNL002C
Complex_152,11,0.9554,0.3247,388,YHR052W
Complex_152,11,0.9554,0.3247,808,YOR272W
Complex_152,11,0.9554,0.3247,683,YNL061W
Complex_152,11,0.9554,0.3247,829,YPL043W
Complex_153,10,0.9549,0.3571,775,YOR063W
Complex_153,10,0.9549,0.3571,142,YDR060W
Complex_153,10,0.9549,0.3571,670,YMR290C
Complex_153,10,0.9549,0.3571,796,YOR206W
Complex_153,10,0.9549,0.3571,289,YGL076C
Complex_153,10,0.9549,0.3571,297,YGL111W
Complex_153,10,0.9549,0.3571,837,YPL093W
Complex_153,10,0.9549,0.3571,539,YLR002C
Complex_153,10,0.9549,0.3571,395,YHR088W
Complex_153,10,0.9549,0.3571,338,YGR103W
Complex_154,8,0.9548,0.0938,775,YOR063W
Complex_154,8,0.9548,0.0938,495,YKL009W
Complex_154,8,0.9548,0.0938,837,YPL093W
Complex_154,8,0.9548,0.0938,306,YGL147C
Complex_154,8,0.9548,0.0938,843,YPL131W
Complex_154,8,0.9548,0.0938,538,YLL045C
Complex_154,8,0.9548,0.0938,867,YPR016C
Complex_154,8,0.9548,0.0938,670,YMR290C
Complex_155,9,0.9548,0.1342,775,YOR063W
Complex_155,9,0.9548,0.1342,761,YOL127W
Complex_155,9,0.9548,0.1342,538,YLL045C
Complex_155,9,0.9548,0.1342,228,YER006W
Complex_155,9,0.9548,0.1342,111,YDL075W
Complex_155,9,0.9548,0.1342,861,YPL249C-A
Complex_155,9,0.9548,0.1342,282,YGL030W
Complex_155,9,0.9548,0.1342,211,YDR471W
Complex_155,9,0.9548,0.1342,334,YGR085C
Complex_156,3,0.9541,0.0062,312,YGL195W
Complex_156,3,0.9541,0.0062,784,YOR136W
Complex_156,3,0.9541,0.0062,428,YIL094C
Complex_157,6,0.954,0.381,39,YBR055C
Complex_157,6,0.954,0.381,408,YHR165C
Complex_157,6,0.954,0.381,257,YER172C
Complex_157,6,0.954,0.381,551,YLR147C
Complex_157,6,0.954,0.381,321,YGR013W
Complex_157,6,0.954,0.381,328,YGR074W
Complex_158,10,0.9536,0.15,662,YMR229C
Complex_158,10,0.9536,0.15,670,YMR290C
Complex_158,10,0.9536,0.15,642,YMR049C
Complex_158,10,0.9536,0.15,388,YHR052W
Complex_158,10,0.9536,0.15,808,YOR272W
Complex_158,10,0.9536,0.15,683,YNL061W
Complex_158,10,0.9536,0.15,142,YDR060W
Complex_158,10,0.9536,0.15,533,YLL008W
Complex_158,10,0.9536,0.15,215,YDR496C
Complex_158,10,0.9536,0.15,51,YBR142W
Complex_159,8,0.9535,0.0938,775,YOR063W
Complex_159,8,0.9535,0.0938,495,YKL009W
Complex_159,8,0.9535,0.0938,837,YPL093W
Complex_159,8,0.9535,0.0938,306,YGL147C
Complex_159,8,0.9535,0.0938,843,YPL131W
Complex_159,8,0.9535,0.0938,538,YLL045C
Complex_159,8,0.9535,0.0938,867,YPR016C
Complex_159,8,0.9535,0.0938,861,YPL249C-A
Complex_160,12,0.9534,0.5208,22,YBL026W
Complex_160,12,0.9534,0.5208,39,YBR055C
Complex_160,12,0.9534,0.5208,408,YHR165C
Complex_160,12,0.9534,0.5208,257,YER172C
Complex_160,12,0.9534,0.5208,551,YLR147C
Complex_160,12,0.9534,0.5208,813,YOR308C
Complex_160,12,0.9534,0.5208,879,YPR082C
Complex_160,12,0.9534,0.5208,336,YGR091W
Complex_160,12,0.9534,0.5208,195,YDR378C
Complex_160,12,0.9534,0.5208,458,YJL124C
Complex_160,12,0.9534,0.5208,91,YCR077C
Complex_160,12,0.9534,0.5208,244,YER112W
Complex_161,11,0.9534,0.1212,775,YOR063W
Complex_161,11,0.9534,0.1212,761,YOL127W
Complex_161,11,0.9534,0.1212,694,YNL110C
Complex_161,11,0.9534,0.1212,837,YPL093W
Complex_161,11,0.9534,0.1212,211,YDR471W
Complex_161,11,0.9534,0.1212,228,YER006W
Complex_161,11,0.9534,0.1212,755,YOL077C
Complex_161,11,0.9534,0.1212,215,YDR496C
Complex_161,11,0.9534,0.1212,683,YNL061W
Complex_161,11,0.9534,0.1212,670,YMR290C
Complex_161,11,0.9534,0.1212,529,YKR081C
Complex_162,9,0.9531,0.0635,775,YOR063W
Complex_162,9,0.9531,0.0635,761,YOL127W
Complex_162,9,0.9531,0.0635,538,YLL045C
Complex_162,9,0.9531,0.0635,540,YLR029C
Complex_162,9,0.9531,0.0635,338,YGR103W
Complex_162,9,0.9531,0.0635,837,YPL093W
Complex_162,9,0.9531,0.0635,282,YGL030W
Complex_162,9,0.9531,0.0635,676,YNL002C
Complex_162,9,0.9531,0.0635,755,YOL077C
Complex_163,12,0.9529,0.1111,775,YOR063W
Complex_163,12,0.9529,0.1111,761,YOL127W
Complex_163,12,0.9529,0.1111,538,YLL045C
Complex_163,12,0.9529,0.1111,228,YER006W
Complex_163,12,0.9529,0.1111,837,YPL093W
Complex_163,12,0.9529,0.1111,670,YMR290C
Complex_163,12,0.9529,0.1111,683,YNL061W
Complex_163,12,0.9529,0.1111,755,YOL077C
Complex_163,12,0.9529,0.1111,851,YPL198W
Complex_163,12,0.9529,0.1111,215,YDR496C
Complex_163,12,0.9529,0.1111,211,YDR471W
Complex_163,12,0.9529,0.1111,854,YPL211W
Complex_164,9,0.9529,0.1027,775,YOR063W
Complex_164,9,0.9529,0.1027,761,YOL127W
Complex_164,9,0.9529,0.1027,538,YLL045C
Complex_164,9,0.9529,0.1027,861,YPL249C-A
Complex_164,9,0.9529,0.1027,667,YMR242C
Complex_164,9,0.9529,0.1027,676,YNL002C
Complex_164,9,0.9529,0.1027,837,YPL093W
Complex_164,9,0.9529,0.1027,627,YML073C
Complex_164,9,0.9529,0.1027,282,YGL030W
Complex_165,8,0.9526,0.8889,42,YBR079C
Complex_165,8,0.9526,0.8889,653,YMR146C
Complex_165,8,0.9526,0.8889,673,YMR309C
Complex_165,8,0.9526,0.8889,874,YPR041W
Complex_165,8,0.9526,0.8889,7,YAL035W
Complex_165,8,0.9526,0.8889,558,YLR192C
Complex_165,8,0.9526,0.8889,204,YDR429C
Complex_165,8,0.9526,0.8889,820,YOR361C
Complex_166,12,0.9521,0.1071,775,YOR063W
Complex_166,12,0.9521,0.1071,761,YOL127W
Complex_166,12,0.9521,0.1071,538,YLL045C
Complex_166,12,0.9521,0.1071,388,YHR052W
Complex_166,12,0.9521,0.1071,751,YOL041C
Complex_166,12,0.9521,0.1071,676,YNL002C
Complex_166,12,0.9521,0.1071,796,YOR206W
Complex_166,12,0.9521,0.1071,755,YOL077C
Complex_166,12,0.9521,0.1071,670,YMR290C
Complex_166,12,0.9521,0.1071,843,YPL131W
Complex_166,12,0.9521,0.1071,539,YLR002C
Complex_166,12,0.9521,0.1071,683,YNL061W
Complex_167,7,0.9517,0.1071,775,YOR063W
Complex_167,7,0.9517,0.1071,150,YDR101C
Complex_167,7,0.9517,0.1071,295,YGL103W
Complex_167,7,0.9517,0.1071,837,YPL093W
Complex_167,7,0.9517,0.1071,388,YHR052W
Complex_167,7,0.9517,0.1071,529,YKR081C
Complex_167,7,0.9517,0.1071,694,YNL110C
Complex_168,10,0.9517,0.3571,775,YOR063W
Complex_168,10,0.9517,0.3571,142,YDR060W
Complex_168,10,0.9517,0.3571,670,YMR290C
Complex_168,10,0.9517,0.3571,796,YOR206W
Complex_168,10,0.9517,0.3571,289,YGL076C
Complex_168,10,0.9517,0.3571,538,YLL045C
Complex_168,10,0.9517,0.3571,539,YLR002C
Complex_168,10,0.9517,0.3571,837,YPL093W
Complex_168,10,0.9517,0.3571,395,YHR088W
Complex_168,10,0.9517,0.3571,338,YGR103W
Complex_169,6,0.9512,0.0952,775,YOR063W
Complex_169,6,0.9512,0.0952,51,YBR142W
Complex_169,6,0.9512,0.0952,538,YLL045C
Complex_169,6,0.9512,0.0952,861,YPL249C-A
Complex_169,6,0.9512,0.0952,676,YNL002C
Complex_169,6,0.9512,0.0952,843,YPL131W
Complex_170,11,0.9512,0.2078,775,YOR063W
Complex_170,11,0.9512,0.2078,761,YOL127W
Complex_170,11,0.9512,0.2078,538,YLL045C
Complex_170,11,0.9512,0.2078,388,YHR052W
Complex_170,11,0.9512,0.2078,751,YOL041C
Complex_170,11,0.9512,0.2078,676,YNL002C
Complex_170,11,0.9512,0.2078,796,YOR206W
Complex_170,11,0.9512,0.2078,755,YOL077C
Complex_170,11,0.9512,0.2078,670,YMR290C
Complex_170,11,0.9512,0.2078,829,YPL043W
Complex_170,11,0.9512,0.2078,683,YNL061W
Complex_171,7,0.9509,0.5714,67,YBR253W
Complex_171,7,0.9509,0.5714,387,YHR041C
Complex_171,7,0.9509,0.5714,389,YHR058C
Complex_171,7,0.9509,0.5714,714,YNL236W
Complex_171,7,0.9509,0.5714,308,YGL151W
Complex_171,7,0.9509,0.5714,762,YOL135C
Complex_171,7,0.9509,0.5714,206,YDR448W
Complex_172,15,0.9507,0.0889,775,YOR063W
Complex_172,15,0.9507,0.0889,761,YOL127W
Complex_172,15,0.9507,0.0889,538,YLL045C
Complex_172,15,0.9507,0.0889,228,YER006W
Complex_172,15,0.9507,0.0889,837,YPL093W
Complex_172,15,0.9507,0.0889,670,YMR290C
Complex_172,15,0.9507,0.0889,683,YNL061W
Complex_172,15,0.9507,0.0889,755,YOL077C
Complex_172,15,0.9507,0.0889,851,YPL198W
Complex_172,15,0.9507,0.0889,215,YDR496C
Complex_172,15,0.9507,0.0889,100,YDL031W
Complex_172,15,0.9507,0.0889,533,YLL008W
Complex_172,15,0.9507,0.0889,843,YPL131W
Complex_172,15,0.9507,0.0889,539,YLR002C
Complex_172,15,0.9507,0.0889,529,YKR081C
Complex_173,17,0.9505,0.1345,775,YOR063W
Complex_173,17,0.9505,0.1345,761,YOL127W
Complex_173,17,0.9505,0.1345,258,YFL002C
Complex_173,17,0.9505,0.1345,843,YPL131W
Complex_173,17,0.9505,0.1345,388,YHR052W
Complex_173,17,0.9505,0.1345,837,YPL093W
Complex_173,17,0.9505,0.1345,100,YDL031W
Complex_173,17,0.9505,0.1345,228,YER006W
Complex_173,17,0.9505,0.1345,395,YHR088W
Complex_173,17,0.9505,0.1345,683,YNL061W
Complex_173,17,0.9505,0.1345,854,YPL211W
Complex_173,17,0.9505,0.1345,539,YLR002C
Complex_173,17,0.9505,0.1345,796,YOR206W
Complex_173,17,0.9505,0.1345,670,YMR290C
Complex_173,17,0.9505,0.1345,611,YLR449W
Complex_173,17,0.9505,0.1345,755,YOL077C
Complex_173,17,0.9505,0.1345,215,YDR496C
Complex_174,16,0.9503,0.0833,775,YOR063W
Complex_174,16,0.9503,0.0833,761,YOL127W
Complex_174,16,0.9503,0.0833,538,YLL045C
Complex_174,16,0.9503,0.0833,228,YER006W
Complex_174,16,0.9503,0.0833,837,YPL093W
Complex_174,16,0.9503,0.0833,670,YMR290C
Complex_174,16,0.9503,0.0833,683,YNL061W
Complex_174,16,0.9503,0.0833,755,YOL077C
Complex_174,16,0.9503,0.0833,851,YPL198W
Complex_174,16,0.9503,0.0833,215,YDR496C
Complex_174,16,0.9503,0.0833,100,YDL031W
Complex_174,16,0.9503,0.0833,533,YLL008W
Complex_174,16,0.9503,0.0833,843,YPL131W
Complex_174,16,0.9503,0.0833,539,YLR002C
Complex_174,16,0.9503,0.0833,395,YHR088W
Complex_174,16,0.9503,0.0833,854,YPL211W
Complex_175,11,0.95,0.2078,775,YOR063W
Complex_175,11,0.95,0.2078,142,YDR060W
Complex_175,11,0.95,0.2078,670,YMR290C
Complex_175,11,0.95,0.2078,51,YBR142W
Complex_175,11,0.95,0.2078,751,YOL041C
Complex_175,11,0.95,0.2078,538,YLL045C
Complex_175,11,0.95,0.2078,676,YNL002C
Complex_175,11,0.95,0.2078,388,YHR052W
Complex_175,11,0.95,0.2078,808,YOR272W
Complex_175,11,0.95,0.2078,683,YNL061W
Complex_175,11,0.95,0.2078,843,YPL131W
Complex_176,7,0.9499,0.0674,775,YOR063W
Complex_176,7,0.9499,0.0674,761,YOL127W
Complex_176,7,0.9499,0.0674,584,YLR325C
Complex_176,7,0.9499,0.0674,837,YPL093W
Complex_176,7,0.9499,0.0674,861,YPL249C-A
Complex_176,7,0.9499,0.0674,282,YGL030W
Complex_176,7,0.9499,0.0674,228,YER006W
Complex_177,15,0.9498,0.15,775,YOR063W
Complex_177,15,0.9498,0.15,761,YOL127W
Complex_177,15,0.9498,0.15,538,YLL045C
Complex_177,15,0.9498,0.15,228,YER006W
Complex_177,15,0.9498,0.15,837,YPL093W
Complex_177,15,0.9498,0.15,670,YMR290C
Complex_177,15,0.9498,0.15,683,YNL061W
Complex_177,15,0.9498,0.15,755,YOL077C
Complex_177,15,0.9498,0.15,851,YPL198W
Complex_177,15,0.9498,0.15,215,YDR496C
Complex_177,15,0.9498,0.15,100,YDL031W
Complex_177,15,0.9498,0.15,533,YLL008W
Complex_177,15,0.9498,0.15,829,YPL043W
Complex_177,15,0.9498,0.15,395,YHR088W
Complex_177,15,0.9498,0.15,854,YPL211W
Complex_178,3,0.9496,1.0,314,YGL213C
Complex_178,3,0.9496,1.0,898,YPR189W
Complex_178,3,0.9496,1.0,596,YLR398C
Complex_179,9,0.9496,0.1342,775,YOR063W
Complex_179,9,0.9496,0.1342,761,YOL127W
Complex_179,9,0.9496,0.1342,538,YLL045C
Complex_179,9,0.9496,0.1342,861,YPL249C-A
Complex_179,9,0.9496,0.1342,667,YMR242C
Complex_179,9,0.9496,0.1342,676,YNL002C
Complex_179,9,0.9496,0.1342,111,YDL075W
Complex_179,9,0.9496,0.1342,627,YML073C
Complex_179,9,0.9496,0.1342,282,YGL030W
Complex_180,7,0.9495,0.3968,39,YBR055C
Complex_180,7,0.9495,0.3968,408,YHR165C
Complex_180,7,0.9495,0.3968,257,YER172C
Complex_180,7,0.9495,0.3968,551,YLR147C
Complex_180,7,0.9495,0.3968,537,YLL036C
Complex_180,7,0.9495,0.3968,666,YMR240C
Complex_180,7,0.9495,0.3968,855,YPL213W
Complex_181,10,0.9495,0.2286,775,YOR063W
Complex_181,10,0.9495,0.2286,142,YDR060W
Complex_181,10,0.9495,0.2286,670,YMR290C
Complex_181,10,0.9495,0.2286,796,YOR206W
Complex_181,10,0.9495,0.2286,289,YGL076C
Complex_181,10,0.9495,0.2286,297,YGL111W
Complex_181,10,0.9495,0.2286,837,YPL093W
Complex_181,10,0.9495,0.2286,539,YLR002C
Complex_181,10,0.9495,0.2286,395,YHR088W
Complex_181,10,0.9495,0.2286,215,YDR496C
Complex_182,10,0.9494,0.2286,775,YOR063W
Complex_182,10,0.9494,0.2286,761,YOL127W
Complex_182,10,0.9494,0.2286,297,YGL111W
Complex_182,10,0.9494,0.2286,796,YOR206W
Complex_182,10,0.9494,0.2286,670,YMR290C
Complex_182,10,0.9494,0.2286,837,YPL093W
Complex_182,10,0.9494,0.2286,289,YGL076C
Complex_182,10,0.9494,0.2286,539,YLR002C
Complex_182,10,0.9494,0.2286,395,YHR088W
Complex_182,10,0.9494,0.2286,338,YGR103W
Complex_183,8,0.9494,0.1667,775,YOR063W
Complex_183,8,0.9494,0.1667,808,YOR272W
Complex_183,8,0.9494,0.1667,670,YMR290C
Complex_183,8,0.9494,0.1667,113,YDL082W
Complex_183,8,0.9494,0.1667,755,YOL077C
Complex_183,8,0.9494,0.1667,837,YPL093W
Complex_183,8,0.9494,0.1667,694,YNL110C
Complex_183,8,0.9494,0.1667,338,YGR103W
Complex_184,10,0.9488,0.2286,775,YOR063W
Complex_184,10,0.9488,0.2286,761,YOL127W
Complex_184,10,0.9488,0.2286,538,YLL045C
Complex_184,10,0.9488,0.2286,395,YHR088W
Complex_184,10,0.9488,0.2286,670,YMR290C
Complex_184,10,0.9488,0.2286,837,YPL093W
Complex_184,10,0.9488,0.2286,289,YGL076C
Complex_184,10,0.9488,0.2286,539,YLR002C
Complex_184,10,0.9488,0.2286,796,YOR206W
Complex_184,10,0.9488,0.2286,338,YGR103W
Complex_185,8,0.9487,0.0714,775,YOR063W
Complex_185,8,0.9487,0.0714,51,YBR142W
Complex_185,8,0.9487,0.0714,538,YLL045C
Complex_185,8,0.9487,0.0714,670,YMR290C
Complex_185,8,0.9487,0.0714,676,YNL002C
Complex_185,8,0.9487,0.0714,627,YML073C
Complex_185,8,0.9487,0.0714,215,YDR496C
Complex_185,8,0.9487,0.0714,540,YLR029C
Complex_186,8,0.9486,0.05,775,YOR063W
Complex_186,8,0.9486,0.05,761,YOL127W
Complex_186,8,0.9486,0.05,538,YLL045C
Complex_186,8,0.9486,0.05,388,YHR052W
Complex_186,8,0.9486,0.05,837,YPL093W
Complex_186,8,0.9486,0.05,670,YMR290C
Complex_186,8,0.9486,0.05,383,YHR010W
Complex_186,8,0.9486,0.05,228,YER006W
Complex_187,5,0.9485,0.18,545,YLR074C
Complex_187,5,0.9485,0.18,740,YNR053C
Complex_187,5,0.9485,0.18,837,YPL093W
Complex_187,5,0.9485,0.18,584,YLR325C
Complex_187,5,0.9485,0.18,761,YOL127W
Complex_188,9,0.9484,0.0741,775,YOR063W
Complex_188,9,0.9484,0.0741,761,YOL127W
Complex_188,9,0.9484,0.0741,538,YLL045C
Complex_188,9,0.9484,0.0741,228,YER006W
Complex_188,9,0.9484,0.0741,837,YPL093W
Complex_188,9,0.9484,0.0741,282,YGL030W
Complex_188,9,0.9484,0.0741,211,YDR471W
Complex_188,9,0.9484,0.0741,755,YOL077C
Complex_188,9,0.9484,0.0741,215,YDR496C
Complex_189,11,0.9482,0.1169,775,YOR063W
Complex_189,11,0.9482,0.1169,808,YOR272W
Complex_189,11,0.9482,0.1169,670,YMR290C
Complex_189,11,0.9482,0.1169,683,YNL061W
Complex_189,11,0.9482,0.1169,851,YPL198W
Complex_189,11,0.9482,0.1169,538,YLL045C
Complex_189,11,0.9482,0.1169,829,YPL043W
Complex_189,11,0.9482,0.1169,51,YBR142W
Complex_189,11,0.9482,0.1169,215,YDR496C
Complex_189,11,0.9482,0.1169,533,YLL008W
Complex_189,11,0.9482,0.1169,854,YPL211W
Complex_190,14,0.9482,0.2551,775,YOR063W
Complex_190,14,0.9482,0.2551,142,YDR060W
Complex_190,14,0.9482,0.2551,670,YMR290C
Complex_190,14,0.9482,0.2551,796,YOR206W
Complex_190,14,0.9482,0.2551,755,YOL077C
Complex_190,14,0.9482,0.2551,676,YNL002C
Complex_190,14,0.9482,0.2551,540,YLR029C
Complex_190,14,0.9482,0.2551,843,YPL131W
Complex_190,14,0.9482,0.2551,538,YLL045C
Complex_190,14,0.9482,0.2551,539,YLR002C
Complex_190,14,0.9482,0.2551,100,YDL031W
Complex_190,14,0.9482,0.2551,837,YPL093W
Complex_190,14,0.9482,0.2551,529,YKR081C
Complex_190,14,0.9482,0.2551,338,YGR103W
Complex_191,9,0.9481,0.1027,775,YOR063W
Complex_191,9,0.9481,0.1027,761,YOL127W
Complex_191,9,0.9481,0.1027,538,YLL045C
Complex_191,9,0.9481,0.1027,861,YPL249C-A
Complex_191,9,0.9481,0.1027,338,YGR103W
Complex_191,9,0.9481,0.1027,837,YPL093W
Complex_191,9,0.9481,0.1027,289,YGL076C
Complex_191,9,0.9481,0.1027,113,YDL082W
Complex_191,9,0.9481,0.1027,282,YGL030W
Complex_192,14,0.948,0.2278,775,YOR063W
Complex_192,14,0.948,0.2278,761,YOL127W
Complex_192,14,0.948,0.2278,538,YLL045C
Complex_192,14,0.948,0.2278,861,YPL249C-A
Complex_192,14,0.948,0.2278,667,YMR242C
Complex_192,14,0.948,0.2278,334,YGR085C
Complex_192,14,0.948,0.2278,837,YPL093W
Complex_192,14,0.948,0.2278,306,YGL147C
Complex_192,14,0.948,0.2278,289,YGL076C
Complex_192,14,0.948,0.2278,295,YGL103W
Complex_192,14,0.948,0.2278,113,YDL082W
Complex_192,14,0.948,0.2278,282,YGL030W
Complex_192,14,0.948,0.2278,627,YML073C
Complex_192,14,0.948,0.2278,211,YDR471W
Complex_193,11,0.9475,0.3247,775,YOR063W
Complex_193,11,0.9475,0.3247,142,YDR060W
Complex_193,11,0.9475,0.3247,670,YMR290C
Complex_193,11,0.9475,0.3247,796,YOR206W
Complex_193,11,0.9475,0.3247,289,YGL076C
Complex_193,11,0.9475,0.3247,538,YLL045C
Complex_193,11,0.9475,0.3247,539,YLR002C
Complex_193,11,0.9475,0.3247,837,YPL093W
Complex_193,11,0.9475,0.3247,529,YKR081C
Complex_193,11,0.9475,0.3247,540,YLR029C
Complex_193,11,0.9475,0.3247,338,YGR103W
Complex_194,10,0.9471,0.2286,775,YOR063W
Complex_194,10,0.9471,0.2286,142,YDR060W
Complex_194,10,0.9471,0.2286,670,YMR290C
Complex_194,10,0.9471,0.2286,796,YOR206W
Complex_194,10,0.9471,0.2286,289,YGL076C
Complex_194,10,0.9471,0.2286,538,YLL045C
Complex_194,10,0.9471,0.2286,539,YLR002C
Complex_194,10,0.9471,0.2286,837,YPL093W
Complex_194,10,0.9471,0.2286,395,YHR088W
Complex_194,10,0.9471,0.2286,215,YDR496C
Complex_195,11,0.9469,0.1212,775,YOR063W
Complex_195,11,0.9469,0.1212,761,YOL127W
Complex_195,11,0.9469,0.1212,538,YLL045C
Complex_195,11,0.9469,0.1212,228,YER006W
Complex_195,11,0.9469,0.1212,837,YPL093W
Complex_195,11,0.9469,0.1212,670,YMR290C
Complex_195,11,0.9469,0.1212,683,YNL061W
Complex_195,11,0.9469,0.1212,334,YGR085C
Complex_195,11,0.9469,0.1212,529,YKR081C
Complex_195,11,0.9469,0.1212,851,YPL198W
Complex_195,11,0.9469,0.1212,211,YDR471W
Complex_196,5,0.9469,0.8,426,YIL084C
Complex_196,5,0.9469,0.8,743,YOL004W
Complex_196,5,0.9469,0.8,733,YNL330C
Complex_196,5,0.9469,0.8,644,YMR075W
Complex_196,5,0.9469,0.8,869,YPR023C
Complex_197,12,0.9469,0.1111,775,YOR063W
Complex_197,12,0.9469,0.1111,761,YOL127W
Complex_197,12,0.9469,0.1111,538,YLL045C
Complex_197,12,0.9469,0.1111,228,YER006W
Complex_197,12,0.9469,0.1111,837,YPL093W
Complex_197,12,0.9469,0.1111,670,YMR290C
Complex_197,12,0.9469,0.1111,683,YNL061W
Complex_197,12,0.9469,0.1111,755,YOL077C
Complex_197,12,0.9469,0.1111,851,YPL198W
Complex_197,12,0.9469,0.1111,215,YDR496C
Complex_197,12,0.9469,0.1111,211,YDR471W
Complex_197,12,0.9469,0.1111,529,YKR081C
Complex_198,9,0.9468,0.1342,775,YOR063W
Complex_198,9,0.9468,0.1342,761,YOL127W
Complex_198,9,0.9468,0.1342,538,YLL045C
Complex_198,9,0.9468,0.1342,861,YPL249C-A
Complex_198,9,0.9468,0.1342,338,YGR103W
Complex_198,9,0.9468,0.1342,111,YDL075W
Complex_198,9,0.9468,0.1342,289,YGL076C
Complex_198,9,0.9468,0.1342,113,YDL082W
Complex_198,9,0.9468,0.1342,282,YGL030W
Complex_199,6,0.9464,0.0556,811,YOR294W
Complex_199,6,0.9464,0.0556,843,YPL131W
Complex_199,6,0.9464,0.0556,529,YKR081C
Complex_199,6,0.9464,0.0556,539,YLR002C
Complex_199,6,0.9464,0.0556,670,YMR290C
Complex_199,6,0.9464,0.0556,683,YNL061W
Complex_200,8,0.9456,0.0849,775,YOR063W
Complex_200,8,0.9456,0.0849,761,YOL127W
Complex_200,8,0.9456,0.0849,538,YLL045C
Complex_200,8,0.9456,0.0849,228,YER006W
Complex_200,8,0.9456,0.0849,837,YPL093W
Complex_200,8,0.9456,0.0849,861,YPL249C-A
Complex_200,8,0.9456,0.0849,843,YPL131W
Complex_200,8,0.9456,0.0849,334,YGR085C
Complex_201,11,0.9456,0.2078,775,YOR063W
Complex_201,11,0.9456,0.2078,761,YOL127W
Complex_201,11,0.9456,0.2078,538,YLL045C
Complex_201,11,0.9456,0.2078,540,YLR029C
Complex_201,11,0.9456,0.2078,529,YKR081C
Complex_201,11,0.9456,0.2078,670,YMR290C
Complex_201,11,0.9456,0.2078,837,YPL093W
Complex_201,11,0.9456,0.2078,289,YGL076C
Complex_201,11,0.9456,0.2078,338,YGR103W
Complex_201,11,0.9456,0.2078,539,YLR002C
Complex_201,11,0.9456,0.2078,796,YOR206W
Complex_202,10,0.9456,0.625,22,YBL026W
Complex_202,10,0.9456,0.625,39,YBR055C
Complex_202,10,0.9456,0.625,408,YHR165C
Complex_202,10,0.9456,0.625,257,YER172C
Complex_202,10,0.9456,0.625,551,YLR147C
Complex_202,10,0.9456,0.625,813,YOR308C
Complex_202,10,0.9456,0.625,879,YPR082C
Complex_202,10,0.9456,0.625,336,YGR091W
Complex_202,10,0.9456,0.625,328,YGR074W
Complex_202,10,0.9456,0.625,117,YDL098C
Complex_203,8,0.9455,0.0849,775,YOR063W
Complex_203,8,0.9455,0.0849,761,YOL127W
Complex_203,8,0.9455,0.0849,538,YLL045C
Complex_203,8,0.9455,0.0849,540,YLR029C
Complex_203,8,0.9455,0.0849,338,YGR103W
Complex_203,8,0.9455,0.0849,111,YDL075W
Complex_203,8,0.9455,0.0849,282,YGL030W
Complex_203,8,0.9455,0.0849,676,YNL002C
Complex_204,14,0.9454,0.1633,775,YOR063W
Complex_204,14,0.9454,0.1633,761,YOL127W
Complex_204,14,0.9454,0.1633,538,YLL045C
Complex_204,14,0.9454,0.1633,540,YLR029C
Complex_204,14,0.9454,0.1633,100,YDL031W
Complex_204,14,0.9454,0.1633,837,YPL093W
Complex_204,14,0.9454,0.1633,843,YPL131W
Complex_204,14,0.9454,0.1633,529,YKR081C
Complex_204,14,0.9454,0.1633,755,YOL077C
Complex_204,14,0.9454,0.1633,539,YLR002C
Complex_204,14,0.9454,0.1633,670,YMR290C
Complex_204,14,0.9454,0.1633,676,YNL002C
Complex_204,14,0.9454,0.1633,796,YOR206W
Complex_204,14,0.9454,0.1633,338,YGR103W
Complex_205,10,0.945,0.1286,775,YOR063W
Complex_205,10,0.945,0.1286,761,YOL127W
Complex_205,10,0.945,0.1286,538,YLL045C
Complex_205,10,0.945,0.1286,395,YHR088W
Complex_205,10,0.945,0.1286,670,YMR290C
Complex_205,10,0.945,0.1286,837,YPL093W
Complex_205,10,0.945,0.1286,289,YGL076C
Complex_205,10,0.945,0.1286,539,YLR002C
Complex_205,10,0.945,0.1286,796,YOR206W
Complex_205,10,0.945,0.1286,215,YDR496C
Complex_206,10,0.9446,0.1286,775,YOR063W
Complex_206,10,0.9446,0.1286,761,YOL127W
Complex_206,10,0.9446,0.1286,297,YGL111W
Complex_206,10,0.9446,0.1286,796,YOR206W
Complex_206,10,0.9446,0.1286,670,YMR290C
Complex_206,10,0.9446,0.1286,837,YPL093W
Complex_206,10,0.9446,0.1286,289,YGL076C
Complex_206,10,0.9446,0.1286,539,YLR002C
Complex_206,10,0.9446,0.1286,395,YHR088W
Complex_206,10,0.9446,0.1286,215,YDR496C
Complex_207,6,0.9446,0.8571,155,YDR145W
Complex_207,6,0.9446,0.8571,298,YGL112C
Complex_207,6,0.9446,0.8571,636,YMR005W
Complex_207,6,0.9446,0.8571,160,YDR167W
Complex_207,6,0.9446,0.8571,664,YMR236W
Complex_207,6,0.9446,0.8571,371,YGR274C
Complex_208,10,0.9443,0.15,775,YOR063W
Complex_208,10,0.9443,0.15,536,YLL034C
Complex_208,10,0.9443,0.15,388,YHR052W
Complex_208,10,0.9443,0.15,796,YOR206W
Complex_208,10,0.9443,0.15,670,YMR290C
Complex_208,10,0.9443,0.15,837,YPL093W
Complex_208,10,0.9443,0.15,755,YOL077C
Complex_208,10,0.9443,0.15,667,YMR242C
Complex_208,10,0.9443,0.15,215,YDR496C
Complex_208,10,0.9443,0.15,676,YNL002C
Complex_209,14,0.9443,0.1905,775,YOR063W
Complex_209,14,0.9443,0.1905,142,YDR060W
Complex_209,14,0.9443,0.1905,670,YMR290C
Complex_209,14,0.9443,0.1905,796,YOR206W
Complex_209,14,0.9443,0.1905,755,YOL077C
Complex_209,14,0.9443,0.1905,676,YNL002C
Complex_209,14,0.9443,0.1905,540,YLR029C
Complex_209,14,0.9443,0.1905,843,YPL131W
Complex_209,14,0.9443,0.1905,538,YLL045C
Complex_209,14,0.9443,0.1905,539,YLR002C
Complex_209,14,0.9443,0.1905,100,YDL031W
Complex_209,14,0.9443,0.1905,837,YPL093W
Complex_209,14,0.9443,0.1905,529,YKR081C
Complex_209,14,0.9443,0.1905,215,YDR496C
Complex_210,6,0.9442,0.8333,169,YDR235W
Complex_210,6,0.9442,0.8333,321,YGR013W
Complex_210,6,0.9442,0.8333,422,YIL061C
Complex_210,6,0.9442,0.8333,394,YHR086W
Complex_210,6,0.9442,0.8333,172,YDR240C
Complex_210,6,0.9442,0.8333,848,YPL178W
Complex_211,7,0.944,0.097,775,YOR063W
Complex_211,7,0.944,0.097,51,YBR142W
Complex_211,7,0.944,0.097,538,YLL045C
Complex_211,7,0.944,0.097,861,YPL249C-A
Complex_211,7,0.944,0.097,334,YGR085C
Complex_211,7,0.944,0.097,627,YML073C
Complex_211,7,0.944,0.097,37,YBR031W
Complex_212,8,0.944,0.0849,775,YOR063W
Complex_212,8,0.944,0.0849,761,YOL127W
Complex_212,8,0.944,0.0849,538,YLL045C
Complex_212,8,0.944,0.0849,867,YPR016C
Complex_212,8,0.944,0.0849,837,YPL093W
Complex_212,8,0.944,0.0849,306,YGL147C
Complex_212,8,0.944,0.0849,282,YGL030W
Complex_212,8,0.944,0.0849,861,YPL249C-A
Complex_213,8,0.944,0.1156,775,YOR063W
Complex_213,8,0.944,0.1156,761,YOL127W
Complex_213,8,0.944,0.1156,538,YLL045C
Complex_213,8,0.944,0.1156,228,YER006W
Complex_213,8,0.944,0.1156,111,YDL075W
Complex_213,8,0.944,0.1156,851,YPL198W
Complex_213,8,0.944,0.1156,334,YGR085C
Complex_213,8,0.944,0.1156,211,YDR471W
Complex_214,8,0.9438,0.0849,775,YOR063W
Complex_214,8,0.9438,0.0849,761,YOL127W
Complex_214,8,0.9438,0.0849,538,YLL045C
Complex_214,8,0.9438,0.0849,228,YER006W
Complex_214,8,0.9438,0.0849,837,YPL093W
Complex_214,8,0.9438,0.0849,282,YGL030W
Complex_214,8,0.9438,0.0849,861,YPL249C-A
Complex_214,8,0.9438,0.0849,383,YHR010W
Complex_215,7,0.9437,0.0476,775,YOR063W
Complex_215,7,0.9437,0.0476,150,YDR101C
Complex_215,7,0.9437,0.0476,295,YGL103W
Complex_215,7,0.9437,0.0476,837,YPL093W
Complex_215,7,0.9437,0.0476,388,YHR052W
Complex_215,7,0.9437,0.0476,282,YGL030W
Complex_215,7,0.9437,0.0476,694,YNL110C
Complex_216,5,0.9435,1.0,79,YCR002C
Complex_216,5,0.9435,1.0,134,YDL225W
Complex_216,5,0.9435,1.0,483,YJR076C
Complex_216,5,0.9435,1.0,582,YLR314C
Complex_216,5,0.9435,1.0,399,YHR107C
Complex_217,10,0.9432,0.0667,775,YOR063W
Complex_217,10,0.9432,0.0667,761,YOL127W
Complex_217,10,0.9432,0.0667,538,YLL045C
Complex_217,10,0.9432,0.0667,388,YHR052W
Complex_217,10,0.9432,0.0667,837,YPL093W
Complex_217,10,0.9432,0.0667,282,YGL030W
Complex_217,10,0.9432,0.0667,676,YNL002C
Complex_217,10,0.9432,0.0667,755,YOL077C
Complex_217,10,0.9432,0.0667,667,YMR242C
Complex_217,10,0.9432,0.0667,215,YDR496C
Complex_218,6,0.9432,0.5952,204,YDR429C
Complex_218,6,0.9432,0.5952,673,YMR309C
Complex_218,6,0.9432,0.5952,795,YOR204W
Complex_218,6,0.9432,0.5952,874,YPR041W
Complex_218,6,0.9432,0.5952,820,YOR361C
Complex_218,6,0.9432,0.5952,653,YMR146C
Complex_219,8,0.9431,0.0714,775,YOR063W
Complex_219,8,0.9431,0.0714,808,YOR272W
Complex_219,8,0.9431,0.0714,670,YMR290C
Complex_219,8,0.9431,0.0714,113,YDL082W
Complex_219,8,0.9431,0.0714,755,YOL077C
Complex_219,8,0.9431,0.0714,837,YPL093W
Complex_219,8,0.9431,0.0714,538,YLL045C
Complex_219,8,0.9431,0.0714,512,YKL172W
Complex_220,14,0.9429,0.2278,775,YOR063W
Complex_220,14,0.9429,0.2278,761,YOL127W
Complex_220,14,0.9429,0.2278,538,YLL045C
Complex_220,14,0.9429,0.2278,540,YLR029C
Complex_220,14,0.9429,0.2278,667,YMR242C
Complex_220,14,0.9429,0.2278,627,YML073C
Complex_220,14,0.9429,0.2278,211,YDR471W
Complex_220,14,0.9429,0.2278,334,YGR085C
Complex_220,14,0.9429,0.2278,837,YPL093W
Complex_220,14,0.9429,0.2278,289,YGL076C
Complex_220,14,0.9429,0.2278,113,YDL082W
Complex_220,14,0.9429,0.2278,306,YGL147C
Complex_220,14,0.9429,0.2278,282,YGL030W
Complex_220,14,0.9429,0.2278,295,YGL103W
Complex_221,11,0.9427,0.2078,775,YOR063W
Complex_221,11,0.9427,0.2078,142,YDR060W
Complex_221,11,0.9427,0.2078,670,YMR290C
Complex_221,11,0.9427,0.2078,796,YOR206W
Complex_221,11,0.9427,0.2078,289,YGL076C
Complex_221,11,0.9427,0.2078,538,YLL045C
Complex_221,11,0.9427,0.2078,539,YLR002C
Complex_221,11,0.9427,0.2078,837,YPL093W
Complex_221,11,0.9427,0.2078,529,YKR081C
Complex_221,11,0.9427,0.2078,540,YLR029C
Complex_221,11,0.9427,0.2078,215,YDR496C
Complex_222,11,0.9426,0.0519,775,YOR063W
Complex_222,11,0.9426,0.0519,808,YOR272W
Complex_222,11,0.9426,0.0519,670,YMR290C
Complex_222,11,0.9426,0.0519,683,YNL061W
Complex_222,11,0.9426,0.0519,851,YPL198W
Complex_222,11,0.9426,0.0519,538,YLL045C
Complex_222,11,0.9426,0.0519,843,YPL131W
Complex_222,11,0.9426,0.0519,51,YBR142W
Complex_222,11,0.9426,0.0519,215,YDR496C
Complex_222,11,0.9426,0.0519,533,YLL008W
Complex_222,11,0.9426,0.0519,854,YPL211W
Complex_223,11,0.9423,0.1169,775,YOR063W
Complex_223,11,0.9423,0.1169,761,YOL127W
Complex_223,11,0.9423,0.1169,538,YLL045C
Complex_223,11,0.9423,0.1169,540,YLR029C
Complex_223,11,0.9423,0.1169,529,YKR081C
Complex_223,11,0.9423,0.1169,670,YMR290C
Complex_223,11,0.9423,0.1169,837,YPL093W
Complex_223,11,0.9423,0.1169,289,YGL076C
Complex_223,11,0.9423,0.1169,796,YOR206W
Complex_223,11,0.9423,0.1169,215,YDR496C
Complex_223,11,0.9423,0.1169,539,YLR002C
Complex_224,8,0.9422,0.059,775,YOR063W
Complex_224,8,0.9422,0.059,761,YOL127W
Complex_224,8,0.9422,0.059,538,YLL045C
Complex_224,8,0.9422,0.059,388,YHR052W
Complex_224,8,0.9422,0.059,837,YPL093W
Complex_224,8,0.9422,0.059,282,YGL030W
Complex_224,8,0.9422,0.059,383,YHR010W
Complex_224,8,0.9422,0.059,228,YER006W
Complex_225,7,0.942,0.7778,42,YBR079C
Complex_225,7,0.942,0.7778,653,YMR146C
Complex_225,7,0.942,0.7778,673,YMR309C
Complex_225,7,0.942,0.7778,874,YPR041W
Complex_225,7,0.942,0.7778,7,YAL035W
Complex_225,7,0.942,0.7778,558,YLR192C
Complex_225,7,0.942,0.7778,148,YDR091C
Complex_226,9,0.942,0.3968,662,YMR229C
Complex_226,9,0.942,0.3968,670,YMR290C
Complex_226,9,0.942,0.3968,388,YHR052W
Complex_226,9,0.942,0.3968,142,YDR060W
Complex_226,9,0.942,0.3968,751,YOL041C
Complex_226,9,0.942,0.3968,808,YOR272W
Complex_226,9,0.942,0.3968,683,YNL061W
Complex_226,9,0.942,0.3968,796,YOR206W
Complex_226,9,0.942,0.3968,755,YOL077C
Complex_227,9,0.9418,0.1342,775,YOR063W
Complex_227,9,0.9418,0.1342,761,YOL127W
Complex_227,9,0.9418,0.1342,538,YLL045C
Complex_227,9,0.9418,0.1342,540,YLR029C
Complex_227,9,0.9418,0.1342,667,YMR242C
Complex_227,9,0.9418,0.1342,627,YML073C
Complex_227,9,0.9418,0.1342,676,YNL002C
Complex_227,9,0.9418,0.1342,111,YDL075W
Complex_227,9,0.9418,0.1342,282,YGL030W
Complex_228,14,0.9414,0.1071,775,YOR063W
Complex_228,14,0.9414,0.1071,761,YOL127W
Complex_228,14,0.9414,0.1071,538,YLL045C
Complex_228,14,0.9414,0.1071,540,YLR029C
Complex_228,14,0.9414,0.1071,100,YDL031W
Complex_228,14,0.9414,0.1071,837,YPL093W
Complex_228,14,0.9414,0.1071,843,YPL131W
Complex_228,14,0.9414,0.1071,529,YKR081C
Complex_228,14,0.9414,0.1071,755,YOL077C
Complex_228,14,0.9414,0.1071,539,YLR002C
Complex_228,14,0.9414,0.1071,670,YMR290C
Complex_228,14,0.9414,0.1071,676,YNL002C
Complex_228,14,0.9414,0.1071,796,YOR206W
Complex_228,14,0.9414,0.1071,215,YDR496C
Complex_229,8,0.9412,0.1156,775,YOR063W
Complex_229,8,0.9412,0.1156,761,YOL127W
Complex_229,8,0.9412,0.1156,694,YNL110C
Complex_229,8,0.9412,0.1156,111,YDL075W
Complex_229,8,0.9412,0.1156,282,YGL030W
Complex_229,8,0.9412,0.1156,113,YDL082W
Complex_229,8,0.9412,0.1156,211,YDR471W
Complex_229,8,0.9412,0.1156,295,YGL103W
Complex_230,8,0.9408,0.8889,183,YDR301W
Complex_230,8,0.9408,0.8889,485,YJR093C
Complex_230,8,0.9408,0.8889,517,YKR002W
Complex_230,8,0.9408,0.8889,497,YKL018W
Complex_230,8,0.9408,0.8889,346,YGR156W
Complex_230,8,0.9408,0.8889,575,YLR277C
Complex_230,8,0.9408,0.8889,883,YPR107C
Complex_230,8,0.9408,0.8889,711,YNL222W
Complex_231,11,0.9403,0.1212,775,YOR063W
Complex_231,11,0.9403,0.1212,761,YOL127W
Complex_231,11,0.9403,0.1212,538,YLL045C
Complex_231,11,0.9403,0.1212,228,YER006W
Complex_231,11,0.9403,0.1212,837,YPL093W
Complex_231,11,0.9403,0.1212,670,YMR290C
Complex_231,11,0.9403,0.1212,683,YNL061W
Complex_231,11,0.9403,0.1212,334,YGR085C
Complex_231,11,0.9403,0.1212,529,YKR081C
Complex_231,11,0.9403,0.1212,851,YPL198W
Complex_231,11,0.9403,0.1212,843,YPL131W
Complex_232,3,0.9401,0.75,369,YGR262C
Complex_232,3,0.9401,0.75,619,YML036W
Complex_232,3,0.9401,0.75,524,YKR038C
Complex_233,14,0.94,0.1633,775,YOR063W
Complex_233,14,0.94,0.1633,142,YDR060W
Complex_233,14,0.94,0.1633,670,YMR290C
Complex_233,14,0.94,0.1633,796,YOR206W
Complex_233,14,0.94,0.1633,755,YOL077C
Complex_233,14,0.94,0.1633,676,YNL002C
Complex_233,14,0.94,0.1633,540,YLR029C
Complex_233,14,0.94,0.1633,843,YPL131W
Complex_233,14,0.94,0.1633,538,YLL045C
Complex_233,14,0.94,0.1633,539,YLR002C
Complex_233,14,0.94,0.1633,100,YDL031W
Complex_233,14,0.94,0.1633,837,YPL093W
Complex_233,14,0.94,0.1633,529,YKR081C
Complex_233,14,0.94,0.1633,512,YKL172W
Complex_234,8,0.9398,0.0849,775,YOR063W
Complex_234,8,0.9398,0.0849,761,YOL127W
Complex_234,8,0.9398,0.0849,694,YNL110C
Complex_234,8,0.9398,0.0849,837,YPL093W
Complex_234,8,0.9398,0.0849,113,YDL082W
Complex_234,8,0.9398,0.0849,211,YDR471W
Complex_234,8,0.9398,0.0849,282,YGL030W
Complex_234,8,0.9398,0.0849,295,YGL103W
Complex_235,9,0.9396,0.1027,775,YOR063W
Complex_235,9,0.9396,0.1027,761,YOL127W
Complex_235,9,0.9396,0.1027,538,YLL045C
Complex_235,9,0.9396,0.1027,540,YLR029C
Complex_235,9,0.9396,0.1027,338,YGR103W
Complex_235,9,0.9396,0.1027,837,YPL093W
Complex_235,9,0.9396,0.1027,113,YDL082W
Complex_235,9,0.9396,0.1027,289,YGL076C
Complex_235,9,0.9396,0.1027,282,YGL030W
Complex_236,11,0.9395,0.1389,775,YOR063W
Complex_236,11,0.9395,0.1389,761,YOL127W
Complex_236,11,0.9395,0.1389,538,YLL045C
Complex_236,11,0.9395,0.1389,540,YLR029C
Complex_236,11,0.9395,0.1389,529,YKR081C
Complex_236,11,0.9395,0.1389,295,YGL103W
Complex_236,11,0.9395,0.1389,334,YGR085C
Complex_236,11,0.9395,0.1389,211,YDR471W
Complex_236,11,0.9395,0.1389,851,YPL198W
Complex_236,11,0.9395,0.1389,837,YPL093W
Complex_236,11,0.9395,0.1389,289,YGL076C
Complex_237,10,0.9394,0.625,22,YBL026W
Complex_237,10,0.9394,0.625,39,YBR055C
Complex_237,10,0.9394,0.625,408,YHR165C
Complex_237,10,0.9394,0.625,257,YER172C
Complex_237,10,0.9394,0.625,551,YLR147C
Complex_237,10,0.9394,0.625,813,YOR308C
Complex_237,10,0.9394,0.625,879,YPR082C
Complex_237,10,0.9394,0.625,336,YGR091W
Complex_237,10,0.9394,0.625,195,YDR378C
Complex_237,10,0.9394,0.625,117,YDL098C
Complex_238,10,0.9393,0.0679,775,YOR063W
Complex_238,10,0.9393,0.0679,761,YOL127W
Complex_238,10,0.9393,0.0679,538,YLL045C
Complex_238,10,0.9393,0.0679,540,YLR029C
Complex_238,10,0.9393,0.0679,667,YMR242C
Complex_238,10,0.9393,0.0679,627,YML073C
Complex_238,10,0.9393,0.0679,676,YNL002C
Complex_238,10,0.9393,0.0679,837,YPL093W
Complex_238,10,0.9393,0.0679,215,YDR496C
Complex_238,10,0.9393,0.0679,670,YMR290C
Complex_239,15,0.9392,0.1389,775,YOR063W
Complex_239,15,0.9392,0.1389,761,YOL127W
Complex_239,15,0.9392,0.1389,611,YLR449W
Complex_239,15,0.9392,0.1389,837,YPL093W
Complex_239,15,0.9392,0.1389,843,YPL131W
Complex_239,15,0.9392,0.1389,755,YOL077C
Complex_239,15,0.9392,0.1389,215,YDR496C
Complex_239,15,0.9392,0.1389,670,YMR290C
Complex_239,15,0.9392,0.1389,851,YPL198W
Complex_239,15,0.9392,0.1389,100,YDL031W
Complex_239,15,0.9392,0.1389,228,YER006W
Complex_239,15,0.9392,0.1389,539,YLR002C
Complex_239,15,0.9392,0.1389,683,YNL061W
Complex_239,15,0.9392,0.1389,395,YHR088W
Complex_239,15,0.9392,0.1389,854,YPL211W
Complex_240,9,0.9391,0.1342,775,YOR063W
Complex_240,9,0.9391,0.1342,761,YOL127W
Complex_240,9,0.9391,0.1342,538,YLL045C
Complex_240,9,0.9391,0.1342,540,YLR029C
Complex_240,9,0.9391,0.1342,338,YGR103W
Complex_240,9,0.9391,0.1342,111,YDL075W
Complex_240,9,0.9391,0.1342,282,YGL030W
Complex_240,9,0.9391,0.1342,289,YGL076C
Complex_240,9,0.9391,0.1342,113,YDL082W
Complex_241,9,0.939,0.1342,775,YOR063W
Complex_241,9,0.939,0.1342,761,YOL127W
Complex_241,9,0.939,0.1342,538,YLL045C
Complex_241,9,0.939,0.1342,383,YHR010W
Complex_241,9,0.939,0.1342,113,YDL082W
Complex_241,9,0.939,0.1342,295,YGL103W
Complex_241,9,0.939,0.1342,837,YPL093W
Complex_241,9,0.939,0.1342,282,YGL030W
Complex_241,9,0.939,0.1342,861,YPL249C-A
Complex_242,8,0.9389,0.0714,775,YOR063W
Complex_242,8,0.9389,0.0714,51,YBR142W
Complex_242,8,0.9389,0.0714,538,YLL045C
Complex_242,8,0.9389,0.0714,670,YMR290C
Complex_242,8,0.9389,0.0714,676,YNL002C
Complex_242,8,0.9389,0.0714,627,YML073C
Complex_242,8,0.9389,0.0714,751,YOL041C
Complex_242,8,0.9389,0.0714,540,YLR029C
Complex_243,9,0.9389,0.0741,775,YOR063W
Complex_243,9,0.9389,0.0741,761,YOL127W
Complex_243,9,0.9389,0.0741,694,YNL110C
Complex_243,9,0.9389,0.0741,837,YPL093W
Complex_243,9,0.9389,0.0741,211,YDR471W
Complex_243,9,0.9389,0.0741,228,YER006W
Complex_243,9,0.9389,0.0741,755,YOL077C
Complex_243,9,0.9389,0.0741,215,YDR496C
Complex_243,9,0.9389,0.0741,282,YGL030W
Complex_244,7,0.9389,0.5952,39,YBR055C
Complex_244,7,0.9389,0.5952,408,YHR165C
Complex_244,7,0.9389,0.5952,103,YDL043C
Complex_244,7,0.9389,0.5952,666,YMR240C
Complex_244,7,0.9389,0.5952,551,YLR147C
Complex_244,7,0.9389,0.5952,470,YJL203W
Complex_244,7,0.9389,0.5952,855,YPL213W
Complex_245,5,0.9387,0.0604,775,YOR063W
Complex_245,5,0.9387,0.0604,761,YOL127W
Complex_245,5,0.9387,0.0604,597,YLR406C
Complex_245,5,0.9387,0.0604,211,YDR471W
Complex_245,5,0.9387,0.0604,228,YER006W
Complex_246,8,0.9386,0.0849,775,YOR063W
Complex_246,8,0.9386,0.0849,761,YOL127W
Complex_246,8,0.9386,0.0849,538,YLL045C
Complex_246,8,0.9386,0.0849,861,YPL249C-A
Complex_246,8,0.9386,0.0849,667,YMR242C
Complex_246,8,0.9386,0.0849,676,YNL002C
Complex_246,8,0.9386,0.0849,837,YPL093W
Complex_246,8,0.9386,0.0849,843,YPL131W
Complex_247,7,0.9377,0.5102,39,YBR055C
Complex_247,7,0.9377,0.5102,408,YHR165C
Complex_247,7,0.9377,0.5102,257,YER172C
Complex_247,7,0.9377,0.5102,551,YLR147C
Complex_247,7,0.9377,0.5102,790,YOR159C
Complex_247,7,0.9377,0.5102,328,YGR074W
Complex_247,7,0.9377,0.5102,855,YPL213W
Complex_248,14,0.9371,0.0918,775,YOR063W
Complex_248,14,0.9371,0.0918,761,YOL127W
Complex_248,14,0.9371,0.0918,538,YLL045C
Complex_248,14,0.9371,0.0918,540,YLR029C
Complex_248,14,0.9371,0.0918,512,YKL172W
Complex_248,14,0.9371,0.0918,837,YPL093W
Complex_248,14,0.9371,0.0918,529,YKR081C
Complex_248,14,0.9371,0.0918,676,YNL002C
Complex_248,14,0.9371,0.0918,100,YDL031W
Complex_248,14,0.9371,0.0918,843,YPL131W
Complex_248,14,0.9371,0.0918,539,YLR002C
Complex_248,14,0.9371,0.0918,755,YOL077C
Complex_248,14,0.9371,0.0918,796,YOR206W
Complex_248,14,0.9371,0.0918,670,YMR290C
Complex_249,8,0.937,0.1667,775,YOR063W
Complex_249,8,0.937,0.1667,761,YOL127W
Complex_249,8,0.937,0.1667,538,YLL045C
Complex_249,8,0.937,0.1667,388,YHR052W
Complex_249,8,0.937,0.1667,837,YPL093W
Complex_249,8,0.937,0.1667,295,YGL103W
Complex_249,8,0.937,0.1667,512,YKL172W
Complex_249,8,0.937,0.1667,529,YKR081C
Complex_250,7,0.937,0.097,775,YOR063W
Complex_250,7,0.937,0.097,761,YOL127W
Complex_250,7,0.937,0.097,584,YLR325C
Complex_250,7,0.937,0.097,837,YPL093W
Complex_250,7,0.937,0.097,861,YPL249C-A
Complex_250,7,0.937,0.097,282,YGL030W
Complex_250,7,0.937,0.097,295,YGL103W
Complex_251,8,0.937,0.1156,775,YOR063W
Complex_251,8,0.937,0.1156,761,YOL127W
Complex_251,8,0.937,0.1156,538,YLL045C
Complex_251,8,0.937,0.1156,228,YER006W
Complex_251,8,0.937,0.1156,111,YDL075W
Complex_251,8,0.937,0.1156,861,YPL249C-A
Complex_251,8,0.937,0.1156,843,YPL131W
Complex_251,8,0.937,0.1156,334,YGR085C
Complex_252,10,0.9369,0.0925,775,YOR063W
Complex_252,10,0.9369,0.0925,761,YOL127W
Complex_252,10,0.9369,0.0925,538,YLL045C
Complex_252,10,0.9369,0.0925,683,YNL061W
Complex_252,10,0.9369,0.0925,670,YMR290C
Complex_252,10,0.9369,0.0925,837,YPL093W
Complex_252,10,0.9369,0.0925,627,YML073C
Complex_252,10,0.9369,0.0925,851,YPL198W
Complex_252,10,0.9369,0.0925,211,YDR471W
Complex_252,10,0.9369,0.0925,334,YGR085C
Complex_253,11,0.9364,0.1364,775,YOR063W
Complex_253,11,0.9364,0.1364,142,YDR060W
Complex_253,11,0.9364,0.1364,670,YMR290C
Complex_253,11,0.9364,0.1364,796,YOR206W
Complex_253,11,0.9364,0.1364,755,YOL077C
Complex_253,11,0.9364,0.1364,676,YNL002C
Complex_253,11,0.9364,0.1364,540,YLR029C
Complex_253,11,0.9364,0.1364,843,YPL131W
Complex_253,11,0.9364,0.1364,538,YLL045C
Complex_253,11,0.9364,0.1364,539,YLR002C
Complex_253,11,0.9364,0.1364,751,YOL041C
Complex_254,10,0.9362,0.0925,775,YOR063W
Complex_254,10,0.9362,0.0925,761,YOL127W
Complex_254,10,0.9362,0.0925,538,YLL045C
Complex_254,10,0.9362,0.0925,540,YLR029C
Complex_254,10,0.9362,0.0925,667,YMR242C
Complex_254,10,0.9362,0.0925,627,YML073C
Complex_254,10,0.9362,0.0925,676,YNL002C
Complex_254,10,0.9362,0.0925,837,YPL093W
Complex_254,10,0.9362,0.0925,215,YDR496C
Complex_254,10,0.9362,0.0925,282,YGL030W
Complex_255,7,0.9362,1.0,166,YDR211W
Complex_255,7,0.9362,1.0,578,YLR291C
Complex_255,7,0.9362,1.0,807,YOR260W
Complex_255,7,0.9362,1.0,232,YER025W
Complex_255,7,0.9362,1.0,521,YKR026C
Complex_255,7,0.9362,1.0,332,YGR083C
Complex_255,7,0.9362,1.0,860,YPL237W
Complex_256,12,0.9358,0.125,775,YOR063W
Complex_256,12,0.9358,0.125,761,YOL127W
Complex_256,12,0.9358,0.125,538,YLL045C
Complex_256,12,0.9358,0.125,388,YHR052W
Complex_256,12,0.9358,0.125,837,YPL093W
Complex_256,12,0.9358,0.125,670,YMR290C
Complex_256,12,0.9358,0.125,796,YOR206W
Complex_256,12,0.9358,0.125,676,YNL002C
Complex_256,12,0.9358,0.125,755,YOL077C
Complex_256,12,0.9358,0.125,667,YMR242C
Complex_256,12,0.9358,0.125,843,YPL131W
Complex_256,12,0.9358,0.125,215,YDR496C
Complex_257,9,0.9356,0.0755,775,YOR063W
Complex_257,9,0.9356,0.0755,761,YOL127W
Complex_257,9,0.9356,0.0755,538,YLL045C
Complex_257,9,0.9356,0.0755,540,YLR029C
Complex_257,9,0.9356,0.0755,338,YGR103W
Complex_257,9,0.9356,0.0755,837,YPL093W
Complex_257,9,0.9356,0.0755,113,YDL082W
Complex_257,9,0.9356,0.0755,289,YGL076C
Complex_257,9,0.9356,0.0755,670,YMR290C
Complex_258,7,0.9354,0.0674,775,YOR063W
Complex_258,7,0.9354,0.0674,761,YOL127W
Complex_258,7,0.9354,0.0674,694,YNL110C
Complex_258,7,0.9354,0.0674,111,YDL075W
Complex_258,7,0.9354,0.0674,282,YGL030W
Complex_258,7,0.9354,0.0674,228,YER006W
Complex_258,7,0.9354,0.0674,211,YDR471W
Complex_259,14,0.9349,0.2278,775,YOR063W
Complex_259,14,0.9349,0.2278,761,YOL127W
Complex_259,14,0.9349,0.2278,538,YLL045C
Complex_259,14,0.9349,0.2278,540,YLR029C
Complex_259,14,0.9349,0.2278,667,YMR242C
Complex_259,14,0.9349,0.2278,627,YML073C
Complex_259,14,0.9349,0.2278,211,YDR471W
Complex_259,14,0.9349,0.2278,334,YGR085C
Complex_259,14,0.9349,0.2278,837,YPL093W
Complex_259,14,0.9349,0.2278,289,YGL076C
Complex_259,14,0.9349,0.2278,113,YDL082W
Complex_259,14,0.9349,0.2278,306,YGL147C
Complex_259,14,0.9349,0.2278,851,YPL198W
Complex_259,14,0.9349,0.2278,295,YGL103W
Complex_260,4,0.9348,0.0833,775,YOR063W
Complex_260,4,0.9348,0.0833,150,YDR101C
Complex_260,4,0.9348,0.0833,293,YGL099W
Complex_260,4,0.9348,0.0833,538,YLL045C
Complex_261,10,0.9344,0.0679,775,YOR063W
Complex_261,10,0.9344,0.0679,761,YOL127W
Complex_261,10,0.9344,0.0679,538,YLL045C
Complex_261,10,0.9344,0.0679,683,YNL061W
Complex_261,10,0.9344,0.0679,670,YMR290C
Complex_261,10,0.9344,0.0679,837,YPL093W
Complex_261,10,0.9344,0.0679,627,YML073C
Complex_261,10,0.9344,0.0679,851,YPL198W
Complex_261,10,0.9344,0.0679,211,YDR471W
Complex_261,10,0.9344,0.0679,215,YDR496C
Complex_262,8,0.9342,0.1607,662,YMR229C
Complex_262,8,0.9342,0.1607,670,YMR290C
Complex_262,8,0.9342,0.1607,388,YHR052W
Complex_262,8,0.9342,0.1607,142,YDR060W
Complex_262,8,0.9342,0.1607,751,YOL041C
Complex_262,8,0.9342,0.1607,808,YOR272W
Complex_262,8,0.9342,0.1607,683,YNL061W
Complex_262,8,0.9342,0.1607,51,YBR142W
Complex_263,7,0.9341,0.0571,775,YOR063W
Complex_263,7,0.9341,0.0571,761,YOL127W
Complex_263,7,0.9341,0.0571,694,YNL110C
Complex_263,7,0.9341,0.0571,837,YPL093W
Complex_263,7,0.9341,0.0571,388,YHR052W
Complex_263,7,0.9341,0.0571,295,YGL103W
Complex_263,7,0.9341,0.0571,529,YKR081C
Complex_264,8,0.934,0.0849,775,YOR063W
Complex_264,8,0.934,0.0849,761,YOL127W
Complex_264,8,0.934,0.0849,538,YLL045C
Complex_264,8,0.934,0.0849,388,YHR052W
Complex_264,8,0.934,0.0849,837,YPL093W
Complex_264,8,0.934,0.0849,282,YGL030W
Complex_264,8,0.934,0.0849,295,YGL103W
Complex_264,8,0.934,0.0849,667,YMR242C
Complex_265,6,0.9339,0.0503,775,YOR063W
Complex_265,6,0.9339,0.0503,150,YDR101C
Complex_265,6,0.9339,0.0503,295,YGL103W
Complex_265,6,0.9339,0.0503,111,YDL075W
Complex_265,6,0.9339,0.0503,282,YGL030W
Complex_265,6,0.9339,0.0503,694,YNL110C
Complex_266,7,0.9337,0.0571,775,YOR063W
Complex_266,7,0.9337,0.0571,761,YOL127W
Complex_266,7,0.9337,0.0571,694,YNL110C
Complex_266,7,0.9337,0.0571,837,YPL093W
Complex_266,7,0.9337,0.0571,211,YDR471W
Complex_266,7,0.9337,0.0571,295,YGL103W
Complex_266,7,0.9337,0.0571,529,YKR081C
Complex_267,11,0.9335,0.0606,775,YOR063W
Complex_267,11,0.9335,0.0606,761,YOL127W
Complex_267,11,0.9335,0.0606,538,YLL045C
Complex_267,11,0.9335,0.0606,540,YLR029C
Complex_267,11,0.9335,0.0606,539,YLR002C
Complex_267,11,0.9335,0.0606,751,YOL041C
Complex_267,11,0.9335,0.0606,670,YMR290C
Complex_267,11,0.9335,0.0606,843,YPL131W
Complex_267,11,0.9335,0.0606,755,YOL077C
Complex_267,11,0.9335,0.0606,676,YNL002C
Complex_267,11,0.9335,0.0606,796,YOR206W
Complex_268,8,0.9334,0.059,775,YOR063W
Complex_268,8,0.9334,0.059,761,YOL127W
Complex_268,8,0.9334,0.059,538,YLL045C
Complex_268,8,0.9334,0.059,867,YPR016C
Complex_268,8,0.9334,0.059,837,YPL093W
Complex_268,8,0.9334,0.059,306,YGL147C
Complex_268,8,0.9334,0.059,843,YPL131W
Complex_268,8,0.9334,0.059,670,YMR290C
Complex_269,8,0.9333,0.0714,775,YOR063W
Complex_269,8,0.9333,0.0714,808,YOR272W
Complex_269,8,0.9333,0.0714,670,YMR290C
Complex_269,8,0.9333,0.0714,113,YDL082W
Complex_269,8,0.9333,0.0714,755,YOL077C
Complex_269,8,0.9333,0.0714,837,YPL093W
Complex_269,8,0.9333,0.0714,538,YLL045C
Complex_269,8,0.9333,0.0714,851,YPL198W
Complex_270,10,0.933,0.0571,775,YOR063W
Complex_270,10,0.933,0.0571,761,YOL127W
Complex_270,10,0.933,0.0571,538,YLL045C
Complex_270,10,0.933,0.0571,395,YHR088W
Complex_270,10,0.933,0.0571,670,YMR290C
Complex_270,10,0.933,0.0571,837,YPL093W
Complex_270,10,0.933,0.0571,289,YGL076C
Complex_270,10,0.933,0.0571,539,YLR002C
Complex_270,10,0.933,0.0571,851,YPL198W
Complex_270,10,0.933,0.0571,215,YDR496C
Complex_271,7,0.9326,0.097,775,YOR063W
Complex_271,7,0.9326,0.097,761,YOL127W
Complex_271,7,0.9326,0.097,597,YLR406C
Complex_271,7,0.9326,0.097,211,YDR471W
Complex_271,7,0.9326,0.097,513,YKL180W
Complex_271,7,0.9326,0.097,295,YGL103W
Complex_271,7,0.9326,0.097,609,YLR441C
Complex_272,8,0.9325,0.0714,775,YOR063W
Complex_272,8,0.9325,0.0714,761,YOL127W
Complex_272,8,0.9325,0.0714,694,YNL110C
Complex_272,8,0.9325,0.0714,837,YPL093W
Complex_272,8,0.9325,0.0714,113,YDL082W
Complex_272,8,0.9325,0.0714,338,YGR103W
Complex_272,8,0.9325,0.0714,755,YOL077C
Complex_272,8,0.9325,0.0714,670,YMR290C
Complex_273,8,0.932,0.0849,604,YLR432W
Complex_273,8,0.932,0.0849,851,YPL198W
Complex_273,8,0.932,0.0849,334,YGR085C
Complex_273,8,0.932,0.0849,538,YLL045C
Complex_273,8,0.932,0.0849,540,YLR029C
Complex_273,8,0.932,0.0849,705,YNL178W
Complex_273,8,0.932,0.0849,289,YGL076C
Complex_273,8,0.932,0.0849,627,YML073C
Complex_274,12,0.932,0.75,39,YBR055C
Complex_274,12,0.932,0.75,408,YHR165C
Complex_274,12,0.932,0.75,257,YER172C
Complex_274,12,0.932,0.75,551,YLR147C
Complex_274,12,0.932,0.75,813,YOR308C
Complex_274,12,0.932,0.75,879,YPR082C
Complex_274,12,0.932,0.75,336,YGR091W
Complex_274,12,0.932,0.75,666,YMR240C
Complex_274,12,0.932,0.75,328,YGR074W
Complex_274,12,0.932,0.75,117,YDL098C
Complex_274,12,0.932,0.75,470,YJL203W
Complex_274,12,0.932,0.75,855,YPL213W
Complex_275,8,0.9319,0.0849,775,YOR063W
Complex_275,8,0.9319,0.0849,761,YOL127W
Complex_275,8,0.9319,0.0849,538,YLL045C
Complex_275,8,0.9319,0.0849,540,YLR029C
Complex_275,8,0.9319,0.0849,512,YKL172W
Complex_275,8,0.9319,0.0849,837,YPL093W
Complex_275,8,0.9319,0.0849,113,YDL082W
Complex_275,8,0.9319,0.0849,295,YGL103W
Complex_276,8,0.9316,0.0849,775,YOR063W
Complex_276,8,0.9316,0.0849,761,YOL127W
Complex_276,8,0.9316,0.0849,538,YLL045C
Complex_276,8,0.9316,0.0849,867,YPR016C
Complex_276,8,0.9316,0.0849,837,YPL093W
Complex_276,8,0.9316,0.0849,306,YGL147C
Complex_276,8,0.9316,0.0849,843,YPL131W
Complex_276,8,0.9316,0.0849,861,YPL249C-A
Complex_277,10,0.9315,0.0679,775,YOR063W
Complex_277,10,0.9315,0.0679,761,YOL127W
Complex_277,10,0.9315,0.0679,538,YLL045C
Complex_277,10,0.9315,0.0679,540,YLR029C
Complex_277,10,0.9315,0.0679,667,YMR242C
Complex_277,10,0.9315,0.0679,755,YOL077C
Complex_277,10,0.9315,0.0679,282,YGL030W
Complex_277,10,0.9315,0.0679,676,YNL002C
Complex_277,10,0.9315,0.0679,837,YPL093W
Complex_277,10,0.9315,0.0679,215,YDR496C
Complex_278,8,0.9313,0.059,775,YOR063W
Complex_278,8,0.9313,0.059,51,YBR142W
Complex_278,8,0.9313,0.059,538,YLL045C
Complex_278,8,0.9313,0.059,670,YMR290C
Complex_278,8,0.9313,0.059,851,YPL198W
Complex_278,8,0.9313,0.059,334,YGR085C
Complex_278,8,0.9313,0.059,683,YNL061W
Complex_278,8,0.9313,0.059,627,YML073C
Complex_279,11,0.9304,0.0617,775,YOR063W
Complex_279,11,0.9304,0.0617,761,YOL127W
Complex_279,11,0.9304,0.0617,538,YLL045C
Complex_279,11,0.9304,0.0617,540,YLR029C
Complex_279,11,0.9304,0.0617,529,YKR081C
Complex_279,11,0.9304,0.0617,670,YMR290C
Complex_279,11,0.9304,0.0617,837,YPL093W
Complex_279,11,0.9304,0.0617,289,YGL076C
Complex_279,11,0.9304,0.0617,851,YPL198W
Complex_279,11,0.9304,0.0617,539,YLR002C
Complex_279,11,0.9304,0.0617,215,YDR496C
Complex_280,11,0.9303,0.1389,775,YOR063W
Complex_280,11,0.9303,0.1389,761,YOL127W
Complex_280,11,0.9303,0.1389,538,YLL045C
Complex_280,11,0.9303,0.1389,540,YLR029C
Complex_280,11,0.9303,0.1389,667,YMR242C
Complex_280,11,0.9303,0.1389,627,YML073C
Complex_280,11,0.9303,0.1389,211,YDR471W
Complex_280,11,0.9303,0.1389,215,YDR496C
Complex_280,11,0.9303,0.1389,282,YGL030W
Complex_280,11,0.9303,0.1389,289,YGL076C
Complex_280,11,0.9303,0.1389,837,YPL093W
Complex_281,8,0.9298,0.059,775,YOR063W
Complex_281,8,0.9298,0.059,761,YOL127W
Complex_281,8,0.9298,0.059,538,YLL045C
Complex_281,8,0.9298,0.059,228,YER006W
Complex_281,8,0.9298,0.059,837,YPL093W
Complex_281,8,0.9298,0.059,670,YMR290C
Complex_281,8,0.9298,0.059,383,YHR010W
Complex_281,8,0.9298,0.059,851,YPL198W
Complex_282,10,0.9298,0.0571,775,YOR063W
Complex_282,10,0.9298,0.0571,808,YOR272W
Complex_282,10,0.9298,0.0571,670,YMR290C
Complex_282,10,0.9298,0.0571,683,YNL061W
Complex_282,10,0.9298,0.0571,851,YPL198W
Complex_282,10,0.9298,0.0571,538,YLL045C
Complex_282,10,0.9298,0.0571,843,YPL131W
Complex_282,10,0.9298,0.0571,755,YOL077C
Complex_282,10,0.9298,0.0571,539,YLR002C
Complex_282,10,0.9298,0.0571,751,YOL041C
Complex_283,5,0.9296,0.0667,775,YOR063W
Complex_283,5,0.9296,0.0667,822,YPL012W
Complex_283,5,0.9296,0.0667,538,YLL045C
Complex_283,5,0.9296,0.0667,295,YGL103W
Complex_283,5,0.9296,0.0667,388,YHR052W
Complex_284,7,0.9288,0.0476,775,YOR063W
Complex_284,7,0.9288,0.0476,761,YOL127W
Complex_284,7,0.9288,0.0476,694,YNL110C
Complex_284,7,0.9288,0.0476,837,YPL093W
Complex_284,7,0.9288,0.0476,388,YHR052W
Complex_284,7,0.9288,0.0476,295,YGL103W
Complex_284,7,0.9288,0.0476,282,YGL030W
Complex_285,9,0.9287,0.1342,775,YOR063W
Complex_285,9,0.9287,0.1342,761,YOL127W
Complex_285,9,0.9287,0.1342,538,YLL045C
Complex_285,9,0.9287,0.1342,695,YNL112W
Complex_285,9,0.9287,0.1342,546,YLR075W
Complex_285,9,0.9287,0.1342,627,YML073C
Complex_285,9,0.9287,0.1342,211,YDR471W
Complex_285,9,0.9287,0.1342,37,YBR031W
Complex_285,9,0.9287,0.1342,334,YGR085C
Complex_286,4,0.9286,0.3333,61,YBR211C
Complex_286,4,0.9286,0.3333,354,YGR179C
Complex_286,4,0.9286,0.3333,174,YDR254W
Complex_286,4,0.9286,0.3333,197,YDR383C
Complex_287,9,0.9285,0.0635,775,YOR063W
Complex_287,9,0.9285,0.0635,761,YOL127W
Complex_287,9,0.9285,0.0635,538,YLL045C
Complex_287,9,0.9285,0.0635,540,YLR029C
Complex_287,9,0.9285,0.0635,338,YGR103W
Complex_287,9,0.9285,0.0635,837,YPL093W
Complex_287,9,0.9285,0.0635,113,YDL082W
Complex_287,9,0.9285,0.0635,755,YOL077C
Complex_287,9,0.9285,0.0635,670,YMR290C
Complex_288,9,0.9285,0.2963,662,YMR229C
Complex_288,9,0.9285,0.2963,670,YMR290C
Complex_288,9,0.9285,0.2963,98,YDL014W
Complex_288,9,0.9285,0.2963,215,YDR496C
Complex_288,9,0.9285,0.2963,142,YDR060W
Complex_288,9,0.9285,0.2963,755,YOL077C
Complex_288,9,0.9285,0.2963,796,YOR206W
Complex_288,9,0.9285,0.2963,683,YNL061W
Complex_288,9,0.9285,0.2963,533,YLL008W
Complex_289,3,0.9284,0.6,221,YEL018W
Complex_289,3,0.9284,0.6,869,YPR023C
Complex_289,3,0.9284,0.6,398,YHR099W
Complex_290,8,0.9282,0.0417,775,YOR063W
Complex_290,8,0.9282,0.0417,51,YBR142W
Complex_290,8,0.9282,0.0417,538,YLL045C
Complex_290,8,0.9282,0.0417,670,YMR290C
Complex_290,8,0.9282,0.0417,851,YPL198W
Complex_290,8,0.9282,0.0417,215,YDR496C
Complex_290,8,0.9282,0.0417,683,YNL061W
Complex_290,8,0.9282,0.0417,627,YML073C
Complex_291,8,0.928,0.0849,775,YOR063W
Complex_291,8,0.928,0.0849,761,YOL127W
Complex_291,8,0.928,0.0849,538,YLL045C
Complex_291,8,0.928,0.0849,540,YLR029C
Complex_291,8,0.928,0.0849,338,YGR103W
Complex_291,8,0.928,0.0849,111,YDL075W
Complex_291,8,0.928,0.0849,843,YPL131W
Complex_291,8,0.928,0.0849,676,YNL002C
Complex_292,8,0.9277,0.0849,604,YLR432W
Complex_292,8,0.9277,0.0849,851,YPL198W
Complex_292,8,0.9277,0.0849,334,YGR085C
Complex_292,8,0.9277,0.0849,538,YLL045C
Complex_292,8,0.9277,0.0849,540,YLR029C
Complex_292,8,0.9277,0.0849,670,YMR290C
Complex_292,8,0.9277,0.0849,627,YML073C
Complex_292,8,0.9277,0.0849,289,YGL076C
Complex_293,9,0.9275,0.1429,775,YOR063W
Complex_293,9,0.9275,0.1429,142,YDR060W
Complex_293,9,0.9275,0.1429,670,YMR290C
Complex_293,9,0.9275,0.1429,51,YBR142W
Complex_293,9,0.9275,0.1429,215,YDR496C
Complex_293,9,0.9275,0.1429,538,YLL045C
Complex_293,9,0.9275,0.1429,676,YNL002C
Complex_293,9,0.9275,0.1429,540,YLR029C
Complex_293,9,0.9275,0.1429,843,YPL131W
Complex_294,11,0.9274,0.1389,775,YOR063W
Complex_294,11,0.9274,0.1389,761,YOL127W
Complex_294,11,0.9274,0.1389,538,YLL045C
Complex_294,11,0.9274,0.1389,540,YLR029C
Complex_294,11,0.9274,0.1389,529,YKR081C
Complex_294,11,0.9274,0.1389,295,YGL103W
Complex_294,11,0.9274,0.1389,334,YGR085C
Complex_294,11,0.9274,0.1389,211,YDR471W
Complex_294,11,0.9274,0.1389,851,YPL198W
Complex_294,11,0.9274,0.1389,778,YOR096W
Complex_294,11,0.9274,0.1389,289,YGL076C
Complex_295,7,0.9265,0.7,183,YDR301W
Complex_295,7,0.9265,0.7,485,YJR093C
Complex_295,7,0.9265,0.7,517,YKR002W
Complex_295,7,0.9265,0.7,497,YKL018W
Complex_295,7,0.9265,0.7,346,YGR156W
Complex_295,7,0.9265,0.7,575,YLR277C
Complex_295,7,0.9265,0.7,643,YMR061W
Complex_296,8,0.926,0.059,775,YOR063W
Complex_296,8,0.926,0.059,761,YOL127W
Complex_296,8,0.926,0.059,538,YLL045C
Complex_296,8,0.926,0.059,540,YLR029C
Complex_296,8,0.926,0.059,512,YKL172W
Complex_296,8,0.926,0.059,837,YPL093W
Complex_296,8,0.926,0.059,529,YKR081C
Complex_296,8,0.926,0.059,295,YGL103W
Complex_297,11,0.9258,0.2424,775,YOR063W
Complex_297,11,0.9258,0.2424,142,YDR060W
Complex_297,11,0.9258,0.2424,670,YMR290C
Complex_297,11,0.9258,0.2424,796,YOR206W
Complex_297,11,0.9258,0.2424,755,YOL077C
Complex_297,11,0.9258,0.2424,98,YDL014W
Complex_297,11,0.9258,0.2424,843,YPL131W
Complex_297,11,0.9258,0.2424,215,YDR496C
Complex_297,11,0.9258,0.2424,538,YLL045C
Complex_297,11,0.9258,0.2424,683,YNL061W
Complex_297,11,0.9258,0.2424,533,YLL008W
Complex_298,8,0.9258,0.0849,775,YOR063W
Complex_298,8,0.9258,0.0849,761,YOL127W
Complex_298,8,0.9258,0.0849,538,YLL045C
Complex_298,8,0.9258,0.0849,388,YHR052W
Complex_298,8,0.9258,0.0849,837,YPL093W
Complex_298,8,0.9258,0.0849,282,YGL030W
Complex_298,8,0.9258,0.0849,383,YHR010W
Complex_298,8,0.9258,0.0849,295,YGL103W
Complex_299,7,0.9256,0.1321,775,YOR063W
Complex_299,7,0.9256,0.1321,761,YOL127W
Complex_299,7,0.9256,0.1321,597,YLR406C
Complex_299,7,0.9256,0.1321,211,YDR471W
Complex_299,7,0.9256,0.1321,513,YKL180W
Complex_299,7,0.9256,0.1321,295,YGL103W
Complex_299,7,0.9256,0.1321,306,YGL147C
Complex_300,9,0.9255,0.1429,775,YOR063W
Complex_300,9,0.9255,0.1429,808,YOR272W
Complex_300,9,0.9255,0.1429,670,YMR290C
Complex_300,9,0.9255,0.1429,683,YNL061W
Complex_300,9,0.9255,0.1429,851,YPL198W
Complex_300,9,0.9255,0.1429,538,YLL045C
Complex_300,9,0.9255,0.1429,829,YPL043W
Complex_300,9,0.9255,0.1429,755,YOL077C
Complex_300,9,0.9255,0.1429,751,YOL041C
Complex_301,12,0.9254,0.125,775,YOR063W
Complex_301,12,0.9254,0.125,761,YOL127W
Complex_301,12,0.9254,0.125,538,YLL045C
Complex_301,12,0.9254,0.125,540,YLR029C
Complex_301,12,0.9254,0.125,667,YMR242C
Complex_301,12,0.9254,0.125,843,YPL131W
Complex_301,12,0.9254,0.125,837,YPL093W
Complex_301,12,0.9254,0.125,670,YMR290C
Complex_301,12,0.9254,0.125,676,YNL002C
Complex_301,12,0.9254,0.125,755,YOL077C
Complex_301,12,0.9254,0.125,796,YOR206W
Complex_301,12,0.9254,0.125,215,YDR496C
Complex_302,8,0.9248,0.1156,775,YOR063W
Complex_302,8,0.9248,0.1156,761,YOL127W
Complex_302,8,0.9248,0.1156,538,YLL045C
Complex_302,8,0.9248,0.1156,861,YPL249C-A
Complex_302,8,0.9248,0.1156,667,YMR242C
Complex_302,8,0.9248,0.1156,676,YNL002C
Complex_302,8,0.9248,0.1156,111,YDL075W
Complex_302,8,0.9248,0.1156,843,YPL131W
Complex_303,3,0.9246,0.2222,42,YBR079C
Complex_303,3,0.9246,0.2222,653,YMR146C
Complex_303,3,0.9246,0.2222,833,YPL081W
Complex_304,11,0.9243,0.1098,775,YOR063W
Complex_304,11,0.9243,0.1098,761,YOL127W
Complex_304,11,0.9243,0.1098,538,YLL045C
Complex_304,11,0.9243,0.1098,540,YLR029C
Complex_304,11,0.9243,0.1098,529,YKR081C
Complex_304,11,0.9243,0.1098,670,YMR290C
Complex_304,11,0.9243,0.1098,837,YPL093W
Complex_304,11,0.9243,0.1098,289,YGL076C
Complex_304,11,0.9243,0.1098,851,YPL198W
Complex_304,11,0.9243,0.1098,211,YDR471W
Complex_304,11,0.9243,0.1098,334,YGR085C
Complex_305,11,0.9238,0.1715,775,YOR063W
Complex_305,11,0.9238,0.1715,761,YOL127W
Complex_305,11,0.9238,0.1715,538,YLL045C
Complex_305,11,0.9238,0.1715,540,YLR029C
Complex_305,11,0.9238,0.1715,667,YMR242C
Complex_305,11,0.9238,0.1715,627,YML073C
Complex_305,11,0.9238,0.1715,211,YDR471W
Complex_305,11,0.9238,0.1715,215,YDR496C
Complex_305,11,0.9238,0.1715,282,YGL030W
Complex_305,11,0.9238,0.1715,289,YGL076C
Complex_305,11,0.9238,0.1715,434,YIL133C
Complex_306,9,0.9235,0.0635,775,YOR063W
Complex_306,9,0.9235,0.0635,761,YOL127W
Complex_306,9,0.9235,0.0635,538,YLL045C
Complex_306,9,0.9235,0.0635,540,YLR029C
Complex_306,9,0.9235,0.0635,539,YLR002C
Complex_306,9,0.9235,0.0635,751,YOL041C
Complex_306,9,0.9235,0.0635,670,YMR290C
Complex_306,9,0.9235,0.0635,289,YGL076C
Complex_306,9,0.9235,0.0635,796,YOR206W
Complex_307,3,0.9231,0.75,62,YBR215W
Complex_307,3,0.9231,0.75,770,YOR038C
Complex_307,3,0.9231,0.75,491,YJR140C
Complex_308,9,0.9229,0.0755,775,YOR063W
Complex_308,9,0.9229,0.0755,761,YOL127W
Complex_308,9,0.9229,0.0755,538,YLL045C
Complex_308,9,0.9229,0.0755,540,YLR029C
Complex_308,9,0.9229,0.0755,338,YGR103W
Complex_308,9,0.9229,0.0755,837,YPL093W
Complex_308,9,0.9229,0.0755,113,YDL082W
Complex_308,9,0.9229,0.0755,755,YOL077C
Complex_308,9,0.9229,0.0755,282,YGL030W
Complex_309,9,0.9228,0.1429,775,YOR063W
Complex_309,9,0.9228,0.1429,142,YDR060W
Complex_309,9,0.9228,0.1429,670,YMR290C
Complex_309,9,0.9228,0.1429,796,YOR206W
Complex_309,9,0.9228,0.1429,289,YGL076C
Complex_309,9,0.9228,0.1429,538,YLL045C
Complex_309,9,0.9228,0.1429,539,YLR002C
Complex_309,9,0.9228,0.1429,751,YOL041C
Complex_309,9,0.9228,0.1429,540,YLR029C
Complex_310,9,0.9226,0.0755,775,YOR063W
Complex_310,9,0.9226,0.0755,761,YOL127W
Complex_310,9,0.9226,0.0755,538,YLL045C
Complex_310,9,0.9226,0.0755,540,YLR029C
Complex_310,9,0.9226,0.0755,667,YMR242C
Complex_310,9,0.9226,0.0755,627,YML073C
Complex_310,9,0.9226,0.0755,676,YNL002C
Complex_310,9,0.9226,0.0755,751,YOL041C
Complex_310,9,0.9226,0.0755,670,YMR290C
Complex_311,10,0.9226,0.0925,775,YOR063W
Complex_311,10,0.9226,0.0925,761,YOL127W
Complex_311,10,0.9226,0.0925,538,YLL045C
Complex_311,10,0.9226,0.0925,683,YNL061W
Complex_311,10,0.9226,0.0925,670,YMR290C
Complex_311,10,0.9226,0.0925,136,YDR012W
Complex_311,10,0.9226,0.0925,851,YPL198W
Complex_311,10,0.9226,0.0925,529,YKR081C
Complex_311,10,0.9226,0.0925,211,YDR471W
Complex_311,10,0.9226,0.0925,334,YGR085C
Complex_312,4,0.9224,0.0,14,YAR073W
Complex_312,4,0.9224,0.0,418,YHR216W
Complex_312,4,0.9224,0.0,620,YML056C
Complex_312,4,0.9224,0.0,604,YLR432W
Complex_313,8,0.922,0.1156,775,YOR063W
Complex_313,8,0.922,0.1156,761,YOL127W
Complex_313,8,0.922,0.1156,538,YLL045C
Complex_313,8,0.922,0.1156,383,YHR010W
Complex_313,8,0.922,0.1156,113,YDL082W
Complex_313,8,0.922,0.1156,295,YGL103W
Complex_313,8,0.922,0.1156,837,YPL093W
Complex_313,8,0.922,0.1156,851,YPL198W
Complex_314,11,0.9219,0.1715,775,YOR063W
Complex_314,11,0.9219,0.1715,761,YOL127W
Complex_314,11,0.9219,0.1715,538,YLL045C
Complex_314,11,0.9219,0.1715,540,YLR029C
Complex_314,11,0.9219,0.1715,667,YMR242C
Complex_314,11,0.9219,0.1715,627,YML073C
Complex_314,11,0.9219,0.1715,211,YDR471W
Complex_314,11,0.9219,0.1715,215,YDR496C
Complex_314,11,0.9219,0.1715,282,YGL030W
Complex_314,11,0.9219,0.1715,289,YGL076C
Complex_314,11,0.9219,0.1715,857,YPL220W
Complex_315,14,0.921,0.1941,775,YOR063W
Complex_315,14,0.921,0.1941,761,YOL127W
Complex_315,14,0.921,0.1941,538,YLL045C
Complex_315,14,0.921,0.1941,540,YLR029C
Complex_315,14,0.921,0.1941,667,YMR242C
Complex_315,14,0.921,0.1941,627,YML073C
Complex_315,14,0.921,0.1941,211,YDR471W
Complex_315,14,0.921,0.1941,334,YGR085C
Complex_315,14,0.921,0.1941,837,YPL093W
Complex_315,14,0.921,0.1941,289,YGL076C
Complex_315,14,0.921,0.1941,113,YDL082W
Complex_315,14,0.921,0.1941,306,YGL147C
Complex_315,14,0.921,0.1941,851,YPL198W
Complex_315,14,0.921,0.1941,670,YMR290C
Complex_316,4,0.9201,1.0,45,YBR087W
Complex_316,4,0.9201,1.0,727,YNL290W
Complex_316,4,0.9201,1.0,758,YOL094C
Complex_316,4,0.9201,1.0,785,YOR144C
Complex_317,8,0.9198,0.1156,775,YOR063W
Complex_317,8,0.9198,0.1156,761,YOL127W
Complex_317,8,0.9198,0.1156,538,YLL045C
Complex_317,8,0.9198,0.1156,228,YER006W
Complex_317,8,0.9198,0.1156,111,YDL075W
Complex_317,8,0.9198,0.1156,851,YPL198W
Complex_317,8,0.9198,0.1156,334,YGR085C
Complex_317,8,0.9198,0.1156,843,YPL131W
Complex_318,8,0.9197,0.059,775,YOR063W
Complex_318,8,0.9197,0.059,495,YKL009W
Complex_318,8,0.9197,0.059,837,YPL093W
Complex_318,8,0.9197,0.059,306,YGL147C
Complex_318,8,0.9197,0.059,843,YPL131W
Complex_318,8,0.9197,0.059,538,YLL045C
Complex_318,8,0.9197,0.059,851,YPL198W
Complex_318,8,0.9197,0.059,670,YMR290C
Complex_319,6,0.9195,0.0786,775,YOR063W
Complex_319,6,0.9195,0.0786,51,YBR142W
Complex_319,6,0.9195,0.0786,538,YLL045C
Complex_319,6,0.9195,0.0786,861,YPL249C-A
Complex_319,6,0.9195,0.0786,334,YGR085C
Complex_319,6,0.9195,0.0786,843,YPL131W
Complex_320,7,0.9194,0.0674,775,YOR063W
Complex_320,7,0.9194,0.0674,761,YOL127W
Complex_320,7,0.9194,0.0674,694,YNL110C
Complex_320,7,0.9194,0.0674,111,YDL075W
Complex_320,7,0.9194,0.0674,282,YGL030W
Complex_320,7,0.9194,0.0674,113,YDL082W
Complex_320,7,0.9194,0.0674,338,YGR103W
Complex_321,3,0.9191,0.0667,430,YIL103W
Complex_321,3,0.9191,0.0667,515,YKL191W
Complex_321,3,0.9191,0.0667,783,YOR133W
Complex_322,5,0.919,0.0943,589,YLR344W
Complex_322,5,0.919,0.0943,274,YFR031C-A
Complex_322,5,0.919,0.0943,658,YMR194W
Complex_322,5,0.919,0.0943,211,YDR471W
Complex_322,5,0.919,0.0943,23,YBL027W
Complex_323,11,0.9187,0.1389,775,YOR063W
Complex_323,11,0.9187,0.1389,761,YOL127W
Complex_323,11,0.9187,0.1389,538,YLL045C
Complex_323,11,0.9187,0.1389,683,YNL061W
Complex_323,11,0.9187,0.1389,670,YMR290C
Complex_323,11,0.9187,0.1389,136,YDR012W
Complex_323,11,0.9187,0.1389,851,YPL198W
Complex_323,11,0.9187,0.1389,627,YML073C
Complex_323,11,0.9187,0.1389,211,YDR471W
Complex_323,11,0.9187,0.1389,857,YPL220W
Complex_323,11,0.9187,0.1389,334,YGR085C
Complex_324,7,0.9181,0.5714,280,YGL019W
Complex_324,7,0.9181,0.5714,421,YIL035C
Complex_324,7,0.9181,0.5714,774,YOR061W
Complex_324,7,0.9181,0.5714,782,YOR123C
Complex_324,7,0.9181,0.5714,316,YGL244W
Complex_324,7,0.9181,0.5714,765,YOL145C
Complex_324,7,0.9181,0.5714,600,YLR418C
Complex_325,10,0.918,0.1208,775,YOR063W
Complex_325,10,0.918,0.1208,761,YOL127W
Complex_325,10,0.918,0.1208,538,YLL045C
Complex_325,10,0.918,0.1208,540,YLR029C
Complex_325,10,0.918,0.1208,667,YMR242C
Complex_325,10,0.918,0.1208,755,YOL077C
Complex_325,10,0.918,0.1208,282,YGL030W
Complex_325,10,0.918,0.1208,211,YDR471W
Complex_325,10,0.918,0.1208,837,YPL093W
Complex_325,10,0.918,0.1208,113,YDL082W
Complex_326,11,0.9174,0.084,775,YOR063W
Complex_326,11,0.9174,0.084,761,YOL127W
Complex_326,11,0.9174,0.084,538,YLL045C
Complex_326,11,0.9174,0.084,540,YLR029C
Complex_326,11,0.9174,0.084,529,YKR081C
Complex_326,11,0.9174,0.084,670,YMR290C
Complex_326,11,0.9174,0.084,837,YPL093W
Complex_326,11,0.9174,0.084,289,YGL076C
Complex_326,11,0.9174,0.084,851,YPL198W
Complex_326,11,0.9174,0.084,211,YDR471W
Complex_326,11,0.9174,0.084,215,YDR496C
Complex_327,10,0.9172,0.0667,775,YOR063W
Complex_327,10,0.9172,0.0667,142,YDR060W
Complex_327,10,0.9172,0.0667,670,YMR290C
Complex_327,10,0.9172,0.0667,51,YBR142W
Complex_327,10,0.9172,0.0667,215,YDR496C
Complex_327,10,0.9172,0.0667,538,YLL045C
Complex_327,10,0.9172,0.0667,98,YDL014W
Complex_327,10,0.9172,0.0667,843,YPL131W
Complex_327,10,0.9172,0.0667,683,YNL061W
Complex_327,10,0.9172,0.0667,533,YLL008W
Complex_328,8,0.9171,0.0714,775,YOR063W
Complex_328,8,0.9171,0.0714,761,YOL127W
Complex_328,8,0.9171,0.0714,694,YNL110C
Complex_328,8,0.9171,0.0714,837,YPL093W
Complex_328,8,0.9171,0.0714,113,YDL082W
Complex_328,8,0.9171,0.0714,338,YGR103W
Complex_328,8,0.9171,0.0714,755,YOL077C
Complex_328,8,0.9171,0.0714,282,YGL030W
Complex_329,4,0.9168,0.0425,775,YOR063W
Complex_329,4,0.9168,0.0425,495,YKL009W
Complex_329,4,0.9168,0.0425,597,YLR406C
Complex_329,4,0.9168,0.0425,306,YGL147C
Complex_330,10,0.9167,0.0472,775,YOR063W
Complex_330,10,0.9167,0.0472,761,YOL127W
Complex_330,10,0.9167,0.0472,538,YLL045C
Complex_330,10,0.9167,0.0472,683,YNL061W
Complex_330,10,0.9167,0.0472,670,YMR290C
Complex_330,10,0.9167,0.0472,751,YOL041C
Complex_330,10,0.9167,0.0472,851,YPL198W
Complex_330,10,0.9167,0.0472,755,YOL077C
Complex_330,10,0.9167,0.0472,539,YLR002C
Complex_330,10,0.9167,0.0472,843,YPL131W
Complex_331,8,0.9164,0.0377,775,YOR063W
Complex_331,8,0.9164,0.0377,761,YOL127W
Complex_331,8,0.9164,0.0377,694,YNL110C
Complex_331,8,0.9164,0.0377,837,YPL093W
Complex_331,8,0.9164,0.0377,113,YDL082W
Complex_331,8,0.9164,0.0377,211,YDR471W
Complex_331,8,0.9164,0.0377,670,YMR290C
Complex_331,8,0.9164,0.0377,755,YOL077C
Complex_332,9,0.9164,0.1429,775,YOR063W
Complex_332,9,0.9164,0.1429,808,YOR272W
Complex_332,9,0.9164,0.1429,670,YMR290C
Complex_332,9,0.9164,0.1429,683,YNL061W
Complex_332,9,0.9164,0.1429,851,YPL198W
Complex_332,9,0.9164,0.1429,538,YLL045C
Complex_332,9,0.9164,0.1429,829,YPL043W
Complex_332,9,0.9164,0.1429,51,YBR142W
Complex_332,9,0.9164,0.1429,751,YOL041C
Complex_333,13,0.9163,0.209,775,YOR063W
Complex_333,13,0.9163,0.209,761,YOL127W
Complex_333,13,0.9163,0.209,538,YLL045C
Complex_333,13,0.9163,0.209,540,YLR029C
Complex_333,13,0.9163,0.209,760,YOL120C
Complex_333,13,0.9163,0.209,434,YIL133C
Complex_333,13,0.9163,0.209,685,YNL069C
Complex_333,13,0.9163,0.209,622,YML063W
Complex_333,13,0.9163,0.209,113,YDL082W
Complex_333,13,0.9163,0.209,627,YML073C
Complex_333,13,0.9163,0.209,289,YGL076C
Complex_333,13,0.9163,0.209,728,YNL301C
Complex_333,13,0.9163,0.209,274,YFR031C-A
Complex_334,17,0.9162,0.2175,279,YGL014W
Complex_334,17,0.9162,0.2175,274,YFR031C-A
Complex_334,17,0.9162,0.2175,658,YMR194W
Complex_334,17,0.9162,0.2175,295,YGL103W
Complex_334,17,0.9162,0.2175,463,YJL177W
Complex_334,17,0.9162,0.2175,23,YBL027W
Complex_334,17,0.9162,0.2175,610,YLR448W
Complex_334,17,0.9162,0.2175,237,YER074W
Complex_334,17,0.9162,0.2175,111,YDL075W
Complex_334,17,0.9162,0.2175,211,YDR471W
Complex_334,17,0.9162,0.2175,627,YML073C
Complex_334,17,0.9162,0.2175,761,YOL127W
Complex_334,17,0.9162,0.2175,577,YLR287C-A
Complex_334,17,0.9162,0.2175,667,YMR242C
Complex_334,17,0.9162,0.2175,59,YBR191W
Complex_334,17,0.9162,0.2175,113,YDL082W
Complex_334,17,0.9162,0.2175,375,YHL001W
Complex_335,20,0.9161,0.2726,775,YOR063W
Complex_335,20,0.9161,0.2726,761,YOL127W
Complex_335,20,0.9161,0.2726,283,YGL031C
Complex_335,20,0.9161,0.2726,513,YKL180W
Complex_335,20,0.9161,0.2726,282,YGL030W
Complex_335,20,0.9161,0.2726,295,YGL103W
Complex_335,20,0.9161,0.2726,685,YNL069C
Complex_335,20,0.9161,0.2726,334,YGR085C
Complex_335,20,0.9161,0.2726,211,YDR471W
Complex_335,20,0.9161,0.2726,622,YML063W
Complex_335,20,0.9161,0.2726,114,YDL083C
Complex_335,20,0.9161,0.2726,627,YML073C
Complex_335,20,0.9161,0.2726,546,YLR075W
Complex_335,20,0.9161,0.2726,83,YCR031C
Complex_335,20,0.9161,0.2726,667,YMR242C
Complex_335,20,0.9161,0.2726,861,YPL249C-A
Complex_335,20,0.9161,0.2726,463,YJL177W
Complex_335,20,0.9161,0.2726,113,YDL082W
Complex_335,20,0.9161,0.2726,274,YFR031C-A
Complex_335,20,0.9161,0.2726,289,YGL076C
Complex_336,11,0.9158,0.1169,775,YOR063W
Complex_336,11,0.9158,0.1169,761,YOL127W
Complex_336,11,0.9158,0.1169,538,YLL045C
Complex_336,11,0.9158,0.1169,388,YHR052W
Complex_336,11,0.9158,0.1169,751,YOL041C
Complex_336,11,0.9158,0.1169,676,YNL002C
Complex_336,11,0.9158,0.1169,796,YOR206W
Complex_336,11,0.9158,0.1169,755,YOL077C
Complex_336,11,0.9158,0.1169,670,YMR290C
Complex_336,11,0.9158,0.1169,843,YPL131W
Complex_336,11,0.9158,0.1169,667,YMR242C
Complex_337,9,0.9158,0.1429,775,YOR063W
Complex_337,9,0.9158,0.1429,142,YDR060W
Complex_337,9,0.9158,0.1429,670,YMR290C
Complex_337,9,0.9158,0.1429,51,YBR142W
Complex_337,9,0.9158,0.1429,751,YOL041C
Complex_337,9,0.9158,0.1429,538,YLL045C
Complex_337,9,0.9158,0.1429,676,YNL002C
Complex_337,9,0.9158,0.1429,540,YLR029C
Complex_337,9,0.9158,0.1429,843,YPL131W
Complex_338,5,0.9158,0.2667,41,YBR065C
Complex_338,5,0.9158,0.2667,408,YHR165C
Complex_338,5,0.9158,0.2667,257,YER172C
Complex_338,5,0.9158,0.2667,537,YLL036C
Complex_338,5,0.9158,0.2667,881,YPR101W
Complex_339,10,0.9157,0.0679,775,YOR063W
Complex_339,10,0.9157,0.0679,761,YOL127W
Complex_339,10,0.9157,0.0679,538,YLL045C
Complex_339,10,0.9157,0.0679,683,YNL061W
Complex_339,10,0.9157,0.0679,670,YMR290C
Complex_339,10,0.9157,0.0679,136,YDR012W
Complex_339,10,0.9157,0.0679,851,YPL198W
Complex_339,10,0.9157,0.0679,529,YKR081C
Complex_339,10,0.9157,0.0679,211,YDR471W
Complex_339,10,0.9157,0.0679,215,YDR496C
Complex_340,8,0.9155,0.059,775,YOR063W
Complex_340,8,0.9155,0.059,761,YOL127W
Complex_340,8,0.9155,0.059,694,YNL110C
Complex_340,8,0.9155,0.059,837,YPL093W
Complex_340,8,0.9155,0.059,113,YDL082W
Complex_340,8,0.9155,0.059,211,YDR471W
Complex_340,8,0.9155,0.059,282,YGL030W
Complex_340,8,0.9155,0.059,755,YOL077C
Complex_341,3,0.9153,0.75,19,YBL008W
Complex_341,3,0.9153,0.75,770,YOR038C
Complex_341,3,0.9153,0.75,62,YBR215W
Complex_342,8,0.915,0.0377,775,YOR063W
Complex_342,8,0.915,0.0377,51,YBR142W
Complex_342,8,0.915,0.0377,538,YLL045C
Complex_342,8,0.915,0.0377,670,YMR290C
Complex_342,8,0.915,0.0377,851,YPL198W
Complex_342,8,0.915,0.0377,751,YOL041C
Complex_342,8,0.915,0.0377,627,YML073C
Complex_342,8,0.915,0.0377,683,YNL061W
Complex_343,8,0.9149,0.0833,775,YOR063W
Complex_343,8,0.9149,0.0833,142,YDR060W
Complex_343,8,0.9149,0.0833,670,YMR290C
Complex_343,8,0.9149,0.0833,51,YBR142W
Complex_343,8,0.9149,0.0833,215,YDR496C
Complex_343,8,0.9149,0.0833,538,YLL045C
Complex_343,8,0.9149,0.0833,289,YGL076C
Complex_343,8,0.9149,0.0833,540,YLR029C
Complex_344,10,0.9147,0.0679,775,YOR063W
Complex_344,10,0.9147,0.0679,761,YOL127W
Complex_344,10,0.9147,0.0679,538,YLL045C
Complex_344,10,0.9147,0.0679,540,YLR029C
Complex_344,10,0.9147,0.0679,667,YMR242C
Complex_344,10,0.9147,0.0679,796,YOR206W
Complex_344,10,0.9147,0.0679,289,YGL076C
Complex_344,10,0.9147,0.0679,837,YPL093W
Complex_344,10,0.9147,0.0679,670,YMR290C
Complex_344,10,0.9147,0.0679,215,YDR496C
Complex_345,8,0.9143,0.0833,662,YMR229C
Complex_345,8,0.9143,0.0833,670,YMR290C
Complex_345,8,0.9143,0.0833,98,YDL014W
Complex_345,8,0.9143,0.0833,215,YDR496C
Complex_345,8,0.9143,0.0833,142,YDR060W
Complex_345,8,0.9143,0.0833,51,YBR142W
Complex_345,8,0.9143,0.0833,683,YNL061W
Complex_345,8,0.9143,0.0833,533,YLL008W
Complex_346,26,0.9143,0.32,775,YOR063W
Complex_346,26,0.9143,0.32,761,YOL127W
Complex_346,26,0.9143,0.32,538,YLL045C
Complex_346,26,0.9143,0.32,861,YPL249C-A
Complex_346,26,0.9143,0.32,667,YMR242C
Complex_346,26,0.9143,0.32,334,YGR085C
Complex_346,26,0.9143,0.32,778,YOR096W
Complex_346,26,0.9143,0.32,434,YIL133C
Complex_346,26,0.9143,0.32,610,YLR448W
Complex_346,26,0.9143,0.32,111,YDL075W
Complex_346,26,0.9143,0.32,114,YDL083C
Complex_346,26,0.9143,0.32,513,YKL180W
Complex_346,26,0.9143,0.32,274,YFR031C-A
Complex_346,26,0.9143,0.32,295,YGL103W
Complex_346,26,0.9143,0.32,685,YNL069C
Complex_346,26,0.9143,0.32,237,YER074W
Complex_346,26,0.9143,0.32,622,YML063W
Complex_346,26,0.9143,0.32,463,YJL177W
Complex_346,26,0.9143,0.32,113,YDL082W
Complex_346,26,0.9143,0.32,83,YCR031C
Complex_346,26,0.9143,0.32,211,YDR471W
Complex_346,26,0.9143,0.32,627,YML073C
Complex_346,26,0.9143,0.32,306,YGL147C
Complex_346,26,0.9143,0.32,282,YGL030W
Complex_346,26,0.9143,0.32,375,YHL001W
Complex_346,26,0.9143,0.32,289,YGL076C
Complex_347,4,0.9142,0.0833,775,YOR063W
Complex_347,4,0.9142,0.0833,293,YGL099W
Complex_347,4,0.9142,0.0833,658,YMR194W
Complex_347,4,0.9142,0.0833,538,YLL045C
Complex_348,9,0.914,0.2963,775,YOR063W
Complex_348,9,0.914,0.2963,142,YDR060W
Complex_348,9,0.914,0.2963,670,YMR290C
Complex_348,9,0.914,0.2963,822,YPL012W
Complex_348,9,0.914,0.2963,755,YOL077C
Complex_348,9,0.914,0.2963,388,YHR052W
Complex_348,9,0.914,0.2963,215,YDR496C
Complex_348,9,0.914,0.2963,538,YLL045C
Complex_348,9,0.914,0.2963,829,YPL043W
Complex_349,4,0.9137,0.375,42,YBR079C
Complex_349,4,0.9137,0.375,653,YMR146C
Complex_349,4,0.9137,0.375,29,YBL072C
Complex_349,4,0.9137,0.375,820,YOR361C
Complex_350,26,0.9136,0.32,775,YOR063W
Complex_350,26,0.9136,0.32,761,YOL127W
Complex_350,26,0.9136,0.32,538,YLL045C
Complex_350,26,0.9136,0.32,652,YMR142C
Complex_350,26,0.9136,0.32,778,YOR096W
Complex_350,26,0.9136,0.32,274,YFR031C-A
Complex_350,26,0.9136,0.32,667,YMR242C
Complex_350,26,0.9136,0.32,546,YLR075W
Complex_350,26,0.9136,0.32,295,YGL103W
Complex_350,26,0.9136,0.32,685,YNL069C
Complex_350,26,0.9136,0.32,334,YGR085C
Complex_350,26,0.9136,0.32,463,YJL177W
Complex_350,26,0.9136,0.32,211,YDR471W
Complex_350,26,0.9136,0.32,610,YLR448W
Complex_350,26,0.9136,0.32,237,YER074W
Complex_350,26,0.9136,0.32,622,YML063W
Complex_350,26,0.9136,0.32,113,YDL082W
Complex_350,26,0.9136,0.32,627,YML073C
Complex_350,26,0.9136,0.32,513,YKL180W
Complex_350,26,0.9136,0.32,434,YIL133C
Complex_350,26,0.9136,0.32,289,YGL076C
Complex_350,26,0.9136,0.32,861,YPL249C-A
Complex_350,26,0.9136,0.32,114,YDL083C
Complex_350,26,0.9136,0.32,83,YCR031C
Complex_350,26,0.9136,0.32,282,YGL030W
Complex_350,26,0.9136,0.32,375,YHL001W
Complex_351,7,0.9132,0.4286,201,YDR416W
Complex_351,7,0.9132,0.4286,257,YER172C
Complex_351,7,0.9132,0.4286,408,YHR165C
Complex_351,7,0.9132,0.4286,537,YLL036C
Complex_351,7,0.9132,0.4286,881,YPR101W
Complex_351,7,0.9132,0.4286,601,YLR424W
Complex_351,7,0.9132,0.4286,855,YPL213W
Complex_352,17,0.9127,0.2175,279,YGL014W
Complex_352,17,0.9127,0.2175,274,YFR031C-A
Complex_352,17,0.9127,0.2175,658,YMR194W
Complex_352,17,0.9127,0.2175,295,YGL103W
Complex_352,17,0.9127,0.2175,463,YJL177W
Complex_352,17,0.9127,0.2175,23,YBL027W
Complex_352,17,0.9127,0.2175,610,YLR448W
Complex_352,17,0.9127,0.2175,237,YER074W
Complex_352,17,0.9127,0.2175,111,YDL075W
Complex_352,17,0.9127,0.2175,211,YDR471W
Complex_352,17,0.9127,0.2175,627,YML073C
Complex_352,17,0.9127,0.2175,761,YOL127W
Complex_352,17,0.9127,0.2175,577,YLR287C-A
Complex_352,17,0.9127,0.2175,33,YBL092W
Complex_352,17,0.9127,0.2175,59,YBR191W
Complex_352,17,0.9127,0.2175,113,YDL082W
Complex_352,17,0.9127,0.2175,375,YHL001W
Complex_353,5,0.9126,0.0604,775,YOR063W
Complex_353,5,0.9126,0.0604,44,YBR084W
Complex_353,5,0.9126,0.0604,274,YFR031C-A
Complex_353,5,0.9126,0.0604,546,YLR075W
Complex_353,5,0.9126,0.0604,211,YDR471W
Complex_354,11,0.9121,0.1715,775,YOR063W
Complex_354,11,0.9121,0.1715,761,YOL127W
Complex_354,11,0.9121,0.1715,538,YLL045C
Complex_354,11,0.9121,0.1715,540,YLR029C
Complex_354,11,0.9121,0.1715,667,YMR242C
Complex_354,11,0.9121,0.1715,627,YML073C
Complex_354,11,0.9121,0.1715,211,YDR471W
Complex_354,11,0.9121,0.1715,215,YDR496C
Complex_354,11,0.9121,0.1715,282,YGL030W
Complex_354,11,0.9121,0.1715,37,YBR031W
Complex_354,11,0.9121,0.1715,434,YIL133C
Complex_355,9,0.9121,0.0524,775,YOR063W
Complex_355,9,0.9121,0.0524,761,YOL127W
Complex_355,9,0.9121,0.0524,538,YLL045C
Complex_355,9,0.9121,0.0524,540,YLR029C
Complex_355,9,0.9121,0.0524,512,YKL172W
Complex_355,9,0.9121,0.0524,837,YPL093W
Complex_355,9,0.9121,0.0524,113,YDL082W
Complex_355,9,0.9121,0.0524,755,YOL077C
Complex_355,9,0.9121,0.0524,670,YMR290C
Complex_356,25,0.912,0.3019,775,YOR063W
Complex_356,25,0.912,0.3019,761,YOL127W
Complex_356,25,0.912,0.3019,538,YLL045C
Complex_356,25,0.912,0.3019,652,YMR142C
Complex_356,25,0.912,0.3019,778,YOR096W
Complex_356,25,0.912,0.3019,274,YFR031C-A
Complex_356,25,0.912,0.3019,667,YMR242C
Complex_356,25,0.912,0.3019,546,YLR075W
Complex_356,25,0.912,0.3019,295,YGL103W
Complex_356,25,0.912,0.3019,685,YNL069C
Complex_356,25,0.912,0.3019,334,YGR085C
Complex_356,25,0.912,0.3019,463,YJL177W
Complex_356,25,0.912,0.3019,211,YDR471W
Complex_356,25,0.912,0.3019,610,YLR448W
Complex_356,25,0.912,0.3019,237,YER074W
Complex_356,25,0.912,0.3019,622,YML063W
Complex_356,25,0.912,0.3019,113,YDL082W
Complex_356,25,0.912,0.3019,627,YML073C
Complex_356,25,0.912,0.3019,513,YKL180W
Complex_356,25,0.912,0.3019,434,YIL133C
Complex_356,25,0.912,0.3019,289,YGL076C
Complex_356,25,0.912,0.3019,861,YPL249C-A
Complex_356,25,0.912,0.3019,114,YDL083C
Complex_356,25,0.912,0.3019,83,YCR031C
Complex_356,25,0.912,0.3019,728,YNL301C
Complex_357,20,0.9119,0.1594,587,YLR340W
Complex_357,20,0.9119,0.1594,334,YGR085C
Complex_357,20,0.9119,0.1594,622,YML063W
Complex_357,20,0.9119,0.1594,836,YPL090C
Complex_357,20,0.9119,0.1594,490,YJR123W
Complex_357,20,0.9119,0.1594,667,YMR242C
Complex_357,20,0.9119,0.1594,237,YER074W
Complex_357,20,0.9119,0.1594,627,YML073C
Complex_357,20,0.9119,0.1594,761,YOL127W
Complex_357,20,0.9119,0.1594,705,YNL178W
Complex_357,20,0.9119,0.1594,609,YLR441C
Complex_357,20,0.9119,0.1594,546,YLR075W
Complex_357,20,0.9119,0.1594,83,YCR031C
Complex_357,20,0.9119,0.1594,610,YLR448W
Complex_357,20,0.9119,0.1594,463,YJL177W
Complex_357,20,0.9119,0.1594,274,YFR031C-A
Complex_357,20,0.9119,0.1594,295,YGL103W
Complex_357,20,0.9119,0.1594,113,YDL082W
Complex_357,20,0.9119,0.1594,685,YNL069C
Complex_357,20,0.9119,0.1594,375,YHL001W
Complex_358,10,0.9118,0.0667,775,YOR063W
Complex_358,10,0.9118,0.0667,98,YDL014W
Complex_358,10,0.9118,0.0667,538,YLL045C
Complex_358,10,0.9118,0.0667,683,YNL061W
Complex_358,10,0.9118,0.0667,843,YPL131W
Complex_358,10,0.9118,0.0667,670,YMR290C
Complex_358,10,0.9118,0.0667,851,YPL198W
Complex_358,10,0.9118,0.0667,755,YOL077C
Complex_358,10,0.9118,0.0667,533,YLL008W
Complex_358,10,0.9118,0.0667,215,YDR496C
Complex_359,23,0.9117,0.3618,775,YOR063W
Complex_359,23,0.9117,0.3618,761,YOL127W
Complex_359,23,0.9117,0.3618,538,YLL045C
Complex_359,23,0.9117,0.3618,375,YHL001W
Complex_359,23,0.9117,0.3618,778,YOR096W
Complex_359,23,0.9117,0.3618,274,YFR031C-A
Complex_359,23,0.9117,0.3618,667,YMR242C
Complex_359,23,0.9117,0.3618,334,YGR085C
Complex_359,23,0.9117,0.3618,463,YJL177W
Complex_359,23,0.9117,0.3618,211,YDR471W
Complex_359,23,0.9117,0.3618,610,YLR448W
Complex_359,23,0.9117,0.3618,622,YML063W
Complex_359,23,0.9117,0.3618,627,YML073C
Complex_359,23,0.9117,0.3618,513,YKL180W
Complex_359,23,0.9117,0.3618,658,YMR194W
Complex_359,23,0.9117,0.3618,546,YLR075W
Complex_359,23,0.9117,0.3618,111,YDL075W
Complex_359,23,0.9117,0.3618,295,YGL103W
Complex_359,23,0.9117,0.3618,685,YNL069C
Complex_359,23,0.9117,0.3618,113,YDL082W
Complex_359,23,0.9117,0.3618,851,YPL198W
Complex_359,23,0.9117,0.3618,857,YPL220W
Complex_359,23,0.9117,0.3618,289,YGL076C
Complex_360,26,0.9117,0.3512,775,YOR063W
Complex_360,26,0.9117,0.3512,761,YOL127W
Complex_360,26,0.9117,0.3512,538,YLL045C
Complex_360,26,0.9117,0.3512,652,YMR142C
Complex_360,26,0.9117,0.3512,778,YOR096W
Complex_360,26,0.9117,0.3512,274,YFR031C-A
Complex_360,26,0.9117,0.3512,667,YMR242C
Complex_360,26,0.9117,0.3512,546,YLR075W
Complex_360,26,0.9117,0.3512,295,YGL103W
Complex_360,26,0.9117,0.3512,685,YNL069C
Complex_360,26,0.9117,0.3512,334,YGR085C
Complex_360,26,0.9117,0.3512,463,YJL177W
Complex_360,26,0.9117,0.3512,211,YDR471W
Complex_360,26,0.9117,0.3512,610,YLR448W
Complex_360,26,0.9117,0.3512,237,YER074W
Complex_360,26,0.9117,0.3512,622,YML063W
Complex_360,26,0.9117,0.3512,113,YDL082W
Complex_360,26,0.9117,0.3512,627,YML073C
Complex_360,26,0.9117,0.3512,513,YKL180W
Complex_360,26,0.9117,0.3512,434,YIL133C
Complex_360,26,0.9117,0.3512,289,YGL076C
Complex_360,26,0.9117,0.3512,658,YMR194W
Complex_360,26,0.9117,0.3512,705,YNL178W
Complex_360,26,0.9117,0.3512,851,YPL198W
Complex_360,26,0.9117,0.3512,381,YHL033C
Complex_360,26,0.9117,0.3512,375,YHL001W
Complex_361,25,0.9115,0.3328,775,YOR063W
Complex_361,25,0.9115,0.3328,761,YOL127W
Complex_361,25,0.9115,0.3328,538,YLL045C
Complex_361,25,0.9115,0.3328,375,YHL001W
Complex_361,25,0.9115,0.3328,778,YOR096W
Complex_361,25,0.9115,0.3328,274,YFR031C-A
Complex_361,25,0.9115,0.3328,667,YMR242C
Complex_361,25,0.9115,0.3328,334,YGR085C
Complex_361,25,0.9115,0.3328,463,YJL177W
Complex_361,25,0.9115,0.3328,211,YDR471W
Complex_361,25,0.9115,0.3328,610,YLR448W
Complex_361,25,0.9115,0.3328,622,YML063W
Complex_361,25,0.9115,0.3328,627,YML073C
Complex_361,25,0.9115,0.3328,513,YKL180W
Complex_361,25,0.9115,0.3328,658,YMR194W
Complex_361,25,0.9115,0.3328,546,YLR075W
Complex_361,25,0.9115,0.3328,111,YDL075W
Complex_361,25,0.9115,0.3328,295,YGL103W
Complex_361,25,0.9115,0.3328,685,YNL069C
Complex_361,25,0.9115,0.3328,113,YDL082W
Complex_361,25,0.9115,0.3328,851,YPL198W
Complex_361,25,0.9115,0.3328,237,YER074W
Complex_361,25,0.9115,0.3328,434,YIL133C
Complex_361,25,0.9115,0.3328,468,YJL190C
Complex_361,25,0.9115,0.3328,289,YGL076C
Complex_362,8,0.9115,0.1156,775,YOR063W
Complex_362,8,0.9115,0.1156,761,YOL127W
Complex_362,8,0.9115,0.1156,538,YLL045C
Complex_362,8,0.9115,0.1156,540,YLR029C
Complex_362,8,0.9115,0.1156,667,YMR242C
Complex_362,8,0.9115,0.1156,843,YPL131W
Complex_362,8,0.9115,0.1156,676,YNL002C
Complex_362,8,0.9115,0.1156,111,YDL075W
Complex_363,11,0.9114,0.0617,775,YOR063W
Complex_363,11,0.9114,0.0617,761,YOL127W
Complex_363,11,0.9114,0.0617,538,YLL045C
Complex_363,11,0.9114,0.0617,540,YLR029C
Complex_363,11,0.9114,0.0617,529,YKR081C
Complex_363,11,0.9114,0.0617,670,YMR290C
Complex_363,11,0.9114,0.0617,837,YPL093W
Complex_363,11,0.9114,0.0617,211,YDR471W
Complex_363,11,0.9114,0.0617,755,YOL077C
Complex_363,11,0.9114,0.0617,851,YPL198W
Complex_363,11,0.9114,0.0617,215,YDR496C
Complex_364,4,0.9113,1.0,45,YBR087W
Complex_364,4,0.9113,1.0,727,YNL290W
Complex_364,4,0.9113,1.0,758,YOL094C
Complex_364,4,0.9113,1.0,799,YOR217W
Complex_365,17,0.9111,0.1876,279,YGL014W
Complex_365,17,0.9111,0.1876,274,YFR031C-A
Complex_365,17,0.9111,0.1876,658,YMR194W
Complex_365,17,0.9111,0.1876,295,YGL103W
Complex_365,17,0.9111,0.1876,463,YJL177W
Complex_365,17,0.9111,0.1876,23,YBL027W
Complex_365,17,0.9111,0.1876,610,YLR448W
Complex_365,17,0.9111,0.1876,237,YER074W
Complex_365,17,0.9111,0.1876,111,YDL075W
Complex_365,17,0.9111,0.1876,211,YDR471W
Complex_365,17,0.9111,0.1876,627,YML073C
Complex_365,17,0.9111,0.1876,761,YOL127W
Complex_365,17,0.9111,0.1876,577,YLR287C-A
Complex_365,17,0.9111,0.1876,667,YMR242C
Complex_365,17,0.9111,0.1876,59,YBR191W
Complex_365,17,0.9111,0.1876,113,YDL082W
Complex_365,17,0.9111,0.1876,691,YNL096C
Complex_366,13,0.911,0.209,775,YOR063W
Complex_366,13,0.911,0.209,761,YOL127W
Complex_366,13,0.911,0.209,538,YLL045C
Complex_366,13,0.911,0.209,383,YHR010W
Complex_366,13,0.911,0.209,113,YDL082W
Complex_366,13,0.911,0.209,295,YGL103W
Complex_366,13,0.911,0.209,778,YOR096W
Complex_366,13,0.911,0.209,685,YNL069C
Complex_366,13,0.911,0.209,274,YFR031C-A
Complex_366,13,0.911,0.209,513,YKL180W
Complex_366,13,0.911,0.209,202,YDR418W
Complex_366,13,0.911,0.209,282,YGL030W
Complex_366,13,0.911,0.209,658,YMR194W
Complex_367,12,0.9108,0.1274,775,YOR063W
Complex_367,12,0.9108,0.1274,761,YOL127W
Complex_367,12,0.9108,0.1274,538,YLL045C
Complex_367,12,0.9108,0.1274,540,YLR029C
Complex_367,12,0.9108,0.1274,667,YMR242C
Complex_367,12,0.9108,0.1274,627,YML073C
Complex_367,12,0.9108,0.1274,211,YDR471W
Complex_367,12,0.9108,0.1274,215,YDR496C
Complex_367,12,0.9108,0.1274,851,YPL198W
Complex_367,12,0.9108,0.1274,670,YMR290C
Complex_367,12,0.9108,0.1274,837,YPL093W
Complex_367,12,0.9108,0.1274,289,YGL076C
Complex_368,12,0.9107,0.1572,775,YOR063W
Complex_368,12,0.9107,0.1572,761,YOL127W
Complex_368,12,0.9107,0.1572,538,YLL045C
Complex_368,12,0.9107,0.1572,540,YLR029C
Complex_368,12,0.9107,0.1572,529,YKR081C
Complex_368,12,0.9107,0.1572,295,YGL103W
Complex_368,12,0.9107,0.1572,334,YGR085C
Complex_368,12,0.9107,0.1572,211,YDR471W
Complex_368,12,0.9107,0.1572,851,YPL198W
Complex_368,12,0.9107,0.1572,778,YOR096W
Complex_368,12,0.9107,0.1572,136,YDR012W
Complex_368,12,0.9107,0.1572,37,YBR031W
Complex_369,12,0.9107,0.1903,775,YOR063W
Complex_369,12,0.9107,0.1903,761,YOL127W
Complex_369,12,0.9107,0.1903,844,YPL143W
Complex_369,12,0.9107,0.1903,685,YNL069C
Complex_369,12,0.9107,0.1903,434,YIL133C
Complex_369,12,0.9107,0.1903,274,YFR031C-A
Complex_369,12,0.9107,0.1903,627,YML073C
Complex_369,12,0.9107,0.1903,513,YKL180W
Complex_369,12,0.9107,0.1903,83,YCR031C
Complex_369,12,0.9107,0.1903,652,YMR142C
Complex_369,12,0.9107,0.1903,861,YPL249C-A
Complex_369,12,0.9107,0.1903,334,YGR085C
Complex_370,8,0.9104,0.0849,775,YOR063W
Complex_370,8,0.9104,0.0849,761,YOL127W
Complex_370,8,0.9104,0.0849,552,YLR150W
Complex_370,8,0.9104,0.0849,334,YGR085C
Complex_370,8,0.9104,0.0849,211,YDR471W
Complex_370,8,0.9104,0.0849,627,YML073C
Complex_370,8,0.9104,0.0849,546,YLR075W
Complex_370,8,0.9104,0.0849,695,YNL112W
Complex_371,9,0.9098,0.0755,775,YOR063W
Complex_371,9,0.9098,0.0755,761,YOL127W
Complex_371,9,0.9098,0.0755,538,YLL045C
Complex_371,9,0.9098,0.0755,683,YNL061W
Complex_371,9,0.9098,0.0755,670,YMR290C
Complex_371,9,0.9098,0.0755,136,YDR012W
Complex_371,9,0.9098,0.0755,851,YPL198W
Complex_371,9,0.9098,0.0755,627,YML073C
Complex_371,9,0.9098,0.0755,751,YOL041C
Complex_372,25,0.9098,0.3328,775,YOR063W
Complex_372,25,0.9098,0.3328,761,YOL127W
Complex_372,25,0.9098,0.3328,538,YLL045C
Complex_372,25,0.9098,0.3328,540,YLR029C
Complex_372,25,0.9098,0.3328,667,YMR242C
Complex_372,25,0.9098,0.3328,627,YML073C
Complex_372,25,0.9098,0.3328,211,YDR471W
Complex_372,25,0.9098,0.3328,334,YGR085C
Complex_372,25,0.9098,0.3328,778,YOR096W
Complex_372,25,0.9098,0.3328,622,YML063W
Complex_372,25,0.9098,0.3328,685,YNL069C
Complex_372,25,0.9098,0.3328,274,YFR031C-A
Complex_372,25,0.9098,0.3328,295,YGL103W
Complex_372,25,0.9098,0.3328,113,YDL082W
Complex_372,25,0.9098,0.3328,463,YJL177W
Complex_372,25,0.9098,0.3328,610,YLR448W
Complex_372,25,0.9098,0.3328,513,YKL180W
Complex_372,25,0.9098,0.3328,658,YMR194W
Complex_372,25,0.9098,0.3328,434,YIL133C
Complex_372,25,0.9098,0.3328,237,YER074W
Complex_372,25,0.9098,0.3328,851,YPL198W
Complex_372,25,0.9098,0.3328,111,YDL075W
Complex_372,25,0.9098,0.3328,306,YGL147C
Complex_372,25,0.9098,0.3328,468,YJL190C
Complex_372,25,0.9098,0.3328,289,YGL076C
Complex_373,27,0.9098,0.3382,775,YOR063W
Complex_373,27,0.9098,0.3382,761,YOL127W
Complex_373,27,0.9098,0.3382,538,YLL045C
Complex_373,27,0.9098,0.3382,861,YPL249C-A
Complex_373,27,0.9098,0.3382,667,YMR242C
Complex_373,27,0.9098,0.3382,334,YGR085C
Complex_373,27,0.9098,0.3382,778,YOR096W
Complex_373,27,0.9098,0.3382,434,YIL133C
Complex_373,27,0.9098,0.3382,610,YLR448W
Complex_373,27,0.9098,0.3382,111,YDL075W
Complex_373,27,0.9098,0.3382,114,YDL083C
Complex_373,27,0.9098,0.3382,513,YKL180W
Complex_373,27,0.9098,0.3382,274,YFR031C-A
Complex_373,27,0.9098,0.3382,295,YGL103W
Complex_373,27,0.9098,0.3382,685,YNL069C
Complex_373,27,0.9098,0.3382,237,YER074W
Complex_373,27,0.9098,0.3382,622,YML063W
Complex_373,27,0.9098,0.3382,463,YJL177W
Complex_373,27,0.9098,0.3382,113,YDL082W
Complex_373,27,0.9098,0.3382,83,YCR031C
Complex_373,27,0.9098,0.3382,211,YDR471W
Complex_373,27,0.9098,0.3382,627,YML073C
Complex_373,27,0.9098,0.3382,546,YLR075W
Complex_373,27,0.9098,0.3382,196,YDR382W
Complex_373,27,0.9098,0.3382,289,YGL076C
Complex_373,27,0.9098,0.3382,282,YGL030W
Complex_373,27,0.9098,0.3382,375,YHL001W
Complex_374,22,0.9098,0.2779,775,YOR063W
Complex_374,22,0.9098,0.2779,761,YOL127W
Complex_374,22,0.9098,0.2779,538,YLL045C
Complex_374,22,0.9098,0.2779,375,YHL001W
Complex_374,22,0.9098,0.2779,778,YOR096W
Complex_374,22,0.9098,0.2779,274,YFR031C-A
Complex_374,22,0.9098,0.2779,667,YMR242C
Complex_374,22,0.9098,0.2779,334,YGR085C
Complex_374,22,0.9098,0.2779,463,YJL177W
Complex_374,22,0.9098,0.2779,211,YDR471W
Complex_374,22,0.9098,0.2779,610,YLR448W
Complex_374,22,0.9098,0.2779,622,YML063W
Complex_374,22,0.9098,0.2779,627,YML073C
Complex_374,22,0.9098,0.2779,836,YPL090C
Complex_374,22,0.9098,0.2779,546,YLR075W
Complex_374,22,0.9098,0.2779,111,YDL075W
Complex_374,22,0.9098,0.2779,295,YGL103W
Complex_374,22,0.9098,0.2779,237,YER074W
Complex_374,22,0.9098,0.2779,685,YNL069C
Complex_374,22,0.9098,0.2779,113,YDL082W
Complex_374,22,0.9098,0.2779,37,YBR031W
Complex_374,22,0.9098,0.2779,851,YPL198W
Complex_375,9,0.9097,0.1342,775,YOR063W
Complex_375,9,0.9097,0.1342,761,YOL127W
Complex_375,9,0.9097,0.1342,538,YLL045C
Complex_375,9,0.9097,0.1342,861,YPL249C-A
Complex_375,9,0.9097,0.1342,667,YMR242C
Complex_375,9,0.9097,0.1342,334,YGR085C
Complex_375,9,0.9097,0.1342,837,YPL093W
Complex_375,9,0.9097,0.1342,306,YGL147C
Complex_375,9,0.9097,0.1342,843,YPL131W
Complex_376,11,0.9095,0.1715,775,YOR063W
Complex_376,11,0.9095,0.1715,761,YOL127W
Complex_376,11,0.9095,0.1715,538,YLL045C
Complex_376,11,0.9095,0.1715,540,YLR029C
Complex_376,11,0.9095,0.1715,667,YMR242C
Complex_376,11,0.9095,0.1715,627,YML073C
Complex_376,11,0.9095,0.1715,211,YDR471W
Complex_376,11,0.9095,0.1715,215,YDR496C
Complex_376,11,0.9095,0.1715,282,YGL030W
Complex_376,11,0.9095,0.1715,37,YBR031W
Complex_376,11,0.9095,0.1715,857,YPL220W
Complex_377,27,0.9092,0.3082,775,YOR063W
Complex_377,27,0.9092,0.3082,761,YOL127W
Complex_377,27,0.9092,0.3082,538,YLL045C
Complex_377,27,0.9092,0.3082,609,YLR441C
Complex_377,27,0.9092,0.3082,778,YOR096W
Complex_377,27,0.9092,0.3082,667,YMR242C
Complex_377,27,0.9092,0.3082,334,YGR085C
Complex_377,27,0.9092,0.3082,211,YDR471W
Complex_377,27,0.9092,0.3082,622,YML063W
Complex_377,27,0.9092,0.3082,627,YML073C
Complex_377,27,0.9092,0.3082,274,YFR031C-A
Complex_377,27,0.9092,0.3082,295,YGL103W
Complex_377,27,0.9092,0.3082,113,YDL082W
Complex_377,27,0.9092,0.3082,685,YNL069C
Complex_377,27,0.9092,0.3082,463,YJL177W
Complex_377,27,0.9092,0.3082,610,YLR448W
Complex_377,27,0.9092,0.3082,513,YKL180W
Complex_377,27,0.9092,0.3082,658,YMR194W
Complex_377,27,0.9092,0.3082,546,YLR075W
Complex_377,27,0.9092,0.3082,434,YIL133C
Complex_377,27,0.9092,0.3082,851,YPL198W
Complex_377,27,0.9092,0.3082,705,YNL178W
Complex_377,27,0.9092,0.3082,237,YER074W
Complex_377,27,0.9092,0.3082,468,YJL190C
Complex_377,27,0.9092,0.3082,375,YHL001W
Complex_377,27,0.9092,0.3082,381,YHL033C
Complex_377,27,0.9092,0.3082,289,YGL076C
Complex_378,19,0.9091,0.1946,587,YLR340W
Complex_378,19,0.9091,0.1946,334,YGR085C
Complex_378,19,0.9091,0.1946,622,YML063W
Complex_378,19,0.9091,0.1946,836,YPL090C
Complex_378,19,0.9091,0.1946,490,YJR123W
Complex_378,19,0.9091,0.1946,667,YMR242C
Complex_378,19,0.9091,0.1946,237,YER074W
Complex_378,19,0.9091,0.1946,627,YML073C
Complex_378,19,0.9091,0.1946,761,YOL127W
Complex_378,19,0.9091,0.1946,111,YDL075W
Complex_378,19,0.9091,0.1946,610,YLR448W
Complex_378,19,0.9091,0.1946,295,YGL103W
Complex_378,19,0.9091,0.1946,685,YNL069C
Complex_378,19,0.9091,0.1946,463,YJL177W
Complex_378,19,0.9091,0.1946,113,YDL082W
Complex_378,19,0.9091,0.1946,274,YFR031C-A
Complex_378,19,0.9091,0.1946,546,YLR075W
Complex_378,19,0.9091,0.1946,83,YCR031C
Complex_378,19,0.9091,0.1946,375,YHL001W
Complex_379,9,0.9091,0.0741,775,YOR063W
Complex_379,9,0.9091,0.0741,761,YOL127W
Complex_379,9,0.9091,0.0741,538,YLL045C
Complex_379,9,0.9091,0.0741,683,YNL061W
Complex_379,9,0.9091,0.0741,670,YMR290C
Complex_379,9,0.9091,0.0741,751,YOL041C
Complex_379,9,0.9091,0.0741,851,YPL198W
Complex_379,9,0.9091,0.0741,755,YOL077C
Complex_379,9,0.9091,0.0741,829,YPL043W
Complex_380,10,0.909,0.3,775,YOR063W
Complex_380,10,0.909,0.3,536,YLL034C
Complex_380,10,0.909,0.3,388,YHR052W
Complex_380,10,0.909,0.3,796,YOR206W
Complex_380,10,0.909,0.3,670,YMR290C
Complex_380,10,0.909,0.3,837,YPL093W
Complex_380,10,0.909,0.3,755,YOL077C
Complex_380,10,0.909,0.3,667,YMR242C
Complex_380,10,0.909,0.3,215,YDR496C
Complex_380,10,0.909,0.3,611,YLR449W
Complex_381,21,0.9088,0.23,587,YLR340W
Complex_381,21,0.9088,0.23,334,YGR085C
Complex_381,21,0.9088,0.23,622,YML063W
Complex_381,21,0.9088,0.23,513,YKL180W
Complex_381,21,0.9088,0.23,658,YMR194W
Complex_381,21,0.9088,0.23,490,YJR123W
Complex_381,21,0.9088,0.23,667,YMR242C
Complex_381,21,0.9088,0.23,627,YML073C
Complex_381,21,0.9088,0.23,761,YOL127W
Complex_381,21,0.9088,0.23,274,YFR031C-A
Complex_381,21,0.9088,0.23,463,YJL177W
Complex_381,21,0.9088,0.23,610,YLR448W
Complex_381,21,0.9088,0.23,295,YGL103W
Complex_381,21,0.9088,0.23,113,YDL082W
Complex_381,21,0.9088,0.23,685,YNL069C
Complex_381,21,0.9088,0.23,434,YIL133C
Complex_381,21,0.9088,0.23,237,YER074W
Complex_381,21,0.9088,0.23,136,YDR012W
Complex_381,21,0.9088,0.23,728,YNL301C
Complex_381,21,0.9088,0.23,705,YNL178W
Complex_381,21,0.9088,0.23,609,YLR441C
Complex_382,9,0.9087,0.0755,775,YOR063W
Complex_382,9,0.9087,0.0755,761,YOL127W
Complex_382,9,0.9087,0.0755,538,YLL045C
Complex_382,9,0.9087,0.0755,540,YLR029C
Complex_382,9,0.9087,0.0755,539,YLR002C
Complex_382,9,0.9087,0.0755,751,YOL041C
Complex_382,9,0.9087,0.0755,670,YMR290C
Complex_382,9,0.9087,0.0755,289,YGL076C
Complex_382,9,0.9087,0.0755,851,YPL198W
Complex_383,6,0.9087,0.0786,775,YOR063W
Complex_383,6,0.9087,0.0786,226,YEL054C
Complex_383,6,0.9087,0.0786,113,YDL082W
Complex_383,6,0.9087,0.0786,622,YML063W
Complex_383,6,0.9087,0.0786,282,YGL030W
Complex_383,6,0.9087,0.0786,861,YPL249C-A
Complex_384,26,0.9087,0.32,775,YOR063W
Complex_384,26,0.9087,0.32,761,YOL127W
Complex_384,26,0.9087,0.32,538,YLL045C
Complex_384,26,0.9087,0.32,375,YHL001W
Complex_384,26,0.9087,0.32,778,YOR096W
Complex_384,26,0.9087,0.32,274,YFR031C-A
Complex_384,26,0.9087,0.32,667,YMR242C
Complex_384,26,0.9087,0.32,334,YGR085C
Complex_384,26,0.9087,0.32,463,YJL177W
Complex_384,26,0.9087,0.32,211,YDR471W
Complex_384,26,0.9087,0.32,610,YLR448W
Complex_384,26,0.9087,0.32,622,YML063W
Complex_384,26,0.9087,0.32,627,YML073C
Complex_384,26,0.9087,0.32,513,YKL180W
Complex_384,26,0.9087,0.32,658,YMR194W
Complex_384,26,0.9087,0.32,306,YGL147C
Complex_384,26,0.9087,0.32,295,YGL103W
Complex_384,26,0.9087,0.32,237,YER074W
Complex_384,26,0.9087,0.32,113,YDL082W
Complex_384,26,0.9087,0.32,851,YPL198W
Complex_384,26,0.9087,0.32,468,YJL190C
Complex_384,26,0.9087,0.32,705,YNL178W
Complex_384,26,0.9087,0.32,685,YNL069C
Complex_384,26,0.9087,0.32,434,YIL133C
Complex_384,26,0.9087,0.32,381,YHL033C
Complex_384,26,0.9087,0.32,289,YGL076C
Complex_385,11,0.9086,0.1098,775,YOR063W
Complex_385,11,0.9086,0.1098,761,YOL127W
Complex_385,11,0.9086,0.1098,538,YLL045C
Complex_385,11,0.9086,0.1098,540,YLR029C
Complex_385,11,0.9086,0.1098,529,YKR081C
Complex_385,11,0.9086,0.1098,670,YMR290C
Complex_385,11,0.9086,0.1098,778,YOR096W
Complex_385,11,0.9086,0.1098,334,YGR085C
Complex_385,11,0.9086,0.1098,851,YPL198W
Complex_385,11,0.9086,0.1098,289,YGL076C
Complex_385,11,0.9086,0.1098,211,YDR471W
Complex_386,27,0.9085,0.2523,775,YOR063W
Complex_386,27,0.9085,0.2523,761,YOL127W
Complex_386,27,0.9085,0.2523,538,YLL045C
Complex_386,27,0.9085,0.2523,609,YLR441C
Complex_386,27,0.9085,0.2523,778,YOR096W
Complex_386,27,0.9085,0.2523,667,YMR242C
Complex_386,27,0.9085,0.2523,334,YGR085C
Complex_386,27,0.9085,0.2523,211,YDR471W
Complex_386,27,0.9085,0.2523,622,YML063W
Complex_386,27,0.9085,0.2523,627,YML073C
Complex_386,27,0.9085,0.2523,274,YFR031C-A
Complex_386,27,0.9085,0.2523,295,YGL103W
Complex_386,27,0.9085,0.2523,113,YDL082W
Complex_386,27,0.9085,0.2523,685,YNL069C
Complex_386,27,0.9085,0.2523,463,YJL177W
Complex_386,27,0.9085,0.2523,610,YLR448W
Complex_386,27,0.9085,0.2523,513,YKL180W
Complex_386,27,0.9085,0.2523,658,YMR194W
Complex_386,27,0.9085,0.2523,546,YLR075W
Complex_386,27,0.9085,0.2523,434,YIL133C
Complex_386,27,0.9085,0.2523,490,YJR123W
Complex_386,27,0.9085,0.2523,114,YDL083C
Complex_386,27,0.9085,0.2523,83,YCR031C
Complex_386,27,0.9085,0.2523,237,YER074W
Complex_386,27,0.9085,0.2523,728,YNL301C
Complex_386,27,0.9085,0.2523,705,YNL178W
Complex_386,27,0.9085,0.2523,289,YGL076C
Complex_387,25,0.9083,0.3019,775,YOR063W
Complex_387,25,0.9083,0.3019,761,YOL127W
Complex_387,25,0.9083,0.3019,538,YLL045C
Complex_387,25,0.9083,0.3019,609,YLR441C
Complex_387,25,0.9083,0.3019,778,YOR096W
Complex_387,25,0.9083,0.3019,667,YMR242C
Complex_387,25,0.9083,0.3019,334,YGR085C
Complex_387,25,0.9083,0.3019,211,YDR471W
Complex_387,25,0.9083,0.3019,622,YML063W
Complex_387,25,0.9083,0.3019,627,YML073C
Complex_387,25,0.9083,0.3019,274,YFR031C-A
Complex_387,25,0.9083,0.3019,295,YGL103W
Complex_387,25,0.9083,0.3019,113,YDL082W
Complex_387,25,0.9083,0.3019,685,YNL069C
Complex_387,25,0.9083,0.3019,463,YJL177W
Complex_387,25,0.9083,0.3019,610,YLR448W
Complex_387,25,0.9083,0.3019,513,YKL180W
Complex_387,25,0.9083,0.3019,658,YMR194W
Complex_387,25,0.9083,0.3019,136,YDR012W
Complex_387,25,0.9083,0.3019,37,YBR031W
Complex_387,25,0.9083,0.3019,851,YPL198W
Complex_387,25,0.9083,0.3019,381,YHL033C
Complex_387,25,0.9083,0.3019,705,YNL178W
Complex_387,25,0.9083,0.3019,434,YIL133C
Complex_387,25,0.9083,0.3019,237,YER074W
Complex_388,10,0.9083,0.0925,775,YOR063W
Complex_388,10,0.9083,0.0925,51,YBR142W
Complex_388,10,0.9083,0.0925,538,YLL045C
Complex_388,10,0.9083,0.0925,670,YMR290C
Complex_388,10,0.9083,0.0925,851,YPL198W
Complex_388,10,0.9083,0.0925,334,YGR085C
Complex_388,10,0.9083,0.0925,492,YJR145C
Complex_388,10,0.9083,0.0925,540,YLR029C
Complex_388,10,0.9083,0.0925,627,YML073C
Complex_388,10,0.9083,0.0925,289,YGL076C
Complex_389,13,0.9082,0.209,775,YOR063W
Complex_389,13,0.9082,0.209,761,YOL127W
Complex_389,13,0.9082,0.209,538,YLL045C
Complex_389,13,0.9082,0.209,383,YHR010W
Complex_389,13,0.9082,0.209,113,YDL082W
Complex_389,13,0.9082,0.209,295,YGL103W
Complex_389,13,0.9082,0.209,778,YOR096W
Complex_389,13,0.9082,0.209,685,YNL069C
Complex_389,13,0.9082,0.209,274,YFR031C-A
Complex_389,13,0.9082,0.209,513,YKL180W
Complex_389,13,0.9082,0.209,202,YDR418W
Complex_389,13,0.9082,0.209,282,YGL030W
Complex_389,13,0.9082,0.209,861,YPL249C-A
Complex_390,26,0.908,0.32,775,YOR063W
Complex_390,26,0.908,0.32,761,YOL127W
Complex_390,26,0.908,0.32,538,YLL045C
Complex_390,26,0.908,0.32,861,YPL249C-A
Complex_390,26,0.908,0.32,667,YMR242C
Complex_390,26,0.908,0.32,334,YGR085C
Complex_390,26,0.908,0.32,778,YOR096W
Complex_390,26,0.908,0.32,434,YIL133C
Complex_390,26,0.908,0.32,610,YLR448W
Complex_390,26,0.908,0.32,111,YDL075W
Complex_390,26,0.908,0.32,114,YDL083C
Complex_390,26,0.908,0.32,513,YKL180W
Complex_390,26,0.908,0.32,274,YFR031C-A
Complex_390,26,0.908,0.32,295,YGL103W
Complex_390,26,0.908,0.32,685,YNL069C
Complex_390,26,0.908,0.32,237,YER074W
Complex_390,26,0.908,0.32,622,YML063W
Complex_390,26,0.908,0.32,463,YJL177W
Complex_390,26,0.908,0.32,113,YDL082W
Complex_390,26,0.908,0.32,83,YCR031C
Complex_390,26,0.908,0.32,211,YDR471W
Complex_390,26,0.908,0.32,627,YML073C
Complex_390,26,0.908,0.32,546,YLR075W
Complex_390,26,0.908,0.32,196,YDR382W
Complex_390,26,0.908,0.32,289,YGL076C
Complex_390,26,0.908,0.32,728,YNL301C
Complex_391,20,0.908,0.1849,587,YLR340W
Complex_391,20,0.908,0.1849,334,YGR085C
Complex_391,20,0.908,0.1849,622,YML063W
Complex_391,20,0.908,0.1849,836,YPL090C
Complex_391,20,0.908,0.1849,490,YJR123W
Complex_391,20,0.908,0.1849,667,YMR242C
Complex_391,20,0.908,0.1849,237,YER074W
Complex_391,20,0.908,0.1849,627,YML073C
Complex_391,20,0.908,0.1849,761,YOL127W
Complex_391,20,0.908,0.1849,705,YNL178W
Complex_391,20,0.908,0.1849,540,YLR029C
Complex_391,20,0.908,0.1849,546,YLR075W
Complex_391,20,0.908,0.1849,83,YCR031C
Complex_391,20,0.908,0.1849,610,YLR448W
Complex_391,20,0.908,0.1849,463,YJL177W
Complex_391,20,0.908,0.1849,274,YFR031C-A
Complex_391,20,0.908,0.1849,295,YGL103W
Complex_391,20,0.908,0.1849,113,YDL082W
Complex_391,20,0.908,0.1849,728,YNL301C
Complex_391,20,0.908,0.1849,685,YNL069C
Complex_392,26,0.9079,0.32,775,YOR063W
Complex_392,26,0.9079,0.32,761,YOL127W
Complex_392,26,0.9079,0.32,538,YLL045C
Complex_392,26,0.9079,0.32,540,YLR029C
Complex_392,26,0.9079,0.32,667,YMR242C
Complex_392,26,0.9079,0.32,627,YML073C
Complex_392,26,0.9079,0.32,211,YDR471W
Complex_392,26,0.9079,0.32,334,YGR085C
Complex_392,26,0.9079,0.32,778,YOR096W
Complex_392,26,0.9079,0.32,622,YML063W
Complex_392,26,0.9079,0.32,685,YNL069C
Complex_392,26,0.9079,0.32,274,YFR031C-A
Complex_392,26,0.9079,0.32,295,YGL103W
Complex_392,26,0.9079,0.32,113,YDL082W
Complex_392,26,0.9079,0.32,463,YJL177W
Complex_392,26,0.9079,0.32,610,YLR448W
Complex_392,26,0.9079,0.32,513,YKL180W
Complex_392,26,0.9079,0.32,658,YMR194W
Complex_392,26,0.9079,0.32,434,YIL133C
Complex_392,26,0.9079,0.32,237,YER074W
Complex_392,26,0.9079,0.32,851,YPL198W
Complex_392,26,0.9079,0.32,705,YNL178W
Complex_392,26,0.9079,0.32,546,YLR075W
Complex_392,26,0.9079,0.32,468,YJL190C
Complex_392,26,0.9079,0.32,381,YHL033C
Complex_392,26,0.9079,0.32,289,YGL076C
Complex_393,13,0.9077,0.0769,775,YOR063W
Complex_393,13,0.9077,0.0769,761,YOL127W
Complex_393,13,0.9077,0.0769,538,YLL045C
Complex_393,13,0.9077,0.0769,540,YLR029C
Complex_393,13,0.9077,0.0769,100,YDL031W
Complex_393,13,0.9077,0.0769,837,YPL093W
Complex_393,13,0.9077,0.0769,843,YPL131W
Complex_393,13,0.9077,0.0769,529,YKR081C
Complex_393,13,0.9077,0.0769,755,YOL077C
Complex_393,13,0.9077,0.0769,539,YLR002C
Complex_393,13,0.9077,0.0769,670,YMR290C
Complex_393,13,0.9077,0.0769,851,YPL198W
Complex_393,13,0.9077,0.0769,215,YDR496C
Complex_394,19,0.9076,0.1678,587,YLR340W
Complex_394,19,0.9076,0.1678,334,YGR085C
Complex_394,19,0.9076,0.1678,622,YML063W
Complex_394,19,0.9076,0.1678,836,YPL090C
Complex_394,19,0.9076,0.1678,490,YJR123W
Complex_394,19,0.9076,0.1678,667,YMR242C
Complex_394,19,0.9076,0.1678,237,YER074W
Complex_394,19,0.9076,0.1678,627,YML073C
Complex_394,19,0.9076,0.1678,761,YOL127W
Complex_394,19,0.9076,0.1678,705,YNL178W
Complex_394,19,0.9076,0.1678,609,YLR441C
Complex_394,19,0.9076,0.1678,136,YDR012W
Complex_394,19,0.9076,0.1678,610,YLR448W
Complex_394,19,0.9076,0.1678,685,YNL069C
Complex_394,19,0.9076,0.1678,463,YJL177W
Complex_394,19,0.9076,0.1678,274,YFR031C-A
Complex_394,19,0.9076,0.1678,728,YNL301C
Complex_394,19,0.9076,0.1678,113,YDL082W
Complex_394,19,0.9076,0.1678,295,YGL103W
Complex_395,17,0.9076,0.1876,279,YGL014W
Complex_395,17,0.9076,0.1876,274,YFR031C-A
Complex_395,17,0.9076,0.1876,658,YMR194W
Complex_395,17,0.9076,0.1876,295,YGL103W
Complex_395,17,0.9076,0.1876,463,YJL177W
Complex_395,17,0.9076,0.1876,23,YBL027W
Complex_395,17,0.9076,0.1876,610,YLR448W
Complex_395,17,0.9076,0.1876,237,YER074W
Complex_395,17,0.9076,0.1876,111,YDL075W
Complex_395,17,0.9076,0.1876,211,YDR471W
Complex_395,17,0.9076,0.1876,627,YML073C
Complex_395,17,0.9076,0.1876,761,YOL127W
Complex_395,17,0.9076,0.1876,577,YLR287C-A
Complex_395,17,0.9076,0.1876,33,YBL092W
Complex_395,17,0.9076,0.1876,59,YBR191W
Complex_395,17,0.9076,0.1876,113,YDL082W
Complex_395,17,0.9076,0.1876,691,YNL096C
Complex_396,24,0.9076,0.3467,775,YOR063W
Complex_396,24,0.9076,0.3467,761,YOL127W
Complex_396,24,0.9076,0.3467,538,YLL045C
Complex_396,24,0.9076,0.3467,609,YLR441C
Complex_396,24,0.9076,0.3467,778,YOR096W
Complex_396,24,0.9076,0.3467,667,YMR242C
Complex_396,24,0.9076,0.3467,334,YGR085C
Complex_396,24,0.9076,0.3467,211,YDR471W
Complex_396,24,0.9076,0.3467,622,YML063W
Complex_396,24,0.9076,0.3467,627,YML073C
Complex_396,24,0.9076,0.3467,274,YFR031C-A
Complex_396,24,0.9076,0.3467,295,YGL103W
Complex_396,24,0.9076,0.3467,113,YDL082W
Complex_396,24,0.9076,0.3467,685,YNL069C
Complex_396,24,0.9076,0.3467,463,YJL177W
Complex_396,24,0.9076,0.3467,610,YLR448W
Complex_396,24,0.9076,0.3467,513,YKL180W
Complex_396,24,0.9076,0.3467,658,YMR194W
Complex_396,24,0.9076,0.3467,546,YLR075W
Complex_396,24,0.9076,0.3467,857,YPL220W
Complex_396,24,0.9076,0.3467,375,YHL001W
Complex_396,24,0.9076,0.3467,851,YPL198W
Complex_396,24,0.9076,0.3467,381,YHL033C
Complex_396,24,0.9076,0.3467,289,YGL076C
Complex_397,23,0.9075,0.2371,775,YOR063W
Complex_397,23,0.9075,0.2371,761,YOL127W
Complex_397,23,0.9075,0.2371,538,YLL045C
Complex_397,23,0.9075,0.2371,609,YLR441C
Complex_397,23,0.9075,0.2371,778,YOR096W
Complex_397,23,0.9075,0.2371,667,YMR242C
Complex_397,23,0.9075,0.2371,334,YGR085C
Complex_397,23,0.9075,0.2371,211,YDR471W
Complex_397,23,0.9075,0.2371,622,YML063W
Complex_397,23,0.9075,0.2371,627,YML073C
Complex_397,23,0.9075,0.2371,274,YFR031C-A
Complex_397,23,0.9075,0.2371,295,YGL103W
Complex_397,23,0.9075,0.2371,113,YDL082W
Complex_397,23,0.9075,0.2371,685,YNL069C
Complex_397,23,0.9075,0.2371,463,YJL177W
Complex_397,23,0.9075,0.2371,610,YLR448W
Complex_397,23,0.9075,0.2371,836,YPL090C
Complex_397,23,0.9075,0.2371,705,YNL178W
Complex_397,23,0.9075,0.2371,237,YER074W
Complex_397,23,0.9075,0.2371,136,YDR012W
Complex_397,23,0.9075,0.2371,37,YBR031W
Complex_397,23,0.9075,0.2371,851,YPL198W
Complex_397,23,0.9075,0.2371,381,YHL033C
Complex_398,25,0.9075,0.2181,775,YOR063W
Complex_398,25,0.9075,0.2181,761,YOL127W
Complex_398,25,0.9075,0.2181,538,YLL045C
Complex_398,25,0.9075,0.2181,609,YLR441C
Complex_398,25,0.9075,0.2181,778,YOR096W
Complex_398,25,0.9075,0.2181,667,YMR242C
Complex_398,25,0.9075,0.2181,334,YGR085C
Complex_398,25,0.9075,0.2181,211,YDR471W
Complex_398,25,0.9075,0.2181,622,YML063W
Complex_398,25,0.9075,0.2181,627,YML073C
Complex_398,25,0.9075,0.2181,274,YFR031C-A
Complex_398,25,0.9075,0.2181,295,YGL103W
Complex_398,25,0.9075,0.2181,113,YDL082W
Complex_398,25,0.9075,0.2181,685,YNL069C
Complex_398,25,0.9075,0.2181,463,YJL177W
Complex_398,25,0.9075,0.2181,610,YLR448W
Complex_398,25,0.9075,0.2181,836,YPL090C
Complex_398,25,0.9075,0.2181,705,YNL178W
Complex_398,25,0.9075,0.2181,237,YER074W
Complex_398,25,0.9075,0.2181,546,YLR075W
Complex_398,25,0.9075,0.2181,37,YBR031W
Complex_398,25,0.9075,0.2181,490,YJR123W
Complex_398,25,0.9075,0.2181,83,YCR031C
Complex_398,25,0.9075,0.2181,23,YBL027W
Complex_398,25,0.9075,0.2181,728,YNL301C
Complex_399,22,0.9074,0.2779,775,YOR063W
Complex_399,22,0.9074,0.2779,761,YOL127W
Complex_399,22,0.9074,0.2779,538,YLL045C
Complex_399,22,0.9074,0.2779,540,YLR029C
Complex_399,22,0.9074,0.2779,667,YMR242C
Complex_399,22,0.9074,0.2779,627,YML073C
Complex_399,22,0.9074,0.2779,211,YDR471W
Complex_399,22,0.9074,0.2779,334,YGR085C
Complex_399,22,0.9074,0.2779,778,YOR096W
Complex_399,22,0.9074,0.2779,622,YML063W
Complex_399,22,0.9074,0.2779,685,YNL069C
Complex_399,22,0.9074,0.2779,274,YFR031C-A
Complex_399,22,0.9074,0.2779,295,YGL103W
Complex_399,22,0.9074,0.2779,113,YDL082W
Complex_399,22,0.9074,0.2779,463,YJL177W
Complex_399,22,0.9074,0.2779,610,YLR448W
Complex_399,22,0.9074,0.2779,836,YPL090C
Complex_399,22,0.9074,0.2779,237,YER074W
Complex_399,22,0.9074,0.2779,111,YDL075W
Complex_399,22,0.9074,0.2779,136,YDR012W
Complex_399,22,0.9074,0.2779,37,YBR031W
Complex_399,22,0.9074,0.2779,851,YPL198W
Complex_400,9,0.9073,0.1342,775,YOR063W
Complex_400,9,0.9073,0.1342,761,YOL127W
Complex_400,9,0.9073,0.1342,538,YLL045C
Complex_400,9,0.9073,0.1342,540,YLR029C
Complex_400,9,0.9073,0.1342,667,YMR242C
Complex_400,9,0.9073,0.1342,796,YOR206W
Complex_400,9,0.9073,0.1342,289,YGL076C
Complex_400,9,0.9073,0.1342,434,YIL133C
Complex_400,9,0.9073,0.1342,728,YNL301C
Complex_401,9,0.9073,0.2963,775,YOR063W
Complex_401,9,0.9073,0.2963,142,YDR060W
Complex_401,9,0.9073,0.2963,670,YMR290C
Complex_401,9,0.9073,0.2963,822,YPL012W
Complex_401,9,0.9073,0.2963,755,YOL077C
Complex_401,9,0.9073,0.2963,388,YHR052W
Complex_401,9,0.9073,0.2963,215,YDR496C
Complex_401,9,0.9073,0.2963,574,YLR276C
Complex_401,9,0.9073,0.2963,829,YPL043W
Complex_402,9,0.9072,0.1342,775,YOR063W
Complex_402,9,0.9072,0.1342,761,YOL127W
Complex_402,9,0.9072,0.1342,538,YLL045C
Complex_402,9,0.9072,0.1342,540,YLR029C
Complex_402,9,0.9072,0.1342,760,YOL120C
Complex_402,9,0.9072,0.1342,434,YIL133C
Complex_402,9,0.9072,0.1342,796,YOR206W
Complex_402,9,0.9072,0.1342,289,YGL076C
Complex_402,9,0.9072,0.1342,728,YNL301C
Complex_403,21,0.9072,0.2597,587,YLR340W
Complex_403,21,0.9072,0.2597,334,YGR085C
Complex_403,21,0.9072,0.2597,622,YML063W
Complex_403,21,0.9072,0.2597,513,YKL180W
Complex_403,21,0.9072,0.2597,861,YPL249C-A
Complex_403,21,0.9072,0.2597,274,YFR031C-A
Complex_403,21,0.9072,0.2597,667,YMR242C
Complex_403,21,0.9072,0.2597,610,YLR448W
Complex_403,21,0.9072,0.2597,295,YGL103W
Complex_403,21,0.9072,0.2597,685,YNL069C
Complex_403,21,0.9072,0.2597,463,YJL177W
Complex_403,21,0.9072,0.2597,111,YDL075W
Complex_403,21,0.9072,0.2597,113,YDL082W
Complex_403,21,0.9072,0.2597,434,YIL133C
Complex_403,21,0.9072,0.2597,83,YCR031C
Complex_403,21,0.9072,0.2597,114,YDL083C
Complex_403,21,0.9072,0.2597,627,YML073C
Complex_403,21,0.9072,0.2597,761,YOL127W
Complex_403,21,0.9072,0.2597,306,YGL147C
Complex_403,21,0.9072,0.2597,375,YHL001W
Complex_403,21,0.9072,0.2597,237,YER074W
Complex_404,26,0.9071,0.262,775,YOR063W
Complex_404,26,0.9071,0.262,761,YOL127W
Complex_404,26,0.9071,0.262,538,YLL045C
Complex_404,26,0.9071,0.262,609,YLR441C
Complex_404,26,0.9071,0.262,778,YOR096W
Complex_404,26,0.9071,0.262,667,YMR242C
Complex_404,26,0.9071,0.262,334,YGR085C
Complex_404,26,0.9071,0.262,211,YDR471W
Complex_404,26,0.9071,0.262,622,YML063W
Complex_404,26,0.9071,0.262,627,YML073C
Complex_404,26,0.9071,0.262,274,YFR031C-A
Complex_404,26,0.9071,0.262,295,YGL103W
Complex_404,26,0.9071,0.262,113,YDL082W
Complex_404,26,0.9071,0.262,29,YBL072C
Complex_404,26,0.9071,0.262,705,YNL178W
Complex_404,26,0.9071,0.262,546,YLR075W
Complex_404,26,0.9071,0.262,610,YLR448W
Complex_404,26,0.9071,0.262,463,YJL177W
Complex_404,26,0.9071,0.262,375,YHL001W
Complex_404,26,0.9071,0.262,513,YKL180W
Complex_404,26,0.9071,0.262,658,YMR194W
Complex_404,26,0.9071,0.262,468,YJL190C
Complex_404,26,0.9071,0.262,851,YPL198W
Complex_404,26,0.9071,0.262,237,YER074W
Complex_404,26,0.9071,0.262,381,YHL033C
Complex_404,26,0.9071,0.262,289,YGL076C
Complex_405,25,0.907,0.3653,775,YOR063W
Complex_405,25,0.907,0.3653,761,YOL127W
Complex_405,25,0.907,0.3653,538,YLL045C
Complex_405,25,0.907,0.3653,540,YLR029C
Complex_405,25,0.907,0.3653,667,YMR242C
Complex_405,25,0.907,0.3653,627,YML073C
Complex_405,25,0.907,0.3653,211,YDR471W
Complex_405,25,0.907,0.3653,334,YGR085C
Complex_405,25,0.907,0.3653,778,YOR096W
Complex_405,25,0.907,0.3653,622,YML063W
Complex_405,25,0.907,0.3653,685,YNL069C
Complex_405,25,0.907,0.3653,274,YFR031C-A
Complex_405,25,0.907,0.3653,295,YGL103W
Complex_405,25,0.907,0.3653,113,YDL082W
Complex_405,25,0.907,0.3653,463,YJL177W
Complex_405,25,0.907,0.3653,610,YLR448W
Complex_405,25,0.907,0.3653,513,YKL180W
Complex_405,25,0.907,0.3653,658,YMR194W
Complex_405,25,0.907,0.3653,434,YIL133C
Complex_405,25,0.907,0.3653,237,YER074W
Complex_405,25,0.907,0.3653,851,YPL198W
Complex_405,25,0.907,0.3653,111,YDL075W
Complex_405,25,0.907,0.3653,306,YGL147C
Complex_405,25,0.907,0.3653,136,YDR012W
Complex_405,25,0.907,0.3653,37,YBR031W
Complex_406,24,0.9069,0.2547,775,YOR063W
Complex_406,24,0.9069,0.2547,761,YOL127W
Complex_406,24,0.9069,0.2547,538,YLL045C
Complex_406,24,0.9069,0.2547,609,YLR441C
Complex_406,24,0.9069,0.2547,778,YOR096W
Complex_406,24,0.9069,0.2547,667,YMR242C
Complex_406,24,0.9069,0.2547,334,YGR085C
Complex_406,24,0.9069,0.2547,211,YDR471W
Complex_406,24,0.9069,0.2547,622,YML063W
Complex_406,24,0.9069,0.2547,627,YML073C
Complex_406,24,0.9069,0.2547,274,YFR031C-A
Complex_406,24,0.9069,0.2547,295,YGL103W
Complex_406,24,0.9069,0.2547,113,YDL082W
Complex_406,24,0.9069,0.2547,685,YNL069C
Complex_406,24,0.9069,0.2547,463,YJL177W
Complex_406,24,0.9069,0.2547,610,YLR448W
Complex_406,24,0.9069,0.2547,836,YPL090C
Complex_406,24,0.9069,0.2547,705,YNL178W
Complex_406,24,0.9069,0.2547,237,YER074W
Complex_406,24,0.9069,0.2547,546,YLR075W
Complex_406,24,0.9069,0.2547,37,YBR031W
Complex_406,24,0.9069,0.2547,851,YPL198W
Complex_406,24,0.9069,0.2547,381,YHL033C
Complex_406,24,0.9069,0.2547,375,YHL001W
Complex_407,27,0.9069,0.3382,775,YOR063W
Complex_407,27,0.9069,0.3382,761,YOL127W
Complex_407,27,0.9069,0.3382,538,YLL045C
Complex_407,27,0.9069,0.3382,861,YPL249C-A
Complex_407,27,0.9069,0.3382,667,YMR242C
Complex_407,27,0.9069,0.3382,334,YGR085C
Complex_407,27,0.9069,0.3382,778,YOR096W
Complex_407,27,0.9069,0.3382,434,YIL133C
Complex_407,27,0.9069,0.3382,610,YLR448W
Complex_407,27,0.9069,0.3382,111,YDL075W
Complex_407,27,0.9069,0.3382,114,YDL083C
Complex_407,27,0.9069,0.3382,513,YKL180W
Complex_407,27,0.9069,0.3382,274,YFR031C-A
Complex_407,27,0.9069,0.3382,295,YGL103W
Complex_407,27,0.9069,0.3382,685,YNL069C
Complex_407,27,0.9069,0.3382,237,YER074W
Complex_407,27,0.9069,0.3382,622,YML063W
Complex_407,27,0.9069,0.3382,463,YJL177W
Complex_407,27,0.9069,0.3382,113,YDL082W
Complex_407,27,0.9069,0.3382,83,YCR031C
Complex_407,27,0.9069,0.3382,211,YDR471W
Complex_407,27,0.9069,0.3382,627,YML073C
Complex_407,27,0.9069,0.3382,306,YGL147C
Complex_407,27,0.9069,0.3382,282,YGL030W
Complex_407,27,0.9069,0.3382,375,YHL001W
Complex_407,27,0.9069,0.3382,23,YBL027W
Complex_407,27,0.9069,0.3382,37,YBR031W
Complex_408,24,0.9066,0.2272,775,YOR063W
Complex_408,24,0.9066,0.2272,761,YOL127W
Complex_408,24,0.9066,0.2272,691,YNL096C
Complex_408,24,0.9066,0.2272,667,YMR242C
Complex_408,24,0.9066,0.2272,211,YDR471W
Complex_408,24,0.9066,0.2272,490,YJR123W
Complex_408,24,0.9066,0.2272,237,YER074W
Complex_408,24,0.9066,0.2272,627,YML073C
Complex_408,24,0.9066,0.2272,513,YKL180W
Complex_408,24,0.9066,0.2272,658,YMR194W
Complex_408,24,0.9066,0.2272,114,YDL083C
Complex_408,24,0.9066,0.2272,274,YFR031C-A
Complex_408,24,0.9066,0.2272,463,YJL177W
Complex_408,24,0.9066,0.2272,610,YLR448W
Complex_408,24,0.9066,0.2272,295,YGL103W
Complex_408,24,0.9066,0.2272,685,YNL069C
Complex_408,24,0.9066,0.2272,23,YBL027W
Complex_408,24,0.9066,0.2272,334,YGR085C
Complex_408,24,0.9066,0.2272,59,YBR191W
Complex_408,24,0.9066,0.2272,37,YBR031W
Complex_408,24,0.9066,0.2272,113,YDL082W
Complex_408,24,0.9066,0.2272,83,YCR031C
Complex_408,24,0.9066,0.2272,705,YNL178W
Complex_408,24,0.9066,0.2272,609,YLR441C
Complex_409,21,0.9063,0.2911,775,YOR063W
Complex_409,21,0.9063,0.2911,761,YOL127W
Complex_409,21,0.9063,0.2911,283,YGL031C
Complex_409,21,0.9063,0.2911,513,YKL180W
Complex_409,21,0.9063,0.2911,282,YGL030W
Complex_409,21,0.9063,0.2911,295,YGL103W
Complex_409,21,0.9063,0.2911,685,YNL069C
Complex_409,21,0.9063,0.2911,334,YGR085C
Complex_409,21,0.9063,0.2911,211,YDR471W
Complex_409,21,0.9063,0.2911,622,YML063W
Complex_409,21,0.9063,0.2911,114,YDL083C
Complex_409,21,0.9063,0.2911,627,YML073C
Complex_409,21,0.9063,0.2911,546,YLR075W
Complex_409,21,0.9063,0.2911,83,YCR031C
Complex_409,21,0.9063,0.2911,667,YMR242C
Complex_409,21,0.9063,0.2911,861,YPL249C-A
Complex_409,21,0.9063,0.2911,463,YJL177W
Complex_409,21,0.9063,0.2911,113,YDL082W
Complex_409,21,0.9063,0.2911,274,YFR031C-A
Complex_409,21,0.9063,0.2911,37,YBR031W
Complex_409,21,0.9063,0.2911,23,YBL027W
Complex_410,26,0.9063,0.2903,775,YOR063W
Complex_410,26,0.9063,0.2903,761,YOL127W
Complex_410,26,0.9063,0.2903,538,YLL045C
Complex_410,26,0.9063,0.2903,609,YLR441C
Complex_410,26,0.9063,0.2903,778,YOR096W
Complex_410,26,0.9063,0.2903,667,YMR242C
Complex_410,26,0.9063,0.2903,334,YGR085C
Complex_410,26,0.9063,0.2903,211,YDR471W
Complex_410,26,0.9063,0.2903,622,YML063W
Complex_410,26,0.9063,0.2903,627,YML073C
Complex_410,26,0.9063,0.2903,274,YFR031C-A
Complex_410,26,0.9063,0.2903,295,YGL103W
Complex_410,26,0.9063,0.2903,113,YDL082W
Complex_410,26,0.9063,0.2903,685,YNL069C
Complex_410,26,0.9063,0.2903,463,YJL177W
Complex_410,26,0.9063,0.2903,610,YLR448W
Complex_410,26,0.9063,0.2903,513,YKL180W
Complex_410,26,0.9063,0.2903,658,YMR194W
Complex_410,26,0.9063,0.2903,136,YDR012W
Complex_410,26,0.9063,0.2903,37,YBR031W
Complex_410,26,0.9063,0.2903,490,YJR123W
Complex_410,26,0.9063,0.2903,434,YIL133C
Complex_410,26,0.9063,0.2903,705,YNL178W
Complex_410,26,0.9063,0.2903,237,YER074W
Complex_410,26,0.9063,0.2903,23,YBL027W
Complex_410,26,0.9063,0.2903,728,YNL301C
Complex_411,23,0.9062,0.2658,775,YOR063W
Complex_411,23,0.9062,0.2658,761,YOL127W
Complex_411,23,0.9062,0.2658,538,YLL045C
Complex_411,23,0.9062,0.2658,652,YMR142C
Complex_411,23,0.9062,0.2658,778,YOR096W
Complex_411,23,0.9062,0.2658,274,YFR031C-A
Complex_411,23,0.9062,0.2658,667,YMR242C
Complex_411,23,0.9062,0.2658,546,YLR075W
Complex_411,23,0.9062,0.2658,295,YGL103W
Complex_411,23,0.9062,0.2658,685,YNL069C
Complex_411,23,0.9062,0.2658,334,YGR085C
Complex_411,23,0.9062,0.2658,463,YJL177W
Complex_411,23,0.9062,0.2658,211,YDR471W
Complex_411,23,0.9062,0.2658,610,YLR448W
Complex_411,23,0.9062,0.2658,237,YER074W
Complex_411,23,0.9062,0.2658,622,YML063W
Complex_411,23,0.9062,0.2658,113,YDL082W
Complex_411,23,0.9062,0.2658,627,YML073C
Complex_411,23,0.9062,0.2658,836,YPL090C
Complex_411,23,0.9062,0.2658,705,YNL178W
Complex_411,23,0.9062,0.2658,851,YPL198W
Complex_411,23,0.9062,0.2658,375,YHL001W
Complex_411,23,0.9062,0.2658,381,YHL033C
Complex_412,10,0.9061,0.0925,775,YOR063W
Complex_412,10,0.9061,0.0925,761,YOL127W
Complex_412,10,0.9061,0.0925,538,YLL045C
Complex_412,10,0.9061,0.0925,540,YLR029C
Complex_412,10,0.9061,0.0925,667,YMR242C
Complex_412,10,0.9061,0.0925,755,YOL077C
Complex_412,10,0.9061,0.0925,282,YGL030W
Complex_412,10,0.9061,0.0925,211,YDR471W
Complex_412,10,0.9061,0.0925,837,YPL093W
Complex_412,10,0.9061,0.0925,215,YDR496C
Complex_413,25,0.9059,0.2725,775,YOR063W
Complex_413,25,0.9059,0.2725,761,YOL127W
Complex_413,25,0.9059,0.2725,538,YLL045C
Complex_413,25,0.9059,0.2725,540,YLR029C
Complex_413,25,0.9059,0.2725,667,YMR242C
Complex_413,25,0.9059,0.2725,627,YML073C
Complex_413,25,0.9059,0.2725,211,YDR471W
Complex_413,25,0.9059,0.2725,334,YGR085C
Complex_413,25,0.9059,0.2725,778,YOR096W
Complex_413,25,0.9059,0.2725,622,YML063W
Complex_413,25,0.9059,0.2725,29,YBL072C
Complex_413,25,0.9059,0.2725,705,YNL178W
Complex_413,25,0.9059,0.2725,237,YER074W
Complex_413,25,0.9059,0.2725,274,YFR031C-A
Complex_413,25,0.9059,0.2725,295,YGL103W
Complex_413,25,0.9059,0.2725,113,YDL082W
Complex_413,25,0.9059,0.2725,610,YLR448W
Complex_413,25,0.9059,0.2725,463,YJL177W
Complex_413,25,0.9059,0.2725,513,YKL180W
Complex_413,25,0.9059,0.2725,658,YMR194W
Complex_413,25,0.9059,0.2725,468,YJL190C
Complex_413,25,0.9059,0.2725,546,YLR075W
Complex_413,25,0.9059,0.2725,851,YPL198W
Complex_413,25,0.9059,0.2725,381,YHL033C
Complex_413,25,0.9059,0.2725,289,YGL076C
Complex_414,23,0.9059,0.3618,775,YOR063W
Complex_414,23,0.9059,0.3618,761,YOL127W
Complex_414,23,0.9059,0.3618,538,YLL045C
Complex_414,23,0.9059,0.3618,540,YLR029C
Complex_414,23,0.9059,0.3618,667,YMR242C
Complex_414,23,0.9059,0.3618,627,YML073C
Complex_414,23,0.9059,0.3618,211,YDR471W
Complex_414,23,0.9059,0.3618,334,YGR085C
Complex_414,23,0.9059,0.3618,778,YOR096W
Complex_414,23,0.9059,0.3618,622,YML063W
Complex_414,23,0.9059,0.3618,685,YNL069C
Complex_414,23,0.9059,0.3618,274,YFR031C-A
Complex_414,23,0.9059,0.3618,295,YGL103W
Complex_414,23,0.9059,0.3618,113,YDL082W
Complex_414,23,0.9059,0.3618,463,YJL177W
Complex_414,23,0.9059,0.3618,610,YLR448W
Complex_414,23,0.9059,0.3618,513,YKL180W
Complex_414,23,0.9059,0.3618,658,YMR194W
Complex_414,23,0.9059,0.3618,857,YPL220W
Complex_414,23,0.9059,0.3618,546,YLR075W
Complex_414,23,0.9059,0.3618,851,YPL198W
Complex_414,23,0.9059,0.3618,381,YHL033C
Complex_414,23,0.9059,0.3618,289,YGL076C
Complex_415,25,0.9058,0.3328,775,YOR063W
Complex_415,25,0.9058,0.3328,761,YOL127W
Complex_415,25,0.9058,0.3328,59,YBR191W
Complex_415,25,0.9058,0.3328,513,YKL180W
Complex_415,25,0.9058,0.3328,274,YFR031C-A
Complex_415,25,0.9058,0.3328,658,YMR194W
Complex_415,25,0.9058,0.3328,667,YMR242C
Complex_415,25,0.9058,0.3328,37,YBR031W
Complex_415,25,0.9058,0.3328,295,YGL103W
Complex_415,25,0.9058,0.3328,685,YNL069C
Complex_415,25,0.9058,0.3328,463,YJL177W
Complex_415,25,0.9058,0.3328,83,YCR031C
Complex_415,25,0.9058,0.3328,211,YDR471W
Complex_415,25,0.9058,0.3328,610,YLR448W
Complex_415,25,0.9058,0.3328,490,YJR123W
Complex_415,25,0.9058,0.3328,113,YDL082W
Complex_415,25,0.9058,0.3328,114,YDL083C
Complex_415,25,0.9058,0.3328,627,YML073C
Complex_415,25,0.9058,0.3328,375,YHL001W
Complex_415,25,0.9058,0.3328,237,YER074W
Complex_415,25,0.9058,0.3328,23,YBL027W
Complex_415,25,0.9058,0.3328,334,YGR085C
Complex_415,25,0.9058,0.3328,306,YGL147C
Complex_415,25,0.9058,0.3328,282,YGL030W
Complex_415,25,0.9058,0.3328,111,YDL075W
Complex_416,9,0.9057,0.1027,775,YOR063W
Complex_416,9,0.9057,0.1027,761,YOL127W
Complex_416,9,0.9057,0.1027,538,YLL045C
Complex_416,9,0.9057,0.1027,540,YLR029C
Complex_416,9,0.9057,0.1027,760,YOL120C
Complex_416,9,0.9057,0.1027,434,YIL133C
Complex_416,9,0.9057,0.1027,796,YOR206W
Complex_416,9,0.9057,0.1027,289,YGL076C
Complex_416,9,0.9057,0.1027,670,YMR290C
Complex_417,9,0.9056,0.1667,775,YOR063W
Complex_417,9,0.9056,0.1667,142,YDR060W
Complex_417,9,0.9056,0.1667,670,YMR290C
Complex_417,9,0.9056,0.1667,796,YOR206W
Complex_417,9,0.9056,0.1667,289,YGL076C
Complex_417,9,0.9056,0.1667,538,YLL045C
Complex_417,9,0.9056,0.1667,434,YIL133C
Complex_417,9,0.9056,0.1667,540,YLR029C
Complex_417,9,0.9056,0.1667,215,YDR496C
Complex_418,11,0.9056,0.1098,775,YOR063W
Complex_418,11,0.9056,0.1098,761,YOL127W
Complex_418,11,0.9056,0.1098,538,YLL045C
Complex_418,11,0.9056,0.1098,683,YNL061W
Complex_418,11,0.9056,0.1098,670,YMR290C
Complex_418,11,0.9056,0.1098,136,YDR012W
Complex_418,11,0.9056,0.1098,851,YPL198W
Complex_418,11,0.9056,0.1098,627,YML073C
Complex_418,11,0.9056,0.1098,211,YDR471W
Complex_418,11,0.9056,0.1098,857,YPL220W
Complex_418,11,0.9056,0.1098,215,YDR496C
Complex_419,25,0.9053,0.2725,775,YOR063W
Complex_419,25,0.9053,0.2725,761,YOL127W
Complex_419,25,0.9053,0.2725,538,YLL045C
Complex_419,25,0.9053,0.2725,375,YHL001W
Complex_419,25,0.9053,0.2725,778,YOR096W
Complex_419,25,0.9053,0.2725,274,YFR031C-A
Complex_419,25,0.9053,0.2725,667,YMR242C
Complex_419,25,0.9053,0.2725,334,YGR085C
Complex_419,25,0.9053,0.2725,463,YJL177W
Complex_419,25,0.9053,0.2725,211,YDR471W
Complex_419,25,0.9053,0.2725,610,YLR448W
Complex_419,25,0.9053,0.2725,622,YML063W
Complex_419,25,0.9053,0.2725,627,YML073C
Complex_419,25,0.9053,0.2725,513,YKL180W
Complex_419,25,0.9053,0.2725,658,YMR194W
Complex_419,25,0.9053,0.2725,306,YGL147C
Complex_419,25,0.9053,0.2725,295,YGL103W
Complex_419,25,0.9053,0.2725,237,YER074W
Complex_419,25,0.9053,0.2725,113,YDL082W
Complex_419,25,0.9053,0.2725,851,YPL198W
Complex_419,25,0.9053,0.2725,468,YJL190C
Complex_419,25,0.9053,0.2725,705,YNL178W
Complex_419,25,0.9053,0.2725,29,YBL072C
Complex_419,25,0.9053,0.2725,381,YHL033C
Complex_419,25,0.9053,0.2725,289,YGL076C
Complex_420,11,0.9053,0.1715,775,YOR063W
Complex_420,11,0.9053,0.1715,761,YOL127W
Complex_420,11,0.9053,0.1715,538,YLL045C
Complex_420,11,0.9053,0.1715,540,YLR029C
Complex_420,11,0.9053,0.1715,667,YMR242C
Complex_420,11,0.9053,0.1715,755,YOL077C
Complex_420,11,0.9053,0.1715,282,YGL030W
Complex_420,11,0.9053,0.1715,211,YDR471W
Complex_420,11,0.9053,0.1715,37,YBR031W
Complex_420,11,0.9053,0.1715,434,YIL133C
Complex_420,11,0.9053,0.1715,113,YDL082W
Complex_421,23,0.9053,0.2961,775,YOR063W
Complex_421,23,0.9053,0.2961,761,YOL127W
Complex_421,23,0.9053,0.2961,33,YBL092W
Complex_421,23,0.9053,0.2961,513,YKL180W
Complex_421,23,0.9053,0.2961,274,YFR031C-A
Complex_421,23,0.9053,0.2961,658,YMR194W
Complex_421,23,0.9053,0.2961,23,YBL027W
Complex_421,23,0.9053,0.2961,295,YGL103W
Complex_421,23,0.9053,0.2961,685,YNL069C
Complex_421,23,0.9053,0.2961,463,YJL177W
Complex_421,23,0.9053,0.2961,211,YDR471W
Complex_421,23,0.9053,0.2961,610,YLR448W
Complex_421,23,0.9053,0.2961,490,YJR123W
Complex_421,23,0.9053,0.2961,237,YER074W
Complex_421,23,0.9053,0.2961,114,YDL083C
Complex_421,23,0.9053,0.2961,627,YML073C
Complex_421,23,0.9053,0.2961,334,YGR085C
Complex_421,23,0.9053,0.2961,59,YBR191W
Complex_421,23,0.9053,0.2961,37,YBR031W
Complex_421,23,0.9053,0.2961,113,YDL082W
Complex_421,23,0.9053,0.2961,609,YLR441C
Complex_421,23,0.9053,0.2961,282,YGL030W
Complex_421,23,0.9053,0.2961,375,YHL001W
Complex_422,24,0.9052,0.2272,775,YOR063W
Complex_422,24,0.9052,0.2272,761,YOL127W
Complex_422,24,0.9052,0.2272,538,YLL045C
Complex_422,24,0.9052,0.2272,609,YLR441C
Complex_422,24,0.9052,0.2272,778,YOR096W
Complex_422,24,0.9052,0.2272,667,YMR242C
Complex_422,24,0.9052,0.2272,334,YGR085C
Complex_422,24,0.9052,0.2272,211,YDR471W
Complex_422,24,0.9052,0.2272,622,YML063W
Complex_422,24,0.9052,0.2272,627,YML073C
Complex_422,24,0.9052,0.2272,274,YFR031C-A
Complex_422,24,0.9052,0.2272,295,YGL103W
Complex_422,24,0.9052,0.2272,113,YDL082W
Complex_422,24,0.9052,0.2272,685,YNL069C
Complex_422,24,0.9052,0.2272,463,YJL177W
Complex_422,24,0.9052,0.2272,610,YLR448W
Complex_422,24,0.9052,0.2272,836,YPL090C
Complex_422,24,0.9052,0.2272,705,YNL178W
Complex_422,24,0.9052,0.2272,237,YER074W
Complex_422,24,0.9052,0.2272,136,YDR012W
Complex_422,24,0.9052,0.2272,37,YBR031W
Complex_422,24,0.9052,0.2272,490,YJR123W
Complex_422,24,0.9052,0.2272,23,YBL027W
Complex_422,24,0.9052,0.2272,728,YNL301C
Complex_423,26,0.9065,0.2903,513,YKL180W
Complex_423,26,0.9065,0.2903,775,YOR063W
Complex_423,26,0.9065,0.2903,274,YFR031C-A
Complex_423,26,0.9065,0.2903,658,YMR194W
Complex_423,26,0.9065,0.2903,23,YBL027W
Complex_423,26,0.9065,0.2903,282,YGL030W
Complex_423,26,0.9065,0.2903,667,YMR242C
Complex_423,26,0.9065,0.2903,37,YBR031W
Complex_423,26,0.9065,0.2903,295,YGL103W
Complex_423,26,0.9065,0.2903,685,YNL069C
Complex_423,26,0.9065,0.2903,59,YBR191W
Complex_423,26,0.9065,0.2903,705,YNL178W
Complex_423,26,0.9065,0.2903,334,YGR085C
Complex_423,26,0.9065,0.2903,463,YJL177W
Complex_423,26,0.9065,0.2903,83,YCR031C
Complex_423,26,0.9065,0.2903,211,YDR471W
Complex_423,26,0.9065,0.2903,609,YLR441C
Complex_423,26,0.9065,0.2903,610,YLR448W
Complex_423,26,0.9065,0.2903,490,YJR123W
Complex_423,26,0.9065,0.2903,237,YER074W
Complex_423,26,0.9065,0.2903,113,YDL082W
Complex_423,26,0.9065,0.2903,114,YDL083C
Complex_423,26,0.9065,0.2903,627,YML073C
Complex_423,26,0.9065,0.2903,375,YHL001W
Complex_423,26,0.9065,0.2903,761,YOL127W
Complex_423,26,0.9065,0.2903,381,YHL033C
Complex_424,23,0.9052,0.2658,775,YOR063W
Complex_424,23,0.9052,0.2658,761,YOL127W
Complex_424,23,0.9052,0.2658,538,YLL045C
Complex_424,23,0.9052,0.2658,540,YLR029C
Complex_424,23,0.9052,0.2658,667,YMR242C
Complex_424,23,0.9052,0.2658,627,YML073C
Complex_424,23,0.9052,0.2658,211,YDR471W
Complex_424,23,0.9052,0.2658,334,YGR085C
Complex_424,23,0.9052,0.2658,778,YOR096W
Complex_424,23,0.9052,0.2658,622,YML063W
Complex_424,23,0.9052,0.2658,685,YNL069C
Complex_424,23,0.9052,0.2658,274,YFR031C-A
Complex_424,23,0.9052,0.2658,295,YGL103W
Complex_424,23,0.9052,0.2658,113,YDL082W
Complex_424,23,0.9052,0.2658,463,YJL177W
Complex_424,23,0.9052,0.2658,610,YLR448W
Complex_424,23,0.9052,0.2658,836,YPL090C
Complex_424,23,0.9052,0.2658,237,YER074W
Complex_424,23,0.9052,0.2658,705,YNL178W
Complex_424,23,0.9052,0.2658,546,YLR075W
Complex_424,23,0.9052,0.2658,37,YBR031W
Complex_424,23,0.9052,0.2658,851,YPL198W
Complex_424,23,0.9052,0.2658,381,YHL033C
Complex_425,25,0.9052,0.3328,775,YOR063W
Complex_425,25,0.9052,0.3328,761,YOL127W
Complex_425,25,0.9052,0.3328,538,YLL045C
Complex_425,25,0.9052,0.3328,375,YHL001W
Complex_425,25,0.9052,0.3328,778,YOR096W
Complex_425,25,0.9052,0.3328,274,YFR031C-A
Complex_425,25,0.9052,0.3328,667,YMR242C
Complex_425,25,0.9052,0.3328,334,YGR085C
Complex_425,25,0.9052,0.3328,463,YJL177W
Complex_425,25,0.9052,0.3328,211,YDR471W
Complex_425,25,0.9052,0.3328,610,YLR448W
Complex_425,25,0.9052,0.3328,622,YML063W
Complex_425,25,0.9052,0.3328,627,YML073C
Complex_425,25,0.9052,0.3328,513,YKL180W
Complex_425,25,0.9052,0.3328,658,YMR194W
Complex_425,25,0.9052,0.3328,306,YGL147C
Complex_425,25,0.9052,0.3328,295,YGL103W
Complex_425,25,0.9052,0.3328,237,YER074W
Complex_425,25,0.9052,0.3328,113,YDL082W
Complex_425,25,0.9052,0.3328,851,YPL198W
Complex_425,25,0.9052,0.3328,468,YJL190C
Complex_425,25,0.9052,0.3328,111,YDL075W
Complex_425,25,0.9052,0.3328,685,YNL069C
Complex_425,25,0.9052,0.3328,434,YIL133C
Complex_425,25,0.9052,0.3328,37,YBR031W
Complex_426,24,0.905,0.2547,775,YOR063W
Complex_426,24,0.905,0.2547,761,YOL127W
Complex_426,24,0.905,0.2547,538,YLL045C
Complex_426,24,0.905,0.2547,375,YHL001W
Complex_426,24,0.905,0.2547,778,YOR096W
Complex_426,24,0.905,0.2547,274,YFR031C-A
Complex_426,24,0.905,0.2547,667,YMR242C
Complex_426,24,0.905,0.2547,334,YGR085C
Complex_426,24,0.905,0.2547,463,YJL177W
Complex_426,24,0.905,0.2547,211,YDR471W
Complex_426,24,0.905,0.2547,610,YLR448W
Complex_426,24,0.905,0.2547,622,YML063W
Complex_426,24,0.905,0.2547,627,YML073C
Complex_426,24,0.905,0.2547,836,YPL090C
Complex_426,24,0.905,0.2547,546,YLR075W
Complex_426,24,0.905,0.2547,111,YDL075W
Complex_426,24,0.905,0.2547,295,YGL103W
Complex_426,24,0.905,0.2547,237,YER074W
Complex_426,24,0.905,0.2547,685,YNL069C
Complex_426,24,0.905,0.2547,113,YDL082W
Complex_426,24,0.905,0.2547,37,YBR031W
Complex_426,24,0.905,0.2547,83,YCR031C
Complex_426,24,0.905,0.2547,490,YJR123W
Complex_426,24,0.905,0.2547,23,YBL027W
Complex_427,9,0.9049,0.0635,775,YOR063W
Complex_427,9,0.9049,0.0635,808,YOR272W
Complex_427,9,0.9049,0.0635,670,YMR290C
Complex_427,9,0.9049,0.0635,683,YNL061W
Complex_427,9,0.9049,0.0635,851,YPL198W
Complex_427,9,0.9049,0.0635,538,YLL045C
Complex_427,9,0.9049,0.0635,843,YPL131W
Complex_427,9,0.9049,0.0635,51,YBR142W
Complex_427,9,0.9049,0.0635,751,YOL041C
Complex_428,19,0.9048,0.1946,775,YOR063W
Complex_428,19,0.9048,0.1946,761,YOL127W
Complex_428,19,0.9048,0.1946,552,YLR150W
Complex_428,19,0.9048,0.1946,334,YGR085C
Complex_428,19,0.9048,0.1946,211,YDR471W
Complex_428,19,0.9048,0.1946,627,YML073C
Complex_428,19,0.9048,0.1946,546,YLR075W
Complex_428,19,0.9048,0.1946,610,YLR448W
Complex_428,19,0.9048,0.1946,778,YOR096W
Complex_428,19,0.9048,0.1946,622,YML063W
Complex_428,19,0.9048,0.1946,685,YNL069C
Complex_428,19,0.9048,0.1946,463,YJL177W
Complex_428,19,0.9048,0.1946,274,YFR031C-A
Complex_428,19,0.9048,0.1946,667,YMR242C
Complex_428,19,0.9048,0.1946,237,YER074W
Complex_428,19,0.9048,0.1946,83,YCR031C
Complex_428,19,0.9048,0.1946,282,YGL030W
Complex_428,19,0.9048,0.1946,861,YPL249C-A
Complex_428,19,0.9048,0.1946,23,YBL027W
Complex_429,7,0.9048,0.2143,662,YMR229C
Complex_429,7,0.9048,0.2143,670,YMR290C
Complex_429,7,0.9048,0.2143,388,YHR052W
Complex_429,7,0.9048,0.2143,142,YDR060W
Complex_429,7,0.9048,0.2143,822,YPL012W
Complex_429,7,0.9048,0.2143,755,YOL077C
Complex_429,7,0.9048,0.2143,215,YDR496C
Complex_430,26,0.9048,0.3512,775,YOR063W
Complex_430,26,0.9048,0.3512,761,YOL127W
Complex_430,26,0.9048,0.3512,538,YLL045C
Complex_430,26,0.9048,0.3512,540,YLR029C
Complex_430,26,0.9048,0.3512,667,YMR242C
Complex_430,26,0.9048,0.3512,627,YML073C
Complex_430,26,0.9048,0.3512,211,YDR471W
Complex_430,26,0.9048,0.3512,334,YGR085C
Complex_430,26,0.9048,0.3512,778,YOR096W
Complex_430,26,0.9048,0.3512,622,YML063W
Complex_430,26,0.9048,0.3512,685,YNL069C
Complex_430,26,0.9048,0.3512,274,YFR031C-A
Complex_430,26,0.9048,0.3512,295,YGL103W
Complex_430,26,0.9048,0.3512,113,YDL082W
Complex_430,26,0.9048,0.3512,463,YJL177W
Complex_430,26,0.9048,0.3512,610,YLR448W
Complex_430,26,0.9048,0.3512,513,YKL180W
Complex_430,26,0.9048,0.3512,658,YMR194W
Complex_430,26,0.9048,0.3512,434,YIL133C
Complex_430,26,0.9048,0.3512,237,YER074W
Complex_430,26,0.9048,0.3512,851,YPL198W
Complex_430,26,0.9048,0.3512,705,YNL178W
Complex_430,26,0.9048,0.3512,306,YGL147C
Complex_430,26,0.9048,0.3512,136,YDR012W
Complex_430,26,0.9048,0.3512,381,YHL033C
Complex_430,26,0.9048,0.3512,37,YBR031W
Complex_431,25,0.9046,0.3019,775,YOR063W
Complex_431,25,0.9046,0.3019,761,YOL127W
Complex_431,25,0.9046,0.3019,59,YBR191W
Complex_431,25,0.9046,0.3019,513,YKL180W
Complex_431,25,0.9046,0.3019,274,YFR031C-A
Complex_431,25,0.9046,0.3019,658,YMR194W
Complex_431,25,0.9046,0.3019,667,YMR242C
Complex_431,25,0.9046,0.3019,37,YBR031W
Complex_431,25,0.9046,0.3019,295,YGL103W
Complex_431,25,0.9046,0.3019,685,YNL069C
Complex_431,25,0.9046,0.3019,463,YJL177W
Complex_431,25,0.9046,0.3019,83,YCR031C
Complex_431,25,0.9046,0.3019,211,YDR471W
Complex_431,25,0.9046,0.3019,610,YLR448W
Complex_431,25,0.9046,0.3019,490,YJR123W
Complex_431,25,0.9046,0.3019,113,YDL082W
Complex_431,25,0.9046,0.3019,114,YDL083C
Complex_431,25,0.9046,0.3019,627,YML073C
Complex_431,25,0.9046,0.3019,375,YHL001W
Complex_431,25,0.9046,0.3019,237,YER074W
Complex_431,25,0.9046,0.3019,23,YBL027W
Complex_431,25,0.9046,0.3019,334,YGR085C
Complex_431,25,0.9046,0.3019,609,YLR441C
Complex_431,25,0.9046,0.3019,381,YHL033C
Complex_431,25,0.9046,0.3019,282,YGL030W
Complex_432,25,0.9046,0.3328,775,YOR063W
Complex_432,25,0.9046,0.3328,761,YOL127W
Complex_432,25,0.9046,0.3328,538,YLL045C
Complex_432,25,0.9046,0.3328,540,YLR029C
Complex_432,25,0.9046,0.3328,667,YMR242C
Complex_432,25,0.9046,0.3328,627,YML073C
Complex_432,25,0.9046,0.3328,211,YDR471W
Complex_432,25,0.9046,0.3328,334,YGR085C
Complex_432,25,0.9046,0.3328,778,YOR096W
Complex_432,25,0.9046,0.3328,622,YML063W
Complex_432,25,0.9046,0.3328,685,YNL069C
Complex_432,25,0.9046,0.3328,274,YFR031C-A
Complex_432,25,0.9046,0.3328,295,YGL103W
Complex_432,25,0.9046,0.3328,113,YDL082W
Complex_432,25,0.9046,0.3328,463,YJL177W
Complex_432,25,0.9046,0.3328,610,YLR448W
Complex_432,25,0.9046,0.3328,513,YKL180W
Complex_432,25,0.9046,0.3328,658,YMR194W
Complex_432,25,0.9046,0.3328,434,YIL133C
Complex_432,25,0.9046,0.3328,237,YER074W
Complex_432,25,0.9046,0.3328,851,YPL198W
Complex_432,25,0.9046,0.3328,111,YDL075W
Complex_432,25,0.9046,0.3328,546,YLR075W
Complex_432,25,0.9046,0.3328,468,YJL190C
Complex_432,25,0.9046,0.3328,37,YBR031W
Complex_433,24,0.9044,0.2272,775,YOR063W
Complex_433,24,0.9044,0.2272,761,YOL127W
Complex_433,24,0.9044,0.2272,538,YLL045C
Complex_433,24,0.9044,0.2272,652,YMR142C
Complex_433,24,0.9044,0.2272,778,YOR096W
Complex_433,24,0.9044,0.2272,274,YFR031C-A
Complex_433,24,0.9044,0.2272,667,YMR242C
Complex_433,24,0.9044,0.2272,546,YLR075W
Complex_433,24,0.9044,0.2272,295,YGL103W
Complex_433,24,0.9044,0.2272,685,YNL069C
Complex_433,24,0.9044,0.2272,334,YGR085C
Complex_433,24,0.9044,0.2272,463,YJL177W
Complex_433,24,0.9044,0.2272,211,YDR471W
Complex_433,24,0.9044,0.2272,610,YLR448W
Complex_433,24,0.9044,0.2272,237,YER074W
Complex_433,24,0.9044,0.2272,622,YML063W
Complex_433,24,0.9044,0.2272,113,YDL082W
Complex_433,24,0.9044,0.2272,627,YML073C
Complex_433,24,0.9044,0.2272,836,YPL090C
Complex_433,24,0.9044,0.2272,705,YNL178W
Complex_433,24,0.9044,0.2272,490,YJR123W
Complex_433,24,0.9044,0.2272,83,YCR031C
Complex_433,24,0.9044,0.2272,381,YHL033C
Complex_433,24,0.9044,0.2272,375,YHL001W
Complex_434,23,0.9042,0.21,587,YLR340W
Complex_434,23,0.9042,0.21,334,YGR085C
Complex_434,23,0.9042,0.21,622,YML063W
Complex_434,23,0.9042,0.21,513,YKL180W
Complex_434,23,0.9042,0.21,658,YMR194W
Complex_434,23,0.9042,0.21,490,YJR123W
Complex_434,23,0.9042,0.21,667,YMR242C
Complex_434,23,0.9042,0.21,627,YML073C
Complex_434,23,0.9042,0.21,761,YOL127W
Complex_434,23,0.9042,0.21,274,YFR031C-A
Complex_434,23,0.9042,0.21,463,YJL177W
Complex_434,23,0.9042,0.21,610,YLR448W
Complex_434,23,0.9042,0.21,295,YGL103W
Complex_434,23,0.9042,0.21,113,YDL082W
Complex_434,23,0.9042,0.21,685,YNL069C
Complex_434,23,0.9042,0.21,434,YIL133C
Complex_434,23,0.9042,0.21,237,YER074W
Complex_434,23,0.9042,0.21,83,YCR031C
Complex_434,23,0.9042,0.21,114,YDL083C
Complex_434,23,0.9042,0.21,546,YLR075W
Complex_434,23,0.9042,0.21,705,YNL178W
Complex_434,23,0.9042,0.21,609,YLR441C
Complex_434,23,0.9042,0.21,728,YNL301C
Complex_435,12,0.9041,0.1903,775,YOR063W
Complex_435,12,0.9041,0.1903,761,YOL127W
Complex_435,12,0.9041,0.1903,538,YLL045C
Complex_435,12,0.9041,0.1903,383,YHR010W
Complex_435,12,0.9041,0.1903,113,YDL082W
Complex_435,12,0.9041,0.1903,295,YGL103W
Complex_435,12,0.9041,0.1903,778,YOR096W
Complex_435,12,0.9041,0.1903,685,YNL069C
Complex_435,12,0.9041,0.1903,274,YFR031C-A
Complex_435,12,0.9041,0.1903,513,YKL180W
Complex_435,12,0.9041,0.1903,851,YPL198W
Complex_435,12,0.9041,0.1903,658,YMR194W
Complex_436,24,0.9039,0.3467,775,YOR063W
Complex_436,24,0.9039,0.3467,761,YOL127W
Complex_436,24,0.9039,0.3467,538,YLL045C
Complex_436,24,0.9039,0.3467,540,YLR029C
Complex_436,24,0.9039,0.3467,667,YMR242C
Complex_436,24,0.9039,0.3467,627,YML073C
Complex_436,24,0.9039,0.3467,211,YDR471W
Complex_436,24,0.9039,0.3467,334,YGR085C
Complex_436,24,0.9039,0.3467,778,YOR096W
Complex_436,24,0.9039,0.3467,622,YML063W
Complex_436,24,0.9039,0.3467,685,YNL069C
Complex_436,24,0.9039,0.3467,274,YFR031C-A
Complex_436,24,0.9039,0.3467,295,YGL103W
Complex_436,24,0.9039,0.3467,113,YDL082W
Complex_436,24,0.9039,0.3467,463,YJL177W
Complex_436,24,0.9039,0.3467,610,YLR448W
Complex_436,24,0.9039,0.3467,513,YKL180W
Complex_436,24,0.9039,0.3467,658,YMR194W
Complex_436,24,0.9039,0.3467,857,YPL220W
Complex_436,24,0.9039,0.3467,546,YLR075W
Complex_436,24,0.9039,0.3467,490,YJR123W
Complex_436,24,0.9039,0.3467,282,YGL030W
Complex_436,24,0.9039,0.3467,381,YHL033C
Complex_436,24,0.9039,0.3467,289,YGL076C
Complex_437,23,0.9039,0.3618,775,YOR063W
Complex_437,23,0.9039,0.3618,761,YOL127W
Complex_437,23,0.9039,0.3618,538,YLL045C
Complex_437,23,0.9039,0.3618,540,YLR029C
Complex_437,23,0.9039,0.3618,667,YMR242C
Complex_437,23,0.9039,0.3618,627,YML073C
Complex_437,23,0.9039,0.3618,211,YDR471W
Complex_437,23,0.9039,0.3618,334,YGR085C
Complex_437,23,0.9039,0.3618,778,YOR096W
Complex_437,23,0.9039,0.3618,622,YML063W
Complex_437,23,0.9039,0.3618,685,YNL069C
Complex_437,23,0.9039,0.3618,274,YFR031C-A
Complex_437,23,0.9039,0.3618,295,YGL103W
Complex_437,23,0.9039,0.3618,113,YDL082W
Complex_437,23,0.9039,0.3618,463,YJL177W
Complex_437,23,0.9039,0.3618,610,YLR448W
Complex_437,23,0.9039,0.3618,513,YKL180W
Complex_437,23,0.9039,0.3618,658,YMR194W
Complex_437,23,0.9039,0.3618,857,YPL220W
Complex_437,23,0.9039,0.3618,546,YLR075W
Complex_437,23,0.9039,0.3618,851,YPL198W
Complex_437,23,0.9039,0.3618,111,YDL075W
Complex_437,23,0.9039,0.3618,37,YBR031W
Complex_438,22,0.9048,0.2779,513,YKL180W
Complex_438,22,0.9048,0.2779,136,YDR012W
Complex_438,22,0.9048,0.2779,658,YMR194W
Complex_438,22,0.9048,0.2779,274,YFR031C-A
Complex_438,22,0.9048,0.2779,667,YMR242C
Complex_438,22,0.9048,0.2779,540,YLR029C
Complex_438,22,0.9048,0.2779,295,YGL103W
Complex_438,22,0.9048,0.2779,685,YNL069C
Complex_438,22,0.9048,0.2779,434,YIL133C
Complex_438,22,0.9048,0.2779,306,YGL147C
Complex_438,22,0.9048,0.2779,705,YNL178W
Complex_438,22,0.9048,0.2779,587,YLR340W
Complex_438,22,0.9048,0.2779,334,YGR085C
Complex_438,22,0.9048,0.2779,463,YJL177W
Complex_438,22,0.9048,0.2779,610,YLR448W
Complex_438,22,0.9048,0.2779,490,YJR123W
Complex_438,22,0.9048,0.2779,237,YER074W
Complex_438,22,0.9048,0.2779,622,YML063W
Complex_438,22,0.9048,0.2779,111,YDL075W
Complex_438,22,0.9048,0.2779,113,YDL082W
Complex_438,22,0.9048,0.2779,627,YML073C
Complex_438,22,0.9048,0.2779,761,YOL127W
Complex_439,7,0.9036,0.0952,775,YOR063W
Complex_439,7,0.9036,0.0952,822,YPL012W
Complex_439,7,0.9036,0.0952,538,YLL045C
Complex_439,7,0.9036,0.0952,670,YMR290C
Complex_439,7,0.9036,0.0952,37,YBR031W
Complex_439,7,0.9036,0.0952,755,YOL077C
Complex_439,7,0.9036,0.0952,215,YDR496C
Complex_440,21,0.9035,0.2911,587,YLR340W
Complex_440,21,0.9035,0.2911,334,YGR085C
Complex_440,21,0.9035,0.2911,622,YML063W
Complex_440,21,0.9035,0.2911,513,YKL180W
Complex_440,21,0.9035,0.2911,658,YMR194W
Complex_440,21,0.9035,0.2911,490,YJR123W
Complex_440,21,0.9035,0.2911,667,YMR242C
Complex_440,21,0.9035,0.2911,627,YML073C
Complex_440,21,0.9035,0.2911,761,YOL127W
Complex_440,21,0.9035,0.2911,274,YFR031C-A
Complex_440,21,0.9035,0.2911,463,YJL177W
Complex_440,21,0.9035,0.2911,610,YLR448W
Complex_440,21,0.9035,0.2911,295,YGL103W
Complex_440,21,0.9035,0.2911,113,YDL082W
Complex_440,21,0.9035,0.2911,685,YNL069C
Complex_440,21,0.9035,0.2911,434,YIL133C
Complex_440,21,0.9035,0.2911,237,YER074W
Complex_440,21,0.9035,0.2911,136,YDR012W
Complex_440,21,0.9035,0.2911,306,YGL147C
Complex_440,21,0.9035,0.2911,540,YLR029C
Complex_440,21,0.9035,0.2911,111,YDL075W
Complex_441,28,0.9032,0.2972,775,YOR063W
Complex_441,28,0.9032,0.2972,761,YOL127W
Complex_441,28,0.9032,0.2972,538,YLL045C
Complex_441,28,0.9032,0.2972,375,YHL001W
Complex_441,28,0.9032,0.2972,778,YOR096W
Complex_441,28,0.9032,0.2972,274,YFR031C-A
Complex_441,28,0.9032,0.2972,667,YMR242C
Complex_441,28,0.9032,0.2972,334,YGR085C
Complex_441,28,0.9032,0.2972,463,YJL177W
Complex_441,28,0.9032,0.2972,211,YDR471W
Complex_441,28,0.9032,0.2972,610,YLR448W
Complex_441,28,0.9032,0.2972,622,YML063W
Complex_441,28,0.9032,0.2972,627,YML073C
Complex_441,28,0.9032,0.2972,513,YKL180W
Complex_441,28,0.9032,0.2972,658,YMR194W
Complex_441,28,0.9032,0.2972,306,YGL147C
Complex_441,28,0.9032,0.2972,295,YGL103W
Complex_441,28,0.9032,0.2972,237,YER074W
Complex_441,28,0.9032,0.2972,113,YDL082W
Complex_441,28,0.9032,0.2972,490,YJR123W
Complex_441,28,0.9032,0.2972,83,YCR031C
Complex_441,28,0.9032,0.2972,114,YDL083C
Complex_441,28,0.9032,0.2972,685,YNL069C
Complex_441,28,0.9032,0.2972,434,YIL133C
Complex_441,28,0.9032,0.2972,468,YJL190C
Complex_441,28,0.9032,0.2972,282,YGL030W
Complex_441,28,0.9032,0.2972,111,YDL075W
Complex_441,28,0.9032,0.2972,289,YGL076C
Complex_442,25,0.9045,0.2445,513,YKL180W
Complex_442,25,0.9045,0.2445,775,YOR063W
Complex_442,25,0.9045,0.2445,274,YFR031C-A
Complex_442,25,0.9045,0.2445,658,YMR194W
Complex_442,25,0.9045,0.2445,23,YBL027W
Complex_442,25,0.9045,0.2445,282,YGL030W
Complex_442,25,0.9045,0.2445,667,YMR242C
Complex_442,25,0.9045,0.2445,37,YBR031W
Complex_442,25,0.9045,0.2445,295,YGL103W
Complex_442,25,0.9045,0.2445,685,YNL069C
Complex_442,25,0.9045,0.2445,59,YBR191W
Complex_442,25,0.9045,0.2445,577,YLR287C-A
Complex_442,25,0.9045,0.2445,705,YNL178W
Complex_442,25,0.9045,0.2445,463,YJL177W
Complex_442,25,0.9045,0.2445,83,YCR031C
Complex_442,25,0.9045,0.2445,211,YDR471W
Complex_442,25,0.9045,0.2445,609,YLR441C
Complex_442,25,0.9045,0.2445,610,YLR448W
Complex_442,25,0.9045,0.2445,490,YJR123W
Complex_442,25,0.9045,0.2445,237,YER074W
Complex_442,25,0.9045,0.2445,113,YDL082W
Complex_442,25,0.9045,0.2445,114,YDL083C
Complex_442,25,0.9045,0.2445,627,YML073C
Complex_442,25,0.9045,0.2445,375,YHL001W
Complex_442,25,0.9045,0.2445,761,YOL127W
Complex_443,26,0.903,0.2351,775,YOR063W
Complex_443,26,0.903,0.2351,761,YOL127W
Complex_443,26,0.903,0.2351,538,YLL045C
Complex_443,26,0.903,0.2351,609,YLR441C
Complex_443,26,0.903,0.2351,778,YOR096W
Complex_443,26,0.903,0.2351,667,YMR242C
Complex_443,26,0.903,0.2351,334,YGR085C
Complex_443,26,0.903,0.2351,211,YDR471W
Complex_443,26,0.903,0.2351,622,YML063W
Complex_443,26,0.903,0.2351,627,YML073C
Complex_443,26,0.903,0.2351,274,YFR031C-A
Complex_443,26,0.903,0.2351,295,YGL103W
Complex_443,26,0.903,0.2351,113,YDL082W
Complex_443,26,0.903,0.2351,685,YNL069C
Complex_443,26,0.903,0.2351,463,YJL177W
Complex_443,26,0.903,0.2351,610,YLR448W
Complex_443,26,0.903,0.2351,836,YPL090C
Complex_443,26,0.903,0.2351,705,YNL178W
Complex_443,26,0.903,0.2351,237,YER074W
Complex_443,26,0.903,0.2351,546,YLR075W
Complex_443,26,0.903,0.2351,37,YBR031W
Complex_443,26,0.903,0.2351,490,YJR123W
Complex_443,26,0.903,0.2351,83,YCR031C
Complex_443,26,0.903,0.2351,23,YBL027W
Complex_443,26,0.903,0.2351,381,YHL033C
Complex_443,26,0.903,0.2351,375,YHL001W
Complex_444,9,0.903,0.1667,775,YOR063W
Complex_444,9,0.903,0.1667,142,YDR060W
Complex_444,9,0.903,0.1667,670,YMR290C
Complex_444,9,0.903,0.1667,822,YPL012W
Complex_444,9,0.903,0.1667,755,YOL077C
Complex_444,9,0.903,0.1667,388,YHR052W
Complex_444,9,0.903,0.1667,215,YDR496C
Complex_444,9,0.903,0.1667,538,YLL045C
Complex_444,9,0.903,0.1667,843,YPL131W
Complex_445,3,0.9029,0.0476,882,YPR102C
Complex_445,3,0.9029,0.0476,837,YPL093W
Complex_445,3,0.9029,0.0476,843,YPL131W
Complex_446,22,0.9029,0.2779,587,YLR340W
Complex_446,22,0.9029,0.2779,334,YGR085C
Complex_446,22,0.9029,0.2779,622,YML063W
Complex_446,22,0.9029,0.2779,513,YKL180W
Complex_446,22,0.9029,0.2779,861,YPL249C-A
Complex_446,22,0.9029,0.2779,274,YFR031C-A
Complex_446,22,0.9029,0.2779,667,YMR242C
Complex_446,22,0.9029,0.2779,610,YLR448W
Complex_446,22,0.9029,0.2779,295,YGL103W
Complex_446,22,0.9029,0.2779,685,YNL069C
Complex_446,22,0.9029,0.2779,463,YJL177W
Complex_446,22,0.9029,0.2779,111,YDL075W
Complex_446,22,0.9029,0.2779,113,YDL082W
Complex_446,22,0.9029,0.2779,434,YIL133C
Complex_446,22,0.9029,0.2779,83,YCR031C
Complex_446,22,0.9029,0.2779,114,YDL083C
Complex_446,22,0.9029,0.2779,627,YML073C
Complex_446,22,0.9029,0.2779,761,YOL127W
Complex_446,22,0.9029,0.2779,546,YLR075W
Complex_446,22,0.9029,0.2779,196,YDR382W
Complex_446,22,0.9029,0.2779,237,YER074W
Complex_446,22,0.9029,0.2779,375,YHL001W
Complex_447,29,0.9042,0.3149,513,YKL180W
Complex_447,29,0.9042,0.3149,775,YOR063W
Complex_447,29,0.9042,0.3149,778,YOR096W
Complex_447,29,0.9042,0.3149,652,YMR142C
Complex_447,29,0.9042,0.3149,274,YFR031C-A
Complex_447,29,0.9042,0.3149,658,YMR194W
Complex_447,29,0.9042,0.3149,538,YLL045C
Complex_447,29,0.9042,0.3149,667,YMR242C
Complex_447,29,0.9042,0.3149,282,YGL030W
Complex_447,29,0.9042,0.3149,289,YGL076C
Complex_447,29,0.9042,0.3149,546,YLR075W
Complex_447,29,0.9042,0.3149,295,YGL103W
Complex_447,29,0.9042,0.3149,685,YNL069C
Complex_447,29,0.9042,0.3149,434,YIL133C
Complex_447,29,0.9042,0.3149,705,YNL178W
Complex_447,29,0.9042,0.3149,334,YGR085C
Complex_447,29,0.9042,0.3149,463,YJL177W
Complex_447,29,0.9042,0.3149,211,YDR471W
Complex_447,29,0.9042,0.3149,83,YCR031C
Complex_447,29,0.9042,0.3149,610,YLR448W
Complex_447,29,0.9042,0.3149,490,YJR123W
Complex_447,29,0.9042,0.3149,237,YER074W
Complex_447,29,0.9042,0.3149,622,YML063W
Complex_447,29,0.9042,0.3149,113,YDL082W
Complex_447,29,0.9042,0.3149,114,YDL083C
Complex_447,29,0.9042,0.3149,627,YML073C
Complex_447,29,0.9042,0.3149,375,YHL001W
Complex_447,29,0.9042,0.3149,761,YOL127W
Complex_447,29,0.9042,0.3149,381,YHL033C
Complex_448,25,0.9028,0.2181,775,YOR063W
Complex_448,25,0.9028,0.2181,761,YOL127W
Complex_448,25,0.9028,0.2181,577,YLR287C-A
Complex_448,25,0.9028,0.2181,513,YKL180W
Complex_448,25,0.9028,0.2181,274,YFR031C-A
Complex_448,25,0.9028,0.2181,658,YMR194W
Complex_448,25,0.9028,0.2181,667,YMR242C
Complex_448,25,0.9028,0.2181,463,YJL177W
Complex_448,25,0.9028,0.2181,211,YDR471W
Complex_448,25,0.9028,0.2181,610,YLR448W
Complex_448,25,0.9028,0.2181,490,YJR123W
Complex_448,25,0.9028,0.2181,237,YER074W
Complex_448,25,0.9028,0.2181,622,YML063W
Complex_448,25,0.9028,0.2181,114,YDL083C
Complex_448,25,0.9028,0.2181,627,YML073C
Complex_448,25,0.9028,0.2181,37,YBR031W
Complex_448,25,0.9028,0.2181,546,YLR075W
Complex_448,25,0.9028,0.2181,83,YCR031C
Complex_448,25,0.9028,0.2181,295,YGL103W
Complex_448,25,0.9028,0.2181,113,YDL082W
Complex_448,25,0.9028,0.2181,685,YNL069C
Complex_448,25,0.9028,0.2181,23,YBL027W
Complex_448,25,0.9028,0.2181,705,YNL178W
Complex_448,25,0.9028,0.2181,375,YHL001W
Complex_448,25,0.9028,0.2181,609,YLR441C
Complex_449,26,0.9026,0.3512,775,YOR063W
Complex_449,26,0.9026,0.3512,761,YOL127W
Complex_449,26,0.9026,0.3512,538,YLL045C
Complex_449,26,0.9026,0.3512,609,YLR441C
Complex_449,26,0.9026,0.3512,778,YOR096W
Complex_449,26,0.9026,0.3512,667,YMR242C
Complex_449,26,0.9026,0.3512,334,YGR085C
Complex_449,26,0.9026,0.3512,211,YDR471W
Complex_449,26,0.9026,0.3512,622,YML063W
Complex_449,26,0.9026,0.3512,627,YML073C
Complex_449,26,0.9026,0.3512,274,YFR031C-A
Complex_449,26,0.9026,0.3512,295,YGL103W
Complex_449,26,0.9026,0.3512,113,YDL082W
Complex_449,26,0.9026,0.3512,685,YNL069C
Complex_449,26,0.9026,0.3512,463,YJL177W
Complex_449,26,0.9026,0.3512,610,YLR448W
Complex_449,26,0.9026,0.3512,513,YKL180W
Complex_449,26,0.9026,0.3512,658,YMR194W
Complex_449,26,0.9026,0.3512,546,YLR075W
Complex_449,26,0.9026,0.3512,857,YPL220W
Complex_449,26,0.9026,0.3512,375,YHL001W
Complex_449,26,0.9026,0.3512,202,YDR418W
Complex_449,26,0.9026,0.3512,490,YJR123W
Complex_449,26,0.9026,0.3512,282,YGL030W
Complex_449,26,0.9026,0.3512,381,YHL033C
Complex_449,26,0.9026,0.3512,289,YGL076C
Complex_450,28,0.9025,0.3261,775,YOR063W
Complex_450,28,0.9025,0.3261,761,YOL127W
Complex_450,28,0.9025,0.3261,538,YLL045C
Complex_450,28,0.9025,0.3261,652,YMR142C
Complex_450,28,0.9025,0.3261,778,YOR096W
Complex_450,28,0.9025,0.3261,274,YFR031C-A
Complex_450,28,0.9025,0.3261,667,YMR242C
Complex_450,28,0.9025,0.3261,546,YLR075W
Complex_450,28,0.9025,0.3261,295,YGL103W
Complex_450,28,0.9025,0.3261,685,YNL069C
Complex_450,28,0.9025,0.3261,334,YGR085C
Complex_450,28,0.9025,0.3261,463,YJL177W
Complex_450,28,0.9025,0.3261,211,YDR471W
Complex_450,28,0.9025,0.3261,610,YLR448W
Complex_450,28,0.9025,0.3261,237,YER074W
Complex_450,28,0.9025,0.3261,622,YML063W
Complex_450,28,0.9025,0.3261,113,YDL082W
Complex_450,28,0.9025,0.3261,627,YML073C
Complex_450,28,0.9025,0.3261,513,YKL180W
Complex_450,28,0.9025,0.3261,434,YIL133C
Complex_450,28,0.9025,0.3261,289,YGL076C
Complex_450,28,0.9025,0.3261,658,YMR194W
Complex_450,28,0.9025,0.3261,282,YGL030W
Complex_450,28,0.9025,0.3261,490,YJR123W
Complex_450,28,0.9025,0.3261,114,YDL083C
Complex_450,28,0.9025,0.3261,83,YCR031C
Complex_450,28,0.9025,0.3261,381,YHL033C
Complex_450,28,0.9025,0.3261,375,YHL001W
Complex_451,25,0.9024,0.3653,775,YOR063W
Complex_451,25,0.9024,0.3653,761,YOL127W
Complex_451,25,0.9024,0.3653,538,YLL045C
Complex_451,25,0.9024,0.3653,540,YLR029C
Complex_451,25,0.9024,0.3653,667,YMR242C
Complex_451,25,0.9024,0.3653,627,YML073C
Complex_451,25,0.9024,0.3653,211,YDR471W
Complex_451,25,0.9024,0.3653,334,YGR085C
Complex_451,25,0.9024,0.3653,778,YOR096W
Complex_451,25,0.9024,0.3653,622,YML063W
Complex_451,25,0.9024,0.3653,685,YNL069C
Complex_451,25,0.9024,0.3653,274,YFR031C-A
Complex_451,25,0.9024,0.3653,295,YGL103W
Complex_451,25,0.9024,0.3653,113,YDL082W
Complex_451,25,0.9024,0.3653,463,YJL177W
Complex_451,25,0.9024,0.3653,610,YLR448W
Complex_451,25,0.9024,0.3653,513,YKL180W
Complex_451,25,0.9024,0.3653,658,YMR194W
Complex_451,25,0.9024,0.3653,857,YPL220W
Complex_451,25,0.9024,0.3653,546,YLR075W
Complex_451,25,0.9024,0.3653,490,YJR123W
Complex_451,25,0.9024,0.3653,282,YGL030W
Complex_451,25,0.9024,0.3653,196,YDR382W
Complex_451,25,0.9024,0.3653,111,YDL075W
Complex_451,25,0.9024,0.3653,289,YGL076C
Complex_452,26,0.9024,0.3512,775,YOR063W
Complex_452,26,0.9024,0.3512,761,YOL127W
Complex_452,26,0.9024,0.3512,538,YLL045C
Complex_452,26,0.9024,0.3512,202,YDR418W
Complex_452,26,0.9024,0.3512,778,YOR096W
Complex_452,26,0.9024,0.3512,667,YMR242C
Complex_452,26,0.9024,0.3512,334,YGR085C
Complex_452,26,0.9024,0.3512,513,YKL180W
Complex_452,26,0.9024,0.3512,211,YDR471W
Complex_452,26,0.9024,0.3512,622,YML063W
Complex_452,26,0.9024,0.3512,627,YML073C
Complex_452,26,0.9024,0.3512,274,YFR031C-A
Complex_452,26,0.9024,0.3512,463,YJL177W
Complex_452,26,0.9024,0.3512,610,YLR448W
Complex_452,26,0.9024,0.3512,861,YPL249C-A
Complex_452,26,0.9024,0.3512,295,YGL103W
Complex_452,26,0.9024,0.3512,685,YNL069C
Complex_452,26,0.9024,0.3512,111,YDL075W
Complex_452,26,0.9024,0.3512,113,YDL082W
Complex_452,26,0.9024,0.3512,434,YIL133C
Complex_452,26,0.9024,0.3512,83,YCR031C
Complex_452,26,0.9024,0.3512,114,YDL083C
Complex_452,26,0.9024,0.3512,375,YHL001W
Complex_452,26,0.9024,0.3512,282,YGL030W
Complex_452,26,0.9024,0.3512,306,YGL147C
Complex_452,26,0.9024,0.3512,37,YBR031W
Complex_453,28,0.9024,0.3565,775,YOR063W
Complex_453,28,0.9024,0.3565,761,YOL127W
Complex_453,28,0.9024,0.3565,538,YLL045C
Complex_453,28,0.9024,0.3565,861,YPL249C-A
Complex_453,28,0.9024,0.3565,667,YMR242C
Complex_453,28,0.9024,0.3565,334,YGR085C
Complex_453,28,0.9024,0.3565,778,YOR096W
Complex_453,28,0.9024,0.3565,434,YIL133C
Complex_453,28,0.9024,0.3565,610,YLR448W
Complex_453,28,0.9024,0.3565,111,YDL075W
Complex_453,28,0.9024,0.3565,114,YDL083C
Complex_453,28,0.9024,0.3565,513,YKL180W
Complex_453,28,0.9024,0.3565,274,YFR031C-A
Complex_453,28,0.9024,0.3565,295,YGL103W
Complex_453,28,0.9024,0.3565,685,YNL069C
Complex_453,28,0.9024,0.3565,237,YER074W
Complex_453,28,0.9024,0.3565,622,YML063W
Complex_453,28,0.9024,0.3565,463,YJL177W
Complex_453,28,0.9024,0.3565,113,YDL082W
Complex_453,28,0.9024,0.3565,83,YCR031C
Complex_453,28,0.9024,0.3565,211,YDR471W
Complex_453,28,0.9024,0.3565,627,YML073C
Complex_453,28,0.9024,0.3565,546,YLR075W
Complex_453,28,0.9024,0.3565,196,YDR382W
Complex_453,28,0.9024,0.3565,23,YBL027W
Complex_453,28,0.9024,0.3565,37,YBR031W
Complex_453,28,0.9024,0.3565,282,YGL030W
Complex_453,28,0.9024,0.3565,375,YHL001W
Complex_454,25,0.9024,0.2725,775,YOR063W
Complex_454,25,0.9024,0.2725,761,YOL127W
Complex_454,25,0.9024,0.2725,538,YLL045C
Complex_454,25,0.9024,0.2725,540,YLR029C
Complex_454,25,0.9024,0.2725,667,YMR242C
Complex_454,25,0.9024,0.2725,627,YML073C
Complex_454,25,0.9024,0.2725,211,YDR471W
Complex_454,25,0.9024,0.2725,334,YGR085C
Complex_454,25,0.9024,0.2725,778,YOR096W
Complex_454,25,0.9024,0.2725,622,YML063W
Complex_454,25,0.9024,0.2725,685,YNL069C
Complex_454,25,0.9024,0.2725,274,YFR031C-A
Complex_454,25,0.9024,0.2725,295,YGL103W
Complex_454,25,0.9024,0.2725,113,YDL082W
Complex_454,25,0.9024,0.2725,463,YJL177W
Complex_454,25,0.9024,0.2725,610,YLR448W
Complex_454,25,0.9024,0.2725,836,YPL090C
Complex_454,25,0.9024,0.2725,237,YER074W
Complex_454,25,0.9024,0.2725,111,YDL075W
Complex_454,25,0.9024,0.2725,546,YLR075W
Complex_454,25,0.9024,0.2725,37,YBR031W
Complex_454,25,0.9024,0.2725,490,YJR123W
Complex_454,25,0.9024,0.2725,728,YNL301C
Complex_454,25,0.9024,0.2725,83,YCR031C
Complex_454,25,0.9024,0.2725,23,YBL027W
Complex_455,24,0.9023,0.2547,775,YOR063W
Complex_455,24,0.9023,0.2547,761,YOL127W
Complex_455,24,0.9023,0.2547,59,YBR191W
Complex_455,24,0.9023,0.2547,513,YKL180W
Complex_455,24,0.9023,0.2547,274,YFR031C-A
Complex_455,24,0.9023,0.2547,658,YMR194W
Complex_455,24,0.9023,0.2547,667,YMR242C
Complex_455,24,0.9023,0.2547,37,YBR031W
Complex_455,24,0.9023,0.2547,295,YGL103W
Complex_455,24,0.9023,0.2547,685,YNL069C
Complex_455,24,0.9023,0.2547,463,YJL177W
Complex_455,24,0.9023,0.2547,83,YCR031C
Complex_455,24,0.9023,0.2547,211,YDR471W
Complex_455,24,0.9023,0.2547,610,YLR448W
Complex_455,24,0.9023,0.2547,490,YJR123W
Complex_455,24,0.9023,0.2547,113,YDL082W
Complex_455,24,0.9023,0.2547,114,YDL083C
Complex_455,24,0.9023,0.2547,627,YML073C
Complex_455,24,0.9023,0.2547,375,YHL001W
Complex_455,24,0.9023,0.2547,237,YER074W
Complex_455,24,0.9023,0.2547,23,YBL027W
Complex_455,24,0.9023,0.2547,577,YLR287C-A
Complex_455,24,0.9023,0.2547,282,YGL030W
Complex_455,24,0.9023,0.2547,609,YLR441C
Complex_456,14,0.9023,0.2278,775,YOR063W
Complex_456,14,0.9023,0.2278,761,YOL127W
Complex_456,14,0.9023,0.2278,538,YLL045C
Complex_456,14,0.9023,0.2278,540,YLR029C
Complex_456,14,0.9023,0.2278,760,YOL120C
Complex_456,14,0.9023,0.2278,434,YIL133C
Complex_456,14,0.9023,0.2278,685,YNL069C
Complex_456,14,0.9023,0.2278,622,YML063W
Complex_456,14,0.9023,0.2278,113,YDL082W
Complex_456,14,0.9023,0.2278,627,YML073C
Complex_456,14,0.9023,0.2278,37,YBR031W
Complex_456,14,0.9023,0.2278,136,YDR012W
Complex_456,14,0.9023,0.2278,728,YNL301C
Complex_456,14,0.9023,0.2278,274,YFR031C-A
Complex_457,11,0.9022,0.0617,775,YOR063W
Complex_457,11,0.9022,0.0617,761,YOL127W
Complex_457,11,0.9022,0.0617,538,YLL045C
Complex_457,11,0.9022,0.0617,540,YLR029C
Complex_457,11,0.9022,0.0617,667,YMR242C
Complex_457,11,0.9022,0.0617,843,YPL131W
Complex_457,11,0.9022,0.0617,676,YNL002C
Complex_457,11,0.9022,0.0617,751,YOL041C
Complex_457,11,0.9022,0.0617,755,YOL077C
Complex_457,11,0.9022,0.0617,796,YOR206W
Complex_457,11,0.9022,0.0617,670,YMR290C
Complex_458,8,0.9022,0.0714,775,YOR063W
Complex_458,8,0.9022,0.0714,808,YOR272W
Complex_458,8,0.9022,0.0714,670,YMR290C
Complex_458,8,0.9022,0.0714,113,YDL082W
Complex_458,8,0.9022,0.0714,755,YOL077C
Complex_458,8,0.9022,0.0714,751,YOL041C
Complex_458,8,0.9022,0.0714,538,YLL045C
Complex_458,8,0.9022,0.0714,851,YPL198W
Complex_459,23,0.9021,0.2658,775,YOR063W
Complex_459,23,0.9021,0.2658,761,YOL127W
Complex_459,23,0.9021,0.2658,283,YGL031C
Complex_459,23,0.9021,0.2658,513,YKL180W
Complex_459,23,0.9021,0.2658,282,YGL030W
Complex_459,23,0.9021,0.2658,295,YGL103W
Complex_459,23,0.9021,0.2658,685,YNL069C
Complex_459,23,0.9021,0.2658,334,YGR085C
Complex_459,23,0.9021,0.2658,211,YDR471W
Complex_459,23,0.9021,0.2658,622,YML063W
Complex_459,23,0.9021,0.2658,114,YDL083C
Complex_459,23,0.9021,0.2658,627,YML073C
Complex_459,23,0.9021,0.2658,546,YLR075W
Complex_459,23,0.9021,0.2658,83,YCR031C
Complex_459,23,0.9021,0.2658,667,YMR242C
Complex_459,23,0.9021,0.2658,609,YLR441C
Complex_459,23,0.9021,0.2658,490,YJR123W
Complex_459,23,0.9021,0.2658,658,YMR194W
Complex_459,23,0.9021,0.2658,289,YGL076C
Complex_459,23,0.9021,0.2658,113,YDL082W
Complex_459,23,0.9021,0.2658,274,YFR031C-A
Complex_459,23,0.9021,0.2658,381,YHL033C
Complex_459,23,0.9021,0.2658,463,YJL177W
Complex_460,9,0.9021,0.254,775,YOR063W
Complex_460,9,0.9021,0.254,142,YDR060W
Complex_460,9,0.9021,0.254,670,YMR290C
Complex_460,9,0.9021,0.254,822,YPL012W
Complex_460,9,0.9021,0.254,755,YOL077C
Complex_460,9,0.9021,0.254,388,YHR052W
Complex_460,9,0.9021,0.254,751,YOL041C
Complex_460,9,0.9021,0.254,538,YLL045C
Complex_460,9,0.9021,0.254,829,YPL043W
Complex_461,11,0.9021,0.1389,801,YOR234C
Complex_461,11,0.9021,0.1389,546,YLR075W
Complex_461,11,0.9021,0.1389,196,YDR382W
Complex_461,11,0.9021,0.1389,237,YER074W
Complex_461,11,0.9021,0.1389,334,YGR085C
Complex_461,11,0.9021,0.1389,111,YDL075W
Complex_461,11,0.9021,0.1389,463,YJL177W
Complex_461,11,0.9021,0.1389,627,YML073C
Complex_461,11,0.9021,0.1389,113,YDL082W
Complex_461,11,0.9021,0.1389,83,YCR031C
Complex_461,11,0.9021,0.1389,667,YMR242C
Complex_462,23,0.9019,0.3281,775,YOR063W
Complex_462,23,0.9019,0.3281,761,YOL127W
Complex_462,23,0.9019,0.3281,538,YLL045C
Complex_462,23,0.9019,0.3281,609,YLR441C
Complex_462,23,0.9019,0.3281,778,YOR096W
Complex_462,23,0.9019,0.3281,667,YMR242C
Complex_462,23,0.9019,0.3281,334,YGR085C
Complex_462,23,0.9019,0.3281,211,YDR471W
Complex_462,23,0.9019,0.3281,622,YML063W
Complex_462,23,0.9019,0.3281,627,YML073C
Complex_462,23,0.9019,0.3281,274,YFR031C-A
Complex_462,23,0.9019,0.3281,295,YGL103W
Complex_462,23,0.9019,0.3281,113,YDL082W
Complex_462,23,0.9019,0.3281,685,YNL069C
Complex_462,23,0.9019,0.3281,463,YJL177W
Complex_462,23,0.9019,0.3281,610,YLR448W
Complex_462,23,0.9019,0.3281,513,YKL180W
Complex_462,23,0.9019,0.3281,658,YMR194W
Complex_462,23,0.9019,0.3281,136,YDR012W
Complex_462,23,0.9019,0.3281,37,YBR031W
Complex_462,23,0.9019,0.3281,851,YPL198W
Complex_462,23,0.9019,0.3281,381,YHL033C
Complex_462,23,0.9019,0.3281,857,YPL220W
Complex_463,3,0.9017,0.4444,16,YBL002W
Complex_463,3,0.9017,0.4444,17,YBL003C
Complex_463,3,0.9017,0.4444,315,YGL241W
Complex_464,28,0.9017,0.2695,775,YOR063W
Complex_464,28,0.9017,0.2695,761,YOL127W
Complex_464,28,0.9017,0.2695,538,YLL045C
Complex_464,28,0.9017,0.2695,609,YLR441C
Complex_464,28,0.9017,0.2695,778,YOR096W
Complex_464,28,0.9017,0.2695,667,YMR242C
Complex_464,28,0.9017,0.2695,334,YGR085C
Complex_464,28,0.9017,0.2695,211,YDR471W
Complex_464,28,0.9017,0.2695,622,YML063W
Complex_464,28,0.9017,0.2695,627,YML073C
Complex_464,28,0.9017,0.2695,274,YFR031C-A
Complex_464,28,0.9017,0.2695,295,YGL103W
Complex_464,28,0.9017,0.2695,113,YDL082W
Complex_464,28,0.9017,0.2695,685,YNL069C
Complex_464,28,0.9017,0.2695,463,YJL177W
Complex_464,28,0.9017,0.2695,610,YLR448W
Complex_464,28,0.9017,0.2695,513,YKL180W
Complex_464,28,0.9017,0.2695,658,YMR194W
Complex_464,28,0.9017,0.2695,546,YLR075W
Complex_464,28,0.9017,0.2695,434,YIL133C
Complex_464,28,0.9017,0.2695,490,YJR123W
Complex_464,28,0.9017,0.2695,114,YDL083C
Complex_464,28,0.9017,0.2695,83,YCR031C
Complex_464,28,0.9017,0.2695,237,YER074W
Complex_464,28,0.9017,0.2695,728,YNL301C
Complex_464,28,0.9017,0.2695,705,YNL178W
Complex_464,28,0.9017,0.2695,23,YBL027W
Complex_464,28,0.9017,0.2695,37,YBR031W
Complex_465,24,0.9015,0.3467,775,YOR063W
Complex_465,24,0.9015,0.3467,761,YOL127W
Complex_465,24,0.9015,0.3467,33,YBL092W
Complex_465,24,0.9015,0.3467,513,YKL180W
Complex_465,24,0.9015,0.3467,274,YFR031C-A
Complex_465,24,0.9015,0.3467,658,YMR194W
Complex_465,24,0.9015,0.3467,23,YBL027W
Complex_465,24,0.9015,0.3467,295,YGL103W
Complex_465,24,0.9015,0.3467,685,YNL069C
Complex_465,24,0.9015,0.3467,463,YJL177W
Complex_465,24,0.9015,0.3467,211,YDR471W
Complex_465,24,0.9015,0.3467,610,YLR448W
Complex_465,24,0.9015,0.3467,490,YJR123W
Complex_465,24,0.9015,0.3467,237,YER074W
Complex_465,24,0.9015,0.3467,114,YDL083C
Complex_465,24,0.9015,0.3467,627,YML073C
Complex_465,24,0.9015,0.3467,334,YGR085C
Complex_465,24,0.9015,0.3467,59,YBR191W
Complex_465,24,0.9015,0.3467,37,YBR031W
Complex_465,24,0.9015,0.3467,113,YDL082W
Complex_465,24,0.9015,0.3467,111,YDL075W
Complex_465,24,0.9015,0.3467,306,YGL147C
Complex_465,24,0.9015,0.3467,282,YGL030W
Complex_465,24,0.9015,0.3467,375,YHL001W
Complex_466,19,0.9014,0.2234,587,YLR340W
Complex_466,19,0.9014,0.2234,334,YGR085C
Complex_466,19,0.9014,0.2234,622,YML063W
Complex_466,19,0.9014,0.2234,836,YPL090C
Complex_466,19,0.9014,0.2234,490,YJR123W
Complex_466,19,0.9014,0.2234,667,YMR242C
Complex_466,19,0.9014,0.2234,237,YER074W
Complex_466,19,0.9014,0.2234,627,YML073C
Complex_466,19,0.9014,0.2234,761,YOL127W
Complex_466,19,0.9014,0.2234,111,YDL075W
Complex_466,19,0.9014,0.2234,610,YLR448W
Complex_466,19,0.9014,0.2234,295,YGL103W
Complex_466,19,0.9014,0.2234,685,YNL069C
Complex_466,19,0.9014,0.2234,463,YJL177W
Complex_466,19,0.9014,0.2234,113,YDL082W
Complex_466,19,0.9014,0.2234,274,YFR031C-A
Complex_466,19,0.9014,0.2234,136,YDR012W
Complex_466,19,0.9014,0.2234,728,YNL301C
Complex_466,19,0.9014,0.2234,540,YLR029C
Complex_467,22,0.9014,0.193,775,YOR063W
Complex_467,22,0.9014,0.193,761,YOL127W
Complex_467,22,0.9014,0.193,538,YLL045C
Complex_467,22,0.9014,0.193,609,YLR441C
Complex_467,22,0.9014,0.193,778,YOR096W
Complex_467,22,0.9014,0.193,667,YMR242C
Complex_467,22,0.9014,0.193,334,YGR085C
Complex_467,22,0.9014,0.193,211,YDR471W
Complex_467,22,0.9014,0.193,622,YML063W
Complex_467,22,0.9014,0.193,627,YML073C
Complex_467,22,0.9014,0.193,274,YFR031C-A
Complex_467,22,0.9014,0.193,295,YGL103W
Complex_467,22,0.9014,0.193,113,YDL082W
Complex_467,22,0.9014,0.193,685,YNL069C
Complex_467,22,0.9014,0.193,492,YJR145C
Complex_467,22,0.9014,0.193,705,YNL178W
Complex_467,22,0.9014,0.193,237,YER074W
Complex_467,22,0.9014,0.193,851,YPL198W
Complex_467,22,0.9014,0.193,434,YIL133C
Complex_467,22,0.9014,0.193,468,YJL190C
Complex_467,22,0.9014,0.193,381,YHL033C
Complex_467,22,0.9014,0.193,289,YGL076C
Complex_468,25,0.9013,0.2445,775,YOR063W
Complex_468,25,0.9013,0.2445,761,YOL127W
Complex_468,25,0.9013,0.2445,538,YLL045C
Complex_468,25,0.9013,0.2445,540,YLR029C
Complex_468,25,0.9013,0.2445,667,YMR242C
Complex_468,25,0.9013,0.2445,627,YML073C
Complex_468,25,0.9013,0.2445,211,YDR471W
Complex_468,25,0.9013,0.2445,334,YGR085C
Complex_468,25,0.9013,0.2445,778,YOR096W
Complex_468,25,0.9013,0.2445,622,YML063W
Complex_468,25,0.9013,0.2445,685,YNL069C
Complex_468,25,0.9013,0.2445,274,YFR031C-A
Complex_468,25,0.9013,0.2445,295,YGL103W
Complex_468,25,0.9013,0.2445,113,YDL082W
Complex_468,25,0.9013,0.2445,463,YJL177W
Complex_468,25,0.9013,0.2445,610,YLR448W
Complex_468,25,0.9013,0.2445,836,YPL090C
Complex_468,25,0.9013,0.2445,237,YER074W
Complex_468,25,0.9013,0.2445,705,YNL178W
Complex_468,25,0.9013,0.2445,546,YLR075W
Complex_468,25,0.9013,0.2445,37,YBR031W
Complex_468,25,0.9013,0.2445,490,YJR123W
Complex_468,25,0.9013,0.2445,83,YCR031C
Complex_468,25,0.9013,0.2445,23,YBL027W
Complex_468,25,0.9013,0.2445,381,YHL033C
Complex_469,26,0.9013,0.3512,775,YOR063W
Complex_469,26,0.9013,0.3512,761,YOL127W
Complex_469,26,0.9013,0.3512,538,YLL045C
Complex_469,26,0.9013,0.3512,540,YLR029C
Complex_469,26,0.9013,0.3512,667,YMR242C
Complex_469,26,0.9013,0.3512,627,YML073C
Complex_469,26,0.9013,0.3512,211,YDR471W
Complex_469,26,0.9013,0.3512,334,YGR085C
Complex_469,26,0.9013,0.3512,778,YOR096W
Complex_469,26,0.9013,0.3512,622,YML063W
Complex_469,26,0.9013,0.3512,685,YNL069C
Complex_469,26,0.9013,0.3512,274,YFR031C-A
Complex_469,26,0.9013,0.3512,295,YGL103W
Complex_469,26,0.9013,0.3512,113,YDL082W
Complex_469,26,0.9013,0.3512,463,YJL177W
Complex_469,26,0.9013,0.3512,610,YLR448W
Complex_469,26,0.9013,0.3512,513,YKL180W
Complex_469,26,0.9013,0.3512,658,YMR194W
Complex_469,26,0.9013,0.3512,434,YIL133C
Complex_469,26,0.9013,0.3512,237,YER074W
Complex_469,26,0.9013,0.3512,490,YJR123W
Complex_469,26,0.9013,0.3512,136,YDR012W
Complex_469,26,0.9013,0.3512,37,YBR031W
Complex_469,26,0.9013,0.3512,23,YBL027W
Complex_469,26,0.9013,0.3512,111,YDL075W
Complex_469,26,0.9013,0.3512,306,YGL147C
Complex_470,10,0.9013,0.0333,775,YOR063W
Complex_470,10,0.9013,0.0333,51,YBR142W
Complex_470,10,0.9013,0.0333,538,YLL045C
Complex_470,10,0.9013,0.0333,670,YMR290C
Complex_470,10,0.9013,0.0333,851,YPL198W
Complex_470,10,0.9013,0.0333,215,YDR496C
Complex_470,10,0.9013,0.0333,683,YNL061W
Complex_470,10,0.9013,0.0333,98,YDL014W
Complex_470,10,0.9013,0.0333,843,YPL131W
Complex_470,10,0.9013,0.0333,533,YLL008W
Complex_471,3,0.9009,0.3333,168,YDR228C
Complex_471,3,0.9009,0.3333,803,YOR250C
Complex_471,3,0.9009,0.3333,418,YHR216W
Complex_472,26,0.9008,0.3839,775,YOR063W
Complex_472,26,0.9008,0.3839,761,YOL127W
Complex_472,26,0.9008,0.3839,538,YLL045C
Complex_472,26,0.9008,0.3839,202,YDR418W
Complex_472,26,0.9008,0.3839,778,YOR096W
Complex_472,26,0.9008,0.3839,667,YMR242C
Complex_472,26,0.9008,0.3839,334,YGR085C
Complex_472,26,0.9008,0.3839,513,YKL180W
Complex_472,26,0.9008,0.3839,211,YDR471W
Complex_472,26,0.9008,0.3839,622,YML063W
Complex_472,26,0.9008,0.3839,627,YML073C
Complex_472,26,0.9008,0.3839,274,YFR031C-A
Complex_472,26,0.9008,0.3839,463,YJL177W
Complex_472,26,0.9008,0.3839,610,YLR448W
Complex_472,26,0.9008,0.3839,658,YMR194W
Complex_472,26,0.9008,0.3839,490,YJR123W
Complex_472,26,0.9008,0.3839,295,YGL103W
Complex_472,26,0.9008,0.3839,113,YDL082W
Complex_472,26,0.9008,0.3839,685,YNL069C
Complex_472,26,0.9008,0.3839,111,YDL075W
Complex_472,26,0.9008,0.3839,196,YDR382W
Complex_472,26,0.9008,0.3839,546,YLR075W
Complex_472,26,0.9008,0.3839,375,YHL001W
Complex_472,26,0.9008,0.3839,282,YGL030W
Complex_472,26,0.9008,0.3839,857,YPL220W
Complex_472,26,0.9008,0.3839,289,YGL076C
Complex_473,24,0.9007,0.2838,775,YOR063W
Complex_473,24,0.9007,0.2838,761,YOL127W
Complex_473,24,0.9007,0.2838,691,YNL096C
Complex_473,24,0.9007,0.2838,667,YMR242C
Complex_473,24,0.9007,0.2838,211,YDR471W
Complex_473,24,0.9007,0.2838,490,YJR123W
Complex_473,24,0.9007,0.2838,237,YER074W
Complex_473,24,0.9007,0.2838,627,YML073C
Complex_473,24,0.9007,0.2838,513,YKL180W
Complex_473,24,0.9007,0.2838,658,YMR194W
Complex_473,24,0.9007,0.2838,114,YDL083C
Complex_473,24,0.9007,0.2838,274,YFR031C-A
Complex_473,24,0.9007,0.2838,463,YJL177W
Complex_473,24,0.9007,0.2838,610,YLR448W
Complex_473,24,0.9007,0.2838,295,YGL103W
Complex_473,24,0.9007,0.2838,685,YNL069C
Complex_473,24,0.9007,0.2838,23,YBL027W
Complex_473,24,0.9007,0.2838,334,YGR085C
Complex_473,24,0.9007,0.2838,59,YBR191W
Complex_473,24,0.9007,0.2838,37,YBR031W
Complex_473,24,0.9007,0.2838,113,YDL082W
Complex_473,24,0.9007,0.2838,83,YCR031C
Complex_473,24,0.9007,0.2838,111,YDL075W
Complex_473,24,0.9007,0.2838,306,YGL147C
Complex_474,29,0.9007,0.2869,775,YOR063W
Complex_474,29,0.9007,0.2869,761,YOL127W
Complex_474,29,0.9007,0.2869,538,YLL045C
Complex_474,29,0.9007,0.2869,609,YLR441C
Complex_474,29,0.9007,0.2869,778,YOR096W
Complex_474,29,0.9007,0.2869,667,YMR242C
Complex_474,29,0.9007,0.2869,334,YGR085C
Complex_474,29,0.9007,0.2869,211,YDR471W
Complex_474,29,0.9007,0.2869,622,YML063W
Complex_474,29,0.9007,0.2869,627,YML073C
Complex_474,29,0.9007,0.2869,274,YFR031C-A
Complex_474,29,0.9007,0.2869,295,YGL103W
Complex_474,29,0.9007,0.2869,113,YDL082W
Complex_474,29,0.9007,0.2869,685,YNL069C
Complex_474,29,0.9007,0.2869,463,YJL177W
Complex_474,29,0.9007,0.2869,610,YLR448W
Complex_474,29,0.9007,0.2869,513,YKL180W
Complex_474,29,0.9007,0.2869,658,YMR194W
Complex_474,29,0.9007,0.2869,546,YLR075W
Complex_474,29,0.9007,0.2869,434,YIL133C
Complex_474,29,0.9007,0.2869,490,YJR123W
Complex_474,29,0.9007,0.2869,114,YDL083C
Complex_474,29,0.9007,0.2869,83,YCR031C
Complex_474,29,0.9007,0.2869,237,YER074W
Complex_474,29,0.9007,0.2869,375,YHL001W
Complex_474,29,0.9007,0.2869,468,YJL190C
Complex_474,29,0.9007,0.2869,282,YGL030W
Complex_474,29,0.9007,0.2869,196,YDR382W
Complex_474,29,0.9007,0.2869,289,YGL076C
Complex_475,22,0.9004,0.193,775,YOR063W
Complex_475,22,0.9004,0.193,761,YOL127W
Complex_475,22,0.9004,0.193,538,YLL045C
Complex_475,22,0.9004,0.193,609,YLR441C
Complex_475,22,0.9004,0.193,778,YOR096W
Complex_475,22,0.9004,0.193,667,YMR242C
Complex_475,22,0.9004,0.193,334,YGR085C
Complex_475,22,0.9004,0.193,211,YDR471W
Complex_475,22,0.9004,0.193,622,YML063W
Complex_475,22,0.9004,0.193,627,YML073C
Complex_475,22,0.9004,0.193,274,YFR031C-A
Complex_475,22,0.9004,0.193,295,YGL103W
Complex_475,22,0.9004,0.193,113,YDL082W
Complex_475,22,0.9004,0.193,685,YNL069C
Complex_475,22,0.9004,0.193,492,YJR145C
Complex_475,22,0.9004,0.193,705,YNL178W
Complex_475,22,0.9004,0.193,237,YER074W
Complex_475,22,0.9004,0.193,851,YPL198W
Complex_475,22,0.9004,0.193,836,YPL090C
Complex_475,22,0.9004,0.193,136,YDR012W
Complex_475,22,0.9004,0.193,37,YBR031W
Complex_475,22,0.9004,0.193,381,YHL033C
Complex_476,19,0.9004,0.143,587,YLR340W
Complex_476,19,0.9004,0.143,334,YGR085C
Complex_476,19,0.9004,0.143,622,YML063W
Complex_476,19,0.9004,0.143,836,YPL090C
Complex_476,19,0.9004,0.143,490,YJR123W
Complex_476,19,0.9004,0.143,667,YMR242C
Complex_476,19,0.9004,0.143,237,YER074W
Complex_476,19,0.9004,0.143,627,YML073C
Complex_476,19,0.9004,0.143,761,YOL127W
Complex_476,19,0.9004,0.143,705,YNL178W
Complex_476,19,0.9004,0.143,540,YLR029C
Complex_476,19,0.9004,0.143,546,YLR075W
Complex_476,19,0.9004,0.143,83,YCR031C
Complex_476,19,0.9004,0.143,610,YLR448W
Complex_476,19,0.9004,0.143,463,YJL177W
Complex_476,19,0.9004,0.143,274,YFR031C-A
Complex_476,19,0.9004,0.143,295,YGL103W
Complex_476,19,0.9004,0.143,113,YDL082W
Complex_476,19,0.9004,0.143,29,YBL072C
Complex_477,28,0.9003,0.3261,775,YOR063W
Complex_477,28,0.9003,0.3261,761,YOL127W
Complex_477,28,0.9003,0.3261,538,YLL045C
Complex_477,28,0.9003,0.3261,375,YHL001W
Complex_477,28,0.9003,0.3261,778,YOR096W
Complex_477,28,0.9003,0.3261,274,YFR031C-A
Complex_477,28,0.9003,0.3261,667,YMR242C
Complex_477,28,0.9003,0.3261,334,YGR085C
Complex_477,28,0.9003,0.3261,463,YJL177W
Complex_477,28,0.9003,0.3261,211,YDR471W
Complex_477,28,0.9003,0.3261,610,YLR448W
Complex_477,28,0.9003,0.3261,622,YML063W
Complex_477,28,0.9003,0.3261,627,YML073C
Complex_477,28,0.9003,0.3261,513,YKL180W
Complex_477,28,0.9003,0.3261,658,YMR194W
Complex_477,28,0.9003,0.3261,306,YGL147C
Complex_477,28,0.9003,0.3261,295,YGL103W
Complex_477,28,0.9003,0.3261,237,YER074W
Complex_477,28,0.9003,0.3261,113,YDL082W
Complex_477,28,0.9003,0.3261,490,YJR123W
Complex_477,28,0.9003,0.3261,83,YCR031C
Complex_477,28,0.9003,0.3261,114,YDL083C
Complex_477,28,0.9003,0.3261,685,YNL069C
Complex_477,28,0.9003,0.3261,434,YIL133C
Complex_477,28,0.9003,0.3261,23,YBL027W
Complex_477,28,0.9003,0.3261,37,YBR031W
Complex_477,28,0.9003,0.3261,282,YGL030W
Complex_477,28,0.9003,0.3261,111,YDL075W
Complex_478,27,0.9003,0.3382,775,YOR063W
Complex_478,27,0.9003,0.3382,761,YOL127W
Complex_478,27,0.9003,0.3382,538,YLL045C
Complex_478,27,0.9003,0.3382,861,YPL249C-A
Complex_478,27,0.9003,0.3382,667,YMR242C
Complex_478,27,0.9003,0.3382,334,YGR085C
Complex_478,27,0.9003,0.3382,778,YOR096W
Complex_478,27,0.9003,0.3382,434,YIL133C
Complex_478,27,0.9003,0.3382,610,YLR448W
Complex_478,27,0.9003,0.3382,111,YDL075W
Complex_478,27,0.9003,0.3382,114,YDL083C
Complex_478,27,0.9003,0.3382,513,YKL180W
Complex_478,27,0.9003,0.3382,274,YFR031C-A
Complex_478,27,0.9003,0.3382,295,YGL103W
Complex_478,27,0.9003,0.3382,685,YNL069C
Complex_478,27,0.9003,0.3382,237,YER074W
Complex_478,27,0.9003,0.3382,622,YML063W
Complex_478,27,0.9003,0.3382,463,YJL177W
Complex_478,27,0.9003,0.3382,113,YDL082W
Complex_478,27,0.9003,0.3382,83,YCR031C
Complex_478,27,0.9003,0.3382,211,YDR471W
Complex_478,27,0.9003,0.3382,627,YML073C
Complex_478,27,0.9003,0.3382,546,YLR075W
Complex_478,27,0.9003,0.3382,196,YDR382W
Complex_478,27,0.9003,0.3382,23,YBL027W
Complex_478,27,0.9003,0.3382,37,YBR031W
Complex_478,27,0.9003,0.3382,728,YNL301C
Complex_479,24,0.9001,0.3467,775,YOR063W
Complex_479,24,0.9001,0.3467,761,YOL127W
Complex_479,24,0.9001,0.3467,59,YBR191W
Complex_479,24,0.9001,0.3467,513,YKL180W
Complex_479,24,0.9001,0.3467,274,YFR031C-A
Complex_479,24,0.9001,0.3467,658,YMR194W
Complex_479,24,0.9001,0.3467,667,YMR242C
Complex_479,24,0.9001,0.3467,37,YBR031W
Complex_479,24,0.9001,0.3467,295,YGL103W
Complex_479,24,0.9001,0.3467,685,YNL069C
Complex_479,24,0.9001,0.3467,463,YJL177W
Complex_479,24,0.9001,0.3467,83,YCR031C
Complex_479,24,0.9001,0.3467,211,YDR471W
Complex_479,24,0.9001,0.3467,610,YLR448W
Complex_479,24,0.9001,0.3467,490,YJR123W
Complex_479,24,0.9001,0.3467,113,YDL082W
Complex_479,24,0.9001,0.3467,114,YDL083C
Complex_479,24,0.9001,0.3467,627,YML073C
Complex_479,24,0.9001,0.3467,375,YHL001W
Complex_479,24,0.9001,0.3467,202,YDR418W
Complex_479,24,0.9001,0.3467,334,YGR085C
Complex_479,24,0.9001,0.3467,306,YGL147C
Complex_479,24,0.9001,0.3467,282,YGL030W
Complex_479,24,0.9001,0.3467,111,YDL075W
Complex_480,22,0.9001,0.3096,587,YLR340W
Complex_480,22,0.9001,0.3096,334,YGR085C
Complex_480,22,0.9001,0.3096,622,YML063W
Complex_480,22,0.9001,0.3096,513,YKL180W
Complex_480,22,0.9001,0.3096,658,YMR194W
Complex_480,22,0.9001,0.3096,490,YJR123W
Complex_480,22,0.9001,0.3096,667,YMR242C
Complex_480,22,0.9001,0.3096,627,YML073C
Complex_480,22,0.9001,0.3096,761,YOL127W
Complex_480,22,0.9001,0.3096,274,YFR031C-A
Complex_480,22,0.9001,0.3096,463,YJL177W
Complex_480,22,0.9001,0.3096,610,YLR448W
Complex_480,22,0.9001,0.3096,295,YGL103W
Complex_480,22,0.9001,0.3096,113,YDL082W
Complex_480,22,0.9001,0.3096,685,YNL069C
Complex_480,22,0.9001,0.3096,434,YIL133C
Complex_480,22,0.9001,0.3096,237,YER074W
Complex_480,22,0.9001,0.3096,136,YDR012W
Complex_480,22,0.9001,0.3096,728,YNL301C
Complex_480,22,0.9001,0.3096,196,YDR382W
Complex_480,22,0.9001,0.3096,540,YLR029C
Complex_480,22,0.9001,0.3096,111,YDL075W
Complex_481,25,0.901,0.3019,513,YKL180W
Complex_481,25,0.901,0.3019,775,YOR063W
Complex_481,25,0.901,0.3019,274,YFR031C-A
Complex_481,25,0.901,0.3019,658,YMR194W
Complex_481,25,0.901,0.3019,282,YGL030W
Complex_481,25,0.901,0.3019,667,YMR242C
Complex_481,25,0.901,0.3019,37,YBR031W
Complex_481,25,0.901,0.3019,295,YGL103W
Complex_481,25,0.901,0.3019,685,YNL069C
Complex_481,25,0.901,0.3019,59,YBR191W
Complex_481,25,0.901,0.3019,705,YNL178W
Complex_481,25,0.901,0.3019,202,YDR418W
Complex_481,25,0.901,0.3019,334,YGR085C
Complex_481,25,0.901,0.3019,463,YJL177W
Complex_481,25,0.901,0.3019,83,YCR031C
Complex_481,25,0.901,0.3019,211,YDR471W
Complex_481,25,0.901,0.3019,609,YLR441C
Complex_481,25,0.901,0.3019,610,YLR448W
Complex_481,25,0.901,0.3019,490,YJR123W
Complex_481,25,0.901,0.3019,113,YDL082W
Complex_481,25,0.901,0.3019,114,YDL083C
Complex_481,25,0.901,0.3019,627,YML073C
Complex_481,25,0.901,0.3019,375,YHL001W
Complex_481,25,0.901,0.3019,761,YOL127W
Complex_481,25,0.901,0.3019,381,YHL033C
Complex_482,29,0.9005,0.2869,513,YKL180W
Complex_482,29,0.9005,0.2869,775,YOR063W
Complex_482,29,0.9005,0.2869,778,YOR096W
Complex_482,29,0.9005,0.2869,274,YFR031C-A
Complex_482,29,0.9005,0.2869,658,YMR194W
Complex_482,29,0.9005,0.2869,538,YLL045C
Complex_482,29,0.9005,0.2869,667,YMR242C
Complex_482,29,0.9005,0.2869,540,YLR029C
Complex_482,29,0.9005,0.2869,282,YGL030W
Complex_482,29,0.9005,0.2869,289,YGL076C
Complex_482,29,0.9005,0.2869,546,YLR075W
Complex_482,29,0.9005,0.2869,295,YGL103W
Complex_482,29,0.9005,0.2869,685,YNL069C
Complex_482,29,0.9005,0.2869,434,YIL133C
Complex_482,29,0.9005,0.2869,705,YNL178W
Complex_482,29,0.9005,0.2869,334,YGR085C
Complex_482,29,0.9005,0.2869,463,YJL177W
Complex_482,29,0.9005,0.2869,211,YDR471W
Complex_482,29,0.9005,0.2869,83,YCR031C
Complex_482,29,0.9005,0.2869,468,YJL190C
Complex_482,29,0.9005,0.2869,610,YLR448W
Complex_482,29,0.9005,0.2869,490,YJR123W
Complex_482,29,0.9005,0.2869,237,YER074W
Complex_482,29,0.9005,0.2869,622,YML063W
Complex_482,29,0.9005,0.2869,113,YDL082W
Complex_482,29,0.9005,0.2869,114,YDL083C
Complex_482,29,0.9005,0.2869,627,YML073C
Complex_482,29,0.9005,0.2869,761,YOL127W
Complex_482,29,0.9005,0.2869,381,YHL033C
