1753	2964
1265	2849
4270	4589
508	2641
524	5191
3713	4864
2950	5026
2936	3026
1723	2759
515	2944
2050	4752
3753	4644
2953	4343
1519	4807
2554	4379
2653	2914
1767	3169
2510	2849
2226	4412
844	4031
1210	4012
834	4813
1606	1878
3156	5112
2964	4378
1420	4641
1168	1723
3609	4589
844	4868
228	3160
5033	5241
882	2665
3737	3756
3089	4104
498	1723
423	3543
3664	4200
154	4276
3359	4321
572	1155
1849	4864
4714	4841
2653	4165
1907	2519
2914	4141
2643	2991
2226	4714
137	5047
1561	3401
159	3616
3049	3922
676	3680
1089	3879
759	2904
1127	1391
907	4127
662	1623
1133	4608
2318	3246
356	600
70	543
2505	3169
290	858
1972	4129
2025	3262
989	992
1349	4412
1013	2749
3782	5020
4225	4507
2711	3501
3859	4853
335	2642
3548	5174
931	2251
1237	1373
2093	3476
2814	3664
2653	2696
2253	4899
157	4608
4	1237
989	3169
1566	5021
1265	3654
676	964
191	2657
1237	5199
1237	3881
3359	4276
4899	5215
339	4482
4342	4474
1469	4439
566	4483
677	4869
2481	3931
3393	3756
154	4054
920	3918
2720	4135
989	3689
2964	3562
3019	4536
92	760
659	4909
752	1723
154	2827
2653	2991
2579	3529
360	4483
1189	4031
92	139
2934	4306
3454	4869
676	3206
1469	2806
1018	4408
4141	5009
271	992
1025	2730
3426	5156
3710	4822
483	1775
352	2226
329	3028
760	765
1928	3169
3061	3169
96	3477
111	1292
4608	4864
7	1570
348	5215
2346	4072
191	4030
2358	5208
2641	3981
3952	4545
1137	3240
2138	2308
3029	3713
626	981
2554	3184
3933	4471
1350	4714
1890	3630
314	1458
4019	4652
550	1469
1127	3644
348	2482
2318	5054
3169	3225
1010	3012
180	1469
3728	4220
1469	3114
2827	4054
212	3169
1469	2735
1878	2308
1411	2870
4030	5132
3710	5010
907	3937
2202	5021
155	766
4310	4864
440	3965
277	599
2970	4814
1758	4436
1038	2993
659	1166
191	4053
1266	2666
359	5020
693	2549
352	2760
601	3973
631	4191
3552	4864
1787	4864
1585	3664
2358	3261
1423	4734
1759	2040
622	1237
374	5021
1455	3019
213	5254
3973	4256
1237	2632
2026	2863
1663	2050
1237	4848
3505	3510
3109	4560
2282	3874
312	4118
855	1469
1411	3664
542	3630
648	1237
29	3510
2954	4408
3836	4471
4698	5040
559	1411
1671	4888
1127	3169
668	1880
67	1265
871	2999
943	1708
3836	4560
699	4447
1133	3896
180	2452
2219	4714
2138	3169
2735	4705
3067	3644
993	2720
2282	4021
928	4030
339	1535
92	2050
517	4964
1293	5234
2226	3240
3596	4180
766	2070
1533	3169
433	3751
1985	4408
662	1184
759	964
3694	4864
1938	2769
4440	5021
2780	3169
3636	5184
2970	4727
4063	4141
172	1919
1469	4813
68	1127
1656	4429
1438	2529
1305	3909
1652	2922
3540	3651
659	3169
1753	3169
3755	4813
4714	5073
1059	2902
328	943
33	348
3548	4809
2870	4663
284	999
586	1597
235	2282
4641	5172
806	1658
631	4495
1215	3344
3169	4443
1270	4873
228	4459
2347	4864
4116	4404
3019	3719
761	5242
3601	4848
1352	2318
433	3038
2735	3498
3846	4383
2529	2720
7	495
483	1672
225	4589
752	1709
3429	3566
381	3169
92	602
1441	4864
1814	3169
2904	3110
456	3295
3613	4594
2657	4030
2318	4054
748	2358
3160	3380
2395	4864
4066	4104
319	1549
4141	4685
2037	2453
1969	3984
2956	4869
1469	4683
1656	3160
1362	4841
3	3523
2356	4028
4118	4543
235	3600
4608	5054
2131	3169
3198	4104
2875	5054
600	1533
966	3596
882	1208
3644	5191
3019	4127
1684	3753
2078	3510
615	1988
4911	5234
70	3268
3449	3937
180	3910
673	3169
559	1010
348	516
2318	2630
92	356
1723	2844
1347	4821
1826	2123
838	3710
3937	5022
765	2826
2152	4608
707	5172
2226	2579
3049	4825
2407	3078
15	3888
154	3359
1533	3015
2870	5050
2914	5130
907	4379
2749	3782
419	3325
709	4216
291	1964
1723	2149
600	4148
352	3918
992	3960
2765	4608
989	1357
578	1533
3480	4921
615	1473
4141	4240
515	3617
3358	4683
1708	3153
1127	1237
3019	3874
386	1133
4667	5072
4202	4447
3169	3651
1475	3015
2923	4415
1469	1632
3109	3755
476	2720
7	4013
129	2051
559	653
344	3295
1467	4263
498	1469
943	5054
1622	2358
4719	5020
1656	4577
871	1448
3856	4864
5026	5057
1795	2510
3169	4921
2040	2147
620	2417
3242	3974
104	727
1137	2050
1127	4683
1968	3644
2202	4864
1352	3375
913	1316
4018	4608
2653	4622
2806	3836
2983	4864
3548	5245
33	1887
2615	3257
1766	3609
2226	4440
457	539
1684	3680
393	4072
3004	3169
2970	3546
348	3596
604	4914
501	1708
2720	3896
693	3501
10	2663
3651	4888
4026	4210
2318	5145
322	1411
348	4383
348	3358
1723	2642
3072	3169
2260	3429
3616	4996
3169	4163
1867	4845
2749	3616
2916	2936
1975	4141
4635	5199
3834	3896
2756	3874
74	3480
4577	5054
290	3153
1535	4407
924	1010
2646	3890
1188	4352
1566	1721
327	631
4116	4497
489	869
870	4723
561	4845
3516	4378
1473	5026
4477	4683
2113	4483
1691	1708
2976	4591
1928	3637
4104	4165
515	4631
96	561
1758	3548
1469	4722
235	4203
3195	4327
1519	5154
328	5021
297	2934
4127	4879
593	2318
759	3943
2382	3278
3588	3922
592	2688
1968	2653
2759	4454
2346	3824
171	4404
1469	3233
1127	4988
993	3293
112	2358
1465	5244
1423	2991
871	4560
3169	4745
1904	3169
2138	2173
938	3169
2641	3780
1387	3261
870	1981
3169	3758
516	4343
3621	4141
1227	2020
4319	5188
348	2615
1237	4560
1079	1332
1469	4252
1352	1465
3278	4586
319	4250
2732	3110
882	1723
2452	4804
2123	3206
3149	3454
1968	4383
1025	4594
651	1004
2653	4117
2993	3626
171	2806
3456	4393
2072	3114
352	4193
1016	4415
989	5132
2889	3540
2273	3307
645	5160
759	931
748	1622
2128	5112
178	4012
1155	1267
1052	2857
1232	3859
3114	4997
319	2128
524	2450
3588	5112
1614	3099
1353	4097
3040	5234
515	4031
1505	4263
196	3839
75	5054
4683	5197
3169	3378
1026	3734
615	1570
1533	3477
1270	1775
2936	3169
3631	4637
3526	3922
631	3753
387	1541
3457	3462
4909	5050
564	4044
335	4408
1138	1561
2007	2447
2934	3813
133	1133
1469	1753
4225	5008
1004	4997
4243	5227
871	2850
913	1036
920	3914
199	5062
3169	4131
4	1127
2223	3160
4637	4888
806	3295
92	5050
74	4415
3918	5062
1224	1469
3772	4383
1726	2749
578	1907
2612	3206
1349	4635
2318	2765
3160	4723
3358	4335
2323	5227
3004	4864
290	411
1779	2040
1127	3114
2756	3719
1305	1964
1268	3536
515	2418
2720	4203
196	2318
70	907
1208	3466
368	2970
4552	4864
1942	4021
564	1814
104	5160
1759	2282
138	5021
3169	4483
29	4723
4404	4560
196	2850
2529	2799
1533	4608
2318	4213
130	773
2137	3169
7	1230
3169	4645
178	2756
1944	4054
600	3477
622	4243
558	4026
2630	4379
4683	4734
356	559
277	3059
3822	5242
424	693
1907	3621
3753	4075
1448	3198
994	5215
1137	2226
498	4608
602	4165
3713	5021
1837	5047
3169	3949
2112	3169
3275	4864
1237	4592
1446	2318
7	2189
12	3516
1204	1519
1133	4864
111	1775
196	393
2290	4203
594	3029
1870	4012
191	1461
2808	4602
135	4383
4054	4608
1695	2626
393	1905
1878	3634
2758	5054
3454	4026
2595	4054
178	191
601	4643
1519	4013
2051	4641
1726	3169
2595	5021
765	4683
1819	3264
104	2135
1312	5224
3621	4275
1614	2051
2417	2953
379	4378
1294	1944
154	4473
1149	3909
112	3278
277	4252
1925	3169
1495	3250
806	1927
451	1585
707	4727
716	1104
2102	4899
2525	2537
828	1097
3999	4127
4714	5107
1097	3879
2318	3169
599	2453
191	4752
882	4922
199	3667
1814	5215
2407	3233
1237	2806
909	4391
3526	3888
277	1423
966	3293
191	4031
2370	3169
2342	5054
4383	4960
12	735
382	4343
4643	5238
3207	3454
2730	5054
3630	4807
77	2179
3778	4894
3907	5021
878	2482
2653	4317
716	2081
601	1161
225	1237
4041	4766
1334	2020
1708	1942
3516	5050
827	3169
92	838
3596	5231
766	3856
4471	4813
3089	4589
5062	5160
1691	4714
3630	4877
1237	3059
1907	3856
1473	4443
1907	2912
599	4109
960	3613
2827	5209
2529	4864
662	4361
3203	4960
3636	5177
1237	4824
7	4591
352	948
3169	3898
676	4988
2756	2983
4635	4959
1133	2407
313	5238
839	5226
96	4514
412	2615
2418	3169
3973	5242
1237	4468
1656	4336
626	1390
3177	3462
2084	5054
1105	2898
347	581
696	5227
2976	3169
2324	3278
277	3358
1025	4385
1765	3644
2653	3336
276	495
3266	4637
1671	1942
212	766
2916	4041
2720	4397
1003	1758
1698	4369
4031	5107
270	3169
735	1904
1127	2477
1390	2905
135	4415
1265	4369
1878	2849
1576	4845
1026	4407
1237	5081
154	1237
2850	5154
5054	5241
33	4075
675	4698
1293	4483
1146	1458
2895	3601
164	1585
3004	4093
760	4276
3169	5154
561	1133
353	4385
707	2318
2735	3363
699	2537
1038	3138
3169	5040
966	1127
1334	1505
2598	5041
788	4766
3176	3979
1237	2546
495	5215
659	2318
4698	5043
133	1926
4703	5227
3026	3169
693	3667
545	1549
495	3019
432	4852
1519	2916
1766	5217
2008	2989
3169	3634
3169	3966
2773	3859
387	2510
2579	5050
3882	4727
3644	3836
1107	2579
1566	2367
1561	2113
137	3275
1010	2356
3153	3801
752	989
2617	4631
1226	3637
1479	2382
2641	2965
1270	1520
999	5242
1532	4475
945	4180
3169	3450
1018	3741
1176	3710
819	2130
1112	2072
1945	4495
992	1237
247	3169
3562	4970
134	5122
2189	2917
3078	5160
2630	4101
497	4141
1473	2595
2308	2318
3918	4028
515	3540
2991	5054
1494	4583
2051	5172
1349	5230
483	1905
1469	5241
3030	3158
524	3490
228	827
1753	4135
1026	4864
4393	4992
70	4280
1237	5054
3169	3962
2240	4836
2273	2630
7	4985
446	4144
859	4180
3019	3631
516	2040
1600	5172
2642	4610
196	4824
3609	5209
1621	4864
2795	4415
2720	4497
1237	1352
104	164
3848	4864
1133	3492
794	5054
112	4466
3879	4129
1166	3882
1209	4141
934	1034
381	600
1561	5177
1034	2774
1533	4104
600	3907
2945	5098
2078	2128
96	1354
3358	5215
374	4275
154	5215
381	3477
1025	3116
768	3733
1723	3169
2591	3169
4785	5047
4116	4907
1505	4385
2970	3710
600	4727
136	2094
960	4970
1133	4676
4725	4727
2416	2889
92	4372
4141	4741
1758	3755
223	3169
1469	5154
4864	5018
2050	2139
676	3616
1653	4888
882	3687
3740	4663
2149	5054
2440	3294
4601	4844
2895	4586
2945	4475
3109	4477
2070	4141
761	4275
92	2826
759	5154
92	3348
602	4683
3116	4385
326	2490
7	1759
1519	4327
5132	5135
675	4635
920	1701
920	4310
2827	4471
1705	5188
861	4788
2806	4560
3160	4637
2756	3510
100	4275
1455	4608
2953	4436
1127	3910
1010	5184
550	1656
943	4663
761	3295
4093	4909
773	2416
3169	3631
1448	4841
7	960
92	3914
4411	4864
653	5112
4317	4864
2518	2720
2895	4674
1176	1758
68	348
271	3848
1904	2094
3306	4127
1758	5245
4133	4497
2612	5076
348	1990
948	1469
1188	3505
3289	4076
761	1112
1701	5146
1162	1451
515	4739
2700	5020
2643	3713
2760	5020
3135	4220
943	4635
157	5050
3089	3348
2318	3562
1294	1541
1237	3596
1599	4547
842	3982
1237	4755
5018	5120
4028	4275
1137	1701
1354	1479
319	1652
1127	4477
1923	2646
225	4477
1942	4739
316	4149
901	1837
1836	2452
564	3907
1622	4609
561	600
199	3630
4891	5021
2806	3359
1759	4879
33	2600
3457	4328
1293	2885
3931	5156
419	4378
1034	2720
3976	4582
213	2694
993	3556
1133	1451
417	1312
339	3505
2050	4864
3714	4193
3019	3802
4671	4909
3160	3651
1347	3169
74	2079
3306	5160
1284	2720
801	4483
577	3169
676	3110
79	1650
423	1622
3596	5043
2078	5033
964	2732
4609	4678
3294	4852
2346	4589
1785	4754
3295	5215
1907	2824
2849	3983
156	3454
1878	3654
172	1127
319	3156
1293	2737
618	1237
931	1127
3169	3874
665	5175
7	2375
3194	5135
1907	2417
2826	3832
2423	2983
75	564
600	4608
4486	5054
1097	1972
159	5154
1852	3549
1736	3954
2991	4028
1814	2916
2806	2999
4330	4408
2130	4739
3169	4276
1473	5054
1194	2774
172	5146
1215	3212
859	989
1352	1455
2888	3548
686	5215
1347	1671
1237	4879
2653	2849
631	3008
1779	4013
134	1258
4106	5215
489	960
3012	4867
380	4141
1237	2976
1016	5127
1133	2733
3278	4336
339	2612
1766	4802
7	3824
348	3158
3973	5215
1104	3136
1512	4280
3253	5054
576	1816
19	3160
1759	4864
3169	4787
319	4317
1561	2756
1753	1901
1208	4424
68	5215
3470	3643
871	3644
1671	2889
871	3109
3758	4736
1411	2529
1541	2665
4714	4909
1532	3526
1127	2595
2717	3596
314	5020
3295	3973
1753	3777
3939	4864
1533	3462
1393	4012
3973	5238
457	4013
2738	4141
871	4734
277	1293
3582	4864
2390	4141
1905	2346
489	1237
196	1684
3049	4385
2982	4714
2641	3845
1034	2529
1723	4257
602	3596
3169	3509
112	1469
412	3198
2529	4547
1785	4237
1469	2373
729	2397
3594	3723
4097	5112
2776	3278
2138	2801
197	1758
1576	4260
707	1561
581	4873
461	1585
1469	4755
368	3548
1705	4841
498	659
1685	2453
1723	3096
2375	4608
2239	3643
934	2934
277	928
4116	4589
319	3699
2999	4560
4734	5073
1691	2999
2407	4891
5054	5133
3169	4801
319	5254
3047	3078
7	3351
1362	4497
157	234
566	920
2870	4635
2313	3169
1004	3548
2993	3295
2453	5073
3764	4473
2570	3619
1237	2305
1483	3651
1312	1919
2806	3644
92	4415
2149	3169
2756	5245
2358	3358
4852	5054
2945	3520
2878	3169
515	1347
3295	4135
2521	4608
483	3824
344	3549
1127	2351
2109	4752
597	3755
178	3548
1127	4997
184	3169
1695	2240
10	978
794	3169
3459	4415
2382	3169
164	4075
2643	3169
2146	4988
3617	5054
1701	3918
766	2262
1469	3289
4879	4899
1086	4378
483	3792
93	2617
735	3084
948	3548
1870	2367
1907	2965
341	4393
3116	4883
1907	2595
4210	4873
2542	5018
3295	3822
3109	4349
572	4275
674	1591
234	1133
659	707
3836	4066
1785	5047
2079	2318
313	2993
3169	4592
3751	3918
626	1901
1705	3870
3931	5165
3596	3747
235	4028
4063	5021
2042	2934
461	1720
2993	3822
368	3850
412	3933
1059	3505
54	631
348	5041
2050	3543
1927	3549
1469	3198
393	3792
2020	3169
2956	4547
1968	4141
675	3976
3316	3861
1123	3660
1183	1905
12	1901
4128	4714
1126	3169
1958	2079
12	1214
33	3114
3101	3843
3643	3710
2223	5204
82	882
495	2173
2496	3481
1684	4591
1152	4097
1646	1726
828	4393
3739	4841
4608	4891
2244	5224
1237	1473
871	1708
600	2381
368	981
33	948
277	4864
154	765
3348	5209
460	3454
3848	5054
495	4454
1708	4752
2853	5242
2806	2827
601	2993
3169	5033
2138	2849
1606	3594
12	92
958	2891
2529	2830
842	2970
2617	4825
4608	5033
410	4043
1112	3295
1519	2367
2479	4864
4940	5230
1391	3078
760	2074
2653	4834
1766	4141
1469	5041
96	3366
1390	3169
799	3169
693	4054
2604	2630
2795	4566
1653	3651
156	1919
93	1708
3480	5227
3510	3843
2519	5215
2540	5241
4395	5054
2112	4032
516	4663
761	3114
3025	5154
1357	2618
517	4560
4276	5072
2902	3843
3644	4066
994	4663
172	4412
433	4031
615	960
104	4627
138	5054
371	3543
3480	4275
235	3982
291	2725
1112	3549
4165	4864
344	1708
347	4210
2505	4237
1214	1533
235	1968
2070	2991
4814	4970
319	1695
3257	3836
1237	2323
3734	4495
711	2653
1051	3160
79	516
648	931
1165	1743
235	3713
115	2806
1188	2496
3060	3839
517	4116
33	2993
326	4220
70	4031
2620	4463
2585	4608
943	3644
622	5041
137	3015
2916	5215
964	3110
586	4807
68	3169
70	498
2806	4813
3378	4663
2956	4717
3426	3973
498	4012
960	2936
1646	3710
313	601
225	4608
1133	4787
839	1524
96	2087
423	4225
1892	4407
2240	3138
1127	2735
96	396
517	4589
815	3413
315	2934
419	2617
677	4429
1082	4483
2416	3548
3548	5054
3803	3890
1769	3063
3955	5156
3	4393
2308	3169
1753	2720
1038	3169
1708	2356
142	855
1919	4873
578	3038
4609	5156
2936	4635
2788	5021
344	3114
164	824
4	659
417	3155
1772	4026
489	1516
1137	1270
1423	4275
440	1862
2944	2985
1146	4225
368	4185
365	615
4471	5054
1127	1183
348	3771
2991	5021
3169	3483
1492	5021
314	3644
1016	4447
1905	2657
96	3038
3888	4785
1708	4967
495	1127
1907	5056
171	4477
1469	4030
380	4072
2676	3836
296	5054
1208	3169
578	4627
290	469
871	3596
352	3601
17	4466
1490	4260
3282	4864
1155	2078
3212	5234
339	4156
2483	3896
729	1972
3609	3651
1701	1708
1708	2217
1907	4306
1758	4447
686	2878
457	4412
1652	2749
592	1907
3257	4104
864	3275
45	1867
292	5054
319	2416
1698	2889
1864	4199
2781	4970
3498	5018
3169	4723
77	1695
80	1649
483	1708
2970	5154
3498	3834
2823	4275
460	934
1455	3039
1585	1758
2742	2942
137	4385
4188	4970
348	3556
267	3169
2221	2756
989	1720
501	1469
2273	5215
4104	4967
2529	3366
3169	4393
329	1537
2595	4879
1007	1026
271	673
2717	4635
348	3931
2976	4891
419	3025
1721	4466
164	2453
1010	2463
1585	4018
1314	4195
2814	4591
3755	4683
684	3004
4062	5054
600	709
868	4385
4591	4988
2118	2240
379	3516
1451	4202
2653	4741
328	4841
2850	4104
2043	3257
1237	5172
815	2540
433	4752
2663	4752
1656	3856
2970	5062
1189	2870
913	4635
115	4560
1649	4734
989	3644
1671	2416
2863	3710
1708	1905
3169	3232
2323	4028
4813	5215
1289	4466
2595	4012
631	3734
1878	2801
96	572
2510	2612
3792	4072
314	1349
1490	4997
489	4075
2240	3853
517	1632
4383	4454
686	1537
130	4888
1208	2594
4879	5156
693	3489
878	2505
543	4280
2298	3184
2102	2595
2318	3289
1753	4933
1942	4841
1964	3643
2358	2781
67	4043
502	1870
3548	5227
33	1708
142	393
858	1494
2355	3710
1671	5054
483	4276
3510	4579
58	3169
2756	5219
3803	4785
1137	4877
461	4163
1658	3230
1585	3908
3643	4935
290	3677
2826	3257
2829	3169
711	3644
259	994
1567	3177
578	1237
558	686
2991	3875
1646	2318
2113	2318
2282	2482
2251	3753
3644	4560
155	1038
3089	5209
3596	3764
1901	5215
7	5197
4604	5020
994	3710
1837	4345
92	2351
1527	4144
7	2822
3549	3822
1919	4310
104	4635
864	4597
275	1016
1632	4104
1038	5021
2356	2717
1761	2653
501	3359
2878	4385
3947	4542
1373	2956
1465	3295
4349	4471
4813	5160
2655	3169
255	2953
191	1189
794	5031
2529	3853
765	2827
3907	4158
75	2417
92	2923
2970	5177
931	3548
3856	4383
1312	2244
171	2999
1610	4041
277	2995
2300	4327
1483	2482
327	3466
2135	3169
615	2915
4066	4964
96	135
1016	3459
1646	3882
992	4183
765	3556
1739	5021
191	3867
3169	3577
960	3670
1422	4864
2128	3505
960	4703
423	2358
483	3348
1708	3556
2072	3973
788	5054
517	2999
686	3509
1878	2138
1656	4622
788	4202
930	4608
156	3184
156	4940
765	1708
844	5172
277	1350
1127	2244
550	1392
33	2640
2087	2453
352	5062
3225	4813
3169	4237
1701	3914
982	5160
7	144
1793	4041
3492	4608
290	4582
2983	4879
2916	3257
4342	5133
2915	4736
3393	4864
164	2746
196	3803
1527	4828
2318	3071
2983	4028
3769	4663
1622	2942
3049	4582
2299	5054
3824	4093
765	4276
1554	3012
648	3029
2395	4141
601	5156
989	4378
2735	3078
334	4609
1038	1766
1004	1753
219	4864
615	4385
3630	3914
1785	2730
277	4076
3049	5112
13	2273
2653	2982
3944	5008
1701	3529
3995	4367
35	4275
3769	4436
3596	3667
486	1209
2902	3699
870	3510
170	2510
2956	4267
1354	4485
1874	4031
1632	4560
599	5184
2226	3918
558	4154
191	4093
2827	5021
3755	5095
3753	4988
115	225
5021	5157
1113	1622
2050	2226
1673	1758
602	2358
4752	5062
707	889
3169	5049
1026	4495
4909	5107
368	1316
164	4879
104	1423
1387	3995
2641	4182
2569	3124
2072	4813
104	4128
191	1312
53	3169
931	3680
1652	3723
2916	3636
15	3015
1448	4683
3110	5154
1985	4703
17	2384
1766	4030
2510	2594
3644	4698
4483	4575
1420	2318
601	4967
2147	3398
2728	3169
2243	2749
3822	4643
1632	5215
3393	3737
3466	5112
387	1208
29	4267
2653	2898
3169	3596
457	2879
2223	2756
115	517
92	2579
70	111
1769	3960
5011	5050
794	2653
7	111
601	3549
931	3206
1127	4226
136	468
1420	1600
1455	3415
1133	1439
3359	5238
96	2453
2251	2853
67	4237
1029	4233
1214	5050
833	5054
3735	5120
2970	3169
352	3714
1870	2602
752	4705
3194	3556
2760	4635
3269	5054
3853	5217
3169	4542
235	1656
3169	3813
77	2730
123	5054
989	4415
923	1237
1137	4909
1347	2527
171	4560
2749	3168
1535	2123
2113	5172
3643	3937
276	3403
1208	3223
3403	3875
3492	3566
2109	3741
928	3169
2953	4101
2540	2554
1237	4179
718	3169
2569	4556
2766	3169
3403	4343
3836	4270
2135	4112
4477	4964
277	1726
1461	4383
1370	3594
1133	1533
1519	2653
2765	3169
3556	4812
2569	3792
1859	3153
133	1091
826	3019
2850	3246
1990	4698
2510	4194
871	3306
1270	5127
3169	3764
1766	3744
3776	5107
2595	4667
4275	5184
4030	4144
4203	4864
1964	2735
255	1237
999	1004
718	3294
1532	4043
1603	3169
1350	4233
28	3824
1907	3026
1527	4367
3601	4674
417	659
1127	1632
7	4857
191	752
2102	4415
711	5021
1614	2318
1701	2050
1038	2733
857	4412
164	4183
2632	4310
299	3637
3505	4141
275	3459
683	3169
29	2991
597	4659
1907	4491
2778	3834
752	928
3896	4755
1990	2653
4257	5186
3753	4349
1349	4873
3557	3636
134	673
3644	4589
974	3036
2135	5207
4030	4415
4589	5209
2653	4552
2109	2663
70	167
487	558
1874	3464
2043	4967
673	2735
2145	2630
1701	3240
2318	2970
1025	3015
277	3772
4066	4589
3160	3843
2850	4683
923	1133
1428	4280
1758	1938
2641	4966
3630	3713
1104	4118
2970	5215
2367	3169
104	1484
1265	2138
3494	3741
348	4841
225	1905
3206	3952
7	981
2889	3160
2407	4272
631	2020
1284	3802
423	4911
1964	2540
348	3426
1942	4663
45	3039
1927	4853
1127	1708
104	1176
3736	4329
707	3546
74	4466
601	1214
2318	3228
4031	4527
1533	4192
3264	4487
2653	4013
566	1179
328	3169
1237	2505
2080	3771
824	1089
45	966
2740	3295
2318	3177
1892	3734
1990	2632
676	3005
111	3169
327	2272
1606	2308
93	2346
600	1138
4841	4984
1671	4459
2846	5054
601	5215
336	3501
75	1907
698	1034
2510	5054
3562	5054
1146	2653
393	4276
517	2117
314	1990
3843	4351
558	3169
33	3739
2850	3534
371	554
3714	3918
1155	1231
1104	3710
2915	3758
3332	4613
129	2515
1905	3169
60	4825
7	3543
2290	4477
2617	5154
75	4734
716	2423
938	2630
707	1646
2515	4641
1448	4349
1358	4043
1457	3049
373	457
1905	4967
1600	2549
196	4727
291	4213
1196	2904
1622	3529
2586	3966
4031	4183
135	516
2479	2529
1224	3755
515	773
1311	1425
3169	4441
3028	3768
235	4552
314	1519
581	1179
1789	3501
3278	3562
3160	3378
2653	4627
592	1656
1585	1753
1059	2588
2756	3480
2579	2936
4783	4921
1519	5175
3601	5062
2043	4349
3158	4041
1222	4129
4078	4393
483	3753
1059	2801
3626	5156
353	3169
1166	2113
2760	3398
1237	3664
1179	4210
1188	2547
1059	1353
992	3910
1423	1758
1649	5219
1163	3289
4054	4144
1192	3194
600	2755
1237	2579
626	4280
393	4141
509	2749
920	3240
3169	3689
191	4527
913	4327
3038	3169
2874	3169
1622	4813
2964	3358
2026	4187
2020	3871
3756	4119
104	2646
3158	5021
1968	3012
2749	4604
1639	1652
1585	2152
7	2251
3972	5054
516	1942
977	2653
707	5177
3109	4456
4141	4637
4841	5234
1018	1736
259	4260
3613	3644
1585	3474
2390	3415
1585	5241
2740	3626
3753	4683
135	4116
220	1966
1723	3077
1656	5020
735	4643
3245	4454
2839	3505
3426	3822
2814	5054
2299	2672
515	2826
686	4608
1027	3596
1576	2351
3846	4841
381	1237
3480	5215
1614	2515
882	3288
3557	3896
1524	5133
2749	4336
154	4868
760	2993
1473	3019
3966	4547
766	4306
2416	4275
2653	4203
2226	4128
3931	3973
1138	2318
3206	3505
3557	4046
1113	1127
4116	4560
693	2640
4700	5215
3531	4527
1367	3109
1183	3359
2974	4864
2993	3114
2318	5041
2217	3933
28	1237
2641	2928
3169	4018
1155	3848
2991	4154
600	2936
1315	3844
1155	3397
3644	4783
3156	3505
3454	4879
1656	2739
107	515
1358	1457
1527	4646
1104	2453
928	3744
2657	3644
1133	2956
4404	4589
1455	2050
2653	5184
661	2653
291	1533
2093	3907
1587	4157
759	3753
92	1469
4601	4864
640	3280
773	4637
622	4054
4001	4461
1919	5230
2318	4736
1191	1698
2290	3933
1455	3755
335	2240
709	1758
2389	3733
1292	2749
1166	1646
3212	3344
1720	2566
693	909
1458	3976
1461	1905
3277	4909
3740	4911
371	1237
2588	5054
2093	4853
3772	4385
2372	3644
2570	2653
901	3644
196	3169
676	2612
295	1712
70	1705
699	4030
2749	3973
4714	5157
1981	3723
550	1010
2105	4970
4909	5149
2117	3004
3038	3895
393	1183
3240	4909
3431	3643
2007	3017
618	5238
1753	4497
1469	4276
2934	4627
1808	2407
3426	5242
2359	4940
96	460
2732	3753
419	3562
752	4018
1785	4479
981	2113
1890	5238
1928	3596
3169	4685
2050	3240
1179	4873
4414	4864
683	4966
989	4627
1026	4191
1516	1599
2079	2290
2630	3169
3531	4012
259	871
943	4193
419	4031
1305	4864
4864	5188
2846	4597
1494	2318
4066	5171
2529	3477
4061	5054
1237	1365
390	4888
1469	4066
60	2356
1561	2318
309	4853
1147	3644
1721	3088
1758	3982
93	3792
156	5188
1455	4403
12	379
2612	3505
858	2318
564	3896
2719	4187
440	3505
570	4014
4015	4582
2756	4012
104	1652
597	1905
348	4157
1237	3755
600	2956
149	2934
2653	4000
344	2740
842	4379
3004	4610
92	2742
3644	4845
371	788
3914	4877
992	4031
3169	3896
1532	3909
181	2356
559	2189
508	3040
29	1758
180	1265
517	4066
1467	3821
4202	4714
191	2358
3169	4843
960	4591
441	3169
566	2323
315	3492
871	4704
3152	4864
748	4477
2113	2870
235	2469
686	4031
292	4943
2324	2653
191	4154
3240	4412
96	4688
2407	3040
29	4141
1533	2147
181	1837
602	4104
3836	4589
3158	4243
277	4031
2653	3596
271	3764
2318	3505
4454	4608
1465	4497
815	1198
96	3841
2505	3634
960	1533
3846	4864
1237	2953
191	1486
920	1137
578	2934
456	1886
2749	4044
599	2417
319	4054
4583	5054
1653	1671
171	4116
1270	4852
1852	2738
1293	1469
4542	4873
989	3494
33	676
3651	3719
2416	4663
2050	5062
2483	5154
1316	4148
2392	4608
167	4280
3616	3753
2934	5120
1533	4663
3556	4024
4997	5008
2509	4888
2223	2889
430	3169
2898	3536
1469	4015
3380	4335
3610	4992
2105	2934
1133	2799
2579	5107
4378	5050
871	4683
77	1795
836	3169
1901	4970
2934	3875
335	4385
374	5020
5062	5135
3881	4141
2509	3649
4180	5184
2273	4891
1469	2970
319	1127
1622	4873
3109	5171
1586	4864
92	3566
748	4471
1878	3481
228	2509
3262	5241
329	1656
2653	3168
335	2965
675	1990
3060	3954
2318	2585
412	3834
601	3426
1106	1779
3853	4344
7	4677
1065	3169
1839	4275
2273	2416
2390	5094
156	3483
1127	3680
2521	4189
1968	4372
2993	4643
2418	3834
3169	4909
3169	4589
964	3943
642	4495
1893	4970
154	1905
2240	3285
561	4547
2491	4148
290	3940
5021	5095
651	1753
985	2243
2020	2147
1390	4252
3937	4483
2993	5215
3740	4731
2663	3741
1958	3644
276	2147
2875	4408
156	4663
4075	5081
3169	3552
3261	3483
411	2641
45	3764
3169	3822
93	3169
1179	4412
417	2970
1766	2916
290	3375
836	4608
4282	4766
3687	3772
1350	3169
92	5095
4677	5217
1905	2827
711	1907
4106	4477
2936	3237
3607	4608
3169	5149
142	3937
3062	4879
2547	3413
348	686
1671	3651
409	1469
498	1455
2540	4514
1974	4704
2020	3306
1907	4608
2219	4031
4412	5160
4310	4412
4507	5008
1237	4909
93	3089
931	4725
417	2318
2999	4066
3968	5054
1031	3630
1705	5079
1349	5062
2113	2970
96	1779
994	4864
15	2808
1267	5076
545	2510
1104	2020
5175	5184
1237	4507
989	3308
920	3521
1025	2665
2617	5238
1753	5008
3158	4608
1168	3609
3019	3769
1010	4468
154	483
3643	4195
1779	3169
319	1878
864	3049
1585	2007
387	1878
838	3548
7	4635
3626	3931
966	4661
4104	5231
1533	4076
2915	4789
2358	3957
92	3680
2147	4542
4590	4643
4141	4598
2078	3185
943	4054
1775	5217
676	3753
360	4608
33	3084
1905	2922
1744	4267
729	1561
3824	4072
92	1753
1293	4813
222	1455
2440	3169
1842	3802
615	2595
1785	2641
457	1349
277	3449
3169	4580
4490	4572
68	3005
371	3644
393	4104
568	4032
964	5241
75	3153
1671	3540
2663	5062
2776	4704
144	3643
3169	4988
359	1541
2849	2971
4608	4825
858	3677
4383	5020
993	5130
957	2720
234	3079
751	2518
2615	5215
1708	1753
1237	3918
1185	2282
154	4813
423	1919
1989	3169
1723	4677
3776	4031
3753	4473
978	1533
559	1292
1270	4412
677	4075
2006	4282
964	2020
2597	4663
460	1133
2147	3138
3116	3262
2481	3973
417	3644
2128	2588
1237	1434
538	2389
1469	2826
539	3359
3169	4302
348	2416
760	4361
1736	4043
1922	2026
2318	5074
2976	4608
67	4030
1985	5175
3594	4590
328	3867
235	3509
1469	2521
1133	1913
1585	2653
356	1606
2898	3498
564	3856
339	2902
773	2889
3169	3348
353	4482
1723	4841
599	2586
1469	2531
3012	3834
3176	3548
765	1127
1133	1968
393	2999
4275	4415
68	4988
1311	3358
2953	3802
3462	4766
79	3160
1458	4698
1038	2934
144	1127
517	3933
1010	4187
3169	5022
172	457
368	659
1549	2844
3375	5154
2569	2853
1683	4864
133	2318
1358	5010
1105	1268
3228	3275
115	4270
568	4095
3644	5171
989	4220
2953	5180
602	4841
3637	4157
2240	3942
1919	4909
928	4144
901	4440
3360	5172
7	1127
1137	1663
4378	4433
766	982
3061	3928
948	2050
3169	3569
2643	4899
104	111
1545	2749
1632	2079
2070	4734
2956	3169
615	2760
550	2653
1905	3348
4028	4454
469	2318
4415	4853
247	5041
3896	4608
3976	4627
60	2318
1316	1723
1292	5188
1237	4667
3659	4275
315	2653
924	1469
4030	4220
1373	4663
483	5209
1387	2529
1758	1942
773	3160
356	838
964	4644
1455	2482
1455	3012
3888	4385
277	4536
882	4385
928	3257
4483	5226
1162	3536
170	4921
2423	3153
3078	4970
4841	5215
3933	4560
213	1353
615	2223
2448	4076
540	4286
1029	2240
7	964
3734	4191
2123	5112
566	3169
2358	4415
2452	4945
284	3822
1133	3699
1671	4637
75	316
3278	4053
96	2240
138	566
1420	1614
622	5188
759	1684
1282	3775
1614	4641
4028	4367
4412	4909
344	761
2617	3060
577	3780
1870	2756
348	4106
3109	3824
423	4541
1390	2367
1143	2898
3169	3275
2226	5215
2226	4193
1901	4841
2694	3275
1104	4202
1758	2418
3979	4864
3776	5054
2040	4021
1913	3710
1649	4141
4497	5021
1025	4486
2226	3914
1293	1352
4609	5120
709	3169
82	592
1874	3753
1237	3768
468	3830
164	1334
1347	4739
642	3004
4267	4466
2226	5146
1490	2449
799	2079
1708	3549
3626	5242
2364	2617
3454	5020
992	1469
1753	3153
1964	2138
2749	4577
2254	2358
1455	1484
348	836
225	1352
2318	3546
197	4148
3979	5157
740	3710
692	2318
2904	3753
1905	2595
1532	4041
4622	5227
77	2713
2755	4349
3129	4193
1237	4462
1730	3169
196	2076
600	5238
1224	2358
1585	3038
3169	3245
1457	2727
592	2956
194	2299
446	4189
45	4661
4841	5021
7	4959
561	4021
3060	3077
4276	4714
235	1010
92	4683
319	3965
144	5230
3769	4012
2370	4266
4429	4864
4141	4814
2226	4378
7	3454
267	292
2037	2537
111	838
1237	3608
104	1519
2070	4275
1347	1698
1038	4026
1358	4263
3278	4148
3067	3344
676	1684
1905	3792
2617	2993
1127	1561
884	1284
1549	3169
2934	3078
1237	5041
456	2926
348	2519
964	3206
1237	5154
1789	3169
515	4267
4566	4663
194	3510
139	989
636	4723
2318	2676
1484	5021
3637	4372
235	2749
70	804
2540	4326
839	4210
1016	4357
4192	4714
1708	4349
3278	4439
1210	2299
1133	4814
882	3523
2806	3933
3431	4662
2725	2915
3510	3891
636	3510
2351	5144
276	1133
1212	4385
1585	4019
697	1870
2983	4052
618	5057
1138	1646
393	3824
653	3466
7	2318
1227	4280
1919	5135
3160	3206
2358	2917
655	686
1883	3643
259	4383
1878	3116
180	5227
882	4182
1113	3596
2070	2653
516	3477
3207	3896
558	5144
2916	4024
948	4909
4062	4275
2806	4477
3413	5112
931	1701
1585	4879
928	4752
602	4560
1133	3278
1455	3710
3755	3933
2499	4157
4439	5130
659	2970
566	775
709	4141
100	2945
2521	3824
1622	4392
4419	4864
348	2863
3664	4644
1455	3933
3740	4671
2128	2844
1265	1353
1191	3843
1671	3719
1658	4766
1007	3509
347	1928
144	4454
1684	2904
2050	2749
5156	5238
1469	4403
164	4869
3849	4129
2043	2615
2450	2776
2991	4275
1520	1533
4330	4714
1964	3664
554	1516
3696	4864
3295	4643
2079	4560
3015	3275
1086	2579
159	2904
564	945
3237	4192
2759	4864
1723	2358
276	4141
2677	3023
387	2505
4028	4864
592	4141
578	2579
1465	2092
1766	2756
1237	2014
1535	5076
599	1104
12	1086
716	4004
1469	4104
2677	4888
3413	4263
276	1901
419	2936
3933	4477
1156	3025
3169	4194
1127	1204
3492	3644
3549	5242
622	2521
2737	3498
3931	4852
977	3386
290	2504
1469	5033
2358	2942
79	368
2240	3589
277	995
4424	5054
3109	4104
1237	3981
1465	2720
597	659
1691	2850
487	3751
1469	1473
1237	2308
1684	2732
348	1212
1566	4864
2966	3169
2694	5254
1293	4608
3240	3918
297	712
4608	5041
1086	2253
2318	2521
1742	3169
277	966
601	2923
1907	3875
2079	4589
2532	3625
4	4601
2515	3169
433	2663
3498	4383
1907	4343
651	999
3169	3944
4275	4440
4322	5033
1162	1354
3169	5177
2229	3008
622	1814
871	5208
1646	5177
2145	3710
419	3957
1708	4683
111	4575
12	1533
381	2452
2416	3169
2923	4447
2936	4935
67	4552
2251	3822
3822	5160
54	1026
96	4148
2902	4097
1426	3169
2934	5018
4714	5037
1026	1945
1653	4637
3169	3308
2781	2934
2219	2226
686	2970
4495	5054
952	4641
2653	5047
960	3736
4225	4635
1237	4861
1387	4864
2617	3498
913	3114
1723	2318
3169	4424
96	578
1990	3596
7	319
716	884
773	3577
1411	3492
2630	4608
1905	3089
312	4864
130	1942
3644	4030
2696	3643
1869	2072
5	3012
3552	4003
648	2964
276	3740
3278	4028
1938	4263
920	4714
2716	5227
3110	4988
2205	4473
2850	4988
748	4719
924	5081
3023	4054
339	4097
1051	1353
5156	5242
1127	2657
3890	4864
225	3169
3529	4873
599	2923
2383	5154
1097	3849
4335	4714
945	3278
515	2889
1237	3780
3108	5021
2318	2870
2870	3664
2510	4883
1266	1893
255	3169
2318	3482
3078	3135
1237	3380
602	1224
2440	3477
924	4243
191	2663
111	4845
1133	3377
299	1227
2240	3997
1632	3836
371	1494
1455	1554
212	5054
2219	4128
2205	4572
222	3710
495	1533
496	2730
489	516
3516	3549
1469	4106
319	440
1349	2050
235	2324
3896	4275
2875	3643
3169	4560
419	4342
360	3169
913	4671
2889	4888
3117	3169
497	3169
4237	4864
559	1133
2558	3637
1624	4364
92	4378
159	931
1907	5241
1972	4243
498	1237
2964	4439
54	4407
1455	2875
1632	4477
92	3689
5041	5215
4359	4663
211	4473
1469	3933
1520	4714
476	2318
67	2078
2076	3169
347	1179
1673	3536
928	3063
1349	5026
4910	5141
716	1469
1351	3169
2529	2749
1469	2999
1656	2945
3245	4608
2902	3156
1907	2953
2902	3510
4454	4841
693	2774
1237	3470
1469	1901
1974	2040
1808	4210
1208	2627
3933	4404
2853	3822
2773	3268
3670	4104
45	4845
1701	2226
1237	3613
1533	4461
662	4385
662	1343
2653	3499
760	4335
3824	5209
1901	5050
2954	3169
213	3169
920	4193
2014	4608
2117	4864
1533	2219
3963	4864
913	3543
832	3059
3644	4149
3169	4476
1656	2278
1138	1293
1974	2282
904	1265
96	5171
561	571
112	1010
3072	4864
301	4704
2542	5174
412	4560
1146	4698
1227	2781
144	4864
2970	5188
5054	5076
765	4940
3029	3596
3169	4349
1779	4663
159	1127
2173	4919
2760	4864
2146	3710
3169	3480
213	319
2529	5244
4407	4495
3359	5208
539	5050
1600	4641
2217	5208
2555	2643
2658	5054
2273	4157
1166	3546
4030	4183
2130	3040
1758	4864
180	5217
2617	2720
760	5238
1870	3856
393	3609
674	882
328	581
1445	4440
3757	4275
5135	5160
1533	2755
3084	3664
1720	4909
707	2488
1455	3109
178	5054
794	5020
4591	4644
154	2318
1230	4608
4789	5054
784	2944
1390	5018
2482	4455
543	3169
2014	4515
319	2715
2481	5165
3973	5156
2676	3644
1036	4225
1736	4083
1907	4814
1455	3215
2739	4515
3637	5157
1051	3505
4667	4910
762	4250
371	3483
1237	2936
1779	4101
1312	3644
3348	4841
2416	3769
2612	2849
600	4243
1469	4560
2519	3454
1901	3261
2223	5219
2774	3177
2970	4725
3446	4476
3739	4663
1561	2970
1016	2923
2130	4254
3028	3169
2737	2934
93	672
972	2915
826	4194
2672	3169
2756	5227
1709	3429
1974	4663
326	403
1034	5054
1212	5215
4109	4141
948	977
2087	3169
1469	2827
2290	2615
1989	4608
1392	2991
1401	3617
108	3169
3225	3413
3557	4783
4275	4698
33	3548
2653	3856
1814	4044
1905	3609
2240	2667
981	5054
2020	4591
707	5122
1378	4030
3644	4995
2540	2970
517	4276
1622	4275
3156	3169
3285	4910
2653	5020
1646	4106
2814	3169
2999	4270
319	3262
1425	2765
2838	5054
3637	4864
2965	3845
2318	4589
1649	4257
3976	4141
319	5090
45	4267
3611	4141
3644	4318
1127	3822
1155	3156
626	2298
622	1138
3008	4879
154	5209
1753	3556
2612	5054
1214	3516
2735	3644
2318	5125
982	4026
348	4243
3667	4635
2433	3169
2008	3999
3896	4127
1268	1673
716	4473
2025	2273
1554	2050
2529	2866
2051	2749
352	3169
3526	3976
4030	4527
2653	3078
1469	1708
516	3366
1535	3699
540	604
1814	4590
1350	1723
1138	3963
108	4940
884	923
12	1237
2358	3289
693	3419
3974	4440
931	1391
675	1146
3546	4608
1237	2716
3009	3902
618	3257
461	884
1561	4864
3620	4003
978	1352
1541	3169
1460	3169
622	2936
697	3169
213	478
1708	3257
564	711
235	1736
2449	2934
1600	4227
1739	1787
2093	4637
2732	2904
2827	4560
2081	4327
1007	4191
4030	4752
1591	5122
1237	3240
2138	3040
686	4677
133	3744
1469	3896
156	1183
4223	4330
618	1113
104	711
1332	2827
2117	3556
4864	4940
419	3943
1127	3689
227	1455
360	600
144	2653
2870	3644
2756	3509
4054	4635
993	4719
1406	3278
1533	3644
77	4237
1224	4560
1632	3933
4061	5175
993	1127
559	3268
711	766
868	1743
784	2983
112	1758
931	2681
171	871
2632	2653
33	3549
319	2594
7	3667
2971	3907
3019	4663
1155	2678
1237	4075
82	4813
1237	2173
2776	5056
852	882
1829	4864
1346	3169
3960	4546
1785	4582
3403	3769
516	5188
4199	5160
928	1469
2300	2989
1473	4873
335	4966
868	5054
4066	4270
157	3245
3386	4202
277	4202
2765	3664
1570	4290
1671	3843
1289	1907
1413	4087
1708	2663
3344	5234
456	5107
1866	4210
2318	4864
45	751
3562	4864
2720	3308
693	4483
3230	3710
28	515
3954	4141
3169	4043
2945	3621
1350	1469
559	4731
3177	3225
4359	4914
2970	3025
615	3019
3867	4031
2093	2934
348	495
2358	3543
2298	3348
1224	3169
92	1520
2549	4483
801	5062
4648	5174
578	4275
457	3637
3890	4879
60	3419
3015	3526
291	3169
1237	2105
77	319
456	4072
235	3939
748	4106
3019	4046
1878	3160
1380	3169
3341	4015
1622	3207
3636	5050
517	2806
2000	4021
1758	4552
156	5054
993	3764
319	5076
3776	4909
2070	2358
1981	5154
96	235
4127	4378
765	4589
2318	2788
1473	2423
1010	1761
884	3498
1646	5172
1901	4663
1541	1785
3295	5127
3765	4473
2106	2278
1411	2916
2356	5020
3169	3249
3109	3257
1793	2846
1236	3169
3019	3480
2372	4864
3169	4439
3529	5050
1166	2870
1758	5208
1357	4378
659	2113
3418	4853
104	1292
3566	4030
1723	2916
7	1192
2999	3933
3933	4683
1469	5057
2581	2756
1441	4383
2240	4998
1378	4031
978	3060
137	4597
3293	4199
1237	2355
356	1292
4165	5008
284	4203
1585	4276
4342	4466
316	788
1578	1758
137	3588
1209	2147
735	4864
77	3015
3206	3680
761	1708
2756	3294
3834	5175
989	1663
1469	4825
2113	5177
1503	3822
3071	3169
1653	5219
1107	2226
1036	4507
460	2850
878	2367
348	2226
2358	4609
1650	4556
1785	3888
344	3821
1237	1819
3664	5050
1519	2482
852	1212
1237	4678
960	3358
3505	3699
838	1292
3169	3489
2152	3169
2070	2749
242	1469
1990	2717
1133	1516
550	4466
1708	3295
943	4013
3694	4997
3067	3212
1622	3261
3257	4349
1469	1958
1034	1188
96	167
1190	4141
1505	4237
2934	4275
3505	4097
328	1099
735	4141
3950	4864
1737	4616
3822	4909
924	1904
154	4104
2240	4385
515	4841
1237	3004
359	3169
1208	3147
1354	2586
765	1960
319	5256
4237	4272
1737	5054
4141	4627
1237	3494
1393	3169
196	855
1209	3449
96	3169
2217	4734
3710	4970
1519	3910
3577	3766
2617	5156
1445	3169
672	1708
3261	4864
2126	4807
3644	4485
135	4864
3015	3888
2416	4889
92	111
93	483
104	1403
498	2273
1878	3510
2653	3160
913	3029
1162	2240
1533	4766
913	931
1038	2795
180	516
824	3257
2653	4028
1959	3169
1622	2044
3135	4031
1311	3153
1237	3233
225	4276
1224	3257
1672	1968
2756	5213
2850	3198
133	3643
1318	4275
1445	3846
3169	3772
2381	4663
2147	2768
4310	4873
137	1785
1907	4342
1721	5184
686	3155
566	1646
70	3038
901	2653
3546	4727
144	1049
275	2416
2643	4566
838	1133
2226	4877
751	5054
554	4068
836	5215
3664	4608
1705	1907
2615	3198
3740	4075
2660	3169
749	1237
773	819
3843	5004
486	3751
4144	4734
3957	4853
1270	2318
104	4383
887	3979
1790	3237
3566	4193
4141	4663
45	1455
1469	2870
1708	4589
189	4582
648	2318
267	3496
3753	4591
247	4643
871	3504
674	2542
1127	2358
3643	4043
554	4018
2318	3937
1018	4864
5020	5199
3963	4542
191	3063
1316	3802
2730	3169
765	3358
842	2540
430	1237
3651	4243
457	1179
1036	1905
2772	3169
1895	4663
1892	3016
1445	3025
4560	5072
381	1103
4577	4714
3644	4061
1785	4608
2540	4397
689	2529
3740	4179
889	3909
134	3596
3836	3933
1237	4154
1972	4393
4321	4490
568	5094
1701	3764
2087	2117
154	5021
1293	4935
2370	2617
620	4752
601	1716
314	5132
1469	3755
2043	3933
2397	3644
108	2510
2989	4141
602	4575
884	3169
1025	2294
3024	3169
4329	5122
1632	2999
2769	5126
1155	1826
1878	5076
3078	4583
276	4275
7	4397
154	2117
934	4466
1469	3611
836	4076
1867	4719
1237	4736
1034	2240
33	2740
457	5146
2806	4116
2020	2756
4141	4158
4275	4752
1133	1775
1208	4366
2746	2749
3393	4003
2418	2749
171	4066
761	4466
581	1475
70	838
348	2375
1885	2407
1942	4909
1413	1469
1349	2632
424	4131
1349	1990
1585	5160
3548	4979
600	3026
365	2617
2956	2976
1484	3278
1265	2801
515	4280
2970	4723
2827	4909
1516	2240
3019	3169
5146	5230
3446	3755
3169	3466
686	4379
3348	3824
1519	2505
1059	1549
1907	2971
871	1455
2999	5208
960	2546
1455	3995
92	2226
3504	4119
2615	2850
1086	3101
3613	4076
1708	4721
1942	3169
2042	3169
77	3952
1701	3644
1705	2525
3062	4101
704	3059
1004	5242
729	5008
3	2735
3169	4894
3153	4415
93	1183
235	4787
1756	3169
4700	5054
662	1240
495	4663
824	3879
1475	2542
1237	4126
868	3169
3049	3946
948	1663
80	3160
419	3026
1224	2850
433	1708
491	2318
538	2649
348	1958
211	1972
3548	4986
1672	3596
2318	4127
672	4507
930	2653
1469	3651
3109	3169
164	276
599	2390
674	3459
566	709
3596	5215
1691	4988
3843	4117
2378	3169
1038	5238
913	4988
3644	4750
1758	4473
1352	4813
1237	2882
1345	3634
339	3843
1585	5125
3169	5213
1938	3169
1237	4270
390	2889
1051	2902
1448	4560
1127	3123
2510	4326
1587	2499
550	3215
247	3643
498	3651
1113	3556
1785	3757
2964	4028
2173	5054
4359	4579
3755	3792
535	2318
2338	5219
154	1469
1282	3169
3040	4739
693	839
2358	3529
1561	2653
4343	4864
748	5125
33	5107
1237	4473
1004	3483
142	267
344	4864
1566	3169
74	4440
3245	4379
1758	2949
3765	3797
3896	4864
3025	3278
1758	3078
3464	4342
495	561
70	300
4210	4310
928	3643
315	1758
839	2549
423	913
1293	2079
2109	3038
600	615
1455	2546
554	766
3464	3483
112	2934
2653	5215
749	3566
662	4476
566	4026
2554	3644
4330	5217
1138	4054
491	3169
1031	4714
96	3997
419	989
1237	4752
3019	3736
485	5054
2827	3824
2934	4061
3169	4472
2999	4964
156	4192
4663	4970
2109	4412
276	2653
3198	3644
93	1905
1753	2117
729	3822
631	1736
3933	4066
1258	4004
1293	3169
1230	3169
1919	2632
4367	4864
104	4608
5	3060
2014	3169
277	4383
77	3634
3062	5021
662	2915
3359	3644
1533	3764
4152	4864
864	3922
943	3403
1758	3973
3078	3308
3393	3699
3366	4021
1265	3692
4942	5188
3931	5238
626	3025
1366	3019
3290	3843
1907	4741
1026	3016
495	1133
3109	3198
2244	4454
246	2318
3160	4211
516	4254
3385	4280
352	1137
1585	4752
2078	3616
2006	2991
316	1658
1227	3492
3294	3626
855	1237
1127	4276
559	766
469	1585
35	352
2078	2922
864	3588
974	4336
196	989
3413	4043
2128	3116
368	4580
335	1907
4157	5215
1622	2569
1989	3849
1779	3366
4727	4736
1251	3169
1585	2521
2925	3780
824	4129
1907	2760
857	5062
1051	2138
3794	4899
1469	4462
1423	2653
33	3881
1010	2519
2696	4899
2749	5122
2653	3280
93	154
1533	2914
111	4864
2138	4552
618	4141
235	4021
3454	5177
1870	4110
390	3483
1138	2646
191	1769
1127	3928
1469	2076
3596	4635
1585	3482
2756	3531
369	3169
3169	3664
1870	3019
2087	4700
249	3071
1958	3169
45	3747
1730	5174
4477	5054
2318	4891
3753	4967
1127	4575
4000	4864
1698	4254
1533	4327
3169	4213
602	3109
2358	2382
2282	5047
686	4243
2323	3557
659	1646
1649	4097
3636	4260
1533	2298
351	3548
75	3643
2749	4317
3456	4226
642	1007
215	5175
839	5204
2223	2510
1907	4097
766	3621
4455	5054
2418	5020
760	1469
255	989
1270	2226
4736	4789
1038	1270
3776	4093
336	3169
3038	3237
315	5054
3766	5010
1758	5008
4379	4825
923	1632
1576	5188
4899	5252
3359	4589
419	1533
393	4589
640	4093
2740	3549
4144	5241
234	3169
1007	1945
368	1138
2964	3245
483	1632
2838	4864
559	4853
2318	3933
1874	4030
1622	1885
3206	3753
159	1870
2452	3169
2756	3288
1907	3072
2087	3962
457	1787
3529	4031
96	2394
1905	2717
2595	4026
2651	3359
1224	1311
191	1701
1030	3228
142	3169
319	3169
1347	2416
3169	3619
1901	1942
934	4429
765	3824
824	1097
4369	5076
1582	2895
1469	4861
1304	4970
3454	3962
4412	4873
2499	2863
1819	3769
1923	3261
3644	4072
1358	1532
3169	5172
2653	2700
699	1656
2749	4480
2569	3089
2418	4141
5008	5154
3654	5076
4608	5177
3625	4179
3169	3363
550	2749
1366	3834
1528	2318
2318	2806
1644	5031
3498	4061
1434	1484
686	2646
315	4864
2980	3169
284	651
1387	3856
2749	2928
675	2632
393	1343
33	3295
335	4466
1585	1672
1785	3772
2199	4864
164	3278
1448	4471
3529	4030
394	3530
1469	2394
7	315
913	3822
1138	5215
111	4970
3297	3778
191	992
1038	5132
642	2749
4194	4592
3078	4429
515	3651
1188	3080
2970	3510
980	1237
2050	3914
156	4026
3308	3907
3466	3895
517	4270
3237	5050
665	4408
5021	5094
2801	4097
1800	4645
3169	5062
662	1993
2290	4575
707	2389
3755	5184
3212	3847
1905	4560
2240	4807
508	1347
369	4076
300	3643
597	5073
2483	3158
648	4227
3025	5021
3015	4597
3769	4046
1649	3843
1919	3158
1237	3293
3233	4106
1163	2509
4864	4967
92	3359
3169	3429
2020	5226
928	2774
1237	4039
2995	5254
3531	4909
276	2749
928	2318
1759	4116
2653	4097
1155	1534
3207	3937
3279	4483
1147	4393
171	3644
77	3169
1127	2251
1672	3359
2643	4809
3907	4627
824	828
359	2294
1347	5219
2550	3548
2020	4821
2653	4429
1744	4466
697	1106
2113	4727
93	5209
13	4379
2720	4349
3177	3257
1455	3289
3770	4215
615	4026
1942	2999
561	4841
2964	3531
626	1473
1198	2653
882	4479
1964	4005
3359	5209
1867	3293
4191	4407
1705	2934
1455	4447
270	3548
277	3184
379	3710
599	5021
1587	4864
4031	4561
707	2051
1457	4272
2586	4873
1270	1366
3332	3963
3012	4998
314	1038
423	4412
3089	3824
2529	2737
1146	2632
1237	4974
4141	4447
3169	4270
1905	3552
2885	3169
3169	4543
2579	3516
2547	3078
2463	3169
3332	5215
559	2923
1237	4814
1561	1646
270	815
707	2290
3963	5089
566	5050
1422	2240
3332	3644
348	2993
348	1632
615	3062
115	3482
3596	5020
1390	2318
4066	4661
1209	3890
2318	3607
456	884
172	4210
2135	4598
92	1720
1547	4180
1595	5227
3169	3207
3875	4141
2300	4466
1723	2394
878	3910
592	1127
328	5054
1475	1639
2749	4907
1968	4104
535	3169
1159	3169
2616	4128
3155	4030
1162	2567
4031	4714
2251	4988
1862	2630
2318	5172
92	4909
3003	4466
1533	4714
4141	4967
1365	5076
2598	5154
92	259
683	4385
33	3867
2318	3534
2788	4864
74	181
2020	4177
901	3454
334	5154
1893	2666
3542	3778
2358	4030
3610	4226
3955	4135
3714	4412
7	3798
3277	4378
1561	4727
96	2799
3803	5099
768	2389
836	4119
2630	5054
4627	5050
4015	4379
2087	4613
361	3169
3710	5235
1347	4888
1392	4704
92	2850
712	1490
264	4497
2849	3505
3293	3764
1457	1505
2612	4097
316	806
1107	2219
1919	4026
3413	4041
3359	4104
348	3332
4	3792
706	2147
3741	4909
1355	2417
428	3619
277	2298
2808	3888
1082	3169
1870	2318
7	2853
2128	4723
348	2358
2632	5020
277	2755
328	2964
1038	1974
3753	4550
347	4873
2595	3454
943	2273
2007	2050
104	1756
123	4260
379	1533
1785	4535
2749	2989
104	5184
3644	4378
2749	3801
1759	3136
960	4560
1533	4144
4061	4608
172	2956
1051	4369
2531	3169
142	860
3543	4118
2509	3169
659	1561
602	1708
2087	3028
1455	3278
2657	4635
1107	1533
28	1127
2318	2976
3207	4543
465	3792
2278	4864
1237	3026
1495	3026
3169	4490
7	2358
2889	4054
3579	4349
2072	3295
3543	4412
2653	3768
1926	3363
3881	4984
4013	5220
96	2482
913	2991
3944	4940
993	2358
3459	5157
839	2646
718	2147
981	4252
1467	3462
3038	4597
3169	3667
75	766
1305	4964
1127	3334
255	1432
3907	4552
3775	4230
3413	4864
2020	4473
4714	5130
3477	4021
2776	4454
1519	4704
77	2505
2579	4192
3169	4940
600	982
2989	3403
3198	4721
761	2740
1465	2370
1265	3505
651	3426
960	2870
7	1286
4439	4805
348	1138
3158	5215
3156	4322
211	4030
1646	5050
1814	2382
1293	4543
3616	4272
2749	2949
709	2665
981	4608
2653	4646
923	3933
4436	4663
1561	1720
2189	4981
2078	2510
379	3529
3694	5154
10	3856
2813	3101
352	3914
727	4141
4087	4807
3822	4225
228	5204
2579	3237
948	3240
960	2964
2397	3548
1758	2971
2040	2749
2653	2954
29	4734
4577	5144
1766	1969
7	151
615	3454
1004	3426
1585	2447
1183	3792
4192	4627
618	5026
1208	2612
2666	3030
456	4053
2749	3846
3753	4497
1110	5226
1958	2850
1209	2983
291	765
707	857
1990	5020
693	4391
2653	3621
3169	3611
3714	4632
1561	1758
2117	4589
1980	3160
558	5043
3078	3834
2689	4030
7	4128
2898	4083
3874	4597
227	277
1814	4466
4877	4909
3217	4275
768	2769
1455	4700
1469	3562
651	3973
1110	2549
100	4466
1942	4921
4044	4141
2138	2612
2137	2774
246	4383
2870	4044
3006	3169
3294	4187
3008	4805
3644	3792
2324	2749
2000	4785
530	3824
2615	4165
2254	2991
1712	4597
89	1814
3548	3625
1505	2318
4141	4306
1214	1901
1905	4864
1469	4846
2378	2934
3758	5120
1972	3849
2079	3534
4560	4589
1473	4180
1656	2364
871	892
3644	5125
296	2173
1520	1646
1867	4039
1127	3722
2084	2102
1919	5154
360	2595
96	276
1652	3169
2595	4864
1469	4491
4310	5160
1358	5054
2971	4275
3359	3556
7	4861
228	2416
2813	3643
4412	5062
1570	1901
70	989
3526	3588
1656	4110
393	2346
665	2989
1176	5021
752	3289
901	4439
3534	4477
2694	3505
2934	3009
115	4066
559	4933
2917	4104
4267	4403
3177	4663
194	3169
1907	4701
3634	3843
1224	2217
2138	2510
699	5217
92	3358
3169	3594
3714	5062
1958	4104
2826	3552
864	1445
4180	4275
2044	4039
277	3999
2554	3169
7	1905
1535	3160
788	1736
1138	3026
2632	4225
1036	2808
1758	4577
2999	4477
1585	2529
3644	4683
993	3039
3566	3960
3155	4714
1086	1533
1237	1663
360	371
765	1224
1318	4487
100	1758
456	4240
4272	4864
2579	3644
1208	4826
96	4787
578	640
184	291
1133	4141
1954	2373
2630	2989
2712	3716
1029	3169
2020	3764
989	5054
3334	5050
3169	4462
3016	4191
2630	4454
864	3015
368	3244
96	1808
1985	3560
1758	4203
45	157
2657	4698
759	3206
934	4869
999	3426
4477	4868
620	5175
561	907
460	2529
1902	2774
564	578
1591	2870
676	3846
328	4148
622	5050
3275	4597
2947	4736
3664	5207
4327	5054
4104	4964
155	2993
2806	4608
149	4141
348	498
3169	3798
2776	5191
586	3169
3203	4031
692	4466
1772	5020
2358	4031
2861	4719
3228	4608
2217	4560
1043	1423
2358	4868
3736	4714
191	4714
196	3664
2996	4575
77	219
920	3714
1038	4046
2653	2739
3504	4514
2511	4466
4385	4482
1469	4964
3505	3843
1495	5050
2519	3177
1907	4215
2615	4560
457	2240
104	4243
1237	2871
2795	4683
1969	2595
164	3821
2942	3264
2076	4466
2813	3169
299	3449
270	938
314	1146
1656	2243
1040	1237
1237	2359
144	686
74	2453
316	2773
599	4013
33	3483
1585	3928
1969	3062
3039	3764
1224	3198
4014	4234
3015	5047
290	1010
2759	2964
920	4210
1705	2521
277	1503
1237	2942
1708	4104
2769	5242
3616	3918
322	4257
1907	4873
164	3834
2532	3957
1928	5199
1165	2542
1859	2087
3477	3588
1240	2509
1224	2827
1086	3529
1905	2913
225	2827
1086	1901
1632	2043
1479	3359
3114	3295
3233	4608
4349	4477
489	4280
1127	4227
339	3206
3454	5021
1811	2956
4641	4814
2130	5234
1224	4477
1541	5090
888	3169
1473	4104
602	4714
348	994
2700	4591
1353	2123
1237	5084
729	2617
211	2397
3922	4582
1224	3596
977	4141
3169	4635
1212	3169
2392	2749
1237	3464
761	2072
41	4864
3802	4439
154	1183
93	393
77	4739
3169	3359
7	4841
1591	2147
137	3888
3741	4852
3459	5174
3169	3736
3889	5207
836	1469
3160	3169
2949	5020
3548	4813
576	987
648	1391
3016	4864
3937	4476
3450	4547
314	675
33	1716
1127	3005
707	3733
761	3973
4116	4477
824	1736
620	3498
1237	5039
2358	4552
989	1469
2579	4378
1403	4003
501	2945
3177	4608
1038	1127
3494	3710
381	2529
3217	4864
1701	3943
1928	5020
7	1107
197	5133
33	4243
3359	5215
75	312
2453	2529
259	1576
33	577
92	2549
133	3566
1567	4663
277	2956
1347	3737
115	4477
1343	1944
2117	2806
1708	4560
319	1265
1293	2676
2774	4054
648	2229
156	1349
4369	4921
1016	4853
1010	1176
1486	4031
3206	4250
2358	3072
71	3285
2529	4024
457	4473
1113	1237
348	3063
2653	2971
943	1736
508	773
35	104
17	4569
2298	4990
1708	3114
2020	2904
149	4864
4104	4275
3552	4276
1927	2453
4736	5120
178	3918
2226	5062
1455	5021
1133	3169
3459	4093
573	2018
2632	2657
2806	3169
577	694
313	3973
1034	2087
164	1766
4180	4807
329	3169
3136	4725
989	4960
2579	4627
290	3949
887	3176
2617	3760
191	838
1736	4864
2646	4327
515	4301
2936	5175
878	3881
1349	4698
3169	4825
28	1133
328	348
196	964
352	4848
599	3834
2827	3792
3160	5204
3005	4988
2020	3753
697	2318
3160	3952
3875	4275
440	4014
115	2240
2358	3596
566	2720
104	1469
1110	1237
686	1698
3466	5227
3552	4683
1867	4601
2936	4608
2240	3548
2663	4031
2925	2989
149	2920
4052	4725
788	4879
3169	4550
2452	5135
871	3755
75	5018
180	2529
300	4648
75	1870
3644	3755
277	3009
4783	5216
2318	3609
249	2004
2147	3997
2936	2983
851	2112
156	4061
1349	4909
3543	4635
1237	3859
3169	3757
2845	4031
119	316
291	4736
164	1446
115	3740
67	3843
496	3169
943	4677
1672	4276
380	1127
2521	4825
1192	2452
348	3896
3630	4426
1038	5184
178	2226
1974	5021
3610	4393
3169	4422
457	4101
1031	3710
1532	3169
1901	3644
2202	3169
1535	2995
74	2595
348	1942
1479	2109
2991	4475
1974	2936
1473	4276
348	3999
1680	4359
948	2226
593	4608
1209	3008
1237	3534
3824	5215
3413	5054
1695	4053
4826	5054
2118	4785
3758	4789
155	3426
4165	4560
213	2902
4202	4659
3359	5054
1479	4608
2217	3644
4032	4095
129	2318
599	3136
2482	2956
1127	3078
319	3510
4873	5062
3498	4267
2452	5054
3822	4719
2381	3477
1133	2768
501	760
552	5172
2416	4046
948	1137
1439	4864
3169	5110
2484	3078
1004	4187
1179	2195
3169	4061
3169	3542
1907	3169
3008	3548
3240	3914
104	4814
4104	4560
1458	2632
1708	2827
4104	5209
766	1176
2318	4106
1010	2418
856	4275
348	3753
978	1469
2904	4473
3764	4030
1988	2970
2138	2509
2049	2913
3755	4104
1766	4646
517	622
1007	3431
982	5054
1237	1533
368	3562
1350	4988
622	2318
618	2653
3501	4483
622	2870
2542	4083
297	561
1680	4005
2525	4210
1646	1988
972	2725
7	1090
96	4547
686	1089
1104	3195
457	4899
1003	2630
2481	3562
347	1349
17	3609
931	3846
1189	3596
2518	4043
602	1448
3169	3609
3619	4275
1018	4899
4608	4652
3874	4785
4909	4997
3596	4225
819	1347
2595	2756
1505	4345
1127	1766
1237	2776
1292	4466
2356	2653
815	2756
1133	2479
77	2612
410	4237
2811	4864
3169	3336
3771	4462
277	4462
600	3169
196	2765
1031	5021
1867	3278
2318	3780
2290	2999
1103	3169
1708	3741
1311	3792
352	1663
4254	4459
237	3169
3306	5188
762	1800
4546	4608
2945	3203
1469	1723
2630	2727
446	1705
836	1237
3263	4663
4473	4864
1656	4604
2318	2738
1104	1969
760	2077
2999	3644
2727	3449
662	4054
491	3739
3710	3777
4135	4497
211	2720
2117	3933
112	4141
133	1723
2717	3158
1527	2653
111	2484
77	3843
1737	1823
2318	4061
4016	4141
1469	4477
581	1270
943	1237
1785	3922
172	581
2117	2749
2223	4888
3169	4613
2050	4378
3138	3654
1138	1490
2916	3169
2806	4589
2814	4028
1025	5056
2378	4864
516	1671
1656	4383
225	1632
2594	4921
4256	4632
5049	5076
1133	3972
3261	5188
456	5095
2991	3757
3792	4589
191	3973
1688	2720
137	1455
581	1349
1104	5207
2593	4393
3169	3469
2407	2936
7	5054
299	4280
2593	3644
3824	5054
1127	3824
686	693
3643	4879
2700	3169
2093	4141
4013	4116
4310	5146
827	5256
4888	5204
2138	3843
1237	2930
1104	3230
1758	2243
994	2749
3616	3680
2529	4179
403	4253
2609	3753
3601	3778
2581	4663
2505	5235
1753	4104
4	1867
788	923
3169	3968
297	3169
2689	3644
1785	3548
123	839
348	3973
3480	4267
2850	3596
1585	2356
137	1198
1224	4104
483	760
740	4275
3654	4379
463	2147
7	1104
1907	3108
92	1237
87	858
1289	4267
676	748
4378	4415
2756	4476
348	3040
2418	2653
3015	4385
1723	4013
19	213
104	3694
1013	1779
339	1541
686	707
3596	4698
1907	3562
2609	3008
2505	4476
2540	3644
4864	5037
1469	1814
2853	3426
948	4877
4275	4447
516	1347
2318	4546
1520	5062
1585	3498
3824	4342
96	3403
157	3169
3278	3483
3257	3753
3169	4644
4608	4765
1541	4257
334	4899
1663	4848
5026	5054
673	4275
981	2407
96	3138
191	4960
1347	1709
417	1614
4439	4864
759	1168
164	1775
5154	5188
1127	2769
348	2076
3908	4608
3530	4141
1766	2956
989	4280
1312	4415
2663	5215
550	4141
1646	2827
2956	4243
832	5127
3534	4560
2479	3257
348	4637
620	4144
692	1237
711	1758
1905	3504
1527	3415
788	948
1490	3540
2417	3963
747	1034
508	4739
1649	1723
1726	2318
1968	4106
2203	3501
600	2482
4789	5120
3169	4966
380	2397
152	3169
3534	3644
157	277
599	3666
1224	1753
1479	3332
3169	4867
1964	4891
882	3116
2749	4154
1265	3510
29	3834
2916	5041
77	2590
759	4546
2829	3543
3078	4741
2123	2334
314	5199
3643	5242
2138	3080
901	1622
2078	5219
2653	4144
180	4454
191	2845
1347	4867
7	5188
1968	3169
2749	3798
1600	4814
1671	5219
379	2579
381	1859
1919	5160
994	2020
806	2453
4012	4436
1237	2074
581	4412
884	3450
486	487
2020	3821
1707	4864
1237	3403
3896	4408
1265	4579
1988	3630
446	1469
1759	2147
931	3005
75	2737
348	4813
3307	4256
812	1758
2219	5107
4203	4349
2749	2971
159	1859
1270	2109
3257	3358
1270	1701
2653	3012
1209	1814
2138	4966
115	1133
2358	3531
1878	2078
564	5188
135	964
319	3160
3450	4663
3169	3981
2050	3026
1905	5215
213	4043
1919	5132
508	2130
1133	3047
2298	5021
2850	4755
2936	5050
2735	4144
3169	4704
348	2976
1469	4891
2720	4572
315	982
515	4604
1622	3596
1772	3509
1147	3610
1901	3739
2413	5031
1708	3755
2363	3169
3431	5054
778	3667
495	4692
3714	4848
920	3038
1208	3772
1159	3852
2934	4013
1107	1520
2696	4864
3037	3644
973	4451
3169	5241
291	1237
1691	2615
284	4643
1829	4275
1549	2138
3169	4575
2482	4787
1450	5234
1198	3888
2749	4725
352	4909
626	2954
2123	5076
1465	3060
1025	3888
659	4727
2382	3078
676	4591
1610	5174
1673	2898
315	1194
172	4873
2827	4276
2482	5215
686	2550
352	4877
1585	4727
1358	3169
516	4888
4471	4477
10	1656
1237	5208
3233	3556
4678	4873
4434	4560
457	3531
561	5021
2936	2945
433	4412
228	4254
277	3177
423	2087
7	2964
2641	4257
4076	5054
636	4076
483	5171
5076	5112
989	3618
1027	1237
3177	3791
1230	1469
134	859
92	191
602	1133
1901	4454
2007	3025
1585	4367
1043	4116
191	2579
3140	5054
2505	4326
2518	5076
1632	4066
2630	3498
446	1907
1469	4404
2243	2653
3169	5073
2849	2902
335	2641
838	2244
1663	4909
2254	4141
276	2529
2700	2945
761	3426
75	615
4986	5130
3009	3557
4026	4864
1127	3474
1775	2453
3257	4560
1585	1958
191	3203
178	3741
2105	2632
2037	3643
314	3059
1758	1766
7	3611
92	2964
2043	3078
4023	4141
901	1829
4276	4575
3143	4543
910	4148
882	3772
1198	4385
75	4704
1411	4899
417	1166
228	773
686	2505
901	2418
348	3295
2147	3366
115	4104
2358	4813
686	1049
164	186
2240	4556
301	1907
934	4981
869	1455
2318	4966
2801	3699
923	1516
2244	3644
1721	4864
882	3780
2455	5130
96	3277
3038	4852
920	3529
2416	2953
1237	4417
3613	4608
2358	3755
2453	4053
1133	2362
907	2318
1684	3110
819	3540
1479	2742
1919	4635
1823	2653
1448	1708
3643	5010
393	517
2417	2915
2105	2749
291	1469
3931	4586
2346	3348
1112	3822
2070	4466
1753	5206
1823	4864
901	3821
1566	3088
271	928
828	1972
1519	2989
597	737
433	1479
1885	4609
1646	4841
419	4990
978	4116
3169	4536
3078	4149
275	2239
3821	5188
517	1127
154	393
964	3680
615	4879
3237	4627
1179	3169
3922	4272
2795	4635
3637	4275
578	1720
92	2358
4275	4306
1138	4608
1758	2944
1808	3169
1519	4127
93	1036
662	2384
381	2381
7	4116
228	1347
1533	2273
1146	1990
2087	5184
766	2788
2617	4032
104	2254
3297	3740
934	1766
659	5177
550	901
1237	2773
229	3454
907	2381
159	759
1036	1127
3464	4899
3462	3498
1104	1451
3060	3556
819	2416
1819	3566
913	981
92	2117
7	4601
220	4275
597	2811
1224	3933
992	4193
1708	3194
228	1653
3747	4116
2128	2138
1236	3965
3078	3808
2050	4210
387	1025
4031	4752
2806	4270
601	3626
2537	4745
636	3169
1392	4383
96	1759
1652	2138
284	3426
381	4841
773	1671
2801	4317
1347	3040
1966	2138
2617	4911
75	4267
2964	3689
2273	3289
1905	2964
931	4997
2749	3072
92	134
3198	4349
3297	3542
1772	3454
2665	4809
433	857
2318	3896
4339	4608
1721	4275
1149	2547
123	804
1758	4152
3651	4254
1420	4814
275	1161
4031	4093
2381	2755
1390	3637
4041	5174
60	3169
225	2318
1133	1766
966	4845
228	3651
1723	4483
96	1034
92	2394
457	3169
3619	4141
709	5130
1585	2358
3526	4597
2318	3215
907	3169
2653	3483
3710	4157
154	517
2564	2971
1088	1237
1237	3741
5	3049
4141	5254
2381	2529
1743	3169
1656	2079
716	5018
2496	3169
319	3654
1656	2570
4608	4727
1927	1969
359	751
2417	4148
3169	5217
964	3637
907	2953
1129	3459
2653	3798
3803	4583
2496	4482
871	1224
1049	3306
1758	4317
982	4483
3206	3616
948	3918
1695	2801
1705	5020
784	3195
3245	4864
1519	4454
154	1708
1671	2928
1155	3182
1265	2078
1237	2050
707	3169
605	2318
3874	5047
4714	5215
1205	1208
2570	4267
3918	4848
3677	4683
2298	2735
2138	3594
4677	4813
314	3596
3169	3190
907	3019
60	89
1535	2612
1708	1716
2113	2515
761	1716
857	4752
2223	3651
1127	2484
2665	4566
1779	2808
626	3803
3694	5175
2956	3477
1610	5054
2050	4909
1953	3169
1985	2318
871	2547
870	3644
1007	1736
3169	3403
2653	3873
2466	3363
1265	4257
2749	3498
3426	5238
3588	4597
2318	3963
1878	2612
4129	4393
319	4097
2617	4383
112	766
290	3834
277	1104
966	3836
191	3078
1004	2226
3710	5094
1113	1968
1010	1561
826	3169
676	2904
871	1632
957	3557
948	1270
993	4199
1750	3753
2540	3510
2653	3782
3169	4637
1089	4393
1723	1907
960	1469
3644	3933
516	1483
1495	2416
3169	3735
3019	5213
3169	3636
653	3618
336	2945
382	2020
561	2318
3881	4858
2746	4141
1859	3454
3644	4068
517	3836
2666	3351
706	2240
17	934
707	3882
1393	3421
3235	4864
1756	4741
2749	3976
328	1779
749	3824
1237	2054
1048	3169
465	1133
2738	3095
461	3834
1237	3245
191	2549
2653	3454
235	4725
297	4864
4412	4752
2827	4477
1705	2863
3039	3596
601	4853
2490	3483
1648	2372
235	960
3618	4454
4321	4507
489	4267
931	4877
1261	1758
1614	5172
129	4641
316	3859
1632	4608
2452	3803
115	2529
4104	5171
1265	2612
924	3266
2155	4216
313	3931
1672	3169
319	1469
7	2781
1179	4310
964	2904
2053	3637
4378	5054
4275	4343
2356	2358
4857	4864
2547	3909
110	1944
1168	5160
368	1814
857	2109
1867	2020
2993	3549
495	3377
319	1051
1349	4310
794	2749
601	5238
1610	1793
2936	4891
2130	3169
604	1347
92	5132
751	2453
2294	2665
3907	5124
157	662
2160	4960
1082	4275
920	4848
665	1043
1533	4128
134	4180
2113	4608
2318	3480
3244	4864
181	270
2226	2595
1049	5239
2749	3621
1723	2452
3169	4126
2569	4583
2290	3169
788	4899
457	1919
858	3949
1089	1097
4577	4864
461	3498
1312	4834
104	255
2278	3828
4104	5054
4434	5197
4739	4888
314	1919
2904	3680
10	3480
2782	4454
812	3548
966	1736
836	2318
3770	4560
2630	2822
4415	5127
3454	4909
594	3169
115	3933
171	4589
4523	5054
1691	4560
3040	5215
235	2482
1469	3609
3275	3888
1942	2653
100	104
3492	4591
381	4663
3143	3207
2663	4193
2993	5238
3510	4012
2318	4419
144	2783
3509	4359
75	599
1545	1758
3753	5241
157	4575
457	581
1373	1901
96	4663
3836	4116
4663	4966
709	3555
686	3643
3240	4877
3694	5008
3973	4643
3813	4275
460	2240
2079	4477
1458	5020
344	348
225	483
347	2877
1980	5256
2417	4473
662	1736
3543	3596
1370	1981
773	3719
86	277
2971	3401
1519	2827
1370	2138
561	4267
1347	3540
348	4700
104	4127
4899	5188
960	1766
1541	2902
3644	4404
1964	3566
1469	3169
70	1227
869	5056
228	819
697	2373
433	1270
2991	4012
2756	3736
1469	2916
1785	3588
7	3509
2050	4959
2542	3548
1469	5125
1475	2641
4310	4635
495	1439
1964	5154
1684	3846
92	4220
938	1334
403	2490
839	4483
277	3891
3278	3636
365	1591
2877	5020
1465	4135
1750	4447
2346	3792
1224	3359
1155	4322
181	3366
319	1155
3169	3520
3699	4723
1007	3734
2956	4536
3611	3644
1753	3017
2965	5021
748	2540
2358	2826
119	1658
1370	2308
311	1133
2417	4546
1469	4016
1594	3334
219	2653
104	4263
2749	3875
1758	3153
191	3644
2109	3562
307	1227
2870	5133
2487	5054
3677	3834
953	2351
3278	4698
139	191
2318	4043
2066	3744
2588	4723
2923	4967
159	964
686	1893
180	4704
1795	2240
233	2532
481	749
1649	5076
154	3824
28	495
92	592
2612	2902
1495	5094
2620	3870
1455	2463
2615	4349
1907	2105
1691	5171
2318	4825
3028	4306
2118	2358
815	4385
81	1351
381	907
1127	4466
1691	5215
615	2964
828	3879
310	1237
1541	2078
1649	5254
334	3643
1494	4068
882	4566
3236	4104
7	1779
2742	3566
2853	3295
1533	2519
211	1968
2676	4276
2014	2318
1878	3138
4841	4975
111	901
1455	3375
982	1870
498	2318
1138	1723
164	1870
1133	3792
1237	1874
2338	4888
4141	4960
2113	2765
368	4003
2653	5054
793	1208
1505	4495
1753	5238
1928	3360
852	1656
1469	2375
674	4237
2117	3836
2521	5054
1455	2037
1739	4367
3289	4280
1224	2117
4704	5018
1163	1455
2418	4758
2510	3147
359	5120
1284	2087
978	1870
593	5172
2774	4483
3278	3821
3143	3169
2518	3116
1013	3169
1766	2240
982	2050
319	2840
4097	4141
368	1352
3078	5188
659	4608
374	4267
4635	4698
3695	5020
4671	5217
2231	4408
3464	3741
2756	3019
3882	5177
184	794
999	2853
674	1475
412	3078
234	550
1347	5204
93	3257
931	2904
129	707
77	4117
191	4220
495	4054
277	4063
3480	4021
2725	4789
4210	5230
2298	4379
683	5120
1208	3264
2742	3169
4412	5230
707	1420
3049	4043
4898	5054
172	5230
2510	4780
693	4575
3059	4698
3413	4237
1469	2676
2641	2643
335	1457
578	5050
275	4447
2338	3169
164	869
314	4635
1716	3549
674	1793
1585	4945
910	2696
3360	4841
104	3454
1469	4589
3177	3643
1038	2814
1355	5054
581	4210
823	2653
1714	4981
2394	4054
1292	4575
686	3332
561	1237
931	4988
773	3378
501	1237
615	1772
319	5219
566	1756
3025	5133
1314	3169
2915	3643
3169	4945
1127	1753
930	2318
96	1787
2540	4723
3169	4736
2700	2749
878	1204
993	3548
1323	5227
96	4781
3009	3636
2749	3003
3246	4104
3261	4163
559	3618
4577	4939
1709	4821
559	3295
96	2147
1138	3710
662	4648
3169	3947
3278	3480
339	1878
1927	2542
1189	3169
3834	4075
1479	4725
3734	4407
1905	5209
711	1870
631	1026
1469	3474
314	2632
686	3768
2866	4864
4801	5054
359	1483
1758	5184
1923	4415
1112	4997
1138	4727
2653	4177
1105	3548
92	3277
2229	4240
347	4310
1533	3158
2138	4097
3169	5039
2826	4280
1469	4635
3089	3792
731	1010
1425	1532
1192	5135
2529	4183
760	4116
191	4627
3882	4608
2453	2749
379	1214
277	3025
1753	4276
162	347
3297	4894
1974	4864
686	1082
247	788
2416	3557
4275	5054
2991	4996
92	4714
773	2527
878	4075
1942	4325
1716	3973
487	569
550	4275
1162	1479
1736	5174
839	3890
3109	4683
1155	3539
96	180
2889	4637
601	3822
191	716
1784	4112
1919	3543
3549	4853
3542	4894
576	5057
1237	4671
247	4734
4477	4589
3997	4864
3566	3914
3078	4864
3737	4864
2853	3626
1606	3169
92	618
2147	3943
3933	4608
1758	2093
1237	4674
558	3543
878	5217
2827	3169
4031	5132
955	3169
1237	4635
284	4997
626	1358
1622	3543
928	1769
276	1907
2147	4869
276	4663
1938	4141
2586	2964
2076	5215
2689	4054
3505	3654
3009	4775
2318	4789
498	4135
1038	3596
1129	3630
1420	3169
1533	2579
566	1723
2600	4864
2217	2814
4	707
483	1189
799	4608
70	191
1166	1775
1901	4408
1964	2318
1622	5054
1089	4129
760	4104
1653	4864
4869	5217
3026	4466
4752	5199
1294	4921
144	1133
2229	4148
498	5215
1036	4490
766	2915
1133	5050
538	1533
3847	4601
4194	4275
1671	1698
989	2827
3169	3421
3029	3822
3596	5160
615	3736
642	3059
602	4477
2525	4157
1766	3960
3169	4582
1051	3843
1469	1779
356	3751
2850	4270
1656	1836
992	3429
622	2407
631	5021
4663	5217
759	4988
1695	5112
3155	4864
989	2579
352	2050
2756	4663
1237	4412
1701	5062
440	3952
3295	3426
4180	4864
1133	3853
1450	3344
4106	4683
142	626
3169	4486
4275	4480
2537	4888
1743	4864
2416	5188
1705	5094
804	2244
1352	4280
4864	4879
2070	2934
559	1938
839	3169
2717	3562
4043	4272
665	4864
1210	2756
2117	3822
191	5107
928	2529
213	1649
707	1726
711	4466
858	4141
4608	4714
77	3206
992	4030
1293	2318
1362	4276
1009	1305
1277	4864
3025	3169
2616	4462
2653	2877
70	600
3160	5049
3644	5132
277	3557
267	4943
1486	4030
1086	1214
1179	5230
1392	2980
692	5054
1237	2663
1708	4106
3609	3644
2481	3803
164	1003
1292	2653
1097	4129
4263	4582
1878	2902
2173	3169
2079	3413
92	1224
2877	4547
1323	4841
1439	4909
622	3233
291	5120
96	1163
1411	4725
462	4439
833	1878
3	3363
3817	4014
111	4275
469	4714
2537	4528
3780	4608
3078	4075
1656	2418
1758	4117
576	5079
1004	3822
2665	3555
2229	4805
2278	4704
4023	4466
4739	4841
10	2134
830	2358
315	3158
819	1942
4560	5217
3401	4463
1652	5054
7	3169
977	1758
823	3492
3019	4012
2850	4349
1554	4705
4077	4141
495	4841
1483	2040
191	1237
1353	1878
53	982
2838	3643
3169	3963
33	3680
67	5004
146	2549
2043	5072
1649	3719
3005	3822
171	1469
1772	4275
3786	4127
4237	5112
2104	2902
1892	4191
3109	4734
2653	2945
2579	2595
329	2861
76	2128
1656	3078
597	1758
348	3359
1179	1349
4030	4561
3596	5199
4220	4714
157	1237
329	686
271	1769
1079	2727
2756	3631
2827	4589
2318	4608
2418	3644
2991	5241
1878	1981
92	2827
1025	4383
631	1007
3609	4116
566	4601
1127	4736
277	2950
430	1585
2515	5133
740	4864
2239	5018
948	5095
370	4383
74	982
2806	4404
1691	2290
19	3710
1152	2612
2346	3089
4066	4608
1469	5145
3758	4385
1766	1913
154	2617
299	4663
3348	3562
191	211
748	960
597	5054
2051	2515
1814	4275
2632	4471
359	2665
433	1237
295	4597
2774	4485
213	2078
156	3498
2006	2429
2595	4714
566	4087
1343	1516
515	3644
390	5219
3038	3741
456	4869
3177	4076
3644	4349
1237	3415
1127	4546
2020	2765
1469	2630
790	2980
4873	5230
3943	3960
483	3644
626	2916
70	3385
901	2480
1469	3246
1600	2318
104	943
134	989
2916	5154
178	4461
2914	5020
264	4864
92	1968
329	4379
3557	3937
1420	2515
1133	4417
82	2827
1155	1695
279	4899
1347	4254
3608	3757
593	1138
2653	3308
4116	5054
1743	4809
561	2755
636	2902
1484	4461
3026	3060
1701	3714
17	2529
4385	4785
96	311
246	3169
2358	3498
1886	3169
1455	4661
2358	4873
538	5154
2617	4852
913	2964
2850	3257
2991	4023
2318	4404
3680	3753
1179	5146
456	4056
1517	2983
3504	4254
2318	4417
3588	4454
515	4888
96	3123
1352	4608
4547	5172
339	2128
651	1808
82	4589
855	1010
393	5209
909	5054
3548	5130
2653	3846
1701	3751
752	1988
4586	5209
1270	1349
1465	3955
28	4101
631	1870
316	1237
4560	4722
139	419
2749	4263
12	2493
1458	4704
2081	3278
2318	4016
419	5020
1237	4757
3059	3644
1837	3278
4075	4429
2749	3769
2749	4117
1907	2300
1357	4813
4417	4608
1907	2989
3386	4447
4471	4964
4367	5184
3768	5031
994	2653
191	4183
1127	2844
2394	4677
581	5146
2346	2569
1758	4263
1237	1269
3080	3116
112	1127
2713	4921
1701	4725
842	3169
381	2956
910	2093
1458	3109
2889	4254
1452	3630
374	4141
1614	2585
540	2801
3751	4042
1622	2922
1237	3777
1166	5177
901	1484
100	1527
225	1469
1520	4378
115	4589
5238	5242
2298	4970
463	2240
1166	2970
2123	4723
457	1469
601	3931
291	4789
277	3636
4560	4967
707	2113
2087	4213
3687	4141
352	920
920	2226
1519	1758
1469	1990
96	3942
1691	3740
2612	3169
2827	3348
1907	3643
4028	5175
868	1159
709	4275
277	1811
749	1744
319	2694
1265	2902
1007	4407
2078	5076
2050	4030
96	2505
4270	4683
1969	3169
104	1691
1974	4454
1758	3856
348	5050
1013	4864
2653	2949
1594	3403
1198	1837
77	4921
3156	4043
615	3896
1723	2641
1133	4083
314	5160
1455	4787
3169	3839
692	766
144	3169
3644	4104
15	1455
2653	4678
417	4608
599	4725
181	3548
104	3480
686	3028
275	1870
993	4066
3496	4943
1758	3621
1184	3751
1469	4727
82	2392
1658	1927
1347	1942
2549	5226
3262	4257
2970	5120
2394	4257
4054	4482
3039	4864
4110	4408
1671	3378
2808	5021
3109	3644
1678	2123
319	1059
864	1785
1027	4705
2079	2827
1663	5146
888	3771
2970	3952
393	4575
3228	3613
2902	3160
92	1439
3778	5234
2916	3278
4043	4237
1413	2653
3753	4751
552	1420
2579	4128
4066	4116
3169	5041
149	4327
2318	4652
233	2453
92	559
1905	2806
1010	1455
709	1475
3968	4473
2850	3755
328	5215
1183	3348
1473	4813
2663	5132
1985	5009
3740	3853
622	2916
1465	3426
2363	4385
1237	3215
1622	4734
3245	4807
1862	3266
1988	5172
276	5217
2956	3740
1999	4704
154	1168
2050	3896
2318	5120
1237	3153
3755	4116
284	1004
2916	3566
3019	5227
3278	4415
1561	3278
871	3169
1545	4864
3896	5154
3206	4864
1140	4909
2934	4475
96	699
2537	4195
819	2527
2999	4349
2138	2677
2850	4165
440	1649
2128	4919
1133	2417
356	3169
989	4714
178	4426
2993	3169
4385	4592
2189	3740
2653	3462
2308	3594
1425	3169
1649	3071
4408	4741
2749	3462
1723	5177
184	2229
1585	3477
2362	2510
964	3846
4043	4899
3843	4288
104	2916
4637	5213
4267	5184
7	2239
3194	4412
319	1198
1347	1814
156	3101
2617	4497
4141	4195
2657	4031
3359	4116
2596	5154
393	3359
2298	3169
410	3169
3109	3933
1364	3608
4542	4663
7	4061
3169	4781
1743	1785
2895	3714
943	4440
2364	2595
601	761
934	3984
2755	3363
1756	2240
1708	3359
4024	4127
1127	3596
5020	5061
82	2313
1469	3836
275	4415
7	4700
3922	4597
3198	3257
315	3907
773	1942
886	2665
104	3108
1836	2653
3077	3169
508	3169
129	1600
328	2934
368	3760
4056	4275
2550	3501
1133	2092
1537	2861
1009	1149
3306	4148
4727	5062
3169	4379
2653	4692
1739	3169
2970	3963
4275	5098
1656	3462
3644	5008
3306	4275
290	1907
3194	4127
595	1237
931	3753
3529	4378
1656	2653
314	4698
1293	5021
235	994
662	2318
115	4404
4698	5020
662	4407
1009	3909
1265	3843
640	4909
2776	3169
989	4144
636	2104
1663	4877
2956	4663
3169	4287
3667	4483
1265	3160
907	2630
2850	4471
2999	3609
3594	4608
2189	3960
1240	3169
554	3155
1913	3960
1712	3526
4723	4783
602	2850
1766	4199
213	3206
992	1838
3169	3888
3063	3960
4391	4483
4383	4986
2904	5188
1204	4751
2876	3637
1942	3739
516	5215
108	1208
483	4589
1695	3505
1927	3548
654	2976
4477	4560
2416	3019
319	2496
2510	2641
2976	3613
3005	4591
910	4864
1086	1237
1695	2510
2652	3185
104	4203
2895	4412
213	3505
440	2902
1036	4321
1292	1775
1512	2273
3169	4385
599	4447
4372	4515
4030	4378
2510	2761
1455	4560
1010	4659
1448	2850
2922	3101
515	1671
508	4888
2273	2657
1387	4876
766	2418
3278	4440
3547	4461
374	1772
1590	4012
1663	3914
365	3261
1988	3169
3611	4589
1990	5215
276	4841
3644	4907
5054	5090
3282	3710
882	5033
2515	4814
291	2915
3871	4141
515	3962
1133	2113
762	2902
943	2829
277	369
1237	1367
1663	3158
70	4116
96	3654
219	4141
1352	4812
393	5021
2318	3038
2043	2850
2407	2806
2765	5244
1312	4031
2093	4864
170	4466
4310	5230
53	81
3169	3939
3918	4412
276	2087
4981	5227
4861	5227
1051	1265
2231	4141
467	3169
1133	4183
1086	3516
381	495
773	3651
1705	4528
139	4561
235	3913
368	5130
1155	5076
631	3466
2739	2749
1904	3268
196	3753
960	1705
1708	2917
4028	4141
45	993
3588	5054
920	5160
70	2826
4275	4475
552	1723
711	2346
1289	5021
1785	3015
2542	4041
3548	4805
3109	5126
2609	2904
3714	4939
348	1814
92	4260
4546	4988
3510	4921
1505	1837
468	4853
1425	3025
4482	4592
1469	3245
373	1237
3836	4104
3931	5242
4250	4461
597	3907
1942	3836
3169	5054
2464	3169
4148	4805
618	1758
2351	5094
1469	5171
2358	3644
1166	5122
3063	5215
2749	2898
4237	4809
1448	4734
4864	5175
112	1907
270	1334
839	3261
3169	3244
3169	4044
93	2993
381	2755
4412	5146
3822	3931
2749	2945
1183	3824
180	235
7	5206
3237	5033
4825	5043
3456	4992
615	4727
3169	4957
1907	4970
92	1194
920	3601
711	2875
2712	3185
129	593
1829	3278
1105	5242
2653	3426
1237	2044
172	1179
299	1814
626	2375
1942	4864
766	2102
1814	5050
2595	3714
2417	5180
5	4582
456	3129
3029	4997
1585	2970
1663	3601
4104	5208
1663	3240
1537	3028
978	2774
672	1570
4891	5154
1469	2850
1155	4433
751	3169
67	1541
154	4589
67	1051
4135	5156
2985	4383
2755	3169
2934	2976
799	2318
2653	3801
1723	1901
2417	2934
1632	2870
2118	3293
1370	1878
1964	4635
74	766
1475	4041
2231	3169
4864	5172
622	4608
931	3123
2346	2806
2612	4592
2653	4480
3888	4597
1988	4275
417	1138
3228	4597
878	1519
748	2318
4026	5062
3155	4031
2827	3933
4547	4764
1739	4440
3198	3755
1964	2290
651	3626
640	3859
3755	4734
1270	4752
4439	4454
3160	3505
1905	3359
7	3949
1650	5235
1520	4909
2043	4560
626	1138
622	3078
2861	3028
913	3556
3426	4135
191	4378
994	1133
33	3822
2541	3426
2806	4066
1942	4471
3169	4434
2300	2653
2139	4383
1570	4841
2223	4637
1393	2756
3230	3881
1758	4627
1183	2569
948	3914
1192	4945
3169	4628
3169	3215
3019	3744
138	3124
96	2518
1425	5054
870	4921
3169	3782
3158	3169
1025	2370
2300	4864
3477	3740
1533	5050
96	463
673	1465
1736	3016
319	2616
2104	2358
4507	4572
1469	3358
1168	4443
828	3849
1029	2147
1458	4635
3038	3494
2616	2749
3025	3689
1494	2364
907	1533
319	497
1406	4141
2934	5020
2665	4479
1956	3630
299	2240
104	3498
3566	4031
1358	4385
1701	4210
964	1684
1455	4964
2510	3634
1312	4030
1758	5130
3385	3822
2205	3631
1753	2617
70	4378
1603	5124
3856	4367
267	1133
3295	4256
347	5146
191	2219
1051	5076
1387	3169
1411	4644
1104	2732
1010	3907
1785	4597
3755	4477
3153	3562
2822	4280
3016	4407
607	766
164	4429
3509	3643
3482	3644
2863	4157
115	2999
2567	2646
964	3753
765	2226
1974	2905
3169	3322
2358	4383
1695	3952
2318	5241
516	819
3160	5219
3659	4141
3348	4589
1723	3459
433	3644
827	3019
1814	5059
2846	3015
1656	2914
784	2323
622	4233
2043	4104
68	3680
3169	5026
659	1138
842	1541
203	3169
654	3078
2226	5107
576	5054
1265	5049
1387	1923
839	2774
707	5056
2318	3649
225	2999
191	844
2093	4454
7	2351
2976	4119
498	5054
1974	2808
1127	2219
2223	5054
96	4977
1393	2657
655	3169
622	2540
3257	4165
3982	4864
2054	3169
692	1585
247	291
2452	3215
626	2050
1113	3109
3494	4909
631	5020
2509	3483
601	3714
4349	4560
4083	5245
1736	4459
135	180
2595	5133
275	5130
104	405
1753	5175
3966	4275
966	3933
205	839
907	1684
135	3169
3169	4471
1127	2993
1129	4853
12	96
3308	3834
164	1473
1520	2219
1013	2554
1448	3753
595	4608
2138	3397
1127	3029
1458	4454
92	1127
1176	2653
33	3973
566	4868
1254	2240
1585	3543
191	3155
4141	4317
275	1969
1166	3963
1025	4141
815	1358
123	3025
2510	4237
3169	5120
3843	4579
1792	4497
3257	4477
568	2112
2945	4864
693	1316
7	156
4345	5047
2904	4988
3169	3392
7	4608
1622	2982
1237	3566
1874	3741
7	1133
2240	3466
2453	3710
33	5215
2728	4275
2824	4970
1632	4589
3983	4921
171	1237
3680	4988
228	491
3963	4608
2007	2318
615	2076
1585	4589
3169	4480
2853	3596
2617	4135
485	3548
972	4789
707	5090
640	3004
2700	4366
180	4440
1708	3792
4691	5021
618	2950
542	5054
1554	4998
3169	4648
559	5021
1289	5180
1237	2735
1695	2358
672	4490
1127	1469
393	5171
1928	2358
3230	5081
4003	4637
3505	4482
2827	3359
2806	4054
1277	4263
138	5050
1716	2993
558	5230
228	2889
110	2857
3601	3714
184	943
1446	3498
1475	3548
3505	5219
1448	2043
597	3896
77	3589
4282	4864
1678	3169
2128	4369
1129	4454
1448	3755
4177	4864
948	1237
1469	3177
4383	5120
3424	4026
3636	5054
859	5122
3739	4141
277	4181
759	4813
4560	5131
7	196
2980	3449
651	4997
2878	3664
1890	2993
2109	3751
3040	5054
1503	1818
2630	3896
7	2205
4012	4476
4814	4864
945	3751
677	978
1115	1212
4379	5145
2632	4635
3617	4280
3588	4237
417	4727
2602	4864
748	5241
1566	1870
1411	4471
1237	1390
1082	4141
3616	3846
1237	4318
3849	3879
3474	3644
1870	3621
1968	4116
508	2889
181	1907
104	4967
111	3278
271	2823
2358	3744
578	1527
3644	5224
1155	4723
3109	3552
4627	4864
2318	3613
212	1527
586	2566
901	1455
1663	2226
1051	2612
2233	3501
1127	5021
1989	4339
152	4116
196	982
2273	4126
2970	5050
2240	5132
3307	4275
1270	5160
498	1519
3278	5184
1334	5227
2229	3501
3643	3846
1475	1532
498	1465
3760	4352
593	1646
191	1874
2206	3844
247	1237
855	1113
319	3177
96	4101
2515	5172
410	1457
386	2147
164	1034
2043	4477
3169	4923
368	2630
871	2217
581	1919
989	3078
1922	5188
615	3279
17	3019
457	1227
4321	4546
3613	4223
1237	2630
96	381
2351	3777
913	4507
4317	5054
1632	3644
4667	5021
819	1671
2579	4714
564	607
4127	4608
600	3803
960	5054
651	864
1646	4727
989	1086
581	5230
17	3960
483	5072
2060	3771
3619	4899
981	3026
75	322
920	4412
2240	4141
191	3566
92	859
1495	4054
1632	3257
1237	1413
559	1463
1392	3769
1646	4988
699	1736
1455	2358
3158	4714
1705	2026
1463	3740
981	3664
1758	4028
172	1349
3619	5021
707	1469
2318	2375
2982	3378
1919	4412
277	819
3504	5227
3358	4734
92	3556
348	1944
871	1885
2974	5217
1520	2579
28	3617
2811	4275
4106	4560
1533	3791
3169	4185
3078	4378
96	4835
1268	4083
3680	4591
1465	2993
1457	1532
2189	3643
159	3846
3426	4997
267	2135
461	2189
1332	1469
291	4663
222	884
2537	4741
3230	3664
3169	3928
765	2630
417	4415
3025	3110
539	5054
2452	2642
2394	4148
7	2243
1533	2318
3462	4263
3928	4044
887	2253
3334	5072
597	1237
12	2579
707	4814
1758	2982
3266	3490
3753	4725
676	1439
752	981
2453	3979
67	1878
440	2123
4066	4403
1458	2964
2850	2999
1176	3618
2147	2641
2226	4909
1353	5235
3169	4339
3454	4109
3039	3293
328	4119
4237	4566
3498	5054
920	2877
1691	4589
2950	2956
1133	3398
1905	2569
1533	5054
631	3038
4403	4477
661	4454
2945	3756
3459	3556
70	1469
3109	5208
718	1779
2902	4723
4343	4805
686	1469
2720	3316
1237	2540
2550	3028
516	2595
1469	1968
3548	3549
1366	2020
3456	3644
54	1945
573	2123
2496	3505
1494	1723
3156	4960
773	3169
2487	2970
779	3480
154	4560
4319	5054
2739	3169
3123	3169
33	761
2416	4888
1146	1349
191	3776
2570	2749
196	4473
1138	3882
1653	2889
1541	3505
2755	3736
112	4275
60	495
4345	4785
1469	4270
686	2861
1938	4275
3169	3741
4667	5132
70	3237
3505	5076
1165	2653
271	4992
707	1110
1475	1610
491	819
1191	2018
1517	5054
417	4030
164	270
7	328
2999	3534
3847	4383
3740	4429
651	3822
498	2617
4210	4807
319	3071
1644	4722
1525	4864
2087	4807
2135	3770
1270	4864
123	259
1113	2936
3	2857
794	2318
992	1519
508	1671
1457	4127
5054	5089
858	1345
2020	2382
595	2318
277	1954
4054	4234
3169	3786
275	4853
2729	4602
1004	3626
1901	5021
686	1237
432	3169
3293	3596
1411	5050
540	2844
3158	4379
1785	3526
966	3764
1082	1237
1426	4864
1708	5242
3169	3803
2749	4703
1209	3454
989	4180
2612	3699
1622	1905
960	3230
2453	4852
319	3843
1469	3803
2375	5215
7	4497
291	348
2756	2953
13	3025
1457	3588
1989	2318
2895	5160
3403	4240
1214	4378
2617	4133
3644	3714
4608	5021
1237	4019
3548	4165
2609	3169
108	1614
1922	3947
457	4026
3282	3791
1237	4013
4127	5188
686	1919
292	3496
1701	4877
1133	4663
1133	2382
943	5209
2313	2370
1294	3480
342	2231
1354	1451
1168	4589
2991	4372
1475	5174
3456	3610
2104	3169
3509	4627
4066	4560
1469	1622
335	3169
2532	3548
3169	3279
564	3621
716	934
2113	3546
1448	3257
2922	3843
1127	1362
3169	3540
3359	4072
1587	2863
1758	2219
352	1701
686	3169
196	4591
871	3198
1720	3644
1646	2964
2936	4471
115	1469
45	4560
4608	4861
622	3613
433	3741
3110	3680
483	765
7	4580
2375	2727
2630	4408
2384	2609
387	3169
4723	5076
1127	2117
58	4864
3931	5215
869	1127
2756	2991
2746	3278
1036	4572
3822	4988
2087	4869
92	393
622	2007
864	3526
277	2051
561	2317
1107	2477
711	4267
2040	2482
1695	1785
3651	5215
1720	4030
77	2594
1587	1705
602	3755
433	989
2260	3169
1533	5056
357	3078
1684	3005
2529	3596
1258	5054
920	4909
934	3078
615	1591
3710	4727
1758	2773
4043	4582
1204	1455
2983	3278
3295	3931
989	2964
1905	4683
1632	5050
191	3529
882	4921
2529	4026
1451	1622
1127	4507
2251	3644
857	3741
561	4101
3108	3169
2117	3677
1656	4237
882	5235
871	4104
1758	4986
1658	3078
1823	1867
3413	3526
578	4192
2641	3169
1736	1892
498	3169
15	3169
235	1003
2934	3856
601	4187
1265	3952
1318	2774
3548	4992
1188	2123
215	4275
2765	3480
1455	1519
2407	3664
662	4179
1423	4443
615	1198
788	3280
81	3169
1723	4814
180	456
2453	4075
367	3169
4627	4909
934	4267
1758	4000
2632	3596
913	1127
495	1723
1146	4635
1656	2700
7	699
80	2128
1036	3824
2970	3882
1237	4028
827	2756
3030	4118
2746	4853
3169	5178
982	3240
2776	2980
882	1426
2042	4628
1007	1892
2356	4864
3454	3784
599	934
1980	5030
4909	5160
2653	4128
2651	4141
1585	4609
441	4864
823	4703
1758	4967
4988	4997
578	3237
196	2113
3976	5074
7	4648
2555	4566
2653	5018
1237	4042
475	5054
348	2916
1902	3552
3038	4909
3278	3744
1198	3169
463	4663
2092	3169
3169	4252
341	461
2542	3549
3529	3918
315	2453
7	3767
412	4203
2945	3875
1133	2173
1528	2850
2416	3636
154	2999
489	495
3588	4864
1893	4454
3644	4867
104	4480
989	4877
277	5056
864	3403
1358	3909
3233	4116
235	1463
4568	4637
839	4714
2482	4021
371	4068
197	1445
4383	5098
1127	4106
1974	3334
535	4379
538	1143
907	4663
1237	2519
4237	4582
2318	3025
1086	4192
483	2346
2051	4814
907	1133
2999	3739
347	5230
3005	3169
931	3822
96	3459
1652	3644
1907	4378
729	4225
4093	4141
3630	4677
3078	4703
2518	5241
2617	3426
29	4783
2916	4608
1533	1895
716	3457
2934	3740
259	3739
931	1166
3699	5219
3687	4237
889	1009
4714	5008
5041	5154
2749	2954
600	2642
2653	4946
237	3947
196	3077
191	259
92	1708
1293	2759
3129	3644
566	1469
4083	4566
164	1209
1237	2375
981	3169
2020	4497
336	4688
659	1270
2217	4104
760	4683
457	5230
2020	2970
4031	4076
3278	5241
665	1814
871	4477
4608	5062
1127	2618
28	4841
3160	3540
943	3449
1974	4327
2964	4031
2653	4857
319	1541
191	419
5180	5191
3483	3949
2020	2407
3664	3981
1079	2416
662	2642
592	1723
1779	3060
4141	4757
1469	1765
760	1708
1585	3470
1793	3548
907	2756
3982	4379
2618	2756
1168	1293
3454	3834
267	1544
112	4970
68	931
766	4986
3577	3637
92	3494
1237	4031
424	1316
2318	3908
28	4967
1533	3237
3169	4785
3185	3505
828	1089
75	3834
2746	3643
1475	4257
2483	4024
3755	4378
1133	1759
1673	4864
1354	1455
2175	3278
1736	3734
2290	3643
2221	3019
3169	3716
457	4210
4755	4813
931	4591
1127	5126
1708	3644
77	3965
1104	4725
1091	2346
1237	3295
5	3526
1234	5256
4627	5021
1753	4841
2991	3019
1622	1928
115	1237
1671	4841
1448	3109
833	3505
2653	4003
92	989
2509	4864
3062	3169
77	2078
4536	5054
3710	5184
2600	3509
2189	4267
773	4254
989	3038
483	1183
1969	2749
4814	5172
7	4075
1653	3540
2617	5242
3699	4366
2993	4135
4043	4385
4471	4683
3450	3903
156	3169
1684	4644
2358	3847
2147	3247
496	1546
765	1469
191	4372
2240	3247
4439	4704
943	4495
3063	5021
460	2358
233	3065
2138	2922
1793	2542
599	1129
412	1958
247	4061
1723	2407
1561	1726
4046	4889
1549	3505
826	2756
3562	5021
1294	3692
3169	5021
419	3801
1411	5154
3261	3497
2051	5245
156	4116
29	4275
2720	3426
1473	1895
3677	3949
1434	4563
456	4243
1867	2044
3846	4853
4990	5021
1878	5112
2358	4757
2740	3114
2542	3169
3943	4546
648	4608
1138	3907
154	3169
3169	4887
7	68
390	773
1484	2037
359	3480
2902	3206
4225	4321
135	2040
237	4267
220	4888
1026	1736
111	356
259	1490
1541	3262
164	3740
4066	4471
1712	5054
993	3549
104	4317
2317	3552
1795	2505
1533	4243
819	3392
1127	5224
2916	3643
4128	4864
35	2806
1127	1691
3636	4046
1922	3261
999	3626
3169	3677
3169	4683
3385	3617
4210	4412
1027	4141
2094	3051
2666	3549
913	1646
1672	4608
1859	2147
368	707
4671	5081
1426	3772
508	3651
3169	4907
1705	2537
855	3278
672	4321
4030	4714
2318	5177
1224	5209
3206	5112
1795	4921
1758	1968
379	1086
96	1695
275	1129
2043	4165
428	787
2549	5031
96	1775
164	4026
819	3040
7	1561
2050	3918
2806	3792
235	3169
2020	2870
3049	3526
1708	4852
4180	4383
712	2453
417	4814
2219	4141
2537	4210
7	1469
483	2827
2392	2653
4141	5098
692	4864
2540	3891
1708	4378
1284	2554
2290	2850
2653	4154
1127	1189
4	642
3426	3931
2505	2612
2229	2521
901	4148
4383	5231
1105	1673
3741	4412
17	4329
1208	4237
2755	4663
2135	2681
1779	1974
1445	3744
4199	4845
1051	2922
2944	3403
1585	1646
989	3257
1723	1859
2463	4714
3474	4841
2128	2849
1712	3922
111	804
92	2663
759	3680
2318	2954
368	600
2318	4257
2953	3019
2970	3233
920	1270
3049	4237
2537	4468
2043	3755
1990	4116
3643	4523
213	1059
353	5054
1127	2944
4601	4940
2653	4044
1007	3169
2117	5154
1183	2827
3846	5021
1237	5050
1189	1870
1043	4804
2827	3556
3546	5177
1358	4237
2079	3476
284	3626
319	2697
3282	3637
7	1323
2290	3257
1237	3375
77	3772
1838	3562
319	762
653	3594
319	339
2653	4604
1656	5054
516	4383
1919	5062
1769	4031
1520	2226
3836	4964
4736	5049
1985	4714
4404	4477
2050	3474
316	2417
1391	3596
1585	5171
1811	2875
33	1237
219	3334
7	4372
599	1438
1519	4789
4473	5175
686	2318
243	2700
3933	4589
1943	4157
1461	3556
348	3937
1646	4608
1089	3849
2382	3753
2806	4276
2147	4717
2795	3755
3169	3546
2346	5209
93	3824
1646	3546
1133	4547
765	989
1469	4471
1366	2756
3469	4873
2632	4698
461	3548
277	1533
2742	4876
1772	2373
1736	4495
2298	2318
1585	4403
96	2641
889	1149
3457	3498
2290	4560
1533	4195
2043	2521
483	1113
870	3843
1347	2889
3358	5184
3158	3543
2850	3109
1318	3278
4507	4967
3169	4383
2774	3169
2037	3278
999	3822
96	4021
2020	3694
3509	4012
3158	3278
3670	4714
1294	3510
3169	3699
3903	4663
381	4785
2676	2806
1469	3028
994	4041
761	1533
4652	4804
3630	5062
457	1282
1026	5054
1434	5188
982	2226
2087	4663
931	2732
234	3509
2113	3169
2515	2970
7	1887
111	290
299	3212
1766	2529
1323	3169
1133	2356
2529	2956
1646	5062
578	3494
1782	4864
96	766
1671	3169
309	4714
2596	3928
3536	4083
1113	2688
1656	3168
4061	4677
2050	4003
989	4909
871	3063
2482	2755
1721	5021
3462	4243
640	2999
1913	2109
2078	3156
379	5050
676	759
2050	4877
622	1411
3937	5215
142	2008
4128	4220
178	2663
417	5177
368	2936
417	707
2902	5254
33	2282
1016	2602
1358	1455
4	3747
1357	4714
326	4253
3875	5020
992	5062
4093	5107
1656	2749
225	2806
910	2290
319	2971
1684	4988
104	1347
115	171
1451	5021
4330	4864
2209	5054
142	2113
1465	4133
1649	1878
1465	5238
3457	4704
247	2549
2653	4385
696	5219
1901	4225
4141	4578
1036	3556
3482	4116
1576	3777
1533	3177
3713	4547
878	992
483	3359
1208	2139
495	2756
3169	4432
928	4608
3549	4809
290	2630
2676	4589
788	2453
348	2970
1907	4117
235	2146
1671	2138
2870	2936
2488	4663
651	2993
3449	3755
788	3548
2902	3185
1349	1919
819	4254
1112	2993
4180	4547
2759	2934
104	1133
4483	4867
1455	2453
1292	4157
291	972
2358	5172
600	1469
709	3548
3198	4220
622	4471
989	1237
1819	2529
1104	3664
151	2087
4723	4921
920	4877
2358	2547
2087	3784
1926	2466
1520	2595
3403	4003
142	495
2076	3060
762	2991
2570	4864
2417	2567
3060	5021
1585	4461
1723	4608
1517	2756
314	832
913	3548
2853	4643
4141	4652
29	4921
184	277
73	3278
2453	3153
2217	2850
672	4572
1708	2615
329	2505
1878	4369
2358	3483
7	3777
329	1082
93	4104
7	3462
923	1599
1018	4327
748	1089
960	2857
381	1133
112	2945
1127	3293
80	5254
1549	3392
1925	4864
600	4663
871	2382
5066	5207
3454	5107
4566	4899
683	4566
4104	4477
2416	4148
212	4714
2273	2375
276	1758
228	1671
597	910
4072	4104
2889	3450
3543	3811
615	4097
1224	3109
1420	5172
2128	5219
7	1089
2318	3233
3822	4591
390	3295
476	3169
3278	4487
1644	4894
3403	3869
963	4466
960	4454
3744	4275
676	5154
3548	4608
1708	3670
2223	3169
2050	3012
1198	4785
3722	5054
4383	4864
3245	5175
3380	4417
277	4663
4225	4997
3034	3185
1323	1469
348	2663
1455	3169
2925	4141
3822	5008
1534	2123
3169	5081
1155	1535
2290	3005
2240	4879
1224	4683
2240	4663
1587	3710
2244	3109
271	3960
2999	4589
515	4144
3017	4678
1112	3114
2217	4477
3626	5238
615	3169
1989	5175
3169	4608
4199	4635
4275	4330
3777	5094
1129	5127
393	2827
1168	2806
1649	4275
517	4477
7	1685
2358	2569
359	1535
1113	4560
3626	3973
3482	4752
1097	3644
2676	4560
1656	4508
290	1527
60	1133
1698	3401
4199	4661
191	4561
3699	4770
1347	4598
156	2922
3933	4270
4104	4683
1106	3169
3699	4109
725	3169
3294	3766
213	5076
3346	4864
1038	3636
3753	5209
304	1683
96	706
697	882
1237	2226
276	2240
973	3644
3019	4436
4189	5021
960	1723
7	676
3135	4030
1600	1614
3426	3626
1600	2515
3504	4864
2823	2934
1027	3169
2774	3740
3158	4648
2749	3856
2138	4739
319	833
3542	5054
2853	4210
75	1814
1010	3957
3644	4523
3834	4179
1107	1237
2850	4734
159	4988
3644	3766
516	4415
3198	4683
2653	4635
4104	4270
4054	5226
67	3723
243	833
4864	5008
913	4227
491	1942
1708	2074
773	4459
2350	3156
1639	4257
4523	4601
651	2853
4063	4275
2653	5122
948	1701
17	4119
4066	4404
1739	4439
412	2290
146	319
3341	3982
156	4873
1155	2518
1166	2318
1237	3910
1483	3169
1237	5043
1036	3933
1652	2318
718	4663
3450	4807
155	5242
3005	3753
3509	4191
788	4783
3464	4909
3169	4110
171	1632
2346	2917
1561	4608
1519	1981
817	960
1189	2717
2130	4888
982	4685
622	2020
1353	3169
1183	5209
716	5156
1438	3454
339	4723
2971	3169
2934	4721
247	4403
1954	4864
3169	5124
1209	2945
1968	3359
3158	5234
1463	4641
1224	5231
1585	2139
1138	1166
994	5188
196	4644
1942	5215
3421	5059
393	483
858	3169
1901	3114
2936	4267
4133	4135
2719	3828
815	1524
2020	3664
92	4939
561	4663
3636	4783
3169	5244
1314	2318
3644	4471
2849	3643
1165	2795
4546	4945
992	3566
3933	4104
4243	5215
3907	5235
871	2917
4044	4864
291	5215
203	2123
315	4141
615	4734
1671	3160
3169	5047
1905	2477
1469	3534
3747	5160
2902	3169
139	4378
707	4641
7	1237
1082	1758
2240	2641
1159	1354
3169	5218
135	4443
225	1113
2891	3355
4275	4487
2273	3026
3483	4714
1656	2991
123	2484
1127	5238
3470	3562
934	1411
3063	4031
299	491
3596	5132
1127	1701
1084	2604
1705	4018
277	4052
671	5021
986	4868
247	980
129	1614
2748	4466
4097	4723
233	1637
1585	2806
2749	5184
2889	5219
1878	3723
773	4454
765	1582
3744	5021
559	2273
2671	3895
3169	4914
3477	4663
4141	4659
93	765
58	1237
478	1316
3454	4275
615	3403
4141	4472
1829	4714
2749	2915
1985	2989
2521	3169
2358	4551
1495	4671
761	2993
819	3651
3464	3494
191	1378
2934	4663
554	2630
1316	2617
1758	4609
191	3135
985	2248
381	2482
1695	3654
1133	1561
381	4101
765	3755
2566	4325
180	3811
3834	3976
498	4591
29	564
4128	5107
2358	3207
2490	4253
3509	4476
2964	3933
291	3758
788	1031
92	3516
1074	3169
707	4476
157	2318
597	2602
2788	3169
2397	4321
2998	4692
2260	4864
3169	3303
2447	3169
2477	4864
1208	1959
2889	4739
2087	4572
3306	4228
2375	4864
104	4879
4975	5081
2749	3695
1527	5021
2244	4845
319	1236
2902	5076
3856	4275
1701	3596
1270	2219
1162	2617
601	3295
4270	4477
677	1859
1237	3649
989	3566
393	4609
1237	1520
2138	3634
104	716
339	827
3664	3710
92	2630
2772	3023
1919	5146
390	559
515	1026
1352	3643
960	3755
1701	4039
909	4483
2358	4276
4054	4443
1025	3169
2078	4482
3067	5234
4013	4148
29	788
819	4888
347	457
3449	4372
2529	3740
191	1585
1510	5054
3449	5021
1189	1194
7	3947
1723	3976
2756	4127
977	4663
222	309
1663	4873
157	2870
597	1473
3459	4853
3543	5160
3505	5254
2672	4385
1237	2521
1448	4104
2453	4447
2808	4306
3169	4995
291	2318
1293	4560
1862	3490
1138	3546
592	4663
1591	2240
615	1196
1357	3348
1603	3306
381	3803
172	347
930	3169
1904	4698
247	2733
191	3739
1814	5018
1570	4127
2970	4921
3504	4988
1758	4429
1049	4141
96	2676
2999	3836
92	2219
2697	2840
709	4267
2689	3798
2499	3282
225	4560
1391	4141
314	4225
352	2895
1885	1895
1004	2853
2640	4483
707	2515
2989	4275
1137	3914
2732	3504
2945	4023
1237	1779
1479	3169
4535	4809
759	3110
2043	3109
2104	4461
75	4275
284	5242
1505	5112
1594	3169
1691	2043
3928	5154
277	1512
559	989
1086	1455
104	3026
1874	4275
2657	3109
319	4482
3755	4560
601	5242
1469	5215
460	1905
4752	5171
711	4141
2145	5021
1352	3060
1138	1907
672	2720
129	4814
4447	4853
374	3454
2853	3294
3198	4372
3403	4970
1115	2844
620	4873
1656	2849
4560	5041
1350	3078
3466	3846
1127	5165
67	2138
191	2964
1632	1905
154	4477
7	3494
1716	3426
1224	3004
749	4116
1919	4627
2735	4075
2554	4608
773	2223
4193	5132
615	3839
966	1455
989	2689
870	1265
3710	4202
515	1469
92	4030
3896	5215
2239	4199
2219	2579
1347	2135
2081	3907
528	4801
3929	4275
558	561
3195	4275
2109	4852
1505	4608
1038	3278
2822	3637
2733	4275
4028	5021
1520	4030
920	948
515	3385
1224	1632
4237	5020
3616	5154
686	2749
882	2147
164	4547
4149	5209
600	819
3359	3824
1469	1527
1237	3268
1779	2407
1441	5054
674	5174
1038	3943
550	766
171	4270
948	4848
1599	4864
1237	4406
7	4026
2727	2916
2510	3843
4609	4967
966	3039
711	1183
2715	3843
3169	3723
2827	3644
1210	1237
3710	4974
1723	4246
727	4864
3387	4873
284	2853
1146	3596
2732	5030
870	4608
2298	3552
433	2109
498	2050
1708	3824
3348	3792
319	2123
558	581
760	1672
1089	1972
1919	4698
1355	2617
3413	3449
3874	4345
509	3169
882	1475
4031	4378
4252	5054
1758	4165
2147	4663
4210	5146
564	2070
1533	4378
1701	4193
1519	2934
3169	4528
1505	3169
45	4719
1127	4263
228	296
1878	3952
3879	4393
1127	1242
2902	5219
1632	2806
4597	4887
7	73
7	3143
348	3651
4013	4864
371	5072
642	5054
4663	5054
4031	4220
96	4141
4061	4372
347	1919
707	2970
197	1723
4383	5215
3856	4609
2846	3169
1779	2282
3169	4451
1270	4869
2596	3061
314	3723
3907	4106
2173	2801
5	3922
1133	4809
4725	5172
1541	5241
4061	4970
3358	4106
2123	2801
1904	5207
1469	3596
2532	4828
1964	3169
4226	4393
2540	3169
1270	4608
2053	4451
348	4899
2050	4403
2922	4552
41	2749
3548	3643
1864	3543
1519	5231
4128	4141
1208	2078
1505	1532
3169	4888
3240	3714
620	1305
1517	3644
928	1237
3380	4141
1133	1242
3169	3808
1720	4852
1469	2875
290	3539
1240	4864
2759	4408
290	4483
7	592
1775	4641
766	3801
2970	4379
1208	4369
4426	4461
1519	3881
1723	1814
4031	4939
3169	4942
1423	2934
133	3307
96	1469
4864	5110
1585	4864
228	390
1473	2756
931	1025
1495	3643
2863	5215
196	2904
1837	4785
4157	4775
1701	2417
4254	4888
328	4379
2318	3594
1701	4848
1701	3601
2499	4853
2861	4613
481	2671
2138	3101
4116	4867
319	4364
1758	4272
2801	3206
2529	4483
901	2037
1133	3203
3459	5127
1527	3278
1533	3529
4117	5054
136	3830
812	4986
1527	4864
4725	4939
1720	3038
3523	4141
74	2749
931	5215
599	3124
1942	3012
2231	2318
1759	1974
211	1275
1147	4992
1517	5008
3397	4141
28	2416
417	5172
686	4041
1723	3803
2863	3282
41	2653
2934	4652
707	1138
788	4659
456	751
2636	3418
653	1176
3955	5238
1040	3415
2934	3200
1113	1905
328	686
3124	5021
7	4144
3233	3644
3630	4310
2676	2999
144	1537
424	839
2060	3557
2020	4483
1814	3755
1107	4128
3747	4039
92	4752
249	3713
1766	2147
3023	3867
3543	5057
1964	4608
1793	5174
1705	2653
1038	3907
1716	3295
2123	2902
602	2217
1867	4844
4192	5050
348	1901
393	2676
1352	1870
686	842
2510	4385
4945	5135
561	1034
4141	4343
243	2677
1808	2240
433	4852
622	2970
3710	5098
2128	2902
1758	2760
930	1237
2375	5018
2934	4256
104	1590
4031	4372
1152	1425
3740	4243
2318	4339
4165	4349
12	4378
3450	4252
3025	3266
3753	3846
839	4422
4845	5054
3063	4030
328	3025
601	4671
545	4105
45	4199
1351	4864
711	5238
1905	3153
104	3846
154	225
2595	5122
761	3549
196	4156
924	3169
1214	2579
1870	1985
1968	2749
164	3033
1469	3482
626	3617
1138	5177
2964	3556
3556	5215
1585	1968
104	1209
191	4939
144	373
3215	4841
2416	5215
1585	2087
1672	3358
989	1113
3596	3619
371	1516
672	1036
3169	3261
1104	1685
3651	4459
992	4671
313	1890
1185	4194
1758	4282
3548	3821
982	4367
1138	5062
1758	2395
677	3740
1422	5227
1237	4030
550	1455
766	4424
2801	3169
3510	4783
2050	5146
3169	4391
334	2934
1265	1723
3015	3874
1919	4210
1349	5146
2358	2982
931	4546
1964	5021
3169	4677
2653	4577
907	3363
707	1600
1533	3358
3294	3907
2756	3907
2147	2956
328	4061
3275	3526
7	3856
483	3089
1237	1990
1103	1393
3764	4719
2318	2755
3206	4988
3710	3744
1958	5215
1113	1133
2993	5242
104	982
852	1025
1237	4372
3984	4888
4110	4495
123	3556
960	4189
2298	3257
1457	4582
232	3169
2239	2537
1969	3061
3071	5033
3280	5130
319	2755
2732	4988
70	2773
1785	3275
558	1919
489	2776
213	2801
928	1512
3834	4414
4515	5054
4144	5154
1723	4785
1758	2776
2653	4336
766	2567
4454	5157
235	5038
469	3169
3245	4704
765	1311
2050	4031
359	4482
2351	3710
1123	2857
2569	3670
2720	5238
2749	3308
622	3836
3644	4964
2595	5180
559	2355
1469	3359
1469	2936
1671	2130
3039	3169
3169	4036
1469	3613
2318	4861
992	1113
2358	2922
1708	4609
255	4879
1656	2324
3169	3613
3824	4683
4087	4149
1902	3360
1138	2970
339	2801
374	1455
2087	4306
96	3247
3946	4582
601	2273
834	1723
1237	5026
558	1237
180	3843
2756	4282
1618	3462
2128	2612
3123	4988
3552	3556
1907	5188
359	2643
1277	3710
1814	2945
1230	2318
2822	3714
45	3169
3293	5054
419	1176
4891	5041
2318	2916
2889	3651
2776	4864
622	4725
393	4054
578	4141
1708	2850
1600	2051
662	2730
3158	3753
1614	3169
1532	4385
2050	4412
2756	4536
1721	3377
4705	5021
4135	5238
882	1671
5021	5130
977	5132
1434	2372
225	393
2782	4864
1411	2554
1905	2358
1155	4043
1765	3169
2956	4026
928	2481
412	1043
235	2054
129	5172
1133	3155
164	460
486	4879
554	1494
1712	3169
2254	3403
2273	2829
561	1779
1549	2561
3212	4911
228	3169
1349	4210
264	5054
2505	4883
2579	4909
1730	3015
693	1902
1349	5135
2643	2795
662	2135
144	3509
819	2889
3387	3771
186	2720
3644	4909
3531	4144
2863	2970
2394	3169
3822	4997
765	3109
924	1049
2318	4066
1107	2595
2950	5057
2653	4106
3744	4141
348	3480
3516	3529
966	4199
4379	5054
3358	5072
760	3755
4627	4752
3999	5215
2128	2801
761	4632
4157	4661
3169	4805
234	4372
417	1646
558	3028
2112	4095
1007	4043
33	2609
2050	3123
1423	4466
1671	5204
819	4864
1455	1870
4243	5154
67	1944
626	1316
3169	4473
615	5021
2453	3548
4678	5175
2991	4505
1237	1392
538	3169
352	982
1606	1981
1237	2928
159	676
718	2482
1905	4589
1720	5008
1610	4864
74	4853
191	5132
7	4613
558	3457
1533	3275
577	2653
675	1758
1765	2240
943	1907
1277	1758
154	3792
1708	3426
356	1775
2953	3169
3644	4477
622	1469
2829	4864
1293	5154
707	840
3595	4393
2240	2341
2229	4725
716	3963
3110	3753
1968	4608
277	3803
2231	4383
135	235
1146	5043
2934	3848
498	960
1232	2570
2934	3619
3029	4988
3847	4814
73	5054
352	3240
648	913
100	4864
2243	5054
2240	3263
2875	3169
3049	3169
151	4443
2717	4018
928	4967
2358	5215
1585	4106
648	1127
1533	4611
729	4321
2453	4853
2993	3931
290	3169
96	4109
45	3293
159	3206
1595	4379
801	3630
17	1766
2630	3643
765	1237
483	3169
2373	3078
1104	2135
2240	2627
2240	2774
994	4052
2617	3939
3169	3744
4412	4698
2926	3169
2356	3960
70	3449
291	2758
2640	4391
4148	4429
2358	3359
135	718
137	1837
712	1503
483	4477
3114	3822
213	4887
3160	4888
599	3710
697	4864
676	2732
70	92
989	2663
60	4814
1622	3644
1183	4072
4443	5177
2273	2976
4646	4864
3039	4507
920	3644
93	225
4736	5213
155	760
1723	5054
1836	2749
75	3710
54	662
4560	4964
2715	3505
626	1352
70	1512
1985	5054
1988	4996
70	299
17	2915
4026	4873
457	4260
112	4864
496	540
3129	3566
551	1188
33	180
3710	4608
1532	4237
4385	5033
501	2653
172	4310
154	4608
1758	2145
2505	4105
2993	3426
1155	2123
1712	2866
3771	5054
3184	3228
920	5062
1455	2367
2134	3856
4677	5154
622	1591
1127	4734
1980	3169
615	2870
3836	4477
1736	4191
2253	3176
864	3888
4752	4852
889	1561
393	3348
2749	4741
3158	3494
2769	3733
1479	2845
4677	5054
878	4807
600	2521
2529	4663
5050	5215
154	3348
2290	4988
2822	3739
1237	1293
3801	4195
360	2318
96	516
290	2318
707	4608
765	3012
3454	5054
1469	2976
4031	4415
1198	2450
3363	4841
368	2318
788	4447
3873	4864
19	2240
1455	3293
1018	4970
104	2612
3543	4873
2653	4750
344	5215
1237	1270
1926	2182
1316	4101
1455	4775
3375	4109
1736	4662
889	4727
576	5127
994	3753
339	2078
1316	4652
2240	4075
2484	4280
827	4888
5054	5256
2999	4404
3644	4270
3169	3853
82	3297
1237	4637
271	3063
2993	3973
597	2653
17	3803
12	5050
982	1701
235	2595
869	3548
1837	3874
314	2657
1460	1926
17	4646
17	3169
2109	4193
3480	4026
130	228
1104	4030
1975	2934
561	2147
561	1533
4193	5062
3084	4243
1512	2991
96	1133
1455	4199
859	3736
1524	1895
3792	3824
1649	3160
960	2318
3380	4104
4054	4101
2870	5154
96	599
566	4873
1671	2223
3856	4141
255	2983
1758	2479
483	1237
1209	4879
3588	5175
348	858
599	978
2889	3378
2318	3245
707	1166
1772	2595
761	3822
2595	4734
93	1425
77	4479
749	5054
3378	4841
235	3834
2093	5054
1323	4608
1208	3634
4459	4888
578	3644
4243	4611
104	3950
104	884
1183	4589
4203	4466
1867	3764
2617	3667
2970	4608
1166	4608
1166	1561
2189	3929
1469	1479
920	1663
4378	4714
773	4888
765	4106
359	683
1537	4637
75	3621
387	4914
2123	3952
229	4301
1895	4104
2290	2732
2632	5132
989	2050
508	1208
1533	1618
4141	5215
707	1907
3595	4226
92	3644
1179	4026
1038	5054
1766	4329
3755	4873
1839	3169
1270	3169
2676	5171
2993	5156
77	882
1708	2993
964	3306
2050	4852
989	3914
747	4547
1656	1758
2653	4967
1411	1814
943	3169
7	379
2070	4267
1527	4495
1695	1795
3169	4419
191	1194
2240	2529
1166	4727
2378	4970
964	4719
2239	4439
1133	1183
1684	2020
718	4602
92	2244
4663	4841
275	5127
423	3596
4828	4864
296	3169
2849	5076
180	4141
920	2050
172	3630
2732	3005
3169	3937
1721	3124
259	943
316	3268
686	3710
339	1234
3348	3359
4659	4864
3843	3965
2219	3907
3644	5050
4873	5146
191	558
2660	4194
4841	4970
259	3169
2276	2916
4447	4659
3005	4960
2505	2916
1113	4967
1237	4093
2248	4214
1133	4257
3177	3244
3470	5072
79	2715
3626	3822
2240	2956
92	4180
167	3212
981	2318
1520	5107
1606	2138
4440	5130
1878	3594
1469	3556
1166	3169
4117	4141
92	4031
1107	5107
554	2749
3228	3289
1533	4627
178	5021
2217	3755
1103	4864
794	1127
4439	5021
2323	2983
597	1814
1165	1656
359	4736
2889	5204
1465	3024
1646	4725
4727	5177
1649	2128
368	2020
659	953
1455	4959
2663	4852
211	2117
692	4608
2417	2773
2356	5122
2756	4514
773	5219
2558	5217
1549	4568
348	1469
907	4608
4263	5227
5074	5227
1671	4739
1465	1753
135	4714
2857	3660
2653	5208
1779	2318
2117	2827
1814	1907
819	3169
1561	4613
2749	4439
1133	2147
89	524
1578	2509
711	2991
2814	3454
3019	5219
1759	3873
2769	5156
3534	4104
2641	4888
4270	4471
1561	3546
4542	5188
2020	4943
760	1237
2240	3477
1455	2942
3153	3358
2375	4383
602	871
154	3933
45	284
3078	4714
1465	2617
2079	2806
154	1332
1505	4043
159	3753
4864	5124
2720	4216
676	931
3747	4864
1086	5050
2153	2749
4141	4807
446	3644
1373	2871
1649	2971
319	2849
2358	4392
707	3979
1533	2448
93	4589
1293	1519
361	2078
3694	4225
819	1698
4769	5021
481	1575
142	4580
727	1127
92	3078
92	196
2844	4887
1775	2240
68	3753
2657	3776
693	3303
1972	3644
1293	4263
645	1585
3169	3476
2991	3630
2078	3206
2510	4495
615	3937
3600	4342
3741	4752
3303	4483
2392	4864
4466	4988
315	3078
3973	5165
2665	4385
2915	3169
1541	4479
559	1176
1237	2510
4075	4275
4643	5242
93	3359
412	1691
156	4263
1007	3016
481	2384
1990	4635
225	4066
347	4412
1289	4970
1519	4141
2510	4105
3206	5154
352	1270
674	5130
859	3596
1646	2113
1708	1968
3095	4841
1532	2537
1650	3780
129	1420
3792	5209
191	989
3089	3359
352	1646
328	3278
299	3947
4383	4731
3169	4257
4180	5122
432	3275
92	4412
4275	4495
2756	4454
2749	4046
1537	3169
1469	4054
142	5021
181	2282
1656	4843
3546	3882
7	1537
828	1989
2510	4369
852	2844
3644	5154
2407	5054
1758	4158
693	3279
2118	3169
1034	2956
379	2358
211	3459
1031	2653
2749	2849
17	1969
1723	4609
1293	2827
104	4220
104	247
483	4104
1401	4608
599	1685
1814	3643
2394	2735
75	4200
1016	1129
857	4852
1622	4031
1907	2936
1237	3264
651	5242
515	1942
1451	2358
3306	4144
155	5238
1494	4608
7	2761
3110	3846
1775	3740
2844	3169
1758	4480
561	4704
707	2769
3621	4383
164	2653
457	4061
558	4873
3295	5242
1265	3169
1025	2844
3025	4608
2509	4495
2240	2453
1758	3072
1107	4714
711	4734
839	1753
1646	2020
665	2964
2660	5054
4637	5215
104	4741
1469	5188
640	1413
1082	4853
992	3129
1942	2889
1373	3740
1284	1603
1455	1566
1214	1237
1457	3498
4789	5021
170	1208
878	5231
1413	3596
3246	5054
2749	2965
92	578
7	3549
2653	3896
517	4608
1423	4141
3015	3169
1168	1352
1469	4260
92	3755
928	5050
561	2479
4193	4752
1758	1782
760	4106
711	4275
2700	4864
4490	4507
2020	2290
662	3443
683	2643
2509	5219
290	2117
1723	2870
319	3185
104	1027
1212	2223
783	3169
989	4461
381	4021
931	4719
828	4129
1772	5021
1286	3963
1143	1614
3295	3549
2934	4181
1907	3619
2653	3695
901	4415
2072	2993
545	2505
3644	4031
3169	3802
1010	2739
517	2676
773	4158
3651	5219
957	4141
1003	2653
461	819
4921	5121
1420	2051
3169	4581
779	4275
70	3617
1411	5054
2051	2717
4495	4864
2773	2934
3995	4864
792	5054
2850	3933
1113	2358
1758	3280
115	3169
1129	4415
3680	3846
457	4310
70	4030
4378	5132
4594	5054
1779	2642
2934	3169
460	2087
693	1818
4	1183
316	1927
651	4187
4864	5020
495	4705
564	2586
516	2147
2008	4383
870	2970
622	1723
2096	3630
223	4157
1127	2043
1146	5020
456	1467
1034	2877
2749	3421
618	4864
1237	1439
1632	2318
2477	3889
2128	4827
1097	5154
3366	3630
4270	4560
3429	4663
607	4141
1490	2760
3156	3182
1188	4919
2970	4923
1103	2318
2358	4106
1907	3710
693	3169
191	2050
551	1549
3634	4921
92	515
622	1942
135	5021
978	3169
4072	5209
1189	5054
3169	3999
457	3630
515	566
3601	3918
3824	4589
857	2663
1475	1793
3736	5122
2346	3236
93	3348
707	768
2581	4933
1985	3169
295	3588
3768	4141
2078	2138
1188	2018
2323	4873
1133	3477
476	1237
999	4997
1561	3169
393	4752
2051	4632
3651	4580
819	3643
5021	5241
181	4677
508	2223
954	1038
2318	4727
2641	5120
4046	4663
516	2889
235	2081
620	1469
2147	5132
662	4608
299	860
423	2970
1347	4459
3169	3366
2020	3184
2226	3531
3081	3169
96	1455
709	5174
1905	5028
3169	5004
144	2749
3549	5156
133	5133
551	4383
2749	3560
3834	3856
561	3169
2318	4765
773	2928
215	3169
2147	2518
1990	5135
1183	3089
901	5184
578	4909
1663	1701
1343	3813
3699	4663
1293	3257
229	3169
2976	5215
104	4477
2318	2936
4873	5241
602	1814
1673	1927
3549	4154
2521	3019
4864	5011
1779	3334
832	4698
1155	2626
1701	4909
191	4415
469	4608
707	1614
374	4641
2094	3169
1779	4306
3914	4909
2078	4097
156	393
765	4736
2324	4141
4853	5235
601	699
235	3366
2521	2756
2676	4116
1237	3617
1450	4383
235	5020
597	1671
191	196
794	3421
3426	5215
3378	3552
1585	1721
766	2989
1469	3492
3359	3792
931	3110
2244	3744
3109	4589
1695	2902
1859	4663
1708	2117
1265	1345
171	2160
291	4608
104	4052
92	4276
1495	2453
981	5057
2850	4066
1179	1919
1434	4577
1208	1650
661	2888
2318	3882
367	2509
3212	3778
2529	2653
7	5238
1161	3108
886	4637
33	2072
4243	4263
981	1490
989	4911
558	4210
1237	3492
438	3160
2217	4683
1614	4814
1224	5208
1031	3169
982	3966
2341	5054
335	2928
171	1691
508	1942
901	934
1010	3079
100	4734
4225	5154
581	3630
858	5215
3307	3548
424	4483
1038	1561
1210	3169
1878	3505
2712	4351
2850	4560
775	1387
1208	1695
2581	4841
2663	4030
1646	2970
2934	4128
2964	3549
3562	5227
3498	4582
235	1103
884	4148
4054	4310
1189	4391
2318	4018
524	1862
540	2128
559	4195
495	1901
2025	2861
1942	3378
67	2510
96	2636
882	1025
2389	4813
1535	5219
483	2806
3540	5204
2123	2612
4013	4841
3454	4594
2615	4967
1527	2070
920	1942
977	2749
1708	4276
1003	3278
1237	1723
1838	3470
1237	3529
1196	3753
2043	3198
92	1901
225	3933
1349	1646
4061	4813
3123	4591
476	4864
981	2936
540	3169
1347	2130
1743	5054
2117	3358
3169	4275
4066	5208
508	3577
1354	4741
2007	4127
3169	3205
2106	5094
1527	3848
1113	1224
1007	4495
2320	5054
716	3498
1265	4723
3753	5188
2749	4097
1723	2913
3426	4643
1469	1672
2253	3979
989	1176
909	2382
151	1357
1155	3505
438	4560
1585	3359
2070	5021
593	2970
2223	3019
4635	5020
1226	1730
104	2243
2720	2993
1090	3169
154	348
4560	4683
2585	4935
4	4844
1104	4052
1759	2482
461	4148
1439	3617
1814	4378
3169	4891
2363	4267
559	1964
1603	1756
1113	3966
1927	5127
82	5154
626	1723
1010	5156
92	3038
3169	4306
1663	3859
1352	1469
2653	3875
4083	4480
3619	4864
3123	5132
498	2537
2510	4476
677	2749
2219	4864
3169	5227
1163	3753
1138	5197
1981	3169
2671	4853
2138	3723
3096	3169
938	1859
1138	2113
1127	3931
460	5217
766	2853
1304	4864
368	5177
928	1519
144	3028
948	1189
1473	3480
171	3169
2138	4921
2123	3505
3643	5033
913	4343
3482	4104
2318	3158
1905	3824
1137	5062
870	3261
2989	4330
2128	3952
699	1133
92	2540
2954	4864
119	2020
615	1969
277	3939
4066	4477
1018	3169
133	5021
2760	3060
1237	4054
1639	2299
2525	4528
2776	3740
4471	4560
724	4157
335	419
3846	4141
3643	5056
581	4310
1457	3413
1149	1305
2917	3490
4317	4734
4031	4960
159	4591
3155	4415
3169	4108
1347	2519
1209	2240
1168	1469
300	3753
70	515
115	1632
348	1691
1237	4193
2840	3169
1469	3332
1585	3215
1874	3494
1907	4013
1473	1622
957	3459
17	2756
33	4220
3039	4199
135	277
1985	4864
4033	4141
659	3546
622	4044
1520	4128
1901	5154
1189	2079
2453	3579
4981	5254
773	1698
788	4828
1524	2964
96	299
910	4853
1972	3879
2720	3955
4306	4970
1411	1591
1205	2510
1901	5184
3510	4723
2749	4343
686	5230
4267	5241
3012	3261
290	554
3556	4608
4495	5020
4734	5208
3644	4967
712	1750
2875	4864
4202	4864
1753	2827
4674	5160
4030	4031
212	2749
2130	3651
1814	4141
1691	3169
2569	3359
766	4203
2145	4864
359	882
277	1455
1370	1606
564	4343
597	1842
3203	3401
1944	5215
923	3644
1451	1473
699	2525
4889	5054
1736	4407
3019	4514
838	1775
1138	4260
564	3875
247	5135
1490	1576
2050	2936
711	1237
1312	3155
3153	4383
1712	4256
2549	4422
654	3834
159	1684
1878	4097
77	1878
1712	4635
1901	3169
1281	1852
3907	4028
33	1112
156	4719
1146	2657
225	517
2318	2915
543	4616
4021	4141
981	2537
3177	4575
1561	3907
1168	4813
2827	4066
277	2761
1753	4225
1224	2290
3888	3922
4448	4873
3621	4466
154	2806
2964	1753
2849	1265
4589	4270
2641	508
5191	524
4864	3713
5026	2950
3026	2936
2759	1723
2944	515
4752	2050
4644	3753
4343	2953
4807	1519
4379	2554
2914	2653
3169	1767
2849	2510
4412	2226
4031	844
4012	1210
4813	834
1878	1606
5112	3156
4378	2964
4641	1420
1723	1168
4589	3609
4868	844
3160	228
5241	5033
2665	882
3756	3737
4104	3089
1723	498
3543	423
4200	3664
4276	154
4321	3359
1155	572
4864	1849
4841	4714
4165	2653
2519	1907
4141	2914
2991	2643
4714	2226
5047	137
3401	1561
3616	159
3922	3049
3680	676
3879	1089
2904	759
1391	1127
4127	907
1623	662
4608	1133
3246	2318
600	356
543	70
3169	2505
858	290
4129	1972
3262	2025
992	989
4412	1349
2749	1013
5020	3782
4507	4225
3501	2711
4853	3859
2642	335
5174	3548
2251	931
1373	1237
3476	2093
3664	2814
2696	2653
4899	2253
4608	157
1237	4
3169	989
5021	1566
3654	1265
964	676
2657	191
5199	1237
3881	1237
4276	3359
5215	4899
4482	339
4474	4342
4439	1469
4483	566
4869	677
3931	2481
3756	3393
4054	154
3918	920
4135	2720
3689	989
3562	2964
4536	3019
760	92
4909	659
1723	752
2827	154
2991	2653
3529	2579
4483	360
4031	1189
139	92
4306	2934
4869	3454
3206	676
2806	1469
4408	1018
5009	4141
992	271
2730	1025
5156	3426
4822	3710
1775	483
2226	352
3028	329
765	760
3169	1928
3169	3061
3477	96
1292	111
4864	4608
1570	7
5215	348
4072	2346
4030	191
5208	2358
3981	2641
4545	3952
3240	1137
2308	2138
3713	3029
981	626
3184	2554
4471	3933
4714	1350
3630	1890
1458	314
4652	4019
1469	550
3644	1127
2482	348
5054	2318
3225	3169
3012	1010
1469	180
4220	3728
3114	1469
4054	2827
3169	212
2735	1469
2308	1878
2870	1411
5132	4030
5010	3710
3937	907
5021	2202
766	155
4864	4310
3965	440
599	277
4814	2970
4436	1758
2993	1038
1166	659
4053	191
2666	1266
5020	359
2549	693
2760	352
3973	601
4191	631
4864	3552
4864	1787
3664	1585
3261	2358
4734	1423
2040	1759
1237	622
5021	374
3019	1455
5254	213
4256	3973
2632	1237
2863	2026
2050	1663
4848	1237
3510	3505
4560	3109
3874	2282
4118	312
1469	855
3664	1411
3630	542
1237	648
3510	29
4408	2954
4471	3836
5040	4698
1411	559
4888	1671
3169	1127
1880	668
1265	67
2999	871
1708	943
4560	3836
4447	699
3896	1133
2452	180
4714	2219
3169	2138
4705	2735
3644	3067
2720	993
4021	2282
4030	928
1535	339
2050	92
4964	517
5234	1293
3240	2226
4180	3596
2070	766
3169	1533
3751	433
4408	1985
1184	662
964	759
4864	3694
2769	1938
5021	4440
3169	2780
5184	3636
4727	2970
4141	4063
1919	172
4813	1469
1127	68
4429	1656
2529	1438
3909	1305
2922	1652
3651	3540
3169	659
3169	1753
4813	3755
5073	4714
2902	1059
943	328
348	33
4809	3548
4663	2870
999	284
1597	586
2282	235
5172	4641
1658	806
4495	631
3344	1215
4443	3169
4873	1270
4459	228
4864	2347
4404	4116
3719	3019
5242	761
4848	3601
2318	1352
3038	433
3498	2735
4383	3846
2720	2529
495	7
1672	483
4589	225
1709	752
3566	3429
3169	381
602	92
4864	1441
3169	1814
3110	2904
3295	456
4594	3613
4030	2657
4054	2318
2358	748
3380	3160
4864	2395
4104	4066
1549	319
4685	4141
2453	2037
3984	1969
4869	2956
4683	1469
3160	1656
4841	1362
3523	3
4028	2356
4543	4118
3600	235
5054	4608
3169	2131
4104	3198
5054	2875
1533	600
3596	966
1208	882
5191	3644
4127	3019
3753	1684
3510	2078
1988	615
5234	4911
3268	70
3937	3449
3910	180
3169	673
1010	559
516	348
2630	2318
356	92
2844	1723
4821	1347
2123	1826
3710	838
5022	3937
2826	765
4608	2152
5172	707
2579	2226
4825	3049
3078	2407
3888	15
3359	154
3015	1533
5050	2870
5130	2914
4379	907
3782	2749
3325	419
4216	709
1964	291
2149	1723
4148	600
3918	352
3960	992
4608	2765
1357	989
1533	578
4921	3480
1473	615
4240	4141
3617	515
4683	3358
3153	1708
1237	1127
3874	3019
1133	386
5072	4667
4447	4202
3651	3169
3015	1475
4415	2923
1632	1469
3755	3109
2720	476
4013	7
2051	129
653	559
3295	344
4263	1467
1469	498
5054	943
2358	1622
5020	4719
4577	1656
1448	871
4864	3856
5057	5026
2510	1795
4921	3169
2147	2040
2417	620
3974	3242
727	104
2050	1137
4683	1127
3644	1968
4864	2202
3375	1352
1316	913
4608	4018
4622	2653
3836	2806
4864	2983
5245	3548
1887	33
3257	2615
3609	1766
4440	2226
539	457
3680	1684
4072	393
3169	3004
3546	2970
3596	348
4914	604
1708	501
3896	2720
3501	693
2663	10
4888	3651
4210	4026
5145	2318
1411	322
4383	348
3358	348
2642	1723
3169	3072
3429	2260
4996	3616
4163	3169
4845	1867
3616	2749
2936	2916
4141	1975
5199	4635
3896	3834
3874	2756
3480	74
5054	4577
3153	290
4407	1535
1010	924
3890	2646
4352	1188
1721	1566
631	327
4497	4116
869	489
4723	870
4845	561
4378	3516
5026	1473
4683	4477
4483	2113
1708	1691
4591	2976
3637	1928
4165	4104
4631	515
561	96
3548	1758
4722	1469
4203	235
4327	3195
5154	1519
5021	328
2934	297
4879	4127
2318	593
3943	759
3278	2382
3922	3588
2688	592
2653	1968
4454	2759
3824	2346
4404	171
3233	1469
4988	1127
3293	993
2358	112
5244	1465
2991	1423
4560	871
4745	3169
3169	1904
2173	2138
3169	938
3780	2641
3261	1387
1981	870
3758	3169
4343	516
4141	3621
2020	1227
5188	4319
2615	348
4560	1237
1332	1079
4252	1469
1465	1352
4586	3278
4250	319
3110	2732
1723	882
4804	2452
3206	2123
3454	3149
4383	1968
4594	1025
1004	651
4117	2653
3626	2993
2806	171
4393	3456
3114	2072
4193	352
4415	1016
5132	989
3540	2889
3307	2273
5160	645
931	759
1622	748
5112	2128
4012	178
1267	1155
2857	1052
3859	1232
4997	3114
2128	319
2450	524
5112	3588
3099	1614
4097	1353
5234	3040
4031	515
4263	1505
3839	196
5054	75
5197	4683
3378	3169
3734	1026
1570	615
3477	1533
1775	1270
3169	2936
4637	3631
3922	3526
3753	631
1541	387
3462	3457
5050	4909
4044	564
4408	335
1561	1138
2447	2007
3813	2934
1133	133
1753	1469
5008	4225
4997	1004
5227	4243
2850	871
1036	913
3914	920
5062	199
4131	3169
1127	4
3160	2223
4888	4637
3295	806
5050	92
4415	74
5062	3918
1469	1224
4383	3772
2749	1726
1907	578
3206	2612
4635	1349
2765	2318
4723	3160
4335	3358
5227	2323
4864	3004
411	290
2040	1779
3114	1127
3719	2756
1964	1305
3536	1268
2418	515
4203	2720
2318	196
907	70
3466	1208
2970	368
4864	4552
4021	1942
1814	564
5160	104
2282	1759
5021	138
4483	3169
4723	29
4560	4404
2850	196
2799	2529
4608	1533
4213	2318
773	130
3169	2137
1230	7
4645	3169
2756	178
4054	1944
3477	600
4243	622
4026	558
4379	2630
4734	4683
559	356
3059	277
5242	3822
693	424
3621	1907
4075	3753
3198	1448
5215	994
2226	1137
4608	498
4165	602
5021	3713
5047	1837
3949	3169
3169	2112
4864	3275
4592	1237
2318	1446
2189	7
3516	12
1519	1204
4864	1133
1775	111
393	196
4203	2290
3029	594
4012	1870
1461	191
4602	2808
4383	135
4608	4054
2626	1695
1905	393
3634	1878
5054	2758
4026	3454
4054	2595
191	178
4643	601
4013	1519
4641	2051
3169	1726
5021	2595
4683	765
3264	1819
2135	104
5224	1312
4275	3621
2051	1614
2953	2417
4378	379
1944	1294
4473	154
3909	1149
3278	112
4252	277
3169	1925
3250	1495
1927	806
1585	451
4727	707
1104	716
4899	2102
2537	2525
1097	828
4127	3999
5107	4714
3879	1097
3169	2318
2453	599
4752	191
4922	882
3667	199
5215	1814
3233	2407
2806	1237
4391	909
3888	3526
1423	277
3293	966
4031	191
3169	2370
5054	2342
4960	4383
735	12
4343	382
5238	4643
3454	3207
5054	2730
4807	3630
2179	77
4894	3778
5021	3907
2482	878
4317	2653
2081	716
1161	601
1237	225
4766	4041
2020	1334
1942	1708
5050	3516
3169	827
838	92
5231	3596
3856	766
4813	4471
4589	3089
5160	5062
4714	1691
4877	3630
3059	1237
3856	1907
4443	1473
2912	1907
4109	599
3613	960
5209	2827
4864	2529
4361	662
4960	3203
5177	3636
4824	1237
4591	7
948	352
3898	3169
4988	676
2983	2756
4959	4635
2407	1133
5238	313
5226	839
4514	96
2615	412
3169	2418
5242	3973
4468	1237
4336	1656
1390	626
3462	3177
5054	2084
2898	1105
581	347
5227	696
3169	2976
3278	2324
3358	277
4385	1025
3644	1765
3336	2653
495	276
4637	3266
1942	1671
766	212
4041	2916
4397	2720
1758	1003
4369	1698
5107	4031
3169	270
1904	735
2477	1127
2905	1390
4415	135
4369	1265
2849	1878
4845	1576
4407	1026
5081	1237
1237	154
5154	2850
5241	5054
4075	33
4698	675
4483	1293
1458	1146
3601	2895
1585	164
4093	3004
4276	760
5154	3169
1133	561
4385	353
2318	707
3363	2735
2537	699
3138	1038
5040	3169
1127	966
1505	1334
5041	2598
4766	788
3979	3176
2546	1237
5215	495
2318	659
5043	4698
1926	133
5227	4703
3169	3026
3667	693
1549	545
3019	495
4852	432
2916	1519
5217	1766
2989	2008
3634	3169
3966	3169
3859	2773
2510	387
5050	2579
4727	3882
3836	3644
2579	1107
2367	1566
2113	1561
3275	137
2356	1010
3801	3153
989	752
4631	2617
3637	1226
2382	1479
2965	2641
1520	1270
5242	999
4475	1532
4180	945
3450	3169
3741	1018
3710	1176
2130	819
2072	1112
4495	1945
1237	992
3169	247
4970	3562
5122	134
2917	2189
5160	3078
4101	2630
4141	497
2595	1473
2318	2308
4028	3918
3540	515
5054	2991
4583	1494
5172	2051
5230	1349
1905	483
5241	1469
3158	3030
3490	524
827	228
4135	1753
4864	1026
4992	4393
4280	70
5054	1237
3962	3169
4836	2240
2630	2273
4985	7
4144	446
4180	859
3631	3019
2040	516
5172	1600
4610	2642
4824	196
5209	3609
4864	1621
4415	2795
4497	2720
1352	1237
164	104
4864	3848
3492	1133
5054	794
4466	112
4129	3879
3882	1166
4141	1209
1034	934
600	381
5177	1561
2774	1034
4104	1533
3907	600
5098	2945
2128	2078
1354	96
5215	3358
4275	374
5215	154
3477	381
3116	1025
3733	768
3169	1723
3169	2591
5047	4785
4907	4116
4385	1505
3710	2970
4727	600
2094	136
4970	960
4676	1133
4727	4725
2889	2416
4372	92
4741	4141
3755	1758
3169	223
5154	1469
5018	4864
2139	2050
3616	676
4888	1653
3687	882
4663	3740
5054	2149
3294	2440
4844	4601
4586	2895
4475	2945
4477	3109
4141	2070
4275	761
2826	92
5154	759
3348	92
4683	602
4385	3116
2490	326
1759	7
4327	1519
5135	5132
4635	675
1701	920
4310	920
4471	2827
5188	1705
4788	861
4560	2806
4637	3160
3510	2756
4275	100
4608	1455
4436	2953
3910	1127
5184	1010
1656	550
4663	943
3295	761
4909	4093
2416	773
3631	3169
4841	1448
960	7
3914	92
4864	4411
5112	653
4864	4317
2720	2518
4674	2895
1758	1176
348	68
3848	271
2094	1904
4127	3306
5245	1758
4497	4133
5076	2612
1990	348
1469	948
3505	1188
4076	3289
1112	761
5146	1701
1451	1162
4739	515
5020	2700
3713	2643
5020	2760
4220	3135
4635	943
5050	157
3348	3089
3562	2318
1541	1294
3596	1237
4547	1599
3982	842
4755	1237
5120	5018
4275	4028
1701	1137
1479	1354
1652	319
4477	1127
2646	1923
4477	225
4739	1942
4149	316
1837	901
2452	1836
3907	564
4609	1622
600	561
3630	199
5021	4891
3359	2806
4879	1759
2600	33
4328	3457
2885	1293
5156	3931
4378	419
2720	1034
4582	3976
2694	213
3556	993
1451	1133
1312	417
3505	339
4864	2050
4193	3714
3802	3019
4909	4671
3651	3160
3169	1347
2079	74
5160	3306
2720	1284
4483	801
3169	577
3110	676
1650	79
1622	423
5043	3596
5033	2078
2732	964
4678	4609
4852	3294
4589	2346
4754	1785
5215	3295
2824	1907
3983	2849
3454	156
3654	1878
1127	172
3156	319
2737	1293
1237	618
1127	931
3874	3169
5175	665
2375	7
5135	3194
2417	1907
3832	2826
2983	2423
564	75
4608	600
5054	4486
1972	1097
5154	159
3549	1852
3954	1736
4028	2991
2916	1814
2999	2806
4408	4330
4739	2130
4276	3169
5054	1473
2774	1194
5146	172
3212	1215
989	859
1455	1352
3548	2888
5215	686
1671	1347
4879	1237
2849	2653
3008	631
4013	1779
1258	134
5215	4106
960	489
4867	3012
4141	380
2976	1237
5127	1016
2733	1133
4336	3278
2612	339
4802	1766
3824	7
3158	348
5215	3973
3136	1104
4280	1512
5054	3253
1816	576
3160	19
4864	1759
4787	3169
4317	319
2756	1561
1901	1753
4424	1208
5215	68
3643	3470
3644	871
2889	1671
3109	871
4736	3758
2529	1411
2665	1541
4909	4714
3526	1532
2595	1127
3596	2717
5020	314
3973	3295
3777	1753
4864	3939
3462	1533
4012	1393
5238	3973
4013	457
4141	2738
4734	871
1293	277
4864	3582
4141	2390
2346	1905
1237	489
1684	196
4385	3049
4714	2982
3845	2641
2529	1034
4257	1723
3596	602
3509	3169
1469	112
3198	412
4547	2529
4237	1785
2373	1469
2397	729
3723	3594
5112	4097
3278	2776
2801	2138
1758	197
4260	1576
1561	707
4873	581
1585	461
4755	1469
3548	368
4841	1705
659	498
2453	1685
3096	1723
4608	2375
3643	2239
2934	934
928	277
4589	4116
3699	319
4560	2999
5073	4734
2999	1691
4891	2407
5133	5054
4801	3169
5254	319
3078	3047
3351	7
4497	1362
234	157
920	566
4635	2870
3169	2313
3548	1004
3295	2993
5073	2453
4473	3764
3619	2570
2305	1237
3651	1483
1919	1312
3644	2806
4415	92
3169	2149
5245	2756
3358	2358
5054	4852
3520	2945
3169	2878
1347	515
4135	3295
4608	2521
3824	483
3549	344
2351	1127
4752	2109
3755	597
3548	178
4997	1127
3169	184
2240	1695
978	10
3169	794
4415	3459
3169	2382
4075	164
3169	2643
4988	2146
5054	3617
3918	1701
2262	766
3289	1469
4899	4879
4378	1086
3792	483
2617	93
3084	735
3548	948
2367	1870
2965	1907
4393	341
4883	3116
2595	1907
4873	4210
5018	2542
3822	3295
4349	3109
4275	572
1591	674
1133	234
707	659
4066	3836
5047	1785
2318	2079
2993	313
4592	3169
3918	3751
1901	626
3870	1705
5165	3931
3747	3596
4028	235
5021	4063
2934	2042
1720	461
3822	2993
3850	368
3933	412
3505	1059
631	54
5041	348
3543	2050
3549	1927
3198	1469
3792	393
3169	2020
4547	2956
4141	1968
3976	675
3861	3316
3660	1123
1905	1183
1901	12
4714	4128
3169	1126
2079	1958
1214	12
3114	33
3843	3101
3710	3643
5204	2223
882	82
2173	495
3481	2496
4591	1684
4097	1152
1726	1646
4393	828
4841	3739
4891	4608
5224	2244
1473	1237
1708	871
2381	600
981	368
948	33
4864	277
765	154
5209	3348
3454	460
5054	3848
4454	495
4752	1708
5242	2853
2827	2806
2993	601
5033	3169
2849	2138
3594	1606
92	12
2891	958
2830	2529
2970	842
4825	2617
5033	4608
4043	410
3295	1112
2367	1519
4864	2479
5230	4940
3078	1391
2074	760
4834	2653
4141	1766
5041	1469
3366	96
3169	1390
3169	799
4054	693
2630	2604
4566	2795
3651	1653
1919	156
1708	93
5227	3480
3843	3510
5215	2519
5241	2540
5054	4395
4032	2112
4663	516
3114	761
5154	3025
2618	1357
4560	517
5072	4276
3843	2902
4066	3644
4663	994
4412	172
4031	433
960	615
4627	104
5054	138
3543	371
4275	3480
3982	235
2725	291
3549	1112
4864	4165
1708	344
4210	347
4237	2505
1533	1214
1968	235
2991	2070
4970	4814
1695	319
3836	3257
2323	1237
4495	3734
2653	711
3160	1051
516	79
931	648
1743	1165
3713	235
2806	115
2496	1188
3839	3060
4116	517
2993	33
4220	326
4031	70
4463	2620
4608	2585
3644	943
5041	622
3015	137
5215	2916
3110	964
4807	586
3169	68
498	70
4813	2806
4663	3378
4717	2956
3973	3426
4012	498
2936	960
3710	1646
601	313
4608	225
4787	1133
1524	839
2087	96
4225	423
4407	1892
3138	2240
2735	1127
396	96
4589	517
3413	815
2934	315
2617	419
4429	677
4483	1082
3548	2416
5054	3548
3890	3803
3063	1769
5156	3955
4393	3
3169	2308
2720	1753
3169	1038
2356	1708
855	142
4873	1919
3038	578
5156	4609
4635	2936
5021	2788
3114	344
824	164
659	4
3155	417
4026	1772
1516	489
1270	1137
4275	1423
1862	440
2985	2944
4225	1146
4185	368
615	365
5054	4471
1183	1127
3771	348
5021	2991
3483	3169
5021	1492
3644	314
4447	1016
2657	1905
3038	96
4785	3888
4967	1708
1127	495
5056	1907
4477	171
4030	1469
4072	380
3836	2676
5054	296
3169	1208
4627	578
469	290
3596	871
3601	352
4466	17
4260	1490
4864	3282
2078	1155
5234	3212
4156	339
3896	2483
1972	729
3651	3609
1708	1701
2217	1708
4306	1907
4447	1758
2878	686
4412	457
2749	1652
1907	592
4104	3257
3275	864
1867	45
5054	292
2416	319
2889	1698
4199	1864
4970	2781
5018	3498
4723	3169
1695	77
1649	80
1708	483
5154	2970
3834	3498
4275	2823
934	460
3039	1455
1758	1585
2942	2742
4385	137
4970	4188
3556	348
3169	267
2756	2221
1720	989
1469	501
5215	2273
4967	4104
3366	2529
4393	3169
1537	329
4879	2595
1026	1007
673	271
4635	2717
3931	348
4891	2976
3025	419
4466	1721
2453	164
2463	1010
4018	1585
4195	1314
4591	2814
4683	3755
3004	684
5054	4062
709	600
4385	868
4988	4591
2240	2118
3516	379
4202	1451
4741	2653
4841	328
4104	2850
3257	2043
5172	1237
2540	815
4752	433
4752	2663
3856	1656
5062	2970
2870	1189
4635	913
4560	115
4734	1649
3644	989
2416	1671
3710	2863
1905	1708
3232	3169
4028	2323
5215	4813
4466	1289
4012	2595
3734	631
2801	1878
572	96
2612	2510
4072	3792
1349	314
4997	1490
4075	489
3853	2240
1632	517
4454	4383
1537	686
4888	130
2594	1208
5156	4879
3489	693
2505	878
4280	543
3184	2298
2595	2102
3289	2318
4933	1753
4841	1942
3643	1964
2781	2358
4043	67
1870	502
5227	3548
1708	33
393	142
1494	858
3710	2355
5054	1671
4276	483
4579	3510
3169	58
5219	2756
4785	3803
4877	1137
4163	461
3230	1658
3908	1585
4935	3643
3677	290
3257	2826
3169	2829
3644	711
994	259
3177	1567
1237	578
686	558
3875	2991
2318	1646
2318	2113
2482	2282
3753	2251
4560	3644
1038	155
5209	3089
3764	3596
5215	1901
5197	7
5020	4604
3710	994
4345	1837
2351	92
4144	1527
2822	7
3822	3549
4310	1919
4635	104
4597	864
1016	275
4104	1632
5021	1038
2717	2356
2653	1761
3359	501
4385	2878
4542	3947
2956	1373
3295	1465
4471	4349
5160	4813
3169	2655
2953	255
1189	191
5031	794
3853	2529
2827	765
4158	3907
2417	75
2923	92
5177	2970
3548	931
4383	3856
2244	1312
2999	171
4041	1610
2995	277
4327	2300
2482	1483
3466	327
3169	2135
2915	615
4964	4066
135	96
3459	1016
3882	1646
4183	992
3556	765
5021	1739
3867	191
3577	3169
3670	960
4864	1422
3505	2128
4703	960
2358	423
3348	483
3556	1708
3973	2072
5054	788
2999	517
3509	686
2138	1878
4622	1656
4202	788
4608	930
3184	156
4940	156
1708	765
5172	844
1350	277
2244	1127
1392	550
2640	33
2453	2087
5062	352
4813	3225
4237	3169
3914	1701
5160	982
144	7
4041	1793
4608	3492
4582	290
4879	2983
3257	2916
5133	4342
4736	2915
4864	3393
2746	164
3803	196
4828	1527
3071	2318
4028	2983
4663	3769
2942	1622
4582	3049
5054	2299
4093	3824
4276	765
3012	1554
3029	648
4141	2395
5156	601
4378	989
3078	2735
4609	334
1766	1038
1753	1004
4864	219
4385	615
3914	3630
2730	1785
4076	277
5112	3049
2273	13
2982	2653
5008	3944
3529	1701
4367	3995
4275	35
4436	3769
3667	3596
1209	486
3699	2902
3510	870
2510	170
4267	2956
4485	1354
4031	1874
4560	1632
5184	599
3918	2226
4154	558
4093	191
5021	2827
5095	3755
4988	3753
225	115
5157	5021
1622	1113
2226	2050
1758	1673
2358	602
5062	4752
889	707
5049	3169
4495	1026
5107	4909
1316	368
4879	164
1423	104
3995	1387
4182	2641
3124	2569
4813	2072
4128	104
1312	191
3169	53
3680	931
3723	1652
3636	2916
3015	15
4683	1448
5154	3110
4703	1985
2384	17
4030	1766
2594	2510
4698	3644
4575	4483
2318	1420
4967	601
3398	2147
3169	2728
2749	2243
4643	3822
5215	1632
3737	3393
5112	3466
1208	387
4267	29
2898	2653
3596	3169
2879	457
2756	2223
517	115
2579	92
111	70
3960	1769
5050	5011
2653	794
111	7
3549	601
3206	931
4226	1127
468	136
1600	1420
3415	1455
1439	1133
5238	3359
2453	96
2853	2251
4237	67
4233	1029
5050	1214
5054	833
5120	3735
3169	2970
3714	352
2602	1870
4705	752
3556	3194
4635	2760
5054	3269
5217	3853
4542	3169
1656	235
3813	3169
2730	77
5054	123
4415	989
1237	923
4909	1137
2527	1347
4560	171
3168	2749
2123	1535
5172	2113
3937	3643
3403	276
3223	1208
3875	3403
3566	3492
3741	2109
3169	928
4101	2953
2554	2540
4179	1237
3169	718
4556	2569
3169	2766
4343	3403
4270	3836
4112	2135
4964	4477
1726	277
4383	1461
3594	1370
1533	1133
2653	1519
3169	2765
4812	3556
3792	2569
3153	1859
1091	133
3019	826
3246	2850
4698	1990
4194	2510
3306	871
5127	1270
3764	3169
3744	1766
5107	3776
4667	2595
5184	4275
4144	4030
4864	4203
2735	1964
1237	255
1004	999
3294	718
4043	1532
3169	1603
4233	1350
3824	28
3026	1907
4367	1527
4674	3601
659	417
1632	1127
4857	7
752	191
4415	2102
5021	711
2318	1614
2050	1701
2733	1038
4412	857
4183	164
4310	2632
3637	299
4141	3505
3459	275
3169	683
2991	29
4659	597
4491	1907
3834	2778
928	752
4755	3896
2653	1990
5186	4257
4349	3753
4873	1349
3636	3557
673	134
4589	3644
3036	974
5207	2135
4415	4030
5209	4589
4552	2653
2663	2109
167	70
558	487
3464	1874
4967	2043
2735	673
2630	2145
3240	1701
2970	2318
3015	1025
3772	277
4589	4066
3843	3160
4683	2850
1133	923
4280	1428
1938	1758
4966	2641
3713	3630
4118	1104
5215	2970
3169	2367
1484	104
2138	1265
3741	3494
4841	348
1905	225
3952	3206
981	7
3160	2889
4272	2407
2020	631
3802	1284
4911	423
2540	1964
3426	348
4663	1942
3039	45
4853	1927
1708	1127
1176	104
4329	3736
3546	707
4466	74
1214	601
3228	2318
4527	4031
4192	1533
4487	3264
4013	2653
1179	566
3169	328
2505	1237
3771	2080
1089	824
966	45
3295	2740
3177	2318
3734	1892
2632	1990
3005	676
3169	111
2272	327
2308	1606
2346	93
1138	600
4984	4841
4459	1671
5054	2846
5215	601
3501	336
1907	75
1034	698
5054	2510
5054	3562
2653	1146
4276	393
2117	517
1990	314
4351	3843
3169	558
3739	33
3534	2850
554	371
3918	3714
1231	1155
3710	1104
3758	2915
4613	3332
2515	129
3169	1905
4825	60
3543	7
4477	2290
5154	2617
4734	75
2423	716
2630	938
1646	707
4641	2515
4349	1448
4043	1358
3049	1457
457	373
4967	1905
2549	1600
4727	196
4213	291
2904	1196
3529	1622
3966	2586
4183	4031
516	135
2529	2479
3755	1224
773	515
1425	1311
4441	3169
3768	3028
4552	235
1519	314
1179	581
3501	1789
3562	3278
3378	3160
4627	2653
1656	592
1753	1585
2588	1059
3480	2756
2936	2579
4921	4783
5175	1519
5062	3601
4349	2043
4041	3158
4129	1222
4393	4078
3753	483
2801	1059
5156	3626
3169	353
2113	1166
3398	2760
3664	1237
4210	1179
2547	1188
1353	1059
3910	992
1758	1423
5219	1649
3289	1163
4144	4054
3194	1192
2755	600
2579	1237
4280	626
4141	393
2749	509
3240	920
3689	3169
4527	191
4327	913
3169	3038
3169	2874
4813	1622
3358	2964
4187	2026
3871	2020
4119	3756
2646	104
5021	3158
3012	1968
4604	2749
1652	1639
2152	1585
2251	7
5054	3972
1942	516
2653	977
5177	707
4456	3109
4637	4141
5234	4841
1736	1018
4260	259
3644	3613
3474	1585
3415	2390
5241	1585
3626	2740
4683	3753
4116	135
1966	220
3077	1723
5020	1656
4643	735
4454	3245
3505	2839
3822	3426
5054	2814
2672	2299
2826	515
4608	686
3596	1027
2351	1576
4841	3846
1237	381
5215	3480
2515	1614
3288	882
3896	3557
5133	1524
4336	2749
4868	154
2993	760
3019	1473
4547	3966
4306	766
4275	2416
4203	2653
4128	2226
3973	3931
2318	1138
3505	3206
4046	3557
1127	1113
4560	4116
2640	693
5215	4700
4527	3531
3109	1367
3359	1183
4864	2974
3114	2993
5041	2318
3933	2217
1237	28
2928	2641
4018	3169
3848	1155
4154	2991
2936	600
3844	1315
3397	1155
4783	3644
3505	3156
4879	3454
2739	1656
515	107
1457	1358
4646	1527
2453	1104
3744	928
3644	2657
2956	1133
4589	4404
2050	1455
5184	2653
2653	661
1533	291
3907	2093
4157	1587
3753	759
1469	92
4864	4601
3280	640
4637	773
4054	622
4461	4001
5230	1919
4736	2318
1698	1191
3933	2290
3755	1455
2240	335
1758	709
3733	2389
2749	1292
1646	1166
3344	3212
2566	1720
909	693
3976	1458
1905	1461
4909	3277
4911	3740
1237	371
5054	2588
4853	2093
4385	3772
3644	2372
2653	2570
3644	901
3169	196
2612	676
1712	295
1705	70
4030	699
3973	2749
5157	4714
3723	1981
1010	550
4970	2105
5149	4909
3004	2117
3895	3038
1183	393
4909	3240
3643	3431
3017	2007
5238	618
4497	1753
4276	1469
4627	2934
2407	1808
5242	3426
4940	2359
460	96
3753	2732
3562	419
4018	752
4479	1785
2113	981
5238	1890
3596	1928
4685	3169
3240	2050
4873	1179
4864	4414
4966	683
4627	989
4191	1026
1599	1516
2290	2079
3169	2630
4012	3531
871	259
4193	943
4031	419
4864	1305
5188	4864
4597	2846
2318	1494
5171	4066
3477	2529
5054	4061
1365	1237
4888	390
4066	1469
2356	60
2318	1561
4853	309
3644	1147
3088	1721
3982	1758
3792	93
5188	156
4403	1455
379	12
3505	2612
2318	858
3896	564
4187	2719
3505	440
4014	570
4582	4015
4012	2756
1652	104
1905	597
4157	348
3755	1237
2956	600
2934	149
4000	2653
2740	344
4379	842
4610	3004
2742	92
4845	3644
788	371
4877	3914
4031	992
3896	3169
3909	1532
2356	181
2189	559
3040	508
1758	29
1265	180
4066	517
3821	1467
4714	4202
2358	191
4843	3169
4591	960
3169	441
2323	566
3492	315
4704	871
4864	3152
4477	748
2870	2113
2469	235
4031	686
4943	292
2653	2324
4154	191
4412	3240
4688	96
3040	2407
4141	29
2147	1533
1837	181
4104	602
4589	3836
4243	3158
4031	277
3596	2653
3764	271
3505	2318
4608	4454
4497	1465
1198	815
3841	96
3634	2505
1533	960
4864	3846
2953	1237
1486	191
1137	920
2934	578
1886	456
4044	2749
2417	599
4054	319
5054	4583
1671	1653
4116	171
4852	1270
2738	1852
1469	1293
4873	4542
3494	989
676	33
3719	3651
4663	2416
5062	2050
5154	2483
4148	1316
4608	2392
4280	167
3753	3616
5120	2934
4663	1533
4024	3556
5008	4997
4888	2509
2889	2223
3169	430
3536	2898
4015	1469
4335	3380
4992	3610
2934	2105
2799	1133
5107	2579
5050	4378
4683	871
1795	77
3169	836
4970	1901
3875	2934
4385	335
5020	374
5135	5062
4141	3881
3649	2509
5184	4180
4891	2273
2970	1469
1127	319
4873	1622
5171	3109
4864	1586
3566	92
4471	748
3481	1878
2509	228
5241	3262
1656	329
3168	2653
2965	335
1990	675
3954	3060
2585	2318
3834	412
3426	601
1779	1106
4344	3853
4677	7
3169	1065
4275	1839
2416	2273
5094	2390
3483	156
3680	1127
4189	2521
4372	1968
4643	2993
3834	2418
4909	3169
4589	3169
3943	964
4495	642
4970	1893
1905	154
3285	2240
4547	561
4148	2491
3940	290
5095	5021
1753	651
2243	985
2147	2020
4252	1390
4483	3937
5215	2993
4731	3740
3741	2663
3644	1958
2147	276
4408	2875
4663	156
5081	4075
3552	3169
3483	3261
2641	411
3764	45
3822	3169
3169	93
4412	1179
2970	417
2916	1766
3375	290
4608	836
4766	4282
3772	3687
3169	1350
5095	92
5217	4677
2827	1905
1907	711
4477	4106
3237	2936
4608	3607
5149	3169
3937	142
4879	3062
3413	2547
686	348
3651	1671
1469	409
1455	498
4514	2540
4704	1974
3306	2020
4608	1907
4031	2219
5160	4412
4412	4310
5008	4507
4909	1237
3089	93
4725	931
2318	417
4066	2999
5054	3968
3630	1031
5079	1705
5062	1349
2970	2113
1779	96
4864	994
2808	15
5076	1267
2510	545
2020	1104
5184	5175
4507	1237
3308	989
3521	920
2665	1025
5238	2617
5008	1753
4608	3158
3609	1168
3769	3019
4468	1010
483	154
4195	3643
3169	1779
1878	319
3049	864
2007	1585
1878	387
3548	838
4635	7
3931	3626
4661	966
5231	4104
4076	1533
4789	2915
3957	2358
3680	92
4542	2147
4643	4590
4598	4141
3185	2078
4054	943
5217	1775
3753	676
4608	360
3084	33
2922	1905
4267	1744
1561	729
4072	3824
1753	92
4813	1293
1455	222
3169	2440
3802	1842
2595	615
2641	1785
1349	457
3449	277
4580	3169
4572	4490
3005	68
3644	371
4104	393
4032	568
5241	964
3153	75
3540	1671
5062	2663
4704	2776
3643	144
4988	3169
1541	359
2971	2849
4825	4608
3677	858
5020	4383
5130	993
2720	957
3079	234
2518	751
5215	2615
1753	1708
3918	1237
2282	1185
4813	154
1919	423
3169	1989
4677	1723
4031	3776
4473	3753
1533	978
1292	559
4412	1270
4075	677
4282	2006
2020	964
4663	2597
1133	460
3138	2147
3262	3116
3973	2481
3644	417
2588	2128
1434	1237
2389	538
2826	1469
3359	539
4302	3169
2416	348
4361	760
4043	1736
2026	1922
5074	2318
4608	2976
4030	67
5175	1985
4590	3594
3867	328
3509	235
2521	1469
1913	1133
2653	1585
1606	356
3498	2898
3856	564
2902	339
2889	773
3348	3169
4482	353
4841	1723
2586	599
2531	1469
3834	3012
3548	3176
1127	765
1968	1133
2999	393
4415	4275
4988	68
3358	1311
3802	2953
4766	3462
3160	79
4698	1458
2934	1038
1127	144
3933	517
4187	1010
5022	3169
457	172
659	368
2844	1549
5154	3375
2853	2569
4864	1683
2318	133
5010	1358
1268	1105
3275	3228
4270	115
4095	568
5171	3644
4220	989
5180	2953
4841	602
4157	3637
3942	2240
4909	1919
4144	928
4440	901
5172	3360
1127	7
1663	1137
4433	4378
982	766
3928	3061
2050	948
3569	3169
4899	2643
111	104
2749	1545
2079	1632
4734	2070
3169	2956
2760	615
2653	550
3348	1905
4454	4028
2318	469
4853	4415
5041	247
4608	3896
4627	3976
2318	60
1723	1316
5188	1292
4667	1237
4275	3659
2653	315
1469	924
4220	4030
4663	1373
5209	483
2529	1387
1942	1758
3160	773
838	356
4644	964
2482	1455
3012	1455
4385	3888
4536	277
4385	882
3257	928
5226	4483
3536	1162
4921	170
3153	2423
4970	3078
5215	4841
4560	3933
1353	213
2223	615
4076	2448
4286	540
2240	1029
964	7
4191	3734
5112	2123
3169	566
4415	2358
4945	2452
3822	284
3699	1133
4637	1671
316	75
4053	3278
2240	96
566	138
1614	1420
5188	622
1684	759
3775	1282
4641	1614
4367	4028
4909	4412
761	344
3060	2617
3780	577
2756	1870
4106	348
3824	3109
4541	423
2367	1390
2898	1143
3275	3169
5215	2226
4193	2226
4841	1901
3275	2694
4202	1104
2418	1758
4864	3979
5054	3776
4021	2040
3710	1913
4141	1649
5021	4497
4486	1025
3914	2226
1352	1293
5120	4609
3169	709
592	82
3753	1874
3768	1237
3830	468
1334	164
4739	1347
3004	642
4466	4267
5146	2226
2449	1490
2079	799
3549	1708
5242	3626
2617	2364
5020	3454
1469	992
3153	1753
2138	1964
4577	2749
2358	2254
1484	1455
836	348
1352	225
3546	2318
4148	197
5157	3979
3710	740
2318	692
3753	2904
2595	1905
4041	1532
5227	4622
2713	77
4349	2755
4193	3129
4462	1237
3169	1730
2076	196
5238	600
2358	1224
3038	1585
3245	3169
2727	1457
2956	592
2299	194
4189	446
4661	45
5021	4841
4959	7
4021	561
3077	3060
4714	4276
1010	235
4683	92
3965	319
5230	144
4012	3769
4266	2370
4864	4429
4814	4141
4378	2226
3454	7
292	267
2537	2037
838	111
3608	1237
1519	104
4275	2070
1698	1347
4026	1038
4263	1358
4148	3278
3344	3067
1684	676
3792	1905
2993	2617
1561	1127
1284	884
3169	1549
3078	2934
5041	1237
2926	456
2519	348
3206	964
5154	1237
3169	1789
4267	515
4663	4566
3510	194
989	139
4723	636
2676	2318
5021	1484
4372	3637
2749	235
804	70
4326	2540
4210	839
4357	1016
4714	4192
4349	1708
4439	3278
2299	1210
4814	1133
3523	882
3933	2806
4662	3431
2915	2725
3891	3510
3510	636
5144	2351
1133	276
4385	1212
4019	1585
1870	697
4052	2983
5057	618
1646	1138
3824	393
3466	653
2318	7
4280	1227
5135	1919
3206	3160
2917	2358
686	655
3643	1883
4383	259
3116	1878
5227	180
4182	882
3596	1113
2653	2070
3477	516
3896	3207
5144	558
4024	2916
4909	948
4275	4062
4477	2806
5112	3413
1701	931
4879	1585
4752	928
4560	602
3278	1133
3710	1455
3933	3755
4157	2499
5130	4439
2970	659
775	566
4141	709
2945	100
3824	2521
4392	1622
4864	4419
2863	348
4644	3664
3933	1455
4671	3740
2844	2128
1353	1265
3843	1191
3719	1671
4766	1658
3509	1007
1928	347
4454	144
2904	1684
2749	2050
5238	5156
4403	1469
4869	164
4129	3849
2615	2043
2776	2450
4275	2991
1533	1520
4714	4330
3664	1964
1516	554
4864	3696
4643	3295
4560	2079
3275	3015
2579	1086
2904	159
945	564
4192	3237
4864	2759
2358	1723
4141	276
3023	2677
2505	387
4864	4028
4141	592
2579	578
2092	1465
2756	1766
2014	1237
5076	1535
1104	599
1086	12
4004	716
4104	1469
4888	2677
4263	3413
1901	276
2936	419
4477	3933
3025	1156
4194	3169
1204	1127
3644	3492
5242	3549
2521	622
3498	2737
4852	3931
3386	977
2504	290
5033	1469
2942	2358
368	79
3589	2240
995	277
5054	4424
4104	3109
3981	1237
2720	1465
659	597
2850	1691
3751	487
1473	1469
2308	1237
2732	1684
1212	348
4864	1566
3169	2966
5254	2694
4608	1293
3918	3240
712	297
5041	4608
2253	1086
2521	2318
3169	1742
966	277
2923	601
3875	1907
4589	2079
3625	2532
4601	4
3169	2515
2663	433
4383	3498
4343	1907
999	651
3944	3169
4440	4275
5033	4322
1354	1162
5177	3169
3008	2229
1814	622
5208	871
5177	1646
3710	2145
3957	419
4683	1708
4575	111
1533	12
2452	381
3169	2416
4447	2923
4935	2936
4552	67
3822	2251
5160	3822
1026	54
4148	96
4097	2902
3169	1426
5018	2934
5037	4714
1945	1026
4637	1653
3308	3169
2934	2781
2226	2219
2970	686
5054	4495
4641	952
5047	2653
3736	960
4635	4225
4861	1237
4864	1387
3498	2617
3114	913
2318	1723
4424	3169
578	96
3596	1990
319	7
884	716
3577	773
3492	1411
4608	2630
3089	1905
4864	312
1942	130
4030	3644
3643	2696
2072	1869
3012	5
4003	3552
2964	648
3740	276
4028	3278
4263	1938
4714	920
5227	2716
4988	3110
4473	2205
4988	2850
4719	748
5081	924
4054	3023
4097	339
1353	1051
5242	5156
2657	1127
4864	3890
3169	225
4873	3529
2923	599
5154	2383
3849	1097
4714	4335
3278	945
2889	515
3780	1237
5021	3108
2870	2318
3664	2870
4883	2510
1893	1266
3169	255
3482	2318
3135	3078
3380	1237
1224	602
3477	2440
4243	924
2663	191
4845	111
3377	1133
1227	299
3997	2240
3836	1632
1494	371
1554	1455
5054	212
4128	2219
4572	2205
3710	222
1533	495
2730	496
516	489
3549	3516
4106	1469
440	319
2050	1349
2324	235
4275	3896
3643	2875
4560	3169
4342	419
3169	360
4671	913
4888	2889
3169	3117
3169	497
4864	4237
1133	559
3637	2558
4364	1624
4378	92
931	159
5241	1907
4243	1972
1237	498
4439	2964
4407	54
2875	1455
4477	1632
3689	92
5215	5041
4663	4359
4473	211
3933	1469
4714	1520
2318	476
2078	67
3169	2076
1179	347
3536	1673
3063	928
5026	1349
5141	4910
1469	716
3169	1351
2749	2529
2999	1469
2945	1656
4608	3245
3156	2902
2953	1907
3510	2902
4841	4454
2774	693
3470	1237
1901	1469
2040	1974
4210	1808
2627	1208
4404	3933
3822	2853
3268	2773
4104	3670
4845	45
2226	1701
3613	1237
4461	1533
4385	662
1343	662
3499	2653
4335	760
5209	3824
5050	1901
3169	2954
3169	213
4193	920
4608	2014
4864	2117
2219	1533
4864	3963
3543	913
3059	832
4149	3644
4476	3169
2278	1656
1293	1138
2282	1974
1265	904
5171	96
571	561
1010	112
4864	3072
4704	301
5174	2542
4560	412
4698	1146
2781	1227
4864	144
5188	2970
5076	5054
4940	765
3596	3029
4349	3169
4663	1779
1127	159
4919	2173
4864	2760
3710	2146
3480	3169
319	213
5244	2529
4495	4407
5208	3359
5050	539
4641	1600
5208	2217
2643	2555
5054	2658
4157	2273
3546	1166
4183	4030
3040	2130
4864	1758
5217	180
2720	2617
5238	760
3856	1870
3609	393
882	674
581	328
4440	1445
4275	3757
5160	5135
2755	1533
3664	3084
4909	1720
2488	707
3109	1455
5054	178
5020	794
4644	4591
2318	154
4608	1230
5054	4789
2944	784
5018	1390
4455	2482
3169	543
4515	2014
2715	319
5165	2481
5156	3973
3644	2676
4225	1036
4083	1736
4814	1907
3215	1455
4515	2739
5157	3637
3505	1051
4910	4667
4250	762
3483	371
2936	1237
4101	1779
3644	1312
4841	3348
3769	2416
2849	2612
4243	600
4560	1469
3454	2519
3261	1901
5219	2223
3177	2774
4725	2970
4476	3446
4663	3739
2970	1561
2923	1016
4254	2130
3169	3028
2934	2737
672	93
2915	972
4194	826
3169	2672
5227	2756
3429	1709
4663	1974
403	326
5054	1034
5215	1212
4141	4109
977	948
3169	2087
2827	1469
2615	2290
4608	1989
2991	1392
3617	1401
3169	108
3413	3225
4783	3557
4698	4275
3548	33
3856	2653
4044	1814
3609	1905
2667	2240
5054	981
4591	2020
5122	707
4030	1378
4995	3644
2970	2540
4276	517
4275	1622
3169	3156
4910	3285
5020	2653
4106	1646
3169	2814
4270	2999
3262	319
2765	1425
5054	2838
4864	3637
3845	2965
4589	2318
4257	1649
4141	3976
5090	319
4267	45
4141	3611
4318	3644
3822	1127
3156	1155
2298	626
1138	622
4879	3008
5209	154
3556	1753
5054	2612
3516	1214
3644	2735
5125	2318
4026	982
4243	348
4635	3667
3169	2433
3999	2008
4127	3896
1673	1268
4473	716
2273	2025
2050	1554
2866	2529
2749	2051
3169	352
3976	3526
4527	4030
3078	2653
1708	1469
3366	516
3699	1535
604	540
4590	1814
1723	1350
3963	1138
4940	108
923	884
1237	12
3289	2358
3419	693
4440	3974
1391	931
1146	675
4608	3546
2716	1237
3902	3009
3257	618
884	461
4864	1561
4003	3620
1352	978
3169	1541
3169	1460
2936	622
3169	697
478	213
3257	1708
711	564
1736	235
2934	2449
4227	1600
1787	1739
4637	2093
2904	2732
4560	2827
4327	2081
4191	1007
4752	4030
5122	1591
3240	1237
3040	2138
4677	686
3744	133
3896	1469
1183	156
4330	4223
1113	618
711	104
2827	1332
3556	2117
4940	4864
3943	419
3689	1127
1455	227
600	360
2653	144
3644	2870
3509	2756
4635	4054
4719	993
3278	1406
3644	1533
4237	77
4560	1224
3933	1632
5175	4061
1127	993
3268	559
766	711
1743	868
2983	784
1758	112
2681	931
871	171
2653	2632
3549	33
2594	319
3667	7
3907	2971
4663	3019
2678	1155
4075	1237
4813	82
2173	1237
5056	2776
882	852
4864	1829
3169	1346
4546	3960
4582	1785
3769	3403
5188	516
5160	4199
1469	928
2989	2300
4873	1473
4966	335
5054	868
4270	4066
3245	157
4202	3386
4202	277
3664	2765
4290	1570
3843	1671
1907	1289
4087	1413
2663	1708
5234	3344
5107	456
4210	1866
4864	2318
751	45
4864	3562
3308	2720
4483	693
3710	3230
515	28
4141	3954
4043	3169
3621	2945
1469	1350
4731	559
3225	3177
4914	4359
3025	2970
3019	615
4031	3867
2934	2093
495	348
3543	2358
3348	2298
3169	1224
1520	92
4483	2549
5062	801
5174	4648
4275	578
3637	457
4879	3890
3419	60
3526	3015
3169	291
2105	1237
319	77
4072	456
3939	235
4106	748
4046	3019
3160	1878
3169	1380
4015	3341
3207	1622
5050	3636
2806	517
4021	2000
4552	1758
5054	156
3764	993
5076	319
4909	3776
2358	2070
5154	1981
235	96
4378	4127
4589	765
2788	2318
2423	1473
1761	1010
3498	884
5172	1646
4663	1901
1785	1541
5127	3295
4473	3765
2278	2106
2916	1411
5020	2356
3249	3169
3257	3109
2846	1793
3169	1236
3480	3019
4864	2372
4439	3169
5050	3529
2870	1166
5208	1758
4378	1357
2113	659
4853	3418
1292	104
4030	3566
2916	1723
1192	7
3933	2999
4683	3933
5057	1469
2756	2581
4383	1441
4998	2240
4031	1378
3060	978
4597	137
4199	3293
2355	1237
1292	356
5008	4165
4203	284
4276	1585
4466	4342
788	316
1758	1578
3588	137
2147	1209
4864	735
3015	77
3680	3206
1708	761
3294	2756
5175	3834
1663	989
4825	1469
5177	2113
3822	1503
3169	3071
5219	1653
2226	1107
4507	1036
2850	460
2367	878
2226	348
4609	2358
4556	1650
3888	1785
3821	344
1819	1237
5050	3664
2482	1519
1212	852
4678	1237
3358	960
3699	3505
1292	838
3489	3169
3169	2152
2749	2070
1469	242
2717	1990
1516	1133
4466	550
3295	1708
4013	943
4997	3694
3212	3067
3261	1622
4349	3257
1958	1469
1188	1034
167	96
4141	1190
4237	1505
4275	2934
4097	3505
1099	328
4141	735
4864	3950
4616	1737
4909	3822
1904	924
4104	154
4385	2240
4841	515
3004	1237
3169	359
3147	1208
2586	1354
1960	765
5256	319
4272	4237
5054	1737
4627	4141
3494	1237
3169	1393
855	196
3449	1209
3169	96
4734	2217
4970	3710
3910	1519
3766	3577
5156	2617
3169	1445
1708	672
4864	3261
4807	2126
4485	3644
4864	135
3888	3015
4889	2416
111	92
483	93
1403	104
2273	498
3510	1878
3160	2653
3029	913
2240	1162
4766	1533
931	913
2795	1038
516	180
3257	824
4028	2653
3169	1959
2044	1622
4031	3135
3153	1311
3233	1237
4276	225
3257	1224
1968	1672
5213	2756
3198	2850
3643	133
4275	1318
3846	1445
3772	3169
4663	2381
2768	2147
4873	4310
1785	137
4342	1907
5184	1721
3155	686
1646	566
3038	70
2653	901
4727	3546
1049	144
2416	275
4566	2643
1133	838
4877	2226
5054	751
4068	554
5215	836
4608	3664
1907	1705
3198	2615
4075	3740
3169	2660
1237	749
819	773
5004	3843
3751	486
4734	4144
4853	3957
2318	1270
4383	104
3979	887
3237	1790
4193	3566
4663	4141
1455	45
2870	1469
4589	1708
4582	189
2318	648
3496	267
4591	3753
4643	247
3504	871
2542	674
2358	1127
4043	3643
4018	554
3937	2318
4864	1018
5199	5020
4542	3963
3063	191
3802	1316
3169	2730
3358	765
2540	842
1237	430
4243	3651
1179	457
1905	1036
3169	2772
4663	1895
3016	1892
3025	1445
5072	4560
1103	381
4714	4577
4061	3644
4608	1785
4397	2540
2529	689
4179	3740
3909	889
3596	134
3933	3836
4154	1237
4393	1972
4490	4321
5094	568
3764	1701
2117	2087
5021	154
4935	1293
2617	2370
4752	620
1716	601
5132	314
3755	1469
3933	2043
3644	2397
2510	108
4141	2989
4575	602
3169	884
2294	1025
3169	3024
5122	4329
2999	1632
5126	2769
1826	1155
5076	1878
4583	3078
4275	276
4397	7
2117	154
4466	934
3611	1469
4076	836
4719	1867
4736	1237
2240	1034
2740	33
5146	457
4116	2806
2756	2020
4158	4141
4752	4275
1775	1133
4366	1208
2749	2746
4003	3393
2749	2418
4066	171
4466	761
1475	581
838	70
2375	348
2407	1885
4909	1942
1469	1413
2632	1349
4131	424
1990	1349
5160	1585
4979	3548
3026	600
2617	365
2976	2956
3278	1484
2801	1265
4280	515
4723	2970
4909	2827
2240	1516
3169	3019
5230	5146
3755	3446
3466	3169
4379	686
3824	3348
2505	1519
1549	1059
2971	1907
1455	871
5208	2999
2546	960
3995	1455
2226	92
4119	3504
2850	2615
3101	1086
4076	3613
4721	1708
3169	1942
3169	2042
3952	77
3644	1701
2525	1705
4101	3062
3059	704
5242	1004
5008	729
2735	3
4894	3169
4415	3153
1183	93
4787	235
3169	1756
5054	4700
1240	662
4663	495
3879	824
2542	1475
4126	1237
3169	868
3946	3049
1663	948
3160	80
3026	419
2850	1224
1708	433
2318	491
2649	538
1958	348
1972	211
4986	3548
3596	1672
4127	2318
4507	672
2653	930
3651	1469
3169	3109
276	164
2390	599
3459	674
709	566
5215	3596
4988	1691
4117	3843
3169	2378
5238	1038
4988	913
4750	3644
4473	1758
4813	1352
2882	1237
3634	1345
3843	339
5125	1585
5213	3169
3169	1938
4270	1237
2889	390
2902	1051
4560	1448
3123	1127
4326	2510
2499	1587
3215	550
3643	247
3651	498
3556	1113
3757	1785
4028	2964
5054	2173
4579	4359
3792	3755
2318	535
5219	2338
1469	154
3169	1282
4739	3040
839	693
3529	2358
2653	1561
4864	4343
5125	748
5107	33
4473	1237
3483	1004
267	142
4864	344
3169	1566
4440	74
4379	3245
2949	1758
3797	3765
4864	3896
3278	3025
3078	1758
4342	3464
561	495
300	70
4310	4210
3643	928
1758	315
2549	839
913	423
2079	1293
3038	2109
615	600
2546	1455
766	554
3483	3464
2934	112
5215	2653
3566	749
4476	662
4026	566
3644	2554
5217	4330
4054	1138
3169	491
4714	1031
3997	96
989	419
4752	1237
3736	3019
5054	485
3824	2827
4061	2934
4472	3169
4964	2999
4192	156
4970	4663
4412	2109
2653	276
3644	3198
1905	93
2117	1753
3822	729
1736	631
4066	3933
4004	1258
3169	1293
3169	1230
2632	1919
4864	4367
4608	104
3060	5
3169	2014
4383	277
3634	77
5021	3062
2915	662
3644	3359
3764	1533
4864	4152
3922	864
3403	943
3973	1758
3308	3078
3699	3393
4021	3366
3692	1265
5188	4942
5238	3931
3025	626
3019	1366
3843	3290
4741	1907
3016	1026
1133	495
3198	3109
4454	2244
2318	246
4211	3160
4254	516
4280	3385
1137	352
4752	1585
3616	2078
2991	2006
1658	316
3492	1227
3626	3294
1237	855
4276	1127
766	559
1585	469
352	35
2922	2078
3588	864
4336	974
989	196
4043	3413
3116	2128
4580	368
1907	335
5215	4157
2569	1622
3849	1989
3366	1779
4736	4727
3169	1251
2521	1585
3780	2925
4129	824
2760	1907
5062	857
2138	1051
4899	3794
4462	1469
2653	1423
3881	33
2519	1010
4899	2696
5122	2749
3280	2653
154	93
2914	1533
4864	111
4552	2138
4141	618
4021	235
5177	3454
4110	1870
3483	390
2646	1138
1769	191
3928	1127
2076	1469
4635	3596
3482	1585
3531	2756
3169	369
3664	3169
3019	1870
4700	2087
3071	249
3169	1958
3747	45
5174	1730
5054	4477
4891	2318
4967	3753
4575	1127
4864	4000
4254	1698
4327	1533
4213	3169
3109	602
2382	2358
5047	2282
4243	686
3557	2323
1646	659
4097	1649
4260	3636
2298	1533
3548	351
3643	75
4317	2749
4226	3456
1007	642
5175	215
5204	839
2510	2223
4097	1907
3621	766
5054	4455
5020	2418
1469	760
989	255
2226	1270
4789	4736
1270	1038
4093	3776
3169	336
3237	3038
5054	315
5010	3766
5008	1758
4825	4379
1632	923
5188	1576
5252	4899
4589	3359
1533	419
4589	393
4093	640
3549	2740
5241	4144
3169	234
1945	1007
1138	368
3245	2964
1632	483
4864	2838
4853	559
3933	2318
4030	1874
1885	1622
3753	3206
1870	159
3169	2452
3288	2756
3072	1907
3962	2087
1787	457
4031	3529
2394	96
2717	1905
4026	2595
3359	2651
1311	1224
1701	191
3228	1030
3169	142
3169	319
2416	1347
3619	3169
1942	1901
4429	934
3824	765
1097	824
5076	4369
2895	1582
4861	1469
4970	1304
3962	3454
4873	4412
2863	2499
3769	1819
3261	1923
4072	3644
1532	1358
5172	3169
2700	2653
1656	699
4480	2749
3089	2569
4141	2418
5154	5008
5076	3654
5177	4608
4179	3625
3363	3169
2749	550
3834	1366
2318	1528
2806	2318
5031	1644
4061	3498
1484	1434
2646	686
4864	315
3169	2980
651	284
3856	1387
2928	2749
2632	675
1343	393
3295	33
4466	335
1672	1585
3772	1785
4864	2199
3278	164
4471	1448
4030	3529
3530	394
2394	1469
315	7
3822	913
5215	1138
4970	111
3778	3297
992	191
5132	1038
2749	642
4592	4194
4429	3078
3651	515
3080	1188
3510	2970
1237	980
3914	2050
4026	156
3907	3308
3895	3466
4270	517
5050	3237
4408	665
5094	5021
4097	2801
4645	1800
5062	3169
1993	662
4575	2290
2389	707
5184	3755
3847	3212
4560	1905
4807	2240
1347	508
4076	369
3643	300
5073	597
3158	2483
4227	648
5021	3025
4597	3015
4046	3769
3843	1649
3158	1919
3293	1237
4106	3233
2509	1163
4967	4864
3359	92
3429	3169
5226	2020
2774	928
4039	1237
5254	2995
4909	3531
2749	276
2318	928
4116	1759
4097	2653
1534	1155
3937	3207
4483	3279
4393	1147
3644	171
3169	77
2251	1127
3359	1672
4809	2643
4627	3907
828	824
2294	359
5219	1347
3548	2550
4821	2020
4429	2653
4466	1744
1106	697
4727	2113
5209	93
4379	13
4349	2720
3257	3177
3289	1455
4215	3770
4026	615
2999	1942
4841	561
3531	2964
1473	626
2653	1198
4479	882
4005	1964
5209	3359
3293	1867
4407	4191
2934	1705
4447	1455
3548	270
3184	277
3710	379
5021	599
4864	1587
4561	4031
2051	707
4272	1457
4873	2586
1366	1270
3963	3332
4998	3012
1038	314
4412	423
3824	3089
2737	2529
2632	1146
4974	1237
4447	4141
4270	3169
3552	1905
3169	2885
4543	3169
3516	2579
3078	2547
3169	2463
5215	3332
2923	559
4814	1237
1646	1561
815	270
2290	707
5089	3963
5050	566
2240	1422
3644	3332
2993	348
1632	348
3062	615
3482	115
5020	3596
2318	1390
4661	4066
3890	1209
3607	2318
884	456
4210	172
4598	2135
1720	92
4180	1547
5227	1595
3207	3169
4141	3875
4466	2300
2394	1723
3910	878
1127	592
5054	328
1639	1475
4907	2749
4104	1968
3169	535
3169	1159
4128	2616
4030	3155
2567	1162
4714	4031
4988	2251
2630	1862
5172	2318
4909	92
4466	3003
4714	1533
4967	4141
5076	1365
5154	2598
259	92
4385	683
3867	33
3534	2318
4864	2788
181	74
4177	2020
3454	901
5154	334
2666	1893
3778	3542
4030	2358
4226	3610
4135	3955
4412	3714
3798	7
4378	3277
4727	1561
2799	96
5099	3803
2389	768
4119	836
5054	2630
5050	4627
4379	4015
4613	2087
3169	361
5235	3710
4888	1347
4704	1392
2850	92
1490	712
4497	264
3505	2849
3764	3293
1505	1457
4097	2612
806	316
2219	1107
4026	1919
4041	3413
4104	3359
3332	348
3792	4
2147	706
4909	3741
2417	1355
3619	428
2298	277
3888	2808
3169	1082
2318	1870
2853	7
4723	2128
2358	348
5020	2632
2755	277
2964	328
1974	1038
4550	3753
4873	347
3454	2595
2273	943
2050	2007
1756	104
4260	123
1533	379
4535	1785
2989	2749
5184	104
4378	3644
3801	2749
3136	1759
4560	960
4144	1533
4608	4061
2956	172
4369	1051
3169	2531
860	142
4118	3543
3169	2509
1561	659
1708	602
3028	2087
3278	1455
4635	2657
1533	1107
1127	28
2976	2318
4543	3207
3792	465
4864	2278
3026	1237
3026	1495
4490	3169
2358	7
4054	2889
4349	3579
3295	2072
4412	3543
3768	2653
3363	1926
4984	3881
5220	4013
2482	96
2991	913
4940	3944
2358	993
5157	3459
2646	839
2147	718
4252	981
3462	1467
4597	3038
3667	3169
766	75
4964	1305
3334	1127
1432	255
4552	3907
4230	3775
4864	3413
4473	2020
5130	4714
4021	3477
4454	2776
4704	1519
2505	77
4192	2579
4940	3169
982	600
3403	2989
4721	3198
2740	761
2370	1465
3505	1265
3426	651
2870	960
1286	7
4805	4439
1138	348
5215	3158
4322	3156
4030	211
5050	1646
2382	1814
4543	1293
4272	3616
2949	2749
2665	709
4608	981
4646	2653
3933	923
4663	4436
1720	1561
4981	2189
2510	2078
3529	379
5154	3694
3856	10
3101	2813
3914	352
4141	727
4807	4087
4225	3822
5204	228
3237	2579
3240	948
2964	960
3548	2397
2971	1758
2749	2040
2954	2653
4734	29
5144	4577
1969	1766
151	7
3454	615
3426	1004
2447	1585
3792	1183
4627	4192
5026	618
2612	1208
3030	2666
4053	456
3846	2749
4497	3753
5226	1110
2850	1958
2983	1209
765	291
857	707
5020	1990
4391	693
3621	2653
3611	3169
4632	3714
1758	1561
4589	2117
3160	1980
5043	558
3834	3078
4030	2689
4128	7
4083	2898
4597	3874
277	227
4466	1814
4909	4877
4275	3217
2769	768
4700	1455
3562	1469
3973	651
2549	1110
4466	100
4921	1942
4141	4044
2612	2138
2774	2137
4383	246
4044	2870
3169	3006
4187	3294
4805	3008
3792	3644
2749	2324
4785	2000
3824	530
4165	2615
2991	2254
4597	1712
1814	89
3625	3548
2318	1505
4306	4141
1901	1214
4864	1905
4846	1469
2934	2378
5120	3758
3849	1972
3534	2079
4589	4560
4180	1473
2364	1656
892	871
5125	3644
2173	296
1646	1520
4039	1867
3722	1127
2102	2084
5154	1919
2595	360
276	96
3169	1652
4864	2595
4491	1469
5160	4310
5054	1358
4275	2971
3556	3359
4861	7
2416	228
3643	2813
5062	4412
1901	1570
989	70
3588	3526
4110	1656
2346	393
2989	665
5021	1176
3289	752
4439	901
4477	3534
3505	2694
3009	2934
4066	115
4933	559
4104	2917
4403	4267
4663	3177
3169	194
4701	1907
3843	3634
2217	1224
2510	2138
5217	699
3358	92
3594	3169
5062	3714
4104	1958
3552	2826
1445	864
4275	4180
4039	2044
3999	277
3169	2554
1905	7
3160	1535
1736	788
3026	1138
4225	2632
2808	1036
4577	1758
4477	2999
2529	1585
4683	3644
3039	993
3960	3566
4714	3155
1533	1086
1663	1237
371	360
1224	765
4487	1318
1758	100
4240	456
4864	4272
3644	2579
4826	1208
4787	96
640	578
291	184
4141	1133
2373	1954
2989	2630
3716	2712
3169	1029
3764	2020
5054	989
5050	3334
4462	3169
4191	3016
4454	2630
3015	864
3244	368
1808	96
3560	1985
4203	1758
157	45
4698	2657
3206	759
4869	934
3426	999
4868	4477
5175	620
907	561
2529	460
2774	1902
578	564
2870	1591
3846	676
4148	328
5050	622
4597	3275
4736	2947
5207	3664
5054	4327
4964	4104
2993	155
4608	2806
4141	149
498	348
3798	3169
5191	2776
3169	586
4031	3203
4466	692
5020	1772
4031	2358
4719	2861
4608	3228
4560	2217
1423	1043
4868	2358
4714	3736
4714	191
3664	196
4575	2996
219	77
3714	920
4046	1038
2739	2653
4514	3504
4466	2511
4482	4385
4964	1469
3843	3505
5050	1495
3177	2519
4215	1907
4560	2615
2240	457
4243	104
2871	1237
4683	2795
2595	1969
3821	164
3264	2942
4466	2076
3169	2813
3449	299
938	270
1146	314
2243	1656
1237	1040
2359	1237
686	144
2453	74
2773	316
4013	599
3483	33
3928	1585
3062	1969
3764	3039
3198	1224
4234	4014
5047	3015
1010	290
2964	2759
4210	920
2521	1705
1503	277
2942	1237
4104	1708
5242	2769
3918	3616
4257	322
4873	1907
3834	164
3957	2532
5199	1928
2542	1165
2087	1859
3588	3477
2509	1240
2827	1224
3529	1086
2913	1905
2827	225
1901	1086
2043	1632
3359	1479
3295	3114
4608	3233
4477	4349
4280	489
4227	1127
3206	339
5021	3454
2956	1811
4814	4641
5234	2130
4477	1224
5090	1541
3169	888
4104	1473
4714	602
994	348
4591	2700
2123	1353
5084	1237
2617	729
2397	211
4582	3922
3596	1224
4141	977
4635	3169
3169	1212
2749	2392
3464	1237
2072	761
4864	41
4439	3802
1183	154
393	93
4739	77
3359	3169
4841	7
2147	1591
3888	137
4852	3741
5174	3459
3736	3169
5207	3889
1469	836
3169	3160
5020	2949
4813	3548
987	576
1391	648
4864	3016
4476	3937
4547	3450
675	314
1716	33
3005	1127
3733	707
3973	761
4477	4116
1736	824
3498	620
5039	1237
4552	2358
1469	989
4378	2579
4003	1403
2945	501
4608	3177
1127	1038
3710	3494
2529	381
4864	3217
3943	1701
5020	1928
1107	7
5133	197
4243	33
5215	3359
312	75
2529	2453
1576	259
577	33
2549	92
3566	133
4663	1567
2956	277
3737	1347
4477	115
1944	1343
2806	2117
4560	1708
1265	319
2676	1293
4054	2774
2229	648
1349	156
4921	4369
4853	1016
1176	1010
4031	1486
4250	3206
3072	2358
3285	71
4024	2529
4473	457
1237	1113
3063	348
2971	2653
1736	943
773	508
104	35
4569	17
4990	2298
3114	1708
2904	2020
4864	149
4275	4104
4276	3552
2453	1927
5120	4736
3918	178
5062	2226
5021	1455
3169	1133
4093	3459
2018	573
2657	2632
3169	2806
694	577
3973	313
2087	1034
1766	164
4807	4180
3169	329
4725	3136
4960	989
4627	2579
3949	290
3176	887
3760	2617
838	191
4864	1736
4327	2646
4301	515
5175	2936
3881	878
4698	1349
4825	3169
1133	28
348	328
964	196
4848	352
3834	599
3792	2827
5204	3160
4988	3005
3753	2020
2318	697
3952	3160
4275	3875
4014	440
2240	115
3596	2358
2720	566
1469	104
1237	1110
1698	686
5227	3466
4683	3552
4601	1867
4608	2936
3548	2240
4031	2663
2989	2925
2920	149
4725	4052
4879	788
4550	3169
5135	2452
3755	871
5018	75
2529	180
4648	300
1870	75
3755	3644
3009	277
5216	4783
3609	2318
2004	249
3997	2147
2983	2936
2112	851
4061	156
4909	1349
4635	3543
3859	1237
3757	3169
4031	2845
316	119
4736	291
1446	164
3740	115
3843	67
3169	496
4677	943
4276	1672
1127	380
4825	2521
2452	1192
3896	348
4426	3630
5184	1038
2226	178
5021	1974
4393	3610
4422	3169
4101	457
3710	1031
3169	1532
3644	1901
3169	2202
2995	1535
2595	74
1942	348
2109	1479
4475	2991
2936	1974
4276	1473
3999	348
4359	1680
2226	948
4608	593
3008	1209
3534	1237
5215	3824
5054	3413
4053	1695
5054	4826
4785	2118
4789	3758
3426	155
4560	4165
2902	213
4659	4202
5054	3359
4608	1479
3644	2217
4095	4032
2318	129
3136	599
2956	2482
3078	1127
3510	319
5062	4873
4267	3498
5054	2452
4719	3822
3477	2381
2768	1133
760	501
5172	552
4046	2416
1137	948
4864	1439
5110	3169
3078	2484
4187	1004
2195	1179
4061	3169
3542	3169
3169	1907
3548	3008
3914	3240
4814	104
4560	4104
2632	1458
2827	1708
5209	4104
1176	766
4106	2318
2418	1010
4275	856
3753	348
1469	978
4473	2904
4030	3764
2970	1988
2509	2138
2913	2049
4104	3755
4646	1766
622	517
3431	1007
5054	982
1533	1237
3562	368
4988	1350
2318	622
2653	618
4483	3501
2870	622
4083	2542
561	297
4005	1680
4210	2525
1988	1646
2725	972
1090	7
4547	96
1089	686
3195	1104
4899	457
2630	1003
3562	2481
1349	347
3609	17
3846	931
3596	1189
4043	2518
1448	602
3609	3169
4275	3619
4899	1018
4652	4608
4785	3874
4997	4909
4225	3596
1347	819
2756	2595
4345	1505
1766	1127
2776	1237
4466	1292
2653	2356
2756	815
2479	1133
2612	77
4237	410
4864	2811
3336	3169
4462	3771
4462	277
3169	600
2765	196
5021	1031
3278	1867
3780	2318
2999	2290
3169	1103
3741	1708
3792	1311
1663	352
4459	4254
3169	237
5188	3306
1800	762
4608	4546
3203	2945
1723	1469
2727	2630
1705	446
1237	836
4663	3263
4864	4473
4604	1656
2738	2318
1969	1104
2077	760
3644	2999
3449	2727
4054	662
3739	491
3777	3710
4497	4135
2720	211
3933	2117
4141	112
1723	133
3158	2717
2653	1527
2484	111
3843	77
1823	1737
4061	2318
4141	4016
4477	1469
1270	581
1237	943
3922	1785
581	172
2749	2117
4888	2223
4613	3169
4378	2050
3654	3138
1490	1138
3169	2916
4589	2806
4028	2814
5056	1025
4864	2378
1671	516
4383	1656
1632	225
4921	2594
4632	4256
5076	5049
3972	1133
5188	3261
5095	456
3757	2991
4589	3792
3973	191
2720	1688
1455	137
1349	581
5207	1104
4393	2593
3469	3169
2936	2407
5054	7
4280	299
3644	2593
5054	3824
3824	1127
693	686
4879	3643
3169	2700
4141	2093
4116	4013
5146	4310
5256	827
5204	4888
3843	2138
2930	1237
3230	1104
2243	1758
2749	994
3680	3616
4179	2529
4253	403
3753	2609
3778	3601
4663	2581
5235	2505
4104	1753
1867	4
923	788
3968	3169
3169	297
3644	2689
3548	1785
839	123
3973	348
4267	3480
3596	2850
2356	1585
1198	137
4104	1224
760	483
4275	740
4379	3654
2147	463
1104	7
3108	1907
1237	92
858	87
4267	1289
748	676
4415	4378
4476	2756
3040	348
2653	2418
4385	3015
4013	1723
213	19
3694	104
1779	1013
1541	339
707	686
4698	3596
3562	1907
3008	2609
4476	2505
3644	2540
5037	4864
1814	1469
3426	2853
4877	948
4447	4275
1347	516
4546	2318
5062	1520
3498	1585
4342	3824
3403	96
3169	157
3483	3278
3753	3257
4644	3169
4765	4608
4257	1541
4899	334
4848	1663
5054	5026
4275	673
2407	981
3138	96
4960	191
1709	1347
1614	417
4864	4439
1168	759
1775	164
5188	5154
2769	1127
2076	348
4608	3908
4141	3530
2956	1766
4280	989
4415	1312
5215	2663
4141	550
2827	1646
4243	2956
5127	832
4560	3534
3257	2479
4637	348
4144	620
1237	692
1758	711
3504	1905
3415	1527
948	788
3540	1490
3963	2417
1034	747
4739	508
1723	1649
2318	1726
4106	1968
3501	2203
2482	600
5120	4789
4966	3169
2397	380
3169	152
3644	3534
277	157
3666	599
1753	1224
3332	1479
4867	3169
4891	1964
3116	882
4154	2749
3510	1265
3834	29
5041	2916
2590	77
4546	759
3543	2829
4741	3078
2334	2123
5199	314
5242	3643
3080	2138
1622	901
5219	2078
4144	2653
4454	180
2845	191
4867	1347
5188	7
3169	1968
3798	2749
4814	1600
5219	1671
2579	379
1859	381
5160	1919
2020	994
2453	806
4436	4012
2074	1237
4412	581
3450	884
487	486
3821	2020
4864	1707
3403	1237
4408	3896
4579	1265
3630	1988
1469	446
2147	1759
3005	931
2737	75
4813	348
4256	3307
1758	812
5107	2219
4349	4203
2971	2749
1859	159
2109	1270
3358	3257
1701	1270
3012	2653
1814	1209
4966	2138
1133	115
3531	2358
2078	1878
5188	564
964	135
3160	319
4663	3450
3981	3169
3026	2050
5215	1905
4043	213
5132	1919
2130	508
3047	1133
5021	2298
4755	2850
5050	2936
4144	2735
4704	3169
2976	348
4891	1469
4572	2720
982	315
4604	515
3596	1622
3509	1772
3610	1147
3739	1901
5031	2413
3755	1708
3169	2363
5054	3431
3667	778
4692	495
4848	3714
3038	920
3772	1208
3852	1159
4013	2934
1520	1107
4864	2696
3644	3037
4451	973
5241	3169
1237	291
2615	1691
4643	284
4275	1829
2138	1549
4575	3169
4787	2482
5234	1450
3888	1198
4725	2749
4909	352
2954	626
5076	2123
3060	1465
3888	1025
4727	659
3078	2382
4591	676
5174	1610
2898	1673
1194	315
4873	172
4276	2827
5215	2482
2550	686
4877	352
4727	1585
3169	1358
4888	516
4477	4471
1656	10
5208	1237
3556	3233
4873	4678
4560	4434
3531	457
5021	561
2945	2936
4412	433
4254	228
3177	277
2087	423
2964	7
4257	2641
5054	4076
4076	636
5171	483
5112	5076
3618	989
1237	1027
3791	3177
1469	1230
859	134
191	92
1133	602
4454	1901
3025	2007
4367	1585
4116	1043
2579	191
5054	3140
4326	2505
5076	2518
4066	1632
3498	2630
1907	446
4404	1469
2653	2243
5073	3169
2902	2849
2641	335
2244	838
4909	1663
4141	2254
2529	276
2945	2700
3426	761
615	75
5130	4986
3557	3009
4864	4026
3474	1127
2453	1775
4560	3257
1958	1585
3203	191
3741	178
2632	2105
3643	2037
3059	314
1766	1758
3611	7
2964	92
3078	2043
4141	4023
1829	901
4575	4276
4543	3143
4148	910
3772	882
4385	1198
4704	75
4899	1411
1166	417
773	228
2505	686
2418	901
3295	348
3366	2147
4104	115
4813	2358
1049	686
186	164
4556	2240
1907	301
4981	934
1455	869
4966	2318
3699	2801
1516	923
3644	2244
4864	1721
3780	882
5130	2455
3277	96
4852	3038
3529	920
2953	2416
4417	1237
4608	3613
3755	2358
4053	2453
2362	1133
2318	907
3110	1684
3540	819
2742	1479
4635	1919
2653	1823
1708	1448
5010	3643
517	393
2915	2417
2749	2105
1469	291
4586	3931
3348	2346
3822	1112
4466	2070
5206	1753
4864	1823
3821	901
3088	1566
928	271
1972	828
2989	1519
737	597
1479	433
4609	1885
4841	1646
4990	419
4116	978
4536	3169
4149	3078
2239	275
5188	3821
1127	517
393	154
3680	964
4879	615
4627	3237
3169	1179
4272	3922
4635	2795
4275	3637
1720	578
2358	92
4306	4275
4608	1138
2944	1758
3169	1808
4127	1519
1036	93
2384	662
2381	381
4116	7
1347	228
2273	1533
1990	1146
5184	2087
2788	766
4032	2617
2254	104
3740	3297
1766	934
5177	659
901	550
2773	1237
3454	229
2381	907
759	159
1127	1036
4899	3464
3498	3462
1451	1104
3556	3060
2416	819
3566	1819
981	913
2117	92
4601	7
4275	220
2811	597
3933	1224
4193	992
3194	1708
1653	228
4116	3747
2138	2128
3965	1236
3808	3078
4210	2050
1025	387
4752	4031
4270	2806
3626	601
4745	2537
3169	636
4383	1392
1759	96
2138	1652
3426	284
4841	381
1671	773
4317	2801
3040	1347
2138	1966
4911	2617
4267	75
3689	2964
3289	2273
2964	1905
4997	931
3072	2749
134	92
4349	3198
3542	3297
3454	1772
4809	2665
857	433
3896	2318
4608	4339
4275	1721
2547	1149
804	123
4152	1758
4254	3651
4814	1420
1161	275
4093	4031
2755	2381
3637	1390
5174	4041
3169	60
2318	225
1766	1133
4845	966
3651	228
4483	1723
1034	96
2394	92
3169	457
4141	3619
5130	709
2358	1585
4597	3526
3215	2318
3169	907
3483	2653
4157	3710
517	154
2971	2564
1237	1088
3741	1237
3049	5
5254	4141
2529	2381
3169	1743
2079	1656
5018	716
3169	2496
3654	319
2570	1656
4727	4608
1969	1927
751	359
4148	2417
5217	3169
3637	964
2953	907
3459	1129
3798	2653
4583	3803
4482	2496
1224	871
3306	1049
4317	1758
4483	982
3616	3206
3918	948
2801	1695
5020	1705
3195	784
4864	3245
4454	1519
1708	154
2928	1671
3182	1155
2078	1265
2050	1237
3169	707
2318	605
5047	3874
5215	4714
1208	1205
4267	2570
4848	3918
4683	3677
2735	2298
3594	2138
4813	4677
3596	314
3190	3169
3019	907
89	60
2612	1535
1716	1708
2515	2113
1716	761
4752	857
3651	2223
2484	1127
4566	2665
2808	1779
3803	626
5175	3694
3477	2956
5054	1610
4909	2050
3169	1953
2318	1985
2547	871
3644	870
1736	1007
3403	3169
3873	2653
3363	2466
4257	1265
3498	2749
5238	3426
4597	3588
3963	2318
2612	1878
4393	4129
4097	319
4383	2617
766	112
3834	290
1104	277
3836	966
3078	191
2226	1004
5094	3710
1968	1113
1561	1010
3169	826
2904	676
1632	871
3557	957
1270	948
4199	993
3753	1750
3510	2540
3782	2653
4637	3169
4393	1089
1907	1723
1469	960
3933	3644
1483	516
2416	1495
3735	3169
5213	3019
3636	3169
3618	653
2945	336
2020	382
2318	561
4858	3881
4141	2746
3454	1859
4068	3644
3836	517
3351	2666
2240	706
934	17
3882	707
3421	1393
4864	3235
4741	1756
3976	2749
1779	328
3824	749
2054	1237
3169	1048
1133	465
3095	2738
3834	461
3245	1237
2549	191
3454	2653
4725	235
4864	297
4752	4412
4477	2827
2863	1705
3596	3039
4853	601
3483	2490
2372	1648
960	235
4454	3618
4507	4321
4267	489
4877	931
1758	1261
5172	1614
4641	129
3859	316
4608	1632
3803	2452
2529	115
5171	4104
2612	1265
3266	924
4216	2155
3931	313
3169	1672
1469	319
2781	7
4310	1179
2904	964
3637	2053
5054	4378
4343	4275
2358	2356
4864	4857
3909	2547
1944	110
5160	1168
1814	368
2109	857
2020	1867
3549	2993
3377	495
1051	319
4310	1349
2749	794
5238	601
1793	1610
4891	2936
3169	2130
1347	604
5132	92
2453	751
2665	2294
5124	3907
662	157
4960	2160
4275	1082
4848	920
1043	665
4128	1533
4180	134
4608	2113
3480	2318
4864	3244
270	181
2595	2226
5239	1049
3621	2749
2452	1723
4126	3169
4583	2569
3169	2290
4899	788
1919	457
3949	858
1097	1089
4864	4577
3498	461
4834	1312
255	104
3828	2278
5054	4104
5197	4434
4888	4739
1919	314
3680	2904
3480	10
4454	2782
3548	812
1736	966
2318	836
4560	3770
2822	2630
5127	4415
4909	3454
3169	594
3933	115
4589	171
5054	4523
4560	1691
5215	3040
2482	235
3609	1469
3888	3275
2653	1942
104	100
4591	3492
4663	381
3207	3143
4193	2663
5238	2993
4012	3510
4419	2318
2783	144
4359	3509
599	75
1758	1545
5241	3753
4575	157
581	457
1901	1373
4663	96
4116	3836
4966	4663
3555	709
3643	686
4877	3240
5008	3694
4643	3973
4275	3813
2240	460
4477	2079
5020	1458
348	344
483	225
2877	347
5256	1980
4473	2417
1736	662
3596	3543
1981	1370
3719	773
277	86
3401	2971
2827	1519
2138	1370
4267	561
3540	1347
4700	348
4127	104
5188	4899
1766	960
2902	1541
4404	3644
3566	1964
3169	1469
1227	70
5056	869
819	228
2373	697
1270	433
4012	2991
3736	2756
2916	1469
3588	1785
3509	7
4959	2050
3548	2542
5125	1469
2641	1475
4635	4310
1439	495
5154	1964
3846	1684
4220	92
1334	938
2490	403
4483	839
3891	277
3636	3278
1591	365
5020	2877
4135	1465
4447	1750
3792	2346
3359	1224
4322	1155
3366	181
1155	319
3520	3169
4723	3699
3734	1007
4536	2956
3644	3611
3017	1753
5021	2965
2540	748
2826	2358
1658	119
2308	1370
1133	311
4546	2417
4016	1469
3334	1594
2653	219
4263	104
3875	2749
3153	1758
3644	191
3562	2109
1227	307
5133	2870
5054	2487
3834	3677
2351	953
4698	3278
191	139
4043	2318
3744	2066
4723	2588
4967	2923
964	159
1893	686
4704	180
2240	1795
2532	233
749	481
5076	1649
3824	154
495	28
592	92
2902	2612
5094	1495
3870	2620
2463	1455
4349	2615
2105	1907
5171	1691
4825	2318
4306	3028
2358	2118
4385	815
1351	81
907	381
4466	1127
5215	1691
2964	615
3879	828
1237	310
2078	1541
5254	1649
3643	334
4068	1494
4566	882
4104	3236
1779	7
3566	2742
3295	2853
2519	1533
1968	211
4276	2676
2318	2014
3138	1878
4975	4841
901	111
3375	1455
1870	982
2318	498
1723	1138
1870	164
3792	1133
1874	1237
4888	2338
4960	4141
2765	2113
4003	368
5054	2653
1208	793
4495	1505
5238	1753
3360	1928
1656	852
2375	1469
4237	674
3836	2117
5054	2521
2037	1455
4367	1739
4280	3289
2117	1224
5018	4704
1455	1163
4758	2418
3147	2510
5120	359
2087	1284
1870	978
5172	593
4483	2774
3821	3278
3169	3143
3116	2518
3169	1013
2240	1766
2050	982
2840	319
4141	4097
1352	368
5188	3078
4608	659
4267	374
4698	4635
5020	3695
5217	4671
4408	2231
3741	3464
3019	2756
5177	3882
794	184
2853	999
1475	674
3078	412
550	234
5204	1347
3257	93
2904	931
707	129
4117	77
4220	191
4054	495
4063	277
4021	3480
4789	2725
5230	4210
4379	2298
5120	683
3264	1208
3169	2742
5230	4412
1420	707
4043	3049
5054	4898
5230	172
4780	2510
4575	693
4698	3059
4237	3413
2676	1469
2643	2641
1457	335
5050	578
4447	275
3169	2338
869	164
4635	314
3549	1716
1793	674
4945	1585
2696	910
4841	3360
3454	104
4589	1469
3643	3177
2814	1038
5054	1355
4210	581
2653	823
4981	1714
4054	2394
4575	1292
3332	686
1237	561
4988	931
3378	773
1237	501
1772	615
5219	319
1756	566
5133	3025
3169	1314
3643	2915
4945	3169
1753	1127
2318	930
1787	96
4723	2540
4736	3169
2749	2700
1204	878
3548	993
5227	1323
4781	96
3636	3009
3003	2749
4104	3246
4163	3261
3618	559
4939	4577
4821	1709
3295	559
2147	96
3710	1138
4648	662
3947	3169
3480	3278
1878	339
2542	1927
3169	1189
4075	3834
4725	1479
4407	3734
5209	1905
1870	711
1026	631
3474	1469
2632	314
3768	686
4864	2866
5054	4801
1483	359
5184	1758
4415	1923
4997	1112
4727	1138
4177	2653
3548	1105
3277	92
4240	2229
4310	347
3158	1533
4097	2138
5039	3169
4280	2826
4635	1469
3792	3089
1010	731
1532	1425
5135	1192
4183	2529
4116	760
4627	191
4608	3882
2749	2453
1214	379
3025	277
4276	1753
347	162
4894	3297
4864	1974
1082	686
788	247
3557	2416
5054	4275
4996	2991
4714	92
2527	773
4075	878
4325	1942
3973	1716
569	487
4275	550
1479	1162
5174	1736
3890	839
4683	3109
3539	1155
180	96
4637	2889
3822	601
716	191
4112	1784
3543	1919
4853	3549
4894	3542
5057	576
4671	1237
4734	247
4589	4477
4864	3997
3914	3566
4864	3078
4864	3737
3626	2853
3169	1606
618	92
3943	2147
4608	3933
2093	1758
4674	1237
3543	558
5217	878
3169	2827
5132	4031
3169	955
4635	1237
4997	284
1358	626
3543	1622
1769	928
1907	276
4869	2147
4663	276
4141	1938
2964	2586
5215	2076
4054	2689
3654	3505
4775	3009
4789	2318
4135	498
3596	1038
3630	1129
3169	1420
2579	1533
1723	566
4864	2600
2814	2217
707	4
1189	483
4608	799
191	70
1775	1166
4408	1901
2318	1964
5054	1622
4129	1089
4104	760
4864	1653
5217	4869
4466	3026
5199	4752
4921	1294
1133	144
4148	2229
5215	498
4490	1036
2915	766
5050	1133
1533	538
4601	3847
4275	4194
1698	1671
2827	989
3421	3169
3822	3029
5160	3596
3736	615
3059	642
4477	602
4157	2525
3960	1766
4582	3169
3843	1051
1779	1469
3751	356
4270	2850
1836	1656
3429	992
2407	622
5021	631
5217	4663
4988	759
5112	1695
4864	3155
2579	989
2050	352
4663	2756
4412	1237
5062	1701
3952	440
3426	3295
4864	4180
3853	1133
3344	1450
4683	4106
626	142
4486	3169
4480	4275
4888	2537
4864	1743
5188	2416
5094	1705
2244	804
4280	1352
4879	4864
2934	2070
1938	559
3169	839
3562	2717
4272	4043
4864	665
2756	1210
3822	2117
5107	191
2529	928
1649	213
1726	707
4466	711
4141	858
4714	4608
3206	77
4030	992
2318	1293
4276	1362
1305	1009
4864	1277
3169	3025
4462	2616
2877	2653
600	70
5049	3160
5132	3644
3557	277
4943	267
4030	1486
1214	1086
5230	1179
2980	1392
5054	692
2663	1237
4106	1708
3644	3609
3803	2481
1003	164
2653	1292
4129	1097
4582	4263
2902	1878
3169	2173
3413	2079
1224	92
4547	2877
4841	1323
4909	1439
3233	622
5120	291
1163	96
4725	1411
4439	462
1878	833
3363	3
4014	3817
4275	111
4714	469
4528	2537
4608	3780
4075	3078
2418	1656
4117	1758
5079	576
3822	1004
3555	2665
4805	2229
4704	2278
4466	4023
4841	4739
2134	10
2358	830
3158	315
1942	819
5217	4560
4463	3401
5054	1652
3169	7
1758	977
3492	823
4012	3019
4349	2850
4705	1554
4141	4077
4841	495
2040	1483
1237	191
1878	1353
982	53
3643	2838
3963	3169
3680	33
5004	67
2549	146
5072	2043
3719	1649
3822	3005
1469	171
4275	1772
4127	3786
5112	4237
2902	2104
4191	1892
4734	3109
2945	2653
2595	2579
2861	329
2128	76
3078	1656
1758	597
3359	348
1349	1179
4561	4030
5199	3596
4714	4220
1237	157
686	329
1769	271
2727	1079
3631	2756
4589	2827
4608	2318
3644	2418
5241	2991
1981	1878
2827	92
4383	1025
1007	631
4116	3609
4601	566
4736	1127
2950	277
1585	430
5133	2515
4864	740
5018	2239
5095	948
4383	370
982	74
4404	2806
2290	1691
3710	19
2612	1152
3089	2346
4608	4066
5145	1469
4385	3758
1913	1766
2617	154
4663	299
3562	3348
211	191
960	748
5054	597
2515	2051
4275	1814
4471	2632
2665	359
1237	433
4597	295
4485	2774
2078	213
3498	156
2429	2006
4714	2595
4087	566
1516	1343
3644	515
5219	390
3741	3038
4869	456
4076	3177
4349	3644
3415	1237
4546	1127
2765	2020
2630	1469
2980	790
5230	4873
3960	3943
3644	483
2916	626
3385	70
2480	901
3246	1469
2318	1600
943	104
989	134
5154	2916
4461	178
5020	2914
4864	264
1968	92
4379	329
3937	3557
2515	1420
4417	1133
2827	82
1695	1155
4899	279
4254	1347
3757	3608
1138	593
3308	2653
5054	4116
4809	1743
2755	561
2902	636
4461	1484
3060	3026
3714	1701
2529	17
4785	4385
311	96
3169	246
3498	2358
3169	1886
4661	1455
4873	2358
5154	538
4852	2617
2964	913
3257	2850
4023	2991
4404	2318
3753	3680
5146	1179
4056	456
2983	1517
4254	3504
4417	2318
4454	3588
4888	515
3123	96
4608	1352
5172	4547
2128	339
1808	651
4589	82
1010	855
5209	393
5054	909
5130	3548
3846	2653
3751	1701
1988	752
5209	4586
1349	1270
3955	1465
4101	28
1870	631
1237	316
4722	4560
419	139
4263	2749
2493	12
4704	1458
3278	2081
4016	2318
5020	419
4757	1237
3644	3059
3278	1837
4429	4075
3769	2749
4117	2749
2300	1907
4813	1357
4608	4417
2989	1907
4447	3386
4964	4471
5184	4367
5031	3768
2653	994
4183	191
2844	1127
4677	2394
5146	581
2569	2346
4263	1758
1269	1237
3116	3080
1127	112
4921	2713
4725	1701
3169	842
2956	381
2093	910
3109	1458
4254	2889
3630	1452
4141	374
2585	1614
2801	540
4042	3751
2922	1622
3777	1237
5177	1166
1484	901
1527	100
1469	225
4378	1520
4589	115
5242	5238
4970	2298
2240	463
2970	1166
4723	2123
1469	457
3931	601
4789	291
3636	277
4967	4560
2113	707
4213	2087
4141	3687
920	352
2226	920
1758	1519
1990	1469
3942	96
3740	1691
3169	2612
3348	2827
3643	1907
5175	4028
1159	868
4275	709
1811	277
1744	749
2694	319
2902	1265
4407	1007
5076	2078
4030	2050
2505	96
4683	4270
3169	1969
1691	104
4454	1974
3856	1758
5050	348
4864	1013
2949	2653
3403	1594
1837	1198
4921	77
4043	3156
3896	615
2641	1723
4083	1133
5160	314
4787	1455
3839	3169
766	692
3169	144
4104	3644
1455	15
4678	2653
4608	417
4725	599
3548	181
3480	104
3028	686
1870	275
4066	993
4943	3496
3621	1758
3751	1184
4727	1469
2392	82
1927	1658
1942	1347
5226	2549
4257	3262
5120	2970
4257	2394
4482	4054
4864	3039
4408	4110
3378	1671
5021	2808
3644	3109
2123	1678
1059	319
1785	864
4705	1027
2827	2079
5146	1663
3771	888
3952	2970
4575	393
3613	3228
3160	2902
1439	92
5234	3778
3278	2916
4237	4043
2653	1413
4751	3753
1420	552
4128	2579
4116	4066
5041	3169
4327	149
4652	2318
2453	233
559	92
2806	1905
1455	1010
1475	709
4473	3968
3755	2850
5215	328
3348	1183
4813	1473
5132	2663
5009	1985
3853	3740
2916	622
3426	1465
4385	2363
3215	1237
4734	1622
4807	3245
3266	1862
5172	1988
5217	276
3740	2956
4704	1999
1168	154
3896	2050
5120	2318
3153	1237
4116	3755
1004	284
3566	2916
5227	3019
4415	3278
3278	1561
3169	871
4864	1545
5154	3896
4864	3206
4909	1140
4475	2934
699	96
4195	2537
2527	819
4349	2999
2677	2138
4165	2850
1649	440
4919	2128
2417	1133
3169	356
4714	989
4426	178
3169	2993
4592	4385
3740	2189
3462	2653
3594	2308
3169	1425
3071	1649
4741	4408
3462	2749
5177	1723
2229	184
3477	1585
2510	2362
3846	964
4899	4043
4288	3843
2916	104
5213	4637
5184	4267
2239	7
4412	3194
1198	319
1814	1347
3101	156
4497	2617
4195	4141
4031	2657
4116	3359
5154	2596
3359	393
3169	2298
3169	410
3933	3109
3608	1364
4663	4542
4061	7
4781	3169
1785	1743
3714	2895
4440	943
2595	2364
761	601
3984	934
3363	2755
2240	1756
3359	1708
4127	4024
3596	1127
5061	5020
2313	82
3836	1469
4415	275
4700	7
4597	3922
3257	3198
3907	315
1942	773
2665	886
3108	104
2653	1836
3169	3077
3169	508
1600	129
2934	328
3760	368
4275	4056
3501	2550
2092	1133
2861	1537
1149	1009
4148	3306
5062	4727
4379	3169
4692	2653
3169	1739
3963	2970
5098	4275
3462	1656
5008	3644
4275	3306
1907	290
4127	3194
1237	595
3753	931
4378	3529
2653	1656
4698	314
5021	1293
994	235
2318	662
4404	115
5020	4698
4407	662
3909	1009
3843	1265
4909	640
3169	2776
4144	989
2104	636
4877	1663
4663	2956
4287	3169
4483	3667
3160	1265
2630	907
4471	2850
3609	2999
4608	3594
3960	2189
3169	1240
3155	554
3960	1913
3526	1712
4783	4723
2850	602
4199	1766
3206	213
1838	992
3888	3169
3960	3063
4483	4391
4986	4383
5188	2904
4751	1204
3637	2876
3739	1942
5215	516
1208	108
4589	483
3505	1695
3548	1927
2976	654
4560	4477
3019	2416
2496	319
2641	2510
3613	2976
4591	3005
4864	910
1237	1086
2510	1695
3185	2652
4203	104
4412	2895
3505	213
2902	440
4321	1036
1775	1292
2273	1512
4385	3169
4447	599
4515	4372
4378	4030
2761	2510
4560	1455
4659	1010
2850	1448
3101	2922
1671	515
4888	508
2657	2273
4876	1387
2418	766
4440	3278
4461	3547
1772	374
4012	1590
3914	1663
3261	365
3169	1988
4589	3611
5215	1990
4841	276
4907	3644
5090	5054
3710	3282
5033	882
4814	2515
2915	291
4141	3871
3962	515
2113	1133
2902	762
2829	943
369	277
1367	1237
3158	1663
4116	70
3654	96
4141	219
4812	1352
5021	393
3038	2318
2850	2043
2806	2407
5244	2765
4031	1312
4864	2093
4466	170
5230	4310
81	53
3939	3169
4412	3918
2087	276
5227	4981
5227	4861
1265	1051
4141	2231
3169	467
4183	1133
3516	1086
495	381
3651	773
4528	1705
4561	139
3913	235
5130	368
5076	1155
3466	631
2749	2739
3268	1904
3753	196
1705	960
2917	1708
4141	4028
993	45
5054	3588
5160	920
2826	70
4475	4275
1723	552
2346	711
5021	1289
3015	1785
4041	2542
4805	3548
5126	3109
2904	2609
4939	3714
1814	348
4260	92
4988	4546
4921	3510
1837	1505
4853	468
3025	1425
4592	4482
3245	1469
1237	373
4104	3836
5242	3931
4461	4250
3907	597
3836	1942
5054	3169
3169	2464
4805	4148
1758	618
5094	2351
5171	1469
3644	2358
5122	1166
5215	3063
2898	2749
4809	4237
4734	1448
5175	4864
1907	112
1334	270
3261	839
3244	3169
4044	3169
2993	93
2755	381
5146	4412
3931	3822
2945	2749
3824	1183
235	180
5206	7
5033	3237
5043	4825
4992	3456
4727	615
4957	3169
4970	1907
1194	92
3601	920
2875	711
3185	2712
593	129
3278	1829
5242	1105
3426	2653
2044	1237
1179	172
1814	299
2375	626
4864	1942
2102	766
5050	1814
3714	2595
5180	2417
4582	5
3129	456
4997	3029
2970	1585
3601	1663
5208	4104
3240	1663
3028	1537
2774	978
1570	672
5154	4891
2850	1469
4433	1155
3169	751
1541	67
4589	154
1051	67
5156	4135
4383	2985
3169	2755
2976	2934
2318	799
3801	2653
1901	1723
2934	2417
2870	1632
3293	2118
1878	1370
4635	1964
766	74
4041	1475
3169	2231
5172	4864
4608	622
3123	931
2806	2346
4592	2612
4480	2653
4597	3888
4275	1988
1138	417
4597	3228
1519	878
2318	748
5062	4026
4031	3155
3933	2827
4764	4547
4440	1739
3755	3198
2290	1964
3626	651
3859	640
4734	3755
4752	1270
4454	4439
3505	3160
3359	1905
3949	7
5235	1650
4909	1520
4560	2043
1138	626
3078	622
3028	2861
3556	913
4135	3426
4378	191
1133	994
3822	33
3426	2541
4066	2806
4471	1942
4434	3169
2653	2300
4383	2139
4841	1570
4637	2223
2756	1393
3881	3230
4627	1758
2569	1183
3914	948
4945	1192
4628	3169
3215	3169
3744	3019
3124	138
2518	96
5054	1425
4921	870
3782	3169
3169	3158
2370	1025
4864	2300
3740	3477
5050	1533
463	96
1465	673
3016	1736
2616	319
2358	2104
4572	4507
3358	1469
4443	1168
3849	828
2147	1029
4635	1458
3494	3038
2749	2616
3689	3025
2364	1494
1533	907
497	319
4141	1406
5020	2934
4479	2665
3630	1956
2240	299
3498	104
4031	3566
4385	1358
4210	1701
1684	964
4964	1455
3634	2510
4030	1312
5130	1758
3822	3385
3631	2205
2617	1753
4378	70
5124	1603
4367	3856
1133	267
4256	3295
5146	347
2219	191
5076	1051
3169	1387
4644	1411
2732	1104
3907	1010
4597	1785
4477	3755
3562	3153
4280	2822
4407	3016
766	607
4429	164
3643	3509
3644	3482
4157	2863
2999	115
2646	2567
3753	964
2226	765
2905	1974
3322	3169
4383	2358
3952	1695
5241	2318
819	516
5219	3160
4141	3659
4589	3348
3459	1723
3644	433
3019	827
5059	1814
3015	2846
2914	1656
2323	784
4233	622
4104	2043
3680	68
5026	3169
1138	659
1541	842
3169	203
3078	654
5107	2226
5054	576
5049	1265
1923	1387
2774	839
5056	707
3649	2318
2999	225
844	191
4454	2093
2351	7
4119	2976
5054	498
2808	1974
2219	1127
5054	2223
4977	96
2657	1393
3169	655
2540	622
4165	3257
4864	3982
3169	2054
1585	692
291	247
3215	2452
2050	626
3109	1113
4909	3494
5020	631
3483	2509
3714	601
4560	4349
5245	4083
4459	1736
180	135
5133	2595
5130	275
405	104
5175	1753
4275	3966
3933	966
839	205
1684	907
3169	135
4471	3169
2993	1127
4853	1129
96	12
3834	3308
1473	164
2219	1520
2554	1013
3753	1448
4608	595
3397	2138
3029	1127
4454	1458
1127	92
2653	1176
3973	33
4868	566
2240	1254
3543	1585
3155	191
4317	4141
1969	275
3963	1166
4141	1025
1358	815
3025	123
4237	2510
5120	3169
4579	3843
4497	1792
4477	3257
2112	568
4864	2945
1316	693
156	7
5047	4345
4988	2904
3392	3169
4608	7
2982	1622
3566	1237
3741	1874
1133	7
3466	2240
3710	2453
5215	33
4275	2728
4970	2824
4589	1632
4921	3983
1237	171
4988	3680
491	228
4608	3963
2318	2007
2076	615
4589	1585
4480	3169
3596	2853
4135	2617
3548	485
4789	972
5090	707
3004	640
4366	2700
4440	180
3792	1708
5021	4691
2950	618
5054	542
4998	1554
4648	3169
5021	559
5180	1289
2735	1237
2358	1695
4490	672
1469	1127
5171	393
2358	1928
5081	3230
4637	4003
4482	3505
3359	2827
4054	2806
4263	1277
5050	138
2993	1716
5230	558
2889	228
2857	110
3714	3601
943	184
3498	1446
3548	1475
5219	3505
2043	1448
3896	597
3589	77
4864	4282
3169	1678
4369	2128
4454	1129
3755	1448
4864	4177
1237	948
3177	1469
5120	4383
4026	3424
5054	3636
5122	859
4141	3739
4181	277
4813	759
5131	4560
196	7
3449	2980
4997	651
3664	2878
2993	1890
3751	2109
5054	3040
1818	1503
3896	2630
2205	7
4476	4012
4864	4814
3751	945
978	677
1212	1115
5145	4379
4635	2632
4280	3617
4237	3588
4727	417
4864	2602
5241	748
1870	1566
4471	1411
1390	1237
4141	1082
3846	3616
4318	1237
3879	3849
3644	3474
3621	1870
4116	1968
2889	508
1907	181
4967	104
3278	111
2823	271
3744	2358
1527	578
5224	3644
4723	1155
3552	3109
4864	4627
3613	2318
1527	212
2566	586
1455	901
2226	1663
2612	1051
3501	2233
5021	1127
4339	1989
4116	152
982	196
4126	2273
5050	2970
5132	2240
4275	3307
5160	1270
1519	498
5184	3278
5227	1334
3501	2229
3846	3643
1532	1475
1465	498
4352	3760
1646	593
1874	191
3844	2206
1237	247
1113	855
3177	319
4101	96
5172	2515
1457	410
2147	386
1034	164
4477	2043
4923	3169
2630	368
2217	871
1919	581
3078	989
5188	1922
3279	615
3019	17
1227	457
4546	4321
4223	3613
2630	1237
381	96
3777	2351
4507	913
5054	4317
3644	1632
5021	4667
1671	819
4714	2579
607	564
4608	4127
3803	600
5054	960
864	651
4727	1646
1086	989
5230	581
3960	17
5072	483
3771	2060
4899	3619
3026	981
322	75
4412	920
4141	2240
3566	191
859	92
4054	1495
3257	1632
1413	1237
1463	559
3769	1392
4988	1646
1736	699
2358	1455
4714	3158
2026	1705
3740	1463
3664	981
4028	1758
1349	172
5021	3619
1469	707
2375	2318
3378	2982
4412	1919
819	277
5227	3504
4734	3358
3556	92
1944	348
1885	871
5217	2974
2579	1520
3617	28
4275	2811
4560	4106
3791	1533
4185	3169
4378	3078
4835	96
4083	1268
4591	3680
2993	1465
1532	1457
3643	2189
3846	159
4997	3426
2135	267
2189	461
1469	1332
4663	291
884	222
4741	2537
3664	3230
3928	3169
2630	765
4415	417
3110	3025
5054	539
2642	2452
4148	2394
2243	7
2318	1533
4263	3462
4044	3928
2253	887
5072	3334
1237	597
2579	12
4814	707
2982	1758
3490	3266
4725	3753
1439	676
981	752
3979	2453
1878	67
2123	440
4403	4066
2964	1458
2999	2850
3618	1176
2641	2147
4909	2226
5235	1353
4339	3169
4109	3454
3293	3039
4119	328
4566	4237
5054	3498
2877	920
4589	1691
2956	2950
3398	1133
2569	1905
5054	1533
3038	631
4477	4403
4454	661
3756	2945
3556	3459
1469	70
5208	3109
1779	718
4723	2902
4805	4343
1469	686
3316	2720
2540	1237
3028	2550
2595	516
1968	1469
3549	3548
2020	1366
3644	3456
1945	54
2123	573
3505	2496
1723	1494
4960	3156
3169	773
2970	2487
3480	779
4560	154
5054	4319
3169	2739
3169	3123
761	33
4888	2416
1349	1146
3776	191
2749	2570
4473	196
3882	1138
2889	1653
3505	1541
3736	2755
4275	112
495	60
4785	4345
4270	1469
2861	686
4275	1938
3741	3169
5132	4667
3237	70
5076	3505
2653	1165
4992	271
1110	707
1610	1475
819	491
2018	1191
5054	1517
4030	417
270	164
328	7
3534	2999
4383	3847
4429	3740
3822	651
2617	498
4807	4210
3071	319
4722	1644
4864	1525
4807	2087
3770	2135
4864	1270
259	123
2936	1113
2857	3
2318	794
1519	992
1671	508
4127	1457
5089	5054
1345	858
2382	2020
2318	595
1954	277
4234	4054
3786	3169
4853	275
4602	2729
3626	1004
5021	1901
1237	686
3169	432
3596	3293
5050	1411
2844	540
4379	3158
3526	1785
3764	966
1237	1082
4864	1426
5242	1708
3803	3169
4703	2749
3454	1209
4180	989
3699	2612
1905	1622
3230	960
4852	2453
3843	319
3803	1469
5215	2375
4497	7
348	291
2953	2756
3025	13
3588	1457
2318	1989
5160	2895
4240	3403
4378	1214
4133	2617
3714	3644
5021	4608
4019	1237
4165	3548
3169	2609
1614	108
3947	1922
4026	457
3791	3282
4013	1237
5188	4127
1919	686
3496	292
4877	1701
4663	1133
2382	1133
5209	943
2370	2313
3480	1294
2231	342
1451	1354
4589	1168
4372	2991
5174	1475
3610	3456
3169	2104
4627	3509
4560	4066
1622	1469
3169	335
3548	2532
3279	3169
3621	564
934	716
3546	2113
3257	1448
3843	2922
1362	1127
3540	3169
4072	3359
2863	1587
2219	1758
1701	352
3169	686
4591	196
3198	871
3644	1720
2964	1646
4471	2936
1469	115
4560	45
4861	4608
3613	622
3741	433
3680	3110
765	483
4580	7
2727	2375
4408	2630
2609	2384
3169	387
5076	4723
2117	1127
4864	58
5215	3931
1127	869
2991	2756
3278	2746
4572	1036
4988	3822
4869	2087
393	92
2007	622
3526	864
2051	277
2317	561
2477	1107
4267	711
2482	2040
1785	1695
5215	3651
4030	1720
2594	77
1705	1587
3755	602
989	433
3169	2260
5056	1533
3078	357
3005	1684
3596	2529
5054	1258
4909	920
3078	934
1591	615
4727	3710
2773	1758
4582	4043
1455	1204
3278	2983
3931	3295
2964	989
4683	1905
5050	1632
3529	191
4921	882
4026	2529
1622	1451
4507	1127
3644	2251
3741	857
4101	561
3169	3108
3677	2117
4237	1656
5235	882
4104	871
4986	1758
3078	1658
1867	1823
3526	3413
4192	578
3169	2641
1892	1736
3169	498
3169	15
1003	235
3856	2934
4187	601
3952	1265
2774	1318
4992	3548
2123	1188
4275	215
3480	2765
1519	1455
3664	2407
4179	662
4443	1423
1198	615
3280	788
3169	81
4814	1723
456	180
4075	2453
3169	367
4909	4627
4267	934
4000	1758
3596	2632
1127	913
1723	495
4635	1146
2700	1656
699	7
2128	80
3824	1036
3882	2970
4028	1237
2756	827
4118	3030
4853	2746
5178	3169
3240	982
2980	2776
1426	882
4628	2042
1892	1007
4864	2356
3784	3454
934	599
5030	1980
5160	4909
4128	2653
4141	2651
4609	1585
4864	441
4703	823
4967	1758
4997	4988
3237	578
2113	196
5074	3976
4648	7
4566	2555
5018	2653
4042	1237
5054	475
2916	348
3552	1902
4909	3038
3744	3278
3169	1198
4663	463
3169	2092
4252	3169
461	341
3549	2542
3918	3529
2453	315
3767	7
4203	412
3875	2945
2173	1133
2850	1528
3636	2416
2999	154
495	489
4864	3588
4454	1893
4867	3644
4480	104
4877	989
5056	277
3403	864
3909	1358
4116	3233
1463	235
4637	4568
4714	839
4021	2482
4068	371
1445	197
5098	4383
4106	1127
3334	1974
4379	535
1143	538
4663	907
2519	1237
4582	4237
3025	2318
4192	1086
2346	483
4814	2051
1133	907
3739	2999
5230	347
3169	3005
3822	931
3459	96
3644	1652
4378	1907
4225	729
4141	4093
4677	3630
4703	3078
5241	2518
3426	2617
4783	29
4608	2916
1895	1533
3457	716
3740	2934
3739	259
1166	931
5219	3699
4237	3687
1009	889
5008	4714
5154	5041
2954	2749
2642	600
4946	2653
3947	237
3077	196
259	191
1708	92
2759	1293
3644	3129
1469	566
4566	4083
1209	164
2375	1237
3169	981
4497	2020
4688	336
1270	659
4104	2217
4683	760
5230	457
2970	2020
4076	4031
5241	3278
1814	665
4477	871
5062	4608
2618	1127
4841	28
3540	3160
3449	943
4327	1974
4031	2964
4857	2653
1541	319
419	191
5191	5180
3949	3483
2407	2020
3981	3664
2416	1079
2642	662
1723	592
3060	1779
4757	4141
1765	1469
1708	760
3470	1585
3548	1793
2756	907
4379	3982
2756	2618
1293	1168
3834	3454
1544	267
4970	112
931	68
4986	766
3637	3577
3494	92
4031	1237
1316	424
3908	2318
4967	28
3237	1533
4785	3169
3505	3185
1089	828
3834	75
3643	2746
4257	1475
4024	2483
4378	3755
1759	1133
4864	1673
1455	1354
3278	2175
3734	1736
3643	2290
3019	2221
3716	3169
4210	457
4813	4755
4591	931
5126	1127
3644	1708
3965	77
4725	1104
2346	1091
3295	1237
3526	5
5256	1234
5021	4627
4841	1753
3019	2991
1928	1622
1237	115
4841	1671
3109	1448
3505	833
4003	2653
989	92
4864	2509
3169	3062
2078	77
5054	4536
5184	3710
3509	2600
4267	2189
4254	773
3038	989
1183	483
2749	1969
5172	4814
4075	7
3540	1653
5242	2617
4366	3699
4135	2993
4385	4043
4683	4471
3903	3450
3169	156
4644	1684
3847	2358
3247	2147
1546	496
1469	765
4372	191
3247	2240
4704	4439
4495	943
5021	3063
2358	460
3065	233
2922	2138
2542	1793
1129	599
1958	412
4061	247
2407	1723
1726	1561
4889	4046
3505	1549
2756	826
5021	3562
3692	1294
5021	3169
3801	419
5154	1411
3497	3261
5245	2051
4116	156
4275	29
3426	2720
1895	1473
3949	3677
4563	1434
4243	456
2044	1867
4853	3846
5021	4990
5112	1878
4757	2358
3114	2740
3169	2542
4546	3943
4608	648
3907	1138
3169	154
4887	3169
68	7
773	390
2037	1484
3480	359
3206	2902
4321	4225
2040	135
4267	237
4888	220
1736	1026
356	111
1490	259
3262	1541
3740	164
4471	4066
5054	1712
3549	993
4317	104
3552	2317
2505	1795
4243	1533
3392	819
5224	1127
3643	2916
4864	4128
2806	35
1691	1127
4046	3636
3261	1922
3626	999
3677	3169
4683	3169
3617	3385
4412	4210
4141	1027
3051	2094
3549	2666
1646	913
4608	1672
2147	1859
707	368
5081	4671
3772	1426
3651	508
4907	3169
2537	1705
3278	855
4321	672
4714	4030
5177	2318
5209	1224
5112	3206
4921	1795
1968	1758
1086	379
1695	96
1129	275
4165	2043
787	428
5031	2549
1775	96
4026	164
3040	819
1561	7
3918	2050
3792	2806
3169	235
2870	2020
3526	3049
4852	1708
4383	4180
2453	712
4814	417
4141	2219
4210	2537
1469	7
2827	483
2653	2392
5098	4141
4864	692
3891	2540
4378	1708
2554	1284
2850	2290
4154	2653
1189	1127
642	4
3931	3426
2612	2505
2521	2229
4148	901
5231	4383
1673	1105
4412	3741
4329	17
4237	1208
4663	2755
2681	2135
1974	1779
3744	1445
4845	4199
2922	1051
3403	2944
1646	1585
3257	989
1859	1723
4714	2463
4841	3474
2849	2128
3922	1712
804	111
2663	92
3680	759
2954	2318
600	368
4257	2318
3019	2953
3233	2970
1270	920
4237	3049
4468	2537
3755	2043
4116	1990
4523	3643
1059	213
5054	353
2944	1127
4940	4601
4044	2653
3169	1007
5154	2117
2827	1183
5021	3846
5050	1237
1870	1189
4804	1043
3556	2827
5177	3546
4237	1358
3476	2079
3626	284
2697	319
3637	3282
1323	7
3257	2290
3375	1237
3772	77
3562	1838
762	319
3594	653
339	319
4604	2653
5054	1656
4383	516
5062	1919
4031	1769
2226	1520
4964	3836
5049	4736
4714	1985
4477	4404
3474	2050
2417	316
3596	1391
5171	1585
2875	1811
1237	33
3334	219
4372	7
1438	599
4789	1519
5175	4473
2318	686
2700	243
4589	3933
4157	1943
3556	1461
3937	348
4608	1646
3849	1089
3753	2382
4276	2806
4717	2147
3755	2795
3546	3169
5209	2346
3824	93
3546	1646
4547	1133
989	765
4471	1469
2756	1366
4873	3469
4698	2632
3548	461
1533	277
4876	2742
2373	1772
4495	1736
2318	2298
4403	1585
2641	96
1149	889
3498	3457
4560	2290
4195	1533
2521	2043
1113	483
3843	870
2889	1347
5184	3358
3543	3158
3109	2850
3278	1318
4967	4507
4383	3169
3169	2774
3278	2037
3822	999
4021	96
3694	2020
4012	3509
3278	3158
4714	3670
3510	1294
3699	3169
4663	3903
4785	381
2806	2676
3028	1469
4041	994
1533	761
4804	4652
5062	3630
1282	457
5054	1026
5188	1434
2226	982
4663	2087
2732	931
3509	234
3169	2113
2970	2515
1887	7
290	111
3212	299
2529	1766
3169	1323
2356	1133
2956	2529
5062	1646
3494	578
4864	1782
766	96
3169	1671
4714	309
3928	2596
4083	3536
2688	1113
3168	1656
4677	4061
4003	2050
4909	989
3063	871
2755	2482
5021	1721
4243	3462
2999	640
2109	1913
3156	2078
5050	379
759	676
4877	2050
1411	622
5215	3937
2008	142
4220	4128
2663	178
5177	417
2936	368
707	417
5254	2902
2282	33
2602	1016
1455	1358
3747	4
4714	1357
4253	326
5020	3875
5062	992
5107	4093
2749	1656
2806	225
2290	910
2971	319
4988	1684
1347	104
171	115
5021	1451
4864	4330
5054	2209
2113	142
4133	1465
1878	1649
5238	1465
4704	3457
2549	247
4385	2653
5219	696
4225	1901
4578	4141
3556	1036
4116	3482
3777	1576
3177	1533
4547	3713
992	878
3359	483
2139	1208
2756	495
4432	3169
4608	928
4809	3549
2630	290
4589	2676
2453	788
2970	348
4117	1907
2146	235
2138	1671
2936	2870
4663	2488
2993	651
3755	3449
3548	788
3185	2902
1919	1349
4254	819
2993	1112
4547	4180
2934	2759
1133	104
4867	4483
2453	1455
4157	1292
972	291
5172	2358
1469	600
3548	709
4220	3198
4471	622
1237	989
2529	1819
3664	1104
2087	151
4921	4723
4877	920
2547	2358
3784	2087
2466	1926
2595	1520
4003	3403
495	142
3060	2076
2991	762
4864	2570
2567	2417
5021	3060
4461	1585
4608	1723
2756	1517
832	314
3548	913
4643	2853
4652	4141
4921	29
277	184
3278	73
3153	2453
2850	2217
4572	672
2615	1708
2505	329
4369	1878
3483	2358
3777	7
1082	329
4104	93
3462	7
1599	923
4327	1018
1089	748
2857	960
1133	381
2945	112
3293	1127
5254	80
3392	1549
4864	1925
4663	600
2382	871
5207	5066
5107	3454
4899	4566
4566	683
4477	4104
4148	2416
4714	212
2375	2273
1758	276
1671	228
910	597
4104	4072
3450	2889
3811	3543
4097	615
3109	1224
5172	1420
5219	2128
1089	7
3233	2318
4591	3822
3295	390
3169	476
4487	3278
4894	1644
3869	3403
4466	963
4454	960
4275	3744
5154	676
4608	3548
3670	1708
3169	2223
3012	2050
4785	1198
5054	3722
4864	4383
5175	3245
4417	3380
4663	277
4997	4225
3185	3034
1469	1323
2663	348
3169	1455
4141	2925
5008	3822
2123	1534
5081	3169
1535	1155
3005	2290
4879	2240
4683	1224
4663	2240
3710	1587
3109	2244
3960	271
4589	2999
4144	515
4678	3017
3114	1112
4477	2217
5238	3626
3169	615
5175	1989
4608	3169
4635	4199
4330	4275
5094	3777
5127	1129
2827	393
2806	1168
4275	1649
4477	517
1685	7
2569	2358
1535	359
4560	1113
3973	3626
4752	3482
3644	1097
4560	2676
4508	1656
1527	290
1133	60
3401	1698
4661	4199
4561	191
4770	3699
4598	1347
2922	156
4270	3933
4683	4104
3169	1106
4109	3699
3169	725
3766	3294
5076	213
4864	3346
3636	1038
5209	3753
1683	304
706	96
882	697
2226	1237
2240	276
3644	973
4436	3019
5021	4189
1723	960
676	7
4030	3135
1614	1600
3626	3426
2515	1600
4864	3504
2934	2823
3169	1027
3740	2774
4648	3158
3856	2749
4739	2138
833	319
5054	3542
4210	2853
1814	75
3957	1010
4523	3644
4179	3834
1237	1107
4734	2850
4988	159
3766	3644
4415	516
4683	3198
4635	2653
4270	4104
5226	4054
3723	67
833	243
5008	4864
4227	913
1942	491
2074	1708
4459	773
3156	2350
4257	1639
4601	4523
2853	651
4275	4063
5122	2653
1701	948
4119	17
4404	4066
4439	1739
2290	412
319	146
3982	3341
4873	156
2518	1155
2318	1166
3910	1237
3169	1483
5043	1237
3933	1036
2318	1652
4663	718
4807	3450
5242	155
3753	3005
4191	3509
4783	788
4909	3464
4110	3169
1632	171
2917	2346
4608	1561
1981	1519
960	817
2717	1189
4888	2130
4685	982
2020	622
3169	1353
5209	1183
5156	716
3454	1438
4723	339
3169	2971
4721	2934
4403	247
4864	1954
5124	3169
2945	1209
3359	1968
5234	3158
4641	1463
5231	1224
2139	1585
1166	1138
5188	994
4644	196
5215	1942
5059	3421
483	393
3169	858
3114	1901
4267	2936
4135	4133
3828	2719
1524	815
3664	2020
4939	92
4663	561
4783	3636
5244	3169
2318	1314
4471	3644
3643	2849
2795	1165
4945	4546
3566	992
4104	3933
5215	4243
5235	3907
2917	871
4864	4044
5215	291
2123	203
4141	315
4734	615
3160	1671
5047	3169
2477	1905
3534	1469
5160	3747
3169	2902
4378	139
4641	707
1237	7
1758	1082
2641	2240
1354	1159
5218	3169
4443	135
1113	225
3355	2891
4487	4275
3026	2273
4714	3483
2991	1656
2484	123
5238	1127
3562	3470
1411	934
4031	3063
491	299
5132	3596
1701	1127
2604	1084
4018	1705
4052	277
5021	671
4868	986
980	247
1614	129
4466	2748
4723	4097
1637	233
2806	1585
5184	2749
5219	2889
3723	1878
4454	773
1582	765
5021	3744
2273	559
3895	2671
4914	3169
4663	3477
4659	4141
765	93
1237	58
1316	478
4275	3454
3403	615
4472	4141
4714	1829
2915	2749
2989	1985
3169	2521
4551	2358
4671	1495
2993	761
3651	819
3494	3464
1378	191
4663	2934
2630	554
2617	1316
4609	1758
3135	191
2248	985
2482	381
3654	1695
1561	1133
4101	381
3755	765
4325	2566
3811	180
3976	3834
4591	498
564	29
5107	4128
3207	2358
4253	2490
4476	3509
3933	2964
3758	291
1031	788
3516	92
3169	1074
4476	707
2318	157
2602	597
3169	2788
4321	2397
4692	2998
4864	2260
3303	3169
3169	2447
4864	2477
1959	1208
4739	2889
4572	2087
4228	3306
4864	2375
4879	104
5081	4975
3695	2749
5021	1527
4845	2244
1236	319
5076	2902
4275	3856
3596	1701
2219	1270
2617	1162
3295	601
4477	4270
1859	677
3649	1237
3566	989
4609	393
1520	1237
3634	2138
716	104
827	339
3710	3664
2630	92
3023	2772
5146	1919
559	390
1026	515
3643	1352
3755	960
4039	1701
4483	909
4276	2358
4443	4054
3169	1025
4482	2078
5234	3067
4148	4013
788	29
4888	819
457	347
4372	3449
3740	2529
1585	191
5054	1510
5021	3449
1194	1189
3947	7
3976	1723
4127	2756
4663	977
309	222
4873	1663
2870	157
1473	597
4853	3459
5160	3543
5254	3505
4385	2672
2521	1237
4104	1448
4447	2453
4306	2808
4995	3169
2318	291
4560	1293
3490	1862
3546	1138
4663	592
2240	1591
1196	615
3348	1357
3306	1603
3803	381
347	172
3169	930
4698	1904
2733	247
3739	191
5018	1814
4127	1570
4921	2970
4988	3504
4429	1758
4141	1049
2676	96
3836	2999
2219	92
2840	2697
4267	709
3798	2689
3282	2499
4560	225
4141	1391
4225	314
2895	352
1895	1885
2853	1004
4483	2640
2515	707
4275	2989
3914	1137
3504	2732
4023	2945
1779	1237
3169	1479
4809	4535
3110	759
3109	2043
4461	2104
4275	75
5242	284
5112	1505
3169	1594
2043	1691
5154	3928
1512	277
989	559
1455	1086
3026	104
4275	1874
3109	2657
4482	319
4560	3755
5242	601
5215	1469
1905	460
5171	4752
4141	711
5021	2145
3060	1352
1907	1138
2720	672
4814	129
4853	4447
3454	374
3294	2853
4372	3198
4970	3403
2844	1115
4873	620
2849	1656
5041	4560
3078	1350
3846	3466
5165	1127
2138	67
2964	191
1905	1632
4477	154
3494	7
3426	1716
3004	1224
4116	749
4627	1919
4075	2735
4608	2554
2223	773
5132	4193
3839	615
1455	966
2689	989
1265	870
4202	3710
1469	515
4030	92
5215	3896
4199	2239
2579	2219
2135	1347
3907	2081
4801	528
4275	3929
561	558
4275	3195
4852	2109
4608	1505
3278	1038
3637	2822
4275	2733
5021	4028
4030	1520
948	920
3385	515
1632	1224
5020	4237
5154	3616
2749	686
2147	882
4547	164
5209	4149
819	600
3824	3359
1527	1469
3268	1237
2407	1779
5054	1441
5174	674
3943	1038
766	550
4270	171
4848	948
4864	1599
4406	1237
4026	7
2916	2727
3843	2510
4967	4609
3039	966
1183	711
3843	2715
3723	3169
3644	2827
1237	1210
4974	3710
4246	1723
4864	727
4873	3387
2853	284
3596	1146
5030	2732
4608	870
3552	2298
2109	433
2050	498
3824	1708
3792	3348
2123	319
581	558
1672	760
1972	1089
4698	1919
2617	1355
3449	3413
4345	3874
3169	509
1475	882
4378	4031
5054	4252
4165	1758
4663	2147
5146	4210
2070	564
4378	1533
4193	1701
2934	1519
4528	3169
3169	1505
4719	45
4263	1127
296	228
3952	1878
4393	3879
1242	1127
5219	2902
2806	1632
4887	4597
73	7
3143	7
3651	348
4864	4013
5072	371
5054	642
5054	4663
4220	4031
4141	96
4372	4061
1919	347
2970	707
1723	197
5215	4383
4609	3856
3169	2846
2282	1779
4451	3169
4869	1270
3061	2596
3723	314
4106	3907
2801	2173
3922	5
4809	1133
5172	4725
5241	1541
4970	4061
4106	3358
2801	2123
5207	1904
3596	1469
4828	2532
3169	1964
4393	4226
3169	2540
4608	1270
4451	2053
4899	348
4403	2050
4552	2922
2749	41
3643	3548
3543	1864
5231	1519
4141	4128
2078	1208
1532	1505
4888	3169
3714	3240
1305	620
3644	1517
1237	928
4141	3380
1242	1133
3808	3169
4852	1720
2875	1469
3539	290
4864	1240
4408	2759
4483	290
592	7
4641	1775
3801	766
4379	2970
4369	1208
4461	4426
3881	1519
1814	1723
4939	4031
4942	3169
2934	1423
3307	133
1469	96
5110	4864
4864	1585
390	228
2756	1473
1025	931
3643	1495
5215	2863
2904	196
4785	1837
4775	4157
2417	1701
4888	4254
4379	328
3594	2318
4848	1701
3601	1701
4853	2499
4613	2861
2671	481
3101	2138
4867	4116
4364	319
4272	1758
3206	2801
4483	2529
2037	901
3203	1133
5127	3459
3278	1527
3529	1533
5054	4117
3830	136
4986	812
4864	1527
4939	4725
3038	1720
4141	3523
2749	74
5215	931
3124	599
3012	1942
2318	2231
1974	1759
1275	211
4992	1147
5008	1517
4141	3397
2416	28
5172	417
4041	686
3803	1723
3282	2863
2653	41
4652	2934
1138	707
4659	788
751	456
3418	2636
1176	653
5238	3955
3415	1040
3200	2934
1905	1113
686	328
5021	3124
4144	7
3644	3233
4310	3630
2999	2676
1537	144
839	424
3557	2060
4483	2020
3755	1814
4128	1107
4039	3747
4752	92
3713	249
2147	1766
3867	3023
5057	3543
4608	1964
5174	1793
2653	1705
3907	1038
3295	1716
2902	2123
2217	602
4844	1867
5050	4192
1901	348
2676	393
1870	1352
842	686
4385	2510
5135	4945
1034	561
4343	4141
2677	243
2240	1808
4852	433
2970	622
5098	3710
2902	2128
2760	1758
1237	930
5018	2375
4256	2934
1590	104
4372	4031
1425	1152
4243	3740
4339	2318
4349	4165
4378	12
4252	3450
3266	3025
3846	3753
4422	839
5054	4845
4030	3063
3025	328
4671	601
4105	545
4199	45
4864	1351
5238	711
3153	1905
3846	104
225	154
5122	2595
3549	761
4156	196
3169	924
2579	1214
1985	1870
2749	1968
3033	164
3482	1469
3617	626
5177	1138
3556	2964
5215	3556
1968	1585
1209	104
4939	191
373	144
4841	3215
5215	2416
2087	1585
3358	1672
1113	989
3619	3596
1516	371
1036	672
3261	3169
1685	1104
4459	3651
4671	992
1890	313
4194	1185
4282	1758
3821	3548
4367	982
5062	1138
2395	1758
3740	677
5227	1422
4030	1237
1455	550
4424	766
3169	2801
4783	3510
5146	2050
4391	3169
2934	334
1723	1265
3874	3015
4210	1919
5146	1349
2982	2358
4546	931
5021	1964
4677	3169
4577	2653
3363	907
1600	707
3358	1533
3907	3294
3907	2756
2956	2147
4061	328
3526	3275
3856	7
3089	483
1990	1237
1393	1103
4719	3764
2755	2318
4988	3206
3744	3710
5215	1958
1133	1113
5242	2993
982	104
1025	852
4372	1237
4888	3984
4495	4110
3556	123
4189	960
3257	2298
4582	1457
3169	232
2537	2239
3061	1969
5033	3071
5130	3280
2755	319
4988	2732
2773	70
3275	1785
1919	558
2776	489
2801	213
1512	928
4414	3834
5054	4515
5154	4144
4785	1723
2776	1758
4336	2653
2567	766
5157	4454
5038	235
3169	469
4704	3245
1311	765
4031	2050
4482	359
3710	2351
2857	1123
3670	2569
5238	2720
3308	2749
3836	622
4964	3644
5180	2595
2355	559
3359	1469
2936	1469
2130	1671
3169	3039
4036	3169
3613	1469
4861	2318
1113	992
2922	2358
4609	1708
4879	255
2324	1656
3613	3169
4683	3824
4149	4087
3360	1902
2970	1138
2801	339
1455	374
4306	2087
3247	96
4582	3946
2273	601
1723	834
5026	1237
1237	558
3843	180
4282	2756
3462	1618
2612	2128
4988	3123
3556	3552
5188	1907
2643	359
3710	1277
2945	1814
2318	1230
3714	2822
3169	45
5054	3293
1176	419
5041	4891
2916	2318
3651	2889
4864	2776
4725	622
4054	393
4141	578
2850	1708
2051	1600
2730	662
3753	3158
3169	1614
4385	1532
4412	2050
4536	2756
3377	1721
5021	4705
5238	4135
1671	882
5130	5021
5132	977
2372	1434
393	225
4864	2782
2554	1411
2358	1905
4043	1155
3169	1765
4026	2956
2481	928
1043	412
2054	235
5172	129
3155	1133
460	164
4879	486
1494	554
3169	1712
3403	2254
2829	2273
1779	561
2561	1549
4911	3212
3169	228
4210	1349
5054	264
4883	2505
4909	2579
3015	1730
1902	693
5135	1349
2795	2643
2135	662
3509	144
2889	819
3771	3387
2720	186
4909	3644
4144	3531
2970	2863
3169	2394
4997	3822
3109	765
1049	924
4066	2318
2595	1107
5057	2950
4106	2653
4141	3744
3480	348
3529	3516
4199	966
5054	4379
5072	3358
3755	760
4752	4627
5215	3999
2801	2128
4632	761
4661	4157
4805	3169
4372	234
1646	417
3028	558
4095	2112
4043	1007
2609	33
3123	2050
4466	1423
5204	1671
4864	819
1870	1455
5154	4243
1944	67
1316	626
4473	3169
5021	615
3548	2453
5175	4678
4505	2991
1392	1237
3169	538
982	352
1981	1606
2928	1237
676	159
2482	718
4589	1905
5008	1720
4864	1610
4853	74
5132	191
4613	7
3457	558
3275	1533
2653	577
1758	675
2240	1765
1907	943
1758	1277
3792	154
3426	1708
1775	356
3169	2953
4477	3644
1469	622
4864	2829
5154	1293
840	707
4393	3595
2341	2240
4725	2229
3963	716
3753	3110
4608	1968
3803	277
4383	2231
235	135
5043	1146
3848	2934
960	498
2570	1232
3619	2934
4988	3029
4814	3847
5054	73
3240	352
913	648
4864	100
5054	2243
3263	2240
3169	2875
3169	3049
4443	151
4018	2717
4967	928
5215	2358
4106	1585
1127	648
4611	1533
4321	729
4853	2453
3931	2993
3169	290
4109	96
3293	45
3206	159
4379	1595
3630	801
1766	17
3643	2630
1237	765
3169	483
3078	2373
2135	1104
2627	2240
2774	2240
4052	994
3939	2617
3744	3169
4698	4412
3169	2926
3960	2356
3449	70
2758	291
4391	2640
4429	4148
3359	2358
718	135
1837	137
1503	712
4477	483
3822	3114
4887	213
4888	3160
3710	599
4864	697
2732	676
92	70
2663	989
4814	60
3644	1622
4072	1183
5177	4443
2976	2273
4864	4646
4507	3039
3644	920
225	93
5213	4736
760	155
5054	1723
2749	1836
3710	75
662	54
4964	4560
3505	2715
1352	626
1512	70
5054	1985
4996	1988
299	70
2915	17
4873	4026
4260	457
4864	112
540	496
3566	3129
1188	551
180	33
4608	3710
4237	1532
5033	4385
2653	501
4310	172
4608	154
2145	1758
4105	2505
3426	2993
2123	1155
2866	1712
5054	3771
3228	3184
5062	920
2367	1455
3856	2134
5154	4677
1591	622
4734	1127
3169	1980
2870	615
4477	3836
4191	1736
3176	2253
3888	864
4852	4752
1561	889
3348	393
4741	2749
3494	3158
3733	2769
2845	1479
5054	4677
4807	878
2521	600
4663	2529
5215	5050
3348	154
4988	2290
3739	2822
1293	1237
4195	3801
2318	360
516	96
2318	290
4608	707
3012	765
5054	3454
2976	1469
4415	4031
2450	1198
4841	3363
2318	368
4447	788
4864	3873
2240	19
3293	1455
4970	1018
2612	104
4873	3543
4750	2653
5215	344
1270	1237
2182	1926
4101	1316
4775	1455
4109	3375
4662	1736
4727	889
5127	576
3753	994
2078	339
4652	1316
4075	2240
4280	2484
4888	827
5256	5054
4404	2999
4270	3644
3853	3169
3297	82
4637	1237
3063	271
3973	2993
2653	597
3803	17
5050	12
1701	982
2595	235
3548	869
3874	1837
2657	314
1926	1460
4646	17
3169	17
4193	2109
4026	3480
228	130
4030	1104
2934	1975
2147	561
1533	561
5062	4193
4243	3084
2991	1512
1133	96
4199	1455
3736	859
1895	1524
3824	3792
3160	1649
2318	960
4104	3380
4101	4054
5154	2870
599	96
4873	566
2223	1671
4141	3856
2983	255
2479	1758
1237	483
4879	1209
5175	3588
858	348
978	599
3378	2889
3245	2318
1166	707
2595	1772
3822	761
4734	2595
1425	93
4479	77
5054	749
4841	3378
3834	235
5054	2093
4608	1323
3634	1208
4888	4459
3644	578
4611	4243
3950	104
884	104
4589	1183
4466	4203
3764	1867
3667	2617
4608	2970
4608	1166
1561	1166
3929	2189
1479	1469
1663	920
4714	4378
4888	773
4106	765
683	359
4637	1537
3621	75
4914	387
3952	2123
4301	229
4104	1895
2732	2290
5132	2632
2050	989
1208	508
1618	1533
5215	4141
1907	707
4226	3595
3644	92
4026	1179
5054	1038
4329	1766
4873	3755
3169	1839
3169	1270
5171	2676
5156	2993
882	77
2993	1708
3306	964
4852	2050
3914	989
4547	747
1758	1656
4967	2653
1814	1411
3169	943
379	7
4267	2070
4495	1527
1795	1695
4419	3169
1194	191
2529	2240
4727	1166
4970	2378
4719	964
4439	2239
1183	1133
2020	1684
4602	718
2244	92
4841	4663
5127	275
3596	423
4864	4828
3169	296
5076	2849
4141	180
2050	920
3630	172
3005	2732
3937	3169
3124	1721
943	259
3268	316
3710	686
1234	339
3359	3348
4864	4659
3965	3843
3907	2219
5050	3644
5146	4873
558	191
4194	2660
4970	4841
3169	259
2916	2276
4659	4447
4960	3005
2916	2505
4967	1113
4093	1237
4214	2248
4257	1133
3244	3177
5072	3470
2715	79
3822	3626
2956	2240
4180	92
3212	167
2318	981
5107	1520
2138	1606
5130	4440
3594	1878
3556	1469
3169	1166
4141	4117
4031	92
5107	1107
2749	554
3289	3228
4627	1533
5021	178
3755	2217
4864	1103
1127	794
5021	4439
2983	2323
1814	597
1656	1165
4736	359
5204	2889
3024	1465
4725	1646
5177	4727
2128	1649
2020	368
953	659
4959	1455
4852	2663
2117	211
4608	692
2773	2417
5122	2356
4514	2756
5219	773
5217	2558
4568	1549
1469	348
4608	907
5227	4263
5227	5074
4739	1671
1753	1465
4714	135
3660	2857
5208	2653
2318	1779
2827	2117
1907	1814
3169	819
4613	1561
4439	2749
2147	1133
524	89
2509	1578
2991	711
3454	2814
5219	3019
3873	1759
5156	2769
4104	3534
4888	2641
4471	4270
3546	1561
5188	4542
4943	2020
1237	760
3477	2240
2942	1455
3358	3153
4383	2375
871	602
3933	154
284	45
4714	3078
2617	1465
2806	2079
1332	154
4043	1505
3753	159
5124	4864
4216	2720
931	676
4864	3747
5050	1086
2749	2153
4807	4141
3644	446
2871	1373
2971	1649
2849	319
4392	2358
3979	707
2448	1533
4589	93
1519	1293
2078	361
4225	3694
1698	819
5021	4769
1575	481
4580	142
1127	727
3078	92
196	92
4887	2844
2240	1775
3753	68
3776	2657
3303	693
3644	1972
4263	1293
1585	645
3476	3169
3630	2991
3206	2078
4495	2510
3937	615
4342	3600
4752	3741
4483	3303
4864	2392
4988	4466
3078	315
5165	3973
4385	2665
3169	2915
4479	1541
1176	559
2510	1237
4275	4075
5242	4643
3359	93
1691	412
4263	156
3016	1007
2384	481
4635	1990
4066	225
4412	347
4970	1289
4141	1519
4105	2510
5154	3206
1270	352
5130	674
3596	859
2113	1646
1968	1708
4841	3095
2537	1532
3780	1650
1420	129
5209	3792
989	191
3359	3089
1646	352
3278	328
3947	299
4731	4383
4257	3169
5122	4180
3275	432
4412	92
4495	4275
4454	2756
4046	2749
3169	1537
4054	1469
5021	142
2282	181
4843	1656
3882	3546
1537	7
1989	828
4369	2510
2844	852
5154	3644
5054	2407
4158	1758
3279	693
3169	2118
2956	1034
2358	379
3459	211
2653	1031
2849	2749
1969	17
4609	1723
2827	1293
4220	104
247	104
4104	483
4608	1401
1685	599
3643	1814
2735	2394
4200	75
1129	1016
4852	857
4031	1622
2936	1907
3264	1237
5242	651
1942	515
2358	1451
4144	3306
5238	155
4608	1494
2761	7
3846	3110
3740	1775
3169	2844
4480	1758
4704	561
2769	707
4383	3621
2653	164
4061	457
4873	558
5242	3295
3169	1265
2844	1025
4608	3025
4495	2509
2453	2240
3072	1758
4714	1107
4734	711
1753	839
2020	1646
2964	665
5054	2660
5215	4637
4741	104
5188	1469
1413	640
4853	1082
3129	992
2889	1942
3740	1373
1603	1284
1566	1455
1237	1214
3498	1457
5021	4789
1208	170
5231	878
3596	1413
5054	3246
2965	2749
578	92
3549	7
3896	2653
4608	517
4141	1423
3169	3015
1352	1168
4260	1469
3755	92
5050	928
2479	561
4752	4193
1782	1758
4106	760
4275	711
4864	2700
4507	4490
2290	2020
3443	662
2643	683
5219	2509
2117	290
2870	1723
3185	319
1027	104
2223	1212
3169	783
4461	989
4021	381
4719	931
4129	828
5021	1772
3963	1286
1614	1143
3549	3295
4181	2934
3619	1907
3695	2653
4415	901
2993	2072
2505	545
4031	3644
3802	3169
2739	1010
2676	517
4158	773
5219	3651
4141	957
2653	1003
819	461
5121	4921
2051	1420
4581	3169
4275	779
3617	70
5054	1411
2717	2051
4864	4495
2934	2773
4864	3995
5054	792
3933	2850
2358	1113
3280	1758
3169	115
4415	1129
3846	3680
4310	457
4030	70
5132	4378
5054	4594
2642	1779
3169	2934
2087	460
1818	693
1183	4
1927	316
4187	651
5020	4864
4705	495
2586	564
2147	516
4383	2008
2970	870
1723	622
3630	2096
4157	223
2043	1127
5020	1146
1467	456
2877	1034
3421	2749
4864	618
1439	1237
2318	1632
3889	2477
4827	2128
5154	1097
3630	3366
4560	4270
4663	3429
4141	607
2760	1490
3182	3156
4919	1188
4923	2970
2318	1103
4106	2358
3710	1907
3169	693
2050	191
1549	551
4921	3634
515	92
1942	622
5021	135
3169	978
5209	4072
5054	1189
3999	3169
3630	457
566	515
3918	3601
4589	3824
2663	857
1793	1475
5122	3736
3236	2346
3348	93
768	707
4933	2581
3169	1985
3588	295
4141	3768
2138	2078
2018	1188
4873	2323
3477	1133
1237	476
4997	999
3169	1561
4752	393
4632	2051
4580	3651
3643	819
5241	5021
4677	181
2223	508
1038	954
4727	2318
5120	2641
4663	4046
2889	516
2081	235
1469	620
5132	2147
4608	662
860	299
2970	423
4459	1347
3366	3169
3184	2020
3531	2226
3169	3081
1455	96
5174	709
5028	1905
5004	3169
2749	144
5156	3549
5133	133
4383	551
3560	2749
3856	3834
3169	561
4765	2318
2928	773
3169	215
2518	2147
5135	1990
3089	1183
5184	901
4909	578
1701	1663
3813	1343
4663	3699
3257	1293
3169	229
5215	2976
4477	104
2936	2318
5241	4873
1814	602
1927	1673
4154	3549
3019	2521
5011	4864
3334	1779
4698	832
2626	1155
4909	1701
4415	191
4608	469
1614	707
4641	374
3169	2094
4306	1779
4909	3914
4097	2078
393	156
4736	765
4141	2324
5235	4853
699	601
3366	235
2756	2521
4116	2676
3617	1237
4383	1450
5020	235
1671	597
196	191
3421	794
5215	3426
3552	3378
1721	1585
2989	766
3492	1469
3792	3359
3110	931
3744	2244
4589	3109
2902	1695
4663	1859
2117	1708
1345	1265
2160	171
4608	291
4052	104
4276	92
2453	1495
5057	981
4066	2850
1919	1179
4577	1434
1650	1208
2888	661
3882	2318
2509	367
3778	3212
2653	2529
5238	7
3108	1161
4637	886
2072	33
4263	4243
1490	981
4911	989
4210	558
3492	1237
3160	438
4683	2217
4814	1614
5208	1224
3169	1031
3966	982
5054	2341
2928	335
1691	171
1942	508
934	901
3079	1010
4734	100
5154	4225
3630	581
5215	858
3548	3307
4483	424
1561	1038
3169	1210
3505	1878
4351	2712
4560	2850
1387	775
1695	1208
4841	2581
4030	2663
2970	1646
4128	2934
3549	2964
5227	3562
4582	3498
1103	235
4148	884
4310	4054
4391	1189
4018	2318
1862	524
2128	540
4195	559
1901	495
2861	2025
3378	1942
2510	67
2636	96
1025	882
4813	2389
5219	1535
2806	483
5204	3540
2612	2123
4841	4013
4594	3454
4967	2615
2070	1527
1942	920
2749	977
4276	1708
3278	1003
1723	1237
3470	1838
3529	1237
3753	1196
3198	2043
1901	92
3933	225
1646	1349
4813	4061
4591	3123
4864	476
2936	981
3169	540
2130	1347
5054	1743
3358	2117
4275	3169
5208	4066
3577	508
4741	1354
4127	2007
3205	3169
5094	2106
3848	1527
1224	1113
4495	1007
5054	2320
3498	716
4723	1265
5188	3753
4097	2749
2913	1723
4643	3426
1672	1469
3979	2253
1176	989
2382	909
1357	151
3505	1155
4560	438
3359	1585
5021	2070
2970	593
3019	2223
5020	4635
1730	1226
2243	104
2993	2720
3169	1090
348	154
4683	4560
4935	2585
4844	4
4052	1104
2482	1759
4148	461
3617	1439
4378	1814
4891	3169
4267	2363
1964	559
1756	1603
3966	1113
5127	1927
5154	82
1723	626
5156	1010
3038	92
4306	3169
3859	1663
1469	1352
3875	2653
4480	4083
4864	3619
5132	3123
2537	498
4476	2510
2749	677
4864	2219
5227	3169
3753	1163
5197	1138
3169	1981
4853	2671
3723	2138
3169	3096
1859	938
2113	1138
3931	1127
5217	460
2853	766
4864	1304
5177	368
1519	928
3028	144
1189	948
3480	1473
3169	171
4921	2138
3505	2123
5033	3643
4343	913
4104	3482
3158	2318
3824	1905
5062	1137
3261	870
4330	2989
3952	2128
1133	699
2540	92
4864	2954
2020	119
1969	615
3939	277
4477	4066
3169	1018
5021	133
3060	2760
4054	1237
2299	1639
4528	2525
3740	2776
4560	4471
4157	724
419	335
4141	3846
5056	3643
4310	581
3413	1457
1305	1149
3490	2917
4734	4317
4960	4031
4591	159
4415	3155
4108	3169
2519	1347
2240	1209
1469	1168
3753	300
515	70
1632	115
1691	348
4193	1237
3169	2840
3332	1469
3215	1585
3494	1874
4013	1907
1622	1473
3459	957
2756	17
4220	33
4199	3039
277	135
4864	1985
4141	4033
3546	659
4044	622
4128	1520
5154	1901
2079	1189
3579	2453
5254	4981
1698	773
4828	788
2964	1524
299	96
4853	910
3879	1972
3955	2720
4970	4306
1591	1411
2510	1205
5184	1901
4723	3510
4343	2749
5230	686
5241	4267
3261	3012
554	290
4608	3556
5020	4495
5208	4734
4967	3644
1750	712
4864	2875
4864	4202
2827	1753
5160	4674
4031	4030
2749	212
3651	2130
4141	1814
3169	1691
3359	2569
4203	766
4864	2145
882	359
1455	277
1606	1370
4343	564
1842	597
3401	3203
5215	1944
3644	923
1473	1451
2525	699
5054	4889
4407	1736
4514	3019
1775	838
4260	1138
3875	564
5135	247
1576	1490
2936	2050
1237	711
3155	1312
4383	3153
4256	1712
4422	2549
3834	654
1684	159
4097	1878
1878	77
4635	1712
3169	1901
1852	1281
4028	3907
1112	33
4719	156
2657	1146
517	225
2915	2318
4616	543
4141	4021
2537	981
4575	3177
3907	1561
4813	1168
4066	2827
2761	277
4225	1753
2290	1224
3922	3888
4873	4448
4466	3621
2806	154
