903	1371
4210	4361
2648	3380
2541	4662
1722	2912
921	1117
2089	2166
4646	5080
961	3100
618	4111
501	2593
2438	2660
2689	4872
3649	4775
1822	4241
1839	4798
673	1313
1734	4156
3751	5113
722	4151
18	4329
2013	4670
618	4202
1110	2438
2660	3810
340	1553
1132	3389
4156	4603
1144	1710
340	2438
1537	2589
1430	3138
1710	2259
389	1215
1502	4442
921	2185
3767	4337
488	4615
1189	3943
1577	1844
3103	5020
2459	3317
2912	4301
1145	1705
541	3747
2347	4391
224	3107
2591	4326
299	4033
1060	2438
4151	4646
1338	2946
1640	4091
2573	3935
4046	4051
3636	4263
1377	4156
3670	3688
831	2714
3036	4033
1710	4443
3565	3636
417	3484
3056	4674
1151	3754
149	4202
3757	4940
2877	4880
1815	4775
1151	4795
2687	3272
342	3198
1638	2847
1147	1313
3636	4441
1533	3341
136	1727
2438	2518
3944	4156
154	3554
2271	3581
374	3971
3826	4177
3107	3414
1444	2374
746	2852
4326	4863
664	877
2273	3191
2466	3545
788	4600
260	4022
1674	2560
444	3810
284	842
2169	4156
1444	1883
1936	4058
1093	3114
181	329
1476	4156
443	3121
2120	2589
1281	3044
3488	5082
2171	3958
2055	3417
1487	1872
2763	3602
4105	4550
1313	1617
222	1215
1883	3907
903	3853
1680	3760
4	1215
742	1842
1044	2817
1128	4156
664	946
3000	5083
1710	4670
4311	5154
1903	5140
1510	2541
272	2562
3853	4711
222	4712
1261	2637
4809	5120
280	4156
4267	4396
1444	4361
7	277
2064	4111
814	4478
3038	4841
123	2582
4156	4303
2970	3565
1950	4105
887	5038
1454	3573
2884	3837
4473	4775
1806	4905
3496	4156
2714	3352
4042	4329
3602	3686
2625	4170
1402	1958
67	359
1064	1167
3131	4490
2672	4064
1017	5154
943	5082
2775	3907
1872	3501
149	2775
3450	3987
3121	3496
604	4200
1270	3941
4978	4987
1422	2693
1273	1642
1168	3962
1667	3920
2102	3717
238	5159
1130	1937
3970	4156
1660	1699
2625	2716
2545	4156
664	3153
1527	2184
999	4329
500	3674
4001	4027
1006	2682
1749	4105
1753	4202
476	1742
1726	3920
347	2185
323	2975
3534	4177
269	4026
2040	4105
3590	4045
114	3304
2569	4697
126	1839
2515	3780
7	1542
509	2193
343	5120
1826	2625
3884	4466
855	1474
2775	4053
990	3044
2625	3248
617	963
1454	2174
2506	3131
1474	2939
472	3056
3866	4393
67	2438
413	3351
1402	4685
4537	5136
706	866
576	4635
309	1433
542	1444
3687	3853
307	3114
343	2434
1036	2002
2803	4399
1551	2361
7	4841
489	4113
192	339
1444	2687
1386	2818
3646	4918
2266	2946
2215	2939
127	3747
2449	4156
1727	4358
2774	4795
1151	2858
758	2181
1151	3236
2441	4040
2055	4872
1700	4433
1244	2618
7	4842
1487	3837
347	2709
1032	4814
1728	4144
1412	3328
1640	2173
1854	3713
3492	4775
2637	3837
1666	3272
1754	4775
1872	2569
339	1139
1728	2003
1338	5028
1553	4088
1666	3254
510	1553
2414	3488
214	3092
1302	3145
1884	4113
1640	3770
1741	2040
209	5159
247	2287
1215	2584
1215	4759
3343	5071
3056	4480
513	2221
2239	3807
797	4365
1386	3602
534	3568
444	5128
4040	4506
2902	4329
3770	4393
532	2397
1286	3222
551	1386
800	2013
117	4156
379	4105
855	2946
390	3948
476	1920
3770	4480
2923	4809
1460	3825
1113	3829
2040	4441
532	1301
2606	4603
2239	3952
4156	4908
884	1454
2946	3505
4615	4711
2166	4022
1999	3573
1422	1800
3565	4814
1063	1798
89	2013
364	1527
1898	2221
2334	3713
3351	4872
472	1430
1127	1847
1119	1272
1108	1151
1422	3932
7	1999
1549	4857
427	3684
1215	3110
4841	5085
1253	4103
1897	3380
269	273
1527	2374
2660	4151
2379	3153
1430	2934
574	4775
1286	2270
1948	4329
92	353
4105	4239
746	946
3631	4775
492	3175
1903	2718
330	2541
1377	3590
1422	2273
3574	5091
2650	3565
1260	1983
2694	4139
168	1884
65	1108
2234	4609
251	1338
2743	2884
1656	2840
3105	4386
1040	2850
33	343
4105	4548
1057	4775
230	2239
791	1628
1640	2273
1652	5096
2280	3352
2220	4770
4156	4898
1839	4381
224	4381
1151	2569
2302	4775
748	5146
1883	2176
3541	4759
92	5022
983	4730
1527	1621
2438	4784
2687	3439
2389	2964
1215	3399
2479	2672
7	489
67	4685
476	1642
221	4508
4113	5095
1638	2185
2731	4156
1625	3450
2660	2799
2852	3057
678	722
443	3840
3551	4512
3107	3321
1430	4624
3995	4033
2661	2850
2000	2406
731	1444
2338	3016
1444	4600
961	4526
88	5128
672	1113
3	3463
3429	4156
3389	3450
1339	2430
867	1527
578	2221
315	2476
3380	3649
3145	4033
881	3763
3444	4059
845	903
4156	4359
149	618
891	1469
2893	3827
1483	4119
1028	3735
2040	3451
1543	1563
1167	1583
1578	4441
67	3211
526	5040
307	2241
1537	4502
2438	4651
1553	3590
626	1430
1812	2912
2738	4775
2884	4207
643	1991
1527	3902
1755	2257
343	509
2003	3097
2273	2582
89	351
2293	3603
488	3056
3496	4609
3138	4651
822	3646
1151	4775
353	924
751	2774
3272	3496
3361	4386
2020	4106
1119	2347
1272	2273
2185	2531
652	2259
2334	3652
1996	3602
2065	2909
867	2102
413	3266
1883	4399
2199	2637
1527	2764
3939	4872
731	4156
877	1559
33	1599
1513	4694
1151	3114
3121	4326
324	3381
299	4480
2882	4627
1108	1215
2353	2951
2657	4027
1765	3450
1527	3974
3380	4222
379	1113
4040	4419
2871	4336
1477	4735
3056	3687
343	2989
7	3944
1553	1640
2562	2706
922	2606
923	3626
492	1444
1684	4105
1839	4985
2181	2850
258	2038
3907	4863
1806	5146
1806	2940
2940	3114
4775	5011
4113	4766
431	2308
4156	4642
1583	2374
928	1108
1117	2013
788	4152
2803	4111
1108	4600
1056	1128
1684	3198
111	340
92	4068
123	3590
121	4201
442	3860
3488	5149
798	4902
3157	3853
3163	4256
4156	4673
489	3853
2323	4605
222	5120
2185	4362
1422	2584
2438	4478
4156	5155
3987	4119
2476	4620
1958	2506
1666	2625
2672	3829
10	2615
2591	3888
2591	4603
1122	2172
1200	4156
3651	4105
4326	4480
2273	5053
316	1386
7	4386
706	4186
2438	2591
4815	5083
2350	2964
1549	3646
1958	2924
3222	4156
1108	4014
1833	4756
2221	3974
2266	2273
2864	2884
488	4443
4091	4508
1331	3564
2724	2967
1111	4280
260	489
2939	4399
3768	3829
2704	3807
3456	4170
961	2871
50	509
284	3100
1044	4361
1507	4328
2947	4156
2438	3987
79	1958
1727	2101
3111	5092
2270	4036
1202	4156
529	3853
4045	4419
854	4640
1292	1313
1966	3860
1446	4933
269	461
4399	4600
1331	2940
269	3080
3757	4870
2176	3907
3878	4018
602	3255
4033	4094
1425	1537
1727	3488
735	4478
230	4130
1491	5062
291	2882
2562	4036
89	851
1991	3074
4056	4789
2171	3827
529	1920
1474	3939
2526	4712
812	4259
585	2273
2476	3352
1710	2287
2011	4933
1036	1430
443	1527
1527	3850
3107	4105
1417	1867
114	1469
1680	4156
3303	4531
2124	4605
339	2775
544	4040
2177	2672
2841	3157
2221	4441
2181	2460
855	4480
1880	2820
2541	4380
1362	3204
3074	4105
961	2476
601	1331
1238	3920
670	3122
1844	4441
509	4268
4244	5095
1543	1726
1215	4480
3236	4105
1444	4178
4156	5113
1444	4540
2851	4091
1430	1930
14	2951
928	1068
2684	3057
2584	4156
797	2934
2079	4357
1527	4918
1006	4512
2940	3564
1151	2438
354	2181
1444	4053
347	4120
3797	4859
2187	3824
997	4336
156	709
299	924
2230	3248
735	1593
2047	3422
174	3943
2458	3470
1832	3352
3604	4156
3224	4156
1322	4105
3344	4201
1210	3792
1430	1883
1585	3046
67	222
22	1159
1328	4026
2550	3573
1674	2476
339	510
1883	4600
741	4156
1119	4391
3691	4224
1477	4189
1113	1424
2817	3273
2153	3907
513	3153
579	2334
299	3441
4600	5103
1454	2011
2047	3845
2179	4366
4139	4319
3147	4452
1248	1742
3006	3330
1980	2051
381	1513
1043	5120
142	3866
1578	4156
1444	3573
329	4329
1119	1533
3117	3602
2122	3343
2882	3745
710	1527
1527	2845
1444	1722
4014	4301
3145	3907
2265	4186
4789	4978
1480	4405
4152	4916
985	4905
1152	3521
788	5153
3853	4202
513	2650
4088	4943
195	4970
492	1268
4	1108
130	2765
928	1396
342	1789
71	4336
1723	1755
88	4787
866	943
1202	1444
3518	4357
1640	3505
14	260
92	1990
2273	2714
867	4113
1230	4603
2273	2795
3107	4640
2541	3009
4105	4475
3151	3211
2951	4775
2036	2591
1740	1750
837	3920
3100	4596
284	405
2606	3780
764	4326
2672	4130
192	2273
2531	3210
89	2526
1460	3692
1650	4360
1728	2239
3877	4042
1527	2273
1524	4097
1527	2506
928	4571
2257	2273
1527	3826
126	758
2865	4326
773	2829
4602	4646
4232	4775
1344	2273
1113	2166
2476	4416
1474	3907
174	2704
882	1828
1113	3272
119	2831
305	4156
1467	3848
4600	4651
351	551
1753	1803
4023	4825
2209	4674
616	4841
2419	4156
2438	2774
1215	3810
4508	4943
442	2013
1444	4734
3754	5146
746	792
1839	1898
1430	1527
3685	4004
975	5120
1597	4095
4795	4857
67	1380
1812	4156
1117	2185
1733	4156
1741	3565
4435	4565
1514	2615
1417	1527
1215	4510
1527	3328
1215	4442
618	1108
254	3711
532	4105
1018	4156
1083	4400
309	1966
1113	4775
28	4364
2246	4130
350	826
1527	3175
1906	3837
1444	2257
340	2048
855	4357
812	2747
2934	4430
2290	3390
2662	3380
149	3121
713	1527
1047	2120
3317	4175
1491	3944
1549	3581
1895	2438
1726	4189
1302	1883
1537	3565
416	4156
796	2606
751	4600
1871	4311
2817	5040
4000	4978
1139	4156
2714	3810
7	3310
472	5128
3559	4201
26	4651
510	2048
1585	2014
2531	3987
2334	3564
1113	2417
1883	4357
149	4395
1255	4057
3153	3565
4156	4232
1487	3385
746	1958
230	2530
2193	4082
272	4178
1253	3565
921	3484
3175	3344
269	3451
1726	1912
500	1840
1253	3381
710	3907
1991	2406
703	1085
1741	4051
2064	4809
1502	3352
812	1078
3931	4056
1625	5128
4088	4784
2438	4615
195	3604
14	4870
138	1119
894	4313
2724	4269
626	3326
2845	3175
2031	3760
947	1502
309	4156
1151	2951
3124	4059
4708	5083
2438	2924
1108	3752
1350	2958
866	3544
7	903
2720	4605
221	1215
3972	4684
309	3323
652	2738
2224	2449
2541	4097
1444	4357
2724	3269
4478	4526
89	822
2262	3213
2846	4043
529	3139
3210	3352
2438	2606
3036	4508
114	4482
2438	4712
4970	5068
3568	4787
1446	4365
2479	4775
1454	2241
1906	4156
3574	5085
1637	5040
444	5095
1045	1537
1215	4739
881	4635
1338	3091
574	2573
347	930
885	1878
403	1553
3520	3646
28	5136
2495	4364
3768	4342
3162	4775
2672	3114
3995	4091
1113	2361
374	1272
89	472
92	4436
135	2438
151	4156
3602	4540
1444	4863
2196	4775
343	4059
2438	4450
1086	2846
3376	4156
2541	3456
342	573
1151	4983
1113	4156
2573	4033
49	4876
3404	3496
800	1426
1883	4478
2589	4883
2711	4583
1006	4308
1510	4605
271	489
1593	1847
4308	5147
624	3981
2864	3972
2672	4319
4033	4053
130	4336
1444	1583
961	4620
499	1285
2241	2672
1316	3223
3623	3739
149	1215
3344	4496
2184	2690
2491	3401
3550	4105
33	4004
663	4615
1088	1255
1270	4405
192	4583
2404	2476
149	1527
1640	2775
488	611
2002	3602
1527	4060
1127	1433
2843	3541
1036	3674
2951	4022
1640	3907
348	4308
2199	5136
704	5064
1030	3953
2666	4156
373	3344
22	3484
872	1741
3543	4795
2687	3304
488	4775
3138	4326
2817	3288
284	800
599	3907
3810	4073
1377	1527
948	1108
1477	2181
2550	4949
773	4684
1215	2497
452	1422
262	3335
489	5120
652	1422
675	1305
2347	2818
922	4478
1727	3448
230	3351
488	3091
7	4583
1286	1444
3810	4097
142	602
4105	4471
2241	5064
4120	4841
809	1444
426	4763
413	2993
1491	2864
1108	1122
373	928
2438	4508
2722	3792
4069	4156
381	2460
2270	4784
14	4908
1959	2476
3527	4156
1088	2531
2672	3501
1424	1920
2877	3837
2221	2646
195	3747
3307	4848
18	500
1527	2347
1446	2438
579	3501
2569	4548
867	2246
2593	2913
1002	1412
2353	4022
652	965
1878	2893
999	3674
3231	3767
2718	4391
1313	5085
442	2185
1910	4417
3268	4014
18	3808
2618	3317
111	4091
4603	5154
855	3853
444	4113
2656	2909
417	3134
2582	4030
324	4640
579	2724
1444	1789
1446	2547
2562	4186
601	2011
2057	3810
2532	3670
230	4841
2014	5080
1527	4661
476	1871
2438	4609
224	811
2020	2909
1722	4064
1030	4368
2106	2259
417	921
2204	2560
67	4206
329	1527
2199	4748
2230	2582
50	3381
1444	1640
1537	2023
2410	4056
985	2858
3785	4156
673	2803
1564	5126
339	3573
10	2678
253	4103
509	2003
663	1726
393	5134
3981	4621
192	4739
221	4091
2672	4419
2013	4156
1422	2241
318	4775
67	5128
3701	4111
1640	4393
1533	5085
1430	3250
1256	2232
2541	3100
1872	2637
1331	3837
367	4201
149	5120
4156	4649
2591	3863
2582	3452
1006	3063
1527	2210
2379	3554
1377	4480
1331	5146
1477	4308
3739	5126
1281	2820
136	1537
4642	4644
2370	2837
1453	4601
1727	3687
1444	5062
2163	5136
2704	4144
465	5016
2626	3768
89	4827
664	3554
1623	4798
88	4336
800	4651
1751	4637
2438	3175
2628	4156
1151	4905
1740	4163
228	2051
1527	3678
2394	3236
3520	4156
88	1202
2843	4506
3056	4399
748	4201
1122	2708
89	2774
1527	1942
746	5062
89	3289
3091	4033
3063	4308
7	1728
5040	5043
885	4978
1313	3606
2775	4393
1674	5095
845	4706
2586	2687
2704	3451
1151	1422
1191	3272
3091	5108
96	4201
1108	3843
2156	4412
713	1444
2181	3414
3840	3920
1625	3615
860	1650
1527	3843
1524	4480
260	2353
758	2370
1807	2406
1338	4156
4332	4775
1955	4165
2438	4432
135	4040
4242	4775
1742	1883
4775	5071
3103	3565
1097	1527
1839	3107
890	2672
911	2204
1422	3152
1728	1946
2173	4863
65	343
89	1765
2449	4040
526	1037
3751	3768
1727	4711
2347	3646
1727	5149
500	1560
3754	4880
343	1953
930	1444
3231	4005
1553	2946
748	1093
3603	3944
1674	2404
2740	3852
2492	4537
354	4156
3036	3289
2370	3414
1271	1513
1859	3302
3646	4088
1570	4467
1122	4156
1462	4920
1215	4673
931	1313
245	4405
2912	3686
3147	3380
2769	3810
1108	4399
3974	4209
221	4399
601	928
238	4956
1444	3853
574	4872
1593	4526
1527	3317
195	3568
67	3848
88	2912
890	963
1728	4789
33	2552
928	3752
4156	4435
3864	5064
413	4301
119	4827
209	2646
4876	5128
2203	4674
413	1221
1113	1426
343	3543
3797	3840
3501	5062
2013	4775
1537	2829
2273	4113
2650	2850
4053	4940
1261	2672
786	4405
676	1549
664	3057
2947	4775
922	1742
252	617
417	1593
928	3866
2040	4941
946	2684
1727	3358
3236	4763
1640	3717
3093	4400
1553	2628
2763	3380
4848	4978
921	1453
168	1108
1270	2689
609	1215
654	5083
7	2329
1340	1636
3141	5043
2774	3766
2775	3441
4139	4814
3505	4091
1058	5108
1078	1936
154	5062
3414	4180
2175	4156
149	4156
1338	3344
2331	4105
4255	4329
2092	4656
460	2438
1537	3953
2051	4630
472	3907
229	1527
1710	4763
1872	2125
1726	2725
2845	4406
921	4601
3806	4105
663	1800
866	4836
673	5120
1215	4789
1549	2347
106	1993
1181	4040
2273	4712
2940	4880
928	3518
33	4448
339	4111
3191	4156
1871	2939
4358	5108
2335	4144
7	2232
1215	2924
1948	4619
551	1068
166	4105
2076	4308
997	5035
1863	3603
2266	3056
581	1844
1734	4718
2241	2924
2066	4478
1101	2327
2176	3939
4236	4880
923	1537
1724	3646
7	3757
1527	3121
343	3105
2555	4038
1151	1454
89	2266
925	1549
1710	2190
773	1225
4119	4156
221	4863
618	4326
1728	4775
855	3686
1533	2704
2676	4105
1722	1867
65	5120
1215	2410
339	343
4943	5079
2438	3943
800	1430
855	3056
1883	5091
2625	3797
1386	2479
1560	4670
442	1117
1108	2547
1444	1527
22	4175
4033	4784
7	3941
1722	3709
4156	4502
2310	2934
324	4156
1368	3943
2939	3939
452	3944
855	4651
2912	4943
3157	4480
1537	3907
272	1270
2732	3920
1732	1891
513	1253
1085	4795
1356	2934
2993	4478
2593	3779
3006	3056
221	1034
4201	4708
357	5035
452	1003
340	2946
149	443
108	1444
2479	4467
3581	4156
1444	2327
1726	2589
4357	4480
2002	2555
269	4238
4026	5020
2858	4114
193	1727
2803	4600
1412	4004
2508	4241
2917	4603
1883	4156
1113	4474
1444	4673
2224	4711
1878	3957
4475	4876
174	2166
1655	2406
1512	1527
2066	2934
867	3201
917	2882
202	251
272	911
923	5062
4045	4508
1980	4315
2946	4480
1068	3057
2938	4380
1396	2002
1680	2273
1150	4156
2246	4156
541	2538
3380	4809
7	3292
1585	1912
152	229
1113	1527
551	3044
985	3488
1512	3328
2738	4056
2522	3557
1477	1667
2334	3935
1937	3044
1003	1291
3201	4326
2193	2406
89	4336
2704	5149
4113	5034
4053	4795
270	2438
3496	3573
50	1203
585	2290
1635	3201
174	4002
476	3757
1936	4156
4880	5146
930	1454
174	3488
1108	4905
1527	2380
2666	2934
253	2687
2781	4105
2311	2335
192	743
4656	4944
1726	2417
2458	3380
948	3369
1724	5095
1058	3091
551	4478
1429	1912
1640	4088
79	1417
1444	3231
4789	4809
1067	4301
1871	3853
476	3724
1462	4609
930	3488
294	4386
4001	4156
2230	3175
917	3623
2438	4364
4053	4943
4110	4156
1952	4156
4113	4496
788	4508
1422	2917
1152	2262
930	4448
1377	4624
1726	2963
917	1637
1583	3941
812	4559
202	2716
1883	4045
229	1113
126	4105
1030	4151
3770	3995
192	4286
614	4234
1647	1942
307	2940
1006	4605
617	1867
339	3505
1710	3565
3864	5073
1101	4621
2005	2882
2940	3754
329	1537
26	1883
809	1727
343	4949
2013	3484
1267	4978
2246	2379
670	3635
1444	3145
2359	3488
2625	5095
284	3853
2904	4467
2555	3646
1553	3995
339	1722
444	1549
784	1549
64	1710
3581	3646
1215	1331
2230	2739
79	866
2447	3422
1640	4033
1617	1695
1537	2197
1113	1652
513	1493
18	2823
501	2982
812	4315
987	4105
1386	3380
3425	4156
2939	4784
1364	4775
1215	1446
1006	2720
2230	4734
921	2013
788	4393
33	930
272	4775
2102	3995
2265	3711
149	751
2661	3288
632	3855
1897	2492
2801	5146
300	4960
248	1215
1527	4624
23	4105
56	57
1577	3534
393	1598
18	1002
2775	4940
1912	4646
1742	3330
1527	3602
2479	2778
1710	2072
1593	4111
1044	3141
1108	2130
798	2871
404	3974
1598	3198
1491	2321
6	4156
4850	5134
3810	4435
1215	2993
3817	4315
1636	1953
2962	4156
1451	2929
3215	3864
1151	4651
354	1020
3121	5113
526	1215
3713	4395
4095	4815
1444	4949
92	3307
1862	4156
192	1260
151	1884
1684	4467
1333	1740
114	2641
2374	2852
25	3581
740	4775
1058	4053
2541	3843
3340	4386
510	4480
2689	4105
1720	3724
2221	4814
1553	4393
1527	4463
1527	2841
427	3962
364	3484
1527	2266
130	1527
238	3422
1527	1583
4094	4775
2456	4163
1583	4045
3441	4508
931	5080
2811	4635
2851	3441
230	1933
174	961
1751	2291
3114	3505
3201	3770
50	4180
1955	3920
1032	3107
2379	3426
1396	2541
230	3649
442	4787
1167	2447
3153	3344
510	4045
33	2940
1527	1966
4364	4685
3705	4739
67	3962
1543	4364
1527	2864
3100	3175
1593	4478
393	3198
3458	4480
819	1834
3713	4841
339	3289
342	393
501	4944
788	4326
2864	5120
946	3057
3114	3754
67	492
2541	3168
339	3121
3114	3151
272	1537
1537	4255
492	3943
1839	2593
1202	2270
2334	2547
4105	4267
1617	3646
917	2573
1991	3414
1113	4705
2934	4130
1878	4201
272	1667
823	1496
417	4152
1553	4784
1108	2687
92	390
510	4508
799	3354
413	2569
1625	4156
3501	4419
460	4152
809	4056
1063	4405
2370	3488
3735	3823
3887	5064
1283	2492
3	4315
4023	4360
1722	2672
1119	4646
1068	1119
2353	4870
1666	2882
1710	2135
42	2661
3573	4727
3603	4042
89	2661
501	3254
2946	3717
2246	2515
1444	2666
1726	3829
2946	4091
673	3539
25	462
2795	4045
25	2310
4526	5064
2068	3412
903	1958
488	4030
2465	3606
411	3102
4770	4825
111	2048
1117	1248
1973	4940
1127	4152
3426	3685
1524	3006
3006	4674
1936	2051
2951	4908
751	1058
2495	2852
1958	2904
3198	3742
673	3513
534	2736
343	3703
343	2002
1454	5062
1377	4508
489	1108
3860	4787
2606	3709
1537	4042
3361	4941
1460	4545
373	4001
2628	3770
2569	3713
164	604
22	3612
284	462
4130	4770
347	3541
3568	4735
2434	4144
2675	4097
1462	4186
1560	4156
1113	1667
291	1732
1057	3855
2435	3829
417	4364
1430	3939
1911	4988
1966	4004
1477	1527
928	3157
3201	4033
2102	4508
2174	5146
525	1527
3565	5083
3352	4445
551	4662
43	1833
2555	3321
1335	4775
1253	2040
171	4209
4105	4808
2051	4259
1878	2555
3810	4474
1036	2726
866	2181
4156	5068
3439	3768
404	2625
924	3602
343	3496
3399	4004
891	2541
663	2625
1638	4577
1331	5064
1895	3376
3160	4165
2710	4105
2230	5120
4033	4876
2479	3307
3344	4651
323	1509
2395	4960
912	4036
1527	2317
1417	3840
2761	4105
2547	4789
266	661
343	3864
4040	4943
3687	4600
339	4863
671	2951
1460	1532
1151	2584
1127	1800
1930	2726
2057	4342
2308	3884
2287	4156
746	2379
245	2704
1897	3488
339	2273
1215	5080
2438	4600
4349	4660
427	4670
3250	4775
2615	4670
921	1710
3121	4827
784	1527
2970	3051
1168	2818
3939	4033
1537	1912
2799	3602
111	4480
2811	3646
340	3376
2547	3943
2374	2938
2048	4399
1128	2989
1127	3198
3724	4001
1462	4905
924	2714
742	4775
855	4872
1202	2102
2199	3786
3952	4170
1740	4198
746	1262
92	742
1491	2555
67	4368
938	4605
673	1509
1727	2169
126	4798
374	4144
1165	1952
1527	4241
1662	4364
1705	2643
4789	5064
238	2661
269	1741
2064	2547
323	3175
2273	3231
1662	2684
1537	1597
2940	4432
149	4091
1422	2212
2172	5062
142	2625
1666	4442
17	1527
1527	2479
1657	4308
683	3328
270	488
1524	4651
1269	1549
476	4202
1527	2465
1117	4787
731	4033
2520	4307
3837	5078
1621	2460
896	1215
3760	4931
1628	3176
3581	4845
896	4478
2026	4156
2774	3201
1867	3717
2672	4040
2339	3270
2934	3317
254	975
152	4156
195	443
2048	3670
3907	4943
4113	4594
2938	3808
1640	3995
1617	2273
1871	5140
1524	2939
2239	2434
2209	3685
414	1549
1032	4441
1867	5120
7	5103
3121	4088
1437	4105
975	3646
3995	4827
609	2177
1527	4056
247	4809
1272	1617
4033	4088
2011	2506
725	2569
1444	4784
53	4360
272	3434
22	3501
1145	2379
270	997
3866	4088
309	3198
1417	3687
1953	2817
1800	4603
251	2946
3501	4040
758	1914
1215	4609
1897	4012
4053	4508
209	581
1750	3974
2479	3786
751	2775
3840	4087
2404	4662
89	2871
2116	3056
1640	2176
1527	1642
1581	3972
1569	4105
272	2942
1455	2434
92	130
804	2661
1028	5120
3253	4156
1113	1764
1826	2460
751	3496
214	2660
2909	5079
3121	4784
2122	2840
476	3289
2530	2967
2347	5085
709	5062
517	4759
1313	3127
3452	4931
510	2946
1684	1710
2547	4002
1273	1818
673	3450
3328	4189
3739	4201
2625	3047
151	3131
151	4850
1727	4097
476	3091
1108	2203
3866	3939
1454	4905
347	4970
3380	3501
1215	1510
921	1598
964	5068
284	4502
2637	4236
2864	3201
925	1150
748	1906
3141	4156
1215	4637
67	1267
142	2290
2125	5108
1151	1430
1741	2557
1043	1215
65	2495
1454	3439
192	3735
488	1093
1117	4976
2246	3458
4156	4734
4014	4478
2394	2438
2273	2476
3590	3770
1593	2890
2051	5062
42	3642
114	2690
254	2706
1113	2769
3757	4022
751	4202
1313	1599
2002	3829
1272	3124
1871	1920
2266	4014
1734	2002
4619	4663
985	1722
67	1068
221	443
88	2615
1474	3121
272	4005
1726	1938
253	2555
3876	4916
1527	2530
4532	4795
1147	4674
221	339
2569	3501
797	2882
3701	4358
2177	4045
2166	2199
2940	4146
1382	4956
2850	3636
1215	1583
1422	1549
2660	3162
1553	3201
854	3451
581	2850
166	2460
2176	2270
1422	4876
1130	3044
1840	3962
3492	4326
1440	1485
174	4245
1151	2177
3357	4775
1152	2456
3687	5003
1543	1727
1750	4308
3711	4186
111	221
2013	2185
4670	4970
2438	4840
1095	1374
88	2871
1276	3272
2310	4400
1331	4064
3343	4170
2672	4646
758	1898
2864	3574
184	1422
3939	4480
725	4156
4111	4775
3057	5062
1948	4620
1662	3057
4441	5159
17	2338
2460	2546
1636	1800
2687	4496
1088	1710
3092	3224
652	963
2858	3488
1889	2199
1737	2204
1108	3980
3754	4560
3817	4244
2334	3385
612	1943
1215	1422
1085	1549
810	4441
2012	4156
1122	3317
443	2079
111	510
89	2531
1666	4238
2177	4156
2799	3114
802	4156
780	3859
3939	5091
946	1382
1313	3301
2817	4250
3414	4105
4615	4712
114	1355
683	4872
1202	3121
2460	3361
861	2704
3328	4848
2048	4033
735	2287
704	2940
92	2406
2209	2801
3668	5028
3837	4236
2651	4156
2114	3488
1527	4178
2295	3825
1108	4139
4033	4674
3141	3496
2311	4775
1527	3668
1973	4443
136	1017
1449	3792
1248	3860
2438	4601
271	3343
3343	3808
1108	2573
903	5011
350	3539
1906	3004
2904	4156
1215	4106
2884	3117
252	1774
2555	4987
1377	1640
1512	2938
3860	4083
851	4156
3343	4268
272	1695
2290	2347
98	468
1108	1741
1895	4156
4059	4528
163	4105
1454	1983
3496	4727
1953	4615
2877	3754
2460	4121
930	4908
4036	4156
1215	4841
114	343
3907	4473
3518	3853
1248	5035
1734	3677
2547	4584
269	425
4201	5091
1528	3114
510	529
1045	4033
599	2105
4130	4775
705	3236
1063	2625
1527	2769
1527	3387
28	3757
2159	3224
861	1455
2064	4336
1283	4151
153	1537
1585	2273
130	1079
230	3069
7	851
1377	2048
2013	4908
1527	2014
3114	4091
1474	4600
273	581
2727	3768
3829	4673
1151	4395
3107	4139
3488	4902
343	3705
652	4395
1560	3426
4186	4609
1485	2938
3352	4156
443	3754
1215	2738
956	2983
85	4156
3352	4956
1727	2934
1577	3826
67	162
1884	3742
661	2687
2106	2582
1006	2962
567	4201
162	4165
272	3704
1034	1424
3995	4508
1454	3631
1775	4583
2526	4478
1524	4943
2989	3272
1727	1903
1948	2562
443	460
3568	3649
416	1113
4045	4091
3853	5128
3035	3351
3435	3674
921	4759
221	1871
2166	4170
881	2811
1215	4113
2922	4042
985	3385
3153	3884
7	963
643	3426
2837	3107
2361	4198
1044	3852
1444	4960
4315	4559
1453	3853
1261	3734
417	4821
2643	4118
67	1480
88	5040
548	4448
1457	2934
3669	4254
4473	4508
3747	5113
921	964
2166	2557
3207	4409
525	4156
1625	1948
1215	2456
1655	3747
1629	4775
43	948
640	737
1629	2193
1454	3385
130	2591
2273	3124
92	4059
1953	2584
664	2952
928	3404
2541	2763
2555	2557
3501	3887
321	2229
2939	4863
354	2323
323	3539
2172	4943
2922	3272
510	3376
4105	4178
3121	3939
2389	3751
1212	2661
1585	3156
4156	4841
2011	3573
2339	2800
2202	4042
510	2079
1966	2934
309	1953
33	3672
364	546
3156	5080
1085	3646
2438	3853
2863	3690
269	4046
7	3484
2246	4399
2569	5062
3114	5078
359	1642
706	3974
1032	1741
4046	4105
920	2582
271	2606
2800	3825
1333	3974
788	1527
1186	3111
238	1983
632	4064
1305	2040
366	452
1871	4876
3907	4357
541	2573
3422	3545
1286	4156
192	4644
1933	4960
2625	4097
1527	1532
1175	2852
3573	5120
89	3006
96	2625
35	1897
1147	4646
284	4113
3962	4110
1491	4156
130	509
2522	2934
1202	3687
3344	4863
343	4880
997	4956
2102	2389
4311	4412
340	4091
2246	3344
4259	4559
2887	5140
1331	3501
309	1491
573	1159
1151	2912
121	4165
3866	5153
3107	3319
22	2438
2877	2940
272	2410
241	4207
4066	4775
510	4827
4460	4670
1313	5096
1040	2540
347	4976
2531	2884
2011	3957
2395	2430
1491	5083
3541	4970
3105	3972
114	2586
476	3685
1433	1636
177	1483
1949	4241
88	3705
3564	5064
130	1537
1750	4077
2709	3338
1215	3602
997	3453
713	3747
1040	1328
742	1313
1144	3231
1171	3141
307	601
2021	3317
164	1078
89	4113
1215	2531
1527	4540
617	4206
854	1527
4082	4775
269	1527
2210	4775
1983	3804
2203	2541
7	2209
2569	4156
867	4876
1175	4156
2967	5032
3404	5107
3056	4378
2273	5094
238	5085
1108	3573
230	3462
999	1705
2036	3918
2940	4236
1883	3709
254	4186
2341	4270
66	2204
2573	4596
1215	3369
2273	3850
443	4202
114	199
3685	4600
130	4045
1453	3754
3114	3248
2555	4170
4645	4960
722	4560
460	2840
911	5096
444	4841
2156	3270
209	1014
664	2515
2940	4097
149	2851
374	1215
1585	2465
866	3230
581	4441
534	4841
3744	3840
2300	4156
1527	1983
4	2438
2241	2637
2020	4156
2370	4201
4601	5154
2185	4057
343	1667
3590	4827
58	1636
782	1462
1422	3795
452	2438
1119	2273
273	1040
329	3739
809	2569
4202	5128
1117	3860
4105	5118
4045	4480
413	965
1034	4872
343	1800
1326	2625
311	3725
912	4105
2922	4775
2273	4949
1527	4207
2176	3866
28	1215
2593	2876
1338	3590
1444	2105
1444	1635
2938	4083
252	1527
1036	5084
393	5068
1333	1432
1085	2406
2273	4091
911	3677
1113	2904
1430	2013
1454	3837
788	1313
2726	3369
3251	3344
2055	3840
2265	5140
4000	4105
2174	2940
746	3685
1741	2374
2002	3444
1454	2852
89	1444
88	3677
1049	1828
4469	4532
1527	1680
3035	4898
273	4814
1723	3864
3896	4391
759	1527
284	1549
2013	3369
4707	4800
1430	3351
11	3695
1884	5134
1202	4357
339	4480
2246	3866
1430	3687
329	2199
696	1727
2270	3907
299	2803
1147	1617
3160	3285
393	4406
153	2287
33	2241
1640	4480
35	4201
1537	3358
364	1215
3091	4156
3704	4308
2273	2841
364	3272
89	3157
357	2438
2079	3853
318	901
4395	4818
25	4206
614	2395
713	4775
67	1674
1147	2339
1983	2765
1684	1884
1527	2514
3638	3780
3941	4154
2803	4053
3211	3270
340	1527
2951	3713
2079	2951
7	1429
1710	4170
2555	4206
88	89
2624	3272
2361	3226
1444	2560
3121	3590
2414	3953
1377	2232
3760	4091
1722	4419
1474	2176
1020	5061
1444	4202
266	4349
1723	3151
2882	4544
1775	2361
652	4151
2313	4850
3198	3957
3953	4368
393	1684
1680	2803
2684	3685
3840	4097
1119	1527
2438	4860
3323	3518
1444	2530
1710	1859
3471	3943
254	855
925	4120
413	3962
1527	2130
1281	4775
4775	5095
1872	4560
2241	3837
664	3426
788	2530
273	1064
3810	4254
2341	5042
274	3340
3995	5079
855	3330
643	2379
1215	1340
1474	3687
1444	3995
1215	2076
202	1316
58	2310
2157	4059
1710	4351
1533	2273
1531	4406
2395	2774
1527	2404
1422	3877
1454	2530
2130	5090
877	1674
1386	2743
151	5095
2204	2404
443	1270
1750	4156
1430	4324
1430	1449
913	3399
842	2273
1152	3213
1202	3751
3946	4502
2704	3943
470	4077
1085	3747
28	4368
1583	2130
1215	3687
2438	4954
3224	4177
3070	4156
4123	4831
943	2181
1119	1396
866	901
2119	2934
364	773
2105	4478
903	2311
526	1840
2334	3010
177	2310
1871	3477
7	1560
1474	4480
1741	5161
509	3612
1313	5062
309	4711
2912	4053
510	3995
3703	4860
443	1108
1583	4898
2353	4908
397	4125
389	2031
489	4156
1422	2593
1305	5028
860	1800
33	2341
1371	2438
855	4621
3825	4206
92	2555
117	1527
735	4399
3704	4156
312	3581
22	1454
1128	2586
230	2421
673	3962
696	3193
88	2661
89	2177
2724	4649
3837	4560
920	5042
4876	5140
4880	5078
928	1871
3486	4156
3770	4508
1667	3377
961	1444
272	3962
2775	5153
4076	4405
3780	4775
2174	3114
731	867
451	1852
1313	4729
4646	4729
2939	3907
294	4435
33	2700
2153	4600
3703	4105
1151	4152
1248	4763
1818	2690
1270	1444
1527	2902
2709	4647
1897	4559
142	3496
1741	4941
33	664
2013	4970
2435	5062
1291	4077
162	4206
3554	3685
2882	5028
149	1640
222	4014
673	2308
2845	4156
866	4867
56	1382
92	2417
3496	3955
4905	4916
2459	4798
1955	4450
4480	4784
532	3122
1732	1753
1620	4209
1444	3946
58	500
4674	4863
1477	1740
885	3966
704	4156
2522	3760
855	4600
1460	3742
1553	2102
2882	3808
1527	4695
329	4308
3581	4619
4970	5043
2389	4433
1139	4863
519	1064
924	1422
181	2159
273	1632
2459	3587
1273	4105
89	3987
936	2562
2593	3539
3435	3848
3056	5079
1215	4711
541	1228
340	3590
1444	4156
735	4393
1723	3114
1844	3422
1032	2661
224	2459
667	866
2560	4662
1331	2801
11	2171
1474	4033
1198	2279
1256	3547
444	1113
329	2913
663	1953
2273	2537
1914	3107
1553	4156
2660	3672
3880	4526
33	5153
251	4943
2438	2526
3786	4269
2858	4840
7	4594
1058	1122
983	2593
2230	2370
2344	5002
2406	2438
151	3424
3114	4064
3114	3837
800	4775
7	922
3810	4178
164	4156
2940	4560
579	2569
1883	2582
633	4417
149	1871
269	2273
3210	4301
2199	3227
2176	2939
2270	4600
663	4156
130	2625
966	2202
1119	1313
551	2438
2940	5120
416	3848
1042	2796
2615	3674
3343	4443
3344	3810
2823	4329
1139	4943
3289	5108
3204	3424
2114	2334
405	2593
417	3344
1454	1946
7	4156
2438	3866
1734	2864
251	4393
1847	2584
1549	3117
89	5003
489	602
224	1914
1871	2775
2310	2334
162	1880
2224	2438
1912	2014
3635	4036
3010	4789
343	673
1198	1867
89	4712
403	1444
492	1430
1165	3551
541	672
1938	4621
2174	5062
742	1422
3604	4954
3496	4630
151	4151
3747	4187
1933	2438
411	2273
2438	3672
2946	3995
1872	3564
1447	1527
492	4406
1726	4945
1078	2051
3323	4245
1674	4987
975	4775
3097	4023
1215	4908
537	2460
1085	1983
4201	5126
5083	5091
4088	4113
1336	4775
2184	4775
1537	4210
748	3114
2270	3687
4018	4163
2946	3376
2204	2476
25	2738
2347	2864
1722	4916
1215	4042
1139	3995
324	2850
1800	1854
1765	2555
2775	4473
149	476
1396	2743
3754	5078
343	1028
1806	3114
381	1844
881	3646
822	3488
1710	4775
121	4040
3564	3864
1946	4789
2555	4097
3859	4845
2334	3114
1444	1666
1549	5053
222	4091
1527	3057
347	1710
1983	3810
180	1537
300	4820
1377	3121
2547	4468
3866	4326
3987	4586
1569	3810
1667	2993
903	4105
2257	3687
664	3685
2938	3072
3289	4053
1932	5153
3920	5091
3757	4001
1382	1527
9	3603
89	1722
165	4156
901	1839
218	1430
1685	4880
618	4473
2438	3344
1808	3734
153	4361
788	3056
574	2555
269	2661
2582	4872
4419	4943
272	3390
1215	4318
88	5011
1955	4156
3175	5120
65	2952
2153	4480
4399	4827
1244	4069
1165	1549
1338	3866
4091	4827
1151	4841
1680	4480
993	4105
67	2240
2615	4970
1527	3505
2725	4621
316	903
3204	3606
354	1513
1068	2515
509	3414
4236	5146
788	1524
1402	2361
2410	4857
1969	4156
492	1527
733	2763
229	3027
1844	3224
130	2656
2177	3907
1313	1527
1537	3797
529	3441
3426	4105
1132	2541
272	370
417	1884
4003	4775
323	819
517	3860
2308	3451
269	1844
611	5140
1774	5053
1405	3646
3685	4395
551	1269
618	1286
1034	4111
4605	4662
946	1983
3361	3807
663	1636
3426	3554
1215	1409
1444	2774
2097	4156
2321	4577
1453	3860
492	4156
343	2370
1113	3537
1444	1553
476	4156
272	5136
1151	1722
1705	3974
3330	3402
1938	2363
4170	5042
2057	3352
1948	5083
1553	3770
49	2313
230	3450
7	2241
351	1577
309	912
529	4053
529	3505
2166	2334
114	737
2846	3439
427	3705
2486	4770
92	2166
2796	5136
758	2837
3704	4209
164	4259
329	1863
1914	2181
354	3544
2076	2962
7	2002
1444	2481
1333	3603
751	1108
3054	5083
2438	4200
2014	3156
1727	2234
1113	1933
4201	4336
4201	4452
492	4101
208	652
3943	4095
1433	4615
510	3866
581	3422
2002	2625
4105	4175
299	4326
488	1491
168	452
1527	3152
1678	2694
3456	4156
1020	4877
1598	3742
2438	4053
1806	2174
2851	3426
1215	2781
309	1847
1980	3782
2934	3139
3565	4775
3114	4508
1422	5066
1537	4034
1333	4918
1527	2005
1402	5095
560	4024
1710	2013
3121	4399
673	809
1640	3573
1215	2743
1444	4712
1145	5095
2311	3344
704	4105
4859	4940
2079	3771
1937	4170
2266	5088
2934	4539
2775	4156
911	4073
885	4362
1215	3323
3301	5080
7	1108
4301	4355
1477	3603
930	2013
1867	4156
1093	5078
1938	4156
452	4605
127	2871
1527	2947
1871	3289
462	2273
2241	4763
241	4949
4368	5143
58	2273
1584	2011
1269	5095
1667	3797
1215	4584
3597	4201
2686	4401
943	2593
551	1042
907	1444
2858	3564
152	983
1159	4406
300	4508
1800	2584
1789	2230
1362	2479
2532	3603
1331	2241
758	3107
351	822
4544	4872
95	3004
2506	2726
1430	2434
272	4457
2153	5113
2185	2716
1914	2370
866	4308
911	3201
2048	4480
1553	2270
1444	1895
4156	5043
25	1895
166	4831
121	1565
393	452
1487	4560
3866	4480
354	901
209	1328
3691	4795
2495	2714
339	2661
209	4441
532	4212
269	1988
1444	4859
2338	4435
3825	5107
2031	2438
152	1527
506	4156
7	946
1952	1991
3953	4775
3426	3780
978	3974
4111	4473
1636	1847
2031	3351
1457	3210
797	2001
1202	4478
1430	4478
1122	3724
1113	3636
1709	3675
4053	4827
1357	4156
92	2199
1259	3707
1774	4467
1113	2298
780	4156
1543	1734
2177	3863
513	1167
1014	1064
3056	3757
417	4462
735	3590
3866	4827
3091	3477
896	907
2185	5120
1666	2541
7	1402
3864	5078
673	800
2185	4120
4041	4637
3911	4775
1527	2350
3034	4111
1168	3344
2153	4033
601	1723
2003	3952
4113	5128
3477	4940
1006	4408
1527	4142
443	5128
266	3477
4526	5028
1527	4954
1840	3685
4059	5120
1322	4656
633	2951
411	1527
92	3739
4081	4156
799	3272
928	3201
3564	5146
269	5159
2318	2569
1444	4841
643	2515
1152	1958
1286	1338
452	4386
1034	3036
1149	2438
1722	3100
1542	1543
2273	3486
193	4077
1834	2479
727	3646
4091	4399
1667	4532
22	3093
579	3486
2852	3685
4326	4600
1474	1524
717	3724
88	3404
1871	2547
3939	4784
192	2038
1437	3380
4386	4435
529	1912
11	4298
3298	4156
2404	2438
7	4868
517	1036
6	1527
4494	5159
1537	1948
347	2476
1127	2224
928	4056
89	4600
3047	3920
1723	4236
3701	3943
1028	4795
1422	3380
444	2270
4351	4775
897	4201
2244	4775
476	529
1333	4156
2185	4301
4156	5117
579	2215
2011	4905
1920	4156
101	4401
272	3507
3153	3426
102	397
4373	4531
664	1662
4156	5059
1215	3547
1039	4405
3351	4577
2291	3231
788	4156
2181	4798
2435	3810
529	4156
2625	4640
907	1417
1333	4189
171	1527
1058	4859
1260	2818
903	3105
1301	2476
3705	5120
1906	3114
1871	3724
476	3505
2569	2940
101	3943
1108	1533
1042	3623
1215	4949
1996	2230
946	3153
1215	5062
269	4318
2811	3344
529	1720
4386	4565
190	3451
3863	4916
1911	4939
4863	5113
2273	2628
838	4156
67	789
3907	4326
614	2438
667	3704
26	2153
997	4281
1076	2704
2048	3121
4111	4670
1113	4729
2934	2938
866	3463
890	1396
3451	3824
1527	2690
1037	1840
855	3939
271	1113
1191	4308
3513	3539
1722	4784
1640	2438
3863	4152
1119	1617
1872	2672
4642	4795
609	1422
7	2273
1884	5043
3107	3153
5	632
646	673
180	1667
3145	3939
1844	3063
224	2181
654	1527
1453	3941
2438	3705
3365	4256
2864	3955
3354	5020
92	4089
911	4670
2438	4027
1430	3646
1047	2370
2404	4605
2153	4357
789	4416
1064	4814
3687	3866
247	2273
774	3328
4361	5038
1322	1898
3724	5108
101	4883
2628	4091
4346	4770
4156	4216
1214	4105
96	2893
443	2775
2204	3426
1593	4314
4341	4775
343	2811
1078	1980
1430	3866
1426	1549
1628	4684
1910	2643
309	2438
342	1893
42	370
1666	2456
269	3107
2562	3102
3344	5062
1871	4089
2273	2514
2036	3888
60	4156
3114	5050
1527	2476
4156	4787
731	4670
2438	3435
1147	1527
1532	2273
1444	4324
214	733
3782	4058
1468	1636
947	4156
2938	4201
489	1527
1377	4399
3981	4156
800	1527
751	3907
357	4956
247	3361
1331	2672
1067	2531
154	2852
221	4053
1726	2070
1920	4940
3426	3646
2708	4775
89	3939
114	4654
1549	4475
2026	4463
472	3939
2775	5140
2596	4156
381	2456
928	3541
1734	2704
2273	2350
1800	4615
1444	4033
2962	3361
1477	4170
1680	4091
3354	4189
271	1867
413	2884
855	4784
1871	4053
3866	4399
1537	2902
1973	3358
4406	5134
2689	3439
3853	4863
3864	4763
959	3326
284	2455
1444	4941
1151	3840
4480	4827
2199	3529
272	976
3056	4033
1444	1446
925	3920
343	1191
1040	4441
740	1527
1524	2177
3677	5128
2646	5159
291	699
1394	2166
3204	4478
789	5140
529	4943
519	2221
272	948
1313	4863
359	4110
4066	4156
3328	4532
1042	2193
4841	5136
3437	5061
985	3426
1260	1993
2334	2940
307	1331
427	2615
1789	4110
2438	4040
3920	4775
3034	4045
3427	4677
299	1202
4156	4324
3907	4784
4201	4362
1043	2230
1215	1599
151	3752
2932	4105
517	5043
3138	4399
576	4156
343	5078
855	5113
1617	5085
2048	2946
2106	3646
1215	2204
413	3889
1527	3344
92	2840
3941	4860
2884	4845
2262	3107
1371	3501
2209	3754
3754	5068
2177	4784
1920	3091
92	4077
2850	4026
3854	4091
111	1377
881	2450
4156	4860
1549	5147
667	1350
2246	3713
2273	3810
88	2270
1215	4772
1362	4775
2569	3439
2541	2610
23	2221
2939	4088
4024	4156
1430	1999
4452	5035
1871	3036
413	4340
460	3573
2648	3581
1272	2215
3492	3935
924	1532
94	1446
1903	4189
1203	1839
444	1991
574	2166
2519	3686
1839	2181
2479	3351
1952	4200
1215	3859
948	1553
1044	1460
3692	4156
1032	1328
5064	5146
3823	4775
1422	2070
1946	3317
928	2011
4053	4859
1078	3782
3039	3471
1705	3380
1590	4620
4217	4775
1429	3768
831	2361
1202	1474
2273	2818
2014	2347
2939	4600
339	4508
2818	3602
1453	3705
1244	1859
2224	4601
2273	3423
1079	4077
3471	4478
1215	3321
1527	1789
2716	4970
488	574
339	618
4018	4502
1430	1526
1313	1480
218	3646
490	2682
2541	4364
3501	4064
214	4476
2221	2305
2615	4460
2417	2904
664	1958
230	2279
3829	4201
2823	3581
413	4267
2837	4798
4163	4775
2081	4105
2724	3444
2166	3559
551	1113
89	4301
4601	4603
1374	2796
2076	4831
492	1215
2912	4361
52	4328
67	2606
2882	3902
1430	2823
1527	4059
89	3626
4949	5120
1273	2268
339	3357
1037	2031
1444	3866
2270	4357
2775	4091
1562	2334
3289	4859
1276	2460
2934	4707
1068	2884
342	1159
3612	4156
4820	5049
2655	4105
703	1444
3426	4841
1444	2946
2928	2934
353	3629
2573	3032
199	210
2850	3103
318	4156
2696	4156
2193	4004
3687	3939
2850	3451
1537	3189
1666	2023
2079	3121
837	4576
1444	1867
1938	2003
4156	4255
3853	4600
1444	3880
1077	1593
3837	5120
2801	3754
1139	3505
2722	3211
43	4756
1215	3551
251	2909
1736	4531
2506	2660
2021	2124
2882	4708
3077	4172
675	2893
1524	2951
2231	2345
3854	4202
2438	4711
3590	4508
2338	3381
2079	4775
1430	4712
3417	5108
339	1871
3351	4775
3863	4059
2232	3547
2033	4800
1119	1270
3606	5080
1938	2239
1878	5091
2265	2706
157	1636
92	5079
295	4621
2492	5082
581	4026
1127	4615
2051	4244
1386	3352
1727	4473
3072	4005
2212	4478
3006	4088
877	2166
751	4850
154	1108
476	1034
1597	3687
42	1710
2013	4364
529	3642
2709	4775
2428	4156
2107	3646
101	1151
4033	4863
2479	5148
4328	4417
1215	3813
3484	4364
4798	4985
618	4395
673	1527
2176	5113
2125	3406
1527	3163
1151	3492
2241	2569
1412	4789
1147	3486
1727	4775
2569	2672
1527	1912
2486	3354
92	3004
1045	4156
2323	4775
33	2656
3689	4201
3682	4329
5043	5068
277	2775
3198	5068
3920	4207
2092	3414
1662	2495
1430	3056
801	961
7	1313
529	2775
1842	4648
1039	3735
149	2273
2241	3754
43	3389
1331	3385
2434	4377
1560	2438
1313	3486
618	2177
1017	4152
1705	4012
1430	3163
2691	4437
1527	2743
3361	4565
696	1549
3952	4144
347	5154
4584	4820
364	3424
1215	4357
1215	2884
65	1454
339	3114
2370	3701
1980	2747
3056	4433
1446	3328
1444	4480
4023	4156
3307	4386
1872	5146
1215	1912
1081	4395
1867	3204
3685	3760
3204	4978
2531	4586
347	3612
530	3941
2882	3853
3066	4978
997	2871
2092	4180
1872	3114
1430	1878
2689	2882
89	2331
954	2863
810	4121
2097	2508
2643	4328
1313	3871
209	4814
1678	3370
2726	3553
148	866
1667	3304
2021	3018
1726	4101
1191	5120
22	1371
930	959
1444	2775
797	2893
1377	3770
192	4156
1430	5084
1867	2784
1430	1549
4201	4615
33	3488
3702	4091
2799	3581
1527	2057
3780	4766
1062	3827
510	4202
4156	4940
3273	4391
1474	3056
1113	1636
1593	4201
101	354
1527	3162
2743	3380
891	1293
899	5050
1549	3691
3227	4820
933	4391
2799	5062
823	4978
3376	4324
142	5062
2913	3779
2273	4508
2268	4482
4156	5064
35	2438
1093	4236
2460	2712
4478	4640
4156	4200
1108	3754
269	1040
1002	3488
1722	3496
867	4130
983	4797
1430	2625
2273	5033
964	3957
329	2159
1221	4770
1971	3931
3829	4056
462	1422
1726	2829
3866	4053
354	1082
703	4395
581	2460
1988	2230
1526	2013
2232	3251
1430	3093
7	2379
509	3307
618	2775
230	2745
3770	4827
492	2438
1507	3636
532	595
2438	4949
1640	3496
443	3941
4556	4809
260	1215
581	1064
1847	4156
1122	4644
3906	4362
1991	4826
663	1127
3810	4045
2438	4480
2102	4033
855	4156
2120	3376
609	3201
4156	4586
1533	4775
3505	4508
2114	4170
3486	4646
230	1705
1454	4630
2625	3829
2840	4040
230	4795
2684	2852
1581	2929
2404	4620
1335	4077
153	4775
413	2526
2775	4480
339	599
71	4795
4088	4863
599	2347
673	4594
2908	3953
1839	4656
4452	4786
1430	3907
300	1215
1444	3829
4077	4170
1527	4850
1062	3828
2224	4603
142	4775
3907	3995
3546	4105
22	452
1255	2716
1058	1585
788	3501
842	1527
2079	3496
4775	4850
1108	3626
223	1430
1474	3145
2105	4091
1057	1657
3853	4357
2704	3450
2036	2177
1338	2775
1202	4480
4077	4795
551	3211
1444	2438
1966	3456
1806	2801
108	1727
2726	3321
579	2882
102	4156
1444	2803
1302	3687
1992	2541
2541	3848
789	5107
1990	2199
1204	1660
601	1108
1292	1991
7	3604
2379	4113
3907	4775
1215	4004
3830	4156
2290	3032
1537	4156
114	2273
4207	4841
1796	4775
4674	5091
2858	4763
3036	4053
1313	2014
1422	4699
1067	4368
1313	1625
1483	2531
3995	4156
4139	4944
4960	5120
3343	3701
509	5095
911	1444
652	3601
2625	3069
822	5011
529	1034
266	2021
1938	4144
928	2438
2724	3189
1933	2177
4863	5120
549	4156
1430	3441
2714	3602
3488	4988
1542	4216
581	2268
1844	2221
1527	3841
2273	4775
652	2877
1272	1527
2672	3249
4357	4784
3176	3646
910	2909
704	1946
2661	3565
2460	3603
1685	3837
2893	3559
1897	2406
1623	2181
1531	4519
1898	2837
442	4976
214	3534
1113	3623
551	4648
1078	4559
3513	4870
2829	4795
427	4111
3725	4474
4053	5083
2055	2882
343	489
841	3585
529	5108
1684	5134
1215	1883
1722	4088
1426	4478
2584	4603
3115	4156
1732	3981
1560	2031
887	1078
1710	2350
1028	1335
1028	1727
823	4156
786	4970
541	3142
4565	5082
3451	3545
1814	2872
546	1959
138	2625
3823	4789
58	3360
4113	4365
1859	4069
451	4001
3138	4600
3414	4656
1844	3107
2070	2625
1215	3953
1963	3952
353	3451
460	2803
89	5128
380	635
1139	3121
1203	3107
921	4787
92	230
2023	3351
4056	4301
2379	2515
751	4508
397	1186
2273	2737
91	2031
4441	5161
1617	5080
1228	4105
2541	3323
1386	2864
822	2438
7	616
476	3853
2002	2934
3056	3201
79	4105
3685	4858
2215	2234
1113	1599
1840	2031
4091	4480
3840	4156
50	4381
3376	4399
877	4635
1108	2410
1667	2899
123	2013
309	4603
1422	4603
1147	2818
1727	5113
248	442
2701	3105
164	2051
4105	5095
7	1171
2946	3866
2036	4478
3866	4600
529	3724
114	3361
526	1560
2181	3565
2181	2837
2533	2704
1353	3962
476	4859
3853	4784
1270	1553
351	1269
4094	4916
416	884
1275	2691
1872	3665
3121	4480
2119	4775
311	773
1117	1710
933	3352
1524	1774
722	4775
2704	3236
2939	5128
1565	5021
3768	5083
510	3121
3414	3885
1088	2185
3496	4863
343	2185
3344	4364
7	3114
1620	4476
4603	5088
92	2026
247	1527
3501	4821
1710	4798
1491	2434
1110	4956
4156	4876
340	4399
2102	4480
3114	3944
414	2793
2379	5095
1446	4795
822	1269
529	4264
1113	1422
2775	4818
236	1444
92	1286
2438	4841
925	3944
2900	4027
3631	4905
2311	4059
1570	4156
25	3841
924	4139
1593	3204
2031	4054
43	2048
895	1480
92	162
4156	4739
149	3590
1477	4163
2882	4201
3151	4236
149	4859
123	2962
946	3426
1705	2457
877	1537
324	4831
4152	4311
238	3175
2438	2946
1454	3138
1920	4053
3882	4775
1267	4151
373	2858
1444	1680
2803	3330
1215	4601
149	4033
272	1476
896	2476
2871	3404
1453	2013
2199	4308
4156	4244
3340	4809
1666	1727
1215	2951
343	2241
601	1906
4105	4858
273	2221
1884	4406
2048	3866
4163	4198
1537	4512
2447	3399
1215	3435
510	3114
2176	4651
1491	3843
1549	4526
2569	5064
1215	2023
3204	4775
3138	4357
2508	5016
1751	2196
460	3854
130	4775
1483	3987
546	4695
2438	4956
492	2230
1844	3451
1584	1941
2363	3145
1527	2329
1474	3138
963	3317
2350	4056
4046	4872
983	3361
96	652
2438	2704
3590	4480
3175	4364
89	4014
149	2048
2934	4584
2105	2114
3351	5148
1444	4860
1593	2007
1966	4770
3082	3962
1531	3688
1396	3810
221	4202
1202	3201
1331	1685
269	1167
1642	1933
2234	2662
3672	4113
2704	5118
1293	4201
2334	3907
476	3477
7	901
25	3352
2660	4027
3615	4156
224	1839
1656	1946
673	3102
1753	2156
3486	4644
881	1003
1795	2729
270	2370
3103	4318
3139	4775
18	1430
748	1454
1789	1983
444	855
822	1113
652	3672
1487	5064
3201	4088
2185	4787
1202	2177
1034	4508
2404	4254
736	1215
4046	4279
480	3684
22	417
2803	3907
1377	3866
4073	4651
1936	4200
1424	3488
1159	4543
271	2555
2831	5011
1248	2273
652	3717
2850	5156
4156	4602
3513	4775
123	4646
2230	4059
130	4872
923	3810
4091	4583
2562	4156
43	1430
3380	4519
1444	2818
5	4018
602	1502
4156	4386
4478	4712
1003	3547
262	3437
440	4821
3121	3505
241	4560
192	1286
855	3445
1248	1625
4053	4480
4097	4478
652	913
3581	3974
3361	4435
2241	4560
1044	3825
999	4775
149	4473
1291	3734
633	4036
635	2404
2241	2940
3069	4391
2438	4399
299	3907
1455	2341
809	1527
424	1215
798	2591
1734	3447
452	1159
3757	4859
1017	1871
2967	4077
2841	4775
1444	2591
476	5108
2259	2290
1474	2270
921	3541
3581	4222
1720	3866
2287	3361
452	3380
1144	1283
2625	5120
1409	3114
2625	4711
1996	3390
3057	3739
2270	3939
1585	3344
676	2479
2102	2775
2555	2913
1215	4695
3770	3866
1357	2273
1215	4083
1215	2266
1936	4315
4508	4859
1527	4708
560	5002
501	1914
10	4156
1553	4943
3590	3866
579	3142
1270	4845
1215	2526
4691	5099
611	4670
269	1253
3980	5082
1660	3451
309	5040
135	1533
1444	3687
2230	3151
1527	1533
26	2438
788	1474
722	2555
114	2093
3663	3884
1422	3663
4301	4823
2438	4960
748	2241
1006	2250
2047	5156
149	2438
472	2939
2718	5034
890	1444
2273	3606
271	4201
7	4319
149	2079
3669	4156
230	1543
3153	4105
1215	4712
1328	2661
1440	3853
3138	4674
1444	2526
4113	4954
404	4156
1983	2704
164	4559
2197	3380
4201	4670
2850	5099
1113	1742
7	4105
4036	4615
221	4827
2604	4105
4156	4301
67	822
1454	4983
343	2329
731	3995
901	2181
1444	3069
2203	4860
1030	2555
1145	2515
551	1724
3441	3496
221	2048
418	4060
2212	4156
2775	3121
4156	4916
2934	4564
3960	5099
2156	2169
3488	4888
618	4508
4156	4633
89	2070
2562	3962
3248	5155
1422	4144
2904	2924
1338	2582
42	4156
4646	5085
164	4200
1338	1635
4001	4859
1537	2652
2210	5149
3145	4357
1559	2724
2893	4156
4165	4645
952	1867
1577	4177
3387	3687
89	1454
2560	4156
1726	5091
759	3646
3289	3757
1491	2456
812	1980
670	1283
2166	4268
488	489
855	1430
2946	5113
2582	4151
89	2185
297	4360
3551	4005
3982	4105
2526	2573
733	4583
529	1058
3545	4212
272	3739
3010	4030
3757	3853
1728	2386
985	5146
541	2066
3	2687
154	1667
2980	4156
1637	2444
3100	4336
230	4705
901	4113
3939	4097
1117	4088
501	2181
284	4002
1422	2026
393	1159
1623	4105
1174	1215
1215	4055
1932	3424
3351	3365
417	1625
1898	4698
89	965
530	2601
1710	2722
2484	4156
106	4540
1313	5080
3448	4105
1159	2625
3059	3519
2273	4056
3380	4463
2731	4872
1338	3952
3426	4474
3866	4091
1537	3687
1527	3866
1710	2066
2803	4784
1727	4395
3224	3826
1444	4342
7	488
2989	4315
1014	1040
1820	4156
4105	4789
1524	5128
89	1255
731	2153
3859	4583
3380	4825
2057	3768
3351	4201
3505	4399
1983	3859
4113	4156
2555	3944
1032	2850
3659	3807
1996	2884
1108	3070
1559	2450
3817	4156
788	4916
542	3163
671	1527
11	3827
241	3581
1527	2687
2048	3376
1666	1941
2799	3663
3219	4105
4036	5154
2395	4478
3687	3724
2799	3107
444	4775
1724	3380
3301	3810
3939	4156
2241	5120
2076	3361
517	3843
149	1444
1422	3000
1640	3955
2775	4111
4268	4775
735	5033
1726	2353
1171	1460
1883	4651
1215	4395
985	3424
2347	4956
2055	3380
788	2273
71	4362
3829	4775
3603	4775
1942	5062
2290	3004
2625	2725
2589	4775
2176	4357
3010	5128
788	4045
67	294
1108	4326
168	4543
911	3581
1938	3272
3705	4540
791	2438
1430	2497
88	2479
108	2882
3551	4841
3301	3344
928	1037
1590	4619
452	3198
2887	5096
2204	4349
1527	4339
342	3742
4795	4872
948	1036
3860	4759
611	4156
1215	4670
2882	3399
2775	3757
1338	4324
2562	4460
618	4876
477	3226
151	4119
652	2526
3635	4156
4156	4250
2193	3399
1722	2079
2526	4201
3866	3995
3848	3955
3272	4170
1422	2924
1884	2584
4290	4775
825	4156
1883	3145
340	1377
3768	4340
3036	3091
1527	3451
1113	4089
706	823
659	4105
1527	3829
3	171
890	2273
1527	5117
4081	4775
3840	5011
3864	4236
529	3289
925	3343
1527	1821
2625	2947
3307	3952
2051	4315
3102	3857
1527	4482
147	2947
4105	4465
546	4700
1043	4105
1444	3344
1527	1617
489	1113
3056	3145
1412	4735
1705	2238
153	4362
1108	5084
240	2273
509	4180
1667	2114
2890	4478
347	1117
2040	3554
1969	2938
311	1628
513	2047
2230	4902
4018	4130
3097	4594
3293	4775
3236	3564
1946	2840
2347	4156
1108	4202
1117	4156
1710	2801
1822	2586
2153	2939
1460	1617
643	946
4382	4766
2951	3853
846	2541
1422	4095
956	4261
2246	3121
3354	3974
4111	5113
1952	3782
2646	3565
151	1402
1371	1527
2775	3505
2410	2829
2102	4784
2166	4128
1553	4399
853	1412
2188	3810
2026	4789
2048	3590
924	2884
339	2079
192	831
841	4970
1537	2327
1710	4654
4841	5153
896	1593
867	3939
2804	3568
4156	4419
2625	4544
2648	4809
347	921
230	3952
4860	5128
4841	4868
2625	3102
601	3837
3399	4082
652	1006
4480	4863
123	1215
1444	2038
50	4101
2704	3471
2526	2696
788	1202
248	393
1044	3496
1839	4699
1553	2438
4915	5156
1724	2541
4156	4281
1108	4113
1726	3714
2273	4960
1454	2637
4088	4674
517	2864
7	4956
43	3680
1699	5082
3685	4876
1522	4156
1422	3273
3932	4775
362	1629
342	4406
947	3330
2239	4955
3524	4156
541	4443
3574	4186
3713	4419
3404	3811
3354	4156
541	4940
1139	2946
1527	4340
221	3907
1912	3301
269	5099
1487	2940
343	1034
211	5083
2476	3955
1710	3859
339	1527
1248	2185
1377	3995
1181	2137
4156	5120
837	4014
946	2495
1491	3880
3698	4918
1727	4916
149	3573
1549	4201
3780	4156
1549	2526
1487	3864
2370	4111
143	2334
2259	2726
3344	4635
353	4308
1532	4097
18	3351
209	269
2177	2438
1750	4170
1537	1933
343	1151
2230	3805
4113	4868
2786	4775
2273	3866
3153	3685
2704	3230
4042	4436
886	2066
452	1754
1787	4880
1215	3966
1008	2438
983	4594
1215	3907
632	4502
1444	2947
2547	3957
2515	3153
3308	3539
1806	4114
1002	1728
2803	3853
1322	2370
3192	3752
1495	4156
735	4105
1270	1598
1527	3723
4053	4111
1527	4435
2241	3501
1108	4088
917	4351
751	3757
704	3114
2625	2837
2837	4944
162	4586
1444	4772
2706	3445
3590	4091
2404	3016
2450	2811
299	4345
811	4105
1532	2818
4105	4616
2173	2270
2456	4123
1699	3361
2989	5120
1527	3587
273	513
4916	5062
748	3004
3563	4106
704	1371
1341	3768
1996	4841
3439	3810
2169	4311
1422	4430
92	5037
500	3435
396	4156
260	2951
91	4156
1527	2739
663	2584
2946	3590
804	1527
3685	3713
1485	3304
2530	3754
87	4156
3133	4496
151	1527
1798	4786
1202	3590
2158	4775
1996	3581
1527	3574
388	3470
2709	2803
1119	5120
248	3962
1527	1577
1055	3272
492	4364
4121	4510
1283	3690
75	1064
89	1338
841	4245
1108	2379
3038	4156
601	3189
1167	3028
3877	4266
1487	4880
962	1215
273	1253
151	3957
3249	3840
2217	4409
1906	3344
654	4329
2656	3236
348	1111
67	1396
1767	4562
1527	2382
1215	4940
4637	4775
952	3935
2038	2438
3687	5091
3047	5037
2871	4478
3160	3781
1871	4480
2171	4156
758	1203
501	1322
1680	2031
362	4005
294	3581
1883	3685
1338	4480
2438	4105
611	1741
2435	3105
792	2188
2247	4232
4091	4202
2153	4863
1884	3105
903	4841
1872	2940
153	673
1453	2438
1144	2459
3030	4105
4775	4876
1444	1667
4416	5107
1151	3646
797	2938
1215	3970
2942	5159
3837	3864
911	2273
1728	4045
6	5062
3222	4405
921	930
1128	4315
50	1839
1662	1958
1108	2209
1168	1667
300	2273
3955	4863
3840	4544
4023	4814
354	2250
2502	3488
1430	3352
1667	3537
114	624
1312	4905
1063	1313
1261	3344
2724	3462
266	2204
2729	4872
272	1272
3124	3201
928	1741
1430	3231
3702	4142
3175	4645
2912	3471
617	1446
4033	5108
866	4401
2625	5064
4118	4328
1396	4156
1674	2882
343	4954
1527	2280
855	2939
88	5140
1460	2273
1139	1553
272	3131
1292	2014
1454	1527
2159	2913
552	618
3272	5042
1685	3114
2048	4156
788	3590
1559	4775
2287	2962
1432	4198
1276	4775
3121	4053
3423	4156
985	4368
1248	1341
2221	4026
797	4391
3686	4156
67	884
3036	3757
2479	2689
1127	2584
1215	4883
667	4867
3177	4156
1268	3308
921	5134
1527	2674
1871	3492
1822	3827
3853	4088
269	1340
88	4601
3273	5120
946	3859
551	2871
476	4619
1215	4729
1533	1617
1527	4023
228	4867
43	1930
2845	2924
343	3573
1422	4775
343	2940
353	2199
1553	4827
3323	3848
618	1377
111	3423
928	2130
1444	2102
899	4313
33	4279
1454	3685
2661	3534
1932	2169
2548	4364
2803	4091
1424	2492
924	983
1750	4163
1834	2308
601	1487
1933	4033
1215	1529
2967	4307
460	4329
2716	4057
3377	4920
1270	4931
618	3931
1167	5061
1828	2582
1680	4045
1581	3980
2273	5080
2882	4170
1322	3414
2582	2877
3962	4908
374	3739
581	1212
2550	5062
1433	1537
407	4156
2153	3145
89	254
670	4308
2273	3474
1043	4349
2737	4775
71	177
1113	4908
912	4603
89	3705
579	1215
791	3805
1983	4104
2438	3423
2438	4537
1859	2618
33	3404
50	1991
408	4156
3887	4064
92	3623
1017	1932
4097	4600
3114	3496
1215	2673
1215	2257
3705	4475
1533	4644
35	4956
1215	2591
3735	5007
3484	3810
903	3328
1038	1551
574	2882
221	1139
4023	4512
22	1800
3751	4156
1322	4798
2311	2796
4708	5088
699	1462
4033	4943
259	4419
1028	2547
1432	1477
3351	4450
311	791
472	4651
1884	3957
3354	3972
1834	2406
3351	3380
343	3273
4	3724
601	2589
422	3557
2747	4058
154	643
269	3103
1640	3853
4156	4559
3047	4872
7	2801
3056	4943
230	2934
884	2518
272	2703
164	812
656	3568
1878	4105
1454	4391
925	2230
119	4186
873	3044
3426	4766
1468	4789
168	2904
351	3226
1483	3344
788	4091
1893	4156
2021	3278
656	3074
733	1583
18	3559
1527	4646
28	1108
1108	1454
2273	2924
1666	2212
459	3724
1906	4236
311	1313
1818	2097
751	2803
1549	1840
3156	3606
7	2803
1272	3204
2660	4841
26	4433
3853	5108
2241	2801
1891	3304
704	2582
92	2434
1800	1953
1215	4340
3686	5011
1958	2246
4825	4858
3381	5037
2763	3810
1167	2308
3876	4850
884	5140
837	4821
2625	3559
2476	3091
2845	4364
963	4178
1946	3709
3601	4621
903	913
2793	4156
541	933
2693	4412
703	4857
1412	1449
3707	4157
3354	4775
1983	4395
2864	4170
3573	5128
1491	4621
2531	4119
230	2438
1938	4139
3590	3939
2002	3352
831	2884
3480	4156
2210	2273
4775	4790
961	2877
910	1753
221	1377
1444	4326
791	3166
4156	4823
1593	2353
7	1263
1020	2460
4361	4721
1512	1955
1912	3156
928	2203
1972	3239
2373	4155
343	1119
329	3603
3105	5120
489	1272
2655	4872
1655	4956
251	2105
2625	3920
3554	4198
3236	4156
3227	4156
3121	3770
1044	3488
4393	4863
1549	4038
1593	2625
2040	2460
1378	3853
3631	5062
1056	3665
3138	4630
248	1710
867	3145
3754	4152
1344	1527
1432	4018
2017	2257
3142	3663
513	5156
928	1560
16	963
921	3612
2102	3853
88	3201
978	3272
1036	4506
1338	3034
4119	4544
609	4933
788	1377
2694	3581
1313	2465
3685	4419
35	488
184	4156
601	4859
1727	5011
1215	4245
1270	4391
472	4033
2438	3860
2199	3739
1186	4125
1844	4177
1524	5034
3484	4478
1537	3107
2268	4156
910	5021
2654	4789
2174	3344
416	653
1533	1727
2079	4508
4026	4814
1215	4863
1943	3107
618	1871
2438	4395
18	1028
2166	4976
2706	3735
488	1867
2820	3952
7	4057
2379	3685
2846	4012
2438	4030
617	1510
223	272
42	4941
1527	5029
300	1667
1750	2893
3939	4326
725	3426
3138	4863
4940	5108
114	1444
1871	2105
3122	4877
2166	5051
1113	1724
704	3713
1662	2379
7	4896
2582	4368
224	1203
127	881
2818	3975
3236	4114
2775	3941
2438	5040
4600	4860
3293	3747
1527	3534
1713	3168
2177	4432
1883	4480
221	2438
2404	4949
2863	4770
4027	5107
2909	3568
1527	2610
2212	2938
1058	3724
3406	3837
33	3837
670	1597
764	1549
3488	3563
804	1444
2804	4105
2795	4033
1551	3380
1662	3780
1477	2273
67	5140
2438	3995
3810	4244
354	5061
1871	4775
1444	4757
2240	3331
2332	2882
3690	5028
1936	3782
4480	4508
1527	3496
1272	4644
1377	2946
4156	5079
1833	3970
1108	3657
251	2102
2046	2064
3270	4311
1749	3863
1884	5062
2204	4660
1444	4364
299	4863
92	271
3725	4405
1215	2476
1514	1710
2547	4775
22	1495
7	4772
224	2370
529	3995
2762	3581
867	4863
1113	4540
1542	1867
2606	4379
114	4156
618	3724
1958	2273
788	4827
258	2615
526	3674
1020	4831
979	3344
1774	3488
1883	3939
353	1077
885	4361
1215	4694
3474	4399
2801	3114
855	4091
2404	2555
111	3995
788	3321
3590	4393
4478	4908
2199	2417
2865	4033
549	551
2840	4841
983	2273
643	3780
4386	4902
238	2199
804	2438
1202	2176
1527	2196
488	3853
2774	3492
3114	4236
2007	3970
529	4863
632	1750
272	3931
7	1871
1507	3107
773	1705
2584	4152
2946	4399
1502	3255
759	2882
1412	2406
3121	4943
1549	2922
2060	4156
3782	4559
1753	2068
1867	3272
4097	4775
359	2562
1527	1709
1549	4004
3501	5064
922	3810
751	1202
3590	4624
2438	3907
1293	4409
96	1727
1640	3056
1647	4170
1170	2474
4198	4775
725	3501
2002	3581
3866	4863
92	4705
209	831
1454	3864
1919	2327
3939	4863
1119	4151
788	3853
964	2526
601	3114
2963	4118
796	1774
1787	3344
7	1454
1527	2023
2625	4642
3893	4105
92	1775
1727	4130
221	3441
43	152
746	3153
3490	4978
3557	4872
611	5083
3361	4176
1460	4368
1563	2818
664	3780
404	4735
1527	5155
136	4471
920	2341
339	4399
2518	4685
3590	3995
1620	2221
1996	2013
33	4236
343	492
2171	3695
1684	3488
1454	4916
2176	4480
3056	3138
1753	4651
443	1722
684	5074
192	3602
1151	5120
2573	3439
1867	1999
3445	4436
2105	4399
1537	2202
2817	3038
4775	5107
1037	3105
3646	3691
1017	4311
452	2199
601	2637
1898	2882
3376	4480
1617	2347
867	3685
151	891
3907	4202
2890	3207
2934	4177
153	3513
1454	4152
1483	3114
309	1127
819	2967
922	2193
2417	3739
2051	3782
1215	2313
71	2406
4105	4217
2939	4674
299	4943
3530	4775
311	2722
925	4435
2704	4095
383	2460
33	3424
3376	3590
1304	4635
1680	3114
1202	3145
2962	4955
2708	2912
7	4478
1034	1920
364	837
1064	3565
513	2240
4156	4757
2406	4902
1527	2246
1215	2890
2718	5146
2476	2967
1883	3138
653	2657
1202	2775
1871	2861
221	2775
1067	1867
2460	4123
1043	2555
1897	3354
1108	4154
751	4156
2353	2938
254	706
1778	2904
4194	5140
3204	4602
1524	4156
3573	4045
673	1272
1202	4399
1444	1532
867	2273
1513	4998
228	3117
3939	4094
1446	4033
472	2803
343	975
324	3581
499	4156
3855	4502
2747	4259
1028	1527
2625	4627
3426	4826
39	4775
1374	3302
3734	4361
1286	2102
1527	5068
1543	2157
791	1598
873	2350
1600	4228
4645	4872
1302	4156
1863	1897
1871	4940
1108	3863
3674	4763
123	2743
477	5140
2221	3565
1272	2703
751	4053
253	748
3121	4156
1932	4412
2963	4775
309	663
33	1685
340	1215
1108	2952
3488	4815
4045	4399
14	1215
611	3439
3852	4717
2531	4301
478	1543
269	817
1378	3935
2900	4876
2131	4156
3602	4170
3724	4943
3435	3646
374	2479
2077	2329
1726	4544
7	1088
1710	1937
2181	2593
1527	2120
1946	2438
2406	2479
67	3426
33	569
1841	2804
946	1068
272	2904
1322	3670
111	4399
171	1444
403	2438
7	1058
1814	4156
89	5011
260	4908
2803	3006
2704	4002
1270	2628
1168	3810
151	1272
1396	3857
339	2946
3138	4480
3056	3330
3739	4110
2002	2188
2840	4178
1458	3962
3860	4301
2551	3102
3153	4176
2185	2847
1003	4635
3380	4362
1455	1741
2479	3955
339	3496
1527	4772
452	4395
269	3636
1034	5128
1338	4077
92	2858
1444	3971
143	579
3488	3837
925	1705
501	758
192	2177
214	3224
354	1283
1983	2852
3797	3896
1980	4058
89	2438
4033	4201
3492	4202
3458	4156
2185	4970
2637	2940
565	1981
1117	4908
4685	4763
2637	4407
2569	3139
436	2762
1331	1806
569	681
1215	2215
1044	3377
2934	3507
222	3435
2672	3357
2386	4775
1636	2817
1549	2203
860	3876
2531	4544
284	3881
2569	3692
1705	4775
3114	5064
3488	4616
3724	4859
3305	4156
2884	5083
1955	3074
2661	4814
4600	4674
28	1113
192	946
903	2038
1914	2837
1911	2266
347	4759
2775	3724
2939	3121
635	2459
1983	3685
343	3810
2040	2221
3953	4301
684	2273
3107	3884
3808	4201
3782	4200
4301	4357
287	617
149	4827
3623	4120
111	2199
192	581
1037	1560
2893	4364
2526	4045
1091	1215
3492	4600
532	1839
2199	3488
2438	3602
2615	3962
230	1753
4036	4603
684	2262
1432	1750
1215	4452
3982	4642
2065	5021
788	1553
393	1800
272	4113
773	4789
855	3687
1358	1417
4405	4712
4619	4620
294	4565
4156	4663
1833	1930
620	4863
339	2438
928	3304
832	2703
614	2606
526	3705
1215	3792
1108	1551
1313	3709
500	2031
1198	2934
2793	3962
1077	1727
3175	4170
4329	4708
2105	4111
737	4201
1727	3853
1527	4399
890	1003
339	3995
1839	4944
131	2404
3903	4156
549	1083
2002	2273
925	4594
1642	4202
4113	4757
373	1108
258	2519
4091	4111
2625	4105
343	3829
3056	4088
1310	4400
476	1058
269	4242
174	2185
551	4848
149	1377
1524	3687
452	4030
653	2811
975	4867
3606	4646
1047	1113
4156	4766
2079	4863
1210	4156
1507	2942
1599	2273
71	2547
192	3966
1938	2884
1446	4202
2975	5140
88	4014
343	3931
1650	4283
1240	3160
548	791
2177	2803
930	2185
2374	4941
1215	3474
1814	2197
3757	5120
35	3747
912	2591
4094	4480
209	2850
1108	3006
1396	3352
1151	1806
2707	4156
329	1283
601	3864
782	2232
269	383
3414	4798
273	3107
2434	2904
513	4105
2456	3361
3157	4156
299	4399
318	1527
667	1973
867	4033
1377	3376
343	4863
544	5080
1666	4594
930	1117
632	3635
985	4114
1969	2334
2586	4241
28	1667
339	1377
1417	2066
4033	4480
3853	4201
1433	2584
228	1736
221	788
230	506
3324	4405
678	1422
465	3745
1291	4097
2023	3102
3907	4033
343	3685
5071	5120
1737	4349
2852	4395
1331	4560
1431	4156
735	1640
1920	3036
3853	4859
2241	5078
764	1821
2495	3602
2012	2861
3687	4033
2946	4156
1422	3162
3659	4955
3623	4848
788	3505
323	3308
3687	4357
3768	4400
248	964
3121	4508
1642	2438
272	2474
1549	1878
717	2738
1422	1527
1937	4105
2173	3939
3138	4033
2492	4012
541	2557
1064	2221
2455	4105
2438	4113
579	4644
517	948
2273	3175
924	1455
1429	3957
7	1071
3860	4125
3723	4059
442	1794
954	1283
887	1936
731	2031
1667	1867
92	4467
1085	3142
713	2884
4156	4784
4156	4161
452	4809
2514	4775
1270	1483
2438	3918
581	5020
1386	3810
94	4326
620	1108
2555	2727
1371	4016
3768	4170
3557	4201
1161	1215
25	3175
999	4809
1666	2438
1108	3518
510	1527
266	1295
3954	4602
1430	1524
2270	2795
1215	1584
2712	4831
2547	2704
3581	3907
1477	4270
1108	1734
1215	2725
2887	3904
548	2013
963	2002
799	2704
544	4156
3074	3501
43	2795
3912	4201
416	5140
404	4163
3853	4543
1139	3590
2760	4775
4357	5128
601	2174
365	574
1662	2625
1912	4729
192	2714
1108	2153
2246	2946
967	2541
88	2438
1271	1301
4180	4381
3853	4045
3114	3677
347	2438
3488	4559
1549	3539
299	1883
373	3380
2939	5034
2775	5108
18	3590
1527	5085
238	513
4395	4775
2666	4452
2273	2690
2273	2769
1491	4872
1844	3763
1740	4156
1350	1958
1999	3496
2840	3501
1527	4960
673	1834
2877	3114
3646	3709
4064	4419
1253	1305
1058	3289
2031	4301
3340	3380
2079	3866
2012	4097
2310	2573
71	4003
4775	5116
1560	4368
230	3054
1037	3705
1042	2865
4088	4600
2939	3056
1444	4399
573	1248
925	1215
168	573
501	5099
309	1800
3426	3754
1058	1444
517	5049
2013	4301
1119	1462
153	2247
1517	4814
1248	1480
1527	2582
2332	4775
342	1684
1751	4156
1215	4870
965	3646
2546	4831
1204	3361
4105	4203
1113	3904
978	4883
3204	5095
1527	3486
451	5003
2938	3689
2909	5021
3724	4508
574	4242
2555	4708
1151	1893
477	3686
2545	4315
347	2404
2361	2884
2591	4711
1628	2438
1108	3757
1527	3250
248	1453
3581	4789
3944	4045
811	5161
2370	3490
1422	3307
2555	3075
1085	3176
181	4156
1727	2202
1524	3939
2479	4106
2414	3669
987	4531
4508	4711
3505	4033
92	466
1331	4156
2060	3344
1722	4033
4	1833
877	1988
149	4863
3344	4156
643	3685
3939	4600
123	2021
297	4023
2660	5062
1215	1946
253	1215
119	823
2404	2560
1313	2215
3380	3488
3330	4053
1202	4033
1446	4478
1371	4105
727	4201
1617	4151
2495	3780
2438	4670
7	1085
2063	2262
89	1215
4053	4378
664	735
4301	4336
4073	4113
2174	2334
2962	4308
2775	4943
3907	4674
4156	4227
1996	2273
2230	5094
1422	2224
3063	5061
1444	2476
67	3705
2951	4870
1912	3070
3884	4814
4241	5016
1119	1460
1871	3323
4775	4945
374	2311
930	4787
2416	4042
2382	4478
1215	3590
509	1322
2246	4943
164	2747
2097	4677
3114	4146
444	4978
1444	3456
192	1800
3757	4267
92	3343
2438	2840
2221	5156
3201	3685
266	4156
2450	4635
611	3752
661	4201
1537	2338
1356	3604
963	2361
1225	2020
2840	5120
1322	1678
411	1585
599	1527
1000	4526
4361	4775
746	1149
1680	3590
5062	5095
1108	2718
3853	4674
343	2038
1734	2904
241	3860
2615	5120
1617	2775
1430	4256
804	2704
3474	4480
1983	2379
2625	2829
16	617
1623	1839
2013	4976
299	4784
611	4073
1036	1833
357	4336
181	2593
1871	3445
1742	1878
1270	4960
343	3114
1108	3138
1684	4406
773	930
501	4656
50	758
1527	2116
1695	2273
2240	4206
1883	5113
3646	5051
1527	4151
4053	4784
65	4156
4163	4537
190	3361
901	1914
152	272
393	573
2515	3057
1537	1750
1202	1722
1451	3273
800	3450
1302	2153
866	3063
2864	4949
2460	2661
3107	3565
2438	2939
1043	2438
339	460
4583	4858
49	552
1056	1872
529	2628
3581	5146
1025	3272
837	1275
1537	4097
1191	1527
579	2829
885	1593
111	788
1635	4040
1891	3981
254	3323
7	5095
3344	3484
1884	5068
2850	4814
975	1983
2262	2356
2865	2939
791	2406
1215	4406
3943	4358
1215	2036
826	3308
1710	4465
2555	3204
1113	1842
123	1527
1058	4001
3840	4870
1676	4775
1215	3343
3829	4329
1310	4775
272	2625
574	4201
1064	2262
890	2818
28	3175
1113	5042
928	930
1527	3995
799	2486
2031	4763
684	4156
3248	4182
896	5091
796	1727
4156	4831
1144	4156
67	88
2438	4734
111	1113
3866	3907
2536	2887
2526	4526
1844	2040
130	946
260	2361
1454	4419
2911	4156
1044	1171
4770	4899
2270	2946
1895	4399
1871	5120
209	3974
2865	3623
1884	5040
1371	1911
501	2092
1113	2994
1636	4603
123	731
4053	4091
4156	4277
2909	4827
1821	4156
2687	4073
1527	2660
3554	5090
343	2924
670	1422
1742	3739
4601	5007
1532	2884
2040	4814
111	1553
1867	3672
2457	4156
2379	3859
1527	1867
1140	3785
3351	4400
230	3920
2909	3995
2882	3944
2947	4621
1025	3426
1527	4364
3853	3939
2648	4775
35	5035
1920	3920
652	801
2079	4053
797	3047
955	4373
91	1215
987	1003
2176	3138
1973	2373
1796	4201
797	4201
3907	4393
985	1806
2434	4705
1528	3754
492	1958
617	2902
343	4540
1151	5128
601	2940
1215	2625
2048	3995
1705	1726
1313	1912
1581	5082
1969	4712
2775	4202
2434	5120
353	5084
35	4770
673	2502
1812	4621
1453	3056
347	4787
886	3568
1215	1958
2643	4156
4326	4357
509	4798
1076	2273
4393	4399
1871	4859
1215	5113
506	4362
2841	2864
452	3471
357	997
2884	2893
224	4180
272	3124
7	2912
2726	5084
1444	1946
4615	5154
1422	4327
476	5079
1203	1422
1932	2569
1215	2541
1008	1215
66	837
3124	3723
1527	1682
647	4698
2137	4386
1527	3859
202	4326
88	3249
4841	5034
2950	4770
1897	4815
1057	4502
3939	4651
123	1003
2582	3439
1271	1993
3805	5082
501	4915
1537	3069
1422	1953
3677	4478
3853	4053
329	2593
867	3056
3056	3907
822	2203
1883	3760
271	2479
2652	2893
1527	2884
4156	4202
1714	2841
546	1636
168	393
932	4482
947	1382
1331	1662
3957	4775
1487	2718
378	1215
3853	5120
601	894
1742	2406
3201	4480
923	1727
2335	4059
1493	1620
174	3674
624	1732
1058	3853
2000	3581
4380	4925
704	1527
2438	4940
3687	3907
1727	1734
89	2912
1953	4603
751	3006
2466	3642
3559	4872
1510	1527
788	2946
2530	4156
1883	2153
4057	4156
1044	1457
885	1796
1067	3114
427	1710
2011	3568
895	4077
866	3704
6	1270
1386	4809
411	1147
1127	4603
2716	3323
224	758
673	2456
924	2274
7	4839
573	1598
1952	3108
4480	4674
1710	4097
111	4033
111	1680
673	1030
2199	4476
1097	2273
853	1430
1000	4156
1151	1202
2508	4677
4072	4105
599	1037
1151	1453
273	2850
541	4151
1883	4094
2946	4053
6	3581
1215	4339
2204	3377
2193	3822
2270	4094
952	1531
492	2845
1537	4130
1159	3016
2347	3840
343	1025
717	1765
1710	1814
1883	3853
3612	4478
3032	4400
3581	4918
1527	2193
2013	2847
3376	3866
3380	4645
3864	4506
2851	4827
1093	3754
978	3153
477	1269
1113	2026
266	911
812	1936
1422	3250
427	1451
746	4364
4156	4924
3792	4156
43	2726
413	4899
1151	2079
513	4318
965	1549
89	2803
861	3690
3471	5154
1727	3069
2560	3669
88	2203
2799	3390
1914	4798
2704	5099
928	2296
731	2105
510	1108
2273	3298
1049	2625
2975	3539
1028	4201
1444	3907
1079	3912
1741	1844
921	4976
3855	4198
2144	4156
2582	3344
3361	4691
3344	4151
1537	3111
266	3426
867	2852
1537	1666
1549	3687
2221	3422
151	2676
2153	4043
2102	4757
1844	3565
1491	4056
2134	2193
269	3893
374	2335
1583	2184
7	4045
1524	3121
2488	4735
123	2347
1085	2410
224	1322
1127	1953
4156	4314
917	1734
854	4915
542	885
3162	3399
1215	2722
131	1765
2241	4236
1883	4088
154	746
1017	1108
269	1621
1710	2531
91	3674
1085	1426
98	3860
1722	3907
89	2079
1330	4105
4206	5128
2102	4045
1727	1812
1537	2921
1697	4645
3827	4241
1710	3198
1202	3866
224	1623
2002	5120
3848	4433
3665	4315
804	2273
3680	4045
2994	3399
1549	3889
2458	4156
4601	4615
664	4040
381	1006
3962	4670
347	1453
581	3565
1652	3231
142	1638
92	1728
2726	4478
4285	4286
213	1527
1726	3047
543	1537
2569	4821
2438	2615
2912	3626
2210	2230
2230	3231
2479	4496
1844	3826
1871	2912
3443	3687
2334	4560
1430	2726
3406	4236
427	841
3492	3573
2273	3829
1527	2703
2153	4674
476	4053
735	2374
3573	4357
573	3742
1617	4646
1666	2938
3492	4784
928	3853
1064	1620
443	2912
119	789
1727	4081
284	2428
270	1142
3962	4022
2335	2703
89	4340
1077	4775
3972	5082
1002	4201
221	2273
2687	5128
1527	3944
1113	1734
1028	3374
948	4756
3114	5146
1930	4756
1152	3602
788	3995
1444	4113
4601	4621
1527	2373
696	5038
3052	4105
1281	4490
1272	1667
1727	2059
1660	2962
1276	4831
2273	3163
251	300
149	510
1215	3674
2335	2479
1720	1920
1215	5154
2047	4494
149	529
924	1775
1402	2763
1709	1720
277	500
1474	1883
1430	2102
3121	5153
1736	2541
1083	1527
309	4712
374	1527
946	1958
3649	4537
149	4053
2105	2628
442	921
432	1666
855	1202
2438	2967
817	2661
4045	4113
1741	2850
230	4478
1727	4242
123	3602
964	4405
3565	5159
3153	3554
2057	2884
2208	2417
783	5154
123	3665
2775	4863
1215	2013
2591	4712
2703	3739
1113	1991
1489	2438
3807	4955
1139	1680
2232	2924
2625	4448
961	2438
4058	4200
961	4789
1599	4056
748	1685
841	4670
4077	4435
1422	4615
617	3735
96	1537
3631	5083
258	656
1948	2273
2273	4482
1537	4201
1215	3854
1042	3328
923	4775
56	4156
2418	3304
374	832
894	2270
1068	3685
2031	5033
946	2379
529	1928
18	1356
574	1537
4058	4315
2386	4105
7	1037
2476	4605
477	2540
1356	5148
933	2718
1577	2159
299	3590
3499	3920
923	1726
1800	3141
273	1741
2851	2877
1712	1740
284	3768
4399	5051
510	2105
4532	4978
272	1085
618	4023
948	3770
985	2185
3646	5002
2079	4113
1527	3362
3441	4053
4119	4586
1527	4841
664	2852
1973	4278
924	4364
1638	4670
930	1248
2803	2939
501	1203
1085	2625
1331	4880
1726	4870
1215	4014
1344	1495
111	3505
509	1455
3072	3603
1467	2370
2353	3488
2193	2476
4095	5107
1674	4841
330	2893
1642	2803
274	1527
4144	4705
1198	4478
2181	4105
510	3770
3351	4368
2618	3292
17	917
1368	3362
1313	1959
1283	3163
710	1382
2438	4823
736	3757
2803	4960
1215	2017
459	1113
2159	2876
3272	4324
2690	3042
1514	4763
2591	4036
4113	4357
1953	3038
703	2438
607	3810
2506	3251
896	2672
230	4642
291	4775
2775	4399
2803	3321
1674	2811
151	3404
1727	3073
2048	2438
427	2438
3036	3477
1710	2739
339	4827
222	2438
1727	2829
1239	1727
2173	3590
491	5061
1585	5080
92	4872
2486	4308
1382	2273
2912	3682
2051	4200
1942	4342
311	3792
4326	4872
1502	3852
111	2479
4033	5079
1270	3590
1640	3590
307	3864
4027	4841
704	924
1666	3342
748	4880
1079	1422
2934	4163
946	2852
1527	4734
4201	4268
95	5035
2244	4841
318	5074
3239	3859
316	983
1527	3352
928	2266
1149	5068
3853	4033
1833	1983
1667	2625
247	2962
706	4742
2370	5128
228	4105
3114	4734
2438	3636
3563	4105
7	3456
1444	3797
25	713
1203	4640
2526	5095
599	788
1710	4540
595	1322
89	5040
1537	3393
1386	2660
2515	2684
3853	4194
2270	4863
3840	5032
1331	3114
1063	4201
1215	2331
946	2515
797	4872
1202	4784
1159	3198
2153	2176
1666	4775
3189	4775
764	2625
3107	4985
529	4859
1958	3739
4443	5090
4156	4685
911	3386
2185	2547
1451	3825
1030	5143
3100	4442
773	4809
452	1884
2048	2273
1422	4286
842	3881
4105	4400
1040	2221
1027	2555
1726	5107
3114	3573
4156	4172
2174	4905
2040	2661
1991	4452
748	1331
4656	4798
2338	2724
309	1884
1444	3441
796	3488
1727	3406
2515	3488
2350	4393
1527	4712
948	1705
928	4301
1444	2660
1444	3505
901	4848
43	1036
1966	2584
1119	3392
3702	4480
1640	4045
1527	5020
4336	5035
3573	4630
4902	4975
3456	3860
2796	3853
111	3866
1710	2729
4399	4863
1487	2801
11	2519
704	4419
230	2434
119	251
2072	4775
643	664
4759	4976
3682	4400
907	4111
3422	4814
2615	4120
1215	4766
3451	3943
1422	4463
500	4156
2273	4341
460	4508
4399	4784
3380	4857
3121	3995
928	3581
3450	4283
2079	4827
1517	1727
3534	4156
1527	4673
703	2002
1667	3390
3210	3450
452	573
576	881
476	4940
1159	1710
3770	4045
696	3495
673	3581
3631	4916
938	2476
3453	4956
3884	4156
3745	4201
4201	4815
4711	4712
2177	4357
1527	4156
3100	3853
221	476
1108	4674
1537	4642
460	1151
2438	3191
98	4105
1943	5161
1527	3739
1215	1560
1068	1402
1806	3385
304	1527
1527	1584
83	272
1491	2775
1281	1937
3114	3864
442	1710
1537	3047
362	1667
1884	3198
2370	4156
1338	2438
517	3612
1076	1444
4809	5095
1513	2850
3941	5128
106	251
656	731
2021	2709
238	2850
1517	1537
2135	2334
704	2569
1542	2840
4200	4559
1549	2204
684	2327
299	3687
427	1248
2938	3943
2704	3669
1891	4482
1444	2864
1640	3138
1340	4677
7	3450
2013	4868
114	2714
2492	3488
952	3585
1108	3941
25	5095
1430	4156
1444	5033
4105	4867
4787	4976
3056	4156
1467	3250
172	1422
3880	4156
3962	4156
2070	2555
1113	1590
1063	1834
1527	4005
2947	4342
1640	4399
221	3121
1028	4040
510	3590
1636	1884
823	4405
1444	2795
272	3824
1527	3231
177	3307
4030	5128
456	4156
1037	3674
4156	4565
3636	4640
3404	4113
2904	4457
1722	2964
3380	4165
1272	1313
581	1040
229	3920
4301	4586
300	616
99	4448
2173	4094
305	1113
35	4156
4005	4349
1946	4045
254	2265
1444	3947
4046	4814
4033	4468
1402	2515
1727	2591
248	1617
922	2912
1527	2560
1727	3100
4200	4315
788	3907
1722	5128
3520	3554
92	440
1560	4685
299	5120
2273	3974
1396	1532
2540	4640
4040	4448
2871	4876
154	946
26	855
1524	2865
673	1859
149	3757
28	489
1549	2430
3156	4156
1467	5002
890	3810
1753	5153
2177	3888
339	1215
4600	4863
1527	3108
1807	3328
2555	3943
2036	4111
799	4308
78	1326
4110	4460
3439	4036
304	1215
1513	2040
4156	5062
49	4730
3573	4202
300	3713
4508	4827
2628	4202
3121	3907
899	4178
3860	4105
2929	4156
492	2273
89	4860
4088	5079
1113	3724
1215	1840
2293	4798
2438	3573
1695	2347
5061	5161
1477	4417
99	2706
1196	4278
1884	3854
6	3344
1893	3301
1727	2417
1440	1871
287	4156
3590	5113
1444	2329
4712	4795
1422	3612
1331	1454
2079	3770
2438	4001
899	4511
1537	2760
1553	1883
2247	3119
541	797
3860	4976
1430	2000
1524	4094
809	1113
3231	4206
1593	2395
1202	2079
1144	1430
354	5028
804	4105
1181	1281
585	5080
529	3091
443	4818
1272	1451
269	5090
2031	2476
2495	3554
1897	2051
4360	4841
1734	2199
964	2013
4368	4795
2293	4872
2909	4480
443	3100
1601	2672
2190	4329
3674	4245
354	1260
1313	2347
1652	3377
2224	4970
595	4988
1510	3602
2687	4204
229	542
1255	4156
3792	4988
4105	4781
3121	3145
440	4804
4105	4694
251	4753
921	4406
670	5028
1537	4170
924	2374
251	4480
343	5016
230	4627
168	5134
3381	3636
222	1310
2438	3357
1524	3145
3056	4357
2460	4698
214	3779
3354	4163
2606	3559
1444	2628
4156	4336
3201	4156
1454	2079
2872	3792
329	1432
1028	1722
1532	1996
907	1196
149	460
632	2962
1623	4985
339	5153
2241	3864
22	3016
1726	4850
895	2648
3939	4088
1444	4508
3124	3581
171	2273
2341	3272
452	2125
673	3273
4156	4544
1652	4433
1159	1495
318	799
4033	4357
704	2840
758	3319
101	1938
269	2181
1255	4105
2863	3581
2334	4106
3380	3974
551	3108
1108	1722
500	526
339	4045
913	2273
343	4156
3837	4880
987	1108
92	1754
214	329
4326	5140
529	4940
460	3907
2917	4601
92	4699
3501	3713
1527	1952
359	4460
2273	4583
222	2775
1151	1527
2051	4559
1948	3426
2048	4943
4014	4311
3191	4033
3204	4092
1206	4156
1474	4863
4473	5080
1454	2334
1705	4219
3056	3121
1710	3557
1119	3646
89	2716
1139	4480
3768	4004
343	1635
1912	2273
576	2811
1451	4642
309	2584
2706	4609
529	2946
751	1883
354	1455
3193	4156
2002	2495
165	4186
2379	3057
1215	4583
1727	5091
1159	2934
365	1422
1093	4905
1215	3888
1119	4644
961	1527
1534	4156
3606	4729
67	2562
4880	5120
1086	3488
1122	1510
2059	4156
2774	4206
4954	5120
2562	3471
1821	4077
3810	3980
1145	3057
2066	4156
3036	3724
1313	2273
1171	5043
1527	2048
2479	4110
4105	4570
3226	3684
1444	1454
551	1549
4027	4156
1048	3357
1722	4202
157	342
3239	4804
1938	4775
3056	4872
2347	4775
673	1063
241	773
1338	2166
4336	4473
3272	4841
2283	4156
1598	1884
35	270
510	1377
1527	1958
209	3565
652	3223
1883	3687
2241	3249
542	4201
4156	4222
1705	5082
823	3823
618	2840
3056	4600
541	785
1068	2852
2536	4872
4809	4825
460	4863
2270	3056
2166	3142
500	2310
1527	4663
1446	1862
1751	4041
1884	3484
123	1119
1139	4399
33	4144
241	4651
4399	4508
2450	4156
985	1487
1064	5020
3670	4775
2801	3564
272	3117
2938	4900
574	921
89	609
3770	4091
1727	2055
601	4236
3941	4156
4156	4364
1151	4916
1491	4940
1270	4340
891	1662
1139	2273
3962	5040
617	1333
1593	3484
1215	2573
911	1737
983	1444
1151	3941
1527	4186
50	2837
251	1593
3501	3770
2538	2912
2038	5120
492	4064
1110	3568
2606	5095
1064	1943
2552	4775
2176	2763
2547	4156
1002	2555
985	2334
1132	3399
1491	2266
476	1168
1581	3810
1147	1742
3342	4452
1867	4329
354	3122
1623	4775
2852	3426
192	1527
1271	4831
23	1203
2188	4077
229	1667
492	5120
1017	4412
233	4156
4156	4991
4121	4201
1338	4091
1798	4405
1159	1598
1078	2747
626	4775
43	172
1215	4460
1662	2438
1485	4156
1198	3734
3414	3739
1741	1914
3390	3705
2270	5079
164	4058
537	1064
35	2406
2116	2273
351	3684
1331	5078
978	2993
812	2051
2048	4045
1878	4111
585	5140
4113	5153
1749	2625
814	2072
3102	4775
529	4818
2379	3780
347	2013
2404	2708
214	2876
271	3501
221	3505
2395	3380
1444	3352
3665	3817
1113	3786
489	3537
25	1221
1189	4105
1321	4105
1425	3285
2334	3754
1712	4775
2370	5095
1674	5002
168	3742
789	2203
4326	4784
4775	4789
4502	4735
867	1883
2031	3435
2091	4156
551	1903
3100	4784
2515	4615
2020	3488
3974	4198
1215	1454
149	4111
654	4775
1189	2704
705	4532
2079	3754
2495	3153
911	2479
1549	3204
4544	4586
4670	4734
2270	2939
3143	4156
4891	5061
1270	2273
339	4202
2270	3423
990	1281
1778	3074
4640	4814
1254	4775
2013	2166
873	1996
513	2447
343	2845
108	1710
2716	4342
17	1549
928	5140
1159	5134
552	4156
4474	4917
1255	2185
1932	4311
1215	2615
1068	2818
890	3602
7	460
3744	4156
855	2077
1078	4058
4189	4502
1844	2850
3389	4400
921	3860
529	1553
2912	3941
1593	2438
269	4831
427	4460
89	1202
867	1640
966	4042
3054	4077
92	1144
1386	4642
456	4361
817	1844
3	3304
4473	4673
1549	4795
229	4364
748	2877
2270	3853
4245	4670
1727	4046
2447	2661
149	339
985	3754
2188	4721
2166	5071
2527	4156
1108	3210
460	1722
214	2913
1422	3462
17	4496
108	251
1930	3369
2492	4474
959	1727
4165	4412
1422	3806
7	1942
1834	2208
1455	2003
1328	1844
51	964
2786	3581
1527	4775
2952	3754
1034	4156
2438	2795
1215	3175
4163	5020
601	2241
2066	2850
3056	4651
4156	4943
2531	2547
1108	3157
748	1723
1640	2946
1215	3857
4105	4195
886	2909
3376	3505
152	1215
323	673
1800	1884
266	1737
1396	1996
2775	4508
1527	4845
4156	4870
1537	4654
887	4559
1585	3606
626	1726
89	2775
238	3565
672	2064
2893	3590
4156	4463
1113	3499
2430	2541
1113	4144
443	2438
354	4694
780	1527
1203	4798
727	4775
855	1973
1480	2929
1215	5147
3810	4317
930	5003
71	964
2625	3054
1444	4036
866	3122
1444	5053
3357	4156
2232	4324
3690	4308
2239	2386
1662	4201
149	2569
788	3121
2696	3889
2479	3414
1727	4627
153	1727
670	2181
2013	4448
1553	3496
2014	2465
3541	3612
2584	4393
2153	3687
1502	2687
427	1215
3907	4651
209	2040
151	3439
3091	3724
1271	3361
3399	3691
513	2661
3124	4005
309	1422
26	1215
413	5099
1640	4053
1527	3551
1883	2946
4053	5108
1983	2714
1451	2241
1444	2582
2877	5078
775	2928
617	2864
2166	4101
2102	4088
1732	1822
1527	5028
1444	3191
2917	4615
3380	4507
855	4898
3751	4045
1585	4416
4368	4700
1726	2119
2864	5062
25	1549
492	1710
259	4775
89	1933
4236	4560
4784	4863
1108	1774
1597	4775
1113	4339
2939	4156
2273	4954
79	2775
274	4809
1322	4180
3547	3689
585	1119
1305	3974
1374	4113
17	2479
172	2637
2335	3739
3138	3687
92	305
1514	4670
1527	3429
7	3302
530	5062
947	2438
2569	4763
643	3554
877	4156
3505	3590
2938	3954
1055	5012
65	867
1532	4201
4000	4201
955	3303
2438	4186
417	4478
3953	5143
673	4156
3445	4180
2079	3854
2273	4339
169	2625
89	5154
92	3070
4467	5080
92	1774
1741	3451
1527	4032
96	181
2542	4042
79	4508
2722	3725
1662	2952
2404	3091
599	4646
2989	3817
2302	2530
300	3585
3488	5038
513	1741
3907	4757
946	1553
2526	4711
4097	5108
2476	3016
28	4030
1734	2560
311	1215
4238	4775
1822	4156
2347	3486
3114	5120
788	3713
340	1444
7	4468
1433	4621
2273	3947
3911	4902
1454	3853
4004	4351
1847	1893
2335	3444
3204	4156
1139	2438
2417	2479
3056	4863
2625	4267
890	1147
4290	5091
1680	4033
1527	4264
2666	3505
696	1543
788	1270
2014	3606
1444	4954
460	3754
921	2438
1727	4189
2466	3451
3028	3063
108	1108
1710	3863
4814	5020
3795	4775
3138	3939
2417	4775
1537	3553
2321	3426
114	4241
374	2904
3091	4053
895	2055
1433	3056
2940	3837
1527	3338
152	3151
2837	4180
1485	2334
3354	3859
1585	2537
3860	4156
1215	3709
2817	4156
2726	3551
952	4862
3361	4831
1147	5085
88	884
89	4053
221	1444
111	4508
1635	4156
491	1660
248	4976
1662	5062
1883	3056
1871	3907
1480	4978
513	3107
452	1444
2265	4156
22	4474
1840	2541
272	3574
788	3866
4480	4876
1151	4156
1056	4315
4002	4478
488	5136
1514	2031
1444	1958
1491	1727
1800	5040
1444	1953
1433	2224
2395	4170
1553	4468
1991	3911
1527	1599
2775	3289
3157	4113
696	4201
4079	4156
272	1778
736	1713
2712	4775
1058	3477
1454	3496
92	2456
2102	4357
2939	3138
33	4880
576	1003
123	4775
92	2002
451	4442
1741	4441
4478	4651
1139	2048
1789	2273
1553	4757
1565	3343
2102	2946
299	2153
3444	3739
1590	2843
710	3138
3103	3974
1283	1897
985	1331
884	3496
626	2625
3677	4105
1113	4012
1386	1396
309	5068
1430	4705
11	1513
1028	3010
181	2913
1426	2829
961	3091
1014	2661
177	3488
2625	4512
1527	3105
673	2975
3357	4419
532	3254
1727	3559
946	4766
3456	4823
1474	4357
88	751
2706	3496
1820	2722
2014	4646
1583	2656
1444	4644
1462	2706
2557	4201
3114	4560
1474	3866
92	3213
1676	4770
208	1527
737	860
3380	3450
1139	1640
2593	3224
4156	5108
1253	5061
928	4156
3573	4480
529	1585
7	4540
1377	4033
2502	5096
2310	3863
922	1527
1108	3344
2210	4105
872	3703
2850	3107
2474	3565
1362	3293
3974	4163
2929	3768
891	3317
2531	4057
3995	4045
343	4364
340	1680
4603	4872
1933	2803
228	2406
89	551
2196	4809
913	2934
1742	3226
2615	5040
3453	5035
1948	4917
1549	3711
2057	2818
2438	3724
3972	3980
1840	3848
1422	2456
2317	4308
1215	3163
1593	4651
2934	3539
1480	2951
94	4442
149	1149
164	1980
3581	3850
2013	3829
746	3426
1272	3537
488	1113
1485	2687
2273	5028
1062	1705
1017	2169
1215	3100
1396	4854
3724	4940
3687	4045
867	2270
746	4766
42	2438
3784	3920
705	4848
1517	4775
542	4256
3829	5062
3153	4775
1483	2438
2270	4393
2476	2615
1161	2492
2775	3853
922	1496
136	230
88	2013
221	4818
4308	4510
1113	2011
1430	4674
16	2706
22	4120
269	2474
2438	4763
1215	3038
1430	2048
180	2188
910	5153
2240	3848
1657	2962
4775	4870
2266	4156
251	4156
946	3780
3974	4809
299	710
1527	4739
800	3946
3226	5011
1527	2924
2829	4004
1750	3603
2803	3687
2637	3902
1108	4156
2102	3672
1527	3947
2569	4419
123	510
1068	1537
1912	2370
2548	5062
111	1527
3056	3866
1339	3547
789	2887
552	2438
912	4712
121	4105
2374	3340
2361	4207
2519	3827
925	4362
2318	2547
1283	2863
1139	1527
1025	5120
656	3456
2703	3304
1930	5084
2079	4326
3955	4056
2159	4177
79	2268
1338	2273
513	612
2541	4014
2166	4000
1444	3770
710	3853
2495	5062
270	4336
1636	2584
2079	2266
209	3922
92	1225
2736	4804
3145	3201
3629	4790
1883	4863
855	1440
1839	2370
1527	3606
4018	4537
1727	4836
2626	4619
1549	2887
3056	3939
2738	2877
1032	3565
393	4970
1113	2054
2803	4033
2900	5062
990	1130
4644	4970
2934	4485
1286	4673
119	5011
1149	4156
1720	3289
3760	4480
3840	4311
581	3602
1726	3054
1064	3974
3141	4056
587	1215
2495	2924
1527	3931
4156	5029
1585	1878
2011	3317
309	4615
230	975
214	2506
3810	3972
3114	4880
3441	4156
821	4156
339	3590
3114	3406
2389	3866
1636	2224
890	1617
3441	4473
1640	4156
1640	4600
1726	4637
3907	4399
2156	4311
640	3445
3850	4186
130	1553
89	2031
4040	4420
3604	4405
706	1267
88	4073
4156	4627
546	2389
114	192
3944	4435
359	1108
546	3102
1036	1108
2847	4057
751	3853
2506	3404
209	3153
3385	3426
2659	4105
4313	4405
1260	2714
2852	5095
2021	4053
273	1844
25	1996
509	5120
476	4508
1912	5080
2438	4532
4113	4931
2051	3488
101	4308
3380	4808
3866	4156
923	3344
4399	4480
501	3414
300	3445
1202	2803
2460	2593
2939	4326
3962	4478
2924	3551
3565	4026
2177	4711
895	4775
860	4038
1159	3742
1067	1215
2335	4156
513	4814
2506	3114
2712	4790
123	3162
1269	1742
1598	5040
1272	4642
2460	2710
1269	5107
1430	4480
2852	4858
3105	3344
1640	4326
855	3767
601	3920
1034	5120
272	2119
2438	4119
501	4798
1362	4786
1618	2675
3590	4399
2569	3114
2031	2882
259	4478
2775	3573
1562	3943
1953	5120
443	1583
2637	5064
269	1914
2846	4156
221	4940
1906	5078
526	2438
1549	2210
1272	4833
2169	2177
1883	2270
866	4941
266	3623
2465	4729
2438	2531
1045	2625
111	3376
1181	3044
1660	4364
299	3145
414	3454
1088	2716
272	362
67	4045
2625	5016
601	1132
1422	2922
780	4201
632	3354
1527	4478
1601	4105
4336	4577
4945	4976
2014	2803
2714	5148
4156	4401
2055	4775
101	2704
2555	5091
2163	2526
51	78
867	2173
460	1028
1477	1881
33	3114
1113	4110
374	489
1283	3380
1920	3289
3151	4775
1674	4450
230	3846
1980	4259
340	3505
2273	2845
1662	3685
1983	2700
3518	4674
192	3685
581	2040
3450	3567
618	1862
4113	4543
67	2774
884	1483
476	4111
2691	4770
1841	2374
1283	5028
266	2051
930	4976
1253	4202
2114	5148
3056	5128
1382	3685
2492	3972
3488	4721
1666	4041
3056	5034
1666	2606
837	2817
3376	4091
1726	1826
89	4186
3451	4831
542	4156
1017	5153
585	1625
149	3505
270	357
269	1064
366	1215
1710	4603
3770	4033
1444	2939
3864	5146
2163	2438
2555	3853
1899	3160
1360	1527
2672	3078
975	2706
1344	3687
1577	3224
1417	2273
4077	4721
609	1727
1444	5079
248	3541
1524	2438
1313	1533
928	2313
4156	4446
1173	2597
1454	2438
4600	4784
4014	5120
1727	3797
2092	3016
4775	5083
4146	4156
1502	2438
809	5043
1710	4976
2114	4082
823	3204
2021	3850
1980	4156
374	2703
696	4478
3344	3972
529	4357
3754	3864
2541	4854
1532	3117
760	4105
797	4651
2934	3808
2774	5128
891	4506
881	3470
7	359
1527	2002
896	1728
618	751
1331	2718
3100	4326
89	1173
1215	4586
7	3810
1086	5146
1444	3810
3543	4156
2582	4858
751	1920
1560	3810
1444	3138
1215	2007
740	4156
3254	4156
168	1159
751	4097
617	2329
1527	4095
4018	4735
1532	2626
1583	2438
1898	2460
2079	3441
2153	2865
67	4014
2389	3705
5	4502
704	1722
4033	5113
459	4156
866	5061
1509	2975
171	1055
476	1720
1537	2626
704	4064
4103	5061
2057	2947
2273	3162
3105	3317
1933	2625
1049	1516
1149	3854
149	4508
247	1147
4064	5064
7	4537
4400	4583
1139	4508
517	3541
976	4105
2882	2924
2048	3688
784	2273
4156	4357
2033	4156
311	1549
3380	5082
1727	2686
2374	3361
4775	5080
3907	4480
2934	3175
4105	4199
1551	2273
411	1119
5078	5120
735	2273
3957	4970
1710	4729
393	1884
3102	3962
2775	3866
4467	4682
2124	3581
748	5078
3145	3687
269	647
1113	5063
1871	4097
470	1028
269	4051
1966	4823
1044	5043
2051	4058
3687	4651
25	2000
3006	3853
925	1667
1248	4670
7	3881
2515	3554
1549	4151
1150	1959
911	4349
339	4473
1048	3406
948	1930
617	1119
82	4156
230	1045
351	3686
1253	4308
975	1113
33	3754
89	4156
2347	4644
1734	3344
601	3747
7	2430
4827	5140
3853	4473
1444	3121
1753	4674
1590	1948
181	5090
1620	4766
1368	2704
2174	2801
1727	4544
4092	4095
3747	4600
867	2379
924	4540
238	2040
2102	3201
785	2606
685	2232
3000	4775
111	4156
854	4831
2353	4775
299	3939
4644	4646
466	3568
581	2466
4603	4712
3757	4053
1590	4583
1705	2963
1202	3138
1149	4365
1487	2637
812	3782
1422	3204
1666	3840
4382	4872
513	1513
1527	3813
238	1147
2184	2374
1269	5011
579	2722
1881	2625
1333	4308
35	4336
2153	3939
222	343
3335	3437
4156	4931
123	2361
1727	5038
2747	4559
1454	2801
388	1527
1722	2569
309	4036
67	4301
664	4364
262	1113
2829	5096
1656	2801
1344	4073
442	1453
1085	2684
389	2841
921	3496
440	837
4651	4674
1524	3138
3687	4399
3501	4156
2963	4328
1640	3866
3450	3581
3824	5126
2803	4202
111	2946
1527	3025
831	1826
3853	4326
2858	3840
2851	3827
1897	2742
1812	2241
946	3685
3535	3817
1331	3864
633	1038
3806	4156
751	2185
1139	1444
1139	2102
3038	5040
202	4267
2230	3377
1313	3379
1440	3496
1113	1955
3289	4508
3496	3590
2438	3687
2625	3646
2031	4156
2246	2877
1044	5040
4111	5091
2114	4033
626	2562
612	4693
1685	2241
928	5128
1119	3317
1636	3962
826	1513
16	4156
2947	4095
2709	4156
3505	3866
2562	4872
1800	4858
2234	2241
2273	3587
783	1068
452	891
221	2946
663	4603
1339	2232
43	3369
3747	4151
1333	1527
3330	4596
611	2438
299	3853
1510	3687
477	5107
748	4236
1302	1774
2197	4775
3376	3995
1871	4357
3004	5078
2270	4033
510	1139
1527	3093
7	4113
3201	4094
811	3414
551	3380
2438	3036
4045	4863
617	2013
357	1119
1483	4586
1338	1710
2882	4053
2459	3424
294	1068
2474	4156
4012	5149
1705	4381
1149	1374
270	5038
3069	4775
1722	5083
948	3866
2185	4908
1734	2476
1537	2569
201	823
1017	2102
1108	2940
1680	2946
1662	3426
579	1727
3249	3768
2054	4105
3553	4156
978	1215
2656	2697
832	887
1422	1712
2940	5078
89	1108
2257	4775
1533	2796
7	3739
579	2234
1417	2850
1132	1903
3160	4156
3380	4496
3827	4042
4042	4241
1460	2329
492	3501
799	1333
2460	4163
260	4870
2672	4219
1340	4051
3201	4399
3321	4156
1063	2026
1839	2837
1147	4602
2893	4775
35	551
2801	4156
855	2153
2438	5154
7	151
4270	4955
3357	4111
529	1871
646	2541
3492	3907
1527	3810
1642	2177
1958	2845
1840	3674
7	1113
2406	3646
1360	2591
4156	4863
1666	3953
2438	3505
1553	4091
33	5120
2166	4515
576	877
1527	4113
4674	5034
22	1911
2040	2130
3915	4831
1667	3955
2241	2334
1806	3564
4091	4156
272	4478
3907	3939
855	4478
300	1444
1560	3705
222	4841
2569	4064
478	3488
4113	5082
1919	3380
2048	4091
2652	4289
1377	4827
3496	5140
2526	4301
877	2811
7	4543
2273	3859
2438	2530
7	2676
599	4644
339	5120
675	2047
1119	2743
1215	2687
1058	3036
22	696
1108	1444
3541	3860
1272	4872
2105	4480
1254	4189
1655	2438
751	4326
2224	4712
1685	2940
224	2837
2861	4097
2701	4872
933	3036
299	3121
1527	2714
1068	5003
101	1491
4364	5120
180	925
1487	1806
2738	3952
2495	4113
1640	3121
1871	2438
604	2747
1527	4825
2273	3603
3888	4156
260	903
4156	4983
2912	4818
2541	3825
114	2438
706	1620
192	620
4104	4775
2947	4400
930	1215
1444	3124
1583	2661
2495	3344
2900	4156
2739	4872
354	4364
4401	4694
1487	5078
2079	4818
2803	4480
1253	1844
1883	4784
3365	3957
2716	4775
3344	4500
1806	2241
2193	2841
1897	2287
952	3688
5128	5136
272	4108
3004	3837
1198	3739
3685	4940
2438	4082
3344	4949
7	192
4156	5153
510	4053
3302	4069
2928	3390
2232	5040
1454	2387
961	3016
943	3361
149	3907
1527	5118
1537	4876
2156	4152
2582	3829
1549	5032
2861	4326
4729	4775
2495	2515
927	3684
2159	3092
1096	1191
3974	4018
411	4644
1710	4502
340	3866
1527	2818
780	1983
3139	4156
1117	1453
1386	4393
119	5107
3554	3780
788	4480
1064	3213
3236	4840
1549	2573
943	1660
867	2952
3939	5113
89	2706
1933	4045
25	3881
501	2837
961	2555
1444	2845
2410	3621
1774	2531
1331	4905
1537	2329
1833	3369
798	4036
3056	3492
477	5011
4544	4775
1034	4940
452	4435
2273	3551
1740	3354
578	2518
885	1430
4264	4474
156	4105
2058	4105
1952	4264
943	2076
147	4045
1636	4615
1331	2174
192	964
2230	4055
2199	5040
3513	3663
609	4156
3248	4201
906	1710
797	2273
1248	5068
2079	4088
492	1491
978	2341
2851	3771
251	2177
1598	4775
2736	3615
3581	3780
2864	3810
416	1108
2541	3670
585	1617
67	1483
2361	3117
797	1527
241	1215
1444	4091
126	4042
476	4091
323	350
142	4863
92	4030
896	3490
1198	4753
2465	5080
2460	3638
404	1432
1897	5082
928	3962
1524	5113
924	2540
88	1444
855	2176
573	1884
1527	3124
3444	4144
1710	4708
4156	4373
3168	4646
1753	3056
626	2555
3426	4857
4091	4473
1953	3896
1215	2582
92	374
7	1527
2079	4156
340	510
101	2486
1551	2021
2543	4105
1617	4644
573	5134
788	4790
788	2438
1871	4674
2022	3703
3426	3751
3557	4809
618	4827
1267	2582
2562	4609
309	1636
4106	5037
272	4857
353	2460
551	1437
2934	4146
2262	4814
2238	2421
1108	2657
513	2788
307	2637
963	3602
75	2546
890	1996
4170	4201
2102	3056
788	3426
2273	2560
1872	4064
2273	2329
1839	1914
2193	2438
1617	4156
1444	2350
1710	3853
89	3496
2166	4601
2760	4201
3343	4000
414	764
1531	5035
2026	3307
309	5154
92	4747
1598	4970
611	1946
350	1834
3739	3957
1067	3210
33	2877
1872	5064
1527	4637
3825	4156
75	1839
2234	2625
154	3780
3414	3445
513	4026
567	2479
946	1454
3176	3602
751	2582
411	4336
3117	4642
751	4940
238	2714
7	2202
924	1991
1113	1551
230	1666
323	1537
2031	3674
961	4605
1483	2864
3853	4712
3351	3768
7	3426
3685	4642
1422	3805
2939	4033
3344	3554
2270	3138
2406	3911
3632	4105
983	1527
2347	2465
1122	3417
735	3361
949	4156
3995	4324
626	1108
1433	2912
2273	3590
2661	4441
1524	4033
1667	3434
2676	3810
1254	1537
3114	4182
681	4156
1203	2163
943	1204
783	1382
2363	2938
4301	4860
652	2541
1113	3338
407	741
1270	4113
4324	4399
1267	4077
340	4480
1652	3358
1108	3853
221	1640
2166	4521
2893	3688
7	2347
221	3853
1710	3389
67	1444
3757	5108
1958	4119
673	3308
248	1248
3056	5113
2850	4640
4268	4721
673	1444
4441	4814
2502	2975
509	2547
1402	4045
1912	2465
1444	1933
1341	1983
1008	2166
1527	3390
52	1910
2840	4301
3385	4560
675	3343
466	2970
643	3153
1215	1483
2438	4818
254	4014
2102	5153
1543	2625
149	4480
4508	4863
1113	2551
1678	3686
33	748
2370	4798
967	2266
4156	4393
1980	4559
192	4395
1623	2837
3863	4469
2051	2747
2703	3669
108	4201
58	489
1524	3770
2495	3685
2273	2347
2438	4202
652	1254
1064	5156
1903	4201
3344	3987
2924	3739
2676	3399
1454	2569
2438	4460
4364	4473
4584	5040
1477	4156
444	1727
928	1215
1727	4146
1215	2845
1170	1981
460	2775
1878	3920
7	3711
2946	3474
1158	4105
492	2569
913	1527
2514	3399
1302	4357
230	1912
2686	4105
1422	4919
2858	3864
2840	4105
1467	4854
4088	4156
1037	3435
1396	2884
2174	3564
4014	4795
1248	4775
119	254
1460	3141
4775	4841
309	2917
472	1883
1432	4056
842	1320
1429	2656
248	4759
339	4156
587	2273
3441	4111
272	1919
3768	4360
2102	4393
2404	2964
930	1710
235	548
2706	4186
4128	4156
1491	2840
985	3564
3380	4960
2153	3056
673	1215
601	4880
1063	1215
3845	5028
517	3678
297	3768
1495	4775
324	436
413	4712
195	4823
43	5084
1593	1871
2406	4763
65	3272
1444	3735
393	2013
2329	5120
1149	4091
7	4419
1844	5156
1292	4286
272	2796
2858	3754
4863	5079
1952	2273
903	1310
2704	3852
2843	5068
2724	4888
2048	4508
111	4827
1487	2241
710	4600
1527	1996
1872	4236
652	3735
3488	4094
2438	3674
364	4880
452	3957
976	4101
1215	3944
4056	5095
673	1884
1640	4508
3854	4156
92	2636
2188	4105
336	2190
800	1446
2934	4955
357	3453
1149	4508
451	3380
1467	3175
837	3160
529	3771
2379	3344
891	4409
1618	4156
3450	4544
1806	3754
427	2031
1149	4840
3995	4480
2784	3488
1444	1593
174	1543
88	2031
703	917
248	4787
3590	4156
1113	2259
1559	2811
3853	3866
877	1003
517	2726
3760	4156
855	3145
1713	4105
4027	4712
529	2102
413	1549
1617	2912
1262	1891
3505	4480
2884	4393
111	1444
43	4480
272	3377
1483	4544
427	3674
476	751
7	4500
1960	4165
1920	3724
867	1553
2582	4329
4860	4970
1526	4156
95	2938
2105	3687
1108	2079
56	4775
673	3121
897	3974
1553	1680
3864	5120
853	1108
2704	2938
1570	2389
1064	2850
50	2817
4314	4478
890	2884
272	2014
2003	2434
2934	4018
35	4858
299	3866
1527	2708
1559	1674
3665	4156
1037	4841
2177	4860
2172	3505
3646	4644
1727	2722
3974	4502
1527	3000
684	1527
1446	4111
1002	1044
2181	4985
1286	1313
4105	4891
2196	2291
2350	2882
526	2031
2694	3691
1871	4600
961	1674
444	2193
3674	3705
866	4831
2479	3957
1426	1593
841	3674
460	1215
851	3426
3215	5153
855	4033
2064	4036
1127	2476
1215	3380
2540	4814
2102	3441
1655	4406
1453	4976
1108	2266
1377	2438
1625	5080
3474	4156
4860	5040
1863	3827
1215	2172
1215	1553
1510	2273
1255	2476
4111	4818
3943	4735
823	3713
211	4201
1430	1491
2361	3602
1270	4105
2270	3488
773	3223
230	1527
2703	3444
4033	4156
1560	4601
2406	4004
413	1966
2247	3807
1527	4674
1727	3932
2573	3982
1034	1983
1017	3757
704	4073
2900	4712
88	4301
351	5011
476	3034
2486	3002
541	924
1932	2156
811	2704
1336	1727
938	4770
3126	3725
214	2159
3093	5120
2221	5020
2725	2928
529	4001
2005	4545
4746	4839
1527	2709
2310	4775
1734	2829
1537	5028
2000	2625
3748	3797
751	1151
3323	3439
1273	1527
807	4620
1727	4876
2273	3250
2102	2803
2438	3399
2244	2934
343	1895
748	3406
7	4565
339	443
782	1396
343	2864
947	4088
788	5113
1986	3877
3093	4298
88	5154
111	2438
1755	3857
2239	4815
2893	3808
2370	3574
2569	4943
149	2946
1151	2334
1834	2829
89	3907
3551	4156
3770	4156
1883	3426
1078	4200
4361	4867
3590	4088
340	4156
1422	2202
230	1437
1640	3201
269	675
2434	3952
3505	4156
877	881
114	1732
510	1680
735	4624
114	5120
877	2450
154	2515
4077	4156
1037	3810
3121	4091
667	1996
4163	4502
1377	2775
2673	4156
924	4478
612	4441
1593	2726
1067	4119
2014	4729
3426	3995
3216	5092
3837	5146
2946	3672
342	5134
1800	3484
713	2273
1139	4033
43	517
3568	4594
1202	1640
1474	4399
3450	3810
1993	2938
886	4970
254	3672
2174	3385
1286	5079
873	990
800	3163
17	4827
4949	5062
2241	3004
89	626
192	3025
1215	1640
2939	3518
2270	3866
867	1338
1304	2438
1537	2709
35	2938
4156	4186
910	1727
4105	4261
1270	2708
911	3251
221	1553
866	983
53	1322
2459	2660
1215	2329
35	997
2047	3565
3550	3684
1102	3827
1946	4073
1583	2273
1983	4419
2865	4156
855	3907
2701	4621
89	526
1113	5128
2350	4156
2176	4033
452	5134
1617	2290
3501	4560
4053	4818
3962	4005
1460	3602
3705	5040
1270	3121
1444	4943
4059	4501
1727	3907
855	4399
2555	5051
2940	3501
1108	2570
452	1598
510	4091
773	3747
3317	4254
925	3390
2716	4841
368	3581
2912	3962
2266	3687
1527	4450
1867	1991
3424	3881
1983	2361
1814	3380
1060	2370
4091	4863
1637	4105
253	1727
1444	1733
948	2726
3390	4433
1527	4627
2570	2704
1149	1270
262	1516
601	985
460	3443
26	4033
2562	3082
3496	4943
1878	5120
1357	1527
2317	2676
1422	3894
89	3435
1215	3962
123	1617
1248	4448
418	1291
3760	3939
2882	3047
1412	3869
2273	3841
1553	3376
28	4876
95	4156
1422	4443
4024	4674
1076	1527
2435	3955
3687	4301
1113	1728
114	3692
2246	3581
2654	3488
1151	3626
3231	4340
1454	1933
4870	4908
1108	5034
2438	3590
1085	4642
1212	5161
748	3837
248	4883
1593	1893
111	1215
579	1527
4841	4954
2939	4876
2459	4775
907	4105
2858	3435
855	1302
1514	4245
3301	3606
254	2438
3646	5091
3289	3477
691	3380
2552	3450
16	1267
758	4180
2270	3145
365	1527
2048	4827
1422	4628
2882	4003
2410	3426
4729	5080
7	4004
1422	4474
2569	5146
3866	4624
3636	4289
17	3623
2940	4064
1107	2311
3974	4308
192	1283
309	3302
1454	5140
2615	4156
4393	4600
1883	4624
1422	2266
1196	4902
1147	2347
818	1422
1700	5108
490	1518
1549	4358
751	1444
1553	4508
2199	3192
1286	1553
4361	4621
2704	3072
925	4417
3627	4156
1215	4091
1727	5071
1527	1560
3810	4876
1283	4156
2070	4775
3742	4406
617	1396
515	1527
2689	4400
652	2560
659	2804
758	3414
751	2177
1533	1695
89	4940
810	2704
4036	4601
1271	3629
168	3198
1560	3105
1386	5062
2804	4621
2946	3121
2014	5149
171	2438
452	2339
151	4045
3399	4156
1002	2414
4091	4393
673	4095
2704	4059
88	1151
2273	4364
1113	1272
1215	1524
1215	3016
2347	2940
1833	2007
1958	4156
2476	4662
855	1883
1844	5020
2661	4326
2287	2374
342	1598
1464	1537
3453	4336
4105	4826
4105	4469
4156	4624
1377	1444
4156	4507
1119	3840
617	1283
1537	4146
1261	3623
3072	3943
1454	1656
1667	5136
7	65
2031	4245
997	4238
2850	3153
130	2003
742	3445
2739	4030
3866	4357
3354	4735
1897	3980
254	1462
947	4795
1371	2724
359	1215
1897	5155
1986	4266
3995	4393
1583	3717
2272	3492
1710	3745
1543	4278
1202	4088
1527	1953
1834	4945
2864	3581
1064	2040
4057	4775
3000	4250
1056	3817
25	4023
3939	4399
1549	4987
943	2962
807	1527
3954	4156
955	4531
751	4603
675	5099
4036	4711
2105	4113
4105	4868
442	4156
3215	5028
1424	4033
4920	5040
2177	4600
546	1629
2153	2438
1667	4635
307	4156
4156	4519
2273	5085
3153	5020
1727	1933
270	1110
1313	1402
1320	3545
452	1684
1034	3289
1883	3121
3837	4146
3482	4105
2799	4644
422	772
92	1742
931	1991
7	1533
2389	3859
3771	4156
1983	2818
699	2406
411	4729
50	3862
7	1444
1640	4943
476	2775
1271	2712
88	4685
440	1972
2476	4144
1991	4139
3663	4156
2241	4064
1003	2811
1028	3157
891	2124
1549	2882
1068	1637
1261	2506
2541	3358
1145	1196
1085	4857
952	3636
2939	4357
1108	1168
4	633
565	2334
885	4077
746	2495
17	4254
2795	4156
342	1313
1113	3453
2379	2952
3056	3752
797	2166
452	4406
3231	3251
7	2023
89	2615
1322	4988
230	4170
800	4113
1424	1727
2273	2902
4156	4827
1268	2273
526	3435
88	4156
788	2079
1527	4941
142	1727
222	4711
2596	3424
149	1058
3739	4279
1953	4045
3581	4445
209	1040
393	3957
230	2002
252	1460
1454	3093
2079	5062
214	3025
1444	3612
1623	3414
1431	2247
2775	3496
1331	3754
3486	5085
1527	4227
1333	4163
3894	4095
1983	2021
1083	3317
4616	4825
2246	3201
209	315
1444	1549
853	4105
2257	4859
758	4944
1527	2890
1884	4970
164	1936
1737	3962
2159	2593
414	4301
3544	4694
2939	4045
2002	4405
2353	2492
1328	3381
510	2438
3685	3907
2395	2438
272	1527
1675	2672
7	5107
1553	3441
1778	2823
2106	4540
2871	4956
33	1215
985	2174
1734	2404
1444	3713
1512	4621
4395	5083
673	2273
1272	3825
3518	4014
3866	4508
2020	2481
1402	4073
2241	3568
917	4156
1553	2173
193	2887
704	1444
2153	2946
153	4511
123	4747
797	1113
2181	2474
1617	3486
1113	4467
1320	2466
1444	4393
1341	2704
866	3665
2584	4615
1705	4417
92	2593
873	1130
98	2900
3114	3385
66	3962
148	4077
2246	4480
414	4120
1527	4042
1322	2837
2287	4941
529	3907
2273	4708
1108	1402
3105	3484
300	746
1108	3767
53	2934
2872	4391
92	3952
1983	3631
664	2495
3450	3943
500	4351
3954	4770
272	488
1328	1527
1128	3665
272	4532
616	4850
1271	3451
2051	3810
2361	2799
791	4156
1625	4970
1598	1684
1444	2975
975	3972
2615	4245
324	1355
2173	3866
1293	1662
10	599
2851	3581
3568	4970
1932	2672
920	4170
452	1259
1617	2799
35	1655
2706	2743
1409	5095
1534	4036
1680	3717
964	2185
1119	2290
229	3450
3157	4079
1020	2063
2438	3453
1020	3063
284	1527
1734	2479
2625	3107
3231	3663
3477	3724
3678	4057
1113	2310
2013	2845
2479	2904
1617	4970
324	4814
1749	4775
881	1559
626	1710
1034	4859
2273	2382
999	3380
2193	3573
1537	1697
2199	2448
2013	3935
2434	2703
89	1440
1710	5134
831	3602
2040	3103
509	2438
2270	3201
664	746
1396	4775
2013	4787
1834	3547
3117	4405
174	2615
411	5085
1527	3987
2850	5159
33	2239
3041	4241
2573	3142
2196	2438
1333	1430
4	3680
357	4775
1844	2159
221	3376
3351	4942
253	4651
1549	2163
413	2947
3496	3907
1139	4091
895	2246
1543	3219
1527	5103
4027	5011
2224	4615
1215	1800
1422	4821
4255	4775
4105	4210
2273	2743
1044	4056
1880	2852
2172	3684
489	1422
2661	4500
891	1485
230	3565
254	4609
2273	3854
587	1527
339	3767
1549	1852
1474	2102
488	2626
837	2652
722	1667
899	3392
2270	4876
1514	3674
2176	4858
429	2661
1867	4152
1108	4880
67	4460
151	2287
1017	3496
1667	4457
3423	4045
1077	1215
1151	3070
111	3590
673	819
94	1871
28	1396
3797	4775
3649	4467
920	3272
1742	5011
489	2704
1553	3505
500	1037
339	1444
4859	5108
897	5062
574	917
3747	4763
2185	4976
2404	3227
2193	3646
826	3539
2159	3534
284	2582
2628	4508
773	2406
2625	3810
214	2593
269	1215
1331	2334
1740	2492
230	2107
1726	4097
854	4156
2818	2884
417	1313
2438	3376
3390	3687
773	3488
2389	3995
517	3369
350	3308
4036	4712
3859	4156
1996	3093
3272	3810
1093	2940
79	300
2708	2882
1203	3414
17	4113
2975	4156
1710	2704
1872	4919
1344	1444
1430	2406
3380	4708
28	4674
3939	4301
2882	3863
1002	2166
696	3488
2410	3070
1058	4940
1108	4468
1085	3602
269	4814
4640	4831
789	5011
1527	3343
1891	2418
3343	3935
98	3563
930	1453
2522	4775
2829	4857
3047	3840
2661	4831
1999	3056
2153	4784
2057	3602
1489	2704
2801	4560
3754	5128
180	272
599	1617
1248	3612
123	4827
1034	4053
927	4156
299	3100
1447	2273
2840	3317
2176	3121
2406	3100
357	1110
1085	2163
323	2456
812	4200
7	3709
323	1063
2221	3153
476	1424
1356	3351
374	1113
230	1812
3987	4544
7	138
2414	3351
108	2893
2196	4041
581	3352
269	2045
1056	2051
1883	2803
1890	4775
2273	4841
961	2204
4156	4352
388	4156
25	2374
4033	4399
269	2221
2370	4077
731	2270
2230	2329
271	1727
2305	4105
4001	4033
1723	3837
3484	3743
393	921
1662	2515
2459	3603
7	2438
1248	4245
1202	3056
3687	4784
2196	3380
2166	3853
299	2934
1422	4745
2939	4651
886	5068
2706	4156
2687	4241
1474	4943
1433	4603
343	1043
652	1462
1527	4395
2259	2934
143	1085
3343	3802
2021	2103
1454	3754
1422	3636
3557	4105
92	4263
365	3335
3677	4201
664	5062
1422	4057
4036	5038
4040	4826
269	4915
3921	4105
602	3877
599	1108
2765	3354
1583	4187
2438	2871
990	1181
1453	4685
1322	1914
3724	4053
3321	4339
979	1270
3414	4381
1527	3590
4152	4905
2241	4905
1533	1537
3840	4627
751	1635
343	2615
2912	4815
3754	4916
4603	4711
2562	4478
2246	2952
2079	4784
2199	4789
2672	5155
1202	4600
2359	3739
254	3805
1559	3646
366	4908
4088	4202
2864	3344
3687	4088
1891	5155
2203	3056
2946	4508
1422	3072
2176	4399
3859	4872
3907	5113
307	1872
1093	2877
1952	5083
1755	4290
92	5136
735	1741
1800	5120
706	1462
3827	3958
4201	4255
3709	5002
3226	5140
364	2438
3361	4955
3687	4478
1215	3352
1110	5035
1006	4570
417	1583
1444	4624
513	1064
1863	4042
365	2951
510	4399
7	1655
354	1507
855	1524
4219	4328
3423	4670
1064	2045
1248	2224
2628	4480
58	1113
1537	4885
89	2011
1710	2327
751	947
89	4478
1215	3518
1453	2185
1322	4515
2438	4863
2177	4712
2102	4053
3840	3941
4033	4600
3636	4038
2347	4001
1460	4540
3452	4105
3236	3698
1444	3093
2273	2738
3426	4685
867	946
684	866
114	1527
1215	2185
271	2199
3854	4711
1485	2438
1872	3864
269	1214
2270	3590
2865	3771
7	664
873	1181
177	4902
773	4857
3445	4775
1454	4600
3105	4565
2017	4859
2694	3646
654	1710
1203	4121
601	2858
1955	2438
546	2840
2273	3389
3768	4106
2447	4156
3166	3747
489	2676
1553	4480
1527	1640
1088	1215
33	601
3754	4156
1267	2701
509	4336
3145	4600
1151	1933
269	2557
2573	2660
783	4478
1593	4156
962	2241
460	1862
1667	4156
4775	4916
18	4268
443	4156
1286	4480
1344	2435
299	2775
1313	2541
339	529
758	4381
2305	3103
2048	3770
2203	5096
2724	3541
3036	4859
472	1524
1584	4772
626	2166
1527	2257
271	4872
1202	3853
551	1405
1720	1871
576	2450
3226	4027
88	551
88	4365
1946	4239
1147	2273
1215	3843
343	2840
1527	2710
317	4156
154	1662
1017	3866
2555	4380
389	3709
1623	2625
5062	5084
2210	3602
2952	3685
3450	4118
181	214
599	3853
1710	4646
3381	4831
1480	4474
2406	3747
4245	4970
1867	2438
4594	4863
3114	3501
2547	4478
3477	5108
2092	4798
28	928
792	3450
3127	5095
2347	4729
1726	1903
1533	4646
703	5064
26	4156
2011	3529
1062	4328
2240	2241
4156	4772
241	4324
4022	4870
3042	4482
788	4033
1919	4775
1313	2124
4156	4263
3117	3606
2532	4105
1549	2438
370	967
1119	1147
975	5095
3198	5134
4053	4202
667	4999
1883	2939
552	1122
963	4605
149	1553
2438	3747
4165	4960
2193	3747
2704	4101
2102	3121
799	1496
1983	3602
3224	3534
393	5043
2637	3864
343	3837
1289	2273
1036	1930
2530	2951
3866	4033
1122	2882
1680	2438
323	2308
1527	4644
855	2865
1331	5120
1108	1460
3975	4775
2582	3810
2273	4818
3426	3450
2530	2775
230	1537
1444	3474
1113	4059
3680	5068
7	1215
1063	1727
2199	2593
269	1493
4030	5136
797	4395
1527	5080
130	4365
2334	3314
2273	2739
4201	4409
2048	3505
656	3038
1878	4478
4480	4943
917	1386
1920	2476
230	2989
3590	4326
925	4841
272	3982
251	488
1064	1152
1215	1709
1338	4775
1063	3069
460	1444
241	962
1292	1912
16	1291
4026	4640
1834	1946
3380	4789
228	1608
1834	3539
3142	3330
895	2736
14	2353
551	2230
374	4059
819	1338
1527	2666
1272	1396
488	1667
3705	4301
138	1272
933	4113
3742	5134
890	4540
460	2912
241	4156
4329	4815
626	4256
56	1215
652	3137
270	1637
4361	4872
1482	2650
1685	3004
2172	5120
17	4156
884	4609
339	3441
783	4601
1313	2577
3707	4156
3981	4939
748	2940
238	601
2877	5155
272	2829
3627	4105
1289	1527
579	2893
1043	2204
2893	4170
546	2582
1834	2456
1291	2569
1727	4526
339	4818
374	2434
1113	1533
2040	2045
374	4030
751	3687
2518	4250
3771	4053
2864	4105
797	903
3995	4943
343	5071
3590	3907
3256	3889
1377	1895
1674	1955
2775	3590
3754	4236
1983	2515
2912	3866
1527	2190
2270	4326
152	2273
1893	4478
43	3121
427	1514
111	3121
3117	5080
2845	5120
1313	4646
903	2506
2837	4656
271	2166
2329	4775
911	1527
329	3092
2203	4756
53	297
119	616
1444	2116
2438	3680
1108	1753
3100	3941
903	2660
1215	3587
114	1262
4311	4775
3602	3646
5062	5092
89	2582
1527	4863
2163	2887
894	4405
18	451
1430	2438
978	2273
3944	4077
342	452
3944	4841
1168	1173
1527	1895
451	4187
11	3958
222	1198
49	2939
2704	4056
2459	2817
1101	3488
2939	3687
2938	3853
1732	3304
1983	4144
152	2818
3484	5068
1527	2962
2624	4308
50	1322
1755	5014
3380	4201
727	2166
2661	4640
1028	2606
1154	4814
1270	4480
1377	4091
1828	3431
1119	3486
1532	4170
1563	2199
2582	4156
3596	4156
1272	4646
2555	4976
3896	5068
801	2404
3590	4033
374	3735
2645	4156
168	342
209	3122
1774	2329
1132	1215
2438	4685
1542	4056
1727	4351
2266	2438
92	2628
2946	3770
347	3860
2166	4361
1806	4290
4540	5062
221	4480
3375	4621
1559	4105
1549	2704
3145	4156
309	4152
347	2843
985	2801
1640	2389
444	2506
135	1215
1119	4540
837	5080
2273	3826
3492	4053
1175	1286
1741	2221
119	4027
151	4113
2684	3445
2893	3954
89	4685
746	3057
347	517
1527	3222
3321	4863
899	1798
1444	3771
1147	1590
1527	3854
1593	2382
2586	3041
4156	4842
579	2541
1477	5020
92	121
2515	2852
855	4863
891	4201
1333	4063
3042	4194
1067	1430
1840	4201
4156	4405
4105	4139
221	4156
1980	4200
1897	5149
3687	4480
2079	4095
831	1260
1444	5120
2438	5035
4670	5079
1740	4537
2829	3982
1667	1955
2917	4036
2284	4405
1800	5043
855	2102
2291	4041
299	1642
725	4040
300	1527
4393	4784
2102	4156
2801	3236
272	2002
1020	5028
792	1667
1215	1834
2166	3808
413	877
1924	4093
489	5128
2625	4110
4480	4949
1699	4364
1527	4510
1108	5073
1248	1598
1638	3678
2476	2560
4022	4908
149	4399
7	3435
1202	2951
736	4045
1884	4544
2687	4004
4120	5040
948	1430
1444	3859
1537	4836
2515	3685
1938	4095
652	3072
3829	5120
903	4391
123	1113
1667	3704
4111	4358
343	4960
3091	4859
3862	4201
703	1549
2119	4156
1017	2156
3725	3792
3142	4201
1710	2185
4195	4814
1527	4700
1800	5068
2013	2410
534	567
1722	4040
4336	5096
1996	4030
2555	4146
3554	5062
1916	4156
2273	4624
1871	4478
1527	4949
2102	2530
89	4357
2273	2374
1215	3211
4256	4577
2625	4130
930	4759
1108	2259
2495	3829
4775	4836
1570	4775
788	867
1215	4327
1844	4814
7	3957
2615	3848
922	1173
4526	4876
1215	1417
3747	3848
1430	3369
1189	1215
2591	4156
3646	4883
259	581
3496	4091
1778	3739
1537	4521
1113	5136
221	3590
2697	4156
492	2013
248	2185
4627	4872
1765	2300
3117	3711
3289	3724
425	4775
106	526
1025	4357
2676	3105
2270	4399
1884	4615
1255	2531
1330	2569
3768	4105
3354	3390
3807	4270
3107	4441
468	4156
3962	4301
1839	2092
3864	4880
2724	4695
1680	3505
741	4315
1727	4094
928	4609
1083	2273
1491	2882
1685	5078
1906	4880
2704	4795
1524	3907
1108	4189
1356	1537
1509	1834
1844	3884
214	1958
1527	2928
1444	2841
3096	4368
3317	3810
760	2334
1527	2550
3121	4600
2273	3344
2660	3573
1444	2404
4674	5128
14	4156
3944	4775
1543	4775
1660	3361
517	921
339	1862
2625	4857
1950	3603
704	1872
912	4711
443	1871
1322	1839
510	1640
342	1884
3323	4120
1912	4775
1037	2438
462	1527
854	3377
1147	1272
1215	4364
748	3854
1221	1422
1834	2975
4156	4905
2548	3009
2051	2911
5	3855
1640	2048
1667	5120
1722	4156
43	4207
799	3002
4642	5080
2694	3935
149	1139
510	4624
4478	4674
3138	3907
825	1549
3745	5016
4326	5128
7	1036
1202	3907
2311	2625
1028	3920
66	2747
343	4809
2013	4324
3501	5146
3957	4543
2308	3539
3488	3581
1527	2458
108	1527
3121	4357
1055	4708
699	3848
611	1281
911	1215
1710	2615
272	2851
1377	2204
3358	4433
2406	2476
1467	5147
1553	2775
2013	3860
1444	2823
339	4091
855	2395
3044	4156
823	1480
924	4095
1331	1487
1527	3713
2708	4329
1553	2852
3602	4386
1108	2676
2116	3581
284	4405
4540	5088
513	1040
978	2438
460	704
1640	1883
1912	3046
3565	4195
65	3426
92	1444
2637	3114
903	1642
4775	5018
4156	4922
1623	1726
1058	3757
2506	3573
3534	3852
1446	2704
1537	5120
1028	3581
1467	3581
1444	4827
3603	4912
2811	5120
192	2852
4180	4798
2273	3534
1283	3635
6	2864
1753	2804
2774	4156
1727	4198
2829	4775
2479	4405
975	1726
664	1068
885	2000
1549	2993
480	4139
424	1662
2625	4908
1839	4105
529	4508
2169	4412
2904	3739
1560	3674
4326	4775
3824	4446
1527	3797
1620	2374
2438	4326
2190	2273
1728	1938
340	1139
1489	4916
1647	4473
3016	3852
823	2625
28	2370
411	5080
1047	1272
2687	3443
339	3866
417	1800
673	3972
1113	4815
238	925
897	3354
1480	3204
1444	4256
2726	3175
2526	3646
123	2818
2291	4156
14	4022
1553	3423
773	4576
2011	2537
579	3840
675	4201
2882	3147
3114	3564
443	751
601	4182
7	4073
2176	4784
168	1598
2628	2946
2541	4004
1396	2660
4326	4399
1017	3853
1862	2775
418	823
1983	4405
1088	4057
3680	3970
89	4670
4368	4456
7	4256
2361	5046
1244	3302
4201	4601
1524	4357
2166	3912
912	5038
353	2076
1734	3623
1379	3330
2520	4531
2273	2660
1652	4478
460	4156
1839	3319
3201	3939
1524	4863
1151	2174
4156	4960
343	1867
422	3767
1077	4478
2706	3711
4406	4970
1724	2697
2584	3198
2625	3687
2002	2864
2290	4644
673	826
2460	4308
1549	3784
1883	4033
1775	2199
7	4435
427	4763
3121	4863
1878	2492
1727	2709
913	1215
2796	2817
1020	4034
4245	4763
230	526
2882	4182
414	1430
542	4770
315	1276
373	1454
3739	4467
2273	4264
2125	4919
1356	1430
251	4111
3704	4766
1422	1727
3685	3780
2831	4027
1513	3361
1060	4468
626	1867
71	2934
2193	2882
3424	4610
4236	4905
3352	4596
2172	4789
3077	3381
2166	5159
2479	3739
1502	2774
251	2438
537	4034
192	780
1044	3911
1480	4313
1077	2625
1326	4775
1871	3100
2438	4014
149	221
71	1821
3204	5096
513	1844
6	1444
2573	4278
3141	3426
25	492
3573	4943
2917	4156
1108	2438
1485	1542
877	4775
4105	4296
339	4053
1444	3423
362	2541
3810	5120
1527	2975
1119	5085
443	1151
2912	3496
4091	4594
3496	5120
2166	3863
2438	2706
810	4105
1444	2048
2350	2818
248	2013
2370	5120
4583	4949
4042	5083
460	2079
1774	2582
3768	4872
1085	1655
1953	4156
315	2652
664	2379
1527	4729
2196	4637
1549	4649
964	4290
1119	4970
102	4125
4111	4526
3757	4156
542	1430
299	1640
3495	4156
4156	4560
5064	5078
673	2967
737	3636
2962	3807
300	2775
4113	4478
3105	4435
3352	3404
1093	2308
748	4156
3236	3840
2704	3840
614	3114
476	3036
4267	4342
2246	4863
1215	1953
4357	4863
2924	4156
2615	4111
1621	4941
2273	2703
3646	3677
1003	1559
2330	4848
1597	3635
1042	4532
2940	5146
515	4156
3091	4097
3808	4156
2102	2153
652	911
1215	3344
2882	3298
253	4201
3289	4940
119	3496
1167	4531
626	4201
1432	4502
3272	4059
1302	4033
3223	5038
67	2722
67	3226
1958	2495
1527	2310
956	4105
921	4301
89	1483
3920	4077
3705	4156
579	5034
213	462
4073	5062
1991	2317
238	581
1640	2079
601	3955
1727	2725
4170	4651
1034	4202
4156	4478
149	3853
1903	2555
192	1666
921	4775
2013	3962
817	4105
1727	4170
2382	4775
928	2031
273	2661
574	1549
2051	3496
4364	4406
252	532
2547	5088
393	3742
1444	2884
1680	2048
149	1920
3501	4508
3354	3810
2924	3114
1722	3573
1734	4105
2438	4603
1444	3551
2273	4772
2036	4156
1487	3114
2476	3399
2526	2993
3288	4156
1936	4559
1139	1175
2625	4046
3757	4600
2153	3138
1078	4156
890	2002
1467	1485
1912	4156
2334	4905
930	3860
1409	1958
1223	4201
1883	4433
367	1430
2466	4814
94	611
92	3192
3878	4502
1722	2174
22	1430
1215	4933
35	357
1338	1527
2438	2845
88	1067
2541	3470
866	4766
5016	5120
3590	4943
2555	4000
3492	3496
1202	4943
1895	3505
3272	5062
3853	4943
1254	3646
5078	5146
2615	3705
2934	4876
3705	5128
2173	3201
2273	2864
2725	4775
1028	4775
2224	4368
1037	3972
921	5068
1524	1640
1331	1872
1215	3505
426	2020
3004	4156
1553	2048
1361	4156
299	4872
1593	4014
3105	3685
4156	4189
480	2172
1583	2704
2704	4457
2438	2582
1510	3581
959	5040
1549	4478
2731	4775
573	4406
1386	2506
1468	1599
4236	5073
2904	3957
704	4040
230	2017
1113	3102
3543	5120
797	1444
480	4789
2273	4646
2212	3343
899	4156
1214	2982
1638	3100
3160	4821
1027	2831
269	5156
1800	1847
1430	2795
1699	2962
4405	4646
4156	4201
2747	4156
343	3175
1727	4908
643	2495
1524	1883
3327	3703
3471	4073
3754	4905
751	3056
907	1030
2273	3995
1088	2547
123	1444
2934	3714
476	1881
1895	5120
1036	3369
1444	4391
1422	1650
149	3376
3002	4156
924	1113
885	2625
2852	3713
209	2221
4544	4670
3931	5120
3114	4670
1943	4156
713	5068
411	1617
2013	3070
324	3451
1993	4790
4036	5128
4156	5080
1335	1491
1451	1543
1085	2829
896	2606
3939	4357
617	1291
748	4146
130	4144
2406	3488
1549	1969
2938	4427
269	532
1113	2077
2555	3520
2939	4480
1331	2637
1062	4417
1527	2537
3860	4823
1043	4660
347	964
3505	4943
1938	2909
1215	2876
154	664
705	2434
1444	1510
1286	2775
1871	4508
1322	3810
1821	2704
1727	2065
4600	5153
551	4956
273	3636
1844	2661
2232	3456
1553	3866
1581	4775
2837	3414
948	5084
509	3739
2545	4105
663	1727
1733	2199
1527	5053
1254	1727
149	3724
1422	5128
961	1734
351	1742
1741	2763
131	2300
963	4334
1045	5113
1662	2410
1537	2923
529	3757
1270	5062
1451	3537
1078	4259
1038	2259
3535	4315
901	2476
1487	2334
4105	5096
1537	3829
2199	2296
2188	4642
2716	3518
3057	3685
3848	4151
3201	4863
259	3357
499	2672
272	3735
130	230
867	4480
3735	4605
1210	2522
2156	5153
2882	3557
7	4556
2076	2287
1462	2476
3781	4729
443	4154
529	3036
488	1127
1714	3962
89	4601
500	1225
96	4775
174	2448
3646	4027
1549	4642
3198	4406
3273	4156
5011	5107
1512	4092
1333	4170
985	1151
911	4876
831	1983
3477	4859
114	5155
2940	3864
92	4038
1444	3854
1883	3201
922	2676
1920	3477
402	4156
393	2628
154	3153
2176	4863
786	3568
17	1734
2582	3581
751	1215
2438	4597
3352	4969
4156	4490
975	3982
4357	4399
101	4789
67	3390
2803	3344
1527	4833
488	4154
3677	5155
652	4014
3385	3754
4077	4351
780	2569
130	705
476	4399
1834	3513
209	4797
1527	4040
3107	4798
4001	5108
3302	3688
684	4775
664	2684
3810	4594
67	89
652	4361
114	715
58	4729
1524	3853
975	2625
2221	2850
2557	4814
4365	5085
2223	4105
2230	2924
551	3623
3626	4040
272	2738
1068	3602
442	3713
2526	5120
1920	4508
1598	4406
89	1037
4308	4697
1313	1585
1272	2347
860	1364
17	2863
256	4156
1269	3226
854	2466
452	4186
108	4775
490	532
774	2479
961	2404
1680	4670
1454	4156
4087	4156
33	2637
1542	4406
543	1167
1537	3520
4399	4943
1028	4077
2801	3385
3477	4053
4308	4941
579	3547
1938	2625
1727	2106
2456	4034
210	5061
1966	2363
1028	3293
2704	3068
529	3477
3344	3354
4118	4219
202	2406
897	4113
1662	2466
691	4156
1485	5120
1430	2321
4594	5062
1108	4651
2912	4027
3686	4775
3825	4368
3770	4399
1705	4118
2796	4346
928	2526
4670	4763
1451	2130
873	1533
3518	3907
3105	3435
1292	4475
238	4880
251	1553
4105	4268
2618	3302
1451	2793
3678	4670
4357	4600
4391	4833
546	3863
2395	2526
79	599
1333	3044
1710	2092
4775	4942
4045	4818
2569	4079
149	3289
1215	1270
92	509
284	2273
4146	4775
1270	4151
1108	3127
121	2656
1444	2924
3962	4336
318	2486
2818	4943
1485	4770
4156	4434
1584	5140
2625	4101
3122	4139
3806	4775
2641	3054
1215	1248
1527	4602
1291	4030
1430	4693
1585	2347
742	3343
1705	4579
2310	2847
873	4644
3285	4156
975	3685
510	3505
192	4695
1432	1527
2199	4004
811	4798
601	3918
89	4475
1912	4416
541	2327
1454	2270
79	3239
4033	4433
57	4156
284	3138
4156	4462
1537	1638
1597	3272
1328	4814
1253	1741
2250	4156
1039	4059
1045	2153
17	3735
230	2547
1774	2763
853	3488
168	4406
1430	3175
4236	5078
997	2438
4059	4365
2963	4219
1038	2054
126	224
1939	2882
1338	2882
2313	2438
2241	4880
3574	3810
1527	1948
1969	2526
3863	4156
393	3070
2912	3000
3907	4053
4120	4970
269	612
1527	1551
92	1113
1320	2661
3713	5062
3724	3757
2803	3944
2893	5107
3321	4033
3797	4872
1527	3573
2818	5062
867	4094
1108	2048
1045	1727
3551	4091
1871	4111
1527	4342
2079	5128
476	1215
925	2541
2934	4334
2865	4872
343	842
2837	3319
601	4114
748	3754
2547	4651
131	2476
1897	3972
230	3768
89	947
1726	3124
1032	1064
1549	2625
1507	4814
1487	3754
4381	4798
1444	3175
2270	4480
3265	4156
2803	5062
3857	4156
943	4775
2569	3604
1147	1533
1444	1451
758	4798
1728	3863
1055	4156
354	670
3474	3505
417	4156
2241	3564
903	3175
713	3272
673	4978
952	3670
2417	3840
1085	5128
88	1215
2246	2684
933	2347
2584	5040
1444	2840
3308	3513
33	5078
440	3239
1108	4940
1261	2660
89	2939
1159	3957
1847	1953
2051	3665
1734	4254
2547	3344
1093	3837
1946	1983
2628	5079
2940	5064
1983	2831
2347	4646
2013	4763
7	2495
4033	4827
168	1684
1058	4113
1666	4621
2225	3825
618	5128
3711	5140
1444	2057
2199	2479
1147	4644
822	4105
705	4519
89	2203
673	2438
985	3114
1338	2795
270	5035
1412	3623
1377	3505
3369	5084
2495	3175
1028	2438
2070	5083
1064	2540
168	3568
2684	2952
573	1684
746	2515
2051	2545
1268	1527
1253	3103
254	925
324	4187
3739	4457
1039	1344
311	3211
633	4601
673	3646
3642	4366
1064	3153
1543	2674
4416	5011
574	1710
1422	4199
4576	4775
2321	3351
1444	5108
758	3075
2410	4642
2950	4156
168	3739
774	3501
3866	4943
2989	4156
1119	2021
121	2697
1660	4156
963	1527
2456	2864
3612	3894
452	3742
339	5128
1560	4841
1215	4022
1444	4088
3124	3189
647	899
3380	3957
3564	3754
3426	4905
2199	2904
162	3160
963	2273
235	2997
2181	2273
4362	5038
1844	3534
442	930
1680	3866
1444	3496
318	3547
89	529
89	3962
3505	4827
2171	3603
67	1043
253	5068
2334	2801
1338	2530
2153	3344
309	2591
2438	4091
2176	3687
1531	3670
3004	3133
1527	2823
3734	3739
979	3105
2379	2852
149	3091
855	3344
1202	2153
4674	5079
2374	4775
1617	4642
1271	4790
3573	4156
673	1549
4644	5085
1430	4868
2615	4763
3121	4393
1430	3121
2704	4436
2704	4318
1549	2694
3044	3810
4480	5153
1037	2105
238	1741
343	1444
961	1462
2232	3404
1895	3590
2079	2775
1863	4478
4442	4795
1424	4156
1884	2224
1313	3810
1430	3505
1728	3806
2718	5064
3474	4033
1430	4960
2593	4798
1533	3486
4463	5095
1430	2890
309	1527
1537	3352
1032	2221
3417	4988
149	3866
3543	4073
3810	4368
1477	3974
154	3685
16	1215
4775	5032
1872	2241
1149	3441
3680	4775
923	3343
248	930
3399	3434
1304	2591
2009	4443
3817	5068
1455	1991
3093	3488
612	1040
451	2045
1270	1491
1058	1871
356	2040
269	1032
2858	3236
3631	4152
1549	4077
3723	4841
2803	4863
3672	3717
1949	3272
3534	3826
1893	4040
89	192
923	1215
2045	5020
1412	1734
861	3414
1742	2199
65	3685
2334	5155
1430	4577
1946	4156
1202	3330
1139	3866
1270	4189
2938	3568
2040	3153
3381	3534
877	2615
2177	4033
2177	4202
2460	4417
350	673
3674	4670
3352	4241
4596	4872
1549	2696
1710	1847
1513	4401
513	1032
1313	4644
513	1014
1215	2460
4004	4201
4560	5146
1270	1527
2637	4880
805	1344
192	353
151	4189
221	3995
2975	4712
1460	5043
2460	4034
1056	2989
230	4144
3153	5062
347	1248
25	2924
2241	3114
1491	3686
2114	4457
2002	4880
230	4349
444	1261
809	2273
3581	4105
2003	4815
347	961
347	1617
1402	4841
354	4139
4201	4417
374	4784
4156	4600
177	2239
7	1509
812	1952
88	413
3145	3458
1680	2912
3935	4156
1727	4087
4156	4395
214	4695
576	3646
1593	1863
1322	4944
2199	3077
2177	4097
1270	2775
2652	2934
1412	3713
1996	2928
906	2175
476	4033
783	2007
1996	4775
4170	4872
983	1991
756	4156
751	928
3962	4860
1161	3559
4943	5062
1034	2775
997	1110
2047	4051
841	4763
1593	3962
3477	4156
1215	3207
1590	3685
3371	3501
342	1272
7	2710
3057	3780
472	2270
742	4857
1527	4584
2381	4201
2637	3147
1726	3953
1598	5134
1983	4040
2153	3863
1871	3139
1537	5136
2438	4036
1524	4399
3441	4088
4156	4207
1083	4092
7	4311
2310	3663
2181	4694
247	3380
574	3646
2459	4417
2199	2406
364	1150
788	4943
1077	5094
123	2273
2379	2763
2438	3496
578	1422
823	1722
1617	1983
758	1839
921	2448
67	2430
2928	3352
3231	4113
2389	3581
4105	4985
654	2912
1202	4863
1444	5095
4058	4559
963	3810
990	1937
1491	3302
1432	3439
2125	4876
411	4646
2438	4544
4872	4916
1127	1422
1527	2738
1444	4186
89	3687
269	581
4120	4670
789	4027
1727	1749
2652	4775
229	1267
1377	1553
3713	4040
513	2045
1958	2232
1983	2246
2273	4435
1270	2573
4156	5033
1028	2166
25	1079
284	2079
3739	4232
855	2803
924	2637
2163	3766
1722	1753
2174	3754
3121	4033
374	3952
699	1598
1597	4156
4113	4841
2208	2555
812	4058
3226	5107
1034	1215
2882	4108
2241	4146
725	4064
92	4144
885	4336
1407	2172
2438	3176
3091	3289
537	2456
510	2628
758	4087
2817	4301
2438	3121
1132	3108
1122	4859
4831	5029
1313	4113
2843	4200
764	4201
269	5161
510	4156
1215	2939
254	4156
800	4256
867	4088
963	2799
3719	4790
1710	4245
4417	4775
309	1151
89	3810
2722	2882
3308	3451
4156	4818
1590	1993
3426	4057
1727	3223
1110	4336
323	1834
238	4441
1454	4670
3496	4088
1453	4478
2221	3107
4301	5040
364	1959
3121	3866
89	4859
374	3444
1025	4156
751	3426
272	1027
581	1741
4051	4441
4156	4581
866	4209
1000	4775
1215	1549
114	3981
343	1331
252	2021
2438	2687
515	1705
1883	4872
4200	4259
2058	3568
4105	4358
3189	4151
1113	2002
1083	1880
617	1267
1527	1722
1396	1714
1878	3687
609	4775
1936	2747
71	2541
67	928
2531	2716
1203	4201
1078	5062
2176	4156
1267	3304
1527	2274
2334	3152
142	2102
3307	3568
2327	2606
1285	4095
1532	1563
1881	3354
2124	2934
1462	2709
704	2014
3103	3129
9	4912
1510	2193
1202	3939
56	1527
2181	3107
1527	3881
4056	4708
3381	4640
632	4198
867	3866
1537	4870
452	3568
867	3121
413	922
1269	2124
3757	4508
1581	1897
841	2615
4156	4810
1937	3343
772	2137
1537	2591
309	2177
1044	1272
4540	4949
626	1727
529	3770
1167	1981
1047	3537
17	25
509	4944
573	3198
270	4453
1585	3198
1025	4468
2339	4055
3853	4393
1537	2601
4357	5113
443	3496
177	4594
1560	1840
317	4831
2606	4038
2273	4644
2593	5028
1422	5022
1130	1181
35	2871
509	2837
92	1422
1113	3739
611	1444
2361	4540
821	3380
1322	4381
291	2625
1728	2252
1983	3131
2185	3471
3612	4970
3505	3995
3623	4729
472	4156
92	1430
2448	2704
652	3850
1527	2606
2625	3680
696	5082
1560	4206
867	922
1728	5136
1039	4313
1537	4711
347	442
2221	2460
1453	1593
2031	2615
1460	4646
1064	1328
513	581
1338	3121
4448	4970
3612	4759
2014	4156
978	3103
2434	3739
92	4139
2917	5154
758	2876
3868	4156
1953	5043
1093	4880
1283	3735
915	2597
4089	4105
885	5091
3426	4393
781	1422
2153	2803
3091	4940
2515	5095
1270	3201
2924	5120
2273	2884
2185	3860
1139	2246
254	2562
4775	4919
1684	3742
1225	3380
1240	4105
2569	4040
133	1371
404	1740
1839	3414
2840	2967
2040	4026
2555	4627
2438	5128
230	3307
788	1139
221	1527
2628	4045
1253	2557
1871	5108
4105	4571
1806	2334
3096	4023
3319	3492
867	4393
704	3501
656	5068
788	2775
2203	3677
2506	2676
3056	4508
67	2031
389	1527
896	1542
987	1113
2747	4200
1727	3047
877	1727
89	4202
1467	2406
1379	4775
3612	3860
2765	3685
1159	1884
1920	4859
1584	1973
88	2641
654	4841
3121	3138
89	4609
513	2181
3810	4364
963	1462
1833	2224
978	1527
1453	3944
432	3107
985	2241
2176	4600
3285	4165
783	2704
1585	4729
643	2852
1202	5113
427	4245
773	2026
1560	3435
329	2876
3018	4156
884	4685
2438	4336
2526	4859
4435	4841
1040	3565
885	917
4026	5156
2353	3757
96	4651
4152	5062
2927	4156
573	3568
2190	3603
842	5120
3248	3488
418	4405
1524	2176
743	978
4662	4872
1662	4409
1527	4091
26	3145
2476	2964
299	343
760	1362
529	751
759	4872
2438	3770
1774	3010
2882	4057
192	280
1283	2593
3439	4502
1044	1897
1584	4364
2064	3380
2204	3962
1168	4313
1215	1453
413	2716
1328	2221
860	3189
489	1867
4111	4478
49	4216
601	3754
92	2588
866	1006
2492	4902
890	1527
4399	5153
1371	2840
3215	4156
1537	2934
825	2970
2221	4640
2938	3518
541	614
1175	3685
788	4399
89	1867
1444	3939
221	3866
3687	4872
2296	2541
706	4609
2460	5090
241	1527
5082	5155
472	4088
1003	2450
1454	4077
4156	4500
963	2884
1322	2092
1652	4036
4156	4399
4770	4772
3995	5113
1036	3754
222	1037
788	2176
1958	3717
1880	3685
123	1553
1527	3603
1344	1774
2068	5002
1581	4105
2555	3559
427	3852
703	3439
559	1512
2661	3884
2329	4841
3685	5095
1527	3456
270	3453
343	3093
3471	4735
1444	1642
416	4357
1533	2347
1553	3121
2241	5146
1537	4544
119	4609
3581	3691
432	4480
1272	1726
209	513
1444	2002
2101	4775
1204	1699
142	2479
2672	2940
149	343
1409	3052
2002	3975
1449	1549
4480	4600
2537	4845
1085	3982
1726	4361
1728	2434
1067	3501
1638	4113
1524	3866
340	4045
3768	4815
3006	5103
529	4091
101	866
1642	3006
7	4460
79	5062
3272	4482
4033	4326
248	3860
1405	3404
797	4156
1883	4674
147	4342
3557	4775
3070	5040
2743	4400
88	3518
92	5126
1151	4468
3256	3962
1215	1377
251	1444
4507	4649
1444	3590
114	3170
1527	3389
92	731
1734	3739
1144	3685
764	1710
179	4156
3341	4023
1119	5103
943	2287
22	1867
1727	3139
2079	2438
1108	3864
3385	3564
248	921
4405	5011
3348	3399
2135	2193
911	1491
1181	1937
3695	3958
930	1168
581	2661
1549	4506
1132	2479
248	347
1127	1636
2334	5146
222	3866
3581	4941
884	4301
3423	4033
2273	3105
2310	4018
706	2706
1914	3414
4005	4156
3907	4600
4156	4480
1871	3757
1117	4970
854	3204
922	3439
3068	5061
1839	4180
89	552
1034	1871
2902	4775
241	5128
3995	4399
1083	1215
1429	4201
309	4601
53	1678
4105	4234
1682	4105
2308	3663
4393	4480
1527	2439
329	413
269	1358
248	1117
2922	3603
411	2347
1432	3354
1537	2124
2156	2904
1130	1281
2865	3431
3636	4105
4242	4651
885	2424
1460	3390
1270	4646
3102	4336
1077	4845
413	4136
1149	1444
294	3685
4445	4770
2747	3782
1215	4120
1444	3273
1840	3435
853	2193
581	2221
2438	4324
1446	1593
3518	4600
3016	3307
1402	1527
3006	4600
22	3805
17	2704
1286	2246
1422	4073
17	2414
2506	4156
130	272
1948	4775
4508	4940
921	4970
2102	3907
3810	4301
1867	5062
2406	3519
4508	4818
2526	4795
106	2334
4156	4366
4603	4615
1524	4600
340	3995
89	928
2696	3380
2181	2704
89	222
1496	2912
18	2070
89	4091
2102	2270
1527	2863
4156	4508
740	1108
2672	3887
2021	3573
1883	2102
1386	1563
195	3941
1184	2460
1727	4066
1966	4342
1867	5091
1108	2105
3451	4640
476	3907
123	2737
673	5134
1077	4156
1371	4073
284	546
2144	2724
1322	2555
4651	5113
1338	4624
1938	4872
3272	3352
3853	3907
1912	3606
4105	4872
3381	3388
1030	3747
2823	4775
1722	2775
2106	4775
2268	2557
3863	4201
5040	5128
4156	5078
162	652
354	866
272	1430
2176	3426
1728	1958
1181	4308
1430	3678
2125	2672
652	925
25	1407
117	5137
2964	3853
1302	5113
1426	1446
343	1878
3757	4674
1705	4328
89	3138
1722	3501
2775	4827
251	4863
1635	5120
4336	4956
114	3427
3114	5062
164	3782
2989	3665
3747	4576
2274	2606
149	1862
822	1742
1119	4186
2530	3866
1753	2310
241	5043
2625	4478
153	4232
751	4442
2013	2884
500	4301
2660	4156
378	2884
221	618
731	2273
1159	1684
1710	3559
2694	4475
2618	4069
2334	4763
123	4943
1734	2124
2092	4944
903	962
1764	4156
1844	4026
3907	4508
3162	4417
1734	3920
4105	4978
1422	3840
1527	5147
247	2021
2492	3166
67	1560
33	1093
652	1549
3056	3853
2946	4943
1196	4571
1722	3114
2289	4105
221	510
551	2993
3972	4236
2273	2863
1583	3484
1037	2185
1533	3840
798	1215
2775	3995
272	2710
2031	4670
1722	4152
1897	4721
2246	2270
1202	2246
3091	3853
1920	2803
2102	4399
1371	903
4361	4210
3380	2648
4662	2541
2912	1722
1117	921
2166	2089
5080	4646
3100	961
4111	618
2593	501
2660	2438
4872	2689
4775	3649
4241	1822
4798	1839
1313	673
4156	1734
5113	3751
4151	722
4329	18
4670	2013
4202	618
2438	1110
3810	2660
1553	340
3389	1132
4603	4156
1710	1144
2438	340
2589	1537
3138	1430
2259	1710
1215	389
4442	1502
2185	921
4337	3767
4615	488
3943	1189
1844	1577
5020	3103
3317	2459
4301	2912
1705	1145
3747	541
4391	2347
3107	224
4326	2591
4033	299
2438	1060
4646	4151
2946	1338
4091	1640
3935	2573
4051	4046
4263	3636
4156	1377
3688	3670
2714	831
4033	3036
4443	1710
3636	3565
3484	417
4674	3056
3754	1151
4202	149
4940	3757
4880	2877
4775	1815
4795	1151
3272	2687
3198	342
2847	1638
1313	1147
4441	3636
3341	1533
1727	136
2518	2438
4156	3944
3554	154
3581	2271
3971	374
4177	3826
3414	3107
2374	1444
2852	746
4863	4326
877	664
3191	2273
3545	2466
4600	788
4022	260
2560	1674
3810	444
842	284
4156	2169
1883	1444
4058	1936
3114	1093
329	181
4156	1476
3121	443
2589	2120
3044	1281
5082	3488
3958	2171
3417	2055
1872	1487
3602	2763
4550	4105
1617	1313
1215	222
3907	1883
3853	903
3760	1680
1215	4
1842	742
2817	1044
4156	1128
946	664
5083	3000
4670	1710
5154	4311
5140	1903
2541	1510
2562	272
4711	3853
4712	222
2637	1261
5120	4809
4156	280
4396	4267
4361	1444
277	7
4111	2064
4478	814
4841	3038
2582	123
4303	4156
3565	2970
4105	1950
5038	887
3573	1454
3837	2884
4775	4473
4905	1806
4156	3496
3352	2714
4329	4042
3686	3602
4170	2625
1958	1402
359	67
1167	1064
4490	3131
4064	2672
5154	1017
5082	943
3907	2775
3501	1872
2775	149
3987	3450
3496	3121
4200	604
3941	1270
4987	4978
2693	1422
1642	1273
3962	1168
3920	1667
3717	2102
5159	238
1937	1130
4156	3970
1699	1660
2716	2625
4156	2545
3153	664
2184	1527
4329	999
3674	500
4027	4001
2682	1006
4105	1749
4202	1753
1742	476
3920	1726
2185	347
2975	323
4177	3534
4026	269
4105	2040
4045	3590
3304	114
4697	2569
1839	126
3780	2515
1542	7
2193	509
5120	343
2625	1826
4466	3884
1474	855
4053	2775
3044	990
3248	2625
963	617
2174	1454
3131	2506
2939	1474
3056	472
4393	3866
2438	67
3351	413
4685	1402
5136	4537
866	706
4635	576
1433	309
1444	542
3853	3687
3114	307
2434	343
2002	1036
4399	2803
2361	1551
4841	7
4113	489
339	192
2687	1444
2818	1386
4918	3646
2946	2266
2939	2215
3747	127
4156	2449
4358	1727
4795	2774
2858	1151
2181	758
3236	1151
4040	2441
4872	2055
4433	1700
2618	1244
4842	7
3837	1487
2709	347
4814	1032
4144	1728
3328	1412
2173	1640
3713	1854
4775	3492
3837	2637
3272	1666
4775	1754
2569	1872
1139	339
2003	1728
5028	1338
4088	1553
3254	1666
1553	510
3488	2414
3092	214
3145	1302
4113	1884
3770	1640
2040	1741
5159	209
2287	247
2584	1215
4759	1215
5071	3343
4480	3056
2221	513
3807	2239
4365	797
3602	1386
3568	534
5128	444
4506	4040
4329	2902
4393	3770
2397	532
3222	1286
1386	551
2013	800
4156	117
4105	379
2946	855
3948	390
1920	476
4480	3770
4809	2923
3825	1460
3829	1113
4441	2040
1301	532
4603	2606
3952	2239
4908	4156
1454	884
3505	2946
4711	4615
4022	2166
3573	1999
1800	1422
4814	3565
1798	1063
2013	89
1527	364
2221	1898
3713	2334
4872	3351
1430	472
1847	1127
1272	1119
1151	1108
3932	1422
1999	7
4857	1549
3684	427
3110	1215
5085	4841
4103	1253
3380	1897
273	269
2374	1527
4151	2660
3153	2379
2934	1430
4775	574
2270	1286
4329	1948
353	92
4239	4105
946	746
4775	3631
3175	492
2718	1903
2541	330
3590	1377
2273	1422
5091	3574
3565	2650
1983	1260
4139	2694
1884	168
1108	65
4609	2234
1338	251
2884	2743
2840	1656
4386	3105
2850	1040
343	33
4548	4105
4775	1057
2239	230
1628	791
2273	1640
5096	1652
3352	2280
4770	2220
4898	4156
4381	1839
4381	224
2569	1151
4775	2302
5146	748
2176	1883
4759	3541
5022	92
4730	983
1621	1527
4784	2438
3439	2687
2964	2389
3399	1215
2672	2479
489	7
4685	67
1642	476
4508	221
5095	4113
2185	1638
4156	2731
3450	1625
2799	2660
3057	2852
722	678
3840	443
4512	3551
3321	3107
4624	1430
4033	3995
2850	2661
2406	2000
1444	731
3016	2338
4600	1444
4526	961
5128	88
1113	672
3463	3
4156	3429
3450	3389
2430	1339
1527	867
2221	578
2476	315
3649	3380
4033	3145
3763	881
4059	3444
903	845
4359	4156
618	149
1469	891
3827	2893
4119	1483
3735	1028
3451	2040
1563	1543
1583	1167
4441	1578
3211	67
5040	526
2241	307
4502	1537
4651	2438
3590	1553
1430	626
2912	1812
4775	2738
4207	2884
1991	643
3902	1527
2257	1755
509	343
3097	2003
2582	2273
351	89
3603	2293
3056	488
4609	3496
4651	3138
3646	822
4775	1151
924	353
2774	751
3496	3272
4386	3361
4106	2020
2347	1119
2273	1272
2531	2185
2259	652
3652	2334
3602	1996
2909	2065
2102	867
3266	413
4399	1883
2637	2199
2764	1527
4872	3939
4156	731
1559	877
1599	33
4694	1513
3114	1151
4326	3121
3381	324
4480	299
4627	2882
1215	1108
2951	2353
4027	2657
3450	1765
3974	1527
4222	3380
1113	379
4419	4040
4336	2871
4735	1477
3687	3056
2989	343
3944	7
1640	1553
2706	2562
2606	922
3626	923
1444	492
4105	1684
4985	1839
2850	2181
2038	258
4863	3907
5146	1806
2940	1806
3114	2940
5011	4775
4766	4113
2308	431
4642	4156
2374	1583
1108	928
2013	1117
4152	788
4111	2803
4600	1108
1128	1056
3198	1684
340	111
4068	92
3590	123
4201	121
3860	442
5149	3488
4902	798
3853	3157
4256	3163
4673	4156
3853	489
4605	2323
5120	222
4362	2185
2584	1422
4478	2438
5155	4156
4119	3987
4620	2476
2506	1958
2625	1666
3829	2672
2615	10
3888	2591
4603	2591
2172	1122
4156	1200
4105	3651
4480	4326
5053	2273
1386	316
4386	7
4186	706
2591	2438
5083	4815
2964	2350
3646	1549
2924	1958
4156	3222
4014	1108
4756	1833
3974	2221
2273	2266
2884	2864
4443	488
4508	4091
3564	1331
2967	2724
4280	1111
489	260
4399	2939
3829	3768
3807	2704
4170	3456
2871	961
509	50
3100	284
4361	1044
4328	1507
4156	2947
3987	2438
1958	79
2101	1727
5092	3111
4036	2270
4156	1202
3853	529
4419	4045
4640	854
1313	1292
3860	1966
4933	1446
461	269
4600	4399
2940	1331
3080	269
4870	3757
3907	2176
4018	3878
3255	602
4094	4033
1537	1425
3488	1727
4478	735
4130	230
5062	1491
2882	291
4036	2562
851	89
3074	1991
4789	4056
3827	2171
1920	529
3939	1474
4712	2526
4259	812
2273	585
3352	2476
2287	1710
4933	2011
1430	1036
1527	443
3850	1527
4105	3107
1867	1417
1469	114
4156	1680
4531	3303
4605	2124
2775	339
4040	544
2672	2177
3157	2841
4441	2221
2460	2181
4480	855
2820	1880
4380	2541
3204	1362
4105	3074
2476	961
1331	601
3920	1238
3122	670
4441	1844
4268	509
5095	4244
1726	1543
4480	1215
4105	3236
4178	1444
5113	4156
4540	1444
4091	2851
1930	1430
2951	14
1068	928
3057	2684
4156	2584
2934	797
4357	2079
4918	1527
4512	1006
3564	2940
2438	1151
2181	354
4053	1444
4120	347
4859	3797
3824	2187
4336	997
709	156
924	299
3248	2230
1593	735
3422	2047
3943	174
3470	2458
3352	1832
4156	3604
4156	3224
4105	1322
4201	3344
3792	1210
1883	1430
3046	1585
222	67
1159	22
4026	1328
3573	2550
2476	1674
510	339
4600	1883
4156	741
4391	1119
4224	3691
4189	1477
1424	1113
3273	2817
3907	2153
3153	513
2334	579
3441	299
5103	4600
2011	1454
3845	2047
4366	2179
4319	4139
4452	3147
1742	1248
3330	3006
2051	1980
1513	381
5120	1043
3866	142
4156	1578
3573	1444
4329	329
1533	1119
3602	3117
3343	2122
3745	2882
1527	710
2845	1527
1722	1444
4301	4014
3907	3145
4186	2265
4978	4789
4405	1480
4916	4152
4905	985
3521	1152
5153	788
4202	3853
2650	513
4943	4088
4970	195
1268	492
1108	4
2765	130
1396	928
1789	342
4336	71
1755	1723
4787	88
943	866
1444	1202
4357	3518
3505	1640
260	14
1990	92
2714	2273
4113	867
4603	1230
2795	2273
4640	3107
3009	2541
4475	4105
3211	3151
4775	2951
2591	2036
1750	1740
3920	837
4596	3100
405	284
3780	2606
4326	764
4130	2672
2273	192
3210	2531
2526	89
3692	1460
4360	1650
2239	1728
4042	3877
2273	1527
4097	1524
2506	1527
4571	928
2273	2257
3826	1527
758	126
4326	2865
2829	773
4646	4602
4775	4232
2273	1344
2166	1113
4416	2476
3907	1474
2704	174
1828	882
3272	1113
2831	119
4156	305
3848	1467
4651	4600
551	351
1803	1753
4825	4023
4674	2209
4841	616
4156	2419
2774	2438
3810	1215
4943	4508
2013	442
4734	1444
5146	3754
792	746
1898	1839
1527	1430
4004	3685
5120	975
4095	1597
4857	4795
1380	67
4156	1812
2185	1117
4156	1733
3565	1741
4565	4435
2615	1514
1527	1417
4510	1215
3328	1527
4442	1215
1108	618
3711	254
4105	532
4156	1018
4400	1083
1966	309
4775	1113
4364	28
4130	2246
826	350
3175	1527
3837	1906
2257	1444
2048	340
4357	855
2747	812
4430	2934
3390	2290
3380	2662
3121	149
1527	713
2120	1047
4175	3317
3944	1491
3581	1549
2438	1895
4189	1726
1883	1302
3565	1537
4156	416
2606	796
4600	751
4311	1871
5040	2817
4978	4000
4156	1139
3810	2714
3310	7
5128	472
4201	3559
4651	26
2048	510
2014	1585
3987	2531
3564	2334
2417	1113
4357	1883
4395	149
4057	1255
3565	3153
4232	4156
3385	1487
1958	746
2530	230
4082	2193
4178	272
3565	1253
3484	921
3344	3175
3451	269
1912	1726
1840	500
3381	1253
3907	710
2406	1991
1085	703
4051	1741
4809	2064
3352	1502
1078	812
4056	3931
5128	1625
4784	4088
4615	2438
3604	195
4870	14
1119	138
4313	894
4269	2724
3326	626
3175	2845
3760	2031
1502	947
4156	309
2951	1151
4059	3124
5083	4708
2924	2438
3752	1108
2958	1350
3544	866
903	7
4605	2720
1215	221
4684	3972
3323	309
2738	652
2449	2224
4097	2541
4357	1444
3269	2724
4526	4478
822	89
3213	2262
4043	2846
3139	529
3352	3210
2606	2438
4508	3036
4482	114
4712	2438
5068	4970
4787	3568
4365	1446
4775	2479
2241	1454
4156	1906
5085	3574
5040	1637
5095	444
1537	1045
4739	1215
4635	881
3091	1338
2573	574
930	347
1878	885
1553	403
3646	3520
5136	28
4364	2495
4342	3768
4775	3162
3114	2672
4091	3995
2361	1113
1272	374
472	89
4436	92
2438	135
4156	151
4540	3602
4863	1444
4775	2196
4059	343
4450	2438
2846	1086
4156	3376
3456	2541
573	342
4983	1151
4156	1113
4033	2573
4876	49
3496	3404
1426	800
4478	1883
4883	2589
4583	2711
4308	1006
4605	1510
489	271
1847	1593
5147	4308
3981	624
3972	2864
4319	2672
4053	4033
4336	130
1583	1444
4620	961
1285	499
2672	2241
3223	1316
3739	3623
1215	149
4496	3344
2690	2184
3401	2491
4105	3550
4004	33
4615	663
1255	1088
4405	1270
4583	192
2476	2404
1527	149
2775	1640
611	488
3602	2002
4060	1527
1433	1127
3541	2843
3674	1036
4022	2951
3907	1640
4308	348
5136	2199
5064	704
3953	1030
4156	2666
3344	373
3484	22
1741	872
4795	3543
3304	2687
4775	488
4326	3138
3288	2817
800	284
3907	599
4073	3810
1527	1377
1108	948
2181	1477
4949	2550
4684	773
2497	1215
1422	452
3335	262
5120	489
1422	652
1305	675
2818	2347
4478	922
3448	1727
3351	230
3091	488
4583	7
1444	1286
4097	3810
602	142
4471	4105
5064	2241
4841	4120
1444	809
4763	426
2993	413
2864	1491
1122	1108
928	373
4508	2438
3792	2722
4156	4069
2460	381
4784	2270
4908	14
2476	1959
4156	3527
2531	1088
3501	2672
1920	1424
3837	2877
2646	2221
3747	195
4848	3307
500	18
2347	1527
2438	1446
3501	579
4548	2569
2246	867
2913	2593
1412	1002
4022	2353
965	652
2893	1878
3674	999
3767	3231
4391	2718
5085	1313
2185	442
4417	1910
4014	3268
3808	18
3317	2618
4091	111
5154	4603
3853	855
4113	444
2909	2656
3134	417
4030	2582
4640	324
2724	579
1789	1444
2547	1446
4186	2562
2011	601
3810	2057
3670	2532
4841	230
5080	2014
4661	1527
1871	476
4609	2438
811	224
2909	2020
4064	1722
4368	1030
2259	2106
921	417
2560	2204
4206	67
1527	329
4748	2199
2582	2230
3381	50
1640	1444
2023	1537
4056	2410
2858	985
4156	3785
2803	673
5126	1564
3573	339
2678	10
4103	253
2003	509
1726	663
5134	393
4621	3981
4739	192
4091	221
4419	2672
4156	2013
2241	1422
4775	318
5128	67
4111	3701
4393	1640
5085	1533
3250	1430
2232	1256
3100	2541
2637	1872
3837	1331
4201	367
5120	149
4649	4156
3863	2591
3452	2582
3063	1006
2210	1527
3554	2379
4480	1377
5146	1331
4308	1477
5126	3739
2820	1281
1537	136
4644	4642
2837	2370
4601	1453
3687	1727
5062	1444
5136	2163
4144	2704
5016	465
3768	2626
4827	89
3554	664
4798	1623
4336	88
4651	800
4637	1751
3175	2438
4156	2628
4905	1151
4163	1740
2051	228
3678	1527
3236	2394
4156	3520
1202	88
4506	2843
4399	3056
4201	748
2708	1122
2774	89
1942	1527
5062	746
3289	89
4033	3091
4308	3063
1728	7
5043	5040
4978	885
3606	1313
4393	2775
5095	1674
4706	845
2687	2586
3451	2704
1422	1151
3272	1191
5108	3091
4201	96
3843	1108
4412	2156
1444	713
3414	2181
3920	3840
3615	1625
1650	860
3843	1527
4480	1524
2353	260
2370	758
2406	1807
4156	1338
4775	4332
4165	1955
4432	2438
4040	135
4775	4242
1883	1742
5071	4775
3565	3103
1527	1097
3107	1839
2672	890
2204	911
3152	1422
1946	1728
4863	2173
343	65
1765	89
4040	2449
1037	526
3768	3751
4711	1727
3646	2347
5149	1727
1560	500
4880	3754
1953	343
1444	930
4005	3231
2946	1553
1093	748
3944	3603
2404	1674
3852	2740
4537	2492
4156	354
3289	3036
3414	2370
1513	1271
3302	1859
4088	3646
4467	1570
4156	1122
4920	1462
4673	1215
1313	931
4405	245
3686	2912
3380	3147
3810	2769
4399	1108
4209	3974
4399	221
928	601
4956	238
3853	1444
4872	574
4526	1593
3317	1527
3568	195
3848	67
2912	88
963	890
4789	1728
2552	33
3752	928
4435	4156
5064	3864
4301	413
4827	119
2646	209
5128	4876
4674	2203
1221	413
1426	1113
3543	343
3840	3797
5062	3501
4775	2013
2829	1537
4113	2273
2850	2650
4940	4053
2672	1261
4405	786
1549	676
3057	664
4775	2947
1742	922
617	252
1593	417
3866	928
4941	2040
2684	946
3358	1727
4763	3236
3717	1640
4400	3093
2628	1553
3380	2763
4978	4848
1453	921
1108	168
2689	1270
1215	609
5083	654
2329	7
1636	1340
5043	3141
3766	2774
3441	2775
4814	4139
4091	3505
5108	1058
1936	1078
5062	154
4180	3414
4156	2175
4156	149
3344	1338
4105	2331
4329	4255
4656	2092
2438	460
3953	1537
4630	2051
3907	472
1527	229
4763	1710
2125	1872
2725	1726
4406	2845
4601	921
4105	3806
1800	663
4836	866
5120	673
4789	1215
2347	1549
1993	106
4040	1181
4712	2273
4880	2940
3518	928
4448	33
4111	339
4156	3191
2939	1871
5108	4358
4144	2335
2232	7
2924	1215
4619	1948
1068	551
4105	166
4308	2076
5035	997
3603	1863
3056	2266
1844	581
4718	1734
2924	2241
4478	2066
2327	1101
3939	2176
4880	4236
1537	923
3646	1724
3757	7
3121	1527
3105	343
4038	2555
1454	1151
2266	89
1549	925
2190	1710
1225	773
4156	4119
4863	221
4326	618
4775	1728
3686	855
2704	1533
4105	2676
1867	1722
5120	65
2410	1215
343	339
5079	4943
3943	2438
1430	800
3056	855
5091	1883
3797	2625
2479	1386
4670	1560
1117	442
2547	1108
1527	1444
4175	22
4784	4033
3941	7
3709	1722
4502	4156
2934	2310
4156	324
3943	1368
3939	2939
3944	452
4651	855
4943	2912
4480	3157
3907	1537
1270	272
3920	2732
1891	1732
1253	513
4795	1085
2934	1356
4478	2993
3779	2593
3056	3006
1034	221
4708	4201
5035	357
1003	452
2946	340
443	149
1444	108
4467	2479
4156	3581
2327	1444
2589	1726
4480	4357
2555	2002
4238	269
5020	4026
4114	2858
1727	193
4600	2803
4004	1412
4241	2508
4603	2917
4156	1883
4474	1113
4673	1444
4711	2224
3957	1878
4876	4475
2166	174
2406	1655
1527	1512
2934	2066
3201	867
2882	917
251	202
911	272
5062	923
4508	4045
4315	1980
4480	2946
3057	1068
4380	2938
2002	1396
2273	1680
4156	1150
4156	2246
2538	541
4809	3380
3292	7
1912	1585
229	152
1527	1113
3044	551
3488	985
3328	1512
4056	2738
3557	2522
1667	1477
3935	2334
3044	1937
1291	1003
4326	3201
2406	2193
4336	89
5149	2704
5034	4113
4795	4053
2438	270
3573	3496
1203	50
2290	585
3201	1635
4002	174
3757	476
4156	1936
5146	4880
1454	930
3488	174
4905	1108
2380	1527
2934	2666
2687	253
4105	2781
2335	2311
743	192
4944	4656
2417	1726
3380	2458
3369	948
5095	1724
3091	1058
4478	551
1912	1429
4088	1640
1417	79
3231	1444
4809	4789
4301	1067
3853	1871
3724	476
4609	1462
3488	930
4386	294
4156	4001
3175	2230
3623	917
4364	2438
4943	4053
4156	4110
4156	1952
4496	4113
4508	788
2917	1422
2262	1152
4448	930
4624	1377
2963	1726
1637	917
3941	1583
4559	812
2716	202
4045	1883
1113	229
4105	126
4151	1030
3995	3770
4286	192
4234	614
1942	1647
2940	307
4605	1006
1867	617
3505	339
3565	1710
5073	3864
4621	1101
2882	2005
3754	2940
1537	329
1883	26
1727	809
4949	343
3484	2013
4978	1267
2379	2246
3635	670
3145	1444
3488	2359
5095	2625
3853	284
4467	2904
3646	2555
3995	1553
1722	339
1549	444
1549	784
1710	64
3646	3581
1331	1215
2739	2230
866	79
3422	2447
4033	1640
1695	1617
2197	1537
1652	1113
1493	513
2823	18
2982	501
4315	812
4105	987
3380	1386
4156	3425
4784	2939
4775	1364
1446	1215
2720	1006
4734	2230
2013	921
4393	788
930	33
4775	272
3995	2102
3711	2265
751	149
3288	2661
3855	632
2492	1897
5146	2801
4960	300
1215	248
4624	1527
4105	23
57	56
3534	1577
1598	393
1002	18
4940	2775
4646	1912
3330	1742
3602	1527
2778	2479
2072	1710
4111	1593
3141	1044
2130	1108
2871	798
3974	404
3198	1598
2321	1491
4156	6
5134	4850
4435	3810
2993	1215
4315	3817
1953	1636
4156	2962
2929	1451
3864	3215
4651	1151
1020	354
5113	3121
1215	526
4395	3713
4815	4095
4949	1444
3307	92
4156	1862
1260	192
1884	151
4467	1684
1740	1333
2641	114
2852	2374
3581	25
4775	740
4053	1058
3843	2541
4386	3340
4480	510
4105	2689
3724	1720
4814	2221
4393	1553
4463	1527
2841	1527
3962	427
3484	364
2266	1527
1527	130
3422	238
1583	1527
4775	4094
4163	2456
4045	1583
4508	3441
5080	931
4635	2811
3441	2851
1933	230
961	174
2291	1751
3505	3114
3770	3201
4180	50
3920	1955
3107	1032
3426	2379
2541	1396
3649	230
4787	442
2447	1167
3344	3153
4045	510
2940	33
1966	1527
4685	4364
4739	3705
3962	67
4364	1543
2864	1527
3175	3100
4478	1593
3198	393
4480	3458
1834	819
4841	3713
3289	339
393	342
4944	501
4326	788
5120	2864
3057	946
3754	3114
492	67
3168	2541
3121	339
3151	3114
1537	272
4255	1537
3943	492
2593	1839
2270	1202
2547	2334
4267	4105
3646	1617
2573	917
3414	1991
4705	1113
4130	2934
4201	1878
1667	272
1496	823
4152	417
4784	1553
2687	1108
390	92
4508	510
3354	799
2569	413
4156	1625
4419	3501
4152	460
4056	809
4405	1063
3488	2370
3823	3735
5064	3887
2492	1283
4315	3
4360	4023
2672	1722
4646	1119
1119	1068
4870	2353
2882	1666
2135	1710
2661	42
4727	3573
4042	3603
2661	89
3254	501
3717	2946
2515	2246
2666	1444
3829	1726
4091	2946
3539	673
462	25
4045	2795
2310	25
5064	4526
3412	2068
1958	903
4030	488
3606	2465
3102	411
4825	4770
2048	111
1248	1117
4940	1973
4152	1127
3685	3426
3006	1524
4674	3006
2051	1936
4908	2951
1058	751
2852	2495
2904	1958
3742	3198
3513	673
2736	534
3703	343
2002	343
5062	1454
4508	1377
1108	489
4787	3860
3709	2606
4042	1537
4941	3361
4545	1460
4001	373
3770	2628
3713	2569
604	164
3612	22
462	284
4770	4130
3541	347
4735	3568
4144	2434
4097	2675
4186	1462
4156	1560
1667	1113
1732	291
3855	1057
3829	2435
4364	417
3939	1430
4988	1911
4004	1966
1527	1477
3157	928
4033	3201
4508	2102
5146	2174
1527	525
5083	3565
4445	3352
4662	551
1833	43
3321	2555
4775	1335
2040	1253
4209	171
4808	4105
4259	2051
2555	1878
4474	3810
2726	1036
2181	866
5068	4156
3768	3439
2625	404
3602	924
3496	343
4004	3399
2541	891
2625	663
4577	1638
5064	1331
3376	1895
4165	3160
4105	2710
5120	2230
4876	4033
3307	2479
4651	3344
1509	323
4960	2395
4036	912
2317	1527
3840	1417
4105	2761
4789	2547
661	266
3864	343
4943	4040
4600	3687
4863	339
2951	671
1532	1460
2584	1151
1800	1127
2726	1930
4342	2057
3884	2308
4156	2287
2379	746
2704	245
3488	1897
2273	339
5080	1215
4600	2438
4660	4349
4670	427
4775	3250
4670	2615
1710	921
4827	3121
1527	784
3051	2970
2818	1168
4033	3939
1912	1537
3602	2799
4480	111
3646	2811
3376	340
3943	2547
2938	2374
4399	2048
2989	1128
3198	1127
4001	3724
4905	1462
2714	924
4775	742
4872	855
2102	1202
3786	2199
4170	3952
4198	1740
1262	746
742	92
2555	1491
4368	67
4605	938
1509	673
2169	1727
4798	126
4144	374
1952	1165
4241	1527
4364	1662
2643	1705
5064	4789
2661	238
1741	269
2547	2064
3175	323
3231	2273
2684	1662
1597	1537
4432	2940
4091	149
2212	1422
5062	2172
2625	142
4442	1666
1527	17
2479	1527
4308	1657
3328	683
488	270
4651	1524
1549	1269
4202	476
2465	1527
4787	1117
4033	731
4307	2520
5078	3837
2460	1621
1215	896
4931	3760
3176	1628
4845	3581
4478	896
4156	2026
3201	2774
3717	1867
4040	2672
3270	2339
3317	2934
975	254
4156	152
443	195
3670	2048
4943	3907
4594	4113
3808	2938
3995	1640
2273	1617
5140	1871
2939	1524
2434	2239
3685	2209
1549	414
4441	1032
5120	1867
5103	7
4088	3121
4105	1437
3646	975
4827	3995
2177	609
4056	1527
4809	247
1617	1272
4088	4033
2506	2011
2569	725
4784	1444
4360	53
3434	272
3501	22
2379	1145
997	270
4088	3866
3198	309
3687	1417
2817	1953
4603	1800
2946	251
4040	3501
1914	758
4609	1215
4012	1897
4508	4053
581	209
3974	1750
3786	2479
2775	751
4087	3840
4662	2404
2871	89
3056	2116
2176	1640
1642	1527
3972	1581
4105	1569
2942	272
2434	1455
130	92
2661	804
5120	1028
4156	3253
1764	1113
2460	1826
3496	751
2660	214
5079	2909
4784	3121
2840	2122
3289	476
2967	2530
5085	2347
5062	709
4759	517
3127	1313
4931	3452
2946	510
1710	1684
4002	2547
1818	1273
3450	673
4189	3328
4201	3739
3047	2625
3131	151
4850	151
4097	1727
3091	476
2203	1108
3939	3866
4905	1454
4970	347
3501	3380
1510	1215
1598	921
5068	964
4502	284
4236	2637
3201	2864
1150	925
1906	748
4156	3141
4637	1215
1267	67
2290	142
5108	2125
1430	1151
2557	1741
1215	1043
2495	65
3439	1454
3735	192
1093	488
4976	1117
3458	2246
4734	4156
4478	4014
2438	2394
2476	2273
3770	3590
2890	1593
5062	2051
3642	42
2690	114
2706	254
2769	1113
4022	3757
4202	751
1599	1313
3829	2002
3124	1272
1920	1871
4014	2266
2002	1734
4663	4619
1722	985
1068	67
443	221
2615	88
3121	1474
4005	272
1938	1726
2555	253
4916	3876
2530	1527
4795	4532
4674	1147
339	221
3501	2569
2882	797
4358	3701
4045	2177
2199	2166
4146	2940
4956	1382
3636	2850
1583	1215
1549	1422
3162	2660
3201	1553
3451	854
2850	581
2460	166
2270	2176
4876	1422
3044	1130
3962	1840
4326	3492
1485	1440
4245	174
2177	1151
4775	3357
2456	1152
5003	3687
1727	1543
4308	1750
4186	3711
221	111
2185	2013
4970	4670
4840	2438
1374	1095
2871	88
3272	1276
4400	2310
4064	1331
4170	3343
4646	2672
1898	758
3574	2864
1422	184
4480	3939
4156	725
4775	4111
5062	3057
4620	1948
3057	1662
5159	4441
2338	17
2546	2460
1800	1636
4496	2687
1710	1088
3224	3092
963	652
3488	2858
2199	1889
2204	1737
3980	1108
4560	3754
4244	3817
3385	2334
1943	612
1422	1215
1549	1085
4441	810
4156	2012
3317	1122
2079	443
510	111
2531	89
4238	1666
4156	2177
3114	2799
4156	802
3859	780
5091	3939
1382	946
3301	1313
4250	2817
4105	3414
4712	4615
1355	114
4872	683
3121	1202
3361	2460
2704	861
4848	3328
4033	2048
2287	735
2940	704
2406	92
2801	2209
5028	3668
4236	3837
4156	2651
3488	2114
4178	1527
3825	2295
4139	1108
4674	4033
3496	3141
4775	2311
3668	1527
4443	1973
1017	136
3792	1449
3860	1248
4601	2438
3343	271
3808	3343
2573	1108
5011	903
3539	350
3004	1906
4156	2904
4106	1215
3117	2884
1774	252
4987	2555
1640	1377
2938	1512
4083	3860
4156	851
4268	3343
1695	272
2347	2290
468	98
1741	1108
4156	1895
4528	4059
4105	163
1983	1454
4727	3496
4615	1953
3754	2877
4121	2460
4908	930
4156	4036
4841	1215
343	114
4473	3907
3853	3518
5035	1248
3677	1734
4584	2547
425	269
5091	4201
3114	1528
529	510
4033	1045
2105	599
4775	4130
3236	705
2625	1063
2769	1527
3387	1527
3757	28
3224	2159
1455	861
4336	2064
4151	1283
1537	153
2273	1585
1079	130
3069	230
851	7
2048	1377
4908	2013
2014	1527
4091	3114
4600	1474
581	273
3768	2727
4673	3829
4395	1151
4139	3107
4902	3488
3705	343
4395	652
3426	1560
4609	4186
2938	1485
4156	3352
3754	443
2738	1215
2983	956
4156	85
4956	3352
2934	1727
3826	1577
162	67
3742	1884
2687	661
2582	2106
2962	1006
4201	567
4165	162
3704	272
1424	1034
4508	3995
3631	1454
4583	1775
4478	2526
4943	1524
3272	2989
1903	1727
2562	1948
460	443
3649	3568
1113	416
4091	4045
5128	3853
3351	3035
3674	3435
4759	921
1871	221
4170	2166
2811	881
4113	1215
4042	2922
3385	985
3884	3153
963	7
3426	643
3107	2837
4198	2361
3852	1044
4960	1444
4559	4315
3853	1453
3734	1261
4821	417
4118	2643
1480	67
5040	88
4448	548
2934	1457
4254	3669
4508	4473
5113	3747
964	921
2557	2166
4409	3207
4156	525
1948	1625
2456	1215
3747	1655
4775	1629
948	43
737	640
2193	1629
3385	1454
2591	130
3124	2273
4059	92
2584	1953
2952	664
3404	928
2763	2541
2557	2555
3887	3501
2229	321
4863	2939
2323	354
3539	323
4943	2172
3272	2922
3376	510
4178	4105
3939	3121
3751	2389
2661	1212
3156	1585
4841	4156
3573	2011
2800	2339
4042	2202
2079	510
2934	1966
1953	309
3672	33
546	364
5080	3156
3646	1085
3853	2438
3690	2863
4046	269
3484	7
4399	2246
5062	2569
5078	3114
1642	359
3974	706
1741	1032
4105	4046
2582	920
2606	271
3825	2800
3974	1333
1527	788
3111	1186
1983	238
4064	632
2040	1305
452	366
4876	1871
4357	3907
2573	541
3545	3422
4156	1286
4644	192
4960	1933
4097	2625
1532	1527
2852	1175
5120	3573
3006	89
2625	96
1897	35
4646	1147
4113	284
4110	3962
4156	1491
509	130
2934	2522
3687	1202
4863	3344
4880	343
4956	997
2389	2102
4412	4311
4091	340
3344	2246
4559	4259
5140	2887
3501	1331
1491	309
1159	573
2912	1151
4165	121
5153	3866
3319	3107
2438	22
2940	2877
2410	272
4207	241
4775	4066
4827	510
4670	4460
5096	1313
2540	1040
4976	347
2884	2531
3957	2011
2430	2395
5083	1491
4970	3541
3972	3105
2586	114
3685	476
1636	1433
1483	177
4241	1949
3705	88
5064	3564
1537	130
4077	1750
3338	2709
3602	1215
3453	997
3747	713
1328	1040
1313	742
3231	1144
3141	1171
601	307
3317	2021
1078	164
4113	89
2531	1215
4540	1527
4206	617
1527	854
4775	4082
1527	269
4775	2210
3804	1983
2541	2203
2209	7
4156	2569
4876	867
4156	1175
5032	2967
5107	3404
4378	3056
5094	2273
5085	238
3573	1108
3462	230
1705	999
3918	2036
4236	2940
3709	1883
4186	254
4270	2341
2204	66
4596	2573
3369	1215
3850	2273
4202	443
199	114
4600	3685
4045	130
3754	1453
3248	3114
4170	2555
4960	4645
4560	722
2840	460
5096	911
4841	444
3270	2156
1014	209
2515	664
4097	2940
2851	149
1215	374
2465	1585
3230	866
4441	581
4841	534
3840	3744
4156	2300
1983	1527
2438	4
2637	2241
4156	2020
4201	2370
5154	4601
4057	2185
1667	343
4827	3590
1636	58
1462	782
3795	1422
2438	452
2273	1119
1040	273
3739	329
2569	809
5128	4202
3860	1117
5118	4105
4480	4045
965	413
4872	1034
1800	343
2625	1326
3725	311
4105	912
4775	2922
4949	2273
4207	1527
3866	2176
1215	28
2876	2593
3590	1338
2105	1444
1635	1444
4083	2938
1527	252
5084	1036
5068	393
1432	1333
2406	1085
4091	2273
3677	911
2904	1113
2013	1430
3837	1454
1313	788
3369	2726
3344	3251
3840	2055
5140	2265
4105	4000
2940	2174
3685	746
2374	1741
3444	2002
2852	1454
1444	89
3677	88
1828	1049
4532	4469
1680	1527
4898	3035
4814	273
3864	1723
4391	3896
1527	759
1549	284
3369	2013
4800	4707
3351	1430
3695	11
5134	1884
4357	1202
4480	339
3866	2246
3687	1430
2199	329
1727	696
3907	2270
2803	299
1617	1147
3285	3160
4406	393
2287	153
2241	33
4480	1640
4201	35
3358	1537
1215	364
4156	3091
4308	3704
2841	2273
3272	364
3157	89
2438	357
3853	2079
901	318
4818	4395
4206	25
2395	614
4775	713
1674	67
2339	1147
2765	1983
1884	1684
2514	1527
3780	3638
4154	3941
4053	2803
3270	3211
1527	340
3713	2951
2951	2079
1429	7
4170	1710
4206	2555
89	88
3272	2624
3226	2361
2560	1444
3590	3121
3953	2414
2232	1377
4091	3760
4419	1722
2176	1474
5061	1020
4202	1444
4349	266
3151	1723
4544	2882
2361	1775
4151	652
4850	2313
3957	3198
4368	3953
1684	393
2803	1680
3685	2684
4097	3840
1527	1119
4860	2438
3518	3323
2530	1444
1859	1710
3943	3471
855	254
4120	925
3962	413
2130	1527
4775	1281
5095	4775
4560	1872
3837	2241
3426	664
2530	788
1064	273
4254	3810
5042	2341
3340	274
5079	3995
3330	855
2379	643
1340	1215
3687	1474
3995	1444
2076	1215
1316	202
2310	58
4059	2157
4351	1710
2273	1533
4406	1531
2774	2395
2404	1527
3877	1422
2530	1454
5090	2130
1674	877
2743	1386
5095	151
2404	2204
1270	443
4156	1750
4324	1430
1449	1430
3399	913
2273	842
3213	1152
3751	1202
4502	3946
3943	2704
4077	470
3747	1085
4368	28
2130	1583
3687	1215
4954	2438
4177	3224
4156	3070
4831	4123
2181	943
1396	1119
901	866
2934	2119
773	364
4478	2105
2311	903
1840	526
3010	2334
2310	177
3477	1871
1560	7
4480	1474
5161	1741
3612	509
5062	1313
4711	309
4053	2912
3995	510
4860	3703
1108	443
4898	1583
4908	2353
4125	397
2031	389
4156	489
2593	1422
5028	1305
1800	860
2341	33
2438	1371
4621	855
4206	3825
2555	92
1527	117
4399	735
4156	3704
3581	312
1454	22
2586	1128
2421	230
3962	673
3193	696
2661	88
2177	89
4649	2724
4560	3837
5042	920
5140	4876
5078	4880
1871	928
4156	3486
4508	3770
3377	1667
1444	961
3962	272
5153	2775
4405	4076
4775	3780
3114	2174
867	731
1852	451
4729	1313
4729	4646
3907	2939
4435	294
2700	33
4600	2153
4105	3703
4152	1151
4763	1248
2690	1818
1444	1270
2902	1527
4647	2709
4559	1897
3496	142
4941	1741
664	33
4970	2013
5062	2435
4077	1291
4206	162
3685	3554
5028	2882
1640	149
4014	222
2308	673
4156	2845
4867	866
1382	56
2417	92
3955	3496
4916	4905
4798	2459
4450	1955
4784	4480
3122	532
1753	1732
4209	1620
3946	1444
500	58
4863	4674
1740	1477
3966	885
4156	704
3760	2522
4600	855
3742	1460
2102	1553
3808	2882
4695	1527
4308	329
4619	3581
5043	4970
4433	2389
4863	1139
1064	519
1422	924
2159	181
1632	273
3587	2459
4105	1273
3987	89
2562	936
3539	2593
3848	3435
5079	3056
4711	1215
1228	541
3590	340
4156	1444
4393	735
3114	1723
3422	1844
2661	1032
2459	224
866	667
4662	2560
2801	1331
2171	11
4033	1474
2279	1198
3547	1256
1113	444
2913	329
1953	663
2537	2273
3107	1914
4156	1553
3672	2660
4526	3880
5153	33
4943	251
2526	2438
4269	3786
4840	2858
4594	7
1122	1058
2593	983
2370	2230
5002	2344
2438	2406
3424	151
4064	3114
3837	3114
4775	800
922	7
4178	3810
4156	164
4560	2940
2569	579
2582	1883
4417	633
1871	149
2273	269
4301	3210
3227	2199
2939	2176
4600	2270
4156	663
2625	130
2202	966
1313	1119
2438	551
5120	2940
3848	416
2796	1042
3674	2615
4443	3343
3810	3344
4329	2823
4943	1139
5108	3289
3424	3204
2334	2114
2593	405
3344	417
1946	1454
4156	7
3866	2438
2864	1734
4393	251
2584	1847
3117	1549
5003	89
602	489
1914	224
2775	1871
2334	2310
1880	162
2438	2224
2014	1912
4036	3635
4789	3010
673	343
1867	1198
4712	89
1444	403
1430	492
3551	1165
672	541
4621	1938
5062	2174
1422	742
4954	3604
4630	3496
4151	151
4187	3747
2438	1933
2273	411
3672	2438
3995	2946
3564	1872
1527	1447
4406	492
4945	1726
2051	1078
4245	3323
4987	1674
4775	975
4023	3097
4908	1215
2460	537
1983	1085
5126	4201
5091	5083
4113	4088
4775	1336
4775	2184
4210	1537
3114	748
3687	2270
4163	4018
3376	2946
2476	2204
2738	25
2864	2347
4916	1722
4042	1215
3995	1139
2850	324
1854	1800
2555	1765
4473	2775
476	149
2743	1396
5078	3754
1028	343
3114	1806
1844	381
3646	881
3488	822
4775	1710
4040	121
3864	3564
4789	1946
4097	2555
4845	3859
3114	2334
1666	1444
5053	1549
4091	222
3057	1527
1710	347
3810	1983
1537	180
4820	300
3121	1377
4468	2547
4326	3866
4586	3987
3810	1569
2993	1667
4105	903
3687	2257
3685	664
3072	2938
4053	3289
5153	1932
5091	3920
4001	3757
1527	1382
3603	9
1722	89
4156	165
1839	901
1430	218
4880	1685
4473	618
3344	2438
3734	1808
4361	153
3056	788
2555	574
2661	269
4872	2582
4943	4419
3390	272
4318	1215
5011	88
4156	1955
5120	3175
2952	65
4480	2153
4827	4399
4069	1244
1549	1165
3866	1338
4827	4091
4841	1151
4480	1680
4105	993
2240	67
4970	2615
3505	1527
4621	2725
903	316
3606	3204
1513	354
2515	1068
3414	509
5146	4236
1524	788
2361	1402
4857	2410
4156	1969
1527	492
2763	733
3027	229
3224	1844
2656	130
3907	2177
1527	1313
3797	1537
3441	529
4105	3426
2541	1132
370	272
1884	417
4775	4003
819	323
3860	517
3451	2308
1844	269
5140	611
5053	1774
3646	1405
4395	3685
1269	551
1286	618
4111	1034
4662	4605
1983	946
3807	3361
1636	663
3554	3426
1409	1215
2774	1444
4156	2097
4577	2321
3860	1453
4156	492
2370	343
3537	1113
1553	1444
4156	476
5136	272
1722	1151
3974	1705
3402	3330
2363	1938
5042	4170
3352	2057
5083	1948
3770	1553
2313	49
3450	230
2241	7
1577	351
912	309
4053	529
3505	529
2334	2166
737	114
3439	2846
3705	427
4770	2486
2166	92
5136	2796
2837	758
4209	3704
4259	164
1863	329
2181	1914
3544	354
2962	2076
2002	7
2481	1444
3603	1333
1108	751
5083	3054
4200	2438
3156	2014
2234	1727
1933	1113
4336	4201
4452	4201
4101	492
652	208
4095	3943
4615	1433
3866	510
3422	581
2625	2002
4175	4105
4326	299
1491	488
452	168
3152	1527
2694	1678
4156	3456
4877	1020
3742	1598
4053	2438
2174	1806
3426	2851
2781	1215
1847	309
3782	1980
3139	2934
4775	3565
4508	3114
5066	1422
4034	1537
4918	1333
2005	1527
5095	1402
4024	560
2013	1710
4399	3121
809	673
3573	1640
2743	1215
4712	1444
5095	1145
3344	2311
4105	704
4940	4859
3771	2079
4170	1937
5088	2266
4539	2934
4156	2775
4073	911
4362	885
3323	1215
5080	3301
1108	7
4355	4301
3603	1477
2013	930
4156	1867
5078	1093
4156	1938
4605	452
2871	127
2947	1527
3289	1871
2273	462
4763	2241
4949	241
5143	4368
2273	58
2011	1584
5095	1269
3797	1667
4584	1215
4201	3597
4401	2686
2593	943
1042	551
1444	907
3564	2858
983	152
4406	1159
4508	300
2584	1800
2230	1789
2479	1362
3603	2532
2241	1331
3107	758
822	351
4872	4544
3004	95
2726	2506
2434	1430
4457	272
5113	2153
2716	2185
2370	1914
4308	866
3201	911
4480	2048
2270	1553
1895	1444
5043	4156
1895	25
4831	166
1565	121
452	393
4560	1487
4480	3866
901	354
1328	209
4795	3691
2714	2495
2661	339
4441	209
4212	532
1988	269
4859	1444
4435	2338
5107	3825
2438	2031
1527	152
4156	506
946	7
1991	1952
4775	3953
3780	3426
3974	978
4473	4111
1847	1636
3351	2031
3210	1457
2001	797
4478	1202
4478	1430
3724	1122
3636	1113
3675	1709
4827	4053
4156	1357
2199	92
3707	1259
4467	1774
2298	1113
4156	780
1734	1543
3863	2177
1167	513
1064	1014
3757	3056
4462	417
3590	735
4827	3866
3477	3091
907	896
5120	2185
2541	1666
1402	7
5078	3864
800	673
4120	2185
4637	4041
4775	3911
2350	1527
4111	3034
3344	1168
4033	2153
1723	601
3952	2003
5128	4113
4940	3477
4408	1006
4142	1527
5128	443
3477	266
5028	4526
4954	1527
3685	1840
5120	4059
4656	1322
2951	633
1527	411
3739	92
4156	4081
3272	799
3201	928
5146	3564
5159	269
2569	2318
4841	1444
2515	643
1958	1152
1338	1286
4386	452
3036	1034
2438	1149
3100	1722
1543	1542
3486	2273
4077	193
2479	1834
3646	727
4399	4091
4532	1667
3093	22
3486	579
3685	2852
4600	4326
1524	1474
3724	717
3404	88
2547	1871
4784	3939
2038	192
3380	1437
4435	4386
1912	529
4298	11
4156	3298
2438	2404
4868	7
1036	517
1527	6
5159	4494
1948	1537
2476	347
2224	1127
4056	928
4600	89
3920	3047
4236	1723
3943	3701
4795	1028
3380	1422
2270	444
4775	4351
4201	897
4775	2244
529	476
4156	1333
4301	2185
5117	4156
2215	579
4905	2011
4156	1920
4401	101
3507	272
3426	3153
397	102
4531	4373
1662	664
5059	4156
3547	1215
4405	1039
4577	3351
3231	2291
4156	788
4798	2181
3810	2435
4156	529
4640	2625
1417	907
4189	1333
1527	171
4859	1058
2818	1260
3105	903
2476	1301
5120	3705
3114	1906
3724	1871
3505	476
2940	2569
3943	101
1533	1108
3623	1042
4949	1215
2230	1996
3153	946
5062	1215
4318	269
3344	2811
1720	529
4565	4386
3451	190
4916	3863
4939	1911
5113	4863
2628	2273
4156	838
789	67
4326	3907
2438	614
3704	667
2153	26
4281	997
2704	1076
3121	2048
4670	4111
4729	1113
2938	2934
3463	866
1396	890
3824	3451
2690	1527
1840	1037
3939	855
1113	271
4308	1191
3539	3513
4784	1722
2438	1640
4152	3863
1617	1119
2672	1872
4795	4642
1422	609
2273	7
5043	1884
3153	3107
632	5
673	646
1667	180
3939	3145
3063	1844
2181	224
1527	654
3941	1453
3705	2438
4256	3365
3955	2864
5020	3354
4089	92
4670	911
4027	2438
3646	1430
2370	1047
4605	2404
4357	2153
4416	789
4814	1064
3866	3687
2273	247
3328	774
5038	4361
1898	1322
5108	3724
4883	101
4091	2628
4770	4346
4216	4156
4105	1214
2893	96
2775	443
3426	2204
4314	1593
4775	4341
2811	343
1980	1078
3866	1430
1549	1426
4684	1628
2643	1910
2438	309
1893	342
370	42
2456	1666
3107	269
3102	2562
5062	3344
4089	1871
2514	2273
3888	2036
4156	60
5050	3114
2476	1527
4787	4156
4670	731
3435	2438
1527	1147
2273	1532
4324	1444
733	214
4058	3782
1636	1468
4156	947
4201	2938
1527	489
4399	1377
4156	3981
1527	800
3907	751
4956	357
3361	247
2672	1331
2531	1067
2852	154
4053	221
2070	1726
4940	1920
3646	3426
4775	2708
3939	89
4654	114
4475	1549
4463	2026
3939	472
5140	2775
4156	2596
2456	381
3541	928
2704	1734
2350	2273
4615	1800
4033	1444
3361	2962
4170	1477
4091	1680
4189	3354
1867	271
2884	413
4784	855
4053	1871
4399	3866
2902	1537
3358	1973
5134	4406
3439	2689
4863	3853
4763	3864
3326	959
2455	284
4941	1444
3840	1151
4827	4480
3529	2199
976	272
4033	3056
1446	1444
3920	925
1191	343
4441	1040
1527	740
2177	1524
5128	3677
5159	2646
699	291
2166	1394
4478	3204
5140	789
4943	529
2221	519
948	272
4863	1313
4110	359
4156	4066
4532	3328
2193	1042
5136	4841
5061	3437
3426	985
1993	1260
2940	2334
1331	307
2615	427
4110	1789
4040	2438
4775	3920
4045	3034
4677	3427
1202	299
4324	4156
4784	3907
4362	4201
2230	1043
1599	1215
3752	151
4105	2932
5043	517
4399	3138
4156	576
5078	343
5113	855
5085	1617
2946	2048
3646	2106
2204	1215
3889	413
3344	1527
2840	92
4860	3941
4845	2884
3107	2262
3501	1371
3754	2209
5068	3754
4784	2177
3091	1920
4077	92
4026	2850
4091	3854
1377	111
2450	881
4860	4156
5147	1549
1350	667
3713	2246
3810	2273
2270	88
4772	1215
4775	1362
3439	2569
2610	2541
2221	23
4088	2939
4156	4024
1999	1430
5035	4452
3036	1871
4340	413
3573	460
3581	2648
2215	1272
3935	3492
1532	924
1446	94
4189	1903
1839	1203
1991	444
2166	574
3686	2519
2181	1839
3351	2479
4200	1952
3859	1215
1553	948
1460	1044
4156	3692
1328	1032
5146	5064
4775	3823
2070	1422
3317	1946
2011	928
4859	4053
3782	1078
3471	3039
3380	1705
4620	1590
4775	4217
3768	1429
2361	831
1474	1202
2818	2273
2347	2014
4600	2939
4508	339
3602	2818
3705	1453
1859	1244
4601	2224
3423	2273
4077	1079
4478	3471
3321	1215
1789	1527
4970	2716
574	488
618	339
4502	4018
1526	1430
1480	1313
3646	218
2682	490
4364	2541
4064	3501
4476	214
2305	2221
4460	2615
2904	2417
1958	664
2279	230
4201	3829
3581	2823
4267	413
4798	2837
4775	4163
4105	2081
3444	2724
3559	2166
1113	551
4301	89
4603	4601
2796	1374
4831	2076
1215	492
4361	2912
4328	52
2606	67
3902	2882
2823	1430
4059	1527
3626	89
5120	4949
2268	1273
3357	339
2031	1037
3866	1444
4357	2270
4091	2775
2334	1562
4859	3289
2460	1276
4707	2934
2884	1068
1159	342
4156	3612
5049	4820
4105	2655
1444	703
4841	3426
2946	1444
2934	2928
3629	353
3032	2573
210	199
3103	2850
4156	318
4156	2696
4004	2193
3939	3687
3451	2850
3189	1537
2023	1666
3121	2079
4576	837
1867	1444
2003	1938
4255	4156
4600	3853
3880	1444
1593	1077
5120	3837
3754	2801
3505	1139
3211	2722
4756	43
3551	1215
2909	251
4531	1736
2660	2506
2124	2021
4708	2882
4172	3077
2893	675
2951	1524
2345	2231
4202	3854
4711	2438
4508	3590
3381	2338
4775	2079
4712	1430
5108	3417
1871	339
4775	3351
4059	3863
3547	2232
4800	2033
1270	1119
5080	3606
2239	1938
5091	1878
2706	2265
1636	157
5079	92
4621	295
5082	2492
4026	581
4615	1127
4244	2051
3352	1386
4473	1727
4005	3072
4478	2212
4088	3006
2166	877
4850	751
1108	154
1034	476
3687	1597
1710	42
4364	2013
3642	529
4775	2709
4156	2428
3646	2107
1151	101
4863	4033
5148	2479
4417	4328
3813	1215
4364	3484
4985	4798
4395	618
1527	673
5113	2176
3406	2125
3163	1527
3492	1151
2569	2241
4789	1412
3486	1147
4775	1727
2672	2569
1912	1527
3354	2486
3004	92
4156	1045
4775	2323
2656	33
4201	3689
4329	3682
5068	5043
2775	277
5068	3198
4207	3920
3414	2092
2495	1662
3056	1430
961	801
1313	7
2775	529
4648	1842
3735	1039
2273	149
3754	2241
3389	43
3385	1331
4377	2434
2438	1560
3486	1313
2177	618
4152	1017
4012	1705
3163	1430
4437	2691
2743	1527
4565	3361
1549	696
4144	3952
5154	347
4820	4584
3424	364
4357	1215
2884	1215
1454	65
3114	339
3701	2370
2747	1980
4433	3056
3328	1446
4480	1444
4156	4023
4386	3307
5146	1872
1912	1215
4395	1081
3204	1867
3760	3685
4978	3204
4586	2531
3612	347
3941	530
3853	2882
4978	3066
2871	997
4180	2092
3114	1872
1878	1430
2882	2689
2331	89
2863	954
4121	810
2508	2097
4328	2643
3871	1313
4814	209
3370	1678
3553	2726
866	148
3304	1667
3018	2021
4101	1726
5120	1191
1371	22
959	930
2775	1444
2893	797
3770	1377
4156	192
5084	1430
2784	1867
1549	1430
4615	4201
3488	33
4091	3702
3581	2799
2057	1527
4766	3780
3827	1062
4202	510
4940	4156
4391	3273
3056	1474
1636	1113
4201	1593
354	101
3162	1527
3380	2743
1293	891
5050	899
3691	1549
4820	3227
4391	933
5062	2799
4978	823
4324	3376
5062	142
3779	2913
4508	2273
4482	2268
5064	4156
2438	35
4236	1093
2712	2460
4640	4478
4200	4156
3754	1108
1040	269
3488	1002
3496	1722
4130	867
4797	983
2625	1430
5033	2273
3957	964
2159	329
4770	1221
3931	1971
4056	3829
1422	462
2829	1726
4053	3866
1082	354
4395	703
2460	581
2230	1988
2013	1526
3251	2232
3093	1430
2379	7
3307	509
2775	618
2745	230
4827	3770
2438	492
3636	1507
595	532
4949	2438
3496	1640
3941	443
4809	4556
1215	260
1064	581
4156	1847
4644	1122
4362	3906
4826	1991
1127	663
4045	3810
4480	2438
4033	2102
4156	855
3376	2120
3201	609
4586	4156
4775	1533
4508	3505
4170	2114
4646	3486
1705	230
4630	1454
3829	2625
4040	2840
4795	230
2852	2684
2929	1581
4620	2404
4077	1335
4775	153
2526	413
4480	2775
599	339
4795	71
4863	4088
2347	599
4594	673
3953	2908
4656	1839
4786	4452
3907	1430
1215	300
3829	1444
4170	4077
4850	1527
3828	1062
4603	2224
4775	142
3995	3907
4105	3546
452	22
2716	1255
1585	1058
3501	788
1527	842
3496	2079
4850	4775
3626	1108
1430	223
3145	1474
4091	2105
1657	1057
4357	3853
3450	2704
2177	2036
2775	1338
4480	1202
4795	4077
3211	551
2438	1444
3456	1966
2801	1806
1727	108
3321	2726
2882	579
4156	102
2803	1444
3687	1302
2541	1992
3848	2541
5107	789
2199	1990
1660	1204
1108	601
1991	1292
3604	7
4113	2379
4775	3907
4004	1215
4156	3830
3032	2290
4156	1537
2273	114
4841	4207
4775	1796
5091	4674
4763	2858
4053	3036
2014	1313
4699	1422
4368	1067
1625	1313
2531	1483
4156	3995
4944	4139
5120	4960
3701	3343
5095	509
1444	911
3601	652
3069	2625
5011	822
1034	529
2021	266
4144	1938
2438	928
3189	2724
2177	1933
5120	4863
4156	549
3441	1430
3602	2714
4988	3488
4216	1542
2268	581
2221	1844
3841	1527
4775	2273
2877	652
1527	1272
3249	2672
4784	4357
3646	3176
2909	910
1946	704
3565	2661
3603	2460
3837	1685
3559	2893
2406	1897
2181	1623
4519	1531
2837	1898
4976	442
3534	214
3623	1113
4648	551
4559	1078
4870	3513
4795	2829
4111	427
4474	3725
5083	4053
2882	2055
489	343
3585	841
5108	529
5134	1684
1883	1215
4088	1722
4478	1426
4603	2584
4156	3115
3981	1732
2031	1560
1078	887
2350	1710
1335	1028
1727	1028
4156	823
4970	786
3142	541
5082	4565
3545	3451
2872	1814
1959	546
2625	138
4789	3823
3360	58
4365	4113
4069	1859
4001	451
4600	3138
4656	3414
3107	1844
2625	2070
3953	1215
3952	1963
3451	353
2803	460
5128	89
635	380
3121	1139
3107	1203
4787	921
230	92
3351	2023
4301	4056
2515	2379
4508	751
1186	397
2737	2273
2031	91
5161	4441
5080	1617
4105	1228
3323	2541
2864	1386
2438	822
616	7
3853	476
2934	2002
3201	3056
4105	79
4858	3685
2234	2215
1599	1113
2031	1840
4480	4091
4156	3840
4381	50
4399	3376
4635	877
2410	1108
2899	1667
2013	123
4603	309
4603	1422
2818	1147
5113	1727
442	248
3105	2701
2051	164
5095	4105
1171	7
3866	2946
4478	2036
4600	3866
3724	529
3361	114
1560	526
3565	2181
2837	2181
2704	2533
3962	1353
4859	476
4784	3853
1553	1270
1269	351
4916	4094
884	416
2691	1275
3665	1872
4480	3121
4775	2119
773	311
1710	1117
3352	933
1774	1524
4775	722
3236	2704
5128	2939
5021	1565
5083	3768
3121	510
3885	3414
2185	1088
4863	3496
2185	343
4364	3344
3114	7
4476	1620
5088	4603
2026	92
1527	247
4821	3501
4798	1710
2434	1491
4956	1110
4876	4156
4399	340
4480	2102
3944	3114
2793	414
5095	2379
4795	1446
1269	822
4264	529
1422	1113
4818	2775
1444	236
1286	92
4841	2438
3944	925
4027	2900
4905	3631
4059	2311
4156	1570
3841	25
4139	924
3204	1593
4054	2031
2048	43
1480	895
162	92
4739	4156
3590	149
4163	1477
4201	2882
4236	3151
4859	149
2962	123
3426	946
2457	1705
1537	877
4831	324
4311	4152
3175	238
2946	2438
3138	1454
4053	1920
4775	3882
4151	1267
2858	373
1680	1444
3330	2803
4601	1215
4033	149
1476	272
2476	896
3404	2871
2013	1453
4308	2199
4244	4156
4809	3340
1727	1666
2951	1215
2241	343
1906	601
4858	4105
2221	273
4406	1884
3866	2048
4198	4163
4512	1537
3399	2447
3435	1215
3114	510
4651	2176
3843	1491
4526	1549
5064	2569
2023	1215
4775	3204
4357	3138
5016	2508
2196	1751
3854	460
4775	130
3987	1483
4695	546
4956	2438
2230	492
3451	1844
1941	1584
3145	2363
2329	1527
3138	1474
3317	963
4056	2350
4872	4046
3361	983
652	96
2704	2438
4480	3590
4364	3175
4014	89
2048	149
4584	2934
2114	2105
5148	3351
4860	1444
2007	1593
4770	1966
3962	3082
3688	1531
3810	1396
4202	221
3201	1202
1685	1331
1167	269
1933	1642
2662	2234
4113	3672
5118	2704
4201	1293
3907	2334
3477	476
901	7
3352	25
4027	2660
4156	3615
1839	224
1946	1656
3102	673
2156	1753
4644	3486
1003	881
2729	1795
2370	270
4318	3103
4775	3139
1430	18
1454	748
1983	1789
855	444
1113	822
3672	652
5064	1487
4088	3201
4787	2185
2177	1202
4508	1034
4254	2404
1215	736
4279	4046
3684	480
417	22
3907	2803
3866	1377
4651	4073
4200	1936
3488	1424
4543	1159
2555	271
5011	2831
2273	1248
3717	652
5156	2850
4602	4156
4775	3513
4646	123
4059	2230
4872	130
3810	923
4583	4091
4156	2562
1430	43
4519	3380
2818	1444
4018	5
1502	602
4386	4156
4712	4478
3547	1003
3437	262
4821	440
3505	3121
4560	241
1286	192
3445	855
1625	1248
4480	4053
4478	4097
913	652
3974	3581
4435	3361
4560	2241
3825	1044
4775	999
4473	149
3734	1291
4036	633
2404	635
2940	2241
4391	3069
4399	2438
3907	299
2341	1455
1527	809
1215	424
2591	798
3447	1734
1159	452
4859	3757
1871	1017
4077	2967
4775	2841
2591	1444
5108	476
2290	2259
2270	1474
3541	921
4222	3581
3866	1720
3361	2287
3380	452
1283	1144
5120	2625
3114	1409
4711	2625
3390	1996
3739	3057
3939	2270
3344	1585
2479	676
2775	2102
2913	2555
4695	1215
3866	3770
2273	1357
4083	1215
2266	1215
4315	1936
4859	4508
4708	1527
5002	560
1914	501
4156	10
4943	1553
3866	3590
3142	579
4845	1270
2526	1215
5099	4691
4670	611
1253	269
5082	3980
3451	1660
5040	309
1533	135
3687	1444
3151	2230
1533	1527
2438	26
1474	788
2555	722
2093	114
3884	3663
3663	1422
4823	4301
4960	2438
2241	748
2250	1006
5156	2047
2438	149
2939	472
5034	2718
1444	890
3606	2273
4201	271
4319	7
2079	149
4156	3669
1543	230
4105	3153
4712	1215
2661	1328
3853	1440
4674	3138
2526	1444
4954	4113
4156	404
2704	1983
4559	164
3380	2197
4670	4201
5099	2850
1742	1113
4105	7
4615	4036
4827	221
4105	2604
4301	4156
822	67
4983	1454
2329	343
3995	731
2181	901
3069	1444
4860	2203
2555	1030
2515	1145
1724	551
3496	3441
2048	221
4060	418
4156	2212
3121	2775
4916	4156
4564	2934
5099	3960
2169	2156
4888	3488
4508	618
4633	4156
2070	89
3962	2562
5155	3248
4144	1422
2924	2904
2582	1338
4156	42
5085	4646
4200	164
1635	1338
4859	4001
2652	1537
5149	2210
4357	3145
2724	1559
4156	2893
4645	4165
1867	952
4177	1577
3687	3387
1454	89
4156	2560
5091	1726
3646	759
3757	3289
2456	1491
1980	812
1283	670
4268	2166
489	488
1430	855
5113	2946
4151	2582
2185	89
4360	297
4005	3551
4105	3982
2573	2526
4583	733
1058	529
4212	3545
3739	272
4030	3010
3853	3757
2386	1728
5146	985
2066	541
2687	3
1667	154
4156	2980
2444	1637
4336	3100
4705	230
4113	901
4097	3939
4088	1117
2181	501
4002	284
2026	1422
1159	393
4105	1623
1215	1174
4055	1215
3424	1932
3365	3351
1625	417
4698	1898
965	89
2601	530
2722	1710
4156	2484
4540	106
5080	1313
4105	3448
2625	1159
3519	3059
4056	2273
4463	3380
4872	2731
3952	1338
4474	3426
4091	3866
3687	1537
3866	1527
2066	1710
4784	2803
4395	1727
3826	3224
4342	1444
488	7
4315	2989
1040	1014
4156	1820
4789	4105
5128	1524
1255	89
2153	731
4583	3859
4825	3380
3768	2057
4201	3351
4399	3505
3859	1983
4156	4113
3944	2555
2850	1032
3807	3659
2884	1996
3070	1108
2450	1559
4156	3817
4916	788
3163	542
1527	671
3827	11
3581	241
2687	1527
3376	2048
1941	1666
3663	2799
4105	3219
5154	4036
4478	2395
3724	3687
3107	2799
4775	444
3380	1724
3810	3301
4156	3939
5120	2241
3361	2076
3843	517
1444	149
3000	1422
3955	1640
4111	2775
4775	4268
5033	735
2353	1726
1460	1171
4651	1883
4395	1215
3424	985
4956	2347
3380	2055
2273	788
4362	71
4775	3829
4775	3603
5062	1942
3004	2290
2725	2625
4775	2589
4357	2176
5128	3010
4045	788
294	67
4326	1108
4543	168
3581	911
3272	1938
4540	3705
2438	791
2497	1430
2479	88
2882	108
4841	3551
3344	3301
1037	928
4619	1590
3198	452
5096	2887
4349	2204
4339	1527
3742	342
4872	4795
1036	948
4759	3860
4156	611
4670	1215
3399	2882
3757	2775
4324	1338
4460	2562
4876	618
3226	477
4119	151
2526	652
4156	3635
4250	4156
3399	2193
2079	1722
4201	2526
3995	3866
3955	3848
4170	3272
2924	1422
2584	1884
4775	4290
4156	825
3145	1883
1377	340
4340	3768
3091	3036
3451	1527
4089	1113
823	706
4105	659
3829	1527
171	3
2273	890
5117	1527
4775	4081
5011	3840
4236	3864
3289	529
3343	925
1821	1527
2947	2625
3952	3307
4315	2051
3857	3102
4482	1527
2947	147
4465	4105
4700	546
4105	1043
3344	1444
1617	1527
1113	489
3145	3056
4735	1412
2238	1705
4362	153
5084	1108
2273	240
4180	509
2114	1667
4478	2890
1117	347
3554	2040
2938	1969
1628	311
2047	513
4902	2230
4130	4018
4594	3097
4775	3293
3564	3236
2840	1946
4156	2347
4202	1108
4156	1117
2801	1710
2586	1822
2939	2153
1617	1460
946	643
4766	4382
3853	2951
2541	846
4095	1422
4261	956
3121	2246
3974	3354
5113	4111
3782	1952
3565	2646
1402	151
1527	1371
3505	2775
2829	2410
4784	2102
4128	2166
4399	1553
1412	853
3810	2188
4789	2026
3590	2048
2884	924
2079	339
831	192
4970	841
2327	1537
4654	1710
5153	4841
1593	896
3939	867
3568	2804
4419	4156
4544	2625
4809	2648
921	347
3952	230
5128	4860
4868	4841
3102	2625
3837	601
4082	3399
1006	652
4863	4480
1215	123
2038	1444
4101	50
3471	2704
2696	2526
1202	788
393	248
3496	1044
4699	1839
2438	1553
5156	4915
2541	1724
4281	4156
4113	1108
3714	1726
4960	2273
2637	1454
4674	4088
2864	517
4956	7
3680	43
5082	1699
4876	3685
4156	1522
3273	1422
4775	3932
1629	362
4406	342
3330	947
4955	2239
4156	3524
4443	541
4186	3574
4419	3713
3811	3404
4156	3354
4940	541
2946	1139
4340	1527
3907	221
3301	1912
5099	269
2940	1487
1034	343
5083	211
3955	2476
3859	1710
1527	339
2185	1248
3995	1377
2137	1181
5120	4156
4014	837
2495	946
3880	1491
4918	3698
4916	1727
3573	149
4201	1549
4156	3780
2526	1549
3864	1487
4111	2370
2334	143
2726	2259
4635	3344
4308	353
4097	1532
3351	18
269	209
2438	2177
4170	1750
1933	1537
1151	343
3805	2230
4868	4113
4775	2786
3866	2273
3685	3153
3230	2704
4436	4042
2066	886
1754	452
4880	1787
3966	1215
2438	1008
4594	983
3907	1215
4502	632
2947	1444
3957	2547
3153	2515
3539	3308
4114	1806
1728	1002
3853	2803
2370	1322
3752	3192
4156	1495
4105	735
1598	1270
3723	1527
4111	4053
4435	1527
3501	2241
4088	1108
4351	917
3757	751
3114	704
2837	2625
4944	2837
4586	162
4772	1444
3445	2706
4091	3590
3016	2404
2811	2450
4345	299
4105	811
2818	1532
4616	4105
2270	2173
4123	2456
3361	1699
5120	2989
3587	1527
513	273
5062	4916
3004	748
4106	3563
1371	704
3768	1341
4841	1996
3810	3439
4311	2169
4430	1422
5037	92
3435	500
4156	396
2951	260
4156	91
2739	1527
2584	663
3590	2946
1527	804
3713	3685
3304	1485
3754	2530
4156	87
4496	3133
1527	151
4786	1798
3590	1202
4775	2158
3581	1996
3574	1527
3470	388
2803	2709
5120	1119
3962	248
1577	1527
3272	1055
4364	492
4510	4121
3690	1283
1064	75
1338	89
4245	841
2379	1108
4156	3038
3189	601
3028	1167
4266	3877
4880	1487
1215	962
1253	273
3957	151
3840	3249
4409	2217
3344	1906
4329	654
3236	2656
1111	348
1396	67
4562	1767
2382	1527
4940	1215
4775	4637
3935	952
2438	2038
5091	3687
5037	3047
4478	2871
3781	3160
4480	1871
4156	2171
1203	758
1322	501
2031	1680
4005	362
3581	294
3685	1883
4480	1338
4105	2438
1741	611
3105	2435
2188	792
4232	2247
4202	4091
4863	2153
3105	1884
4841	903
2940	1872
673	153
2438	1453
2459	1144
4105	3030
4876	4775
1667	1444
5107	4416
3646	1151
2938	797
3970	1215
5159	2942
3864	3837
2273	911
4045	1728
5062	6
4405	3222
930	921
4315	1128
1839	50
1958	1662
2209	1108
1667	1168
2273	300
4863	3955
4544	3840
4814	4023
2250	354
3488	2502
3352	1430
3537	1667
624	114
4905	1312
1313	1063
3344	1261
3462	2724
2204	266
4872	2729
1272	272
3201	3124
1741	928
3231	1430
4142	3702
4645	3175
3471	2912
1446	617
5108	4033
4401	866
5064	2625
4328	4118
4156	1396
2882	1674
4954	343
2280	1527
2939	855
5140	88
2273	1460
1553	1139
3131	272
2014	1292
1527	1454
2913	2159
618	552
5042	3272
3114	1685
4156	2048
3590	788
4775	1559
2962	2287
4198	1432
4775	1276
4053	3121
4156	3423
4368	985
1341	1248
4026	2221
4391	797
4156	3686
884	67
3757	3036
2689	2479
2584	1127
4883	1215
4867	667
4156	3177
3308	1268
5134	921
2674	1527
3492	1871
3827	1822
4088	3853
1340	269
4601	88
5120	3273
3859	946
2871	551
4619	476
4729	1215
1617	1533
4023	1527
4867	228
1930	43
2924	2845
3573	343
4775	1422
2940	343
2199	353
4827	1553
3848	3323
1377	618
3423	111
2130	928
2102	1444
4313	899
4279	33
3685	1454
3534	2661
2169	1932
4364	2548
4091	2803
2492	1424
983	924
4163	1750
2308	1834
1487	601
4033	1933
1529	1215
4307	2967
4329	460
4057	2716
4920	3377
4931	1270
3931	618
5061	1167
2582	1828
4045	1680
3980	1581
5080	2273
4170	2882
3414	1322
2877	2582
4908	3962
3739	374
1212	581
5062	2550
1537	1433
4156	407
3145	2153
254	89
4308	670
3474	2273
4349	1043
4775	2737
177	71
4908	1113
4603	912
3705	89
1215	579
3805	791
4104	1983
3423	2438
4537	2438
2618	1859
3404	33
1991	50
4156	408
4064	3887
3623	92
1932	1017
4600	4097
3496	3114
2673	1215
2257	1215
4475	3705
4644	1533
4956	35
2591	1215
5007	3735
3810	3484
3328	903
1551	1038
2882	574
1139	221
4512	4023
1800	22
4156	3751
4798	1322
2796	2311
5088	4708
1462	699
4943	4033
4419	259
2547	1028
1477	1432
4450	3351
791	311
4651	472
3957	1884
3972	3354
2406	1834
3380	3351
3273	343
3724	4
2589	601
3557	422
4058	2747
643	154
3103	269
3853	1640
4559	4156
4872	3047
2801	7
4943	3056
2934	230
2518	884
2703	272
812	164
3568	656
4105	1878
4391	1454
2230	925
4186	119
3044	873
4766	3426
4789	1468
2904	168
3226	351
3344	1483
4091	788
4156	1893
3278	2021
3074	656
1583	733
3559	18
4646	1527
1108	28
1454	1108
2924	2273
2212	1666
3724	459
4236	1906
1313	311
2097	1818
2803	751
1840	1549
3606	3156
2803	7
3204	1272
4841	2660
4433	26
5108	3853
2801	2241
3304	1891
2582	704
2434	92
1953	1800
4340	1215
5011	3686
2246	1958
4858	4825
5037	3381
3810	2763
2308	1167
4850	3876
5140	884
4821	837
3559	2625
3091	2476
4364	2845
4178	963
3709	1946
4621	3601
913	903
4156	2793
933	541
4412	2693
4857	703
1449	1412
4157	3707
4775	3354
4395	1983
4170	2864
5128	3573
4621	1491
4119	2531
2438	230
4139	1938
3939	3590
3352	2002
2884	831
4156	3480
2273	2210
4790	4775
2877	961
1753	910
1377	221
4326	1444
3166	791
4823	4156
2353	1593
1263	7
2460	1020
4721	4361
1955	1512
3156	1912
2203	928
3239	1972
4155	2373
1119	343
3603	329
5120	3105
1272	489
4872	2655
4956	1655
2105	251
3920	2625
4198	3554
4156	3236
4156	3227
3770	3121
3488	1044
4863	4393
4038	1549
2625	1593
2460	2040
3853	1378
5062	3631
3665	1056
4630	3138
1710	248
3145	867
4152	3754
1527	1344
4018	1432
2257	2017
3663	3142
5156	513
1560	928
963	16
3612	921
3853	2102
3201	88
3272	978
4506	1036
3034	1338
4544	4119
4933	609
1377	788
3581	2694
2465	1313
4419	3685
488	35
4156	184
4859	601
5011	1727
4245	1215
4391	1270
4033	472
3860	2438
3739	2199
4125	1186
4177	1844
5034	1524
4478	3484
3107	1537
4156	2268
5021	910
4789	2654
3344	2174
653	416
1727	1533
4508	2079
4814	4026
4863	1215
3107	1943
1871	618
4395	2438
1028	18
4976	2166
3735	2706
1867	488
3952	2820
4057	7
3685	2379
4012	2846
4030	2438
1510	617
272	223
4941	42
5029	1527
1667	300
2893	1750
4326	3939
3426	725
4863	3138
5108	4940
1444	114
2105	1871
4877	3122
5051	2166
1724	1113
3713	704
2379	1662
4896	7
4368	2582
1203	224
881	127
3975	2818
4114	3236
3941	2775
5040	2438
4860	4600
3747	3293
3534	1527
3168	1713
4432	2177
4480	1883
2438	221
4949	2404
4770	2863
5107	4027
3568	2909
2610	1527
2938	2212
3724	1058
3837	3406
3837	33
1597	670
1549	764
3563	3488
1444	804
4105	2804
4033	2795
3380	1551
3780	1662
2273	1477
5140	67
3995	2438
4244	3810
5061	354
4775	1871
4757	1444
3331	2240
2882	2332
5028	3690
3782	1936
4508	4480
3496	1527
4644	1272
2946	1377
5079	4156
3970	1833
3657	1108
2102	251
2064	2046
4311	3270
3863	1749
5062	1884
4660	2204
4364	1444
4863	299
271	92
4405	3725
2476	1215
1710	1514
4775	2547
1495	22
4772	7
2370	224
3995	529
3581	2762
4863	867
4540	1113
1867	1542
4379	2606
4156	114
3724	618
2273	1958
4827	788
2615	258
3674	526
4831	1020
3344	979
3488	1774
3939	1883
1077	353
4361	885
4694	1215
4399	3474
3114	2801
4091	855
2555	2404
3995	111
3321	788
4393	3590
4908	4478
2417	2199
4033	2865
551	549
4841	2840
2273	983
3780	643
4902	4386
2199	238
2438	804
2176	1202
2196	1527
3853	488
3492	2774
4236	3114
3970	2007
4863	529
1750	632
3931	272
1871	7
3107	1507
1705	773
4152	2584
4399	2946
3255	1502
2882	759
2406	1412
4943	3121
2922	1549
4156	2060
4559	3782
2068	1753
3272	1867
4775	4097
2562	359
1709	1527
4004	1549
5064	3501
3810	922
1202	751
4624	3590
3907	2438
4409	1293
1727	96
3056	1640
4170	1647
2474	1170
4775	4198
3501	725
3581	2002
4863	3866
4705	92
831	209
3864	1454
2327	1919
4863	3939
4151	1119
3853	788
2526	964
3114	601
4118	2963
1774	796
3344	1787
1454	7
2023	1527
4642	2625
4105	3893
1775	92
4130	1727
3441	221
152	43
3153	746
4978	3490
4872	3557
5083	611
4176	3361
4368	1460
2818	1563
3780	664
4735	404
5155	1527
4471	136
2341	920
4399	339
4685	2518
3995	3590
2221	1620
2013	1996
4236	33
492	343
3695	2171
3488	1684
4916	1454
4480	2176
3138	3056
4651	1753
1722	443
5074	684
3602	192
5120	1151
3439	2573
1999	1867
4436	3445
4399	2105
2202	1537
3038	2817
5107	4775
3105	1037
3691	3646
4311	1017
2199	452
2637	601
2882	1898
4480	3376
2347	1617
3685	867
891	151
4202	3907
3207	2890
4177	2934
3513	153
4152	1454
3114	1483
1127	309
2967	819
2193	922
3739	2417
3782	2051
2313	1215
2406	71
4217	4105
4674	2939
4943	299
4775	3530
2722	311
4435	925
4095	2704
2460	383
3424	33
3590	3376
4635	1304
3114	1680
3145	1202
4955	2962
2912	2708
4478	7
1920	1034
837	364
3565	1064
2240	513
4757	4156
4902	2406
2246	1527
2890	1215
5146	2718
2967	2476
3138	1883
2657	653
2775	1202
2861	1871
2775	221
1867	1067
4123	2460
2555	1043
3354	1897
4154	1108
4156	751
2938	2353
706	254
2904	1778
5140	4194
4602	3204
4156	1524
4045	3573
1272	673
4399	1202
1532	1444
2273	867
4998	1513
3117	228
4094	3939
4033	1446
2803	472
975	343
3581	324
4156	499
4502	3855
4259	2747
1527	1028
4627	2625
4826	3426
4775	39
3302	1374
4361	3734
2102	1286
5068	1527
2157	1543
1598	791
2350	873
4228	1600
4872	4645
4156	1302
1897	1863
4940	1871
3863	1108
4763	3674
2743	123
5140	477
3565	2221
2703	1272
4053	751
748	253
4156	3121
4412	1932
4775	2963
663	309
1685	33
1215	340
2952	1108
4815	3488
4399	4045
1215	14
3439	611
4717	3852
4301	2531
1543	478
817	269
3935	1378
4876	2900
4156	2131
4170	3602
4943	3724
3646	3435
2479	374
2329	2077
4544	1726
1088	7
1937	1710
2593	2181
2120	1527
2438	1946
2479	2406
3426	67
569	33
2804	1841
1068	946
2904	272
3670	1322
4399	111
1444	171
2438	403
1058	7
4156	1814
5011	89
4908	260
3006	2803
4002	2704
2628	1270
3810	1168
1272	151
3857	1396
2946	339
4480	3138
3330	3056
4110	3739
2188	2002
4178	2840
3962	1458
4301	3860
3102	2551
4176	3153
2847	2185
4635	1003
4362	3380
1741	1455
3955	2479
3496	339
4772	1527
4395	452
3636	269
5128	1034
4077	1338
2858	92
3971	1444
579	143
3837	3488
1705	925
758	501
2177	192
3224	214
1283	354
2852	1983
3896	3797
4058	1980
2438	89
4201	4033
4202	3492
4156	3458
4970	2185
2940	2637
1981	565
4908	1117
4763	4685
4407	2637
3139	2569
2762	436
1806	1331
681	569
2215	1215
3377	1044
3507	2934
3435	222
3357	2672
4775	2386
2817	1636
2203	1549
3876	860
4544	2531
3881	284
3692	2569
4775	1705
5064	3114
4616	3488
4859	3724
4156	3305
5083	2884
3074	1955
4814	2661
4674	4600
1113	28
946	192
2038	903
2837	1914
2266	1911
4759	347
3724	2775
3121	2939
2459	635
3685	1983
3810	343
2221	2040
4301	3953
2273	684
3884	3107
4201	3808
4200	3782
4357	4301
617	287
4827	149
4120	3623
2199	111
581	192
1560	1037
4364	2893
4045	2526
1215	1091
4600	3492
1839	532
3488	2199
3602	2438
3962	2615
1753	230
4603	4036
2262	684
1750	1432
4452	1215
4642	3982
5021	2065
1553	788
1800	393
4113	272
4789	773
3687	855
1417	1358
4712	4405
4620	4619
4565	294
4663	4156
1930	1833
4863	620
2438	339
3304	928
2703	832
2606	614
3705	526
3792	1215
1551	1108
3709	1313
2031	500
2934	1198
3962	2793
1727	1077
4170	3175
4708	4329
4111	2105
4201	737
3853	1727
4399	1527
1003	890
3995	339
4944	1839
2404	131
4156	3903
1083	549
2273	2002
4594	925
4202	1642
4757	4113
1108	373
2519	258
4111	4091
4105	2625
3829	343
4088	3056
4400	1310
1058	476
4242	269
2185	174
4848	551
1377	149
3687	1524
4030	452
2811	653
4867	975
4646	3606
1113	1047
4766	4156
4863	2079
4156	1210
2942	1507
2273	1599
2547	71
3966	192
2884	1938
4202	1446
5140	2975
4014	88
3931	343
4283	1650
3160	1240
791	548
2803	2177
2185	930
4941	2374
3474	1215
2197	1814
5120	3757
3747	35
2591	912
4480	4094
2850	209
3006	1108
3352	1396
1806	1151
4156	2707
1283	329
3864	601
2232	782
383	269
4798	3414
3107	273
2904	2434
4105	513
3361	2456
4156	3157
4399	299
1527	318
1973	667
4033	867
3376	1377
4863	343
5080	544
4594	1666
1117	930
3635	632
4114	985
2334	1969
4241	2586
1667	28
1377	339
2066	1417
4480	4033
4201	3853
2584	1433
1736	228
788	221
506	230
4405	3324
1422	678
3745	465
4097	1291
3102	2023
4033	3907
3685	343
5120	5071
4349	1737
4395	2852
4560	1331
4156	1431
1640	735
3036	1920
4859	3853
5078	2241
1821	764
3602	2495
2861	2012
4033	3687
4156	2946
3162	1422
4955	3659
4848	3623
3505	788
3308	323
4357	3687
4400	3768
964	248
4508	3121
2438	1642
2474	272
1878	1549
2738	717
1527	1422
4105	1937
3939	2173
4033	3138
4012	2492
2557	541
2221	1064
4105	2455
4113	2438
4644	579
948	517
3175	2273
1455	924
3957	1429
1071	7
4125	3860
4059	3723
1794	442
1283	954
1936	887
2031	731
1867	1667
4467	92
3142	1085
2884	713
4784	4156
4161	4156
4809	452
4775	2514
1483	1270
3918	2438
5020	581
3810	1386
4326	94
1108	620
2727	2555
4016	1371
4170	3768
4201	3557
1215	1161
3175	25
4809	999
2438	1666
3518	1108
1527	510
1295	266
4602	3954
1524	1430
2795	2270
1584	1215
4831	2712
2704	2547
3907	3581
4270	1477
1734	1108
2725	1215
3904	2887
2013	548
2002	963
2704	799
4156	544
3501	3074
2795	43
4201	3912
5140	416
4163	404
4543	3853
3590	1139
4775	2760
5128	4357
2174	601
574	365
2625	1662
4729	1912
2714	192
2153	1108
2946	2246
2541	967
2438	88
1301	1271
4381	4180
4045	3853
3677	3114
2438	347
4559	3488
3539	1549
1883	299
3380	373
5034	2939
5108	2775
3590	18
5085	1527
513	238
4775	4395
4452	2666
2690	2273
2769	2273
4872	1491
3763	1844
4156	1740
1958	1350
3496	1999
3501	2840
4960	1527
1834	673
3114	2877
3709	3646
4419	4064
1305	1253
3289	1058
4301	2031
3380	3340
3866	2079
4097	2012
2573	2310
4003	71
5116	4775
4368	1560
3054	230
3705	1037
2865	1042
4600	4088
3056	2939
4399	1444
1248	573
1215	925
573	168
5099	501
1800	309
3754	3426
1444	1058
5049	517
4301	2013
1462	1119
2247	153
4814	1517
1480	1248
2582	1527
4775	2332
1684	342
4156	1751
4870	1215
3646	965
4831	2546
3361	1204
4203	4105
3904	1113
4883	978
5095	3204
3486	1527
5003	451
3689	2938
5021	2909
4508	3724
4242	574
4708	2555
1893	1151
3686	477
4315	2545
2404	347
2884	2361
4711	2591
2438	1628
3757	1108
3250	1527
1453	248
4789	3581
4045	3944
5161	811
3490	2370
3307	1422
3075	2555
3176	1085
4156	181
2202	1727
3939	1524
4106	2479
3669	2414
4531	987
4711	4508
4033	3505
466	92
4156	1331
3344	2060
4033	1722
1833	4
1988	877
4863	149
4156	3344
3685	643
4600	3939
2021	123
4023	297
5062	2660
1946	1215
1215	253
823	119
2560	2404
2215	1313
3488	3380
4053	3330
4033	1202
4478	1446
4105	1371
4201	727
4151	1617
3780	2495
4670	2438
1085	7
2262	2063
1215	89
4378	4053
735	664
4336	4301
4113	4073
2334	2174
4308	2962
4943	2775
4674	3907
4227	4156
2273	1996
5094	2230
2224	1422
5061	3063
2476	1444
3705	67
4870	2951
3070	1912
4814	3884
5016	4241
1460	1119
3323	1871
4945	4775
2311	374
4787	930
4042	2416
4478	2382
3590	1215
1322	509
4943	2246
2747	164
4677	2097
4146	3114
4978	444
3456	1444
1800	192
4267	3757
3343	92
2840	2438
5156	2221
3685	3201
4156	266
4635	2450
3752	611
4201	661
2338	1537
3604	1356
2361	963
2020	1225
5120	2840
1678	1322
1585	411
1527	599
4526	1000
4775	4361
1149	746
3590	1680
5095	5062
2718	1108
4674	3853
2038	343
2904	1734
3860	241
5120	2615
2775	1617
4256	1430
2704	804
4480	3474
2379	1983
2829	2625
617	16
1839	1623
4976	2013
4784	299
4073	611
1833	1036
4336	357
2593	181
3445	1871
1878	1742
4960	1270
3114	343
3138	1108
4406	1684
930	773
4656	501
758	50
2116	1527
2273	1695
4206	2240
5113	1883
5051	3646
4151	1527
4784	4053
4156	65
4537	4163
3361	190
1914	901
272	152
573	393
3057	2515
1750	1537
1722	1202
3273	1451
3450	800
2153	1302
3063	866
4949	2864
2661	2460
3565	3107
2939	2438
2438	1043
460	339
4858	4583
552	49
1872	1056
2628	529
5146	3581
3272	1025
1275	837
4097	1537
1527	1191
2829	579
1593	885
788	111
4040	1635
3981	1891
3323	254
5095	7
3484	3344
5068	1884
4814	2850
1983	975
2356	2262
2939	2865
2406	791
4406	1215
4358	3943
2036	1215
3308	826
4465	1710
3204	2555
1842	1113
1527	123
4001	1058
4870	3840
4775	1676
3343	1215
4329	3829
4775	1310
2625	272
4201	574
2262	1064
2818	890
3175	28
5042	1113
930	928
3995	1527
2486	799
4763	2031
4156	684
4182	3248
5091	896
1727	796
4831	4156
4156	1144
88	67
4734	2438
1113	111
3907	3866
2887	2536
4526	2526
2040	1844
946	130
2361	260
4419	1454
4156	2911
1171	1044
4899	4770
2946	2270
4399	1895
5120	1871
3974	209
3623	2865
5040	1884
1911	1371
2092	501
2994	1113
4603	1636
731	123
4091	4053
4277	4156
4827	2909
4156	1821
4073	2687
2660	1527
5090	3554
2924	343
1422	670
3739	1742
5007	4601
2884	1532
4814	2040
1553	111
3672	1867
4156	2457
3859	2379
1867	1527
3785	1140
4400	3351
3920	230
3995	2909
3944	2882
4621	2947
3426	1025
4364	1527
3939	3853
4775	2648
5035	35
3920	1920
801	652
4053	2079
3047	797
4373	955
1215	91
1003	987
3138	2176
2373	1973
4201	1796
4201	797
4393	3907
1806	985
4705	2434
3754	1528
1958	492
2902	617
4540	343
5128	1151
2940	601
2625	1215
3995	2048
1726	1705
1912	1313
5082	1581
4712	1969
4202	2775
5120	2434
5084	353
4770	35
2502	673
4621	1812
3056	1453
4787	347
3568	886
1958	1215
4156	2643
4357	4326
4798	509
2273	1076
4399	4393
4859	1871
5113	1215
4362	506
2864	2841
3471	452
997	357
2893	2884
4180	224
3124	272
2912	7
5084	2726
1946	1444
5154	4615
4327	1422
5079	476
1422	1203
2569	1932
2541	1215
1215	1008
837	66
3723	3124
1682	1527
4698	647
4386	2137
3859	1527
4326	202
3249	88
5034	4841
4770	2950
4815	1897
4502	1057
4651	3939
1003	123
3439	2582
1993	1271
5082	3805
4915	501
3069	1537
1953	1422
4478	3677
4053	3853
2593	329
3056	867
3907	3056
2203	822
3760	1883
2479	271
2893	2652
2884	1527
4202	4156
2841	1714
1636	546
393	168
4482	932
1382	947
1662	1331
4775	3957
2718	1487
1215	378
5120	3853
894	601
2406	1742
4480	3201
1727	923
4059	2335
1620	1493
3674	174
1732	624
3853	1058
3581	2000
4925	4380
1527	704
4940	2438
3907	3687
1734	1727
2912	89
4603	1953
3006	751
3642	2466
4872	3559
1527	1510
2946	788
4156	2530
2153	1883
4156	4057
1457	1044
1796	885
3114	1067
1710	427
3568	2011
4077	895
3704	866
1270	6
4809	1386
1147	411
4603	1127
3323	2716
758	224
2456	673
2274	924
4839	7
1598	573
3108	1952
4674	4480
4097	1710
4033	111
1680	111
1030	673
4476	2199
2273	1097
1430	853
4156	1000
1202	1151
4677	2508
4105	4072
1037	599
1453	1151
2850	273
4151	541
4094	1883
4053	2946
3581	6
4339	1215
3377	2204
3822	2193
4094	2270
1531	952
2845	492
4130	1537
3016	1159
3840	2347
1025	343
1765	717
1814	1710
3853	1883
4478	3612
4400	3032
4918	3581
2193	1527
2847	2013
3866	3376
4645	3380
4506	3864
4827	2851
3754	1093
3153	978
1269	477
2026	1113
911	266
1936	812
3250	1422
1451	427
4364	746
4924	4156
4156	3792
2726	43
4899	413
2079	1151
4318	513
1549	965
2803	89
3690	861
5154	3471
3069	1727
3669	2560
2203	88
3390	2799
4798	1914
5099	2704
2296	928
2105	731
1108	510
3298	2273
2625	1049
3539	2975
4201	1028
3907	1444
3912	1079
1844	1741
4976	921
4198	3855
4156	2144
3344	2582
4691	3361
4151	3344
3111	1537
3426	266
2852	867
1666	1537
3687	1549
3422	2221
2676	151
4043	2153
4757	2102
3565	1844
4056	1491
2193	2134
3893	269
2335	374
2184	1583
4045	7
3121	1524
4735	2488
2347	123
2410	1085
1322	224
1953	1127
4314	4156
1734	917
4915	854
885	542
3399	3162
2722	1215
1765	131
4236	2241
4088	1883
746	154
1108	1017
1621	269
2531	1710
3674	91
1426	1085
3860	98
3907	1722
2079	89
4105	1330
5128	4206
4045	2102
1812	1727
2921	1537
4645	1697
4241	3827
3198	1710
3866	1202
1623	224
5120	2002
4433	3848
4315	3665
2273	804
4045	3680
3399	2994
3889	1549
4156	2458
4615	4601
4040	664
1006	381
4670	3962
1453	347
3565	581
3231	1652
1638	142
1728	92
4478	2726
4286	4285
1527	213
3047	1726
1537	543
4821	2569
2615	2438
3626	2912
2230	2210
3231	2230
4496	2479
3826	1844
2912	1871
3687	3443
4560	2334
2726	1430
4236	3406
841	427
3573	3492
3829	2273
2703	1527
4674	2153
4053	476
2374	735
4357	3573
3742	573
4646	1617
2938	1666
4784	3492
3853	928
1620	1064
2912	443
789	119
4081	1727
2428	284
1142	270
4022	3962
2703	2335
4340	89
4775	1077
5082	3972
4201	1002
2273	221
5128	2687
3944	1527
1734	1113
3374	1028
4756	948
5146	3114
4756	1930
3602	1152
3995	788
4113	1444
4621	4601
2373	1527
5038	696
4105	3052
4490	1281
1667	1272
2059	1727
2962	1660
4831	1276
3163	2273
300	251
510	149
3674	1215
2479	2335
1920	1720
5154	1215
4494	2047
529	149
1775	924
2763	1402
1720	1709
500	277
1883	1474
2102	1430
5153	3121
2541	1736
1527	1083
4712	309
1527	374
1958	946
4537	3649
4053	149
2628	2105
921	442
1666	432
1202	855
2967	2438
2661	817
4113	4045
2850	1741
4478	230
4242	1727
3602	123
4405	964
5159	3565
3554	3153
2884	2057
2417	2208
5154	783
3665	123
4863	2775
2013	1215
4712	2591
3739	2703
1991	1113
2438	1489
4955	3807
1680	1139
2924	2232
4448	2625
2438	961
4200	4058
4789	961
4056	1599
1685	748
4670	841
4435	4077
4615	1422
3735	617
1537	96
5083	3631
656	258
2273	1948
4482	2273
4201	1537
3854	1215
3328	1042
4775	923
4156	56
3304	2418
832	374
2270	894
3685	1068
5033	2031
2379	946
1928	529
1356	18
1537	574
4315	4058
4105	2386
1037	7
4605	2476
2540	477
5148	1356
2718	933
2159	1577
3590	299
3920	3499
1726	923
3141	1800
1741	273
2877	2851
1740	1712
3768	284
5051	4399
2105	510
4978	4532
1085	272
4023	618
3770	948
2185	985
5002	3646
4113	2079
3362	1527
4053	3441
4586	4119
4841	1527
2852	664
4278	1973
4364	924
4670	1638
1248	930
2939	2803
1203	501
2625	1085
4880	1331
4870	1726
4014	1215
1495	1344
3505	111
1455	509
3603	3072
2370	1467
3488	2353
2476	2193
5107	4095
4841	1674
2893	330
2803	1642
1527	274
4705	4144
4478	1198
4105	2181
3770	510
4368	3351
3292	2618
917	17
3362	1368
1959	1313
3163	1283
1382	710
4823	2438
3757	736
4960	2803
2017	1215
1113	459
2876	2159
4324	3272
3042	2690
4763	1514
4036	2591
4357	4113
3038	1953
2438	703
3810	607
3251	2506
2672	896
4642	230
4775	291
4399	2775
3321	2803
2811	1674
3404	151
3073	1727
2438	2048
2438	427
3477	3036
2739	1710
4827	339
2438	222
2829	1727
1727	1239
3590	2173
5061	491
5080	1585
4872	92
4308	2486
2273	1382
3682	2912
4200	2051
4342	1942
3792	311
4872	4326
3852	1502
2479	111
5079	4033
3590	1270
3590	1640
3864	307
4841	4027
924	704
3342	1666
4880	748
1422	1079
4163	2934
2852	946
4734	1527
4268	4201
5035	95
4841	2244
5074	318
3859	3239
983	316
3352	1527
2266	928
5068	1149
4033	3853
1983	1833
2625	1667
2962	247
4742	706
5128	2370
4105	228
4734	3114
3636	2438
4105	3563
3456	7
3797	1444
713	25
4640	1203
5095	2526
788	599
4540	1710
1322	595
5040	89
3393	1537
2660	1386
2684	2515
4194	3853
4863	2270
5032	3840
3114	1331
4201	1063
2331	1215
2515	946
4872	797
4784	1202
3198	1159
2176	2153
4775	1666
4775	3189
2625	764
4985	3107
4859	529
3739	1958
5090	4443
4685	4156
3386	911
2547	2185
3825	1451
5143	1030
4442	3100
4809	773
1884	452
2273	2048
4286	1422
3881	842
4400	4105
2221	1040
2555	1027
5107	1726
3573	3114
4172	4156
4905	2174
2661	2040
4452	1991
1331	748
4798	4656
2724	2338
1884	309
3441	1444
3488	796
3406	1727
3488	2515
4393	2350
4712	1527
1705	948
4301	928
2660	1444
3505	1444
4848	901
1036	43
2584	1966
3392	1119
4480	3702
4045	1640
5020	1527
5035	4336
4630	3573
4975	4902
3860	3456
3853	2796
3866	111
2729	1710
4863	4399
2801	1487
2519	11
4419	704
2434	230
251	119
4775	2072
664	643
4976	4759
4400	3682
4111	907
4814	3422
4120	2615
4766	1215
3943	3451
4463	1422
4156	500
4341	2273
4508	460
4784	4399
4857	3380
3995	3121
3581	928
4283	3450
4827	2079
1727	1517
4156	3534
4673	1527
2002	703
3390	1667
3450	3210
573	452
881	576
4940	476
1710	1159
4045	3770
3495	696
3581	673
4916	3631
2476	938
4956	3453
4156	3884
4201	3745
4815	4201
4712	4711
4357	2177
4156	1527
3853	3100
476	221
4674	1108
4642	1537
1151	460
3191	2438
4105	98
5161	1943
3739	1527
1560	1215
1402	1068
3385	1806
1527	304
1584	1527
272	83
2775	1491
1937	1281
3864	3114
1710	442
3047	1537
1667	362
3198	1884
4156	2370
2438	1338
3612	517
1444	1076
5095	4809
2850	1513
5128	3941
251	106
731	656
2709	2021
2850	238
1537	1517
2334	2135
2569	704
2840	1542
4559	4200
2204	1549
2327	684
3687	299
1248	427
3943	2938
3669	2704
4482	1891
2864	1444
3138	1640
4677	1340
3450	7
4868	2013
2714	114
3488	2492
3585	952
3941	1108
5095	25
4156	1430
5033	1444
4867	4105
4976	4787
4156	3056
3250	1467
1422	172
4156	3880
4156	3962
2555	2070
1590	1113
1834	1063
4005	1527
4342	2947
4399	1640
3121	221
4040	1028
3590	510
1884	1636
4405	823
2795	1444
3824	272
3231	1527
3307	177
5128	4030
4156	456
3674	1037
4565	4156
4640	3636
4113	3404
4457	2904
2964	1722
4165	3380
1313	1272
1040	581
3920	229
4586	4301
616	300
4448	99
4094	2173
1113	305
4156	35
4349	4005
4045	1946
2265	254
3947	1444
4814	4046
4468	4033
2515	1402
2591	1727
1617	248
2912	922
2560	1527
3100	1727
4315	4200
3907	788
5128	1722
3554	3520
440	92
4685	1560
5120	299
3974	2273
1532	1396
4640	2540
4448	4040
4876	2871
946	154
855	26
2865	1524
1859	673
3757	149
489	28
2430	1549
4156	3156
5002	1467
3810	890
5153	1753
3888	2177
1215	339
4863	4600
3108	1527
3328	1807
3943	2555
4111	2036
4308	799
1326	78
4460	4110
4036	3439
1215	304
2040	1513
5062	4156
4730	49
4202	3573
3713	300
4827	4508
4202	2628
3907	3121
4178	899
4105	3860
4156	2929
2273	492
4860	89
5079	4088
3724	1113
1840	1215
4798	2293
3573	2438
2347	1695
5161	5061
4417	1477
2706	99
4278	1196
3854	1884
3344	6
3301	1893
2417	1727
1871	1440
4156	287
5113	3590
2329	1444
4795	4712
3612	1422
1454	1331
3770	2079
4001	2438
4511	899
2760	1537
1883	1553
3119	2247
797	541
4976	3860
2000	1430
4094	1524
1113	809
4206	3231
2395	1593
2079	1202
1430	1144
5028	354
4105	804
1281	1181
5080	585
3091	529
4818	443
1451	1272
5090	269
2476	2031
3554	2495
2051	1897
4841	4360
2199	1734
2013	964
4795	4368
4872	2293
4480	2909
3100	443
2672	1601
4329	2190
4245	3674
1260	354
2347	1313
3377	1652
4970	2224
4988	595
3602	1510
4204	2687
542	229
4156	1255
4988	3792
4781	4105
3145	3121
4804	440
4694	4105
4753	251
4406	921
5028	670
4170	1537
2374	924
4480	251
5016	343
4627	230
5134	168
3636	3381
1310	222
3357	2438
3145	1524
4357	3056
4698	2460
3779	214
4163	3354
3559	2606
2628	1444
4336	4156
4156	3201
2079	1454
3792	2872
1432	329
1722	1028
1996	1532
1196	907
460	149
2962	632
4985	1623
5153	339
3864	2241
3016	22
4850	1726
2648	895
4088	3939
4508	1444
3581	3124
2273	171
3272	2341
2125	452
3273	673
4544	4156
4433	1652
1495	1159
799	318
4357	4033
2840	704
3319	758
1938	101
2181	269
4105	1255
3581	2863
4106	2334
3974	3380
3108	551
1722	1108
526	500
4045	339
2273	913
4156	343
4880	3837
1108	987
1754	92
329	214
5140	4326
4940	529
3907	460
4601	2917
4699	92
3713	3501
1952	1527
4460	359
4583	2273
2775	222
1527	1151
4559	2051
3426	1948
4943	2048
4311	4014
4033	3191
4092	3204
4156	1206
4863	1474
5080	4473
2334	1454
4219	1705
3121	3056
3557	1710
3646	1119
2716	89
4480	1139
4004	3768
1635	343
2273	1912
2811	576
4642	1451
2584	309
4609	2706
2946	529
1883	751
1455	354
4156	3193
2495	2002
4186	165
3057	2379
4583	1215
5091	1727
2934	1159
1422	365
4905	1093
3888	1215
4644	1119
1527	961
4156	1534
4729	3606
2562	67
5120	4880
3488	1086
1510	1122
4156	2059
4206	2774
5120	4954
3471	2562
4077	1821
3980	3810
3057	1145
4156	2066
3724	3036
2273	1313
5043	1171
2048	1527
4110	2479
4570	4105
3684	3226
1454	1444
1549	551
4156	4027
3357	1048
4202	1722
342	157
4804	3239
4775	1938
4872	3056
4775	2347
1063	673
773	241
2166	1338
4473	4336
4841	3272
4156	2283
1884	1598
270	35
1377	510
1958	1527
3565	209
3223	652
3687	1883
3249	2241
4201	542
4222	4156
5082	1705
3823	823
2840	618
4600	3056
785	541
2852	1068
4872	2536
4825	4809
4863	460
3056	2270
3142	2166
2310	500
4663	1527
1862	1446
4041	1751
3484	1884
1119	123
4399	1139
4144	33
4651	241
4508	4399
4156	2450
1487	985
5020	1064
4775	3670
3564	2801
3117	272
4900	2938
921	574
609	89
4091	3770
2055	1727
4236	601
4156	3941
4364	4156
4916	1151
4940	1491
4340	1270
1662	891
2273	1139
5040	3962
1333	617
3484	1593
2573	1215
1737	911
1444	983
3941	1151
4186	1527
2837	50
1593	251
3770	3501
2912	2538
5120	2038
4064	492
3568	1110
5095	2606
1943	1064
4775	2552
2763	2176
4156	2547
2555	1002
2334	985
3399	1132
2266	1491
1168	476
3810	1581
1742	1147
4452	3342
4329	1867
3122	354
4775	1623
3426	2852
1527	192
4831	1271
1203	23
4077	2188
1667	229
5120	492
4412	1017
4156	233
4991	4156
4201	4121
4091	1338
4405	1798
1598	1159
2747	1078
4775	626
172	43
4460	1215
2438	1662
4156	1485
3734	1198
3739	3414
1914	1741
3705	3390
5079	2270
4058	164
1064	537
2406	35
2273	2116
3684	351
5078	1331
2993	978
2051	812
4045	2048
4111	1878
5140	585
5153	4113
2625	1749
2072	814
4775	3102
4818	529
3780	2379
2013	347
2708	2404
2876	214
3501	271
3505	221
3380	2395
3352	1444
3817	3665
3786	1113
3537	489
1221	25
4105	1189
4105	1321
3285	1425
3754	2334
4775	1712
5095	2370
5002	1674
3742	168
2203	789
4784	4326
4789	4775
4735	4502
1883	867
3435	2031
4156	2091
1903	551
4784	3100
4615	2515
3488	2020
4198	3974
1454	1215
4111	149
4775	654
2704	1189
4532	705
3754	2079
3153	2495
2479	911
3204	1549
4586	4544
4734	4670
2939	2270
4156	3143
5061	4891
2273	1270
4202	339
3423	2270
1281	990
3074	1778
4814	4640
4775	1254
2166	2013
1996	873
2447	513
2845	343
1710	108
4342	2716
1549	17
5140	928
5134	1159
4156	552
4917	4474
2185	1255
4311	1932
2615	1215
2818	1068
3602	890
460	7
4156	3744
2077	855
4058	1078
4502	4189
2850	1844
4400	3389
3860	921
1553	529
3941	2912
2438	1593
4831	269
4460	427
1202	89
1640	867
4042	966
4077	3054
1144	92
4642	1386
4361	456
1844	817
3304	3
4673	4473
4795	1549
4364	229
2877	748
3853	2270
4670	4245
4046	1727
2661	2447
339	149
3754	985
4721	2188
5071	2166
4156	2527
3210	1108
1722	460
2913	214
3462	1422
4496	17
251	108
3369	1930
4474	2492
1727	959
4412	4165
3806	1422
1942	7
2208	1834
2003	1455
1844	1328
964	51
3581	2786
4775	1527
3754	2952
4156	1034
2795	2438
3175	1215
5020	4163
2241	601
2850	2066
4651	3056
4943	4156
2547	2531
3157	1108
1723	748
2946	1640
3857	1215
4195	4105
2909	886
3505	3376
1215	152
673	323
1884	1800
1737	266
1996	1396
4508	2775
4845	1527
4870	4156
4654	1537
4559	887
3606	1585
1726	626
2775	89
3565	238
2064	672
3590	2893
4463	4156
3499	1113
2541	2430
4144	1113
2438	443
4694	354
1527	780
4798	1203
4775	727
1973	855
2929	1480
5147	1215
4317	3810
5003	930
964	71
3054	2625
4036	1444
3122	866
5053	1444
4156	3357
4324	2232
4308	3690
2386	2239
4201	1662
2569	149
3121	788
3889	2696
3414	2479
4627	1727
1727	153
2181	670
4448	2013
3496	1553
2465	2014
3612	3541
4393	2584
3687	2153
2687	1502
1215	427
4651	3907
2040	209
3439	151
3724	3091
3361	1271
3691	3399
2661	513
4005	3124
1422	309
1215	26
5099	413
4053	1640
3551	1527
2946	1883
5108	4053
2714	1983
2241	1451
2582	1444
5078	2877
2928	775
2864	617
4101	2166
4088	2102
1822	1732
5028	1527
3191	1444
4615	2917
4507	3380
4898	855
4045	3751
4416	1585
4700	4368
2119	1726
5062	2864
1549	25
1710	492
4775	259
1933	89
4560	4236
4863	4784
1774	1108
4775	1597
4339	1113
4156	2939
4954	2273
2775	79
4809	274
4180	1322
3689	3547
1119	585
3974	1305
4113	1374
2479	17
2637	172
3739	2335
3687	3138
305	92
4670	1514
3429	1527
3302	7
5062	530
2438	947
4763	2569
3554	643
4156	877
3590	3505
3954	2938
5012	1055
867	65
4201	1532
4201	4000
3303	955
4186	2438
4478	417
5143	3953
4156	673
4180	3445
3854	2079
4339	2273
2625	169
5154	89
3070	92
5080	4467
1774	92
3451	1741
4032	1527
181	96
4042	2542
4508	79
3725	2722
2952	1662
3091	2404
4646	599
3817	2989
2530	2302
3585	300
5038	3488
1741	513
4757	3907
1553	946
4711	2526
5108	4097
3016	2476
4030	28
2560	1734
1215	311
4775	4238
4156	1822
3486	2347
5120	3114
3713	788
1444	340
4468	7
4621	1433
3947	2273
4902	3911
3853	1454
4351	4004
1893	1847
3444	2335
4156	3204
2438	1139
2479	2417
4863	3056
4267	2625
1147	890
5091	4290
4033	1680
4264	1527
3505	2666
1543	696
1270	788
3606	2014
4954	1444
3754	460
2438	921
4189	1727
3451	2466
3063	3028
1108	108
3863	1710
5020	4814
4775	3795
3939	3138
4775	2417
3553	1537
3426	2321
4241	114
2904	374
4053	3091
2055	895
3056	1433
3837	2940
3338	1527
3151	152
4180	2837
2334	1485
3859	3354
2537	1585
4156	3860
3709	1215
4156	2817
3551	2726
4862	952
4831	3361
5085	1147
884	88
4053	89
1444	221
4508	111
4156	1635
1660	491
4976	248
5062	1662
3056	1883
3907	1871
4978	1480
3107	513
1444	452
4156	2265
4474	22
2541	1840
3574	272
3866	788
4876	4480
4156	1151
4315	1056
4478	4002
5136	488
2031	1514
1958	1444
1727	1491
5040	1800
1953	1444
2224	1433
4170	2395
4468	1553
3911	1991
1599	1527
3289	2775
4113	3157
4201	696
4156	4079
1778	272
1713	736
4775	2712
3477	1058
3496	1454
2456	92
4357	2102
3138	2939
4880	33
1003	576
4775	123
2002	92
4442	451
4441	1741
4651	4478
2048	1139
2273	1789
4757	1553
3343	1565
2946	2102
2153	299
3739	3444
2843	1590
3138	710
3974	3103
1897	1283
1331	985
3496	884
2625	626
4105	3677
4012	1113
1396	1386
5068	309
4705	1430
1513	11
3010	1028
2913	181
2829	1426
3091	961
2661	1014
3488	177
4512	2625
3105	1527
2975	673
4419	3357
3254	532
3559	1727
4766	946
4823	3456
4357	1474
751	88
3496	2706
2722	1820
4646	2014
2656	1583
4644	1444
2706	1462
4201	2557
4560	3114
3866	1474
3213	92
4770	1676
1527	208
860	737
3450	3380
1640	1139
3224	2593
5108	4156
5061	1253
4156	928
4480	3573
1585	529
4540	7
4033	1377
5096	2502
3863	2310
1527	922
3344	1108
4105	2210
3703	872
3107	2850
3565	2474
3293	1362
4163	3974
3768	2929
3317	891
4057	2531
4045	3995
4364	343
1680	340
4872	4603
2803	1933
2406	228
551	89
4809	2196
2934	913
3226	1742
5040	2615
5035	3453
4917	1948
3711	1549
2818	2057
3724	2438
3980	3972
3848	1840
2456	1422
4308	2317
3163	1215
4651	1593
3539	2934
2951	1480
4442	94
1149	149
1980	164
3850	3581
3829	2013
3426	746
3537	1272
1113	488
2687	1485
5028	2273
1705	1062
2169	1017
3100	1215
4854	1396
4940	3724
4045	3687
2270	867
4766	746
2438	42
3920	3784
4848	705
4775	1517
4256	542
5062	3829
4775	3153
2438	1483
4393	2270
2615	2476
2492	1161
3853	2775
1496	922
230	136
2013	88
4818	221
4510	4308
2011	1113
4674	1430
2706	16
4120	22
2474	269
4763	2438
3038	1215
2048	1430
2188	180
5153	910
3848	2240
2962	1657
4870	4775
4156	2266
4156	251
3780	946
4809	3974
710	299
4739	1527
3946	800
5011	3226
2924	1527
4004	2829
3603	1750
3687	2803
3902	2637
4156	1108
3672	2102
3947	1527
4419	2569
510	123
1537	1068
2370	1912
5062	2548
1527	111
3866	3056
3547	1339
2887	789
2438	552
4712	912
4105	121
3340	2374
4207	2361
3827	2519
4362	925
2547	2318
2863	1283
1527	1139
5120	1025
3456	656
3304	2703
5084	1930
4326	2079
4056	3955
4177	2159
2268	79
2273	1338
612	513
4014	2541
4000	2166
3770	1444
3853	710
5062	2495
4336	270
2584	1636
2266	2079
3922	209
1225	92
4804	2736
3201	3145
4790	3629
4863	1883
1440	855
2370	1839
3606	1527
4537	4018
4836	1727
4619	2626
2887	1549
3939	3056
2877	2738
3565	1032
4970	393
2054	1113
4033	2803
5062	2900
1130	990
4970	4644
4485	2934
4673	1286
5011	119
4156	1149
3289	1720
4480	3760
4311	3840
3602	581
3054	1726
3974	1064
4056	3141
1215	587
2924	2495
3931	1527
5029	4156
1878	1585
3317	2011
4615	309
975	230
2506	214
3972	3810
4880	3114
4156	3441
4156	821
3590	339
3406	3114
3866	2389
2224	1636
1617	890
4473	3441
4156	1640
4600	1640
4637	1726
4399	3907
4311	2156
3445	640
4186	3850
1553	130
2031	89
4420	4040
4405	3604
1267	706
4073	88
4627	4156
2389	546
192	114
4435	3944
1108	359
3102	546
1108	1036
4057	2847
3853	751
3404	2506
3153	209
3426	3385
4105	2659
4405	4313
2714	1260
5095	2852
4053	2021
1844	273
1996	25
5120	509
4508	476
5080	1912
4532	2438
4931	4113
3488	2051
4308	101
4808	3380
4156	3866
3344	923
4480	4399
3414	501
3445	300
2803	1202
2593	2460
4326	2939
4478	3962
3551	2924
4026	3565
4711	2177
4775	895
4038	860
3742	1159
1215	1067
4156	2335
4814	513
3114	2506
4790	2712
3162	123
1742	1269
5040	1598
4642	1272
2710	2460
5107	1269
4480	1430
4858	2852
3344	3105
4326	1640
3767	855
3920	601
5120	1034
2119	272
4119	2438
4798	501
4786	1362
2675	1618
4399	3590
3114	2569
2882	2031
4478	259
3573	2775
3943	1562
5120	1953
1583	443
5064	2637
1914	269
4156	2846
4940	221
5078	1906
2438	526
2210	1549
4833	1272
2177	2169
2270	1883
4941	866
3623	266
4729	2465
2531	2438
2625	1045
3376	111
3044	1181
4364	1660
3145	299
3454	414
2716	1088
362	272
4045	67
5016	2625
1132	601
2922	1422
4201	780
3354	632
4478	1527
4105	1601
4577	4336
4976	4945
2803	2014
5148	2714
4401	4156
4775	2055
2704	101
5091	2555
2526	2163
78	51
2173	867
1028	460
1881	1477
3114	33
4110	1113
489	374
3380	1283
3289	1920
4775	3151
4450	1674
3846	230
4259	1980
3505	340
2845	2273
3685	1662
2700	1983
4674	3518
3685	192
2040	581
3567	3450
1862	618
4543	4113
2774	67
1483	884
4111	476
4770	2691
2374	1841
5028	1283
2051	266
4976	930
4202	1253
5148	2114
5128	3056
3685	1382
3972	2492
4721	3488
4041	1666
5034	3056
2606	1666
2817	837
4091	3376
1826	1726
4186	89
4831	3451
4156	542
5153	1017
1625	585
3505	149
357	270
1064	269
1215	366
4603	1710
4033	3770
2939	1444
5146	3864
2438	2163
3853	2555
3160	1899
1527	1360
3078	2672
2706	975
3687	1344
3224	1577
2273	1417
4721	4077
1727	609
5079	1444
3541	248
2438	1524
1533	1313
2313	928
4446	4156
2597	1173
2438	1454
4784	4600
5120	4014
3797	1727
3016	2092
5083	4775
4156	4146
2438	1502
5043	809
4976	1710
4082	2114
3204	823
3850	2021
4156	1980
2703	374
4478	696
3972	3344
4357	529
3864	3754
4854	2541
3117	1532
4105	760
4651	797
3808	2934
5128	2774
4506	891
3470	881
359	7
2002	1527
1728	896
751	618
2718	1331
4326	3100
1173	89
4586	1215
3810	7
5146	1086
3810	1444
4156	3543
4858	2582
1920	751
3810	1560
3138	1444
2007	1215
4156	740
4156	3254
1159	168
4097	751
2329	617
4095	1527
4735	4018
2626	1532
2438	1583
2460	1898
3441	2079
2865	2153
4014	67
3705	2389
4502	5
1722	704
5113	4033
4156	459
5061	866
2975	1509
1055	171
1720	476
2626	1537
4064	704
5061	4103
2947	2057
3162	2273
3317	3105
2625	1933
1516	1049
3854	1149
4508	149
1147	247
5064	4064
4537	7
4583	4400
4508	1139
3541	517
4105	976
2924	2882
3688	2048
2273	784
4357	4156
4156	2033
1549	311
5082	3380
2686	1727
3361	2374
5080	4775
4480	3907
3175	2934
4199	4105
2273	1551
1119	411
5120	5078
2273	735
4970	3957
4729	1710
1884	393
3962	3102
3866	2775
4682	4467
3581	2124
5078	748
3687	3145
647	269
5063	1113
4097	1871
1028	470
4051	269
4823	1966
5043	1044
4058	2051
4651	3687
2000	25
3853	3006
1667	925
4670	1248
3881	7
3554	2515
4151	1549
1959	1150
4349	911
4473	339
3406	1048
1930	948
1119	617
4156	82
1045	230
3686	351
4308	1253
1113	975
3754	33
4156	89
4644	2347
3344	1734
3747	601
2430	7
5140	4827
4473	3853
3121	1444
4674	1753
1948	1590
5090	181
4766	1620
2704	1368
2801	2174
4544	1727
4095	4092
4600	3747
2379	867
4540	924
2040	238
3201	2102
2606	785
2232	685
4775	3000
4156	111
4831	854
4775	2353
3939	299
4646	4644
3568	466
2466	581
4712	4603
4053	3757
4583	1590
2963	1705
3138	1202
4365	1149
2637	1487
3782	812
3204	1422
3840	1666
4872	4382
1513	513
3813	1527
1147	238
2374	2184
5011	1269
2722	579
2625	1881
4308	1333
4336	35
3939	2153
343	222
3437	3335
4931	4156
2361	123
5038	1727
4559	2747
2801	1454
1527	388
2569	1722
4036	309
4301	67
4364	664
1113	262
5096	2829
2801	1656
4073	1344
1453	442
2684	1085
2841	389
3496	921
837	440
4674	4651
3138	1524
4399	3687
4156	3501
4328	2963
3866	1640
3581	3450
5126	3824
4202	2803
2946	111
3025	1527
1826	831
4326	3853
3840	2858
3827	2851
2742	1897
2241	1812
3685	946
3817	3535
3864	1331
1038	633
4156	3806
2185	751
1444	1139
2102	1139
5040	3038
4267	202
3377	2230
3379	1313
3496	1440
1955	1113
4508	3289
3590	3496
3687	2438
3646	2625
4156	2031
2877	2246
5040	1044
5091	4111
4033	2114
2562	626
4693	612
2241	1685
5128	928
3317	1119
3962	1636
1513	826
4156	16
4095	2947
4156	2709
3866	3505
4872	2562
4858	1800
2241	2234
3587	2273
1068	783
891	452
2946	221
4603	663
2232	1339
3369	43
4151	3747
1527	1333
4596	3330
2438	611
3853	299
3687	1510
5107	477
4236	748
1774	1302
4775	2197
3995	3376
4357	1871
5078	3004
4033	2270
1139	510
3093	1527
4113	7
4094	3201
3414	811
3380	551
3036	2438
4863	4045
2013	617
1119	357
4586	1483
1710	1338
4053	2882
3424	2459
1068	294
4156	2474
5149	4012
4381	1705
1374	1149
5038	270
4775	3069
5083	1722
3866	948
4908	2185
2476	1734
2569	1537
823	201
2102	1017
2940	1108
2946	1680
3426	1662
1727	579
3768	3249
4105	2054
4156	3553
1215	978
2697	2656
887	832
1712	1422
5078	2940
1108	89
4775	2257
2796	1533
3739	7
2234	579
2850	1417
1903	1132
4156	3160
4496	3380
4042	3827
4241	4042
2329	1460
3501	492
1333	799
4163	2460
4870	260
4219	2672
4051	1340
4399	3201
4156	3321
2026	1063
2837	1839
4602	1147
4775	2893
551	35
4156	2801
2153	855
5154	2438
151	7
4955	4270
4111	3357
1871	529
2541	646
3907	3492
3810	1527
2177	1642
2845	1958
3674	1840
1113	7
3646	2406
2591	1360
4863	4156
3953	1666
3505	2438
4091	1553
5120	33
4515	2166
877	576
4113	1527
5034	4674
1911	22
2130	2040
4831	3915
3955	1667
2334	2241
3564	1806
4156	4091
4478	272
3939	3907
4478	855
1444	300
3705	1560
4841	222
4064	2569
3488	478
5082	4113
3380	1919
4091	2048
4289	2652
4827	1377
5140	3496
4301	2526
2811	877
4543	7
3859	2273
2530	2438
2676	7
4644	599
5120	339
2047	675
2743	1119
2687	1215
3036	1058
696	22
1444	1108
3860	3541
4872	1272
4480	2105
4189	1254
2438	1655
4326	751
4712	2224
2940	1685
2837	224
4097	2861
4872	2701
3036	933
3121	299
2714	1527
5003	1068
1491	101
5120	4364
925	180
1806	1487
3952	2738
4113	2495
3121	1640
2438	1871
2747	604
4825	1527
3603	2273
4156	3888
903	260
4983	4156
4818	2912
3825	2541
2438	114
1620	706
620	192
4775	4104
4400	2947
1215	930
3124	1444
2661	1583
3344	2495
4156	2900
4872	2739
4364	354
4694	4401
5078	1487
4818	2079
4480	2803
1844	1253
4784	1883
3957	3365
4775	2716
4500	3344
2241	1806
2841	2193
2287	1897
3688	952
5136	5128
4108	272
3837	3004
3739	1198
4940	3685
4082	2438
4949	3344
192	7
5153	4156
4053	510
4069	3302
3390	2928
5040	2232
2387	1454
3016	961
3361	943
3907	149
5118	1527
4876	1537
4152	2156
3829	2582
5032	1549
4326	2861
4775	4729
2515	2495
3684	927
3092	2159
1191	1096
4018	3974
4644	411
4502	1710
3866	340
2818	1527
1983	780
4156	3139
1453	1117
4393	1386
5107	119
3780	3554
4480	788
3213	1064
4840	3236
2573	1549
1660	943
2952	867
5113	3939
2706	89
4045	1933
3881	25
2837	501
2555	961
2845	1444
3621	2410
2531	1774
4905	1331
2329	1537
3369	1833
4036	798
3492	3056
5011	477
4775	4544
4940	1034
4435	452
3551	2273
3354	1740
2518	578
1430	885
4474	4264
4105	156
4105	2058
4264	1952
2076	943
4045	147
4615	1636
2174	1331
964	192
4055	2230
5040	2199
3663	3513
4156	609
4201	3248
1710	906
2273	797
5068	1248
4088	2079
1491	492
2341	978
3771	2851
2177	251
4775	1598
3615	2736
3780	3581
3810	2864
1108	416
3670	2541
1617	585
1483	67
3117	2361
1527	797
1215	241
4091	1444
4042	126
4091	476
350	323
4863	142
4030	92
3490	896
4753	1198
5080	2465
3638	2460
1432	404
5082	1897
3962	928
5113	1524
2540	924
1444	88
2176	855
1884	573
3124	1527
4144	3444
4708	1710
4373	4156
4646	3168
3056	1753
2555	626
4857	3426
4473	4091
3896	1953
2582	1215
374	92
1527	7
4156	2079
510	340
2486	101
2021	1551
4105	2543
4644	1617
5134	573
4790	788
2438	788
4674	1871
3703	2022
3751	3426
4809	3557
4827	618
2582	1267
4609	2562
1636	309
5037	4106
4857	272
2460	353
1437	551
4146	2934
4814	2262
2421	2238
2657	1108
2788	513
2637	307
3602	963
2546	75
1996	890
4201	4170
3056	2102
3426	788
2560	2273
4064	1872
2329	2273
1914	1839
2438	2193
4156	1617
2350	1444
3853	1710
3496	89
4601	2166
4201	2760
4000	3343
764	414
5035	1531
3307	2026
5154	309
4747	92
4970	1598
1946	611
1834	350
3957	3739
3210	1067
2877	33
5064	1872
4637	1527
4156	3825
1839	75
2625	2234
3780	154
3445	3414
4026	513
2479	567
1454	946
3602	3176
2582	751
4336	411
4642	3117
4940	751
2714	238
2202	7
1991	924
1551	1113
1666	230
1537	323
3674	2031
4605	961
2864	1483
4712	3853
3768	3351
3426	7
4642	3685
3805	1422
4033	2939
3554	3344
3138	2270
3911	2406
4105	3632
1527	983
2465	2347
3417	1122
3361	735
4156	949
4324	3995
1108	626
2912	1433
3590	2273
4441	2661
4033	1524
3434	1667
3810	2676
1537	1254
4182	3114
4156	681
2163	1203
1204	943
1382	783
2938	2363
4860	4301
2541	652
3338	1113
741	407
4113	1270
4399	4324
4077	1267
4480	340
3358	1652
3853	1108
1640	221
4521	2166
3688	2893
2347	7
3853	221
3389	1710
1444	67
5108	3757
4119	1958
3308	673
1248	248
5113	3056
4640	2850
4721	4268
1444	673
4814	4441
2975	2502
2547	509
4045	1402
2465	1912
1933	1444
1983	1341
2166	1008
3390	1527
1910	52
4301	2840
4560	3385
3343	675
2970	466
3153	643
1483	1215
4818	2438
4014	254
5153	2102
2625	1543
4480	149
4863	4508
2551	1113
3686	1678
748	33
4798	2370
2266	967
4393	4156
4559	1980
4395	192
2837	1623
4469	3863
2747	2051
3669	2703
4201	108
489	58
3770	1524
3685	2495
2347	2273
4202	2438
1254	652
5156	1064
4201	1903
3987	3344
3739	2924
3399	2676
2569	1454
4460	2438
4473	4364
5040	4584
4156	1477
1727	444
1215	928
4146	1727
2845	1215
1981	1170
2775	460
3920	1878
3711	7
3474	2946
4105	1158
2569	492
1527	913
3399	2514
4357	1302
1912	230
4105	2686
4919	1422
3864	2858
4105	2840
4854	1467
4156	4088
3435	1037
2884	1396
3564	2174
4795	4014
4775	1248
254	119
3141	1460
4841	4775
2917	309
1883	472
4056	1432
1320	842
2656	1429
4759	248
4156	339
2273	587
4111	3441
1919	272
4360	3768
4393	2102
2964	2404
1710	930
548	235
4186	2706
4156	4128
2840	1491
3564	985
4960	3380
3056	2153
1215	673
4880	601
1215	1063
5028	3845
3678	517
3768	297
4775	1495
436	324
4712	413
4823	195
5084	43
1871	1593
4763	2406
3272	65
3735	1444
2013	393
5120	2329
4091	1149
4419	7
5156	1844
4286	1292
2796	272
3754	2858
5079	4863
2273	1952
1310	903
3852	2704
5068	2843
4888	2724
4508	2048
4827	111
2241	1487
4600	710
1996	1527
4236	1872
3735	652
4094	3488
3674	2438
4880	364
3957	452
4101	976
3944	1215
5095	4056
1884	673
4508	1640
4156	3854
2636	92
4105	2188
2190	336
1446	800
4955	2934
3453	357
4508	1149
3380	451
3175	1467
3160	837
3771	529
3344	2379
4409	891
4156	1618
4544	3450
3754	1806
2031	427
4840	1149
4480	3995
3488	2784
1593	1444
1543	174
2031	88
917	703
4787	248
4156	3590
2259	1113
2811	1559
3866	3853
1003	877
2726	517
4156	3760
3145	855
4105	1713
4712	4027
2102	529
1549	413
2912	1617
1891	1262
4480	3505
4393	2884
1444	111
4480	43
3377	272
4544	1483
3674	427
751	476
4500	7
4165	1960
3724	1920
1553	867
4329	2582
4970	4860
4156	1526
2938	95
3687	2105
2079	1108
4775	56
3121	673
3974	897
1680	1553
5120	3864
1108	853
2938	2704
2389	1570
2850	1064
2817	50
4478	4314
2884	890
2014	272
2434	2003
4018	2934
4858	35
3866	299
2708	1527
1674	1559
4156	3665
4841	1037
4860	2177
3505	2172
4644	3646
2722	1727
4502	3974
3000	1527
1527	684
4111	1446
1044	1002
4985	2181
1313	1286
4891	4105
2291	2196
2882	2350
2031	526
3691	2694
4600	1871
1674	961
2193	444
3705	3674
4831	866
3957	2479
1593	1426
3674	841
1215	460
3426	851
5153	3215
4033	855
4036	2064
2476	1127
3380	1215
4814	2540
3441	2102
4406	1655
4976	1453
2266	1108
2438	1377
5080	1625
4156	3474
5040	4860
3827	1863
2172	1215
1553	1215
2273	1510
2476	1255
4818	4111
4735	3943
3713	823
4201	211
1491	1430
3602	2361
4105	1270
3488	2270
3223	773
1527	230
3444	2703
4156	4033
4601	1560
4004	2406
1966	413
3807	2247
4674	1527
3932	1727
3982	2573
1983	1034
3757	1017
4073	704
4712	2900
4301	88
5011	351
3034	476
3002	2486
924	541
2156	1932
2704	811
1727	1336
4770	938
3725	3126
2159	214
5120	3093
5020	2221
2928	2725
4001	529
4545	2005
4839	4746
2709	1527
4775	2310
2829	1734
5028	1537
2625	2000
3797	3748
1151	751
3439	3323
1527	1273
4620	807
4876	1727
3250	2273
2803	2102
3399	2438
2934	2244
1895	343
3406	748
4565	7
443	339
1396	782
2864	343
4088	947
5113	788
3877	1986
4298	3093
5154	88
2438	111
3857	1755
4815	2239
3808	2893
3574	2370
4943	2569
2946	149
2334	1151
2829	1834
3907	89
4156	3551
4156	3770
3426	1883
4200	1078
4867	4361
4088	3590
4156	340
2202	1422
1437	230
3201	1640
675	269
3952	2434
4156	3505
881	877
1732	114
1680	510
4624	735
5120	114
2450	877
2515	154
4156	4077
3810	1037
4091	3121
1996	667
4502	4163
2775	1377
4156	2673
4478	924
4441	612
2726	1593
4119	1067
4729	2014
3995	3426
5092	3216
5146	3837
3672	2946
5134	342
3484	1800
2273	713
4033	1139
517	43
4594	3568
1640	1202
4399	1474
3810	3450
2938	1993
4970	886
3672	254
3385	2174
5079	1286
990	873
3163	800
4827	17
5062	4949
3004	2241
626	89
3025	192
1640	1215
3518	2939
3866	2270
1338	867
2438	1304
2709	1537
2938	35
4186	4156
1727	910
4261	4105
2708	1270
3251	911
1553	221
983	866
1322	53
2660	2459
2329	1215
997	35
3565	2047
3684	3550
3827	1102
4073	1946
2273	1583
4419	1983
4156	2865
3907	855
4621	2701
526	89
5128	1113
4156	2350
4033	2176
5134	452
2290	1617
4560	3501
4818	4053
4005	3962
3602	1460
5040	3705
3121	1270
4943	1444
4501	4059
3907	1727
4399	855
5051	2555
3501	2940
2570	1108
1598	452
4091	510
3747	773
4254	3317
3390	925
4841	2716
3581	368
3962	2912
3687	2266
4450	1527
1991	1867
3881	3424
2361	1983
3380	1814
2370	1060
4863	4091
4105	1637
1727	253
1733	1444
2726	948
4433	3390
4627	1527
2704	2570
1270	1149
1516	262
985	601
3443	460
4033	26
3082	2562
4943	3496
5120	1878
1527	1357
2676	2317
3894	1422
3435	89
3962	1215
1617	123
4448	1248
1291	418
3939	3760
3047	2882
3869	1412
3841	2273
3376	1553
4876	28
4156	95
4443	1422
4674	4024
1527	1076
3955	2435
4301	3687
1728	1113
3692	114
3581	2246
3488	2654
3626	1151
4340	3231
1933	1454
4908	4870
5034	1108
3590	2438
4642	1085
5161	1212
3837	748
4883	248
1893	1593
1215	111
1527	579
4954	4841
4876	2939
4775	2459
4105	907
3435	2858
1302	855
4245	1514
3606	3301
2438	254
5091	3646
3477	3289
3380	691
3450	2552
1267	16
4180	758
3145	2270
1527	365
4827	2048
4628	1422
4003	2882
3426	2410
5080	4729
4004	7
4474	1422
5146	2569
4624	3866
4289	3636
3623	17
4064	2940
2311	1107
4308	3974
1283	192
3302	309
5140	1454
4156	2615
4600	4393
4624	1883
2266	1422
4902	1196
2347	1147
1422	818
5108	1700
1518	490
4358	1549
1444	751
4508	1553
3192	2199
1553	1286
4621	4361
3072	2704
4417	925
4156	3627
4091	1215
5071	1727
1560	1527
4876	3810
4156	1283
4775	2070
4406	3742
1396	617
1527	515
4400	2689
2560	652
2804	659
3414	758
2177	751
1695	1533
4940	89
2704	810
4601	4036
3629	1271
3198	168
3105	1560
5062	1386
4621	2804
3121	2946
5149	2014
2438	171
2339	452
4045	151
4156	3399
2414	1002
4393	4091
4095	673
4059	2704
1151	88
4364	2273
1272	1113
1524	1215
3016	1215
2940	2347
2007	1833
4156	1958
4662	2476
1883	855
5020	1844
4326	2661
2374	2287
1598	342
1537	1464
4336	3453
4826	4105
4469	4105
4624	4156
1444	1377
4507	4156
3840	1119
1283	617
4146	1537
3623	1261
3943	3072
1656	1454
5136	1667
65	7
4245	2031
4238	997
3153	2850
2003	130
3445	742
4030	2739
4357	3866
4735	3354
3980	1897
1462	254
4795	947
2724	1371
1215	359
5155	1897
4266	1986
4393	3995
3717	1583
3492	2272
3745	1710
4278	1543
4088	1202
1953	1527
4945	1834
3581	2864
2040	1064
4775	4057
4250	3000
3817	1056
4023	25
4399	3939
4987	1549
2962	943
1527	807
4156	3954
4531	955
4603	751
5099	675
4711	4036
4113	2105
4868	4105
4156	442
5028	3215
4033	1424
5040	4920
4600	2177
1629	546
2438	2153
4635	1667
4156	307
4519	4156
5085	2273
5020	3153
1933	1727
1110	270
1402	1313
3545	1320
1684	452
3289	1034
3121	1883
4146	3837
4105	3482
4644	2799
772	422
1742	92
1991	931
1533	7
3859	2389
4156	3771
2818	1983
2406	699
4729	411
3862	50
1444	7
4943	1640
2775	476
2712	1271
4685	88
1972	440
4144	2476
4139	1991
4156	3663
4064	2241
2811	1003
3157	1028
2124	891
2882	1549
1637	1068
2506	1261
3358	2541
1196	1145
4857	1085
3636	952
4357	2939
1168	1108
633	4
2334	565
4077	885
2495	746
4254	17
4156	2795
1313	342
3453	1113
2952	2379
3752	3056
2166	797
4406	452
3251	3231
2023	7
2615	89
4988	1322
4170	230
4113	800
1727	1424
2902	2273
4827	4156
2273	1268
3435	526
4156	88
2079	788
4941	1527
1727	142
4711	222
3424	2596
1058	149
4279	3739
4045	1953
4445	3581
1040	209
3957	393
2002	230
1460	252
3093	1454
5062	2079
3025	214
3612	1444
3414	1623
2247	1431
3496	2775
3754	1331
5085	3486
4227	1527
4163	1333
4095	3894
2021	1983
3317	1083
4825	4616
3201	2246
315	209
1549	1444
4105	853
4859	2257
4944	758
2890	1527
4970	1884
1936	164
3962	1737
2593	2159
4301	414
4694	3544
4045	2939
4405	2002
2492	2353
3381	1328
2438	510
3907	3685
2438	2395
1527	272
2672	1675
5107	7
3441	1553
2823	1778
4540	2106
4956	2871
1215	33
2174	985
2404	1734
3713	1444
4621	1512
5083	4395
2273	673
3825	1272
4014	3518
4508	3866
2481	2020
4073	1402
3568	2241
4156	917
2173	1553
2887	193
1444	704
2946	2153
4511	153
4747	123
1113	797
2474	2181
3486	1617
4467	1113
2466	1320
4393	1444
2704	1341
3665	866
4615	2584
4417	1705
2593	92
1130	873
2900	98
3385	3114
3962	66
4077	148
4480	2246
4120	414
4042	1527
2837	1322
4941	2287
3907	529
4708	2273
1402	1108
3484	3105
746	300
3767	1108
2934	53
4391	2872
3952	92
3631	1983
2495	664
3943	3450
4351	500
4770	3954
488	272
1527	1328
3665	1128
4532	272
4850	616
3451	1271
3810	2051
2799	2361
4156	791
4970	1625
1684	1598
2975	1444
3972	975
4245	2615
1355	324
3866	2173
1662	1293
599	10
3581	2851
4970	3568
2672	1932
4170	920
1259	452
2799	1617
1655	35
2743	2706
5095	1409
4036	1534
3717	1680
2185	964
2290	1119
3450	229
4079	3157
2063	1020
3453	2438
3063	1020
1527	284
2479	1734
3107	2625
3663	3231
3724	3477
4057	3678
2310	1113
2845	2013
2904	2479
4970	1617
4814	324
4775	1749
1559	881
1710	626
4859	1034
2382	2273
3380	999
3573	2193
1697	1537
2448	2199
3935	2013
2703	2434
1440	89
5134	1710
3602	831
3103	2040
2438	509
3201	2270
746	664
4775	1396
4787	2013
3547	1834
4405	3117
2615	174
5085	411
3987	1527
5159	2850
2239	33
4241	3041
3142	2573
2438	2196
1430	1333
3680	4
4775	357
2159	1844
3376	221
4942	3351
4651	253
2163	1549
2947	413
3907	3496
4091	1139
2246	895
3219	1543
5103	1527
5011	4027
4615	2224
1800	1215
4821	1422
4775	4255
4210	4105
2743	2273
4056	1044
2852	1880
3684	2172
1422	489
4500	2661
1485	891
3565	230
4609	254
3854	2273
1527	587
3767	339
1852	1549
2102	1474
2626	488
2652	837
1667	722
3392	899
4876	2270
3674	1514
4858	2176
2661	429
4152	1867
4880	1108
4460	67
2287	151
3496	1017
4457	1667
4045	3423
1215	1077
3070	1151
3590	111
819	673
1871	94
1396	28
4775	3797
4467	3649
3272	920
5011	1742
2704	489
3505	1553
1037	500
1444	339
5108	4859
5062	897
917	574
4763	3747
4976	2185
3227	2404
3646	2193
3539	826
3534	2159
2582	284
4508	2628
2406	773
3810	2625
2593	214
1215	269
2334	1331
2492	1740
2107	230
4097	1726
4156	854
2884	2818
1313	417
3376	2438
3687	3390
3488	773
3995	2389
3369	517
3308	350
4712	4036
4156	3859
3093	1996
3810	3272
2940	1093
300	79
2882	2708
3414	1203
4113	17
4156	2975
2704	1710
4919	1872
1444	1344
2406	1430
4708	3380
4674	28
4301	3939
3863	2882
2166	1002
3488	696
3070	2410
4940	1058
4468	1108
3602	1085
4814	269
4831	4640
5011	789
3343	1527
2418	1891
3935	3343
3563	98
1453	930
4775	2522
4857	2829
3840	3047
4831	2661
3056	1999
4784	2153
3602	2057
2704	1489
4560	2801
5128	3754
272	180
1617	599
3612	1248
4827	123
4053	1034
4156	927
3100	299
2273	1447
3317	2840
3121	2176
3100	2406
1110	357
2163	1085
2456	323
4200	812
3709	7
1063	323
3153	2221
1424	476
3351	1356
1113	374
1812	230
4544	3987
138	7
3351	2414
2893	108
4041	2196
3352	581
2045	269
2051	1056
2803	1883
4775	1890
4841	2273
2204	961
4352	4156
4156	388
2374	25
4399	4033
2221	269
4077	2370
2270	731
2329	2230
1727	271
4105	2305
4033	4001
3837	1723
3743	3484
921	393
2515	1662
3603	2459
2438	7
4245	1248
3056	1202
4784	3687
3380	2196
3853	2166
2934	299
4745	1422
4651	2939
5068	886
4156	2706
4241	2687
4943	1474
4603	1433
1043	343
1462	652
4395	1527
2934	2259
1085	143
3802	3343
2103	2021
3754	1454
3636	1422
4105	3557
4263	92
3335	365
4201	3677
5062	664
4057	1422
5038	4036
4826	4040
4915	269
4105	3921
3877	602
1108	599
3354	2765
4187	1583
2871	2438
1181	990
4685	1453
1914	1322
4053	3724
4339	3321
1270	979
4381	3414
3590	1527
4905	4152
4905	2241
1537	1533
4627	3840
1635	751
2615	343
4815	2912
4916	3754
4711	4603
4478	2562
2952	2246
4784	2079
4789	2199
5155	2672
4600	1202
3739	2359
3805	254
3646	1559
4908	366
4202	4088
3344	2864
4088	3687
5155	1891
3056	2203
4508	2946
3072	1422
4399	2176
4872	3859
5113	3907
1872	307
2877	1093
5083	1952
4290	1755
5136	92
1741	735
5120	1800
1462	706
3958	3827
4255	4201
5002	3709
5140	3226
2438	364
4955	3361
4478	3687
3352	1215
5035	1110
4570	1006
1583	417
4624	1444
1064	513
4042	1863
2951	365
4399	510
1655	7
1507	354
1524	855
4328	4219
4670	3423
2045	1064
2224	1248
4480	2628
1113	58
4885	1537
2011	89
2327	1710
947	751
4478	89
3518	1215
2185	1453
4515	1322
4863	2438
4712	2177
4053	2102
3941	3840
4600	4033
4038	3636
4001	2347
4540	1460
4105	3452
3698	3236
3093	1444
2738	2273
4685	3426
946	867
866	684
1527	114
2185	1215
2199	271
4711	3854
2438	1485
3864	1872
1214	269
3590	2270
3771	2865
664	7
1181	873
4902	177
4857	773
4775	3445
4600	1454
4565	3105
4859	2017
3646	2694
1710	654
4121	1203
2858	601
2438	1955
2840	546
3389	2273
4106	3768
4156	2447
3747	3166
2676	489
4480	1553
1640	1527
1215	1088
601	33
4156	3754
2701	1267
4336	509
4600	3145
1933	1151
2557	269
2660	2573
4478	783
4156	1593
2241	962
1862	460
4156	1667
4916	4775
4268	18
4156	443
4480	1286
2435	1344
2775	299
2541	1313
529	339
4381	758
3103	2305
3770	2048
5096	2203
3541	2724
4859	3036
1524	472
4772	1584
2166	626
2257	1527
4872	271
3853	1202
1405	551
1871	1720
2450	576
4027	3226
551	88
4365	88
4239	1946
2273	1147
3843	1215
2840	343
2710	1527
4156	317
1662	154
3866	1017
4380	2555
3709	389
2625	1623
5084	5062
3602	2210
3685	2952
4118	3450
214	181
3853	599
4646	1710
4831	3381
4474	1480
3747	2406
4970	4245
2438	1867
4863	4594
3501	3114
4478	2547
5108	3477
4798	2092
928	28
3450	792
5095	3127
4729	2347
1903	1726
4646	1533
5064	703
4156	26
3529	2011
4328	1062
2241	2240
4772	4156
4324	241
4870	4022
4482	3042
4033	788
4775	1919
2124	1313
4263	4156
3606	3117
4105	2532
2438	1549
967	370
1147	1119
5095	975
5134	3198
4202	4053
4999	667
2939	1883
1122	552
4605	963
1553	149
3747	2438
4960	4165
3747	2193
4101	2704
3121	2102
1496	799
3602	1983
3534	3224
5043	393
3864	2637
3837	343
2273	1289
1930	1036
2951	2530
4033	3866
2882	1122
2438	1680
2308	323
4644	1527
2865	855
5120	1331
1460	1108
4775	3975
3810	2582
4818	2273
3450	3426
2775	2530
1537	230
3474	1444
4059	1113
5068	3680
1215	7
1727	1063
2593	2199
1493	269
5136	4030
4395	797
5080	1527
4365	130
3314	2334
2739	2273
4409	4201
3505	2048
3038	656
4478	1878
4943	4480
1386	917
2476	1920
2989	230
4326	3590
4841	925
3982	272
488	251
1152	1064
1709	1215
4775	1338
3069	1063
1444	460
962	241
1912	1292
1291	16
4640	4026
1946	1834
4789	3380
1608	228
3539	1834
3330	3142
2736	895
2353	14
2230	551
4059	374
1338	819
2666	1527
1396	1272
1667	488
4301	3705
1272	138
4113	933
5134	3742
4540	890
2912	460
4156	241
4815	4329
4256	626
1215	56
3137	652
1637	270
4872	4361
2650	1482
3004	1685
5120	2172
4156	17
4609	884
3441	339
4601	783
2577	1313
4156	3707
4939	3981
2940	748
601	238
5155	2877
2829	272
4105	3627
1527	1289
2893	579
2204	1043
4170	2893
2582	546
2456	1834
2569	1291
4526	1727
4818	339
2434	374
1533	1113
2045	2040
4030	374
3687	751
4250	2518
4053	3771
4105	2864
903	797
4943	3995
5071	343
3907	3590
3889	3256
1895	1377
1955	1674
3590	2775
4236	3754
2515	1983
3866	2912
2190	1527
4326	2270
2273	152
4478	1893
3121	43
1514	427
3121	111
5080	3117
5120	2845
4646	1313
2506	903
4656	2837
2166	271
4775	2329
1527	911
3092	329
4756	2203
297	53
616	119
2116	1444
3680	2438
1753	1108
3941	3100
2660	903
3587	1215
1262	114
4775	4311
3646	3602
5092	5062
2582	89
4863	1527
2887	2163
4405	894
451	18
2438	1430
2273	978
4077	3944
452	342
4841	3944
1173	1168
1895	1527
4187	451
3958	11
1198	222
2939	49
4056	2704
2817	2459
3488	1101
3687	2939
3853	2938
3304	1732
4144	1983
2818	152
5068	3484
2962	1527
4308	2624
1322	50
5014	1755
4201	3380
2166	727
4640	2661
2606	1028
4814	1154
4480	1270
4091	1377
3431	1828
3486	1119
4170	1532
2199	1563
4156	2582
4156	3596
4646	1272
4976	2555
5068	3896
2404	801
4033	3590
3735	374
4156	2645
342	168
3122	209
2329	1774
1215	1132
4685	2438
4056	1542
4351	1727
2438	2266
2628	92
3770	2946
3860	347
4361	2166
4290	1806
5062	4540
4480	221
4621	3375
4105	1559
2704	1549
4156	3145
4152	309
2843	347
2801	985
2389	1640
2506	444
1215	135
4540	1119
5080	837
3826	2273
4053	3492
1286	1175
2221	1741
4027	119
4113	151
3445	2684
3954	2893
4685	89
3057	746
517	347
3222	1527
4863	3321
1798	899
3771	1444
1590	1147
3854	1527
2382	1593
3041	2586
4842	4156
2541	579
5020	1477
121	92
2852	2515
4863	855
4201	891
4063	1333
4194	3042
1430	1067
4201	1840
4405	4156
4139	4105
4156	221
4200	1980
5149	1897
4480	3687
4095	2079
1260	831
5120	1444
5035	2438
5079	4670
4537	1740
3982	2829
1955	1667
4036	2917
4405	2284
5043	1800
2102	855
4041	2291
1642	299
4040	725
1527	300
4784	4393
4156	2102
3236	2801
2002	272
5028	1020
1667	792
1834	1215
3808	2166
877	413
4093	1924
5128	489
4110	2625
4949	4480
4364	1699
4510	1527
5073	1108
1598	1248
3678	1638
2560	2476
4908	4022
4399	149
3435	7
2951	1202
4045	736
4544	1884
4004	2687
5040	4120
1430	948
3859	1444
4836	1537
3685	2515
4095	1938
3072	652
5120	3829
4391	903
1113	123
3704	1667
4358	4111
4960	343
4859	3091
4201	3862
1549	703
4156	2119
2156	1017
3792	3725
4201	3142
2185	1710
4814	4195
4700	1527
5068	1800
2410	2013
567	534
4040	1722
5096	4336
4030	1996
4146	2555
5062	3554
4156	1916
4624	2273
4478	1871
4949	1527
2530	2102
4357	89
2374	2273
3211	1215
4577	4256
4130	2625
4759	930
2259	1108
3829	2495
4836	4775
4775	1570
867	788
4327	1215
4814	1844
3957	7
3848	2615
1173	922
4876	4526
1417	1215
3848	3747
3369	1430
1215	1189
4156	2591
4883	3646
581	259
4091	3496
3739	1778
4521	1537
5136	1113
3590	221
4156	2697
2013	492
2185	248
4872	4627
2300	1765
3711	3117
3724	3289
4775	425
526	106
4357	1025
3105	2676
4399	2270
4615	1884
2531	1255
2569	1330
4105	3768
3390	3354
4270	3807
4441	3107
4156	468
4301	3962
2092	1839
4880	3864
4695	2724
3505	1680
4315	741
4094	1727
4609	928
2273	1083
2882	1491
5078	1685
4880	1906
4795	2704
3907	1524
4189	1108
1537	1356
1834	1509
3884	1844
1958	214
2928	1527
2841	1444
4368	3096
3810	3317
2334	760
2550	1527
4600	3121
3344	2273
3573	2660
2404	1444
5128	4674
4156	14
4775	3944
4775	1543
3361	1660
921	517
1862	339
4857	2625
3603	1950
1872	704
4711	912
1871	443
1839	1322
1640	510
1884	342
4120	3323
4775	1912
2438	1037
1527	462
3377	854
1272	1147
4364	1215
3854	748
1422	1221
2975	1834
4905	4156
3009	2548
2911	2051
3855	5
2048	1640
5120	1667
4156	1722
4207	43
3002	799
5080	4642
3935	2694
1139	149
4624	510
4674	4478
3907	3138
1549	825
5016	3745
5128	4326
1036	7
3907	1202
2625	2311
3920	1028
2747	66
4809	343
4324	2013
5146	3501
4543	3957
3539	2308
3581	3488
2458	1527
1527	108
4357	3121
4708	1055
3848	699
1281	611
1215	911
2615	1710
2851	272
2204	1377
4433	3358
2476	2406
5147	1467
2775	1553
3860	2013
2823	1444
4091	339
2395	855
4156	3044
1480	823
4095	924
1487	1331
3713	1527
4329	2708
2852	1553
4386	3602
2676	1108
3581	2116
4405	284
5088	4540
1040	513
2438	978
704	460
1883	1640
3046	1912
4195	3565
3426	65
1444	92
3114	2637
1642	903
5018	4775
4922	4156
1726	1623
3757	1058
3573	2506
3852	3534
2704	1446
5120	1537
3581	1028
3581	1467
4827	1444
4912	3603
5120	2811
2852	192
4798	4180
3534	2273
3635	1283
2864	6
2804	1753
4156	2774
4198	1727
4775	2829
4405	2479
1726	975
1068	664
2000	885
2993	1549
4139	480
1662	424
4908	2625
4105	1839
4508	529
4412	2169
3739	2904
3674	1560
4775	4326
4446	3824
3797	1527
2374	1620
4326	2438
2273	2190
1938	1728
1139	340
4916	1489
4473	1647
3852	3016
2625	823
2370	28
5080	411
1272	1047
3443	2687
3866	339
1800	417
3972	673
4815	1113
925	238
3354	897
3204	1480
4256	1444
3175	2726
3646	2526
2818	123
4156	2291
4022	14
3423	1553
4576	773
2537	2011
3840	579
4201	675
3147	2882
3564	3114
751	443
4182	601
4073	7
4784	2176
1598	168
2946	2628
4004	2541
2660	1396
4399	4326
3853	1017
2775	1862
823	418
4405	1983
4057	1088
3970	3680
4670	89
4456	4368
4256	7
5046	2361
3302	1244
4601	4201
4357	1524
3912	2166
5038	912
2076	353
3623	1734
3330	1379
4531	2520
2660	2273
4478	1652
4156	460
3319	1839
3939	3201
4863	1524
2174	1151
4960	4156
1867	343
3767	422
4478	1077
3711	2706
4970	4406
2697	1724
3198	2584
3687	2625
2864	2002
4644	2290
826	673
4308	2460
3784	1549
4033	1883
2199	1775
4435	7
4763	427
4863	3121
2492	1878
2709	1727
1215	913
2817	2796
4034	1020
4763	4245
526	230
4182	2882
1430	414
4770	542
1276	315
1454	373
4467	3739
4264	2273
4919	2125
1430	1356
4111	251
4766	3704
1727	1422
3780	3685
4027	2831
3361	1513
4468	1060
1867	626
2934	71
2882	2193
4610	3424
4905	4236
4596	3352
4789	2172
3381	3077
5159	2166
3739	2479
2774	1502
2438	251
4034	537
780	192
3911	1044
4313	1480
2625	1077
4775	1326
3100	1871
4014	2438
221	149
1821	71
5096	3204
1844	513
1444	6
4278	2573
3426	3141
492	25
4943	3573
4156	2917
2438	1108
1542	1485
4775	877
4296	4105
4053	339
3423	1444
2541	362
5120	3810
2975	1527
5085	1119
1151	443
3496	2912
4594	4091
5120	3496
3863	2166
2706	2438
4105	810
2048	1444
2818	2350
2013	248
5120	2370
4949	4583
5083	4042
2079	460
2582	1774
4872	3768
1655	1085
4156	1953
2652	315
2379	664
4729	1527
4637	2196
4649	1549
4290	964
4970	1119
4125	102
4526	4111
4156	3757
1430	542
1640	299
4156	3495
4560	4156
5078	5064
2967	673
3636	737
3807	2962
2775	300
4478	4113
4435	3105
3404	3352
2308	1093
4156	748
3840	3236
3840	2704
3114	614
3036	476
4342	4267
4863	2246
1953	1215
4863	4357
4156	2924
4111	2615
4941	1621
2703	2273
3677	3646
1559	1003
4848	2330
3635	1597
4532	1042
5146	2940
4156	515
4097	3091
4156	3808
2153	2102
911	652
3344	1215
3298	2882
4201	253
4940	3289
3496	119
4531	1167
4201	626
4502	1432
4059	3272
4033	1302
5038	3223
2722	67
3226	67
2495	1958
2310	1527
4105	956
4301	921
1483	89
4077	3920
4156	3705
5034	579
462	213
5062	4073
2317	1991
581	238
2079	1640
3955	601
2725	1727
4651	4170
4202	1034
4478	4156
3853	149
2555	1903
1666	192
4775	921
3962	2013
4105	817
4170	1727
4775	2382
2031	928
2661	273
1549	574
3496	2051
4406	4364
532	252
5088	2547
3742	393
2884	1444
2048	1680
1920	149
4508	3501
3810	3354
3114	2924
3573	1722
4105	1734
4603	2438
3551	1444
4772	2273
4156	2036
3114	1487
3399	2476
2993	2526
4156	3288
4559	1936
1175	1139
4046	2625
4600	3757
3138	2153
4156	1078
2002	890
1485	1467
4156	1912
4905	2334
3860	930
1958	1409
4201	1223
4433	1883
1430	367
4814	2466
611	94
3192	92
4502	3878
2174	1722
1430	22
4933	1215
357	35
1527	1338
2845	2438
1067	88
3470	2541
4766	866
5120	5016
4943	3590
4000	2555
3496	3492
4943	1202
3505	1895
5062	3272
4943	3853
3646	1254
5146	5078
3705	2615
4876	2934
5128	3705
3201	2173
2864	2273
4775	2725
4775	1028
4368	2224
3972	1037
5068	921
1640	1524
1872	1331
3505	1215
2020	426
4156	3004
2048	1553
4156	1361
4872	299
4014	1593
3685	3105
4189	4156
2172	480
2704	1583
4457	2704
2582	2438
3581	1510
5040	959
4478	1549
4775	2731
4406	573
2506	1386
1599	1468
5073	4236
3957	2904
4040	704
2017	230
3102	1113
5120	3543
1444	797
4789	480
4646	2273
3343	2212
4156	899
2982	1214
3100	1638
4821	3160
2831	1027
5156	269
1847	1800
2795	1430
2962	1699
4646	4405
4201	4156
4156	2747
3175	343
4908	1727
2495	643
1883	1524
3703	3327
4073	3471
4905	3754
3056	751
1030	907
3995	2273
2547	1088
1444	123
3714	2934
1881	476
5120	1895
3369	1036
4391	1444
1650	1422
3376	149
4156	3002
1113	924
2625	885
3713	2852
2221	209
4670	4544
5120	3931
4670	3114
4156	1943
5068	713
1617	411
3070	2013
3451	324
4790	1993
5128	4036
5080	4156
1491	1335
1543	1451
2829	1085
2606	896
4357	3939
1291	617
4146	748
4144	130
3488	2406
1969	1549
4427	2938
532	269
2077	1113
3520	2555
4480	2939
2637	1331
4417	1062
2537	1527
4823	3860
4660	1043
964	347
4943	3505
2909	1938
2876	1215
664	154
2434	705
1510	1444
2775	1286
4508	1871
3810	1322
2704	1821
2065	1727
5153	4600
4956	551
3636	273
2661	1844
3456	2232
3866	1553
4775	1581
3414	2837
5084	948
3739	509
4105	2545
1727	663
2199	1733
5053	1527
1727	1254
3724	149
5128	1422
1734	961
1742	351
2763	1741
2300	131
4334	963
5113	1045
2410	1662
2923	1537
3757	529
5062	1270
3537	1451
4259	1078
2259	1038
4315	3535
2476	901
2334	1487
5096	4105
3829	1537
2296	2199
4642	2188
3518	2716
3685	3057
4151	3848
4863	3201
3357	259
2672	499
3735	272
230	130
4480	867
4605	3735
2522	1210
5153	2156
3557	2882
4556	7
2287	2076
2476	1462
4729	3781
4154	443
3036	529
1127	488
3962	1714
4601	89
1225	500
4775	96
2448	174
4027	3646
4642	1549
4406	3198
4156	3273
5107	5011
4092	1512
4170	1333
1151	985
4876	911
1983	831
4859	3477
5155	114
3864	2940
4038	92
3854	1444
3201	1883
2676	922
3477	1920
4156	402
2628	393
3153	154
4863	2176
3568	786
1734	17
3581	2582
1215	751
4597	2438
4969	3352
4490	4156
3982	975
4399	4357
4789	101
3390	67
3344	2803
4833	1527
4154	488
5155	3677
4014	652
3754	3385
4351	4077
2569	780
705	130
4399	476
3513	1834
4797	209
4040	1527
4798	3107
5108	4001
3688	3302
4775	684
2684	664
4594	3810
89	67
4361	652
715	114
4729	58
3853	1524
2625	975
2850	2221
4814	2557
5085	4365
4105	2223
2924	2230
3623	551
4040	3626
2738	272
3602	1068
3713	442
5120	2526
4508	1920
4406	1598
1037	89
4697	4308
1585	1313
2347	1272
1364	860
2863	17
4156	256
3226	1269
2466	854
4186	452
4775	108
532	490
2479	774
2404	961
4670	1680
4156	1454
4156	4087
2637	33
4406	1542
1167	543
3520	1537
4943	4399
4077	1028
3385	2801
4053	3477
4941	4308
3547	579
2625	1938
2106	1727
4034	2456
5061	210
2363	1966
3293	1028
3068	2704
3477	529
3354	3344
4219	4118
2406	202
4113	897
2466	1662
4156	691
5120	1485
2321	1430
5062	4594
4651	1108
4027	2912
4775	3686
4368	3825
4399	3770
4118	1705
4346	2796
2526	928
4763	4670
2130	1451
1533	873
3907	3518
3435	3105
4475	1292
4880	238
1553	251
4268	4105
3302	2618
2793	1451
4670	3678
4600	4357
4833	4391
3863	546
2526	2395
599	79
3044	1333
2092	1710
4942	4775
4818	4045
4079	2569
3289	149
1270	1215
509	92
2273	284
4775	4146
4151	1270
3127	1108
2656	121
2924	1444
4336	3962
2486	318
4943	2818
4770	1485
4434	4156
5140	1584
4101	2625
4139	3122
4775	3806
3054	2641
1248	1215
4602	1527
4030	1291
4693	1430
2347	1585
3343	742
4579	1705
2847	2310
4644	873
4156	3285
3685	975
3505	510
4695	192
1527	1432
4004	2199
4798	811
3918	601
4475	89
4416	1912
2327	541
2270	1454
3239	79
4433	4033
4156	57
3138	284
4462	4156
1638	1537
3272	1597
4814	1328
1741	1253
4156	2250
4059	1039
2153	1045
3735	17
2547	230
2763	1774
3488	853
4406	168
3175	1430
5078	4236
2438	997
4365	4059
4219	2963
2054	1038
224	126
2882	1939
2882	1338
2438	2313
4880	2241
3810	3574
1948	1527
2526	1969
4156	3863
3070	393
3000	2912
4053	3907
4970	4120
612	269
1551	1527
1113	92
2661	1320
5062	3713
3757	3724
3944	2803
5107	2893
4033	3321
4872	3797
3573	1527
5062	2818
4094	867
2048	1108
1727	1045
4091	3551
4111	1871
4342	1527
5128	2079
1215	476
2541	925
4334	2934
4872	2865
842	343
3319	2837
4114	601
3754	748
4651	2547
2476	131
3972	1897
3768	230
947	89
3124	1726
1064	1032
2625	1549
4814	1507
3754	1487
4798	4381
3175	1444
4480	2270
4156	3265
5062	2803
4156	3857
4775	943
3604	2569
1533	1147
1451	1444
4798	758
3863	1728
4156	1055
670	354
3505	3474
4156	417
3564	2241
3175	903
3272	713
4978	673
3670	952
3840	2417
5128	1085
1215	88
2684	2246
2347	933
5040	2584
2840	1444
3513	3308
5078	33
3239	440
4940	1108
2660	1261
2939	89
3957	1159
1953	1847
3665	2051
4254	1734
3344	2547
3837	1093
1983	1946
5079	2628
5064	2940
2831	1983
4646	2347
4763	2013
2495	7
4827	4033
1684	168
4113	1058
4621	1666
3825	2225
5128	618
5140	3711
2057	1444
2479	2199
4644	1147
4105	822
4519	705
2203	89
2438	673
3114	985
2795	1338
5035	270
3623	1412
3505	1377
5084	3369
3175	2495
2438	1028
5083	2070
2540	1064
3568	168
2952	2684
1684	573
2515	746
2545	2051
1527	1268
3103	1253
925	254
4187	324
4457	3739
1344	1039
3211	311
4601	633
3646	673
4366	3642
3153	1064
2674	1543
5011	4416
1710	574
4199	1422
4775	4576
3351	2321
5108	1444
3075	758
4642	2410
4156	2950
3739	168
3501	774
4943	3866
4156	2989
2021	1119
2697	121
4156	1660
1527	963
2864	2456
3894	3612
3742	452
5128	339
4841	1560
4022	1215
4088	1444
3189	3124
899	647
3957	3380
3754	3564
4905	3426
2904	2199
3160	162
2273	963
2997	235
2273	2181
5038	4362
3534	1844
930	442
3866	1680
3496	1444
3547	318
529	89
3962	89
4827	3505
3603	2171
1043	67
5068	253
2801	2334
2530	1338
3344	2153
2591	309
4091	2438
3687	2176
3670	1531
3133	3004
2823	1527
3739	3734
3105	979
2852	2379
3091	149
3344	855
2153	1202
5079	4674
4775	2374
4642	1617
4790	1271
4156	3573
1549	673
5085	4644
4868	1430
4763	2615
4393	3121
3121	1430
4436	2704
4318	2704
2694	1549
3810	3044
5153	4480
2105	1037
1741	238
1444	343
1462	961
3404	2232
3590	1895
2775	2079
4478	1863
4795	4442
4156	1424
2224	1884
3810	1313
3505	1430
3806	1728
5064	2718
4033	3474
4960	1430
4798	2593
3486	1533
5095	4463
2890	1430
1527	309
3352	1537
2221	1032
4988	3417
3866	149
4073	3543
4368	3810
3974	1477
3685	154
1215	16
5032	4775
2241	1872
3441	1149
4775	3680
3343	923
930	248
3434	3399
2591	1304
4443	2009
5068	3817
1991	1455
3488	3093
1040	612
2045	451
1491	1270
1871	1058
2040	356
1032	269
3236	2858
4152	3631
4077	1549
4841	3723
4863	2803
3717	3672
3272	1949
3826	3534
4040	1893
192	89
1215	923
5020	2045
1734	1412
3414	861
2199	1742
3685	65
5155	2334
4577	1430
4156	1946
3330	1202
3866	1139
4189	1270
3568	2938
3153	2040
3534	3381
2615	877
4033	2177
4202	2177
4417	2460
673	350
4670	3674
4241	3352
4872	4596
2696	1549
1847	1710
4401	1513
1032	513
4644	1313
1014	513
2460	1215
4201	4004
5146	4560
1527	1270
4880	2637
1344	805
353	192
4189	151
3995	221
4712	2975
5043	1460
4034	2460
2989	1056
4144	230
5062	3153
1248	347
2924	25
3114	2241
3686	1491
4457	2114
4880	2002
4349	230
1261	444
2273	809
4105	3581
4815	2003
961	347
1617	347
4841	1402
4139	354
4417	4201
4784	374
4600	4156
2239	177
1509	7
1952	812
413	88
3458	3145
2912	1680
4156	3935
4087	1727
4395	4156
4695	214
3646	576
1863	1593
4944	1322
3077	2199
4097	2177
2775	1270
2934	2652
3713	1412
2928	1996
2175	906
4033	476
2007	783
4775	1996
4872	4170
1991	983
4156	756
928	751
4860	3962
3559	1161
5062	4943
2775	1034
1110	997
4051	2047
4763	841
3962	1593
4156	3477
3207	1215
3685	1590
3501	3371
1272	342
2710	7
3780	3057
2270	472
4857	742
4584	1527
4201	2381
3147	2637
3953	1726
5134	1598
4040	1983
3863	2153
3139	1871
5136	1537
4036	2438
4399	1524
4088	3441
4207	4156
4092	1083
4311	7
3663	2310
4694	2181
3380	247
3646	574
4417	2459
2406	2199
1150	364
4943	788
5094	1077
2273	123
2763	2379
3496	2438
1422	578
1722	823
1983	1617
1839	758
2448	921
2430	67
3352	2928
4113	3231
3581	2389
4985	4105
2912	654
4863	1202
5095	1444
4559	4058
3810	963
1937	990
3302	1491
3439	1432
4876	2125
4646	411
4544	2438
4916	4872
1422	1127
2738	1527
4186	1444
3687	89
581	269
4670	4120
4027	789
1749	1727
4775	2652
1267	229
1553	1377
4040	3713
2045	513
2232	1958
2246	1983
4435	2273
2573	1270
5033	4156
2166	1028
1079	25
2079	284
4232	3739
2803	855
2637	924
3766	2163
1753	1722
3754	2174
4033	3121
3952	374
1598	699
4156	1597
4841	4113
2555	2208
4058	812
5107	3226
1215	1034
4108	2882
4146	2241
4064	725
4144	92
4336	885
2172	1407
3176	2438
3289	3091
2456	537
2628	510
4087	758
4301	2817
3121	2438
3108	1132
4859	1122
5029	4831
4113	1313
4200	2843
4201	764
5161	269
4156	510
2939	1215
4156	254
4256	800
4088	867
2799	963
4790	3719
4245	1710
4775	4417
1151	309
3810	89
2882	2722
3451	3308
4818	4156
1993	1590
4057	3426
3223	1727
4336	1110
1834	323
4441	238
4670	1454
4088	3496
4478	1453
3107	2221
5040	4301
1959	364
3866	3121
4859	89
3444	374
4156	1025
3426	751
1027	272
1741	581
4441	4051
4581	4156
4209	866
4775	1000
1549	1215
3981	114
1331	343
2021	252
2687	2438
1705	515
4872	1883
4259	4200
3568	2058
4358	4105
4151	3189
2002	1113
1880	1083
1267	617
1722	1527
1714	1396
3687	1878
4775	609
2747	1936
2541	71
928	67
2716	2531
4201	1203
5062	1078
4156	2176
3304	1267
2274	1527
3152	2334
2102	142
3568	3307
2606	2327
4095	1285
1563	1532
3354	1881
2934	2124
2709	1462
2014	704
3129	3103
4912	9
2193	1510
3939	1202
1527	56
3107	2181
3881	1527
4708	4056
4640	3381
4198	632
3866	867
4870	1537
3568	452
3121	867
922	413
2124	1269
4508	3757
1897	1581
2615	841
4810	4156
3343	1937
2137	772
2591	1537
2177	309
1272	1044
4949	4540
1727	626
3770	529
1981	1167
3537	1047
25	17
4944	509
3198	573
4453	270
3198	1585
4468	1025
4055	2339
4393	3853
2601	1537
5113	4357
3496	443
4594	177
1840	1560
4831	317
4038	2606
4644	2273
5028	2593
5022	1422
1181	1130
2871	35
2837	509
1422	92
3739	1113
1444	611
4540	2361
3380	821
4381	1322
2625	291
2252	1728
3131	1983
3471	2185
4970	3612
3995	3505
4729	3623
4156	472
1430	92
2704	2448
3850	652
2606	1527
3680	2625
5082	696
4206	1560
922	867
5136	1728
4313	1039
4711	1537
442	347
2460	2221
1593	1453
2615	2031
4646	1460
1328	1064
581	513
3121	1338
4970	4448
4759	3612
4156	2014
3103	978
3739	2434
4139	92
5154	2917
2876	758
4156	3868
5043	1953
4880	1093
3735	1283
2597	915
4105	4089
5091	885
4393	3426
1422	781
2803	2153
4940	3091
5095	2515
3201	1270
5120	2924
2884	2273
3860	2185
2246	1139
2562	254
4919	4775
3742	1684
3380	1225
4105	1240
4040	2569
1371	133
1740	404
3414	1839
2967	2840
4026	2040
4627	2555
5128	2438
3307	230
1139	788
1527	221
4045	2628
2557	1253
5108	1871
4571	4105
2334	1806
4023	3096
3492	3319
4393	867
3501	704
5068	656
2775	788
3677	2203
2676	2506
4508	3056
2031	67
1527	389
1542	896
1113	987
4200	2747
3047	1727
1727	877
4202	89
2406	1467
4775	1379
3860	3612
3685	2765
1884	1159
4859	1920
1973	1584
2641	88
4841	654
3138	3121
4609	89
2181	513
4364	3810
1462	963
2224	1833
1527	978
3944	1453
3107	432
2241	985
4600	2176
4165	3285
2704	783
4729	1585
2852	643
5113	1202
4245	427
2026	773
3435	1560
2876	329
4156	3018
4685	884
4336	2438
4859	2526
4841	4435
3565	1040
917	885
5156	4026
3757	2353
4651	96
5062	4152
4156	2927
3568	573
3603	2190
5120	842
3488	3248
4405	418
2176	1524
978	743
4872	4662
4409	1662
4091	1527
3145	26
2964	2476
343	299
1362	760
751	529
4872	759
3770	2438
3010	1774
4057	2882
280	192
2593	1283
4502	3439
1897	1044
4364	1584
3380	2064
3962	2204
4313	1168
1453	1215
2716	413
2221	1328
3189	860
1867	489
4478	4111
4216	49
3754	601
2588	92
1006	866
4902	2492
1527	890
5153	4399
2840	1371
4156	3215
2934	1537
2970	825
4640	2221
3518	2938
614	541
3685	1175
4399	788
1867	89
3939	1444
3866	221
4872	3687
2541	2296
4609	706
5090	2460
1527	241
5155	5082
4088	472
2450	1003
4077	1454
4500	4156
2884	963
2092	1322
4036	1652
4399	4156
4772	4770
5113	3995
3754	1036
1037	222
2176	788
3717	1958
3685	1880
1553	123
3603	1527
1774	1344
5002	2068
4105	1581
3559	2555
3852	427
3439	703
1512	559
3884	2661
4841	2329
5095	3685
3456	1527
3453	270
3093	343
4735	3471
1642	1444
4357	416
2347	1533
3121	1553
5146	2241
4544	1537
4609	119
3691	3581
4480	432
1726	1272
513	209
2002	1444
4775	2101
1699	1204
2479	142
2940	2672
343	149
3052	1409
3975	2002
1549	1449
4600	4480
4845	2537
3982	1085
4361	1726
2434	1728
3501	1067
4113	1638
3866	1524
4045	340
4815	3768
5103	3006
4091	529
866	101
3006	1642
4460	7
5062	79
4482	3272
4326	4033
3860	248
3404	1405
4156	797
4674	1883
4342	147
4775	3557
5040	3070
4400	2743
3518	88
5126	92
4468	1151
3962	3256
1377	1215
1444	251
4649	4507
3590	1444
3170	114
3389	1527
731	92
3739	1734
3685	1144
1710	764
4156	179
4023	3341
5103	1119
2287	943
1867	22
3139	1727
2438	2079
3864	1108
3564	3385
921	248
5011	4405
3399	3348
2193	2135
1491	911
1937	1181
3958	3695
1168	930
2661	581
4506	1549
2479	1132
347	248
1636	1127
5146	2334
3866	222
4941	3581
4301	884
4033	3423
3105	2273
4018	2310
2706	706
3414	1914
4156	4005
4600	3907
4480	4156
3757	1871
4970	1117
3204	854
3439	922
5061	3068
4180	1839
552	89
1871	1034
4775	2902
5128	241
4399	3995
1215	1083
4201	1429
4601	309
1678	53
4234	4105
4105	1682
3663	2308
4480	4393
2439	1527
413	329
1358	269
1117	248
3603	2922
2347	411
3354	1432
2124	1537
2904	2156
1281	1130
3431	2865
4105	3636
4651	4242
2424	885
3390	1460
4646	1270
4336	3102
4845	1077
4136	413
1444	1149
3685	294
4770	4445
3782	2747
4120	1215
3273	1444
3435	1840
2193	853
2221	581
4324	2438
1593	1446
4600	3518
3307	3016
1527	1402
4600	3006
3805	22
2704	17
2246	1286
4073	1422
2414	17
4156	2506
272	130
4775	1948
4940	4508
4970	921
3907	2102
4301	3810
5062	1867
3519	2406
4818	4508
4795	2526
2334	106
4366	4156
4615	4603
4600	1524
3995	340
928	89
3380	2696
2704	2181
222	89
2912	1496
2070	18
4091	89
2270	2102
2863	1527
4508	4156
1108	740
3887	2672
3573	2021
2102	1883
1563	1386
3941	195
2460	1184
4066	1727
4342	1966
5091	1867
2105	1108
4640	3451
3907	476
2737	123
5134	673
4156	1077
4073	1371
546	284
2724	2144
2555	1322
5113	4651
4624	1338
4872	1938
3352	3272
3907	3853
3606	1912
4872	4105
3388	3381
3747	1030
4775	2823
2775	1722
4775	2106
2557	2268
4201	3863
5128	5040
5078	4156
652	162
866	354
1430	272
3426	2176
1958	1728
4308	1181
3678	1430
2672	2125
925	652
1407	25
5137	117
3853	2964
5113	1302
1446	1426
1878	343
4674	3757
4328	1705
3138	89
3501	1722
4827	2775
4863	251
5120	1635
4956	4336
3427	114
5062	3114
3782	164
3665	2989
4576	3747
2606	2274
1862	149
1742	822
4186	1119
3866	2530
2310	1753
5043	241
4478	2625
4232	153
4442	751
2884	2013
4301	500
4156	2660
2884	378
618	221
2273	731
1684	1159
3559	1710
4475	2694
4069	2618
4763	2334
4943	123
2124	1734
4944	2092
962	903
4156	1764
4026	1844
4508	3907
4417	3162
3920	1734
4978	4105
3840	1422
5147	1527
2021	247
3166	2492
1560	67
1093	33
1549	652
3853	3056
4943	2946
4571	1196
3114	1722
4105	2289
510	221
2993	551
4236	3972
2863	2273
3484	1583
2185	1037
3840	1533
1215	798
3995	2775
2710	272
4670	2031
4152	1722
4721	1897
2270	2246
2246	1202
3853	3091
2803	1920
4399	2102
