# GO	NS	enrichment	name	ratio_in_study	ratio_in_pop	p_uncorrected	depth	study_count	p_fdr_bh	study_items
GO:0008623	CC	e	CHRAC	4/4	5/6920	5.237613986221396e-14	6	4	4.9495452169792187e-11	DLS1, DPB4, ISW2, ITC1
GO:0031010	CC	e	ISWI-type complex	4/4	9/6920	1.3198787245277916e-12	5	4	6.236426973393815e-10	DLS1, DPB4, ISW2, ITC1
GO:0070603	CC	e	SWI/SNF superfamily-type complex	4/4	61/6920	5.4665500935591325e-09	4	4	1.7219632794711268e-06	DLS1, DPB4, ISW2, ITC1
GO:1904949	CC	e	ATPase complex	4/4	71/6920	1.0178098131004453e-08	3	4	2.404575683449802e-06	DLS1, DPB4, ISW2, ITC1
GO:0000781	CC	e	chromosome, telomeric region	3/4	111/6920	1.588387456734777e-05	3	3	0.003002052293228729	DLS1, ISW2, ITC1
GO:0098687	CC	e	chromosomal region	3/4	190/6920	7.987427914774236e-05	2	3	0.012580198965769422	DLS1, ISW2, ITC1
GO:0140513	CC	e	nuclear protein-containing complex	4/4	707/6920	0.0001081279906560431	2	4	0.014597278738565818	DLS1, DPB4, ISW2, ITC1
GO:1902494	CC	e	catalytic complex	4/4	851/6920	0.00022730253010368705	2	4	0.02685011136849803	DLS1, DPB4, ISW2, ITC1
