# GO	NS	enrichment	name	ratio_in_study	ratio_in_pop	p_uncorrected	depth	study_count	p_fdr_bh	study_items
GO:0008318	MF	e	protein prenyltransferase activity	6/6	9/6920	5.519717550708876e-19	5	6	1.4279509303683863e-15	BET2, BET4, CDC43, MRS6, RAM1, RAM2
GO:0004659	MF	e	prenyltransferase activity	6/6	21/6920	3.5657375377579344e-16	4	6	4.612281505089889e-13	BET2, BET4, CDC43, MRS6, RAM1, RAM2
GO:0004661	MF	e	protein geranylgeranyltransferase activity	5/6	7/6920	9.539911833475176e-16	6	5	8.22658397106676e-13	BET2, BET4, CDC43, MRS6, RAM2
GO:0016765	MF	e	transferase activity, transferring alkyl or aryl (other than methyl) groups	6/6	54/6920	1.6971268563756428e-13	3	6	1.0976167943609471e-10	BET2, BET4, CDC43, MRS6, RAM1, RAM2
GO:0004663	MF	e	Rab geranylgeranyltransferase activity	3/6	5/6920	3.6205009406101604e-09	7	3	1.8732471866716969e-06	BET2, BET4, MRS6
GO:0004662	MF	e	CAAX-protein geranylgeranyltransferase activity	2/6	2/6920	6.265732209288822e-07	7	2	0.00027015748709050306	CDC43, RAM2
GO:0140096	MF	e	catalytic activity, acting on a protein	6/6	712/6920	1.1641579875409804e-06	2	6	0.00043023953053835946	BET2, BET4, CDC43, MRS6, RAM1, RAM2
GO:0004660	MF	e	protein farnesyltransferase activity	2/6	3/6920	1.8789950912677927e-06	6	2	0.0006076200376387224	RAM1, RAM2
GO:0016740	MF	e	transferase activity	6/6	1029/6920	1.0677146172741952e-05	2	6	0.0030690863498759368	BET2, BET4, CDC43, MRS6, RAM1, RAM2
