# GO	NS	enrichment	name	ratio_in_study	ratio_in_pop	p_uncorrected	depth	study_count	p_fdr_bh	study_items
GO:0003743	MF	e	translation initiation factor activity	4/4	38/6920	7.732289527858646e-10	2	4	2.000343300857032e-06	CDC33, TIF2, TIF4631, TIF4632
GO:0180051	MF	e	translation factor activity	4/4	61/6920	5.4665500935591325e-09	1	4	7.070982546018739e-06	CDC33, TIF2, TIF4631, TIF4632
GO:0001671	MF	e	ATPase activator activity	2/4	22/6920	5.767242746489958e-05	3	2	0.04973285661723174	TIF4631, TIF4632
