# GO	NS	enrichment	name	ratio_in_study	ratio_in_pop	p_uncorrected	depth	study_count	p_fdr_bh	study_items
GO:0006325	BP	e	chromatin organization	10/11	324/6920	4.67055356029376e-13	4	10	2.141915862750718e-09	EAF1, EAF3, EAF7, HAT1, HAT2, HHF2, HIF1, SWC4, TAF1, TRA1
GO:0006338	BP	e	chromatin remodeling	7/11	259/6920	2.7567539353323437e-08	5	7	6.321236773717063e-05	EAF3, HAT1, HAT2, HIF1, SWC4, TAF1, TRA1
GO:0006281	BP	e	DNA repair	7/11	319/6920	1.1665436422188218e-07	7	7	0.00017832563810718388	ACT1, EAF1, EAF3, EAF7, HAT1, SWC4, TRA1
GO:0006974	BP	e	DNA damage response	7/11	370/6920	3.2365264203693484e-07	4	7	0.0003710677540953458	ACT1, EAF1, EAF3, EAF7, HAT1, SWC4, TRA1
GO:0016043	BP	e	cellular component organization	11/11	1867/6920	5.39580224155784e-07	3	11	0.0004949029815956851	ACT1, EAF1, EAF3, EAF7, HAT1, HAT2, HHF2, HIF1, SWC4, TAF1, TRA1
GO:0071840	BP	e	cellular component organization or biogenesis	11/11	2044/6920	1.4651099199597998e-06	2	11	0.001119832348822607	ACT1, EAF1, EAF3, EAF7, HAT1, HAT2, HHF2, HIF1, SWC4, TAF1, TRA1
GO:0006259	BP	e	DNA metabolic process	7/11	525/6920	3.5086456323066574e-06	6	7	0.0022986641242511902	ACT1, EAF1, EAF3, EAF7, HAT1, SWC4, TRA1
GO:0033554	BP	e	cellular response to stress	7/11	795/6920	5.598947278587184e-05	3	7	0.03209596527450103	ACT1, EAF1, EAF3, EAF7, HAT1, SWC4, TRA1
GO:0006950	BP	e	response to stress	7/11	850/6920	8.685823232808902e-05	2	7	0.04425909482851292	ACT1, EAF1, EAF3, EAF7, HAT1, SWC4, TRA1
