# GO	NS	enrichment	name	ratio_in_study	ratio_in_pop	p_uncorrected	depth	study_count	p_fdr_bh	study_items
GO:0032543	BP	e	mitochondrial translation	23/23	119/6920	2.7752181232821288e-42	6	23	1.2727150313371842e-38	EHD3, MRP1, MRP13, MRP17, MRP21, MRP4, MRP51, MRPS16, MRPS17, MRPS18, MRPS28, MRPS5, MRPS8, MRPS9, NAM9, PET123, RSM10, RSM19, RSM22, RSM23, RSM25, RSM27, RSM7
GO:0006412	BP	e	translation	23/23	556/6920	4.264172637709647e-26	5	23	9.77774785826822e-23	EHD3, MRP1, MRP13, MRP17, MRP21, MRP4, MRP51, MRPS16, MRPS17, MRPS18, MRPS28, MRPS5, MRPS8, MRPS9, NAM9, PET123, RSM10, RSM19, RSM22, RSM23, RSM25, RSM27, RSM7
GO:0009059	BP	e	macromolecule biosynthetic process	23/23	1118/6920	5.112945010041723e-19	4	23	7.815988605350446e-16	EHD3, MRP1, MRP13, MRP17, MRP21, MRP4, MRP51, MRPS16, MRPS17, MRPS18, MRPS28, MRPS5, MRPS8, MRPS9, NAM9, PET123, RSM10, RSM19, RSM22, RSM23, RSM25, RSM27, RSM7
GO:0019538	BP	e	protein metabolic process	23/23	1267/6920	9.334210126741979e-18	4	23	1.0701671910309678e-14	EHD3, MRP1, MRP13, MRP17, MRP21, MRP4, MRP51, MRPS16, MRPS17, MRPS18, MRPS28, MRPS5, MRPS8, MRPS9, NAM9, PET123, RSM10, RSM19, RSM22, RSM23, RSM25, RSM27, RSM7
GO:0009058	BP	e	biosynthetic process	23/23	1748/6920	1.6172537286695567e-14	3	23	1.4833451199357175e-11	EHD3, MRP1, MRP13, MRP17, MRP21, MRP4, MRP51, MRPS16, MRPS17, MRPS18, MRPS28, MRPS5, MRPS8, MRPS9, NAM9, PET123, RSM10, RSM19, RSM22, RSM23, RSM25, RSM27, RSM7
GO:0043170	BP	e	macromolecule metabolic process	23/23	2675/6920	3.024901787666069e-10	3	23	2.3120332663727654e-07	EHD3, MRP1, MRP13, MRP17, MRP21, MRP4, MRP51, MRPS16, MRPS17, MRPS18, MRPS28, MRPS5, MRPS8, MRPS9, NAM9, PET123, RSM10, RSM19, RSM22, RSM23, RSM25, RSM27, RSM7
GO:0044238	BP	e	primary metabolic process	23/23	3320/6920	4.430581674168012e-08	3	23	2.9026639368192148e-05	EHD3, MRP1, MRP13, MRP17, MRP21, MRP4, MRP51, MRPS16, MRPS17, MRPS18, MRPS28, MRPS5, MRPS8, MRPS9, NAM9, PET123, RSM10, RSM19, RSM22, RSM23, RSM25, RSM27, RSM7
GO:0008152	BP	e	metabolic process	23/23	3843/6920	1.5243465664732569e-06	2	23	0.0008738316692307945	EHD3, MRP1, MRP13, MRP17, MRP21, MRP4, MRP51, MRPS16, MRPS17, MRPS18, MRPS28, MRPS5, MRPS8, MRPS9, NAM9, PET123, RSM10, RSM19, RSM22, RSM23, RSM25, RSM27, RSM7
