# GO	NS	enrichment	name	ratio_in_study	ratio_in_pop	p_uncorrected	depth	study_count	p_fdr_bh	study_items
GO:0003723	MF	e	RNA binding	10/10	1124/6920	1.2359223981641787e-08	3	10	3.1973312440507305e-05	LUC7, MUD1, NAM8, PRP39, PRP40, PRP42, SNP1, SNU56, SNU71, YHC1
GO:0030619	MF	e	U1 snRNA binding	3/10	7/6920	7.584927107001589e-08	5	3	9.811103212906556e-05	MUD1, SNP1, YHC1
GO:0030627	MF	e	pre-mRNA 5'-splice site binding	3/10	8/6920	1.2126669846420795e-07	5	3	0.00010457231630896866	PRP39, PRP42, YHC1
GO:0003676	MF	e	nucleic acid binding	10/10	1751/6920	1.0554667211950882e-06	2	10	0.0006826231019329233	LUC7, MUD1, NAM8, PRP39, PRP40, PRP42, SNP1, SNU56, SNU71, YHC1
GO:0036002	MF	e	pre-mRNA binding	3/10	19/6920	2.0808829300326527e-06	4	3	0.0010766488279988944	PRP39, PRP42, YHC1
GO:0017069	MF	e	snRNA binding	3/10	25/6920	4.916667085909071e-06	4	3	0.002119902958541128	MUD1, SNP1, YHC1
