# GO	NS	enrichment	name	ratio_in_study	ratio_in_pop	p_uncorrected	depth	study_count	p_fdr_bh	study_items
GO:0035925	MF	e	mRNA 3'-UTR AU-rich region binding	3/7	7/6920	2.215152633752584e-08	6	3	5.730599863517935e-05	RRP42, RRP43, RRP45
GO:0003730	MF	e	mRNA 3'-UTR binding	3/7	21/6920	8.36656602425668e-07	5	3	0.0010822153152376017	RRP42, RRP43, RRP45
GO:0003723	MF	e	RNA binding	7/7	1124/6920	2.936365731768715e-06	3	7	0.0025321260493618883	DIS3, RRP4, RRP42, RRP43, RRP45, RRP46, SKI6
GO:0003676	MF	e	nucleic acid binding	7/7	1751/6920	6.582088320928348e-05	2	7	0.04256965621560409	DIS3, RRP4, RRP42, RRP43, RRP45, RRP46, SKI6
