# GO	NS	enrichment	name	ratio_in_study	ratio_in_pop	p_uncorrected	depth	study_count	p_fdr_bh	study_items
GO:0061630	MF	e	ubiquitin protein ligase activity	8/8	78/6920	1.8051560406167335e-16	7	8	4.66993867707549e-13	APC1, APC2, APC4, APC5, APC9, CDC16, CDC23, CDC27
GO:0061659	MF	e	ubiquitin-like protein ligase activity	8/8	87/6920	4.498751523301394e-16	6	8	5.819135095390354e-13	APC1, APC2, APC4, APC5, APC9, CDC16, CDC23, CDC27
GO:0004842	MF	e	ubiquitin-protein transferase activity	8/8	115/6920	4.553802756666218e-15	6	8	3.926895910498502e-12	APC1, APC2, APC4, APC5, APC9, CDC16, CDC23, CDC27
GO:0019787	MF	e	ubiquitin-like protein transferase activity	8/8	134/6920	1.6041964829309155e-14	5	8	9.955746444382381e-12	APC1, APC2, APC4, APC5, APC9, CDC16, CDC23, CDC27
GO:0016755	MF	e	aminoacyltransferase activity	8/8	137/6920	1.9241875617283304e-14	4	8	9.955746444382381e-12	APC1, APC2, APC4, APC5, APC9, CDC16, CDC23, CDC27
GO:0016746	MF	e	acyltransferase activity	8/8	285/6920	7.526988192895567e-12	3	8	3.245386409170139e-09	APC1, APC2, APC4, APC5, APC9, CDC16, CDC23, CDC27
GO:0140096	MF	e	catalytic activity, acting on a protein	8/8	712/6920	1.2122991711791087e-08	2	8	4.48031136548622e-06	APC1, APC2, APC4, APC5, APC9, CDC16, CDC23, CDC27
GO:0016740	MF	e	transferase activity	8/8	1029/6920	2.3355318047212647e-07	2	8	7.55252597351739e-05	APC1, APC2, APC4, APC5, APC9, CDC16, CDC23, CDC27
