# GO	NS	enrichment	name	ratio_in_study	ratio_in_pop	p_uncorrected	depth	study_count	p_fdr_bh	study_items
GO:0004679	MF	e	AMP-activated protein kinase activity	4/5	5/6920	2.618504065754641e-13	7	4	6.774070018107257e-10	GAL83, SIP1, SNF1, SNF4
GO:0019901	MF	e	protein kinase binding	3/5	35/6920	1.1773676546621023e-06	5	3	0.0008717662880638545	GAL83, SIP1, SNF4
GO:0019900	MF	e	kinase binding	3/5	36/6920	1.2841216417768753e-06	4	3	0.0008717662880638545	GAL83, SIP1, SNF4
GO:0004674	MF	e	protein serine/threonine kinase activity	4/5	161/6920	1.3866366958920036e-06	6	4	0.0008717662880638545	GAL83, SIP1, SNF1, SNF4
GO:0004672	MF	e	protein kinase activity	4/5	169/6920	1.6848981214995256e-06	5	4	0.0008717662880638545	GAL83, SIP1, SNF1, SNF4
GO:0016773	MF	e	phosphotransferase activity, alcohol group as acceptor	4/5	236/6920	6.4218444356735805e-06	4	4	0.002768885259181259	GAL83, SIP1, SNF1, SNF4
GO:0016301	MF	e	kinase activity	4/5	262/6920	9.749420495223649e-06	4	4	0.003603107260163368	GAL83, SIP1, SNF1, SNF4
GO:0016772	MF	e	transferase activity, transferring phosphorus-containing groups	4/5	421/6920	6.4324026518251e-05	3	4	0.02080078207533942	GAL83, SIP1, SNF1, SNF4
GO:0019899	MF	e	enzyme binding	3/5	166/6920	0.00013086568554523904	3	3	0.0376166142783926	GAL83, SIP1, SNF4
