# GO	NS	enrichment	name	ratio_in_study	ratio_in_pop	p_uncorrected	depth	study_count	p_fdr_bh	study_items
GO:0042254	BP	e	ribosome biogenesis	7/7	201/6920	1.5742616865108356e-11	5	7	7.219564094338691e-08	DBP9, MAK21, MAK5, NOP4, RLP7, RSA3, YTM1
GO:0022613	BP	e	ribonucleoprotein complex biogenesis	7/7	242/6920	5.878338007055896e-11	4	7	1.3479029050179169e-07	DBP9, MAK21, MAK5, NOP4, RLP7, RSA3, YTM1
GO:0000463	BP	e	maturation of LSU-rRNA from tricistronic rRNA transcript (SSU-rRNA, 5.8S rRNA, LSU-rRNA)	5/7	41/6920	1.1815003346008144e-10	10	5	1.4636704109920994e-07	DBP9, MAK5, NOP4, RLP7, YTM1
GO:0044085	BP	e	cellular component biogenesis	7/7	270/6920	1.276642312247797e-10	3	7	1.4636704109920994e-07	DBP9, MAK21, MAK5, NOP4, RLP7, RSA3, YTM1
GO:0000470	BP	e	maturation of LSU-rRNA	5/7	54/6920	4.970333955152499e-10	9	5	4.5587903036658724e-07	DBP9, MAK5, NOP4, RLP7, YTM1
GO:0042273	BP	e	ribosomal large subunit biogenesis	5/7	63/6920	1.1022743118778575e-09	5	5	8.425049990453091e-07	MAK21, MAK5, NOP4, RLP7, YTM1
GO:0006364	BP	e	rRNA processing	5/7	368/6920	7.959326055703371e-06	8	5	0.005214495613065095	DBP9, MAK5, NOP4, RLP7, YTM1
GO:0016072	BP	e	rRNA metabolic process	5/7	428/6920	1.6747106583904924e-05	7	5	0.009600278849223497	DBP9, MAK5, NOP4, RLP7, YTM1
