# GO	NS	enrichment	name	ratio_in_study	ratio_in_pop	p_uncorrected	depth	study_count	p_fdr_bh	study_items
GO:0003743	MF	e	translation initiation factor activity	6/6	38/6920	1.8140689723343487e-14	2	6	4.6929964314289605e-11	GCD1, GCD11, GCD2, GCD6, GCD7, GCN3
GO:0180051	MF	e	translation factor activity	6/6	61/6920	3.6486234564052287e-13	1	6	4.719494440860163e-10	GCD1, GCD11, GCD2, GCD6, GCD7, GCN3
GO:0005085	MF	e	guanyl-nucleotide exchange factor activity	5/6	58/6920	2.0687740618283202e-10	5	5	1.7839728326499548e-07	GCD1, GCD2, GCD6, GCD7, GCN3
GO:0030695	MF	e	GTPase regulator activity	5/6	116/6920	7.19046562355241e-09	4	5	3.720346913626017e-06	GCD1, GCD2, GCD6, GCD7, GCN3
GO:0060589	MF	e	nucleoside-triphosphatase regulator activity	5/6	116/6920	7.19046562355241e-09	3	5	3.720346913626017e-06	GCD1, GCD2, GCD6, GCD7, GCN3
GO:0030234	MF	e	enzyme regulator activity	5/6	328/6920	1.3399029282191877e-06	2	5	0.0005777214792171731	GCD1, GCD2, GCD6, GCD7, GCN3
GO:0098772	MF	e	molecular function regulator activity	5/6	396/6920	3.4257363539909724e-06	1	5	0.0012660542782535207	GCD1, GCD2, GCD6, GCD7, GCN3
