# GO	NS	enrichment	name	ratio_in_study	ratio_in_pop	p_uncorrected	depth	study_count	p_fdr_bh	study_items
GO:0000123	CC	e	histone acetyltransferase complex	3/3	46/6920	2.7497489140504283e-07	6	3	0.00018549637711306061	HAT1, HAT2, HIF1
GO:0031248	CC	e	protein acetyltransferase complex	3/3	54/6920	4.493067988412835e-07	5	3	0.00018549637711306061	HAT1, HAT2, HIF1
GO:1902493	CC	e	acetyltransferase complex	3/3	59/6920	5.888773876605098e-07	4	3	0.00018549637711306061	HAT1, HAT2, HIF1
GO:0000781	CC	e	chromosome, telomeric region	3/3	111/6920	4.0180207863642675e-06	3	3	0.0009492574107785581	HAT1, HAT2, HIF1
GO:0098687	CC	e	chromosomal region	3/3	190/6920	2.038183453959988e-05	2	3	0.003852166727984378	HAT1, HAT2, HIF1
GO:0140535	CC	e	intracellular protein-containing complex	3/3	410/6920	0.00020655577659422868	2	3	0.02788502984022087	HAT1, HAT2, HIF1
GO:1990234	CC	e	transferase complex	3/3	410/6920	0.00020655577659422868	3	3	0.02788502984022087	HAT1, HAT2, HIF1
