# GO	NS	enrichment	name	ratio_in_study	ratio_in_pop	p_uncorrected	depth	study_count	p_fdr_bh	study_items
GO:0032545	CC	e	CURI complex	4/4	7/6920	3.666329790354977e-13	3	4	3.4646816518854526e-10	CKB2, IFH1, RRP7, UTP22
GO:0034456	CC	e	UTP-C complex	3/4	6/6920	1.4486716524489758e-09	3	3	6.84497355782141e-07	CKB2, RRP7, UTP22
GO:0140513	CC	e	nuclear protein-containing complex	4/4	707/6920	0.0001081279906560431	2	4	0.03406031705665358	CKB2, IFH1, RRP7, UTP22
