# GO	NS	enrichment	name	ratio_in_study	ratio_in_pop	p_uncorrected	depth	study_count	p_fdr_bh	study_items
GO:0032045	CC	e	guanyl-nucleotide exchange factor complex	7/7	15/6920	4.281094209672598e-20	3	7	4.045634028140605e-17	GCD1, GCD2, GCD6, GCD7, GCN3, RGP1, RIC1
GO:0005851	CC	e	eukaryotic translation initiation factor 2B complex	5/7	5/6920	1.590368619297995e-16	4	5	7.514491726183026e-14	GCD1, GCD2, GCD6, GCD7, GCN3
GO:0140535	CC	e	intracellular protein-containing complex	7/7	410/6920	2.4417424654217562e-09	2	7	7.691488766078532e-07	GCD1, GCD2, GCD6, GCD7, GCN3, RGP1, RIC1
GO:0034066	CC	e	Ric1-Rgp1 guanyl-nucleotide exchange factor complex	2/7	2/6920	8.772025093004354e-07	4	2	0.00020723909282222786	RGP1, RIC1
GO:0005829	CC	e	cytosol	7/7	1178/6920	4.081655623012164e-06	2	7	0.0007714329127492991	GCD1, GCD2, GCD6, GCD7, GCN3, RGP1, RIC1
GO:0032991	CC	e	protein-containing complex	7/7	2176/6920	0.00030198995259705935	1	7	0.047563417534036846	GCD1, GCD2, GCD6, GCD7, GCN3, RGP1, RIC1
