# GO	NS	enrichment	name	ratio_in_study	ratio_in_pop	p_uncorrected	depth	study_count	p_fdr_bh	study_items
GO:0016281	CC	e	eukaryotic translation initiation factor 4F complex	4/4	4/6920	1.0475227972442794e-14	4	4	9.899090433958439e-12	CDC33, TIF2, TIF4631, TIF4632
GO:0034518	CC	e	RNA cap binding complex	4/4	6/6920	1.5712841958664185e-13	3	4	7.424317825468827e-11	CDC33, TIF2, TIF4631, TIF4632
GO:0010494	CC	e	cytoplasmic stress granule	4/4	101/6920	4.276957016938598e-08	7	4	1.3472414603356584e-05	CDC33, TIF2, TIF4631, TIF4632
GO:0036464	CC	e	cytoplasmic ribonucleoprotein granule	4/4	141/6920	1.6526971439068457e-07	6	4	3.306629804289743e-05	CDC33, TIF2, TIF4631, TIF4632
GO:0035770	CC	e	ribonucleoprotein granule	4/4	143/6920	1.749539578989282e-07	5	4	3.306629804289743e-05	CDC33, TIF2, TIF4631, TIF4632
GO:0099080	CC	e	supramolecular complex	4/4	275/6920	2.442120275376708e-06	2	4	0.0003846339433718315	CDC33, TIF2, TIF4631, TIF4632
GO:0140535	CC	e	intracellular protein-containing complex	4/4	410/6920	1.2153852981617907e-05	2	4	0.0016407701525184173	CDC33, TIF2, TIF4631, TIF4632
