# GO	NS	enrichment	name	ratio_in_study	ratio_in_pop	p_uncorrected	depth	study_count	p_fdr_bh	study_items
GO:0003723	MF	e	RNA binding	12/12	1124/6920	3.209802551801911e-10	3	12	8.303759201511545e-07	CSL4, DIS3, LRP1, MTR3, RRP4, RRP40, RRP42, RRP43, RRP45, RRP46, RRP6, SKI6
GO:0003676	MF	e	nucleic acid binding	12/12	1751/6920	6.697293379543171e-08	2	12	8.662948986439093e-05	CSL4, DIS3, LRP1, MTR3, RRP4, RRP40, RRP42, RRP43, RRP45, RRP46, RRP6, SKI6
GO:0035925	MF	e	mRNA 3'-UTR AU-rich region binding	3/12	7/6920	1.389363227237305e-07	6	3	0.00011980942229543026	RRP42, RRP43, RRP45
GO:0003730	MF	e	mRNA 3'-UTR binding	3/12	21/6920	5.2078687444468555e-06	5	3	0.003368189110471004	RRP42, RRP43, RRP45
