# GO	NS	enrichment	name	ratio_in_study	ratio_in_pop	p_uncorrected	depth	study_count	p_fdr_bh	study_items
GO:0016281	CC	e	eukaryotic translation initiation factor 4F complex	2/3	4/6920	7.517429508108881e-07	4	2	0.0007103970885162892	CDC33, TIF4631
GO:0034518	CC	e	RNA cap binding complex	2/3	6/6920	1.8789950912677927e-06	3	2	0.000887825180624032	CDC33, TIF4631
GO:0010494	CC	e	cytoplasmic stress granule	3/3	101/6920	3.018746090424927e-06	7	3	0.000950905018483852	CDC33, PAB1, TIF4631
GO:0036464	CC	e	cytoplasmic ribonucleoprotein granule	3/3	141/6920	8.283845032176557e-06	6	3	0.001633711311162297	CDC33, PAB1, TIF4631
GO:0035770	CC	e	ribonucleoprotein granule	3/3	143/6920	8.643975191334904e-06	5	3	0.001633711311162297	CDC33, PAB1, TIF4631
GO:0099080	CC	e	supramolecular complex	3/3	275/6920	6.210347773816431e-05	2	3	0.009781297743760879	CDC33, PAB1, TIF4631
