# GO	NS	enrichment	name	ratio_in_study	ratio_in_pop	p_uncorrected	depth	study_count	p_fdr_bh	study_items
GO:0008312	MF	e	7S RNA binding	5/6	7/6920	9.539911833475176e-16	4	5	2.467975191320028e-12	SEC65, SRP14, SRP54, SRP68, SRP72
GO:0030942	MF	e	endoplasmic reticulum signal peptide binding	3/6	3/6920	3.6228575942693396e-10	4	3	4.686166298187391e-07	SRP14, SRP54, SRP68
GO:0005048	MF	e	signal sequence binding	3/6	41/6920	3.8144330267139886e-06	3	3	0.002655885305667634	SRP14, SRP54, SRP68
GO:0042277	MF	e	peptide binding	3/6	42/6920	4.106509943050072e-06	2	3	0.002655885305667634	SRP14, SRP54, SRP68
GO:0003723	MF	e	RNA binding	6/6	1124/6920	1.8159242101474868e-05	3	6	0.009395591863303096	SEC65, SRP14, SRP21, SRP54, SRP68, SRP72
