# GO	NS	enrichment	name	ratio_in_study	ratio_in_pop	p_uncorrected	depth	study_count	p_fdr_bh	study_items
GO:0031428	CC	e	box C/D methylation guide snoRNP complex	3/3	53/6920	4.2434531001676775e-07	5	3	0.00019525934432953744	NOP1, NOP56, NOP58
GO:0170049	CC	e	box C/D RNP complex	3/3	53/6920	4.2434531001676775e-07	4	3	0.00019525934432953744	NOP1, NOP56, NOP58
GO:0032040	CC	e	small-subunit processome	3/3	60/6920	6.198709343794839e-07	4	3	0.00019525934432953744	NOP1, NOP56, NOP58
GO:0030686	CC	e	90S preribosome	3/3	81/6920	1.5455110497153003e-06	4	3	0.0003651269854952397	NOP1, NOP56, NOP58
GO:0005732	CC	e	sno(s)RNA-containing ribonucleoprotein complex	3/3	107/6920	3.595414447992749e-06	3	3	0.0006795333306706296	NOP1, NOP56, NOP58
GO:0030684	CC	e	preribosome	3/3	163/6920	1.2835077999265392e-05	3	3	0.0020215247848842993	NOP1, NOP56, NOP58
GO:0005730	CC	e	nucleolus	3/3	365/6920	0.0001456031901423239	5	3	0.019656430669213725	NOP1, NOP56, NOP58
