# GO	NS	enrichment	name	ratio_in_study	ratio_in_pop	p_uncorrected	depth	study_count	p_fdr_bh	study_items
GO:0051015	MF	e	actin filament binding	7/8	37/6920	5.45871277580277e-16	5	7	1.4121689951001765e-12	ARC18, ARC19, ARC35, ARC40, ARP2, ARP3, CRN1
GO:0003779	MF	e	actin binding	7/8	59/6920	1.8037361207266687e-14	4	7	2.333132672159946e-11	ARC18, ARC19, ARC35, ARC40, ARP2, ARP3, CRN1
GO:0008092	MF	e	cytoskeletal protein binding	7/8	122/6920	3.5131520022275556e-12	3	7	3.0295080765875623e-09	ARC18, ARC19, ARC35, ARC40, ARP2, ARP3, CRN1
GO:0044877	MF	e	protein-containing complex binding	7/8	290/6920	1.632763089193356e-09	2	7	1.055989527935803e-06	ARC18, ARC19, ARC35, ARC40, ARP2, ARP3, CRN1
GO:0005515	MF	e	protein binding	7/8	807/6920	2.0610257431186263e-06	2	7	0.0010663747194895772	ARC18, ARC19, ARC35, ARC40, ARP2, ARP3, CRN1
