# GO	NS	enrichment	name	ratio_in_study	ratio_in_pop	p_uncorrected	depth	study_count	p_fdr_bh	study_items
GO:0120330	CC	e	rixosome complex	3/3	3/6920	1.8114287971346702e-11	5	3	1.7118002132922633e-08	IPI1, IPI3, RIX1
GO:1902555	CC	e	endoribonuclease complex	3/3	24/6920	3.666331885400571e-08	4	3	1.4835601848532946e-05	IPI1, IPI3, RIX1
GO:1905348	CC	e	endonuclease complex	3/3	26/6920	4.7097148725501417e-08	3	3	1.4835601848532946e-05	IPI1, IPI3, RIX1
GO:0005654	CC	e	nucleoplasm	3/3	65/6920	7.912320985884237e-07	2	3	0.0001869285832915151	IPI1, IPI3, RIX1
GO:0140535	CC	e	intracellular protein-containing complex	3/3	410/6920	0.00020655577659422868	2	3	0.03903904177630922	IPI1, IPI3, RIX1
