# GO	NS	enrichment	name	ratio_in_study	ratio_in_pop	p_uncorrected	depth	study_count	p_fdr_bh	study_items
GO:0034501	BP	e	protein localization to kinetochore	2/3	11/6920	6.886327715187159e-06	8	2	0.015790349450924154	AME1, MTW1
GO:1903083	BP	e	protein localization to condensed chromosome	2/3	11/6920	6.886327715187159e-06	7	2	0.015790349450924154	AME1, MTW1
GO:0071459	BP	e	protein localization to chromosome, centromeric region	2/3	21/6920	2.6267891273009278e-05	7	2	0.03838397362108699	AME1, MTW1
GO:0051301	BP	e	cell division	3/3	224/6920	3.3479261771554285e-05	2	3	0.03838397362108699	AME1, DSN1, MTW1
