# GO	NS	enrichment	name	ratio_in_study	ratio_in_pop	p_uncorrected	depth	study_count	p_fdr_bh	study_items
GO:0031267	MF	e	small GTPase binding	3/7	39/6920	5.704206834803064e-06	5	3	0.008598886746691946	EXO70, SEC15, SEC3
GO:0051020	MF	e	GTPase binding	3/7	41/6920	6.647767102197097e-06	4	3	0.008598886746691946	EXO70, SEC15, SEC3
