# GO	NS	enrichment	name	ratio_in_study	ratio_in_pop	p_uncorrected	depth	study_count	p_fdr_bh	study_items
GO:0005793	CC	e	endoplasmic reticulum-Golgi intermediate compartment	4/4	17/6920	2.493104257441384e-11	5	4	2.3559835232821075e-08	EMP24, ERP1, ERP2, ERV25
GO:0030134	CC	e	COPII-coated ER to Golgi transport vesicle	4/4	27/6920	1.8384025091637098e-10	8	4	8.686451855798529e-08	EMP24, ERP1, ERP2, ERV25
GO:0030135	CC	e	coated vesicle	4/4	49/6920	2.2194494018892892e-09	7	4	6.991265615951261e-07	EMP24, ERP1, ERP2, ERV25
GO:0005794	CC	e	Golgi apparatus	4/4	265/6920	2.104064661020552e-06	5	4	0.00037527204499291164	EMP24, ERP1, ERP2, ERV25
GO:0097708	CC	e	intracellular vesicle	4/4	279/6920	2.5881538677315655e-06	5	4	0.00037527204499291164	EMP24, ERP1, ERP2, ERV25
GO:0031410	CC	e	cytoplasmic vesicle	4/4	279/6920	2.5881538677315655e-06	6	4	0.00037527204499291164	EMP24, ERP1, ERP2, ERV25
GO:0031982	CC	e	vesicle	4/4	284/6920	2.77979292587342e-06	4	4	0.00037527204499291164	EMP24, ERP1, ERP2, ERV25
GO:0005789	CC	e	endoplasmic reticulum membrane	4/4	406/6920	1.1684757660068899e-05	4	4	0.0013802619985956385	EMP24, ERP1, ERP2, ERV25
GO:0005783	CC	e	endoplasmic reticulum	4/4	675/6920	8.98049443804883e-05	5	4	0.009429519159951272	EMP24, ERP1, ERP2, ERV25
