# GO	NS	enrichment	name	ratio_in_study	ratio_in_pop	p_uncorrected	depth	study_count	p_fdr_bh	study_items
GO:0003723	MF	e	RNA binding	11/12	1124/6920	2.0379218088327233e-08	3	11	5.2721037194502556e-05	CSL4, DIS3, MTR3, RRP4, RRP40, RRP42, RRP43, RRP45, RRP46, RRP6, SKI6
GO:0035925	MF	e	mRNA 3'-UTR AU-rich region binding	3/12	7/6920	1.389363227237305e-07	6	3	0.0001797141334431454	RRP42, RRP43, RRP45
GO:0003676	MF	e	nucleic acid binding	11/12	1751/6920	2.4544425530270642e-06	2	11	0.002116547628227005	CSL4, DIS3, MTR3, RRP4, RRP40, RRP42, RRP43, RRP45, RRP46, RRP6, SKI6
GO:0003730	MF	e	mRNA 3'-UTR binding	3/12	21/6920	5.2078687444468555e-06	5	3	0.003368189110471004	RRP42, RRP43, RRP45
