# GO	NS	enrichment	name	ratio_in_study	ratio_in_pop	p_uncorrected	depth	study_count	p_fdr_bh	study_items
GO:0005085	MF	e	guanyl-nucleotide exchange factor activity	7/7	58/6920	2.000332707281102e-15	5	7	5.174860713736211e-12	GCD1, GCD2, GCD6, GCD7, GCN3, RGP1, RIC1
GO:0030695	MF	e	GTPase regulator activity	7/7	116/6920	3.1020479621072825e-13	4	7	2.674999359323847e-10	GCD1, GCD2, GCD6, GCD7, GCN3, RGP1, RIC1
GO:0060589	MF	e	nucleoside-triphosphatase regulator activity	7/7	116/6920	3.1020479621072825e-13	3	7	2.674999359323847e-10	GCD1, GCD2, GCD6, GCD7, GCN3, RGP1, RIC1
GO:0003743	MF	e	translation initiation factor activity	5/7	38/6920	7.919361581615869e-11	2	5	5.1218471029100635e-08	GCD1, GCD2, GCD6, GCD7, GCN3
GO:0030234	MF	e	enzyme regulator activity	7/7	328/6920	5.054773022520832e-10	2	7	2.615339561852279e-07	GCD1, GCD2, GCD6, GCD7, GCN3, RGP1, RIC1
GO:0180051	MF	e	translation factor activity	5/7	61/6920	9.334070244523875e-10	1	5	4.0245399537638777e-07	GCD1, GCD2, GCD6, GCD7, GCN3
GO:0098772	MF	e	molecular function regulator activity	7/7	396/6920	1.9111033885057976e-09	1	7	7.062892094377854e-07	GCD1, GCD2, GCD6, GCD7, GCN3, RGP1, RIC1
