# GO	NS	enrichment	name	ratio_in_study	ratio_in_pop	p_uncorrected	depth	study_count	p_fdr_bh	study_items
GO:0006413	BP	e	translational initiation	4/4	71/6920	1.0178098131004453e-08	3	4	4.667675802878642e-05	GCD11, SUI2, SUI3, TIF5
GO:0001731	BP	e	formation of translation preinitiation complex	3/4	15/6920	3.292510804930383e-08	7	3	7.549727275705368e-05	GCD11, SUI2, SUI3
GO:0022618	BP	e	protein-RNA complex assembly	4/4	172/6920	3.688182687189688e-07	6	4	0.0005311311826988526	GCD11, SUI2, SUI3, TIF5
GO:0071826	BP	e	protein-RNA complex organization	4/4	182/6920	4.632631336230725e-07	5	4	0.0005311311826988526	GCD11, SUI2, SUI3, TIF5
GO:0065003	BP	e	protein-containing complex assembly	4/4	488/6920	2.4450009525939016e-05	5	4	0.022425548737191266	GCD11, SUI2, SUI3, TIF5
GO:0006412	BP	e	translation	4/4	556/6920	4.12624406168424e-05	5	4	0.03153825877813988	GCD11, SUI2, SUI3, TIF5
GO:0043933	BP	e	protein-containing complex organization	4/4	583/6920	4.990544206502949e-05	4	4	0.03269519390146075	GCD11, SUI2, SUI3, TIF5
