# GO	NS	enrichment	name	ratio_in_study	ratio_in_pop	p_uncorrected	depth	study_count	p_fdr_bh	study_items
GO:0042393	MF	e	histone binding	4/14	44/6920	1.3589581980090288e-06	3	4	0.0035156248582493576	ARP4, SWR1, VPS72, YAF9
GO:0003682	MF	e	chromatin binding	5/14	157/6920	9.57170440219455e-06	2	5	0.01238099964423865	ARP4, ARP6, EAF1, SWR1, VPS71
GO:0031491	MF	e	nucleosome binding	3/14	33/6920	3.470883429648569e-05	3	3	0.02993058477500283	ARP6, SWR1, VPS71
