# GO	NS	enrichment	name	ratio_in_study	ratio_in_pop	p_uncorrected	depth	study_count	p_fdr_bh	study_items
GO:0031207	CC	e	Sec62/Sec63 complex	4/4	4/6920	1.0475227972442794e-14	3	4	9.899090433958439e-12	SEC62, SEC63, SEC66, SEC72
GO:0140534	CC	e	endoplasmic reticulum protein-containing complex	4/4	79/6920	1.5739040503823273e-08	2	4	7.436696638056496e-06	SEC62, SEC63, SEC66, SEC72
GO:0098796	CC	e	membrane protein complex	4/4	336/6920	5.46420552803434e-06	2	4	0.0017212247413308172	SEC62, SEC63, SEC66, SEC72
GO:0005783	CC	e	endoplasmic reticulum	4/4	675/6920	8.98049443804883e-05	5	4	0.02121641810989036	SEC62, SEC63, SEC66, SEC72
