# GO	NS	enrichment	name	ratio_in_study	ratio_in_pop	p_uncorrected	depth	study_count	p_fdr_bh	study_items
GO:0031011	CC	e	Ino80 complex	6/6	16/6920	5.2621307316757945e-17	6	6	4.972713541433625e-14	ARP8, IES1, IES3, IES5, INO80, NHP10
GO:0097346	CC	e	INO80-type complex	6/6	27/6920	1.9451090383158734e-15	5	6	9.190640206042502e-13	ARP8, IES1, IES3, IES5, INO80, NHP10
GO:0070603	CC	e	SWI/SNF superfamily-type complex	6/6	61/6920	3.6486234564052287e-13	4	6	1.149316388767647e-10	ARP8, IES1, IES3, IES5, INO80, NHP10
GO:1904949	CC	e	ATPase complex	6/6	71/6920	9.411052647324487e-13	3	6	2.2233611879304098e-10	ARP8, IES1, IES3, IES5, INO80, NHP10
GO:0140513	CC	e	nuclear protein-containing complex	6/6	707/6920	1.1157924043527225e-06	2	6	0.00021088476442266457	ARP8, IES1, IES3, IES5, INO80, NHP10
GO:1902494	CC	e	catalytic complex	6/6	851/6920	3.4057351700659586e-06	2	6	0.0005364032892853885	ARP8, IES1, IES3, IES5, INO80, NHP10
