# GO	NS	enrichment	name	ratio_in_study	ratio_in_pop	p_uncorrected	depth	study_count	p_fdr_bh	study_items
GO:0003723	MF	e	RNA binding	13/13	1124/6920	5.1669085663053325e-11	3	13	1.3366792461031897e-07	CSL4, DIS3, LRP1, MPP6, MTR3, RRP4, RRP40, RRP42, RRP43, RRP45, RRP46, RRP6, SKI6
GO:0003676	MF	e	nucleic acid binding	13/13	1751/6920	1.685957322962591e-08	2	13	2.1807857972521116e-05	CSL4, DIS3, LRP1, MPP6, MTR3, RRP4, RRP40, RRP42, RRP43, RRP45, RRP46, RRP6, SKI6
GO:0035925	MF	e	mRNA 3'-UTR AU-rich region binding	3/13	7/6920	1.8053882214664874e-07	6	3	0.00015568464429779343	RRP42, RRP43, RRP45
GO:0003730	MF	e	mRNA 3'-UTR binding	3/13	21/6920	6.7570176281455955e-06	5	3	0.004370101151003164	RRP42, RRP43, RRP45
