# GO	NS	enrichment	name	ratio_in_study	ratio_in_pop	p_uncorrected	depth	study_count	p_fdr_bh	study_items
GO:0034511	MF	e	U3 snoRNA binding	3/6	17/6920	2.4523410574425947e-07	5	3	0.0006344206315603993	DIP2, UTP13, UTP6
GO:0030515	MF	e	snoRNA binding	3/6	32/6920	1.7800411953752002e-06	4	3	0.0023024832862178217	DIP2, UTP13, UTP6
