# GO	NS	enrichment	name	ratio_in_study	ratio_in_pop	p_uncorrected	depth	study_count	p_fdr_bh	study_items
GO:0070847	CC	e	core mediator complex	7/7	20/6920	5.157271532771092e-19	4	7	4.873621598468681e-16	MED11, MED6, MED8, SRB2, SRB4, SRB5, SRB6
GO:0016592	CC	e	mediator complex	7/7	27/6920	5.907910009348183e-18	3	7	2.7914874794170164e-15	MED11, MED6, MED8, SRB2, SRB4, SRB5, SRB6
GO:0090575	CC	e	RNA polymerase II transcription regulator complex	7/7	74/6920	1.1972288283975811e-14	3	7	3.771270809452381e-12	MED11, MED6, MED8, SRB2, SRB4, SRB5, SRB6
GO:0005667	CC	e	transcription regulator complex	7/7	104/6920	1.4132828118729756e-13	2	7	3.3388806430499044e-11	MED11, MED6, MED8, SRB2, SRB4, SRB5, SRB6
GO:0140513	CC	e	nuclear protein-containing complex	7/7	707/6920	1.1312850382575331e-07	2	7	2.1381287223067376e-05	MED11, MED6, MED8, SRB2, SRB4, SRB5, SRB6
GO:0032991	CC	e	protein-containing complex	7/7	2176/6920	0.00030198995259705935	1	7	0.047563417534036846	MED11, MED6, MED8, SRB2, SRB4, SRB5, SRB6
