# GO	NS	enrichment	name	ratio_in_study	ratio_in_pop	p_uncorrected	depth	study_count	p_fdr_bh	study_items
GO:0000009	MF	e	alpha-1,6-mannosyltransferase activity	5/5	11/6920	3.4988109624555883e-15	6	5	9.051423959872607e-12	ANP1, HOC1, MNN10, MNN11, MNN9
GO:0000030	MF	e	mannosyltransferase activity	5/5	49/6920	1.4441183210673509e-11	5	5	1.8679670483006185e-08	ANP1, HOC1, MNN10, MNN11, MNN9
GO:0016758	MF	e	hexosyltransferase activity	5/5	89/6920	3.14345006180264e-10	4	5	2.710701769961143e-07	ANP1, HOC1, MNN10, MNN11, MNN9
GO:0016757	MF	e	glycosyltransferase activity	5/5	111/6920	9.706148957824858e-10	3	5	6.277451838473227e-07	ANP1, HOC1, MNN10, MNN11, MNN9
GO:0016740	MF	e	transferase activity	5/5	1029/6920	7.21020173676861e-05	2	5	0.03730558378604079	ANP1, HOC1, MNN10, MNN11, MNN9
