# GO	NS	enrichment	name	ratio_in_study	ratio_in_pop	p_uncorrected	depth	study_count	p_fdr_bh	study_items
GO:0043614	CC	e	multi-eIF complex	4/4	10/6920	2.1997978742129865e-12	3	4	2.078808991131272e-09	GCD11, SUI2, SUI3, TIF5
GO:0070993	CC	e	cytosolic translation preinitiation complex	4/4	18/6920	3.2054197595674946e-11	3	4	1.5145608363956412e-08	GCD11, SUI2, SUI3, TIF5
GO:0005850	CC	e	eukaryotic translation initiation factor 2 complex	3/4	3/6920	7.245715188538681e-11	2	3	2.2824002843896845e-08	GCD11, SUI2, SUI3
GO:0033290	CC	e	eukaryotic 48S preinitiation complex	3/4	16/6920	4.051881031108707e-08	4	3	9.57256893599432e-06	GCD11, SUI2, TIF5
GO:0016282	CC	e	eukaryotic 43S preinitiation complex	2/4	15/6920	2.6250182166855894e-05	4	2	0.004961284429535764	GCD11, SUI3
GO:1990904	CC	e	ribonucleoprotein complex	4/4	622/6920	6.470183010715215e-05	2	4	0.010190538241876464	GCD11, SUI2, SUI3, TIF5
