# GO	NS	enrichment	name	ratio_in_study	ratio_in_pop	p_uncorrected	depth	study_count	p_fdr_bh	study_items
GO:0003743	MF	e	translation initiation factor activity	3/4	38/6920	6.089288464467653e-07	2	3	0.001575298925757782	CDC33, TIF4631, TIF4632
GO:0180051	MF	e	translation factor activity	3/4	61/6920	2.591333246074393e-06	1	3	0.0033518895537972275	CDC33, TIF4631, TIF4632
GO:0003729	MF	e	mRNA binding	4/4	547/6920	3.864805233677118e-05	4	4	0.033327503798409014	CDC33, SBP1, TIF4631, TIF4632
GO:0001671	MF	e	ATPase activator activity	2/4	22/6920	5.767242746489958e-05	3	2	0.037299642462923804	TIF4631, TIF4632
GO:0031369	MF	e	translation initiation factor binding	2/4	25/6920	7.485588114769465e-05	3	2	0.03873043290581721	SBP1, TIF4632
