# GO	NS	enrichment	name	ratio_in_study	ratio_in_pop	p_uncorrected	depth	study_count	p_fdr_bh	study_items
GO:0004402	MF	e	histone acetyltransferase activity	5/13	31/6920	1.6150055209637044e-09	9	5	2.4734703418382056e-06	EAF6, EPL1, ESA1, TRA1, YNG2
GO:0061733	MF	e	protein-lysine-acetyltransferase activity	5/13	32/6920	1.912230646956479e-09	8	5	2.4734703418382056e-06	EAF6, EPL1, ESA1, TRA1, YNG2
GO:0034212	MF	e	protein N-acetyltransferase activity	5/13	44/6920	1.0193492689211635e-08	7	5	8.790188528996832e-06	EAF6, EPL1, ESA1, TRA1, YNG2
GO:0008080	MF	e	N-acetyltransferase activity	5/13	55/6920	3.230629094992658e-08	6	5	2.007987475034725e-05	EAF6, EPL1, ESA1, TRA1, YNG2
GO:0140993	MF	e	histone modifying activity	5/13	57/6920	3.8809189699163604e-08	3	5	2.007987475034725e-05	EAF6, EPL1, ESA1, TRA1, YNG2
GO:0016410	MF	e	N-acyltransferase activity	5/13	62/6920	5.968795840178088e-08	5	5	2.5735458064234526e-05	EAF6, EPL1, ESA1, TRA1, YNG2
GO:0016407	MF	e	acetyltransferase activity	5/13	70/6920	1.1077402310991662e-07	5	5	4.0938913969336323e-05	EAF6, EPL1, ESA1, TRA1, YNG2
GO:0016747	MF	e	acyltransferase activity, transferring groups other than amino-acyl groups	5/13	132/6920	2.66525948209226e-06	4	5	0.0008618782850215846	EAF6, EPL1, ESA1, TRA1, YNG2
GO:0016746	MF	e	acyltransferase activity	5/13	285/6920	0.0001121242827579044	3	5	0.03222950216607763	EAF6, EPL1, ESA1, TRA1, YNG2
