# GO	NS	enrichment	name	ratio_in_study	ratio_in_pop	p_uncorrected	depth	study_count	p_fdr_bh	study_items
GO:0034044	CC	e	exomer complex	5/5	5/6920	7.57318390141902e-18	2	5	7.156658786840973e-15	BCH1, BCH2, BUD7, CHS5, CHS6
GO:0030140	CC	e	trans-Golgi network transport vesicle	3/5	4/6920	7.244143904342812e-10	9	3	3.4228579948019784e-07	BCH2, BUD7, CHS6
GO:0030133	CC	e	transport vesicle	3/5	11/6920	2.983674376712424e-08	7	3	9.398574286644136e-06	BCH2, BUD7, CHS6
GO:0005798	CC	e	Golgi-associated vesicle	3/5	13/6920	5.169457525817318e-08	7	3	1.2212843404743413e-05	BCH2, BUD7, CHS6
GO:0005794	CC	e	Golgi apparatus	5/5	265/6920	7.940440666951474e-08	5	5	1.5007432860538287e-05	BCH1, BCH2, BUD7, CHS5, CHS6
GO:0030136	CC	e	clathrin-coated vesicle	3/5	18/6920	1.473321662044919e-07	8	3	2.3204816177207474e-05	BCH2, BUD7, CHS6
GO:0030135	CC	e	coated vesicle	3/5	49/6920	3.30417132191184e-06	7	3	0.0004460631284580984	BCH2, BUD7, CHS6
