# GO	NS	enrichment	name	ratio_in_study	ratio_in_pop	p_uncorrected	depth	study_count	p_fdr_bh	study_items
GO:0000408	CC	e	EKC/KEOPS complex	4/4	5/6920	5.237613986221396e-14	4	4	4.9495452169792187e-11	BUD32, CGI121, GON7, KAE1
GO:1990234	CC	e	transferase complex	4/4	410/6920	1.2153852981617907e-05	3	4	0.005003420488714548	BUD32, CGI121, GON7, KAE1
GO:0000781	CC	e	chromosome, telomeric region	3/4	111/6920	1.588387456734777e-05	3	3	0.005003420488714548	BUD32, CGI121, GON7
GO:0098687	CC	e	chromosomal region	3/4	190/6920	7.987427914774236e-05	2	3	0.016569119554239488	BUD32, CGI121, GON7
GO:0005694	CC	e	chromosome	3/4	196/6920	8.766729922878036e-05	5	3	0.016569119554239488	BUD32, CGI121, GON7
GO:1902494	CC	e	catalytic complex	4/4	851/6920	0.00022730253010368705	2	4	0.03580014849133071	BUD32, CGI121, GON7, KAE1
