# GO	NS	enrichment	name	ratio_in_study	ratio_in_pop	p_uncorrected	depth	study_count	p_fdr_bh	study_items
GO:0016593	CC	e	Cdc73/Paf1 complex	7/7	7/6920	6.652827054658272e-24	4	7	6.286921566652067e-21	CCR4, CDC73, CTR9, HPR1, LEO1, PAF1, RTF1
GO:0008023	CC	e	transcription elongation factor complex	7/7	22/6920	1.1345997372096404e-18	3	7	5.360983758315551e-16	CCR4, CDC73, CTR9, HPR1, LEO1, PAF1, RTF1
GO:0000791	CC	e	euchromatin	4/7	9/6920	4.61156394132929e-11	3	4	1.4526426415187262e-08	CDC73, CTR9, PAF1, RTF1
GO:0005654	CC	e	nucleoplasm	5/7	65/6920	1.2946993716256285e-09	2	5	3.058727265465547e-07	CDC73, CTR9, LEO1, PAF1, RTF1
GO:0140513	CC	e	nuclear protein-containing complex	7/7	707/6920	1.1312850382575331e-07	2	7	2.1381287223067376e-05	CCR4, CDC73, CTR9, HPR1, LEO1, PAF1, RTF1
GO:0000785	CC	e	chromatin	4/7	148/6920	6.69034016819628e-06	2	4	0.0010537285764909141	CDC73, CTR9, PAF1, RTF1
GO:0032991	CC	e	protein-containing complex	7/7	2176/6920	0.00030198995259705935	1	7	0.04076864360060301	CCR4, CDC73, CTR9, HPR1, LEO1, PAF1, RTF1
