# GO	NS	enrichment	name	ratio_in_study	ratio_in_pop	p_uncorrected	depth	study_count	p_fdr_bh	study_items
GO:0003723	MF	e	RNA binding	9/9	1124/6920	7.660501967455285e-08	3	9	0.00019817718589806824	CUS1, HSH155, HSH49, LEA1, MSL1, PRP11, PRP21, PRP9, RSE1
GO:0030620	MF	e	U2 snRNA binding	3/9	10/6920	1.8176194077842402e-07	5	3	0.0002351090703968915	LEA1, MSL1, RSE1
GO:0017069	MF	e	snRNA binding	3/9	25/6920	3.449894249276805e-06	4	3	0.0027081562901598356	LEA1, MSL1, RSE1
GO:0003676	MF	e	nucleic acid binding	9/9	1751/6920	4.187330947290043e-06	2	9	0.0027081562901598356	CUS1, HSH155, HSH49, LEA1, MSL1, PRP11, PRP21, PRP9, RSE1
