# GO	NS	enrichment	name	ratio_in_study	ratio_in_pop	p_uncorrected	depth	study_count	p_fdr_bh	study_items
GO:0031390	CC	e	Ctf18 RFC-like complex	7/7	7/6920	6.652827054658272e-24	3	7	6.286921566652067e-21	CTF18, CTF8, DCC1, RFC2, RFC3, RFC4, RFC5
GO:0031391	CC	e	Elg1 RFC-like complex	4/7	5/6920	1.832528747729769e-12	3	4	4.329349166511579e-10	RFC2, RFC3, RFC4, RFC5
GO:0031389	CC	e	Rad17 RFC-like complex	4/7	5/6920	1.832528747729769e-12	2	4	4.329349166511579e-10	RFC2, RFC3, RFC4, RFC5
GO:0005663	CC	e	DNA replication factor C complex	4/7	5/6920	1.832528747729769e-12	2	4	4.329349166511579e-10	RFC2, RFC3, RFC4, RFC5
GO:0140513	CC	e	nuclear protein-containing complex	7/7	707/6920	1.1312850382575331e-07	2	7	2.1381287223067376e-05	CTF18, CTF8, DCC1, RFC2, RFC3, RFC4, RFC5
GO:0032991	CC	e	protein-containing complex	7/7	2176/6920	0.00030198995259705935	1	7	0.047563417534036846	CTF18, CTF8, DCC1, RFC2, RFC3, RFC4, RFC5
