# GO	NS	enrichment	name	ratio_in_study	ratio_in_pop	p_uncorrected	depth	study_count	p_fdr_bh	study_items
GO:0006338	BP	e	chromatin remodeling	12/13	259/6920	7.40441990448826e-17	5	12	3.395666968198316e-13	ARP4, ARP6, RVB1, RVB2, SWC3, SWC4, SWC5, SWC7, SWR1, VPS71, VPS72, YAF9
GO:0006325	BP	e	chromatin organization	12/13	324/6920	1.1358667665568395e-15	4	12	2.6045424957148328e-12	ARP4, ARP6, RVB1, RVB2, SWC3, SWC4, SWC5, SWC7, SWR1, VPS71, VPS72, YAF9
GO:0016043	BP	e	cellular component organization	13/13	1867/6920	3.8923365865220185e-08	3	13	5.9500851952633254e-05	ACT1, ARP4, ARP6, RVB1, RVB2, SWC3, SWC4, SWC5, SWC7, SWR1, VPS71, VPS72, YAF9
GO:0071840	BP	e	cellular component organization or biogenesis	13/13	2044/6920	1.2681299790630522e-07	2	13	0.00014539110209957893	ACT1, ARP4, ARP6, RVB1, RVB2, SWC3, SWC4, SWC5, SWC7, SWR1, VPS71, VPS72, YAF9
GO:0006281	BP	e	DNA repair	7/13	319/6920	5.597487642007375e-07	7	7	0.0005134015665249164	ACT1, ARP4, RVB1, RVB2, SWC4, SWR1, YAF9
GO:0006974	BP	e	DNA damage response	7/13	370/6920	1.5323236316905171e-06	4	7	0.0011712060291554519	ACT1, ARP4, RVB1, RVB2, SWC4, SWR1, YAF9
GO:0006259	BP	e	DNA metabolic process	7/13	525/6920	1.594110937585124e-05	6	7	0.01044370394252197	ACT1, ARP4, RVB1, RVB2, SWC4, SWR1, YAF9
