# GO	NS	enrichment	name	ratio_in_study	ratio_in_pop	p_uncorrected	depth	study_count	p_fdr_bh	study_items
GO:0016281	CC	e	eukaryotic translation initiation factor 4F complex	3/4	4/6920	2.8979718185762987e-10	4	3	2.7385833685546023e-07	CDC33, TIF4631, TIF4632
GO:0034518	CC	e	RNA cap binding complex	3/4	6/6920	1.4486716524489758e-09	3	3	6.84497355782141e-07	CDC33, TIF4631, TIF4632
GO:0010494	CC	e	cytoplasmic stress granule	4/4	101/6920	4.276957016938598e-08	7	4	1.3472414603356584e-05	CDC33, SBP1, TIF4631, TIF4632
GO:0036464	CC	e	cytoplasmic ribonucleoprotein granule	4/4	141/6920	1.6526971439068457e-07	6	4	3.306629804289743e-05	CDC33, SBP1, TIF4631, TIF4632
GO:0035770	CC	e	ribonucleoprotein granule	4/4	143/6920	1.749539578989282e-07	5	4	3.306629804289743e-05	CDC33, SBP1, TIF4631, TIF4632
GO:0099080	CC	e	supramolecular complex	4/4	275/6920	2.442120275376708e-06	2	4	0.00033266152900902267	CDC33, SBP1, TIF4631, TIF4632
GO:0000932	CC	e	P-body	3/4	60/6920	2.464159474140909e-06	7	3	0.00033266152900902267	SBP1, TIF4631, TIF4632
