# GO	NS	enrichment	name	ratio_in_study	ratio_in_pop	p_uncorrected	depth	study_count	p_fdr_bh	study_items
GO:0017069	MF	e	snRNA binding	4/15	25/6920	1.7610302821469532e-07	4	4	0.00045557853399141683	LEA1, PRP4, PRP8, SNU114
GO:0003723	MF	e	RNA binding	10/15	1124/6920	1.684256017560621e-05	3	10	0.021785851587146635	CUS1, LEA1, PRP21, PRP31, PRP4, PRP8, PRP9, SMB1, SNU114, SPP381
GO:0030623	MF	e	U5 snRNA binding	2/15	5/6920	4.369549983380616e-05	5	2	0.03768008602335218	PRP8, SNU114
