# GO	NS	enrichment	name	ratio_in_study	ratio_in_pop	p_uncorrected	depth	study_count	p_fdr_bh	study_items
GO:0004633	MF	e	phosphopantothenoylcysteine decarboxylase activity	3/3	4/6920	7.245715188538681e-11	5	3	1.8744665192749568e-07	CAB3, SIS2, VHS3
GO:0010181	MF	e	FMN binding	3/3	20/6920	2.065028828733523e-08	6	3	2.671114789966812e-05	CAB3, SIS2, VHS3
GO:0016831	MF	e	carboxy-lyase activity	3/3	24/6920	3.666331885400571e-08	4	3	3.1616001958437586e-05	CAB3, SIS2, VHS3
GO:0016830	MF	e	carbon-carbon lyase activity	3/3	38/6920	1.5281213332628076e-07	3	3	9.883124722877208e-05	CAB3, SIS2, VHS3
GO:0016829	MF	e	lyase activity	3/3	121/6920	5.216552649988421e-06	2	3	0.002699044341104009	CAB3, SIS2, VHS3
GO:0004864	MF	e	protein phosphatase inhibitor activity	2/3	12/6920	8.262796229553856e-06	5	2	0.003053693406550832	SIS2, VHS3
GO:0019212	MF	e	phosphatase inhibitor activity	2/3	12/6920	8.262796229553856e-06	4	2	0.003053693406550832	SIS2, VHS3
GO:0019888	MF	e	protein phosphatase regulator activity	2/3	40/6920	9.738748413459183e-05	4	2	0.029426208515809047	SIS2, VHS3
GO:0019208	MF	e	phosphatase regulator activity	2/3	41/6920	0.00010237181161278756	3	2	0.029426208515809047	SIS2, VHS3
