# GO	NS	enrichment	name	ratio_in_study	ratio_in_pop	p_uncorrected	depth	study_count	p_fdr_bh	study_items
GO:0005663	CC	e	DNA replication factor C complex	4/5	5/6920	2.618504065754641e-13	2	4	1.2372431710690678e-10	RFC1, RFC3, RFC4, RFC5
GO:0031391	CC	e	Elg1 RFC-like complex	4/5	5/6920	2.618504065754641e-13	3	4	1.2372431710690678e-10	ELG1, RFC3, RFC4, RFC5
GO:0031389	CC	e	Rad17 RFC-like complex	3/5	5/6920	1.8106432004758394e-09	2	3	5.703526081498894e-07	RFC3, RFC4, RFC5
GO:0031390	CC	e	Ctf18 RFC-like complex	3/5	7/6920	6.334502249506983e-09	3	3	1.4965261564460247e-06	RFC3, RFC4, RFC5
