# GO	NS	enrichment	name	ratio_in_study	ratio_in_pop	p_uncorrected	depth	study_count	p_fdr_bh	study_items
GO:0003743	MF	e	translation initiation factor activity	3/3	38/6920	1.5281213332628076e-07	2	3	0.00039532498891508834	CAF20, TIF4631, TIF4632
GO:0180051	MF	e	translation factor activity	3/3	61/6920	6.519332240887677e-07	1	3	0.000843275625358821	CAF20, TIF4631, TIF4632
GO:0001671	MF	e	ATPase activator activity	2/3	22/6920	2.889189079996262e-05	3	2	0.024260282925716123	TIF4631, TIF4632
GO:0031369	MF	e	translation initiation factor binding	2/3	25/6920	3.751106753106474e-05	3	2	0.024260282925716123	CAF20, TIF4632
GO:0060590	MF	e	ATPase regulator activity	2/3	38/6920	8.77905705959483e-05	2	2	0.04542284122634365	TIF4631, TIF4632
