# GO	NS	enrichment	name	ratio_in_study	ratio_in_pop	p_uncorrected	depth	study_count	p_fdr_bh	study_items
GO:0000070	BP	e	mitotic sister chromatid segregation	3/3	25/6920	4.1662862334097405e-08	7	3	0.0001910658866641707	ESP1, PDS1, SRC1
GO:0000819	BP	e	sister chromatid segregation	3/3	33/6920	9.883155517166758e-08	6	3	0.00022662075600863376	ESP1, PDS1, SRC1
GO:0098813	BP	e	nuclear chromosome segregation	3/3	47/6920	2.937231794553867e-07	4	3	0.00044900483366080106	ESP1, PDS1, SRC1
GO:0007059	BP	e	chromosome segregation	3/3	113/6920	4.241206928459231e-06	3	3	0.0048625437434785075	ESP1, PDS1, SRC1
GO:0140013	BP	e	meiotic nuclear division	2/3	12/6920	8.262796229553856e-06	7	2	0.0075786367017467975	ESP1, PDS1
GO:0000280	BP	e	nuclear division	2/3	18/6920	1.9143578042454563e-05	6	2	0.014632074817116104	ESP1, PDS1
GO:0051276	BP	e	chromosome organization	3/3	260/6920	5.245209453559093e-05	5	3	0.03436361507717429	ESP1, PDS1, SRC1
GO:0048285	BP	e	organelle fission	2/3	32/6920	6.197636977946938e-05	5	2	0.03552795397608082	ESP1, PDS1
GO:1903047	BP	e	mitotic cell cycle process	3/3	315/6920	9.346619364599456e-05	3	3	0.04762621822894789	ESP1, PDS1, SRC1
