# GO	NS	enrichment	name	ratio_in_study	ratio_in_pop	p_uncorrected	depth	study_count	p_fdr_bh	study_items
GO:0000776	CC	e	kinetochore	6/6	75/6920	1.3231521930212397e-12	5	6	1.1719134265953433e-09	CHL4, CTF19, CTF3, MCM21, MCM22, OKP1
GO:0000775	CC	e	chromosome, centromeric region	6/6	83/6920	2.480240056286441e-12	3	6	1.1719134265953433e-09	CHL4, CTF19, CTF3, MCM21, MCM22, OKP1
GO:0098687	CC	e	chromosomal region	6/6	190/6920	3.9646477390367184e-10	2	6	1.131517323360656e-07	CHL4, CTF19, CTF3, MCM21, MCM22, OKP1
GO:0005694	CC	e	chromosome	6/6	196/6920	4.789491315812301e-10	5	6	1.131517323360656e-07	CHL4, CTF19, CTF3, MCM21, MCM22, OKP1
GO:0000817	CC	e	COMA complex	3/6	4/6920	1.4486716524489758e-09	3	3	2.7379894231285644e-07	CTF19, MCM21, OKP1
GO:0099080	CC	e	supramolecular complex	6/6	275/6920	3.736396316782982e-09	2	6	5.884824198933196e-07	CHL4, CTF19, CTF3, MCM21, MCM22, OKP1
GO:0043232	CC	e	intracellular membraneless organelle	6/6	1210/6920	2.8289502031080474e-05	4	6	0.0033416974274213807	CHL4, CTF19, CTF3, MCM21, MCM22, OKP1
GO:0043228	CC	e	membraneless organelle	6/6	1210/6920	2.8289502031080474e-05	3	6	0.0033416974274213807	CHL4, CTF19, CTF3, MCM21, MCM22, OKP1
