# GO	NS	enrichment	name	ratio_in_study	ratio_in_pop	p_uncorrected	depth	study_count	p_fdr_bh	study_items
GO:0032300	CC	e	mismatch repair complex	5/5	9/6920	9.542211715787968e-16	2	5	9.017390071419629e-13	MLH1, MSH2, MSH3, MSH6, PMS1
GO:0032301	CC	e	MutSalpha complex	2/5	2/6920	4.1771548061925486e-07	3	2	0.00013158037639506527	MSH2, MSH6
GO:0032302	CC	e	MutSbeta complex	2/5	2/6920	4.1771548061925486e-07	3	2	0.00013158037639506527	MSH2, MSH3
GO:0032389	CC	e	MutLalpha complex	2/5	3/6920	1.2527841560983376e-06	3	2	0.00029597025687823223	MLH1, PMS1
GO:0140513	CC	e	nuclear protein-containing complex	5/5	707/6920	1.099103201723515e-05	2	5	0.0020773050512574434	MLH1, MSH2, MSH3, MSH6, PMS1
