# GO	NS	enrichment	name	ratio_in_study	ratio_in_pop	p_uncorrected	depth	study_count	p_fdr_bh	study_items
GO:0008250	CC	e	oligosaccharyltransferase complex	4/4	9/6920	1.3198787245277916e-12	4	4	1.247285394678763e-09	OST1, STT3, SWP1, WBP1
GO:0140534	CC	e	endoplasmic reticulum protein-containing complex	4/4	79/6920	1.5739040503823273e-08	2	4	7.436696638056496e-06	OST1, STT3, SWP1, WBP1
GO:0098796	CC	e	membrane protein complex	4/4	336/6920	5.46420552803434e-06	2	4	0.0017212247413308172	OST1, STT3, SWP1, WBP1
GO:0005789	CC	e	endoplasmic reticulum membrane	4/4	406/6920	1.1684757660068899e-05	4	4	0.0022970782135257844	OST1, STT3, SWP1, WBP1
GO:1990234	CC	e	transferase complex	4/4	410/6920	1.2153852981617907e-05	3	4	0.0022970782135257844	OST1, STT3, SWP1, WBP1
GO:0005783	CC	e	endoplasmic reticulum	4/4	675/6920	8.98049443804883e-05	5	4	0.014144278739926908	OST1, STT3, SWP1, WBP1
GO:1902494	CC	e	catalytic complex	4/4	851/6920	0.00022730253010368705	2	4	0.03068584156399775	OST1, STT3, SWP1, WBP1
