# GO	NS	enrichment	name	ratio_in_study	ratio_in_pop	p_uncorrected	depth	study_count	p_fdr_bh	study_items
GO:0005849	CC	e	mRNA cleavage factor complex	5/5	20/6920	1.1741464320760053e-13	3	5	1.1095683783118249e-10	CLP1, HRP1, PCF11, RNA14, RNA15
GO:0005848	CC	e	mRNA cleavage stimulating factor complex	2/5	2/6920	4.1771548061925486e-07	4	2	0.0001973705645925979	RNA14, RNA15
GO:0140513	CC	e	nuclear protein-containing complex	5/5	707/6920	1.099103201723515e-05	2	5	0.0034621750854290723	CLP1, HRP1, PCF11, RNA14, RNA15
