# GO	NS	enrichment	name	ratio_in_study	ratio_in_pop	p_uncorrected	depth	study_count	p_fdr_bh	study_items
GO:0031391	CC	e	Elg1 RFC-like complex	5/5	5/6920	7.57318390141902e-18	3	5	7.156658786840973e-15	ELG1, RFC2, RFC3, RFC4, RFC5
GO:0005663	CC	e	DNA replication factor C complex	4/5	5/6920	2.618504065754641e-13	2	4	8.248287807127119e-11	RFC2, RFC3, RFC4, RFC5
GO:0031389	CC	e	Rad17 RFC-like complex	4/5	5/6920	2.618504065754641e-13	2	4	8.248287807127119e-11	RFC2, RFC3, RFC4, RFC5
GO:0031390	CC	e	Ctf18 RFC-like complex	4/5	7/6920	1.832528747729769e-12	3	4	4.329349166511579e-10	RFC2, RFC3, RFC4, RFC5
GO:1902494	CC	e	catalytic complex	5/5	851/6920	2.7837658039014305e-05	2	5	0.005261317369373704	ELG1, RFC2, RFC3, RFC4, RFC5
