# GO	NS	enrichment	name	ratio_in_study	ratio_in_pop	p_uncorrected	depth	study_count	p_fdr_bh	study_items
GO:0031518	CC	e	CBF3 complex	4/4	4/6920	1.0475227972442794e-14	3	4	9.899090433958439e-12	CBF2, CEP3, CTF13, SKP1
GO:0000775	CC	e	chromosome, centromeric region	4/4	83/6920	1.924948842672032e-08	3	4	9.09538328162535e-06	CBF2, CEP3, CTF13, SKP1
GO:0098687	CC	e	chromosomal region	4/4	190/6920	5.510196702190512e-07	2	4	0.00014756174434125572	CBF2, CEP3, CTF13, SKP1
GO:0005694	CC	e	chromosome	4/4	196/6920	6.245999760476433e-07	5	4	0.00014756174434125572	CBF2, CEP3, CTF13, SKP1
GO:0140513	CC	e	nuclear protein-containing complex	4/4	707/6920	0.0001081279906560431	2	4	0.020436190233992145	CBF2, CEP3, CTF13, SKP1
