# GO	NS	enrichment	name	ratio_in_study	ratio_in_pop	p_uncorrected	depth	study_count	p_fdr_bh	study_items
GO:0008017	MF	e	microtubule binding	6/16	44/6920	3.5432172188675905e-10	5	6	8.524074212248386e-07	CDC31, SPC105, SPC24, SPC72, SPC97, SPC98
GO:0005200	MF	e	structural constituent of cytoskeleton	5/16	21/6920	6.589929812329636e-10	2	5	8.524074212248386e-07	CNM67, SPC110, SPC29, SPC42, TUB4
GO:0015631	MF	e	tubulin binding	6/16	53/6920	1.1394792363590057e-09	4	6	9.826109281535827e-07	CDC31, SPC105, SPC24, SPC72, SPC97, SPC98
GO:0008092	MF	e	cytoskeletal protein binding	6/16	122/6920	1.8404057197925376e-07	3	6	0.00011902823992758239	CDC31, SPC105, SPC24, SPC72, SPC97, SPC98
GO:0005515	MF	e	protein binding	10/16	807/6920	1.8269815929511979e-06	2	10	0.0009452802761929498	CDC31, CMD1, KAR1, SPC105, SPC110, SPC24, SPC72, SPC97, SPC98, TUB4
GO:0051011	MF	e	microtubule minus-end binding	2/16	2/6920	5.012585767431057e-06	6	2	0.0018525084829063064	SPC97, SPC98
GO:0043015	MF	e	gamma-tubulin binding	2/16	2/6920	5.012585767431057e-06	5	2	0.0018525084829063064	SPC97, SPC98
GO:0005198	MF	e	structural molecule activity	6/16	380/6920	0.0001318230944172903	1	6	0.04262829315719125	BBP1, CNM67, SPC110, SPC29, SPC42, TUB4
