# GO	NS	enrichment	name	ratio_in_study	ratio_in_pop	p_uncorrected	depth	study_count	p_fdr_bh	study_items
GO:0030015	CC	e	CCR4-NOT core complex	5/5	10/6920	1.9084423431575935e-15	3	5	1.8034780142839258e-12	CDC36, CDC39, MOT2, NOT3, NOT5
GO:0140535	CC	e	intracellular protein-containing complex	5/5	410/6920	7.134852964917395e-07	2	5	0.0003371218025923469	CDC36, CDC39, MOT2, NOT3, NOT5
GO:0000932	CC	e	P-body	3/5	60/6920	6.122336193118242e-06	7	3	0.0019285359008322461	CDC39, NOT3, NOT5
GO:0036464	CC	e	cytoplasmic ribonucleoprotein granule	3/5	141/6920	8.03790477096111e-05	6	3	0.015845106103756803	CDC39, NOT3, NOT5
GO:0035770	CC	e	ribonucleoprotein granule	3/5	143/6920	8.383654023151747e-05	5	3	0.015845106103756803	CDC39, NOT3, NOT5
