# GO	NS	enrichment	name	ratio_in_study	ratio_in_pop	p_uncorrected	depth	study_count	p_fdr_bh	study_items
GO:0033698	CC	e	Rpd3L complex	7/7	16/6920	7.610834150529062e-20	5	7	7.192238272249963e-17	CTI6, RPD3, RXT3, SAP30, SDS3, SIN3, UME1
GO:0070822	CC	e	Sin3-type complex	7/7	21/6920	7.735907299156638e-19	4	7	3.6552161988515115e-16	CTI6, RPD3, RXT3, SAP30, SDS3, SIN3, UME1
GO:0070210	CC	e	Rpd3L-Expanded complex	7/7	26/6920	4.37622963655421e-18	4	7	1.3785123355145763e-15	CTI6, RPD3, RXT3, SAP30, SDS3, SIN3, UME1
GO:0000118	CC	e	histone deacetylase complex	7/7	56/6920	1.5429063531660042e-15	3	7	3.645116259354685e-13	CTI6, RPD3, RXT3, SAP30, SDS3, SIN3, UME1
GO:0032221	CC	e	Rpd3S complex	3/7	5/6920	6.334502249506983e-09	5	3	1.1972209251568198e-06	RPD3, SIN3, UME1
GO:0140513	CC	e	nuclear protein-containing complex	7/7	707/6920	1.1312850382575331e-07	2	7	1.7817739352556147e-05	CTI6, RPD3, RXT3, SAP30, SDS3, SIN3, UME1
GO:1902494	CC	e	catalytic complex	7/7	851/6920	4.162346281032303e-07	2	7	5.619167479393609e-05	CTI6, RPD3, RXT3, SAP30, SDS3, SIN3, UME1
GO:0032991	CC	e	protein-containing complex	7/7	2176/6920	0.00030198995259705935	1	7	0.035672563150527636	CTI6, RPD3, RXT3, SAP30, SDS3, SIN3, UME1
