# GO	NS	enrichment	name	ratio_in_study	ratio_in_pop	p_uncorrected	depth	study_count	p_fdr_bh	study_items
GO:0000149	MF	e	SNARE binding	3/7	40/6920	6.164027138090226e-06	3	3	0.006170873315842186	SEC24, SFB2, SFB3
GO:0005048	MF	e	signal sequence binding	3/7	41/6920	6.647767102197097e-06	3	3	0.006170873315842186	SEC24, SFB2, SFB3
GO:0042277	MF	e	peptide binding	3/7	42/6920	7.1560185340265006e-06	2	3	0.006170873315842186	SEC24, SFB2, SFB3
