# GO	NS	enrichment	name	ratio_in_study	ratio_in_pop	p_uncorrected	depth	study_count	p_fdr_bh	study_items
GO:0003714	MF	e	transcription corepressor activity	4/7	30/6920	9.957194813930691e-09	4	4	2.57592629836387e-05	RPD3, SAP30, SIN3, UME1
GO:0003712	MF	e	transcription coregulator activity	4/7	92/6920	9.93472296084501e-07	3	4	0.0012850564149853021	RPD3, SAP30, SIN3, UME1
GO:0030674	MF	e	protein-macromolecule adaptor activity	5/7	278/6920	1.9851312092706837e-06	2	5	0.0017118448127944196	CTI6, RPD3, SAP30, SIN3, UME1
GO:0140110	MF	e	transcription regulator activity	4/7	273/6920	7.550070929488016e-05	1	4	0.038640991616112313	RPD3, SAP30, SIN3, UME1
GO:0060090	MF	e	molecular adaptor activity	5/7	607/6920	9.241501149782453e-05	1	5	0.038640991616112313	CTI6, RPD3, SAP30, SIN3, UME1
GO:0033558	MF	e	protein lysine deacetylase activity	2/7	16/6920	0.00010455622006679018	4	2	0.038640991616112313	RPD3, SDS3
GO:0004407	MF	e	histone deacetylase activity	2/7	16/6920	0.00010455622006679018	5	2	0.038640991616112313	RPD3, SDS3
