# GO	NS	enrichment	name	ratio_in_study	ratio_in_pop	p_uncorrected	depth	study_count	p_fdr_bh	study_items
GO:0035615	MF	e	clathrin adaptor activity	6/33	7/6920	5.0774993889283547e-14	4	6	1.3135490919157656e-10	APL3, APL4, APM1, APM2, APM4, APS1
GO:0140312	MF	e	cargo adaptor activity	6/33	12/6920	6.590857655609137e-12	3	6	8.52527437753042e-09	APL3, APL4, APM1, APM2, APM4, APS1
GO:0030276	MF	e	clathrin binding	6/33	16/6920	5.635948880179009e-11	3	6	4.860066584341032e-08	APL1, APL2, APL4, CHC1, CLC1, ENT3
GO:0005096	MF	e	GTPase activator activity	5/33	57/6920	6.312108596327345e-06	5	5	0.003265884987739768	GLO3, LST4, LST7, NEL1, SEC23
GO:0005198	MF	e	structural molecule activity	9/33	380/6920	4.9032707402032196e-05	1	9	0.021141269008176214	CHC1, CLC1, COP1, SEC13, SEC21, SEC26, SEC27, SEC28, SEC31
GO:0003824	MF	p	catalytic activity	1/33	2580/6920	5.395860213934041e-06	1	1	0.003265884987739768	SAR1
