# GO	NS	enrichment	name	ratio_in_study	ratio_in_pop	p_uncorrected	depth	study_count	p_fdr_bh	study_items
GO:0005849	CC	e	mRNA cleavage factor complex	9/9	20/6920	1.683737210238565e-24	3	9	1.5911316636754436e-21	CFT1, CFT2, CLP1, HRP1, PCF11, PTA1, RNA14, RNA15, YSH1
GO:0005847	CC	e	mRNA cleavage and polyadenylation specificity factor complex	5/9	16/6920	4.145978195683792e-12	4	5	1.9589746974605913e-09	CFT1, CFT2, PTA1, RNA15, YSH1
GO:0140513	CC	e	nuclear protein-containing complex	9/9	707/6920	1.1584491435959754e-09	2	9	3.6491148023273223e-07	CFT1, CFT2, CLP1, HRP1, PCF11, PTA1, RNA14, RNA15, YSH1
GO:0005848	CC	e	mRNA cleavage stimulating factor complex	2/9	2/6920	1.5037757302293176e-06	4	2	0.00035526701626667625	RNA14, RNA15
GO:0032991	CC	e	protein-containing complex	9/9	2176/6920	2.9719468444215213e-05	1	9	0.005616979535956675	CFT1, CFT2, CLP1, HRP1, PCF11, PTA1, RNA14, RNA15, YSH1
GO:0005634	CC	e	nucleus	9/9	2331/6920	5.526758075095545e-05	5	9	0.008704643968275484	CFT1, CFT2, CLP1, HRP1, PCF11, PTA1, RNA14, RNA15, YSH1
