# GO	NS	enrichment	name	ratio_in_study	ratio_in_pop	p_uncorrected	depth	study_count	p_fdr_bh	study_items
GO:0005847	CC	e	mRNA cleavage and polyadenylation specificity factor complex	9/9	16/6920	1.1468179140943787e-25	4	9	1.0837429288191878e-22	CFT1, CFT2, FIP1, MPE1, PAP1, PFS2, PTA1, YSH1, YTH1
GO:0005849	CC	e	mRNA cleavage factor complex	9/9	20/6920	1.683737210238565e-24	3	9	7.955658318377218e-22	CFT1, CFT2, FIP1, MPE1, PAP1, PFS2, PTA1, YSH1, YTH1
GO:0140513	CC	e	nuclear protein-containing complex	9/9	707/6920	1.1584491435959754e-09	2	9	3.6491148023273223e-07	CFT1, CFT2, FIP1, MPE1, PAP1, PFS2, PTA1, YSH1, YTH1
GO:0032991	CC	e	protein-containing complex	9/9	2176/6920	2.9719468444215213e-05	1	9	0.007021224419945843	CFT1, CFT2, FIP1, MPE1, PAP1, PFS2, PTA1, YSH1, YTH1
GO:0005634	CC	e	nucleus	9/9	2331/6920	5.526758075095545e-05	5	9	0.01044557276193058	CFT1, CFT2, FIP1, MPE1, PAP1, PFS2, PTA1, YSH1, YTH1
