# GO	NS	enrichment	name	ratio_in_study	ratio_in_pop	p_uncorrected	depth	study_count	p_fdr_bh	study_items
GO:0140318	MF	e	protein transporter activity	15/18	42/6920	2.646080203066725e-32	2	15	6.845409485333617e-29	TIM10, TIM12, TIM17, TIM22, TIM23, TIM54, TIM9, TOM20, TOM22, TOM40, TOM5, TOM6, TOM7, TOM70, TOM71
GO:0022884	MF	e	macromolecule transmembrane transporter activity	13/18	31/6920	1.3177005792298306e-28	3	13	1.136297132822524e-25	TIM12, TIM17, TIM22, TIM23, TIM54, TOM20, TOM22, TOM40, TOM5, TOM6, TOM7, TOM70, TOM71
GO:0008320	MF	e	protein transmembrane transporter activity	13/18	31/6920	1.3177005792298306e-28	4	13	1.136297132822524e-25	TIM12, TIM17, TIM22, TIM23, TIM54, TOM20, TOM22, TOM40, TOM5, TOM6, TOM7, TOM70, TOM71
GO:0005215	MF	e	transporter activity	15/18	464/6920	1.358956527096197e-15	1	15	8.789051338994655e-13	TIM10, TIM12, TIM17, TIM22, TIM23, TIM54, TIM9, TOM20, TOM22, TOM40, TOM5, TOM6, TOM7, TOM70, TOM71
GO:0022857	MF	e	transmembrane transporter activity	13/18	416/6920	7.268392055182192e-13	2	13	3.760666049351266e-10	TIM12, TIM17, TIM22, TIM23, TIM54, TOM20, TOM22, TOM40, TOM5, TOM6, TOM7, TOM70, TOM71
GO:0030943	MF	e	mitochondrion targeting sequence binding	5/18	7/6920	1.3583615072825714e-12	4	5	5.856802032233353e-10	TIM22, TIM23, TOM20, TOM70, TOM71
GO:0005048	MF	e	signal sequence binding	5/18	41/6920	4.5954024505441424e-08	3	5	1.6842040467062585e-05	TIM22, TIM23, TOM20, TOM70, TOM71
GO:0042277	MF	e	peptide binding	5/18	42/6920	5.2082073342288624e-08	2	5	1.6842040467062585e-05	TIM22, TIM23, TOM20, TOM70, TOM71
