# GO	NS	enrichment	name	ratio_in_study	ratio_in_pop	p_uncorrected	depth	study_count	p_fdr_bh	study_items
GO:0004535	MF	e	poly(A)-specific ribonuclease activity	2/4	6/6920	3.7565415108831364e-06	8	2	0.009718172888654675	CCR4, POP2
GO:0000175	MF	e	3'-5'-RNA exonuclease activity	2/4	19/6920	4.2717308157132533e-05	7	2	0.04841304113227152	CCR4, POP2
GO:0004532	MF	e	RNA exonuclease activity	2/4	25/6920	7.485588114769465e-05	5	2	0.04841304113227152	CCR4, POP2
GO:0016896	MF	e	RNA exonuclease activity, producing 5'-phosphomonoesters	2/4	25/6920	7.485588114769465e-05	6	2	0.04841304113227152	CCR4, POP2
