# GO	NS	enrichment	name	ratio_in_study	ratio_in_pop	p_uncorrected	depth	study_count	p_fdr_bh	study_items
GO:0003723	MF	e	RNA binding	16/18	1124/6920	2.3660089742682997e-11	3	16	6.120865216432092e-08	CUS1, CUS2, HSH155, HSH49, IST3, LEA1, PRP11, PRP21, PRP9, RSE1, SMB1, SMD1, SMD2, SMD3, SMX2, SMX3
GO:0003676	MF	e	nucleic acid binding	16/18	1751/6920	2.3931968353066906e-08	2	16	3.095600106469204e-05	CUS1, CUS2, HSH155, HSH49, IST3, LEA1, PRP11, PRP21, PRP9, RSE1, SMB1, SMD1, SMD2, SMD3, SMX2, SMX3
GO:0030620	MF	e	U2 snRNA binding	3/18	10/6920	1.7536547870836558e-06	5	3	0.001512234978061806	CUS2, LEA1, RSE1
GO:0005488	MF	e	binding	18/18	3679/6920	1.2437902879713764e-05	1	18	0.008044213687454877	CUS1, CUS2, HRT1, HSH155, HSH49, IME2, IST3, LEA1, PRP11, PRP21, PRP9, RSE1, SMB1, SMD1, SMD2, SMD3, SMX2, SMX3
GO:0017069	MF	e	snRNA binding	3/18	25/6920	3.280090903857554e-05	4	3	0.016971190336558983	CUS2, LEA1, RSE1
