# GO	NS	enrichment	name	ratio_in_study	ratio_in_pop	p_uncorrected	depth	study_count	p_fdr_bh	study_items
GO:0035091	MF	e	phosphatidylinositol binding	6/8	86/6920	8.479683146596655e-11	4	6	2.1936940300245549e-07	PEP3, PEP5, VAM6, VPS16, VPS33, VPS41
GO:0005543	MF	e	phospholipid binding	6/8	120/6920	6.532101209964584e-10	3	6	8.44927291508919e-07	PEP3, PEP5, VAM6, VPS16, VPS33, VPS41
GO:0008289	MF	e	lipid binding	6/8	157/6920	3.345516126394336e-09	2	6	2.884950072994049e-06	PEP3, PEP5, VAM6, VPS16, VPS33, VPS41
GO:0051020	MF	e	GTPase binding	3/8	41/6920	1.0592630472155858e-05	4	3	0.0068507837578668015	VAM6, VPS41, VPS8
