# GO	NS	enrichment	name	ratio_in_study	ratio_in_pop	p_uncorrected	depth	study_count	p_fdr_bh	study_items
GO:0016602	CC	e	CCAAT-binding factor complex	4/4	4/6920	1.0475227972442794e-14	4	4	9.899090433958439e-12	HAP2, HAP3, HAP4, HAP5
GO:0090575	CC	e	RNA polymerase II transcription regulator complex	4/4	74/6920	1.205306966101996e-08	3	4	5.695075414831931e-06	HAP2, HAP3, HAP4, HAP5
GO:0005667	CC	e	transcription regulator complex	4/4	104/6920	4.816641809601649e-08	2	4	1.5172421700245193e-05	HAP2, HAP3, HAP4, HAP5
GO:0140513	CC	e	nuclear protein-containing complex	4/4	707/6920	0.0001081279906560431	2	4	0.02554523779249018	HAP2, HAP3, HAP4, HAP5
