# GO	NS	enrichment	name	ratio_in_study	ratio_in_pop	p_uncorrected	depth	study_count	p_fdr_bh	study_items
GO:0031201	CC	e	SNARE complex	8/8	27/6920	1.7092174191662616e-20	3	8	1.6152104611121173e-17	PEP12, SEC20, SED5, SSO1, SSO2, TLG1, TLG2, UFE1
GO:0012505	CC	e	endomembrane system	6/8	50/6920	2.891929335852105e-12	2	6	1.3664366111901194e-09	PEP12, SED5, SSO1, SSO2, TLG1, TLG2
GO:0098796	CC	e	membrane protein complex	8/8	336/6920	2.852067767491452e-11	2	8	8.984013467598074e-09	PEP12, SEC20, SED5, SSO1, SSO2, TLG1, TLG2, UFE1
GO:0031090	CC	e	organelle membrane	7/8	1298/6920	5.395916669465058e-05	3	7	0.012747853131611198	PEP12, SEC20, SED5, SSO1, TLG1, TLG2, UFE1
GO:0016020	CC	e	membrane	8/8	2112/6920	7.459263205597825e-05	2	8	0.01409800745857989	PEP12, SEC20, SED5, SSO1, SSO2, TLG1, TLG2, UFE1
GO:0032991	CC	e	protein-containing complex	8/8	2176/6920	9.475136802878945e-05	1	8	0.014923340464534338	PEP12, SEC20, SED5, SSO1, SSO2, TLG1, TLG2, UFE1
GO:0005794	CC	e	Golgi apparatus	4/8	265/6920	0.00013031614764020275	5	4	0.01759267993142737	PEP12, SED5, TLG1, TLG2
GO:0098588	CC	e	bounding membrane of organelle	5/8	635/6920	0.000283572442693531	4	5	0.03349699479317334	PEP12, SED5, SSO1, TLG1, TLG2
