# GO	NS	enrichment	name	ratio_in_study	ratio_in_pop	p_uncorrected	depth	study_count	p_fdr_bh	study_items
GO:0034982	BP	e	mitochondrial protein processing	6/8	14/6920	5.514282522251142e-16	7	6	2.5288499647043738e-12	AFG3, IMP1, IMP2, MAS1, MAS2, YTA12
GO:0051604	BP	e	protein maturation	7/8	94/6920	5.387806342170857e-13	5	7	1.2354239942597773e-09	AFG3, IMP1, IMP2, MAS1, MAS2, YME1, YTA12
GO:0016485	BP	e	protein processing	6/8	46/6920	1.7063563534433804e-12	6	6	2.608450078963781e-09	AFG3, IMP1, IMP2, MAS1, MAS2, YTA12
GO:0006627	BP	e	protein processing involved in protein targeting to mitochondrion	4/8	7/6920	2.5628697153689066e-11	8	4	2.9383301286704512e-08	IMP1, IMP2, MAS1, MAS2
GO:0006508	BP	e	proteolysis	8/8	394/6920	1.0323278314434812e-10	5	8	9.46851086999961e-08	AFG3, IMP1, IMP2, MAS1, MAS2, PIM1, YME1, YTA12
GO:0006465	BP	e	signal peptide processing	4/8	10/6920	1.53558746362548e-10	7	4	1.173700684697742e-07	AFG3, IMP1, IMP2, YTA12
GO:0019538	BP	e	protein metabolic process	8/8	1267/6920	1.240239039319127e-06	4	8	0.0008125337477596452	AFG3, IMP1, IMP2, MAS1, MAS2, PIM1, YME1, YTA12
GO:0141164	BP	e	mitochondrial protein quality control	2/8	5/6920	1.1675756452104204e-05	8	2	0.006693127386168734	PIM1, YME1
