# GO	NS	enrichment	name	ratio_in_study	ratio_in_pop	p_uncorrected	depth	study_count	p_fdr_bh	study_items
GO:0005849	CC	e	mRNA cleavage factor complex	11/11	20/6920	3.878359425037124e-30	3	11	3.6650496566600816e-27	CFT1, CFT2, CLP1, FIP1, HRP1, MPE1, PCF11, PTA1, RNA14, RNA15, YSH1
GO:0005847	CC	e	mRNA cleavage and polyadenylation specificity factor complex	7/11	16/6920	2.500148594611194e-17	4	7	1.181320210953789e-14	CFT1, CFT2, FIP1, MPE1, PTA1, RNA15, YSH1
GO:0140513	CC	e	nuclear protein-containing complex	11/11	707/6920	1.1801745179287021e-11	2	11	3.7175497314754115e-09	CFT1, CFT2, CLP1, FIP1, HRP1, MPE1, PCF11, PTA1, RNA14, RNA15, YSH1
GO:0005848	CC	e	mRNA cleavage stimulating factor complex	2/11	2/6920	2.2974351434059015e-06	4	2	0.0005427690526296442	RNA14, RNA15
GO:0032991	CC	e	protein-containing complex	11/11	2176/6920	2.921053159970414e-06	1	11	0.0005520790472344084	CFT1, CFT2, CLP1, FIP1, HRP1, MPE1, PCF11, PTA1, RNA14, RNA15, YSH1
GO:0005634	CC	e	nucleus	11/11	2331/6920	6.237188507156226e-06	5	11	0.0009823571898771057	CFT1, CFT2, CLP1, FIP1, HRP1, MPE1, PCF11, PTA1, RNA14, RNA15, YSH1
