# GO	NS	enrichment	name	ratio_in_study	ratio_in_pop	p_uncorrected	depth	study_count	p_fdr_bh	study_items
GO:0030892	CC	e	mitotic cohesin complex	4/5	4/6920	5.237613986221396e-14	3	4	4.9495452169792187e-11	IRR1, MCD1, SMC1, SMC3
GO:0008278	CC	e	cohesin complex	4/5	5/6920	2.618504065754641e-13	2	4	1.2372431710690678e-10	IRR1, MCD1, SMC1, SMC3
GO:0005694	CC	e	chromosome	5/5	196/6920	1.7339964632901606e-08	5	5	5.462088859364006e-06	IRR1, MCD1, SCC2, SMC1, SMC3
GO:0000775	CC	e	chromosome, centromeric region	3/5	83/6920	1.63561659014745e-05	3	3	0.0038641441942233504	IRR1, MCD1, SCC2
GO:0043232	CC	e	intracellular membraneless organelle	5/5	1210/6920	0.0001623418311576112	4	5	0.025568838407323765	IRR1, MCD1, SCC2, SMC1, SMC3
GO:0043228	CC	e	membraneless organelle	5/5	1210/6920	0.0001623418311576112	3	5	0.025568838407323765	IRR1, MCD1, SCC2, SMC1, SMC3
GO:0098687	CC	e	chromosomal region	3/5	190/6920	0.00019564196560470902	2	3	0.026411665356635715	IRR1, MCD1, SCC2
