# GO	NS	enrichment	name	ratio_in_study	ratio_in_pop	p_uncorrected	depth	study_count	p_fdr_bh	study_items
GO:0005484	MF	e	SNAP receptor activity	8/8	24/6920	5.6623305270841304e-21	3	8	1.4648449073566646e-17	BET1, BOS1, GOS1, NYV1, SEC22, SNC1, SNC2, VTI1
GO:0030674	MF	e	protein-macromolecule adaptor activity	8/8	278/6920	6.1535663275286216e-12	2	8	7.959638044658272e-09	BET1, BOS1, GOS1, NYV1, SEC22, SNC1, SNC2, VTI1
GO:0060090	MF	e	molecular adaptor activity	8/8	607/6920	3.3597138890840124e-09	1	8	2.8971932770201133e-06	BET1, BOS1, GOS1, NYV1, SEC22, SNC1, SNC2, VTI1
GO:0000149	MF	e	SNARE binding	4/8	40/6920	6.590397804872423e-08	3	4	4.2623397803012395e-05	BOS1, SNC1, SNC2, VTI1
GO:0019905	MF	e	syntaxin binding	2/8	11/6920	6.39941571236445e-05	4	2	0.03311057689577366	SNC1, SNC2
