# GO	NS	enrichment	name	ratio_in_study	ratio_in_pop	p_uncorrected	depth	study_count	p_fdr_bh	study_items
GO:0008278	CC	e	cohesin complex	5/6	5/6920	4.543910340851413e-17	2	5	4.293995272104585e-14	IRR1, MCD1, REC8, SMC1, SMC3
GO:0030892	CC	e	mitotic cohesin complex	4/6	4/6920	1.5712841958664185e-13	3	4	7.424317825468827e-11	IRR1, MCD1, SMC1, SMC3
GO:0005694	CC	e	chromosome	6/6	196/6920	4.789491315812301e-10	5	6	1.508689764480875e-07	IRR1, MCD1, REC8, SCC2, SMC1, SMC3
GO:0000775	CC	e	chromosome, centromeric region	4/6	83/6920	2.8348994111237676e-07	3	4	6.6974498587799e-05	IRR1, MCD1, REC8, SCC2
GO:0098687	CC	e	chromosomal region	4/6	190/6920	7.913598653040731e-06	2	4	0.0014956701454246983	IRR1, MCD1, REC8, SCC2
GO:0043232	CC	e	intracellular membraneless organelle	6/6	1210/6920	2.8289502031080474e-05	4	6	0.003819082774195864	IRR1, MCD1, REC8, SCC2, SMC1, SMC3
GO:0043228	CC	e	membraneless organelle	6/6	1210/6920	2.8289502031080474e-05	3	6	0.003819082774195864	IRR1, MCD1, REC8, SCC2, SMC1, SMC3
GO:0000794	CC	e	condensed nuclear chromosome	2/6	28/6920	0.00023448061497788293	7	2	0.02769802264426242	MCD1, REC8
GO:0000793	CC	e	condensed chromosome	2/6	31/6920	0.00028811440003362587	6	2	0.030252012003530712	MCD1, REC8
