# GO	NS	enrichment	name	ratio_in_study	ratio_in_pop	p_uncorrected	depth	study_count	p_fdr_bh	study_items
GO:0006281	BP	e	DNA repair	4/4	319/6920	4.435232484463451e-06	7	4	0.008264417336825121	MPH1, MSH6, RAD52, RFA1
GO:0000724	BP	e	double-strand break repair via homologous recombination	3/4	77/6920	5.257713068012822e-06	9	3	0.008264417336825121	MPH1, RAD52, RFA1
GO:0006974	BP	e	DNA damage response	4/4	370/6920	8.04811576568676e-06	4	4	0.008264417336825121	MPH1, MSH6, RAD52, RFA1
GO:0000725	BP	e	recombinational repair	3/4	91/6920	8.718466614160886e-06	8	3	0.008264417336825121	MPH1, RAD52, RFA1
GO:0036297	BP	e	interstrand cross-link repair	2/4	9/6920	9.010485539495334e-06	8	2	0.008264417336825121	MPH1, MSH6
GO:0022414	BP	e	reproductive process	4/4	405/6920	1.156963689494507e-05	1	4	0.008843059133369682	MPH1, MSH6, RAD52, RFA1
GO:0006302	BP	e	double-strand break repair	3/4	137/6920	2.9934148993795795e-05	8	3	0.01879139783909193	MPH1, RAD52, RFA1
GO:0006259	BP	e	DNA metabolic process	4/4	525/6920	3.278045850692007e-05	6	4	0.01879139783909193	MPH1, MSH6, RAD52, RFA1
