# GO	NS	enrichment	name	ratio_in_study	ratio_in_pop	p_uncorrected	depth	study_count	p_fdr_bh	study_items
GO:0033551	CC	e	monopolin complex	4/4	4/6920	1.0475227972442794e-14	2	4	9.899090433958439e-12	CSM1, HRR25, LRS4, MAM1
GO:0000775	CC	e	chromosome, centromeric region	3/4	83/6920	6.599687107101063e-06	3	3	0.0031183521581052524	CSM1, HRR25, LRS4
GO:0098687	CC	e	chromosomal region	3/4	190/6920	7.987427914774236e-05	2	3	0.025160397931538844	CSM1, HRR25, LRS4
