# GO	NS	enrichment	name	ratio_in_study	ratio_in_pop	p_uncorrected	depth	study_count	p_fdr_bh	study_items
GO:0000148	CC	e	1,3-beta-D-glucan synthase complex	4/4	4/6920	1.0475227972442794e-14	4	4	9.899090433958439e-12	FKS1, FKS3, GSC2, RHO1
GO:1990234	CC	e	transferase complex	4/4	410/6920	1.2153852981617907e-05	3	4	0.0057426955338144604	FKS1, FKS3, GSC2, RHO1
GO:0005886	CC	e	plasma membrane	4/4	564/6920	4.3695721748202796e-05	3	4	0.013764152350683881	FKS1, FKS3, GSC2, RHO1
GO:0005935	CC	e	cellular bud neck	3/4	201/6920	9.4533077322621e-05	3	3	0.02233343951746921	FKS1, GSC2, RHO1
GO:1902494	CC	e	catalytic complex	4/4	851/6920	0.00022730253010368705	2	4	0.03851895079265921	FKS1, FKS3, GSC2, RHO1
GO:0030427	CC	e	site of polarized growth	3/4	282/6920	0.000259837937569685	2	3	0.03851895079265921	FKS1, GSC2, RHO1
GO:0071944	CC	e	cell periphery	3/4	291/6920	0.0002853255614271053	2	3	0.03851895079265921	FKS1, GSC2, RHO1
