# GO	NS	enrichment	name	ratio_in_study	ratio_in_pop	p_uncorrected	depth	study_count	p_fdr_bh	study_items
GO:0005484	MF	e	SNAP receptor activity	3/3	24/6920	3.666331885400571e-08	3	3	9.484800587531277e-05	SEC9, SNC1, SSO1
GO:0000149	MF	e	SNARE binding	3/3	40/6920	1.7896916515690535e-07	3	3	0.00023149661513045708	SEC9, SNC1, SSO1
GO:0019905	MF	e	syntaxin binding	2/3	11/6920	6.886327715187159e-06	4	2	0.00593830993306306	SEC9, SNC1
GO:0030674	MF	e	protein-macromolecule adaptor activity	3/3	278/6920	6.416580753799011e-05	2	3	0.041499236025195105	SEC9, SNC1, SSO1
