# GO	NS	enrichment	name	ratio_in_study	ratio_in_pop	p_uncorrected	depth	study_count	p_fdr_bh	study_items
GO:1990615	CC	e	Kelch-containing formin regulatory complex	2/3	3/6920	3.7590770398138673e-07	2	2	0.00035523278026241043	KEL1, KEL2
GO:0051285	CC	e	cell cortex of cell tip	2/3	9/6920	4.508283990308767e-06	5	2	0.0016268949227129662	KEL1, KEL2
GO:0099738	CC	e	cell cortex region	2/3	11/6920	6.886327715187159e-06	4	2	0.0016268949227129662	KEL1, KEL2
GO:0099568	CC	e	cytoplasmic region	2/3	11/6920	6.886327715187159e-06	3	2	0.0016268949227129662	KEL1, KEL2
GO:0005938	CC	e	cell cortex	2/3	63/6920	0.00024330082711556113	3	2	0.04598385632484105	KEL1, KEL2
