# GO	NS	enrichment	name	ratio_in_study	ratio_in_pop	p_uncorrected	depth	study_count	p_fdr_bh	study_items
GO:0000164	CC	e	protein phosphatase type 1 complex	5/6	11/6920	2.0977686551469084e-14	5	5	1.982391379113828e-11	GAC1, GIP2, GLC7, REG1, SDS22
GO:1903293	CC	e	phosphatase complex	5/6	27/6920	3.658573272977765e-12	3	5	1.152450580987996e-09	GAC1, GIP2, GLC7, REG1, SDS22
GO:0008287	CC	e	protein serine/threonine phosphatase complex	5/6	27/6920	3.658573272977765e-12	4	5	1.152450580987996e-09	GAC1, GIP2, GLC7, REG1, SDS22
GO:1902494	CC	e	catalytic complex	5/6	851/6920	0.000149997272383756	2	5	0.035436855600662356	GAC1, GIP2, GLC7, REG1, SDS22
