# GO	NS	enrichment	name	ratio_in_study	ratio_in_pop	p_uncorrected	depth	study_count	p_fdr_bh	study_items
GO:0031491	MF	e	nucleosome binding	3/3	33/6920	9.883155517166758e-08	3	3	0.00025567723322910405	SIR2, SIR3, SIR4
GO:0003682	MF	e	chromatin binding	3/3	157/6920	1.1461091142350771e-05	2	3	0.014824921392630724	SIR2, SIR3, SIR4
GO:0044877	MF	e	protein-containing complex binding	3/3	290/6920	7.287160679417118e-05	2	3	0.04787350000897853	SIR2, SIR3, SIR4
GO:0003690	MF	e	double-stranded DNA binding	3/3	302/6920	8.233125025856788e-05	4	3	0.04787350000897853	SIR2, SIR3, SIR4
GO:0003688	MF	e	DNA replication origin binding	2/3	39/6920	9.25270583861201e-05	6	2	0.04787350000897853	SIR2, SIR3
