# GO	NS	enrichment	name	ratio_in_study	ratio_in_pop	p_uncorrected	depth	study_count	p_fdr_bh	study_items
GO:0003723	MF	e	RNA binding	18/23	1124/6920	8.161959856045257e-11	3	18	2.111499014758908e-07	DRS1, GAR1, NOP1, NPL3, NSR1, POP1, POP2, RAT1, RNT1, RRP3, SBP1, SNM1, UTP10, UTP13, UTP6, UTP8, UTP9, YME2
GO:0030515	MF	e	snoRNA binding	6/23	32/6920	5.689892760095755e-10	4	6	7.359876285183859e-07	GAR1, UTP10, UTP13, UTP6, UTP8, UTP9
GO:0034511	MF	e	U3 snoRNA binding	5/23	17/6920	1.5363140487662468e-09	5	5	1.3248148147194268e-06	UTP10, UTP13, UTP6, UTP8, UTP9
GO:0003676	MF	e	nucleic acid binding	18/23	1751/6920	1.4686374390714823e-07	2	18	9.498412637194813e-05	DRS1, GAR1, NOP1, NPL3, NSR1, POP1, POP2, RAT1, RNT1, RRP3, SBP1, SNM1, UTP10, UTP13, UTP6, UTP8, UTP9, YME2
GO:0140098	MF	e	catalytic activity, acting on RNA	7/23	351/6920	9.843856210220027e-05	3	7	0.045290522279259296	DRS1, NOP1, POP1, POP2, RAT1, RNT1, RRP3
GO:0031370	MF	e	eukaryotic initiation factor 4G binding	2/23	5/6920	0.00010504179886956157	4	2	0.045290522279259296	NPL3, SBP1
