# GO	NS	enrichment	name	ratio_in_study	ratio_in_pop	p_uncorrected	depth	study_count	p_fdr_bh	study_items
GO:0004402	MF	e	histone acetyltransferase activity	3/3	31/6920	8.14237244312034e-08	9	3	0.00011621692419504729	EPL1, ESA1, YNG2
GO:0061733	MF	e	protein-lysine-acetyltransferase activity	3/3	32/6920	8.984686833787961e-08	8	3	0.00011621692419504729	EPL1, ESA1, YNG2
GO:0034212	MF	e	protein N-acetyltransferase activity	3/3	44/6920	2.399056298925157e-07	7	3	0.00020687862151064606	EPL1, ESA1, YNG2
GO:0008080	MF	e	N-acetyltransferase activity	3/3	55/6920	4.752283449282806e-07	6	3	0.0002742344517699261	EPL1, ESA1, YNG2
GO:0140993	MF	e	histone modifying activity	3/3	57/6920	5.300240660416044e-07	3	3	0.0002742344517699261	EPL1, ESA1, YNG2
GO:0016410	MF	e	N-acyltransferase activity	3/3	62/6920	6.85082371076332e-07	5	3	0.0002953846823290785	EPL1, ESA1, YNG2
GO:0016407	MF	e	acetyltransferase activity	3/3	70/6920	9.915761235515182e-07	5	3	0.00036645820451825396	EPL1, ESA1, YNG2
GO:0016747	MF	e	acyltransferase activity, transferring groups other than amino-acyl groups	3/3	132/6920	6.786699131344753e-06	4	3	0.0021946488315986094	EPL1, ESA1, YNG2
GO:0016746	MF	e	acyltransferase activity	3/3	285/6920	6.915437375957113e-05	3	3	0.01987804054622339	EPL1, ESA1, YNG2
