# GO	NS	enrichment	name	ratio_in_study	ratio_in_pop	p_uncorrected	depth	study_count	p_fdr_bh	study_items
GO:0006487	BP	e	protein N-linked glycosylation	9/9	46/6920	1.104430090467058e-20	7	9	5.064916394881928e-17	OST1, OST2, OST3, OST4, OST5, OST6, STT3, SWP1, WBP1
GO:0006486	BP	e	protein glycosylation	9/9	80/6920	2.324715167069672e-18	6	9	3.368118190095017e-15	OST1, OST2, OST3, OST4, OST5, OST6, STT3, SWP1, WBP1
GO:0043413	BP	e	macromolecule glycosylation	9/9	80/6920	2.324715167069672e-18	5	9	3.368118190095017e-15	OST1, OST2, OST3, OST4, OST5, OST6, STT3, SWP1, WBP1
GO:0070085	BP	e	glycosylation	9/9	82/6920	2.93773937208462e-18	3	9	3.368118190095017e-15	OST1, OST2, OST3, OST4, OST5, OST6, STT3, SWP1, WBP1
GO:0018279	BP	e	protein N-linked glycosylation via asparagine	5/9	6/6920	5.722567170697426e-15	8	5	5.24873860896368e-12	OST1, OST3, OST6, STT3, WBP1
GO:0036211	BP	e	protein modification process	9/9	382/6920	4.351514360142076e-12	5	9	3.32600747593526e-09	OST1, OST2, OST3, OST4, OST5, OST6, STT3, SWP1, WBP1
GO:0043412	BP	e	macromolecule modification	9/9	562/6920	1.4486763033842686e-10	4	9	9.490899324743223e-08	OST1, OST2, OST3, OST4, OST5, OST6, STT3, SWP1, WBP1
GO:0019538	BP	e	protein metabolic process	9/9	1267/6920	2.259058088111661e-07	4	9	0.00012950050490100098	OST1, OST2, OST3, OST4, OST5, OST6, STT3, SWP1, WBP1
