# GO	NS	enrichment	name	ratio_in_study	ratio_in_pop	p_uncorrected	depth	study_count	p_fdr_bh	study_items
GO:0008017	MF	e	microtubule binding	14/51	44/6920	1.955451588295306e-20	5	14	5.0587532589199566e-17	ASK1, BIK1, BIM1, CIN8, DAD1, DAD2, DAM1, DUO1, NDC80, NUF2, SPC19, SPC24, SPC34, STU2
GO:0015631	MF	e	tubulin binding	14/51	53/6920	3.908202611054196e-19	4	14	5.055260077398602e-16	ASK1, BIK1, BIM1, CIN8, DAD1, DAD2, DAM1, DUO1, NDC80, NUF2, SPC19, SPC24, SPC34, STU2
GO:0051010	MF	e	microtubule plus-end binding	9/51	15/6920	1.4770055897952967e-16	6	9	1.2736711536001442e-13	ASK1, BIM1, DAD1, DAD2, DAM1, DUO1, SPC19, SPC34, STU2
GO:0008092	MF	e	cytoskeletal protein binding	14/51	122/6920	9.808626098952588e-14	3	14	6.343728929497587e-11	ASK1, BIK1, BIM1, CIN8, DAD1, DAD2, DAM1, DUO1, NDC80, NUF2, SPC19, SPC24, SPC34, STU2
GO:0019237	MF	e	centromeric DNA binding	6/51	14/6920	3.3982565020463193e-10	6	6	1.7582579141587657e-07	CBF1, CBF2, CEP3, CNN1, CSE4, MIF2
GO:0005515	MF	e	protein binding	20/51	807/6920	3.8883186098839215e-07	2	20	0.00016765133739616176	ASK1, BIK1, BIM1, BUB1, BUB3, CBF1, CIN8, CSE4, DAD1, DAD2, DAM1, DUO1, NDC80, NUF2, SKP1, SPC19, SPC24, SPC34, SPT4, STU2
