# GO	NS	enrichment	name	ratio_in_study	ratio_in_pop	p_uncorrected	depth	study_count	p_fdr_bh	study_items
GO:0005869	CC	e	dynactin complex	5/5	5/6920	7.57318390141902e-18	3	5	7.156658786840973e-15	ARP1, ARP10, JNM1, LDB18, NIP100
GO:0005875	CC	e	microtubule associated complex	5/5	21/6920	1.541067192099757e-13	2	5	7.281542482671351e-11	ARP1, ARP10, JNM1, LDB18, NIP100
GO:0030286	CC	e	dynein complex	4/5	8/6920	3.66463339716106e-12	3	4	1.1543595201057338e-09	ARP1, ARP10, JNM1, NIP100
GO:0005874	CC	e	microtubule	4/5	69/6920	4.493877998411386e-08	6	4	1.06167867712469e-05	ARP1, ARP10, JNM1, NIP100
GO:0099513	CC	e	polymeric cytoskeletal fiber	4/5	78/6920	7.407112263524092e-08	5	4	1.2255632601935927e-05	ARP1, ARP10, JNM1, NIP100
GO:0099512	CC	e	supramolecular fiber	4/5	82/6920	9.078246371804391e-08	4	4	1.2255632601935927e-05	ARP1, ARP10, JNM1, NIP100
GO:0099081	CC	e	supramolecular polymer	4/5	82/6920	9.078246371804391e-08	3	4	1.2255632601935927e-05	ARP1, ARP10, JNM1, NIP100
GO:0005856	CC	e	cytoskeleton	4/5	188/6920	2.5838248560927714e-06	5	4	0.0003052143111259586	ARP1, ARP10, JNM1, NIP100
GO:0099080	CC	e	supramolecular complex	4/5	275/6920	1.182782833198644e-05	2	4	0.001241921974858576	ARP1, ARP10, JNM1, NIP100
