# GO	NS	enrichment	name	ratio_in_study	ratio_in_pop	p_uncorrected	depth	study_count	p_fdr_bh	study_items
GO:0003723	MF	e	RNA binding	8/8	1124/6920	4.744568960488435e-07	3	8	0.0012274199900783583	LSM2, LSM3, LSM4, LSM5, LSM6, LSM7, LSM8, PRP24
GO:0003676	MF	e	nucleic acid binding	8/8	1751/6920	1.660518158787652e-05	2	8	0.02147880238391828	LSM2, LSM3, LSM4, LSM5, LSM6, LSM7, LSM8, PRP24
GO:0017070	MF	e	U6 snRNA binding	2/8	10/6920	5.2389156057946835e-05	5	2	0.04517691557396949	LSM4, PRP24
