# GO	NS	enrichment	name	ratio_in_study	ratio_in_pop	p_uncorrected	depth	study_count	p_fdr_bh	study_items
GO:0005663	CC	e	DNA replication factor C complex	5/6	5/6920	4.543910340851413e-17	2	5	2.1469976360522927e-14	RFC1, RFC2, RFC3, RFC4, RFC5
GO:0031389	CC	e	Rad17 RFC-like complex	5/6	5/6920	4.543910340851413e-17	2	5	2.1469976360522927e-14	RAD24, RFC2, RFC3, RFC4, RFC5
GO:0031391	CC	e	Elg1 RFC-like complex	4/6	5/6920	7.854603415195754e-13	3	4	2.4742000757866626e-10	RFC2, RFC3, RFC4, RFC5
GO:0031390	CC	e	Ctf18 RFC-like complex	4/6	7/6920	5.495678260822613e-12	3	4	1.2983539891193423e-09	RFC2, RFC3, RFC4, RFC5
