# GO	NS	enrichment	name	ratio_in_study	ratio_in_pop	p_uncorrected	depth	study_count	p_fdr_bh	study_items
GO:0000151	CC	e	ubiquitin ligase complex	11/12	96/6920	2.4160719294609106e-20	4	11	2.2831879733405603e-17	BUL1, BUL2, MFB1, PFU1, RSP5, RTT101, SGT1, SKP2, SLX5, SLX8, UCC1
GO:0140535	CC	e	intracellular protein-containing complex	11/12	410/6920	3.160135174731938e-13	2	11	9.954425800405606e-11	BUL1, BUL2, MFB1, PFU1, RSP5, RTT101, SGT1, SKP2, SLX5, SLX8, UCC1
GO:1990234	CC	e	transferase complex	11/12	410/6920	3.160135174731938e-13	3	11	9.954425800405606e-11	BUL1, BUL2, MFB1, PFU1, RSP5, RTT101, SGT1, SKP2, SLX5, SLX8, UCC1
GO:1902494	CC	e	catalytic complex	11/12	851/6920	9.799203495289458e-10	2	11	2.3150618257621344e-07	BUL1, BUL2, MFB1, PFU1, RSP5, RTT101, SGT1, SKP2, SLX5, SLX8, UCC1
GO:0031461	CC	e	cullin-RING ubiquitin ligase complex	5/12	47/6920	8.879460192215564e-09	5	5	1.6782179763287418e-06	MFB1, PFU1, RTT101, SKP2, UCC1
GO:0019005	CC	e	SCF ubiquitin ligase complex	4/12	21/6920	3.0548720938916204e-08	6	4	4.8114235478793025e-06	MFB1, PFU1, SKP2, UCC1
GO:0032991	CC	e	protein-containing complex	12/12	2176/6920	9.153394255805394e-07	1	12	0.0001235708224533728	BUL1, BUL2, MFB1, PFU1, RCY1, RSP5, RTT101, SGT1, SKP2, SLX5, SLX8, UCC1
GO:0033768	CC	e	SUMO-targeted ubiquitin ligase complex	2/12	2/6920	2.7569221720870824e-06	6	2	0.00032566143157778657	SLX5, SLX8
