# GO	NS	enrichment	name	ratio_in_study	ratio_in_pop	p_uncorrected	depth	study_count	p_fdr_bh	study_items
GO:0031509	BP	e	subtelomeric heterochromatin formation	3/3	66/6920	8.289098175688247e-07	12	3	0.00380138042337063	HAT1, HAT2, HIF1
GO:0140719	BP	e	constitutive heterochromatin formation	3/3	85/6920	1.7891482229299132e-06	11	3	0.004102516875178291	HAT1, HAT2, HIF1
GO:0031507	BP	e	heterochromatin formation	3/3	118/6920	4.834993288159975e-06	10	3	0.005943976661997714	HAT1, HAT2, HIF1
GO:0045814	BP	e	negative regulation of gene expression, epigenetic	3/3	124/6920	5.617675442825924e-06	9	3	0.005943976661997714	HAT1, HAT2, HIF1
GO:0040029	BP	e	epigenetic regulation of gene expression	3/3	130/6920	6.480567664628994e-06	8	3	0.005943976661997714	HAT1, HAT2, HIF1
GO:0006338	BP	e	chromatin remodeling	3/3	259/6920	5.184687806018026e-05	5	3	0.039628297130664444	HAT1, HAT2, HIF1
GO:0010629	BP	e	negative regulation of gene expression	3/3	287/6920	7.062570680004378e-05	8	3	0.0462699273407144	HAT1, HAT2, HIF1
