# GO	NS	enrichment	name	ratio_in_study	ratio_in_pop	p_uncorrected	depth	study_count	p_fdr_bh	study_items
GO:0004691	MF	e	cAMP-dependent protein kinase activity	3/3	3/6920	1.8114287971346702e-11	8	3	2.343083149093696e-08	TPK1, TPK2, TPK3
GO:0004690	MF	e	cyclic nucleotide-dependent protein kinase activity	3/3	3/6920	1.8114287971346702e-11	7	3	2.343083149093696e-08	TPK1, TPK2, TPK3
GO:0106310	MF	e	protein serine kinase activity	3/3	120/6920	5.087216633873006e-06	6	3	0.004386876477276489	TPK1, TPK2, TPK3
GO:0004674	MF	e	protein serine/threonine kinase activity	3/3	161/6920	1.2365537540760108e-05	6	3	0.007406429600289593	TPK1, TPK2, TPK3
GO:0004672	MF	e	protein kinase activity	3/3	169/6920	1.43147073836289e-05	5	3	0.007406429600289593	TPK1, TPK2, TPK3
GO:0016773	MF	e	phosphotransferase activity, alcohol group as acceptor	3/3	236/6920	3.918011802474462e-05	4	3	0.016893160888335722	TPK1, TPK2, TPK3
GO:0016301	MF	e	kinase activity	3/3	262/6920	5.367662040245395e-05	4	3	0.019837345283021196	TPK1, TPK2, TPK3
