# GO	NS	enrichment	name	ratio_in_study	ratio_in_pop	p_uncorrected	depth	study_count	p_fdr_bh	study_items
GO:0051321	BP	e	meiotic cell cycle	3/3	142/6920	8.46263305445375e-06	3	3	0.024092909875604113	CTF19, MCM21, OKP1
GO:0007049	BP	e	cell cycle	3/3	178/6920	1.6740790200207303e-05	2	3	0.024092909875604113	CTF19, MCM21, OKP1
GO:0034087	BP	e	establishment of mitotic sister chromatid cohesion	2/3	17/6920	1.7018156177624566e-05	4	2	0.024092909875604113	CTF19, MCM21
GO:0034085	BP	e	establishment of sister chromatid cohesion	2/3	19/6920	2.1393698665679306e-05	3	2	0.024092909875604113	CTF19, MCM21
GO:0071459	BP	e	protein localization to chromosome, centromeric region	2/3	21/6920	2.6267891273009278e-05	7	2	0.024092909875604113	CTF19, MCM21
GO:0051301	BP	e	cell division	3/3	224/6920	3.3479261771554285e-05	2	3	0.025589315747391324	CTF19, MCM21, OKP1
GO:0008608	BP	e	attachment of spindle microtubules to kinetochore	2/3	35/6920	7.432509726099207e-05	3	2	0.048693556576987096	CTF19, OKP1
