# GO	NS	enrichment	name	ratio_in_study	ratio_in_pop	p_uncorrected	depth	study_count	p_fdr_bh	study_items
GO:0070939	CC	e	Dsl1/NZR complex	3/6	3/6920	3.6228575942693396e-10	3	3	3.4236004265845255e-07	DSL1, SEC39, TIP20
GO:0005789	CC	e	endoplasmic reticulum membrane	6/6	406/6920	3.9386098826208415e-08	4	6	1.8609931695383476e-05	DSL1, SEC20, SEC39, TIP20, UFE1, USE1
GO:0005783	CC	e	endoplasmic reticulum	6/6	675/6920	8.442098246855277e-07	5	6	0.0002484015247446935	DSL1, SEC20, SEC39, TIP20, UFE1, USE1
GO:0031201	CC	e	SNARE complex	3/6	27/6920	1.051435025374364e-06	3	3	0.0002484015247446935	SEC20, UFE1, USE1
GO:0099023	CC	e	vesicle tethering complex	3/6	43/6920	4.413056939240985e-06	2	3	0.0008340677615165462	DSL1, SEC39, TIP20
GO:0140534	CC	e	endoplasmic reticulum protein-containing complex	3/6	79/6920	2.7947064988713743e-05	2	3	0.004401662735722414	DSL1, SEC39, TIP20
GO:0031090	CC	e	organelle membrane	6/6	1298/6920	4.314468596390853e-05	3	6	0.005824532605127651	DSL1, SEC20, SEC39, TIP20, UFE1, USE1
