# GO	NS	enrichment	name	ratio_in_study	ratio_in_pop	p_uncorrected	depth	study_count	p_fdr_bh	study_items
GO:0035091	MF	e	phosphatidylinositol binding	6/7	86/6920	2.141154506015739e-11	4	6	5.539166707062717e-08	PEP3, PEP5, VAM6, VPS16, VPS33, VPS41
GO:0005543	MF	e	phospholipid binding	6/7	120/6920	1.656431304843904e-10	3	6	2.14259389281559e-07	PEP3, PEP5, VAM6, VPS16, VPS33, VPS41
GO:0008289	MF	e	lipid binding	6/7	157/6920	8.523301376593242e-10	2	6	7.349926887082239e-07	PEP3, PEP5, VAM6, VPS16, VPS33, VPS41
GO:0051020	MF	e	GTPase binding	3/7	41/6920	6.647767102197097e-06	4	3	0.004299443373345973	VAM6, VPS41, VPS8
