# GO	NS	enrichment	name	ratio_in_study	ratio_in_pop	p_uncorrected	depth	study_count	p_fdr_bh	study_items
GO:0023058	BP	e	adaptation of signaling pathway	6/6	9/6920	5.519717550708876e-19	6	6	8.437808229183635e-16	FAR10, FAR11, FAR3, FAR7, FAR8, VPS64
GO:0000321	BP	e	re-entry into mitotic cell cycle after pheromone arrest	6/6	9/6920	5.519717550708876e-19	8	6	8.437808229183635e-16	FAR10, FAR11, FAR3, FAR7, FAR8, VPS64
GO:0000754	BP	e	adaptation of signaling pathway by response to pheromone involved in conjugation with cellular fusion	6/6	9/6920	5.519717550708876e-19	7	6	8.437808229183635e-16	FAR10, FAR11, FAR3, FAR7, FAR8, VPS64
GO:0000320	BP	e	re-entry into mitotic cell cycle	6/6	10/6920	1.3799293876772191e-18	3	6	1.5820890429719317e-15	FAR10, FAR11, FAR3, FAR7, FAR8, VPS64
GO:0010646	BP	e	regulation of cell communication	6/6	132/6920	4.302263961444888e-11	4	6	2.9517595906814097e-08	FAR10, FAR11, FAR3, FAR7, FAR8, VPS64
GO:0009966	BP	e	regulation of signal transduction	6/6	132/6920	4.302263961444888e-11	5	6	2.9517595906814097e-08	FAR10, FAR11, FAR3, FAR7, FAR8, VPS64
GO:0023051	BP	e	regulation of signaling	6/6	133/6920	4.5055205265525224e-11	3	6	2.9517595906814097e-08	FAR10, FAR11, FAR3, FAR7, FAR8, VPS64
GO:0048583	BP	e	regulation of response to stimulus	6/6	183/6920	3.1553799638922863e-10	3	6	1.8088215643012532e-07	FAR10, FAR11, FAR3, FAR7, FAR8, VPS64
GO:0022402	BP	e	cell cycle process	6/6	622/6920	5.158732813770987e-07	2	6	0.00026286609648837496	FAR10, FAR11, FAR3, FAR7, FAR8, VPS64
