# GO	NS	enrichment	name	ratio_in_study	ratio_in_pop	p_uncorrected	depth	study_count	p_fdr_bh	study_items
GO:0004842	MF	e	ubiquitin-protein transferase activity	4/4	115/6920	7.241881255100763e-08	6	4	0.00012686021934388695	CDC34, CDC53, GRR1, SKP1
GO:0019787	MF	e	ubiquitin-like protein transferase activity	4/4	134/6920	1.3450979406237278e-07	5	4	0.00012686021934388695	CDC34, CDC53, GRR1, SKP1
GO:0016755	MF	e	aminoacyltransferase activity	4/4	137/6920	1.4711273986535015e-07	4	4	0.00012686021934388695	CDC34, CDC53, GRR1, SKP1
GO:0016746	MF	e	acyltransferase activity	4/4	285/6920	2.8193629319356736e-06	3	4	0.0018234229762293971	CDC34, CDC53, GRR1, SKP1
GO:0061630	MF	e	ubiquitin protein ligase activity	3/4	78/6920	5.467423905650909e-06	7	3	0.0028288451287837805	CDC34, CDC53, SKP1
GO:0061659	MF	e	ubiquitin-like protein ligase activity	3/4	87/6920	7.6101455413884105e-06	6	3	0.0032812410859286364	CDC34, CDC53, SKP1
GO:0140096	MF	e	catalytic activity, acting on a protein	4/4	712/6920	0.00011122602581584894	2	4	0.041105961255085886	CDC34, CDC53, GRR1, SKP1
