# GO	NS	enrichment	name	ratio_in_study	ratio_in_pop	p_uncorrected	depth	study_count	p_fdr_bh	study_items
GO:0005643	CC	e	nuclear pore	3/3	48/6920	3.1330472475241255e-07	3	3	0.00029607296489102985	NSP1, NUP159, NUP82
GO:0031965	CC	e	nuclear membrane	3/3	94/6920	2.4281116168311975e-06	4	3	0.0011472827389527407	NSP1, NUP159, NUP82
GO:0044614	CC	e	nuclear pore cytoplasmic filaments	2/3	11/6920	6.886327715187159e-06	3	2	0.002169193230283955	NUP159, NUP82
GO:0044613	CC	e	nuclear pore central transport channel	2/3	14/6920	1.1390445419262522e-05	3	2	0.0026909927303007705	NSP1, NUP159
