# GO	NS	enrichment	name	ratio_in_study	ratio_in_pop	p_uncorrected	depth	study_count	p_fdr_bh	study_items
GO:0000307	CC	e	cyclin-dependent protein kinase holoenzyme complex	17/17	40/6920	1.6822444071900567e-40	7	17	1.5897209647946035e-37	BUR2, CDC28, CKS1, CLB1, CLG1, CLN2, PCL1, PCL10, PCL2, PCL5, PCL6, PCL7, PCL8, PCL9, PHO80, PHO85, SGV1
GO:1902554	CC	e	serine/threonine protein kinase complex	17/17	56/6920	1.8578990587769737e-37	6	17	8.7785730527212e-35	BUR2, CDC28, CKS1, CLB1, CLG1, CLN2, PCL1, PCL10, PCL2, PCL5, PCL6, PCL7, PCL8, PCL9, PHO80, PHO85, SGV1
GO:1902911	CC	e	protein kinase complex	17/17	64/6920	2.615096985110321e-36	5	17	8.237555503097511e-34	BUR2, CDC28, CKS1, CLB1, CLG1, CLN2, PCL1, PCL10, PCL2, PCL5, PCL6, PCL7, PCL8, PCL9, PHO80, PHO85, SGV1
GO:0061695	CC	e	transferase complex, transferring phosphorus-containing groups	17/17	135/6920	3.061268371568377e-30	4	17	7.2322465278302895e-28	BUR2, CDC28, CKS1, CLB1, CLG1, CLN2, PCL1, PCL10, PCL2, PCL5, PCL6, PCL7, PCL8, PCL9, PHO80, PHO85, SGV1
GO:1990234	CC	e	transferase complex	17/17	410/6920	9.954811788870124e-22	3	17	1.8814594280964535e-19	BUR2, CDC28, CKS1, CLB1, CLG1, CLN2, PCL1, PCL10, PCL2, PCL5, PCL6, PCL7, PCL8, PCL9, PHO80, PHO85, SGV1
GO:1902494	CC	e	catalytic complex	17/17	851/6920	2.9220157265455255e-16	2	17	4.602174769309203e-14	BUR2, CDC28, CKS1, CLB1, CLG1, CLN2, PCL1, PCL10, PCL2, PCL5, PCL6, PCL7, PCL8, PCL9, PHO80, PHO85, SGV1
GO:0032991	CC	e	protein-containing complex	17/17	2176/6920	2.7525000005050374e-09	1	17	3.7158750006818e-07	BUR2, CDC28, CKS1, CLB1, CLG1, CLN2, PCL1, PCL10, PCL2, PCL5, PCL6, PCL7, PCL8, PCL9, PHO80, PHO85, SGV1
GO:0005634	CC	e	nucleus	17/17	2331/6920	8.903455698799155e-09	5	17	1.05172070442065e-06	BUR2, CDC28, CKS1, CLB1, CLG1, CLN2, PCL1, PCL10, PCL2, PCL5, PCL6, PCL7, PCL8, PCL9, PHO80, PHO85, SGV1
GO:1990860	CC	e	Pho85-Pho80 CDK-cyclin complex	2/17	2/6920	5.680930536421866e-06	8	2	0.0005964977063242959	PHO80, PHO85
