# GO	NS	enrichment	name	ratio_in_study	ratio_in_pop	p_uncorrected	depth	study_count	p_fdr_bh	study_items
GO:0005816	CC	e	spindle pole body	7/7	67/6920	5.785619126217485e-15	3	7	5.467410074275523e-12	CMD1, CNM67, NUD1, SPC110, SPC29, SPC42, SPC72
GO:0005815	CC	e	microtubule organizing center	7/7	75/6920	1.3204729724973317e-14	2	7	6.239234795049892e-12	CMD1, CNM67, NUD1, SPC110, SPC29, SPC42, SPC72
GO:0005823	CC	e	central plaque of spindle pole body	4/7	6/6920	5.495678260822613e-12	2	4	1.731138652159123e-09	CMD1, SPC110, SPC29, SPC42
GO:0005856	CC	e	cytoskeleton	7/7	188/6920	9.785885421026e-12	5	7	2.3119154307173924e-09	CMD1, CNM67, NUD1, SPC110, SPC29, SPC42, SPC72
GO:0061499	CC	e	outer plaque of mitotic spindle pole body	3/7	3/6920	6.340000789971344e-10	3	3	1.1982601493045841e-07	CNM67, NUD1, SPC72
GO:0005824	CC	e	outer plaque of spindle pole body	3/7	7/6920	2.215152633752584e-08	2	3	3.48886539816032e-06	CNM67, NUD1, SPC72
GO:0043232	CC	e	intracellular membraneless organelle	7/7	1210/6920	4.92631768085347e-06	4	7	0.0005819212760508161	CMD1, CNM67, NUD1, SPC110, SPC29, SPC42, SPC72
GO:0043228	CC	e	membraneless organelle	7/7	1210/6920	4.92631768085347e-06	3	7	0.0005819212760508161	CMD1, CNM67, NUD1, SPC110, SPC29, SPC42, SPC72
