# GO	NS	enrichment	name	ratio_in_study	ratio_in_pop	p_uncorrected	depth	study_count	p_fdr_bh	study_items
GO:0070987	BP	e	error-free translesion synthesis	3/3	11/6920	2.9888575152722046e-09	10	3	1.1879313823033223e-05	REV1, REV3, REV7
GO:0042276	BP	e	error-prone translesion synthesis	3/3	13/6920	5.180686359805156e-09	10	3	1.1879313823033223e-05	REV1, REV3, REV7
GO:0019985	BP	e	translesion synthesis	3/3	20/6920	2.065028828733523e-08	9	3	3.156740736190645e-05	REV1, REV3, REV7
GO:0000731	BP	e	DNA synthesis involved in DNA repair	3/3	22/6920	2.7896003475873917e-08	8	3	3.198276798508944e-05	REV1, REV3, REV7
GO:0006301	BP	e	postreplication repair	3/3	32/6920	8.984686833787961e-08	8	3	8.240754763950319e-05	REV1, REV3, REV7
GO:0071897	BP	e	DNA biosynthetic process	3/3	97/6920	2.670770618495357e-06	7	3	0.0020413590094032845	REV1, REV3, REV7
