# GO	NS	enrichment	name	ratio_in_study	ratio_in_pop	p_uncorrected	depth	study_count	p_fdr_bh	study_items
GO:0016779	MF	e	nucleotidyltransferase activity	4/4	143/6920	1.749539578989282e-07	4	4	0.00045260588908452727	POL1, POL12, PRI1, PRI2
GO:0003697	MF	e	single-stranded DNA binding	3/4	77/6920	5.257713068012822e-06	4	3	0.006800851853474585	POL1, PRI1, PRI2
GO:0016772	MF	e	transferase activity, transferring phosphorus-containing groups	4/4	421/6920	1.3516801391596498e-05	3	4	0.011655988400020047	POL1, POL12, PRI1, PRI2
GO:0140640	MF	e	catalytic activity, acting on a nucleic acid	4/4	545/6920	3.808436858731872e-05	2	4	0.02463106538384838	POL1, POL12, PRI1, PRI2
GO:0051539	MF	e	4 iron, 4 sulfur cluster binding	2/4	26/6920	8.107821134492524e-05	5	2	0.038951380057522446	POL1, PRI2
GO:0003677	MF	e	DNA binding	4/4	676/6920	9.033949762084834e-05	3	4	0.038951380057522446	POL1, POL12, PRI1, PRI2
