# GO	NS	enrichment	name	ratio_in_study	ratio_in_pop	p_uncorrected	depth	study_count	p_fdr_bh	study_items
GO:0007004	BP	e	telomere maintenance via telomerase	3/3	16/6920	1.014400126395415e-08	9	3	3.3893426851731155e-05	EST1, EST2, EST3
GO:0010833	BP	e	telomere maintenance via telomere lengthening	3/3	18/6920	1.4781258984618909e-08	8	3	3.3893426851731155e-05	EST1, EST2, EST3
GO:0006278	BP	e	RNA-templated DNA biosynthetic process	3/3	68/6920	9.078156559720111e-07	8	3	0.0013877475327625476	EST1, EST2, EST3
GO:0000723	BP	e	telomere maintenance	3/3	83/6920	1.6643588930953062e-06	7	3	0.0016410067500713164	EST1, EST2, EST3
GO:0032200	BP	e	telomere organization	3/3	85/6920	1.7891482229299132e-06	6	3	0.0016410067500713164	EST1, EST2, EST3
GO:0071897	BP	e	DNA biosynthetic process	3/3	97/6920	2.670770618495357e-06	7	3	0.0020413590094032845	EST1, EST2, EST3
GO:0051276	BP	e	chromosome organization	3/3	260/6920	5.245209453559093e-05	5	3	0.03436361507717429	EST1, EST2, EST3
