# GO	NS	enrichment	name	ratio_in_study	ratio_in_pop	p_uncorrected	depth	study_count	p_fdr_bh	study_items
GO:0000124	CC	e	SAGA complex	4/8	20/6920	3.526443919043824e-09	8	4	2.5133715011629867e-06	GCN5, SPT20, SPT3, SPT8
GO:0070461	CC	e	SAGA-type complex	4/8	22/6920	5.31930476436611e-09	7	4	2.5133715011629867e-06	GCN5, SPT20, SPT3, SPT8
GO:0000123	CC	e	histone acetyltransferase complex	4/8	46/6920	1.1734984477259714e-07	6	4	3.69652011033681e-05	GCN5, SPT20, SPT3, SPT8
GO:0031248	CC	e	protein acetyltransferase complex	4/8	54/6920	2.2657856338345429e-07	5	4	5.3529185599341074e-05	GCN5, SPT20, SPT3, SPT8
GO:1902493	CC	e	acetyltransferase complex	4/8	59/6920	3.2531814226670605e-07	4	4	6.148512888840745e-05	GCN5, SPT20, SPT3, SPT8
GO:0046695	CC	e	SLIK (SAGA-like) complex	3/8	16/6920	5.640715386937362e-07	8	3	8.884126734426345e-05	GCN5, SPT20, SPT3
GO:1905368	CC	e	peptidase complex	4/8	80/6920	1.1194869728656984e-06	3	4	0.00015113074133686928	GCN5, SPT20, SPT3, SPT8
