# GO	NS	enrichment	name	ratio_in_study	ratio_in_pop	p_uncorrected	depth	study_count	p_fdr_bh	study_items
GO:0034455	CC	e	t-UTP complex	3/4	7/6920	2.5349004170514314e-09	3	3	2.3954808941136025e-06	NAN1, UTP15, UTP4
GO:0032040	CC	e	small-subunit processome	3/4	60/6920	2.464159474140909e-06	4	3	0.0011643153515315794	NAN1, UTP15, UTP4
GO:0030686	CC	e	90S preribosome	3/4	81/6920	6.129760031500585e-06	4	3	0.0019308744099226843	NAN1, UTP15, UTP4
GO:0033553	CC	e	rDNA heterochromatin	2/4	11/6920	1.3760710370788921e-05	4	2	0.0032509678250988825	NAN1, UTP15
GO:0000792	CC	e	heterochromatin	2/4	15/6920	2.6250182166855894e-05	3	2	0.004961284429535764	NAN1, UTP15
GO:0030684	CC	e	preribosome	3/4	163/6920	5.044963143617572e-05	3	3	0.007945816951197676	NAN1, UTP15, UTP4
