# GO	NS	enrichment	name	ratio_in_study	ratio_in_pop	p_uncorrected	depth	study_count	p_fdr_bh	study_items
GO:0005960	CC	e	glycine cleavage complex	4/4	4/6920	1.0475227972442794e-14	4	4	9.899090433958439e-12	GCV1, GCV2, GCV3, LPD1
GO:1990204	CC	e	oxidoreductase complex	4/4	29/6920	2.487971395734887e-10	3	4	1.175566484484734e-07	GCV1, GCV2, GCV3, LPD1
GO:1990234	CC	e	transferase complex	4/4	410/6920	1.2153852981617907e-05	3	4	0.0038284636892096406	GCV1, GCV2, GCV3, LPD1
