# GO	NS	enrichment	name	ratio_in_study	ratio_in_pop	p_uncorrected	depth	study_count	p_fdr_bh	study_items
GO:0030686	CC	e	90S preribosome	3/5	81/6920	1.5194853882700055e-05	4	3	0.014359136919151552	BMS1, BUD21, NOP6
GO:0005730	CC	e	nucleolus	4/5	365/6920	3.650957539958609e-05	5	4	0.017250774376304425	BMS1, BUD21, ESF1, NOP6
GO:0030684	CC	e	preribosome	3/5	163/6920	0.00012393833097919656	3	3	0.03904057425844692	BMS1, BUD21, NOP6
