# GO	NS	enrichment	name	ratio_in_study	ratio_in_pop	p_uncorrected	depth	study_count	p_fdr_bh	study_items
GO:0031491	MF	e	nucleosome binding	3/4	33/6920	3.940402817007732e-07	3	3	0.0010193822087599003	IOC2, IOC3, ISW1
GO:0016887	MF	e	ATP hydrolysis activity	4/4	238/6920	1.365392175912279e-06	7	4	0.001766134779542533	IOC2, IOC3, IOC4, ISW1
GO:0017111	MF	e	ribonucleoside triphosphate phosphatase activity	4/4	329/6920	5.020966641174059e-06	6	4	0.0033584494639636296	IOC2, IOC3, IOC4, ISW1
GO:0016462	MF	e	pyrophosphatase activity	4/4	365/6920	7.620117801289757e-06	5	4	0.0033584494639636296	IOC2, IOC3, IOC4, ISW1
GO:0016818	MF	e	hydrolase activity, acting on acid anhydrides, in phosphorus-containing anhydrides	4/4	367/6920	7.789214064082635e-06	4	4	0.0033584494639636296	IOC2, IOC3, IOC4, ISW1
GO:0016817	MF	e	hydrolase activity, acting on acid anhydrides	4/4	367/6920	7.789214064082635e-06	3	4	0.0033584494639636296	IOC2, IOC3, IOC4, ISW1
GO:0003682	MF	e	chromatin binding	3/4	157/6920	4.507885580725677e-05	2	3	0.016659857139053325	IOC2, IOC3, ISW1
GO:0003677	MF	e	DNA binding	4/4	676/6920	9.033949762084834e-05	3	4	0.029213535043141833	IOC2, IOC3, IOC4, ISW1
