# GO	NS	enrichment	name	ratio_in_study	ratio_in_pop	p_uncorrected	depth	study_count	p_fdr_bh	study_items
GO:0005484	MF	e	SNAP receptor activity	16/19	24/6920	5.469231264011852e-40	3	16	1.4148901279998662e-36	BET1, BOS1, GOS1, SEC20, SEC22, SEC9, SED5, SFT1, SNC1, SSO1, TLG1, TLG2, UFE1, USE1, VTI1, YKT6
GO:0030674	MF	e	protein-macromolecule adaptor activity	17/19	278/6920	1.8201980858487017e-22	2	17	2.3544262240452957e-19	BET1, BOS1, GOS1, SEC17, SEC20, SEC22, SEC9, SED5, SFT1, SNC1, SSO1, TLG1, TLG2, UFE1, USE1, VTI1, YKT6
GO:0000149	MF	e	SNARE binding	10/19	40/6920	1.0961109591202354e-18	3	10	9.452130170813496e-16	BOS1, SEC17, SEC9, SED5, SNC1, SSO1, TLG1, TLG2, VPS45, VTI1
GO:0060090	MF	e	molecular adaptor activity	17/19	607/6920	1.2666094945787575e-16	1	17	8.191796906188115e-14	BET1, BOS1, GOS1, SEC17, SEC20, SEC22, SEC9, SED5, SFT1, SNC1, SSO1, TLG1, TLG2, UFE1, USE1, VTI1, YKT6
GO:0019905	MF	e	syntaxin binding	3/19	11/6920	2.856250251528984e-06	4	3	0.0014778238801410964	SEC17, SEC9, SNC1
GO:0005515	MF	e	protein binding	10/19	807/6920	1.5150145124220762e-05	2	10	0.006532237572726519	BOS1, SEC17, SEC9, SED5, SNC1, SSO1, TLG1, TLG2, VPS45, VTI1
