# GO	NS	enrichment	name	ratio_in_study	ratio_in_pop	p_uncorrected	depth	study_count	p_fdr_bh	study_items
GO:0003887	MF	e	DNA-directed DNA polymerase activity	3/3	65/6920	7.912320985884237e-07	6	3	0.001227634985136151	REV1, REV3, REV7
GO:0034061	MF	e	DNA polymerase activity	3/3	69/6920	9.490800039707391e-07	5	3	0.001227634985136151	REV1, REV3, REV7
GO:0016779	MF	e	nucleotidyltransferase activity	3/3	143/6920	8.643975191334904e-06	4	3	0.0074539879399944655	REV1, REV3, REV7
GO:0140097	MF	e	catalytic activity, acting on DNA	3/3	215/6920	2.958706282943898e-05	3	3	0.019135432884939664	REV1, REV3, REV7
