# GO	NS	enrichment	name	ratio_in_study	ratio_in_pop	p_uncorrected	depth	study_count	p_fdr_bh	study_items
GO:0000466	BP	e	maturation of 5.8S rRNA from tricistronic rRNA transcript (SSU-rRNA, 5.8S rRNA, LSU-rRNA)	3/3	18/6920	1.4781258984618909e-08	10	3	6.778685370346231e-05	ERB1, NOP7, YTM1
GO:0000460	BP	e	maturation of 5.8S rRNA	3/3	23/6920	3.208040399725501e-08	9	3	7.356036636570572e-05	ERB1, NOP7, YTM1
GO:0000463	BP	e	maturation of LSU-rRNA from tricistronic rRNA transcript (SSU-rRNA, 5.8S rRNA, LSU-rRNA)	3/3	41/6920	1.930983097745558e-07	10	3	0.0002951829495420376	ERB1, NOP7, YTM1
GO:0000470	BP	e	maturation of LSU-rRNA	3/3	54/6920	4.493067988412835e-07	9	3	0.0005151302448715315	ERB1, NOP7, YTM1
GO:0042273	BP	e	ribosomal large subunit biogenesis	3/3	63/6920	7.193364896301488e-07	5	3	0.0006597754282887725	ERB1, NOP7, YTM1
GO:0042254	BP	e	ribosome biogenesis	3/3	201/6920	2.4151780152196554e-05	5	3	0.01846001062966223	ERB1, NOP7, YTM1
GO:0022613	BP	e	ribonucleoprotein complex biogenesis	3/3	242/6920	4.2258460122595286e-05	4	3	0.02768532830317457	ERB1, NOP7, YTM1
GO:0044085	BP	e	cellular component biogenesis	3/3	270/6920	5.8765286179364695e-05	3	3	0.03368720030232081	ERB1, NOP7, YTM1
