# GO	NS	enrichment	name	ratio_in_study	ratio_in_pop	p_uncorrected	depth	study_count	p_fdr_bh	study_items
GO:0004175	MF	e	endopeptidase activity	3/3	101/6920	3.018746090424927e-06	4	3	0.007809496135929286	IMP1, IMP2, SOM1
GO:0004252	MF	e	serine-type endopeptidase activity	2/3	13/6920	9.764180873770952e-06	5	2	0.011006492507878688	IMP1, IMP2
GO:0008233	MF	e	peptidase activity	3/3	165/6920	1.3316356516376097e-05	3	3	0.011006492507878688	IMP1, IMP2, SOM1
GO:0008236	MF	e	serine-type peptidase activity	2/3	17/6920	1.7018156177624566e-05	4	2	0.011006492507878688	IMP1, IMP2
GO:0017171	MF	e	serine hydrolase activity	2/3	20/6920	2.3768481818722852e-05	3	2	0.012297812493007203	IMP1, IMP2
