# GO	NS	enrichment	name	ratio_in_study	ratio_in_pop	p_uncorrected	depth	study_count	p_fdr_bh	study_items
GO:0000502	CC	e	proteasome complex	6/10	40/6920	5.207948033997992e-12	5	6	4.921510892128102e-09	CIC1, DOA4, ECM29, HUL5, RPN10, UBP6
GO:1905369	CC	e	endopeptidase complex	6/10	54/6920	3.4798886092943224e-11	4	6	1.6442473678915672e-08	CIC1, DOA4, ECM29, HUL5, RPN10, UBP6
GO:1905368	CC	e	peptidase complex	6/10	80/6920	3.9966207204774585e-10	3	6	1.2589355269503994e-07	CIC1, DOA4, ECM29, HUL5, RPN10, UBP6
GO:0140535	CC	e	intracellular protein-containing complex	6/10	410/6920	7.14728955930538e-06	2	6	0.0016885471583858959	CIC1, DOA4, ECM29, HUL5, RPN10, UBP6
