# GO	NS	enrichment	name	ratio_in_study	ratio_in_pop	p_uncorrected	depth	study_count	p_fdr_bh	study_items
GO:0008017	MF	e	microtubule binding	8/10	44/6920	6.083522582286362e-17	5	8	1.573807292037482e-13	BIK1, CIN8, DUO1, KIP1, NUF2, SPC19, SPC34, STU2
GO:0015631	MF	e	tubulin binding	8/10	53/6920	3.0352380126238374e-16	4	8	3.926080369328934e-13	BIK1, CIN8, DUO1, KIP1, NUF2, SPC19, SPC34, STU2
GO:0008092	MF	e	cytoskeletal protein binding	8/10	122/6920	3.238850592695473e-13	3	8	2.7929688277677295e-10	BIK1, CIN8, DUO1, KIP1, NUF2, SPC19, SPC34, STU2
GO:0051010	MF	e	microtubule plus-end binding	4/10	15/6920	2.97986885167231e-09	6	4	1.9272301798190663e-06	DUO1, SPC19, SPC34, STU2
GO:0005515	MF	e	protein binding	8/10	807/6920	1.2019442517580278e-06	2	8	0.0006218859558596036	BIK1, CIN8, DUO1, KIP1, NUF2, SPC19, SPC34, STU2
GO:0008574	MF	e	plus-end-directed microtubule motor activity	2/10	7/6920	3.932218371807621e-05	6	2	0.016954414879777193	CIN8, KIP1
GO:0003777	MF	e	microtubule motor activity	2/10	10/6920	8.406707728222353e-05	5	2	0.031068789847016037	CIN8, KIP1
