# GO	NS	enrichment	name	ratio_in_study	ratio_in_pop	p_uncorrected	depth	study_count	p_fdr_bh	study_items
GO:0022884	MF	e	macromolecule transmembrane transporter activity	7/7	31/6920	1.7494107702253023e-17	3	7	2.2628628312864287e-14	TOM20, TOM22, TOM40, TOM5, TOM6, TOM7, TOM70
GO:0008320	MF	e	protein transmembrane transporter activity	7/7	31/6920	1.7494107702253023e-17	4	7	2.2628628312864287e-14	TOM20, TOM22, TOM40, TOM5, TOM6, TOM7, TOM70
GO:0140318	MF	e	protein transporter activity	7/7	42/6920	1.7948215040784475e-16	2	7	1.5477344103503147e-13	TOM20, TOM22, TOM40, TOM5, TOM6, TOM7, TOM70
GO:0022857	MF	e	transmembrane transporter activity	7/7	416/6920	2.7051441475521146e-09	2	7	1.7495519774293302e-06	TOM20, TOM22, TOM40, TOM5, TOM6, TOM7, TOM70
GO:0005215	MF	e	transporter activity	7/7	464/6920	5.840547563997478e-09	1	7	3.021899309612295e-06	TOM20, TOM22, TOM40, TOM5, TOM6, TOM7, TOM70
GO:0030943	MF	e	mitochondrion targeting sequence binding	2/7	7/6920	1.837691117288464e-05	4	2	0.007923511534042093	TOM20, TOM70
