# GO	NS	enrichment	name	ratio_in_study	ratio_in_pop	p_uncorrected	depth	study_count	p_fdr_bh	study_items
GO:0003723	MF	e	RNA binding	11/11	1124/6920	1.9925000746091103e-09	3	11	5.154597693013769e-06	CBC2, MSL5, MUD2, NAM8, PRP39, SMD1, SMD3, SNP1, SNU56, STO1, YHC1
GO:0003729	MF	e	mRNA binding	9/11	547/6920	5.3920112942473715e-09	4	9	6.9745666091089754e-06	MSL5, MUD2, NAM8, SMD1, SMD3, SNP1, SNU56, STO1, YHC1
GO:0036002	MF	e	pre-mRNA binding	4/11	19/6920	1.3236739375765743e-08	4	4	1.1414481588368659e-05	MSL5, MUD2, PRP39, YHC1
GO:0003676	MF	e	nucleic acid binding	11/11	1751/6920	2.6592873539806776e-07	2	11	0.00017198940961870034	CBC2, MSL5, MUD2, NAM8, PRP39, SMD1, SMD3, SNP1, SNU56, STO1, YHC1
GO:0045131	MF	e	pre-mRNA branch point binding	2/11	4/6920	1.3760710370788921e-05	5	2	0.007119791545846187	MSL5, MUD2
GO:0000339	MF	e	RNA cap binding	2/11	7/6920	4.803728065831024e-05	4	2	0.01775320643757837	CBC2, STO1
GO:0030619	MF	e	U1 snRNA binding	2/11	7/6920	4.803728065831024e-05	5	2	0.01775320643757837	SNP1, YHC1
GO:0030627	MF	e	pre-mRNA 5'-splice site binding	2/11	8/6920	6.39941571236445e-05	5	2	0.02069411055985854	PRP39, YHC1
