# GO	NS	enrichment	name	ratio_in_study	ratio_in_pop	p_uncorrected	depth	study_count	p_fdr_bh	study_items
GO:0005484	MF	e	SNAP receptor activity	19/19	24/6920	5.784289875475951e-52	3	19	1.4963957907856287e-48	BET1, BOS1, GOS1, NYV1, PEP12, SEC20, SEC22, SED5, SNC1, SNC2, SSO1, SSO2, TLG1, TLG2, UFE1, VAM3, VAM7, VTI1, YKT6
GO:0030674	MF	e	protein-macromolecule adaptor activity	19/19	278/6920	1.6304511928031694e-27	2	19	2.1089886178908997e-24	BET1, BOS1, GOS1, NYV1, PEP12, SEC20, SEC22, SED5, SNC1, SNC2, SSO1, SSO2, TLG1, TLG2, UFE1, VAM3, VAM7, VTI1, YKT6
GO:0000149	MF	e	SNARE binding	12/19	40/6920	1.0997732232478952e-23	3	12	9.483711095141017e-21	BOS1, PEP12, SED5, SNC1, SNC2, SSO1, SSO2, TLG1, TLG2, VAM3, VAM7, VTI1
GO:0060090	MF	e	molecular adaptor activity	19/19	607/6920	6.3929598176103125e-21	1	19	4.13464676203947e-18	BET1, BOS1, GOS1, NYV1, PEP12, SEC20, SEC22, SED5, SNC1, SNC2, SSO1, SSO2, TLG1, TLG2, UFE1, VAM3, VAM7, VTI1, YKT6
GO:0005515	MF	e	protein binding	12/19	807/6920	1.3527278061575973e-07	2	12	6.999013669059408e-05	BOS1, PEP12, SED5, SNC1, SNC2, SSO1, SSO2, TLG1, TLG2, VAM3, VAM7, VTI1
GO:0070300	MF	e	phosphatidic acid binding	3/19	12/6920	3.8017267864482747e-06	5	3	0.0016391778660902812	SSO1, SSO2, VAM7
