# GO	NS	enrichment	name	ratio_in_study	ratio_in_pop	p_uncorrected	depth	study_count	p_fdr_bh	study_items
GO:0000817	CC	e	COMA complex	3/3	4/6920	7.245715188538681e-11	3	3	6.847200853169053e-08	CTF19, MCM21, OKP1
GO:0000776	CC	e	kinetochore	3/3	75/6920	1.223167295265186e-06	5	3	0.0005242730513250215	CTF19, MCM21, OKP1
GO:0000775	CC	e	chromosome, centromeric region	3/3	83/6920	1.6643588930953062e-06	3	3	0.0005242730513250215	CTF19, MCM21, OKP1
GO:0098687	CC	e	chromosomal region	3/3	190/6920	2.038183453959988e-05	2	3	0.0042308169351646255	CTF19, MCM21, OKP1
GO:0005694	CC	e	chromosome	3/3	196/6920	2.2385274789230822e-05	5	3	0.0042308169351646255	CTF19, MCM21, OKP1
GO:0099080	CC	e	supramolecular complex	3/3	275/6920	6.210347773816431e-05	2	3	0.009781297743760879	CTF19, MCM21, OKP1
