3831	4240
2398	3768
4210	4361
3202	4033
1722	2912
4848	4890
1243	2797
3535	4181
921	1117
961	3100
618	4111
3116	3233
3649	4775
1839	4798
149	4493
2844	4156
1679	2768
116	452
3528	4387
722	4151
1273	2605
18	4329
2901	4268
2037	2199
314	3518
1110	2438
2118	4405
2605	2862
1653	2393
4156	4603
1735	3116
762	5147
1537	2589
1679	2805
1667	3366
1679	2438
1117	3233
313	2288
818	4728
1679	4612
2459	3317
1885	3538
2912	4301
828	4779
2347	4391
224	3107
299	4033
4151	4646
866	2617
1640	4091
2573	3935
4046	4051
92	745
1537	2426
3056	4674
3602	4127
2690	2961
2676	4220
1815	4775
643	914
1428	1727
205	1270
2862	4070
4036	5004
4467	4726
342	3198
132	4955
971	1215
1147	1313
3610	4070
1533	3341
2269	3853
116	2964
374	3971
3826	4177
3107	3414
2097	2961
1679	4934
2262	2667
154	1525
4326	4863
2118	3810
664	877
1113	4525
351	591
971	4433
2456	3116
1703	2030
260	4022
1674	2560
2303	4603
2169	4156
970	973
2496	2517
181	329
1476	4156
132	1679
879	2989
329	2594
2055	3417
1487	1872
222	1215
1324	1679
903	3853
1273	3116
1680	3760
4	1215
682	4489
731	4271
1679	3276
970	3116
742	1842
4282	4329
664	946
221	833
3000	5083
1130	4523
448	2947
3933	4156
3245	3724
1679	2972
4311	5154
1157	3493
1965	4770
1679	2171
1139	2118
1679	5152
3853	4711
222	4712
333	4404
280	4156
35	4070
3643	4423
3068	4554
116	3526
1679	3963
3038	4841
591	3739
123	2582
30	3768
4156	4303
149	3984
1454	3573
4473	4775
3496	4156
2888	4726
3602	3686
205	299
3987	4958
970	3626
2145	4156
1872	3501
149	2775
3450	3987
276	2985
1045	2605
1544	4201
247	401
756	1679
604	4200
1270	3941
4978	4987
265	3611
2245	5097
1938	2511
1679	4232
591	903
355	4405
1527	3174
1679	4016
680	3324
803	2216
2216	4714
4035	4156
1130	1937
3395	4780
637	833
3970	4156
1660	1699
2625	2716
4010	4882
664	3153
1527	2184
999	4329
500	3674
4070	4917
1270	3196
833	3245
2395	2633
2476	3299
276	3175
867	2798
776	1679
1893	3116
3346	4156
3534	4177
1249	3116
1727	2670
116	3623
401	3662
92	3418
126	1839
1679	3413
848	1598
2605	3069
227	1527
4525	4775
275	4083
116	1607
902	4949
474	902
1826	2625
1782	3995
2593	3913
3884	4466
4017	4560
2775	4053
833	2118
2625	3248
1182	4131
29	3330
2270	3512
1454	2174
2506	3131
472	3056
3866	4393
413	3351
1402	4685
2142	4399
1856	3568
1430	1679
343	2434
3175	4048
1061	1679
1789	4525
2974	3116
991	2959
2775	3984
489	4113
192	339
2188	2393
208	3116
1419	2362
4241	4622
773	1639
892	3870
1101	4272
150	752
591	4156
127	3747
2449	4156
1679	5034
928	2027
732	1260
1679	1885
2441	4040
991	2070
2216	2875
2037	2704
2055	4872
1700	4433
1487	3837
1604	2037
354	4928
680	2501
347	2709
116	4452
859	5031
342	1679
1280	1679
1604	3866
1108	2974
622	4118
557	1679
3492	4775
3643	4750
1666	3272
1754	4775
339	1139
1728	2003
3643	4505
1200	1679
1666	3254
448	1993
209	5159
116	1812
1679	3376
247	2287
1215	2584
1633	2013
1215	4759
3056	4480
534	3568
2311	3299
29	3451
1585	3312
4040	4506
2902	4329
532	2397
3512	4357
1679	2146
1641	4798
1108	3116
116	4759
800	2013
791	953
390	3948
686	4369
1460	3825
314	5022
2362	3299
983	2918
643	4070
2239	3952
414	3516
3116	3267
958	2353
942	3016
1999	3573
333	1507
2307	4809
1063	1798
364	1527
2277	4775
2269	3245
3351	4872
472	1430
200	2753
1145	2362
1270	5138
672	4070
2142	4872
1679	3830
2118	3179
1215	3110
4841	5085
3902	4070
1253	4103
2653	3245
2379	3153
1430	2934
1286	2270
1948	4329
443	2470
3267	4091
2613	3735
2729	3116
2303	4928
2918	4644
2694	4139
2615	5026
2377	4059
65	1108
1626	4351
2126	5095
3116	4646
1722	3116
1679	2394
3105	4386
2388	2593
322	925
874	4070
33	343
1679	2219
2818	4580
982	1172
861	3116
1057	4775
142	991
230	2239
2030	4091
1251	1558
791	1628
622	4417
1704	3116
1696	3538
4077	4776
3116	4365
2280	3352
333	4950
2220	4770
1839	4381
2216	5011
224	4381
1058	4271
2302	4775
3116	4765
92	5022
983	4730
1527	1621
538	3116
3780	4306
2389	2964
707	2934
149	3925
504	3103
116	4406
739	1678
4113	5095
3557	4882
2731	4156
1625	3450
866	1945
374	3116
1885	3752
1416	4775
2245	2254
678	722
443	3840
1466	2438
451	3237
116	4481
116	249
1626	3139
315	3722
222	942
3409	4070
322	2835
2349	4775
3995	4033
313	1521
116	4097
1725	3951
116	1937
2118	2465
1679	4304
116	2585
2338	3016
1626	3107
2438	4503
25	5115
961	4526
314	3633
88	5128
2438	3555
686	926
116	4351
672	1113
690	2835
3686	4554
3429	4156
4525	4962
1481	4872
325	4272
205	3056
1339	2430
867	1527
4066	4070
315	2476
3475	4674
2823	4962
816	5154
845	903
4156	4359
149	618
891	1469
866	1187
1483	4119
1028	3735
1679	1682
2040	3451
116	3236
2703	3493
116	3402
1979	3116
4821	5138
450	3951
313	3208
1035	1873
307	2241
867	4934
1679	4564
2438	4651
176	3843
176	3623
626	1430
1812	2912
116	2779
2738	4775
643	1991
1679	2488
1527	3902
1679	1840
2216	2254
343	509
3262	3821
1273	4070
3573	3696
3870	4930
751	2774
1270	4271
3272	3496
978	4525
3361	4386
1119	2347
637	4091
652	2259
2996	4740
15	3821
500	3405
2818	4958
1618	1679
2065	2909
2311	4580
81	116
1527	2764
928	4819
637	893
2071	4245
591	4077
731	4156
860	1679
347	3851
2470	4962
496	1679
1727	3295
181	3043
877	1559
2517	4315
299	4480
2605	4473
1108	1215
2353	2951
3299	3853
1215	4124
1765	3450
1527	3974
379	1113
4584	4981
443	898
4129	4369
3116	3589
2909	3413
421	5090
2871	4336
1703	4860
1477	4735
314	4989
361	4232
4357	4934
469	2672
343	2989
2992	4417
2277	3820
924	3116
923	3626
2281	3116
1930	2844
116	4095
925	4962
1679	4463
2181	2850
4636	4928
116	1774
1679	4620
1686	2360
4248	4841
2260	3116
4775	5011
116	482
928	1108
1117	2013
788	4152
2974	5147
1984	3729
4712	5004
513	1294
2517	4200
898	1291
623	1732
1625	2972
2605	4539
942	4605
2931	4775
3157	3853
489	3853
2438	4478
1679	2092
3987	4119
2476	4620
2951	3116
2918	3486
1666	2625
680	3442
10	2615
3589	4798
1200	4156
971	4156
4326	4480
343	4306
1180	3056
1875	2362
1324	1704
343	3299
4815	5083
172	4530
2218	3370
611	4871
4274	4393
2428	5026
4530	5022
2724	2967
260	489
269	2427
246	4750
961	2871
1679	2498
3202	3866
116	2573
284	3100
1507	4328
2947	4156
1679	4243
2438	3987
556	2634
907	991
314	3370
1727	2101
650	1679
1167	4276
1679	3952
1538	1690
2270	4036
1202	4156
321	622
116	1385
958	4710
529	3853
854	4640
1292	1313
1679	2845
903	5004
1966	3860
269	461
1375	1726
269	3080
3352	4271
602	3255
1036	4415
1425	1537
230	4130
1334	3519
2241	3261
1034	2653
1991	3074
2171	3827
990	1679
3402	4962
1058	4383
2078	2605
2476	3352
2011	4933
509	761
1334	3747
1036	1430
1604	4399
674	4775
443	1527
1933	2605
1265	1679
1926	4156
3299	4326
1527	3850
1680	4156
1527	5031
1404	3116
803	1679
2124	4605
339	2775
544	4040
2177	2672
1604	1679
958	4723
1880	2820
920	3116
2835	3984
1567	2438
1362	3204
3116	3912
1679	3659
988	4219
961	2476
601	1331
509	2835
670	3122
2438	3731
3116	3690
1679	2647
509	4268
3559	4070
4244	5095
1544	4775
1543	1726
122	2517
1215	4480
4156	5113
92	4517
1679	1925
1430	1930
1110	2835
928	1068
313	4176
1590	2753
2351	3573
2584	4156
2118	2346
2303	4406
2573	3026
3096	3395
1405	2888
1933	4306
1131	4728
1679	2778
2605	4046
3116	3948
354	2181
2895	3381
1679	4712
4152	4220
2034	3061
347	4120
3610	4306
3797	4859
342	4589
970	5040
2625	5110
3116	4000
1679	2814
1311	1679
253	2216
961	2605
299	924
2230	3248
1679	3555
589	1679
2216	3984
1344	3694
3116	4547
205	1979
3366	4495
2584	5151
1679	3486
971	4544
3061	4905
1532	2083
983	1419
1585	3046
22	1159
1391	3694
205	1202
2987	5138
1674	2476
2216	2834
741	4156
1119	4391
1477	4189
116	3933
205	339
1679	4112
116	3464
1679	1839
2605	3139
2845	4048
1487	3566
1626	2947
513	3153
3116	3319
1454	2011
2047	3845
2179	4366
815	4506
4139	4319
970	2339
3147	4452
1248	1742
3006	3330
4271	4480
314	1413
3569	4554
342	1704
610	1532
622	3685
2845	4525
3639	3722
675	4070
1880	4958
142	3866
116	3214
4819	4958
556	3975
329	4329
314	1538
1119	1533
1679	5160
3202	4053
1679	2815
1061	3360
2731	4017
116	371
2653	3757
1680	4271
2712	3116
129	1113
1527	2845
314	698
2265	4186
1480	4405
985	4905
4340	4525
893	1933
1024	3143
788	5153
205	4357
401	2593
513	2650
313	1527
3116	3615
2118	5085
246	4728
4088	4943
1607	4962
4	1108
1679	2650
29	4882
1679	2930
4554	4798
3202	4480
1503	2835
848	4139
791	3237
2755	5108
342	1789
71	4336
1723	1755
88	4787
1679	2751
3704	4306
1180	4480
3414	3916
787	1641
4156	4871
833	1527
3518	4357
116	3090
570	1873
485	3717
92	1990
2835	3026
256	2216
867	4113
1230	4603
3107	4640
1962	2395
1679	3876
2951	4775
421	2850
1740	1750
1746	2003
361	2124
1336	2216
1108	3061
1679	1750
1679	3811
764	4326
1246	3476
2672	4130
361	2918
1525	1679
3116	3611
1728	2239
3116	4405
29	4640
1524	4097
5151	5154
116	3819
460	1588
3414	3913
192	2798
1527	2506
223	1679
2216	4083
1679	2455
1527	3826
1679	4696
4156	4253
773	2829
4602	4646
2385	3107
4232	4775
28	1351
2476	4416
1334	2199
1182	4752
2118	3730
174	2704
882	1828
1909	3984
591	3418
1113	3272
961	2835
249	4882
529	1976
550	3957
305	4156
1108	1525
3086	3996
701	1215
1294	2540
1873	1984
616	4841
1938	3413
2438	2774
1215	3810
3694	4233
4665	5147
418	680
1873	3559
1430	1527
1597	4095
816	1061
1812	4156
1157	1679
1733	4156
4091	4525
1674	3956
1514	2615
3783	4878
1455	4389
618	1108
254	3711
892	4059
2961	3827
1679	4841
361	1679
1979	2818
309	1966
1113	4775
28	4364
4461	4478
552	3067
3984	4525
1527	3175
326	3301
1108	2362
1770	2492
2707	4962
1139	1180
3395	3957
1679	4482
1341	4131
230	2362
1906	3837
1679	2224
1009	4141
188	4845
938	1503
1251	4694
2934	4430
2547	3984
651	2210
4156	4591
1679	3745
3317	4175
1679	5012
116	2417
1486	1912
2438	2746
942	2560
1695	3116
394	1918
1527	2041
4111	4986
1726	4189
1156	1405
116	5095
2817	5040
1633	3810
4000	4978
1139	4156
472	5128
3559	4201
26	4651
3202	4525
903	4962
1527	3190
2531	3987
224	2037
372	4301
5004	5151
1113	2417
1679	2690
925	5004
2118	4739
4156	4232
2260	2547
1487	3385
149	4271
361	1897
1584	2118
1477	1679
1690	4577
1890	3116
1180	1527
791	1892
1679	2169
88	4750
1105	2672
833	4271
269	3451
1726	1912
500	1840
1253	3381
2438	2471
1679	2956
703	1085
1494	2704
1147	1850
2216	2379
1502	3352
1679	2533
1625	5128
4091	5031
1150	1466
4369	4738
326	4775
3739	4580
3859	4932
866	4832
767	1679
1215	2755
894	4313
4461	4958
626	3326
3653	4249
1182	1856
1866	4480
948	3235
682	4958
2845	3175
116	4651
2031	3760
1294	2850
947	1502
375	4268
309	4156
3026	4932
2476	3578
2682	4962
3568	4723
1108	3752
1679	3327
2199	2396
862	2434
4070	5071
2605	4242
2720	4605
221	1215
1679	1910
652	2738
2224	2449
1061	4474
116	2814
2724	3269
811	3116
767	1755
4478	4526
2262	3213
4393	4728
529	3139
2835	5071
1613	2605
1351	3643
1679	3324
263	1112
2438	4712
1679	3967
3568	4787
4586	4958
116	4612
2115	3276
659	4493
3270	4538
116	1237
892	2118
680	3250
1454	2241
116	2277
1727	2812
116	2890
1906	4156
1679	2584
533	1685
3574	5085
1045	1537
1215	4739
3116	3831
4674	4907
2495	4364
6	2041
3768	4342
1294	1619
1679	4589
2704	2931
3995	4091
2653	4493
116	585
246	1667
2118	4525
1626	4261
151	4156
116	460
275	481
116	1217
2046	4962
1182	3261
2196	4775
343	4059
123	1645
953	1085
3376	4156
342	573
4580	4968
1113	4156
3267	4525
2573	4033
4364	4725
4091	4639
3404	3496
800	1426
3016	3081
1483	1703
1510	4605
2605	3277
271	489
208	752
246	584
4308	5147
2037	4656
345	926
1270	2974
1103	2449
1588	1636
2672	4319
4033	4053
265	3116
2417	5122
1021	2934
3047	3116
1273	1679
961	4620
25	2985
1782	4393
499	1285
1306	5128
1215	4989
2241	2672
3623	3739
116	3702
149	1215
1679	3843
2798	5062
2184	2690
2491	3401
402	3116
1270	4405
1840	5026
192	4583
149	1527
1640	2775
3413	3975
1113	4871
1036	3674
2951	4022
22	1725
1679	3330
4538	4958
570	4685
80	1679
3116	5062
348	4308
2934	3528
188	1215
1215	2303
37	4271
2254	3825
4059	4257
116	3486
284	800
314	534
1897	2794
867	3467
733	4962
948	1108
1390	4525
1590	3116
1477	2181
2052	3953
424	1679
1812	2216
1215	2497
675	1305
2347	2818
129	1891
3490	4805
953	2171
922	4478
230	3351
2605	2847
2973	3116
3843	4882
1979	3496
3810	4097
142	602
132	3361
3512	4399
1619	1679
1215	1679
537	1521
4120	4841
401	487
3226	4220
426	4763
2216	4526
413	2993
1108	1122
3116	3898
2235	2934
418	1061
159	3623
971	3754
2531	4958
1088	2531
2672	3501
2877	3837
1777	4301
1839	2385
1527	2974
123	2118
1538	2321
3307	4848
991	2310
18	500
1527	2347
116	2584
2216	4070
739	970
1679	4156
3686	4530
3116	4564
927	4107
2353	4022
651	4435
999	3674
803	2092
2718	4391
1313	5085
314	2918
1093	2034
1910	4417
787	1623
833	3376
973	1215
241	3116
18	3808
271	2362
116	3067
4603	5154
2798	4357
1679	1778
833	2755
116	2726
1679	4533
761	2124
3026	5068
2582	4030
491	4070
1839	3653
601	2011
3116	3353
314	4987
230	4841
1679	2753
3810	4252
1666	4932
1466	4503
1324	5134
1527	4661
1108	4750
1679	4289
2977	3105
116	271
246	2775
962	3625
224	811
2020	2909
2746	3004
2106	2259
1641	2385
890	2918
1215	4962
329	1527
3116	3894
2199	4748
2230	2582
985	2858
3816	4113
43	116
3785	4156
742	991
339	3573
1679	4172
2534	4095
221	893
253	4103
509	2003
116	1378
991	1748
3235	5084
3796	4461
192	4739
1215	1334
116	3135
221	4091
2511	3375
2517	2989
698	2362
1679	4791
2013	4156
1113	3433
92	314
2245	2653
1188	4070
2971	3381
314	1334
22	942
3701	4111
118	1503
374	591
1640	4393
215	1679
1533	5085
1430	3250
879	1679
255	2706
591	3840
1331	3837
367	4201
3418	4010
1159	4272
1679	4962
4863	4972
1265	3107
4156	4649
116	3956
841	1679
374	3418
1679	4242
2438	3836
1527	2210
1389	1527
2543	3116
4045	4817
1679	2915
700	3395
2918	4391
1477	4308
591	4644
1281	2820
1113	4593
660	4311
219	3116
1679	4803
4775	4926
4156	4778
2626	3768
2027	4848
2013	2100
2915	3990
345	3213
1623	4798
88	4336
800	4651
2438	3175
2628	4156
1740	4163
1527	3678
2394	3236
2653	4001
88	1202
2843	4506
3056	4399
748	4201
1560	1679
2844	5084
1215	4529
2277	2704
748	3261
4353	4775
885	4978
2775	4393
1674	5095
845	4706
1180	3717
2755	4480
3107	4554
1984	4910
2704	3451
118	4040
1679	4252
1191	3272
96	4201
1430	4525
1108	3843
2156	4412
3026	4113
4495	5107
2181	3414
1625	3615
542	1626
925	4580
116	4062
1527	3843
748	3237
1524	4480
4022	4819
260	2353
3116	3569
29	4770
1028	3951
314	1674
3233	3639
1679	3528
4242	4775
4775	5071
3116	4217
1866	2755
1097	1527
1839	3107
890	2672
1607	2858
2468	2672
499	5039
2617	4156
2843	4591
116	3940
1156	1727
65	343
3272	4752
2449	4040
1727	4711
1727	5149
500	1560
643	2496
343	1953
3231	4005
1679	4217
748	1093
1143	1426
275	2013
1679	2800
2652	4928
2709	4928
2492	4537
354	4156
1588	4399
1085	4738
2216	3853
1859	3302
1215	4546
1466	3272
1122	4156
931	1313
3261	3719
1475	1880
601	4252
35	1947
2912	3686
1404	2684
2920	4352
2769	3810
1108	4399
3974	4209
903	4129
1679	3131
4020	5159
221	4399
601	928
176	4134
1360	1679
556	3840
637	3376
1215	4714
1192	1679
1527	3317
869	1679
4271	5033
88	2912
618	2362
1679	3211
928	3752
4156	4435
1454	4525
116	2280
2605	4018
413	4301
260	958
902	2476
4876	5128
270	1947
2805	3272
2203	4674
1324	3742
413	1221
1113	1426
3797	3840
3501	5062
2013	4775
1537	2829
314	1296
88	2835
1679	4951
1679	1889
4588	4819
2650	2850
3107	3589
1502	3503
2775	5031
71	2041
3247	5068
1261	2672
1143	1331
3395	4978
786	4405
1180	3116
569	3116
2947	4775
922	1742
1861	2796
928	3866
2040	4941
946	2684
2310	4878
1727	3358
1670	5113
3236	4763
1752	4672
1640	3717
4848	4978
1679	2310
2069	4201
151	3395
1667	4752
460	1725
313	3103
914	1108
1340	1636
3725	4962
2216	2234
2774	3766
2377	2931
877	3664
188	361
4321	4664
591	4525
1058	5108
4408	4962
154	5062
2210	4525
2175	4156
1167	1679
255	4110
149	4156
2092	4656
460	2438
1429	4928
1537	3953
1984	3445
129	1527
1679	4752
682	1334
116	3908
2875	2934
229	1527
116	4035
1093	2585
326	1912
2307	3742
116	172
1726	2725
1472	3747
2845	4406
4347	4775
299	2142
1092	2918
637	4827
106	1993
1679	1901
2605	2797
268	5004
928	3518
151	815
1014	1243
339	4111
3191	4156
1686	4315
1068	5004
116	5070
1993	2216
2959	4778
2992	4932
1948	4619
509	2362
877	2288
1679	2351
448	2625
529	4962
1679	2848
269	1619
1202	1679
1679	3513
1088	1679
2266	3056
2066	4478
4326	4667
923	1537
1108	1172
343	3105
1085	3083
1679	4591
1484	4206
3197	4962
2011	2835
513	3977
332	3796
4119	4156
221	4863
618	4326
1728	4775
313	4242
1533	2704
1991	4962
200	347
1215	2410
339	343
1679	4845
1527	1566
800	1430
2625	3797
2877	3261
2835	4646
2216	4111
3414	3836
116	846
1108	2547
22	4175
309	4928
394	873
1680	2653
2310	2934
3872	4775
2690	4070
479	4271
2912	4943
787	1839
2743	4958
3157	4480
1192	3002
1732	1891
2726	4461
513	1253
581	3479
3522	4775
2993	4478
2344	4070
2996	4308
2593	3779
739	1679
1372	2118
903	1306
3006	3056
221	1034
246	1679
357	5035
1058	1679
4053	4274
149	443
3116	3450
347	1984
1503	2210
1752	4163
1866	4156
1726	2589
159	4406
1182	1331
4357	4480
716	2351
557	970
732	3361
1679	4192
1324	5151
3573	4389
92	3012
2858	4114
276	4364
193	1727
604	2360
3350	4882
2917	4603
1113	4474
269	4275
1679	3352
2224	4711
1679	4922
1674	4752
1032	1679
2027	3586
2534	3116
1512	1527
2329	4525
2066	2934
867	3201
284	2768
116	765
1947	4336
923	5062
1980	4315
1215	2915
313	3636
1460	2018
4962	5041
1150	4156
3116	4717
4113	4538
276	3931
313	5159
2994	3026
1585	1912
1113	1527
573	1704
149	2653
2118	3267
1679	2284
2522	3557
1477	1667
1215	2261
2582	3715
3201	4326
225	3116
1473	2605
4131	4201
1455	3589
1782	4033
903	1679
116	2260
859	2798
1770	1926
2704	5149
4113	5034
270	2438
3496	3573
4763	4962
3503	4181
3339	4156
585	2290
2471	4525
1936	4156
305	4367
370	1679
2245	2438
1679	3877
1108	2306
1280	1527
1108	4905
116	4426
116	767
550	1598
10	960
116	4656
1873	1987
116	133
2181	3086
2311	2335
1726	2417
18	4593
948	3369
1679	2741
3555	4962
1351	1527
763	2118
1429	1912
752	2220
1640	4088
314	3247
294	4386
618	4274
4001	4156
2230	3175
2438	4364
4053	4943
4110	4156
1430	2078
1952	4156
1679	3820
970	5011
1940	4164
4113	4496
4962	5101
1510	4271
1923	4271
923	1679
205	4271
116	4499
1873	2547
611	4932
4315	5132
1726	2963
2492	4926
159	1679
3237	3754
761	4070
202	2716
229	1113
1074	2704
1679	3310
192	4286
4033	4986
652	2216
28	3493
1752	4955
132	1660
287	4306
529	2269
2625	4529
3684	3851
3204	4461
4480	4934
421	1679
448	4544
275	4220
361	3783
52	622
329	1537
343	4949
2633	4156
1267	4978
1679	2755
2625	5095
4271	5128
788	1180
284	3853
2514	3116
2347	2918
1933	4070
116	438
3257	3794
2653	4962
339	1722
3678	3796
1107	3116
314	2091
1923	2041
4530	4542
391	4097
33	3061
4547	4986
3639	5026
1206	1679
1215	1331
2438	4461
2230	2739
1251	2593
2420	3032
2835	3025
1679	2899
3730	4954
2835	4525
116	3682
570	2746
1640	4033
1537	2197
1113	1652
513	1493
18	2823
2118	2818
134	4156
3672	4752
3586	5040
1130	1679
1364	4775
2752	3116
585	3731
1428	2118
2230	4734
921	2013
591	2335
2214	3513
788	4393
314	3490
618	970
3600	4156
3067	4035
2265	3711
149	751
493	2918
1897	2492
918	4962
248	1215
2605	4023
2755	2775
3116	4941
2470	4282
1202	2142
1679	3046
3233	4976
940	2839
1912	4646
122	4315
1679	4603
1742	3330
703	3233
1527	3602
116	154
826	2918
4525	4941
2613	4819
1679	4780
449	451
381	3538
1108	2130
404	3974
1679	4306
1598	3198
3432	3982
88	3847
1093	3237
4525	4646
6	4156
3067	4651
952	1679
3810	4435
4525	4863
2438	3589
1215	2993
1636	1953
2605	4746
1451	2929
3215	3864
31	1679
4095	4815
92	3307
680	3984
1679	2980
1679	3381
2625	4768
1525	2495
192	1260
132	4156
1623	3589
732	3413
116	4617
2901	3493
1333	1740
116	1454
4317	4962
314	2677
1092	2718
509	4580
3851	4156
740	4775
2027	5154
3299	3493
748	3061
2972	5062
205	1180
1058	4053
3340	4386
1180	4934
2236	5095
202	1679
1466	2835
1057	1679
1527	4463
133	4962
1527	2266
1454	1679
92	4316
610	690
2456	4163
1679	3069
230	1933
174	961
116	1725
2253	3261
343	1604
1679	2270
1172	4181
1670	4433
255	1625
391	1936
1646	3272
1512	1679
1430	3512
698	2605
1032	3107
833	4033
1134	1187
3925	4365
1146	1712
230	3649
581	4984
1024	4726
947	1094
1679	4240
1167	2447
556	3610
1527	1966
4364	4685
1543	4364
314	4464
3100	3175
504	3336
343	1679
249	4674
2850	2974
474	4156
3352	4962
149	3202
2511	4036
3458	4480
1679	4657
2537	4525
339	3289
2768	3501
2901	4882
788	4326
2818	4538
578	4723
3566	3747
485	1679
65	3116
1092	3486
1679	4466
116	2533
2755	4728
3319	4580
595	1679
1459	1679
4364	5144
1679	3239
1839	2593
1202	2270
1991	3414
221	4525
361	3317
2934	4130
1215	1979
3566	3754
2835	4750
3418	3739
92	390
907	1679
1679	3704
200	3116
1625	4156
460	4152
961	2118
2261	2889
602	3715
1063	4405
1679	1812
1283	2492
2264	3116
1679	3946
1722	2672
1872	4958
1626	3351
1119	4646
2216	2349
1068	1119
1598	2145
1389	3116
1979	4728
1035	1527
3573	4727
1861	4059
1679	2239
1112	3956
2181	3116
116	1940
1164	1679
570	2985
4088	4934
25	462
787	2704
25	2310
3202	4271
2068	3412
314	3556
313	5099
1117	1248
2078	4156
1607	1679
1679	4386
361	4112
1524	3006
3006	4674
4393	4962
3357	4728
833	3357
751	1058
2495	2852
1525	2216
3198	3742
611	4271
485	652
343	3703
3435	5026
4458	4962
3474	4271
92	2985
25	2755
46	4738
1454	5062
2030	2770
489	1108
3860	4787
3361	4941
1947	4764
400	3032
1187	3116
3242	4156
2625	2930
570	4544
22	3612
284	462
4130	4770
629	5062
3568	4735
116	5003
1462	4186
1560	4156
1113	1667
291	1732
1136	2040
1644	1679
88	1679
2379	2835
716	1936
116	3570
1911	4988
1873	4231
1477	1527
1727	4369
928	3157
451	3413
2482	4664
584	1873
5	3262
3201	4033
5063	5122
2269	3105
1324	4603
299	1670
1679	2237
2798	4934
1253	2040
171	4209
3810	4474
3116	4640
1036	2726
3512	4711
77	1619
866	2181
1775	1979
193	682
4156	5068
2918	5062
28	345
404	2625
132	4308
1679	2970
924	3602
343	3496
262	3116
2180	2704
1113	3493
2725	4882
4033	4876
1770	2535
3015	4165
3116	4315
3116	3167
3116	3186
1527	1746
912	4036
3282	3877
2798	4271
2909	5004
343	3864
413	2972
991	2415
2438	4372
4040	4943
339	4863
2118	4740
671	2951
1460	1532
3992	4962
1930	2726
1028	1873
2241	3566
1426	4129
2287	4156
971	1777
322	4752
415	1679
2798	4033
1679	2027
1679	2165
2118	4473
958	1679
1108	3067
3250	4775
2970	3051
1537	1912
2799	3602
1906	3237
1619	4651
637	2078
751	2082
1180	1306
1966	2889
116	2398
1435	2585
3538	4201
4110	4272
325	2967
893	2078
1679	2889
3724	4001
309	1324
1462	4905
742	4775
2199	3786
1740	4198
1171	2030
92	742
2835	4949
322	4113
938	4605
247	4458
1727	2169
126	4798
2985	4685
1187	2546
1382	3116
1527	4241
873	5060
680	3430
862	2456
2254	3131
255	4525
159	2768
1537	1597
149	4091
1722	4843
1727	3350
142	2625
374	3336
3262	4700
1670	4033
1425	1679
1503	2799
247	3950
1657	4308
700	1873
3208	4984
330	902
208	1679
1524	4651
1641	4962
3451	4499
1527	2465
1117	4787
731	4033
2216	4529
896	1215
1628	3176
2145	4406
1679	3831
973	1679
896	4478
314	4585
3586	4336
2026	4156
284	3614
1742	3586
2774	3201
2777	3116
249	4989
2672	4040
2339	3270
2934	3317
990	4523
1537	2201
2410	4129
4113	4594
570	1215
246	4156
1893	3586
1640	3995
1679	3461
2239	2434
1606	4156
3995	4827
3072	4928
926	3810
898	1800
247	4809
4033	4088
2755	3941
2011	2506
704	1725
22	3501
116	4981
1058	3245
1679	4130
1145	2379
1486	3501
3101	3105
1679	4772
893	4113
3866	4088
309	3198
1953	2817
1800	4603
2199	3012
4585	4939
3501	4040
1679	3987
960	4871
2196	2834
4728	5068
1679	2233
2607	3116
1897	4012
209	581
1750	3974
3116	4891
116	5015
314	4339
751	2775
2918	5085
3754	3951
256	1679
2256	4252
1455	2434
2628	4271
1306	4876
116	958
1058	4986
1777	5068
1068	2269
3253	4156
1113	1764
973	4110
751	3496
205	2078
791	2838
269	2667
942	3607
1164	4156
1397	4775
1888	4978
942	4620
1584	2835
88	4271
2347	5085
4156	4593
517	4759
1182	1679
4129	4156
971	1679
773	4962
339	4547
22	898
4271	4393
1273	1818
2918	4156
3739	4201
1626	4539
773	4129
913	4525
2034	2877
2625	3047
1419	3361
151	3131
116	1458
907	2746
1727	4097
1627	1679
2605	3059
1108	2203
1306	4480
1454	4905
1108	4389
1679	3832
3095	3116
3116	4163
1215	1510
116	3524
921	1598
1507	2214
173	3116
11	3086
3433	4525
1112	4882
925	1150
748	1906
4267	5041
3870	4271
1679	2307
2835	5107
1215	4637
142	2290
2027	3639
3116	3361
1136	1965
1477	4487
65	2495
159	2695
623	2547
192	3735
246	5031
1117	4976
4156	4734
3701	4580
2394	2438
2471	2799
254	2706
1113	2769
3757	4022
1782	4827
3116	4415
371	1679
2349	4070
1742	3366
970	4301
493	2118
985	1722
215	4775
221	443
2362	3418
953	1892
1679	1742
88	2615
3568	3847
1752	2682
2517	4551
4024	4274
1726	1938
1666	1873
2605	2930
924	1566
682	2216
2643	3208
113	1679
1147	4674
221	339
584	4770
4271	4581
2534	4717
4134	4311
4095	4347
2389	3116
2177	4045
2850	3636
1873	2645
3116	5071
854	3451
2216	4097
581	2850
2694	2834
116	4267
928	3067
1001	4525
3492	4326
174	4245
3357	4775
2605	5071
550	4083
1092	1679
1543	1727
2269	4156
1752	3272
1750	4308
3711	4186
2118	3841
29	3810
2438	4840
88	2871
4819	5015
361	1291
1679	4961
116	421
2850	3167
2034	4728
3116	3404
2672	4646
1391	4525
116	3685
725	4156
4111	4775
230	1679
1215	3339
1948	4620
1670	4934
2746	4151
2259	2511
1636	1800
4405	4495
1679	3663
2686	4962
356	1679
3493	3963
4364	4819
1239	2216
1889	2199
1679	4809
2118	4981
1108	3980
2929	2956
3754	4560
1435	1679
1679	3689
3526	4156
879	1172
1679	2605
1218	1679
381	1187
2012	4156
449	4950
1122	3317
2835	4640
2118	3202
2674	5041
2385	3589
1679	2560
690	4271
3361	4459
2031	4972
2177	4156
816	2386
345	3175
780	3859
3199	3277
946	1382
637	3995
1313	3301
222	4819
2605	3853
2817	4250
914	3153
2528	4554
1113	1414
861	2704
2517	3665
2726	3235
732	3603
542	4271
3116	3566
1850	4962
1193	4958
817	4962
2348	4758
2918	3116
739	4622
2295	3825
1108	4139
4033	4674
1679	2410
3786	5122
3116	4463
701	3236
230	1626
2311	4775
3116	3745
1527	3668
970	4336
601	3566
1525	3780
785	4070
1117	4819
3179	3366
448	3026
2030	5040
2118	2658
326	4558
1503	2818
116	978
1525	2496
255	1527
1248	3860
1108	2573
903	5011
2071	3674
2438	2835
1906	3004
2901	4030
1061	2755
345	1061
761	4240
2650	2835
252	1774
1134	3308
448	4110
116	1633
116	4803
1661	4863
2410	3095
358	383
3860	4083
1105	3566
851	4156
2715	3116
761	4882
2909	4962
913	2118
2290	2347
1345	3534
3026	4389
92	2216
1613	1953
343	2753
391	1872
2835	4478
3496	4727
1825	3100
129	1072
4113	4533
601	4696
2798	3191
2877	3754
174	2260
314	2448
92	926
2183	3116
4036	4156
931	2972
1215	4841
1460	4855
3518	3853
1248	5035
3116	3696
2236	4010
2027	3674
3708	5015
2547	4584
269	425
1045	4033
1021	3747
4130	4775
1679	3049
3200	4821
973	1510
1063	2625
116	612
1527	2769
846	2052
314	2724
28	3757
1873	2973
116	2600
400	4871
2145	2303
861	1455
4035	4473
725	1105
275	3864
1283	4151
489	4871
1537	2534
3810	4791
230	3069
2605	4066
982	1984
3350	4156
3395	4133
159	4110
1585	2366
1187	1679
3116	3458
893	4077
249	1527
248	1633
1866	4943
629	4391
670	3116
2303	4415
25	1926
269	4525
2727	3768
116	4891
3853	4274
500	4523
171	533
3107	4139
1953	2605
246	4271
1641	1839
4353	5062
3352	4156
443	3754
1215	2738
956	2983
85	4156
116	4798
1727	2934
893	1866
2071	2615
481	550
1840	3405
22	4271
2027	2438
1679	3715
2106	2582
4271	4364
2496	2852
162	4165
1527	5115
1775	4583
1313	4240
1679	4115
700	2852
1524	4943
1984	4201
2989	3272
374	1390
866	3653
116	738
443	460
3568	3649
4045	4091
3853	5128
2321	3116
3435	3674
921	4759
314	5068
343	4752
2835	3413
3116	4858
112	1679
1215	4113
2041	4113
1680	2755
985	3385
3153	3884
29	116
971	3586
1856	1872
2643	4118
2118	4646
1679	4458
155	1882
2118	3870
88	5040
1892	4764
1457	2934
3669	4254
1872	3503
3747	5113
2347	2835
1776	3026
2930	3493
848	3686
322	3116
1625	1948
794	1537
4872	4926
3202	4156
1215	2456
2042	3703
787	3589
1296	2934
43	948
314	700
1839	4962
129	2118
2692	3237
1666	4962
1454	3385
623	4151
2245	5062
2216	4640
92	4059
1953	2584
928	3404
2027	5011
928	1679
690	3116
321	2229
3925	4496
4364	4529
1510	3694
591	1119
1641	4381
1215	4455
3275	4156
2794	4962
65	4882
330	3442
30	3810
1866	3202
3116	3434
700	4737
4156	4841
2011	3573
1001	1875
1281	4523
2339	2800
1966	2934
391	1679
309	1953
550	3116
33	3672
2798	3474
364	546
2838	4156
1270	1679
685	1679
2875	4201
2438	3853
898	2676
1306	3474
269	4046
58	4740
381	732
622	2643
275	1728
357	4185
1679	4581
1527	1609
188	2628
2236	2934
703	2377
920	2582
3586	4461
2465	4558
1147	1679
2800	3825
2573	4252
1679	3262
1333	3974
788	1527
1432	2996
983	2245
2653	4986
610	3116
1305	2040
366	452
260	3708
1661	5031
1286	4156
472	4934
192	4644
2216	4351
2625	4097
1527	1532
96	2625
35	1897
3116	4538
1147	4646
2438	3722
284	4113
2118	2823
116	4043
1984	3503
732	4758
2522	2934
299	1626
882	2617
3116	4363
4311	4412
2975	3700
788	2755
1560	4819
2349	4406
1331	3501
573	1159
2216	2972
116	1587
1756	3442
3866	5153
3107	3319
3717	4752
22	2438
2605	4544
584	1626
360	1679
241	4207
4066	4775
970	4156
347	4976
2011	3957
2395	2430
4113	4962
1036	2216
1454	4271
1949	4241
4474	4962
348	3116
591	926
1750	4077
2277	2414
1139	4525
1215	3602
742	1313
973	3843
2287	4758
1406	2496
1144	3231
307	601
591	2703
716	1679
2260	2438
1275	4131
246	3602
1215	2531
1503	2560
116	325
3116	3626
898	4252
2985	3116
854	1527
2822	3116
269	1527
2912	3299
2210	4775
1989	4114
781	3116
3688	4048
762	1215
1521	4505
65	314
1933	2959
4113	4271
682	3669
118	1085
3904	4962
867	4876
1473	4775
188	1679
3404	5107
959	2605
1061	4018
4070	4554
1108	3573
230	3462
4752	5138
254	4186
1679	3002
1527	1743
2755	4271
1215	3369
4958	5004
876	1267
3783	5026
763	1588
394	990
2210	4271
2118	3250
1626	4928
1679	4661
722	4560
958	2727
928	4882
3468	3573
2310	2834
2269	4547
2156	3270
752	3067
1306	1524
1428	1527
116	533
391	1980
2438	2507
1782	4480
209	1014
3780	4752
116	861
280	1679
374	1215
1585	2465
866	3230
1306	3685
534	4841
1667	3493
1645	3925
142	2216
3866	4972
833	1866
1679	2873
1679	1704
3708	4220
1679	3265
1192	4113
149	4779
3744	3840
421	2797
339	2269
1306	2798
4	2438
731	1661
3898	4467
209	1265
2020	4156
752	4231
1527	4817
1679	2011
513	1243
2605	4130
691	1679
343	1667
116	3696
618	1428
3247	4583
1979	3352
2828	3710
58	1636
637	1640
2466	3116
570	4872
452	2438
305	1679
329	3739
1094	1108
1117	3860
4045	4480
1034	4872
1451	1717
4245	5026
343	1800
1326	2625
3101	4871
1105	1872
485	1527
106	3722
4045	4972
1527	4207
28	1215
2769	3116
3095	3103
493	2216
1180	3474
252	1527
1972	3116
1036	5084
1626	2691
1679	3000
4493	5108
1979	3267
1333	1432
1499	4563
1009	4386
926	1679
2835	4240
2136	4156
2880	4156
1679	4214
1430	2013
1454	3837
650	2605
803	3409
361	2743
788	1313
2726	3369
2844	3696
2216	2686
116	913
2055	3840
269	333
1976	3739
1331	3320
1454	2852
3116	4712
88	3677
1679	4003
1527	1680
3366	3493
1947	2746
960	5031
1723	3864
732	2262
3933	4383
759	1527
2013	3369
4707	4800
903	1609
1430	3351
11	3695
1202	4357
339	4480
1951	2347
2142	3034
116	1445
2835	4651
329	2199
3442	5060
4393	4538
1122	4271
680	894
4580	4695
33	2241
1640	4480
35	4201
443	833
664	1406
1537	3358
364	1215
2540	4962
2055	4764
3704	4308
88	1633
116	4257
116	3216
2522	2605
1679	4622
581	2214
364	3272
357	2438
1679	5132
192	3116
159	2596
25	4206
269	3977
1875	5122
1147	2339
116	3265
1527	2514
3760	4696
3638	3780
542	991
116	1666
3415	3573
4819	5057
3211	3270
1679	2799
4971	5122
3330	4131
1979	4156
314	1755
2624	3272
732	2909
3443	4622
773	1679
1679	3465
2414	3953
2890	4461
671	1679
3226	3366
3760	4091
1679	5051
2065	2216
1195	1679
1061	4962
652	4151
31	4270
1947	4932
3198	3957
3953	4368
116	278
536	4533
2684	3685
1679	4855
690	2245
1180	2078
2835	3925
3840	4097
1679	2823
116	3913
268	637
1119	1527
2438	4860
1113	4972
2142	4934
377	4070
3116	3513
1100	1679
4335	4775
2078	3995
3233	5011
970	4544
2277	3840
252	1679
983	4758
3791	4556
116	4775
2582	3116
2605	3352
925	4120
1527	2130
1281	4775
4775	5095
1872	4560
2241	3837
985	2393
1679	3808
1679	4480
3612	4837
3810	4254
2142	3685
2617	4694
643	2379
1215	1340
116	378
345	4364
4067	4603
2465	5144
58	2310
2157	4059
1531	4406
1679	3271
2395	2774
1873	3820
2216	3024
1679	4389
1527	2977
1527	4306
2130	5090
877	1674
2466	2667
2241	3237
151	5095
116	1679
1679	4646
116	4671
3116	4750
443	1270
1750	4156
846	1679
1679	4605
926	2605
2613	3211
31	4156
2216	3433
2746	3302
1009	2230
116	4329
1085	3747
28	4368
2438	4954
928	2030
1726	2218
230	893
833	4480
455	3747
4053	4493
2605	3932
3616	4156
116	4763
116	2026
878	1984
866	901
364	773
397	2149
3847	4787
4152	4389
903	2311
2216	2934
2142	4088
2667	4458
462	2118
500	5026
1139	1923
946	1525
509	3612
1313	5062
1028	2605
1679	3865
29	1727
309	4711
2912	4053
176	1243
3703	4860
443	1108
2844	3235
1527	1612
489	4156
2835	3722
1760	2287
860	1800
1368	2260
116	2091
1938	2470
3825	4206
3099	4775
2385	4798
3704	4156
853	3694
22	1454
88	1391
1679	2306
1294	2466
1722	2585
314	4635
1727	4714
2279	2605
2724	4649
3837	4560
2396	3449
116	509
920	5042
29	4070
132	1527
1679	4981
529	4493
1609	4809
1235	1531
2216	4242
3486	4156
3116	4697
1024	4321
1679	2389
309	5004
893	953
1667	3377
3105	4169
1306	4651
2775	5153
4156	4387
173	1136
1679	1978
3586	4383
4336	4750
2835	4644
3116	3834
1936	2360
401	999
1945	4163
3780	4775
1215	2901
731	867
30	2899
1454	4981
451	1852
294	4435
3747	4316
313	3984
4503	4962
1623	1641
1313	4415
1248	4763
1818	2690
1527	2902
4525	5115
142	3496
2303	2817
970	3435
2216	2417
33	664
3995	4972
1291	4077
2346	4525
88	4107
162	4206
149	1640
2303	3810
2845	4156
866	4867
92	2417
3116	4517
2459	4798
2362	2434
345	4525
1419	2438
424	3116
532	3122
205	1215
787	4554
1620	4209
1679	3739
1906	2605
58	500
4674	4863
2118	4654
1477	1740
1113	2748
1034	1873
704	4156
2531	5015
4301	4958
2522	3760
1460	3742
2118	2928
2593	5110
2277	3233
1527	4695
329	4308
1679	1695
367	4928
2118	5115
2389	4433
1139	4863
1527	1588
833	4818
1306	1866
3821	4458
2459	3587
2197	2216
2917	5151
1604	4156
2972	4932
313	1108
1215	4711
1558	4775
1892	1947
1122	2653
833	3995
314	3464
224	2459
667	866
2560	4662
1035	3116
11	2171
2605	3115
275	1598
171	3116
803	3493
116	3503
2118	2514
1405	1427
1873	1966
2731	2834
33	5153
991	1000
2031	3405
1717	2407
2858	4840
1046	3116
1058	1122
2796	3366
1588	4040
983	2593
2041	5153
1679	3771
800	4775
1305	2468
3116	4819
633	4417
2307	2593
339	3116
1182	1487
116	2262
1679	4383
2199	3227
2153	4495
1679	1960
53	2605
116	3620
2270	3202
1119	1313
1120	3685
3870	4405
2615	3674
1679	3665
2823	4329
151	4580
1139	4943
3289	5108
3116	3492
314	2625
43	3696
2055	3616
3116	3754
1113	4932
116	2824
2438	3866
1607	1789
2142	3866
493	1147
732	2385
4220	4461
252	1061
489	602
649	1182
4594	5122
361	1590
162	1880
698	1873
4035	4399
1679	2348
2224	2438
116	1437
295	1679
3116	5057
2835	4461
1846	3573
2199	4776
188	2887
116	4275
1159	1679
2142	4301
1679	4230
1641	3589
3639	4819
134	2716
2174	5062
116	370
4580	4882
1061	3810
1873	4525
1120	2835
421	2582
1243	4950
1215	4819
3496	4630
151	4151
1527	3984
3747	4187
1933	2438
2438	3672
1419	4070
116	2438
460	4271
448	2701
1726	4945
833	4053
1674	4987
1057	4962
92	1746
3622	4156
1640	5031
690	1527
3223	4321
30	1667
3676	3778
4088	4113
970	3249
1336	4775
2184	4775
246	833
1760	1897
1537	4210
4018	4163
4357	4981
25	2738
4156	5039
116	3754
2030	4120
3105	4525
4580	4907
1139	3995
800	926
30	3366
1800	1854
1607	3864
3110	3633
504	1294
2775	4473
1746	3116
848	2996
343	1028
2216	2709
3231	4750
2496	5095
983	3182
1679	3004
3116	4091
3493	4752
845	1296
3859	4845
690	4962
116	4994
846	3449
222	4091
505	3116
1180	2775
1180	4357
129	4156
942	961
1679	2379
3317	4962
200	1679
3237	3501
890	2613
4070	4515
1487	3261
1145	3116
1679	4983
3866	4326
2438	4776
3987	4586
1679	4810
1466	4271
1667	2993
1619	2216
925	3984
2414	3081
4067	4311
401	4156
1742	5122
664	3685
355	4525
3289	4053
1932	5153
2385	3414
716	1533
816	4036
3757	4001
1426	1607
3849	4181
1382	1527
2142	4097
901	1839
1270	4728
732	4156
776	2216
618	4473
2394	3116
788	3056
205	4045
2774	4271
1752	2593
452	1324
1679	1951
2582	4872
1679	3197
253	3116
88	5011
1679	2812
504	2040
3061	4271
2153	4480
4399	4827
560	3963
1202	4271
1113	4971
4091	4827
116	4927
1680	4480
254	255
1679	2388
1251	3341
1679	4364
172	3116
4525	4740
4306	4928
205	924
509	3414
4	629
788	1524
939	2672
1310	1679
1627	5035
229	3027
4156	4972
738	2468
2989	3503
3105	3199
1679	1735
1251	4217
891	942
1679	4361
1313	1527
1537	3797
649	1872
404	1679
1215	3851
1164	2239
149	4728
3208	4458
4003	4775
1952	3116
517	3860
455	2216
1094	4326
230	3067
4495	5011
275	1215
618	1286
1544	4070
116	3451
1034	4111
2755	4986
4605	4662
2549	4580
833	1180
3783	4156
1349	4775
2224	2814
1172	2989
88	3026
116	959
3026	3493
2097	4156
2321	4577
1391	1527
3116	4227
1404	4268
3925	5068
3330	3402
1948	5083
230	3450
309	912
529	4053
704	4272
333	2850
1619	1686
2875	3768
4311	5151
3116	3289
3704	4209
1306	4181
348	4404
2052	2396
971	4271
1333	3603
2959	3768
297	3395
751	1108
1112	5095
3054	5083
2438	4200
1679	2203
2517	3503
1727	2234
1113	1933
4201	4336
4201	4452
716	4389
208	652
833	5108
1626	1679
88	3722
991	4114
3116	4930
942	2216
299	4326
2438	4819
2018	4328
2260	3471
1527	3152
1678	2694
3456	4156
1598	3742
2438	4053
3987	4819
2360	3782
3299	5128
942	2245
1215	2781
1653	4775
1980	3782
3116	4309
1094	2269
1430	1670
2934	3139
3295	3925
1648	2474
742	4962
1527	4124
670	1251
1537	4034
1086	1246
1527	2005
859	3202
1402	5095
560	4024
2934	4231
1283	2677
1679	3062
2617	3845
1640	3573
1215	2743
2901	5088
2918	4646
1145	5095
2417	4070
116	2379
2270	2798
2266	5088
2934	4539
2775	4156
885	4362
1117	1633
401	1609
1477	3603
1092	1119
248	1613
1936	2517
624	1679
2027	2993
1938	4156
1306	4972
452	4605
88	4819
127	2871
1527	2947
542	2605
983	4181
2145	3742
1679	3174
1679	3492
4336	4764
2241	4763
241	4949
3116	3832
116	1425
246	573
171	4525
3908	4544
1094	4478
2041	4156
1584	2011
1269	5095
1667	3797
1215	4584
220	983
1028	4185
690	1679
732	4249
1948	2470
249	2752
254	4546
269	3167
731	1670
2245	4538
1159	4406
462	1679
1800	2584
1789	2230
4018	4725
343	4776
823	1061
2532	3603
1331	2241
326	1679
3186	3381
351	822
4544	4872
95	3004
1679	4758
2506	2726
1430	2434
1679	3595
1430	2959
3821	4308
2476	4271
1641	1991
499	1679
2153	5113
2245	4962
2329	2362
866	4308
3101	4252
1143	3476
2377	3100
116	2457
116	4272
1430	2236
291	4932
3202	4091
1487	4560
3866	4480
354	901
581	2797
1333	3012
2514	2594
1105	3501
448	3047
532	4212
2216	3069
2338	4435
3825	5107
1679	4939
1585	4493
2812	3840
2031	2438
698	5128
1537	2178
970	971
116	759
1952	1991
3953	4775
978	3974
4111	4473
2031	3351
1094	4156
1892	2835
1202	4478
222	2755
1430	4478
1537	2216
1122	3724
4156	4306
2845	4538
2835	2871
1113	3636
914	2410
1641	4554
4053	4827
1866	4972
1139	2078
1406	3685
92	2199
205	3589
25	1279
983	2835
1774	4467
268	2348
1113	2298
1585	4558
1120	3995
744	1679
1244	1679
780	4156
2177	3863
474	557
3166	4725
513	1167
343	4035
116	253
116	4174
1085	1525
3056	3757
2142	4863
3866	4827
314	2887
1679	3302
896	907
2835	4503
3180	4890
1192	3354
1789	2118
4041	4637
2118	3190
1085	4129
1034	1679
2245	2582
116	268
3405	3639
3911	4775
345	3810
3034	4111
211	1679
2676	3116
2153	4033
601	1723
3708	4962
2003	3952
1619	4070
3003	4775
971	5040
2746	4156
4113	5128
3352	3984
1679	3148
116	3341
443	5128
205	2037
1866	2775
2835	2974
1527	4954
1679	4244
4271	4391
1527	4035
1840	3685
2216	4563
2753	4209
2402	3261
1215	3700
1270	2078
3116	5042
633	2951
92	3739
4081	4156
1462	2402
2746	3166
1679	4354
1679	2993
928	3201
361	2389
269	5159
339	5031
3395	4928
2507	4537
452	4386
1294	4640
1976	5083
1722	3100
116	1129
449	3116
1679	1680
1597	2605
3866	4274
4696	5152
193	4077
116	3334
247	2118
4091	4399
22	3093
2852	3685
717	3724
2362	5128
88	3404
3722	5026
2496	4404
150	1331
2430	4321
3116	4734
885	2834
2169	4035
1699	3116
2835	4035
4134	4152
4386	4435
3116	3190
1893	2835
763	1068
2216	3139
529	1912
1503	3176
2216	4189
517	1036
6	1527
4271	4357
1537	1948
347	2476
230	991
4181	4315
2118	4156
116	4868
2118	3865
4351	4775
2260	2704
1133	4023
2226	2438
1909	4156
1333	4156
4113	4750
88	5004
2011	4905
1246	1679
102	397
659	1679
1039	4405
3351	4577
2291	3231
788	4156
2181	4798
2101	2216
529	4156
2625	4640
1333	4189
171	1527
1058	4859
1260	2818
1525	3116
903	3105
1679	3361
833	3717
1108	1533
899	1679
868	1261
1521	3116
1215	4949
116	1652
451	2874
1510	4958
946	3153
1215	5062
868	1429
1756	3116
1679	3414
4000	4070
2348	3361
134	970
1911	4939
4863	5113
1640	1866
2585	3678
255	4372
838	4156
1679	4330
749	1679
667	3704
26	2153
127	2746
484	1056
116	2241
1679	2869
1535	1679
1533	2118
1679	5003
1936	2216
116	962
991	3456
173	3208
866	3463
2755	3866
3711	4372
2961	3116
116	643
1527	2690
2306	5052
1697	3990
3186	3538
926	2703
1679	3573
3607	4156
1598	1704
271	1113
1056	2496
1191	4308
88	1777
2931	3982
1640	2438
3863	4152
2216	3894
1872	2672
314	5095
1202	1306
1653	2216
3107	3153
749	3381
332	2329
254	4306
116	5049
890	4740
224	2181
2517	2747
116	2367
4010	4580
1679	4924
704	1105
1626	4815
509	3418
550	5052
3992	4201
1737	2376
2755	4399
2438	2753
3984	5004
983	4752
1679	3708
2153	4357
25	1035
2589	3116
2362	2847
3724	5108
991	4452
2582	3158
2628	4091
790	2306
2471	3757
443	2775
2214	4580
309	4067
314	2376
116	1341
971	1483
2260	2959
1430	3866
701	2438
2210	4958
241	2835
1667	1679
2216	2961
1910	2643
309	2438
988	3450
2303	4036
342	1893
2216	2726
1666	2456
1679	4905
269	3107
1372	1679
2041	2142
1146	2934
1527	2476
4156	4787
643	1525
2438	3435
1147	1527
1334	4077
96	4932
159	4780
2438	2755
1180	1866
947	4156
3116	4685
1679	4843
489	1527
3633	4775
800	1527
4274	4480
1481	3116
4399	4934
247	3361
3237	4560
3724	4493
1108	4932
2041	4480
1331	2672
154	2852
2934	4962
3116	4443
556	927
1945	3704
2716	5015
221	4053
1726	2070
1727	2534
472	4070
3925	4271
271	4070
2026	4463
2676	4890
2596	4156
381	2456
584	4070
570	2531
1035	1406
1666	2605
3992	4770
448	2834
1507	4984
1537	2294
2653	4156
892	3413
4872	4962
1680	4091
785	3116
3354	4189
1445	4241
2934	3233
3866	4399
1537	2902
546	3295
3116	4121
970	1703
971	3696
2027	4859
914	1404
2142	4480
116	4589
1679	2040
3233	4353
2918	3381
926	4551
4406	5134
1503	4958
325	4962
3853	4863
3864	4763
3116	3276
959	3326
284	2455
4480	4827
3056	4033
3586	4415
1215	3913
116	1726
1661	2798
481	3684
1215	2264
3245	3289
343	1191
740	1527
1538	4775
1524	2177
2914	3116
3677	5128
1270	4525
291	699
4525	4949
3204	4478
1679	3695
896	4932
3853	4932
529	4943
1527	3895
1711	3116
3202	3995
1746	3413
1873	3808
1313	4863
4066	4156
2987	5090
154	3493
1604	4863
2078	4399
3586	4819
529	4986
1260	1993
307	1331
2465	3116
833	2798
176	2157
403	1679
1789	4110
2438	4040
1503	1527
1310	3694
2216	3047
2746	2835
3034	4045
1113	2534
1873	4268
299	1202
3116	3876
4201	4362
4247	4941
151	3752
31	4458
3116	5085
591	3093
4156	4834
1679	2796
971	3026
1560	2985
3366	4882
3116	4340
1667	4271
2871	4369
3941	4860
116	1241
448	4185
2262	3107
2535	3272
3116	4978
3754	5068
3157	4934
92	4077
2899	3116
1401	3116
2626	3026
1623	4554
3116	3249
1777	3026
4156	4860
2507	2625
788	4493
1679	3566
2959	3566
879	4551
4417	4962
934	4558
2605	4955
31	247
88	2270
942	3669
116	2817
1215	4772
1362	4775
898	3061
1679	3737
46	1752
2672	3261
116	4735
92	570
1979	3179
3116	4458
703	868
4024	4156
1679	3690
1145	2496
1430	1999
2582	4525
4452	5035
306	4775
413	4340
1623	2385
460	3573
5	2959
1679	3359
3492	3935
924	1532
469	1527
3409	3589
1203	1839
4131	4156
3026	3586
2519	3686
2782	4872
1839	2181
3202	4972
3191	4271
3186	4177
1952	4200
92	4131
229	275
761	4644
1537	1748
1215	3859
833	2912
907	4989
3493	3717
246	1270
2970	3984
255	3116
2216	5097
221	3116
928	2011
3026	4156
2908	4843
4053	4859
2605	4529
1459	1628
1508	3919
1590	4620
4217	4775
1429	3768
132	247
1466	1679
116	3788
92	3611
2818	3602
1244	1859
1551	1679
3026	3082
3471	4478
339	833
1951	2585
1527	1789
265	1770
313	4915
2394	3418
907	4169
116	3445
116	1685
3393	4306
3810	4580
84	116
2199	3929
339	618
942	1640
98	314
2241	3061
1270	2658
3179	3739
364	1466
2704	4971
208	4962
1313	1480
2726	2844
490	2682
1503	3602
2625	2973
2615	4460
1679	4779
1324	2013
490	1294
230	2279
991	2993
3116	4480
923	2216
413	4267
355	3116
898	4588
491	3116
4163	4775
154	914
1679	2009
1936	4169
2362	3689
1244	2496
2912	4361
116	1146
52	4328
1028	4752
651	1038
1746	2534
29	2216
1430	2823
1527	4059
1679	4907
1300	1679
1481	4077
57	1679
339	3357
1661	2078
2270	4357
2775	4091
3289	4859
1402	1679
2415	5128
2934	4707
2269	2755
342	1159
1324	4933
2620	4775
3612	4156
1273	4874
1326	3116
1627	2835
394	1937
1679	3984
2928	2934
3404	4764
2573	3032
1679	4593
3538	3690
3190	4525
1679	5057
2850	3103
1873	2901
2696	4156
271	4882
3366	4775
2850	3451
1537	3189
3116	4271
1483	4529
1406	5095
1938	2003
1110	1679
1514	2071
319	3116
460	2835
1326	1679
3607	4033
43	4756
2835	4336
1892	2438
1607	4326
651	4308
1503	2013
2605	3440
116	3866
3077	4172
116	777
1419	1527
2902	3116
2169	2216
209	3116
1524	2951
2231	2345
2438	4711
1840	3639
4315	4551
401	2196
4271	4399
893	1215
2338	3381
2547	3366
1430	4712
1331	4696
3895	4775
1679	3598
1661	4271
3417	5108
1679	3350
833	4859
3351	4775
4156	5144
4538	5062
3863	4059
3116	4398
1679	4128
2033	4800
1626	2235
1119	1270
4156	4728
1938	2239
185	2812
4558	4874
2265	2706
891	2613
1023	4156
1180	4827
493	3486
1953	5151
626	3851
732	762
1679	4303
1727	4473
3072	4005
3006	4088
2918	5095
4962	4984
2118	3614
1746	4580
154	1108
116	2741
2823	4185
2585	2605
2013	4364
321	1679
971	5011
2709	4775
2428	4156
151	1679
1606	1729
4876	4934
4405	4696
209	313
4033	4863
4328	4417
1679	3586
3101	4580
1215	3813
1527	4112
1679	3890
149	1782
314	2068
942	2438
2610	4962
1092	4525
1527	3163
1609	1873
1147	3486
2092	2987
2961	4241
1727	4775
176	5122
1527	1912
92	3004
1045	4156
322	573
1420	4362
3689	4201
3682	4329
2831	4272
1679	2691
3198	5068
1679	2843
1454	2362
2092	3414
319	4113
2438	5004
1430	3056
174	4962
801	961
529	2775
269	3538
3204	3233
1039	3735
3456	4837
66	2585
652	739
2241	3754
513	2974
2996	3262
1679	4459
2024	4554
116	4443
1331	3385
1679	2141
2434	4377
1560	2438
62	116
1679	3245
1679	4200
1313	3486
4150	4858
618	2177
3235	3369
313	2667
2812	4674
2269	2775
118	2959
509	1984
220	1679
1430	3163
1498	4220
1527	2743
958	4220
4478	4667
347	5154
116	556
365	4932
749	4176
2174	3261
1215	4357
65	1454
1746	4030
3289	4752
751	2142
1980	2747
591	4169
3056	4433
1527	3339
3116	4461
1679	4635
4023	4156
3307	4386
1215	1912
1009	4646
1966	2261
314	1269
3685	3760
1636	4928
3204	4978
2531	4586
2261	3928
347	3612
2287	2348
831	1679
122	1984
2303	3708
3672	4580
1533	2918
1636	2303
1679	2386
918	3061
2037	4798
2975	3116
893	1428
1460	1679
810	4121
2624	3116
1404	2379
2643	4328
1313	3871
1678	3370
1938	4580
2118	2184
148	866
1588	2674
116	5060
1679	2895
116	4103
1147	2118
1680	1866
116	4214
1952	4525
1640	4932
2961	4364
192	4156
1430	5084
104	3116
690	4752
1826	2974
3493	4776
122	1056
3722	4156
3116	3625
116	3100
3702	4091
1679	3884
1679	3860
499	2814
816	4311
276	3261
1270	4874
2753	3810
1607	1726
1122	3870
1113	1636
891	1293
982	2934
3103	3116
116	3518
2927	4271
421	3884
2605	4928
1679	5149
313	504
313	3205
2799	5062
823	4978
2216	3116
142	5062
1679	2045
3908	4070
893	2838
1679	5017
1774	2888
2653	2823
116	3093
942	4156
35	2438
4478	4640
4156	4200
3105	4131
1108	3754
1136	3103
1679	3530
751	859
1722	3496
867	4130
4271	5062
1430	2625
1825	3739
116	4539
146	1679
1221	4770
343	4169
116	4200
2387	3116
1726	2829
3866	4053
2476	4525
1157	3116
3000	3116
347	3116
1306	1430
1430	3093
988	1679
707	4779
269	4173
3739	4257
2605	3026
509	3307
618	2775
230	2745
978	4665
833	1782
1507	3636
532	595
1119	3895
2177	3951
2438	4949
1640	3496
443	3941
4556	4809
260	1215
680	3360
1122	4644
3906	4362
3810	4045
3486	4525
914	3369
2438	4480
759	2362
3032	4048
255	4546
2848	3116
455	868
4156	4586
1533	4775
1136	1305
1679	2097
1435	3116
1703	4958
1180	3995
92	4010
732	4408
3486	4646
556	698
1527	2918
2307	3538
1454	4630
1399	2947
2055	4554
2078	2118
2684	2852
1581	2929
469	4271
2775	4480
1679	1841
4271	4827
988	4118
4088	4863
1679	1727
2908	3953
1839	4656
129	3677
3179	4271
4452	4786
339	4271
1588	1679
269	4404
859	4480
2224	4603
142	4775
284	1679
22	452
2605	3295
1679	2012
1058	1585
788	3501
1480	3116
1108	3626
223	1430
355	591
1057	1657
3853	4357
1466	2573
2704	3450
1112	2774
1661	3202
1527	2281
1202	4480
1839	3916
30	3573
3081	3116
1626	2847
1815	2216
698	752
2877	3061
1283	2594
1679	4127
1966	3456
769	2931
914	2633
225	4983
102	4156
1923	4863
1752	1987
269	1136
529	4274
2584	2605
3107	3409
1061	2694
127	4764
2184	4185
1990	2199
1966	2303
1204	1660
15	31
313	2546
601	1108
1292	1991
2379	4113
601	5097
1136	2630
3830	4156
1679	3677
2290	3032
1537	4156
391	2270
4207	4841
92	1607
1321	3116
2858	4763
1527	4558
493	1527
1679	2201
1726	2178
1679	4133
660	2156
2216	5006
1313	1625
1483	2531
3995	4156
3202	4827
1679	3649
509	5095
1503	1775
2256	2936
2625	3069
822	5011
529	1034
1679	2178
928	2438
2724	3189
1933	2177
2307	4798
3326	4129
549	4156
357	1627
1428	1679
1984	3849
2024	4580
1812	2834
3503	4551
2740	4554
1388	4016
2140	3116
269	2751
1527	3841
451	5015
2417	4932
43	738
652	2877
3965	4070
2672	3249
1679	2613
680	4405
116	2088
314	4459
1948	2118
1406	2379
828	2266
1685	3837
3116	3974
2605	4603
1623	2181
1531	4519
2360	2747
1113	3623
2016	4220
2918	2972
116	3717
2118	4728
1537	2895
3725	4474
4053	5083
1679	1911
700	1341
343	489
1537	3067
942	1597
2254	3289
529	5108
2996	4735
1180	4399
1202	3116
1722	4088
1426	4478
2216	2294
2584	4603
3115	4156
1537	1679
2260	4040
123	205
449	513
1560	2031
4827	5031
2501	4405
1028	1727
4752	5128
823	4156
4156	4220
329	2118
4321	4809
570	4201
449	2729
58	3360
1058	4547
1215	2067
1139	2798
2078	4943
4113	4365
1679	3012
374	3925
3977	5101
451	4001
230	3872
3414	4656
2070	2625
1355	3116
4271	4326
3282	3946
1215	3953
3574	4958
988	2643
151	4962
313	4984
116	4173
3708	4819
1203	3107
921	4787
2118	4962
92	230
732	4608
637	4033
3237	5035
2068	2235
2310	4928
2457	4542
188	742
822	2438
788	3589
1527	1679
116	4762
1218	4156
3056	3201
1014	2974
2835	4941
1760	2794
2245	2743
3685	4858
1267	4622
610	924
1840	2031
4091	4480
2438	3267
116	1493
1214	3116
3840	4156
3376	4399
4525	4695
877	4635
1108	2410
1667	2899
1435	4900
2474	5122
391	2360
123	2013
1679	3026
309	4603
3116	4361
1182	2672
2266	3116
1147	2818
1727	5113
2701	3105
914	4353
3359	4764
3450	4907
1703	4586
1221	3963
529	3724
4035	4357
2533	2704
1416	4306
1527	1866
2118	5094
361	890
2812	4770
351	1269
2362	4231
991	2875
4775	5070
1275	2691
1872	3665
3925	4752
116	2830
994	2438
2973	4342
221	2078
132	3528
1524	1774
722	4775
1267	2362
314	3116
2704	3236
3768	5083
970	1633
1679	3908
1475	3754
1679	2252
192	2388
1292	3116
1598	2303
1389	3233
3496	4863
862	2321
973	4097
3069	4530
339	2118
1620	4476
4603	5088
92	2026
2373	5122
1752	3821
1952	2118
1527	4934
4067	5154
247	1527
2438	2838
3501	4821
1679	2447
513	2214
3602	4958
4156	4876
314	1873
30	2476
414	2793
942	3299
255	3711
2379	5095
1507	3616
715	1679
822	1269
3116	3430
517	2844
2775	4818
1074	4580
1679	3274
893	3866
761	2438
2835	3645
92	1286
2438	4841
2118	2703
1979	4111
2311	4059
2755	3376
25	3841
924	4139
3916	4095
895	1480
92	162
3586	4478
4271	4941
4156	4739
1679	3589
1477	4163
149	4859
922	1679
877	1537
4152	4311
513	4404
722	4070
3882	4775
116	822
1267	4151
1706	4533
2909	3116
3754	4819
2704	4907
149	4033
896	2476
2871	3404
1679	3768
2199	4308
4156	4244
467	3004
3340	4809
1666	1727
2270	3026
1215	2951
343	2241
2798	4667
601	1906
1265	1885
354	3116
1187	3094
2118	2974
751	1925
4163	4198
921	1633
1706	4962
1481	2277
4070	4544
1215	3435
637	1588
1368	3116
1752	3262
2216	3932
92	3116
329	2388
1420	3116
263	1679
1679	2820
3204	4775
2088	4723
1679	2996
1483	3987
211	314
546	4695
1527	3081
1584	1941
2605	3107
1527	2329
241	1679
1345	3186
618	2755
1143	2199
4046	4872
983	3361
96	652
2438	2704
3116	3719
898	914
3175	4364
2934	4584
4033	4972
176	509
1679	1972
1924	3116
116	2758
1966	4770
1531	3688
255	4186
2496	3665
1215	3179
1202	3201
1331	1685
269	1167
3672	4113
1293	4201
1420	3780
3116	3704
2335	4580
460	3116
761	3101
948	1334
25	3352
132	1752
920	1679
556	732
4473	4547
1306	1984
3615	4156
401	5090
1679	4010
939	1061
833	4399
1927	4156
1873	4267
224	1839
1746	2909
971	2013
1679	4577
2216	3350
3202	3717
188	4805
885	2605
4240	4962
3486	4644
3139	4775
18	1430
1306	1670
748	1454
822	1113
652	3672
3201	4088
4544	4932
738	4962
1679	3717
1524	1679
1202	2177
3602	4525
1674	1873
4070	4529
116	2625
732	2287
4046	4279
123	4525
2311	4257
1748	4156
98	4070
1936	4200
833	2438
1679	2495
4853	4882
2831	5011
1679	3223
652	3717
871	3911
4156	4602
3513	4775
123	4646
2230	4059
4070	4580
923	3810
4091	4583
2078	3235
43	1430
1679	2902
1538	2581
926	4156
1108	3493
5	4018
37	4113
116	810
2834	3190
629	1625
602	1502
1679	1756
1679	3804
4156	4386
4478	4712
2181	4962
241	4560
192	1286
1061	3430
1248	1625
2226	4882
1074	4466
4053	4480
374	3586
4097	4478
1604	2755
652	913
3361	4435
2241	4560
999	4775
149	4473
2514	4752
3895	4463
633	4036
2682	3116
761	4185
751	3299
299	3116
3069	4391
2438	4399
92	4882
1679	1948
424	1215
3589	4169
1591	2547
452	1159
3757	4859
2967	4077
4758	4968
2975	5004
2259	2290
1861	4580
173	866
2930	4478
116	3963
2287	3361
1420	2972
246	1979
1524	1670
2794	4458
1144	1283
4480	4981
1866	2078
2625	4711
1251	2768
3116	4023
1538	1645
1752	4525
2303	4962
4156	5152
1215	4695
1215	4083
1215	2266
1936	4315
1679	4091
10	4156
205	1670
1679	4554
1270	4845
2351	3941
116	3645
1503	1590
591	4646
188	1774
4016	4272
1979	4045
1612	2118
4691	5099
269	1253
1679	3362
1660	3451
3708	3810
1156	2216
309	5040
1437	1679
1306	3201
205	4827
1527	1533
26	2438
3116	3317
2972	4770
2936	4070
25	3872
3663	3884
868	3116
448	3610
2755	5031
748	2241
1515	1626
379	1679
2971	3116
275	1679
149	2438
2718	5034
1136	1793
3026	4503
991	2761
314	961
271	4201
903	4035
1639	2746
3669	4156
192	3951
230	1543
1679	4435
116	1727
1035	4165
1092	4775
314	3083
88	1156
1215	4712
313	612
652	4882
1440	3853
33	2692
4113	4954
404	4156
2269	5108
2755	4045
2834	2915
3214	3352
1251	2706
116	4585
2850	5099
1113	1742
1187	4289
221	4827
1471	2236
4156	4301
788	1866
2145	4819
1454	4983
343	2329
731	3995
391	4258
901	2181
2203	4860
1092	4156
116	3043
1324	2584
1678	1679
1324	1953
1657	3821
2934	4564
533	601
3960	5099
1679	4517
116	914
2156	2169
4133	4156
591	2973
2532	3116
3623	4169
1419	4882
241	3715
2281	4696
4646	5085
1679	3184
1679	5033
2918	4640
4001	4859
345	2230
2775	4819
343	4240
1537	2652
116	4496
2210	5149
1559	2724
1892	4932
30	867
2560	4156
3289	3757
670	1283
3447	4882
116	4922
2582	4151
391	604
942	2497
1866	3116
1466	2118
343	4696
3445	4048
3186	4156
733	4583
2005	3116
529	1058
698	4882
1286	4271
3010	4030
3757	3853
1728	2386
4461	4728
255	3791
154	1667
2980	4156
3100	4336
3299	3739
732	1419
2650	4499
2992	4775
901	4113
1800	4928
1117	4088
921	3851
1725	3116
3202	4393
4617	4962
651	1218
489	4580
1174	1215
1215	4055
1045	1670
3351	3365
2142	2798
77	3107
413	2973
314	1888
1690	3351
221	4274
1202	2798
1639	3747
410	4156
2484	4156
3925	4728
343	1923
1159	2625
3059	3519
269	1243
1399	4342
2731	4872
88	276
4863	4934
3866	4091
913	2605
116	536
961	4272
2838	4252
1294	1507
2917	4107
3056	3116
159	271
1527	3866
1679	2118
2332	3116
1679	4050
1686	3782
1626	1666
1215	2830
2989	4315
1820	4156
3538	4156
1191	1679
1524	5128
731	2153
1679	2100
3859	4583
1221	1873
202	2605
4872	5101
3351	4201
1679	4124
4113	4156
1987	2311
116	216
1032	2850
3116	3202
1679	4405
116	3568
2230	4538
542	3163
671	1527
11	3827
1679	2302
1074	1679
958	3768
1527	3026
1477	3816
1094	3496
1666	1941
2534	4882
500	4819
2799	3663
1621	4864
1609	1679
1752	3689
1283	1679
907	953
2277	2731
1108	2534
4036	5154
227	1679
2395	4478
2799	3107
3301	3810
413	1609
517	3843
2987	4656
680	823
1139	3202
2775	4111
1533	2605
4268	4775
1726	2353
1171	1460
2266	4779
1481	2912
33	5015
1800	5151
1560	5026
116	4477
1604	1640
1538	3116
71	4362
2217	2634
1727	3026
3603	4775
2915	3375
2290	3004
116	3904
1428	2438
2625	2725
2589	4775
548	1324
3010	5128
3405	4267
788	4045
1108	4326
1938	3272
823	2501
1270	2041
2071	2985
791	2438
1430	2497
546	752
902	4118
1590	4619
452	3198
1113	4185
448	2746
651	4398
1679	3947
205	3501
601	4070
1527	4339
342	3742
2835	4059
184	3116
948	1036
276	3116
1119	3984
485	3116
838	1626
92	3929
3860	4759
611	4156
413	970
25	314
2775	3757
618	4876
151	4119
5031	5068
1351	3493
4156	4371
271	2605
4156	4250
716	3754
3866	3995
1679	4039
1270	3116
825	4156
1679	2686
3768	4340
679	2118
225	4640
1286	3202
1527	3451
2142	4651
2118	2755
4081	4775
3840	5011
529	3289
3026	3249
1527	1821
2625	2947
732	983
787	2385
3307	3952
1055	1679
1243	3629
1527	4482
546	4700
489	1113
2118	2537
1679	3432
116	1095
1108	5084
1419	4201
2260	3072
3107	4138
3325	4206
2890	4478
347	1117
4185	4268
3317	4525
513	2047
4018	4130
2768	4201
977	3116
2605	3351
2347	4156
1666	3898
1117	4156
265	2241
1947	2438
2118	2245
4389	4876
1551	4728
643	946
1670	3512
116	2200
983	1679
391	3757
2951	3853
926	2506
314	1551
2382	3116
848	3528
956	4261
192	970
3354	3974
329	1873
4111	5113
116	4234
1306	2142
131	1679
1952	3782
151	1402
1679	1775
698	2653
4819	4976
584	3739
2410	2829
1746	3307
2887	4622
1679	4182
1679	1861
2188	3810
4018	4962
1679	2279
584	2835
189	1679
1873	2709
116	379
3186	3534
192	831
4841	5153
123	4538
2804	3568
1930	3235
2625	4544
347	921
2605	3223
448	2725
230	3952
3395	5085
4860	5128
4220	4819
971	4460
343	1587
4841	4868
601	3837
313	1294
4480	4863
123	1215
2704	3471
3116	3602
788	1202
983	2118
2115	2339
2585	4495
472	1670
116	862
800	2142
1108	4113
581	3116
1923	3116
4088	4674
2216	3850
4399	4962
3685	4876
1522	4156
1108	4495
1777	3116
3932	4775
1679	4081
342	4406
947	3330
2239	4955
3524	4156
3116	3820
739	2799
3574	4186
116	3626
3116	4943
3404	3811
3354	4156
1390	1527
4131	4958
1527	4340
637	2628
1912	3301
269	5099
787	4798
1035	4962
116	375
343	1034
633	988
211	5083
2535	5042
116	4939
2078	4033
1667	2930
752	3559
2180	3381
2402	3377
4377	4962
339	1527
2834	2947
314	2203
3708	4022
330	3116
2474	3116
946	2495
1680	2798
1404	2852
149	3573
188	3573
2348	3493
3780	4156
116	4859
2118	3826
1487	3864
116	2484
2259	2726
1532	4097
2118	4734
18	3351
2142	4876
209	269
2177	2438
2628	2653
2200	4775
2216	3369
229	3116
988	1910
361	1119
570	3987
2912	3190
1537	1933
4113	4868
230	3820
3153	3685
2704	3230
886	2066
452	1754
849	1679
92	2348
983	4594
2547	3957
2027	4186
4186	4546
116	3707
313	3116
859	4161
1495	4156
3116	3557
1270	1598
2438	4972
4053	4111
1679	3819
1527	4435
2241	3501
1108	4088
751	3757
2260	2895
612	1619
1554	2843
550	4220
788	2078
162	4586
807	1679
2706	3445
3395	3894
3366	5011
1455	3413
116	3204
1532	2818
4097	4882
1888	3204
1351	4872
885	1679
1121	4156
1679	2037
2605	2652
2456	4123
1679	1681
686	1626
1699	3361
1527	4752
205	4091
116	3240
314	5088
1670	4480
1527	3587
983	4968
1912	2605
4067	4156
1153	1679
4525	5085
3538	4644
748	3004
3538	5090
1341	3768
400	2382
788	1306
1615	4939
700	3204
3067	3724
1722	4271
370	942
1679	2067
2037	4863
28	557
2169	4311
263	314
773	953
1679	2659
1679	2684
1246	1251
1136	1253
2928	3116
500	3435
1527	4776
396	4156
260	2951
1560	2835
1527	2739
3376	4271
225	4241
1679	3479
33	3237
87	4156
151	1527
1798	4786
1679	3301
1752	3704
626	1679
3369	3696
928	2348
1527	3574
2178	2625
898	3754
3116	4167
3239	3710
202	205
4182	4664
4169	4387
472	1306
1055	3272
982	3503
1294	4950
1283	3690
3026	4351
841	4245
65	1404
1108	2379
1717	1909
3038	4156
601	3189
1167	3028
3877	4266
3116	4482
2918	3451
1613	2303
962	1215
2013	3847
116	3237
151	3957
1382	4525
3249	3840
116	5006
255	3573
348	1111
1215	4415
1527	2382
246	3925
1187	5090
4637	4775
4156	5015
3116	3208
952	3935
2871	4478
2171	4156
2199	4723
1680	2031
556	2398
28	448
960	5128
890	4958
2153	4863
1679	1953
1215	3235
4022	4220
903	4841
4271	4954
1717	3202
3179	4035
1144	2459
4775	4876
3116	3370
4416	5107
1215	3970
1108	2812
2942	5159
3837	3864
3471	4819
1293	2069
1728	4045
6	5062
2835	3672
1136	1506
1172	1872
878	2915
4950	5159
1640	3512
2216	3248
314	3176
3467	4301
700	1679
2142	4495
29	4321
3840	4544
623	4843
1466	1991
2501	3404
1430	3352
1399	1527
1063	1313
1182	3566
2724	3462
2605	4351
1679	1875
2729	4872
377	4156
1430	3231
1679	2589
914	2362
2917	4067
205	867
200	4391
700	2993
2912	3471
4033	5108
1108	4271
116	4989
4118	4328
1120	2379
343	4954
1527	2280
1313	1399
1430	4369
1454	4272
2142	4981
3475	4939
401	3081
681	1679
1454	1527
1666	4882
3663	4252
552	618
3272	5042
1559	4775
1947	2835
1432	4198
985	4368
1248	1341
2420	4169
3686	4156
249	828
116	3461
278	3616
2142	3202
4070	4369
667	4867
994	4185
265	314
1454	2814
2535	3032
2149	3860
921	5134
1527	2674
3853	4088
3116	4464
269	1340
2415	3116
1306	3056
877	1776
314	3393
946	3859
116	3593
116	2603
2027	5004
276	1215
4048	4364
1670	4399
1527	4023
2585	3362
43	1930
1397	2199
1626	2259
3473	4842
2796	3299
343	3573
1014	1679
529	3245
1428	2216
788	3116
2288	3116
928	2130
899	4313
3503	3665
33	4279
1454	3685
2118	5062
30	248
451	868
1932	2169
2548	4364
1477	2118
3101	4387
1911	4272
4156	4996
924	983
3808	4070
1750	4163
1626	2875
3116	4758
862	3843
584	1108
322	4962
601	1487
3512	4651
2388	3116
1703	4544
1933	4033
3299	4156
1215	1529
1140	3116
460	4329
1061	2216
2625	4750
1143	2519
1085	1639
618	3931
2585	2873
1828	2582
1680	4045
142	4070
1581	3980
3493	4941
2582	2877
1679	4387
374	3739
949	2216
493	4433
581	1212
314	3204
2078	4827
314	2716
4070	4876
1340	4984
953	2829
1521	3845
670	4308
901	3653
891	2768
912	4603
116	2271
3620	5040
885	3395
1180	1202
2438	4537
3483	3710
33	3404
408	4156
2030	5068
1679	2147
92	3623
928	1414
2838	3710
255	557
752	2634
1216	1679
1533	4644
2706	4546
92	2748
1120	3116
1038	1551
4131	4809
2582	4962
221	1139
22	1800
4544	4958
1679	3844
356	3116
3375	4252
3167	3186
1666	2836
1527	2972
2311	2796
205	3202
3116	3960
699	1462
4033	4943
3451	3538
1028	2547
3235	3696
1432	1477
4493	4859
1527	4958
472	4651
1088	2178
1537	4505
1866	4399
4	3724
1092	4646
116	2797
3674	4819
601	2589
2065	3275
422	3557
154	643
269	3103
1063	3116
1640	3853
2470	2582
314	1114
3047	4872
3056	4943
3512	4156
230	2934
1171	5017
2584	4928
1716	2994
391	4315
322	2912
2534	4070
1679	4832
2547	3395
1454	4391
925	2230
1619	2047
3512	4033
1728	3083
942	4480
926	1854
351	3226
788	4091
1893	4156
2481	3116
473	1679
314	4158
339	1717
2459	3116
246	2013
2653	4547
1113	2535
18	3559
1679	4005
1527	4646
637	1108
4107	4882
1122	3067
28	1108
1108	1454
635	849
2018	4368
741	1679
2235	4775
1215	2973
3116	4412
1818	2097
4962	5070
2303	4364
1094	2438
2034	3237
314	3623
2605	3700
26	4433
556	1679
2398	4464
1473	3840
2835	3589
3853	5108
116	4744
704	2582
1842	3233
92	2434
1800	1953
1215	4340
3686	5011
2362	3346
4271	4949
549	1679
334	1460
2216	3493
1666	4070
2625	3559
116	3948
2845	4364
2216	4369
903	913
2501	5107
999	1679
2793	4156
890	2835
3493	4547
1727	3067
1515	1727
1108	3275
3707	4157
3354	4775
3418	3952
1679	3776
3573	5128
269	2307
2531	4119
230	2438
1679	1882
1068	1679
3175	4525
1072	2653
1938	4139
255	513
255	4272
2768	4415
4775	4790
252	4580
761	2476
961	2877
748	2692
3245	4097
690	4525
2845	4271
942	2818
313	3186
3175	4819
791	3166
2956	4156
4361	4721
391	2146
928	2203
46	4113
269	3086
1679	5144
1972	3239
2373	4155
343	1119
329	3603
3103	4247
1776	4635
690	1678
1506	5097
1270	4464
1399	3768
4156	4481
173	4968
4186	4372
3236	4156
3227	4156
3233	4461
2605	4563
4393	4863
448	5006
1378	3853
2034	3566
1679	3482
1056	3665
970	4271
612	3116
347	3847
4016	4723
1489	4131
3754	4152
1679	2585
1344	1527
122	4551
3816	4035
1432	4018
928	1560
942	2912
1092	4644
1782	4091
421	2348
2605	2902
29	4651
2142	4433
3566	3837
921	3612
123	1901
449	2214
88	3201
978	3272
2585	2985
2003	2362
283	3116
1036	4506
3951	4152
4119	4544
2178	2216
1313	2465
184	4156
1923	2798
1188	2931
601	4859
1727	5011
1215	4245
1270	4391
472	4033
2438	3860
2199	3739
4088	4271
1524	5034
1953	4928
1679	2183
1537	3107
680	4313
2605	3559
1180	1679
1187	3361
200	3685
1533	1727
1215	4863
1633	3860
18	1028
1108	1716
550	4951
3026	3768
2706	3735
2236	4467
2820	3952
1679	3415
30	3708
2379	3685
2438	4030
4787	4819
1527	5029
1430	4617
2476	2835
1877	4368
3455	3573
1679	4165
1091	2501
2414	4131
3122	4877
149	1979
859	926
3003	4526
3975	4070
2835	5011
2582	4368
224	1203
866	2307
2818	3975
2216	4544
907	2835
3236	4114
2775	3941
2438	5040
2177	3512
255	3616
116	1605
1527	3534
2106	2216
221	2438
2013	4538
1339	4321
2909	3568
1527	2610
314	3908
1058	3724
953	4156
33	3837
1215	3722
2100	3639
670	1597
1203	1641
1105	1679
4070	4231
2438	3995
3810	4244
1679	1688
1936	3782
2041	3474
1679	4519
935	1440
1527	3496
1626	2318
2585	3557
3270	4311
28	2362
3320	4499
355	2547
299	4863
92	271
3725	4405
1215	2476
2470	4815
2547	4775
732	866
1256	4321
1333	4962
585	1679
22	1495
529	3995
867	4863
2972	3694
2934	4039
1679	2467
618	3724
1626	4039
788	4827
739	3231
885	4361
116	3703
1679	3038
1215	4694
3474	4399
3894	4871
660	1911
116	4340
2199	2417
643	3780
1873	4618
686	5122
1679	2868
1527	2196
1748	1993
3116	3534
1923	4033
2774	3492
848	1420
4107	4201
1679	4366
529	4863
3589	5090
2506	3116
1507	3107
2347	2605
1119	2973
2584	4152
1502	3255
1286	4972
269	4962
970	3586
3295	5031
1483	4958
2844	3369
4097	4775
1984	4315
92	2362
2261	4837
610	2388
1215	1633
355	364
922	3810
751	1202
96	1727
893	4399
1640	3056
4198	4775
1679	4999
725	3501
116	3825
149	859
1187	4741
3866	4863
209	831
1454	3864
761	1215
1980	2360
1521	3167
1113	4070
2653	4033
2582	2936
866	4517
533	3837
1119	4151
788	3853
1679	1696
970	4962
1679	4815
3275	4958
2963	4118
983	1619
796	1774
1105	4156
2798	4863
1494	4121
2303	4152
361	3189
1112	1113
92	1775
269	1074
1727	4130
2184	2362
314	715
1679	3666
1679	3596
926	942
1872	3261
3490	4978
3557	4872
4399	4779
2052	4156
611	5083
3361	4176
205	4525
556	570
1460	4368
116	4872
664	3780
925	2835
4088	4972
322	4077
200	2118
4252	4962
404	4735
1510	4525
2145	2307
1679	4464
339	4399
205	2625
116	3627
96	2511
2755	4525
144	4070
3226	4882
3116	3730
578	3116
1679	4523
2362	4010
529	833
2118	2835
347	2030
1648	1679
2171	3695
3174	4525
1604	2270
1679	3157
2287	3116
637	4393
205	4972
1679	3754
1627	4405
443	1722
192	3602
2943	4495
269	1717
1679	3694
3359	4036
2605	2691
3043	4950
4308	4404
314	2834
2777	3352
2817	3038
3116	3245
364	1679
4775	5107
2672	4696
2753	4962
1679	2862
452	2199
3376	4480
3860	3928
3069	3895
867	3685
517	3851
1215	2819
924	3413
151	891
1191	2118
314	2514
1679	4640
2890	3207
2934	4177
1454	4152
265	920
116	3893
283	991
246	3352
2417	3739
1021	1215
1716	3107
1537	4493
205	4035
299	4943
4029	5083
3530	4775
925	4435
116	4949
2704	4095
1670	2270
275	1607
452	1704
1626	4097
1304	4635
116	1598
200	4525
287	1679
1108	1157
284	991
2362	4169
149	1604
4156	4757
626	4070
2389	4962
1674	2471
1661	1680
1215	2890
970	2438
2476	2967
942	4271
1703	4119
159	3768
1146	2492
3418	3528
1218	2459
1202	2775
2761	2834
1588	3376
221	2775
1679	2912
2915	4752
3061	3237
3179	4525
1897	3354
333	513
2216	3026
3175	4271
333	3153
3538	4301
926	2118
2365	4156
751	4156
1527	2471
3204	4602
271	2216
1679	5128
1524	4156
3573	4045
2092	5138
1202	4399
1679	5076
116	4181
1980	4258
872	3116
322	4872
1679	3295
221	2118
903	3116
2964	4240
499	4156
664	1404
1028	1527
959	4070
1191	3116
1215	3405
748	2034
287	2362
39	4775
2118	4863
116	595
1527	5068
664	2496
1543	2157
791	1598
314	1639
1419	2287
1058	4493
1306	1645
1108	3863
132	3821
3674	4763
123	2743
1679	2190
4051	4968
1527	2901
3116	3669
751	4053
253	748
3107	3116
2130	3116
1679	5137
1932	4412
401	2346
2963	4775
3870	4398
2040	3538
759	2605
33	1685
3512	4863
1294	3569
4045	4399
2224	5004
928	3643
4819	5026
1061	1537
339	3202
1679	3732
30	4580
43	2844
352	1679
2531	4301
449	1507
1679	3325
269	817
1378	3935
2142	4053
116	4195
2726	4017
2131	4156
3724	4943
2181	4554
2077	2329
2269	3139
1726	4544
489	4971
1893	4928
314	2237
2030	2985
815	1267
2181	2593
1873	4272
193	5041
33	4169
2835	4841
33	569
1841	2804
946	1068
3325	5128
892	3493
1527	4740
3026	4907
403	2438
2584	3925
1814	4156
1527	1875
313	1243
1270	2628
2118	4772
151	1324
4383	4934
3056	3330
314	4169
991	1156
3739	4110
1726	2992
589	2216
3860	4301
3851	3860
3153	4176
1679	4639
1604	2078
2961	4156
1661	4674
3496	3925
339	3496
1487	2605
1527	2658
1527	4772
269	3636
1034	5128
1094	1215
92	2858
2118	3432
3199	5090
1406	2495
4124	4156
3747	5004
192	2177
18	2936
354	1283
116	5083
2254	4899
1326	2216
144	4775
2560	2835
879	4156
116	2394
1254	2216
4033	4201
920	2535
174	3851
221	1679
4525	5147
3101	4189
3458	4156
2835	3935
116	2216
1679	2101
1782	2775
1113	3116
3620	3890
4685	4763
2755	3116
2031	5026
569	681
1056	4181
246	5068
2934	3507
1306	2270
222	3435
2672	3357
952	4752
1679	4756
2386	4775
4107	4723
1636	2817
761	4775
860	3876
2256	2934
2774	3086
833	2775
2078	2277
2531	4544
2245	4274
899	4608
3538	4051
3724	4859
1679	4212
3116	4740
28	1113
322	343
192	946
1911	2266
347	4759
1514	5026
2775	3724
33	276
635	2459
343	3810
276	4786
3953	4301
284	2118
3107	3884
3808	4201
2605	4000
3782	4200
4301	4357
269	449
149	4827
88	815
2835	5062
3953	4542
3623	4120
192	581
3816	4775
1091	1215
2078	2755
116	1522
4240	4770
532	1839
2585	4928
224	2385
3694	4620
2438	3602
1866	3995
4036	4603
2992	3116
2626	4271
2873	2936
401	1679
144	2868
504	2468
18	1679
1529	1679
1432	1750
1892	3747
1215	4452
1306	4088
25	3950
1180	2118
2654	5138
3771	4271
314	3055
4405	4712
2511	4764
4619	4620
623	4943
339	2438
4415	4461
2967	4070
892	1679
1679	4837
3116	4924
1324	4819
2118	2709
732	739
2118	2264
1108	1551
313	421
500	2031
3116	3689
2153	4934
3882	4932
1679	2850
314	1567
1679	3778
3245	4274
225	461
1727	3853
46	2236
1527	4399
867	4972
1108	2142
339	3995
490	3116
925	4594
4113	4757
2468	3208
2471	4740
4091	4111
901	1641
1074	4554
3056	4088
269	4242
1203	3653
959	2216
452	4030
1047	1113
1418	1679
931	2936
1210	4156
3175	3589
1507	2942
542	3350
71	2547
460	898
1451	2071
1679	3721
1473	4932
343	3931
548	791
732	1454
803	1839
1866	4827
3512	4480
585	4525
1215	3474
1814	2197
4091	5039
3354	4962
35	3747
4741	4962
116	1601
209	2850
2216	2634
1108	3006
1451	4525
513	1136
4134	4412
1503	1873
2707	4156
953	2945
329	1283
3963	4024
1001	1613
601	3864
269	383
3414	4798
1108	3026
313	3451
2456	3361
314	3319
1679	4369
893	4359
3559	4017
252	2613
3157	4156
122	2615
3754	4636
299	4399
2335	3418
867	4033
1679	4644
314	3677
343	4863
1666	4594
1414	4775
3116	5018
421	2040
985	4114
1159	2154
4091	4274
1933	2216
3116	3483
1873	3116
890	1979
1402	1746
28	1667
2706	4372
1349	1527
1679	4728
309	1613
391	2747
4033	4480
3853	4201
2184	3116
449	5012
1800	4962
1105	3237
752	1156
221	788
3324	4405
3116	3538
3026	3796
1291	4097
3081	5062
1195	1218
3067	4271
1233	1679
343	3685
1737	4349
1679	2775
4091	4271
1331	4560
1679	4972
1951	2918
3853	4859
764	1821
2495	3602
971	3201
3395	4023
3659	4955
3963	4156
3623	4848
732	4417
717	2738
3442	4405
610	3198
1269	2027
1188	3810
1984	4156
116	358
2492	4012
1235	2438
484	1679
3555	5128
2438	4113
517	948
1679	4079
893	4000
118	3054
924	1455
800	4124
2031	3639
116	3776
1429	3957
731	2031
1979	3602
92	4467
4156	4161
1679	4955
452	4809
2514	4775
4271	4943
342	1324
1108	2303
1270	1483
2438	3918
914	3780
3196	4962
401	3974
4271	4934
2468	3974
2835	4728
2216	3067
3468	5153
2457	3116
3557	4201
1215	2269
1161	1215
3136	4156
25	3175
999	4809
116	2642
1666	2438
2605	4097
1108	3518
3182	4156
2386	2931
2118	3739
1294	4404
4819	4905
3954	4602
1430	1524
2909	4517
1215	1584
1139	4271
1537	4928
649	3566
2547	2704
314	877
1477	4270
1112	3919
1215	2725
2887	3904
548	2013
339	2653
1180	4271
116	3708
2018	4306
2310	2605
1527	3870
314	2951
4583	4636
544	4156
1306	4934
3074	3501
3912	4201
960	2658
404	4163
360	1527
2760	4775
1588	1615
4357	5128
3116	3277
601	2174
2142	2626
2828	3015
3116	3468
591	3116
2041	2934
1108	2153
4036	5151
88	2438
347	1633
2755	3202
1286	1604
3247	5095
2142	3299
3853	4045
345	4271
1641	4968
451	1334
347	2438
2376	4349
1679	4337
205	1094
2438	5110
2775	5108
3350	4070
1024	1256
1527	5085
2236	3677
3851	4976
1842	3116
4156	4752
1740	4156
1560	3639
879	4181
260	5015
1679	3476
1028	4070
1999	3496
1923	2078
651	3984
1590	4728
485	3672
1180	3202
1253	1305
1058	3289
2031	4301
1653	1679
2012	4097
2310	2573
71	4003
1560	4368
230	3054
1499	2605
1283	1885
953	2438
2835	2918
3947	4070
573	1248
925	1215
309	1800
205	4033
517	5049
1679	3519
77	5090
3116	4530
2626	2936
2013	4301
1119	1462
1543	3116
1821	5041
1776	4726
26	4271
1248	1480
205	1866
2027	3435
391	4389
1527	2582
2332	4775
890	4962
116	578
509	1641
1679	4066
116	1700
912	5151
1626	4306
205	1782
1679	3643
2605	2992
1204	3361
455	4605
1113	3904
3204	5095
1527	3486
116	925
1679	4477
3245	4053
2835	3810
451	5003
2118	3534
2027	4860
1658	2672
4316	5041
132	1430
573	1324
2303	2605
1679	3851
1105	2241
149	2245
1527	4728
2930	4156
3116	3410
3056	3512
275	1527
1628	2438
859	2216
3757	4962
1108	3757
1527	3250
1159	1613
3493	4530
2652	3116
2055	4070
116	4487
3143	4321
116	2100
942	2835
391	4200
1085	3176
2534	3840
181	4156
2414	3669
2031	2071
3202	3267
92	466
1331	4156
1221	3116
533	1131
2533	4580
1722	4033
680	4978
149	4863
116	3410
643	3685
529	4547
291	3116
893	4091
2055	2216
297	4023
154	2216
2118	2254
2362	4097
253	1215
1145	1679
116	848
1704	3742
3330	4053
1202	4033
2438	4752
2495	3780
2063	2262
1873	3055
1068	3116
431	3116
892	2311
2936	3820
1679	3744
4301	4336
241	401
1273	2961
2704	4398
1755	4316
1679	1880
343	2987
2775	4943
1180	3376
4962	5107
4156	4227
2230	5094
994	1746
2335	4257
1215	5004
1028	1626
3366	3816
1119	1460
2456	4398
116	4863
690	1537
4775	4945
1679	2716
374	2311
2382	4478
3405	3722
1901	4525
4201	4369
1984	2517
1688	2367
2438	3925
1487	1626
2458	4134
1679	4371
1727	2875
192	1800
1679	1764
3757	4267
116	1999
1180	3672
3361	4138
116	2311
3201	3685
1674	2303
188	3490
116	3471
935	1679
116	2958
1633	4759
4882	5071
1609	4271
4933	4962
611	3752
1537	2338
248	5017
1679	3449
1000	4526
4361	4775
159	1742
5062	5095
142	2605
1108	2718
3853	4674
1094	4274
1061	1480
3841	4525
1202	1670
241	3860
970	4206
2692	3837
542	4070
314	4496
816	5035
3474	4480
2069	2768
2625	2829
1623	1839
3827	3996
343	4554
2013	4976
3308	4020
3922	5101
2420	2862
357	4336
679	1215
2395	2658
2118	4954
698	1727
181	2593
1613	1800
314	2936
2755	4943
859	1640
655	1024
1933	4035
1679	4363
421	513
906	2511
1527	4151
591	2434
2658	5031
246	4818
65	4156
4859	4986
2213	3116
246	859
2388	5090
4163	4537
400	4580
116	2497
841	5026
30	3493
1537	1750
1202	1722
2438	3607
800	3450
1679	2652
3116	4778
1243	3451
29	3768
1286	2798
2777	4113
1704	3957
116	3521
339	460
1679	4161
4583	4858
1679	2577
2245	4949
1056	1872
529	2628
1025	3272
1679	4119
3475	4478
591	2476
1306	5033
1537	4097
1191	1527
230	2992
1306	4962
2522	4240
1933	3116
1061	4405
2216	4018
1584	3908
372	2531
374	1825
1962	4882
1215	4406
31	3116
325	1722
826	3308
3717	4580
2782	5083
1404	5062
3840	4493
1113	1842
123	1527
1058	4001
1537	2346
1310	4775
1690	2581
1243	4499
1951	3568
890	2818
28	3175
2694	4932
326	3678
154	1679
1113	5042
1527	1979
1527	3995
313	3977
342	2145
882	3116
2031	4763
604	2517
116	1686
2887	3919
343	4728
3248	4182
796	1727
4326	4495
2178	5015
1144	4156
1445	1679
154	1825
1248	2071
2438	4734
3201	3299
246	1454
2605	2959
3694	4752
2536	2887
2118	2190
556	5095
1704	5134
391	3782
2471	2600
1679	4368
313	3107
2672	3095
2911	4156
4770	4899
3116	3913
2013	2973
209	3974
700	4077
1113	2994
1636	4603
123	731
3026	4872
4053	4091
833	2628
4156	4277
37	2118
2909	4827
1821	4156
971	2470
1742	3739
1679	3081
313	4051
672	1679
1527	2985
339	1180
529	2755
591	1527
314	861
2581	5026
2367	4939
732	924
2457	4156
557	4368
2379	3859
1912	4558
489	4608
682	4746
1187	3704
2836	4156
1140	3785
3442	3686
2909	3995
1527	4364
92	4968
2118	4712
115	116
1362	2534
649	4156
35	5035
1120	2852
149	1679
3116	3816
314	2236
1390	2514
652	801
2118	5147
682	3116
796	1679
1305	4984
3116	4495
1679	2008
2216	4505
1425	5138
942	4091
3233	4156
299	4972
347	4819
260	2835
3116	4220
1215	2625
1313	1912
1537	3190
2755	4863
205	3984
1215	1445
1375	3840
2585	3595
2752	3840
35	4770
408	1679
347	4787
255	860
1551	2568
1333	3116
146	1527
886	3568
4185	5083
4525	4954
2653	4053
2643	4156
4326	4357
942	1527
509	4798
4393	4399
247	1092
1382	2346
1640	4972
10	1626
1215	5113
3261	4560
4095	4907
2755	4091
3179	3496
200	2245
1679	2674
4356	4480
452	3471
116	3463
3493	4580
25	2067
2269	4859
2726	5084
116	4231
971	1703
4271	4933
4005	4962
626	2605
1680	3116
2078	2270
1667	3026
3116	3795
2765	4608
3366	3739
254	4372
529	2245
1782	4775
970	3556
1679	3707
1039	1061
1527	1682
2804	3090
1527	3859
202	4326
1527	3620
88	3249
4841	5034
1024	4045
1402	3116
4478	4728
1897	4815
2468	4984
2470	3626
1679	4695
3678	4464
1517	2915
246	1680
1537	3069
2041	4091
3677	4478
3853	4053
2067	4603
116	3660
2797	2850
329	2593
867	3056
822	2203
1825	3603
1295	3116
2438	2613
1633	4819
116	2686
276	1798
314	4466
546	1636
3116	4863
116	952
932	4482
3810	4958
1866	3866
947	1382
893	4728
3925	4461
3571	4156
3957	4775
767	2746
1487	2718
378	1215
1108	3415
601	894
924	3262
1527	2264
3201	4480
923	1727
1159	2145
704	3951
269	563
2335	4059
1493	1620
174	3674
624	1732
2653	3289
1331	3237
1058	3853
2067	2584
704	1527
731	4220
1419	2625
1679	2501
1953	4603
1674	4871
751	3006
1679	3620
267	4156
18	2835
971	5026
3559	4872
3954	4070
2511	5134
1510	1527
116	3255
116	2775
1034	1094
2871	4461
3586	4156
425	3116
3090	4464
893	3995
2011	3568
895	4077
866	3704
2605	4487
6	1270
391	1686
1046	3208
3956	4156
4791	5062
2653	2775
2216	4876
1641	3414
3837	4803
573	1598
1404	4752
343	3237
4480	4674
2438	4907
2078	3201
2199	4476
295	1873
853	1430
1000	4156
1679	4476
1679	2335
1690	4775
1324	2303
1679	3674
1120	4399
2985	4763
116	2930
903	973
680	1039
2216	2930
1215	4339
1306	2438
1253	3916
952	1531
129	1732
1285	5039
1537	4130
655	4876
1159	3016
1112	1306
4728	5031
2347	3840
116	2165
343	1025
717	1765
1034	2835
3612	4478
3116	4391
123	176
1679	4233
2931	3678
2013	2847
3376	3866
2071	4156
3864	4506
1112	4326
1093	3754
1279	2585
626	1873
978	3153
116	4577
1113	2026
1613	2013
4156	4924
1679	2593
43	2726
1851	4526
1525	3153
413	4899
960	4045
3116	4457
1420	2216
861	3690
3471	5154
2605	3834
116	2387
1727	3069
2560	3669
88	2203
1551	2118
751	1306
3893	4404
2704	5099
268	3352
3865	4156
3226	3233
1028	4201
1047	1588
533	748
159	1334
116	1279
1159	3116
921	4976
903	2303
1679	2070
1679	4420
3512	4876
3361	4691
299	4934
4201	4231
1119	4525
1537	3111
1115	1215
867	2852
1537	1666
151	2676
2153	4043
1313	3951
1775	3116
1866	4053
269	3893
651	2338
374	2335
249	2799
2488	4735
123	2347
1024	4674
1085	2410
1527	2987
3984	4018
1679	2216
1770	4725
1679	3360
1283	3493
854	4915
542	885
591	5011
131	1765
569	1679
892	2335
3405	4809
269	1621
1704	4406
1085	1426
2605	3157
98	3860
2438	4764
487	667
4206	5128
149	833
859	3925
1251	2181
1215	4257
1727	1812
1537	2921
1188	2130
216	4201
3827	4241
589	2760
1120	1527
1202	3866
973	4120
2647	5094
326	1585
224	1623
391	4599
3665	4315
246	1527
3377	3783
1679	4730
1324	2224
1679	3231
88	971
2458	4156
3026	3740
926	3995
664	4040
3116	5147
926	1454
4053	4495
1652	3231
92	1728
4156	4181
3231	3694
2726	4478
3003	3116
374	4752
4285	4286
213	1527
649	2241
96	2216
1726	3047
961	4907
543	1537
2438	2615
2912	3626
3810	4962
3586	5011
116	2956
2210	2230
2230	3231
2835	4415
914	4905
1430	2726
4406	4962
3239	3483
1776	2888
1912	2118
2617	4725
787	3107
733	3116
3492	3573
2142	2918
1527	2703
2153	4674
3925	4818
1679	2491
1097	2118
3573	4357
1690	4201
2216	4130
573	3742
4156	4493
246	4391
928	3853
1733	4271
946	1679
443	2912
1375	4775
1727	4081
284	2428
270	1142
2335	2703
116	2828
149	1180
248	2030
58	3116
1215	3865
1028	3374
314	3211
1477	4387
400	1962
948	4756
224	3589
149	3295
1930	4756
415	1382
452	3116
3557	4070
3201	3919
788	3995
400	1437
1527	2373
88	2027
413	5004
109	4156
2511	5006
116	2069
95	2959
1249	1679
529	3116
1022	1679
1532	2835
1503	4393
1560	3722
892	3116
3261	3754
322	4841
1428	4271
732	3538
1215	3674
5	2996
4070	5159
1679	4587
570	1560
1712	3116
1215	5154
1626	2041
700	4603
703	4926
971	4107
176	1991
2447	3116
149	529
1679	4257
924	1775
1626	2522
866	4968
4525	4644
700	3685
1640	1782
309	4712
354	738
1679	3354
374	1527
3116	5122
879	2496
892	2901
2605	3730
966	1061
1131	1679
2034	3837
623	1527
3649	4537
149	4053
2534	4775
2385	3116
3735	4503
2447	4404
1172	3665
255	4871
2996	4018
1035	5108
2438	2967
4045	4113
314	1725
230	4478
1727	4242
123	3602
1674	4928
116	2599
123	3665
3190	4775
205	4480
2775	4863
1243	2040
1215	2013
1679	3847
2703	3739
1113	1991
1489	2438
1770	3272
1184	1187
1139	1680
1349	4580
3851	4759
3116	4478
485	4156
1679	3296
961	2438
4594	4728
1727	3024
144	1537
1460	5017
748	1685
4077	4435
1112	4860
731	2142
96	1537
314	773
1581	4962
2013	4819
1918	3116
1481	3568
1679	2492
1679	4177
4053	4271
1537	4201
923	4775
2747	4258
2417	2605
2605	3806
2269	3724
894	2270
1068	3685
2031	5033
2216	3231
946	2379
529	1928
555	1679
2605	3003
3116	4257
732	2548
611	1679
1105	3261
2476	4605
1888	4882
3295	4728
1679	2794
2142	3724
2269	2389
542	2216
188	5062
923	1726
1712	1740
284	3768
4399	5051
2216	2310
149	2078
618	4023
1679	5090
1094	1933
991	1533
1527	3362
810	3116
4119	4586
116	3024
116	4848
1527	4841
664	2852
1679	1976
1279	4525
924	4364
1679	1733
275	550
1291	4871
400	1527
313	745
1932	3468
391	2791
1085	2625
116	4016
88	3586
33	1334
3116	4554
1061	4495
1344	1495
2360	4258
309	2768
1641	3653
509	1455
3072	3603
3116	3668
3116	3574
4095	5107
4029	4201
1674	4841
1679	2745
1704	4976
1670	3056
2695	4070
584	4882
1825	3395
686	2835
1679	4827
2216	2457
3351	4368
448	3768
1679	3587
693	2199
421	3116
1368	3362
116	4505
1283	3163
313	1253
873	4523
2149	4033
1581	1679
322	1746
4070	4493
1514	4763
682	2199
1800	2303
455	3768
833	4728
4113	4357
1215	3190
1953	3038
205	893
703	2438
2585	3336
2835	4364
2605	3395
1202	4934
896	2672
276	3825
291	4775
701	4206
1770	5042
2188	3233
947	1679
2775	4399
151	3404
1727	3073
2534	2605
2600	3116
859	3496
116	3395
867	1306
116	4151
339	4827
230	942
222	2438
1679	3170
116	845
1727	2829
914	4787
1239	1727
1430	4493
92	4872
205	2798
2912	3682
622	2470
4326	4872
1679	5040
314	2395
3995	5031
651	1679
116	4430
958	3683
307	3864
2118	3925
1873	3143
704	924
116	2546
1666	3342
1182	3864
2934	4163
946	2852
116	2836
4762	4978
1294	3884
1527	4734
4301	4962
4201	4268
95	5035
1679	4872
3239	3859
77	1679
4768	4775
1527	3352
928	2266
825	1679
106	1909
732	4968
841	2071
3853	4033
313	1032
1667	2625
1581	1760
2438	3636
2092	3116
3202	4399
1203	4640
1679	4765
120	1074
1537	3393
1679	2066
637	3866
2270	4863
1679	3342
1679	2382
1063	4201
116	2239
4036	4067
1746	2835
1159	3198
2426	4306
1666	4775
3189	4775
764	2625
740	1679
529	4859
1180	4033
2438	2985
2438	4740
252	3116
116	3946
1861	2311
4443	5090
4156	4685
1451	3825
1885	4156
2746	3211
3116	4055
2835	4530
1527	4525
3990	4156
1527	2078
773	4809
948	1679
1061	4583
690	2818
309	1679
1726	5107
1538	4156
4156	4172
3493	3864
248	4819
2174	4905
116	2458
1991	4452
3299	3512
3227	3694
2605	3827
3061	4088
4033	4962
4356	5103
748	1331
4656	4798
1679	3911
2338	2724
116	4503
116	4805
449	2797
1022	4156
2869	4156
1527	4712
928	4301
1645	1951
901	4848
43	1036
1966	2584
22	707
1679	2291
3702	4480
1640	4045
2582	2770
4336	5035
3573	4630
3395	4819
3456	3860
2796	3853
4399	4863
1679	2617
11	2519
1661	4480
230	2434
2245	3866
643	664
4759	4976
970	4685
907	4111
374	4580
2615	4120
500	4156
116	1623
1679	2230
1679	2506
2812	4932
1517	1727
3534	4156
902	3227
22	1588
2430	3455
896	3116
690	4662
452	573
1679	5084
92	4580
513	2427
1679	3163
938	2476
3884	4156
3745	4201
4201	4815
3139	4271
1752	4156
2041	4399
1909	4983
4711	4712
1923	4156
2177	4357
1527	4156
1859	2496
276	4301
116	5122
3100	3853
1108	4674
2438	3191
3230	3616
1527	3739
1215	1560
116	3211
2605	3388
1068	1402
1679	1686
95	4070
1139	2755
1527	1584
3261	3951
1679	3433
1281	1937
1537	3047
1023	1679
343	4617
30	3116
116	2993
517	3612
4809	5095
3735	4257
3941	5128
116	926
1430	2142
1517	1537
313	4257
1306	4357
2468	4791
224	803
87	3616
2704	3669
1891	4482
1679	4501
1752	3528
2013	4868
1527	4029
1108	3941
3518	4481
25	5095
612	1265
1430	4156
102	2149
1679	2571
4787	4976
1679	2697
64	116
489	1414
3056	4156
3418	4257
1113	1590
637	2755
1527	4005
2947	4342
1640	4399
4461	4526
200	1122
1028	4040
823	4405
88	2985
1527	3231
550	1267
611	958
1136	4247
862	1334
2974	3913
313	1136
4030	5128
456	4156
3636	4640
3404	4113
1679	3950
1722	2964
116	4210
1984	3535
660	5153
1604	3202
4156	4529
4301	4586
120	1755
116	4770
115	1628
666	1679
1345	2264
1906	2692
2835	4962
1733	2142
305	1113
35	4156
4005	4349
254	2265
215	2605
1034	4070
982	1056
922	2912
1527	2560
116	703
1727	3100
4271	4734
2476	4071
4962	5153
1045	4495
4200	4315
2398	4882
1722	5128
1258	2961
2818	5041
1613	4271
2439	4962
3614	3768
1187	3638
449	2040
935	2306
1560	4685
2028	3677
2118	3974
2540	4640
2197	3116
2871	4876
3952	4010
154	946
2147	4765
2142	3056
269	1679
1762	2199
1619	4984
149	3757
28	489
890	3810
752	2147
1679	4249
339	1215
2156	4134
1430	2415
1873	2067
2040	2307
859	4525
1215	5151
703	3101
833	4091
3369	4636
2975	4231
1061	1291
269	1294
2798	3202
1143	1221
4110	4460
374	892
1372	1527
2438	3639
1619	5159
1039	1679
4156	5062
3182	4033
2977	4924
722	1679
847	1679
189	651
1679	3067
92	4664
116	2003
2584	3295
3694	4779
2929	4156
1113	3724
1215	1840
3208	4408
1537	3049
361	3935
2438	3573
618	4986
1695	2347
2605	4962
1477	4417
2216	2582
2184	4968
1893	3301
1727	2417
287	4156
1331	1454
859	1286
1258	1679
4711	5151
2438	4001
899	4511
1537	2760
1987	5041
3054	4070
1180	1604
1873	5071
3860	4976
2471	4962
894	1061
2670	5083
537	1679
3231	4206
1144	1430
1345	1679
1481	5041
879	1984
314	4577
2118	3486
1679	4351
1619	4872
443	4818
269	5090
3090	3116
994	3116
2031	2476
3816	4972
2582	3493
1613	1636
2909	4480
1108	2470
3414	3589
3816	4962
443	3100
3026	5095
1601	2672
2269	4271
4588	5122
1164	3067
2190	4329
891	1679
313	3336
3674	4245
354	1260
2027	4301
816	1679
2755	4053
1313	2347
3405	3674
1966	3116
3820	4252
1652	3377
550	3198
595	4988
116	2781
1510	3602
1094	3202
229	542
1679	2602
1473	1727
680	4474
914	2852
1056	2517
188	3131
947	1607
1584	3116
649	1105
246	4775
489	3984
1527	3715
275	2066
921	4406
1873	3016
2701	4622
116	2852
116	4447
222	2030
1187	3207
2260	4398
1679	4666
1866	4091
2353	4220
1679	3175
1770	4962
2996	3974
1984	2989
3381	3636
222	1310
2070	4928
2438	3357
3056	4357
925	1503
3202	4943
637	4326
680	4495
1866	4271
1590	4591
1028	2594
3354	4163
4156	4336
1679	4025
3201	4156
65	2496
1789	3116
329	1432
116	4258
1028	1722
570	4958
270	4369
2118	2582
2216	3557
159	853
149	460
109	991
116	811
339	5153
595	4131
2241	3864
22	3016
1679	2126
401	4507
3301	4752
1285	4455
2921	4306
4165	5138
1330	4962
1626	4000
807	2605
2348	3984
1269	4495
4156	4544
1652	4433
1159	1495
1679	3341
1524	3512
4033	4357
122	1679
1180	1215
2927	3116
326	1313
1527	3202
269	2181
2972	5041
1289	3116
1740	4832
901	4779
4156	4271
1679	3010
584	2216
1283	1825
3116	4855
1108	1722
339	4045
343	4156
325	2835
1679	3334
1966	2835
275	5052
92	1754
116	1918
3435	3722
3980	4962
1679	3103
1527	1952
886	4383
2956	3574
1527	2753
1947	4156
222	2775
1628	2838
2031	2183
1679	4551
1068	4306
879	1056
88	701
2596	3116
591	1679
3191	4033
3645	4156
589	5011
1390	1679
1206	4156
1527	2346
4525	4711
35	3555
1679	2294
314	822
1503	4525
46	2410
3516	4120
1351	1454
487	872
4174	4775
2605	4815
1892	2492
1139	4480
2402	4896
1544	1679
1345	3826
309	2584
2814	4775
4717	4962
622	3198
354	1455
3193	4156
711	1679
1215	4583
1888	4336
1159	2934
1093	4905
1679	1999
116	3816
2438	4958
1119	4644
961	1527
1534	4156
3860	4819
3665	4181
246	3810
845	3202
1122	1510
2447	3538
2774	4206
3616	4110
1172	1984
1821	4077
3810	3980
2066	4156
37	4156
268	1765
3226	3684
2020	3413
22	4272
1679	4282
1679	3898
314	1716
2834	3859
372	1193
1912	4874
1048	3357
971	3626
2985	4220
826	1134
28	1679
116	2745
1938	4775
3951	4763
3056	4872
2288	2425
2347	4775
1391	4962
241	773
116	2496
4201	4962
4336	4473
3272	4841
2844	4714
1182	4560
35	270
1525	2410
926	2438
652	3223
481	562
2241	3249
914	2311
542	4201
247	361
1143	1451
591	4257
3237	4156
536	4941
1136	3479
92	176
1068	2852
2536	4872
460	4863
2270	3056
1679	3474
500	2310
401	3501
1293	2768
1114	2724
2438	5026
123	1119
1215	4588
1139	4399
3607	5051
1679	3214
241	4651
3929	4775
4391	4728
3262	3528
116	2724
149	2118
985	1487
3026	4775
2438	4220
2130	4271
1112	3850
1532	4271
3866	4525
2266	4272
1727	2055
1215	4591
1686	2747
3941	4156
958	2951
4156	4364
1270	4340
1937	4523
862	5122
2775	3116
937	3116
2171	3996
339	1604
1215	2573
271	1873
2216	4810
271	4580
1527	4186
1740	2996
1394	1679
2605	3339
1108	2027
1460	2118
1493	3208
1110	3568
637	1180
2706	4398
2547	4156
1703	4723
1679	4530
690	2560
637	4972
1581	3810
1147	1742
3342	4452
2985	4271
354	3122
2965	4156
1623	4775
116	841
4780	5122
192	1527
2216	4487
2188	4077
229	1667
1503	2600
924	2835
816	4156
233	4156
116	1126
1113	4958
3571	4241
4156	4991
248	2835
116	3307
4121	4201
970	2775
1873	4071
1798	4405
2142	2153
4001	4271
3116	3362
1159	1598
116	1644
626	4775
43	172
308	1679
1215	4460
116	912
1726	2782
2918	4473
3414	3739
742	4737
1906	3061
43	2216
1679	4173
2958	4530
1122	4240
1923	2438
2353	3708
3610	4770
351	3684
1437	2362
3032	4890
973	3370
978	2993
116	2888
4580	5122
43	1679
926	4152
4113	5153
529	4818
2379	3780
970	2531
116	4000
1679	2936
347	2013
307	649
271	3501
2704	4580
116	859
773	2258
618	833
2351	4389
1113	4664
314	589
4107	4775
1113	3786
25	1221
928	1661
1612	3116
3116	4408
1094	1680
1294	4046
1679	1930
474	1679
1712	4775
1626	1826
192	2974
2031	3435
2091	4156
1866	4035
1640	3202
823	3116
1503	4127
591	3493
3974	4198
1215	1454
149	4111
1189	2704
2495	3153
209	1619
4544	4586
1679	4735
2118	2753
3603	4752
3143	4156
1661	4091
253	2974
990	1281
3840	4174
1778	3074
3528	4487
1254	4775
2972	3116
25	977
513	2447
260	4878
343	2845
1679	4574
2716	4342
1160	1679
262	4853
4728	4750
1159	5134
1679	1690
314	4737
552	4156
4474	4917
679	4962
1932	4311
1215	2615
1014	3336
1068	2818
890	3602
3744	4156
129	4241
2147	4156
1269	2605
2041	4340
1585	2142
928	4271
116	3327
1313	3895
921	3860
2041	3354
2912	3941
637	4943
154	1406
1004	4962
4185	4775
867	1640
116	3721
3054	4077
391	1925
1414	4819
92	1144
456	4361
314	3865
448	3116
2835	4040
533	2241
1058	4274
1036	2844
229	4364
748	2877
2269	2835
2270	3853
1727	4046
116	868
149	339
2915	3834
985	3754
2617	3495
2188	4721
1633	2030
1679	4739
489	1679
460	1722
4656	4752
1727	4493
716	3919
1930	3369
4480	5122
2496	4962
1404	3780
314	2027
1679	2033
2492	4474
959	1727
807	3433
4165	4412
1680	4525
489	4752
3116	4053
159	448
1455	2003
2118	3995
1486	3747
3299	4863
3116	3895
141	2501
1527	4775
1034	4156
1483	2041
1215	3175
1429	3395
2470	2912
601	2241
912	5004
707	3957
2066	2850
1679	3975
2214	4176
3056	4651
4156	4943
3299	4872
2531	2547
22	1679
1108	3157
2113	4455
1372	3261
748	1723
1626	3026
1215	3857
589	1727
886	2909
2145	3198
88	1850
1679	1743
1159	1324
95	4764
902	942
3512	4271
4113	4593
3810	4271
2704	3569
2118	4711
1679	3317
1527	4845
1537	4654
626	1726
1679	1800
1524	2142
2818	4271
700	1406
622	988
877	2605
1515	2605
4156	4463
332	2847
2270	4934
1498	2013
1108	4950
443	2438
2511	4563
314	4848
354	4694
205	4342
780	1527
1679	2030
2045	4962
1203	4798
2465	5041
1028	2216
1480	2929
116	4737
1215	5147
867	3512
3810	4317
2930	4461
860	2200
1679	2055
2625	3054
37	2011
833	3866
3995	4525
866	3122
3739	4240
1112	3116
3357	4156
1110	2511
2294	4775
3690	4308
701	5128
2239	2386
1068	1525
1146	1740
670	2181
589	4962
1679	2958
1679	2695
2584	4393
3116	3919
354	2617
1923	2270
942	4113
1679	4279
1866	2438
209	2040
361	1666
2216	2725
314	2812
2985	3674
2585	4405
451	4780
1679	2607
1525	2852
1679	2911
296	3272
26	1215
413	5099
2349	2625
1640	4053
1404	3153
1679	4275
4053	5108
2835	4859
1451	2241
1527	3295
2973	5004
2142	4357
2216	3780
326	4156
1585	4416
4368	4700
174	4383
2862	4928
1108	1774
116	1355
1597	4775
1117	4750
1113	4339
1873	3853
2812	5153
116	849
1679	1856
762	5090
585	1119
2605	3249
4928	5151
1305	3974
4045	4962
4547	4983
1712	4725
1679	1732
339	893
3201	3467
1028	1679
2335	3739
2605	2934
92	305
29	1537
129	3694
1527	3429
1852	3116
343	1306
1679	5122
947	2438
679	1679
877	4156
898	2912
1157	4030
2798	3201
1055	5012
65	867
1532	4201
2438	4240
4000	4201
2438	4186
92	116
1748	4257
928	1607
116	3798
3919	4372
1028	1725
1489	2931
173	1507
92	1774
30	2951
2241	3116
1897	3116
96	181
1419	3538
1092	1147
3493	5128
489	1120
894	4962
674	1113
2547	4185
1588	2605
2814	4185
116	2543
3432	4525
2605	3780
3116	3122
3107	3186
116	3361
860	2972
739	1951
1248	1324
4097	5108
2476	3016
28	4030
3827	3984
2347	3486
4480	4639
1633	4976
134	413
690	1674
2582	4271
413	4928
1454	3853
116	1839
1215	4675
833	4547
1873	2256
914	2496
4339	4525
3204	4156
1139	2438
1873	2936
1760	3980
391	3954
3326	4369
3056	4863
1679	3307
1679	2999
2625	4267
890	1147
1680	4033
2985	3722
3700	4939
1976	4882
15	4458
2348	4594
788	1270
460	3754
1157	4674
921	2438
1727	4189
2466	3451
116	1704
314	761
1215	1612
3795	4775
2417	4775
946	1406
826	3116
895	2055
1092	4602
3267	4538
3354	3859
3925	4664
1427	3568
367	4070
1585	2537
3860	4156
731	4779
2817	4156
971	3342
952	4862
3831	4156
1147	5085
192	3865
96	1499
491	1660
248	4976
1361	1679
1679	2981
603	1679
1480	4978
1147	2918
513	3107
2265	4156
22	4474
2028	4943
1703	4819
1024	1679
1670	2153
803	1527
2020	4664
370	3116
788	3866
456	1679
4480	4876
116	1760
3908	4872
922	4962
873	3586
1056	4315
2605	2875
513	3086
1591	4827
1056	4551
1514	2031
1800	5040
176	319
4464	5022
1991	3911
4156	4523
3116	3620
2775	3289
3157	4113
4079	4156
364	2835
2712	4775
1679	2420
3261	3837
1120	1800
1243	2850
988	4328
2040	4984
1454	3496
92	2456
246	4365
116	1840
249	2972
838	1486
1679	3729
123	4775
4525	4712
4478	4651
343	4958
401	3223
1679	2531
994	4775
1235	3166
1686	2791
3612	4271
299	2153
1331	1856
960	1679
1590	2843
3103	3974
1283	1897
985	1331
626	2625
2269	4053
1113	4012
2985	5026
309	5068
679	752
3208	4891
1028	3010
928	3538
1426	2829
3199	4544
15	1430
591	2118
2118	2918
1527	3105
1679	2831
205	2775
532	3254
1727	3559
88	751
2216	4899
923	1390
1615	1679
2706	3496
1107	2307
443	2755
1462	2706
1628	1892
3262	4308
92	3213
2818	4240
208	1527
149	246
2118	2743
3984	4404
2203	4750
4039	4329
1641	3319
4415	4478
698	2752
1139	1640
1324	2145
4156	5108
2199	4968
276	3850
3963	4018
928	4156
3573	4480
1094	2177
529	1585
2625	4174
1679	4481
848	1752
557	2613
2041	2775
2310	3863
1402	4461
2496	3685
922	1527
4201	5070
872	3703
2918	3884
2850	3107
3710	5138
3974	4163
1679	3798
2929	3768
1388	2605
116	2528
1679	2362
4478	4529
891	3317
923	4928
3995	4045
354	1251
343	4364
205	2118
4603	4872
1679	3166
3116	4949
283	4750
144	4252
983	4271
1034	4274
926	3231
991	1430
188	4271
3233	4220
2692	4156
2196	4809
2216	3295
1120	1454
893	1640
913	2934
1742	3226
127	1776
2615	5040
1948	4917
2438	3724
1499	2277
1679	3578
1979	4594
1279	4971
1679	1916
1679	4043
1215	3163
401	2197
973	1404
1679	4121
3190	4723
271	5122
1480	2951
926	1527
1639	2888
116	1451
1679	4040
209	1294
123	3116
1215	3100
867	2270
1980	2791
1679	3261
570	1679
1679	4167
2835	3105
1517	4775
3153	4775
1121	4819
1483	2438
2382	4169
2270	4393
500	3639
2476	2615
92	686
1679	2871
1161	2492
2294	4932
30	3925
2775	3853
3796	4156
2476	3320
116	1648
351	3116
88	2013
116	5152
221	4818
1113	2011
1430	4674
2264	3534
22	4120
1679	3996
269	2474
2438	4763
1979	2799
1182	1872
1215	3038
1324	3198
1854	3116
1306	3116
1626	3717
1679	5086
361	1527
2266	4156
314	3101
946	3780
848	3262
3974	4809
116	2889
1679	4210
1527	4739
255	3082
800	3946
3226	5011
1679	4131
1750	3603
1293	4542
1679	4649
116	326
4271	4972
1108	4156
1527	3947
116	941
322	1537
926	4841
1068	1537
651	3361
2548	5062
2254	3116
404	3116
3056	3866
2835	3456
116	3490
942	3202
552	2438
912	4712
4463	4580
116	532
2414	4107
2519	3827
1538	4942
1712	1752
925	4362
2318	2547
637	1139
1139	1527
1890	2216
1725	2199
585	1092
1930	5084
1679	4416
732	1527
2216	4198
1776	3957
205	3995
513	612
1180	4035
448	1812
269	2214
2495	5062
270	4336
3261	3864
1636	2584
1058	2269
116	4603
209	3922
1085	4907
2216	4473
2071	2438
118	1679
1056	3503
1679	4618
3629	4790
958	1108
1036	3696
2118	3984
3025	3116
3528	4735
59	116
833	1139
4018	4537
637	4399
269	2118
1679	4163
2626	4619
275	573
142	1979
176	314
2738	2877
2502	3442
1679	4037
1113	2054
2177	3299
1726	2534
66	314
127	1639
116	685
1058	1094
2360	4156
990	1130
3247	4077
1248	5026
2934	4485
314	1426
2605	4608
2261	3456
2078	2798
2585	4272
2918	3895
1679	3139
1524	3299
1909	1993
4201	5006
3760	4480
1679	4665
679	1527
3247	4201
3840	4311
284	1873
581	3602
1726	3054
739	2124
914	3685
2625	4493
1527	3931
4156	5029
1679	4979
591	2362
2011	3317
1626	2605
1912	3116
1679	3434
2011	2511
339	1979
1094	2804
651	4328
3724	4547
821	4156
188	2547
1686	4200
2389	3866
1636	2224
2725	3116
1640	4156
1726	4637
1172	3503
4131	4962
1633	4787
2156	4311
682	3623
3850	4186
314	1378
1503	2476
4040	4420
1251	4907
1243	3107
892	2582
2798	4393
3534	4525
1527	2755
546	2389
2142	3512
1218	3116
3026	4827
2934	3174
2653	2880
339	2755
1025	1782
991	1966
116	2510
1679	2266
1036	1108
97	314
3021	4156
82	116
53	4928
751	3853
2506	3404
209	3153
4156	4525
3116	3821
4313	4405
1270	2118
116	2967
2852	5095
1253	4950
680	3725
3267	3352
833	4111
104	1187
2118	4364
171	2037
3116	4232
299	1866
3866	4156
2142	3853
4185	4455
1679	3493
4399	4480
4364	4415
1515	2216
651	4386
313	2447
2037	3116
2177	4711
205	2270
895	4775
133	4882
2915	4306
1159	3742
2335	4156
1063	1679
2712	4790
4156	4248
1269	1742
1484	2230
3116	4308
1598	5040
443	2269
493	1119
2835	3175
1269	5107
313	3381
1430	4480
116	1930
2852	4858
1640	4326
2438	4119
1362	4786
1217	1679
1679	3153
489	1627
88	970
2775	3573
1633	3847
3369	3493
358	3204
1951	3116
116	3921
2709	4185
649	3261
271	4752
1679	2817
2169	2177
866	4941
1524	2798
2171	4017
978	3116
4156	5138
3804	4070
2438	2531
1537	3366
1045	2625
1215	3715
2362	3559
749	2850
1660	4364
414	3454
1088	2716
4763	5026
925	2777
529	2653
1633	3105
1661	3458
973	2347
2496	3780
3666	4391
116	3806
780	4201
1930	2078
1527	4478
3984	4241
215	4070
945	1679
1679	4018
4336	4577
4945	4976
2178	2716
2055	4775
176	1679
1679	3916
1527	4962
1306	4033
3116	3872
2199	4240
1032	1243
460	1028
2190	4070
3139	4932
29	2362
707	3612
461	3116
893	2438
1113	4110
1604	3116
374	489
533	3566
1180	4091
246	4091
116	4219
3610	4651
134	4481
230	3846
732	3694
1136	4984
1626	3820
4306	4474
3330	4696
953	4010
1	1679
2657	4495
680	700
314	1156
2280	2777
833	1679
3518	4674
192	3685
942	1674
3625	3853
1679	3788
680	1480
1679	4954
581	2040
978	2118
3528	4962
116	1171
670	1679
1679	3326
2691	4770
451	2420
2605	4505
3056	5128
3299	4859
1382	3685
1666	4041
3056	5034
401	452
2216	3250
3376	4091
1726	1826
2839	4156
2835	4538
149	2269
1046	1679
116	2428
2877	4131
542	4156
585	1625
270	357
707	4271
366	1215
1679	1726
581	745
1360	1527
4176	4383
1085	1503
589	3840
345	2118
3116	4962
1839	4752
2416	3116
4077	4721
1524	2438
1313	1533
4156	4446
2858	3237
1344	2931
2245	4091
314	4175
4163	4725
1454	2438
1215	5144
3660	4819
1727	3797
2092	3016
4775	5083
833	2041
1502	2438
2398	2605
823	3204
3116	3189
116	3984
3116	3975
4986	5108
3072	3116
1679	3034
1980	4156
2438	2658
924	3003
374	2703
1113	1351
529	4357
3754	3864
2216	2652
2118	3574
2147	2895
116	2995
2934	3808
2770	4460
176	230
116	5147
2774	5128
891	4506
173	2617
896	1728
1892	3725
4740	4951
759	1626
4091	4961
66	3116
618	751
3116	4866
1331	2718
3100	4326
2585	3081
1215	4586
122	3665
1679	4479
698	2823
2582	4858
2791	4315
2844	4756
1560	3810
205	221
740	4156
3254	4156
751	4097
1527	4095
4018	4735
1532	2626
4271	4728
1679	3853
698	3747
1679	2086
637	2142
116	1608
787	3116
88	3116
704	1722
4033	5113
2118	3496
698	2438
171	1055
2373	3116
1537	2626
4495	4934
1494	4605
3381	3940
2915	4340
793	1679
1679	1818
2118	3587
3105	3317
2216	2670
376	1679
1933	2625
738	3116
762	2492
159	1382
247	1147
833	3202
2703	3116
314	626
116	3827
529	1866
4156	4357
815	845
2796	4580
2033	4156
173	2118
421	3538
71	752
2821	4156
1727	2686
903	4372
2190	3116
2934	3175
314	2454
3116	4128
833	3289
1951	4201
2142	4674
1686	1936
688	1666
1679	2720
2775	3866
4467	4682
2078	2245
591	761
2216	3223
22	325
1113	5063
773	3199
1139	1866
269	4051
3456	3928
1679	3652
3006	3853
925	1667
1129	1679
116	3622
2385	4554
1419	4968
1987	4772
339	4473
1537	4529
948	1930
3538	3752
82	4156
898	3496
230	1045
351	3686
116	1494
1679	2992
116	598
1253	4308
33	3754
4271	4841
2347	4644
601	3747
2755	3995
3674	5026
4589	4962
3116	4356
1776	5151
2256	2605
3455	4321
421	4640
3853	4473
2753	3941
2100	4306
1590	1948
181	5090
1368	2704
1172	4156
116	3370
1679	2791
4398	4907
1727	4544
867	2379
1171	4855
2265	4372
3620	4525
3116	3163
116	4309
3573	4271
815	928
1494	4913
2874	4978
3000	4775
1059	3211
892	1527
92	2468
2353	4775
1061	3493
4644	4646
3105	3116
466	3568
702	1679
581	2466
2276	4206
790	1679
4603	4712
3757	4053
2256	4775
800	4185
1590	4583
1679	3696
372	2625
313	2568
893	4949
1722	3468
88	3556
4207	4525
982	4551
893	1139
1666	3840
4382	4872
2985	3435
2216	3559
1527	3813
1770	4270
2269	3289
3116	3351
2972	3626
1466	2318
2199	4010
1117	2030
822	4882
313	491
1269	5011
533	3061
1750	4487
2347	4525
309	2303
1333	4308
35	4336
2136	3116
222	343
1604	4271
173	732
361	2118
3325	3754
26	1670
388	1527
971	4301
309	4036
664	4364
116	2727
452	4372
262	1113
3237	4182
1219	4301
2037	3589
1679	5107
1032	4984
2471	2835
1679	1938
1362	3116
982	3665
1460	5097
550	2597
562	4156
205	859
1085	2684
991	3840
921	3496
1024	3516
4651	4674
294	1679
3501	4156
2770	4206
2963	4328
1640	3866
598	752
1273	4131
159	4351
2216	4493
3925	5031
4131	4321
1527	3025
831	1826
2142	4035
3853	4326
2858	3840
1503	5004
3116	4694
1812	2241
946	3685
1331	3864
116	3566
633	1038
3806	4156
3038	5040
942	4841
202	4267
2230	3377
509	803
1440	3496
1927	2625
3754	4220
2914	4482
2118	4339
116	2704
2037	3414
314	3550
1626	2862
2031	4156
1092	1527
120	4156
1679	3932
116	4230
3116	4933
366	1679
374	1679
1685	2241
928	5128
1119	3317
1139	1604
2947	4095
645	3026
2254	3694
2560	4070
2709	4156
1391	2726
1800	4858
2234	2241
1362	1888
1679	4308
2041	3034
1604	3995
1679	3730
452	891
1679	3795
589	4478
2078	2438
1850	1912
1679	3651
43	3369
3747	4151
1344	2216
1333	1527
611	2438
299	3853
504	4950
1108	2178
833	4943
1679	4055
2197	4775
1215	3295
1686	4156
2235	3412
3376	3995
200	3267
2270	4033
2605	2829
1527	3093
4095	4961
811	3414
1953	2030
4045	4863
116	939
357	1119
1483	4586
1951	2835
1094	3056
2077	4752
3435	4819
622	4928
890	4538
2030	4958
294	1068
2519	2835
2474	4156
4012	5149
1256	3455
2547	5041
2434	3101
3067	4301
3069	4775
1722	5083
3898	4201
948	3866
201	823
3369	4112
3116	4393
1110	4764
3249	3768
994	2506
978	1215
1679	3130
2026	3116
1139	4972
2030	4759
4603	4928
1533	2796
1156	2605
116	4377
4070	4242
2216	2495
1460	2329
1147	3895
1105	1331
2672	4219
2030	3612
2534	3768
1840	3722
1340	4051
3201	4399
1063	2026
1147	4602
680	1291
2438	5154
4270	4955
2245	2389
932	1679
1428	3415
3357	4111
504	1136
1279	3116
1527	3810
1679	1923
1840	3674
1818	2961
2961	3099
4156	4863
1666	3953
1248	5017
3853	4181
1527	4113
4674	5034
22	1911
2040	2130
2027	3518
1679	5151
1679	4675
4091	4156
2011	2037
224	485
3895	4525
222	4841
1108	2585
2652	4289
742	3116
176	4362
1679	4036
46	4128
534	4962
3860	4533
162	3516
1928	2216
652	4989
134	2027
1251	3821
675	2047
314	1681
1119	2743
1774	4726
2118	2799
2613	3555
660	4412
3176	4989
3935	4554
1743	3116
314	886
2030	3860
2755	3984
1254	4189
133	4958
246	2476
205	314
248	3847
751	4326
2224	4712
615	3223
550	5134
4033	4934
2701	4872
106	2805
3369	4962
1068	5003
2829	4369
2311	3366
2738	3952
2495	4113
725	3026
1094	3853
1251	3116
192	833
604	2747
1648	3116
260	903
4156	4983
2912	4818
3061	3837
1372	5035
2812	2934
123	2755
314	4077
2746	2871
827	3620
2329	4271
3449	4156
2534	4201
2739	4872
3116	4536
354	4364
1604	2798
3116	4113
3365	3957
2716	4775
1679	3521
833	4863
1375	1679
3574	4962
313	928
1897	2287
952	3688
35	2835
2258	4764
3672	4070
2775	4271
1413	3623
3004	3837
3941	4035
2839	3274
4480	5039
2216	3808
269	421
3116	3432
4156	5153
3100	4932
2585	2812
1503	2118
1454	2387
961	3016
2426	4962
2653	4274
2071	3684
2987	4962
1679	3204
1537	4876
2156	4152
1028	4107
927	3684
1679	2349
3555	4206
3791	4622
3528	4163
2420	3739
3974	4018
867	1661
1527	2818
173	1851
3139	4156
4580	4841
1267	3116
116	4791
485	2118
1063	4070
961	1748
1215	4243
788	4480
3236	4840
1604	4045
1933	4045
1215	1703
4156	4962
1774	2531
1331	4905
1537	2329
2146	3201
366	1646
1728	4185
570	1499
1136	4640
3056	3492
314	1028
4544	4775
159	1607
452	4435
1740	3354
208	1499
246	3179
885	1430
116	2540
817	2288
1679	2199
1679	3094
1679	2738
655	1256
1331	2174
1543	2216
1984	4551
2230	4055
2078	4091
2918	4958
2199	5040
1679	4169
3513	3663
3248	4201
1248	5068
1726	4174
1679	1831
1679	3821
1598	4775
879	3503
2030	4896
122	4181
1679	4457
2188	3442
902	1951
472	2142
116	4827
116	3830
1679	5029
1679	2989
652	803
2165	3778
241	1215
142	4863
1839	4167
92	4030
896	3490
1743	4525
1926	4890
404	1432
1679	2003
116	5033
361	2582
1524	5113
924	2540
35	2216
970	3026
1679	4160
314	4932
2030	2965
732	1679
4271	4651
2438	3578
3004	3620
1253	3208
4091	4473
1092	1533
1215	2582
92	374
3538	4950
4242	4962
803	1641
1679	3201
556	598
1679	4617
591	3735
942	4962
940	1679
611	2216
573	5134
788	4790
116	3021
1774	3990
3866	4271
401	4664
788	2438
1146	1679
878	1679
2022	3703
3557	4809
2653	3853
618	4827
1267	2582
2199	4070
4035	4097
309	1636
1121	1679
116	1841
1215	1388
667	2920
2118	4871
116	352
1108	2657
342	2303
4113	4181
1674	1989
1947	5035
722	3101
314	2534
3116	3336
3056	4934
1466	1527
2653	3724
3026	4455
2930	3319
3190	4271
3299	4651
1641	2181
1584	4525
314	2386
1047	3493
343	1909
637	3202
1105	3845
325	1679
28	3555
2760	4201
4035	4480
414	764
3116	4112
1390	2973
1531	5035
2026	3307
3026	4301
1725	4272
309	5154
1246	4012
2560	4525
740	4070
3739	3957
33	2877
2216	4046
1527	4637
3825	4156
299	3468
2234	2625
154	3780
3414	3445
2118	4580
1679	4672
548	1679
4051	4225
499	2383
1743	4841
946	1454
3176	3602
751	2582
893	3636
31	4955
2078	5113
2348	4077
1679	1774
924	1991
1113	1551
246	2118
1021	3464
833	3496
230	1666
862	3686
1122	2269
707	1159
4316	4882
2142	2270
1952	2269
2031	3674
961	4605
1897	3666
1187	1632
3853	4712
3275	4981
589	1215
3351	3768
1727	2930
314	451
664	1525
664	1414
3237	3837
3116	3250
1286	1661
983	1527
2347	2465
899	2501
1122	3417
3202	5128
949	4156
626	1108
1156	3556
1324	1636
314	893
205	1139
570	1703
1670	2798
763	3093
1050	1679
3747	4321
1180	3866
1524	4033
1667	3434
2676	3810
2934	4928
1254	1537
681	4156
188	2701
322	4048
707	1679
2796	3493
3413	3653
4301	4860
831	3913
622	2985
1270	4113
1627	1947
2829	4129
4029	4775
1267	4077
2264	3186
1652	3358
1108	3853
221	1640
221	3853
3757	5108
248	1248
3056	5113
2850	4640
29	314
4268	4721
610	3629
1180	4972
2672	3257
2177	3116
2420	3395
1538	3351
4156	4866
2502	2975
509	2547
25	4538
1402	4045
650	2216
1912	2465
246	3301
116	4175
1954	4156
3267	5062
2835	3602
313	449
52	1910
3385	4560
800	2959
466	2970
1344	2118
643	3153
1215	1483
2438	4818
2439	2918
1324	4406
1585	4874
1543	2625
149	4480
898	1679
4244	4962
1113	2551
1679	1722
1678	3686
1108	1940
701	2476
2691	3116
3116	4460
33	748
116	4714
921	3847
4156	4393
1866	2118
991	3139
326	4874
448	761
1726	1927
1445	1537
448	4775
2703	3669
116	159
58	489
116	3765
2495	3685
1045	1679
589	2101
1527	3589
1533	1679
249	4779
122	982
652	1254
3589	4943
2438	3405
2200	3116
2438	4460
3116	3674
4364	4473
4584	5040
2470	3682
1679	2672
1477	4156
833	3724
1146	2605
928	1215
1072	1679
1483	1679
970	2835
2835	5085
698	4770
485	803
1215	2845
460	2775
1489	4962
1115	5144
3747	4726
159	265
2027	2985
3781	4306
474	702
867	2142
3202	4045
1604	4972
1679	1754
913	1527
1615	4639
1926	2476
3683	3684
1293	2834
230	1912
2812	3067
1679	2328
2858	3864
1679	3306
4035	4113
1092	2347
4088	4156
2118	2972
1188	2654
1901	2118
932	4864
1532	4958
1248	4775
301	1679
2362	3522
633	4932
4775	4841
309	2917
3538	4912
11	4958
1679	3507
1679	1852
449	5159
248	4759
202	1626
92	4771
339	4156
3984	4161
2605	2947
270	4764
30	4364
2706	4186
4128	4156
970	1625
822	3366
18	651
1679	3237
1679	3200
2835	2838
2153	3056
426	3116
1538	1679
1567	3747
948	3696
1378	3233
1063	1215
1401	4775
1679	2839
3116	3735
517	3678
1188	3395
297	3768
1495	4775
970	4107
660	4134
413	4712
43	5084
513	1521
942	3176
2972	4134
65	3272
455	3233
1679	2497
1113	3816
2236	3101
2704	2901
1292	4286
970	1777
2858	3754
2065	2605
1432	3528
134	3518
903	1310
474	4459
1279	1527
116	1248
1221	1679
2843	5068
2724	4888
2511	3816
1487	2241
116	4252
1193	4301
1215	3950
652	3735
1469	1679
2438	4134
30	4457
104	1585
246	2584
2438	3674
452	3957
529	1679
1537	2328
960	4165
116	2965
2216	3339
868	1068
1113	4580
1180	1537
116	4752
149	1061
377	2146
2020	3493
2934	4955
983	1825
116	3482
958	4685
1339	1679
1156	2438
529	3771
2066	3116
2951	4220
1618	4156
3450	4544
2438	4932
3081	3602
3995	4480
174	1543
329	3116
1061	3324
556	3559
88	2031
248	4787
2835	3435
2799	3116
2817	3116
1113	2259
205	2438
1061	2329
3853	3866
1188	4978
3598	5012
200	4368
1305	1679
1727	2178
517	2726
116	674
2753	4207
3760	4156
1187	3665
1679	5062
2118	3116
43	4480
1048	1679
4525	4772
2353	4819
1483	4544
3093	3116
2887	3432
4473	4986
1625	1951
1960	4165
1679	4270
4156	4725
1494	1746
173	3516
116	4515
2582	4329
2118	2329
1726	3067
928	3493
970	2470
343	3566
381	3116
4640	4984
1215	2658
853	1108
116	1762
1344	4271
25	2236
2003	2434
2934	4018
35	4858
3666	4272
999	2470
1382	1679
1094	4674
299	3866
1258	2097
1626	2024
1203	3589
1559	1674
3665	4156
2218	3116
1341	4882
352	3026
3686	4423
1679	3603
1588	4272
2216	2862
2177	4860
2078	4525
1527	3000
1286	1313
2196	2291
738	1679
3237	3864
762	2593
1604	1866
970	2912
961	1674
3116	4066
1679	2234
515	1679
841	3674
460	1215
1544	4882
3055	3116
1626	4163
624	2141
3208	3653
3215	5153
1679	3678
1628	3026
680	1313
1125	1679
570	4119
18	698
1108	2266
970	1313
330	1179
2593	3116
1215	4321
2918	4529
3474	4156
3612	3851
4860	5040
15	3116
1987	2605
116	4070
2438	4035
1344	4525
1243	3884
1306	4156
4091	4819
2768	3951
2347	2511
4111	4818
202	2216
2625	3067
211	4201
1679	3731
773	3223
602	1124
230	1527
700	2379
4033	4156
116	451
2118	4695
2593	3611
176	451
360	3116
413	1966
643	1406
4544	4819
1527	4674
1727	3932
1560	3405
2768	4962
898	1108
2573	3982
1626	2652
88	4301
351	5011
3101	3261
1932	2156
1334	2230
811	2704
1336	1727
938	4770
2695	4764
265	5042
3853	4271
2118	3175
3116	5086
1679	2987
2725	2928
866	1401
529	4001
1527	2709
2310	4775
2947	3908
3395	3716
2328	3116
4819	5068
144	3402
1215	3101
2603	4070
1273	1527
807	4620
1727	4876
907	4882
116	589
759	2216
339	443
2605	4926
116	2295
275	3116
4950	4984
2985	4819
2054	3116
947	4088
788	5113
2889	3456
1110	1947
1679	4877
3405	5026
88	5154
1755	3857
2239	4815
1670	4357
698	2216
700	3247
255	4368
3528	4775
922	3233
970	4787
4361	4867
2395	4131
3179	4045
1679	4181
230	1437
1640	3201
269	675
2434	3952
159	700
3984	4271
1679	2819
3245	5108
193	1420
4306	5006
1108	4035
1938	3275
173	4458
892	4580
205	3116
4077	4156
33	2027
2216	3610
2547	4907
4415	4529
377	841
924	4478
1640	2142
1119	4372
3116	4207
116	1990
892	1113
342	5134
1856	2241
914	3754
925	1679
1389	4775
1873	4301
2360	4200
1139	4033
716	4152
623	4111
401	3340
1979	4192
43	517
1203	3116
2915	4114
4022	4070
3568	4594
3026	4620
1202	1640
46	1156
3116	3694
1313	1658
1670	4651
3450	3810
452	4271
254	3672
2594	3603
3841	4271
3468	4156
991	2417
2174	3385
914	1147
2018	4872
116	3935
569	2362
873	990
800	3163
4949	5062
2241	3004
591	2594
1802	4156
2216	4962
2605	4856
2216	3957
192	3025
550	2947
1215	1640
2270	3866
2398	4770
1304	2438
1537	2709
4156	4186
1679	3836
146	4156
1892	2838
209	1679
1930	3696
866	983
33	4131
159	1188
1215	2329
3116	3320
511	4338
3493	3853
3550	3684
1102	3827
2794	3361
1451	1703
4770	5006
622	2511
690	4156
4775	5110
2153	3202
1389	2310
1113	5128
452	5134
1679	4757
1375	1476
3501	4560
4053	4818
2379	2496
1460	3602
618	1306
1954	4538
1108	1679
116	3928
2901	5031
2216	3004
2260	4907
4059	4501
160	3176
1108	2570
1270	2216
452	1598
2434	4010
2347	3116
88	1703
773	3747
28	4752
3912	4070
3317	4254
1679	1918
1938	4252
2716	4841
2236	2625
2605	4768
1679	2920
890	2973
2362	4506
3602	3913
1375	4765
762	3116
4091	4863
651	2594
314	1953
4156	4986
2303	3198
253	1727
4070	4675
1525	1897
4035	4271
948	2726
1404	1742
4728	4791
2118	4949
246	4461
892	2704
3267	4841
200	4412
269	2797
2570	2704
3395	3768
1679	4276
699	3464
262	1516
2398	4201
2214	2625
116	367
601	985
65	914
2395	4461
460	3443
26	4033
3496	4943
225	3977
2605	3358
1680	2118
2070	2605
3101	4169
1094	4091
982	4181
418	1291
589	4674
205	2934
1120	2496
28	4876
95	4156
4024	4674
1116	1679
1113	1728
2245	3735
3231	4340
3757	4493
260	3783
1454	1933
3116	3651
3081	4040
876	1440
928	2985
1108	5034
357	4764
3678	4819
1679	2458
1646	1679
1679	3027
1156	2993
1966	3928
1215	3237
748	3837
1722	4752
1351	3685
942	4619
4841	4954
1641	4752
2605	3935
2459	4775
2858	3435
3010	3116
1112	3056
4457	4962
1514	4245
254	2438
821	1679
1679	1777
3233	4478
970	2985
1679	2459
365	1527
1679	2217
116	745
1634	2605
1670	2142
3636	4289
1107	2311
3974	4308
1527	3730
192	1283
1215	1901
309	3302
438	4316
4240	4752
2615	4156
2581	3351
1679	3410
151	3116
1147	2347
1700	5108
1679	1992
490	1518
314	2931
116	749
2704	3072
2118	4095
925	4417
3627	4156
225	1679
1215	4091
1727	5071
1088	3233
1527	1560
1324	1598
3810	4876
4841	4962
1283	4156
1717	4958
116	4587
1681	3262
1294	2214
3415	4156
2070	4775
1760	2492
970	1679
3742	4406
515	1527
652	2560
659	2804
1604	1979
116	3186
205	1604
1533	3493
751	2177
1533	1695
116	3982
573	2303
3496	4389
3116	3493
810	2704
225	1108
618	4547
1560	3105
2328	4271
958	4201
833	4972
2362	4863
1679	4377
2458	4750
3204	3438
1966	4837
171	2438
452	2339
151	4045
200	4271
4091	4393
29	4201
1296	3116
2670	3116
2704	4059
1215	1524
1215	3016
451	4169
2026	4530
2476	4662
3780	4764
1999	2415
2169	4134
1679	4266
732	2593
1215	3464
342	1598
2692	3061
2492	3116
1215	3455
222	2985
2438	5151
1607	3768
3512	4301
1295	1752
4156	4507
1119	3840
1261	3623
1679	3270
149	3116
3995	4271
1679	2039
2031	4245
2877	3237
2850	3153
3747	5115
742	3445
216	4798
2739	4030
3866	4357
4169	4585
3354	4735
1897	3980
254	1462
2269	4986
1404	1406
1389	4620
3995	4393
1681	4962
1056	1172
1679	1980
1679	1912
902	988
2272	3492
1607	2241
1762	2456
1202	4088
1527	1953
1499	1679
205	4156
3000	4250
1108	1661
377	3754
314	4097
890	2471
25	4023
2039	2177
879	982
1679	2961
3116	3614
248	3116
3325	3555
1679	2414
1666	2216
1331	3566
159	4309
3105	4372
807	1527
3954	4156
80	116
751	4603
675	5099
4036	4711
1419	4872
3810	4048
833	4827
1476	3116
2027	4819
833	893
1527	5004
4588	4989
1306	4393
2817	3708
116	3297
1401	3704
3116	4817
1679	3358
2153	2438
1667	4635
307	4156
4156	4519
1727	1933
270	1110
1313	1402
879	3665
1034	3289
1510	3116
2799	4644
2501	4939
1666	3694
92	1742
1333	4458
2511	4035
159	3957
803	2987
931	1991
2013	3851
2755	3724
230	3116
116	3804
116	3571
2389	3859
1679	3571
3771	4156
116	3200
3791	4368
4107	4306
3026	3413
2178	4070
4711	5004
1035	4156
1679	3496
1640	4943
88	4685
2346	2605
1991	4139
3663	4156
2617	4968
1028	3157
891	2124
921	2030
4070	5006
679	4775
991	1679
1261	2506
1873	4695
2026	4542
700	2124
952	3636
1679	4607
2605	4083
4	633
205	788
116	186
2188	2471
885	4077
116	903
3722	4819
1187	4163
2393	4077
1105	3183
2703	4580
2676	4962
1746	1938
1420	3677
651	3615
342	1313
116	2256
970	3201
3415	4752
3056	3752
1727	1748
452	4406
116	1756
1679	2047
421	1619
92	2835
361	1551
3960	5031
246	3116
1136	1679
800	4113
1061	4313
1679	3857
738	4459
4156	4827
2798	4943
780	4525
1839	3409
361	591
88	4156
2918	3179
1527	4941
142	1727
3261	3566
222	4711
2996	4163
149	1058
3739	4279
2692	2877
1953	4045
1306	4399
1774	4252
914	1525
2782	4750
348	4962
252	1460
1454	3093
2605	3975
4529	4872
988	3116
2078	3202
1215	4958
2798	4156
357	1679
1623	3414
2775	3496
833	1215
116	2434
1331	3754
3486	5085
762	1740
1527	4227
1333	4163
2041	3417
3894	4095
313	2649
116	3781
209	315
823	2992
1949	2961
355	1061
134	1679
313	749
3143	3455
313	333
1626	4962
1527	2890
509	4306
313	2650
414	4301
803	4841
2013	3415
1679	2844
2353	2492
660	1932
3503	4315
2395	2438
4775	5152
1778	2823
35	4764
3742	4819
33	1215
1679	2758
985	2174
144	1679
215	3275
1979	4958
4112	4156
533	1454
2020	2481
343	3870
2241	3568
193	2887
517	2030
246	3295
3116	3486
1679	4662
171	2753
1679	4452
2181	2474
2269	2653
1113	4467
1679	3676
3847	4976
751	970
1341	2704
377	1728
866	3665
205	1313
116	4911
2909	3275
1167	2427
1120	4351
92	2593
873	1130
1633	1679
246	343
148	4077
116	2645
414	4120
1954	3116
801	1679
2287	4941
853	1679
1112	2224
1108	1402
2798	3056
3116	4306
4383	4714
53	2934
92	3952
664	2495
500	4351
3954	4770
116	3739
2199	4995
1839	3116
3116	3636
3836	4580
791	4156
4316	5035
1866	4674
2628	2755
2615	4245
1604	4480
1679	2642
942	2476
2348	3352
817	1679
1932	2672
1987	3739
1679	3116
116	3951
2706	2743
116	2127
833	4156
1534	4036
1680	3717
2142	4033
2438	4728
116	4975
1119	2290
914	2684
229	3450
3157	4079
637	2775
1679	2706
2465	2918
1131	3116
1306	4863
275	2303
394	4958
678	1679
284	1527
443	4035
2052	3449
2625	3107
3231	3663
1527	2973
1726	3350
1679	4415
1113	2310
637	1286
2013	2845
570	3435
3116	3859
926	5095
343	3199
698	4177
92	752
961	4271
1873	3004
690	4306
1034	4859
313	3080
1641	3116
3476	4012
1286	2142
1626	3115
1537	1697
2199	2448
2013	3935
970	4819
2573	4306
2434	2703
788	3468
831	3602
116	1588
2040	3103
372	4958
2470	2873
896	1679
859	4943
3116	4710
509	2438
2270	3201
314	2829
971	5154
2013	4787
1061	3908
174	2615
1527	3987
3116	4770
2850	5159
33	2239
3231	4271
2196	2438
1333	1430
357	4775
2585	4473
221	3376
2835	3836
3808	4928
4022	5015
3351	4942
3445	4185
253	4651
221	2755
413	2947
780	3026
1139	4091
623	4271
1543	3219
1679	4460
402	1679
366	3493
570	4586
1527	5103
2875	4928
2582	3694
1685	3566
1215	1800
2168	4962
1626	3067
116	3967
1880	2852
4156	4666
1679	2549
4257	4580
1331	1679
241	2501
2605	4308
4775	5017
722	1667
1679	4024
1746	3003
314	4129
4393	5031
2270	4876
2027	3512
1514	3674
3116	4131
3245	4547
982	4156
2031	3722
2303	4905
2812	4156
151	2287
205	3376
1667	4457
914	1406
3116	4240
1679	4110
1068	1503
2915	2928
3512	3866
686	3739
205	2755
3797	4775
449	1014
3649	4467
862	973
920	3272
2653	3607
1475	1679
1742	5011
1187	2100
489	2704
643	1679
3847	3860
3116	4354
1679	3535
2118	3722
2177	4035
4859	5108
1097	1679
3747	4763
284	2582
205	4399
2625	3810
343	2918
1873	4046
1430	2844
269	1215
2829	4738
1740	2492
1726	4097
854	4156
2438	4517
651	4066
2216	2607
2438	3376
2582	2658
2389	3995
4364	4525
1679	4107
517	3369
4036	4712
3859	4156
1703	2438
3272	3810
652	2814
643	1404
629	1679
4107	4467
953	1679
4405	4778
1203	3414
2975	4156
637	4357
1028	4882
2092	2974
28	4674
970	1215
1430	2835
1085	3602
26	1679
2260	4095
1476	1679
556	1987
1679	2494
2027	3722
1057	4458
2522	4775
92	1481
116	3136
3047	3840
1999	3056
1265	3116
4220	5015
927	3683
35	2746
1489	2704
309	816
3754	5128
1248	3612
1094	4271
123	4827
2909	3003
1034	4053
927	4156
299	3100
2835	4764
357	1110
215	1382
249	988
109	1679
2230	4726
1679	2028
1533	3765
999	4252
1679	3051
1248	1679
942	2805
374	1113
230	1812
3987	4544
2414	3351
2196	4041
1108	3235
2835	3870
1517	1679
581	3352
269	2045
77	5159
4271	4772
1679	2367
1890	4775
591	4580
4156	4352
833	3757
326	2918
388	4156
3395	5015
4725	4968
1119	2118
4033	4399
731	2270
2230	2329
3413	4943
1085	1679
271	1727
224	1641
589	895
2348	4271
4001	4033
1723	3837
361	4878
1987	3450
2459	3603
2881	3794
1248	4245
1202	3056
4271	4911
351	1679
299	2934
886	5068
2706	4156
391	4630
116	2386
469	3116
652	1462
314	2398
2259	2934
1679	4339
1454	3754
896	4461
1679	2311
3677	4201
1243	3538
664	5062
3566	4905
1782	3866
31	132
2013	2959
2755	4827
269	4915
602	3877
1260	3012
2765	3354
1429	4383
2438	2871
4306	4775
3190	5083
3724	4053
1306	3512
2245	4480
3414	4381
2457	3432
4152	4905
2241	4905
1533	1537
343	2615
1619	2362
1430	3116
2752	2972
2078	3116
2239	2362
325	2858
2873	4070
2912	4815
4603	4711
3135	4156
3116	4989
1136	1507
858	3116
867	2496
589	4326
4091	4356
2653	4818
2070	2216
2438	3870
3026	4943
37	2438
2199	4580
2203	3056
3534	3694
1093	3061
3859	4872
3395	4131
252	1717
307	1872
1679	2764
1093	2877
1952	5083
3116	4525
2847	3796
926	3105
838	1679
4156	4817
1215	5026
1009	2135
2973	3810
364	2438
3361	4955
2600	3602
116	1828
3116	4602
1215	3352
1110	5035
249	3116
2118	3603
1619	4201
365	2951
354	1507
1094	4480
4219	4328
1248	2224
2628	4480
1626	4430
284	1499
1679	3105
58	1113
1313	3116
942	4662
1404	1679
751	947
1215	3518
2438	4863
3233	3254
2177	4712
1679	4978
3840	3941
1243	2130
958	4361
591	4271
712	3116
2347	4001
1113	1679
209	4984
1679	4301
1527	3433
1657	1679
867	946
1061	2996
92	693
1115	4841
271	2199
122	2768
4156	4622
1679	1936
472	4495
188	2118
1872	3864
269	1214
4282	4775
314	2830
200	4070
3445	4775
295	1987
1839	3589
313	817
2118	2266
3483	4962
265	2535
2118	2280
2070	2277
1203	4121
601	2858
1251	1420
1265	3167
1587	4763
2447	4156
116	1925
3166	3747
489	2676
1752	4968
1527	1640
1088	1215
33	601
2798	4651
246	2835
3754	4156
1267	2701
509	4336
219	4156
1679	4874
731	1679
2877	3026
2468	3336
247	1679
1679	1706
2260	3450
1609	1674
962	2241
1667	4156
18	4268
443	4156
4152	5151
1666	1679
921	1679
1286	4480
1567	4763
299	2775
1092	2118
339	529
3895	4167
1164	2817
1533	2216
1679	4753
2290	4525
472	1524
1584	4772
255	1215
325	3236
867	1604
1679	4764
116	4045
209	4950
271	4872
2024	3116
1202	3853
1703	3987
141	313
116	3647
2216	3797
129	4040
160	4070
1136	2468
88	4365
2314	3694
2739	4525
2200	4185
1215	3843
1679	4048
1455	3116
1215	4951
185	1679
1036	4962
221	4271
401	803
1623	2625
2142	4130
5062	5084
176	2466
1475	3464
1471	1679
116	2644
2210	3602
3450	4118
1086	1679
3405	4819
3116	4039
1480	4474
1782	2078
1533	4525
249	2822
326	2465
4594	4863
591	2339
761	942
3116	4156
801	942
2547	4478
4156	4934
230	4029
2092	4798
28	928
98	2216
1533	4646
2027	4461
1413	3395
26	4156
333	4640
1503	1679
2118	2347
1613	3233
4156	4772
2353	5015
788	4033
1919	4775
1313	2124
3105	5138
253	4070
1437	4558
3245	4156
3649	4932
942	1532
637	788
1119	1147
352	1061
680	899
466	3116
3198	5134
1172	4551
1679	3802
3362	4967
2931	4871
667	4999
1679	4586
1057	3262
2367	4220
1585	1679
1428	5128
552	1122
3059	3116
1670	4863
2438	3747
4272	4779
2328	4156
333	1014
3299	3330
2724	3700
343	3837
591	4605
1036	1930
116	1842
3072	4907
1679	2261
3866	4033
1306	1527
1680	2438
2329	2613
1527	4644
4040	4062
1108	1460
3975	4775
2582	3810
3116	3925
1679	3082
1641	3107
3116	4955
831	3116
1537	2992
1399	3116
116	1193
2985	3987
230	1537
2428	2835
1113	4059
116	1754
322	1679
2850	3116
134	4301
314	973
1063	1727
2199	2593
4111	4461
269	1493
4417	5101
2511	3895
1679	2256
971	2531
29	3381
221	1094
2653	4859
2839	3296
1932	4134
229	3925
2230	2973
1679	3810
1688	4048
4480	4943
1045	2142
230	2989
116	4287
635	1962
1976	2605
3853	4070
920	1770
529	1094
2360	3201
925	4841
1179	1679
985	3261
2835	4186
3566	3864
1063	3069
487	532
1901	3299
241	962
763	4858
1292	1912
4372	4546
637	4480
116	3205
3471	4907
637	4156
2417	4580
1679	4001
313	581
3067	3493
751	1554
859	3295
859	4035
1679	2600
122	2989
374	4059
1462	4372
2548	3413
700	3677
3418	4580
314	2973
3742	5134
460	2912
241	4156
466	1679
116	2847
314	1085
4329	4815
3395	4201
1521	3922
1679	4399
4361	4872
1482	2650
1685	3004
1948	2936
2471	3116
780	1679
960	5004
4399	4972
116	2977
1313	2577
122	1172
118	3747
3707	4156
1061	2625
3665	4551
803	3589
3405	3435
543	4968
283	1746
1289	1527
116	1711
1774	2142
1061	4391
546	2582
1727	4526
1148	1679
1679	4328
1679	5015
339	4818
374	2434
1113	1533
2040	2045
374	4030
248	3851
3771	4053
700	1480
3261	3385
3995	4943
116	4892
343	5071
1620	1945
3768	3908
1324	1800
460	3026
29	556
1679	3384
3450	4398
2912	3866
3055	4770
1055	3116
1527	2190
704	4271
2270	4326
679	903
2799	4981
1893	4478
803	2037
2945	4608
1313	2918
4882	5006
2835	3831
2915	4077
2218	4775
854	1679
3415	4271
1483	4962
803	2887
629	4872
1313	4646
903	2506
2216	2738
1187	1924
1061	3442
374	2362
3247	4155
3198	5151
2329	4775
374	4257
4827	5017
1038	1679
2376	2605
2203	4756
53	297
116	2875
313	1214
2850	4984
1873	2398
3233	4962
1248	2178
1660	1679
3100	3941
3199	4201
1679	2402
1215	3587
1679	2254
4311	4775
1679	3538
1727	2834
333	811
200	4156
2726	3696
332	4083
1679	4503
2142	4326
1527	4863
120	3935
894	4405
1172	4315
3739	4780
3984	4365
18	451
1430	2438
1679	3339
2040	4404
3015	5138
1189	1679
29	773
2877	4779
803	4798
1251	5149
342	452
1679	4103
1482	4962
3267	4271
637	5031
451	4187
1679	4391
959	4580
513	2649
2216	5113
893	1454
2459	2817
1472	1679
2234	4580
1472	4156
2624	4308
1215	2471
942	2118
1275	2200
2466	4499
1270	4480
1119	3486
584	4580
1679	4734
2511	2676
942	2967
2118	2902
2582	4156
2216	2829
3596	4156
1679	4286
3055	3261
374	3735
4129	4738
2645	4156
209	3122
913	3116
1774	2329
173	381
314	1527
3415	4053
991	5004
4461	4667
2438	4685
1679	2718
1727	4351
2266	2438
2573	3233
92	2628
347	3860
1265	2850
221	4480
4603	5151
1717	1993
3816	5122
394	1281
309	4152
347	2843
1851	1861
2118	3433
1716	4156
649	1331
1640	2389
225	313
4111	4547
1726	4353
3492	4053
4272	5035
866	1987
1341	1717
2936	4201
1840	4696
1117	3847
151	4113
2746	3822
455	2382
2589	4928
2684	3445
1113	1627
4165	4231
1215	1746
1451	3116
116	2230
29	2625
116	3122
3538	4968
347	517
268	3696
2066	4383
899	1798
1000	3116
1147	1590
610	2593
1704	2145
1280	3722
1459	2585
4156	4842
3857	4070
122	879
172	4129
891	4201
269	2756
1527	4517
3404	3984
626	2216
116	3895
1679	2175
255	1140
918	3837
1840	4201
4156	4405
1936	4258
221	4156
1980	4200
895	1120
4790	5122
1897	5149
2915	4156
313	4404
550	3953
4274	4962
831	1260
2520	3432
3493	4301
2438	5035
1740	4537
3659	4458
2829	3982
133	707
2917	4036
698	4070
2753	2805
712	1679
2284	4405
1119	1873
660	2672
4369	4764
2291	4041
367	3395
1679	4505
725	4040
591	1590
2142	2438
2585	3912
961	3116
2888	3747
413	877
1626	2797
489	5128
1626	2398
2625	4110
4480	4949
3796	4478
1699	4364
1248	1598
4603	5004
2476	2560
149	4399
651	2118
1717	3984
489	4972
1202	2951
2506	4525
4120	5040
948	1430
3860	4837
1061	4156
854	1243
1679	2272
938	1679
2934	4306
3295	4932
2224	4928
1413	1679
1938	4095
129	4482
652	3072
1782	3202
903	4391
123	1113
1667	3704
116	1489
2178	2531
3862	4201
2071	4763
1477	4525
914	2379
313	4156
313	2047
1947	3623
2653	2755
1527	4700
1800	5068
1521	4872
2013	2410
1722	4040
1679	2522
159	378
4163	4928
947	2142
833	4525
159	4467
1916	4156
3299	3518
2063	2468
4097	4962
2496	4580
1527	4949
2835	3352
1679	4023
591	803
1679	4478
1180	4943
947	4271
1215	3211
1416	4962
542	752
116	4723
3493	4030
2625	4130
1108	2259
788	867
971	2031
1679	1941
4526	4876
1139	1679
1430	3369
1001	1679
1189	1215
690	2915
1105	4062
1604	2438
1584	4962
914	1092
3496	4091
307	3566
1778	3739
1187	3214
704	2118
589	1666
854	4525
2254	3492
2697	4156
1095	1679
1679	4496
3116	3262
3289	3724
1679	2821
425	4775
550	573
1025	4357
1537	4282
2676	3105
2270	4399
116	1722
859	2775
3247	4978
2613	4156
233	1679
1679	2551
1679	4583
396	1679
1839	2092
116	2220
2034	2241
833	3672
2118	3866
2724	4695
1112	4053
116	4083
1639	2934
1703	2835
741	4315
788	2798
116	1199
1103	1679
33	3566
1477	3116
688	3863
1626	2934
877	2216
43	4636
1108	4189
1527	2777
1527	2928
116	2383
1355	1679
2181	2385
46	1292
3096	4368
3317	3810
2260	4580
22	1873
1776	2027
2828	5138
451	3101
1657	4458
2216	3054
4674	5128
1414	2625
971	2615
343	3589
364	4981
1240	2797
633	4962
932	2914
1543	4775
1660	3361
1172	1679
1215	1503
1679	1906
4580	4962
517	921
2365	2958
1950	3603
704	1872
912	4711
92	4070
1180	1640
1112	1524
1912	4775
1679	2777
1215	2118
5026	5063
116	3763
462	1527
1058	2653
854	3377
116	1531
2794	3116
1215	4364
4167	4962
2024	2605
35	2511
1746	2239
800	942
893	3935
2694	4738
4156	4905
1248	4780
3840	4035
1101	1679
2078	3866
1113	4725
2706	3179
1679	3806
1273	4525
1502	3765
1722	4156
43	4207
3116	3475
2653	4827
2694	3935
1991	3413
1679	4070
149	1139
3299	4035
4478	4674
533	3237
4326	5128
2224	5151
249	2200
2311	2625
1248	4525
66	2747
787	2181
343	4809
314	4351
971	2912
1428	4775
1527	2458
1187	2040
3116	4798
2753	4991
611	1281
1215	5031
3116	3740
3358	4433
2013	3860
339	4091
833	2653
116	2729
284	3479
1679	4258
823	1480
924	4095
1218	4775
1331	1487
116	2740
3602	4386
1108	2676
2535	3342
284	4405
116	3153
314	1679
978	2438
1742	4558
460	704
901	4192
1045	2216
1430	2183
2658	3301
1613	5003
1912	3046
1056	1984
129	3248
252	361
1679	3365
4775	5018
4156	4922
1623	1726
455	2070
1058	3757
2506	3573
2934	3847
283	941
116	4407
116	4261
3603	4912
2835	4958
192	2852
4361	4523
690	2476
1517	2216
4321	4361
129	2877
3512	4934
1294	2040
314	2725
116	4819
4045	4778
762	4580
313	4287
833	5153
5040	5151
2774	4156
1727	4198
2829	4775
314	1313
664	1068
377	1679
3947	4271
2973	4770
4046	4962
2169	4412
1499	4775
4113	4525
1560	3674
3463	4070
4326	4775
3179	4841
1527	3797
1679	2041
3208	4962
2438	4326
1728	1938
873	1092
2835	4765
1430	2658
1679	1842
823	2625
401	1527
339	3866
931	4989
1113	4815
116	1214
1679	2077
1480	3204
2726	3175
2118	4941
39	2605
1038	2183
2568	4220
116	3952
123	2818
2291	4156
96	448
788	2142
451	738
2011	2537
1679	3742
675	4201
1036	3235
1679	4287
3566	4696
2617	4537
1679	1872
1727	3339
1679	4613
149	3245
493	1533
443	751
601	4182
1679	3668
3450	4487
4326	4399
230	1428
1658	4696
1279	2118
221	3202
1524	4934
418	823
1727	4529
4943	4981
1244	3302
2292	3402
2030	3851
3435	3639
1527	4533
1524	4357
1061	2188
1679	2547
425	4958
1674	2605
1933	3233
1375	4156
2658	4728
1685	3237
1679	5125
265	3272
2118	2560
1652	4478
460	4156
1839	3319
4119	4958
1524	4863
2706	3711
2584	3198
2704	4131
1180	2755
2290	4644
3662	4519
4070	4268
1305	1752
493	4644
1775	2199
3223	4878
116	156
1727	2709
913	1215
200	3694
2796	2817
1129	3116
1172	2517
2329	4926
4245	4763
30	3299
414	1430
542	4770
4460	4819
1527	2254
1722	2812
3116	3663
2438	4779
803	2118
4271	4646
3739	4467
1108	1112
116	4738
3685	3780
1048	4493
1679	4461
1251	2393
71	2934
1679	3282
116	4842
1251	1527
4756	4962
2118	2210
1148	1420
322	2972
3077	3381
116	3358
313	2974
181	610
1679	2658
1502	2774
1726	2277
537	4034
192	780
1480	4313
1326	4775
314	2367
149	221
156	5138
71	1821
907	3116
1193	2531
532	1294
269	1521
3116	3845
3573	4943
2917	4156
1108	2438
3919	4364
877	4775
159	2980
339	4053
1527	2975
1119	5085
2912	3496
854	2118
18	3350
4091	4594
742	4070
2438	2706
2438	3202
1435	2476
248	2013
3163	4752
4583	4949
961	4525
970	1094
1774	2582
3116	3204
3768	4872
3589	4381
973	4588
307	1856
1953	4156
315	2652
1164	4121
664	2379
2388	4841
2196	4637
1727	2349
4111	4526
1267	1679
3757	4156
542	1430
1588	3951
299	1640
1743	2118
3495	4156
2746	4336
4156	4560
3116	4313
1746	4517
1679	2365
4113	4478
1679	3472
680	1061
3105	4435
3352	3404
3116	4594
748	4156
116	1340
1551	1703
3236	3840
2704	3840
4685	4819
313	2214
2118	5004
4267	4342
1215	1953
4357	4863
2615	4111
1621	4941
2245	3267
3696	4636
2798	4088
1626	2534
871	1679
1094	1113
116	2529
1873	4340
515	4156
3808	4156
333	1679
3916	4798
171	2118
205	5113
253	4201
4039	4417
626	4201
2254	3201
2118	3620
227	3116
955	1679
116	4871
452	2145
570	4156
970	2395
3272	4059
2585	3231
707	4209
1640	2078
2027	2706
1494	4201
313	2703
1527	2310
898	2835
921	4301
3493	3739
3768	4335
1645	4372
213	462
1494	1825
1727	2725
833	4986
2605	4261
752	2519
2130	3538
1537	2581
860	2218
1679	2005
3760	4874
4525	5004
4156	4478
116	670
149	3853
893	5004
462	3116
192	1666
921	4775
914	1679
354	4404
2382	4775
928	2031
982	4315
2605	3820
2420	4962
2140	2667
221	2269
4364	4406
3366	5107
252	532
1653	4156
22	1951
2547	5088
1679	2481
122	4156
1641	2092
3354	3810
249	1679
1722	3573
3116	3967
2438	4603
973	1094
759	4070
1182	2241
1679	2548
116	4776
637	1782
1626	2279
589	4943
2625	4046
1750	3908
3501	4062
116	923
3237	3261
1912	4156
247	3174
1585	2118
1294	4962
345	1527
732	4525
2277	4083
1119	2918
367	1430
1722	4181
1480	1498
1740	3528
787	1679
448	2873
1722	2174
22	1430
1215	4933
35	357
2438	2845
361	3119
550	1215
1839	2037
3492	3496
1873	5095
1202	4943
268	1286
1667	5152
1641	3409
3272	5062
3853	4943
37	2582
2934	4876
1248	2030
517	3116
2625	4962
43	3116
3235	4962
116	3629
413	1156
2118	2739
2873	4932
2725	4775
4547	4859
1498	1679
1028	4775
2224	4368
921	5068
1524	1640
1331	1872
394	4523
570	4070
426	2020
1588	4035
1679	2798
4619	4962
3004	4156
2157	4962
1361	4156
299	4872
651	2682
3105	3685
1585	3116
4156	4189
1112	3299
116	546
2704	4457
701	2613
1036	4636
2438	2582
1009	4156
866	1641
2560	4271
833	1588
959	5040
2992	3840
2731	4775
573	4406
46	1085
4364	4538
1136	3974
1733	3116
1404	3685
2199	4517
375	3167
704	4040
813	1626
3711	3992
991	1999
269	4225
1028	4271
1215	3586
546	1466
3116	4954
1681	3116
2230	2777
2613	4206
116	4580
899	4156
116	3496
224	3116
1604	2041
2531	4819
4271	4674
4405	4646
4156	4201
2146	4156
2747	4156
1679	1854
343	3175
643	2495
3739	4169
1679	4933
3327	3703
314	1021
2118	2181
116	5159
221	1180
4480	4972
2348	3116
3754	4905
751	3056
1821	3116
1667	3556
1088	2547
2835	3586
2605	4035
1679	3672
116	2456
116	534
1777	1800
1036	3369
3677	4070
1722	3625
4053	4981
149	3376
2216	2812
3002	4156
924	1113
879	4315
31	2492
2145	5134
885	2625
1537	5151
116	5128
3299	4981
833	2269
2743	4525
3116	4721
29	1679
550	2975
988	3974
1306	4271
1993	4790
4036	5128
803	4775
1451	1543
1085	2829
2362	3307
4169	5062
2875	3365
269	4984
269	532
1113	2077
610	4059
149	205
1527	2537
701	4201
1679	4723
3715	4364
2078	4674
116	2630
1938	2909
154	664
1286	2775
4775	4986
1821	2704
1527	3925
1727	2065
898	3941
1901	5115
2027	3067
1679	3445
2362	3863
1581	4775
71	4764
948	5084
509	3739
569	2605
1733	2199
2653	5108
2290	2918
925	1873
1254	1727
188	4882
149	3724
351	1742
2901	3116
1045	5113
2777	4775
529	3757
1270	5062
700	5004
1038	2259
2118	4091
3535	4315
901	2476
1419	4775
2716	3518
307	1182
703	3895
1933	4525
3201	4863
499	2672
1588	3866
556	4071
3034	4271
2190	4306
1679	4913
867	4480
953	1628
3051	3116
1679	4365
3735	4605
1210	2522
2156	5153
1667	4580
2027	4882
1462	2476
877	1989
701	4943
1121	2511
96	4775
221	1866
174	2448
1679	4738
1866	4525
2177	3067
3198	4406
5011	5107
2823	3116
2996	3116
146	4365
1826	3913
1755	1987
1640	2755
1092	4353
1866	3056
1404	1525
116	1028
2746	4727
116	2720
246	2438
1648	4872
284	3116
43	3235
922	2676
402	4156
154	3153
3639	3674
786	3568
1679	4017
116	2445
1752	4458
3274	4156
751	1215
973	3623
1108	3538
2373	4398
22	4779
3116	3677
1426	4738
3414	4752
4357	4399
786	4131
2874	3116
2118	2850
1727	3493
1134	1527
116	1254
3385	3754
2585	4151
4077	4351
699	1475
3061	3754
2216	3919
1527	4040
3107	4798
174	275
4001	5108
3302	3688
1588	4775
664	2684
275	1737
3810	4594
2507	3653
2118	2738
4271	5004
652	4361
970	2615
1679	4362
1088	1251
1524	3853
1679	4967
4365	5085
1182	3501
1368	4907
4563	4775
2382	2535
3626	4040
1527	3233
1068	3602
52	651
3722	4962
1313	1679
205	4943
3853	4493
113	3016
660	707
1598	4406
1390	2118
4308	4697
1313	1585
2658	3724
3245	4986
761	4958
860	1364
1948	4962
1537	3528
2888	4763
1679	1703
3245	3757
256	4156
1269	3226
854	2466
452	4186
490	532
1454	4156
1537	2256
543	1167
33	176
4399	4943
1028	4077
493	1092
637	4045
4308	4941
1938	2625
149	4525
2030	3038
116	149
1503	4649
1727	2106
2456	4034
4735	4740
4282	4383
2704	3068
116	4381
1419	2605
1215	3512
4580	4732
732	3208
635	3116
1681	2814
4118	4219
3703	4962
3131	3174
1503	2438
868	4605
1679	3781
691	4156
205	4053
1331	4017
1430	2321
4594	5062
116	3550
1108	4651
1984	4181
3686	4775
1679	3395
3825	4368
2756	4872
1679	2281
314	1292
848	3821
1625	1679
3685	4547
1451	2130
873	1533
22	116
3105	3435
2718	3666
339	4525
3054	3730
1451	2793
4594	4962
132	1657
862	4723
1608	5031
591	2471
314	4978
3237	3566
546	3863
1119	1679
2216	4928
116	4190
1313	4529
882	2165
4775	4942
4045	4818
448	2731
149	3289
4712	5151
2770	3672
1625	3731
1215	1270
92	509
1270	4151
192	4986
46	3176
1679	4433
686	1679
2724	3116
751	2959
3395	4962
2027	4711
2818	4943
422	1061
2476	4563
833	3116
682	3493
3122	4139
773	4369
3806	4775
1430	3235
946	1404
1640	2118
1215	1248
1679	5103
1527	4602
448	4962
1891	2141
1291	4030
249	1313
1585	2347
960	1527
3116	3996
2310	2847
873	4644
1527	3614
2889	4837
1344	3116
116	4268
1179	3643
333	2040
391	4962
952	4048
2850	3977
192	4695
1432	1527
811	4798
1061	4538
601	3918
1092	1313
116	275
2261	3860
1108	3468
1912	4416
1679	4367
3116	3786
1679	3735
1454	2270
1875	2118
230	2534
759	4253
4033	4433
57	4156
1597	3272
991	2674
1215	4554
116	3073
891	2069
1419	2216
1039	4059
1045	2153
589	2605
3708	4113
1587	2253
1432	1679
2183	3450
376	1893
230	2547
116	4139
762	1527
649	1856
3810	4525
1430	3175
2703	4257
589	4088
2142	4478
2256	2625
803	3414
1435	1891
2511	4039
116	973
1679	2676
2071	4120
4059	4365
400	4517
2963	4219
1038	2054
126	224
2457	3984
3574	3810
394	1130
1221	1420
1527	1948
3863	4156
2376	4775
2912	3000
269	612
2216	4711
2568	4156
1527	1551
92	1113
3724	3757
1521	3538
4525	4841
116	4972
1619	3107
3797	4872
893	3202
3984	4030
1527	3573
2818	5062
1679	3872
1045	1727
1527	4342
2118	4644
1136	4217
249	2266
2743	3116
1679	3780
2934	4334
3528	5083
3202	4949
601	4114
1159	1704
1679	2496
748	3754
2547	4651
1679	3948
1428	4156
131	2476
1313	4558
116	4152
4181	4551
3319	4752
926	4010
230	3768
2055	4962
704	3116
611	2511
1142	1679
1487	3754
205	4393
122	3503
4381	4798
291	971
2270	4480
3265	4156
1527	3865
233	3715
159	1454
1543	2770
3857	4156
2918	4525
1147	4525
1147	1533
116	5000
296	418
314	2184
2511	3780
751	4035
116	2819
1782	2755
1728	3863
1055	4156
354	670
903	3175
2573	4882
2782	4775
1679	3752
4033	4271
2835	3853
2417	3840
1085	5128
88	1215
1861	4033
2584	5040
970	2013
2027	4712
3308	3513
1527	3267
982	2989
707	4272
2118	3859
1679	1993
2568	2835
2805	4156
1679	2703
827	1679
2078	2775
3299	4357
1159	3957
116	4077
2909	4981
2070	3493
1621	4608
946	2496
1093	3837
1248	3116
500	3722
1061	1527
1679	3998
314	2118
2347	4646
946	3247
2013	4763
970	3847
4033	4827
1058	4113
2225	3825
618	5128
1626	1727
2605	4876
1024	3455
925	3116
2921	3116
2755	4473
1499	4417
1147	4644
946	4636
1679	4536
1215	1390
1679	4912
4580	4752
1872	3566
270	5035
1679	3152
2216	4066
3369	5084
192	1679
2495	3175
698	4156
1028	2438
2070	5083
2797	4984
176	4070
2200	4607
1345	4177
3116	3870
1639	2410
116	4778
926	4271
1680	4274
942	2496
1253	3103
1105	4697
2755	4156
489	3816
1679	4537
1679	2013
254	925
3739	4457
1039	1344
268	925
333	1212
3739	4617
3131	3493
1543	2674
4416	5011
1243	2466
31	732
869	3747
3556	4882
2303	2835
1679	4941
46	3493
3116	3603
3538	4941
314	813
3267	3602
2178	3840
2321	3351
2307	5090
2658	3925
3413	4863
774	3501
3866	4943
188	1527
254	3116
116	4867
2989	4156
3047	4070
1979	4525
1660	4156
3732	4962
116	4749
3116	4364
3612	3894
1094	4876
452	3742
339	5128
637	3696
200	1527
1875	3116
1560	4841
4775	4971
788	859
1215	4022
4240	4271
591	4871
2930	4872
651	1527
116	5149
2037	3202
1679	2998
2812	4342
983	2348
1680	3866
2589	2605
1147	3116
4046	4070
3317	4220
1088	5015
2362	4593
1679	2906
2171	3603
2266	4035
253	5068
25	1609
748	918
3174	3231
2362	4603
2438	4091
489	3493
1527	2823
2379	2852
2118	4342
1202	2153
1679	1860
1679	3882
2534	2909
1146	1626
1679	2265
1679	4878
3573	4156
4644	5085
1430	4868
2615	4763
679	4525
914	2495
769	3233
1108	2393
4480	5153
149	637
1679	3501
2510	5122
297	4962
1679	3607
2847	4928
1538	3443
1679	1846
892	4525
961	1462
1641	4656
3116	4366
952	4070
2805	3598
2605	5113
803	3116
2470	3000
3826	4525
1108	1634
1533	4530
1313	3810
1074	1717
3276	4538
159	4240
1728	3806
3474	4033
65	1679
1680	3295
2593	4798
2835	3636
1533	3486
4463	5095
2199	3418
1430	2890
309	1527
1537	3352
3100	3299
1875	4525
2329	4306
3417	4988
325	2241
1679	2709
149	3866
1679	1825
2041	2755
3810	4368
1477	3974
154	3685
3925	4750
1872	2241
2974	3715
2682	4505
3615	4962
314	3072
664	914
3816	4971
1527	3179
4070	4723
2009	4443
313	2797
1726	2875
1455	1991
357	1947
451	2045
3354	4387
356	2040
269	1032
2858	3236
893	4932
3928	4837
4271	4538
1001	2241
3672	3717
474	1547
1949	3272
3534	3826
1893	4040
2142	3201
923	1215
1945	3974
861	3414
1742	2199
4815	4928
65	3685
314	922
2398	4070
1074	2613
1430	4577
787	4558
351	3366
1313	4271
1202	3330
1139	3866
339	4986
116	704
1498	2216
1270	4189
448	4036
3116	3417
224	1679
2040	3153
3381	3534
877	2615
1628	4932
2177	4033
1260	3116
249	4588
3352	4241
2216	2347
2346	4775
1679	2271
2617	4308
513	1032
326	1658
1313	4644
513	1014
1035	4271
132	2287
1270	1527
129	1679
971	973
2495	2496
3233	3895
151	4189
988	2963
474	2338
1679	3849
221	3995
2975	4712
1842	2605
1056	2989
1331	3261
3153	5062
347	1248
1477	1770
960	4156
1092	5034
230	4349
4070	4071
4207	4538
1428	1726
2003	4815
347	961
2224	2303
3493	4070
120	1952
1180	2438
1402	4841
487	1679
84	4156
732	4955
1486	4156
357	2746
354	4139
58	1679
2949	4029
4201	4417
1746	4841
2888	5026
1061	1283
690	942
1059	3116
1105	1182
1679	3931
1313	2118
2672	3003
88	413
1680	2912
1679	2180
3935	4156
1686	1980
2216	3677
4274	4728
1636	5151
448	3190
2199	3077
2177	4097
269	1265
230	4174
1270	2775
1273	2118
4033	4547
2652	2934
890	3179
906	2175
983	1991
756	4156
751	928
1161	3559
88	4383
3865	4404
4943	5062
700	4987
3820	3952
927	1679
1034	2775
2047	4051
841	4763
1215	3207
1590	3685
1466	4525
2142	4972
1679	1890
2216	2496
472	2270
401	866
116	174
1527	4584
1726	3953
1598	5134
2153	3863
2438	4036
1524	4399
2796	3586
3559	4306
116	3922
188	4005
2692	3004
159	2605
581	3190
4156	4207
372	4156
2310	3663
2181	4694
3413	5062
1243	3116
791	1679
2972	4525
2459	4417
2797	4950
2275	4882
364	1150
116	3894
788	4943
2438	3496
2078	4480
3116	4827
698	4651
823	1722
921	2448
2928	3352
4361	4882
3231	4113
848	1260
1202	4863
1349	3493
2303	5151
2303	2584
3674	3722
1063	4764
314	1362
149	1866
990	1937
6	1679
1430	1538
732	2040
1193	1215
2362	4580
3191	4962
2438	4544
1507	3208
2838	4932
1626	1947
332	3233
672	4962
1527	2738
314	3405
2625	4062
859	1527
249	2643
4124	4584
269	581
4010	4151
3326	4664
2027	4958
1640	1679
698	4201
2652	4775
229	1267
513	2045
4156	5151
2118	3105
651	3384
1270	2573
3317	3919
4156	5033
682	2414
4040	4530
1679	2769
116	3003
3739	4232
452	4871
2174	3754
970	4383
374	3952
357	2835
699	1598
2115	3270
1597	4156
4113	4841
1682	4768
914	4636
1157	2216
948	2844
2835	4954
1124	1585
3026	4340
3226	5107
1034	1215
1873	3557
893	1430
2118	2382
885	4336
2438	3176
2471	4271
971	4336
116	2252
116	4682
537	2456
637	1313
991	2691
2817	4301
1679	4560
1679	1904
939	4070
604	1679
2753	2835
455	803
1122	4859
1313	4113
3116	4501
773	4738
2843	4200
764	4201
3105	3722
1180	1588
254	4156
493	873
867	4088
116	4489
116	4493
3719	4790
2534	2625
732	2181
761	2725
4417	4775
958	4022
325	4271
777	4962
188	3445
3202	4035
1722	2835
2798	3866
931	1679
197	1679
3308	3451
1740	3116
4156	4818
1590	1993
1679	2425
1727	3223
1110	4336
961	3299
3496	4088
788	1670
4301	5040
1527	1954
1746	2594
637	1527
1679	4033
1025	4156
1527	1873
1061	2927
4775	4928
4156	4581
570	1483
866	4209
489	4622
1000	4775
3245	4859
1679	2115
343	1331
3366	4554
1667	3925
3026	4496
4156	4538
854	2918
116	3957
983	3116
246	4478
2798	4972
1419	1727
1215	3919
3189	4151
923	2605
849	2438
573	2145
1134	2118
1527	1722
2126	2672
1215	1414
314	4268
1936	2747
3026	3054
1180	4156
2531	2716
1203	4201
33	1235
4070	4505
1679	5099
473	1608
1679	3825
3307	3568
868	1947
1679	4745
1285	4095
319	361
2037	2092
1527	1901
3370	4580
598	4070
2124	2934
1462	2709
2751	3615
2003	4010
680	3116
2918	4415
543	1521
4306	5151
205	2245
1047	1679
2605	5011
960	3116
2181	3107
707	1873
3381	4640
116	3447
3116	3931
867	3866
452	3568
413	922
1269	2124
1581	1897
3586	4529
841	2615
4156	4810
2496	3153
2533	4843
1948	3116
309	2177
4156	4779
116	3289
3700	4070
626	1727
1679	2449
2909	4972
2438	4986
1113	3418
1679	4150
469	1215
573	3198
1585	3198
2339	4055
3810	4750
1533	3116
3853	4393
1627	4764
3722	3810
2835	4053
2041	4496
926	4045
365	3116
4357	5113
3116	5022
443	3496
971	2835
1560	1840
3513	5122
1313	4525
260	4220
2765	4169
35	2871
4156	4803
1527	4257
1113	3739
655	4321
651	4525
1722	2142
260	1679
890	3116
205	637
291	2625
1728	2252
3116	3307
2605	3317
688	3116
472	4156
92	1430
2448	2704
652	3850
958	2605
2216	5071
116	1924
1560	4206
867	922
3116	4912
150	2241
1039	4313
1537	4711
116	1210
129	5041
2031	2615
1460	4646
543	4306
513	581
246	4185
1679	3611
3350	4095
3612	4759
314	2560
1430	4934
867	2118
996	1679
601	3094
1704	3198
978	3103
2434	3739
92	4139
132	4271
2917	5154
98	1679
652	2154
1311	2605
211	3116
3868	4156
1283	3735
313	3493
570	4819
781	1679
649	3864
1598	4819
2234	2306
1382	2118
3636	4580
1270	3201
192	971
1679	4988
623	3797
296	3116
449	2850
1640	1670
4051	4484
682	4752
1615	4190
1746	3275
1527	3432
295	314
529	2880
2181	3589
700	4712
404	1740
732	3725
1839	3414
462	4525
1061	1402
367	4558
1746	4231
3847	4819
287	4580
2351	3951
2279	4070
116	3456
2438	5128
1551	5004
230	3307
660	2169
788	1139
1679	4120
221	1527
2471	2704
2628	4045
1215	3555
1425	4306
230	4928
589	1641
343	926
116	1110
1527	1661
88	1607
3096	4023
3319	3492
1679	3951
867	4393
732	2118
761	4257
704	3501
3093	3951
752	2936
637	1604
971	3435
1202	3512
788	2775
1484	1679
2203	3677
1202	2030
2506	2676
732	3653
18	5026
184	1679
2909	4383
1825	4580
1279	1873
2216	4081
1469	2915
2216	2534
2747	4200
1727	3047
1306	4130
116	2534
877	1727
2118	4124
1679	3167
2471	4662
2216	4463
885	2236
3612	3860
2765	3685
2798	3995
1187	1620
650	2836
360	2459
2027	4240
1142	3055
1120	4156
1679	4123
176	1454
33	2034
4067	5151
1061	2677
4169	4189
513	2181
3810	4364
970	4821
1679	2620
978	1527
1215	3433
985	2241
1679	3779
1061	4978
953	2838
643	2852
1202	5113
773	2026
1560	3435
116	4099
2438	4336
4435	4841
2353	3757
991	3027
96	4651
4152	5062
2927	4156
573	3568
2118	2476
2190	3603
1679	1998
1251	2724
533	3665
918	1679
1257	1679
418	4405
1074	3116
504	4404
4662	4872
732	4308
4728	4859
351	2027
1527	4091
1679	3782
1189	3116
2798	4480
2476	2964
1679	4209
299	343
2533	4752
529	751
759	4872
1774	3010
704	1588
192	280
1283	2593
1953	2303
868	4077
1584	4364
2466	2634
513	4984
413	2716
1527	2118
860	3189
1679	3080
4111	4478
601	3754
1161	1752
2178	4932
1484	1527
1406	1679
116	2289
890	1527
2214	4950
4399	5153
1866	3496
1909	4790
2798	4113
3215	4156
700	4496
961	4664
1537	2934
3179	4156
1466	4156
1912	3908
825	2970
1158	1679
788	4399
1679	2465
1092	5085
2303	4156
221	3866
1679	3725
241	1527
109	413
472	4088
469	4775
1454	4077
532	3116
637	859
1712	4962
2216	3954
1652	4036
3116	4201
4156	4399
4770	4772
3995	5113
2506	3021
1036	3754
116	4018
1880	3685
4860	4882
1979	4035
1527	3603
391	1940
3116	3152
690	2918
1344	1774
2755	5153
4871	5085
116	3414
1063	2216
1094	1202
988	4417
2275	4962
1537	3116
3757	4882
2329	4841
3326	4738
1243	4640
2216	3358
3685	5095
2338	3081
1527	3456
3479	4156
3956	4506
343	3093
1679	3229
1150	1679
3471	4735
1716	4603
35	448
970	1156
1533	2347
1537	4544
88	3708
3685	4415
1032	3538
209	513
448	1481
637	1866
1679	2928
205	3866
2101	4775
585	2918
1204	1699
4257	4752
1071	3116
149	343
1375	2474
2537	4845
4	4755
1085	3982
1726	4361
1728	2434
1524	3866
455	4077
859	2118
1414	3555
368	1679
374	3493
3768	4815
3006	5103
529	4091
339	1866
769	1679
1679	2321
332	3678
1094	3898
1892	5035
116	769
246	2658
3116	4231
1286	1782
3272	4482
4033	4326
2605	3808
1068	1607
248	3860
1405	3404
2605	3004
3557	4775
2746	4764
833	4473
2245	2818
88	3518
1486	4340
3724	4986
816	4067
299	1679
4507	4649
2709	4871
2178	4775
1679	1711
1487	3237
92	731
205	1527
322	4435
1144	3685
3341	4023
1119	5103
2812	3468
2594	4059
3043	3116
2362	2725
1727	3139
920	1825
1926	2874
1108	3864
248	921
4405	5011
3623	3643
1280	4775
361	5085
116	270
1679	2018
717	1679
248	347
1286	2041
2118	2506
655	3143
1948	2511
222	3866
1679	4335
4156	4461
898	4268
651	2847
3233	4083
838	2605
1742	2835
2310	4018
4005	4156
907	3081
4156	4480
116	573
252	2216
854	3204
533	4406
497	1679
2078	4252
1428	1537
116	977
686	1113
1679	4352
2902	4775
241	5128
4271	4863
3995	4399
2581	4775
98	2482
999	3116
2011	2471
1429	4201
53	1678
1389	4882
1215	3984
4393	4480
413	5115
1527	2439
329	413
1559	1776
116	2694
3780	4070
1826	2605
248	1117
1432	3354
1537	2124
1269	3366
1130	1281
1092	3797
230	4347
1679	3348
4242	4651
885	2424
2199	4017
1105	1722
1270	4646
3925	4525
2746	3176
3116	4037
2071	5026
1188	2199
748	3566
294	3685
4558	4646
343	1661
2747	3782
1215	4120
2996	4156
1840	3435
2738	3694
3016	3307
1402	1527
1510	1748
11	3116
3339	4250
1661	3853
1679	1737
2506	4156
1948	4775
3810	4301
2348	2835
370	749
1717	3116
3116	5004
2658	4525
222	3722
88	2348
314	4455
358	1679
1306	3445
4156	4366
4890	5159
1679	3615
1119	2835
982	2517
116	2951
1872	2517
2181	2704
1679	2332
589	3820
4070	4097
116	3179
816	2917
18	2070
116	2749
3202	3376
1148	2476
895	4764
601	3261
740	1108
1679	2918
2118	4583
1866	4863
893	1892
2817	4035
2362	3808
1727	4066
1966	4342
3451	4640
1289	2362
4156	4961
2959	3204
284	546
3496	4525
1061	1313
4417	4928
2471	2476
4651	5113
116	248
517	3235
1679	1829
2118	2973
1938	4872
3272	3352
1406	1525
3381	3388
2823	4775
4129	4775
1722	2775
4591	5068
3116	3810
2092	3589
1661	3116
752	4130
1445	4306
2106	4775
314	1063
942	1954
3863	4201
5040	5128
2653	3722
162	652
921	4415
3004	3237
354	866
890	2118
1481	3895
1275	1679
556	4268
116	127
2142	4943
1430	3678
1281	1390
322	3810
652	925
1000	2605
652	2695
629	3299
2585	3116
1679	1928
2964	3853
87	1679
11	3996
3757	4674
3289	4547
860	3116
2118	2471
1722	3501
2775	4827
276	2890
297	1679
2874	4036
2989	3665
822	1742
1119	4186
879	2517
556	3808
1494	4915
4393	4972
1113	4542
2625	4478
698	1215
500	4301
221	618
2027	3366
1679	3612
899	1061
3864	4696
3100	4306
1681	4182
3865	4580
309	5151
937	1679
1703	2531
123	4943
949	1679
645	3768
3757	4274
1679	2959
903	962
1525	3685
1764	4156
116	3374
961	3493
3653	4968
1310	2496
1527	5147
1258	1818
1061	3725
2492	3166
33	1093
601	935
151	4636
4156	4258
1774	3026
3056	3853
556	785
3952	4070
116	4978
3233	3796
4016	4080
1679	4991
1533	3840
2775	3995
1873	3863
1722	4152
1897	4721
160	4775
3566	4560
149	2755
4240	3831
3768	2398
4361	4210
4033	3202
2912	1722
4890	4848
2797	1243
4181	3535
1117	921
3100	961
4111	618
3233	3116
4775	3649
4798	1839
4493	149
4156	2844
2768	1679
452	116
4387	3528
4151	722
2605	1273
4329	18
4268	2901
2199	2037
3518	314
2438	1110
4405	2118
2862	2605
2393	1653
4603	4156
3116	1735
5147	762
2589	1537
2805	1679
3366	1667
2438	1679
3233	1117
2288	313
4728	818
4612	1679
3317	2459
3538	1885
4301	2912
4779	828
4391	2347
3107	224
4033	299
4646	4151
2617	866
4091	1640
3935	2573
4051	4046
745	92
2426	1537
4674	3056
4127	3602
2961	2690
4220	2676
4775	1815
914	643
1727	1428
1270	205
4070	2862
5004	4036
4726	4467
3198	342
4955	132
1215	971
1313	1147
4070	3610
3341	1533
3853	2269
2964	116
3971	374
4177	3826
3414	3107
2961	2097
4934	1679
2667	2262
1525	154
4863	4326
3810	2118
877	664
4525	1113
591	351
4433	971
3116	2456
2030	1703
4022	260
2560	1674
4603	2303
4156	2169
973	970
2517	2496
329	181
4156	1476
1679	132
2989	879
2594	329
3417	2055
1872	1487
1215	222
1679	1324
3853	903
3116	1273
3760	1680
1215	4
4489	682
4271	731
3276	1679
3116	970
1842	742
4329	4282
946	664
833	221
5083	3000
4523	1130
2947	448
4156	3933
3724	3245
2972	1679
5154	4311
3493	1157
4770	1965
2171	1679
2118	1139
5152	1679
4711	3853
4712	222
4404	333
4156	280
4070	35
4423	3643
4554	3068
3526	116
3963	1679
4841	3038
3739	591
2582	123
3768	30
4303	4156
3984	149
3573	1454
4775	4473
4156	3496
4726	2888
3686	3602
299	205
4958	3987
3626	970
4156	2145
3501	1872
2775	149
3987	3450
2985	276
2605	1045
4201	1544
401	247
1679	756
4200	604
3941	1270
4987	4978
3611	265
5097	2245
2511	1938
4232	1679
903	591
4405	355
3174	1527
4016	1679
3324	680
2216	803
4714	2216
4156	4035
1937	1130
4780	3395
833	637
4156	3970
1699	1660
2716	2625
4882	4010
3153	664
2184	1527
4329	999
3674	500
4917	4070
3196	1270
3245	833
2633	2395
3299	2476
3175	276
2798	867
1679	776
3116	1893
4156	3346
4177	3534
3116	1249
2670	1727
3623	116
3662	401
3418	92
1839	126
3413	1679
1598	848
3069	2605
1527	227
4775	4525
4083	275
1607	116
4949	902
902	474
2625	1826
3995	1782
3913	2593
4466	3884
4560	4017
4053	2775
2118	833
3248	2625
4131	1182
3330	29
3512	2270
2174	1454
3131	2506
3056	472
4393	3866
3351	413
4685	1402
4399	2142
3568	1856
1679	1430
2434	343
4048	3175
1679	1061
4525	1789
3116	2974
2959	991
3984	2775
4113	489
339	192
2393	2188
3116	208
2362	1419
4622	4241
1639	773
3870	892
4272	1101
752	150
4156	591
3747	127
4156	2449
5034	1679
2027	928
1260	732
1885	1679
4040	2441
2070	991
2875	2216
2704	2037
4872	2055
4433	1700
3837	1487
2037	1604
4928	354
2501	680
2709	347
4452	116
5031	859
1679	342
1679	1280
3866	1604
2974	1108
4118	622
1679	557
4775	3492
4750	3643
3272	1666
4775	1754
1139	339
2003	1728
4505	3643
1679	1200
3254	1666
1993	448
5159	209
1812	116
3376	1679
2287	247
2584	1215
2013	1633
4759	1215
4480	3056
3568	534
3299	2311
3451	29
3312	1585
4506	4040
4329	2902
2397	532
4357	3512
2146	1679
4798	1641
3116	1108
4759	116
2013	800
953	791
3948	390
4369	686
3825	1460
5022	314
3299	2362
2918	983
4070	643
3952	2239
3516	414
3267	3116
2353	958
3016	942
3573	1999
1507	333
4809	2307
1798	1063
1527	364
4775	2277
3245	2269
4872	3351
1430	472
2753	200
2362	1145
5138	1270
4070	672
4872	2142
3830	1679
3179	2118
3110	1215
5085	4841
4070	3902
4103	1253
3245	2653
3153	2379
2934	1430
2270	1286
4329	1948
2470	443
4091	3267
3735	2613
3116	2729
4928	2303
4644	2918
4139	2694
5026	2615
4059	2377
1108	65
4351	1626
5095	2126
4646	3116
3116	1722
2394	1679
4386	3105
2593	2388
925	322
4070	874
343	33
2219	1679
4580	2818
1172	982
3116	861
4775	1057
991	142
2239	230
4091	2030
1558	1251
1628	791
4417	622
3116	1704
3538	1696
4776	4077
4365	3116
3352	2280
4950	333
4770	2220
4381	1839
5011	2216
4381	224
4271	1058
4775	2302
4765	3116
5022	92
4730	983
1621	1527
3116	538
4306	3780
2964	2389
2934	707
3925	149
3103	504
4406	116
1678	739
5095	4113
4882	3557
4156	2731
3450	1625
1945	866
3116	374
3752	1885
4775	1416
2254	2245
722	678
3840	443
2438	1466
3237	451
4481	116
249	116
3139	1626
3722	315
942	222
4070	3409
2835	322
4775	2349
4033	3995
1521	313
4097	116
3951	1725
1937	116
2465	2118
4304	1679
2585	116
3016	2338
3107	1626
4503	2438
5115	25
4526	961
3633	314
5128	88
3555	2438
926	686
4351	116
1113	672
2835	690
4554	3686
4156	3429
4962	4525
4872	1481
4272	325
3056	205
2430	1339
1527	867
4070	4066
2476	315
4674	3475
4962	2823
5154	816
903	845
4359	4156
618	149
1469	891
1187	866
4119	1483
3735	1028
1682	1679
3451	2040
3236	116
3493	2703
3402	116
3116	1979
5138	4821
3951	450
3208	313
1873	1035
2241	307
4934	867
4564	1679
4651	2438
3843	176
3623	176
1430	626
2912	1812
2779	116
4775	2738
1991	643
2488	1679
3902	1527
1840	1679
2254	2216
509	343
3821	3262
4070	1273
3696	3573
4930	3870
2774	751
4271	1270
3496	3272
4525	978
4386	3361
2347	1119
4091	637
2259	652
4740	2996
3821	15
3405	500
4958	2818
1679	1618
2909	2065
4580	2311
116	81
2764	1527
4819	928
893	637
4245	2071
4077	591
4156	731
1679	860
3851	347
4962	2470
1679	496
3295	1727
3043	181
1559	877
4315	2517
4480	299
4473	2605
1215	1108
2951	2353
3853	3299
4124	1215
3450	1765
3974	1527
1113	379
4981	4584
898	443
4369	4129
3589	3116
3413	2909
5090	421
4336	2871
4860	1703
4735	1477
4989	314
4232	361
4934	4357
2672	469
2989	343
4417	2992
3820	2277
3116	924
3626	923
3116	2281
2844	1930
4095	116
4962	925
4463	1679
2850	2181
4928	4636
1774	116
4620	1679
2360	1686
4841	4248
3116	2260
5011	4775
482	116
1108	928
2013	1117
4152	788
5147	2974
3729	1984
5004	4712
1294	513
4200	2517
1291	898
1732	623
2972	1625
4539	2605
4605	942
4775	2931
3853	3157
3853	489
4478	2438
2092	1679
4119	3987
4620	2476
3116	2951
3486	2918
2625	1666
3442	680
2615	10
4798	3589
4156	1200
4156	971
4480	4326
4306	343
3056	1180
2362	1875
1704	1324
3299	343
5083	4815
4530	172
3370	2218
4871	611
4393	4274
5026	2428
5022	4530
2967	2724
489	260
2427	269
4750	246
2871	961
2498	1679
3866	3202
2573	116
3100	284
4328	1507
4156	2947
4243	1679
3987	2438
2634	556
991	907
3370	314
2101	1727
1679	650
4276	1167
3952	1679
1690	1538
4036	2270
4156	1202
622	321
1385	116
4710	958
3853	529
4640	854
1313	1292
2845	1679
5004	903
3860	1966
461	269
1726	1375
3080	269
4271	3352
3255	602
4415	1036
1537	1425
4130	230
3519	1334
3261	2241
2653	1034
3074	1991
3827	2171
1679	990
4962	3402
4383	1058
2605	2078
3352	2476
4933	2011
761	509
3747	1334
1430	1036
4399	1604
4775	674
1527	443
2605	1933
1679	1265
4156	1926
4326	3299
3850	1527
4156	1680
5031	1527
3116	1404
1679	803
4605	2124
2775	339
4040	544
2672	2177
1679	1604
4723	958
2820	1880
3116	920
3984	2835
2438	1567
3204	1362
3912	3116
3659	1679
4219	988
2476	961
1331	601
2835	509
3122	670
3731	2438
3690	3116
2647	1679
4268	509
4070	3559
5095	4244
4775	1544
1726	1543
2517	122
4480	1215
5113	4156
4517	92
1925	1679
1930	1430
2835	1110
1068	928
4176	313
2753	1590
3573	2351
4156	2584
2346	2118
4406	2303
3026	2573
3395	3096
2888	1405
4306	1933
4728	1131
2778	1679
4046	2605
3948	3116
2181	354
3381	2895
4712	1679
4220	4152
3061	2034
4120	347
4306	3610
4859	3797
4589	342
5040	970
5110	2625
4000	3116
2814	1679
1679	1311
2216	253
2605	961
924	299
3248	2230
3555	1679
1679	589
3984	2216
3694	1344
4547	3116
1979	205
4495	3366
5151	2584
3486	1679
4544	971
4905	3061
2083	1532
1419	983
3046	1585
1159	22
3694	1391
1202	205
5138	2987
2476	1674
2834	2216
4156	741
4391	1119
4189	1477
3933	116
339	205
4112	1679
3464	116
1839	1679
3139	2605
4048	2845
3566	1487
2947	1626
3153	513
3319	3116
2011	1454
3845	2047
4366	2179
4506	815
4319	4139
2339	970
4452	3147
1742	1248
3330	3006
4480	4271
1413	314
4554	3569
1704	342
1532	610
3685	622
4525	2845
3722	3639
4070	675
4958	1880
3866	142
3214	116
4958	4819
3975	556
4329	329
1538	314
1533	1119
5160	1679
4053	3202
2815	1679
3360	1061
4017	2731
371	116
3757	2653
4271	1680
3116	2712
1113	129
2845	1527
698	314
4186	2265
4405	1480
4905	985
4525	4340
1933	893
3143	1024
5153	788
4357	205
2593	401
2650	513
1527	313
3615	3116
5085	2118
4728	246
4943	4088
4962	1607
1108	4
2650	1679
4882	29
2930	1679
4798	4554
4480	3202
2835	1503
4139	848
3237	791
5108	2755
1789	342
4336	71
1755	1723
4787	88
2751	1679
4306	3704
4480	1180
3916	3414
1641	787
4871	4156
1527	833
4357	3518
3090	116
1873	570
3717	485
1990	92
3026	2835
2216	256
4113	867
4603	1230
4640	3107
2395	1962
3876	1679
4775	2951
2850	421
1750	1740
2003	1746
2124	361
2216	1336
3061	1108
1750	1679
3811	1679
4326	764
3476	1246
4130	2672
2918	361
1679	1525
3611	3116
2239	1728
4405	3116
4640	29
4097	1524
5154	5151
3819	116
1588	460
3913	3414
2798	192
2506	1527
1679	223
4083	2216
2455	1679
3826	1527
4696	1679
4253	4156
2829	773
4646	4602
3107	2385
4775	4232
1351	28
4416	2476
2199	1334
4752	1182
3730	2118
2704	174
1828	882
3984	1909
3418	591
3272	1113
2835	961
4882	249
1976	529
3957	550
4156	305
1525	1108
3996	3086
1215	701
2540	1294
1984	1873
4841	616
3413	1938
2774	2438
3810	1215
4233	3694
5147	4665
680	418
3559	1873
1527	1430
4095	1597
1061	816
4156	1812
1679	1157
4156	1733
4525	4091
3956	1674
2615	1514
4878	3783
4389	1455
1108	618
3711	254
4059	892
3827	2961
4841	1679
1679	361
2818	1979
1966	309
4775	1113
4364	28
4478	4461
3067	552
4525	3984
3175	1527
3301	326
2362	1108
2492	1770
4962	2707
1180	1139
3957	3395
4482	1679
4131	1341
2362	230
3837	1906
2224	1679
4141	1009
4845	188
1503	938
4694	1251
4430	2934
3984	2547
2210	651
4591	4156
3745	1679
4175	3317
5012	1679
2417	116
1912	1486
2746	2438
2560	942
3116	1695
1918	394
2041	1527
4986	4111
4189	1726
1405	1156
5095	116
5040	2817
3810	1633
4978	4000
4156	1139
5128	472
4201	3559
4651	26
4525	3202
4962	903
3190	1527
3987	2531
2037	224
4301	372
5151	5004
2417	1113
2690	1679
5004	925
4739	2118
4232	4156
2547	2260
3385	1487
4271	149
1897	361
2118	1584
1679	1477
4577	1690
3116	1890
1527	1180
1892	791
2169	1679
4750	88
2672	1105
4271	833
3451	269
1912	1726
1840	500
3381	1253
2471	2438
2956	1679
1085	703
2704	1494
1850	1147
2379	2216
3352	1502
2533	1679
5128	1625
5031	4091
1466	1150
4738	4369
4775	326
4580	3739
4932	3859
4832	866
1679	767
2755	1215
4313	894
4958	4461
3326	626
4249	3653
1856	1182
4480	1866
3235	948
4958	682
3175	2845
4651	116
3760	2031
2850	1294
1502	947
4268	375
4156	309
4932	3026
3578	2476
4962	2682
4723	3568
3752	1108
3327	1679
2396	2199
2434	862
5071	4070
4242	2605
4605	2720
1215	221
1910	1679
2738	652
2449	2224
4474	1061
2814	116
3269	2724
3116	811
1755	767
4526	4478
3213	2262
4728	4393
3139	529
5071	2835
2605	1613
3643	1351
3324	1679
1112	263
4712	2438
3967	1679
4787	3568
4958	4586
4612	116
3276	2115
4493	659
4538	3270
1237	116
2118	892
3250	680
2241	1454
2277	116
2812	1727
2890	116
4156	1906
2584	1679
1685	533
5085	3574
1537	1045
4739	1215
3831	3116
4907	4674
4364	2495
2041	6
4342	3768
1619	1294
4589	1679
2931	2704
4091	3995
4493	2653
585	116
1667	246
4525	2118
4261	1626
4156	151
460	116
481	275
1217	116
4962	2046
3261	1182
4775	2196
4059	343
1645	123
1085	953
4156	3376
573	342
4968	4580
4156	1113
4525	3267
4033	2573
4725	4364
4639	4091
3496	3404
1426	800
3081	3016
1703	1483
4605	1510
3277	2605
489	271
752	208
584	246
5147	4308
4656	2037
926	345
2974	1270
2449	1103
1636	1588
4319	2672
4053	4033
3116	265
5122	2417
2934	1021
3116	3047
1679	1273
4620	961
2985	25
4393	1782
1285	499
5128	1306
4989	1215
2672	2241
3739	3623
3702	116
1215	149
3843	1679
5062	2798
2690	2184
3401	2491
3116	402
4405	1270
5026	1840
4583	192
1527	149
2775	1640
3975	3413
4871	1113
3674	1036
4022	2951
1725	22
3330	1679
4958	4538
4685	570
1679	80
5062	3116
4308	348
3528	2934
1215	188
2303	1215
4271	37
3825	2254
4257	4059
3486	116
800	284
534	314
2794	1897
3467	867
4962	733
1108	948
4525	1390
3116	1590
2181	1477
3953	2052
1679	424
2216	1812
2497	1215
1305	675
2818	2347
1891	129
4805	3490
2171	953
4478	922
3351	230
2847	2605
3116	2973
4882	3843
3496	1979
4097	3810
602	142
3361	132
4399	3512
1679	1619
1679	1215
1521	537
4841	4120
487	401
4220	3226
4763	426
4526	2216
2993	413
1122	1108
3898	3116
2934	2235
1061	418
3623	159
3754	971
4958	2531
2531	1088
3501	2672
3837	2877
4301	1777
2385	1839
2974	1527
2118	123
2321	1538
4848	3307
2310	991
500	18
2347	1527
2584	116
4070	2216
970	739
4156	1679
4530	3686
4564	3116
4107	927
4022	2353
4435	651
3674	999
2092	803
4391	2718
5085	1313
2918	314
2034	1093
4417	1910
1623	787
3376	833
1215	973
3116	241
3808	18
2362	271
3067	116
5154	4603
4357	2798
1778	1679
2755	833
2726	116
4533	1679
2124	761
5068	3026
4030	2582
4070	491
3653	1839
2011	601
3353	3116
4987	314
4841	230
2753	1679
4252	3810
4932	1666
4503	1466
5134	1324
4661	1527
4750	1108
4289	1679
3105	2977
271	116
2775	246
3625	962
811	224
2909	2020
3004	2746
2259	2106
2385	1641
2918	890
4962	1215
1527	329
3894	3116
4748	2199
2582	2230
2858	985
4113	3816
116	43
4156	3785
991	742
3573	339
4172	1679
4095	2534
893	221
4103	253
2003	509
1378	116
1748	991
5084	3235
4461	3796
4739	192
1334	1215
3135	116
4091	221
3375	2511
2989	2517
2362	698
4791	1679
4156	2013
3433	1113
314	92
2653	2245
4070	1188
3381	2971
1334	314
942	22
4111	3701
1503	118
591	374
4393	1640
1679	215
5085	1533
3250	1430
1679	879
2706	255
3840	591
3837	1331
4201	367
4010	3418
4272	1159
4962	1679
4972	4863
3107	1265
4649	4156
3956	116
1679	841
3418	374
4242	1679
3836	2438
2210	1527
1527	1389
3116	2543
4817	4045
2915	1679
3395	700
4391	2918
4308	1477
4644	591
2820	1281
4593	1113
4311	660
3116	219
4803	1679
4926	4775
4778	4156
3768	2626
4848	2027
2100	2013
3990	2915
3213	345
4798	1623
4336	88
4651	800
3175	2438
4156	2628
4163	1740
3678	1527
3236	2394
4001	2653
1202	88
4506	2843
4399	3056
4201	748
1679	1560
5084	2844
4529	1215
2704	2277
3261	748
4775	4353
4978	885
4393	2775
5095	1674
4706	845
3717	1180
4480	2755
4554	3107
4910	1984
3451	2704
4040	118
4252	1679
3272	1191
4201	96
4525	1430
3843	1108
4412	2156
4113	3026
5107	4495
3414	2181
3615	1625
1626	542
4580	925
4062	116
3843	1527
3237	748
4480	1524
4819	4022
2353	260
3569	3116
4770	29
3951	1028
1674	314
3639	3233
3528	1679
4775	4242
5071	4775
4217	3116
2755	1866
1527	1097
3107	1839
2672	890
2858	1607
2672	2468
5039	499
4156	2617
4591	2843
3940	116
1727	1156
343	65
4752	3272
4040	2449
4711	1727
5149	1727
1560	500
2496	643
1953	343
4005	3231
4217	1679
1093	748
1426	1143
2013	275
2800	1679
4928	2652
4928	2709
4537	2492
4156	354
4399	1588
4738	1085
3853	2216
3302	1859
4546	1215
3272	1466
4156	1122
1313	931
3719	3261
1880	1475
4252	601
1947	35
3686	2912
2684	1404
4352	2920
3810	2769
4399	1108
4209	3974
4129	903
3131	1679
5159	4020
4399	221
928	601
4134	176
1679	1360
3840	556
3376	637
4714	1215
1679	1192
3317	1527
1679	869
5033	4271
2912	88
2362	618
3211	1679
3752	928
4435	4156
4525	1454
2280	116
4018	2605
4301	413
958	260
2476	902
5128	4876
1947	270
3272	2805
4674	2203
3742	1324
1221	413
1426	1113
3840	3797
5062	3501
4775	2013
2829	1537
1296	314
2835	88
4951	1679
1889	1679
4819	4588
2850	2650
3589	3107
3503	1502
5031	2775
2041	71
5068	3247
2672	1261
1331	1143
4978	3395
4405	786
3116	1180
3116	569
4775	2947
1742	922
2796	1861
3866	928
4941	2040
2684	946
4878	2310
3358	1727
5113	1670
4763	3236
4672	1752
3717	1640
4978	4848
2310	1679
4201	2069
3395	151
4752	1667
1725	460
3103	313
1108	914
1636	1340
4962	3725
2234	2216
3766	2774
2931	2377
3664	877
361	188
4664	4321
4525	591
5108	1058
4962	4408
5062	154
4525	2210
4156	2175
1679	1167
4110	255
4156	149
4656	2092
2438	460
4928	1429
3953	1537
3445	1984
1527	129
4752	1679
1334	682
3908	116
2934	2875
1527	229
4035	116
2585	1093
1912	326
3742	2307
172	116
2725	1726
3747	1472
4406	2845
4775	4347
2142	299
2918	1092
4827	637
1993	106
1901	1679
2797	2605
5004	268
3518	928
815	151
1243	1014
4111	339
4156	3191
4315	1686
5004	1068
5070	116
2216	1993
4778	2959
4932	2992
4619	1948
2362	509
2288	877
2351	1679
2625	448
4962	529
2848	1679
1619	269
1679	1202
3513	1679
1679	1088
3056	2266
4478	2066
4667	4326
1537	923
1172	1108
3105	343
3083	1085
4591	1679
4206	1484
4962	3197
2835	2011
3977	513
3796	332
4156	4119
4863	221
4326	618
4775	1728
4242	313
2704	1533
4962	1991
347	200
2410	1215
343	339
4845	1679
1566	1527
1430	800
3797	2625
3261	2877
4646	2835
4111	2216
3836	3414
846	116
2547	1108
4175	22
4928	309
873	394
2653	1680
2934	2310
4775	3872
4070	2690
4271	479
4943	2912
1839	787
4958	2743
4480	3157
3002	1192
1891	1732
4461	2726
1253	513
3479	581
4775	3522
4478	2993
4070	2344
4308	2996
3779	2593
1679	739
2118	1372
1306	903
3056	3006
1034	221
1679	246
5035	357
1679	1058
4274	4053
443	149
3450	3116
1984	347
2210	1503
4163	1752
4156	1866
2589	1726
4406	159
1331	1182
4480	4357
2351	716
970	557
3361	732
4192	1679
5151	1324
4389	3573
3012	92
4114	2858
4364	276
1727	193
2360	604
4882	3350
4603	2917
4474	1113
4275	269
3352	1679
4711	2224
4922	1679
4752	1674
1679	1032
3586	2027
3116	2534
1527	1512
4525	2329
2934	2066
3201	867
2768	284
765	116
4336	1947
5062	923
4315	1980
2915	1215
3636	313
2018	1460
5041	4962
4156	1150
4717	3116
4538	4113
3931	276
5159	313
3026	2994
1912	1585
1527	1113
1704	573
2653	149
3267	2118
2284	1679
3557	2522
1667	1477
2261	1215
3715	2582
4326	3201
3116	225
2605	1473
4201	4131
3589	1455
4033	1782
1679	903
2260	116
2798	859
1926	1770
5149	2704
5034	4113
2438	270
3573	3496
4962	4763
4181	3503
4156	3339
2290	585
4525	2471
4156	1936
4367	305
1679	370
2438	2245
3877	1679
2306	1108
1527	1280
4905	1108
4426	116
767	116
1598	550
960	10
4656	116
1987	1873
133	116
3086	2181
2335	2311
2417	1726
4593	18
3369	948
2741	1679
4962	3555
1527	1351
2118	763
1912	1429
2220	752
4088	1640
3247	314
4386	294
4274	618
4156	4001
3175	2230
4364	2438
4943	4053
4156	4110
2078	1430
4156	1952
3820	1679
5011	970
4164	1940
4496	4113
5101	4962
4271	1510
4271	1923
1679	923
4271	205
4499	116
2547	1873
4932	611
5132	4315
2963	1726
4926	2492
1679	159
3754	3237
4070	761
2716	202
1113	229
2704	1074
3310	1679
4286	192
4986	4033
2216	652
3493	28
4955	1752
1660	132
4306	287
2269	529
4529	2625
3851	3684
4461	3204
4934	4480
1679	421
4544	448
4220	275
3783	361
622	52
1537	329
4949	343
4156	2633
4978	1267
2755	1679
5095	2625
5128	4271
1180	788
3853	284
3116	2514
2918	2347
4070	1933
438	116
3794	3257
4962	2653
1722	339
3796	3678
3116	1107
2091	314
2041	1923
4542	4530
4097	391
3061	33
4986	4547
5026	3639
1679	1206
1331	1215
4461	2438
2739	2230
2593	1251
3032	2420
3025	2835
2899	1679
4954	3730
4525	2835
3682	116
2746	570
4033	1640
2197	1537
1652	1113
1493	513
2823	18
2818	2118
4156	134
4752	3672
5040	3586
1679	1130
4775	1364
3116	2752
3731	585
2118	1428
4734	2230
2013	921
2335	591
3513	2214
4393	788
3490	314
970	618
4156	3600
4035	3067
3711	2265
751	149
2918	493
2492	1897
4962	918
1215	248
4023	2605
2775	2755
4941	3116
4282	2470
2142	1202
3046	1679
4976	3233
2839	940
4646	1912
4315	122
4603	1679
3330	1742
3233	703
3602	1527
154	116
2918	826
4941	4525
4819	2613
4780	1679
451	449
3538	381
2130	1108
3974	404
4306	1679
3198	1598
3982	3432
3847	88
3237	1093
4646	4525
4156	6
4651	3067
1679	952
4435	3810
4863	4525
3589	2438
2993	1215
1953	1636
4746	2605
2929	1451
3864	3215
1679	31
4815	4095
3307	92
3984	680
2980	1679
3381	1679
4768	2625
2495	1525
1260	192
4156	132
3589	1623
3413	732
4617	116
3493	2901
1740	1333
1454	116
4962	4317
2677	314
2718	1092
4580	509
4156	3851
4775	740
5154	2027
3493	3299
3061	748
5062	2972
1180	205
4053	1058
4386	3340
4934	1180
5095	2236
1679	202
2835	1466
1679	1057
4463	1527
4962	133
2266	1527
1679	1454
4316	92
690	610
4163	2456
3069	1679
1933	230
961	174
1725	116
3261	2253
1604	343
2270	1679
4181	1172
4433	1670
1625	255
1936	391
3272	1646
1679	1512
3512	1430
2605	698
3107	1032
4033	833
1187	1134
4365	3925
1712	1146
3649	230
4984	581
4726	1024
1094	947
4240	1679
2447	1167
3610	556
1966	1527
4685	4364
4364	1543
4464	314
3175	3100
3336	504
1679	343
4674	249
2974	2850
4156	474
4962	3352
3202	149
4036	2511
4480	3458
4657	1679
4525	2537
3289	339
3501	2768
4882	2901
4326	788
4538	2818
4723	578
3747	3566
1679	485
3116	65
3486	1092
4466	1679
2533	116
4728	2755
4580	3319
1679	595
1679	1459
5144	4364
3239	1679
2593	1839
2270	1202
3414	1991
4525	221
3317	361
4130	2934
1979	1215
3754	3566
4750	2835
3739	3418
390	92
1679	907
3704	1679
3116	200
4156	1625
4152	460
2118	961
2889	2261
3715	602
4405	1063
1812	1679
2492	1283
3116	2264
3946	1679
2672	1722
4958	1872
3351	1626
4646	1119
2349	2216
1119	1068
2145	1598
3116	1389
4728	1979
1527	1035
4727	3573
4059	1861
2239	1679
3956	1112
3116	2181
1940	116
1679	1164
2985	570
4934	4088
462	25
2704	787
2310	25
4271	3202
3412	2068
3556	314
5099	313
1248	1117
4156	2078
1679	1607
4386	1679
4112	361
3006	1524
4674	3006
4962	4393
4728	3357
3357	833
1058	751
2852	2495
2216	1525
3742	3198
4271	611
652	485
3703	343
5026	3435
4962	4458
4271	3474
2985	92
2755	25
4738	46
5062	1454
2770	2030
1108	489
4787	3860
4941	3361
4764	1947
3032	400
3116	1187
4156	3242
2930	2625
4544	570
3612	22
462	284
4770	4130
5062	629
4735	3568
5003	116
4186	1462
4156	1560
1667	1113
1732	291
2040	1136
1679	1644
1679	88
2835	2379
1936	716
3570	116
4988	1911
4231	1873
1527	1477
4369	1727
3157	928
3413	451
4664	2482
1873	584
3262	5
4033	3201
5122	5063
3105	2269
4603	1324
1670	299
2237	1679
4934	2798
2040	1253
4209	171
4474	3810
4640	3116
2726	1036
4711	3512
1619	77
2181	866
1979	1775
682	193
5068	4156
5062	2918
345	28
2625	404
4308	132
2970	1679
3602	924
3496	343
3116	262
2704	2180
3493	1113
4882	2725
4876	4033
2535	1770
4165	3015
4315	3116
3167	3116
3186	3116
1746	1527
4036	912
3877	3282
4271	2798
5004	2909
3864	343
2972	413
2415	991
4372	2438
4943	4040
4863	339
4740	2118
2951	671
1532	1460
4962	3992
2726	1930
1873	1028
3566	2241
4129	1426
4156	2287
1777	971
4752	322
1679	415
4033	2798
2027	1679
2165	1679
4473	2118
1679	958
3067	1108
4775	3250
3051	2970
1912	1537
3602	2799
3237	1906
4651	1619
2078	637
2082	751
1306	1180
2889	1966
2398	116
2585	1435
4201	3538
4272	4110
2967	325
2078	893
2889	1679
4001	3724
1324	309
4905	1462
4775	742
3786	2199
4198	1740
2030	1171
742	92
4949	2835
4113	322
4605	938
4458	247
2169	1727
4798	126
4685	2985
2546	1187
3116	1382
4241	1527
5060	873
3430	680
2456	862
3131	2254
4525	255
2768	159
1597	1537
4091	149
4843	1722
3350	1727
2625	142
3336	374
4700	3262
4033	1670
1679	1425
2799	1503
3950	247
4308	1657
1873	700
4984	3208
902	330
1679	208
4651	1524
4962	1641
4499	3451
2465	1527
4787	1117
4033	731
4529	2216
1215	896
3176	1628
4406	2145
3831	1679
1679	973
4478	896
4585	314
4336	3586
4156	2026
3614	284
3586	1742
3201	2774
3116	2777
4989	249
4040	2672
3270	2339
3317	2934
4523	990
2201	1537
4129	2410
4594	4113
1215	570
4156	246
3586	1893
3995	1640
3461	1679
2434	2239
4156	1606
4827	3995
4928	3072
3810	926
1800	898
4809	247
4088	4033
3941	2755
2506	2011
1725	704
3501	22
4981	116
3245	1058
4130	1679
2379	1145
3501	1486
3105	3101
4772	1679
4113	893
4088	3866
3198	309
2817	1953
4603	1800
3012	2199
4939	4585
4040	3501
3987	1679
4871	960
2834	2196
5068	4728
2233	1679
3116	2607
4012	1897
581	209
3974	1750
4891	3116
5015	116
4339	314
2775	751
5085	2918
3951	3754
1679	256
4252	2256
2434	1455
4271	2628
4876	1306
958	116
4986	1058
5068	1777
2269	1068
4156	3253
1764	1113
4110	973
3496	751
2078	205
2838	791
2667	269
3607	942
4156	1164
4775	1397
4978	1888
4620	942
2835	1584
4271	88
5085	2347
4593	4156
4759	517
1679	1182
4156	4129
1679	971
4962	773
4547	339
898	22
4393	4271
1818	1273
4156	2918
4201	3739
4539	1626
4129	773
4525	913
2877	2034
3047	2625
3361	1419
3131	151
1458	116
2746	907
4097	1727
1679	1627
3059	2605
2203	1108
4480	1306
4905	1454
4389	1108
3832	1679
3116	3095
4163	3116
1510	1215
3524	116
1598	921
2214	1507
3116	173
3086	11
4525	3433
4882	1112
1150	925
1906	748
5041	4267
4271	3870
2307	1679
5107	2835
4637	1215
2290	142
3639	2027
3361	3116
1965	1136
4487	1477
2495	65
2695	159
2547	623
3735	192
5031	246
4976	1117
4734	4156
4580	3701
2438	2394
2799	2471
2706	254
2769	1113
4022	3757
4827	1782
4415	3116
1679	371
4070	2349
3366	1742
4301	970
2118	493
1722	985
4775	215
443	221
3418	2362
1892	953
1742	1679
2615	88
3847	3568
2682	1752
4551	2517
4274	4024
1938	1726
1873	1666
2930	2605
1566	924
2216	682
3208	2643
1679	113
4674	1147
339	221
4770	584
4581	4271
4717	2534
4311	4134
4347	4095
3116	2389
4045	2177
3636	2850
2645	1873
5071	3116
3451	854
4097	2216
2850	581
2834	2694
4267	116
3067	928
4525	1001
4326	3492
4245	174
4775	3357
5071	2605
4083	550
1679	1092
1727	1543
4156	2269
3272	1752
4308	1750
4186	3711
3841	2118
3810	29
4840	2438
2871	88
5015	4819
1291	361
4961	1679
421	116
3167	2850
4728	2034
3404	3116
4646	2672
4525	1391
3685	116
4156	725
4775	4111
1679	230
3339	1215
4620	1948
4934	1670
4151	2746
2511	2259
1800	1636
4495	4405
3663	1679
4962	2686
1679	356
3963	3493
4819	4364
2216	1239
2199	1889
4809	1679
4981	2118
3980	1108
2956	2929
4560	3754
1679	1435
3689	1679
4156	3526
1172	879
2605	1679
1679	1218
1187	381
4156	2012
4950	449
3317	1122
4640	2835
3202	2118
5041	2674
3589	2385
2560	1679
4271	690
4459	3361
4972	2031
4156	2177
2386	816
3175	345
3859	780
3277	3199
1382	946
3995	637
3301	1313
4819	222
3853	2605
4250	2817
3153	914
4554	2528
1414	1113
2704	861
3665	2517
3235	2726
3603	732
4271	542
3566	3116
4962	1850
4958	1193
4962	817
4758	2348
3116	2918
4622	739
3825	2295
4139	1108
4674	4033
2410	1679
5122	3786
4463	3116
3236	701
1626	230
4775	2311
3745	3116
3668	1527
4336	970
3566	601
3780	1525
4070	785
4819	1117
3366	3179
3026	448
5040	2030
2658	2118
4558	326
2818	1503
978	116
2496	1525
1527	255
3860	1248
2573	1108
5011	903
3674	2071
2835	2438
3004	1906
4030	2901
2755	1061
1061	345
4240	761
2835	2650
1774	252
3308	1134
4110	448
1633	116
4803	116
4863	1661
3095	2410
383	358
4083	3860
3566	1105
4156	851
3116	2715
4882	761
4962	2909
2118	913
2347	2290
3534	1345
4389	3026
2216	92
1953	1613
2753	343
1872	391
4478	2835
4727	3496
3100	1825
1072	129
4533	4113
4696	601
3191	2798
3754	2877
2260	174
2448	314
926	92
3116	2183
4156	4036
2972	931
4841	1215
4855	1460
3853	3518
5035	1248
3696	3116
4010	2236
3674	2027
5015	3708
4584	2547
425	269
4033	1045
3747	1021
4775	4130
3049	1679
4821	3200
1510	973
2625	1063
612	116
2769	1527
2052	846
2724	314
3757	28
2973	1873
2600	116
4871	400
2303	2145
1455	861
4473	4035
1105	725
3864	275
4151	1283
4871	489
2534	1537
4791	3810
3069	230
4066	2605
1984	982
4156	3350
4133	3395
4110	159
2366	1585
1679	1187
3458	3116
4077	893
1527	249
1633	248
4943	1866
4391	629
3116	670
4415	2303
1926	25
4525	269
3768	2727
4891	116
4274	3853
4523	500
533	171
4139	3107
2605	1953
4271	246
1839	1641
5062	4353
4156	3352
3754	443
2738	1215
2983	956
4156	85
4798	116
2934	1727
1866	893
2615	2071
550	481
3405	1840
4271	22
2438	2027
3715	1679
2582	2106
4364	4271
2852	2496
4165	162
5115	1527
4583	1775
4240	1313
4115	1679
2852	700
4943	1524
4201	1984
3272	2989
1390	374
3653	866
738	116
460	443
3649	3568
4091	4045
5128	3853
3116	2321
3674	3435
4759	921
5068	314
4752	343
3413	2835
4858	3116
1679	112
4113	1215
4113	2041
2755	1680
3385	985
3884	3153
116	29
3586	971
1872	1856
4118	2643
4646	2118
4458	1679
1882	155
3870	2118
5040	88
4764	1892
2934	1457
4254	3669
3503	1872
5113	3747
2835	2347
3026	1776
3493	2930
3686	848
3116	322
1948	1625
1537	794
4926	4872
4156	3202
2456	1215
3703	2042
3589	787
2934	1296
948	43
700	314
4962	1839
2118	129
3237	2692
4962	1666
3385	1454
4151	623
5062	2245
4640	2216
4059	92
2584	1953
3404	928
5011	2027
1679	928
3116	690
2229	321
4496	3925
4529	4364
3694	1510
1119	591
4381	1641
4455	1215
4156	3275
4962	2794
4882	65
3442	330
3810	30
3202	1866
3434	3116
4737	700
4841	4156
3573	2011
1875	1001
4523	1281
2800	2339
2934	1966
1679	391
1953	309
3116	550
3672	33
3474	2798
546	364
4156	2838
1679	1270
1679	685
4201	2875
3853	2438
2676	898
3474	1306
4046	269
4740	58
732	381
2643	622
1728	275
4185	357
4581	1679
1609	1527
2628	188
2934	2236
2377	703
2582	920
4461	3586
4558	2465
1679	1147
3825	2800
4252	2573
3262	1679
3974	1333
1527	788
2996	1432
2245	983
4986	2653
3116	610
2040	1305
452	366
3708	260
5031	1661
4156	1286
4934	472
4644	192
4351	2216
4097	2625
1532	1527
2625	96
1897	35
4538	3116
4646	1147
3722	2438
4113	284
2823	2118
4043	116
3503	1984
4758	732
2934	2522
1626	299
2617	882
4363	3116
4412	4311
3700	2975
2755	788
4819	1560
4406	2349
3501	1331
1159	573
2972	2216
1587	116
3442	1756
5153	3866
3319	3107
4752	3717
2438	22
4544	2605
1626	584
1679	360
4207	241
4775	4066
4156	970
4976	347
3957	2011
2430	2395
4962	4113
2216	1036
4271	1454
4241	1949
4962	4474
3116	348
926	591
4077	1750
2414	2277
4525	1139
3602	1215
1313	742
3843	973
4758	2287
2496	1406
3231	1144
601	307
2703	591
1679	716
2438	2260
4131	1275
3602	246
2531	1215
2560	1503
325	116
3626	3116
4252	898
3116	2985
1527	854
3116	2822
1527	269
3299	2912
4775	2210
4114	1989
3116	781
4048	3688
1215	762
4505	1521
314	65
2959	1933
4271	4113
3669	682
1085	118
4962	3904
4876	867
4775	1473
1679	188
5107	3404
2605	959
4018	1061
4554	4070
3573	1108
3462	230
5138	4752
4186	254
3002	1679
1743	1527
4271	2755
3369	1215
5004	4958
1267	876
5026	3783
1588	763
990	394
4271	2210
3250	2118
4928	1626
4661	1679
4560	722
2727	958
4882	928
3573	3468
2834	2310
4547	2269
3270	2156
3067	752
1524	1306
1527	1428
533	116
1980	391
2507	2438
4480	1782
1014	209
4752	3780
861	116
1679	280
1215	374
2465	1585
3230	866
3685	1306
4841	534
3493	1667
3925	1645
2216	142
4972	3866
1866	833
2873	1679
1704	1679
4220	3708
3265	1679
4113	1192
4779	149
3840	3744
2797	421
2269	339
2798	1306
2438	4
1661	731
4467	3898
1265	209
4156	2020
4231	752
4817	1527
2011	1679
1243	513
4130	2605
1679	691
1667	343
3696	116
1428	618
4583	3247
3352	1979
3710	2828
1636	58
1640	637
3116	2466
4872	570
2438	452
1679	305
3739	329
1108	1094
3860	1117
4480	4045
4872	1034
1717	1451
5026	4245
1800	343
2625	1326
4871	3101
1872	1105
1527	485
3722	106
4972	4045
4207	1527
1215	28
3116	2769
3103	3095
2216	493
3474	1180
1527	252
3116	1972
5084	1036
2691	1626
3000	1679
5108	4493
3267	1979
1432	1333
4563	1499
4386	1009
1679	926
4240	2835
4156	2136
4156	2880
4214	1679
2013	1430
3837	1454
2605	650
3409	803
2743	361
1313	788
3369	2726
3696	2844
2686	2216
913	116
3840	2055
333	269
3739	1976
3320	1331
2852	1454
4712	3116
3677	88
4003	1679
1680	1527
3493	3366
2746	1947
5031	960
3864	1723
2262	732
4383	3933
1527	759
3369	2013
4800	4707
1609	903
3351	1430
3695	11
4357	1202
4480	339
2347	1951
3034	2142
1445	116
4651	2835
2199	329
5060	3442
4538	4393
4271	1122
894	680
4695	4580
2241	33
4480	1640
4201	35
833	443
1406	664
3358	1537
1215	364
4962	2540
4764	2055
4308	3704
1633	88
4257	116
3216	116
2605	2522
4622	1679
2214	581
3272	364
2438	357
5132	1679
3116	192
2596	159
4206	25
3977	269
5122	1875
2339	1147
3265	116
2514	1527
4696	3760
3780	3638
991	542
1666	116
3573	3415
5057	4819
3270	3211
2799	1679
5122	4971
4131	3330
4156	1979
1755	314
3272	2624
2909	732
4622	3443
1679	773
3465	1679
3953	2414
4461	2890
1679	671
3366	3226
4091	3760
5051	1679
2216	2065
1679	1195
4962	1061
4151	652
4270	31
4932	1947
3957	3198
4368	3953
278	116
4533	536
3685	2684
4855	1679
2245	690
2078	1180
3925	2835
4097	3840
2823	1679
3913	116
637	268
1527	1119
4860	2438
4972	1113
4934	2142
4070	377
3513	3116
1679	1100
4775	4335
3995	2078
5011	3233
4544	970
3840	2277
1679	252
4758	983
4556	3791
4775	116
3116	2582
3352	2605
4120	925
2130	1527
4775	1281
5095	4775
4560	1872
3837	2241
2393	985
3808	1679
4480	1679
4837	3612
4254	3810
3685	2142
4694	2617
2379	643
1340	1215
378	116
4364	345
4603	4067
5144	2465
2310	58
4059	2157
4406	1531
3271	1679
2774	2395
3820	1873
3024	2216
4389	1679
2977	1527
4306	1527
5090	2130
1674	877
2667	2466
3237	2241
5095	151
1679	116
4646	1679
4671	116
4750	3116
1270	443
4156	1750
1679	846
4605	1679
2605	926
3211	2613
4156	31
3433	2216
3302	2746
2230	1009
4329	116
3747	1085
4368	28
4954	2438
2030	928
2218	1726
893	230
4480	833
3747	455
4493	4053
3932	2605
4156	3616
4763	116
2026	116
1984	878
901	866
773	364
2149	397
4787	3847
4389	4152
2311	903
2934	2216
4088	2142
4458	2667
2118	462
5026	500
1923	1139
1525	946
3612	509
5062	1313
2605	1028
3865	1679
1727	29
4711	309
4053	2912
1243	176
4860	3703
1108	443
3235	2844
1612	1527
4156	489
3722	2835
2287	1760
1800	860
2260	1368
2091	116
2470	1938
4206	3825
4775	3099
4798	2385
4156	3704
3694	853
1454	22
1391	88
2306	1679
2466	1294
2585	1722
4635	314
4714	1727
2605	2279
4649	2724
4560	3837
3449	2396
509	116
5042	920
4070	29
1527	132
4981	1679
4493	529
4809	1609
1531	1235
4242	2216
4156	3486
4697	3116
4321	1024
2389	1679
5004	309
953	893
3377	1667
4169	3105
4651	1306
5153	2775
4387	4156
1136	173
1978	1679
4383	3586
4750	4336
4644	2835
3834	3116
2360	1936
999	401
4163	1945
4775	3780
2901	1215
867	731
2899	30
4981	1454
1852	451
4435	294
4316	3747
3984	313
4962	4503
1641	1623
4415	1313
4763	1248
2690	1818
2902	1527
5115	4525
3496	142
2817	2303
3435	970
2417	2216
664	33
4972	3995
4077	1291
4525	2346
4107	88
4206	162
1640	149
3810	2303
4156	2845
4867	866
2417	92
4517	3116
4798	2459
2434	2362
4525	345
2438	1419
3116	424
3122	532
1215	205
4554	787
4209	1620
3739	1679
2605	1906
500	58
4863	4674
4654	2118
1740	1477
2748	1113
1873	1034
4156	704
5015	2531
4958	4301
3760	2522
3742	1460
2928	2118
5110	2593
3233	2277
4695	1527
4308	329
1695	1679
4928	367
5115	2118
4433	2389
4863	1139
1588	1527
4818	833
1866	1306
4458	3821
3587	2459
2216	2197
5151	2917
4156	1604
4932	2972
1108	313
4711	1215
4775	1558
1947	1892
2653	1122
3995	833
3464	314
2459	224
866	667
4662	2560
3116	1035
2171	11
3115	2605
1598	275
3116	171
3493	803
3503	116
2514	2118
1427	1405
1966	1873
2834	2731
5153	33
1000	991
3405	2031
2407	1717
4840	2858
3116	1046
1122	1058
3366	2796
4040	1588
2593	983
5153	2041
3771	1679
4775	800
2468	1305
4819	3116
4417	633
2593	2307
3116	339
1487	1182
2262	116
4383	1679
3227	2199
4495	2153
1960	1679
2605	53
3620	116
3202	2270
1313	1119
3685	1120
4405	3870
3674	2615
3665	1679
4329	2823
4580	151
4943	1139
5108	3289
3492	3116
2625	314
3696	43
3616	2055
3754	3116
4932	1113
2824	116
3866	2438
1789	1607
3866	2142
1147	493
2385	732
4461	4220
1061	252
602	489
1182	649
5122	4594
1590	361
1880	162
1873	698
4399	4035
2348	1679
2438	2224
1437	116
1679	295
5057	3116
4461	2835
3573	1846
4776	2199
2887	188
4275	116
1679	1159
4301	2142
4230	1679
3589	1641
4819	3639
2716	134
5062	2174
370	116
4882	4580
3810	1061
4525	1873
2835	1120
2582	421
4950	1243
4819	1215
4630	3496
4151	151
3984	1527
4187	3747
2438	1933
3672	2438
4070	1419
2438	116
4271	460
2701	448
4945	1726
4053	833
4987	1674
4962	1057
1746	92
4156	3622
5031	1640
1527	690
4321	3223
1667	30
3778	3676
4113	4088
3249	970
4775	1336
4775	2184
833	246
1897	1760
4210	1537
4163	4018
4981	4357
2738	25
5039	4156
3754	116
4120	2030
4525	3105
4907	4580
3995	1139
926	800
3366	30
1854	1800
3864	1607
3633	3110
1294	504
4473	2775
3116	1746
2996	848
1028	343
2709	2216
4750	3231
5095	2496
3182	983
3004	1679
4091	3116
4752	3493
1296	845
4845	3859
4962	690
4994	116
3449	846
4091	222
3116	505
2775	1180
4357	1180
4156	129
961	942
2379	1679
4962	3317
1679	200
3501	3237
2613	890
4515	4070
3261	1487
3116	1145
4983	1679
4326	3866
4776	2438
4586	3987
4810	1679
4271	1466
2993	1667
2216	1619
3984	925
3081	2414
4311	4067
4156	401
5122	1742
3685	664
4525	355
4053	3289
5153	1932
3414	2385
1533	716
4036	816
4001	3757
1607	1426
4181	3849
1527	1382
4097	2142
1839	901
4728	1270
4156	732
2216	776
4473	618
3116	2394
3056	788
4045	205
4271	2774
2593	1752
1324	452
1951	1679
4872	2582
3197	1679
3116	253
5011	88
2812	1679
2040	504
4271	3061
4480	2153
4827	4399
3963	560
4271	1202
4971	1113
4827	4091
4927	116
4480	1680
255	254
2388	1679
3341	1251
4364	1679
3116	172
4740	4525
4928	4306
924	205
3414	509
629	4
1524	788
2672	939
1679	1310
5035	1627
3027	229
4972	4156
2468	738
3503	2989
3199	3105
1735	1679
4217	1251
942	891
4361	1679
1527	1313
3797	1537
1872	649
1679	404
3851	1215
2239	1164
4728	149
4458	3208
4775	4003
3116	1952
3860	517
2216	455
4326	1094
3067	230
5011	4495
1215	275
1286	618
4070	1544
3451	116
4111	1034
4986	2755
4662	4605
4580	2549
1180	833
4156	3783
4775	1349
2814	2224
2989	1172
3026	88
959	116
3493	3026
4156	2097
4577	2321
1527	1391
4227	3116
4268	1404
5068	3925
3402	3330
5083	1948
3450	230
912	309
4053	529
4272	704
2850	333
1686	1619
3768	2875
5151	4311
3289	3116
4209	3704
4181	1306
4404	348
2396	2052
4271	971
3603	1333
3768	2959
3395	297
1108	751
5095	1112
5083	3054
4200	2438
2203	1679
3503	2517
2234	1727
1933	1113
4336	4201
4452	4201
4389	716
652	208
5108	833
1679	1626
3722	88
4114	991
4930	3116
2216	942
4326	299
4819	2438
4328	2018
3471	2260
3152	1527
2694	1678
4156	3456
3742	1598
4053	2438
4819	3987
3782	2360
5128	3299
2245	942
2781	1215
4775	1653
3782	1980
4309	3116
2269	1094
1670	1430
3139	2934
3925	3295
2474	1648
4962	742
4124	1527
1251	670
4034	1537
1246	1086
2005	1527
3202	859
5095	1402
4024	560
4231	2934
2677	1283
3062	1679
3845	2617
3573	1640
2743	1215
5088	2901
4646	2918
5095	1145
4070	2417
2379	116
2798	2270
5088	2266
4539	2934
4156	2775
4362	885
1633	1117
1609	401
3603	1477
1119	1092
1613	248
2517	1936
1679	624
2993	2027
4156	1938
4972	1306
4605	452
4819	88
2871	127
2947	1527
2605	542
4181	983
3742	2145
3174	1679
3492	1679
4764	4336
4763	2241
4949	241
3832	3116
1425	116
573	246
4525	171
4544	3908
4478	1094
4156	2041
2011	1584
5095	1269
3797	1667
4584	1215
983	220
4185	1028
1679	690
4249	732
2470	1948
2752	249
4546	254
3167	269
1670	731
4538	2245
4406	1159
1679	462
2584	1800
2230	1789
4725	4018
4776	343
1061	823
3603	2532
2241	1331
1679	326
3381	3186
822	351
4872	4544
3004	95
4758	1679
2726	2506
2434	1430
3595	1679
2959	1430
4308	3821
4271	2476
1991	1641
1679	499
5113	2153
4962	2245
2362	2329
4308	866
4252	3101
3476	1143
3100	2377
2457	116
4272	116
2236	1430
4932	291
4091	3202
4560	1487
4480	3866
901	354
2797	581
3012	1333
2594	2514
3501	1105
3047	448
4212	532
3069	2216
4435	2338
5107	3825
4939	1679
4493	1585
3840	2812
2438	2031
5128	698
2178	1537
971	970
759	116
1991	1952
4775	3953
3974	978
4473	4111
3351	2031
4156	1094
2835	1892
4478	1202
2755	222
4478	1430
2216	1537
3724	1122
4306	4156
4538	2845
2871	2835
3636	1113
2410	914
4554	1641
4827	4053
4972	1866
2078	1139
3685	1406
2199	92
3589	205
1279	25
2835	983
4467	1774
2348	268
2298	1113
4558	1585
3995	1120
1679	744
1679	1244
4156	780
3863	2177
557	474
4725	3166
1167	513
4035	343
253	116
4174	116
1525	1085
3757	3056
4863	2142
4827	3866
2887	314
3302	1679
907	896
4503	2835
4890	3180
3354	1192
2118	1789
4637	4041
3190	2118
4129	1085
1679	1034
2582	2245
268	116
3639	3405
4775	3911
3810	345
4111	3034
1679	211
3116	2676
4033	2153
1723	601
4962	3708
3952	2003
4070	1619
4775	3003
5040	971
4156	2746
5128	4113
3984	3352
3148	1679
3341	116
5128	443
2037	205
2775	1866
2974	2835
4954	1527
4244	1679
4391	4271
4035	1527
3685	1840
4563	2216
4209	2753
3261	2402
3700	1215
2078	1270
5042	3116
2951	633
3739	92
4156	4081
2402	1462
3166	2746
4354	1679
2993	1679
3201	928
2389	361
5159	269
5031	339
4928	3395
4537	2507
4386	452
4640	1294
5083	1976
3100	1722
1129	116
3116	449
1680	1679
2605	1597
4274	3866
5152	4696
4077	193
3334	116
2118	247
4399	4091
3093	22
3685	2852
3724	717
5128	2362
3404	88
5026	3722
4404	2496
1331	150
4321	2430
4734	3116
2834	885
4035	2169
3116	1699
4035	2835
4152	4134
4435	4386
3190	3116
2835	1893
1068	763
3139	2216
1912	529
3176	1503
4189	2216
1036	517
1527	6
4357	4271
1948	1537
2476	347
991	230
4315	4181
4156	2118
4868	116
3865	2118
4775	4351
2704	2260
4023	1133
2438	2226
4156	1909
4156	1333
4750	4113
5004	88
4905	2011
1679	1246
397	102
1679	659
4405	1039
4577	3351
3231	2291
4156	788
4798	2181
2216	2101
4156	529
4640	2625
4189	1333
1527	171
4859	1058
2818	1260
3116	1525
3105	903
3361	1679
3717	833
1533	1108
1679	899
1261	868
3116	1521
4949	1215
1652	116
2874	451
4958	1510
3153	946
5062	1215
1429	868
3116	1756
3414	1679
4070	4000
3361	2348
970	134
4939	1911
5113	4863
1866	1640
3678	2585
4372	255
4156	838
4330	1679
1679	749
3704	667
2153	26
2746	127
1056	484
2241	116
2869	1679
1679	1535
2118	1533
5003	1679
2216	1936
962	116
3456	991
3208	173
3463	866
3866	2755
4372	3711
3116	2961
643	116
2690	1527
5052	2306
3990	1697
3538	3186
2703	926
3573	1679
4156	3607
1704	1598
1113	271
2496	1056
4308	1191
1777	88
3982	2931
2438	1640
4152	3863
3894	2216
2672	1872
5095	314
1306	1202
2216	1653
3153	3107
3381	749
2329	332
4306	254
5049	116
4740	890
2181	224
2747	2517
2367	116
4580	4010
4924	1679
1105	704
4815	1626
3418	509
5052	550
4201	3992
2376	1737
4399	2755
2753	2438
5004	3984
4752	983
3708	1679
4357	2153
1035	25
3116	2589
2847	2362
5108	3724
4452	991
3158	2582
4091	2628
2306	790
3757	2471
2775	443
4580	2214
4067	309
2376	314
1341	116
1483	971
2959	2260
3866	1430
2438	701
4958	2210
2835	241
1679	1667
2961	2216
2643	1910
2438	309
3450	988
4036	2303
1893	342
2726	2216
2456	1666
4905	1679
3107	269
1679	1372
2142	2041
2934	1146
2476	1527
4787	4156
1525	643
3435	2438
1527	1147
4077	1334
4932	96
4780	159
2755	2438
1866	1180
4156	947
4685	3116
4843	1679
1527	489
4775	3633
1527	800
4480	4274
3116	1481
4934	4399
3361	247
4560	3237
4493	3724
4932	1108
4480	2041
2672	1331
2852	154
4962	2934
4443	3116
927	556
3704	1945
5015	2716
4053	221
2070	1726
2534	1727
4070	472
4271	3925
4070	271
4463	2026
4890	2676
4156	2596
2456	381
4070	584
2531	570
1406	1035
2605	1666
4770	3992
2834	448
4984	1507
2294	1537
4156	2653
3413	892
4962	4872
4091	1680
3116	785
4189	3354
4241	1445
3233	2934
4399	3866
2902	1537
3295	546
4121	3116
1703	970
3696	971
4859	2027
1404	914
4480	2142
4589	116
2040	1679
4353	3233
3381	2918
4551	926
5134	4406
4958	1503
4962	325
4863	3853
4763	3864
3276	3116
3326	959
2455	284
4827	4480
4033	3056
4415	3586
3913	1215
1726	116
2798	1661
3684	481
2264	1215
3289	3245
1191	343
1527	740
4775	1538
2177	1524
3116	2914
5128	3677
4525	1270
699	291
4949	4525
4478	3204
3695	1679
4932	896
4932	3853
4943	529
3895	1527
3116	1711
3995	3202
3413	1746
3808	1873
4863	1313
4156	4066
5090	2987
3493	154
4863	1604
4399	2078
4819	3586
4986	529
1993	1260
1331	307
3116	2465
2798	833
2157	176
1679	403
4110	1789
4040	2438
1527	1503
3694	1310
3047	2216
2835	2746
4045	3034
2534	1113
4268	1873
1202	299
3876	3116
4362	4201
4941	4247
3752	151
4458	31
5085	3116
3093	591
4834	4156
2796	1679
3026	971
2985	1560
4882	3366
4340	3116
4271	1667
4369	2871
4860	3941
1241	116
4185	448
3107	2262
3272	2535
4978	3116
5068	3754
4934	3157
4077	92
3116	2899
3116	1401
3026	2626
4554	1623
3249	3116
3026	1777
4860	4156
2625	2507
4493	788
3566	1679
3566	2959
4551	879
4962	4417
4558	934
4955	2605
247	31
2270	88
3669	942
2817	116
4772	1215
4775	1362
3061	898
3737	1679
1752	46
3261	2672
4735	116
570	92
3179	1979
4458	3116
868	703
4156	4024
3690	1679
2496	1145
1999	1430
4525	2582
5035	4452
4775	306
4340	413
2385	1623
3573	460
2959	5
3359	1679
3935	3492
1532	924
1527	469
3589	3409
1839	1203
4156	4131
3586	3026
3686	2519
4872	2782
2181	1839
4972	3202
4271	3191
4177	3186
4200	1952
4131	92
275	229
4644	761
1748	1537
3859	1215
2912	833
4989	907
3717	3493
1270	246
3984	2970
3116	255
5097	2216
3116	221
2011	928
4156	3026
4843	2908
4859	4053
4529	2605
1628	1459
3919	1508
4620	1590
4775	4217
3768	1429
247	132
1679	1466
3788	116
3611	92
3602	2818
1859	1244
1679	1551
3082	3026
4478	3471
833	339
2585	1951
1789	1527
1770	265
4915	313
3418	2394
4169	907
3445	116
1685	116
4306	3393
4580	3810
116	84
3929	2199
618	339
1640	942
314	98
3061	2241
2658	1270
3739	3179
1466	364
4971	2704
4962	208
1480	1313
2844	2726
2682	490
3602	1503
2973	2625
4460	2615
4779	1679
2013	1324
1294	490
2279	230
2993	991
4480	3116
2216	923
4267	413
3116	355
4588	898
3116	491
4775	4163
914	154
2009	1679
4169	1936
3689	2362
2496	1244
4361	2912
1146	116
4328	52
4752	1028
1038	651
2534	1746
2216	29
2823	1430
4059	1527
4907	1679
1679	1300
4077	1481
1679	57
3357	339
2078	1661
4357	2270
4091	2775
4859	3289
1679	1402
5128	2415
4707	2934
2755	2269
1159	342
4933	1324
4775	2620
4156	3612
4874	1273
3116	1326
2835	1627
1937	394
3984	1679
2934	2928
4764	3404
3032	2573
4593	1679
3690	3538
4525	3190
5057	1679
3103	2850
2901	1873
4156	2696
4882	271
4775	3366
3451	2850
3189	1537
4271	3116
4529	1483
5095	1406
2003	1938
1679	1110
2071	1514
3116	319
2835	460
1679	1326
4033	3607
4756	43
4336	2835
2438	1892
4326	1607
4308	651
2013	1503
3440	2605
3866	116
4172	3077
777	116
1527	1419
3116	2902
2216	2169
3116	209
2951	1524
2345	2231
4711	2438
3639	1840
4551	4315
2196	401
4399	4271
1215	893
3381	2338
3366	2547
4712	1430
4696	1331
4775	3895
3598	1679
4271	1661
5108	3417
3350	1679
4859	833
4775	3351
5144	4156
5062	4538
4059	3863
4398	3116
4128	1679
4800	2033
2235	1626
1270	1119
4728	4156
2239	1938
2812	185
4874	4558
2706	2265
2613	891
4156	1023
4827	1180
3486	493
5151	1953
3851	626
762	732
4303	1679
4473	1727
4005	3072
4088	3006
5095	2918
4984	4962
3614	2118
4580	1746
1108	154
2741	116
4185	2823
2605	2585
4364	2013
1679	321
5011	971
4775	2709
4156	2428
1679	151
1729	1606
4934	4876
4696	4405
313	209
4863	4033
4417	4328
3586	1679
4580	3101
3813	1215
4112	1527
3890	1679
1782	149
2068	314
2438	942
4962	2610
4525	1092
3163	1527
1873	1609
3486	1147
2987	2092
4241	2961
4775	1727
5122	176
1912	1527
3004	92
4156	1045
573	322
4362	1420
4201	3689
4329	3682
4272	2831
2691	1679
5068	3198
2843	1679
2362	1454
3414	2092
4113	319
5004	2438
3056	1430
4962	174
961	801
2775	529
3538	269
3233	3204
3735	1039
4837	3456
2585	66
739	652
3754	2241
2974	513
3262	2996
4459	1679
4554	2024
4443	116
3385	1331
2141	1679
4377	2434
2438	1560
116	62
3245	1679
4200	1679
3486	1313
4858	4150
2177	618
3369	3235
2667	313
4674	2812
2775	2269
2959	118
1984	509
1679	220
3163	1430
4220	1498
2743	1527
4220	958
4667	4478
5154	347
556	116
4932	365
4176	749
3261	2174
4357	1215
1454	65
4030	1746
4752	3289
2142	751
2747	1980
4169	591
4433	3056
3339	1527
4461	3116
4635	1679
4156	4023
4386	3307
1912	1215
4646	1009
2261	1966
1269	314
3760	3685
4928	1636
4978	3204
4586	2531
3928	2261
3612	347
2348	2287
1679	831
1984	122
3708	2303
4580	3672
2918	1533
2303	1636
2386	1679
3061	918
4798	2037
3116	2975
1428	893
1679	1460
4121	810
3116	2624
2379	1404
4328	2643
3871	1313
3370	1678
4580	1938
2184	2118
866	148
2674	1588
5060	116
2895	1679
4103	116
2118	1147
1866	1680
4214	116
4525	1952
4932	1640
4364	2961
4156	192
5084	1430
3116	104
4752	690
2974	1826
4776	3493
1056	122
4156	3722
3625	3116
3100	116
4091	3702
3884	1679
3860	1679
2814	499
4311	816
3261	276
4874	1270
3810	2753
1726	1607
3870	1122
1636	1113
1293	891
2934	982
3116	3103
3518	116
4271	2927
3884	421
4928	2605
5149	1679
504	313
3205	313
5062	2799
4978	823
3116	2216
5062	142
2045	1679
4070	3908
2838	893
5017	1679
2888	1774
2823	2653
3093	116
4156	942
2438	35
4640	4478
4200	4156
4131	3105
3754	1108
3103	1136
3530	1679
859	751
3496	1722
4130	867
5062	4271
2625	1430
3739	1825
4539	116
1679	146
4770	1221
4169	343
4200	116
3116	2387
2829	1726
4053	3866
4525	2476
3116	1157
3116	3000
3116	347
1430	1306
3093	1430
1679	988
4779	707
4173	269
4257	3739
3026	2605
3307	509
2775	618
2745	230
4665	978
1782	833
3636	1507
595	532
3895	1119
3951	2177
4949	2438
3496	1640
3941	443
4809	4556
1215	260
3360	680
4644	1122
4362	3906
4045	3810
4525	3486
3369	914
4480	2438
2362	759
4048	3032
4546	255
3116	2848
868	455
4586	4156
4775	1533
1305	1136
2097	1679
3116	1435
4958	1703
3995	1180
4010	92
4408	732
4646	3486
698	556
2918	1527
3538	2307
4630	1454
2947	1399
4554	2055
2118	2078
2852	2684
2929	1581
4271	469
4480	2775
1841	1679
4827	4271
4118	988
4863	4088
1727	1679
3953	2908
4656	1839
3677	129
4271	3179
4786	4452
4271	339
1679	1588
4404	269
4480	859
4603	2224
4775	142
1679	284
452	22
3295	2605
2012	1679
1585	1058
3501	788
3116	1480
3626	1108
1430	223
591	355
1657	1057
4357	3853
2573	1466
3450	2704
2774	1112
3202	1661
2281	1527
4480	1202
3916	1839
3573	30
3116	3081
2847	1626
2216	1815
752	698
3061	2877
2594	1283
4127	1679
3456	1966
2931	769
2633	914
4983	225
4156	102
4863	1923
1987	1752
1136	269
4274	529
2605	2584
3409	3107
2694	1061
4764	127
4185	2184
2199	1990
2303	1966
1660	1204
31	15
2546	313
1108	601
1991	1292
4113	2379
5097	601
2630	1136
4156	3830
3677	1679
3032	2290
4156	1537
2270	391
4841	4207
1607	92
3116	1321
4763	2858
4558	1527
1527	493
2201	1679
2178	1726
4133	1679
2156	660
5006	2216
1625	1313
2531	1483
4156	3995
4827	3202
3649	1679
5095	509
1775	1503
2936	2256
3069	2625
5011	822
1034	529
2178	1679
2438	928
3189	2724
2177	1933
4798	2307
4129	3326
4156	549
1627	357
1679	1428
3849	1984
4580	2024
2834	1812
4551	3503
4554	2740
4016	1388
3116	2140
2751	269
3841	1527
5015	451
4932	2417
738	43
2877	652
4070	3965
3249	2672
2613	1679
4405	680
2088	116
4459	314
2118	1948
2379	1406
2266	828
3837	1685
3974	3116
4603	2605
2181	1623
4519	1531
2747	2360
3623	1113
4220	2016
2972	2918
3717	116
4728	2118
2895	1537
4474	3725
5083	4053
1911	1679
1341	700
489	343
3067	1537
1597	942
3289	2254
5108	529
4735	2996
4399	1180
3116	1202
4088	1722
4478	1426
2294	2216
4603	2584
4156	3115
1679	1537
4040	2260
205	123
513	449
2031	1560
5031	4827
4405	2501
1727	1028
5128	4752
4156	823
4220	4156
2118	329
4809	4321
4201	570
2729	449
3360	58
4547	1058
2067	1215
2798	1139
4943	2078
4365	4113
3012	1679
3925	374
5101	3977
4001	451
3872	230
4656	3414
2625	2070
3116	1355
4326	4271
3946	3282
3953	1215
4958	3574
2643	988
4962	151
4984	313
4173	116
4819	3708
3107	1203
4787	921
4962	2118
230	92
4608	732
4033	637
5035	3237
2235	2068
4928	2310
4542	2457
742	188
2438	822
3589	788
1679	1527
4762	116
4156	1218
3201	3056
2974	1014
4941	2835
2794	1760
2743	2245
4858	3685
4622	1267
924	610
2031	1840
4480	4091
3267	2438
1493	116
3116	1214
4156	3840
4399	3376
4695	4525
4635	877
2410	1108
2899	1667
4900	1435
5122	2474
2360	391
2013	123
3026	1679
4603	309
4361	3116
2672	1182
3116	2266
2818	1147
5113	1727
3105	2701
4353	914
4764	3359
4907	3450
4586	1703
3963	1221
3724	529
4357	4035
2704	2533
4306	1416
1866	1527
5094	2118
890	361
4770	2812
1269	351
4231	2362
2875	991
5070	4775
2691	1275
3665	1872
4752	3925
2830	116
2438	994
4342	2973
2078	221
3528	132
1774	1524
4775	722
2362	1267
3116	314
3236	2704
5083	3768
1633	970
3908	1679
3754	1475
2252	1679
2388	192
3116	1292
2303	1598
3233	1389
4863	3496
2321	862
4097	973
4530	3069
2118	339
4476	1620
5088	4603
2026	92
5122	2373
3821	1752
2118	1952
4934	1527
5154	4067
1527	247
2838	2438
4821	3501
2447	1679
2214	513
4958	3602
4876	4156
1873	314
2476	30
2793	414
3299	942
3711	255
5095	2379
3616	1507
1679	715
1269	822
3430	3116
2844	517
4818	2775
4580	1074
3274	1679
3866	893
2438	761
3645	2835
1286	92
4841	2438
2703	2118
4111	1979
4059	2311
3376	2755
3841	25
4139	924
4095	3916
1480	895
162	92
4478	3586
4941	4271
4739	4156
3589	1679
4163	1477
4859	149
1679	922
1537	877
4311	4152
4404	513
4070	722
4775	3882
822	116
4151	1267
4533	1706
3116	2909
4819	3754
4907	2704
4033	149
2476	896
3404	2871
3768	1679
4308	2199
4244	4156
3004	467
4809	3340
1727	1666
3026	2270
2951	1215
2241	343
4667	2798
1906	601
1885	1265
3116	354
3094	1187
2974	2118
1925	751
4198	4163
1633	921
4962	1706
2277	1481
4544	4070
3435	1215
1588	637
3116	1368
3262	1752
3932	2216
3116	92
2388	329
3116	1420
1679	263
2820	1679
4775	3204
4723	2088
2996	1679
3987	1483
314	211
4695	546
3081	1527
1941	1584
3107	2605
2329	1527
1679	241
3186	1345
2755	618
2199	1143
4872	4046
3361	983
652	96
2704	2438
3719	3116
914	898
4364	3175
4584	2934
4972	4033
509	176
1972	1679
3116	1924
2758	116
4770	1966
3688	1531
4186	255
3665	2496
3179	1215
3201	1202
1685	1331
1167	269
4113	3672
4201	1293
3780	1420
3704	3116
4580	2335
3116	460
3101	761
1334	948
3352	25
1752	132
1679	920
732	556
4547	4473
1984	1306
4156	3615
5090	401
4010	1679
1061	939
4399	833
4156	1927
4267	1873
1839	224
2909	1746
2013	971
4577	1679
3350	2216
3717	3202
4805	188
2605	885
4962	4240
4644	3486
4775	3139
1430	18
1670	1306
1454	748
1113	822
3672	652
4088	3201
4932	4544
4962	738
3717	1679
1679	1524
2177	1202
4525	3602
1873	1674
4529	4070
2625	116
2287	732
4279	4046
4525	123
4257	2311
4156	1748
4070	98
4200	1936
2438	833
2495	1679
4882	4853
5011	2831
3223	1679
3717	652
3911	871
4602	4156
4775	3513
4646	123
4059	2230
4580	4070
3810	923
4583	4091
3235	2078
1430	43
2902	1679
2581	1538
4156	926
3493	1108
4018	5
4113	37
810	116
3190	2834
1625	629
1502	602
1756	1679
3804	1679
4386	4156
4712	4478
4962	2181
4560	241
1286	192
3430	1061
1625	1248
4882	2226
4466	1074
4480	4053
3586	374
4478	4097
2755	1604
913	652
4435	3361
4560	2241
4775	999
4473	149
4752	2514
4463	3895
4036	633
3116	2682
4185	761
3299	751
3116	299
4391	3069
4399	2438
4882	92
1948	1679
1215	424
4169	3589
2547	1591
1159	452
4859	3757
4077	2967
4968	4758
5004	2975
2290	2259
4580	1861
866	173
4478	2930
3963	116
3361	2287
2972	1420
1979	246
1670	1524
4458	2794
1283	1144
4981	4480
2078	1866
4711	2625
2768	1251
4023	3116
1645	1538
4525	1752
4962	2303
5152	4156
4695	1215
4083	1215
2266	1215
4315	1936
4091	1679
4156	10
1670	205
4554	1679
4845	1270
3941	2351
3645	116
1590	1503
4646	591
1774	188
4272	4016
4045	1979
2118	1612
5099	4691
1253	269
3362	1679
3451	1660
3810	3708
2216	1156
5040	309
1679	1437
3201	1306
4827	205
1533	1527
2438	26
3317	3116
4770	2972
4070	2936
3872	25
3884	3663
3116	868
3610	448
5031	2755
2241	748
1626	1515
1679	379
3116	2971
1679	275
2438	149
5034	2718
1793	1136
4503	3026
2761	991
961	314
4201	271
4035	903
2746	1639
4156	3669
3951	192
1543	230
4435	1679
1727	116
4165	1035
4775	1092
3083	314
1156	88
4712	1215
612	313
4882	652
3853	1440
2692	33
4954	4113
4156	404
5108	2269
4045	2755
2915	2834
3352	3214
2706	1251
4585	116
5099	2850
1742	1113
4289	1187
4827	221
2236	1471
4301	4156
1866	788
4819	2145
4983	1454
2329	343
3995	731
4258	391
2181	901
4860	2203
4156	1092
3043	116
2584	1324
1679	1678
1953	1324
3821	1657
4564	2934
601	533
5099	3960
4517	1679
914	116
2169	2156
4156	4133
2973	591
3116	2532
4169	3623
4882	1419
3715	241
4696	2281
5085	4646
3184	1679
5033	1679
4640	2918
4859	4001
2230	345
4819	2775
4240	343
2652	1537
4496	116
5149	2210
2724	1559
4932	1892
867	30
4156	2560
3757	3289
1283	670
4882	3447
4922	116
4151	2582
604	391
2497	942
3116	1866
2118	1466
4696	343
4048	3445
4156	3186
4583	733
3116	2005
1058	529
4882	698
4271	1286
4030	3010
3853	3757
2386	1728
4728	4461
3791	255
1667	154
4156	2980
4336	3100
3739	3299
1419	732
4499	2650
4775	2992
4113	901
4928	1800
4088	1117
3851	921
3116	1725
4393	3202
4962	4617
1218	651
4580	489
1215	1174
4055	1215
1670	1045
3365	3351
2798	2142
3107	77
2973	413
1888	314
3351	1690
4274	221
2798	1202
3747	1639
4156	410
4156	2484
4728	3925
1923	343
2625	1159
3519	3059
1243	269
4342	1399
4872	2731
276	88
4934	4863
4091	3866
2605	913
536	116
4272	961
4252	2838
1507	1294
4107	2917
3116	3056
271	159
3866	1527
2118	1679
3116	2332
4050	1679
3782	1686
1666	1626
2830	1215
4315	2989
4156	1820
4156	3538
1679	1191
5128	1524
2153	731
2100	1679
4583	3859
1873	1221
2605	202
5101	4872
4201	3351
4124	1679
4156	4113
2311	1987
216	116
2850	1032
3202	3116
4405	1679
3568	116
4538	2230
3163	542
1527	671
3827	11
2302	1679
1679	1074
3768	958
3026	1527
3816	1477
3496	1094
1941	1666
4882	2534
4819	500
3663	2799
4864	1621
1679	1609
3689	1752
1679	1283
953	907
2731	2277
2534	1108
5154	4036
1679	227
4478	2395
3107	2799
3810	3301
1609	413
3843	517
4656	2987
823	680
3202	1139
4111	2775
2605	1533
4775	4268
2353	1726
1460	1171
4779	2266
2912	1481
5015	33
5151	1800
5026	1560
4477	116
1640	1604
3116	1538
4362	71
2634	2217
3026	1727
4775	3603
3375	2915
3004	2290
3904	116
2438	1428
2725	2625
4775	2589
1324	548
5128	3010
4267	3405
4045	788
4326	1108
3272	1938
2501	823
2041	1270
2985	2071
2438	791
2497	1430
752	546
4118	902
4619	1590
3198	452
4185	1113
2746	448
4398	651
3947	1679
3501	205
4070	601
4339	1527
3742	342
4059	2835
3116	184
1036	948
3116	276
3984	1119
3116	485
1626	838
3929	92
4759	3860
4156	611
970	413
314	25
3757	2775
4876	618
4119	151
5068	5031
3493	1351
4371	4156
2605	271
4250	4156
3754	716
3995	3866
4039	1679
3116	1270
4156	825
2686	1679
4340	3768
2118	679
4640	225
3202	1286
3451	1527
4651	2142
2755	2118
4775	4081
5011	3840
3289	529
3249	3026
1821	1527
2947	2625
983	732
2385	787
3952	3307
1679	1055
3629	1243
4482	1527
4700	546
1113	489
2537	2118
3432	1679
1095	116
5084	1108
4201	1419
3072	2260
4138	3107
4206	3325
4478	2890
1117	347
4268	4185
4525	3317
2047	513
4130	4018
4201	2768
3116	977
3351	2605
4156	2347
3898	1666
4156	1117
2241	265
2438	1947
2245	2118
4876	4389
4728	1551
946	643
3512	1670
2200	116
1679	983
3757	391
3853	2951
2506	926
1551	314
3116	2382
3528	848
4261	956
970	192
3974	3354
1873	329
5113	4111
4234	116
2142	1306
1679	131
3782	1952
1402	151
1775	1679
2653	698
4976	4819
3739	584
2829	2410
3307	1746
4622	2887
4182	1679
1861	1679
3810	2188
4962	4018
2279	1679
2835	584
1679	189
2709	1873
379	116
3534	3186
831	192
5153	4841
4538	123
3568	2804
3235	1930
4544	2625
921	347
3223	2605
2725	448
3952	230
5085	3395
5128	4860
4819	4220
4460	971
1587	343
4868	4841
3837	601
1294	313
4863	4480
1215	123
3471	2704
3602	3116
1202	788
2118	983
2339	2115
4495	2585
1670	472
862	116
2142	800
4113	1108
3116	581
3116	1923
4674	4088
3850	2216
4962	4399
4876	3685
4156	1522
4495	1108
3116	1777
4775	3932
4081	1679
4406	342
3330	947
4955	2239
4156	3524
3820	3116
2799	739
4186	3574
3626	116
4943	3116
3811	3404
4156	3354
1527	1390
4958	4131
4340	1527
2628	637
3301	1912
5099	269
4798	787
4962	1035
375	116
1034	343
988	633
5083	211
5042	2535
4939	116
4033	2078
2930	1667
3559	752
3381	2180
3377	2402
4962	4377
1527	339
2947	2834
2203	314
4022	3708
3116	330
3116	2474
2495	946
2798	1680
2852	1404
3573	149
3573	188
3493	2348
4156	3780
4859	116
3826	2118
3864	1487
2484	116
2726	2259
4097	1532
4734	2118
3351	18
4876	2142
269	209
2438	2177
2653	2628
4775	2200
3369	2216
3116	229
1910	988
1119	361
3987	570
3190	2912
1933	1537
4868	4113
3820	230
3685	3153
3230	2704
2066	886
1754	452
1679	849
2348	92
4594	983
3957	2547
4186	2027
4546	4186
3707	116
3116	313
4161	859
4156	1495
3557	3116
1598	1270
4972	2438
4111	4053
3819	1679
4435	1527
3501	2241
4088	1108
3757	751
2895	2260
1619	612
2843	1554
4220	550
2078	788
4586	162
1679	807
3445	2706
3894	3395
5011	3366
3413	1455
3204	116
2818	1532
4882	4097
3204	1888
4872	1351
1679	885
4156	1121
2037	1679
2652	2605
4123	2456
1681	1679
1626	686
3361	1699
4752	1527
4091	205
3240	116
5088	314
4480	1670
3587	1527
4968	983
2605	1912
4156	4067
1679	1153
5085	4525
4644	3538
3004	748
5090	3538
3768	1341
2382	400
1306	788
4939	1615
3204	700
3724	3067
4271	1722
942	370
2067	1679
4863	2037
557	28
4311	2169
314	263
953	773
2659	1679
2684	1679
1251	1246
1253	1136
3116	2928
3435	500
4776	1527
4156	396
2951	260
2835	1560
2739	1527
4271	3376
4241	225
3479	1679
3237	33
4156	87
1527	151
4786	1798
3301	1679
3704	1752
1679	626
3696	3369
2348	928
3574	1527
2625	2178
3754	898
4167	3116
3710	3239
205	202
4664	4182
4387	4169
1306	472
3272	1055
3503	982
4950	1294
3690	1283
4351	3026
4245	841
1404	65
2379	1108
1909	1717
4156	3038
3189	601
3028	1167
4266	3877
4482	3116
3451	2918
2303	1613
1215	962
3847	2013
3237	116
3957	151
4525	1382
3840	3249
5006	116
3573	255
1111	348
4415	1215
2382	1527
3925	246
5090	1187
4775	4637
5015	4156
3208	3116
3935	952
4478	2871
4156	2171
4723	2199
2031	1680
2398	556
448	28
5128	960
4958	890
4863	2153
1953	1679
3235	1215
4220	4022
4841	903
4954	4271
3202	1717
4035	3179
2459	1144
4876	4775
3370	3116
5107	4416
3970	1215
2812	1108
5159	2942
3864	3837
4819	3471
2069	1293
4045	1728
5062	6
3672	2835
1506	1136
1872	1172
2915	878
5159	4950
3512	1640
3248	2216
3176	314
4301	3467
1679	700
4495	2142
4321	29
4544	3840
4843	623
1991	1466
3404	2501
3352	1430
1527	1399
1313	1063
3566	1182
3462	2724
4351	2605
1875	1679
4872	2729
4156	377
3231	1430
2589	1679
2362	914
4067	2917
867	205
4391	200
2993	700
3471	2912
5108	4033
4271	1108
4989	116
4328	4118
2379	1120
4954	343
2280	1527
1399	1313
4369	1430
4272	1454
4981	2142
4939	3475
3081	401
1679	681
1527	1454
4882	1666
4252	3663
618	552
5042	3272
4775	1559
2835	1947
4198	1432
4368	985
1341	1248
4169	2420
4156	3686
828	249
3461	116
3616	278
3202	2142
4369	4070
4867	667
4185	994
314	265
2814	1454
3032	2535
3860	2149
5134	921
2674	1527
4088	3853
4464	3116
1340	269
3116	2415
3056	1306
1776	877
3393	314
3859	946
3593	116
2603	116
5004	2027
1215	276
4364	4048
4399	1670
4023	1527
3362	2585
1930	43
2199	1397
2259	1626
4842	3473
3299	2796
3573	343
1679	1014
3245	529
2216	1428
3116	788
3116	2288
2130	928
4313	899
3665	3503
4279	33
3685	1454
5062	2118
248	30
868	451
2169	1932
4364	2548
2118	1477
4387	3101
4272	1911
4996	4156
983	924
4070	3808
4163	1750
2875	1626
4758	3116
3843	862
1108	584
4962	322
1487	601
4651	3512
3116	2388
4544	1703
4033	1933
4156	3299
1529	1215
3116	1140
4329	460
2216	1061
4750	2625
2519	1143
1639	1085
3931	618
2873	2585
2582	1828
4045	1680
4070	142
3980	1581
4941	3493
2877	2582
4387	1679
3739	374
2216	949
4433	493
1212	581
3204	314
4827	2078
2716	314
4876	4070
4984	1340
2829	953
3845	1521
4308	670
3653	901
2768	891
4603	912
2271	116
5040	3620
3395	885
1202	1180
4537	2438
3710	3483
3404	33
4156	408
5068	2030
2147	1679
3623	92
1414	928
3710	2838
557	255
2634	752
1679	1216
4644	1533
4546	2706
2748	92
3116	1120
1551	1038
4809	4131
4962	2582
1139	221
1800	22
4958	4544
3844	1679
3116	356
4252	3375
3186	3167
2836	1666
2972	1527
2796	2311
3202	205
3960	3116
1462	699
4943	4033
3538	3451
2547	1028
3696	3235
1477	1432
4859	4493
4958	1527
4651	472
2178	1088
4505	1537
4399	1866
3724	4
4646	1092
2797	116
4819	3674
2589	601
3275	2065
3557	422
643	154
3103	269
3116	1063
3853	1640
2582	2470
1114	314
4872	3047
4943	3056
4156	3512
2934	230
5017	1171
4928	2584
2994	1716
4315	391
2912	322
4070	2534
4832	1679
3395	2547
4391	1454
2230	925
2047	1619
4033	3512
3083	1728
4480	942
1854	926
3226	351
4091	788
4156	1893
3116	2481
1679	473
4158	314
1717	339
3116	2459
2013	246
4547	2653
2535	1113
3559	18
4005	1679
4646	1527
1108	637
4882	4107
3067	1122
1108	28
1454	1108
849	635
4368	2018
1679	741
4775	2235
2973	1215
4412	3116
2097	1818
5070	4962
4364	2303
2438	1094
3237	2034
3623	314
3700	2605
4433	26
1679	556
4464	2398
3840	1473
3589	2835
5108	3853
4744	116
2582	704
3233	1842
2434	92
1953	1800
4340	1215
5011	3686
3346	2362
4949	4271
1679	549
1460	334
3493	2216
4070	1666
3559	2625
3948	116
4364	2845
4369	2216
913	903
5107	2501
1679	999
4156	2793
2835	890
4547	3493
3067	1727
1727	1515
3275	1108
4157	3707
4775	3354
3952	3418
3776	1679
5128	3573
2307	269
4119	2531
2438	230
1882	1679
1679	1068
4525	3175
2653	1072
4139	1938
513	255
4272	255
4415	2768
4790	4775
4580	252
2476	761
2877	961
2692	748
4097	3245
4525	690
4271	2845
2818	942
3186	313
4819	3175
3166	791
4156	2956
4721	4361
2146	391
2203	928
4113	46
3086	269
5144	1679
3239	1972
4155	2373
1119	343
3603	329
4247	3103
4635	1776
1678	690
5097	1506
4464	1270
3768	1399
4481	4156
4968	173
4372	4186
4156	3236
4156	3227
4461	3233
4563	2605
4863	4393
5006	448
3853	1378
3566	2034
3482	1679
3665	1056
4271	970
3116	612
3847	347
4723	4016
4131	1489
4152	3754
2585	1679
1527	1344
4551	122
4035	3816
4018	1432
1560	928
2912	942
4644	1092
4091	1782
2348	421
2902	2605
4651	29
4433	2142
3837	3566
3612	921
1901	123
2214	449
3201	88
3272	978
2985	2585
2362	2003
3116	283
4506	1036
4152	3951
4544	4119
2216	2178
2465	1313
4156	184
2798	1923
2931	1188
4859	601
5011	1727
4245	1215
4391	1270
4033	472
3860	2438
3739	2199
4271	4088
5034	1524
4928	1953
2183	1679
3107	1537
4313	680
3559	2605
1679	1180
3361	1187
3685	200
1727	1533
4863	1215
3860	1633
1028	18
1716	1108
4951	550
3768	3026
3735	2706
4467	2236
3952	2820
3415	1679
3708	30
3685	2379
4030	2438
4819	4787
5029	1527
4617	1430
2835	2476
4368	1877
3573	3455
4165	1679
2501	1091
4131	2414
4877	3122
1979	149
926	859
4526	3003
4070	3975
5011	2835
4368	2582
1203	224
2307	866
3975	2818
4544	2216
2835	907
4114	3236
3941	2775
5040	2438
3512	2177
3616	255
1605	116
3534	1527
2216	2106
2438	221
4538	2013
4321	1339
3568	2909
2610	1527
3908	314
3724	1058
4156	953
3837	33
3722	1215
3639	2100
1597	670
1641	1203
1679	1105
4231	4070
3995	2438
4244	3810
1688	1679
3782	1936
3474	2041
4519	1679
1440	935
3496	1527
2318	1626
3557	2585
4311	3270
2362	28
4499	3320
2547	355
4863	299
271	92
4405	3725
2476	1215
4815	2470
4775	2547
866	732
4321	1256
4962	1333
1679	585
1495	22
3995	529
4863	867
3694	2972
4039	2934
2467	1679
3724	618
4039	1626
4827	788
3231	739
4361	885
3703	116
3038	1679
4694	1215
4399	3474
4871	3894
1911	660
4340	116
2417	2199
3780	643
4618	1873
5122	686
2868	1679
2196	1527
1993	1748
3534	3116
4033	1923
3492	2774
1420	848
4201	4107
4366	1679
4863	529
5090	3589
3116	2506
3107	1507
2605	2347
2973	1119
4152	2584
3255	1502
4972	1286
4962	269
3586	970
5031	3295
4958	1483
3369	2844
4775	4097
4315	1984
2362	92
4837	2261
2388	610
1633	1215
364	355
3810	922
1202	751
1727	96
4399	893
3056	1640
4775	4198
4999	1679
3501	725
3825	116
859	149
4741	1187
4863	3866
831	209
3864	1454
1215	761
2360	1980
3167	1521
4070	1113
4033	2653
2936	2582
4517	866
3837	533
4151	1119
3853	788
1696	1679
4962	970
4815	1679
4958	3275
4118	2963
1619	983
1774	796
4156	1105
4863	2798
4121	1494
4152	2303
3189	361
1113	1112
1775	92
1074	269
4130	1727
2362	2184
715	314
3666	1679
3596	1679
942	926
3261	1872
4978	3490
4872	3557
4779	4399
4156	2052
5083	611
4176	3361
4525	205
570	556
4368	1460
4872	116
3780	664
2835	925
4972	4088
4077	322
2118	200
4962	4252
4735	404
4525	1510
2307	2145
4464	1679
4399	339
2625	205
3627	116
2511	96
4525	2755
4070	144
4882	3226
3730	3116
3116	578
4523	1679
4010	2362
833	529
2835	2118
2030	347
1679	1648
3695	2171
4525	3174
2270	1604
3157	1679
3116	2287
4393	637
4972	205
3754	1679
4405	1627
1722	443
3602	192
4495	2943
1717	269
3694	1679
4036	3359
2691	2605
4950	3043
4404	4308
2834	314
3352	2777
3038	2817
3245	3116
1679	364
5107	4775
4696	2672
4962	2753
2862	1679
2199	452
4480	3376
3928	3860
3895	3069
3685	867
3851	517
2819	1215
3413	924
891	151
2118	1191
2514	314
4640	1679
3207	2890
4177	2934
4152	1454
920	265
3893	116
991	283
3352	246
3739	2417
1215	1021
3107	1716
4493	1537
4035	205
4943	299
5083	4029
4775	3530
4435	925
4949	116
4095	2704
2270	1670
1607	275
1704	452
4097	1626
4635	1304
1598	116
4525	200
1679	287
1157	1108
991	284
4169	2362
1604	149
4757	4156
4070	626
4962	2389
2471	1674
1680	1661
2890	1215
2438	970
2967	2476
4271	942
4119	1703
3768	159
2492	1146
3528	3418
2459	1218
2775	1202
2834	2761
3376	1588
2775	221
2912	1679
4752	2915
3237	3061
4525	3179
3354	1897
513	333
3026	2216
4271	3175
3153	333
4301	3538
2118	926
4156	2365
4156	751
2471	1527
4602	3204
2216	271
5128	1679
4156	1524
4045	3573
5138	2092
4399	1202
5076	1679
4181	116
4258	1980
3116	872
4872	322
3295	1679
2118	221
3116	903
4240	2964
4156	499
1404	664
1527	1028
4070	959
3116	1191
3405	1215
2034	748
2362	287
4775	39
4863	2118
595	116
5068	1527
2496	664
2157	1543
1598	791
1639	314
2287	1419
4493	1058
1645	1306
3863	1108
3821	132
4763	3674
2743	123
2190	1679
4968	4051
2901	1527
3669	3116
4053	751
748	253
3116	3107
3116	2130
5137	1679
4412	1932
2346	401
4775	2963
4398	3870
3538	2040
2605	759
1685	33
4863	3512
3569	1294
4399	4045
5004	2224
3643	928
5026	4819
1537	1061
3202	339
3732	1679
4580	30
2844	43
1679	352
4301	2531
1507	449
3325	1679
817	269
3935	1378
4053	2142
4195	116
4017	2726
4156	2131
4943	3724
4554	2181
2329	2077
3139	2269
4544	1726
4971	489
4928	1893
2237	314
2985	2030
1267	815
2593	2181
4272	1873
5041	193
4169	33
4841	2835
569	33
2804	1841
1068	946
5128	3325
3493	892
4740	1527
4907	3026
2438	403
3925	2584
4156	1814
1875	1527
1243	313
2628	1270
4772	2118
1324	151
4934	4383
3330	3056
4169	314
1156	991
4110	3739
2992	1726
2216	589
4301	3860
3860	3851
4176	3153
4639	1679
2078	1604
4156	2961
4674	1661
3925	3496
3496	339
2605	1487
2658	1527
4772	1527
3636	269
5128	1034
1215	1094
2858	92
3432	2118
5090	3199
2495	1406
4156	4124
5004	3747
2177	192
2936	18
1283	354
5083	116
4899	2254
2216	1326
4775	144
2835	2560
4156	879
2394	116
2216	1254
4201	4033
2535	920
3851	174
1679	221
5147	4525
4189	3101
4156	3458
3935	2835
2216	116
2101	1679
2775	1782
3116	1113
3890	3620
4763	4685
3116	2755
5026	2031
681	569
4181	1056
5068	246
3507	2934
2270	1306
3435	222
3357	2672
4752	952
4756	1679
4775	2386
4723	4107
2817	1636
4775	761
3876	860
2934	2256
3086	2774
2775	833
2277	2078
4544	2531
4274	2245
4608	899
4051	3538
4859	3724
4212	1679
4740	3116
1113	28
343	322
946	192
2266	1911
4759	347
5026	1514
3724	2775
276	33
2459	635
3810	343
4786	276
4301	3953
2118	284
3884	3107
4201	3808
4000	2605
4200	3782
4357	4301
449	269
4827	149
815	88
5062	2835
4542	3953
4120	3623
581	192
4775	3816
1215	1091
2755	2078
1522	116
4770	4240
1839	532
4928	2585
2385	224
4620	3694
3602	2438
3995	1866
4603	4036
3116	2992
4271	2626
2936	2873
1679	401
2868	144
2468	504
1679	18
1679	1529
1750	1432
3747	1892
4452	1215
4088	1306
3950	25
2118	1180
5138	2654
4271	3771
3055	314
4712	4405
4764	2511
4620	4619
4943	623
2438	339
4461	4415
4070	2967
1679	892
4837	1679
4924	3116
4819	1324
2709	2118
739	732
2264	2118
1551	1108
421	313
2031	500
3689	3116
4934	2153
4932	3882
2850	1679
1567	314
3778	1679
4274	3245
461	225
3853	1727
2236	46
4399	1527
4972	867
2142	1108
3995	339
3116	490
4594	925
4757	4113
3208	2468
4740	2471
4111	4091
1641	901
4554	1074
4088	3056
4242	269
3653	1203
2216	959
4030	452
1113	1047
1679	1418
2936	931
4156	1210
3589	3175
2942	1507
3350	542
2547	71
898	460
2071	1451
3721	1679
4932	1473
3931	343
791	548
1454	732
1839	803
4827	1866
4480	3512
4525	585
3474	1215
2197	1814
5039	4091
4962	3354
3747	35
4962	4741
1601	116
2850	209
2634	2216
3006	1108
4525	1451
1136	513
4412	4134
1873	1503
4156	2707
2945	953
1283	329
4024	3963
1613	1001
3864	601
383	269
4798	3414
3026	1108
3451	313
3361	2456
3319	314
4369	1679
4359	893
4017	3559
2613	252
4156	3157
2615	122
4636	3754
4399	299
3418	2335
4033	867
4644	1679
3677	314
4863	343
4594	1666
4775	1414
5018	3116
2040	421
4114	985
2154	1159
4274	4091
2216	1933
3483	3116
3116	1873
1979	890
1746	1402
1667	28
4372	2706
1527	1349
4728	1679
1613	309
2747	391
4480	4033
4201	3853
3116	2184
5012	449
4962	1800
3237	1105
1156	752
788	221
4405	3324
3538	3116
3796	3026
4097	1291
5062	3081
1218	1195
4271	3067
1679	1233
3685	343
4349	1737
2775	1679
4271	4091
4560	1331
4972	1679
2918	1951
4859	3853
1821	764
3602	2495
3201	971
4023	3395
4955	3659
4156	3963
4848	3623
4417	732
2738	717
4405	3442
3198	610
2027	1269
3810	1188
4156	1984
358	116
4012	2492
2438	1235
1679	484
5128	3555
4113	2438
948	517
4079	1679
4000	893
3054	118
1455	924
4124	800
3639	2031
3776	116
3957	1429
2031	731
3602	1979
4467	92
4161	4156
4955	1679
4809	452
4775	2514
4943	4271
1324	342
2303	1108
1483	1270
3918	2438
3780	914
4962	3196
3974	401
4934	4271
3974	2468
4728	2835
3067	2216
5153	3468
3116	2457
4201	3557
2269	1215
1215	1161
4156	3136
3175	25
4809	999
2642	116
2438	1666
4097	2605
3518	1108
4156	3182
2931	2386
3739	2118
4404	1294
4905	4819
4602	3954
1524	1430
4517	2909
1584	1215
4271	1139
4928	1537
3566	649
2704	2547
877	314
4270	1477
3919	1112
2725	1215
3904	2887
2013	548
2653	339
4271	1180
3708	116
4306	2018
2605	2310
3870	1527
2951	314
4636	4583
4156	544
4934	1306
3501	3074
4201	3912
2658	960
4163	404
1527	360
4775	2760
1615	1588
5128	4357
3277	3116
2174	601
2626	2142
3015	2828
3468	3116
3116	591
2934	2041
2153	1108
5151	4036
2438	88
1633	347
3202	2755
1604	1286
5095	3247
3299	2142
4045	3853
4271	345
4968	1641
1334	451
2438	347
4349	2376
4337	1679
1094	205
5110	2438
5108	2775
4070	3350
1256	1024
5085	1527
3677	2236
4976	3851
3116	1842
4752	4156
4156	1740
3639	1560
4181	879
5015	260
3476	1679
4070	1028
3496	1999
2078	1923
3984	651
4728	1590
3672	485
3202	1180
1305	1253
3289	1058
4301	2031
1679	1653
4097	2012
2573	2310
4003	71
4368	1560
3054	230
2605	1499
1885	1283
2438	953
2918	2835
4070	3947
1248	573
1215	925
1800	309
4033	205
5049	517
3519	1679
5090	77
4530	3116
2936	2626
4301	2013
1462	1119
3116	1543
5041	1821
4726	1776
4271	26
1480	1248
1866	205
3435	2027
4389	391
2582	1527
4775	2332
4962	890
578	116
1641	509
4066	1679
1700	116
5151	912
4306	1626
1782	205
3643	1679
2992	2605
3361	1204
4605	455
3904	1113
5095	3204
3486	1527
925	116
4477	1679
4053	3245
3810	2835
5003	451
3534	2118
4860	2027
2672	1658
5041	4316
1430	132
1324	573
2605	2303
3851	1679
2241	1105
2245	149
4728	1527
4156	2930
3410	3116
3512	3056
1527	275
2438	1628
2216	859
4962	3757
3757	1108
3250	1527
1613	1159
4530	3493
3116	2652
4070	2055
4487	116
4321	3143
2100	116
2835	942
4200	391
3176	1085
3840	2534
4156	181
3669	2414
2071	2031
3267	3202
466	92
4156	1331
3116	1221
1131	533
4580	2533
4033	1722
4978	680
4863	149
3410	116
3685	643
4547	529
3116	291
4091	893
2216	2055
4023	297
2216	154
2254	2118
4097	2362
1215	253
1679	1145
848	116
3742	1704
4053	3330
4033	1202
4752	2438
3780	2495
2262	2063
3055	1873
3116	1068
3116	431
2311	892
3820	2936
3744	1679
4336	4301
401	241
2961	1273
4398	2704
4316	1755
1880	1679
2987	343
4943	2775
3376	1180
5107	4962
4227	4156
5094	2230
1746	994
4257	2335
5004	1215
1626	1028
3816	3366
1460	1119
4398	2456
4863	116
1537	690
4945	4775
2716	1679
2311	374
4478	2382
3722	3405
4525	1901
4369	4201
2517	1984
2367	1688
3925	2438
1626	1487
4134	2458
4371	1679
2875	1727
1800	192
1764	1679
4267	3757
1999	116
3672	1180
4138	3361
2311	116
3685	3201
2303	1674
3490	188
3471	116
1679	935
2958	116
4759	1633
5071	4882
4271	1609
4962	4933
3752	611
2338	1537
5017	248
3449	1679
4526	1000
4775	4361
1742	159
5095	5062
2605	142
2718	1108
4674	3853
4274	1094
1480	1061
4525	3841
1670	1202
3860	241
4206	970
3837	2692
4070	542
4496	314
5035	816
4480	3474
2768	2069
2829	2625
1839	1623
3996	3827
4554	343
4976	2013
4020	3308
5101	3922
2862	2420
4336	357
1215	679
2658	2395
4954	2118
1727	698
2593	181
1800	1613
2936	314
4943	2755
1640	859
1024	655
4035	1933
4363	1679
513	421
2511	906
4151	1527
2434	591
5031	2658
4818	246
4156	65
4986	4859
3116	2213
859	246
5090	2388
4537	4163
4580	400
2497	116
5026	841
3493	30
1750	1537
1722	1202
3607	2438
3450	800
2652	1679
4778	3116
3451	1243
3768	29
2798	1286
4113	2777
3957	1704
3521	116
460	339
4161	1679
4858	4583
2577	1679
4949	2245
1872	1056
2628	529
3272	1025
4119	1679
4478	3475
2476	591
5033	1306
4097	1537
1527	1191
2992	230
4962	1306
4240	2522
3116	1933
4405	1061
4018	2216
3908	1584
2531	372
1825	374
4882	1962
4406	1215
3116	31
1722	325
3308	826
4580	3717
5083	2782
5062	1404
4493	3840
1842	1113
1527	123
4001	1058
2346	1537
4775	1310
2581	1690
4499	1243
3568	1951
2818	890
3175	28
4932	2694
3678	326
1679	154
5042	1113
1979	1527
3995	1527
3977	313
2145	342
3116	882
4763	2031
2517	604
1686	116
3919	2887
4728	343
4182	3248
1727	796
4495	4326
5015	2178
4156	1144
1679	1445
1825	154
2071	1248
4734	2438
3299	3201
1454	246
2959	2605
4752	3694
2887	2536
2190	2118
5095	556
5134	1704
3782	391
2600	2471
4368	1679
3107	313
3095	2672
4156	2911
4899	4770
3913	3116
2973	2013
3974	209
4077	700
2994	1113
4603	1636
731	123
4872	3026
4091	4053
2628	833
4277	4156
2118	37
4827	2909
4156	1821
2470	971
3739	1742
3081	1679
4051	313
1679	672
2985	1527
1180	339
2755	529
1527	591
861	314
5026	2581
4939	2367
924	732
4156	2457
4368	557
3859	2379
4558	1912
4608	489
4746	682
3704	1187
4156	2836
3785	1140
3686	3442
3995	2909
4364	1527
4968	92
4712	2118
116	115
2534	1362
4156	649
5035	35
2852	1120
1679	149
3816	3116
2236	314
2514	1390
801	652
5147	2118
3116	682
1679	796
4984	1305
4495	3116
2008	1679
4505	2216
5138	1425
4091	942
4156	3233
4972	299
4819	347
2835	260
4220	3116
2625	1215
1912	1313
3190	1537
4863	2755
3984	205
1445	1215
3840	1375
3595	2585
3840	2752
4770	35
1679	408
4787	347
860	255
2568	1551
3116	1333
1527	146
3568	886
5083	4185
4954	4525
4053	2653
4156	2643
4357	4326
1527	942
4798	509
4399	4393
1092	247
2346	1382
4972	1640
1626	10
5113	1215
4560	3261
4907	4095
4091	2755
3496	3179
2245	200
2674	1679
4480	4356
3471	452
3463	116
4580	3493
2067	25
4859	2269
5084	2726
4231	116
1703	971
4933	4271
4962	4005
2605	626
3116	1680
2270	2078
3026	1667
3795	3116
4608	2765
3739	3366
4372	254
2245	529
4775	1782
3556	970
3707	1679
1061	1039
1682	1527
3090	2804
3859	1527
4326	202
3620	1527
3249	88
5034	4841
4045	1024
3116	1402
4728	4478
4815	1897
4984	2468
3626	2470
4695	1679
4464	3678
2915	1517
1680	246
3069	1537
4091	2041
4478	3677
4053	3853
4603	2067
3660	116
2850	2797
2593	329
3056	867
2203	822
3603	1825
3116	1295
2613	2438
4819	1633
2686	116
1798	276
4466	314
1636	546
4863	3116
952	116
4482	932
4958	3810
3866	1866
1382	947
4728	893
4461	3925
4156	3571
4775	3957
2746	767
2718	1487
1215	378
3415	1108
894	601
3262	924
2264	1527
4480	3201
1727	923
2145	1159
3951	704
563	269
4059	2335
1620	1493
3674	174
1732	624
3289	2653
3237	1331
3853	1058
2584	2067
1527	704
4220	731
2625	1419
2501	1679
4603	1953
4871	1674
3006	751
3620	1679
4156	267
2835	18
5026	971
4872	3559
4070	3954
5134	2511
1527	1510
3255	116
2775	116
1094	1034
4461	2871
4156	3586
3116	425
4464	3090
3995	893
3568	2011
4077	895
3704	866
4487	2605
1270	6
1686	391
3208	1046
4156	3956
5062	4791
2775	2653
4876	2216
3414	1641
4803	3837
1598	573
4752	1404
3237	343
4674	4480
4907	2438
3201	2078
4476	2199
1873	295
1430	853
4156	1000
4476	1679
2335	1679
4775	1690
2303	1324
3674	1679
4399	1120
4763	2985
2930	116
973	903
1039	680
2930	2216
4339	1215
2438	1306
3916	1253
1531	952
1732	129
5039	1285
4130	1537
4876	655
3016	1159
1306	1112
5031	4728
3840	2347
2165	116
1025	343
1765	717
2835	1034
4478	3612
4391	3116
176	123
4233	1679
3678	2931
2847	2013
3866	3376
4156	2071
4506	3864
4326	1112
3754	1093
2585	1279
1873	626
3153	978
4577	116
2026	1113
2013	1613
4924	4156
2593	1679
2726	43
4526	1851
3153	1525
4899	413
4045	960
4457	3116
2216	1420
3690	861
5154	3471
3834	2605
2387	116
3069	1727
3669	2560
2203	88
2118	1551
1306	751
4404	3893
5099	2704
3352	268
4156	3865
3233	3226
4201	1028
1588	1047
748	533
1334	159
1279	116
3116	1159
4976	921
2303	903
2070	1679
4420	1679
4876	3512
4691	3361
4934	299
4231	4201
4525	1119
3111	1537
1215	1115
2852	867
1666	1537
2676	151
4043	2153
3951	1313
3116	1775
4053	1866
3893	269
2338	651
2335	374
2799	249
4735	2488
2347	123
4674	1024
2410	1085
2987	1527
4018	3984
2216	1679
4725	1770
3360	1679
3493	1283
4915	854
885	542
5011	591
1765	131
1679	569
2335	892
4809	3405
1621	269
4406	1704
1426	1085
3157	2605
3860	98
4764	2438
667	487
5128	4206
833	149
3925	859
2181	1251
4257	1215
1812	1727
2921	1537
2130	1188
4201	216
4241	3827
2760	589
1527	1120
3866	1202
4120	973
5094	2647
1585	326
1623	224
4599	391
4315	3665
1527	246
3783	3377
4730	1679
2224	1324
3231	1679
971	88
4156	2458
3740	3026
3995	926
4040	664
5147	3116
1454	926
4495	4053
3231	1652
1728	92
4181	4156
3694	3231
4478	2726
3116	3003
4752	374
4286	4285
1527	213
2241	649
2216	96
3047	1726
4907	961
1537	543
2615	2438
3626	2912
4962	3810
5011	3586
2956	116
2230	2210
3231	2230
4415	2835
4905	914
2726	1430
4962	4406
3483	3239
2888	1776
2118	1912
4725	2617
3107	787
3116	733
3573	3492
2918	2142
2703	1527
4674	2153
4818	3925
2491	1679
2118	1097
4357	3573
4201	1690
4130	2216
3742	573
4493	4156
4391	246
3853	928
4271	1733
1679	946
2912	443
4775	1375
4081	1727
2428	284
1142	270
2703	2335
2828	116
1180	149
2030	248
3116	58
3865	1215
3374	1028
3211	314
4387	1477
1962	400
4756	948
3589	224
3295	149
4756	1930
1382	415
3116	452
4070	3557
3919	3201
3995	788
1437	400
2373	1527
2027	88
5004	413
4156	109
5006	2511
2069	116
2959	95
1679	1249
3116	529
1679	1022
2835	1532
4393	1503
3722	1560
3116	892
3754	3261
4841	322
4271	1428
3538	732
3674	1215
2996	5
5159	4070
4587	1679
1560	570
3116	1712
5154	1215
2041	1626
4603	700
4926	703
4107	971
1991	176
3116	2447
529	149
4257	1679
1775	924
2522	1626
4968	866
4644	4525
3685	700
1782	1640
4712	309
738	354
3354	1679
1527	374
5122	3116
2496	879
2901	892
3730	2605
1061	966
1679	1131
3837	2034
1527	623
4537	3649
4053	149
4775	2534
3116	2385
4503	3735
4404	2447
3665	1172
4871	255
4018	2996
5108	1035
2967	2438
4113	4045
1725	314
4478	230
4242	1727
3602	123
4928	1674
2599	116
3665	123
4775	3190
4480	205
4863	2775
2040	1243
2013	1215
3847	1679
3739	2703
1991	1113
2438	1489
3272	1770
1187	1184
1680	1139
4580	1349
4759	3851
4478	3116
4156	485
3296	1679
2438	961
4728	4594
3024	1727
1537	144
5017	1460
1685	748
4435	4077
4860	1112
2142	731
1537	96
773	314
4962	1581
4819	2013
3116	1918
3568	1481
2492	1679
4177	1679
4271	4053
4201	1537
4775	923
4258	2747
2605	2417
3806	2605
3724	2269
2270	894
3685	1068
5033	2031
3231	2216
2379	946
1928	529
1679	555
3003	2605
4257	3116
2548	732
1679	611
3261	1105
4605	2476
4882	1888
4728	3295
2794	1679
3724	2142
2389	2269
2216	542
5062	188
1726	923
1740	1712
3768	284
5051	4399
2310	2216
2078	149
4023	618
5090	1679
1933	1094
1533	991
3362	1527
3116	810
4586	4119
3024	116
4848	116
4841	1527
2852	664
1976	1679
4525	1279
4364	924
1733	1679
550	275
4871	1291
1527	400
745	313
3468	1932
2791	391
2625	1085
4016	116
3586	88
1334	33
4554	3116
4495	1061
1495	1344
4258	2360
2768	309
3653	1641
1455	509
3603	3072
3668	3116
3574	3116
5107	4095
4201	4029
4841	1674
2745	1679
4976	1704
3056	1670
4070	2695
4882	584
3395	1825
2835	686
4827	1679
2457	2216
4368	3351
3768	448
3587	1679
2199	693
3116	421
3362	1368
4505	116
3163	1283
1253	313
4523	873
4033	2149
1679	1581
1746	322
4493	4070
4763	1514
2199	682
2303	1800
3768	455
4728	833
4357	4113
3190	1215
3038	1953
893	205
2438	703
3336	2585
4364	2835
3395	2605
4934	1202
2672	896
3825	276
4775	291
4206	701
5042	1770
3233	2188
1679	947
4399	2775
3404	151
3073	1727
2605	2534
3116	2600
3496	859
3395	116
1306	867
4151	116
4827	339
942	230
2438	222
3170	1679
845	116
2829	1727
4787	914
1727	1239
4493	1430
4872	92
2798	205
3682	2912
2470	622
4872	4326
5040	1679
2395	314
5031	3995
1679	651
4430	116
3683	958
3864	307
3925	2118
3143	1873
924	704
2546	116
3342	1666
3864	1182
4163	2934
2852	946
2836	116
4978	4762
3884	1294
4734	1527
4962	4301
4268	4201
5035	95
4872	1679
3859	3239
1679	77
4775	4768
3352	1527
2266	928
1679	825
1909	106
4968	732
2071	841
4033	3853
1032	313
2625	1667
1760	1581
3636	2438
3116	2092
4399	3202
4640	1203
4765	1679
1074	120
3393	1537
2066	1679
3866	637
4863	2270
3342	1679
2382	1679
4201	1063
2239	116
4067	4036
2835	1746
3198	1159
4306	2426
4775	1666
4775	3189
2625	764
1679	740
4859	529
4033	1180
2985	2438
4740	2438
3116	252
3946	116
2311	1861
5090	4443
4685	4156
3825	1451
4156	1885
3211	2746
4055	3116
4530	2835
4525	1527
4156	3990
2078	1527
4809	773
1679	948
4583	1061
2818	690
1679	309
5107	1726
4156	1538
4172	4156
3864	3493
4819	248
4905	2174
2458	116
4452	1991
3512	3299
3694	3227
3827	2605
4088	3061
4962	4033
5103	4356
1331	748
4798	4656
3911	1679
2724	2338
4503	116
4805	116
2797	449
4156	1022
4156	2869
4712	1527
4301	928
1951	1645
4848	901
1036	43
2584	1966
707	22
2291	1679
4480	3702
4045	1640
2770	2582
5035	4336
4630	3573
4819	3395
3860	3456
3853	2796
4863	4399
2617	1679
2519	11
4480	1661
2434	230
3866	2245
664	643
4976	4759
4685	970
4111	907
4580	374
4120	2615
4156	500
1623	116
2230	1679
2506	1679
4932	2812
1727	1517
4156	3534
3227	902
1588	22
3455	2430
3116	896
4662	690
573	452
5084	1679
4580	92
2427	513
3163	1679
2476	938
4156	3884
4201	3745
4815	4201
4271	3139
4156	1752
4399	2041
4983	1909
4712	4711
4156	1923
4357	2177
4156	1527
2496	1859
4301	276
5122	116
3853	3100
4674	1108
3191	2438
3616	3230
3739	1527
1560	1215
3211	116
3388	2605
1402	1068
1686	1679
4070	95
2755	1139
1584	1527
3951	3261
3433	1679
1937	1281
3047	1537
1679	1023
4617	343
3116	30
2993	116
3612	517
5095	4809
4257	3735
5128	3941
926	116
2142	1430
1537	1517
4257	313
4357	1306
4791	2468
803	224
3616	87
3669	2704
4482	1891
4501	1679
3528	1752
4868	2013
4029	1527
3941	1108
4481	3518
5095	25
1265	612
4156	1430
2149	102
2571	1679
4976	4787
2697	1679
116	64
1414	489
4156	3056
4257	3418
1590	1113
2755	637
4005	1527
4342	2947
4399	1640
4526	4461
1122	200
4040	1028
4405	823
2985	88
3231	1527
1267	550
958	611
4247	1136
1334	862
3913	2974
1136	313
5128	4030
4156	456
4640	3636
4113	3404
3950	1679
2964	1722
4210	116
3535	1984
5153	660
3202	1604
4529	4156
4586	4301
1755	120
4770	116
1628	115
1679	666
2264	1345
2692	1906
4962	2835
2142	1733
1113	305
4156	35
4349	4005
2265	254
2605	215
4070	1034
1056	982
2912	922
2560	1527
703	116
3100	1727
4734	4271
4071	2476
5153	4962
4495	1045
4315	4200
4882	2398
5128	1722
2961	1258
5041	2818
4271	1613
4962	2439
3768	3614
3638	1187
2040	449
2306	935
4685	1560
3677	2028
3974	2118
4640	2540
3116	2197
4876	2871
4010	3952
946	154
4765	2147
3056	2142
1679	269
2199	1762
4984	1619
3757	149
489	28
3810	890
2147	752
4249	1679
1215	339
4134	2156
2415	1430
2067	1873
2307	2040
4525	859
5151	1215
3101	703
4091	833
4636	3369
4231	2975
1291	1061
1294	269
3202	2798
1221	1143
4460	4110
892	374
1527	1372
3639	2438
5159	1619
1679	1039
5062	4156
4033	3182
4924	2977
1679	722
1679	847
651	189
3067	1679
4664	92
2003	116
3295	2584
4779	3694
4156	2929
3724	1113
1840	1215
4408	3208
3049	1537
3935	361
3573	2438
4986	618
2347	1695
4962	2605
4417	1477
2582	2216
4968	2184
3301	1893
2417	1727
4156	287
1454	1331
1286	859
1679	1258
5151	4711
4001	2438
4511	899
2760	1537
5041	1987
4070	3054
1604	1180
5071	1873
4976	3860
4962	2471
1061	894
5083	2670
1679	537
4206	3231
1430	1144
1679	1345
5041	1481
1984	879
4577	314
3486	2118
4351	1679
4872	1619
4818	443
5090	269
3116	3090
3116	994
2476	2031
4972	3816
3493	2582
1636	1613
4480	2909
2470	1108
3589	3414
4962	3816
3100	443
5095	3026
2672	1601
4271	2269
5122	4588
3067	1164
4329	2190
1679	891
3336	313
4245	3674
1260	354
4301	2027
1679	816
4053	2755
2347	1313
3674	3405
3116	1966
4252	3820
3377	1652
3198	550
4988	595
2781	116
3602	1510
3202	1094
542	229
2602	1679
1727	1473
4474	680
2852	914
2517	1056
3131	188
1607	947
3116	1584
1105	649
4775	246
3984	489
3715	1527
2066	275
4406	921
3016	1873
4622	2701
2852	116
4447	116
2030	222
3207	1187
4398	2260
4666	1679
4091	1866
4220	2353
3175	1679
4962	1770
3974	2996
2989	1984
3636	3381
1310	222
4928	2070
3357	2438
4357	3056
1503	925
4943	3202
4326	637
4495	680
4271	1866
4591	1590
2594	1028
4163	3354
4336	4156
4025	1679
4156	3201
2496	65
3116	1789
1432	329
4258	116
1722	1028
4958	570
4369	270
2582	2118
3557	2216
853	159
460	149
991	109
811	116
5153	339
4131	595
3864	2241
3016	22
2126	1679
4507	401
4752	3301
4455	1285
4306	2921
5138	4165
4962	1330
4000	1626
2605	807
3984	2348
4495	1269
4544	4156
4433	1652
1495	1159
3341	1679
3512	1524
4357	4033
1679	122
1215	1180
3116	2927
1313	326
3202	1527
2181	269
5041	2972
3116	1289
4832	1740
4779	901
4271	4156
3010	1679
2216	584
1825	1283
4855	3116
1722	1108
4045	339
4156	343
2835	325
3334	1679
2835	1966
5052	275
1754	92
1918	116
3722	3435
4962	3980
3103	1679
1952	1527
4383	886
3574	2956
2753	1527
4156	1947
2775	222
2838	1628
2183	2031
4551	1679
4306	1068
1056	879
701	88
3116	2596
1679	591
4033	3191
4156	3645
5011	589
1679	1390
4156	1206
2346	1527
4711	4525
3555	35
2294	1679
822	314
4525	1503
2410	46
4120	3516
1454	1351
872	487
4775	4174
4815	2605
2492	1892
4480	1139
4896	2402
1679	1544
3826	1345
2584	309
4775	2814
4962	4717
3198	622
1455	354
4156	3193
1679	711
4583	1215
4336	1888
2934	1159
4905	1093
1999	1679
3816	116
4958	2438
4644	1119
1527	961
4156	1534
4819	3860
4181	3665
3810	246
3202	845
1510	1122
3538	2447
4206	2774
4110	3616
1984	1172
4077	1821
3980	3810
4156	2066
4156	37
1765	268
3684	3226
3413	2020
4272	22
4282	1679
3898	1679
1716	314
3859	2834
1193	372
4874	1912
3357	1048
3626	971
4220	2985
1134	826
1679	28
2745	116
4775	1938
4763	3951
4872	3056
2425	2288
4775	2347
4962	1391
773	241
2496	116
4962	4201
4473	4336
4841	3272
4714	2844
4560	1182
270	35
2410	1525
2438	926
3223	652
562	481
3249	2241
2311	914
4201	542
361	247
1451	1143
4257	591
4156	3237
4941	536
3479	1136
176	92
2852	1068
4872	2536
4863	460
3056	2270
3474	1679
2310	500
3501	401
2768	1293
2724	1114
5026	2438
1119	123
4588	1215
4399	1139
5051	3607
3214	1679
4651	241
4775	3929
4728	4391
3528	3262
2724	116
2118	149
1487	985
4775	3026
4220	2438
4271	2130
3850	1112
4271	1532
4525	3866
4272	2266
2055	1727
4591	1215
2747	1686
4156	3941
2951	958
4364	4156
4340	1270
4523	1937
5122	862
3116	2775
3116	937
3996	2171
1604	339
2573	1215
1873	271
4810	2216
4580	271
4186	1527
2996	1740
1679	1394
3339	2605
2027	1108
2118	1460
3208	1493
3568	1110
1180	637
4398	2706
4156	2547
4723	1703
4530	1679
2560	690
4972	637
3810	1581
1742	1147
4452	3342
4271	2985
3122	354
4156	2965
4775	1623
841	116
5122	4780
1527	192
4487	2216
4077	2188
1667	229
2600	1503
2835	924
4156	816
4156	233
1126	116
4958	1113
4241	3571
4991	4156
2835	248
3307	116
4201	4121
2775	970
4071	1873
4405	1798
2153	2142
4271	4001
3362	3116
1598	1159
1644	116
4775	626
172	43
1679	308
4460	1215
912	116
2782	1726
4473	2918
3739	3414
4737	742
3061	1906
2216	43
4173	1679
4530	2958
4240	1122
2438	1923
3708	2353
4770	3610
3684	351
2362	1437
4890	3032
3370	973
2993	978
2888	116
5122	4580
1679	43
4152	926
5153	4113
4818	529
3780	2379
2531	970
4000	116
2936	1679
2013	347
649	307
3501	271
4580	2704
859	116
2258	773
833	618
4389	2351
4664	1113
589	314
4775	4107
3786	1113
1221	25
1661	928
3116	1612
4408	3116
1680	1094
4046	1294
1930	1679
1679	474
4775	1712
1826	1626
2974	192
3435	2031
4156	2091
4035	1866
3202	1640
3116	823
4127	1503
3493	591
4198	3974
1454	1215
4111	149
2704	1189
3153	2495
1619	209
4586	4544
4735	1679
2753	2118
4752	3603
4156	3143
4091	1661
2974	253
1281	990
4174	3840
3074	1778
4487	3528
4775	1254
3116	2972
977	25
2447	513
4878	260
2845	343
4574	1679
4342	2716
1679	1160
4853	262
4750	4728
5134	1159
1690	1679
4737	314
4156	552
4917	4474
4962	679
4311	1932
2615	1215
3336	1014
2818	1068
3602	890
4156	3744
4241	129
4156	2147
2605	1269
4340	2041
2142	1585
4271	928
3327	116
3895	1313
3860	921
3354	2041
3941	2912
4943	637
1406	154
4962	1004
4775	4185
1640	867
3721	116
4077	3054
1925	391
4819	1414
1144	92
4361	456
3865	314
3116	448
4040	2835
2241	533
4274	1058
2844	1036
4364	229
2877	748
2835	2269
3853	2270
4046	1727
868	116
339	149
3834	2915
3754	985
3495	2617
4721	2188
2030	1633
4739	1679
1679	489
1722	460
4752	4656
4493	1727
3919	716
3369	1930
5122	4480
4962	2496
3780	1404
2027	314
2033	1679
4474	2492
1727	959
3433	807
4412	4165
4525	1680
4752	489
4053	3116
448	159
2003	1455
3995	2118
3747	1486
4863	3299
3895	3116
2501	141
4775	1527
4156	1034
2041	1483
3175	1215
3395	1429
2912	2470
2241	601
5004	912
3957	707
2850	2066
3975	1679
4176	2214
4651	3056
4943	4156
4872	3299
2547	2531
1679	22
3157	1108
4455	2113
3261	1372
1723	748
3026	1626
3857	1215
1727	589
2909	886
3198	2145
1850	88
1743	1679
1324	1159
4764	95
942	902
4271	3512
4593	4113
4271	3810
3569	2704
4711	2118
3317	1679
4845	1527
4654	1537
1726	626
1800	1679
2142	1524
4271	2818
1406	700
988	622
2605	877
2605	1515
4463	4156
2847	332
4934	2270
2013	1498
4950	1108
2438	443
4563	2511
4848	314
4694	354
4342	205
1527	780
2030	1679
4962	2045
4798	1203
5041	2465
2216	1028
2929	1480
4737	116
5147	1215
3512	867
4317	3810
4461	2930
2200	860
2055	1679
3054	2625
2011	37
3866	833
4525	3995
3122	866
4240	3739
3116	1112
4156	3357
2511	1110
4775	2294
4308	3690
5128	701
2386	2239
1525	1068
1740	1146
2181	670
4962	589
2958	1679
2695	1679
4393	2584
3919	3116
2617	354
2270	1923
4113	942
4279	1679
2438	1866
2040	209
1666	361
2725	2216
2812	314
3674	2985
4405	2585
4780	451
2607	1679
2852	1525
2911	1679
3272	296
1215	26
5099	413
2625	2349
4053	1640
3153	1404
4275	1679
5108	4053
4859	2835
2241	1451
3295	1527
5004	2973
4357	2142
3780	2216
4156	326
4416	1585
4700	4368
4383	174
4928	2862
1774	1108
1355	116
4775	1597
4750	1117
4339	1113
3853	1873
5153	2812
849	116
1856	1679
5090	762
1119	585
3249	2605
5151	4928
3974	1305
4962	4045
4983	4547
4725	1712
1732	1679
893	339
3467	3201
1679	1028
3739	2335
2934	2605
305	92
1537	29
3694	129
3429	1527
3116	1852
1306	343
5122	1679
2438	947
1679	679
4156	877
2912	898
4030	1157
3201	2798
5012	1055
867	65
4201	1532
4240	2438
4201	4000
4186	2438
116	92
4257	1748
1607	928
3798	116
4372	3919
1725	1028
2931	1489
1507	173
1774	92
2951	30
3116	2241
3116	1897
181	96
3538	1419
1147	1092
5128	3493
1120	489
4962	894
1113	674
4185	2547
2605	1588
4185	2814
2543	116
4525	3432
3780	2605
3122	3116
3186	3107
3361	116
2972	860
1951	739
1324	1248
5108	4097
3016	2476
4030	28
3984	3827
3486	2347
4639	4480
4976	1633
413	134
1674	690
4271	2582
4928	413
3853	1454
1839	116
4675	1215
4547	833
2256	1873
2496	914
4525	4339
4156	3204
2438	1139
2936	1873
3980	1760
3954	391
4369	3326
4863	3056
3307	1679
2999	1679
4267	2625
1147	890
4033	1680
3722	2985
4939	3700
4882	1976
4458	15
4594	2348
1270	788
3754	460
4674	1157
2438	921
4189	1727
3451	2466
1704	116
761	314
1612	1215
4775	3795
4775	2417
1406	946
3116	826
2055	895
4602	1092
4538	3267
3859	3354
4664	3925
3568	1427
4070	367
2537	1585
4156	3860
4779	731
4156	2817
3342	971
4862	952
4156	3831
5085	1147
3865	192
1499	96
1660	491
4976	248
1679	1361
2981	1679
1679	603
4978	1480
2918	1147
3107	513
4156	2265
4474	22
4943	2028
4819	1703
1679	1024
2153	1670
1527	803
4664	2020
3116	370
3866	788
1679	456
4876	4480
1760	116
4872	3908
4962	922
3586	873
4315	1056
2875	2605
3086	513
4827	1591
4551	1056
2031	1514
5040	1800
319	176
5022	4464
3911	1991
4523	4156
3620	3116
3289	2775
4113	3157
4156	4079
2835	364
4775	2712
2420	1679
3837	3261
1800	1120
2850	1243
4328	988
4984	2040
3496	1454
2456	92
4365	246
1840	116
2972	249
1486	838
3729	1679
4775	123
4712	4525
4651	4478
4958	343
3223	401
2531	1679
4775	994
3166	1235
2791	1686
4271	3612
2153	299
1856	1331
1679	960
2843	1590
3974	3103
1897	1283
1331	985
2625	626
4053	2269
4012	1113
5026	2985
5068	309
752	679
4891	3208
3010	1028
3538	928
2829	1426
4544	3199
1430	15
2118	591
2918	2118
3105	1527
2831	1679
2775	205
3254	532
3559	1727
751	88
4899	2216
1390	923
1679	1615
3496	2706
2307	1107
2755	443
2706	1462
1892	1628
4308	3262
3213	92
4240	2818
1527	208
246	149
2743	2118
4404	3984
4750	2203
4329	4039
3319	1641
4478	4415
2752	698
1640	1139
2145	1324
5108	4156
4968	2199
3850	276
4018	3963
4156	928
4480	3573
2177	1094
1585	529
4174	2625
4481	1679
1752	848
2613	557
2775	2041
3863	2310
4461	1402
3685	2496
1527	922
5070	4201
3703	872
3884	2918
3107	2850
5138	3710
4163	3974
3798	1679
3768	2929
2605	1388
2528	116
2362	1679
4529	4478
3317	891
4928	923
4045	3995
1251	354
4364	343
2118	205
4872	4603
3166	1679
4949	3116
4750	283
4252	144
4271	983
4274	1034
3231	926
1430	991
4271	188
4220	3233
4156	2692
4809	2196
3295	2216
1454	1120
1640	893
2934	913
3226	1742
1776	127
5040	2615
4917	1948
3724	2438
2277	1499
3578	1679
4594	1979
4971	1279
1916	1679
4043	1679
3163	1215
2197	401
1404	973
4121	1679
4723	3190
5122	271
2951	1480
1527	926
2888	1639
1451	116
4040	1679
1294	209
3116	123
3100	1215
2270	867
2791	1980
3261	1679
1679	570
4167	1679
3105	2835
4775	1517
4775	3153
4819	1121
2438	1483
4169	2382
4393	2270
3639	500
2615	2476
686	92
2871	1679
2492	1161
4932	2294
3925	30
3853	2775
4156	3796
3320	2476
1648	116
3116	351
2013	88
5152	116
4818	221
2011	1113
4674	1430
3534	2264
4120	22
3996	1679
2474	269
4763	2438
2799	1979
1872	1182
3038	1215
3198	1324
3116	1854
3116	1306
3717	1626
5086	1679
1527	361
4156	2266
3101	314
3780	946
3262	848
4809	3974
2889	116
4210	1679
4739	1527
3082	255
3946	800
5011	3226
4131	1679
3603	1750
4542	1293
4649	1679
326	116
4972	4271
4156	1108
3947	1527
941	116
1537	322
4841	926
1537	1068
3361	651
5062	2548
3116	2254
3116	404
3866	3056
3456	2835
3490	116
3202	942
2438	552
4712	912
4580	4463
532	116
4107	2414
3827	2519
4942	1538
1752	1712
4362	925
2547	2318
1139	637
1527	1139
2216	1890
2199	1725
1092	585
5084	1930
4416	1679
1527	732
4198	2216
3957	1776
3995	205
612	513
4035	1180
1812	448
2214	269
5062	2495
4336	270
3864	3261
2584	1636
2269	1058
4603	116
3922	209
4907	1085
4473	2216
2438	2071
1679	118
3503	1056
4618	1679
4790	3629
1108	958
3696	1036
3984	2118
3116	3025
4735	3528
116	59
1139	833
4537	4018
4399	637
2118	269
4163	1679
4619	2626
573	275
1979	142
314	176
2877	2738
3442	2502
4037	1679
2054	1113
3299	2177
2534	1726
314	66
1639	127
685	116
1094	1058
4156	2360
1130	990
4077	3247
5026	1248
4485	2934
1426	314
4608	2605
3456	2261
2798	2078
4272	2585
3895	2918
3139	1679
3299	1524
1993	1909
5006	4201
4480	3760
4665	1679
1527	679
4201	3247
4311	3840
1873	284
3602	581
3054	1726
2124	739
3685	914
4493	2625
3931	1527
5029	4156
4979	1679
2362	591
3317	2011
2605	1626
3116	1912
3434	1679
2511	2011
1979	339
2804	1094
4328	651
4547	3724
4156	821
2547	188
4200	1686
3866	2389
2224	1636
3116	2725
4156	1640
4637	1726
3503	1172
4962	4131
4787	1633
4311	2156
3623	682
4186	3850
1378	314
2476	1503
4420	4040
4907	1251
3107	1243
2582	892
4393	2798
4525	3534
2755	1527
2389	546
3512	2142
3116	1218
4827	3026
3174	2934
2880	2653
2755	339
1782	1025
1966	991
2510	116
2266	1679
1108	1036
314	97
4156	3021
116	82
4928	53
3853	751
3404	2506
3153	209
4525	4156
3821	3116
4405	4313
2118	1270
2967	116
5095	2852
4950	1253
3725	680
3352	3267
4111	833
1187	104
4364	2118
2037	171
4232	3116
1866	299
4156	3866
3853	2142
4455	4185
3493	1679
4480	4399
4415	4364
2216	1515
4386	651
2447	313
3116	2037
4711	2177
2270	205
4775	895
4882	133
4306	2915
3742	1159
4156	2335
1679	1063
4790	2712
4248	4156
1742	1269
2230	1484
4308	3116
5040	1598
2269	443
1119	493
3175	2835
5107	1269
3381	313
4480	1430
1930	116
4858	2852
4326	1640
4119	2438
4786	1362
1679	1217
3153	1679
1627	489
970	88
3573	2775
3847	1633
3493	3369
3204	358
3116	1951
3921	116
4185	2709
3261	649
4752	271
2817	1679
2177	2169
4941	866
2798	1524
4017	2171
3116	978
5138	4156
4070	3804
2531	2438
3366	1537
2625	1045
3715	1215
3559	2362
2850	749
4364	1660
3454	414
2716	1088
5026	4763
2777	925
2653	529
3105	1633
3458	1661
2347	973
3780	2496
4391	3666
3806	116
4201	780
2078	1930
4478	1527
4241	3984
4070	215
1679	945
4018	1679
4577	4336
4976	4945
2716	2178
4775	2055
1679	176
3916	1679
4962	1527
4033	1306
3872	3116
4240	2199
1243	1032
1028	460
4070	2190
4932	3139
2362	29
3612	707
3116	461
2438	893
4110	1113
3116	1604
489	374
3566	533
4091	1180
4091	246
4219	116
4651	3610
4481	134
3846	230
3694	732
4984	1136
3820	1626
4474	4306
4696	3330
4010	953
1679	1
4495	2657
700	680
1156	314
2777	2280
1679	833
4674	3518
3685	192
1674	942
3853	3625
3788	1679
1480	680
4954	1679
2040	581
2118	978
4962	3528
1171	116
1679	670
3326	1679
4770	2691
2420	451
4505	2605
5128	3056
4859	3299
3685	1382
4041	1666
5034	3056
452	401
3250	2216
4091	3376
1826	1726
4156	2839
4538	2835
2269	149
1679	1046
2428	116
4131	2877
4156	542
1625	585
357	270
4271	707
1215	366
1726	1679
745	581
1527	1360
4383	4176
1503	1085
3840	589
2118	345
4962	3116
4752	1839
3116	2416
4721	4077
2438	1524
1533	1313
4446	4156
3237	2858
2931	1344
4091	2245
4175	314
4725	4163
2438	1454
5144	1215
4819	3660
3797	1727
3016	2092
5083	4775
2041	833
2438	1502
2605	2398
3204	823
3189	3116
3984	116
3975	3116
5108	4986
3116	3072
3034	1679
4156	1980
2658	2438
3003	924
2703	374
1351	1113
4357	529
3864	3754
2652	2216
3574	2118
2895	2147
2995	116
3808	2934
4460	2770
230	176
5147	116
5128	2774
4506	891
2617	173
1728	896
3725	1892
4951	4740
1626	759
4961	4091
3116	66
751	618
4866	3116
2718	1331
4326	3100
3081	2585
4586	1215
3665	122
4479	1679
2823	698
4858	2582
4315	2791
4756	2844
3810	1560
221	205
4156	740
4156	3254
4097	751
4095	1527
4735	4018
2626	1532
4728	4271
3853	1679
3747	698
2086	1679
2142	637
1608	116
3116	787
3116	88
1722	704
5113	4033
3496	2118
2438	698
1055	171
3116	2373
2626	1537
4934	4495
4605	1494
3940	3381
4340	2915
1679	793
1818	1679
3587	2118
3317	3105
2670	2216
1679	376
2625	1933
3116	738
2492	762
1382	159
1147	247
3202	833
3116	2703
626	314
3827	116
1866	529
4357	4156
845	815
4580	2796
4156	2033
2118	173
3538	421
752	71
4156	2821
2686	1727
4372	903
3116	2190
3175	2934
2454	314
4128	3116
3289	833
4201	1951
4674	2142
1936	1686
1666	688
2720	1679
3866	2775
4682	4467
2245	2078
761	591
3223	2216
325	22
5063	1113
3199	773
1866	1139
4051	269
3928	3456
3652	1679
3853	3006
1667	925
1679	1129
3622	116
4554	2385
4968	1419
4772	1987
4473	339
4529	1537
1930	948
3752	3538
4156	82
3496	898
1045	230
3686	351
1494	116
2992	1679
598	116
4308	1253
3754	33
4841	4271
4644	2347
3747	601
3995	2755
5026	3674
4962	4589
4356	3116
5151	1776
2605	2256
4321	3455
4640	421
4473	3853
3941	2753
4306	2100
1948	1590
5090	181
2704	1368
4156	1172
3370	116
2791	1679
4907	4398
4544	1727
2379	867
4855	1171
4372	2265
4525	3620
3163	3116
4309	116
4271	3573
928	815
4913	1494
4978	2874
4775	3000
3211	1059
1527	892
2468	92
4775	2353
3493	1061
4646	4644
3116	3105
3568	466
1679	702
2466	581
4206	2276
1679	790
4712	4603
4053	3757
4775	2256
4185	800
4583	1590
3696	1679
2625	372
2568	313
4949	893
3468	1722
3556	88
4525	4207
4551	982
1139	893
3840	1666
4872	4382
3435	2985
3559	2216
3813	1527
4270	1770
3289	2269
3351	3116
3626	2972
2318	1466
4010	2199
2030	1117
4882	822
491	313
5011	1269
3061	533
4487	1750
4525	2347
2303	309
4308	1333
4336	35
3116	2136
343	222
4271	1604
732	173
2118	361
3754	3325
1670	26
1527	388
4301	971
4036	309
4364	664
2727	116
4372	452
1113	262
4182	3237
4301	1219
3589	2037
5107	1679
4984	1032
2835	2471
1938	1679
3116	1362
3665	982
5097	1460
2597	550
4156	562
859	205
2684	1085
3840	991
3496	921
3516	1024
4674	4651
1679	294
4156	3501
4206	2770
4328	2963
3866	1640
752	598
4131	1273
4351	159
4493	2216
5031	3925
4321	4131
3025	1527
1826	831
4035	2142
4326	3853
3840	2858
5004	1503
4694	3116
2241	1812
3685	946
3864	1331
3566	116
1038	633
4156	3806
5040	3038
4841	942
4267	202
3377	2230
803	509
3496	1440
2625	1927
4220	3754
4482	2914
4339	2118
2704	116
3414	2037
3550	314
2862	1626
4156	2031
1527	1092
4156	120
3932	1679
4230	116
4933	3116
1679	366
1679	374
2241	1685
5128	928
3317	1119
1604	1139
4095	2947
3026	645
3694	2254
4070	2560
4156	2709
2726	1391
4858	1800
2241	2234
1888	1362
4308	1679
3034	2041
3995	1604
3730	1679
891	452
3795	1679
4478	589
2438	2078
1912	1850
3651	1679
3369	43
4151	3747
2216	1344
1527	1333
2438	611
3853	299
4950	504
2178	1108
4943	833
4055	1679
4775	2197
3295	1215
4156	1686
3412	2235
3995	3376
3267	200
4033	2270
2829	2605
3093	1527
4961	4095
3414	811
2030	1953
4863	4045
939	116
1119	357
4586	1483
2835	1951
3056	1094
4752	2077
4819	3435
4928	622
4538	890
4958	2030
1068	294
2835	2519
4156	2474
5149	4012
3455	1256
5041	2547
3101	2434
4301	3067
4775	3069
5083	1722
4201	3898
3866	948
823	201
4112	3369
4393	3116
4764	1110
3768	3249
2506	994
1215	978
3130	1679
3116	2026
4972	1139
4759	2030
4928	4603
2796	1533
2605	1156
4377	116
4242	4070
2495	2216
2329	1460
3895	1147
1331	1105
4219	2672
3612	2030
3768	2534
3722	1840
4051	1340
4399	3201
2026	1063
4602	1147
1291	680
5154	2438
4955	4270
2389	2245
1679	932
3415	1428
4111	3357
1136	504
3116	1279
3810	1527
1923	1679
3674	1840
2961	1818
3099	2961
4863	4156
3953	1666
5017	1248
4181	3853
4113	1527
5034	4674
1911	22
2130	2040
3518	2027
5151	1679
4675	1679
4156	4091
2037	2011
485	224
4525	3895
4841	222
2585	1108
4289	2652
3116	742
4362	176
4036	1679
4128	46
4962	534
4533	3860
3516	162
2216	1928
4989	652
2027	134
3821	1251
2047	675
1681	314
2743	1119
4726	1774
2799	2118
3555	2613
4412	660
4989	3176
4554	3935
3116	1743
886	314
3860	2030
3984	2755
4189	1254
4958	133
2476	246
314	205
3847	248
4326	751
4712	2224
3223	615
5134	550
4934	4033
4872	2701
2805	106
4962	3369
5003	1068
4369	2829
3366	2311
3952	2738
4113	2495
3026	725
3853	1094
3116	1251
833	192
2747	604
3116	1648
903	260
4983	4156
4818	2912
3837	3061
5035	1372
2934	2812
2755	123
4077	314
2871	2746
3620	827
4271	2329
4156	3449
4201	2534
4872	2739
4536	3116
4364	354
2798	1604
4113	3116
3957	3365
4775	2716
3521	1679
4863	833
1679	1375
4962	3574
928	313
2287	1897
3688	952
2835	35
4764	2258
4070	3672
4271	2775
3623	1413
3837	3004
4035	3941
3274	2839
5039	4480
3808	2216
421	269
3432	3116
5153	4156
4932	3100
2812	2585
2118	1503
2387	1454
3016	961
4962	2426
4274	2653
3684	2071
4962	2987
3204	1679
4876	1537
4152	2156
4107	1028
3684	927
2349	1679
4206	3555
4622	3791
4163	3528
3739	2420
4018	3974
1661	867
2818	1527
1851	173
4156	3139
4841	4580
3116	1267
4791	116
2118	485
4070	1063
1748	961
4243	1215
4480	788
4840	3236
4045	1604
4045	1933
1703	1215
4962	4156
2531	1774
4905	1331
2329	1537
3201	2146
1646	366
4185	1728
1499	570
4640	1136
3492	3056
1028	314
4775	4544
1607	159
4435	452
3354	1740
1499	208
3179	246
1430	885
2540	116
2288	817
2199	1679
3094	1679
2738	1679
1256	655
2174	1331
2216	1543
4551	1984
4055	2230
4091	2078
4958	2918
5040	2199
4169	1679
3663	3513
4201	3248
5068	1248
4174	1726
1831	1679
3821	1679
4775	1598
3503	879
4896	2030
4181	122
4457	1679
3442	2188
1951	902
2142	472
4827	116
3830	116
5029	1679
2989	1679
803	652
3778	2165
1215	241
4863	142
4167	1839
4030	92
3490	896
4525	1743
4890	1926
1432	404
2003	1679
5033	116
2582	361
5113	1524
2540	924
2216	35
3026	970
4160	1679
4932	314
2965	2030
1679	732
4651	4271
3578	2438
3620	3004
3208	1253
4473	4091
1533	1092
2582	1215
374	92
4950	3538
4962	4242
1641	803
3201	1679
598	556
4617	1679
3735	591
4962	942
1679	940
2216	611
5134	573
4790	788
3021	116
3990	1774
4271	3866
4664	401
2438	788
1679	1146
1679	878
3703	2022
4809	3557
3853	2653
4827	618
2582	1267
4070	2199
4097	4035
1636	309
1679	1121
1841	116
1388	1215
2920	667
4871	2118
352	116
2657	1108
2303	342
4181	4113
1989	1674
5035	1947
3101	722
2534	314
3336	3116
4934	3056
1527	1466
3724	2653
4455	3026
3319	2930
4271	3190
4651	3299
2181	1641
4525	1584
2386	314
3493	1047
1909	343
3202	637
3845	1105
1679	325
3555	28
4201	2760
4480	4035
764	414
4112	3116
2973	1390
5035	1531
3307	2026
4301	3026
4272	1725
5154	309
4012	1246
4525	2560
4070	740
3957	3739
2877	33
4046	2216
4637	1527
4156	3825
3468	299
2625	2234
3780	154
3445	3414
4580	2118
4672	1679
1679	548
4225	4051
2383	499
4841	1743
1454	946
3602	3176
2582	751
3636	893
4955	31
5113	2078
4077	2348
1774	1679
1991	924
1551	1113
2118	246
3464	1021
3496	833
1666	230
3686	862
2269	1122
1159	707
4882	4316
2270	2142
2269	1952
3674	2031
4605	961
3666	1897
1632	1187
4712	3853
4981	3275
1215	589
3768	3351
2930	1727
451	314
1525	664
1414	664
3837	3237
3250	3116
1661	1286
1527	983
2465	2347
2501	899
3417	1122
5128	3202
4156	949
1108	626
3556	1156
1636	1324
893	314
1139	205
1703	570
2798	1670
3093	763
1679	1050
4321	3747
3866	1180
4033	1524
3434	1667
3810	2676
4928	2934
1537	1254
4156	681
2701	188
4048	322
1679	707
3493	2796
3653	3413
4860	4301
3913	831
2985	622
4113	1270
1947	1627
4129	2829
4775	4029
4077	1267
3186	2264
3358	1652
3853	1108
1640	221
3853	221
5108	3757
1248	248
5113	3056
4640	2850
314	29
4721	4268
3629	610
4972	1180
3257	2672
3116	2177
3395	2420
3351	1538
4866	4156
2975	2502
2547	509
4538	25
4045	1402
2216	650
2465	1912
3301	246
4175	116
4156	1954
5062	3267
3602	2835
449	313
1910	52
4560	3385
2959	800
2970	466
2118	1344
3153	643
1483	1215
4818	2438
2918	2439
4406	1324
4874	1585
2625	1543
4480	149
1679	898
4962	4244
2551	1113
1722	1679
3686	1678
1940	1108
2476	701
3116	2691
4460	3116
748	33
4714	116
3847	921
4393	4156
2118	1866
3139	991
4874	326
761	448
1927	1726
1537	1445
4775	448
3669	2703
159	116
489	58
3765	116
3685	2495
1679	1045
2101	589
3589	1527
1679	1533
4779	249
982	122
1254	652
4943	3589
3405	2438
3116	2200
4460	2438
3674	3116
4473	4364
5040	4584
3682	2470
2672	1679
4156	1477
3724	833
2605	1146
1215	928
1679	1072
1679	1483
2835	970
5085	2835
4770	698
803	485
2845	1215
2775	460
4962	1489
5144	1115
4726	3747
265	159
2985	2027
4306	3781
702	474
2142	867
4045	3202
4972	1604
1754	1679
1527	913
4639	1615
2476	1926
3684	3683
2834	1293
1912	230
3067	2812
2328	1679
3864	2858
3306	1679
4113	4035
2347	1092
4156	4088
2972	2118
2654	1188
2118	1901
4864	932
4958	1532
4775	1248
1679	301
3522	2362
4932	633
4841	4775
2917	309
4912	3538
4958	11
3507	1679
1852	1679
5159	449
4759	248
1626	202
4771	92
4156	339
4161	3984
2947	2605
4764	270
4364	30
4186	2706
4156	4128
1625	970
3366	822
651	18
3237	1679
3200	1679
2838	2835
3056	2153
3116	426
1679	1538
3747	1567
3696	948
3233	1378
1215	1063
4775	1401
2839	1679
3735	3116
3678	517
3395	1188
3768	297
4775	1495
4107	970
4134	660
4712	413
5084	43
1521	513
3176	942
4134	2972
3272	65
3233	455
2497	1679
3816	1113
3101	2236
2901	2704
4286	1292
1777	970
3754	2858
2605	2065
3528	1432
3518	134
1310	903
4459	474
1527	1279
1248	116
1679	1221
5068	2843
4888	2724
3816	2511
2241	1487
4252	116
4301	1193
3950	1215
3735	652
1679	1469
4134	2438
4457	30
1585	104
2584	246
3674	2438
3957	452
1679	529
2328	1537
4165	960
2965	116
3339	2216
1068	868
4580	1113
1537	1180
4752	116
1061	149
2146	377
3493	2020
4955	2934
1825	983
3482	116
4685	958
1679	1339
2438	1156
3771	529
3116	2066
4220	2951
4156	1618
4544	3450
4932	2438
3602	3081
4480	3995
1543	174
3116	329
3324	1061
3559	556
2031	88
4787	248
3435	2835
3116	2799
3116	2817
2259	1113
2438	205
2329	1061
3866	3853
4978	1188
5012	3598
4368	200
1679	1305
2178	1727
2726	517
674	116
4207	2753
4156	3760
3665	1187
5062	1679
3116	2118
4480	43
1679	1048
4772	4525
4819	2353
4544	1483
3116	3093
3432	2887
4986	4473
1951	1625
4165	1960
4270	1679
4725	4156
1746	1494
3516	173
4515	116
4329	2582
2329	2118
3067	1726
3493	928
2470	970
3566	343
3116	381
4984	4640
2658	1215
1108	853
1762	116
4271	1344
2236	25
2434	2003
4018	2934
4858	35
4272	3666
2470	999
1679	1382
4674	1094
3866	299
2097	1258
2024	1626
3589	1203
1674	1559
4156	3665
3116	2218
4882	1341
3026	352
4423	3686
3603	1679
4272	1588
2862	2216
4860	2177
4525	2078
3000	1527
1313	1286
2291	2196
1679	738
3864	3237
2593	762
1866	1604
2912	970
1674	961
4066	3116
2234	1679
1679	515
3674	841
1215	460
4882	1544
3116	3055
4163	1626
2141	624
3653	3208
5153	3215
3678	1679
3026	1628
1313	680
1679	1125
4119	570
698	18
2266	1108
1313	970
1179	330
3116	2593
4321	1215
4529	2918
4156	3474
3851	3612
5040	4860
3116	15
2605	1987
4070	116
4035	2438
4525	1344
3884	1243
4156	1306
4819	4091
3951	2768
2511	2347
4818	4111
2216	202
3067	2625
4201	211
3731	1679
3223	773
1124	602
1527	230
2379	700
4156	4033
451	116
4695	2118
3611	2593
451	176
3116	360
1966	413
1406	643
4819	4544
4674	1527
3932	1727
3405	1560
4962	2768
1108	898
3982	2573
2652	1626
4301	88
5011	351
3261	3101
2156	1932
2230	1334
2704	811
1727	1336
4770	938
4764	2695
5042	265
4271	3853
3175	2118
5086	3116
2987	1679
2928	2725
1401	866
4001	529
2709	1527
4775	2310
3908	2947
3716	3395
3116	2328
5068	4819
3402	144
3101	1215
4070	2603
1527	1273
4620	807
4876	1727
4882	907
589	116
2216	759
443	339
4926	2605
2295	116
3116	275
4984	4950
4819	2985
3116	2054
4088	947
5113	788
3456	2889
1947	1110
4877	1679
5026	3405
5154	88
3857	1755
4815	2239
4357	1670
2216	698
3247	700
4368	255
4775	3528
3233	922
4787	970
4867	4361
4131	2395
4045	3179
4181	1679
1437	230
3201	1640
675	269
3952	2434
700	159
4271	3984
2819	1679
5108	3245
1420	193
5006	4306
4035	1108
3275	1938
4458	173
4580	892
3116	205
4156	4077
2027	33
3610	2216
4907	2547
4529	4415
841	377
4478	924
2142	1640
4372	1119
4207	3116
1990	116
1113	892
5134	342
2241	1856
3754	914
1679	925
4775	1389
4301	1873
4200	2360
4033	1139
4152	716
4111	623
3340	401
4192	1979
517	43
3116	1203
4114	2915
4070	4022
4594	3568
4620	3026
1640	1202
1156	46
3694	3116
1658	1313
4651	1670
3810	3450
4271	452
3672	254
3603	2594
4271	3841
4156	3468
2417	991
3385	2174
1147	914
4872	2018
3935	116
2362	569
990	873
3163	800
5062	4949
3004	2241
2594	591
4156	1802
4962	2216
4856	2605
3957	2216
3025	192
2947	550
1640	1215
3866	2270
4770	2398
2438	1304
2709	1537
4186	4156
3836	1679
4156	146
2838	1892
1679	209
3696	1930
983	866
4131	33
1188	159
2329	1215
3320	3116
4338	511
3853	3493
3684	3550
3827	1102
3361	2794
1703	1451
5006	4770
2511	622
4156	690
5110	4775
3202	2153
2310	1389
5128	1113
5134	452
4757	1679
1476	1375
4560	3501
4818	4053
2496	2379
3602	1460
1306	618
4538	1954
1679	1108
3928	116
5031	2901
3004	2216
4907	2260
4501	4059
3176	160
2570	1108
2216	1270
1598	452
4010	2434
3116	2347
1703	88
3747	773
4752	28
4070	3912
4254	3317
1918	1679
4252	1938
4841	2716
2625	2236
4768	2605
2920	1679
2973	890
4506	2362
3913	3602
4765	1375
3116	762
4863	4091
2594	651
1953	314
4986	4156
3198	2303
1727	253
4675	4070
1897	1525
4271	4035
2726	948
1742	1404
4791	4728
4949	2118
4461	246
2704	892
4841	3267
4412	200
2797	269
2704	2570
3768	3395
4276	1679
3464	699
1516	262
4201	2398
2625	2214
367	116
985	601
914	65
4461	2395
3443	460
4033	26
4943	3496
3977	225
3358	2605
2118	1680
2605	2070
4169	3101
4091	1094
4181	982
1291	418
4674	589
2934	205
2496	1120
4876	28
4156	95
4674	4024
1679	1116
1728	1113
3735	2245
4340	3231
4493	3757
3783	260
1933	1454
3651	3116
4040	3081
1440	876
2985	928
5034	1108
4764	357
4819	3678
2458	1679
1679	1646
3027	1679
2993	1156
3928	1966
3237	1215
3837	748
4752	1722
3685	1351
4619	942
4954	4841
4752	1641
3935	2605
4775	2459
3435	2858
3116	3010
3056	1112
4962	4457
4245	1514
2438	254
1679	821
1777	1679
4478	3233
2985	970
2459	1679
1527	365
2217	1679
745	116
2605	1634
2142	1670
4289	3636
2311	1107
4308	3974
3730	1527
1283	192
1901	1215
3302	309
4316	438
4752	4240
4156	2615
3351	2581
3410	1679
3116	151
2347	1147
5108	1700
1992	1679
1518	490
2931	314
749	116
3072	2704
4095	2118
4417	925
4156	3627
1679	225
4091	1215
5071	1727
3233	1088
1560	1527
1598	1324
4876	3810
4962	4841
4156	1283
4958	1717
4587	116
3262	1681
2214	1294
4156	3415
4775	2070
2492	1760
1679	970
4406	3742
1527	515
2560	652
2804	659
1979	1604
3186	116
1604	205
3493	1533
2177	751
1695	1533
3982	116
2303	573
4389	3496
3493	3116
2704	810
1108	225
4547	618
3105	1560
4271	2328
4201	958
4972	833
4863	2362
4377	1679
4750	2458
3438	3204
4837	1966
2438	171
2339	452
4045	151
4271	200
4393	4091
4201	29
3116	1296
3116	2670
4059	2704
1524	1215
3016	1215
4169	451
4530	2026
4662	2476
4764	3780
2415	1999
4134	2169
4266	1679
2593	732
3464	1215
1598	342
3061	2692
3116	2492
3455	1215
2985	222
5151	2438
3768	1607
4301	3512
1752	1295
4507	4156
3840	1119
3623	1261
3270	1679
3116	149
4271	3995
2039	1679
4245	2031
3237	2877
3153	2850
5115	3747
3445	742
4798	216
4030	2739
4357	3866
4585	4169
4735	3354
3980	1897
1462	254
4986	2269
1406	1404
4620	1389
4393	3995
4962	1681
1172	1056
1980	1679
1912	1679
988	902
3492	2272
2241	1607
2456	1762
4088	1202
1953	1527
1679	1499
4156	205
4250	3000
1661	1108
3754	377
4097	314
2471	890
4023	25
2177	2039
982	879
2961	1679
3614	3116
3116	248
3555	3325
2414	1679
2216	1666
3566	1331
4309	159
4372	3105
1527	807
4156	3954
116	80
4603	751
5099	675
4711	4036
4872	1419
4048	3810
4827	833
3116	1476
4819	2027
893	833
5004	1527
4989	4588
4393	1306
3708	2817
3297	116
3704	1401
4817	3116
3358	1679
2438	2153
4635	1667
4156	307
4519	4156
1933	1727
1110	270
1402	1313
3665	879
3289	1034
3116	1510
4644	2799
4939	2501
3694	1666
1742	92
4458	1333
4035	2511
3957	159
2987	803
1991	931
3851	2013
3724	2755
3116	230
3804	116
3571	116
3859	2389
3571	1679
4156	3771
3200	116
4368	3791
4306	4107
3413	3026
4070	2178
5004	4711
4156	1035
3496	1679
4943	1640
4685	88
2605	2346
4139	1991
4156	3663
4968	2617
3157	1028
2124	891
2030	921
5006	4070
4775	679
1679	991
2506	1261
4695	1873
4542	2026
2124	700
3636	952
4607	1679
4083	2605
633	4
788	205
186	116
2471	2188
4077	885
903	116
4819	3722
4163	1187
4077	2393
3183	1105
4580	2703
4962	2676
1938	1746
3677	1420
3615	651
1313	342
2256	116
3201	970
4752	3415
3752	3056
1748	1727
4406	452
1756	116
2047	1679
1619	421
2835	92
1551	361
5031	3960
3116	246
1679	1136
4113	800
4313	1061
3857	1679
4459	738
4827	4156
4943	2798
4525	780
3409	1839
591	361
4156	88
3179	2918
4941	1527
1727	142
3566	3261
4711	222
4163	2996
1058	149
4279	3739
2877	2692
4045	1953
4399	1306
4252	1774
1525	914
4750	2782
4962	348
1460	252
3093	1454
3975	2605
4872	4529
3116	988
3202	2078
4958	1215
4156	2798
1679	357
3414	1623
3496	2775
1215	833
2434	116
3754	1331
5085	3486
1740	762
4227	1527
4163	1333
3417	2041
4095	3894
2649	313
3781	116
315	209
2992	823
2961	1949
1061	355
1679	134
749	313
3455	3143
333	313
4962	1626
2890	1527
4306	509
2650	313
4301	414
4841	803
3415	2013
2844	1679
2492	2353
1932	660
4315	3503
2438	2395
5152	4775
2823	1778
4764	35
4819	3742
1215	33
2758	1679
2174	985
1679	144
3275	215
4958	1979
4156	4112
1454	533
2481	2020
3870	343
3568	2241
2887	193
2030	517
3295	246
3486	3116
4662	1679
2753	171
4452	1679
2474	2181
2653	2269
4467	1113
3676	1679
4976	3847
970	751
2704	1341
1728	377
3665	866
1313	205
4911	116
3275	2909
2427	1167
4351	1120
2593	92
1130	873
1679	1633
343	246
4077	148
2645	116
4120	414
3116	1954
1679	801
4941	2287
1679	853
2224	1112
1402	1108
3056	2798
4306	3116
4714	4383
2934	53
3952	92
2495	664
4351	500
4770	3954
3739	116
4995	2199
3116	1839
3636	3116
4580	3836
4156	791
5035	4316
4674	1866
2755	2628
4245	2615
4480	1604
2642	1679
2476	942
3352	2348
1679	817
2672	1932
3739	1987
3116	1679
3951	116
2743	2706
2127	116
4156	833
4036	1534
3717	1680
4033	2142
4728	2438
4975	116
2290	1119
2684	914
3450	229
4079	3157
2775	637
2706	1679
2918	2465
3116	1131
4863	1306
2303	275
4958	394
1679	678
1527	284
4035	443
3449	2052
3107	2625
3663	3231
2973	1527
3350	1726
4415	1679
2310	1113
1286	637
2845	2013
3435	570
3859	3116
5095	926
3199	343
4177	698
752	92
4271	961
3004	1873
4306	690
4859	1034
3080	313
3116	1641
4012	3476
2142	1286
3115	1626
1697	1537
2448	2199
3935	2013
4819	970
4306	2573
2703	2434
3468	788
3602	831
1588	116
3103	2040
4958	372
2873	2470
1679	896
4943	859
4710	3116
2438	509
3201	2270
2829	314
5154	971
4787	2013
3908	1061
2615	174
3987	1527
4770	3116
5159	2850
2239	33
4271	3231
2438	2196
1430	1333
4775	357
4473	2585
3376	221
3836	2835
4928	3808
5015	4022
4942	3351
4185	3445
4651	253
2755	221
2947	413
3026	780
4091	1139
4271	623
3219	1543
4460	1679
1679	402
3493	366
4586	570
5103	1527
4928	2875
3694	2582
3566	1685
1800	1215
4962	2168
3067	1626
3967	116
2852	1880
4666	4156
2549	1679
4580	4257
1679	1331
2501	241
4308	2605
5017	4775
1667	722
4024	1679
3003	1746
4129	314
5031	4393
4876	2270
3512	2027
3674	1514
4131	3116
4547	3245
4156	982
3722	2031
4905	2303
4156	2812
2287	151
3376	205
4457	1667
1406	914
4240	3116
4110	1679
1503	1068
2928	2915
3866	3512
3739	686
2755	205
4775	3797
1014	449
4467	3649
973	862
3272	920
3607	2653
1679	1475
5011	1742
2100	1187
2704	489
1679	643
3860	3847
4354	3116
3535	1679
3722	2118
4035	2177
5108	4859
1679	1097
4763	3747
2582	284
4399	205
3810	2625
2918	343
4046	1873
2844	1430
1215	269
4738	2829
2492	1740
4097	1726
4156	854
4517	2438
4066	651
2607	2216
3376	2438
2658	2582
3995	2389
4525	4364
4107	1679
3369	517
4712	4036
4156	3859
2438	1703
3810	3272
2814	652
1404	643
1679	629
4467	4107
1679	953
4778	4405
3414	1203
4156	2975
4357	637
4882	1028
2974	2092
4674	28
1215	970
2835	1430
3602	1085
1679	26
4095	2260
1679	1476
1987	556
2494	1679
3722	2027
4458	1057
4775	2522
1481	92
3136	116
3840	3047
3056	1999
3116	1265
5015	4220
3683	927
2746	35
2704	1489
816	309
5128	3754
3612	1248
4271	1094
4827	123
3003	2909
4053	1034
4156	927
3100	299
4764	2835
1110	357
1382	215
988	249
1679	109
4726	2230
2028	1679
3765	1533
4252	999
3051	1679
1679	1248
2805	942
1113	374
1812	230
4544	3987
3351	2414
4041	2196
3235	1108
3870	2835
1679	1517
3352	581
2045	269
5159	77
4772	4271
2367	1679
4775	1890
4580	591
4352	4156
3757	833
2918	326
4156	388
5015	3395
4968	4725
2118	1119
4399	4033
2270	731
2329	2230
4943	3413
1679	1085
1727	271
1641	224
895	589
4271	2348
4033	4001
3837	1723
4878	361
3450	1987
3603	2459
3794	2881
4245	1248
3056	1202
4911	4271
1679	351
2934	299
5068	886
4156	2706
4630	391
2386	116
3116	469
1462	652
2398	314
2934	2259
4339	1679
3754	1454
4461	896
2311	1679
4201	3677
3538	1243
5062	664
4905	3566
3866	1782
132	31
2959	2013
4827	2755
4915	269
3877	602
3012	1260
3354	2765
4383	1429
2871	2438
4775	4306
5083	3190
4053	3724
3512	1306
4480	2245
4381	3414
3432	2457
4905	4152
4905	2241
1537	1533
2615	343
2362	1619
3116	1430
2972	2752
3116	2078
2362	2239
2858	325
4070	2873
4815	2912
4711	4603
4156	3135
4989	3116
1507	1136
3116	858
2496	867
4326	589
4356	4091
4818	2653
2216	2070
3870	2438
4943	3026
2438	37
4580	2199
3056	2203
3694	3534
3061	1093
4872	3859
4131	3395
1717	252
1872	307
2764	1679
2877	1093
5083	1952
4525	3116
3796	2847
3105	926
1679	838
4817	4156
5026	1215
2135	1009
3810	2973
2438	364
4955	3361
3602	2600
1828	116
4602	3116
3352	1215
5035	1110
3116	249
3603	2118
4201	1619
2951	365
1507	354
4480	1094
4328	4219
2224	1248
4480	2628
4430	1626
1499	284
3105	1679
1113	58
3116	1313
4662	942
1679	1404
947	751
3518	1215
4863	2438
3254	3233
4712	2177
4978	1679
3941	3840
2130	1243
4361	958
4271	591
3116	712
4001	2347
1679	1113
4984	209
4301	1679
3433	1527
1679	1657
946	867
2996	1061
693	92
4841	1115
2199	271
2768	122
4622	4156
1936	1679
4495	472
2118	188
3864	1872
1214	269
4775	4282
2830	314
4070	200
4775	3445
1987	295
3589	1839
817	313
2266	2118
4962	3483
2535	265
2280	2118
2277	2070
4121	1203
2858	601
1420	1251
3167	1265
4763	1587
4156	2447
1925	116
3747	3166
2676	489
4968	1752
1640	1527
1215	1088
601	33
4651	2798
2835	246
4156	3754
2701	1267
4336	509
4156	219
4874	1679
1679	731
3026	2877
3336	2468
1679	247
1706	1679
3450	2260
1674	1609
2241	962
4156	1667
4268	18
4156	443
5151	4152
1679	1666
1679	921
4480	1286
4763	1567
2775	299
2118	1092
529	339
4167	3895
2817	1164
2216	1533
4753	1679
4525	2290
1524	472
4772	1584
1215	255
3236	325
1604	867
4764	1679
4045	116
4950	209
4872	271
3116	2024
3853	1202
3987	1703
313	141
3647	116
3797	2216
4040	129
4070	160
2468	1136
4365	88
3694	2314
4525	2739
4185	2200
3843	1215
4048	1679
3116	1455
4951	1215
1679	185
4962	1036
4271	221
803	401
2625	1623
4130	2142
5084	5062
2466	176
3464	1475
1679	1471
2644	116
3602	2210
4118	3450
1679	1086
4819	3405
4039	3116
4474	1480
2078	1782
4525	1533
2822	249
2465	326
4863	4594
2339	591
942	761
4156	3116
942	801
4478	2547
4934	4156
4029	230
4798	2092
928	28
2216	98
4646	1533
4461	2027
3395	1413
4156	26
4640	333
1679	1503
2347	2118
3233	1613
4772	4156
5015	2353
4033	788
4775	1919
2124	1313
5138	3105
4070	253
4558	1437
4156	3245
4932	3649
1532	942
788	637
1147	1119
1061	352
899	680
3116	466
5134	3198
4551	1172
3802	1679
4967	3362
4871	2931
4999	667
4586	1679
3262	1057
4220	2367
1679	1585
5128	1428
1122	552
3116	3059
4863	1670
3747	2438
4779	4272
4156	2328
1014	333
3330	3299
3700	2724
3837	343
4605	591
1930	1036
1842	116
4907	3072
2261	1679
4033	3866
1527	1306
2438	1680
2613	2329
4644	1527
4062	4040
1460	1108
4775	3975
3810	2582
3925	3116
3082	1679
3107	1641
4955	3116
3116	831
2992	1537
3116	1399
1193	116
3987	2985
1537	230
2835	2428
4059	1113
1754	116
1679	322
3116	2850
4301	134
973	314
1727	1063
2593	2199
4461	4111
1493	269
5101	4417
3895	2511
2256	1679
2531	971
3381	29
1094	221
4859	2653
3296	2839
4134	1932
3925	229
2973	2230
3810	1679
4048	1688
4943	4480
2142	1045
2989	230
4287	116
1962	635
2605	1976
4070	3853
1770	920
1094	529
3201	2360
4841	925
1679	1179
3261	985
4186	2835
3864	3566
3069	1063
532	487
3299	1901
962	241
4858	763
1912	1292
4546	4372
4480	637
3205	116
4907	3471
4156	637
4580	2417
4001	1679
581	313
3493	3067
1554	751
3295	859
4035	859
2600	1679
2989	122
4059	374
4372	1462
3413	2548
3677	700
4580	3418
2973	314
5134	3742
2912	460
4156	241
1679	466
2847	116
1085	314
4815	4329
4201	3395
3922	1521
4399	1679
4872	4361
2650	1482
3004	1685
2936	1948
3116	2471
1679	780
5004	960
4972	4399
2977	116
2577	1313
1172	122
3747	118
4156	3707
2625	1061
4551	3665
3589	803
3435	3405
4968	543
1746	283
1527	1289
1711	116
2142	1774
4391	1061
2582	546
4526	1727
1679	1148
4328	1679
5015	1679
4818	339
2434	374
1533	1113
2045	2040
4030	374
3851	248
4053	3771
1480	700
3385	3261
4943	3995
4892	116
5071	343
1945	1620
3908	3768
1800	1324
3026	460
556	29
3384	1679
4398	3450
3866	2912
4770	3055
3116	1055
2190	1527
4271	704
4326	2270
903	679
4981	2799
4478	1893
2037	803
4608	2945
2918	1313
5006	4882
3831	2835
4077	2915
4775	2218
1679	854
4271	3415
4962	1483
2887	803
4872	629
4646	1313
2506	903
2738	2216
1924	1187
3442	1061
2362	374
4155	3247
5151	3198
4775	2329
4257	374
5017	4827
1679	1038
2605	2376
4756	2203
297	53
2875	116
1214	313
4984	2850
2398	1873
4962	3233
2178	1248
1679	1660
3941	3100
4201	3199
2402	1679
3587	1215
2254	1679
4775	4311
3538	1679
2834	1727
811	333
4156	200
3696	2726
4083	332
4503	1679
4326	2142
4863	1527
3935	120
4405	894
4315	1172
4780	3739
4365	3984
451	18
2438	1430
3339	1679
4404	2040
5138	3015
1679	1189
773	29
4779	2877
4798	803
5149	1251
452	342
4103	1679
4962	1482
4271	3267
5031	637
4187	451
4391	1679
4580	959
2649	513
5113	2216
1454	893
2817	2459
1679	1472
4580	2234
4156	1472
4308	2624
2471	1215
2118	942
2200	1275
4499	2466
4480	1270
3486	1119
4580	584
4734	1679
2676	2511
2967	942
2902	2118
4156	2582
2829	2216
4156	3596
4286	1679
3261	3055
3735	374
4738	4129
4156	2645
3122	209
3116	913
2329	1774
381	173
1527	314
4053	3415
5004	991
4667	4461
4685	2438
2718	1679
4351	1727
2438	2266
3233	2573
2628	92
3860	347
2850	1265
4480	221
5151	4603
1993	1717
5122	3816
1281	394
4152	309
2843	347
1861	1851
3433	2118
4156	1716
1331	649
2389	1640
313	225
4547	4111
4353	1726
4053	3492
5035	4272
1987	866
1717	1341
4201	2936
4696	1840
3847	1117
4113	151
3822	2746
2382	455
4928	2589
3445	2684
1627	1113
4231	4165
1746	1215
3116	1451
2230	116
2625	29
3122	116
4968	3538
517	347
3696	268
4383	2066
1798	899
3116	1000
1590	1147
2593	610
2145	1704
3722	1280
2585	1459
4842	4156
4070	3857
879	122
4129	172
4201	891
2756	269
4517	1527
3984	3404
2216	626
3895	116
2175	1679
1140	255
3837	918
4201	1840
4405	4156
4258	1936
4156	221
4200	1980
1120	895
5122	4790
5149	1897
4156	2915
4404	313
3953	550
4962	4274
1260	831
3432	2520
4301	3493
5035	2438
4537	1740
4458	3659
3982	2829
707	133
4036	2917
4070	698
2805	2753
1679	712
4405	2284
1873	1119
2672	660
4764	4369
4041	2291
3395	367
4505	1679
4040	725
1590	591
2438	2142
3912	2585
3116	961
3747	2888
877	413
2797	1626
5128	489
2398	1626
4110	2625
4949	4480
4478	3796
4364	1699
1598	1248
5004	4603
2560	2476
4399	149
2118	651
3984	1717
4972	489
2951	1202
4525	2506
5040	4120
1430	948
4837	3860
4156	1061
1243	854
2272	1679
1679	938
4306	2934
4932	3295
4928	2224
1679	1413
4095	1938
4482	129
3072	652
3202	1782
4391	903
1113	123
3704	1667
1489	116
2531	2178
4201	3862
4763	2071
4525	1477
2379	914
4156	313
2047	313
3623	1947
2755	2653
4700	1527
5068	1800
4872	1521
2410	2013
4040	1722
2522	1679
378	159
4928	4163
2142	947
4525	833
4467	159
4156	1916
3518	3299
2468	2063
4962	4097
4580	2496
4949	1527
3352	2835
4023	1679
803	591
4478	1679
4943	1180
4271	947
3211	1215
4962	1416
752	542
4723	116
4030	3493
4130	2625
2259	1108
867	788
2031	971
1941	1679
4876	4526
1679	1139
3369	1430
1679	1001
1215	1189
2915	690
4062	1105
2438	1604
4962	1584
1092	914
4091	3496
3566	307
3739	1778
3214	1187
2118	704
1666	589
4525	854
3492	2254
4156	2697
1679	1095
4496	1679
3262	3116
3724	3289
2821	1679
4775	425
573	550
4357	1025
4282	1537
3105	2676
4399	2270
1722	116
2775	859
4978	3247
4156	2613
1679	233
2551	1679
4583	1679
1679	396
2092	1839
2220	116
2241	2034
3672	833
3866	2118
4695	2724
4053	1112
4083	116
2934	1639
2835	1703
4315	741
2798	788
1199	116
1679	1103
3566	33
3116	1477
3863	688
2934	1626
2216	877
4636	43
4189	1108
2777	1527
2928	1527
2383	116
1679	1355
2385	2181
1292	46
4368	3096
3810	3317
4580	2260
1873	22
2027	1776
5138	2828
3101	451
4458	1657
3054	2216
5128	4674
2625	1414
2615	971
3589	343
4981	364
2797	1240
4962	633
2914	932
4775	1543
3361	1660
1679	1172
1503	1215
1906	1679
4962	4580
921	517
2958	2365
3603	1950
1872	704
4711	912
4070	92
1640	1180
1524	1112
4775	1912
2777	1679
2118	1215
5063	5026
3763	116
1527	462
2653	1058
3377	854
1531	116
3116	2794
4364	1215
4962	4167
2605	2024
2511	35
2239	1746
942	800
3935	893
4738	2694
4905	4156
4780	1248
4035	3840
1679	1101
3866	2078
4725	1113
3179	2706
3806	1679
4525	1273
3765	1502
4156	1722
4207	43
3475	3116
4827	2653
3935	2694
3413	1991
4070	1679
1139	149
4035	3299
4674	4478
3237	533
5128	4326
5151	2224
2200	249
2625	2311
4525	1248
2747	66
2181	787
4809	343
4351	314
2912	971
4775	1428
2458	1527
2040	1187
4798	3116
4991	2753
1281	611
5031	1215
3740	3116
4433	3358
3860	2013
4091	339
2653	833
2729	116
3479	284
4258	1679
1480	823
4095	924
4775	1218
1487	1331
2740	116
4386	3602
2676	1108
3342	2535
4405	284
3153	116
1679	314
2438	978
4558	1742
704	460
4192	901
2216	1045
2183	1430
3301	2658
5003	1613
3046	1912
1984	1056
3248	129
361	252
3365	1679
5018	4775
4922	4156
1726	1623
2070	455
3757	1058
3573	2506
3847	2934
941	283
4407	116
4261	116
4912	3603
4958	2835
2852	192
4523	4361
2476	690
2216	1517
4361	4321
2877	129
4934	3512
2040	1294
2725	314
4819	116
4778	4045
4580	762
4287	313
5153	833
5151	5040
4156	2774
4198	1727
4775	2829
1313	314
1068	664
1679	377
4271	3947
4770	2973
4962	4046
4412	2169
4775	1499
4525	4113
3674	1560
4070	3463
4775	4326
4841	3179
3797	1527
2041	1679
4962	3208
4326	2438
1938	1728
1092	873
4765	2835
2658	1430
1842	1679
2625	823
1527	401
3866	339
4989	931
4815	1113
1214	116
2077	1679
3204	1480
3175	2726
4941	2118
2605	39
2183	1038
4220	2568
3952	116
2818	123
4156	2291
448	96
2142	788
738	451
2537	2011
3742	1679
4201	675
3235	1036
4287	1679
4696	3566
4537	2617
1872	1679
3339	1727
4613	1679
3245	149
1533	493
751	443
4182	601
3668	1679
4487	3450
4399	4326
1428	230
4696	1658
2118	1279
3202	221
4934	1524
823	418
4529	1727
4981	4943
3302	1244
3402	2292
3851	2030
3639	3435
4533	1527
4357	1524
2188	1061
2547	1679
4958	425
2605	1674
3233	1933
4156	1375
4728	2658
3237	1685
5125	1679
3272	265
2560	2118
4478	1652
4156	460
3319	1839
4958	4119
4863	1524
3711	2706
3198	2584
4131	2704
2755	1180
4644	2290
4519	3662
4268	4070
1752	1305
4644	493
2199	1775
4878	3223
156	116
2709	1727
1215	913
3694	200
2817	2796
3116	1129
2517	1172
4926	2329
4763	4245
3299	30
1430	414
4770	542
4819	4460
2254	1527
2812	1722
3663	3116
4779	2438
2118	803
4646	4271
4467	3739
1112	1108
4738	116
3780	3685
4493	1048
4461	1679
2393	1251
2934	71
3282	1679
4842	116
1527	1251
4962	4756
2210	2118
1420	1148
2972	322
3381	3077
3358	116
2974	313
610	181
2658	1679
2774	1502
2277	1726
4034	537
780	192
4313	1480
4775	1326
2367	314
221	149
5138	156
1821	71
3116	907
2531	1193
1294	532
1521	269
3845	3116
4943	3573
4156	2917
2438	1108
4364	3919
4775	877
2980	159
4053	339
2975	1527
5085	1119
3496	2912
2118	854
3350	18
4594	4091
4070	742
2706	2438
3202	2438
2476	1435
2013	248
4752	3163
4949	4583
4525	961
1094	970
2582	1774
3204	3116
4872	3768
4381	3589
4588	973
1856	307
4156	1953
2652	315
4121	1164
2379	664
4841	2388
4637	2196
2349	1727
4526	4111
1679	1267
4156	3757
1430	542
3951	1588
1640	299
2118	1743
4156	3495
4336	2746
4560	4156
4313	3116
4517	1746
2365	1679
4478	4113
3472	1679
1061	680
4435	3105
3404	3352
4594	3116
4156	748
1340	116
1703	1551
3840	3236
3840	2704
4819	4685
2214	313
5004	2118
4342	4267
1953	1215
4863	4357
4111	2615
4941	1621
3267	2245
4636	3696
4088	2798
2534	1626
1679	871
1113	1094
2529	116
4340	1873
4156	515
4156	3808
1679	333
4798	3916
2118	171
5113	205
4201	253
4417	4039
4201	626
3201	2254
3620	2118
3116	227
1679	955
4871	116
2145	452
4156	570
2395	970
4059	3272
3231	2585
4209	707
2078	1640
2706	2027
4201	1494
2703	313
2310	1527
2835	898
4301	921
3739	3493
4335	3768
4372	1645
462	213
1825	1494
2725	1727
4986	833
4261	2605
2519	752
3538	2130
2581	1537
2218	860
2005	1679
4874	3760
5004	4525
4478	4156
670	116
3853	149
5004	893
3116	462
1666	192
4775	921
1679	914
4404	354
4775	2382
2031	928
4315	982
3820	2605
4962	2420
2667	2140
2269	221
4406	4364
5107	3366
532	252
4156	1653
1951	22
5088	2547
2481	1679
4156	122
2092	1641
3810	3354
1679	249
3573	1722
3967	3116
4603	2438
1094	973
4070	759
2241	1182
2548	1679
4776	116
1782	637
2279	1626
4943	589
4046	2625
3908	1750
4062	3501
923	116
3261	3237
4156	1912
3174	247
2118	1585
4962	1294
1527	345
4525	732
4083	2277
2918	1119
1430	367
4181	1722
1498	1480
3528	1740
1679	787
2873	448
2174	1722
1430	22
4933	1215
357	35
2845	2438
3119	361
1215	550
2037	1839
3496	3492
5095	1873
4943	1202
1286	268
5152	1667
3409	1641
5062	3272
4943	3853
2582	37
4876	2934
2030	1248
3116	517
4962	2625
3116	43
4962	3235
3629	116
1156	413
2739	2118
4932	2873
4775	2725
4859	4547
1679	1498
4775	1028
4368	2224
5068	921
1640	1524
1872	1331
4523	394
4070	570
2020	426
4035	1588
2798	1679
4962	4619
4156	3004
4962	2157
4156	1361
4872	299
2682	651
3685	3105
3116	1585
4189	4156
3299	1112
546	116
4457	2704
2613	701
4636	1036
2582	2438
4156	1009
1641	866
4271	2560
1588	833
5040	959
3840	2992
4775	2731
4406	573
1085	46
4538	4364
3974	1136
3116	1733
3685	1404
4517	2199
3167	375
4040	704
1626	813
3992	3711
1999	991
4225	269
4271	1028
3586	1215
1466	546
4954	3116
3116	1681
2777	2230
4206	2613
4580	116
4156	899
3496	116
3116	224
2041	1604
4819	2531
4674	4271
4646	4405
4201	4156
4156	2146
4156	2747
1854	1679
3175	343
2495	643
4169	3739
4933	1679
3703	3327
1021	314
2181	2118
5159	116
1180	221
4972	4480
3116	2348
4905	3754
3056	751
3116	1821
3556	1667
2547	1088
3586	2835
4035	2605
3672	1679
2456	116
534	116
1800	1777
3369	1036
4070	3677
3625	1722
4981	4053
3376	149
2812	2216
4156	3002
1113	924
4315	879
2492	31
5134	2145
2625	885
5151	1537
5128	116
4981	3299
2269	833
4525	2743
4721	3116
1679	29
2975	550
3974	988
4271	1306
4790	1993
5128	4036
4775	803
1543	1451
2829	1085
3307	2362
5062	4169
3365	2875
4984	269
532	269
2077	1113
4059	610
205	149
2537	1527
4201	701
4723	1679
4364	3715
4674	2078
2630	116
2909	1938
664	154
2775	1286
4986	4775
2704	1821
3925	1527
2065	1727
3941	898
5115	1901
3067	2027
3445	1679
3863	2362
4775	1581
4764	71
5084	948
3739	509
2605	569
2199	1733
5108	2653
2918	2290
1873	925
1727	1254
4882	188
3724	149
1742	351
3116	2901
5113	1045
4775	2777
3757	529
5062	1270
5004	700
2259	1038
4091	2118
4315	3535
2476	901
4775	1419
3518	2716
1182	307
3895	703
4525	1933
4863	3201
2672	499
3866	1588
4071	556
4271	3034
4306	2190
4913	1679
4480	867
1628	953
3116	3051
4365	1679
4605	3735
2522	1210
5153	2156
4580	1667
4882	2027
2476	1462
1989	877
4943	701
2511	1121
4775	96
1866	221
2448	174
4738	1679
4525	1866
3067	2177
4406	3198
5107	5011
3116	2823
3116	2996
4365	146
3913	1826
1987	1755
2755	1640
4353	1092
3056	1866
1525	1404
1028	116
4727	2746
2720	116
2438	246
4872	1648
3116	284
3235	43
2676	922
4156	402
3153	154
3674	3639
3568	786
4017	1679
2445	116
4458	1752
4156	3274
1215	751
3623	973
3538	1108
4398	2373
4779	22
3677	3116
4738	1426
4752	3414
4399	4357
4131	786
3116	2874
2850	2118
3493	1727
1527	1134
1254	116
3754	3385
4151	2585
4351	4077
1475	699
3754	3061
3919	2216
4040	1527
4798	3107
275	174
5108	4001
3688	3302
4775	1588
2684	664
1737	275
4594	3810
3653	2507
2738	2118
5004	4271
4361	652
2615	970
4362	1679
1251	1088
3853	1524
4967	1679
5085	4365
3501	1182
4907	1368
4775	4563
2535	2382
4040	3626
3233	1527
3602	1068
651	52
4962	3722
1679	1313
4943	205
4493	3853
3016	113
707	660
4406	1598
2118	1390
4697	4308
1585	1313
3724	2658
4986	3245
4958	761
1364	860
4962	1948
3528	1537
4763	2888
1703	1679
3757	3245
4156	256
3226	1269
2466	854
4186	452
532	490
4156	1454
2256	1537
1167	543
176	33
4943	4399
4077	1028
1092	493
4045	637
4941	4308
2625	1938
4525	149
3038	2030
149	116
4649	1503
2106	1727
4034	2456
4740	4735
4383	4282
3068	2704
4381	116
2605	1419
3512	1215
4732	4580
3208	732
3116	635
2814	1681
4219	4118
4962	3703
3174	3131
2438	1503
4605	868
3781	1679
4156	691
4053	205
4017	1331
2321	1430
5062	4594
3550	116
4651	1108
4181	1984
4775	3686
3395	1679
4368	3825
4872	2756
2281	1679
1292	314
3821	848
1679	1625
4547	3685
2130	1451
1533	873
116	22
3435	3105
3666	2718
4525	339
3730	3054
2793	1451
4962	4594
1657	132
4723	862
5031	1608
2471	591
4978	314
3566	3237
3863	546
1679	1119
4928	2216
4190	116
4529	1313
2165	882
4942	4775
4818	4045
2731	448
3289	149
5151	4712
3672	2770
3731	1625
1270	1215
509	92
4151	1270
4986	192
3176	46
4433	1679
1679	686
3116	2724
2959	751
4962	3395
4711	2027
4943	2818
1061	422
4563	2476
3116	833
3493	682
4139	3122
4369	773
4775	3806
3235	1430
1404	946
2118	1640
1248	1215
5103	1679
4602	1527
4962	448
2141	1891
4030	1291
1313	249
2347	1585
1527	960
3996	3116
2847	2310
4644	873
3614	1527
4837	2889
3116	1344
4268	116
3643	1179
2040	333
4962	391
4048	952
3977	2850
4695	192
1527	1432
4798	811
4538	1061
3918	601
1313	1092
275	116
3860	2261
3468	1108
4416	1912
4367	1679
3786	3116
3735	1679
2270	1454
2118	1875
2534	230
4253	759
4433	4033
4156	57
3272	1597
2674	991
4554	1215
3073	116
2069	891
2216	1419
4059	1039
2153	1045
2605	589
4113	3708
2253	1587
1679	1432
3450	2183
1893	376
2547	230
4139	116
1527	762
1856	649
4525	3810
3175	1430
4257	2703
4088	589
4478	2142
2625	2256
3414	803
1891	1435
4039	2511
973	116
2676	1679
4120	2071
4365	4059
4517	400
4219	2963
2054	1038
224	126
3984	2457
3810	3574
1130	394
1420	1221
1948	1527
4156	3863
4775	2376
3000	2912
612	269
4711	2216
4156	2568
1551	1527
1113	92
3757	3724
3538	1521
4841	4525
4972	116
3107	1619
4872	3797
3202	893
4030	3984
3573	1527
5062	2818
3872	1679
1727	1045
4342	1527
4644	2118
4217	1136
2266	249
3116	2743
3780	1679
4334	2934
5083	3528
4949	3202
4114	601
1704	1159
2496	1679
3754	748
4651	2547
3948	1679
4156	1428
2476	131
4558	1313
4152	116
4551	4181
4752	3319
4010	926
3768	230
4962	2055
3116	704
2511	611
1679	1142
3754	1487
4393	205
3503	122
4798	4381
971	291
4480	2270
4156	3265
3865	1527
3715	233
1454	159
2770	1543
4156	3857
4525	2918
4525	1147
1533	1147
5000	116
418	296
2184	314
3780	2511
4035	751
2819	116
2755	1782
3863	1728
4156	1055
670	354
3175	903
4882	2573
4775	2782
3752	1679
4271	4033
3853	2835
3840	2417
5128	1085
1215	88
4033	1861
5040	2584
2013	970
4712	2027
3513	3308
3267	1527
2989	982
4272	707
3859	2118
1993	1679
2835	2568
4156	2805
2703	1679
1679	827
2775	2078
4357	3299
3957	1159
4077	116
4981	2909
3493	2070
4608	1621
2496	946
3837	1093
3116	1248
3722	500
1527	1061
3998	1679
2118	314
4646	2347
3247	946
4763	2013
3847	970
4827	4033
4113	1058
3825	2225
5128	618
1727	1626
4876	2605
3455	1024
3116	925
3116	2921
4473	2755
4417	1499
4644	1147
4636	946
4536	1679
1390	1215
4912	1679
4752	4580
3566	1872
5035	270
3152	1679
4066	2216
5084	3369
1679	192
3175	2495
4156	698
2438	1028
5083	2070
4984	2797
4070	176
4607	2200
4177	1345
3870	3116
2410	1639
4778	116
4271	926
4274	1680
2496	942
3103	1253
4697	1105
4156	2755
3816	489
4537	1679
2013	1679
925	254
4457	3739
1344	1039
925	268
1212	333
4617	3739
3493	3131
2674	1543
5011	4416
2466	1243
732	31
3747	869
4882	3556
2835	2303
4941	1679
3493	46
3603	3116
4941	3538
813	314
3602	3267
3840	2178
3351	2321
5090	2307
3925	2658
4863	3413
3501	774
4943	3866
1527	188
3116	254
4867	116
4156	2989
4070	3047
4525	1979
4156	1660
4962	3732
4749	116
4364	3116
3894	3612
4876	1094
3742	452
5128	339
3696	637
1527	200
3116	1875
4841	1560
4971	4775
859	788
4022	1215
4271	4240
4871	591
4872	2930
1527	651
5149	116
3202	2037
2998	1679
4342	2812
2348	983
3866	1680
2605	2589
3116	1147
4070	4046
4220	3317
5015	1088
4593	2362
2906	1679
3603	2171
4035	2266
5068	253
1609	25
918	748
3231	3174
4603	2362
4091	2438
3493	489
2823	1527
2852	2379
4342	2118
2153	1202
1860	1679
3882	1679
2909	2534
1626	1146
2265	1679
4878	1679
4156	3573
5085	4644
4868	1430
4763	2615
4525	679
2495	914
3233	769
2393	1108
5153	4480
637	149
3501	1679
5122	2510
4962	297
3607	1679
4928	2847
3443	1538
1846	1679
4525	892
1462	961
4656	1641
4366	3116
4070	952
3598	2805
5113	2605
3116	803
3000	2470
4525	3826
1634	1108
4530	1533
3810	1313
1717	1074
4538	3276
4240	159
3806	1728
4033	3474
1679	65
3295	1680
4798	2593
3636	2835
3486	1533
5095	4463
3418	2199
2890	1430
1527	309
3352	1537
3299	3100
4525	1875
4306	2329
4988	3417
2241	325
2709	1679
3866	149
1825	1679
2755	2041
4368	3810
3974	1477
3685	154
4750	3925
2241	1872
3715	2974
4505	2682
4962	3615
3072	314
914	664
4971	3816
3179	1527
4723	4070
4443	2009
2797	313
2875	1726
1991	1455
1947	357
2045	451
4387	3354
2040	356
1032	269
3236	2858
4932	893
4837	3928
4538	4271
2241	1001
3717	3672
1547	474
3272	1949
3826	3534
4040	1893
3201	2142
1215	923
3974	1945
3414	861
2199	1742
4928	4815
3685	65
922	314
4070	2398
2613	1074
4577	1430
4558	787
3366	351
4271	1313
3330	1202
3866	1139
4986	339
704	116
2216	1498
4189	1270
4036	448
3417	3116
1679	224
3153	2040
3534	3381
2615	877
4932	1628
4033	2177
3116	1260
4588	249
4241	3352
2347	2216
4775	2346
2271	1679
4308	2617
1032	513
1658	326
4644	1313
1014	513
4271	1035
2287	132
1527	1270
1679	129
973	971
2496	2495
3895	3233
4189	151
2963	988
2338	474
3849	1679
3995	221
4712	2975
2605	1842
2989	1056
3261	1331
5062	3153
1248	347
1770	1477
4156	960
5034	1092
4349	230
4071	4070
4538	4207
1726	1428
4815	2003
961	347
2303	2224
4070	3493
1952	120
2438	1180
4841	1402
1679	487
4156	84
4955	732
4156	1486
2746	357
4139	354
1679	58
4029	2949
4417	4201
4841	1746
5026	2888
1283	1061
942	690
3116	1059
1182	1105
3931	1679
2118	1313
3003	2672
413	88
2912	1680
2180	1679
4156	3935
1980	1686
3677	2216
4728	4274
5151	1636
3190	448
3077	2199
4097	2177
1265	269
4174	230
2775	1270
2118	1273
4547	4033
2934	2652
3179	890
2175	906
1991	983
4156	756
928	751
3559	1161
4383	88
4404	3865
5062	4943
4987	700
3952	3820
1679	927
2775	1034
4051	2047
4763	841
3207	1215
3685	1590
4525	1466
4972	2142
1890	1679
2496	2216
2270	472
866	401
174	116
4584	1527
3953	1726
5134	1598
3863	2153
4036	2438
4399	1524
3586	2796
4306	3559
3922	116
4005	188
3004	2692
2605	159
3190	581
4207	4156
4156	372
3663	2310
4694	2181
5062	3413
3116	1243
1679	791
4525	2972
4417	2459
4950	2797
4882	2275
1150	364
3894	116
4943	788
3496	2438
4480	2078
4827	3116
4651	698
1722	823
2448	921
3352	2928
4882	4361
4113	3231
1260	848
4863	1202
3493	1349
5151	2303
2584	2303
3722	3674
4764	1063
1362	314
1866	149
1937	990
1679	6
1538	1430
2040	732
1215	1193
4580	2362
4962	3191
4544	2438
3208	1507
4932	2838
1947	1626
3233	332
4962	672
2738	1527
3405	314
4062	2625
1527	859
2643	249
4584	4124
581	269
4151	4010
4664	3326
4958	2027
1679	1640
4201	698
4775	2652
1267	229
2045	513
5151	4156
3105	2118
3384	651
2573	1270
3919	3317
5033	4156
2414	682
4530	4040
2769	1679
3003	116
4232	3739
4871	452
3754	2174
4383	970
3952	374
2835	357
1598	699
3270	2115
4156	1597
4841	4113
4768	1682
4636	914
2216	1157
2844	948
4954	2835
1585	1124
4340	3026
5107	3226
1215	1034
3557	1873
1430	893
2382	2118
4336	885
3176	2438
4271	2471
4336	971
2252	116
4682	116
2456	537
1313	637
2691	991
4301	2817
4560	1679
1904	1679
4070	939
1679	604
2835	2753
803	455
4859	1122
4113	1313
4501	3116
4738	773
4200	2843
4201	764
3722	3105
1588	1180
4156	254
873	493
4088	867
4489	116
4493	116
4790	3719
2625	2534
2181	732
2725	761
4775	4417
4022	958
4271	325
4962	777
3445	188
4035	3202
2835	1722
3866	2798
1679	931
1679	197
3451	3308
3116	1740
4818	4156
1993	1590
2425	1679
3223	1727
4336	1110
3299	961
4088	3496
1670	788
5040	4301
1954	1527
2594	1746
1527	637
4033	1679
4156	1025
1873	1527
2927	1061
4928	4775
4581	4156
1483	570
4209	866
4622	489
4775	1000
4859	3245
2115	1679
1331	343
4554	3366
3925	1667
4496	3026
4538	4156
2918	854
3957	116
3116	983
4478	246
4972	2798
1727	1419
3919	1215
4151	3189
2605	923
2438	849
2145	573
2118	1134
1722	1527
2672	2126
1414	1215
4268	314
2747	1936
3054	3026
4156	1180
2716	2531
4201	1203
1235	33
4505	4070
5099	1679
1608	473
3825	1679
3568	3307
1947	868
4745	1679
4095	1285
361	319
2092	2037
1901	1527
4580	3370
4070	598
2934	2124
2709	1462
3615	2751
4010	2003
3116	680
4415	2918
1521	543
5151	4306
2245	205
1679	1047
5011	2605
3116	960
3107	2181
1873	707
4640	3381
3447	116
3931	3116
3866	867
3568	452
922	413
2124	1269
1897	1581
4529	3586
2615	841
4810	4156
3153	2496
4843	2533
3116	1948
2177	309
4779	4156
3289	116
4070	3700
1727	626
2449	1679
4972	2909
4986	2438
3418	1113
4150	1679
1215	469
3198	573
3198	1585
4055	2339
4750	3810
3116	1533
4393	3853
4764	1627
3810	3722
4053	2835
4496	2041
4045	926
3116	365
5113	4357
5022	3116
3496	443
2835	971
1840	1560
5122	3513
4525	1313
4220	260
4169	2765
2871	35
4803	4156
4257	1527
3739	1113
4321	655
4525	651
2142	1722
1679	260
3116	890
637	205
2625	291
2252	1728
3307	3116
3317	2605
3116	688
4156	472
1430	92
2704	2448
3850	652
2605	958
5071	2216
1924	116
4206	1560
922	867
4912	3116
2241	150
4313	1039
4711	1537
1210	116
5041	129
2615	2031
4646	1460
4306	543
581	513
4185	246
3611	1679
4095	3350
4759	3612
2560	314
4934	1430
2118	867
1679	996
3094	601
3198	1704
3103	978
3739	2434
4139	92
4271	132
5154	2917
1679	98
2154	652
2605	1311
3116	211
4156	3868
3735	1283
3493	313
4819	570
1679	781
3864	649
4819	1598
2306	2234
2118	1382
4580	3636
3201	1270
971	192
4988	1679
3797	623
3116	296
2850	449
1670	1640
4484	4051
4752	682
4190	1615
3275	1746
3432	1527
314	295
2880	529
3589	2181
4712	700
1740	404
3725	732
3414	1839
4525	462
1402	1061
4558	367
4231	1746
4819	3847
4580	287
3951	2351
4070	2279
3456	116
5128	2438
5004	1551
3307	230
2169	660
1139	788
4120	1679
1527	221
2704	2471
4045	2628
3555	1215
4306	1425
4928	230
1641	589
926	343
1110	116
1661	1527
1607	88
4023	3096
3492	3319
3951	1679
4393	867
2118	732
4257	761
3501	704
3951	3093
2936	752
1604	637
3435	971
3512	1202
2775	788
1679	1484
3677	2203
2030	1202
2676	2506
3653	732
5026	18
1679	184
4383	2909
4580	1825
1873	1279
4081	2216
2915	1469
2534	2216
4200	2747
3047	1727
4130	1306
2534	116
1727	877
4124	2118
3167	1679
4662	2471
4463	2216
2236	885
3860	3612
3685	2765
3995	2798
1620	1187
2836	650
2459	360
4240	2027
3055	1142
4156	1120
4123	1679
1454	176
2034	33
5151	4067
2677	1061
4189	4169
2181	513
4364	3810
4821	970
2620	1679
1527	978
3433	1215
2241	985
3779	1679
4978	1061
2838	953
2852	643
5113	1202
2026	773
3435	1560
4099	116
4336	2438
4841	4435
3757	2353
3027	991
4651	96
5062	4152
4156	2927
3568	573
2476	2118
3603	2190
1998	1679
2724	1251
3665	533
1679	918
1679	1257
4405	418
3116	1074
4404	504
4872	4662
4308	732
4859	4728
2027	351
4091	1527
3782	1679
3116	1189
4480	2798
2964	2476
4209	1679
343	299
4752	2533
751	529
4872	759
3010	1774
1588	704
280	192
2593	1283
2303	1953
4077	868
4364	1584
2634	2466
4984	513
2716	413
2118	1527
3189	860
3080	1679
4478	4111
3754	601
1752	1161
4932	2178
1527	1484
1679	1406
2289	116
1527	890
4950	2214
5153	4399
3496	1866
4790	1909
4113	2798
4156	3215
4496	700
4664	961
2934	1537
4156	3179
4156	1466
3908	1912
2970	825
1679	1158
4399	788
2465	1679
5085	1092
4156	2303
3866	221
3725	1679
1527	241
413	109
4088	472
4775	469
4077	1454
3116	532
859	637
4962	1712
3954	2216
4036	1652
4201	3116
4399	4156
4772	4770
5113	3995
3021	2506
3754	1036
4018	116
3685	1880
4882	4860
4035	1979
3603	1527
1940	391
3152	3116
2918	690
1774	1344
5153	2755
5085	4871
3414	116
2216	1063
1202	1094
4417	988
4962	2275
3116	1537
4882	3757
4841	2329
4738	3326
4640	1243
3358	2216
5095	3685
3081	2338
3456	1527
4156	3479
4506	3956
3093	343
3229	1679
1679	1150
4735	3471
4603	1716
448	35
1156	970
2347	1533
4544	1537
3708	88
4415	3685
3538	1032
513	209
1481	448
1866	637
2928	1679
3866	205
4775	2101
2918	585
1699	1204
4752	4257
3116	1071
343	149
2474	1375
4845	2537
4755	4
3982	1085
4361	1726
2434	1728
3866	1524
4077	455
2118	859
3555	1414
1679	368
3493	374
4815	3768
5103	3006
4091	529
1866	339
1679	769
2321	1679
3678	332
3898	1094
5035	1892
769	116
2658	246
4231	3116
1782	1286
4482	3272
4326	4033
3808	2605
1607	1068
3860	248
3404	1405
3004	2605
4775	3557
4764	2746
4473	833
2818	2245
3518	88
4340	1486
4986	3724
4067	816
1679	299
4649	4507
4871	2709
4775	2178
1711	1679
3237	1487
731	92
1527	205
4435	322
3685	1144
4023	3341
5103	1119
3468	2812
4059	2594
3116	3043
2725	2362
3139	1727
1825	920
2874	1926
3864	1108
921	248
5011	4405
3643	3623
4775	1280
5085	361
270	116
2018	1679
1679	717
347	248
2041	1286
2506	2118
3143	655
2511	1948
3866	222
4335	1679
4461	4156
4268	898
2847	651
4083	3233
2605	838
2835	1742
4018	2310
4156	4005
3081	907
4480	4156
573	116
2216	252
3204	854
4406	533
1679	497
4252	2078
1537	1428
977	116
1113	686
4352	1679
4775	2902
5128	241
4863	4271
4399	3995
4775	2581
2482	98
3116	999
2471	2011
4201	1429
1678	53
4882	1389
3984	1215
4480	4393
5115	413
2439	1527
413	329
1776	1559
2694	116
4070	3780
2605	1826
1117	248
3354	1432
2124	1537
3366	1269
1281	1130
3797	1092
4347	230
3348	1679
4651	4242
2424	885
4017	2199
1722	1105
4646	1270
4525	3925
3176	2746
4037	3116
5026	2071
2199	1188
3566	748
3685	294
4646	4558
1661	343
3782	2747
4120	1215
4156	2996
3435	1840
3694	2738
3307	3016
1527	1402
1748	1510
3116	11
4250	3339
3853	1661
1737	1679
4156	2506
4775	1948
4301	3810
2835	2348
749	370
3116	1717
5004	3116
4525	2658
3722	222
2348	88
4455	314
1679	358
3445	1306
4366	4156
5159	4890
3615	1679
2835	1119
2517	982
2951	116
2517	1872
2704	2181
2332	1679
3820	589
4097	4070
3179	116
2917	816
2070	18
2749	116
3376	3202
2476	1148
4764	895
3261	601
1108	740
2918	1679
4583	2118
4863	1866
1892	893
4035	2817
3808	2362
4066	1727
4342	1966
4640	3451
2362	1289
4961	4156
3204	2959
546	284
4525	3496
1313	1061
4928	4417
2476	2471
5113	4651
248	116
3235	517
1829	1679
2973	2118
4872	1938
3352	3272
1525	1406
3388	3381
4775	2823
4775	4129
2775	1722
5068	4591
3810	3116
3589	2092
3116	1661
4130	752
4306	1445
4775	2106
1063	314
1954	942
4201	3863
5128	5040
3722	2653
652	162
4415	921
3237	3004
866	354
2118	890
3895	1481
1679	1275
4268	556
127	116
4943	2142
3678	1430
1390	1281
3810	322
925	652
2605	1000
2695	652
3299	629
3116	2585
1928	1679
3853	2964
1679	87
3996	11
4674	3757
4547	3289
3116	860
2471	2118
3501	1722
4827	2775
2890	276
1679	297
4036	2874
3665	2989
1742	822
4186	1119
2517	879
3808	556
4915	1494
4972	4393
4542	1113
4478	2625
1215	698
4301	500
618	221
3366	2027
3612	1679
1061	899
4696	3864
4306	3100
4182	1681
4580	3865
5151	309
1679	937
2531	1703
4943	123
1679	949
3768	645
4274	3757
2959	1679
962	903
3685	1525
4156	1764
3374	116
3493	961
4968	3653
2496	1310
5147	1527
1818	1258
3725	1061
3166	2492
1093	33
935	601
4636	151
4258	4156
3026	1774
3853	3056
785	556
4070	3952
4978	116
3796	3233
4080	4016
4991	1679
3840	1533
3995	2775
3863	1873
4152	1722
4721	1897
4775	160
4560	3566
2755	149
