2589	4744
4938	4981
1265	2849
1694	2992
2737	4963
3713	4864
1206	3307
464	3762
3819	5208
18	4408
1519	4807
599	3812
2554	4379
1151	3448
2653	2914
1683	2439
236	4845
1021	2211
1019	2749
2037	2279
2500	5113
154	4849
4347	4891
489	4208
3156	5112
1477	4378
1920	3598
1164	1736
844	4868
1718	3993
5033	5241
882	2665
4117	4122
3699	4338
274	3654
3737	3756
847	2765
1565	2474
3627	3699
498	1723
517	3478
3664	4200
1077	1311
2929	4971
1907	2519
104	1309
2914	4141
2735	3331
363	4868
1440	2263
990	1237
3673	4141
1561	3401
2316	3643
1103	1565
1469	2420
2994	3169
1348	4616
2516	3605
990	4511
1469	1918
1112	3167
2025	3262
1111	4046
1013	2749
4225	4507
2711	3501
1305	3097
3169	4518
2212	4027
1070	2797
4178	4633
1918	3975
1265	3654
4358	4408
3052	5175
1149	4606
711	2211
3643	4823
1752	2894
339	4482
4342	4474
1469	4439
566	4483
3707	4501
982	1440
127	2630
2089	4011
154	4054
3023	3627
1987	4178
767	3134
603	3411
2765	3411
2673	4244
1237	3623
1226	3564
2827	3975
1877	3458
3019	4536
4028	4963
154	2827
2653	2991
908	3478
281	3038
1064	2653
881	4141
270	3674
2407	3720
2289	5190
1974	2559
2147	5063
589	2612
360	4483
769	1856
2749	3120
1697	3988
819	2258
3454	4869
1007	3624
2034	2653
599	755
4141	5009
1025	2730
1782	4178
1293	3252
1757	3988
2526	3358
329	3028
3594	4251
1271	3169
274	4097
1758	2718
864	1627
2653	3122
1093	3019
1860	2673
2358	5208
1565	4195
803	1694
2827	4124
1009	3097
2673	3307
908	1685
3029	3713
830	1206
2554	3184
419	3410
1025	4706
719	882
584	4718
1455	2623
2293	4484
1127	3644
1055	2039
3169	3225
180	1469
2827	4054
1469	2735
221	2844
3710	5010
1918	4540
2257	2992
277	599
946	2065
240	4311
659	1166
773	2222
191	4053
2258	2927
961	2418
2849	3906
601	3973
1844	2285
881	1758
631	4191
3552	4864
1696	3331
2461	2776
4046	5046
2844	3718
1787	4864
1568	4178
2358	3261
1455	3019
1944	2669
1127	1970
2462	3548
2546	4428
1237	2632
3403	5163
2282	3874
1206	3417
648	1237
2357	3358
1614	3371
4111	4586
2954	4408
1342	1658
561	4130
1127	3169
104	2213
67	1265
2087	2465
699	4447
777	1440
2975	4899
1133	3896
180	2452
2039	4803
664	2749
652	4141
2282	4021
705	4232
638	4675
2036	3635
339	1535
2352	4899
461	4086
2380	3781
3410	4963
517	4964
1293	5234
685	4141
2183	4963
2749	4854
1878	1920
1533	3169
1237	3163
287	4955
1276	4176
599	2797
1310	2315
1985	4408
3169	4438
2894	3169
2074	4934
3694	4864
1938	2769
2780	3169
2559	3694
2698	3627
2970	4727
4063	4141
2423	4130
37	3933
68	1127
91	1357
2166	5188
659	3169
4561	4952
1112	1249
2211	2887
1612	3169
1686	2892
1059	2902
890	4141
4178	4631
3548	4809
2870	4663
2736	3644
1396	2361
1495	4315
1435	1758
806	1658
631	4495
1735	3169
1727	3598
1215	3344
3169	4443
2449	5012
3141	3907
1077	4347
3169	4854
4116	4404
881	3340
2735	3498
2435	3017
1237	3458
154	3993
511	3156
3429	3566
882	1982
1441	4864
456	3295
2318	4054
434	4955
2417	3343
127	1723
3708	4672
4141	4685
2956	4869
1602	2393
1656	3160
1237	3702
1356	1889
2275	2549
91	5223
3153	4171
583	3169
699	944
685	1133
703	2887
1756	4178
2356	4028
3448	3509
79	244
2358	3975
4137	4141
3503	4130
75	464
600	1533
906	1497
882	1208
3019	4127
231	2749
881	4902
4911	5234
1311	2314
597	1918
1565	4582
3449	3937
180	3910
180	3686
1723	3598
635	1455
1878	3598
2789	4864
2318	2630
3321	3888
1743	2232
1723	2844
838	3710
1293	4347
2352	3843
1295	2318
2407	3078
15	3888
2380	3717
1533	3015
507	3464
2914	5130
1531	4189
274	2249
489	1077
2357	4663
419	3325
709	4216
1723	2149
2109	4320
600	4148
1164	3084
507	2436
73	2211
4141	4240
1021	4141
872	2154
68	4171
1127	1237
3019	5063
1021	2907
3019	3874
1798	3509
1206	2914
499	1740
2961	3472
1469	1632
3109	3755
3045	4495
2326	3169
3019	4166
962	4952
3111	3682
498	1469
291	4347
2258	4244
1715	4178
2222	2902
3975	4954
3856	4864
5026	5057
4178	5196
3169	4921
2763	3213
1758	5196
1612	2420
1087	3475
104	727
3455	4444
946	1127
803	4225
1656	3128
1429	3110
2021	3797
2064	2087
2202	4864
115	346
2653	4622
17	4972
2983	4864
1348	2318
2369	4689
105	3718
2589	3078
3762	4127
2970	3546
1995	2554
1696	2673
3084	4111
240	3993
1141	2213
4026	4210
2318	5145
597	2211
1349	1735
4905	5175
3072	3169
176	4613
2260	3429
221	2436
3169	4163
2311	2318
2318	2500
1206	4231
2775	3020
2091	3757
3834	3896
2756	3874
1988	2589
1970	3552
3515	4244
4178	4750
1535	4407
82	1995
1758	2140
37	1310
881	3823
1566	1721
2315	4107
976	4793
2211	4598
489	869
561	4845
45	3478
1473	5026
2113	4483
274	3133
3169	5151
3946	4089
3411	4347
1055	4493
515	4631
705	4864
1450	1565
1758	3548
4127	4879
25	3519
2526	3411
1970	2079
2420	3598
2048	5026
1055	1455
597	2574
873	2887
3160	4178
1918	2862
118	1497
274	4287
1429	3169
171	4404
1792	4111
1469	3233
2164	4689
566	1047
552	4111
1561	3286
976	4807
766	2553
3169	4745
2589	4458
803	3644
2887	4054
1007	4294
516	2887
1260	3988
1568	1656
3169	3758
516	4343
4319	5188
1571	1757
1129	2887
946	1087
2397	3635
1206	2925
2732	3110
2578	4379
882	1723
1615	3906
3149	3454
1025	4594
37	2477
2653	4117
939	3240
3169	4017
1469	4124
1036	4630
847	3487
3417	3549
4225	4295
352	4193
3673	4383
2228	3891
1455	3835
3169	4071
258	2258
1609	4727
2273	3307
1910	4490
2258	4054
1369	3762
3169	4630
1918	2850
1866	3411
1206	2108
2258	3300
2352	2612
391	2213
944	1533
524	2450
1455	1918
1614	3099
1353	4097
2992	3644
3213	3888
3040	5234
1705	2526
2258	2886
114	3295
2065	3755
1133	1449
587	2380
3141	4963
1270	4496
3200	4530
583	2393
1458	4371
1087	4811
631	3753
688	4141
1070	3512
147	3933
564	4044
1469	3635
177	1025
335	4408
3170	3664
2763	3169
1615	3169
4879	5069
4225	5008
1171	3581
1043	3196
2526	3084
848	1533
3169	3678
803	5015
3437	4483
199	5062
3169	4131
583	2887
2223	3160
1726	2862
1531	2887
864	4212
946	1421
806	3295
231	2258
882	961
1224	1469
3772	4383
1726	2749
3031	4347
491	3785
2318	2765
2887	3078
261	2258
1696	2211
2318	2847
4178	4555
853	3988
368	2164
2365	3487
1273	1533
515	2418
196	2318
2901	4864
1208	3466
2901	4275
368	2970
3169	3674
4552	4864
1942	4021
1680	4438
104	5160
1237	4952
3169	4483
280	2087
196	2850
2436	4752
946	4654
962	3169
2137	3169
3169	4645
1369	2318
1359	2240
2293	2887
178	2756
1944	4054
1133	3331
2630	4379
1495	3915
1469	3570
1786	1836
277	3059
1319	2588
1907	2021
1974	3472
3762	4308
1469	4819
3822	5242
600	1249
3753	4075
1626	4166
4402	5177
4149	4452
174	2087
3169	3949
1705	4025
3275	4864
1365	1440
882	1574
2311	2711
540	4178
2154	2887
1694	4347
1133	4864
594	3029
191	1461
2808	4602
719	2943
1483	4596
332	3360
1803	2542
2870	4402
3454	4026
1853	2490
1273	4776
1611	2665
178	191
1066	2160
4116	5015
1519	4013
1726	3169
191	1466
1565	3627
3213	4048
2869	5132
104	2135
4071	5069
26	4734
2318	4271
1614	2051
3623	4378
1133	2465
3663	4141
154	4347
368	1932
1925	3169
3343	3896
1276	3627
820	4347
1532	4606
3160	4084
716	1104
1522	2756
1166	1884
2102	4899
1889	4088
2525	2537
921	1341
3999	4127
2923	5102
2578	4347
2318	3169
4447	4823
332	4864
191	4752
882	4922
199	3667
2407	3233
3718	4324
3526	3888
1050	4879
1757	4956
2370	3169
1319	2902
3856	4803
382	4343
3207	3454
2526	3640
3177	4130
3630	4807
2914	4244
878	2482
4141	5163
2653	4317
716	2081
2771	4689
601	1161
1824	3345
225	1237
1133	3317
1166	1348
464	3169
2089	2750
2805	4265
2775	3328
766	3856
2037	4428
1694	4849
2887	5163
3267	3411
268	1131
5062	5160
3700	4054
1237	3059
1907	3856
1473	4443
599	4109
1907	3141
2827	5209
2529	4864
541	1716
1064	1565
1237	4824
897	4718
352	948
901	1912
881	2633
3580	3710
28	5232
2756	2983
1133	2407
1295	1348
156	3213
1348	1609
2418	3169
3973	5242
1237	4468
1656	4336
1469	2887
626	1390
166	4104
280	487
3720	3762
1469	4954
1237	2293
127	1675
2589	3515
1381	2653
4171	4828
51	4967
3295	5170
3068	3134
1602	3546
277	3358
2762	4666
1765	3644
2653	3336
3564	4232
276	495
583	2970
4104	4124
270	3169
3100	3169
1127	2477
1390	2905
1469	1612
1265	4369
1878	2849
1576	4845
25	3038
1752	2559
703	2318
1026	4407
1276	2801
1341	3280
154	1237
2541	3460
1293	4483
1206	2307
196	4666
2039	3664
2091	5069
4567	4582
3472	4044
2895	3601
1133	4962
3598	5241
1574	4460
872	1889
561	1133
273	2410
2240	5232
3173	3802
699	2537
1038	3138
3865	4974
1237	2546
659	2318
2393	2870
3550	4895
552	4171
2492	2797
1602	4663
1310	1469
137	3420
4178	4551
495	3019
1519	2916
1127	1141
391	1720
3169	3966
25	2293
990	3822
417	1111
3882	4727
2263	2694
767	3169
422	461
1566	2367
1561	2113
1778	3169
137	3275
18	507
2258	4141
1479	2382
3169	4647
1270	1520
1578	4178
1912	2945
3289	3833
819	2130
2318	4658
2257	3169
247	3169
3562	4970
2704	2961
3078	5160
1062	1574
497	4141
583	1609
274	3977
587	2775
695	4972
2580	3737
4086	4582
1494	4583
498	4347
1469	5241
3030	3158
2145	2303
1026	4864
905	2970
3169	3962
2273	2630
2458	4127
446	4144
975	5196
225	908
258	4176
675	1757
778	1462
3293	5176
3863	4540
196	4824
1237	1359
3609	5209
274	3906
1133	3492
1166	3882
934	1034
2669	4921
1854	2418
1561	5177
1455	3309
1279	2275
1533	4104
2589	3153
600	3907
2907	4977
1519	2258
630	2773
461	513
1288	3160
2056	5062
1173	4552
695	1249
1025	3116
1723	3169
1356	5242
2970	3710
600	4727
136	2094
2263	3965
2416	2889
1758	3755
2065	4938
1093	3755
882	3687
816	4734
2559	3698
3038	3220
233	2089
91	1224
2895	4586
1889	3167
97	2822
2420	2749
3144	4104
326	2490
1519	4327
901	5069
1705	5188
861	4788
2005	4171
1212	3331
3144	5203
1127	3910
726	1469
3907	3988
876	1680
943	4663
118	1723
773	2416
601	2285
653	5112
140	4111
4317	4864
4864	5163
3156	3627
976	5000
1715	4616
3306	4127
3819	3834
2393	3710
2612	5076
3822	4971
948	1469
659	2887
3289	4076
515	4739
3454	4926
2021	4226
166	1798
1104	4823
1910	4630
2318	3562
1893	3361
1494	3331
1371	3828
1599	4547
4028	4275
2797	4428
583	4727
1429	2732
1354	1479
326	1207
2183	2992
1368	2509
1942	4739
1574	3986
316	4149
1836	2452
564	3907
561	600
599	5129
199	3630
1726	3093
1206	4195
1342	3664
2653	4089
419	4378
1893	4803
3321	4875
213	2694
4967	5223
1565	3786
1349	3810
1529	4934
417	1312
91	2887
3019	3802
2698	2902
74	2079
3306	5160
1162	1356
3454	5069
537	3609
577	3169
2365	4054
79	1650
946	3933
3664	3700
1758	3417
1785	4754
114	2285
1571	4216
268	2147
4938	5069
3295	4311
1907	2824
156	3454
2633	5061
1878	3654
172	1127
1293	2737
618	1237
1219	2514
3169	3874
665	5175
1907	2417
17	2258
191	2065
2423	2983
75	564
2708	3644
1077	5203
1758	3835
1736	3954
2211	3240
2991	4028
268	2943
2377	4178
2130	4739
434	3169
4178	4770
2021	3504
695	1359
1295	2113
1215	3212
1112	2633
240	3295
2352	3810
1824	4275
1757	2776
1615	4251
882	4926
1111	2970
2888	3548
1070	1657
1237	4879
856	4178
2653	2849
631	3008
921	4864
1779	4013
928	4295
946	3578
458	2258
1758	3300
1830	2219
1532	3420
1016	5127
2957	3358
2311	3109
1755	4171
339	2612
589	1878
2808	4803
4311	4971
1755	3710
819	1117
1104	3136
2048	2887
788	1247
225	4954
3169	4787
1561	2756
1208	4424
2358	5000
1237	2458
2749	3673
816	1455
1918	5184
1532	3526
3295	3973
1435	1970
3973	5238
1213	3054
1565	3975
277	1293
2783	3988
908	4428
3582	4864
2992	4738
163	584
2390	4141
489	1237
1657	2817
3058	3109
225	1053
1034	2529
362	5127
3856	4178
1198	1687
3627	3843
3169	3509
352	2021
2529	4547
1526	2211
756	1440
3109	3478
729	2397
4097	5112
1455	3478
197	1758
2574	4934
1133	4554
1206	2418
274	4351
1912	4026
2258	5000
368	3548
2374	4752
4555	4967
498	659
1723	3096
2239	3643
1632	1970
277	928
1237	2967
1087	3110
3156	3906
2991	4458
2407	4891
1421	2039
281	3999
3047	3078
581	1735
2313	3169
4849	4954
2183	4738
2789	4127
2477	4130
1237	2305
2149	3169
2358	3358
76	769
1310	3644
1093	3478
2653	4926
4971	5242
1265	3487
2109	4752
597	3755
178	3548
258	2735
4849	5015
794	3169
600	848
1907	2024
2382	3169
2357	2381
196	756
1656	2211
4739	5036
1757	2465
2847	3644
1755	5188
1077	3144
1469	3289
4171	5102
4879	4899
1086	4378
735	3084
948	3548
934	3686
1907	2965
231	3167
1293	3720
1171	2306
1918	4738
3295	3822
1918	4116
572	4275
2232	4754
1093	2756
196	4363
705	5034
4104	5078
2211	4343
623	4309
2079	2318
2632	5164
537	2314
1025	4689
3261	4540
280	4295
461	1720
1778	2749
2903	4171
368	3850
4849	5078
335	1565
26	1918
4803	4926
2405	3548
2673	5188
4347	5223
2956	4547
2393	2970
3022	3169
434	3906
3745	3863
180	1574
220	1889
3710	4171
4613	4625
2623	3559
4630	5078
3643	3710
1237	1356
82	882
2887	3077
3798	5046
2496	3481
1152	4097
417	583
1133	1682
18	2875
2239	4952
1611	3169
3411	3644
287	4011
274	523
1237	1473
1025	2771
1970	3822
2273	4819
2211	4070
600	2381
3120	4106
1020	5008
277	4864
499	2970
1932	2542
1682	3549
2853	5242
1752	3833
2653	4094
3169	5033
1224	2183
18	1021
2529	2830
3141	4954
387	3598
3491	4052
1112	3295
2673	3375
1519	2367
2479	4864
3120	4734
2279	2749
1692	2623
962	1748
1668	2633
2653	4834
3268	5196
352	3691
4166	4905
1390	3169
2795	4566
1715	4547
1358	1773
597	4738
2540	5241
651	3444
174	1133
1111	2769
25	3643
1429	2894
516	4663
753	4864
1077	4124
2589	3910
1357	2618
2737	4178
881	2916
2902	3843
28	4856
2279	5188
994	4663
1494	2887
1377	2089
1565	1778
244	3481
236	3644
2804	3644
1112	3549
2056	2589
2293	2318
1612	4116
4311	5238
2361	4803
1133	1157
3015	3213
515	1435
166	908
711	2653
79	516
1153	1208
733	1133
2211	4864
3993	4443
1421	2589
589	5076
247	2436
287	2021
417	1609
114	4671
564	3673
517	4116
3773	4824
2258	4500
511	3396
2559	4107
943	3644
767	3988
1359	3317
912	3225
137	3015
3167	3822
68	3169
1111	3546
277	1565
982	4496
91	3566
4853	5102
1224	2315
4178	4342
2436	4109
584	2914
1133	4787
1435	4347
3169	3781
191	391
1912	4275
277	1697
839	1524
1892	4407
2240	3138
1638	2318
114	4111
1127	2735
1082	4483
2416	3548
315	1206
4094	4438
1038	3169
2258	4109
1656	3410
1112	1157
962	1417
2216	2471
1131	4025
1469	2714
1757	3896
2222	3169
3038	3773
25	469
2847	4116
446	4347
25	2356
2697	3627
1772	4026
1131	1435
1127	1183
1995	2956
3169	3483
1016	4447
48	4823
495	1127
1907	5056
3420	5033
695	741
1208	3169
4444	5186
1942	2887
352	3601
17	4466
3630	4820
1133	1697
3212	5234
1907	4306
962	3623
1758	4447
946	3210
456	3472
592	1907
2887	5221
3257	4104
3627	5175
3411	4523
2559	2957
2314	3158
864	3275
816	2135
2781	4970
2089	4334
3300	3738
882	2222
197	695
3498	3834
2823	4275
1130	5219
561	1249
2823	4963
3475	4116
905	3343
2102	4171
3458	4075
906	2589
675	2673
3267	3529
1206	4428
3212	4239
2761	4178
990	3644
1574	3823
4104	4967
118	3644
638	4428
2929	3549
3169	3221
329	1537
2850	4347
3933	4271
583	1295
2812	4178
1007	1026
419	3025
4171	4523
1721	4466
600	709
1047	1907
758	4178
1429	2380
77	5195
1435	3167
1932	3548
2850	4104
859	2526
254	1254
231	3549
815	2540
690	1013
1127	3120
3609	4347
3309	4864
1656	3856
2970	5062
600	4171
1189	2870
445	4141
1533	3948
1237	3691
4178	4288
3420	4232
1460	2633
3598	4275
2315	3141
2420	2991
1533	4817
1878	2801
315	2258
489	4075
2213	3343
755	4864
236	946
2240	3853
4021	4244
1773	4272
517	1632
648	4650
946	1038
3038	4767
1186	1989
82	1273
2382	2892
2318	3289
717	1723
1692	2732
3835	4141
1565	1626
1758	3409
147	2673
2633	2749
499	583
2358	2781
2318	3720
3019	4396
2633	4956
29	4178
2756	5219
461	4163
3643	4935
1206	5208
1469	4271
2826	3257
2829	3169
3008	3987
711	3644
1740	3169
1009	4606
1565	2242
3781	4347
2553	4141
2113	2318
2282	2482
114	543
2352	3487
994	3710
2048	2554
55	4438
277	3493
717	1756
3549	3822
2623	3343
1540	4596
1632	4104
2356	2717
2240	3064
978	4962
2655	3169
1715	4210
213	589
191	1189
3169	4982
2529	3853
3907	4158
363	2509
75	2417
2970	5177
3856	4383
1312	2244
434	4995
1483	2482
2676	4347
2056	2452
2135	3169
2420	5241
1077	5078
1087	2314
1602	2113
1133	1797
114	3225
191	3867
3169	3577
806	2890
105	659
2039	3343
2211	4663
91	4347
2578	3020
1758	3141
2393	5177
4347	4404
2653	3128
1694	2183
1656	4622
2673	3100
156	3184
1082	2091
1435	2644
882	2232
231	3896
2749	3173
1127	2244
1440	4615
2314	3644
3019	3906
352	5062
962	2887
1222	1377
2358	3993
939	1627
982	5160
1535	2256
177	3169
2732	2894
2983	4879
2916	3257
4342	5133
3937	4347
2887	5202
1237	4720
1356	1970
2165	5203
1519	2211
3169	3420
1062	1237
2285	3867
2983	4028
3769	4663
2318	2526
91	134
2039	3896
1554	3012
3169	4493
1295	3177
648	3029
2735	3078
219	4864
1785	2730
111	881
277	4076
1757	1974
1696	1907
1356	4169
3944	5008
695	2258
4496	5067
166	803
4347	4664
600	3503
962	1302
2435	3169
2902	3699
1237	1612
3169	5163
1723	4130
589	2902
946	3120
1720	2436
1354	4485
127	2537
1342	3069
1149	3097
599	5184
178	4320
2653	5163
115	4347
2844	4178
191	4093
3755	5095
1571	1758
1785	3331
583	5177
1356	3549
115	225
1673	1758
274	4387
4752	5062
705	1435
3169	5049
91	2923
1026	4495
2065	2574
368	1316
1692	2894
1224	4849
1300	3331
2902	3221
104	4128
191	1312
3403	4244
4178	4985
2419	3682
15	3015
1692	3110
2303	2559
1206	4734
897	4157
601	4967
4071	4803
3720	4600
1261	2258
1924	2240
274	434
2380	3444
3466	5112
1612	3012
387	1208
231	1038
2258	2773
3286	3720
2223	2756
274	3487
115	517
703	4347
3420	4538
881	3483
794	2653
2653	3173
601	3549
1127	4226
118	1380
696	4963
136	468
3627	3906
1918	3644
1942	1982
4803	4905
231	1889
1612	3019
2970	3169
1970	2358
2154	3548
2039	4347
1127	4212
3169	4542
2147	3551
2357	4864
3169	3813
77	2730
923	1237
800	4141
37	2318
1531	2870
1249	3077
2862	3975
3643	3937
276	3403
1208	3223
3170	3343
3492	3566
928	3169
2540	2554
906	1778
718	3169
2698	2887
1153	3367
1830	3644
1691	4954
3833	4567
1540	2991
1093	3207
2766	3169
3403	4343
277	1726
91	859
1461	4383
1370	3594
1133	1533
1519	2653
921	4752
4518	4972
2887	3988
2765	3169
1859	3153
2929	3822
948	5000
2224	3169
1270	5127
881	4343
67	2365
4275	5184
517	537
1064	4104
255	1237
2957	5188
1082	2673
1603	3169
1173	1183
417	659
3627	4803
1127	1632
495	4962
1614	2318
2653	4137
2519	4130
1348	3169
1614	2412
908	4148
2554	3317
601	4311
2465	2749
29	2991
597	4659
1907	4491
1127	2365
2778	3834
507	4606
175	541
3160	4212
638	3549
1237	2789
1533	1697
2653	4552
3529	4540
2145	2630
2318	2970
1025	3015
2601	4439
167	4239
277	3772
2653	3627
1053	1449
3160	3843
2021	4275
2894	3110
882	3718
923	1133
1758	1938
3630	3713
422	1133
2367	3169
3088	3410
587	4853
2887	3472
580	2804
1087	4591
2609	2702
2889	3160
2407	4272
1284	3802
1942	4663
91	5132
2087	4315
822	3160
74	4466
2318	3228
333	4408
2393	2887
939	982
1533	4192
2653	4013
566	1179
1757	4480
44	3169
1565	1568
2318	3177
111	3169
391	1533
703	3169
2992	4954
1016	1657
1415	1723
909	5164
1237	4533
2974	3331
2653	3161
2435	3819
75	1907
698	1034
3169	3493
2048	3635
1305	4606
111	2736
2135	4689
3843	4351
1348	1570
2927	4275
1104	3710
976	4803
274	4117
1440	3175
3167	5170
5219	5251
2540	4347
75	4734
716	2423
4117	4178
2436	4767
2361	4148
1600	2549
3481	3605
196	4727
1127	4285
878	3691
695	4658
881	1354
2586	3966
353	3213
2479	2529
1224	3755
2808	5113
515	773
3644	3773
1311	1425
3169	4441
4334	4642
581	1179
2870	3343
2258	3025
1020	1469
777	3213
592	1656
43	5196
438	2256
277	2458
4137	4864
1198	1462
1207	1853
1059	2588
352	5067
2048	4026
2653	2714
1519	5175
3601	5062
1055	2258
2047	2749
91	3773
1059	2801
353	3169
600	944
1166	2113
1237	3664
1016	3512
1179	4210
2369	2653
1059	1353
3286	3343
4054	4144
1226	4232
711	2091
3038	3169
566	2887
2874	3169
3141	4970
2026	4187
796	3169
3756	4119
777	1237
104	2646
2749	4604
2244	2589
391	4378
1609	3546
3020	5124
277	4854
516	1942
255	4178
3109	4456
244	5177
1127	3635
2074	3986
333	3203
1680	4695
220	1966
1723	3077
3167	3307
976	2778
2356	2886
177	1611
1970	4347
2314	4630
766	3120
231	4610
515	2826
154	2903
881	1912
882	3288
2653	3975
1524	5133
1675	3993
147	2258
2749	4336
291	2887
154	4868
3812	3907
1473	3019
3966	4547
213	1288
766	4306
2416	4275
881	2318
1752	4171
1070	4171
3306	4666
1140	1477
2516	3169
4178	5213
3915	4157
562	4340
1053	4963
1479	1748
1351	2673
316	3793
110	3790
2974	4864
28	1237
1198	3173
499	2258
25	4491
1206	2256
240	2916
2091	4981
2009	3169
4171	4490
1055	5176
3454	4879
1358	1457
844	5164
1133	2956
2887	4315
2653	5184
291	1533
2065	2436
2039	3762
2749	4530
274	339
4071	4178
1587	4157
1173	3169
2039	3503
1274	2526
1469	4347
4068	4178
547	4226
1455	3410
1988	2393
1455	3755
2887	4734
43	3019
335	2240
709	1758
2315	3975
114	717
1574	4864
1141	4347
3212	3344
1720	2566
4663	4777
231	630
1565	3417
221	371
371	1237
2372	3644
2570	2653
901	3644
1206	4210
3691	5067
589	2256
371	3331
196	3169
2957	4254
726	4864
4157	4718
191	5000
1295	1462
2749	3973
1790	3161
1039	3169
2258	3173
2211	4872
2105	4970
4088	4787
2256	2263
1878	2352
4210	4484
1166	1602
391	3169
3431	3643
618	5238
2211	3986
258	2211
872	2285
3644	3819
2256	3843
631	3854
2047	3834
2732	3753
419	3562
703	2289
2352	4371
1785	4479
2887	3993
1757	3240
4178	4340
43	2450
2091	4856
1273	5213
3169	4685
717	5196
4414	4864
1469	2578
2646	3988
163	4718
1026	4191
2630	3169
2589	3831
2653	3411
943	4193
244	3169
741	2273
1305	4864
4864	5188
962	2407
1494	2318
803	2578
3169	3478
2183	3753
2665	4776
2330	2581
1237	1365
60	2356
2198	4130
1561	2318
309	4853
1907	3887
1721	3088
1455	2211
1758	3982
2285	3295
156	5188
930	3458
564	3896
2749	3141
114	3257
3306	3988
2719	4187
944	2653
2258	3492
1224	3819
4015	4582
2797	3361
1237	3755
1757	2260
600	2956
2089	2609
961	2222
882	916
1735	4210
166	3975
3644	4845
391	1237
371	788
3169	3896
114	5238
1047	2653
29	1758
180	1265
191	2358
2887	3790
3458	4141
1685	2797
315	3492
3152	4864
4128	4895
869	3762
2113	2870
547	2021
292	4943
881	4021
1970	2827
1319	2516
2324	2653
3444	4171
2775	4732
2407	3040
29	4141
1533	2147
4971	5170
1638	4899
2258	4317
599	4823
2183	4404
1247	4468
3169	4779
1043	4400
236	2244
1697	3436
3158	4243
807	881
2887	4727
815	1198
2039	2289
191	1896
191	1486
456	1886
881	3644
2318	4402
2574	3207
2992	3975
2749	4044
599	2417
171	4116
1270	4852
1293	1469
1932	4642
1889	5238
2258	2465
2416	4663
1316	4148
1533	4663
1312	2887
3169	4600
2223	2889
430	3169
540	3175
2318	3993
1469	4015
60	507
1053	1907
43	3141
816	881
2435	4511
2509	3649
3487	3598
2273	4891
1469	2970
3598	4552
1348	2499
2589	4807
1020	2154
1878	3481
2372	3352
3262	5241
329	1656
1356	2853
163	1249
280	1627
1219	2324
1279	3608
335	2965
175	3169
2318	2585
2708	3739
332	4402
1065	3169
1752	3475
91	2358
1077	1141
2273	2416
2390	5094
2065	4939
962	3529
659	1602
156	3483
962	1425
2500	2889
816	4864
2521	4189
2418	3834
997	1532
1918	2630
946	3835
642	4495
1893	4970
274	2318
583	2211
3267	4378
2240	3285
561	4547
2491	4148
55	2653
994	2258
403	1853
3937	4483
2211	4244
363	2991
422	3915
3403	4521
276	2147
2875	4408
156	4663
3608	4400
1691	2500
3169	3552
3261	3483
2154	2380
2492	4428
794	881
1206	1781
3169	3822
2211	3948
417	2970
1632	2031
2183	3933
499	1166
3687	3772
4295	4540
2356	2380
2244	2736
2318	3343
711	1907
2091	4244
3169	3564
3169	5149
3698	4107
2887	4540
1348	5188
2183	4378
498	1455
2943	3640
4013	4347
1995	2031
43	4689
3667	5046
4507	5008
417	2318
1803	4244
104	231
1038	2285
498	4484
912	2749
1757	5037
543	876
1031	3630
2258	4157
1349	5062
2113	2970
994	4864
1107	1830
3150	4094
15	2808
1237	5000
1267	5076
3280	4400
3743	3844
4275	5221
1348	2213
2113	2589
5175	5184
2420	3213
1237	4507
2315	3755
1025	2665
982	1206
1565	4240
25	2789
2393	2916
2436	2778
816	944
3019	3769
2089	4226
511	1319
962	4192
3643	4195
3822	5170
1779	3169
2500	4495
873	3169
976	2749
387	1878
897	3710
838	3548
2827	5015
2623	2887
1206	1316
2380	3167
464	3017
1469	1696
140	908
1600	2887
2731	3029
139	4952
1533	4076
2147	4542
3141	4070
2731	3822
4141	4598
769	2240
1164	3169
566	962
1435	3988
1494	4347
943	4054
2462	3134
3031	4127
196	1824
515	2892
2991	3125
729	1561
3988	5184
236	2736
222	1455
1716	4971
167	4934
97	4752
1206	4026
803	3109
1171	2849
2826	4347
2211	5058
2630	4963
258	3169
277	3449
1237	4396
2413	4178
4104	4849
2887	2894
2900	4921
3169	4580
68	3005
371	3644
1224	4347
75	3153
1133	5063
144	3643
246	2091
1273	3401
176	3169
2849	2971
4311	5242
803	2669
1657	5127
1183	4124
2436	3038
3454	4334
1151	2589
277	377
196	3551
1989	3169
1668	3544
274	1878
461	2258
1772	4178
1430	3710
1657	1685
978	1533
1354	4166
280	1237
4689	4744
587	2211
2597	4663
2147	3138
3116	3262
2481	3973
417	3644
3420	3874
1374	4864
91	3078
1237	1434
1469	2826
2673	4189
1429	4343
104	1912
1348	2031
277	5232
3993	5160
1922	2026
859	1047
1974	2409
1985	5175
1995	2967
1469	2521
1133	1913
537	4124
564	3856
339	2902
566	4347
2927	3834
773	2889
944	2293
353	4482
1565	4496
1206	2600
599	2586
990	4347
3012	3834
303	3454
1131	5188
1311	3358
4275	4530
705	1316
498	4174
1440	4663
79	3160
1549	5251
144	1127
517	3933
91	3790
589	3481
2039	2673
961	3564
905	2417
2056	4407
368	659
1694	3933
3220	3464
1549	2844
1627	3810
3177	3762
928	3746
3358	5223
1683	4864
3169	4386
3169	4849
3627	4864
2211	3169
1565	4105
1358	5010
3228	3275
572	4963
2387	4856
1164	5188
2465	4141
717	4178
2315	2850
2240	3942
1272	2886
77	1319
928	4144
4378	4433
196	4658
332	3084
766	982
3896	4347
1112	5170
104	111
3341	4438
1545	2749
1632	2079
2956	3169
469	2318
1348	2113
2285	4852
3169	3899
43	4981
4109	4856
60	2318
1316	1723
315	2653
2358	4493
2589	4919
274	3221
231	684
838	1348
1179	4484
4089	4809
624	4879
1435	2285
1356	2285
4109	4934
1758	1942
773	3160
362	1070
1455	2482
1455	3012
3109	4706
2526	4347
277	4536
2756	4171
928	3257
3169	3835
2423	3153
946	3478
1455	2279
3078	4970
2623	3170
480	897
213	1353
1206	3100
521	4490
589	2849
3472	3928
1358	3064
2448	4076
540	4286
2258	3122
274	2025
1029	2240
711	5223
1435	1889
1565	2219
566	3169
1877	2154
1565	2258
2887	2923
1133	3699
75	316
1131	3710
1922	2258
659	767
138	566
705	1675
589	4914
2553	3403
3442	4178
3906	5219
236	3295
2183	2358
1224	5015
1390	2367
2183	4954
3169	3275
231	2578
1696	2589
2731	4954
2887	4583
2529	2887
2694	3275
2289	2630
1758	2418
1415	2318
1349	4371
1913	3710
3055	4864
990	5132
3411	4054
77	1300
815	1803
767	3707
2051	2887
1077	4856
709	3169
82	592
806	2817
2258	4646
1077	5209
468	3830
2211	4128
2365	3644
4171	4591
48	4706
1237	1477
815	3331
25	174
946	3257
368	2435
1171	1995
1319	2450
1570	1571
3240	4496
1626	2653
2318	3546
197	4148
1868	2529
740	3710
1602	2031
1697	4615
587	3546
872	5170
254	4109
25	3562
77	274
77	2713
3169	4819
901	2886
2887	4106
196	2076
600	5238
270	2091
1224	2358
3169	3245
1457	2727
778	1087
592	2956
1206	3710
446	4189
45	4661
3162	4178
391	2436
97	366
561	4021
231	4311
1565	1985
352	2526
3169	3697
946	4127
3700	4727
1213	2540
3100	3988
2370	4266
912	4275
1152	4094
1574	3942
587	2257
105	4479
962	2258
4451	4614
2037	2537
111	838
1319	3481
1237	3608
104	1519
2140	2258
1371	3471
1038	4026
118	2182
916	2370
1532	1932
1127	1561
884	1284
144	1153
1549	3169
1349	3682
456	2926
897	1206
884	1454
274	4396
4566	4663
2578	2653
4071	4141
1529	2154
4954	5208
2633	3745
2318	2676
1070	3608
3117	3317
1458	2633
839	4210
1016	4357
2957	4171
1417	3548
4511	4738
4141	4458
566	2633
291	3570
766	1295
905	1421
3431	4662
3169	4289
1627	1735
276	1133
2983	4052
618	5057
2258	3962
653	3466
3169	3975
191	5115
1697	2957
1683	2258
2358	2917
2957	3352
1694	3257
1883	3643
1878	3116
3570	4547
1656	4905
3207	3896
2916	4024
2916	2957
928	4752
1455	3710
1066	2416
163	5102
3160	3906
3755	3933
2499	4157
4439	5130
659	2970
105	4974
709	4141
1236	4178
2315	4738
2256	4663
1206	3975
2258	4659
803	5196
1612	4493
4419	4864
3720	4209
1932	3213
1455	3933
990	3566
4048	5241
1265	1353
247	2887
1007	3509
44	377
537	5209
274	3160
2079	2183
114	2361
1907	4244
2601	3197
2087	3317
777	1533
1359	4148
3343	4962
2450	2776
2991	4275
1520	1533
3169	4767
720	1396
3015	3275
2540	3367
3169	4521
1982	3772
225	4124
1757	2108
114	4456
1723	2358
3993	4347
939	3529
276	4141
2064	4542
4028	4864
592	4141
1696	2653
946	3601
2671	4615
1535	5076
599	1104
3442	4963
1469	4104
3015	3420
800	3169
642	3682
74	163
531	2087
1565	2954
3492	3644
3549	5242
180	1440
2091	2887
2737	3498
3169	3335
1469	5033
79	368
1198	3213
391	2750
277	995
3109	4104
1026	4294
597	659
1691	2850
487	3751
1469	1473
943	3988
921	4171
4125	4141
1566	4864
2966	3169
1036	4171
2318	2521
527	2263
1742	3169
1779	3472
1348	4072
601	2923
1274	2653
2065	3220
2139	4265
498	705
537	5078
2436	5132
180	2198
3498	4383
1335	3762
3988	4864
2258	3100
2797	2887
1907	4343
3169	3944
1062	2273
1162	1354
3169	5177
990	3078
2145	3710
589	3906
1697	4347
2416	3169
2923	4447
2306	3160
3169	5069
67	4552
3822	5160
777	4479
923	4088
2902	4097
2951	3169
897	2499
1426	3169
2143	4566
2555	2673
91	2315
1237	4861
48	1785
2653	5232
1723	2318
4045	4178
3169	4424
2669	3169
716	884
773	3577
362	2817
921	1495
1020	3867
3267	3623
1455	2036
243	2222
4530	5127
659	2393
1295	2257
1686	2866
1265	3627
2318	3702
1533	2039
1574	2465
1995	3169
566	2393
2529	3410
1565	1781
128	5219
3023	4054
339	4097
2258	5190
225	3169
2746	4178
599	2923
946	2048
1536	3987
1454	3834
847	2407
515	2889
2318	2870
1574	3988
2051	2393
2870	3664
1266	1893
255	3169
733	4864
2318	3482
3078	3135
1186	4532
1988	2633
270	1803
944	4013
111	4845
1133	3377
4807	5129
2318	3491
2797	4675
2240	3997
2750	3793
429	1907
371	1494
2756	5063
2850	3975
4089	4582
3345	3691
1455	1554
2219	4128
222	3710
495	1533
1036	1910
489	516
1531	3664
3411	3700
1469	4106
2465	2956
213	3906
3896	4275
2875	3643
419	4342
360	3169
1087	1752
3117	3169
497	3169
2775	3503
1624	4364
1907	5241
498	1237
510	4141
2293	2967
29	2258
1455	2875
1469	3933
476	2318
587	2970
2289	3609
2076	3169
2183	4402
3161	4625
928	3063
1349	5026
2668	4864
2703	4178
1162	4178
716	1469
2318	2819
1351	3169
1657	2887
2529	2749
1166	4402
1656	2945
382	4178
3598	3758
1798	3830
2902	3156
1565	3244
741	2708
3169	4347
853	4659
1208	2627
231	642
1469	3948
3933	4404
2853	3822
139	900
2773	3268
45	4845
2554	2708
4128	4171
43	3478
3130	4246
2954	3169
118	2256
213	3169
688	2945
3644	4952
104	1306
908	1237
1533	2219
1469	5015
1757	4028
2108	5196
1691	4347
3410	4864
3644	4149
2275	3608
3169	4476
1656	2278
114	4543
1974	2282
904	1265
1039	1611
3630	4496
1912	5184
561	571
881	4347
499	3546
1533	3702
3072	4864
589	4097
1692	2293
2089	4319
576	1896
3358	4849
3125	4076
144	4864
2970	5188
1249	3699
43	4013
1779	4663
1626	3755
2633	2653
1565	3835
282	3169
274	3843
2146	3710
2945	3969
4104	4954
2314	3144
4407	4495
91	3644
1038	4190
3169	3977
163	1705
2273	4157
1638	1907
1377	4642
1166	3546
2130	3040
1758	4864
944	2146
1273	3015
2369	4864
674	882
3757	4275
599	3512
1131	2529
282	2827
3084	3664
1093	4289
1455	3109
3644	4107
537	2827
3673	4706
274	3598
2140	4811
154	2318
1359	2589
2285	3822
1034	4070
45	3448
1356	3444
2482	4455
1435	5238
543	3169
111	726
2314	2827
4439	4803
516	2021
2676	3644
1036	4225
1455	3215
1526	4295
976	4295
2574	3679
881	1455
984	4981
762	4250
371	3483
1312	3644
113	674
2416	3769
1802	4171
2612	2849
600	4243
1878	2249
3109	4511
3169	4540
1694	3644
2519	3454
3644	4954
3261	5069
2305	3996
2223	5219
3119	5069
3739	4663
1561	2970
1016	2923
2130	4254
3028	3169
581	4952
1455	1912
1974	4663
326	403
153	882
1918	2500
659	1609
1757	4174
4109	4141
2087	3169
1469	2827
601	2887
2927	4803
3548	4400
1455	5176
2653	3856
1293	4965
3644	4995
2540	2970
2091	5116
1141	3937
1354	2673
3156	3169
576	3793
1425	2765
839	5069
2258	3169
921	5127
2965	3845
1910	4507
1415	2091
908	2890
1600	1884
1112	4311
3644	4318
1127	3822
1086	1830
43	1803
274	1059
3008	4879
2673	5051
154	5209
1021	3548
1455	2673
3315	3644
1602	3882
2735	3644
982	4026
3896	4127
3933	4124
2025	2273
2275	3310
333	3531
2529	2866
2051	2749
3052	3169
352	3169
720	4868
274	4247
3580	4853
2653	3078
1244	4048
997	4747
2087	5232
1535	3699
3144	5209
1440	4685
881	4042
884	923
4639	4899
2358	3289
2847	3549
1141	4727
2089	2623
1312	3707
43	2756
75	2289
741	4371
1016	2817
3069	3111
1237	2716
3055	4178
1462	3169
2900	3169
618	3257
461	884
1691	3478
1561	4864
1460	3169
2183	4964
2258	4926
697	3169
997	1312
2154	4244
564	711
2352	3598
1047	4063
2673	3896
618	2211
1739	1787
2892	4111
476	4347
2646	4856
419	2574
2081	4327
1007	4191
280	2380
1237	3240
3233	4347
1455	3975
137	3213
4210	5067
1469	3896
4148	4244
156	1183
274	4482
147	4864
3482	4347
2559	4013
434	2256
1077	1614
104	711
419	3943
227	1455
360	600
144	2653
2870	3644
2756	3509
1131	2826
1533	3644
1632	3933
1602	3019
3134	3169
711	766
726	2887
1785	2024
2632	2653
2589	3915
630	1342
3975	4864
3111	3548
2971	3907
3019	4663
1237	4075
2776	5056
118	2318
1829	4864
3169	3487
2393	3343
742	4487
1757	2219
1785	4582
4212	5036
3403	3769
2887	2916
2870	3700
516	5188
928	1469
2673	3122
537	1053
2775	3244
362	1657
2021	3916
2062	4663
2765	3664
2673	3300
537	4964
2673	3173
1413	4087
3720	4518
589	2313
1417	2258
1838	4171
274	2802
1878	2263
3344	5234
1866	4210
2318	4864
962	3644
45	751
1574	3064
4034	4141
3562	4864
1942	3785
2089	4466
37	1461
28	515
3954	4141
144	281
844	2311
932	2258
1653	2222
447	5067
1424	4428
881	4934
1133	3686
2053	4295
3177	3225
2970	3025
2098	2365
3793	4554
4124	5175
3141	4864
1565	3120
537	5203
236	1918
1237	1918
1224	3169
2549	4483
1047	1758
4400	4899
143	2673
3015	3526
2258	3973
1077	4630
291	3169
1237	2105
1237	3442
456	4072
3019	4046
1878	3160
2108	2673
1380	3169
1565	4956
3341	4015
2000	4021
1758	4552
104	990
2021	3610
1225	3160
4127	4378
403	1207
2318	2788
1473	2423
37	3948
884	3498
1250	4178
3295	5127
2091	2108
2623	3169
3109	3257
2887	5033
82	4178
1236	3169
1127	2458
1697	2951
2372	4864
1461	3635
2031	3819
3169	4439
2311	3169
1166	2870
1758	5208
1357	4378
2752	3158
659	2113
3418	4853
4178	5188
1723	2916
1683	2331
118	3420
1469	5057
2222	3627
2222	2889
2581	2756
1441	4383
368	905
48	3342
2669	3213
422	900
4864	5162
4342	4466
2159	4864
316	788
1578	1758
21	2211
1607	3598
735	4864
77	3015
583	1237
2992	5223
429	564
3834	5175
2113	5177
824	2089
1503	3822
2789	3746
346	3169
1653	5219
1036	4507
1954	4171
1529	1758
1348	1561
878	2367
3122	4613
1785	3888
4011	4718
1237	1819
1519	2482
1237	4678
1435	2892
3598	3843
607	4178
3167	4013
1237	2436
1535	3679
537	4339
3169	3489
2152	3169
1093	4663
908	3933
242	1469
943	4013
1533	1830
2357	4130
1117	3915
701	2318
143	2653
923	2435
3984	4166
975	1354
4347	5033
127	3015
735	4141
3950	4864
2961	3169
154	4104
1249	3138
1696	1758
2315	3078
543	2589
1288	1920
1469	2374
1354	2586
67	3598
1565	4594
2496	3458
1785	3321
3169	5116
1918	3478
517	3167
703	2892
3710	4970
1519	3910
3261	4864
3644	4485
3610	4011
3015	3888
104	1403
498	2273
2653	3160
1757	4063
1532	3213
1162	2240
4117	4963
587	4327
2164	2717
1206	2230
1038	2795
180	516
824	3257
2653	4028
1348	1687
1469	4950
515	1050
2553	2957
1311	3153
1237	3233
1224	3257
1356	1716
2756	5213
1274	3643
3169	3772
2381	4663
2380	3975
2147	2768
25	3411
1691	3975
137	1785
975	4547
1889	2285
1907	4342
1779	2961
1721	5184
1157	2089
2258	3409
901	2653
3546	4727
1828	2780
3156	4396
18	1455
1016	1070
2110	2558
4084	4580
838	1133
1705	1907
2660	3169
749	1237
4117	4355
773	819
2358	4444
4144	4734
102	4141
1449	3548
901	4956
419	2293
1270	2318
104	4383
2902	5251
1050	5062
2273	4130
3566	4193
434	511
4141	4663
37	3169
45	1455
3290	3487
67	3977
1566	2629
1469	2870
2886	3245
189	4582
648	2318
3753	4591
445	4911
196	1310
674	2542
1127	2358
3420	4513
37	1917
2318	3937
191	3063
1316	3802
642	4107
2730	3169
4659	4823
1483	2387
1047	2091
430	1237
3020	4148
2772	3169
1656	2159
2289	3478
1206	5184
939	3601
177	882
3220	3790
1434	3167
881	5069
3169	4094
1566	1675
1237	4777
1237	2311
1533	2957
4321	4490
3078	3580
1293	4935
1533	4744
1237	2574
2997	4466
601	1716
274	1276
3173	4141
140	1111
140	1561
4402	4965
174	1078
1469	3755
515	2284
2397	3644
274	2971
1342	1600
884	3169
881	1565
2292	3710
2769	5126
905	1469
1878	5076
3078	4583
276	4275
934	4466
1111	1469
458	1758
2756	3906
1111	4864
498	1435
1405	2749
2588	3906
1034	2240
515	4178
1469	2574
2314	5203
583	3882
2886	2967
881	3169
1206	3835
3169	3357
4484	4952
4141	4158
4275	4752
3169	4863
2746	2749
2418	2749
43	1440
1995	5196
105	2808
916	2222
1469	3122
2244	4950
1413	1469
1349	2632
424	4131
1687	3888
649	5133
268	1574
2580	3169
881	3739
3686	4243
1265	2801
1632	2578
3019	3169
1565	2700
1587	2775
816	1206
583	5062
3169	3466
1757	5184
1059	1549
2540	3331
1907	2971
2258	3975
1272	2673
1455	3995
3504	4119
303	4438
4052	4178
2048	2477
1942	3169
746	4666
2042	3169
77	3952
537	1077
3605	4286
2623	3286
2887	3694
1705	2525
1310	4347
2293	3358
729	5008
3	2735
1533	2154
1348	1756
2698	4579
3045	4864
1231	2957
1756	3169
2370	3396
946	2087
1653	4178
495	4663
1195	1237
2183	2850
1721	3410
1224	2850
491	2318
944	5008
4630	4849
1179	2673
2318	4127
274	1265
17	2559
672	4507
91	281
930	2653
2091	4111
2890	4327
1319	1535
1565	3755
3109	3169
599	2390
566	709
1133	4675
3843	4117
1038	5238
3644	4750
1656	1696
2292	2458
939	3691
339	3843
4178	4879
3169	5213
1938	3169
4963	5195
3410	4275
3975	5015
2024	2357
1632	2435
1127	3123
583	1561
1587	2499
803	5008
939	4496
247	3643
136	2410
976	3834
1183	3144
1696	1977
1785	3757
3276	4178
4171	4253
3019	4174
2338	5219
1206	4967
3213	5241
419	1638
154	1469
3040	4739
2358	3529
1561	2653
4343	4864
2311	4868
1918	4734
803	2318
2293	5164
1566	3169
3245	4379
1758	2949
3765	3797
3896	4864
277	4706
1758	3078
2673	2776
3464	4342
803	4116
495	561
928	3643
1974	3331
315	1758
839	2549
1293	2079
2109	3038
1417	2633
1455	2546
3464	3483
91	2529
1390	3790
749	3566
566	4026
2500	4954
2554	3644
2887	4130
3233	3343
1533	2887
281	3169
491	3169
854	1656
1237	4752
1568	2653
3169	4472
156	4192
4663	4970
717	1435
276	2653
507	3220
729	3822
2574	4275
631	1736
3915	4024
3331	4244
1293	3169
1856	3377
1455	4902
277	4383
3169	4244
719	839
2424	3906
127	3343
2183	4734
3	175
905	2318
1850	3702
4152	4864
943	3403
1758	3973
2527	4178
962	3475
626	3025
3290	3843
1522	2997
1062	4178
495	1133
1736	2281
1127	5176
1206	2578
246	2318
516	4254
3169	3819
1697	2154
962	1533
1884	3720
316	1658
1206	1351
3352	4864
2653	3410
2708	4347
1696	3966
1519	3691
270	2285
240	3167
231	5242
1206	3896
944	2554
974	4336
270	2380
368	4580
335	1907
2694	3627
1469	3343
3810	4952
2258	3755
3240	5067
1435	3973
1251	3169
2064	4879
1830	3623
592	2887
196	847
857	5062
3975	4171
923	3343
2213	3454
717	1362
352	939
2653	3280
1533	2914
111	4864
227	881
618	4141
2258	2971
3454	5177
4950	5223
172	4952
1718	5043
1440	2465
127	1237
1127	3928
1131	4952
1469	2076
1196	1752
2756	3531
3169	3664
803	1224
3503	4383
254	1396
962	3012
1632	2903
1101	1611
816	2183
2087	4700
1755	2589
1371	2719
589	3169
1007	3868
2318	4891
3753	4967
1533	4327
2358	2382
2653	3022
3169	3887
1206	4485
75	3643
225	3975
2749	4317
2293	4591
1198	1213
539	3993
642	1007
3169	3720
3475	3753
2526	4024
1907	4097
2449	3436
1723	3020
847	3343
1469	3031
1038	1270
1519	3948
1758	5008
154	3635
1657	4428
1532	1773
923	1632
1576	5188
4899	5252
18	3410
29	2211
2263	2801
2558	4178
2183	4967
213	274
419	1533
2241	4864
4144	5241
287	547
1153	4379
174	1237
4663	4902
2273	3872
2318	3933
1532	4820
2452	3169
2756	3288
2393	3882
1907	3072
1417	1565
2087	3962
346	4347
1237	3975
1224	1311
1293	1627
717	3167
2673	2889
4369	5076
2889	5036
1469	4861
1304	4970
3454	3962
1819	3769
1483	3472
3644	4072
2587	3310
2258	4171
1358	1532
1435	5196
2653	2700
699	1656
2749	4480
2263	2612
2418	4141
171	2183
4738	5015
102	510
3654	5076
3598	4727
281	2765
717	1396
1528	2318
114	3298
25	5241
4507	4630
315	4864
2980	3169
4178	4579
3635	4371
1910	4321
2749	2928
675	2632
1574	2768
489	3458
3753	3781
2578	3822
1348	3546
335	4466
3367	3654
1879	3169
299	3720
2279	3643
1785	3772
2199	4864
2219	2673
111	4970
1038	5132
642	2749
114	2632
857	4320
1157	3549
68	1429
1748	1944
156	4026
665	4408
353	1130
946	3609
2801	4097
1237	4493
3169	5062
4720	4864
3755	5184
3100	5129
597	2039
651	1356
3700	3720
2240	4807
773	1225
651	1970
1127	2361
1918	3753
978	5223
3769	4046
3169	4856
1237	3293
4311	4893
4093	4295
4347	5046
566	720
3233	4106
281	1186
653	997
597	3627
4864	4967
1469	1697
3169	3429
2749	3835
276	2749
928	2318
975	3781
2887	3739
2143	4347
2653	4097
3207	3937
2291	4671
939	948
1440	3498
2258	3307
171	3644
1694	4271
1692	1995
77	3169
1189	1697
3019	5116
2653	3097
4024	4954
975	2559
2091	2365
29	4400
2031	3546
630	3608
2492	2750
1574	3907
2550	3548
1455	3411
3598	4914
2775	3522
600	962
2780	4963
2113	4727
2279	2805
1718	4493
277	1295
3177	3257
1455	3289
1310	1632
1529	4864
626	1473
1198	2653
4104	5203
882	4479
3679	4884
1565	3574
1127	4347
4191	4407
1183	3478
2031	5177
21	3078
2673	3856
675	4371
4115	4777
1455	4447
270	3548
2211	4447
277	3184
1716	3167
1587	4864
1457	4272
2358	3141
1300	4864
2263	4097
254	844
1310	1342
283	3679
2529	2737
1237	4974
4141	4447
1369	3566
132	3257
3169	4543
274	1365
2547	3078
3065	4111
1440	4097
1757	3856
281	1237
1206	3045
935	3167
3644	5015
270	815
1656	2303
236	1848
635	3529
803	3169
115	3482
1473	1718
1390	2318
564	2211
1362	4111
2318	3607
1131	3755
456	884
172	4210
2135	4598
1995	4347
1449	2542
962	3969
3169	3207
1656	2927
878	3910
592	1127
1237	1557
3436	5012
2633	2925
236	881
1862	2630
118	2211
147	4141
2630	2929
767	4495
3343	3664
499	4511
4141	4967
2258	2418
1365	5076
1458	1565
564	5140
916	3718
2788	4864
1133	5000
587	1237
806	3872
901	3454
1047	1723
3610	4226
2224	3710
3773	4555
2890	3778
1561	4727
2147	4070
1918	3078
3169	3503
4094	4594
4015	4379
2087	4613
716	975
361	3169
1696	2888
333	1918
1356	3973
2612	4097
316	806
1107	2219
118	1748
274	5219
1224	2957
706	2147
2808	3888
274	3156
1082	3169
329	2211
3100	4963
332	2051
2749	2901
900	2566
859	2589
48	2292
1038	1974
699	2275
1912	4178
943	2273
104	1756
889	3097
104	5184
3644	4378
1533	4144
172	2956
3710	4675
3169	5221
2804	3700
2509	3169
659	1561
2087	3028
921	5160
746	1612
434	2902
1107	1533
1141	3120
2135	2578
1918	2358
28	1127
3207	4543
2211	4013
2219	4171
3261	3370
2211	4970
2278	4864
3169	4490
2889	4054
114	4651
1038	1309
1295	3261
1611	4479
3822	4171
26	4511
897	5102
1632	1918
2285	2853
717	2630
853	4911
1696	4141
839	2646
718	2147
806	3111
2526	3144
2258	4447
2549	5202
417	1348
368	2039
37	5015
905	2887
3169	3667
75	766
681	3753
1305	4964
1758	3120
711	4706
3907	4552
3775	4230
1600	2183
1726	4428
2916	4244
3635	5223
274	2352
1469	4402
2853	4428
1974	4212
600	982
1752	3753
114	659
2039	3411
2578	4678
3070	3620
601	1435
3169	5200
4439	4805
3111	3810
946	2244
2419	4228
163	1587
495	1295
2703	4963
4347	5198
2357	2479
709	2901
1534	5190
1293	4543
2091	4148
1424	3834
2673	3988
2749	2949
709	2665
2653	4646
923	3933
1561	1720
756	3169
727	4141
4087	4807
147	1206
3822	4225
1461	1565
1457	4089
948	3240
1111	4727
2397	3548
1758	2971
2311	3835
2653	2954
29	4734
2183	4511
91	3257
997	3331
2633	3038
1055	4586
1656	4886
618	5026
1208	2612
2219	2258
456	4053
2318	2623
1694	2850
583	2113
1237	4320
1609	2970
1878	4251
37	1224
2230	3874
1565	3160
1273	3698
1208	3420
1657	2147
2702	4879
422	664
1561	1758
1237	4954
1980	3160
18	1047
3078	3834
1469	2314
2279	4547
227	277
44	5033
1455	4700
1469	3562
2526	2887
651	3973
3718	4566
118	1469
649	2927
900	2436
1133	1755
706	1574
717	3781
1942	4921
4044	4141
1970	2477
246	4383
882	2352
2870	4044
3008	4805
2324	2749
1763	4275
302	1157
2145	2258
2091	3663
2749	2797
1364	4400
2961	3630
144	4797
2091	3673
3169	5012
601	1602
1237	3790
2211	3409
3548	3625
820	1469
3169	4174
2847	4104
1039	1208
273	4178
4141	4306
1469	4846
978	2578
2284	3391
2211	2971
1656	2364
1295	4727
2361	4178
458	1458
2084	2102
3169	3384
3624	4171
3793	4483
1237	2526
1469	4491
1279	4400
2971	4275
4690	5102
3025	3762
2267	2587
1995	2318
962	2623
1039	4921
901	4439
1270	2436
1237	4776
2853	3167
1921	3570
3962	4962
2240	2465
2917	4104
434	2612
3177	4663
1907	4701
244	2240
3169	3594
2826	3552
2051	4402
3167	4311
537	4954
277	3999
2554	3169
1535	3160
788	1736
2393	2653
2632	4225
1036	2808
3574	4111
1206	3012
537	4849
1086	1533
360	371
456	4240
4272	4864
1878	3906
2039	3643
1208	4826
3933	4954
264	1274
213	847
1549	3221
1133	4141
1758	4956
601	3167
4295	5000
1029	3169
882	4600
102	2091
91	391
982	2574
37	2827
2147	3317
1574	2211
1052	2804
2850	4954
864	3015
368	3244
1131	1133
1985	3560
4171	4879
939	4952
274	1093
1694	3478
3550	5069
881	3126
2589	4210
934	4869
3420	4250
521	2956
943	2887
4104	4964
2147	3064
445	2660
1274	1435
3551	4971
2566	4767
2249	4122
149	4141
2285	3973
1650	2263
2211	3757
3169	3798
2727	2892
1715	3548
2361	4087
2358	4868
1786	4734
1657	4483
196	3664
77	219
274	1748
1038	4046
3418	4107
1342	4671
3975	4849
2829	3411
104	1206
2869	3091
4864	5202
1469	4964
2519	3177
247	4171
1574	2147
104	4243
630	4675
1237	2871
156	906
1284	3031
2076	4466
3032	3169
630	3781
299	3449
2870	3286
4100	5175
3590	4864
3973	4311
3367	3982
316	2773
943	4513
2756	4166
599	4013
1668	4383
1329	4718
1025	2258
4244	4706
371	853
635	4141
1705	2521
277	1503
2769	5242
2526	3020
1859	2087
1240	2509
1224	2827
1086	3529
2812	2886
225	2827
1173	3995
962	1830
2091	4158
2258	4552
2258	3078
3598	4378
1574	2258
276	2258
3635	4116
2130	5234
2091	3856
4178	4591
1574	4869
243	3598
233	3170
901	2047
1473	4104
2700	4591
3169	3343
2526	4189
3017	4315
1319	2801
3167	5070
1375	3644
583	2031
1212	3169
1237	3464
1224	4738
2005	2662
41	4864
881	5046
1399	3361
1458	2559
3802	4439
806	3069
154	1183
1824	2727
1571	2198
806	1627
636	1574
2708	3317
77	4739
908	1612
2356	4803
515	2361
137	3888
2263	3627
1856	3197
434	589
3160	3169
576	987
3937	4476
1007	1081
43	2091
3213	5033
346	1237
822	1025
1127	3005
3548	4905
824	1736
946	3707
2358	4552
485	1571
946	962
2183	4124
1038	1127
3664	4244
495	5063
2380	4799
197	5133
277	2956
175	1469
2275	3566
2632	3993
1293	2676
1166	2031
156	1295
156	1349
1421	3924
4369	4921
1016	4853
1757	3045
597	2258
1565	2047
2358	3072
2529	4024
1685	4428
1748	2669
3169	3627
346	1694
274	3699
1053	5223
2653	2971
943	1736
1848	4934
2273	2293
1351	2258
149	4864
4104	4275
2862	2992
3888	4875
2363	3213
3478	4846
4178	4937
1133	3169
803	3478
4767	4852
1295	2452
1237	2257
1469	3478
2653	3487
1034	2087
2432	4864
329	3169
876	3944
191	838
1736	4864
3598	4122
2646	4327
2717	3286
1358	3213
2211	3306
1522	2387
1718	3720
1034	3570
946	3566
28	1133
3856	4963
1830	3529
599	3834
697	2318
3160	3952
2653	4071
3686	4193
1611	2231
115	2240
196	589
2574	4116
104	1469
690	3478
1609	2393
959	4615
2240	3548
1694	2827
3443	4178
3045	3169
2887	4013
149	2920
697	2306
4347	5145
1237	4530
2471	4921
25	4019
788	4879
2702	5234
2559	4853
180	2529
3644	3755
2916	3762
4493	4540
1892	4178
2369	3225
3020	4141
2318	3609
249	2004
2147	3997
3169	5016
1892	4294
2065	3644
1421	3524
271	4171
1127	4856
2749	3128
2862	2917
3169	3757
18	881
48	2279
1295	5116
1127	2183
67	4122
2589	5241
2887	4402
67	3843
2039	2318
1632	1694
4678	5223
2232	2749
1192	2452
2673	4178
3289	3478
274	4317
1038	5184
1225	3718
1031	3710
1532	3169
1066	1133
2202	3169
1479	2109
2500	5184
1129	2817
4139	5056
2420	5033
114	3928
2887	4580
2609	2887
3856	4706
213	2902
1127	3058
1421	3411
1295	3169
3458	4671
1531	1907
599	3136
2482	2956
1127	3078
908	4437
3822	4719
3644	5113
2285	3549
1133	2768
2416	4046
2850	3141
5078	5209
2282	3286
1907	3169
28	1697
1020	2039
3008	3548
705	2646
1697	4240
363	1057
1458	2632
105	1213
1532	4567
4104	5209
225	803
3169	3598
2318	4106
3078	3863
3975	4104
3120	4347
856	4275
3906	5049
978	1469
1021	3570
705	5208
3417	3969
1988	2970
2285	5170
990	3257
1348	2970
3755	4104
3454	4094
3686	4938
329	3367
1007	3431
339	434
41	2211
1237	1533
368	3562
782	4428
1274	2822
730	2789
618	2653
3501	4483
3345	4466
2064	2147
1399	2461
2504	4178
1680	4005
2525	4210
587	4727
908	4071
1454	4026
3153	4849
3791	4130
447	1827
1183	5078
3286	3753
954	3823
1020	1772
2481	3562
104	2574
17	3609
589	5112
240	3078
2258	3120
962	4767
1396	4087
3169	3609
3834	4244
1237	2314
2211	3663
1127	3578
2432	2983
1319	4482
2961	4600
2315	2847
1435	1469
2763	4921
3643	3975
2749	2927
1131	3987
766	3663
1237	2776
3170	4663
2056	4383
2356	2653
630	1237
4666	4719
815	2756
45	2847
2289	3562
2091	3458
1133	2479
77	2612
166	2213
3169	3336
1692	2673
2039	3169
274	2801
600	3169
196	2765
1249	2164
741	4972
1103	3169
3306	5188
2183	3358
2630	4803
456	1359
3548	4642
2945	3203
1469	1723
2992	5126
2827	5203
2862	3141
2630	2727
3409	4141
1043	1279
446	1705
1757	2418
3263	4663
2749	3487
2714	4530
1656	4604
1519	4963
1375	1995
231	5238
1047	4141
767	4554
2727	3449
111	236
2365	3169
2929	3167
491	3739
2261	4178
4852	4952
881	1219
231	930
4864	5211
2526	4382
2256	3481
2574	3012
2717	3158
2903	3762
3169	4337
77	3843
2887	2970
4016	4141
540	2230
2992	3109
2574	4347
581	1270
943	1237
255	2213
172	581
105	3454
1612	1748
1078	2773
1077	1469
3169	4613
3138	3654
1571	3169
1249	5067
2916	3169
26	4347
2850	3819
1025	5056
1574	4600
1656	4383
225	1632
2653	3045
1226	3420
5049	5076
461	4689
3343	4408
997	4974
3261	5188
1602	4727
975	5175
456	5095
2991	3757
2961	5113
2065	4950
191	3973
1215	1565
2244	5102
137	1455
581	1349
154	2289
1157	3822
2849	5129
2817	3889
3643	4879
2700	3169
4013	4116
2416	3550
3196	4400
221	2966
1237	2930
994	2749
403	4253
2529	4315
2609	3753
3601	3778
1342	1850
2862	4738
2581	4663
77	2516
2211	4141
2211	3058
788	923
4511	4934
154	4954
652	3753
537	4630
517	4271
4295	4964
303	4094
1785	3548
258	1237
1274	4864
2548	3169
1735	3810
363	881
137	1198
1224	4104
635	1206
1396	4178
740	4275
51	1907
3654	4379
2031	2393
589	2801
303	2519
2101	2306
1087	3169
4124	4456
437	3169
584	4157
872	3167
2756	4476
2418	2653
1723	4013
3562	4856
104	3694
1469	2526
1013	1779
816	1354
1047	1656
1907	3562
921	1087
25	446
2609	3008
2540	3644
703	1565
91	1461
4864	5037
3464	3790
4275	4447
3169	3702
1758	2927
1469	3515
1658	3069
1520	5062
68	3475
1574	2064
2091	2465
2263	5251
3257	3753
1342	4075
2258	3835
2499	4718
1918	2183
1638	4347
3109	3141
1381	3667
458	1342
417	1614
4439	4864
2588	4387
147	2653
1127	2769
741	962
2849	2994
3530	4141
1319	2263
2956	4243
820	2756
2479	3257
720	2361
517	1694
3110	4650
711	1758
3169	3213
3478	4124
231	1293
1715	4484
788	948
3141	5015
3478	4347
521	672
1726	2318
3343	4178
3167	3295
1918	5208
922	2559
114	566
597	1206
1568	2749
600	2482
1609	2318
2255	3169
287	1050
592	2211
1757	3835
816	3509
882	3116
29	3834
2967	3856
1310	2850
3160	3627
1735	4026
468	1798
77	2590
1039	1273
1032	1348
537	2676
3643	5242
1735	4952
853	1299
600	2526
115	803
3167	5201
2653	4144
231	1127
3691	4952
191	2845
2570	4315
2749	3798
2258	4089
2887	3170
333	2708
1988	5129
2609	3134
2917	2992
1237	4484
1237	2074
3785	4663
1077	4072
1707	4864
2768	3442
1237	3403
3896	4408
1335	4864
1721	2629
277	2673
1265	4579
3570	4663
1988	3630
446	1469
905	2870
881	4240
332	3745
946	948
1531	4802
990	1469
352	4952
2436	3169
75	2737
1942	1995
91	191
812	1758
1224	3141
1031	1602
2749	2971
1270	2109
3257	3358
1183	2024
2653	3012
115	1133
2358	3531
3933	3975
564	5188
2589	5102
3257	3286
2917	3686
1117	3289
1133	3047
1469	3720
3078	4963
456	2937
91	2436
2735	4144
3286	4483
1920	1921
114	1889
1047	1435
3810	4210
1025	2997
1469	4891
2091	3498
315	982
515	4604
975	3498
104	2714
1356	1435
1772	3509
741	2051
2708	4379
2363	3169
778	3667
695	4834
1208	3772
1429	1692
2211	3856
1723	3134
1107	1520
3478	5196
1440	5232
1913	4675
973	4451
3169	5241
291	1237
1757	3487
1673	2673
1829	4275
695	3169
939	3823
1578	4518
962	1237
1141	1311
2482	4787
1450	5234
1198	3888
498	1995
626	2954
276	2211
1471	1565
1025	3888
659	4727
3169	4295
276	2091
1237	2673
2382	3078
717	5238
1736	1757
1565	3245
315	1194
1358	3169
1529	2961
244	1574
1237	1995
2749	2812
1440	2091
516	1574
2492	5160
114	5063
1237	5208
762	3627
2256	3627
362	1016
25	2105
2623	2765
1632	4484
277	3177
3286	3700
4347	5026
635	2653
636	4076
1697	3078
2382	2578
537	2289
44	67
1723	3503
5076	5112
1237	2589
3177	3791
134	859
695	3019
1533	3773
1021	4088
4347	4402
4086	4187
1043	4116
1932	4905
2630	3498
3745	4543
1545	2967
1721	4803
3141	4734
446	1907
1016	2887
1469	4404
1565	3122
2849	2902
1449	2653
948	4496
3109	3975
838	2244
1270	4952
276	2529
2700	2945
291	2213
3169	4954
3598	3700
3993	4540
1356	1692
225	5015
859	2213
4026	4864
782	2797
385	1237
434	1615
191	3203
2381	4130
1469	4849
957	4178
1356	3295
2105	2632
2037	3643
2886	3643
3755	3975
1705	4962
18	2887
944	4658
1615	3594
2039	2887
2293	3169
901	1829
2923	4540
1086	3167
3143	4543
2048	3630
910	4148
882	3772
2653	4567
417	1166
2258	4967
2211	4171
515	4347
901	2418
581	1627
1989	3161
115	4104
934	4981
869	1455
1746	4666
2801	3699
4143	4178
2244	3644
1721	4864
371	2624
3038	4852
3503	4663
1929	4210
928	3762
1276	3984
2358	3755
1907	3448
1309	5131
1179	3068
2393	3907
730	1798
1053	2887
2957	3635
127	180
3643	5010
2039	2417
276	1574
1293	3969
2105	2749
2983	3745
291	1469
2458	3969
1112	3822
635	1907
2665	4875
1133	2064
1070	2750
2249	4921
901	3821
1566	3088
271	928
975	2417
2902	3906
2258	4956
1561	3220
3109	5015
419	4990
978	4116
3169	4536
3078	4149
1758	3122
91	2244
1369	2481
273	3411
3821	5188
1249	3012
517	1127
2318	3357
4995	5147
1206	3856
2242	3345
1047	4275
1469	3975
1179	3169
939	5067
456	1440
881	2091
3420	4773
2749	3161
1440	4106
4275	4306
1135	1237
1565	1696
2263	3481
1370	1615
352	4496
1186	2633
2065	5115
1878	3627
1206	3745
1519	4127
2732	4658
562	4178
67	3487
2653	2901
127	2393
128	1878
299	2587
1104	2458
1533	2273
2087	5184
4054	4089
766	2788
3475	4171
1803	4809
659	5177
2917	4706
149	2211
3644	4315
1237	2773
136	1798
229	3454
2285	4311
2211	5116
1036	1127
3464	4899
1735	4484
819	2416
2653	3210
1819	3566
1455	4285
1273	2222
1574	4327
1565	2973
220	4275
1224	3933
1305	4934
1922	2091
332	1614
1519	4803
3915	4511
2623	2870
2559	2589
105	4663
820	2318
3436	3850
1236	3965
118	1254
3047	3458
91	990
3078	3808
387	1025
589	3627
1682	3289
270	5116
147	1668
2537	4745
636	3169
705	3169
4070	4480
2519	3762
3289	3762
3055	3169
4362	4363
2358	3863
2801	4317
1757	3100
3549	4971
2273	3289
2887	4493
2749	3072
3502	3755
2416	4402
1772	3454
2665	4809
746	3169
3552	3635
2318	3896
2183	2970
2091	4685
231	3025
1319	3977
1070	4428
1721	4275
1247	2736
581	3810
1696	2991
1149	2547
1765	4347
4171	4439
1758	4152
333	2160
60	3169
1021	4275
225	2318
2735	5223
969	4511
37	1632
612	1892
3141	4104
3167	5242
1723	4483
4178	4293
1171	3664
1602	2318
3257	3987
229	4963
3643	3720
91	2065
709	5130
859	2462
1295	1697
537	3169
2633	3988
1300	4921
2318	3215
2653	3483
3710	4157
154	517
1694	5015
2564	2971
1088	1237
2381	2529
1743	3169
1656	2079
1274	3478
2407	3702
2496	3169
154	537
1656	2570
1133	1574
282	507
2653	3988
2076	4347
2417	4148
2653	3798
434	3627
163	1021
154	4124
2496	4482
447	939
438	1696
1038	4347
1565	2479
1758	4317
127	3664
982	4483
143	4141
3245	4864
1047	2749
2827	4954
605	2318
1803	3331
1374	4663
3627	5076
1786	2278
2817	4853
3169	3190
777	3116
1535	2612
149	1565
1758	3487
857	4752
4148	4513
1131	4950
2241	4109
67	4371
1127	4650
2665	4566
1779	2808
3694	5175
3449	3762
872	3295
1953	3169
1985	2318
1533	2526
4124	4347
1007	1736
1565	4275
3169	3403
2465	2653
191	3969
583	659
909	2315
1087	3753
2749	3498
2258	3289
537	1963
1038	1206
3570	3758
2653	3055
1878	2612
18	1381
2432	4178
2526	4689
753	2211
2314	2435
2633	2717
3559	3988
2824	4963
2358	4934
2903	2929
1743	1773
2258	2356
4615	5069
277	1104
191	3078
3548	3762
3710	5094
2087	3045
1219	2749
2051	4965
114	729
1316	4962
1668	4752
948	1270
1750	3753
1104	2673
1356	4971
623	3345
1369	1523
335	3213
1723	1907
3644	3933
516	1483
1495	2416
3019	5213
653	3618
4166	5202
4100	4275
1735	5067
561	2318
1889	3002
2746	4141
1859	3454
699	2887
3644	4068
1469	5198
2537	3020
1627	4952
2222	4178
706	2240
17	934
3235	4864
1133	3423
17	4518
2750	4767
2957	4024
889	4606
465	1133
1354	1781
2258	4028
695	2240
461	3834
1237	3245
2633	3396
191	2549
2653	3454
2749	3447
2554	3310
2211	3410
1206	3345
1758	3126
601	4853
114	4505
2490	3483
4321	4507
2894	3753
1261	1758
43	2673
2420	3821
231	4141
115	2529
1265	2612
37	3552
659	1687
2211	4921
1907	3196
1696	3402
163	2869
4851	5069
1319	3952
4275	4343
1111	1686
2074	3120
2356	2358
957	4428
1029	1696
4141	5116
946	2311
110	1944
857	2109
495	3377
1697	2673
719	4827
794	2749
2416	5223
233	4178
601	5238
3167	4819
3625	4178
333	4178
1868	4379
2817	3396
25	726
2130	3169
270	2957
2574	5188
2232	2653
2315	4954
3907	5124
1356	3167
1082	4275
1237	2377
665	1043
1533	4128
2589	4400
196	2623
1779	2887
2031	2970
2474	4383
1696	4864
3244	4864
779	2673
3084	3700
43	2992
928	3445
2407	2623
2797	3268
1723	2452
2039	2314
132	3915
2887	4613
3643	4738
788	4899
3275	5013
819	4518
1059	2263
171	2315
703	2870
461	3498
1312	4834
1757	5202
3167	3635
104	255
729	4171
3285	3762
2278	3828
1985	2211
812	3548
946	4378
1675	1988
1469	2708
1117	1682
916	4938
580	2211
2091	4097
45	1055
2152	4347
2630	2822
2887	3720
594	3169
115	3933
1469	3609
2110	4864
2289	3933
3275	3888
1942	2653
3492	4591
3143	3207
1749	2653
2318	4419
144	2783
236	838
946	3643
75	599
1545	1758
716	2039
3694	4347
3753	5241
1697	3449
3267	3509
1469	4315
581	4171
703	4744
584	897
391	962
709	3555
3694	5008
3813	4275
4275	4905
1656	3357
900	1720
281	4378
3288	3679
102	4178
2653	3447
254	587
280	5000
1104	3069
3609	3993
2971	3401
1519	2827
2892	4347
1565	3100
1359	2529
3781	4106
104	4127
4899	5188
2957	4084
48	2380
1237	4171
3644	4404
2653	3835
1455	2183
163	3710
244	2902
1545	1565
1469	3169
869	5056
635	2211
1570	2892
1274	4111
1469	2916
1274	4275
2711	4363
118	2765
2542	3548
3578	4561
25	5188
1183	4630
1462	4321
3358	3819
2047	4864
1495	3309
144	4956
1082	1868
3498	4956
1206	4678
1047	4111
403	2490
839	4483
91	3038
1469	2847
2623	3988
277	3891
853	2970
1206	4013
1750	4447
878	1359
2956	4536
3973	4971
1469	3993
589	1059
2358	2826
1765	2183
143	1348
1206	2949
1469	4016
219	2653
541	601
1053	4141
1889	3822
3403	3409
1302	4952
1758	3153
4347	4819
191	3644
2109	3562
1348	4402
803	3975
2938	3436
2870	5133
139	191
2923	4967
2183	3109
28	495
672	4171
703	2749
2612	2902
1495	5094
4347	4678
1907	2105
1907	2574
2420	4480
2817	3512
1111	3882
3028	4306
866	1435
274	1319
77	1299
4954	5015
81	1351
1127	4466
3498	4107
1073	1469
1249	2766
3823	4690
1494	4068
1483	4289
3207	3720
882	4566
1237	1879
3236	4104
651	2380
3030	5016
1469	3491
2853	3295
1533	2519
1878	3138
2749	3357
3762	4868
111	901
1455	3375
2135	2771
498	2318
2113	2765
1726	2393
793	1208
2365	3598
2258	2630
1758	2465
1884	1918
623	4141
1274	1362
3644	4950
4070	4141
2159	3169
2024	5133
1531	3286
1907	5163
1785	5013
2718	5175
1455	2037
2673	3240
2550	2957
820	4178
1284	2087
2749	5163
537	3144
3409	3483
326	1853
1208	2669
1295	1479
2047	2653
3143	3169
1013	3169
1932	2089
2338	4963
4097	4141
3078	5188
2314	4347
2231	4408
2065	4378
2756	3019
3887	4327
3882	5177
1682	3436
2735	4278
1632	4124
1206	4244
2887	3566
4178	4870
77	4117
2886	3141
1918	3141
434	5219
4178	4776
495	4054
277	4063
939	4484
1907	3068
3570	4347
1694	4116
1565	4244
3097	4606
561	1093
114	5116
943	1531
2143	4864
163	2499
2164	4856
1469	2676
935	5170
335	1457
2338	3169
2211	4028
1716	3549
127	3720
705	2407
1309	4533
2973	4383
104	3454
4239	5234
599	2326
3177	3643
1656	4071
175	2318
2387	3331
581	4210
823	2653
1714	4981
2646	5069
1682	4511
1179	1523
3843	4122
561	1237
717	2892
2091	4028
1342	3519
105	1974
274	2222
566	1756
3025	5133
1773	4922
916	4868
450	2309
3644	3975
4600	5113
592	2258
930	2318
280	5144
2673	3487
2700	2749
1206	4547
2887	4208
2318	4666
2089	4642
1658	2890
1087	4383
1249	4659
2644	3169
3261	4163
3524	3915
114	3167
2804	3442
2393	3700
601	4971
48	2458
1736	4294
3576	4193
339	1878
2890	4803
4171	5188
2653	4905
1189	3169
1574	3317
3834	4075
1824	2211
631	1026
2866	4864
1461	1970
287	2089
291	4971
2256	2612
1237	4666
1758	5184
489	1696
195	3169
4371	5062
2653	4177
1533	3158
2496	3598
1164	3110
1425	1532
2887	3654
273	1798
2749	4849
277	3025
114	1127
1757	2479
3038	4295
1974	4864
3109	4963
1322	4171
2109	4952
1313	1348
2393	4864
1348	2708
881	1119
247	788
773	2527
878	4075
213	3627
1918	3755
1716	3973
487	569
1162	1479
1455	1824
1455	3720
1723	3915
2991	3673
601	3822
2315	3109
507	2356
854	2749
191	716
1473	1896
3549	4853
576	5057
1237	4671
247	4734
3997	4864
2147	5232
191	333
3078	4864
3737	4864
277	3170
2147	3943
906	1692
2827	3169
955	3169
626	1358
276	1907
2147	4869
276	4663
3022	3360
1938	4141
3093	4718
2223	3627
1561	1602
1127	2065
1129	3630
2275	3478
1421	3654
3286	4738
566	1723
2600	4864
2735	2887
1151	3458
1519	2311
3402	4530
2258	2949
3038	4347
566	2361
1653	4864
2258	4567
144	1133
1036	4490
4178	4287
651	1889
4072	4347
3029	3822
77	3487
1179	1627
3169	4596
635	4864
642	3059
45	176
2802	4552
2525	4157
1219	3802
3169	4582
3449	3773
45	2258
2578	2887
1141	4315
316	3069
2418	2673
1469	1779
583	1166
1533	5232
1356	5170
1656	1836
104	2036
944	4225
2574	4655
1782	2673
830	2110
25	166
2756	4663
3169	4655
1469	3411
2653	3170
1133	3853
3487	4552
1210	4178
946	1691
1450	3344
1319	4117
4275	4480
905	1574
2380	3822
1743	4864
2416	5188
1705	5094
172	3810
1440	4773
1656	1860
4864	4879
2261	3755
2749	3887
4582	4820
881	4658
839	3169
2717	3562
1531	4200
665	4864
2091	2956
1210	2756
718	4615
928	2529
4752	4819
2823	3570
2315	2992
711	4466
1237	4903
2632	4371
1293	2318
847	881
2315	3482
1009	1305
2031	2113
2213	3644
3025	3169
3160	5049
3644	5132
4554	5009
1087	2870
3609	3644
905	3664
3131	4491
1531	3700
1614	2183
946	4347
1878	2902
274	4921
3663	4706
523	2516
1206	1354
462	4439
2887	4111
111	4275
541	2285
2314	2887
3078	4075
4320	4752
1656	2418
1758	4117
2665	3555
566	705
2633	4655
1127	3267
67	2352
2263	5076
2143	2673
1459	4638
1889	3295
830	2358
729	3987
315	3158
819	1942
756	4141
2542	4554
823	3492
4239	4490
4077	4141
3169	4124
191	1237
2673	2949
1353	1878
3358	4954
3005	3822
171	1469
1772	4275
3786	4127
1454	3454
720	4026
2256	4250
1892	4191
1429	4591
3109	4734
2653	2945
3358	4963
1127	3210
1133	4856
1656	3078
1237	3924
597	1758
672	4178
91	1884
1179	1349
2418	3644
2991	5241
635	1757
244	3627
727	4166
2870	4347
1025	4383
1249	2633
631	1007
3609	4116
685	2102
104	3411
1133	3559
2559	4646
67	2249
740	4864
1047	2258
1757	3141
876	2241
3169	5013
948	5095
1142	3169
74	982
1377	2892
1152	2612
1469	4107
882	3175
946	3644
1469	5145
1157	4971
531	3552
1131	3169
3300	3436
302	1390
1129	2559
4392	4540
2492	3548
2282	2432
1692	4275
299	4663
207	540
1356	2134
18	75
3169	3987
3975	4734
2091	3141
156	3498
3475	4663
368	1696
2258	2776
566	4087
515	3644
2633	4483
225	3478
456	4869
3177	4076
302	3331
26	1237
3755	4738
4124	5203
703	1469
1479	2285
1469	2630
2929	5170
137	4803
469	4171
626	2916
1302	1417
1600	2318
3819	4116
104	943
1757	2159
264	4864
329	4379
1626	4864
2318	5046
82	2827
3608	3757
1565	3560
1743	4809
1342	3700
636	2902
17	2529
1133	5164
29	1565
246	3169
2358	3498
1886	3169
1455	4661
601	1111
2850	3257
2183	3141
2318	4404
4071	4275
456	4056
1047	1756
1517	2983
3504	4254
1050	3610
177	1535
173	2673
1127	5013
2285	3169
1932	3169
1111	1166
943	2623
2773	3793
1692	3005
3065	4860
1038	4166
3548	5130
988	2633
3169	3175
3975	4846
876	3025
4586	5209
1270	1349
2526	3068
316	1237
2393	3546
139	419
339	3627
703	1705
803	3781
346	1469
2630	4347
2516	3843
1779	3503
2318	4016
3059	3644
2749	3769
2749	4117
1206	2887
665	2559
2381	3503
2465	2529
43	2397
3109	4954
866	3199
2673	4342
905	1166
571	2211
3038	3790
709	1571
994	2653
1127	2844
803	1293
1469	5046
391	2065
163	3310
1785	5232
2713	4921
3019	4130
2465	4864
3144	4124
1458	3109
1167	3167
2316	3138
2889	4254
675	2258
1614	2585
540	2801
705	4443
3751	4042
990	3402
2887	4189
3420	4921
1166	5177
91	900
225	1469
1520	4378
733	3078
1918	3109
5238	5242
1166	2970
166	2526
111	2065
4171	5252
2708	3623
231	2285
3906	4178
377	3169
803	3933
2258	4582
2653	2927
3687	4141
1469	1995
37	1469
1519	1758
2211	3210
2612	3169
1907	3643
4028	5175
908	1574
709	4275
371	2887
2763	4864
1265	2902
1007	4407
254	3025
854	1514
127	4864
104	1691
1758	3856
1013	4864
2653	2949
77	4921
635	2673
2314	4124
3993	4551
1455	4787
144	3169
946	3598
3644	4104
15	1455
2653	4678
2673	4594
3835	4803
1574	2089
1471	2749
900	2065
3496	4943
2258	4990
908	4404
1854	2773
1612	2704
1184	3751
1469	4727
134	1047
2870	4315
2222	2500
2293	2537
1565	3375
1348	2393
4054	4482
566	1396
1237	3220
1047	1206
3109	3644
537	1614
864	1785
2258	3141
2079	2827
4275	5162
2970	3952
2902	3160
3778	5234
1413	2653
3753	4751
114	738
2750	2923
2717	4295
149	4327
944	3289
2850	3755
1520	1830
3358	4658
1819	4530
3906	4466
2749	3410
1208	3487
3512	5127
1985	5009
1348	4615
651	3679
2160	4285
2087	4625
1237	3215
3245	4807
2749	3055
1157	3295
2361	5046
213	1319
127	3169
1081	1736
1237	3153
1421	4944
3755	4116
2916	3566
3851	3988
718	4938
2887	3158
1545	4864
2646	3720
1319	4645
2537	4195
819	2527
1053	5209
1405	1656
1310	3478
1133	2417
2481	3167
1133	2048
1425	3169
4141	4244
1237	3091
1723	5177
2284	3915
1135	1868
1687	3015
1656	3785
864	3321
3843	4288
104	2916
2358	2578
816	4015
1469	4738
4141	4195
1578	2258
127	517
1087	1565
1627	4480
2540	4438
1902	4856
3109	3933
1364	3608
2887	3515
1469	1970
2665	3213
4542	4663
3169	4781
1995	4518
1566	5034
1743	1785
2847	2850
1469	3702
1925	2258
118	4054
934	3984
4347	4849
1756	2240
1918	3358
2802	3843
4024	4127
2258	4272
674	2211
727	2211
82	2313
2624	5223
191	1206
274	2256
1274	4651
1077	2314
1455	4738
2850	2862
1918	4954
2494	3969
976	1127
315	3907
773	1942
886	2665
2749	4071
3109	4738
1836	2653
3077	3169
1758	4926
280	581
1574	4540
1065	4956
2789	2929
4056	4275
2550	3501
445	2147
1009	1149
3306	4148
4727	5062
3169	4379
1565	3173
2305	3515
1739	3169
3644	5008
3306	4275
589	3664
635	2091
1918	4171
1565	2418
2258	4158
1111	4084
1614	1912
3529	4378
2646	2771
1656	2653
111	4965
115	4404
2048	2559
1694	4104
3167	4971
1237	3906
1265	3843
2435	3933
2776	3169
1757	4720
2901	3169
2956	4663
649	3504
847	2113
695	3686
3169	4287
1531	2526
3667	4483
1265	3160
91	4144
2258	5008
1240	3169
118	196
4013	4513
366	1127
1055	1127
1712	3526
741	3702
4124	4849
3169	3888
2211	4214
2707	4178
882	4171
1942	3739
1830	4378
1565	3607
4371	4952
2089	3548
2087	4965
231	601
815	1574
2416	3019
225	4849
706	2906
3627	4097
1988	4402
3005	4591
910	4864
2967	4383
876	4109
1179	3810
1086	1237
2554	3167
1036	4321
1627	5132
599	4447
2273	5102
4171	4484
2862	3058
277	2159
1922	4178
766	2418
1752	2732
495	1657
4169	4275
2850	4738
2314	3975
461	1440
2827	3635
1532	3097
2258	4070
365	3261
1988	3169
1435	3163
2540	2708
434	5112
1460	2589
1295	4923
1918	2315
882	5033
271	3686
2212	4088
997	3169
2992	4849
1064	2673
515	3962
1133	2113
762	2902
943	2829
1565	2901
447	4496
2211	3967
219	4141
1406	2258
2258	3982
5037	5067
447	3240
2318	3038
1206	4166
105	2756
2537	4820
4157	4647
2240	2292
276	2087
515	2420
2240	4315
2231	4141
1157	4311
434	2801
1129	4171
3673	4734
139	4561
368	5130
291	1798
1656	3887
4383	4554
631	3466
1692	3753
1565	1942
1468	4864
196	3753
4028	4141
3509	3629
240	3158
601	3681
2079	2578
552	1723
163	4157
1602	5177
105	3169
271	2089
948	5067
1785	3015
3109	5223
1237	3475
1533	4952
3548	4805
3109	5126
4178	4811
2258	3309
853	2869
1757	1860
154	2314
231	2789
468	4853
1425	3025
1574	2039
1469	3245
720	4347
373	1237
589	758
1469	2992
1934	3212
1104	1531
597	3907
1369	3755
110	3343
2464	3169
4148	4805
618	1758
2358	3644
1369	2983
1830	3267
1830	4128
468	2410
2130	3068
4864	5175
2887	4171
618	3682
839	3261
3169	3244
3169	4044
5078	5203
3125	3169
2589	4944
2258	2700
114	1892
2749	2945
1340	2589
1273	2313
2826	5223
906	4586
1153	1868
897	3530
177	2665
274	2612
177	3977
1356	2769
1070	2817
2461	3548
2633	3134
1907	4970
711	2875
954	4690
172	1179
3015	3564
4089	4820
1942	4864
766	2102
1529	4803
2435	3773
2553	3710
1039	5147
2154	5056
91	3169
557	2233
4104	5208
1537	3028
742	4879
690	4347
2419	3169
510	4864
672	1570
935	4311
1522	4689
1293	3478
1469	2850
128	1319
2258	2718
751	3169
777	2542
2258	2479
995	4178
4875	5013
231	1356
1632	2870
820	3169
1370	1878
74	766
2420	3420
2231	3169
881	1656
3197	4293
287	3610
2653	4480
859	1995
1988	4275
1531	3988
1184	4178
878	1519
3331	4068
4026	5062
1186	3762
701	1696
1237	1718
2827	3933
4547	4764
3169	4470
2164	3643
2890	3609
4104	4738
2258	3280
741	1249
2827	4849
274	4122
3755	4734
25	2037
3515	3996
943	1697
1270	4752
741	1614
166	1469
2183	2847
539	2165
705	2612
1038	4956
2024	4861
3345	4563
191	4378
1070	1237
994	1133
2393	4727
231	489
180	3391
3169	4434
2139	4383
2293	4864
4163	4166
2609	3068
3169	4628
3169	3215
603	2211
3635	4347
1656	2901
2926	5069
860	2164
698	2275
3052	4864
1078	3268
599	1697
1879	4613
1680	3835
3158	3169
2519	4554
589	2516
1970	2318
944	3781
1025	2370
1828	3423
1050	4011
1210	5013
91	3618
43	4111
1578	2673
1469	3358
1029	2147
1057	1377
1696	3907
4460	4963
738	1435
171	4347
244	1166
4042	4178
3169	3410
1522	2135
43	3169
1494	2364
1889	3444
1406	4141
1249	3887
587	2773
3141	3755
1755	3566
2665	4479
299	2240
104	3498
3753	4849
1455	4964
2646	4171
1348	3344
908	1970
127	2407
1758	5130
741	3169
1522	3019
990	4378
1715	1735
1603	5124
191	2219
1070	1685
2521	2887
1686	2853
1369	4144
623	3888
1104	2732
2673	3141
1043	3576
445	853
1206	2465
2477	3720
3153	3562
607	766
1087	4028
3509	3643
3891	5221
3482	3644
847	1860
2183	4106
3682	5057
3169	4776
807	3887
1932	2793
2047	2258
642	1057
1974	2905
3169	3322
3091	5132
2358	4383
625	1532
2318	5241
2273	3436
516	819
190	3823
1962	2673
3822	4295
3160	5219
1656	2914
2673	3710
1458	2886
1458	2623
1632	3702
3236	3915
3169	5026
2154	4104
1716	2285
946	5223
2211	4306
391	3220
3673	4466
1265	5049
2886	4706
2318	3649
191	844
2256	5112
1364	2275
564	4458
1369	2258
231	717
445	3169
299	4239
1974	2808
1127	2219
2278	3471
1186	4171
2315	4104
3982	4864
3720	4347
247	291
4116	4954
2452	3215
3210	3549
1988	2887
43	884
274	4552
3674	4582
2509	3483
771	2211
2211	4685
3120	4378
3122	4864
1533	3623
3966	4275
1183	5203
1435	4111
630	2589
583	1111
587	1758
1129	4853
1520	2219
1013	2554
1064	1206
1224	2862
583	1348
997	1237
2064	3169
1127	3029
2481	4311
1151	1938
566	4868
1254	2240
4141	4317
1025	4141
815	1358
3843	4579
3526	5013
445	1574
1365	4122
1082	2064
2945	4864
3753	4171
2289	2435
2091	4604
5056	5232
3552	3975
1565	4028
1237	3566
287	4226
2240	3466
815	1213
2824	4970
2065	3578
521	1036
860	2275
1697	4024
2285	2380
171	1237
4738	4954
1440	2087
3769	4706
3169	4480
37	3993
485	3548
1127	2633
755	3169
2574	4378
167	3576
1963	2258
139	2065
1273	3888
1237	2735
1000	1141
3028	4070
128	4387
672	4490
1127	1469
1295	4963
1697	5056
244	751
624	3280
1878	2802
2752	4963
1087	5095
166	726
105	1519
2789	4021
921	1830
1561	2031
859	2164
659	2031
738	3078
2361	2887
705	2065
2358	4295
1273	3169
597	3896
2316	3795
4709	4970
139	5115
2358	2812
118	4347
2113	4124
719	1650
2894	4591
4177	4864
948	1237
2797	2923
1469	3177
445	2087
4479	4776
1276	1878
1656	2232
762	2211
1602	1687
5223	5232
3739	4141
2827	4347
277	4181
882	1611
962	4378
3169	3491
3987	4970
517	4124
2980	3449
2089	3644
2275	5132
881	908
1614	4402
961	3420
2109	3751
881	5130
154	3975
1565	4967
2630	3896
1462	1565
391	3038
4379	5145
417	4727
346	3933
1694	4404
1237	1390
1082	4141
1237	4318
2559	3344
2817	5127
2183	3644
25	3949
1276	2612
1127	4048
104	4967
2850	5015
271	2823
3643	4803
1574	5063
4663	5232
3109	3552
901	1455
1656	1778
4339	4554
2233	3501
2096	4178
2241	3375
1989	4339
2211	4536
196	982
1571	2258
2240	5132
3307	4275
1270	5160
498	1519
756	1723
997	2387
1627	4864
417	2031
1758	3574
422	1127
2589	3737
2407	3170
2206	3844
247	1237
2578	3762
147	4954
1219	4842
4141	5000
3169	4923
368	2630
1658	3111
3755	4706
91	1469
363	2211
2393	4402
2992	3358
4347	4734
1922	5188
1786	3109
1830	3515
17	3019
1111	1561
2263	4369
1237	2630
1632	3644
249	3698
2736	4845
346	517
564	607
651	864
3933	4347
233	975
2862	5208
196	1752
1889	2853
2240	4141
191	3566
1206	2469
2801	4178
191	946
1495	4054
1632	3257
2887	3110
1237	1413
1657	3512
1473	4347
2281	2469
699	1736
1455	2358
1705	2026
1758	4028
4244	4275
3169	3396
2735	3197
231	3973
932	1578
172	1349
2211	4458
1574	4542
3078	4533
3019	3121
3245	4347
3993	4046
2258	4013
277	819
2216	3478
3358	4734
1349	4952
258	4706
1624	2887
1533	3791
3403	4071
3078	4378
2211	4646
1627	5062
2178	3321
753	4141
1086	3267
2258	4117
1457	1532
291	4663
222	884
4122	4300
191	3315
2213	3855
154	3478
3169	3928
908	3699
458	2756
1319	2612
3025	3110
114	2646
244	2765
445	4306
2992	4347
281	4452
2211	2589
1803	2387
1141	2314
720	1179
329	1565
2183	2315
1533	2318
1697	2091
3928	4044
1989	2314
1208	1662
597	1237
3410	3834
2992	4104
2887	3710
4752	4952
3169	3309
1310	1691
3695	4178
2731	4171
67	1878
635	1127
881	3531
156	1718
3293	4285
3169	4339
1697	3493
3454	4109
1131	5241
1031	2559
934	2091
961	1226
1166	1609
2211	4770
2024	4970
3475	4591
3472	3718
2409	2991
4378	4950
1995	2065
240	872
631	3038
881	5232
944	1469
2183	4849
3549	4642
4100	4864
1682	3417
2945	3756
2410	3830
1995	4192
3109	5208
718	1779
4343	4805
287	2091
1910	4239
67	3213
1566	3410
1237	2540
2550	3028
26	3644
583	2318
3548	3549
2887	3664
233	480
2892	4378
191	3679
688	3403
816	3012
1494	1723
773	3169
2633	4491
1349	4484
1614	4965
1571	2673
3123	3169
1272	4963
1748	3213
1829	4803
1533	3331
2570	2749
1237	5115
332	4965
1653	2889
1757	1962
4663	5221
60	495
597	2140
2318	2393
934	2887
254	4868
1440	3550
1938	4275
2241	3169
946	1237
2887	5177
705	5037
491	819
1912	3988
2065	3038
651	3822
4210	4807
705	3420
1111	2393
2892	4178
1495	4944
2087	4807
659	2868
2108	2211
950	4955
1270	4864
794	2318
2062	2749
3321	5013
1457	4127
734	4178
3492	3773
1454	2704
3487	3843
277	1954
4054	4234
3834	4438
3169	3786
1237	1830
2729	4602
2692	4178
1519	2892
2887	2890
2293	4347
37	4347
2653	5000
540	2844
3158	4379
1785	3526
1082	1237
1426	4864
303	3834
335	3317
1523	4864
2612	3699
3548	3623
1638	4171
45	5176
68	3331
2519	3361
1878	5251
2261	2407
154	1694
139	3578
1989	2318
990	1918
2461	2609
2895	5160
3403	4240
17	1574
1237	4019
1353	3906
2609	3169
371	4971
1274	1429
1565	2374
978	4239
995	4174
1237	4013
4127	5188
2091	4530
292	3496
884	1087
1133	4663
1692	1723
2352	2801
1133	2382
1656	3161
1104	4428
943	5209
2313	2370
143	2211
816	1473
362	3512
2248	2284
1531	3559
976	4767
1440	3458
853	3212
537	1306
1206	5219
906	4487
2183	2862
751	1348
3134	3664
882	2601
178	1571
335	3169
716	934
2113	3546
1127	1362
2318	3478
166	1918
429	4141
2869	3169
1133	2303
1758	2219
196	4591
445	1644
1720	3644
115	1469
277	3436
921	3630
688	4970
1522	1779
177	3576
332	3022
962	3643
2714	2850
1206	2849
2630	4408
4950	5062
2750	5132
1765	3558
1757	3120
387	3169
363	722
75	4963
869	1127
2756	2991
1599	2435
2087	4869
1369	4347
1070	5127
75	4521
864	3526
277	2051
1107	2477
944	4377
25	2279
1656	2062
1587	1705
1995	2477
3213	4212
2260	3169
1533	5056
1107	1970
650	2289
357	3078
2258	2914
819	5036
934	3078
147	1274
3975	4738
1157	3973
2091	3755
3710	4727
599	2718
1758	2773
231	1435
962	4962
4178	4982
2154	3358
1348	2887
566	4178
2673	4063
3169	4137
191	3529
537	1183
882	4921
2529	4026
2540	2887
2358	4540
1127	4507
908	1995
2102	4107
1658	3078
1685	4484
18	711
1127	2311
1070	2923
1237	4400
1736	1892
498	3169
1249	1425
4950	5132
1237	2750
3220	3345
1127	4690
15	3169
601	4187
2024	2653
1237	2213
2660	2957
1265	3952
2393	2559
2673	3120
839	3781
2775	4518
1455	1519
2407	3664
1293	4178
1162	1206
881	1469
2315	3548
788	3280
81	3169
3268	4428
180	456
367	3169
705	1723
2137	4178
174	3268
2291	3874
495	1723
1656	2700
2716	4347
2970	3882
1237	4028
717	4144
91	4378
458	1565
2965	3317
1359	2273
2746	4853
3306	4178
3169	5178
982	3240
115	908
2263	5112
2776	2980
882	1426
537	4072
2042	4628
1007	1892
1942	4518
2356	4864
3454	3784
2037	2673
599	934
561	4938
2374	3169
2653	4128
2651	4141
4171	4864
1758	4967
674	1932
2318	3309
665	4803
29	2589
3213	3598
196	2113
2555	4566
1157	5170
1237	4042
280	3169
3268	3423
1902	3552
1198	3169
2211	3896
803	5208
2542	3549
2587	4171
2282	4905
711	2258
1528	2850
277	4540
3275	3420
258	2957
489	495
908	1070
104	4480
277	5056
4734	5116
864	3403
3233	4116
274	688
2482	4021
3566	3686
4054	4347
371	4068
1918	3286
1390	1682
705	982
1127	4106
786	3169
690	1469
1237	2519
2258	3673
2318	3025
1086	4192
2547	3097
695	4518
1025	3718
3005	3169
3055	4803
726	2318
1907	4378
3169	4875
2474	2749
729	4225
2407	4962
881	1206
3483	3994
1225	3169
2967	4187
4093	4141
1440	1549
3169	3762
1469	2293
1295	2970
2419	3843
2056	4963
3699	5219
889	1009
816	3215
2749	2954
2653	4946
2258	4026
196	3077
114	1356
2992	3578
2315	3933
1127	3478
4178	4336
1942	2258
767	839
928	3310
4734	4738
2509	2708
566	1469
1565	4552
946	1520
2015	2257
630	3524
599	4428
631	2559
1612	2318
659	1270
1133	5223
17	741
3773	5132
1611	3175
4130	4581
3635	5015
1758	3975
1127	2618
1293	2258
2258	5184
2393	3169
1020	3343
943	3449
1974	4327
2311	3755
3295	4971
2279	2673
191	419
3483	3949
777	3169
592	1723
649	3169
258	1758
1469	1765
1342	1868
4106	4347
3449	4511
4171	4613
1319	4178
37	2183
3982	4379
274	2849
2618	2756
3454	3834
712	3524
2256	2673
1656	3627
26	4104
280	830
2653	3417
1574	1657
2108	2653
4971	5201
424	1316
28	4967
21	1103
75	3834
2746	3643
3755	4378
1673	4864
1354	1455
104	3524
434	2424
2702	3548
3343	3720
3233	5196
37	1718
3134	4111
2041	4178
946	3038
1127	5126
362	4853
77	3965
1206	3627
1237	3295
2273	4271
4244	4466
3167	3973
2991	3019
3793	4811
115	1237
1206	1907
2992	4967
1469	1531
2509	4864
1531	3084
1131	3109
844	1396
3710	5184
2258	4480
2600	3509
773	4254
2589	2646
2258	5196
1571	1578
3343	3449
17	3686
1893	2957
315	4963
2629	3410
156	3169
1166	2393
2147	3247
2240	3247
2756	3125
943	4495
5203	5238
1758	5163
1349	1627
191	881
1712	3321
1319	2256
233	3065
2381	4070
1533	4244
2108	4864
3411	3823
599	1129
3810	4484
626	1421
587	2258
493	3095
1723	2407
1561	1726
2279	3872
2374	4347
1087	2646
583	605
976	4275
104	143
1752	3110
156	4116
3835	3907
1021	2462
1264	1938
29	4275
2718	3169
2756	4130
1133	1295
1237	3068
1434	4563
456	4243
2064	4613
2526	4744
1878	5112
3156	3977
163	4864
521	2240
1237	3524
600	1295
1492	1565
2887	4566
2143	3169
1896	4849
2542	3169
3627	5219
1055	4285
3509	4171
1348	4727
1077	1183
1284	3686
618	2258
154	3169
541	4226
1697	5232
2929	3295
4225	4321
154	5015
755	3504
1026	1736
2314	5078
1396	2775
366	1237
67	274
104	4317
1612	3785
1533	4243
1868	5037
2916	3643
4128	4864
1127	1691
905	2521
25	4094
1922	3261
1696	2258
961	3015
2670	3620
1348	5177
973	4614
1859	2147
4178	4959
1449	4104
2005	4663
5012	5132
1426	3772
1705	2537
672	4321
1697	4718
149	853
177	2370
137	961
1785	4875
1354	2695
2318	5177
1224	5209
1131	1405
1273	1611
1345	3605
3541	4178
1173	3012
1696	3762
2559	4106
819	3040
4141	4174
1435	4087
2289	3343
2887	4084
1529	2258
1970	3498
3078	3472
2219	4141
2801	3906
2537	4210
1319	3627
2587	4178
91	4767
445	2009
163	601
43	803
1047	3210
906	2164
2540	3891
1284	2554
1907	4777
2064	4625
2589	3417
1164	1217
191	236
1117	2719
928	2817
1127	1189
573	2380
901	4148
1995	3225
930	2957
962	3773
17	4329
2439	4148
2135	2681
1779	1974
905	2211
149	1217
2314	5209
1723	1859
1133	3512
1758	1781
944	2318
3289	3310
4371	5164
1349	1715
1449	1758
2318	2954
751	4538
1104	1342
4178	4361
368	600
2970	3233
147	1758
2644	3483
154	1077
2537	4468
3643	4523
213	1059
957	3111
3162	3487
2653	4044
1007	3169
1183	2827
1082	2211
1356	3822
3546	5177
777	1773
1462	1602
3962	4166
1237	3375
869	4178
839	3045
77	3772
1838	3562
741	1600
773	5036
2249	3598
653	3594
2653	4604
516	4383
2992	4116
2039	4483
316	2417
3753	3975
1206	1668
1469	3781
163	3549
243	2700
1943	4157
44	3213
2957	3342
2285	3630
2361	3343
2382	3753
717	1469
3158	5139
17	695
2795	3755
3169	3546
175	2804
127	4835
1133	4547
1345	2516
2540	5221
1850	2318
4136	4166
2967	3342
461	3548
277	1533
1087	3345
1736	4495
889	1149
1920	5049
3167	3444
153	4148
2458	5209
1471	4246
1533	4195
3358	5184
537	3975
2850	3109
1127	3833
4507	4967
3169	4383
2240	5087
277	4615
3169	3699
362	599
1021	2653
191	5102
962	1469
1627	1715
2358	2574
1469	3028
943	3286
2903	3643
3630	5062
853	2623
1434	5188
1562	4107
2183	4104
2087	4663
1524	3141
2113	3169
2749	5176
1039	2101
1039	3116
299	3212
48	3710
2673	3160
1757	3409
3745	4128
1133	2356
2529	2956
944	5188
1782	4864
711	4251
897	1587
703	4383
1938	2258
1025	3213
1310	2183
4077	4178
1565	1728
329	1153
43	2646
1913	2109
847	3664
3169	4793
2315	3257
1421	4864
2802	4921
1868	3608
587	4141
3170	4483
417	5177
3289	4347
1358	1455
362	4864
326	4253
3410	5034
767	4400
872	1112
258	4734
3928	4954
1656	2749
1206	4552
1611	4293
1571	3276
2630	3762
115	171
1656	3120
1718	3038
2213	3751
521	4507
391	3773
4864	4956
247	2549
853	2700
3549	5170
735	1697
1779	3055
954	5102
741	2258
2315	4967
118	3169
3478	3644
696	5219
1127	4971
1127	3558
4141	4578
4347	4964
1697	4536
3169	4315
1568	4864
3482	4116
1087	1531
2967	2980
28	1421
1533	3177
3713	4547
1208	2139
495	2756
3169	4432
368	1348
3478	4024
563	3682
1574	5232
3549	4809
3598	3644
1907	4117
274	1237
1356	2380
147	4208
1773	2542
2258	2655
4086	4981
3449	3755
788	3548
819	4254
618	1206
652	1429
104	1133
1369	1469
600	1469
709	3548
2458	3123
2537	5113
1819	2529
1455	2887
1104	3664
1265	3605
2024	4582
2358	2547
2213	2983
2087	3784
564	2024
102	3625
2065	3790
762	2991
2570	4864
1696	4466
3100	3907
2036	3109
1288	3169
3558	4967
1517	2756
29	4921
3822	5223
515	5196
2961	3055
1053	4124
2887	4853
1565	1752
362	1129
1856	2601
1878	4369
2358	3483
254	1007
329	1082
1561	3831
923	1599
1381	3410
2462	3410
1127	3293
2887	3937
589	3411
274	2083
458	2797
1435	4651
4347	4861
2293	5196
1925	4864
600	4663
332	2970
4566	4899
25	2420
274	2263
2416	4148
276	1758
543	630
597	910
4072	4104
1111	2031
2024	3509
371	1718
1270	4320
1224	3109
243	1574
91	2091
2318	3233
3822	4591
2992	4734
476	3169
2436	3464
3403	3869
2775	3069
963	4466
3546	4070
788	4428
1265	3598
45	4285
2420	3169
1157	1889
4107	5130
2223	3169
4383	4864
3245	5175
1970	4021
277	4663
1561	1565
2257	2970
171	346
339	2263
1455	3169
2901	3907
2925	4141
32	1455
3822	5008
874	3169
3345	4309
2240	4879
2108	2258
3015	4232
1342	2257
2240	4663
1587	3710
373	5000
2244	3109
1847	4178
3594	3762
515	4144
3017	4678
3975	5208
1112	2929
1989	5175
1469	3120
944	3158
2154	2914
908	1473
219	2589
1673	2258
3906	5112
1013	2091
1237	3411
1129	5127
254	3169
2669	2763
274	3965
4294	4407
3482	4752
60	1133
1449	2258
1279	3969
1237	3578
191	4561
1758	3173
3699	4770
2984	4178
3644	3790
1611	3275
976	4439
4100	4803
600	4347
3699	4109
725	3169
2393	4072
1824	2258
213	5076
2756	5116
3753	5209
2318	2789
1995	4171
114	4938
697	882
2537	2687
1565	1673
276	2240
973	3644
1627	4210
1244	2420
274	1236
1206	1455
4358	4864
1600	1614
25	5198
3504	4864
2749	3856
2853	4210
2318	3448
3644	4523
1288	3221
1107	1237
2850	4734
2653	4886
3103	4178
2929	3078
1638	1705
1237	3487
4864	5008
18	4343
491	1942
4178	5241
2211	4178
2211	3610
1561	2258
3343	3700
651	2853
2775	3601
4063	4275
1111	2318
17	4119
1739	4439
276	4963
2358	2927
2062	3169
584	2499
3341	3982
91	4443
4171	5162
1166	2318
1237	3910
1483	3169
1237	5043
2249	2902
1036	3933
2629	4178
225	4347
1653	2673
2410	4891
718	4663
1477	3644
180	2516
1503	3524
4171	4935
3005	3753
3509	4191
171	1632
254	2874
4320	5062
705	2318
1249	4956
291	3698
1189	2717
28	946
807	3509
982	4685
1757	1938
102	2258
1353	3169
1183	5209
2113	4402
2065	4540
3065	4724
2315	3286
1081	4407
2284	2285
77	1153
1782	2258
2971	3169
803	4104
1954	4864
3169	5124
3158	5234
886	1611
258	4141
2580	4178
994	5188
1057	2382
547	2089
2983	4962
1918	2992
1609	5177
2413	4295
1295	4327
2358	4137
2756	4174
2714	4347
2719	3828
815	1524
561	4663
600	4689
521	4321
2849	3643
1878	3487
3933	4104
2632	4952
3481	3906
1574	4663
3310	4856
2991	5140
4044	4864
3169	3993
315	4141
1157	2285
847	3169
1565	3045
2578	2827
1424	3169
2749	4567
1133	4130
2902	3169
139	4378
1082	1758
1104	2292
4495	5195
3169	5218
4275	4487
1656	2991
1127	5238
1064	2183
299	491
277	4052
1157	3167
4600	5232
1237	1740
1082	3122
493	540
4496	5062
233	1637
2749	5184
2889	5219
1310	2500
4210	4952
2465	4663
2113	2393
2844	4324
3755	3799
3213	3275
3601	3691
1295	1421
3169	4914
3773	4378
5203	5209
143	1295
4141	4659
4408	4905
649	4169
3454	4275
4141	4472
4439	4963
946	4171
2521	3169
2358	4551
1495	4671
368	2291
191	1378
561	1574
587	2945
2945	4244
1889	3564
2775	2943
191	1657
191	3135
1611	2222
985	2248
2258	3574
3221	4178
1133	1561
659	1348
583	1602
180	3811
2916	4178
1533	4171
1650	1982
2436	3790
498	4591
29	564
1632	1850
3822	4311
2358	3207
2490	4253
3509	4476
291	3758
788	1031
717	4347
3097	3169
2788	3169
2397	4321
876	3835
2967	4148
2260	4864
4171	4507
638	4963
111	2887
2258	2789
1685	4675
2477	4864
2889	4739
3306	4228
2211	4174
104	4879
2749	3695
3702	3762
857	4952
2244	4845
55	303
2902	5076
163	897
3856	4275
1270	2219
601	3295
1288	5049
1127	1786
1208	1300
3720	3937
1127	1377
1237	3649
864	4875
4157	5232
1237	1520
1758	2886
104	716
3664	3710
2772	3023
1612	1942
515	1026
741	4402
864	5013
909	4483
4054	4443
18	456
3601	4952
997	2318
1025	3169
114	1274
4013	4148
29	788
2929	4868
273	3830
1070	4853
2970	4402
1189	1194
1859	2957
51	2992
2756	4127
2258	5208
222	309
1348	1778
2509	2869
1120	3548
2992	3755
630	1151
1415	3343
2526	3973
597	1473
134	990
1249	1316
1356	5238
1237	2521
1299	2241
2516	4579
2808	4306
3169	4995
291	2318
625	1244
592	4663
1237	3031
1603	3306
21	2091
461	1740
213	3175
930	3169
1206	5232
1151	1237
177	387
2588	2785
601	1889
4124	5209
767	2991
191	3739
726	2633
1570	4127
2970	4921
856	2275
1288	2902
2697	2840
587	1140
1587	4178
3707	3882
352	2895
2612	3906
2640	4483
140	1237
1348	2958
4347	4371
3552	4124
882	2024
1196	1310
1157	2929
2797	3889
2732	3504
1133	1657
4239	4306
1237	1779
1479	3169
2653	4171
29	2673
1435	4540
1236	2424
4244	4606
1019	3169
824	2967
75	4275
1304	3790
3924	4141
587	2589
906	4275
105	2887
635	2258
1417	1758
3605	3843
4178	4939
2211	5163
4311	4849
1086	1455
4178	4212
601	5242
3973	5170
1050	3765
3682	5026
138	720
711	4141
1860	2749
3526	4089
4447	4853
738	4111
277	2039
3403	4970
807	1697
1237	1868
132	3988
3562	3762
1656	2849
3169	3170
495	5223
651	2285
172	1735
1270	1627
1668	3745
4093	5000
2731	3058
1748	4054
1483	1574
1186	2770
749	4116
499	1602
2735	4075
773	2223
4193	5132
1565	4926
2318	4452
1974	4166
515	1469
127	1133
1697	3772
2222	3019
1335	2957
2081	3907
572	2091
2109	4852
1549	4963
1224	1632
3221	3906
3343	3702
882	2147
366	2822
3358	3578
4149	5209
2887	3411
635	2749
600	819
3718	4706
2318	2420
990	2358
196	3478
1237	3268
4171	4639
1779	2407
1038	3943
1405	2653
1127	2303
4864	4926
1599	4864
2727	2916
2222	5219
711	1183
2827	3644
1210	1237
703	2967
3710	4974
1723	4246
727	4864
264	589
2230	4336
3410	4803
1565	4604
1133	5232
171	1694
489	2526
597	1696
561	4817
3644	5013
2500	3755
1435	1756
2080	3093
4054	4086
3169	3321
1565	4358
3306	5069
1206	2324
3834	4178
2587	5012
859	990
2775	4777
1131	4124
2147	4663
1533	4378
741	4518
803	2850
1716	5170
2147	4600
45	4719
1381	1565
1206	2718
1537	1868
1878	3952
962	990
2902	5219
4111	5196
2708	3635
944	4566
4013	4864
541	4311
950	2966
1571	4864
128	3906
1889	5242
1237	1531
4358	4803
1571	2230
2699	2887
77	4396
197	1723
1166	1295
2062	2653
2358	4554
1868	3028
1779	2282
3169	4451
1270	4869
3907	4106
2519	4094
766	2047
3472	4752
346	908
1696	2749
1133	4809
2258	3562
815	3054
3169	3535
4790	5214
29	2091
3358	4106
541	3295
521	4967
254	2241
1224	3975
2357	2673
2540	3169
1047	3988
2091	4317
2053	4451
41	2749
3548	3643
4128	4141
118	4658
2804	5083
712	3915
1517	3644
928	1237
3169	3808
277	2903
3417	4511
1720	4852
1469	2875
659	1295
2178	3169
1240	4864
1574	1758
255	3855
2477	5223
916	4266
2970	4379
1208	4369
1064	2258
1455	2224
1602	1756
541	4971
1653	1757
461	2108
2554	3635
1473	2756
2673	4028
1047	3643
75	4706
1495	3643
618	1970
1469	1694
2258	3856
458	3664
631	1081
4439	4606
4157	4775
2318	3594
703	2526
1545	2258
2091	3169
4400	4439
2499	4853
3823	5102
3644	5203
777	4663
1758	4272
521	4225
2529	4483
994	1757
3141	4738
901	2037
391	4767
430	1692
1133	3203
4016	4347
1533	3529
2673	5000
136	3830
722	3169
1720	3038
32	456
74	2749
273	468
1942	3012
1650	2420
1198	3054
2231	2318
3169	3988
889	1111
2887	4854
1517	5008
1021	1883
2263	3906
839	2673
28	2416
1066	1295
2735	3502
1133	4905
244	943
975	2537
2574	3710
41	2653
1057	2224
3167	4271
127	2870
788	4659
803	2183
456	751
281	4974
2048	2585
587	3907
1157	1356
688	4275
1055	3293
3420	5241
3544	4347
881	2704
499	1561
703	1707
1615	1878
3233	3644
2587	3280
244	2612
172	1627
3509	4567
2589	4075
1421	2708
144	1537
601	1356
1896	2827
2165	3169
424	839
1312	3682
1107	4128
249	3713
2407	5138
1266	3361
1603	3310
3023	3867
1198	3472
1694	3109
1705	2653
1073	4347
1038	3907
2108	4803
1716	3295
166	2623
1381	1721
270	3331
2318	2708
4849	4963
1879	2318
219	2091
113	3315
4484	5062
2862	4104
2673	3755
2039	2916
3679	5102
561	1034
4141	4343
499	4727
1918	4104
631	3969
962	2065
1912	2542
240	3549
930	1237
213	2424
1574	3853
651	3167
1039	4105
944	1295
4320	4852
1907	4458
1152	1425
2318	4339
2601	4293
1381	1455
1127	1131
4271	4347
1273	2439
3321	3526
4173	4178
2957	4063
1896	2623
2213	4879
2708	3169
1157	4383
601	4671
1351	4864
711	5238
154	225
540	1319
274	1549
25	498
2436	4952
1920	3570
2749	2784
1469	3482
705	2887
18	3409
755	4141
4005	4803
4192	4952
1460	2526
191	4939
144	373
1440	2564
4011	4226
672	1036
3169	3261
1157	1716
3834	4963
1757	3022
1104	1685
3548	3821
114	498
2240	3551
166	1224
1723	2005
766	4424
1166	3700
2358	2901
2801	3169
1265	1723
3015	3874
1779	4600
3158	4513
1884	2578
32	4285
1533	3358
2756	3907
2147	2956
3275	3526
623	3167
1086	3623
3835	4868
2293	4119
2376	4938
2183	2500
1626	3698
104	982
3167	3345
258	4275
635	4275
1457	4582
232	3169
1449	2633
3331	4130
2239	2537
2633	3289
1206	2574
1522	4275
3280	5130
1785	3275
489	2776
974	4178
939	4378
962	1086
3988	4148
213	2801
741	3686
3834	4414
587	5126
1522	1859
244	589
2526	4808
1758	2776
4244	4734
2653	4336
1565	2629
876	2260
3609	4849
469	3169
1723	2887
196	1696
939	4864
2382	3993
1758	4244
4042	4518
741	2869
2653	3887
225	2314
1435	2353
2526	3069
3644	4964
3141	3975
587	601
2358	4124
110	3478
4141	4171
2318	4861
2526	3458
2211	2983
1455	4208
1694	3169
2293	4174
255	4879
281	515
1656	2324
2673	4117
962	3267
1348	1602
905	2039
4087	4149
498	5164
1434	1995
274	2370
1902	3360
1918	4511
339	2801
2087	4306
3946	4582
881	2282
18	962
601	2273
834	1723
1237	5026
1910	4171
860	1421
91	1086
180	3843
2589	3530
521	4171
2039	4962
1078	3423
1907	5188
273	1310
166	2183
5170	5242
3773	5223
45	3169
1206	2586
1918	3169
2318	2916
196	3720
3501	5164
2776	4864
1047	4864
2992	3141
2380	4171
939	5160
547	3610
2039	4379
4127	5164
2653	4371
1600	2051
1300	3169
3158	3753
1614	3169
1131	3358
1612	2756
908	2892
2756	4536
1721	3377
1055	4719
1405	3620
3605	4579
1133	1249
3045	3907
2091	4447
1434	2372
581	4484
48	1104
174	2773
114	1435
1765	3169
1311	4963
1429	3753
225	2957
2240	4600
2956	4026
928	2481
382	3221
717	4111
1371	2278
4347	5057
274	4300
1047	4347
346	1632
3169	5046
1712	3169
2358	4171
2273	2829
561	1779
3664	4136
1236	3035
1668	3153
3212	4911
493	719
1349	4210
3755	4347
274	5251
1455	2847
147	2211
1758	5000
144	3509
819	2889
3531	4144
1697	3618
1421	3720
1473	2279
127	1469
2653	4106
881	3310
2670	3070
1458	2258
1127	2731
901	2673
2462	4706
213	2263
3167	4752
166	4954
2749	4905
4157	4661
726	5160
3169	4805
696	2258
495	3317
4107	5223
819	4864
1479	1571
3169	3286
67	1944
626	1316
547	1050
274	5076
1985	4171
4678	5175
2991	4505
274	540
3367	4379
1081	4495
4285	5176
1206	1626
456	3835
794	1565
1206	4521
1062	4742
921	5067
352	982
1974	2961
1237	2928
44	659
450	584
2526	3928
718	2482
1310	2827
4864	5078
3478	3933
2065	3120
39	2258
1720	5008
2275	3515
1866	2957
74	4853
191	5132
659	1111
1533	3275
577	2653
434	497
675	1758
1462	2823
1765	2240
943	1907
1533	4130
1064	5208
2926	3345
1434	3345
1692	2458
1565	2975
2829	4864
1295	2109
1057	2303
916	2526
3286	4104
1565	3896
3110	3753
3257	4954
583	3546
2231	4383
3710	4823
1632	2183
1232	2570
1697	4663
258	4466
2211	3280
118	2601
352	3240
1140	2559
990	1086
507	1247
4193	4903
240	5242
1173	1554
2240	3263
2875	3169
1540	4163
1358	4244
2183	3286
1848	4171
928	4967
2031	2318
1918	4964
648	1127
729	4321
881	4295
191	990
45	3293
1918	3257
2653	4244
2890	3111
2630	3643
3411	5061
566	1122
1104	2135
1127	3598
2240	2627
2419	4476
1970	3020
994	4052
105	4879
2926	3169
1225	1942
1119	1736
3444	3822
712	1503
3512	4853
2258	3987
178	280
599	3710
4072	5203
3361	3756
697	4864
316	3111
2555	3718
1970	3169
118	728
1107	1273
1183	4072
994	2673
37	3058
2284	3566
2653	4956
2263	2902
4443	5177
26	2862
4646	4864
277	2789
1087	3664
1836	2749
75	3710
447	3781
672	720
1627	4484
1295	2393
3548	4086
2449	4799
1570	4484
2850	3286
196	5164
1565	3580
1047	4148
881	2887
2853	3444
499	1111
566	1435
1565	2955
270	2387
587	3608
1974	2673
2211	3975
1531	4732
1758	2145
3501	4856
1047	3352
2756	3121
4663	4817
1602	2970
1206	1561
1712	2866
4191	4294
3184	3228
884	4689
3529	3623
1692	2516
1359	2773
1356	4088
1455	2367
2134	3856
1293	4271
1473	3478
1127	4734
1723	3420
1980	3169
1736	4191
2601	3772
946	2574
864	3888
3753	4630
4752	4852
889	1561
566	3068
3160	3708
3578	3975
3700	4136
1237	1602
244	4971
564	3663
1627	3111
705	2673
1237	1342
788	3624
4178	4343
1479	2845
137	1687
878	4807
521	1910
3745	4752
600	2521
2529	4663
2369	3169
1358	3097
4864	5034
1050	2021
2822	3739
1237	1293
2021	4011
1469	2623
360	2318
1396	4868
196	5078
521	2165
2775	3169
1198	2450
2526	4646
2673	4174
368	2318
3175	4212
788	4447
1455	3293
104	2612
1267	4178
2653	4750
1206	3785
2211	3099
1237	1270
1206	1545
1455	4775
1614	2393
1462	3667
1111	1602
3375	4109
755	3403
1736	4662
889	4727
1369	3169
576	5127
1200	3707
994	3753
2827	5196
196	4777
2240	4075
3169	3853
4104	4511
1565	1668
1626	3331
2436	2887
271	3063
597	2653
207	4178
2224	3509
869	3548
172	4484
4311	5170
17	4646
17	3169
2109	4193
2369	4482
4130	4443
2285	4971
1757	5051
561	2147
561	1533
3975	4124
4193	5062
3084	4243
2256	4287
523	3169
2284	2943
1549	3598
2945	5202
167	1117
1609	2031
1064	1758
3856	4141
255	2983
1758	2479
254	2311
943	2589
975	2091
2917	4963
3167	5238
599	978
2318	3245
1179	1735
2358	2887
77	4479
136	2526
1007	1778
717	3169
1757	3177
1860	3487
75	2559
104	3950
104	884
391	3790
1571	2822
961	4864
1166	1561
302	424
1469	1479
29	4803
1319	5049
648	4347
3257	5015
387	4914
630	1421
1025	3977
726	3331
191	2436
3300	4864
1319	2424
4104	4347
2465	3907
1104	5223
91	1237
742	2432
3226	4178
2632	5132
1469	2892
1533	1618
3933	5015
1284	2708
1179	4026
1173	5092
1270	3169
507	3790
77	882
495	5139
172	1715
1656	1758
2653	4967
943	3169
2973	3169
3630	4811
623	4563
3169	4419
191	1194
944	3694
2240	2529
1166	4727
2239	4439
838	4178
1133	1183
1237	1415
718	4602
105	4566
4828	4864
2258	4137
2653	3141
1070	1129
2436	3220
2773	3423
2108	5175
2849	5076
180	4141
172	3630
1206	2393
2241	4691
2732	3005
581	1715
1370	4251
3169	3937
944	4347
990	5062
1276	3156
1736	4493
1322	3643
316	3268
273	943
281	1995
1265	2516
2862	3755
2424	4122
4659	4864
3598	5033
3843	3965
2219	3907
2367	3410
1469	5203
773	3128
2390	4803
3472	4954
3141	4706
3100	4141
1111	1348
4447	4659
1050	4226
1531	2407
4864	5063
1469	2183
1237	4093
2248	4214
4315	4347
3177	3244
600	4962
2240	2956
167	3212
316	1342
2222	2318
1878	3594
447	948
1166	3169
4117	4141
3624	4899
2311	4106
258	5160
25	1638
2374	3644
3228	3289
3167	3549
2380	2853
943	2436
1103	4864
2048	3682
537	4402
4347	4879
794	1127
154	3144
1970	4116
2540	2789
2420	4864
4727	5177
1455	4959
2417	2773
1127	2439
2756	4396
773	5219
2211	3025
37	2887
1600	4402
1566	3502
3169	4444
2653	5208
1779	2318
819	3169
1561	4613
3055	5113
2749	4439
1093	1748
1133	2147
105	2665
1578	2509
711	2991
2232	3170
3019	5219
2091	4659
1295	1602
1533	3475
1429	1752
2887	3699
1561	3546
4542	5188
1565	3411
4285	4408
3153	3358
154	3933
3603	4144
1565	3856
3526	4875
1907	2750
4864	5124
3644	4540
3475	4523
1237	1694
1237	3343
4141	4807
446	3644
2559	3710
3458	3493
2358	4392
1757	2927
3644	5198
1533	2448
456	2083
1293	1519
672	1910
363	4127
3694	4225
1020	2285
3739	3785
727	1127
2183	3257
2083	5112
921	1349
68	3753
2285	5238
1603	2775
1526	2258
766	3835
2991	3630
2416	2957
1656	3835
254	4671
3600	4342
2381	5164
2258	2393
315	3078
541	5170
4104	4651
105	1779
332	1688
3343	3475
1798	2410
4075	4275
821	1369
741	3091
499	4163
1519	4141
1970	2380
1574	4021
3233	3773
458	2673
352	1270
674	5130
601	1157
1532	2537
2285	3167
1435	4675
174	2887
97	191
2154	4536
2039	4971
1111	5126
3643	4178
4383	4731
3343	4891
362	2797
3002	4100
4275	4495
2749	4046
1537	3169
4856	4967
1469	4054
3546	3882
1274	2887
547	4011
1078	3169
1206	3169
91	419
264	3045
1758	4158
1034	2956
584	3710
2957	5116
1031	2653
2749	2849
2240	3130
17	2211
274	1288
236	1062
1293	2827
4104	4630
905	3233
922	2216
104	247
37	3478
4244	4963
599	1685
75	4200
4811	4864
905	4379
3887	4021
1053	2827
1016	1129
3134	4518
1970	2587
857	4852
1461	4950
1612	2749
2164	4803
651	5242
515	1942
2997	4141
1274	1359
3306	4144
2844	3169
1758	4480
653	2574
1565	5232
104	4956
589	3245
2211	2756
2746	4171
2222	4776
3295	5242
1265	3169
1025	2844
2509	4495
1758	3072
127	2318
3169	4972
114	2370
711	4734
1206	5062
2980	3411
3710	3720
2435	3643
1224	4954
1469	5188
1399	2479
705	4306
1356	4977
1082	4853
1942	2889
1284	1603
1519	3361
3823	4378
1455	1566
4849	5209
1457	3498
2165	4967
2263	2424
2749	2965
1970	2630
1612	3823
4963	5008
2653	3896
1656	2047
37	4842
3015	3169
292	1696
274	589
1206	4956
561	2479
4193	4752
1758	1782
711	4275
2700	4864
3396	4770
3781	4111
1995	2275
4490	4507
2091	4689
2609	2736
2318	4513
4320	4952
2847	4347
2509	5219
695	2462
4111	4613
174	3423
1723	2870
1212	2223
362	2887
712	1627
3343	4347
2887	5046
3295	3549
1053	1237
2091	5163
908	1455
2653	3695
2521	4347
1889	2380
1429	2537
2239	4171
3169	3802
517	2676
773	4158
2869	4378
587	630
957	4141
1151	3161
2804	2887
461	819
4921	5121
3169	4581
788	4823
779	4275
3158	3790
1237	2992
1070	2887
499	889
2081	4803
2051	2717
2223	4178
115	1694
1778	2653
4495	4864
976	4093
2051	4347
3995	4864
2850	3933
1773	3169
1758	3280
115	3169
3720	4144
329	1868
2164	2211
1720	4767
2263	3160
2275	4400
4378	5132
240	4971
1970	4148
2147	2465
2143	2555
231	3720
651	4187
166	4347
1019	4864
564	2586
516	2147
1697	3993
1918	4963
2096	3630
1019	2211
2407	4493
1237	3987
104	2901
1133	2039
3598	3977
1850	3169
1912	3755
618	4864
74	2589
1632	2318
17	2279
2477	3889
1225	4275
2633	2687
480	1637
273	3478
1309	4166
231	2980
3429	4663
607	4141
717	2051
3156	3182
2970	4923
2279	3821
2802	3678
1103	2318
566	717
2358	4106
1907	3710
2183	3755
2970	4493
717	1274
3059	4107
978	3169
2222	3160
720	1907
4072	5209
105	2555
176	4472
3169	3999
515	566
2773	2797
2211	2889
2581	4933
787	2178
1985	3169
635	1758
221	2887
923	3720
3570	4530
1549	3627
44	2091
17	25
476	1237
516	5036
3975	4141
1561	3169
1657	4853
2597	4926
1565	2649
2887	4124
944	4116
819	3643
601	5170
990	2887
954	1038
498	2293
2318	4727
597	3975
2816	4243
1970	4011
4046	4663
516	2889
2147	5132
299	860
905	3169
231	4861
2784	3122
701	3169
3720	3889
3081	3169
2021	4210
976	2653
2258	5163
144	2749
1111	1295
352	447
2749	3560
3834	3856
4124	5015
3409	4166
561	3169
1212	3213
997	3156
137	4347
773	2928
1112	4971
901	5184
730	3830
2279	5239
3699	4663
1293	3257
229	3169
196	990
302	3169
881	2258
4122	4564
2521	3019
709	2091
1715	3810
138	1396
2892	3020
2094	3169
1779	4306
3835	4327
1206	3802
2324	4141
2937	4663
601	699
434	4914
705	1265
1440	4139
1615	2091
1469	2633
2521	2756
2676	4116
1450	4383
231	1879
191	196
4178	4654
1611	4776
3149	4094
1127	3069
3069	3548
2749	3409
1469	3492
2165	3993
803	2827
2432	2537
1859	4663
1265	1345
171	2160
1697	3317
2258	4152
104	4052
1497	2967
2992	4106
900	3644
1758	3100
1970	2749
1404	4864
2521	4744
2258	4542
901	2279
2816	3753
1208	1650
2318	3882
367	2509
2065	4315
3212	3778
2529	2653
2380	4315
2887	3700
2263	5219
44	1602
1237	3492
438	3160
4116	4271
3344	4239
2997	4407
1224	5208
1031	3169
788	2064
180	4971
2263	4482
982	3966
335	2928
900	4767
171	1691
417	1602
1059	3627
901	934
4097	5251
1244	5241
1522	4178
581	3630
1119	4240
820	3019
254	4178
3307	3548
1273	2775
2005	4591
424	4483
3718	4596
1038	1561
1093	3169
511	4482
2256	3654
2320	2589
2623	4347
756	997
4744	4963
1692	4487
1210	3169
2712	4351
2526	3017
962	2165
2501	2669
2574	4383
196	285
3498	4582
884	4148
3141	3286
2479	2673
524	1862
1353	2263
876	3244
2784	3169
882	1025
1535	5219
1612	4347
2945	3409
3454	4594
1396	2892
2183	3975
2890	3069
841	3023
1237	1723
1237	3529
2991	3578
1196	3753
1779	5113
2258	3072
1111	5177
225	3933
3755	4963
113	419
3123	4591
476	4864
540	3169
1682	4107
3169	4275
1055	3822
1995	3785
703	2970
2653	5113
4962	5177
1082	2258
1007	4495
1565	3169
716	3498
2211	3144
2258	3417
3753	5188
4466	5116
961	1244
2749	4097
2589	2894
4025	4586
1406	2673
3531	4820
1274	5196
2314	2574
1561	2393
3169	4709
2285	5242
2279	3084
909	2382
1758	2047
3753	4493
1295	1757
1469	2039
2140	4864
2223	3019
2031	4727
147	2529
1090	3169
2039	4044
2135	3681
240	2285
2585	4935
1104	4052
1757	4439
461	4148
1612	2887
346	4116
461	5151
3169	4891
3834	4905
105	882
1603	1756
1237	2230
626	1723
3169	4306
1469	1850
2367	4171
2797	4853
2289	2870
3123	5132
498	2537
91	3578
2623	3937
104	635
118	3224
2219	4864
240	5170
3401	4094
221	3558
1615	2256
1368	3228
2671	4853
3096	3169
1429	1600
541	3167
709	2211
3686	3707
766	2853
68	2623
1304	4864
368	5177
928	1519
144	3028
948	1189
1151	2529
171	3169
1310	2079
2380	5242
1985	2559
3643	5033
900	4378
1884	4468
3482	4104
664	3169
854	2653
258	2091
1183	2314
2318	3158
2356	4089
515	5223
961	3213
114	231
541	4484
1417	4952
3823	4396
391	946
699	1133
2954	4864
247	5223
4347	4954
2749	4926
2629	4864
2048	2521
1454	4275
153	2211
4178	4309
1237	4054
2083	4369
2275	2587
335	419
3627	4482
3643	5056
2361	4868
1860	2653
417	2393
1565	2164
1149	1305
3699	4178
4317	4734
901	2472
2240	4088
3213	3420
2382	3698
2258	3487
419	4209
717	2417
3169	4108
1850	4347
115	1632
1237	4193
2840	3169
91	236
1907	4013
2789	3762
589	2263
1571	1574
17	2756
434	2849
17	2462
1985	4864
4033	4141
659	3546
939	5062
1520	4128
377	762
1748	3169
1189	2079
110	2380
1773	2232
1206	1237
1025	4596
2553	2749
788	4828
104	3574
2222	2756
597	3887
18	2108
2870	3720
1167	2526
910	4853
1157	2387
753	1127
767	5129
4306	4970
1377	3975
2869	4106
1758	4137
485	1273
127	2788
2314	4849
2749	4343
3475	4253
3012	3261
1396	4144
1007	2281
2521	2526
4734	5208
3644	4967
1974	4963
3331	3411
712	1750
4178	4963
2875	4864
1691	3169
2145	4864
659	4402
5132	5223
468	1093
939	4493
277	1455
2500	2581
564	4343
1455	3745
1305	1415
1019	2653
962	3753
489	3343
3203	3401
638	3358
437	2249
2633	3169
923	3644
699	2525
1736	4407
876	3169
2926	4107
118	3486
517	908
154	1896
2578	3933
75	3410
1786	2356
1133	4625
962	3823
711	1237
507	4378
1179	1715
3552	4849
3838	4141
3153	4383
2646	4689
2380	4852
2130	5036
2749	3411
1878	4097
77	1878
672	1396
4178	5069
2256	3906
3907	4028
1868	3169
1757	2949
539	962
1117	3576
156	4719
3570	4148
1348	3882
1217	4654
587	4685
225	517
1574	2548
543	4616
564	800
4021	4141
1561	3907
277	2761
1932	4805
2992	4671
4744	2589
4981	4938
2849	1265
2992	1694
4963	2737
4864	3713
3307	1206
3762	464
5208	3819
4408	18
4807	1519
3812	599
4379	2554
3448	1151
2914	2653
2439	1683
4845	236
2211	1021
2749	1019
2279	2037
5113	2500
4849	154
4891	4347
4208	489
5112	3156
4378	1477
3598	1920
1736	1164
4868	844
3993	1718
5241	5033
2665	882
4122	4117
4338	3699
3654	274
3756	3737
2765	847
2474	1565
3699	3627
1723	498
3478	517
4200	3664
1311	1077
4971	2929
2519	1907
1309	104
4141	2914
3331	2735
4868	363
2263	1440
1237	990
4141	3673
3401	1561
3643	2316
1565	1103
2420	1469
3169	2994
4616	1348
3605	2516
4511	990
1918	1469
3167	1112
3262	2025
4046	1111
2749	1013
4507	4225
3501	2711
3097	1305
4518	3169
4027	2212
2797	1070
4633	4178
3975	1918
3654	1265
4408	4358
5175	3052
4606	1149
2211	711
4823	3643
2894	1752
4482	339
4474	4342
4439	1469
4483	566
4501	3707
1440	982
2630	127
4011	2089
4054	154
3627	3023
4178	1987
3134	767
3411	603
3411	2765
4244	2673
3623	1237
3564	1226
3975	2827
3458	1877
4536	3019
4963	4028
2827	154
2991	2653
3478	908
3038	281
2653	1064
4141	881
3674	270
3720	2407
5190	2289
2559	1974
5063	2147
2612	589
4483	360
1856	769
3120	2749
3988	1697
2258	819
4869	3454
3624	1007
2653	2034
755	599
5009	4141
2730	1025
4178	1782
3252	1293
3988	1757
3358	2526
3028	329
4251	3594
3169	1271
4097	274
2718	1758
1627	864
3122	2653
3019	1093
2673	1860
5208	2358
4195	1565
1694	803
4124	2827
3097	1009
3307	2673
1685	908
3713	3029
1206	830
3184	2554
3410	419
4706	1025
882	719
4718	584
2623	1455
4484	2293
3644	1127
2039	1055
3225	3169
1469	180
4054	2827
2735	1469
2844	221
5010	3710
4540	1918
2992	2257
599	277
2065	946
4311	240
1166	659
2222	773
4053	191
2927	2258
2418	961
3906	2849
3973	601
2285	1844
1758	881
4191	631
4864	3552
3331	1696
2776	2461
5046	4046
3718	2844
4864	1787
4178	1568
3261	2358
3019	1455
2669	1944
1970	1127
3548	2462
4428	2546
2632	1237
5163	3403
3874	2282
3417	1206
1237	648
3358	2357
3371	1614
4586	4111
4408	2954
1658	1342
4130	561
3169	1127
2213	104
1265	67
2465	2087
4447	699
1440	777
4899	2975
3896	1133
2452	180
4803	2039
2749	664
4141	652
4021	2282
4232	705
4675	638
3635	2036
1535	339
4899	2352
4086	461
3781	2380
4963	3410
4964	517
5234	1293
4141	685
4963	2183
4854	2749
1920	1878
3169	1533
3163	1237
4955	287
4176	1276
2797	599
2315	1310
4408	1985
4438	3169
3169	2894
4934	2074
4864	3694
2769	1938
3169	2780
3694	2559
3627	2698
4727	2970
4141	4063
4130	2423
3933	37
1127	68
1357	91
5188	2166
3169	659
4952	4561
1249	1112
2887	2211
3169	1612
2892	1686
2902	1059
4141	890
4631	4178
4809	3548
4663	2870
3644	2736
2361	1396
4315	1495
1758	1435
1658	806
4495	631
3169	1735
3598	1727
3344	1215
4443	3169
5012	2449
3907	3141
4347	1077
4854	3169
4404	4116
3340	881
3498	2735
3017	2435
3458	1237
3993	154
3156	511
3566	3429
1982	882
4864	1441
3295	456
4054	2318
4955	434
3343	2417
1723	127
4672	3708
4685	4141
4869	2956
2393	1602
3160	1656
3702	1237
1889	1356
2549	2275
5223	91
4171	3153
3169	583
944	699
1133	685
2887	703
4178	1756
4028	2356
3509	3448
244	79
3975	2358
4141	4137
4130	3503
464	75
1533	600
1497	906
1208	882
4127	3019
2749	231
4902	881
5234	4911
2314	1311
1918	597
4582	1565
3937	3449
3910	180
3686	180
3598	1723
1455	635
3598	1878
4864	2789
2630	2318
3888	3321
2232	1743
2844	1723
3710	838
4347	1293
3843	2352
2318	1295
3078	2407
3888	15
3717	2380
3015	1533
3464	507
5130	2914
4189	1531
2249	274
1077	489
4663	2357
3325	419
4216	709
2149	1723
4320	2109
4148	600
3084	1164
2436	507
2211	73
4240	4141
4141	1021
2154	872
4171	68
1237	1127
5063	3019
2907	1021
3874	3019
3509	1798
2914	1206
1740	499
3472	2961
1632	1469
3755	3109
4495	3045
3169	2326
4166	3019
4952	962
3682	3111
1469	498
4347	291
4244	2258
4178	1715
2902	2222
4954	3975
4864	3856
5057	5026
5196	4178
4921	3169
3213	2763
5196	1758
2420	1612
3475	1087
727	104
4444	3455
1127	946
4225	803
3128	1656
3110	1429
3797	2021
2087	2064
4864	2202
346	115
4622	2653
4972	17
4864	2983
2318	1348
4689	2369
3718	105
3078	2589
4127	3762
3546	2970
2554	1995
2673	1696
4111	3084
3993	240
2213	1141
4210	4026
5145	2318
2211	597
1735	1349
5175	4905
3169	3072
4613	176
3429	2260
2436	221
4163	3169
2318	2311
2500	2318
4231	1206
3020	2775
3757	2091
3896	3834
3874	2756
2589	1988
3552	1970
4244	3515
4750	4178
4407	1535
1995	82
2140	1758
1310	37
3823	881
1721	1566
4107	2315
4793	976
4598	2211
869	489
4845	561
3478	45
5026	1473
4483	2113
3133	274
5151	3169
4089	3946
4347	3411
4493	1055
4631	515
4864	705
1565	1450
3548	1758
4879	4127
3519	25
3411	2526
2079	1970
3598	2420
5026	2048
1455	1055
2574	597
2887	873
4178	3160
2862	1918
1497	118
4287	274
3169	1429
4404	171
4111	1792
3233	1469
4689	2164
1047	566
4111	552
3286	1561
4807	976
2553	766
4745	3169
4458	2589
3644	803
4054	2887
4294	1007
2887	516
3988	1260
1656	1568
3758	3169
4343	516
5188	4319
1757	1571
2887	1129
1087	946
3635	2397
2925	1206
3110	2732
4379	2578
1723	882
3906	1615
3454	3149
4594	1025
2477	37
4117	2653
3240	939
4017	3169
4124	1469
4630	1036
3487	847
3549	3417
4295	4225
4193	352
4383	3673
3891	2228
3835	1455
4071	3169
2258	258
4727	1609
3307	2273
4490	1910
4054	2258
3762	1369
4630	3169
2850	1918
3411	1866
2108	1206
3300	2258
2612	2352
2213	391
1533	944
2450	524
1918	1455
3099	1614
4097	1353
3644	2992
3888	3213
5234	3040
2526	1705
2886	2258
3295	114
3755	2065
1449	1133
2380	587
4963	3141
4496	1270
4530	3200
2393	583
4371	1458
4811	1087
3753	631
4141	688
3512	1070
3933	147
4044	564
3635	1469
1025	177
4408	335
3664	3170
3169	2763
3169	1615
5069	4879
5008	4225
3581	1171
3196	1043
3084	2526
1533	848
3678	3169
5015	803
4483	3437
5062	199
4131	3169
2887	583
3160	2223
2862	1726
2887	1531
4212	864
1421	946
3295	806
2258	231
961	882
1469	1224
4383	3772
2749	1726
4347	3031
3785	491
2765	2318
3078	2887
2258	261
2211	1696
2847	2318
4555	4178
3988	853
2164	368
3487	2365
1533	1273
2418	515
2318	196
4864	2901
3466	1208
4275	2901
2970	368
3674	3169
4864	4552
4021	1942
4438	1680
5160	104
4952	1237
4483	3169
2087	280
2850	196
4752	2436
4654	946
3169	962
3169	2137
4645	3169
2318	1369
2240	1359
2887	2293
2756	178
4054	1944
3331	1133
4379	2630
3915	1495
3570	1469
1836	1786
3059	277
2588	1319
2021	1907
3472	1974
4308	3762
4819	1469
5242	3822
1249	600
4075	3753
4166	1626
5177	4402
4452	4149
2087	174
3949	3169
4025	1705
4864	3275
1440	1365
1574	882
2711	2311
4178	540
2887	2154
4347	1694
4864	1133
3029	594
1461	191
4602	2808
2943	719
4596	1483
3360	332
2542	1803
4402	2870
4026	3454
2490	1853
4776	1273
2665	1611
191	178
2160	1066
5015	4116
4013	1519
3169	1726
1466	191
3627	1565
4048	3213
5132	2869
2135	104
5069	4071
4734	26
4271	2318
2051	1614
4378	3623
2465	1133
4141	3663
4347	154
1932	368
3169	1925
3896	3343
3627	1276
4347	820
4606	1532
4084	3160
1104	716
2756	1522
1884	1166
4899	2102
4088	1889
2537	2525
1341	921
4127	3999
5102	2923
4347	2578
3169	2318
4823	4447
4864	332
4752	191
4922	882
3667	199
3233	2407
4324	3718
3888	3526
4879	1050
4956	1757
3169	2370
2902	1319
4803	3856
4343	382
3454	3207
3640	2526
4130	3177
4807	3630
4244	2914
2482	878
5163	4141
4317	2653
2081	716
4689	2771
1161	601
3345	1824
1237	225
3317	1133
1348	1166
3169	464
2750	2089
4265	2805
3328	2775
3856	766
4428	2037
4849	1694
5163	2887
3411	3267
1131	268
5160	5062
4054	3700
3059	1237
3856	1907
4443	1473
4109	599
3141	1907
5209	2827
4864	2529
1716	541
1565	1064
4824	1237
4718	897
948	352
1912	901
2633	881
3710	3580
5232	28
2983	2756
2407	1133
1348	1295
3213	156
1609	1348
3169	2418
5242	3973
4468	1237
4336	1656
2887	1469
1390	626
4104	166
487	280
3762	3720
4954	1469
2293	1237
1675	127
3515	2589
2653	1381
4828	4171
4967	51
5170	3295
3134	3068
3546	1602
3358	277
4666	2762
3644	1765
3336	2653
4232	3564
495	276
2970	583
4124	4104
3169	270
3169	3100
2477	1127
2905	1390
1612	1469
4369	1265
2849	1878
4845	1576
3038	25
2559	1752
2318	703
4407	1026
2801	1276
3280	1341
1237	154
3460	2541
4483	1293
2307	1206
4666	196
3664	2039
5069	2091
4582	4567
4044	3472
3601	2895
4962	1133
5241	3598
4460	1574
1889	872
1133	561
2410	273
5232	2240
3802	3173
2537	699
3138	1038
4974	3865
2546	1237
2318	659
2870	2393
4895	3550
4171	552
2797	2492
4663	1602
1469	1310
3420	137
4551	4178
3019	495
2916	1519
1141	1127
1720	391
3966	3169
2293	25
3822	990
1111	417
4727	3882
2694	2263
3169	767
461	422
2367	1566
2113	1561
3169	1778
3275	137
507	18
4141	2258
2382	1479
4647	3169
1520	1270
4178	1578
2945	1912
3833	3289
2130	819
4658	2318
3169	2257
3169	247
4970	3562
2961	2704
5160	3078
1574	1062
4141	497
1609	583
3977	274
2775	587
4972	695
3737	2580
4582	4086
4583	1494
4347	498
5241	1469
3158	3030
2303	2145
4864	1026
2970	905
3962	3169
2630	2273
4127	2458
4144	446
5196	975
908	225
4176	258
1757	675
1462	778
5176	3293
4540	3863
4824	196
1359	1237
5209	3609
3906	274
3492	1133
3882	1166
1034	934
4921	2669
2418	1854
5177	1561
3309	1455
2275	1279
4104	1533
3153	2589
3907	600
4977	2907
2258	1519
2773	630
513	461
3160	1288
5062	2056
4552	1173
1249	695
3116	1025
3169	1723
5242	1356
3710	2970
4727	600
2094	136
3965	2263
2889	2416
3755	1758
4938	2065
3755	1093
3687	882
4734	816
3698	2559
3220	3038
2089	233
1224	91
4586	2895
3167	1889
2822	97
2749	2420
4104	3144
2490	326
4327	1519
5069	901
5188	1705
4788	861
4171	2005
3331	1212
5203	3144
3910	1127
1469	726
3988	3907
1680	876
4663	943
1723	118
2416	773
2285	601
5112	653
4111	140
4864	4317
5163	4864
3627	3156
5000	976
4616	1715
4127	3306
3834	3819
3710	2393
5076	2612
4971	3822
1469	948
2887	659
4076	3289
4739	515
4926	3454
4226	2021
1798	166
4823	1104
4630	1910
3562	2318
3361	1893
3331	1494
3828	1371
4547	1599
4275	4028
4428	2797
4727	583
2732	1429
1479	1354
1207	326
2992	2183
2509	1368
4739	1942
3986	1574
4149	316
2452	1836
3907	564
600	561
5129	599
3630	199
3093	1726
4195	1206
3664	1342
4089	2653
4378	419
4803	1893
4875	3321
2694	213
5223	4967
3786	1565
3810	1349
4934	1529
1312	417
2887	91
3802	3019
2902	2698
2079	74
5160	3306
1356	1162
5069	3454
3609	537
3169	577
4054	2365
1650	79
3933	946
3700	3664
3417	1758
4754	1785
2285	114
4216	1571
2147	268
5069	4938
4311	3295
2824	1907
3454	156
5061	2633
3654	1878
1127	172
2737	1293
1237	618
2514	1219
3874	3169
5175	665
2417	1907
2258	17
2065	191
2983	2423
564	75
3644	2708
5203	1077
3835	1758
3954	1736
3240	2211
4028	2991
2943	268
4178	2377
4739	2130
3169	434
4770	4178
3504	2021
1359	695
2113	1295
3212	1215
2633	1112
3295	240
3810	2352
4275	1824
2776	1757
4251	1615
4926	882
2970	1111
3548	2888
1657	1070
4879	1237
4178	856
2849	2653
3008	631
4864	921
4013	1779
4295	928
3578	946
2258	458
3300	1758
2219	1830
3420	1532
5127	1016
3358	2957
3109	2311
4171	1755
2612	339
1878	589
4803	2808
4971	4311
3710	1755
1117	819
3136	1104
2887	2048
1247	788
4954	225
4787	3169
2756	1561
4424	1208
5000	2358
2458	1237
3673	2749
1455	816
5184	1918
3526	1532
3973	3295
1970	1435
5238	3973
3054	1213
3975	1565
1293	277
3988	2783
4428	908
4864	3582
4738	2992
584	163
4141	2390
1237	489
2817	1657
3109	3058
1053	225
2529	1034
5127	362
4178	3856
1687	1198
3843	3627
3509	3169
2021	352
4547	2529
2211	1526
1440	756
3478	3109
2397	729
5112	4097
3478	1455
1758	197
4934	2574
4554	1133
2418	1206
4351	274
4026	1912
5000	2258
3548	368
4752	2374
4967	4555
659	498
3096	1723
3643	2239
1970	1632
928	277
2967	1237
3110	1087
3906	3156
4458	2991
4891	2407
2039	1421
3999	281
3078	3047
1735	581
3169	2313
4954	4849
4738	2183
4127	2789
4130	2477
2305	1237
3169	2149
3358	2358
769	76
3644	1310
3478	1093
4926	2653
5242	4971
3487	1265
4752	2109
3755	597
3548	178
2735	258
5015	4849
3169	794
848	600
2024	1907
3169	2382
2381	2357
756	196
2211	1656
5036	4739
2465	1757
3644	2847
5188	1755
3144	1077
3289	1469
5102	4171
4899	4879
4378	1086
3084	735
3548	948
3686	934
2965	1907
3167	231
3720	1293
2306	1171
4738	1918
3822	3295
4116	1918
4275	572
4754	2232
2756	1093
4363	196
5034	705
5078	4104
4343	2211
4309	623
2318	2079
5164	2632
2314	537
4689	1025
4540	3261
4295	280
1720	461
2749	1778
4171	2903
3850	368
5078	4849
1565	335
1918	26
4926	4803
3548	2405
5188	2673
5223	4347
4547	2956
2970	2393
3169	3022
3906	434
3863	3745
1574	180
1889	220
4171	3710
4625	4613
3559	2623
5078	4630
3710	3643
1356	1237
882	82
3077	2887
5046	3798
3481	2496
4097	1152
583	417
1682	1133
2875	18
4952	2239
3169	1611
3644	3411
4011	287
523	274
1473	1237
2771	1025
3822	1970
4819	2273
4070	2211
2381	600
4106	3120
5008	1020
4864	277
2970	499
2542	1932
3549	1682
5242	2853
3833	1752
4094	2653
5033	3169
2183	1224
1021	18
2830	2529
4954	3141
3598	387
4052	3491
3295	1112
3375	2673
2367	1519
4864	2479
4734	3120
2749	2279
2623	1692
1748	962
2633	1668
4834	2653
5196	3268
3691	352
4905	4166
3169	1390
4566	2795
4547	1715
1773	1358
4738	597
5241	2540
3444	651
1133	174
2769	1111
3643	25
2894	1429
4663	516
4864	753
4124	1077
3910	2589
2618	1357
4178	2737
2916	881
3843	2902
4856	28
5188	2279
4663	994
2887	1494
2089	1377
1778	1565
3481	244
3644	236
3644	2804
3549	1112
2589	2056
2318	2293
4116	1612
5238	4311
4803	2361
1157	1133
3213	3015
1435	515
908	166
2653	711
516	79
1208	1153
1133	733
4864	2211
4443	3993
2589	1421
5076	589
2436	247
2021	287
1609	417
4671	114
3673	564
4116	517
4824	3773
4500	2258
3396	511
4107	2559
3644	943
3988	767
3317	1359
3225	912
3015	137
3822	3167
3169	68
3546	1111
1565	277
4496	982
3566	91
5102	4853
2315	1224
4342	4178
4109	2436
2914	584
4787	1133
4347	1435
3781	3169
391	191
4275	1912
1697	277
1524	839
4407	1892
3138	2240
2318	1638
4111	114
2735	1127
4483	1082
3548	2416
1206	315
4438	4094
3169	1038
4109	2258
3410	1656
1157	1112
1417	962
2471	2216
4025	1131
2714	1469
3896	1757
3169	2222
3773	3038
469	25
4116	2847
4347	446
2356	25
3627	2697
4026	1772
1435	1131
1183	1127
2956	1995
3483	3169
4447	1016
4823	48
1127	495
5056	1907
5033	3420
741	695
3169	1208
5186	4444
2887	1942
3601	352
4466	17
4820	3630
1697	1133
5234	3212
4306	1907
3623	962
4447	1758
3210	946
3472	456
1907	592
5221	2887
4104	3257
5175	3627
4523	3411
2957	2559
3158	2314
3275	864
2135	816
4970	2781
4334	2089
3738	3300
2222	882
695	197
3834	3498
4275	2823
5219	1130
1249	561
4963	2823
4116	3475
3343	905
4171	2102
4075	3458
2589	906
2673	675
3529	3267
4428	1206
4239	3212
4178	2761
3644	990
3823	1574
4967	4104
3644	118
4428	638
3549	2929
3221	3169
1537	329
4347	2850
4271	3933
1295	583
4178	2812
1026	1007
3025	419
4523	4171
4466	1721
709	600
1907	1047
4178	758
2380	1429
5195	77
3167	1435
3548	1932
4104	2850
2526	859
1254	254
3549	231
2540	815
1013	690
3120	1127
4347	3609
4864	3309
3856	1656
5062	2970
4171	600
2870	1189
4141	445
3948	1533
3691	1237
4288	4178
4232	3420
2633	1460
4275	3598
3141	2315
2991	2420
4817	1533
2801	1878
2258	315
4075	489
3343	2213
4864	755
946	236
3853	2240
4244	4021
4272	1773
1632	517
4650	648
1038	946
4767	3038
1989	1186
1273	82
2892	2382
3289	2318
1723	717
2732	1692
4141	3835
1626	1565
3409	1758
2673	147
2749	2633
583	499
2781	2358
3720	2318
4396	3019
4956	2633
4178	29
5219	2756
4163	461
4935	3643
5208	1206
4271	1469
3257	2826
3169	2829
3987	3008
3644	711
3169	1740
4606	1009
2242	1565
4347	3781
4141	2553
2318	2113
2482	2282
543	114
3487	2352
3710	994
2554	2048
4438	55
3493	277
1756	717
3822	3549
3343	2623
4596	1540
4104	1632
2717	2356
3064	2240
4962	978
3169	2655
4210	1715
589	213
1189	191
4982	3169
3853	2529
4158	3907
2509	363
2417	75
5177	2970
4383	3856
2244	1312
4995	434
2482	1483
4347	2676
2452	2056
3169	2135
5241	2420
5078	1077
2314	1087
2113	1602
1797	1133
3225	114
3867	191
3577	3169
2890	806
659	105
3343	2039
4663	2211
4347	91
3020	2578
3141	1758
5177	2393
4404	4347
3128	2653
2183	1694
4622	1656
3100	2673
3184	156
2091	1082
2644	1435
2232	882
3896	231
3173	2749
2244	1127
4615	1440
3644	2314
3906	3019
5062	352
2887	962
1377	1222
3993	2358
1627	939
5160	982
2256	1535
3169	177
2894	2732
4879	2983
3257	2916
5133	4342
4347	3937
5202	2887
4720	1237
1970	1356
5203	2165
2211	1519
3420	3169
1237	1062
3867	2285
4028	2983
4663	3769
2526	2318
134	91
3896	2039
3012	1554
4493	3169
3177	1295
3029	648
3078	2735
4864	219
2730	1785
881	111
4076	277
1974	1757
1907	1696
4169	1356
5008	3944
2258	695
5067	4496
803	166
4664	4347
3503	600
1302	962
3169	2435
3699	2902
1612	1237
5163	3169
4130	1723
2902	589
3120	946
2436	1720
4485	1354
2537	127
3069	1342
3097	1149
5184	599
4320	178
5163	2653
4347	115
4178	2844
4093	191
5095	3755
1758	1571
3331	1785
5177	583
3549	1356
225	115
1758	1673
4387	274
5062	4752
1435	705
5049	3169
2923	91
4495	1026
2574	2065
1316	368
2894	1692
4849	1224
3331	1300
3221	2902
4128	104
1312	191
4244	3403
4985	4178
3682	2419
3015	15
3110	1692
2559	2303
4734	1206
4157	897
4967	601
4803	4071
4600	3720
2258	1261
2240	1924
434	274
3444	2380
5112	3466
3012	1612
1208	387
1038	231
2773	2258
3720	3286
2756	2223
3487	274
517	115
4347	703
4538	3420
3483	881
2653	794
3173	2653
3549	601
4226	1127
1380	118
4963	696
468	136
3906	3627
3644	1918
1982	1942
4905	4803
1889	231
3019	1612
3169	2970
2358	1970
3548	2154
4347	2039
4212	1127
4542	3169
3551	2147
4864	2357
3813	3169
2730	77
1237	923
4141	800
2318	37
2870	1531
3077	1249
3975	2862
3937	3643
3403	276
3223	1208
3343	3170
3566	3492
3169	928
2554	2540
1778	906
3169	718
2887	2698
3367	1153
3644	1830
4954	1691
4567	3833
2991	1540
3207	1093
3169	2766
4343	3403
1726	277
859	91
4383	1461
3594	1370
1533	1133
2653	1519
4752	921
4972	4518
3988	2887
3169	2765
3153	1859
3822	2929
5000	948
3169	2224
5127	1270
4343	881
2365	67
5184	4275
537	517
4104	1064
1237	255
5188	2957
2673	1082
3169	1603
1183	1173
659	417
4803	3627
1632	1127
4962	495
2318	1614
4137	2653
4130	2519
3169	1348
2412	1614
4148	908
3317	2554
4311	601
2749	2465
2991	29
4659	597
4491	1907
2365	1127
3834	2778
4606	507
541	175
4212	3160
3549	638
2789	1237
1697	1533
4552	2653
4540	3529
2630	2145
2970	2318
3015	1025
4439	2601
4239	167
3772	277
3627	2653
1449	1053
3843	3160
4275	2021
3110	2894
3718	882
1133	923
1938	1758
3713	3630
1133	422
3169	2367
3410	3088
4853	587
3472	2887
2804	580
4591	1087
2702	2609
3160	2889
4272	2407
3802	1284
4663	1942
5132	91
4315	2087
3160	822
4466	74
3228	2318
4408	333
2887	2393
982	939
4192	1533
4013	2653
1179	566
4480	1757
3169	44
1568	1565
3177	2318
3169	111
1533	391
3169	703
4954	2992
1657	1016
1723	1415
5164	909
4533	1237
3331	2974
3161	2653
3819	2435
1907	75
1034	698
3493	3169
3635	2048
4606	1305
2736	111
4689	2135
4351	3843
1570	1348
4275	2927
3710	1104
4803	976
4117	274
3175	1440
5170	3167
5251	5219
4347	2540
4734	75
2423	716
4178	4117
4767	2436
4148	2361
2549	1600
3605	3481
4727	196
4285	1127
3691	878
4658	695
1354	881
3966	2586
3213	353
2529	2479
3755	1224
5113	2808
773	515
3773	3644
1425	1311
4441	3169
4642	4334
1179	581
3343	2870
3025	2258
1469	1020
3213	777
1656	592
5196	43
2256	438
2458	277
4864	4137
1462	1198
1853	1207
2588	1059
5067	352
4026	2048
2714	2653
5175	1519
5062	3601
2258	1055
2749	2047
3773	91
2801	1059
3169	353
944	600
2113	1166
3664	1237
3512	1016
4210	1179
2653	2369
1353	1059
3343	3286
4144	4054
4232	1226
2091	711
3169	3038
2887	566
3169	2874
4970	3141
4187	2026
3169	796
4119	3756
1237	777
2646	104
4604	2749
2589	2244
4378	391
3546	1609
5124	3020
4854	277
1942	516
4178	255
4456	3109
5177	244
3635	1127
3986	2074
3203	333
4695	1680
1966	220
3077	1723
3307	3167
2778	976
2886	2356
1611	177
4347	1970
4630	2314
3120	766
4610	231
2826	515
2903	154
1912	881
3288	882
3975	2653
5133	1524
3993	1675
2258	147
4336	2749
2887	291
4868	154
3907	3812
3019	1473
4547	3966
1288	213
4306	766
4275	2416
2318	881
4171	1752
4171	1070
4666	3306
1477	1140
3169	2516
5213	4178
4157	3915
4340	562
4963	1053
1748	1479
2673	1351
3793	316
3790	110
4864	2974
1237	28
3173	1198
2258	499
4491	25
2256	1206
2916	240
4981	2091
3169	2009
4490	4171
5176	1055
4879	3454
1457	1358
5164	844
2956	1133
4315	2887
5184	2653
1533	291
2436	2065
3762	2039
4530	2749
339	274
4178	4071
4157	1587
3169	1173
3503	2039
2526	1274
4347	1469
4178	4068
4226	547
3410	1455
2393	1988
3755	1455
4734	2887
3019	43
2240	335
1758	709
3975	2315
717	114
4864	1574
4347	1141
3344	3212
2566	1720
4777	4663
630	231
3417	1565
371	221
1237	371
3644	2372
2653	2570
3644	901
4210	1206
5067	3691
2256	589
3331	371
3169	196
4254	2957
4864	726
4718	4157
5000	191
1462	1295
3973	2749
3161	1790
3169	1039
3173	2258
4872	2211
4970	2105
4787	4088
2263	2256
2352	1878
4484	4210
1602	1166
3169	391
3643	3431
5238	618
3986	2211
2211	258
2285	872
3819	3644
3843	2256
3854	631
3834	2047
3753	2732
3562	419
2289	703
4371	2352
4479	1785
3993	2887
3240	1757
4340	4178
2450	43
4856	2091
5213	1273
4685	3169
5196	717
4864	4414
2578	1469
3988	2646
4718	163
4191	1026
3169	2630
3831	2589
3411	2653
4193	943
3169	244
2273	741
4864	1305
5188	4864
2407	962
2318	1494
2578	803
3478	3169
3753	2183
4776	2665
2581	2330
1365	1237
2356	60
4130	2198
2318	1561
4853	309
3887	1907
3088	1721
2211	1455
3982	1758
3295	2285
5188	156
3458	930
3896	564
3141	2749
3257	114
3988	3306
4187	2719
2653	944
3492	2258
3819	1224
4582	4015
3361	2797
3755	1237
2260	1757
2956	600
2609	2089
2222	961
916	882
4210	1735
3975	166
4845	3644
1237	391
788	371
3896	3169
5238	114
2653	1047
1758	29
1265	180
2358	191
3790	2887
4141	3458
2797	1685
3492	315
4864	3152
4895	4128
3762	869
2870	2113
2021	547
4943	292
4021	881
2827	1970
2516	1319
2653	2324
4171	3444
4732	2775
3040	2407
4141	29
2147	1533
5170	4971
4899	1638
4317	2258
4823	599
4404	2183
4468	1247
4779	3169
4400	1043
2244	236
3436	1697
4243	3158
881	807
4727	2887
1198	815
2289	2039
1896	191
1486	191
1886	456
3644	881
4402	2318
3207	2574
3975	2992
4044	2749
2417	599
4116	171
4852	1270
1469	1293
4642	1932
5238	1889
2465	2258
4663	2416
4148	1316
4663	1533
2887	1312
4600	3169
2889	2223
3169	430
3175	540
3993	2318
4015	1469
507	60
1907	1053
3141	43
881	816
4511	2435
3649	2509
3598	3487
4891	2273
2970	1469
4552	3598
2499	1348
4807	2589
2154	1020
3481	1878
3352	2372
5241	3262
1656	329
2853	1356
1249	163
1627	280
2324	1219
3608	1279
2965	335
3169	175
2585	2318
3739	2708
4402	332
3169	1065
3475	1752
2358	91
1141	1077
2416	2273
5094	2390
4939	2065
3529	962
1602	659
3483	156
1425	962
2889	2500
4864	816
4189	2521
3834	2418
1532	997
2630	1918
3835	946
4495	642
4970	1893
2318	274
2211	583
4378	3267
3285	2240
4547	561
4148	2491
2653	55
2258	994
1853	403
4483	3937
4244	2211
2991	363
3915	422
4521	3403
2147	276
4408	2875
4663	156
4400	3608
2500	1691
3552	3169
3483	3261
2380	2154
4428	2492
881	794
1781	1206
3822	3169
3948	2211
2970	417
2031	1632
3933	2183
1166	499
3772	3687
4540	4295
2380	2356
2736	2244
3343	2318
1907	711
4244	2091
3564	3169
5149	3169
4107	3698
4540	2887
5188	1348
4378	2183
1455	498
3640	2943
4347	4013
2031	1995
4689	43
5046	3667
5008	4507
2318	417
4244	1803
231	104
2285	1038
4484	498
2749	912
5037	1757
876	543
3630	1031
4157	2258
5062	1349
2970	2113
4864	994
1830	1107
4094	3150
2808	15
5000	1237
5076	1267
4400	3280
3844	3743
5221	4275
2213	1348
2589	2113
5184	5175
3213	2420
4507	1237
3755	2315
2665	1025
1206	982
4240	1565
2789	25
2916	2393
2778	2436
944	816
3769	3019
4226	2089
1319	511
4192	962
4195	3643
5170	3822
3169	1779
4495	2500
3169	873
2749	976
1878	387
3710	897
3548	838
5015	2827
2887	2623
1316	1206
3167	2380
3017	464
1696	1469
908	140
2887	1600
3029	2731
4952	139
4076	1533
4542	2147
4070	3141
3822	2731
4598	4141
2240	769
3169	1164
962	566
3988	1435
4347	1494
4054	943
3134	2462
4127	3031
1824	196
2892	515
3125	2991
1561	729
5184	3988
2736	236
1455	222
4971	1716
4934	167
4752	97
4026	1206
3109	803
2849	1171
4347	2826
5058	2211
4963	2630
3169	258
3449	277
4396	1237
4178	2413
4849	4104
2894	2887
4921	2900
4580	3169
3005	68
3644	371
4347	1224
3153	75
5063	1133
3643	144
2091	246
3401	1273
3169	176
2971	2849
5242	4311
2669	803
5127	1657
4124	1183
3038	2436
4334	3454
2589	1151
377	277
3551	196
3169	1989
3544	1668
1878	274
2258	461
4178	1772
3710	1430
1685	1657
1533	978
4166	1354
1237	280
4744	4689
2211	587
4663	2597
3138	2147
3262	3116
3973	2481
3644	417
3874	3420
4864	1374
3078	91
1434	1237
2826	1469
4189	2673
4343	1429
1912	104
2031	1348
5232	277
5160	3993
2026	1922
1047	859
2409	1974
5175	1985
2967	1995
2521	1469
1913	1133
4124	537
3856	564
2902	339
4347	566
3834	2927
2889	773
2293	944
4482	353
4496	1565
2600	1206
2586	599
4347	990
3834	3012
3454	303
5188	1131
3358	1311
4530	4275
1316	705
4174	498
4663	1440
3160	79
5251	1549
1127	144
3933	517
3790	91
3481	589
2673	2039
3564	961
2417	905
4407	2056
659	368
3933	1694
3464	3220
2844	1549
3810	1627
3762	3177
3746	928
5223	3358
4864	1683
4386	3169
4849	3169
4864	3627
3169	2211
4105	1565
5010	1358
3275	3228
4963	572
4856	2387
5188	1164
4141	2465
4178	717
2850	2315
3942	2240
2886	1272
1319	77
4144	928
4433	4378
4658	196
3084	332
982	766
4347	3896
5170	1112
111	104
4438	3341
2749	1545
2079	1632
3169	2956
2318	469
2113	1348
4852	2285
3899	3169
4981	43
4856	4109
2318	60
1723	1316
2653	315
4493	2358
4919	2589
3221	274
684	231
1348	838
4484	1179
4809	4089
4879	624
2285	1435
2285	1356
4934	4109
1942	1758
3160	773
1070	362
2482	1455
3012	1455
4706	3109
4347	2526
4536	277
4171	2756
3257	928
3835	3169
3153	2423
3478	946
2279	1455
4970	3078
3170	2623
897	480
1353	213
3100	1206
4490	521
2849	589
3928	3472
3064	1358
4076	2448
4286	540
3122	2258
2025	274
2240	1029
5223	711
1889	1435
2219	1565
3169	566
2154	1877
2258	1565
2923	2887
3699	1133
316	75
3710	1131
2258	1922
767	659
566	138
1675	705
4914	589
3403	2553
4178	3442
5219	3906
3295	236
2358	2183
5015	1224
2367	1390
4954	2183
3275	3169
2578	231
2589	1696
4954	2731
4583	2887
2887	2529
3275	2694
2630	2289
2418	1758
2318	1415
4371	1349
3710	1913
4864	3055
5132	990
4054	3411
1300	77
1803	815
3707	767
2887	2051
4856	1077
3169	709
592	82
2817	806
4646	2258
5209	1077
3830	468
4128	2211
3644	2365
4591	4171
4706	48
1477	1237
3331	815
174	25
3257	946
2435	368
1995	1171
2450	1319
1571	1570
4496	3240
2653	1626
3546	2318
4148	197
2529	1868
3710	740
2031	1602
4615	1697
3546	587
5170	872
4109	254
3562	25
274	77
2713	77
4819	3169
2886	901
4106	2887
2076	196
5238	600
2091	270
2358	1224
3245	3169
2727	1457
1087	778
2956	592
3710	1206
4189	446
4661	45
4178	3162
2436	391
366	97
4021	561
4311	231
1985	1565
2526	352
3697	3169
4127	946
4727	3700
2540	1213
3988	3100
4266	2370
4275	912
4094	1152
3942	1574
2257	587
4479	105
2258	962
4614	4451
2537	2037
838	111
3481	1319
3608	1237
1519	104
2258	2140
3471	1371
4026	1038
2182	118
2370	916
1932	1532
1561	1127
1284	884
1153	144
3169	1549
3682	1349
2926	456
1206	897
1454	884
4396	274
4663	4566
2653	2578
4141	4071
2154	1529
5208	4954
3745	2633
2676	2318
3608	1070
3317	3117
2633	1458
4210	839
4357	1016
4171	2957
3548	1417
4738	4511
4458	4141
2633	566
3570	291
1295	766
1421	905
4662	3431
4289	3169
1735	1627
1133	276
4052	2983
5057	618
3962	2258
3466	653
3975	3169
5115	191
2957	1697
2258	1683
2917	2358
3352	2957
3257	1694
3643	1883
3116	1878
4547	3570
4905	1656
3896	3207
4024	2916
2957	2916
4752	928
3710	1455
2416	1066
5102	163
3906	3160
3933	3755
4157	2499
5130	4439
2970	659
4974	105
4141	709
4178	1236
4738	2315
4663	2256
3975	1206
4659	2258
5196	803
4493	1612
4864	4419
4209	3720
3213	1932
3933	1455
3566	990
5241	4048
1353	1265
2887	247
3509	1007
377	44
5209	537
3160	274
2183	2079
2361	114
4244	1907
3197	2601
3317	2087
1533	777
4148	1359
4962	3343
2776	2450
4275	2991
1533	1520
4767	3169
1396	720
3275	3015
3367	2540
4521	3169
3772	1982
4124	225
2108	1757
4456	114
2358	1723
4347	3993
3529	939
4141	276
4542	2064
4864	4028
4141	592
2653	1696
3601	946
4615	2671
5076	1535
1104	599
4963	3442
4104	1469
3420	3015
3169	800
3682	642
163	74
2087	531
2954	1565
3644	3492
5242	3549
1440	180
2887	2091
3498	2737
3335	3169
5033	1469
368	79
3213	1198
2750	391
995	277
4104	3109
4294	1026
659	597
2850	1691
3751	487
1473	1469
3988	943
4171	921
4141	4125
4864	1566
3169	2966
4171	1036
2521	2318
2263	527
3169	1742
3472	1779
4072	1348
2923	601
2653	1274
3220	2065
4265	2139
705	498
5078	537
5132	2436
2198	180
4383	3498
3762	1335
4864	3988
3100	2258
2887	2797
4343	1907
3944	3169
2273	1062
1354	1162
5177	3169
3078	990
3710	2145
3906	589
4347	1697
3169	2416
4447	2923
3160	2306
5069	3169
4552	67
5160	3822
4479	777
4088	923
4097	2902
3169	2951
2499	897
3169	1426
4566	2143
2673	2555
2315	91
4861	1237
1785	48
5232	2653
2318	1723
4178	4045
4424	3169
3169	2669
884	716
3577	773
2817	362
1495	921
3867	1020
3623	3267
2036	1455
2222	243
5127	4530
2393	659
2257	1295
2866	1686
3627	1265
3702	2318
2039	1533
2465	1574
3169	1995
2393	566
3410	2529
1781	1565
5219	128
4054	3023
4097	339
5190	2258
3169	225
4178	2746
2923	599
2048	946
3987	1536
3834	1454
2407	847
2889	515
2870	2318
3988	1574
2393	2051
3664	2870
1893	1266
3169	255
4864	733
3482	2318
3135	3078
4532	1186
2633	1988
1803	270
4013	944
4845	111
3377	1133
5129	4807
3491	2318
4675	2797
3997	2240
3793	2750
1907	429
1494	371
5063	2756
3975	2850
4582	4089
3691	3345
1554	1455
4128	2219
3710	222
1533	495
1910	1036
516	489
3664	1531
3700	3411
4106	1469
2956	2465
3906	213
4275	3896
3643	2875
4342	419
3169	360
1752	1087
3169	3117
3169	497
3503	2775
4364	1624
5241	1907
1237	498
4141	510
2967	2293
2258	29
2875	1455
3933	1469
2318	476
2970	587
3609	2289
3169	2076
4402	2183
4625	3161
3063	928
5026	1349
4864	2668
4178	2703
4178	1162
1469	716
2819	2318
3169	1351
2887	1657
2749	2529
4402	1166
2945	1656
4178	382
3758	3598
3830	1798
3156	2902
3244	1565
2708	741
4347	3169
4659	853
2627	1208
642	231
3948	1469
4404	3933
3822	2853
900	139
3268	2773
4845	45
2708	2554
4171	4128
3478	43
4246	3130
3169	2954
2256	118
3169	213
2945	688
4952	3644
1306	104
1237	908
2219	1533
5015	1469
4028	1757
5196	2108
4347	1691
4864	3410
4149	3644
3608	2275
4476	3169
2278	1656
4543	114
2282	1974
1265	904
1611	1039
4496	3630
5184	1912
571	561
4347	881
3546	499
3702	1533
4864	3072
4097	589
2293	1692
4319	2089
1896	576
4849	3358
4076	3125
4864	144
5188	2970
3699	1249
4013	43
4663	1779
3755	1626
2653	2633
3835	1565
3169	282
3843	274
3710	2146
3969	2945
4954	4104
3144	2314
4495	4407
3644	91
4190	1038
3977	3169
1705	163
4157	2273
1907	1638
4642	1377
3546	1166
3040	2130
4864	1758
2146	944
3015	1273
4864	2369
882	674
4275	3757
3512	599
2529	1131
2827	282
3664	3084
4289	1093
3109	1455
4107	3644
2827	537
4706	3673
3598	274
4811	2140
2318	154
2589	1359
3822	2285
4070	1034
3448	45
3444	1356
4455	2482
5238	1435
3169	543
726	111
2827	2314
4803	4439
2021	516
3644	2676
4225	1036
3215	1455
4295	1526
4295	976
3679	2574
1455	881
4981	984
4250	762
3483	371
3644	1312
674	113
3769	2416
4171	1802
2849	2612
4243	600
2249	1878
4511	3109
4540	3169
3644	1694
3454	2519
4954	3644
5069	3261
3996	2305
5219	2223
5069	3119
4663	3739
2970	1561
2923	1016
4254	2130
3169	3028
4952	581
1912	1455
4663	1974
403	326
882	153
2500	1918
1609	659
4174	1757
4141	4109
3169	2087
2827	1469
2887	601
4803	2927
4400	3548
5176	1455
3856	2653
4965	1293
4995	3644
2970	2540
5116	2091
3937	1141
2673	1354
3169	3156
3793	576
2765	1425
5069	839
3169	2258
5127	921
3845	2965
4507	1910
2091	1415
2890	908
1884	1600
4311	1112
4318	3644
3822	1127
1830	1086
1803	43
1059	274
4879	3008
5051	2673
5209	154
3548	1021
2673	1455
3644	3315
3882	1602
3644	2735
4026	982
4127	3896
4124	3933
2273	2025
3310	2275
3531	333
2866	2529
2749	2051
3169	3052
3169	352
4868	720
4247	274
4853	3580
3078	2653
4048	1244
4747	997
5232	2087
3699	1535
5209	3144
4685	1440
4042	881
923	884
4899	4639
3289	2358
3549	2847
4727	1141
2623	2089
3707	1312
2756	43
2289	75
4371	741
2817	1016
3111	3069
2716	1237
4178	3055
3169	1462
3169	2900
3257	618
884	461
3478	1691
4864	1561
3169	1460
4964	2183
4926	2258
3169	697
1312	997
4244	2154
711	564
3598	2352
4063	1047
3896	2673
2211	618
1787	1739
4111	2892
4347	476
4856	2646
2574	419
4327	2081
4191	1007
2380	280
3240	1237
4347	3233
3975	1455
3213	137
5067	4210
3896	1469
4244	4148
1183	156
4482	274
4864	147
4347	3482
4013	2559
2256	434
1614	1077
711	104
3943	419
1455	227
600	360
2653	144
3644	2870
3509	2756
2826	1131
3644	1533
3933	1632
3019	1602
3169	3134
766	711
2887	726
2024	1785
2653	2632
3915	2589
1342	630
4864	3975
3548	3111
3907	2971
4663	3019
4075	1237
5056	2776
2318	118
4864	1829
3487	3169
3343	2393
4487	742
2219	1757
4582	1785
5036	4212
3769	3403
2916	2887
3700	2870
5188	516
1469	928
3122	2673
1053	537
3244	2775
1657	362
3916	2021
4663	2062
3664	2765
3300	2673
4964	537
3173	2673
4087	1413
4518	3720
2313	589
2258	1417
4171	1838
2802	274
2263	1878
5234	3344
4210	1866
4864	2318
3644	962
751	45
3064	1574
4141	4034
4864	3562
3785	1942
4466	2089
1461	37
515	28
4141	3954
281	144
2311	844
2258	932
2222	1653
5067	447
4428	1424
4934	881
3686	1133
4295	2053
3225	3177
3025	2970
2365	2098
4554	3793
5175	4124
4864	3141
3120	1565
5203	537
1918	236
1918	1237
3169	1224
4483	2549
1758	1047
4899	4400
2673	143
3526	3015
3973	2258
4630	1077
3169	291
2105	1237
3442	1237
4072	456
4046	3019
3160	1878
2673	2108
3169	1380
4956	1565
4015	3341
4021	2000
4552	1758
990	104
3610	2021
3160	1225
4378	4127
1207	403
2788	2318
2423	1473
3948	37
3498	884
4178	1250
5127	3295
2108	2091
3169	2623
3257	3109
5033	2887
4178	82
3169	1236
2458	1127
2951	1697
4864	2372
3635	1461
3819	2031
4439	3169
3169	2311
2870	1166
5208	1758
4378	1357
3158	2752
2113	659
4853	3418
5188	4178
2916	1723
2331	1683
3420	118
5057	1469
3627	2222
2889	2222
2756	2581
4383	1441
905	368
3342	48
3213	2669
900	422
5162	4864
4466	4342
4864	2159
788	316
1758	1578
2211	21
3598	1607
4864	735
3015	77
1237	583
5223	2992
564	429
5175	3834
5177	2113
2089	824
3822	1503
3746	2789
3169	346
5219	1653
4507	1036
4171	1954
1758	1529
1561	1348
2367	878
4613	3122
3888	1785
4718	4011
1819	1237
2482	1519
4678	1237
2892	1435
3843	3598
4178	607
4013	3167
2436	1237
3679	1535
4339	537
3489	3169
3169	2152
4663	1093
3933	908
1469	242
4013	943
1830	1533
4130	2357
3915	1117
2318	701
2653	143
2435	923
4166	3984
1354	975
5033	4347
3015	127
4141	735
4864	3950
3169	2961
4104	154
3138	1249
1758	1696
3078	2315
2589	543
1920	1288
2374	1469
2586	1354
3598	67
4594	1565
3458	2496
3321	1785
5116	3169
3478	1918
3167	517
2892	703
4970	3710
3910	1519
4864	3261
4485	3644
4011	3610
3888	3015
1403	104
2273	498
3160	2653
4063	1757
3213	1532
2240	1162
4963	4117
4327	587
2717	2164
2230	1206
2795	1038
516	180
3257	824
4028	2653
1687	1348
4950	1469
1050	515
2957	2553
3153	1311
3233	1237
3257	1224
1716	1356
5213	2756
3643	1274
3772	3169
4663	2381
3975	2380
2768	2147
3411	25
3975	1691
1785	137
4547	975
2285	1889
4342	1907
2961	1779
5184	1721
2089	1157
3409	2258
2653	901
4727	3546
2780	1828
4396	3156
1455	18
1070	1016
2558	2110
4580	4084
1133	838
1907	1705
3169	2660
1237	749
4355	4117
819	773
4444	2358
4734	4144
4141	102
3548	1449
4956	901
2293	419
2318	1270
4383	104
5251	2902
5062	1050
4130	2273
4193	3566
511	434
4663	4141
3169	37
1455	45
3487	3290
3977	67
2629	1566
2870	1469
3245	2886
4582	189
2318	648
4591	3753
4911	445
1310	196
2542	674
2358	1127
4513	3420
1917	37
3937	2318
3063	191
3802	1316
4107	642
3169	2730
4823	4659
2387	1483
2091	1047
1237	430
4148	3020
3169	2772
2159	1656
3478	2289
5184	1206
3601	939
882	177
3790	3220
3167	1434
5069	881
4094	3169
1675	1566
4777	1237
2311	1237
2957	1533
4490	4321
3580	3078
4935	1293
4744	1533
2574	1237
4466	2997
1716	601
1276	274
4141	3173
1111	140
1561	140
4965	4402
1078	174
3755	1469
2284	515
3644	2397
2971	274
1600	1342
3169	884
1565	881
3710	2292
5126	2769
1469	905
5076	1878
4583	3078
4275	276
4466	934
1469	1111
1758	458
3906	2756
4864	1111
1435	498
2749	1405
3906	2588
2240	1034
4178	515
2574	1469
5203	2314
3882	583
2967	2886
3169	881
3835	1206
3357	3169
4952	4484
4158	4141
4752	4275
4863	3169
2749	2746
2749	2418
1440	43
5196	1995
2808	105
2222	916
3122	1469
4950	2244
1469	1413
2632	1349
4131	424
3888	1687
5133	649
1574	268
3169	2580
3739	881
4243	3686
2801	1265
2578	1632
3169	3019
2700	1565
2775	1587
1206	816
5062	583
3466	3169
5184	1757
1549	1059
3331	2540
2971	1907
3975	2258
2673	1272
3995	1455
4119	3504
4438	303
4178	4052
2477	2048
3169	1942
4666	746
3169	2042
3952	77
1077	537
4286	3605
3286	2623
3694	2887
2525	1705
4347	1310
3358	2293
5008	729
2735	3
2154	1533
1756	1348
4579	2698
4864	3045
2957	1231
3169	1756
3396	2370
2087	946
4178	1653
4663	495
1237	1195
2850	2183
3410	1721
2850	1224
2318	491
5008	944
4849	4630
2673	1179
4127	2318
1265	274
2559	17
4507	672
281	91
2653	930
4111	2091
4327	2890
1535	1319
3755	1565
3169	3109
2390	599
709	566
4675	1133
4117	3843
5238	1038
4750	3644
1696	1656
2458	2292
3691	939
3843	339
4879	4178
5213	3169
3169	1938
5195	4963
4275	3410
5015	3975
2357	2024
2435	1632
3123	1127
1561	583
2499	1587
5008	803
4496	939
3643	247
2410	136
3834	976
3144	1183
1977	1696
3757	1785
4178	3276
4253	4171
4174	3019
5219	2338
4967	1206
5241	3213
1638	419
1469	154
4739	3040
3529	2358
2653	1561
4864	4343
4868	2311
4734	1918
2318	803
5164	2293
3169	1566
4379	3245
2949	1758
3797	3765
4864	3896
4706	277
3078	1758
2776	2673
4342	3464
4116	803
561	495
3643	928
3331	1974
1758	315
2549	839
2079	1293
3038	2109
2633	1417
2546	1455
3483	3464
2529	91
3790	1390
3566	749
4026	566
4954	2500
3644	2554
4130	2887
3343	3233
2887	1533
3169	281
3169	491
1656	854
4752	1237
2653	1568
4472	3169
4192	156
4970	4663
1435	717
2653	276
3220	507
3822	729
4275	2574
1736	631
4024	3915
4244	3331
3169	1293
3377	1856
4902	1455
4383	277
4244	3169
839	719
3906	2424
3343	127
4734	2183
175	3
2318	905
3702	1850
4864	4152
3403	943
3973	1758
4178	2527
3475	962
3025	626
3843	3290
2997	1522
4178	1062
1133	495
2281	1736
5176	1127
2578	1206
2318	246
4254	516
3819	3169
2154	1697
1533	962
3720	1884
1658	316
1351	1206
4864	3352
3410	2653
4347	2708
3966	1696
3691	1519
2285	270
3167	240
5242	231
3896	1206
2554	944
4336	974
2380	270
4580	368
1907	335
3627	2694
3343	1469
4952	3810
3755	2258
5067	3240
3973	1435
3169	1251
4879	2064
3623	1830
2887	592
847	196
5062	857
4171	3975
3343	923
3454	2213
1362	717
939	352
3280	2653
2914	1533
4864	111
881	227
4141	618
2971	2258
5177	3454
5223	4950
4952	172
5043	1718
2465	1440
1237	127
3928	1127
4952	1131
2076	1469
1752	1196
3531	2756
3664	3169
1224	803
4383	3503
1396	254
3012	962
2903	1632
1611	1101
2183	816
4700	2087
2589	1755
2719	1371
3169	589
3868	1007
4891	2318
4967	3753
4327	1533
2382	2358
3022	2653
3887	3169
4485	1206
3643	75
3975	225
4317	2749
4591	2293
1213	1198
3993	539
1007	642
3720	3169
3753	3475
4024	2526
4097	1907
3436	2449
3020	1723
3343	847
3031	1469
1270	1038
3948	1519
5008	1758
3635	154
4428	1657
1773	1532
1632	923
5188	1576
5252	4899
3410	18
2211	29
2801	2263
4178	2558
4967	2183
274	213
1533	419
4864	2241
5241	4144
547	287
4379	1153
1237	174
4902	4663
3872	2273
3933	2318
4820	1532
3169	2452
3288	2756
3882	2393
3072	1907
1565	1417
3962	2087
4347	346
3975	1237
1311	1224
1627	1293
3167	717
2889	2673
5076	4369
5036	2889
4861	1469
4970	1304
3962	3454
3769	1819
3472	1483
4072	3644
3310	2587
4171	2258
1532	1358
5196	1435
2700	2653
1656	699
4480	2749
2612	2263
4141	2418
2183	171
5015	4738
510	102
5076	3654
4727	3598
2765	281
1396	717
2318	1528
3298	114
5241	25
4630	4507
4864	315
3169	2980
4579	4178
4371	3635
4321	1910
2928	2749
2632	675
2768	1574
3458	489
3781	3753
3822	2578
3546	1348
4466	335
3654	3367
3169	1879
3720	299
3643	2279
3772	1785
4864	2199
2673	2219
4970	111
5132	1038
2749	642
2632	114
4320	857
3549	1157
1429	68
1944	1748
4026	156
4408	665
1130	353
3609	946
4097	2801
4493	1237
5062	3169
4864	4720
5184	3755
5129	3100
2039	597
1356	651
3720	3700
4807	2240
1225	773
1970	651
2361	1127
3753	1918
5223	978
4046	3769
4856	3169
3293	1237
4893	4311
4295	4093
5046	4347
720	566
4106	3233
1186	281
997	653
3627	597
4967	4864
1697	1469
3429	3169
3835	2749
2749	276
2318	928
3781	975
3739	2887
4347	2143
4097	2653
3937	3207
4671	2291
948	939
3498	1440
3307	2258
3644	171
4271	1694
1995	1692
3169	77
1697	1189
5116	3019
3097	2653
4954	4024
2559	975
2365	2091
4400	29
3546	2031
3608	630
2750	2492
3907	1574
3548	2550
3411	1455
4914	3598
3522	2775
962	600
4963	2780
4727	2113
2805	2279
4493	1718
1295	277
3257	3177
3289	1455
1632	1310
4864	1529
1473	626
2653	1198
5203	4104
4479	882
4884	3679
3574	1565
4347	1127
4407	4191
3478	1183
5177	2031
3078	21
3856	2673
4371	675
4777	4115
4447	1455
3548	270
4447	2211
3184	277
3167	1716
4864	1587
4272	1457
3141	2358
4864	1300
4097	2263
844	254
1342	1310
3679	283
2737	2529
4974	1237
4447	4141
3566	1369
3257	132
4543	3169
1365	274
3078	2547
4111	3065
4097	1440
3856	1757
1237	281
3045	1206
3167	935
5015	3644
815	270
2303	1656
1848	236
3529	635
3169	803
3482	115
1718	1473
2318	1390
2211	564
4111	1362
3607	2318
3755	1131
884	456
4210	172
4598	2135
4347	1995
2542	1449
3969	962
3207	3169
2927	1656
3910	878
1127	592
1557	1237
5012	3436
2925	2633
881	236
2630	1862
2211	118
4141	147
2929	2630
4495	767
3664	3343
4511	499
4967	4141
2418	2258
5076	1365
1565	1458
5140	564
3718	916
4864	2788
5000	1133
1237	587
3872	806
3454	901
1723	1047
4226	3610
3710	2224
4555	3773
3778	2890
4727	1561
4070	2147
3078	1918
3503	3169
4594	4094
4379	4015
4613	2087
975	716
3169	361
2888	1696
1918	333
3973	1356
4097	2612
806	316
2219	1107
1748	118
5219	274
2957	1224
2147	706
3888	2808
3156	274
3169	1082
2211	329
4963	3100
2051	332
2901	2749
2566	900
2589	859
2292	48
1974	1038
2275	699
4178	1912
2273	943
1756	104
3097	889
5184	104
4378	3644
4144	1533
2956	172
4675	3710
5221	3169
3700	2804
3169	2509
1561	659
3028	2087
5160	921
1612	746
2902	434
1533	1107
3120	1141
2578	2135
2358	1918
1127	28
4543	3207
4013	2211
4171	2219
3370	3261
4970	2211
4864	2278
4490	3169
4054	2889
4651	114
1309	1038
3261	1295
4479	1611
4171	3822
4511	26
5102	897
1918	1632
2853	2285
2630	717
4911	853
4141	1696
2646	839
2147	718
3111	806
3144	2526
4447	2258
5202	2549
1348	417
2039	368
5015	37
2887	905
3667	3169
766	75
3753	681
4964	1305
3120	1758
4706	711
4552	3907
4230	3775
2183	1600
4428	1726
4244	2916
5223	3635
2352	274
4402	1469
4428	2853
4212	1974
982	600
3753	1752
659	114
3411	2039
4678	2578
3620	3070
1435	601
5200	3169
4805	4439
3810	3111
2244	946
4228	2419
1587	163
1295	495
4963	2703
5198	4347
2479	2357
2901	709
5190	1534
4543	1293
4148	2091
3834	1424
3988	2673
2949	2749
2665	709
4646	2653
3933	923
1720	1561
3169	756
4141	727
4807	4087
1206	147
4225	3822
1565	1461
4089	1457
3240	948
4727	1111
3548	2397
2971	1758
3835	2311
2954	2653
4734	29
4511	2183
3257	91
3331	997
3038	2633
4586	1055
4886	1656
5026	618
2612	1208
2258	2219
4053	456
2623	2318
2850	1694
2113	583
4320	1237
2970	1609
4251	1878
1224	37
3874	2230
3160	1565
3698	1273
3420	1208
2147	1657
4879	2702
664	422
1758	1561
4954	1237
3160	1980
1047	18
3834	3078
2314	1469
4547	2279
277	227
5033	44
4700	1455
3562	1469
2887	2526
3973	651
4566	3718
1469	118
2927	649
2436	900
1755	1133
1574	706
3781	717
4921	1942
4141	4044
2477	1970
4383	246
2352	882
4044	2870
4805	3008
2749	2324
4275	1763
1157	302
2258	2145
3663	2091
2797	2749
4400	1364
3630	2961
4797	144
3673	2091
5012	3169
1602	601
3790	1237
3409	2211
3625	3548
1469	820
4174	3169
4104	2847
1208	1039
4178	273
4306	4141
4846	1469
2578	978
3391	2284
2971	2211
2364	1656
4727	1295
4178	2361
1458	458
2102	2084
3384	3169
4171	3624
4483	3793
2526	1237
4491	1469
4400	1279
4275	2971
5102	4690
3762	3025
2587	2267
2318	1995
2623	962
4921	1039
4439	901
2436	1270
4776	1237
3167	2853
3570	1921
4962	3962
2465	2240
4104	2917
2612	434
4663	3177
4701	1907
2240	244
3594	3169
3552	2826
4402	2051
4311	3167
4954	537
3999	277
3169	2554
3160	1535
1736	788
2653	2393
4225	2632
2808	1036
4111	3574
3012	1206
4849	537
1533	1086
371	360
4240	456
4864	4272
3906	1878
3643	2039
4826	1208
4954	3933
1274	264
847	213
3221	1549
4141	1133
4956	1758
3167	601
5000	4295
3169	1029
4600	882
2091	102
391	91
2574	982
2827	37
3317	2147
2211	1574
2804	1052
4954	2850
3015	864
3244	368
1133	1131
3560	1985
4879	4171
4952	939
1093	274
3478	1694
5069	3550
3126	881
4210	2589
4869	934
4250	3420
2956	521
2887	943
4964	4104
3064	2147
2660	445
1435	1274
4971	3551
4767	2566
4122	2249
4141	149
3973	2285
2263	1650
3757	2211
3798	3169
2892	2727
3548	1715
4087	2361
4868	2358
4734	1786
4483	1657
3664	196
219	77
1748	274
4046	1038
4107	3418
4671	1342
4849	3975
3411	2829
1206	104
3091	2869
5202	4864
4964	1469
3177	2519
4171	247
2147	1574
4243	104
4675	630
2871	1237
906	156
3031	1284
4466	2076
3169	3032
3781	630
3449	299
3286	2870
5175	4100
4864	3590
4311	3973
3982	3367
2773	316
4513	943
4166	2756
4013	599
4383	1668
4718	1329
2258	1025
4706	4244
853	371
4141	635
2521	1705
1503	277
5242	2769
3020	2526
2087	1859
2509	1240
2827	1224
3529	1086
2886	2812
2827	225
3995	1173
1830	962
4158	2091
4552	2258
3078	2258
4378	3598
2258	1574
2258	276
4116	3635
5234	2130
3856	2091
4591	4178
4869	1574
3598	243
3170	233
2047	901
4104	1473
4591	2700
3343	3169
4189	2526
4315	3017
2801	1319
5070	3167
3644	1375
2031	583
3169	1212
3464	1237
4738	1224
2662	2005
4864	41
5046	881
3361	1399
2559	1458
4439	3802
3069	806
1183	154
2727	1824
2198	1571
1627	806
1574	636
3317	2708
4739	77
1612	908
4803	2356
2361	515
3888	137
3627	2263
3197	1856
589	434
3169	3160
987	576
4476	3937
1081	1007
2091	43
5033	3213
1237	346
1025	822
3005	1127
4905	3548
1736	824
3707	946
4552	2358
1571	485
962	946
4124	2183
1127	1038
4244	3664
5063	495
4799	2380
5133	197
2956	277
1469	175
3566	2275
3993	2632
2676	1293
2031	1166
1295	156
1349	156
3924	1421
4921	4369
4853	1016
3045	1757
2258	597
2047	1565
3072	2358
4024	2529
4428	1685
2669	1748
3627	3169
1694	346
3699	274
5223	1053
2971	2653
1736	943
4934	1848
2293	2273
2258	1351
4864	149
4275	4104
2992	2862
4875	3888
3213	2363
4846	3478
4937	4178
3169	1133
3478	803
4852	4767
2452	1295
2257	1237
3478	1469
3487	2653
2087	1034
4864	2432
3169	329
3944	876
838	191
4864	1736
4122	3598
4327	2646
3286	2717
3213	1358
3306	2211
2387	1522
3720	1718
3570	1034
3566	946
1133	28
4963	3856
3529	1830
3834	599
2318	697
3952	3160
4071	2653
4193	3686
2231	1611
2240	115
589	196
4116	2574
1469	104
3478	690
2393	1609
4615	959
3548	2240
2827	1694
4178	3443
3169	3045
4013	2887
2920	149
2306	697
5145	4347
4530	1237
4921	2471
4019	25
4879	788
5234	2702
4853	2559
2529	180
3755	3644
3762	2916
4540	4493
4178	1892
3225	2369
4141	3020
3609	2318
2004	249
3997	2147
5016	3169
4294	1892
3644	2065
3524	1421
4171	271
4856	1127
3128	2749
2917	2862
3757	3169
881	18
2279	48
5116	1295
2183	1127
4122	67
5241	2589
4402	2887
3843	67
2318	2039
1694	1632
5223	4678
2749	2232
2452	1192
4178	2673
3478	3289
4317	274
5184	1038
3718	1225
3710	1031
3169	1532
1133	1066
3169	2202
2109	1479
5184	2500
2817	1129
5056	4139
5033	2420
3928	114
4580	2887
2887	2609
4706	3856
2902	213
3058	1127
3411	1421
3169	1295
4671	3458
1907	1531
3136	599
2956	2482
3078	1127
4437	908
4719	3822
5113	3644
3549	2285
2768	1133
4046	2416
3141	2850
5209	5078
3286	2282
3169	1907
1697	28
2039	1020
3548	3008
2646	705
4240	1697
1057	363
2632	1458
1213	105
4567	1532
5209	4104
803	225
3598	3169
4106	2318
3863	3078
4104	3975
4347	3120
4275	856
5049	3906
1469	978
3570	1021
5208	705
3969	3417
2970	1988
5170	2285
3257	990
2970	1348
4104	3755
4094	3454
4938	3686
3367	329
3431	1007
434	339
2211	41
1533	1237
3562	368
4428	782
2822	1274
2789	730
2653	618
4483	3501
4466	3345
2147	2064
2461	1399
4178	2504
4005	1680
4210	2525
4727	587
4071	908
4026	1454
4849	3153
4130	3791
1827	447
5078	1183
3753	3286
3823	954
1772	1020
3562	2481
2574	104
3609	17
5112	589
3078	240
3120	2258
4767	962
4087	1396
3609	3169
4244	3834
2314	1237
3663	2211
3578	1127
2983	2432
4482	1319
4600	2961
2847	2315
1469	1435
4921	2763
3975	3643
2927	2749
3987	1131
3663	766
2776	1237
4663	3170
4383	2056
2653	2356
1237	630
4719	4666
2756	815
2847	45
3562	2289
3458	2091
2479	1133
2612	77
2213	166
3336	3169
2673	1692
3169	2039
2801	274
3169	600
2765	196
2164	1249
4972	741
3169	1103
5188	3306
3358	2183
4803	2630
1359	456
4642	3548
3203	2945
1723	1469
5126	2992
5203	2827
3141	2862
2727	2630
4141	3409
1279	1043
1705	446
2418	1757
4663	3263
3487	2749
4530	2714
4604	1656
4963	1519
1995	1375
5238	231
4141	1047
4554	767
3449	2727
236	111
3169	2365
3167	2929
3739	491
4178	2261
4952	4852
1219	881
930	231
5211	4864
4382	2526
3481	2256
3012	2574
3158	2717
3762	2903
4337	3169
3843	77
2970	2887
4141	4016
2230	540
3109	2992
4347	2574
1270	581
1237	943
2213	255
581	172
3454	105
1748	1612
2773	1078
1469	1077
4613	3169
3654	3138
3169	1571
5067	1249
3169	2916
4347	26
3819	2850
5056	1025
4600	1574
4383	1656
1632	225
3045	2653
3420	1226
5076	5049
4689	461
4408	3343
4974	997
5188	3261
4727	1602
5175	975
5095	456
3757	2991
5113	2961
4950	2065
3973	191
1565	1215
5102	2244
1455	137
1349	581
2289	154
3822	1157
5129	2849
3889	2817
4879	3643
3169	2700
4116	4013
3550	2416
4400	3196
2966	221
2930	1237
2749	994
4253	403
4315	2529
3753	2609
3778	3601
1850	1342
4738	2862
4663	2581
2516	77
4141	2211
3058	2211
923	788
4934	4511
4954	154
3753	652
4630	537
4271	517
4964	4295
4094	303
3548	1785
1237	258
4864	1274
3169	2548
3810	1735
881	363
1198	137
4104	1224
1206	635
4178	1396
4275	740
1907	51
4379	3654
2393	2031
2801	589
2519	303
2306	2101
3169	1087
4456	4124
3169	437
4157	584
3167	872
4476	2756
2653	2418
4013	1723
4856	3562
3694	104
2526	1469
1779	1013
1354	816
1656	1047
3562	1907
1087	921
446	25
3008	2609
3644	2540
1565	703
1461	91
5037	4864
3790	3464
4447	4275
3702	3169
2927	1758
3515	1469
3069	1658
5062	1520
3475	68
2064	1574
2465	2091
5251	2263
3753	3257
4075	1342
3835	2258
4718	2499
2183	1918
4347	1638
3141	3109
3667	1381
1342	458
1614	417
4864	4439
4387	2588
2653	147
2769	1127
962	741
2994	2849
4141	3530
2263	1319
4243	2956
2756	820
3257	2479
2361	720
1694	517
4650	3110
1758	711
3213	3169
4124	3478
1293	231
4484	1715
948	788
5015	3141
4347	3478
672	521
2318	1726
4178	3343
3295	3167
5208	1918
2559	922
566	114
1206	597
2749	1568
2482	600
2318	1609
3169	2255
1050	287
2211	592
3835	1757
3509	816
3116	882
3834	29
3856	2967
2850	1310
3627	3160
4026	1735
1798	468
2590	77
1273	1039
1348	1032
2676	537
5242	3643
4952	1735
1299	853
2526	600
803	115
5201	3167
4144	2653
1127	231
4952	3691
2845	191
4315	2570
3798	2749
4089	2258
3170	2887
2708	333
5129	1988
3134	2609
2992	2917
4484	1237
2074	1237
4663	3785
4072	1077
4864	1707
3442	2768
3403	1237
4408	3896
4864	1335
2629	1721
2673	277
4579	1265
4663	3570
3630	1988
1469	446
2870	905
4240	881
3745	332
948	946
4802	1531
1469	990
4952	352
3169	2436
2737	75
1995	1942
191	91
1758	812
3141	1224
1602	1031
2971	2749
2109	1270
3358	3257
2024	1183
3012	2653
1133	115
3531	2358
3975	3933
5188	564
5102	2589
3286	3257
3686	2917
3289	1117
3047	1133
3720	1469
4963	3078
2937	456
2436	91
4144	2735
4483	3286
1921	1920
1889	114
1435	1047
4210	3810
2997	1025
4891	1469
3498	2091
982	315
4604	515
3498	975
2714	104
1435	1356
3509	1772
2051	741
4379	2708
3169	2363
3667	778
4834	695
3772	1208
1692	1429
3856	2211
3134	1723
1520	1107
5196	3478
5232	1440
4675	1913
4451	973
5241	3169
1237	291
3487	1757
2673	1673
4275	1829
3169	695
3823	939
4518	1578
1237	962
1311	1141
4787	2482
5234	1450
3888	1198
1995	498
2954	626
2211	276
1565	1471
3888	1025
4727	659
4295	3169
2091	276
2673	1237
3078	2382
5238	717
1757	1736
3245	1565
1194	315
3169	1358
2961	1529
1574	244
1995	1237
2812	2749
2091	1440
1574	516
5160	2492
5063	114
5208	1237
3627	762
3627	2256
1016	362
2105	25
2765	2623
4484	1632
3177	277
3700	3286
5026	4347
2653	635
4076	636
3078	1697
2578	2382
2289	537
67	44
3503	1723
5112	5076
2589	1237
3791	3177
859	134
3019	695
3773	1533
4088	1021
4402	4347
4187	4086
4116	1043
4905	1932
3498	2630
4543	3745
2967	1545
4803	1721
4734	3141
1907	446
2887	1016
4404	1469
3122	1565
2902	2849
2653	1449
4496	948
3975	3109
2244	838
4952	1270
2529	276
2945	2700
2213	291
4954	3169
3700	3598
4540	3993
1692	1356
5015	225
2213	859
4864	4026
2797	782
1237	385
1615	434
3203	191
4130	2381
4849	1469
4178	957
3295	1356
2632	2105
3643	2037
3643	2886
3975	3755
4962	1705
2887	18
4658	944
3594	1615
2887	2039
3169	2293
1829	901
4540	2923
3167	1086
4543	3143
3630	2048
4148	910
3772	882
4567	2653
1166	417
4967	2258
4171	2211
4347	515
2418	901
1627	581
3161	1989
4104	115
4981	934
1455	869
4666	1746
3699	2801
4178	4143
3644	2244
4864	1721
2624	371
4852	3038
4663	3503
4210	1929
3762	928
3984	1276
3755	2358
3448	1907
5131	1309
3068	1179
3907	2393
1798	730
2887	1053
3635	2957
180	127
5010	3643
2417	2039
1574	276
3969	1293
2749	2105
3745	2983
1469	291
3969	2458
3822	1112
1907	635
4875	2665
2064	1133
2750	1070
4921	2249
3821	901
3088	1566
928	271
2417	975
3906	2902
4956	2258
3220	1561
5015	3109
4990	419
4116	978
4536	3169
4149	3078
3122	1758
2244	91
2481	1369
3411	273
5188	3821
3012	1249
1127	517
3357	2318
5147	4995
3856	1206
3345	2242
4275	1047
3975	1469
3169	1179
5067	939
1440	456
2091	881
4773	3420
3161	2749
4106	1440
4306	4275
1237	1135
1696	1565
3481	2263
1615	1370
4496	352
2633	1186
5115	2065
3627	1878
3745	1206
4127	1519
4658	2732
4178	562
3487	67
2901	2653
2393	127
1878	128
2587	299
2458	1104
2273	1533
5184	2087
4089	4054
2788	766
4171	3475
4809	1803
5177	659
4706	2917
2211	149
4315	3644
2773	1237
1798	136
3454	229
4311	2285
5116	2211
1127	1036
4899	3464
4484	1735
2416	819
3210	2653
3566	1819
4285	1455
2222	1273
4327	1574
2973	1565
4275	220
3933	1224
4934	1305
2091	1922
1614	332
4803	1519
4511	3915
2870	2623
2589	2559
4663	105
2318	820
3850	3436
3965	1236
1254	118
3458	3047
990	91
3808	3078
1025	387
3627	589
3289	1682
5116	270
1668	147
4745	2537
3169	636
3169	705
4480	4070
3762	2519
3762	3289
3169	3055
4363	4362
3863	2358
4317	2801
3100	1757
4971	3549
3289	2273
4493	2887
3072	2749
3755	3502
4402	2416
3454	1772
4809	2665
3169	746
3635	3552
3896	2318
2970	2183
4685	2091
3025	231
3977	1319
4428	1070
4275	1721
2736	1247
3810	581
2991	1696
2547	1149
4347	1765
4439	4171
4152	1758
2160	333
3169	60
4275	1021
2318	225
5223	2735
4511	969
1632	37
1892	612
4104	3141
5242	3167
4483	1723
4293	4178
3664	1171
2318	1602
3987	3257
4963	229
3720	3643
2065	91
5130	709
2462	859
1697	1295
3169	537
3988	2633
4921	1300
3215	2318
3483	2653
4157	3710
517	154
5015	1694
2971	2564
1237	1088
2529	2381
3169	1743
2079	1656
3478	1274
3702	2407
3169	2496
537	154
2570	1656
1574	1133
507	282
3988	2653
4347	2076
4148	2417
3798	2653
3627	434
1021	163
4124	154
4482	2496
939	447
1696	438
4347	1038
2479	1565
4317	1758
3664	127
4483	982
4141	143
4864	3245
2749	1047
4954	2827
2318	605
3331	1803
4663	1374
5076	3627
2278	1786
4853	2817
3190	3169
3116	777
2612	1535
1565	149
3487	1758
4752	857
4513	4148
4950	1131
4109	2241
4371	67
4650	1127
4566	2665
2808	1779
5175	3694
3762	3449
3295	872
3169	1953
2318	1985
2526	1533
4347	4124
1736	1007
4275	1565
3403	3169
2653	2465
3969	191
659	583
2315	909
3753	1087
3498	2749
3289	2258
1963	537
1206	1038
3758	3570
3055	2653
2612	1878
1381	18
4178	2432
4689	2526
2211	753
2435	2314
2717	2633
3988	3559
4963	2824
4934	2358
2929	2903
1773	1743
2356	2258
5069	4615
1104	277
3078	191
3762	3548
5094	3710
3045	2087
2749	1219
4965	2051
729	114
4962	1316
4752	1668
1270	948
3753	1750
2673	1104
4971	1356
3345	623
1523	1369
3213	335
1907	1723
3933	3644
1483	516
2416	1495
5213	3019
3618	653
5202	4166
4275	4100
5067	1735
2318	561
3002	1889
4141	2746
3454	1859
2887	699
4068	3644
5198	1469
3020	2537
4952	1627
4178	2222
2240	706
934	17
4864	3235
3423	1133
4518	17
4767	2750
4024	2957
4606	889
1133	465
1781	1354
4028	2258
2240	695
3834	461
3245	1237
3396	2633
2549	191
3454	2653
3447	2749
3310	2554
3410	2211
3345	1206
3126	1758
4853	601
4505	114
3483	2490
4507	4321
3753	2894
1758	1261
2673	43
3821	2420
4141	231
2529	115
2612	1265
3552	37
1687	659
4921	2211
3196	1907
3402	1696
2869	163
5069	4851
3952	1319
4343	4275
1686	1111
3120	2074
2358	2356
4428	957
1696	1029
5116	4141
2311	946
1944	110
2109	857
3377	495
2673	1697
4827	719
2749	794
5223	2416
4178	233
5238	601
4819	3167
4178	3625
4178	333
4379	1868
3396	2817
726	25
3169	2130
2957	270
5188	2574
2653	2232
4954	2315
5124	3907
3167	1356
4275	1082
2377	1237
1043	665
4128	1533
4400	2589
2623	196
2887	1779
2970	2031
4383	2474
4864	1696
4864	3244
2673	779
3700	3084
2992	43
3445	928
2623	2407
3268	2797
2452	1723
2314	2039
3915	132
4613	2887
4738	3643
4899	788
5013	3275
4518	819
2263	1059
2315	171
2870	703
3498	461
4834	1312
5202	1757
3635	3167
255	104
4171	729
3762	3285
3828	2278
2211	1985
3548	812
4378	946
1988	1675
2708	1469
1682	1117
4938	916
2211	580
4097	2091
1055	45
4347	2152
2822	2630
3720	2887
3169	594
3933	115
3609	1469
4864	2110
3933	2289
3888	3275
2653	1942
4591	3492
3207	3143
2653	1749
4419	2318
2783	144
838	236
3643	946
599	75
1758	1545
2039	716
4347	3694
5241	3753
3449	1697
3509	3267
4315	1469
4171	581
4744	703
897	584
962	391
3555	709
5008	3694
4275	3813
4905	4275
3357	1656
1720	900
4378	281
3679	3288
4178	102
3447	2653
587	254
5000	280
3069	1104
3993	3609
3401	2971
2827	1519
4347	2892
3100	1565
2529	1359
4106	3781
4127	104
5188	4899
4084	2957
2380	48
4171	1237
4404	3644
3835	2653
2183	1455
3710	163
2902	244
1565	1545
3169	1469
5056	869
2211	635
2892	1570
4111	1274
2916	1469
4275	1274
4363	2711
2765	118
3548	2542
4561	3578
5188	25
4630	1183
4321	1462
3819	3358
4864	2047
3309	1495
4956	144
1868	1082
4956	3498
4678	1206
4111	1047
2490	403
4483	839
3038	91
2847	1469
3988	2623
3891	277
2970	853
4013	1206
4447	1750
1359	878
4536	2956
4971	3973
3993	1469
1059	589
2826	2358
2183	1765
1348	143
2949	1206
4016	1469
2653	219
601	541
4141	1053
3822	1889
3409	3403
4952	1302
3153	1758
4819	4347
3644	191
3562	2109
4402	1348
3975	803
3436	2938
5133	2870
191	139
4967	2923
3109	2183
495	28
4171	672
2749	703
2902	2612
5094	1495
4678	4347
2105	1907
2574	1907
4480	2420
3512	2817
3882	1111
4306	3028
1435	866
1319	274
1299	77
5015	4954
1351	81
4466	1127
4107	3498
1469	1073
2766	1249
4690	3823
4068	1494
4289	1483
3720	3207
4566	882
1879	1237
4104	3236
2380	651
5016	3030
3491	1469
3295	2853
2519	1533
3138	1878
3357	2749
4868	3762
901	111
3375	1455
2771	2135
2318	498
2765	2113
2393	1726
1208	793
3598	2365
2630	2258
2465	1758
1918	1884
4141	623
1362	1274
4950	3644
4141	4070
3169	2159
5133	2024
3286	1531
5163	1907
5013	1785
5175	2718
2037	1455
3240	2673
2957	2550
4178	820
2087	1284
5163	2749
3144	537
3483	3409
1853	326
2669	1208
1479	1295
2653	2047
3169	3143
3169	1013
2089	1932
4963	2338
4141	4097
5188	3078
4347	2314
4408	2231
4378	2065
3019	2756
4327	3887
5177	3882
3436	1682
4278	2735
4124	1632
4244	1206
3566	2887
4870	4178
4117	77
3141	2886
3141	1918
5219	434
4776	4178
4054	495
4063	277
4484	939
3068	1907
4347	3570
4116	1694
4244	1565
4606	3097
1093	561
5116	114
1531	943
4864	2143
2499	163
4856	2164
2676	1469
5170	935
1457	335
3169	2338
4028	2211
3549	1716
3720	127
2407	705
4533	1309
4383	2973
3454	104
5234	4239
2326	599
3643	3177
4071	1656
2318	175
3331	2387
4210	581
2653	823
4981	1714
5069	2646
4511	1682
1523	1179
4122	3843
1237	561
2892	717
4028	2091
3519	1342
1974	105
2222	274
1756	566
5133	3025
4922	1773
4868	916
2309	450
3975	3644
5113	4600
2258	592
2318	930
5144	280
3487	2673
2749	2700
4547	1206
4208	2887
4666	2318
4642	2089
2890	1658
4383	1087
4659	1249
3169	2644
4163	3261
3915	3524
3167	114
3442	2804
3700	2393
4971	601
2458	48
4294	1736
4193	3576
1878	339
4803	2890
5188	4171
4905	2653
3169	1189
3317	1574
4075	3834
2211	1824
1026	631
4864	2866
1970	1461
2089	287
4971	291
2612	2256
4666	1237
5184	1758
1696	489
3169	195
5062	4371
4177	2653
3158	1533
3598	2496
3110	1164
1532	1425
3654	2887
1798	273
4849	2749
3025	277
1127	114
2479	1757
4295	3038
4864	1974
4963	3109
4171	1322
4952	2109
1348	1313
4864	2393
2708	1348
1119	881
788	247
2527	773
4075	878
3627	213
3755	1918
3973	1716
569	487
1479	1162
1824	1455
3720	1455
3915	1723
3673	2991
3822	601
3109	2315
2356	507
2749	854
716	191
1896	1473
4853	3549
5057	576
4671	1237
4734	247
4864	3997
5232	2147
333	191
4864	3078
4864	3737
3170	277
3943	2147
1692	906
3169	2827
3169	955
1358	626
1907	276
4869	2147
4663	276
3360	3022
4141	1938
4718	3093
3627	2223
1602	1561
2065	1127
3630	1129
3478	2275
3654	1421
4738	3286
1723	566
4864	2600
2887	2735
3458	1151
2311	1519
4530	3402
2949	2258
4347	3038
2361	566
4864	1653
4567	2258
1133	144
4490	1036
4287	4178
1889	651
4347	4072
3822	3029
3487	77
1627	1179
4596	3169
4864	635
3059	642
176	45
4552	2802
4157	2525
3802	1219
4582	3169
3773	3449
2258	45
2887	2578
4315	1141
3069	316
2673	2418
1779	1469
1166	583
5232	1533
5170	1356
1836	1656
2036	104
4225	944
4655	2574
2673	1782
2110	830
166	25
4663	2756
4655	3169
3411	1469
3170	2653
3853	1133
4552	3487
4178	1210
1691	946
3344	1450
4117	1319
4480	4275
1574	905
3822	2380
4864	1743
5188	2416
5094	1705
3810	172
4773	1440
1860	1656
4879	4864
3755	2261
3887	2749
4820	4582
4658	881
3169	839
3562	2717
4200	1531
4864	665
2956	2091
2756	1210
4615	718
2529	928
4819	4752
3570	2823
2992	2315
4466	711
4903	1237
4371	2632
2318	1293
881	847
3482	2315
1305	1009
2113	2031
3644	2213
3169	3025
5049	3160
5132	3644
5009	4554
2870	1087
3644	3609
3664	905
4491	3131
3700	1531
2183	1614
4347	946
2902	1878
4921	274
4706	3663
2516	523
1354	1206
4439	462
4111	2887
4275	111
2285	541
2887	2314
4075	3078
4752	4320
2418	1656
4117	1758
3555	2665
705	566
4655	2633
3267	1127
2352	67
5076	2263
2673	2143
4638	1459
3295	1889
2358	830
3987	729
3158	315
1942	819
4141	756
4554	2542
3492	823
4490	4239
4141	4077
4124	3169
1237	191
2949	2673
1878	1353
4954	3358
3822	3005
1469	171
4275	1772
4127	3786
3454	1454
4026	720
4250	2256
4191	1892
4591	1429
4734	3109
2945	2653
4963	3358
3210	1127
4856	1133
3078	1656
3924	1237
1758	597
4178	672
1884	91
1349	1179
3644	2418
5241	2991
1757	635
3627	244
4166	727
4347	2870
4383	1025
2633	1249
1007	631
4116	3609
2102	685
3411	104
3559	1133
4646	2559
2249	67
4864	740
2258	1047
3141	1757
2241	876
5013	3169
5095	948
3169	1142
982	74
2892	1377
2612	1152
4107	1469
3175	882
3644	946
5145	1469
4971	1157
3552	531
3169	1131
3436	3300
1390	302
2559	1129
4540	4392
3548	2492
2432	2282
4275	1692
4663	299
540	207
2134	1356
75	18
3987	3169
4734	3975
3141	2091
3498	156
4663	3475
1696	368
2776	2258
4087	566
3644	515
4483	2633
3478	225
4869	456
4076	3177
3331	302
1237	26
4738	3755
5203	4124
1469	703
2285	1479
2630	1469
5170	2929
4803	137
4171	469
2916	626
1417	1302
2318	1600
4116	3819
943	104
2159	1757
4864	264
4379	329
4864	1626
5046	2318
2827	82
3757	3608
3560	1565
4809	1743
3700	1342
2902	636
2529	17
5164	1133
1565	29
3169	246
3498	2358
3169	1886
4661	1455
1111	601
3257	2850
3141	2183
4404	2318
4275	4071
4056	456
1756	1047
2983	1517
4254	3504
3610	1050
1535	177
2673	173
5013	1127
3169	2285
3169	1932
1166	1111
2623	943
3793	2773
3005	1692
4860	3065
4166	1038
5130	3548
2633	988
3175	3169
4846	3975
3025	876
5209	4586
1349	1270
3068	2526
1237	316
3546	2393
419	139
3627	339
1705	703
3781	803
1469	346
4347	2630
3843	2516
3503	1779
4016	2318
3644	3059
3769	2749
4117	2749
2887	1206
2559	665
3503	2381
2529	2465
2397	43
4954	3109
3199	866
4342	2673
1166	905
2211	571
3790	3038
1571	709
2653	994
2844	1127
1293	803
5046	1469
2065	391
3310	163
5232	1785
4921	2713
4130	3019
4864	2465
4124	3144
3109	1458
3167	1167
3138	2316
4254	2889
2258	675
2585	1614
2801	540
4443	705
4042	3751
3402	990
4189	2887
4921	3420
5177	1166
900	91
1469	225
4378	1520
3078	733
3109	1918
5242	5238
2970	1166
2526	166
2065	111
5252	4171
3623	2708
2285	231
4178	3906
3169	377
3933	803
4582	2258
2927	2653
4141	3687
1995	1469
1469	37
1758	1519
3210	2211
3169	2612
3643	1907
5175	4028
1574	908
4275	709
2887	371
4864	2763
2902	1265
4407	1007
3025	254
1514	854
4864	127
1691	104
3856	1758
4864	1013
2949	2653
4921	77
2673	635
4124	2314
4551	3993
4787	1455
3169	144
3598	946
4104	3644
1455	15
4678	2653
4594	2673
4803	3835
2089	1574
2749	1471
2065	900
4943	3496
4990	2258
4404	908
2773	1854
2704	1612
3751	1184
4727	1469
1047	134
4315	2870
2500	2222
2537	2293
3375	1565
2393	1348
4482	4054
1396	566
3220	1237
1206	1047
3644	3109
1614	537
1785	864
3141	2258
2827	2079
5162	4275
3952	2970
3160	2902
5234	3778
2653	1413
4751	3753
738	114
2923	2750
4295	2717
4327	149
3289	944
3755	2850
1830	1520
4658	3358
4530	1819
4466	3906
3410	2749
3487	1208
5127	3512
5009	1985
4615	1348
3679	651
4285	2160
4625	2087
3215	1237
4807	3245
3055	2749
3295	1157
5046	2361
1319	213
3169	127
1736	1081
3153	1237
4944	1421
4116	3755
3566	2916
3988	3851
4938	718
3158	2887
4864	1545
3720	2646
4645	1319
4195	2537
2527	819
5209	1053
1656	1405
3478	1310
2417	1133
3167	2481
2048	1133
3169	1425
4244	4141
3091	1237
5177	1723
3915	2284
1868	1135
3015	1687
3785	1656
3321	864
4288	3843
2916	104
2578	2358
4015	816
4738	1469
4195	4141
2258	1578
517	127
1565	1087
4480	1627
4438	2540
4856	1902
3933	3109
3608	1364
3515	2887
1970	1469
3213	2665
4663	4542
4781	3169
4518	1995
5034	1566
1785	1743
2850	2847
3702	1469
2258	1925
4054	118
3984	934
4849	4347
2240	1756
3358	1918
3843	2802
4127	4024
4272	2258
2211	674
2211	727
2313	82
5223	2624
1206	191
2256	274
4651	1274
2314	1077
4738	1455
2862	2850
4954	1918
3969	2494
1127	976
3907	315
1942	773
2665	886
4071	2749
4738	3109
2653	1836
3169	3077
4926	1758
581	280
4540	1574
4956	1065
2929	2789
4275	4056
3501	2550
2147	445
1149	1009
4148	3306
5062	4727
4379	3169
3173	1565
3515	2305
3169	1739
5008	3644
4275	3306
3664	589
2091	635
4171	1918
2418	1565
4158	2258
4084	1111
1912	1614
4378	3529
2771	2646
2653	1656
4965	111
4404	115
2559	2048
4104	1694
4971	3167
3906	1237
3843	1265
3933	2435
3169	2776
4720	1757
3169	2901
4663	2956
3504	649
2113	847
3686	695
4287	3169
2526	1531
4483	3667
3160	1265
4144	91
5008	2258
3169	1240
196	118
4513	4013
1127	366
1127	1055
3526	1712
3702	741
4849	4124
3888	3169
4214	2211
4178	2707
4171	882
3739	1942
4378	1830
3607	1565
4952	4371
3548	2089
4965	2087
601	231
1574	815
3019	2416
4849	225
2906	706
4097	3627
4402	1988
4591	3005
4864	910
4383	2967
4109	876
3810	1179
1237	1086
3167	2554
4321	1036
5132	1627
4447	599
5102	2273
4484	4171
3058	2862
2159	277
4178	1922
2418	766
2732	1752
1657	495
4275	4169
4738	2850
3975	2314
1440	461
3635	2827
3097	1532
4070	2258
3261	365
3169	1988
3163	1435
2708	2540
5112	434
2589	1460
4923	1295
2315	1918
5033	882
3686	271
4088	2212
3169	997
4849	2992
2673	1064
3962	515
2113	1133
2902	762
2829	943
2901	1565
4496	447
3967	2211
4141	219
2258	1406
3982	2258
5067	5037
3240	447
3038	2318
4166	1206
2756	105
4820	2537
4647	4157
2292	2240
2087	276
2420	515
4315	2240
4141	2231
4311	1157
2801	434
4171	1129
4734	3673
4561	139
5130	368
1798	291
3887	1656
4554	4383
3466	631
3753	1692
1942	1565
4864	1468
3753	196
4141	4028
3629	3509
3158	240
3681	601
2578	2079
1723	552
4157	163
5177	1602
3169	105
2089	271
5067	948
3015	1785
5223	3109
3475	1237
4952	1533
4805	3548
5126	3109
4811	4178
3309	2258
2869	853
1860	1757
2314	154
2789	231
4853	468
3025	1425
2039	1574
3245	1469
4347	720
1237	373
758	589
2992	1469
3212	1934
1531	1104
3907	597
3755	1369
3343	110
3169	2464
4805	4148
1758	618
3644	2358
2983	1369
3267	1830
4128	1830
2410	468
3068	2130
5175	4864
4171	2887
3682	618
3261	839
3244	3169
4044	3169
5203	5078
3169	3125
4944	2589
2700	2258
1892	114
2945	2749
2589	1340
2313	1273
5223	2826
4586	906
1868	1153
3530	897
2665	177
2612	274
3977	177
2769	1356
2817	1070
3548	2461
3134	2633
4970	1907
2875	711
4690	954
1179	172
3564	3015
4820	4089
4864	1942
2102	766
4803	1529
3773	2435
3710	2553
5147	1039
5056	2154
3169	91
2233	557
5208	4104
3028	1537
4879	742
4347	690
3169	2419
4864	510
1570	672
4311	935
4689	1522
3478	1293
2850	1469
1319	128
2718	2258
3169	751
2542	777
2479	2258
4178	995
5013	4875
1356	231
2870	1632
3169	820
1878	1370
766	74
3420	2420
3169	2231
1656	881
4293	3197
3610	287
4480	2653
1995	859
4275	1988
3988	1531
4178	1184
1519	878
4068	3331
5062	4026
3762	1186
1696	701
1718	1237
3933	2827
4764	4547
4470	3169
3643	2164
3609	2890
4738	4104
3280	2258
1249	741
4849	2827
4122	274
4734	3755
2037	25
3996	3515
1697	943
4752	1270
1614	741
1469	166
2847	2183
2165	539
2612	705
4956	1038
4861	2024
4563	3345
4378	191
1237	1070
1133	994
4727	2393
489	231
3391	180
4434	3169
4383	2139
4864	2293
4166	4163
3068	2609
4628	3169
3215	3169
2211	603
4347	3635
2901	1656
5069	2926
2164	860
2275	698
4864	3052
3268	1078
1697	599
4613	1879
3835	1680
3169	3158
4554	2519
2516	589
2318	1970
3781	944
2370	1025
3423	1828
4011	1050
5013	1210
3618	91
4111	43
2673	1578
3358	1469
2147	1029
1377	1057
3907	1696
4963	4460
1435	738
4347	171
1166	244
4178	4042
3410	3169
2135	1522
3169	43
2364	1494
3444	1889
4141	1406
3887	1249
2773	587
3755	3141
3566	1755
4479	2665
2240	299
3498	104
4849	3753
4964	1455
4171	2646
3344	1348
1970	908
2407	127
5130	1758
3169	741
3019	1522
4378	990
1735	1715
5124	1603
2219	191
1685	1070
2887	2521
2853	1686
4144	1369
3888	623
2732	1104
3141	2673
3576	1043
853	445
2465	1206
3720	2477
3562	3153
766	607
4028	1087
3643	3509
5221	3891
3644	3482
1860	847
4106	2183
5057	3682
4776	3169
3887	807
2793	1932
2258	2047
1057	642
2905	1974
3322	3169
5132	3091
4383	2358
1532	625
5241	2318
3436	2273
819	516
3823	190
2673	1962
4295	3822
5219	3160
2914	1656
3710	2673
2886	1458
2623	1458
3702	1632
3915	3236
5026	3169
4104	2154
2285	1716
5223	946
4306	2211
3220	391
4466	3673
5049	1265
4706	2886
3649	2318
844	191
5112	2256
2275	1364
4458	564
2258	1369
717	231
3169	445
4239	299
2808	1974
2219	1127
3471	2278
4171	1186
4104	2315
4864	3982
4347	3720
291	247
4954	4116
3215	2452
3549	3210
2887	1988
884	43
4552	274
4582	3674
3483	2509
2211	771
4685	2211
4378	3120
4864	3122
3623	1533
4275	3966
5203	1183
4111	1435
2589	630
1111	583
1758	587
4853	1129
2219	1520
2554	1013
1206	1064
2862	1224
1348	583
1237	997
3169	2064
3029	1127
4311	2481
1938	1151
4868	566
2240	1254
4317	4141
4141	1025
1358	815
4579	3843
5013	3526
1574	445
4122	1365
2064	1082
4864	2945
4171	3753
2435	2289
4604	2091
5232	5056
3975	3552
4028	1565
3566	1237
4226	287
3466	2240
1213	815
4970	2824
3578	2065
1036	521
2275	860
4024	1697
2380	2285
1237	171
4954	4738
2087	1440
4706	3769
4480	3169
3993	37
3548	485
2633	1127
3169	755
4378	2574
3576	167
2258	1963
2065	139
3888	1273
2735	1237
1141	1000
4070	3028
4387	128
4490	672
1469	1127
4963	1295
5056	1697
751	244
3280	624
2802	1878
4963	2752
5095	1087
726	166
1519	105
4021	2789
1830	921
2031	1561
2164	859
2031	659
3078	738
2887	2361
2065	705
4295	2358
3169	1273
3896	597
3795	2316
4970	4709
5115	139
2812	2358
4347	118
4124	2113
1650	719
4591	2894
4864	4177
1237	948
2923	2797
3177	1469
2087	445
4776	4479
1878	1276
2232	1656
2211	762
1687	1602
5232	5223
4141	3739
4347	2827
4181	277
1611	882
4378	962
3491	3169
4970	3987
4124	517
3449	2980
3644	2089
5132	2275
908	881
4402	1614
3420	961
3751	2109
5130	881
3975	154
4967	1565
3896	2630
1565	1462
3038	391
5145	4379
4727	417
3933	346
4404	1694
1390	1237
4141	1082
4318	1237
3344	2559
5127	2817
3644	2183
3949	25
2612	1276
4048	1127
4967	104
5015	2850
2823	271
4803	3643
5063	1574
5232	4663
3552	3109
1455	901
1778	1656
4554	4339
3501	2233
4178	2096
3375	2241
4339	1989
4536	2211
982	196
2258	1571
5132	2240
4275	3307
5160	1270
1519	498
1723	756
2387	997
4864	1627
2031	417
3574	1758
1127	422
3737	2589
3170	2407
3844	2206
1237	247
3762	2578
4954	147
4842	1219
5000	4141
4923	3169
2630	368
3111	1658
4706	3755
1469	91
2211	363
4402	2393
3358	2992
4734	4347
5188	1922
3109	1786
3515	1830
3019	17
1561	1111
4369	2263
2630	1237
3644	1632
3698	249
4845	2736
517	346
607	564
864	651
4347	3933
975	233
5208	2862
1752	196
2853	1889
4141	2240
3566	191
2469	1206
4178	2801
946	191
4054	1495
3257	1632
3110	2887
1413	1237
3512	1657
4347	1473
2469	2281
1736	699
2358	1455
2026	1705
4028	1758
4275	4244
3396	3169
3197	2735
3973	231
1578	932
1349	172
4458	2211
4542	1574
4533	3078
3121	3019
4347	3245
4046	3993
4013	2258
819	277
3478	2216
4734	3358
4952	1349
4706	258
2887	1624
3791	1533
4071	3403
4378	3078
4646	2211
5062	1627
3321	2178
4141	753
3267	1086
4117	2258
1532	1457
4663	291
884	222
4300	4122
3315	191
3855	2213
3478	154
3928	3169
3699	908
2756	458
2612	1319
3110	3025
2646	114
2765	244
4306	445
4347	2992
4452	281
2589	2211
2387	1803
2314	1141
1179	720
1565	329
2315	2183
2318	1533
2091	1697
4044	3928
2314	1989
1662	1208
1237	597
3834	3410
4104	2992
3710	2887
4952	4752
3309	3169
1691	1310
4178	3695
4171	2731
1878	67
1127	635
3531	881
1718	156
4285	3293
4339	3169
3493	1697
4109	3454
5241	1131
2559	1031
2091	934
1226	961
1609	1166
4770	2211
4970	2024
4591	3475
3718	3472
2991	2409
4950	4378
2065	1995
872	240
3038	631
5232	881
1469	944
4849	2183
4642	3549
4864	4100
3417	1682
3756	2945
3830	2410
4192	1995
5208	3109
1779	718
4805	4343
2091	287
4239	1910
3213	67
3410	1566
2540	1237
3028	2550
3644	26
2318	583
3549	3548
3664	2887
480	233
4378	2892
3679	191
3403	688
3012	816
1723	1494
3169	773
4491	2633
4484	1349
4965	1614
2673	1571
3169	3123
4963	1272
3213	1748
4803	1829
3331	1533
2749	2570
5115	1237
4965	332
2889	1653
1962	1757
5221	4663
495	60
2140	597
2393	2318
2887	934
4868	254
3550	1440
4275	1938
3169	2241
1237	946
5177	2887
5037	705
819	491
3988	1912
3038	2065
3822	651
4807	4210
3420	705
2393	1111
4178	2892
4944	1495
4807	2087
2868	659
2211	2108
4955	950
4864	1270
2318	794
2749	2062
5013	3321
4127	1457
4178	734
3773	3492
2704	1454
3843	3487
1954	277
4234	4054
4438	3834
3786	3169
1830	1237
4602	2729
4178	2692
2892	1519
2890	2887
4347	2293
4347	37
5000	2653
2844	540
4379	3158
3526	1785
1237	1082
4864	1426
3834	303
3317	335
4864	1523
3699	2612
3623	3548
4171	1638
5176	45
3331	68
3361	2519
5251	1878
2407	2261
1694	154
3578	139
2318	1989
1918	990
2609	2461
5160	2895
4240	3403
1574	17
4019	1237
3906	1353
3169	2609
4971	371
1429	1274
2374	1565
4239	978
4174	995
4013	1237
5188	4127
4530	2091
3496	292
1087	884
4663	1133
1723	1692
2801	2352
2382	1133
3161	1656
4428	1104
5209	943
2370	2313
2211	143
1473	816
3512	362
2284	2248
3559	1531
4767	976
3458	1440
3212	853
1306	537
5219	1206
4487	906
2862	2183
1348	751
3664	3134
2601	882
1571	178
3169	335
934	716
3546	2113
1362	1127
3478	2318
1918	166
4141	429
3169	2869
2303	1133
2219	1758
4591	196
1644	445
3644	1720
1469	115
3436	277
3630	921
4970	688
1779	1522
3576	177
3022	332
3643	962
2850	2714
2849	1206
4408	2630
5062	4950
5132	2750
3558	1765
3120	1757
3169	387
722	363
4963	75
1127	869
2991	2756
2435	1599
4869	2087
4347	1369
5127	1070
4521	75
3526	864
2051	277
2477	1107
4377	944
2279	25
2062	1656
1705	1587
2477	1995
4212	3213
3169	2260
5056	1533
1970	1107
2289	650
3078	357
2914	2258
5036	819
3078	934
1274	147
4738	3975
3973	1157
3755	2091
4727	3710
2718	599
2773	1758
1435	231
4962	962
4982	4178
3358	2154
2887	1348
4178	566
4063	2673
4137	3169
3529	191
1183	537
4921	882
4026	2529
2887	2540
4540	2358
4507	1127
1995	908
4107	2102
3078	1658
4484	1685
711	18
2311	1127
2923	1070
4400	1237
1892	1736
3169	498
1425	1249
5132	4950
2750	1237
3345	3220
4690	1127
3169	15
4187	601
2653	2024
2213	1237
2957	2660
3952	1265
2559	2393
3120	2673
3781	839
4518	2775
1519	1455
3664	2407
4178	1293
1206	1162
1469	881
3548	2315
3280	788
3169	81
4428	3268
456	180
3169	367
1723	705
4178	2137
3268	174
3874	2291
1723	495
2700	1656
4347	2716
3882	2970
4028	1237
4144	717
4378	91
1565	458
3317	2965
2273	1359
4853	2746
4178	3306
5178	3169
3240	982
908	115
5112	2263
2980	2776
1426	882
4072	537
4628	2042
1892	1007
4518	1942
4864	2356
3784	3454
2673	2037
934	599
4938	561
3169	2374
4128	2653
4141	2651
4864	4171
4967	1758
1932	674
3309	2318
4803	665
2589	29
3598	3213
2113	196
4566	2555
5170	1157
4042	1237
3169	280
3423	3268
3552	1902
3169	1198
3896	2211
5208	803
3549	2542
4171	2587
4905	2282
2258	711
2850	1528
4540	277
3420	3275
2957	258
495	489
1070	908
4480	104
5056	277
5116	4734
3403	864
4116	3233
688	274
4021	2482
3686	3566
4347	4054
4068	371
3286	1918
1682	1390
982	705
4106	1127
3169	786
1469	690
2519	1237
3673	2258
3025	2318
4192	1086
3097	2547
4518	695
3718	1025
3169	3005
4803	3055
2318	726
4378	1907
4875	3169
2749	2474
4225	729
4962	2407
1206	881
3994	3483
3169	1225
4187	2967
4141	4093
1549	1440
3762	3169
2293	1469
2970	1295
3843	2419
4963	2056
5219	3699
1009	889
3215	816
2954	2749
4946	2653
4026	2258
3077	196
1356	114
3578	2992
3933	2315
3478	1127
4336	4178
2258	1942
839	767
3310	928
4738	4734
2708	2509
1469	566
4552	1565
1520	946
2257	2015
3524	630
4428	599
2559	631
2318	1612
1270	659
5223	1133
741	17
5132	3773
3175	1611
4581	4130
5015	3635
3975	1758
2618	1127
2258	1293
5184	2258
3169	2393
3343	1020
3449	943
4327	1974
3755	2311
4971	3295
2673	2279
419	191
3949	3483
3169	777
1723	592
3169	649
1758	258
1765	1469
1868	1342
4347	4106
4511	3449
4613	4171
4178	1319
2183	37
4379	3982
2849	274
2756	2618
3834	3454
3524	712
2673	2256
3627	1656
4104	26
830	280
3417	2653
1657	1574
2653	2108
5201	4971
1316	424
4967	28
1103	21
3834	75
3643	2746
4378	3755
4864	1673
1455	1354
3524	104
2424	434
3548	2702
3720	3343
5196	3233
1718	37
4111	3134
4178	2041
3038	946
5126	1127
4853	362
3965	77
3627	1206
3295	1237
4271	2273
4466	4244
3973	3167
3019	2991
4811	3793
1237	115
1907	1206
4967	2992
1531	1469
4864	2509
3084	1531
3109	1131
1396	844
5184	3710
4480	2258
3509	2600
4254	773
2646	2589
5196	2258
1578	1571
3449	3343
3686	17
2957	1893
4963	315
3410	2629
3169	156
2393	1166
3247	2147
3247	2240
3125	2756
4495	943
5238	5203
5163	1758
1627	1349
881	191
3321	1712
2256	1319
3065	233
4070	2381
4244	1533
4864	2108
3823	3411
1129	599
4484	3810
1421	626
2258	587
3095	493
2407	1723
1726	1561
3872	2279
4347	2374
2646	1087
605	583
4275	976
143	104
3110	1752
4116	156
3907	3835
2462	1021
1938	1264
4275	29
3169	2718
4130	2756
1295	1133
3068	1237
4563	1434
4243	456
4613	2064
4744	2526
5112	1878
3977	3156
4864	163
2240	521
3524	1237
1295	600
1565	1492
4566	2887
3169	2143
4849	1896
3169	2542
5219	3627
4285	1055
4171	3509
4727	1348
1183	1077
3686	1284
2258	618
3169	154
4226	541
5232	1697
3295	2929
4321	4225
5015	154
3504	755
1736	1026
5078	2314
2775	1396
1237	366
274	67
4317	104
3785	1612
4243	1533
5037	1868
3643	2916
4864	4128
1691	1127
2521	905
4094	25
3261	1922
2258	1696
3015	961
3620	2670
5177	1348
4614	973
2147	1859
4959	4178
4104	1449
4663	2005
5132	5012
3772	1426
2537	1705
4321	672
4718	1697
853	149
2370	177
961	137
4875	1785
2695	1354
5177	2318
5209	1224
1405	1131
1611	1273
3605	1345
4178	3541
3012	1173
3762	1696
4106	2559
3040	819
4174	4141
4087	1435
3343	2289
4084	2887
2258	1529
3498	1970
3472	3078
4141	2219
3906	2801
4210	2537
3627	1319
4178	2587
4767	91
2009	445
601	163
803	43
3210	1047
2164	906
3891	2540
2554	1284
4777	1907
4625	2064
3417	2589
1217	1164
236	191
2719	1117
2817	928
1189	1127
2380	573
4148	901
3225	1995
2957	930
3773	962
4329	17
4148	2439
2681	2135
1974	1779
2211	905
1217	149
5209	2314
1859	1723
3512	1133
1781	1758
2318	944
3310	3289
5164	4371
1715	1349
1758	1449
2954	2318
4538	751
1342	1104
4361	4178
600	368
3233	2970
1758	147
3483	2644
1077	154
4468	2537
4523	3643
1059	213
3111	957
3487	3162
4044	2653
3169	1007
2827	1183
2211	1082
3822	1356
5177	3546
1773	777
1602	1462
4166	3962
3375	1237
4178	869
3045	839
3772	77
3562	1838
1600	741
5036	773
3598	2249
3594	653
4604	2653
4383	516
4116	2992
4483	2039
2417	316
3975	3753
1668	1206
3781	1469
3549	163
2700	243
4157	1943
3213	44
3342	2957
3630	2285
3343	2361
3753	2382
1469	717
5139	3158
695	17
3755	2795
3546	3169
2804	175
4835	127
4547	1133
2516	1345
5221	2540
2318	1850
4166	4136
3342	2967
3548	461
1533	277
3345	1087
4495	1736
1149	889
5049	1920
3444	3167
4148	153
5209	2458
4246	1471
4195	1533
5184	3358
3975	537
3109	2850
3833	1127
4967	4507
4383	3169
5087	2240
4615	277
3699	3169
599	362
2653	1021
5102	191
1469	962
1715	1627
2574	2358
3028	1469
3286	943
3643	2903
5062	3630
2623	853
5188	1434
4107	1562
4104	2183
4663	2087
3141	1524
3169	2113
5176	2749
2101	1039
3116	1039
3212	299
3710	48
3160	2673
3409	1757
4128	3745
2356	1133
2956	2529
5188	944
4864	1782
4251	711
1587	897
4383	703
2258	1938
3213	1025
2183	1310
4178	4077
1728	1565
1153	329
2646	43
2109	1913
3664	847
4793	3169
3257	2315
4864	1421
4921	2802
3608	1868
4141	587
4483	3170
5177	417
4347	3289
1455	1358
4864	362
4253	326
5034	3410
4400	767
1112	872
4734	258
4954	3928
2749	1656
4552	1206
4293	1611
3276	1571
3762	2630
171	115
3120	1656
3038	1718
3751	2213
4507	521
3773	391
4956	4864
2549	247
2700	853
5170	3549
1697	735
3055	1779
5102	954
2258	741
4967	2315
3169	118
3644	3478
5219	696
4971	1127
3558	1127
4578	4141
4964	4347
4536	1697
4315	3169
4864	1568
4116	3482
1531	1087
2980	2967
1421	28
3177	1533
4547	3713
2139	1208
2756	495
4432	3169
1348	368
4024	3478
3682	563
5232	1574
4809	3549
3644	3598
4117	1907
1237	274
2380	1356
4208	147
2542	1773
2655	2258
4981	4086
3755	3449
3548	788
4254	819
1206	618
1429	652
1133	104
1469	1369
1469	600
3548	709
3123	2458
5113	2537
2529	1819
2887	1455
3664	1104
3605	1265
4582	2024
2547	2358
2983	2213
3784	2087
2024	564
3625	102
3790	2065
2991	762
4864	2570
4466	1696
3907	3100
3109	2036
3169	1288
4967	3558
2756	1517
4921	29
5223	3822
5196	515
3055	2961
4124	1053
4853	2887
1752	1565
1129	362
2601	1856
4369	1878
3483	2358
1007	254
1082	329
3831	1561
1599	923
3410	1381
3410	2462
3293	1127
3937	2887
3411	589
2083	274
2797	458
4651	1435
4861	4347
5196	2293
4864	1925
4663	600
2970	332
4899	4566
2420	25
2263	274
4148	2416
1758	276
630	543
910	597
4104	4072
2031	1111
3509	2024
1718	371
4320	1270
3109	1224
1574	243
2091	91
3233	2318
4591	3822
4734	2992
3169	476
3464	2436
3869	3403
3069	2775
4466	963
4070	3546
4428	788
3598	1265
4285	45
3169	2420
1889	1157
5130	4107
3169	2223
4864	4383
5175	3245
4021	1970
4663	277
1565	1561
2970	2257
346	171
2263	339
3169	1455
3907	2901
4141	2925
1455	32
5008	3822
3169	874
4309	3345
4879	2240
2258	2108
4232	3015
2257	1342
4663	2240
3710	1587
5000	373
3109	2244
4178	1847
3762	3594
4144	515
4678	3017
5208	3975
2929	1112
5175	1989
3120	1469
3158	944
2914	2154
1473	908
2589	219
2258	1673
5112	3906
2091	1013
3411	1237
5127	1129
3169	254
2763	2669
3965	274
4407	4294
4752	3482
1133	60
2258	1449
3969	1279
3578	1237
4561	191
3173	1758
4770	3699
4178	2984
3790	3644
3275	1611
4439	976
4803	4100
4347	600
4109	3699
3169	725
4072	2393
2258	1824
5076	213
5116	2756
5209	3753
2789	2318
4171	1995
4938	114
882	697
2687	2537
1673	1565
2240	276
3644	973
4210	1627
2420	1244
1236	274
1455	1206
4864	4358
1614	1600
5198	25
4864	3504
3856	2749
4210	2853
3448	2318
4523	3644
3221	1288
1237	1107
4734	2850
4886	2653
4178	3103
3078	2929
1705	1638
3487	1237
5008	4864
4343	18
1942	491
5241	4178
4178	2211
3610	2211
2258	1561
3700	3343
2853	651
3601	2775
4275	4063
2318	1111
4119	17
4439	1739
4963	276
2927	2358
3169	2062
2499	584
3982	3341
4443	91
5162	4171
2318	1166
3910	1237
3169	1483
5043	1237
2902	2249
3933	1036
4178	2629
4347	225
2673	1653
4891	2410
4663	718
3644	1477
2516	180
3524	1503
4935	4171
3753	3005
4191	3509
1632	171
2874	254
5062	4320
2318	705
4956	1249
3698	291
2717	1189
946	28
3509	807
4685	982
1938	1757
2258	102
3169	1353
5209	1183
4402	2113
4540	2065
4724	3065
3286	2315
4407	1081
2285	2284
1153	77
2258	1782
3169	2971
4104	803
4864	1954
5124	3169
5234	3158
1611	886
4141	258
4178	2580
5188	994
2382	1057
2089	547
4962	2983
2992	1918
5177	1609
4295	2413
4327	1295
4137	2358
4174	2756
4347	2714
3828	2719
1524	815
4663	561
4689	600
4321	521
3643	2849
3487	1878
4104	3933
4952	2632
3906	3481
4663	1574
4856	3310
5140	2991
4864	4044
3993	3169
4141	315
2285	1157
3169	847
3045	1565
2827	2578
3169	1424
4567	2749
4130	1133
3169	2902
4378	139
1758	1082
2292	1104
5195	4495
5218	3169
4487	4275
2991	1656
5238	1127
2183	1064
491	299
4052	277
3167	1157
5232	4600
1740	1237
3122	1082
540	493
5062	4496
1637	233
5184	2749
5219	2889
2500	1310
4952	4210
4663	2465
2393	2113
4324	2844
3799	3755
3275	3213
3691	3601
1421	1295
4914	3169
4378	3773
5209	5203
1295	143
4659	4141
4905	4408
4169	649
4275	3454
4472	4141
4963	4439
4171	946
3169	2521
4551	2358
4671	1495
2291	368
1378	191
1574	561
2945	587
4244	2945
3564	1889
2943	2775
1657	191
3135	191
2222	1611
2248	985
3574	2258
4178	3221
1561	1133
1348	659
1602	583
3811	180
4178	2916
4171	1533
1982	1650
3790	2436
4591	498
564	29
1850	1632
4311	3822
3207	2358
4253	2490
4476	3509
3758	291
1031	788
4347	717
3169	3097
3169	2788
4321	2397
3835	876
4148	2967
4864	2260
4507	4171
4963	638
2887	111
2789	2258
4675	1685
4864	2477
4739	2889
4228	3306
4174	2211
4879	104
3695	2749
3762	3702
4952	857
4845	2244
303	55
5076	2902
897	163
4275	3856
2219	1270
3295	601
5049	1288
1786	1127
1300	1208
3937	3720
1377	1127
3649	1237
4875	864
5232	4157
1520	1237
2886	1758
716	104
3710	3664
3023	2772
1942	1612
1026	515
4402	741
5013	864
4483	909
4443	4054
456	18
4952	3601
2318	997
3169	1025
1274	114
4148	4013
788	29
4868	2929
3830	273
4853	1070
4402	2970
1194	1189
2957	1859
2992	51
4127	2756
5208	2258
309	222
1778	1348
2869	2509
3548	1120
3755	2992
1151	630
3343	1415
3973	2526
1473	597
990	134
1316	1249
5238	1356
2521	1237
2241	1299
4579	2516
4306	2808
4995	3169
2318	291
1244	625
4663	592
3031	1237
3306	1603
2091	21
1740	461
3175	213
3169	930
5232	1206
1237	1151
387	177
2785	2588
1889	601
5209	4124
2991	767
3739	191
2633	726
4127	1570
4921	2970
2275	856
2902	1288
2840	2697
1140	587
4178	1587
3882	3707
2895	352
3906	2612
4483	2640
1237	140
2958	1348
4371	4347
4124	3552
2024	882
1310	1196
2929	1157
3889	2797
3504	2732
1657	1133
4306	4239
1779	1237
3169	1479
4171	2653
2673	29
4540	1435
2424	1236
4606	4244
3169	1019
2967	824
4275	75
3790	1304
4141	3924
2589	587
4275	906
2887	105
2258	635
1758	1417
3843	3605
4939	4178
5163	2211
4849	4311
1455	1086
4212	4178
5242	601
5170	3973
3765	1050
5026	3682
720	138
4141	711
2749	1860
4089	3526
4853	4447
4111	738
2039	277
4970	3403
1697	807
1868	1237
3988	132
3762	3562
2849	1656
3170	3169
5223	495
2285	651
1735	172
1627	1270
3745	1668
5000	4093
3058	2731
4054	1748
1574	1483
2770	1186
4116	749
1602	499
4075	2735
2223	773
5132	4193
4926	1565
4452	2318
4166	1974
1469	515
1133	127
3772	1697
3019	2222
2957	1335
3907	2081
2091	572
4852	2109
4963	1549
1632	1224
3906	3221
3702	3343
2147	882
2822	366
3578	3358
5209	4149
3411	2887
2749	635
819	600
4706	3718
2420	2318
2358	990
3478	196
3268	1237
4639	4171
2407	1779
3943	1038
2653	1405
2303	1127
4926	4864
4864	1599
2916	2727
5219	2222
1183	711
3644	2827
1237	1210
2967	703
4974	3710
4246	1723
4864	727
589	264
4336	2230
4803	3410
4604	1565
5232	1133
1694	171
2526	489
1696	597
4817	561
5013	3644
3755	2500
1756	1435
3093	2080
4086	4054
3321	3169
4358	1565
5069	3306
2324	1206
4178	3834
5012	2587
990	859
4777	2775
4124	1131
4663	2147
4378	1533
4518	741
2850	803
5170	1716
4600	2147
4719	45
1565	1381
2718	1206
1868	1537
3952	1878
990	962
5219	2902
5196	4111
3635	2708
4566	944
4864	4013
4311	541
2966	950
4864	1571
3906	128
5242	1889
1531	1237
4803	4358
2230	1571
2887	2699
4396	77
1723	197
1295	1166
2653	2062
4554	2358
3028	1868
2282	1779
4451	3169
4869	1270
4106	3907
4094	2519
2047	766
4752	3472
908	346
2749	1696
4809	1133
3562	2258
3054	815
3535	3169
5214	4790
2091	29
4106	3358
3295	541
4967	521
2241	254
3975	1224
2673	2357
3169	2540
3988	1047
4317	2091
4451	2053
2749	41
3643	3548
4141	4128
4658	118
5083	2804
3915	712
3644	1517
1237	928
3808	3169
2903	277
4511	3417
4852	1720
2875	1469
1295	659
3169	2178
4864	1240
1758	1574
3855	255
5223	2477
4266	916
4379	2970
4369	1208
2258	1064
2224	1455
1756	1602
4971	541
1757	1653
2108	461
3635	2554
2756	1473
4028	2673
3643	1047
4706	75
3643	1495
1970	618
1694	1469
3856	2258
3664	458
1081	631
4606	4439
4775	4157
3594	2318
2526	703
2258	1545
3169	2091
4439	4400
4853	2499
5102	3823
5203	3644
4663	777
4272	1758
4225	521
4483	2529
1757	994
4738	3141
2037	901
4767	391
1692	430
3203	1133
4347	4016
3529	1533
5000	2673
3830	136
3169	722
3038	1720
456	32
2749	74
468	273
3012	1942
2420	1650
3054	1198
2318	2231
3988	3169
1111	889
4854	2887
5008	1517
1883	1021
3906	2263
2673	839
2416	28
1295	1066
3502	2735
4905	1133
943	244
2537	975
3710	2574
2653	41
2224	1057
4271	3167
2870	127
4659	788
2183	803
751	456
4974	281
2585	2048
3907	587
1356	1157
4275	688
3293	1055
5241	3420
4347	3544
2704	881
1561	499
1707	703
1878	1615
3644	3233
3280	2587
2612	244
1627	172
4567	3509
4075	2589
2708	1421
1537	144
1356	601
2827	1896
3169	2165
839	424
3682	1312
4128	1107
3713	249
5138	2407
3361	1266
3310	1603
3867	3023
3472	1198
3109	1694
2653	1705
4347	1073
3907	1038
4803	2108
3295	1716
2623	166
1721	1381
3331	270
2708	2318
4963	4849
2318	1879
2091	219
3315	113
5062	4484
4104	2862
3755	2673
2916	2039
5102	3679
1034	561
4343	4141
4727	499
4104	1918
3969	631
2065	962
2542	1912
3549	240
1237	930
2424	213
3853	1574
3167	651
4105	1039
1295	944
4852	4320
4458	1907
1425	1152
4339	2318
4293	2601
1455	1381
1131	1127
4347	4271
2439	1273
3526	3321
4178	4173
4063	2957
2623	1896
4879	2213
3169	2708
4383	1157
4671	601
4864	1351
5238	711
225	154
1319	540
1549	274
498	25
4952	2436
3570	1920
2784	2749
3482	1469
2887	705
3409	18
4141	755
4803	4005
4952	4192
2526	1460
4939	191
373	144
2564	1440
4226	4011
1036	672
3261	3169
1716	1157
4963	3834
3022	1757
1685	1104
3821	3548
498	114
3551	2240
1224	166
2005	1723
4424	766
3700	1166
2901	2358
3169	2801
1723	1265
3874	3015
4600	1779
4513	3158
2578	1884
4285	32
3358	1533
3907	2756
2956	2147
3526	3275
3167	623
3623	1086
4868	3835
4119	2293
4938	2376
2500	2183
3698	1626
982	104
3345	3167
4275	258
4275	635
4582	1457
3169	232
2633	1449
4130	3331
2537	2239
3289	2633
2574	1206
4275	1522
5130	3280
3275	1785
2776	489
4178	974
4378	939
1086	962
4148	3988
2801	213
3686	741
4414	3834
5126	587
1859	1522
589	244
4808	2526
2776	1758
4734	4244
4336	2653
2629	1565
2260	876
4849	3609
3169	469
2887	1723
1696	196
4864	939
3993	2382
4244	1758
4518	4042
2869	741
3887	2653
2314	225
2353	1435
3069	2526
4964	3644
3975	3141
601	587
4124	2358
3478	110
4171	4141
4861	2318
3458	2526
2983	2211
4208	1455
3169	1694
4174	2293
4879	255
515	281
2324	1656
4117	2673
3267	962
1602	1348
2039	905
4149	4087
5164	498
1995	1434
2370	274
3360	1902
4511	1918
2801	339
4306	2087
4582	3946
2282	881
962	18
2273	601
1723	834
5026	1237
4171	1910
1421	860
1086	91
3843	180
3530	2589
4171	521
4962	2039
3423	1078
5188	1907
1310	273
2183	166
5242	5170
5223	3773
3169	45
2586	1206
3169	1918
2916	2318
3720	196
5164	3501
4864	2776
4864	1047
3141	2992
4171	2380
5160	939
3610	547
4379	2039
5164	4127
4371	2653
2051	1600
3169	1300
3753	3158
3169	1614
3358	1131
2756	1612
2892	908
4536	2756
3377	1721
4719	1055
3620	1405
4579	3605
1249	1133
3907	3045
4447	2091
2372	1434
4484	581
1104	48
2773	174
1435	114
3169	1765
4963	1311
3753	1429
2957	225
4600	2240
4026	2956
2481	928
3221	382
4111	717
2278	1371
5057	4347
4300	274
4347	1047
1632	346
5046	3169
3169	1712
4171	2358
2829	2273
1779	561
4136	3664
3035	1236
3153	1668
4911	3212
719	493
4210	1349
4347	3755
5251	274
2847	1455
2211	147
5000	1758
3509	144
2889	819
4144	3531
3618	1697
3720	1421
2279	1473
1469	127
4106	2653
3310	881
3070	2670
2258	1458
2731	1127
2673	901
4706	2462
2263	213
4752	3167
4954	166
4905	2749
4661	4157
5160	726
4805	3169
2258	696
3317	495
5223	4107
4864	819
1571	1479
3286	3169
1944	67
1316	626
1050	547
5076	274
4171	1985
5175	4678
4505	2991
540	274
4379	3367
4495	1081
5176	4285
1626	1206
3835	456
1565	794
4521	1206
4742	1062
5067	921
982	352
2961	1974
2928	1237
659	44
584	450
3928	2526
2482	718
2827	1310
5078	4864
3933	3478
3120	2065
2258	39
5008	1720
3515	2275
2957	1866
4853	74
5132	191
1111	659
3275	1533
2653	577
497	434
1758	675
2823	1462
2240	1765
1907	943
4130	1533
5208	1064
3345	2926
3345	1434
2458	1692
2975	1565
4864	2829
2109	1295
2303	1057
2526	916
4104	3286
3896	1565
3753	3110
4954	3257
3546	583
4383	2231
4823	3710
2183	1632
2570	1232
4663	1697
4466	258
3280	2211
2601	118
3240	352
2559	1140
1086	990
1247	507
4903	4193
5242	240
1554	1173
3263	2240
3169	2875
4163	1540
4244	1358
3286	2183
4171	1848
4967	928
2318	2031
4964	1918
1127	648
4321	729
4295	881
990	191
3293	45
3257	1918
4244	2653
3111	2890
3643	2630
5061	3411
1122	566
2135	1104
3598	1127
2627	2240
4476	2419
3020	1970
4052	994
4879	105
3169	2926
1942	1225
1736	1119
3822	3444
1503	712
4853	3512
3987	2258
280	178
3710	599
5203	4072
3756	3361
4864	697
3111	316
3718	2555
3169	1970
728	118
1273	1107
4072	1183
2673	994
3058	37
3566	2284
4956	2653
2902	2263
5177	4443
2862	26
4864	4646
2789	277
3664	1087
2749	1836
3710	75
3781	447
720	672
4484	1627
2393	1295
4086	3548
4799	2449
4484	1570
3286	2850
5164	196
3580	1565
4148	1047
2887	881
3444	2853
1111	499
1435	566
2955	1565
2387	270
3608	587
2673	1974
3975	2211
4732	1531
2145	1758
4856	3501
3352	1047
3121	2756
4817	4663
2970	1602
1561	1206
2866	1712
4294	4191
3228	3184
4689	884
3623	3529
2516	1692
2773	1359
4088	1356
2367	1455
3856	2134
4271	1293
3478	1473
4734	1127
3420	1723
3169	1980
4191	1736
3772	2601
2574	946
3888	864
4630	3753
4852	4752
1561	889
3068	566
3708	3160
3975	3578
4136	3700
1602	1237
4971	244
3663	564
3111	1627
2673	705
1342	1237
3624	788
4343	4178
2845	1479
1687	137
4807	878
1910	521
4752	3745
2521	600
4663	2529
3169	2369
3097	1358
5034	4864
2021	1050
3739	2822
1293	1237
4011	2021
2623	1469
2318	360
4868	1396
5078	196
2165	521
3169	2775
2450	1198
4646	2526
4174	2673
2318	368
4212	3175
4447	788
3293	1455
2612	104
4178	1267
4750	2653
3785	1206
3099	2211
1270	1237
1545	1206
4775	1455
2393	1614
3667	1462
1602	1111
4109	3375
3403	755
4662	1736
4727	889
3169	1369
5127	576
3707	1200
3753	994
5196	2827
4777	196
4075	2240
3853	3169
4511	4104
1668	1565
3331	1626
2887	2436
3063	271
2653	597
4178	207
3509	2224
3548	869
4484	172
5170	4311
4646	17
3169	17
4193	2109
4482	2369
4443	4130
4971	2285
5051	1757
2147	561
1533	561
4124	3975
5062	4193
4243	3084
4287	2256
3169	523
2943	2284
3598	1549
5202	2945
1117	167
2031	1609
1758	1064
4141	3856
2983	255
2479	1758
2311	254
2589	943
2091	975
4963	2917
5238	3167
978	599
3245	2318
1735	1179
2887	2358
4479	77
2526	136
1778	1007
3169	717
3177	1757
3487	1860
2559	75
3950	104
884	104
3790	391
2822	1571
4864	961
1561	1166
424	302
1479	1469
4803	29
5049	1319
4347	648
5015	3257
4914	387
1421	630
3977	1025
3331	726
2436	191
4864	3300
2424	1319
4347	4104
3907	2465
5223	1104
1237	91
2432	742
4178	3226
5132	2632
2892	1469
1618	1533
5015	3933
2708	1284
4026	1179
5092	1173
3169	1270
3790	507
882	77
5139	495
1715	172
1758	1656
4967	2653
3169	943
3169	2973
4811	3630
4563	623
4419	3169
1194	191
3694	944
2529	2240
4727	1166
4439	2239
4178	838
1183	1133
1415	1237
4602	718
4566	105
4864	4828
4137	2258
3141	2653
1129	1070
3220	2436
3423	2773
5175	2108
5076	2849
4141	180
3630	172
2393	1206
4691	2241
3005	2732
1715	581
4251	1370
3937	3169
4347	944
5062	990
3156	1276
4493	1736
3643	1322
3268	316
943	273
1995	281
2516	1265
3755	2862
4122	2424
4864	4659
5033	3598
3965	3843
3907	2219
3410	2367
5203	1469
3128	773
4803	2390
4954	3472
4706	3141
4141	3100
1348	1111
4659	4447
4226	1050
2407	1531
5063	4864
2183	1469
4093	1237
4214	2248
4347	4315
3244	3177
4962	600
2956	2240
3212	167
1342	316
2318	2222
3594	1878
948	447
3169	1166
4141	4117
4899	3624
4106	2311
5160	258
1638	25
3644	2374
3289	3228
3549	3167
2853	2380
2436	943
4864	1103
3682	2048
4402	537
4879	4347
1127	794
3144	154
4116	1970
2789	2540
4864	2420
5177	4727
4959	1455
2773	2417
2439	1127
4396	2756
5219	773
3025	2211
2887	37
4402	1600
3502	1566
4444	3169
5208	2653
2318	1779
3169	819
4613	1561
5113	3055
4439	2749
1748	1093
2147	1133
2665	105
2509	1578
2991	711
3170	2232
5219	3019
4659	2091
1602	1295
3475	1533
1752	1429
3699	2887
3546	1561
5188	4542
3411	1565
4408	4285
3358	3153
3933	154
4144	3603
3856	1565
4875	3526
2750	1907
5124	4864
4540	3644
4523	3475
1694	1237
3343	1237
4807	4141
3644	446
3710	2559
3493	3458
4392	2358
2927	1757
5198	3644
2448	1533
2083	456
1519	1293
1910	672
4127	363
4225	3694
2285	1020
3785	3739
1127	727
3257	2183
5112	2083
1349	921
3753	68
5238	2285
2775	1603
2258	1526
3835	766
3630	2991
2957	2416
3835	1656
4671	254
4342	3600
5164	2381
2393	2258
3078	315
5170	541
4651	4104
1779	105
1688	332
3475	3343
2410	1798
4275	4075
1369	821
3091	741
4163	499
4141	1519
2380	1970
4021	1574
3773	3233
2673	458
1270	352
5130	674
1157	601
2537	1532
3167	2285
4675	1435
2887	174
191	97
4536	2154
4971	2039
5126	1111
4178	3643
4731	4383
4891	3343
2797	362
4100	3002
4495	4275
4046	2749
3169	1537
4967	4856
4054	1469
3882	3546
2887	1274
4011	547
3169	1078
3169	1206
419	91
3045	264
4158	1758
2956	1034
3710	584
5116	2957
2653	1031
2849	2749
3130	2240
2211	17
1288	274
1062	236
2827	1293
4630	4104
3233	905
2216	922
247	104
3478	37
4963	4244
1685	599
4200	75
4864	4811
4379	905
4021	3887
2827	1053
1129	1016
4518	3134
2587	1970
4852	857
4950	1461
2749	1612
4803	2164
5242	651
1942	515
4141	2997
1359	1274
4144	3306
3169	2844
4480	1758
2574	653
5232	1565
4956	104
3245	589
2756	2211
4171	2746
4776	2222
5242	3295
3169	1265
2844	1025
4495	2509
3072	1758
2318	127
4972	3169
2370	114
4734	711
5062	1206
3411	2980
3720	3710
3643	2435
4954	1224
5188	1469
2479	1399
4306	705
4977	1356
4853	1082
2889	1942
1603	1284
3361	1519
4378	3823
1566	1455
5209	4849
3498	1457
4967	2165
2424	2263
2965	2749
2630	1970
3823	1612
5008	4963
3896	2653
2047	1656
4842	37
3169	3015
1696	292
589	274
4956	1206
2479	561
4752	4193
1782	1758
4275	711
4864	2700
4770	3396
4111	3781
2275	1995
4507	4490
4689	2091
2736	2609
4513	2318
4952	4320
4347	2847
5219	2509
2462	695
4613	4111
3423	174
2870	1723
2223	1212
2887	362
1627	712
4347	3343
5046	2887
3549	3295
1237	1053
5163	2091
1455	908
3695	2653
4347	2521
2380	1889
2537	1429
4171	2239
3802	3169
2676	517
4158	773
4378	2869
630	587
4141	957
3161	1151
2887	2804
819	461
5121	4921
4581	3169
4823	788
4275	779
3790	3158
2992	1237
2887	1070
889	499
4803	2081
2717	2051
4178	2223
1694	115
2653	1778
4864	4495
4093	976
4347	2051
4864	3995
3933	2850
3169	1773
3280	1758
3169	115
4144	3720
1868	329
2211	2164
4767	1720
3160	2263
4400	2275
5132	4378
4971	240
4148	1970
2465	2147
2555	2143
3720	231
4187	651
4347	166
4864	1019
2586	564
2147	516
3993	1697
4963	1918
3630	2096
2211	1019
4493	2407
3987	1237
2901	104
2039	1133
3977	3598
3169	1850
3755	1912
4864	618
2589	74
2318	1632
2279	17
3889	2477
4275	1225
2687	2633
1637	480
3478	273
4166	1309
2980	231
4663	3429
4141	607
2051	717
3182	3156
4923	2970
3821	2279
3678	2802
2318	1103
717	566
4106	2358
3710	1907
3755	2183
4493	2970
1274	717
4107	3059
3169	978
3160	2222
1907	720
5209	4072
2555	105
4472	176
3999	3169
566	515
2797	2773
2889	2211
4933	2581
2178	787
3169	1985
1758	635
2887	221
3720	923
4530	3570
3627	1549
2091	44
25	17
1237	476
5036	516
4141	3975
3169	1561
4853	1657
4926	2597
2649	1565
4124	2887
4116	944
3643	819
5170	601
2887	990
1038	954
2293	498
4727	2318
3975	597
4243	2816
4011	1970
4663	4046
2889	516
5132	2147
860	299
3169	905
4861	231
3122	2784
3169	701
3889	3720
3169	3081
4210	2021
2653	976
5163	2258
2749	144
1295	1111
447	352
3560	2749
3856	3834
5015	4124
4166	3409
3169	561
3213	1212
3156	997
4347	137
2928	773
4971	1112
5184	901
3830	730
5239	2279
4663	3699
3257	1293
3169	229
990	196
3169	302
2258	881
4564	4122
3019	2521
2091	709
3810	1715
1396	138
3020	2892
3169	2094
4306	1779
4327	3835
3802	1206
4141	2324
4663	2937
699	601
4914	434
1265	705
4139	1440
2091	1615
2633	1469
2756	2521
4116	2676
4383	1450
1879	231
196	191
4654	4178
4776	1611
4094	3149
3069	1127
3548	3069
3409	2749
3492	1469
3993	2165
2827	803
2537	2432
4663	1859
1345	1265
2160	171
3317	1697
4152	2258
4052	104
2967	1497
4106	2992
3644	900
3100	1758
2749	1970
4864	1404
4744	2521
4542	2258
2279	901
3753	2816
1650	1208
3882	2318
2509	367
4315	2065
3778	3212
2653	2529
4315	2380
3700	2887
5219	2263
1602	44
3492	1237
3160	438
4271	4116
4239	3344
4407	2997
5208	1224
3169	1031
2064	788
4971	180
4482	2263
3966	982
2928	335
4767	900
1691	171
1602	417
3627	1059
934	901
5251	4097
5241	1244
4178	1522
3630	581
4240	1119
3019	820
4178	254
3548	3307
2775	1273
4591	2005
4483	424
4596	3718
1561	1038
3169	1093
4482	511
3654	2256
2589	2320
4347	2623
997	756
4963	4744
4487	1692
3169	1210
4351	2712
3017	2526
2165	962
2669	2501
4383	2574
285	196
4582	3498
4148	884
3286	3141
2673	2479
1862	524
2263	1353
3244	876
3169	2784
1025	882
5219	1535
4347	1612
3409	2945
4594	3454
2892	1396
3975	2183
3069	2890
3023	841
1723	1237
3529	1237
3578	2991
3753	1196
5113	1779
3072	2258
5177	1111
3933	225
4963	3755
419	113
4591	3123
4864	476
3169	540
4107	1682
4275	3169
3822	1055
3785	1995
2970	703
5113	2653
5177	4962
2258	1082
4495	1007
3169	1565
3498	716
3144	2211
3417	2258
5188	3753
5116	4466
1244	961
4097	2749
2894	2589
4586	4025
2673	1406
4820	3531
5196	1274
2574	2314
2393	1561
4709	3169
5242	2285
3084	2279
2382	909
2047	1758
4493	3753
1757	1295
2039	1469
4864	2140
3019	2223
4727	2031
2529	147
3169	1090
4044	2039
3681	2135
2285	240
4935	2585
4052	1104
4439	1757
4148	461
2887	1612
4116	346
5151	461
4891	3169
4905	3834
882	105
1756	1603
2230	1237
1723	626
4306	3169
1850	1469
4171	2367
4853	2797
2870	2289
5132	3123
2537	498
3578	91
3937	2623
635	104
3224	118
4864	2219
5170	240
4094	3401
3558	221
2256	1615
3228	1368
4853	2671
3169	3096
1600	1429
3167	541
2211	709
3707	3686
2853	766
2623	68
4864	1304
5177	368
1519	928
3028	144
1189	948
2529	1151
3169	171
2079	1310
5242	2380
2559	1985
5033	3643
4378	900
4468	1884
4104	3482
3169	664
2653	854
2091	258
2314	1183
3158	2318
4089	2356
5223	515
3213	961
231	114
4484	541
4952	1417
4396	3823
946	391
1133	699
4864	2954
5223	247
4954	4347
4926	2749
4864	2629
2521	2048
4275	1454
2211	153
4309	4178
4054	1237
4369	2083
2587	2275
419	335
4482	3627
5056	3643
4868	2361
2653	1860
2393	417
2164	1565
1305	1149
4178	3699
4734	4317
2472	901
4088	2240
3420	3213
3698	2382
3487	2258
4209	419
2417	717
4108	3169
4347	1850
1632	115
4193	1237
3169	2840
236	91
4013	1907
3762	2789
2263	589
1574	1571
2756	17
2849	434
2462	17
4864	1985
4141	4033
3546	659
5062	939
4128	1520
762	377
3169	1748
2079	1189
2380	110
2232	1773
1237	1206
4596	1025
2749	2553
4828	788
3574	104
2756	2222
3887	597
2108	18
3720	2870
2526	1167
4853	910
2387	1157
1127	753
5129	767
4970	4306
3975	1377
4106	2869
4137	1758
1273	485
2788	127
4849	2314
4343	2749
4253	3475
3261	3012
4144	1396
2281	1007
2526	2521
5208	4734
4967	3644
4963	1974
3411	3331
1750	712
4963	4178
4864	2875
3169	1691
4864	2145
4402	659
5223	5132
1093	468
4493	939
1455	277
2581	2500
4343	564
3745	1455
1415	1305
2653	1019
3753	962
3343	489
3401	3203
3358	638
2249	437
3169	2633
3644	923
2525	699
4407	1736
3169	876
4107	2926
3486	118
908	517
1896	154
3933	2578
3410	75
2356	1786
4625	1133
3823	962
1237	711
4378	507
1715	1179
4849	3552
4141	3838
4383	3153
4689	2646
4852	2380
5036	2130
3411	2749
4097	1878
1878	77
1396	672
5069	4178
3906	2256
4028	3907
3169	1868
2949	1757
962	539
3576	1117
4719	156
4148	3570
3882	1348
4654	1217
4685	587
517	225
2548	1574
4616	543
800	564
4141	4021
3907	1561
2761	277
4805	1932
4671	2992
