# GO	NS	enrichment	name	ratio_in_study	ratio_in_pop	p_uncorrected	depth	study_count	p_fdr_bh	study_items
GO:0004298	MF	e	threonine-type endopeptidase activity	3/7	4/6920	2.5349004170514314e-09	5	3	6.557787378912054e-06	PRE2, PRE3, PUP1
GO:0070003	MF	e	threonine-type peptidase activity	3/7	8/6920	3.5427064921749145e-08	4	3	4.5824908476282524e-05	PRE2, PRE3, PUP1
GO:0061133	MF	e	endopeptidase activator activity	2/7	2/6920	8.772025093004354e-07	5	2	0.0007564409638534088	PRE1, PUP3
GO:0016504	MF	e	peptidase activator activity	2/7	4/6920	5.258144155069571e-06	4	2	0.003400704732291245	PRE1, PUP3
GO:0061135	MF	e	endopeptidase regulator activity	2/7	7/6920	1.837691117288464e-05	4	2	0.009508213840850512	PRE1, PUP3
GO:0061134	MF	e	peptidase regulator activity	2/7	10/6920	3.932218371807621e-05	3	2	0.016954414879777193	PRE1, PUP3
GO:0004175	MF	e	endopeptidase activity	3/7	101/6920	0.0001012403097283976	4	3	0.0374155258953378	PRE2, PRE3, PUP1
