# GO	NS	enrichment	name	ratio_in_study	ratio_in_pop	p_uncorrected	depth	study_count	p_fdr_bh	study_items
GO:0000956	BP	e	nuclear-transcribed mRNA catabolic process	3/4	122/6920	2.1116225484778973e-05	10	3	0.040729060803680876	LSM1, LSM5, PAT1
GO:0006402	BP	e	mRNA catabolic process	3/4	127/6920	2.3830630351136702e-05	9	3	0.040729060803680876	LSM1, LSM5, PAT1
GO:0000290	BP	e	deadenylation-dependent decapping of nuclear-transcribed mRNA	2/4	16/6920	2.9994419789219436e-05	11	2	0.040729060803680876	LSM1, PAT1
GO:0110156	BP	e	mRNA methylguanosine-cap decapping	2/4	19/6920	4.2717308157132533e-05	8	2	0.040729060803680876	LSM1, PAT1
GO:0006401	BP	e	RNA catabolic process	3/4	162/6920	4.952657491011655e-05	7	3	0.040729060803680876	LSM1, LSM5, PAT1
GO:0141188	BP	e	nucleic acid catabolic process	3/4	166/6920	5.3287039865260635e-05	6	3	0.040729060803680876	LSM1, LSM5, PAT1
GO:0110154	BP	e	RNA decapping	2/4	23/6920	6.315284500045593e-05	7	2	0.041374135310298696	LSM1, PAT1
