# GO	NS	enrichment	name	ratio_in_study	ratio_in_pop	p_uncorrected	depth	study_count	p_fdr_bh	study_items
GO:0005787	CC	e	signal peptidase complex	3/3	4/6920	7.245715188538681e-11	6	3	6.847200853169053e-08	SEC11, SPC1, SPC2
GO:1905286	CC	e	serine-type peptidase complex	3/3	7/6920	6.340000789971344e-10	4	3	1.9971002488409735e-07	SEC11, SPC1, SPC2
GO:1905370	CC	e	serine-type endopeptidase complex	3/3	7/6920	6.340000789971344e-10	5	3	1.9971002488409735e-07	SEC11, SPC1, SPC2
GO:1905369	CC	e	endopeptidase complex	3/3	54/6920	4.493067988412835e-07	4	3	0.00010614873122625323	SEC11, SPC1, SPC2
GO:0140534	CC	e	endoplasmic reticulum protein-containing complex	3/3	79/6920	1.4324597784861258e-06	2	3	0.00023440250920682055	SEC11, SPC1, SPC2
GO:1905368	CC	e	peptidase complex	3/3	80/6920	1.4882698997258447e-06	3	3	0.00023440250920682055	SEC11, SPC1, SPC2
GO:0098796	CC	e	membrane protein complex	3/3	336/6920	0.00011350123014238301	2	3	0.015322666069221705	SEC11, SPC1, SPC2
GO:0005789	CC	e	endoplasmic reticulum membrane	3/3	406/6920	0.00020055451298932154	4	3	0.023690501846863606	SEC11, SPC1, SPC2
