# GO	NS	enrichment	name	ratio_in_study	ratio_in_pop	p_uncorrected	depth	study_count	p_fdr_bh	study_items
GO:0035615	MF	e	clathrin adaptor activity	4/5	7/6920	1.832528747729769e-12	4	4	4.740751870376913e-09	APL4, APM1, APM2, APS1
GO:0140312	MF	e	cargo adaptor activity	4/5	12/6920	2.5902197385196218e-11	3	4	3.350449231775131e-08	APL4, APM1, APM2, APS1
GO:0030674	MF	e	protein-macromolecule adaptor activity	4/5	278/6920	1.2350966140257085e-05	2	4	0.010650649801615026	APL4, APM1, APM2, APS1
GO:0030276	MF	e	clathrin binding	2/5	16/6920	4.992326349043648e-05	3	2	0.032287870662439794	APL2, APL4
