# GO	NS	enrichment	name	ratio_in_study	ratio_in_pop	p_uncorrected	depth	study_count	p_fdr_bh	study_items
GO:0034657	CC	e	GID complex	7/8	8/6920	4.257270390758726e-22	5	7	4.023120519266996e-19	FYV10, GID7, GID8, RMD5, VID24, VID28, VID30
GO:0000151	CC	e	ubiquitin ligase complex	7/8	96/6920	6.272244196407189e-13	4	7	2.9636353828023965e-10	FYV10, GID7, GID8, RMD5, VID24, VID28, VID30
GO:1990234	CC	e	transferase complex	7/8	410/6920	1.8537533605197454e-08	3	7	4.3794923142278985e-06	FYV10, GID7, GID8, RMD5, VID24, VID28, VID30
GO:0140535	CC	e	intracellular protein-containing complex	7/8	410/6920	1.8537533605197454e-08	2	7	4.3794923142278985e-06	FYV10, GID7, GID8, RMD5, VID24, VID28, VID30
GO:1902494	CC	e	catalytic complex	7/8	851/6920	2.9741538680438545e-06	2	7	0.0005621150810602885	FYV10, GID7, GID8, RMD5, VID24, VID28, VID30
