# GO	NS	enrichment	name	ratio_in_study	ratio_in_pop	p_uncorrected	depth	study_count	p_fdr_bh	study_items
GO:0005934	CC	e	cellular bud tip	4/5	106/6920	2.5711853386940615e-07	3	4	0.0002429770145065888	CDC55, TPD3, ZDS1, ZDS2
GO:0005935	CC	e	cellular bud neck	4/5	201/6920	3.37796754993709e-06	3	4	0.001596089667345275	CDC55, TPD3, ZDS1, ZDS2
GO:0000159	CC	e	protein phosphatase type 2A complex	2/5	8/6920	1.1675756452104204e-05	5	2	0.003088989964121272	CDC55, TPD3
GO:0030427	CC	e	site of polarized growth	4/5	282/6920	1.3075089795222316e-05	2	4	0.003088989964121272	CDC55, TPD3, ZDS1, ZDS2
GO:1903293	CC	e	phosphatase complex	2/5	27/6920	0.0001455612030092658	3	2	0.022925889473959366	CDC55, TPD3
GO:0008287	CC	e	protein serine/threonine phosphatase complex	2/5	27/6920	0.0001455612030092658	4	2	0.022925889473959366	CDC55, TPD3
