# GO	NS	enrichment	name	ratio_in_study	ratio_in_pop	p_uncorrected	depth	study_count	p_fdr_bh	study_items
GO:0043529	CC	e	GET complex	3/3	3/6920	1.8114287971346702e-11	3	3	1.7118002132922633e-08	GET1, GET2, GET3
GO:0140534	CC	e	endoplasmic reticulum protein-containing complex	3/3	79/6920	1.4324597784861258e-06	2	3	0.0006768372453346944	GET1, GET2, GET3
GO:0005794	CC	e	Golgi apparatus	3/3	265/6920	5.554891320717236e-05	5	3	0.017497907660259295	GET1, GET2, GET3
