# GO	NS	enrichment	name	ratio_in_study	ratio_in_pop	p_uncorrected	depth	study_count	p_fdr_bh	study_items
GO:0006896	BP	e	Golgi to vacuole transport	3/3	28/6920	5.934240739413177e-08	7	3	0.0002721442803094883	APL5, APL6, APM3
GO:0006892	BP	e	post-Golgi vesicle-mediated transport	3/3	82/6920	1.6042013427424634e-06	6	3	0.0036784336789084686	APL5, APL6, APM3
GO:0006623	BP	e	protein targeting to vacuole	3/3	102/6920	3.110223244680228e-06	8	3	0.004754494600034508	APL5, APL6, APM3
GO:0072666	BP	e	establishment of protein localization to vacuole	3/3	123/6920	5.481763940176909e-06	7	3	0.006284842357412826	APL5, APL6, APM3
GO:0072665	BP	e	protein localization to vacuole	3/3	134/6920	7.1023224849575e-06	6	3	0.00651425018320302	APL5, APL6, APM3
GO:0006605	BP	e	protein targeting	3/3	161/6920	1.2365537540760108e-05	6	3	0.009451392526987642	APL5, APL6, APM3
GO:0007034	BP	e	vacuolar transport	3/3	174/6920	1.563125383338638e-05	5	3	0.010240704297129992	APL5, APL6, APM3
GO:0048193	BP	e	Golgi vesicle transport	3/3	208/6920	2.6777554879371083e-05	5	3	0.015350233334599473	APL5, APL6, APM3
