# GO	NS	enrichment	name	ratio_in_study	ratio_in_pop	p_uncorrected	depth	study_count	p_fdr_bh	study_items
GO:0005885	CC	e	Arp2/3 protein complex	7/7	7/6920	6.652827054658272e-24	2	7	6.286921566652067e-21	ARC15, ARC18, ARC19, ARC35, ARC40, ARP2, ARP3
GO:0030479	CC	e	actin cortical patch	6/7	61/6920	2.5366218151936147e-12	3	6	9.775234838564543e-10	ARC15, ARC19, ARC35, ARC40, ARP2, ARP3
GO:0061645	CC	e	endocytic patch	6/7	63/6920	3.103249155099855e-12	2	6	9.775234838564543e-10	ARC15, ARC19, ARC35, ARC40, ARP2, ARP3
GO:0005856	CC	e	cytoskeleton	7/7	188/6920	9.785885421026e-12	5	7	2.3119154307173924e-09	ARC15, ARC18, ARC19, ARC35, ARC40, ARP2, ARP3
GO:0015629	CC	e	actin cytoskeleton	4/7	18/6920	1.1164549392852244e-09	6	4	2.1100998352490743e-07	ARC15, ARC19, ARC35, ARC40
GO:0043228	CC	e	membraneless organelle	7/7	1210/6920	4.92631768085347e-06	3	7	0.0006650528869152184	ARC15, ARC18, ARC19, ARC35, ARC40, ARP2, ARP3
GO:0043232	CC	e	intracellular membraneless organelle	7/7	1210/6920	4.92631768085347e-06	4	7	0.0006650528869152184	ARC15, ARC18, ARC19, ARC35, ARC40, ARP2, ARP3
GO:0032991	CC	e	protein-containing complex	7/7	2176/6920	0.00030198995259705935	1	7	0.035672563150527636	ARC15, ARC18, ARC19, ARC35, ARC40, ARP2, ARP3
