# GO	NS	enrichment	name	ratio_in_study	ratio_in_pop	p_uncorrected	depth	study_count	p_fdr_bh	study_items
GO:0005952	CC	e	cAMP-dependent protein kinase complex	3/3	4/6920	7.245715188538681e-11	7	3	6.847200853169053e-08	BCY1, TPK1, TPK2
GO:1902554	CC	e	serine/threonine protein kinase complex	3/3	56/6920	5.021280625657305e-07	6	3	0.00023725550956230765	BCY1, TPK1, TPK2
GO:1902911	CC	e	protein kinase complex	3/3	64/6920	7.54713694038189e-07	5	3	0.00023773481362202953	BCY1, TPK1, TPK2
GO:0061695	CC	e	transferase complex, transferring phosphorus-containing groups	3/3	135/6920	7.2637389050701695e-06	4	3	0.0017160583163228274	BCY1, TPK1, TPK2
GO:0000785	CC	e	chromatin	3/3	148/6920	9.589631594879057e-06	2	3	0.001812440371432142	BCY1, TPK1, TPK2
GO:1990234	CC	e	transferase complex	3/3	410/6920	0.00020655577659422868	3	3	0.02788502984022087	BCY1, TPK1, TPK2
GO:0140535	CC	e	intracellular protein-containing complex	3/3	410/6920	0.00020655577659422868	2	3	0.02788502984022087	BCY1, TPK1, TPK2
