# GO	NS	enrichment	name	ratio_in_study	ratio_in_pop	p_uncorrected	depth	study_count	p_fdr_bh	study_items
GO:0031491	MF	e	nucleosome binding	4/4	33/6920	4.286463286323589e-10	3	4	1.1089080521719126e-06	HIR1, HIR2, HIR3, HPC2
GO:0003682	MF	e	chromatin binding	4/4	157/6920	2.5516958738210473e-07	2	4	0.00025293514281358385	HIR1, HIR2, HIR3, HPC2
GO:0003714	MF	e	transcription corepressor activity	3/4	30/6920	2.9331481578691597e-07	4	3	0.00025293514281358385	HIR1, HIR2, HIR3
GO:0044877	MF	e	protein-containing complex binding	4/4	290/6920	3.0235869813397617e-06	2	4	0.001955504880181491	HIR1, HIR2, HIR3, HPC2
GO:0003712	MF	e	transcription coregulator activity	3/4	92/6920	9.011360901920849e-06	3	3	0.004662478130653847	HIR1, HIR2, HIR3
GO:0003677	MF	e	DNA binding	4/4	676/6920	9.033949762084834e-05	3	4	0.038951380057522446	HIR1, HIR2, HIR3, HPC2
