# GO	NS	enrichment	name	ratio_in_study	ratio_in_pop	p_uncorrected	depth	study_count	p_fdr_bh	study_items
GO:0006103	BP	e	2-oxoglutarate metabolic process	3/3	6/6920	3.6228575942693396e-10	8	3	1.6614424927319191e-06	KGD1, KGD2, KGD4
GO:0006099	BP	e	tricarboxylic acid cycle	3/3	32/6920	8.984686833787961e-08	4	3	0.00020601886909875795	KGD1, KGD2, KGD4
GO:0043648	BP	e	dicarboxylic acid metabolic process	3/3	48/6920	3.1330472475241255e-07	7	3	0.000478938489238188	KGD1, KGD2, KGD4
