# GO	NS	enrichment	name	ratio_in_study	ratio_in_pop	p_uncorrected	depth	study_count	p_fdr_bh	study_items
GO:0005200	MF	e	structural constituent of cytoskeleton	4/4	21/6920	6.269423941507011e-11	2	4	1.6218999736678638e-07	TUB1, TUB2, TUB3, TUB4
GO:0032561	MF	e	guanyl ribonucleotide binding	4/4	115/6920	7.241881255100763e-08	7	4	4.6836867017364184e-05	TUB1, TUB2, TUB3, TUB4
GO:0005525	MF	e	GTP binding	4/4	115/6920	7.241881255100763e-08	8	4	4.6836867017364184e-05	TUB1, TUB2, TUB3, TUB4
GO:0019001	MF	e	guanyl nucleotide binding	4/4	115/6920	7.241881255100763e-08	6	4	4.6836867017364184e-05	TUB1, TUB2, TUB3, TUB4
GO:0005198	MF	e	structural molecule activity	4/4	380/6920	8.957941010343461e-06	1	4	0.004634838678751707	TUB1, TUB2, TUB3, TUB4
