# GO	NS	enrichment	name	ratio_in_study	ratio_in_pop	p_uncorrected	depth	study_count	p_fdr_bh	study_items
GO:1990837	MF	e	sequence-specific double-stranded DNA binding	5/12	235/6920	2.820273303374483e-05	5	5	0.032026573991730145	CRZ1, SNF2, SNF6, SWI1, YAP1
GO:0061629	MF	e	RNA polymerase II-specific DNA-binding transcription factor binding	3/12	41/6920	4.093299896562585e-05	5	3	0.032026573991730145	SNF2, SNF5, SWI1
GO:0003677	MF	e	DNA binding	7/12	676/6920	4.2054489096953206e-05	3	7	0.032026573991730145	CRZ1, SNF2, SNF6, SWI1, SWI3, TAF14, YAP1
GO:0042393	MF	e	histone binding	3/12	44/6920	5.070619232456606e-05	3	3	0.032026573991730145	SNF2, SWI3, TAF14
GO:0140297	MF	e	DNA-binding transcription factor binding	3/12	47/6920	6.189906067207218e-05	4	3	0.032026573991730145	SNF2, SNF5, SWI1
GO:0003690	MF	e	double-stranded DNA binding	5/12	302/6920	9.417218391174211e-05	4	5	0.04060390662994614	CRZ1, SNF2, SNF6, SWI1, YAP1
GO:0043565	MF	e	sequence-specific DNA binding	5/12	317/6920	0.00011863256017135991	4	5	0.04384320473761544	CRZ1, SNF2, SNF6, SWI1, YAP1
