# GO	NS	enrichment	name	ratio_in_study	ratio_in_pop	p_uncorrected	depth	study_count	p_fdr_bh	study_items
GO:0032221	CC	e	Rpd3S complex	5/5	5/6920	7.57318390141902e-18	5	5	7.156658786840973e-15	EAF3, RCO1, RPD3, SIN3, UME1
GO:0070822	CC	e	Sin3-type complex	5/5	21/6920	1.541067192099757e-13	4	5	7.281542482671351e-11	EAF3, RCO1, RPD3, SIN3, UME1
GO:0000118	CC	e	histone deacetylase complex	5/5	56/6920	2.8928169037582803e-11	3	5	9.112373246838583e-09	EAF3, RCO1, RPD3, SIN3, UME1
GO:0033698	CC	e	Rpd3L complex	3/5	16/6920	1.011542373938975e-07	5	3	2.389768858430828e-05	RPD3, SIN3, UME1
GO:0070210	CC	e	Rpd3L-Expanded complex	3/5	26/6920	4.686254063664159e-07	4	3	8.857020180325262e-05	RPD3, SIN3, UME1
GO:0140513	CC	e	nuclear protein-containing complex	5/5	707/6920	1.099103201723515e-05	2	5	0.0017310875427145361	EAF3, RCO1, RPD3, SIN3, UME1
GO:1902494	CC	e	catalytic complex	5/5	851/6920	2.7837658039014305e-05	2	5	0.003758083835266931	EAF3, RCO1, RPD3, SIN3, UME1
