# GO	NS	enrichment	name	ratio_in_study	ratio_in_pop	p_uncorrected	depth	study_count	p_fdr_bh	study_items
GO:0006312	BP	e	mitotic recombination	5/6	59/6920	2.2600530704962553e-10	8	5	1.0364603381295826e-06	ARP8, IES3, IES5, INO80, NHP10
GO:0000722	BP	e	telomere maintenance via recombination	4/6	41/6920	1.5776482620481333e-08	9	4	3.61754746487637e-05	IES3, IES5, INO80, NHP10
GO:0000723	BP	e	telomere maintenance	4/6	83/6920	2.8348994111237676e-07	7	4	0.0002976136355855326	IES3, IES5, INO80, NHP10
GO:0032200	BP	e	telomere organization	4/6	85/6920	3.1221811986726457e-07	6	4	0.0002976136355855326	IES3, IES5, INO80, NHP10
GO:0006310	BP	e	DNA recombination	5/6	247/6920	3.244806319074712e-07	7	5	0.0002976136355855326	ARP8, IES3, IES5, INO80, NHP10
GO:0006338	BP	e	chromatin remodeling	5/6	259/6920	4.1150951160323784e-07	5	5	0.00031453043670207477	ARP8, IES1, IES3, INO80, NHP10
GO:0006325	BP	e	chromatin organization	5/6	324/6920	1.2603232757104079e-06	4	5	0.0008256917917725615	ARP8, IES1, IES3, INO80, NHP10
GO:0006259	BP	e	DNA metabolic process	5/6	525/6920	1.3888121946888688e-05	6	5	0.00796136590605394	ARP8, IES3, IES5, INO80, NHP10
GO:0051276	BP	e	chromosome organization	4/6	260/6920	2.7528028016383377e-05	5	4	0.01402705960923713	IES3, IES5, INO80, NHP10
