903	1371
4210	4361
580	2900
2648	3380
2216	4106
1422	2216
4848	4890
2089	2166
961	3100
2241	4273
618	4111
501	2593
1679	3599
2891	4546
3649	4775
891	3736
3380	3613
2898	4933
1402	1905
1692	2708
3300	4493
111	1135
2173	4273
722	4151
618	4202
904	1710
3685	4561
2901	4268
1491	4723
1117	4418
364	3576
1527	1573
340	1553
1735	3116
1679	4294
27	5102
1679	2805
1667	3366
476	3245
1710	2259
1270	2409
389	1215
877	2242
452	4184
1679	3874
4271	4801
313	2288
3103	5020
1450	4301
1527	3930
1145	1705
2347	4391
224	3107
2591	4326
1747	1893
866	2617
1679	4901
4046	4051
1377	4156
417	3484
510	3419
3056	4674
3602	4127
3300	4246
1058	1287
1671	3612
564	1136
373	879
643	914
1428	1727
1873	2469
100	1285
2687	3272
1215	1864
2185	4631
1423	1774
1078	1686
3380	4145
3944	4156
2271	3581
1964	2835
374	3971
1084	1537
1679	4117
1108	1366
3650	4236
687	3754
4326	4863
580	2142
1113	4525
2276	3920
3968	4156
269	507
593	3121
1464	1679
2466	3545
580	1687
67	535
3343	4882
788	4600
2456	3116
260	4022
1674	2560
444	3810
284	842
2169	4156
1093	3114
1988	3205
970	973
1465	5062
443	3121
362	3494
3623	3892
2663	3442
3857	4295
1281	3044
914	2209
1215	1348
1094	2472
2055	3417
2763	3602
4105	4550
3580	4045
222	1215
1324	1679
903	3853
1679	3764
731	4271
1679	3276
970	3116
2208	4580
526	4376
1128	4156
3000	5083
1679	2763
3933	4156
1215	5105
3245	3724
3494	3754
1679	2171
3581	4738
1679	5152
3300	4202
3853	4711
1780	4529
1113	5087
4267	4396
35	4070
7	277
2064	4111
814	4478
1679	3963
867	1135
123	2582
3333	3688
4156	4303
2970	3565
1950	4105
887	5038
3496	4156
3602	3686
2625	4170
2496	3397
904	3851
2931	4826
1338	4598
2227	3757
337	4674
648	4819
1465	4611
739	1692
4399	5008
1544	4201
247	401
756	1679
3121	3496
420	982
604	4200
1422	2693
265	3611
1679	4232
1527	3174
1667	3920
680	3324
1679	2242
238	5159
495	1753
1450	4156
3116	3580
2216	4714
101	1679
4035	4156
3970	4156
1660	1699
2625	2716
4010	4882
1527	2184
999	4329
1749	4105
1270	3196
833	3245
1753	4202
476	1742
1726	3920
347	2185
2591	4271
867	2798
776	1679
1893	3116
3009	3116
3346	4156
3534	4177
1249	3116
2040	4105
133	4184
1727	2670
1061	3469
401	3662
1679	3413
995	2663
227	1527
4525	4775
7	1542
710	3988
902	4949
1826	2625
902	1858
3884	4466
4017	4560
1117	3185
495	4156
814	1185
1527	4569
413	3351
1402	4685
2142	4399
995	1911
1251	3380
1856	3568
309	1433
3950	4569
139	3380
2249	4406
2803	4399
3116	3171
1061	1679
1789	4525
2974	3116
991	2959
7	4841
2775	3984
1671	3860
1679	2342
1005	3908
1386	2818
1883	4461
773	1639
4235	4775
4393	4923
1679	5034
1727	4358
2774	4795
648	1147
758	2181
1359	1679
3161	4458
1244	2618
680	2501
1726	3065
2216	4358
1863	3996
1810	2241
687	3235
1280	1679
3944	4131
1108	2974
622	4118
2504	4393
1854	3713
3492	4775
1666	3272
593	4111
2792	3653
4132	4326
1108	2342
1872	2569
539	1056
1338	5028
1200	1679
1553	4088
1461	4236
1666	3254
312	2041
510	1553
2216	2591
2414	3488
214	3092
2905	4702
797	4525
1679	3376
3905	4182
1679	3344
1215	2584
1633	2013
1215	4759
349	3402
3056	4480
3705	4819
1423	3408
1185	3358
797	4365
1386	3602
639	1215
1813	2895
1585	3312
2902	4329
36	2755
1679	2146
1641	4798
1108	3116
2049	2417
1479	3211
349	2985
1460	3825
1113	3829
643	4070
904	2900
958	2353
4615	4711
2166	4022
1422	1800
2307	4809
1063	1798
364	1527
2277	4775
3564	3566
1145	2362
510	4873
1422	3932
1270	5138
2185	3185
1710	1987
1549	4857
1679	3830
1505	3116
4841	5085
3902	4070
1537	3225
1897	3380
1527	2374
2567	5009
574	4775
1948	4329
3116	4360
651	1163
2036	4844
3121	4035
4105	4239
746	946
345	3344
139	4156
2089	2214
521	4090
2729	3116
896	2312
3993	4070
168	1884
2615	5026
65	1108
1603	5008
1281	3842
3481	3589
648	3116
1390	2708
1722	3116
649	3367
3105	4386
282	2013
322	925
874	4070
1679	2219
3488	4725
2818	4580
563	4993
982	1172
861	3116
553	4664
1057	4775
142	991
1251	1558
2515	4350
791	1628
3747	4557
622	4417
1704	3116
1194	3285
3116	4365
2402	4920
1058	4271
3116	4765
4045	4325
748	5146
1883	2176
983	4730
1679	2723
2687	3439
3536	4415
3421	4156
2389	2964
302	929
3494	3999
67	4685
476	1642
677	3375
222	904
965	4882
2802	4156
2731	4156
27	2974
2152	3736
374	3116
1710	3130
443	3840
451	3237
1359	3116
1679	1917
72	1549
349	1277
222	942
735	2312
3409	4070
3107	3321
1909	3720
322	2835
313	1521
123	1692
1421	3623
2000	2406
3758	5062
1934	3916
1573	2347
2658	4960
401	2064
961	4526
289	632
690	2835
2322	4405
2110	2964
1339	2430
867	1527
578	2221
4066	4070
315	2476
3380	3649
2234	4557
687	5151
3186	3658
4156	4359
891	1469
948	3536
866	1187
2893	3827
1654	3685
1679	1682
2703	3493
1979	3116
4821	5138
2216	5065
67	3211
1035	1873
526	5040
1537	4502
567	1679
3390	3870
176	3843
176	3623
1692	3538
476	4274
1679	3161
1844	3538
1679	2488
1527	3902
2216	2254
1692	2792
3573	3696
129	4090
1602	4156
1270	4271
288	3366
2112	4525
3272	3496
1859	3608
978	4525
3361	4386
2020	4106
1119	2347
652	2259
2361	3026
1559	3243
1618	1679
2065	2909
2311	4580
1883	4399
3682	4376
696	4143
1527	4197
1692	2109
2071	4245
731	4156
347	3851
973	3892
496	1679
2714	4525
970	1332
570	1505
3421	4831
877	1559
3121	4326
299	4480
1108	1215
2353	2951
1215	4124
2285	2934
443	898
1679	3322
2322	2625
115	1710
302	1980
4129	4369
493	1709
3116	3589
924	3421
2909	3413
421	5090
2871	4336
1477	4735
7	3944
2277	3820
1135	4131
924	3116
338	3237
1679	1758
285	4271
2216	4170
1679	4463
1684	4105
4145	4708
855	1423
265	349
1679	2160
4105	5102
3116	4831
1679	4620
580	1905
1686	2360
1679	3459
1727	5102
431	2308
4156	4642
100	714
1117	2013
2803	4111
1108	4600
2974	5147
2026	2049
1056	1128
288	2905
1684	3198
957	4410
111	340
92	4068
121	4201
442	3860
2931	4775
597	4105
3488	5149
33	1853
2521	3322
3968	4405
4273	5008
2185	4362
1422	2584
101	3653
3591	4271
2476	4620
2951	3116
770	4070
1666	2625
595	4824
680	3442
10	2615
2591	3888
3589	4798
1200	4156
3651	4105
4326	4480
7	4386
1180	3056
1324	1704
4815	5083
4480	5102
1692	2594
1549	3646
611	4871
4274	4393
2428	5026
3445	4410
1267	2957
2905	3344
1185	4158
1939	4070
105	2888
3044	3421
269	2427
1076	3116
1135	4600
961	2871
1679	2498
71	3421
100	1646
50	509
284	3100
1113	2489
2947	4156
1679	4243
1215	1552
2598	3823
1727	2101
650	1679
1679	3952
36	1286
321	622
854	4640
2249	4156
553	4756
100	2065
1287	1905
1679	2845
43	3419
1966	3860
269	461
1375	1726
4399	4600
269	3080
1377	4271
2336	4342
3116	5059
1036	4415
1425	1537
92	553
697	4156
1727	3488
735	4478
230	4130
1491	5062
1679	1845
1679	4970
2171	3827
2802	4257
812	4259
25	3459
2374	3538
2515	4897
584	2640
521	3397
674	4775
443	1527
1294	1422
1265	1679
857	2835
2708	4376
1926	4156
1527	3850
3107	4105
4631	4844
1240	1689
1680	4156
651	3565
1404	3116
1108	4897
2489	3174
33	3457
2181	2460
958	4723
855	4480
288	3116
1870	3116
735	3493
2835	3984
1679	3659
3074	4105
961	2476
509	2835
1238	3920
670	3122
33	3290
3116	3690
509	4268
2020	2249
1544	4775
1543	1726
1215	4480
1060	1307
3236	4105
1135	1670
92	4517
1110	2835
1504	5009
2351	3573
1679	3553
866	1692
1585	2453
2584	4156
797	2934
2573	3026
3096	3395
1679	2778
354	2181
443	580
2034	3061
347	4120
3250	4145
2187	3824
970	5040
2625	5110
1679	2814
1311	1679
156	709
2837	3481
299	924
1876	4412
1679	3555
746	914
2216	3984
548	1747
2047	3422
1422	2812
1883	2798
1392	1703
3604	4156
3344	4201
1098	1679
2584	5151
1679	3486
926	1505
3061	4905
1277	2525
3528	5020
239	1616
1585	3046
67	222
36	859
2550	3573
1549	1873
1674	2476
2216	2834
1883	4600
1119	4391
1477	4189
1113	1424
1679	4112
2845	4048
3065	4775
547	1704
299	3441
4600	5103
3116	3319
2047	3845
1248	4418
3147	4452
737	1136
2074	4105
1248	1742
4271	4480
1433	4294
1980	2051
1654	2495
622	3685
2845	4525
675	4070
381	1513
1051	3453
1912	4145
1780	3536
583	1679
1119	1533
1679	5160
547	4235
904	4170
1679	2815
2460	3538
2731	4017
1680	4271
129	1113
710	1527
1527	2845
4789	4978
2469	4410
985	4905
4493	5142
1024	3143
788	5153
855	2798
3853	4202
401	2593
313	1527
832	1505
3116	3615
270	1051
1527	1845
788	4923
4729	4874
4088	4943
195	4970
3116	4060
1573	4729
1679	2930
3202	4480
1094	3419
1503	2835
2049	3739
791	3237
2048	2627
2277	4376
1534	4295
71	4336
1723	1755
866	943
3851	4970
1180	4480
1348	1396
4156	4871
833	1527
539	4901
570	1873
485	3717
1402	3382
92	1990
859	3121
2835	3026
256	2216
3107	4640
2055	3930
3151	3211
2951	4775
362	5087
2036	2591
1740	1750
3100	4596
1336	2216
1108	3061
1679	1750
1251	1505
1246	3476
5089	5122
2246	3419
3116	3611
2057	4538
3116	4405
648	1527
1747	4471
1461	2706
4325	4480
192	2798
1527	2506
1135	2495
223	1679
1505	4525
1679	4696
2835	3300
126	758
2098	3116
2865	4326
773	2829
4232	4775
7	1208
3116	4562
1113	2166
2326	2534
2476	4416
2249	2835
174	2704
882	1828
1909	3984
1113	3272
1573	1617
961	2835
119	2831
192	580
1423	4863
36	2658
3086	3996
1753	1803
2209	4674
616	4841
2419	4156
1938	3413
1215	3810
442	2013
3754	5146
418	680
553	2362
4795	4857
823	2322
1812	4156
1117	2185
3774	4728
3116	3881
1674	3956
2074	3116
1403	1679
618	1108
618	2627
2961	3827
1679	4841
1183	1491
2867	5087
1979	2818
309	1966
1113	4775
107	1742
50	3421
4461	4478
2246	4130
1553	4325
552	3067
704	4598
3984	4525
1479	4350
833	2803
20	4329
1108	2362
1679	4482
730	1360
1341	4131
230	2362
1906	3837
1679	2224
340	2048
1009	4141
1215	3988
938	1503
2934	4430
2547	3984
2290	3390
1686	2735
2662	3380
651	2210
4156	4591
1679	3745
3317	4175
1679	5012
4045	4923
1491	3944
2014	4558
1486	1912
1549	3581
942	2560
1695	3116
1617	3538
1527	2041
1726	4189
1302	1883
1537	3565
1842	1913
1633	3810
2714	3810
7	3310
1692	2399
510	2048
3202	4525
1527	3190
1585	2014
1255	1492
372	4301
1113	2417
1271	1909
3552	4190
3601	4070
682	1934
4156	4232
349	3439
1477	1679
2472	3853
230	2530
1690	4577
1890	3116
2142	2627
1180	1527
791	1892
1679	2169
1109	4624
16	1679
833	4271
1726	1912
1679	2956
1494	2704
2064	4809
1679	2533
2916	4111
905	1316
812	1078
1679	4624
2530	4271
1679	4068
571	2306
4369	4738
326	4775
3739	4580
2521	3245
195	3604
2591	5151
1215	2755
1109	4271
626	3326
319	4211
272	1398
948	3235
942	2227
3803	4105
2324	3116
417	687
375	4268
1679	3886
309	4156
4560	5142
3154	3395
4708	5083
3568	4723
1679	3327
1350	2958
4145	4772
1056	3060
866	3544
7	903
1679	2867
1032	2019
1096	1679
1061	4474
1679	4701
2724	3269
3400	3573
811	3116
4478	4526
3536	5135
1371	2504
4393	4728
2312	5087
2000	4350
204	3339
4156	4196
1679	1863
1679	3324
172	1465
24	3538
2108	3739
1180	4325
35	4350
3568	4787
2115	3276
3270	4538
2775	5114
680	3250
1727	2812
4631	5070
1906	4156
3116	3382
1679	2584
3574	5085
1215	4739
881	4635
574	2573
885	1878
403	1553
3116	3831
4674	4907
3162	4775
1294	1619
2704	2931
1113	2361
420	2051
151	3161
3322	3724
2216	4598
3905	5146
1215	4390
151	4156
1215	2249
123	1645
3376	4156
4580	4968
1113	4156
1109	5153
728	4729
2924	3116
421	4957
1883	4478
3237	5078
730	3614
1873	2023
1573	3486
3044	3842
2711	4583
2019	2323
4308	5147
571	1479
345	926
1548	2525
1270	2974
624	3981
265	3116
2417	5122
722	1870
3047	3116
1365	2853
961	4620
1548	4756
25	2985
499	1285
1007	4328
1215	4989
3623	3739
2176	4923
1679	3843
2798	5062
3344	4496
2491	3401
4156	4598
3550	4105
663	4615
1270	4405
1185	2263
192	4583
4487	4502
1527	4060
3413	3975
1113	4871
3538	5145
2951	4022
735	4972
570	4685
80	1679
747	4202
3116	5062
553	1113
2934	3528
268	2364
1030	3953
272	4257
1679	2550
2666	4156
373	3344
4156	5129
2254	3825
22	3484
1377	1527
1897	2794
1537	2409
867	3467
2149	4179
948	1108
1513	3161
1390	4525
1477	2181
2052	3953
1812	2216
2550	4949
452	1422
652	1422
4615	4951
2347	2818
129	1891
922	4478
230	3351
7	4583
2973	3116
1573	4580
1679	4208
680	3604
3843	4882
1979	3496
3810	4097
3512	4399
4105	4471
349	2625
1619	1679
1215	1679
2936	4708
4120	4841
2216	4526
413	2993
1491	2864
1108	1122
2235	2934
418	1061
3536	4294
4069	4156
381	2460
25	2249
3527	4156
651	3161
3481	4105
833	3114
195	3747
1777	4301
580	4480
1527	2974
1548	2478
1745	3116
1527	2347
2216	4070
739	970
1679	4156
867	2246
1451	2336
2593	2913
1248	1492
1504	4397
55	2495
2353	4022
651	4435
652	965
7	1479
1878	2893
1156	3646
442	2185
1093	2034
833	3376
1001	3484
973	1215
241	3116
3502	4879
271	2362
2618	3317
855	3853
1679	1778
3820	4631
2656	2909
417	3134
833	2755
1679	4533
2582	4030
788	4196
579	2724
3851	3959
3116	3353
1679	4153
2057	3810
230	4841
1324	5134
1679	3439
1108	4750
1679	4289
898	2243
224	811
2020	2909
1722	4064
2106	2259
1007	4775
67	4206
1537	2023
7	4894
1477	3161
985	2858
1573	3930
957	5102
1564	5126
1135	1286
1679	4172
2534	4095
663	1726
2594	4527
1552	1679
3981	4621
1037	2027
3235	5084
192	4739
1679	3238
3548	5114
1592	4775
269	3839
2744	4336
698	2362
1679	4791
2013	4156
2694	3460
1422	2241
1679	3397
239	1824
1147	3815
3457	4216
1946	4271
1188	4070
22	942
3701	4111
1533	5085
3382	4757
3185	4156
879	1679
255	2706
855	3988
687	4525
1491	2216
4863	4972
3351	4376
2191	4163
1265	3107
2018	4970
2227	4859
841	1679
2591	3863
1176	4361
1527	2210
1692	3116
2543	3116
2472	2521
4045	4817
1377	4480
1011	4496
1477	4308
2567	5008
3739	5126
942	4879
2221	3897
1113	4593
2370	2837
660	4311
994	1176
1679	4803
2704	4144
1366	2342
4156	4778
2027	4848
345	3213
1623	4798
2504	4876
2142	2176
1740	4163
1036	1614
1527	3678
477	2835
2893	4397
3056	4399
832	4257
748	4201
1560	1679
1122	2708
3493	5072
746	5062
1215	4529
620	3116
593	4600
1679	1973
2277	2704
1692	2934
904	1671
904	4235
4353	4775
885	4978
2775	4393
1180	3717
2755	4480
859	3774
3736	4545
1191	3272
2901	4358
1108	3843
2156	4412
632	3528
3840	3920
925	4580
1527	3843
770	1679
748	3237
50	1438
4022	4819
260	2353
758	2370
580	880
7	942
1338	4156
4332	4775
1679	3528
1742	1883
3116	4217
3103	3565
1097	1527
499	5039
1185	2745
1422	3152
2617	4156
2843	4591
2335	2802
1156	1727
2173	4863
2814	3380
1684	4533
3515	3649
526	1037
1727	4711
2347	3646
1727	5149
643	2496
3754	4880
1913	5063
648	2835
1679	4217
748	1093
948	2489
1679	2800
2740	3852
354	4156
1588	4399
1085	4738
2216	3853
1271	1513
1859	3302
1215	4546
1215	3536
3646	4088
1122	4156
1462	4920
245	4405
3959	4201
757	973
1185	1710
1117	1671
1404	2684
320	1186
3147	3380
738	3867
1108	4399
903	4129
1888	2598
1527	3098
1544	2661
1075	1422
238	4956
1527	3188
1360	1679
1215	4714
1527	3317
195	3568
67	3848
2755	3300
4271	5033
890	963
618	2362
1461	3837
4202	5087
1679	3211
1270	2833
4156	4435
413	4301
3908	4502
119	4827
260	958
902	2476
580	4202
2805	3272
1324	3742
413	1221
1113	1426
1501	4844
2013	4775
1537	2829
1527	2509
3650	4120
1679	4951
1679	1889
4588	4819
3107	3589
71	2041
3395	4978
786	4405
1180	3116
569	3116
676	1549
2947	4775
922	1742
3536	4951
946	2684
1727	3358
2216	5135
1543	4143
263	2108
2763	3380
4848	4978
3237	4236
1704	1884
2069	4201
151	3395
168	1108
313	3103
1270	2689
609	1215
914	1108
2254	3736
105	3565
2216	2234
257	2961
935	2525
2775	3441
2763	5072
4321	4664
1727	3769
1078	1936
154	5062
1705	3886
2210	4525
2175	4156
1167	1679
255	4110
263	2891
1338	3344
579	4557
1537	3953
129	1527
3116	4202
326	1912
2307	3742
1791	4201
3591	4478
1726	2725
4273	4863
2845	4406
663	1800
299	2142
1679	2208
1215	4789
1549	2347
2378	4993
106	1993
1679	1901
905	4775
1746	3944
453	2216
2285	3591
151	815
3419	4972
1993	2216
3121	4972
2335	4144
2959	4778
373	4070
1504	3361
4598	4827
1215	2924
1049	5097
697	4067
509	2362
1679	3076
1352	2342
877	2288
166	4105
910	2194
1809	4156
1679	2351
1113	2685
115	3382
1527	2728
269	1619
1679	3513
2341	2535
581	1844
2241	2924
4236	4880
923	1537
746	926
7	3757
1108	1172
1527	3121
1591	3331
1085	3083
1679	4591
4170	4882
925	1549
1484	4206
1710	2190
773	1225
3769	4631
1560	3419
618	4326
1679	4957
855	3686
449	3565
1533	2704
1187	4346
3580	4827
111	833
1215	2410
1338	4525
3411	3581
340	2755
1641	2837
1679	4845
4943	5079
471	2221
1527	1566
855	3056
3690	4653
2216	4111
442	1117
1513	2617
4631	4819
1580	2290
1108	2547
22	4175
3237	3905
4156	4502
3905	5142
618	3536
452	3944
1061	2723
4156	4569
632	4470
272	1270
1747	2835
2726	4461
1085	4795
3522	4775
1679	3345
2051	2735
2993	4478
192	1654
2930	4631
2593	3779
739	1679
4201	4708
1617	4271
2216	4208
357	5035
452	1003
3512	4600
593	3536
1186	2149
1058	1679
1501	2065
1503	2210
2739	2792
3121	3202
2108	5063
3581	4156
3056	3419
1215	1780
1679	4192
1324	5151
3534	3658
269	4238
942	1185
92	3012
746	1404
193	1727
2803	4600
604	2360
477	4162
2362	5127
694	1533
1883	4156
1113	4474
757	4879
269	4275
2224	4711
1679	4922
376	1847
1032	1679
1679	3644
174	2166
449	2299
743	1679
2159	3186
2534	3116
1655	2406
1359	1705
1512	1527
580	5008
272	911
923	5062
2411	2871
3103	3839
1460	2018
2361	4801
3116	4717
2246	4156
313	5159
3380	4809
7	3292
1585	1912
1113	1527
1679	2671
2142	4132
573	1704
2268	3116
985	3488
1503	2763
3696	4395
1477	1667
1215	2261
1679	4571
4131	4201
1455	3589
1288	1884
903	1679
4007	4105
2109	3116
859	2798
2704	5149
3496	3573
73	754
888	1679
2893	3460
3116	4702
1679	4216
272	2362
2826	3116
3339	4156
50	1203
3237	4064
585	2290
2906	5014
2471	4525
174	4002
476	3757
1936	4156
574	4907
4880	5146
1108	2306
1505	3380
965	1679
1061	2112
174	3488
1280	1527
1108	4905
1670	4008
2666	2934
3400	4336
2347	3930
1710	3185
1873	1987
2781	4105
3920	4702
2336	3116
2181	3086
2311	2335
192	743
1726	2417
510	833
948	3369
1905	3245
1679	2741
1679	4789
1671	3851
1429	1912
4789	4809
1067	4301
1679	3273
476	3724
4631	4722
618	4274
4001	4156
1873	2913
4110	4156
1952	4156
1679	3820
1510	4271
1923	4271
923	1679
1422	2917
1135	3056
1873	2547
1108	1905
1377	4624
1726	2963
1302	5008
3237	3754
3056	4273
1128	2342
2105	4639
72	4857
202	2716
1883	4045
564	4201
1461	4273
648	694
1679	3310
126	4105
1030	4151
444	2216
652	2216
28	3493
2584	5072
2625	4529
1710	3565
1674	3803
421	1679
230	3959
2835	4802
52	622
2013	3484
1267	4978
1679	2755
670	3635
788	1180
284	3853
2904	4467
663	3908
580	4600
1104	3598
1553	3995
137	1679
444	1549
784	1549
521	3060
1107	3116
32	1679
1923	2041
64	1710
33	3061
1011	1679
3581	3646
3639	5026
41	4311
1251	2593
2835	3025
1679	2899
2835	4525
1617	1695
501	2982
134	4156
770	5062
3512	4923
1527	4598
1386	3380
1527	4801
1364	4775
4525	4801
2752	3116
585	3731
3116	4199
2299	4070
1527	5027
3094	3552
929	2342
1679	2057
2934	3750
2214	3513
788	4393
3116	3188
618	970
2692	4236
3067	4035
272	4775
3289	5114
454	3395
313	5158
27	2490
1897	2492
569	2437
3574	3968
1679	3484
2801	5146
248	1215
1527	4624
2755	2775
56	57
1679	3046
3439	4131
2059	4631
3382	4561
2466	4513
1527	3602
1710	2072
449	451
687	1085
2312	3004
381	3538
3432	3982
1215	2110
1093	3237
3061	3114
1392	4544
1366	3026
1543	3576
952	1679
320	4125
3810	4435
4525	4863
1009	1398
1215	2993
747	2036
929	2051
1451	2929
3211	5102
526	1215
3713	4395
4095	4815
1365	3116
784	3116
680	3984
3244	3392
2857	4365
1679	2980
547	3742
593	5008
1862	4156
2744	4486
192	1260
1797	4631
1623	3589
151	1884
1684	4467
2901	3493
1679	4143
1809	4631
2490	5145
56	1679
25	3581
4273	4972
2074	3963
509	4580
3851	4156
740	4775
748	3061
687	1878
1679	4331
1332	2570
510	4480
2689	4105
911	4145
1553	4393
975	4580
55	4156
202	1679
1057	1679
4557	5026
1527	4463
1905	4271
100	4544
364	3484
1352	2051
3421	4201
1537	1745
238	3422
285	2677
2956	5126
2456	4163
1679	4642
4236	5142
1679	3069
174	961
1751	2291
1979	5102
4729	4879
3114	3505
313	1665
1108	4090
521	2051
639	1679
2521	3853
124	1136
1646	3272
1512	1679
1032	3107
687	2744
639	914
3496	4410
1679	2898
1679	2312
230	3649
442	4787
111	2755
947	1094
510	4045
1527	1966
3705	4739
3548	4598
2216	4422
1527	2864
16	5087
92	1109
2342	2573
3458	4480
1679	4657
3713	4841
2023	3116
2901	4882
788	4326
2818	4538
578	4723
3566	3747
2437	3114
3114	3754
485	1679
65	3116
1679	4466
2534	5021
2755	4728
1614	3369
3319	4580
3114	3151
595	1679
272	1537
964	4418
2904	4634
3367	3905
2763	2835
4105	4267
3419	4156
1617	3646
2934	4130
1215	1979
662	1549
3116	3713
3566	3754
1461	2034
1878	4201
272	1667
823	1496
92	2049
1858	4328
1492	1710
2835	4750
1108	2687
1887	4570
4615	5087
92	390
1679	1895
7	1115
1320	1679
413	2569
1679	3704
1208	2060
3098	4525
2530	2755
1063	4405
1679	1812
2370	3488
4111	4598
1737	3011
1679	3946
4023	4360
1527	4325
2216	4038
2489	3853
50	3589
1979	4728
1710	2135
1035	1527
3573	4727
501	3254
2246	2515
281	3492
1726	3829
1352	1936
2181	3116
2985	3705
570	2985
1747	4366
441	4271
2411	3226
3202	4271
2465	3606
338	3061
1423	4156
1041	3400
1553	4923
313	5099
111	2048
1117	1248
1398	4201
1679	4386
1936	2051
942	2249
3357	4728
833	3357
32	1461
3198	3742
611	4271
485	652
2573	3188
1465	2241
3435	5026
3474	4271
2627	3419
65	1649
92	2985
25	2755
2489	3840
1465	1549
3853	4410
3860	4787
2835	4273
2436	4162
1460	4545
682	728
373	4001
1187	3116
2569	3713
1671	2023
3242	4156
2625	2930
570	4544
4366	5093
22	3612
1422	1465
855	3536
1628	2342
1710	3026
3546	3736
3568	4735
2675	4097
1560	4156
1113	1667
4418	4787
3225	4775
1136	2040
3061	4880
4789	5009
27	3116
3548	3589
92	2194
1873	4231
880	4598
1477	1527
1727	4369
758	1438
451	3413
833	3441
2482	4664
584	1873
2835	5126
2174	5146
3565	5083
5063	5122
299	1670
1679	2237
349	3528
1335	4775
2342	4413
313	2370
1668	2837
4105	4808
2051	4259
3810	4474
3116	4640
247	1975
1036	2726
3512	4711
1552	3536
77	1619
866	2181
1775	1979
1165	1679
193	682
1602	4674
28	345
2771	4201
3416	4045
269	3132
4115	4879
1679	2970
924	3602
262	3116
663	2625
2180	2704
687	1847
970	1689
1185	4350
1895	3376
4294	5105
1113	3493
2710	4105
2725	4882
3375	3552
1320	4513
264	5122
3015	4165
1721	2496
3116	3186
1527	1746
2395	4960
4533	5069
2798	4271
1527	2317
2547	4789
1508	5087
988	1007
946	3382
2924	4801
2040	3839
1404	3758
1913	4580
671	2951
1930	2726
1028	1873
2057	4342
687	3536
2241	3566
2308	3884
1426	4129
3245	5089
3098	3116
245	2704
415	1679
4156	5105
1897	3488
1679	2027
2208	5093
1679	4162
1679	2165
4349	4660
677	994
958	1679
1108	3067
3548	4271
3250	4775
3121	4827
784	1527
440	4070
1537	1912
1906	3237
111	4480
4879	4882
2185	2437
1641	2370
3538	4201
3116	3178
340	3376
2027	3300
2048	4399
2057	4503
5114	5129
92	564
4326	4923
3724	4001
309	1324
1462	4905
924	2714
1105	2569
3952	4170
1244	3608
1740	4198
510	1603
746	1262
1747	1780
2835	4949
1075	4580
247	4458
1727	2169
126	4798
374	4144
2985	4685
1187	2546
1165	1952
873	5060
413	770
821	3159
3060	4153
2867	2887
680	3430
862	2456
238	2661
535	4206
2064	2547
704	1692
1662	2684
3769	4070
299	2504
255	4525
1722	4843
142	2625
374	3336
2723	4714
1425	1679
471	3361
247	3950
1657	4308
476	4202
1527	2465
56	3116
1117	4787
3837	5078
2216	4529
1176	1491
896	1215
1679	3831
973	1679
3581	4845
896	4478
1883	2629
2026	4156
284	3614
1679	4295
2934	3317
1709	3116
195	443
3713	4271
2410	4129
570	1215
1679	3581
269	1665
580	3289
3116	3759
2209	3685
1606	4156
3536	3696
239	1679
3013	4629
7	5103
3121	4088
1549	4129
1437	4105
975	3646
3995	4827
609	2177
926	3810
898	1800
247	4809
53	4360
272	3434
7	2770
1884	4235
1058	3245
1679	4130
2048	4525
235	1679
1504	1679
1180	2048
3101	3105
1679	4772
309	3198
144	2166
495	3300
2826	4308
4585	4939
1359	4271
1679	3987
1348	2904
72	652
75	313
4273	4393
2607	3116
1897	4012
250	2901
2136	4162
3605	3677
3116	4891
269	2222
3840	4087
585	3159
914	3488
1527	1642
256	1679
2640	3413
1911	2663
925	5027
2374	5145
1422	1756
812	2342
3995	4873
1717	3421
1617	3815
1037	4819
2031	2728
3253	4156
1826	2460
257	1679
973	4110
3536	5151
791	2838
269	2667
2909	5079
1888	4978
101	648
942	4620
1662	1679
417	2312
476	3289
1505	1527
1679	4804
910	1746
2347	5085
2034	3905
709	5062
4156	4593
517	4759
4271	4325
2974	3552
2051	2937
4129	4156
539	879
22	898
1684	1710
2547	4002
4271	4393
3739	4201
773	4129
913	4525
2625	3047
1727	4097
866	2191
1679	4844
904	3613
1185	2202
688	855
542	1367
2049	2406
1679	2058
347	4970
1679	3832
3095	3116
3171	4728
1201	1352
1370	4775
3116	4163
1215	1510
3382	4520
783	5087
3380	4208
1679	2222
7	139
1549	4588
2166	2936
11	3086
67	1747
284	4502
2931	4789
748	1906
4267	5041
3870	4271
1679	2307
2835	5107
67	1267
2863	4653
3333	4775
626	4631
142	2290
2027	3639
3545	4513
3116	3361
1477	4487
1043	1215
65	2495
2246	3458
2931	3959
4156	4734
3701	4580
2051	5062
288	4882
833	5114
3757	4022
3116	4415
1742	3366
3911	4350
970	4301
2687	3026
328	4526
985	1722
1527	4384
1176	2731
1679	1742
1180	1553
285	3213
4024	4274
1726	1938
1666	1873
1679	2687
924	1566
2156	4492
4376	4645
682	2216
1527	2530
506	1679
1147	4674
1671	3469
867	3416
4271	4581
2534	4717
33	1845
687	1800
3701	4358
2389	3116
3536	3604
2177	4045
95	4211
1422	1549
593	2504
2216	4097
2694	2834
166	2460
2222	2299
1001	4525
1422	4876
1603	4480
3492	4326
174	4245
2185	3851
3357	4775
111	4271
2792	4105
2627	3995
168	1041
1543	1727
1750	4308
687	898
3685	4897
2013	2185
1643	1727
593	2312
694	873
926	4144
3116	4957
1095	1374
1007	4417
3116	4614
100	1398
1679	4961
1679	3548
1614	3536
1215	5087
2034	4728
1465	2420
3343	4170
4105	4894
2864	3574
184	1422
2373	3619
4111	4775
230	1679
1423	4600
1917	4308
1215	3339
1948	4620
2362	3421
3133	4413
2460	2546
881	4086
1913	3116
1679	3663
2687	4496
417	3494
2108	3338
356	1679
3493	3963
2495	3416
652	963
2858	3488
1239	2216
1673	4410
1679	4809
27	823
2929	2956
1679	5135
3754	4560
2191	4968
2110	2905
1435	1679
612	1943
639	2243
349	4268
879	1172
16	3968
3536	4271
1215	1422
1085	1549
1218	1679
381	1187
3754	4598
1122	3317
2835	4640
3116	3536
100	3810
4246	4598
111	510
2674	5041
67	107
580	3724
1679	2560
690	4271
3361	4459
1666	4238
2031	4972
2177	4156
802	4156
1737	3892
326	3930
7	107
4156	4801
1573	2439
222	4819
1679	2460
27	1203
449	1844
1108	4153
119	850
4156	5142
2460	3361
1113	1414
3565	3839
861	2704
3774	4840
3536	4478
2726	3235
542	4271
3300	5142
337	4156
2704	4702
3116	3566
92	2406
2209	2801
1679	5077
3905	4696
1010	4160
3668	5028
704	3736
1194	1679
1580	4525
3837	4236
332	4826
347	3650
257	754
580	3121
3988	4600
120	4358
1679	2410
3786	5122
3116	4463
2311	4775
3116	3745
1527	3668
1588	4325
970	4336
325	4410
601	3566
3121	4196
356	1747
1117	4819
2048	2755
326	4558
1503	2818
476	2227
255	1527
3581	3870
1248	3860
271	3343
3343	3808
1108	2573
911	3116
1906	3004
2904	4156
2901	4030
1061	2755
746	3758
2490	2506
1215	4106
345	1061
891	1745
687	1747
252	1774
1721	4561
2410	3095
2521	4476
1105	3566
851	4156
3343	4268
4184	5027
4399	4873
272	1695
2801	3566
1710	4039
2290	2347
1032	2222
92	2216
1113	1505
1895	4156
4557	5035
2835	4478
2835	3920
2714	3116
3496	4727
2521	3724
1825	3100
601	4696
1953	4615
904	4418
92	926
4036	4156
1215	4841
2039	3926
3518	3853
1753	4492
855	3247
1248	5035
3116	3696
4145	4728
2547	4584
269	425
1527	3382
4130	4775
250	1215
973	1510
1063	2625
100	1966
890	3736
846	2052
1668	1679
3382	4525
28	3757
1873	2973
400	4871
1946	2027
861	1455
1108	1603
2064	4336
2342	4151
153	1537
1537	2534
1671	2013
3810	4791
230	3069
7	851
2584	4235
1585	2366
1377	2048
1187	1679
3116	3458
1527	5145
1527	2014
248	1633
270	3400
903	1747
670	3116
1873	4413
25	1926
269	4525
739	911
879	2051
3853	4274
521	982
812	1686
3488	4902
1603	2048
1185	2013
652	4395
579	3555
1883	5009
4353	5062
3685	4273
1847	4294
443	3754
1505	1667
956	2983
85	4156
1679	2513
1727	2934
2071	2615
67	162
3469	4461
272	1679
22	4271
1884	3742
2106	2582
1671	3185
567	4201
948	4211
162	4165
272	3704
1034	1424
1775	4583
1679	4115
2798	4600
374	1390
1505	3366
866	3653
1403	4206
1727	1903
3568	3649
2047	2792
154	1721
2835	3413
991	1747
2166	4170
72	2166
1680	2755
985	3385
3566	4880
27	584
2561	2654
7	963
1250	2277
2837	3107
2361	4198
2024	3736
2599	2905
1856	1872
2033	3132
2755	3114
510	2627
417	4821
1679	4458
704	4702
100	1156
3669	4254
694	3486
806	3107
2347	2835
1303	1679
2930	3493
322	3116
3300	3920
1726	4402
794	1537
3202	4156
1215	2456
1655	3747
43	948
2692	3237
1946	3116
873	1747
2216	4640
1953	2584
107	3116
690	3116
321	2229
1390	1692
354	2323
3995	4598
894	5072
1215	4455
510	3376
65	4882
72	1873
3116	3434
4156	4841
1352	3782
107	2688
2224	5072
1966	2934
309	1953
33	3672
2798	3474
3650	3851
2838	4156
1270	1679
349	1674
1136	1209
1085	3646
2863	3690
269	4046
7	3484
2246	4399
1670	2865
2569	5062
3114	5078
4230	4886
1679	4581
2490	4271
1527	1609
4046	4105
694	1617
2465	4558
1423	4273
1147	1679
510	4598
2800	3825
1679	3262
788	1527
1186	3111
417	2835
632	4064
366	452
3422	3545
1286	4156
3505	3580
1108	4211
2308	2971
2625	4097
1367	4882
2489	3419
3580	4972
1377	4923
682	4575
35	1897
3116	4538
2591	5087
1491	4156
607	1679
3344	4863
682	5087
882	2617
1185	1673
694	2724
597	1679
3580	4943
7	3349
3116	4363
2692	4880
4311	4412
788	2755
1560	4819
3736	4273
2525	3536
2246	3344
1679	4438
309	1491
1964	3116
121	4165
1756	3442
662	1679
3107	3319
2176	3988
41	5102
272	2410
241	4207
4066	4775
510	4827
3413	4631
970	4156
2704	3421
1665	3565
4701	4831
2395	2430
1491	5083
1036	2216
373	4184
476	3685
1553	4271
2277	2414
1215	3602
1251	4514
973	3843
1398	1727
1108	3988
4156	4889
1275	4131
3580	4598
245	3116
1503	2560
904	3185
2985	3116
854	1527
1270	2627
269	1527
2210	4775
781	3116
3688	4048
2342	2370
100	2598
1113	4145
495	1679
682	3669
1905	4859
1580	3486
2974	5020
7	2209
2569	4156
867	4876
272	4765
250	4105
694	5085
3056	4378
238	5085
1108	3573
230	3462
999	1705
2341	4270
609	5069
1527	1743
2573	4596
2755	4271
1215	3369
443	4202
2898	3619
2692	3564
3783	5026
3685	4600
2521	4493
1135	4863
763	1588
1422	3750
1692	3025
2210	4271
4645	4960
722	4560
3190	4376
958	2727
3367	3754
444	4841
2156	3270
1428	1527
1548	2306
374	1215
1964	3322
1585	2465
866	3230
1496	5041
2194	3273
1667	3493
1603	2276
142	2216
1135	4480
1679	1704
1679	3265
285	2835
687	3604
2020	4156
1527	4817
2370	4201
691	1679
859	3536
3864	3905
618	1428
3247	4583
2437	3566
1121	1450
2466	3116
421	3839
1422	3795
119	4271
1905	2472
2658	3380
1094	1108
1117	3860
4045	4480
3848	4086
413	965
1451	1717
100	349
4245	5026
905	4290
1326	2625
3101	4871
1105	1872
436	3161
214	3870
485	1527
4045	4972
1527	4207
28	1215
2593	2876
3095	3103
493	2216
25	4413
1185	2214
1180	3474
252	1527
1036	5084
3395	4789
1679	3000
828	5072
1085	2406
1009	4386
926	1679
911	3677
1113	2904
2136	4156
2880	4156
2724	3485
2627	4863
285	1505
4010	4144
1654	3493
2726	3369
3198	4418
1208	1527
2055	3840
269	333
1559	4086
746	3685
1049	1828
1679	4003
1109	4480
1527	1680
4088	5008
3366	3493
1723	3864
134	1747
759	1527
284	1549
2013	3369
539	4153
903	1609
11	3695
1377	1679
1884	5134
946	3416
1951	2347
2345	2525
1135	1423
2802	4580
1267	3736
696	1727
3442	5060
4393	4538
299	2803
1122	4271
1147	1617
680	894
1135	3591
4580	4695
33	2241
1433	3908
35	4201
443	833
25	4410
1537	3358
364	1215
1679	2675
2472	3322
3704	4308
1573	1642
581	2214
364	3272
192	3116
2835	3774
1679	3421
2486	3116
289	1681
25	4206
614	2395
1135	4273
2406	3101
1147	4145
111	3580
269	3977
67	1674
4086	4635
2108	4144
1684	1884
2489	3235
4631	5065
1679	5013
542	991
3211	3270
340	1527
2951	3713
7	1429
2214	2221
1710	4170
1844	2307
1979	4156
1109	1679
3185	4819
2624	3272
2361	3226
1147	1573
773	1679
1573	4525
2414	3953
3372	3581
671	1679
3226	3366
1679	5051
609	5142
593	2142
2065	2216
7	1876
1195	1679
929	3782
1723	3151
1775	2361
2299	2974
652	4151
3367	5146
444	3116
92	454
2627	2775
1680	2803
2684	3685
413	3502
2307	4294
1726	3185
1747	3484
3840	4097
1679	2823
41	2403
1119	1527
1856	5142
1113	4972
1679	3408
1893	3536
473	1736
3116	3513
2013	3185
704	5102
1100	1679
4335	4775
2598	3920
970	4544
2277	3840
1710	1859
252	1679
1007	4118
983	4758
2041	2246
2582	3116
281	4145
925	4120
238	3116
1679	3108
1281	4775
2794	4514
1872	4560
2241	3837
788	2530
1679	3808
1679	4480
3810	4254
2341	5042
3116	3419
3995	5079
2142	3685
3322	3757
1544	3343
20	2312
1905	3322
2285	2533
1215	1340
1109	2934
202	1316
1679	1922
2465	5144
2108	4232
1848	4798
1531	4406
1679	3271
2395	2774
1367	2216
1873	3820
2216	3024
877	1674
2466	2667
1386	2743
2241	3237
3116	4750
443	1270
1750	4156
660	4702
1742	2688
846	1679
3247	3920
1673	2561
3946	4502
687	1422
718	4156
1085	3747
2299	3650
1679	4653
4036	5087
1726	2218
4123	4831
833	4480
2360	2735
3616	4156
3376	4197
1224	1679
2051	2561
1058	3322
943	2181
338	2692
1119	1396
866	901
326	4729
1135	1553
2951	4527
364	773
2105	4478
903	2311
2478	2706
2216	2934
2142	4088
3116	3829
2667	4458
1504	3842
7	1560
2246	3988
509	3612
1862	1979
309	4711
176	1243
510	3995
1872	5142
593	4923
443	1108
1479	3747
517	3650
1147	3457
389	2031
4129	4631
313	2661
1422	2593
1172	2342
33	2341
855	4621
3825	4206
3099	4775
735	4399
3704	4156
312	3581
1641	2342
286	4853
696	3193
1679	2306
1294	2466
868	4702
1479	2703
1727	4714
3837	4560
309	687
1505	2108
4880	5078
1609	4809
3486	4156
2142	4325
1225	4390
1024	4321
1679	2389
1176	4968
3105	4169
2775	5153
2142	4600
1165	2316
1679	1978
4376	4525
3121	3580
4336	4750
2803	3116
559	3116
1936	2360
401	999
942	1505
7	1679
2174	3114
1215	2901
731	867
1747	4179
1422	5151
757	4001
904	1117
451	1852
33	2700
120	797
313	3984
1623	1641
1527	2902
2735	4259
309	4294
142	3496
601	5127
970	3435
2216	2417
3995	4972
2370	4580
2013	4970
162	4206
593	1670
1505	4580
2845	4156
1679	4087
866	4867
1109	2013
3026	3505
92	2417
1288	2835
3116	4517
3395	4557
345	4525
991	3769
1679	3739
4674	4863
1477	1740
1671	4406
982	3060
1113	2748
1034	1873
704	4156
2051	4664
697	4311
924	5145
855	4600
697	1215
1460	3742
580	1215
2593	5110
820	3116
3930	4525
1679	4766
1527	4695
1679	1695
574	3026
924	1422
1109	3505
1527	1588
181	2159
2917	5151
313	1108
1109	2755
248	1780
1277	4105
3435	3848
3690	3867
1537	5065
3056	5079
1215	4711
1558	4775
833	3995
735	4393
1723	3114
1844	3422
1032	2661
55	3810
3205	5145
2560	4662
1035	3116
2243	5035
11	2171
1256	3547
444	1113
663	1953
697	4615
3619	5069
1553	4156
1873	1966
1679	4528
2731	2834
33	5153
2031	3405
1717	2407
1975	3231
1527	4425
2858	4840
728	1912
1185	2277
1046	3116
1721	3416
1058	1122
2796	3366
983	2593
43	687
627	1527
2041	5153
420	4156
648	1573
3114	4064
3114	3837
687	2843
4271	5087
1847	5105
302	2342
7	922
978	1504
3116	4819
579	2569
1883	2582
633	4417
2307	2593
1859	4879
1374	1679
553	4467
1679	1960
663	4156
975	2216
1352	2675
966	2202
3870	4405
1042	2796
271	2108
3344	3810
580	2823
2823	4329
151	4580
111	1679
3547	4321
3116	3492
2443	4350
43	3696
417	3344
1505	2796
2055	3616
7	4156
1679	4699
3116	3754
1527	4374
820	4525
493	1147
1847	2584
1527	3658
252	1061
1422	1481
698	1873
4035	4399
697	4036
1912	2014
3635	4036
2835	4461
137	3870
3010	4789
35	1051
1888	4105
107	3930
2142	4301
1679	4230
1641	3589
3639	4819
134	2716
1211	5122
1938	4621
3944	4271
2174	5062
4580	4882
1461	1662
1061	3810
1873	4525
2108	2362
421	2582
1215	4819
2045	2299
914	4642
151	4151
1527	3984
3747	4187
72	2362
1872	3564
2534	4985
1726	4945
4775	5009
1078	2051
1012	3568
2216	4086
1324	4970
3419	3505
92	1746
3225	4635
975	4775
3622	4156
3097	4023
690	1527
4201	5126
2374	3161
970	3249
1336	4775
2184	4775
580	3321
1537	4210
748	3114
964	1185
1422	4124
2569	5142
2347	2864
1946	3419
4156	5039
2124	3736
3105	4525
4580	4907
687	1248
2905	3431
1800	1854
2051	4153
3134	3658
991	4390
1396	2743
3754	5078
1938	2194
1746	3116
313	1844
3231	4750
857	3116
580	2105
381	1844
983	3182
881	3646
580	2861
1710	4775
1679	3004
2775	4923
3564	3864
1946	4789
770	3750
580	3202
583	3538
1460	2867
505	3116
1180	2775
347	1710
1553	4873
129	4156
1503	2826
2108	4463
942	961
2905	4145
1377	3121
1573	4642
1679	2014
4070	4515
1145	3116
1679	4983
2040	3132
1679	4810
1667	2993
1619	2216
925	3984
2414	3081
903	4105
4064	4410
4067	4311
2406	5129
401	4156
4144	4580
1742	5122
192	1791
501	1679
728	4558
1215	3188
471	2740
3757	4001
2142	4097
165	4156
1492	2716
3736	4871
1465	1642
926	3585
1270	4728
1679	2893
776	2216
162	4844
1780	4461
153	4361
344	4095
788	3056
2774	4271
269	2661
452	1324
1679	1951
4631	5127
272	3390
1187	4766
1679	2812
3061	4271
2216	3349
3494	5117
608	1679
3116	4500
4412	4492
65	2952
271	1913
4399	4827
1244	4069
560	3963
946	5145
72	3100
2299	2661
1165	1549
1680	4480
993	4105
67	2240
1641	3481
2615	4970
1527	3505
2725	4621
139	3581
3116	4897
354	1513
172	3116
2625	4702
842	3614
2489	2775
867	3419
1619	3544
4236	5146
1402	2361
2410	4857
733	2763
452	547
697	4010
4156	4972
1679	1735
1438	3409
1251	4217
891	942
1679	4361
3395	4259
649	1872
2152	3851
1215	3851
417	1884
204	1679
320	4156
3736	3850
4003	4775
1952	3116
517	3860
269	1844
1094	4326
230	3067
2249	2845
1739	4105
3685	4395
1873	3188
618	1286
1544	4070
1034	4111
698	1710
2549	4580
454	1113
833	1180
3783	4156
2224	2814
1215	1409
3026	3493
1058	2227
3116	4227
1404	4268
100	1878
401	4808
476	4156
687	4970
2924	4525
277	1706
2051	4090
4170	5042
694	2347
687	4105
1948	5083
1553	3116
7	2241
3349	4729
1277	1870
325	1461
92	2166
1619	1686
4311	5151
758	2837
926	2249
3116	3289
1787	4131
354	3544
1537	4418
297	3395
1438	2661
3114	3566
3054	5083
1727	2234
1105	4236
4201	4336
65	4897
296	855
4201	4452
1433	4615
139	1108
581	3422
942	2216
4105	4175
299	4326
2905	4634
2018	4328
2409	4156
168	452
1527	3152
345	1422
1642	4271
1521	2792
2437	4438
349	2403
3987	4819
2521	2801
2360	3782
911	3679
1215	2781
309	1847
1653	4775
1980	3782
3188	4336
2934	3139
3565	4775
238	1679
1520	1679
1527	4124
1539	2311
670	1251
1537	4034
3952	4702
1527	2005
859	3202
111	4196
560	4024
1710	2013
2934	4231
3121	4399
1680	4325
1679	3062
2617	3845
547	573
1215	2743
2901	5088
1271	1717
302	1686
2417	4070
958	3613
55	277
2311	3344
687	1433
704	4105
1504	4458
1108	1780
1250	2834
1527	4844
1884	4819
168	687
2775	4156
885	4362
1461	3004
7	1108
1117	1633
4301	4355
401	1609
192	4575
624	1679
3116	3509
3829	4271
1093	5078
2027	2993
1211	1679
33	4557
100	107
1938	4156
1826	3552
1603	2041
2733	3273
2904	3116
1527	2947
3959	4376
1679	3174
1679	3492
3774	4271
241	4949
3116	3832
2567	3467
41	4890
3829	4525
3908	4544
1094	4478
2041	4156
1911	4184
1161	4557
1215	4584
3597	4201
690	1679
1366	3853
2312	4415
943	2593
1679	2857
2858	3564
580	4410
7	3290
731	1670
1348	4580
1679	4401
1800	2584
476	5114
2049	3720
815	1868
823	1061
615	4789
2040	4993
326	1679
4038	4844
758	3107
95	3004
1679	4758
357	1051
946	4561
2506	2726
2476	4271
272	4457
238	651
499	1679
2185	2716
1847	5151
866	4308
2048	4480
3580	5102
922	2242
3116	3769
25	1895
1465	4631
166	4831
1549	2805
121	1565
587	902
1215	3382
3026	4879
473	881
354	901
1185	3047
2495	2714
1845	4525
687	4045
2216	3069
269	1988
2338	4435
3825	5107
1679	4939
1585	4493
2812	3840
506	4156
7	946
3953	4775
3290	3496
2312	4336
372	1797
2031	3351
1094	4156
1892	2835
222	2755
1537	2216
1122	3724
2845	4538
2835	2871
914	2410
1679	4259
1887	2216
25	1279
746	1654
983	2835
581	4824
1774	4467
1679	4650
1113	2298
1585	4558
2246	3202
3959	4290
1185	3004
338	748
4393	4598
1244	1679
820	1679
2177	3863
20	1573
2142	2312
3056	3757
417	4462
2142	4863
5087	5151
1679	3302
7	1402
3864	5078
2835	4503
2185	4120
1085	4129
1034	1679
585	1573
1505	3739
72	757
3405	3639
3911	4775
345	3810
1324	4294
211	1679
601	1723
1619	4070
3003	4775
420	521
1262	4802
2014	2835
1679	3148
299	1337
877	3243
1922	4156
1527	4142
3988	4873
4526	5028
2835	2974
696	3116
1679	4244
4271	4391
1527	4035
815	4642
3515	3560
3580	4399
1058	5114
905	1549
7	2299
3116	5042
633	2951
92	3739
2019	2040
2937	4156
1462	2402
510	1109
1679	4354
1679	2993
784	2041
1215	1450
154	1135
3564	5146
269	5159
3302	3608
643	2515
1286	1338
452	4386
1294	4640
1294	2403
1722	3100
1542	1543
2216	4645
449	3116
1553	4035
1679	1680
3185	4418
4696	5152
3911	5065
166	3552
727	3646
1800	4294
1913	3686
579	3486
4326	4600
717	3724
25	3502
3369	4211
2703	4273
2430	4321
3076	4120
3116	4734
885	2834
1215	4384
2169	4035
1699	3116
2835	4035
1437	3380
4386	4435
3116	3190
1893	2835
1220	1679
2216	3139
584	2904
1185	3646
11	4298
2216	4189
517	1036
553	3952
698	2166
4202	4631
1537	1948
347	2476
230	991
2546	3552
3047	3920
313	3897
139	5134
4156	5089
1723	4236
4610	4725
2324	4192
1028	4795
1422	3380
3536	4647
4070	4729
2244	4775
1404	4897
1909	4156
2185	4301
4156	5117
7	3395
101	4401
1246	1679
262	286
2460	3560
747	2177
1679	3137
4156	5059
1294	3422
1215	3547
3351	4577
100	1491
2291	3231
788	4156
1527	5047
2181	4798
3774	4598
1001	3290
36	3441
2101	2216
2625	4640
4132	4750
1679	3809
942	4880
2242	3225
1058	4859
3015	3285
1260	2818
903	3105
1679	3361
901	2324
137	4151
1255	1505
111	3202
833	3717
1906	3114
476	3505
2569	4410
1504	1897
2034	5078
1108	1533
868	1261
1042	3623
1679	3650
1521	3116
1215	4949
1324	3619
881	1185
1215	5062
868	1429
1756	3116
4486	4580
1905	5142
134	970
627	4640
1911	4939
1051	3547
838	4156
1679	4330
3056	3988
749	1679
247	4184
1392	3488
2420	3300
1076	2704
1608	5008
2048	3121
340	4525
288	2362
1679	5003
1936	2216
1113	4729
866	3463
1774	4410
574	4890
890	1396
2677	2863
2961	3116
577	1513
3736	3968
1697	3990
1679	4413
3186	3538
2110	3602
926	2703
1679	3573
271	1113
1056	2496
2227	3300
1191	4308
1422	3536
67	4271
2931	3982
420	4153
1119	1617
4642	4795
517	3514
609	1422
1667	2905
1653	2216
2312	2865
1849	3581
3419	3580
1094	3536
224	2181
4010	4580
1679	4924
704	1105
3154	3829
1477	5009
340	1180
2249	2495
2864	2905
2755	4399
914	1671
1633	4418
92	4089
1176	1809
593	4480
547	1041
417	1679
1603	4111
3107	3839
25	1035
2362	2847
2450	4086
4361	5038
991	4452
790	2306
4156	4216
696	4070
1214	4105
2471	3757
443	2775
2214	4580
309	4067
4156	4923
3988	4480
2216	4576
788	5102
1377	4972
1721	3606
1897	3161
1078	1980
3602	4561
1465	1878
844	4882
1426	1549
2177	5142
241	2835
1667	1679
2216	2961
2216	2726
1666	2456
1679	4905
139	4376
420	1679
269	3107
1372	1679
2041	2142
168	1964
3344	5062
2036	3888
3351	3750
903	3485
1873	4170
1377	2755
1527	2476
4156	4787
288	1505
1147	1527
214	733
1201	2342
2831	4162
2403	2725
2627	3121
947	4156
1492	1505
3116	4685
1679	4843
1747	5040
3633	4775
1377	4399
3981	4156
4274	4480
1692	5087
1481	3116
2312	2395
357	4956
247	3361
3237	4560
3724	4493
2041	4480
1215	2525
2490	3308
1348	3747
2708	4775
1692	2312
1727	2534
271	4070
2629	2970
2026	4463
2312	2993
1465	2864
381	2456
3959	4775
1513	4968
584	4070
1679	3944
1753	3622
1800	4615
1710	4590
2398	3343
1477	4170
2629	4798
580	4045
633	3619
983	2792
4972	5008
1537	2902
4131	5087
1954	4211
1392	3987
1108	1183
970	1703
2027	4859
1973	3358
1108	2504
914	1404
2142	4480
1679	2040
2525	4350
4406	5134
2689	3439
1905	3758
3853	4863
3116	3276
1188	3380
4480	4827
272	976
2242	3514
1135	4972
3736	3984
1679	4801
1135	4393
1654	2684
925	3920
1588	4196
3245	3289
740	1527
1270	4525
3185	3851
1394	2166
4525	4949
2829	4557
1679	3695
1265	4653
1527	3895
1711	3116
3202	3995
1679	4378
1746	3413
697	5087
272	948
1873	3808
2177	4162
4066	4156
154	3493
2803	3202
2482	3563
580	3988
2216	2489
3437	5061
247	4514
1260	1993
2465	3116
833	2798
176	2157
403	1679
1789	4110
1503	1527
3920	4775
2216	3047
859	3419
2509	3116
1113	2534
1873	4268
1370	1679
4201	4362
2437	4880
3116	5085
1076	1679
942	3419
4156	4834
1679	2796
1617	5085
1560	2985
3366	4882
2106	3646
2336	4010
581	3839
1527	3344
1667	4271
2370	3116
2227	4493
2871	4369
1185	2489
2521	2880
601	3367
1710	2728
2535	3272
3116	4978
1747	4415
2209	3754
52	1007
1450	1679
1553	2627
2899	3116
107	1679
111	1377
881	2450
2104	4486
4631	4945
2626	3026
3116	3249
1777	3026
2057	4271
1549	5147
2507	2625
788	4493
1679	3566
2246	3713
1461	3754
2959	3566
934	4558
942	3669
1215	4772
3380	3620
2569	3439
898	3061
1883	4132
3116	4346
3133	4481
92	570
1953	3536
7	313
3116	4458
1332	4156
4024	4156
677	859
1679	3690
1145	2496
2582	4525
4452	5035
306	4775
2648	3581
648	2347
1656	2814
1243	3565
469	1527
3409	3589
1903	4189
904	4631
2723	4978
4131	4156
1617	1747
574	2166
2519	3686
2798	4897
735	4636
2504	4598
1259	1679
3202	4972
3186	4177
1952	4200
92	4131
1679	3285
36	1527
2627	4410
948	1553
3493	3717
3419	4273
2970	3984
255	3116
2216	5097
3823	4775
1946	3317
911	1679
3026	4156
2337	5062
2908	4843
1078	3782
1705	3380
4217	4775
1105	3114
2342	2798
2014	2347
92	3611
2818	3602
1679	3023
2460	4793
1244	1859
250	3116
2224	4601
2013	2249
1215	3321
1527	1789
313	4915
926	3944
2716	4970
1075	1679
107	4756
1113	3318
2166	3769
344	4110
3810	4580
866	3552
1588	4105
2241	3061
1270	2658
580	1428
1780	2312
4105	4174
490	2682
1503	3602
2625	2973
214	4476
2221	2305
111	1588
1324	2013
2417	2904
2173	2798
490	1294
7	1747
486	2867
3829	4201
2627	2803
2823	3581
991	2993
206	1679
3116	4480
923	2216
413	4267
898	4588
2837	4798
100	3515
1108	3591
4163	4775
2724	3444
3736	3944
67	2891
154	914
1873	5145
1936	4169
1224	1588
1374	2796
1244	2496
3870	4410
52	4328
1185	4529
651	1038
1746	2534
1679	4907
1603	4399
1300	1679
1662	3758
57	1679
1037	2031
1492	4631
2378	4156
3289	4859
1338	2362
1402	1679
55	4273
2934	4707
3108	4542
1643	3476
911	3011
1549	2420
1324	4933
2620	4775
3612	4156
2655	4105
1326	3116
1679	3984
758	3409
580	3300
375	4105
1679	4593
3538	3690
1527	3421
2658	4410
3190	4525
2437	3905
1765	3764
1873	2901
271	4882
3366	4775
1537	3189
929	2360
1666	2023
680	2723
1308	3602
1215	3411
3116	4271
1679	5020
3853	4600
1110	1679
1307	1527
319	3116
1326	1679
2801	3754
43	4756
1671	2185
2835	4336
2775	3580
2034	4880
651	4308
1505	4144
1100	1465
651	1318
1503	2013
3757	5114
41	3419
3077	4172
571	1548
2902	3116
2051	4258
36	4480
2169	2216
675	2893
904	4120
1185	4129
3333	5087
4271	4399
1797	2716
2057	3116
2547	3366
1726	3959
3895	4775
1679	3598
2185	4418
898	3484
833	4859
1485	4580
1479	1870
3351	4775
444	3026
4156	5144
1758	3581
4538	5062
1679	4679
1119	1270
4156	4728
889	1243
3568	4418
4558	4874
3011	4349
2265	2706
92	5079
2803	3591
50	1641
1023	4156
3494	5062
1180	4827
493	3486
1953	5151
3619	4593
1662	2249
626	3851
2051	4244
1679	4303
2744	3198
139	4775
877	2166
41	3944
3116	4273
1746	4580
154	1108
476	1034
3202	4624
572	4889
321	1679
1422	1746
2489	4326
1537	3769
2428	4156
151	1679
277	3116
4405	4696
1619	2221
3116	3421
326	1617
4328	4417
3101	4580
4798	4985
1527	4112
618	4395
1679	3890
547	1884
1527	3163
2241	2569
1609	1873
1147	3486
1727	4775
651	2144
176	5122
2569	4598
1527	1912
92	3004
2323	4775
747	5142
1679	3382
662	866
322	573
33	2656
3682	4329
277	2775
1505	2703
1679	2691
1679	2843
3920	4207
1689	4819
694	2440
1662	2495
3408	4273
801	961
3188	4496
1842	4648
269	3538
1753	5151
652	739
2241	3754
1208	4525
1679	4459
2216	3165
2048	3419
535	3116
1679	3245
1679	4200
618	2177
3235	3369
313	2667
2812	4674
788	5008
2406	4257
1617	1679
1705	4012
1041	1679
1873	4729
1527	2743
1527	4611
696	1549
166	1679
1180	3988
3952	4144
574	3262
3536	4529
1746	4030
3344	4271
109	662
3202	3419
2370	3701
1527	3339
3116	4461
1679	4635
4023	4156
1872	5146
2469	3395
3467	5009
1215	1912
1966	2261
1081	4395
3484	4415
855	5008
2048	4972
347	3612
2048	3202
3650	3860
2360	4007
3672	4580
4601	5151
601	4273
1710	3605
1422	3116
1679	2386
918	3061
1679	1878
1872	3114
2975	3116
1505	4702
1460	1679
476	4493
3041	4802
2624	3116
1938	4580
2726	3553
148	866
1588	2674
3121	4246
1679	4184
648	1580
1679	2895
22	1371
4038	4070
548	3400
2049	3116
2246	2567
1952	4525
797	2893
1255	4533
192	4156
3488	4321
1450	4819
1826	2974
1679	4492
4201	4615
33	3488
1679	3884
2166	2490
1679	3860
3988	4674
499	2814
1527	2057
694	5030
1270	4874
1062	3827
510	4202
3273	4391
1122	3870
101	354
1527	3162
2743	3380
891	1293
982	2934
3103	3116
2927	4271
1307	2666
421	3884
1617	4035
3469	4478
2411	2831
2763	3116
1679	5149
313	3205
1656	1679
815	1671
823	4978
2216	3116
905	5035
142	5062
2913	3779
1679	2045
4525	5027
3908	4070
313	4998
2268	4482
1679	5017
1774	2888
942	4156
43	1614
1093	4236
4478	4640
4156	4200
3105	4131
257	4156
1108	3754
1067	1797
1679	5009
1136	3103
1679	3530
285	1338
2625	4959
2110	3202
1722	3496
867	4130
983	4797
4271	5062
1825	3739
1573	3815
146	1679
2472	3182
1246	1643
1726	2829
581	2460
2476	4525
1679	4522
3000	3116
347	3116
988	1679
269	4173
3739	4257
1527	2627
618	2775
230	2745
867	4897
687	3198
1679	5127
1119	3895
3202	3505
1679	4611
4556	4809
260	1215
2312	3231
1847	4156
3906	4362
2034	4236
476	3322
3061	5078
41	2704
914	1366
728	4294
3810	4045
3486	4525
914	3369
759	2362
1679	4038
1215	2668
867	2472
3003	4105
1477	2905
1037	2985
255	4546
855	4156
3460	4131
1533	4775
1513	3116
1435	3116
2142	4873
1180	3995
92	4010
978	1288
4156	5162
2307	3538
230	1705
1028	3993
2625	3829
1399	2947
2594	3750
230	4795
887	1679
1581	2929
153	4775
469	4271
2775	4480
739	2857
2389	2504
1679	1841
313	2221
4271	4827
988	4118
1679	2666
1215	3185
71	4795
609	4162
4088	4863
1679	1727
2908	3953
129	3677
2142	3121
1588	1679
859	4480
142	4775
284	1679
3546	4105
22	452
4156	5008
1255	2716
1058	1585
842	1527
609	1094
100	698
1780	4156
1307	2775
319	3380
1057	1657
337	5089
4350	4857
2036	2177
1338	2775
1679	2173
1679	3292
3081	3116
1710	2342
3198	4235
1679	4127
1679	3121
2726	3321
730	1834
1034	2227
862	1335
1923	4863
269	1136
1250	3380
3107	3409
1930	2489
1061	2694
1085	3758
313	2546
1041	1324
601	1108
7	3604
601	5097
1136	2630
3830	4156
1679	3677
3023	4105
1537	4156
4207	4841
3977	5020
1321	3116
1527	4558
493	1527
660	2156
1527	2409
1422	4699
3995	4156
1423	1670
3202	4827
3343	3701
2835	2864
1679	3649
1135	2626
788	3494
3159	3754
652	3601
1503	1775
580	3995
2625	3069
1938	4144
2724	3189
3995	4196
2307	4798
1424	4274
3326	4129
1428	1679
272	4129
2024	4580
1812	2834
2714	3602
1542	4216
2905	2951
677	1109
4184	5032
581	2268
1392	2216
1844	2221
3285	5138
43	738
1426	1673
2924	4271
3965	4070
3502	4775
25	3188
680	4405
910	2909
704	1946
1422	3067
2661	3565
3886	4070
2110	4949
2504	4943
929	1980
915	2216
2174	2671
1897	2406
1623	2181
1531	4519
1399	4350
214	3534
1113	3623
2829	4795
121	1679
1679	4471
1537	2895
1679	1911
1617	2216
1537	3067
841	3585
2312	3484
2254	3289
1603	3202
1180	4399
1684	5134
1215	1883
1722	4088
1426	4478
580	1753
1270	4145
1692	4758
1537	1679
1560	2031
887	1078
1028	1335
2501	4405
1028	1727
823	4156
786	4970
2661	4590
1221	4879
4321	4809
910	2489
570	4201
449	2729
3606	4525
3823	4789
1679	1691
2216	3905
285	3116
1679	3012
1859	4069
3977	5101
451	4001
1847	2312
735	4035
1844	3107
879	3397
4271	4326
1215	3953
3114	4696
510	2755
2312	2726
1963	3952
27	5021
1203	3107
92	230
2023	3351
868	3439
1228	4105
3494	3863
3237	5035
1747	2027
1386	2864
905	1870
7	616
2661	4243
1667	2489
476	3853
788	3589
1527	1679
1218	4156
1214	3116
1109	4863
3840	4156
3376	4399
4525	4695
877	4635
1108	2410
1667	2899
2326	4775
123	2013
1679	3026
3116	4361
2243	3488
1679	2767
3581	4410
1147	2818
1332	4301
248	442
1479	1552
2701	3105
914	4353
1422	3196
3810	5008
1692	2864
1221	3963
65	3382
2525	3758
2036	4478
4399	4923
1392	4156
526	1560
1635	4271
2181	3565
1679	4360
2181	2837
2312	2887
2533	2704
1109	1603
1505	1703
281	4156
476	4859
1823	4105
1270	1553
1591	3290
2362	4231
4775	5070
1275	2691
3580	4480
2246	5008
1679	4500
386	1225
2361	4538
905	2185
1679	1982
3121	4480
2973	4342
1117	1710
1303	1527
2892	2934
1188	2108
722	4775
338	5078
1078	1352
1267	2362
1679	1967
2704	3236
915	1679
1565	5021
970	1633
230	1465
1679	3908
214	3116
510	3121
1475	3754
340	3116
1679	2252
1292	3116
302	2051
1265	5161
1501	1727
454	2798
3496	4863
2312	4526
973	4097
92	2285
7	3114
946	4598
92	2026
2373	5122
247	1527
124	2661
1710	4798
1110	4956
4156	4876
340	4399
1176	3327
598	4105
3114	3944
1675	1679
1422	4542
715	1679
1113	1422
3116	3430
2112	3116
1465	4844
3116	4144
905	5026
2835	3645
92	1286
925	3944
1679	3060
1505	1797
1979	4111
1098	3848
2755	3376
3116	5061
43	2048
3916	4095
92	162
389	4879
4156	4739
1679	3589
3736	5127
1477	4163
3151	4236
4145	4874
922	1679
877	1537
722	4070
3882	4775
1267	4151
373	2858
1706	4533
2909	3116
3988	4326
1215	4601
3754	4819
3685	3758
687	5105
2704	4907
896	2476
4156	4244
1666	1727
1215	2951
535	1679
1030	1649
2489	3493
601	1906
1884	4406
354	3116
1187	3094
313	5161
4163	4198
1537	4512
1481	2277
4070	4544
1352	1679
1215	3435
2216	3932
1188	3390
1883	3419
92	3116
510	3114
1119	2857
3646	4879
284	3736
1491	3843
1549	4526
7	2857
1215	2023
263	1679
2489	2726
2088	4723
288	1679
929	1936
1726	5065
1679	4314
1742	2411
100	1378
1527	3081
806	1679
1726	3993
241	1679
618	2755
963	3317
1504	3161
983	3361
3116	3719
898	914
1185	2189
2934	4584
176	509
1679	3485
1747	2569
1924	3116
3351	5148
1531	3688
1287	3100
1396	3810
24	2905
269	1167
2234	2662
129	3581
1293	4201
41	1042
3116	3704
2335	4580
7	901
5012	5158
957	4467
2835	2857
3615	4156
401	5090
1679	4010
939	1061
833	4399
1873	4267
1679	2134
1746	2909
1656	1946
400	4621
1679	4577
3202	3717
67	2985
1800	4235
1753	2156
139	1030
881	1003
1795	2729
270	2370
2692	3114
3139	4775
2472	4035
2072	2510
444	855
33	3159
652	3672
4557	4766
2185	4787
1679	3717
3602	4525
1674	1873
4070	4529
2802	3739
736	1215
4046	4279
123	4525
2504	4674
22	417
1679	3755
1679	4669
2311	4257
2312	4366
98	4070
1936	4200
1679	2495
1424	3488
4853	4882
1479	2443
413	2249
652	3717
871	3911
3513	4775
4598	4728
4070	4580
923	3810
36	3116
2656	3421
3380	4519
580	4711
1679	2902
926	4156
2448	4208
1108	3493
2834	3190
1679	1756
1679	3804
2312	4162
4156	4386
1003	3547
262	3437
440	4821
3121	3505
241	4560
192	1286
855	3445
1061	3430
662	2492
2226	4882
1108	2312
4097	4478
652	913
3361	4435
2241	4560
999	4775
3895	4463
633	4036
2682	3116
7	4750
1679	4919
299	3116
4576	4738
3069	4391
2490	4207
1455	2341
92	4882
1422	3003
1679	1948
72	2934
826	2490
3589	4169
1591	2547
3757	4859
2014	3930
154	3758
4795	4907
4758	4968
1679	3053
2259	2290
2957	3174
1858	2963
2930	4478
687	5017
1671	1710
452	3380
747	4156
2794	4458
165	3536
1409	3114
991	1549
2625	4711
374	1084
3116	4023
3580	4923
1585	3344
1545	1679
873	3842
877	4086
4156	5152
1215	4695
1505	2905
4246	4412
1527	4708
1671	3696
10	4156
757	2216
1553	4943
1270	4845
1505	4662
2324	2569
2110	2755
349	4534
1763	3545
1979	4045
153	4127
421	2490
1156	2216
1679	2493
309	5040
1437	1679
139	1679
1527	1533
3116	3317
376	687
730	4959
2936	4070
3663	3884
1422	3663
868	3116
748	2241
4196	4598
2971	3116
4254	5030
1136	1793
3026	4503
333	2299
271	4201
903	4035
1075	1460
3669	4156
230	1543
1679	4435
13	1679
2857	4727
2905	3481
453	1727
1035	4165
2704	3839
442	1671
1215	4653
2835	3344
313	612
652	4882
33	2692
2755	4045
1251	2706
3056	5008
1294	2222
1185	3769
4070	4087
1113	1742
1187	4289
7	4105
4036	4615
4156	4301
5008	5017
2191	3560
758	1679
731	3995
901	2181
1145	2515
50	3413
2525	4480
1324	2584
3441	3496
1975	2957
418	4060
903	1758
2775	3121
1324	1953
2478	5090
1679	4517
510	3580
2156	2169
2532	3116
4156	4633
358	2569
3623	4169
1422	4144
2904	2924
580	1722
1338	2582
1679	3184
1679	5033
1673	4545
1338	1635
351	2688
4001	4859
248	4418
2775	4819
1603	2530
1679	2837
2210	5149
1559	2724
2893	4156
942	3416
4165	4645
2560	4156
759	3646
3289	3757
1491	2456
812	1980
2490	3272
2166	4268
3447	4882
1250	2625
2857	4070
2582	4151
1369	1679
3445	4048
2567	2798
1344	2723
297	4360
3982	4105
3186	4156
733	4583
2005	3116
2803	4538
698	4882
139	153
3545	4212
272	3739
1286	4271
3010	4030
3757	3853
1848	2837
985	5146
4461	4728
2835	4226
154	1667
2980	4156
3116	4804
1109	3419
3100	4336
1117	4088
5102	5148
501	2181
349	2535
284	4002
1422	2026
1209	2905
2324	3336
3202	4393
288	2216
349	2000
651	1218
1623	4105
1215	4055
3351	3365
2142	2798
77	3107
413	2973
1690	3351
694	1308
1639	3747
2484	4156
1527	3419
3548	4156
1642	3536
269	1243
1399	4342
3380	4463
1465	3395
1338	3952
4478	5145
100	1527
389	4271
3056	3116
299	580
662	3400
2478	5139
1051	2406
593	3988
2332	3116
898	4897
1853	3447
1727	4395
340	1588
1686	3782
1215	2830
1820	4156
3538	4156
2936	5027
1679	2802
1094	2152
4105	4789
4271	4598
1191	1679
1221	1873
757	911
1883	4972
682	1787
1903	3116
3351	4201
3505	4399
1679	4124
1215	4196
1987	2311
1603	2389
3580	3995
1423	4480
1679	1862
282	3488
3116	3202
1679	4405
1559	2450
1679	2450
4557	4890
542	3163
671	1527
11	3827
241	3581
131	2364
1135	3548
1527	3026
1109	2627
1527	2687
1094	3496
2048	3376
1666	1941
2534	4882
2322	3116
1609	1679
2250	4968
2277	2731
1465	3349
1108	2534
1402	1687
227	1679
2395	4478
1895	4271
444	4775
1185	4876
3161	5145
413	1609
517	3843
2064	4184
1422	3000
1259	3116
680	823
2312	3469
2775	4111
4268	4775
735	5033
1726	2353
436	1679
1800	5151
855	1670
344	4511
1215	4395
2347	4956
1560	5026
1553	5008
2055	3380
137	262
119	1679
4588	5008
2249	5072
577	1679
338	4775
71	4362
3829	4775
1727	3026
1710	5127
580	618
2290	3004
2625	2725
548	1324
1872	3905
3405	4267
788	4045
3920	4598
1108	4326
911	3581
1938	3272
823	2501
417	898
1270	2041
2071	2985
3004	4889
902	4118
452	3198
1679	3947
601	4070
1527	4339
27	1260
184	3116
1505	2835
948	1036
1549	3076
1119	3984
1185	1422
1135	5008
485	3116
1012	4631
151	3408
3860	4759
611	4156
413	970
3344	4538
2723	4002
2775	3757
1371	4184
618	4876
477	3226
3116	4394
4580	4879
3635	4156
4156	4250
622	1705
1679	4039
3272	4170
1270	3116
1422	2924
1208	3116
2936	3769
3930	4106
1884	2584
4290	4775
100	4525
586	1679
340	1377
3116	4170
3419	5008
1286	3202
651	2863
1505	3696
1113	4089
3853	3988
2378	3839
1527	3829
1527	5117
1654	3758
3864	4236
925	3343
1727	3905
2477	4105
3026	3249
2625	2947
1055	1679
1243	3629
3864	5142
1527	4482
1043	4105
1527	1617
1007	2963
3606	4723
942	4211
1679	3432
1135	3685
153	4362
1108	5084
1185	2530
3107	4138
4144	4664
1422	3421
347	1117
1746	4144
3317	4525
1185	1326
3236	3564
1527	5069
2347	4156
1679	4645
1108	4202
1433	1679
1117	4156
265	2241
1710	2801
449	4957
1460	1617
643	946
1670	3512
4382	4766
983	1679
3130	3380
2951	3853
1185	3829
926	2506
2530	3202
1975	3116
1422	4095
956	4261
192	970
2246	3121
131	1679
1952	3782
151	1402
1371	1527
1679	1775
584	3739
3300	3988
2775	3505
2410	2829
1553	4399
1679	4182
1521	2299
2188	3810
1229	3116
2755	3505
2026	4789
584	2835
3186	3534
841	4970
2803	3419
1710	4654
2108	4968
2675	3116
4841	5153
991	2469
123	4538
2961	3679
1318	5016
704	1337
22	3650
1930	3235
2625	4544
2835	5087
2648	4809
1679	4793
107	4775
609	4070
230	3952
3395	5085
961	1964
1119	2598
1687	4951
601	3837
313	1294
4480	4863
123	1215
362	3116
3116	3602
2110	2361
1461	3367
2409	2582
649	4064
1895	4325
2049	4617
4156	4281
1679	5078
581	3116
288	1185
2149	4125
1923	3116
4088	4674
2216	3850
517	2864
2019	3916
7	4956
988	3801
3685	4876
1422	3273
1777	3116
3932	4775
452	1917
593	3056
1061	2166
2312	2336
3524	4156
2243	3754
299	2469
3116	3820
648	1617
3116	4943
1505	2254
72	3581
1390	1527
1318	1993
269	5099
3397	4153
633	988
1058	1905
211	5083
2535	5042
3344	4819
3416	3685
1422	1913
1667	2930
580	4001
2312	4326
250	970
1248	2185
2834	2947
1377	3995
694	3606
1670	1883
2013	4418
946	2495
2034	3114
1680	2798
3300	4274
1549	4201
1504	1740
2370	4111
2259	2726
3344	4635
2510	4105
2142	4876
1185	4238
1679	1779
413	1505
859	3580
1750	4170
2216	3369
570	3987
4580	4812
476	1603
230	3820
1504	4735
2704	3230
2347	3815
1392	1537
1665	4990
849	1679
1787	4880
264	3116
340	4271
3009	3413
632	4502
1165	5087
1041	1684
1011	3174
2803	3853
137	3116
313	3116
859	4161
1176	1433
1710	2071
674	905
735	4105
302	1078
1527	3723
1679	3819
904	3860
1527	4435
1108	4088
248	904
704	3114
612	1619
2625	2837
1554	2843
2684	3382
3988	4863
867	1721
807	1679
2706	3445
1280	4879
299	4345
1109	4196
1455	3413
811	4105
2835	4144
4097	4882
1679	2789
885	1679
417	4529
580	1034
1121	4156
2489	3300
3351	4631
2456	4123
1679	1681
1699	3361
1670	4480
1527	3587
566	1679
3505	4271
983	4968
1504	2409
3308	3552
4067	4156
4525	5085
748	3004
3563	4106
3538	5090
704	1371
1553	2798
4105	4598
224	1438
1615	4939
4156	4886
3439	3810
3067	3724
1722	4271
25	5145
2169	4311
1422	4430
1884	3419
1679	2684
1246	1251
4105	4499
260	2951
3573	4294
1876	4246
1135	2803
1560	2835
1527	2739
663	2584
1679	2733
3376	4271
1549	1639
3685	3713
33	3237
2530	3754
1746	2194
3685	4520
3133	4496
1845	3116
151	1527
4156	4179
626	1679
2158	4775
3369	3696
1423	4393
1527	3574
349	5042
1649	1674
388	3470
1679	3769
898	3754
757	991
107	4879
842	1679
3361	4514
4182	4664
1055	3272
2905	5012
1679	2356
841	4245
453	4857
1670	5008
65	1404
1717	1909
601	3189
1167	3028
3116	4482
2835	3930
962	1215
288	2951
1679	1939
3249	3840
1906	3344
510	4196
255	3573
2656	3236
67	1396
1215	4415
3116	4970
651	1956
1187	5090
694	2343
2867	4882
2871	4478
2171	4156
758	1203
1680	2031
833	3300
1883	3685
1338	4480
2735	4007
1883	4273
639	4154
2247	4232
1884	3105
943	4968
1679	1953
1215	3235
4236	4803
903	4841
3996	4298
4458	4880
1717	3202
3030	4105
4775	4876
2755	3580
2891	3853
4416	5107
911	2723
1215	3970
1108	2812
3837	3864
1787	4048
1293	2069
957	3713
2835	3672
2104	4271
1136	1506
3154	3870
105	2261
1172	1872
648	1679
2247	4588
1108	2209
3467	4301
1642	3300
3419	4674
1560	4557
3840	4544
2478	4642
1411	3116
1377	2627
354	2250
580	3067
473	4184
727	3515
2502	3488
3538	4824
1399	1527
1312	4905
1261	3344
25	3209
2724	3462
1687	4415
1552	2406
3705	3968
914	2362
2917	4067
1286	1603
1501	4775
2472	3724
866	4401
3612	3650
1537	3514
1108	4271
3300	5114
687	1614
4118	4328
1396	4156
21	3026
1679	1988
663	4294
4044	4695
265	3488
1679	4990
401	3081
1292	2014
372	3646
681	1679
332	1422
2159	2913
1666	4882
552	618
3272	5042
2048	4156
1559	4775
2798	3121
694	2014
1432	4198
1465	1679
1248	1341
797	4391
2420	4169
3273	3895
3686	4156
336	401
278	3616
2142	3202
4070	4369
1747	4512
1670	3536
3116	4196
2149	3860
1527	2674
2833	3116
3853	4088
3116	4464
269	1340
1679	1751
1679	3444
1215	4729
1533	1617
3343	5127
1670	4399
1527	4023
918	3114
728	3669
694	2246
3895	4997
43	1930
2845	2924
13	2905
1422	4775
1553	4827
1428	2216
626	3469
618	1377
788	3116
2288	3116
1188	3823
33	4279
1780	4478
230	2409
2661	3534
451	868
1185	1465
1424	2492
2142	3408
3116	3154
924	983
3808	4070
1750	4163
3116	4758
862	3843
1834	2308
1423	3988
584	1108
1549	4271
1703	4544
1215	1529
1061	2216
687	4235
2625	4750
1085	1639
1674	2867
574	4070
618	3931
735	1679
1549	3154
1167	5061
2209	4897
1828	2582
1680	4045
3930	5107
2961	5119
142	4070
1886	4653
374	3739
963	4538
2934	4650
1505	4631
4070	4876
2550	5062
1433	1537
1521	3845
1876	2169
670	4308
901	3653
1043	4349
2737	4775
71	177
579	1215
3620	5040
885	3395
328	5062
867	1423
1859	2618
1028	1692
92	3623
7	3730
4097	4600
3512	3591
3114	3496
1527	4196
2108	3999
35	4956
2706	4546
1215	2591
1679	1689
92	2748
3484	3810
1883	3026
820	4048
3116	3444
4131	4809
4023	4512
22	1800
1679	3844
264	277
356	3116
2184	5145
3646	5139
1367	4621
2525	4882
2311	2796
4708	5088
1028	2547
3235	3696
1432	1477
4493	4859
580	1156
663	687
1834	2406
3351	3380
652	4410
2221	2794
272	2254
154	643
269	3103
1063	3116
7	2801
3056	4943
3512	4156
326	2014
230	2934
1332	1679
272	2703
43	2489
3685	4470
2534	4070
656	3568
1878	4105
1051	3747
24	313
2547	3395
372	1505
1619	2047
873	3044
4923	5008
1224	4366
687	3696
784	1465
942	4480
1468	4789
1215	2409
4669	5008
168	2904
926	1854
3566	5146
351	3226
3810	4162
1893	4156
137	844
473	1679
3116	5126
648	1533
2049	2975
656	3074
1553	1603
2627	4271
1722	4598
905	1747
1527	1692
1113	2535
1122	3067
1883	2312
2019	4765
28	1108
3154	4464
3202	4273
459	3724
635	849
1679	3547
1906	4236
2235	4775
1215	2973
3116	4412
7	2312
1438	2837
3580	4271
2837	3984
3519	4273
3116	5127
1185	3139
2034	3237
7	2803
870	5090
2398	4464
1603	1883
2835	3589
2241	2801
704	2582
3944	5125
1800	1953
1619	2374
2362	3346
4271	4949
571	4350
2763	3810
1167	2308
2216	3493
3400	5065
3441	4410
1666	4070
1108	4598
823	2598
1747	3435
3601	4621
111	1180
2726	4211
2216	4369
903	913
2501	5107
999	1679
2110	4525
2985	4514
36	4923
1461	3864
890	2835
3116	3604
2582	4410
1281	4873
2693	4412
1692	3774
1727	3067
4631	5038
1679	3776
7	3416
1695	4350
2864	4170
2725	4376
269	2307
1491	4621
2801	4350
1721	3685
2936	3343
252	4580
1679	2480
3419	4943
748	2692
1588	4211
4156	5009
2176	3512
3245	4097
3018	3558
690	4525
2845	4271
910	1753
1848	3481
812	1679
942	2818
313	3186
747	4271
2956	4156
4361	4721
1113	2152
269	3086
1679	5144
2373	4155
3103	4247
349	1097
3416	4882
1655	4956
1461	3905
2019	3565
2023	4525
1506	5097
1686	2342
1270	4464
2216	3382
2625	3920
281	4207
4156	4481
3236	4156
238	1619
696	2617
963	4525
2904	4010
36	580
4393	4863
1549	4038
4358	4580
1533	1689
2040	2460
743	3116
372	3469
1378	3853
2735	3782
2027	4601
2034	3566
1679	3482
970	4271
612	3116
248	1710
714	4070
1489	4131
142	1185
1344	1527
748	1461
2227	2775
2351	3488
1679	3618
1185	2160
618	2916
7	146
3566	3837
16	963
123	1901
449	2214
978	3272
985	3367
1465	2835
283	3116
1679	3981
2243	3496
1549	4455
50	3116
609	4933
788	1377
3116	3552
451	3983
2694	3581
2436	2831
1527	4653
3114	4631
184	4156
3322	4493
1679	1739
1923	2798
1188	2931
601	4859
1215	4245
1270	4391
1679	4197
694	841
4088	4271
27	2594
1186	4125
1844	4177
1176	4596
3484	4478
687	1884
1670	4600
1041	1248
1537	3107
1251	3635
2268	4156
910	5021
1180	1679
1679	3580
1187	3361
2654	4789
2174	3344
1533	1727
1215	4863
1943	3107
1633	3860
2802	3444
1775	3382
3853	5114
248	1671
223	272
27	1028
3245	3322
4787	4819
3165	4201
1750	2893
2476	2835
2443	3747
3455	3573
3653	4486
1679	4165
1091	2501
704	4889
2414	4131
3122	4877
2166	5051
859	926
3003	4526
704	3713
3975	4070
4151	5127
1056	4096
7	4896
2098	2723
224	1203
866	2307
2818	3975
2216	4544
2953	3116
2177	3512
255	3616
1135	3988
1679	3758
1527	3534
2106	2216
1883	4480
36	3774
107	3380
2013	4538
1339	4321
833	4325
2909	3568
1527	2610
3116	4920
1058	3724
33	3837
1681	4514
3488	3563
687	4294
1203	1641
1105	1679
268	4105
4070	4231
3810	4244
354	5061
1883	3536
1747	3026
2240	3331
3690	5028
338	1679
2209	2243
1936	3782
2041	3474
1679	4519
651	1443
1527	3496
1492	1617
453	1433
4156	5079
3270	4311
1749	3863
28	2362
1884	5062
3320	4499
338	3837
299	4863
92	271
1215	2476
2547	4775
1256	4321
585	1679
2027	3591
3300	3496
7	4772
3736	4358
224	2370
867	4863
2934	4039
67	970
1679	2467
618	3724
788	4827
258	2615
1872	2937
1774	3488
739	3231
885	4361
7	4131
3444	4728
3512	5135
4271	4960
3474	4399
2801	3114
111	3995
788	3321
660	1911
1881	2216
4642	4907
4386	4902
436	4247
1878	3650
3116	3534
4827	4923
3650	4970
2774	3492
2857	4766
1679	4366
3114	4236
632	1750
1686	4259
272	3931
3589	5090
2506	3116
1679	2813
773	1705
1119	2973
67	1703
1739	3747
3121	4943
1286	4972
1176	2538
2060	4156
1883	5008
420	1056
1185	2959
4097	4775
92	2362
1067	1505
1527	1709
1215	1633
922	3810
269	4993
1390	4410
4198	4775
1844	3839
1679	4999
1187	4741
1980	2360
1113	4070
2582	2936
1010	3116
866	4517
1119	4151
285	1679
1396	4538
374	2802
788	3853
547	5134
72	1679
687	1798
36	2775
1679	4815
3116	4384
601	3114
2963	4118
2798	3988
687	1028
2227	3322
983	1619
4258	4259
796	1774
1787	3344
1105	4156
1527	2023
2582	4376
2798	4863
2625	4642
3893	4105
3121	4271
92	1775
1799	5020
1043	1639
1727	4130
2184	2362
926	942
3490	4978
2052	4156
611	5083
1868	2723
832	2802
105	4156
1614	3696
925	2835
3505	4525
4088	4972
2895	4653
1679	1763
1510	4525
2108	3012
1679	4464
2755	4525
144	4070
2241	3905
33	4236
3226	4882
3116	3730
2725	5098
578	3116
2362	4010
1679	4235
3380	3457
1461	5142
1648	1679
1936	2735
2171	3695
3419	4196
1684	3488
3174	4525
1438	3589
3419	3496
2176	4480
1024	1398
3669	4631
682	3892
580	3116
1679	3754
443	1722
326	694
192	3602
904	3650
2573	3439
269	1717
2105	4399
1537	2202
100	1185
1350	1679
3116	3245
364	1679
4775	5107
3101	4702
1037	3105
421	5020
1873	4142
2567	4480
449	3422
714	4156
3376	4480
100	4169
1679	4631
3069	3895
1617	2347
867	3685
517	3851
2957	4631
2744	4600
1934	2547
924	3413
151	891
1679	4640
3613	3683
2934	4177
2979	3116
153	3513
2775	4410
283	991
823	2409
2417	3739
2051	3782
1292	4235
71	2406
4105	4217
1537	4493
299	4943
4029	5083
3530	4775
3905	4236
2409	4391
925	4435
2704	4095
2142	5008
939	2437
452	1704
1041	3568
1934	3010
1975	3171
1680	3114
284	991
1873	2728
7	4478
2027	5087
2362	4169
4156	4757
626	4070
2406	4902
1527	2246
1674	2471
272	1475
942	4271
2521	4461
1893	5105
1825	2049
1067	3469
1588	3376
2460	4123
111	1109
1451	3300
3061	3237
3853	5008
4273	4399
2216	3026
1979	4202
1108	4154
3538	4301
121	176
1778	2904
1527	2471
3953	5008
271	2216
4558	4729
3573	4045
1026	1679
687	3895
1813	4138
1513	4998
1980	4258
1352	2735
872	3116
593	4631
903	3116
499	4156
3114	4979
902	2341
1028	1527
963	1503
4035	4795
1191	3116
1215	3405
748	2034
1374	3302
1543	2157
1058	4493
3116	3300
1302	4156
1863	1897
1108	3863
123	2743
1679	2190
1061	1208
2221	3565
4156	5087
4051	4968
1527	2901
3116	3669
3107	3116
373	401
1679	5137
3121	4156
255	2891
3488	4728
639	1366
2963	4775
988	1062
2040	3538
580	3757
309	663
2342	3677
3512	4863
340	1215
1108	2952
3488	4815
748	3905
4045	4399
4819	5026
611	3439
1061	1537
1679	3732
1693	3116
1710	5048
3852	4717
1679	5032
2480	3605
352	1679
478	1543
269	817
495	2893
2900	4876
1679	3494
2726	4017
2131	4156
3602	4170
3724	4943
3435	3646
1883	3576
1726	4544
3165	4775
649	5142
2835	3421
815	1267
2181	2593
3658	5090
193	5041
33	4169
2835	4841
72	306
33	569
1539	4580
272	2904
111	4399
1549	4169
3026	4907
1318	1909
2472	3100
7	1058
2704	4002
313	1243
2723	3984
639	2188
151	1324
1396	3857
859	4923
991	1156
3739	4110
3860	4301
3851	3860
2437	3650
269	2513
3154	4478
2185	2847
1135	2627
1679	4639
1003	4635
3380	4362
7	4124
1527	3815
2216	2640
1655	4350
3116	3565
2961	4156
1377	3202
1527	2658
1527	4772
4153	4156
452	4395
687	2801
1094	1215
1422	2049
92	2858
4124	4156
881	2242
143	579
2142	2567
3488	3837
925	1705
501	758
192	2177
1326	2216
144	4775
2560	2835
879	4156
3492	4202
1892	2406
4653	5028
174	3851
4525	5147
3101	4189
3458	4156
572	1679
2185	4970
1614	3496
2317	3161
1679	2101
3419	4757
2051	2342
1113	3116
3988	4972
788	3419
3400	4022
3620	3890
2569	3139
1386	4538
168	547
2755	3116
1585	3930
2031	5026
569	681
3810	5145
924	3356
222	3435
1679	4756
2386	4775
1003	3225
3083	4642
2774	3086
833	2775
284	3881
1705	4775
3538	4051
3724	4859
2865	2880
1679	4212
1061	2490
1494	2341
1423	1602
146	3619
1128	1445
1324	4615
349	1505
4600	4674
28	1113
192	946
1797	3469
347	4759
580	3863
2775	3724
3536	4795
3484	4542
2952	4897
139	1176
2040	2221
3953	4301
1250	1679
3107	3884
3808	4201
580	2177
3782	4200
269	449
2835	5062
1108	3494
3953	4542
3623	4120
192	581
1037	1560
20	694
2312	3536
272	1766
1091	1215
3492	4600
677	3419
1580	2347
735	2835
1905	5114
879	2312
230	1753
2626	4271
2835	3944
401	1679
1679	5148
1529	1679
1432	1750
1892	3747
687	1215
1215	4452
3982	4642
2065	5021
788	1553
443	639
25	3950
964	1465
773	4789
3116	4470
2654	5138
1710	2771
2980	5087
1679	2336
1679	2000
620	4863
272	2956
4415	4461
1858	4105
2323	3171
3930	4271
4701	5121
832	2703
244	1967
1679	4897
3116	4924
1324	4819
526	3705
4105	4534
1641	4985
313	421
687	1893
2224	4294
2482	4105
4631	4708
1479	2525
1633	1710
4329	4708
3245	4274
757	3623
2105	4111
737	4201
1727	3853
285	4653
1527	4399
867	4972
890	1003
1108	2142
2227	4271
344	3011
1250	4336
490	3116
1642	4202
373	1108
258	2519
739	1262
901	1641
2625	4105
2547	4410
3231	3419
3568	4348
3056	4088
476	1058
174	2185
1203	3653
417	4461
452	4030
1012	3646
975	4867
1504	3116
2905	2995
1418	1679
4156	4766
3081	3380
2661	4972
4859	5142
471	2222
988	1359
71	2547
1886	5028
1451	2071
1543	3457
580	4274
1679	3721
826	3923
548	791
2177	2803
3512	4480
585	4525
1215	3474
2835	4500
2561	2835
35	3747
1553	2489
1665	3983
3988	5008
3116	4902
4129	4576
1679	3799
2802	4144
1451	4525
1503	1873
3963	4024
601	3864
1108	3026
2456	3361
1679	4369
687	2027
3754	4636
299	4399
1377	3376
579	694
1367	3018
1692	1917
495	747
580	1094
3321	4029
1414	4775
421	2040
2436	3026
632	3635
25	2437
1873	3116
890	1979
1402	1746
3988	4588
580	1058
833	1553
28	1667
581	4701
1679	4728
100	4729
3195	4156
3853	4201
1465	4525
2184	3116
601	3188
1433	2584
449	5012
476	2627
1105	3237
1504	4487
230	506
3324	4405
3116	3538
3081	5062
1195	1218
3067	4271
1809	2395
3839	4957
1737	4349
1679	2775
1679	4972
1671	4611
1679	4729
3853	4859
2241	5078
2495	3602
1422	3162
3395	4023
4156	4325
3963	4156
3623	4848
788	3505
988	3372
2194	4517
1003	2242
1679	2685
453	1176
1679	2399
248	964
3367	3956
1215	1505
963	4410
1549	1878
1553	4972
687	942
1422	1527
3442	4405
344	3616
1188	3810
2492	4012
2026	2108
3580	4196
2356	3116
694	3930
291	553
1670	4743
2561	3380
517	948
1617	1951
924	1455
2031	3639
7	1071
3860	4125
442	1794
887	1936
731	2031
1979	3602
92	4467
1061	1465
4156	4161
452	4809
1001	1739
1679	4502
4271	4943
581	5020
1386	3810
94	4326
620	1108
618	3548
2835	4728
2136	5007
2342	2361
2216	3067
593	1423
1679	5047
7	1185
3116	3548
1161	1215
999	4809
757	1710
1108	3518
4525	4569
3182	4156
2386	2931
510	1527
1542	3457
4819	4905
539	1679
2909	4517
649	3566
25	820
2547	2704
1477	4270
1215	2725
548	2013
1180	4271
1527	3870
3382	4583
4583	4636
544	4156
1679	2490
1655	2411
282	3211
1588	1615
601	2174
2142	2626
365	574
1662	2625
1912	4729
2828	3015
272	4384
192	2714
871	4902
2041	2934
1307	3580
107	3226
1084	3116
1409	4889
4036	5151
1679	3619
580	4132
1287	3724
347	1633
2755	3202
232	3116
3853	4045
345	4271
3114	3677
1641	4968
1580	1617
1679	3632
1679	4337
299	1883
373	3380
1176	2142
929	1352
1527	1580
1367	3444
1024	1256
441	1674
820	1215
1527	5085
4395	4775
2666	4452
1679	5105
1085	1934
747	2039
1842	3116
1740	4156
302	4007
1560	3639
1679	4007
2060	4631
1553	1588
1679	3476
1028	4070
651	3984
1527	4960
3358	3736
2361	3202
452	687
485	3672
1180	3202
1058	3289
2219	4105
1365	1460
2031	4301
2755	3419
1679	3372
507	1619
1653	1679
71	4003
573	2243
1461	2027
129	1692
2214	3422
1108	2489
230	3054
3419	4827
1037	3705
107	2436
3116	4262
1042	2865
3947	4070
4088	4600
1445	4802
573	1248
925	1215
4557	4989
168	573
501	5099
101	3395
309	1800
517	5049
1679	3519
77	5090
1883	2342
2626	2936
2013	4301
1119	1462
1543	3116
2864	3116
153	2247
2627	3548
2763	3959
2027	3435
1527	2582
3101	3439
2332	4775
509	1641
1679	4066
3254	3644
1751	4156
965	3646
2546	4831
2794	3161
1747	3469
3548	3580
1527	3486
957	5083
1679	3723
2835	3810
451	5003
2909	5021
1194	1537
573	1324
477	3686
1679	3851
1105	2241
2027	4295
1527	4728
1715	3382
357	3400
2640	5021
2930	4156
2591	4711
3056	3512
859	2216
1108	3757
1527	3250
1461	5146
174	3605
3581	4789
3493	4702
2055	4070
3944	4045
580	833
811	5161
2370	3490
3143	4321
3566	5142
942	2835
1215	2878
2534	3840
181	4156
1727	2202
2472	2861
2414	3669
2031	2071
2561	3685
168	1679
2060	3344
1221	3116
2533	4580
2456	5139
2342	3571
680	4978
3988	4088
877	1988
1479	1649
3116	3900
3344	4156
643	3685
291	3116
510	4197
2055	2216
1673	2959
297	4023
154	2216
107	3686
1215	1946
1679	2144
2362	4097
1877	4105
119	823
2500	3116
1145	1679
1704	3742
1386	4271
3380	3488
2798	3536
626	1185
476	747
2993	4295
1371	4105
727	4201
3103	3758
1617	4151
3243	4635
3161	3345
7	1085
297	2469
4097	4879
4156	4410
3243	4405
431	3116
2936	3820
4301	4336
241	401
1180	3505
2591	3536
2775	4943
1180	3376
1692	3944
4156	4227
1422	2224
67	3705
994	1746
3419	4399
2335	4257
333	1513
3536	4615
526	2027
1873	3502
25	441
4711	5087
1119	1460
770	3116
690	1537
4775	4945
1679	3031
1679	2716
374	2311
2801	3367
1901	4525
4201	4369
1993	3720
2246	4943
444	4978
192	1800
1492	4970
1465	1673
3757	4267
3736	4775
92	3343
65	3416
1180	3672
3361	4138
3116	4561
935	1679
2216	3769
328	4809
2450	4635
2051	4598
1633	4759
1883	2142
1609	4271
349	632
1537	2338
248	5017
963	2361
1225	2020
1367	4105
1135	4624
4361	4775
1001	1617
1710	4397
3853	4674
1094	4274
3470	4070
2110	3116
241	3860
970	4206
1288	4336
2692	3837
580	2227
542	4070
1294	2221
1617	2775
2904	4169
1445	4901
2627	4156
3474	4480
2625	2829
3827	3996
4575	4642
1679	3343
357	4336
679	1215
2395	2658
698	1727
181	2593
3116	3161
1318	3720
1726	2160
1742	1878
1270	4960
1684	4406
1721	4012
1462	3481
2755	4943
3419	4271
501	4656
50	758
1619	1692
2222	4238
655	1024
2240	4206
2342	5007
867	4273
1679	4363
3114	3237
349	2837
1912	3930
1075	3154
3646	5051
1527	4151
1479	4162
65	4156
373	2351
288	3395
400	4580
841	5026
1422	2482
1537	1750
1726	3769
1451	3273
3116	4778
1679	3390
539	4156
2864	4949
1286	2798
2460	2661
3107	3565
1679	4161
1056	1872
309	5105
3581	5146
580	1671
1537	4097
1191	1527
961	4211
579	2829
111	788
1891	3981
176	4376
521	1056
2437	3864
3344	3484
1377	1588
1061	4405
41	3435
374	1825
2561	3081
788	2567
791	2406
1215	4406
1679	2419
325	1722
1215	2036
826	3308
3717	4580
1404	5062
3840	4493
1113	1842
123	1527
1058	4001
1527	2249
2525	4326
1505	3987
4162	4410
1215	3343
3829	4329
7	5129
272	2625
574	4201
1747	2312
1243	4499
1951	3568
1975	2853
1687	4358
890	2818
1352	1980
4841	5008
326	3678
154	1679
1539	2389
1113	5042
2016	3303
1527	1979
1527	3995
313	3977
882	3116
914	2952
733	3382
72	2689
796	1727
3376	4325
4156	4831
4130	4273
1445	1679
1012	1573
154	1825
1248	2071
2627	3116
1248	1671
111	1113
1614	2249
1844	2040
1704	5134
2471	2600
313	3107
2105	4271
260	2361
1113	4598
2911	4156
1895	4399
2013	2973
1553	3988
991	1878
2865	3623
1098	3231
1884	5040
1371	1911
123	731
2020	4743
910	2812
3344	4415
601	1692
2909	4827
3116	4621
670	1422
1742	3739
1679	3081
313	4051
4601	5007
1527	2985
2569	4702
1573	3686
957	3439
100	2666
3116	5027
2202	2216
111	1553
728	2014
2242	3243
2317	3116
1912	4558
269	5158
3114	4598
763	3604
3650	4759
904	2985
1187	3704
1404	1662
1673	3380
3442	3686
230	3920
2909	3995
2947	4621
1692	3081
92	4968
2648	4775
3419	5102
649	4156
35	5035
1864	4960
652	801
1370	3116
27	3589
797	3047
687	4308
1527	2490
3116	5145
285	1215
1404	1654
1679	3635
1780	2835
1643	2625
1973	2373
682	3116
797	4201
4045	5087
796	1679
493	694
165	1917
2917	5087
107	3366
1122	1287
1425	5138
299	4972
347	4819
260	2835
1504	4156
36	1338
2166	3438
1215	2625
2336	3026
704	5142
2048	3995
4877	4993
1705	1726
1504	4968
1537	3190
2835	4702
2755	4863
1886	4631
1215	1445
1375	3840
107	2411
2775	4202
2752	3840
1812	4621
347	4787
146	1527
1501	2909
942	1527
509	4798
1679	4553
3367	4880
1747	4070
4393	4399
506	4362
4095	4907
749	3565
1679	1799
1679	2674
3892	4156
2214	3565
1679	4358
1527	4273
3493	4580
1603	4406
417	2049
643	3758
2726	5084
2495	3580
4271	4933
783	1679
1680	3116
1727	1747
1667	3026
3116	3795
2216	4897
2336	2530
1438	1641
3366	3739
1209	4968
1692	3444
1422	1505
1747	1878
1422	4327
476	5079
1203	1422
573	1041
1527	1682
647	4698
1505	3705
593	1113
2137	4386
3116	4802
202	4326
1527	3620
4841	5034
3114	3367
1024	4045
1402	3116
4478	4728
3074	3188
1552	4857
1897	4815
1057	4502
1603	3995
574	3614
1679	4695
3041	3116
123	1003
2582	3439
3678	4464
1271	1993
501	4915
441	1873
4311	4492
1537	3069
3159	3731
1422	1953
1549	4738
3677	4478
867	3056
192	3098
1295	3116
1633	4819
1465	4002
1075	2959
4156	4202
748	3367
1422	3769
3536	3573
3116	4863
788	3988
1873	5127
1763	2466
812	1352
3571	4156
4480	4923
378	1215
601	894
3317	4611
924	3262
1742	2406
923	1727
269	563
939	4105
2465	3457
1058	3853
2000	3581
2834	3581
704	1527
2590	3322
1679	2501
730	1451
1674	4871
1302	1670
1679	3620
926	4575
1510	1527
1135	1883
879	4153
2249	3116
2530	4156
2959	3494
1034	1094
1844	2299
2871	4461
425	3116
1067	3114
3090	4464
580	1603
904	4353
866	3704
72	4621
1386	4809
2867	4845
3956	4156
4791	5062
1176	1812
2216	4876
224	758
50	3923
3837	4803
1952	3108
4480	4674
1710	4097
111	1680
2312	4728
1715	4583
1679	4476
1679	2335
3810	5072
1690	4775
4198	4702
1649	3488
2407	5038
1505	3493
2226	3536
904	3469
903	973
2370	2901
3444	4580
2216	2930
1215	4339
952	1531
2406	3983
272	288
1285	5039
1113	2316
1537	4130
655	4876
22	995
2048	2798
2347	3840
717	1765
1883	3853
1034	2835
3612	4478
3116	4391
2905	3573
123	176
1679	4233
2728	4156
2931	3678
687	1036
2013	2847
2071	4156
3380	4645
639	3930
1093	3754
626	1873
1113	2026
1037	4557
747	2803
812	1936
1422	3250
1491	2936
1679	5139
4156	4924
1679	2593
43	2726
1075	4376
3056	4923
2472	4859
1513	3538
3116	4457
728	3930
965	1549
687	2584
861	3690
1727	3069
2560	3669
1679	3888
153	2216
2704	5099
2495	3758
731	2105
510	1108
3686	4376
1049	2625
3492	4410
1884	4294
4903	5055
1109	4156
1028	4201
7	1964
2900	3116
1679	4420
3512	4876
2144	4156
2582	3344
570	1689
1721	3494
1679	3565
3344	4151
4201	4231
1603	3505
1119	4525
1537	3111
1115	1215
1727	2892
655	3547
1461	3566
1537	1666
2221	3422
991	2342
347	4418
1775	3116
1844	3565
1185	3678
269	3893
651	2338
374	2335
7	4045
2684	4575
2488	4735
123	2347
124	1844
1024	4674
1085	2410
1692	4151
1679	2216
2569	3963
963	1679
4156	4314
2437	5146
648	5085
1673	1726
854	4915
1679	3774
542	885
2108	4010
1396	3555
131	1765
569	1679
4156	5139
2241	4236
1883	4088
154	746
3405	4809
2716	4631
1704	4406
1085	1426
421	2221
98	3860
898	963
1330	4105
1251	2181
580	2489
1215	4257
1727	1812
1697	4645
1710	3198
973	4120
7	5008
1281	4844
326	1585
224	1623
101	4580
3515	4458
1679	4730
1324	2224
1214	3897
1679	3231
926	3995
4601	4615
2166	4580
3116	5147
2755	4196
3646	4882
581	3565
627	3116
3999	4402
2726	4478
3003	3116
935	1479
758	1641
213	1527
649	2241
2307	2591
1726	3047
1165	3736
961	4907
543	1537
2569	4821
2835	4415
914	4905
1739	3395
2617	4725
733	3116
3492	3573
1747	4631
1527	2703
1679	2491
735	2374
1051	4350
1690	4201
1225	2688
2216	4130
573	3742
1679	3162
4156	4493
4067	5087
946	1679
299	593
1375	4775
1679	3243
3116	4722
284	2428
2335	2703
1352	4478
58	3116
1527	3944
1061	3273
36	1603
783	4067
1028	3374
948	4756
224	3589
3114	5146
1692	4405
1930	4756
452	3116
788	3995
400	1437
1747	4301
1377	4325
4601	4621
4728	4880
1527	2373
833	3580
1766	4479
696	5038
109	4156
1438	4656
682	5030
95	2959
1249	1679
3544	4968
1727	2059
1679	2105
1503	4393
3646	4086
322	4841
1428	4271
4070	5159
570	1560
3344	5138
4070	4410
477	3116
36	2627
2829	4350
4145	4729
1679	4257
924	1775
2735	3488
866	4968
1402	2763
1553	4196
1892	1934
820	1527
3121	5153
354	738
374	1527
3116	5122
20	27
879	2496
1110	3400
966	1061
2034	3837
2534	4775
255	4871
817	2661
1030	3247
230	4478
123	3602
964	4405
3565	5159
1679	2112
2208	2417
3190	4775
618	3580
1491	4376
1641	2876
1136	3129
2775	4863
2406	2835
1243	2040
1215	2013
694	3116
3494	4106
2703	3739
1156	1549
1032	4993
929	1078
1753	2235
3851	4759
3614	4600
3747	4350
3116	4478
485	4156
2254	2687
867	5009
961	4789
309	3536
3116	3137
1727	3024
797	2216
144	1537
1460	5017
1422	4615
1108	2436
731	2142
2048	4271
2617	4486
2013	4819
1918	3116
258	656
1481	3568
2546	5055
2661	3421
2466	3774
1679	2492
1505	2476
1679	4177
988	1705
1537	4201
3116	3343
923	4775
1338	4197
56	4156
374	832
2031	5033
3367	5142
2216	3231
3528	4514
224	2342
555	1679
3116	4257
3116	3349
611	1679
574	1537
2386	4105
7	1037
1888	4882
1679	2794
2142	3724
910	4070
542	2216
923	1726
1211	3116
2312	4844
2420	3097
4399	5051
510	2105
272	1085
618	4023
1679	5090
985	2185
991	1533
1527	4841
1573	3720
1973	4278
1279	4525
855	1603
2014	4874
2194	3116
400	1527
349	4358
501	1203
580	3518
1085	2625
111	3505
2360	4258
1692	1873
1461	2443
1641	3653
509	1455
2353	3488
1671	4418
3116	3668
3356	4920
3116	3574
288	4775
3343	3867
4095	5107
4029	4201
1674	4841
1679	2745
1642	2803
1670	3056
274	1527
584	4882
1825	3395
325	1371
1679	4827
2181	4105
100	5110
1679	3587
2618	3292
421	3116
694	3815
1527	2789
1581	1679
322	1746
736	3757
2803	4960
459	1113
2159	2876
4070	4493
1635	1679
2591	4036
2216	3959
833	4728
1215	3190
593	1883
1250	3908
607	3810
1113	4410
230	4642
291	4775
947	1679
2775	4399
2803	3321
1727	3073
2600	3116
859	3496
1618	2326
1710	2739
230	942
652	1791
1727	2829
914	4787
1239	1727
3116	3505
1479	4369
41	2625
3837	3905
2486	4308
2051	4200
1185	4711
1603	4525
1679	5040
192	3382
36	3492
651	1679
958	3683
1176	4326
2115	4143
648	1657
1873	3143
704	924
1642	3116
3739	4376
1666	3342
4415	4702
748	4880
2934	4163
4762	4978
1294	3884
1527	4734
4201	4268
95	5035
2036	3067
2244	4841
100	3139
77	1679
939	4350
1010	1666
106	1909
441	1679
841	2071
2627	4728
313	1032
1667	2625
1324	4235
566	4055
3114	4734
3563	4105
3202	4399
1203	4640
265	2905
1679	3171
1777	5072
1679	4765
738	2406
1537	3393
2250	2617
2515	2684
1679	3342
3840	5032
1063	4201
139	730
904	4759
946	2515
1592	4802
299	4923
1414	3705
4036	4067
1746	2835
1679	2337
1666	4775
3189	4775
3107	4985
740	1679
788	2504
252	3116
177	265
1845	3457
4156	4685
2185	2547
1451	3825
4376	4815
3116	4055
1035	2240
2521	4503
2246	3116
1527	4525
1061	2924
3990	4156
2051	5017
773	4809
948	1679
452	1884
1753	2812
4841	5102
842	3881
2489	3995
1061	4583
690	2818
1766	2617
309	1679
1726	5107
3114	3573
4156	4172
859	3505
3493	3864
248	4819
2174	4905
100	250
2040	2661
1061	2864
2235	3762
3061	4088
2506	3605
748	2437
1128	1679
3159	3810
4656	4798
1679	3911
2338	2724
309	1884
10	3421
2731	4376
796	3488
2515	3488
942	3505
948	1705
1645	1951
901	4848
43	1036
1966	2584
1119	3392
1679	2291
2112	4271
2582	2770
1527	5020
4336	5035
4902	4975
3395	4819
2796	3853
586	3116
1710	2729
4399	4863
1679	2617
2166	4231
1098	4151
11	2519
1093	1461
2072	4775
970	4685
374	4580
3090	3154
2615	4120
1215	4766
1422	4463
1809	2625
3380	4857
1679	2506
3121	3995
2743	3736
2362	4144
1517	1727
3534	4156
2059	2216
3685	5145
1667	3390
2194	5021
3930	4743
22	1588
905	1884
1051	4336
2430	3455
896	3116
690	4662
452	573
1679	5084
92	4580
1679	3163
696	3495
3185	4787
938	2476
3453	4956
3884	4156
3905	4560
3745	4201
4201	4815
3139	4271
2041	4399
1909	4983
1923	4156
1527	4156
1859	2496
3100	3853
1108	4674
1679	3969
1537	4642
3230	3616
98	4105
1943	5161
1527	3739
1215	1560
1679	1686
651	1705
95	4070
3484	3536
83	272
1491	2775
3114	3864
580	3443
442	1710
1537	3047
362	1667
1884	3198
2370	4156
1023	1679
3713	4035
517	3612
322	3344
27	2909
4246	4311
656	731
1517	1537
313	4257
1864	2395
704	2569
1747	4819
1429	1465
1465	1537
2704	3669
1891	4482
2437	3074
2492	3488
952	3585
1527	4029
3518	4481
612	1265
1679	2249
4105	4867
121	2534
1679	2571
1679	2697
3056	4156
833	2048
172	1422
5062	5102
1004	2108
1063	1834
24	3116
2947	4342
4461	4526
1277	3382
3116	4570
823	4405
272	3824
1527	3231
1185	3944
611	958
1136	4247
313	1136
3116	3460
1552	3211
3116	3159
2904	4457
1679	3950
3905	4880
1722	2964
735	2490
3380	4165
1917	3662
1617	2835
797	4882
660	5153
2312	2774
4156	4529
120	1755
115	1628
1906	2692
35	4156
1946	4045
1402	2515
1034	4070
1727	2591
248	1617
100	4189
982	1056
1527	2560
1727	3100
4271	4734
177	1679
2071	3502
2398	4882
2818	5041
1187	3638
449	2040
1553	3202
92	440
935	2306
1560	4685
3367	3566
995	4184
2871	4876
3952	4010
154	946
563	4985
176	4621
2142	3056
269	1679
1549	2430
1812	4376
890	3810
1753	5153
2177	3888
4600	4863
2567	4273
2040	2307
1527	3108
2374	4402
859	4525
687	4951
1215	5151
2755	3121
3369	4636
2975	4231
269	1294
2036	4111
2080	2312
2798	3202
4863	4923
677	1135
78	1326
2832	3116
1372	1527
3439	4036
1679	3044
1513	2040
1619	5159
328	3581
4156	5062
3573	4202
866	4486
1215	1845
7	1746
722	1679
2801	3237
1505	2469
1679	3067
815	2105
92	4664
2763	3416
107	885
7	264
3860	4105
443	4598
2929	4156
4088	5079
2661	3202
1119	1692
1113	3724
1679	5007
3860	4086
4232	4631
1695	2347
5061	5161
1946	4580
778	1187
332	3488
1477	4417
2216	2582
2184	4968
1722	5142
1727	2417
614	4070
3999	4070
1422	3612
859	1286
757	850
662	4163
4711	5151
1987	5041
3054	4070
3969	4156
1553	1883
2247	3119
4728	4960
894	1061
2670	5083
1527	5129
2625	3185
338	3114
3231	4206
4859	5114
1481	5041
2502	2905
2460	3094
354	5028
1261	2049
2723	4405
1654	1721
1797	2185
1135	1722
526	2835
269	5090
3090	3116
495	1422
994	3116
2031	2476
1897	2051
4360	4841
964	2013
510	580
2582	3493
3505	4325
2909	4480
1094	3505
443	3100
648	4525
1665	2299
4588	5122
2409	4010
2190	4329
891	1679
313	3336
354	1260
2027	4301
1966	3116
3815	5085
1422	4903
2739	4879
580	1883
2224	4970
2060	4538
1510	3602
1094	3202
2687	4204
526	5026
1255	4156
680	4474
1185	4170
2627	4923
2835	4956
4105	4781
1679	2542
440	4804
649	1105
272	3993
3421	3952
3116	3457
618	2472
871	3322
670	5028
1789	4374
1537	4170
1255	4631
3555	4795
1679	4666
924	2374
168	5134
925	1503
2460	4698
2104	4775
3202	4943
214	3779
1003	3243
1028	2594
4156	4336
1679	4025
1028	4852
3566	3905
3493	3999
65	2496
918	5078
1789	3116
1028	1722
270	4369
288	4580
3122	3736
3121	3552
1094	2489
109	991
1727	4598
1623	4985
595	4131
2241	3864
401	4507
895	2648
4145	4960
1285	4455
100	3395
4165	5138
952	3333
649	1461
2341	3272
1113	3968
1683	4890
2598	4978
4156	4544
288	2406
137	618
553	1215
235	1185
914	4897
758	3319
495	1215
1180	1215
2927	3116
1527	3202
101	1938
3853	4246
269	2181
1255	4105
2863	3581
4517	5021
4156	4271
1679	3010
4202	4271
584	2216
1863	4461
1108	1722
2216	4395
1539	2796
325	2835
3837	4880
1679	3334
1966	2835
2490	4640
4003	4879
3116	4653
862	1183
1679	3103
1185	4467
2917	4601
92	4699
3552	4123
580	747
1527	1952
2956	3574
222	2775
1628	2838
879	1056
2048	4943
4538	4801
3419	4393
510	4972
3645	4156
1864	4645
2177	3988
4418	4819
1390	1679
4525	4711
35	3555
914	1662
1503	4525
3516	4120
3056	3121
92	2108
2490	2857
1119	3646
4174	4775
333	1844
1892	2492
1451	4642
1078	2360
2402	4896
36	3121
1176	4410
881	1679
1544	1679
3484	4529
622	1007
309	2584
2243	4154
55	2041
2814	4775
622	3198
354	1455
3193	4156
285	4880
711	1679
1034	2472
1215	4583
1888	4336
365	1422
1093	4905
1215	3888
2478	4925
961	1527
1534	4156
4294	4970
3606	4729
3860	4819
449	3839
1122	1510
2059	4156
1135	1923
1135	2246
1505	3105
2916	4961
2774	4206
3616	4110
718	991
302	1352
268	1765
867	1603
1527	2048
2227	4001
2437	5078
4105	4570
2020	3413
3441	4271
747	4045
3815	4525
1912	4874
1048	3357
1649	2410
1722	4202
255	2312
28	1679
1938	4775
2347	4775
241	773
1338	2166
337	1135
3272	4841
2283	4156
758	2477
35	270
982	3397
510	1377
580	3536
481	562
2241	3249
16	3774
914	2311
542	4201
1479	4151
823	3823
3056	4600
3237	4156
92	176
1692	3848
2701	2867
1679	3474
1679	2783
1114	2724
1751	4041
1884	3484
345	4653
123	1119
1215	4588
33	4144
2450	4156
4391	4728
2342	3602
3262	3528
1109	4376
3026	4775
1727	2489
2801	3564
1422	4580
1727	2055
1215	4591
601	4236
2384	3103
1936	2342
958	2951
3606	4558
862	5122
891	1662
2775	3116
1280	3188
937	3116
4889	5087
2171	3996
1465	3351
1215	2573
911	1737
271	1873
2216	4810
2495	4897
271	4580
50	2837
1903	4070
4631	4662
2316	3493
1433	5151
1394	1679
1533	1573
1108	2027
155	3910
2956	4693
4156	4844
1110	3568
1588	2661
1366	1679
302	1936
1565	1679
77	2374
1747	4529
2176	2763
2547	4156
1703	4723
1058	2472
2687	2835
2019	2222
690	2560
1581	3810
784	4525
1147	1742
3342	4452
2243	3121
2985	4271
354	3122
3892	4848
924	1185
27	3646
2567	4156
3202	5145
2965	4156
2224	5087
1623	4775
192	1527
1271	4831
2216	4487
139	1113
1058	2521
2504	4184
1552	2525
1503	2600
924	2835
4156	4991
248	2835
627	3552
1641	1668
970	2775
1798	4405
1679	1795
4001	4271
626	4775
43	172
308	1679
593	4399
1485	4156
1906	3061
3116	4502
3390	3705
420	879
911	2957
43	2216
1104	1679
1679	4173
747	2472
2525	2835
2530	2835
35	2406
4271	5027
580	1527
1437	2362
2798	4196
929	4258
1679	4402
978	2993
812	2051
4580	5122
2048	4045
43	1679
1878	4111
1749	2625
814	2072
746	4897
1679	3263
1665	5020
1679	2936
2437	3837
20	3162
347	2013
632	1681
214	2876
2704	4580
618	833
1635	3419
1113	4664
1766	4002
1287	4859
1671	4970
2395	3380
3237	3367
2905	3648
580	948
1113	3786
25	1221
1321	4105
1425	3285
4035	4600
3116	4408
1094	1680
1294	4046
1679	1930
4201	4402
929	4259
1061	3604
168	3742
4775	4789
4502	4735
192	2974
867	1883
2031	3435
2091	4156
823	3116
1692	3968
2515	4615
4325	4827
2020	3488
1503	4127
1679	2400
1185	2591
1679	4735
694	1695
3143	4156
1461	4840
842	4070
1359	4156
4525	4631
3930	4874
770	4156
4891	5061
2584	4294
1337	4202
924	3419
3840	4174
1778	3074
3528	4487
2013	2166
887	929
2568	4384
1553	3419
1679	4574
3107	4957
2716	4342
262	4853
3312	3509
4728	4750
1679	1690
1825	3750
552	4156
1255	2185
1215	2615
2292	3606
890	3602
1979	3114
855	2077
3078	4413
1692	4968
36	2567
1461	1856
4189	4502
1585	2142
730	3116
269	4831
16	3619
1414	4819
285	5028
2916	3685
1386	4642
870	1679
817	1844
1791	4145
3300	4271
1352	3496
1271	3161
1332	4827
107	4201
1549	4795
1058	4274
1727	4046
1710	2748
1176	3739
985	3754
2617	3495
2188	4721
1679	4739
2235	4621
1679	2525
2104	2625
1727	4493
214	2913
814	2312
3300	4859
120	1075
1422	3462
1443	1679
1692	4093
1445	1692
1780	3344
3300	3518
1930	3369
4480	5122
580	4943
743	4070
1679	2033
7	3116
1573	3895
2492	4474
230	1747
4165	4412
2798	4273
1834	4989
4006	4070
1680	4525
1834	2208
1486	3747
2658	3774
3116	3895
1527	4775
2952	3754
1034	4156
1739	4201
1429	3395
4163	5020
601	2241
1679	3975
1858	4118
4156	4943
22	1679
2113	4455
748	1723
639	3852
1215	3857
4105	4195
660	4105
3376	3505
1679	1743
3536	5105
553	3493
1800	1884
1679	2500
902	942
3512	4271
3810	4271
2658	4645
1679	3317
1679	4355
1527	4845
1537	4654
3044	3411
1585	3606
626	1726
1679	1800
238	3565
714	4095
2818	4271
1980	2735
622	988
1679	2109
3548	4045
4156	4463
332	2847
1108	4653
1113	4144
272	2898
1051	3400
1203	4798
2465	5041
727	4775
1028	2216
855	1973
1215	5147
867	3512
3086	4298
3810	4317
2930	4461
910	4458
1679	2055
71	964
2755	4325
2625	3054
1679	4395
3995	4525
3591	4156
866	3122
296	1365
3357	4156
580	1366
2104	2961
1287	4674
3690	4308
4314	4461
3408	4399
2443	3488
601	1411
1662	4201
2049	4391
1135	2798
788	3121
3289	3502
1461	3061
153	1727
670	2181
735	942
4156	5047
1553	3496
1105	3367
2014	2465
1679	2958
2584	4393
354	2617
3380	4131
1679	4279
289	4514
151	3439
2547	4631
2406	4350
2465	3930
3416	4580
3536	3988
2216	2725
1271	3361
3736	4998
3101	4621
1352	1686
1671	4353
349	868
1679	2607
1679	2911
296	3272
309	1422
413	5099
1215	3356
1679	4275
3552	5090
1686	4598
2835	4859
2057	3494
1451	2241
2110	4145
547	3198
898	1422
326	4156
526	3405
2051	3060
1527	5028
2917	4615
3380	4507
902	1705
1585	4416
100	925
1185	4097
4395	4871
2864	5062
25	1549
2142	2173
259	4775
4236	4560
1108	1774
3245	3300
1117	4750
1113	4339
1873	3853
2812	5153
1136	1665
274	4809
1679	1856
585	1119
553	2703
1830	3432
1671	3650
1028	1679
1113	5072
2335	3739
1409	4882
3536	3853
2312	3439
1852	3116
7	3302
1465	2936
1679	5122
689	1679
679	1679
877	4156
1055	5012
671	4145
65	867
1791	2887
4841	5072
417	4478
604	2342
721	3515
1489	2931
3528	4376
1392	1679
92	1774
1679	2892
2241	3116
1897	3116
3747	5065
1527	4032
1109	4943
3493	4145
911	4696
1662	2952
2108	2888
674	1113
3488	5038
3432	4525
757	4070
3116	3122
3107	3186
946	1553
739	1951
1248	1324
28	4030
3827	3984
4238	4775
1324	4184
2347	3486
4480	4639
134	413
333	3565
690	1674
2166	3493
1527	2194
788	3713
2582	4271
1433	4621
1746	3444
3911	4902
1679	3195
5038	5087
526	2834
1215	4675
1185	2835
1847	1893
2335	3444
1332	4728
914	2496
4339	4525
1873	2936
694	1580
41	2351
3326	4369
3056	4863
3457	3983
4393	4873
4773	4920
1679	2999
2625	4267
890	1147
2666	3505
696	1543
2342	4200
1679	2163
15	4458
1108	2792
788	1270
2014	3606
2184	3161
1679	4090
1727	4189
1692	4156
1215	1247
694	2530
351	2322
1710	3863
1148	3380
3795	4775
2489	4156
1501	4156
2417	4775
1721	3758
1537	3553
2489	4674
1527	2767
1671	4642
1679	5027
826	3116
1905	3300
374	2904
1679	2618
895	2055
322	2504
1433	3056
1527	3338
1148	3114
13	4271
1465	1527
1136	3560
663	2216
3860	4156
952	4862
3831	4156
2227	2521
3361	4831
1147	5085
471	1294
1492	4301
1635	4156
2627	4480
1679	2981
1662	5062
1883	3056
5142	5146
2254	4879
349	1679
1180	1377
107	2027
1287	1774
1679	2688
2265	4156
1549	2677
22	4474
1703	4819
1024	1679
3839	4105
2020	4664
272	3574
4480	4876
1905	1952
2216	4502
2110	4538
4002	4478
1591	4827
2312	3591
347	904
1539	3101
904	2185
4145	4889
1560	1747
1491	1727
1800	5040
176	319
1433	2224
2395	4170
92	3874
1109	1377
3116	3620
2775	3289
964	1679
1873	3581
3959	5083
1673	1710
696	4201
687	2414
272	1778
364	2835
1679	2420
1930	4211
988	4328
3441	4972
92	2456
3380	4413
770	3485
1559	2242
1370	3419
33	4880
838	1486
1679	3729
4196	4600
123	4775
1934	3116
1938	4376
4738	4795
994	4775
1747	4478
1553	4757
1565	3343
3612	4271
3444	3739
4353	4642
626	2625
517	1671
4273	4923
4105	5065
1692	2593
3677	4105
1113	4012
3988	4617
2985	5026
1386	1396
11	1513
139	3116
1527	5087
1028	3010
181	2913
1426	2829
177	3488
100	3421
2625	4512
1527	3105
1679	2831
833	1109
2627	4045
3437	4853
1679	4096
946	4766
923	1390
1465	4271
4631	4841
1615	1679
2706	3496
1107	2307
2627	4598
2420	4528
443	2755
1462	2706
697	5151
3114	4560
1628	1892
3262	4308
92	3213
1062	4702
1465	4268
970	1747
4039	4329
1641	3319
1135	4196
4415	4478
1573	4819
698	2752
1028	1185
4156	4873
1001	4702
3573	4480
1094	2177
2625	4174
1679	4481
193	3736
2041	2775
400	687
3344	5144
1402	4461
2496	3685
922	1527
1108	3344
4201	5070
3116	3867
2957	3116
2210	4105
1224	4156
3322	4001
3685	4669
1679	2362
4478	4529
891	3317
3995	4045
354	1251
340	1680
1422	4394
3116	4949
283	4750
983	4271
1034	4274
926	3231
3900	4395
1492	1797
2692	4156
913	2934
3408	4156
1742	3226
2615	5040
3453	5035
2057	2818
3380	3870
109	1549
2049	4542
1679	1916
1679	4043
1422	2456
2317	4308
1215	3163
973	1404
593	4088
802	1679
1800	3536
3190	4723
1828	3209
271	5122
926	1527
309	5087
1639	2888
3581	3850
2013	3829
123	3116
1485	2687
1062	1705
593	3512
1215	3100
1396	4854
1679	3212
1766	4907
1679	4332
1603	4088
1679	3567
746	4766
3784	3920
1135	4873
570	1679
855	3116
2835	3105
1517	4775
3829	5062
1121	4819
338	4880
2476	2615
1294	4562
1679	2871
1161	2492
704	4184
1034	5114
1747	3536
2775	3853
2476	3320
2489	5062
1286	3419
1058	4889
922	1496
2598	3382
58	4889
1461	3395
351	3116
1687	1747
970	4631
174	4348
1119	1573
1135	4399
16	2706
22	4120
1679	3996
4070	4170
421	2299
1692	5085
910	5153
2240	3848
1010	1679
1115	1834
2525	3211
2316	2460
1324	3198
1854	3116
349	1926
1679	5086
618	4598
833	4196
2146	2342
4863	5008
1043	1061
1679	4210
299	710
100	2864
1527	4739
2312	2530
1527	2924
1679	4131
1293	4542
4933	5069
4271	4972
1108	4156
1527	3947
322	1537
926	4841
123	510
651	3361
1912	2370
3300	4045
2490	4360
111	1527
2254	3116
1339	3547
309	1747
942	3202
1883	3988
121	4105
2617	3161
4463	4580
255	535
2361	4207
929	1686
3116	4699
2519	3827
264	925
2843	3650
925	4362
2414	4208
1890	2216
904	4156
1930	5084
1679	4416
1108	3536
2216	4198
3581	3736
2159	4177
1003	3589
1180	4035
710	3853
269	2214
2495	5062
1433	3382
270	4336
7	4617
1465	4480
92	1225
1085	4907
1061	4631
1883	4863
680	2322
958	1108
870	2617
337	1692
1527	3606
1036	3696
3025	3116
3528	4735
1513	1679
2728	4271
501	3116
100	4097
1679	4163
1549	2887
142	1979
1032	3565
2502	3442
1679	4037
440	2108
401	4789
1603	5153
1726	2534
1058	1094
2360	4156
2900	5062
3202	4923
1248	5026
547	1324
1679	3139
1909	1993
632	4514
2169	3300
679	1527
3247	4201
3840	4311
284	1873
581	3602
1726	3054
739	2124
757	1791
587	1215
914	3685
2216	4087
2625	4493
2495	2924
1527	3931
1679	4979
1585	1878
3469	4301
2598	2720
401	2648
107	4874
1912	3116
309	4615
230	975
1527	3536
111	4325
1679	3434
214	2506
3114	4880
651	4328
1215	3839
3441	4156
821	4156
1686	4200
859	2268
890	1617
2725	3116
1633	4787
2904	4580
2156	4311
682	3623
1215	3591
2835	4729
1503	2476
3604	4405
1251	4907
946	3758
1243	3107
1461	2692
2798	4393
3534	4525
879	4096
1527	2755
2142	3512
2515	3758
2476	2723
1218	3116
3026	4827
2934	3174
1679	2509
3944	4435
991	1966
1036	1108
3589	4985
1721	4064
4640	4701
593	2798
1993	3421
3988	5079
1352	2360
3750	4156
4156	4525
3011	3892
1260	2714
2569	4517
1183	4669
1753	4631
833	4111
1797	4301
3116	4232
1135	3202
1616	1679
1892	3488
1061	2343
2051	3488
3162	4145
101	4308
247	2322
3380	4808
2437	3061
687	1953
2142	3853
2049	4874
1679	3493
645	2924
923	3344
4399	4480
903	3926
36	1710
651	4386
2460	2593
2177	4711
895	4775
133	4882
746	2496
1864	4165
2900	3536
1067	1215
2335	4156
1665	2460
100	4130
604	929
1063	1679
2506	3114
123	3162
3116	4308
3538	3658
3774	4342
1135	2176
2342	4879
493	1119
2460	2710
991	4576
3367	3385
3105	3344
601	3920
1423	2798
272	4702
2496	3382
1887	4105
501	4798
1618	2675
1217	1679
1721	2684
2569	3114
2798	5008
259	4478
2775	3573
1058	3300
1504	3044
3369	3493
3358	4631
2216	3999
758	1848
1094	3619
1951	3116
471	2661
1906	5078
648	4391
2242	2450
1176	1859
1549	2210
2169	2177
3225	3646
2171	4017
978	3116
757	1873
2465	4729
4156	5138
285	2863
3804	4070
1537	3366
1670	1878
1105	1787
111	3376
1438	4725
272	362
1633	3105
67	4045
2625	5016
442	904
973	2347
442	4418
2794	3839
1527	4478
945	1679
1549	4989
401	4413
4336	4577
571	1041
2160	4674
730	3895
442	3185
2014	2803
2361	2755
2714	5148
4156	4401
2055	4775
176	1679
1185	4095
101	2704
1679	3916
4235	5134
271	2049
1032	1243
867	2173
2190	4070
1477	1881
33	3114
461	3116
1113	4110
1689	4156
758	3589
2617	3544
3151	4775
134	4481
444	3188
285	1765
1980	4259
340	3505
1438	3481
1662	3685
1	1679
1443	4775
964	5087
2627	3202
833	1679
3518	4674
1870	3211
192	3685
1338	2041
1679	3209
942	1674
1553	2755
3959	4070
581	2040
618	1862
670	1679
1028	4598
2496	4897
5072	5151
67	2774
4201	4397
2177	4598
2041	2530
544	1692
476	4111
1679	3326
4845	4889
1953	4294
1573	5085
451	2420
1841	2374
101	3116
1215	3416
3488	4721
1666	4041
3056	5034
401	452
2216	3250
2185	2888
1726	1826
2839	4156
2835	4538
1046	1679
452	1041
542	4156
1863	3916
1848	3589
746	2249
1094	1424
270	357
366	1215
1679	1726
3864	5146
648	902
687	2224
1360	1527
975	2706
854	5055
1085	1503
2504	3920
2416	3116
1135	2142
609	1727
2735	4200
4156	4446
1147	5030
2858	3237
1344	2931
4163	4725
1215	5144
1178	1215
2312	3988
4775	5083
833	2041
1679	2374
677	4156
609	3619
3116	3189
1041	1710
3116	3975
1774	3234
2755	4197
1980	4156
924	3003
374	2703
696	4478
1679	4298
3754	3864
760	4105
788	3580
1603	1679
1673	3646
1251	2268
2934	3808
176	230
570	1392
881	3470
3397	4901
3116	4866
3100	4326
1873	4879
7	3810
4151	4350
1679	4479
698	2823
2472	5089
1560	3810
740	4156
3254	4156
521	1679
867	5008
115	1051
67	2027
1527	4095
4271	4728
1679	3853
698	3747
1679	2086
2547	3650
2389	3705
1180	2627
2343	4391
833	3121
451	3076
1679	1881
704	1722
1633	3185
459	4156
866	5061
677	4271
2373	3116
4196	4271
1679	2059
1537	2626
704	4064
660	1542
918	4236
3920	4631
4103	5061
1270	3419
4801	5062
2057	2947
1679	1818
1136	4355
124	1294
3105	3317
2216	2670
376	1679
1049	1516
738	3116
1549	1649
247	1147
833	3202
420	4901
2703	3116
976	4105
2048	3688
2796	4580
2033	4156
1603	2818
2027	4598
2080	3235
421	3538
2821	4156
2374	3361
2190	3116
4105	4199
313	3644
833	3289
1951	4201
961	1692
687	1737
2142	4674
3174	4514
1503	3920
1163	4105
862	1491
1710	4729
1686	1936
688	1666
1679	2720
1215	1687
651	2051
3116	4392
2124	3581
748	5078
2838	3548
269	647
3736	3848
22	325
1113	5063
526	4819
269	4051
1679	3728
25	2000
1679	3652
925	1667
728	1585
4361	4376
1982	4187
7	3881
1492	4819
1549	4151
2627	4876
1987	4772
1094	4410
911	4349
1537	4529
1549	3247
948	1930
82	4156
1679	4920
4520	4653
898	3496
3367	4064
351	3686
3382	3416
1051	1215
881	3225
975	1113
33	3754
4271	4841
1135	3512
1180	1603
601	3747
2491	3367
2755	3995
7	2430
4067	4615
176	3331
3455	4321
421	4640
1753	4674
181	5090
349	4514
663	1679
1461	1872
3999	4841
2174	2801
1172	4156
1727	4544
2249	4775
1679	3606
1573	1912
3747	4600
3116	4545
1679	3658
3620	4525
2040	2222
238	2040
3116	3163
3573	4271
844	2124
3000	4775
111	4156
3758	4105
854	4831
2353	4775
1061	3493
3750	4580
3105	3116
1679	2711
2469	4474
702	1679
581	2466
926	3713
2276	4206
790	1679
3512	3988
1005	1679
1679	3696
1705	2963
372	2625
313	2568
687	1780
4207	4525
1481	3380
812	3782
1010	2108
1038	1352
1666	3840
2985	3435
238	1147
2184	2374
3116	3351
41	3116
247	694
2547	4598
1710	2752
36	1553
680	1549
1750	4487
2617	4401
2347	4525
100	3439
2361	3736
1881	2625
35	4336
2136	3116
946	1654
910	2216
680	1308
123	2361
1727	5038
2143	3605
728	3116
3188	4525
388	1527
1722	2569
309	4036
302	1679
67	4301
3538	3923
1684	1704
262	1113
3237	4182
2048	4325
1679	5107
1051	1655
2471	2835
1679	1938
4311	5087
601	3905
1656	2801
1460	5097
1386	4561
261	1185
562	4156
601	3322
1085	2684
991	3840
3152	5009
1024	3516
1185	2417
1954	3439
3100	3502
2770	4206
1292	4350
2963	4328
2216	4493
3824	5126
4131	4321
2803	4202
1527	3025
2142	4035
3853	4326
2858	3840
2519	2598
27	983
1897	2742
1812	2241
946	3685
107	4162
1673	1755
1549	3244
3300	4156
633	1038
1176	2947
1938	2853
3116	3263
942	4841
202	4267
1665	3884
616	1504
747	1679
3597	4070
4012	4350
1692	3400
1338	2835
2625	3646
2031	4156
1433	2834
904	2625
120	4156
4196	4863
1679	3932
3182	3848
3116	4933
366	1679
374	1679
612	4693
1119	3317
648	1119
826	1513
16	4156
2947	4095
645	3026
1679	4170
2560	4070
2234	2241
4557	4902
1243	4957
2687	2957
1679	4308
823	2723
1679	3730
452	891
1679	3795
2214	5020
2055	4376
1645	2525
1679	3651
7	2306
43	3369
3747	4151
1344	2216
299	3853
2342	2735
440	3116
2924	4048
3591	4876
477	5107
748	4236
833	4943
1679	4055
1302	1774
92	4886
4125	4179
1686	4156
2235	3412
3376	3995
646	3116
580	2775
1679	4444
2661	2798
3004	5078
202	495
2748	4105
757	1727
4095	4961
443	1505
241	285
4045	4863
357	1119
1951	2835
2176	5008
1094	3056
41	868
1338	1710
3435	4819
890	4538
3611	4502
4273	4480
2519	2835
4012	5149
1256	3455
2547	5041
1774	2342
270	5038
100	399
3098	4095
3067	4301
3069	4775
1722	5083
7	687
1537	2569
1747	2216
1049	1679
201	823
1679	2285
3369	4112
3116	4393
1692	5099
2728	4775
1679	2904
579	1727
1710	4418
994	2506
1423	3685
3553	4156
978	1215
687	1527
1679	3130
587	4525
2656	2697
832	887
2026	3116
1433	4376
1486	4729
1870	4069
1533	2796
7	3739
579	2234
33	3905
970	1037
567	1873
299	3988
3380	4496
4271	5079
2216	2495
270	1934
1147	3895
2312	3853
2460	4163
3116	5028
1340	4051
3321	4156
137	1527
1063	2026
560	2074
2893	4775
1465	5003
2801	4156
7	151
3357	4111
7	4525
2051	2360
1537	3959
1279	3116
1773	4105
1527	3810
1642	2177
3494	3536
1679	1923
1818	2961
7	1113
2406	3646
4601	5087
2961	3099
1360	2591
4156	4863
1666	3953
284	4145
2166	4515
1248	5017
4674	5034
22	1911
2027	3518
2521	4478
1679	5151
3467	4631
2221	2299
3930	4729
2504	3496
1679	4675
272	4478
224	485
571	1215
3895	4525
855	4478
3116	4402
2801	3536
1560	3705
222	4841
2569	4064
478	3488
1919	3380
694	4998
176	4362
1679	4036
1377	4827
1747	1847
609	2898
3860	4533
1603	2803
162	3516
652	4989
309	5072
134	2027
2835	4598
675	2047
2246	4598
55	4863
1119	2743
1679	3920
1215	2687
981	1122
2975	3999
1147	2110
1665	2312
22	696
660	4412
1905	3685
1893	2312
3758	4841
1743	3116
2105	4480
1135	4923
2775	3300
2755	3984
238	738
694	4156
1277	4350
224	2837
2861	4097
106	2805
299	3121
547	4406
1527	2714
101	1491
2829	4369
694	5126
2311	3366
905	1797
1421	3439
1094	3853
1251	3116
192	833
593	4841
4208	4775
1648	3116
3888	4156
260	903
4156	4983
1122	1905
3061	3837
1372	5035
92	3408
1371	2752
1110	4376
2812	2934
123	2755
192	620
4104	4775
440	2049
1679	2472
2495	3344
2534	4201
2900	4156
3116	4536
1679	4824
3536	4156
2803	4480
4145	4576
2716	4775
3272	4598
833	4863
1375	1679
3344	4500
3322	4274
1573	1657
20	2569
952	3688
35	2835
3672	4070
1603	3441
2775	4271
926	4960
272	4108
1413	3623
3004	3837
746	4728
3344	4949
4480	5039
7	192
2216	3808
269	421
3116	3432
4156	5153
3302	4069
580	1451
2826	3602
24	647
714	3454
943	3361
1537	4876
2582	3829
1549	5032
2861	4326
4729	4775
2495	2515
2159	3092
36	3736
1096	1191
3555	4206
3528	4163
2420	3739
579	2362
1710	4502
1527	2818
901	5087
735	5145
3139	4156
3116	3923
4580	4841
1267	3116
4457	4702
1386	4393
1215	1365
119	5107
1063	4070
1679	3999
1215	4243
788	4480
3236	4840
580	2521
1549	2573
943	1660
1423	1883
867	2952
72	1109
25	3881
501	2837
3536	5129
177	1873
100	4876
1215	1703
2798	4923
1201	1679
4129	4795
2312	3677
2406	4557
366	1646
957	1679
1136	4640
690	2110
3056	3492
281	1215
4544	4775
326	3606
452	4435
156	4105
1633	2185
2058	4105
3380	4402
817	2288
1679	3094
436	3116
687	1687
655	1256
192	964
1543	2216
690	963
1679	4169
3513	3663
609	4156
833	1377
2835	3536
743	1692
1726	4174
1679	1831
978	2341
139	1527
1917	4163
27	50
1727	3514
1679	4457
2188	3442
1679	4325
902	1951
2864	3810
585	1617
1032	2299
797	1527
444	3536
241	1215
142	4863
1187	2308
92	4030
4775	5127
896	3490
1743	4525
1270	2242
2460	3638
4129	4857
1926	4890
100	1710
35	2216
855	2176
75	1665
573	1884
3444	4144
970	3026
1710	4708
1679	4160
652	1367
1753	3056
3004	3620
1041	4970
1215	2582
92	374
1180	3580
476	4923
1030	4350
244	3635
7	1527
2688	4756
340	510
1679	4617
101	2486
2543	4105
1704	1710
611	2216
970	1067
573	5134
1774	3990
495	2573
401	4664
4631	5107
618	4827
963	2973
1679	3331
1267	2582
192	1721
4035	4097
476	3419
272	4857
1121	1679
1215	1388
4615	5072
3380	4664
820	3810
704	2409
1367	3701
1042	3892
27	1455
1617	4897
3105	4631
694	2290
1461	3659
947	4132
963	3602
722	3101
75	2546
1727	3959
2627	4399
4170	4201
3116	3336
168	1324
401	1386
1872	4064
3026	4455
887	2360
2930	3319
3190	4271
1185	1830
1617	4156
2216	3944
2959	4902
2175	3419
1710	3853
1641	2181
1105	3845
3367	5078
325	1679
2166	4601
28	3555
1041	1704
2342	4526
4035	4480
1398	4882
244	1679
1505	3723
3116	4112
1390	2973
1531	5035
3026	4301
92	3098
92	4747
1246	4012
2560	4525
2137	3262
611	1946
740	4070
2216	4046
1432	1504
3825	4156
1679	3151
2222	2625
982	4153
2234	2625
3367	4905
285	4580
1180	3121
548	1679
499	2383
1743	4841
1679	5048
1679	4069
247	3161
3030	4173
453	2704
238	2714
7	2202
1679	1774
440	4231
1679	5001
3995	4923
833	3496
230	1666
862	3686
1679	3441
1780	4415
694	4729
1727	2930
3209	3431
288	1667
3685	4642
1461	3237
3237	3837
739	963
2835	3646
3116	3250
2406	3911
3632	4105
983	1527
441	1527
349	2598
2347	2465
1122	3417
735	3361
626	1108
151	1687
1679	4106
570	1703
1670	2798
2299	3839
2108	2593
2185	4819
3235	4211
1050	1679
3747	4321
1667	3434
3395	4038
3114	4182
2243	2347
681	4156
1203	2163
322	4048
4163	4486
2796	3493
1147	1580
1987	4879
4598	4852
3413	3653
2898	2904
1113	3338
3484	4461
622	2985
2829	4129
4029	4775
340	4480
650	4376
1108	3853
2166	4521
2893	3688
7	2347
3400	3496
2364	3764
1670	2176
248	1248
4268	4721
1679	2159
1180	4972
1876	4165
2177	3116
2420	3395
1424	3400
4156	4866
1215	2490
2502	2975
509	2547
25	4538
1402	4045
650	2216
1912	2465
1954	4156
2835	3602
313	449
1527	3390
3385	4560
675	3343
106	3552
965	3555
758	3116
1465	4575
1324	4406
1585	4874
1543	2625
898	1679
1747	2501
1113	2551
1679	1722
1108	1940
2691	3116
33	748
1717	3161
2370	4798
1505	3272
4156	4393
192	4395
991	3139
1119	3815
326	4874
1623	2837
5008	5062
1445	1537
4580	5126
2703	3669
2775	4598
2495	3685
248	905
1076	3086
1527	3589
3345	4156
879	3060
1533	1679
3774	4365
3376	3580
1903	4201
3344	3987
2924	3739
3589	4943
1108	3457
444	1465
1847	3536
1588	3580
35	1649
2169	4492
4584	5040
1477	4156
833	3724
444	1727
1747	4045
3515	3602
694	1091
970	2835
2180	5158
2835	5085
2803	3988
1215	2845
1201	4258
1115	5144
1878	3920
1061	2048
2027	2985
7	322
1158	4105
1348	3739
867	2142
3202	4045
913	1527
1615	4639
1926	2476
1293	2834
230	1912
2812	3067
1422	4919
1477	4702
2858	3864
1679	3306
2049	4723
4088	4156
1037	3435
2174	3564
1188	2654
1248	4775
2847	4631
1673	2312
2362	3522
973	1491
4775	4841
309	2917
501	1641
1679	1852
449	5159
1619	2384
721	4105
1679	2728
842	1320
1429	2656
248	4759
3441	4111
272	1919
1747	3682
3984	4161
1215	1797
235	548
1798	4702
985	3564
1679	3237
3380	4960
2835	2838
426	3116
2249	4271
36	4271
3235	3536
1567	3747
1679	5146
948	3696
601	4880
1063	1215
3845	5028
1679	2839
1185	2812
517	3678
4184	4507
1188	3395
2615	4350
28	3098
43	5084
1135	4326
1975	4525
65	3272
2469	3302
2704	2901
970	1777
2219	2361
272	2796
2858	3754
4863	5079
507	4640
1432	3528
134	3518
2704	3852
1279	1527
1221	1679
111	4827
710	4600
1872	4236
1215	3950
1469	1679
2561	3116
364	4880
3225	3723
55	867
580	710
1135	3189
2343	2658
1215	3944
2216	3339
579	4819
286	3437
1671	4787
1113	4580
3968	4871
1180	1537
1641	4105
1662	1692
1747	4525
5051	5087
1113	2336
1085	4350
925	5114
2268	2324
4507	4561
1271	3421
2188	4105
20	2752
336	2190
2020	3493
357	3453
983	1825
451	3380
3605	4723
958	4685
3116	4520
1339	1679
2892	4156
1905	3289
1277	1679
1618	4156
1709	2480
3081	3602
3995	4480
1679	3009
174	1543
2482	3488
1061	3324
248	4787
1108	1337
2835	3435
3116	3481
3300	4001
1113	2259
1188	4978
877	1003
3598	5012
517	2726
3300	4151
2671	3457
347	1671
440	1615
153	4514
1774	5008
1679	5062
413	1549
1262	1891
3419	4819
1692	3317
3505	4480
43	4480
1048	1679
4525	4772
2353	4819
905	3568
1876	4492
2887	3432
3581	4664
7	4500
1960	4165
675	4879
1679	4270
4156	4725
1494	1746
2666	2798
867	1553
2582	4329
288	4070
1726	3067
680	1312
1876	4702
2338	2561
381	3116
56	4775
1553	1680
1215	2658
1679	4002
177	2905
2755	4598
3754	4897
4314	4478
1344	4271
1051	5035
272	2014
553	2272
926	4300
1094	4674
728	3606
1203	3589
1527	2708
1559	1674
2218	3116
1037	4841
1341	4882
694	2389
352	3026
3686	4423
1654	2952
904	4819
1527	3000
71	2342
2478	4105
2181	4985
4105	4891
738	1679
3237	3864
1710	5087
526	2031
2625	3993
961	1674
3116	4066
1679	2234
866	4831
2490	2835
3116	4238
2312	4461
515	1679
1544	4882
553	4030
2591	4295
866	5139
2064	4036
1679	3678
1215	3380
1628	3026
1125	1679
1679	3591
1655	4406
1051	2871
2593	3116
1215	4321
1705	1858
3474	4156
3612	3851
1108	4606
15	3116
3608	4069
1863	3827
1215	1303
833	1135
1344	4525
1243	3884
1215	1553
1255	2476
1293	2723
2661	3589
3488	4901
202	2216
2625	3067
823	3713
211	4201
1679	3731
2714	3421
2361	3602
651	4106
1270	4105
3344	4529
1398	4365
78	3116
3211	4350
230	1527
2703	3444
1692	4729
2711	3930
2593	3611
1560	4601
176	451
413	1966
67	2835
2098	4105
35	2411
4544	4819
1527	4674
2675	3012
1727	3932
1560	3405
2584	3536
898	1108
2573	3982
255	2685
2668	4271
1215	3959
453	1537
674	4105
811	2704
1336	1727
687	2216
265	5042
3247	4105
3853	4271
2378	3827
214	2159
337	4254
3116	5086
964	3185
2221	5020
2005	4545
697	2917
988	1858
1679	2317
2947	3908
1537	5028
3395	3716
2000	2625
553	4848
1527	3580
144	3402
1215	3101
3754	4410
807	4620
1727	4876
662	1897
4897	4905
2244	2934
3161	3538
759	2216
2486	2490
2507	4486
1868	3492
2985	4819
947	4088
309	697
3469	3851
302	3782
285	1061
1674	2242
1679	4877
3405	5026
1755	3857
2893	3808
698	2216
2370	3574
272	4461
2569	4943
20	162
299	3419
3528	4775
1859	4376
1834	2829
100	4402
859	4575
970	4787
1527	1603
3860	4418
1078	4200
4361	4867
2395	4131
340	4156
1422	2202
1679	4104
230	1437
823	4631
2105	3026
269	675
3505	4156
3984	4271
877	881
510	1680
735	4624
1108	4035
1428	2342
877	2450
154	2515
1215	2469
1037	3810
33	2027
2547	4907
4163	4502
4415	4529
1377	2775
924	4478
2214	2299
2014	4729
1527	2112
3116	4207
3116	4985
3837	5146
1617	4145
4156	5077
2952	3116
1856	2241
914	3754
92	3400
925	1679
1800	3484
1270	3580
1873	4301
2360	4200
349	3871
2361	4871
1979	4192
75	3116
43	517
1203	3116
4022	4070
3026	4620
2569	3367
1679	4453
2864	4525
797	1679
452	4271
991	2417
2174	3385
1679	2952
914	1147
1286	5079
1034	2489
569	2362
3116	4345
4949	5062
2241	3004
580	4378
1438	2181
1802	4156
1679	4545
192	3025
867	1338
3116	3750
910	1727
1108	3419
4105	4261
1679	4575
146	4156
1679	2409
41	1926
1892	2838
1270	2708
1923	3121
1930	3696
866	983
4012	4486
4273	4674
33	4131
1060	1679
3116	3320
511	4338
3493	3853
2342	2360
2047	3565
963	3116
2794	3361
1451	1703
1553	4197
690	4156
2865	4156
1185	1544
1684	4235
2701	4621
4775	5110
648	1248
877	1185
747	4600
452	5134
1617	2290
1692	3353
1679	4757
1460	3602
3705	5040
2342	3493
1954	4538
1108	1679
1726	3165
107	477
2216	3004
1270	3121
3056	4132
593	4863
2312	5008
3573	4923
1215	3774
855	4399
4525	4970
1108	2570
1270	2216
2347	3116
162	757
3988	4876
773	3747
3317	4254
3107	3481
925	3390
1679	1918
2716	4841
368	3581
3237	4880
281	1527
890	2973
313	1513
5088	5098
1003	4086
1375	4765
1060	2370
651	2594
1777	3382
584	1692
547	1710
4070	4675
1135	1180
2322	3226
4035	4271
948	2726
1404	1742
4728	4791
1294	4105
571	935
36	2142
2570	2704
262	1516
2398	4201
2214	2625
601	985
65	914
2395	4461
3496	4943
833	2227
587	1679
3101	4169
728	4841
123	1617
1553	3376
28	4876
95	4156
21	1084
663	5151
4024	4674
1076	1527
1662	4897
1116	1679
2322	3944
1643	4775
1549	3003
4480	5008
571	2525
2246	3581
2654	3488
3757	4493
260	3783
3116	3651
36	1687
61	4156
1108	5034
2142	4273
3678	4819
2152	4274
1185	3565
1646	1679
1085	4642
1156	2993
1215	3237
1052	1679
3114	3905
748	3837
111	1215
579	1527
1185	1873
1673	4095
1423	3056
1679	3355
1548	2706
3419	3589
2858	3435
3010	3116
828	1371
855	1302
691	3380
821	1679
2216	4402
1679	1777
16	1267
970	2985
365	1527
2216	5102
2048	4827
1679	2217
1722	4410
1422	4628
1422	4474
1670	2142
1465	3300
1623	3481
2569	5146
1679	3608
1107	2311
1527	3730
1859	2905
649	3114
1215	1901
309	3302
2615	4156
4393	4600
1883	4624
222	4295
1603	3408
151	3116
1654	4561
1147	2347
2312	3781
2108	3192
1679	1992
490	1518
1549	4358
1763	3116
1286	1553
4361	4621
925	4417
3704	4702
3627	4156
1527	1560
3810	4876
1302	4879
3382	4311
1681	3262
454	2312
1294	2214
2335	3999
3344	3619
1505	4170
970	1679
3380	3405
3380	4743
3742	4406
1176	3190
515	1527
652	2560
1105	4064
579	2216
1533	3493
687	3825
1692	2361
1533	1695
3116	3493
2342	4702
3202	4196
4036	4601
1271	3629
168	3198
1560	3105
1386	5062
1255	1797
958	4201
833	4972
2362	4863
3322	4859
2014	5149
7	5102
151	4045
3769	3840
1679	2443
1679	2240
1872	3367
3536	4162
2670	3116
3614	3881
451	4169
812	4598
2476	4662
855	1883
1844	5020
2312	4675
1679	4266
2661	4326
1464	1537
3453	4336
22	2561
2835	4486
2312	2353
1753	3750
2692	3061
2104	3116
4105	4826
2492	3116
1215	3455
222	2985
929	4200
1036	4211
1679	4488
3512	4301
639	4525
4156	4624
4156	4507
1119	3840
1679	4648
833	1603
1261	3623
1679	3270
609	2216
3995	4271
3116	4797
1679	2039
7	65
1766	2704
2031	4245
354	3421
2905	3366
2739	4030
1007	1705
4169	4585
107	351
947	4795
1371	2724
3225	3243
1513	3205
1986	4266
3995	4393
1775	3419
1056	1172
1679	1980
1679	1912
902	988
2272	3492
1135	4876
1710	3745
1505	4169
2489	4274
1543	4278
376	3536
1527	1953
1834	4945
2864	3581
349	2341
3000	4250
1905	3116
890	2471
284	5027
25	4023
833	2627
2039	2177
1679	2268
879	982
1905	3382
2216	3597
1679	2961
3116	3614
248	3116
3116	4600
1251	1277
1679	2414
1302	2142
1666	2216
807	1527
1041	4156
539	1172
675	5099
2227	3724
4036	4711
3810	4048
898	1617
833	4827
2027	4819
1642	4525
1825	2108
442	4156
4588	4989
4920	5040
501	3589
3116	4817
2177	4600
728	5030
1679	3358
660	4246
4873	4972
2409	4525
1667	4635
28	580
4156	4519
3211	5087
372	1067
92	1665
2227	3289
270	1110
1320	3545
452	1684
1034	3289
1883	3121
3482	4105
1510	3116
20	648
2501	4939
92	1742
7	1533
2013	3851
2755	3724
571	1951
230	3116
1679	3571
2409	4496
1501	2216
1108	1614
1078	1679
3026	3413
2864	4538
1035	4156
1108	4132
50	3862
1294	3565
1679	3496
476	2775
2476	4144
3663	4156
2241	4064
2617	4968
41	788
891	2124
2443	4156
679	4775
2490	3824
991	1679
1261	2506
1873	4695
2026	4542
421	1844
1085	4857
1098	2671
2246	2798
1679	4607
3367	3864
2188	2471
913	2905
1679	1964
746	2495
281	1113
1856	3114
1187	4163
1105	3183
2703	4580
1746	1938
651	3615
2892	3343
1692	1825
2525	3646
1113	3453
797	2166
452	4406
1864	2658
1679	2047
421	1619
92	2835
1679	4089
4294	5072
7	2023
1324	1684
1136	1679
230	4170
1424	1727
1679	3857
738	4459
559	1679
4156	4827
526	3435
2798	4943
1603	4972
904	1248
142	1727
3515	4308
3750	4538
222	4711
3739	4279
1953	4045
1041	3742
103	255
252	1460
1108	2892
1409	1679
1690	3605
454	1679
988	3116
214	3025
2798	4156
357	1679
2169	4246
2775	3496
1135	3419
833	1215
3505	4196
3486	5085
1527	4227
2041	3417
1035	4090
1603	4943
1949	2961
134	1679
313	749
3143	3455
313	333
1884	4970
2835	4601
1492	2185
2159	2593
3116	4889
4653	4957
1948	4631
4325	4399
2353	2492
1366	3536
2440	3202
4775	5152
272	1527
7	5107
1553	3441
1778	2823
4615	5151
3161	3629
4002	4702
2871	4956
3742	4819
33	1215
1679	2758
985	2174
144	1679
1512	4621
7	4295
1956	4105
4112	4156
4395	5083
65	3758
1908	4086
1243	1763
1687	3536
2241	3568
1617	4525
1553	2173
2336	3685
193	2887
2755	4202
3105	5047
2108	4634
153	4511
3116	3486
1679	4662
123	4747
1679	4452
797	1113
2312	3612
1617	3486
1113	4467
1320	2466
1438	4798
2591	3300
1341	2704
2490	5126
2471	2525
1167	2427
2584	4615
4493	4923
272	1505
1705	4417
92	2593
98	2900
1541	4156
3398	3439
580	3580
1633	1679
3114	3385
1338	3300
2410	5114
2246	4480
1109	3995
1954	3116
476	1094
801	1679
1108	1402
3105	3484
2798	3056
1686	2051
510	3202
2723	3116
53	2934
92	3952
1492	1560
832	1679
2051	3810
791	4156
1377	3419
2615	4245
748	1505
1293	1662
942	2476
3568	4970
817	1679
1987	3739
452	1259
247	1692
35	1655
1679	3116
2706	2743
833	4156
2496	2952
1534	4036
1680	3717
964	2185
1288	4750
1679	4601
1119	2290
2049	4580
914	2684
272	1630
1679	2706
7	1853
1679	1975
107	284
284	1527
443	4035
2625	3107
3231	3663
1527	2973
1679	4415
1061	5145
3408	4480
2013	2845
1617	4970
570	3435
1749	4775
698	4177
961	4271
881	1559
1873	3004
626	1710
1034	4859
1903	2216
4525	4708
313	3080
1641	3116
2048	3580
859	3441
3476	4012
1094	2640
999	3380
3988	4757
1286	2142
4006	4105
1537	1697
1294	2661
970	4819
855	3011
964	3736
1873	4184
41	2598
1588	4184
1710	5134
302	2735
2040	3103
896	1679
859	4943
36	3853
1396	4775
2013	4787
288	1727
1834	3547
1061	3908
579	4070
174	2615
1527	3987
3231	4271
1348	4321
357	4775
1844	2159
1332	4631
320	4179
3591	4301
973	4970
36	4156
1722	5087
1704	4235
1549	2163
413	2947
3318	4156
895	2246
1461	5078
55	2798
366	3493
1527	5103
1654	4897
2224	4615
2835	5016
580	2395
1215	1800
1422	4821
4105	4210
1687	2985
2661	4500
4156	4666
1619	1844
1679	2549
891	1485
4257	4580
230	3565
3398	4621
587	1527
241	2501
1549	1852
4775	5017
722	1667
1679	4024
1746	3003
735	1109
2534	2656
224	1848
1780	2101
728	2216
2803	3300
2027	3512
2312	4478
3116	4131
429	2661
4156	4294
3163	3750
982	4156
2812	4156
1108	4880
4271	4873
1667	4457
1479	2829
2409	4463
1679	4110
694	1912
28	1396
477	4882
3649	4467
1260	2110
862	973
476	3300
697	4601
1475	1679
643	1679
1553	3505
3116	4354
555	3619
1639	2478
2177	4035
580	4923
1097	1679
911	4525
1747	4461
2159	3534
1905	3853
284	2582
773	2406
2625	3810
1873	4046
214	2593
269	1215
3116	3585
2829	4738
1740	2492
1109	3580
1834	5122
1726	4097
854	4156
4105	4541
651	4066
2440	4580
2216	2607
2031	4557
773	3488
2582	2658
2389	3995
1324	1884
517	3369
1348	4859
3272	3810
652	2814
609	1185
643	1404
100	1113
4405	4778
2975	4156
1710	2704
1872	4919
1028	4882
3380	4708
28	4674
696	3488
970	1215
1797	5122
1085	3602
1243	3545
146	2049
4640	4831
444	2835
904	4787
1527	3343
1987	4502
2160	2974
2049	3716
649	3905
1492	2547
2905	3930
98	3563
1553	5102
1057	4458
92	1481
2829	4857
3047	3840
2661	4831
3444	4257
1265	3116
927	3683
1692	4525
2057	3602
1489	2704
1876	2156
898	3488
2801	4560
4070	4569
1248	3612
1094	4271
123	4827
2909	3003
1670	3988
927	4156
299	3100
1679	1738
2176	3121
1537	1721
2406	3100
357	1110
1085	2163
1825	1913
2176	2798
660	4492
109	1679
812	4200
1679	2629
2307	2629
1533	3765
1135	4943
476	1424
687	4615
2409	3895
1248	1679
4841	5114
1267	4132
942	2805
374	1113
230	1812
3987	4544
2414	3351
570	4350
1108	3235
2835	3870
1517	1679
269	2045
77	5159
1056	2051
4271	4772
2249	5102
1883	2803
1890	4775
855	2336
833	3757
388	4156
4486	4809
4725	4968
25	2374
670	4486
269	2221
3413	4943
1085	1679
271	1727
224	1641
970	3591
2305	4105
1549	2362
1723	3837
3484	3743
364	1687
1662	2515
574	868
1248	4245
788	4273
4271	4911
351	1679
2166	3853
299	2934
1037	3639
2706	4156
469	3116
652	1462
1527	4395
2259	2934
143	1085
1679	4339
1615	4804
3343	3802
3486	3999
942	4376
1172	3060
92	4263
896	4461
1679	2311
773	4350
3677	4201
1243	3538
43	4211
3488	4525
2374	3116
3566	4905
340	1679
4036	5038
2013	2959
2755	4827
269	4915
230	3098
1679	4075
1260	3012
264	1679
2640	2909
454	4097
3190	5083
1461	2569
2496	2515
3321	4339
272	4580
2241	4905
1533	1537
3555	4920
2981	3132
333	2221
1619	2362
325	2858
3121	3988
3116	4989
1504	1527
2246	2952
858	3116
867	2496
35	1721
3026	4943
1559	3646
1667	4702
4088	4202
2864	3344
1813	4105
1747	4295
1679	3041
1917	2835
302	4200
1215	3349
1093	3061
2176	4399
3564	5142
3395	4131
252	1717
1105	5142
1952	5083
3116	4525
1755	4290
302	812
926	3105
838	1679
4156	4817
1215	5026
1009	2135
2973	3810
1037	4639
1643	2216
3839	5020
2600	3602
1110	5035
2249	4525
269	3897
1619	4201
365	2951
510	4399
7	1655
2312	2521
1679	4610
1094	4480
3564	3905
1248	2224
1679	3105
58	1113
2627	2755
1424	2216
2460	4968
942	4662
1404	1679
1215	3518
2224	3536
1679	4978
67	3493
958	4361
2347	4001
1791	2216
1113	1679
4970	5017
3685	5114
1679	4301
1657	1679
867	946
1679	2515
1527	2957
1215	2185
1115	4841
1537	1643
2020	4514
4561	4583
1679	1936
1527	3502
1872	3864
269	1214
942	1692
2947	4631
1060	2905
1990	2108
3367	3564
177	4902
773	4857
3445	4775
961	3165
3496	4923
2694	3646
313	817
1679	1943
1161	4350
265	2535
601	2858
36	757
2767	4841
1975	4580
820	4271
1056	4153
1614	4636
1553	4480
33	601
1679	2735
3754	4156
1267	2701
154	4897
509	4336
1679	4874
731	1679
679	2166
247	1679
1679	1706
1747	2625
1185	3658
1609	1674
3322	4985
783	4478
962	2241
1667	4156
1398	1710
898	4154
313	2222
443	4156
349	4528
1422	1679
203	2456
2351	2504
1666	1679
4105	5145
1286	4480
299	2775
1041	1884
24	826
349	454
2305	3103
1533	2216
1679	4753
2290	4525
3993	4201
255	1215
1527	4889
325	3236
3995	4325
626	2166
101	2194
2024	3116
1703	3987
757	4882
160	4070
1527	3515
2739	4525
1946	4239
1215	3843
1679	4048
1075	3963
1527	2710
1455	3116
1215	4951
154	1662
2221	3977
486	3116
1623	2625
2364	4801
2142	4130
5062	5084
1185	1789
1324	1710
176	2466
1471	1679
2210	3602
2952	3685
421	3565
181	214
3344	5047
773	4701
3405	4819
2174	3367
3116	4039
417	4415
1533	4525
2406	3747
4245	4970
2018	3494
326	2465
1370	1527
3116	4156
285	3635
801	942
2547	4478
230	4029
2347	4729
2525	4538
1726	1903
98	2216
1671	2027
2027	4461
1413	3395
201	2409
1062	4328
333	4640
2048	4923
1503	1679
3366	4702
2240	2241
1749	2216
4156	4772
1919	4775
3116	5032
1188	2893
1041	3198
3105	5138
4156	4263
476	1979
1437	4558
2532	4105
3245	4156
1119	1147
352	1061
1549	3013
192	4561
1038	2336
539	2051
3635	4907
3198	5134
833	4923
1679	3802
1853	4882
1710	3867
2931	4871
842	3116
1580	5085
1057	3262
1585	1679
579	1414
552	1122
1670	4863
2312	4066
1917	2492
2104	4156
4165	4960
2666	4271
417	1780
2671	3762
553	4580
3574	4701
3116	5148
1036	1930
2530	2951
4156	4197
1679	2261
1370	4156
3422	3839
1135	1302
3840	5139
760	4184
855	2865
1108	1460
3975	4775
2160	2216
2582	3810
1641	3107
1553	3580
2530	2775
1399	3116
2985	3987
230	1537
2428	2835
3496	4132
322	1679
255	4606
1573	3606
3314	3353
7	4374
134	4301
694	4558
7	1215
1063	1727
2450	3243
4111	4461
4417	5101
797	4395
3713	4492
826	3552
36	1679
1679	3810
2048	3505
1603	4156
119	2436
2427	5020
1878	4478
1108	5142
4480	4943
3411	3502
413	3774
3853	4070
3536	5040
1108	1671
1411	2384
925	4841
1179	1679
272	3982
281	1905
3566	3864
1215	1709
2110	2347
1338	4775
1063	3069
241	962
1292	1912
1834	1946
4418	4970
3380	4789
3322	3984
3098	3840
1465	3717
1905	2227
2417	4580
1679	4001
313	581
1844	3658
3067	3493
758	4376
1037	5026
859	4035
1679	2600
1527	2666
3116	4824
3705	4301
2242	4635
4070	4576
3742	5134
241	4156
486	3185
4329	4815
56	1215
3395	4201
652	3137
1679	4399
4070	4394
1948	2936
2471	3116
4399	4972
687	3484
2312	4471
783	4601
1041	4406
914	1721
3981	4939
1061	2625
1178	3496
1750	4702
651	5059
238	601
1365	1527
3405	3435
3318	3493
543	4968
1825	4421
272	2829
3627	4105
283	1746
5088	5127
1774	2142
579	2893
1061	4391
2893	4170
1834	2456
1727	4526
1148	1679
2724	2891
1679	4328
214	698
2216	3514
1113	1533
2040	2045
374	4030
41	4088
248	3851
176	3743
2864	4105
797	903
3995	4943
2241	3367
1679	4145
3705	4750
521	539
1324	1800
3988	4271
1377	1895
2489	3696
1176	3686
3754	4236
2312	3154
1619	2019
285	3690
773	1012
1055	3116
1527	2190
704	4271
679	903
3044	3116
1893	4478
2737	3116
2351	4246
43	3121
2835	3831
2218	4775
854	1679
111	3121
3116	3244
983	1692
2400	3116
107	2835
903	2506
1679	3784
1187	1924
1061	3442
2837	4656
271	2166
2049	4492
374	2362
3247	4155
3198	5151
100	4789
374	4257
4827	5017
1038	1679
911	1527
53	297
119	616
313	1214
1873	2398
1679	4903
1671	3536
1660	1679
1265	4957
1108	1753
1108	1352
4196	4399
1679	2402
1215	3587
1679	2254
4311	4775
1215	1492
1679	3538
1727	2834
1215	3485
3571	4802
2360	4259
333	811
3602	3646
2726	3696
1220	5152
1679	4503
2142	4326
1527	4863
2163	2887
92	3494
2504	4246
1671	3970
894	4405
2312	4202
3984	4365
302	4598
1679	3339
3015	5138
268	3764
1251	5149
3944	4841
1679	4103
3390	4295
747	3926
1527	1895
451	4187
1825	2905
1679	4391
1692	3908
580	1286
1505	1679
2476	3905
1527	4873
2234	4580
511	694
2624	4308
1215	2471
1755	5014
3380	4201
727	2166
2661	4640
2466	4499
2406	4369
444	2403
2146	3367
3116	4903
1270	4480
1549	2312
1828	3431
1119	3486
584	4580
1679	4734
1332	3289
2582	4156
2216	2829
4600	5008
4129	4738
913	3116
1870	4615
757	1185
241	2685
3445	4897
2142	3988
1899	3613
1030	4070
2051	5077
347	3860
2166	4361
299	1176
579	1121
2450	3225
3375	4621
1559	4105
1549	2704
1366	4070
1717	1993
1614	4395
347	2843
1777	2176
985	2801
417	1747
444	2506
1679	4973
1726	4353
694	2465
4271	4294
866	1987
1341	1717
788	1423
2936	4201
2684	3445
4165	4231
1215	1746
1451	3116
3538	4968
1109	1180
347	517
757	903
1214	2378
449	3560
268	3696
3321	4863
72	4201
3857	4070
1477	5020
1560	1689
92	121
172	4129
855	4863
891	4201
101	2835
1565	3116
269	2756
1527	4517
626	2216
1392	1727
2899	4702
747	1883
1679	2175
272	1484
918	3837
100	2973
1654	1662
4156	4405
1936	4258
728	1679
1980	4200
1897	5149
349	4580
4598	4795
1137	4271
2312	4111
4499	4513
247	349
3905	5078
2520	3432
3493	4301
3659	4458
2829	3982
3619	4933
2917	4036
698	4070
2322	2864
1119	1873
2291	4041
299	1642
639	4353
1679	4410
1905	3724
2801	3236
3343	4879
1096	2792
1215	1834
961	3116
2166	3808
2888	3747
413	877
2835	3650
1924	4093
687	2905
2625	4110
4480	4949
168	1704
3774	4145
1414	4557
2476	2560
1679	1797
7	3435
1717	3984
736	4045
1884	4544
493	1573
2166	4879
2506	4525
4120	5040
1537	3165
2515	3685
1061	4156
3573	4132
1527	2110
854	1243
1108	2243
3646	4129
1679	2272
938	1679
282	1689
1413	1679
1938	4095
129	4482
903	4391
123	1113
1667	3704
4111	4358
2043	3840
476	580
1061	2322
3862	4201
1424	2521
1477	4525
1338	4096
313	4156
1710	2185
313	2047
2685	4201
2013	2410
1679	4692
866	2108
947	2142
833	4525
1916	4156
2496	4580
1527	4949
1679	4023
1679	4478
1747	4336
1461	4560
192	3419
1180	4943
3300	3757
947	4271
1215	3211
1746	2361
3493	4030
2194	2909
2625	4130
1108	2259
2495	3829
788	867
1215	4327
1279	2525
2615	3848
747	4711
1679	1941
4232	4561
4526	4876
3747	3848
1001	1679
3116	3658
2591	4156
1692	4172
714	4775
259	581
3322	5114
1778	3739
2189	4261
1679	2104
1537	4521
313	4238
854	4525
2254	3492
2697	4156
1095	1679
248	2185
1243	2299
1679	4496
3116	3262
3289	3724
1679	2821
425	4775
747	1642
106	526
1884	4615
859	2775
3247	4978
1330	2569
1917	2507
1679	2551
1679	4583
910	4231
904	1679
2034	2241
833	3672
3864	4880
1167	1438
2724	4695
1639	2934
1680	3505
1703	2835
2108	4580
1679	1837
1505	4301
3290	4105
548	1479
1671	4120
788	2798
3116	3344
1906	4880
33	3566
2108	4517
1477	3116
688	3863
2704	4795
3968	4827
914	3920
877	2216
43	4636
1108	4189
1185	2670
224	290
1844	3884
67	687
1603	4598
2156	4246
1108	1220
571	3469
1603	2755
3317	3810
22	1873
4514	4797
1527	2550
2828	5138
3121	4600
926	4486
451	3101
7	3090
1657	4458
2216	3054
1414	2625
1679	4985
3944	4775
747	2591
1543	4775
1660	3361
124	3839
1172	1679
1215	1503
1679	1906
1409	1747
1543	2189
855	2142
2625	4857
704	1872
2600	2857
92	4070
3300	3322
1465	4702
1185	1426
1912	4775
100	3750
193	1692
2763	3382
1905	3757
5026	5063
2794	3116
2312	4474
1221	1422
1834	2975
2694	4738
4156	4905
309	3658
2437	3519
2051	2911
4775	5027
3840	4035
2469	4023
4525	5129
2019	3116
285	1527
1113	4725
1603	2057
2216	3502
757	1496
648	2290
639	903
1722	4156
43	4207
3613	4156
4707	5119
539	1128
4196	4827
1679	4070
3930	4558
1513	5145
510	4624
4478	4674
3745	5016
7	4538
2224	5151
7	1036
2482	4743
2311	2625
1061	3382
2490	3116
1028	3920
1248	4525
3459	4156
1603	3580
3488	3581
1428	4775
1830	3484
1491	5135
1187	2040
1477	1504
3116	4798
651	3075
2765	4702
1055	4708
3185	3650
611	1281
3548	4111
911	1215
3321	4070
1113	1220
1710	2615
2406	2476
285	4156
1553	2775
2013	3860
3121	5008
855	2395
2625	3394
2342	2835
1679	4258
2137	3116
3044	4156
924	4095
1218	4775
1527	3713
2708	4329
3602	4386
2535	3342
284	4405
7	584
510	1180
1742	4558
901	4192
1147	3930
3116	4852
1912	3046
3565	4195
4144	4257
903	1642
1679	3365
1479	5035
4156	4922
1623	1726
1058	3757
2506	3573
3534	3852
973	1043
2627	3580
1508	1809
2625	3959
1028	3581
1679	3640
3566	4236
453	3602
622	1062
4086	4693
1318	4156
690	2476
1671	4759
1315	1679
1517	2216
1548	1679
4321	4361
2019	2299
1294	2040
338	1906
2312	4529
4045	4778
580	4863
1883	2567
313	4287
454	2472
833	5153
5040	5151
2774	4156
1727	4198
2829	4775
975	1726
885	2000
1549	2993
3400	5035
3947	4271
1884	2504
2142	3300
1505	3469
131	3764
1465	3163
1221	4653
2169	4412
2904	3739
1041	4235
1135	2048
2845	5072
709	3116
1689	2985
32	451
3463	4070
4326	4775
41	349
3824	4446
1679	2041
3116	3920
2835	4765
1128	4901
1679	1842
2221	3839
823	2625
401	1527
28	2370
2687	3443
417	1800
1113	4815
238	925
1679	2077
36	4728
3114	4197
123	2818
2291	4156
694	1119
1203	1438
4728	5008
773	4576
788	2142
451	738
3892	4978
3289	3322
579	3840
1679	3742
675	4201
1036	3235
1679	4287
3566	4696
1479	3646
1679	1872
3361	5145
4156	4413
1727	3339
3114	3564
493	1533
687	1966
1549	2789
601	4182
4196	4972
3568	4235
1679	3668
687	2176
25	1465
4326	4399
230	1428
2312	3458
1862	2775
418	823
1727	4529
1288	3619
244	3649
2361	5046
1244	3302
1873	4410
4201	4601
2292	3402
3435	3639
1527	4533
1061	2188
1679	2547
1375	4156
2658	4728
2934	5127
1679	5125
2222	3565
1365	2077
265	3272
1603	3376
593	2176
4067	4601
4156	4960
1119	3930
4406	4970
581	1208
2584	3198
2704	4131
1180	2755
1679	4418
687	828
3408	4271
1353	1679
1905	2521
337	4326
3662	4519
443	2243
2460	4308
1549	3784
4070	4268
1876	4311
7	4435
444	4882
3121	4863
1679	2801
1878	2492
913	1215
1113	3648
313	2384
1679	1886
230	526
338	3004
1527	2254
1722	2812
3116	3663
100	1562
4156	4295
687	1617
3739	4467
3300	3853
2227	5114
3704	4766
4393	5008
1422	1727
687	4406
1048	4493
1513	3361
4197	4271
1679	4461
2440	5008
71	2934
2362	3604
1251	1527
3774	4156
4100	4105
2905	3993
4236	4905
3580	4393
313	2974
2166	5159
3739	4634
1679	2658
1294	2299
4271	4600
1726	2277
812	929
1326	4775
471	1679
698	5142
2547	5030
156	5138
1109	4399
269	1521
2573	4278
3116	3845
3573	4943
2917	4156
272	3493
1485	1542
877	4775
1913	4189
862	4557
3742	4235
1527	2975
1119	5085
3536	5087
2166	3863
100	1188
812	2735
1435	2476
1180	4923
139	366
248	2013
1109	3376
4583	4949
961	4525
1537	5027
1461	1542
970	1094
1774	2582
1481	4621
1085	1655
973	4588
1423	2142
1953	4156
1109	4972
783	2277
1527	4729
1727	4208
547	1684
2798	2803
964	4290
1119	4970
4111	4526
1267	1679
3757	4156
1109	3202
3495	4156
203	2460
4156	4560
2490	3923
1243	1692
1527	1975
1746	4517
3930	4131
3705	4295
2312	2930
1679	3472
680	1061
2142	2569
3105	4435
1093	2308
748	4156
32	4211
687	3116
3236	3840
2704	3840
2108	2904
4685	4819
1603	3121
313	2214
614	3114
7	4844
4267	4342
2246	4863
1215	1953
2924	4156
2615	4111
3696	4636
2798	4088
2249	4048
1844	3186
3646	3677
1003	1559
871	1679
1094	1113
515	4156
100	964
1215	4295
3808	4156
333	1679
67	1791
3916	4798
652	911
1215	3344
4039	4417
119	3496
626	4201
1061	2409
4294	5151
687	2835
1432	4502
227	3116
570	4156
970	2395
344	3152
1934	3009
2027	2706
1494	4201
313	2703
2019	5020
2684	4897
3243	3646
67	3226
898	2835
956	4105
2591	2640
728	3623
3705	4156
3493	3739
911	1484
517	904
1411	4968
579	5034
120	1868
580	5114
1494	1825
238	581
1727	2725
891	4410
694	1573
4376	5065
1034	4202
119	2411
1679	2005
153	2407
2409	2625
4156	4478
2194	3069
1692	2835
192	1666
3190	4621
609	4410
914	1679
817	4105
444	1679
1727	4170
2306	3646
1104	2805
373	1679
442	1633
3566	5078
3988	4923
574	1549
2051	3496
3366	5107
646	1679
1653	4156
22	1951
2547	5088
1680	2048
106	3419
1461	4064
2924	3114
1722	3573
24	3552
973	1094
1185	1341
759	4070
2036	4156
250	4789
2625	4046
1750	3908
1679	1847
3757	4600
1078	4156
1679	2656
1912	4156
247	3174
389	5087
345	1527
269	2324
1223	4201
2437	4236
580	2803
2049	4231
94	611
1392	4151
92	3192
3878	4502
1740	3528
1722	2174
1215	4933
35	357
4405	4702
1338	1527
844	1396
2704	4208
866	4766
338	4236
1185	2534
3492	3496
728	1934
2796	5072
268	1286
1895	3505
332	1365
1667	5152
1641	3409
902	4702
3272	5062
3853	4943
5078	5146
1109	2048
2615	3705
2770	3650
2934	4876
478	4702
517	3116
43	3116
1135	2410
413	1156
1185	2538
1883	3116
4801	4949
3442	5072
2837	3589
2725	4775
1028	4775
1687	2395
580	3114
1215	3505
570	4070
1766	5030
426	2020
1588	4035
1679	2798
3004	4156
1553	2048
651	2682
3105	3685
1585	3116
4156	4189
1504	4308
2704	4457
687	1324
1690	3318
1036	4636
2666	3536
4064	5142
1009	4156
3545	4499
866	1641
580	2472
1338	5008
2560	4271
833	1588
1510	3581
1549	4478
222	5087
1409	2326
2731	4775
573	4406
1386	2506
3336	3867
3116	4601
204	1667
2489	3536
1404	3685
362	2216
1679	3225
682	1917
1667	4410
1028	4271
340	1603
1681	3116
553	1746
1220	4410
1109	1553
1214	2982
1521	2513
224	3116
1679	5100
1800	1847
2456	4793
2108	4664
4271	4674
1061	3878
4156	4201
2146	4156
680	1868
1679	1854
643	2495
3739	4169
1679	4933
879	1128
2214	4993
1876	2504
4480	4972
449	4985
3754	4905
1679	3672
476	1881
1527	2440
1777	1800
1036	3369
3677	4070
2658	4145
2216	2812
1176	2176
924	1113
719	1505
1052	3515
1433	2216
885	2625
1537	5151
3988	4399
788	1109
7	4271
1943	4156
2743	4525
3116	4721
1185	1330
2074	4024
1679	1803
33	2561
973	2478
1335	1491
1451	1543
1085	2829
4169	5062
3116	4395
728	3892
770	1527
2406	3488
1113	2077
1215	1367
1982	3116
1062	4417
4211	5084
757	1085
451	3769
1662	2069
1679	4723
881	3243
1043	4660
539	3397
347	964
3505	4943
1938	2909
1215	2876
2299	5159
1286	2775
1011	1987
2420	3515
1727	2065
4600	5153
2027	3067
3382	4775
1844	2661
4606	4674
1679	3445
2362	3863
1832	2905
1581	4775
3827	4802
948	5084
509	3739
663	1727
925	1873
2735	4598
351	1742
3502	4145
614	4882
963	4334
2901	3116
1750	3161
1662	2410
1422	1544
1270	5062
1679	3564
1078	4259
1038	2259
154	1905
901	2476
1537	3829
2188	4642
1208	4156
2716	3518
3848	4151
1461	4880
349	1911
259	3357
2177	3926
1573	2188
3646	4738
2905	2936
3161	4163
7	1552
867	4480
3060	3397
553	4367
1603	2142
1679	4365
2156	5153
7	4556
1667	4580
2027	4882
1462	2476
1863	2312
3781	4729
443	4154
2362	4170
54	2384
347	3185
1527	2336
639	898
1588	4197
3580	4156
174	2448
1679	4738
1549	4642
2177	3067
1185	1549
1727	2160
3198	4406
3273	4156
2823	3116
1485	2835
1549	1679
146	4365
1755	1987
911	4876
580	3853
580	1642
1883	4873
639	1108
1505	4528
284	3116
92	4038
43	3235
1105	2583
2176	4863
786	3568
1679	4017
1679	2299
2582	3581
973	3623
476	3116
1108	3538
337	1679
975	3982
3116	3677
1426	4738
101	4789
786	4131
67	3390
2803	3344
2627	3754
973	3382
1461	3564
302	2360
1727	3493
1377	4196
302	4156
1100	1705
3385	3754
877	3225
2312	3300
580	4859
476	4399
1834	3513
3061	3754
3107	4798
337	1108
3302	3688
1588	4775
2507	3653
652	4361
970	2615
1679	4362
58	4729
975	2625
1679	3509
1679	4967
4365	5085
3300	3538
7	1061
1185	4230
1679	5117
72	3646
442	3713
52	651
2627	3505
4480	4873
3853	4493
2658	3724
67	1484
1537	3528
1679	1703
3245	3757
256	4156
854	2466
2504	3056
1037	3405
1573	3736
4087	4156
1542	4406
543	1167
192	5072
33	176
4399	4943
3646	4525
2801	3385
1504	4163
3988	4156
265	2341
579	3547
1938	2625
168	4235
580	4156
1727	2106
2456	4034
210	5061
655	5135
929	2735
2342	4503
2242	4857
1215	3512
1185	1533
1679	4808
635	3116
1681	2814
272	3366
202	2406
904	4970
1662	2466
1679	3781
691	4156
1505	2420
1270	4197
1692	3361
3580	4325
3686	4775
1679	3395
2191	4458
1943	3116
1705	4118
1844	4968
2796	4346
1591	3484
1286	3580
873	1533
2688	3366
3107	3644
3105	3435
1215	1573
238	4880
3054	3730
2835	3527
4156	4226
4105	4268
2618	3302
1119	1580
862	4723
1588	2048
1223	1679
2243	4905
3419	3995
3764	4882
1873	4857
3237	3566
1186	1679
1119	1679
2323	3116
882	2165
1176	1948
2246	4897
2770	3672
1215	1270
943	2794
2826	4156
92	509
1270	4151
694	4525
510	1679
1108	3127
2724	3116
121	2656
3902	5087
2027	4711
313	2019
2818	4943
422	1061
833	3116
1176	4544
682	3493
1614	3235
4156	4614
1763	4499
773	4369
946	1404
999	4879
1185	3717
1215	1248
1679	5103
1917	4156
1185	1517
1585	2347
3116	3996
2409	3810
1527	3614
1344	3116
1215	5089
3285	4156
975	3685
333	2040
952	4048
2775	5102
510	3505
192	4695
1432	1527
2436	4206
811	4798
1061	4538
2261	3860
1912	4416
1075	1844
1679	4367
3116	3786
230	2534
57	4156
2160	4070
4156	4462
2723	3250
991	2674
476	833
2250	4156
891	2069
2177	2472
203	4105
1679	3705
2763	4702
1432	1679
376	1893
964	1671
230	2547
1774	2763
168	4406
649	1856
3810	4525
2703	4257
4236	5078
2142	4478
1435	1891
2916	3635
4156	4852
2299	3132
302	4259
2071	4120
1679	4812
400	4517
126	224
2216	2892
2241	4880
995	1679
3574	3810
1527	1948
3863	4156
1726	4959
553	2108
539	4728
553	1505
580	3245
320	2149
1348	2478
4120	4970
269	612
2216	4711
2568	4156
2362	2767
92	1113
2240	2891
757	1267
1320	2661
3713	5062
3724	3757
1521	3538
4525	4841
2803	3944
2893	5107
1619	3107
162	1098
3984	4030
1527	3573
2818	5062
859	2469
1108	2048
694	4391
2711	3382
1527	4342
250	2931
1136	4217
476	1215
2743	3116
1188	4789
2934	4334
2692	5078
3528	5083
1671	4156
3202	4949
3114	5142
2837	3319
2594	3162
3580	5089
694	1147
1679	2496
1739	2547
748	3754
2312	2835
2803	3416
1428	4156
131	2476
1679	1810
988	1745
1679	2469
4236	4696
926	4010
632	3262
704	3116
1549	2625
687	1679
4169	4528
539	3060
3265	4156
100	3882
100	868
2803	5062
1679	5079
1543	2770
3857	4156
943	4775
2569	3604
1147	4525
1147	1533
296	418
904	1633
2858	3905
4301	4631
758	4798
1294	4957
1055	4156
354	670
1113	5069
3474	3505
417	4156
639	4271
2194	2640
2241	3564
381	4824
2573	4882
2227	3245
1294	2378
1422	2534
2835	3853
2417	3840
2246	2684
3172	4105
2584	5040
970	2013
3308	3513
4156	5069
501	1187
33	5078
694	1873
1679	1993
1679	3892
77	2019
1549	3083
75	5101
2568	2835
2805	4156
2109	4145
1679	1687
1679	2703
547	4970
1527	3300
1847	1953
687	5072
2547	3344
2476	3736
946	2496
1093	3837
1248	3116
1061	1527
349	4467
4492	5153
1075	2704
946	3247
7	2495
168	1684
1666	4621
1024	3455
1543	3322
925	3116
7	372
2332	4879
1979	2110
946	4636
1679	4536
1215	1390
286	1679
985	3114
101	4486
1872	3566
270	5035
417	3536
4743	4775
349	1251
1679	3152
1377	3505
2216	4066
3369	5084
290	3116
1051	1110
1979	2057
192	1679
3536	4461
698	4156
176	4070
904	2013
168	3568
1185	2347
4184	4664
2684	2952
573	1684
1308	1549
2489	3496
1225	5026
3116	3870
746	2515
1639	2410
926	4271
1680	4274
942	2496
1527	1747
1705	4415
2755	4156
2299	3103
1679	2013
571	3646
3739	4457
633	4601
268	925
3739	4617
1670	2472
1543	2674
574	1710
1243	2466
3289	3300
1422	4199
2378	4051
4576	4775
758	3075
2410	4642
2307	5090
2950	4156
168	3739
3413	4863
3047	4070
1979	4525
121	2697
1660	4156
4369	4576
963	1527
2950	4792
1503	2361
2456	2864
1094	4876
452	3742
1560	4841
788	859
1215	4022
694	1527
3573	4410
3564	3754
651	1527
1679	2998
235	2997
2812	4342
4362	5038
1844	3534
1147	3116
4046	4070
3606	4874
730	1187
2362	4593
3505	4827
1679	2906
67	1043
25	1609
748	918
2410	4897
3174	3231
1505	4544
1338	2530
309	2591
1084	4775
3322	4263
3004	3133
3262	4514
687	3226
4271	4789
1527	2823
1679	2569
2051	3397
855	3344
1679	3882
2534	2909
2792	4968
4674	5079
354	4653
1679	2265
1635	3196
2374	4775
1662	2496
1617	4642
4088	4923
3573	4156
1863	3984
648	935
3121	4393
679	4525
914	2495
3116	3380
3736	5069
111	4972
1549	2694
3044	3810
4480	5153
1037	2105
1679	2486
2510	5122
1521	4488
36	2835
2306	2525
1679	1792
961	1462
1641	4656
3116	4366
2163	3116
952	4070
1135	3408
2805	3598
1863	4478
1424	4156
2336	3382
3003	5021
1884	2224
1113	2108
101	2617
3276	4538
2763	3395
2835	4520
65	1679
1505	3416
574	2936
1404	1721
1679	3018
2593	4798
4196	4393
1533	3486
747	1215
309	1527
1032	2221
4211	4329
593	855
325	2241
3026	4631
1679	1825
2041	2755
1566	4100
154	3685
16	1215
4775	5032
1872	2241
923	3343
4391	4410
521	4153
4503	5008
4070	4723
942	3774
2312	4314
345	5021
694	3911
451	2045
1270	1491
660	1876
356	2040
269	1032
2858	3236
4271	4538
687	4415
1001	2241
3723	4841
230	1721
2803	4863
3375	3419
3672	3717
1949	3272
137	4500
714	1108
1975	2272
923	1215
2045	5020
2792	4797
1886	4099
973	3736
905	1324
65	3685
2241	5142
2398	4070
351	3366
1946	4156
680	3244
1270	4189
3116	3417
2370	2905
224	1679
1527	2668
877	2615
2177	4202
2460	4417
1260	3116
3244	4405
963	5087
1780	3484
2335	5072
2216	2347
2618	3608
2105	4728
1679	2271
2617	4308
2863	3116
982	1128
1710	1847
101	1746
1513	4401
1041	5134
1765	2364
1215	2460
1035	4271
4560	5146
1422	3409
1270	1527
129	1679
3067	3300
1679	4795
2495	2496
151	4189
988	2963
1098	4010
4235	4410
1679	3849
1465	4156
3202	4300
1491	4070
1422	4294
2460	4034
230	4144
453	2625
347	1248
662	5038
349	3272
2627	4525
25	2924
4201	4650
2241	3114
2700	2936
4882	4920
1491	3686
3724	5114
1679	5074
230	4349
4598	4972
4207	4538
444	1261
1428	1726
3581	4105
347	961
347	1617
3493	4070
120	1952
100	1549
3591	4631
1402	4841
2478	3646
1486	4156
58	1679
4201	4417
4156	4600
2704	4376
1746	4841
1537	1747
2888	5026
690	942
3486	3815
812	1952
914	2515
1679	3931
580	3322
1185	3116
1172	4153
1679	2180
2675	4882
1727	4087
1686	1980
2216	3677
4156	4395
2080	3116
214	4695
372	2312
2728	4525
4274	4728
904	3612
2177	4097
269	1265
269	2384
3696	4211
230	4174
1692	4526
1270	2775
100	241
36	3419
756	4156
72	4127
1061	4502
4943	5062
3820	3952
927	1679
1034	2775
2047	4051
1679	3318
2490	4156
1426	2312
2142	4972
7	2710
1679	1890
2216	2496
1078	2735
2792	3116
401	866
1727	4402
3380	5047
1527	4584
553	4621
3419	4525
1726	3953
2947	4376
1592	4867
3441	4088
2692	3004
581	3190
4156	4207
372	4156
7	4311
1673	4271
274	1679
3413	5062
3237	5146
1243	3116
247	3380
791	1679
574	3646
788	4943
578	1422
1109	3121
3116	4827
823	1722
1185	4970
67	2430
4361	4882
2489	4211
2389	3581
4105	4985
1056	3397
3245	5114
313	3839
973	3076
963	3810
1491	3302
1432	3439
1109	2569
2362	4580
1185	4130
2221	2378
2802	2904
166	1187
862	5135
1388	3536
510	4525
1398	4070
36	4753
574	680
3457	3606
4105	4479
286	1666
859	1527
4124	4584
269	581
2478	4301
4010	4151
3326	4664
1727	1749
747	4035
2216	2515
698	4201
2867	4227
4294	4615
1377	1553
4156	5151
2561	2688
1270	2573
4156	5033
682	2414
1028	2166
3739	4232
1692	2818
313	3132
855	2803
452	4871
1679	3192
281	4525
1722	1753
735	3202
687	1460
2174	3754
3121	4923
374	3952
526	3639
357	2835
2115	3270
914	4636
3212	4156
2489	3056
3226	5107
783	2312
1034	1215
1176	4024
1726	5027
92	4144
7	3382
885	4336
2471	4271
991	2691
758	4087
1679	4560
1679	1844
939	4070
604	1679
1061	1365
1122	4859
773	4738
2843	4200
539	982
67	3555
129	1262
269	5161
1553	4598
510	4156
1180	1588
2299	3107
2496	3416
1051	2835
493	873
867	4088
1679	4615
2534	2625
1710	4245
4417	4775
958	4022
325	4271
2014	4271
3202	4035
36	3496
1461	3114
1722	2835
197	1679
1094	2312
1740	3116
1352	4007
111	3116
1110	4336
687	4353
452	4235
3496	4088
788	1670
1689	4685
2221	3107
4301	5040
1527	1954
1746	2594
22	4184
374	3444
4326	4376
454	2049
1527	1873
1061	2927
2108	2417
2496	2803
2104	2507
521	879
4156	4581
3245	4859
1215	1549
1679	2115
509	2108
521	1872
694	1679
515	1705
3026	4496
4156	4538
4200	4259
2058	3568
4105	4358
2837	3409
553	1679
983	3116
2798	4972
2361	4415
3189	4151
105	1774
2409	2863
609	5008
1527	1722
609	4775
1215	1414
3026	3054
1180	4156
1203	4201
1679	3648
1078	5062
2420	2904
1215	4557
2176	4156
1679	5099
3185	3860
473	1608
1679	3825
268	3419
1285	4095
4196	4480
1527	1901
598	4070
2124	2934
704	2014
399	4294
3103	3129
1167	4829
453	4989
2312	4035
4525	4889
1873	3646
680	3116
543	1521
2299	4993
7	926
2166	4418
56	1527
2181	3107
1527	3881
632	4198
4001	5114
101	2507
172	4394
3116	3931
452	3568
867	3121
3243	4086
413	922
2916	4156
704	5087
1581	1897
841	2615
4156	4810
3669	5030
2533	4843
1537	2591
1948	3116
309	2177
289	3528
626	1727
471	2019
1521	3565
1679	2341
2909	4972
1747	3116
1679	4150
469	1215
573	3198
270	4453
1585	3198
1603	2627
2521	4859
3810	4750
1533	3116
3853	4393
3589	4500
2041	4496
926	4045
1715	4156
248	3185
365	3116
443	3496
3513	5122
2593	5028
1864	3380
2765	4169
35	2871
4156	4803
509	2837
230	2043
1527	4257
92	1422
1113	3739
655	4321
2108	5040
651	4525
1722	2142
260	1679
890	3116
3488	4184
821	3380
291	2625
3606	3930
2733	3069
833	4202
688	3116
3612	4970
3505	3995
3623	4729
2448	2704
652	3850
1560	4206
867	922
1537	4711
1455	4889
1527	4044
3458	5008
347	442
2221	2460
1679	4064
1668	4156
1673	4069
129	5041
833	3505
1423	5008
2031	2615
1338	3121
4271	4410
1679	3611
553	3116
3612	4759
3026	4520
2014	4156
601	3094
1704	3198
1191	3161
978	3103
1679	3713
98	1679
758	2876
211	3116
3868	4156
1093	4880
4525	4923
1461	2241
4089	4105
313	3493
570	4819
781	1679
2159	3658
781	1422
649	3864
2234	2306
1633	1671
717	3764
1318	3745
2490	4496
296	3116
100	4399
2185	3860
1643	1892
4051	4484
1549	1673
1615	4190
4775	4919
2898	5069
3988	4943
1684	3742
1527	3432
1225	3380
1240	4105
2703	2802
2181	3589
1671	4819
133	1371
1136	3161
694	1585
1061	1402
1746	4231
1979	5089
660	2169
1679	4120
2471	2704
1113	1303
1215	3555
1679	3416
4105	4571
27	559
3096	4023
3319	3492
867	4393
2342	4156
1461	2234
2108	5042
2409	2985
3300	3724
67	1679
1679	3349
788	2775
1484	1679
67	2031
389	1527
184	1679
812	2360
1825	4580
896	1542
100	910
1243	1320
1279	1873
285	4525
107	4750
100	3982
2216	2534
1727	3047
877	1727
2704	3923
1377	3580
859	3548
1185	1747
2471	4662
2216	4463
3612	3860
2765	3685
2798	3995
7	2534
7	5142
1679	1864
1679	4123
36	4960
1105	1461
33	2034
4067	5151
1061	2677
3098	4393
1905	4493
4169	4189
687	2261
963	1462
970	4821
1679	2620
978	1527
985	2241
1679	3779
4045	4197
2176	4600
3285	4165
783	2704
1061	4978
1585	4729
4200	4598
1012	3116
773	2026
1560	3435
176	4880
3018	4156
36	3202
2389	3580
4435	4841
2353	3757
269	2019
1494	4105
1673	5127
2927	4156
573	3568
1679	3983
344	3802
1251	2724
918	1679
1257	1679
418	4405
299	1603
1679	1870
656	2755
743	978
4728	4859
351	2027
1679	3782
2798	4480
3272	4793
2476	2964
2049	3613
1187	1665
1774	3010
2243	3061
704	1588
3439	4502
1128	4096
230	1084
1679	1830
2064	3380
3984	4235
2627	3300
413	2716
1679	3080
4111	4478
2733	3116
601	3754
4129	4534
1905	1966
92	2588
1484	1527
2343	4728
2492	4902
476	2755
890	1527
4399	5153
3395	4512
2567	4876
961	4664
1537	2934
1912	3908
1215	1692
1158	1679
2221	4640
1215	3469
788	4399
1746	5021
1679	2465
2460	5090
241	1527
109	413
1324	1617
1396	3243
929	4007
469	4775
1003	2450
4156	4500
1479	2306
942	1176
3132	3565
2351	4598
3116	4201
4156	4399
1036	3754
222	1037
788	2176
123	1553
1979	4035
1533	3930
1243	4513
690	855
3116	3152
1344	1774
2755	5153
4871	5085
4923	4943
1063	2216
988	4417
1581	4105
3367	3837
1537	3116
1884	5151
1465	2913
559	1512
2496	3758
2661	3884
3757	4882
3326	4738
687	2185
1243	4640
2216	3358
2338	3081
2194	2361
270	3453
2627	3829
4702	4989
1692	2861
1679	3229
3367	4560
1679	3453
970	1156
1533	2347
1553	3121
2241	5146
894	2336
146	1332
1537	4544
3685	4415
1481	2108
1032	3538
2166	2398
639	1527
656	905
2101	4775
735	3538
100	2202
1071	3116
1679	4590
4480	4600
1085	3982
1726	4361
687	3494
340	4045
1414	3555
368	1679
3116	4801
374	3493
101	866
553	1037
332	3678
2299	4156
1215	2189
1892	5035
521	3729
3116	4231
3272	4482
3565	4993
248	3860
797	4156
904	1703
593	867
1883	4674
4012	4402
153	1679
881	1673
92	5126
100	626
299	1679
1215	1377
1679	1711
92	731
322	4435
1119	5103
2362	2725
1727	3139
1108	3864
3385	3564
345	1766
454	5122
1280	4775
1679	2018
911	1491
139	2975
581	2661
717	1679
248	347
351	2411
1286	2041
655	3143
3408	4972
1679	4335
1113	2409
2242	4086
4156	4461
898	4268
3457	4978
651	2847
1076	4271
1075	3116
1742	2835
2409	4034
2957	4538
313	3565
943	3161
4156	4480
3202	3580
252	2216
1117	4970
922	3439
1654	1679
1122	2472
1549	1689
1428	1537
2902	4775
4271	4863
3995	4399
98	2482
999	3116
1429	4201
309	4601
1679	4953
1215	3984
4156	4470
1682	4105
1679	4384
2308	3663
4393	4480
711	4086
1527	2439
2489	3369
1964	4580
248	1117
573	4235
2019	3030
1537	2124
2627	5153
2156	2904
2865	3431
885	2424
1180	4196
3161	3361
2336	3635
1105	1722
1460	3390
757	2362
2342	4336
413	4136
3116	4037
601	5142
2071	5026
748	3566
3505	4923
1061	3188
111	1603
1215	4120
443	4410
1873	3944
581	2221
3774	4640
3518	4600
1402	1527
11	3116
939	3400
1135	1404
3339	4250
1286	2246
1679	1737
2506	4156
2142	2803
1948	4775
648	3486
3810	4301
1717	3116
2406	3519
2658	4525
571	3758
358	1679
1740	2191
4156	4366
4890	5159
3515	4105
758	1668
1085	3243
1185	1215
1679	3615
1034	1176
1119	2835
340	3995
3870	5009
67	3366
773	4743
100	3514
2181	2704
1679	2332
4070	4097
1747	3754
687	4819
3202	3376
1148	2476
243	3116
1078	2342
580	5142
1527	2863
740	1108
2051	4901
4231	4879
1377	1603
2362	3808
1727	4066
1966	4342
1108	2105
3419	4395
478	1251
123	2737
3416	4179
4156	4961
2472	3300
2144	2724
3496	4525
2471	2476
517	3235
1679	1829
1338	4624
3398	4871
1912	3606
1375	4653
1030	3747
1423	2276
2823	4775
1592	1679
4129	4775
1722	2775
3116	3810
2521	3300
3060	4156
2106	4775
942	1954
3863	4201
4156	5078
162	652
3004	3237
354	866
1481	3895
1275	1679
2142	4943
1281	1390
2342	2887
1037	1679
322	3810
652	925
1051	1061
2964	3853
11	3996
313	4993
3757	4674
1705	4328
982	4096
1980	2342
3344	4525
4329	5027
2775	4827
1679	4392
297	1679
580	4271
4336	4956
33	1461
3114	5062
3747	4576
1679	3930
1494	4915
72	3351
4393	4972
1113	4542
2625	4478
1462	1548
153	4232
698	1215
2027	3366
269	2629
1679	3612
553	1527
820	2845
3864	4696
4096	4156
521	1172
1681	4182
309	5151
2618	4069
937	1679
123	4943
2504	3536
3757	4274
1679	2959
255	1496
903	962
154	1654
1673	3908
961	3493
1721	2495
3653	4968
660	1371
3162	4417
4105	4978
1422	3840
1527	5147
105	1615
2214	3839
2222	2667
3840	3959
1834	3116
1209	1411
67	1560
33	1093
1679	2833
601	935
1098	3516
151	4636
3930	5085
4156	4258
652	1549
1774	3026
3056	3853
1215	1479
3591	4711
1722	3114
1232	1679
867	2567
535	4533
3952	4070
580	2627
1037	2185
1679	4991
1533	3840
210	1679
2775	3995
272	2710
4235	4406
1873	3863
1897	4721
3101	3848
160	4775
2792	5147
3566	4560
1371	903
4361	4210
2900	580
3380	2648
4106	2216
2216	1422
4890	4848
2166	2089
3100	961
4273	2241
4111	618
2593	501
3599	1679
4546	2891
4775	3649
3736	891
3613	3380
4933	2898
1905	1402
2708	1692
4493	3300
1135	111
4273	2173
4151	722
4202	618
1710	904
4561	3685
4268	2901
4723	1491
4418	1117
3576	364
1573	1527
1553	340
3116	1735
4294	1679
5102	27
2805	1679
3366	1667
3245	476
2259	1710
2409	1270
1215	389
2242	877
4184	452
3874	1679
4801	4271
2288	313
5020	3103
4301	1450
3930	1527
1705	1145
4391	2347
3107	224
4326	2591
1893	1747
2617	866
4901	1679
4051	4046
4156	1377
3484	417
3419	510
4674	3056
4127	3602
4246	3300
1287	1058
3612	1671
1136	564
879	373
914	643
1727	1428
2469	1873
1285	100
3272	2687
1864	1215
4631	2185
1774	1423
1686	1078
4145	3380
4156	3944
3581	2271
2835	1964
3971	374
1537	1084
4117	1679
1366	1108
4236	3650
3754	687
4863	4326
2142	580
4525	1113
3920	2276
4156	3968
507	269
3121	593
1679	1464
3545	2466
1687	580
535	67
4882	3343
4600	788
3116	2456
4022	260
2560	1674
3810	444
842	284
4156	2169
3114	1093
3205	1988
973	970
5062	1465
3121	443
3494	362
3892	3623
3442	2663
4295	3857
3044	1281
2209	914
1348	1215
2472	1094
3417	2055
3602	2763
4550	4105
4045	3580
1215	222
1679	1324
3853	903
3764	1679
4271	731
3276	1679
3116	970
4580	2208
4376	526
4156	1128
5083	3000
2763	1679
4156	3933
5105	1215
3724	3245
3754	3494
2171	1679
4738	3581
5152	1679
4202	3300
4711	3853
4529	1780
5087	1113
4396	4267
4070	35
277	7
4111	2064
4478	814
3963	1679
1135	867
2582	123
3688	3333
4303	4156
3565	2970
4105	1950
5038	887
4156	3496
3686	3602
4170	2625
3397	2496
3851	904
4826	2931
4598	1338
3757	2227
4674	337
4819	648
4611	1465
1692	739
5008	4399
4201	1544
401	247
1679	756
3496	3121
982	420
4200	604
2693	1422
3611	265
4232	1679
3174	1527
3920	1667
3324	680
2242	1679
5159	238
1753	495
4156	1450
3580	3116
4714	2216
1679	101
4156	4035
4156	3970
1699	1660
2716	2625
4882	4010
2184	1527
4329	999
4105	1749
3196	1270
3245	833
4202	1753
1742	476
3920	1726
2185	347
4271	2591
2798	867
1679	776
3116	1893
3116	3009
4156	3346
4177	3534
3116	1249
4105	2040
4184	133
2670	1727
3469	1061
3662	401
3413	1679
2663	995
1527	227
4775	4525
1542	7
3988	710
4949	902
2625	1826
1858	902
4466	3884
4560	4017
3185	1117
4156	495
1185	814
4569	1527
3351	413
4685	1402
4399	2142
1911	995
3380	1251
3568	1856
1433	309
4569	3950
3380	139
4406	2249
4399	2803
3171	3116
1679	1061
4525	1789
3116	2974
2959	991
4841	7
3984	2775
3860	1671
2342	1679
3908	1005
2818	1386
4461	1883
1639	773
4775	4235
4923	4393
5034	1679
4358	1727
4795	2774
1147	648
2181	758
1679	1359
4458	3161
2618	1244
2501	680
3065	1726
4358	2216
3996	1863
2241	1810
3235	687
1679	1280
4131	3944
2974	1108
4118	622
4393	2504
3713	1854
4775	3492
3272	1666
4111	593
3653	2792
4326	4132
2342	1108
2569	1872
1056	539
5028	1338
1679	1200
4088	1553
4236	1461
3254	1666
2041	312
1553	510
2591	2216
3488	2414
3092	214
4702	2905
4525	797
3376	1679
4182	3905
3344	1679
2584	1215
2013	1633
4759	1215
3402	349
4480	3056
4819	3705
3408	1423
3358	1185
4365	797
3602	1386
1215	639
2895	1813
3312	1585
4329	2902
2755	36
2146	1679
4798	1641
3116	1108
2417	2049
3211	1479
2985	349
3825	1460
3829	1113
4070	643
2900	904
2353	958
4711	4615
4022	2166
1800	1422
4809	2307
1798	1063
1527	364
4775	2277
3566	3564
2362	1145
4873	510
3932	1422
5138	1270
3185	2185
1987	1710
4857	1549
3830	1679
3116	1505
5085	4841
4070	3902
3225	1537
3380	1897
2374	1527
5009	2567
4775	574
4329	1948
4360	3116
1163	651
4844	2036
4035	3121
4239	4105
946	746
3344	345
4156	139
2214	2089
4090	521
3116	2729
2312	896
4070	3993
1884	168
5026	2615
1108	65
5008	1603
3842	1281
3589	3481
3116	648
2708	1390
3116	1722
3367	649
4386	3105
2013	282
925	322
4070	874
2219	1679
4725	3488
4580	2818
4993	563
1172	982
3116	861
4664	553
4775	1057
991	142
1558	1251
4350	2515
1628	791
4557	3747
4417	622
3116	1704
3285	1194
4365	3116
4920	2402
4271	1058
4765	3116
4325	4045
5146	748
2176	1883
4730	983
2723	1679
3439	2687
4415	3536
4156	3421
2964	2389
929	302
3999	3494
4685	67
1642	476
3375	677
904	222
4882	965
4156	2802
4156	2731
2974	27
3736	2152
3116	374
3130	1710
3840	443
3237	451
3116	1359
1917	1679
1549	72
1277	349
942	222
2312	735
4070	3409
3321	3107
3720	1909
2835	322
1521	313
1692	123
3623	1421
2406	2000
5062	3758
3916	1934
2347	1573
4960	2658
2064	401
4526	961
632	289
2835	690
4405	2322
2964	2110
2430	1339
1527	867
2221	578
4070	4066
2476	315
3649	3380
4557	2234
5151	687
3658	3186
4359	4156
1469	891
3536	948
1187	866
3827	2893
3685	1654
1682	1679
3493	2703
3116	1979
5138	4821
5065	2216
3211	67
1873	1035
5040	526
4502	1537
1679	567
3870	3390
3843	176
3623	176
3538	1692
4274	476
3161	1679
3538	1844
2488	1679
3902	1527
2254	2216
2792	1692
3696	3573
4090	129
4156	1602
4271	1270
3366	288
4525	2112
3496	3272
3608	1859
4525	978
4386	3361
4106	2020
2347	1119
2259	652
3026	2361
3243	1559
1679	1618
2909	2065
4580	2311
4399	1883
4376	3682
4143	696
4197	1527
2109	1692
4245	2071
4156	731
3851	347
3892	973
1679	496
4525	2714
1332	970
1505	570
4831	3421
1559	877
4326	3121
4480	299
1215	1108
2951	2353
4124	1215
2934	2285
898	443
3322	1679
2625	2322
1710	115
1980	302
4369	4129
1709	493
3589	3116
3421	924
3413	2909
5090	421
4336	2871
4735	1477
3944	7
3820	2277
4131	1135
3116	924
3237	338
1758	1679
4271	285
4170	2216
4463	1679
4105	1684
4708	4145
1423	855
349	265
2160	1679
5102	4105
4831	3116
4620	1679
1905	580
2360	1686
3459	1679
5102	1727
2308	431
4642	4156
714	100
2013	1117
4111	2803
4600	1108
5147	2974
2049	2026
1128	1056
2905	288
3198	1684
4410	957
340	111
4068	92
4201	121
3860	442
4775	2931
4105	597
5149	3488
1853	33
3322	2521
4405	3968
5008	4273
4362	2185
2584	1422
3653	101
4271	3591
4620	2476
3116	2951
4070	770
2625	1666
4824	595
3442	680
2615	10
3888	2591
4798	3589
4156	1200
4105	3651
4480	4326
4386	7
3056	1180
1704	1324
5083	4815
5102	4480
2594	1692
3646	1549
4871	611
4393	4274
5026	2428
4410	3445
2957	1267
3344	2905
4158	1185
4070	1939
2888	105
3421	3044
2427	269
3116	1076
4600	1135
2871	961
2498	1679
3421	71
1646	100
509	50
3100	284
2489	1113
4156	2947
4243	1679
1552	1215
3823	2598
2101	1727
1679	650
3952	1679
1286	36
622	321
4640	854
4156	2249
4756	553
2065	100
1905	1287
2845	1679
3419	43
3860	1966
461	269
1726	1375
4600	4399
3080	269
4271	1377
4342	2336
5059	3116
4415	1036
1537	1425
553	92
4156	697
3488	1727
4478	735
4130	230
5062	1491
1845	1679
4970	1679
3827	2171
4257	2802
4259	812
3459	25
3538	2374
4897	2515
2640	584
3397	521
4775	674
1527	443
1422	1294
1679	1265
2835	857
4376	2708
4156	1926
3850	1527
4105	3107
4844	4631
1689	1240
4156	1680
3565	651
3116	1404
4897	1108
3174	2489
3457	33
2460	2181
4723	958
4480	855
3116	288
3116	1870
3493	735
3984	2835
3659	1679
4105	3074
2476	961
2835	509
3920	1238
3122	670
3290	33
3690	3116
4268	509
2249	2020
4775	1544
1726	1543
4480	1215
1307	1060
4105	3236
1670	1135
4517	92
2835	1110
5009	1504
3573	2351
3553	1679
1692	866
2453	1585
4156	2584
2934	797
3026	2573
3395	3096
2778	1679
2181	354
580	443
3061	2034
4120	347
4145	3250
3824	2187
5040	970
5110	2625
2814	1679
1679	1311
709	156
3481	2837
924	299
4412	1876
3555	1679
914	746
3984	2216
1747	548
3422	2047
2812	1422
2798	1883
1703	1392
4156	3604
4201	3344
1679	1098
5151	2584
3486	1679
1505	926
4905	3061
2525	1277
5020	3528
1616	239
3046	1585
222	67
859	36
3573	2550
1873	1549
2476	1674
2834	2216
4600	1883
4391	1119
4189	1477
1424	1113
4112	1679
4048	2845
4775	3065
1704	547
3441	299
5103	4600
3319	3116
3845	2047
4418	1248
4452	3147
1136	737
4105	2074
1742	1248
4480	4271
4294	1433
2051	1980
2495	1654
3685	622
4525	2845
4070	675
1513	381
3453	1051
4145	1912
3536	1780
1679	583
1533	1119
5160	1679
4235	547
4170	904
2815	1679
3538	2460
4017	2731
4271	1680
1113	129
1527	710
2845	1527
4978	4789
4410	2469
4905	985
5142	4493
3143	1024
5153	788
2798	855
4202	3853
2593	401
1527	313
1505	832
3615	3116
1051	270
1845	1527
4923	788
4874	4729
4943	4088
4970	195
4060	3116
4729	1573
2930	1679
4480	3202
3419	1094
2835	1503
3739	2049
3237	791
2627	2048
4376	2277
4295	1534
4336	71
1755	1723
943	866
4970	3851
4480	1180
1396	1348
4871	4156
1527	833
4901	539
1873	570
3717	485
3382	1402
1990	92
3121	859
3026	2835
2216	256
4640	3107
3930	2055
3211	3151
4775	2951
5087	362
2591	2036
1750	1740
4596	3100
2216	1336
3061	1108
1750	1679
1505	1251
3476	1246
5122	5089
3419	2246
3611	3116
4538	2057
4405	3116
1527	648
4471	1747
2706	1461
4480	4325
2798	192
2506	1527
2495	1135
1679	223
4525	1505
4696	1679
3300	2835
758	126
3116	2098
4326	2865
2829	773
4775	4232
1208	7
4562	3116
2166	1113
2534	2326
4416	2476
2835	2249
2704	174
1828	882
3984	1909
3272	1113
1617	1573
2835	961
2831	119
580	192
4863	1423
2658	36
3996	3086
1803	1753
4674	2209
4841	616
4156	2419
3413	1938
3810	1215
2013	442
5146	3754
680	418
2362	553
4857	4795
2322	823
4156	1812
2185	1117
4728	3774
3881	3116
3956	1674
3116	2074
1679	1403
1108	618
2627	618
3827	2961
4841	1679
1491	1183
5087	2867
2818	1979
1966	309
4775	1113
1742	107
3421	50
4478	4461
4130	2246
4325	1553
3067	552
4598	704
4525	3984
4350	1479
2803	833
4329	20
2362	1108
4482	1679
1360	730
4131	1341
2362	230
3837	1906
2224	1679
2048	340
4141	1009
3988	1215
1503	938
4430	2934
3984	2547
3390	2290
2735	1686
3380	2662
2210	651
4591	4156
3745	1679
4175	3317
5012	1679
4923	4045
3944	1491
4558	2014
1912	1486
3581	1549
2560	942
3116	1695
3538	1617
2041	1527
4189	1726
1883	1302
3565	1537
1913	1842
3810	1633
3810	2714
3310	7
2399	1692
2048	510
4525	3202
3190	1527
2014	1585
1492	1255
4301	372
2417	1113
1909	1271
4190	3552
4070	3601
1934	682
4232	4156
3439	349
1679	1477
3853	2472
2530	230
4577	1690
3116	1890
2627	2142
1527	1180
1892	791
2169	1679
4624	1109
1679	16
4271	833
1912	1726
2956	1679
2704	1494
4809	2064
2533	1679
4111	2916
1316	905
1078	812
4624	1679
4271	2530
4068	1679
2306	571
4738	4369
4775	326
4580	3739
3245	2521
3604	195
5151	2591
2755	1215
4271	1109
3326	626
4211	319
1398	272
3235	948
2227	942
4105	3803
3116	2324
687	417
4268	375
3886	1679
4156	309
5142	4560
3395	3154
5083	4708
4723	3568
3327	1679
2958	1350
4772	4145
3060	1056
3544	866
903	7
2867	1679
2019	1032
1679	1096
4474	1061
4701	1679
3269	2724
3573	3400
3116	811
4526	4478
5135	3536
2504	1371
4728	4393
5087	2312
4350	2000
3339	204
4196	4156
1863	1679
3324	1679
1465	172
3538	24
3739	2108
4325	1180
4350	35
4787	3568
3276	2115
4538	3270
5114	2775
3250	680
2812	1727
5070	4631
4156	1906
3382	3116
2584	1679
5085	3574
4739	1215
4635	881
2573	574
1878	885
1553	403
3831	3116
4907	4674
4775	3162
1619	1294
2931	2704
2361	1113
2051	420
3161	151
3724	3322
4598	2216
5146	3905
4390	1215
4156	151
2249	1215
1645	123
4156	3376
4968	4580
4156	1113
5153	1109
4729	728
3116	2924
4957	421
4478	1883
5078	3237
3614	730
2023	1873
3486	1573
3842	3044
4583	2711
2323	2019
5147	4308
1479	571
926	345
2525	1548
2974	1270
3981	624
3116	265
5122	2417
1870	722
3116	3047
2853	1365
4620	961
4756	1548
2985	25
1285	499
4328	1007
4989	1215
3739	3623
4923	2176
3843	1679
5062	2798
4496	3344
3401	2491
4598	4156
4105	3550
4615	663
4405	1270
2263	1185
4583	192
4502	4487
4060	1527
3975	3413
4871	1113
5145	3538
4022	2951
4972	735
4685	570
1679	80
4202	747
5062	3116
1113	553
3528	2934
2364	268
3953	1030
4257	272
2550	1679
4156	2666
3344	373
5129	4156
3825	2254
3484	22
1527	1377
2794	1897
2409	1537
3467	867
4179	2149
1108	948
3161	1513
4525	1390
2181	1477
3953	2052
2216	1812
4949	2550
1422	452
1422	652
4951	4615
2818	2347
1891	129
4478	922
3351	230
4583	7
3116	2973
4580	1573
4208	1679
3604	680
4882	3843
3496	1979
4097	3810
4399	3512
4471	4105
2625	349
1679	1619
1679	1215
4708	2936
4841	4120
4526	2216
2993	413
2864	1491
1122	1108
2934	2235
1061	418
4294	3536
4156	4069
2460	381
2249	25
4156	3527
3161	651
4105	3481
3114	833
3747	195
4301	1777
4480	580
2974	1527
2478	1548
3116	1745
2347	1527
4070	2216
970	739
4156	1679
2246	867
2336	1451
2913	2593
1492	1248
4397	1504
2495	55
4022	2353
4435	651
965	652
1479	7
2893	1878
3646	1156
2185	442
2034	1093
3376	833
3484	1001
1215	973
3116	241
4879	3502
2362	271
3317	2618
3853	855
1778	1679
4631	3820
2909	2656
3134	417
2755	833
4533	1679
4030	2582
4196	788
2724	579
3959	3851
3353	3116
4153	1679
3810	2057
4841	230
5134	1324
3439	1679
4750	1108
4289	1679
2243	898
811	224
2909	2020
4064	1722
2259	2106
4775	1007
4206	67
2023	1537
4894	7
3161	1477
2858	985
3930	1573
5102	957
5126	1564
1286	1135
4172	1679
4095	2534
1726	663
4527	2594
1679	1552
4621	3981
2027	1037
5084	3235
4739	192
3238	1679
5114	3548
4775	1592
3839	269
4336	2744
2362	698
4791	1679
4156	2013
3460	2694
2241	1422
3397	1679
1824	239
3815	1147
4216	3457
4271	1946
4070	1188
942	22
4111	3701
5085	1533
4757	3382
4156	3185
1679	879
2706	255
3988	855
4525	687
2216	1491
4972	4863
4376	3351
4163	2191
3107	1265
4970	2018
4859	2227
1679	841
3863	2591
4361	1176
2210	1527
3116	1692
3116	2543
2521	2472
4817	4045
4480	1377
4496	1011
4308	1477
5008	2567
5126	3739
4879	942
3897	2221
4593	1113
2837	2370
4311	660
1176	994
4803	1679
4144	2704
2342	1366
4778	4156
4848	2027
3213	345
4798	1623
4876	2504
2176	2142
4163	1740
1614	1036
3678	1527
2835	477
4397	2893
4399	3056
4257	832
4201	748
1679	1560
2708	1122
5072	3493
5062	746
4529	1215
3116	620
4600	593
1973	1679
2704	2277
2934	1692
1671	904
4235	904
4775	4353
4978	885
4393	2775
3717	1180
4480	2755
3774	859
4545	3736
3272	1191
4358	2901
3843	1108
4412	2156
3528	632
3920	3840
4580	925
3843	1527
1679	770
3237	748
1438	50
4819	4022
2353	260
2370	758
880	580
942	7
4156	1338
4775	4332
3528	1679
1883	1742
4217	3116
3565	3103
1527	1097
5039	499
2745	1185
3152	1422
4156	2617
4591	2843
2802	2335
1727	1156
4863	2173
3380	2814
4533	1684
3649	3515
1037	526
4711	1727
3646	2347
5149	1727
2496	643
4880	3754
5063	1913
2835	648
4217	1679
1093	748
2489	948
2800	1679
3852	2740
4156	354
4399	1588
4738	1085
3853	2216
1513	1271
3302	1859
4546	1215
3536	1215
4088	3646
4156	1122
4920	1462
4405	245
4201	3959
973	757
1710	1185
1671	1117
2684	1404
1186	320
3380	3147
3867	738
4399	1108
4129	903
2598	1888
3098	1527
2661	1544
1422	1075
4956	238
3188	1527
1679	1360
4714	1215
3317	1527
3568	195
3848	67
3300	2755
5033	4271
963	890
2362	618
3837	1461
5087	4202
3211	1679
2833	1270
4435	4156
4301	413
4502	3908
4827	119
958	260
2476	902
4202	580
3272	2805
3742	1324
1221	413
1426	1113
4844	1501
4775	2013
2829	1537
2509	1527
4120	3650
4951	1679
1889	1679
4819	4588
3589	3107
2041	71
4978	3395
4405	786
3116	1180
3116	569
1549	676
4775	2947
1742	922
4951	3536
2684	946
3358	1727
5135	2216
4143	1543
2108	263
3380	2763
4978	4848
4236	3237
1884	1704
4201	2069
3395	151
1108	168
3103	313
2689	1270
1215	609
1108	914
3736	2254
3565	105
2234	2216
2961	257
2525	935
3441	2775
5072	2763
4664	4321
3769	1727
1936	1078
5062	154
3886	1705
4525	2210
4156	2175
1679	1167
4110	255
2891	263
3344	1338
4557	579
3953	1537
1527	129
4202	3116
1912	326
3742	2307
4201	1791
4478	3591
2725	1726
4863	4273
4406	2845
1800	663
2142	299
2208	1679
4789	1215
2347	1549
4993	2378
1993	106
1901	1679
4775	905
3944	1746
2216	453
3591	2285
815	151
4972	3419
2216	1993
4972	3121
4144	2335
4778	2959
4070	373
3361	1504
4827	4598
2924	1215
5097	1049
4067	697
2362	509
3076	1679
2342	1352
2288	877
4105	166
2194	910
4156	1809
2351	1679
2685	1113
3382	115
2728	1527
1619	269
3513	1679
2535	2341
1844	581
2924	2241
4880	4236
1537	923
926	746
3757	7
1172	1108
3121	1527
3331	1591
3083	1085
4591	1679
4882	4170
1549	925
4206	1484
2190	1710
1225	773
4631	3769
3419	1560
4326	618
4957	1679
3686	855
3565	449
2704	1533
4346	1187
4827	3580
833	111
2410	1215
4525	1338
3581	3411
2755	340
2837	1641
4845	1679
5079	4943
2221	471
1566	1527
3056	855
4653	3690
4111	2216
1117	442
2617	1513
4819	4631
2290	1580
2547	1108
4175	22
3905	3237
4502	4156
5142	3905
3536	618
3944	452
2723	1061
4569	4156
4470	632
1270	272
2835	1747
4461	2726
4795	1085
4775	3522
3345	1679
2735	2051
4478	2993
1654	192
4631	2930
3779	2593
1679	739
4708	4201
4271	1617
4208	2216
5035	357
1003	452
4600	3512
3536	593
2149	1186
1679	1058
2065	1501
2210	1503
2792	2739
3202	3121
5063	2108
4156	3581
3419	3056
1780	1215
4192	1679
5151	1324
3658	3534
4238	269
1185	942
3012	92
1404	746
1727	193
4600	2803
2360	604
4162	477
5127	2362
1533	694
4156	1883
4474	1113
4879	757
4275	269
4711	2224
4922	1679
1847	376
1679	1032
3644	1679
2166	174
2299	449
1679	743
3186	2159
3116	2534
2406	1655
1705	1359
1527	1512
5008	580
911	272
5062	923
2871	2411
3839	3103
2018	1460
4801	2361
4717	3116
4156	2246
5159	313
4809	3380
3292	7
1912	1585
1527	1113
2671	1679
4132	2142
1704	573
3116	2268
3488	985
2763	1503
4395	3696
1667	1477
2261	1215
4571	1679
4201	4131
3589	1455
1884	1288
1679	903
4105	4007
3116	2109
2798	859
5149	2704
3573	3496
754	73
1679	888
3460	2893
4702	3116
4216	1679
2362	272
3116	2826
4156	3339
1203	50
4064	3237
2290	585
5014	2906
4525	2471
4002	174
3757	476
4156	1936
4907	574
5146	4880
2306	1108
3380	1505
1679	965
2112	1061
3488	174
1527	1280
4905	1108
4008	1670
2934	2666
4336	3400
3930	2347
3185	1710
1987	1873
4105	2781
4702	3920
3116	2336
3086	2181
2335	2311
743	192
2417	1726
833	510
3369	948
3245	1905
2741	1679
4789	1679
3851	1671
1912	1429
4809	4789
4301	1067
3273	1679
3724	476
4722	4631
4274	618
4156	4001
2913	1873
4156	4110
4156	1952
3820	1679
4271	1510
4271	1923
1679	923
2917	1422
3056	1135
2547	1873
1905	1108
4624	1377
2963	1726
5008	1302
3754	3237
4273	3056
2342	1128
4639	2105
4857	72
2716	202
4045	1883
4201	564
4273	1461
694	648
3310	1679
4105	126
4151	1030
2216	444
2216	652
3493	28
5072	2584
4529	2625
3565	1710
3803	1674
1679	421
3959	230
4802	2835
622	52
3484	2013
4978	1267
2755	1679
3635	670
1180	788
3853	284
4467	2904
3908	663
4600	580
3598	1104
3995	1553
1679	137
1549	444
1549	784
3060	521
3116	1107
1679	32
2041	1923
1710	64
3061	33
1679	1011
3646	3581
5026	3639
4311	41
2593	1251
3025	2835
2899	1679
4525	2835
1695	1617
2982	501
4156	134
5062	770
4923	3512
4598	1527
3380	1386
4801	1527
4775	1364
4801	4525
3116	2752
3731	585
4199	3116
4070	2299
5027	1527
3552	3094
2342	929
2057	1679
3750	2934
3513	2214
4393	788
3188	3116
970	618
4236	2692
4035	3067
4775	272
5114	3289
3395	454
5158	313
2490	27
2492	1897
2437	569
3968	3574
3484	1679
5146	2801
1215	248
4624	1527
2775	2755
57	56
3046	1679
4131	3439
4631	2059
4561	3382
4513	2466
3602	1527
2072	1710
451	449
1085	687
3004	2312
3538	381
3982	3432
2110	1215
3237	1093
3114	3061
4544	1392
3026	1366
3576	1543
1679	952
4125	320
4435	3810
4863	4525
1398	1009
2993	1215
2036	747
2051	929
2929	1451
5102	3211
1215	526
4395	3713
4815	4095
3116	1365
3116	784
3984	680
3392	3244
4365	2857
2980	1679
3742	547
5008	593
4156	1862
4486	2744
1260	192
4631	1797
3589	1623
1884	151
4467	1684
3493	2901
4143	1679
4631	1809
5145	2490
1679	56
3581	25
4972	4273
3963	2074
4580	509
4156	3851
4775	740
3061	748
1878	687
4331	1679
2570	1332
4480	510
4105	2689
4145	911
4393	1553
4580	975
4156	55
1679	202
1679	1057
5026	4557
4463	1527
4271	1905
4544	100
3484	364
2051	1352
4201	3421
1745	1537
3422	238
2677	285
5126	2956
4163	2456
4642	1679
5142	4236
3069	1679
961	174
2291	1751
5102	1979
4879	4729
3505	3114
1665	313
4090	1108
2051	521
1679	639
3853	2521
1136	124
3272	1646
1679	1512
3107	1032
2744	687
914	639
4410	3496
2898	1679
2312	1679
3649	230
4787	442
2755	111
1094	947
4045	510
1966	1527
4739	3705
4598	3548
4422	2216
2864	1527
5087	16
1109	92
2573	2342
4480	3458
4657	1679
4841	3713
3116	2023
4882	2901
4326	788
4538	2818
4723	578
3747	3566
3114	2437
3754	3114
1679	485
3116	65
4466	1679
5021	2534
4728	2755
3369	1614
4580	3319
3151	3114
1679	595
1537	272
4418	964
4634	2904
3905	3367
2835	2763
4267	4105
4156	3419
3646	1617
4130	2934
1979	1215
1549	662
3713	3116
3754	3566
2034	1461
4201	1878
1667	272
1496	823
2049	92
4328	1858
1710	1492
4750	2835
2687	1108
4570	1887
5087	4615
390	92
1895	1679
1115	7
1679	1320
2569	413
3704	1679
2060	1208
4525	3098
2755	2530
4405	1063
1812	1679
3488	2370
4598	4111
3011	1737
3946	1679
4360	4023
4325	1527
4038	2216
3853	2489
3589	50
4728	1979
2135	1710
1527	1035
4727	3573
3254	501
2515	2246
3492	281
3829	1726
1936	1352
3116	2181
3705	2985
2985	570
4366	1747
4271	441
3226	2411
4271	3202
3606	2465
3061	338
4156	1423
3400	1041
4923	1553
5099	313
2048	111
1248	1117
4201	1398
4386	1679
2051	1936
2249	942
4728	3357
3357	833
1461	32
3742	3198
4271	611
652	485
3188	2573
2241	1465
5026	3435
4271	3474
3419	2627
1649	65
2985	92
2755	25
3840	2489
1549	1465
4410	3853
4787	3860
4273	2835
4162	2436
4545	1460
728	682
4001	373
3116	1187
3713	2569
2023	1671
4156	3242
2930	2625
4544	570
5093	4366
3612	22
1465	1422
3536	855
2342	1628
3026	1710
3736	3546
4735	3568
4097	2675
4156	1560
1667	1113
4787	4418
4775	3225
2040	1136
4880	3061
5009	4789
3116	27
3589	3548
2194	92
4231	1873
4598	880
1527	1477
4369	1727
1438	758
3413	451
3441	833
4664	2482
1873	584
5126	2835
5146	2174
5083	3565
5122	5063
1670	299
2237	1679
3528	349
4775	1335
4413	2342
2370	313
2837	1668
4808	4105
4259	2051
4474	3810
4640	3116
1975	247
2726	1036
4711	3512
3536	1552
1619	77
2181	866
1979	1775
1679	1165
682	193
4674	1602
345	28
4201	2771
4045	3416
3132	269
4879	4115
2970	1679
3602	924
3116	262
2625	663
2704	2180
1847	687
1689	970
4350	1185
3376	1895
5105	4294
3493	1113
4105	2710
4882	2725
3552	3375
4513	1320
5122	264
4165	3015
2496	1721
3186	3116
1746	1527
4960	2395
5069	4533
4271	2798
2317	1527
4789	2547
5087	1508
1007	988
3382	946
4801	2924
3839	2040
3758	1404
4580	1913
2951	671
2726	1930
1873	1028
4342	2057
3536	687
3566	2241
3884	2308
4129	1426
5089	3245
3116	3098
2704	245
1679	415
5105	4156
3488	1897
2027	1679
5093	2208
4162	1679
2165	1679
4660	4349
994	677
1679	958
3067	1108
4271	3548
4775	3250
4827	3121
1527	784
4070	440
1912	1537
3237	1906
4480	111
4882	4879
2437	2185
2370	1641
4201	3538
3178	3116
3376	340
3300	2027
4399	2048
4503	2057
5129	5114
564	92
4923	4326
4001	3724
1324	309
4905	1462
2714	924
2569	1105
4170	3952
3608	1244
4198	1740
1603	510
1262	746
1780	1747
4949	2835
4580	1075
4458	247
2169	1727
4798	126
4144	374
4685	2985
2546	1187
1952	1165
5060	873
770	413
3159	821
4153	3060
2887	2867
3430	680
2456	862
2661	238
4206	535
2547	2064
1692	704
2684	1662
4070	3769
2504	299
4525	255
4843	1722
2625	142
3336	374
4714	2723
1679	1425
3361	471
3950	247
4308	1657
4202	476
2465	1527
3116	56
4787	1117
5078	3837
4529	2216
1491	1176
1215	896
3831	1679
1679	973
4845	3581
4478	896
2629	1883
4156	2026
3614	284
4295	1679
3317	2934
3116	1709
443	195
4271	3713
4129	2410
1215	570
3581	1679
1665	269
3289	580
3759	3116
3685	2209
4156	1606
3696	3536
1679	239
4629	3013
5103	7
4088	3121
4129	1549
4105	1437
3646	975
4827	3995
2177	609
3810	926
1800	898
4809	247
4360	53
3434	272
2770	7
4235	1884
3245	1058
4130	1679
4525	2048
1679	235
1679	1504
2048	1180
3105	3101
4772	1679
3198	309
2166	144
3300	495
4308	2826
4939	4585
4271	1359
3987	1679
2904	1348
652	72
313	75
4393	4273
3116	2607
4012	1897
2901	250
4162	2136
3677	3605
4891	3116
2222	269
4087	3840
3159	585
3488	914
1642	1527
1679	256
3413	2640
2663	1911
5027	925
5145	2374
1756	1422
2342	812
4873	3995
3421	1717
3815	1617
4819	1037
2728	2031
4156	3253
2460	1826
1679	257
4110	973
5151	3536
2838	791
2667	269
5079	2909
4978	1888
648	101
4620	942
1679	1662
2312	417
3289	476
1527	1505
4804	1679
1746	910
5085	2347
3905	2034
5062	709
4593	4156
4759	517
4325	4271
3552	2974
2937	2051
4156	4129
879	539
898	22
1710	1684
4002	2547
4393	4271
4201	3739
4129	773
4525	913
3047	2625
4097	1727
2191	866
4844	1679
3613	904
2202	1185
855	688
1367	542
2406	2049
2058	1679
4970	347
3832	1679
3116	3095
4728	3171
1352	1201
4775	1370
4163	3116
1510	1215
4520	3382
5087	783
4208	3380
2222	1679
139	7
4588	1549
2936	2166
3086	11
1747	67
4502	284
4789	2931
1906	748
5041	4267
4271	3870
2307	1679
5107	2835
1267	67
4653	2863
4775	3333
4631	626
2290	142
3639	2027
4513	3545
3361	3116
4487	1477
1215	1043
2495	65
3458	2246
3959	2931
4734	4156
4580	3701
5062	2051
4882	288
5114	833
4022	3757
4415	3116
3366	1742
4350	3911
4301	970
3026	2687
4526	328
1722	985
4384	1527
2731	1176
1742	1679
1553	1180
3213	285
4274	4024
1938	1726
1873	1666
2687	1679
1566	924
4492	2156
4645	4376
2216	682
2530	1527
1679	506
4674	1147
3469	1671
3416	867
4581	4271
4717	2534
1845	33
1800	687
4358	3701
3116	2389
3604	3536
4045	2177
4211	95
1549	1422
2504	593
4097	2216
2834	2694
2460	166
2299	2222
4525	1001
4876	1422
4480	1603
4326	3492
4245	174
3851	2185
4775	3357
4271	111
4105	2792
3995	2627
1041	168
1727	1543
4308	1750
898	687
4897	3685
2185	2013
1727	1643
2312	593
873	694
4144	926
4957	3116
1374	1095
4417	1007
4614	3116
1398	100
4961	1679
3548	1679
3536	1614
5087	1215
4728	2034
2420	1465
4170	3343
4894	4105
3574	2864
1422	184
3619	2373
4775	4111
1679	230
4600	1423
4308	1917
3339	1215
4620	1948
3421	2362
4413	3133
2546	2460
4086	881
3116	1913
3663	1679
4496	2687
3494	417
3338	2108
1679	356
3963	3493
3416	2495
963	652
3488	2858
2216	1239
4410	1673
4809	1679
823	27
2956	2929
5135	1679
4560	3754
4968	2191
2905	2110
1679	1435
1943	612
2243	639
4268	349
1172	879
3968	16
4271	3536
1422	1215
1549	1085
1679	1218
1187	381
4598	3754
3317	1122
4640	2835
3536	3116
3810	100
4598	4246
510	111
5041	2674
107	67
3724	580
2560	1679
4271	690
4459	3361
4238	1666
4972	2031
4156	2177
4156	802
3892	1737
3930	326
107	7
4801	4156
2439	1573
4819	222
2460	1679
1203	27
1844	449
4153	1108
850	119
5142	4156
3361	2460
1414	1113
3839	3565
2704	861
4840	3774
4478	3536
3235	2726
4271	542
5142	3300
4156	337
4702	2704
3566	3116
2406	92
2801	2209
5077	1679
4696	3905
4160	1010
5028	3668
3736	704
1679	1194
4525	1580
4236	3837
4826	332
3650	347
754	257
3121	580
4600	3988
4358	120
2410	1679
5122	3786
4463	3116
4775	2311
3745	3116
3668	1527
4325	1588
4336	970
4410	325
3566	601
4196	3121
1747	356
4819	1117
2755	2048
4558	326
2818	1503
2227	476
1527	255
3870	3581
3860	1248
3343	271
3808	3343
2573	1108
3116	911
3004	1906
4156	2904
4030	2901
2755	1061
3758	746
2506	2490
4106	1215
1061	345
1745	891
1747	687
1774	252
4561	1721
3095	2410
4476	2521
3566	1105
4156	851
4268	3343
5027	4184
4873	4399
1695	272
3566	2801
4039	1710
2347	2290
2222	1032
2216	92
1505	1113
4156	1895
5035	4557
4478	2835
3920	2835
3116	2714
4727	3496
3724	2521
3100	1825
4696	601
4615	1953
4418	904
926	92
4156	4036
4841	1215
3926	2039
3853	3518
4492	1753
3247	855
5035	1248
3696	3116
4728	4145
4584	2547
425	269
3382	1527
4775	4130
1215	250
1510	973
2625	1063
1966	100
3736	890
2052	846
1679	1668
4525	3382
3757	28
2973	1873
4871	400
2027	1946
1455	861
1603	1108
4336	2064
4151	2342
1537	153
2534	1537
2013	1671
4791	3810
3069	230
851	7
4235	2584
2366	1585
2048	1377
1679	1187
3458	3116
5145	1527
2014	1527
1633	248
3400	270
1747	903
3116	670
4413	1873
1926	25
4525	269
911	739
2051	879
4274	3853
982	521
1686	812
4902	3488
2048	1603
2013	1185
4395	652
3555	579
5009	1883
5062	4353
4273	3685
4294	1847
3754	443
1667	1505
2983	956
4156	85
2513	1679
2934	1727
2615	2071
162	67
4461	3469
1679	272
4271	22
3742	1884
2582	2106
3185	1671
4201	567
4211	948
4165	162
3704	272
1424	1034
4583	1775
4115	1679
4600	2798
1390	374
3366	1505
3653	866
4206	1403
1903	1727
3649	3568
2792	2047
1721	154
3413	2835
1747	991
4170	2166
2166	72
2755	1680
3385	985
4880	3566
584	27
2654	2561
963	7
2277	1250
3107	2837
4198	2361
3736	2024
2905	2599
1872	1856
3132	2033
3114	2755
2627	510
4821	417
4458	1679
4702	704
1156	100
4254	3669
3486	694
3107	806
2835	2347
1679	1303
3493	2930
3116	322
3920	3300
4402	1726
1537	794
4156	3202
2456	1215
3747	1655
948	43
3237	2692
3116	1946
1747	873
4640	2216
2584	1953
3116	107
3116	690
2229	321
1692	1390
2323	354
4598	3995
5072	894
4455	1215
3376	510
4882	65
1873	72
3434	3116
4841	4156
3782	1352
2688	107
5072	2224
2934	1966
1953	309
3672	33
3474	2798
3851	3650
4156	2838
1679	1270
1674	349
1209	1136
3646	1085
3690	2863
4046	269
3484	7
4399	2246
2865	1670
5062	2569
5078	3114
4886	4230
4581	1679
4271	2490
1609	1527
4105	4046
1617	694
4558	2465
4273	1423
1679	1147
4598	510
3825	2800
3262	1679
1527	788
3111	1186
2835	417
4064	632
452	366
3545	3422
4156	1286
3580	3505
4211	1108
2971	2308
4097	2625
4882	1367
3419	2489
4972	3580
4923	1377
4575	682
1897	35
4538	3116
5087	2591
4156	1491
1679	607
4863	3344
5087	682
2617	882
1673	1185
2724	694
1679	597
4943	3580
3349	7
4363	3116
4880	2692
4412	4311
2755	788
4819	1560
4273	3736
3536	2525
3344	2246
4438	1679
1491	309
3116	1964
4165	121
3442	1756
1679	662
3319	3107
3988	2176
5102	41
2410	272
4207	241
4775	4066
4827	510
4631	3413
4156	970
3421	2704
3565	1665
4831	4701
2430	2395
5083	1491
2216	1036
4184	373
3685	476
4271	1553
2414	2277
3602	1215
4514	1251
3843	973
1727	1398
3988	1108
4889	4156
4131	1275
4598	3580
3116	245
2560	1503
3185	904
3116	2985
1527	854
2627	1270
1527	269
4775	2210
3116	781
4048	3688
2370	2342
2598	100
4145	1113
1679	495
3669	682
4859	1905
3486	1580
5020	2974
2209	7
4156	2569
4876	867
4765	272
4105	250
5085	694
4378	3056
5085	238
3573	1108
3462	230
1705	999
4270	2341
5069	609
1743	1527
4596	2573
4271	2755
3369	1215
4202	443
3619	2898
3564	2692
5026	3783
4600	3685
4493	2521
4863	1135
1588	763
3750	1422
3025	1692
4271	2210
4960	4645
4560	722
4376	3190
2727	958
3754	3367
4841	444
3270	2156
1527	1428
2306	1548
1215	374
3322	1964
2465	1585
3230	866
5041	1496
3273	2194
3493	1667
2276	1603
2216	142
4480	1135
1704	1679
3265	1679
2835	285
3604	687
4156	2020
4817	1527
4201	2370
1679	691
3536	859
3905	3864
1428	618
4583	3247
3566	2437
1450	1121
3116	2466
3839	421
3795	1422
4271	119
2472	1905
3380	2658
1108	1094
3860	1117
4480	4045
4086	3848
965	413
1717	1451
349	100
5026	4245
4290	905
2625	1326
4871	3101
1872	1105
3161	436
3870	214
1527	485
4972	4045
4207	1527
1215	28
2876	2593
3103	3095
2216	493
4413	25
2214	1185
3474	1180
1527	252
5084	1036
4789	3395
3000	1679
5072	828
2406	1085
4386	1009
1679	926
3677	911
2904	1113
4156	2136
4156	2880
3485	2724
4863	2627
1505	285
4144	4010
3493	1654
3369	2726
4418	3198
1527	1208
3840	2055
333	269
4086	1559
3685	746
1828	1049
4003	1679
4480	1109
1680	1527
5008	4088
3493	3366
3864	1723
1747	134
1527	759
1549	284
3369	2013
4153	539
1609	903
3695	11
1679	1377
5134	1884
3416	946
2347	1951
2525	2345
1423	1135
4580	2802
3736	1267
1727	696
5060	3442
4538	4393
2803	299
4271	1122
1617	1147
894	680
3591	1135
4695	4580
2241	33
3908	1433
4201	35
833	443
4410	25
3358	1537
1215	364
2675	1679
3322	2472
4308	3704
1642	1573
2214	581
3272	364
3116	192
3774	2835
3421	1679
3116	2486
1681	289
4206	25
2395	614
4273	1135
3101	2406
4145	1147
3580	111
3977	269
1674	67
4635	4086
4144	2108
1884	1684
3235	2489
5065	4631
5013	1679
991	542
3270	3211
1527	340
3713	2951
1429	7
2221	2214
4170	1710
2307	1844
4156	1979
1679	1109
4819	3185
3272	2624
3226	2361
1573	1147
1679	773
4525	1573
3953	2414
3581	3372
1679	671
3366	3226
5051	1679
5142	609
2142	593
2216	2065
1876	7
1679	1195
3782	929
3151	1723
2361	1775
2974	2299
4151	652
5146	3367
3116	444
454	92
2775	2627
2803	1680
3685	2684
3502	413
4294	2307
3185	1726
3484	1747
4097	3840
2823	1679
2403	41
1527	1119
5142	1856
4972	1113
3408	1679
3536	1893
1736	473
3513	3116
3185	2013
5102	704
1679	1100
4775	4335
3920	2598
4544	970
3840	2277
1859	1710
1679	252
4118	1007
4758	983
2246	2041
3116	2582
4145	281
4120	925
3116	238
3108	1679
4775	1281
4514	2794
4560	1872
3837	2241
2530	788
3808	1679
4480	1679
4254	3810
5042	2341
3419	3116
5079	3995
3685	2142
3757	3322
3343	1544
2312	20
3322	1905
2533	2285
1340	1215
2934	1109
1316	202
1922	1679
5144	2465
4232	2108
4798	1848
4406	1531
3271	1679
2774	2395
2216	1367
3820	1873
3024	2216
1674	877
2667	2466
2743	1386
3237	2241
4750	3116
1270	443
4156	1750
4702	660
2688	1742
1679	846
3920	3247
2561	1673
4502	3946
1422	687
4156	718
3747	1085
3650	2299
4653	1679
5087	4036
2218	1726
4831	4123
4480	833
2735	2360
4156	3616
4197	3376
1679	1224
2561	2051
3322	1058
2181	943
2692	338
1396	1119
901	866
4729	326
1553	1135
4527	2951
773	364
4478	2105
2311	903
2706	2478
2934	2216
4088	2142
3829	3116
4458	2667
3842	1504
1560	7
3988	2246
3612	509
1979	1862
4711	309
1243	176
3995	510
5142	1872
4923	593
1108	443
3747	1479
3650	517
3457	1147
2031	389
4631	4129
2661	313
2593	1422
2342	1172
2341	33
4621	855
4206	3825
4775	3099
4399	735
4156	3704
3581	312
2342	1641
4853	286
3193	696
2306	1679
2466	1294
4702	868
2703	1479
4714	1727
4560	3837
687	309
2108	1505
5078	4880
4809	1609
4156	3486
4325	2142
4390	1225
4321	1024
2389	1679
4968	1176
4169	3105
5153	2775
4600	2142
2316	1165
1978	1679
4525	4376
3580	3121
4750	4336
3116	2803
3116	559
2360	1936
999	401
1505	942
1679	7
3114	2174
2901	1215
867	731
4179	1747
5151	1422
4001	757
1117	904
1852	451
2700	33
797	120
3984	313
1641	1623
2902	1527
4259	2735
4294	309
3496	142
5127	601
3435	970
2417	2216
4972	3995
4580	2370
4970	2013
4206	162
1670	593
4580	1505
4156	2845
4087	1679
4867	866
2013	1109
3505	3026
2417	92
2835	1288
4517	3116
4557	3395
4525	345
3769	991
3739	1679
4863	4674
1740	1477
4406	1671
3060	982
2748	1113
1873	1034
4156	704
4664	2051
4311	697
5145	924
4600	855
1215	697
3742	1460
1215	580
5110	2593
3116	820
4525	3930
4766	1679
4695	1527
1695	1679
3026	574
1422	924
3505	1109
1588	1527
2159	181
5151	2917
1108	313
2755	1109
1780	248
4105	1277
3848	3435
3867	3690
5065	1537
5079	3056
4711	1215
4775	1558
3995	833
4393	735
3114	1723
3422	1844
2661	1032
3810	55
5145	3205
4662	2560
3116	1035
5035	2243
2171	11
3547	1256
1113	444
1953	663
4615	697
5069	3619
4156	1553
1966	1873
4528	1679
2834	2731
5153	33
3405	2031
2407	1717
3231	1975
4425	1527
4840	2858
1912	728
2277	1185
3116	1046
3416	1721
1122	1058
3366	2796
2593	983
687	43
1527	627
5153	2041
4156	420
1573	648
4064	3114
3837	3114
2843	687
5087	4271
5105	1847
2342	302
922	7
1504	978
4819	3116
2569	579
2582	1883
4417	633
2593	2307
4879	1859
1679	1374
4467	553
1960	1679
4156	663
2216	975
2675	1352
2202	966
4405	3870
2796	1042
2108	271
3810	3344
2823	580
4329	2823
4580	151
1679	111
4321	3547
3492	3116
4350	2443
3696	43
3344	417
2796	1505
3616	2055
4156	7
4699	1679
3754	3116
4374	1527
4525	820
1147	493
2584	1847
3658	1527
1061	252
1481	1422
1873	698
4399	4035
4036	697
2014	1912
4036	3635
4461	2835
3870	137
4789	3010
1051	35
4105	1888
3930	107
4301	2142
4230	1679
3589	1641
4819	3639
2716	134
5122	1211
4621	1938
4271	3944
5062	2174
4882	4580
1662	1461
3810	1061
4525	1873
2362	2108
2582	421
4819	1215
2299	2045
4642	914
4151	151
3984	1527
4187	3747
2362	72
3564	1872
4985	2534
4945	1726
5009	4775
2051	1078
3568	1012
4086	2216
4970	1324
3505	3419
1746	92
4635	3225
4775	975
4156	3622
4023	3097
1527	690
5126	4201
3161	2374
3249	970
4775	1336
4775	2184
3321	580
4210	1537
3114	748
1185	964
4124	1422
5142	2569
2864	2347
3419	1946
5039	4156
3736	2124
4525	3105
4907	4580
1248	687
3431	2905
1854	1800
4153	2051
3658	3134
4390	991
2743	1396
5078	3754
2194	1938
3116	1746
1844	313
4750	3231
3116	857
2105	580
1844	381
3182	983
3646	881
2861	580
4775	1710
3004	1679
4923	2775
3864	3564
4789	1946
3750	770
3202	580
3538	583
2867	1460
3116	505
2775	1180
1710	347
4873	1553
4156	129
2826	1503
4463	2108
961	942
4145	2905
3121	1377
4642	1573
2014	1679
4515	4070
3116	1145
4983	1679
3132	2040
4810	1679
2993	1667
2216	1619
3984	925
3081	2414
4105	903
4410	4064
4311	4067
5129	2406
4156	401
4580	4144
5122	1742
1791	192
1679	501
4558	728
3188	1215
2740	471
4001	3757
4097	2142
4156	165
2716	1492
4871	3736
1642	1465
3585	926
4728	1270
2893	1679
2216	776
4844	162
4461	1780
4361	153
4095	344
3056	788
4271	2774
2661	269
1324	452
1951	1679
5127	4631
3390	272
4766	1187
2812	1679
4271	3061
3349	2216
5117	3494
1679	608
4500	3116
4492	4412
2952	65
1913	271
4827	4399
4069	1244
3963	560
5145	946
3100	72
2661	2299
1549	1165
4480	1680
4105	993
2240	67
3481	1641
4970	2615
3505	1527
4621	2725
3581	139
4897	3116
1513	354
3116	172
4702	2625
3614	842
2775	2489
3419	867
3544	1619
5146	4236
2361	1402
4857	2410
2763	733
547	452
4010	697
4972	4156
1735	1679
3409	1438
4217	1251
942	891
4361	1679
4259	3395
1872	649
3851	2152
3851	1215
1884	417
1679	204
4156	320
3850	3736
4775	4003
3116	1952
3860	517
1844	269
4326	1094
3067	230
2845	2249
4105	1739
4395	3685
3188	1873
1286	618
4070	1544
4111	1034
1710	698
4580	2549
1113	454
1180	833
4156	3783
2814	2224
1409	1215
3493	3026
2227	1058
4227	3116
4268	1404
1878	100
4808	401
4156	476
4970	687
4525	2924
1706	277
4090	2051
5042	4170
2347	694
4105	687
5083	1948
3116	1553
2241	7
4729	3349
1870	1277
1461	325
2166	92
1686	1619
5151	4311
2837	758
2249	926
3289	3116
4131	1787
3544	354
4418	1537
3395	297
2661	1438
3566	3114
5083	3054
2234	1727
4236	1105
4336	4201
4897	65
855	296
4452	4201
4615	1433
1108	139
3422	581
2216	942
4175	4105
4326	299
4634	2905
4328	2018
4156	2409
452	168
3152	1527
1422	345
4271	1642
2792	1521
4438	2437
2403	349
4819	3987
2801	2521
3782	2360
3679	911
2781	1215
1847	309
4775	1653
3782	1980
4336	3188
3139	2934
4775	3565
1679	238
1679	1520
4124	1527
2311	1539
1251	670
4034	1537
4702	3952
2005	1527
3202	859
4196	111
4024	560
2013	1710
4231	2934
4399	3121
4325	1680
3062	1679
3845	2617
573	547
2743	1215
5088	2901
1717	1271
1686	302
4070	2417
3613	958
277	55
3344	2311
1433	687
4105	704
4458	1504
1780	1108
2834	1250
4844	1527
4819	1884
687	168
4156	2775
4362	885
3004	1461
1108	7
1633	1117
4355	4301
1609	401
4575	192
1679	624
3509	3116
4271	3829
5078	1093
2993	2027
1679	1211
4557	33
107	100
4156	1938
3552	1826
2041	1603
3273	2733
3116	2904
2947	1527
4376	3959
3174	1679
3492	1679
4271	3774
4949	241
3832	3116
3467	2567
4890	41
4525	3829
4544	3908
4478	1094
4156	2041
4184	1911
4557	1161
4584	1215
4201	3597
1679	690
3853	1366
4415	2312
2593	943
2857	1679
3564	2858
4410	580
3290	7
1670	731
4580	1348
4401	1679
2584	1800
5114	476
3720	2049
1868	815
1061	823
4789	615
4993	2040
1679	326
4844	4038
3107	758
3004	95
4758	1679
1051	357
4561	946
2726	2506
4271	2476
4457	272
651	238
1679	499
2716	2185
5151	1847
4308	866
4480	2048
5102	3580
2242	922
3769	3116
1895	25
4631	1465
4831	166
2805	1549
1565	121
902	587
3382	1215
4879	3026
881	473
901	354
3047	1185
2714	2495
4525	1845
4045	687
3069	2216
1988	269
4435	2338
5107	3825
4939	1679
4493	1585
3840	2812
4156	506
946	7
4775	3953
3496	3290
4336	2312
1797	372
3351	2031
4156	1094
2835	1892
2755	222
2216	1537
3724	1122
4538	2845
2871	2835
2410	914
4259	1679
2216	1887
1279	25
1654	746
2835	983
4824	581
4467	1774
4650	1679
2298	1113
4558	1585
3202	2246
4290	3959
3004	1185
748	338
4598	4393
1679	1244
1679	820
3863	2177
1573	20
2312	2142
3757	3056
4462	417
4863	2142
5151	5087
3302	1679
1402	7
5078	3864
4503	2835
4120	2185
4129	1085
1679	1034
1573	585
3739	1505
757	72
3639	3405
4775	3911
3810	345
4294	1324
1679	211
1723	601
4070	1619
4775	3003
521	420
4802	1262
2835	2014
3148	1679
1337	299
3243	877
4156	1922
4142	1527
4873	3988
5028	4526
2974	2835
3116	696
4244	1679
4391	4271
4035	1527
4642	815
3560	3515
4399	3580
5114	1058
1549	905
2299	7
5042	3116
2951	633
3739	92
2040	2019
4156	2937
2402	1462
1109	510
4354	1679
2993	1679
2041	784
1450	1215
1135	154
5146	3564
5159	269
3608	3302
2515	643
1338	1286
4386	452
4640	1294
2403	1294
3100	1722
1543	1542
4645	2216
3116	449
4035	1553
1680	1679
4418	3185
5152	4696
5065	3911
3552	166
3646	727
4294	1800
3686	1913
3486	579
4600	4326
3724	717
3502	25
4211	3369
4273	2703
4321	2430
4120	3076
4734	3116
2834	885
4384	1215
4035	2169
3116	1699
4035	2835
3380	1437
4435	4386
3190	3116
2835	1893
1679	1220
3139	2216
2904	584
3646	1185
4298	11
4189	2216
1036	517
3952	553
2166	698
4631	4202
1948	1537
2476	347
991	230
3552	2546
3920	3047
3897	313
5134	139
5089	4156
4236	1723
4725	4610
4192	2324
4795	1028
3380	1422
4647	3536
4729	4070
4775	2244
4897	1404
4156	1909
4301	2185
5117	4156
3395	7
4401	101
1679	1246
286	262
3560	2460
2177	747
3137	1679
5059	4156
3422	1294
3547	1215
4577	3351
1491	100
3231	2291
4156	788
5047	1527
4798	2181
4598	3774
3290	1001
3441	36
2216	2101
4640	2625
4750	4132
3809	1679
4880	942
3225	2242
4859	1058
3285	3015
2818	1260
3105	903
3361	1679
2324	901
4151	137
1505	1255
3202	111
3717	833
3114	1906
3505	476
4410	2569
1897	1504
5078	2034
1533	1108
1261	868
3623	1042
3650	1679
3116	1521
4949	1215
3619	1324
1185	881
5062	1215
1429	868
3116	1756
4580	4486
5142	1905
970	134
4640	627
4939	1911
3547	1051
4156	838
4330	1679
3988	3056
1679	749
4184	247
3488	1392
3300	2420
2704	1076
5008	1608
3121	2048
4525	340
2362	288
5003	1679
2216	1936
4729	1113
3463	866
4410	1774
4890	574
1396	890
2863	2677
3116	2961
1513	577
3968	3736
3990	1697
4413	1679
3538	3186
3602	2110
2703	926
3573	1679
1113	271
2496	1056
3300	2227
4308	1191
3536	1422
4271	67
3982	2931
4153	420
1617	1119
4795	4642
3514	517
1422	609
2905	1667
2216	1653
2865	2312
3581	1849
3580	3419
3536	1094
2181	224
4580	4010
4924	1679
1105	704
3829	3154
5009	1477
1180	340
2495	2249
2905	2864
4399	2755
1671	914
4418	1633
4089	92
1809	1176
4480	593
1041	547
1679	417
4111	1603
3839	3107
1035	25
2847	2362
4086	2450
5038	4361
4452	991
2306	790
4216	4156
4070	696
4105	1214
3757	2471
2775	443
4580	2214
4067	309
4923	4156
4480	3988
4576	2216
5102	788
4972	1377
3606	1721
3161	1897
1980	1078
4561	3602
1878	1465
4882	844
1549	1426
5142	2177
2835	241
1679	1667
2961	2216
2726	2216
2456	1666
4905	1679
4376	139
1679	420
3107	269
1679	1372
2142	2041
1964	168
5062	3344
3888	2036
3750	3351
3485	903
4170	1873
2755	1377
2476	1527
4787	4156
1505	288
1527	1147
733	214
2342	1201
4162	2831
2725	2403
3121	2627
4156	947
1505	1492
4685	3116
4843	1679
5040	1747
4775	3633
4399	1377
4156	3981
4480	4274
5087	1692
3116	1481
2395	2312
4956	357
3361	247
4560	3237
4493	3724
4480	2041
2525	1215
3308	2490
3747	1348
4775	2708
2312	1692
2534	1727
4070	271
2970	2629
4463	2026
2993	2312
2864	1465
2456	381
4775	3959
4968	1513
4070	584
3944	1679
3622	1753
4615	1800
4590	1710
3343	2398
4170	1477
4798	2629
4045	580
3619	633
2792	983
5008	4972
2902	1537
5087	4131
4211	1954
3987	1392
1183	1108
1703	970
4859	2027
3358	1973
2504	1108
1404	914
4480	2142
2040	1679
4350	2525
5134	4406
3439	2689
3758	1905
4863	3853
3276	3116
3380	1188
4827	4480
976	272
3514	2242
4972	1135
3984	3736
4801	1679
4393	1135
2684	1654
3920	925
4196	1588
3289	3245
1527	740
4525	1270
3851	3185
2166	1394
4949	4525
4557	2829
3695	1679
4653	1265
3895	1527
3116	1711
3995	3202
4378	1679
3413	1746
5087	697
948	272
3808	1873
4162	2177
4156	4066
3493	154
3202	2803
3563	2482
3988	580
2489	2216
5061	3437
4514	247
1993	1260
3116	2465
2798	833
2157	176
1679	403
4110	1789
1527	1503
4775	3920
3047	2216
3419	859
3116	2509
2534	1113
4268	1873
1679	1370
4362	4201
4880	2437
5085	3116
1679	1076
3419	942
4834	4156
2796	1679
5085	1617
2985	1560
4882	3366
3646	2106
4010	2336
3839	581
3344	1527
4271	1667
3116	2370
4493	2227
4369	2871
2489	1185
2880	2521
3367	601
2728	1710
3272	2535
4978	3116
4415	1747
3754	2209
1007	52
1679	1450
2627	1553
3116	2899
1679	107
1377	111
2450	881
4486	2104
4945	4631
3026	2626
3249	3116
3026	1777
4271	2057
5147	1549
2625	2507
4493	788
3566	1679
3713	2246
3754	1461
3566	2959
4558	934
3669	942
4772	1215
3620	3380
3439	2569
3061	898
4132	1883
4346	3116
4481	3133
570	92
3536	1953
313	7
4458	3116
4156	1332
4156	4024
859	677
3690	1679
2496	1145
4525	2582
5035	4452
4775	306
3581	2648
2347	648
2814	1656
3565	1243
1527	469
3589	3409
4189	1903
4631	904
4978	2723
4156	4131
1747	1617
2166	574
3686	2519
4897	2798
4636	735
4598	2504
1679	1259
4972	3202
4177	3186
4200	1952
4131	92
3285	1679
1527	36
4410	2627
1553	948
3717	3493
4273	3419
3984	2970
3116	255
5097	2216
4775	3823
3317	1946
1679	911
4156	3026
5062	2337
4843	2908
3782	1078
3380	1705
4775	4217
3114	1105
2798	2342
2347	2014
3611	92
3602	2818
3023	1679
4793	2460
1859	1244
3116	250
4601	2224
2249	2013
3321	1215
1789	1527
4915	313
3944	926
4970	2716
1679	1075
4756	107
3318	1113
3769	2166
4110	344
4580	3810
3552	866
4105	1588
3061	2241
2658	1270
1428	580
2312	1780
4174	4105
2682	490
3602	1503
2973	2625
4476	214
2305	2221
1588	111
2013	1324
2904	2417
2798	2173
1294	490
1747	7
2867	486
4201	3829
2803	2627
3581	2823
2993	991
1679	206
4480	3116
2216	923
4267	413
4588	898
4798	2837
3515	100
3591	1108
4775	4163
3444	2724
3944	3736
2891	67
914	154
5145	1873
4169	1936
1588	1224
2796	1374
2496	1244
4410	3870
4328	52
4529	1185
1038	651
2534	1746
4907	1679
4399	1603
1679	1300
3758	1662
1679	57
2031	1037
4631	1492
4156	2378
4859	3289
2362	1338
1679	1402
4273	55
4707	2934
4542	3108
3476	1643
3011	911
2420	1549
4933	1324
4775	2620
4156	3612
4105	2655
3116	1326
3984	1679
3409	758
3300	580
4105	375
4593	1679
3690	3538
3421	1527
4410	2658
4525	3190
3905	2437
3764	1765
2901	1873
4882	271
4775	3366
3189	1537
2360	929
2023	1666
2723	680
3602	1308
3411	1215
4271	3116
5020	1679
4600	3853
1679	1110
1527	1307
3116	319
1679	1326
3754	2801
4756	43
2185	1671
4336	2835
3580	2775
4880	2034
4308	651
4144	1505
1465	1100
1318	651
2013	1503
5114	3757
3419	41
4172	3077
1548	571
3116	2902
4258	2051
4480	36
2216	2169
2893	675
4120	904
4129	1185
5087	3333
4399	4271
2716	1797
3116	2057
3366	2547
3959	1726
4775	3895
3598	1679
4418	2185
3484	898
4859	833
4580	1485
1870	1479
4775	3351
3026	444
5144	4156
3581	1758
5062	4538
4679	1679
1270	1119
4728	4156
1243	889
4418	3568
4874	4558
4349	3011
2706	2265
5079	92
3591	2803
1641	50
4156	1023
5062	3494
4827	1180
3486	493
5151	1953
4593	3619
2249	1662
3851	626
4244	2051
4303	1679
3198	2744
4775	139
2166	877
3944	41
4273	3116
4580	1746
1108	154
1034	476
4624	3202
4889	572
1679	321
1746	1422
4326	2489
3769	1537
4156	2428
1679	151
3116	277
4696	4405
2221	1619
3421	3116
1617	326
4417	4328
4580	3101
4985	4798
4112	1527
4395	618
3890	1679
1884	547
3163	1527
2569	2241
1873	1609
3486	1147
4775	1727
2144	651
5122	176
4598	2569
1912	1527
3004	92
4775	2323
5142	747
3382	1679
866	662
573	322
2656	33
4329	3682
2775	277
2703	1505
2691	1679
2843	1679
4207	3920
4819	1689
2440	694
2495	1662
4273	3408
961	801
4496	3188
4648	1842
3538	269
5151	1753
739	652
3754	2241
4525	1208
4459	1679
3165	2216
3419	2048
3116	535
3245	1679
4200	1679
2177	618
3369	3235
2667	313
4674	2812
5008	788
4257	2406
1679	1617
4012	1705
1679	1041
4729	1873
2743	1527
4611	1527
1549	696
1679	166
3988	1180
4144	3952
3262	574
4529	3536
4030	1746
4271	3344
662	109
3419	3202
3701	2370
3339	1527
4461	3116
4635	1679
4156	4023
5146	1872
3395	2469
5009	3467
1912	1215
2261	1966
4395	1081
4415	3484
5008	855
4972	2048
3612	347
3202	2048
3860	3650
4007	2360
4580	3672
5151	4601
4273	601
3605	1710
3116	1422
2386	1679
3061	918
1878	1679
3114	1872
3116	2975
4702	1505
1679	1460
4493	476
4802	3041
3116	2624
4580	1938
3553	2726
866	148
2674	1588
4246	3121
4184	1679
1580	648
2895	1679
1371	22
4070	4038
3400	548
3116	2049
2567	2246
4525	1952
2893	797
4533	1255
4156	192
4321	3488
4819	1450
2974	1826
4492	1679
4615	4201
3488	33
3884	1679
2490	2166
3860	1679
4674	3988
2814	499
2057	1527
5030	694
4874	1270
3827	1062
4202	510
4391	3273
3870	1122
354	101
3162	1527
3380	2743
1293	891
2934	982
3116	3103
4271	2927
2666	1307
3884	421
4035	1617
4478	3469
2831	2411
3116	2763
5149	1679
3205	313
1679	1656
1671	815
4978	823
3116	2216
5035	905
5062	142
3779	2913
2045	1679
5027	4525
4070	3908
4998	313
4482	2268
5017	1679
2888	1774
4156	942
1614	43
4236	1093
4640	4478
4200	4156
4131	3105
4156	257
3754	1108
1797	1067
5009	1679
3103	1136
3530	1679
1338	285
4959	2625
3202	2110
3496	1722
4130	867
4797	983
5062	4271
3739	1825
3815	1573
1679	146
3182	2472
1643	1246
2829	1726
2460	581
4525	2476
4522	1679
3116	3000
3116	347
1679	988
4173	269
4257	3739
2627	1527
2775	618
2745	230
4897	867
3198	687
5127	1679
3895	1119
3505	3202
4611	1679
4809	4556
1215	260
3231	2312
4156	1847
4362	3906
4236	2034
3322	476
5078	3061
2704	41
1366	914
4294	728
4045	3810
4525	3486
3369	914
2362	759
4038	1679
2668	1215
2472	867
4105	3003
2905	1477
2985	1037
4546	255
4156	855
4131	3460
4775	1533
3116	1513
3116	1435
4873	2142
3995	1180
4010	92
1288	978
5162	4156
3538	2307
1705	230
3993	1028
3829	2625
2947	1399
3750	2594
4795	230
1679	887
2929	1581
4775	153
4271	469
4480	2775
2857	739
2504	2389
1841	1679
2221	313
4827	4271
4118	988
2666	1679
3185	1215
4795	71
4162	609
4863	4088
1727	1679
3953	2908
3677	129
3121	2142
1679	1588
4480	859
4775	142
1679	284
4105	3546
452	22
5008	4156
2716	1255
1585	1058
1527	842
1094	609
698	100
4156	1780
2775	1307
3380	319
1657	1057
5089	337
4857	4350
2177	2036
2775	1338
2173	1679
3292	1679
3116	3081
2342	1710
4235	3198
4127	1679
3121	1679
3321	2726
1834	730
2227	1034
1335	862
4863	1923
1136	269
3380	1250
3409	3107
2489	1930
2694	1061
3758	1085
2546	313
1324	1041
1108	601
3604	7
5097	601
2630	1136
4156	3830
3677	1679
4105	3023
4156	1537
4841	4207
5020	3977
3116	1321
4558	1527
1527	493
2156	660
2409	1527
4699	1422
4156	3995
1670	1423
4827	3202
3701	3343
2864	2835
3649	1679
2626	1135
3494	788
3754	3159
3601	652
1775	1503
3995	580
3069	2625
4144	1938
3189	2724
4196	3995
4798	2307
4274	1424
4129	3326
1679	1428
4129	272
4580	2024
2834	1812
3602	2714
4216	1542
2951	2905
1109	677
5032	4184
2268	581
2216	1392
2221	1844
5138	3285
738	43
1673	1426
4271	2924
4070	3965
4775	3502
3188	25
4405	680
2909	910
1946	704
3067	1422
3565	2661
4070	3886
4949	2110
4943	2504
1980	929
2216	915
2671	2174
2406	1897
2181	1623
4519	1531
4350	1399
3534	214
3623	1113
4795	2829
1679	121
4471	1679
2895	1537
1911	1679
2216	1617
3067	1537
3585	841
3484	2312
3289	2254
3202	1603
4399	1180
5134	1684
1883	1215
4088	1722
4478	1426
1753	580
4145	1270
4758	1692
1679	1537
2031	1560
1078	887
1335	1028
4405	2501
1727	1028
4156	823
4970	786
4590	2661
4879	1221
4809	4321
2489	910
4201	570
2729	449
4525	3606
4789	3823
1691	1679
3905	2216
3116	285
3012	1679
4069	1859
5101	3977
4001	451
2312	1847
4035	735
3107	1844
3397	879
4326	4271
3953	1215
4696	3114
2755	510
2726	2312
3952	1963
5021	27
3107	1203
230	92
3351	2023
3439	868
4105	1228
3863	3494
5035	3237
2027	1747
2864	1386
1870	905
616	7
4243	2661
2489	1667
3853	476
3589	788
1679	1527
4156	1218
3116	1214
4863	1109
4156	3840
4399	3376
4695	4525
4635	877
2410	1108
2899	1667
4775	2326
2013	123
3026	1679
4361	3116
3488	2243
2767	1679
4410	3581
2818	1147
4301	1332
442	248
1552	1479
3105	2701
4353	914
3196	1422
5008	3810
2864	1692
3963	1221
3382	65
3758	2525
4478	2036
4923	4399
4156	1392
1560	526
4271	1635
3565	2181
4360	1679
2837	2181
2887	2312
2704	2533
1603	1109
1703	1505
4156	281
4859	476
4105	1823
1553	1270
3290	1591
4231	2362
5070	4775
2691	1275
4480	3580
5008	2246
4500	1679
1225	386
4538	2361
2185	905
1982	1679
4480	3121
4342	2973
1710	1117
1527	1303
2934	2892
2108	1188
4775	722
5078	338
1352	1078
2362	1267
1967	1679
3236	2704
1679	915
5021	1565
1633	970
1465	230
3908	1679
3116	214
3121	510
3754	1475
3116	340
2252	1679
3116	1292
2051	302
5161	1265
1727	1501
2798	454
4863	3496
4526	2312
4097	973
2285	92
3114	7
4598	946
2026	92
5122	2373
1527	247
2661	124
4798	1710
4956	1110
4876	4156
4399	340
3327	1176
4105	598
3944	3114
1679	1675
4542	1422
1679	715
1422	1113
3430	3116
3116	2112
4844	1465
4144	3116
5026	905
3645	2835
1286	92
3944	925
3060	1679
1797	1505
4111	1979
3848	1098
3376	2755
5061	3116
2048	43
4095	3916
162	92
4879	389
4739	4156
3589	1679
5127	3736
4163	1477
4236	3151
4874	4145
1679	922
1537	877
4070	722
4775	3882
4151	1267
2858	373
4533	1706
3116	2909
4326	3988
4601	1215
4819	3754
3758	3685
5105	687
4907	2704
2476	896
4244	4156
1727	1666
2951	1215
1679	535
1649	1030
3493	2489
1906	601
4406	1884
3116	354
3094	1187
5161	313
4198	4163
4512	1537
2277	1481
4544	4070
1679	1352
3435	1215
3932	2216
3390	1188
3419	1883
3116	92
3114	510
2857	1119
4879	3646
3736	284
3843	1491
4526	1549
2857	7
2023	1215
1679	263
2726	2489
4723	2088
1679	288
1936	929
5065	1726
4314	1679
2411	1742
1378	100
3081	1527
1679	806
3993	1726
1679	241
2755	618
3317	963
3161	1504
3361	983
3719	3116
914	898
2189	1185
4584	2934
509	176
3485	1679
2569	1747
3116	1924
5148	3351
3688	1531
3100	1287
3810	1396
2905	24
1167	269
2662	2234
3581	129
4201	1293
1042	41
3704	3116
4580	2335
901	7
5158	5012
4467	957
2857	2835
4156	3615
5090	401
4010	1679
1061	939
4399	833
4267	1873
2134	1679
2909	1746
1946	1656
4621	400
4577	1679
3717	3202
2985	67
4235	1800
2156	1753
1030	139
1003	881
2729	1795
2370	270
3114	2692
4775	3139
4035	2472
2510	2072
855	444
3159	33
3672	652
4766	4557
4787	2185
3717	1679
4525	3602
1873	1674
4529	4070
3739	2802
1215	736
4279	4046
4525	123
4674	2504
417	22
3755	1679
4669	1679
4257	2311
4366	2312
4070	98
4200	1936
2495	1679
3488	1424
4882	4853
2443	1479
2249	413
3717	652
3911	871
4775	3513
4728	4598
4580	4070
3810	923
3116	36
3421	2656
4519	3380
4711	580
2902	1679
4156	926
4208	2448
3493	1108
3190	2834
1756	1679
3804	1679
4162	2312
4386	4156
3547	1003
3437	262
4821	440
3505	3121
4560	241
1286	192
3445	855
3430	1061
2492	662
4882	2226
2312	1108
4478	4097
913	652
4435	3361
4560	2241
4775	999
4463	3895
4036	633
3116	2682
4750	7
4919	1679
3116	299
4738	4576
4391	3069
4207	2490
2341	1455
4882	92
3003	1422
1948	1679
2934	72
2490	826
4169	3589
2547	1591
4859	3757
3930	2014
3758	154
4907	4795
4968	4758
3053	1679
2290	2259
3174	2957
2963	1858
4478	2930
5017	687
1710	1671
3380	452
4156	747
4458	2794
3536	165
3114	1409
1549	991
4711	2625
1084	374
4023	3116
4923	3580
3344	1585
1679	1545
3842	873
4086	877
5152	4156
4695	1215
2905	1505
4412	4246
4708	1527
3696	1671
4156	10
2216	757
4943	1553
4845	1270
4662	1505
2569	2324
2755	2110
4534	349
3545	1763
4045	1979
4127	153
2490	421
2216	1156
2493	1679
5040	309
1679	1437
1679	139
1533	1527
3317	3116
687	376
4959	730
4070	2936
3884	3663
3663	1422
3116	868
2241	748
4598	4196
3116	2971
5030	4254
1793	1136
4503	3026
2299	333
4201	271
4035	903
1460	1075
4156	3669
1543	230
4435	1679
1679	13
4727	2857
3481	2905
1727	453
4165	1035
3839	2704
1671	442
4653	1215
3344	2835
612	313
4882	652
2692	33
4045	2755
2706	1251
5008	3056
2222	1294
3769	1185
4087	4070
1742	1113
4289	1187
4105	7
4615	4036
4301	4156
5017	5008
3560	2191
1679	758
3995	731
2181	901
2515	1145
3413	50
4480	2525
2584	1324
3496	3441
2957	1975
4060	418
1758	903
3121	2775
1953	1324
5090	2478
4517	1679
3580	510
2169	2156
3116	2532
4633	4156
2569	358
4169	3623
4144	1422
2924	2904
1722	580
2582	1338
3184	1679
5033	1679
4545	1673
1635	1338
2688	351
4859	4001
4418	248
4819	2775
2530	1603
2837	1679
5149	2210
2724	1559
4156	2893
3416	942
4645	4165
4156	2560
3646	759
3757	3289
2456	1491
1980	812
3272	2490
4268	2166
4882	3447
2625	1250
4070	2857
4151	2582
1679	1369
4048	3445
2798	2567
2723	1344
4360	297
4105	3982
4156	3186
4583	733
3116	2005
4538	2803
4882	698
153	139
4212	3545
3739	272
4271	1286
4030	3010
3853	3757
2837	1848
5146	985
4728	4461
4226	2835
1667	154
4156	2980
4804	3116
3419	1109
4336	3100
4088	1117
5148	5102
2181	501
2535	349
4002	284
2026	1422
2905	1209
3336	2324
4393	3202
2216	288
2000	349
1218	651
4105	1623
4055	1215
3365	3351
2798	2142
3107	77
2973	413
3351	1690
1308	694
3747	1639
4156	2484
3419	1527
4156	3548
3536	1642
1243	269
4342	1399
4463	3380
3395	1465
3952	1338
5145	4478
1527	100
4271	389
3116	3056
580	299
3400	662
5139	2478
2406	1051
3988	593
3116	2332
4897	898
3447	1853
4395	1727
1588	340
3782	1686
2830	1215
4156	1820
4156	3538
5027	2936
2802	1679
2152	1094
4789	4105
4598	4271
1679	1191
1873	1221
911	757
4972	1883
1787	682
3116	1903
4201	3351
4399	3505
4124	1679
4196	1215
2311	1987
2389	1603
3995	3580
4480	1423
1862	1679
3488	282
3202	3116
4405	1679
2450	1559
2450	1679
4890	4557
3163	542
1527	671
3827	11
3581	241
2364	131
3548	1135
3026	1527
2627	1109
2687	1527
3496	1094
3376	2048
1941	1666
4882	2534
3116	2322
1679	1609
4968	2250
2731	2277
3349	1465
2534	1108
1687	1402
1679	227
4478	2395
4271	1895
4775	444
4876	1185
5145	3161
1609	413
3843	517
4184	2064
3000	1422
3116	1259
823	680
3469	2312
4111	2775
4775	4268
5033	735
2353	1726
1679	436
5151	1800
1670	855
4511	344
4395	1215
4956	2347
5026	1560
5008	1553
3380	2055
262	137
1679	119
5008	4588
5072	2249
1679	577
4775	338
4362	71
4775	3829
3026	1727
5127	1710
618	580
3004	2290
2725	2625
1324	548
3905	1872
4267	3405
4045	788
4598	3920
4326	1108
3581	911
3272	1938
2501	823
898	417
2041	1270
2985	2071
4889	3004
4118	902
3198	452
3947	1679
4070	601
4339	1527
1260	27
3116	184
2835	1505
1036	948
3076	1549
3984	1119
1422	1185
5008	1135
3116	485
4631	1012
3408	151
4759	3860
4156	611
970	413
4538	3344
4002	2723
3757	2775
4184	1371
4876	618
3226	477
4394	3116
4879	4580
4156	3635
4250	4156
1705	622
4039	1679
4170	3272
3116	1270
2924	1422
3116	1208
3769	2936
4106	3930
2584	1884
4775	4290
4525	100
1679	586
1377	340
4170	3116
5008	3419
3202	1286
2863	651
3696	1505
4089	1113
3988	3853
3839	2378
3829	1527
5117	1527
3758	1654
4236	3864
3343	925
3905	1727
4105	2477
3249	3026
2947	2625
1679	1055
3629	1243
5142	3864
4482	1527
4105	1043
1617	1527
2963	1007
4723	3606
4211	942
3432	1679
3685	1135
4362	153
5084	1108
2530	1185
4138	3107
4664	4144
3421	1422
1117	347
4144	1746
4525	3317
1326	1185
3564	3236
5069	1527
4156	2347
4645	1679
4202	1108
1679	1433
4156	1117
2241	265
2801	1710
4957	449
1617	1460
946	643
3512	1670
4766	4382
1679	983
3380	3130
3853	2951
3829	1185
2506	926
3202	2530
3116	1975
4095	1422
4261	956
970	192
3121	2246
1679	131
3782	1952
1402	151
1527	1371
1775	1679
3739	584
3988	3300
3505	2775
2829	2410
4399	1553
4182	1679
2299	1521
3810	2188
3116	1229
3505	2755
4789	2026
2835	584
3534	3186
4970	841
3419	2803
4654	1710
4968	2108
3116	2675
5153	4841
2469	991
4538	123
3679	2961
5016	1318
1337	704
3650	22
3235	1930
4544	2625
5087	2835
4809	2648
4793	1679
4775	107
4070	609
3952	230
5085	3395
1964	961
2598	1119
4951	1687
3837	601
1294	313
4863	4480
1215	123
3116	362
3602	3116
2361	2110
3367	1461
2582	2409
4064	649
4325	1895
4617	2049
4281	4156
5078	1679
3116	581
1185	288
4125	2149
3116	1923
4674	4088
3850	2216
2864	517
3916	2019
4956	7
3801	988
4876	3685
3273	1422
3116	1777
4775	3932
1917	452
3056	593
2166	1061
2336	2312
4156	3524
3754	2243
2469	299
3820	3116
1617	648
4943	3116
2254	1505
3581	72
1527	1390
1993	1318
5099	269
4153	3397
988	633
1905	1058
5083	211
5042	2535
4819	3344
3685	3416
1913	1422
2930	1667
4001	580
4326	2312
970	250
2185	1248
2947	2834
3995	1377
3606	694
1883	1670
4418	2013
2495	946
3114	2034
2798	1680
4274	3300
4201	1549
1740	1504
4111	2370
2726	2259
4635	3344
4105	2510
4876	2142
4238	1185
1779	1679
1505	413
3580	859
4170	1750
3369	2216
3987	570
4812	4580
1603	476
3820	230
4735	1504
3230	2704
3815	2347
1537	1392
4990	1665
1679	849
4880	1787
3116	264
4271	340
3413	3009
4502	632
5087	1165
1684	1041
3174	1011
3853	2803
3116	137
3116	313
4161	859
1433	1176
2071	1710
905	674
4105	735
1078	302
3723	1527
3819	1679
3860	904
4435	1527
4088	1108
904	248
3114	704
1619	612
2837	2625
2843	1554
3382	2684
4863	3988
1721	867
1679	807
3445	2706
4879	1280
4345	299
4196	1109
3413	1455
4105	811
4144	2835
4882	4097
2789	1679
1679	885
4529	417
1034	580
4156	1121
3300	2489
4631	3351
4123	2456
1681	1679
3361	1699
4480	1670
3587	1527
1679	566
4271	3505
4968	983
2409	1504
3552	3308
4156	4067
5085	4525
3004	748
4106	3563
5090	3538
1371	704
2798	1553
4598	4105
1438	224
4939	1615
4886	4156
3810	3439
3724	3067
4271	1722
5145	25
4311	2169
4430	1422
3419	1884
2684	1679
1251	1246
4499	4105
2951	260
4294	3573
4246	1876
2803	1135
2835	1560
2739	1527
2584	663
2733	1679
4271	3376
1639	1549
3713	3685
3237	33
3754	2530
2194	1746
4520	3685
4496	3133
3116	1845
1527	151
4179	4156
1679	626
4775	2158
3696	3369
4393	1423
3574	1527
5042	349
1674	1649
3470	388
3769	1679
3754	898
991	757
4879	107
1679	842
4514	3361
4664	4182
3272	1055
5012	2905
2356	1679
4245	841
4857	453
5008	1670
1404	65
1909	1717
3189	601
3028	1167
4482	3116
3930	2835
1215	962
2951	288
1939	1679
3840	3249
3344	1906
4196	510
3573	255
3236	2656
1396	67
4415	1215
4970	3116
1956	651
5090	1187
2343	694
4882	2867
4478	2871
4156	2171
1203	758
2031	1680
3300	833
3685	1883
4480	1338
4007	2735
4273	1883
4154	639
4232	2247
3105	1884
4968	943
1953	1679
3235	1215
4803	4236
4841	903
4298	3996
4880	4458
3202	1717
4105	3030
4876	4775
3580	2755
3853	2891
5107	4416
2723	911
3970	1215
2812	1108
3864	3837
4048	1787
2069	1293
3713	957
3672	2835
4271	2104
1506	1136
3870	3154
2261	105
1872	1172
1679	648
4588	2247
2209	1108
4301	3467
3300	1642
4674	3419
4557	1560
4544	3840
4642	2478
3116	1411
2627	1377
2250	354
3067	580
4184	473
3515	727
3488	2502
4824	3538
1527	1399
4905	1312
3344	1261
3209	25
3462	2724
4415	1687
2406	1552
3968	3705
2362	914
4067	2917
1603	1286
4775	1501
3724	2472
4401	866
3650	3612
3514	1537
4271	1108
5114	3300
1614	687
4328	4118
4156	1396
3026	21
1988	1679
4294	663
4695	4044
3488	265
4990	1679
3081	401
2014	1292
3646	372
1679	681
1422	332
2913	2159
4882	1666
618	552
5042	3272
4156	2048
4775	1559
3121	2798
2014	694
4198	1432
1679	1465
1341	1248
4391	797
4169	2420
3895	3273
4156	3686
401	336
3616	278
3202	2142
4369	4070
4512	1747
3536	1670
4196	3116
3860	2149
2674	1527
3116	2833
4088	3853
4464	3116
1340	269
1751	1679
3444	1679
4729	1215
1617	1533
5127	3343
4399	1670
4023	1527
3114	918
3669	728
2246	694
4997	3895
1930	43
2924	2845
2905	13
4775	1422
4827	1553
2216	1428
3469	626
1377	618
3116	788
3116	2288
3823	1188
4279	33
4478	1780
2409	230
3534	2661
868	451
1465	1185
2492	1424
3408	2142
3154	3116
983	924
4070	3808
4163	1750
4758	3116
3843	862
2308	1834
3988	1423
1108	584
4271	1549
4544	1703
1529	1215
2216	1061
4235	687
4750	2625
1639	1085
2867	1674
4070	574
3931	618
1679	735
3154	1549
5061	1167
4897	2209
2582	1828
4045	1680
5107	3930
5119	2961
4070	142
4653	1886
3739	374
4538	963
4650	2934
4631	1505
4876	4070
5062	2550
1537	1433
3845	1521
2169	1876
4308	670
3653	901
4349	1043
4775	2737
177	71
1215	579
5040	3620
3395	885
5062	328
1423	867
2618	1859
1692	1028
3623	92
3730	7
4600	4097
3591	3512
3496	3114
4196	1527
3999	2108
4956	35
4546	2706
2591	1215
1689	1679
2748	92
3810	3484
3026	1883
4048	820
3444	3116
4809	4131
4512	4023
1800	22
3844	1679
277	264
3116	356
5145	2184
5139	3646
4621	1367
4882	2525
2796	2311
5088	4708
2547	1028
3696	3235
1477	1432
4859	4493
1156	580
687	663
2406	1834
3380	3351
4410	652
2794	2221
2254	272
643	154
3103	269
3116	1063
2801	7
4943	3056
4156	3512
2014	326
2934	230
1679	1332
2703	272
2489	43
4470	3685
4070	2534
3568	656
4105	1878
3747	1051
313	24
3395	2547
1505	372
2047	1619
3044	873
5008	4923
4366	1224
3696	687
1465	784
4480	942
4789	1468
2409	1215
5008	4669
2904	168
1854	926
5146	3566
3226	351
4162	3810
4156	1893
844	137
1679	473
5126	3116
1533	648
2975	2049
3074	656
1603	1553
4271	2627
4598	1722
1747	905
1692	1527
2535	1113
3067	1122
2312	1883
4765	2019
1108	28
4464	3154
4273	3202
3724	459
849	635
3547	1679
4236	1906
4775	2235
2973	1215
4412	3116
2312	7
2837	1438
4271	3580
3984	2837
4273	3519
5127	3116
3139	1185
3237	2034
2803	7
5090	870
4464	2398
1883	1603
3589	2835
2801	2241
2582	704
5125	3944
1953	1800
2374	1619
3346	2362
4949	4271
4350	571
3810	2763
2308	1167
3493	2216
5065	3400
4410	3441
4070	1666
4598	1108
2598	823
3435	1747
4621	3601
1180	111
4211	2726
4369	2216
913	903
5107	2501
1679	999
4525	2110
4514	2985
4923	36
3864	1461
2835	890
3604	3116
4410	2582
4873	1281
4412	2693
3774	1692
3067	1727
5038	4631
3776	1679
3416	7
4350	1695
4170	2864
4376	2725
2307	269
4621	1491
4350	2801
3685	1721
3343	2936
4580	252
2480	1679
4943	3419
2692	748
4211	1588
5009	4156
3512	2176
4097	3245
3558	3018
4525	690
4271	2845
1753	910
3481	1848
1679	812
2818	942
3186	313
4271	747
4156	2956
4721	4361
2152	1113
3086	269
5144	1679
4155	2373
4247	3103
1097	349
4882	3416
4956	1655
3905	1461
3565	2019
4525	2023
5097	1506
2342	1686
4464	1270
3382	2216
3920	2625
4207	281
4481	4156
4156	3236
1619	238
2617	696
4525	963
4010	2904
580	36
4863	4393
4038	1549
4580	4358
1689	1533
2460	2040
3116	743
3469	372
3853	1378
3782	2735
4601	2027
3566	2034
3482	1679
4271	970
3116	612
1710	248
4070	714
4131	1489
1185	142
1527	1344
1461	748
2775	2227
3488	2351
3618	1679
2160	1185
2916	618
146	7
3837	3566
963	16
1901	123
2214	449
3272	978
3367	985
2835	1465
3116	283
3981	1679
3496	2243
4455	1549
3116	50
4933	609
1377	788
3552	3116
3983	451
3581	2694
2831	2436
4653	1527
4631	3114
4156	184
4493	3322
1739	1679
2798	1923
2931	1188
4859	601
4245	1215
4391	1270
4197	1679
841	694
4271	4088
2594	27
4125	1186
4177	1844
4596	1176
4478	3484
1884	687
4600	1670
1248	1041
3107	1537
3635	1251
4156	2268
5021	910
1679	1180
3580	1679
3361	1187
4789	2654
3344	2174
1727	1533
4863	1215
3107	1943
3860	1633
3444	2802
3382	1775
5114	3853
1671	248
272	223
1028	27
3322	3245
4819	4787
4201	3165
2893	1750
2835	2476
3747	2443
3573	3455
4486	3653
4165	1679
2501	1091
4889	704
4131	2414
4877	3122
5051	2166
926	859
4526	3003
3713	704
4070	3975
5127	4151
4096	1056
4896	7
2723	2098
1203	224
2307	866
3975	2818
4544	2216
3116	2953
3512	2177
3616	255
3988	1135
3758	1679
3534	1527
2216	2106
4480	1883
3774	36
3380	107
4538	2013
4321	1339
4325	833
3568	2909
2610	1527
4920	3116
3724	1058
3837	33
4514	1681
3563	3488
4294	687
1641	1203
1679	1105
4105	268
4231	4070
4244	3810
5061	354
3536	1883
3026	1747
3331	2240
5028	3690
1679	338
2243	2209
3782	1936
3474	2041
4519	1679
1443	651
3496	1527
1617	1492
1433	453
5079	4156
4311	3270
3863	1749
2362	28
5062	1884
4499	3320
3837	338
4863	299
271	92
2476	1215
4775	2547
4321	1256
1679	585
3591	2027
3496	3300
4772	7
4358	3736
2370	224
4863	867
4039	2934
970	67
2467	1679
3724	618
4827	788
2615	258
2937	1872
3488	1774
3231	739
4361	885
4131	7
4728	3444
5135	3512
4960	4271
4399	3474
3114	2801
3995	111
3321	788
1911	660
2216	1881
4907	4642
4902	4386
4247	436
3650	1878
3534	3116
4923	4827
4970	3650
3492	2774
4766	2857
4366	1679
4236	3114
1750	632
4259	1686
3931	272
5090	3589
3116	2506
2813	1679
1705	773
2973	1119
1703	67
3747	1739
4943	3121
4972	1286
2538	1176
4156	2060
5008	1883
1056	420
2959	1185
4775	4097
2362	92
1505	1067
1709	1527
1633	1215
3810	922
4993	269
4410	1390
4775	4198
3839	1844
4999	1679
4741	1187
2360	1980
4070	1113
2936	2582
3116	1010
4517	866
4151	1119
1679	285
4538	1396
2802	374
3853	788
5134	547
1679	72
1798	687
2775	36
4815	1679
4384	3116
3114	601
4118	2963
3988	2798
1028	687
3322	2227
1619	983
4259	4258
1774	796
3344	1787
4156	1105
2023	1527
4376	2582
4863	2798
4642	2625
4105	3893
4271	3121
1775	92
5020	1799
1639	1043
4130	1727
2362	2184
942	926
4978	3490
4156	2052
5083	611
2723	1868
2802	832
4156	105
3696	1614
2835	925
4525	3505
4972	4088
4653	2895
1763	1679
4525	1510
3012	2108
4464	1679
4525	2755
4070	144
3905	2241
4236	33
4882	3226
3730	3116
5098	2725
3116	578
4010	2362
4235	1679
3457	3380
5142	1461
1679	1648
2735	1936
3695	2171
4196	3419
3488	1684
4525	3174
3589	1438
3496	3419
4480	2176
1398	1024
4631	3669
3892	682
3116	580
3754	1679
1722	443
694	326
3602	192
3650	904
3439	2573
1717	269
4399	2105
2202	1537
1185	100
1679	1350
3245	3116
1679	364
5107	4775
4702	3101
3105	1037
5020	421
4142	1873
4480	2567
3422	449
4156	714
4480	3376
4169	100
4631	1679
3895	3069
2347	1617
3685	867
3851	517
4631	2957
4600	2744
2547	1934
3413	924
891	151
4640	1679
3683	3613
4177	2934
3116	2979
3513	153
4410	2775
991	283
2409	823
3739	2417
3782	2051
4235	1292
2406	71
4217	4105
4493	1537
4943	299
5083	4029
4775	3530
4236	3905
4391	2409
4435	925
4095	2704
5008	2142
2437	939
1704	452
3568	1041
3010	1934
3171	1975
3114	1680
991	284
2728	1873
4478	7
5087	2027
4169	2362
4757	4156
4070	626
4902	2406
2246	1527
2471	1674
1475	272
4271	942
4461	2521
5105	1893
2049	1825
3469	1067
3376	1588
4123	2460
1109	111
3300	1451
3237	3061
5008	3853
4399	4273
3026	2216
4202	1979
4154	1108
4301	3538
176	121
2904	1778
2471	1527
5008	3953
2216	271
4729	4558
4045	3573
1679	1026
3895	687
4138	1813
4998	1513
4258	1980
2735	1352
3116	872
4631	593
3116	903
4156	499
4979	3114
2341	902
1527	1028
1503	963
4795	4035
3116	1191
3405	1215
2034	748
3302	1374
2157	1543
4493	1058
3300	3116
4156	1302
1897	1863
3863	1108
2743	123
2190	1679
1208	1061
3565	2221
5087	4156
4968	4051
2901	1527
3669	3116
3116	3107
401	373
5137	1679
4156	3121
2891	255
4728	3488
1366	639
4775	2963
1062	988
3538	2040
3757	580
663	309
3677	2342
4863	3512
1215	340
2952	1108
4815	3488
3905	748
4399	4045
5026	4819
3439	611
1537	1061
3732	1679
3116	1693
5048	1710
4717	3852
5032	1679
3605	2480
1679	352
1543	478
817	269
2893	495
4876	2900
3494	1679
4017	2726
4156	2131
4170	3602
4943	3724
3646	3435
3576	1883
4544	1726
4775	3165
5142	649
3421	2835
1267	815
2593	2181
5090	3658
5041	193
4169	33
4841	2835
306	72
569	33
4580	1539
2904	272
4399	111
4169	1549
4907	3026
1909	1318
3100	2472
1058	7
4002	2704
1243	313
3984	2723
2188	639
1324	151
3857	1396
4923	859
1156	991
4110	3739
4301	3860
3860	3851
3650	2437
2513	269
4478	3154
2847	2185
2627	1135
4639	1679
4635	1003
4362	3380
4124	7
3815	1527
2640	2216
4350	1655
3565	3116
4156	2961
3202	1377
2658	1527
4772	1527
4156	4153
4395	452
2801	687
1215	1094
2049	1422
2858	92
4156	4124
2242	881
579	143
2567	2142
3837	3488
1705	925
758	501
2177	192
2216	1326
4775	144
2835	2560
4156	879
4202	3492
2406	1892
5028	4653
3851	174
5147	4525
4189	3101
4156	3458
1679	572
4970	2185
3496	1614
3161	2317
2101	1679
4757	3419
2342	2051
3116	1113
4972	3988
3419	788
4022	3400
3890	3620
3139	2569
4538	1386
547	168
3116	2755
3930	1585
5026	2031
681	569
5145	3810
3356	924
3435	222
4756	1679
4775	2386
3225	1003
4642	3083
3086	2774
2775	833
3881	284
4775	1705
4051	3538
4859	3724
2880	2865
4212	1679
2490	1061
2341	1494
1602	1423
3619	146
1445	1128
4615	1324
1505	349
4674	4600
1113	28
946	192
3469	1797
4759	347
3863	580
3724	2775
4795	3536
4542	3484
4897	2952
1176	139
2221	2040
4301	3953
1679	1250
3884	3107
4201	3808
2177	580
4200	3782
449	269
5062	2835
3494	1108
4542	3953
4120	3623
581	192
1560	1037
694	20
3536	2312
1766	272
1215	1091
4600	3492
3419	677
2347	1580
2835	735
5114	1905
2312	879
1753	230
4271	2626
3944	2835
1679	401
5148	1679
1679	1529
1750	1432
3747	1892
1215	687
4452	1215
4642	3982
5021	2065
1553	788
639	443
3950	25
1465	964
4789	773
4470	3116
5138	2654
2771	1710
5087	2980
2336	1679
2000	1679
4863	620
2956	272
4461	4415
4105	1858
3171	2323
4271	3930
5121	4701
2703	832
1967	244
4897	1679
4924	3116
4819	1324
3705	526
4534	4105
4985	1641
421	313
1893	687
4294	2224
4105	2482
4708	4631
2525	1479
1710	1633
4708	4329
4274	3245
3623	757
4111	2105
4201	737
3853	1727
4653	285
4399	1527
4972	867
1003	890
2142	1108
4271	2227
3011	344
4336	1250
3116	490
4202	1642
1108	373
2519	258
1262	739
1641	901
4105	2625
4410	2547
3419	3231
4348	3568
4088	3056
1058	476
2185	174
3653	1203
4461	417
4030	452
3646	1012
4867	975
3116	1504
2995	2905
1679	1418
4766	4156
3380	3081
4972	2661
5142	4859
2222	471
1359	988
2547	71
5028	1886
2071	1451
3457	1543
4274	580
3721	1679
3923	826
791	548
2803	2177
4480	3512
4525	585
3474	1215
4500	2835
2835	2561
3747	35
2489	1553
3983	1665
5008	3988
4902	3116
4576	4129
3799	1679
4144	2802
4525	1451
1873	1503
4024	3963
3864	601
3026	1108
3361	2456
4369	1679
2027	687
4636	3754
4399	299
3376	1377
694	579
3018	1367
1917	1692
747	495
1094	580
4029	3321
4775	1414
2040	421
3026	2436
3635	632
2437	25
3116	1873
1979	890
1746	1402
4588	3988
1058	580
1553	833
1667	28
4701	581
4728	1679
4729	100
4156	3195
4201	3853
4525	1465
3116	2184
3188	601
2584	1433
5012	449
2627	476
3237	1105
4487	1504
506	230
4405	3324
3538	3116
5062	3081
1218	1195
4271	3067
2395	1809
4957	3839
4349	1737
2775	1679
4972	1679
4611	1671
4729	1679
4859	3853
5078	2241
3602	2495
3162	1422
4023	3395
4325	4156
4156	3963
4848	3623
3505	788
3372	988
4517	2194
2242	1003
2685	1679
1176	453
2399	1679
964	248
3956	3367
1505	1215
4410	963
1878	1549
4972	1553
942	687
1527	1422
4405	3442
3616	344
3810	1188
4012	2492
2108	2026
4196	3580
3116	2356
3930	694
553	291
4743	1670
3380	2561
948	517
1951	1617
1455	924
3639	2031
1071	7
4125	3860
1794	442
1936	887
2031	731
3602	1979
4467	92
1465	1061
4161	4156
4809	452
1739	1001
4502	1679
4943	4271
5020	581
3810	1386
4326	94
1108	620
3548	618
4728	2835
5007	2136
2361	2342
3067	2216
1423	593
5047	1679
1185	7
3548	3116
1215	1161
4809	999
1710	757
3518	1108
4569	4525
4156	3182
2931	2386
1527	510
3457	1542
4905	4819
1679	539
4517	2909
3566	649
820	25
2704	2547
4270	1477
2725	1215
2013	548
4271	1180
3870	1527
4583	3382
4636	4583
4156	544
2490	1679
2411	1655
3211	282
1615	1588
2174	601
2626	2142
574	365
2625	1662
4729	1912
3015	2828
4384	272
2714	192
4902	871
2934	2041
3580	1307
3226	107
3116	1084
4889	1409
5151	4036
3619	1679
4132	580
3724	1287
1633	347
3202	2755
3116	232
4045	3853
4271	345
3677	3114
4968	1641
1617	1580
3632	1679
4337	1679
1883	299
3380	373
2142	1176
1352	929
1580	1527
3444	1367
1256	1024
1674	441
1215	820
5085	1527
4775	4395
4452	2666
5105	1679
1934	1085
2039	747
3116	1842
4156	1740
4007	302
3639	1560
4007	1679
4631	2060
1588	1553
3476	1679
4070	1028
3984	651
4960	1527
3736	3358
3202	2361
687	452
3672	485
3202	1180
3289	1058
4105	2219
1460	1365
4301	2031
3419	2755
3372	1679
1619	507
1679	1653
4003	71
2243	573
2027	1461
1692	129
3422	2214
2489	1108
3054	230
4827	3419
3705	1037
2436	107
4262	3116
2865	1042
4070	3947
4600	4088
4802	1445
1248	573
1215	925
4989	4557
573	168
5099	501
3395	101
1800	309
5049	517
3519	1679
5090	77
2342	1883
2936	2626
4301	2013
1462	1119
3116	1543
3116	2864
2247	153
3548	2627
3959	2763
3435	2027
2582	1527
3439	3101
4775	2332
1641	509
4066	1679
3644	3254
4156	1751
3646	965
4831	2546
3161	2794
3469	1747
3580	3548
3486	1527
5083	957
3723	1679
3810	2835
5003	451
5021	2909
1537	1194
1324	573
3686	477
3851	1679
2241	1105
4295	2027
4728	1527
3382	1715
3400	357
5021	2640
4156	2930
4711	2591
3512	3056
2216	859
3757	1108
3250	1527
5146	1461
3605	174
4789	3581
4702	3493
4070	2055
4045	3944
833	580
5161	811
3490	2370
4321	3143
5142	3566
2835	942
2878	1215
3840	2534
4156	181
2202	1727
2861	2472
3669	2414
2071	2031
3685	2561
1679	168
3344	2060
3116	1221
4580	2533
5139	2456
3571	2342
4978	680
4088	3988
1988	877
1649	1479
3900	3116
4156	3344
3685	643
3116	291
4197	510
2216	2055
2959	1673
4023	297
2216	154
3686	107
1946	1215
2144	1679
4097	2362
4105	1877
823	119
3116	2500
1679	1145
3742	1704
4271	1386
3488	3380
3536	2798
1185	626
747	476
4295	2993
4105	1371
4201	727
3758	3103
4151	1617
4635	3243
3345	3161
1085	7
2469	297
4879	4097
4410	4156
4405	3243
3116	431
3820	2936
4336	4301
401	241
3505	1180
3536	2591
4943	2775
3376	1180
3944	1692
4227	4156
2224	1422
3705	67
1746	994
4399	3419
4257	2335
1513	333
4615	3536
2027	526
3502	1873
441	25
5087	4711
1460	1119
3116	770
1537	690
4945	4775
3031	1679
2716	1679
2311	374
3367	2801
4525	1901
4369	4201
3720	1993
4943	2246
4978	444
1800	192
4970	1492
1673	1465
4267	3757
4775	3736
3343	92
3416	65
3672	1180
4138	3361
4561	3116
1679	935
3769	2216
4809	328
4635	2450
4598	2051
4759	1633
2142	1883
4271	1609
632	349
2338	1537
5017	248
2361	963
2020	1225
4105	1367
4624	1135
4775	4361
1617	1001
4397	1710
4674	3853
4274	1094
4070	3470
3116	2110
3860	241
4206	970
4336	1288
3837	2692
2227	580
4070	542
2221	1294
2775	1617
4169	2904
4901	1445
4156	2627
4480	3474
2829	2625
3996	3827
4642	4575
3343	1679
4336	357
1215	679
2658	2395
1727	698
2593	181
3161	3116
3720	1318
2160	1726
1878	1742
4960	1270
4406	1684
4012	1721
3481	1462
4943	2755
4271	3419
4656	501
758	50
1692	1619
4238	2222
1024	655
4206	2240
5007	2342
4273	867
4363	1679
3237	3114
2837	349
3930	1912
3154	1075
5051	3646
4151	1527
4162	1479
4156	65
2351	373
3395	288
4580	400
5026	841
2482	1422
1750	1537
3769	1726
3273	1451
4778	3116
3390	1679
4156	539
4949	2864
2798	1286
2661	2460
3565	3107
4161	1679
1872	1056
5105	309
5146	3581
1671	580
4097	1537
1527	1191
4211	961
2829	579
788	111
3981	1891
4376	176
1056	521
3864	2437
3484	3344
1588	1377
4405	1061
3435	41
1825	374
3081	2561
2567	788
2406	791
4406	1215
2419	1679
1722	325
2036	1215
3308	826
4580	3717
5062	1404
4493	3840
1842	1113
1527	123
4001	1058
2249	1527
4326	2525
3987	1505
4410	4162
3343	1215
4329	3829
5129	7
2625	272
4201	574
2312	1747
4499	1243
3568	1951
2853	1975
4358	1687
2818	890
1980	1352
5008	4841
3678	326
1679	154
2389	1539
5042	1113
3303	2016
1979	1527
3995	1527
3977	313
3116	882
2952	914
3382	733
2689	72
1727	796
4325	3376
4831	4156
4273	4130
1679	1445
1573	1012
1825	154
2071	1248
3116	2627
1671	1248
1113	111
2249	1614
2040	1844
5134	1704
2600	2471
3107	313
4271	2105
2361	260
4598	1113
4156	2911
4399	1895
2973	2013
3988	1553
1878	991
3623	2865
3231	1098
5040	1884
1911	1371
731	123
4743	2020
2812	910
4415	3344
1692	601
4827	2909
4621	3116
1422	670
3739	1742
3081	1679
4051	313
5007	4601
2985	1527
4702	2569
3686	1573
3439	957
2666	100
5027	3116
2216	2202
1553	111
2014	728
3243	2242
3116	2317
4558	1912
5158	269
4598	3114
3604	763
4759	3650
2985	904
3704	1187
1662	1404
3380	1673
3686	3442
3920	230
3995	2909
4621	2947
3081	1692
4968	92
4775	2648
5102	3419
4156	649
5035	35
4960	1864
801	652
3116	1370
3589	27
3047	797
4308	687
2490	1527
5145	3116
1215	285
1654	1404
3635	1679
2835	1780
2625	1643
2373	1973
3116	682
4201	797
5087	4045
1679	796
694	493
1917	165
5087	2917
3366	107
1287	1122
5138	1425
4972	299
4819	347
2835	260
4156	1504
1338	36
3438	2166
2625	1215
3026	2336
5142	704
3995	2048
4993	4877
1726	1705
4968	1504
3190	1537
4702	2835
4863	2755
4631	1886
1445	1215
3840	1375
2411	107
4202	2775
3840	2752
4621	1812
4787	347
1527	146
2909	1501
1527	942
4798	509
4553	1679
4880	3367
4070	1747
4399	4393
4362	506
4907	4095
3565	749
1799	1679
2674	1679
4156	3892
3565	2214
4358	1679
4273	1527
4580	3493
4406	1603
2049	417
3758	643
5084	2726
3580	2495
4933	4271
1679	783
3116	1680
1747	1727
3026	1667
3795	3116
4897	2216
2530	2336
1641	1438
3739	3366
4968	1209
3444	1692
1505	1422
1878	1747
4327	1422
5079	476
1422	1203
1041	573
1682	1527
4698	647
3705	1505
1113	593
4386	2137
4802	3116
4326	202
3620	1527
5034	4841
3367	3114
4045	1024
3116	1402
4728	4478
3188	3074
4857	1552
4815	1897
4502	1057
3995	1603
3614	574
4695	1679
3116	3041
1003	123
3439	2582
4464	3678
1993	1271
4915	501
1873	441
4492	4311
3069	1537
3731	3159
1953	1422
4738	1549
4478	3677
3056	867
3098	192
3116	1295
4819	1633
4002	1465
2959	1075
4202	4156
3367	748
3769	1422
3573	3536
4863	3116
3988	788
5127	1873
2466	1763
1352	812
4156	3571
4923	4480
1215	378
894	601
4611	3317
3262	924
2406	1742
1727	923
563	269
4105	939
3457	2465
3853	1058
3581	2000
3581	2834
1527	704
3322	2590
2501	1679
1451	730
4871	1674
1670	1302
3620	1679
4575	926
1527	1510
1883	1135
4153	879
3116	2249
4156	2530
3494	2959
1094	1034
2299	1844
4461	2871
3116	425
3114	1067
4464	3090
1603	580
4353	904
3704	866
4621	72
4809	1386
4845	2867
4156	3956
5062	4791
1812	1176
4876	2216
758	224
3923	50
4803	3837
3108	1952
4674	4480
4097	1710
1680	111
4728	2312
4583	1715
4476	1679
2335	1679
5072	3810
4775	1690
4702	4198
3488	1649
5038	2407
3493	1505
3536	2226
3469	904
973	903
2901	2370
4580	3444
2930	2216
4339	1215
1531	952
3983	2406
288	272
5039	1285
2316	1113
4130	1537
4876	655
995	22
2798	2048
3840	2347
1765	717
3853	1883
2835	1034
4478	3612
4391	3116
3573	2905
176	123
4233	1679
4156	2728
3678	2931
1036	687
2847	2013
4156	2071
4645	3380
3930	639
3754	1093
1873	626
2026	1113
4557	1037
2803	747
1936	812
3250	1422
2936	1491
5139	1679
4924	4156
2593	1679
2726	43
4376	1075
4923	3056
4859	2472
3538	1513
4457	3116
3930	728
1549	965
2584	687
3690	861
3069	1727
3669	2560
3888	1679
2216	153
5099	2704
3758	2495
2105	731
1108	510
4376	3686
2625	1049
4410	3492
4294	1884
5055	4903
4156	1109
4201	1028
1964	7
3116	2900
4420	1679
4876	3512
4156	2144
3344	2582
1689	570
3494	1721
3565	1679
4151	3344
4231	4201
3505	1603
4525	1119
3111	1537
1215	1115
2892	1727
3547	655
3566	1461
1666	1537
3422	2221
2342	991
4418	347
3116	1775
3565	1844
3678	1185
3893	269
2338	651
2335	374
4045	7
4575	2684
4735	2488
2347	123
1844	124
4674	1024
2410	1085
4151	1692
2216	1679
3963	2569
1679	963
4314	4156
5146	2437
5085	648
1726	1673
4915	854
3774	1679
885	542
4010	2108
3555	1396
1765	131
1679	569
5139	4156
4236	2241
4088	1883
746	154
4809	3405
4631	2716
4406	1704
1426	1085
2221	421
3860	98
963	898
4105	1330
2181	1251
2489	580
4257	1215
1812	1727
4645	1697
3198	1710
4120	973
5008	7
4844	1281
1585	326
1623	224
4580	101
4458	3515
4730	1679
2224	1324
3897	1214
3231	1679
3995	926
4615	4601
4580	2166
5147	3116
4196	2755
4882	3646
3565	581
3116	627
4402	3999
4478	2726
3116	3003
1479	935
1641	758
1527	213
2241	649
2591	2307
3047	1726
3736	1165
4907	961
1537	543
4821	2569
4415	2835
4905	914
3395	1739
4725	2617
3116	733
3573	3492
4631	1747
2703	1527
2491	1679
2374	735
4350	1051
4201	1690
2688	1225
4130	2216
3742	573
3162	1679
4493	4156
5087	4067
1679	946
593	299
4775	1375
3243	1679
4722	3116
2428	284
2703	2335
4478	1352
3116	58
3944	1527
3273	1061
1603	36
4067	783
3374	1028
4756	948
3589	224
5146	3114
4405	1692
4756	1930
3116	452
3995	788
1437	400
4301	1747
4325	1377
4621	4601
4880	4728
2373	1527
3580	833
4479	1766
5038	696
4156	109
4656	1438
5030	682
2959	95
1679	1249
4968	3544
2059	1727
2105	1679
4393	1503
4086	3646
4841	322
4271	1428
5159	4070
1560	570
5138	3344
4410	4070
3116	477
2627	36
4350	2829
4729	4145
4257	1679
1775	924
3488	2735
4968	866
2763	1402
4196	1553
1934	1892
1527	820
5153	3121
738	354
1527	374
5122	3116
27	20
2496	879
3400	1110
1061	966
3837	2034
4775	2534
4871	255
2661	817
3247	1030
4478	230
3602	123
4405	964
5159	3565
2112	1679
2417	2208
4775	3190
3580	618
4376	1491
2876	1641
3129	1136
4863	2775
2835	2406
2040	1243
2013	1215
3116	694
4106	3494
3739	2703
1549	1156
4993	1032
1078	929
2235	1753
4759	3851
4600	3614
4350	3747
4478	3116
4156	485
2687	2254
5009	867
4789	961
3536	309
3137	3116
3024	1727
2216	797
1537	144
5017	1460
4615	1422
2436	1108
2142	731
4271	2048
4486	2617
4819	2013
3116	1918
656	258
3568	1481
5055	2546
3421	2661
3774	2466
2492	1679
2476	1505
4177	1679
1705	988
4201	1537
3343	3116
4775	923
4197	1338
4156	56
832	374
5033	2031
5142	3367
3231	2216
4514	3528
2342	224
1679	555
4257	3116
3349	3116
1679	611
1537	574
4105	2386
1037	7
4882	1888
2794	1679
3724	2142
4070	910
2216	542
1726	923
3116	1211
4844	2312
3097	2420
5051	4399
2105	510
1085	272
4023	618
5090	1679
2185	985
1533	991
4841	1527
3720	1573
4278	1973
4525	1279
1603	855
4874	2014
3116	2194
1527	400
4358	349
1203	501
3518	580
2625	1085
3505	111
4258	2360
1873	1692
2443	1461
3653	1641
1455	509
3488	2353
4418	1671
3668	3116
4920	3356
3574	3116
4775	288
3867	3343
5107	4095
4201	4029
4841	1674
2745	1679
2803	1642
3056	1670
1527	274
4882	584
3395	1825
1371	325
4827	1679
4105	2181
5110	100
3587	1679
3292	2618
3116	421
3815	694
2789	1527
1679	1581
1746	322
3757	736
4960	2803
1113	459
2876	2159
4493	4070
1679	1635
4036	2591
3959	2216
4728	833
3190	1215
1883	593
3908	1250
3810	607
4410	1113
4642	230
4775	291
1679	947
4399	2775
3321	2803
3073	1727
3116	2600
3496	859
2326	1618
2739	1710
942	230
1791	652
2829	1727
4787	914
1727	1239
3505	3116
4369	1479
2625	41
3905	3837
4308	2486
4200	2051
4711	1185
4525	1603
5040	1679
3382	192
3492	36
1679	651
3683	958
4326	1176
4143	2115
1657	648
3143	1873
924	704
3116	1642
4376	3739
3342	1666
4702	4415
4880	748
4163	2934
4978	4762
3884	1294
4734	1527
4268	4201
5035	95
3067	2036
4841	2244
3139	100
1679	77
4350	939
1666	1010
1909	106
1679	441
2071	841
4728	2627
1032	313
2625	1667
4235	1324
4055	566
4734	3114
4105	3563
4399	3202
4640	1203
2905	265
3171	1679
5072	1777
4765	1679
2406	738
3393	1537
2617	2250
2684	2515
3342	1679
5032	3840
4201	1063
730	139
4759	904
2515	946
4802	1592
4923	299
3705	1414
4067	4036
2835	1746
2337	1679
4775	1666
4775	3189
4985	3107
1679	740
2504	788
3116	252
265	177
3457	1845
4685	4156
2547	2185
3825	1451
4815	4376
4055	3116
2240	1035
4503	2521
3116	2246
4525	1527
2924	1061
4156	3990
5017	2051
4809	773
1679	948
1884	452
2812	1753
5102	4841
3881	842
3995	2489
4583	1061
2818	690
2617	1766
1679	309
5107	1726
3573	3114
4172	4156
3505	859
3864	3493
4819	248
4905	2174
250	100
2661	2040
2864	1061
3762	2235
4088	3061
3605	2506
2437	748
1679	1128
3810	3159
4798	4656
3911	1679
2724	2338
1884	309
3421	10
4376	2731
3488	796
3488	2515
3505	942
1705	948
1951	1645
4848	901
1036	43
2584	1966
3392	1119
2291	1679
4271	2112
2770	2582
5020	1527
5035	4336
4975	4902
4819	3395
3853	2796
3116	586
2729	1710
4863	4399
2617	1679
4231	2166
4151	1098
2519	11
1461	1093
4775	2072
4685	970
4580	374
3154	3090
4120	2615
4766	1215
4463	1422
2625	1809
4857	3380
2506	1679
3995	3121
3736	2743
4144	2362
1727	1517
4156	3534
2216	2059
5145	3685
3390	1667
5021	2194
4743	3930
1588	22
1884	905
4336	1051
3455	2430
3116	896
4662	690
573	452
5084	1679
4580	92
3163	1679
3495	696
4787	3185
2476	938
4956	3453
4156	3884
4560	3905
4201	3745
4815	4201
4271	3139
4399	2041
4983	1909
4156	1923
4156	1527
2496	1859
3853	3100
4674	1108
3969	1679
4642	1537
3616	3230
4105	98
5161	1943
3739	1527
1560	1215
1686	1679
1705	651
4070	95
3536	3484
272	83
2775	1491
3864	3114
3443	580
1710	442
3047	1537
1667	362
3198	1884
4156	2370
1679	1023
4035	3713
3612	517
3344	322
2909	27
4311	4246
731	656
1537	1517
4257	313
2395	1864
2569	704
4819	1747
1465	1429
1537	1465
3669	2704
4482	1891
3074	2437
3488	2492
3585	952
4029	1527
4481	3518
1265	612
2249	1679
4867	4105
2534	121
2571	1679
2697	1679
4156	3056
2048	833
1422	172
5102	5062
2108	1004
1834	1063
3116	24
4342	2947
4526	4461
3382	1277
4570	3116
4405	823
3824	272
3231	1527
3944	1185
958	611
4247	1136
1136	313
3460	3116
3211	1552
3159	3116
4457	2904
3950	1679
4880	3905
2964	1722
2490	735
4165	3380
3662	1917
2835	1617
4882	797
5153	660
2774	2312
4529	4156
1755	120
1628	115
2692	1906
4156	35
4045	1946
2515	1402
4070	1034
2591	1727
1617	248
4189	100
1056	982
2560	1527
3100	1727
4734	4271
1679	177
3502	2071
4882	2398
5041	2818
3638	1187
2040	449
3202	1553
440	92
2306	935
4685	1560
3566	3367
4184	995
4876	2871
4010	3952
946	154
4985	563
4621	176
3056	2142
1679	269
2430	1549
4376	1812
3810	890
5153	1753
3888	2177
4863	4600
4273	2567
2307	2040
3108	1527
4402	2374
4525	859
4951	687
5151	1215
3121	2755
4636	3369
4231	2975
1294	269
4111	2036
2312	2080
3202	2798
4923	4863
1135	677
1326	78
3116	2832
1527	1372
4036	3439
3044	1679
2040	1513
5159	1619
3581	328
5062	4156
4202	3573
4486	866
1845	1215
1746	7
1679	722
3237	2801
2469	1505
3067	1679
2105	815
4664	92
3416	2763
885	107
264	7
4105	3860
4598	443
4156	2929
5079	4088
3202	2661
1692	1119
3724	1113
5007	1679
4086	3860
4631	4232
2347	1695
5161	5061
4580	1946
1187	778
3488	332
4417	1477
2582	2216
4968	2184
5142	1722
2417	1727
4070	614
4070	3999
3612	1422
1286	859
850	757
4163	662
5151	4711
5041	1987
4070	3054
4156	3969
1883	1553
3119	2247
4960	4728
1061	894
5083	2670
5129	1527
3185	2625
3114	338
4206	3231
5114	4859
5041	1481
2905	2502
3094	2460
5028	354
2049	1261
4405	2723
1721	1654
2185	1797
1722	1135
2835	526
5090	269
3116	3090
1422	495
3116	994
2476	2031
2051	1897
4841	4360
2013	964
580	510
3493	2582
4325	3505
4480	2909
3505	1094
3100	443
4525	648
2299	1665
5122	4588
4010	2409
4329	2190
1679	891
3336	313
1260	354
4301	2027
3116	1966
5085	3815
4903	1422
4879	2739
1883	580
4970	2224
4538	2060
3602	1510
3202	1094
4204	2687
5026	526
4156	1255
4474	680
4170	1185
4923	2627
4956	2835
4781	4105
2542	1679
4804	440
1105	649
3993	272
3952	3421
3457	3116
2472	618
3322	871
5028	670
4374	1789
4170	1537
4631	1255
4795	3555
4666	1679
2374	924
5134	168
1503	925
4698	2460
4775	2104
4943	3202
3779	214
3243	1003
2594	1028
4336	4156
4025	1679
4852	1028
3905	3566
3999	3493
2496	65
5078	918
3116	1789
1722	1028
4369	270
4580	288
3736	3122
3552	3121
2489	1094
991	109
4598	1727
4985	1623
4131	595
3864	2241
4507	401
2648	895
4960	4145
4455	1285
3395	100
5138	4165
3333	952
1461	649
3272	2341
3968	1113
4890	1683
4978	2598
4544	4156
2406	288
618	137
1215	553
1185	235
4897	914
3319	758
1215	495
1215	1180
3116	2927
3202	1527
1938	101
4246	3853
2181	269
4105	1255
3581	2863
5021	4517
4271	4156
3010	1679
4271	4202
2216	584
4461	1863
1722	1108
4395	2216
2796	1539
2835	325
4880	3837
3334	1679
2835	1966
4640	2490
4879	4003
4653	3116
1183	862
3103	1679
4467	1185
4601	2917
4699	92
4123	3552
747	580
1952	1527
3574	2956
2775	222
2838	1628
1056	879
4943	2048
4801	4538
4393	3419
4972	510
4156	3645
4645	1864
3988	2177
4819	4418
1679	1390
4711	4525
3555	35
1662	914
4525	1503
4120	3516
3121	3056
2108	92
2857	2490
3646	1119
4775	4174
1844	333
2492	1892
4642	1451
2360	1078
4896	2402
3121	36
4410	1176
1679	881
1679	1544
4529	3484
1007	622
2584	309
4154	2243
2041	55
4775	2814
3198	622
1455	354
4156	3193
4880	285
1679	711
2472	1034
4583	1215
4336	1888
1422	365
4905	1093
3888	1215
4925	2478
1527	961
4156	1534
4970	4294
4729	3606
4819	3860
3839	449
1510	1122
4156	2059
1923	1135
2246	1135
3105	1505
4961	2916
4206	2774
4110	3616
991	718
1352	302
1765	268
1603	867
2048	1527
4001	2227
5078	2437
4570	4105
3413	2020
4271	3441
4045	747
4525	3815
4874	1912
3357	1048
2410	1649
4202	1722
2312	255
1679	28
4775	1938
4775	2347
773	241
2166	1338
1135	337
4841	3272
4156	2283
2477	758
270	35
3397	982
1377	510
3536	580
562	481
3249	2241
3774	16
2311	914
4201	542
4151	1479
3823	823
4600	3056
4156	3237
176	92
3848	1692
2867	2701
3474	1679
2783	1679
2724	1114
4041	1751
3484	1884
4653	345
1119	123
4588	1215
4144	33
4156	2450
4728	4391
3602	2342
3528	3262
4376	1109
4775	3026
2489	1727
3564	2801
4580	1422
2055	1727
4591	1215
4236	601
3103	2384
2342	1936
2951	958
4558	3606
5122	862
1662	891
3116	2775
3188	1280
3116	937
5087	4889
3996	2171
3351	1465
2573	1215
1737	911
1873	271
4810	2216
4897	2495
4580	271
2837	50
4070	1903
4662	4631
3493	2316
5151	1433
1679	1394
1573	1533
2027	1108
3910	155
4693	2956
4844	4156
3568	1110
2661	1588
1679	1366
1936	302
1679	1565
2374	77
4529	1747
2763	2176
4156	2547
4723	1703
2472	1058
2835	2687
2222	2019
2560	690
3810	1581
4525	784
1742	1147
4452	3342
3121	2243
4271	2985
3122	354
4848	3892
1185	924
3646	27
4156	2567
5145	3202
4156	2965
5087	2224
4775	1623
1527	192
4831	1271
4487	2216
1113	139
2521	1058
4184	2504
2525	1552
2600	1503
2835	924
4991	4156
2835	248
3552	627
1668	1641
2775	970
4405	1798
1795	1679
4271	4001
4775	626
172	43
1679	308
4399	593
4156	1485
3061	1906
4502	3116
3705	3390
879	420
2957	911
2216	43
1679	1104
4173	1679
2472	747
2835	2525
2835	2530
2406	35
5027	4271
1527	580
2362	1437
4196	2798
4258	929
4402	1679
2993	978
2051	812
5122	4580
4045	2048
1679	43
4111	1878
2625	1749
2072	814
4897	746
3263	1679
5020	1665
2936	1679
3837	2437
3162	20
2013	347
1681	632
2876	214
4580	2704
833	618
3419	1635
4664	1113
4002	1766
4859	1287
4970	1671
3380	2395
3367	3237
3648	2905
948	580
3786	1113
1221	25
4105	1321
3285	1425
4600	4035
4408	3116
1680	1094
4046	1294
1930	1679
4402	4201
4259	929
3604	1061
3742	168
4789	4775
4735	4502
2974	192
1883	867
3435	2031
4156	2091
3116	823
3968	1692
4615	2515
4827	4325
3488	2020
4127	1503
2400	1679
2591	1185
4735	1679
1695	694
4156	3143
4840	1461
4070	842
4156	1359
4631	4525
4874	3930
4156	770
5061	4891
4294	2584
4202	1337
3419	924
4174	3840
3074	1778
4487	3528
2166	2013
929	887
4384	2568
3419	1553
4574	1679
4957	3107
4342	2716
4853	262
3509	3312
4750	4728
1690	1679
3750	1825
4156	552
2185	1255
2615	1215
3606	2292
3602	890
3114	1979
2077	855
4413	3078
4968	1692
2567	36
1856	1461
4502	4189
2142	1585
3116	730
4831	269
3619	16
4819	1414
5028	285
3685	2916
4642	1386
1679	870
1844	817
4145	1791
4271	3300
3496	1352
3161	1271
4827	1332
4201	107
4795	1549
4274	1058
4046	1727
2748	1710
3739	1176
3754	985
3495	2617
4721	2188
4739	1679
4621	2235
2525	1679
2625	2104
4493	1727
2913	214
2312	814
4859	3300
1075	120
3462	1422
1679	1443
4093	1692
1692	1445
3344	1780
3518	3300
3369	1930
5122	4480
4943	580
4070	743
2033	1679
3116	7
3895	1573
4474	2492
1747	230
4412	4165
4273	2798
4989	1834
4070	4006
4525	1680
2208	1834
3747	1486
3774	2658
3895	3116
4775	1527
3754	2952
4156	1034
4201	1739
3395	1429
5020	4163
2241	601
3975	1679
4118	1858
4943	4156
1679	22
4455	2113
1723	748
3852	639
3857	1215
4195	4105
4105	660
3505	3376
1743	1679
5105	3536
3493	553
1884	1800
2500	1679
942	902
4271	3512
4271	3810
4645	2658
3317	1679
4355	1679
4845	1527
4654	1537
3411	3044
3606	1585
1726	626
1800	1679
3565	238
4095	714
4271	2818
2735	1980
988	622
2109	1679
4045	3548
4463	4156
2847	332
4653	1108
4144	1113
2898	272
3400	1051
4798	1203
5041	2465
4775	727
2216	1028
1973	855
5147	1215
3512	867
4298	3086
4317	3810
4461	2930
4458	910
2055	1679
964	71
4325	2755
3054	2625
4395	1679
4525	3995
4156	3591
3122	866
1365	296
4156	3357
1366	580
2961	2104
4674	1287
4308	3690
4461	4314
4399	3408
3488	2443
1411	601
4201	1662
4391	2049
2798	1135
3121	788
3502	3289
3061	1461
1727	153
2181	670
942	735
5047	4156
3496	1553
3367	1105
2465	2014
2958	1679
4393	2584
2617	354
4131	3380
4279	1679
4514	289
3439	151
4631	2547
4350	2406
3930	2465
4580	3416
3988	3536
2725	2216
3361	1271
4998	3736
4621	3101
1686	1352
4353	1671
868	349
2607	1679
2911	1679
3272	296
1422	309
5099	413
3356	1215
4275	1679
5090	3552
4598	1686
4859	2835
3494	2057
2241	1451
4145	2110
3198	547
1422	898
4156	326
3405	526
3060	2051
5028	1527
4615	2917
4507	3380
1705	902
4416	1585
925	100
4097	1185
4871	4395
5062	2864
1549	25
2173	2142
4775	259
4560	4236
1774	1108
3300	3245
4750	1117
4339	1113
3853	1873
5153	2812
1665	1136
4809	274
1856	1679
1119	585
2703	553
3432	1830
3650	1671
1679	1028
5072	1113
3739	2335
4882	1409
3853	3536
3439	2312
3116	1852
3302	7
2936	1465
5122	1679
1679	689
1679	679
4156	877
5012	1055
4145	671
867	65
2887	1791
5072	4841
4478	417
2342	604
3515	721
2931	1489
4376	3528
1679	1392
1774	92
2892	1679
3116	2241
3116	1897
5065	3747
4032	1527
4943	1109
4145	3493
4696	911
2952	1662
2888	2108
1113	674
5038	3488
4525	3432
4070	757
3122	3116
3186	3107
1553	946
1951	739
1324	1248
4030	28
3984	3827
4775	4238
4184	1324
3486	2347
4639	4480
413	134
3565	333
1674	690
3493	2166
2194	1527
3713	788
4271	2582
4621	1433
3444	1746
4902	3911
3195	1679
5087	5038
2834	526
4675	1215
2835	1185
1893	1847
3444	2335
4728	1332
2496	914
4525	4339
2936	1873
1580	694
2351	41
4369	3326
4863	3056
3983	3457
4873	4393
4920	4773
2999	1679
4267	2625
1147	890
3505	2666
1543	696
4200	2342
2163	1679
4458	15
2792	1108
1270	788
3606	2014
3161	2184
4090	1679
4189	1727
4156	1692
1247	1215
2530	694
2322	351
3863	1710
3380	1148
4775	3795
4156	2489
4156	1501
4775	2417
3758	1721
3553	1537
4674	2489
2767	1527
4642	1671
5027	1679
3116	826
3300	1905
2904	374
2618	1679
2055	895
2504	322
3056	1433
3338	1527
3114	1148
4271	13
1527	1465
3560	1136
2216	663
4156	3860
4862	952
4156	3831
2521	2227
4831	3361
5085	1147
1294	471
4301	1492
4156	1635
4480	2627
2981	1679
5062	1662
3056	1883
5146	5142
4879	2254
1679	349
1377	1180
2027	107
1774	1287
2688	1679
4156	2265
2677	1549
4474	22
4819	1703
1679	1024
4105	3839
4664	2020
3574	272
4876	4480
1952	1905
4502	2216
4538	2110
4478	4002
4827	1591
3591	2312
904	347
3101	1539
2185	904
4889	4145
1747	1560
1727	1491
5040	1800
319	176
2224	1433
4170	2395
3874	92
1377	1109
3620	3116
3289	2775
1679	964
3581	1873
5083	3959
1710	1673
4201	696
2414	687
1778	272
2835	364
2420	1679
4211	1930
4328	988
4972	3441
2456	92
4413	3380
3485	770
2242	1559
3419	1370
4880	33
1486	838
3729	1679
4600	4196
4775	123
3116	1934
4376	1938
4795	4738
4775	994
4478	1747
4757	1553
3343	1565
4271	3612
3739	3444
4642	4353
2625	626
1671	517
4923	4273
5065	4105
2593	1692
4105	3677
4012	1113
4617	3988
5026	2985
1396	1386
1513	11
3116	139
5087	1527
3010	1028
2913	181
2829	1426
3488	177
3421	100
4512	2625
3105	1527
2831	1679
1109	833
4045	2627
4853	3437
4096	1679
4766	946
1390	923
4271	1465
4841	4631
1679	1615
3496	2706
2307	1107
4598	2627
4528	2420
2755	443
2706	1462
5151	697
4560	3114
1892	1628
4308	3262
3213	92
4702	1062
4268	1465
1747	970
4329	4039
3319	1641
4196	1135
4478	4415
4819	1573
2752	698
1185	1028
4873	4156
4702	1001
4480	3573
2177	1094
4174	2625
4481	1679
3736	193
2775	2041
687	400
5144	3344
4461	1402
3685	2496
1527	922
3344	1108
5070	4201
3867	3116
3116	2957
4105	2210
4156	1224
4001	3322
4669	3685
2362	1679
4529	4478
3317	891
4045	3995
1251	354
1680	340
4394	1422
4949	3116
4750	283
4271	983
4274	1034
3231	926
4395	3900
1797	1492
4156	2692
2934	913
4156	3408
3226	1742
5040	2615
5035	3453
2818	2057
3870	3380
1549	109
4542	2049
1916	1679
4043	1679
2456	1422
4308	2317
3163	1215
1404	973
4088	593
1679	802
3536	1800
4723	3190
3209	1828
5122	271
1527	926
5087	309
2888	1639
3850	3581
3829	2013
3116	123
2687	1485
1705	1062
3512	593
3100	1215
4854	1396
3212	1679
4907	1766
4332	1679
4088	1603
3567	1679
4766	746
3920	3784
4873	1135
1679	570
3116	855
3105	2835
4775	1517
5062	3829
4819	1121
4880	338
2615	2476
4562	1294
2871	1679
2492	1161
4184	704
5114	1034
3536	1747
3853	2775
3320	2476
5062	2489
3419	1286
4889	1058
1496	922
3382	2598
4889	58
3395	1461
3116	351
1747	1687
4631	970
4348	174
1573	1119
4399	1135
2706	16
4120	22
3996	1679
4170	4070
2299	421
5085	1692
5153	910
3848	2240
1679	1010
1834	1115
3211	2525
2460	2316
3198	1324
3116	1854
1926	349
5086	1679
4598	618
4196	833
2342	2146
5008	4863
1061	1043
4210	1679
710	299
2864	100
4739	1527
2530	2312
2924	1527
4131	1679
4542	1293
5069	4933
4972	4271
4156	1108
3947	1527
1537	322
4841	926
510	123
3361	651
2370	1912
4045	3300
4360	2490
1527	111
3116	2254
3547	1339
1747	309
3202	942
3988	1883
4105	121
3161	2617
4580	4463
535	255
4207	2361
1686	929
4699	3116
3827	2519
925	264
3650	2843
4362	925
4208	2414
2216	1890
4156	904
5084	1930
4416	1679
3536	1108
4198	2216
3736	3581
4177	2159
3589	1003
4035	1180
3853	710
2214	269
5062	2495
3382	1433
4336	270
4617	7
4480	1465
1225	92
4907	1085
4631	1061
4863	1883
2322	680
1108	958
2617	870
1692	337
3606	1527
3696	1036
3116	3025
4735	3528
1679	1513
4271	2728
3116	501
4097	100
4163	1679
2887	1549
1979	142
3565	1032
3442	2502
4037	1679
2108	440
4789	401
5153	1603
2534	1726
1094	1058
4156	2360
5062	2900
4923	3202
5026	1248
1324	547
3139	1679
1993	1909
4514	632
3300	2169
1527	679
4201	3247
4311	3840
1873	284
3602	581
3054	1726
2124	739
1791	757
1215	587
3685	914
4087	2216
4493	2625
2924	2495
3931	1527
4979	1679
1878	1585
4301	3469
2720	2598
2648	401
4874	107
3116	1912
4615	309
975	230
3536	1527
4325	111
3434	1679
2506	214
4880	3114
4328	651
3839	1215
4156	3441
4156	821
4200	1686
2268	859
1617	890
3116	2725
4787	1633
4580	2904
4311	2156
3623	682
3591	1215
4729	2835
2476	1503
4405	3604
4907	1251
3758	946
3107	1243
2692	1461
4393	2798
4525	3534
4096	879
2755	1527
3512	2142
3758	2515
2723	2476
3116	1218
4827	3026
3174	2934
2509	1679
4435	3944
1966	991
1108	1036
4985	3589
4064	1721
4701	4640
2798	593
3421	1993
5079	3988
2360	1352
4156	3750
4525	4156
3892	3011
2714	1260
4517	2569
4669	1183
4631	1753
4111	833
4301	1797
4232	3116
3202	1135
1679	1616
3488	1892
2343	1061
3488	2051
4145	3162
4308	101
2322	247
4808	3380
3061	2437
1953	687
3853	2142
4874	2049
3493	1679
2924	645
3344	923
4480	4399
3926	903
1710	36
4386	651
2593	2460
4711	2177
4775	895
4882	133
2496	746
4165	1864
3536	2900
1215	1067
4156	2335
2460	1665
4130	100
929	604
1679	1063
3114	2506
3162	123
4308	3116
3658	3538
4342	3774
2176	1135
4879	2342
1119	493
2710	2460
4576	991
3385	3367
3344	3105
3920	601
2798	1423
4702	272
3382	2496
4105	1887
4798	501
2675	1618
1679	1217
2684	1721
3114	2569
5008	2798
4478	259
3573	2775
3300	1058
3044	1504
3493	3369
4631	3358
3999	2216
1848	758
3619	1094
3116	1951
2661	471
5078	1906
4391	648
2450	2242
1859	1176
2210	1549
2177	2169
3646	3225
4017	2171
3116	978
1873	757
4729	2465
5138	4156
2863	285
4070	3804
3366	1537
1878	1670
1787	1105
3376	111
4725	1438
362	272
3105	1633
4045	67
5016	2625
904	442
2347	973
4418	442
3839	2794
4478	1527
1679	945
4989	1549
4413	401
4577	4336
1041	571
4674	2160
3895	730
3185	442
2803	2014
2755	2361
5148	2714
4401	4156
4775	2055
1679	176
4095	1185
2704	101
3916	1679
5134	4235
2049	271
1243	1032
2173	867
4070	2190
1881	1477
3114	33
3116	461
4110	1113
4156	1689
3589	758
3544	2617
4775	3151
4481	134
3188	444
1765	285
4259	1980
3505	340
3481	1438
3685	1662
1679	1
4775	1443
5087	964
3202	2627
1679	833
4674	3518
3211	1870
3685	192
2041	1338
3209	1679
1674	942
2755	1553
4070	3959
2040	581
1862	618
1679	670
4598	1028
4897	2496
5151	5072
2774	67
4397	4201
4598	2177
2530	2041
1692	544
4111	476
3326	1679
4889	4845
4294	1953
5085	1573
2420	451
2374	1841
3116	101
3416	1215
4721	3488
4041	1666
5034	3056
452	401
3250	2216
2888	2185
1826	1726
4156	2839
4538	2835
1679	1046
1041	452
4156	542
3916	1863
3589	1848
2249	746
1424	1094
357	270
1215	366
1726	1679
5146	3864
902	648
2224	687
1527	1360
2706	975
5055	854
1503	1085
3920	2504
3116	2416
2142	1135
1727	609
4200	2735
4446	4156
5030	1147
3237	2858
2931	1344
4725	4163
5144	1215
1215	1178
3988	2312
5083	4775
2041	833
2374	1679
4156	677
3619	609
3189	3116
1710	1041
3975	3116
3234	1774
4197	2755
4156	1980
3003	924
2703	374
4478	696
4298	1679
3864	3754
4105	760
3580	788
1679	1603
3646	1673
2268	1251
3808	2934
230	176
1392	570
3470	881
4901	3397
4866	3116
4326	3100
4879	1873
3810	7
4350	4151
4479	1679
2823	698
5089	2472
3810	1560
4156	740
4156	3254
1679	521
5008	867
1051	115
2027	67
4095	1527
4728	4271
3853	1679
3747	698
2086	1679
3650	2547
3705	2389
2627	1180
4391	2343
3121	833
3076	451
1881	1679
1722	704
3185	1633
4156	459
5061	866
4271	677
3116	2373
4271	4196
2059	1679
2626	1537
4064	704
1542	660
4236	918
4631	3920
5061	4103
3419	1270
5062	4801
2947	2057
1818	1679
4355	1136
1294	124
3317	3105
2670	2216
1679	376
1516	1049
3116	738
1649	1549
1147	247
3202	833
4901	420
3116	2703
4105	976
3688	2048
4580	2796
4156	2033
2818	1603
4598	2027
3235	2080
3538	421
4156	2821
3361	2374
3116	2190
4199	4105
3644	313
3289	833
4201	1951
1692	961
1737	687
4674	2142
4514	3174
3920	1503
4105	1163
1491	862
4729	1710
1936	1686
1666	688
2720	1679
1687	1215
2051	651
4392	3116
3581	2124
5078	748
3548	2838
647	269
3848	3736
325	22
5063	1113
4819	526
4051	269
3728	1679
2000	25
3652	1679
1667	925
1585	728
4376	4361
4187	1982
3881	7
4819	1492
4151	1549
4876	2627
4772	1987
4410	1094
4349	911
4529	1537
3247	1549
1930	948
4156	82
4920	1679
4653	4520
3496	898
4064	3367
3686	351
3416	3382
1215	1051
3225	881
1113	975
3754	33
4841	4271
3512	1135
1603	1180
3747	601
3367	2491
3995	2755
2430	7
4615	4067
3331	176
4321	3455
4640	421
4674	1753
5090	181
4514	349
1679	663
1872	1461
4841	3999
2801	2174
4156	1172
4544	1727
4775	2249
3606	1679
1912	1573
4600	3747
4545	3116
3658	1679
4525	3620
2222	2040
2040	238
3163	3116
4271	3573
2124	844
4775	3000
4156	111
4105	3758
4831	854
4775	2353
3493	1061
4580	3750
3116	3105
2711	1679
4474	2469
1679	702
2466	581
3713	926
4206	2276
1679	790
3988	3512
1679	1005
3696	1679
2963	1705
2625	372
2568	313
1780	687
4525	4207
3380	1481
3782	812
2108	1010
1352	1038
3840	1666
3435	2985
1147	238
2374	2184
3351	3116
3116	41
694	247
4598	2547
2752	1710
1553	36
1549	680
4487	1750
4401	2617
4525	2347
3439	100
3736	2361
2625	1881
4336	35
3116	2136
1654	946
2216	910
1308	680
2361	123
5038	1727
3605	2143
3116	728
4525	3188
1527	388
2569	1722
4036	309
1679	302
4301	67
3923	3538
1704	1684
1113	262
4182	3237
4325	2048
5107	1679
1655	1051
2835	2471
1938	1679
5087	4311
3905	601
2801	1656
5097	1460
4561	1386
1185	261
4156	562
3322	601
2684	1085
3840	991
5009	3152
3516	1024
2417	1185
3439	1954
3502	3100
4206	2770
4350	1292
4328	2963
4493	2216
5126	3824
4321	4131
4202	2803
3025	1527
4035	2142
4326	3853
3840	2858
2598	2519
983	27
2742	1897
2241	1812
3685	946
4162	107
1755	1673
3244	1549
4156	3300
1038	633
2947	1176
2853	1938
3263	3116
4841	942
4267	202
3884	1665
1504	616
1679	747
4070	3597
4350	4012
3400	1692
2835	1338
3646	2625
4156	2031
2834	1433
2625	904
4156	120
4863	4196
3932	1679
3848	3182
4933	3116
1679	366
1679	374
4693	612
3317	1119
1119	648
1513	826
4156	16
4095	2947
3026	645
4170	1679
4070	2560
2241	2234
4902	4557
4957	1243
2957	2687
4308	1679
2723	823
3730	1679
891	452
3795	1679
5020	2214
4376	2055
2525	1645
3651	1679
2306	7
3369	43
4151	3747
2216	1344
3853	299
2735	2342
3116	440
4048	2924
4876	3591
5107	477
4236	748
4943	833
4055	1679
1774	1302
4886	92
4179	4125
4156	1686
3412	2235
3995	3376
3116	646
2775	580
4444	1679
2798	2661
5078	3004
495	202
4105	2748
1727	757
4961	4095
1505	443
285	241
4863	4045
1119	357
2835	1951
5008	2176
3056	1094
868	41
1710	1338
4819	3435
4538	890
4502	3611
4480	4273
2835	2519
5149	4012
3455	1256
5041	2547
2342	1774
5038	270
399	100
4095	3098
4301	3067
4775	3069
5083	1722
687	7
2569	1537
2216	1747
1679	1049
823	201
2285	1679
4112	3369
4393	3116
5099	1692
4775	2728
2904	1679
1727	579
4418	1710
2506	994
3685	1423
4156	3553
1215	978
1527	687
3130	1679
4525	587
2697	2656
887	832
3116	2026
4376	1433
4729	1486
4069	1870
2796	1533
3739	7
2234	579
3905	33
1037	970
1873	567
3988	299
4496	3380
5079	4271
2495	2216
1934	270
3895	1147
3853	2312
4163	2460
5028	3116
4051	1340
4156	3321
1527	137
2026	1063
2074	560
4775	2893
5003	1465
4156	2801
151	7
4111	3357
4525	7
2360	2051
3959	1537
3116	1279
4105	1773
3810	1527
2177	1642
3536	3494
1923	1679
2961	1818
1113	7
3646	2406
5087	4601
3099	2961
2591	1360
4863	4156
3953	1666
4145	284
4515	2166
5017	1248
5034	4674
1911	22
3518	2027
4478	2521
5151	1679
4631	3467
2299	2221
4729	3930
3496	2504
4675	1679
4478	272
485	224
1215	571
4525	3895
4478	855
4402	3116
3536	2801
3705	1560
4841	222
4064	2569
3488	478
3380	1919
4998	694
4362	176
4036	1679
4827	1377
1847	1747
2898	609
4533	3860
2803	1603
3516	162
4989	652
5072	309
2027	134
4598	2835
2047	675
4598	2246
4863	55
2743	1119
3920	1679
2687	1215
1122	981
3999	2975
2110	1147
2312	1665
696	22
4412	660
3685	1905
2312	1893
4841	3758
3116	1743
4480	2105
4923	1135
3300	2775
3984	2755
738	238
4156	694
4350	1277
2837	224
4097	2861
2805	106
3121	299
4406	547
2714	1527
1491	101
4369	2829
5126	694
3366	2311
1797	905
3439	1421
3853	1094
3116	1251
833	192
4841	593
4775	4208
3116	1648
4156	3888
903	260
4983	4156
1905	1122
3837	3061
5035	1372
3408	92
2752	1371
4376	1110
2934	2812
2755	123
620	192
4775	4104
2049	440
2472	1679
3344	2495
4201	2534
4156	2900
4536	3116
4824	1679
4156	3536
4480	2803
4576	4145
4775	2716
4598	3272
4863	833
1679	1375
4500	3344
4274	3322
1657	1573
2569	20
3688	952
2835	35
4070	3672
3441	1603
4271	2775
4960	926
4108	272
3623	1413
3837	3004
4728	746
4949	3344
5039	4480
192	7
3808	2216
421	269
3432	3116
5153	4156
4069	3302
1451	580
3602	2826
647	24
3454	714
3361	943
4876	1537
3829	2582
5032	1549
4326	2861
4775	4729
2515	2495
3092	2159
3736	36
1191	1096
4206	3555
4163	3528
3739	2420
2362	579
4502	1710
2818	1527
5087	901
5145	735
4156	3139
3923	3116
4841	4580
3116	1267
4702	4457
4393	1386
1365	1215
5107	119
4070	1063
3999	1679
4243	1215
4480	788
4840	3236
2521	580
2573	1549
1660	943
1883	1423
2952	867
1109	72
3881	25
2837	501
5129	3536
1873	177
4876	100
1703	1215
4923	2798
1679	1201
4795	4129
3677	2312
4557	2406
1646	366
1679	957
4640	1136
2110	690
3492	3056
1215	281
4775	4544
3606	326
4435	452
4105	156
2185	1633
4105	2058
4402	3380
2288	817
3094	1679
3116	436
1687	687
1256	655
964	192
2216	1543
963	690
4169	1679
3663	3513
4156	609
1377	833
3536	2835
1692	743
4174	1726
1831	1679
2341	978
1527	139
4163	1917
50	27
3514	1727
4457	1679
3442	2188
4325	1679
1951	902
3810	2864
1617	585
2299	1032
1527	797
3536	444
1215	241
4863	142
2308	1187
4030	92
5127	4775
3490	896
4525	1743
2242	1270
3638	2460
4857	4129
4890	1926
1710	100
2216	35
2176	855
1665	75
1884	573
4144	3444
3026	970
4708	1710
4160	1679
1367	652
3056	1753
3620	3004
4970	1041
2582	1215
374	92
3580	1180
4923	476
4350	1030
3635	244
1527	7
4756	2688
510	340
4617	1679
2486	101
4105	2543
1710	1704
2216	611
1067	970
5134	573
3990	1774
2573	495
4664	401
5107	4631
4827	618
2973	963
3331	1679
2582	1267
1721	192
4097	4035
3419	476
4857	272
1679	1121
1388	1215
5072	4615
4664	3380
3810	820
2409	704
3701	1367
3892	1042
1455	27
4897	1617
4631	3105
2290	694
3659	1461
4132	947
3602	963
3101	722
2546	75
3959	1727
4399	2627
4201	4170
3336	3116
1324	168
1386	401
4064	1872
4455	3026
2360	887
3319	2930
4271	3190
1830	1185
4156	1617
3944	2216
4902	2959
3419	2175
3853	1710
2181	1641
3845	1105
5078	3367
1679	325
4601	2166
3555	28
1704	1041
4526	2342
4480	4035
4882	1398
1679	244
3723	1505
4112	3116
2973	1390
5035	1531
4301	3026
3098	92
4747	92
4012	1246
4525	2560
3262	2137
1946	611
4070	740
4046	2216
1504	1432
4156	3825
3151	1679
2625	2222
4153	982
2625	2234
4905	3367
4580	285
3121	1180
1679	548
2383	499
4841	1743
5048	1679
4069	1679
3161	247
4173	3030
2704	453
2714	238
2202	7
1774	1679
4231	440
5001	1679
4923	3995
3496	833
1666	230
3686	862
3441	1679
4415	1780
4729	694
2930	1727
3431	3209
1667	288
4642	3685
3237	1461
3837	3237
963	739
3646	2835
3250	3116
3911	2406
4105	3632
1527	983
1527	441
2598	349
2465	2347
3417	1122
3361	735
1108	626
1687	151
4106	1679
1703	570
2798	1670
3839	2299
2593	2108
4819	2185
4211	3235
1679	1050
4321	3747
3434	1667
4038	3395
4182	3114
2347	2243
4156	681
2163	1203
4048	322
4486	4163
3493	2796
1580	1147
4879	1987
4852	4598
3653	3413
2904	2898
3338	1113
4461	3484
2985	622
4129	2829
4775	4029
4480	340
4376	650
3853	1108
4521	2166
3688	2893
2347	7
3496	3400
3764	2364
2176	1670
1248	248
4721	4268
2159	1679
4972	1180
4165	1876
3116	2177
3395	2420
3400	1424
4866	4156
2490	1215
2975	2502
2547	509
4538	25
4045	1402
2216	650
2465	1912
4156	1954
3602	2835
449	313
3390	1527
4560	3385
3343	675
3552	106
3555	965
3116	758
4575	1465
4406	1324
4874	1585
2625	1543
1679	898
2501	1747
2551	1113
1722	1679
1940	1108
3116	2691
748	33
3161	1717
4798	2370
3272	1505
4393	4156
4395	192
3139	991
3815	1119
4874	326
2837	1623
5062	5008
1537	1445
5126	4580
3669	2703
4598	2775
3685	2495
905	248
3086	1076
3589	1527
4156	3345
3060	879
1679	1533
4365	3774
3580	3376
4201	1903
3987	3344
3739	2924
4943	3589
3457	1108
1465	444
3536	1847
3580	1588
1649	35
4492	2169
5040	4584
4156	1477
3724	833
1727	444
4045	1747
3602	3515
1091	694
2835	970
5158	2180
5085	2835
3988	2803
2845	1215
4258	1201
5144	1115
3920	1878
2048	1061
2985	2027
322	7
4105	1158
3739	1348
2142	867
4045	3202
1527	913
4639	1615
2476	1926
2834	1293
1912	230
3067	2812
4919	1422
4702	1477
3864	2858
3306	1679
4723	2049
4156	4088
3435	1037
3564	2174
2654	1188
4775	1248
4631	2847
2312	1673
3522	2362
1491	973
4841	4775
2917	309
1641	501
1852	1679
5159	449
2384	1619
4105	721
2728	1679
1320	842
2656	1429
4759	248
4111	3441
1919	272
3682	1747
4161	3984
1797	1215
548	235
4702	1798
3564	985
3237	1679
4960	3380
2838	2835
3116	426
4271	2249
4271	36
3536	3235
3747	1567
5146	1679
3696	948
4880	601
1215	1063
5028	3845
2839	1679
2812	1185
3678	517
4507	4184
3395	1188
4350	2615
3098	28
5084	43
4326	1135
4525	1975
3272	65
3302	2469
2901	2704
1777	970
2361	2219
2796	272
3754	2858
5079	4863
4640	507
3528	1432
3518	134
3852	2704
1527	1279
1679	1221
4827	111
4600	710
4236	1872
3950	1215
1679	1469
3116	2561
4880	364
3723	3225
867	55
710	580
3189	1135
2658	2343
3944	1215
3339	2216
4819	579
3437	286
4787	1671
4580	1113
4871	3968
1537	1180
4105	1641
1692	1662
4525	1747
5087	5051
2336	1113
4350	1085
5114	925
2324	2268
4561	4507
3421	1271
4105	2188
2752	20
2190	336
3493	2020
3453	357
1825	983
3380	451
4723	3605
4685	958
4520	3116
1679	1339
4156	2892
3289	1905
1679	1277
4156	1618
2480	1709
3602	3081
4480	3995
3009	1679
1543	174
3488	2482
3324	1061
4787	248
1337	1108
3435	2835
3481	3116
4001	3300
2259	1113
4978	1188
1003	877
5012	3598
2726	517
4151	3300
3457	2671
1671	347
1615	440
4514	153
5008	1774
5062	1679
1549	413
1891	1262
4819	3419
3317	1692
4480	3505
4480	43
1679	1048
4772	4525
4819	2353
3568	905
4492	1876
3432	2887
4664	3581
4500	7
4165	1960
4879	675
4270	1679
4725	4156
1746	1494
2798	2666
1553	867
4329	2582
4070	288
3067	1726
1312	680
4702	1876
2561	2338
3116	381
4775	56
1680	1553
2658	1215
4002	1679
2905	177
4598	2755
4897	3754
4478	4314
4271	1344
5035	1051
2014	272
2272	553
4300	926
4674	1094
3606	728
3589	1203
2708	1527
1674	1559
3116	2218
4841	1037
4882	1341
2389	694
3026	352
4423	3686
2952	1654
4819	904
3000	1527
2342	71
4105	2478
4985	2181
4891	4105
1679	738
3864	3237
5087	1710
2031	526
3993	2625
1674	961
4066	3116
2234	1679
4831	866
2835	2490
4238	3116
4461	2312
1679	515
4882	1544
4030	553
4295	2591
5139	866
4036	2064
3678	1679
3380	1215
3026	1628
1679	1125
3591	1679
4406	1655
2871	1051
3116	2593
4321	1215
1858	1705
4156	3474
3851	3612
4606	1108
3116	15
4069	3608
3827	1863
1303	1215
1135	833
4525	1344
3884	1243
1553	1215
2476	1255
2723	1293
3589	2661
4901	3488
2216	202
3067	2625
3713	823
4201	211
3731	1679
3421	2714
3602	2361
4106	651
4105	1270
4529	3344
4365	1398
3116	78
4350	3211
1527	230
3444	2703
4729	1692
3930	2711
3611	2593
4601	1560
451	176
1966	413
2835	67
4105	2098
2411	35
4819	4544
4674	1527
3012	2675
3932	1727
3405	1560
3536	2584
1108	898
3982	2573
2685	255
4271	2668
3959	1215
1537	453
4105	674
2704	811
1727	1336
2216	687
5042	265
4105	3247
4271	3853
3827	2378
2159	214
4254	337
5086	3116
3185	964
5020	2221
4545	2005
2917	697
1858	988
2317	1679
3908	2947
5028	1537
3716	3395
2625	2000
4848	553
3580	1527
3402	144
3101	1215
4410	3754
4620	807
4876	1727
1897	662
4905	4897
2934	2244
3538	3161
2216	759
2490	2486
4486	2507
3492	1868
4819	2985
4088	947
697	309
3851	3469
3782	302
1061	285
2242	1674
4877	1679
5026	3405
3857	1755
3808	2893
2216	698
3574	2370
4461	272
4943	2569
162	20
3419	299
4775	3528
4376	1859
2829	1834
4402	100
4575	859
4787	970
1603	1527
4418	3860
4200	1078
4867	4361
4131	2395
4156	340
2202	1422
4104	1679
1437	230
4631	823
3026	2105
675	269
4156	3505
4271	3984
881	877
1680	510
4624	735
4035	1108
2342	1428
2450	877
2515	154
2469	1215
3810	1037
2027	33
4907	2547
4502	4163
4529	4415
2775	1377
4478	924
2299	2214
4729	2014
2112	1527
4207	3116
4985	3116
5146	3837
4145	1617
5077	4156
3116	2952
2241	1856
3754	914
3400	92
1679	925
3484	1800
3580	1270
4301	1873
4200	2360
3871	349
4871	2361
4192	1979
3116	75
517	43
3116	1203
4070	4022
4620	3026
3367	2569
4453	1679
4525	2864
1679	797
4271	452
2417	991
3385	2174
2952	1679
1147	914
5079	1286
2489	1034
2362	569
4345	3116
5062	4949
3004	2241
4378	580
2181	1438
4156	1802
4545	1679
3025	192
1338	867
3750	3116
1727	910
3419	1108
4261	4105
4575	1679
4156	146
2409	1679
1926	41
2838	1892
2708	1270
3121	1923
3696	1930
983	866
4486	4012
4674	4273
4131	33
1679	1060
3320	3116
4338	511
3853	3493
2360	2342
3565	2047
3116	963
3361	2794
1703	1451
4197	1553
4156	690
4156	2865
1544	1185
4235	1684
4621	2701
5110	4775
1248	648
1185	877
4600	747
5134	452
2290	1617
3353	1692
4757	1679
3602	1460
5040	3705
3493	2342
4538	1954
1679	1108
3165	1726
477	107
3004	2216
3121	1270
4132	3056
4863	593
5008	2312
4923	3573
3774	1215
4399	855
4970	4525
2570	1108
2216	1270
3116	2347
757	162
4876	3988
3747	773
4254	3317
3481	3107
3390	925
1918	1679
4841	2716
3581	368
4880	3237
1527	281
2973	890
1513	313
5098	5088
4086	1003
4765	1375
2370	1060
2594	651
3382	1777
1692	584
1710	547
4675	4070
1180	1135
3226	2322
4271	4035
2726	948
1742	1404
4791	4728
4105	1294
935	571
2142	36
2704	2570
1516	262
4201	2398
2625	2214
985	601
914	65
4461	2395
4943	3496
2227	833
1679	587
4169	3101
4841	728
1617	123
3376	1553
4876	28
4156	95
1084	21
5151	663
4674	4024
1527	1076
4897	1662
1679	1116
3944	2322
4775	1643
3003	1549
5008	4480
2525	571
3581	2246
3488	2654
4493	3757
3783	260
3651	3116
1687	36
4156	61
5034	1108
4273	2142
4819	3678
4274	2152
3565	1185
1679	1646
4642	1085
2993	1156
3237	1215
1679	1052
3905	3114
3837	748
1215	111
1527	579
1873	1185
4095	1673
3056	1423
3355	1679
2706	1548
3589	3419
3435	2858
3116	3010
1371	828
1302	855
3380	691
1679	821
4402	2216
1777	1679
1267	16
2985	970
1527	365
5102	2216
4827	2048
2217	1679
4410	1722
4628	1422
4474	1422
2142	1670
3300	1465
3481	1623
5146	2569
3608	1679
2311	1107
3730	1527
2905	1859
3114	649
1901	1215
3302	309
4156	2615
4600	4393
4624	1883
4295	222
3408	1603
3116	151
4561	1654
2347	1147
3781	2312
3192	2108
1992	1679
1518	490
4358	1549
3116	1763
1553	1286
4621	4361
4417	925
4702	3704
4156	3627
1560	1527
4876	3810
4879	1302
4311	3382
3262	1681
2312	454
2214	1294
3999	2335
3619	3344
4170	1505
1679	970
3405	3380
4743	3380
4406	3742
3190	1176
1527	515
2560	652
4064	1105
2216	579
3493	1533
3825	687
2361	1692
1695	1533
3493	3116
4702	2342
4196	3202
4601	4036
3629	1271
3198	168
3105	1560
5062	1386
1797	1255
4201	958
4972	833
4863	2362
4859	3322
5149	2014
5102	7
4045	151
3840	3769
2443	1679
2240	1679
3367	1872
4162	3536
3116	2670
3881	3614
4169	451
4598	812
4662	2476
1883	855
5020	1844
4675	2312
4266	1679
4326	2661
1537	1464
4336	3453
2561	22
4486	2835
2353	2312
3750	1753
3061	2692
3116	2104
4826	4105
3116	2492
3455	1215
2985	222
4200	929
4211	1036
4488	1679
4301	3512
4525	639
4624	4156
4507	4156
3840	1119
4648	1679
1603	833
3623	1261
3270	1679
2216	609
4271	3995
4797	3116
2039	1679
65	7
2704	1766
4245	2031
3421	354
3366	2905
4030	2739
1705	1007
4585	4169
351	107
4795	947
2724	1371
3243	3225
3205	1513
4266	1986
4393	3995
3419	1775
1172	1056
1980	1679
1912	1679
988	902
3492	2272
4876	1135
3745	1710
4169	1505
4274	2489
4278	1543
3536	376
1953	1527
4945	1834
3581	2864
2341	349
4250	3000
3116	1905
2471	890
5027	284
4023	25
2627	833
2177	2039
2268	1679
982	879
3382	1905
3597	2216
2961	1679
3614	3116
3116	248
4600	3116
1277	1251
2414	1679
2142	1302
2216	1666
1527	807
4156	1041
1172	539
5099	675
3724	2227
4711	4036
4048	3810
1617	898
4827	833
4819	2027
4525	1642
2108	1825
4156	442
4989	4588
5040	4920
3589	501
4817	3116
4600	2177
5030	728
3358	1679
4246	660
4972	4873
4525	2409
4635	1667
580	28
4519	4156
5087	3211
1067	372
1665	92
3289	2227
1110	270
3545	1320
1684	452
3289	1034
3121	1883
4105	3482
3116	1510
648	20
4939	2501
1742	92
1533	7
3851	2013
3724	2755
1951	571
3116	230
3571	1679
4496	2409
2216	1501
1614	1108
1679	1078
3413	3026
4538	2864
4156	1035
4132	1108
3862	50
3565	1294
3496	1679
2775	476
4144	2476
4156	3663
4064	2241
4968	2617
788	41
2124	891
4156	2443
4775	679
3824	2490
1679	991
2506	1261
4695	1873
4542	2026
1844	421
4857	1085
2671	1098
2798	2246
4607	1679
3864	3367
2471	2188
2905	913
1964	1679
2495	746
1113	281
3114	1856
4163	1187
3183	1105
4580	2703
1938	1746
3615	651
3343	2892
1825	1692
3646	2525
3453	1113
2166	797
4406	452
2658	1864
2047	1679
1619	421
2835	92
4089	1679
5072	4294
2023	7
1684	1324
1679	1136
4170	230
1727	1424
3857	1679
4459	738
1679	559
4827	4156
3435	526
4943	2798
4972	1603
1248	904
1727	142
4308	3515
4538	3750
4711	222
4279	3739
4045	1953
3742	1041
255	103
1460	252
2892	1108
1679	1409
3605	1690
1679	454
3116	988
3025	214
4156	2798
1679	357
4246	2169
3496	2775
3419	1135
1215	833
4196	3505
5085	3486
4227	1527
3417	2041
4090	1035
4943	1603
2961	1949
1679	134
749	313
3455	3143
333	313
4970	1884
4601	2835
2185	1492
2593	2159
4889	3116
4957	4653
4631	1948
4399	4325
2492	2353
3536	1366
3202	2440
5152	4775
1527	272
5107	7
3441	1553
2823	1778
5151	4615
3629	3161
4702	4002
4956	2871
4819	3742
1215	33
2758	1679
2174	985
1679	144
4621	1512
4295	7
4105	1956
4156	4112
5083	4395
3758	65
4086	1908
1763	1243
3536	1687
3568	2241
4525	1617
2173	1553
3685	2336
2887	193
4202	2755
5047	3105
4634	2108
4511	153
3486	3116
4662	1679
4747	123
4452	1679
1113	797
3612	2312
3486	1617
4467	1113
2466	1320
4798	1438
3300	2591
2704	1341
5126	2490
2525	2471
2427	1167
4615	2584
4923	4493
1505	272
4417	1705
2593	92
2900	98
4156	1541
3439	3398
3580	580
1679	1633
3385	3114
3300	1338
5114	2410
4480	2246
3995	1109
3116	1954
1094	476
1679	801
1402	1108
3484	3105
3056	2798
2051	1686
3202	510
3116	2723
2934	53
3952	92
1560	1492
1679	832
3810	2051
4156	791
3419	1377
4245	2615
1505	748
1662	1293
2476	942
4970	3568
1679	817
3739	1987
1259	452
1692	247
1655	35
3116	1679
2743	2706
4156	833
2952	2496
4036	1534
3717	1680
2185	964
4750	1288
4601	1679
2290	1119
4580	2049
2684	914
1630	272
2706	1679
1853	7
1975	1679
284	107
1527	284
4035	443
3107	2625
3663	3231
2973	1527
4415	1679
5145	1061
4480	3408
2845	2013
4970	1617
3435	570
4775	1749
4177	698
4271	961
1559	881
3004	1873
1710	626
4859	1034
2216	1903
4708	4525
3080	313
3116	1641
3580	2048
3441	859
4012	3476
2640	1094
3380	999
4757	3988
2142	1286
4105	4006
1697	1537
2661	1294
4819	970
3011	855
3736	964
4184	1873
2598	41
4184	1588
5134	1710
2735	302
3103	2040
1679	896
4943	859
3853	36
4775	1396
4787	2013
1727	288
3547	1834
3908	1061
4070	579
2615	174
3987	1527
4271	3231
4321	1348
4775	357
2159	1844
4631	1332
4179	320
4301	3591
4970	973
4156	36
5087	1722
4235	1704
2163	1549
2947	413
4156	3318
2246	895
5078	1461
2798	55
3493	366
5103	1527
4897	1654
4615	2224
5016	2835
2395	580
1800	1215
4821	1422
4210	4105
2985	1687
4500	2661
4666	4156
1844	1619
2549	1679
1485	891
4580	4257
3565	230
4621	3398
1527	587
2501	241
1852	1549
5017	4775
1667	722
4024	1679
3003	1746
1109	735
2656	2534
1848	224
2101	1780
2216	728
3300	2803
3512	2027
4478	2312
4131	3116
2661	429
4294	4156
3750	3163
4156	982
4156	2812
4880	1108
4873	4271
4457	1667
2829	1479
4463	2409
4110	1679
1912	694
1396	28
4882	477
4467	3649
2110	1260
973	862
3300	476
4601	697
1679	1475
1679	643
3505	1553
4354	3116
3619	555
2478	1639
4035	2177
4923	580
1679	1097
4525	911
4461	1747
3534	2159
3853	1905
2582	284
2406	773
3810	2625
4046	1873
2593	214
1215	269
3585	3116
4738	2829
2492	1740
3580	1109
5122	1834
4097	1726
4156	854
4541	4105
4066	651
4580	2440
2607	2216
4557	2031
3488	773
2658	2582
3995	2389
1884	1324
3369	517
4859	1348
3810	3272
2814	652
1185	609
1404	643
1113	100
4778	4405
4156	2975
2704	1710
4919	1872
4882	1028
4708	3380
4674	28
3488	696
1215	970
5122	1797
3602	1085
3545	1243
2049	146
4831	4640
2835	444
4787	904
3343	1527
4502	1987
2974	2160
3716	2049
3905	649
2547	1492
3930	2905
3563	98
5102	1553
4458	1057
1481	92
4857	2829
3840	3047
4831	2661
4257	3444
3116	1265
3683	927
4525	1692
3602	2057
2704	1489
2156	1876
3488	898
4560	2801
4569	4070
3612	1248
4271	1094
4827	123
3003	2909
3988	1670
4156	927
3100	299
1738	1679
3121	2176
1721	1537
3100	2406
1110	357
2163	1085
1913	1825
2798	2176
4492	660
1679	109
4200	812
2629	1679
2629	2307
3765	1533
4943	1135
1424	476
4615	687
3895	2409
1679	1248
5114	4841
4132	1267
2805	942
1113	374
1812	230
4544	3987
3351	2414
4350	570
3235	1108
3870	2835
1679	1517
2045	269
5159	77
2051	1056
4772	4271
5102	2249
2803	1883
4775	1890
2336	855
3757	833
4156	388
4809	4486
4968	4725
2374	25
4486	670
2221	269
4943	3413
1679	1085
1727	271
1641	224
3591	970
4105	2305
2362	1549
3837	1723
3743	3484
1687	364
2515	1662
868	574
4245	1248
4273	788
4911	4271
1679	351
3853	2166
2934	299
3639	1037
4156	2706
3116	469
1462	652
4395	1527
2934	2259
1085	143
4339	1679
4804	1615
3802	3343
3999	3486
4376	942
3060	1172
4263	92
4461	896
2311	1679
4350	773
4201	3677
3538	1243
4211	43
4525	3488
3116	2374
4905	3566
1679	340
5038	4036
2959	2013
4827	2755
4915	269
3098	230
4075	1679
3012	1260
1679	264
2909	2640
4097	454
5083	3190
2569	1461
2515	2496
4339	3321
4580	272
4905	2241
1537	1533
4920	3555
3132	2981
2221	333
2362	1619
2858	325
3988	3121
4989	3116
1527	1504
2952	2246
3116	858
2496	867
1721	35
4943	3026
3646	1559
4702	1667
4202	4088
3344	2864
4105	1813
4295	1747
3041	1679
2835	1917
4200	302
3349	1215
3061	1093
4399	2176
5142	3564
4131	3395
1717	252
5142	1105
5083	1952
4525	3116
4290	1755
812	302
3105	926
1679	838
4817	4156
5026	1215
2135	1009
3810	2973
4639	1037
2216	1643
5020	3839
3602	2600
5035	1110
4525	2249
3897	269
4201	1619
2951	365
4399	510
1655	7
2521	2312
4610	1679
4480	1094
3905	3564
2224	1248
3105	1679
1113	58
2755	2627
2216	1424
4968	2460
4662	942
1679	1404
3518	1215
3536	2224
4978	1679
3493	67
4361	958
4001	2347
2216	1791
1679	1113
5017	4970
5114	3685
4301	1679
1679	1657
946	867
2515	1679
2957	1527
2185	1215
4841	1115
1643	1537
4514	2020
4583	4561
1936	1679
3502	1527
3864	1872
1214	269
1692	942
4631	2947
2905	1060
2108	1990
3564	3367
4902	177
4857	773
4775	3445
3165	961
4923	3496
3646	2694
817	313
1943	1679
4350	1161
2535	265
2858	601
757	36
4841	2767
4580	1975
4271	820
4153	1056
4636	1614
4480	1553
601	33
2735	1679
4156	3754
2701	1267
4897	154
4336	509
4874	1679
1679	731
2166	679
1679	247
1706	1679
2625	1747
3658	1185
1674	1609
4985	3322
4478	783
2241	962
4156	1667
1710	1398
4154	898
2222	313
4156	443
4528	349
1679	1422
2456	203
2504	2351
1679	1666
5145	4105
4480	1286
2775	299
1884	1041
826	24
454	349
3103	2305
2216	1533
4753	1679
4525	2290
4201	3993
1215	255
4889	1527
3236	325
4325	3995
2166	626
2194	101
3116	2024
3987	1703
4882	757
4070	160
3515	1527
4525	2739
4239	1946
3843	1215
4048	1679
3963	1075
2710	1527
3116	1455
4951	1215
1662	154
3977	2221
3116	486
2625	1623
4801	2364
4130	2142
5084	5062
1789	1185
1710	1324
2466	176
1679	1471
3602	2210
3685	2952
3565	421
214	181
5047	3344
4701	773
4819	3405
3367	2174
4039	3116
4415	417
4525	1533
3747	2406
4970	4245
3494	2018
2465	326
1527	1370
4156	3116
3635	285
942	801
4478	2547
4029	230
4729	2347
4538	2525
1903	1726
2216	98
2027	1671
4461	2027
3395	1413
2409	201
4328	1062
4640	333
4923	2048
1679	1503
4702	3366
2241	2240
2216	1749
4772	4156
4775	1919
5032	3116
2893	1188
3198	1041
5138	3105
4263	4156
1979	476
4558	1437
4105	2532
4156	3245
1147	1119
1061	352
3013	1549
4561	192
2336	1038
2051	539
4907	3635
5134	3198
4923	833
3802	1679
4882	1853
3867	1710
4871	2931
3116	842
5085	1580
3262	1057
1679	1585
1414	579
1122	552
4863	1670
4066	2312
2492	1917
4156	2104
4960	4165
4271	2666
1780	417
3762	2671
4580	553
4701	3574
5148	3116
1930	1036
2951	2530
4197	4156
2261	1679
4156	1370
3839	3422
1302	1135
5139	3840
4184	760
2865	855
1460	1108
4775	3975
2216	2160
3810	2582
3107	1641
3580	1553
2775	2530
3116	1399
3987	2985
1537	230
2835	2428
4132	3496
1679	322
4606	255
3606	1573
3353	3314
4374	7
4301	134
4558	694
1215	7
1727	1063
3243	2450
4461	4111
5101	4417
4395	797
4492	3713
3552	826
1679	36
3810	1679
3505	2048
4156	1603
2436	119
5020	2427
4478	1878
5142	1108
4943	4480
3502	3411
3774	413
4070	3853
5040	3536
1671	1108
2384	1411
4841	925
1679	1179
3982	272
1905	281
3864	3566
1709	1215
2347	2110
4775	1338
3069	1063
962	241
1912	1292
1946	1834
4970	4418
4789	3380
3984	3322
3840	3098
3717	1465
2227	1905
4580	2417
4001	1679
581	313
3658	1844
3493	3067
4376	758
5026	1037
4035	859
2600	1679
2666	1527
4824	3116
4301	3705
4635	2242
4576	4070
5134	3742
4156	241
3185	486
4815	4329
1215	56
4201	3395
3137	652
4399	1679
4394	4070
2936	1948
3116	2471
4972	4399
3484	687
4471	2312
4601	783
4406	1041
1721	914
4939	3981
2625	1061
3496	1178
4702	1750
5059	651
601	238
1527	1365
3435	3405
3493	3318
4968	543
4421	1825
2829	272
4105	3627
1746	283
5127	5088
2142	1774
2893	579
4391	1061
4170	2893
2456	1834
4526	1727
1679	1148
2891	2724
4328	1679
698	214
3514	2216
1533	1113
2045	2040
4030	374
4088	41
3851	248
3743	176
4105	2864
903	797
4943	3995
3367	2241
4145	1679
4750	3705
539	521
1800	1324
4271	3988
1895	1377
3696	2489
3686	1176
4236	3754
3154	2312
2019	1619
3690	285
1012	773
3116	1055
2190	1527
4271	704
903	679
3116	3044
4478	1893
3116	2737
4246	2351
3121	43
3831	2835
4775	2218
1679	854
3121	111
3244	3116
1692	983
3116	2400
2835	107
2506	903
3784	1679
1924	1187
3442	1061
4656	2837
2166	271
4492	2049
2362	374
4155	3247
5151	3198
4789	100
4257	374
5017	4827
1679	1038
1527	911
297	53
616	119
1214	313
2398	1873
4903	1679
3536	1671
1679	1660
4957	1265
1753	1108
1352	1108
4399	4196
2402	1679
3587	1215
2254	1679
4775	4311
1492	1215
3538	1679
2834	1727
3485	1215
4802	3571
4259	2360
811	333
3646	3602
3696	2726
5152	1220
4503	1679
4326	2142
4863	1527
2887	2163
3494	92
4246	2504
3970	1671
4405	894
4202	2312
4365	3984
4598	302
3339	1679
5138	3015
3764	268
5149	1251
4841	3944
4103	1679
4295	3390
3926	747
1895	1527
4187	451
2905	1825
4391	1679
3908	1692
1286	580
1679	1505
3905	2476
4873	1527
4580	2234
694	511
4308	2624
2471	1215
5014	1755
4201	3380
2166	727
4640	2661
4499	2466
4369	2406
2403	444
3367	2146
4903	3116
4480	1270
2312	1549
3431	1828
3486	1119
4580	584
4734	1679
3289	1332
4156	2582
2829	2216
5008	4600
4738	4129
3116	913
4615	1870
1185	757
2685	241
4897	3445
3988	2142
3613	1899
4070	1030
5077	2051
3860	347
4361	2166
1176	299
1121	579
3225	2450
4621	3375
4105	1559
2704	1549
4070	1366
1993	1717
4395	1614
2843	347
2176	1777
2801	985
1747	417
2506	444
4973	1679
4353	1726
2465	694
4294	4271
1987	866
1717	1341
1423	788
4201	2936
3445	2684
4231	4165
1746	1215
3116	1451
4968	3538
1180	1109
517	347
903	757
2378	1214
3560	449
3696	268
4863	3321
4201	72
4070	3857
5020	1477
1689	1560
121	92
4129	172
4863	855
4201	891
2835	101
3116	1565
2756	269
4517	1527
2216	626
1727	1392
4702	2899
1883	747
2175	1679
1484	272
3837	918
2973	100
1662	1654
4405	4156
4258	1936
1679	728
4200	1980
5149	1897
4580	349
4795	4598
4271	1137
4111	2312
4513	4499
349	247
5078	3905
3432	2520
4301	3493
4458	3659
3982	2829
4933	3619
4036	2917
4070	698
2864	2322
1873	1119
4041	2291
1642	299
4353	639
4410	1679
3724	1905
3236	2801
4879	3343
2792	1096
1834	1215
3116	961
3808	2166
3747	2888
877	413
3650	2835
4093	1924
2905	687
4110	2625
4949	4480
1704	168
4145	3774
4557	1414
2560	2476
1797	1679
3435	7
3984	1717
4045	736
4544	1884
1573	493
4879	2166
4525	2506
5040	4120
3165	1537
3685	2515
4156	1061
4132	3573
2110	1527
1243	854
2243	1108
4129	3646
2272	1679
1679	938
1689	282
1679	1413
4095	1938
4482	129
4391	903
1113	123
3704	1667
4358	4111
3840	2043
580	476
2322	1061
4201	3862
2521	1424
4525	1477
4096	1338
4156	313
2185	1710
2047	313
4201	2685
2410	2013
4692	1679
2108	866
2142	947
4525	833
4156	1916
4580	2496
4949	1527
4023	1679
4478	1679
4336	1747
4560	1461
3419	192
4943	1180
3757	3300
4271	947
3211	1215
2361	1746
4030	3493
2909	2194
4130	2625
2259	1108
3829	2495
867	788
4327	1215
2525	1279
3848	2615
4711	747
1941	1679
4561	4232
4876	4526
3848	3747
1679	1001
3658	3116
4156	2591
4172	1692
4775	714
581	259
5114	3322
3739	1778
4261	2189
2104	1679
4521	1537
4238	313
4525	854
3492	2254
4156	2697
1679	1095
2185	248
2299	1243
4496	1679
3262	3116
3724	3289
2821	1679
4775	425
1642	747
526	106
4615	1884
2775	859
4978	3247
2569	1330
2507	1917
2551	1679
4583	1679
4231	910
1679	904
2241	2034
3672	833
4880	3864
1438	1167
4695	2724
2934	1639
3505	1680
2835	1703
4580	2108
1837	1679
4301	1505
4105	3290
1479	548
4120	1671
2798	788
3344	3116
4880	1906
3566	33
4517	2108
3116	1477
3863	688
4795	2704
4827	3968
3920	914
2216	877
4636	43
4189	1108
2670	1185
290	224
3884	1844
687	67
4598	1603
4246	2156
1220	1108
3469	571
2755	1603
3810	3317
1873	22
4797	4514
2550	1527
5138	2828
4600	3121
4486	926
3101	451
3090	7
4458	1657
3054	2216
2625	1414
4985	1679
4775	3944
2591	747
4775	1543
3361	1660
3839	124
1679	1172
1503	1215
1906	1679
1747	1409
2189	1543
2142	855
4857	2625
1872	704
2857	2600
4070	92
3322	3300
4702	1465
1426	1185
4775	1912
3750	100
1692	193
3382	2763
3757	1905
5063	5026
3116	2794
4474	2312
1422	1221
2975	1834
4738	2694
4905	4156
3658	309
3519	2437
2911	2051
5027	4775
4035	3840
4023	2469
5129	4525
3116	2019
1527	285
4725	1113
2057	1603
3502	2216
1496	757
2290	648
903	639
4156	1722
4207	43
4156	3613
5119	4707
1128	539
4827	4196
4070	1679
4558	3930
5145	1513
4624	510
4674	4478
5016	3745
4538	7
5151	2224
1036	7
4743	2482
2625	2311
3382	1061
3116	2490
3920	1028
4525	1248
4156	3459
3580	1603
3581	3488
4775	1428
3484	1830
5135	1491
2040	1187
1504	1477
4798	3116
3075	651
4702	2765
4708	1055
3650	3185
1281	611
4111	3548
1215	911
4070	3321
1220	1113
2615	1710
2476	2406
4156	285
2775	1553
3860	2013
5008	3121
2395	855
3394	2625
2835	2342
4258	1679
3116	2137
4156	3044
4095	924
4775	1218
3713	1527
4329	2708
4386	3602
3342	2535
4405	284
584	7
1180	510
4558	1742
4192	901
3930	1147
4852	3116
3046	1912
4195	3565
4257	4144
1642	903
3365	1679
5035	1479
4922	4156
1726	1623
3757	1058
3573	2506
3852	3534
1043	973
3580	2627
1809	1508
3959	2625
3581	1028
3640	1679
4236	3566
3602	453
1062	622
4693	4086
4156	1318
2476	690
4759	1671
1679	1315
2216	1517
1679	1548
4361	4321
2299	2019
2040	1294
1906	338
4529	2312
4778	4045
4863	580
2567	1883
4287	313
2472	454
5153	833
5151	5040
4156	2774
4198	1727
4775	2829
1726	975
2000	885
2993	1549
5035	3400
4271	3947
2504	1884
3300	2142
3469	1505
3764	131
3163	1465
4653	1221
4412	2169
3739	2904
4235	1041
2048	1135
5072	2845
3116	709
2985	1689
451	32
4070	3463
4775	4326
349	41
4446	3824
2041	1679
3920	3116
4765	2835
4901	1128
1842	1679
3839	2221
2625	823
1527	401
2370	28
3443	2687
1800	417
4815	1113
925	238
2077	1679
4728	36
4197	3114
2818	123
4156	2291
1119	694
1438	1203
5008	4728
4576	773
2142	788
738	451
4978	3892
3322	3289
3840	579
3742	1679
4201	675
3235	1036
4287	1679
4696	3566
3646	1479
1872	1679
5145	3361
4413	4156
3339	1727
3564	3114
1533	493
1966	687
2789	1549
4182	601
4972	4196
4235	3568
3668	1679
2176	687
1465	25
4399	4326
1428	230
3458	2312
2775	1862
823	418
4529	1727
3619	1288
3649	244
5046	2361
3302	1244
4410	1873
4601	4201
3402	2292
3639	3435
4533	1527
2188	1061
2547	1679
4156	1375
4728	2658
5127	2934
5125	1679
3565	2222
2077	1365
3272	265
3376	1603
2176	593
4601	4067
4960	4156
3930	1119
4970	4406
1208	581
3198	2584
4131	2704
2755	1180
4418	1679
828	687
4271	3408
1679	1353
2521	1905
4326	337
4519	3662
2243	443
4308	2460
3784	1549
4268	4070
4311	1876
4435	7
4882	444
4863	3121
2801	1679
2492	1878
1215	913
3648	1113
2384	313
1886	1679
526	230
3004	338
2254	1527
2812	1722
3663	3116
1562	100
4295	4156
1617	687
4467	3739
3853	3300
5114	2227
4766	3704
5008	4393
1727	1422
4406	687
4493	1048
3361	1513
4271	4197
4461	1679
5008	2440
2934	71
3604	2362
1527	1251
4156	3774
4105	4100
3993	2905
4905	4236
4393	3580
2974	313
5159	2166
4634	3739
2658	1679
2299	1294
4600	4271
2277	1726
929	812
4775	1326
1679	471
5142	698
5030	2547
5138	156
4399	1109
1521	269
4278	2573
3845	3116
4943	3573
4156	2917
3493	272
1542	1485
4775	877
4189	1913
4557	862
4235	3742
2975	1527
5085	1119
5087	3536
3863	2166
1188	100
2735	812
2476	1435
4923	1180
366	139
2013	248
3376	1109
4949	4583
4525	961
5027	1537
1542	1461
1094	970
2582	1774
4621	1481
1655	1085
4588	973
2142	1423
4156	1953
4972	1109
2277	783
4729	1527
4208	1727
1684	547
2803	2798
4290	964
4970	1119
4526	4111
1679	1267
4156	3757
3202	1109
4156	3495
2460	203
4560	4156
3923	2490
1692	1243
1975	1527
4517	1746
4131	3930
4295	3705
2930	2312
3472	1679
1061	680
2569	2142
4435	3105
2308	1093
4156	748
4211	32
3116	687
3840	3236
3840	2704
2904	2108
4819	4685
3121	1603
2214	313
3114	614
4844	7
4342	4267
4863	2246
1953	1215
4156	2924
4111	2615
4636	3696
4088	2798
4048	2249
3186	1844
3677	3646
1559	1003
1679	871
1113	1094
4156	515
964	100
4295	1215
4156	3808
1679	333
1791	67
4798	3916
911	652
3344	1215
4417	4039
3496	119
4201	626
2409	1061
5151	4294
2835	687
4502	1432
3116	227
4156	570
2395	970
3152	344
3009	1934
2706	2027
4201	1494
2703	313
5020	2019
4897	2684
3646	3243
3226	67
2835	898
4105	956
2640	2591
3623	728
4156	3705
3739	3493
1484	911
904	517
4968	1411
5034	579
1868	120
5114	580
1825	1494
581	238
2725	1727
4410	891
1573	694
5065	4376
4202	1034
2411	119
2005	1679
2407	153
2625	2409
4478	4156
3069	2194
2835	1692
1666	192
4621	3190
4410	609
1679	914
4105	817
1679	444
4170	1727
3646	2306
2805	1104
1679	373
1633	442
5078	3566
4923	3988
1549	574
3496	2051
5107	3366
1679	646
4156	1653
1951	22
5088	2547
2048	1680
3419	106
4064	1461
3114	2924
3573	1722
3552	24
1094	973
1341	1185
4070	759
4156	2036
4789	250
4046	2625
3908	1750
1847	1679
4600	3757
4156	1078
2656	1679
4156	1912
3174	247
5087	389
1527	345
2324	269
4201	1223
4236	2437
2803	580
4231	2049
611	94
4151	1392
3192	92
4502	3878
3528	1740
2174	1722
4933	1215
357	35
4702	4405
1527	1338
1396	844
4208	2704
4766	866
4236	338
2534	1185
3496	3492
1934	728
5072	2796
1286	268
3505	1895
1365	332
5152	1667
3409	1641
4702	902
5062	3272
4943	3853
5146	5078
2048	1109
3705	2615
3650	2770
4876	2934
4702	478
3116	517
3116	43
2410	1135
1156	413
2538	1185
3116	1883
4949	4801
5072	3442
3589	2837
4775	2725
4775	1028
2395	1687
3114	580
3505	1215
4070	570
5030	1766
2020	426
4035	1588
2798	1679
4156	3004
2048	1553
2682	651
3685	3105
3116	1585
4189	4156
4308	1504
4457	2704
1324	687
3318	1690
4636	1036
3536	2666
5142	4064
4156	1009
4499	3545
1641	866
2472	580
5008	1338
4271	2560
1588	833
3581	1510
4478	1549
5087	222
2326	1409
4775	2731
4406	573
2506	1386
3867	3336
4601	3116
1667	204
3536	2489
3685	1404
2216	362
3225	1679
1917	682
4410	1667
4271	1028
1603	340
3116	1681
1746	553
4410	1220
1553	1109
2982	1214
2513	1521
3116	224
5100	1679
1847	1800
4793	2456
4664	2108
4674	4271
3878	1061
4201	4156
4156	2146
1868	680
1854	1679
2495	643
4169	3739
4933	1679
1128	879
4993	2214
2504	1876
4972	4480
4985	449
4905	3754
3672	1679
1881	476
2440	1527
1800	1777
3369	1036
4070	3677
4145	2658
2812	2216
2176	1176
1113	924
1505	719
3515	1052
2216	1433
2625	885
5151	1537
4399	3988
1109	788
4271	7
4156	1943
4525	2743
4721	3116
1330	1185
4024	2074
1803	1679
2561	33
2478	973
1491	1335
1543	1451
2829	1085
5062	4169
4395	3116
3892	728
1527	770
3488	2406
2077	1113
1367	1215
3116	1982
4417	1062
5084	4211
1085	757
3769	451
2069	1662
4723	1679
3243	881
4660	1043
3397	539
964	347
4943	3505
2909	1938
2876	1215
5159	2299
2775	1286
1987	1011
3515	2420
2065	1727
5153	4600
3067	2027
4775	3382
2661	1844
4674	4606
3445	1679
3863	2362
2905	1832
4775	1581
4802	3827
5084	948
3739	509
1727	663
1873	925
4598	2735
1742	351
4145	3502
4882	614
4334	963
3116	2901
3161	1750
2410	1662
1544	1422
5062	1270
3564	1679
4259	1078
2259	1038
1905	154
2476	901
3829	1537
4642	2188
4156	1208
3518	2716
4151	3848
4880	1461
1911	349
3357	259
3926	2177
2188	1573
4738	3646
2936	2905
4163	3161
1552	7
4480	867
3397	3060
4367	553
2142	1603
4365	1679
5153	2156
4556	7
4580	1667
4882	2027
2476	1462
2312	1863
4729	3781
4154	443
4170	2362
2384	54
3185	347
2336	1527
898	639
4197	1588
4156	3580
2448	174
4738	1679
4642	1549
3067	2177
1549	1185
2160	1727
4406	3198
4156	3273
3116	2823
2835	1485
1679	1549
4365	146
1987	1755
4876	911
3853	580
1642	580
4873	1883
1108	639
4528	1505
3116	284
4038	92
3235	43
2583	1105
4863	2176
3568	786
4017	1679
2299	1679
3581	2582
3623	973
3116	476
3538	1108
1679	337
3982	975
3677	3116
4738	1426
4789	101
4131	786
3390	67
3344	2803
3754	2627
3382	973
3564	1461
2360	302
3493	1727
4196	1377
4156	302
1705	1100
3754	3385
3225	877
3300	2312
4859	580
4399	476
3513	1834
3754	3061
4798	3107
1108	337
3688	3302
4775	1588
3653	2507
4361	652
2615	970
4362	1679
4729	58
2625	975
3509	1679
4967	1679
5085	4365
3538	3300
1061	7
4230	1185
5117	1679
3646	72
3713	442
651	52
3505	2627
4873	4480
4493	3853
3724	2658
1484	67
3528	1537
1703	1679
3757	3245
4156	256
2466	854
3056	2504
3405	1037
3736	1573
4156	4087
4406	1542
1167	543
5072	192
176	33
4943	4399
4525	3646
3385	2801
4163	1504
4156	3988
2341	265
3547	579
2625	1938
4235	168
4156	580
2106	1727
4034	2456
5061	210
5135	655
2735	929
4503	2342
4857	2242
3512	1215
1533	1185
4808	1679
3116	635
2814	1681
3366	272
2406	202
4970	904
2466	1662
3781	1679
4156	691
2420	1505
4197	1270
3361	1692
4325	3580
4775	3686
3395	1679
4458	2191
3116	1943
4118	1705
4968	1844
4346	2796
3484	1591
3580	1286
1533	873
3366	2688
3644	3107
3435	3105
1573	1215
4880	238
3730	3054
3527	2835
4226	4156
4268	4105
3302	2618
1580	1119
4723	862
2048	1588
1679	1223
4905	2243
3995	3419
4882	3764
4857	1873
3566	3237
1679	1186
1679	1119
3116	2323
2165	882
1948	1176
4897	2246
3672	2770
1270	1215
2794	943
4156	2826
509	92
4151	1270
4525	694
1679	510
3127	1108
3116	2724
2656	121
5087	3902
4711	2027
2019	313
4943	2818
1061	422
3116	833
4544	1176
3493	682
3235	1614
4614	4156
4499	1763
4369	773
1404	946
4879	999
3717	1185
1248	1215
5103	1679
4156	1917
1517	1185
2347	1585
3996	3116
3810	2409
3614	1527
3116	1344
5089	1215
4156	3285
3685	975
2040	333
4048	952
5102	2775
3505	510
4695	192
1527	1432
4206	2436
4798	811
4538	1061
3860	2261
4416	1912
1844	1075
4367	1679
3786	3116
2534	230
4156	57
4070	2160
4462	4156
3250	2723
2674	991
833	476
4156	2250
2069	891
2472	2177
4105	203
3705	1679
4702	2763
1679	1432
1893	376
1671	964
2547	230
2763	1774
4406	168
1856	649
4525	3810
4257	2703
5078	4236
4478	2142
1891	1435
3635	2916
4852	4156
3132	2299
4259	302
4120	2071
4812	1679
4517	400
224	126
2892	2216
4880	2241
1679	995
3810	3574
1948	1527
4156	3863
4959	1726
2108	553
4728	539
1505	553
3245	580
2149	320
2478	1348
4970	4120
612	269
4711	2216
4156	2568
2767	2362
1113	92
2891	2240
1267	757
2661	1320
5062	3713
3757	3724
3538	1521
4841	4525
3944	2803
5107	2893
3107	1619
1098	162
4030	3984
3573	1527
5062	2818
2469	859
2048	1108
4391	694
3382	2711
4342	1527
2931	250
4217	1136
1215	476
3116	2743
4789	1188
4334	2934
5078	2692
5083	3528
4156	1671
4949	3202
5142	3114
3319	2837
3162	2594
5089	3580
1147	694
2496	1679
2547	1739
3754	748
2835	2312
3416	2803
4156	1428
2476	131
1810	1679
1745	988
2469	1679
4696	4236
4010	926
3262	632
3116	704
2625	1549
1679	687
4528	4169
3060	539
4156	3265
3882	100
868	100
5062	2803
5079	1679
2770	1543
4156	3857
4775	943
3604	2569
4525	1147
1533	1147
418	296
1633	904
3905	2858
4631	4301
4798	758
4957	1294
4156	1055
670	354
5069	1113
3505	3474
4156	417
4271	639
2640	2194
3564	2241
4824	381
4882	2573
3245	2227
2378	1294
2534	1422
3853	2835
3840	2417
2684	2246
4105	3172
5040	2584
2013	970
3513	3308
5069	4156
1187	501
5078	33
1873	694
1993	1679
3892	1679
2019	77
3083	1549
5101	75
2835	2568
4156	2805
4145	2109
1687	1679
2703	1679
4970	547
3300	1527
1953	1847
5072	687
3344	2547
3736	2476
2496	946
3837	1093
3116	1248
1527	1061
4467	349
5153	4492
2704	1075
3247	946
2495	7
1684	168
4621	1666
3455	1024
3322	1543
3116	925
372	7
4879	2332
2110	1979
4636	946
4536	1679
1390	1215
1679	286
3114	985
4486	101
3566	1872
5035	270
3536	417
4775	4743
1251	349
3152	1679
3505	1377
4066	2216
5084	3369
3116	290
1110	1051
2057	1979
1679	192
4461	3536
4156	698
4070	176
2013	904
3568	168
2347	1185
4664	4184
2952	2684
1684	573
1549	1308
3496	2489
5026	1225
3870	3116
2515	746
2410	1639
4271	926
4274	1680
2496	942
1747	1527
4415	1705
4156	2755
3103	2299
2013	1679
3646	571
4457	3739
4601	633
925	268
4617	3739
2472	1670
2674	1543
1710	574
2466	1243
3300	3289
4199	1422
4051	2378
4775	4576
3075	758
4642	2410
5090	2307
4156	2950
3739	168
4863	3413
4070	3047
4525	1979
2697	121
4156	1660
4576	4369
1527	963
4792	2950
2361	1503
2864	2456
4876	1094
3742	452
4841	1560
859	788
4022	1215
1527	694
4410	3573
3754	3564
1527	651
2998	1679
2997	235
4342	2812
5038	4362
3534	1844
3116	1147
4070	4046
4874	3606
1187	730
4593	2362
4827	3505
2906	1679
1043	67
1609	25
918	748
4897	2410
3231	3174
4544	1505
2530	1338
2591	309
4775	1084
4263	3322
3133	3004
4514	3262
3226	687
4789	4271
2823	1527
2569	1679
3397	2051
3344	855
3882	1679
2909	2534
4968	2792
5079	4674
4653	354
2265	1679
3196	1635
4775	2374
2496	1662
4642	1617
4923	4088
4156	3573
3984	1863
935	648
4393	3121
4525	679
2495	914
3380	3116
5069	3736
4972	111
2694	1549
3810	3044
5153	4480
2105	1037
2486	1679
5122	2510
4488	1521
2835	36
2525	2306
1792	1679
1462	961
4656	1641
4366	3116
3116	2163
4070	952
3408	1135
3598	2805
4478	1863
4156	1424
3382	2336
5021	3003
2224	1884
2108	1113
2617	101
4538	3276
3395	2763
4520	2835
1679	65
3416	1505
2936	574
1721	1404
3018	1679
4798	2593
4393	4196
3486	1533
1215	747
1527	309
2221	1032
4329	4211
855	593
2241	325
4631	3026
1825	1679
2755	2041
4100	1566
3685	154
1215	16
5032	4775
2241	1872
3343	923
4410	4391
4153	521
5008	4503
4723	4070
3774	942
4314	2312
5021	345
3911	694
2045	451
1491	1270
1876	660
2040	356
1032	269
3236	2858
4538	4271
4415	687
2241	1001
4841	3723
1721	230
4863	2803
3419	3375
3717	3672
3272	1949
4500	137
1108	714
2272	1975
1215	923
5020	2045
4797	2792
4099	1886
3736	973
1324	905
3685	65
5142	2241
4070	2398
3366	351
4156	1946
3244	680
4189	1270
3417	3116
2905	2370
1679	224
2668	1527
2615	877
4202	2177
4417	2460
3116	1260
4405	3244
5087	963
3484	1780
5072	2335
2347	2216
3608	2618
4728	2105
2271	1679
4308	2617
3116	2863
1128	982
1847	1710
1746	101
4401	1513
5134	1041
2364	1765
2460	1215
4271	1035
5146	4560
3409	1422
1527	1270
1679	129
3300	3067
4795	1679
2496	2495
4189	151
2963	988
4010	1098
4410	4235
3849	1679
4156	1465
4300	3202
4070	1491
4294	1422
4034	2460
4144	230
2625	453
1248	347
5038	662
3272	349
4525	2627
2924	25
4650	4201
3114	2241
2936	2700
4920	4882
3686	1491
5114	3724
5074	1679
4349	230
4972	4598
4538	4207
1261	444
1726	1428
4105	3581
961	347
1617	347
4070	3493
1952	120
1549	100
4631	3591
4841	1402
3646	2478
4156	1486
1679	58
4417	4201
4600	4156
4376	2704
4841	1746
1747	1537
5026	2888
942	690
3815	3486
1952	812
2515	914
3931	1679
3322	580
3116	1185
4153	1172
2180	1679
4882	2675
4087	1727
1980	1686
3677	2216
4395	4156
3116	2080
4695	214
2312	372
4525	2728
4728	4274
3612	904
4097	2177
1265	269
2384	269
4211	3696
4174	230
4526	1692
2775	1270
241	100
3419	36
4156	756
4127	72
4502	1061
5062	4943
3952	3820
1679	927
2775	1034
4051	2047
3318	1679
4156	2490
2312	1426
4972	2142
2710	7
1890	1679
2496	2216
2735	1078
3116	2792
866	401
4402	1727
5047	3380
4584	1527
4621	553
4525	3419
3953	1726
4376	2947
4867	1592
4088	3441
3004	2692
3190	581
4207	4156
4156	372
4311	7
4271	1673
1679	274
5062	3413
5146	3237
3116	1243
3380	247
1679	791
3646	574
4943	788
1422	578
3121	1109
4827	3116
1722	823
4970	1185
2430	67
4882	4361
4211	2489
3581	2389
4985	4105
3397	1056
5114	3245
3839	313
3076	973
3810	963
3302	1491
3439	1432
2569	1109
4580	2362
4130	1185
2378	2221
2904	2802
1187	166
5135	862
3536	1388
4525	510
4070	1398
4753	36
680	574
3606	3457
4479	4105
1666	286
1527	859
4584	4124
581	269
4301	2478
4151	4010
4664	3326
1749	1727
4035	747
2515	2216
4201	698
4227	2867
4615	4294
1553	1377
5151	4156
2688	2561
2573	1270
5033	4156
2414	682
2166	1028
4232	3739
2818	1692
3132	313
2803	855
4871	452
3192	1679
4525	281
1753	1722
3202	735
1460	687
3754	2174
4923	3121
3952	374
3639	526
2835	357
3270	2115
4636	914
4156	3212
3056	2489
5107	3226
2312	783
1215	1034
4024	1176
5027	1726
4144	92
3382	7
4336	885
4271	2471
2691	991
4087	758
4560	1679
1844	1679
4070	939
1679	604
1365	1061
4859	1122
4738	773
4200	2843
982	539
3555	67
1262	129
5161	269
4598	1553
4156	510
1588	1180
3107	2299
3416	2496
2835	1051
873	493
4088	867
4615	1679
2625	2534
4245	1710
4775	4417
4022	958
4271	325
4271	2014
4035	3202
3496	36
3114	1461
2835	1722
1679	197
2312	1094
3116	1740
4007	1352
3116	111
4336	1110
4353	687
4235	452
4088	3496
1670	788
4685	1689
3107	2221
5040	4301
1954	1527
2594	1746
4184	22
3444	374
4376	4326
2049	454
1873	1527
2927	1061
2417	2108
2803	2496
2507	2104
879	521
4581	4156
4859	3245
1549	1215
2115	1679
2108	509
1872	521
1679	694
1705	515
4496	3026
4538	4156
4259	4200
3568	2058
4358	4105
3409	2837
1679	553
3116	983
4972	2798
4415	2361
4151	3189
1774	105
2863	2409
5008	609
1722	1527
4775	609
1414	1215
3054	3026
4156	1180
4201	1203
3648	1679
5062	1078
2904	2420
4557	1215
4156	2176
5099	1679
3860	3185
1608	473
3825	1679
3419	268
4095	1285
4480	4196
1901	1527
4070	598
2934	2124
2014	704
4294	399
3129	3103
4829	1167
4989	453
4035	2312
4889	4525
3646	1873
3116	680
1521	543
4993	2299
926	7
4418	2166
1527	56
3107	2181
3881	1527
4198	632
5114	4001
2507	101
4394	172
3931	3116
3568	452
3121	867
4086	3243
922	413
4156	2916
5087	704
1897	1581
2615	841
4810	4156
5030	3669
4843	2533
2591	1537
3116	1948
2177	309
3528	289
1727	626
2019	471
3565	1521
2341	1679
4972	2909
3116	1747
4150	1679
1215	469
3198	573
4453	270
3198	1585
2627	1603
4859	2521
4750	3810
3116	1533
4393	3853
4500	3589
4496	2041
4045	926
4156	1715
3185	248
3116	365
3496	443
5122	3513
5028	2593
3380	1864
4169	2765
2871	35
4803	4156
2837	509
2043	230
4257	1527
1422	92
3739	1113
4321	655
5040	2108
4525	651
2142	1722
1679	260
3116	890
4184	3488
3380	821
2625	291
3930	3606
3069	2733
4202	833
3116	688
4970	3612
3995	3505
4729	3623
2704	2448
3850	652
4206	1560
922	867
4711	1537
4889	1455
4044	1527
5008	3458
442	347
2460	2221
4064	1679
4156	1668
4069	1673
5041	129
3505	833
5008	1423
2615	2031
3121	1338
4410	4271
3611	1679
3116	553
4759	3612
4520	3026
4156	2014
3094	601
3198	1704
3161	1191
3103	978
3713	1679
1679	98
2876	758
3116	211
4156	3868
4880	1093
4923	4525
2241	1461
4105	4089
3493	313
4819	570
1679	781
3658	2159
1422	781
3864	649
2306	2234
1671	1633
3764	717
3745	1318
4496	2490
3116	296
4399	100
3860	2185
1892	1643
4484	4051
1673	1549
4190	1615
4919	4775
5069	2898
4943	3988
3742	1684
3432	1527
3380	1225
4105	1240
2802	2703
3589	2181
4819	1671
1371	133
3161	1136
1585	694
1402	1061
4231	1746
5089	1979
2169	660
4120	1679
2704	2471
1303	1113
3555	1215
3416	1679
4571	4105
559	27
4023	3096
3492	3319
4393	867
4156	2342
2234	1461
5042	2108
2985	2409
3724	3300
1679	67
3349	1679
2775	788
1679	1484
2031	67
1527	389
1679	184
2360	812
4580	1825
1542	896
910	100
1320	1243
1873	1279
4525	285
4750	107
3982	100
2534	2216
3047	1727
1727	877
3923	2704
3580	1377
3548	859
1747	1185
4662	2471
4463	2216
3860	3612
3685	2765
3995	2798
2534	7
5142	7
1864	1679
4123	1679
4960	36
1461	1105
2034	33
5151	4067
2677	1061
4393	3098
4493	1905
4189	4169
2261	687
1462	963
4821	970
2620	1679
1527	978
2241	985
3779	1679
4197	4045
4600	2176
4165	3285
2704	783
4978	1061
4729	1585
4598	4200
3116	1012
2026	773
3435	1560
4880	176
4156	3018
3202	36
3580	2389
4841	4435
3757	2353
2019	269
4105	1494
5127	1673
4156	2927
3568	573
3983	1679
3802	344
2724	1251
1679	918
1679	1257
4405	418
1603	299
1870	1679
2755	656
978	743
4859	4728
2027	351
3782	1679
4480	2798
4793	3272
2964	2476
3613	2049
1665	1187
3010	1774
3061	2243
1588	704
4502	3439
4096	1128
1084	230
1830	1679
3380	2064
4235	3984
3300	2627
2716	413
3080	1679
4478	4111
3116	2733
3754	601
4534	4129
1966	1905
2588	92
1527	1484
4728	2343
4902	2492
2755	476
1527	890
5153	4399
4512	3395
4876	2567
4664	961
2934	1537
3908	1912
1692	1215
1679	1158
4640	2221
3469	1215
4399	788
5021	1746
2465	1679
5090	2460
1527	241
413	109
1617	1324
3243	1396
4007	929
4775	469
2450	1003
4500	4156
2306	1479
1176	942
3565	3132
4598	2351
4201	3116
4399	4156
3754	1036
1037	222
2176	788
1553	123
4035	1979
3930	1533
4513	1243
855	690
3152	3116
1774	1344
5153	2755
5085	4871
4943	4923
2216	1063
4417	988
4105	1581
3837	3367
3116	1537
5151	1884
2913	1465
1512	559
3758	2496
3884	2661
4882	3757
4738	3326
2185	687
4640	1243
3358	2216
3081	2338
2361	2194
3453	270
3829	2627
4989	4702
2861	1692
3229	1679
4560	3367
3453	1679
1156	970
2347	1533
3121	1553
5146	2241
2336	894
1332	146
4544	1537
4415	3685
2108	1481
3538	1032
2398	2166
1527	639
905	656
4775	2101
3538	735
2202	100
3116	1071
4590	1679
4600	4480
3982	1085
4361	1726
3494	687
4045	340
3555	1414
1679	368
4801	3116
3493	374
866	101
1037	553
3678	332
4156	2299
2189	1215
5035	1892
3729	521
4231	3116
4482	3272
4993	3565
3860	248
4156	797
1703	904
867	593
4674	1883
4402	4012
1679	153
1673	881
5126	92
626	100
1679	299
1377	1215
1711	1679
731	92
4435	322
5103	1119
2725	2362
3139	1727
3864	1108
3564	3385
1766	345
5122	454
4775	1280
2018	1679
1491	911
2975	139
2661	581
1679	717
347	248
2411	351
2041	1286
3143	655
4972	3408
4335	1679
2409	1113
4086	2242
4461	4156
4268	898
4978	3457
2847	651
4271	1076
3116	1075
2835	1742
4034	2409
4538	2957
3565	313
3161	943
4480	4156
3580	3202
2216	252
4970	1117
3439	922
1679	1654
2472	1122
1689	1549
1537	1428
4775	2902
4863	4271
4399	3995
2482	98
3116	999
4201	1429
4601	309
4953	1679
3984	1215
4470	4156
4105	1682
4384	1679
3663	2308
4480	4393
4086	711
2439	1527
3369	2489
4580	1964
1117	248
4235	573
3030	2019
2124	1537
5153	2627
2904	2156
3431	2865
2424	885
4196	1180
3361	3161
3635	2336
1722	1105
3390	1460
2362	757
4336	2342
4136	413
4037	3116
5142	601
5026	2071
3566	748
4923	3505
3188	1061
1603	111
4120	1215
4410	443
3944	1873
2221	581
4640	3774
4600	3518
1527	1402
3116	11
3400	939
1404	1135
4250	3339
2246	1286
1737	1679
4156	2506
2803	2142
4775	1948
3486	648
4301	3810
3116	1717
3519	2406
4525	2658
3758	571
1679	358
2191	1740
4366	4156
5159	4890
4105	3515
1668	758
3243	1085
1215	1185
3615	1679
1176	1034
2835	1119
3995	340
5009	3870
3366	67
4743	773
3514	100
2704	2181
2332	1679
4097	4070
3754	1747
4819	687
3376	3202
2476	1148
3116	243
2342	1078
5142	580
2863	1527
1108	740
4901	2051
4879	4231
1603	1377
3808	2362
4066	1727
4342	1966
2105	1108
4395	3419
1251	478
2737	123
4179	3416
4961	4156
3300	2472
2724	2144
4525	3496
2476	2471
3235	517
1829	1679
4624	1338
4871	3398
3606	1912
4653	1375
3747	1030
2276	1423
4775	2823
1679	1592
4775	4129
2775	1722
3810	3116
3300	2521
4156	3060
4775	2106
1954	942
4201	3863
5078	4156
652	162
3237	3004
866	354
3895	1481
1679	1275
4943	2142
1390	1281
2887	2342
1679	1037
3810	322
925	652
1061	1051
3853	2964
3996	11
4993	313
4674	3757
4328	1705
4096	982
2342	1980
4525	3344
5027	4329
4827	2775
4392	1679
1679	297
4271	580
4956	4336
1461	33
5062	3114
4576	3747
3930	1679
4915	1494
3351	72
4972	4393
4542	1113
4478	2625
1548	1462
4232	153
1215	698
3366	2027
2629	269
3612	1679
1527	553
2845	820
4696	3864
4156	4096
1172	521
4182	1681
5151	309
4069	2618
1679	937
4943	123
3536	2504
4274	3757
2959	1679
1496	255
962	903
1654	154
3908	1673
3493	961
2495	1721
4968	3653
1371	660
4417	3162
4978	4105
3840	1422
5147	1527
1615	105
3839	2214
2667	2222
3959	3840
3116	1834
1411	1209
1560	67
1093	33
2833	1679
935	601
3516	1098
4636	151
5085	3930
4258	4156
1549	652
3026	1774
3853	3056
1479	1215
4711	3591
3114	1722
1679	1232
2567	867
4533	535
4070	3952
2627	580
2185	1037
4991	1679
3840	1533
1679	210
3995	2775
2710	272
4406	4235
3863	1873
4721	1897
3848	3101
4775	160
5147	2792
4560	3566
