3898	4315
4938	4981
391	5179
2486	2708
3169	3291
2737	4963
1206	3307
2950	5026
2936	3026
1182	2186
1072	2817
735	4224
1297	2653
18	4408
920	1741
1129	2486
2708	3877
371	3638
599	3812
1555	1602
2428	2957
1104	5068
1151	3448
2653	2914
1683	2439
1163	1741
236	4845
1565	2637
1021	2211
4316	4708
786	1710
271	519
1710	2857
1697	3425
1931	4171
1741	2303
1710	2486
1293	2457
1506	3169
1710	3942
1555	4402
1137	3291
2622	3602
1606	1878
1920	3598
1164	1736
2393	4469
1780	1928
1079	2486
4224	4729
920	2439
96	758
1741	4521
989	2935
3291	3403
1849	4864
4714	4841
3614	3864
1907	2519
2486	3111
4740	4864
2643	2991
137	5047
965	3644
990	1237
1166	1338
141	1758
2211	3016
2486	2566
2316	3643
739	2870
1710	4786
92	391
1103	1565
759	2904
1710	4190
1127	1391
2994	3169
2158	3877
2321	3988
2318	3246
1148	3240
471	2477
1608	2934
1348	4616
356	600
70	543
3403	4973
265	4093
1705	2608
290	858
2025	3262
1349	4412
137	1710
2525	5025
1070	2797
1338	1646
1349	1710
1297	3169
157	4608
1710	3830
2486	3554
989	3169
711	2211
453	3000
1710	2814
1741	4752
1710	3025
2486	4412
1710	2212
1710	3219
651	3628
3091	4930
600	3807
3393	3756
3023	3627
1987	4178
903	5130
767	3134
2765	3411
1427	1995
70	366
1882	1942
1608	5188
2720	4135
989	3689
2653	2991
2579	3529
281	3038
1064	2653
1297	1672
1710	4307
589	2612
1710	4087
3392	3708
2749	3120
1697	3988
2934	4306
693	3383
77	1710
1710	2286
244	5254
105	1710
21	320
2709	3193
1182	1663
1007	3624
2673	2767
4081	4973
2034	2653
1555	2225
1018	4408
320	815
1782	4178
2936	5179
1293	3252
3426	5156
3710	4822
1757	3988
281	3229
166	1585
1928	3169
2603	3856
2078	4178
1758	2718
1080	3529
1710	3472
1014	2711
2653	3122
232	1555
4608	4864
1860	2673
1565	4195
1009	3097
330	2540
1137	3240
2673	3307
908	1685
830	1206
1555	4652
2554	3184
70	2486
639	1732
936	2957
1025	4706
1780	1971
1014	1946
4019	4652
1455	1710
1127	3644
348	2482
3323	4954
3229	4119
2318	5054
3169	3225
1080	1710
1822	4608
3278	3627
1447	1870
1710	4356
1061	4267
2901	5020
212	3169
1024	3976
1878	2308
1411	2870
2904	4171
1918	4540
788	1669
907	3937
1120	4348
155	766
440	3965
277	599
764	2715
4471	5015
1710	5126
1710	1920
2093	4963
359	5020
693	2549
875	5123
881	1758
347	1710
4046	5046
1568	4178
1423	4734
2486	4678
1455	3019
1710	1766
1944	2669
1127	1970
1327	3198
213	5254
3403	5163
1710	3277
1206	3417
320	4042
729	5250
1342	1658
1710	5058
1127	3169
668	1880
943	1708
1710	1732
2975	4899
320	5114
2219	4714
3067	3644
471	3390
2032	2372
920	2952
2289	2911
3169	3326
2207	4093
2036	3635
3627	4904
2352	4899
1082	1831
371	1555
2322	4864
2380	3781
2582	3740
1146	1881
1160	2275
1741	2024
1577	4947
1878	1920
1710	3897
1237	3163
1276	4176
1565	3282
713	4073
599	2797
1555	2420
2708	4224
2039	3740
582	4864
2894	3169
662	1184
448	2520
3694	4864
14	3951
2661	3803
1447	2318
1283	2020
172	1919
2663	5118
1656	4429
91	1357
2166	5188
1438	2529
348	3593
1650	3614
2486	5196
3169	4729
3540	3651
1753	3169
3039	4171
3548	4809
2870	4663
1076	4864
2032	4130
1495	4315
235	2282
1273	1586
631	4495
1735	3169
1727	3598
359	1777
549	3856
228	4459
96	5114
1710	2128
281	2742
1555	1651
2735	3498
546	3169
2529	2720
764	2263
2012	3593
2607	2756
2935	4439
639	4954
381	3169
92	602
1441	4864
1741	3183
696	1710
691	735
448	3907
1494	2486
321	3790
3613	4594
2395	4864
4800	5020
79	621
127	1723
2709	2902
359	1348
2158	2515
2956	4869
1602	2393
1710	2513
2275	2549
320	3696
2764	3214
1362	4841
3153	4171
3353	4026
3	3523
4608	5054
79	244
2131	3169
525	3039
2875	5054
1995	4608
906	1497
1047	3803
1732	3534
881	4902
615	1988
320	4301
597	1918
1565	4582
260	804
2158	3177
3449	3937
2486	4734
1723	3598
635	1455
1710	3213
1878	3598
2789	4864
2936	4281
564	582
348	516
2040	3150
109	4810
92	356
163	3194
3635	3764
1036	4207
3937	5022
294	3425
1710	4651
1138	2393
2914	5130
2357	4663
1555	2815
1723	2149
2109	4320
1585	2322
600	4148
2520	5054
2765	4608
989	1357
367	3593
1541	4776
1574	5155
1432	3855
1889	3426
1708	3153
1127	1237
1766	2211
3019	5063
2705	4098
1021	2907
1574	3883
881	1821
448	913
2368	2673
119	1741
1206	2914
3169	3651
2961	3472
2487	4171
941	3689
2326	3169
1965	2896
3019	4166
1777	4596
943	5054
1710	4542
739	1080
2222	2902
4719	5020
3856	4864
4178	5196
1795	2510
3169	4921
2763	3213
4323	4930
1710	3519
2304	3169
221	657
1758	5196
380	2211
946	1127
759	2894
294	2957
913	1316
4018	4608
3470	4171
96	4139
1196	1931
271	1710
2983	4864
1348	2318
2777	4199
105	3718
1710	2130
2486	4061
1995	2554
320	4267
322	1411
597	2211
1349	1735
599	2582
1723	2642
1780	4963
3072	3169
1577	3710
1995	2976
3169	4163
1127	4085
1867	4845
2916	2936
1206	4231
2775	3020
1130	4356
819	3602
290	3153
1710	4318
2032	2519
1710	4220
1566	1721
3164	5185
327	631
1664	2749
1657	3353
4116	4497
489	869
759	1431
1317	1338
1710	2897
448	1647
1372	1710
3169	5151
1450	1565
1758	3548
2380	3326
320	3370
1359	3579
2529	3353
1710	1879
1710	5062
1009	1710
3461	5054
2186	4412
674	3353
593	2318
1741	2332
2420	3598
2048	5026
2382	3278
3588	3922
516	776
1723	3281
448	1555
1555	3917
4714	4934
1262	1720
1555	5123
662	3627
819	1710
3362	4614
1127	4988
2679	4235
2164	4689
907	1102
566	1047
3144	3670
144	4478
1465	5244
1423	2991
2222	2510
1965	3039
766	2553
294	3169
2886	3278
4939	5035
1596	2486
3169	3980
1710	3725
1007	4294
1260	3988
1568	1656
2486	3799
1710	2695
1227	2020
4319	5188
1571	1757
4178	5006
96	4600
1455	1965
1532	5101
769	4316
1206	2925
1710	3615
2726	4646
2158	2392
1025	4594
347	1060
37	2477
2653	4117
3169	4017
359	2222
3456	4393
4225	4295
989	5132
2673	5205
3169	4071
1710	2866
1336	1710
161	722
2889	3540
2273	3307
1910	4490
759	931
2128	2977
597	1710
471	549
2128	5112
1866	3411
4678	5068
3425	4575
1347	4178
1710	3327
2352	2612
1710	3546
990	4627
524	2450
1455	1918
3588	5112
37	875
2674	3644
3213	3888
1577	1907
1138	4469
320	3668
2869	3332
881	4608
1710	4185
2897	4119
1598	2749
1656	3000
587	2380
3169	3378
4171	4973
989	2385
2936	3169
320	1438
2017	2089
347	1735
109	739
2897	4608
1070	3512
1317	3821
1710	1790
564	4044
177	1025
320	1566
1710	2867
359	1611
1080	3419
2510	3598
2007	2486
317	1669
2934	3813
2249	5054
2763	3169
1555	2897
4085	4378
320	711
92	3120
4418	4608
913	1036
294	2211
920	2750
275	1070
1555	1879
1555	1640
920	3914
4159	5035
1636	5054
3169	4131
135	2816
1602	4814
2643	4738
1455	2227
347	1822
1710	2802
1710	4590
1726	2749
578	1907
14	265
1710	1834
2318	2765
2417	5250
1821	4185
4178	4555
1710	3944
3169	3985
853	3988
1779	2040
1710	3878
1532	2158
2901	4864
70	907
2579	3267
2901	4275
299	2485
4552	4864
1555	2318
1652	3598
1710	3284
1780	4551
1555	2554
946	4654
1555	3893
2318	4213
2137	3169
1710	2604
4307	4864
3169	4645
2372	2582
2158	4402
2158	3798
1602	1646
3169	3706
1237	3877
424	693
1455	1555
1626	4166
70	1405
2332	3275
1708	3323
1837	5047
3275	4864
3850	4969
1237	4592
1428	1710
1608	2603
1483	4467
907	4130
2331	5054
1710	4930
1102	4478
2919	5179
1574	2518
535	1555
2808	4602
719	2943
1483	4596
3644	5035
1555	3229
1803	2542
2870	4402
956	1531
1273	4776
1611	2665
726	1555
1710	3813
2749	3000
4116	5015
1574	5054
2486	2797
1577	3643
1726	3169
1646	3598
1757	4263
1327	1918
1565	3627
2869	5132
1663	3877
4071	5069
2765	3877
1723	2446
2417	2953
379	4378
656	1127
3614	4264
154	4473
2158	4824
1710	4759
759	1995
1721	4660
1495	3250
1276	3627
91	4838
1124	2720
2486	2521
1710	3483
716	1104
1522	2756
1710	2581
4714	5107
1710	4139
2318	3169
332	4864
3807	4663
320	485
782	1710
635	3386
1568	5020
3718	4324
2247	3219
277	1423
1206	2607
3870	4178
2897	3229
2370	3169
3078	5025
3177	4130
77	2179
2486	2976
1710	3387
878	2482
2653	4317
1577	2417
716	2081
875	3323
2771	4689
1824	3345
1710	2919
1710	1945
4041	4766
1166	1348
464	3169
1115	1710
2089	2750
1080	4554
2805	4265
2775	3328
1708	1942
1060	1627
827	3169
782	1788
1555	4068
766	3856
1447	2653
3267	3411
1230	4948
1710	3383
5062	5160
4047	4904
471	2764
1907	3856
2529	4864
907	2158
4838	5224
1064	1565
1237	4824
881	2633
3580	3710
3169	3898
3214	4864
676	4988
2756	2983
1710	2398
313	5238
1348	1609
2158	4608
96	4514
2418	3169
3177	3462
2084	5054
348	4130
1237	2293
347	581
1381	2653
4171	4828
3326	4608
2764	4153
51	4967
2976	3169
566	1124
2637	4974
1602	3546
1710	4041
1481	4540
1765	3644
2653	3336
4107	4222
212	766
2916	4041
1617	1666
858	2211
270	3169
1297	1710
1127	2477
1555	3001
1276	2801
3686	3807
154	1237
1300	5054
1585	3519
2541	3460
408	3169
3278	3592
1206	2307
154	1555
4567	4582
1555	4131
3472	4044
2895	3601
2020	3291
1710	3390
83	1710
1574	4460
872	1889
3173	3802
2661	3925
1915	2749
1555	2113
290	816
1821	4124
3169	5040
1565	2457
746	5054
1541	3213
788	4766
3865	4974
1237	2546
457	1447
1710	2547
2393	2870
3550	4895
552	4171
3026	3169
2012	3184
1204	3602
1602	4663
1710	4282
3877	4168
137	3420
4178	4551
1237	1710
45	2859
4193	4930
1127	1141
391	1720
380	946
3169	3966
424	1080
2007	2957
662	3213
348	2457
3540	4178
1022	4765
1107	2579
2263	2694
767	3169
127	2158
1778	3169
137	3275
3366	4938
1555	2393
1479	2382
1021	1437
2486	4171
1532	4475
1578	4178
1176	3710
3289	3833
819	2130
1945	4495
2257	3169
3327	4085
3562	4970
423	3187
1710	4616
776	2164
3078	5160
587	2775
739	2915
2308	2318
1710	4226
235	4930
3877	4327
2991	5054
990	1006
525	4199
1710	3498
1127	4838
524	3490
228	827
1753	4135
275	2817
2145	2303
70	4280
1237	5054
975	5196
3019	3631
1710	4246
2582	4166
1870	4073
258	4176
516	2040
675	1757
2642	4610
4051	4704
1237	1359
1710	2836
294	2653
2720	4497
1315	1710
951	1080
1710	3456
3848	4864
1710	2236
96	320
2031	2158
320	1359
2669	4921
122	1531
381	600
329	1710
1061	3462
1279	2275
260	2757
600	3907
2078	2128
2907	4977
96	1354
374	4275
1179	4348
3019	4217
1710	5054
461	513
1125	1348
2056	5062
1173	4552
857	1710
1710	4317
2486	3903
1197	4439
768	3733
1723	3169
2591	3169
4785	5047
1647	2896
318	1971
1723	1777
141	1565
1338	2031
2263	3965
2756	4217
4864	5018
301	2211
2674	3834
3740	4663
2211	4142
816	4734
2149	5054
2486	3229
901	3592
1348	3129
233	2089
91	1224
2945	4475
1588	1710
2420	2749
2896	5176
1237	4612
2322	2756
2211	4627
901	5069
1705	5188
2005	4171
1710	4327
1455	4608
1710	5250
260	1151
2222	3473
3907	3988
1555	2327
550	1656
943	4663
3169	3631
2057	2179
92	3914
653	5112
320	1705
1710	3588
4317	4864
4864	5163
1116	1555
905	2720
1636	2910
2518	2720
1447	3205
1176	1758
271	3848
2393	3710
2612	5076
2604	4732
2277	4709
1705	2451
2700	5020
3135	4220
2542	4620
2318	3562
1893	3361
3710	4159
842	3982
1206	1741
36	1984
461	1061
1354	1479
1368	2509
1710	4129
3291	4678
1710	3184
103	3169
1942	4739
3951	5054
316	4149
901	1837
582	4963
573	1710
1836	2452
564	3907
1213	1710
1206	4195
106	326
1293	2885
1710	3177
4232	4571
881	1061
1710	2712
3976	4582
213	2694
275	1984
1349	3810
348	3603
3864	3907
1555	2557
3019	3802
1710	1924
1347	3169
3306	5160
1598	2211
689	1577
3000	4864
79	1650
1758	3417
3146	4478
1571	4216
4938	5069
984	2764
1907	2824
1735	1919
2107	4275
1697	4841
172	1127
580	3864
1293	2737
931	1127
1365	1666
3793	5054
2451	4285
109	3627
1907	2417
1647	2764
953	2573
151	2211
2708	3644
600	4608
2211	3240
1036	4222
2130	4739
1577	4080
3323	4427
4178	4770
1710	4841
2752	4789
342	3219
3641	4671
234	1555
859	989
2352	3810
1824	4275
615	4315
1757	2776
3873	4178
1070	1657
1577	2393
631	3008
921	4864
1779	4013
928	4295
1708	2247
3400	4171
2381	4217
1532	3420
1237	2976
3323	4970
96	1574
3323	4378
1710	3129
170	4178
1016	5127
453	2673
1555	2779
1224	1710
1710	3573
1107	1710
710	2486
589	1878
2128	2263
1120	2373
1508	2135
941	1565
1620	3391
943	1577
1741	2231
3253	5054
3169	4787
3641	4714
1237	2458
3470	3643
871	3644
1710	4935
1368	1555
478	2263
1555	1595
816	1455
871	3109
1918	5184
2673	3864
1411	2529
1588	4752
566	2486
3473	3903
447	1137
1541	2665
457	4013
871	4734
144	2520
1213	3054
277	1293
2777	4540
589	3539
2078	3602
1710	3405
489	1237
1657	2817
362	5127
457	1022
1723	4257
3856	4178
154	448
1777	2555
1757	2637
2039	2603
1710	4266
3635	4467
2910	4187
2776	3278
197	1758
1437	4075
461	1585
3001	3229
1206	2418
1710	3411
1710	5014
4540	4765
1705	4841
1710	3708
4555	4967
2582	3169
1723	3096
1540	1555
2239	3643
934	2934
598	2211
277	928
2017	4393
320	2553
3039	4285
5054	5133
3169	4801
549	2586
1362	4497
157	234
566	920
2244	2247
3593	3810
581	1735
2313	3169
2158	3326
1531	2814
2477	4130
3764	4473
1710	2329
1237	2305
1710	4654
2859	3411
1022	1316
1348	5179
3097	3656
1483	3651
2149	3169
275	2486
2945	3520
1710	4290
1710	2892
2078	2236
2521	4608
2653	4926
2289	2486
1710	3945
2109	4752
2486	3277
184	3169
615	3627
4178	5228
258	2735
600	848
1741	3240
1907	2024
2382	3169
236	320
2357	2381
3101	3602
2643	3169
1656	2211
348	1274
2146	4988
280	4996
2603	3799
18	4676
1710	2792
1086	4378
1710	3332
320	3306
4714	4806
2273	3229
934	3686
1907	2965
4124	5035
341	4393
320	3644
941	1710
4393	5228
1757	3016
1918	4738
2542	5018
1209	3353
1918	4116
572	4275
3069	5025
137	1690
912	1710
3169	4592
2673	4612
1025	4689
3261	4540
1741	3627
1705	3870
1120	4704
453	4627
280	4295
2042	2934
461	1720
4171	4207
602	2275
1778	2749
2903	4171
54	631
1290	5069
2290	2425
2673	5188
393	3792
2020	3169
2562	3169
2247	2477
675	3976
3124	5196
2603	3710
1123	3660
1574	2679
220	1889
142	1710
3710	4171
799	1577
1126	3169
1030	1710
3643	3710
2486	4540
1710	2951
3798	5046
578	2797
1646	1726
2318	2533
18	2875
2158	2870
1611	3169
3411	3644
828	4393
3572	5015
1585	3472
1006	4178
1555	4891
3739	4841
804	2587
4608	4891
593	3799
2244	5224
3169	4273
1025	2771
265	4171
871	1708
3740	3807
172	3593
600	2381
2256	3573
320	3550
1739	2573
2679	5224
933	1197
750	3644
1257	2207
277	4864
163	4993
935	5054
1780	2318
3848	5054
1708	4752
916	1777
2653	4094
58	59
1068	3570
1710	3099
18	1021
3291	5067
958	2891
716	3291
642	2247
1741	2110
1710	4869
1710	3495
1710	2318
91	3914
4608	4729
2479	4864
3120	4734
768	1710
2279	2749
1391	3078
1571	3638
1668	2633
3686	4267
4608	4954
2486	3651
1237	3046
359	1039
3781	4473
3345	4235
96	3366
799	3169
3303	3451
1710	3033
1653	3651
1710	4216
597	4738
58	1710
4395	5054
320	2725
2420	2904
516	4663
739	1555
1710	4410
1357	2618
2737	4178
881	2916
2263	4904
2279	5188
3644	4066
994	4663
172	4412
320	1646
299	2661
1076	1710
1555	4542
653	1710
138	5054
235	3982
1565	1778
135	1555
236	3644
2318	3291
2293	2318
1379	3169
1710	3122
3015	3213
4814	4970
1127	4161
764	3708
166	908
1317	3577
1540	1710
1574	1695
163	2286
1455	3572
711	2653
79	516
2211	4864
1710	2950
589	5076
1043	4810
417	1609
965	1113
1710	4315
1555	2003
326	4220
943	2247
1555	2916
3153	3229
1647	1753
348	1710
3411	5054
667	3495
1808	4171
3781	4930
943	3644
767	3988
2953	4973
912	3225
137	3015
3378	4663
277	1565
92	3572
1455	3554
1646	3710
1611	4843
1366	4171
1710	3088
674	1577
3169	3781
277	1697
423	4225
1506	4814
1638	2318
1481	1780
1127	2735
924	1710
815	3413
1345	1710
2207	4951
2305	2941
1230	2098
713	2417
1710	1846
3548	5054
3	4393
2308	3169
739	2318
1753	2720
1138	4729
1627	2186
2271	3686
44	2709
3635	4812
92	2709
2216	2471
4178	4951
1710	2282
142	855
566	1617
2222	3169
1185	1710
578	3038
2697	3627
177	1541
769	1281
3323	3592
320	3618
898	1611
1137	1270
1423	4275
1984	2286
1636	1710
1146	4225
365	615
4471	5054
489	4973
1995	2956
1182	4945
348	3771
3169	3483
1036	1710
2057	2157
348	2039
96	3038
2685	3250
3888	4785
1708	4967
1907	5056
881	2158
3353	4294
77	1841
587	1072
296	5054
2056	3194
578	4627
1741	3078
2482	4217
3282	4864
1674	1710
1076	3922
320	3349
91	1710
2003	4075
1907	4306
457	4412
1652	2749
456	3472
533	1555
1652	4178
45	1867
292	5054
816	2135
1360	4864
1276	2078
175	4283
4178	4898
3877	4554
3498	5018
77	1695
1182	2207
3498	3834
2823	4275
1130	5219
410	2673
1455	3039
166	1710
2823	4963
1585	1758
3475	4116
4188	4970
1710	3023
1978	4809
1710	2643
1182	1237
675	2673
2221	2756
1668	4660
3267	3529
989	1720
2761	4178
990	3644
2776	4973
2529	3366
213	2157
1710	1837
2587	3255
3169	4393
329	1537
1555	1779
3341	3945
2812	4178
471	4476
1536	5179
2976	4891
1585	4018
1314	4195
2078	3906
2158	4825
1965	2777
1047	1907
758	4178
1710	2988
759	2425
250	2756
2207	3856
1233	2749
815	2540
1481	3169
1127	3120
2663	4752
1656	3856
855	1710
799	1555
600	4171
320	3278
4970	4973
989	3644
4178	4288
2003	2941
3396	4356
2012	2273
3420	4232
1460	2633
3598	4275
2420	2991
1878	2801
1710	2941
96	572
2263	2977
2510	2612
2158	2916
489	4075
347	3323
236	946
871	4963
1773	4272
759	1285
3271	5130
956	4689
381	4217
4222	5238
1710	2768
1555	4316
889	5152
1766	3353
693	3489
244	2709
543	4280
2382	2892
329	3229
2318	3289
260	4608
1565	1626
1942	4841
1447	2254
2633	2749
381	3396
1608	3078
2764	3988
1702	4557
1450	1710
142	393
858	1494
1608	1705
478	3420
1555	2529
713	1907
320	3872
212	1710
1652	3473
1495	1710
1555	2515
58	3169
3019	4396
2756	5219
3803	4785
2568	4384
461	4163
1651	2510
1658	3230
1710	3898
3643	4935
2293	3229
1206	5208
471	4963
2829	3169
3008	3987
711	3644
2039	2158
1710	2805
1565	2242
578	1237
1710	3643
2110	3740
119	3069
1646	2318
2113	2318
2282	2482
2352	3487
2607	2653
994	3710
3125	5020
1837	4345
2048	2554
471	2211
1506	2515
1164	2425
241	1710
1039	1777
1540	4596
920	1616
275	1016
1532	1710
1710	4861
1761	2653
149	2207
4171	5107
2655	3169
255	2953
213	589
2764	2934
320	4417
3907	4158
363	2509
2451	4744
931	3548
1555	1672
1598	4178
261	1710
277	2995
2688	3472
1946	2711
1483	2482
327	3466
2056	2452
2135	3169
615	2915
1447	1789
96	135
2069	2779
1602	2113
1860	2510
447	1182
2057	2612
3169	3577
2236	2902
1422	4864
2211	4663
3019	4073
1710	4894
927	1779
2944	4171
2247	5054
2089	2990
990	1710
788	5054
1297	1852
3807	4275
924	2797
1758	4168
1710	4934
1657	1710
2749	3173
1127	2244
3019	3906
1127	4467
1710	2096
1710	3899
1395	4864
177	3169
1577	4671
1793	4041
2207	2989
690	4403
70	1780
290	4582
1131	4973
2916	3257
639	1617
1607	1710
4930	5206
1710	2352
2186	5062
70	1290
3393	4864
635	4714
3169	3420
2892	4348
2318	3071
1137	5067
2290	3518
1302	4627
294	4973
44	3706
91	134
320	674
2299	5054
1710	4195
378	1710
989	4378
1766	2039
2735	3078
91	2663
111	881
2271	3644
1606	3487
1710	2735
258	2603
513	1710
2582	4801
486	1209
3169	5163
1447	1577
2020	2211
2708	3214
1723	4130
589	2902
170	2510
946	3120
144	4142
2956	4267
2764	4275
277	1909
1354	4485
1447	4967
1342	3069
599	5184
2653	5163
172	1060
1571	1758
265	3644
4752	5062
211	2158
1652	2709
2889	3602
2582	2749
1237	5179
2720	4729
53	3169
4178	4985
188	1447
235	1710
1237	3399
1574	3807
105	1777
2797	4224
3186	4491
1206	4734
1420	2318
2734	5054
423	3554
1107	1741
1710	2949
2728	3169
2709	5042
2910	3548
1710	4899
1127	4050
1182	4958
2207	4646
1460	1710
621	1980
281	2485
3466	5112
1710	2653
1237	1447
1104	1577
1240	1710
1577	2279
989	4951
457	2879
2223	2756
2722	5133
2460	2991
92	2579
70	111
1710	2608
2417	4348
881	3483
2653	3173
2318	5150
3255	3336
1602	2487
1710	2510
3473	4178
1127	4226
696	4963
2510	3420
1420	1600
1455	3415
3627	3906
1918	3644
748	2332
98	4706
3169	3628
833	5054
1555	1600
1215	1710
1609	4608
1870	2602
739	2886
1710	2458
3169	4542
235	1656
2357	4864
458	3230
3169	3813
1555	3735
923	1237
2749	3168
1702	2867
453	3078
141	1036
37	2318
1531	2870
260	1555
3643	3937
92	1780
928	3169
2953	4101
2540	2554
906	1778
776	4315
718	3169
2936	3170
257	1807
1739	5179
1723	2533
3833	4567
1710	2787
1540	2991
3602	3903
1124	3628
2247	3163
776	4973
277	1726
91	859
2961	5054
1741	4110
3078	4467
1197	3641
4130	4611
921	4752
2765	3169
2510	4194
2224	3169
216	1710
1237	4930
871	3306
1270	5127
3169	3764
2279	4081
1710	4143
4275	5184
1710	3102
3256	4911
255	1237
2957	5188
1082	2673
320	2775
1907	3026
2164	2764
1565	2582
599	1710
235	3122
2653	4137
857	4412
2519	4130
1348	3169
3169	3518
908	4148
915	2460
597	4659
1907	4491
2764	3078
2778	3834
198	3334
3403	5025
2566	3641
713	1608
3548	3641
3548	4993
260	3278
2870	3001
1918	5101
4257	5186
1237	2789
2135	5207
2653	4552
2109	2663
1606	3893
3529	4540
277	1710
2486	2764
1919	3810
1025	3015
2158	5150
1555	4171
2653	3627
1338	4315
1710	4188
713	2904
1608	2286
1428	4280
1758	1938
1182	4752
4733	5054
320	5160
348	4841
3169	4948
1555	2192
1272	2322
631	2020
216	615
423	4911
348	3426
1942	4663
2158	4729
70	1508
2158	3937
91	5132
45	3039
1127	1708
440	2977
3602	4973
3736	4329
333	4408
3264	4487
2653	4013
566	1179
1757	4480
4963	5018
2080	3771
320	713
649	750
1777	3472
44	3169
1565	1568
2318	3177
889	1780
2935	4102
96	4130
1710	2327
1348	1646
111	3169
1710	1853
946	1710
327	2272
1016	1657
1606	2308
2327	3764
333	2192
600	1138
4841	4984
1237	4533
329	3599
2846	5054
676	1931
2510	5054
713	4822
2048	3635
3562	5054
296	1611
631	3353
1146	2653
151	2685
2135	4689
371	554
1293	1710
698	1710
2927	4275
1104	3710
129	2515
60	4825
138	2460
5219	5251
366	1672
1710	4664
608	1710
1555	1638
4117	4178
2361	4148
656	5132
1166	1710
244	2020
619	3169
1710	4931
1179	3593
163	4930
373	457
1600	2549
1127	4285
2673	4168
1196	2904
1166	4729
2486	3790
881	1354
2586	3966
2158	2875
616	1710
353	3213
135	516
2479	2529
1702	4973
898	2665
235	4552
599	1596
581	1179
674	1710
3278	3562
3785	4841
2653	4627
777	3213
367	1710
277	2458
4137	4864
1585	1753
4539	4752
3472	4714
2579	2936
1695	3627
2048	4026
3601	5062
1222	4129
4554	5054
1342	3246
135	1565
353	3169
1166	2113
4171	4988
1016	3512
1423	1758
1163	3289
1192	3194
1226	4232
729	1710
2304	2486
1237	2579
250	3169
1555	4623
509	2749
1531	2608
920	3240
3169	3689
1253	5054
913	4327
3038	3169
4153	4864
1182	3291
2026	4187
2349	4293
796	3169
2020	3871
3756	4119
2895	3593
777	1237
1639	1652
391	4378
122	1104
1609	3546
3020	5124
516	1942
255	4178
977	2653
2318	5187
1127	3635
235	3522
1018	1736
1710	3054
3420	4257
3613	3644
2390	3415
2318	3917
1710	4512
3850	5118
1680	4695
135	4116
220	1966
1723	3077
1656	5020
3473	4596
2345	3830
946	4973
177	1611
2814	5054
766	3120
1777	2222
2486	2555
639	4066
154	2903
1125	2653
381	1237
2859	3169
1524	5133
1710	2925
1710	1735
1710	3324
4178	4422
3812	3907
320	1608
2281	3353
1555	2020
766	4306
519	4427
881	2318
1710	2048
704	1710
347	3593
348	1697
1070	4171
2957	5150
2485	3628
60	1666
2165	5054
1447	3862
578	4963
457	2486
1138	2318
1113	1127
1225	1777
4178	5213
4320	5118
1351	2673
316	3793
110	3790
1182	1481
2974	4864
2304	2603
1555	4281
3169	4018
1206	2256
600	2936
240	2916
1315	3844
257	1555
2009	3169
4171	4490
1710	3052
1909	2211
1710	4288
1636	2529
2653	5184
163	1022
4081	4217
2896	3764
2427	3169
1230	1555
2093	3907
4071	4178
1710	2975
1173	3169
739	4608
1984	2797
739	4348
157	1080
4601	4864
4068	4178
1585	5015
290	1577
11	3763
320	2271
1988	2393
1710	2034
50	597
2389	3733
1574	4864
1166	1646
1720	2566
693	909
4663	4777
36	4275
1370	3281
676	1431
1565	3417
221	371
3740	4911
371	1237
91	1663
2372	3644
901	3644
1602	1672
589	2256
362	2486
1710	5228
676	2612
2536	3169
1710	3071
726	4864
1157	2072
447	3914
70	1705
1166	2385
2020	2816
1555	2562
4714	5157
1039	3169
2211	4872
1710	5105
2105	4970
1611	1710
2256	2263
1878	2352
2603	4280
91	92
333	4862
320	1788
1166	1602
788	1710
1710	3525
1602	4608
391	3169
2007	3017
684	1710
748	2327
1753	4497
258	2211
3644	5228
1080	5054
271	4427
2934	4627
3426	5242
631	3854
1984	5025
544	4616
1710	4945
549	1710
1757	3240
3907	4168
1710	2875
1138	1555
1273	5213
480	1768
3169	3573
4414	4864
2646	3988
989	4627
2322	3907
1741	1893
257	1710
3858	4639
2653	3411
166	2158
1255	4714
943	4193
244	3169
4864	5188
166	1555
1494	2318
1585	3807
3877	4329
1732	4159
279	3400
2665	4776
4061	5054
871	3390
1237	1365
1710	1957
1741	4429
1695	4904
1555	2451
1721	3088
1447	3945
1710	4467
1455	2211
1555	3030
1465	4972
1758	3982
1710	4729
3169	4838
448	1293
1455	4403
1710	4689
858	2318
3306	3988
1522	1681
2633	4018
2211	5020
2797	3361
3593	5067
2486	5046
4107	5179
1757	2260
600	2956
149	2934
235	908
1338	1732
1246	1710
2089	2609
3644	4085
332	4814
92	2742
3644	4845
391	1237
371	788
4225	4467
516	3675
1047	2653
1710	3932
393	2968
602	5015
1379	1766
448	1127
739	2158
1793	2332
3169	4843
1685	2797
2680	5042
1393	2304
441	3169
871	4704
2533	5133
96	2603
1794	3169
318	3643
516	2764
2113	2870
1736	3353
292	4943
972	1080
3425	4085
91	2709
1753	2633
1237	4951
2775	4732
3240	4412
96	4688
137	1555
1638	4899
2709	3249
294	2934
2089	5068
1574	4217
236	2244
271	3764
1710	2015
1465	4497
656	2950
4348	4497
567	3169
3169	3901
2039	2289
351	2207
1237	2953
920	1137
578	2934
881	3644
2318	4402
1338	4814
4729	4814
2749	4044
599	2417
1574	2486
3771	4178
1889	5238
1316	4148
2392	4608
1710	4158
3169	4600
2223	2889
239	1710
1650	4283
1710	3807
2105	2934
2579	5107
710	1237
77	1795
2247	5094
2322	3291
1710	4855
1555	4777
1710	1726
374	5020
816	881
1780	2653
582	3078
1555	1617
3487	3598
1297	4178
2273	4891
3025	5025
320	5235
1647	1710
1565	5157
1586	4864
393	549
3598	4552
1348	2499
446	1338
320	3524
748	4471
2372	3352
228	2509
2608	4744
329	1656
11	2212
2653	3168
280	1627
1209	1437
175	3169
1106	1779
2158	2562
762	2603
1907	2003
1710	4611
2708	3739
332	4402
2135	3395
2012	3289
1555	4503
1881	3291
4649	5112
1206	2322
1065	3169
2848	3425
1839	4275
271	739
2390	5094
531	5054
1780	2211
1710	3837
2458	4120
816	4864
936	3001
2418	3834
642	4495
1893	4970
3267	4378
1757	3323
2425	4988
1710	1997
2491	4148
55	2653
290	3940
135	2673
651	1753
1138	1338
403	1853
1741	2824
363	2991
3740	4731
1061	2848
3403	4521
1958	3644
2875	4408
3261	3483
320	2673
45	3764
1206	1781
1710	4781
299	4973
1179	4412
1766	2916
1636	1822
4282	4766
1577	3170
92	5095
4295	4540
391	989
257	1080
711	1907
710	4107
301	1710
3169	5149
216	5069
142	3937
1880	3635
2547	3413
1348	5188
36	1070
1179	1710
2977	5254
2540	4514
549	685
4663	4973
720	1841
2020	3306
1995	2031
2157	5219
1080	3877
1907	4608
4412	5160
2708	4818
3097	5054
1878	2977
417	2318
2486	3739
912	2749
453	2752
1757	5037
4864	5101
1349	5062
1076	5054
96	1779
994	4864
697	1710
3150	4094
1267	5076
1104	2020
3743	3844
2420	3213
989	3308
1361	4864
2225	4864
881	4331
1381	1870
1025	2665
1777	3540
2393	2916
464	1555
330	2902
111	4235
2957	3490
2089	4226
3163	3696
1108	1411
3643	4195
1779	3169
348	1047
3289	4838
1585	2007
897	3710
37	5123
1741	4864
2603	4168
2361	3675
1206	1316
464	3017
1710	3613
512	3169
2020	3877
2915	4789
1710	2425
2292	3230
184	1565
1317	4402
905	2661
1870	3969
1164	3169
1598	3877
1697	3046
4217	4663
1780	2486
2991	3125
1710	2131
3988	5184
92	1753
320	3345
222	1455
1710	2945
589	2157
489	940
1206	4026
582	2603
1574	5134
457	1349
1710	1988
2211	5058
1710	3253
258	3169
4497	5035
277	3449
1237	4396
2413	4178
2661	4018
1710	4972
3554	5212
617	1710
4490	4572
371	3644
764	4921
946	2573
70	2284
2663	5062
2776	4704
144	3643
3169	4988
1710	2434
359	1541
176	3169
4608	4825
516	3473
2458	4947
1335	1710
1657	5127
602	4738
746	2814
234	3079
1565	1652
4331	4714
875	2318
656	5026
710	4081
1878	3281
1708	1753
1710	4439
1338	1555
1565	3864
410	1710
1185	2282
1708	4159
423	1919
1989	3169
1668	3544
235	3120
2293	2897
1657	1685
1270	4412
1354	4166
280	1237
711	1741
4689	4744
587	2211
70	3925
417	3644
1374	4864
675	1666
91	3078
1237	1434
236	5224
3614	4294
582	3291
1342	5025
3169	4302
1348	2031
3390	3461
859	1047
2976	4608
2089	4161
51	2359
4102	4378
1585	2653
356	1606
2207	2380
564	3856
96	2207
2157	2510
2927	3834
353	4482
1723	4841
599	2586
3012	3834
3176	3548
1753	3323
1131	5188
2486	4274
1710	2244
1758	2277
1455	2247
2953	3802
729	4467
3462	4766
2485	3250
2685	3628
1549	5251
144	1127
1656	1710
91	3790
3169	5022
2039	2673
905	2417
452	1237
172	457
1555	3205
2057	3844
4220	4963
1039	4968
1627	3810
2486	4124
1683	4864
3169	4386
3627	4864
244	1710
452	4864
2211	3169
1105	1268
1555	2042
1427	5188
4623	4891
989	4220
572	4963
70	990
2078	2157
2953	5180
602	4841
1164	5188
320	2417
1710	5159
1710	2785
3323	5025
1272	2886
1555	4934
320	4571
599	940
901	4440
1137	1663
667	1585
665	2520
3169	3569
2643	4899
1233	1710
91	5224
1860	3614
1545	2749
457	4689
2784	3332
2956	3169
1555	3000
550	2653
2720	4489
2186	3810
1348	2113
320	4475
2886	4951
3169	3899
175	4608
3976	4627
1741	3644
60	2318
1316	1723
2916	3641
1697	3864
2734	4479
1710	2909
1710	4479
1227	2352
1822	2273
320	2764
332	1710
1758	1942
4627	4963
362	1070
2554	2777
1455	2482
1455	3012
3109	4706
3858	4079
244	662
2289	5054
972	1710
2756	4171
928	3257
940	2286
170	4921
1577	2857
1455	2279
3078	4970
480	897
359	916
213	1353
3472	3928
1879	4608
2562	2642
615	2223
172	2247
1710	5031
2069	2486
157	1555
1565	2219
989	990
566	3169
1666	1881
2452	4945
1141	3792
931	2458
141	597
1131	3710
138	566
759	1684
471	2991
1781	3593
589	4914
1710	4733
1942	4973
757	1710
2553	3403
639	5035
3256	4178
1571	1766
1608	3710
1870	2756
3218	4809
3906	5219
1224	5015
599	2460
3169	3275
1710	3361
1213	3413
1822	2158
2694	3275
593	1602
1780	4478
1758	2418
764	3598
881	5114
320	4514
990	5132
77	1300
815	1803
1710	3201
173	1710
1555	4215
1710	2359
1555	5046
1710	4319
157	5179
1237	3768
921	1577
1978	4620
3169	5134
1347	4739
4085	4902
417	1555
96	3807
2057	2078
1490	2449
2797	3218
1909	2318
1647	3694
1710	4432
1710	3046
946	3257
3602	4739
2555	4620
2135	2368
881	4973
1753	3153
881	3592
1455	1484
1626	2653
2318	3546
197	4148
170	3614
740	3710
198	4864
1044	4171
1602	2031
1697	4615
587	3546
1793	3213
1611	1971
4475	4963
2859	3764
1532	4041
3790	5118
693	3281
77	2713
3129	4193
1889	2725
901	2886
2359	4973
600	5238
4207	4225
1585	3038
2247	2293
1242	1710
1206	3710
3592	4026
1531	3230
2451	2486
711	2207
2158	3448
748	3323
1213	2540
4694	4809
2158	3932
2370	4266
163	320
4429	4864
912	4275
2304	2756
2288	4864
1152	4094
1080	4789
1574	3942
587	2257
105	4479
1268	1710
106	403
4451	4614
1710	3190
1096	1780
2911	4087
509	1710
3278	4148
175	1555
2286	3282
1283	2870
1710	3420
676	1684
916	2370
142	4224
1061	3686
1549	3169
2934	3078
456	2926
897	1206
348	2519
1789	3169
1710	3473
1710	4478
1946	5031
4954	5208
235	2749
70	804
762	1710
1016	4357
2957	4171
1710	2921
566	2633
3278	4439
1210	2299
615	4972
1710	5095
582	4981
2725	2915
2318	3985
1710	4491
1710	3635
1627	1735
3573	3599
1585	4019
697	1870
1138	1646
1732	4066
320	5188
653	3466
1697	2957
1227	4280
2957	3352
184	1697
905	4825
676	2894
228	2222
665	1555
4081	4663
1555	4061
2916	2957
2529	2679
3413	5112
317	2749
928	4752
423	1710
2486	4098
1455	3710
2451	4689
2637	3169
320	3198
4439	5130
105	4974
2249	5042
1236	4178
2256	4663
1333	1338
3641	4171
990	1511
2304	3012
3740	4671
860	4973
1658	4766
1697	1710
347	1928
2935	5130
1684	2904
2318	2562
5156	5238
744	4752
1608	1710
1166	1555
1359	4148
1137	3593
1831	2742
2450	2776
1428	2661
2991	4275
1780	5132
3696	4864
816	1555
1723	5179
1127	5025
3015	3275
1237	2573
1086	2579
3169	4521
564	945
2767	5107
379	4102
1124	4497
1758	2582
1577	4555
2064	4542
990	1182
348	1647
578	2579
946	3601
1766	2756
453	2886
1710	4013
1640	4864
2671	4615
599	1104
1565	2339
907	3472
4963	5054
1741	4673
3015	3420
1064	1708
800	3169
3413	4263
1708	4124
3169	4194
1127	1204
1465	2582
990	3764
1710	2078
2737	3498
977	3386
1710	4085
1223	1710
391	2750
4424	5054
1465	2720
1710	4891
1237	2308
943	3988
921	4171
1566	4864
2966	3169
2694	5254
2098	5054
1293	4608
2247	2359
1036	4171
1710	3763
2318	2521
1555	3963
527	2263
1742	3169
1779	3472
1753	1970
710	5179
1274	2653
3906	4904
1338	4954
2139	4265
2515	3169
1821	3267
1708	3635
4930	5001
1531	1555
3988	4864
2557	3169
3087	4116
3486	4759
1395	1710
3169	3944
4275	4440
600	3146
1710	2848
871	5208
990	3078
1588	3038
2749	4478
3425	4973
2145	3710
3169	4418
2382	4081
589	3906
111	4575
381	2452
96	2892
2936	4935
2510	2802
1741	2779
3169	5069
1061	2764
2078	4649
44	1710
777	4479
96	4148
2951	3169
111	1710
897	2499
2934	5018
4714	5037
2674	3078
1585	2779
3169	3308
2555	2673
1710	3628
2290	3781
3012	3628
4495	5054
2318	3877
2653	5047
1237	4861
1710	3805
1723	2318
4045	4178
3169	4424
2669	3169
3186	4561
96	578
716	884
362	2817
921	1495
2158	2533
690	875
1455	2036
312	4864
1869	2072
1710	3418
1938	4263
920	4714
1646	1780
1995	3169
1669	3580
582	2207
748	4719
566	2393
1989	4274
1555	2533
234	280
1565	1781
37	1555
582	1870
764	833
5156	5242
260	3169
928	1710
946	2048
1710	4171
2653	4612
1536	3987
448	1970
945	3278
2318	2870
1574	3988
1494	1710
739	4140
2510	4883
2420	2518
255	3169
733	4864
3078	3135
1555	3039
2263	5042
1988	2633
1555	1822
602	1224
270	1803
2767	5062
111	4845
299	1227
3877	4663
2318	3491
294	2603
1617	4178
2750	3793
102	320
371	1494
2756	5063
212	5054
77	750
1338	1508
2777	2896
222	3710
1036	1910
489	516
859	4973
2673	3026
320	1061
1555	3323
2263	2350
2663	4539
157	288
213	3906
676	1995
348	3001
2875	3643
913	4671
3117	3169
497	3169
70	2943
1624	4364
92	4378
1246	1617
1206	4612
1047	4841
1710	3123
662	1057
1779	2582
1710	2529
1455	2875
1555	4130
92	3689
59	1710
1297	2313
4359	4663
211	4473
1590	2380
1427	1710
1300	2510
347	1179
928	3063
1349	5026
2668	4864
2703	4178
713	1577
1351	3169
2529	2749
1166	4402
1656	2945
382	4178
1710	4676
1710	5149
440	1039
1907	2953
3425	4864
198	3240
1565	3244
1237	3470
1511	4612
853	4659
1710	5112
1431	5188
1129	1710
748	2158
1351	1710
1739	2935
1359	1437
45	4845
1710	4175
1710	4785
1237	3613
1768	4614
2554	2708
662	1343
3130	4246
1708	4201
213	3169
920	4193
2031	4608
3393	5179
908	1237
2764	3686
3963	4864
1710	3660
2637	2749
1165	4217
332	1420
3644	4149
3169	4476
1710	4201
1710	4761
1656	2278
1138	1293
1039	1611
1072	1779
3063	4427
906	2661
3072	4864
301	4704
549	2278
2089	4319
1411	3411
1710	4380
144	4864
5054	5076
1710	3941
1779	4663
2633	2653
44	1741
327	1710
1447	1779
1096	4714
615	2941
2146	3710
2945	3969
332	1646
2529	5244
1017	4178
1138	3969
1555	4185
91	3644
1710	3958
940	2764
2211	3278
3395	4943
2555	2643
3169	3977
2658	5054
163	1705
1638	1907
1166	3546
1758	4864
662	2185
2536	3413
1273	3015
1870	3856
1445	4440
3749	4408
599	3512
77	2332
1131	2529
1710	2895
3988	4281
2130	3473
2765	3602
1455	3109
3644	4107
288	1867
1506	1600
1876	4731
3261	3291
154	2318
1230	4608
1710	5084
1173	3602
45	3448
1710	2182
4789	5054
2656	4608
543	3169
1588	2486
1710	4274
1338	3546
4223	4948
111	726
2481	5165
122	3012
393	1096
1646	1710
1036	4225
1060	1710
1907	4814
1555	4695
881	1455
170	1710
984	4981
371	3483
1237	2936
1779	4101
1395	4148
1878	2249
1555	3399
3169	4540
2158	4765
2003	2305
2039	4608
3644	4954
1666	5020
3261	5069
1931	4948
281	4789
2579	4669
2223	5219
3739	4663
1741	3914
1741	3668
1447	3169
3644	3951
1710	2432
240	3877
2737	2934
2661	2823
972	2915
213	4904
1710	4075
2158	2225
2777	3615
326	403
1617	2722
4947	5068
1757	4174
1166	2158
320	2284
1182	3593
1989	4608
1455	5176
1455	1577
1710	4572
1609	2158
2158	3710
3225	3413
381	2192
2653	3856
3169	3688
2207	2540
3193	4904
2859	3039
1636	1757
3332	4469
1141	3937
105	359
1555	3214
1354	2673
1710	3423
3285	4910
2653	5020
2814	3169
967	2679
576	3793
1732	4608
951	4469
1710	1792
921	5127
1931	3548
36	2486
2510	2763
45	4267
320	3117
3644	4318
1710	5101
1710	5006
1710	3590
1021	3548
2612	5054
608	1348
1455	2673
2735	3644
1379	3834
2956	4207
151	1710
3001	3169
934	1710
2433	3169
1773	1978
359	1101
716	4473
589	2510
2025	2273
1710	4605
2275	3310
2529	2866
3052	3169
1455	3146
1007	1710
2653	3078
236	2679
2211	4061
516	3366
2735	4800
1138	3963
2158	2420
1710	4695
881	4042
884	923
4639	4899
265	1237
2709	2801
693	3419
3974	4440
1348	4814
931	1391
675	1146
1016	2817
3069	3111
3877	4116
3546	4608
1411	3353
3085	4119
461	884
1541	3169
1460	3169
96	4081
471	3706
697	3169
213	478
1708	3257
3546	4729
564	711
2352	3598
235	1736
2449	2934
903	1710
1360	4148
2081	4327
280	2380
1237	3240
4159	4954
608	2393
1710	1758
137	3213
1617	1710
290	1710
3606	4178
858	1555
1508	3169
1127	3689
453	1577
144	2653
2870	3644
1577	2192
1406	3278
1555	2326
1710	3351
393	4124
1602	3019
3134	3169
2304	2991
927	2653
711	766
1710	4200
931	2681
1182	2089
587	2934
878	1360
1958	4954
1016	1710
1226	1690
1060	1349
3111	3548
3019	4663
94	1616
1237	4075
2776	5056
4281	4930
4047	5112
3169	3487
96	1636
1710	2242
1757	2219
1555	2457
718	1125
3554	4225
1447	4781
1511	2579
516	5188
4199	5160
1531	1808
2673	3122
172	3323
1710	2219
946	2486
2775	3244
1710	2310
1723	4782
1104	3372
362	1657
1846	2886
2673	3173
1413	4087
589	2313
1708	2663
2181	3169
2680	2801
1838	4171
1878	2263
456	5107
2318	4864
3562	4864
2720	3308
1942	3785
1710	2661
3230	3710
927	2961
2896	4285
1447	3120
2709	3627
1431	2425
144	281
1555	3570
1653	2222
447	5067
881	4934
2053	4295
3177	3225
4359	4914
931	1182
1710	4551
951	2989
615	3019
3793	4554
1710	1946
1237	4222
713	1366
2093	2934
1565	3120
1206	3688
236	1918
1237	1918
1224	3169
1753	4159
1565	1710
1588	2069
1047	1360
1047	1758
801	5062
2709	4673
1555	1970
163	1608
578	4275
554	1996
60	3419
1710	1722
1237	2105
3602	4663
1893	4140
2128	3627
3473	4739
3019	4046
739	2752
1380	3169
1758	4552
1710	2135
1741	4412
1420	1577
2158	5054
96	235
1182	5062
2729	3729
884	3498
1506	3257
1411	2916
3001	4608
2709	4318
2859	4199
1555	1710
3169	3249
3109	3257
1793	2846
2257	2277
2486	3326
1236	3169
77	4855
4608	4777
1127	2458
1697	2951
2372	4864
1710	3078
3169	4439
2749	4153
1166	2870
1758	5208
1357	4378
3323	4285
1447	3252
1710	2418
4178	5188
320	4615
1723	2916
1683	2331
1455	2919
2222	3627
129	332
2222	2889
2581	2756
2158	5187
1732	2961
1620	3349
2669	3213
2977	5076
1710	2019
19	2157
316	788
1578	1758
21	2211
1137	1741
137	3588
951	3411
1607	3598
1617	2749
735	4864
77	3015
320	3169
989	1663
1710	3976
824	2089
3071	3169
1653	5219
1317	3169
96	2064
1989	2158
1710	4768
458	713
1237	4678
1197	3387
320	1907
1706	1710
1447	4625
2425	5188
728	1710
3169	3489
525	2896
1437	3821
2417	5025
3169	4217
3602	4787
776	2486
921	5118
3602	3683
2486	4930
943	4013
2952	4098
166	2486
2357	4130
299	1710
2603	3969
2332	3213
910	1508
975	1354
1710	3651
2934	4275
127	3015
940	1710
3602	4902
330	4921
244	3229
1290	4224
380	2910
1737	4616
2961	3169
733	2069
1710	3834
3400	4899
543	1710
166	2709
4178	4948
359	3169
1354	2586
4153	4973
1565	4594
1737	5054
936	1837
1393	3169
1209	3449
96	3169
1138	2909
3710	4970
1445	3169
1606	3598
1710	4601
320	1484
672	1708
1710	2872
3261	4864
1617	2892
3644	4485
294	1710
265	3951
135	4864
1757	5157
764	1710
554	4777
3015	3888
92	111
391	1588
1555	3134
1532	3213
4117	4963
587	4327
2486	2756
3169	3787
913	931
2164	2717
92	4085
824	3257
1710	2009
1602	2815
1959	3169
2553	2957
1224	3257
2756	5213
1274	3643
2158	2936
2381	4663
2708	4098
489	1710
1710	4081
1779	2961
1721	5184
1710	4660
1157	2089
566	1646
70	3038
1664	3069
901	2653
4315	5054
3291	4473
897	1022
18	1455
3176	4993
1016	1070
2110	2558
739	4224
1822	2020
1223	5179
3257	4159
3169	3591
4627	5025
1710	3785
554	4068
1705	1907
1602	2158
2451	4329
3740	4075
2660	3169
749	1237
4117	4355
127	4608
3291	4149
1710	3592
4943	4973
1710	3280
2318	3323
1270	2318
2902	5251
3573	4864
729	3554
127	4729
2273	4130
135	4963
941	3877
37	3169
45	1455
1566	2629
189	4582
1710	1789
1710	3871
2012	2418
2222	5054
445	4911
1080	3489
674	2542
1182	3240
554	4018
2318	3937
1018	4864
3951	4093
2128	2157
2562	4841
3639	4171
3963	4542
1585	2032
1316	3802
642	4107
4384	4412
644	2451
1710	5011
3122	4469
2540	4281
96	4973
2304	4073
842	2540
1766	3506
457	1179
1283	4257
3020	4148
3146	3250
631	1931
2486	3001
1206	5184
2332	3420
1445	3025
320	5065
1431	4988
348	1970
881	5069
381	1103
3169	4094
3644	4061
2349	3502
2685	5238
273	2345
689	2529
2603	2965
1237	4777
1780	2166
2627	3614
4321	4490
4749	5238
3078	3580
3323	3472
1293	4935
1710	4623
768	951
600	4729
4087	4348
3848	4963
1710	3421
1710	2543
144	1710
735	2603
1342	1600
1099	3554
602	4575
884	3169
881	1565
3024	3169
2292	3710
280	1710
2085	5251
154	2486
4199	5176
1878	5076
566	1946
1669	2797
393	1915
1710	2764
235	1571
1102	3593
2909	4812
2957	3540
1710	3860
458	1758
990	1780
1867	4719
2756	3906
1405	2749
91	1176
1353	2709
3271	3411
1273	2757
881	3169
2020	2756
1870	3599
2801	3602
4275	4752
2418	2749
2652	4178
1710	4808
1995	5196
105	2808
744	4066
916	2222
424	4131
320	4098
649	5133
1710	4600
1710	5207
1585	5160
600	3026
2580	3169
881	3739
3307	5250
936	1803
1447	4217
2956	2976
1484	3278
1710	3239
211	1555
2953	3001
348	4315
3019	3169
1565	2700
1710	2889
816	1206
3169	3466
91	1780
1757	5184
828	2017
871	1455
3506	4973
1272	2673
1394	1710
1226	4571
1455	3995
1494	2158
1086	3101
2048	2477
1942	3169
2042	3169
711	4973
1379	4608
277	3807
1705	2525
3718	4257
1061	2653
333	2158
1882	2889
549	2104
260	3858
3	2735
1650	2680
3169	4894
1710	4926
235	4787
589	2128
1137	4159
5196	5244
290	4073
951	4706
1447	2064
96	4132
2370	3396
4700	5054
662	1240
1653	4178
1626	1971
110	4623
348	1958
2533	3643
1179	2673
91	281
2207	2553
3109	3169
599	2390
608	4608
1741	2104
1710	2158
1710	3570
1447	2224
2378	3169
913	4988
1710	4121
1887	3506
1758	4473
3281	3893
921	1182
2292	2458
1237	2882
1577	2679
1710	2139
1555	4789
3169	5213
1938	3169
2603	4013
2024	2357
1348	4608
288	3548
1127	3123
1710	2499
2767	4267
684	1555
1555	3078
1555	2735
2582	4973
2368	3169
1638	1710
3276	4178
1127	2582
3019	4174
4359	4579
232	1710
1710	5165
535	2318
1206	4967
1447	3052
907	2919
1918	4734
1237	4473
1588	5118
1566	3169
1758	2949
3025	3278
277	4706
1758	3078
2244	4235
2673	2776
2637	4864
172	2269
1931	5054
70	300
928	3643
4171	4412
423	913
2109	3038
600	615
1455	2546
554	766
91	2529
3613	4930
453	2797
662	4476
566	4026
1555	4417
2554	3644
347	3810
1710	4368
332	1506
188	3169
281	3169
1577	3129
1206	1447
854	1656
96	3997
777	1978
1237	4752
2653	4800
3019	3736
485	5054
2934	4061
1568	2653
5123	5160
4663	4970
2109	4412
1870	5114
3198	3644
631	1736
1710	4110
1293	3169
1447	2976
1230	3169
2720	4049
1710	2734
1455	4902
594	1710
1918	3198
2158	2801
3834	4418
2733	4098
662	2915
3977	4649
3	175
905	2318
1555	5212
4152	4864
943	3403
3078	3308
2673	3000
1074	1710
2089	4393
4178	4544
1366	3019
554	4782
1522	2997
320	3554
1555	1646
3109	3198
1710	3491
1736	2281
2434	2965
1127	5176
246	2318
2304	3125
1585	4752
1779	4217
316	1658
3391	4858
157	1602
1577	3345
2273	4993
1206	1351
3352	4864
3353	3631
457	4171
1821	3914
855	1237
1984	2486
1876	4046
1585	2247
2158	2289
1710	2148
4467	4967
320	4596
2361	2486
4460	4855
726	1710
1710	2247
2428	3169
2012	3169
1447	4166
1471	3250
270	2380
2694	3627
1710	1808
1577	3644
1779	3366
2207	4201
881	1608
3240	5067
869	1437
1173	3101
776	4075
1251	3169
1585	2521
824	4129
857	5062
1565	2373
1423	2653
2421	3705
1343	5108
2673	4627
2536	3039
1710	4883
2653	3280
777	4785
111	4864
453	2776
1870	4110
1669	2801
3592	4734
1138	2646
990	4539
348	1616
127	1237
1127	3928
2155	2385
2486	4046
2633	4575
4623	5179
1870	3019
1101	1611
5007	5251
589	3169
294	1206
249	3071
1958	3169
1984	4797
525	2916
2318	4891
1447	3332
1127	4575
1710	4152
3169	4213
602	3109
1080	2207
965	3390
2282	5047
4161	4315
693	1821
549	4521
2988	4226
3781	4497
3169	5035
1206	4485
351	3548
1920	2157
1555	4418
2749	4317
1608	5069
3456	4226
1882	3473
642	1007
1710	2859
2223	2510
3169	3281
1723	3020
2418	5020
255	989
463	1710
3016	3353
2886	3000
320	2244
2524	3169
853	4085
2380	3602
154	3635
1577	4275
1602	2385
1532	1773
2158	3893
2303	2777
1555	4213
1338	4934
4899	5252
2263	2801
2558	4178
1732	4954
2241	4864
234	3169
1007	1945
4663	4902
2273	3872
933	2976
2452	3169
2756	3288
2192	2481
1907	3072
320	4970
1695	5082
865	1710
913	4171
142	3169
1741	2109
748	4178
1293	1627
1710	3886
2801	4047
1127	4159
934	4429
2673	2889
1359	3039
1555	4018
3593	4752
1483	3472
827	4178
4168	4973
4178	4699
1710	4614
2020	2573
901	1710
423	4612
2587	3310
764	2352
2653	2700
2749	4480
1555	4841
1285	3705
2263	2612
320	5180
951	2389
4738	5015
1532	2457
1274	1928
1172	1710
2128	4904
281	2765
550	2749
1366	3834
2157	3708
3498	3877
713	3261
3120	3792
1710	2105
3498	4061
1434	1484
762	764
1268	1273
4178	4579
3628	5156
1910	4321
2749	2928
1710	2784
393	1343
1710	3539
1574	2768
1577	1669
1348	3546
1585	1672
2680	2902
1879	3169
2279	3643
635	1710
2219	2673
394	3530
554	2919
111	4970
1555	1606
858	1710
1182	2153
642	2749
1710	2402
4194	4592
3078	4429
857	4320
458	4947
417	2158
1127	2425
3945	4341
1710	1975
3308	3907
260	3635
665	4408
353	1130
1800	4645
1555	2428
3169	5062
2192	3310
2290	4575
2919	4973
597	2039
1971	3071
651	1970
1127	2361
300	3643
2486	4178
3740	4938
1710	1995
2291	4307
2380	5030
4093	4295
566	720
1481	2486
1163	2509
597	3627
4864	4967
1710	2269
2211	3980
1237	4039
2995	5254
1075	3644
928	2318
1820	4119
975	3781
109	2305
2291	4671
5042	5254
1182	5067
631	4936
77	3169
320	3230
713	1710
2709	2977
2653	3097
2643	4809
3907	4627
824	828
1436	3169
4094	4904
2031	3546
1347	5219
1574	3907
1800	2941
2550	3548
2607	3169
1455	3411
3598	4914
1082	1338
2775	3522
2653	4429
697	1106
1710	1909
2279	2805
3177	3257
1455	3289
1710	2637
615	4026
3091	4412
713	3046
576	3763
1447	1585
2673	5156
1705	2934
348	5046
21	3078
2673	3856
1710	2025
599	4947
270	3548
1710	5082
2734	2749
3535	5031
277	3184
379	3710
694	1710
1710	4800
338	1447
764	2420
2332	3015
1710	4789
2211	3848
1457	4272
1300	4864
1270	1366
3332	3963
2935	3802
423	4412
2529	2737
1237	4974
1780	4594
270	320
2977	4904
1555	2722
2885	3169
2547	3078
578	2211
1710	1784
320	3452
726	2158
1757	3856
1237	4814
281	1237
1555	4094
3644	5015
270	815
2633	3421
3963	5089
233	4958
45	1965
1656	2303
2897	2976
348	3635
3332	3644
1447	4864
1647	1970
635	3529
2757	4171
564	2211
235	2457
456	884
92	1720
1946	4348
3323	4066
1237	3602
1656	2927
1636	3278
3572	4734
1926	3705
2434	3169
2663	3593
535	3169
3020	4384
2457	2529
533	3169
2673	4838
1104	1669
1705	2919
748	1710
2633	2925
236	881
4555	4838
1347	3473
1531	2020
767	4495
381	3807
4904	5076
1481	1821
320	3261
320	2767
1365	5076
916	3718
2318	3534
1348	2953
587	1237
3683	5132
2020	4177
2486	4620
2284	2661
1047	1723
2224	3710
96	3686
2247	3146
3277	4378
198	1821
1710	1720
3803	5099
1918	3078
768	2389
3675	4412
582	2934
4094	4594
4107	4304
1710	3911
716	975
3710	5235
333	1918
1555	3025
2573	4973
2357	2848
1107	2219
1919	4026
3413	4041
1224	2957
348	3332
1766	2679
1237	3323
2263	2846
2808	3888
1082	3169
1011	1710
329	2211
1870	2318
3109	5035
2749	5150
2749	2901
1357	1710
2327	4159
943	2273
1878	2622
2749	2989
889	3097
3420	4785
3644	4378
1237	2457
4061	4608
172	2956
3628	5242
142	860
480	1710
320	4231
2509	3169
602	1708
1455	3278
921	5160
921	1780
1555	1723
1555	4729
1141	3120
2318	2976
3240	3291
2211	4013
465	3792
644	865
2219	4171
3261	3370
2211	4970
2278	4864
1237	3026
1495	3026
3169	4490
316	1338
2486	2817
1447	2660
1113	2486
320	3686
913	3641
1669	4102
2653	3768
4972	5054
2708	4930
1611	4479
4178	4348
564	1710
3214	4841
2012	3613
1876	3291
4013	5220
96	2482
1237	4418
1995	2290
2814	3877
913	2991
853	4911
3663	4704
2777	4285
312	2211
1018	1710
417	1348
549	951
37	5015
716	4947
1758	3120
1127	3334
255	1432
320	2450
221	2709
711	4706
3907	4552
3413	4864
484	1348
2020	4473
4714	5130
1710	3842
1710	3559
3069	3230
235	2486
3229	4608
260	4348
2039	3411
2989	3403
391	5118
257	4663
1710	2530
1465	2370
1617	4285
651	3426
1882	3540
828	1710
3169	5200
4207	4321
1039	2510
3111	3810
946	2244
348	1138
2703	4963
3475	4973
2357	2479
2057	3627
2673	3988
2749	2949
2956	4081
3291	4540
2653	4646
4471	4954
2078	2510
379	3529
1555	1732
2072	3628
462	2935
1710	3541
2813	3101
621	3169
1710	2633
2705	2733
946	1588
2040	2749
1766	1969
2764	3710
91	3257
2633	3038
2486	5015
1710	4051
1656	4886
1577	4533
2236	3627
3169	3614
1338	2515
1209	2983
1182	1735
1237	4320
1293	4469
2872	5159
933	2897
1710	2224
1060	1270
37	1224
908	3323
2613	2927
1237	4954
2486	4473
18	1047
3078	3834
2207	5067
2757	3803
2486	4101
1555	2717
166	1427
1555	5121
3217	4275
1455	4700
649	2927
1942	4921
878	3641
936	5134
1970	2477
228	1225
2870	4044
3006	3169
2603	2989
850	5185
2486	5132
3644	3792
768	1080
1710	4303
2192	5054
2749	2797
144	4797
1555	2658
320	3976
2254	2991
348	739
1237	3790
779	1577
3548	3625
135	4973
3213	4785
2856	4178
3169	4174
1124	1710
273	4178
2486	4066
3877	4319
1780	3078
2284	3391
2378	2934
1710	4602
2361	4178
1867	4039
739	5018
3624	4171
1070	1834
1652	3169
593	1710
2813	3643
4412	5062
70	989
1995	2318
1060	4412
1656	4110
665	2989
1039	4921
1807	3548
3213	4592
901	4439
1710	3091
1237	4776
2451	2603
672	1946
2211	4996
1978	5112
4267	4403
3177	4663
1187	1555
1978	3588
2892	4930
1907	4701
2859	5176
1978	4582
2909	4855
2554	3169
1758	3641
788	1736
2393	2653
1138	3026
1036	2808
2057	4904
1107	3593
1585	2529
1577	2974
1197	2586
1206	3012
4168	4864
619	2434
1577	4075
1237	1663
940	3877
1710	4996
1191	2524
4272	4864
1878	3906
2579	3644
154	875
2039	3643
96	4787
776	1237
1942	2032
1029	3169
1138	4224
91	391
2020	3764
1710	1727
1710	4403
989	5054
1574	2211
812	1807
1710	3249
1522	4194
96	1808
1832	5112
45	157
320	728
1710	3733
1710	3658
3550	5069
184	881
881	3126
934	4869
564	578
348	2247
327	1348
4327	5054
1710	1796
1555	5250
141	4551
445	2660
2186	2352
1889	2720
1650	2263
3169	3798
77	2421
2212	3763
2361	4087
1555	2656
1043	1423
2332	3169
3736	4714
448	1753
244	2236
2996	4575
3418	4107
3096	5042
1342	4671
320	2886
2829	3411
1375	1710
2869	3091
371	1710
2519	3177
2935	4789
1907	4215
1710	2914
931	2894
3278	4930
1710	4714
3122	3963
1646	2393
1237	2871
320	2562
2813	3169
3032	3169
299	3449
2249	2510
3001	4217
1237	2359
3590	4864
2457	4469
2756	4166
599	4013
280	1636
1585	3928
457	1735
1656	4168
2012	3225
3039	3764
1224	3198
3015	5047
1907	2779
371	853
1555	2290
1705	2521
1647	4225
989	2486
322	4257
1165	2542
1240	2509
1086	3529
2812	2886
1173	3995
489	4280
3598	4378
1555	2521
3635	4116
3345	4277
764	3602
1574	4869
1847	4211
1710	5168
1541	5090
233	3170
1598	3169
348	1125
602	4714
348	994
330	3643
2720	3554
3017	4315
1237	5084
3922	4582
1375	3644
1047	1555
4161	4393
222	1710
2392	2749
1224	4738
881	5046
3802	4439
4789	5179
2158	4954
1555	5160
1710	2934
320	1669
77	4739
137	3888
1710	2231
1080	1230
2263	3627
1555	2953
3169	3736
2949	5020
1710	5233
1978	3413
260	2943
576	987
3016	4864
3937	4476
2078	3598
3572	4954
2582	3071
1585	4954
824	1736
14	1237
1080	1565
45	2896
1710	5124
2859	4285
2530	3668
357	1710
2579	4378
485	1571
3177	4608
2952	4967
1710	3554
3792	5035
1710	3323
1918	3638
381	2529
1757	4627
3217	4864
1928	5020
1565	1761
1907	4348
197	5133
92	2549
764	2612
744	4738
277	2956
1616	4412
1555	4825
1343	1944
1555	1909
2756	4073
2158	4861
1166	2031
875	5015
3109	3390
1723	2332
3644	4838
1710	4797
2859	4845
1710	4722
3169	3627
1555	4861
457	4473
1113	1237
348	3063
96	2910
2158	3491
897	2286
943	1736
2273	2293
18	2989
3624	5054
2020	2904
2017	4129
149	4864
92	2486
587	5025
580	1710
1411	2289
2327	2486
4178	4937
1381	3602
3683	3958
2685	4485
1127	2911
2069	5118
1237	2257
2179	4178
2653	3487
1710	4845
2432	4864
1666	2869
1577	2244
776	4864
329	3169
1022	3282
2579	4627
887	3176
1736	4864
3548	4699
2646	4327
2211	3306
1080	2540
18	2607
2709	4904
1151	2764
3169	4825
3856	4963
599	3834
144	1197
348	2327
644	2509
348	3877
2078	2263
1272	1710
697	2318
290	2158
2653	4071
1127	3554
3686	4193
1611	2231
566	2720
3883	4864
1609	2393
1867	4601
2633	5020
2936	4608
933	1555
2925	2989
18	1710
1710	5244
1609	4729
3593	3613
2471	4921
924	2573
936	5047
320	3108
1741	2823
3033	5179
3039	5176
1710	2382
1867	1965
907	1710
1710	4988
2936	2983
1209	2247
2158	2308
271	4171
320	2749
1555	4765
1710	2902
2486	3323
320	1596
1710	3844
1096	1758
1663	1741
18	881
119	316
750	4275
905	1022
496	3169
2039	2318
380	1127
2521	4825
1192	2452
2673	4178
3109	4159
1335	4478
2764	2989
1225	3718
2817	5068
3169	4422
423	4540
457	4101
2935	3169
994	4958
1532	3169
710	3644
3229	3651
1565	4789
764	2085
348	1942
1479	2109
2991	4475
1129	2817
91	4085
4139	5056
1680	4359
593	4608
1209	3008
1237	3534
3413	5054
3856	4706
4826	5054
3169	4993
155	3426
936	4785
213	2902
1710	3866
1479	4608
4207	4490
2679	5188
1531	1907
639	5015
2393	3641
129	2318
2482	2956
1127	3078
320	3378
257	2661
3498	4267
2452	5054
1465	2361
1138	2031
1878	3602
4120	4984
348	4954
2486	3519
3169	5110
1179	2195
2158	4257
3169	4061
1907	3169
1427	1779
1060	1179
1374	1555
2057	2977
4085	4207
98	3019
3008	3548
3240	3914
2225	3169
1342	1969
363	1057
3323	4168
105	1213
233	1768
1532	4567
766	1176
235	513
3169	3598
691	1447
1975	5025
1316	4168
859	1881
1255	1710
2904	4473
1021	3570
1710	4814
3417	3969
990	3257
1447	3214
3725	5047
3686	4938
1766	4646
489	2764
3101	4963
3834	4478
1022	2286
1710	2733
458	1197
1710	2446
4412	5118
4476	4800
1672	2486
277	2524
1447	1555
2418	3271
1224	3323
1209	3877
2603	4970
1710	3995
1257	2486
2402	3169
1555	4678
1710	4150
1646	1988
2318	3229
908	4071
2957	3323
972	2725
447	1827
744	2069
1157	1160
726	2936
1710	5047
457	4899
2562	4864
2481	3562
1710	4582
347	1349
1293	1511
3252	5054
589	5112
1411	3877
240	3078
3353	4911
2177	5099
471	1766
2603	2778
990	4714
1018	4899
98	2247
2653	4168
2211	3663
4608	4652
2432	2983
2158	3807
819	1347
2961	4600
2763	4921
1565	5020
2749	2927
1127	1766
1131	3987
766	3663
1237	2776
3170	4663
1555	3937
815	2756
292	3395
923	1710
3980	4275
2289	3562
1710	2540
2158	4814
77	2612
851	1710
367	1555
129	1555
1910	4207
3169	3336
2039	3169
600	3169
887	4993
1867	3278
96	3602
1103	3169
91	2486
3306	5188
456	1359
1609	1646
762	1800
1577	3599
4013	5025
2486	5205
1555	1609
1043	1279
446	1705
1757	2418
3263	4663
216	1807
2749	3487
4473	4864
1104	1969
1876	3169
1375	1995
2098	4714
265	5107
767	4554
928	3951
2157	3036
111	236
1710	2248
4135	4497
2069	4378
1780	4359
211	2720
1683	1710
739	4789
2318	4061
2486	2779
581	1270
943	1237
172	581
2612	2709
1710	2331
1710	3579
2674	2989
1138	1490
1571	3169
2916	3169
1545	4904
1270	1508
313	2485
1025	5056
1574	4600
2378	4864
905	5054
1710	4137
1565	3462
2708	5054
1226	3420
461	4689
2953	3592
2846	3213
4178	4277
341	4161
1780	3529
3261	5188
1555	3546
1108	4864
1710	4557
2429	4102
2207	4142
456	5095
1215	1565
1688	2720
2764	4085
582	4317
137	1455
581	1349
1104	5207
154	2289
3169	3469
3109	3572
299	4280
280	1555
1658	2486
608	5015
2700	3169
4013	4116
3628	5238
1447	3366
221	2966
447	3593
1104	3230
2582	3907
1780	3345
994	2749
2069	2109
2529	4315
1006	4614
2057	2902
172	1710
720	5181
96	473
2581	4663
693	5069
788	923
711	2603
154	4954
320	3530
303	4094
155	1889
1710	2185
258	1237
1274	4864
1911	4178
881	2989
2451	2608
1164	1710
216	2048
2434	2510
1735	3810
1338	2257
3390	4124
363	881
635	1206
740	4275
51	1907
2031	2393
1646	4224
2486	4841
589	2801
3213	3405
2486	4752
303	2519
4168	4970
1907	3108
92	1237
3644	4235
907	2357
1710	3812
676	748
2756	4476
2418	2653
1723	4013
19	213
2361	4348
1127	2327
2273	5187
816	1354
4316	5108
1047	1656
3425	3883
1907	3562
2609	3008
2540	3644
4864	5037
1710	3083
1710	2767
381	2357
516	1347
2290	5035
1758	2927
1658	3069
1585	3498
96	3403
3420	4211
1574	2064
2486	2892
157	3169
2263	5251
3278	3483
1342	4075
453	4153
4608	4765
1541	4257
953	1710
4973	5163
5026	5054
2211	4475
1710	3508
458	1342
608	1555
4439	4864
1741	4475
1080	1508
1766	2956
989	4280
2290	2587
1455	4331
1585	3411
2020	2425
2479	3257
720	2361
1710	3403
2158	5046
711	1758
3169	3213
1780	2869
320	2989
1490	3540
1585	3020
2417	3963
1726	2318
1506	2192
666	1043
2284	4280
1918	5208
440	1710
597	1206
1568	2749
1555	4224
600	2482
1609	2318
2656	4864
2255	3169
857	5118
3534	3644
157	277
599	3666
1224	1753
250	3019
2486	3670
1479	3332
1710	2700
1710	3449
2510	2709
236	1577
299	484
1735	4026
921	1508
77	2590
1039	1273
1032	1348
3353	4315
3643	5242
853	1299
1565	4168
1926	4051
2078	5219
544	4178
2749	3798
333	2708
2934	3291
1600	4814
379	2579
1919	5160
1456	4714
2902	4904
994	2020
2609	3134
288	2904
1710	2467
3785	4663
2473	3032
1741	4544
581	4412
1723	2158
2603	3261
127	1555
1555	2293
2020	3821
1565	2392
1237	3403
1335	4864
1721	2629
277	2673
582	4275
2158	4652
3570	4663
2012	2905
905	2870
2053	3362
1555	4066
4061	4930
347	2186
815	2536
898	3169
70	391
1942	1995
812	1758
2219	5107
1710	2813
1270	2109
70	91
320	3448
2158	3214
2764	4864
2653	3012
1878	2078
2158	2231
564	5188
2521	2648
3278	3353
713	4148
1919	5132
127	744
3078	4963
1780	4149
4055	4095
1348	4729
990	2520
1555	2708
3169	4704
348	2976
1710	3134
1025	2997
685	1710
1555	3038
2720	4572
975	3498
600	1555
2078	4904
2157	2775
2629	5118
2413	5031
543	4818
920	3038
235	3988
2961	4066
2934	4013
3000	4704
2211	3856
1723	3134
3670	4171
1710	2894
36	5127
154	1710
3169	3883
320	2279
1395	3169
3906	5042
3644	5179
973	4451
1555	2540
1006	1022
1757	3487
4116	5179
812	1710
3169	4575
1710	2045
111	3425
2482	4787
348	4623
1471	1565
1025	3888
489	2486
3169	4295
2207	3497
1237	2673
2382	3078
1736	1757
2211	4814
391	3277
2158	2318
414	1710
1846	4704
1481	3109
151	1555
244	1574
1237	1995
4608	5046
2749	2812
516	1574
1710	4636
1237	5208
513	4440
762	3627
615	2380
1710	1832
320	3393
1710	2722
2256	3627
362	1016
3169	3602
2936	2945
277	3177
2777	5176
363	2192
635	2653
1758	1780
1697	3078
3169	3862
2764	4981
3425	3807
3353	4495
1245	2239
3169	3495
5076	5112
1225	1447
989	3618
581	1060
2211	4676
2856	3143
134	859
1555	3683
91	3308
4930	5126
2007	3025
1043	4116
1427	3169
2361	3229
1076	4582
2518	5076
2520	3689
1710	4777
3094	3169
127	1022
446	1907
1565	3122
2113	4729
2935	3573
2486	2661
1732	5015
2700	2945
1555	2936
281	1831
554	1666
3169	4954
2653	3323
1636	4412
4026	4864
782	2797
385	1237
1555	2308
941	1758
1179	2186
1585	1958
2381	4130
2886	3643
744	4295
1758	1766
1710	2549
1710	3683
990	5118
320	3856
2293	3169
3012	3554
908	4066
910	4148
2653	4567
1411	4899
2919	4935
417	1166
1197	1846
2211	4171
320	2679
901	2418
581	1627
1741	4168
1555	2935
1116	2318
301	1907
934	4981
2679	4171
869	1455
216	1919
4143	4178
1710	2381
767	3214
2244	3644
1721	4864
2455	5130
96	3277
549	4224
920	3529
643	3025
2767	4102
1237	4417
3613	4608
764	2128
1907	3448
277	294
1309	5131
666	4967
907	2318
2393	3907
348	1044
933	2293
2273	3593
819	3540
1479	2742
3169	4469
3085	4478
2957	3635
2039	2417
1293	3969
2417	2915
2105	2749
1206	2054
2458	3969
635	1907
4098	4348
1753	5206
1070	2750
2249	4921
901	3821
1566	3088
271	928
975	2417
2902	3906
1710	5235
45	2777
3109	5015
1646	4841
1541	3598
3078	4149
2653	3901
1758	3122
2608	3736
275	2239
91	2244
946	2341
273	3411
3821	5188
1068	2673
3598	4649
154	393
4497	4651
1206	3856
2242	3345
1047	4275
1179	3169
3922	4272
2952	3169
1710	4498
649	4572
1379	1585
3572	4967
578	1720
1710	3627
4275	4306
1138	4608
1565	3164
1758	2944
2679	4178
1808	3169
1878	3627
381	2381
1708	4222
2653	2901
127	2393
299	2587
1104	2458
228	1347
464	1710
1723	4224
621	2157
3475	4171
1803	4809
91	4220
2485	5242
934	1766
1710	3419
858	1157
550	901
149	2211
3644	4315
137	4571
570	2236
907	2381
1918	4159
1036	1127
2767	4714
1741	2579
3462	3498
211	2380
1455	4285
1273	2222
1574	4327
1758	1846
1565	2973
220	4275
2695	5187
1708	3194
228	1653
3860	3861
105	4663
2158	2764
1710	4815
1236	3965
1577	3957
1710	3289
91	990
3078	3808
2060	3951
2207	4663
439	1710
4124	4575
1274	2368
3710	4973
589	3627
1710	4974
1651	3213
2573	5054
2952	4222
381	4841
2801	4317
4235	5224
551	1565
2486	2663
3877	5054
1870	2211
2273	3289
1878	3893
2749	3072
92	134
1455	2777
2665	4809
746	3169
1669	3352
1780	4714
3326	5150
1710	2541
748	2420
1116	2158
1721	4275
581	3810
1710	3214
1646	4729
2211	4023
4171	4439
1757	2764
3169	4806
4178	4267
1758	4152
1420	4814
275	1161
92	4418
1096	4864
60	3169
1021	4275
1555	4013
1080	3332
1237	3932
129	1710
228	3651
4178	4293
1965	4845
2709	3487
457	3169
1602	2318
3257	3987
229	4963
1780	4378
1041	1710
2633	3988
1531	4471
1588	3790
1690	3015
1300	4921
907	3169
1710	3602
2653	3483
881	1338
1088	1237
1710	4670
578	1588
471	2509
2381	2529
484	3169
2957	3893
716	5018
1427	2814
1206	3323
2653	3988
1102	1555
1157	3628
1710	3413
381	1555
2417	4148
1710	2974
907	2953
2158	2915
2653	3798
985	1080
163	1021
154	4124
2582	4864
871	1224
2486	3020
833	2709
1565	2479
1758	4317
3627	5254
1695	2801
1705	5020
1127	1821
951	3733
154	1708
1047	2749
391	578
1710	3914
605	2318
1176	1577
1206	1585
1293	4222
77	1148
1374	4663
3627	5076
2275	2976
244	4061
2673	4526
4129	4274
3169	3190
907	3019
60	89
2113	2515
464	5054
149	1565
1758	3487
857	4752
2223	3651
1779	2808
320	788
1953	3169
871	2547
1710	2542
240	4841
1965	4199
1007	1736
1565	4275
3169	3403
941	4864
2653	3873
381	848
3240	5025
599	2486
2749	3498
3426	5238
2318	3963
563	1710
1878	2612
18	1381
582	1565
4129	4393
2432	4178
1381	5244
1710	2846
2633	2717
320	1434
3559	3988
2824	4963
941	1757
1233	3169
290	3834
4615	5069
277	1104
3710	5094
2915	3570
1555	3421
1555	4930
676	2904
615	1571
1710	1765
37	2486
1668	4752
1348	2582
1104	2673
1237	4085
1080	4575
1723	1907
516	1483
2709	3323
3169	3735
3019	5213
294	4864
653	3618
1705	4930
382	2020
1735	5067
1889	3002
279	1555
4217	4787
3644	4068
2222	4178
453	3834
1393	3421
1338	1996
2749	3976
2045	4785
643	1710
1237	2054
1048	3169
1354	1781
1710	3577
461	3834
1455	2859
716	2486
2633	3396
602	1918
1272	3976
616	3877
2554	3310
1803	5134
965	1710
4412	4752
1206	3345
1758	3126
2582	2653
2648	3169
3736	4972
1710	3224
489	4267
1261	1758
96	4963
2192	3413
2420	3821
2089	4274
631	2520
92	1821
1710	5132
2452	3803
489	776
122	4304
4066	5123
858	2158
1807	3353
920	1182
662	1710
2155	4216
4098	4930
2211	4921
1672	3169
1072	5126
163	2869
4851	5069
4378	5054
2288	4930
1710	4963
80	1710
1555	3411
110	1944
446	1710
857	2109
1867	2020
348	2349
1274	3807
1697	2673
233	4178
3625	4178
333	4178
2817	3396
2936	4891
2130	3169
270	2957
1710	3225
1741	4623
92	5132
1565	3452
1710	2104
1411	2708
1710	3402
3907	5124
1710	2428
157	662
1082	4275
665	1043
2113	4608
3244	4864
779	2673
1690	4232
2486	3038
2486	4825
257	3169
1995	3807
928	3445
1984	2817
1723	2452
2290	3169
1555	4608
3643	4738
1080	2976
788	4899
457	1919
4930	5196
4178	4478
1431	4171
294	2448
461	3498
2078	2709
729	4171
1080	2916
2554	3668
881	3001
1108	2153
2957	3473
812	3548
946	4378
916	4938
580	2211
1138	3451
1555	5112
4993	5066
594	3169
1710	2665
1710	5030
2207	4306
235	2482
2110	4864
3275	3888
1942	2653
3749	4478
381	4663
1710	2903
2663	4193
1237	4855
1447	4542
1710	2273
1710	2554
316	5025
946	3643
852	1710
1545	1758
764	2709
716	2039
1697	3449
549	1721
921	1919
157	4575
581	4171
457	581
1710	5176
1096	1710
1179	1741
96	4663
3813	4275
320	2327
281	4378
2486	3246
102	4178
1555	3807
1237	1588
2417	4473
662	1736
1104	3069
333	3877
582	4267
447	1741
1347	3540
1359	2529
348	4700
525	3675
4899	5188
1541	2902
1237	4171
163	3710
667	744
244	2902
1545	1565
2673	3278
70	1227
869	5056
635	2211
228	819
3250	5196
697	2373
2756	3736
4171	4572
1710	4581
1274	4275
1365	4759
1191	4047
1173	1710
453	489
2542	3548
1710	2293
4402	4814
4178	4958
1710	2619
1710	2748
2247	3739
176	1447
92	4220
1206	4678
1666	1919
91	3038
1465	4135
2533	4608
1253	4148
1555	3289
1206	4013
878	1359
3169	3520
3086	3101
1710	4019
1753	3017
748	2540
234	3988
2039	3372
4378	4669
103	4526
119	1658
679	1710
1370	2308
4304	5179
1206	2949
934	1636
4117	4904
1594	3334
1710	5040
1555	2608
1758	3153
1182	1741
1064	4575
4274	4393
2109	3562
1348	4402
2870	5133
1076	2211
2487	5054
96	445
3426	3628
300	4171
4171	4855
481	749
672	4171
1447	5025
2612	2902
1495	5094
905	3877
1710	4324
744	1585
1907	2105
2078	2352
2420	4480
875	4608
2817	3512
2318	4825
1080	1316
77	1299
4954	5015
81	1351
381	907
3498	4107
1710	3097
2509	3593
1541	2078
51	4815
1494	4068
317	1656
333	2779
1237	1879
651	2380
77	2734
735	1710
2549	3323
2211	3729
1710	3120
423	3291
2814	3475
111	901
2135	2771
1138	1723
1710	5099
4307	4714
2113	2765
1565	3102
2486	3635
1726	2393
2653	5054
338	3548
103	2757
1753	5238
1710	2962
1274	1362
852	1656
1447	3675
1281	1710
2024	5133
1907	5163
2521	5054
909	1080
2673	3240
2380	3628
2720	5101
3289	4280
4704	5018
1163	1455
1370	1710
2550	2957
1758	3593
213	2236
320	4660
1508	2679
2158	3546
2749	5163
326	1853
3278	3821
1710	4429
3143	3169
1127	2520
3473	3651
3883	5054
448	3153
1684	1931
3078	5188
2976	3326
374	4267
2457	4081
1185	3120
2231	4408
906	1710
359	1283
1338	2393
2003	3169
2756	3019
2735	4278
234	550
1710	2650
693	4554
931	2904
1086	4102
453	2934
4178	4870
1710	2590
445	4894
77	4117
965	1636
4178	4776
280	2104
1617	3558
2725	4789
3951	4295
2304	4476
2742	3169
348	5108
1710	3229
1803	5054
4898	5054
943	1531
693	4575
163	2499
1047	2642
1822	3169
1047	1753
294	4663
665	1710
4841	4902
674	1793
1710	2166
1585	4945
1309	4533
599	2326
3177	3643
1125	1577
1656	4071
872	1834
175	2318
457	2165
2646	5069
1710	2607
241	1206
931	4988
1342	3519
332	1338
3025	5133
1314	3169
2915	3643
3169	4945
1127	3641
1127	1753
1470	1710
1616	3982
3572	3644
1006	1127
2110	4740
2673	3487
2700	2749
878	1204
129	1506
989	3969
4050	5054
1506	3877
96	4781
1555	1989
366	4539
906	3278
2069	2224
356	2679
1481	3038
600	1710
3261	4163
589	3001
881	4263
1555	2392
92	1710
1710	2339
1531	4608
1736	4294
2540	2909
1138	3710
92	2767
4171	5188
213	2680
3834	4075
1824	2211
2449	4987
897	1710
1370	3893
711	1870
2866	4864
4801	5054
4930	5224
359	1483
2256	2612
1758	5184
1710	2036
2705	4195
1807	5159
2653	4177
1970	5123
1105	3548
92	3277
3877	4050
1338	2318
1710	3966
277	3025
1757	2479
990	3689
3038	4295
1708	3572
3109	4963
1322	4171
2393	4864
320	4178
1348	2708
4275	5054
198	643
481	750
1965	2859
2991	4996
1627	1919
92	4714
36	275
878	4075
1555	1995
2486	3593
213	3627
931	2357
550	4275
1455	1824
853	3256
549	800
2752	2919
1710	3534
854	2749
600	1022
2486	5118
915	1710
127	1138
1237	4671
1710	3271
3997	4864
154	2158
2332	4785
3078	4864
2486	4295
1606	3169
277	3170
1447	4663
1131	3917
1758	2093
2289	4018
1293	4418
955	3169
1016	1984
4714	4744
2223	3627
2031	3520
2653	3399
2318	4789
1617	2709
173	5025
1391	1710
2757	4476
1594	1710
80	2420
1420	3169
566	1723
1780	4612
1021	2603
615	2608
799	4608
920	5067
739	3170
3810	4412
566	2361
1653	4864
4497	5196
3705	3708
320	3123
234	1697
1531	2648
576	2520
615	1206
1036	4490
766	2915
3633	4316
3847	4601
4178	4287
4194	4275
651	1889
1907	4142
3169	3421
77	3487
1179	1627
3169	4596
615	3736
635	4864
45	176
2211	3641
2802	4552
1237	4539
3473	3807
1710	3345
3169	4582
2192	4575
1123	1710
1710	4247
1141	4315
1958	2486
316	3069
2418	2673
1710	4102
4222	5132
1656	1836
1710	4480
3085	4981
828	2089
1710	4937
45	1710
1782	2673
830	2110
759	4988
1710	3322
1695	5112
989	2579
1710	2989
2756	4663
320	597
2157	2902
1237	4412
320	4775
1209	4171
2653	3170
3487	4552
2757	4018
1210	4178
2869	4412
320	3462
1710	1965
4275	4480
905	1574
481	1710
2158	2765
1705	5094
172	3810
804	2244
1656	1860
2896	3039
1710	2508
2717	3562
1577	3019
1531	4200
665	4864
1210	2756
718	4615
928	2529
1577	3261
4627	4669
1577	4740
2823	3570
2211	3837
94	5054
4608	4714
440	764
1293	2318
2031	2113
3588	4567
1277	4864
3025	3169
265	4969
348	2897
70	600
3644	5132
3371	3569
3602	4552
1710	1721
320	4822
4554	5009
549	4327
221	2720
1237	2663
2481	3803
2380	3426
260	1680
3131	4491
4263	4582
4800	5054
1878	2902
1338	3963
3448	4478
3663	4706
92	1224
1206	1354
96	1163
886	1710
309	2247
462	4439
833	1878
320	3932
2032	5130
453	3169
277	3372
111	4275
1555	2031
3078	4075
4320	4752
1656	2418
1758	4117
1197	3807
1710	4824
2207	5163
2278	4704
1127	3267
1710	2573
2263	5076
4739	4841
1447	3522
1723	4164
729	3987
819	1942
2192	4934
1652	5054
2633	5244
2128	5251
1602	3963
2542	4554
977	1758
235	1780
1447	3873
3169	4124
1483	2040
2158	4066
2673	2949
1353	1878
3169	3963
1555	4864
1237	3229
2332	4257
720	4026
2104	2902
1710	4044
3109	4734
2653	2945
1684	2894
2153	4533
1656	3078
1237	3924
1710	4042
597	1758
672	4178
1942	2603
1179	1349
3740	4139
4220	4714
157	1237
2756	3631
2318	4608
2418	3644
1555	4935
3097	3470
635	1757
3271	3548
244	3627
727	4166
713	1431
631	1007
1710	2149
2275	4142
566	4601
1777	4809
277	2950
1127	5042
448	2486
320	4938
359	4776
795	1555
2515	5133
740	4864
2239	5018
1710	2020
3877	4395
2318	2656
320	3710
1710	2093
1710	4473
19	3710
1152	2612
776	923
1710	5206
4066	4608
946	3644
3807	4315
1131	3169
2339	4864
2275	4403
2282	2432
299	4663
2529	3473
1096	4540
1165	1773
597	5054
1124	3426
3601	3675
3169	3987
359	2665
1710	4355
213	2078
3144	3792
3475	4663
566	4087
456	4869
236	4235
1710	2655
1338	1348
795	4706
2020	3593
2395	2673
1555	3613
2869	3323
1237	3415
2020	2765
2211	2989
2039	3914
913	1447
2207	4174
1651	2450
1600	2318
1206	4168
134	989
2914	5020
1127	1807
1420	2515
1626	4864
1137	4838
2318	5046
279	4899
593	1138
2653	3308
4116	5054
3668	3688
176	2685
1047	1710
2381	3807
1447	2749
1434	4973
246	3169
1970	2764
1108	3169
1555	3488
1710	4904
1708	3837
965	2486
1060	2186
2991	4023
2486	3069
2486	4315
4071	4275
973	3362
946	1636
2318	4417
393	2211
4752	5118
173	2673
2655	3705
96	3123
96	1807
1710	2944
1710	4709
651	1808
1555	4103
2219	3323
1577	5025
2451	3144
608	4729
3065	4860
909	5054
1617	2653
3548	5130
766	2247
3491	4608
1270	1349
2057	3945
631	1870
1766	2608
316	1237
3372	5207
3353	4663
2393	3546
1663	5067
2749	4263
1735	3593
2081	3278
1652	1710
1710	3251
5130	5179
1837	3278
4075	4429
2749	4117
1881	1928
4417	4608
1907	2989
1793	4050
3109	4954
453	3240
1710	3366
1710	3438
1710	3051
905	1166
3038	3790
3768	5031
18	3323
994	2653
608	4722
1080	3177
2225	3213
1710	4161
320	3848
1758	4263
163	3310
1237	1269
320	776
2713	4921
3019	4130
356	2368
4904	5112
3862	4864
1565	3615
842	3169
381	2956
3144	4124
910	2093
1585	5198
2935	4171
2777	3613
1732	2158
990	3402
3420	4921
901	1484
92	4124
2498	4222
733	3078
497	1690
1317	1368
1710	3034
1918	3109
5238	5242
612	1710
1508	5069
4171	5252
1577	2725
2066	5035
1043	1710
3906	4178
819	1555
462	1710
676	4171
615	2533
2897	3644
3976	4963
940	5054
2308	3281
1274	4497
1075	4393
2653	2927
1588	1780
3169	5001
393	2289
1995	2158
96	3942
2612	3169
2380	3614
3169	3683
1907	3643
908	1574
2763	4864
1965	4285
2078	5076
452	2573
127	4864
1969	3169
96	2039
1758	3856
1822	2318
1710	2579
1257	3218
2653	2949
1594	3403
1710	5200
77	4921
635	2673
4178	5157
3038	5118
1455	4787
1710	3015
566	1014
11	1541
144	3169
1555	5179
946	3598
670	4178
3255	4627
2653	4678
417	4608
600	2158
2673	4594
1574	2089
275	1870
1471	2749
1577	3278
4714	4930
2679	3644
1126	2352
1490	2757
134	1047
1710	2728
2870	4315
1347	1942
212	1555
1348	2393
3262	4257
871	3219
2244	4838
989	1780
3039	4864
4110	4408
602	2486
1047	1206
3109	3644
1349	2186
281	3917
2085	3392
1710	4561
320	1841
1427	4540
299	2919
940	1555
393	4575
2524	3627
2916	3278
1710	3865
1413	2653
931	1931
552	1420
941	5020
4066	4116
359	1273
1710	3218
2717	4295
149	4327
2318	4652
141	1206
3291	4295
2901	4973
1336	2749
2663	5132
3512	5127
1348	4615
1574	3547
2486	3792
4041	4050
1465	3426
1710	1951
2247	3792
602	4159
1710	4194
818	1710
453	934
2956	3740
3643	3917
322	4706
2361	5046
127	3169
2078	3977
602	3572
1237	3153
759	4855
44	2486
3851	3988
718	4938
578	1710
871	3169
1545	4864
550	4331
1511	2486
2934	4475
2339	5025
1405	1656
940	1524
141	235
1606	1710
356	3169
2886	3641
989	4714
1138	1602
1652	3602
1608	2451
2653	3462
330	3213
2749	3462
2734	3278
1237	3091
1029	1710
1656	3785
1710	5178
2919	3257
1555	4824
260	3135
4267	5184
1555	2976
2327	4719
3194	4412
1710	4732
2349	2486
1531	5207
596	1710
1647	3834
662	3420
1627	4480
1723	2451
2158	2293
410	3169
1223	3588
2128	2680
2665	3213
4542	4663
260	543
2420	3400
3169	4781
943	4440
2988	3456
1965	5176
1647	3169
674	2211
727	2211
1022	3651
2207	4071
453	1846
1274	4651
213	3990
2787	4894
2109	2486
3198	3257
1455	4738
122	1710
1080	4714
1710	4701
1918	4954
693	2368
5025	5184
886	2665
2749	4071
3109	4738
1836	2653
3077	3169
1541	1710
1758	4926
129	1600
280	581
1574	4540
1710	4108
1757	2582
2573	5094
3306	4148
1270	5118
810	5207
1887	4951
881	1636
1565	3173
1739	3169
2633	4348
1656	3462
1710	4747
3306	4275
290	1907
1918	4171
1565	2418
595	1237
1710	5070
3529	4378
2646	2771
5133	5250
656	1710
2801	4904
1656	2653
235	994
662	2318
4785	5082
3877	4041
1113	2856
1237	3906
2089	5228
875	2313
905	1646
2776	3169
2901	3169
2956	4663
1611	2643
3169	4287
320	1403
3169	4818
92	2069
719	1290
4207	4572
1841	2525
1240	3169
1710	2557
493	4855
366	1127
101	320
55	5020
1766	4199
3169	3888
881	4714
1293	2158
1283	2765
2904	5188
1276	5042
693	3793
3326	3411
1942	3739
3169	4307
2486	4615
1080	2389
1574	2040
2089	3548
654	2976
1710	2427
815	1574
37	1741
4673	4936
3580	5068
2032	3177
1127	1647
2976	3613
2764	2776
1988	4402
2192	2945
910	4864
138	4973
1179	3810
342	656
1086	1237
1695	2510
1082	1710
2895	4412
440	2902
1036	4321
417	4838
127	3214
2452	2485
1627	5132
2510	2761
639	1710
2904	4948
871	3833
1984	3512
1239	1710
766	2418
3278	4440
2069	2934
91	989
3146	3668
1532	3097
1663	3914
3417	4714
365	3261
1988	3169
478	2709
2685	5156
2540	2708
871	4738
1780	4085
2192	3877
2286	2499
5054	5090
1710	2869
2211	4168
1182	3601
1197	1893
3282	3710
271	3686
2515	4814
2486	2579
1565	3425
277	4810
1064	2673
2158	3570
1124	1820
762	2902
1107	2767
943	2829
1565	2901
70	4116
2673	5108
447	920
163	3282
3733	4469
2846	3906
1447	2974
795	4275
2211	3967
5037	5067
447	3240
2318	3038
2765	5244
2219	2767
2093	4864
1206	4166
105	2756
2603	5184
4951	4973
1531	1585
53	81
1555	5054
720	3675
908	2486
94	1710
920	2486
639	2486
1129	4171
631	3466
2318	2897
2705	4575
2020	2751
1565	1942
693	713
320	1176
2012	2318
1710	3855
693	1508
1710	5046
589	2078
2247	2553
3588	5054
920	5160
4275	4475
2708	3632
552	1723
1710	3386
2179	4174
281	1996
105	3169
271	2089
2158	3001
1657	3593
2211	4194
1237	3475
2542	4041
3109	5126
2609	2904
853	2869
1870	2304
1757	1860
525	4412
1065	1710
457	1060
1882	3651
759	2293
2656	2749
1574	2039
4482	4592
1506	1646
275	362
373	1237
1710	1757
589	758
635	4267
2720	3131
994	2757
859	2451
1104	1531
597	3907
1606	3281
3169	5054
2464	3169
3169	5150
255	1508
946	2359
1025	1710
1758	3864
1741	5067
1710	2420
3169	3244
1060	1741
3169	4044
1807	3292
3125	3169
1710	3087
1710	2652
2749	2945
1338	1420
1273	2313
236	3129
897	3530
177	2665
1555	2039
697	5179
177	3977
3169	4957
1070	2817
2633	3134
1907	4970
1237	4669
920	3601
711	2875
129	593
3790	4041
1105	5242
1011	1057
3987	5179
2653	3426
2896	4845
1588	3877
172	1179
119	1070
2515	4402
1555	4166
920	1481
1942	4864
2417	5180
70	4085
1237	2764
2553	3710
1710	4976
2389	4469
456	3129
1710	1915
316	2661
1970	2486
91	3169
1663	3601
1663	3240
711	2486
175	1074
1565	2674
1522	4689
3988	4714
1720	2486
2318	3214
1710	1852
1068	1544
777	2542
4135	5156
525	3601
2934	2976
799	2318
320	635
2417	2934
2848	4663
316	1577
1370	1878
177	2158
1758	2734
2420	3420
2231	3169
881	1656
931	3123
2612	4592
2653	4480
4178	4273
859	1995
3169	4201
1988	4275
417	1138
1531	3988
1184	4178
748	2318
4026	5062
1741	4814
1710	2771
1571	3353
662	2089
1739	4440
2164	3643
600	776
788	3255
2089	4129
943	1697
1270	4752
1148	1710
1650	5235
1577	4224
2024	4861
1931	2894
928	4427
1565	4612
1577	3306
1780	2603
235	1064
3426	4135
1070	1237
897	3282
2541	3426
1942	4471
1650	4855
675	1710
1393	2756
1758	4627
2293	4864
4163	4166
1192	4945
3169	4628
3683	4608
244	2078
1710	2401
138	3124
1656	2901
2926	5069
860	2164
698	2275
3052	4864
907	1555
599	1697
96	2518
4153	4714
2158	4061
2519	4554
473	3455
1970	2318
1025	2370
3163	3353
2321	4280
3858	4984
1024	1710
96	463
92	2520
18	1187
1702	2587
1710	3764
489	4153
1736	3016
1182	4526
379	2673
91	3618
4281	4608
1578	2673
639	3257
1447	3261
4460	4963
1710	3872
244	1166
1803	4345
975	4497
2225	2420
4042	4178
1522	2135
3025	3689
693	1577
1741	3624
2934	5020
2665	4479
2393	4608
1915	2673
2177	3169
2361	5020
2269	4226
1230	2158
4178	4843
2646	4171
693	1333
908	1970
1758	5130
1522	3019
990	4220
394	1555
990	4378
70	4378
1241	4378
166	4608
1070	1685
484	4575
2765	3001
447	1481
1647	2477
3205	5101
445	853
300	1710
3153	3562
2020	4171
1555	3077
2910	3907
3169	4776
1577	3303
642	1057
1197	3000
1531	1606
3169	3322
3091	5132
2158	2708
516	819
1338	3438
2158	4417
2299	4178
96	3558
827	3019
2846	3015
1656	2914
2673	3710
4178	4822
920	2673
3169	5026
373	1710
381	1710
621	4775
244	2192
260	3219
842	1541
3000	4166
654	3078
2211	4306
2481	3628
576	5054
2886	4706
3015	3323
1710	3798
457	906
1710	3862
2256	5112
1574	5167
1364	2275
445	3169
2976	4119
1127	2219
1327	1807
2223	5054
96	4977
2278	3471
655	3169
1710	4522
1555	3146
3372	4140
3982	4864
2054	3169
827	3473
4116	4954
362	1138
1511	4669
2604	2775
1113	3109
631	5020
4810	5062
2934	4124
2509	3483
1834	5127
1736	4459
275	5130
1379	2158
3120	4378
3122	4864
3966	4275
92	4738
1068	1710
907	1684
135	3169
3169	4471
2779	4864
1379	2318
1710	2956
587	1758
3308	3834
1064	1206
1970	2192
1710	3183
595	4608
848	903
2064	3169
1710	1942
92	1127
1176	2653
587	2277
1151	1938
639	748
739	4281
275	1969
2486	2750
1166	3963
1710	2227
2720	4294
2582	3834
1792	4497
1889	5156
445	1574
142	1555
1082	2064
2945	4864
3278	4168
693	1316
4345	5047
288	4601
2904	4988
3169	3392
1423	2211
1710	1870
1555	3877
3267	4102
1995	2897
141	2653
1710	1958
815	1213
1577	4018
4267	4973
713	921
2728	4275
2451	4714
2824	4970
927	2749
860	2275
1511	2192
2345	3169
4738	4954
3963	4608
4102	5107
2007	2318
3169	4480
485	3548
1708	4107
972	4789
1127	2633
163	2607
1338	1600
1710	4107
1780	1881
1708	3792
1608	5056
3173	3473
2368	4869
1647	3603
1273	3888
4984	5250
1807	4810
1710	3988
1237	2735
672	4490
1697	5056
1710	3656
1277	4263
1685	2486
624	3280
228	2889
1878	2802
2752	4963
1555	3795
110	2857
1555	2765
166	726
184	943
2357	3425
549	2158
859	2164
1273	3169
602	4930
77	3589
4282	4864
2316	3795
4709	4970
3725	4785
478	2157
2113	4124
320	4148
719	1650
3198	4738
4177	4864
3000	4478
2582	4275
928	2935
4479	4776
1710	4914
1276	1878
127	1585
37	348
2767	4864
1710	3581
2622	4676
762	2211
3593	4412
1710	4174
320	2286
379	3267
1438	3686
2990	4393
2486	4153
2673	3250
649	2321
1125	3366
3169	3491
3987	4970
3153	5025
3361	4140
2089	3644
1531	2158
2275	5132
639	1237
881	908
727	3513
1710	3261
881	5130
1555	5213
1565	4967
1577	5124
391	3038
4814	4864
1710	2395
2602	4864
1741	4582
1555	2870
916	5179
1566	1870
795	2020
1017	2345
1137	1481
4663	4930
1290	3169
1411	4471
1237	4318
1710	4766
2817	5127
92	2757
1276	2612
2777	5150
111	3278
1222	1710
271	2823
1807	2579
2211	4263
1574	5063
975	1710
3644	5224
320	1047
4627	4864
2318	3613
1773	3413
901	1455
1656	1778
161	4178
2096	4178
1710	2789
666	1279
1741	3848
3307	4275
922	1741
1270	5160
2903	3837
1710	3888
144	1555
1627	4864
417	2031
1741	4061
3278	5184
1209	2211
1348	4930
2916	3877
1107	4102
317	2653
1710	5121
593	1646
70	1511
855	1113
3883	4359
3705	4051
1555	5150
96	4101
1293	2286
2192	3070
2510	3701
598	1574
410	1457
1710	2040
1658	3111
581	1919
363	2211
1555	3177
1483	1777
989	3078
320	5025
2393	4402
3323	4838
348	2293
635	2603
457	1227
3613	4223
2457	2936
1060	5062
96	381
3598	5042
4317	5054
1879	2158
1710	3257
3602	5092
2579	4714
1710	4700
105	2536
600	3803
2591	4178
1070	2486
1735	1741
958	1710
989	1086
213	2977
1807	4060
333	2859
233	975
1165	1710
2060	3771
2286	5188
1710	3391
920	4412
92	859
2801	4178
277	4947
1140	1710
1237	1413
1657	3512
1929	5054
1646	4988
1127	2705
2486	5179
260	719
1705	2026
313	2685
1984	5127
229	1555
1723	3326
4220	5025
320	2582
320	2768
3169	3396
921	2579
2318	2608
1025	1777
1494	1555
172	1349
1710	2319
1574	4542
3078	4533
3012	4993
1919	4412
277	819
1777	5151
320	2432
348	1944
759	1931
258	4706
1060	1735
1423	4973
249	1710
3403	4071
1732	2486
3169	4185
2064	3366
3078	4378
96	4835
2211	4646
2608	4608
1627	5062
3807	4026
1086	3267
1457	1532
2277	2673
2158	4663
1710	4754
222	884
1588	4304
119	1342
1710	4140
3169	3928
458	2756
2452	2642
244	2765
1710	1807
445	4306
1710	5093
4066	5015
4171	4220
720	1179
329	1565
3462	4263
1338	4402
3928	4044
1511	2916
1710	3267
597	1237
3668	5185
649	1710
320	456
294	1697
320	2735
1447	3872
446	1555
2393	2515
748	3420
4066	4403
635	1127
1176	3618
1349	1666
1710	4257
1368	2012
320	908
1353	5235
1277	1565
1677	2957
720	1710
3498	5054
1870	3255
1166	1609
2211	4770
2024	4970
3472	3718
2950	2956
240	872
764	2057
631	3038
1657	1984
1541	2977
1290	4148
2247	4263
1007	3353
2945	3756
1741	3448
2158	2976
3109	5208
718	1779
1237	2540
1427	4116
1366	2020
233	480
1555	3449
3456	3644
54	1945
2892	4378
816	3012
473	3023
110	3614
1494	1723
1237	1511
2633	4491
1571	2673
913	1710
852	3134
4319	5054
4478	5018
1780	2549
1710	1753
1127	1976
3123	3169
3169	4539
1272	4963
1127	2859
1146	1349
2607	4275
1653	2889
453	776
453	4864
4345	4785
1064	1710
643	2935
2318	2393
1555	3651
1938	4275
2304	3278
2976	3807
3651	5035
2241	3169
2486	4539
4171	5054
1285	1431
2520	3749
1710	2720
1165	2653
1447	3019
946	1237
1780	4116
4102	4714
3624	5025
1511	1710
1237	2897
1697	3462
18	471
3740	4429
2734	4178
1447	5011
1525	4864
2892	4178
1274	3264
2158	3025
1270	4864
1113	2936
3	2857
92	4838
642	5025
4864	4930
2031	4729
1338	1506
5054	5089
1710	2779
858	1345
2020	2382
96	4860
595	2318
1780	3749
2653	3000
2451	3017
2729	4602
2692	4178
18	662
713	4947
1710	3256
1566	1710
1710	5242
1403	3291
1082	1237
1870	4168
1708	5242
1072	2158
1710	2891
3169	3803
303	3834
3353	4554
672	4207
14	4295
1638	4171
45	5176
3025	4207
2012	4608
461	3291
3323	4418
1710	2546
2519	3361
2756	2953
1878	5251
277	2848
1457	3588
1989	2318
990	1918
2895	5160
1237	4019
1497	1710
2486	4207
1353	3906
2609	3169
457	4026
1608	3988
471	1757
1237	4013
2728	4467
2352	2801
1780	4608
2313	2370
154	1080
320	5068
342	2231
362	3512
129	549
2248	2284
1531	3559
1495	3229
1364	1710
739	1907
1176	2486
2211	3976
2158	3071
2104	3169
2573	3821
1206	5219
906	4487
2486	5025
3592	4166
2836	3548
1080	3383
91	2069
2158	2717
716	934
2113	3546
1127	1362
320	2945
3169	3540
166	1918
2869	3169
1710	4412
1209	5069
1758	2219
525	2777
764	2222
1660	3177
871	3198
1720	3644
2158	3169
1285	1926
393	5181
2936	4471
4608	4861
1910	4572
1511	4627
3146	3169
92	3425
1647	4148
1710	4345
166	2936
1522	1779
1652	2802
2750	5132
1765	3558
1757	3120
1710	3466
989	2520
348	3628
58	4864
1197	4207
363	722
869	1127
2756	2991
1710	4073
1036	4572
92	393
905	2936
1070	5127
1107	2477
711	4267
2040	2482
36	4948
3733	4348
1018	2520
1565	1640
1225	3651
1995	2477
2260	3169
1107	1970
2549	4235
1366	4973
650	2289
320	3352
2327	4171
357	3078
1617	4348
934	3078
4267	4615
1360	3278
599	2718
1555	3052
697	1555
1204	1455
2983	3278
2211	4164
1009	3656
2361	2457
1381	2919
1741	5179
1889	2685
566	4178
3169	4137
1710	2277
2529	4026
908	1995
236	4838
3108	3169
764	4904
1537	1710
1658	3078
693	1338
1144	1710
1710	2203
1481	5067
18	711
4914	5042
989	1338
92	3969
1237	2750
2934	3856
2024	2653
2660	2957
320	1423
1710	5224
2709	3651
2673	3120
1710	3799
1293	4178
788	3280
81	3169
235	1555
1723	4814
713	2425
2158	4777
739	3570
2247	3710
367	3169
2137	4178
934	4267
913	1127
1656	2700
260	2733
80	2128
2777	3039
91	4378
2536	3054
458	1565
1125	4864
1359	2273
827	2756
1361	1758
270	5134
3306	4178
2158	3229
3169	5178
2289	2533
2263	5112
2042	4628
1832	3466
3000	3976
599	934
1980	5030
149	3461
4171	4864
1297	1555
441	4864
2368	3264
1758	4967
924	4973
1327	4738
1971	4776
3213	3598
2536	2540
2653	5018
1237	4042
280	3169
5042	5076
348	2916
463	4663
965	4159
329	4142
733	5250
341	461
1129	1984
1705	2286
1710	4968
1348	1710
2587	4171
1788	3924
713	3306
277	4540
3275	3420
258	2957
3588	4864
145	1666
908	1070
940	3291
277	5056
4439	4958
1710	4177
371	4068
1710	2871
2211	5197
197	1445
1710	4497
786	3169
1741	3291
92	2457
907	4663
1620	4085
1237	2519
2003	4267
2318	3025
2547	3097
3602	3995
3169	4281
3273	5185
1025	3718
1780	3091
3641	4864
943	1710
1652	3644
726	2318
1907	4378
729	4225
881	1206
141	599
2797	5207
45	525
1225	3169
2916	4608
1338	1688
2934	3740
1710	1839
931	1166
2056	4963
3644	4669
889	1009
600	2642
2653	4946
92	635
2622	4159
1710	4628
1329	2486
92	1708
36	2991
927	1758
1710	3903
2935	3643
1710	2457
213	1710
928	3310
1965	3764
4734	4738
3129	3644
2192	2318
55	1347
2509	2708
1565	4552
1079	1710
2015	2257
36	1016
518	4416
1124	5156
2085	3627
2846	3420
2020	4497
2752	4704
4864	5205
1710	4939
1127	1710
1757	3217
111	484
2953	5123
1732	2031
602	4954
519	1237
4130	4581
3635	5015
165	3230
4608	5062
1127	2618
457	1627
2482	4081
1555	2007
2393	3169
111	4098
1780	4098
943	3449
1710	1953
2767	4930
1627	4412
2279	2673
905	3026
777	3169
662	2642
649	3169
258	1758
1585	3470
2643	2673
1793	3548
2236	3598
907	2756
3326	4930
1555	4257
317	3111
2618	2756
5054	5181
2256	2673
1656	3627
280	830
2653	3417
1574	1657
595	1710
2247	4555
127	1646
1270	4526
424	1316
1741	3932
1437	3936
1741	3969
3169	4785
21	1103
1447	4521
2274	2749
1710	2879
2368	4013
2289	3803
1354	1455
2290	3643
3289	4418
265	3850
2221	3019
2041	4178
946	3038
1127	5126
1708	3644
77	3965
1206	3627
1710	3079
1176	3046
1071	1710
1889	3628
1753	4841
2991	3019
1206	3592
587	1555
1206	1907
320	3282
4930	5046
92	989
2509	4864
1710	3414
924	4178
77	2078
1131	3109
871	1327
933	4864
3710	5184
989	3038
1710	2509
1368	1710
1969	2749
320	2525
2101	2421
1447	4554
1664	2653
1571	1578
1653	3540
1126	2357
1555	3798
1893	2957
37	1585
4315	4841
1710	2742
710	1867
1710	3469
1166	2393
496	1546
1796	3169
3323	3907
320	2983
713	5179
4439	4704
2756	3125
2158	4166
943	4495
1758	5163
1348	2158
1107	3291
1555	1588
1349	1627
3877	4967
4930	5054
1327	4970
566	4348
233	3065
1793	2542
989	1710
599	1129
2737	4478
1124	4135
493	3095
142	3395
920	3345
589	2977
2856	4704
2279	3872
2211	3633
3261	3497
1710	3547
175	2486
457	2385
235	1574
1710	2284
2720	3426
2718	3169
2756	4130
871	1918
1878	5112
1206	1636
163	4864
1710	4341
1574	3366
2332	2420
1237	3524
347	1627
2542	3169
3627	5219
1636	3834
3572	4378
1627	3593
1138	3907
1710	4731
154	3169
3169	4887
2069	4320
4225	4321
135	2040
154	5015
2957	3425
111	356
393	2380
769	4759
366	1237
1541	3262
1647	2486
4066	4471
1710	2017
3641	4085
1741	3813
819	3392
2308	4571
1224	4159
1127	5224
2916	3643
320	4168
905	2521
1710	2313
2848	4708
973	4614
1741	4102
3877	4119
2090	3231
913	1646
1672	4608
1710	5198
2005	4663
2158	2656
855	3278
1710	3417
672	4321
2457	4608
149	853
177	2370
1354	2695
1131	1405
1795	4921
379	1086
96	1695
1273	1611
275	1129
1338	1427
3541	4178
1173	3012
2549	5031
2935	3146
1327	3644
235	3169
1710	3633
2020	2870
2994	5054
1970	3498
70	2661
3078	3472
417	4814
519	928
2801	3906
1182	1270
2587	4178
2392	2653
445	2009
906	2164
1577	2934
1708	4378
1907	4777
2064	4625
713	2164
1104	4947
1710	4691
928	2817
573	2380
901	4148
1995	3225
3644	3837
1338	2293
1600	4729
1681	1710
2439	4148
2135	2681
4199	4845
347	1338
639	1970
2944	3403
905	2211
1585	1646
989	3257
2573	3710
1565	3641
1758	1781
1942	5025
1710	2085
3289	3310
111	804
92	2663
1710	3924
567	1710
1710	4061
1104	1342
615	726
795	4608
2327	3635
2318	4257
2953	3019
1018	4171
920	1270
3807	4355
1060	3810
1807	4327
107	260
881	1555
353	5054
235	2039
1127	2944
1434	1710
1721	3668
2653	4044
4612	4963
1007	3169
2032	3169
1082	2211
362	1710
1653	3473
1456	2291
777	1773
1555	4302
2290	3257
213	321
2764	4671
869	4178
1838	3562
320	921
2249	3598
1656	5054
1919	5062
4678	5025
819	4930
1710	2896
316	2417
1710	4678
2916	3291
277	1555
1706	2720
2145	4623
3278	4348
1710	2809
1206	1668
149	1710
1766	2451
1540	4704
599	1438
2680	3906
216	600
458	2935
44	3213
3323	3558
3169	3599
1359	3740
348	3937
1646	4608
1710	3971
3169	3546
1710	4744
127	4835
2222	2524
1646	3546
1710	3743
3914	5067
129	1338
1366	2756
2961	3334
2521	2573
881	1710
461	3548
4235	4838
1736	4495
1585	4403
102	2952
764	5219
941	2749
1663	1710
1568	1710
153	4148
1880	4733
1471	4246
4608	5150
1347	2889
817	1710
869	1710
1127	1427
1127	3833
2430	5054
92	3790
1602	4729
2020	3694
1353	1555
3670	4714
277	4615
2247	4478
848	1710
362	599
2089	3877
3903	4663
1021	2653
381	4785
994	4041
2663	4320
330	1380
2903	3643
833	1710
2024	3807
36	1685
1710	3169
1434	5188
3323	5185
1562	4107
234	2457
277	1660
1710	2757
2113	3169
2749	5176
1039	2101
2486	3512
1710	2012
691	1710
111	290
290	1555
1766	2529
2090	3508
1555	3026
1511	3529
2529	2956
1646	5062
330	4904
639	1918
2158	4891
348	3255
1782	4864
96	766
635	1741
309	4714
2318	2428
2596	3928
1113	2688
1025	3213
1656	3168
3169	3219
1710	3171
871	3063
1680	1710
393	3144
2520	2925
875	5035
788	2935
516	2486
1931	3475
676	759
2802	4921
294	1758
1080	3976
2902	5254
1016	2602
3094	4316
1710	2533
362	4864
1357	4714
4093	5107
1753	5179
258	4734
3928	4954
1656	2749
1206	4552
2057	2801
795	3078
1611	4293
910	2290
1571	3276
1710	4539
408	1710
578	4669
1555	5197
2927	5020
1108	3729
1684	4988
1447	4911
2209	5054
142	2113
1656	3120
4222	4304
1723	2434
984	1710
2673	4267
1465	5238
235	3627
163	5068
595	1555
1137	1182
1777	4041
853	2700
735	1697
1710	4095
228	1882
4471	5123
1577	4222
696	5219
2069	3790
70	4539
1127	3558
931	1431
3169	4315
4970	5025
1568	4864
2457	4542
1710	5142
1096	1237
3864	4864
484	4973
445	3353
448	4267
3169	4432
1710	3595
2158	3790
177	1777
582	934
1116	1710
928	4608
2451	3285
3598	3644
1780	4540
842	3599
2673	3877
1907	4117
1455	2896
2577	2957
3598	3602
1773	2542
235	2146
1757	4168
2486	4600
662	4137
2870	2936
423	1338
788	3548
1349	1919
764	3906
1225	3473
1741	2756
1047	4973
1021	2207
4199	4285
3198	4220
2458	3123
989	1237
1555	3403
2024	4582
320	4659
2304	4166
564	2024
102	3625
762	2991
2709	4921
2036	3109
4295	5107
1723	4608
776	2764
3558	4967
36	2797
913	3548
1296	1710
1821	4841
184	277
608	1646
1270	3675
1617	1777
1710	1771
362	1129
672	4572
4316	4688
320	5207
828	4274
2273	4810
320	1125
329	1082
1710	2066
3415	3602
923	1599
1018	4327
2457	3963
1270	1710
4171	4201
235	1846
1545	1710
589	3411
458	2797
80	5254
1075	2089
2293	5196
1710	2413
1549	3392
600	4663
2318	4930
871	2382
5066	5207
1710	3977
1138	2158
212	4714
1735	4412
3472	5035
1104	1710
2350	4178
597	910
1227	2587
582	884
1270	4320
915	2372
1224	3109
356	1710
2128	5219
2735	4316
3278	4487
1555	4473
1710	4417
2775	3069
764	3071
1577	1608
1710	2357
45	4285
3548	4608
2420	3169
1157	1889
1708	3670
4107	5130
1878	5042
2223	3169
1710	4146
608	1127
2816	3413
2688	2961
1532	1978
3792	4124
277	4663
3473	4459
348	2663
1455	3169
1555	3985
2901	3907
1532	1555
2720	5250
3015	4232
2486	3937
3078	5035
1710	2614
1342	2257
1585	3091
2934	3624
1926	5250
2244	3109
1847	4178
1710	3094
1447	3125
2219	4102
3017	4678
615	3169
1124	5238
1710	2815
3169	4608
854	1710
1237	5118
719	1490
3169	4649
3026	3877
643	2003
3906	5112
371	2486
3420	5047
1237	3411
1129	5127
2669	2763
2293	4608
1710	4694
1279	3969
1338	3169
2749	4168
1565	4976
92	2048
1741	2373
1758	3173
2486	4954
2017	3644
1710	5069
2984	4178
3644	3790
1611	3275
1106	3169
725	3169
330	5042
213	5076
2318	2789
1710	4378
304	1683
1995	4171
53	4171
216	940
1668	2679
1741	2105
973	3644
1588	3644
1555	3562
3000	4714
1079	2957
1206	1455
1710	2165
320	2882
3628	5165
1600	2515
788	4947
106	1853
2823	2934
1780	2934
301	2024
2749	3856
1710	1980
665	1741
1225	4194
92	1636
554	2892
2318	3448
1273	1445
2012	4663
1075	4226
1107	1237
1290	2752
2653	4886
2764	4267
744	1710
3103	4178
2518	3396
1710	1737
1780	2673
1638	1705
1237	3487
1423	1741
1206	1761
1447	1710
1060	1919
2211	4178
1185	2869
1672	2241
1639	4257
2775	3601
260	1237
213	5042
1739	4439
635	2207
453	3641
2020	2968
236	1710
3341	3982
2894	2904
1381	1710
1166	2318
1710	4119
348	2892
1555	2761
1483	3169
2249	2902
189	1710
2629	4178
2263	4047
1653	2673
1710	2708
1652	2318
718	4663
1206	1822
1710	2373
1349	1741
155	5242
92	5179
4171	4935
453	582
1741	4729
216	1577
1105	1710
3169	4110
3599	3614
1508	4554
1348	2688
4320	5062
2056	3554
332	2515
1395	1555
600	2385
2777	4171
2393	4814
1757	1938
1353	3169
710	2998
2113	4402
716	5156
2048	3589
1531	1710
2158	2393
3169	5124
1209	2945
320	2318
1338	2164
608	3169
3291	3498
5108	5206
886	1611
1710	2991
2580	4178
921	4412
1577	2486
1585	2139
1138	1166
357	1080
1577	3065
473	3169
994	5188
1057	2382
2299	3213
3345	4973
92	4951
1887	4973
858	3169
1710	4669
764	1878
2413	4295
1647	5123
2936	4267
2293	2486
2756	4174
4178	4897
2113	5179
2186	3593
815	1524
1333	2318
2775	3768
92	4939
3169	5244
600	4689
1314	2318
3644	4471
1165	2795
1878	3487
1585	3001
1710	2305
1141	2934
1574	4663
3907	5235
1362	3323
4044	4864
1710	3135
933	1758
615	4734
3169	5047
1565	2656
235	1565
2749	4567
4217	4267
2902	3169
3173	3602
292	739
1082	1758
1104	2292
865	2936
2420	2935
2519	2533
3169	5218
990	2579
3781	4572
4275	4487
2273	3026
842	3614
3483	4714
37	1710
1710	3877
1656	2991
667	3091
1127	5238
3470	3562
934	1411
2656	4969
1436	2430
943	4930
1200	1710
1705	4018
2457	3184
1781	4714
1708	4467
1082	3122
615	2451
233	1637
2749	5184
2889	5219
2113	2393
910	2787
453	2764
1710	2648
3213	3275
381	4130
2596	3472
3169	4914
320	3026
1577	1870
905	4623
473	1710
2935	4623
320	1104
635	4331
58	1237
478	1316
1549	3990
615	3403
4439	4963
2749	2915
946	4171
92	990
2521	3169
795	1710
4051	5031
1080	2673
1322	2020
1495	4671
662	5151
819	3651
3345	4948
1182	3914
1314	1555
2934	4663
587	2945
1080	4469
1481	3914
1167	1710
2775	2943
1611	2222
134	1881
1710	5107
985	2248
704	872
381	2482
381	4101
1565	2764
3837	4124
2916	4178
713	1508
4066	5035
348	5163
764	1236
3834	3976
2239	4140
1074	3169
1555	2231
3097	3169
157	2318
597	2602
2260	4864
94	4412
1484	2279
3323	3864
1511	5054
3169	3303
1338	4729
1710	3851
2477	4864
2889	4739
2211	4174
1057	1710
928	1555
2244	4845
55	303
2902	5076
163	897
3291	5054
3856	4275
1230	2289
1270	2219
1690	1710
3255	4275
1710	2449
448	1708
1710	3598
1758	2886
2777	3764
249	1971
320	4555
1555	4954
96	3554
3807	4869
18	456
1455	2486
1710	3399
1025	3169
2078	4482
4013	4148
1210	1710
273	3830
347	457
4013	4930
1710	4176
2529	3740
1510	5054
1710	4469
1723	3976
977	4663
222	309
1274	1753
1348	1778
2509	2869
1120	3548
2486	3278
2020	4217
1500	1710
2460	3299
2277	4663
157	2870
1206	3353
1555	1652
134	990
1555	3015
1237	2521
881	1080
1299	2241
740	2207
3602	4841
2808	4306
1138	3546
1420	1710
320	2823
615	1196
1710	3092
2603	5067
817	2451
381	3803
172	347
1151	1237
320	1555
2158	2991
767	2991
4540	4749
726	2633
1758	4429
2318	3001
299	4669
92	2219
3423	5025
240	4224
2207	4439
587	1140
2499	3282
1577	2756
2612	3906
423	1780
1710	5065
1138	4623
2318	3893
4348	5127
2989	4275
1137	3914
461	2428
2637	5020
2945	4023
1237	1779
1479	3169
2653	4171
4535	4809
14	2211
273	3764
1420	4402
1735	2186
3173	4473
2069	4267
1588	1720
871	4954
906	4275
1594	3169
1555	4600
1710	2216
2370	2680
4178	4939
2211	5163
1086	1455
2017	4274
1160	4178
172	2186
2568	3491
2486	5127
824	4274
1773	4620
138	720
1860	2749
2368	2916
725	1710
1138	1907
672	2720
129	4814
277	2039
3403	4970
2633	3980
668	1710
1959	4164
3169	3170
172	1735
1555	4592
1127	5165
2089	2269
1270	1627
662	2158
1483	1574
749	4116
1919	4627
2207	4970
2735	4075
2554	4608
4193	5132
1995	5054
1565	3217
471	2321
1565	4926
2643	4620
1342	3230
956	1710
288	1720
1438	1710
1048	2158
2239	4199
2222	3019
2219	2579
1347	2135
1335	2957
2081	3907
528	4801
1080	2368
129	1348
716	1577
391	2486
320	4277
931	2425
1984	3686
1555	4782
1549	4963
2733	4275
1585	3635
1710	4774
111	2679
1257	1685
2101	2518
44	5054
4168	5054
1710	4094
635	2749
600	819
739	3802
3718	4706
2318	2420
277	364
4171	4639
1441	5054
2113	2158
1405	2653
4331	4660
1230	3326
550	766
1127	2303
4864	4926
1599	4864
990	2069
3593	4320
1878	4904
844	2603
3169	4098
2222	5219
1710	3231
599	1984
1210	1237
3710	4974
1723	4246
727	4864
599	3668
313	3628
1574	2020
747	1710
453	4075
1114	1710
92	236
1710	2873
3306	5069
3834	4178
3413	3449
509	3169
3448	4608
402	1710
927	4306
920	1710
1780	1821
859	990
2775	4777
1131	4124
3213	4041
2057	2680
1710	3593
3644	3932
1710	1871
1102	2318
3349	4178
2485	4087
931	3988
1349	3593
45	4719
1127	4263
1381	1565
1206	2718
228	296
1555	5040
1555	2829
1380	1710
1127	1242
2902	5219
2304	4663
1506	2989
2708	3635
2368	2813
855	1555
990	2663
348	3651
4013	4864
642	5054
1571	4864
1690	3420
1889	5242
320	1524
1237	1531
3169	4222
4663	5054
1434	1780
2673	4947
3602	4864
2648	2909
2562	4785
3361	3372
3644	4304
599	4168
347	1919
77	4396
197	1723
1710	2829
1237	2158
5118	5155
2846	3169
1779	2282
1568	5244
3169	4451
1270	4869
595	2158
2485	3579
2519	4094
1120	1710
2057	3169
3472	4752
1710	3873
1297	4608
45	4281
1918	5123
776	1206
815	3054
3169	3535
4061	4970
2530	5185
103	5179
3813	5108
2357	2673
4226	4393
2540	3169
1047	3988
1270	4608
2053	4451
348	4899
320	4429
1664	2247
2418	3683
3548	3643
1237	5123
2098	5150
928	1237
2239	2935
3169	3808
1741	2663
277	2903
290	3539
2178	3169
1240	4864
1555	3781
18	4475
1574	1758
255	3855
320	1710
4623	5180
916	4266
1455	2224
1423	2934
4864	5110
1420	1555
1653	1757
1585	4864
2554	3635
2607	3109
931	1025
1047	3643
92	4973
1495	3643
1837	4785
2520	2764
1577	1909
1340	1710
481	2671
320	2776
142	216
777	4663
1758	4272
320	1338
994	1757
445	3740
1577	3046
316	1080
4117	5054
2107	3278
2956	3807
722	3169
1720	3038
599	3124
1942	3012
1555	3864
1870	2553
1650	2420
1017	3830
2231	2318
639	2318
3169	3988
1710	1876
2263	3906
2735	3502
244	943
912	3413
1723	3803
1508	3261
2777	3229
1057	2224
2934	4652
127	2870
14	4093
943	1182
788	4659
1710	3694
281	4974
653	1176
587	3907
1710	3810
1710	4364
2665	4620
320	3580
1710	2935
1758	3399
2587	3280
244	2612
172	1627
1710	3735
2107	4487
1506	3686
144	1537
852	3718
2165	3169
1758	4612
92	4752
1555	4616
2207	3980
2247	2547
1705	2653
1766	3686
1710	5220
2547	3323
1381	1721
2568	4614
2158	2608
2318	2708
428	3833
1879	2318
2158	2457
589	1230
2764	4578
1378	1710
2039	2916
3729	4602
1577	3851
631	3969
846	1710
1379	1555
3280	4969
2128	2902
2848	2869
1148	3169
2207	3173
2157	2402
321	1300
819	2158
4222	5179
2165	5011
1381	1455
1127	1131
1447	1758
471	3976
1541	3420
1710	4540
1302	4669
1273	2439
1710	3341
2653	4153
1273	1555
4173	4178
4845	5054
3483	4694
1167	1445
2708	3169
2207	5254
374	2211
2529	3807
1757	2322
45	4199
597	1577
1096	2673
1351	4864
478	1710
711	5238
2486	4085
320	2413
924	3169
3635	5035
1127	2486
1920	3570
2749	2784
1124	1465
3529	4102
2486	2643
2486	2757
1777	3169
1710	4532
144	373
216	2417
989	1113
672	1036
3169	3261
3834	4963
1104	1685
3651	4459
321	2700
1185	4194
676	2425
1555	4814
2434	4930
1758	4282
3548	3821
1577	4732
1138	5062
1758	2395
1290	1710
166	1224
550	1455
3144	5054
1723	2005
766	4424
1141	2533
2801	3169
2308	4080
1348	2515
1555	2012
1779	4600
1710	3532
36	599
693	1080
2756	3907
2290	4954
1103	1393
2289	3326
3764	4719
2293	4119
1656	2582
887	1710
2376	4938
1061	4615
1907	4418
154	1732
3144	4168
852	1025
70	1824
175	2158
1652	2352
258	4275
4110	4495
635	4275
1080	2457
2158	3683
1457	4582
232	3169
973	1710
457	2186
2764	2886
2633	3289
619	2113
720	4283
1522	4275
3280	5130
2057	5112
1511	3644
489	2776
1237	5150
92	1511
3988	4148
213	2801
3834	4414
4515	5054
525	920
587	5126
244	589
581	3593
1723	4785
1758	2776
1565	2629
1710	2042
2457	2673
764	1276
1102	2233
1938	2603
931	1710
833	4178
359	4482
2680	4904
2428	4864
946	2069
1123	2857
380	1710
447	1663
1206	3641
2181	2715
2720	5238
582	1577
2749	3308
655	1710
3413	3877
3039	3169
764	2157
1753	3635
1766	4178
2318	4861
1206	1366
92	666
1710	2596
2211	2983
2293	4174
597	5035
2673	4117
639	4159
1710	1881
3169	3613
1348	1602
2653	2656
905	2039
768	4469
1710	3364
4087	4149
1021	1710
1434	1995
1976	2749
1245	4275
374	1455
578	1995
3946	4582
1773	3588
3506	4951
881	2282
453	2925
1237	5026
36	362
1663	2192
1437	4869
1910	4171
2486	2897
91	1086
1710	3957
2756	4282
2128	2612
3123	4988
1206	2582
2603	4071
1907	5188
1224	5035
359	2643
1277	3710
1230	2318
525	3169
2673	5054
45	3169
764	3487
1206	2586
1918	3169
2318	2916
2925	5025
1870	3146
2889	3651
2776	4864
1047	4864
1710	2448
2380	4171
453	3462
1348	1555
1437	4267
1300	3169
3278	3345
908	2892
4135	5238
977	5132
464	2953
2579	4102
1434	2372
1710	2824
2031	4469
1411	2554
1765	3169
2956	4026
928	2481
1710	3282
235	2054
2318	4729
554	1494
3169	5046
2254	3403
2273	2829
2661	4280
1236	3035
1668	3153
228	3169
493	719
1710	5194
1080	3946
1690	4571
1821	4073
348	3229
1710	5026
2643	2795
662	2135
819	2889
3387	3771
2158	2222
318	2192
2318	4066
1697	3618
1227	3987
889	3656
1710	3739
1753	3688
1447	1680
881	3310
901	2673
2904	3781
213	2263
4627	4752
1970	4159
2128	2801
166	4954
726	5160
417	1646
1710	1836
1531	4623
1710	5252
819	4864
1479	1571
1455	1870
3169	4473
135	4217
2603	3580
619	4130
2019	3169
1710	4055
4285	5176
4535	4620
1206	1626
1206	4521
1447	3688
36	2935
2211	4135
921	5067
1237	2928
718	2482
1030	2024
1347	3877
3219	3644
1878	2709
1710	2233
1866	2957
2889	3473
516	3807
675	1758
943	1907
1277	1758
154	3792
1708	3426
1710	4487
1237	2533
440	3627
2953	3169
1064	5208
2926	3345
1434	3345
1585	3495
1565	2975
2829	4864
1057	2303
3595	4393
716	3963
77	4283
3257	4954
615	4777
564	4142
80	2994
277	3803
135	235
2957	2989
2934	3848
1213	2536
651	2573
3803	4689
739	972
1697	4663
2211	3280
3847	4814
56	2430
1555	2382
990	1086
240	5242
3710	4098
739	1710
1206	1577
1931	4988
1710	3111
2510	2669
2875	3169
1540	4163
1577	1710
3323	4967
1919	4171
1788	2024
2717	4018
928	4967
2797	4812
2031	2318
2894	4988
788	5068
729	4321
881	4295
290	3169
1918	3257
567	1777
2373	3078
1104	2135
1127	3598
1970	3020
3473	4841
2926	3169
70	3449
1525	1710
2158	2902
1225	1942
2633	4224
4148	4429
135	718
1710	4843
137	1837
213	4887
599	3710
3361	3756
697	4864
1617	4864
316	3111
2486	4222
70	92
2555	3718
2158	2789
144	2192
2764	4973
1970	3169
989	2663
1710	4440
60	4814
1107	1273
994	2673
1710	3569
2263	2902
80	4904
927	2808
1710	2749
2265	4178
2211	4612
1138	4402
2273	2976
4646	4864
920	3644
1710	5212
1555	3291
277	2789
1723	5054
1836	2749
2032	4864
447	3781
54	662
3790	5054
1338	1710
672	720
2479	2848
1988	4996
1565	3588
70	299
789	2529
1841	4267
2207	5219
670	1710
1565	3580
3710	4608
1047	4148
1666	4412
1157	1708
154	4608
1531	4732
1758	2145
1710	2479
739	3169
1047	3352
2286	4947
1237	3572
4663	4817
1710	4898
644	3169
213	764
277	3425
3771	5054
1531	2486
884	4689
2211	2304
920	5062
1710	2452
1710	3847
1127	4734
1723	3420
1980	3169
615	2870
1710	2326
2848	4424
320	1317
1274	2486
3593	4714
1317	4555
1237	1602
564	3663
1627	3111
1237	1342
788	3624
47	1710
3323	4555
1479	2845
1138	1609
1637	5123
1245	1710
600	2521
3830	4973
1710	2901
1907	4947
2529	4663
320	5069
1138	1710
1338	4612
1741	2130
875	2211
2564	4904
1757	3124
2290	4988
142	2039
1237	1293
96	516
290	2318
1293	4224
2775	3169
2870	5035
428	1080
3420	4571
1197	4627
2673	4174
320	2956
1796	4579
748	764
3873	4864
1018	4970
333	913
1267	4178
1206	3785
2211	3099
1237	1270
1710	5197
453	5054
1926	2182
1316	4101
1206	1545
1455	4775
2457	3877
1237	5181
45	47
576	5127
1316	4652
2902	4047
1457	1555
1338	1602
3218	3821
92	4555
662	2977
1710	4445
549	2373
1710	3803
2680	2977
1909	2158
235	2582
4315	5179
3710	5068
1565	1668
1353	4904
1710	3705
2579	3593
3001	5046
1075	2988
271	3063
906	2107
597	2653
320	1577
1457	1710
1555	2508
1807	2814
869	3548
777	1555
3877	4608
1455	3229
37	2327
597	4159
819	3473
1460	1926
1016	2486
1039	1710
726	1585
2109	4193
1710	4902
3016	4294
1975	2934
2359	2486
1242	2892
1014	1710
4193	5062
3291	5184
2256	4287
2284	2943
1455	4199
859	3736
1345	2709
2764	4075
1549	3598
4608	4930
3864	4963
1555	3635
1609	2031
96	599
875	2519
1574	4101
1064	1758
1931	2020
255	2983
1758	2479
348	858
2889	3378
2642	3214
1179	1735
1599	1710
1710	4017
739	3153
77	4479
1710	1844
1007	1778
749	5054
1710	2519
3378	4841
235	3834
2093	5054
92	965
1757	3177
1577	2673
1860	3487
1161	1710
578	3644
2450	2622
1555	3932
157	2158
391	3790
1867	3764
1508	1750
1166	4608
1602	2720
920	1663
4378	4714
320	2225
448	3641
3257	5015
602	608
1025	3977
2292	3372
320	653
1447	2582
91	1237
229	4301
951	2393
1555	3326
720	4348
3595	4226
519	3063
80	2057
92	3644
1179	4026
1766	4329
1173	5092
1839	3169
1270	3169
1080	1555
320	2158
2393	4729
989	3914
1697	4818
1656	1758
2653	4967
943	3169
2973	3169
1695	1795
2378	4970
2239	4439
292	1710
1684	2020
718	4602
92	2244
1555	1821
4663	4841
275	5127
4828	4864
1437	3686
1710	3205
554	4934
296	3169
1070	1129
2361	2934
1506	4402
619	2928
1047	2486
1206	2393
2289	4623
2241	4691
1333	1577
3169	3937
1669	2458
1721	3124
990	5062
1555	1780
221	3171
1710	4620
1223	3922
1322	3643
273	943
281	1995
3807	4700
1571	2722
582	1741
1447	4273
4267	4938
1710	3985
3618	4973
1710	3275
4659	4864
2219	3907
172	3807
3472	4954
2660	4194
2919	4478
4841	4970
1652	2158
1710	4615
1113	4967
457	3810
1909	3169
1588	4930
4864	5063
1237	4093
211	1710
3177	3244
3267	3349
4495	4936
79	2715
662	1555
1302	2579
1710	3050
316	1342
720	1182
2222	2318
767	1919
4440	5130
2637	2653
1166	3169
3624	4899
1107	5107
554	2749
258	5160
2458	4988
1103	4864
1555	2875
2612	4904
3802	3807
2425	2904
2089	3456
4161	5250
154	3144
79	2236
2582	2961
1165	1656
1970	4116
1465	3024
2540	2789
2420	4864
1710	4969
4159	5015
391	4384
1127	2439
2756	4514
2756	4396
3097	3877
2211	3025
1710	2536
303	5054
2057	2236
1710	3670
1600	4402
1566	3502
1710	1880
907	4608
1465	1753
135	4714
1781	4623
2857	3660
2653	5208
1779	2318
819	3169
2520	3052
3893	4608
1127	1664
1146	1710
1338	3877
2749	4439
105	2665
89	524
1578	2509
711	2991
1616	4970
301	2368
1204	2486
3019	5219
1710	5213
582	2989
453	464
1710	3070
4542	5188
2020	4943
1565	3411
4285	4408
1909	4608
602	871
3078	4714
1595	4173
1565	3856
4081	4787
1907	2750
4864	5124
3644	4540
2720	4216
320	3125
676	931
941	3403
3883	5063
2153	2749
2236	2680
446	3644
2457	5054
1757	2927
3146	3548
3644	5198
362	1984
672	1910
3694	4225
908	5025
1577	4148
1014	4348
3739	3785
481	1575
727	1127
92	3078
766	2607
941	1237
1437	1766
921	1349
320	940
2380	5250
1455	4660
356	3425
320	2372
1224	3390
693	3303
1293	4263
453	4107
2263	2680
228	1710
1658	5025
1070	1984
2510	4495
1283	3169
1710	2146
615	3937
3411	4316
2392	4864
333	3323
1710	2316
2915	3169
1741	1881
105	1779
1541	4479
332	1688
1237	2510
4075	4275
4087	5044
137	2332
1293	1555
3291	3963
1007	3016
1710	3916
347	4412
1876	2653
2603	2679
1970	2380
235	4217
458	2673
674	5130
1646	2113
3095	4841
4275	4733
2751	2989
129	1420
235	4427
2158	2508
3643	4178
2859	2896
1113	2451
1427	4930
493	1710
3169	4257
92	4412
362	2797
855	4973
60	1710
4275	4495
2749	4046
1779	4930
1537	3169
1565	1780
1656	4843
828	1989
1338	2158
1206	3169
3198	3518
2814	3291
1741	2186
1710	2221
2777	2859
1758	4158
1246	4729
2779	4608
920	3675
739	2725
3764	4285
1297	2158
1437	3781
922	2216
599	1685
3280	4055
1080	4582
3932	4482
945	1710
1016	1129
129	4402
1970	2587
1907	2936
1237	3264
651	5242
1274	1359
1539	1710
155	5238
1494	4608
639	908
1758	4480
2427	4275
1657	3740
2486	4107
1710	3951
1102	4163
457	4061
279	1710
2211	2756
2222	4776
582	3710
3025	4608
2509	4495
330	1710
2320	4973
1758	3072
1096	5187
127	2318
2425	2814
1107	4714
3169	4972
1447	5150
2457	2486
711	4734
1646	2020
1206	5062
4439	4973
2896	4199
1224	4954
2660	5054
1075	3456
1942	2889
1455	1566
1457	3498
2165	4967
2717	3951
320	4287
3353	4139
1555	3495
3246	5054
2749	2965
417	4729
92	578
2486	4627
931	4171
1146	1447
1656	1984
582	693
3015	3169
338	3291
685	5054
1555	2789
294	3274
875	1555
4081	4224
4193	4752
294	5054
804	4098
1758	1782
711	4275
1420	1506
2700	4864
2919	4302
234	1290
3396	4770
1995	2275
2486	2540
2020	2290
2509	5219
2069	3644
1047	2207
320	3663
3807	4307
1723	2870
739	5179
1017	1710
931	4719
828	4129
1765	3323
1286	3963
391	1710
3078	4418
1197	4095
908	1455
96	4217
2158	2428
2486	3230
1274	2720
1889	2380
2239	4171
3169	3802
2869	4378
3651	5219
1710	1939
1710	1878
216	2757
461	819
4921	5121
3169	4581
3473	3602
2895	4274
779	4275
872	3554
2192	3129
816	4331
550	2211
1411	5054
2223	4178
2582	2673
1778	2653
1075	2269
1710	3982
1741	4320
776	2776
4495	4864
2679	3425
92	3877
3995	4864
674	1978
1773	3169
1710	2473
1758	3280
320	667
2164	2211
1710	4765
4378	5132
4594	5054
1779	2642
2934	3169
371	1996
391	1481
1333	2158
1741	1801
1646	2031
1555	1907
1970	4148
166	1108
651	4187
786	5212
1322	1710
4864	5020
578	1511
564	2586
1237	1577
1710	2155
2486	2735
1918	4963
1406	1710
3015	4571
1146	5020
1237	3987
3244	4224
109	1807
2457	2915
941	2653
79	1710
865	2486
3598	3977
605	1710
581	2186
2192	2382
739	1127
1555	1753
2166	2720
1302	1710
2749	3421
70	946
2579	2767
1225	4275
1555	2319
3570	4789
2380	3205
480	1637
884	1984
1309	4166
2904	3475
1915	3413
936	4345
2279	3821
1103	2318
2040	4081
1907	3710
693	3169
551	1549
58	1555
1349	2656
720	1907
105	2555
857	2663
4168	4222
2211	2889
1710	3198
635	1758
1710	2498
478	2057
1549	3627
1807	4738
1780	3169
141	5025
1710	4223
1710	4080
3877	4838
393	4752
3790	3877
819	3643
3169	5114
1338	4608
1710	1801
1447	5114
265	4295
4046	4663
516	2889
235	2081
96	1447
662	4608
265	1710
299	860
905	3169
1347	4459
3169	3366
2784	3122
2020	3184
3675	5062
3081	3169
3686	4814
96	1455
2368	2812
1588	4280
144	2749
2263	2510
1710	4135
2069	2663
3834	3856
4124	5015
4526	5062
320	2608
2318	4765
1381	5020
1710	3781
2482	3807
102	1710
393	946
1336	2653
4608	5015
901	5184
1200	4688
710	4304
796	1710
796	1447
3173	3291
1108	4948
1343	3813
1293	3257
229	3169
2318	2936
589	2680
1646	2158
2521	3019
4864	5011
1710	4402
1779	3334
2349	4316
216	3877
1555	3491
1262	4178
301	320
2222	3651
410	1773
1080	1427
2892	3020
1779	4306
3323	5015
1206	3802
1102	2012
3426	4768
235	3366
92	4222
1710	4193
2521	2756
235	5020
1710	3475
4178	4654
1611	4776
2318	2457
662	2471
1710	2726
91	1636
3149	4094
1127	3069
3069	3548
1585	1721
2590	3291
766	2989
2457	3038
667	5160
1224	3572
2211	4688
70	1710
70	2069
18	5118
188	1710
2680	5112
1695	2902
3125	4714
111	4838
1970	2749
1574	2904
1206	1780
2521	4744
901	2279
1465	5035
1179	1919
3023	4649
367	2509
2529	2653
1161	3108
665	4930
2380	4315
2263	5219
1080	2725
1545	3592
989	4911
44	1602
1710	2668
1481	4013
1636	2471
1080	5069
1224	5208
788	2064
1710	4132
2263	4482
2341	5054
417	1602
901	934
1522	4178
3307	3548
1273	2775
935	1710
1280	1710
3718	4596
4744	4963
1210	3169
1710	4283
2581	4841
4267	5015
3498	4582
1710	2031
235	1103
884	4148
1574	1808
2318	4018
1237	1481
2479	2673
1555	2158
1353	2263
1710	3133
1942	3378
51	4290
2784	3169
2219	5025
1431	1710
2542	4993
905	1555
2256	5042
4013	4841
920	1942
977	2749
1237	1723
1838	3470
1237	3529
1710	2515
1710	3793
1349	1646
1022	2499
1347	2130
2157	5254
3169	4275
4066	5208
2554	3073
1995	3785
2607	4841
3169	3205
5015	5035
105	2643
1113	1224
1007	4495
2320	5054
1565	3169
716	3498
567	1540
2211	3144
275	3512
348	3146
1406	2673
1710	3512
1274	5196
36	453
989	1176
3169	4709
1710	2717
909	2382
151	1357
1565	4627
667	921
240	5054
748	3598
2223	3019
359	1971
154	348
2039	4044
1710	4673
1757	4439
461	4148
875	2158
461	5151
3169	4891
1780	3323
2859	4178
1006	1710
1113	3966
92	3038
881	4073
3169	4306
2289	2870
3123	5132
2349	2735
2510	4476
621	764
2219	4864
1555	3448
1710	1742
96	744
1766	3807
779	1741
1138	5197
221	3558
1669	5068
2642	4130
1708	3120
3096	3169
1138	2113
1710	2056
589	2709
1151	2529
141	2633
2158	2554
1146	1666
2380	5242
1710	4149
1710	4414
1532	4571
854	2653
1165	4178
719	2757
924	3134
543	3219
1137	5062
503	1710
940	3498
1684	1710
1577	1720
391	946
92	2540
1710	4430
119	2020
615	1969
2749	4926
2629	4864
1102	1237
1018	3169
2048	2521
153	2211
1639	2299
2776	3740
1227	2284
2275	2587
1555	2487
3627	4482
3643	5056
1860	2653
417	2393
1457	3413
1565	2164
1391	2486
1710	2770
4317	4734
1837	3420
3213	3420
1124	1753
1555	1574
1293	4729
2988	4393
1096	4935
2797	3230
3169	4108
1347	2519
320	1348
2304	5196
2109	5118
2680	2709
1237	4193
1710	4886
1867	4304
91	236
1907	4013
3613	4532
589	2263
2486	4403
1571	1574
1427	1555
11	3169
1708	4954
3039	4199
96	3323
4402	4729
4321	4467
135	277
1276	2977
1919	2186
3877	4378
320	2646
320	4533
365	1710
110	2380
1909	3925
4981	5254
1206	1237
3937	5101
1025	4596
2553	2749
92	946
70	3425
788	4828
2222	2756
1710	2378
1710	3170
2764	3153
1617	2859
96	299
3012	3602
1710	2421
1555	2915
4306	4970
1758	4137
485	1273
2720	4651
1125	4275
3012	3261
290	554
2185	2775
1007	2281
1080	1338
4495	5020
1347	2603
4734	5208
3644	4967
1710	1863
2158	3026
4178	4963
2875	4864
3169	3877
212	2749
2130	3651
2145	4864
320	1082
804	1702
277	1455
905	2158
4124	4257
1370	1606
1102	1710
1299	1710
2165	2720
1070	1080
2633	3169
923	3644
2481	2910
1710	1963
1327	5208
1223	4582
2158	2521
303	1710
3019	4514
2926	4107
1522	5007
711	1237
135	1710
385	2936
1893	3372
1710	3624
1710	3675
744	2318
3932	4663
91	4235
2646	4689
955	1710
127	5035
1766	2164
967	1710
2279	3278
2549	4422
654	3834
2749	3411
1710	3012
260	1524
77	1878
3214	4495
3362	5054
1766	3988
4178	5069
1447	3907
2256	3906
1281	1852
2380	4740
2977	3906
1574	3923
1080	3793
2542	3218
70	1588
1757	2949
1710	2885
92	1272
3570	4148
1807	3078
2334	4178
2318	2915
543	4616
564	800
3177	4575
277	2761
2069	4752
1753	4225
3353	4130
1224	2290
1138	1348
3888	3922
165	4864
1710	1794
4315	3898
4981	4938
5179	391
2708	2486
3291	3169
4963	2737
3307	1206
5026	2950
3026	2936
2186	1182
2817	1072
4224	735
2653	1297
4408	18
1741	920
2486	1129
3877	2708
3638	371
3812	599
1602	1555
2957	2428
5068	1104
3448	1151
2914	2653
2439	1683
1741	1163
4845	236
2637	1565
2211	1021
4708	4316
1710	786
519	271
2857	1710
3425	1697
4171	1931
2303	1741
2486	1710
2457	1293
3169	1506
3942	1710
4402	1555
3291	1137
3602	2622
1878	1606
3598	1920
1736	1164
4469	2393
1928	1780
2486	1079
4729	4224
2439	920
758	96
4521	1741
2935	989
3403	3291
4864	1849
4841	4714
3864	3614
2519	1907
3111	2486
4864	4740
2991	2643
5047	137
3644	965
1237	990
1338	1166
1758	141
3016	2211
2566	2486
3643	2316
2870	739
4786	1710
391	92
1565	1103
2904	759
4190	1710
1391	1127
3169	2994
3877	2158
3988	2321
3246	2318
3240	1148
2477	471
2934	1608
4616	1348
600	356
543	70
4973	3403
4093	265
2608	1705
858	290
3262	2025
4412	1349
1710	137
5025	2525
2797	1070
1646	1338
1710	1349
3169	1297
4608	157
3830	1710
3554	2486
3169	989
2211	711
3000	453
2814	1710
4752	1741
3025	1710
4412	2486
2212	1710
3219	1710
3628	651
4930	3091
3807	600
3756	3393
3627	3023
4178	1987
5130	903
3134	767
3411	2765
1995	1427
366	70
1942	1882
5188	1608
4135	2720
3689	989
2991	2653
3529	2579
3038	281
2653	1064
1672	1297
4307	1710
2612	589
4087	1710
3708	3392
3120	2749
3988	1697
4306	2934
3383	693
1710	77
2286	1710
5254	244
1710	105
320	21
3193	2709
1663	1182
3624	1007
2767	2673
4973	4081
2653	2034
2225	1555
4408	1018
815	320
4178	1782
5179	2936
3252	1293
5156	3426
4822	3710
3988	1757
3229	281
1585	166
3169	1928
3856	2603
4178	2078
2718	1758
3529	1080
3472	1710
2711	1014
3122	2653
1555	232
4864	4608
2673	1860
4195	1565
3097	1009
2540	330
3240	1137
3307	2673
1685	908
1206	830
4652	1555
3184	2554
2486	70
1732	639
2957	936
4706	1025
1971	1780
1946	1014
4652	4019
1710	1455
3644	1127
2482	348
4954	3323
4119	3229
5054	2318
3225	3169
1710	1080
4608	1822
3627	3278
1870	1447
4356	1710
4267	1061
5020	2901
3169	212
3976	1024
2308	1878
2870	1411
4171	2904
4540	1918
1669	788
3937	907
4348	1120
766	155
3965	440
599	277
2715	764
5015	4471
5126	1710
1920	1710
4963	2093
5020	359
2549	693
5123	875
1758	881
1710	347
5046	4046
4178	1568
4734	1423
4678	2486
3019	1455
1766	1710
2669	1944
1970	1127
3198	1327
5254	213
5163	3403
3277	1710
3417	1206
4042	320
5250	729
1658	1342
5058	1710
3169	1127
1880	668
1708	943
1732	1710
4899	2975
5114	320
4714	2219
3644	3067
3390	471
2372	2032
2952	920
2911	2289
3326	3169
4093	2207
3635	2036
4904	3627
4899	2352
1831	1082
1555	371
4864	2322
3781	2380
3740	2582
1881	1146
2275	1160
2024	1741
4947	1577
1920	1878
3897	1710
3163	1237
4176	1276
3282	1565
4073	713
2797	599
2420	1555
4224	2708
3740	2039
4864	582
3169	2894
1184	662
2520	448
4864	3694
3951	14
3803	2661
2318	1447
2020	1283
1919	172
5118	2663
4429	1656
1357	91
5188	2166
2529	1438
3593	348
3614	1650
5196	2486
4729	3169
3651	3540
3169	1753
4171	3039
4809	3548
4663	2870
4864	1076
4130	2032
4315	1495
2282	235
1586	1273
4495	631
3169	1735
3598	1727
1777	359
3856	549
4459	228
5114	96
2128	1710
2742	281
1651	1555
3498	2735
3169	546
2720	2529
2263	764
3593	2012
2756	2607
4439	2935
4954	639
3169	381
602	92
4864	1441
3183	1741
1710	696
735	691
3907	448
2486	1494
3790	321
4594	3613
4864	2395
5020	4800
621	79
1723	127
2902	2709
1348	359
2515	2158
4869	2956
2393	1602
2513	1710
2549	2275
3696	320
3214	2764
4841	1362
4171	3153
4026	3353
3523	3
5054	4608
244	79
3169	2131
3039	525
5054	2875
4608	1995
1497	906
3803	1047
3534	1732
4902	881
1988	615
4301	320
1918	597
4582	1565
804	260
3177	2158
3937	3449
4734	2486
3598	1723
1455	635
3213	1710
3598	1878
4864	2789
4281	2936
582	564
516	348
3150	2040
4810	109
356	92
3194	163
3764	3635
4207	1036
5022	3937
3425	294
4651	1710
2393	1138
5130	2914
4663	2357
2815	1555
2149	1723
4320	2109
2322	1585
4148	600
5054	2520
4608	2765
1357	989
3593	367
4776	1541
5155	1574
3855	1432
3426	1889
3153	1708
1237	1127
2211	1766
5063	3019
4098	2705
2907	1021
3883	1574
1821	881
913	448
2673	2368
1741	119
2914	1206
3651	3169
3472	2961
4171	2487
3689	941
3169	2326
2896	1965
4166	3019
4596	1777
5054	943
4542	1710
1080	739
2902	2222
5020	4719
4864	3856
5196	4178
2510	1795
4921	3169
3213	2763
4930	4323
3519	1710
3169	2304
657	221
5196	1758
2211	380
1127	946
2894	759
2957	294
1316	913
4608	4018
4171	3470
4139	96
1931	1196
1710	271
4864	2983
2318	1348
4199	2777
3718	105
2130	1710
4061	2486
2554	1995
4267	320
1411	322
2211	597
1735	1349
2582	599
2642	1723
4963	1780
3169	3072
3710	1577
2976	1995
4163	3169
4085	1127
4845	1867
2936	2916
4231	1206
3020	2775
4356	1130
3602	819
3153	290
4318	1710
2519	2032
4220	1710
1721	1566
5185	3164
631	327
2749	1664
3353	1657
4497	4116
869	489
1431	759
1338	1317
2897	1710
1647	448
1710	1372
5151	3169
1565	1450
3548	1758
3326	2380
3370	320
3579	1359
3353	2529
1879	1710
5062	1710
1710	1009
5054	3461
4412	2186
3353	674
2318	593
2332	1741
3598	2420
5026	2048
3278	2382
3922	3588
776	516
3281	1723
1555	448
3917	1555
4934	4714
1720	1262
5123	1555
3627	662
1710	819
4614	3362
4988	1127
4235	2679
4689	2164
1102	907
1047	566
3670	3144
4478	144
5244	1465
2991	1423
2510	2222
3039	1965
2553	766
3169	294
3278	2886
5035	4939
2486	1596
3980	3169
3725	1710
4294	1007
3988	1260
1656	1568
3799	2486
2695	1710
2020	1227
5188	4319
1757	1571
5006	4178
4600	96
1965	1455
5101	1532
4316	769
2925	1206
3615	1710
4646	2726
2392	2158
4594	1025
1060	347
2477	37
4117	2653
4017	3169
2222	359
4393	3456
4295	4225
5132	989
5205	2673
4071	3169
2866	1710
1710	1336
722	161
3540	2889
3307	2273
4490	1910
931	759
2977	2128
1710	597
549	471
5112	2128
3411	1866
5068	4678
4575	3425
4178	1347
3327	1710
2612	2352
3546	1710
4627	990
2450	524
1918	1455
5112	3588
875	37
3644	2674
3888	3213
1907	1577
4469	1138
3668	320
3332	2869
4608	881
4185	1710
4119	2897
2749	1598
3000	1656
2380	587
3378	3169
4973	4171
2385	989
3169	2936
1438	320
2089	2017
1735	347
739	109
4608	2897
3512	1070
3821	1317
1790	1710
4044	564
1025	177
1566	320
2867	1710
1611	359
3419	1080
3598	2510
2486	2007
1669	317
3813	2934
5054	2249
3169	2763
2897	1555
4378	4085
711	320
3120	92
4608	4418
1036	913
2211	294
2750	920
1070	275
1879	1555
1640	1555
3914	920
5035	4159
5054	1636
4131	3169
2816	135
4814	1602
4738	2643
2227	1455
1822	347
2802	1710
4590	1710
2749	1726
1907	578
265	14
1834	1710
2765	2318
5250	2417
4185	1821
4555	4178
3944	1710
3985	3169
3988	853
2040	1779
3878	1710
2158	1532
4864	2901
907	70
3267	2579
4275	2901
2485	299
4864	4552
2318	1555
3598	1652
3284	1710
4551	1780
2554	1555
4654	946
3893	1555
4213	2318
3169	2137
2604	1710
4864	4307
4645	3169
2582	2372
4402	2158
3798	2158
1646	1602
3706	3169
3877	1237
693	424
1555	1455
4166	1626
1405	70
3275	2332
3323	1708
5047	1837
4864	3275
4969	3850
4592	1237
1710	1428
2603	1608
4467	1483
4130	907
5054	2331
4930	1710
4478	1102
5179	2919
2518	1574
1555	535
4602	2808
2943	719
4596	1483
5035	3644
3229	1555
2542	1803
4402	2870
1531	956
4776	1273
2665	1611
1555	726
3813	1710
3000	2749
5015	4116
5054	1574
2797	2486
3643	1577
3169	1726
3598	1646
4263	1757
1918	1327
3627	1565
5132	2869
3877	1663
5069	4071
3877	2765
2446	1723
2953	2417
4378	379
1127	656
4264	3614
4473	154
4824	2158
4759	1710
1995	759
4660	1721
3250	1495
3627	1276
4838	91
2720	1124
2521	2486
3483	1710
1104	716
2756	1522
2581	1710
5107	4714
4139	1710
3169	2318
4864	332
4663	3807
485	320
1710	782
3386	635
5020	1568
4324	3718
3219	2247
1423	277
2607	1206
4178	3870
3229	2897
3169	2370
5025	3078
4130	3177
2179	77
2976	2486
3387	1710
2482	878
4317	2653
2417	1577
2081	716
3323	875
4689	2771
3345	1824
2919	1710
1945	1710
4766	4041
1348	1166
3169	464
1710	1115
2750	2089
4554	1080
4265	2805
3328	2775
1942	1708
1627	1060
3169	827
1788	782
4068	1555
3856	766
2653	1447
3411	3267
4948	1230
3383	1710
5160	5062
4904	4047
2764	471
3856	1907
4864	2529
2158	907
5224	4838
1565	1064
4824	1237
2633	881
3710	3580
3898	3169
4864	3214
4988	676
2983	2756
2398	1710
5238	313
1609	1348
4608	2158
4514	96
3169	2418
3462	3177
5054	2084
4130	348
2293	1237
581	347
2653	1381
4828	4171
4608	3326
4153	2764
4967	51
3169	2976
1124	566
4974	2637
3546	1602
4041	1710
4540	1481
3644	1765
3336	2653
4222	4107
766	212
4041	2916
1666	1617
2211	858
3169	270
1710	1297
2477	1127
3001	1555
2801	1276
3807	3686
1237	154
5054	1300
3519	1585
3460	2541
3169	408
3592	3278
2307	1206
1555	154
4582	4567
4131	1555
4044	3472
3601	2895
3291	2020
3390	1710
1710	83
4460	1574
1889	872
3802	3173
3925	2661
2749	1915
2113	1555
816	290
4124	1821
5040	3169
2457	1565
5054	746
3213	1541
4766	788
4974	3865
2546	1237
1447	457
2547	1710
2870	2393
4895	3550
4171	552
3169	3026
3184	2012
3602	1204
4663	1602
4282	1710
4168	3877
3420	137
4551	4178
1710	1237
2859	45
4930	4193
1141	1127
1720	391
946	380
3966	3169
1080	424
2957	2007
3213	662
2457	348
4178	3540
4765	1022
2579	1107
2694	2263
3169	767
2158	127
3169	1778
3275	137
4938	3366
2393	1555
2382	1479
1437	1021
4171	2486
4475	1532
4178	1578
3710	1176
3833	3289
2130	819
4495	1945
3169	2257
4085	3327
4970	3562
3187	423
4616	1710
2164	776
5160	3078
2775	587
2915	739
2318	2308
4226	1710
4930	235
4327	3877
5054	2991
1006	990
4199	525
3498	1710
4838	1127
3490	524
827	228
4135	1753
2817	275
2303	2145
4280	70
5054	1237
5196	975
3631	3019
4246	1710
4166	2582
4073	1870
4176	258
2040	516
1757	675
4610	2642
4704	4051
1359	1237
2836	1710
2653	294
4497	2720
1710	1315
1080	951
3456	1710
4864	3848
2236	1710
320	96
2158	2031
1359	320
4921	2669
1531	122
600	381
1710	329
3462	1061
2275	1279
2757	260
3907	600
2128	2078
4977	2907
1354	96
4275	374
4348	1179
4217	3019
5054	1710
513	461
1348	1125
5062	2056
4552	1173
1710	857
4317	1710
3903	2486
4439	1197
3733	768
3169	1723
3169	2591
5047	4785
2896	1647
1971	318
1777	1723
1565	141
2031	1338
3965	2263
4217	2756
5018	4864
2211	301
3834	2674
4663	3740
4142	2211
4734	816
5054	2149
3229	2486
3592	901
3129	1348
2089	233
1224	91
4475	2945
1710	1588
2749	2420
5176	2896
4612	1237
2756	2322
4627	2211
5069	901
5188	1705
4171	2005
4327	1710
4608	1455
5250	1710
1151	260
3473	2222
3988	3907
2327	1555
1656	550
4663	943
3631	3169
2179	2057
3914	92
5112	653
1705	320
3588	1710
4864	4317
5163	4864
1555	1116
2720	905
2910	1636
2720	2518
3205	1447
1758	1176
3848	271
3710	2393
5076	2612
4732	2604
4709	2277
2451	1705
5020	2700
4220	3135
4620	2542
3562	2318
3361	1893
4159	3710
3982	842
1741	1206
1984	36
1061	461
1479	1354
2509	1368
4129	1710
4678	3291
3184	1710
3169	103
4739	1942
5054	3951
4149	316
1837	901
4963	582
1710	573
2452	1836
3907	564
1710	1213
4195	1206
326	106
2885	1293
3177	1710
4571	4232
1061	881
2712	1710
4582	3976
2694	213
1984	275
3810	1349
3603	348
3907	3864
2557	1555
3802	3019
1924	1710
3169	1347
5160	3306
2211	1598
1577	689
4864	3000
1650	79
3417	1758
4478	3146
4216	1571
5069	4938
2764	984
2824	1907
1919	1735
4275	2107
4841	1697
1127	172
3864	580
2737	1293
1127	931
1666	1365
5054	3793
4285	2451
3627	109
2417	1907
2764	1647
2573	953
2211	151
3644	2708
4608	600
3240	2211
4222	1036
4739	2130
4080	1577
4427	3323
4770	4178
4841	1710
4789	2752
3219	342
4671	3641
1555	234
989	859
3810	2352
4275	1824
4315	615
2776	1757
4178	3873
1657	1070
2393	1577
3008	631
4864	921
4013	1779
4295	928
2247	1708
4171	3400
4217	2381
3420	1532
2976	1237
4970	3323
1574	96
4378	3323
3129	1710
4178	170
5127	1016
2673	453
2779	1555
1710	1224
3573	1710
1710	1107
2486	710
1878	589
2263	2128
2373	1120
2135	1508
1565	941
3391	1620
1577	943
2231	1741
5054	3253
4787	3169
4714	3641
2458	1237
3643	3470
3644	871
4935	1710
1555	1368
2263	478
1595	1555
1455	816
3109	871
5184	1918
3864	2673
2529	1411
4752	1588
2486	566
3903	3473
1137	447
2665	1541
4013	457
4734	871
2520	144
3054	1213
1293	277
4540	2777
3539	589
3602	2078
3405	1710
1237	489
2817	1657
5127	362
1022	457
4257	1723
4178	3856
448	154
2555	1777
2637	1757
2603	2039
4266	1710
4467	3635
4187	2910
3278	2776
1758	197
4075	1437
1585	461
3229	3001
2418	1206
3411	1710
5014	1710
4765	4540
4841	1705
3708	1710
4967	4555
3169	2582
3096	1723
1555	1540
3643	2239
2934	934
2211	598
928	277
4393	2017
2553	320
4285	3039
5133	5054
4801	3169
2586	549
4497	1362
234	157
920	566
2247	2244
3810	3593
1735	581
3169	2313
3326	2158
2814	1531
4130	2477
4473	3764
2329	1710
2305	1237
4654	1710
3411	2859
1316	1022
5179	1348
3656	3097
3651	1483
3169	2149
2486	275
3520	2945
4290	1710
2892	1710
2236	2078
4608	2521
4926	2653
2486	2289
3945	1710
4752	2109
3277	2486
3169	184
3627	615
5228	4178
2735	258
848	600
3240	1741
2024	1907
3169	2382
320	236
2381	2357
3602	3101
3169	2643
2211	1656
1274	348
4988	2146
4996	280
3799	2603
4676	18
2792	1710
4378	1086
3332	1710
3306	320
4806	4714
3229	2273
3686	934
2965	1907
5035	4124
4393	341
3644	320
1710	941
5228	4393
3016	1757
4738	1918
5018	2542
3353	1209
4116	1918
4275	572
5025	3069
1690	137
1710	912
4592	3169
4612	2673
4689	1025
4540	3261
3627	1741
3870	1705
4704	1120
4627	453
4295	280
2934	2042
1720	461
4207	4171
2275	602
2749	1778
4171	2903
631	54
5069	1290
2425	2290
5188	2673
3792	393
3169	2020
3169	2562
2477	2247
3976	675
5196	3124
3710	2603
3660	1123
2679	1574
1889	220
1710	142
4171	3710
1577	799
3169	1126
1710	1030
3710	3643
4540	2486
2951	1710
5046	3798
2797	578
1726	1646
2533	2318
2875	18
2870	2158
3169	1611
3644	3411
4393	828
5015	3572
3472	1585
4178	1006
4891	1555
4841	3739
2587	804
4891	4608
3799	593
5224	2244
4273	3169
2771	1025
4171	265
1708	871
3807	3740
3593	172
2381	600
3573	2256
3550	320
2573	1739
5224	2679
1197	933
3644	750
2207	1257
4864	277
4993	163
5054	935
2318	1780
5054	3848
4752	1708
1777	916
4094	2653
59	58
3570	1068
3099	1710
1021	18
5067	3291
2891	958
3291	716
2247	642
2110	1741
4869	1710
3495	1710
2318	1710
3914	91
4729	4608
4864	2479
4734	3120
1710	768
2749	2279
3078	1391
3638	1571
2633	1668
4267	3686
4954	4608
3651	2486
3046	1237
1039	359
4473	3781
4235	3345
3366	96
3169	799
3451	3303
3033	1710
3651	1653
4216	1710
4738	597
1710	58
5054	4395
2725	320
2904	2420
4663	516
1555	739
4410	1710
2618	1357
4178	2737
2916	881
4904	2263
5188	2279
4066	3644
4663	994
4412	172
1646	320
2661	299
1710	1076
4542	1555
1710	653
5054	138
3982	235
1778	1565
1555	135
3644	236
3291	2318
2318	2293
3169	1379
3122	1710
3213	3015
4970	4814
4161	1127
3708	764
908	166
3577	1317
1710	1540
1695	1574
2286	163
3572	1455
2653	711
516	79
4864	2211
2950	1710
5076	589
4810	1043
1609	417
1113	965
4315	1710
2003	1555
4220	326
2247	943
2916	1555
3229	3153
1753	1647
1710	348
5054	3411
3495	667
4171	1808
4930	3781
3644	943
3988	767
4973	2953
3225	912
3015	137
4663	3378
1565	277
3572	92
3554	1455
3710	1646
4843	1611
4171	1366
3088	1710
1577	674
3781	3169
1697	277
4225	423
4814	1506
2318	1638
1780	1481
2735	1127
1710	924
3413	815
1710	1345
4951	2207
2941	2305
2098	1230
2417	713
1846	1710
5054	3548
4393	3
3169	2308
2318	739
2720	1753
4729	1138
2186	1627
3686	2271
2709	44
4812	3635
2709	92
2471	2216
4951	4178
2282	1710
855	142
1617	566
3169	2222
1710	1185
3038	578
3627	2697
1541	177
1281	769
3592	3323
3618	320
1611	898
1270	1137
4275	1423
2286	1984
1710	1636
4225	1146
615	365
5054	4471
4973	489
2956	1995
4945	1182
3771	348
3483	3169
1710	1036
2157	2057
2039	348
3038	96
3250	2685
4785	3888
4967	1708
5056	1907
2158	881
4294	3353
1841	77
1072	587
5054	296
3194	2056
4627	578
3078	1741
4217	2482
4864	3282
1710	1674
3922	1076
3349	320
1710	91
4075	2003
4306	1907
4412	457
2749	1652
3472	456
1555	533
4178	1652
1867	45
5054	292
2135	816
4864	1360
2078	1276
4283	175
4898	4178
4554	3877
5018	3498
1695	77
2207	1182
3834	3498
4275	2823
5219	1130
2673	410
3039	1455
1710	166
4963	2823
1758	1585
4116	3475
4970	4188
3023	1710
4809	1978
2643	1710
1237	1182
2673	675
2756	2221
4660	1668
3529	3267
1720	989
4178	2761
3644	990
4973	2776
3366	2529
2157	213
1837	1710
3255	2587
4393	3169
1537	329
1779	1555
3945	3341
4178	2812
4476	471
5179	1536
4891	2976
4018	1585
4195	1314
3906	2078
4825	2158
2777	1965
1907	1047
4178	758
2988	1710
2425	759
2756	250
3856	2207
2749	1233
2540	815
3169	1481
3120	1127
4752	2663
3856	1656
1710	855
1555	799
4171	600
3278	320
4973	4970
3644	989
4288	4178
2941	2003
4356	3396
2273	2012
4232	3420
2633	1460
4275	3598
2991	2420
2801	1878
2941	1710
572	96
2977	2263
2612	2510
2916	2158
4075	489
3323	347
946	236
4963	871
4272	1773
1285	759
5130	3271
4689	956
4217	381
5238	4222
2768	1710
4316	1555
5152	889
3353	1766
3489	693
2709	244
4280	543
2892	2382
3229	329
3289	2318
4608	260
1626	1565
4841	1942
2254	1447
2749	2633
3396	381
3078	1608
3988	2764
4557	1702
1710	1450
393	142
1494	858
1705	1608
3420	478
2529	1555
1907	713
3872	320
1710	212
3473	1652
1710	1495
2515	1555
3169	58
4396	3019
5219	2756
4785	3803
4384	2568
4163	461
2510	1651
3230	1658
3898	1710
4935	3643
3229	2293
5208	1206
4963	471
3169	2829
3987	3008
3644	711
2158	2039
2805	1710
2242	1565
1237	578
3643	1710
3740	2110
3069	119
2318	1646
2318	2113
2482	2282
3487	2352
2653	2607
3710	994
5020	3125
4345	1837
2554	2048
2211	471
2515	1506
2425	1164
1710	241
1777	1039
4596	1540
1616	920
1016	275
1710	1532
4861	1710
2653	1761
2207	149
5107	4171
3169	2655
2953	255
589	213
2934	2764
4417	320
4158	3907
2509	363
4744	2451
3548	931
1672	1555
4178	1598
1710	261
2995	277
3472	2688
2711	1946
2482	1483
3466	327
2452	2056
3169	2135
2915	615
1789	1447
135	96
2779	2069
2113	1602
2510	1860
1182	447
2612	2057
3577	3169
2902	2236
4864	1422
4663	2211
4073	3019
4894	1710
1779	927
4171	2944
5054	2247
2990	2089
1710	990
5054	788
1852	1297
4275	3807
2797	924
4168	1758
4934	1710
1710	1657
3173	2749
2244	1127
3906	3019
4467	1127
2096	1710
3899	1710
4864	1395
3169	177
4671	1577
4041	1793
2989	2207
4403	690
1780	70
4582	290
4973	1131
3257	2916
1617	639
1710	1607
5206	4930
2352	1710
5062	2186
1290	70
4864	3393
4714	635
3420	3169
4348	2892
3071	2318
5067	1137
3518	2290
4627	1302
4973	294
3706	44
134	91
674	320
5054	2299
4195	1710
1710	378
4378	989
2039	1766
3078	2735
2663	91
881	111
3644	2271
3487	1606
2735	1710
2603	258
1710	513
4801	2582
1209	486
5163	3169
1577	1447
2211	2020
3214	2708
4130	1723
2902	589
2510	170
3120	946
4142	144
4267	2956
4275	2764
1909	277
4485	1354
4967	1447
3069	1342
5184	599
5163	2653
1060	172
1758	1571
3644	265
5062	4752
2158	211
2709	1652
3602	2889
2749	2582
5179	1237
4729	2720
3169	53
4985	4178
1447	188
1710	235
3399	1237
3807	1574
1777	105
4224	2797
4491	3186
4734	1206
2318	1420
5054	2734
3554	423
1741	1107
2949	1710
3169	2728
5042	2709
3548	2910
4899	1710
4050	1127
4958	1182
4646	2207
1710	1460
1980	621
2485	281
5112	3466
2653	1710
1447	1237
1577	1104
1710	1240
2279	1577
4951	989
2879	457
2756	2223
5133	2722
2991	2460
2579	92
111	70
2608	1710
4348	2417
3483	881
3173	2653
5150	2318
3336	3255
2487	1602
2510	1710
4178	3473
4226	1127
4963	696
3420	2510
1600	1420
3415	1455
3906	3627
3644	1918
2332	748
4706	98
3628	3169
5054	833
1600	1555
1710	1215
4608	1609
2602	1870
2886	739
2458	1710
4542	3169
1656	235
4864	2357
3230	458
3813	3169
3735	1555
1237	923
3168	2749
2867	1702
3078	453
1036	141
2318	37
2870	1531
1555	260
3937	3643
1780	92
3169	928
4101	2953
2554	2540
1778	906
4315	776
3169	718
3170	2936
1807	257
5179	1739
2533	1723
4567	3833
2787	1710
2991	1540
3903	3602
3628	1124
3163	2247
4973	776
1726	277
859	91
5054	2961
4110	1741
4467	3078
3641	1197
4611	4130
4752	921
3169	2765
4194	2510
3169	2224
1710	216
4930	1237
3306	871
5127	1270
3764	3169
4081	2279
4143	1710
5184	4275
3102	1710
4911	3256
1237	255
5188	2957
2673	1082
2775	320
3026	1907
2764	2164
2582	1565
1710	599
3122	235
4137	2653
4412	857
4130	2519
3169	1348
3518	3169
4148	908
2460	915
4659	597
4491	1907
3078	2764
3834	2778
3334	198
5025	3403
3641	2566
1608	713
3641	3548
4993	3548
3278	260
3001	2870
5101	1918
5186	4257
2789	1237
5207	2135
4552	2653
2663	2109
3893	1606
4540	3529
1710	277
2764	2486
3810	1919
3015	1025
5150	2158
4171	1555
3627	2653
4315	1338
4188	1710
2904	713
2286	1608
4280	1428
1938	1758
4752	1182
5054	4733
5160	320
4841	348
4948	3169
2192	1555
2322	1272
2020	631
615	216
4911	423
3426	348
4663	1942
4729	2158
1508	70
3937	2158
5132	91
3039	45
1708	1127
2977	440
4973	3602
4329	3736
4408	333
4487	3264
4013	2653
1179	566
4480	1757
5018	4963
3771	2080
713	320
750	649
3472	1777
3169	44
1568	1565
3177	2318
1780	889
4102	2935
4130	96
2327	1710
1646	1348
3169	111
1853	1710
1710	946
2272	327
1657	1016
2308	1606
3764	2327
2192	333
1138	600
4984	4841
4533	1237
3599	329
5054	2846
1931	676
5054	2510
4822	713
3635	2048
5054	3562
1611	296
3353	631
2653	1146
2685	151
4689	2135
554	371
1710	1293
1710	698
4275	2927
3710	1104
2515	129
4825	60
2460	138
5251	5219
1672	366
4664	1710
1710	608
1638	1555
4178	4117
4148	2361
5132	656
1710	1166
2020	244
3169	619
4931	1710
3593	1179
4930	163
457	373
2549	1600
4285	1127
4168	2673
2904	1196
4729	1166
3790	2486
1354	881
3966	2586
2875	2158
1710	616
3213	353
516	135
2529	2479
4973	1702
2665	898
4552	235
1596	599
1179	581
1710	674
3562	3278
4841	3785
4627	2653
3213	777
1710	367
2458	277
4864	4137
1753	1585
4752	4539
4714	3472
2936	2579
3627	1695
4026	2048
5062	3601
4129	1222
5054	4554
3246	1342
1565	135
3169	353
2113	1166
4988	4171
3512	1016
1758	1423
3289	1163
3194	1192
4232	1226
1710	729
2486	2304
2579	1237
3169	250
4623	1555
2749	509
2608	1531
3240	920
3689	3169
5054	1253
4327	913
3169	3038
4864	4153
3291	1182
4187	2026
4293	2349
3169	796
3871	2020
4119	3756
3593	2895
1237	777
1652	1639
4378	391
1104	122
3546	1609
5124	3020
1942	516
4178	255
2653	977
5187	2318
3635	1127
3522	235
1736	1018
3054	1710
4257	3420
3644	3613
3415	2390
3917	2318
4512	1710
5118	3850
4695	1680
4116	135
1966	220
3077	1723
5020	1656
4596	3473
3830	2345
4973	946
1611	177
5054	2814
3120	766
2222	1777
2555	2486
4066	639
2903	154
2653	1125
1237	381
3169	2859
5133	1524
2925	1710
1735	1710
3324	1710
4422	4178
3907	3812
1608	320
3353	2281
2020	1555
4306	766
4427	519
2318	881
2048	1710
1710	704
3593	347
1697	348
4171	1070
5150	2957
3628	2485
1666	60
5054	2165
3862	1447
4963	578
2486	457
2318	1138
1127	1113
1777	1225
5213	4178
5118	4320
2673	1351
3793	316
3790	110
1481	1182
4864	2974
2603	2304
4281	1555
4018	3169
2256	1206
2936	600
2916	240
3844	1315
1555	257
3169	2009
4490	4171
3052	1710
2211	1909
4288	1710
2529	1636
5184	2653
1022	163
4217	4081
3764	2896
3169	2427
1555	1230
3907	2093
4178	4071
2975	1710
3169	1173
4608	739
2797	1984
4348	739
1080	157
4864	4601
4178	4068
5015	1585
1577	290
3763	11
2271	320
2393	1988
2034	1710
597	50
3733	2389
4864	1574
1646	1166
2566	1720
909	693
4777	4663
4275	36
3281	1370
1431	676
3417	1565
371	221
4911	3740
1237	371
1663	91
3644	2372
3644	901
1672	1602
2256	589
2486	362
5228	1710
2612	676
3169	2536
3071	1710
4864	726
2072	1157
3914	447
1705	70
2385	1166
2816	2020
2562	1555
5157	4714
3169	1039
4872	2211
5105	1710
4970	2105
1710	1611
2263	2256
2352	1878
4280	2603
92	91
4862	333
1788	320
1602	1166
1710	788
3525	1710
4608	1602
3169	391
3017	2007
1710	684
2327	748
4497	1753
2211	258
5228	3644
5054	1080
4427	271
4627	2934
5242	3426
3854	631
5025	1984
4616	544
4945	1710
1710	549
3240	1757
4168	3907
2875	1710
1555	1138
5213	1273
1768	480
3573	3169
4864	4414
3988	2646
4627	989
3907	2322
1893	1741
1710	257
4639	3858
3411	2653
2158	166
4714	1255
4193	943
3169	244
5188	4864
1555	166
2318	1494
3807	1585
4329	3877
4159	1732
3400	279
4776	2665
5054	4061
3390	871
1365	1237
1957	1710
4429	1741
4904	1695
2451	1555
3088	1721
3945	1447
4467	1710
2211	1455
3030	1555
4972	1465
3982	1758
4729	1710
4838	3169
1293	448
4403	1455
4689	1710
2318	858
3988	3306
1681	1522
4018	2633
5020	2211
3361	2797
5067	3593
5046	2486
5179	4107
2260	1757
2956	600
2934	149
908	235
1732	1338
1710	1246
2609	2089
4085	3644
4814	332
2742	92
4845	3644
1237	391
788	371
4467	4225
3675	516
2653	1047
3932	1710
2968	393
5015	602
1766	1379
1127	448
2158	739
2332	1793
4843	3169
2797	1685
5042	2680
2304	1393
3169	441
4704	871
5133	2533
2603	96
3169	1794
3643	318
2764	516
2870	2113
3353	1736
4943	292
1080	972
4085	3425
2709	91
2633	1753
4951	1237
4732	2775
4412	3240
4688	96
1555	137
4899	1638
3249	2709
2934	294
5068	2089
4217	1574
2244	236
3764	271
2015	1710
4497	1465
2950	656
4497	4348
3169	567
3901	3169
2289	2039
2207	351
2953	1237
1137	920
2934	578
3644	881
4402	2318
4814	1338
4814	4729
4044	2749
2417	599
2486	1574
4178	3771
5238	1889
4148	1316
4608	2392
4158	1710
4600	3169
2889	2223
1710	239
4283	1650
3807	1710
2934	2105
5107	2579
1237	710
1795	77
5094	2247
3291	2322
4855	1710
4777	1555
1726	1710
5020	374
881	816
2653	1780
3078	582
1617	1555
3598	3487
4178	1297
4891	2273
5025	3025
5235	320
1710	1647
5157	1565
4864	1586
549	393
4552	3598
2499	1348
1338	446
3524	320
4471	748
3352	2372
2509	228
4744	2608
1656	329
2212	11
3168	2653
1627	280
1437	1209
3169	175
1779	1106
2562	2158
2603	762
2003	1907
4611	1710
3739	2708
4402	332
3395	2135
3289	2012
4503	1555
3291	1881
5112	4649
2322	1206
3169	1065
3425	2848
4275	1839
739	271
5094	2390
5054	531
2211	1780
3837	1710
4120	2458
4864	816
3001	936
3834	2418
4495	642
4970	1893
4378	3267
3323	1757
4988	2425
1997	1710
4148	2491
2653	55
3940	290
2673	135
1753	651
1338	1138
1853	403
2824	1741
2991	363
4731	3740
2848	1061
4521	3403
3644	1958
4408	2875
3483	3261
2673	320
3764	45
1781	1206
4781	1710
4973	299
4412	1179
2916	1766
1822	1636
4766	4282
3170	1577
5095	92
4540	4295
989	391
1080	257
1907	711
4107	710
1710	301
5149	3169
5069	216
3937	142
3635	1880
3413	2547
5188	1348
1070	36
1710	1179
5254	2977
4514	2540
685	549
4973	4663
1841	720
3306	2020
2031	1995
5219	2157
3877	1080
4608	1907
5160	4412
4818	2708
5054	3097
2977	1878
2318	417
3739	2486
2749	912
2752	453
5037	1757
5101	4864
5062	1349
5054	1076
1779	96
4864	994
1710	697
4094	3150
5076	1267
2020	1104
3844	3743
3213	2420
3308	989
4864	1361
4864	2225
4331	881
1870	1381
2665	1025
3540	1777
2916	2393
1555	464
2902	330
4235	111
3490	2957
4226	2089
3696	3163
1411	1108
4195	3643
3169	1779
1047	348
4838	3289
2007	1585
3710	897
5123	37
4864	1741
4168	2603
3675	2361
1316	1206
3017	464
3613	1710
3169	512
3877	2020
4789	2915
2425	1710
3230	2292
1565	184
4402	1317
2661	905
3969	1870
3169	1164
3877	1598
3046	1697
4663	4217
2486	1780
3125	2991
2131	1710
5184	3988
1753	92
3345	320
1455	222
2945	1710
2157	589
940	489
4026	1206
2603	582
5134	1574
1349	457
1988	1710
5058	2211
3253	1710
3169	258
5035	4497
3449	277
4396	1237
4178	2413
4018	2661
4972	1710
5212	3554
1710	617
4572	4490
3644	371
4921	764
2573	946
2284	70
5062	2663
4704	2776
3643	144
4988	3169
2434	1710
1541	359
3169	176
4825	4608
3473	516
4947	2458
1710	1335
5127	1657
4738	602
2814	746
3079	234
1652	1565
4714	4331
2318	875
5026	656
4081	710
3281	1878
1753	1708
4439	1710
1555	1338
3864	1565
1710	410
2282	1185
4159	1708
1919	423
3169	1989
3544	1668
3120	235
2897	2293
1685	1657
4412	1270
4166	1354
1237	280
1741	711
4744	4689
2211	587
3925	70
3644	417
4864	1374
1666	675
3078	91
1434	1237
5224	236
4294	3614
3291	582
5025	1342
4302	3169
2031	1348
3461	3390
1047	859
4608	2976
4161	2089
2359	51
4378	4102
2653	1585
1606	356
2380	2207
3856	564
2207	96
2510	2157
3834	2927
4482	353
4841	1723
2586	599
3834	3012
3548	3176
3323	1753
5188	1131
4274	2486
2244	1710
2277	1758
2247	1455
3802	2953
4467	729
4766	3462
3250	2485
3628	2685
5251	1549
1127	144
1710	1656
3790	91
5022	3169
2673	2039
2417	905
1237	452
457	172
3205	1555
3844	2057
4963	4220
4968	1039
3810	1627
4124	2486
4864	1683
4386	3169
4864	3627
1710	244
4864	452
3169	2211
1268	1105
2042	1555
5188	1427
4891	4623
4220	989
4963	572
990	70
2157	2078
5180	2953
4841	602
5188	1164
2417	320
5159	1710
2785	1710
5025	3323
2886	1272
4934	1555
4571	320
940	599
4440	901
1663	1137
1585	667
2520	665
3569	3169
4899	2643
1710	1233
5224	91
3614	1860
2749	1545
4689	457
3332	2784
3169	2956
3000	1555
2653	550
4489	2720
3810	2186
2113	1348
4475	320
4951	2886
3899	3169
4608	175
4627	3976
3644	1741
2318	60
1723	1316
3641	2916
3864	1697
4479	2734
2909	1710
4479	1710
2352	1227
2273	1822
2764	320
1710	332
1942	1758
4963	4627
1070	362
2777	2554
2482	1455
3012	1455
4706	3109
4079	3858
662	244
5054	2289
1710	972
4171	2756
3257	928
2286	940
4921	170
2857	1577
2279	1455
4970	3078
897	480
916	359
1353	213
3928	3472
4608	1879
2642	2562
2223	615
2247	172
5031	1710
2486	2069
1555	157
2219	1565
990	989
3169	566
1881	1666
4945	2452
3792	1141
2458	931
597	141
3710	1131
566	138
1684	759
2991	471
3593	1781
4914	589
4733	1710
4973	1942
1710	757
3403	2553
5035	639
4178	3256
1766	1571
3710	1608
2756	1870
4809	3218
5219	3906
5015	1224
2460	599
3275	3169
3361	1710
3413	1213
2158	1822
3275	2694
1602	593
4478	1780
2418	1758
3598	764
5114	881
4514	320
5132	990
1300	77
1803	815
3201	1710
1710	173
4215	1555
2359	1710
5046	1555
4319	1710
5179	157
3768	1237
1577	921
4620	1978
5134	3169
4739	1347
4902	4085
1555	417
3807	96
2078	2057
2449	1490
3218	2797
2318	1909
3694	1647
4432	1710
3046	1710
3257	946
4739	3602
4620	2555
2368	2135
4973	881
3153	1753
3592	881
1484	1455
2653	1626
3546	2318
4148	197
3614	170
3710	740
4864	198
4171	1044
2031	1602
4615	1697
3546	587
3213	1793
1971	1611
4963	4475
3764	2859
4041	1532
5118	3790
3281	693
2713	77
4193	3129
2725	1889
2886	901
4973	2359
5238	600
4225	4207
3038	1585
2293	2247
1710	1242
3710	1206
4026	3592
3230	1531
2486	2451
2207	711
3448	2158
3323	748
2540	1213
4809	4694
3932	2158
4266	2370
320	163
4864	4429
4275	912
2756	2304
4864	2288
4094	1152
4789	1080
3942	1574
2257	587
4479	105
1710	1268
403	106
4614	4451
3190	1710
1780	1096
4087	2911
1710	509
4148	3278
1555	175
3282	2286
2870	1283
3420	1710
1684	676
2370	916
4224	142
3686	1061
3169	1549
3078	2934
2926	456
1206	897
2519	348
3169	1789
3473	1710
4478	1710
5031	1946
5208	4954
2749	235
804	70
1710	762
4357	1016
4171	2957
2921	1710
2633	566
4439	3278
2299	1210
4972	615
5095	1710
4981	582
2915	2725
3985	2318
4491	1710
3635	1710
1735	1627
3599	3573
4019	1585
1870	697
1646	1138
4066	1732
5188	320
3466	653
2957	1697
4280	1227
3352	2957
1697	184
4825	905
2894	676
2222	228
1555	665
4663	4081
4061	1555
2957	2916
2679	2529
5112	3413
2749	317
4752	928
1710	423
4098	2486
3710	1455
4689	2451
3169	2637
3198	320
5130	4439
4974	105
5042	2249
4178	1236
4663	2256
1338	1333
4171	3641
1511	990
3012	2304
4671	3740
4973	860
4766	1658
1710	1697
1928	347
5130	2935
2904	1684
2562	2318
5238	5156
4752	744
1710	1608
1555	1166
4148	1359
3593	1137
2742	1831
2776	2450
2661	1428
4275	2991
5132	1780
4864	3696
1555	816
5179	1723
5025	1127
3275	3015
2573	1237
2579	1086
4521	3169
945	564
5107	2767
4102	379
4497	1124
2582	1758
4555	1577
4542	2064
1182	990
1647	348
2579	578
3601	946
2756	1766
2886	453
4013	1710
4864	1640
4615	2671
1104	599
2339	1565
3472	907
5054	4963
4673	1741
3420	3015
1708	1064
3169	800
4263	3413
4124	1708
4194	3169
1204	1127
2582	1465
3764	990
2078	1710
3498	2737
3386	977
4085	1710
1710	1223
2750	391
5054	4424
2720	1465
4891	1710
2308	1237
3988	943
4171	921
4864	1566
3169	2966
5254	2694
5054	2098
4608	1293
2359	2247
4171	1036
3763	1710
2521	2318
3963	1555
2263	527
3169	1742
3472	1779
1970	1753
5179	710
2653	1274
4904	3906
4954	1338
4265	2139
3169	2515
3267	1821
3635	1708
5001	4930
1555	1531
4864	3988
3169	2557
4116	3087
4759	3486
1710	1395
3944	3169
4440	4275
3146	600
2848	1710
5208	871
3078	990
3038	1588
4478	2749
4973	3425
3710	2145
4418	3169
4081	2382
3906	589
4575	111
2452	381
2892	96
4935	2936
2802	2510
2779	1741
5069	3169
2764	1061
4649	2078
1710	44
4479	777
4148	96
3169	2951
1710	111
2499	897
5018	2934
5037	4714
3078	2674
2779	1585
3308	3169
2673	2555
3628	1710
3781	2290
3628	3012
5054	4495
3877	2318
5047	2653
4861	1237
3805	1710
2318	1723
4178	4045
4424	3169
3169	2669
4561	3186
578	96
884	716
2817	362
1495	921
2533	2158
875	690
2036	1455
4864	312
2072	1869
3418	1710
4263	1938
4714	920
1780	1646
3169	1995
3580	1669
2207	582
4719	748
2393	566
4274	1989
2533	1555
280	234
1781	1565
1555	37
1870	582
833	764
5242	5156
3169	260
1710	928
2048	946
4171	1710
4612	2653
3987	1536
1970	448
3278	945
2870	2318
3988	1574
1710	1494
4140	739
4883	2510
2518	2420
3169	255
4864	733
3135	3078
3039	1555
5042	2263
2633	1988
1822	1555
1224	602
1803	270
5062	2767
4845	111
1227	299
4663	3877
3491	2318
2603	294
4178	1617
3793	2750
320	102
1494	371
5063	2756
5054	212
750	77
1508	1338
2896	2777
3710	222
1910	1036
516	489
4973	859
3026	2673
1061	320
3323	1555
2350	2263
4539	2663
288	157
3906	213
1995	676
3001	348
3643	2875
4671	913
3169	3117
3169	497
2943	70
4364	1624
4378	92
1617	1246
4612	1206
4841	1047
3123	1710
1057	662
2582	1779
2529	1710
2875	1455
4130	1555
3689	92
1710	59
2313	1297
4663	4359
4473	211
2380	1590
1710	1427
2510	1300
1179	347
3063	928
5026	1349
4864	2668
4178	2703
1577	713
3169	1351
2749	2529
4402	1166
2945	1656
4178	382
4676	1710
5149	1710
1039	440
2953	1907
4864	3425
3240	198
3244	1565
3470	1237
4612	1511
4659	853
5112	1710
5188	1431
1710	1129
2158	748
1710	1351
2935	1739
1437	1359
4845	45
4175	1710
4785	1710
3613	1237
4614	1768
2708	2554
1343	662
4246	3130
4201	1708
3169	213
4193	920
4608	2031
5179	3393
1237	908
3686	2764
4864	3963
3660	1710
2749	2637
4217	1165
1420	332
4149	3644
4476	3169
4201	1710
4761	1710
2278	1656
1293	1138
1611	1039
1779	1072
4427	3063
2661	906
4864	3072
4704	301
2278	549
4319	2089
3411	1411
4380	1710
4864	144
5076	5054
3941	1710
4663	1779
2653	2633
1741	44
1710	327
1779	1447
4714	1096
2941	615
3710	2146
3969	2945
1646	332
5244	2529
4178	1017
3969	1138
4185	1555
3644	91
3958	1710
2764	940
3278	2211
4943	3395
2643	2555
3977	3169
5054	2658
1705	163
1907	1638
3546	1166
4864	1758
2185	662
3413	2536
3015	1273
3856	1870
4440	1445
4408	3749
3512	599
2332	77
2529	1131
2895	1710
4281	3988
3473	2130
3602	2765
3109	1455
4107	3644
1867	288
1600	1506
4731	1876
3291	3261
2318	154
4608	1230
5084	1710
3602	1173
3448	45
2182	1710
5054	4789
4608	2656
3169	543
2486	1588
4274	1710
3546	1338
4948	4223
726	111
5165	2481
3012	122
1096	393
1710	1646
4225	1036
1710	1060
4814	1907
4695	1555
1455	881
1710	170
4981	984
3483	371
2936	1237
4101	1779
4148	1395
2249	1878
3399	1555
4540	3169
4765	2158
2305	2003
4608	2039
4954	3644
5020	1666
5069	3261
4948	1931
4789	281
4669	2579
5219	2223
4663	3739
3914	1741
3668	1741
3169	1447
3951	3644
2432	1710
3877	240
2934	2737
2823	2661
2915	972
4904	213
4075	1710
2225	2158
3615	2777
403	326
2722	1617
5068	4947
4174	1757
2158	1166
2284	320
3593	1182
4608	1989
5176	1455
1577	1455
4572	1710
2158	1609
3710	2158
3413	3225
2192	381
3856	2653
3688	3169
2540	2207
4904	3193
3039	2859
1757	1636
4469	3332
3937	1141
359	105
3214	1555
2673	1354
3423	1710
4910	3285
5020	2653
3169	2814
2679	967
3793	576
4608	1732
4469	951
1792	1710
5127	921
3548	1931
2486	36
2763	2510
4267	45
3117	320
4318	3644
5101	1710
5006	1710
3590	1710
3548	1021
5054	2612
1348	608
2673	1455
3644	2735
3834	1379
4207	2956
1710	151
3169	3001
1710	934
3169	2433
1978	1773
1101	359
4473	716
2510	589
2273	2025
4605	1710
3310	2275
2866	2529
3169	3052
3146	1455
1710	1007
3078	2653
2679	236
4061	2211
3366	516
4800	2735
3963	1138
2420	2158
4695	1710
4042	881
923	884
4899	4639
1237	265
2801	2709
3419	693
4440	3974
4814	1348
1391	931
1146	675
2817	1016
3111	3069
4116	3877
4608	3546
3353	1411
4119	3085
884	461
3169	1541
3169	1460
4081	96
3706	471
3169	697
478	213
3257	1708
4729	3546
711	564
3598	2352
1736	235
2934	2449
1710	903
4148	1360
4327	2081
2380	280
3240	1237
4954	4159
2393	608
1758	1710
3213	137
1710	1617
1710	290
4178	3606
1555	858
3169	1508
3689	1127
1577	453
2653	144
3644	2870
2192	1577
3278	1406
2326	1555
3351	1710
4124	393
3019	1602
3169	3134
2991	2304
2653	927
766	711
4200	1710
2681	931
2089	1182
2934	587
1360	878
4954	1958
1710	1016
1690	1226
1349	1060
3548	3111
4663	3019
1616	94
4075	1237
5056	2776
4930	4281
5112	4047
3487	3169
1636	96
2242	1710
2219	1757
2457	1555
1125	718
4225	3554
4781	1447
2579	1511
5188	516
5160	4199
1808	1531
3122	2673
3323	172
2219	1710
2486	946
3244	2775
2310	1710
4782	1723
3372	1104
1657	362
2886	1846
3173	2673
4087	1413
2313	589
2663	1708
3169	2181
2801	2680
4171	1838
2263	1878
5107	456
4864	2318
4864	3562
3308	2720
3785	1942
2661	1710
3710	3230
2961	927
4285	2896
3120	1447
3627	2709
2425	1431
281	144
3570	1555
2222	1653
5067	447
4934	881
4295	2053
3225	3177
4914	4359
1182	931
4551	1710
2989	951
3019	615
4554	3793
1946	1710
4222	1237
1366	713
2934	2093
3120	1565
3688	1206
1918	236
1918	1237
3169	1224
4159	1753
1710	1565
2069	1588
1360	1047
1758	1047
5062	801
4673	2709
1970	1555
1608	163
4275	578
1996	554
3419	60
1722	1710
2105	1237
4663	3602
4140	1893
3627	2128
4739	3473
4046	3019
2752	739
3169	1380
4552	1758
2135	1710
4412	1741
1577	1420
5054	2158
235	96
5062	1182
3729	2729
3498	884
3257	1506
2916	1411
4608	3001
4318	2709
4199	2859
1710	1555
3249	3169
3257	3109
2846	1793
2277	2257
3326	2486
3169	1236
4855	77
4777	4608
2458	1127
2951	1697
4864	2372
3078	1710
4439	3169
4153	2749
2870	1166
5208	1758
4378	1357
4285	3323
3252	1447
2418	1710
5188	4178
4615	320
2916	1723
2331	1683
2919	1455
3627	2222
332	129
2889	2222
2756	2581
5187	2158
2961	1732
3349	1620
3213	2669
5076	2977
2019	1710
2157	19
788	316
1758	1578
2211	21
1741	1137
3588	137
3411	951
3598	1607
2749	1617
4864	735
3015	77
3169	320
1663	989
3976	1710
2089	824
3169	3071
5219	1653
3169	1317
2064	96
2158	1989
4768	1710
713	458
4678	1237
3387	1197
1907	320
1710	1706
4625	1447
5188	2425
1710	728
3489	3169
2896	525
3821	1437
5025	2417
4217	3169
4787	3602
2486	776
5118	921
3683	3602
4930	2486
4013	943
4098	2952
2486	166
4130	2357
1710	299
3969	2603
3213	2332
1508	910
1354	975
3651	1710
4275	2934
3015	127
1710	940
4902	3602
4921	330
3229	244
4224	1290
2910	380
4616	1737
3169	2961
2069	733
3834	1710
4899	3400
1710	543
2709	166
4948	4178
3169	359
2586	1354
4973	4153
4594	1565
5054	1737
1837	936
3169	1393
3449	1209
3169	96
2909	1138
4970	3710
3169	1445
3598	1606
4601	1710
1484	320
1708	672
2872	1710
4864	3261
2892	1617
4485	3644
1710	294
3951	265
4864	135
5157	1757
1710	764
4777	554
3888	3015
111	92
1588	391
3134	1555
3213	1532
4963	4117
4327	587
2756	2486
3787	3169
931	913
2717	2164
4085	92
3257	824
2009	1710
2815	1602
3169	1959
2957	2553
3257	1224
5213	2756
3643	1274
2936	2158
4663	2381
4098	2708
1710	489
4081	1710
2961	1779
5184	1721
4660	1710
2089	1157
1646	566
3038	70
3069	1664
2653	901
5054	4315
4473	3291
1022	897
1455	18
4993	3176
1070	1016
2558	2110
4224	739
2020	1822
5179	1223
4159	3257
3591	3169
5025	4627
3785	1710
4068	554
1907	1705
2158	1602
4329	2451
4075	3740
3169	2660
1237	749
4355	4117
4608	127
4149	3291
3592	1710
4973	4943
3280	1710
3323	2318
2318	1270
5251	2902
4864	3573
3554	729
4729	127
4130	2273
4963	135
3877	941
3169	37
1455	45
2629	1566
4582	189
1789	1710
3871	1710
2418	2012
5054	2222
4911	445
3489	1080
2542	674
3240	1182
4018	554
3937	2318
4864	1018
4093	3951
2157	2128
4841	2562
4171	3639
4542	3963
2032	1585
3802	1316
4107	642
4412	4384
2451	644
5011	1710
4469	3122
4281	2540
4973	96
4073	2304
2540	842
3506	1766
1179	457
4257	1283
4148	3020
3250	3146
1931	631
3001	2486
5184	1206
3420	2332
3025	1445
5065	320
4988	1431
1970	348
5069	881
1103	381
4094	3169
4061	3644
3502	2349
5238	2685
2345	273
2529	689
2965	2603
4777	1237
2166	1780
3614	2627
4490	4321
5238	4749
3580	3078
3472	3323
4935	1293
4623	1710
951	768
4729	600
4348	4087
4963	3848
3421	1710
2543	1710
1710	144
2603	735
1600	1342
3554	1099
4575	602
3169	884
1565	881
3169	3024
3710	2292
1710	280
5251	2085
2486	154
5176	4199
5076	1878
1946	566
2797	1669
1915	393
2764	1710
1571	235
3593	1102
4812	2909
3540	2957
3860	1710
1758	458
1780	990
4719	1867
3906	2756
2749	1405
1176	91
2709	1353
3411	3271
2757	1273
3169	881
2756	2020
3599	1870
3602	2801
4752	4275
2749	2418
4178	2652
4808	1710
5196	1995
2808	105
4066	744
2222	916
4131	424
4098	320
5133	649
4600	1710
5207	1710
5160	1585
3026	600
3169	2580
3739	881
5250	3307
1803	936
4217	1447
2976	2956
3278	1484
3239	1710
1555	211
3001	2953
4315	348
3169	3019
2700	1565
2889	1710
1206	816
3466	3169
1780	91
5184	1757
2017	828
1455	871
4973	3506
2673	1272
1710	1394
4571	1226
3995	1455
2158	1494
3101	1086
2477	2048
3169	1942
3169	2042
4973	711
4608	1379
3807	277
2525	1705
4257	3718
2653	1061
2158	333
2889	1882
2104	549
3858	260
2735	3
2680	1650
4894	3169
4926	1710
4787	235
2128	589
4159	1137
5244	5196
4073	290
4706	951
2064	1447
4132	96
3396	2370
5054	4700
1240	662
4178	1653
1971	1626
4623	110
1958	348
3643	2533
2673	1179
281	91
2553	2207
3169	3109
2390	599
4608	608
2104	1741
2158	1710
3570	1710
2224	1447
3169	2378
4988	913
4121	1710
3506	1887
4473	1758
3893	3281
1182	921
2458	2292
2882	1237
2679	1577
2139	1710
4789	1555
5213	3169
3169	1938
4013	2603
2357	2024
4608	1348
3548	288
3123	1127
2499	1710
4267	2767
1555	684
3078	1555
2735	1555
4973	2582
3169	2368
1710	1638
4178	3276
2582	1127
4174	3019
4579	4359
1710	232
5165	1710
2318	535
4967	1206
3052	1447
2919	907
4734	1918
4473	1237
5118	1588
3169	1566
2949	1758
3278	3025
4706	277
3078	1758
4235	2244
2776	2673
4864	2637
2269	172
5054	1931
300	70
3643	928
4412	4171
913	423
3038	2109
615	600
2546	1455
766	554
2529	91
4930	3613
2797	453
4476	662
4026	566
4417	1555
3644	2554
3810	347
4368	1710
1506	332
3169	188
3169	281
3129	1577
1447	1206
1656	854
3997	96
1978	777
4752	1237
4800	2653
3736	3019
5054	485
4061	2934
2653	1568
5160	5123
4970	4663
4412	2109
5114	1870
3644	3198
1736	631
4110	1710
3169	1293
2976	1447
3169	1230
4049	2720
2734	1710
4902	1455
1710	594
3198	1918
2801	2158
4418	3834
4098	2733
2915	662
4649	3977
175	3
2318	905
5212	1555
4864	4152
3403	943
3308	3078
3000	2673
1710	1074
4393	2089
4544	4178
3019	1366
4782	554
2997	1522
3554	320
1646	1555
3198	3109
3491	1710
2281	1736
2965	2434
5176	1127
2318	246
3125	2304
4752	1585
4217	1779
1658	316
4858	3391
1602	157
3345	1577
4993	2273
1351	1206
4864	3352
3631	3353
4171	457
3914	1821
1237	855
2486	1984
4046	1876
2247	1585
2289	2158
2148	1710
4967	4467
4596	320
2486	2361
4855	4460
1710	726
2247	1710
3169	2428
3169	2012
4166	1447
3250	1471
2380	270
3627	2694
1808	1710
3644	1577
3366	1779
4201	2207
1608	881
5067	3240
1437	869
3101	1173
4075	776
3169	1251
2521	1585
4129	824
5062	857
2373	1565
2653	1423
3705	2421
5108	1343
4627	2673
3039	2536
4883	1710
3280	2653
4785	777
4864	111
2776	453
4110	1870
2801	1669
4734	3592
2646	1138
4539	990
1616	348
1237	127
3928	1127
2385	2155
4046	2486
4575	2633
5179	4623
3019	1870
1611	1101
5251	5007
3169	589
1206	294
3071	249
3169	1958
4797	1984
2916	525
4891	2318
3332	1447
4575	1127
4152	1710
4213	3169
3109	602
2207	1080
3390	965
5047	2282
4315	4161
1821	693
4521	549
4226	2988
4497	3781
5035	3169
4485	1206
3548	351
2157	1920
4418	1555
4317	2749
5069	1608
4226	3456
3473	1882
1007	642
2859	1710
2510	2223
3281	3169
3020	1723
5020	2418
989	255
1710	463
3353	3016
3000	2886
2244	320
3169	2524
4085	853
3602	2380
3635	154
4275	1577
2385	1602
1773	1532
3893	2158
2777	2303
4213	1555
4934	1338
5252	4899
2801	2263
4178	2558
4954	1732
4864	2241
3169	234
1945	1007
4902	4663
3872	2273
2976	933
3169	2452
3288	2756
2481	2192
3072	1907
4970	320
5082	1695
1710	865
4171	913
3169	142
2109	1741
4178	748
1627	1293
3886	1710
4047	2801
4159	1127
4429	934
2889	2673
3039	1359
4018	1555
4752	3593
3472	1483
4178	827
4973	4168
4699	4178
4614	1710
2573	2020
1710	901
4612	423
3310	2587
2352	764
2700	2653
4480	2749
4841	1555
3705	1285
2612	2263
5180	320
2389	951
5015	4738
2457	1532
1928	1274
1710	1172
4904	2128
2765	281
2749	550
3834	1366
3708	2157
3877	3498
3261	713
3792	3120
2105	1710
4061	3498
1484	1434
764	762
1273	1268
4579	4178
5156	3628
4321	1910
2928	2749
2784	1710
1343	393
3539	1710
2768	1574
1669	1577
3546	1348
1672	1585
2902	2680
3169	1879
3643	2279
1710	635
2673	2219
3530	394
2919	554
4970	111
1606	1555
1710	858
2153	1182
2749	642
2402	1710
4592	4194
4429	3078
4320	857
4947	458
2158	417
2425	1127
4341	3945
1975	1710
3907	3308
3635	260
4408	665
1130	353
4645	1800
2428	1555
5062	3169
3310	2192
4575	2290
4973	2919
2039	597
3071	1971
1970	651
2361	1127
3643	300
4178	2486
4938	3740
1995	1710
4307	2291
5030	2380
4295	4093
720	566
2486	1481
2509	1163
3627	597
4967	4864
2269	1710
3980	2211
4039	1237
5254	2995
3644	1075
2318	928
4119	1820
3781	975
2305	109
4671	2291
5254	5042
5067	1182
4936	631
3169	77
3230	320
1710	713
2977	2709
3097	2653
4809	2643
4627	3907
828	824
3169	1436
4904	4094
3546	2031
5219	1347
3907	1574
2941	1800
3548	2550
3169	2607
3411	1455
4914	3598
1338	1082
3522	2775
4429	2653
1106	697
1909	1710
2805	2279
3257	3177
3289	1455
2637	1710
4026	615
4412	3091
3046	713
3763	576
1585	1447
5156	2673
2934	1705
5046	348
3078	21
3856	2673
2025	1710
4947	599
3548	270
5082	1710
2749	2734
5031	3535
3184	277
3710	379
1710	694
4800	1710
1447	338
2420	764
3015	2332
4789	1710
3848	2211
4272	1457
4864	1300
1366	1270
3963	3332
3802	2935
4412	423
2737	2529
4974	1237
4594	1780
320	270
4904	2977
2722	1555
3169	2885
3078	2547
2211	578
1784	1710
3452	320
2158	726
3856	1757
4814	1237
1237	281
4094	1555
5015	3644
815	270
3421	2633
5089	3963
4958	233
1965	45
2303	1656
2976	2897
3635	348
3644	3332
4864	1447
1970	1647
3529	635
4171	2757
2211	564
2457	235
884	456
1720	92
4348	1946
4066	3323
3602	1237
2927	1656
3278	1636
4734	3572
3705	1926
3169	2434
3593	2663
3169	535
4384	3020
2529	2457
3169	533
4838	2673
1669	1104
2919	1705
1710	748
2925	2633
881	236
4838	4555
3473	1347
2020	1531
4495	767
3807	381
5076	4904
1821	1481
3261	320
2767	320
5076	1365
3718	916
3534	2318
2953	1348
1237	587
5132	3683
4177	2020
4620	2486
2661	2284
1723	1047
3710	2224
3686	96
3146	2247
4378	3277
1821	198
1720	1710
5099	3803
3078	1918
2389	768
4412	3675
2934	582
4594	4094
4304	4107
3911	1710
975	716
5235	3710
1918	333
3025	1555
4973	2573
2848	2357
2219	1107
4026	1919
4041	3413
2957	1224
3332	348
2679	1766
3323	1237
2846	2263
3888	2808
3169	1082
1710	1011
2211	329
2318	1870
5035	3109
5150	2749
2901	2749
1710	1357
4159	2327
2273	943
2622	1878
2989	2749
3097	889
4785	3420
4378	3644
2457	1237
4608	4061
2956	172
5242	3628
860	142
1710	480
4231	320
3169	2509
1708	602
3278	1455
5160	921
1780	921
1723	1555
4729	1555
3120	1141
2976	2318
3291	3240
4013	2211
3792	465
865	644
4171	2219
3370	3261
4970	2211
4864	2278
3026	1237
3026	1495
4490	3169
1338	316
2817	2486
2660	1447
2486	1113
3686	320
3641	913
4102	1669
3768	2653
5054	4972
4930	2708
4479	1611
4348	4178
1710	564
4841	3214
3613	2012
3291	1876
5220	4013
2482	96
4418	1237
2290	1995
3877	2814
2991	913
4911	853
4704	3663
4285	2777
2211	312
1710	1018
1348	417
951	549
5015	37
4947	716
3120	1758
3334	1127
1432	255
2450	320
2709	221
4706	711
4552	3907
4864	3413
1348	484
4473	2020
5130	4714
3842	1710
3559	1710
3230	3069
2486	235
4608	3229
4348	260
3411	2039
3403	2989
5118	391
4663	257
2530	1710
2370	1465
4285	1617
3426	651
3540	1882
1710	828
5200	3169
4321	4207
2510	1039
3810	3111
2244	946
1138	348
4963	2703
4973	3475
2479	2357
3627	2057
3988	2673
2949	2749
4081	2956
4540	3291
4646	2653
4954	4471
2510	2078
3529	379
1732	1555
3628	2072
2935	462
3541	1710
3101	2813
3169	621
2633	1710
2733	2705
1588	946
2749	2040
1969	1766
3710	2764
3257	91
3038	2633
5015	2486
4051	1710
4886	1656
4533	1577
3627	2236
3614	3169
2515	1338
2983	1209
1735	1182
4320	1237
4469	1293
5159	2872
2897	933
2224	1710
1270	1060
1224	37
3323	908
2927	2613
4954	1237
4473	2486
1047	18
3834	3078
5067	2207
3803	2757
4101	2486
2717	1555
1427	166
5121	1555
4275	3217
4700	1455
2927	649
4921	1942
3641	878
5134	936
2477	1970
1225	228
4044	2870
3169	3006
2989	2603
5185	850
5132	2486
3792	3644
1080	768
4303	1710
5054	2192
2797	2749
4797	144
2658	1555
3976	320
2991	2254
739	348
3790	1237
1577	779
3625	3548
4973	135
4785	3213
4178	2856
4174	3169
1710	1124
4178	273
4066	2486
4319	3877
3078	1780
3391	2284
2934	2378
4602	1710
4178	2361
4039	1867
5018	739
4171	3624
1834	1070
3169	1652
1710	593
3643	2813
5062	4412
989	70
2318	1995
4412	1060
4110	1656
2989	665
4921	1039
3548	1807
4592	3213
4439	901
3091	1710
4776	1237
2603	2451
1946	672
4996	2211
5112	1978
4403	4267
4663	3177
1555	1187
3588	1978
4930	2892
4701	1907
5176	2859
4582	1978
4855	2909
3169	2554
3641	1758
1736	788
2653	2393
3026	1138
2808	1036
4904	2057
3593	1107
2529	1585
2974	1577
2586	1197
3012	1206
4864	4168
2434	619
4075	1577
1663	1237
3877	940
4996	1710
2524	1191
4864	4272
3906	1878
3644	2579
875	154
3643	2039
4787	96
1237	776
2032	1942
3169	1029
4224	1138
391	91
3764	2020
1727	1710
4403	1710
5054	989
2211	1574
1807	812
3249	1710
4194	1522
1808	96
5112	1832
157	45
728	320
3733	1710
3658	1710
5069	3550
881	184
3126	881
4869	934
578	564
2247	348
1348	327
5054	4327
1796	1710
5250	1555
4551	141
2660	445
2352	2186
2720	1889
2263	1650
3798	3169
2421	77
3763	2212
4087	2361
2656	1555
1423	1043
3169	2332
4714	3736
1753	448
2236	244
4575	2996
4107	3418
5042	3096
4671	1342
2886	320
3411	2829
1710	1375
3091	2869
1710	371
3177	2519
4789	2935
4215	1907
2914	1710
2894	931
4930	3278
4714	1710
3963	3122
2393	1646
2871	1237
2562	320
3169	2813
3169	3032
3449	299
2510	2249
4217	3001
2359	1237
4864	3590
4469	2457
4166	2756
4013	599
1636	280
3928	1585
1735	457
4168	1656
3225	2012
3764	3039
3198	1224
5047	3015
2779	1907
853	371
2290	1555
2521	1705
4225	1647
2486	989
4257	322
2542	1165
2509	1240
3529	1086
2886	2812
3995	1173
4280	489
4378	3598
2521	1555
4116	3635
4277	3345
3602	764
4869	1574
4211	1847
5168	1710
5090	1541
3170	233
3169	1598
1125	348
4714	602
994	348
3643	330
3554	2720
4315	3017
5084	1237
4582	3922
3644	1375
1555	1047
4393	4161
1710	222
2749	2392
4738	1224
5046	881
4439	3802
5179	4789
4954	2158
5160	1555
2934	1710
1669	320
4739	77
3888	137
2231	1710
1230	1080
3627	2263
2953	1555
3736	3169
5020	2949
5233	1710
3413	1978
2943	260
987	576
4864	3016
4476	3937
3598	2078
4954	3572
3071	2582
4954	1585
1736	824
1237	14
1565	1080
2896	45
5124	1710
4285	2859
3668	2530
1710	357
4378	2579
1571	485
4608	3177
4967	2952
3554	1710
5035	3792
3323	1710
3638	1918
2529	381
4627	1757
4864	3217
5020	1928
1761	1565
4348	1907
5133	197
2549	92
2612	764
4738	744
2956	277
4412	1616
4825	1555
1944	1343
1909	1555
4073	2756
4861	2158
2031	1166
5015	875
3390	3109
2332	1723
4838	3644
4797	1710
4845	2859
4722	1710
3627	3169
4861	1555
4473	457
1237	1113
3063	348
2910	96
3491	2158
2286	897
1736	943
2293	2273
2989	18
5054	3624
2904	2020
4129	2017
4864	149
2486	92
5025	587
1710	580
2289	1411
2486	2327
4937	4178
3602	1381
3958	3683
4485	2685
2911	1127
5118	2069
2257	1237
4178	2179
3487	2653
4845	1710
4864	2432
2869	1666
2244	1577
4864	776
3169	329
3282	1022
4627	2579
3176	887
4864	1736
4699	3548
4327	2646
3306	2211
2540	1080
2607	18
4904	2709
2764	1151
4825	3169
4963	3856
3834	599
1197	144
2327	348
2509	644
3877	348
2263	2078
1710	1272
2318	697
2158	290
4071	2653
3554	1127
4193	3686
2231	1611
2720	566
4864	3883
2393	1609
4601	1867
5020	2633
4608	2936
1555	933
2989	2925
1710	18
5244	1710
4729	1609
3613	3593
4921	2471
2573	924
5047	936
3108	320
2823	1741
5179	3033
5176	3039
2382	1710
1965	1867
1710	907
4988	1710
2983	2936
2247	1209
2308	2158
4171	271
2749	320
4765	1555
2902	1710
3323	2486
1596	320
3844	1710
1758	1096
1741	1663
881	18
316	119
4275	750
1022	905
3169	496
2318	2039
1127	380
4825	2521
2452	1192
4178	2673
4159	3109
4478	1335
2989	2764
3718	1225
5068	2817
4422	3169
4540	423
4101	457
3169	2935
4958	994
3169	1532
3644	710
3651	3229
4789	1565
2085	764
1942	348
2109	1479
4475	2991
2817	1129
4085	91
5056	4139
4359	1680
4608	593
3008	1209
3534	1237
5054	3413
4706	3856
5054	4826
4993	3169
3426	155
4785	936
2902	213
3866	1710
4608	1479
4490	4207
5188	2679
1907	1531
5015	639
3641	2393
2318	129
2956	2482
3078	1127
3378	320
2661	257
4267	3498
5054	2452
2361	1465
2031	1138
3602	1878
4984	4120
4954	348
3519	2486
5110	3169
2195	1179
4257	2158
4061	3169
3169	1907
1779	1427
1179	1060
1555	1374
2977	2057
4207	4085
3019	98
3548	3008
3914	3240
3169	2225
1969	1342
1057	363
4168	3323
1213	105
1768	233
4567	1532
1176	766
513	235
3598	3169
1447	691
5025	1975
4168	1316
1881	859
1710	1255
4473	2904
3570	1021
4814	1710
3969	3417
3257	990
3214	1447
5047	3725
4938	3686
4646	1766
2764	489
4963	3101
4478	3834
2286	1022
2733	1710
1197	458
2446	1710
5118	4412
4800	4476
2486	1672
2524	277
1555	1447
3271	2418
3323	1224
3877	1209
4970	2603
3995	1710
2486	1257
3169	2402
4678	1555
4150	1710
1988	1646
3229	2318
4071	908
3323	2957
2725	972
1827	447
2069	744
1160	1157
2936	726
5047	1710
4899	457
4864	2562
3562	2481
4582	1710
1349	347
1511	1293
5054	3252
5112	589
3877	1411
3078	240
4911	3353
5099	2177
1766	471
2778	2603
4714	990
4899	1018
2247	98
4168	2653
3663	2211
4652	4608
2983	2432
3807	2158
1347	819
4600	2961
4921	2763
5020	1565
2927	2749
1766	1127
3987	1131
3663	766
2776	1237
4663	3170
3937	1555
2756	815
3395	292
1710	923
4275	3980
3562	2289
2540	1710
4814	2158
2612	77
1710	851
1555	367
1555	129
4207	1910
3336	3169
3169	2039
3169	600
4993	887
3278	1867
3602	96
3169	1103
2486	91
5188	3306
1359	456
1646	1609
1800	762
3599	1577
5025	4013
5205	2486
1609	1555
1279	1043
1705	446
2418	1757
4663	3263
1807	216
3487	2749
4864	4473
1969	1104
3169	1876
1995	1375
4714	2098
5107	265
4554	767
3951	928
3036	2157
236	111
2248	1710
4497	4135
4378	2069
4359	1780
2720	211
1710	1683
4789	739
4061	2318
2779	2486
1270	581
1237	943
581	172
2709	2612
2331	1710
3579	1710
2989	2674
1490	1138
3169	1571
3169	2916
4904	1545
1508	1270
2485	313
5056	1025
4600	1574
4864	2378
5054	905
4137	1710
3462	1565
5054	2708
3420	1226
4689	461
3592	2953
3213	2846
4277	4178
4161	341
3529	1780
5188	3261
3546	1555
4864	1108
4557	1710
4102	2429
4142	2207
5095	456
1565	1215
2720	1688
4085	2764
4317	582
1455	137
1349	581
5207	1104
2289	154
3469	3169
3572	3109
4280	299
1555	280
2486	1658
5015	608
3169	2700
4116	4013
5238	3628
3366	1447
2966	221
3593	447
3230	1104
3907	2582
3345	1780
2749	994
2109	2069
4315	2529
4614	1006
2902	2057
1710	172
5181	720
473	96
4663	2581
5069	693
923	788
2603	711
4954	154
3530	320
4094	303
1889	155
2185	1710
1237	258
4864	1274
4178	1911
2989	881
2608	2451
1710	1164
2048	216
2510	2434
3810	1735
2257	1338
4124	3390
881	363
1206	635
4275	740
1907	51
2393	2031
4224	1646
4841	2486
2801	589
3405	3213
4752	2486
2519	303
4970	4168
3108	1907
1237	92
4235	3644
2357	907
3812	1710
748	676
4476	2756
2653	2418
4013	1723
213	19
4348	2361
2327	1127
5187	2273
1354	816
5108	4316
1656	1047
3883	3425
3562	1907
3008	2609
3644	2540
5037	4864
3083	1710
2767	1710
2357	381
1347	516
5035	2290
2927	1758
3069	1658
3498	1585
3403	96
4211	3420
2064	1574
2892	2486
3169	157
5251	2263
3483	3278
4075	1342
4153	453
4765	4608
4257	1541
1710	953
5163	4973
5054	5026
4475	2211
3508	1710
1342	458
1555	608
4864	4439
4475	1741
1508	1080
2956	1766
4280	989
2587	2290
4331	1455
3411	1585
2425	2020
3257	2479
2361	720
3403	1710
5046	2158
1758	711
3213	3169
2869	1780
2989	320
3540	1490
3020	1585
3963	2417
2318	1726
2192	1506
1043	666
4280	2284
5208	1918
1710	440
1206	597
2749	1568
4224	1555
2482	600
2318	1609
4864	2656
3169	2255
5118	857
3644	3534
277	157
3666	599
1753	1224
3019	250
3670	2486
3332	1479
2700	1710
3449	1710
2709	2510
1577	236
484	299
4026	1735
1508	921
2590	77
1273	1039
1348	1032
4315	3353
5242	3643
1299	853
4168	1565
4051	1926
5219	2078
4178	544
3798	2749
2708	333
3291	2934
4814	1600
2579	379
5160	1919
4714	1456
4904	2902
2020	994
3134	2609
2904	288
2467	1710
4663	3785
3032	2473
4544	1741
4412	581
2158	1723
3261	2603
1555	127
2293	1555
3821	2020
2392	1565
3403	1237
4864	1335
2629	1721
2673	277
4275	582
4652	2158
4663	3570
2905	2012
2870	905
3362	2053
4066	1555
4930	4061
2186	347
2536	815
3169	898
391	70
1995	1942
1758	812
5107	2219
2813	1710
2109	1270
91	70
3448	320
3214	2158
4864	2764
3012	2653
2078	1878
2231	2158
5188	564
2648	2521
3353	3278
4148	713
5132	1919
744	127
4963	3078
4149	1780
4095	4055
4729	1348
2520	990
2708	1555
4704	3169
2976	348
3134	1710
2997	1025
1710	685
3038	1555
4572	2720
3498	975
1555	600
4904	2078
2775	2157
5118	2629
5031	2413
4818	543
3038	920
3988	235
4066	2961
4013	2934
4704	3000
3856	2211
3134	1723
4171	3670
2894	1710
5127	36
1710	154
3883	3169
2279	320
3169	1395
5042	3906
5179	3644
4451	973
2540	1555
1022	1006
3487	1757
5179	4116
1710	812
4575	3169
2045	1710
3425	111
4787	2482
4623	348
1565	1471
3888	1025
2486	489
4295	3169
3497	2207
2673	1237
3078	2382
1757	1736
4814	2211
3277	391
2318	2158
1710	414
4704	1846
3109	1481
1555	151
1574	244
1995	1237
5046	4608
2812	2749
1574	516
4636	1710
5208	1237
4440	513
3627	762
2380	615
1832	1710
3393	320
2722	1710
3627	2256
1016	362
3602	3169
2945	2936
3177	277
5176	2777
2192	363
2653	635
1780	1758
3078	1697
3862	3169
4981	2764
3807	3425
4495	3353
2239	1245
3495	3169
5112	5076
1447	1225
3618	989
1060	581
4676	2211
3143	2856
859	134
3683	1555
3308	91
5126	4930
3025	2007
4116	1043
3169	1427
3229	2361
4582	1076
5076	2518
3689	2520
4777	1710
3169	3094
1022	127
1907	446
3122	1565
4729	2113
3573	2935
2661	2486
5015	1732
2945	2700
2936	1555
1831	281
1666	554
4954	3169
3323	2653
4412	1636
4864	4026
2797	782
1237	385
2308	1555
1758	941
2186	1179
1958	1585
4130	2381
3643	2886
4295	744
1766	1758
2549	1710
3683	1710
5118	990
3856	320
3169	2293
3554	3012
4066	908
4148	910
4567	2653
4899	1411
4935	2919
1166	417
1846	1197
4171	2211
2679	320
2418	901
1627	581
4168	1741
2935	1555
2318	1116
1907	301
4981	934
4171	2679
1455	869
1919	216
4178	4143
2381	1710
3214	767
3644	2244
4864	1721
5130	2455
3277	96
4224	549
3529	920
3025	643
4102	2767
4417	1237
4608	3613
2128	764
3448	1907
294	277
5131	1309
4967	666
2318	907
3907	2393
1044	348
2293	933
3593	2273
3540	819
2742	1479
4469	3169
4478	3085
3635	2957
2417	2039
3969	1293
2915	2417
2749	2105
2054	1206
3969	2458
1907	635
4348	4098
5206	1753
2750	1070
4921	2249
3821	901
3088	1566
928	271
2417	975
3906	2902
5235	1710
2777	45
5015	3109
4841	1646
3598	1541
4149	3078
3901	2653
3122	1758
3736	2608
2239	275
2244	91
2341	946
3411	273
5188	3821
2673	1068
4649	3598
393	154
4651	4497
3856	1206
3345	2242
4275	1047
3169	1179
4272	3922
3169	2952
4498	1710
4572	649
1585	1379
4967	3572
1720	578
3627	1710
4306	4275
4608	1138
3164	1565
2944	1758
4178	2679
3169	1808
3627	1878
2381	381
4222	1708
2901	2653
2393	127
2587	299
2458	1104
1347	228
1710	464
4224	1723
2157	621
4171	3475
4809	1803
4220	91
5242	2485
1766	934
3419	1710
1157	858
901	550
2211	149
4315	3644
4571	137
2236	570
2381	907
4159	1918
1127	1036
4714	2767
2579	1741
3498	3462
2380	211
4285	1455
2222	1273
4327	1574
1846	1758
2973	1565
4275	220
5187	2695
3194	1708
1653	228
3861	3860
4663	105
2764	2158
4815	1710
3965	1236
3957	1577
3289	1710
990	91
3808	3078
3951	2060
4663	2207
1710	439
4575	4124
2368	1274
4973	3710
3627	589
4974	1710
3213	1651
5054	2573
4222	2952
4841	381
4317	2801
5224	4235
1565	551
2663	2486
5054	3877
2211	1870
3289	2273
3893	1878
3072	2749
134	92
2777	1455
4809	2665
3169	746
3352	1669
4714	1780
5150	3326
2541	1710
2420	748
2158	1116
4275	1721
3810	581
3214	1710
4729	1646
4023	2211
4439	4171
2764	1757
4806	3169
4267	4178
4152	1758
4814	1420
1161	275
4418	92
4864	1096
3169	60
4275	1021
4013	1555
3332	1080
3932	1237
1710	129
3651	228
4293	4178
4845	1965
3487	2709
3169	457
2318	1602
3987	3257
4963	229
4378	1780
1710	1041
3988	2633
4471	1531
3790	1588
3015	1690
4921	1300
3169	907
3602	1710
3483	2653
1338	881
1237	1088
4670	1710
1588	578
2509	471
2529	2381
3169	484
3893	2957
5018	716
2814	1427
3323	1206
3988	2653
1555	1102
3628	1157
3413	1710
1555	381
4148	2417
2974	1710
2953	907
2915	2158
3798	2653
1080	985
1021	163
4124	154
4864	2582
1224	871
3020	2486
2709	833
2479	1565
4317	1758
5254	3627
2801	1695
5020	1705
1821	1127
3733	951
1708	154
2749	1047
578	391
3914	1710
2318	605
1577	1176
1585	1206
4222	1293
1148	77
4663	1374
5076	3627
2976	2275
4061	244
4526	2673
4274	4129
3190	3169
3019	907
89	60
2515	2113
5054	464
1565	149
3487	1758
4752	857
3651	2223
2808	1779
788	320
3169	1953
2547	871
2542	1710
4841	240
4199	1965
1736	1007
4275	1565
3403	3169
4864	941
3873	2653
848	381
5025	3240
2486	599
3498	2749
5238	3426
3963	2318
1710	563
2612	1878
1381	18
1565	582
4393	4129
4178	2432
5244	1381
2846	1710
2717	2633
1434	320
3988	3559
4963	2824
1757	941
3169	1233
3834	290
5069	4615
1104	277
5094	3710
3570	2915
3421	1555
4930	1555
2904	676
1571	615
1765	1710
2486	37
4752	1668
2582	1348
2673	1104
4085	1237
4575	1080
1907	1723
1483	516
3323	2709
3735	3169
5213	3019
4864	294
3618	653
4930	1705
2020	382
5067	1735
3002	1889
1555	279
4787	4217
4068	3644
4178	2222
3834	453
3421	1393
1996	1338
3976	2749
4785	2045
1710	643
2054	1237
3169	1048
1781	1354
3577	1710
3834	461
2859	1455
2486	716
3396	2633
1918	602
3976	1272
3877	616
3310	2554
5134	1803
1710	965
4752	4412
3345	1206
3126	1758
2653	2582
3169	2648
4972	3736
3224	1710
4267	489
1758	1261
4963	96
3413	2192
3821	2420
4274	2089
2520	631
1821	92
5132	1710
3803	2452
776	489
4304	122
5123	4066
2158	858
3353	1807
1182	920
1710	662
4216	2155
4930	4098
4921	2211
3169	1672
5126	1072
2869	163
5069	4851
5054	4378
4930	2288
4963	1710
1710	80
3411	1555
1944	110
1710	446
2109	857
2020	1867
2349	348
3807	1274
2673	1697
4178	233
4178	3625
4178	333
3396	2817
4891	2936
3169	2130
2957	270
3225	1710
4623	1741
5132	92
3452	1565
2104	1710
2708	1411
3402	1710
5124	3907
2428	1710
662	157
4275	1082
1043	665
4608	2113
4864	3244
2673	779
4232	1690
3038	2486
4825	2486
3169	257
3807	1995
3445	928
2817	1984
2452	1723
3169	2290
4608	1555
4738	3643
2976	1080
4899	788
1919	457
5196	4930
4478	4178
4171	1431
2448	294
3498	461
2709	2078
4171	729
2916	1080
3668	2554
3001	881
2153	1108
3473	2957
3548	812
4378	946
4938	916
2211	580
3451	1138
5112	1555
5066	4993
3169	594
2665	1710
5030	1710
4306	2207
2482	235
4864	2110
3888	3275
2653	1942
4478	3749
4663	381
2903	1710
4193	2663
4855	1237
4542	1447
2273	1710
2554	1710
5025	316
3643	946
1710	852
1758	1545
2709	764
2039	716
3449	1697
1721	549
1919	921
4575	157
4171	581
581	457
5176	1710
1710	1096
1741	1179
4663	96
4275	3813
2327	320
4378	281
3246	2486
4178	102
3807	1555
1588	1237
4473	2417
1736	662
3069	1104
3877	333
4267	582
1741	447
3540	1347
2529	1359
4700	348
3675	525
5188	4899
2902	1541
4171	1237
3710	163
744	667
2902	244
1565	1545
3278	2673
1227	70
5056	869
2211	635
819	228
5196	3250
2373	697
3736	2756
4572	4171
4581	1710
4275	1274
4759	1365
4047	1191
1710	1173
489	453
3548	2542
2293	1710
4814	4402
4958	4178
2619	1710
2748	1710
3739	2247
1447	176
4220	92
4678	1206
1919	1666
3038	91
4135	1465
4608	2533
4148	1253
3289	1555
4013	1206
1359	878
3520	3169
3101	3086
4019	1710
3017	1753
2540	748
3988	234
3372	2039
4669	4378
4526	103
1658	119
1710	679
2308	1370
5179	4304
2949	1206
1636	934
4904	4117
3334	1594
5040	1710
2608	1555
3153	1758
1741	1182
4575	1064
4393	4274
3562	2109
4402	1348
5133	2870
2211	1076
5054	2487
445	96
3628	3426
4171	300
4855	4171
749	481
4171	672
5025	1447
2902	2612
5094	1495
3877	905
4324	1710
1585	744
2105	1907
2352	2078
4480	2420
4608	875
3512	2817
4825	2318
1316	1080
1299	77
5015	4954
1351	81
907	381
4107	3498
3097	1710
3593	2509
2078	1541
4815	51
4068	1494
1656	317
2779	333
1879	1237
2380	651
2734	77
1710	735
3323	2549
3729	2211
3120	1710
3291	423
3475	2814
901	111
2771	2135
1723	1138
5099	1710
4714	4307
2765	2113
3102	1565
3635	2486
2393	1726
5054	2653
3548	338
2757	103
5238	1753
2962	1710
1362	1274
1656	852
3675	1447
1710	1281
5133	2024
5163	1907
5054	2521
1080	909
3240	2673
3628	2380
5101	2720
4280	3289
5018	4704
1455	1163
1710	1370
2957	2550
3593	1758
2236	213
4660	320
2679	1508
3546	2158
5163	2749
1853	326
3821	3278
4429	1710
3169	3143
2520	1127
3651	3473
5054	3883
3153	448
1931	1684
5188	3078
3326	2976
4267	374
4081	2457
3120	1185
4408	2231
1710	906
1283	359
2393	1338
3169	2003
3019	2756
4278	2735
550	234
2650	1710
4554	693
2904	931
4102	1086
2934	453
4870	4178
2590	1710
4894	445
4117	77
1636	965
4776	4178
2104	280
3558	1617
4789	2725
4295	3951
4476	2304
3169	2742
5108	348
3229	1710
5054	1803
5054	4898
1531	943
4575	693
2499	163
2642	1047
3169	1822
1753	1047
4663	294
1710	665
4902	4841
1793	674
2166	1710
4945	1585
4533	1309
2326	599
3643	3177
1577	1125
4071	1656
1834	872
2318	175
2165	457
5069	2646
2607	1710
1206	241
4988	931
3519	1342
1338	332
5133	3025
3169	1314
3643	2915
4945	3169
3641	1127
1753	1127
1710	1470
3982	1616
3644	3572
1127	1006
4740	2110
3487	2673
2749	2700
1204	878
1506	129
3969	989
5054	4050
3877	1506
4781	96
1989	1555
4539	366
3278	906
2224	2069
2679	356
3038	1481
1710	600
4163	3261
3001	589
4263	881
2392	1555
1710	92
2339	1710
4608	1531
4294	1736
2909	2540
3710	1138
2767	92
5188	4171
2680	213
4075	3834
2211	1824
4987	2449
1710	897
3893	1370
1870	711
4864	2866
5054	4801
5224	4930
1483	359
2612	2256
5184	1758
2036	1710
4195	2705
5159	1807
4177	2653
5123	1970
3548	1105
3277	92
4050	3877
2318	1338
3966	1710
3025	277
2479	1757
3689	990
4295	3038
3572	1708
4963	3109
4171	1322
4864	2393
4178	320
2708	1348
5054	4275
643	198
750	481
2859	1965
4996	2991
1919	1627
4714	92
275	36
4075	878
1995	1555
3593	2486
3627	213
2357	931
4275	550
1824	1455
3256	853
800	549
2919	2752
3534	1710
2749	854
1022	600
5118	2486
1710	915
1138	127
4671	1237
3271	1710
4864	3997
2158	154
4785	2332
4864	3078
4295	2486
3169	1606
3170	277
4663	1447
3917	1131
2093	1758
4018	2289
4418	1293
3169	955
1984	1016
4744	4714
3627	2223
3520	2031
3399	2653
4789	2318
2709	1617
5025	173
1710	1391
4476	2757
1710	1594
2420	80
3169	1420
1723	566
4612	1780
2603	1021
2608	615
4608	799
5067	920
3170	739
4412	3810
2361	566
4864	1653
5196	4497
3708	3705
3123	320
1697	234
2648	1531
2520	576
1206	615
4490	1036
2915	766
4316	3633
4601	3847
4287	4178
4275	4194
1889	651
4142	1907
3421	3169
3487	77
1627	1179
4596	3169
3736	615
4864	635
176	45
3641	2211
4552	2802
4539	1237
3807	3473
3345	1710
4582	3169
4575	2192
1710	1123
4247	1710
4315	1141
2486	1958
3069	316
2673	2418
4102	1710
5132	4222
1836	1656
4480	1710
4981	3085
2089	828
4937	1710
1710	45
2673	1782
2110	830
4988	759
3322	1710
5112	1695
2579	989
2989	1710
4663	2756
597	320
2902	2157
4412	1237
4775	320
4171	1209
3170	2653
4552	3487
4018	2757
4178	1210
4412	2869
3462	320
1965	1710
4480	4275
1574	905
1710	481
2765	2158
5094	1705
3810	172
2244	804
1860	1656
3039	2896
2508	1710
3562	2717
3019	1577
4200	1531
4864	665
2756	1210
4615	718
2529	928
3261	1577
4669	4627
4740	1577
3570	2823
3837	2211
5054	94
4714	4608
764	440
2318	1293
2113	2031
4567	3588
4864	1277
3169	3025
4969	265
2897	348
600	70
5132	3644
3569	3371
4552	3602
1721	1710
4822	320
5009	4554
4327	549
2720	221
2663	1237
3803	2481
3426	2380
1680	260
4491	3131
4582	4263
5054	4800
2902	1878
3963	1338
4478	3448
4706	3663
1224	92
1354	1206
1163	96
1710	886
2247	309
4439	462
1878	833
3932	320
5130	2032
3169	453
3372	277
4275	111
2031	1555
4075	3078
4752	4320
2418	1656
4117	1758
3807	1197
4824	1710
5163	2207
4704	2278
3267	1127
2573	1710
5076	2263
4841	4739
3522	1447
4164	1723
3987	729
1942	819
4934	2192
5054	1652
5244	2633
5251	2128
3963	1602
4554	2542
1758	977
1780	235
3873	1447
4124	3169
2040	1483
4066	2158
2949	2673
1878	1353
3963	3169
4864	1555
3229	1237
4257	2332
4026	720
2902	2104
4044	1710
4734	3109
2945	2653
2894	1684
4533	2153
3078	1656
3924	1237
4042	1710
1758	597
4178	672
2603	1942
1349	1179
4139	3740
4714	4220
1237	157
3631	2756
4608	2318
3644	2418
4935	1555
3470	3097
1757	635
3548	3271
3627	244
4166	727
1431	713
1007	631
2149	1710
4142	2275
4601	566
4809	1777
2950	277
5042	1127
2486	448
4938	320
4776	359
1555	795
5133	2515
4864	740
5018	2239
2020	1710
4395	3877
2656	2318
3710	320
2093	1710
4473	1710
3710	19
2612	1152
923	776
5206	1710
4608	4066
3644	946
4315	3807
3169	1131
4864	2339
4403	2275
2432	2282
4663	299
3473	2529
4540	1096
1773	1165
5054	597
3426	1124
3675	3601
3987	3169
2665	359
4355	1710
2078	213
3792	3144
4663	3475
4087	566
4869	456
4235	236
2655	1710
1348	1338
4706	795
3593	2020
2673	2395
3613	1555
3323	2869
3415	1237
2765	2020
2989	2211
3914	2039
1447	913
4174	2207
2450	1651
2318	1600
4168	1206
989	134
5020	2914
1807	1127
2515	1420
4864	1626
4838	1137
5046	2318
4899	279
1138	593
3308	2653
5054	4116
3688	3668
2685	176
1710	1047
3807	2381
2749	1447
4973	1434
3169	246
2764	1970
3169	1108
3488	1555
4904	1710
3837	1708
2486	965
2186	1060
4023	2991
3069	2486
4315	2486
4275	4071
3362	973
1636	946
4417	2318
2211	393
5118	4752
2673	173
3705	2655
3123	96
1807	96
2944	1710
4709	1710
1808	651
4103	1555
3323	2219
5025	1577
3144	2451
4729	608
4860	3065
5054	909
2653	1617
5130	3548
2247	766
4608	3491
1349	1270
3945	2057
1870	631
2608	1766
1237	316
5207	3372
4663	3353
3546	2393
5067	1663
4263	2749
3593	1735
3278	2081
1710	1652
3251	1710
5179	5130
3278	1837
4429	4075
4117	2749
1928	1881
4608	4417
2989	1907
4050	1793
4954	3109
3240	453
3366	1710
3438	1710
3051	1710
1166	905
3790	3038
5031	3768
3323	18
2653	994
4722	608
3177	1080
3213	2225
4161	1710
3848	320
4263	1758
3310	163
1269	1237
776	320
4921	2713
4130	3019
2368	356
5112	4904
4864	3862
3615	1565
3169	842
2956	381
4124	3144
2093	910
5198	1585
4171	2935
3613	2777
2158	1732
3402	990
4921	3420
1484	901
4124	92
4222	2498
3078	733
1690	497
1368	1317
3034	1710
3109	1918
5242	5238
1710	612
5069	1508
5252	4171
2725	1577
5035	2066
1710	1043
4178	3906
1555	819
1710	462
4171	676
2533	615
3644	2897
4963	3976
5054	940
3281	2308
4497	1274
4393	1075
2927	2653
1780	1588
5001	3169
2289	393
2158	1995
3942	96
3169	2612
3614	2380
3683	3169
3643	1907
1574	908
4864	2763
4285	1965
5076	2078
2573	452
4864	127
3169	1969
2039	96
3856	1758
2318	1822
2579	1710
3218	1257
2949	2653
3403	1594
5200	1710
4921	77
2673	635
5157	4178
5118	3038
4787	1455
3015	1710
1014	566
1541	11
3169	144
5179	1555
3598	946
4178	670
4627	3255
4678	2653
4608	417
2158	600
4594	2673
2089	1574
1870	275
2749	1471
3278	1577
4930	4714
3644	2679
2352	1126
2757	1490
1047	134
2728	1710
4315	2870
1942	1347
1555	212
2393	1348
4257	3262
3219	871
4838	2244
1780	989
4864	3039
4408	4110
2486	602
1206	1047
3644	3109
2186	1349
3917	281
3392	2085
4561	1710
1841	320
4540	1427
2919	299
1555	940
4575	393
3627	2524
3278	2916
3865	1710
2653	1413
1931	931
1420	552
5020	941
4116	4066
1273	359
3218	1710
4295	2717
4327	149
4652	2318
1206	141
4295	3291
4973	2901
2749	1336
5132	2663
5127	3512
4615	1348
3547	1574
3792	2486
4050	4041
3426	1465
1951	1710
3792	2247
4159	602
4194	1710
1710	818
934	453
3740	2956
3917	3643
4706	322
5046	2361
3169	127
3977	2078
3572	602
3153	1237
4855	759
2486	44
3988	3851
4938	718
1710	578
3169	871
4864	1545
4331	550
2486	1511
4475	2934
5025	2339
1656	1405
1524	940
235	141
1710	1606
3169	356
3641	2886
4714	989
1602	1138
3602	1652
2451	1608
3462	2653
3213	330
3462	2749
3278	2734
3091	1237
1710	1029
3785	1656
5178	1710
3257	2919
4824	1555
3135	260
5184	4267
2976	1555
4719	2327
4412	3194
4732	1710
2486	2349
5207	1531
1710	596
3834	1647
3420	662
4480	1627
2451	1723
2293	2158
3169	410
3588	1223
2680	2128
3213	2665
4663	4542
543	260
3400	2420
4781	3169
4440	943
3456	2988
5176	1965
3169	1647
2211	674
2211	727
3651	1022
4071	2207
1846	453
4651	1274
3990	213
4894	2787
2486	2109
3257	3198
4738	1455
1710	122
4714	1080
4701	1710
4954	1918
2368	693
5184	5025
2665	886
4071	2749
4738	3109
2653	1836
3169	3077
1710	1541
4926	1758
1600	129
581	280
4540	1574
4108	1710
2582	1757
5094	2573
4148	3306
5118	1270
5207	810
4951	1887
1636	881
3173	1565
3169	1739
4348	2633
3462	1656
4747	1710
4275	3306
1907	290
4171	1918
2418	1565
1237	595
5070	1710
4378	3529
2771	2646
5250	5133
1710	656
4904	2801
2653	1656
994	235
2318	662
5082	4785
4041	3877
2856	1113
3906	1237
5228	2089
2313	875
1646	905
3169	2776
3169	2901
4663	2956
2643	1611
4287	3169
1403	320
4818	3169
2069	92
1290	719
4572	4207
2525	1841
3169	1240
2557	1710
4855	493
1127	366
320	101
5020	55
4199	1766
3888	3169
4714	881
2158	1293
2765	1283
5188	2904
5042	1276
3793	693
3411	3326
3739	1942
4307	3169
4615	2486
2389	1080
2040	1574
3548	2089
2976	654
2427	1710
1574	815
1741	37
4936	4673
5068	3580
3177	2032
1647	1127
3613	2976
2776	2764
4402	1988
2945	2192
4864	910
4973	138
3810	1179
656	342
1237	1086
2510	1695
1710	1082
4412	2895
2902	440
4321	1036
4838	417
3214	127
2485	2452
5132	1627
2761	2510
1710	639
4948	2904
3833	871
3512	1984
1710	1239
2418	766
4440	3278
2934	2069
989	91
3668	3146
3097	1532
3914	1663
4714	3417
3261	365
3169	1988
2709	478
5156	2685
2708	2540
4738	871
4085	1780
3877	2192
2499	2286
5090	5054
2869	1710
4168	2211
3601	1182
1893	1197
3710	3282
3686	271
4814	2515
2579	2486
3425	1565
4810	277
2673	1064
3570	2158
1820	1124
2902	762
2767	1107
2829	943
2901	1565
4116	70
5108	2673
920	447
3282	163
4469	3733
3906	2846
2974	1447
4275	795
3967	2211
5067	5037
3240	447
3038	2318
5244	2765
2767	2219
4864	2093
4166	1206
2756	105
5184	2603
4973	4951
1585	1531
81	53
5054	1555
3675	720
2486	908
1710	94
2486	920
2486	639
4171	1129
3466	631
2897	2318
4575	2705
2751	2020
1942	1565
713	693
1176	320
2318	2012
3855	1710
1508	693
5046	1710
2078	589
2553	2247
5054	3588
5160	920
4475	4275
3632	2708
1723	552
3386	1710
4174	2179
1996	281
3169	105
2089	271
3001	2158
3593	1657
4194	2211
3475	1237
4041	2542
5126	3109
2904	2609
2869	853
2304	1870
1860	1757
4412	525
1710	1065
1060	457
3651	1882
2293	759
2749	2656
2039	1574
4592	4482
1646	1506
362	275
1237	373
1757	1710
758	589
4267	635
3131	2720
2757	994
2451	859
1531	1104
3907	597
3281	1606
5054	3169
3169	2464
5150	3169
1508	255
2359	946
1710	1025
3864	1758
5067	1741
2420	1710
3244	3169
1741	1060
4044	3169
3292	1807
3169	3125
3087	1710
2652	1710
2945	2749
1420	1338
2313	1273
3129	236
3530	897
2665	177
2039	1555
5179	697
3977	177
4957	3169
2817	1070
3134	2633
4970	1907
4669	1237
3601	920
2875	711
593	129
4041	3790
5242	1105
1057	1011
5179	3987
3426	2653
4845	2896
3877	1588
1179	172
1070	119
4402	2515
4166	1555
1481	920
4864	1942
5180	2417
4085	70
2764	1237
3710	2553
4976	1710
4469	2389
3129	456
1915	1710
2661	316
2486	1970
3169	91
3601	1663
3240	1663
2486	711
1074	175
2674	1565
4689	1522
4714	3988
2486	1720
3214	2318
1852	1710
1544	1068
2542	777
5156	4135
3601	525
2976	2934
2318	799
635	320
2934	2417
4663	2848
1577	316
1878	1370
2158	177
2734	1758
3420	2420
3169	2231
1656	881
3123	931
4592	2612
4480	2653
4273	4178
1995	859
4201	3169
4275	1988
1138	417
3988	1531
4178	1184
2318	748
5062	4026
4814	1741
2771	1710
3353	1571
2089	662
4440	1739
3643	2164
776	600
3255	788
4129	2089
1697	943
4752	1270
1710	1148
5235	1650
4224	1577
4861	2024
2894	1931
4427	928
4612	1565
3306	1577
2603	1780
1064	235
4135	3426
1237	1070
3282	897
3426	2541
4471	1942
4855	1650
1710	675
2756	1393
4627	1758
4864	2293
4166	4163
4945	1192
4628	3169
4608	3683
2078	244
2401	1710
3124	138
2901	1656
5069	2926
2164	860
2275	698
4864	3052
1555	907
1697	599
2518	96
4714	4153
4061	2158
4554	2519
3455	473
2318	1970
2370	1025
3353	3163
4280	2321
4984	3858
1710	1024
463	96
2520	92
1187	18
2587	1702
3764	1710
4153	489
3016	1736
4526	1182
2673	379
3618	91
4608	4281
2673	1578
3257	639
3261	1447
4963	4460
3872	1710
1166	244
4345	1803
4497	975
2420	2225
4178	4042
2135	1522
3689	3025
1577	693
3624	1741
5020	2934
4479	2665
4608	2393
2673	1915
3169	2177
5020	2361
4226	2269
2158	1230
4843	4178
4171	2646
1333	693
1970	908
5130	1758
3019	1522
4220	990
1555	394
4378	990
4378	70
4378	1241
4608	166
1685	1070
4575	484
3001	2765
1481	447
2477	1647
5101	3205
853	445
1710	300
3562	3153
4171	2020
3077	1555
3907	2910
4776	3169
3303	1577
1057	642
3000	1197
1606	1531
3322	3169
5132	3091
2708	2158
819	516
3438	1338
4417	2158
4178	2299
3558	96
3019	827
3015	2846
2914	1656
3710	2673
4822	4178
2673	920
5026	3169
1710	373
1710	381
4775	621
2192	244
3219	260
1541	842
4166	3000
3078	654
4306	2211
3628	2481
5054	576
4706	2886
3323	3015
3798	1710
906	457
3862	1710
5112	2256
5167	1574
2275	1364
3169	445
4119	2976
2219	1127
1807	1327
5054	2223
4977	96
3471	2278
3169	655
4522	1710
3146	1555
4140	3372
4864	3982
3169	2054
3473	827
4954	4116
1138	362
4669	1511
2775	2604
3109	1113
5020	631
5062	4810
4124	2934
3483	2509
5127	1834
4459	1736
5130	275
2158	1379
4378	3120
4864	3122
4275	3966
4738	92
1710	1068
1684	907
3169	135
4471	3169
4864	2779
2318	1379
2956	1710
1758	587
3834	3308
1206	1064
2192	1970
3183	1710
4608	595
903	848
3169	2064
1942	1710
1127	92
2653	1176
2277	587
1938	1151
748	639
4281	739
1969	275
2750	2486
3963	1166
2227	1710
4294	2720
3834	2582
4497	1792
5156	1889
1574	445
1555	142
2064	1082
4864	2945
4168	3278
1316	693
5047	4345
4601	288
4988	2904
3392	3169
2211	1423
1870	1710
3877	1555
4102	3267
2897	1995
2653	141
1958	1710
1213	815
4018	1577
4973	4267
921	713
4275	2728
4714	2451
4970	2824
2749	927
2275	860
2192	1511
3169	2345
4954	4738
4608	3963
5107	4102
2318	2007
4480	3169
3548	485
4107	1708
4789	972
2633	1127
2607	163
1600	1338
4107	1710
1881	1780
3792	1708
5056	1608
3473	3173
4869	2368
3603	1647
3888	1273
5250	4984
4810	1807
3988	1710
2735	1237
4490	672
5056	1697
3656	1710
4263	1277
2486	1685
3280	624
2889	228
2802	1878
4963	2752
3795	1555
2857	110
2765	1555
726	166
943	184
3425	2357
2158	549
2164	859
3169	1273
4930	602
3589	77
4864	4282
3795	2316
4970	4709
4785	3725
2157	478
4124	2113
4148	320
1650	719
4738	3198
4864	4177
4478	3000
4275	2582
2935	928
4776	4479
4914	1710
1878	1276
1585	127
348	37
4864	2767
3581	1710
4676	2622
2211	762
4412	3593
4174	1710
2286	320
3267	379
3686	1438
4393	2990
4153	2486
3250	2673
2321	649
3366	1125
3491	3169
4970	3987
5025	3153
4140	3361
3644	2089
2158	1531
5132	2275
1237	639
908	881
3513	727
3261	1710
5130	881
5213	1555
4967	1565
5124	1577
3038	391
4864	4814
2395	1710
4864	2602
4582	1741
2870	1555
5179	916
1870	1566
2020	795
2345	1017
1481	1137
4930	4663
3169	1290
4471	1411
4318	1237
4766	1710
5127	2817
2757	92
2612	1276
5150	2777
3278	111
1710	1222
2823	271
2579	1807
4263	2211
5063	1574
1710	975
5224	3644
1047	320
4864	4627
3613	2318
3413	1773
1455	901
1778	1656
4178	161
4178	2096
2789	1710
1279	666
3848	1741
4275	3307
1741	922
5160	1270
3837	2903
3888	1710
1555	144
4864	1627
2031	417
4061	1741
5184	3278
2211	1209
4930	1348
3877	2916
4102	1107
2653	317
5121	1710
1646	593
1511	70
1113	855
4359	3883
4051	3705
5150	1555
4101	96
2286	1293
3070	2192
3701	2510
1574	598
1457	410
2040	1710
3111	1658
1919	581
2211	363
3177	1555
1777	1483
3078	989
5025	320
4402	2393
4838	3323
2293	348
2603	635
1227	457
4223	3613
2936	2457
5062	1060
381	96
5042	3598
5054	4317
2158	1879
3257	1710
5092	3602
4714	2579
4700	1710
2536	105
3803	600
4178	2591
2486	1070
1741	1735
1710	958
1086	989
2977	213
4060	1807
2859	333
975	233
1710	1165
3771	2060
5188	2286
3391	1710
4412	920
859	92
4178	2801
4947	277
1710	1140
1413	1237
3512	1657
5054	1929
4988	1646
2705	1127
5179	2486
719	260
2026	1705
2685	313
5127	1984
1555	229
3326	1723
5025	4220
2582	320
2768	320
3396	3169
2579	921
2608	2318
1777	1025
1555	1494
1349	172
2319	1710
4542	1574
4533	3078
4993	3012
4412	1919
819	277
5151	1777
2432	320
1944	348
1931	759
4706	258
1735	1060
4973	1423
1710	249
4071	3403
2486	1732
4185	3169
3366	2064
4378	3078
4835	96
4646	2211
4608	2608
5062	1627
4026	3807
3267	1086
1532	1457
2673	2277
4663	2158
4754	1710
884	222
4304	1588
1342	119
4140	1710
3928	3169
2756	458
2642	2452
2765	244
1807	1710
4306	445
5093	1710
5015	4066
4220	4171
1179	720
1565	329
4263	3462
4402	1338
4044	3928
2916	1511
3267	1710
1237	597
5185	3668
1710	649
456	320
1697	294
2735	320
3872	1447
1555	446
2515	2393
3420	748
4403	4066
1127	635
3618	1176
1666	1349
4257	1710
2012	1368
908	320
5235	1353
1565	1277
2957	1677
1710	720
5054	3498
3255	1870
1609	1166
4770	2211
4970	2024
3718	3472
2956	2950
872	240
2057	764
3038	631
1984	1657
2977	1541
4148	1290
4263	2247
3353	1007
3756	2945
3448	1741
2976	2158
5208	3109
1779	718
2540	1237
4116	1427
2020	1366
480	233
3449	1555
3644	3456
1945	54
4378	2892
3012	816
3023	473
3614	110
1723	1494
1511	1237
4491	2633
2673	1571
1710	913
3134	852
5054	4319
5018	4478
2549	1780
1753	1710
1976	1127
3169	3123
4539	3169
4963	1272
2859	1127
1349	1146
4275	2607
2889	1653
776	453
4864	453
4785	4345
1710	1064
2935	643
2393	2318
3651	1555
4275	1938
3278	2304
3807	2976
5035	3651
3169	2241
4539	2486
5054	4171
1431	1285
3749	2520
2720	1710
2653	1165
3019	1447
1237	946
4116	1780
4714	4102
5025	3624
1710	1511
2897	1237
3462	1697
471	18
4429	3740
4178	2734
5011	1447
4864	1525
4178	2892
3264	1274
3025	2158
4864	1270
2936	1113
2857	3
4838	92
5025	642
4930	4864
4729	2031
1506	1338
5089	5054
2779	1710
1345	858
2382	2020
4860	96
2318	595
3749	1780
3000	2653
3017	2451
4602	2729
4178	2692
662	18
4947	713
3256	1710
1710	1566
5242	1710
3291	1403
1237	1082
4168	1870
5242	1708
2158	1072
2891	1710
3803	3169
3834	303
4554	3353
4207	672
4295	14
4171	1638
5176	45
4207	3025
4608	2012
3291	461
4418	3323
2546	1710
3361	2519
2953	2756
5251	1878
2848	277
3588	1457
2318	1989
1918	990
5160	2895
4019	1237
1710	1497
4207	2486
3906	1353
3169	2609
4026	457
3988	1608
1757	471
4013	1237
4467	2728
2801	2352
4608	1780
2370	2313
1080	154
5068	320
2231	342
3512	362
549	129
2284	2248
3559	1531
3229	1495
1710	1364
1907	739
2486	1176
3976	2211
3071	2158
3169	2104
3821	2573
5219	1206
4487	906
5025	2486
4166	3592
3548	2836
3383	1080
2069	91
2717	2158
934	716
3546	2113
1362	1127
2945	320
3540	3169
1918	166
3169	2869
4412	1710
5069	1209
2219	1758
2777	525
2222	764
3177	1660
3198	871
3644	1720
3169	2158
1926	1285
5181	393
4471	2936
4861	4608
4572	1910
4627	1511
3169	3146
3425	92
4148	1647
4345	1710
2936	166
1779	1522
2802	1652
5132	2750
3558	1765
3120	1757
3466	1710
2520	989
3628	348
4864	58
4207	1197
722	363
1127	869
2991	2756
4073	1710
4572	1036
393	92
2936	905
5127	1070
2477	1107
4267	711
2482	2040
4948	36
4348	3733
2520	1018
1640	1565
3651	1225
2477	1995
3169	2260
1970	1107
4235	2549
4973	1366
2289	650
3352	320
4171	2327
3078	357
4348	1617
3078	934
4615	4267
3278	1360
2718	599
3052	1555
1555	697
1455	1204
3278	2983
4164	2211
3656	1009
2457	2361
2919	1381
5179	1741
2685	1889
4178	566
4137	3169
2277	1710
4026	2529
1995	908
4838	236
3169	3108
4904	764
1710	1537
3078	1658
1338	693
1710	1144
2203	1710
5067	1481
711	18
5042	4914
1338	989
3969	92
2750	1237
3856	2934
2653	2024
2957	2660
1423	320
5224	1710
3651	2709
3120	2673
3799	1710
4178	1293
3280	788
3169	81
1555	235
4814	1723
2425	713
4777	2158
3570	739
3710	2247
3169	367
4178	2137
4267	934
1127	913
2700	1656
2733	260
2128	80
3039	2777
4378	91
3054	2536
1565	458
4864	1125
2273	1359
2756	827
1758	1361
5134	270
4178	3306
3229	2158
5178	3169
2533	2289
5112	2263
4628	2042
3466	1832
3976	3000
934	599
5030	1980
3461	149
4864	4171
1555	1297
4864	441
3264	2368
4967	1758
4973	924
4738	1327
4776	1971
3598	3213
2540	2536
5018	2653
4042	1237
3169	280
5076	5042
2916	348
4663	463
4159	965
4142	329
5250	733
461	341
1984	1129
2286	1705
4968	1710
1710	1348
4171	2587
3924	1788
3306	713
4540	277
3420	3275
2957	258
4864	3588
1666	145
1070	908
3291	940
5056	277
4958	4439
4177	1710
4068	371
2871	1710
5197	2211
1445	197
4497	1710
3169	786
3291	1741
2457	92
4663	907
4085	1620
2519	1237
4267	2003
3025	2318
3097	2547
3995	3602
4281	3169
5185	3273
3718	1025
3091	1780
4864	3641
1710	943
3644	1652
2318	726
4378	1907
4225	729
1206	881
599	141
5207	2797
525	45
3169	1225
4608	2916
1688	1338
3740	2934
1839	1710
1166	931
4963	2056
4669	3644
1009	889
2642	600
4946	2653
635	92
4159	2622
4628	1710
2486	1329
1708	92
2991	36
1758	927
3903	1710
3643	2935
2457	1710
1710	213
3310	928
3764	1965
4738	4734
3644	3129
2318	2192
1347	55
2708	2509
4552	1565
1710	1079
2257	2015
1016	36
4416	518
5156	1124
3627	2085
3420	2846
4497	2020
4704	2752
5205	4864
4939	1710
1710	1127
3217	1757
484	111
5123	2953
2031	1732
4954	602
1237	519
4581	4130
5015	3635
3230	165
5062	4608
2618	1127
1627	457
4081	2482
2007	1555
3169	2393
4098	111
4098	1780
3449	943
1953	1710
4930	2767
4412	1627
2673	2279
3026	905
3169	777
2642	662
3169	649
1758	258
3470	1585
2673	2643
3548	1793
3598	2236
2756	907
4930	3326
4257	1555
3111	317
2756	2618
5181	5054
2673	2256
3627	1656
830	280
3417	2653
1657	1574
1710	595
4555	2247
1646	127
4526	1270
1316	424
3932	1741
3936	1437
3969	1741
4785	3169
1103	21
4521	1447
2749	2274
2879	1710
4013	2368
3803	2289
1455	1354
3643	2290
4418	3289
3850	265
3019	2221
4178	2041
3038	946
5126	1127
3644	1708
3965	77
3627	1206
3079	1710
3046	1176
1710	1071
3628	1889
4841	1753
3019	2991
3592	1206
1555	587
1907	1206
3282	320
5046	4930
989	92
4864	2509
3414	1710
4178	924
2078	77
3109	1131
1327	871
4864	933
5184	3710
3038	989
2509	1710
1710	1368
2749	1969
2525	320
2421	2101
4554	1447
2653	1664
1578	1571
3540	1653
2357	1126
3798	1555
2957	1893
1585	37
4841	4315
2742	1710
1867	710
3469	1710
2393	1166
1546	496
3169	1796
3907	3323
2983	320
5179	713
4704	4439
3125	2756
4166	2158
4495	943
5163	1758
2158	1348
3291	1107
1588	1555
1627	1349
4967	3877
5054	4930
4970	1327
4348	566
3065	233
2542	1793
1710	989
1129	599
4478	2737
4135	1124
3095	493
3395	142
3345	920
2977	589
4704	2856
3872	2279
3633	2211
3497	3261
3547	1710
2486	175
2385	457
1574	235
2284	1710
3426	2720
3169	2718
4130	2756
1918	871
5112	1878
1636	1206
4864	163
4341	1710
3366	1574
2420	2332
3524	1237
1627	347
3169	2542
5219	3627
3834	1636
4378	3572
3593	1627
3907	1138
4731	1710
3169	154
4887	3169
4320	2069
4321	4225
2040	135
5015	154
3425	2957
356	111
2380	393
4759	769
1237	366
3262	1541
2486	1647
4471	4066
2017	1710
4085	3641
3813	1741
3392	819
4571	2308
4159	1224
5224	1127
3643	2916
4168	320
2521	905
2313	1710
4708	2848
4614	973
4102	1741
4119	3877
3231	2090
1646	913
4608	1672
5198	1710
4663	2005
2656	2158
3278	855
3417	1710
4321	672
4608	2457
853	149
2370	177
2695	1354
1405	1131
4921	1795
1086	379
1695	96
1611	1273
1129	275
1427	1338
4178	3541
3012	1173
5031	2549
3146	2935
3644	1327
3169	235
3633	1710
2870	2020
5054	2994
3498	1970
2661	70
3472	3078
4814	417
928	519
3906	2801
1270	1182
4178	2587
2653	2392
2009	445
2164	906
2934	1577
4378	1708
4777	1907
4625	2064
2164	713
4947	1104
4691	1710
2817	928
2380	573
4148	901
3225	1995
3837	3644
2293	1338
4729	1600
1710	1681
4148	2439
2681	2135
4845	4199
1338	347
1970	639
3403	2944
2211	905
1646	1585
3257	989
3710	2573
3641	1565
1781	1758
5025	1942
2085	1710
3310	3289
804	111
2663	92
3924	1710
1710	567
4061	1710
1342	1104
726	615
4608	795
3635	2327
4257	2318
3019	2953
4171	1018
1270	920
4355	3807
3810	1060
4327	1807
260	107
1555	881
5054	353
2039	235
2944	1127
1710	1434
3668	1721
4044	2653
4963	4612
3169	1007
3169	2032
2211	1082
1710	362
3473	1653
2291	1456
1773	777
4302	1555
3257	2290
321	213
4671	2764
4178	869
3562	1838
921	320
3598	2249
5054	1656
5062	1919
5025	4678
4930	819
2896	1710
2417	316
4678	1710
3291	2916
1555	277
2720	1706
4623	2145
4348	3278
2809	1710
1668	1206
1710	149
2451	1766
4704	1540
1438	599
3906	2680
600	216
2935	458
3213	44
3558	3323
3599	3169
3740	1359
3937	348
4608	1646
3971	1710
3546	3169
4744	1710
4835	127
2524	2222
3546	1646
3743	1710
5067	3914
1338	129
2756	1366
3334	2961
2573	2521
1710	881
3548	461
4838	4235
4495	1736
4403	1585
2952	102
5219	764
2749	941
1710	1663
1710	1568
4148	153
4733	1880
4246	1471
5150	4608
2889	1347
1710	817
1710	869
1427	1127
3833	1127
5054	2430
3790	92
4729	1602
3694	2020
1555	1353
4714	3670
4615	277
4478	2247
1710	848
599	362
3877	2089
4663	3903
2653	1021
4785	381
4041	994
4320	2663
1380	330
3643	2903
1710	833
3807	2024
1685	36
3169	1710
5188	1434
5185	3323
4107	1562
2457	234
1660	277
2757	1710
3169	2113
5176	2749
2101	1039
3512	2486
2012	1710
1710	691
290	111
1555	290
2529	1766
3508	2090
3026	1555
3529	1511
2956	2529
5062	1646
4904	330
1918	639
4891	2158
3255	348
4864	1782
766	96
1741	635
4714	309
2428	2318
3928	2596
2688	1113
3213	1025
3168	1656
3219	3169
3171	1710
3063	871
1710	1680
3144	393
2925	2520
5035	875
2935	788
2486	516
3475	1931
759	676
4921	2802
1758	294
3976	1080
5254	2902
2602	1016
4316	3094
2533	1710
4864	362
4714	1357
5107	4093
5179	1753
4734	258
4954	3928
2749	1656
4552	1206
2801	2057
3078	795
4293	1611
2290	910
3276	1571
4539	1710
1710	408
4669	578
5197	1555
5020	2927
3729	1108
4988	1684
4911	1447
5054	2209
2113	142
3120	1656
4304	4222
2434	1723
1710	984
4267	2673
5238	1465
3627	235
5068	163
1555	595
1182	1137
4041	1777
2700	853
1697	735
4095	1710
1882	228
5123	4471
4222	1577
5219	696
3790	2069
4539	70
3558	1127
1431	931
4315	3169
5025	4970
4864	1568
4542	2457
5142	1710
1237	1096
4864	3864
4973	484
3353	445
4267	448
4432	3169
3595	1710
3790	2158
1777	177
934	582
1710	1116
4608	928
3285	2451
3644	3598
4540	1780
3599	842
3877	2673
4117	1907
2896	1455
2957	2577
3602	3598
2542	1773
2146	235
4168	1757
4600	2486
4137	662
2936	2870
1338	423
3548	788
1919	1349
3906	764
3473	1225
2756	1741
4973	1047
2207	1021
4285	4199
4220	3198
3123	2458
1237	989
3403	1555
4582	2024
4659	320
4166	2304
2024	564
3625	102
2991	762
4921	2709
3109	2036
5107	4295
4608	1723
2764	776
4967	3558
2797	36
3548	913
1710	1296
4841	1821
277	184
1646	608
3675	1270
1777	1617
1771	1710
1129	362
4572	672
4688	4316
5207	320
4274	828
4810	2273
1125	320
1082	329
2066	1710
3602	3415
1599	923
4327	1018
3963	2457
1710	1270
4201	4171
1846	235
1710	1545
3411	589
2797	458
5254	80
2089	1075
5196	2293
2413	1710
3392	1549
4663	600
4930	2318
2382	871
5207	5066
3977	1710
2158	1138
4714	212
4412	1735
5035	3472
1710	1104
4178	2350
910	597
2587	1227
884	582
4320	1270
2372	915
3109	1224
1710	356
5219	2128
4316	2735
4487	3278
4473	1555
4417	1710
3069	2775
3071	764
1608	1577
2357	1710
4285	45
4608	3548
3169	2420
1889	1157
3670	1708
5130	4107
5042	1878
3169	2223
4146	1710
1127	608
3413	2816
2961	2688
1978	1532
4124	3792
4663	277
4459	3473
2663	348
3169	1455
3985	1555
3907	2901
1555	1532
5250	2720
4232	3015
3937	2486
5035	3078
2614	1710
2257	1342
3091	1585
3624	2934
5250	1926
3109	2244
4178	1847
3094	1710
3125	1447
4102	2219
4678	3017
3169	615
5238	1124
2815	1710
4608	3169
1710	854
5118	1237
1490	719
4649	3169
3877	3026
2003	643
5112	3906
2486	371
5047	3420
3411	1237
5127	1129
2763	2669
4608	2293
4694	1710
3969	1279
3169	1338
4168	2749
4976	1565
2048	92
2373	1741
3173	1758
4954	2486
3644	2017
5069	1710
4178	2984
3790	3644
3275	1611
3169	1106
3169	725
5042	330
5076	213
2789	2318
4378	1710
1683	304
4171	1995
4171	53
940	216
2679	1668
2105	1741
3644	973
3644	1588
3562	1555
4714	3000
2957	1079
1455	1206
2165	1710
2882	320
5165	3628
2515	1600
4947	788
1853	106
2934	2823
2934	1780
2024	301
3856	2749
1980	1710
1741	665
4194	1225
1636	92
2892	554
3448	2318
1445	1273
4663	2012
4226	1075
1237	1107
2752	1290
4886	2653
4267	2764
1710	744
4178	3103
3396	2518
1737	1710
2673	1780
1705	1638
3487	1237
1741	1423
1761	1206
1710	1447
1919	1060
4178	2211
2869	1185
2241	1672
4257	1639
3601	2775
1237	260
5042	213
4439	1739
2207	635
3641	453
2968	2020
1710	236
3982	3341
2904	2894
1710	1381
2318	1166
4119	1710
2892	348
2761	1555
3169	1483
2902	2249
1710	189
4178	2629
4047	2263
2673	1653
2708	1710
2318	1652
4663	718
1822	1206
2373	1710
1741	1349
5242	155
5179	92
4935	4171
582	453
4729	1741
1577	216
1710	1105
4110	3169
3614	3599
4554	1508
2688	1348
5062	4320
3554	2056
2515	332
1555	1395
2385	600
4171	2777
4814	2393
1938	1757
3169	1353
2998	710
4402	2113
5156	716
3589	2048
1710	1531
2393	2158
5124	3169
2945	1209
2318	320
2164	1338
3169	608
3498	3291
5206	5108
1611	886
2991	1710
4178	2580
4412	921
2486	1577
2139	1585
1166	1138
1080	357
3065	1577
3169	473
5188	994
2382	1057
3213	2299
4973	3345
4951	92
4973	1887
3169	858
4669	1710
1878	764
4295	2413
5123	1647
4267	2936
2486	2293
4174	2756
4897	4178
5179	2113
3593	2186
1524	815
2318	1333
3768	2775
4939	92
5244	3169
4689	600
2318	1314
4471	3644
2795	1165
3487	1878
3001	1585
2305	1710
2934	1141
4663	1574
5235	3907
3323	1362
4864	4044
3135	1710
1758	933
4734	615
5047	3169
2656	1565
1565	235
4567	2749
4267	4217
3169	2902
3602	3173
739	292
1758	1082
2292	1104
2936	865
2935	2420
2533	2519
5218	3169
2579	990
4572	3781
4487	4275
3026	2273
3614	842
4714	3483
1710	37
3877	1710
2991	1656
3091	667
5238	1127
3562	3470
1411	934
4969	2656
2430	1436
4930	943
1710	1200
4018	1705
3184	2457
4714	1781
4467	1708
3122	1082
2451	615
1637	233
5184	2749
5219	2889
2393	2113
2787	910
2764	453
2648	1710
3275	3213
4130	381
3472	2596
4914	3169
3026	320
1870	1577
4623	905
1710	473
4623	2935
1104	320
4331	635
1237	58
1316	478
3990	1549
3403	615
4963	4439
2915	2749
4171	946
990	92
3169	2521
1710	795
5031	4051
2673	1080
2020	1322
4671	1495
5151	662
3651	819
4948	3345
3914	1182
1555	1314
4663	2934
2945	587
4469	1080
3914	1481
1710	1167
2943	2775
2222	1611
1881	134
5107	1710
2248	985
872	704
2482	381
4101	381
2764	1565
4124	3837
4178	2916
1508	713
5035	4066
5163	348
1236	764
3976	3834
4140	2239
3169	1074
2231	1555
3169	3097
2318	157
2602	597
4864	2260
4412	94
2279	1484
3864	3323
5054	1511
3303	3169
4729	1338
3851	1710
4864	2477
4739	2889
4174	2211
1710	1057
1555	928
4845	2244
303	55
5076	2902
897	163
5054	3291
4275	3856
2289	1230
2219	1270
1710	1690
4275	3255
2449	1710
1708	448
3598	1710
2886	1758
3764	2777
1971	249
4555	320
4954	1555
3554	96
4869	3807
456	18
2486	1455
3399	1710
3169	1025
4482	2078
4148	4013
1710	1210
3830	273
457	347
4930	4013
4176	1710
3740	2529
5054	1510
4469	1710
3976	1723
4663	977
309	222
1753	1274
1778	1348
2869	2509
3548	1120
3278	2486
4217	2020
1710	1500
3299	2460
4663	2277
2870	157
3353	1206
1652	1555
990	134
3015	1555
2521	1237
1080	881
2241	1299
2207	740
4841	3602
4306	2808
3546	1138
1710	1420
2823	320
1196	615
3092	1710
5067	2603
2451	817
3803	381
347	172
1237	1151
1555	320
2991	2158
2991	767
4749	4540
2633	726
4429	1758
3001	2318
4669	299
2219	92
5025	3423
4224	240
4439	2207
1140	587
3282	2499
2756	1577
3906	2612
1780	423
5065	1710
4623	1138
3893	2318
5127	4348
4275	2989
3914	1137
2428	461
5020	2637
4023	2945
1779	1237
3169	1479
4171	2653
4809	4535
2211	14
3764	273
4402	1420
2186	1735
4473	3173
4267	2069
1720	1588
4954	871
4275	906
3169	1594
4600	1555
2216	1710
2680	2370
4939	4178
5163	2211
1455	1086
4274	2017
4178	1160
2186	172
3491	2568
5127	2486
4274	824
4620	1773
720	138
2749	1860
2916	2368
1710	725
1907	1138
2720	672
4814	129
2039	277
4970	3403
3980	2633
1710	668
4164	1959
3170	3169
1735	172
4592	1555
5165	1127
2269	2089
1627	1270
2158	662
1574	1483
4116	749
4627	1919
4970	2207
4075	2735
4608	2554
5132	4193
5054	1995
3217	1565
2321	471
4926	1565
4620	2643
3230	1342
1710	956
1720	288
1710	1438
2158	1048
4199	2239
3019	2222
2579	2219
2135	1347
2957	1335
3907	2081
4801	528
2368	1080
1348	129
1577	716
2486	391
4277	320
2425	931
3686	1984
4782	1555
4963	1549
4275	2733
3635	1585
4774	1710
2679	111
1685	1257
2518	2101
5054	44
5054	4168
4094	1710
2749	635
819	600
3802	739
4706	3718
2420	2318
364	277
4639	4171
5054	1441
2158	2113
2653	1405
4660	4331
3326	1230
766	550
2303	1127
4926	4864
4864	1599
2069	990
4320	3593
4904	1878
2603	844
4098	3169
5219	2222
3231	1710
1984	599
1237	1210
4974	3710
4246	1723
4864	727
3668	599
3628	313
2020	1574
1710	747
4075	453
1710	1114
236	92
2873	1710
5069	3306
4178	3834
3449	3413
3169	509
4608	3448
1710	402
4306	927
1710	920
1821	1780
990	859
4777	2775
4124	1131
4041	3213
2680	2057
3593	1710
3932	3644
1871	1710
2318	1102
4178	3349
4087	2485
3988	931
3593	1349
4719	45
4263	1127
1565	1381
2718	1206
296	228
5040	1555
2829	1555
1710	1380
1242	1127
5219	2902
4663	2304
2989	1506
3635	2708
2813	2368
1555	855
2663	990
3651	348
4864	4013
5054	642
4864	1571
3420	1690
5242	1889
1524	320
1531	1237
4222	3169
5054	4663
1780	1434
4947	2673
4864	3602
2909	2648
4785	2562
3372	3361
4304	3644
4168	599
1919	347
4396	77
1723	197
2829	1710
2158	1237
5155	5118
3169	2846
2282	1779
5244	1568
4451	3169
4869	1270
2158	595
3579	2485
4094	2519
1710	1120
3169	2057
4752	3472
3873	1710
4608	1297
4281	45
5123	1918
1206	776
3054	815
3535	3169
4970	4061
5185	2530
5179	103
5108	3813
2673	2357
4393	4226
3169	2540
3988	1047
4608	1270
4451	2053
4899	348
4429	320
2247	1664
3683	2418
3643	3548
5123	1237
5150	2098
1237	928
2935	2239
3808	3169
2663	1741
2903	277
3539	290
3169	2178
4864	1240
3781	1555
4475	18
1758	1574
3855	255
1710	320
5180	4623
4266	916
2224	1455
2934	1423
5110	4864
1555	1420
1757	1653
4864	1585
3635	2554
3109	2607
1025	931
3643	1047
4973	92
3643	1495
4785	1837
2764	2520
1909	1577
1710	1340
2671	481
2776	320
216	142
4663	777
4272	1758
1338	320
1757	994
3740	445
3046	1577
1080	316
5054	4117
3278	2107
3807	2956
3169	722
3038	1720
3124	599
3012	1942
3864	1555
2553	1870
2420	1650
3830	1017
2318	2231
2318	639
3988	3169
1876	1710
3906	2263
3502	2735
943	244
3413	912
3803	1723
3261	1508
3229	2777
2224	1057
4652	2934
2870	127
4093	14
1182	943
4659	788
3694	1710
4974	281
1176	653
3907	587
3810	1710
4364	1710
4620	2665
3580	320
2935	1710
3399	1758
3280	2587
2612	244
1627	172
3735	1710
4487	2107
3686	1506
1537	144
3718	852
3169	2165
4612	1758
4752	92
4616	1555
3980	2207
2547	2247
2653	1705
3686	1766
5220	1710
3323	2547
1721	1381
4614	2568
2608	2158
2708	2318
3833	428
2318	1879
2457	2158
1230	589
4578	2764
1710	1378
2916	2039
4602	3729
3851	1577
3969	631
1710	846
1555	1379
4969	3280
2902	2128
2869	2848
3169	1148
3173	2207
2402	2157
1300	321
2158	819
5179	4222
5011	2165
1455	1381
1131	1127
1758	1447
3976	471
3420	1541
4540	1710
4669	1302
2439	1273
3341	1710
4153	2653
1555	1273
4178	4173
5054	4845
4694	3483
1445	1167
3169	2708
5254	2207
2211	374
3807	2529
2322	1757
4199	45
1577	597
2673	1096
4864	1351
1710	478
5238	711
4085	2486
2413	320
3169	924
5035	3635
2486	1127
3570	1920
2784	2749
1465	1124
4102	3529
2643	2486
2757	2486
3169	1777
4532	1710
373	144
2417	216
1113	989
1036	672
3261	3169
4963	3834
1685	1104
4459	3651
2700	321
4194	1185
2425	676
4814	1555
4930	2434
4282	1758
3821	3548
4732	1577
5062	1138
2395	1758
1710	1290
1224	166
1455	550
5054	3144
2005	1723
4424	766
2533	1141
3169	2801
4080	2308
2515	1348
2012	1555
4600	1779
3532	1710
599	36
1080	693
3907	2756
4954	2290
1393	1103
3326	2289
4719	3764
4119	2293
2582	1656
1710	887
4938	2376
4615	1061
4418	1907
1732	154
4168	3144
1025	852
1824	70
2158	175
2352	1652
4275	258
4495	4110
4275	635
2457	1080
3683	2158
4582	1457
3169	232
1710	973
2186	457
2886	2764
3289	2633
2113	619
4283	720
4275	1522
5130	3280
5112	2057
3644	1511
2776	489
5150	1237
1511	92
4148	3988
2801	213
4414	3834
5054	4515
920	525
5126	587
589	244
3593	581
4785	1723
2776	1758
2629	1565
2042	1710
2673	2457
1276	764
2233	1102
2603	1938
1710	931
4178	833
4482	359
4904	2680
4864	2428
2069	946
2857	1123
1710	380
1663	447
3641	1206
2715	2181
5238	2720
1577	582
3308	2749
1710	655
3877	3413
3169	3039
2157	764
3635	1753
4178	1766
4861	2318
1366	1206
666	92
2596	1710
2983	2211
4174	2293
5035	597
4117	2673
4159	639
1881	1710
3613	3169
1602	1348
2656	2653
2039	905
4469	768
3364	1710
4149	4087
1710	1021
1995	1434
2749	1976
4275	1245
1455	374
1995	578
4582	3946
3588	1773
4951	3506
2282	881
2925	453
5026	1237
362	36
2192	1663
4869	1437
4171	1910
2897	2486
1086	91
3957	1710
4282	2756
2612	2128
4988	3123
2582	1206
4071	2603
5188	1907
5035	1224
2643	359
3710	1277
2318	1230
3169	525
5054	2673
3169	45
3487	764
2586	1206
3169	1918
2916	2318
5025	2925
3146	1870
3651	2889
4864	2776
4864	1047
2448	1710
4171	2380
3462	453
1555	1348
4267	1437
3169	1300
3345	3278
2892	908
5238	4135
5132	977
2953	464
4102	2579
2372	1434
2824	1710
4469	2031
2554	1411
3169	1765
4026	2956
2481	928
3282	1710
2054	235
4729	2318
1494	554
5046	3169
3403	2254
2829	2273
4280	2661
3035	1236
3153	1668
3169	228
719	493
5194	1710
3946	1080
4571	1690
4073	1821
3229	348
5026	1710
2795	2643
2135	662
2889	819
3771	3387
2222	2158
2192	318
4066	2318
3618	1697
3987	1227
3656	889
3739	1710
3688	1753
1680	1447
3310	881
2673	901
3781	2904
2263	213
4752	4627
4159	1970
2801	2128
4954	166
5160	726
1646	417
1836	1710
4623	1531
5252	1710
4864	819
1571	1479
1870	1455
4473	3169
4217	135
3580	2603
4130	619
3169	2019
4055	1710
5176	4285
4620	4535
1626	1206
4521	1206
3688	1447
2935	36
4135	2211
5067	921
2928	1237
2482	718
2024	1030
3877	1347
3644	3219
2709	1878
2233	1710
2957	1866
3473	2889
3807	516
1758	675
1907	943
1758	1277
3792	154
3426	1708
4487	1710
2533	1237
3627	440
3169	2953
5208	1064
3345	2926
3345	1434
3495	1585
2975	1565
4864	2829
2303	1057
4393	3595
3963	716
4283	77
4954	3257
4777	615
4142	564
2994	80
3803	277
235	135
2989	2957
3848	2934
2536	1213
2573	651
4689	3803
972	739
4663	1697
3280	2211
4814	3847
2430	56
2382	1555
1086	990
5242	240
4098	3710
1710	739
1577	1206
4988	1931
3111	1710
2669	2510
3169	2875
4163	1540
1710	1577
4967	3323
4171	1919
2024	1788
4018	2717
4967	928
4812	2797
2318	2031
4988	2894
5068	788
4321	729
4295	881
3169	290
3257	1918
1777	567
3078	2373
2135	1104
3598	1127
3020	1970
4841	3473
3169	2926
3449	70
1710	1525
2902	2158
1942	1225
4224	2633
4429	4148
718	135
4843	1710
1837	137
4887	213
3710	599
3756	3361
4864	697
4864	1617
3111	316
4222	2486
92	70
3718	2555
2789	2158
2192	144
4973	2764
3169	1970
2663	989
4440	1710
4814	60
1273	1107
2673	994
3569	1710
2902	2263
4904	80
2808	927
2749	1710
4178	2265
4612	2211
4402	1138
2976	2273
4864	4646
3644	920
5212	1710
3291	1555
2789	277
5054	1723
2749	1836
4864	2032
3781	447
662	54
5054	3790
1710	1338
720	672
2848	2479
4996	1988
3588	1565
299	70
2529	789
4267	1841
5219	2207
1710	670
3580	1565
4608	3710
4148	1047
4412	1666
1708	1157
4608	154
4732	1531
2145	1758
2479	1710
3169	739
3352	1047
4947	2286
3572	1237
4817	4663
4898	1710
3169	644
764	213
3425	277
5054	3771
2486	1531
4689	884
2304	2211
5062	920
2452	1710
3847	1710
4734	1127
3420	1723
3169	1980
2870	615
2326	1710
4424	2848
1317	320
2486	1274
4714	3593
4555	1317
1602	1237
3663	564
3111	1627
1342	1237
3624	788
1710	47
4555	3323
2845	1479
1609	1138
5123	1637
1710	1245
2521	600
4973	3830
2901	1710
4947	1907
4663	2529
5069	320
1710	1138
4612	1338
2130	1741
2211	875
4904	2564
3124	1757
4988	2290
2039	142
1293	1237
516	96
2318	290
4224	1293
3169	2775
5035	2870
1080	428
4571	3420
4627	1197
4174	2673
2956	320
4579	1796
764	748
4864	3873
4970	1018
913	333
4178	1267
3785	1206
3099	2211
1270	1237
5197	1710
5054	453
2182	1926
4101	1316
1545	1206
4775	1455
3877	2457
5181	1237
47	45
5127	576
4652	1316
4047	2902
1555	1457
1602	1338
3821	3218
4555	92
2977	662
4445	1710
2373	549
3803	1710
2977	2680
2158	1909
2582	235
5179	4315
5068	3710
1668	1565
4904	1353
3705	1710
3593	2579
5046	3001
2988	1075
3063	271
2107	906
2653	597
1577	320
1710	1457
2508	1555
2814	1807
3548	869
1555	777
4608	3877
3229	1455
2327	37
4159	597
3473	819
1926	1460
2486	1016
1710	1039
1585	726
4193	2109
4902	1710
4294	3016
2934	1975
2486	2359
2892	1242
1710	1014
5062	4193
5184	3291
4287	2256
2943	2284
4199	1455
3736	859
2709	1345
4075	2764
3598	1549
4930	4608
4963	3864
3635	1555
2031	1609
599	96
2519	875
4101	1574
1758	1064
2020	1931
2983	255
2479	1758
858	348
3378	2889
3214	2642
1735	1179
1710	1599
4017	1710
3153	739
4479	77
1844	1710
1778	1007
5054	749
2519	1710
4841	3378
3834	235
5054	2093
965	92
3177	1757
2673	1577
3487	1860
1710	1161
3644	578
2622	2450
3932	1555
2158	157
3790	391
3764	1867
1750	1508
4608	1166
2720	1602
1663	920
4714	4378
2225	320
3641	448
5015	3257
608	602
3977	1025
3372	2292
653	320
2582	1447
1237	91
4301	229
2393	951
3326	1555
4348	720
4226	3595
3063	519
2057	80
3644	92
4026	1179
4329	1766
5092	1173
3169	1839
3169	1270
1555	1080
2158	320
4729	2393
3914	989
4818	1697
1758	1656
4967	2653
3169	943
3169	2973
1795	1695
4970	2378
4439	2239
1710	292
2020	1684
4602	718
2244	92
1821	1555
4841	4663
5127	275
4864	4828
3686	1437
3205	1710
4934	554
3169	296
1129	1070
2934	2361
4402	1506
2928	619
2486	1047
2393	1206
4623	2289
4691	2241
1577	1333
3937	3169
2458	1669
3124	1721
5062	990
1780	1555
3171	221
4620	1710
3922	1223
3643	1322
943	273
1995	281
4700	3807
2722	1571
1741	582
4273	1447
4938	4267
3985	1710
4973	3618
3275	1710
4864	4659
3907	2219
3807	172
4954	3472
4194	2660
4478	2919
4970	4841
2158	1652
4615	1710
4967	1113
3810	457
3169	1909
4930	1588
5063	4864
4093	1237
1710	211
3244	3177
3349	3267
4936	4495
2715	79
1555	662
2579	1302
3050	1710
1342	316
1182	720
2318	2222
1919	767
5130	4440
2653	2637
3169	1166
4899	3624
5107	1107
2749	554
5160	258
4988	2458
4864	1103
2875	1555
4904	2612
3807	3802
2904	2425
3456	2089
5250	4161
3144	154
2236	79
2961	2582
1656	1165
4116	1970
3024	1465
2789	2540
4864	2420
4969	1710
5015	4159
4384	391
2439	1127
4514	2756
4396	2756
3877	3097
3025	2211
2536	1710
5054	303
2236	2057
3670	1710
4402	1600
3502	1566
1880	1710
4608	907
1753	1465
4714	135
4623	1781
3660	2857
5208	2653
2318	1779
3169	819
3052	2520
4608	3893
1664	1127
1710	1146
3877	1338
4439	2749
2665	105
524	89
2509	1578
2991	711
4970	1616
2368	301
2486	1204
5219	3019
5213	1710
2989	582
464	453
3070	1710
5188	4542
4943	2020
3411	1565
4408	4285
4608	1909
871	602
4714	3078
4173	1595
3856	1565
4787	4081
2750	1907
5124	4864
4540	3644
4216	2720
3125	320
931	676
3403	941
5063	3883
2749	2153
2680	2236
3644	446
5054	2457
2927	1757
3548	3146
5198	3644
1984	362
1910	672
4225	3694
5025	908
4148	1577
4348	1014
3785	3739
1575	481
1127	727
3078	92
2607	766
1237	941
1766	1437
1349	921
940	320
5250	2380
4660	1455
3425	356
2372	320
3390	1224
3303	693
4263	1293
4107	453
2680	2263
1710	228
5025	1658
1984	1070
4495	2510
3169	1283
2146	1710
3937	615
4316	3411
4864	2392
3323	333
2316	1710
3169	2915
1881	1741
1779	105
4479	1541
1688	332
2510	1237
4275	4075
5044	4087
2332	137
1555	1293
3963	3291
3016	1007
3916	1710
4412	347
2653	1876
2679	2603
2380	1970
4217	235
2673	458
5130	674
2113	1646
4841	3095
4733	4275
2989	2751
1420	129
4427	235
2508	2158
4178	3643
2896	2859
2451	1113
4930	1427
1710	493
4257	3169
4412	92
2797	362
4973	855
1710	60
4495	4275
4046	2749
4930	1779
3169	1537
1780	1565
4843	1656
1989	828
2158	1338
3169	1206
3518	3198
3291	2814
2186	1741
2221	1710
2859	2777
4158	1758
4729	1246
4608	2779
3675	920
2725	739
4285	3764
2158	1297
3781	1437
2216	922
1685	599
4055	3280
4582	1080
4482	3932
1710	945
1129	1016
4402	129
2587	1970
2936	1907
3264	1237
5242	651
1359	1274
1710	1539
5238	155
4608	1494
908	639
4480	1758
4275	2427
3740	1657
4107	2486
3951	1710
4163	1102
4061	457
1710	279
2756	2211
4776	2222
3710	582
4608	3025
4495	2509
1710	330
4973	2320
3072	1758
5187	1096
2318	127
2814	2425
4714	1107
4972	3169
5150	1447
2486	2457
4734	711
2020	1646
5062	1206
4973	4439
4199	2896
4954	1224
5054	2660
3456	1075
2889	1942
1566	1455
3498	1457
4967	2165
3951	2717
4287	320
4139	3353
3495	1555
5054	3246
2965	2749
4729	417
578	92
4627	2486
4171	931
1447	1146
1984	1656
693	582
3169	3015
3291	338
5054	685
2789	1555
3274	294
1555	875
4224	4081
4752	4193
5054	294
4098	804
1782	1758
4275	711
1506	1420
4864	2700
4302	2919
1290	234
4770	3396
2275	1995
2540	2486
2290	2020
5219	2509
3644	2069
2207	1047
3663	320
4307	3807
2870	1723
5179	739
1710	1017
4719	931
4129	828
3323	1765
3963	1286
1710	391
4418	3078
4095	1197
1455	908
4217	96
2428	2158
3230	2486
2720	1274
2380	1889
4171	2239
3802	3169
4378	2869
5219	3651
1939	1710
1878	1710
2757	216
819	461
5121	4921
4581	3169
3602	3473
4274	2895
4275	779
3554	872
3129	2192
4331	816
2211	550
5054	1411
4178	2223
2673	2582
2653	1778
2269	1075
3982	1710
4320	1741
2776	776
4864	4495
3425	2679
3877	92
4864	3995
1978	674
3169	1773
2473	1710
3280	1758
667	320
2211	2164
4765	1710
5132	4378
5054	4594
2642	1779
3169	2934
1996	371
1481	391
2158	1333
1801	1741
2031	1646
1907	1555
4148	1970
1108	166
4187	651
5212	786
1710	1322
5020	4864
1511	578
2586	564
1577	1237
2155	1710
2735	2486
4963	1918
1710	1406
4571	3015
5020	1146
3987	1237
4224	3244
1807	109
2915	2457
2653	941
1710	79
2486	865
3977	3598
1710	605
2186	581
2382	2192
1127	739
1753	1555
2720	2166
1710	1302
3421	2749
946	70
2767	2579
4275	1225
2319	1555
4789	3570
3205	2380
1637	480
1984	884
4166	1309
3475	2904
3413	1915
4345	936
3821	2279
2318	1103
4081	2040
3710	1907
3169	693
1549	551
1555	58
2656	1349
1907	720
2555	105
2663	857
4222	4168
2889	2211
3198	1710
1758	635
2498	1710
2057	478
3627	1549
4738	1807
3169	1780
5025	141
4223	1710
4080	1710
4838	3877
4752	393
3877	3790
3643	819
5114	3169
4608	1338
1801	1710
5114	1447
4295	265
4663	4046
2889	516
2081	235
1447	96
4608	662
1710	265
860	299
3169	905
4459	1347
3366	3169
3122	2784
3184	2020
5062	3675
3169	3081
4814	3686
1455	96
2812	2368
4280	1588
2749	144
2510	2263
4135	1710
2663	2069
3856	3834
5015	4124
5062	4526
2608	320
4765	2318
5020	1381
3781	1710
3807	2482
1710	102
946	393
2653	1336
5015	4608
5184	901
4688	1200
4304	710
1710	796
1447	796
3291	3173
4948	1108
3813	1343
3257	1293
3169	229
2936	2318
2680	589
2158	1646
3019	2521
5011	4864
4402	1710
3334	1779
4316	2349
3877	216
3491	1555
4178	1262
320	301
3651	2222
1773	410
1427	1080
3020	2892
4306	1779
5015	3323
3802	1206
2012	1102
4768	3426
3366	235
4222	92
4193	1710
2756	2521
5020	235
3475	1710
4654	4178
4776	1611
2457	2318
2471	662
2726	1710
1636	91
4094	3149
3069	1127
3548	3069
1721	1585
3291	2590
2989	766
3038	2457
5160	667
3572	1224
4688	2211
1710	70
2069	70
5118	18
1710	188
5112	2680
2902	1695
4714	3125
4838	111
2749	1970
2904	1574
1780	1206
4744	2521
2279	901
5035	1465
1919	1179
4649	3023
2509	367
2653	2529
3108	1161
4930	665
4315	2380
5219	2263
2725	1080
3592	1545
4911	989
1602	44
2668	1710
4013	1481
2471	1636
5069	1080
5208	1224
2064	788
4132	1710
4482	2263
5054	2341
1602	417
934	901
4178	1522
3548	3307
2775	1273
1710	935
1710	1280
4596	3718
4963	4744
3169	1210
4283	1710
4841	2581
5015	4267
4582	3498
2031	1710
1103	235
4148	884
1808	1574
4018	2318
1481	1237
2673	2479
2158	1555
2263	1353
3133	1710
3378	1942
4290	51
3169	2784
5025	2219
1710	1431
4993	2542
1555	905
5042	2256
4841	4013
1942	920
2749	977
1723	1237
3470	1838
3529	1237
2515	1710
3793	1710
1646	1349
2499	1022
2130	1347
5254	2157
4275	3169
5208	4066
3073	2554
3785	1995
4841	2607
3205	3169
5035	5015
2643	105
1224	1113
4495	1007
5054	2320
3169	1565
3498	716
1540	567
3144	2211
3512	275
3146	348
2673	1406
3512	1710
5196	1274
453	36
1176	989
4709	3169
2717	1710
2382	909
1357	151
4627	1565
921	667
5054	240
3598	748
3019	2223
1971	359
348	154
4044	2039
4673	1710
4439	1757
4148	461
2158	875
5151	461
4891	3169
3323	1780
4178	2859
1710	1006
3966	1113
3038	92
4073	881
4306	3169
2870	2289
5132	3123
2735	2349
4476	2510
764	621
4864	2219
3448	1555
1742	1710
744	96
3807	1766
1741	779
5197	1138
3558	221
5068	1669
4130	2642
3120	1708
3169	3096
2113	1138
2056	1710
2709	589
2529	1151
2633	141
2554	2158
1666	1146
5242	2380
4149	1710
4414	1710
4571	1532
2653	854
4178	1165
2757	719
3134	924
3219	543
5062	1137
1710	503
3498	940
1710	1684
1720	1577
946	391
2540	92
4430	1710
2020	119
1969	615
4926	2749
4864	2629
1237	1102
3169	1018
2521	2048
2211	153
2299	1639
3740	2776
2284	1227
2587	2275
2487	1555
4482	3627
5056	3643
2653	1860
2393	417
3413	1457
2164	1565
2486	1391
2770	1710
4734	4317
3420	1837
3420	3213
1753	1124
1574	1555
4729	1293
4393	2988
4935	1096
3230	2797
4108	3169
2519	1347
1348	320
5196	2304
5118	2109
2709	2680
4193	1237
4886	1710
4304	1867
236	91
4013	1907
4532	3613
2263	589
4403	2486
1574	1571
1555	1427
3169	11
4954	1708
4199	3039
3323	96
4729	4402
4467	4321
277	135
2977	1276
2186	1919
4378	3877
2646	320
4533	320
1710	365
2380	110
3925	1909
5254	4981
1237	1206
5101	3937
4596	1025
2749	2553
946	92
3425	70
4828	788
2756	2222
2378	1710
3170	1710
3153	2764
2859	1617
299	96
3602	3012
2421	1710
2915	1555
4970	4306
4137	1758
1273	485
4651	2720
4275	1125
3261	3012
554	290
2775	2185
2281	1007
1338	1080
5020	4495
2603	1347
5208	4734
4967	3644
1863	1710
3026	2158
4963	4178
4864	2875
3877	3169
2749	212
3651	2130
4864	2145
1082	320
1702	804
1455	277
2158	905
4257	4124
1606	1370
1710	1102
1710	1299
2720	2165
1080	1070
3169	2633
3644	923
2910	2481
1963	1710
5208	1327
4582	1223
2521	2158
1710	303
4514	3019
4107	2926
5007	1522
1237	711
1710	135
2936	385
3372	1893
3624	1710
3675	1710
2318	744
4663	3932
4235	91
4689	2646
1710	955
5035	127
2164	1766
1710	967
3278	2279
4422	2549
3834	654
3411	2749
3012	1710
1524	260
1878	77
4495	3214
5054	3362
3988	1766
5069	4178
3907	1447
3906	2256
1852	1281
4740	2380
3906	2977
3923	1574
3793	1080
3218	2542
1588	70
2949	1757
2885	1710
1272	92
4148	3570
3078	1807
4178	2334
2915	2318
4616	543
800	564
4575	3177
2761	277
4752	2069
4225	1753
4130	3353
2290	1224
1348	1138
3922	3888
4864	165
1794	1710
