# GO	NS	enrichment	name	ratio_in_study	ratio_in_pop	p_uncorrected	depth	study_count	p_fdr_bh	study_items
GO:0000390	BP	e	spliceosomal complex disassembly	3/3	7/6920	6.340000789971344e-10	7	3	2.9075243622808585e-06	NTR2, PRP43, SPP382
GO:0032988	BP	e	protein-RNA complex disassembly	3/3	12/6920	3.985143353696273e-09	6	3	9.137933710025554e-06	NTR2, PRP43, SPP382
GO:0032984	BP	e	protein-containing complex disassembly	3/3	84/6920	1.7260018150617989e-06	5	3	0.0026384814412911367	NTR2, PRP43, SPP382
GO:0022411	BP	e	cellular component disassembly	3/3	108/6920	3.6981405750782562e-06	4	3	0.00423991816932722	NTR2, PRP43, SPP382
GO:0008380	BP	e	RNA splicing	3/3	155/6920	1.1025895373839166e-05	5	3	0.010112951236885284	NTR2, PRP43, SPP382
GO:0071826	BP	e	protein-RNA complex organization	3/3	182/6920	1.7901626230563086e-05	5	3	0.013682809648893719	NTR2, PRP43, SPP382
GO:0006397	BP	e	mRNA processing	3/3	228/6920	3.531336965722908e-05	8	3	0.02313530189257894	NTR2, PRP43, SPP382
