# GO	NS	enrichment	name	ratio_in_study	ratio_in_pop	p_uncorrected	depth	study_count	p_fdr_bh	study_items
GO:0030687	CC	e	preribosome, large subunit precursor	10/12	59/6920	5.937579815868564e-20	4	10	5.611012925995793e-17	ARX1, MRT4, NIP7, NOG1, NOG2, NOP2, NSA2, NUG1, RPF2, TIF6
GO:0005730	CC	e	nucleolus	12/12	365/6920	3.899579051372251e-16	5	12	1.8425511017733883e-13	ARX1, FPR4, MRT4, NIP7, NOG1, NOG2, NOP2, NSA2, NUG1, RPF2, SDA1, TIF6
GO:0030684	CC	e	preribosome	10/12	163/6920	2.5306147153559623e-15	3	10	7.971436353371281e-13	ARX1, MRT4, NIP7, NOG1, NOG2, NOP2, NSA2, NUG1, RPF2, TIF6
GO:0043232	CC	e	intracellular membraneless organelle	12/12	1210/6920	7.807851175462716e-10	4	12	1.4756838721624536e-07	ARX1, FPR4, MRT4, NIP7, NOG1, NOG2, NOP2, NSA2, NUG1, RPF2, SDA1, TIF6
GO:0043228	CC	e	membraneless organelle	12/12	1210/6920	7.807851175462716e-10	3	12	1.4756838721624536e-07	ARX1, FPR4, MRT4, NIP7, NOG1, NOG2, NOP2, NSA2, NUG1, RPF2, SDA1, TIF6
GO:1990904	CC	e	ribonucleoprotein complex	10/12	622/6920	1.7978044633373426e-09	2	10	2.831542029756315e-07	ARX1, MRT4, NIP7, NOG1, NOG2, NOP2, NSA2, NUG1, RPF2, TIF6
GO:0005634	CC	e	nucleus	12/12	2331/6920	2.0944098041109344e-06	5	12	0.00028274532355497615	ARX1, FPR4, MRT4, NIP7, NOG1, NOG2, NOP2, NSA2, NUG1, RPF2, SDA1, TIF6
GO:0005654	CC	e	nucleoplasm	3/12	65/6920	0.00016383151581818566	2	3	0.01935259780602318	ARX1, MRT4, NOG2
GO:0032991	CC	e	protein-containing complex	10/12	2176/6920	0.00031485676480425044	1	10	0.033059960304446294	ARX1, MRT4, NIP7, NOG1, NOG2, NOP2, NSA2, NUG1, RPF2, TIF6
