# GO	NS	enrichment	name	ratio_in_study	ratio_in_pop	p_uncorrected	depth	study_count	p_fdr_bh	study_items
GO:0045252	CC	e	oxoglutarate dehydrogenase complex	3/3	5/6920	1.8114287971346698e-10	5	3	1.7118002132922627e-07	KGD1, KGD2, KGD4
GO:0045240	CC	e	alpha-ketoacid dehydrogenase complex	3/3	9/6920	1.521600189593123e-09	4	3	4.793040597218338e-07	KGD1, KGD2, KGD4
GO:0045239	CC	e	tricarboxylic acid cycle heteromeric enzyme complex	3/3	9/6920	1.521600189593123e-09	3	3	4.793040597218338e-07	KGD1, KGD2, KGD4
GO:1990204	CC	e	oxidoreductase complex	3/3	29/6920	6.618960824730083e-08	3	3	1.563729494842482e-05	KGD1, KGD2, KGD4
GO:0009295	CC	e	nucleoid	2/3	25/6920	3.751106753106474e-05	2	2	0.005907993136142696	KGD1, KGD2
GO:0042645	CC	e	mitochondrial nucleoid	2/3	25/6920	3.751106753106474e-05	5	2	0.005907993136142696	KGD1, KGD2
GO:1990234	CC	e	transferase complex	3/3	410/6920	0.00020655577659422868	3	3	0.02788502984022087	KGD1, KGD2, KGD4
