# GO	NS	enrichment	name	ratio_in_study	ratio_in_pop	p_uncorrected	depth	study_count	p_fdr_bh	study_items
GO:0098745	CC	e	RNA decapping complex	2/3	3/6920	3.7590770398138673e-07	2	2	0.00029288901649430615	DCP1, DCP2
GO:0000932	CC	e	P-body	3/3	60/6920	6.198709343794839e-07	7	3	0.00029288901649430615	DCP1, DCP2, EDC3
GO:0036464	CC	e	cytoplasmic ribonucleoprotein granule	3/3	141/6920	8.283845032176557e-06	6	3	0.002042139138952871	DCP1, DCP2, EDC3
GO:0035770	CC	e	ribonucleoprotein granule	3/3	143/6920	8.643975191334904e-06	5	3	0.002042139138952871	DCP1, DCP2, EDC3
GO:0098562	CC	e	cytoplasmic side of membrane	2/3	22/6920	2.889189079996262e-05	3	2	0.005460567361192935	DCP1, DCP2
GO:0099080	CC	e	supramolecular complex	3/3	275/6920	6.210347773816431e-05	2	3	0.009781297743760879	DCP1, DCP2, EDC3
