# GO	NS	enrichment	name	ratio_in_study	ratio_in_pop	p_uncorrected	depth	study_count	p_fdr_bh	study_items
GO:0030904	CC	e	retromer complex	5/5	6/6920	4.543910340851413e-17	3	5	4.293995272104585e-14	PEP8, VPS17, VPS29, VPS35, VPS5
GO:0030906	CC	e	retromer, cargo-selective complex	3/5	3/6920	1.8114287971346698e-10	3	3	8.559001066461314e-08	PEP8, VPS29, VPS35
GO:0005768	CC	e	endosome	5/5	175/6920	9.778116659378607e-09	7	5	3.0801067477042613e-06	PEP8, VPS17, VPS29, VPS35, VPS5
GO:0097708	CC	e	intracellular vesicle	5/5	279/6920	1.0291242244450264e-07	5	5	1.7725400235832538e-05	PEP8, VPS17, VPS29, VPS35, VPS5
GO:0031410	CC	e	cytoplasmic vesicle	5/5	279/6920	1.0291242244450264e-07	6	5	1.7725400235832538e-05	PEP8, VPS17, VPS29, VPS35, VPS5
GO:0031982	CC	e	vesicle	5/5	284/6920	1.1254222371957166e-07	4	5	1.7725400235832538e-05	PEP8, VPS17, VPS29, VPS35, VPS5
GO:0098796	CC	e	membrane protein complex	5/5	336/6920	2.623071479623194e-07	2	5	3.541146497491312e-05	PEP8, VPS17, VPS29, VPS35, VPS5
GO:0030905	CC	e	retromer, tubulation complex	2/5	2/6920	4.1771548061925486e-07	3	2	4.9342641148149474e-05	VPS17, VPS5
GO:0005829	CC	e	cytosol	5/5	1178/6920	0.00014194898632881377	2	5	0.014904643564525444	PEP8, VPS17, VPS29, VPS35, VPS5
