# GO	NS	enrichment	name	ratio_in_study	ratio_in_pop	p_uncorrected	depth	study_count	p_fdr_bh	study_items
GO:0000118	CC	e	histone deacetylase complex	5/5	56/6920	2.8928169037582803e-11	3	5	2.7337119740515745e-08	HDA1, RPD3, SAP30, SIN3, SNT1
GO:0070210	CC	e	Rpd3L-Expanded complex	4/5	26/6920	7.810306347919571e-10	4	4	3.690369749391997e-07	RPD3, SAP30, SIN3, SNT1
GO:0033698	CC	e	Rpd3L complex	3/5	16/6920	1.011542373938975e-07	5	3	3.186358477907771e-05	RPD3, SAP30, SIN3
GO:0070822	CC	e	Sin3-type complex	3/5	21/6920	2.399805410680003e-07	4	3	5.669540282731507e-05	RPD3, SAP30, SIN3
GO:0032221	CC	e	Rpd3S complex	2/5	5/6920	4.173532734210084e-06	5	2	0.0007887976867657059	RPD3, SIN3
GO:0140513	CC	e	nuclear protein-containing complex	5/5	707/6920	1.099103201723515e-05	2	5	0.0017310875427145361	HDA1, RPD3, SAP30, SIN3, SNT1
GO:1902494	CC	e	catalytic complex	5/5	851/6920	2.7837658039014305e-05	2	5	0.003758083835266931	HDA1, RPD3, SAP30, SIN3, SNT1
