# GO	NS	enrichment	name	ratio_in_study	ratio_in_pop	p_uncorrected	depth	study_count	p_fdr_bh	study_items
GO:0000808	CC	e	origin recognition complex	6/6	6/6920	6.571092322272471e-21	2	6	3.104841122273742e-18	ORC1, ORC2, ORC3, ORC4, ORC5, ORC6
GO:0005664	CC	e	nuclear origin of replication recognition complex	6/6	6/6920	6.571092322272471e-21	3	6	3.104841122273742e-18	ORC1, ORC2, ORC3, ORC4, ORC5, ORC6
GO:0005656	CC	e	nuclear pre-replicative complex	6/6	16/6920	5.2621307316757945e-17	4	6	1.2431783853584063e-14	ORC1, ORC2, ORC3, ORC4, ORC5, ORC6
GO:0036387	CC	e	pre-replicative complex	6/6	16/6920	5.2621307316757945e-17	3	6	1.2431783853584063e-14	ORC1, ORC2, ORC3, ORC4, ORC5, ORC6
GO:0031261	CC	e	DNA replication preinitiation complex	6/6	22/6920	4.902889114417159e-16	3	6	9.266460426248431e-14	ORC1, ORC2, ORC3, ORC4, ORC5, ORC6
GO:0032993	CC	e	protein-DNA complex	6/6	53/6920	1.5085572056672375e-13	2	6	2.375977598925899e-11	ORC1, ORC2, ORC3, ORC4, ORC5, ORC6
GO:0140513	CC	e	nuclear protein-containing complex	6/6	707/6920	1.1157924043527225e-06	2	6	0.00015063197458761753	ORC1, ORC2, ORC3, ORC4, ORC5, ORC6
