# GO	NS	enrichment	name	ratio_in_study	ratio_in_pop	p_uncorrected	depth	study_count	p_fdr_bh	study_items
GO:0030686	CC	e	90S preribosome	3/3	81/6920	1.5455110497153003e-06	4	3	0.0014605079419809587	MRD1, UTP22, UTP7
GO:0030684	CC	e	preribosome	3/3	163/6920	1.2835077999265392e-05	3	3	0.006064574354652897	MRD1, UTP22, UTP7
GO:0005730	CC	e	nucleolus	3/3	365/6920	0.0001456031901423239	5	3	0.04586500489483203	MRD1, UTP22, UTP7
