# GO	NS	enrichment	name	ratio_in_study	ratio_in_pop	p_uncorrected	depth	study_count	p_fdr_bh	study_items
GO:0003723	MF	e	RNA binding	13/14	1124/6920	6.153236776045248e-10	3	13	1.5918423539629057e-06	CSL4, DIS3, LRP1, MTR3, NRD1, RRP4, RRP40, RRP42, RRP43, RRP45, RRP46, RRP6, SKI6
GO:0003676	MF	e	nucleic acid binding	13/14	1751/6920	1.8088342472972333e-07	2	13	0.00019805808030171654	CSL4, DIS3, LRP1, MTR3, NRD1, RRP4, RRP40, RRP42, RRP43, RRP45, RRP46, RRP6, SKI6
GO:0035925	MF	e	mRNA 3'-UTR AU-rich region binding	3/14	7/6920	2.2967693888873197e-07	6	3	0.00019805808030171654	RRP42, RRP43, RRP45
GO:0003730	MF	e	mRNA 3'-UTR binding	3/14	21/6920	8.583058753452049e-06	5	3	0.005551093248795113	RRP42, RRP43, RRP45
