# GO	NS	enrichment	name	ratio_in_study	ratio_in_pop	p_uncorrected	depth	study_count	p_fdr_bh	study_items
GO:0031080	CC	e	nuclear pore outer ring	6/6	7/6920	4.599764625590729e-20	3	6	4.3467775711832385e-17	NUP120, NUP145, NUP84, NUP85, SEC13, SEH1
GO:0005643	CC	e	nuclear pore	6/6	48/6920	8.063723828587451e-14	3	6	3.8101095090075705e-11	NUP120, NUP145, NUP84, NUP85, SEC13, SEH1
GO:0031965	CC	e	nuclear membrane	5/6	94/6920	2.4674471753691146e-09	4	5	7.772458602412711e-07	NUP120, NUP145, NUP84, NUP85, SEH1
GO:0140513	CC	e	nuclear protein-containing complex	6/6	707/6920	1.1157924043527225e-06	2	6	0.00026360595552833065	NUP120, NUP145, NUP84, NUP85, SEC13, SEH1
GO:0035859	CC	e	Seh1-associated complex	2/6	8/6920	1.750350716774356e-05	2	2	0.003308162854703533	SEC13, SEH1
GO:0031090	CC	e	organelle membrane	6/6	1298/6920	4.314468596390853e-05	3	6	0.006795288039315593	NUP120, NUP145, NUP84, NUP85, SEC13, SEH1
GO:0000781	CC	e	chromosome, telomeric region	3/6	111/6920	7.757208040638578e-05	3	3	0.01047223085486208	NUP120, NUP145, NUP84
GO:0098687	CC	e	chromosomal region	3/6	190/6920	0.0003833703325563773	2	3	0.04528562053322207	NUP120, NUP145, NUP84
