# GO	NS	enrichment	name	ratio_in_study	ratio_in_pop	p_uncorrected	depth	study_count	p_fdr_bh	study_items
GO:0016593	CC	e	Cdc73/Paf1 complex	5/5	7/6920	1.590368619297995e-16	4	5	1.502898345236605e-13	CDC73, CTR9, LEO1, PAF1, RTF1
GO:0008023	CC	e	transcription elongation factor complex	5/5	22/6920	1.9943222485996854e-13	3	5	9.423172624633513e-11	CDC73, CTR9, LEO1, PAF1, RTF1
GO:0000791	CC	e	euchromatin	4/5	9/6920	6.595576737952643e-12	3	4	2.0776066724550825e-09	CDC73, CTR9, PAF1, RTF1
GO:0005654	CC	e	nucleoplasm	5/5	65/6920	6.255365082912414e-11	2	5	1.4778300008380578e-08	CDC73, CTR9, LEO1, PAF1, RTF1
GO:0000785	CC	e	chromatin	4/5	148/6920	9.88387336927217e-07	2	4	0.00018680520667924404	CDC73, CTR9, PAF1, RTF1
GO:0140513	CC	e	nuclear protein-containing complex	5/5	707/6920	1.099103201723515e-05	2	5	0.0017310875427145361	CDC73, CTR9, LEO1, PAF1, RTF1
