# GO	NS	enrichment	name	ratio_in_study	ratio_in_pop	p_uncorrected	depth	study_count	p_fdr_bh	study_items
GO:0034457	CC	e	Mpp10 complex	3/3	3/6920	1.8114287971346702e-11	3	3	1.7118002132922633e-08	IMP3, IMP4, MPP10
GO:0032040	CC	e	small-subunit processome	3/3	60/6920	6.198709343794839e-07	4	3	0.00029288901649430615	IMP3, IMP4, MPP10
GO:0030686	CC	e	90S preribosome	3/3	81/6920	1.5455110497153003e-06	4	3	0.0004868359806603196	IMP3, IMP4, MPP10
GO:0030684	CC	e	preribosome	3/3	163/6920	1.2835077999265392e-05	3	3	0.0030322871773264485	IMP3, IMP4, MPP10
GO:0005730	CC	e	nucleolus	3/3	365/6920	0.0001456031901423239	5	3	0.02751900293689922	IMP3, IMP4, MPP10
