# GO	NS	enrichment	name	ratio_in_study	ratio_in_pop	p_uncorrected	depth	study_count	p_fdr_bh	study_items
GO:0006446	BP	e	regulation of translational initiation	3/3	30/6920	7.354400916366758e-08	10	3	0.00033727282602457947	CDC33, PAB1, TIF4631
GO:1901193	BP	e	regulation of formation of translation preinitiation complex	2/3	6/6920	1.8789950912677927e-06	12	2	0.0028723571628513655	CDC33, TIF4631
GO:1901195	BP	e	positive regulation of formation of translation preinitiation complex	2/3	6/6920	1.8789950912677927e-06	13	2	0.0028723571628513655	CDC33, TIF4631
GO:1904688	BP	e	regulation of cytoplasmic translational initiation	2/3	8/6920	3.50678123694895e-06	11	2	0.004020524688161971	CDC33, TIF4631
GO:2000765	BP	e	regulation of cytoplasmic translation	2/3	16/6920	1.5017469299765263e-05	10	2	0.012795543976358448	CDC33, TIF4631
GO:0006417	BP	e	regulation of translation	3/3	178/6920	1.6740790200207303e-05	9	3	0.012795543976358448	CDC33, PAB1, TIF4631
GO:0010608	BP	e	post-transcriptional regulation of gene expression	3/3	214/6920	2.917422009228403e-05	8	3	0.01911328190617351	CDC33, PAB1, TIF4631
GO:0051246	BP	e	regulation of protein metabolic process	3/3	259/6920	5.184687806018026e-05	6	3	0.029721222847998333	CDC33, PAB1, TIF4631
GO:0031334	BP	e	positive regulation of protein-containing complex assembly	2/3	36/6920	7.868955380480835e-05	6	2	0.0400966993054279	CDC33, TIF4631
