# GO	NS	enrichment	name	ratio_in_study	ratio_in_pop	p_uncorrected	depth	study_count	p_fdr_bh	study_items
GO:0034044	CC	e	exomer complex	3/3	5/6920	1.8114287971346698e-10	2	3	1.7118002132922627e-07	BCH1, BUD7, CHS6
GO:0030140	CC	e	trans-Golgi network transport vesicle	2/3	4/6920	7.517429508108881e-07	9	2	0.0003551985442581446	BUD7, CHS6
GO:0030133	CC	e	transport vesicle	2/3	11/6920	6.886327715187159e-06	7	2	0.002169193230283955	BUD7, CHS6
GO:0005798	CC	e	Golgi-associated vesicle	2/3	13/6920	9.764180873770952e-06	7	2	0.0023067877314283873	BUD7, CHS6
GO:0030136	CC	e	clathrin-coated vesicle	2/3	18/6920	1.9143578042454563e-05	8	2	0.0036181362500239127	BUD7, CHS6
GO:0005794	CC	e	Golgi apparatus	3/3	265/6920	5.554891320717236e-05	5	3	0.008748953830129648	BCH1, BUD7, CHS6
GO:0030135	CC	e	coated vesicle	2/3	49/6920	0.00014670254627930493	7	2	0.019804843747706167	BUD7, CHS6
