# GO	NS	enrichment	name	ratio_in_study	ratio_in_pop	p_uncorrected	depth	study_count	p_fdr_bh	study_items
GO:0016251	MF	e	RNA polymerase II general transcription initiation factor activity	10/12	21/6920	3.366965434831315e-25	2	10	8.710339579908614e-22	TAF1, TAF10, TAF11, TAF13, TAF14, TAF2, TAF5, TAF6, TAF7, TAF9
GO:0140223	MF	e	general transcription initiation factor activity	10/12	34/6920	1.2474419669562239e-22	1	10	1.6135661842578756e-19	TAF1, TAF10, TAF11, TAF13, TAF14, TAF2, TAF5, TAF6, TAF7, TAF9
GO:0003682	MF	e	chromatin binding	9/12	157/6920	2.6305075463636723e-13	2	9	2.2683743408142734e-10	TAF1, TAF10, TAF11, TAF12, TAF2, TAF3, TAF5, TAF6, TAF9
GO:0046982	MF	e	protein heterodimerization activity	6/12	30/6920	3.541323707300335e-12	4	6	2.2903511076964917e-09	TAF11, TAF12, TAF13, TAF3, TAF6, TAF9
GO:0046983	MF	e	protein dimerization activity	6/12	54/6920	1.5129823778538953e-10	3	6	7.828170823016054e-08	TAF11, TAF12, TAF13, TAF3, TAF6, TAF9
GO:0005515	MF	e	protein binding	9/12	807/6920	6.072180686842908e-07	2	9	0.0002618121906143767	TAF1, TAF11, TAF12, TAF13, TAF14, TAF3, TAF5, TAF6, TAF9
