# GO	NS	enrichment	name	ratio_in_study	ratio_in_pop	p_uncorrected	depth	study_count	p_fdr_bh	study_items
GO:0033698	CC	e	Rpd3L complex	3/3	16/6920	1.014400126395415e-08	5	3	9.586081194436672e-06	RPD3, SAP30, SIN3
GO:0070822	CC	e	Sin3-type complex	3/3	21/6920	2.4092003001891106e-08	4	3	1.1383471418393547e-05	RPD3, SAP30, SIN3
GO:0070210	CC	e	Rpd3L-Expanded complex	3/3	26/6920	4.7097148725501417e-08	4	3	1.4835601848532946e-05	RPD3, SAP30, SIN3
GO:0000118	CC	e	histone deacetylase complex	3/3	56/6920	5.021280625657305e-07	3	3	0.00011862775478115383	RPD3, SAP30, SIN3
GO:0032221	CC	e	Rpd3S complex	2/3	5/6920	1.2527841560983376e-06	5	2	0.00023677620550258583	RPD3, SIN3
