# GO	NS	enrichment	name	ratio_in_study	ratio_in_pop	p_uncorrected	depth	study_count	p_fdr_bh	study_items
GO:0035267	CC	e	NuA4 histone acetyltransferase complex	2/3	17/6920	1.7018156177624566e-05	9	2	0.005360719195951738	EAF3, SWC4
GO:0043189	CC	e	H4/H2A histone acetyltransferase complex	2/3	17/6920	1.7018156177624566e-05	8	2	0.005360719195951738	EAF3, SWC4
GO:1902562	CC	e	H4 histone acetyltransferase complex	2/3	17/6920	1.7018156177624566e-05	7	2	0.005360719195951738	EAF3, SWC4
GO:0000123	CC	e	histone acetyltransferase complex	2/3	46/6920	0.00012915070694946855	6	2	0.028786806192583243	EAF3, SWC4
GO:0031248	CC	e	protein acetyltransferase complex	2/3	54/6920	0.00017842664223216356	5	2	0.028786806192583243	EAF3, SWC4
GO:0000118	CC	e	histone deacetylase complex	2/3	56/6920	0.00019198029592096426	3	2	0.028786806192583243	EAF3, SWC4
GO:1902493	CC	e	acetyltransferase complex	2/3	59/6920	0.00021323560142654253	4	2	0.028786806192583243	EAF3, SWC4
