# GO	NS	enrichment	name	ratio_in_study	ratio_in_pop	p_uncorrected	depth	study_count	p_fdr_bh	study_items
GO:0004402	MF	e	histone acetyltransferase activity	4/11	31/6920	1.0641329724907248e-07	9	4	0.00015718158283639462	HAT1, HAT2, TAF1, TRA1
GO:0061733	MF	e	protein-lysine-acetyltransferase activity	4/11	32/6920	1.2151649233582884e-07	8	4	0.00015718158283639462	HAT1, HAT2, TAF1, TRA1
GO:0034212	MF	e	protein N-acetyltransferase activity	4/11	44/6920	4.542811622439577e-07	7	4	0.00039174178890837285	HAT1, HAT2, TAF1, TRA1
GO:0008080	MF	e	N-acetyltransferase activity	4/11	55/6920	1.1311526457892136e-06	6	4	0.0006767442390100016	HAT1, HAT2, TAF1, TRA1
GO:0140993	MF	e	histone modifying activity	4/11	57/6920	1.3079710842868218e-06	3	4	0.0006767442390100016	HAT1, HAT2, TAF1, TRA1
GO:0016410	MF	e	N-acyltransferase activity	4/11	62/6920	1.8396542464837039e-06	5	4	0.000793197589275557	HAT1, HAT2, TAF1, TRA1
GO:0016407	MF	e	acetyltransferase activity	4/11	70/6920	3.0040893966008198e-06	5	4	0.0011102256098580458	HAT1, HAT2, TAF1, TRA1
GO:0016747	MF	e	acyltransferase activity, transferring groups other than amino-acyl groups	4/11	132/6920	3.763274809613361e-05	4	4	0.010980151231905747	HAT1, HAT2, TAF1, TRA1
GO:0042393	MF	e	histone binding	3/11	44/6920	3.819921186206097e-05	3	3	0.010980151231905747	HAT1, HAT2, HIF1
