# GO	NS	enrichment	name	ratio_in_study	ratio_in_pop	p_uncorrected	depth	study_count	p_fdr_bh	study_items
GO:0033588	CC	e	elongator holoenzyme complex	5/5	6/6920	4.543910340851413e-17	3	5	4.293995272104585e-14	ELP2, ELP3, ELP4, IKI1, IKI3
GO:0140535	CC	e	intracellular protein-containing complex	5/5	410/6920	7.134852964917395e-07	2	5	0.0003371218025923469	ELP2, ELP3, ELP4, IKI1, IKI3
GO:1902494	CC	e	catalytic complex	5/5	851/6920	2.7837658039014305e-05	2	5	0.008768862282289507	ELP2, ELP3, ELP4, IKI1, IKI3
