# GO	NS	enrichment	name	ratio_in_study	ratio_in_pop	p_uncorrected	depth	study_count	p_fdr_bh	study_items
GO:0005669	CC	e	transcription factor TFIID complex	5/5	16/6920	3.307966728139828e-14	4	5	3.126028558092137e-11	TAF1, TAF11, TAF3, TAF4, TAF5
GO:0090575	CC	e	RNA polymerase II transcription regulator complex	5/5	74/6920	1.2199463219655827e-10	3	5	5.764246371287378e-08	TAF1, TAF11, TAF3, TAF4, TAF5
GO:0005667	CC	e	transcription regulator complex	5/5	104/6920	6.964490759979247e-10	2	5	2.1938145893934627e-07	TAF1, TAF11, TAF3, TAF4, TAF5
GO:0140513	CC	e	nuclear protein-containing complex	5/5	707/6920	1.099103201723515e-05	2	5	0.002596631314071804	TAF1, TAF11, TAF3, TAF4, TAF5
