# GO	NS	enrichment	name	ratio_in_study	ratio_in_pop	p_uncorrected	depth	study_count	p_fdr_bh	study_items
GO:0030687	CC	e	preribosome, large subunit precursor	5/6	59/6920	2.2600530704962553e-10	4	5	2.1357501516189611e-07	BRX1, ERB1, MAK21, NOC2, PUF6
GO:0005730	CC	e	nucleolus	6/6	365/6920	2.070733544723683e-08	5	6	9.784215998819401e-06	BRX1, ERB1, MAK21, NOC2, NOP4, PUF6
GO:0030684	CC	e	preribosome	5/6	163/6920	4.017400078468437e-08	3	5	1.2654810247175576e-05	BRX1, ERB1, MAK21, NOC2, PUF6
GO:0030690	CC	e	Noc1p-Noc2p complex	2/6	2/6920	6.265732209288822e-07	4	2	0.00014802792344444842	MAK21, NOC2
GO:0030689	CC	e	Noc complex	2/6	5/6920	6.258488850844821e-06	3	2	0.0011828543928096712	MAK21, NOC2
GO:0043232	CC	e	intracellular membraneless organelle	6/6	1210/6920	2.8289502031080474e-05	4	6	0.003793040343571043	BRX1, ERB1, MAK21, NOC2, NOP4, PUF6
GO:0043228	CC	e	membraneless organelle	6/6	1210/6920	2.8289502031080474e-05	3	6	0.003793040343571043	BRX1, ERB1, MAK21, NOC2, NOP4, PUF6
GO:1990904	CC	e	ribonucleoprotein complex	5/6	622/6920	3.2110394442929466e-05	2	5	0.003793040343571043	BRX1, ERB1, MAK21, NOC2, PUF6
