# GO	NS	enrichment	name	ratio_in_study	ratio_in_pop	p_uncorrected	depth	study_count	p_fdr_bh	study_items
GO:0030686	CC	e	90S preribosome	6/6	81/6920	2.1325837216262497e-12	4	6	2.015291616936806e-09	EMG1, ENP2, KRE33, KRR1, NOC4, NOP14
GO:0030684	CC	e	preribosome	6/6	163/6920	1.5595803744422923e-10	3	6	7.36901726923983e-08	EMG1, ENP2, KRE33, KRR1, NOC4, NOP14
GO:0032040	CC	e	small-subunit processome	5/6	60/6920	2.465213373044942e-10	4	5	7.765422125091568e-08	EMG1, ENP2, KRR1, NOC4, NOP14
GO:0005730	CC	e	nucleolus	6/6	365/6920	2.070733544723683e-08	5	6	4.8921079994097006e-06	EMG1, ENP2, KRE33, KRR1, NOC4, NOP14
GO:1990904	CC	e	ribonucleoprotein complex	6/6	622/6920	5.158732813770987e-07	2	6	9.750005018027167e-05	EMG1, ENP2, KRE33, KRR1, NOC4, NOP14
GO:0030692	CC	e	Noc4p-Nop14p complex	2/6	2/6920	6.265732209288822e-07	4	2	9.868528229629895e-05	NOC4, NOP14
GO:0030689	CC	e	Noc complex	2/6	5/6920	6.258488850844821e-06	3	2	0.0008448959948640508	NOC4, NOP14
GO:0043232	CC	e	intracellular membraneless organelle	6/6	1210/6920	2.8289502031080474e-05	4	6	0.0029703977132634497	EMG1, ENP2, KRE33, KRR1, NOC4, NOP14
GO:0043228	CC	e	membraneless organelle	6/6	1210/6920	2.8289502031080474e-05	3	6	0.0029703977132634497	EMG1, ENP2, KRE33, KRR1, NOC4, NOP14
