# GO	NS	enrichment	name	ratio_in_study	ratio_in_pop	p_uncorrected	depth	study_count	p_fdr_bh	study_items
GO:0051015	MF	e	actin filament binding	6/7	37/6920	1.0652362808542074e-13	5	6	2.7557662585698347e-10	ARC18, ARC19, ARC35, ARC40, ARP2, ARP3
GO:0003779	MF	e	actin binding	6/7	59/6920	2.0589201006525578e-12	4	6	2.6632131501940836e-09	ARC18, ARC19, ARC35, ARC40, ARP2, ARP3
GO:0008092	MF	e	cytoskeletal protein binding	6/7	122/6920	1.8325404213195302e-10	3	6	1.5802606899845417e-07	ARC18, ARC19, ARC35, ARC40, ARP2, ARP3
GO:0044877	MF	e	protein-containing complex binding	6/7	290/6920	3.4803097212418365e-08	2	6	2.250890312213158e-05	ARC18, ARC19, ARC35, ARC40, ARP2, ARP3
GO:0005515	MF	e	protein binding	6/7	807/6920	1.5600298611307274e-05	2	6	0.008071594501490384	ARC18, ARC19, ARC35, ARC40, ARP2, ARP3
