# GO	NS	enrichment	name	ratio_in_study	ratio_in_pop	p_uncorrected	depth	study_count	p_fdr_bh	study_items
GO:0006335	BP	e	DNA replication-dependent chromatin assembly	3/3	7/6920	6.340000789971344e-10	5	3	2.9075243622808585e-06	CAC2, MSI1, RLF2
GO:0006260	BP	e	DNA replication	3/3	98/6920	2.7551107432899472e-06	7	3	0.006317468934363849	CAC2, MSI1, RLF2
GO:0006334	BP	e	nucleosome assembly	2/3	16/6920	1.5017469299765263e-05	7	2	0.022956704736241167	CAC2, RLF2
