# GO	NS	enrichment	name	ratio_in_study	ratio_in_pop	p_uncorrected	depth	study_count	p_fdr_bh	study_items
GO:0000776	CC	e	kinetochore	7/7	75/6920	1.3204729724973317e-14	5	7	1.2478469590099784e-11	CTF19, CTF3, IML3, MCM16, MCM21, MCM22, OKP1
GO:0000775	CC	e	chromosome, centromeric region	7/7	83/6920	2.762199657709805e-14	3	7	1.3051393382678828e-11	CTF19, CTF3, IML3, MCM16, MCM21, MCM22, OKP1
GO:0098687	CC	e	chromosomal region	7/7	190/6920	1.055098617273295e-11	2	7	3.1094632837507184e-09	CTF19, CTF3, IML3, MCM16, MCM21, MCM22, OKP1
GO:0005694	CC	e	chromosome	7/7	196/6920	1.3161749349209391e-11	5	7	3.1094632837507184e-09	CTF19, CTF3, IML3, MCM16, MCM21, MCM22, OKP1
GO:0099080	CC	e	supramolecular complex	7/7	275/6920	1.453703513472118e-10	2	7	2.7474996404623028e-08	CTF19, CTF3, IML3, MCM16, MCM21, MCM22, OKP1
GO:0000817	CC	e	COMA complex	3/7	4/6920	2.5349004170514314e-09	3	3	3.9924681568560045e-07	CTF19, MCM21, OKP1
GO:0043232	CC	e	intracellular membraneless organelle	7/7	1210/6920	4.92631768085347e-06	4	7	0.0005819212760508161	CTF19, CTF3, IML3, MCM16, MCM21, MCM22, OKP1
GO:0043228	CC	e	membraneless organelle	7/7	1210/6920	4.92631768085347e-06	3	7	0.0005819212760508161	CTF19, CTF3, IML3, MCM16, MCM21, MCM22, OKP1
