# GO	NS	enrichment	name	ratio_in_study	ratio_in_pop	p_uncorrected	depth	study_count	p_fdr_bh	study_items
GO:0071014	CC	e	post-mRNA release spliceosomal complex	3/3	9/6920	1.521600189593123e-09	4	3	1.437912179165501e-06	NTR2, PRP43, SPP382
GO:0071008	CC	e	U2-type post-mRNA release spliceosomal complex	2/3	5/6920	1.2527841560983376e-06	5	2	0.0005919405137564645	NTR2, SPP382
GO:0005681	CC	e	spliceosomal complex	3/3	99/6920	2.8412079540177587e-06	3	3	0.000894980505515594	NTR2, PRP43, SPP382
