# GO	NS	enrichment	name	ratio_in_study	ratio_in_pop	p_uncorrected	depth	study_count	p_fdr_bh	study_items
GO:0015631	MF	e	tubulin binding	5/5	53/6920	2.1732652244143645e-11	4	5	5.622237135559961e-08	GIM3, GIM4, GIM5, PAC10, YKE2
GO:0008092	MF	e	cytoskeletal protein binding	5/5	122/6920	1.569830174850082e-09	3	5	2.0305753311685812e-06	GIM3, GIM4, GIM5, PAC10, YKE2
GO:0051082	MF	e	unfolded protein binding	4/5	85/6920	1.050567746689668e-07	3	4	9.059395868953904e-05	GIM3, GIM4, GIM5, YKE2
GO:0005515	MF	e	protein binding	5/5	807/6920	2.1334049965789382e-05	2	5	0.013797796815374283	GIM3, GIM4, GIM5, PAC10, YKE2
