# GO	NS	enrichment	name	ratio_in_study	ratio_in_pop	p_uncorrected	depth	study_count	p_fdr_bh	study_items
GO:0031588	CC	e	nucleotide-activated protein kinase complex	4/5	7/6920	1.832528747729769e-12	6	4	1.7317396666046317e-09	GAL83, SIP1, SNF1, SNF4
GO:0005641	CC	e	nuclear envelope lumen	3/5	5/6920	1.8106432004758394e-09	6	3	8.55528912224834e-07	GAL83, SNF1, SNF4
GO:1902911	CC	e	protein kinase complex	4/5	64/6920	3.3047574914955754e-08	5	4	1.0409986098211063e-05	GAL83, SIP1, SNF1, SNF4
GO:0061695	CC	e	transferase complex, transferring phosphorus-containing groups	4/5	135/6920	6.825823169080243e-07	4	4	0.00016126007236952073	GAL83, SIP1, SNF1, SNF4
GO:0031970	CC	e	organelle envelope lumen	3/5	76/6920	1.253359208990277e-05	5	3	0.0023688489049916235	GAL83, SNF1, SNF4
GO:1902494	CC	e	catalytic complex	5/5	851/6920	2.7837658039014305e-05	2	5	0.004384431141144753	GAL83, REG1, SIP1, SNF1, SNF4
GO:0140535	CC	e	intracellular protein-containing complex	4/5	410/6920	5.791532372212257e-05	2	4	0.006841247614675729	GAL83, SIP1, SNF1, SNF4
GO:1990234	CC	e	transferase complex	4/5	410/6920	5.791532372212257e-05	3	4	0.006841247614675729	GAL83, SIP1, SNF1, SNF4
