# GO	NS	enrichment	name	ratio_in_study	ratio_in_pop	p_uncorrected	depth	study_count	p_fdr_bh	study_items
GO:0000817	CC	e	COMA complex	4/5	4/6920	5.237613986221396e-14	3	4	4.9495452169792187e-11	AME1, CTF19, MCM21, OKP1
GO:0000776	CC	e	kinetochore	5/5	75/6920	1.3070853449631243e-10	5	5	6.175978254950762e-08	AME1, CTF19, IML3, MCM21, OKP1
GO:0000775	CC	e	chromosome, centromeric region	5/5	83/6920	2.1988282037462482e-10	3	5	6.926308841800682e-08	AME1, CTF19, IML3, MCM21, OKP1
GO:0098687	CC	e	chromosomal region	5/5	190/6920	1.4819210332669683e-08	2	5	3.2772533156184036e-06	AME1, CTF19, IML3, MCM21, OKP1
GO:0005694	CC	e	chromosome	5/5	196/6920	1.7339964632901606e-08	5	5	3.2772533156184036e-06	AME1, CTF19, IML3, MCM21, OKP1
GO:0099080	CC	e	supramolecular complex	5/5	275/6920	9.569326122427528e-08	2	5	1.5071688642823357e-05	AME1, CTF19, IML3, MCM21, OKP1
GO:0043232	CC	e	intracellular membraneless organelle	5/5	1210/6920	0.0001623418311576112	4	5	0.019176628805492823	AME1, CTF19, IML3, MCM21, OKP1
GO:0043228	CC	e	membraneless organelle	5/5	1210/6920	0.0001623418311576112	3	5	0.019176628805492823	AME1, CTF19, IML3, MCM21, OKP1
