# GO	NS	enrichment	name	ratio_in_study	ratio_in_pop	p_uncorrected	depth	study_count	p_fdr_bh	study_items
GO:0031262	CC	e	Ndc80 complex	4/4	4/6920	1.0475227972442794e-14	2	4	9.899090433958439e-12	NDC80, NUF2, SPC24, SPC25
GO:0000776	CC	e	kinetochore	4/4	75/6920	1.273211583910559e-08	5	4	6.0159247339773914e-06	NDC80, NUF2, SPC24, SPC25
GO:0000775	CC	e	chromosome, centromeric region	4/4	83/6920	1.924948842672032e-08	3	4	6.063588854416901e-06	NDC80, NUF2, SPC24, SPC25
GO:0098687	CC	e	chromosomal region	4/4	190/6920	5.510196702190512e-07	2	4	0.0001180493954730046	NDC80, NUF2, SPC24, SPC25
GO:0005694	CC	e	chromosome	4/4	196/6920	6.245999760476433e-07	5	4	0.0001180493954730046	NDC80, NUF2, SPC24, SPC25
GO:0099080	CC	e	supramolecular complex	4/4	275/6920	2.442120275376708e-06	2	4	0.0003846339433718315	NDC80, NUF2, SPC24, SPC25
GO:0000779	CC	e	condensed chromosome, centromeric region	2/4	12/6920	1.6509667441406465e-05	4	2	0.0022288051045898727	NDC80, NUF2
