# GO	NS	enrichment	name	ratio_in_study	ratio_in_pop	p_uncorrected	depth	study_count	p_fdr_bh	study_items
GO:0035615	MF	e	clathrin adaptor activity	3/4	7/6920	2.5349004170514314e-09	4	3	6.557787378912054e-06	APL4, APM1, APS1
GO:0140312	MF	e	cargo adaptor activity	3/4	12/6920	1.5925017701246018e-08	3	3	2.0599010396561725e-05	APL4, APM1, APS1
GO:0030276	MF	e	clathrin binding	2/4	16/6920	2.9994419789219436e-05	3	2	0.025865187998236894	APL2, APL4
