# GO	NS	enrichment	name	ratio_in_study	ratio_in_pop	p_uncorrected	depth	study_count	p_fdr_bh	study_items
GO:0031122	BP	e	cytoplasmic microtubule organization	4/5	9/6920	6.595576737952643e-12	7	4	2.520317839468044e-08	SPC72, SPC97, SPC98, TUB4
GO:0007020	BP	e	microtubule nucleation	4/5	10/6920	1.0991355601692298e-11	7	4	2.520317839468044e-08	SPC72, SPC97, SPC98, TUB4
GO:0007051	BP	e	spindle organization	4/5	37/6920	3.445977644627613e-09	7	4	5.267751159420744e-06	SPC72, SPC97, SPC98, TUB4
GO:0000226	BP	e	microtubule cytoskeleton organization	4/5	68/6920	4.233856730826538e-08	6	4	4.854116741892626e-05	SPC72, SPC97, SPC98, TUB4
GO:0097435	BP	e	supramolecular fiber organization	4/5	78/6920	7.407112263524092e-08	4	4	6.793803368104298e-05	SPC72, SPC97, SPC98, TUB4
GO:0007017	BP	e	microtubule-based process	4/5	102/6920	2.200532020175027e-07	2	4	0.00016819399740871123	SPC72, SPC97, SPC98, TUB4
GO:0000278	BP	e	mitotic cell cycle	3/5	42/6920	2.061971528697487e-06	3	3	0.0013293922221798262	SPC97, SPC98, TUB4
GO:0007010	BP	e	cytoskeleton organization	4/5	183/6920	2.319044434679156e-06	5	4	0.0013293922221798262	SPC72, SPC97, SPC98, TUB4
GO:0051225	BP	e	spindle assembly	2/5	13/6920	3.247830606893903e-05	8	2	0.016549501292461598	SPC97, SPC98
