# GO	NS	enrichment	name	ratio_in_study	ratio_in_pop	p_uncorrected	depth	study_count	p_fdr_bh	study_items
GO:0005085	MF	e	guanyl-nucleotide exchange factor activity	7/10	58/6920	2.354212133351092e-13	5	7	6.090346788979276e-10	BET3, BET5, TRS120, TRS130, TRS23, TRS31, TRS65
GO:0030695	MF	e	GTPase regulator activity	7/10	116/6920	3.570517154393359e-11	4	7	3.078975959471873e-08	BET3, BET5, TRS120, TRS130, TRS23, TRS31, TRS65
GO:0060589	MF	e	nucleoside-triphosphatase regulator activity	7/10	116/6920	3.570517154393359e-11	3	7	3.078975959471873e-08	BET3, BET5, TRS120, TRS130, TRS23, TRS31, TRS65
GO:0030234	MF	e	enzyme regulator activity	7/10	328/6920	5.356381232160958e-08	2	7	3.4642395619001e-05	BET3, BET5, TRS120, TRS130, TRS23, TRS31, TRS65
GO:0098772	MF	e	molecular function regulator activity	7/10	396/6920	1.971193892369883e-07	1	7	0.00010198957199121774	BET3, BET5, TRS120, TRS130, TRS23, TRS31, TRS65
