# GO	NS	enrichment	name	ratio_in_study	ratio_in_pop	p_uncorrected	depth	study_count	p_fdr_bh	study_items
GO:0034511	MF	e	U3 snoRNA binding	9/19	17/6920	2.227884009386211e-20	5	9	5.763535932282128e-17	DIP2, NAN1, RRP9, UTP10, UTP13, UTP15, UTP6, UTP8, UTP9
GO:0030515	MF	e	snoRNA binding	10/19	32/6920	8.421779690018757e-20	4	10	1.0893572029039262e-16	DIP2, NAN1, NOP58, RRP9, UTP10, UTP13, UTP15, UTP6, UTP8, UTP9
GO:0003723	MF	e	RNA binding	15/19	1124/6920	2.697170200630757e-09	3	15	2.325859769677256e-06	DIP2, MRD1, NAN1, NOP58, PNO1, PWP2, ROK1, RRP9, UTP10, UTP13, UTP15, UTP22, UTP6, UTP8, UTP9
GO:0003676	MF	e	nucleic acid binding	15/19	1751/6920	1.4141885548545069e-06	2	15	0.0009146264478521524	DIP2, MRD1, NAN1, NOP58, PNO1, PWP2, ROK1, RRP9, UTP10, UTP13, UTP15, UTP22, UTP6, UTP8, UTP9
