# GO	NS	enrichment	name	ratio_in_study	ratio_in_pop	p_uncorrected	depth	study_count	p_fdr_bh	study_items
GO:0031428	CC	e	box C/D methylation guide snoRNP complex	4/4	53/6920	3.067408631030561e-09	5	4	1.44935057816194e-06	NOP1, NOP56, NOP58, SNU13
GO:0170049	CC	e	box C/D RNP complex	4/4	53/6920	3.067408631030561e-09	4	4	1.44935057816194e-06	NOP1, NOP56, NOP58, SNU13
GO:0032040	CC	e	small-subunit processome	4/4	60/6920	5.10808779234214e-09	4	4	1.609047654587774e-06	NOP1, NOP56, NOP58, SNU13
GO:0005732	CC	e	sno(s)RNA-containing ribonucleoprotein complex	4/4	107/6920	5.405856622686801e-08	3	4	1.2771336271097566e-05	NOP1, NOP56, NOP58, SNU13
GO:0030684	CC	e	preribosome	4/4	163/6920	2.968935202952814e-07	3	4	5.611287533580819e-05	NOP1, NOP56, NOP58, SNU13
GO:0030686	CC	e	90S preribosome	3/4	81/6920	6.129760031500585e-06	4	3	0.0009654372049613421	NOP1, NOP56, NOP58
GO:0005730	CC	e	nucleolus	4/4	365/6920	7.620117801289757e-06	5	4	0.0010287159031741172	NOP1, NOP56, NOP58, SNU13
GO:1990904	CC	e	ribonucleoprotein complex	4/4	622/6920	6.470183010715215e-05	2	4	0.007642903681407348	NOP1, NOP56, NOP58, SNU13
