# GO	NS	enrichment	name	ratio_in_study	ratio_in_pop	p_uncorrected	depth	study_count	p_fdr_bh	study_items
GO:0003689	MF	e	DNA clamp loader activity	4/5	9/6920	6.595576737952643e-12	5	4	1.7062757021083488e-08	RFC1, RFC3, RFC4, RFC5
GO:0008094	MF	e	ATP-dependent activity, acting on DNA	4/5	98/6920	1.871400766535732e-07	4	4	0.00024206568915139694	RFC1, RFC3, RFC4, RFC5
GO:0140097	MF	e	catalytic activity, acting on DNA	4/5	215/6920	4.423423721686157e-06	3	4	0.0038144657226673625	RFC1, RFC3, RFC4, RFC5
GO:0003677	MF	e	DNA binding	5/5	676/6920	8.777926894333444e-06	3	5	0.005677124218910155	ELG1, RFC1, RFC3, RFC4, RFC5
GO:0140657	MF	e	ATP-dependent activity	4/5	294/6920	1.5438122892682952e-05	1	4	0.007987684784674159	RFC1, RFC3, RFC4, RFC5
