# GO	NS	enrichment	name	ratio_in_study	ratio_in_pop	p_uncorrected	depth	study_count	p_fdr_bh	study_items
GO:0003723	MF	e	RNA binding	10/10	1124/6920	1.2359223981641787e-08	3	10	3.1973312440507305e-05	CSL4, DIS3, MTR3, RRP4, RRP40, RRP42, RRP43, RRP45, RRP46, SKI6
GO:0035925	MF	e	mRNA 3'-UTR AU-rich region binding	3/10	7/6920	7.584927107001589e-08	6	3	9.811103212906556e-05	RRP42, RRP43, RRP45
GO:0003676	MF	e	nucleic acid binding	10/10	1751/6920	1.0554667211950882e-06	2	10	0.0009101641359105644	CSL4, DIS3, MTR3, RRP4, RRP40, RRP42, RRP43, RRP45, RRP46, SKI6
GO:0003730	MF	e	mRNA 3'-UTR binding	3/10	21/6920	2.851775251340985e-06	5	3	0.001844385643804782	RRP42, RRP43, RRP45
