# GO	NS	enrichment	name	ratio_in_study	ratio_in_pop	p_uncorrected	depth	study_count	p_fdr_bh	study_items
GO:0015631	MF	e	tubulin binding	5/6	53/6920	1.2964163486202826e-10	4	5	3.3538290938806713e-07	GIM3, GIM4, GIM5, PAC10, YKE2
GO:0051082	MF	e	unfolded protein binding	5/6	85/6920	1.4761020698179616e-09	3	5	1.9093380273095334e-06	GIM3, GIM4, GIM5, PFD1, YKE2
GO:0008092	MF	e	cytoskeletal protein binding	5/6	122/6920	9.286175459471094e-09	3	5	8.007778637883907e-06	GIM3, GIM4, GIM5, PAC10, YKE2
GO:0005515	MF	e	protein binding	6/6	807/6920	2.4743178702188127e-06	2	6	0.0016002650825640173	GIM3, GIM4, GIM5, PAC10, PFD1, YKE2
