# GO	NS	enrichment	name	ratio_in_study	ratio_in_pop	p_uncorrected	depth	study_count	p_fdr_bh	study_items
GO:0005934	CC	e	cellular bud tip	4/4	106/6920	5.203768524642434e-08	3	4	4.9175612557871e-05	MLC1, MYO4, SHE2, SHE3
GO:0030427	CC	e	site of polarized growth	4/4	282/6920	2.7019039387999748e-06	2	4	0.001276649611082988	MLC1, MYO4, SHE2, SHE3
GO:0016459	CC	e	myosin complex	2/4	8/6920	7.009507073190193e-06	2	2	0.0022079947280549106	MLC1, MYO4
