# GO	NS	enrichment	name	ratio_in_study	ratio_in_pop	p_uncorrected	depth	study_count	p_fdr_bh	study_items
GO:0008312	MF	e	7S RNA binding	5/5	7/6920	1.590368619297995e-16	4	5	4.1142836181239133e-13	SEC65, SRP14, SRP54, SRP68, SRP72
GO:0030942	MF	e	endoplasmic reticulum signal peptide binding	3/5	3/6920	1.8114287971346698e-10	4	3	2.3430831490936955e-07	SRP14, SRP54, SRP68
GO:0005048	MF	e	signal sequence binding	3/5	41/6920	1.9151047546672347e-06	3	3	0.0013335800861850999	SRP14, SRP54, SRP68
GO:0042277	MF	e	peptide binding	3/5	42/6920	2.061971528697487e-06	2	3	0.0013335800861850999	SRP14, SRP54, SRP68
