# GO	NS	enrichment	name	ratio_in_study	ratio_in_pop	p_uncorrected	depth	study_count	p_fdr_bh	study_items
GO:0051082	MF	e	unfolded protein binding	6/7	85/6920	1.992021031011277e-11	3	6	5.153358407226174e-08	BUD27, GIM3, GIM4, GIM5, PFD1, YKE2
GO:0015631	MF	e	tubulin binding	5/7	53/6920	4.511211292159749e-10	4	5	5.835251806408636e-07	GIM3, GIM4, GIM5, PAC10, YKE2
GO:0008092	MF	e	cytoskeletal protein binding	5/7	122/6920	3.2043479002818934e-08	3	5	2.7632160060097526e-05	GIM3, GIM4, GIM5, PAC10, YKE2
GO:0005515	MF	e	protein binding	7/7	807/6920	2.8665441337073606e-07	2	7	0.00018539374184752355	BUD27, GIM3, GIM4, GIM5, PAC10, PFD1, YKE2
