# GO	NS	enrichment	name	ratio_in_study	ratio_in_pop	p_uncorrected	depth	study_count	p_fdr_bh	study_items
GO:0034087	BP	e	establishment of mitotic sister chromatid cohesion	3/3	17/6920	1.2317715820515755e-08	4	3	4.024844438643074e-05	CTF3, MCM16, MCM22
GO:0034085	BP	e	establishment of sister chromatid cohesion	3/3	19/6920	1.7552745044234952e-08	3	3	4.024844438643074e-05	CTF3, MCM16, MCM22
GO:0007059	BP	e	chromosome segregation	3/3	113/6920	4.241206928459231e-06	3	3	0.006483391657971344	CTF3, MCM16, MCM22
GO:0051321	BP	e	meiotic cell cycle	3/3	142/6920	8.46263305445375e-06	3	3	0.009702408796931225	CTF3, MCM16, MCM22
GO:0007049	BP	e	cell cycle	3/3	178/6920	1.6740790200207303e-05	2	3	0.01535465277163014	CTF3, MCM16, MCM22
GO:0051301	BP	e	cell division	3/3	224/6920	3.3479261771554285e-05	2	3	0.025589315747391324	CTF3, MCM16, MCM22
