4210	4361
2570	3989
2541	4662
1243	2797
2478	4380
921	1117
4646	5080
961	3100
2241	4273
4196	4508
501	2593
2689	4872
1185	3248
1213	3717
2898	4933
3153	4813
1734	4156
1692	2708
2173	4273
3145	3988
2013	4670
2037	2199
1110	2438
1117	4418
2506	4302
1527	1573
4156	4603
1144	1710
1735	3116
762	5147
221	2616
1037	3582
3531	4267
2451	5021
2946	3202
921	2185
818	4728
2147	3510
3103	5020
788	3818
1450	4301
1527	3930
19	449
1395	4558
1149	1692
541	3747
828	4779
2347	4391
2591	4326
1747	1893
1060	2438
866	2617
1338	2946
4046	4051
92	745
269	3592
1537	2426
492	1692
1058	1287
1805	5128
580	2859
2877	4880
1428	1727
205	1270
100	1285
2438	3058
4036	5004
132	4955
947	3582
1147	1313
4823	4837
2269	3853
3944	4156
2271	3581
930	2132
746	2852
4132	4752
2262	2667
1741	3116
580	2142
269	507
2653	3091
1129	3185
593	3121
67	535
2456	3116
1703	2030
2169	4156
1093	3114
970	973
443	3121
879	2989
3857	4295
3792	4764
2171	3958
1051	2746
2616	4598
1273	3116
970	3116
742	1842
1243	3592
4282	4329
1128	4156
1269	4171
1130	4523
1690	2606
1838	3026
1710	4670
187	2609
1313	3188
4311	5154
1157	3493
1510	2541
3581	4738
3853	4711
1248	2132
333	4404
1270	2616
4267	4396
35	4070
3068	4554
867	1135
829	3853
123	2582
3333	3688
149	3984
887	5038
1454	3573
1806	4905
2888	4726
4042	4329
1314	5078
205	299
1064	1167
1782	2946
205	3121
3131	4490
1338	4598
1504	5141
2145	4156
3959	4872
89	747
739	1692
149	2775
2531	3469
4399	5008
3309	4201
1544	4201
1270	3941
1273	1642
2245	5097
1938	2511
2108	4971
1527	3174
0	2805
89	134
3121	4934
2111	2884
803	2216
1450	4156
1454	3582
2216	4714
4035	4156
1130	1937
1727	2358
3970	4156
1660	1699
2625	2716
2545	4156
664	3153
1527	2184
999	4329
500	3674
1252	5062
1726	3920
2852	3924
347	2185
3994	4147
1893	3116
3346	4156
3534	4177
1249	3116
3498	4156
2555	3789
1727	2670
107	1269
227	1527
7	1542
710	3988
343	5120
2301	4001
474	902
1826	2625
1782	3995
1537	4122
902	1858
4017	4560
990	3044
1117	3185
2099	2264
2625	3248
1341	1415
2270	3512
2506	3131
472	3056
3866	4393
67	2438
630	1701
2142	4399
3774	4818
3428	3862
613	5026
2249	4406
3687	3853
2803	4399
3175	4048
3116	3171
991	2959
3661	4147
2775	3984
1671	3860
208	3116
123	613
1844	2264
1419	2362
2568	4400
892	3870
127	3747
750	2667
648	1147
568	1299
991	2070
187	3983
2037	2704
2055	4872
1244	2618
1604	2037
2797	3839
347	2709
1032	4814
1937	3842
1863	3996
1810	2241
1728	4144
1640	2173
1604	3866
622	4118
2301	3505
4132	4326
339	1139
1728	2003
1553	4088
1461	4236
1666	3254
1909	2621
2216	2591
1302	3145
1640	3770
1741	2040
1633	2013
349	3402
3343	5071
3056	4480
2991	3435
107	3084
2239	3807
306	4047
1185	3358
1813	2895
7	2358
716	5155
2902	4329
38	613
3770	4393
553	4059
3512	4357
800	2013
117	4156
855	2946
3770	4480
762	1415
3740	4042
2111	4156
1180	4021
2099	3116
643	4070
2513	3157
2606	4603
2239	3952
4156	4908
2245	2859
884	1454
2946	3505
958	2353
2166	4022
1063	1798
630	1866
4052	4461
89	2013
364	1527
3564	3566
1145	2362
1838	4659
1270	5138
672	4070
2185	3185
2142	4872
1505	3116
3902	4070
1253	4103
1537	3225
1527	2374
5004	5008
1286	2270
1948	4329
3116	4360
2916	4986
2842	3116
651	1163
2810	3988
3202	3582
2036	4844
3121	4035
492	3175
1903	2718
345	3344
2613	3735
2729	3116
3574	5091
387	4021
896	2312
3993	4070
2694	4139
168	1884
2377	4059
2126	5095
343	3533
3116	4646
648	3116
2743	2884
3687	4728
1093	1227
3105	4386
1040	2850
3116	5096
861	3116
553	4664
142	991
4558	5080
622	4417
541	3789
1652	5096
1194	3285
3116	4365
1694	2894
333	4950
2216	5011
3116	4765
4045	4325
630	4779
3344	4302
92	5022
983	4730
3536	4415
3421	4156
538	3116
2389	2964
707	2934
67	4685
504	3103
221	4508
677	3375
739	1678
2731	4156
2152	3736
1625	3450
866	1945
374	3116
89	593
1781	3116
2245	2254
443	3840
1466	2438
451	3237
1037	3722
1626	3139
315	3722
1365	2613
3409	4070
3382	3924
123	1692
2661	2850
2442	4125
3758	5062
1934	3916
1573	2347
2658	4960
2438	4503
25	5115
961	4526
2713	3162
88	5128
1337	4752
2438	3555
808	2747
672	1113
2310	3959
3686	4554
4047	4464
205	3056
2093	3116
867	1527
944	5120
222	1771
881	3763
149	618
866	1187
2893	3827
638	2627
1028	3735
1701	3474
2703	3493
606	1951
1979	3116
4821	5138
2216	5065
1287	2269
67	3211
1035	1873
1537	4502
3368	3853
3390	3870
867	4934
1207	2593
2884	4207
643	1991
556	574
1527	3902
2216	2254
343	509
1273	4070
105	4726
89	351
829	1866
1322	4736
2293	3603
1793	2085
3870	4930
288	3366
2709	3736
1859	3608
1119	2347
2185	2531
2361	3026
3582	5008
500	3405
892	4302
1503	4116
2065	2909
2311	4580
413	3266
3682	4376
1527	4197
1527	2764
3939	4872
347	3851
638	2616
1727	3295
1181	3842
570	1505
360	3533
90	930
3121	4326
299	4480
1765	3450
1527	3974
379	1113
2030	3469
3582	3818
115	1710
302	1980
4129	4369
7	1631
924	3421
2909	3413
2871	4336
1703	4860
38	746
4357	4934
3056	3687
343	2989
7	3944
125	2014
1553	1640
922	2606
924	3116
1442	4189
38	893
2438	4086
2181	2850
1626	4497
3770	4598
265	349
1806	5146
1686	2360
2003	2108
431	2308
1117	2013
2410	4047
788	4152
1701	3818
1933	3582
746	2842
1056	1128
1505	1991
92	4068
2755	3770
121	4201
17	4881
442	3860
3488	5149
2166	3079
2521	3322
3157	3853
222	5120
4273	5008
2185	4362
1152	2099
4156	5155
387	4001
2541	3026
2438	3991
1958	2506
343	3536
1666	2625
2591	4603
4326	4480
316	1386
7	4386
343	4306
2438	2591
1180	3056
1612	3581
2350	2964
1747	4872
172	4530
1549	3646
580	1213
4274	4393
4530	5022
1185	4158
105	2888
2053	3689
1302	2810
1524	2810
3044	3421
1227	4558
2704	3807
1951	2541
961	2871
1128	3942
71	3421
100	1646
750	1040
50	509
3202	3866
907	991
1442	4387
2598	3823
1727	2101
1167	4276
2270	4036
1202	4156
321	622
958	4710
4045	4419
854	4640
2249	4156
553	4756
746	1406
100	2065
1563	3322
3275	5021
1966	3860
1375	1726
269	3080
602	3255
1036	4415
1425	1537
92	553
1727	3488
1034	2653
1991	3074
2171	3827
1058	4383
812	4259
25	3459
746	3875
31	5024
1334	3747
1604	4399
521	3397
443	1527
2708	4376
1527	3850
1404	3116
167	4325
339	2775
892	1083
535	1625
958	4723
855	4480
3116	4663
3989	4728
288	3116
2541	4380
1870	3116
788	3582
2099	2133
920	3116
1567	2438
1238	3920
670	3122
2438	3731
3116	3690
509	4268
3988	4934
4244	5095
1135	1670
928	1068
2351	3573
866	1692
2584	4156
2085	3153
3096	3395
1933	4306
1131	4728
342	1041
921	3185
3116	3948
354	2181
167	2755
443	580
831	3428
3358	3489
3397	4315
4152	4220
2034	3061
2625	5110
630	4196
1180	1701
167	3376
299	924
2230	3248
1490	3190
2216	3984
548	1747
2047	3422
2090	5020
2458	3470
1832	3352
2810	3853
1185	2070
205	1979
3366	4495
1136	1245
3344	4201
926	1505
3061	4905
74	3315
1532	2083
983	1419
1585	3046
67	222
205	1202
2626	3582
1549	1873
2216	2834
1119	4391
3691	4224
3352	5008
1477	4189
205	339
2817	3273
1619	2555
2845	4048
3116	3319
2443	4028
93	4110
2047	3845
1741	4950
2179	4366
815	4506
4139	4319
1248	4418
1007	3667
3147	4452
606	1542
2884	3116
2929	3497
610	1532
1654	2495
3368	4399
1051	3453
1043	5120
142	3866
556	3975
1578	4156
1119	1533
944	2438
354	1582
1031	3397
2731	4017
710	1527
1527	2845
1030	2746
2265	4186
1439	3188
89	3067
1480	4405
2438	4162
985	4905
1152	3521
893	1933
848	1806
1024	3143
205	4357
1314	3754
387	618
832	1505
3116	3615
270	1051
3452	3493
4729	4874
38	4561
4088	4943
3116	4060
492	1268
1573	4729
4554	4798
3202	4480
1695	2810
848	4139
928	1396
89	4958
1534	4295
71	4336
88	4787
4658	5138
3851	4970
3704	4306
1180	4480
3414	3916
1348	1396
3518	4357
570	1873
1640	3505
485	3717
92	1990
859	3121
256	2216
1771	2934
1230	4603
2055	3930
187	1178
3151	3211
2036	2591
3104	3853
1746	2003
1336	2216
2704	3654
5089	5122
67	892
2531	3210
89	2526
3533	4573
1313	2575
1907	3952
556	1781
2057	4538
1650	4360
1536	2438
100	5068
1728	2239
3116	4405
648	1527
460	1588
1461	2706
4325	4480
3591	4495
1527	2506
472	580
928	4571
1135	2495
1439	2241
4156	4253
944	3116
2865	4326
773	2829
1113	2166
2326	2534
1334	2199
1909	3984
893	3818
3116	3642
2582	4302
1135	4934
1454	4509
1527	2155
3086	3996
272	3007
2419	4156
1938	3413
2438	2774
4508	4943
442	2013
3754	5146
4665	5147
553	2362
975	5120
1597	4095
1812	4156
1117	2185
1733	4156
4078	4374
3774	4728
4435	4565
3116	3881
2074	3116
2299	4984
892	4059
406	867
299	2810
618	2627
638	3121
1083	4400
3930	5080
309	1966
50	3421
1553	4325
1836	3943
527	1527
2757	4519
704	4598
3582	4943
1527	3175
3988	4940
1770	2492
1139	1180
730	1360
855	4357
88	1838
1819	2442
812	2747
2934	4430
2547	3984
1686	2735
1582	2617
149	3121
651	2210
2014	4558
1486	1912
2438	2746
1549	3581
1695	3116
394	1918
1726	4189
187	1440
416	4156
796	2606
1633	3810
1139	4156
472	5128
1527	3190
1585	2014
1255	1492
1113	2417
3552	4190
925	5004
3601	4070
1270	4011
1130	3842
1255	4057
4156	4232
580	5120
746	1958
1747	2053
100	1157
272	4178
1890	3116
2142	2627
1180	1527
88	4750
3175	3344
1726	1912
500	1840
1504	4523
423	2166
1494	2704
1147	1850
1741	4051
1625	5128
2871	5010
1150	1466
4369	4738
3739	4580
187	4670
187	2752
3116	4028
3510	4156
1781	5120
2361	3179
894	4313
2724	4269
4461	4958
3653	4249
319	4211
1031	4789
1866	4480
2845	3175
2324	3116
2031	3760
1771	2706
309	4156
3154	3395
391	2735
638	4325
74	2138
205	638
1350	2958
4070	5071
638	4972
2991	3722
1113	3258
3972	4684
309	3323
652	2738
2888	4670
2724	3269
767	1755
3533	5120
2262	3213
1190	2877
4393	4728
167	1588
4156	4196
3210	3352
2438	2606
2108	3739
970	2053
1180	4325
4970	5068
3977	4814
1873	3789
1873	2860
2115	3276
187	3084
1454	2241
1906	4156
3116	3382
1045	1537
7	4509
1338	3091
347	930
885	1878
403	1553
3520	3646
3116	3831
2704	2931
1113	2361
3322	3724
2216	4598
89	472
2372	3116
1626	4261
151	4156
275	481
343	4059
2438	4450
1086	2846
3376	4156
2541	3456
342	573
4580	4968
1113	4156
2713	4082
167	2616
800	1426
3237	5078
730	3614
1573	3486
3044	3842
1483	1703
1453	4461
1733	3582
3209	4554
4308	5147
2037	4656
345	926
624	3981
1588	1636
803	3736
2526	3493
265	3116
2417	5122
1243	4292
1844	2797
961	4620
1782	4393
1527	2948
1007	4328
1253	2750
1316	3223
3344	4496
2491	3401
4156	4598
1088	1255
1270	4405
1840	5026
149	1527
1640	2775
4487	4502
1527	4060
3413	3975
88	4295
1036	3674
4538	4958
570	4685
922	1900
1947	4450
3116	5062
553	1113
348	4308
1030	3953
613	4538
2666	4156
2254	3825
1515	4402
872	1741
3448	4070
867	3467
1670	3939
2511	4397
205	4196
1477	2181
1812	2216
773	4684
1524	5008
3490	4805
953	2171
1727	3448
1819	2149
2443	2746
2099	3086
1573	4580
142	602
3512	4399
2938	5127
349	2625
2616	3818
2070	4376
537	1521
3226	4220
2216	4526
1734	5122
2438	4508
3323	4461
2235	2934
3007	4311
14	4908
25	2249
2531	4958
3527	4156
3582	3770
167	1604
1088	2531
1726	3368
416	455
580	4480
1106	2934
991	2310
1527	2347
2216	4070
739	970
3686	4530
2593	2913
3116	4564
1248	1492
1504	4397
2353	4022
651	4435
652	965
1878	2893
999	3674
1156	3646
803	2092
2718	4391
442	2185
1093	2034
1910	4417
241	3116
4603	5154
855	3853
2656	2909
3026	5068
491	4070
788	4196
269	3909
3851	3959
3116	3353
2057	3810
3810	4252
1466	4503
2014	5080
1324	5134
1527	4661
613	2057
1961	2156
516	3431
962	3625
2746	3004
2245	3344
4315	4901
67	4206
3116	3894
2199	4748
2230	2582
7	4894
1573	3930
3785	4156
742	991
1135	1286
339	3573
2534	4095
221	893
1836	4002
509	2003
663	1726
393	5134
991	1748
3796	4461
2511	3375
269	3839
205	1701
2013	4156
1113	3433
2245	2653
2362	5120
67	5128
118	1503
1640	4393
3382	4757
3185	4156
3349	3991
2541	3100
855	3988
3058	3715
2040	2090
149	5120
2018	4970
4156	4649
1897	4183
2582	3452
244	2990
412	3116
1527	2210
1389	1527
1692	3116
4045	4817
167	638
1477	4308
1313	1994
1314	3237
89	4295
4070	4659
4236	4549
1727	3687
660	4311
2704	4144
149	580
4981	5008
2013	2100
89	4827
345	3213
1074	3687
866	3624
88	4336
1751	4637
2438	3175
1740	4163
3520	4156
2653	4001
149	2616
88	1202
2843	4506
2893	4397
3056	4399
0	3598
89	2774
3493	5072
93	2770
746	5062
89	3289
279	3385
3063	4308
320	2442
7	1728
1692	2934
2775	4393
1674	5095
845	4706
1180	3717
2755	4480
859	3774
3736	4545
96	4201
2156	4412
167	1866
4495	5107
2181	3414
3840	3920
1527	2282
991	5091
1625	3615
860	1650
542	1626
925	4580
1524	4480
50	1438
580	880
89	3847
1338	4156
1396	4011
125	1404
2438	4432
3736	3943
3116	4217
958	4908
1866	2755
1097	1527
2114	4702
1135	1782
2617	4156
1213	5065
1156	1727
65	343
1684	4533
1870	2056
89	1765
1907	2606
1727	4711
2347	3646
1727	5149
3754	4880
343	1953
1553	2946
2556	4649
1143	1426
3603	3944
275	2013
3395	4836
1674	2404
1809	3199
354	4156
1588	4399
2216	3853
152	4958
3909	4968
3646	4088
3304	3493
593	2270
931	1313
245	4405
1140	5127
601	4252
3959	4201
1185	1710
35	1947
1117	1671
2769	3810
4020	5159
221	4399
1907	4656
1544	2661
601	928
1636	5072
1527	3188
574	4872
556	3840
1692	2990
1185	4122
1728	4789
618	2362
1701	4399
928	3752
1270	2833
4156	4435
4159	4491
413	4301
1150	1488
3908	4502
3262	4785
1537	3718
550	1041
270	1947
2616	4306
1324	3742
413	1221
1113	1426
1501	4844
3501	5062
1537	2829
2650	2850
1322	3116
3247	5068
786	4405
1180	3116
569	3116
349	1106
3536	4951
928	3866
2040	4941
829	4326
1555	4156
1727	3358
2301	4508
1640	3717
3093	4400
263	2108
3237	5120
3237	4236
3687	5008
1873	2772
921	1453
2069	4201
151	3395
1844	3592
1270	2689
3116	3807
2254	3736
2404	4211
2216	2234
2774	3766
17	2216
2377	2931
2763	5072
4139	4814
4321	4664
1727	3769
154	5062
1818	3489
2175	4156
149	4156
2938	3959
2031	2991
2755	2946
1338	3344
4255	4329
2092	4656
460	2438
1537	3953
652	4904
1173	2723
229	1527
1194	3160
3210	4958
2307	3742
1791	4201
1472	3747
2845	4406
3202	3818
299	2142
866	4836
1701	2946
1051	1627
1549	2347
268	5004
1746	3944
928	3518
151	815
4035	5120
1686	4315
1068	5004
3121	4972
4598	4827
509	2362
3818	4045
2991	3754
1809	4156
1113	2685
448	2625
115	3382
1863	3603
269	1619
2341	2535
1499	4360
581	1844
1101	2327
4236	4880
746	926
1527	3121
343	3105
803	1098
2555	4038
3368	3687
925	1549
1484	4206
1710	2190
684	1419
618	4326
3116	4705
855	3686
1533	2704
2312	4908
65	5120
339	343
855	3582
4943	5079
2438	3943
449	750
1527	1566
855	3056
1604	3421
442	1117
7	3941
3104	3116
4156	4502
2310	2934
1524	3988
618	3536
610	3258
1710	1781
2743	4958
3157	4480
1192	3002
272	1270
2732	3920
1732	1891
1356	2934
2593	3779
2917	4524
221	1034
2948	3614
1692	4183
593	3536
1501	2065
149	443
3116	3450
406	3145
1503	2210
3121	3202
2108	5063
268	1838
3866	4598
2840	2894
1752	4163
3581	4156
743	1415
1866	4156
4357	4480
716	2351
3818	4197
746	1404
2099	2750
193	1727
2362	5127
2526	4844
2917	4603
1866	4598
2948	3175
1185	2372
269	4275
2216	4908
1834	2809
1674	4752
492	648
1553	4021
449	2299
2534	3116
1524	4132
1135	2616
867	3201
580	5008
1947	4336
398	3150
2037	2099
4045	4508
1980	4315
2946	4480
1190	1439
3103	3839
2938	4380
1741	2195
1150	4156
3116	4717
893	3989
541	2538
1337	4419
1585	1912
152	229
1113	1527
4696	5120
3533	3742
2142	4132
2268	3116
985	3488
149	2653
1503	2763
2582	3715
1937	3044
893	4598
1003	1291
3201	4326
3736	3738
1181	4523
3044	3594
2099	2965
1288	1884
2755	3582
387	4940
1283	1582
89	4336
2704	5149
270	2438
1701	1782
3116	4702
2040	2195
1286	3582
272	2362
50	1203
1936	4156
1536	4268
574	4907
4880	5146
1243	3428
930	1454
2245	2438
3939	4972
1665	2199
1670	4008
2666	2934
829	3866
10	960
779	3116
2347	3930
1710	3185
3920	4702
2181	3086
343	1252
275	4904
1726	2417
2555	3731
2795	3582
3503	3582
1058	3091
1671	3851
1640	4088
89	4776
1067	4301
930	3488
294	4386
2541	4573
618	4274
4001	4156
1836	2321
1213	2294
2230	3175
1873	2913
4110	4156
1952	4156
3063	4793
970	5011
1283	3736
788	4508
1135	3056
1152	2262
1873	2547
930	4448
1302	5008
2492	4926
3237	3754
808	2735
3056	4273
1461	4273
229	1113
1074	2704
3770	3995
652	2216
28	3493
614	4234
1752	4955
132	1660
2584	5072
2625	4529
3684	3851
339	3505
1674	3803
3943	4907
4480	4934
275	4220
1064	4292
1395	4156
406	3866
2627	4508
1892	3489
1135	4858
2625	5095
387	3724
788	1180
3582	4972
1933	4070
663	3908
3257	3794
2555	3646
1553	3995
784	1549
1107	3116
621	3747
64	1710
1454	3536
3581	3646
2438	4461
2230	2739
3730	4954
1654	4509
570	2746
1537	2197
1113	1652
134	4156
1582	3116
3352	3582
812	4315
1527	4598
3425	4156
3672	4752
2752	3116
585	3731
3116	4199
2299	4070
1527	5027
2230	4734
921	2013
3094	3552
168	3533
788	4393
3116	3188
4078	4156
1135	3939
618	970
3067	4035
1897	2492
1652	3489
2801	5146
3247	3924
1527	4624
2755	2775
3116	4941
630	4021
56	57
2099	2797
1202	2142
2775	4940
1961	3116
3382	4561
1912	4646
122	4315
449	451
2312	3004
7	3104
404	3974
187	5011
88	3847
1093	3237
3061	3114
320	4125
3810	4435
3817	4315
1636	1953
747	2036
1451	2929
354	1020
1734	4070
4095	4815
1365	3116
784	3116
4858	5127
2556	2582
593	5008
1862	4156
1180	1907
132	4156
2575	5120
1105	1190
299	2282
151	1884
2374	2852
25	3581
3058	4156
4273	4972
2074	3963
1404	2842
509	4580
3851	4156
38	2245
205	1180
1720	3724
1866	3988
1180	4934
1553	4393
3582	3995
975	4580
630	3202
896	4623
1527	4463
3421	4201
2753	3582
1093	3489
2018	2541
2456	4163
1354	3116
931	5080
1149	3295
1113	1138
343	1604
1996	4011
3114	3505
521	1031
1670	4433
3201	3770
391	1936
2521	3853
2249	5120
3667	4417
1134	1187
1396	2541
442	4787
2478	5010
581	4984
46	3313
1024	4726
947	1094
3153	3344
574	1213
1527	1966
320	4147
2358	3840
2216	4422
3100	3175
504	3336
474	4156
149	3202
2511	4036
819	1834
339	3289
925	3582
342	393
991	4191
1334	3258
788	4326
897	3171
987	3237
578	4723
3566	3747
3114	3754
65	3116
2534	5021
67	492
2755	4728
339	3121
3319	4580
3114	3151
272	1537
1537	4255
89	3512
492	3943
4764	5010
1202	2270
831	3421
1991	3414
1113	4705
580	4357
2934	4130
3566	3754
1461	2034
1878	4201
2127	2621
1858	4328
1283	3008
1492	1710
1453	1747
7	1115
1782	3818
1625	4156
1838	3536
3501	4419
460	4152
2261	2889
602	3715
1063	4405
3735	3823
1737	3011
1283	2492
3	4315
2264	3116
1527	4325
2216	4038
1119	4646
1068	1119
1093	1138
1389	3116
1979	4728
1035	1527
42	2661
3573	4727
3603	4042
89	2661
2175	2423
1840	3736
501	3254
2946	3717
1861	4059
2181	3116
4088	4934
25	462
2795	4045
1747	4366
25	2310
593	4357
1117	1248
1947	2242
2892	2932
1127	4152
358	606
349	1770
3357	4728
2495	2852
1958	2904
2132	3533
485	652
343	3703
3116	3424
3435	5026
309	3582
65	1649
25	2755
46	4738
1454	5062
2030	2770
1504	3603
1252	1421
3860	4787
1537	4042
2436	4162
167	4399
343	3774
1947	4764
1187	3116
3242	4156
2625	2930
1099	4183
855	3536
1710	3026
629	5062
1462	4186
4418	4787
291	1732
1136	2040
3061	4880
3160	5138
1057	3855
333	4085
630	2616
716	1936
533	1461
1911	4988
880	4598
1477	1527
121	3008
1727	4369
928	3157
339	387
451	3413
2482	4664
584	1873
5063	5122
2269	3105
1324	4603
299	1670
221	2627
1253	2040
1248	4573
1878	2555
3116	4640
3512	4711
74	1665
2353	3582
866	2181
1775	1979
4156	5068
28	345
404	2625
553	1227
132	4308
262	3116
663	2625
2180	2704
3210	3469
3160	4165
1113	3493
2230	5120
4156	4659
1363	2555
3375	3552
264	5122
1770	2535
2877	3489
3116	4315
1527	1746
912	4036
1527	2317
3866	4197
2547	4789
593	829
2909	5004
343	3864
241	3104
2763	4509
2040	3839
1404	3758
852	4308
1028	1873
2057	4342
1537	3104
2241	3566
2308	3884
3179	5027
1426	4129
1741	3923
580	1866
74	5101
245	2704
1897	3488
2166	3789
1453	3116
677	994
4670	4972
921	1710
1626	3789
3121	4827
784	1527
440	4070
1537	1912
1906	3237
970	3582
829	4357
1966	2889
3116	3178
4728	5120
2547	3943
2374	2938
622	3667
1844	2750
1128	2989
2057	4503
3724	4001
309	1324
1462	4905
855	4872
2199	3786
1244	3608
1740	4198
746	1262
92	742
4306	4376
247	4458
1727	2169
126	4798
374	4144
1187	2546
1165	1952
2867	2887
149	1838
535	4206
2254	3131
269	1741
704	1692
3769	4070
1537	1597
1907	4752
1727	3350
142	2625
374	3336
1666	4442
2713	3920
2723	4714
1701	1866
2746	4956
1190	3864
496	1836
1503	2799
17	1527
1657	4308
1622	3414
1269	1549
387	2653
56	3116
1117	4787
2216	4529
2145	4406
2249	3175
2099	3752
3586	4336
2026	4156
2774	3201
2777	3116
2166	3350
152	4156
990	4523
2410	4129
2505	4070
2627	3818
269	1665
1893	3586
580	3289
1640	3995
3582	4480
3121	4088
1549	4129
2307	3428
975	3646
3995	4827
926	3810
4220	4497
2755	3941
89	2306
272	3434
7	2770
3489	3754
1684	4573
580	3091
3104	4908
1486	3501
3866	4088
1953	2817
144	2166
1348	2904
1439	3237
4273	4393
4728	5068
2607	3116
1897	4012
1654	3309
187	1168
779	4939
149	4021
2404	4662
89	2871
1527	1642
3789	4306
1288	2203
167	2946
1581	3972
272	2942
925	5027
606	2863
1058	4986
3056	3368
1068	2269
1028	5120
973	4110
187	3800
2195	2850
269	2667
2909	5079
1164	4156
1505	1527
910	1746
709	5062
1313	3127
4129	4156
1684	1710
2547	4002
1273	1818
1844	2099
3739	4201
1626	4539
773	4129
1283	4573
2034	2877
3144	4802
151	3131
907	2746
4156	4291
1063	2053
828	5080
688	855
3866	3939
542	1367
2269	3582
1454	4905
347	4970
3095	3116
3171	4728
3116	4163
2917	3007
1671	3847
173	3116
1549	4588
1760	3972
11	3086
67	1747
349	1752
2931	4789
1268	3839
630	1588
925	1150
1671	3533
2145	4970
2030	2894
1136	1965
1477	4487
65	2495
2241	3800
1499	4743
2931	3959
630	1555
4156	4734
909	4070
3701	4580
2354	2478
42	3642
1113	2769
1313	1599
1782	4827
580	4805
3116	4415
970	4301
328	4526
67	1068
1527	4384
221	443
1699	4159
593	3939
953	1892
606	4308
1180	1553
1752	2682
4024	4274
1726	1938
1666	1873
924	1566
2156	4492
4376	4645
221	339
1671	3469
412	730
2534	4717
34	4201
944	1278
2389	3116
2166	2199
3116	5071
829	2438
638	3114
1553	3201
1692	4059
581	2850
2694	2834
928	3067
4295	5011
2713	4201
1130	3044
3492	4326
2438	3536
2185	3851
1152	2456
187	4022
2627	3995
168	1041
3687	5003
2269	4156
1149	2627
2013	2185
1643	1727
593	2312
4670	4970
750	1243
926	4144
2438	4840
88	2871
1007	4417
1622	2661
630	3121
3116	4614
2521	3071
2034	4728
2310	4400
100	4057
187	1288
4162	4194
638	4399
3116	3404
51	3116
3939	4480
1917	4308
1948	4620
2362	3421
1670	4934
1870	4652
881	4086
4405	4495
1088	1710
3493	3963
652	963
2661	4950
3199	3344
1239	2216
1889	2199
1737	2204
2929	2956
3754	4560
3817	4244
3431	4681
2166	4563
349	4268
3526	4156
381	1187
3754	4598
1207	4656
449	4950
2451	5008
3116	3536
100	3810
269	3428
47	3116
926	4419
2412	2938
89	2531
67	107
580	3724
2031	4972
2799	3114
4156	4568
345	3175
780	3859
7	107
3939	5091
1313	3301
1573	2439
2817	4250
449	1844
3853	4623
1202	3121
2528	4554
861	2704
3774	4840
1907	1945
337	4156
2704	4702
3116	3566
730	819
704	3736
221	580
96	2053
2651	4156
1836	2554
580	3121
2114	3488
1527	4178
2295	3825
3786	5122
3116	4463
701	3236
2108	3491
3116	3745
74	2682
1527	3668
1588	4325
970	4336
601	3566
3121	4196
3179	3366
167	4480
448	3026
1252	5120
3309	3659
2053	4387
3581	3870
1248	3860
1187	3169
89	1747
1906	3004
2904	4156
746	3758
2490	2506
252	1774
1134	3308
448	4110
2410	3095
2521	4476
412	1134
1074	3154
1105	3566
3343	4268
3770	4196
268	4011
272	1695
2801	3566
1710	4039
1345	3534
92	2216
1113	1505
1613	1953
343	2753
1771	4503
2521	3724
601	4696
2877	3754
92	926
930	4908
2183	3116
4036	4156
3382	4858
391	887
3518	3853
855	3247
1527	3924
1734	3677
269	425
4201	5091
1527	3382
4021	4728
973	1510
704	1838
1504	3974
1063	2625
100	1966
1527	2769
1031	3817
1527	3387
2124	2713
2743	2948
861	1455
275	3864
187	739
153	1537
522	4156
1537	2534
1016	3998
1671	2013
3810	4791
1149	1486
3350	4156
2593	3258
1585	2366
2013	4908
2506	3258
1527	2014
1866	4943
629	4391
670	3116
429	3498
2713	3026
104	640
3853	4274
521	982
500	4523
812	1686
3488	4902
1185	2013
863	2613
1428	1439
629	3489
2810	4934
3497	3574
3582	4508
3352	4156
443	3754
956	2983
3352	4956
1727	2934
893	1866
67	162
3469	4461
481	550
1840	3405
2438	2713
1884	3742
2106	2582
1671	3185
1313	3104
162	4165
272	3704
3995	4508
1527	5115
1524	4943
1505	3366
866	3653
1727	1903
443	460
416	1113
3853	5128
2321	3116
1243	2099
3435	3674
343	4752
3116	4858
991	1747
1068	4509
2922	4042
985	3385
3153	3884
3566	4880
449	1328
7	963
3104	4008
2361	4198
2024	3736
2755	3114
1453	3853
3566	5120
1907	4580
67	1480
704	4702
580	4508
548	4448
1892	4764
100	1156
1134	3539
327	4329
3104	4503
2930	3493
848	3686
1625	1948
1726	4402
4872	4926
3202	4156
2042	3703
394	1504
750	3153
3770	3988
42	3116
638	2775
1454	3385
2245	5062
2216	4640
1858	3667
92	4059
1953	2584
664	2952
107	3116
928	3404
2541	2763
3315	3667
3501	3887
321	2229
1143	3736
630	2142
3995	4598
4752	4893
894	5072
3275	4156
3252	4132
198	4139
3121	3939
2606	5127
1866	3202
2627	2946
1212	2661
3116	3434
1996	2511
1966	2934
309	1953
550	3116
2838	4156
349	1674
1136	1209
2438	3853
2863	3690
3273	4530
269	4046
133	2412
1670	2865
1415	3122
3114	5078
275	1728
357	4185
630	1139
1032	1741
703	2377
920	2582
3586	4461
788	1527
983	2245
2653	4986
610	3116
1781	4872
1159	3533
3421	3642
3994	4156
1286	4156
472	4934
1933	4960
1527	1532
3573	5120
96	2625
35	1897
3116	4538
1147	4646
2438	3722
299	1626
1202	3687
343	4880
2757	5021
3512	3687
629	1030
1490	3008
3665	4153
7	3349
3116	4363
4311	4412
2975	3700
1527	3738
788	2755
3736	4273
573	1159
121	4165
1756	3442
3717	4752
584	1626
272	2410
241	4207
3582	4357
4460	4670
1313	5096
1040	2540
970	4156
2704	3421
2531	2884
1701	2755
3105	3972
4007	4315
1036	2216
2894	3810
1040	2750
348	3116
1167	2499
1040	1328
742	1313
1144	3231
3145	3368
4156	4889
455	1213
245	3116
387	4070
349	2053
2030	4418
854	1527
2822	3116
1270	2627
269	1527
1989	4114
781	3116
3688	4048
2843	3533
100	2598
1933	2959
1610	1622
2203	2541
3404	5107
272	4765
509	1907
3056	4378
4070	4554
4752	5138
2341	4270
4958	5004
327	3150
1138	3004
1650	4611
1453	3754
763	1588
394	990
3114	3248
2299	4814
4645	4960
3190	4376
460	2840
958	2727
638	1604
2310	2834
3687	4132
173	1582
1582	2990
1428	1527
391	1980
2438	2507
1782	4480
630	3995
4274	4940
149	2851
3421	5120
866	3230
142	2216
3866	4972
1135	4480
149	4779
3744	3840
339	2269
610	2099
1527	4817
859	3536
2990	4217
2185	4057
342	3533
618	1428
1782	3536
1979	3352
58	1636
1121	1450
2466	3116
570	4872
1373	3581
1117	3860
4045	4480
1134	2555
613	1313
413	965
554	4265
1034	4872
100	349
4245	5026
4617	5120
1326	2625
1207	1692
2132	4939
214	3870
1342	3056
485	1527
106	3722
4045	4972
1527	4207
1862	3924
2593	2876
2769	3116
3095	3103
493	2216
1185	4652
2053	4890
1180	3474
252	1527
1972	3116
3582	4701
3395	4789
393	5068
1499	4563
828	5072
2204	3150
2609	3582
1113	2904
2880	4156
4325	4508
2037	3510
803	3409
1654	3493
788	1313
2381	3116
2055	3840
1252	3501
269	333
1976	3739
1559	4086
1741	2374
4702	5024
1454	2852
88	3677
4088	5008
3366	3493
1947	2746
134	1747
613	3984
759	1527
11	3695
606	1866
1884	5134
1202	4357
339	4480
1951	2347
696	1727
4393	4538
299	2803
3160	3285
393	4406
1135	3591
4580	4695
1523	4156
1640	4480
35	4201
664	1406
1537	3358
2055	4764
3226	4171
3091	4156
3704	4308
88	1633
2326	3582
885	3582
1573	1642
89	3157
357	2438
1439	4827
2486	3116
25	4206
638	4598
1135	4273
1138	2034
269	3977
442	3847
67	1674
2108	4144
187	4908
1684	1884
3760	4696
1135	1640
1020	3116
3941	4154
542	991
3415	3573
4017	4705
205	2893
4971	5122
205	1553
1844	2307
2555	4206
88	89
1979	4156
3121	3818
2361	3226
1147	1573
342	4573
3591	5091
3372	3581
2890	4461
3226	3366
593	2142
2065	2216
2890	3924
1775	2361
1135	4357
31	4270
2085	2299
1341	4028
393	1684
2627	2775
536	4533
413	3502
1752	4401
1726	3185
1119	1527
2438	4860
1113	4972
2142	4934
377	4070
1893	3536
473	1736
3116	3513
3323	3518
2013	3185
2598	3920
394	3842
1710	1859
1007	4118
983	4758
1488	1570
3008	4645
2582	3116
2541	3765
3471	3943
944	2361
3810	4254
2341	5042
1701	4088
3995	5079
1544	3343
1058	2301
1631	4645
4067	4603
58	2310
2157	4059
2108	4232
1665	4814
1527	2404
1213	1732
1367	2216
1873	3820
460	747
1037	2991
1128	3582
1527	4306
412	2053
1439	4881
1727	3914
2466	2667
1386	2743
2241	3237
151	5095
3116	4750
2204	2404
443	1270
660	4702
2737	2894
3247	3920
2015	5120
1152	3213
2613	3211
31	4156
2216	3433
3946	4502
2704	3943
38	4201
100	1622
343	4086
4524	5154
3540	4156
2438	4954
928	2030
455	3747
2360	2735
3616	4156
1313	1701
3376	4197
1058	3322
1119	1396
866	901
1135	1553
1561	2625
187	3512
3582	4756
364	773
397	2149
3847	4787
2478	2706
2216	2934
2142	4088
2667	4458
1504	3842
1288	3084
500	5026
1139	1923
1313	5062
1862	1979
387	2916
309	4711
176	1243
89	4162
1354	1734
3703	4860
2353	4908
342	2132
397	4125
1527	1612
2958	3582
187	2312
463	4186
3825	4206
92	2555
117	1527
4057	4805
2385	4798
3704	4156
509	2713
601	972
286	4853
696	3193
88	2661
1727	4714
1064	2797
2724	4649
3104	3435
920	5042
132	1527
1505	2108
4880	5078
2203	3084
2216	4242
3486	4156
2142	4325
3116	4697
1024	4321
3770	4508
309	5004
893	953
4156	4387
173	1136
3586	4383
2948	5120
1439	4419
4336	4750
2803	3116
559	3116
3116	3834
1936	2360
187	1862
1945	4163
2526	5004
580	2653
1454	4981
829	2803
583	1741
1313	4729
2526	3154
4646	4729
294	4435
167	4045
1313	4415
3774	5120
972	1527
638	1139
1527	2902
2735	4259
601	5127
970	3435
2216	2417
1741	4941
2142	5080
3995	4972
2013	4970
2435	5062
162	4206
2269	2803
593	1670
149	1640
2358	2625
1505	4580
2845	4156
866	4867
3026	3505
92	2417
1283	3510
2459	4798
1419	2438
424	3116
991	3769
4357	4376
288	2053
2846	3476
2351	4194
944	2531
58	500
1477	1740
1671	4406
885	3966
1034	1873
704	4156
4301	4958
2593	5110
74	1762
2152	2438
1527	4695
5024	5042
4970	5043
2389	4433
519	1064
1961	4492
574	3026
1527	1588
1031	4156
2459	3587
2197	2216
1604	4156
1135	3770
2593	3539
409	1727
1537	5065
3056	5079
541	1228
387	541
1892	1947
2541	4723
1844	3422
2326	3293
1032	2661
1035	3116
11	2171
663	1953
3008	3886
1396	2145
67	701
803	3493
3154	5004
1553	4156
749	2555
1873	1966
2731	2834
2031	3405
621	1091
2438	2526
3786	4269
3084	4750
7	4594
1046	3116
88	2312
1805	4201
983	2593
627	1527
944	3469
648	1573
151	3424
613	924
2438	2575
7	922
3810	4178
1933	4295
978	1504
3116	4508
928	3769
633	4417
2307	2593
339	3116
3210	4301
2199	3227
663	4156
975	2216
2270	3202
1119	1313
397	1819
1710	2772
1365	4178
3870	4405
580	829
2299	3153
1923	3582
3344	3810
580	2823
2823	4329
151	4580
1139	4943
3116	3492
405	2593
2055	3616
7	4156
1185	1748
3116	3754
2438	3866
1527	4374
2142	3866
493	1147
3624	3704
89	5003
4220	4461
4594	5122
1996	4538
4035	4399
1912	2014
3116	5057
983	1099
3010	4789
2499	3354
2199	4776
35	1051
107	3930
2142	4301
134	2716
1211	5122
541	672
1958	1994
1207	2181
2108	2362
1243	4950
1527	3984
1933	2438
2438	3672
2946	3995
1555	4399
1419	4070
492	4406
2534	4985
1726	4945
535	860
3323	4245
2216	4086
1324	4970
4067	4524
92	1746
3622	4156
1245	4984
3223	4321
374	4652
3676	3778
1428	3818
1356	1836
1760	1897
1537	4210
2270	3687
4018	4163
2946	3376
4357	4981
25	2738
57	3924
4156	5039
2124	3736
4580	4907
1373	2245
1139	3995
800	926
1765	2555
3110	3633
1089	1386
991	4390
1396	2743
3581	4122
3754	5078
1746	3116
2451	4417
343	1028
2216	2709
3231	4750
857	3116
1806	3114
381	1844
881	3646
2616	4943
339	580
3493	4752
3564	3864
580	3202
1185	1291
1242	3493
505	3116
1180	2775
1180	4357
1710	5004
1134	2478
347	1710
630	3376
1453	3586
2312	3889
2108	4463
3237	3501
1836	3901
4070	4515
754	2199
1145	3116
3866	4326
2438	4776
2946	4021
1569	3810
1619	2216
925	3984
4067	4311
4144	4580
309	4524
1747	2438
1781	3686
2938	3072
829	3121
1156	2526
2385	3414
1866	2946
471	2740
716	1533
3920	5091
9	3603
1492	2716
926	3585
1819	3747
1213	4147
1270	4728
776	2216
162	4844
2438	3344
153	4361
606	2547
93	4670
788	3056
1152	2797
205	4045
574	2555
972	1549
1900	4254
269	2661
1752	2593
1866	4325
2582	4872
3996	4052
4419	4943
272	3390
88	5011
1187	4766
504	2040
3175	5120
2216	3349
3116	4500
4412	4492
65	2952
364	3582
4399	4827
2299	2661
1113	4971
1809	3471
1165	1549
1338	3866
67	2240
1439	3501
1527	3505
4021	4508
172	3116
2797	2919
2625	4702
3128	5047
205	924
509	3414
28	1213
4603	5072
4236	5146
788	1524
788	2621
492	1527
1892	3924
733	2763
1537	1622
4156	4972
738	2468
2989	3503
3105	3199
1438	3409
1313	1527
3395	4259
3533	4406
2152	3851
1132	2541
272	370
1164	2239
149	4728
320	4156
3736	3850
1952	3116
1692	4594
517	3860
269	1844
455	2216
1094	4326
2249	2845
960	1505
1873	3188
4495	5011
2358	4070
618	1286
1544	4070
2755	4986
829	4156
2549	4580
701	863
2090	2540
663	1636
88	3026
3026	3493
2097	4156
1453	3860
492	4156
2625	4116
3116	4227
1404	4268
100	1878
1887	1989
1938	2363
2057	3352
1553	3770
1553	3116
7	2241
3349	4729
309	912
944	4156
556	3789
333	2850
92	2166
1619	1686
926	2249
3116	3289
348	4404
1914	2181
1692	4752
1537	4418
187	3586
297	3395
1438	2661
3114	3566
3594	4523
1727	2234
1105	4236
1113	1933
387	2946
4201	4336
296	855
4201	4452
208	652
2627	3760
1415	4580
3943	4095
1521	5156
88	3722
581	3422
991	4114
3116	4930
299	4326
2018	4328
1900	3116
1527	3152
1678	2694
3456	4156
4147	4872
2521	2801
2360	3782
1980	3782
3116	4309
3188	4336
580	638
1094	2269
1386	3924
2934	3139
3114	4508
1527	4124
0	568
3952	4702
3939	3988
1527	2005
859	3202
1710	2013
3582	5079
3121	4399
970	4147
2617	3845
3258	3539
1640	3573
302	1686
593	4752
1145	5095
2417	4070
1180	2946
2311	3344
4859	4940
1504	4458
2199	3874
1710	1976
2015	2574
1250	2834
1527	4844
2934	4539
2775	4156
885	4362
1461	3004
3301	5080
1117	1633
4301	4355
1202	5008
1477	3603
930	2013
1093	5078
100	107
1938	4156
1826	3552
2733	3273
2904	3116
127	2871
606	2709
394	3594
3959	4376
2145	3742
1666	1781
4336	4764
1710	3582
1291	1692
1269	5095
1028	4185
533	2867
2312	4415
750	3309
7	3290
2541	4829
2254	4400
1348	4580
152	983
2245	4538
1159	4406
598	2606
343	4776
615	4789
2532	3603
4038	4844
1727	1907
357	1051
3056	4623
4764	4902
272	4457
2521	4823
2185	2716
866	4308
1553	2270
922	2242
1213	3139
1143	3476
3116	3769
4156	5043
1549	2805
2377	3100
121	1565
587	902
4752	5120
473	881
3866	4480
1131	1684
354	901
581	2797
1105	3501
339	2661
269	1988
580	2301
3825	5107
2031	2438
152	1527
3667	4118
1537	2178
2085	5020
2616	4156
1952	1991
978	3974
2312	4336
1730	2934
1843	2114
1094	4156
279	3754
222	2755
1537	2216
4156	4306
3582	5096
2845	4538
638	3995
1887	2216
1866	4972
92	2199
1395	1585
613	5095
746	1654
1748	3533
1113	2298
1585	4558
1185	3004
1120	3995
2505	3343
4393	4598
630	4943
780	4156
1836	2704
343	4035
2145	3323
2511	2708
2142	2312
1365	2321
3866	4827
2799	4623
912	4086
896	907
2185	5120
1666	2541
3864	5078
3180	4890
1192	3354
4041	4637
585	1573
2245	2582
1505	3739
1747	4400
1727	2372
345	3810
1527	2350
1168	3344
167	1180
2003	3952
1619	4070
2746	4156
3352	3984
74	1276
1262	4802
2438	5008
299	1337
2185	3847
1527	4142
443	5128
205	2037
1866	2775
1527	4954
1561	1727
696	3116
1527	4035
2216	4563
4059	5120
7	2299
3116	5042
1322	4656
46	4623
92	3739
4081	4156
2937	4156
154	1135
928	3201
3564	5146
269	5159
51	3180
1152	1958
1286	1338
1149	2438
2216	4645
449	3116
1553	4035
2212	2312
3185	4418
3866	4274
3911	5065
1573	1994
1415	3739
3313	3608
89	3586
717	3724
2362	5128
88	3404
556	5127
4397	4872
25	3502
1504	3972
74	269
3722	5026
2703	4273
3116	4734
885	2834
2169	4035
1699	3116
265	2053
1202	2312
4386	4435
3116	3190
763	1068
2216	3139
584	2904
1185	3646
3298	4156
2404	2438
2216	4189
517	1036
553	3952
4494	5159
1537	1948
1192	2490
2546	3552
4156	5089
3701	3943
4021	4156
2324	4192
2991	5026
606	4156
4070	4729
897	4201
2272	3924
1909	4156
2185	4301
4156	5117
393	1324
88	5004
7	3395
272	3507
944	2216
262	286
788	4156
1527	5047
2181	4798
2435	3810
3774	4598
2101	2216
2625	4640
893	4021
4132	4750
2242	3225
1058	4859
120	1227
664	1654
901	2324
1255	1505
1906	3114
1504	1897
2034	5078
1521	3116
451	2874
4011	5026
1996	2230
881	1185
1510	4958
1756	3116
2362	2574
269	750
4386	4565
1031	3665
134	970
1501	2114
627	4640
1911	4939
1640	1866
838	4156
67	789
1781	4496
614	2438
3056	3988
109	3889
127	2746
859	4508
710	3203
4070	4380
1608	5008
606	4881
288	2362
1936	2216
1113	4729
2934	2938
991	3456
574	4890
2755	3866
926	2703
1037	1840
855	3939
1191	4308
74	3079
3513	3539
684	1836
1640	2438
3818	4943
2216	3894
1701	3995
1549	2451
1653	2216
1884	5043
2312	2865
1849	3581
3145	3939
1844	3063
1094	3536
664	2842
187	3924
2892	4860
1453	3941
704	1105
1626	4815
1527	3991
2249	2495
3992	4201
2755	4399
3354	5020
2438	2753
1633	4418
3984	5004
983	4752
593	4480
960	4960
953	5065
25	1035
789	4416
1064	4814
3687	3866
2362	2847
855	4934
4361	5038
1322	1898
2852	4171
991	4452
790	2306
4156	4216
1141	1415
696	4070
96	2893
443	2775
4156	4573
309	4067
1314	3114
2210	2575
3988	4480
2616	3202
3116	4011
630	3939
701	2438
3322	3735
2210	4958
1426	1549
1243	1328
309	2438
1527	4021
342	1893
42	370
1666	2456
1654	2852
3344	5062
3687	3988
918	1314
4156	4787
3758	4509
762	1505
288	1505
2438	3435
1147	1527
1117	3533
214	733
2831	4162
2438	2755
2627	3121
1180	1866
947	4156
1068	4497
2938	4201
1492	1505
3116	4685
3981	4156
800	1527
4274	4480
542	2053
4399	4934
357	4956
3237	4560
1067	2531
154	2852
2490	3308
556	927
1945	3704
1348	3747
1726	2070
89	3939
1105	4419
412	2502
1692	2312
1727	2534
472	4070
921	3469
241	1213
2026	4463
472	3939
1419	1741
381	2456
2438	3421
584	4070
570	2531
1035	1406
1439	2054
1734	2704
1933	2053
521	3582
448	2834
1120	4509
1537	2294
2653	4156
892	3413
3144	4052
2398	3343
580	4045
3354	4189
413	2884
3866	4399
4972	5008
1537	2902
2435	4538
1954	4211
3116	4121
970	1703
1439	2534
2269	3382
3433	3582
2142	4480
3999	4646
3489	5146
176	1415
4406	5134
1503	4958
1604	3582
3116	3276
2312	2890
4480	4827
3586	4415
1135	4972
3736	3984
481	3684
1135	4393
925	3920
1588	4196
991	2150
343	1191
3677	5128
3185	3851
2216	3368
1394	2166
1067	2211
1396	2948
1711	3116
3202	3995
1746	3413
3839	4814
1701	4021
154	3493
2100	4191
2803	3202
580	3988
7	2746
176	2157
1503	1527
1113	2534
1873	4268
299	1202
4201	4362
1043	2230
4247	4941
3084	3677
151	3752
31	4458
517	5043
613	1781
343	5078
2106	3646
3116	4340
413	3889
581	3839
107	4495
1527	3344
829	3988
1428	3498
2871	4369
92	2840
3941	4860
2521	2880
448	4185
1747	4415
3533	3924
3754	5068
762	4401
1553	2627
521	2989
3157	4934
2899	3116
1338	1838
2438	4011
1401	3116
2626	3026
1007	1910
4156	4860
1549	5147
2178	2185
2507	2625
1461	3754
2959	3566
934	4558
31	247
88	2270
46	1752
2541	2610
2621	3116
3133	4481
92	570
1953	3536
1979	3179
3116	4458
507	2468
1386	3433
4024	4156
677	859
237	2181
921	4573
413	4340
460	3573
126	1907
648	2347
1835	2034
1654	3924
50	1207
924	1532
1903	4189
3026	3586
291	2053
1958	3116
574	2166
2782	4872
3202	4972
229	275
1537	1748
907	4989
3493	3717
1555	3818
574	1836
3924	5072
3692	4156
1032	1328
2438	4295
2216	5097
221	3116
3026	4156
1701	3866
4021	4480
831	2361
1190	1906
1105	3114
132	247
2014	2347
580	1741
339	4508
1207	4985
2374	2468
1244	1859
250	3116
2013	2249
3104	4839
1165	4454
593	1202
265	1770
926	3944
2716	4970
107	4756
2166	3769
3393	4306
3810	4580
866	3552
288	2555
339	618
423	1873
2241	3061
1270	2658
3179	3739
3984	4052
364	1466
2704	4971
4018	4502
580	1428
2178	4057
31	3807
1313	1480
218	3646
2975	4524
214	4476
1324	2013
2417	2904
664	1958
343	2948
7	1747
486	2867
3104	4156
2627	2803
2823	3581
3116	4480
413	4267
44	4156
491	3116
1268	3116
3736	3944
89	4301
2362	3689
4406	4573
1185	4529
1389	2166
67	2606
1028	4752
2810	3512
651	1038
1746	2534
1527	4059
930	2030
1273	2268
339	3357
1037	2031
2270	4357
2378	4156
3289	4859
1338	2362
2934	4707
613	1396
1068	2884
2269	2755
342	1159
1643	3476
1549	2420
1324	4933
4820	5049
1273	4874
1326	3116
394	1937
1626	2893
3404	4764
1585	3924
1527	3421
1765	3764
2850	3103
2696	4156
448	3959
3687	3939
2398	2555
1537	3189
4376	4752
3686	4171
1483	4529
1406	5095
1938	2003
4156	4255
1190	1601
319	3116
3866	4325
2801	3754
134	884
1139	3505
1671	2185
38	1570
1892	2438
1505	4383
2034	4880
651	4308
1505	4144
1503	2013
3077	4172
2438	4197
1419	1527
2902	3116
2169	2216
2438	4711
1185	4129
2057	3116
2547	3366
1505	2178
1726	3959
2185	4418
4538	5062
3582	4078
3116	4398
1626	2235
1119	1270
4156	4728
1409	3586
1938	2239
889	1243
1020	1582
1053	1746
1878	5091
4558	4874
2265	2706
157	1636
92	5079
2803	3591
630	2627
1180	4827
493	3486
406	4480
541	2235
1386	3352
568	1862
3116	4273
1415	2223
1746	4580
1135	3145
944	1453
3202	4624
2823	4185
2133	4829
1597	3687
42	1710
1537	3769
4183	4758
1701	4508
606	2889
4405	4696
2107	3646
3116	3421
2893	3901
2401	4156
1477	5024
2269	3091
4328	4417
1119	3901
4798	4985
531	4958
1527	4112
88	3582
922	2713
149	1782
187	1703
3116	3909
1324	2132
1527	3163
2627	3866
2230	4086
1147	3486
3539	4302
176	5122
1207	1338
1527	1912
2486	3354
92	3004
1045	4156
926	2107
1836	3789
1420	4362
3689	4201
3682	4329
5043	5068
339	4196
1505	2703
3920	4207
1454	2362
2092	3414
2438	5004
3582	4036
801	961
7	1313
3188	4496
4509	4561
3456	4837
1334	2541
652	739
2946	4220
2241	3754
2216	3165
2024	4554
1365	4926
535	3116
1313	3486
2269	2775
788	5008
118	2959
1873	4729
1527	2743
1527	4611
2099	3258
1932	4492
4955	5024
958	4220
1227	4646
2526	3616
696	1549
1747	5011
1180	3988
808	1686
3952	4144
580	3145
347	5154
749	4176
364	3424
574	3262
65	1454
3536	4529
339	3114
1288	3582
3289	4752
1980	2747
17	2037
3056	4433
3116	4461
1966	2261
855	5008
3387	4398
2360	4007
3672	4580
1710	3847
601	4273
918	3061
2037	4798
2975	3116
893	1428
1505	4702
810	4121
2624	3116
1692	1991
1064	1619
1678	3370
1938	4580
320	397
148	866
1191	5120
4038	4070
1439	5004
930	959
1367	2938
1255	4533
3488	4321
104	3116
1488	2389
3493	4776
3939	4934
3171	3354
3497	4701
122	1056
3722	4156
1781	3975
3116	3625
2199	2619
2166	2490
2799	3581
1527	2057
205	2616
1324	4573
1270	4874
2753	3810
74	2299
1062	3827
4156	4940
2053	5024
3273	4391
1113	1636
1527	3162
221	3818
982	2934
3103	3116
1907	3747
1549	3691
573	4573
3227	4820
2763	3116
2946	4196
2799	5062
815	1671
2216	3116
142	5062
788	2616
2913	3779
3008	4156
1619	4183
3908	4070
2268	4482
893	2838
1774	2888
2653	2823
7	3722
35	2438
1093	4236
3582	4243
269	1040
1136	3103
613	1119
867	4130
926	3991
3256	3582
3004	4159
2948	3116
1726	2829
354	1082
1988	2230
327	3471
1157	3116
3000	3116
347	3116
707	4779
3520	4764
1527	2627
1213	4082
618	2775
3770	4827
978	4665
3201	5008
492	2438
606	3665
3202	3505
443	3941
1838	4156
2312	3231
2661	2750
581	1064
2795	3489
2034	4236
3061	5078
107	5011
2746	3792
663	1127
3810	4045
3488	3503
1089	4156
2438	4480
759	2362
2956	3835
855	4156
944	1536
2848	3116
1627	4956
1435	3116
1703	4958
2216	4836
3505	4508
613	2884
1180	3995
684	3116
978	1288
3486	4646
4156	5162
1454	4630
1028	3993
2055	4554
1581	2929
2404	4620
2808	2929
413	2526
2775	4480
1563	5030
4452	4786
2142	3121
269	4404
859	4480
4156	5008
1255	2716
2511	3944
1058	1585
788	3501
1480	3116
638	3376
413	3875
448	1549
1699	4491
1057	1657
3853	4357
2704	3450
337	5089
3582	4326
1505	3582
1338	2775
74	4163
1202	4480
2216	2713
613	1503
1626	2847
580	3471
1815	2216
670	2990
2877	3061
302	808
1966	3456
1806	2801
730	1834
167	3505
269	1136
167	855
2810	4326
1302	3687
1992	2541
127	4764
1537	3368
829	4943
789	5107
2184	4185
1990	2199
1041	1324
601	5097
3058	3488
2919	3840
1136	2630
3830	4156
2555	3959
1537	4156
836	866
391	2270
3977	5020
3116	3428
1321	3116
1527	4558
493	1527
1726	2178
88	4524
660	2156
1752	4502
1313	2014
302	2747
1961	2169
1313	1625
1483	2531
3995	4156
4960	5120
3202	4827
3343	3701
1135	2626
509	5095
652	3601
1503	1775
580	3995
1938	4144
333	750
928	2438
2724	3189
3116	3924
3995	4196
3758	4813
2307	4798
152	3190
1527	2575
1866	4196
357	1627
272	4129
2024	4580
1812	2834
3488	4988
1542	4216
2740	4554
3818	4021
581	2268
1442	4144
3285	5138
944	3582
652	2877
25	3188
4021	4399
2704	3315
1907	3717
910	2909
1549	3800
3886	4070
613	4156
1527	3510
3116	3974
2360	2747
3344	4986
214	3534
2016	4220
168	2132
1537	2895
1537	3067
841	3585
1185	3625
2254	3289
167	630
1180	4399
1684	5134
1202	3116
2216	2294
3153	3758
2584	4603
3115	4156
1692	4758
829	1670
89	1492
1732	3981
123	205
1710	2350
2501	4405
1028	1727
4752	5128
786	4970
4156	4220
570	4201
449	2729
3823	4789
1227	3859
521	3817
3977	5101
451	4001
3414	4656
881	1790
879	3397
2070	2625
1355	3116
1098	4383
831	2111
3574	4958
3114	4696
1963	3952
460	2803
89	5128
1139	3121
1395	1549
921	4787
2810	3939
991	1730
2681	3662
3029	3736
2541	3323
2053	2070
2575	3116
7	616
2661	4243
1218	4156
3056	3201
2245	2743
610	924
1113	1599
1840	2031
1214	3116
74	4766
1135	2270
3840	4156
50	4381
3376	4399
391	2360
123	2013
309	4603
3116	4361
3469	4958
3359	4764
3810	5008
100	1269
2438	3322
2361	3924
3450	4907
1221	3963
2946	3866
65	3382
4035	4357
2312	2887
2533	2704
1416	4306
1527	1866
1701	2909
960	3008
1313	3368
1505	1703
1270	1553
351	1269
1591	3290
1190	4598
416	884
279	4130
339	4598
2361	4538
994	2438
3121	4480
1550	1727
1117	1710
2892	2934
1524	1774
3104	3582
2704	3236
423	556
1565	5021
970	1633
214	3116
1475	3754
1088	2185
1501	1727
343	2185
2312	4526
7	3114
92	2026
2373	5122
1527	4934
4067	5154
247	1527
2438	2838
3501	4821
1710	4798
2616	2946
1110	4956
836	1191
3114	3944
3116	3430
2775	4818
1074	4580
3116	4144
893	3866
1113	1488
92	1286
925	3944
4598	4818
1582	3845
2311	4059
1570	4156
2755	3376
2555	3901
237	750
924	4139
3201	4273
3916	4095
92	162
1169	4070
4156	4739
3736	5127
1477	4163
3151	4236
149	4859
1900	3810
4152	4311
2438	2946
2115	2205
2909	3116
3988	4326
2704	4907
2282	5120
907	1870
2871	3404
1453	2013
2199	4308
4156	4244
467	3004
1666	1727
3116	4042
2270	3026
343	2241
535	2541
1030	1649
601	1906
1884	4406
354	3116
1187	3094
4163	4198
921	1633
1537	4512
3258	5122
1752	3262
3008	4165
3116	5024
92	3116
187	2204
606	2739
1549	4526
1420	3116
1588	2840
2088	4723
3582	4407
460	2627
1726	5065
89	107
100	1378
2438	4956
492	2230
1726	3993
2363	3145
618	2755
1143	2199
4046	4872
96	652
3368	3924
2438	2704
3116	3719
1505	4684
3586	4302
176	509
808	3201
122	2635
1573	2764
1924	3116
1287	3100
1396	3810
1202	3201
269	1167
1642	1933
630	4972
829	1553
2132	2145
1293	4201
1252	3581
3116	3704
7	901
460	3116
630	867
25	3352
132	1752
3513	3592
4132	4442
3615	4156
1927	4156
1873	4267
1746	2909
1690	5091
2216	3350
3202	3717
881	1003
4554	4985
1795	2729
3817	4153
652	3672
3201	4088
3116	3531
1838	4480
2185	4787
205	583
1674	1873
2149	4302
1034	4508
4070	4529
2404	4254
4046	4279
1037	1838
2312	4366
1748	4156
3889	4764
2831	5011
413	2249
1099	1527
652	3717
100	4306
2850	5156
871	3911
1031	4970
123	4646
205	4508
2230	4059
4598	4728
4070	4580
2114	2945
2656	3421
3232	3428
580	4711
926	4156
2834	3190
629	1625
3368	3988
2312	4162
339	4325
4156	4386
440	4821
3121	3505
241	4560
1248	1625
374	3586
1604	2755
652	913
3581	3974
2241	4560
187	3011
633	4036
2682	3116
7	4750
635	2404
299	3116
2490	4207
2438	4399
3818	4156
1455	2341
1028	2053
1591	2547
1734	3447
2312	2536
2014	3930
154	3758
4758	4968
2975	5004
3818	4196
2438	2948
1185	5091
1555	3376
1861	4580
2957	3174
173	866
1720	3866
1671	1710
747	4156
1524	1670
1144	1283
4480	4981
2625	5120
1409	3114
991	1549
2625	4711
848	4956
3582	3991
1996	3390
2270	3939
1585	3344
2490	4319
2555	2913
3770	3866
1747	2126
1936	4315
4508	4859
501	1914
3026	3520
10	4156
1553	4943
205	1670
1505	4662
2351	3941
1979	4045
3368	5128
4691	5099
611	4670
269	1253
153	4127
1156	2216
205	4827
2230	3151
2351	3582
1527	1533
269	2919
3663	3884
4301	4823
593	4495
221	4598
2438	4960
2541	2685
4196	4598
1515	1626
580	4356
2047	5156
149	2438
4254	5030
2718	5034
1136	1793
1213	1250
1844	4984
3026	4503
333	2299
168	4573
7	4319
1322	2037
1083	3533
1139	2616
1035	4165
2704	3839
442	1671
2540	3839
88	1156
1328	2661
1440	3853
580	5128
404	4156
2755	4045
3056	5008
1781	2166
1213	2834
1185	3769
1836	3539
3116	3298
4201	4670
2850	5099
1187	4289
3309	5062
1501	3275
221	4827
167	3995
4156	4301
788	1866
901	2181
2203	4860
1030	2555
1613	3536
1851	2361
50	3413
1324	2584
418	4060
2212	4156
2775	3121
1324	1953
2934	4564
533	601
3960	5099
2156	2169
2532	3116
618	4508
1836	1878
89	2070
2438	4273
3248	5155
241	3715
1338	2582
42	4156
1243	2750
4001	4859
345	2230
1686	2090
638	1701
1488	2199
1314	3061
2210	5149
3145	4357
1559	2724
2893	4156
4165	4645
800	1185
3387	3687
89	1454
88	1747
1506	3315
1726	5091
759	3646
1040	1521
812	1980
670	1283
2166	4268
1873	2919
1250	2625
4302	4889
1866	3116
175	4201
89	2185
343	4696
1067	3048
3313	4047
1344	2723
297	4360
1907	3116
2619	2840
2005	3116
2803	4538
74	3884
3582	4598
1671	3582
272	3739
1625	3150
3653	4183
985	5146
4461	4728
2980	4156
3116	4804
3100	4336
1505	2114
829	2575
581	2090
1117	4088
501	2181
921	3851
349	2535
393	1159
2324	3336
3202	4393
288	2216
349	2000
651	1218
1932	3424
852	3116
1045	1670
930	1633
1898	4698
89	965
1453	2312
221	4274
3397	3665
855	1866
701	2404
1461	5120
343	1923
1313	5080
630	829
1159	2625
1227	1283
1642	3536
269	1243
1640	4196
17	2511
2731	4872
1056	3942
1338	3952
2166	2505
2838	4252
1537	3687
100	1527
3056	3116
1527	3866
299	580
3536	5120
829	4872
88	4162
593	3988
2332	3116
1686	3782
1626	1666
2989	4315
3116	4490
1094	2152
167	4156
1801	3497
1524	5128
89	1255
1221	1873
1670	2810
1903	3116
4872	5101
3505	4399
2555	3944
1032	2850
3659	3807
1996	2884
3116	3202
391	812
3817	4156
2230	4538
542	3163
921	4418
11	3827
241	3581
1527	3026
1477	3816
1666	1941
1314	2034
2799	3663
1781	2555
1752	3689
907	953
2865	3368
4036	5154
2616	4325
3991	4156
3687	3724
3301	3810
3939	4156
2241	5120
1259	3116
1139	3202
2312	3469
1726	2353
855	1670
892	2867
2053	3382
985	3424
2347	4956
1553	5008
1604	1640
4588	5008
2249	5072
1505	2438
71	4362
3190	4302
1727	2897
272	4623
1727	3026
1710	5127
580	618
829	1286
1428	2438
548	1324
3010	5128
3405	4267
2845	4509
788	4045
3920	4598
67	294
198	3275
3405	3424
750	2085
3817	3942
3004	4889
902	4118
1365	3722
3301	3344
928	1037
1113	4185
214	3258
448	2746
651	4398
2887	5096
205	3501
4144	4986
1838	3116
601	4070
3591	5057
1527	4339
2506	3582
342	3742
309	2053
4255	5122
184	3116
1119	3984
1135	5008
485	3116
838	1626
1836	4907
611	4156
413	970
3344	4538
2723	4002
4156	4371
652	2526
1836	5022
2656	4343
3145	3582
4156	4250
716	3754
2526	4201
3866	3995
1270	3116
1884	2584
1977	3116
272	4306
1286	3202
651	2863
2606	3789
3853	3988
2378	3839
1527	5117
122	3469
1654	3758
3840	5011
3864	4236
848	3855
925	3343
1190	2241
1527	1821
1809	4872
1243	3629
1527	4482
1873	4659
3056	3145
1613	1878
2203	4376
153	4362
1419	4201
4144	4664
347	1117
944	1505
1746	4144
4185	4268
406	2451
2145	4573
152	1573
2230	4902
1185	1326
4018	4130
3236	3564
977	3116
2347	4156
1117	4156
265	2241
1947	2438
1710	2801
2884	5004
34	347
2301	3322
1670	3512
4382	4766
970	3924
926	2506
846	2541
4360	4736
2382	3116
956	4261
716	4598
3354	3974
2090	3063
1836	2799
1207	2037
4086	5120
393	2616
1952	3782
1549	3582
584	3739
2775	3505
2410	2829
1553	4399
2216	3687
1521	2299
2188	3810
4070	4940
925	3104
1229	3116
2755	3505
2026	4789
1338	3991
863	2774
924	2884
1873	2709
1190	4880
841	4970
1032	2099
1927	3691
1537	2327
1710	4654
2108	4968
2675	3116
668	4156
123	4538
867	3939
4156	4419
704	1337
2616	3121
347	921
1866	3121
2216	2919
1836	4039
4860	5128
1119	2598
1415	2417
187	1737
2704	3471
613	1996
362	3116
2526	2696
788	1202
944	2959
472	1670
1082	1582
800	2142
1553	2438
4156	4281
581	3116
288	1185
1640	5008
2149	4125
1923	3116
2216	3850
7	4956
1522	4156
1505	4252
342	4406
593	3056
2239	4955
3116	3820
739	2799
3574	4186
1439	4017
3116	4943
3404	3811
1505	2254
3354	4156
1185	4407
541	4940
1139	2946
747	928
1138	1961
1527	4340
1912	3301
269	5099
2249	4509
7	391
3397	4153
394	3421
343	1034
2535	5042
1933	4598
606	2658
1710	3859
580	4001
2312	4326
250	970
339	1527
1248	2185
4156	5120
2013	4418
2034	3114
1404	2852
149	3573
1549	4201
1504	1740
1549	2526
580	1933
1313	4844
413	1505
621	4989
387	4508
2616	4196
409	3488
229	3116
1134	4302
2301	4859
4580	4812
1850	4011
1537	1933
2230	3805
154	1836
2704	3230
1665	4990
944	1527
264	3116
983	4594
3308	3539
1041	1684
1202	1287
1806	4114
187	1671
2803	3853
859	4161
1613	2763
3192	3752
1495	4156
3116	3557
3104	4464
2438	4972
2750	3977
1527	4435
2241	3501
704	3114
612	1619
4292	4984
550	4220
3395	3894
3366	5011
3533	4670
1455	3413
3582	4001
2173	2270
750	2307
580	1034
1121	4156
3116	5080
2456	4123
2989	5120
1527	4752
2372	4070
167	2142
1670	4480
1527	3587
917	1213
983	4968
1252	1893
3308	3552
4067	4156
3592	4984
1863	4052
2090	4814
3116	3304
275	2609
3067	3724
393	1041
749	750
3924	4743
2169	4311
394	1181
773	953
1136	1253
500	3435
1527	4776
1135	2803
1362	3789
1527	2739
663	2584
3308	3592
3133	4496
151	1527
3818	3866
1798	4786
1752	3704
743	2099
1996	3581
1527	3574
349	5042
2178	2625
1649	1674
1283	2990
2204	2752
2709	2803
1119	5120
4182	4664
187	973
982	3503
533	1190
3091	3924
1283	3690
89	1338
841	4245
1138	3489
339	4021
1670	5008
65	1404
3038	4156
601	3189
1167	3028
3116	4482
149	3818
11	4052
2013	3847
1906	3344
2656	3236
2085	4814
67	1396
1527	2382
3116	4970
2204	4750
1553	3818
2053	3431
3687	5091
3160	3781
2171	4156
2199	4723
3008	4011
501	1322
294	3581
1099	3263
556	2398
28	448
1338	4480
2735	4007
611	1741
2435	3105
107	5096
2247	4232
960	5128
1884	3105
4236	4803
4022	4220
1781	2887
4458	4880
3179	4035
3533	5134
1453	2438
1144	2459
3116	3370
4416	5107
2942	5159
638	893
1056	3582
1293	2069
1728	4045
409	3008
1136	1506
3154	3870
105	2261
2247	4588
921	930
4950	5159
2269	5127
1640	3512
2216	3248
1128	4315
167	3582
74	3116
3467	4301
1278	1703
4110	5010
2142	4495
808	812
1994	3486
448	864
580	3067
1466	1991
2502	3488
2501	3404
1063	1313
2627	4818
1261	3344
25	3209
2724	3462
2729	4872
377	4156
928	1741
2917	4067
205	867
1907	2946
553	4752
3175	4645
866	4401
568	3695
2591	5004
4118	4328
1396	4156
343	4954
21	3026
2625	3789
1527	2161
265	3488
2142	4981
1139	1553
272	3131
1454	1527
750	2374
125	1912
3663	4252
1432	4198
2946	4197
1248	1341
3686	4156
278	3616
2142	3202
67	884
1127	2584
89	1536
4070	4369
1747	4512
994	4185
1268	3308
1454	2814
1670	3536
3116	4196
349	703
2149	3860
387	4156
921	5134
2833	3116
3853	4088
3116	4464
1720	2653
2499	3026
1781	2511
1454	1671
3273	5120
2030	3185
1555	1733
1726	3789
3343	5127
1670	4399
918	3114
1255	2178
3994	4752
343	3573
2132	5043
1866	2616
3273	3582
1213	3859
1553	4827
1428	2216
3503	4096
606	3010
788	3116
3503	3665
2661	3534
1805	3603
1932	2169
944	3901
3116	3154
4156	4996
924	983
3116	4758
1834	2308
205	1252
634	4958
863	3555
527	3116
1836	2526
1140	3116
460	4329
2568	4057
2625	4750
2716	4057
1674	2867
574	4070
1549	3154
3930	5107
142	4070
3493	4941
1322	3414
2582	2877
2015	3116
374	3739
963	4538
4814	4984
4261	4573
493	4433
581	1212
2216	2372
953	2829
1521	3845
556	5048
670	4308
901	3653
1113	4908
912	4603
885	3395
1180	1202
328	5062
1859	2618
2240	2613
1028	1692
50	1991
408	4156
2030	5068
2183	3646
7	3730
3512	3591
1527	4196
3093	3736
1747	4302
2108	3999
35	4956
1064	1665
1120	3116
221	1139
3946	4302
606	3820
3375	4252
1322	4798
302	3582
205	3202
3116	3960
259	4419
1028	2547
1432	1477
1527	4958
1088	2178
580	1156
3354	3972
343	3273
1866	4399
2065	3275
422	3557
272	2254
154	643
269	3103
1063	3116
1640	3853
7	2801
3056	4943
3512	4156
2090	4640
3988	4433
2282	4088
343	2312
272	2703
391	4315
2534	4070
1051	3747
2547	3395
1454	4391
925	2230
1619	2047
1844	2574
100	5091
3582	4301
593	1524
4669	5008
168	2904
926	1854
3566	5146
351	3226
1483	3344
1032	4292
3810	4162
1893	4156
2459	3116
648	1533
501	2053
1527	1692
1113	2535
1527	4646
1088	1505
1666	2212
3154	4464
3202	4273
1906	4236
3116	4412
1818	2097
7	2312
3007	4156
3116	5127
1185	3139
1094	2438
1549	1840
2034	3237
7	2803
1031	3503
1582	4401
881	5010
2398	4464
3162	4752
1473	3840
2241	2801
1891	3304
704	2582
1135	3818
3686	5011
1619	2374
2362	3346
2763	3810
1167	2308
2216	3493
1666	4070
613	2347
89	1703
963	4178
1747	3435
2216	4369
2501	5107
2793	4156
1537	2616
1461	3864
829	4972
2077	3008
1692	3774
1727	3067
1515	1727
580	3582
1221	1994
3573	5128
269	2307
74	2456
1938	4139
1099	3116
7	2991
831	2884
3480	4156
252	4580
38	364
961	2877
3145	4638
1439	2324
1588	4211
638	3866
4156	4823
2956	4156
7	1263
4361	4721
391	2146
3058	3742
928	2203
1113	2152
269	3086
521	3665
2373	4155
1555	2832
3818	3995
343	1119
2575	4958
3105	5120
3103	4247
349	1097
2655	4872
1506	5097
1270	4464
1373	1527
2216	3382
2625	3920
4156	4481
173	4968
3236	4156
3227	4156
696	2617
3121	3770
3368	4357
1549	4038
743	3116
1378	3853
1884	4573
1527	1701
880	5128
2735	3782
10	3789
2034	3566
1016	2438
1056	3665
2762	3048
612	3116
347	3847
867	3145
142	1185
3754	4152
1344	1527
2657	2685
3816	4035
1432	4018
930	3185
2351	3488
1727	2919
2142	4433
1734	1934
618	2916
648	1313
7	146
16	963
2713	3646
606	3395
123	1901
88	3201
2003	2362
283	3116
1036	4506
2204	4415
1549	4455
50	3116
2178	2216
3924	4509
3116	3552
451	3983
2694	3581
2436	2831
184	4156
638	1527
601	4859
1727	5011
829	5008
1270	4391
2438	3860
2199	3739
1844	4177
2820	5067
1524	5034
1041	1248
2268	4156
910	5021
1627	2108
2654	4789
2990	4156
416	653
1533	1727
1633	3860
1461	1801
550	4951
2706	3735
2820	3952
7	4057
1775	3382
2846	4012
1328	3315
223	272
42	4941
1527	5029
3165	4201
3939	4326
2443	3747
3455	3573
1091	2501
704	4889
2166	5051
149	1979
859	926
3975	4070
1056	4096
387	1862
7	4896
127	881
866	2307
3236	4114
2775	3941
3582	3724
1135	3988
3293	3747
1731	4201
580	3687
296	1138
1527	3534
2106	2216
793	2327
221	2438
2053	3601
2013	4538
3536	4986
1527	2610
2212	2938
1058	3724
953	4156
670	1597
618	3498
349	3079
1020	1187
2438	3995
3810	4244
1747	3026
982	3942
1936	3782
4480	4508
935	1440
651	1443
3582	5033
3736	4433
4156	5079
28	2362
1884	5062
1051	1801
1622	3116
1514	1710
1256	4321
2919	4201
638	3202
7	4772
2762	3581
1527	1838
2934	4039
67	970
618	3724
1626	4039
944	2575
788	4827
387	2301
1774	3488
739	3231
885	4361
1536	2030
3474	4399
2801	3114
2404	2555
0	3
660	1911
2199	2417
2216	5120
4386	4902
3116	3534
2774	3492
848	1420
3114	4236
1686	4259
2506	3116
2584	4152
1727	4497
2946	4399
67	1703
1088	3533
648	4646
3121	4943
1549	2922
1286	4972
638	859
205	613
1338	3104
2270	3988
2478	2511
1185	2959
970	3586
1483	4958
92	2362
2261	4837
1067	1505
922	3810
96	1727
893	4399
2404	4116
1640	3056
1844	3839
2531	3582
149	859
92	4705
259	1252
1454	3864
1980	2360
1113	4070
4220	4908
1396	4538
788	3853
2108	3258
3275	4958
3116	4384
3582	4818
601	3114
983	1619
796	1774
7	1454
1105	4156
2582	4376
1494	4121
902	2404
92	1775
1948	3500
269	1074
1727	4130
2184	2362
746	3153
3557	4872
89	3591
4399	4779
553	892
556	570
105	4156
4088	4972
613	4958
580	2030
1527	5155
920	2341
2145	2307
339	4399
3491	4880
205	2625
96	2511
144	4070
1190	4156
1996	2013
3357	4021
343	492
3116	3730
578	3116
347	2030
1936	2735
2171	3695
3770	5008
1684	3488
1604	2270
2312	4779
205	4972
580	3116
1627	4405
684	5074
800	2723
2943	4495
74	215
3359	4036
343	2575
4308	4404
2777	3352
100	1185
2817	3038
1037	3105
1670	3687
1467	4958
3646	3691
416	4162
1132	3555
1873	4142
449	3422
3376	4480
517	3851
1934	2547
924	3413
1261	2978
2934	4177
2762	3116
2979	3116
153	3513
1454	4152
265	920
283	991
2948	4144
1483	3114
309	1127
2417	3739
205	4035
299	4943
3308	3914
925	4435
2704	4095
1670	2270
1373	4594
2142	5008
1934	3010
1202	3145
1521	4494
630	1524
149	1604
4156	4757
272	1475
2282	4156
970	2438
2718	5146
316	4183
2521	4461
2482	3889
1218	2459
653	2657
1202	2775
1067	3469
1588	3376
879	3817
221	2775
2269	4508
1043	2555
1348	2541
3061	3237
3853	5008
4273	4399
1897	3354
2216	3026
333	3153
121	176
2353	2938
1778	2904
3953	5008
4558	4729
1524	4156
3573	4045
2092	5138
1202	4399
1313	3736
2053	3789
343	944
1813	4138
393	2145
1569	3116
872	3116
343	1106
472	2803
343	975
1328	2085
664	1404
3114	4979
3855	4502
1350	3582
902	2341
2747	4259
1028	1527
1202	3536
963	1503
959	4070
2625	4627
2838	2946
1191	3116
2100	3736
3104	5107
1527	5068
74	4656
4645	4872
1302	4156
1863	1897
7	4752
1563	2108
123	2743
4051	4968
1884	2132
327	398
1604	2616
17	1190
3121	4156
1932	4412
3488	4728
568	968
3870	4398
309	663
3488	4815
1932	1961
222	522
4045	4399
339	3202
1710	5048
2531	4301
928	944
3724	4943
2181	4554
3435	3646
2269	3139
1671	3875
7	1088
1537	1730
1710	1937
2181	2593
89	2501
272	2904
892	3493
3026	4907
387	1838
403	2438
7	1058
1138	1314
89	5011
2704	4002
867	2451
1168	3810
2723	3984
1147	1994
151	1324
1396	3857
4383	4934
339	2946
991	1156
3739	4110
2840	4178
3860	4301
3582	4750
3851	3860
269	2513
3153	4176
3104	3108
2185	2847
1135	2627
1455	1741
7	4124
68	3227
2490	2894
3104	4956
1527	2658
1527	4772
4153	4156
1034	5128
343	3011
393	1671
1406	2495
4124	4156
881	2242
3747	5004
2478	4764
2230	2249
34	100
17	4489
354	1283
2254	4899
1326	2216
879	4156
1254	2216
89	2438
920	2535
2185	4970
1386	2245
2282	2438
1782	2775
1113	3116
3988	4972
3620	3890
1117	4908
1386	4538
2584	2609
2755	3116
3104	4896
1585	3930
2031	5026
7	5004
569	681
1041	2511
2934	3507
222	3435
952	4752
1636	2817
1549	2203
1003	3225
2774	3086
2616	3995
2245	4274
2598	4252
3724	4859
2865	2880
716	4194
1494	2341
2661	4814
1120	5072
1132	2713
349	1505
28	1113
3789	4872
1514	5026
1671	2438
2775	3724
343	2282
635	2459
343	3810
3953	4301
4301	4357
269	449
149	4827
88	815
1582	2190
2526	4045
2312	3536
2938	4907
297	4736
1213	4645
205	1720
2199	3488
3924	4383
1604	4273
1866	3995
879	2312
3924	4766
4036	4603
504	2468
684	2262
1892	3747
2065	5021
788	1553
1734	2216
176	2015
2884	3924
2132	5068
773	4789
2654	5138
855	3687
2511	4764
294	4565
1604	5120
4156	4663
3582	3687
339	2438
272	2956
4415	4461
928	3304
832	2703
3582	3939
614	2606
3116	4924
1396	3464
2884	2931
4011	4594
835	2074
151	3991
3536	5128
1527	5025
500	2031
2808	4743
2810	2865
3116	3689
1640	1701
1633	1710
4021	4827
1727	3853
1527	4399
867	4972
339	3995
521	3503
3827	4052
1250	4336
1866	2627
925	4594
739	1262
1684	2145
1074	4554
3056	4088
269	4242
982	3817
1203	3653
1524	3687
959	2216
1012	3646
975	4867
1504	3116
1047	1113
4156	4766
2661	4972
2161	3116
542	3350
2090	2299
750	2047
71	2547
343	1907
2938	4397
2451	5091
1938	2884
580	4274
3738	4156
1866	4827
3512	4480
930	2185
2374	4941
35	3747
1665	3983
3789	4623
3818	4399
912	2591
3988	5008
3116	4902
1415	2047
1396	3352
1782	4325
237	4985
1503	1873
953	2945
3963	4024
638	1428
601	3864
3414	4798
2282	3114
252	2613
3157	4156
3582	5021
2321	5127
299	4399
2241	3489
1367	3018
1119	1994
1692	1917
544	5080
2245	2627
1666	4594
580	1094
2438	3459
930	1117
2436	3026
630	2946
985	4114
3116	3991
1099	1692
1933	2216
638	1180
3116	3483
2894	3651
1873	3116
1041	1159
3988	4588
580	1058
1349	1527
581	4701
3185	3847
309	1613
100	4729
3513	4302
391	2747
3853	4201
1510	2575
2184	3116
601	3188
449	5012
1105	3237
1504	4487
221	788
3324	4405
2312	3323
3026	3796
991	2372
5071	5120
1671	4611
634	5011
1314	1906
1431	4156
3358	3901
2593	2990
142	198
3853	4859
2241	5078
2099	2459
2946	4156
4156	4325
3659	4955
3963	4156
1734	4563
788	3505
3104	3668
3048	4872
3687	4357
1003	2242
1619	1741
2803	4934
3121	4508
1642	2438
1549	1878
1553	4972
187	4460
1252	2770
717	2738
2173	3939
3442	4405
2249	3943
2492	4012
2026	2108
275	4573
291	553
3555	5128
1119	3924
1670	4743
118	3054
924	1455
800	4124
7	1071
3860	4125
442	1794
887	1936
2627	4021
1555	1604
1138	1141
749	1741
4156	4161
100	2526
342	1324
1270	1483
581	5020
1604	3505
1386	3810
1168	3536
2468	3974
2362	4705
2438	2991
2555	2727
2216	3067
944	4685
7	1185
3557	4201
25	3175
1666	2438
3414	4384
1314	1461
3007	4603
909	1094
3536	4152
803	1322
2270	2795
649	3566
2547	2704
1477	4270
548	2013
339	2653
2018	4306
1527	3870
544	4156
3074	3501
2245	3502
149	3774
1553	1604
960	2658
404	4163
360	1527
1321	3428
125	1527
1701	4325
4357	5128
2142	2626
3703	4384
365	574
1912	4729
630	4156
269	2750
272	4384
871	4902
3104	3941
1227	2124
222	3582
107	3226
1454	3382
1409	4889
88	2438
580	4132
1287	3724
347	1633
2755	3202
1286	1604
3247	5095
3853	4045
2889	4823
3114	3677
451	1334
347	2438
1549	3539
205	1094
2893	3150
2438	5110
3350	4070
1024	1256
1726	2372
3206	4580
2666	4452
1626	4521
1842	3116
4156	4752
1844	3763
1740	4156
302	4007
1350	1958
2946	3582
3104	3290
1636	3536
1527	2894
1553	1588
1028	4070
3313	4306
3472	4681
651	3984
2840	3501
1527	4960
3358	3736
2361	3202
2877	3114
485	3672
1180	3202
1058	3289
2031	4301
507	1619
622	3738
71	4003
1288	2132
2526	2959
107	2436
3116	4262
953	2438
3947	4070
2616	3505
573	1248
4147	4156
1752	3855
836	4968
168	573
501	5099
517	5049
3116	4530
2013	4301
1119	1462
829	3939
153	2247
2755	4508
1517	4814
2763	3959
1248	1480
205	1866
1527	2582
630	5051
342	1684
1751	4156
3994	5120
2468	4042
610	3736
965	3646
1626	4306
205	1782
852	1740
4182	4549
1866	3770
1747	3469
978	4883
1527	3486
1747	3687
2166	4071
451	5003
2938	3689
2909	5021
3724	4508
1194	1537
2203	5010
574	4242
573	1324
1105	2241
149	2245
1373	1948
1527	4728
2545	4315
1138	3754
2930	4156
347	2404
2361	2884
2591	4711
3056	3512
275	1527
2545	3582
859	2216
1527	3250
1159	1613
1461	5146
3581	4789
3493	4530
3493	4702
2055	4070
3944	4045
3143	4321
442	3533
2534	3840
181	4156
1524	3939
1213	1809
4042	5101
4508	4711
707	5089
92	466
1221	3116
533	1131
2533	4580
74	2466
3505	4021
1236	2166
3988	4088
3116	3900
4433	4844
3344	4156
291	3116
2055	2216
154	2216
107	3686
1752	3488
1139	1701
3592	4302
457	2108
1553	1866
1994	2347
3103	3758
2438	4752
581	2750
2438	4670
1873	3055
1068	3116
431	3116
892	2311
4301	4336
1180	2616
1555	4021
3774	5068
2704	4398
1180	3505
2591	3536
2775	4943
1180	3376
1692	3944
4156	4227
867	4509
2230	5094
994	1746
3884	4814
1028	1626
3366	3816
1873	3502
3582	4624
2456	4398
2490	3582
374	2311
930	4787
2416	4042
3405	3722
4201	4369
509	1322
2097	4677
1492	4970
92	3343
1180	3672
2053	2417
2438	2840
152	3116
3116	4561
448	4082
2216	3769
214	610
611	3752
963	2361
2840	5120
1322	1678
1135	4624
746	1149
5062	5095
1710	4397
1094	4274
3470	4070
1734	2904
1202	1670
241	3860
970	4206
1288	4336
542	4070
2627	4156
3474	4480
2625	2829
3827	3996
343	4554
3308	4020
3922	5101
3104	4045
357	4336
181	2593
1747	2817
1270	4960
343	3114
1684	4406
773	930
2451	4798
2755	4943
501	4656
1619	1692
859	1640
655	1024
2240	4206
1933	4035
867	4273
3114	3237
1912	3930
3646	5051
65	4156
288	3395
4859	4986
841	5026
3474	3582
901	1914
152	272
393	573
618	1838
1726	3769
1451	3273
800	3450
866	3063
1043	2438
339	460
3026	4659
1782	3113
1053	2541
2085	2289
892	2541
2391	4156
3581	5146
2099	3028
580	1671
1191	1527
961	4211
1891	3981
176	4376
187	2793
521	1056
7	5095
944	4958
1933	3116
2216	4018
1884	5068
2850	4814
31	3116
3717	4580
1404	5062
1710	4465
1270	2155
1113	1842
123	1527
1058	4001
1527	2249
1537	2346
1690	2581
272	2625
574	4201
1747	2312
3510	4580
1064	2262
28	3175
1728	2108
638	1640
1113	5042
928	930
1278	4958
2016	3303
1527	1979
1527	3995
342	2145
1213	3414
684	4156
733	3382
343	4728
1907	1958
88	187
3248	4182
896	5091
796	1727
4326	4495
3376	4325
4130	4273
1144	4156
1012	1573
67	88
2438	4734
2627	3116
1248	1671
2312	3471
2536	2887
2526	4526
1844	2040
556	5095
1555	1866
2541	5010
391	3782
1454	4419
1113	4598
2911	4156
2270	2946
1553	3988
991	1878
2616	4197
1098	3231
1684	2132
501	2092
1636	4603
2884	4958
3026	4872
1747	4078
451	2885
1415	2090
3344	4415
601	1692
2909	4827
1821	4156
339	1180
1573	3686
1532	2884
2040	4814
100	2666
3116	5027
2581	5026
630	4827
2317	3116
1912	4558
3114	4598
1187	3704
1140	3785
3442	3686
2909	3995
92	4968
1088	1492
3853	3939
1362	2534
649	4156
1120	2852
3116	3816
652	801
1370	3116
3839	4950
2984	3582
3691	4738
955	4373
1527	2490
987	1003
1404	1654
1726	3428
279	4560
1643	2625
1521	2099
987	4958
1342	3512
3116	4495
2099	3996
107	3366
985	1806
1425	5138
492	1958
299	4972
2085	4984
1504	4156
1439	3008
3116	4220
2166	3438
2099	3122
664	4509
1313	1912
1504	4968
1643	2846
1537	3190
205	3984
1314	3236
1375	3840
2752	3840
1453	3056
347	4787
146	1527
1501	2909
1415	2053
4326	4357
509	4798
2443	5068
2438	3591
1747	4070
4393	4399
1527	2133
1640	4972
10	1626
4095	4907
4356	4480
205	630
2884	2893
1527	4273
3493	4580
25	2067
2269	4859
643	3758
2593	4183
1727	1747
3116	3795
2358	2752
2713	4890
3366	3739
3116	3436
1209	4968
1747	1878
4984	5020
970	3556
573	1041
1527	1682
638	1553
89	187
593	1113
1527	3859
3116	4802
1527	3620
1024	4045
187	2531
3074	3188
1897	4815
1057	4502
2468	4984
574	3614
123	1003
4311	4492
96	4623
1549	4738
2067	4603
2797	2850
867	3056
930	4418
1295	3116
2047	2099
2438	2613
2212	4070
1524	3536
1527	2884
629	2606
621	3792
3536	3573
168	393
788	3988
2956	3497
3810	4958
3552	4302
1873	5127
1866	3866
893	4728
3571	4156
533	5120
767	2746
4874	5080
3853	5120
601	894
924	3262
1527	2264
3201	4480
1159	2145
187	3150
1836	5004
624	1732
2653	3289
1138	1461
1058	3853
2067	2584
2000	3581
4380	4925
2834	3581
704	1527
309	3007
2438	4940
1727	1734
2590	3322
2466	3309
1419	2625
730	1451
1953	4603
1302	1670
267	4156
2466	3642
926	4575
4183	4968
2511	5134
1510	1527
788	2946
879	4153
2249	3116
0	3304
4057	4156
1034	1094
1844	2299
2871	4461
3586	4156
425	3116
1067	3114
1185	3104
893	3995
866	3704
580	3924
391	1686
4791	5062
1127	4603
2653	2775
2716	3323
3274	5016
50	3923
885	2372
7	4839
1404	4752
343	3237
1952	3108
2438	4907
2312	4728
2085	4985
2199	4476
295	1873
917	4890
460	580
3810	5072
2203	3582
38	4185
4198	4702
1649	3488
364	2576
2407	5038
1505	3493
2909	3924
3104	4419
107	4171
1120	4399
1746	1996
2216	2930
2204	3377
750	2090
1253	3916
2312	3687
2946	3818
492	2845
272	288
1285	5039
1537	4130
2347	3840
717	1765
2230	3533
3116	4391
123	176
1270	3901
1395	3736
2013	2847
1185	2017
3376	3866
3864	4506
2851	4827
2410	3901
2301	3289
1093	3754
978	3153
2617	4785
1113	2026
747	2803
812	1936
2850	3839
1613	2013
4156	4924
3792	4156
1851	4526
413	4899
960	4045
3116	4457
1420	2216
965	1549
89	2803
3026	4078
861	3690
3471	5154
2216	2554
88	2203
44	3334
2799	3390
279	3512
1914	4798
153	2216
2704	5099
928	2296
2495	3758
268	3352
1227	2959
3865	4156
3686	4376
149	387
4419	4568
606	4789
2975	3539
1185	3789
1728	3104
1028	4201
1047	1588
1419	2166
2438	4376
2269	2301
1741	1844
1159	3116
3855	4198
451	1415
640	4492
2582	3344
89	2312
1415	4035
299	4934
1537	3111
1727	2892
364	3924
1461	3566
867	2852
1537	1666
1549	3687
347	4418
1775	3116
1034	2301
7	4045
1991	2833
1524	3121
123	2347
1505	2230
1127	1953
1636	4524
3984	4018
100	2212
88	4147
4156	4314
917	1734
1283	3493
542	885
2865	4623
2099	3428
132	4491
1396	3555
2241	4236
154	746
1710	2531
1866	4624
46	1549
1253	2085
2438	4764
7	4518
4206	5128
1727	1812
1537	2921
1120	1527
1202	3866
2647	5094
7	5008
1887	2053
3665	4315
2511	2541
613	2743
4156	4652
2090	2099
1549	3889
2312	5004
2458	4156
3026	3740
926	3995
2166	4580
3116	5147
926	1454
2755	4196
347	1453
1652	3231
265	5024
627	3116
1367	4306
92	1728
3999	4402
1622	2099
374	4752
4285	4286
2312	3796
213	1527
649	2241
96	2216
2750	4242
2307	2591
1165	3736
961	4907
543	1537
3489	4880
3586	5011
2210	2230
2230	3231
3443	3687
3145	4273
733	3116
1213	1549
3492	3573
2658	3008
1527	2703
3573	4357
1690	4201
2216	4130
573	3742
1666	2938
928	3853
1130	2499
299	593
1726	2713
3116	4722
1727	4081
1395	4729
1492	3533
89	4340
149	1180
58	3116
1527	3944
951	4433
1113	1734
603	1858
1028	3374
1477	4387
1113	3924
3114	5146
1692	4405
149	3295
1930	4756
2661	3428
3557	4070
829	4934
788	3995
1747	4301
4728	4880
1527	2373
696	5038
413	5004
109	4156
1438	4656
1503	4393
892	3116
2166	5024
3646	4086
2516	2919
2438	3774
4070	5159
1180	3770
3344	5138
2047	4494
703	4926
176	1991
3939	5008
924	1775
2735	3488
866	4968
3007	4067
1553	4196
1892	1934
3924	4738
1640	1782
1736	2541
1083	1527
354	738
1138	3566
374	1527
3116	5122
2385	3116
3735	4503
205	829
442	921
855	1202
1030	3247
1741	2850
1727	4242
2057	2884
930	3851
1665	2750
580	2526
339	3818
630	1180
123	3665
1136	3129
154	2842
205	4480
1243	2040
2703	3739
1156	1549
1113	1991
1489	2438
3807	4955
198	4292
74	1129
1349	4580
1261	4652
1911	1961
485	4156
2625	4448
961	2438
2099	3534
4021	4196
961	4789
4594	4728
309	3536
762	3063
144	1537
1727	3428
841	4670
3924	4729
1720	3536
2301	2880
1746	2757
96	1537
205	1135
1918	3116
2661	3421
2466	3774
855	2499
2616	4021
854	3582
1537	4201
3116	3343
1599	3008
2142	3145
1338	4197
56	4156
2269	3724
2418	3304
187	3901
374	832
1243	4183
894	2270
2031	5033
2216	3231
449	2750
3510	3690
3116	3349
574	1537
7	1037
3295	4728
2142	3724
2269	2389
910	4070
893	3536
38	4156
542	2216
2772	4872
1211	3116
2312	4844
2851	2877
4399	5051
2216	2310
187	3026
985	2185
3646	5002
1094	1933
991	1533
2863	3510
1527	3362
810	3116
664	2852
3582	4156
2014	4874
939	3497
275	550
38	4529
3377	4702
930	1248
2312	4052
501	1203
580	3518
88	3586
3116	4554
1344	1495
1692	1873
1461	2443
3582	3866
509	1455
3072	3603
2353	3488
1671	4418
630	2755
3116	3668
902	2840
3116	3574
4095	5107
4029	4201
1642	2803
1670	3056
274	1527
2695	4070
4144	4705
100	5110
17	917
1283	3163
1527	2789
2438	4823
2803	4960
2261	4823
2591	4036
2216	3959
1953	3038
393	3533
205	893
703	2438
187	2501
1250	3908
607	3810
1202	4934
701	4206
1770	5042
2269	4940
2775	4399
151	3404
2442	3424
1710	1782
1710	2739
339	4827
3556	4376
222	2438
652	1791
3116	4823
1727	2829
7	4320
1239	1727
3116	3505
1585	5080
92	4872
2486	4308
125	4558
4326	4872
1185	4711
4524	4603
729	1140
907	3209
958	3683
648	1657
1873	3143
704	924
1642	3116
3739	4376
1666	3342
4415	4702
1053	5034
2934	4163
1527	4734
4201	4268
2036	3067
100	3139
2310	2312
1190	3004
316	983
4070	5024
2270	5008
2499	3842
1527	3352
106	1909
1149	5068
2627	4728
1252	3739
566	4055
1581	1760
3114	4734
1834	4302
7	3456
2092	3116
3202	4399
1203	4640
2526	5095
595	1322
2053	4940
120	1074
1537	3393
3853	4194
3840	5032
152	651
127	3058
1063	4201
1505	4057
2541	4321
4036	4067
1873	4011
1419	2053
2426	4306
1660	4159
252	3116
1861	2311
1958	3739
4156	4685
1996	5004
2294	2894
2185	2547
1451	3825
580	4940
4376	4815
3100	4442
2361	2575
2746	3211
3116	4055
707	1961
1035	2240
2111	2361
2521	4503
288	2401
167	2270
1288	4746
1726	5107
3114	3573
4156	4172
859	3505
3493	3864
100	250
2040	2661
1991	4452
2235	3762
3061	4088
4656	4798
970	4524
4508	4972
309	1884
1089	2113
449	2797
10	3421
1022	4156
4981	5021
2731	4376
796	3488
2350	4393
928	4301
1098	1652
3160	4658
4156	4524
1966	2584
1640	4045
1089	2575
2582	2770
1527	5020
3573	4630
4902	4975
3456	3860
586	3116
1710	2729
167	4508
704	4419
1093	1461
4156	4835
2245	3866
643	664
1185	1613
96	100
970	4685
3682	4400
3433	4509
374	4580
638	3770
3422	4814
2435	5058
3188	4186
1809	2625
500	4156
460	4508
3121	3995
928	3581
613	2044
2743	3736
2362	4144
1517	1727
750	2661
3534	4156
3104	5008
2753	5120
902	3227
3210	3450
1866	4021
3930	4743
167	2803
541	1690
1051	4336
152	4495
896	3116
1159	1710
92	4580
3770	4045
3185	4787
3453	4956
3884	4156
3745	4201
4201	4815
1752	4156
1626	3298
1923	4156
1527	4156
3100	3853
3230	3616
1527	3739
1806	3385
167	1555
275	4908
1139	2755
83	272
327	3810
1345	2099
3114	3864
580	3443
1135	3994
442	1710
88	2723
343	4617
1338	2438
3941	5128
460	1838
3582	4325
1517	1537
2211	2659
2468	4791
2438	3368
1542	2840
1549	2204
684	2327
299	3687
2938	3943
1891	4482
1252	4201
7	3450
1170	3977
2492	3488
952	3585
1527	4029
3518	4481
25	5095
121	2534
859	3770
3056	4156
1467	3250
1181	3594
89	4147
1004	2108
2070	2555
1063	1834
1640	4399
221	3121
4461	4526
397	2442
1636	1884
630	4508
1781	2053
2575	3920
358	1563
1527	3231
1185	3944
611	958
2301	3724
1136	4247
2362	4183
456	4156
1037	3674
4156	4565
2904	4457
327	1178
1917	3662
581	1040
2312	2774
1604	3202
229	3920
4156	4529
120	1755
1345	2264
1733	2142
35	4156
1185	2897
4046	4814
1565	3275
1034	4070
3343	3350
1727	2591
100	4189
982	1056
4065	4156
1727	3100
187	3582
1419	3343
1045	4495
1187	3638
449	2040
1553	3202
92	440
935	2306
299	5120
1322	3409
134	187
1396	1532
2540	4640
2197	3116
788	1701
2147	4765
1524	2865
2142	3056
1762	2199
474	736
275	349
1619	4984
1812	4376
89	584
1467	5002
1873	2067
2040	2307
1527	3108
1873	2526
2374	4402
1741	3839
2755	3121
2555	3943
517	4813
1143	1221
677	1135
4110	4460
374	892
2832	3116
2459	3533
1619	5159
328	3581
4156	5062
7	1746
2810	3591
4508	4827
2801	3237
92	4664
4752	4884
2584	3295
107	885
7	264
1190	3061
443	4598
2929	4156
89	4860
4088	5079
2661	3202
1119	1692
1113	3724
652	1907
2293	4798
3860	4086
1537	3049
2438	3573
618	4986
1695	2347
1477	4417
2216	2582
2184	4968
1893	3301
1727	2417
614	4070
3376	4021
1252	1337
836	1626
3582	4860
167	2438
3999	4070
859	1286
2438	4001
3366	4171
3054	4070
1180	1604
1873	5071
4728	4960
2625	3185
1227	4638
175	3810
3231	4206
415	3436
2372	4676
893	3104
1727	3533
960	1836
585	5080
2723	4405
3350	3424
205	3582
320	1819
333	1064
1187	2621
1619	4872
443	4818
1419	4183
2468	3063
994	3116
1734	2199
3816	4972
924	2111
2293	4872
2582	3493
1613	1636
3505	4325
2909	4480
1094	3505
443	3100
3026	5095
779	1527
1665	2299
4588	5122
1164	3067
2190	4329
3674	4245
1313	2347
3405	3674
1966	3116
1227	2763
3820	4252
1652	3377
1947	4956
595	4988
406	3026
1094	3202
229	542
1255	4156
1473	1727
3116	3452
3792	4988
3121	3145
440	4804
74	4046
187	4147
649	1105
1527	3715
272	3993
1588	3498
3421	3952
921	4406
871	3322
2254	4302
222	2030
924	2374
343	5016
3044	4523
2353	4220
2269	5089
553	1074
168	5134
2438	3357
1524	3145
3056	4357
925	1503
3202	4943
214	3779
3354	4163
4156	4336
3201	4156
25	4011
3493	3999
918	5078
541	1917
570	4958
270	4369
1532	1996
288	4580
3122	3736
2293	3116
3121	3552
2216	3557
149	460
109	991
1727	4598
2241	3864
4752	4812
354	2990
3939	4088
3301	4752
829	3770
1285	4455
2921	4306
100	3395
4165	5138
1106	1549
952	3333
649	1461
3818	4480
1683	4890
1269	4495
2803	4495
1652	4433
1159	1495
1524	3512
235	1185
704	2840
2053	3959
2927	3116
1527	3202
269	2181
901	4779
445	2265
2863	3581
187	1714
584	2216
3116	4855
1863	4461
3512	3582
339	4045
343	4156
269	2090
803	1898
638	4021
92	1754
2625	3428
2490	4640
970	3901
3435	3722
3552	4123
580	747
1527	1952
886	4383
2956	3574
1527	2753
1947	4156
222	2775
2031	2183
1068	4306
879	1056
88	701
3645	4156
187	2438
581	2948
38	1527
1527	2346
35	3555
1678	4736
100	909
46	2410
3056	3121
1710	3557
92	2108
1119	3646
651	4565
487	872
333	1844
89	2716
1892	2492
1168	3116
1139	4480
1838	4598
3667	4328
622	1007
309	2584
354	1455
638	4480
3193	4156
2155	5074
1727	5091
1159	2934
1093	4905
2438	4958
2657	4122
2478	4925
1774	5067
961	1527
1534	4156
1453	4696
4880	5120
1086	3488
38	2495
449	3839
845	3202
1135	1923
1505	3105
2916	4961
2774	4206
4954	5120
3616	4110
1781	4874
268	1765
3226	3684
1180	4508
747	4045
2834	3859
1912	4874
1649	2410
621	2829
157	342
3056	4872
241	773
1338	2166
337	1135
2938	4904
521	4315
35	270
982	3397
2845	4524
1527	1958
926	2438
2991	3116
580	3536
2438	3533
1907	4250
198	2750
652	3223
481	562
16	3774
542	4201
2108	3816
1143	1451
3202	3770
618	2840
3237	4156
1720	2810
536	4941
92	176
1068	2852
2536	4872
3942	4598
2270	3056
500	2310
187	703
1527	4663
2438	5026
1751	4041
3489	4764
3483	4804
123	1119
1139	4399
4399	4508
4391	4728
460	3349
187	327
2438	4220
1064	5020
2801	3564
574	921
2108	3875
1727	2055
601	4236
1686	2747
3941	4156
1213	3959
1270	4340
1937	4523
2775	3116
937	3116
2171	3996
187	1625
279	4905
1313	3930
339	1604
2216	4810
1619	4814
1527	4186
1903	4070
3501	3770
1533	1573
2956	4693
4156	4844
1588	2661
1396	3592
2606	5095
302	1936
2706	4398
1395	3116
1505	2531
1747	4529
2547	4156
1703	4723
31	349
1701	4156
3209	4681
1581	3810
67	187
1031	4096
630	4480
3342	4452
2216	2897
354	3122
924	1185
288	2030
2965	4156
205	3505
2216	4487
2895	3510
1058	2521
492	5120
606	1185
233	4156
1068	3382
1113	4958
4156	4991
627	3552
3781	4518
4121	4201
970	2775
1873	4071
1798	4405
3116	3362
74	3428
3536	5068
633	3007
593	4399
1726	2782
3414	3739
1906	3489
3984	4042
1906	3061
3116	4502
1741	1914
2270	5079
537	1064
2958	4530
1923	2438
2372	2625
863	4958
351	3684
580	1527
1437	2362
1626	1803
973	3370
613	2361
4580	5122
630	4399
926	4152
1749	2625
1665	5020
970	2531
347	2013
2404	2708
214	2876
2704	4580
1113	4664
1287	4859
221	3505
1671	4970
1135	1139
3665	3817
1461	2230
1113	3786
3582	4603
25	1221
1425	3285
1612	3116
3116	4408
3991	4956
4201	4402
1674	5002
168	3742
1415	4691
789	2203
1626	1826
1178	3150
2031	3435
2091	4156
1866	4035
3436	4728
1640	3202
198	3116
4325	4827
1503	4127
3974	4198
829	3771
1185	2591
2053	2904
2495	3153
4171	4295
2211	4902
4670	4734
1549	4658
3603	4752
3143	4156
1461	4840
3930	4874
74	3153
3840	4174
1778	3074
4640	4814
2013	2166
25	977
2568	4384
343	2845
2716	4342
272	3497
262	4853
17	1549
299	829
4728	4750
1159	5134
1255	2185
541	4252
1932	4311
1979	3114
7	460
3744	4156
2147	4156
855	2077
1692	4968
1461	1856
4189	4502
1585	2142
730	3116
1844	2850
2133	3116
921	3860
154	1406
3601	4623
89	1202
867	1640
205	2627
613	3179
92	1144
456	4361
3	3304
448	3116
272	3313
107	4201
533	2241
1058	4274
492	1105
1527	1994
2270	3853
2013	2991
4245	4670
1626	2372
1727	4046
3582	4827
149	339
985	3754
2188	4721
1633	2030
187	1157
2166	5071
4656	4752
10	2096
214	2913
17	4496
1692	4093
803	1907
4480	5122
580	4943
743	4070
2090	5156
7	3116
959	1727
807	3433
278	5058
4165	4412
1089	2695
1834	4989
4006	4070
1455	2003
2625	2897
1328	1844
1486	3747
2658	3774
1619	3654
2952	3754
1034	4156
2438	2795
4163	5020
601	2241
912	5004
409	3860
1858	4118
1404	4509
2166	3992
4156	4943
2531	2547
3503	4153
1654	2842
2113	4455
2436	5011
1640	2946
1626	3026
886	2909
167	3818
88	1850
3376	3505
1907	2555
1159	1324
553	3493
1136	3909
1396	1996
2775	4508
2372	3582
2658	4645
1537	4654
89	2775
1524	2142
1980	2735
3489	3853
630	638
100	3352
4156	4463
1490	3382
2270	4934
1113	4144
272	2898
443	2438
2511	4563
205	4342
780	1527
120	972
1203	4798
67	1536
1028	2216
1480	2929
867	3512
3810	4317
2930	4461
930	5003
910	4458
363	4306
829	3056
2755	4325
2625	3054
19	3646
3591	4156
866	3122
928	3582
1138	4880
296	1365
3357	4156
1110	2511
1190	1314
3690	4308
4314	4461
701	5128
2443	3488
1396	1781
788	3121
2696	3889
3289	3502
1461	3061
1727	4627
153	1727
670	2181
4156	5047
2013	4448
1781	4201
2030	2114
2584	4393
354	2617
1923	2270
2723	4407
902	2421
1866	2438
1781	5004
3091	3724
3536	3988
610	3008
3736	4998
1454	1461
1185	3295
3582	4273
780	4623
2362	2499
413	5099
1404	3153
1536	4958
1686	4598
1451	2241
2877	5078
1527	3295
2142	4357
412	2975
1585	4416
100	925
333	4814
25	1549
492	1710
2142	2173
2155	2689
89	1933
4236	4560
3497	3870
1117	4750
1113	4339
1873	3853
1136	1665
4326	4623
1537	3500
585	1119
553	2703
627	2850
339	893
3201	3467
3104	3298
1113	5072
2894	4156
4274	4508
1213	3026
1089	3116
3536	3853
1514	4670
947	2438
1041	2145
1055	5012
65	867
1532	4201
613	3202
1791	2887
955	3303
2438	4186
451	3986
884	4162
1489	2931
4670	5026
169	2625
89	5154
621	2713
205	3818
221	638
92	1774
2241	3116
1897	3116
1524	1701
3747	5065
333	2090
96	181
925	2575
3493	5128
2108	2888
1202	4132
3930	4603
2404	3091
674	1113
2989	3817
357	4652
2547	4185
2814	4185
1640	3818
3488	5038
3116	3122
1671	3684
739	1951
1248	1324
2526	4711
1439	3887
808	3467
3827	3984
622	1836
2347	3486
134	413
339	3582
3114	5120
2166	3493
2085	2661
89	3368
3911	4902
1454	3853
1120	5079
601	1190
3007	3582
630	1135
1139	2438
448	3185
2625	4267
1527	4264
3700	4939
2666	3505
187	4110
788	1270
460	3754
921	2438
2099	2307
2301	2521
1727	4189
1692	4156
3028	3063
1914	4554
4814	5020
1501	4156
1555	4325
2015	2230
374	2904
2438	3007
152	3151
1148	3114
3354	3859
663	2216
1585	2537
3860	4156
2817	4156
952	4862
3831	4156
96	1499
88	884
1492	4301
2627	4480
2438	4524
3048	4156
491	1660
457	2199
2085	4640
205	3687
1287	1774
4021	4325
2265	4156
1840	2541
803	1527
272	3574
370	3116
788	3866
2845	3582
3908	4872
2216	4502
1252	4419
1056	4315
82	3738
1591	4827
2312	3591
3624	4070
1514	2031
176	319
387	2245
4464	5022
92	3874
1991	3911
1527	1599
4156	4523
3116	3620
2775	3289
1873	3581
2511	4042
852	1140
696	4201
4079	4156
272	1778
1243	2850
1930	4211
2040	4984
92	2456
2132	3742
1037	3104
1559	2242
838	1486
1934	3116
1938	4376
451	4442
1727	3789
343	4958
1553	4757
1565	3343
3103	3974
1283	1897
517	1671
89	958
1692	2593
1113	4012
3988	4617
1386	1396
309	5068
1028	3010
181	2913
1426	2829
4573	5134
961	3091
1965	2085
100	3421
2625	4512
1527	3105
349	3807
3368	4934
3357	4419
270	1836
205	2775
2301	2653
2627	4045
3456	4823
829	4196
2216	4899
1453	3536
3008	4695
893	4325
2014	4646
1107	2307
1163	3684
2627	4598
443	2755
1462	2706
3114	4560
3262	4308
92	3213
2181	2451
1322	1907
208	1527
1062	4702
3984	4404
2203	4750
970	1747
953	1213
1135	3866
4039	4329
1135	4196
3397	3942
593	2438
1139	1640
1028	1185
3056	3582
1324	2145
2199	4968
3963	4018
928	4156
3573	4480
460	613
2625	4174
848	1752
193	3736
2502	5096
922	1527
67	3586
2957	3116
1461	3501
872	3703
387	4495
1362	3293
3974	4163
3322	4001
1747	2991
544	1395
2531	4057
3995	4045
1149	3774
1640	2627
4603	4872
283	4750
1933	2803
144	4252
1034	4274
926	3231
570	944
2216	3295
1187	3428
1120	1454
893	1640
913	2934
2438	3724
109	1549
2374	3309
1979	4594
2317	4308
973	1404
593	4088
3190	4723
2934	3539
1951	5080
926	1527
448	917
149	1149
3581	3850
316	4623
1138	3237
123	3116
2040	3909
593	3512
1396	4854
3724	4940
3687	4045
1316	1373
867	2270
279	985
746	4766
4934	5008
42	2438
3104	3456
855	3116
3774	4183
1483	2438
2270	4393
2946	4273
1747	3536
2775	3853
3796	4156
1058	4889
2598	3382
1190	5146
58	4889
2090	4829
1461	3395
351	3116
88	2013
1119	1573
221	4818
1135	4399
16	2706
3104	4295
2264	3534
89	2142
1979	2799
4329	4659
4042	4802
1115	1834
2575	3924
1854	3116
1626	3717
618	4598
2867	3201
848	3262
100	3295
299	710
1527	4739
800	3946
3226	5011
387	3357
2803	3687
1322	1781
151	3048
3258	3493
1527	3947
4070	4122
1550	2216
1068	1537
3256	4675
1692	2404
2490	4360
2254	3116
38	2438
404	3116
3056	3866
789	2887
613	1553
309	1747
3847	4418
4463	4580
7	3991
2361	4207
264	925
925	4362
1283	2863
1139	1527
638	2865
1890	2216
917	3916
387	2929
2703	3304
1838	4391
2216	4198
3581	3736
205	3995
1354	3395
2576	5128
1180	4035
1806	3566
2090	2466
187	1185
710	3853
448	1812
2495	5062
270	4336
1252	4568
7	4617
1636	2584
1058	2269
1141	4554
1561	2216
3145	3201
1056	3503
2445	3901
221	4021
855	1440
92	1415
870	2617
100	3055
337	1692
829	4393
501	3116
2989	3582
1727	4836
275	573
1549	2887
3056	3939
142	1979
2738	2877
613	4972
3986	4201
2502	3442
393	4970
1113	2054
440	2108
1726	2534
2132	4560
1058	1094
2360	4156
990	1130
1248	5026
3116	4302
2261	3456
1149	4156
1720	3289
1203	1207
2616	4480
3760	4480
3247	4201
3840	4311
1726	3054
739	2124
1537	2372
1064	3974
4156	5029
2438	4598
1585	1878
829	3116
3469	4301
2598	2720
2750	4814
4598	5095
107	4874
1912	3116
1527	3536
214	2506
3810	3972
339	1979
3114	4880
651	4328
821	4156
990	3842
2389	3866
859	2268
1640	4156
1726	4637
2358	2521
1633	4787
3104	4320
2904	4580
2156	4311
3850	4186
1043	3084
89	2031
1127	3295
892	2582
879	4096
4156	4627
1527	2755
2013	2132
2653	4021
2142	3512
1218	3116
3026	4827
2934	3174
2653	2880
3944	4435
391	808
339	2755
991	1966
487	4766
4640	4701
2847	4057
2506	3404
3988	5079
4313	4405
2852	5095
1253	4950
25	1996
1907	3672
509	5120
104	1187
3116	4232
1912	5080
1135	3202
299	1866
1892	3488
3866	4156
2142	3853
4185	4455
349	4785
4399	4480
501	3414
1202	2803
1515	2216
651	4386
1622	2299
2037	3116
205	2270
2952	4509
860	4038
1159	3742
100	4130
2506	3114
123	3162
1484	2230
3116	4308
729	3289
3774	4342
443	2269
493	1119
2230	5010
1269	5107
2852	4858
3105	3344
1640	4326
601	3920
1034	5120
272	4702
1338	3738
187	4156
501	4798
2230	2609
1362	4786
1947	3453
3748	4866
455	1415
88	970
1415	2983
2775	3573
1562	3943
1504	3044
1633	3847
2216	3999
1951	3116
175	4495
1953	5120
471	2661
2709	4185
269	1914
2846	4156
221	4940
1906	5078
648	4391
953	3058
3582	4817
1435	2541
3505	3818
1549	2210
391	4259
3225	3646
866	4941
1549	4489
2171	4017
978	3116
4156	5138
3804	4070
2438	2531
1537	3366
272	4726
1045	2625
1670	1878
1181	3044
749	2850
299	3145
1088	2716
925	2777
272	362
1633	3105
67	4045
2625	5016
973	2347
1135	3687
442	4418
1278	4156
601	1132
780	4201
92	3592
215	4070
1549	4989
2216	3914
442	3185
2014	2803
2361	2755
2178	2716
4156	4401
1185	4095
2555	5091
613	1527
4086	4564
1866	3505
1032	1243
867	2173
460	1028
2190	4070
1138	4236
893	2438
474	4052
1113	4110
630	2438
1604	3116
533	3566
1268	2249
1863	3274
1674	4450
134	4481
448	1367
1980	4259
1136	4984
1626	3820
1131	4573
2657	4495
1537	1907
2627	3202
1870	3211
3625	3853
1553	2755
3959	4070
581	2040
618	1862
1028	4598
808	2360
67	2774
4201	4397
884	1483
544	1692
122	4670
2133	4185
451	2420
1841	2374
25	2015
1774	3924
1863	2147
3056	5128
1627	3533
2492	3972
991	2526
3488	4721
1666	4041
3056	5034
2216	3250
1666	2606
2185	2888
1726	1826
343	1781
89	4186
2839	4156
149	2269
542	4156
1863	3916
585	1625
746	2249
149	3505
270	357
1139	3818
269	1064
1710	4603
581	745
3864	5146
648	902
2555	3853
2851	5004
1360	1527
4176	4383
975	2706
1344	3687
1907	3770
2416	3116
1135	2142
2306	5002
3116	5058
2312	3582
1524	2438
250	1480
1313	1533
4156	4446
38	664
1147	5030
3011	5120
1344	2931
1173	2597
1031	1128
1454	2438
2312	3988
3810	4302
1185	2320
677	4156
2114	4082
3116	3189
1041	1710
3116	3975
2755	4197
3072	3116
1980	4156
2438	2658
374	2703
3344	3972
3754	3864
2541	4854
2147	2895
1315	2541
1313	1395
2770	4460
2774	5128
1134	1834
38	1068
881	3470
173	2617
896	1728
759	1626
3397	4901
173	3909
3116	4866
3100	4326
89	1173
122	3665
7	3810
125	585
2099	2181
3722	3972
1086	5146
992	1038
638	3818
2582	4858
3503	3817
205	221
852	1684
387	1058
3254	4156
168	1159
867	5008
115	1051
1527	4095
1532	2626
1781	4958
2505	3646
1180	2627
2343	4391
2989	3397
88	3116
1633	3185
960	2723
729	4789
2373	3116
1537	2626
660	1542
918	4236
4495	4934
1136	4355
2216	2670
460	3991
3594	3842
1933	2625
3536	5004
738	3116
149	4508
762	2492
1549	1649
593	3368
247	1147
2932	4306
1139	4508
2703	3116
4156	4357
815	845
2033	4156
1937	3594
1345	1844
4940	5089
2821	4156
2190	3116
2934	3175
2301	2755
1028	1207
1169	2541
1951	4201
5078	5120
961	1692
1503	3920
1710	4729
1686	1936
688	1666
393	1884
2775	3866
3116	4392
2124	3581
3145	3687
2216	3223
1113	5063
773	3199
1139	1866
269	4051
1159	4573
1966	4823
25	2000
1248	4670
4361	4376
7	3881
2142	2795
387	3853
2385	4554
449	4814
1419	4968
1537	4529
1549	3247
82	4156
1747	2555
613	3026
2809	2975
351	3686
183	2307
187	4301
1253	4308
881	3225
975	1113
1135	3512
89	4156
1734	3344
601	3747
2755	3995
3674	5026
1907	4393
3116	4356
3455	4321
2753	3941
2100	4306
1542	4752
4398	4907
31	1917
1573	1912
930	3847
3116	4545
1613	3185
3686	3924
3116	3163
2438	2609
133	3071
815	928
580	2438
892	1527
50	4554
92	2468
1650	3769
299	3939
3105	3116
581	2466
3512	3988
2755	4021
1031	3942
800	4185
1505	4958
92	457
1947	3792
2753	4052
88	3556
1550	2625
630	3201
1149	4365
893	1139
577	4343
812	3782
1727	3368
1666	3840
4382	4872
3536	4776
1770	4270
2184	2374
2269	3289
2547	4598
1710	2752
892	1505
1117	2030
1269	5011
533	3061
1710	3562
1227	3820
2617	4401
2361	3736
35	4336
222	343
1670	3582
910	2216
123	2361
1727	5038
3063	4968
1454	2801
309	4036
7	1613
67	4301
262	1113
3237	4182
2829	5096
187	2178
448	1781
630	4624
1032	4984
1362	3116
982	3665
1386	4561
550	2597
442	1453
261	1185
562	4156
205	859
601	3322
991	3840
1024	3516
1185	2417
3687	4399
4764	4956
3501	4156
3100	3502
2770	4206
1640	3866
1068	3959
3450	3581
831	1826
2142	4035
3853	4326
1503	5004
2851	3827
67	944
1897	2742
1812	2241
107	4162
1549	3244
3535	3817
633	1038
2216	4497
3116	3263
2312	4306
1665	3884
616	1504
2230	3377
509	803
1313	3379
1927	2625
3754	4220
4580	4627
3289	4508
2037	3414
2438	3687
92	3498
2625	3646
2031	4156
120	4156
613	4160
1532	3188
3116	4933
612	4693
928	5128
2111	3322
648	1119
1139	1604
16	4156
2709	4156
3505	3866
2234	2241
1781	3058
638	4508
2834	4623
89	580
1604	3995
221	2946
167	205
187	828
663	4603
2055	4376
1850	1912
7	2306
556	4380
1344	2216
611	2438
299	3853
440	3116
504	4950
1510	3687
1938	2757
1302	1774
1686	4156
2235	3412
3376	3995
580	2775
613	2490
3004	5078
1781	4812
1527	3093
4095	4961
2017	3116
443	1505
1953	2030
1064	2785
3157	3489
3008	3865
357	1119
2142	2946
2556	2724
1094	3056
2077	4752
1338	1710
4726	4970
2030	4958
2132	5134
2459	3424
294	1068
4273	4480
4012	5149
1256	3455
1149	1374
580	1453
270	5038
1701	4480
3067	4301
2185	4908
1747	2216
3924	3930
892	1654
621	2541
50	803
3116	4393
1692	5099
1110	4764
1710	4418
1492	2178
994	2506
1045	1185
1202	2810
2358	2653
832	887
2026	3116
1139	4972
991	1138
1486	4729
1527	1771
649	3887
7	3739
1132	1903
3160	4156
1232	2199
970	1037
299	3988
3827	4042
2090	4051
4070	4242
2216	2495
270	1934
893	2616
492	3501
2312	3853
3295	3774
1840	3722
175	1293
1759	4419
3201	4399
1063	2026
406	4156
2801	4156
2438	5154
7	151
4270	4955
2245	2389
2053	4521
1428	3415
504	1136
1537	3959
533	1314
1527	3810
2451	4985
1958	2845
1866	4508
1840	3674
7	1113
1360	2591
1666	3953
2438	3505
2166	4515
1139	2627
175	2438
3930	4729
1806	3564
3701	4623
3116	4402
2801	3536
742	3116
176	4362
2526	4301
3860	4533
3116	4565
630	3866
162	3516
652	4989
309	5072
4893	5155
1406	3758
339	5120
1119	2743
1774	4726
2975	3999
1665	2312
2613	3555
660	4412
387	5079
2435	2575
1893	2312
2030	3860
580	1202
2755	3984
1254	4189
133	4958
615	3223
550	5134
106	2805
299	3121
1068	5003
2829	4369
613	5004
2311	3366
2738	3952
1533	1994
1640	3121
648	1994
1094	3853
1527	2111
1588	4659
2312	4220
2090	4292
2541	3825
1110	4376
123	2755
2842	4509
3145	5008
2746	2871
2495	3344
2534	4201
2739	4872
3536	4156
2803	4480
1253	1844
3344	4500
1806	2241
3322	4274
1573	1657
952	3688
3672	4070
926	4960
866	1582
2937	4315
746	4728
3941	4035
2839	3274
2438	4082
4480	5039
944	4301
580	1451
2653	4274
2575	4393
1838	4752
1159	2132
2156	4152
1549	5032
3104	4273
3943	4398
927	3684
3555	4206
2420	3739
3974	4018
1710	4502
173	1851
3139	4156
1117	1453
3116	3923
2735	2747
4457	4702
1386	4393
1063	4070
961	1748
2511	3285
944	4793
788	4480
1064	3213
1213	4798
3236	4840
1604	4045
580	2521
3939	4273
2142	3582
3415	3582
867	2952
89	2706
1933	4045
25	3881
961	2555
2312	3677
1774	2531
2146	3201
366	1646
1728	4185
570	1499
1136	4640
3056	3492
1034	4940
1553	2616
1740	3354
208	1499
4220	4295
1633	2185
1952	4264
655	1256
2511	4956
2230	4055
1510	4343
3513	3663
1213	3740
3248	4201
1248	5068
743	1692
1726	4174
606	3456
978	2341
2851	3771
879	3503
2030	4896
1917	4163
1710	3991
2188	3442
902	1951
2713	4764
472	2142
492	1439
3692	4276
67	1483
1032	2299
652	803
187	1840
2165	3778
1527	5058
126	4042
1187	2308
896	3490
1270	2242
404	1432
379	2108
4070	4908
89	944
924	2540
2132	3038
2598	5096
100	1710
3687	4623
35	2216
1781	2362
573	1884
970	3026
2030	2965
4156	4373
1887	5095
652	1367
343	2249
3004	3620
1041	4970
92	374
7	1527
1415	4640
556	598
1527	1900
1051	2438
611	2216
970	1067
573	5134
2556	4156
788	2438
2022	3703
2653	3853
2242	5095
618	4827
4573	4970
1074	3008
2199	4070
1185	2421
309	1636
187	928
1467	3984
1627	3453
1395	3930
1367	3701
1342	5096
2262	4814
1461	3659
947	4132
1674	1989
1727	3959
2627	4399
3116	3336
3056	4934
406	1537
1466	1527
168	1324
2653	3724
3026	4455
887	2360
2541	3493
2930	3319
1185	1830
1134	2308
2031	3818
2216	3944
2959	4902
803	3104
272	803
1710	3853
574	2053
1047	3493
343	1909
1105	3845
855	1851
2922	5122
2382	4702
1492	2531
28	3555
4035	4480
1701	2438
3116	4112
3026	4301
309	5154
1067	3210
100	3859
2216	4046
1527	4637
1432	1504
3825	4156
982	4153
2234	2625
1180	3121
4051	4225
187	3256
90	553
31	4955
1213	3424
89	4524
924	1991
1770	2341
707	1159
2142	2270
1952	2269
2031	3674
1187	1632
871	2211
3275	4981
1727	2930
3209	3431
1461	3237
739	963
3116	3250
167	1701
983	1527
349	2598
3202	5128
1156	3556
1324	1636
205	1139
570	1703
763	3093
2299	3839
2108	2593
3747	4321
1180	3866
1099	1227
3116	4264
3395	4038
1254	1537
3114	4182
681	4156
1012	2511
917	2053
1836	3199
3413	3653
2363	2938
2898	2904
4301	4860
1838	2438
652	2541
1627	1947
2829	4129
630	788
650	4376
1652	3358
221	1640
2166	4521
2893	3688
7	2347
221	3853
1031	2989
2850	4640
4268	4721
610	3629
1180	4972
2420	3395
4156	4866
2502	2975
1093	1314
509	2547
25	4538
650	2216
1213	2436
1954	4156
3488	3489
1527	3390
3397	3582
2840	4301
565	2085
187	3616
3385	4560
800	2959
2312	2382
106	3552
643	3153
1466	1692
2438	4818
965	3555
269	2099
1324	4406
1585	4874
149	4480
629	4731
4400	4926
3121	3582
1747	2501
1113	2551
1678	3686
3116	4460
1250	4872
921	3847
2859	4156
4156	4393
1127	1324
991	3139
5008	5062
1726	1927
2775	4598
1524	3770
1207	3343
122	982
1415	3490
652	1254
1064	5156
3774	4365
1903	4201
2438	3405
2372	4524
2438	4460
3116	3674
35	1649
1262	1406
2169	4492
1477	4156
1747	4045
2978	4156
485	803
2803	3988
460	2775
1878	3920
3747	4726
2946	3474
3781	4306
122	3817
1348	3739
474	702
867	2142
3202	4045
1604	4972
913	1527
1302	4357
3683	3684
3202	4508
1293	2834
1477	4702
1467	4854
4088	4156
1037	3435
1396	2884
3665	4096
1532	4958
1094	2884
3	2805
89	4750
2362	3522
1994	4646
309	2917
11	4958
449	5159
339	4156
1747	3682
3984	4161
3116	3718
3771	3818
2404	2964
930	1710
1185	3503
270	4764
2681	4519
235	548
2706	4186
970	1625
1798	4702
985	3564
426	3116
38	1510
1567	3747
1386	4958
3105	4302
601	4880
780	3382
2555	3999
3116	3735
1701	4972
3995	4021
14	4220
1135	4326
393	2013
1113	3816
7	4419
527	2658
1844	5156
507	4640
660	1961
134	3518
474	4459
2843	5068
2511	3816
1527	1996
652	3735
1328	3839
104	1585
2132	4573
2438	3674
2013	3533
364	4880
972	4070
1252	1404
580	710
960	4165
1135	3189
2343	2658
440	3483
2053	4452
1640	4508
1671	4787
1113	4580
1180	1537
2307	2750
1626	3108
2268	2324
4507	4561
377	2146
336	2190
2934	4955
357	3453
1149	4508
125	541
2938	4295
1467	3175
958	4685
2438	4325
1156	2438
2892	4156
2142	2810
1806	3754
963	1227
1149	4840
3995	4480
531	4156
2555	5024
2482	3488
88	2031
703	917
2799	3116
423	4070
2817	3116
205	2438
2842	3309
3853	3866
3598	5012
1727	2178
750	2181
3665	3942
347	1671
2753	4207
3760	4156
855	3145
1774	5008
1187	3665
413	1549
1262	1891
387	5089
3505	4480
2884	4393
272	3377
3093	3116
339	638
89	3366
3581	4664
1625	1951
7	4500
198	3413
1960	4165
1494	1746
173	3516
944	3581
1185	2797
867	1553
2582	4329
4860	4970
288	4070
1733	3498
1726	3067
928	3493
2511	2713
343	3566
381	3116
4640	4984
897	3974
613	2851
3864	5120
2704	2938
1570	2389
1064	2850
50	2817
4306	4400
2755	4598
89	387
613	3121
3008	4960
272	2014
553	2272
1138	1906
926	4300
2128	3116
1665	1752
2934	4018
35	4858
299	3866
2934	3048
1626	2024
1527	2708
74	2546
1559	1674
3665	4156
593	3687
3303	3624
269	1622
352	3026
1654	2952
535	3501
917	3026
1961	4412
142	1252
2053	3687
606	1563
3974	4502
2653	4508
1527	3000
684	1527
2181	4985
1286	1313
990	3594
3237	3864
762	2593
1356	2867
1710	3992
1604	1866
2694	3691
149	638
2625	3993
961	1674
3150	3493
187	3469
504	1064
2312	4461
409	4070
886	2609
841	3674
893	1958
3055	3116
1626	4163
750	4814
624	2141
2114	3366
2591	4295
2540	4814
970	1313
89	3901
1051	2871
1625	5080
1213	2713
2593	3116
492	3116
3474	4156
1863	3827
409	2216
1395	1912
2438	4035
1243	3884
2204	3582
1028	1838
1293	2723
1701	2616
2347	2511
3488	4901
1167	2085
2625	3067
211	4201
1419	2312
3344	4529
1143	1185
2270	3488
773	3223
1692	4729
2711	3930
176	451
2755	3818
360	3116
413	1966
863	1483
643	1406
2247	3807
2584	3536
972	1873
88	4301
351	5011
2486	3002
541	924
1932	2156
1314	4070
2913	3258
7	829
1334	2230
205	387
1336	1727
1741	3309
2695	4764
265	5042
2378	3827
337	4254
3116	5086
3093	5120
866	1401
2005	4545
4746	4839
1527	2709
1453	4418
2282	3492
1734	2829
2000	2625
144	3402
2015	3999
2603	4070
580	893
1273	1527
3004	3489
807	4620
2244	2934
759	2216
7	4565
2486	2490
1138	5078
339	443
275	3116
3382	3859
4950	4984
3114	4549
187	1688
1714	2867
457	4580
2054	3116
947	4088
3116	4178
2299	2797
2492	3489
2889	3456
3469	3851
302	3782
1110	1947
1674	2242
3397	3503
3405	5026
7	3699
88	5154
406	4130
1755	3857
2239	4815
1670	4357
1113	2133
272	4461
149	2946
3959	4400
1859	4376
140	1636
1834	2829
893	1051
100	4402
3770	4156
4311	4524
1190	5078
859	4575
970	4787
3860	4418
4361	4867
848	3343
3179	4045
4488	4554
1640	3201
638	2946
3505	4156
1105	3887
193	1420
1365	1652
3510	4308
4495	5008
1938	3275
527	4302
771	3116
173	4458
892	4580
205	3116
1037	3810
2989	3942
2547	4907
4163	4502
4415	4529
377	841
1640	2142
2499	3044
2014	4729
3116	4207
3116	4985
892	1113
1747	3038
1961	4702
2946	3672
342	5134
2952	3116
1856	2241
1622	3582
1873	4301
3116	4785
716	4152
1979	4192
1203	3116
4022	4070
3026	4620
1202	1640
1415	1521
46	1156
1313	1658
1505	1861
3450	3810
928	1536
886	4970
991	2417
2018	4872
1286	5079
3624	4163
569	2362
800	3163
17	4827
2241	3004
580	4378
198	910
1438	2181
1732	3562
1802	4156
2574	4088
237	4758
2270	3866
750	2606
867	1338
1537	2709
829	4130
35	2938
4156	4186
910	1727
2575	2743
1466	3924
146	4156
1892	2838
1907	2216
1270	2708
371	4042
1923	3121
221	1553
2657	4376
866	983
928	1492
3116	3320
3493	3853
1031	1056
621	3464
963	3116
1102	3827
1451	1703
1553	4197
622	2511
2865	4156
1185	1544
926	5120
90	349
1389	2310
648	1248
1113	5128
2350	4156
1692	3353
3501	4560
1954	4538
1726	3165
2216	3004
1270	3121
1701	1994
3056	4132
2312	5008
1582	3122
4059	4501
855	4399
2555	5051
1140	1185
1270	2216
2216	5091
2347	3116
88	1703
1604	3818
773	3747
28	4752
925	3390
1938	4252
368	3581
3237	4880
1527	4450
187	413
3424	3881
2362	4506
4295	5154
1003	4086
3315	3690
1375	4765
762	3116
4156	4986
584	1692
1746	3008
640	3116
4070	4675
3497	4156
1649	2438
630	1553
1135	1180
3390	4433
1527	4627
1760	3488
4728	4791
892	2704
1527	4183
3914	4302
269	2797
2570	2704
1149	1270
262	1516
2398	4201
829	2142
601	985
460	3443
2803	3368
1032	3428
1878	5120
638	1866
3084	5010
89	3435
1248	4448
418	1291
3760	3939
1710	3865
205	2934
1356	5127
1553	3376
1710	3901
2810	4357
2695	3581
3687	4301
1113	1728
2245	3735
4480	5008
2616	4972
100	3464
2654	3488
926	3531
3231	4340
1454	1933
3116	3651
2616	3376
2142	4273
357	4764
2152	4274
573	2132
2230	4197
1185	1873
2694	4623
89	970
3010	3116
74	2040
855	1302
1514	4245
3646	5091
2616	4399
2216	4402
2270	3145
2541	2598
1438	1907
365	1527
47	4664
4729	5080
1670	2142
123	2616
1599	3116
3866	4624
1107	2311
3974	4308
1527	3730
649	3114
222	4295
151	3116
1654	4561
1147	2347
2312	3781
2108	3192
1553	4508
187	4295
2199	3192
1286	1553
2704	3072
3007	4524
925	4417
3704	4702
3627	4156
1727	5071
1283	4156
3382	4311
1190	4549
3415	4156
1760	2492
406	1923
3742	4406
241	3991
3608	4356
2689	4400
1490	3901
1604	1979
487	3042
205	1604
1533	3493
1692	2361
1533	1695
89	4940
3116	3493
810	2704
3202	4196
1386	5062
1068	2598
2808	4406
958	4201
3322	4859
2946	3121
2458	4750
279	3114
2014	5149
1966	4837
151	4045
3769	3840
1242	1903
3536	4162
2670	3116
2704	4059
3368	4156
3614	3881
1958	4156
2026	4530
812	4598
1844	5020
2312	4675
3103	3909
2661	4326
3453	4336
2312	2353
2492	3116
1036	4211
3512	4301
4156	4624
1295	1752
472	5008
4156	4507
1119	3840
630	3818
3072	3943
149	3116
606	1782
533	4153
7	65
2031	4245
354	3421
2877	3237
2850	3153
38	5004
3747	5115
3866	4357
107	351
920	4573
2269	4986
1404	1406
1389	4620
754	4677
1897	5155
1986	4266
122	4598
3995	4393
2747	4007
100	4242
2272	3492
1762	2456
1710	3745
2264	4491
376	3536
1202	4088
1527	1953
1834	4945
1064	2040
349	2341
205	4156
3000	4250
2635	4405
34	2755
377	3754
1056	3817
879	982
3116	3614
2056	2999
3939	4399
1302	2142
1666	2216
2618	3489
807	1527
1041	4156
4036	4711
1419	4872
3810	4048
1527	5004
442	4156
4588	4989
1968	4580
1439	1976
1401	3704
3116	4817
28	580
173	2324
4156	4519
1752	4785
3153	5020
1727	1933
92	1665
270	1110
879	3665
1034	3289
1510	3116
2501	4939
2511	4035
931	1991
7	1533
2013	3851
2755	3724
1302	3582
2653	4940
2142	3939
2389	3859
3771	4156
1501	2216
67	2613
3026	3413
2178	4070
2750	3839
4711	5004
1035	4156
50	3862
1640	4943
88	4685
440	1972
1991	4139
3663	4156
2617	4968
1028	3157
1710	4116
2443	4156
921	2030
0	4315
1135	5095
1261	2506
1873	4695
19	1064
2541	3358
1138	3061
205	788
1958	3171
3582	3771
1086	1643
746	2495
1313	2249
1856	3114
17	4254
1187	4163
1105	3183
2703	4580
2795	4156
1746	1938
1420	3677
651	3615
342	1313
2892	3343
970	3201
3415	4752
1113	3453
3056	3752
1727	1748
2090	2797
107	789
1322	4988
1324	1684
738	4459
4156	4827
1089	4185
2282	3573
88	4156
1527	4941
142	1727
222	4711
149	1058
3739	4279
1953	4045
1041	3742
2852	3758
1774	4252
2782	4750
939	3058
3109	3428
1454	3093
4529	4872
1168	1836
1024	4720
2230	3924
1431	2247
3505	4196
762	1740
1527	4227
1703	3582
279	3564
2478	3960
3894	4095
2713	4588
917	4907
74	3704
3143	3455
1527	2890
509	4306
1884	4970
1492	2185
3116	4889
897	3774
4325	4399
2013	3415
2353	2492
2216	3533
660	1932
3503	4315
272	1527
7	5107
1778	2823
35	4764
4002	4702
2871	4956
1734	2404
215	3275
1979	4958
7	4295
653	2685
4112	4156
3866	4508
65	3758
1908	4086
1113	4028
533	1454
3116	3539
100	1419
2526	2789
343	3870
917	4156
122	1874
1553	2173
193	2887
517	2030
3105	5047
3818	4508
153	4511
3116	3486
2269	2653
1438	4798
125	1313
1341	2704
377	1728
149	2627
2150	3116
866	3665
1866	3818
205	1313
2909	3275
4065	4095
455	3488
272	1505
2085	3940
750	4139
92	2593
3114	3385
580	2269
1505	4122
1527	4042
1954	3116
3489	3566
2746	4702
3116	4306
2723	3116
4383	4714
279	288
89	3722
1573	4646
1396	5004
92	3952
664	2495
3450	3943
387	4986
1328	1527
1128	3665
893	5096
2361	2799
1625	4970
187	5010
2312	2526
975	3972
1604	4480
2173	3866
2851	3581
247	1692
2706	2743
1094	3939
1409	5095
1534	4036
2438	4728
1741	2299
1288	4750
272	1630
1314	4880
229	3450
3157	4079
2438	3453
1131	3116
1020	3063
394	4958
3497	4011
46	3646
580	2810
443	4035
3231	3663
1726	3350
1483	3469
1113	2310
2013	2845
570	3435
3116	3859
926	5095
343	3199
881	1559
1873	3004
1034	4859
1903	2216
3476	4012
269	2085
3988	4757
1286	2142
1626	3115
638	4156
2575	4766
3991	4594
3505	3582
855	3011
3145	3591
412	4201
2195	4051
2495	4509
89	1440
387	3091
1710	5134
302	2735
2040	3103
859	4943
3116	4710
509	2438
2270	3201
4156	4549
664	746
2013	4787
288	1727
613	1386
3870	5120
4057	4147
3104	3810
638	4196
829	2616
2850	5159
3104	3722
1348	4321
221	3376
3591	4301
89	2575
973	4970
387	580
221	2755
780	3026
3984	4011
1461	5078
366	3493
1089	3662
100	1322
1626	3067
2661	4500
1866	4670
1619	1844
1453	1671
1093	1190
750	4985
3368	4480
205	4021
587	1527
241	2501
3489	5078
2534	2656
299	3368
1514	3674
4132	4786
429	2661
982	4156
2031	3722
67	4460
92	1536
1135	1701
205	3376
1420	3104
4989	5096
1068	1503
3512	3866
1527	1781
28	1396
205	2755
187	1747
652	1227
1187	2100
1553	3505
3847	3860
3116	4354
500	1037
897	5062
574	917
2404	3227
1747	4461
1314	4905
205	4399
2625	3810
1892	3058
1873	4046
214	2593
3116	3585
2829	4738
1740	2492
1834	5122
854	4156
2216	2607
2438	3376
398	2204
3390	3687
773	3488
2582	2658
2389	3995
1324	1884
3859	4156
1348	4859
1703	2438
1996	3093
652	2814
643	1404
750	3839
100	1113
1203	3414
2975	4156
1710	2704
2090	3845
1269	4086
2312	5080
3939	4301
3586	4295
696	3488
3145	4147
2438	4021
1058	4940
613	4393
269	4814
789	5011
1527	3343
2312	2499
3855	4785
1891	2418
1492	2547
1057	4458
930	1453
749	2938
1726	2358
1168	4702
927	3683
4302	4538
35	2746
1489	2704
1991	3497
2801	4560
3754	5128
2946	4972
123	4827
1670	3988
927	4156
299	3100
357	1110
660	4492
1844	4292
2312	3424
2185	3533
3939	4274
2230	4726
1533	3765
1135	4943
121	4343
999	4252
374	1113
2840	3736
581	3352
961	2204
25	2374
836	2934
664	3758
3413	4943
970	3591
535	621
1917	3489
1549	2362
1454	5008
393	921
2459	3603
7	2438
2881	3794
1248	4245
1202	3056
88	2053
788	4273
1395	5080
2166	3853
299	2934
1830	2511
3754	4509
886	5068
2706	4156
391	4630
343	1043
652	1462
2852	3104
3343	3802
1454	3754
3486	3999
896	4461
3677	4201
664	5062
2374	3116
3566	4905
2661	2797
1782	3866
31	132
4036	5038
302	4315
1844	4950
2013	2959
2735	4315
2755	4827
1190	4236
1527	2616
3104	4311
1555	1588
2438	2871
990	1181
1453	4685
1322	1914
2245	4480
272	4580
3414	4381
4152	4905
2241	4905
1533	1537
3840	4627
1619	2362
3770	4972
2239	2362
3121	3988
4603	4711
1506	2085
3116	4989
1504	1527
1227	3118
2166	3592
858	3116
2653	4818
2199	4789
2070	2216
2438	3870
3026	4943
2199	4580
1559	3646
366	4908
3687	4088
1891	5155
2203	3056
1747	4295
2946	4508
1671	2030
1093	3061
3859	4872
606	3116
1093	2877
2847	3796
302	812
926	3105
4156	4817
3827	3958
634	1966
4201	4255
215	2541
1643	2216
3839	5020
364	2438
994	2053
198	1455
3084	5096
387	2775
1863	4042
1149	2755
1619	4201
2312	2521
1094	4480
855	1524
1626	4430
58	1113
2627	2755
1256	3901
1313	3116
1710	2327
187	4481
1453	2185
1322	4515
1980	3582
3866	4196
3582	3722
67	3493
3840	3941
958	4361
712	3116
2347	4001
1791	2216
2704	5024
1527	3433
684	866
1527	2957
1537	1643
1710	2067
955	3582
472	4495
1527	3502
269	1214
1990	2108
2438	3988
2865	3771
7	664
664	1135
3105	4565
961	3165
2017	4859
2099	4656
2694	3646
991	4940
265	2535
1203	4121
991	3889
991	4823
1139	2451
1056	4153
1752	4968
1553	4480
1527	1640
3663	4302
3754	4156
509	4336
2877	3026
2468	3336
1747	2625
3322	4985
638	1555
962	2241
460	1862
443	4156
2438	3875
1185	1730
485	1907
203	2456
1286	4480
1344	2435
299	2775
1041	1884
1313	2541
1202	3368
651	668
2675	4183
1164	2817
2305	3103
1533	2216
2203	5096
1610	4183
2797	4814
472	1524
3993	4201
1527	4889
1741	2750
867	1604
930	1671
17	4048
3376	3818
3995	4325
2024	3116
1202	3853
2842	2852
160	4070
1136	2468
88	4365
613	1068
343	2840
1527	2710
317	4156
1455	3116
387	1979
2555	4380
486	3116
2142	4130
1324	1710
1450	3582
176	2466
1475	3464
448	574
3450	4118
181	214
1710	4646
3344	5047
773	4701
3116	4039
3539	3552
2083	3309
2301	2865
4245	4970
1370	1527
3114	3501
3116	4156
3818	4670
4156	4934
2092	4798
28	928
3127	5095
1113	1536
829	1202
2347	4729
1726	1903
1064	2099
1328	3116
1533	4646
1900	2894
67	863
1062	4328
333	4640
167	1553
3366	4702
2240	2241
74	1134
1749	2216
2919	3116
339	2627
4156	4772
3042	4482
3116	5032
1313	2124
3105	5138
3262	3855
870	1582
1099	1191
1202	3988
1437	4558
89	815
1549	2438
3875	4156
1119	1147
466	3116
975	5095
963	5004
1907	5120
343	1461
1057	3262
750	1844
1428	5128
149	1553
1917	2492
2249	2438
2438	3747
4165	4960
2099	4051
864	3116
1178	2147
2145	3533
2724	3700
393	5043
553	4580
3574	4701
486	2497
3582	4393
1036	1930
2797	3581
1844	3428
1120	3382
3072	4907
4156	4197
1370	4156
3422	3839
1135	1302
2938	5048
855	2865
2142	3368
2582	3810
1138	2241
1961	4311
3116	4955
831	3116
1113	4059
2541	4561
2850	3116
7	4374
134	4301
500	2991
2511	3758
1063	1727
2199	2593
3941	4561
4417	5101
750	2099
1527	5080
221	1094
2653	4859
2839	3296
3942	4096
1626	2938
1314	1801
1688	4048
4480	4943
917	1386
1045	2142
2216	4627
413	3774
3853	4070
920	1770
2360	3201
1138	3114
1064	1152
3566	3864
241	962
763	4858
606	2404
125	1585
16	1291
237	4968
4418	4970
3471	4907
3322	3984
1834	3539
327	4156
1286	2451
2417	4580
3067	3493
859	3295
448	2713
3687	3731
14	2353
1037	5026
859	4035
122	2989
374	4059
819	1338
1527	2666
1670	3368
925	4011
1549	1836
3742	5134
241	4156
486	3185
4329	4815
471	1291
3395	4201
1521	3922
606	3343
4361	4872
1482	2650
593	4934
17	4156
309	2991
960	5004
4399	4972
611	1536
1313	2577
1041	4406
118	3747
3981	4939
1467	4588
3104	4538
1365	1527
3405	3435
2877	5155
1213	2438
543	4968
272	2829
283	1746
553	4524
1774	2142
1043	2204
1834	2456
1453	3847
1727	4526
187	1627
1582	2181
205	3489
339	4818
1665	3592
1113	1533
1537	2713
176	3743
3995	4943
343	5071
750	1214
460	3026
492	4509
3256	3889
3754	4236
2312	3154
3450	4398
773	1012
1055	3116
1527	2190
2270	4326
2799	4981
3044	3116
803	2037
2737	3116
860	3769
2991	3674
803	2887
3116	3244
629	4872
2845	5120
983	1692
1313	4646
2216	2738
1187	1924
374	2362
3247	4155
100	4789
4884	4989
2203	4756
2850	4984
1873	2398
3789	4201
1671	3536
1248	2178
1187	1276
4196	4399
3100	3941
3199	4201
349	1734
848	4785
387	4526
803	1438
1727	2834
3571	4802
2360	4259
100	703
89	2582
2142	4326
1671	3970
894	4405
3984	4365
302	4598
2040	4404
2877	4779
803	4798
268	3764
1051	4764
3390	4295
1168	1173
4702	4971
11	3958
1692	3908
580	1286
959	4580
893	1454
2459	2817
1101	3488
621	1132
2938	3853
1732	3304
2234	4580
1472	4156
1527	1622
1227	1291
1958	2015
2624	4308
50	1322
3104	4844
1755	5014
2661	4640
1028	2606
1154	4814
1270	4480
1549	2312
1119	3486
1771	2755
584	4580
1074	4376
1563	2199
2149	2442
504	750
2582	4156
2216	2829
21	2053
801	2404
374	3735
4129	4738
168	342
913	3116
926	3104
173	381
187	2991
754	2097
991	5004
241	2685
187	3672
2438	4685
1781	4926
2616	4508
2142	3988
1030	4070
2946	3770
89	2178
347	3860
2166	4361
221	4480
1549	2704
3145	4156
3816	5122
309	4152
347	2843
1851	1861
2991	3405
985	2801
1640	2389
175	1461
521	3942
1840	4696
1138	2877
1117	3847
2746	3822
455	2382
1113	1627
3116	3368
89	4685
1451	3116
3818	4325
4011	4405
347	517
1214	2378
610	2593
2989	4153
2653	3322
279	5146
3857	4070
1477	5020
122	879
92	121
172	4129
1565	3116
1649	4450
3404	3984
2899	4702
953	2443
272	1484
460	1031
3042	4194
1840	4201
2609	3056
4156	4405
221	4156
1897	5149
550	3953
349	4580
0	2753
3687	4480
89	829
247	349
168	2145
3493	4301
175	4981
4670	5079
3659	4458
1213	1285
133	707
2917	4036
2753	2805
2284	4405
1119	1873
125	4729
4369	4764
299	1642
2801	3236
2142	2438
3145	4295
4433	5008
961	3116
2888	3747
1626	2797
1924	4093
1994	4156
1626	2398
2625	4110
4603	5004
4022	4908
149	4399
391	3582
630	4325
7	3435
3344	3586
1165	2719
736	4045
493	1573
763	3924
1537	3165
3860	4837
1537	4836
1994	3994
3573	4132
3274	4052
854	1243
3646	4129
2934	4306
1938	4095
652	3072
1782	3202
123	1113
2178	2531
343	4960
3091	4859
3862	4201
703	1549
550	553
2099	4177
1338	4096
1710	2185
4195	4814
2653	2755
1521	4872
2685	4201
2013	2410
4336	5096
972	3581
516	3382
866	2108
947	2142
867	3924
1916	4156
89	4357
3653	4623
829	4480
1747	4336
1461	4560
1180	4943
1746	2361
167	4196
2625	4130
788	867
3533	4245
1844	4814
829	2270
828	2555
747	4711
922	1173
4232	4561
2775	3582
2591	4156
3646	4883
1692	4172
259	581
1604	2438
1778	3739
3533	4418
279	2801
1127	3536
1537	4521
122	4153
349	4955
2254	3492
630	2270
492	2013
4627	4872
1243	2299
2451	3687
3116	3262
3289	3724
550	573
747	1642
1537	4282
2541	2752
1996	3116
2270	4399
859	2775
2613	4156
1255	2531
337	4940
3354	3390
1917	2507
3807	4270
784	3295
1136	1415
468	4156
2034	2241
3864	4880
1167	1438
2724	4695
3582	3865
909	4872
2108	4580
1505	4301
3116	3344
1906	4880
3116	4450
1477	3116
1626	2934
1324	3533
1356	1537
1185	2670
1844	3884
214	1958
1527	2777
3322	4059
2181	2385
393	2132
3842	4523
1657	4458
2216	3054
14	4156
364	4981
533	4236
747	2591
4524	4685
517	921
1409	1747
855	2142
339	1862
1950	3603
912	4711
92	4070
1180	1640
3991	4295
342	1884
1185	1426
193	1692
4306	5120
2763	3382
3789	4526
5026	5063
1037	2438
462	1527
1058	2653
854	3377
35	2511
1834	2975
1746	2239
2694	4738
3116	4373
4156	4905
2282	3770
3991	3999
630	4273
3840	4035
2616	2627
3413	4670
2133	2750
2706	3179
2216	3502
1135	1524
2653	4827
1438	1914
4196	4827
1991	3413
2619	2753
3930	4558
149	1139
2085	2750
3745	5016
533	3237
7	4538
4326	5128
924	4183
7	1036
2482	4743
2311	2625
4153	4315
2490	3116
1028	3920
3459	4156
2053	4242
2016	4373
1636	2609
1404	3309
3501	5146
613	3352
2308	3539
2372	3620
3488	3581
1527	2458
4057	4070
1187	2040
1477	1504
3116	4798
2753	4991
3121	4357
580	1440
1489	3582
1863	3940
3116	3740
272	2851
3358	4433
1068	1654
1467	5147
1553	2775
2013	3860
3121	5008
74	1686
3044	4156
924	4095
472	3988
187	4750
2708	4329
1553	2852
2535	3342
250	3788
879	1031
7	584
978	2438
460	704
901	4192
1187	4292
1045	2216
613	896
1692	1781
1147	3930
2658	3301
1613	5003
1912	3046
1395	1527
533	4880
4156	4922
455	2070
2506	3573
2934	3847
973	1043
1508	1809
2625	3959
1537	5120
1028	3581
1467	3581
3566	4236
2216	3789
622	1062
4361	4523
4086	4693
475	4201
1517	2216
2053	3116
4321	4361
302	391
3512	4934
2809	4530
2312	4529
474	2623
2099	3048
1338	2245
762	4580
4042	4052
2774	4156
1727	4198
2750	3153
975	1726
664	1068
885	2000
1113	3150
1505	3469
2625	4908
2169	4412
2904	3739
2616	3770
2845	5072
709	3116
829	4624
1907	2959
613	2210
1836	2505
2438	4326
1728	1938
3116	3920
1128	4901
1755	1790
339	3866
931	4989
1113	4815
897	3354
1692	3735
2526	3646
1038	2183
3114	4197
2568	4220
4021	5051
96	448
1203	1438
613	1640
4728	5008
14	4022
788	2142
451	738
2588	3359
3289	3322
196	3116
3566	4696
364	2894
3114	3564
493	1533
1207	1914
1549	2789
601	4182
4196	4972
3179	3582
1701	3121
3450	4487
4326	4399
3104	3944
1658	4696
836	3653
1190	1461
221	3202
1524	4934
1862	2775
2022	3497
1727	4529
4943	4981
1781	3687
1088	4057
89	4670
244	3649
973	1453
1734	2108
2030	3851
1527	4533
1524	4357
912	5038
425	4958
1597	2990
1375	4156
2658	4728
2934	5127
2085	2850
1356	1690
1365	2077
460	4156
960	4400
3201	3939
4156	4960
215	2053
1119	3930
500	1747
109	3256
4406	4970
2616	4827
1180	2755
2625	3687
1439	4697
3616	5010
343	2015
337	4326
2312	2438
3662	4519
4855	5043
4070	4268
1671	2132
1775	2199
7	4435
622	3901
1354	1527
2090	2850
1878	2492
1527	3309
1727	2709
1129	3116
1527	2254
315	1276
3116	3663
100	1562
1873	4380
2438	4779
4156	4295
460	638
1106	2053
3704	4766
4393	5008
1771	5122
71	2934
3774	4156
4236	4905
1862	2575
1148	1420
4495	4940
2166	5159
181	610
1138	4306
1480	4313
149	221
2547	5030
71	1821
907	3116
269	1521
3116	3845
25	492
3573	4943
2917	4156
1836	1948
272	3493
362	2541
3810	5120
1588	2616
1527	2975
1105	1439
829	1640
742	4070
2438	2706
2438	3202
812	2735
1354	3382
3163	4752
2495	3104
1415	2516
3942	4153
1537	5027
1461	1542
970	1094
1774	2582
1747	3586
3536	3557
364	1488
132	153
973	4588
3104	3395
1953	4156
1164	4121
1527	4729
1549	4649
1119	4970
2199	3491
1692	1968
299	1640
472	1135
2746	4336
4156	4560
2750	3116
3116	4313
2490	3923
3817	4901
1243	1692
866	1207
2312	2930
3105	4435
3352	3404
1119	4011
3116	4594
892	3304
1093	2308
3236	3840
2704	3840
2108	2904
7	3789
614	3114
3769	4779
7	4844
4267	4342
3104	5004
2249	4048
3646	3677
1003	1559
1626	2534
1923	5120
1094	1113
2142	2451
1873	4340
149	1701
67	1791
3916	4798
1242	4156
1622	2307
3289	4940
4039	4417
2254	3201
1432	4502
227	3116
2713	2834
570	4156
1185	2526
1494	4201
3223	5038
393	4573
931	5072
67	3226
550	1884
1483	3582
1958	2495
1527	2310
921	4301
944	1067
89	1483
3493	3739
2438	3104
213	462
1991	2317
2438	2627
573	3533
4376	5065
1537	2581
153	2407
3760	4874
750	1253
149	3853
893	5004
196	2133
1149	4598
1903	2555
462	3116
983	4183
354	4404
3942	4156
928	2031
982	4315
2306	3646
442	1633
3566	5078
574	1549
221	2269
50	198
3366	5107
613	3770
1653	4156
2810	5008
393	3742
122	4156
3501	4508
3354	3810
2438	4603
973	1094
1185	1341
759	4070
2036	4156
89	655
3736	3901
4776	5120
250	4789
2625	4046
944	3210
630	4088
1912	4156
247	3174
930	3860
492	5072
1409	1958
345	1527
269	2324
1223	4201
333	2750
2466	4814
580	2803
570	1958
92	3192
1180	3818
2575	5004
818	1692
35	357
2270	4273
4405	4702
1338	1527
2438	2845
88	1067
2541	3470
866	4766
2099	2661
583	2195
5016	5120
1185	2534
628	1415
1873	5095
1202	4943
268	1286
902	4702
343	2111
3853	4943
1254	3646
1781	2893
5078	5146
1248	2030
517	3116
750	3428
1135	2410
413	1156
1185	2538
2173	3201
3442	5072
1836	3093
3322	4940
1037	3972
387	3984
921	5068
1524	1640
580	3114
394	4523
570	4070
1588	4035
3004	4156
2132	4970
1361	4156
299	4872
651	2682
1276	3116
1585	3116
4156	4189
1504	4308
893	2840
2704	4457
921	1671
2216	2358
701	2613
2666	3536
2438	2582
1338	5008
1510	3581
1113	1227
2053	4369
1409	2326
221	387
1994	4391
573	4406
1386	2506
638	3505
1505	3941
1136	3974
1733	3116
1287	4872
362	2216
813	1626
406	1024
125	5080
269	4225
3104	3758
3116	4954
2212	3343
2230	2777
553	1746
2613	4206
1521	2513
3160	4821
836	4156
269	5156
2456	4793
2108	4664
1660	4491
4405	4646
4156	4201
2146	4156
2747	4156
1324	5043
343	3175
1727	4908
1573	4028
643	2495
879	1128
14	958
3327	3703
2181	3654
221	1180
1338	2948
4480	4972
3104	4415
449	4985
3754	4905
907	1030
1821	3116
1088	2547
3293	4702
2015	3984
2451	3853
1663	2541
3677	4070
149	3376
3002	4156
343	3421
924	1113
879	4315
31	2492
2145	5134
885	2625
3988	4399
747	3687
3114	4670
2090	2750
3116	4721
229	4295
1185	1330
550	2975
2074	4024
973	2478
4036	5128
4156	5080
1746	2320
896	2606
3939	4357
269	4984
1113	2077
3308	4302
2555	3520
610	4059
1982	3116
149	205
1062	4417
1527	2537
1185	1597
701	4201
451	3769
779	1537
3860	4823
2391	2739
3505	4943
1938	2909
42	648
154	664
2299	5159
1286	2775
1322	3810
1821	2704
1727	2065
475	3991
1901	5115
1844	2661
1553	3866
71	4764
7	4530
3827	4802
509	3739
663	1727
863	4206
1733	2199
925	1873
1505	4059
1128	3503
1254	1727
149	3724
961	1734
2735	4598
1741	2763
963	4334
3582	4399
1537	2923
1555	3866
1270	5062
1588	4021
3535	4315
2199	2296
2716	3518
1461	4880
349	1911
259	3357
606	4695
2521	2653
1588	3866
556	4071
406	1213
2616	4624
272	3735
2190	4306
1573	2188
3646	4738
1127	4951
3104	5095
1192	2486
2616	2755
867	4480
3051	3116
7	4556
1863	2312
3781	4729
443	4154
1064	4950
701	4943
347	3185
2299	3592
829	3368
1121	2511
1588	4197
221	1866
1185	1549
2199	3206
1287	1613
3273	4156
5011	5107
2823	3116
146	4365
1640	2755
1553	1701
982	1031
1866	3056
580	3853
2312	5120
2575	2799
2746	4727
580	1642
750	1741
92	4038
3970	4524
154	3153
1566	4302
2838	3058
17	1734
1752	4458
3274	4156
2582	3581
2327	3026
1053	1938
4156	4490
2312	3586
2373	4398
2199	2723
3074	3436
3116	3677
1426	4738
3414	4752
4357	4399
2874	3116
67	3390
2803	3344
2627	3754
973	3382
1461	3564
406	5008
302	2360
3736	4518
1727	3493
3677	5155
1134	1527
1203	1907
302	4156
3385	3754
279	2152
580	4859
1834	3513
3453	4764
3061	3754
275	1737
3810	4594
2053	2212
67	89
2507	3653
227	1530
652	4361
58	4729
1053	1269
1524	3853
975	2625
910	2757
2382	2535
472	593
272	2738
2627	3505
205	4943
2526	5120
660	707
89	1037
2053	4926
4308	4697
1313	1585
2658	3724
1178	2204
860	1364
2056	3254
67	1484
1190	3114
1951	4904
17	2863
256	4156
1269	3226
854	2466
1037	3405
1573	3736
961	2404
1454	4156
1703	2884
1542	4406
543	1167
1149	4461
1537	3520
4399	4943
2801	3385
1504	4163
3988	4156
265	2341
4308	4941
1938	2625
2030	3038
580	4156
1503	4649
1727	2106
638	2438
1966	2363
4282	4383
1028	3293
2704	3068
2541	2860
3344	3354
1185	1533
1136	2085
3582	3738
635	3116
272	3366
3131	3174
1503	2438
1505	2420
1759	4156
2096	3789
4594	5062
4012	4573
1270	4197
2141	3988
613	1563
1227	1273
3770	4399
1844	4968
1252	2438
928	2526
387	3289
3105	3435
3054	3730
556	3601
4156	4226
773	3562
1451	2793
132	1657
4156	4638
471	2037
1604	2810
3237	3566
175	893
1313	4529
1710	2092
2516	4814
4958	5120
4045	4818
448	2731
1726	3071
149	3289
2770	3672
1625	3731
2746	4376
398	1178
92	509
2724	3116
121	2656
3582	5147
3304	4752
909	4156
4156	4614
3122	4139
773	4369
19	2199
1185	3717
1917	4156
2653	4432
1891	2141
1185	1517
1585	2347
742	3343
960	1527
3116	3996
2310	2847
1527	3614
2889	4837
1344	3116
3285	4156
333	2040
952	4048
2850	3977
1432	1527
283	1213
2436	4206
1313	1573
2946	4325
2261	3860
1912	4416
1490	1527
3582	4196
3116	3786
541	2327
1454	2270
759	4253
57	4156
122	3942
2723	3250
1328	4814
1253	1741
2531	3533
2948	4954
1419	2216
2763	4702
17	3735
89	5004
2183	3450
7	90
1227	1781
3368	3536
376	1893
1774	2763
853	3488
168	4406
762	1527
649	1856
4236	5078
2990	3116
309	2609
803	3414
1435	1891
17	4563
2511	4039
17	3116
302	4259
4059	4365
1038	2054
2216	2892
2216	2860
2241	4880
3574	3810
394	1130
1221	1420
1527	1948
553	2108
349	920
553	1505
320	2149
1348	2478
613	3853
269	612
3770	3818
2216	4711
1484	2938
2568	4156
92	1113
2803	3944
2893	5107
162	1098
747	2438
893	3202
1527	3573
1045	1727
2711	3382
1527	4342
3789	4070
250	2931
1136	4217
925	2541
2743	3116
2934	4334
2865	4872
1671	4156
601	4114
0	4991
1428	4156
74	4401
2350	3730
1313	4558
1670	3145
3319	4752
4236	4696
1897	3972
89	947
704	3116
611	2511
1032	1064
1549	2625
1826	3428
205	4393
122	3503
4381	4798
570	3582
387	3202
2270	4480
3265	4156
1527	3865
233	3715
2803	5062
3857	4156
1147	1533
296	418
1782	2755
1055	4156
354	670
3474	3505
2241	3564
621	1396
2111	5120
2085	3884
2417	3840
25	4659
944	1483
2575	3859
970	2013
3308	3513
982	2989
501	1187
1505	1589
4070	5120
3535	4153
1207	2385
613	983
2805	4156
89	3582
2909	4981
1734	4254
3007	5154
2070	3493
2547	3344
1805	3116
1248	3116
500	3722
74	866
2347	4646
893	2111
970	3847
7	2495
168	1684
618	5128
1626	1727
1024	3455
1386	1781
925	3116
2921	3116
1499	4417
1665	1762
187	1173
89	2203
985	3114
1338	2795
4580	4752
3202	4021
1051	1110
606	961
1979	2057
1771	2438
3536	4461
2495	3175
4171	5011
610	2876
1028	2438
2797	4984
1064	2540
176	4070
1185	2347
573	1684
1461	1806
1345	4177
3116	3870
664	4813
1268	1527
1690	3071
1604	2946
1527	1747
1253	3103
1105	4697
2755	4156
2299	3103
3739	4457
1297	3581
268	925
3642	4366
1064	3153
333	1212
3739	4617
3131	3493
4416	5011
574	1710
1243	2466
2810	3687
2378	4051
46	3493
2478	4252
3116	3603
2178	3840
46	4047
2989	4901
3582	4958
187	550
168	3739
2867	4400
3866	4943
2989	4156
1660	4156
1527	2150
963	1527
1031	4153
1503	2361
339	5128
788	859
2438	4196
1113	4183
3368	3939
972	3084
2930	4872
3210	3290
1358	4404
3564	3754
651	1527
2199	2904
2037	3202
162	3160
1278	2531
235	2997
4362	5038
1844	3534
442	930
1147	3116
3582	3591
4046	4070
730	1187
3505	4827
2171	3603
67	1043
3174	3231
3188	3210
3114	3489
2362	4603
309	2591
3004	3133
1527	2823
1053	2241
149	3091
855	3344
2099	3414
2534	2909
2490	2738
3573	4156
1322	1438
1863	3984
1619	2090
3309	3642
648	935
3121	4393
2310	5030
1549	2694
3044	3810
2510	5122
1521	4488
961	1462
3116	4366
829	855
952	4070
2152	2653
921	1041
2805	3598
1781	1873
803	3116
1533	4530
1313	3810
739	3091
3866	4021
1113	2108
3276	4538
1550	2459
2763	3395
1185	1419
580	3404
3352	4011
2810	3145
2593	4798
4196	4393
1533	3486
4463	5095
309	1527
1537	3352
4211	4329
593	855
149	3866
1477	3974
1537	3789
2205	3116
3582	4461
1190	3237
3816	4971
829	2037
1067	4958
521	4153
4503	5008
1527	3179
4070	4723
38	2210
1348	2819
2511	3646
1619	2919
2312	4314
3817	5068
1455	1991
345	5021
3093	3488
612	1040
1505	2401
357	1947
1477	4785
3354	4387
269	1032
93	4460
3672	3717
474	1547
89	3026
132	349
2142	3201
1945	3974
973	3736
861	3414
2398	4070
1074	2613
351	3366
1139	3866
339	4986
4292	4814
1936	3582
1270	4189
448	4036
2040	3153
1626	3769
1527	2668
1051	1947
606	3870
3540	4267
3674	4670
3244	4405
2216	2347
2618	3608
4594	4598
2617	4308
2863	3116
533	5078
982	1128
1549	2696
1041	5134
4560	5146
1270	1527
2155	4156
151	4189
221	3995
1130	3594
3202	4300
89	4598
1056	2989
3153	5062
347	1248
1477	1770
664	3309
3199	5120
3042	4752
175	1734
2241	3114
1819	4125
960	4156
125	1395
93	187
2114	4457
187	970
4598	4972
4070	4071
4207	4538
1428	1726
2003	4815
531	2894
347	961
1094	2404
3493	4070
2746	4652
120	1952
100	1549
1180	2438
2478	3646
84	4156
3116	4183
1227	4968
1486	4156
357	2746
354	4139
2949	4029
4201	4417
2704	4376
1537	1747
2216	3887
2888	5026
812	1952
3582	5154
3582	5062
580	3322
1185	3116
88	413
2459	5027
1710	2145
1686	1980
2216	3677
1297	4156
1419	1692
214	4695
4274	4728
448	3190
2199	3077
17	1934
1692	4526
1270	2775
973	3901
100	4147
1243	4814
100	241
983	1991
1781	3581
2015	4156
88	4383
3865	4404
4943	5062
3820	3952
1034	2775
2047	4051
1873	2884
1252	1334
3371	3501
175	2069
2490	4156
1426	2312
2142	4972
630	893
7	2710
472	2270
1727	4402
2381	4201
1726	3953
241	1373
2438	4036
1524	4399
581	3190
4156	4207
7	4311
2310	3663
3413	5062
3237	5146
1243	3116
574	3646
2459	4417
2797	4950
1213	3309
364	1150
2616	3866
788	4943
613	1532
3116	4881
3116	4827
1185	4970
1781	2216
2389	3581
4554	5120
100	4659
1056	3397
1349	3493
88	1671
3674	3722
1063	4764
963	3810
149	1866
990	1937
1439	1461
2362	4580
1185	4130
187	3404
1527	3436
1388	3536
89	570
3839	3974
7	3489
1626	1947
122	1031
1527	2738
288	3217
3052	3084
286	1666
89	3687
859	1527
269	581
2478	4301
2350	3116
1727	1749
747	4035
1094	1213
2867	4227
1790	4461
2438	2490
651	3384
4156	5033
2031	3582
1028	2166
3739	4232
855	2803
638	4818
970	4383
374	3952
1597	4156
1157	2216
3026	4340
3226	5107
3237	3489
1726	5027
1873	3557
2053	5071
92	4144
7	3382
885	4336
3091	3289
537	2456
2817	4301
1041	4573
2438	3121
939	4070
1132	3108
455	803
1395	2014
3116	4501
773	4738
67	3555
1553	4598
3105	3722
652	3500
1180	1588
867	4088
963	2799
2534	2625
1710	4245
391	4598
958	4022
89	3810
2451	3121
3202	4035
1064	3839
1461	3114
1180	1555
1094	2312
1740	3116
4156	4818
1727	3223
1755	4813
1110	4336
1454	4670
788	1670
1527	1954
829	3687
3930	4646
3121	3866
1134	3552
2216	3448
89	4859
1782	3121
4326	4376
1527	1873
2108	2417
3742	4573
581	1741
38	4415
521	879
3456	3536
771	5117
4156	4581
570	1483
556	2538
509	2108
3366	4554
3026	4496
4156	4538
613	1692
983	3116
2361	4415
1419	1727
531	3810
105	1774
451	1442
573	2145
1396	1714
1878	3687
1936	2747
71	2541
670	1582
67	928
3026	3054
1180	4156
2531	2716
1203	4201
2090	4742
2420	2904
3185	3860
473	1608
3988	4357
2327	2606
1285	4095
1532	1563
2037	2092
4196	4480
1527	1901
3370	4580
704	3252
598	4070
2124	2934
1462	2709
704	2014
3103	3129
2053	2133
1167	4829
2312	4035
1873	3646
2142	3687
187	2013
543	1521
1202	3939
7	926
2166	4418
704	1252
56	1527
205	2245
25	1488
3007	4036
613	1907
960	3116
1527	3881
707	1873
3582	3665
867	3866
867	3121
413	922
1269	2124
2916	4156
1581	1897
3586	4529
4156	4810
1937	3343
125	3930
2533	4843
1041	2132
1537	2591
1948	3116
4156	4779
327	2204
2270	3536
3700	4070
3510	4452
2040	2099
2909	4972
1747	3116
1588	3818
2884	3188
2438	4986
42	2053
17	25
1213	2689
270	4453
2521	4859
3810	4750
1533	3116
387	4670
3853	4393
2014	4549
1627	4764
3722	3810
2549	4836
1537	2601
926	4045
1461	3489
803	3581
365	3116
3116	5022
3513	5122
2606	4038
492	2249
394	3044
1130	1181
35	2871
4156	4803
1113	3739
655	4321
1438	3414
1322	4381
291	2625
1728	2252
2185	3471
688	3116
3505	3995
3029	3116
3116	4021
472	4156
652	3850
1527	2606
2216	5071
1701	2627
867	922
1537	4711
1455	4889
347	442
34	2030
543	4306
198	4156
1064	1328
1338	3121
3350	4095
553	3116
4448	4970
2014	4156
1415	3431
601	3094
978	3103
92	4139
2917	5154
387	928
211	3116
1102	4052
2108	2468
1953	5043
970	1536
1093	4880
1461	2241
1283	3735
885	5091
2920	3118
649	3864
1089	4858
2234	2306
1633	1671
717	3764
3091	4940
2490	4496
1527	2015
1270	3201
296	3116
449	2850
100	4399
1701	2270
593	1781
2299	3582
2185	3860
1640	1670
1643	1892
1439	4156
730	3539
3988	4943
696	2053
1746	3275
1684	3742
387	4827
404	1740
187	4336
2056	3116
3769	4252
2555	4627
151	387
1314	2241
2885	4580
2438	5128
2362	3150
1979	5089
660	2169
788	1139
1415	4068
221	1527
279	1806
580	3657
3104	4594
1425	4306
779	3362
343	926
651	2423
3319	3492
867	4393
704	3501
1461	2234
2108	5042
1202	3512
788	2775
2203	3677
1202	2030
3056	4508
67	2031
122	521
1483	1505
2909	4383
4171	5029
1665	2850
812	2360
896	1542
100	910
2216	4081
107	4750
2216	2534
987	1113
884	3582
893	4273
2704	3923
3536	3586
1185	1747
2216	4463
630	1640
1439	4943
3084	4756
175	3309
1159	1884
1409	4497
360	2459
7	2534
4357	5008
1120	4156
870	4554
176	1454
1105	1461
963	1462
4216	4709
970	4821
42	1573
1550	2597
978	1527
1453	3944
985	2241
4045	4197
3285	4165
1585	4729
953	2838
643	2852
1012	3116
773	2026
176	4880
1207	4798
3018	4156
879	3942
884	4685
944	1703
2438	4336
2526	4859
2757	4458
501	1907
3774	3989
885	917
4152	5062
2927	4156
2190	3603
3248	3488
1968	4509
533	3665
1524	3582
418	4405
1074	3116
504	4404
2275	2541
743	978
4662	4872
4728	4859
3084	3582
299	343
1406	3924
1187	1665
2533	4752
759	4872
2438	3770
1774	3010
2526	4306
704	1588
1283	2593
960	4645
1128	4096
3582	3994
3503	3942
1168	4313
413	2716
860	3189
1988	2809
1527	1977
198	2757
1907	3319
2733	3116
601	3754
92	2588
1484	1527
2343	4728
2492	4902
2893	3350
3944	4752
634	2547
3395	4512
961	4664
1537	2934
3179	4156
1466	4156
1912	3908
3368	3840
2938	3518
541	614
788	4399
1746	5021
1701	5008
1106	5120
2037	3505
221	3866
3687	4872
1064	2299
2296	2541
241	1527
109	413
3991	4728
472	4088
4156	4500
963	2884
630	1120
1322	2092
2351	4598
1652	4036
3116	4201
4156	4399
167	4021
1036	3754
222	1037
1958	3717
1527	3104
123	1553
1979	4035
1533	3930
1527	3603
391	1940
3116	3152
1344	1774
1063	2216
1094	1202
1537	3116
2661	3884
1243	4640
2216	3358
2132	2840
1527	3456
2099	4814
270	3453
4702	4989
2541	2842
205	2946
343	3093
416	4357
2211	3911
35	448
970	1156
2269	2526
1533	2347
1553	3121
2241	5146
3581	3691
1555	2616
2166	2398
3924	4399
205	3866
1071	3116
149	343
1409	3052
368	3008
457	4156
1726	4361
1067	3501
1524	3866
1781	4301
374	3493
339	1866
347	2132
553	1037
2299	4156
7	4460
1286	1782
1633	3792
864	4156
1140	1631
593	867
4012	4402
2746	4764
2743	4400
88	3518
2575	3870
1486	4340
3724	4986
612	750
4507	4649
205	1527
1734	3739
179	4156
2623	4764
1727	3139
750	1032
909	2147
533	3114
3385	3564
4405	5011
65	2575
1181	1937
3695	3958
930	1168
581	2661
74	4123
1549	4506
1227	2892
931	972
167	3116
1127	1636
655	3143
1948	2511
222	3866
3581	4941
501	2713
884	4301
1850	4390
4343	4981
2242	4086
4156	4461
1504	4491
1838	2541
651	2847
653	3116
2310	4018
1914	3414
2957	4538
4156	4480
252	2216
1117	4970
533	4406
343	3994
2090	3884
1428	1537
89	2490
606	1934
241	5128
2810	3368
3995	4399
1640	2616
999	3116
2709	3008
1492	3323
4036	4524
2308	3663
4393	4480
413	5115
711	4086
1527	2439
269	1358
38	2889
2922	3603
3397	3817
1432	3354
1537	2124
1269	3366
859	1149
2156	2904
2865	3431
3104	4588
885	2424
2199	4017
1180	4196
1190	4659
1270	4646
154	4509
2216	3428
413	4136
3116	4037
1227	1633
1213	3127
4558	4646
1781	2438
2132	4406
2747	3782
448	1213
1840	3435
1873	3944
3774	4640
1314	4154
1510	1748
11	3116
17	2704
1135	1404
2506	4156
613	3498
2142	2803
1884	2145
4508	4940
4156	4424
648	3486
921	4970
613	3975
3810	4301
1492	4057
370	749
3116	5004
928	2616
4508	4818
222	3722
4156	4366
4890	5159
2301	4940
89	928
67	3366
773	4743
2181	2704
2627	2653
89	222
2713	3100
1747	3754
1840	2991
3202	3376
1138	2341
1527	2863
4156	4508
1386	1563
893	1892
2817	4035
1966	4342
405	3202
1106	4201
123	2737
4156	4961
638	2755
1322	2555
1338	4624
1938	4872
1710	4573
448	3769
1030	3747
3116	3810
1781	4070
4156	5078
2653	3722
162	652
921	4415
3004	3237
354	866
2451	2533
1728	1958
556	4268
1604	3121
2142	4943
1181	4308
1324	2894
652	925
1252	3357
652	2695
1064	2750
1909	5120
117	5137
2964	3853
2269	3505
11	3996
343	1878
982	4096
4329	5027
860	3116
2775	4827
2874	4036
4336	4956
3114	5062
2989	3665
3091	3322
149	1862
1119	4186
4393	4972
241	5043
153	4232
2013	2884
500	4301
221	618
1859	3313
553	1527
1159	1684
855	2810
339	1701
3864	4696
4096	4156
3100	4306
3865	4580
1703	2531
123	4943
1734	2124
154	1654
122	3397
961	3493
74	1844
3653	4968
3162	4417
1979	1996
1734	3920
1527	5147
3840	3959
1834	3116
1726	2897
531	944
89	1250
601	935
1098	3516
2735	3582
652	1549
1774	3026
2301	3091
3056	3853
4070	4627
2946	4943
1127	2609
3591	4711
3972	4236
535	4533
3952	4070
580	2627
1037	2185
3687	4934
1533	3840
1149	4728
2775	3995
272	2710
2031	4670
1897	4721
3091	3853
3566	4560
149	2755
4361	4210
3989	2570
4662	2541
2797	1243
4380	2478
1117	921
5080	4646
3100	961
4273	2241
4508	4196
2593	501
4872	2689
3248	1185
3717	1213
4933	2898
4813	3153
4156	1734
2708	1692
4273	2173
3988	3145
4670	2013
2199	2037
2438	1110
4418	1117
4302	2506
1573	1527
4603	4156
1710	1144
3116	1735
5147	762
2616	221
3582	1037
4267	3531
5021	2451
3202	2946
2185	921
4728	818
3510	2147
5020	3103
3818	788
4301	1450
3930	1527
449	19
4558	1395
1692	1149
3747	541
4779	828
4391	2347
4326	2591
1893	1747
2438	1060
2617	866
2946	1338
4051	4046
745	92
3592	269
2426	1537
1692	492
1287	1058
5128	1805
2859	580
4880	2877
1727	1428
1270	205
1285	100
3058	2438
5004	4036
4955	132
3582	947
1313	1147
4837	4823
3853	2269
4156	3944
3581	2271
2132	930
2852	746
4752	4132
2667	2262
3116	1741
2142	580
507	269
3091	2653
3185	1129
3121	593
535	67
3116	2456
2030	1703
4156	2169
3114	1093
973	970
3121	443
2989	879
4295	3857
4764	3792
3958	2171
2746	1051
4598	2616
3116	1273
3116	970
1842	742
3592	1243
4329	4282
4156	1128
4171	1269
4523	1130
2606	1690
3026	1838
4670	1710
2609	187
3188	1313
5154	4311
3493	1157
2541	1510
4738	3581
4711	3853
2132	1248
4404	333
2616	1270
4396	4267
4070	35
4554	3068
1135	867
3853	829
2582	123
3688	3333
3984	149
5038	887
3573	1454
4905	1806
4726	2888
4329	4042
5078	1314
299	205
1167	1064
2946	1782
3121	205
4490	3131
4598	1338
5141	1504
4156	2145
4872	3959
747	89
1692	739
2775	149
3469	2531
5008	4399
4201	3309
4201	1544
3941	1270
1642	1273
5097	2245
2511	1938
4971	2108
3174	1527
2805	0
134	89
4934	3121
2884	2111
2216	803
4156	1450
3582	1454
4714	2216
4156	4035
1937	1130
2358	1727
4156	3970
1699	1660
2716	2625
4156	2545
3153	664
2184	1527
4329	999
3674	500
5062	1252
3920	1726
3924	2852
2185	347
4147	3994
3116	1893
4156	3346
4177	3534
3116	1249
4156	3498
3789	2555
2670	1727
1269	107
1527	227
1542	7
3988	710
5120	343
4001	2301
902	474
2625	1826
3995	1782
4122	1537
1858	902
4560	4017
3044	990
3185	1117
2264	2099
3248	2625
1415	1341
3512	2270
3131	2506
3056	472
4393	3866
2438	67
1701	630
4399	2142
4818	3774
3862	3428
5026	613
4406	2249
3853	3687
4399	2803
4048	3175
3171	3116
2959	991
4147	3661
3984	2775
3860	1671
3116	208
613	123
2264	1844
2362	1419
4400	2568
3870	892
3747	127
2667	750
1147	648
1299	568
2070	991
3983	187
2704	2037
4872	2055
2618	1244
2037	1604
3839	2797
2709	347
4814	1032
3842	1937
3996	1863
2241	1810
4144	1728
2173	1640
3866	1604
4118	622
3505	2301
4326	4132
1139	339
2003	1728
4088	1553
4236	1461
3254	1666
2621	1909
2591	2216
3145	1302
3770	1640
2040	1741
2013	1633
3402	349
5071	3343
4480	3056
3435	2991
3084	107
3807	2239
4047	306
3358	1185
2895	1813
2358	7
5155	716
4329	2902
613	38
4393	3770
4059	553
4357	3512
2013	800
4156	117
2946	855
4480	3770
1415	762
4042	3740
4156	2111
4021	1180
3116	2099
4070	643
3157	2513
4603	2606
3952	2239
4908	4156
2859	2245
1454	884
3505	2946
2353	958
4022	2166
1798	1063
1866	630
4461	4052
2013	89
1527	364
3566	3564
2362	1145
4659	1838
5138	1270
4070	672
3185	2185
4872	2142
3116	1505
4070	3902
4103	1253
3225	1537
2374	1527
5008	5004
2270	1286
4329	1948
4360	3116
4986	2916
3116	2842
1163	651
3988	2810
3582	3202
4844	2036
4035	3121
3175	492
2718	1903
3344	345
3735	2613
3116	2729
5091	3574
4021	387
2312	896
4070	3993
4139	2694
1884	168
4059	2377
5095	2126
3533	343
4646	3116
3116	648
2884	2743
4728	3687
1227	1093
4386	3105
2850	1040
5096	3116
3116	861
4664	553
991	142
5080	4558
4417	622
3789	541
5096	1652
3285	1194
4365	3116
2894	1694
4950	333
5011	2216
4765	3116
4325	4045
4779	630
4302	3344
5022	92
4730	983
4415	3536
4156	3421
3116	538
2964	2389
2934	707
4685	67
3103	504
4508	221
3375	677
1678	739
4156	2731
3736	2152
3450	1625
1945	866
3116	374
593	89
3116	1781
2254	2245
3840	443
2438	1466
3237	451
3722	1037
3139	1626
3722	315
2613	1365
4070	3409
3924	3382
1692	123
2850	2661
4125	2442
5062	3758
3916	1934
2347	1573
4960	2658
4503	2438
5115	25
4526	961
3162	2713
5128	88
4752	1337
3555	2438
2747	808
1113	672
3959	2310
4554	3686
4464	4047
3056	205
3116	2093
1527	867
5120	944
1771	222
3763	881
618	149
1187	866
3827	2893
2627	638
3735	1028
3474	1701
3493	2703
1951	606
3116	1979
5138	4821
5065	2216
2269	1287
3211	67
1873	1035
4502	1537
3853	3368
3870	3390
4934	867
2593	1207
4207	2884
1991	643
574	556
3902	1527
2254	2216
509	343
4070	1273
4726	105
351	89
1866	829
4736	1322
3603	2293
2085	1793
4930	3870
3366	288
3736	2709
3608	1859
2347	1119
2531	2185
3026	2361
5008	3582
3405	500
4302	892
4116	1503
2909	2065
4580	2311
3266	413
4376	3682
4197	1527
2764	1527
4872	3939
3851	347
2616	638
3295	1727
3842	1181
1505	570
3533	360
930	90
4326	3121
4480	299
3450	1765
3974	1527
1113	379
3469	2030
3818	3582
1710	115
1980	302
4369	4129
1631	7
3421	924
3413	2909
4336	2871
4860	1703
746	38
4934	4357
3687	3056
2989	343
3944	7
2014	125
1640	1553
2606	922
3116	924
4189	1442
893	38
4086	2438
2850	2181
4497	1626
4598	3770
349	265
5146	1806
2360	1686
2108	2003
2308	431
2013	1117
4047	2410
4152	788
3818	1701
3582	1933
2842	746
1128	1056
1991	1505
4068	92
3770	2755
4201	121
4881	17
3860	442
5149	3488
3079	2166
3322	2521
3853	3157
5120	222
5008	4273
4362	2185
2099	1152
5155	4156
4001	387
3026	2541
3991	2438
2506	1958
3536	343
2625	1666
4603	2591
4480	4326
1386	316
4386	7
4306	343
2591	2438
3056	1180
3581	1612
2964	2350
4872	1747
4530	172
3646	1549
1213	580
4393	4274
5022	4530
4158	1185
2888	105
3689	2053
2810	1302
2810	1524
3421	3044
4558	1227
3807	2704
2541	1951
2871	961
3942	1128
3421	71
1646	100
1040	750
509	50
3866	3202
991	907
4387	1442
3823	2598
2101	1727
4276	1167
4036	2270
4156	1202
622	321
4710	958
4419	4045
4640	854
4156	2249
4756	553
1406	746
2065	100
3322	1563
5021	3275
3860	1966
1726	1375
3080	269
3255	602
4415	1036
1537	1425
553	92
3488	1727
2653	1034
3074	1991
3827	2171
4383	1058
4259	812
3459	25
3875	746
5024	31
3747	1334
4399	1604
3397	521
1527	443
4376	2708
3850	1527
3116	1404
4325	167
2775	339
1083	892
1625	535
4723	958
4480	855
4663	3116
4728	3989
3116	288
4380	2541
3116	1870
3582	788
2133	2099
3116	920
2438	1567
3920	1238
3122	670
3731	2438
3690	3116
4268	509
4934	3988
5095	4244
1670	1135
1068	928
3573	2351
1692	866
4156	2584
3153	2085
3395	3096
4306	1933
4728	1131
1041	342
3185	921
3948	3116
2181	354
2755	167
580	443
3428	831
3489	3358
4315	3397
4220	4152
3061	2034
5110	2625
4196	630
1701	1180
3376	167
924	299
3248	2230
3190	1490
3984	2216
1747	548
3422	2047
5020	2090
3470	2458
3352	1832
3853	2810
2070	1185
1979	205
4495	3366
1245	1136
4201	3344
1505	926
4905	3061
3315	74
2083	1532
1419	983
3046	1585
222	67
1202	205
3582	2626
1873	1549
2834	2216
4391	1119
4224	3691
5008	3352
4189	1477
339	205
3273	2817
2555	1619
4048	2845
3319	3116
4028	2443
4110	93
3845	2047
4950	1741
4366	2179
4506	815
4319	4139
4418	1248
3667	1007
4452	3147
1542	606
3116	2884
3497	2929
1532	610
2495	1654
4399	3368
3453	1051
5120	1043
3866	142
3975	556
4156	1578
1533	1119
2438	944
1582	354
3397	1031
4017	2731
1527	710
2845	1527
2746	1030
4186	2265
3188	1439
3067	89
4405	1480
4162	2438
4905	985
3521	1152
1933	893
1806	848
3143	1024
4357	205
3754	1314
618	387
1505	832
3615	3116
1051	270
3493	3452
4874	4729
4561	38
4943	4088
4060	3116
1268	492
4729	1573
4798	4554
4480	3202
2810	1695
4139	848
1396	928
4958	89
4295	1534
4336	71
4787	88
5138	4658
4970	3851
4306	3704
4480	1180
3916	3414
1396	1348
4357	3518
1873	570
3505	1640
3717	485
1990	92
3121	859
2216	256
2934	1771
4603	1230
3930	2055
1178	187
3211	3151
2591	2036
3853	3104
2003	1746
2216	1336
3654	2704
5122	5089
892	67
3210	2531
2526	89
4573	3533
2575	1313
3952	1907
1781	556
4538	2057
4360	1650
2438	1536
5068	100
2239	1728
4405	3116
1527	648
1588	460
2706	1461
4480	4325
4495	3591
2506	1527
580	472
4571	928
2495	1135
2241	1439
4253	4156
3116	944
4326	2865
2829	773
2166	1113
2534	2326
2199	1334
3984	1909
3818	893
3642	3116
4302	2582
4934	1135
4509	1454
2155	1527
3996	3086
3007	272
4156	2419
3413	1938
2774	2438
4943	4508
2013	442
5146	3754
5147	4665
2362	553
5120	975
4095	1597
4156	1812
2185	1117
4156	1733
4374	4078
4728	3774
4565	4435
3881	3116
3116	2074
4984	2299
4059	892
867	406
2810	299
2627	618
3121	638
4400	1083
5080	3930
1966	309
3421	50
4325	1553
3943	1836
1527	527
4519	2757
4598	704
4943	3582
3175	1527
4940	3988
2492	1770
1180	1139
1360	730
4357	855
1838	88
2442	1819
2747	812
4430	2934
3984	2547
2735	1686
2617	1582
3121	149
2210	651
4558	2014
1912	1486
2746	2438
3581	1549
3116	1695
1918	394
4189	1726
1440	187
4156	416
2606	796
3810	1633
4156	1139
5128	472
3190	1527
2014	1585
1492	1255
2417	1113
4190	3552
5004	925
4070	3601
4011	1270
3842	1130
4057	1255
4232	4156
5120	580
1958	746
2053	1747
1157	100
4178	272
3116	1890
2627	2142
1527	1180
4750	88
3344	3175
1912	1726
1840	500
4523	1504
2166	423
2704	1494
1850	1147
4051	1741
5128	1625
5010	2871
1466	1150
4738	4369
4580	3739
4670	187
2752	187
4028	3116
4156	3510
5120	1781
3179	2361
4313	894
4269	2724
4958	4461
4249	3653
4211	319
4789	1031
4480	1866
3175	2845
3116	2324
3760	2031
2706	1771
4156	309
3395	3154
2735	391
4325	638
2138	74
638	205
2958	1350
5071	4070
4972	638
3722	2991
3258	1113
4684	3972
3323	309
2738	652
4670	2888
3269	2724
1755	767
5120	3533
3213	2262
2877	1190
4728	4393
1588	167
4196	4156
3352	3210
2606	2438
3739	2108
2053	970
4325	1180
5068	4970
4814	3977
3789	1873
2860	1873
3276	2115
3084	187
2241	1454
4156	1906
3382	3116
1537	1045
4509	7
3091	1338
930	347
1878	885
1553	403
3646	3520
3831	3116
2931	2704
2361	1113
3724	3322
4598	2216
472	89
3116	2372
4261	1626
4156	151
481	275
4059	343
4450	2438
2846	1086
4156	3376
3456	2541
573	342
4968	4580
4156	1113
4082	2713
2616	167
1426	800
5078	3237
3614	730
3486	1573
3842	3044
1703	1483
4461	1453
3582	1733
4554	3209
5147	4308
4656	2037
926	345
3981	624
1636	1588
3736	803
3493	2526
3116	265
5122	2417
4292	1243
2797	1844
4620	961
4393	1782
2948	1527
4328	1007
2750	1253
3223	1316
4496	3344
3401	2491
4598	4156
1255	1088
4405	1270
5026	1840
1527	149
2775	1640
4502	4487
4060	1527
3975	3413
4295	88
3674	1036
4958	4538
4685	570
1900	922
4450	1947
5062	3116
1113	553
4308	348
3953	1030
4538	613
4156	2666
3825	2254
4402	1515
1741	872
4070	3448
3467	867
3939	1670
4397	2511
4196	205
2181	1477
2216	1812
4684	773
5008	1524
4805	3490
2171	953
3448	1727
2149	1819
2746	2443
3086	2099
4580	1573
602	142
4399	3512
5127	2938
2625	349
3818	2616
4376	2070
1521	537
4220	3226
4526	2216
5122	1734
4508	2438
4461	3323
2934	2235
4311	3007
4908	14
2249	25
4958	2531
4156	3527
3770	3582
1604	167
2531	1088
3368	1726
455	416
4480	580
2934	1106
2310	991
2347	1527
4070	2216
970	739
4530	3686
2913	2593
4564	3116
1492	1248
4397	1504
4022	2353
4435	651
965	652
2893	1878
3674	999
3646	1156
2092	803
4391	2718
2185	442
2034	1093
4417	1910
3116	241
5154	4603
3853	855
2909	2656
5068	3026
4070	491
4196	788
3909	269
3959	3851
3353	3116
3810	2057
4252	3810
4503	1466
5080	2014
5134	1324
4661	1527
2057	613
2156	1961
3431	516
3625	962
3004	2746
3344	2245
4901	4315
4206	67
3894	3116
4748	2199
2582	2230
4894	7
3930	1573
4156	3785
991	742
1286	1135
3573	339
4095	2534
893	221
4002	1836
2003	509
1726	663
5134	393
1748	991
4461	3796
3375	2511
3839	269
1701	205
4156	2013
3433	1113
2653	2245
5120	2362
5128	67
1503	118
4393	1640
4757	3382
4156	3185
3991	3349
3100	2541
3988	855
3715	3058
2090	2040
5120	149
4970	2018
4649	4156
4183	1897
3452	2582
2990	244
3116	412
2210	1527
1527	1389
3116	1692
4817	4045
638	167
4308	1477
1994	1313
3237	1314
4295	89
4659	4070
4549	4236
3687	1727
4311	660
4144	2704
580	149
5008	4981
2100	2013
4827	89
3213	345
3687	1074
3624	866
4336	88
4637	1751
3175	2438
4163	1740
4156	3520
4001	2653
2616	149
1202	88
4506	2843
4397	2893
4399	3056
3598	0
2774	89
5072	3493
2770	93
5062	746
3289	89
3385	279
4308	3063
2442	320
1728	7
2934	1692
4393	2775
5095	1674
4706	845
3717	1180
4480	2755
3774	859
4545	3736
4201	96
4412	2156
1866	167
5107	4495
3414	2181
3920	3840
2282	1527
5091	991
3615	1625
1650	860
1626	542
4580	925
4480	1524
1438	50
880	580
3847	89
4156	1338
4011	1396
1404	125
4432	2438
3943	3736
4217	3116
4908	958
2755	1866
1527	1097
4702	2114
1782	1135
4156	2617
5065	1213
1727	1156
343	65
4533	1684
2056	1870
1765	89
2606	1907
4711	1727
3646	2347
5149	1727
4880	3754
1953	343
2946	1553
4649	2556
1426	1143
3944	3603
2013	275
4836	3395
2404	1674
3199	1809
4156	354
4399	1588
3853	2216
4958	152
4968	3909
4088	3646
3493	3304
2270	593
1313	931
4405	245
5127	1140
4252	601
4201	3959
1710	1185
1947	35
1671	1117
3810	2769
5159	4020
4399	221
4656	1907
2661	1544
928	601
5072	1636
3188	1527
4872	574
3840	556
2990	1692
4122	1185
4789	1728
2362	618
4399	1701
3752	928
2833	1270
4435	4156
4491	4159
4301	413
1488	1150
4502	3908
4785	3262
3718	1537
1041	550
1947	270
4306	2616
3742	1324
1221	413
1426	1113
4844	1501
5062	3501
2829	1537
2850	2650
3116	1322
5068	3247
4405	786
3116	1180
3116	569
1106	349
4951	3536
3866	928
4941	2040
4326	829
4156	1555
3358	1727
4508	2301
3717	1640
4400	3093
2108	263
5120	3237
4236	3237
5008	3687
2772	1873
1453	921
4201	2069
3395	151
3592	1844
2689	1270
3807	3116
3736	2254
4211	2404
2234	2216
3766	2774
2216	17
2931	2377
5072	2763
4814	4139
4664	4321
3769	1727
5062	154
3489	1818
4156	2175
4156	149
3959	2938
2991	2031
2946	2755
3344	1338
4329	4255
4656	2092
2438	460
3953	1537
4904	652
2723	1173
1527	229
3160	1194
4958	3210
3742	2307
4201	1791
3747	1472
4406	2845
3818	3202
2142	299
4836	866
2946	1701
1627	1051
2347	1549
5004	268
3944	1746
3518	928
815	151
5120	4035
4315	1686
5004	1068
4972	3121
4827	4598
2362	509
4045	3818
3754	2991
4156	1809
2685	1113
2625	448
3382	115
3603	1863
1619	269
2535	2341
4360	1499
1844	581
2327	1101
4880	4236
926	746
3121	1527
3105	343
1098	803
4038	2555
3687	3368
1549	925
4206	1484
2190	1710
1419	684
4326	618
4705	3116
3686	855
2704	1533
4908	2312
5120	65
343	339
3582	855
5079	4943
3943	2438
750	449
1566	1527
3056	855
3421	1604
1117	442
3941	7
3116	3104
4502	4156
2934	2310
3988	1524
3536	618
3258	610
1781	1710
4958	2743
4480	3157
3002	1192
1270	272
3920	2732
1891	1732
2934	1356
3779	2593
4524	2917
1034	221
3614	2948
4183	1692
3536	593
2065	1501
443	149
3450	3116
3145	406
2210	1503
3202	3121
5063	2108
1838	268
4598	3866
2894	2840
4163	1752
4156	3581
1415	743
4156	1866
4480	4357
2351	716
4197	3818
1404	746
2750	2099
1727	193
5127	2362
4844	2526
4603	2917
4598	1866
3175	2948
2372	1185
4275	269
4908	2216
2809	1834
4752	1674
648	492
4021	1553
2299	449
3116	2534
4132	1524
2616	1135
3201	867
5008	580
4336	1947
3150	398
2099	2037
4508	4045
4315	1980
4480	2946
1439	1190
3839	3103
4380	2938
2195	1741
4156	1150
4717	3116
3989	893
2538	541
4419	1337
1912	1585
229	152
1527	1113
5120	4696
3742	3533
4132	2142
3116	2268
3488	985
2653	149
2763	1503
3715	2582
3044	1937
4598	893
1291	1003
4326	3201
3738	3736
4523	1181
3594	3044
2965	2099
1884	1288
3582	2755
4940	387
1582	1283
4336	89
5149	2704
2438	270
1782	1701
4702	3116
2195	2040
3582	1286
2362	272
1203	50
4156	1936
4268	1536
4907	574
5146	4880
3428	1243
1454	930
2438	2245
4972	3939
2199	1665
4008	1670
2934	2666
3866	829
960	10
3116	779
3930	2347
3185	1710
4702	3920
3086	2181
1252	343
4904	275
2417	1726
3731	2555
3582	2795
3582	3503
3091	1058
3851	1671
4088	1640
4776	89
4301	1067
3488	930
4386	294
4573	2541
4274	618
4156	4001
2321	1836
2294	1213
3175	2230
2913	1873
4156	4110
4156	1952
4793	3063
5011	970
3736	1283
4508	788
3056	1135
2262	1152
2547	1873
4448	930
5008	1302
4926	2492
3754	3237
2735	808
4273	3056
4273	1461
1113	229
2704	1074
3995	3770
2216	652
3493	28
4234	614
4955	1752
1660	132
5072	2584
4529	2625
3851	3684
3505	339
3803	1674
4907	3943
4934	4480
4220	275
4292	1064
4156	1395
3866	406
4508	2627
3489	1892
4858	1135
5095	2625
3724	387
1180	788
4972	3582
4070	1933
3908	663
3794	3257
3646	2555
3995	1553
1549	784
3116	1107
3747	621
1710	64
3536	1454
3646	3581
4461	2438
2739	2230
4954	3730
4509	1654
2746	570
2197	1537
1652	1113
4156	134
3116	1582
3582	3352
4315	812
4598	1527
4156	3425
4752	3672
3116	2752
3731	585
4199	3116
4070	2299
5027	1527
4734	2230
2013	921
3552	3094
3533	168
4393	788
3188	3116
4156	4078
3939	1135
970	618
4035	3067
2492	1897
3489	1652
5146	2801
3924	3247
4624	1527
2775	2755
4941	3116
4021	630
57	56
2797	2099
2142	1202
4940	2775
3116	1961
4561	3382
4646	1912
4315	122
451	449
3004	2312
3104	7
3974	404
5011	187
3847	88
3237	1093
3114	3061
4125	320
4435	3810
4315	3817
1953	1636
2036	747
2929	1451
1020	354
4070	1734
4815	4095
3116	1365
3116	784
5127	4858
2582	2556
5008	593
4156	1862
1907	1180
4156	132
5120	2575
1190	1105
2282	299
1884	151
2852	2374
3581	25
4156	3058
4972	4273
3963	2074
2842	1404
4580	509
4156	3851
2245	38
1180	205
3724	1720
3988	1866
4934	1180
4393	1553
3995	3582
4580	975
3202	630
4623	896
4463	1527
4201	3421
3582	2753
3489	1093
2541	2018
4163	2456
3116	1354
5080	931
3295	1149
1138	1113
1604	343
4011	1996
3505	3114
1031	521
4433	1670
3770	3201
1936	391
3853	2521
5120	2249
4417	3667
1187	1134
2541	1396
4787	442
5010	2478
4984	581
3313	46
4726	1024
1094	947
3344	3153
1213	574
1966	1527
4147	320
3840	2358
4422	2216
3175	3100
3336	504
4156	474
3202	149
4036	2511
1834	819
3289	339
3582	925
393	342
4191	991
3258	1334
4326	788
3171	897
3237	987
4723	578
3747	3566
3754	3114
3116	65
5021	2534
492	67
4728	2755
3121	339
4580	3319
3151	3114
1537	272
4255	1537
3512	89
3943	492
5010	4764
2270	1202
3421	831
3414	1991
4705	1113
4357	580
4130	2934
3754	3566
2034	1461
4201	1878
2621	2127
4328	1858
3008	1283
1710	1492
1747	1453
1115	7
3818	1782
4156	1625
3536	1838
4419	3501
4152	460
2889	2261
3715	602
4405	1063
3823	3735
3011	1737
2492	1283
4315	3
3116	2264
4325	1527
4038	2216
4646	1119
1119	1068
1138	1093
3116	1389
4728	1979
1527	1035
2661	42
4727	3573
4042	3603
2661	89
2423	2175
3736	1840
3254	501
3717	2946
4059	1861
3116	2181
4934	4088
462	25
4045	2795
4366	1747
2310	25
4357	593
1248	1117
2242	1947
2932	2892
4152	1127
606	358
1770	349
4728	3357
2852	2495
2904	1958
3533	2132
652	485
3703	343
3424	3116
5026	3435
3582	309
1649	65
2755	25
4738	46
5062	1454
2770	2030
3603	1504
1421	1252
4787	3860
4042	1537
4162	2436
4399	167
3774	343
4764	1947
3116	1187
4156	3242
2930	2625
4183	1099
3536	855
3026	1710
5062	629
4186	1462
4787	4418
1732	291
2040	1136
4880	3061
5138	3160
3855	1057
4085	333
2616	630
1936	716
1461	533
4988	1911
4598	880
1527	1477
3008	121
4369	1727
3157	928
387	339
3413	451
4664	2482
1873	584
5122	5063
3105	2269
4603	1324
1670	299
2627	221
2040	1253
4573	1248
2555	1878
4640	3116
4711	3512
1665	74
3582	2353
2181	866
1979	1775
5068	4156
345	28
2625	404
1227	553
4308	132
3116	262
2625	663
2704	2180
3469	3210
4165	3160
3493	1113
5120	2230
4659	4156
2555	1363
3552	3375
5122	264
2535	1770
3489	2877
4315	3116
1746	1527
4036	912
2317	1527
4197	3866
4789	2547
829	593
5004	2909
3864	343
3104	241
4509	2763
3839	2040
3758	1404
4308	852
1873	1028
4342	2057
3104	1537
3566	2241
3884	2308
5027	3179
4129	1426
3923	1741
1866	580
5101	74
2704	245
3488	1897
3789	2166
3116	1453
994	677
4972	4670
1710	921
3789	1626
4827	3121
1527	784
4070	440
1912	1537
3237	1906
3582	970
4357	829
2889	1966
3178	3116
5120	4728
3943	2547
2938	2374
3667	622
2750	1844
2989	1128
4503	2057
4001	3724
1324	309
4905	1462
4872	855
3786	2199
3608	1244
4198	1740
1262	746
742	92
4376	4306
4458	247
2169	1727
4798	126
4144	374
2546	1187
1952	1165
2887	2867
1838	149
4206	535
3131	2254
1741	269
1692	704
4070	3769
1597	1537
4752	1907
3350	1727
2625	142
3336	374
4442	1666
3920	2713
4714	2723
1866	1701
4956	2746
3864	1190
1836	496
2799	1503
1527	17
4308	1657
3414	1622
1549	1269
2653	387
3116	56
4787	1117
4529	2216
4406	2145
3175	2249
3752	2099
4336	3586
4156	2026
3201	2774
3116	2777
3350	2166
4156	152
4523	990
4129	2410
4070	2505
3818	2627
1665	269
3586	1893
3289	580
3995	1640
4480	3582
4088	3121
4129	1549
3428	2307
3646	975
4827	3995
3810	926
4497	4220
3941	2755
2306	89
3434	272
2770	7
3754	3489
4573	1684
3091	580
4908	3104
3501	1486
4088	3866
2817	1953
2166	144
2904	1348
3237	1439
4393	4273
5068	4728
3116	2607
4012	1897
3309	1654
1168	187
4939	779
4021	149
4662	2404
2871	89
1642	1527
4306	3789
2203	1288
2946	167
3972	1581
2942	272
5027	925
2863	606
4986	1058
3368	3056
2269	1068
5120	1028
4110	973
3800	187
2850	2195
2667	269
5079	2909
4156	1164
1527	1505
1746	910
5062	709
3127	1313
4156	4129
1710	1684
4002	2547
1818	1273
2099	1844
4201	3739
4539	1626
4129	773
4573	1283
2877	2034
4802	3144
3131	151
2746	907
4291	4156
2053	1063
5080	828
855	688
3939	3866
1367	542
3582	2269
4905	1454
4970	347
3116	3095
4728	3171
4163	3116
3007	2917
3847	1671
3116	173
4588	1549
3972	1760
3086	11
1747	67
1752	349
4789	2931
3839	1268
1588	630
1150	925
3533	1671
4970	2145
2894	2030
1965	1136
4487	1477
2495	65
3800	2241
4743	1499
3959	2931
1555	630
4734	4156
4070	909
4580	3701
2478	2354
3642	42
2769	1113
1599	1313
4827	1782
4805	580
4415	3116
4301	970
4526	328
1068	67
4384	1527
443	221
4159	1699
3939	593
1892	953
4308	606
1553	1180
2682	1752
4274	4024
1938	1726
1873	1666
1566	924
4492	2156
4645	4376
339	221
3469	1671
730	412
4717	2534
4201	34
1278	944
3116	2389
2199	2166
5071	3116
2438	829
3114	638
3201	1553
4059	1692
2850	581
2834	2694
3067	928
5011	4295
4201	2713
3044	1130
4326	3492
3536	2438
3851	2185
2456	1152
4022	187
3995	2627
1041	168
5003	3687
4156	2269
2627	1149
2185	2013
1727	1643
2312	593
4970	4670
1243	750
4144	926
4840	2438
2871	88
4417	1007
2661	1622
3121	630
4614	3116
3071	2521
4728	2034
4400	2310
4057	100
1288	187
4194	4162
4399	638
3404	3116
3116	51
4480	3939
4308	1917
4620	1948
3421	2362
4934	1670
4652	1870
4086	881
4495	4405
1710	1088
3963	3493
963	652
4950	2661
3344	3199
2216	1239
2199	1889
2204	1737
2956	2929
4560	3754
4244	3817
4681	3431
4563	2166
4268	349
4156	3526
1187	381
4598	3754
4656	1207
4950	449
5008	2451
3536	3116
3810	100
3428	269
3116	47
4419	926
2938	2412
2531	89
107	67
3724	580
4972	2031
3114	2799
4568	4156
3175	345
3859	780
107	7
5091	3939
3301	1313
2439	1573
4250	2817
1844	449
4623	3853
3121	1202
4554	2528
2704	861
4840	3774
1945	1907
4156	337
4702	2704
3566	3116
819	730
3736	704
580	221
2053	96
4156	2651
2554	1836
3121	580
3488	2114
4178	1527
3825	2295
5122	3786
4463	3116
3236	701
3491	2108
3745	3116
2682	74
3668	1527
4325	1588
4336	970
3566	601
4196	3121
3366	3179
4480	167
3026	448
5120	1252
3659	3309
4387	2053
3870	3581
3860	1248
3169	1187
1747	89
3004	1906
4156	2904
3758	746
2506	2490
1774	252
3308	1134
4110	448
3095	2410
4476	2521
1134	412
3154	1074
3566	1105
4268	3343
4196	3770
4011	268
1695	272
3566	2801
4039	1710
3534	1345
2216	92
1505	1113
1953	1613
2753	343
4503	1771
3724	2521
4696	601
3754	2877
926	92
4908	930
3116	2183
4156	4036
4858	3382
887	391
3853	3518
3247	855
3924	1527
3677	1734
425	269
5091	4201
3382	1527
4728	4021
1510	973
1838	704
3974	1504
2625	1063
1966	100
2769	1527
3817	1031
3387	1527
2713	2124
2948	2743
1455	861
3864	275
739	187
1537	153
4156	522
2534	1537
3998	1016
2013	1671
4791	3810
1486	1149
4156	3350
3258	2593
2366	1585
4908	2013
3258	2506
2014	1527
4943	1866
4391	629
3116	670
3498	429
3026	2713
640	104
4274	3853
982	521
4523	500
1686	812
4902	3488
2013	1185
2613	863
1439	1428
3489	629
4934	2810
3574	3497
4508	3582
4156	3352
3754	443
2983	956
4956	3352
2934	1727
1866	893
162	67
4461	3469
550	481
3405	1840
2713	2438
3742	1884
2582	2106
3185	1671
3104	1313
4165	162
3704	272
4508	3995
5115	1527
4943	1524
3366	1505
3653	866
1903	1727
460	443
1113	416
5128	3853
3116	2321
2099	1243
3674	3435
4752	343
4858	3116
1747	991
4509	1068
4042	2922
3385	985
3884	3153
4880	3566
1328	449
963	7
4008	3104
4198	2361
3736	2024
3114	2755
3853	1453
5120	3566
4580	1907
1480	67
4702	704
4508	580
4448	548
4764	1892
1156	100
3539	1134
4329	327
4503	3104
3493	2930
3686	848
1948	1625
4402	1726
4926	4872
4156	3202
3703	2042
1504	394
3153	750
3988	3770
3116	42
2775	638
3385	1454
5062	2245
4640	2216
3667	1858
4059	92
2584	1953
2952	664
3116	107
3404	928
2763	2541
3667	3315
3887	3501
2229	321
3736	1143
2142	630
4598	3995
4893	4752
5072	894
4156	3275
4132	3252
4139	198
3939	3121
5127	2606
3202	1866
2946	2627
2661	1212
3434	3116
2511	1996
2934	1966
1953	309
3116	550
4156	2838
1674	349
1209	1136
3853	2438
3690	2863
4530	3273
4046	269
2412	133
2865	1670
3122	1415
5078	3114
1728	275
4185	357
1139	630
1741	1032
2377	703
2582	920
4461	3586
1527	788
2245	983
4986	2653
3116	610
4872	1781
3533	1159
3642	3421
4156	3994
4156	1286
4934	472
4960	1933
1532	1527
5120	3573
2625	96
1897	35
4538	3116
4646	1147
3722	2438
1626	299
3687	1202
4880	343
5021	2757
3687	3512
1030	629
3008	1490
4153	3665
3349	7
4363	3116
4412	4311
3700	2975
3738	1527
2755	788
4273	3736
1159	573
4165	121
3442	1756
4752	3717
1626	584
2410	272
4207	241
4357	3582
4670	4460
5096	1313
2540	1040
4156	970
3421	2704
2884	2531
2755	1701
3972	3105
4315	4007
2216	1036
3810	2894
2750	1040
3116	348
2499	1167
1328	1040
1313	742
3231	1144
3368	3145
4889	4156
1213	455
3116	245
4070	387
2053	349
4418	2030
1527	854
3116	2822
2627	1270
1527	269
4114	1989
3116	781
4048	3688
3533	2843
2598	100
2959	1933
1622	1610
2541	2203
5107	3404
4765	272
1907	509
4378	3056
4554	4070
5138	4752
4270	2341
5004	4958
3150	327
3004	1138
4611	1650
3754	1453
1588	763
990	394
3248	3114
4814	2299
4960	4645
4376	3190
2840	460
2727	958
1604	638
2834	2310
4132	3687
1582	173
2990	1582
1527	1428
1980	391
2507	2438
4480	1782
3995	630
4940	4274
2851	149
5120	3421
3230	866
2216	142
4972	3866
4480	1135
4779	149
3840	3744
2269	339
2099	610
4817	1527
3536	859
4217	2990
4057	2185
3533	342
1428	618
3536	1782
3352	1979
1636	58
1450	1121
3116	2466
4872	570
3581	1373
3860	1117
4480	4045
2555	1134
1313	613
965	413
4265	554
4872	1034
349	100
5026	4245
5120	4617
2625	1326
1692	1207
4939	2132
3870	214
3056	1342
1527	485
3722	106
4972	4045
4207	1527
3924	1862
2876	2593
3116	2769
3103	3095
2216	493
4652	1185
4890	2053
3474	1180
1527	252
3116	1972
4701	3582
4789	3395
5068	393
4563	1499
5072	828
3150	2204
3582	2609
2904	1113
4156	2880
4508	4325
3510	2037
3409	803
3493	1654
1313	788
3116	2381
3840	2055
3501	1252
333	269
3739	1976
4086	1559
2374	1741
5024	4702
2852	1454
3677	88
5008	4088
3493	3366
2746	1947
1747	134
3984	613
1527	759
3695	11
1866	606
5134	1884
4357	1202
4480	339
2347	1951
1727	696
4538	4393
2803	299
3285	3160
4406	393
3591	1135
4695	4580
4156	1523
4480	1640
4201	35
1406	664
3358	1537
4764	2055
4171	3226
4156	3091
4308	3704
1633	88
3582	2326
3582	885
1642	1573
3157	89
2438	357
4827	1439
3116	2486
4206	25
4598	638
4273	1135
2034	1138
3977	269
3847	442
1674	67
4144	2108
4908	187
1884	1684
4696	3760
1640	1135
3116	1020
4154	3941
991	542
3573	3415
4705	4017
2893	205
5122	4971
1553	205
2307	1844
4206	2555
89	88
4156	1979
3818	3121
3226	2361
1573	1147
4573	342
5091	3591
3581	3372
4461	2890
3366	3226
2142	593
2216	2065
3924	2890
2361	1775
4357	1135
4270	31
2299	2085
4028	1341
1684	393
2775	2627
4533	536
3502	413
4401	1752
3185	1726
1527	1119
4860	2438
4972	1113
4934	2142
4070	377
3536	1893
1736	473
3513	3116
3518	3323
3185	2013
3920	2598
3842	394
1859	1710
4118	1007
4758	983
1570	1488
4645	3008
3116	2582
3765	2541
3943	3471
2361	944
4254	3810
5042	2341
4088	1701
5079	3995
3343	1544
2301	1058
4645	1631
4603	4067
2310	58
4059	2157
4232	2108
4814	1665
2404	1527
1732	1213
2216	1367
3820	1873
747	460
2991	1037
3582	1128
4306	1527
2053	412
4881	1439
3914	1727
2667	2466
2743	1386
3237	2241
5095	151
4750	3116
2404	2204
1270	443
4702	660
2894	2737
3920	3247
5120	2015
3213	1152
3211	2613
4156	31
3433	2216
4502	3946
3943	2704
4201	38
1622	100
4086	343
5154	4524
4156	3540
4954	2438
2030	928
3747	455
2735	2360
4156	3616
1701	1313
4197	3376
3322	1058
1396	1119
901	866
1553	1135
2625	1561
3512	187
4756	3582
773	364
2149	397
4787	3847
2706	2478
2934	2216
4088	2142
4458	2667
3842	1504
3084	1288
5026	500
1923	1139
5062	1313
1979	1862
2916	387
4711	309
1243	176
4162	89
1734	1354
4860	3703
4908	2353
2132	342
4125	397
1612	1527
3582	2958
2312	187
4186	463
4206	3825
2555	92
1527	117
4805	4057
4798	2385
4156	3704
2713	509
972	601
4853	286
3193	696
2661	88
4714	1727
2797	1064
4649	2724
3435	3104
5042	920
1527	132
2108	1505
5078	4880
3084	2203
4242	2216
4156	3486
4325	2142
4697	3116
4321	1024
4508	3770
5004	309
953	893
4387	4156
1136	173
4383	3586
5120	2948
4419	1439
4750	4336
3116	2803
3116	559
3834	3116
2360	1936
1862	187
4163	1945
5004	2526
2653	580
4981	1454
2803	829
1741	583
4729	1313
3154	2526
4729	4646
4435	294
4045	167
4415	1313
5120	3774
1527	972
1139	638
2902	1527
4259	2735
5127	601
3435	970
2417	2216
4941	1741
5080	2142
4972	3995
4970	2013
5062	2435
4206	162
2803	2269
1670	593
1640	149
2625	2358
4580	1505
4156	2845
4867	866
3505	3026
2417	92
3510	1283
4798	2459
2438	1419
3116	424
3769	991
4376	4357
2053	288
3476	2846
4194	2351
2531	944
500	58
1740	1477
4406	1671
3966	885
1873	1034
4156	704
4958	4301
5110	2593
1762	74
2438	2152
4695	1527
5042	5024
5043	4970
4433	2389
1064	519
4492	1961
3026	574
1588	1527
4156	1031
3587	2459
2216	2197
4156	1604
3770	1135
3539	2593
1727	409
5065	1537
5079	3056
1228	541
541	387
1947	1892
4723	2541
3422	1844
3293	2326
2661	1032
3116	1035
2171	11
1953	663
3886	3008
2145	1396
701	67
3493	803
5004	3154
4156	1553
2555	749
1966	1873
2834	2731
3405	2031
1091	621
2526	2438
4269	3786
4750	3084
4594	7
3116	1046
2312	88
4201	1805
2593	983
1527	627
3469	944
1573	648
3424	151
924	613
2575	2438
922	7
4178	3810
4295	1933
1504	978
4508	3116
3769	928
4417	633
2593	2307
3116	339
4301	3210
3227	2199
4156	663
2216	975
3202	2270
1313	1119
1819	397
2772	1710
4178	1365
4405	3870
829	580
3153	2299
3582	1923
3810	3344
2823	580
4329	2823
4580	151
4943	1139
3492	3116
2593	405
3616	2055
4156	7
1748	1185
3754	3116
3866	2438
4374	1527
3866	2142
1147	493
3704	3624
5003	89
4461	4220
5122	4594
4538	1996
4399	4035
2014	1912
5057	3116
1099	983
4789	3010
3354	2499
4776	2199
1051	35
3930	107
4301	2142
2716	134
5122	1211
672	541
1994	1958
2181	1207
2362	2108
4950	1243
3984	1527
2438	1933
3672	2438
3995	2946
4399	1555
4070	1419
4406	492
4985	2534
4945	1726
860	535
4245	3323
4086	2216
4970	1324
4524	4067
1746	92
4156	3622
4984	1245
4321	3223
4652	374
3778	3676
3818	1428
1836	1356
1897	1760
4210	1537
3687	2270
4163	4018
3376	2946
4981	4357
2738	25
3924	57
5039	4156
3736	2124
4907	4580
2245	1373
3995	1139
926	800
2555	1765
3633	3110
1386	1089
4390	991
2743	1396
4122	3581
5078	3754
3116	1746
4417	2451
1028	343
2709	2216
4750	3231
3116	857
3114	1806
1844	381
3646	881
4943	2616
580	339
4752	3493
3864	3564
3202	580
1291	1185
3493	1242
3116	505
2775	1180
4357	1180
5004	1710
2478	1134
1710	347
3376	630
3586	1453
3889	2312
4463	2108
3501	3237
3901	1836
4515	4070
2199	754
3116	1145
4326	3866
4776	2438
4021	2946
3810	1569
2216	1619
3984	925
4311	4067
4580	4144
4524	309
2438	1747
3686	1781
3072	2938
3121	829
2526	1156
3414	2385
2946	1866
2740	471
1533	716
5091	3920
3603	9
2716	1492
3585	926
3747	1819
4147	1213
4728	1270
2216	776
4844	162
3344	2438
4361	153
2547	606
4670	93
3056	788
2797	1152
4045	205
2555	574
1549	972
4254	1900
2661	269
2593	1752
4325	1866
4872	2582
4052	3996
4943	4419
3390	272
5011	88
4766	1187
2040	504
5120	3175
3349	2216
4500	3116
4492	4412
2952	65
3582	364
4827	4399
2661	2299
4971	1113
3471	1809
1549	1165
3866	1338
2240	67
3501	1439
3505	1527
4508	4021
3116	172
2919	2797
4702	2625
5047	3128
924	205
3414	509
1213	28
5072	4603
5146	4236
1524	788
2621	788
1527	492
3924	1892
2763	733
1622	1537
4972	4156
2468	738
3503	2989
3199	3105
3409	1438
1527	1313
4259	3395
4406	3533
3851	2152
2541	1132
370	272
2239	1164
4728	149
4156	320
3850	3736
3116	1952
4594	1692
3860	517
1844	269
2216	455
4326	1094
2845	2249
1505	960
3188	1873
5011	4495
4070	2358
1286	618
4070	1544
4986	2755
4156	829
4580	2549
863	701
2540	2090
1636	663
3026	88
3493	3026
4156	2097
3860	1453
4156	492
4116	2625
4227	3116
4268	1404
1878	100
1989	1887
2363	1938
3352	2057
3770	1553
3116	1553
2241	7
4729	3349
912	309
4156	944
3789	556
2850	333
2166	92
1686	1619
2249	926
3289	3116
4404	348
2181	1914
4752	1692
4418	1537
3586	187
3395	297
2661	1438
3566	3114
4523	3594
2234	1727
4236	1105
1933	1113
2946	387
4336	4201
855	296
4452	4201
652	208
3760	2627
4580	1415
4095	3943
5156	1521
3722	88
3422	581
4114	991
4930	3116
4326	299
4328	2018
3116	1900
3152	1527
2694	1678
4156	3456
4872	4147
2801	2521
3782	2360
3782	1980
4309	3116
4336	3188
638	580
2269	1094
3924	1386
3139	2934
4508	3114
4124	1527
568	0
4702	3952
3988	3939
2005	1527
3202	859
2013	1710
5079	3582
4399	3121
4147	970
3845	2617
3539	3258
3573	1640
1686	302
4752	593
5095	1145
4070	2417
2946	1180
3344	2311
4940	4859
4458	1504
3874	2199
1976	1710
2574	2015
2834	1250
4844	1527
4539	2934
4156	2775
4362	885
3004	1461
5080	3301
1633	1117
4355	4301
5008	1202
3603	1477
2013	930
5078	1093
107	100
4156	1938
3552	1826
3273	2733
3116	2904
2871	127
2709	606
3594	394
4376	3959
3742	2145
1781	1666
4764	4336
3582	1710
1692	1291
5095	1269
4185	1028
2867	533
4415	2312
3309	750
3290	7
4829	2541
4400	2254
4580	1348
983	152
4538	2245
4406	1159
2606	598
4776	343
4789	615
3603	2532
4844	4038
1907	1727
1051	357
4623	3056
4902	4764
4457	272
4823	2521
2716	2185
4308	866
2270	1553
2242	922
3139	1213
3476	1143
3769	3116
5043	4156
2805	1549
3100	2377
1565	121
902	587
5120	4752
881	473
4480	3866
1684	1131
901	354
2797	581
3501	1105
2661	339
1988	269
2301	580
5107	3825
2438	2031
1527	152
4118	3667
2178	1537
5020	2085
4156	2616
1991	1952
3974	978
4336	2312
2934	1730
2114	1843
4156	1094
3754	279
2755	222
2216	1537
4306	4156
5096	3582
4538	2845
3995	638
2216	1887
4972	1866
2199	92
1585	1395
5095	613
1654	746
3533	1748
2298	1113
4558	1585
3004	1185
3995	1120
3343	2505
4598	4393
4943	630
4156	780
2704	1836
4035	343
3323	2145
2708	2511
2312	2142
2321	1365
4827	3866
4623	2799
4086	912
907	896
5120	2185
2541	1666
5078	3864
4890	3180
3354	1192
4637	4041
1573	585
2582	2245
3739	1505
4400	1747
2372	1727
3810	345
2350	1527
3344	1168
1180	167
3952	2003
4070	1619
4156	2746
3984	3352
1276	74
4802	1262
5008	2438
1337	299
3847	2185
4142	1527
5128	443
2037	205
2775	1866
4954	1527
1727	1561
3116	696
4035	1527
4563	2216
5120	4059
2299	7
5042	3116
4656	1322
4623	46
3739	92
4156	4081
4156	2937
1135	154
3201	928
5146	3564
5159	269
3180	51
1958	1152
1338	1286
2438	1149
4645	2216
3116	449
4035	1553
2312	2212
4418	3185
4274	3866
5065	3911
1994	1573
3739	1415
3608	3313
3586	89
3724	717
5128	2362
3404	88
5127	556
4872	4397
3502	25
3972	1504
269	74
5026	3722
4273	2703
4734	3116
2834	885
4035	2169
3116	1699
2053	265
2312	1202
4435	4386
3190	3116
1068	763
3139	2216
2904	584
3646	1185
4156	3298
2438	2404
4189	2216
1036	517
3952	553
5159	4494
1948	1537
2490	1192
3552	2546
5089	4156
3943	3701
4156	4021
4192	2324
5026	2991
4156	606
4729	4070
4201	897
3924	2272
4156	1909
4301	2185
5117	4156
1324	393
5004	88
3395	7
3507	272
2216	944
286	262
4156	788
5047	1527
4798	2181
3810	2435
4598	3774
2216	2101
4640	2625
4021	893
4750	4132
3225	2242
4859	1058
1227	120
1654	664
2324	901
1505	1255
3114	1906
1897	1504
5078	2034
3116	1521
2874	451
5026	4011
2230	1996
1185	881
4958	1510
3116	1756
2574	2362
750	269
4565	4386
3665	1031
970	134
2114	1501
4640	627
4939	1911
1866	1640
4156	838
789	67
4496	1781
2438	614
3988	3056
3889	109
2746	127
4508	859
3203	710
4380	4070
5008	1608
4881	606
2362	288
2216	1936
4729	1113
2938	2934
3456	991
4890	574
3866	2755
2703	926
1840	1037
3939	855
4308	1191
3079	74
3539	3513
1836	684
2438	1640
4943	3818
3894	2216
3995	1701
2451	1549
2216	1653
5043	1884
2865	2312
3581	1849
3939	3145
3063	1844
3536	1094
2842	664
3924	187
4860	2892
3941	1453
1105	704
4815	1626
3991	1527
2495	2249
4201	3992
4399	2755
5020	3354
2753	2438
4418	1633
5004	3984
4752	983
4480	593
4960	960
5065	953
1035	25
4416	789
4814	1064
3866	3687
2847	2362
4934	855
5038	4361
1898	1322
4171	2852
4452	991
2306	790
4216	4156
1415	1141
4070	696
2893	96
2775	443
4573	4156
4067	309
3114	1314
2575	2210
4480	3988
3202	2616
4011	3116
3939	630
2438	701
3735	3322
4958	2210
1549	1426
1328	1243
2438	309
4021	1527
1893	342
370	42
2456	1666
2852	1654
5062	3344
3988	3687
1314	918
4787	4156
4509	3758
1505	762
1505	288
3435	2438
1527	1147
3533	1117
733	214
4162	2831
2755	2438
3121	2627
1866	1180
4156	947
4497	1068
4201	2938
1505	1492
4685	3116
4156	3981
1527	800
4480	4274
2053	542
4934	4399
4956	357
4560	3237
2531	1067
2852	154
3308	2490
927	556
3704	1945
3747	1348
2070	1726
3939	89
4419	1105
2502	412
2312	1692
2534	1727
4070	472
3469	921
1213	241
4463	2026
3939	472
1741	1419
2456	381
3421	2438
4070	584
2531	570
1406	1035
2054	1439
2704	1734
2053	1933
3582	521
2834	448
4509	1120
2294	1537
4156	2653
3413	892
4052	3144
3343	2398
4045	580
4189	3354
2884	413
4399	3866
5008	4972
2902	1537
4538	2435
4211	1954
4121	3116
1703	970
2534	1439
3382	2269
3582	3433
4480	2142
4646	3999
5146	3489
1415	176
5134	4406
4958	1503
3582	1604
3276	3116
2890	2312
4827	4480
4415	3586
4972	1135
3984	3736
3684	481
4393	1135
3920	925
4196	1588
2150	991
1191	343
5128	3677
3851	3185
3368	2216
2166	1394
2211	1067
2948	1396
3116	1711
3995	3202
3413	1746
4814	3839
4021	1701
3493	154
4191	2100
3202	2803
3988	580
2746	7
2157	176
1527	1503
2534	1113
4268	1873
1202	299
4362	4201
2230	1043
4941	4247
3677	3084
3752	151
4458	31
5043	517
1781	613
5078	343
3646	2106
4340	3116
3889	413
3839	581
4495	107
3344	1527
3988	829
3498	1428
4369	2871
2840	92
4860	3941
2880	2521
4185	448
4415	1747
3924	3533
5068	3754
4401	762
2627	1553
2989	521
4934	3157
3116	2899
1838	1338
4011	2438
3116	1401
3026	2626
1910	1007
4860	4156
5147	1549
2185	2178
2625	2507
3754	1461
3566	2959
4558	934
247	31
2270	88
1752	46
2610	2541
3116	2621
4481	3133
570	92
3536	1953
3179	1979
4458	3116
2468	507
3433	1386
4156	4024
859	677
2181	237
4573	921
4340	413
3573	460
1907	126
2347	648
2034	1835
3924	1654
1207	50
1532	924
4189	1903
3586	3026
2053	291
3116	1958
2166	574
4872	2782
4972	3202
275	229
1748	1537
4989	907
3717	3493
3818	1555
1836	574
5072	3924
4156	3692
1328	1032
4295	2438
5097	2216
3116	221
4156	3026
3866	1701
4480	4021
2361	831
1906	1190
3114	1105
247	132
2347	2014
1741	580
4508	339
4985	1207
2468	2374
1859	1244
3116	250
2249	2013
4839	3104
4454	1165
1202	593
1770	265
3944	926
4970	2716
4756	107
3769	2166
4306	3393
4580	3810
3552	866
2555	288
618	339
1873	423
3061	2241
2658	1270
3739	3179
4052	3984
1466	364
4971	2704
4502	4018
1428	580
4057	2178
3807	31
1480	1313
3646	218
4524	2975
4476	214
2013	1324
2904	2417
1958	664
2948	343
1747	7
2867	486
4156	3104
2803	2627
3581	2823
4480	3116
4267	413
4156	44
3116	491
3116	1268
3944	3736
4301	89
3689	2362
4573	4406
4529	1185
2166	1389
2606	67
4752	1028
3512	2810
1038	651
2534	1746
4059	1527
2030	930
2268	1273
3357	339
2031	1037
4357	2270
4156	2378
4859	3289
2362	1338
4707	2934
1396	613
2884	1068
2755	2269
1159	342
3476	1643
2420	1549
4933	1324
5049	4820
4874	1273
3116	1326
1937	394
2893	1626
4764	3404
3924	1585
3421	1527
3764	1765
3103	2850
4156	2696
3959	448
3939	3687
2555	2398
3189	1537
4752	4376
4171	3686
4529	1483
5095	1406
2003	1938
4255	4156
1601	1190
3116	319
4325	3866
3754	2801
884	134
3505	1139
2185	1671
1570	38
2438	1892
4383	1505
4880	2034
4308	651
4144	1505
2013	1503
4172	3077
4197	2438
1527	1419
3116	2902
2216	2169
4711	2438
4129	1185
3116	2057
3366	2547
2178	1505
3959	1726
4418	2185
5062	4538
4078	3582
4398	3116
2235	1626
1270	1119
4728	4156
3586	1409
2239	1938
1243	889
1582	1020
1746	1053
5091	1878
4874	4558
2706	2265
1636	157
5079	92
3591	2803
2627	630
4827	1180
3486	493
4480	406
2235	541
3352	1386
1862	568
4273	3116
2223	1415
4580	1746
3145	1135
1453	944
4624	3202
4185	2823
4829	2133
3687	1597
1710	42
3769	1537
4758	4183
4508	1701
2889	606
4696	4405
3646	2107
3421	3116
3901	2893
4156	2401
5024	1477
3091	2269
4417	4328
3901	1119
4985	4798
4958	531
4112	1527
3582	88
2713	922
1782	149
1703	187
3909	3116
2132	1324
3163	1527
3866	2627
4086	2230
3486	1147
4302	3539
5122	176
1338	1207
1912	1527
3354	2486
3004	92
4156	1045
2107	926
3789	1836
4362	1420
4201	3689
4329	3682
5068	5043
4196	339
2703	1505
4207	3920
2362	1454
3414	2092
5004	2438
4036	3582
961	801
1313	7
4496	3188
4561	4509
4837	3456
2541	1334
739	652
4220	2946
3754	2241
3165	2216
4554	2024
4926	1365
3116	535
3486	1313
2775	2269
5008	788
2959	118
4729	1873
2743	1527
4611	1527
3258	2099
4492	1932
5024	4955
4220	958
4646	1227
3616	2526
1549	696
5011	1747
3988	1180
1686	808
4144	3952
3145	580
5154	347
4176	749
3424	364
3262	574
1454	65
4529	3536
3114	339
3582	1288
4752	3289
2747	1980
2037	17
4433	3056
4461	3116
2261	1966
5008	855
4398	3387
4007	2360
4580	3672
3847	1710
4273	601
3061	918
4798	2037
3116	2975
1428	893
4702	1505
4121	810
3116	2624
1991	1692
1619	1064
3370	1678
4580	1938
397	320
866	148
5120	1191
4070	4038
5004	1439
959	930
2938	1367
4533	1255
4321	3488
3116	104
2389	1488
4776	3493
4934	3939
3354	3171
4701	3497
1056	122
4156	3722
3975	1781
3625	3116
2619	2199
2490	2166
3581	2799
2057	1527
2616	205
4573	1324
4874	1270
3810	2753
2299	74
3827	1062
4940	4156
5024	2053
4391	3273
1636	1113
3162	1527
3818	221
2934	982
3116	3103
3747	1907
3691	1549
4573	573
4820	3227
3116	2763
4196	2946
5062	2799
1671	815
3116	2216
5062	142
2616	788
3779	2913
4156	3008
4183	1619
4070	3908
4482	2268
2838	893
2888	1774
2823	2653
3722	7
2438	35
4236	1093
4243	3582
1040	269
3103	1136
1119	613
4130	867
3991	926
3582	3256
4159	3004
3116	2948
2829	1726
1082	354
2230	1988
3471	327
3116	1157
3116	3000
3116	347
4779	707
4764	3520
2627	1527
4082	1213
2775	618
4827	3770
4665	978
5008	3201
2438	492
3665	606
3505	3202
3941	443
4156	1838
3231	2312
2750	2661
1064	581
3489	2795
4236	2034
5078	3061
5011	107
3792	2746
1127	663
4045	3810
3503	3488
4156	1089
4480	2438
2362	759
3835	2956
4156	855
1536	944
3116	2848
4956	1627
3116	1435
4958	1703
4836	2216
4508	3505
2884	613
3995	1180
3116	684
1288	978
4646	3486
5162	4156
4630	1454
3993	1028
4554	2055
2929	1581
4620	2404
2929	2808
2526	413
4480	2775
5030	1563
4786	4452
3121	2142
4404	269
4480	859
5008	4156
2716	1255
3944	2511
1585	1058
3501	788
3116	1480
3376	638
3875	413
1549	448
4491	1699
1657	1057
4357	3853
3450	2704
5089	337
4326	3582
3582	1505
2775	1338
4163	74
4480	1202
2713	2216
1503	613
2847	1626
3471	580
2216	1815
2990	670
3061	2877
808	302
3456	1966
2801	1806
1834	730
3505	167
1136	269
855	167
4326	2810
3687	1302
2541	1992
4764	127
3368	1537
4943	829
5107	789
4185	2184
2199	1990
1324	1041
5097	601
3488	3058
3840	2919
2630	1136
4156	3830
3959	2555
4156	1537
866	836
2270	391
5020	3977
3428	3116
3116	1321
4558	1527
1527	493
2178	1726
4524	88
2156	660
4502	1752
2014	1313
2747	302
2169	1961
1625	1313
2531	1483
4156	3995
5120	4960
4827	3202
3701	3343
2626	1135
5095	509
3601	652
1775	1503
3995	580
4144	1938
750	333
2438	928
3189	2724
3924	3116
4196	3995
4813	3758
4798	2307
3190	152
2575	1527
4196	1866
1627	357
4129	272
4580	2024
2834	1812
4988	3488
4216	1542
4554	2740
4021	3818
2268	581
4144	1442
5138	3285
3582	944
2877	652
3188	25
4399	4021
3315	2704
3717	1907
2909	910
3800	1549
4070	3886
4156	613
3510	1527
3974	3116
2747	2360
4986	3344
3534	214
4220	2016
2132	168
2895	1537
3067	1537
3585	841
3625	1185
3289	2254
630	167
4399	1180
5134	1684
3116	1202
2294	2216
3758	3153
4603	2584
4156	3115
4758	1692
1670	829
1492	89
3981	1732
205	123
2350	1710
4405	2501
1727	1028
5128	4752
4970	786
4220	4156
4201	570
2729	449
4789	3823
3859	1227
3817	521
5101	3977
4001	451
4656	3414
1790	881
3397	879
2625	2070
3116	1355
4383	1098
2111	831
4958	3574
4696	3114
3952	1963
2803	460
5128	89
3121	1139
1549	1395
4787	921
3939	2810
1730	991
3662	2681
3736	3029
3323	2541
2070	2053
3116	2575
616	7
4243	2661
4156	1218
3201	3056
2743	2245
924	610
1599	1113
2031	1840
3116	1214
4766	74
2270	1135
4156	3840
4381	50
4399	3376
2360	391
2013	123
4603	309
4361	3116
4958	3469
4764	3359
5008	3810
1269	100
3322	2438
3924	2361
4907	3450
3963	1221
3866	2946
3382	65
4357	4035
2887	2312
2704	2533
4306	1416
1866	1527
2909	1701
3008	960
3368	1313
1703	1505
1553	1270
1269	351
3290	1591
4598	1190
884	416
4130	279
4598	339
4538	2361
2438	994
4480	3121
1727	1550
1710	1117
2934	2892
1774	1524
3582	3104
3236	2704
556	423
5021	1565
1633	970
3116	214
3754	1475
2185	1088
1727	1501
2185	343
4526	2312
3114	7
2026	92
5122	2373
4934	1527
5154	4067
1527	247
2838	2438
4821	3501
4798	1710
2946	2616
4956	1110
1191	836
3944	3114
3430	3116
4818	2775
4580	1074
4144	3116
3866	893
1488	1113
1286	92
3944	925
4818	4598
3845	1582
4059	2311
4156	1570
3376	2755
3901	2555
750	237
4139	924
4273	3201
4095	3916
162	92
4070	1169
4739	4156
5127	3736
4163	1477
4236	3151
4859	149
3810	1900
4311	4152
2946	2438
2205	2115
3116	2909
4326	3988
4907	2704
5120	2282
1870	907
3404	2871
2013	1453
4308	2199
4244	4156
3004	467
1727	1666
4042	3116
3026	2270
2241	343
2541	535
1649	1030
1906	601
4406	1884
3116	354
3094	1187
4198	4163
1633	921
4512	1537
5122	3258
3262	1752
4165	3008
5024	3116
3116	92
2204	187
2739	606
4526	1549
3116	1420
2840	1588
4723	2088
4407	3582
2627	460
5065	1726
107	89
1378	100
4956	2438
2230	492
3993	1726
3145	2363
2755	618
2199	1143
4872	4046
652	96
3924	3368
2704	2438
3719	3116
4684	1505
4302	3586
509	176
3201	808
2635	122
2764	1573
3116	1924
3100	1287
3810	1396
3201	1202
1167	269
1933	1642
4972	630
1553	829
2145	2132
4201	1293
3581	1252
3704	3116
901	7
3116	460
867	630
3352	25
1752	132
3592	3513
4442	4132
4156	3615
4156	1927
4267	1873
2909	1746
5091	1690
3350	2216
3717	3202
1003	881
4985	4554
2729	1795
4153	3817
3672	652
4088	3201
3531	3116
4480	1838
4787	2185
583	205
1873	1674
4302	2149
4508	1034
4529	4070
4254	2404
4279	4046
1838	1037
4366	2312
4156	1748
4764	3889
5011	2831
2249	413
1527	1099
3717	652
4306	100
5156	2850
3911	871
4970	1031
4646	123
4508	205
4059	2230
4728	4598
4580	4070
2945	2114
3421	2656
3428	3232
4711	580
4156	926
3190	2834
1625	629
3988	3368
4162	2312
4325	339
4386	4156
4821	440
3505	3121
4560	241
1625	1248
3586	374
2755	1604
913	652
3974	3581
4560	2241
3011	187
4036	633
3116	2682
4750	7
2404	635
3116	299
4207	2490
4399	2438
4156	3818
2341	1455
2053	1028
2547	1591
3447	1734
2536	2312
3930	2014
3758	154
4968	4758
5004	2975
4196	3818
2948	2438
5091	1185
3376	1555
4580	1861
3174	2957
866	173
3866	1720
1710	1671
4156	747
1670	1524
1283	1144
4981	4480
5120	2625
3114	1409
1549	991
4711	2625
4956	848
3991	3582
3390	1996
3939	2270
3344	1585
4319	2490
2913	2555
3866	3770
2126	1747
4315	1936
4859	4508
1914	501
3520	3026
4156	10
4943	1553
1670	205
4662	1505
3941	2351
4045	1979
5128	3368
5099	4691
4670	611
1253	269
4127	153
2216	1156
4827	205
3151	2230
3582	2351
1533	1527
2919	269
3884	3663
4823	4301
4495	593
4598	221
4960	2438
2685	2541
4598	4196
1626	1515
4356	580
5156	2047
2438	149
5030	4254
5034	2718
1793	1136
1250	1213
4984	1844
4503	3026
2299	333
4573	168
4319	7
2037	1322
3533	1083
2616	1139
4165	1035
3839	2704
1671	442
3839	2540
1156	88
2661	1328
3853	1440
5128	580
4156	404
4045	2755
5008	3056
2166	1781
2834	1213
3769	1185
3539	1836
3298	3116
4670	4201
5099	2850
4289	1187
5062	3309
3275	1501
4827	221
3995	167
4301	4156
1866	788
2181	901
4860	2203
2555	1030
3536	1613
2361	1851
3413	50
2584	1324
4060	418
4156	2212
3121	2775
1953	1324
4564	2934
601	533
5099	3960
2169	2156
3116	2532
4508	618
1878	1836
2070	89
4273	2438
5155	3248
3715	241
2582	1338
4156	42
2750	1243
4859	4001
2230	345
2090	1686
1701	638
2199	1488
3061	1314
5149	2210
4357	3145
2724	1559
4156	2893
4645	4165
1185	800
3687	3387
1454	89
1747	88
3315	1506
5091	1726
3646	759
1521	1040
1980	812
1283	670
4268	2166
2919	1873
2625	1250
4889	4302
3116	1866
4201	175
2185	89
4696	343
3048	1067
4047	3313
2723	1344
4360	297
3116	1907
2840	2619
3116	2005
4538	2803
3884	74
4598	3582
3582	1671
3739	272
3150	1625
4183	3653
5146	985
4728	4461
4156	2980
4804	3116
4336	3100
2114	1505
2575	829
2090	581
4088	1117
2181	501
3851	921
2535	349
1159	393
3336	2324
4393	3202
2216	288
2000	349
1218	651
3424	1932
3116	852
1670	1045
1633	930
4698	1898
965	89
2312	1453
4274	221
3665	3397
1866	855
2404	701
5120	1461
1923	343
5080	1313
829	630
2625	1159
1283	1227
3536	1642
1243	269
4196	1640
2511	17
4872	2731
3942	1056
3952	1338
2505	2166
4252	2838
3687	1537
1527	100
3116	3056
3866	1527
580	299
5120	3536
4872	829
4162	88
3988	593
3116	2332
3782	1686
1666	1626
4315	2989
4490	3116
2152	1094
4156	167
3497	1801
5128	1524
1255	89
1873	1221
2810	1670
3116	1903
5101	4872
4399	3505
3944	2555
2850	1032
3807	3659
2884	1996
3202	3116
812	391
4156	3817
4538	2230
3163	542
4418	921
3827	11
3581	241
3026	1527
3816	1477
1941	1666
2034	1314
3663	2799
2555	1781
3689	1752
953	907
3368	2865
5154	4036
4325	2616
4156	3991
3724	3687
3810	3301
4156	3939
5120	2241
3116	1259
3202	1139
3469	2312
2353	1726
1670	855
2867	892
3382	2053
3424	985
4956	2347
5008	1553
1640	1604
5008	4588
5072	2249
2438	1505
4362	71
4302	3190
2897	1727
4623	272
3026	1727
5127	1710
618	580
1286	829
2438	1428
1324	548
5128	3010
4267	3405
4509	2845
4045	788
4598	3920
294	67
3275	198
3424	3405
2085	750
3942	3817
4889	3004
4118	902
3722	1365
3344	3301
1037	928
4185	1113
3258	214
2746	448
4398	651
5096	2887
3501	205
4986	4144
3116	1838
4070	601
5057	3591
4339	1527
3582	2506
3742	342
2053	309
5122	4255
3116	184
3984	1119
5008	1135
3116	485
1626	838
4907	1836
4156	611
970	413
4538	3344
4002	2723
4371	4156
2526	652
5022	1836
4343	2656
3582	3145
4250	4156
3754	716
4201	2526
3995	3866
3116	1270
2584	1884
3116	1977
4306	272
3202	1286
2863	651
3789	2606
3988	3853
3839	2378
5117	1527
3469	122
3758	1654
5011	3840
4236	3864
3855	848
3343	925
2241	1190
1821	1527
4872	1809
3629	1243
4482	1527
4659	1873
3145	3056
1878	1613
4376	2203
4362	153
4201	1419
4664	4144
1117	347
1505	944
4144	1746
4268	4185
2451	406
4573	2145
1573	152
4902	2230
1326	1185
4130	4018
3564	3236
3116	977
4156	2347
4156	1117
2241	265
2438	1947
2801	1710
5004	2884
347	34
3322	2301
3512	1670
4766	4382
3924	970
2506	926
2541	846
4736	4360
3116	2382
4261	956
4598	716
3974	3354
3063	2090
2799	1836
2037	1207
5120	4086
2616	393
3782	1952
3582	1549
3739	584
3505	2775
2829	2410
4399	1553
3687	2216
2299	1521
3810	2188
4940	4070
3104	925
3116	1229
3505	2755
4789	2026
3991	1338
2774	863
2884	924
2709	1873
4880	1190
4970	841
2099	1032
3691	1927
2327	1537
4654	1710
4968	2108
3116	2675
4156	668
4538	123
3939	867
4419	4156
1337	704
3121	2616
921	347
3121	1866
2919	2216
4039	1836
5128	4860
2598	1119
2417	1415
1737	187
3471	2704
1996	613
3116	362
2696	2526
1202	788
2959	944
1670	472
1582	1082
2142	800
2438	1553
4281	4156
3116	581
1185	288
5008	1640
4125	2149
3116	1923
3850	2216
4956	7
4156	1522
4252	1505
4406	342
3056	593
4955	2239
3820	3116
2799	739
4186	3574
4017	1439
4943	3116
3811	3404
2254	1505
4156	3354
4407	1185
4940	541
2946	1139
928	747
1961	1138
4340	1527
3301	1912
5099	269
4509	2249
391	7
4153	3397
3421	394
1034	343
5042	2535
4598	1933
2658	606
3859	1710
4001	580
4326	2312
970	250
1527	339
2185	1248
5120	4156
4418	2013
3114	2034
2852	1404
3573	149
4201	1549
1740	1504
2526	1549
1933	580
4844	1313
1505	413
4989	621
4508	387
4196	2616
3488	409
3116	229
4302	1134
4859	2301
4812	4580
4011	1850
1933	1537
3805	2230
1836	154
3230	2704
4990	1665
1527	944
3116	264
4594	983
3539	3308
1684	1041
1287	1202
4114	1806
1671	187
3853	2803
4161	859
2763	1613
3752	3192
4156	1495
3557	3116
4464	3104
4972	2438
3977	2750
4435	1527
3501	2241
3114	704
1619	612
4984	4292
4220	550
3894	3395
5011	3366
4670	3533
3413	1455
4001	3582
2270	2173
2307	750
1034	580
4156	1121
5080	3116
4123	2456
5120	2989
4752	1527
4070	2372
2142	167
4480	1670
3587	1527
1213	917
4968	983
1893	1252
3552	3308
4156	4067
4984	3592
4052	1863
4814	2090
3304	3116
2609	275
3724	3067
1041	393
750	749
4743	3924
4311	2169
1181	394
953	773
1253	1136
3435	500
4776	1527
2803	1135
3789	1362
2739	1527
2584	663
3592	3308
4496	3133
1527	151
3866	3818
4786	1798
3704	1752
2099	743
3581	1996
3574	1527
5042	349
2625	2178
1674	1649
2990	1283
2752	2204
2803	2709
5120	1119
4664	4182
973	187
3503	982
1190	533
3924	3091
3690	1283
1338	89
4245	841
3489	1138
4021	339
5008	1670
1404	65
4156	3038
3189	601
3028	1167
4482	3116
3818	149
4052	11
3847	2013
3344	1906
3236	2656
4814	2085
1396	67
2382	1527
4970	3116
4750	2204
3818	1553
3431	2053
5091	3687
3781	3160
4156	2171
4723	2199
4011	3008
1322	501
3581	294
3263	1099
2398	556
448	28
4480	1338
4007	2735
1741	611
3105	2435
5096	107
4232	2247
5128	960
3105	1884
4803	4236
4220	4022
2887	1781
4880	4458
4035	3179
5134	3533
2438	1453
2459	1144
3370	3116
5107	4416
5159	2942
893	638
3582	1056
2069	1293
4045	1728
3008	409
1506	1136
3870	3154
2261	105
4588	2247
930	921
5159	4950
5127	2269
3512	1640
3248	2216
4315	1128
3582	167
3116	74
4301	3467
1703	1278
5010	4110
4495	2142
812	808
3486	1994
864	448
3067	580
1991	1466
3488	2502
3404	2501
1313	1063
4818	2627
3344	1261
3209	25
3462	2724
4872	2729
4156	377
1741	928
4067	2917
867	205
2946	1907
4752	553
4645	3175
4401	866
3695	568
5004	2591
4328	4118
4156	1396
4954	343
3026	21
3789	2625
2161	1527
3488	265
4981	2142
1553	1139
3131	272
1527	1454
2374	750
1912	125
4252	3663
4198	1432
4197	2946
1341	1248
4156	3686
3616	278
3202	2142
884	67
2584	1127
1536	89
4369	4070
4512	1747
4185	994
3308	1268
2814	1454
3536	1670
4196	3116
703	349
3860	2149
4156	387
5134	921
3116	2833
4088	3853
4464	3116
2653	1720
3026	2499
2511	1781
1671	1454
5120	3273
3185	2030
1733	1555
3789	1726
5127	3343
4399	1670
3114	918
2178	1255
4752	3994
3573	343
5043	2132
2616	1866
3582	3273
3859	1213
4827	1553
2216	1428
4096	3503
3010	606
3116	788
3665	3503
3534	2661
3603	1805
2169	1932
3901	944
3154	3116
4996	4156
983	924
4758	3116
2308	1834
1252	205
4958	634
3555	863
3116	527
2526	1836
3116	1140
4329	460
4057	2568
4750	2625
4057	2716
2867	1674
4070	574
3154	1549
5107	3930
4070	142
4941	3493
3414	1322
2877	2582
3116	2015
3739	374
4538	963
4984	4814
4573	4261
4433	493
1212	581
2372	2216
2829	953
3845	1521
5048	556
4308	670
3653	901
4908	1113
4603	912
3395	885
1202	1180
5062	328
2618	1859
2613	2240
1692	1028
1991	50
4156	408
5068	2030
3646	2183
3730	7
3591	3512
4196	1527
3736	3093
4302	1747
3999	2108
4956	35
1665	1064
3116	1120
1139	221
4302	3946
3820	606
4252	3375
4798	1322
3582	302
3202	205
3960	3116
4419	259
2547	1028
1477	1432
4958	1527
2178	1088
1156	580
3972	3354
3273	343
4399	1866
3275	2065
3557	422
2254	272
643	154
3103	269
3116	1063
3853	1640
2801	7
4943	3056
4156	3512
4640	2090
4433	3988
4088	2282
2312	343
2703	272
4315	391
4070	2534
3747	1051
3395	2547
4391	1454
2230	925
2047	1619
2574	1844
5091	100
4301	3582
1524	593
5008	4669
2904	168
1854	926
5146	3566
3226	351
3344	1483
4292	1032
4162	3810
4156	1893
3116	2459
1533	648
2053	501
1692	1527
2535	1113
4646	1527
1505	1088
2212	1666
4464	3154
4273	3202
4236	1906
4412	3116
2097	1818
2312	7
4156	3007
5127	3116
3139	1185
2438	1094
1840	1549
3237	2034
2803	7
3503	1031
4401	1582
5010	881
4464	2398
4752	3162
3840	1473
2801	2241
3304	1891
2582	704
3818	1135
5011	3686
2374	1619
3346	2362
3810	2763
2308	1167
3493	2216
4070	1666
2347	613
1703	89
4178	963
3435	1747
4369	2216
5107	2501
4156	2793
2616	1537
3864	1461
4972	829
3008	2077
3774	1692
3067	1727
1727	1515
3582	580
1994	1221
5128	3573
2307	269
2456	74
4139	1938
3116	1099
2991	7
2884	831
4156	3480
4580	252
364	38
2877	961
4638	3145
2324	1439
4211	1588
3866	638
4823	4156
4156	2956
1263	7
4721	4361
2146	391
3742	3058
2203	928
2152	1113
3086	269
3665	521
4155	2373
2832	1555
3995	3818
1119	343
4958	2575
5120	3105
4247	3103
1097	349
4872	2655
5097	1506
4464	1270
1527	1373
3382	2216
3920	2625
4481	4156
4968	173
4156	3236
4156	3227
2617	696
3770	3121
4357	3368
4038	1549
3116	743
3853	1378
4573	1884
1701	1527
5128	880
3782	2735
3789	10
3566	2034
2438	1016
3665	1056
3048	2762
3116	612
3847	347
3145	867
1185	142
4152	3754
1527	1344
2685	2657
4035	3816
4018	1432
3185	930
3488	2351
2919	1727
4433	2142
1934	1734
2916	618
1313	648
146	7
963	16
3646	2713
3395	606
1901	123
3201	88
2362	2003
3116	283
4506	1036
4415	2204
4455	1549
3116	50
2216	2178
4509	3924
3552	3116
3983	451
3581	2694
2831	2436
4156	184
1527	638
4859	601
5011	1727
5008	829
4391	1270
3860	2438
3739	2199
4177	1844
5067	2820
5034	1524
1248	1041
4156	2268
5021	910
2108	1627
4789	2654
4156	2990
653	416
1727	1533
3860	1633
1801	1461
4951	550
3735	2706
3952	2820
4057	7
3382	1775
4012	2846
3315	1328
272	223
4941	42
5029	1527
4201	3165
4326	3939
3747	2443
3573	3455
2501	1091
4889	704
5051	2166
1979	149
926	859
4070	3975
4096	1056
1862	387
4896	7
881	127
2307	866
4114	3236
3941	2775
3724	3582
3988	1135
3747	3293
4201	1731
3687	580
1138	296
3534	1527
2216	2106
2327	793
2438	221
3601	2053
4538	2013
4986	3536
2610	1527
2938	2212
3724	1058
4156	953
1597	670
3498	618
3079	349
1187	1020
3995	2438
4244	3810
3026	1747
3942	982
3782	1936
4508	4480
1440	935
1443	651
5033	3582
4433	3736
5079	4156
2362	28
5062	1884
1801	1051
3116	1622
1710	1514
4321	1256
4201	2919
3202	638
4772	7
3581	2762
1838	1527
4039	2934
970	67
3724	618
4039	1626
2575	944
4827	788
2301	387
3488	1774
3231	739
4361	885
2030	1536
4399	3474
3114	2801
2555	2404
3	0
1911	660
2417	2199
5120	2216
4902	4386
3534	3116
3492	2774
1420	848
4236	3114
4259	1686
3116	2506
4152	2584
4497	1727
4399	2946
1703	67
3533	1088
4646	648
4943	3121
2922	1549
4972	1286
859	638
613	205
3104	1338
3988	2270
2511	2478
2959	1185
3586	970
4958	1483
2362	92
4837	2261
1505	1067
3810	922
1727	96
4399	893
4116	2404
3056	1640
3839	1844
3582	2531
859	149
4705	92
1252	259
3864	1454
2360	1980
4070	1113
4908	4220
4538	1396
3853	788
3258	2108
4958	3275
4384	3116
4818	3582
3114	601
1619	983
1774	796
1454	7
4156	1105
4376	2582
4121	1494
2404	902
1775	92
3500	1948
1074	269
4130	1727
2362	2184
3153	746
4872	3557
3591	89
4779	4399
892	553
570	556
4156	105
4972	4088
4958	613
2030	580
5155	1527
2341	920
2307	2145
4399	339
4880	3491
2625	205
2511	96
4070	144
4156	1190
2013	1996
4021	3357
492	343
3730	3116
3116	578
2030	347
2735	1936
3695	2171
5008	3770
3488	1684
2270	1604
4779	2312
4972	205
3116	580
4405	1627
5074	684
2723	800
4495	2943
215	74
4036	3359
2575	343
4404	4308
3352	2777
1185	100
3038	2817
3105	1037
3687	1670
4958	1467
3691	3646
4162	416
3555	1132
4142	1873
3422	449
4480	3376
3851	517
2547	1934
3413	924
2978	1261
4177	2934
3116	2762
3116	2979
3513	153
4152	1454
920	265
991	283
4144	2948
3114	1483
1127	309
3739	2417
4035	205
4943	299
3914	3308
4435	925
4095	2704
2270	1670
4594	1373
5008	2142
3010	1934
3145	1202
4494	1521
1524	630
1604	149
4757	4156
1475	272
4156	2282
2438	970
5146	2718
4183	316
4461	2521
3889	2482
2459	1218
2657	653
2775	1202
3469	1067
3376	1588
3817	879
2775	221
4508	2269
2555	1043
2541	1348
3237	3061
5008	3853
4399	4273
3354	1897
3026	2216
3153	333
176	121
2938	2353
2904	1778
5008	3953
4729	4558
4156	1524
4045	3573
5138	2092
4399	1202
3736	1313
3789	2053
944	343
4138	1813
2145	393
3116	1569
3116	872
1106	343
2803	472
975	343
2085	1328
1404	664
4979	3114
4502	3855
3582	1350
2341	902
4259	2747
1527	1028
3536	1202
1503	963
4070	959
4627	2625
2946	2838
3116	1191
3736	2100
5107	3104
5068	1527
4656	74
4872	4645
4156	1302
1897	1863
4752	7
2108	1563
2743	123
4968	4051
2132	1884
398	327
2616	1604
1190	17
4156	3121
4412	1932
4728	3488
968	568
4398	3870
663	309
4815	3488
1961	1932
522	222
4399	4045
3202	339
5048	1710
4301	2531
944	928
4943	3724
4554	2181
3646	3435
3139	2269
3875	1671
1088	7
1730	1537
1937	1710
2593	2181
2501	89
2904	272
3493	892
4907	3026
1838	387
2438	403
1058	7
1314	1138
5011	89
4002	2704
2451	867
3810	1168
3984	2723
1994	1147
1324	151
3857	1396
4934	4383
2946	339
1156	991
4110	3739
4178	2840
4301	3860
4750	3582
3860	3851
2513	269
4176	3153
3108	3104
2847	2185
2627	1135
1741	1455
4124	7
3227	68
2894	2490
4956	3104
2658	1527
4772	1527
4156	4153
5128	1034
3011	343
1671	393
2495	1406
4156	4124
2242	881
5004	3747
4764	2478
2249	2230
100	34
4489	17
1283	354
4899	2254
2216	1326
4156	879
2216	1254
2438	89
2535	920
4970	2185
2245	1386
2438	2282
2775	1782
3116	1113
4972	3988
3890	3620
4908	1117
4538	1386
2609	2584
3116	2755
4896	3104
3930	1585
5026	2031
5004	7
681	569
2511	1041
3507	2934
3435	222
4752	952
2817	1636
2203	1549
3225	1003
3086	2774
3995	2616
4274	2245
4252	2598
4859	3724
2880	2865
4194	716
2341	1494
4814	2661
5072	1120
2713	1132
1505	349
1113	28
4872	3789
5026	1514
2438	1671
3724	2775
2282	343
2459	635
3810	343
4301	3953
4357	4301
449	269
4827	149
815	88
2190	1582
4045	2526
3536	2312
4907	2938
4736	297
4645	1213
1720	205
3488	2199
4383	3924
4273	1604
3995	1866
2312	879
4766	3924
4603	4036
2468	504
2262	684
3747	1892
5021	2065
1553	788
2216	1734
2015	176
3924	2884
5068	2132
4789	773
5138	2654
3687	855
4764	2511
4565	294
5120	1604
4663	4156
3687	3582
2438	339
2956	272
4461	4415
3304	928
2703	832
3939	3582
2606	614
4924	3116
3464	1396
2931	2884
4594	4011
2074	835
3991	151
5128	3536
5025	1527
2031	500
4743	2808
2865	2810
3689	3116
1701	1640
1710	1633
4827	4021
3853	1727
4399	1527
4972	867
3995	339
3503	521
4052	3827
4336	1250
2627	1866
4594	925
1262	739
2145	1684
4554	1074
4088	3056
4242	269
3817	982
3653	1203
3687	1524
2216	959
3646	1012
4867	975
3116	1504
1113	1047
4766	4156
4972	2661
3116	2161
3350	542
2299	2090
2047	750
2547	71
1907	343
4397	2938
5091	2451
2884	1938
4274	580
4156	3738
4827	1866
4480	3512
2185	930
4941	2374
3747	35
3983	1665
4623	3789
4399	3818
2591	912
5008	3988
4902	3116
2047	1415
3352	1396
4325	1782
4985	237
1873	1503
2945	953
4024	3963
1428	638
3864	601
4798	3414
3114	2282
2613	252
4156	3157
5021	3582
5127	2321
4399	299
3489	2241
3018	1367
1994	1119
1917	1692
5080	544
2627	2245
4594	1666
1094	580
3459	2438
1117	930
3026	2436
2946	630
4114	985
3991	3116
1692	1099
2216	1933
1180	638
3483	3116
3651	2894
3116	1873
1159	1041
4588	3988
1058	580
1527	1349
4701	581
3847	3185
1613	309
4729	100
4302	3513
2747	391
4201	3853
2575	1510
3116	2184
3188	601
5012	449
3237	1105
4487	1504
788	221
4405	3324
3323	2312
3796	3026
2372	991
5120	5071
4611	1671
5011	634
1906	1314
4156	1431
3901	3358
2990	2593
198	142
4859	3853
5078	2241
2459	2099
4156	2946
4325	4156
4955	3659
4156	3963
4563	1734
3505	788
3668	3104
4872	3048
4357	3687
2242	1003
1741	1619
4934	2803
4508	3121
2438	1642
1878	1549
4972	1553
4460	187
2770	1252
2738	717
3939	2173
4405	3442
3943	2249
4012	2492
2108	2026
4573	275
553	291
5128	3555
3924	1119
4743	1670
3054	118
1455	924
4124	800
1071	7
4125	3860
1794	442
1936	887
4021	2627
1604	1555
1141	1138
1741	749
4161	4156
2526	100
1324	342
1483	1270
5020	581
3505	1604
3810	1386
3536	1168
3974	2468
4705	2362
2991	2438
2727	2555
3067	2216
4685	944
1185	7
4201	3557
3175	25
2438	1666
4384	3414
1461	1314
4603	3007
1094	909
4152	3536
1322	803
2795	2270
3566	649
2704	2547
4270	1477
2013	548
2653	339
4306	2018
3870	1527
4156	544
3501	3074
3502	2245
3774	149
1604	1553
2658	960
4163	404
1527	360
3428	1321
1527	125
4325	1701
5128	4357
2626	2142
4384	3703
574	365
4729	1912
4156	630
2750	269
4384	272
4902	871
3941	3104
2124	1227
3582	222
3226	107
3382	1454
4889	1409
2438	88
4132	580
3724	1287
1633	347
3202	2755
1604	1286
5095	3247
4045	3853
4823	2889
3677	3114
1334	451
2438	347
3539	1549
1094	205
3150	2893
5110	2438
4070	3350
1256	1024
2372	1726
4580	3206
4452	2666
4521	1626
3116	1842
4752	4156
3763	1844
4156	1740
4007	302
1958	1350
3582	2946
3290	3104
3536	1636
2894	1527
1588	1553
4070	1028
4306	3313
4681	3472
3984	651
3501	2840
4960	1527
3736	3358
3202	2361
3114	2877
3672	485
3202	1180
3289	1058
4301	2031
1619	507
3738	622
4003	71
2132	1288
2959	2526
2436	107
4262	3116
2438	953
4070	3947
3505	2616
1248	573
4156	4147
3855	1752
4968	836
573	168
5099	501
5049	517
4530	3116
4301	2013
1462	1119
3939	829
2247	153
4508	2755
4814	1517
3959	2763
1480	1248
1866	205
2582	1527
5051	630
1684	342
4156	1751
5120	3994
4042	2468
3736	610
3646	965
4306	1626
1782	205
1740	852
4549	4182
3770	1866
3469	1747
4883	978
3486	1527
3687	1747
4071	2166
5003	451
3689	2938
5021	2909
4508	3724
1537	1194
5010	2203
4242	574
1324	573
2241	1105
2245	149
1948	1373
4728	1527
4315	2545
3754	1138
4156	2930
2404	347
2884	2361
4711	2591
3512	3056
1527	275
3582	2545
2216	859
3250	1527
1613	1159
5146	1461
4789	3581
4530	3493
4702	3493
4070	2055
4045	3944
4321	3143
3533	442
3840	2534
4156	181
3939	1524
1809	1213
5101	4042
4711	4508
5089	707
466	92
3116	1221
1131	533
4580	2533
2466	74
4021	3505
2166	1236
4088	3988
3900	3116
4844	4433
4156	3344
3116	291
2216	2055
2216	154
3686	107
3488	1752
1701	1139
4302	3592
2108	457
1866	1553
2347	1994
3758	3103
4752	2438
2750	581
4670	2438
3055	1873
3116	1068
3116	431
2311	892
4336	4301
2616	1180
4021	1555
5068	3774
4398	2704
3505	1180
3536	2591
4943	2775
3376	1180
3944	1692
4227	4156
4509	867
5094	2230
1746	994
4814	3884
1626	1028
3816	3366
3502	1873
4624	3582
4398	2456
3582	2490
2311	374
4787	930
4042	2416
3722	3405
4369	4201
1322	509
4677	2097
4970	1492
3343	92
3672	1180
2417	2053
2840	2438
3116	152
4561	3116
4082	448
3769	2216
610	214
3752	611
2361	963
5120	2840
1678	1322
4624	1135
1149	746
5095	5062
4397	1710
4274	1094
4070	3470
2904	1734
1670	1202
3860	241
4206	970
4336	1288
4070	542
4156	2627
4480	3474
2829	2625
3996	3827
4554	343
4020	3308
5101	3922
4045	3104
4336	357
2593	181
2817	1747
4960	1270
3114	343
4406	1684
930	773
4798	2451
4943	2755
4656	501
1692	1619
1640	859
1024	655
4206	2240
4035	1933
4273	867
3237	3114
3930	1912
5051	3646
4156	65
3395	288
4986	4859
5026	841
3582	3474
1914	901
272	152
573	393
1838	618
3769	1726
3273	1451
3450	800
3063	866
2438	1043
460	339
4659	3026
3113	1782
2541	1053
2289	2085
2541	892
4156	2391
5146	3581
3028	2099
1671	580
1527	1191
4211	961
3981	1891
4376	176
2793	187
1056	521
5095	7
4958	944
3116	1933
4018	2216
5068	1884
4814	2850
3116	31
4580	3717
5062	1404
4465	1710
2155	1270
1842	1113
1527	123
4001	1058
2249	1527
2346	1537
2581	1690
2625	272
4201	574
2312	1747
4580	3510
2262	1064
3175	28
2108	1728
1640	638
5042	1113
930	928
4958	1278
3303	2016
1979	1527
3995	1527
2145	342
3414	1213
4156	684
3382	733
4728	343
1958	1907
187	88
4182	3248
5091	896
1727	796
4495	4326
4325	3376
4273	4130
4156	1144
1573	1012
88	67
4734	2438
3116	2627
1671	1248
3471	2312
2887	2536
4526	2526
2040	1844
5095	556
1866	1555
5010	2541
3782	391
4419	1454
4598	1113
4156	2911
2946	2270
3988	1553
1878	991
4197	2616
3231	1098
2132	1684
2092	501
4603	1636
4958	2884
4872	3026
4078	1747
2885	451
2090	1415
4415	3344
1692	601
4827	2909
4156	1821
1180	339
3686	1573
2884	1532
4814	2040
2666	100
5027	3116
5026	2581
4827	630
3116	2317
4558	1912
4598	3114
3704	1187
3785	1140
3686	3442
3995	2909
4968	92
1492	1088
3939	3853
2534	1362
4156	649
2852	1120
3816	3116
801	652
3116	1370
4950	3839
3582	2984
4738	3691
4373	955
2490	1527
1003	987
1654	1404
3428	1726
4560	279
2625	1643
2099	1521
4958	987
3512	1342
4495	3116
3996	2099
3366	107
1806	985
5138	1425
1958	492
4972	299
4984	2085
4156	1504
3008	1439
4220	3116
3438	2166
3122	2099
4509	664
1912	1313
4968	1504
2846	1643
3190	1537
3984	205
3236	1314
3840	1375
3840	2752
3056	1453
4787	347
1527	146
2909	1501
2053	1415
4357	4326
4798	509
5068	2443
3591	2438
4070	1747
4399	4393
2133	1527
4972	1640
1626	10
4907	4095
4480	4356
630	205
2893	2884
4273	1527
4580	3493
2067	25
4859	2269
3758	643
4183	2593
1747	1727
3795	3116
2752	2358
4890	2713
3739	3366
3436	3116
4968	1209
1878	1747
5020	4984
3556	970
1041	573
1682	1527
1553	638
187	89
1113	593
3859	1527
4802	3116
3620	1527
4045	1024
2531	187
3188	3074
4815	1897
4502	1057
4984	2468
3614	574
1003	123
4492	4311
4623	96
4738	1549
4603	2067
2850	2797
3056	867
4418	930
3116	1295
2099	2047
2613	2438
4070	2212
3536	1524
2884	1527
2606	629
3792	621
3573	3536
393	168
3988	788
3497	2956
4958	3810
4302	3552
5127	1873
3866	1866
4728	893
4156	3571
5120	533
2746	767
5080	4874
5120	3853
894	601
3262	924
2264	1527
4480	3201
2145	1159
3150	187
5004	1836
1732	624
3289	2653
1461	1138
3853	1058
2584	2067
3581	2000
4925	4380
3581	2834
1527	704
3007	309
4940	2438
1734	1727
3322	2590
3309	2466
2625	1419
1451	730
4603	1953
1670	1302
4156	267
3642	2466
4575	926
4968	4183
5134	2511
1527	1510
2946	788
4153	879
3116	2249
3304	0
4156	4057
1094	1034
2299	1844
4461	2871
4156	3586
3116	425
3114	1067
3104	1185
3995	893
3704	866
3924	580
1686	391
5062	4791
4603	1127
2775	2653
3323	2716
5016	3274
3923	50
2372	885
4839	7
4752	1404
3237	343
3108	1952
4907	2438
4728	2312
4985	2085
4476	2199
1873	295
4890	917
580	460
5072	3810
3582	2203
4185	38
4702	4198
3488	1649
2576	364
5038	2407
3493	1505
3924	2909
4419	3104
4171	107
4399	1120
1996	1746
2930	2216
3377	2204
2090	750
3916	1253
3687	2312
3818	2946
2845	492
288	272
5039	1285
4130	1537
3840	2347
1765	717
3533	2230
4391	3116
176	123
3901	1270
3736	1395
2847	2013
2017	1185
3866	3376
4506	3864
4827	2851
3901	2410
3289	2301
3754	1093
3153	978
4785	2617
2026	1113
2803	747
1936	812
3839	2850
2013	1613
4924	4156
4156	3792
4526	1851
4899	413
4045	960
4457	3116
2216	1420
1549	965
2803	89
4078	3026
3690	861
5154	3471
2554	2216
2203	88
3334	44
3390	2799
3512	279
4798	1914
2216	153
5099	2704
2296	928
3758	2495
3352	268
2959	1227
4156	3865
4376	3686
387	149
4568	4419
4789	606
3539	2975
3789	1185
3104	1728
4201	1028
1588	1047
2166	1419
4376	2438
2301	2269
1844	1741
3116	1159
4198	3855
1415	451
4492	640
3344	2582
2312	89
4035	1415
4934	299
3111	1537
2892	1727
3924	364
3566	1461
2852	867
1666	1537
3687	1549
4418	347
3116	1775
2301	1034
4045	7
2833	1991
3121	1524
2347	123
2230	1505
1953	1127
4524	1636
4018	3984
2212	100
4147	88
4314	4156
1734	917
3493	1283
885	542
4623	2865
3428	2099
4491	132
3555	1396
4236	2241
746	154
2531	1710
4624	1866
1549	46
2085	1253
4764	2438
4518	7
5128	4206
1812	1727
2921	1537
1527	1120
3866	1202
5094	2647
5008	7
2053	1887
4315	3665
2541	2511
2743	613
4652	4156
2099	2090
3889	1549
5004	2312
4156	2458
3740	3026
3995	926
4580	2166
5147	3116
1454	926
4196	2755
1453	347
3231	1652
5024	265
3116	627
4306	1367
1728	92
4402	3999
2099	1622
4752	374
4286	4285
3796	2312
1527	213
2241	649
2216	96
4242	2750
2591	2307
3736	1165
4907	961
1537	543
4880	3489
5011	3586
2230	2210
3231	2230
3687	3443
4273	3145
3116	733
1549	1213
3573	3492
3008	2658
2703	1527
4357	3573
4201	1690
4130	2216
3742	573
2938	1666
3853	928
2499	1130
593	299
2713	1726
4722	3116
4081	1727
4729	1395
3533	1492
4340	89
1180	149
3116	58
3944	1527
4433	951
1734	1113
1858	603
3374	1028
4387	1477
3924	1113
5146	3114
4405	1692
3295	149
4756	1930
3428	2661
4070	3557
4934	829
3995	788
4301	1747
4880	4728
2373	1527
5038	696
5004	413
4156	109
4656	1438
4393	1503
3116	892
5024	2166
4086	3646
2919	2516
3774	2438
5159	4070
3770	1180
5138	3344
4494	2047
4926	703
1991	176
5008	3939
1775	924
3488	2735
4968	866
4067	3007
4196	1553
1934	1892
4738	3924
1782	1640
2541	1736
1527	1083
738	354
3566	1138
1527	374
5122	3116
3116	2385
4503	3735
829	205
921	442
1202	855
3247	1030
2850	1741
4242	1727
2884	2057
3851	930
2750	1665
2526	580
3818	339
1180	630
3665	123
3129	1136
2842	154
4480	205
2040	1243
3739	2703
1549	1156
1991	1113
2438	1489
4955	3807
4292	198
1129	74
4580	1349
4652	1261
1961	1911
4156	485
4448	2625
2438	961
3534	2099
4196	4021
4789	961
4728	4594
3536	309
3063	762
1537	144
3428	1727
4670	841
4729	3924
3536	1720
2880	2301
2757	1746
1537	96
1135	205
3116	1918
3421	2661
3774	2466
2499	855
4021	2616
3582	854
4201	1537
3343	3116
3008	1599
3145	2142
4197	1338
4156	56
3724	2269
3304	2418
3901	187
832	374
4183	1243
2270	894
5033	2031
3231	2216
2750	449
3690	3510
3349	3116
1537	574
1037	7
4728	3295
3724	2142
2389	2269
4070	910
3536	893
4156	38
2216	542
4872	2772
3116	1211
4844	2312
2877	2851
5051	4399
2310	2216
3026	187
2185	985
5002	3646
1933	1094
1533	991
3510	2863
3362	1527
3116	810
2852	664
4156	3582
4874	2014
3497	939
550	275
4529	38
4702	3377
1248	930
4052	2312
1203	501
3518	580
3586	88
4554	3116
1495	1344
1873	1692
2443	1461
3866	3582
1455	509
3603	3072
3488	2353
4418	1671
2755	630
3668	3116
2840	902
3574	3116
5107	4095
4201	4029
2803	1642
3056	1670
1527	274
4070	2695
4705	4144
5110	100
917	17
3163	1283
2789	1527
4823	2438
4960	2803
4823	2261
4036	2591
3959	2216
3038	1953
3533	393
893	205
2438	703
2501	187
3908	1250
3810	607
4934	1202
4206	701
5042	1770
4940	2269
4399	2775
3404	151
3424	2442
1782	1710
2739	1710
4827	339
4376	3556
2438	222
1791	652
4823	3116
2829	1727
4320	7
1727	1239
3505	3116
5080	1585
4872	92
4308	2486
4558	125
4872	4326
4711	1185
4603	4524
1140	729
3209	907
3683	958
1657	648
3143	1873
924	704
3116	1642
4376	3739
3342	1666
4702	4415
5034	1053
4163	2934
4734	1527
4268	4201
3067	2036
3139	100
2312	2310
3004	1190
983	316
5024	4070
5008	2270
3842	2499
3352	1527
1909	106
5068	1149
4728	2627
3739	1252
4055	566
1760	1581
4734	3114
4302	1834
3456	7
3116	2092
4399	3202
4640	1203
5095	2526
1322	595
4940	2053
1074	120
3393	1537
4194	3853
5032	3840
651	152
3058	127
4201	1063
4057	1505
4321	2541
4067	4036
4011	1873
2053	1419
4306	2426
4159	1660
3116	252
2311	1861
3739	1958
4685	4156
5004	1996
2894	2294
2547	2185
3825	1451
4940	580
4815	4376
4442	3100
2575	2361
3211	2746
4055	3116
1961	707
2240	1035
2361	2111
4503	2521
2401	288
2270	167
4746	1288
5107	1726
3573	3114
4172	4156
3505	859
3864	3493
250	100
2661	2040
4452	1991
3762	2235
4088	3061
4798	4656
4524	970
4972	4508
1884	309
2113	1089
2797	449
3421	10
4156	1022
5021	4981
4376	2731
3488	796
4393	2350
4301	928
1652	1098
4658	3160
4524	4156
2584	1966
4045	1640
2575	1089
2770	2582
5020	1527
4630	3573
4975	4902
3860	3456
3116	586
2729	1710
4508	167
4419	704
1461	1093
4835	4156
3866	2245
664	643
1613	1185
100	96
4685	970
4400	3682
4509	3433
4580	374
3770	638
4814	3422
5058	2435
4186	3188
2625	1809
4156	500
4508	460
3995	3121
3581	928
2044	613
3736	2743
4144	2362
1727	1517
2661	750
4156	3534
5008	3104
5120	2753
3227	902
3450	3210
4021	1866
4743	3930
2803	167
1690	541
4336	1051
4495	152
3116	896
1710	1159
4580	92
4045	3770
4787	3185
4956	3453
4156	3884
4201	3745
4815	4201
4156	1752
3298	1626
4156	1923
4156	1527
3853	3100
3616	3230
3739	1527
3385	1806
1555	167
4908	275
2755	1139
272	83
3810	327
2099	1345
3864	3114
3443	580
3994	1135
1710	442
2723	88
4617	343
2438	1338
5128	3941
1838	460
4325	3582
1537	1517
2659	2211
4791	2468
3368	2438
2840	1542
2204	1549
2327	684
3687	299
3943	2938
4482	1891
4201	1252
3450	7
3977	1170
3488	2492
3585	952
4029	1527
4481	3518
5095	25
2534	121
3770	859
4156	3056
3250	1467
3594	1181
4147	89
2108	1004
2555	2070
1834	1063
4399	1640
3121	221
4526	4461
2442	397
1884	1636
4508	630
2053	1781
3920	2575
1563	358
3231	1527
3944	1185
958	611
3724	2301
4247	1136
4183	2362
4156	456
3674	1037
4565	4156
4457	2904
1178	327
3662	1917
1040	581
2774	2312
3202	1604
3920	229
4529	4156
1755	120
2264	1345
2142	1733
4156	35
2897	1185
4814	4046
3275	1565
4070	1034
3350	3343
2591	1727
4189	100
1056	982
4156	4065
3100	1727
3582	187
3343	1419
4495	1045
3638	1187
2040	449
3202	1553
440	92
2306	935
5120	299
3409	1322
187	134
1532	1396
4640	2540
3116	2197
1701	788
4765	2147
2865	1524
3056	2142
2199	1762
736	474
349	275
4984	1619
4376	1812
584	89
5002	1467
2067	1873
2307	2040
3108	1527
2526	1873
4402	2374
3839	1741
3121	2755
3943	2555
4813	517
1221	1143
1135	677
4460	4110
892	374
3116	2832
3533	2459
5159	1619
3581	328
5062	4156
1746	7
3591	2810
4827	4508
3237	2801
4664	92
4884	4752
3295	2584
885	107
264	7
3061	1190
4598	443
4156	2929
4860	89
5079	4088
3202	2661
1692	1119
3724	1113
1907	652
4798	2293
4086	3860
3049	1537
3573	2438
4986	618
2347	1695
4417	1477
2582	2216
4968	2184
3301	1893
2417	1727
4070	614
4021	3376
1337	1252
1626	836
4860	3582
2438	167
4070	3999
1286	859
4001	2438
4171	3366
4070	3054
1604	1180
5071	1873
4960	4728
3185	2625
4638	1227
3810	175
4206	3231
3436	415
4676	2372
3104	893
3533	1727
1836	960
5080	585
4405	2723
3424	3350
3582	205
1819	320
1064	333
2621	1187
4872	1619
4818	443
4183	1419
3063	2468
3116	994
2199	1734
4972	3816
2111	924
4872	2293
3493	2582
1636	1613
4325	3505
4480	2909
3505	1094
3100	443
5095	3026
1527	779
2299	1665
5122	4588
3067	1164
4329	2190
4245	3674
2347	1313
3674	3405
3116	1966
2763	1227
4252	3820
3377	1652
4956	1947
4988	595
3026	406
3202	1094
542	229
4156	1255
1727	1473
3452	3116
4988	3792
3145	3121
4804	440
4046	74
4147	187
1105	649
3715	1527
3993	272
3498	1588
3952	3421
4406	921
3322	871
4302	2254
2030	222
2374	924
5016	343
4523	3044
4220	2353
5089	2269
1074	553
5134	168
3357	2438
3145	1524
4357	3056
1503	925
4943	3202
3779	214
4163	3354
4336	4156
4156	3201
4011	25
3999	3493
5078	918
1917	541
4958	570
4369	270
1996	1532
4580	288
3736	3122
3116	2293
3552	3121
3557	2216
460	149
991	109
4598	1727
3864	2241
4812	4752
2990	354
4088	3939
4752	3301
3770	829
4455	1285
4306	2921
3395	100
5138	4165
1549	1106
3333	952
1461	649
4480	3818
4890	1683
4495	1269
4495	2803
4433	1652
1495	1159
3512	1524
1185	235
2840	704
3959	2053
3116	2927
3202	1527
2181	269
4779	901
2265	445
3581	2863
1714	187
2216	584
4855	3116
4461	1863
3582	3512
4045	339
4156	343
2090	269
1898	803
4021	638
1754	92
3428	2625
4640	2490
3901	970
3722	3435
4123	3552
747	580
1952	1527
4383	886
3574	2956
2753	1527
4156	1947
2775	222
2183	2031
4306	1068
1056	879
701	88
4156	3645
2438	187
2948	581
1527	38
2346	1527
3555	35
4736	1678
909	100
2410	46
3121	3056
3557	1710
2108	92
3646	1119
4565	651
872	487
1844	333
2716	89
2492	1892
3116	1168
4480	1139
4598	1838
4328	3667
1007	622
2584	309
1455	354
4480	638
4156	3193
5074	2155
5091	1727
2934	1159
4905	1093
4958	2438
4122	2657
4925	2478
5067	1774
1527	961
4156	1534
4696	1453
5120	4880
3488	1086
2495	38
3839	449
3202	845
1923	1135
3105	1505
4961	2916
4206	2774
5120	4954
4110	3616
4874	1781
1765	268
3684	3226
4508	1180
4045	747
3859	2834
4874	1912
2410	1649
2829	621
342	157
4872	3056
773	241
2166	1338
1135	337
4904	2938
4315	521
270	35
3397	982
4524	2845
1958	1527
2438	926
3116	2991
3536	580
3533	2438
4250	1907
2750	198
3223	652
562	481
3774	16
4201	542
3816	2108
1451	1143
3770	3202
2840	618
4156	3237
2810	1720
4941	536
176	92
2852	1068
4872	2536
4598	3942
3056	2270
2310	500
703	187
4663	1527
5026	2438
4041	1751
4764	3489
4804	3483
1119	123
4399	1139
4508	4399
4728	4391
3349	460
327	187
4220	2438
5020	1064
3564	2801
921	574
3875	2108
2055	1727
4236	601
2747	1686
4156	3941
3959	1213
4340	1270
4523	1937
3116	2775
3116	937
3996	2171
1625	187
4905	279
3930	1313
1604	339
4810	2216
4814	1619
4186	1527
4070	1903
3770	3501
1573	1533
4693	2956
4844	4156
2661	1588
3592	1396
5095	2606
1936	302
4398	2706
3116	1395
2531	1505
4529	1747
4156	2547
4723	1703
349	31
4156	1701
4681	3209
3810	1581
187	67
4096	1031
4480	630
4452	3342
2897	2216
3122	354
1185	924
2030	288
4156	2965
3505	205
4487	2216
3510	2895
2521	1058
5120	492
1185	606
4156	233
3382	1068
4958	1113
4991	4156
3552	627
4518	3781
4201	4121
2775	970
4071	1873
4405	1798
3362	3116
3428	74
5068	3536
3007	633
4399	593
2782	1726
3739	3414
3489	1906
4042	3984
3061	1906
4502	3116
1914	1741
5079	2270
1064	537
4530	2958
2438	1923
2625	2372
4958	863
3684	351
1527	580
2362	1437
1803	1626
3370	973
2361	613
5122	4580
4399	630
4152	926
2625	1749
5020	1665
2531	970
2013	347
2708	2404
2876	214
4580	2704
4664	1113
4859	1287
3505	221
4970	1671
1139	1135
3817	3665
2230	1461
3786	1113
4603	3582
1221	25
3285	1425
3116	1612
4408	3116
4956	3991
4402	4201
5002	1674
3742	168
4691	1415
2203	789
1826	1626
3150	1178
3435	2031
4156	2091
4035	1866
4728	3436
3202	1640
3116	198
4827	4325
4127	1503
4198	3974
3771	829
2591	1185
2904	2053
3153	2495
4295	4171
4902	2211
4734	4670
4658	1549
4752	3603
4156	3143
4840	1461
4874	3930
3153	74
4174	3840
3074	1778
4814	4640
2166	2013
977	25
4384	2568
2845	343
4342	2716
3497	272
4853	262
1549	17
829	299
4750	4728
5134	1159
2185	1255
4252	541
4311	1932
3114	1979
460	7
4156	3744
4156	2147
2077	855
4968	1692
1856	1461
4502	4189
2142	1585
3116	730
2850	1844
3116	2133
3860	921
1406	154
4623	3601
1202	89
1640	867
2627	205
3179	613
1144	92
4361	456
3304	3
3116	448
3313	272
4201	107
2241	533
4274	1058
1105	492
1994	1527
3853	2270
2991	2013
4670	4245
2372	1626
4046	1727
4827	3582
339	149
3754	985
4721	2188
2030	1633
1157	187
5071	2166
4752	4656
2096	10
2913	214
4496	17
4093	1692
1907	803
5122	4480
4943	580
4070	743
5156	2090
3116	7
1727	959
3433	807
5058	278
4412	4165
2695	1089
4989	1834
4070	4006
2003	1455
2897	2625
1844	1328
3747	1486
3774	2658
3654	1619
3754	2952
4156	1034
2795	2438
5020	4163
2241	601
5004	912
3860	409
4118	1858
4509	1404
3992	2166
4943	4156
2547	2531
4153	3503
2842	1654
4455	2113
5011	2436
2946	1640
3026	1626
2909	886
3818	167
1850	88
3505	3376
2555	1907
1324	1159
3493	553
3909	1136
1996	1396
4508	2775
3582	2372
4645	2658
4654	1537
2775	89
2142	1524
2735	1980
3853	3489
638	630
3352	100
4463	4156
3382	1490
4934	2270
4144	1113
2898	272
2438	443
4563	2511
4342	205
1527	780
972	120
4798	1203
1536	67
2216	1028
2929	1480
3512	867
4317	3810
4461	2930
5003	930
4458	910
4306	363
3056	829
4325	2755
3054	2625
3646	19
4156	3591
3122	866
3582	928
4880	1138
1365	296
4156	3357
2511	1110
1314	1190
4308	3690
4461	4314
5128	701
3488	2443
1781	1396
3121	788
3889	2696
3502	3289
3061	1461
4627	1727
1727	153
2181	670
5047	4156
4448	2013
4201	1781
2114	2030
4393	2584
2617	354
2270	1923
4407	2723
2421	902
2438	1866
5004	1781
3724	3091
3988	3536
3008	610
4998	3736
1461	1454
3295	1185
4273	3582
4623	780
2499	2362
5099	413
3153	1404
4958	1536
4598	1686
2241	1451
5078	2877
3295	1527
4357	2142
2975	412
4416	1585
925	100
4814	333
1549	25
1710	492
2173	2142
2689	2155
1933	89
4560	4236
3870	3497
4750	1117
4339	1113
3853	1873
1665	1136
4623	4326
3500	1537
1119	585
2703	553
2850	627
893	339
3467	3201
3298	3104
5072	1113
4156	2894
4508	4274
3026	1213
3116	1089
3853	3536
4670	1514
2438	947
2145	1041
5012	1055
867	65
4201	1532
3202	613
2887	1791
3303	955
4186	2438
3986	451
4162	884
2931	1489
5026	4670
2625	169
5154	89
2713	621
3818	205
638	221
1774	92
3116	2241
3116	1897
1701	1524
5065	3747
2090	333
181	96
2575	925
5128	3493
2888	2108
4132	1202
4603	3930
3091	2404
1113	674
3817	2989
4652	357
4185	2547
4185	2814
3818	1640
5038	3488
3122	3116
3684	1671
1951	739
1324	1248
4711	2526
3887	1439
3467	808
3984	3827
1836	622
3486	2347
413	134
3582	339
5120	3114
3493	2166
2661	2085
3368	89
4902	3911
3853	1454
5079	1120
1190	601
3582	3007
1135	630
2438	1139
3185	448
4267	2625
4264	1527
4939	3700
3505	2666
4110	187
1270	788
3754	460
2438	921
2307	2099
2521	2301
4189	1727
4156	1692
3063	3028
4554	1914
5020	4814
4156	1501
4325	1555
2230	2015
2904	374
3007	2438
3151	152
3114	1148
3859	3354
2216	663
2537	1585
4156	3860
4156	2817
4862	952
4156	3831
1499	96
884	88
4301	1492
4480	2627
4524	2438
4156	3048
1660	491
2199	457
4640	2085
3687	205
1774	1287
4325	4021
4156	2265
2541	1840
1527	803
3574	272
3116	370
3866	788
3582	2845
4872	3908
4502	2216
4419	1252
4315	1056
3738	82
4827	1591
3591	2312
4070	3624
2031	1514
319	176
2245	387
5022	4464
3874	92
3911	1991
1599	1527
4523	4156
3620	3116
3289	2775
3581	1873
4042	2511
1140	852
4201	696
4156	4079
1778	272
2850	1243
4211	1930
4984	2040
2456	92
3742	2132
3104	1037
2242	1559
1486	838
3116	1934
4376	1938
4442	451
3789	1727
4958	343
4757	1553
3343	1565
3974	3103
1897	1283
1671	517
958	89
2593	1692
4012	1113
4617	3988
1396	1386
5068	309
3010	1028
2913	181
2829	1426
5134	4573
3091	961
2085	1965
3421	100
4512	2625
3105	1527
3807	349
4934	3368
4419	3357
1836	270
2775	205
2653	2301
4045	2627
4823	3456
4196	829
4899	2216
3536	1453
4695	3008
4325	893
4646	2014
2307	1107
3684	1163
4598	2627
2755	443
2706	1462
4560	3114
4308	3262
3213	92
2451	2181
1907	1322
1527	208
4702	1062
4404	3984
4750	2203
1747	970
1213	953
3866	1135
4329	4039
4196	1135
3942	3397
2438	593
1640	1139
1185	1028
3582	3056
2145	1324
4968	2199
4018	3963
4156	928
4480	3573
613	460
4174	2625
1752	848
3736	193
5096	2502
1527	922
3586	67
3116	2957
3501	1461
3703	872
4495	387
3293	1362
4163	3974
4001	3322
2991	1747
1395	544
4057	2531
4045	3995
3774	1149
2627	1640
4872	4603
4750	283
2803	1933
4252	144
4274	1034
3231	926
944	570
3295	2216
3428	1187
1454	1120
1640	893
2934	913
3724	2438
1549	109
3309	2374
4594	1979
4308	2317
1404	973
4088	593
4723	3190
3539	2934
5080	1951
1527	926
917	448
1149	149
3850	3581
4623	316
3237	1138
3116	123
3909	2040
3512	593
4854	1396
4940	3724
4045	3687
1373	1316
2270	867
985	279
4766	746
5008	4934
2438	42
3456	3104
3116	855
4183	3774
2438	1483
4393	2270
4273	2946
3536	1747
3853	2775
4156	3796
4889	1058
3382	2598
5146	1190
4889	58
4829	2090
3395	1461
3116	351
2013	88
1573	1119
4818	221
4399	1135
2706	16
4295	3104
3534	2264
2142	89
2799	1979
4659	4329
4802	4042
1834	1115
3924	2575
3116	1854
3717	1626
4598	618
3201	2867
3262	848
3295	100
710	299
4739	1527
3946	800
5011	3226
3357	387
3687	2803
1781	1322
3048	151
3493	3258
3947	1527
4122	4070
2216	1550
1537	1068
4675	3256
2404	1692
4360	2490
3116	2254
2438	38
3116	404
3866	3056
2887	789
1553	613
1747	309
4418	3847
4580	4463
3991	7
4207	2361
925	264
4362	925
2863	1283
1527	1139
2865	638
2216	1890
3916	917
2929	387
3304	2703
4391	1838
4198	2216
3736	3581
3995	205
3395	1354
5128	2576
4035	1180
3566	1806
2466	2090
1185	187
3853	710
1812	448
5062	2495
4336	270
4568	1252
4617	7
2584	1636
2269	1058
4554	1141
2216	1561
3201	3145
3503	1056
3901	2445
4021	221
1440	855
1415	92
2617	870
3055	100
1692	337
4393	829
3116	501
3582	2989
4836	1727
573	275
2887	1549
3939	3056
1979	142
2877	2738
4972	613
4201	3986
3442	2502
4970	393
2054	1113
2108	440
2534	1726
4560	2132
1094	1058
4156	2360
1130	990
5026	1248
4302	3116
3456	2261
4156	1149
3289	1720
1207	1203
4480	2616
4480	3760
4201	3247
4311	3840
3054	1726
2124	739
2372	1537
3974	1064
5029	4156
4598	2438
1878	1585
3116	829
4301	3469
2720	2598
4814	2750
5095	4598
4874	107
3116	1912
3536	1527
2506	214
3972	3810
1979	339
4880	3114
4328	651
4156	821
3842	990
3866	2389
2268	859
4156	1640
4637	1726
2521	2358
4787	1633
4320	3104
4580	2904
4311	2156
4186	3850
3084	1043
2031	89
3295	1127
2582	892
4096	879
4627	4156
2755	1527
2132	2013
4021	2653
3512	2142
3116	1218
4827	3026
3174	2934
2880	2653
4435	3944
808	391
2755	339
1966	991
4766	487
4701	4640
4057	2847
3404	2506
5079	3988
4405	4313
5095	2852
4950	1253
1996	25
3672	1907
5120	509
1187	104
4232	3116
5080	1912
3202	1135
1866	299
3488	1892
4156	3866
3853	2142
4455	4185
4785	349
4480	4399
3414	501
2803	1202
2216	1515
4386	651
2299	1622
3116	2037
2270	205
4509	2952
4038	860
3742	1159
4130	100
3114	2506
3162	123
2230	1484
4308	3116
3289	729
4342	3774
2269	443
1119	493
5010	2230
5107	1269
4858	2852
3344	3105
4326	1640
3920	601
5120	1034
4702	272
3738	1338
4156	187
4798	501
2609	2230
4786	1362
3453	1947
4866	3748
1415	455
970	88
2983	1415
3573	2775
3943	1562
3044	1504
3847	1633
3999	2216
3116	1951
4495	175
5120	1953
2661	471
4185	2709
1914	269
4156	2846
4940	221
5078	1906
4391	648
3058	953
4817	3582
2541	1435
3818	3505
2210	1549
4259	391
3646	3225
4941	866
4489	1549
4017	2171
3116	978
5138	4156
4070	3804
2531	2438
3366	1537
4726	272
2625	1045
1878	1670
3044	1181
2850	749
3145	299
2716	1088
2777	925
362	272
3105	1633
4045	67
5016	2625
2347	973
3687	1135
4418	442
4156	1278
1132	601
4201	780
3592	92
4070	215
4989	1549
3914	2216
3185	442
2803	2014
2755	2361
2716	2178
4401	4156
4095	1185
5091	2555
1527	613
4564	4086
3505	1866
1243	1032
2173	867
1028	460
4070	2190
4236	1138
2438	893
4052	474
4110	1113
2438	630
3116	1604
3566	533
2249	1268
3274	1863
4450	1674
4481	134
1367	448
4259	1980
4984	1136
3820	1626
4573	1131
4495	2657
1907	1537
3202	2627
3211	1870
3853	3625
2755	1553
4070	3959
2040	581
1862	618
4598	1028
2360	808
2774	67
4397	4201
1483	884
1692	544
4670	122
4185	2133
2420	451
2374	1841
2015	25
3924	1774
2147	1863
5128	3056
3533	1627
3972	2492
2526	991
4721	3488
4041	1666
5034	3056
3250	2216
2606	1666
2888	2185
1826	1726
1781	343
4186	89
4156	2839
2269	149
4156	542
3916	1863
1625	585
2249	746
3505	149
357	270
3818	1139
1064	269
4603	1710
745	581
5146	3864
902	648
3853	2555
5004	2851
1527	1360
4383	4176
2706	975
3687	1344
3770	1907
3116	2416
2142	1135
5002	2306
5058	3116
3582	2312
2438	1524
1480	250
1533	1313
4446	4156
664	38
5030	1147
5120	3011
2931	1344
2597	1173
1128	1031
2438	1454
3988	2312
4302	3810
2320	1185
4156	677
4082	2114
3189	3116
1710	1041
3975	3116
4197	2755
3116	3072
4156	1980
2658	2438
2703	374
3972	3344
3864	3754
4854	2541
2895	2147
2541	1315
1395	1313
4460	2770
5128	2774
1834	1134
1068	38
3470	881
2617	173
1728	896
1626	759
4901	3397
3909	173
4866	3116
4326	3100
1173	89
3665	122
3810	7
585	125
2181	2099
3972	3722
5146	1086
1038	992
3818	638
4858	2582
3817	3503
221	205
1684	852
1058	387
4156	3254
1159	168
5008	867
1051	115
4095	1527
2626	1532
4958	1781
3646	2505
2627	1180
4391	2343
3397	2989
3116	88
3185	1633
2723	960
4789	729
3116	2373
2626	1537
1542	660
4236	918
4934	4495
4355	1136
2670	2216
3991	460
3842	3594
2625	1933
5004	3536
3116	738
4508	149
2492	762
1649	1549
3368	593
1147	247
4306	2932
4508	1139
3116	2703
4357	4156
845	815
4156	2033
3594	1937
1844	1345
5089	4940
4156	2821
3116	2190
3175	2934
2755	2301
1207	1028
2541	1169
4201	1951
5120	5078
1692	961
3920	1503
4729	1710
1936	1686
1666	688
1884	393
3866	2775
4392	3116
3581	2124
3687	3145
3223	2216
5063	1113
3199	773
1866	1139
4051	269
4573	1159
4823	1966
2000	25
4670	1248
4376	4361
3881	7
2795	2142
3853	387
4554	2385
4814	449
4968	1419
4529	1537
3247	1549
4156	82
2555	1747
3026	613
2975	2809
3686	351
2307	183
4301	187
4308	1253
3225	881
1113	975
3512	1135
4156	89
3344	1734
3747	601
3995	2755
5026	3674
4393	1907
4356	3116
4321	3455
3941	2753
4306	2100
4752	1542
4907	4398
1917	31
1912	1573
3847	930
4545	3116
3185	1613
3924	3686
3163	3116
2609	2438
3071	133
928	815
2438	580
1527	892
4554	50
2468	92
3769	1650
3939	299
3116	3105
2466	581
3988	3512
4021	2755
3942	1031
4185	800
4958	1505
457	92
3792	1947
4052	2753
3556	88
2625	1550
3201	630
4365	1149
1139	893
4343	577
3782	812
3368	1727
3840	1666
4872	4382
4776	3536
4270	1770
2374	2184
3289	2269
4598	2547
2752	1710
1505	892
2030	1117
5011	1269
3061	533
3562	1710
3820	1227
4401	2617
3736	2361
4336	35
343	222
3582	1670
2216	910
2361	123
5038	1727
4968	3063
2801	1454
4036	309
1613	7
4301	67
1113	262
4182	3237
5096	2829
2178	187
1781	448
4624	630
4984	1032
3116	1362
3665	982
4561	1386
2597	550
1453	442
1185	261
4156	562
859	205
3322	601
3840	991
3516	1024
2417	1185
4399	3687
4956	4764
4156	3501
3502	3100
4206	2770
3866	1640
3959	1068
3581	3450
1826	831
4035	2142
4326	3853
5004	1503
3827	2851
944	67
2742	1897
2241	1812
4162	107
3244	1549
3817	3535
1038	633
4497	2216
3263	3116
4306	2312
3884	1665
1504	616
3377	2230
803	509
3379	1313
2625	1927
4220	3754
4627	4580
4508	3289
3414	2037
3687	2438
3498	92
3646	2625
4156	2031
4156	120
4160	613
3188	1532
4933	3116
4693	612
5128	928
3322	2111
1119	648
1604	1139
4156	16
4156	2709
3866	3505
2241	2234
3058	1781
4508	638
4623	2834
580	89
3995	1604
2946	221
205	167
828	187
4603	663
4376	2055
1912	1850
2306	7
4380	556
2216	1344
2438	611
3853	299
3116	440
4950	504
3687	1510
2757	1938
1774	1302
4156	1686
3412	2235
3995	3376
2775	580
2490	613
5078	3004
4812	1781
3093	1527
4961	4095
3116	2017
1505	443
2030	1953
2785	1064
3489	3157
3865	3008
1119	357
2946	2142
2724	2556
3056	1094
4752	2077
1710	1338
4970	4726
4958	2030
5134	2132
3424	2459
1068	294
4480	4273
5149	4012
3455	1256
1374	1149
1453	580
5038	270
4480	1701
4301	3067
4908	2185
2216	1747
3930	3924
1654	892
2541	621
803	50
4393	3116
5099	1692
4764	1110
4418	1710
2178	1492
2506	994
1185	1045
2810	1202
2653	2358
887	832
3116	2026
4972	1139
1138	991
4729	1486
1771	1527
3887	649
3739	7
1903	1132
4156	3160
2199	1232
1037	970
3988	299
4042	3827
4051	2090
4242	4070
2495	2216
1934	270
2616	893
3501	492
3853	2312
3774	3295
3722	1840
1293	175
4419	1759
4399	3201
2026	1063
4156	406
4156	2801
5154	2438
151	7
4955	4270
2389	2245
4521	2053
3415	1428
1136	504
3959	1537
1314	533
3810	1527
4985	2451
2845	1958
4508	1866
3674	1840
1113	7
2591	1360
3953	1666
3505	2438
4515	2166
2627	1139
2438	175
4729	3930
3564	1806
4623	3701
4402	3116
3536	2801
3116	742
4362	176
4301	2526
4533	3860
4565	3116
3866	630
3516	162
4989	652
5072	309
5155	4893
3758	1406
5120	339
2743	1119
4726	1774
3999	2975
2312	1665
3555	2613
4412	660
5079	387
2575	2435
2312	1893
3860	2030
1202	580
3984	2755
4189	1254
4958	133
3223	615
5134	550
2805	106
3121	299
5003	1068
4369	2829
5004	613
3366	2311
3952	2738
1994	1533
3121	1640
1994	648
3853	1094
2111	1527
4659	1588
4220	2312
4292	2090
3825	2541
4376	1110
2755	123
4509	2842
5008	3145
2871	2746
3344	2495
4201	2534
4872	2739
4156	3536
4480	2803
1844	1253
4500	3344
2241	1806
4274	3322
1657	1573
3688	952
4070	3672
4960	926
1582	866
4315	2937
4728	746
4035	3941
3274	2839
4082	2438
5039	4480
4301	944
1451	580
4274	2653
4393	2575
4752	1838
2132	1159
4152	2156
5032	1549
4273	3104
4398	3943
3684	927
4206	3555
3739	2420
4018	3974
4502	1710
1851	173
4156	3139
1453	1117
3923	3116
2747	2735
4702	4457
4393	1386
4070	1063
1748	961
3285	2511
4793	944
4480	788
3213	1064
4798	1213
4840	3236
4045	1604
2521	580
4273	3939
3582	2142
3582	3415
2952	867
2706	89
4045	1933
3881	25
2555	961
3677	2312
2531	1774
3201	2146
1646	366
4185	1728
1499	570
4640	1136
3492	3056
4940	1034
2616	1553
3354	1740
1499	208
4295	4220
2185	1633
4264	1952
1256	655
4956	2511
4055	2230
4343	1510
3663	3513
3740	1213
4201	3248
5068	1248
1692	743
4174	1726
3456	606
2341	978
3771	2851
3503	879
4896	2030
4163	1917
3991	1710
3442	2188
1951	902
4764	2713
2142	472
1439	492
4276	3692
1483	67
2299	1032
803	652
1840	187
3778	2165
5058	1527
4042	126
2308	1187
3490	896
2242	1270
1432	404
2108	379
4908	4070
944	89
2540	924
3038	2132
5096	2598
1710	100
4623	3687
2216	35
2362	1781
1884	573
3026	970
2965	2030
4373	4156
5095	1887
1367	652
2249	343
3620	3004
4970	1041
374	92
1527	7
4640	1415
598	556
1900	1527
2438	1051
2216	611
1067	970
5134	573
4156	2556
2438	788
3703	2022
3853	2653
5095	2242
4827	618
4970	4573
3008	1074
4070	2199
2421	1185
1636	309
928	187
3984	1467
3453	1627
3930	1395
3701	1367
5096	1342
4814	2262
3659	1461
4132	947
1989	1674
3959	1727
4399	2627
3336	3116
4934	3056
1537	406
1527	1466
1324	168
3724	2653
4455	3026
2360	887
3493	2541
3319	2930
1830	1185
2308	1134
3818	2031
3944	2216
4902	2959
3104	803
803	272
3853	1710
2053	574
3493	1047
1909	343
3845	1105
1851	855
5122	2922
4702	2382
2531	1492
3555	28
4480	4035
2438	1701
4112	3116
4301	3026
5154	309
3210	1067
3859	100
4046	2216
4637	1527
1504	1432
4156	3825
4153	982
2625	2234
3121	1180
4225	4051
3256	187
553	90
4955	31
3424	1213
4524	89
1991	924
2341	1770
1159	707
2270	2142
2269	1952
3674	2031
1632	1187
2211	871
4981	3275
2930	1727
3431	3209
3237	1461
963	739
3250	3116
1701	167
1527	983
2598	349
5128	3202
3556	1156
1636	1324
1139	205
1703	570
3093	763
3839	2299
2593	2108
4321	3747
3866	1180
1227	1099
4264	3116
4038	3395
1537	1254
4182	3114
4156	681
2511	1012
2053	917
3199	1836
3653	3413
2938	2363
2904	2898
4860	4301
2438	1838
2541	652
1947	1627
4129	2829
788	630
4376	650
3358	1652
1640	221
4521	2166
3688	2893
2347	7
3853	221
2989	1031
4640	2850
4721	4268
3629	610
4972	1180
3395	2420
4866	4156
2975	2502
1314	1093
2547	509
4538	25
2216	650
2436	1213
4156	1954
3489	3488
3390	1527
3582	3397
4301	2840
2085	565
3616	187
4560	3385
2959	800
2382	2312
3552	106
3153	643
1692	1466
4818	2438
3555	965
2099	269
4406	1324
4874	1585
4480	149
4731	629
4926	4400
3582	3121
2501	1747
2551	1113
3686	1678
4460	3116
4872	1250
3847	921
4156	2859
4393	4156
1324	1127
3139	991
5062	5008
1927	1726
4598	2775
3770	1524
3343	1207
982	122
3490	1415
1254	652
5156	1064
4365	3774
4201	1903
3405	2438
4524	2372
4460	2438
3674	3116
1649	35
1406	1262
4492	2169
4156	1477
4045	1747
4156	2978
803	485
3988	2803
2775	460
3920	1878
4726	3747
3474	2946
4306	3781
3817	122
3739	1348
702	474
2142	867
4045	3202
4972	1604
1527	913
4357	1302
3684	3683
4508	3202
2834	1293
4702	1477
4854	1467
4156	4088
3435	1037
2884	1396
4096	3665
4958	1532
2884	1094
2805	3
4750	89
3522	2362
4646	1994
2917	309
4958	11
5159	449
4156	339
3682	1747
4161	3984
3718	3116
3818	3771
2964	2404
1710	930
3503	1185
4764	270
4519	2681
548	235
4186	2706
1625	970
4702	1798
3564	985
3116	426
1510	38
3747	1567
4958	1386
4302	3105
4880	601
3382	780
3999	2555
3735	3116
4972	1701
4021	3995
4220	14
4326	1135
2013	393
3816	1113
4419	7
2658	527
5156	1844
4640	507
1961	660
3518	134
4459	474
5068	2843
3816	2511
1996	1527
3735	652
3839	1328
1585	104
4573	2132
3674	2438
3533	2013
4880	364
4070	972
1404	1252
710	580
4165	960
3189	1135
2658	2343
3483	440
4452	2053
4508	1640
4787	1671
4580	1113
1537	1180
2750	2307
3108	1626
2324	2268
4561	4507
2146	377
2190	336
4955	2934
3453	357
4508	1149
541	125
4295	2938
3175	1467
4685	958
4325	2438
2438	1156
4156	2892
2810	2142
3754	1806
1227	963
4840	1149
4480	3995
4156	531
5024	2555
3488	2482
2031	88
917	703
3116	2799
4070	423
3116	2817
2438	205
3309	2842
3866	3853
5012	3598
2178	1727
2181	750
3942	3665
1671	347
4207	2753
4156	3760
3145	855
5008	1774
3665	1187
1549	413
1891	1262
5089	387
4480	3505
4393	2884
3377	272
3116	3093
638	339
3366	89
4664	3581
1951	1625
4500	7
3413	198
4165	1960
1746	1494
3516	173
3581	944
2797	1185
1553	867
4329	2582
4970	4860
4070	288
3498	1733
3067	1726
3493	928
2713	2511
3566	343
3116	381
4984	4640
3974	897
2851	613
5120	3864
2938	2704
2389	1570
2850	1064
2817	50
4400	4306
4598	2755
387	89
3121	613
4960	3008
2014	272
2272	553
1906	1138
4300	926
3116	2128
1752	1665
4018	2934
4858	35
3866	299
3048	2934
2024	1626
2708	1527
2546	74
1674	1559
4156	3665
3687	593
3624	3303
1622	269
3026	352
2952	1654
3501	535
3026	917
4412	1961
1252	142
3687	2053
1563	606
4502	3974
4508	2653
3000	1527
1527	684
4985	2181
1313	1286
3594	990
3864	3237
2593	762
2867	1356
3992	1710
1866	1604
3691	2694
638	149
3993	2625
1674	961
3493	3150
3469	187
1064	504
4461	2312
4070	409
2609	886
3674	841
1958	893
3116	3055
4163	1626
4814	750
2141	624
3366	2114
4295	2591
4814	2540
1313	970
3901	89
2871	1051
5080	1625
2713	1213
3116	2593
3116	492
4156	3474
3827	1863
2216	409
1912	1395
4035	2438
3884	1243
3582	2204
1838	1028
2723	1293
2616	1701
2511	2347
4901	3488
2085	1167
3067	2625
4201	211
2312	1419
4529	3344
1185	1143
3488	2270
3223	773
4729	1692
3930	2711
451	176
3818	2755
3116	360
1966	413
1483	863
1406	643
3807	2247
3536	2584
1873	972
4301	88
5011	351
3002	2486
924	541
2156	1932
4070	1314
3258	2913
829	7
2230	1334
387	205
1727	1336
3309	1741
4764	2695
5042	265
3827	2378
4254	337
5086	3116
5120	3093
1401	866
4545	2005
4839	4746
2709	1527
4418	1453
3492	2282
2829	1734
2625	2000
3402	144
3999	2015
4070	2603
893	580
1527	1273
3489	3004
4620	807
2934	2244
2216	759
4565	7
2490	2486
5078	1138
443	339
3116	275
3859	3382
4984	4950
4549	3114
1688	187
2867	1714
4580	457
3116	2054
4088	947
4178	3116
2797	2299
3489	2492
3456	2889
3851	3469
3782	302
1947	1110
2242	1674
3503	3397
5026	3405
3699	7
5154	88
4130	406
3857	1755
4815	2239
4357	1670
2133	1113
4461	272
2946	149
4400	3959
4376	1859
1636	140
2829	1834
1051	893
4402	100
4156	3770
4524	4311
5078	1190
4575	859
4787	970
4418	3860
4867	4361
3343	848
4045	3179
4554	4488
3201	1640
2946	638
4156	3505
3887	1105
1420	193
1652	1365
4308	3510
5008	4495
3275	1938
4302	527
3116	771
4458	173
4580	892
3116	205
3810	1037
3942	2989
4907	2547
4502	4163
4529	4415
841	377
2142	1640
3044	2499
4729	2014
4207	3116
4985	3116
1113	892
3038	1747
4702	1961
3672	2946
5134	342
3116	2952
2241	1856
3582	1622
4301	1873
4785	3116
4152	716
4192	1979
3116	1203
4070	4022
4620	3026
1640	1202
1521	1415
1156	46
1658	1313
1861	1505
3810	3450
1536	928
4970	886
2417	991
4872	2018
5079	1286
4163	3624
2362	569
3163	800
4827	17
3004	2241
4378	580
910	198
2181	1438
3562	1732
4156	1802
4088	2574
4758	237
3866	2270
2606	750
1338	867
2709	1537
4130	829
2938	35
4186	4156
1727	910
2743	2575
3924	1466
4156	146
2838	1892
2216	1907
2708	1270
4042	371
3121	1923
1553	221
4376	2657
983	866
1492	928
3320	3116
3853	3493
1056	1031
3464	621
3116	963
3827	1102
1703	1451
4197	1553
2511	622
4156	2865
1544	1185
5120	926
349	90
2310	1389
1248	648
5128	1113
4156	2350
3353	1692
4560	3501
4538	1954
3165	1726
3004	2216
3121	1270
1994	1701
4132	3056
5008	2312
3122	1582
4501	4059
4399	855
5051	2555
1185	1140
2216	1270
5091	2216
3116	2347
1703	88
3818	1604
3747	773
4752	28
3390	925
4252	1938
3581	368
4880	3237
4450	1527
413	187
3881	3424
4506	2362
5154	4295
4086	1003
3690	3315
4765	1375
3116	762
4986	4156
1692	584
3008	1746
3116	640
4675	4070
4156	3497
2438	1649
1553	630
1180	1135
4433	3390
4627	1527
3488	1760
4791	4728
2704	892
4183	1527
4302	3914
2797	269
2704	2570
1270	1149
1516	262
4201	2398
2142	829
985	601
3443	460
3368	2803
3428	1032
5120	1878
1866	638
5010	3084
3435	89
4448	1248
1291	418
3939	3760
3865	1710
2934	205
5127	1356
3376	1553
3901	1710
4357	2810
3581	2695
4301	3687
1728	1113
3735	2245
5008	4480
4972	2616
3464	100
3488	2654
3531	926
4340	3231
1933	1454
3651	3116
3376	2616
4273	2142
4764	357
4274	2152
2132	573
4197	2230
1873	1185
4623	2694
970	89
3116	3010
2040	74
1302	855
4245	1514
5091	3646
4399	2616
4402	2216
3145	2270
2598	2541
1907	1438
1527	365
4664	47
5080	4729
2142	1670
2616	123
3116	1599
4624	3866
2311	1107
4308	3974
3730	1527
3114	649
4295	222
3116	151
4561	1654
2347	1147
3781	2312
3192	2108
4508	1553
4295	187
3192	2199
1553	1286
3072	2704
4524	3007
4417	925
4702	3704
4156	3627
5071	1727
4156	1283
4311	3382
4549	1190
4156	3415
2492	1760
1923	406
4406	3742
3991	241
4356	3608
4400	2689
3901	1490
1979	1604
3042	487
1604	205
3493	1533
2361	1692
1695	1533
4940	89
3493	3116
2704	810
4196	3202
5062	1386
2598	1068
4406	2808
4201	958
4859	3322
3121	2946
4750	2458
3114	279
5149	2014
4837	1966
4045	151
3840	3769
1903	1242
4162	3536
3116	2670
4059	2704
4156	3368
3881	3614
4156	1958
4530	2026
4598	812
5020	1844
4675	2312
3909	3103
4326	2661
4336	3453
2353	2312
3116	2492
4211	1036
4301	3512
4624	4156
1752	1295
5008	472
4507	4156
3840	1119
3818	630
3943	3072
3116	149
1782	606
4153	533
65	7
4245	2031
3421	354
3237	2877
3153	2850
5004	38
5115	3747
4357	3866
351	107
4573	920
4986	2269
1406	1404
4620	1389
4677	754
5155	1897
4266	1986
4598	122
4393	3995
4007	2747
4242	100
3492	2272
2456	1762
3745	1710
4491	2264
3536	376
4088	1202
1953	1527
4945	1834
2040	1064
2341	349
4156	205
4250	3000
4405	2635
2755	34
3754	377
3817	1056
982	879
3614	3116
2999	2056
4399	3939
2142	1302
2216	1666
3489	2618
1527	807
4156	1041
4711	4036
4872	1419
4048	3810
5004	1527
4156	442
4989	4588
4580	1968
1976	1439
3704	1401
4817	3116
580	28
2324	173
4519	4156
4785	1752
5020	3153
1933	1727
1665	92
1110	270
3665	879
3289	1034
3116	1510
4939	2501
4035	2511
1991	931
1533	7
3851	2013
3724	2755
3582	1302
4940	2653
3939	2142
3859	2389
4156	3771
2216	1501
2613	67
3413	3026
4070	2178
3839	2750
5004	4711
4156	1035
3862	50
4943	1640
4685	88
1972	440
4139	1991
4156	3663
4968	2617
3157	1028
4116	1710
4156	2443
2030	921
4315	0
5095	1135
2506	1261
4695	1873
1064	19
3358	2541
3061	1138
788	205
3171	1958
3771	3582
1643	1086
2495	746
2249	1313
3114	1856
4254	17
4163	1187
3183	1105
4580	2703
4156	2795
1938	1746
3677	1420
3615	651
1313	342
3343	2892
3201	970
4752	3415
3453	1113
3752	3056
1748	1727
2797	2090
789	107
4988	1322
1684	1324
4459	738
4827	4156
4185	1089
3573	2282
4156	88
4941	1527
1727	142
4711	222
1058	149
4279	3739
4045	1953
3742	1041
3758	2852
4252	1774
4750	2782
3058	939
3428	3109
3093	1454
4872	4529
1836	1168
4720	1024
3924	2230
2247	1431
4196	3505
1740	762
4227	1527
3582	1703
3564	279
3960	2478
4095	3894
4588	2713
4907	917
3704	74
3455	3143
2890	1527
4306	509
4970	1884
2185	1492
4889	3116
3774	897
4399	4325
3415	2013
2492	2353
3533	2216
1932	660
4315	3503
1527	272
5107	7
2823	1778
4764	35
4702	4002
4956	2871
2404	1734
3275	215
4958	1979
4295	7
2685	653
4156	4112
4508	3866
3758	65
4086	1908
4028	1113
1454	533
3539	3116
1419	100
2789	2526
3870	343
4156	917
1874	122
2173	1553
2887	193
2030	517
5047	3105
4508	3818
4511	153
3486	3116
2653	2269
4798	1438
1313	125
2704	1341
1728	377
2627	149
3116	2150
3665	866
3818	1866
1313	205
3275	2909
4095	4065
3488	455
1505	272
3940	2085
4139	750
2593	92
3385	3114
2269	580
4122	1505
4042	1527
3116	1954
3566	3489
4702	2746
4306	3116
3116	2723
4714	4383
288	279
3722	89
4646	1573
5004	1396
3952	92
2495	664
3943	3450
4986	387
1527	1328
3665	1128
5096	893
2799	2361
4970	1625
5010	187
2526	2312
3972	975
4480	1604
3866	2173
3581	2851
1692	247
2743	2706
3939	1094
5095	1409
4036	1534
4728	2438
2299	1741
4750	1288
1630	272
4880	1314
3450	229
4079	3157
3453	2438
3116	1131
3063	1020
4958	394
4011	3497
3646	46
2810	580
4035	443
3663	3231
3350	1726
3469	1483
2310	1113
2845	2013
3435	570
3859	3116
5095	926
3199	343
1559	881
3004	1873
4859	1034
2216	1903
4012	3476
2085	269
4757	3988
2142	1286
3115	1626
4156	638
4766	2575
4594	3991
3582	3505
3011	855
3591	3145
4201	412
4051	2195
4509	2495
1440	89
3091	387
5134	1710
2735	302
3103	2040
4943	859
4710	3116
2438	509
3201	2270
4549	4156
746	664
4787	2013
1727	288
1386	613
5120	3870
4147	4057
3810	3104
4196	638
2616	829
5159	2850
3722	3104
4321	1348
3376	221
4301	3591
2575	89
4970	973
580	387
2755	221
3026	780
4011	3984
5078	1461
3493	366
3662	1089
1322	100
3067	1626
4500	2661
4670	1866
1844	1619
1671	1453
1190	1093
4985	750
4480	3368
4021	205
1527	587
2501	241
5078	3489
2656	2534
3368	299
3674	1514
4786	4132
2661	429
4156	982
3722	2031
4460	67
1536	92
1701	1135
3376	205
3104	1420
5096	4989
1503	1068
3866	3512
1781	1527
1396	28
2755	205
1747	187
1227	652
2100	1187
3505	1553
3860	3847
4354	3116
1037	500
5062	897
917	574
3227	2404
4461	1747
4905	1314
4399	205
3810	2625
3058	1892
4046	1873
2593	214
3585	3116
4738	2829
2492	1740
5122	1834
4156	854
2607	2216
3376	2438
2204	398
3687	3390
3488	773
2658	2582
3995	2389
1884	1324
4156	3859
4859	1348
2438	1703
3093	1996
2814	652
1404	643
3839	750
1113	100
3414	1203
4156	2975
2704	1710
3845	2090
4086	1269
5080	2312
4301	3939
4295	3586
3488	696
4147	3145
4021	2438
4940	1058
4393	613
4814	269
5011	789
3343	1527
2499	2312
4785	3855
2418	1891
2547	1492
4458	1057
1453	930
2938	749
2358	1726
4702	1168
3683	927
4538	4302
2746	35
2704	1489
3497	1991
4560	2801
5128	3754
4972	2946
4827	123
3988	1670
4156	927
3100	299
1110	357
4492	660
4292	1844
3424	2312
3533	2185
4274	3939
4726	2230
3765	1533
4943	1135
4343	121
4252	999
1113	374
3736	2840
3352	581
2204	961
2374	25
2934	836
3758	664
4943	3413
3591	970
621	535
3489	1917
2362	1549
5008	1454
921	393
3603	2459
2438	7
3794	2881
4245	1248
3056	1202
2053	88
4273	788
5080	1395
3853	2166
2934	299
2511	1830
4509	3754
5068	886
4156	2706
4630	391
1043	343
1462	652
3104	2852
3802	3343
3754	1454
3999	3486
4461	896
4201	3677
5062	664
3116	2374
4905	3566
2797	2661
3866	1782
132	31
5038	4036
4315	302
4950	1844
2959	2013
4315	2735
4827	2755
4236	1190
2616	1527
4311	3104
1588	1555
2871	2438
1181	990
4685	1453
1914	1322
4480	2245
4580	272
4381	3414
4905	4152
4905	2241
1537	1533
4627	3840
2362	1619
4972	3770
2362	2239
3988	3121
4711	4603
2085	1506
4989	3116
1527	1504
3118	1227
3592	2166
3116	858
4818	2653
4789	2199
2216	2070
3870	2438
4943	3026
4580	2199
3646	1559
4908	366
4088	3687
5155	1891
3056	2203
4295	1747
4508	2946
2030	1671
3061	1093
4872	3859
3116	606
2877	1093
3796	2847
812	302
3105	926
4817	4156
3958	3827
1966	634
4255	4201
2541	215
2216	1643
5020	3839
2438	364
2053	994
1455	198
5096	3084
2775	387
4042	1863
2755	1149
4201	1619
2521	2312
4480	1094
1524	855
4430	1626
1113	58
2755	2627
3901	1256
3116	1313
2327	1710
4481	187
2185	1453
4515	1322
3582	1980
4196	3866
3722	3582
3493	67
3941	3840
4361	958
3116	712
4001	2347
2216	1791
5024	2704
3433	1527
866	684
2957	1527
1643	1537
2067	1710
3582	955
4495	472
3502	1527
1214	269
2108	1990
3988	2438
3771	2865
664	7
1135	664
4565	3105
3165	961
4859	2017
4656	2099
3646	2694
4940	991
2535	265
4121	1203
3889	991
4823	991
2451	1139
4153	1056
4968	1752
4480	1553
1640	1527
4302	3663
4156	3754
4336	509
3026	2877
3336	2468
2625	1747
4985	3322
1555	638
2241	962
1862	460
4156	443
3875	2438
1730	1185
1907	485
2456	203
4480	1286
2435	1344
2775	299
1884	1041
2541	1313
3368	1202
668	651
4183	2675
2817	1164
3103	2305
2216	1533
5096	2203
4183	1610
4814	2797
1524	472
4201	3993
4889	1527
2750	1741
1604	867
1671	930
4048	17
3818	3376
4325	3995
3116	2024
3853	1202
2852	2842
4070	160
2468	1136
4365	88
1068	613
2840	343
2710	1527
4156	317
3116	1455
1979	387
4380	2555
3116	486
4130	2142
1710	1324
3582	1450
2466	176
3464	1475
574	448
4118	3450
214	181
4646	1710
5047	3344
4701	773
4039	3116
3552	3539
3309	2083
2865	2301
4970	4245
1527	1370
3501	3114
4156	3116
4670	3818
4934	4156
4798	2092
928	28
5095	3127
1536	1113
1202	829
4729	2347
1903	1726
2099	1064
3116	1328
4646	1533
2894	1900
863	67
4328	1062
4640	333
1553	167
4702	3366
2241	2240
1134	74
2216	1749
3116	2919
2627	339
4772	4156
4482	3042
5032	3116
2124	1313
5138	3105
3855	3262
1582	870
1191	1099
3988	1202
4558	1437
815	89
2438	1549
4156	3875
1147	1119
3116	466
5095	975
5004	963
5120	1907
1461	343
3262	1057
1844	750
5128	1428
1553	149
2492	1917
2438	2249
3747	2438
4960	4165
4051	2099
3116	864
2147	1178
3533	2145
3700	2724
5043	393
4580	553
4701	3574
2497	486
4393	3582
1930	1036
3581	2797
3428	1844
3382	1120
4907	3072
4197	4156
4156	1370
3839	3422
1302	1135
5048	2938
2865	855
3368	2142
3810	2582
2241	1138
4311	1961
4955	3116
3116	831
4059	1113
4561	2541
3116	2850
4374	7
4301	134
2991	500
3758	2511
1727	1063
2593	2199
4561	3941
5101	4417
2099	750
5080	1527
1094	221
4859	2653
3296	2839
4096	3942
2938	1626
1801	1314
4048	1688
4943	4480
1386	917
2142	1045
4627	2216
3774	413
4070	3853
1770	920
3201	2360
3114	1138
1152	1064
3864	3566
962	241
4858	763
2404	606
1585	125
1291	16
4968	237
4970	4418
4907	3471
3984	3322
3539	1834
4156	327
2451	1286
4580	2417
3493	3067
3295	859
2713	448
3731	3687
2353	14
5026	1037
4035	859
2989	122
4059	374
1338	819
2666	1527
3368	1670
4011	925
1836	1549
5134	3742
4156	241
3185	486
4815	4329
1291	471
4201	3395
3922	1521
3343	606
4872	4361
2650	1482
4934	593
4156	17
2991	309
5004	960
4972	4399
1536	611
2577	1313
4406	1041
3747	118
4939	3981
4588	1467
4538	3104
1527	1365
3435	3405
5155	2877
2438	1213
4968	543
2829	272
1746	283
4524	553
2142	1774
2204	1043
2456	1834
3847	1453
4526	1727
1627	187
2181	1582
3489	205
4818	339
3592	1665
1533	1113
2713	1537
3743	176
4943	3995
5071	343
1214	750
3026	460
4509	492
3889	3256
4236	3754
3154	2312
4398	3450
1012	773
3116	1055
2190	1527
4326	2270
4981	2799
3116	3044
2037	803
3116	2737
3769	860
3674	2991
2887	803
3244	3116
4872	629
5120	2845
1692	983
4646	1313
2738	2216
1924	1187
2362	374
4155	3247
4789	100
4989	4884
4756	2203
4984	2850
2398	1873
4201	3789
3536	1671
2178	1248
1276	1187
4399	4196
3941	3100
4201	3199
1734	349
4785	848
4526	387
1438	803
2834	1727
4802	3571
4259	2360
703	100
2582	89
4326	2142
3970	1671
4405	894
4365	3984
4598	302
4404	2040
4779	2877
4798	803
3764	268
4764	1051
4295	3390
1173	1168
4971	4702
3958	11
3908	1692
1286	580
4580	959
1454	893
2817	2459
3488	1101
1132	621
3853	2938
3304	1732
4580	2234
4156	1472
1622	1527
1291	1227
2015	1958
4308	2624
1322	50
4844	3104
5014	1755
4640	2661
2606	1028
4814	1154
4480	1270
2312	1549
3486	1119
2755	1771
4580	584
4376	1074
2199	1563
2442	2149
750	504
4156	2582
2829	2216
2053	21
2404	801
3735	374
4738	4129
342	168
3116	913
3104	926
381	173
2991	187
2097	754
5004	991
2685	241
3672	187
4685	2438
4926	1781
4508	2616
3988	2142
4070	1030
3770	2946
2178	89
3860	347
4361	2166
4480	221
2704	1549
4156	3145
5122	3816
4152	309
2843	347
1861	1851
3405	2991
2801	985
2389	1640
1461	175
3942	521
4696	1840
2877	1138
3847	1117
3822	2746
2382	455
1627	1113
3368	3116
4685	89
3116	1451
4325	3818
4405	4011
517	347
2378	1214
2593	610
4153	2989
3322	2653
5146	279
4070	3857
5020	1477
879	122
121	92
4129	172
3116	1565
4450	1649
3984	3404
4702	2899
2443	953
1484	272
1031	460
4194	3042
4201	1840
3056	2609
4405	4156
4156	221
5149	1897
3953	550
4580	349
2753	0
4480	3687
829	89
349	247
2145	168
4301	3493
4981	175
5079	4670
4458	3659
1285	1213
707	133
4036	2917
2805	2753
4405	2284
1873	1119
4729	125
4764	4369
1642	299
3236	2801
2438	2142
4295	3145
5008	4433
3116	961
3747	2888
2797	1626
4093	1924
4156	1994
2398	1626
4110	2625
5004	4603
4908	4022
4399	149
3582	391
4325	630
3435	7
3586	3344
2719	1165
4045	736
1573	493
3924	763
3165	1537
4837	3860
4836	1537
3994	1994
4132	3573
4052	3274
1243	854
4129	3646
4306	2934
4095	1938
3072	652
3202	1782
1113	123
2531	2178
4960	343
4859	3091
4201	3862
1549	703
553	550
4177	2099
4096	1338
2185	1710
4814	4195
2755	2653
4872	1521
4201	2685
2410	2013
5096	4336
3581	972
3382	516
2108	866
2142	947
3924	867
4156	1916
4357	89
4623	3653
4480	829
4336	1747
4560	1461
4943	1180
2361	1746
4196	167
4130	2625
867	788
4245	3533
4814	1844
2270	829
2555	828
4711	747
1173	922
4561	4232
3582	2775
4156	2591
4883	3646
4172	1692
581	259
2438	1604
3739	1778
4418	3533
2801	279
3536	1127
4521	1537
4153	122
4955	349
3492	2254
2270	630
2013	492
4872	4627
2299	1243
3687	2451
3262	3116
3724	3289
573	550
1642	747
4282	1537
2752	2541
3116	1996
4399	2270
2775	859
4156	2613
2531	1255
4940	337
3390	3354
2507	1917
4270	3807
3295	784
1415	1136
4156	468
2241	2034
4880	3864
1438	1167
4695	2724
3865	3582
4872	909
4580	2108
4301	1505
3344	3116
4880	1906
4450	3116
3116	1477
2934	1626
3533	1324
1537	1356
2670	1185
3884	1844
1958	214
2777	1527
4059	3322
2385	2181
2132	393
4523	3842
4458	1657
3054	2216
4156	14
4981	364
4236	533
2591	747
4685	4524
921	517
1747	1409
2142	855
1862	339
3603	1950
4711	912
4070	92
1640	1180
4295	3991
1884	342
1426	1185
1692	193
5120	4306
3382	2763
4526	3789
5063	5026
2438	1037
1527	462
2653	1058
3377	854
2511	35
2975	1834
2239	1746
4738	2694
4373	3116
4905	4156
3770	2282
3999	3991
4273	630
4035	3840
2627	2616
4670	3413
2750	2133
3179	2706
3502	2216
1524	1135
4827	2653
1914	1438
4827	4196
3413	1991
2753	2619
4558	3930
1139	149
2750	2085
5016	3745
3237	533
4538	7
5128	4326
4183	924
1036	7
4743	2482
2625	2311
4315	4153
3116	2490
3920	1028
4156	3459
4242	2053
4373	2016
2609	1636
3309	1404
5146	3501
3352	613
3539	2308
3620	2372
3581	3488
2458	1527
4070	4057
2040	1187
1504	1477
4798	3116
4991	2753
4357	3121
1440	580
3582	1489
3940	1863
3740	3116
2851	272
4433	3358
1654	1068
5147	1467
2775	1553
3860	2013
5008	3121
1686	74
4156	3044
4095	924
3988	472
4750	187
4329	2708
2852	1553
3342	2535
3788	250
1031	879
584	7
2438	978
704	460
4192	901
4292	1187
2216	1045
896	613
1781	1692
3930	1147
3301	2658
5003	1613
3046	1912
1527	1395
4880	533
4922	4156
2070	455
3573	2506
3847	2934
1043	973
1809	1508
3959	2625
5120	1537
3581	1028
3581	1467
4236	3566
3789	2216
1062	622
4523	4361
4693	4086
4201	475
2216	1517
3116	2053
4361	4321
391	302
4934	3512
4530	2809
4529	2312
2623	474
3048	2099
2245	1338
4580	762
4052	4042
4156	2774
4198	1727
3153	2750
1726	975
1068	664
2000	885
3150	1113
3469	1505
4908	2625
4412	2169
3739	2904
3770	2616
5072	2845
3116	709
4624	829
2959	1907
2210	613
2505	1836
4326	2438
1938	1728
3920	3116
4901	1128
1790	1755
3866	339
4989	931
4815	1113
3354	897
3735	1692
3646	2526
2183	1038
4197	3114
4220	2568
5051	4021
448	96
1438	1203
1640	613
5008	4728
4022	14
2142	788
738	451
3359	2588
3322	3289
3116	196
4696	3566
2894	364
3564	3114
1533	493
1914	1207
2789	1549
4182	601
4972	4196
3582	3179
3121	1701
4487	3450
4399	4326
3944	3104
4696	1658
3653	836
1461	1190
3202	221
4934	1524
2775	1862
3497	2022
4529	1727
4981	4943
3687	1781
4057	1088
4670	89
3649	244
1453	973
2108	1734
3851	2030
4533	1527
4357	1524
5038	912
4958	425
2990	1597
4156	1375
4728	2658
5127	2934
2850	2085
1690	1356
2077	1365
4156	460
4400	960
3939	3201
4960	4156
2053	215
3930	1119
1747	500
3256	109
4970	4406
4827	2616
2755	1180
3687	2625
4697	1439
5010	3616
2015	343
4326	337
2438	2312
4519	3662
5043	4855
4268	4070
2132	1671
2199	1775
4435	7
3901	622
1527	1354
2850	2090
2492	1878
3309	1527
2709	1727
3116	1129
2254	1527
1276	315
3663	3116
1562	100
4380	1873
4779	2438
4295	4156
638	460
2053	1106
4766	3704
5008	4393
5122	1771
2934	71
4156	3774
4905	4236
2575	1862
1420	1148
4940	4495
5159	2166
610	181
4306	1138
4313	1480
221	149
5030	2547
1821	71
3116	907
1521	269
3845	3116
492	25
4943	3573
4156	2917
1948	1836
3493	272
2541	362
5120	3810
2616	1588
2975	1527
1439	1105
1640	829
4070	742
2706	2438
3202	2438
2735	812
3382	1354
4752	3163
3104	2495
2516	1415
4153	3942
5027	1537
1542	1461
1094	970
2582	1774
3586	1747
3557	3536
1488	364
153	132
4588	973
3395	3104
4156	1953
4121	1164
4729	1527
4649	1549
4970	1119
3491	2199
1968	1692
1640	299
1135	472
4336	2746
4560	4156
3116	2750
4313	3116
3923	2490
4901	3817
1692	1243
1207	866
2930	2312
4435	3105
3404	3352
4011	1119
4594	3116
3304	892
2308	1093
3840	3236
3840	2704
2904	2108
3789	7
3114	614
4779	3769
4844	7
4342	4267
5004	3104
4048	2249
3677	3646
1559	1003
2534	1626
5120	1923
1113	1094
2451	2142
4340	1873
1701	149
1791	67
4798	3916
4156	1242
2307	1622
4940	3289
4417	4039
3201	2254
4502	1432
3116	227
2834	2713
4156	570
2526	1185
4201	1494
5038	3223
4573	393
5072	931
3226	67
1884	550
3582	1483
2495	1958
2310	1527
4301	921
1067	944
1483	89
3739	3493
3104	2438
462	213
2317	1991
2627	2438
3533	573
5065	4376
2581	1537
2407	153
4874	3760
1253	750
3853	149
5004	893
2133	196
4598	1149
2555	1903
3116	462
4183	983
4404	354
4156	3942
2031	928
4315	982
3646	2306
1633	442
5078	3566
1549	574
2269	221
198	50
5107	3366
3770	613
4156	1653
5008	2810
3742	393
4156	122
4508	3501
3810	3354
4603	2438
1094	973
1341	1185
4070	759
4156	2036
655	89
3901	3736
5120	4776
4789	250
4046	2625
3210	944
4088	630
4156	1912
3174	247
3860	930
5072	492
1958	1409
1527	345
2324	269
4201	1223
2750	333
4814	2466
2803	580
1958	570
3192	92
3818	1180
5004	2575
1692	818
357	35
4273	2270
4702	4405
1527	1338
2845	2438
1067	88
3470	2541
4766	866
2661	2099
2195	583
5120	5016
2534	1185
1415	628
5095	1873
4943	1202
1286	268
4702	902
2111	343
4943	3853
3646	1254
2893	1781
5146	5078
2030	1248
3116	517
3428	750
2410	1135
1156	413
2538	1185
3201	2173
5072	3442
3093	1836
4940	3322
3972	1037
3984	387
5068	921
1640	1524
3114	580
4523	394
4070	570
4035	1588
4156	3004
4970	2132
4156	1361
4872	299
2682	651
3116	1276
3116	1585
4189	4156
4308	1504
2840	893
4457	2704
1671	921
2358	2216
2613	701
3536	2666
2582	2438
5008	1338
3581	1510
1227	1113
4369	2053
2326	1409
387	221
4391	1994
4406	573
2506	1386
3505	638
3941	1505
3974	1136
3116	1733
4872	1287
2216	362
1626	813
1024	406
5080	125
4225	269
3758	3104
4954	3116
3343	2212
2777	2230
1746	553
4206	2613
2513	1521
4821	3160
4156	836
5156	269
4793	2456
4664	2108
4491	1660
4646	4405
4201	4156
4156	2146
4156	2747
5043	1324
3175	343
4908	1727
4028	1573
2495	643
1128	879
958	14
3703	3327
3654	2181
1180	221
2948	1338
4972	4480
4415	3104
4985	449
4905	3754
1030	907
3116	1821
2547	1088
4702	3293
3984	2015
3853	2451
2541	1663
4070	3677
3376	149
4156	3002
3421	343
1113	924
4315	879
2492	31
5134	2145
2625	885
4399	3988
3687	747
4670	3114
2750	2090
4721	3116
4295	229
1330	1185
2975	550
4024	2074
2478	973
5128	4036
5080	4156
2320	1746
2606	896
4357	3939
4984	269
2077	1113
4302	3308
3520	2555
4059	610
3116	1982
205	149
4417	1062
2537	1527
1597	1185
4201	701
3769	451
1537	779
4823	3860
2739	2391
4943	3505
2909	1938
648	42
664	154
5159	2299
2775	1286
3810	1322
2704	1821
2065	1727
3991	475
5115	1901
2661	1844
3866	1553
4764	71
4530	7
4802	3827
3739	509
1727	663
4206	863
2199	1733
1873	925
4059	1505
3503	1128
1727	1254
3724	149
1734	961
4598	2735
2763	1741
4334	963
4399	3582
2923	1537
3866	1555
5062	1270
4021	1588
4315	3535
2296	2199
3518	2716
4880	1461
1911	349
3357	259
4695	606
2653	2521
3866	1588
4071	556
1213	406
4624	2616
3735	272
4306	2190
2188	1573
4738	3646
4951	1127
5095	3104
2486	1192
2755	2616
4480	867
3116	3051
4556	7
2312	1863
4729	3781
4154	443
4950	1064
4943	701
3185	347
3592	2299
3368	829
2511	1121
4197	1588
1866	221
1549	1185
3206	2199
1613	1287
4156	3273
5107	5011
3116	2823
4365	146
2755	1640
1701	1553
1031	982
3056	1866
3853	580
5120	2312
2799	2575
4727	2746
1642	580
1741	750
4038	92
4524	3970
3153	154
4302	1566
3058	2838
1734	17
4458	1752
4156	3274
3581	2582
3026	2327
1938	1053
4490	4156
3586	2312
4398	2373
2723	2199
3436	3074
3677	3116
4738	1426
4752	3414
4399	4357
3116	2874
3390	67
3344	2803
3754	2627
3382	973
3564	1461
5008	406
2360	302
4518	3736
3493	1727
5155	3677
1527	1134
1907	1203
4156	302
3754	3385
2152	279
4859	580
3513	1834
4764	3453
3754	3061
1737	275
4594	3810
2212	2053
89	67
3653	2507
1530	227
4361	652
4729	58
1269	1053
3853	1524
2625	975
2757	910
2535	2382
593	472
2738	272
3505	2627
4943	205
5120	2526
707	660
1037	89
4926	2053
4697	4308
1585	1313
3724	2658
2204	1178
1364	860
3254	2056
1484	67
3114	1190
4904	1951
2863	17
4156	256
3226	1269
2466	854
3405	1037
3736	1573
2404	961
4156	1454
2884	1703
4406	1542
1167	543
4461	1149
3520	1537
4943	4399
3385	2801
4163	1504
4156	3988
2341	265
4941	4308
2625	1938
3038	2030
4156	580
4649	1503
2106	1727
2438	638
2363	1966
4383	4282
3293	1028
3068	2704
2860	2541
3354	3344
1533	1185
2085	1136
3738	3582
3116	635
3366	272
3174	3131
2438	1503
2420	1505
4156	1759
3789	2096
5062	4594
4573	4012
4197	1270
3988	2141
1563	613
1273	1227
4399	3770
4968	1844
2438	1252
2526	928
3289	387
3435	3105
3730	3054
3601	556
4226	4156
3562	773
2793	1451
1657	132
4638	4156
2037	471
2810	1604
3566	3237
893	175
4529	1313
2092	1710
4814	2516
5120	4958
4818	4045
2731	448
3071	1726
3289	149
3672	2770
3731	1625
4376	2746
1178	398
509	92
3116	2724
2656	121
5147	3582
4752	3304
4156	909
4614	4156
4139	3122
4369	773
2199	19
3717	1185
4156	1917
4432	2653
2141	1891
1517	1185
2347	1585
3343	742
1527	960
3996	3116
2847	2310
3614	1527
4837	2889
3116	1344
4156	3285
2040	333
4048	952
3977	2850
1527	1432
1213	283
4206	2436
1573	1313
4325	2946
3860	2261
4416	1912
1527	1490
4196	3582
3786	3116
2327	541
2270	1454
4253	759
4156	57
3942	122
3250	2723
4814	1328
1741	1253
3533	2531
4954	2948
2216	1419
4702	2763
3735	17
5004	89
3450	2183
90	7
1781	1227
3536	3368
1893	376
2763	1774
3488	853
4406	168
1527	762
1856	649
5078	4236
3116	2990
2609	309
3414	803
1891	1435
4563	17
4039	2511
3116	17
4259	302
4365	4059
2054	1038
2892	2216
2860	2216
4880	2241
3810	3574
1130	394
1420	1221
1948	1527
2108	553
920	349
1505	553
2149	320
2478	1348
3853	613
612	269
3818	3770
4711	2216
2938	1484
4156	2568
1113	92
3944	2803
5107	2893
1098	162
2438	747
3202	893
3573	1527
1727	1045
3382	2711
4342	1527
4070	3789
2931	250
4217	1136
2541	925
3116	2743
4334	2934
4872	2865
4156	1671
4114	601
4991	0
4156	1428
4401	74
3730	2350
4558	1313
3145	1670
4752	3319
4696	4236
3972	1897
947	89
3116	704
2511	611
1064	1032
2625	1549
3428	1826
4393	205
3503	122
4798	4381
3582	570
3202	387
4480	2270
4156	3265
3865	1527
3715	233
5062	2803
4156	3857
1533	1147
418	296
2755	1782
4156	1055
670	354
3505	3474
3564	2241
1396	621
5120	2111
3884	2085
3840	2417
4659	25
1483	944
3859	2575
2013	970
3513	3308
2989	982
1187	501
1589	1505
5120	4070
4153	3535
2385	1207
983	613
4156	2805
3582	89
4981	2909
4254	1734
5154	3007
3493	2070
3344	2547
3116	1805
3116	1248
3722	500
866	74
4646	2347
2111	893
3847	970
2495	7
1684	168
5128	618
1727	1626
3455	1024
1781	1386
3116	925
3116	2921
4417	1499
1762	1665
1173	187
2203	89
3114	985
2795	1338
4752	4580
4021	3202
1110	1051
961	606
2057	1979
2438	1771
4461	3536
3175	2495
5011	4171
2876	610
2438	1028
4984	2797
2540	1064
4070	176
2347	1185
1684	573
1806	1461
4177	1345
3870	3116
4813	664
1527	1268
3071	1690
2946	1604
1747	1527
3103	1253
4697	1105
4156	2755
3103	2299
4457	3739
3581	1297
925	268
4366	3642
3153	1064
1212	333
4617	3739
3493	3131
5011	4416
1710	574
2466	1243
3687	2810
4051	2378
3493	46
4252	2478
3603	3116
3840	2178
4047	46
4901	2989
4958	3582
550	187
3739	168
4400	2867
4943	3866
4156	2989
4156	1660
2150	1527
1527	963
4153	1031
2361	1503
5128	339
859	788
4196	2438
4183	1113
3939	3368
3084	972
4872	2930
3290	3210
4404	1358
3754	3564
1527	651
2904	2199
3202	2037
3160	162
2531	1278
2997	235
5038	4362
3534	1844
930	442
3116	1147
3591	3582
4070	4046
1187	730
4827	3505
3603	2171
1043	67
3231	3174
3210	3188
3489	3114
4603	2362
2591	309
3133	3004
2823	1527
2241	1053
3091	149
3344	855
3414	2099
2909	2534
2738	2490
4156	3573
1438	1322
3984	1863
2090	1619
3642	3309
935	648
4393	3121
5030	2310
2694	1549
3810	3044
5122	2510
4488	1521
1462	961
4366	3116
855	829
4070	952
2653	2152
1041	921
3598	2805
1873	1781
3116	803
4530	1533
3810	1313
3091	739
4021	3866
2108	1113
4538	3276
2459	1550
3395	2763
1419	1185
3404	580
4011	3352
3145	2810
4798	2593
4393	4196
3486	1533
5095	4463
1527	309
3352	1537
4329	4211
855	593
3866	149
3974	1477
3789	1537
3116	2205
4461	3582
3237	1190
4971	3816
2037	829
4958	1067
4153	521
5008	4503
3179	1527
4723	4070
2210	38
2819	1348
3646	2511
2919	1619
4314	2312
5068	3817
1991	1455
5021	345
3488	3093
1040	612
2401	1505
1947	357
4785	1477
4387	3354
1032	269
4460	93
3717	3672
1547	474
3026	89
349	132
3201	2142
3974	1945
3736	973
3414	861
4070	2398
2613	1074
3366	351
3866	1139
4986	339
4814	4292
3582	1936
4189	1270
4036	448
3153	2040
3769	1626
2668	1527
1947	1051
3870	606
4267	3540
4670	3674
4405	3244
2347	2216
3608	2618
4598	4594
4308	2617
3116	2863
5078	533
1128	982
2696	1549
5134	1041
5146	4560
1527	1270
4156	2155
4189	151
3995	221
3594	1130
4300	3202
4598	89
2989	1056
5062	3153
1248	347
1770	1477
3309	664
5120	3199
4752	3042
1734	175
3114	2241
4125	1819
4156	960
1395	125
187	93
4457	2114
970	187
4972	4598
4071	4070
4538	4207
1726	1428
4815	2003
2894	531
961	347
2404	1094
4070	3493
4652	2746
1952	120
1549	100
2438	1180
3646	2478
4156	84
4183	3116
4968	1227
4156	1486
2746	357
4139	354
4029	2949
4417	4201
4376	2704
1747	1537
3887	2216
5026	2888
1952	812
5154	3582
5062	3582
3322	580
3116	1185
413	88
5027	2459
2145	1710
1980	1686
3677	2216
4156	1297
1692	1419
4695	214
4728	4274
3190	448
3077	2199
1934	17
4526	1692
2775	1270
3901	973
4147	100
4814	1243
241	100
1991	983
3581	1781
4156	2015
4383	88
4404	3865
5062	4943
3952	3820
2775	1034
4051	2047
2884	1873
1334	1252
3501	3371
2069	175
4156	2490
2312	1426
4972	2142
893	630
2710	7
2270	472
4402	1727
4201	2381
3953	1726
1373	241
4036	2438
4399	1524
3190	581
4207	4156
4311	7
3663	2310
5062	3413
5146	3237
3116	1243
3646	574
4417	2459
4950	2797
3309	1213
1150	364
3866	2616
4943	788
1532	613
4881	3116
4827	3116
4970	1185
2216	1781
3581	2389
5120	4554
4659	100
3397	1056
3493	1349
1671	88
3722	3674
4764	1063
3810	963
1866	149
1937	990
1461	1439
4580	2362
4130	1185
3404	187
3436	1527
3536	1388
570	89
3974	3839
3489	7
1947	1626
1031	122
2738	1527
3217	288
3084	3052
1666	286
3687	89
1527	859
581	269
4301	2478
3116	2350
1749	1727
4035	747
1213	1094
4227	2867
4461	1790
2490	2438
3384	651
5033	4156
3582	2031
2166	1028
4232	3739
2803	855
4818	638
4383	970
3952	374
4156	1597
2216	1157
4340	3026
5107	3226
3489	3237
5027	1726
3557	1873
5071	2053
4144	92
3382	7
4336	885
3289	3091
2456	537
4301	2817
4573	1041
3121	2438
4070	939
3108	1132
803	455
2014	1395
4501	3116
4738	773
3555	67
4598	1553
3722	3105
3500	652
1588	1180
4088	867
2799	963
2625	2534
4245	1710
4598	391
4022	958
3810	89
3121	2451
4035	3202
3839	1064
3114	1461
1555	1180
2312	1094
3116	1740
4818	4156
3223	1727
4813	1755
4336	1110
4670	1454
1670	788
1954	1527
3687	829
4646	3930
3866	3121
3552	1134
3448	2216
4859	89
3121	1782
4376	4326
1873	1527
2417	2108
4573	3742
1741	581
4415	38
879	521
3536	3456
5117	771
4581	4156
1483	570
2538	556
2108	509
4554	3366
4496	3026
4538	4156
1692	613
3116	983
4415	2361
1727	1419
3810	531
1774	105
1442	451
2145	573
1714	1396
3687	1878
2747	1936
2541	71
1582	670
928	67
3054	3026
4156	1180
2716	2531
4201	1203
4742	2090
2904	2420
3860	3185
1608	473
4357	3988
2606	2327
4095	1285
1563	1532
2092	2037
4480	4196
1901	1527
4580	3370
3252	704
4070	598
2934	2124
2709	1462
2014	704
3129	3103
2133	2053
4829	1167
4035	2312
3646	1873
3687	2142
2013	187
1521	543
3939	1202
926	7
4418	2166
1252	704
1527	56
2245	205
1488	25
4036	3007
1907	613
3116	960
3881	1527
1873	707
3665	3582
3866	867
3121	867
922	413
2124	1269
4156	2916
1897	1581
4529	3586
4810	4156
3343	1937
3930	125
4843	2533
2132	1041
2591	1537
3116	1948
4779	4156
2204	327
3536	2270
4070	3700
4452	3510
2099	2040
4972	2909
3116	1747
3818	1588
3188	2884
4986	2438
2053	42
25	17
2689	1213
4453	270
4859	2521
4750	3810
3116	1533
4670	387
4393	3853
4549	2014
4764	1627
3810	3722
4836	2549
2601	1537
4045	926
3489	1461
3581	803
3116	365
5022	3116
5122	3513
4038	2606
2249	492
3044	394
1181	1130
2871	35
4803	4156
3739	1113
4321	655
3414	1438
4381	1322
2625	291
2252	1728
3471	2185
3116	688
3995	3505
3116	3029
4021	3116
4156	472
3850	652
2606	1527
5071	2216
2627	1701
922	867
4711	1537
4889	1455
442	347
2030	34
4306	543
4156	198
1328	1064
3121	1338
4095	3350
3116	553
4970	4448
4156	2014
3431	1415
3094	601
3103	978
4139	92
5154	2917
928	387
3116	211
4052	1102
2468	2108
5043	1953
1536	970
4880	1093
2241	1461
3735	1283
5091	885
3118	2920
3864	649
4858	1089
2306	2234
1671	1633
3764	717
4940	3091
4496	2490
2015	1527
3201	1270
3116	296
2850	449
4399	100
2270	1701
1781	593
3582	2299
3860	2185
1670	1640
1892	1643
4156	1439
3539	730
4943	3988
2053	696
3275	1746
3742	1684
4827	387
1740	404
4336	187
3116	2056
4252	3769
4627	2555
387	151
2241	1314
4580	2885
5128	2438
3150	2362
5089	1979
2169	660
1139	788
4068	1415
1527	221
1806	279
3657	580
4594	3104
4306	1425
3362	779
926	343
2423	651
3492	3319
4393	867
3501	704
2234	1461
5042	2108
3512	1202
2775	788
3677	2203
2030	1202
4508	3056
2031	67
521	122
1505	1483
4383	2909
5029	4171
2850	1665
2360	812
1542	896
910	100
4081	2216
4750	107
2534	2216
1113	987
3582	884
4273	893
3923	2704
3586	3536
1747	1185
4463	2216
1640	630
4943	1439
4756	3084
3309	175
1884	1159
4497	1409
2459	360
2534	7
5008	4357
4156	1120
4554	870
1454	176
1461	1105
1462	963
4709	4216
4821	970
1573	42
2597	1550
1527	978
3944	1453
2241	985
4197	4045
4165	3285
4729	1585
2838	953
2852	643
3116	1012
2026	773
4880	176
4798	1207
4156	3018
3942	879
4685	884
1703	944
4336	2438
4859	2526
4458	2757
1907	501
3989	3774
917	885
5062	4152
4156	2927
3603	2190
3488	3248
4509	1968
3665	533
3582	1524
4405	418
3116	1074
4404	504
2541	2275
978	743
4872	4662
4859	4728
3582	3084
343	299
3924	1406
1665	1187
4752	2533
4872	759
3770	2438
3010	1774
4306	2526
1588	704
2593	1283
4645	960
4096	1128
3994	3582
3942	3503
4313	1168
2716	413
3189	860
2809	1988
1977	1527
2757	198
3319	1907
3116	2733
3754	601
2588	92
1527	1484
4728	2343
4902	2492
3350	2893
4752	3944
2547	634
4512	3395
4664	961
2934	1537
4156	3179
4156	1466
3908	1912
3840	3368
3518	2938
614	541
4399	788
5021	1746
5008	1701
5120	1106
3505	2037
3866	221
4872	3687
2299	1064
2541	2296
1527	241
413	109
4728	3991
4088	472
4500	4156
2884	963
1120	630
2092	1322
4598	2351
4036	1652
4201	3116
4399	4156
4021	167
3754	1036
1037	222
3717	1958
3104	1527
1553	123
4035	1979
3930	1533
3603	1527
1940	391
3152	3116
1774	1344
2216	1063
1202	1094
3116	1537
3884	2661
4640	1243
3358	2216
2840	2132
3456	1527
4814	2099
3453	270
4989	4702
2842	2541
2946	205
3093	343
4357	416
3911	2211
448	35
1156	970
2526	2269
2347	1533
3121	1553
5146	2241
3691	3581
2616	1555
2398	2166
4399	3924
3866	205
3116	1071
343	149
3052	1409
3008	368
4156	457
4361	1726
3501	1067
3866	1524
4301	1781
3493	374
1866	339
2132	347
1037	553
4156	2299
4460	7
1782	1286
3792	1633
4156	864
1631	1140
867	593
4402	4012
4764	2746
4400	2743
3518	88
3870	2575
4340	1486
4986	3724
750	612
4649	4507
1527	205
3739	1734
4156	179
4764	2623
3139	1727
1032	750
2147	909
3114	533
3564	3385
5011	4405
2575	65
1937	1181
3958	3695
1168	930
2661	581
4123	74
4506	1549
2892	1227
972	931
3116	167
1636	1127
3143	655
2511	1948
3866	222
4941	3581
2713	501
4301	884
4390	1850
4981	4343
4086	2242
4461	4156
4491	1504
2541	1838
2847	651
3116	653
4018	2310
3414	1914
4538	2957
4480	4156
2216	252
4970	1117
4406	533
3994	343
3884	2090
1537	1428
2490	89
1934	606
5128	241
3368	2810
4399	3995
2616	1640
3116	999
3008	2709
3323	1492
4524	4036
3663	2308
4480	4393
5115	413
4086	711
2439	1527
1358	269
2889	38
3603	2922
3817	3397
3354	1432
2124	1537
3366	1269
1149	859
2904	2156
3431	2865
4588	3104
2424	885
4017	2199
4196	1180
4659	1190
4646	1270
4509	154
3428	2216
4136	413
4037	3116
1633	1227
3127	1213
4646	4558
2438	1781
4406	2132
3782	2747
1213	448
3435	1840
3944	1873
4640	3774
4154	1314
1748	1510
3116	11
2704	17
1404	1135
4156	2506
3498	613
2803	2142
2145	1884
4940	4508
4424	4156
3486	648
4970	921
3975	613
4301	3810
4057	1492
749	370
5004	3116
2616	928
4818	4508
3722	222
4366	4156
5159	4890
4940	2301
928	89
3366	67
4743	773
2704	2181
2653	2627
222	89
3100	2713
3754	1747
2991	1840
3376	3202
2341	1138
2863	1527
4508	4156
1563	1386
1892	893
4035	2817
4342	1966
3202	405
4201	1106
2737	123
4961	4156
2755	638
2555	1322
4624	1338
4872	1938
4573	1710
3769	448
3747	1030
3810	3116
4070	1781
5078	4156
3722	2653
652	162
4415	921
3237	3004
866	354
2533	2451
1958	1728
4268	556
3121	1604
4943	2142
4308	1181
2894	1324
925	652
3357	1252
2695	652
2750	1064
5120	1909
5137	117
3853	2964
3505	2269
3996	11
1878	343
4096	982
5027	4329
3116	860
4827	2775
4036	2874
4956	4336
5062	3114
3665	2989
3322	3091
1862	149
4186	1119
4972	4393
5043	241
4232	153
2884	2013
4301	500
618	221
3313	1859
1527	553
1684	1159
2810	855
1701	339
4696	3864
4156	4096
4306	3100
4580	3865
2531	1703
4943	123
2124	1734
1654	154
3397	122
3493	961
1844	74
4968	3653
4417	3162
1996	1979
3920	1734
5147	1527
3959	3840
3116	1834
2897	1726
944	531
1250	89
935	601
3516	1098
3582	2735
1549	652
3026	1774
3091	2301
3853	3056
4627	4070
4943	2946
2609	1127
4711	3591
4236	3972
4533	535
4070	3952
2627	580
2185	1037
4934	3687
3840	1533
4728	1149
3995	2775
2710	272
4670	2031
4721	1897
3853	3091
4560	3566
2755	149
