3898	4315
2445	3834
4284	4439
3258	4104
2127	2207
1206	4529
1154	5208
524	5191
2737	4963
464	3762
1708	2021
2936	3026
1297	2653
18	4408
548	5100
2075	2240
1137	4496
599	3812
2554	4379
1104	5068
1151	3448
2158	4483
1455	3191
1019	2749
548	1331
3591	4342
40	4864
1741	2303
1293	2457
1435	1446
1038	1489
3156	5112
2509	3376
19	454
1920	3598
1420	4641
549	3815
686	743
844	4868
1718	3993
305	4104
1493	5114
2088	2709
231	535
1670	4162
3737	3756
3089	4104
1741	4521
708	1183
3109	4756
114	1203
4714	4841
1453	1758
2653	4165
4547	4810
363	4868
2016	2039
1493	5215
141	1758
3439	4218
2316	3643
3544	3815
3049	3922
759	2904
1197	3358
4205	4841
2701	3144
3672	4856
356	600
1734	2068
265	4093
1705	2608
290	858
1493	5154
369	3554
3782	5020
895	3042
2592	4849
2525	5025
1070	2797
2093	3476
1087	3680
695	4569
755	1876
4358	4408
3052	5175
453	3000
537	3571
2592	2956
231	3626
1284	2685
4899	5215
2717	3376
339	4482
4342	4474
566	4483
883	1154
3141	5027
3393	3756
928	2422
903	5130
964	4920
114	4238
1427	1995
70	366
1083	1188
1226	3564
3184	4570
2983	4916
908	2117
111	1203
3019	4536
4028	4963
659	4909
1493	4695
908	3478
2579	3529
346	3571
1297	1672
2289	5190
2147	5063
589	2612
360	4483
0	2857
3392	3708
693	3383
2151	2936
244	5254
540	4360
3454	4869
2034	2653
599	755
1018	4408
446	2851
3710	4822
281	3229
1758	2718
1080	3529
2617	4779
111	1292
130	1873
4608	4864
1093	3019
917	5041
2358	5208
917	1892
2827	4124
1137	3240
830	1206
2554	3184
479	3109
3933	4471
419	3410
1427	4767
2392	3439
622	5118
1350	4714
1273	3439
314	1458
1455	2623
144	3439
2293	4484
1055	2039
3229	4119
1579	2407
3025	4794
3728	4220
669	4635
2827	4054
495	4186
2901	5020
3710	5010
1918	4540
1741	2070
2257	2992
907	3937
277	599
4471	5015
1758	4436
240	4311
3141	4704
659	1166
191	4053
2093	4963
359	5020
693	2549
1920	5120
700	3293
631	4191
3552	4864
1218	3648
4046	5046
2358	3261
1363	5120
1489	4311
1696	3313
1455	3019
1327	3198
1919	4186
1670	3836
3571	3764
2026	2863
1663	2050
1206	3417
1429	3616
2954	4408
40	622
3836	4471
3572	4435
2087	2465
943	1708
2975	4899
2219	4714
2408	3358
1625	3843
2207	4093
2352	4899
1082	1831
92	2050
461	4086
3410	4963
3626	3628
479	1455
700	1666
1164	2408
1160	2275
622	4315
4597	4875
433	3751
1276	4176
1932	3439
599	2797
2615	5101
669	960
582	4864
662	1184
96	358
759	964
3694	4864
498	3229
1938	2769
1033	2612
2158	5227
2559	3694
911	2358
2436	5118
37	3933
91	1357
14	4909
845	2194
1438	2529
3540	3651
1686	2892
1059	2902
328	943
1435	1758
2068	4162
1273	1586
4641	5172
2901	3313
1727	3598
1670	2318
549	3856
1215	3344
1873	4459
2347	4864
3019	3719
3739	3809
1918	2217
96	5114
2435	3017
3554	4070
70	4767
511	3156
2887	4220
752	1709
2935	4439
1183	4186
1920	3820
1318	5068
456	3295
1087	1608
3933	4920
1656	3192
75	1577
2318	4054
748	2358
328	2887
2395	4864
79	621
2709	2902
2158	2515
3825	5154
1969	3984
2956	4869
1602	2393
741	4082
2275	2549
1362	4841
703	2887
2368	4483
3448	3509
79	244
3198	4104
669	1392
897	3829
3535	4756
3241	3723
75	464
1995	4608
600	1533
2945	3894
1047	3803
1732	3534
231	2749
2020	2151
231	3569
92	2436
3449	3937
883	5027
1206	3801
1670	3571
4920	5171
2789	4864
109	4810
1743	2232
92	356
2338	3665
494	3109
3191	4734
838	3710
3216	3933
997	4608
2352	3843
707	5172
1138	2393
1743	2592
907	4379
1531	4189
2749	3782
419	3325
2240	2685
3922	5013
1758	3354
1164	3084
1574	5155
1708	3153
1552	2957
3019	5063
2068	3529
119	1741
2643	4548
40	759
4435	5027
129	2051
941	3689
344	3295
2607	3066
3019	4166
40	908
739	1080
4719	5020
1656	4577
263	2076
1670	4920
3856	4864
3191	3216
437	2354
1087	3475
3242	3974
1137	2050
1715	3254
2653	4622
2983	4864
2615	3257
2569	3381
3215	4331
393	4072
1995	2554
693	3501
2639	3956
2639	4687
240	3993
1141	2213
2318	5145
599	2582
1577	3710
221	2436
4350	4471
1867	4845
2749	3616
2916	2936
2158	3503
494	4521
2318	2500
1162	4529
1206	4231
1130	4356
4635	5199
265	495
202	3397
3834	3896
3478	4162
52	516
3258	3933
290	3153
1188	4352
37	1310
327	631
1493	4240
759	1431
45	3478
1473	5026
2113	4483
1691	1708
3824	4961
51	5231
3946	4089
4104	4165
92	867
2500	2615
2116	2653
759	3943
3157	3222
1708	3921
592	2688
1055	1455
1968	2653
2358	3864
4714	4934
566	1047
3144	3670
1561	3286
112	2358
976	4807
2887	4054
2622	2967
1007	4294
516	2887
1260	3988
683	3175
1227	2020
1154	1700
96	4600
1455	1965
14	3004
1129	2887
1532	5101
726	3258
1206	2925
1614	2502
2117	4435
2452	4804
2158	2392
2123	3206
3025	4529
37	2477
2653	4117
1036	4630
3417	3549
1016	4415
1455	3835
759	931
2128	5112
1866	3411
1206	2108
2352	2612
944	1533
1455	1918
1301	2573
1614	3099
22	1179
75	2592
1577	1907
114	3295
3411	5100
2653	3192
1656	3000
1218	2459
2452	4082
3141	4963
1026	3734
583	2393
1087	4811
3526	3922
631	3753
109	739
1062	5215
2592	4168
4909	5050
3141	3191
1138	1561
3258	4124
1292	2736
359	1611
181	2946
1080	3419
216	1363
2701	3824
1734	3237
4573	5238
4418	4608
908	1968
1043	3196
393	627
275	1070
355	4379
2158	5177
199	5062
583	2887
2643	4738
1531	2887
202	3061
806	3295
92	5050
3918	5062
1670	3565
2612	3206
14	265
883	4186
1155	1574
2093	3998
191	1199
37	845
3358	4335
2323	5227
3004	4864
427	2902
1773	1783
853	3988
290	411
368	2164
1273	1533
1305	1964
1532	2158
2901	4864
70	907
93	2314
741	5050
4552	4864
1652	3598
1708	1718
3216	5208
1552	4168
466	1617
1489	2757
802	5219
2529	2799
1533	4608
2318	4213
2293	2887
1203	4841
2158	4402
1944	4054
1435	1489
1602	1646
1154	5027
1786	1836
277	3059
1907	2021
328	4849
447	2050
759	807
424	693
2612	3829
1907	3621
3753	4075
994	5215
1626	4166
4402	5177
832	1080
839	2368
70	1405
498	4608
4162	4608
4513	4648
1705	4025
1446	2318
3022	5172
1483	4467
412	883
12	3516
1247	2607
3998	5172
468	739
191	1461
4054	4608
20	4408
393	1905
2475	2801
468	4961
700	3194
192	4935
871	4435
240	1168
2335	3449
1611	2665
2710	3439
662	2252
178	191
2749	3000
3376	4249
2051	4641
1577	3643
960	2608
1646	3598
400	1953
1327	1918
191	1466
2500	5226
1876	1948
3258	4608
2318	4271
1614	2051
427	4904
1918	4435
1293	4082
2158	4824
695	1969
112	3278
368	1932
1613	2158
759	1995
277	4252
2525	2537
1968	3538
199	3667
14	4961
909	4391
4540	5050
966	3293
1206	2607
453	4920
695	5050
548	883
12	735
645	2275
3207	3454
77	2179
3778	4894
2653	4317
601	1161
1824	3345
314	3382
1080	4554
1334	2020
2775	3328
1708	1942
1702	2108
3516	5050
92	838
537	3192
2887	5163
155	4771
1691	4714
4047	4904
4669	5050
1907	3856
1473	4443
599	4109
960	3613
671	4573
1907	3141
2827	5209
2529	4864
907	2158
662	4361
3203	4960
3636	5177
1363	3144
901	1912
3580	3710
4756	4999
3834	4420
815	4537
3565	3571
647	4104
2701	4573
839	5226
2158	4608
92	479
96	4514
412	2615
2237	4864
1381	2653
696	5227
51	4967
566	1124
2324	3278
3463	3556
427	5049
3295	5170
298	3119
743	3677
277	3358
2653	3336
3564	4232
1197	3621
276	495
4107	4222
2075	4739
350	944
1576	2573
1617	1666
1003	1758
4104	4124
1390	2905
111	3191
135	4415
1576	4845
2065	4222
703	2318
737	5025
1276	2801
2217	5015
33	4075
3278	3592
1293	4483
1874	5118
1206	2307
1670	2827
4567	4582
3472	4044
91	4372
40	2158
3004	4093
717	5156
1901	3762
277	4332
707	2318
2904	4849
1543	4480
22	3543
494	4864
883	3527
1435	2685
2090	4022
788	4766
3865	4974
495	5215
659	2318
1552	5100
4703	5227
871	2592
494	3144
2012	3184
693	3667
2016	3556
495	3019
3382	4540
424	1080
2579	5050
199	3815
422	461
1561	2113
3366	4938
479	3141
3153	3801
22	1964
662	4513
1912	2945
2318	4658
1112	2072
802	1653
3562	4970
18	3875
276	2408
449	4186
3887	4714
1062	1574
587	2775
739	2915
566	2068
3918	4028
4086	4582
1696	5025
1494	4583
2051	5172
525	4199
3030	3158
524	3490
1026	4864
2240	4836
446	4144
1602	3998
393	4630
1154	1310
2582	4166
1870	4073
258	4176
1600	5172
778	1462
2642	4610
1302	3237
3293	5176
3863	4540
3609	5209
1621	4864
711	2408
324	4864
112	4466
2289	2701
2408	5215
1166	3882
2031	2158
934	1034
2314	4376
22	960
1854	2418
1670	4471
1561	5177
1034	2774
1279	2275
1533	4104
1435	2617
3111	3783
2945	5098
700	4608
96	1354
3358	5215
601	1489
845	2539
461	513
2056	5062
1173	4552
2639	3930
249	3043
1197	4439
768	3733
622	2573
1903	3439
2615	5100
136	2094
3318	4253
960	4970
2151	2318
92	4372
4311	4632
1493	1759
2065	4938
2967	4060
350	3270
91	4415
2559	3698
901	3592
1574	3947
2701	4072
4601	4844
1141	2759
759	5154
92	3348
3144	4104
2592	4598
675	4635
4431	4864
2827	4471
4750	5025
1218	3425
1455	4608
876	1680
761	3295
4093	4909
4411	4864
3109	4920
653	5112
1992	4239
129	1429
4317	4864
4864	5163
1636	2910
2592	4023
355	3982
1206	2796
2895	4674
2866	3439
2393	3710
1758	5245
1948	5155
2459	2797
659	2887
761	1112
1162	1451
966	2539
3665	4013
2277	4709
2700	5020
2760	5020
943	4635
2880	3212
4734	5100
1910	4630
3089	3348
2318	3562
231	4771
2016	2318
1206	1741
1137	1701
2972	4430
1354	1479
1700	4738
1368	2509
4091	5254
1942	4739
2573	3777
1666	5164
2075	3019
1455	5222
940	4529
582	4963
1836	2452
686	2887
599	5129
70	3915
1206	4195
1759	4879
627	2408
3457	4328
2653	4089
3976	4582
265	976
494	4841
3543	3648
2244	4756
419	1243
1055	4199
1529	4934
2050	4864
91	2887
2318	4186
3019	3802
4671	4909
2592	4186
801	4483
537	3609
3000	4864
79	1650
726	2016
1758	3417
1700	5208
1670	3785
268	2147
3295	5215
3295	4311
1907	2824
1735	1919
2849	3983
2787	3778
2633	5061
1507	2436
1293	2737
1365	1666
3194	5135
953	2573
191	2065
3565	4162
192	368
4400	4746
600	4608
1758	3835
708	4104
1036	4222
2252	4608
700	1194
2069	3044
4330	4408
1454	5020
1194	2774
3641	4671
1215	3212
1112	2633
240	3295
2445	3278
4425	4864
1615	4251
686	5215
1070	1657
1577	2393
1807	4986
2653	2849
2318	4796
2452	3665
631	3008
1455	5100
921	4864
1779	4013
1758	3300
1905	2992
3045	5025
1532	3420
1068	5190
516	2408
96	1574
2957	3358
344	3066
1897	3665
2500	4988
622	2158
1905	5078
1334	2387
1624	3148
2031	4218
1670	5015
339	2612
2128	2263
4311	4971
759	944
2257	3794
819	1117
1507	2797
943	1577
1741	2231
788	1247
3835	4714
338	3863
1759	4864
871	3754
3641	4714
1363	4608
478	2263
871	3109
447	1137
4714	4909
1532	3526
22	4249
314	5020
400	889
871	4734
1080	2774
144	2520
802	1873
277	1293
93	2021
3582	4864
2992	4738
2827	3641
3049	4385
1397	2158
3058	3109
1034	2529
3001	3677
4124	4350
412	3198
1531	2252
2529	4547
2147	5155
3376	4529
2892	2946
3538	3648
3109	3478
164	4484
741	4186
960	1206
2910	4187
759	1429
1455	3478
2776	3278
1964	3762
2408	5222
707	1561
3001	3229
1206	2418
772	4970
708	1362
1705	4841
498	659
2065	3648
178	2207
1493	3340
1552	4205
2375	4608
2239	3643
883	3257
290	2820
277	928
941	5154
2592	4687
3439	4899
4222	4796
4778	5215
581	1735
1206	3159
1022	1316
1483	3651
92	4415
2358	3358
277	2408
1093	3478
52	1225
178	4073
582	4999
344	3549
1533	3439
3043	3698
1695	2240
845	3933
258	2735
4849	5015
3459	4415
2393	3998
1741	3240
2701	5209
164	4075
2146	4988
2533	4702
18	4676
2415	2592
778	2158
1701	3918
2592	4244
4879	4899
93	2617
735	3084
627	4350
1870	2367
3237	4669
1907	2965
1455	2116
1976	4238
1154	3109
1095	2158
40	3543
128	1083
1327	5100
1918	4738
2232	4754
659	707
4104	5078
4615	5227
2632	5164
537	2314
3751	3918
3261	4540
2639	2753
1120	4704
453	4627
4849	5078
412	3933
548	3198
54	631
825	1758
2050	3543
1128	1670
1600	3669
683	3698
2956	4547
675	3976
1183	1905
12	1901
4128	4714
1574	2679
449	1577
799	1577
66	1741
4630	5078
3101	3843
3643	3710
3703	5118
495	2173
417	583
2887	4608
1620	4144
1670	4104
2318	2533
18	2875
785	5154
3572	5015
3739	4841
2244	5224
871	1708
1453	2158
1901	4070
600	2381
1739	2573
2679	5224
933	1197
2740	4311
368	981
277	4864
3348	5209
460	3454
1670	3702
1682	3549
2520	4358
1068	3570
12	92
1331	2217
2529	2830
4186	5209
454	456
700	1104
1112	3295
2279	2749
4168	4466
1668	2633
1758	1817
1666	1990
96	3366
693	4054
3303	3451
2909	4443
9	2539
1653	3651
2623	5215
1715	4547
93	1708
1358	1773
3510	3843
40	2289
3025	5154
700	1912
1357	2618
2902	3843
28	4856
2263	4904
928	4218
1197	2108
1494	2887
371	3543
1112	3549
4165	4864
344	1708
346	1732
2293	2318
4311	5238
2038	3954
1168	3354
2523	5134
114	2385
2820	3278
2592	3358
1700	4511
3257	3836
128	1155
2293	5215
1574	1695
1992	3988
1455	3572
711	2653
79	516
3993	4443
2068	4951
1043	4810
114	4671
298	1600
1188	2496
700	3203
4734	5222
298	3370
3153	3229
96	1128
2559	4107
2585	4608
767	3988
622	5041
2916	5215
3628	3815
70	498
982	4496
202	337
92	3572
91	3566
1455	3554
4853	5102
583	4608
960	2936
2436	4109
1646	3710
368	3376
674	1577
1489	2072
1247	3066
1489	5156
839	1524
96	2087
1124	1435
1520	1741
1638	2318
96	396
815	3413
419	2617
2207	4951
2592	4117
1082	4483
433	5118
22	4529
315	1206
739	2318
1656	3410
1087	1138
52	3651
92	2709
3157	4856
286	3552
566	1617
647	2318
494	4101
2515	3669
2936	4635
164	824
669	5135
2065	3044
1331	1708
2944	2985
368	4185
1552	3058
3058	4756
960	2293
1995	2956
32	1489
686	3573
1016	4447
2724	3641
1493	1577
2068	2822
1708	4967
1532	3665
1907	5056
3157	5209
695	741
2676	3836
767	3556
2056	3194
2617	3781
4444	5186
1942	2887
290	469
17	4466
3282	4864
4879	5101
2483	3896
3609	3651
1701	1708
96	2235
1708	2217
1907	4306
494	2653
1206	3397
1758	4447
686	2878
1652	2749
456	3472
592	1907
3257	4104
3411	4523
2559	2957
2314	3158
45	1867
305	1700
1360	4864
1458	2520
1864	4199
77	1695
231	297
583	3998
1631	4756
3191	4920
28	350
1130	5219
460	934
2823	4963
3254	4635
1668	4660
3212	4239
4104	4967
2529	3366
2318	4529
3067	4239
3341	3945
3933	4271
2415	3930
1007	1026
2717	4635
419	3025
1314	4195
1429	3825
868	4385
4591	4988
1047	1907
379	3516
2354	3952
158	599
917	2935
328	4841
77	5195
2207	3856
1233	2749
3948	5025
231	3549
845	4849
1656	3856
3023	3104
1533	3948
1941	3295
1649	4734
845	4435
2863	3710
1708	1905
3420	4232
2323	4028
631	3734
908	2116
1533	4817
5209	5225
2158	2916
755	4864
871	4963
1124	2617
2240	3853
1773	4272
1192	2068
1455	1493
1506	3669
96	755
2887	5041
328	4186
686	1537
4222	5238
1186	1989
419	785
4879	5156
693	3489
244	2709
1741	2088
164	2820
1942	4841
2213	5154
1964	3643
2633	2749
499	583
700	2452
2904	4920
1700	4104
1702	4557
502	1870
33	1708
1531	2851
858	1494
1608	1705
1507	4975
478	3420
1095	3019
336	917
275	494
1552	4734
1292	1577
647	4162
1747	2643
393	2701
2568	4384
461	4163
3643	4935
2293	3229
1206	5208
1918	2677
3648	4415
290	3677
3008	3987
1901	3785
2039	2158
1928	3648
1646	2318
2113	2318
96	4849
1552	2992
155	1038
3089	5209
1901	5215
4604	5020
2607	2653
994	3710
111	1218
647	3921
738	2617
277	3493
1527	4144
1506	2515
3753	4920
864	4597
275	1016
908	4186
314	3254
1761	2653
149	2207
2878	4385
1932	4083
2529	3853
363	2509
1670	2217
2774	3592
434	4995
277	2995
2688	3472
327	3466
1331	4967
943	5119
2056	2452
96	135
1087	2314
1016	3459
1646	3882
820	2709
1047	5215
1602	2113
743	2537
868	2232
806	2890
960	3670
1422	4864
960	4703
1613	2887
3019	4073
1708	3556
1758	3141
2393	5177
1715	1741
686	3509
1656	4622
924	2797
1758	4168
844	5172
277	1350
1435	2644
231	3896
1206	2243
1708	2065
701	871
33	2640
1395	4864
2358	3993
3439	4282
1577	4671
2207	2989
3492	4608
290	4582
2983	4879
2685	4311
2916	3257
761	1941
2887	5202
4186	4372
3393	4864
548	3670
2068	2946
2065	3703
2016	2470
155	1489
164	2746
1527	4828
494	1112
2318	3071
1137	5067
2983	4028
1901	3993
1302	4627
3049	4582
3824	4093
917	3794
2039	3896
1554	3012
601	5156
1905	4849
4702	4745
499	2158
70	1087
1730	4232
4095	4350
3049	5112
1696	1907
358	1532
202	3928
4496	5067
1166	4756
1701	3529
883	3475
3995	4367
2582	4801
600	3503
4166	4425
3769	4436
2207	2240
129	741
99	4285
1493	3531
589	2902
144	4142
1354	4485
2653	5163
191	4093
1783	4385
3753	4988
845	1708
583	5177
1673	1758
1198	2536
707	889
1652	2709
4304	4687
368	1316
164	4879
2902	3221
2560	4046
2582	2749
931	3680
1652	3723
2916	3636
1952	4385
1700	5027
2303	2559
1206	4734
897	4157
1420	2318
601	4967
1924	2240
2243	2749
1891	2021
2207	4646
700	1867
3393	3737
3466	5112
1104	1577
231	1038
1229	4739
4738	5027
1577	2279
2500	5100
1141	3376
3157	3667
2158	3258
92	2579
70	111
2113	3998
350	3229
794	2653
3255	3336
601	3549
931	3206
696	4963
136	468
1420	1600
28	3672
908	3571
743	835
3735	5120
338	4916
1870	2602
4104	4756
3194	3556
2760	4635
1218	4372
2147	3551
708	3670
1334	5134
77	2730
1137	4909
2749	3168
1702	2867
1901	2158
141	1036
37	2318
2113	5172
3643	3937
3141	5100
3492	3566
759	3825
350	1080
647	3216
1183	3565
2458	3148
2569	4556
1093	3207
1124	3628
3222	3858
2335	2393
1197	3641
2887	3988
3556	4812
2389	4186
1859	3153
845	2065
3257	4920
96	944
1786	4572
2279	4081
1154	4849
1040	3815
4203	4864
1964	2735
908	3216
4205	4738
862	2090
2116	3216
1173	1183
28	3824
1907	3026
1527	4367
417	659
877	1483
738	1124
231	310
191	752
1614	2318
1701	2050
1901	2592
4328	4771
3538	4367
2257	5081
601	4311
275	3459
3318	4203
915	2460
2465	2749
1907	4491
2778	3834
752	928
1489	2685
2566	3641
1990	2653
1206	2050
2623	4529
587	3617
1918	5101
4431	5154
1732	2116
2653	4552
3529	4540
1874	3464
1701	3240
966	4285
2601	4439
592	2592
1533	3425
548	2615
1758	1938
587	4853
2887	3472
2207	4244
1087	4591
897	2863
75	2207
3206	3952
3628	4971
2407	4272
631	2020
2071	3185
1284	3802
3628	5215
2691	4191
2158	3937
2087	4315
1543	2749
1489	4315
3815	5208
2393	2887
1918	4920
3157	4583
2207	2605
4734	4920
2653	4013
2194	2358
566	1179
864	3754
2080	3771
802	3651
45	966
434	2680
400	1532
647	2827
2740	3295
135	2639
2289	5154
2935	4102
1892	3734
1990	2632
1016	1657
114	3898
600	1138
4841	4984
909	5164
3311	4205
601	5215
336	3501
2653	3161
75	1907
698	1034
1234	2709
111	2736
2266	5164
314	1990
151	2685
3843	4351
33	3739
371	554
1104	3710
129	2515
1331	3534
1700	2917
631	2691
106	3318
2617	5154
3191	3425
366	1672
192	2676
75	4734
707	1646
3648	4540
2436	4767
2515	4641
1457	3049
244	2020
2701	5078
1905	4967
1600	2549
479	5027
3354	4218
2539	3478
1196	2904
92	3058
695	4658
290	4186
2158	2875
135	516
305	1656
707	2775
2740	4971
346	4162
2395	4484
599	1596
581	1179
3278	3562
3785	4841
2653	4627
592	1656
277	2458
1198	1462
3472	4714
2579	2936
160	3802
1331	2358
2653	2714
739	1284
686	4142
393	4186
2047	2749
1458	1666
1059	2801
1128	2158
3626	5156
600	944
1166	2113
726	3815
1188	2547
1273	4597
1218	4483
1649	5219
4054	4144
1192	3194
1226	4232
1310	1708
600	2755
92	4186
1531	2608
2068	4496
566	2887
2252	4864
3141	4970
2026	4187
3756	4119
1968	3012
2749	4604
1639	1652
695	3736
883	4967
3463	5202
516	1942
707	5177
3109	4456
1080	4089
2318	5187
244	5177
2436	3703
1918	3777
1574	1759
2318	3917
2740	3626
1680	4695
2569	4573
220	1966
778	1617
400	1009
1656	5020
466	2892
976	2778
177	1611
2314	4630
1741	2021
1611	3043
1331	1552
231	4610
3066	4022
686	4608
1125	2653
1614	2515
1331	3753
1675	3993
1206	4186
427	2849
1473	3019
1948	2946
700	3667
3966	4547
519	4427
2653	4203
2523	4107
627	1453
2016	3411
2880	3778
1138	2318
825	2617
3915	4157
2935	4367
693	2640
820	2158
921	4367
4700	5215
1367	3109
2974	4864
2318	5041
2217	3933
3148	3156
2068	3691
600	2936
240	2916
1155	3397
1055	5176
3454	4879
1358	1457
1527	4646
844	5164
2318	4162
2887	4315
1636	2529
1455	2050
2075	3570
3254	4496
2065	2436
2065	2656
2039	3762
2749	4530
759	3753
2039	3503
739	4608
1068	1862
4549	4615
4601	4864
622	4054
290	1577
4790	4890
1455	3410
964	3475
1988	2393
2887	4734
43	3019
114	717
2389	3733
1574	4864
1292	2749
1166	1646
3212	3344
693	909
1458	3976
1461	1905
3277	4909
221	371
2093	4853
91	1663
1602	1672
3691	5067
92	3210
164	2644
324	916
726	4864
1166	4218
70	1705
1166	2385
1715	1919
2539	3293
1790	3161
1154	1670
4714	5157
2105	4970
4088	4787
337	2946
3004	3781
2117	3004
1741	4244
91	92
393	1183
3240	4909
4529	5175
1218	3618
1166	1602
1602	4608
2462	4022
3431	3643
1154	4435
1462	2158
96	460
3286	4920
2047	3834
1708	3210
419	3562
703	2289
2887	3993
1273	5213
981	2113
480	1768
2050	3240
4414	4864
2646	3988
1026	4191
3858	4639
286	4218
2653	3411
739	3237
1305	4864
1494	2318
2592	2753
3157	4864
2387	5134
279	3400
3381	3824
20	2358
2330	2581
2515	5240
1561	2318
785	2653
309	4853
1695	4904
1559	4484
1907	3887
1758	3982
231	2617
2788	2946
1455	4403
12	379
858	2318
2749	3141
114	3257
944	2653
4015	4582
1104	3815
1017	2410
2887	3538
600	2956
461	3815
4124	4573
1435	2607
1506	3158
344	2740
894	2021
3004	4610
191	3572
4102	5050
371	788
114	5238
534	1874
469	2158
964	1553
1047	2653
1507	3815
739	2158
403	4198
191	2358
2749	5222
960	4591
566	2323
315	3492
33	2387
871	4704
3152	4864
845	4738
292	4943
91	2709
1507	2755
2324	2653
1083	2849
191	4154
314	700
96	4688
106	4253
1533	2147
4971	5170
537	4573
1638	4899
1043	4400
2820	3988
1331	4734
177	1155
1901	4218
1455	4920
3001	5215
4147	4483
815	1198
96	3841
2039	2289
960	1533
772	4072
456	1886
2318	4402
300	4513
2749	4044
548	3257
3651	3719
2050	5062
2483	5154
2392	4608
3616	3753
708	3565
686	2354
1128	2050
96	2465
3556	4024
231	3803
1992	4528
3421	4655
1574	4746
350	4608
819	3439
540	3175
2318	3993
1941	2653
4402	5172
230	3071
1701	4484
3571	4162
43	3141
2158	2980
1901	4970
3998	4608
1363	1691
3643	4702
5062	5135
2435	4511
534	2436
2533	3560
1128	3565
3025	5025
1154	3836
3109	5171
1586	4864
393	549
3598	4552
1141	2701
92	3566
748	4471
2123	4294
2653	3168
1219	2324
412	3518
675	1990
1577	3084
3669	4402
70	714
2318	2585
412	3834
1106	1779
2135	3395
2069	3464
91	2358
2848	3425
45	700
2065	4939
659	1602
708	4376
700	2895
299	4687
1968	4372
2418	3834
997	1532
587	2617
3022	3998
964	3943
2217	2992
55	2653
290	3940
985	2243
4778	5165
2731	4997
1741	2824
2020	2147
1390	4252
3937	4483
4082	4086
422	3915
276	2147
2875	4408
4075	5081
1691	2500
3261	3483
45	3764
3475	5050
1870	4796
1533	2848
1206	1781
836	4608
4282	4766
499	1166
1905	2827
2244	2736
2408	3680
1553	3157
711	1907
2936	3237
700	4507
601	1203
3698	4107
2887	4540
2547	3413
111	3998
1219	1901
3703	4909
92	4796
498	1455
1186	3613
549	685
1995	2031
1907	4608
2147	2408
3667	5046
93	3089
931	4725
75	2408
417	2318
1803	4244
498	4484
453	2752
4864	5101
3478	3565
96	1779
994	4864
15	2808
3216	4162
1104	2020
1995	2878
1361	4864
1381	1870
1793	1932
982	1206
1079	2592
2617	5238
1331	4165
2393	2916
2436	2778
1229	3651
3158	4608
1168	3609
1117	2863
2957	3490
3019	3769
3643	4195
1553	4988
864	3049
976	2749
897	3710
1741	4864
2827	5015
4104	5231
2623	2887
1206	1316
464	3017
591	3598
1577	5145
583	2158
1600	2887
92	3680
1531	2878
14	2887
3141	4070
2957	4218
1602	4725
548	1206
1870	3969
1435	3988
943	4054
231	3556
360	4608
3348	4124
33	3084
741	4641
832	4107
3824	4072
1451	1636
9	3665
1520	2767
916	1873
1493	1672
944	3647
1716	4971
1227	4658
158	4439
1574	5134
1708	4666
4714	5222
277	3449
4104	4849
3229	5215
276	1948
393	4104
75	3153
1186	1577
1363	3933
2776	4704
144	3643
3261	3669
22	566
858	3677
2539	2827
883	3478
4687	5164
1198	1952
1427	2407
4331	4714
2615	5215
1183	4124
3158	3255
4124	4205
3454	4334
277	377
2354	3510
1668	3544
640	4961
1807	5145
1430	3710
2128	2605
1354	4166
627	1310
2006	4282
711	1741
964	2020
1700	2992
2266	2866
675	1666
1656	4219
164	1577
2367	4660
1392	1640
546	3843
700	5062
4244	5134
707	2393
1995	2967
51	2359
2787	3542
537	4124
537	3565
339	2902
2352	3959
96	2207
2927	3834
944	2293
191	3648
1358	3665
3012	3834
1758	2277
1124	4311
302	871
2685	3628
700	4220
1363	2116
368	659
944	3921
4220	4963
2121	3809
3948	4218
960	2289
686	2065
93	2592
1455	1700
3354	3993
1678	2524
452	4864
683	1273
1358	5010
1105	1268
568	4095
1741	2050
686	825
2387	4856
57	282
700	1458
1532	4537
2240	3942
2117	3837
1973	4244
599	940
1919	4909
928	4144
901	4440
1617	2160
1137	1663
548	3286
3061	3928
1112	5170
2643	4899
91	5224
1545	2749
468	1017
93	4573
91	4909
2070	4734
1905	3348
400	3656
469	2318
3109	3216
4415	4853
175	4608
2615	3527
3896	4608
3976	4627
4109	4856
2916	3641
1420	2887
1611	5120
315	2653
2734	4479
2910	3626
4714	4961
1179	4484
1227	2352
1363	4584
839	1080
4109	4934
1758	1942
356	838
4627	4963
362	1070
1455	3012
3157	3753
4853	4993
277	4536
244	662
2194	5208
337	2173
2375	2408
928	3257
4483	5226
1493	4714
1577	2857
595	917
1455	2279
297	5025
3258	4162
4841	5215
480	897
359	916
589	2849
3472	3928
540	4286
1614	4573
1029	2240
3734	4191
2948	4351
2123	5112
3218	3459
4022	4864
2358	4415
2069	3410
931	2458
3278	4053
659	767
1431	3753
96	2240
2158	3998
1420	1614
1282	3775
3191	4738
1206	2116
1807	4547
1614	4641
4028	4367
344	761
1608	3710
51	1154
1033	1083
2559	2759
1104	1553
20	1602
231	4841
599	2460
3109	3824
1390	2367
911	924
2275	3057
2887	4583
3573	4466
3044	3915
2529	2887
1901	4841
926	2592
75	772
1758	2418
3464	3703
3979	4864
2194	4104
1913	3710
3055	4864
3411	4054
815	1803
2051	2887
231	1203
305	1362
1874	3753
3216	3571
164	1334
921	1577
1293	2116
642	3004
708	3144
1219	4841
2797	3218
1708	3549
368	2435
2364	2617
3454	5020
1310	1363
2555	4620
2135	2368
1026	2691
2749	4577
2254	2358
3240	4496
1626	2653
3933	4350
3979	5157
740	3710
1602	2031
3836	5015
1948	3754
692	2318
2904	3753
2623	4608
2143	4620
92	3648
91	3463
4622	5227
600	5238
1463	3439
1457	2727
1928	2887
778	1087
592	2956
1206	3710
3459	5068
446	4189
1531	3230
525	1055
1203	2617
711	2207
231	4311
2158	3448
1203	2685
449	2021
1754	4311
606	4487
3044	5118
1429	4988
114	5156
1574	3942
587	2257
3348	4849
106	403
111	838
1058	4483
3410	4660
3021	3475
628	2069
1358	4263
960	4971
3646	5049
3067	3344
1532	1932
2072	5170
1125	3045
4082	5118
897	1206
964	3206
2408	2622
2318	2676
1458	2633
202	2596
1016	4357
1301	2020
4511	4738
1637	5100
566	2633
346	4608
3278	4439
1561	2158
3431	4662
2725	2915
636	3510
4157	5025
3241	3598
944	2755
2983	4052
1138	1646
393	3824
1577	2500
4920	5100
653	3466
191	5115
1919	5135
2358	2917
338	2375
3570	4547
717	1124
2070	2653
3424	4331
3207	3896
2916	4024
3198	4920
2916	2957
2529	2679
3413	5112
317	2749
931	1701
1663	4496
1455	3710
2194	4435
1083	4904
871	5027
4439	5130
566	775
2676	4162
100	2945
427	2612
2252	2623
1455	3933
1493	1912
3381	3803
2252	5050
1451	1577
1945	2691
1007	3509
2935	5130
1696	2505
537	5209
1907	4244
2050	2749
5156	5238
3825	4591
777	1533
40	2887
100	5025
164	4869
1087	4577
1520	1533
449	1603
708	4849
4330	4714
3696	4864
114	4456
379	4102
2759	4864
1758	2582
2677	3023
1493	2916
4028	4864
1696	2653
966	3571
1640	4864
2671	4615
599	1104
907	3472
3442	4963
1741	4673
3413	4263
276	1901
419	2936
531	2087
1905	4124
1708	4124
554	3354
1553	3616
1991	4285
931	1429
1531	5050
79	368
277	995
3109	4104
1026	4294
487	3751
2235	2808
1154	4471
943	3988
434	4904
583	1138
1518	3762
1293	4608
3240	3918
297	712
4608	5041
911	5025
1779	3472
277	966
1907	3875
3648	4909
3496	5153
537	5078
3988	4864
2375	2957
2797	2887
1162	1354
525	5135
960	3478
871	5208
1646	5177
12	1533
1453	3558
96	2892
1206	2539
3237	4767
717	4771
2936	4935
67	4552
54	1026
777	4479
3210	5027
3921	4162
17	4587
2194	4738
1912	3278
4714	5037
1026	1945
3012	3628
2653	5047
960	3736
1918	4205
23	2263
582	2592
2158	3896
2158	2533
192	3836
1455	2036
1905	3089
419	4418
130	1942
659	2393
1869	2072
5	3012
1686	2866
52	1229
3278	4028
2318	3702
1938	4263
1225	1873
1533	2039
2716	5227
1574	2465
845	2217
582	2207
2567	3754
748	4719
566	2393
2529	3410
3241	4251
924	5081
582	1870
128	5219
3023	4054
1518	2957
1732	3933
3092	3531
4335	4714
785	2749
1536	3987
2722	4466
1454	3834
2173	2887
93	845
1574	3988
2318	5225
1080	4099
2051	2393
739	4140
2318	3482
2050	2293
1186	4532
1988	2633
270	1803
944	4013
2767	5062
111	4845
299	1227
2207	3835
4807	5129
2797	4675
494	582
2240	3997
960	1670
2592	2983
2750	3793
3021	3439
371	1494
4089	4582
3345	3691
1455	1554
2219	4128
495	1533
1036	1910
496	2730
741	1709
3516	3549
1729	3771
75	494
2465	2956
2875	3643
419	4342
2775	3503
2207	3621
1047	4841
2293	2967
1779	2582
2827	4376
1455	2875
1964	3655
92	3689
231	907
5041	5215
1297	2313
2116	3538
1691	2116
1520	4714
2827	4162
476	2318
1363	2408
2289	3609
601	4771
1708	2330
1087	2936
3161	4625
1657	2887
2529	2749
400	1973
1166	4402
1656	2945
3463	4853
2352	4635
2902	3156
453	4028
3425	4864
2902	3510
1331	2946
693	2774
231	642
1603	2457
741	3905
748	2158
466	2887
3571	4124
1739	2935
3670	4104
45	4845
2887	4415
2072	4971
662	4385
1119	1493
662	1343
1531	2050
2653	3499
3824	5209
2767	4466
1901	5050
43	3478
1708	4201
688	2945
1552	3004
2500	4422
1874	3703
2031	4608
2117	4864
1533	2219
1455	4796
3963	4864
2592	2989
3410	4864
832	3059
2071	4890
1656	2278
1138	1293
114	4543
3669	5172
96	5171
3554	5154
1533	3702
301	4704
4102	4128
549	2278
3358	4849
144	4864
43	4013
2158	3677
1154	3198
2173	4919
2633	2653
2760	4864
4967	5027
4483	4778
1649	2263
2146	3710
2945	3969
2314	3144
1138	3969
539	5050
1600	4641
3395	4943
191	1734
2217	5208
2555	2643
1638	1907
1758	4864
1229	1363
466	4988
2536	3413
944	2146
466	1435
1732	3216
1870	3856
393	3609
328	581
1445	4440
3749	4408
231	286
282	2827
1533	2755
1455	3109
216	5175
794	5020
537	2827
1506	1600
1876	4731
1058	3803
1034	4070
45	3448
622	3286
2656	4608
1435	5238
37	3354
2607	3549
1617	4675
111	726
2314	2827
2481	5165
516	2021
1455	3215
1493	4379
3420	4648
1901	4205
3278	3887
371	3483
1779	4101
231	1489
3348	4841
3258	3478
2416	3769
2612	2849
17	2075
3109	4511
3527	5101
2039	4608
1873	3719
1901	3261
2158	5117
871	5100
1666	5020
2579	4669
908	1453
114	1489
1455	1912
1083	1649
1183	3381
1918	2500
1617	2722
1670	4738
1166	2158
845	1918
628	2050
601	2887
1033	3185
1989	4608
1670	5025
1455	5176
703	4841
1083	3071
1455	1577
2158	3710
2653	3856
1905	3609
3770	4162
2851	3643
2020	4591
2039	2774
707	5122
1081	3894
1141	3937
1942	3815
427	3952
2653	5020
967	2679
1732	4608
2851	5154
92	2887
2965	3845
1910	4507
4608	5119
1229	3540
908	2890
2701	2875
1112	4311
43	1803
1331	2992
1155	3156
1758	3538
4198	4811
622	1138
3008	4879
883	4203
944	4061
1602	3882
1083	2088
3667	4635
1268	1673
3933	4124
2452	4529
1554	2050
2529	2866
2051	2749
1331	1455
720	4868
3580	4853
3526	3976
516	3366
627	2827
883	4988
3257	5100
540	604
700	3254
1138	3963
1670	3556
3258	3565
3144	5209
2006	3527
4639	4899
2709	2801
589	1083
693	3419
3974	4440
2072	4311
645	1128
931	1391
75	2289
2592	4756
3085	4119
1691	3478
1561	4864
1734	5050
622	2936
96	4081
52	1425
1708	3257
2352	3598
1047	4063
2116	2158
158	4864
1033	4688
2646	4856
752	2909
2081	4327
1007	4191
3835	5020
2960	4022
1873	4739
1081	3895
2266	4687
2653	3354
2559	4013
2117	3556
419	3943
453	1577
227	1455
360	600
144	2653
3157	4144
4054	4635
1406	3278
1691	3258
2592	4841
1363	2827
1873	3984
393	4124
1602	3019
622	1531
4061	5175
683	3043
868	1743
726	2887
112	1758
537	4350
548	4168
1272	3439
202	1365
2632	2653
33	3549
1965	2539
1104	3825
2523	2856
3824	4376
94	1616
1155	2678
2335	3085
2776	5056
1829	4864
4047	5112
96	1636
3089	4124
305	4738
2887	2916
1449	4350
362	1657
2021	3916
1507	3777
537	4964
2957	3004
589	2313
2680	2801
2701	5238
2465	5025
2318	4864
45	751
3562	4864
1942	3785
693	4483
3230	3710
37	1461
144	281
2945	3621
2653	4687
447	5067
3573	4961
669	2776
3793	4554
4124	5175
3141	4864
707	4402
857	3647
1367	2158
960	1626
2358	3543
3206	3825
2632	4687
1293	4218
845	1700
92	1520
1047	1360
2549	4483
129	3669
1047	1758
801	5062
4648	5174
2709	4673
3510	3605
1243	4970
1848	2924
4400	4899
554	1996
3669	4608
534	1527
4186	4443
4047	5195
456	4072
3019	4046
897	1823
739	2752
3341	4015
96	3571
3636	5050
1007	2691
1758	4552
358	3510
1420	1577
4841	4856
2070	2358
2318	2788
37	3948
179	4487
1435	4771
1646	5172
3554	3930
1506	3257
3001	4608
192	755
3109	3257
2257	2277
1874	2069
52	4459
4738	5100
4608	4777
314	4687
3529	5050
1758	5208
2752	3158
931	4431
659	2113
772	2592
3509	4999
1734	4669
2573	3825
2240	4998
2158	5187
1533	1734
3293	4199
356	1292
2408	4306
284	4203
2065	4635
3993	4841
4342	4466
3026	4420
2159	4864
1331	5015
1578	1758
1137	1741
1552	1807
1617	2749
735	4864
759	1553
344	5170
3206	3680
494	1678
761	1708
599	3815
3834	5175
4205	4920
2113	5177
1653	5219
1036	4507
1529	1758
1552	4738
96	2330
1650	4556
1989	2158
128	2709
1435	2892
3598	3843
1197	3387
960	3358
3993	5100
838	1292
3129	5102
1493	4934
2070	2749
908	3933
1990	2717
921	5118
2887	3709
96	1310
2158	2755
1708	3295
943	4013
3694	4997
1905	3381
3067	3212
1117	3915
258	1952
701	2318
2069	4125
3984	4166
1034	1188
975	1354
3157	3928
1577	2592
1350	2158
244	3229
3950	4864
3753	3825
4102	4186
700	5199
2240	4385
3400	4899
1696	1758
286	4507
1994	2524
2241	4082
1919	4484
67	3598
708	3824
1918	3478
703	2892
1138	2909
2217	4734
3710	4970
2617	5156
3261	4864
3191	4435
1617	2892
1784	2237
466	3921
135	4864
554	4777
92	111
454	2088
1370	3241
981	3376
1162	2240
4117	4963
1700	3141
155	231
587	4327
1533	4766
2164	2717
2539	3571
3648	4379
824	3257
2653	4028
1559	3756
403	3318
1672	1968
2277	2710
3739	4186
2158	2936
1055	3571
2147	2768
3573	3654
975	4547
2887	2909
1331	2021
2592	3058
1907	4342
566	1646
3258	3785
901	2653
897	1022
275	2416
3192	4864
18	1455
1331	1700
1016	1070
2385	4082
537	4376
1708	5170
449	871
2755	4856
4627	5025
1905	4573
554	4068
836	5215
1705	1907
1602	2158
2615	3198
4117	4355
3843	5004
486	3751
2358	4444
4144	4734
1179	4626
419	2293
2116	2539
1790	3237
3573	4864
434	511
135	4963
4162	4666
2116	3293
45	1455
67	3977
2497	4282
5	4089
2012	2418
3753	4591
445	4911
1080	3489
3420	4513
2318	3937
1018	4864
5020	5199
1316	3802
642	4107
3616	3825
1483	2387
1036	1905
1994	2123
2358	2584
2051	3998
1656	2159
2289	3478
2303	2335
700	5109
1701	1741
1445	3025
1552	1700
1431	4988
1273	2820
4577	4714
2685	5238
3836	3933
1533	2957
2946	3809
1701	3764
2087	2117
1293	4935
427	4552
192	1807
601	1716
158	4200
67	2158
1331	3257
917	2712
647	2116
743	5051
136	1017
3730	3952
1968	3554
1543	1656
1543	3185
479	2992
1559	3059
2088	4970
4199	5176
2318	3669
934	4466
2909	4812
2957	3540
2318	2948
1867	4719
447	1701
498	1435
1405	2749
1034	2240
33	2740
3191	4756
4186	5046
583	3882
1273	2757
3109	5100
1206	3835
2238	3439
2746	2749
2418	2749
761	4466
1499	2279
5100	5109
70	838
1942	4909
52	3472
2012	3010
1696	2592
268	1574
600	3026
1870	1912
365	2617
92	2108
2326	4778
356	2736
2827	4909
647	1732
2252	5245
3198	4435
960	3475
583	5062
686	4379
3348	3824
1059	1549
494	495
871	1455
4529	4554
960	2546
1455	3995
1494	2158
746	4666
77	3952
144	158
3605	4286
2623	3286
2887	3694
1705	2525
275	1218
2887	4301
2293	3358
549	2104
1507	4467
1650	2680
92	4376
1128	3478
3153	4415
93	1183
845	2623
3045	4864
916	4186
589	2128
43	1125
290	4073
96	4132
3258	4471
2366	3278
864	4587
662	1240
3410	3424
700	5135
3049	3946
419	3026
707	1333
433	1708
1741	2773
2481	4778
4630	4849
1489	5215
2533	3643
17	2559
1493	3454
91	281
3933	4162
2890	4327
3157	3528
164	276
599	2390
674	3459
1741	2104
1691	4988
845	4963
3843	4117
1038	5238
346	1617
1656	1696
1033	1059
339	3843
57	5215
2989	5119
1577	2679
2617	4771
1243	1907
772	928
695	1820
71	3762
4963	5195
583	1561
1918	2592
498	3651
136	2410
976	3834
1154	3609
1183	3144
2851	3730
1427	1718
449	4864
535	2318
2338	5219
1206	4967
305	3141
419	1638
1670	4024
693	839
2358	3529
1561	2653
398	3643
1708	4435
871	1700
1918	4734
1390	2158
2093	3439
4671	5100
2293	5164
344	4864
2259	2682
1758	2949
3896	4864
3025	3278
305	4335
3665	4864
1741	5222
845	1310
2217	4435
3464	4342
70	300
4277	4909
845	3216
17	2158
928	3643
315	1758
839	2549
1455	2546
3464	3483
91	2529
917	4191
2653	5215
453	2797
662	4476
2158	3478
1533	2887
966	1055
1577	3129
1138	4054
1154	5100
854	1656
96	3997
1870	4999
2774	4073
3019	3736
2827	3824
1363	4403
627	4967
717	1435
1870	5114
276	2653
93	1905
3915	4024
1856	3377
2989	3835
1919	2632
4367	4864
1918	3198
2158	2801
3478	5100
3834	4418
692	2158
1310	3258
4435	5015
662	2915
3089	3144
1533	3764
4152	4864
537	3348
864	3922
2592	2992
3290	3843
2158	2585
3109	3198
3669	4807
960	4285
1154	3753
158	4440
2434	2965
412	2500
3376	4608
1227	3492
1577	3345
1206	1351
4089	4203
2653	3410
1696	3966
454	5049
1876	4046
2194	2992
2158	2289
4467	4967
1700	3572
2915	3762
1206	3896
944	2554
1870	2851
1229	2075
743	1537
4157	5215
93	3381
711	2701
4909	5067
2827	3565
1779	3366
2207	4201
192	2539
3240	5067
1173	3101
943	3157
1363	4061
700	4734
592	2887
1907	2760
857	5062
3794	4899
2213	3454
1412	4166
717	1362
1965	3293
1080	3157
2749	5122
111	4864
453	2776
92	2731
3454	5177
3592	4734
1138	2646
1718	5043
1435	4694
1873	4781
1870	3019
479	1700
2087	4700
3158	4529
2065	2151
249	3071
1670	5100
1036	3528
525	2916
1730	5174
3753	4967
1533	4327
1080	2207
549	4521
2653	3022
752	2851
659	1646
3463	3878
18	5222
1206	4485
75	3643
2749	4317
2293	4591
539	3993
669	3141
642	1007
40	2318
75	5025
3475	3753
2116	4104
2418	5020
707	3669
1700	1918
2050	4496
3766	5010
1429	2904
1602	2385
1532	1773
2194	3141
358	4385
4899	5252
2158	4819
18	3410
2263	2801
419	1533
3358	3538
2676	2701
640	4093
2740	3549
2241	4864
1783	4244
1435	1617
1007	1945
368	1138
669	2407
3216	3358
2318	3933
3206	3753
2393	3882
1695	5082
1820	4971
1905	2717
3061	3472
700	4199
4597	5013
636	2158
191	1701
2358	4920
1197	1458
3247	3820
3157	4543
1901	1942
2682	2749
203	669
2801	4047
621	1649
1582	2895
1304	4970
1819	3769
1483	3472
2020	2573
647	1708
1358	1532
3410	4714
2653	2700
1730	3420
3042	5215
2749	4480
2569	3089
2263	2612
4738	5015
1532	2457
2128	4904
4608	5177
114	3298
377	960
315	449
686	2646
645	3478
96	5129
4507	4630
1919	3478
1268	1273
315	4864
1155	1276
3628	5156
265	3004
1910	4321
675	2632
393	1343
1574	2768
3753	3781
33	3295
1779	2235
12	4615
2680	2902
2279	3643
164	3278
3598	3959
394	3530
1138	5215
111	4970
3297	3778
3420	4597
642	2749
479	1331
114	2632
78	1083
92	1363
741	4569
1700	5100
92	3703
417	2158
2887	3998
2623	3376
3466	3895
2259	4487
3237	5050
2123	4904
707	2389
2240	4807
300	3643
1918	3753
28	453
2483	3158
3769	4046
1649	3843
1919	3158
1327	4920
4537	4971
158	686
566	720
281	1186
653	997
4864	4967
2749	3835
4494	5202
2020	5226
928	2774
2995	5254
647	908
3531	4909
276	2749
928	2318
1820	4119
975	3781
6	5154
2887	3739
3207	3937
894	2967
2291	4671
2314	5222
1670	3572
1301	4648
52	1873
1302	1734
3478	4756
975	2559
2549	3463
2020	4821
1455	3411
1337	4997
3528	4572
1203	3628
93	5209
931	2408
1529	4864
3216	5015
12	4102
1198	2653
1964	4005
2592	3109
1867	3293
1183	3478
2031	5177
2070	4963
871	2992
1206	2422
1455	4447
2313	2948
3157	4554
2734	2749
277	3184
379	3710
1574	1729
3730	4327
707	2051
1457	4272
2358	3141
3012	4998
2935	3802
314	1038
3089	3824
2529	2737
132	3257
1905	2592
537	2569
1905	3552
1856	3894
3157	4608
2579	3516
1331	3109
2068	3240
726	2158
1561	1646
1206	3045
328	3157
270	815
2633	3421
741	3736
566	5050
45	1965
1422	2240
1656	2303
3533	4932
2848	3358
739	2569
358	2240
3382	3915
1473	1718
1390	2318
33	4355
2158	5154
548	4920
1206	1493
2135	4598
845	1128
1656	2927
1636	3278
3572	4734
1734	4627
1968	4104
466	4408
1754	2481
2457	2529
883	3286
917	2038
1162	2567
2767	4128
449	2653
2633	2925
1577	3207
1188	5153
3998	5202
276	2592
2318	5172
92	4909
37	1168
1531	2020
499	4511
589	1234
1533	4714
2194	3198
40	3680
1083	2612
683	4385
2318	3534
1062	4427
2788	4864
901	3454
334	5154
3542	3778
33	3463
1350	3439
298	3261
298	4851
2890	3778
2147	4070
1083	1695
96	2799
3803	5099
1507	3084
768	2389
836	4119
4627	5050
4107	4304
2592	2823
4015	4379
669	5109
3221	3241
1696	2888
1392	4704
1779	4529
3510	3598
3293	3764
3410	4528
479	4734
675	700
3410	3439
669	921
428	3619
1520	4102
1870	2318
2559	4436
1192	5109
2749	2901
2632	5020
277	2755
1747	3047
45	2539
2116	2318
1493	2318
3753	4550
669	700
1070	3815
533	1499
379	1533
1649	2085
802	1229
3572	4104
2749	2989
5015	5100
700	3764
2749	3801
799	1493
1533	4144
4751	5100
4061	4608
3710	4675
179	3278
659	1561
2087	3028
1455	3278
2701	4630
434	2902
18	3621
179	2820
1918	2358
1696	2254
3207	4543
3191	5027
3261	3370
1941	4311
2278	4864
1206	3192
1577	1874
195	1708
2072	3295
1611	4479
363	5003
897	5102
2445	4543
2887	3651
2012	3613
4013	5220
2408	3406
1188	2354
3459	5157
853	4911
839	2646
622	2393
806	3111
92	1734
2753	4687
981	4252
1518	4608
3663	4704
93	4124
2549	5202
368	2039
37	5015
681	3753
1305	4964
708	2875
1543	1758
221	2709
3413	4864
4714	5130
1243	2031
2916	4244
77	2505
3229	4608
600	982
114	659
2039	3411
2252	2318
4864	4880
40	371
761	2740
1617	4285
2217	3572
647	3933
2335	5227
601	1435
703	4608
494	3450
3229	4909
806	3218
4439	4805
2623	5050
3158	5215
2703	4963
1646	5050
703	1709
1203	4771
1293	4543
3616	4272
244	1649
2749	2949
981	4608
2956	4081
2701	4376
2653	4646
1577	4109
379	3529
358	2147
453	5098
3694	5154
10	3856
2072	3628
2813	3101
4087	4807
883	3198
1457	4089
761	1489
2579	3237
2653	2954
16	981
2358	3191
91	3257
1493	2887
1577	4533
456	4053
2318	2623
2158	2623
3381	4573
583	2113
845	5100
479	4104
707	857
1701	3691
700	1919
1990	5020
1273	3698
693	4391
2653	3621
1657	2147
2070	2408
1561	1758
240	761
627	1905
1489	1834
18	1047
2207	5067
2757	3803
2279	4547
494	1901
960	3157
2075	5015
227	277
1493	1608
1783	2945
768	2769
1455	4700
100	4466
717	3781
2137	2774
924	2887
3008	4805
768	1080
2324	2749
1574	3597
111	3439
2615	4165
2749	2797
144	4797
601	1602
683	1626
627	3558
1579	3439
359	5153
1905	4864
953	1466
662	1468
1656	2364
2633	3619
1520	1646
1867	4039
1782	3930
28	2408
1919	5154
2031	4186
96	276
3793	4483
1070	1834
1279	4400
1552	4920
647	3258
2813	3643
3025	3762
1570	1901
1708	4920
1995	2318
901	4439
3572	5231
1819	3809
871	4162
3207	4796
739	2727
2240	2465
2917	4104
3753	4584
434	2612
4725	4999
1907	4701
244	2240
92	3358
864	1445
1670	3216
2051	4402
114	4771
1758	3641
2393	2653
1138	3026
1036	2808
1758	4577
3055	3071
70	1734
1772	3815
1577	2974
1363	3157
1918	5100
1206	3012
1334	1803
4168	4864
96	2408
537	4849
3157	4529
1577	4075
360	371
1318	4487
100	1758
1670	3109
1677	4244
456	4240
4272	4864
2039	3643
4186	5225
96	4787
1549	3221
2701	4104
2020	3764
700	1831
1631	2992
37	2827
700	1047
4333	4334
812	1807
3066	4415
1832	5112
1666	4635
1758	4203
944	960
759	3206
3619	4963
934	4869
3420	4250
460	2529
943	2887
3565	4608
622	5050
2573	3836
4104	4964
141	4551
2767	5115
445	2660
3551	4971
2566	4767
100	2559
1650	2263
33	4311
2776	5191
692	4466
2408	4081
2158	2887
1772	5020
1489	5238
2861	4719
2727	2892
3836	5100
3478	3556
3109	3191
2358	4868
1786	4734
3736	4714
700	5020
1657	4483
191	4714
1038	4046
1901	2036
4385	4482
1154	4920
4864	5202
427	5112
2731	4335
1151	3617
1905	2701
1574	2147
1646	2393
883	3753
525	3918
3010	4714
1695	4994
2076	4466
158	3573
299	3449
839	2457
1656	2243
647	2117
144	686
554	4856
2992	4756
4100	5175
3590	4864
1874	2436
943	4513
599	4013
33	3483
494	3835
2573	3933
1656	4168
1125	2992
371	853
2158	4546
277	1503
1708	4104
3616	3918
2569	4540
164	3834
1928	5199
1918	3191
1859	2087
1240	2509
1173	3995
16	600
2967	4841
1932	3413
708	3089
339	3206
944	2158
4022	5100
1453	3159
2701	3089
3345	4277
700	3963
1574	4869
883	2318
243	3598
901	2047
1473	4104
328	4963
2700	4591
3017	4315
3922	4582
1691	4920
917	2387
981	1531
583	2031
158	3442
2392	2749
761	2072
293	2408
1458	2559
3802	4439
3157	5202
1824	2727
93	393
636	1574
77	4739
1331	1675
3019	5080
1897	1932
3459	5174
434	589
258	761
2949	5020
305	4920
1507	3358
3937	4476
1007	1081
3450	4547
314	675
33	1716
2582	3071
707	3733
4909	5118
2358	4552
1741	5140
794	2158
2952	4967
2314	3192
3217	4864
495	5063
1701	3943
1928	5020
1741	1973
708	3753
33	577
92	2549
1875	2856
964	1087
277	2956
2275	3566
1343	1944
2632	3993
1293	2676
883	2500
2774	4054
1166	2031
1016	4853
244	2151
2892	4252
1154	1331
3206	4250
3157	3161
3439	4440
2592	3450
2069	2436
548	1708
2529	4024
1691	4756
3556	3993
96	2910
1848	4934
18	2989
17	4569
2020	2904
149	4864
2608	2887
178	3918
587	5025
3478	4846
2158	5225
3459	4093
573	2018
2685	4485
2617	3192
3157	4987
1614	3998
2069	5118
2020	2623
1034	2087
1577	2244
1022	3282
876	3944
4435	4849
2579	4627
3358	5250
2289	4350
191	838
2646	4327
2717	3286
2936	5175
1522	2387
18	2607
1992	3127
2709	4904
1034	3570
1873	5219
3856	4963
599	3834
3543	4625
33	281
708	4124
144	1197
644	2509
2020	3753
290	2158
2887	5154
4022	4625
100	669
1611	2231
20	707
3466	5227
1867	4601
540	1873
2633	5020
2936	4608
959	4615
3762	4703
748	2887
895	2358
4107	4687
2887	4013
2925	2989
2459	3230
1457	1783
75	549
4052	4725
982	1493
277	4186
924	2573
788	4879
2452	5135
4483	4796
2559	4853
4702	4703
1741	2823
300	4648
75	1870
1867	1965
2916	3762
4418	4856
2318	3609
249	2004
2147	3997
1892	4294
2936	2983
2158	2760
3543	4635
1732	4920
700	1928
2194	5027
3950	5025
1670	1732
1507	2573
3229	4244
1663	1741
164	1446
2887	4402
1272	4415
67	3843
2039	2318
4186	4846
2232	2749
263	2567
1192	2452
3858	4406
494	907
3229	3651
298	4186
819	1873
114	3928
1848	2238
3824	5215
1695	4053
1617	3571
1479	4608
1531	1907
647	1453
2393	3641
129	2318
2505	3420
908	4437
3621	4088
700	2065
2367	5222
883	4104
587	707
1138	2031
552	5172
2416	4046
5078	5209
4162	4350
1427	1779
589	4783
1229	3106
3573	4379
1493	4608
1458	2632
2217	5027
233	1768
1124	3295
1708	2827
1532	4567
4104	5209
3383	4483
2358	3382
472	3813
1975	5025
1316	4168
5163	5215
4186	4856
1701	4695
748	1670
3417	3969
845	1331
3157	3735
3101	4963
1007	3431
2235	4600
2592	4125
339	434
277	2524
1577	1912
368	3562
1350	4988
622	2318
700	960
730	2789
3501	4483
3191	4104
1292	2065
3345	4466
549	2605
1083	2263
707	3998
1680	4005
1700	4828
525	966
1646	1988
2318	3229
2069	3703
3153	4849
5	4875
96	4547
1080	1493
1183	5078
726	2936
1455	2539
3286	3753
1427	3157
767	3463
2481	3562
2318	5119
17	3609
589	5112
2887	3613
627	3609
2408	4787
3834	4244
1018	4899
772	1741
1708	4796
2653	4168
3059	4687
621	3721
4909	4997
1455	1552
2749	2927
2088	2849
1292	4466
4666	4719
981	2039
1331	5027
292	3395
2289	3562
77	2612
2880	3067
1331	5100
1867	3278
1506	2887
1203	3450
700	3025
2422	4427
4546	4608
1229	1873
2945	3203
4013	5025
305	1918
1392	3503
1043	1279
446	1705
216	1807
2714	4530
1656	4604
1104	1969
3918	5067
2318	2821
231	5238
767	4554
2036	3556
2727	3449
2709	3646
662	4054
2407	3258
3710	3777
3400	3439
514	1649
2117	3933
2049	4168
216	4443
1489	2065
191	5025
2717	3158
231	2656
1527	2653
77	3843
2318	4061
2992	3109
255	2213
2612	2709
2117	2749
1078	2773
2653	4219
525	5141
158	2291
2436	4909
1545	4904
4268	4467
4379	4529
1574	4600
3313	3708
434	1649
868	1773
2653	3045
1226	3420
4222	5215
659	2158
997	4974
975	5175
2429	4102
2207	4142
2244	5102
582	4317
2065	4372
362	3459
2407	2936
3109	3572
2849	5129
686	693
3643	4879
2416	3550
3196	4400
3628	5238
960	2887
221	2966
1104	3230
1758	2243
994	2749
3616	3680
2158	5119
2462	3736
403	4253
2529	4315
2416	5024
3565	4104
1783	3278
4511	4934
537	4630
908	4162
111	3754
2408	4168
51	1907
3654	4379
463	2147
2031	2393
3156	3825
4162	5015
589	2801
434	478
4168	4970
4124	4456
2989	3887
4144	4186
2592	2633
2418	2653
3562	4856
883	4591
1363	2158
3004	4961
2381	4332
686	707
3952	4904
358	3598
2068	3921
534	2065
1047	1656
1907	3562
921	1087
2505	4476
91	1461
1905	3382
4864	5037
2318	4546
640	976
1758	2927
1520	5062
3824	4342
3420	4211
3278	3483
3257	3753
192	3550
537	3216
334	4899
960	1995
4186	5100
3109	3141
1381	3667
981	2407
2892	5215
191	4960
417	1614
4439	4864
759	1168
40	964
1646	2827
1455	4331
1653	1873
4658	4725
908	1493
2050	5067
3990	5195
1055	1867
362	4415
2158	5046
711	1758
3478	4124
231	1293
1715	4484
3141	5015
5202	5226
19	434
666	1043
1918	5208
1331	2615
114	566
2656	4864
857	5118
3044	4587
1327	2194
2749	4154
2967	3856
2916	5041
2241	5231
77	2590
1197	4920
759	4546
2289	5041
314	5199
537	2676
853	1299
2653	4144
1918	5027
191	2845
1080	4483
1988	5129
1613	3976
379	2579
2902	4904
994	2020
2917	2992
1429	5154
486	487
2768	3442
315	5025
3896	4408
2012	2905
1718	4436
28	3229
1759	2147
647	1670
2368	2560
1302	5050
1531	4802
815	2536
903	2276
75	2737
1942	1995
91	191
812	1758
70	91
3257	3358
2653	3012
3762	4841
2358	3531
2158	2231
135	964
265	2407
3257	3286
2050	3026
1905	5215
1666	4687
2936	5050
2537	3229
456	2937
4124	4162
91	2436
2735	4144
3286	4483
1047	1435
2143	2643
1272	3538
315	982
1602	3754
1203	5156
2539	3836
1772	3509
1901	3739
741	2051
519	5215
427	3977
778	3667
3501	3754
3000	4704
2158	4796
802	3019
2117	4124
1913	4675
700	4385
973	4451
2217	3191
1691	2615
499	707
1367	3572
169	1952
111	3425
3022	4641
960	4162
498	1995
2749	4725
265	2887
37	1363
454	2612
717	5238
377	3646
1610	5174
2006	4796
315	1194
111	2459
2158	2318
358	5176
1331	4802
1363	2749
686	2550
244	1574
4608	5046
2147	2679
2701	4124
2520	5119
516	1574
1095	2318
114	5063
10	1656
513	4440
4166	4999
67	3820
3058	4920
3478	4403
240	5154
362	1016
2936	2945
755	3278
1732	4162
537	2289
1058	1080
2856	3143
92	191
695	3019
3157	3858
4086	4187
191	2579
582	3677
2520	3689
1545	2967
3141	4734
446	1907
1016	2887
2243	2653
2105	4687
2849	2902
1449	2653
2935	3573
883	3109
838	2244
1859	3665
1663	4909
276	2529
1732	5015
2700	2945
1493	4073
281	1831
554	1666
2753	4107
4986	5130
2948	4608
67	3959
3381	4124
1907	5222
3993	4540
782	2797
3376	4695
941	1758
434	1615
2051	2158
191	3203
2701	3348
2105	2632
314	3059
2638	3381
743	1479
1990	4687
3141	4920
1327	1700
18	2887
944	4658
3621	4963
669	940
1154	1918
2039	2887
1918	2194
3012	3554
158	2935
901	1829
3143	4543
1206	3157
433	1741
1198	4385
2653	4567
6	1293
75	4704
417	1166
2701	2827
2767	3382
686	2505
901	2418
1429	4841
1989	3161
1741	4168
2147	3366
1518	2887
708	2827
164	186
2116	3257
2240	4556
1116	2318
301	1907
216	1919
93	708
2436	4796
96	3277
1918	4165
693	1058
6	3643
2767	4102
3613	4608
928	3762
1276	3984
1907	3448
666	4967
907	2318
1741	1848
933	2293
819	3540
1948	4869
1919	4635
1823	2653
3643	5010
276	1574
1293	3969
2105	2749
700	1055
2592	3659
1206	2054
2458	3969
686	700
1952	2643
997	3206
2665	4875
2070	4466
1824	4587
1070	2750
1823	4864
433	1479
1080	2773
3109	5015
1646	4841
1553	3206
37	1670
741	3998
700	2632
2608	3736
275	2239
91	2244
1579	2158
2851	3449
284	3572
3961	4482
964	3680
1206	3856
1759	3157
3237	4627
2592	4704
277	3809
3922	4272
3572	4967
3420	4773
2749	3161
92	2358
93	4376
305	5027
1138	4608
2566	4205
1758	2944
1489	3628
883	2904
339	3646
1370	1615
1186	2633
2065	5115
1431	3680
93	1036
1708	4222
2653	2901
1043	4756
1104	2458
4054	4089
91	4220
659	5177
2147	4081
221	2173
229	3454
907	2381
3464	4899
2952	3702
2767	4714
1735	4484
1741	2579
1104	1451
427	2263
819	2416
2653	3210
3439	3794
1819	3566
2749	4219
1455	4285
1276	2123
92	2117
1574	4327
1741	3254
2695	5187
1305	4934
1708	3194
2039	5215
3998	4402
669	4244
3915	4511
1206	4425
937	1603
820	2318
2592	4142
67	2709
601	3626
2537	4745
2952	4222
96	1759
4070	4480
953	1507
2358	3863
2801	4317
2352	2639
2617	4911
3549	4971
931	4997
933	2559
2416	4402
3297	3542
1772	3454
433	857
2318	3896
2194	4756
231	3025
1116	2158
1247	2736
1083	1650
1331	1918
3554	4856
1758	4152
5109	5135
275	1161
2381	2755
92	4418
2151	4244
969	4511
2213	4222
612	1892
966	4845
3141	4104
1965	4845
96	1034
825	1080
1602	2318
845	5027
3257	3987
229	4963
91	2065
1305	4570
2559	5098
695	5122
99	3012
3526	4597
2633	3988
1531	4471
2318	3215
2653	3483
3710	4157
5	3049
2381	2529
2407	3702
314	3702
2653	3988
1873	1942
314	4796
359	751
964	1995
2158	2915
1129	3459
985	1080
2582	4864
1117	2656
3803	4583
2496	4482
3049	4089
1758	4317
982	4483
67	3646
3206	3616
1695	2801
1705	5020
928	3672
1155	3182
4573	4849
2753	4222
1047	2749
2691	3734
75	1412
2639	4796
605	2318
2559	4529
1293	4222
4714	5215
1786	2278
3258	3571
1696	3672
244	4061
2851	4402
883	5101
907	3019
1708	1716
2113	2515
761	1716
2241	4109
1779	2808
3694	5175
3449	3762
2016	4024
2050	4909
871	2547
240	4841
1965	4199
941	4864
1363	4271
2465	2653
2653	3873
191	3969
583	659
3240	5025
1087	3753
537	1963
2318	3963
1038	1206
454	2801
2653	3055
18	1381
2633	4205
112	2592
2314	2435
2633	2717
2824	4963
192	5154
2358	4934
1743	1773
290	3834
277	1104
966	3836
2656	4218
2592	4676
2915	3570
2117	4186
2087	3045
1219	2749
2887	4920
112	1128
1870	2820
91	3648
2653	3782
314	2820
516	1483
669	5098
1701	4496
917	2892
3019	5213
653	3618
4166	5202
336	2945
382	2020
1735	5067
1700	3109
1859	3454
1154	4548
453	3834
17	934
707	3882
2158	4218
2750	4767
2957	4024
2749	3976
1301	2967
328	1779
1354	1781
2639	4107
695	2240
461	3834
4186	4435
231	1124
191	2549
2653	3454
1272	3976
2749	3447
1154	2020
297	4864
1803	5134
1206	3345
1705	2863
1758	3126
601	4853
93	5078
2582	2653
114	4505
883	1331
4321	4507
497	5153
3286	4635
1507	4447
1455	4573
1614	5172
96	4963
2536	4385
129	4641
631	2520
2452	3803
4104	5171
858	2158
37	3552
976	3750
2158	3993
1907	3196
2436	3044
1696	3402
739	3381
761	4971
964	2904
324	5166
1029	1696
1867	2020
495	3377
794	2749
601	5238
1610	1793
270	2957
185	3843
2232	2653
2160	4960
144	743
1435	5156
1533	4128
305	5015
2113	4608
1907	4082
1779	2887
1179	3254
2194	2217
1696	4864
356	1218
181	270
43	2992
2407	2623
2749	3621
1699	3057
2039	2314
132	3915
2151	2407
2569	4583
3643	4738
788	4899
4577	4864
1059	2263
1080	4666
192	1708
3358	3572
1080	2916
2278	3828
2653	3894
1600	3998
314	1919
2904	3680
3781	3783
454	2849
1203	4311
960	3565
1675	1988
1117	1682
916	4938
1454	1870
45	1055
1138	3451
22	720
836	2318
216	3762
1334	2887
3454	4909
2207	4306
1112	1489
2289	3933
1942	2653
3492	4591
647	3836
3143	3207
40	3616
2887	3001
622	2082
75	599
839	2679
1545	1758
3157	5100
3998	4828
22	1617
40	2653
921	1919
1070	4415
2924	4951
1179	1741
686	3643
2117	5015
460	2240
12	2279
1458	5020
2653	3447
1087	1427
231	825
3609	3993
1334	2957
1305	1973
447	1741
1919	3254
91	2774
328	4529
825	2158
3549	4201
3803	4332
2653	3835
244	2902
1964	3566
70	1227
1331	4435
717	2617
1570	2892
1454	1493
1670	3191
4165	5100
1183	4630
1462	4321
2158	3702
498	2158
2047	4864
1964	5154
1203	1435
92	4220
3000	4420
3538	4864
1666	1919
839	4483
2623	3988
3278	3636
2533	4608
2559	3459
1206	4013
181	3366
3463	4186
1007	3734
2956	4536
3439	4239
1646	2887
589	1059
1941	2740
1206	2949
934	1636
240	1489
4117	4904
4104	4548
1218	4864
1758	2639
315	2068
2749	3875
40	2749
1758	3153
298	2679
3580	3616
3677	3834
96	445
305	5215
1552	2917
2318	3998
28	495
92	592
2318	4099
703	2749
2612	2902
114	1124
2416	2560
1907	2105
1691	5171
700	5043
1529	2935
3028	4306
368	2151
1080	1316
815	4385
77	1299
1493	3001
1162	1243
81	1351
1691	5215
2701	4849
2457	2851
1649	5254
334	3643
51	4815
1494	4068
317	1656
77	2734
96	4746
4841	4975
519	2422
3702	4608
2632	3354
3762	4868
111	901
2135	2771
982	1870
498	2318
2709	3258
164	1870
627	5078
832	2523
1919	3921
1758	2465
1466	1905
3065	4880
2117	3836
1531	3286
1907	5163
5015	5027
909	1080
2718	5175
1739	4367
1552	4165
2550	2957
895	2021
2418	4758
908	3157
359	5120
1284	2087
2774	4483
2749	5163
537	3144
339	1083
1649	4963
534	2887
2047	2653
3376	4638
982	2050
2338	4963
659	4608
2457	4081
2231	4408
1080	1992
3887	4327
3882	5177
1682	3436
184	794
2266	5062
604	5080
976	4961
2735	4278
534	5118
93	3257
693	4554
1206	4244
931	2904
324	777
2887	3566
192	3184
129	707
445	4894
77	4117
1918	3141
4222	4687
434	5219
191	4220
495	4054
277	4063
1617	3558
683	5120
707	1420
2021	3042
1905	4540
2108	5020
1552	3198
3109	4435
943	1531
2143	4864
1047	2642
2164	4856
1047	4942
3157	4849
549	1952
275	4447
314	4635
1716	3549
674	1793
359	3043
845	3836
845	2957
599	2326
1125	1577
175	2318
845	3571
823	2653
1682	4511
1552	3572
324	815
4104	4435
931	4988
717	2892
3066	3549
1773	4922
916	4868
2915	3643
1708	2639
1897	4540
845	3191
1616	3982
2700	2749
129	1506
2531	5013
1206	4547
96	4781
298	1663
2318	4666
2116	3836
895	1075
91	714
356	2679
3478	4471
3261	4163
589	3001
4496	4909
4577	4939
921	3648
1709	4821
601	4971
1531	4608
1741	3619
96	2147
1138	3710
662	4648
493	888
4909	4961
92	2767
4425	4970
1003	1577
3834	4075
2151	4608
1479	4725
1905	5209
4435	4714
711	1870
631	1026
314	2632
2866	4864
631	3254
100	2592
216	263
359	1483
1112	4997
1807	5159
4971	5215
92	3277
861	3258
1533	3158
2496	3598
5046	5215
1425	1532
2887	3654
1192	5135
2749	4849
4471	4920
191	4627
3882	4608
277	3025
3297	4894
1708	3572
3109	4963
2393	4864
686	1082
393	537
1363	2207
92	4714
1553	2458
202	2801
1625	3605
299	772
1162	1479
3258	3836
627	2892
1455	1824
600	4332
1087	2904
2584	4963
854	2749
915	4342
1318	2820
600	1022
3295	4219
1919	3543
3549	4853
3542	4894
647	1128
3997	4864
1083	5112
1758	2539
3737	4864
3191	5100
2147	3943
3933	4608
3836	4162
1758	2093
976	3004
1199	4960
1293	4418
3669	4641
1493	5046
284	4997
1493	3410
276	1907
1649	4904
2147	4869
1773	3049
2076	5215
1561	1602
1617	2709
173	5025
2275	3478
3286	4738
2757	4476
1533	2579
1734	4807
1185	1435
2735	2887
703	2608
799	4608
70	191
96	4856
3402	4530
1901	4408
359	3175
1964	2318
1653	4864
3026	4466
23	1225
1531	2648
498	5215
1331	4920
1363	4162
3358	4205
1907	4142
1831	4483
1183	2701
3141	4435
642	3059
3742	5027
2525	4157
1219	3802
755	4822
1941	3549
928	3010
2573	2887
1141	4315
583	1166
356	3751
1463	2408
1656	1836
1493	2158
622	2407
1531	1964
759	4988
845	4920
1695	5112
4186	5115
1701	5062
495	3597
1450	3344
1080	3667
1743	4864
1199	3203
4864	4879
2749	3887
883	1918
1670	3258
3571	5208
2717	3562
1577	3019
1531	4200
845	3837
1206	2639
2592	2680
928	2529
1577	3261
4627	4669
3665	4841
2823	3570
711	4466
1691	4162
4608	4714
77	3206
4982	5153
1293	2318
1009	1305
2031	2113
1277	4864
2050	2207
70	600
112	1741
2767	4420
2592	4920
17	1577
305	845
4554	5009
1392	2980
549	4327
2123	4615
2481	3803
164	1003
1292	2653
3131	4491
37	2615
2592	3663
4263	4582
669	4107
883	1670
1206	1354
1824	4218
3817	4014
469	4714
498	1124
2537	4528
2314	2887
2050	3044
2116	2500
1656	2418
1758	4117
1741	2799
2496	2709
2665	3555
1663	2068
2633	4655
2207	5163
2278	4704
67	2352
4023	4466
4739	4841
10	2134
1459	4638
1758	4573
830	2358
315	3158
819	1942
2275	2701
70	2436
1602	3963
823	3492
495	4841
164	453
53	982
33	3680
67	5004
1649	3719
1454	3454
2104	2902
1892	4191
1429	4591
3109	4734
2653	2945
3358	4963
2153	4533
76	2128
761	1754
2887	4360
1901	4102
4220	4714
2560	3442
99	4853
917	960
4186	4676
1155	3977
1079	2727
2318	4608
511	2617
1614	3669
92	2827
2727	5250
631	1007
2275	4142
566	4601
1543	2653
2559	4646
1070	3459
67	2249
2116	4714
740	4864
883	3572
2318	2656
876	2241
845	3109
19	3710
531	3552
3300	3436
302	1390
1577	3237
1129	2559
2275	4403
4392	4540
1087	1553
2117	4849
3348	3562
1493	4186
158	1758
748	960
18	75
2051	2515
2632	4471
359	2665
960	4186
295	4597
2774	4485
917	2469
2006	2429
2515	3998
368	1696
566	4087
1305	3656
2633	4483
1701	4431
456	4869
1206	3354
1553	2904
2408	2547
1670	4124
1429	3206
1083	4770
790	2980
1615	3241
534	3464
1600	2318
871	4989
1614	4494
1206	4168
495	2457
339	4904
2916	5154
498	1741
264	4864
92	1968
1420	2515
1626	4864
1506	2051
981	2158
2318	5046
1155	1695
279	4899
1331	3286
1218	3754
636	2902
3257	3527
17	2529
2436	2573
1493	2989
1708	3837
314	4304
1078	2573
3680	3753
622	3258
1781	4332
456	4056
4022	5239
1517	2983
2117	3921
2318	4417
179	2887
3278	4593
4547	5172
96	1807
1198	4537
1552	1732
3815	5157
339	2128
100	185
96	3286
1577	5025
943	2623
928	4778
2773	3793
393	5209
1506	5172
3998	4687
2592	5215
3065	4860
1038	4166
1617	2653
2679	3564
988	2633
876	3025
1701	3751
752	1988
824	3527
28	4101
3894	4054
631	1870
1663	5067
3221	4904
2749	4263
703	1705
2123	2709
350	2318
1458	4704
1779	3503
2081	3278
2318	4016
419	5020
3979	4993
2656	2822
645	2012
2749	3769
2749	4117
1206	2887
2381	3503
4417	4608
1907	2989
2465	2529
3386	4447
453	3240
4471	4964
2714	3565
994	2653
15	4537
2051	3669
4104	4920
1708	2992
1758	4263
57	3198
356	2368
1741	3930
1167	3439
4904	5112
231	290
2465	4864
2539	4756
1701	4725
964	1431
3144	4124
910	2093
1458	3109
4529	4608
3993	4746
1614	2585
5100	5208
540	2801
1732	2158
2887	4189
1166	5177
100	1527
92	4124
537	1128
1918	3109
463	2240
1905	2314
111	2065
1577	2725
22	4554
2592	3141
1734	4909
1700	2194
277	3636
57	4920
707	2113
3976	4963
889	3648
3216	3478
2087	4213
2653	2927
1431	3286
12	298
393	2289
1458	2266
4543	5114
1995	2158
96	3942
2827	3348
179	1068
1907	3643
4028	5175
908	1574
3210	4186
700	2462
371	2887
1965	4285
96	2505
2992	3191
3439	4491
452	2573
1395	3478
33	4971
4608	4796
3216	4435
96	2039
1758	3856
2318	3783
2653	2949
305	2194
4431	4725
77	78
2314	4124
525	1701
92	976
3993	4551
67	427
1455	4787
185	2965
3255	4627
15	1455
417	4608
600	2158
1033	2709
599	4725
686	3028
275	1870
540	3313
1577	3278
3496	4943
1758	3621
1965	3571
2757	3556
1854	2773
1126	2352
1184	3751
346	2116
96	3270
2358	3921
3066	4853
2293	2537
2549	5226
1608	2863
4054	4482
1154	3933
3439	3509
1602	4909
1047	1206
299	4529
1678	2123
1276	5153
281	3917
466	622
2085	3392
537	1614
1552	5015
1427	4540
70	3648
1128	2559
888	3771
2916	3278
3381	4072
3753	4751
114	738
552	1420
941	5020
2579	4128
1154	4104
359	1273
3556	3641
2685	3295
2935	3516
4687	4963
149	4327
141	1206
3358	4658
1819	4530
2237	4899
328	5215
2749	3410
908	1670
1336	2749
1183	3348
1154	3571
622	2916
3439	3937
2160	4285
2087	4625
1874	3915
2363	4385
1988	5172
453	934
1999	4704
2749	3055
3643	3917
2050	3896
2318	5120
358	1574
453	4244
5027	5100
2916	3566
3019	5227
3851	3988
1154	4964
3278	4415
1561	3278
2887	3158
1545	4864
3896	5154
3206	4864
1140	4909
344	4971
2537	4195
2539	5154
1405	1656
1310	3478
1473	5118
940	1524
2128	4919
1489	3454
91	2050
178	4426
1138	1602
1455	4756
16	2757
3157	4372
1649	3071
3982	4624
2016	2851
2734	3278
1656	3785
4864	4961
1062	1080
3843	4288
4920	5015
93	3144
1783	3665
1318	4625
3216	5100
583	1646
662	3420
2596	5154
2158	2293
3109	3933
960	3258
141	1038
2128	2680
2567	3894
943	4440
2462	4282
647	2917
601	761
934	3984
1918	3358
1965	5176
2116	3571
5020	5061
494	2539
1022	3651
601	3628
1363	2318
191	1206
275	4415
1666	2632
3922	4597
96	1247
1104	4999
2787	4894
393	708
3198	3257
1455	4738
1080	4714
2494	3969
693	2368
871	1466
1873	2416
1615	3723
3109	4738
845	4471
1055	3764
2749	3538
2158	4054
75	739
1836	2653
4089	4620
129	1600
1574	4540
2550	3501
445	2147
1537	2861
2422	2749
2952	5154
3258	5015
2279	4975
3157	5109
1552	3358
1225	1229
908	5225
290	1907
752	2164
772	1824
931	3753
3354	4714
1614	1912
2646	2771
600	2408
1331	1631
2801	4904
1656	2653
662	2318
1708	4971
135	2408
640	4909
2435	3933
1666	2266
636	2104
1611	2643
92	2069
3667	4483
1273	4999
964	3825
91	4144
1489	2740
554	2435
4013	4513
2158	3669
4920	5027
55	5020
739	3566
2554	3463
741	3702
4124	4849
4391	4483
1293	2158
1741	3141
2617	4600
1204	4751
693	3793
1786	4714
2736	3809
1942	3739
516	5215
175	2075
1154	3258
1080	2389
3439	4898
700	1990
231	601
1430	1493
815	1574
1333	4802
2416	3019
37	1741
2194	4920
3580	5068
494	2056
1988	4402
910	4864
14	640
876	4109
495	3923
2753	3930
1036	4321
3572	4920
599	4447
3598	3723
1154	2217
499	1138
2887	3229
1292	5202
277	2159
707	2158
479	1708
3278	4440
495	1657
525	3691
3417	4714
365	3261
669	1128
1990	5215
478	2709
2685	5156
1941	5170
276	4841
871	4738
434	5112
1708	2314
1577	2252
3282	3710
1577	4569
772	1907
2992	4849
277	4810
1700	1912
707	853
2158	3570
2408	3621
1124	1820
305	3198
277	369
537	2701
1663	3158
1691	3518
447	4496
1965	2116
96	3654
1577	5081
4415	4660
5037	5067
743	3963
447	3240
2219	2767
2093	4864
788	3066
1206	4166
4157	4647
53	81
1331	4104
276	2087
2240	4315
466	1047
3192	5025
298	4102
434	2801
1507	1942
1705	4528
368	5130
453	1392
346	3565
1656	3887
631	3466
1468	4864
669	871
2012	2318
960	1705
1708	2917
1892	2691
3509	3629
240	3158
997	2158
1038	4771
1466	2573
4186	4626
1870	3410
582	4466
281	1996
1602	5177
2158	3001
3930	4222
4546	4988
177	324
231	2789
114	4942
468	4853
1897	3984
759	2293
1425	3025
2656	2749
1574	2039
1506	1646
275	362
960	1677
1741	4687
3836	4104
659	917
2573	5050
700	2266
1934	3212
994	2757
1104	1531
350	2158
1942	3836
1873	4841
669	1192
1166	5122
2910	3295
2289	4162
1194	2645
1758	3864
468	2410
4864	5175
112	1907
1206	2366
825	5135
1741	5067
270	1334
2445	2653
839	3261
1807	3292
537	4435
114	1892
2158	3636
2749	2945
1183	3824
1273	2313
40	1087
897	3530
177	2665
911	1759
177	3977
1907	4970
92	1194
711	2875
2592	3988
2712	3185
1829	3278
868	1715
883	5100
119	1070
70	2065
2515	4402
1942	4864
711	3815
2194	2917
5	4582
1392	2955
456	3129
2239	3439
4799	4987
1829	2520
557	2233
4104	5208
2158	3556
1663	3240
1537	3028
3988	4714
4176	5153
2967	4418
1293	3478
3158	3376
466	4061
1068	1544
1168	3921
1128	3216
4875	5013
799	2318
2653	3801
1973	3656
669	4627
177	2158
427	3598
1964	4635
3439	5174
1758	2734
4864	5172
622	4608
2820	4487
2653	4480
1047	1229
456	3057
1579	2318
417	1138
5170	5215
1531	3988
748	2318
1186	3762
701	1696
2827	3933
4547	4764
1739	4440
2116	2289
2164	3643
761	5170
2890	3609
4104	4738
537	2539
2827	4849
1905	4168
534	4909
1168	5225
788	3255
324	2653
2887	4061
741	1614
845	3141
1520	4909
454	4904
928	4427
966	1965
3598	3820
2861	3028
356	3754
1276	4385
897	3282
4738	4920
1154	3572
2592	3019
1942	4471
1786	4756
1570	4841
4476	4999
1758	4627
2293	4864
1183	2569
4163	4166
1656	2901
860	2164
698	2275
3052	4864
1680	3835
2158	4061
944	3781
3858	4984
4687	4796
3824	4124
2992	5027
1533	5050
96	463
92	2520
908	5041
91	3618
3044	3538
2104	2358
4507	4572
1168	4443
1029	2147
1458	4635
738	1435
244	1166
2314	3348
1522	2135
3025	3689
1494	2364
2240	4081
907	1533
1137	2068
693	1577
587	2773
1783	4567
2665	4479
2393	4608
96	2592
299	2240
1358	4385
3753	4849
1455	4964
3395	3496
368	2158
1905	4205
693	1333
1758	5130
1522	3019
314	4107
1715	1735
1603	5124
3856	4367
2075	3651
191	2219
4205	4849
266	1206
445	853
4734	4756
1206	2465
1552	3191
3153	3562
1670	3933
1087	4028
3509	3643
2863	4157
2567	2646
807	3887
1932	2793
964	3753
1577	3303
700	2717
1197	3000
1695	3952
472	2446
2639	4222
516	819
1466	3556
2088	2128
2158	4417
4529	5238
96	3558
789	5227
827	3019
1363	2887
309	1331
907	4856
1458	2623
825	4608
621	4775
2151	3381
1138	3376
659	1138
3000	4166
3565	3933
298	1138
2481	3628
2735	3010
298	398
839	2774
707	5056
191	844
675	4687
92	2065
1675	2573
231	717
299	4239
761	4311
1327	1807
2238	4864
96	4977
4198	4253
0	3442
1905	4435
3257	4165
3982	4864
772	1758
315	2946
1990	2068
2452	3215
3210	3549
362	1138
1988	2887
2604	2775
2217	5100
1363	1741
631	5020
4810	5062
2068	5050
2509	3483
300	1087
2567	2887
4083	5245
275	5130
92	4738
966	3933
741	1420
52	819
587	1758
1129	4853
12	96
1741	4496
164	1473
1520	2219
2213	4061
595	4608
2481	4311
4687	5020
1561	2848
587	2277
1151	1938
566	4868
575	1907
981	4529
275	1969
1166	3963
815	1358
265	4961
2582	3834
3526	5013
179	1318
445	1574
2945	4864
3278	4168
693	1316
871	2194
2289	2435
2904	4988
3222	5118
511	1155
537	1905
1873	3540
3345	3918
141	2653
2240	3466
1203	1489
1696	4022
290	4218
33	5215
2207	4598
2824	4970
78	3646
3527	4714
860	2275
3571	3836
3680	4988
3963	4608
1807	1964
19	3221
37	3993
1708	4107
4186	5174
479	4920
707	5090
640	3004
2700	4366
1608	5056
1554	4998
2368	4869
314	5164
4984	5250
1431	3825
688	2085
1807	4810
2158	2851
1000	1141
3028	4070
1695	2358
2232	4182
393	5171
2483	2623
1928	2358
3230	5081
92	1331
1154	5015
244	751
1277	4263
2266	4796
4104	5027
2752	4963
184	943
549	2158
1561	2031
659	2031
4282	4864
2318	3665
4709	4970
1691	5100
434	3206
2113	4124
3198	4738
3198	5100
445	2087
928	2935
2767	4864
703	1901
2622	4676
1656	2232
3381	4350
20	2617
1125	3366
3987	4970
3153	5025
2980	3449
1531	2158
2701	4350
1614	4402
2623	4471
1503	1818
1577	5124
4379	5145
2632	4635
587	2408
883	1691
708	4573
2602	4864
1747	4695
1741	4582
346	3933
2559	3344
1083	3270
1870	3621
75	1128
92	2757
1276	2612
181	1907
111	3278
1807	2579
1574	5063
3049	4875
3109	3552
4627	4864
164	1636
191	2935
2318	3613
1773	3413
901	1455
2233	3501
3439	4480
1493	2633
700	1718
666	1279
703	981
2116	4162
3573	3730
4920	4967
997	2387
1952	3838
417	2031
2068	4987
2787	3678
1741	4061
1334	5227
917	1988
317	2653
627	4849
191	1874
1708	4350
1873	4241
96	4101
4864	5222
911	3550
1219	4842
2515	5172
598	1574
410	1457
164	1034
1932	5174
1552	5208
871	2217
78	1695
581	1919
2393	4402
2068	3018
2992	3358
627	708
1786	3109
17	3019
4321	4546
2457	2936
249	3698
2736	4845
2579	4714
647	3478
600	3803
1735	1741
1527	2436
1807	4060
233	975
1905	4756
4714	5202
1901	2887
3619	4899
981	3026
191	3566
1206	2469
314	1666
3439	4746
717	2457
1420	3998
1392	3769
3345	4577
1646	4988
1455	2358
3158	4714
707	2335
1705	2026
2151	2158
78	2594
1758	4028
4220	5025
921	2579
3109	5027
2318	2608
932	1578
2318	2375
3019	3121
1206	1864
3993	4046
3012	4993
819	3157
466	1708
277	819
2216	3478
3358	4734
2416	2592
92	3556
1613	4608
1520	2579
28	3617
2878	3229
708	2314
1624	2887
1533	3791
1397	2318
96	4835
1268	4083
2608	4608
739	2887
3680	4591
1457	1532
305	3528
78	1873
202	2249
231	2685
575	2529
3082	4247
417	4415
2116	5208
114	2646
2452	2642
445	4306
1577	2640
460	3382
1803	2387
1141	2314
720	1179
1533	2318
3928	4044
1989	2314
1932	3733
3410	3834
12	2579
1732	3478
3753	4725
1489	3295
2992	4104
752	981
2887	3710
1310	1691
2393	2515
1141	3476
748	3420
1368	2012
3293	4285
3815	4400
1552	4104
3454	4109
2237	3687
1677	2957
192	2752
328	4119
2724	3278
1870	3255
3475	4591
1995	2065
1905	2569
3543	4540
595	4856
2459	4853
1293	4186
519	2387
4100	4864
1574	2684
1682	3417
2207	4604
2945	3756
1155	2948
398	4466
3459	3556
1741	3448
1700	2217
3109	5208
700	2436
1910	4239
1449	3459
2550	3028
583	2318
233	480
1027	2207
54	1945
573	2123
393	4218
2879	3159
3156	4960
1493	4658
2633	4491
1709	3754
1272	4963
33	761
1138	3882
5100	5154
3930	4549
453	4864
2755	3736
4920	5208
37	4162
1552	3836
1095	3139
2318	2393
686	2861
700	5215
934	2887
449	1493
2520	3749
70	3237
449	1758
4102	4714
2887	5177
1758	4219
466	2827
1912	3988
3815	4810
164	270
2232	4535
498	2617
1327	4435
3750	3751
2087	4807
2158	3025
2135	3770
794	2318
2408	3582
642	5025
2158	3565
3598	5004
479	1918
454	5254
858	1345
96	4860
595	2318
2653	3000
275	4853
3702	3836
3216	3258
838	3425
18	662
1747	3592
2887	2890
2194	3109
1596	3815
3158	4379
966	3764
164	1081
1870	4168
175	3237
2749	4703
2827	3216
419	4796
93	4849
45	5176
960	3230
2012	4608
2375	5215
1124	4771
1168	4162
2261	2407
277	2848
2113	3669
1989	2318
2775	4979
2617	4133
17	1574
371	4971
3282	3791
1608	3988
57	883
445	3542
686	1919
587	4909
292	3496
700	4687
2352	2801
1656	3161
943	5209
96	2684
1901	4856
1354	1451
129	549
456	3439
976	4767
739	1907
853	3212
1083	2680
537	3837
2158	3071
1206	5219
3509	4627
3592	4166
433	2069
1080	3383
91	2069
2158	2717
2318	3478
1080	2375
1758	2219
4635	4687
191	1636
871	3198
158	4597
1807	5100
419	1577
3478	4909
2936	4471
277	3436
1910	4572
622	3613
92	3425
3643	4746
202	3472
1997	4239
688	4970
1522	1779
2375	2727
1206	2849
2158	2375
693	1337
75	4963
1083	2902
2746	3278
1036	4572
181	2957
2087	4869
92	393
2116	5015
75	4521
864	3526
277	2051
944	4377
3651	5215
1018	2520
305	3933
741	3669
1225	3651
77	2594
647	2158
1995	2477
1533	5056
650	2289
707	2435
2213	3565
1360	3278
2116	4608
599	2718
1758	2773
1204	1455
2983	3278
231	1435
4402	4641
1009	3656
534	2069
191	3529
537	1183
511	1083
2358	4540
908	1995
2117	3677
2639	4372
1197	3141
871	4104
669	685
1758	4986
1823	1867
3413	3526
18	711
92	3969
336	1200
2047	5020
3671	4140
1897	3894
601	4187
2660	2957
4162	4909
358	2232
1318	2774
2393	2559
2709	3651
1188	2123
839	3781
1162	1206
398	3439
2755	3503
2158	4777
1577	2753
739	3570
70	2887
4627	4909
1708	4849
1656	2700
1036	3824
717	4144
2952	4796
2536	3054
1125	4864
1361	1758
3179	3793
2746	4853
270	5134
2424	3894
2158	3229
466	700
982	3240
2289	2533
2263	5112
2776	2980
537	4072
1007	1892
1668	2323
1832	3466
3000	3976
3454	3784
599	934
3816	3864
2653	4128
441	4864
823	4703
2560	3019
1758	4967
674	1932
4988	4997
1327	4738
191	1719
67	2434
789	4086
2887	2936
1218	4494
2217	3141
2023	3945
3529	3918
3464	5118
412	4203
1700	4435
2945	3875
2416	3636
277	4540
258	2957
305	3478
908	1070
277	5056
839	4714
1670	3257
3084	3815
371	4068
1918	3286
1390	1682
537	1708
3570	4385
535	4379
65	2173
92	2457
177	4537
33	2065
2992	4920
384	857
2318	3025
1646	4218
3641	4864
96	3459
726	2318
112	2408
0	175
1907	2605
141	599
3483	3994
45	525
2967	4187
2916	4608
1700	4734
2470	3478
2642	3665
931	1166
2056	4963
1310	5171
577	2408
889	1009
5041	5154
2749	2954
600	2642
2653	4946
883	1363
845	4203
92	1708
2935	3643
1553	3680
1293	2759
767	839
91	3516
1965	3764
4734	4738
518	4416
982	2946
1124	5156
883	4920
1479	1734
700	2653
631	2559
336	4688
1675	1964
944	5215
3702	5154
2752	4704
4864	5205
2194	3258
92	534
2217	4104
1646	2335
627	1331
284	2957
17	741
1732	2031
3109	4205
2358	5100
1611	3175
165	3230
4608	5062
91	1734
788	3815
28	4841
943	3449
669	3194
375	3643
3295	4971
191	419
2020	2407
535	3702
1022	4157
1848	3439
5024	5118
1079	2416
662	2642
258	1758
1553	1932
4082	4168
3449	4511
2158	5041
3982	4379
317	3111
1168	1293
3454	3834
112	4970
1128	3933
2314	2539
1912	5215
230	4047
2653	3417
1574	1657
2108	2653
2363	2724
2653	3010
1154	1455
4971	5201
424	1316
1381	5222
1741	3969
28	4967
1533	3237
21	1103
75	3834
2746	3643
4095	4756
2483	4024
2368	4013
1673	4864
2289	3803
1577	3055
1354	1455
1912	4920
434	2424
944	3591
1918	3216
3824	4573
37	1718
931	4591
362	4853
1489	1716
1104	4725
5	3526
4244	4466
3793	4811
1206	3592
1206	1907
960	4702
2992	4967
2509	4864
1576	2757
3478	3651
1531	3084
871	1327
933	4864
3216	4756
1969	2749
1653	3540
4315	4841
315	4963
3450	3903
3370	5081
1166	2393
2147	3247
1577	4436
191	4372
2240	3247
1138	4529
4439	4704
2158	4166
1758	5163
129	2335
1327	4970
460	2358
233	3065
2381	4070
1533	4244
2108	4864
3439	3464
3439	4828
599	1129
2408	3448
671	2856
1807	1956
1518	3969
493	3095
3556	4467
419	3801
627	4630
2856	4704
1087	2646
583	605
2240	2592
2051	5245
4162	4471
686	4166
1264	1938
871	1918
1206	1636
3156	3977
1574	3366
3478	3571
3191	3572
3216	4608
3943	4546
1055	4285
1636	3834
1154	3680
592	4961
479	5100
2539	2653
286	2318
2902	3206
2957	3425
3933	4435
548	4864
111	356
772	3199
2314	5078
1429	1431
1932	5250
1138	3286
917	1007
1154	4967
1741	3813
819	3392
2539	4350
2916	3643
4128	4864
3636	4046
290	5119
1273	1301
2094	3051
164	4386
2848	4708
1741	4102
2090	3231
2065	4909
1672	4608
1859	2147
548	4165
368	707
4671	5081
1449	4104
1331	4471
1705	2537
741	5122
2158	2656
3157	3641
2457	4608
149	853
934	2592
1354	2695
2318	5177
3206	5112
1758	1968
96	1695
1273	1611
275	1129
1345	3605
494	5098
1173	3012
20	659
427	2801
1696	3762
1358	4537
3472	3777
2050	3918
1435	4087
2656	2727
3049	3526
433	1435
2054	3762
519	928
52	3929
91	4767
2392	2653
1022	2863
1047	3210
1741	4189
692	4864
1284	2554
1907	4777
19	1083
2992	4435
2653	4154
2505	2612
216	3258
1105	1673
1549	2605
427	3843
662	3678
4199	4845
2314	5209
2573	3710
3109	3820
1758	1781
944	2318
1942	5025
2128	2849
708	3348
427	1649
96	2887
368	1579
759	3680
1449	1758
1080	4391
2318	2954
368	600
2644	3483
3643	4523
2904	3825
1807	4327
931	1553
2653	4044
739	5215
114	2617
2523	3059
2117	5154
1183	2827
2116	3258
1043	4804
2615	4920
2827	3556
1154	3478
777	1773
1462	1602
284	3626
3526	4537
934	4999
839	3045
1838	3562
741	1600
360	1080
1506	1614
2249	3598
2653	4604
1919	5062
3836	4964
2039	4483
57	2679
1206	1668
2016	5050
599	1438
686	2318
243	2700
216	600
1461	3556
1427	4144
1646	4608
525	2068
17	695
2573	3766
158	4593
23	2801
93	3824
2314	2701
314	2523
384	1759
1188	2475
4573	5015
277	1533
2123	4009
1087	3345
941	2749
1920	5049
707	1435
2569	4124
2458	5209
1533	4195
3549	3628
3158	3543
1318	3278
4507	4967
2020	3694
3158	3278
277	494
393	5078
2240	5087
3670	4714
277	4615
362	599
2407	2851
191	5102
761	1533
943	3286
853	2623
1646	2851
2116	3565
1138	2335
1524	3141
2749	5176
346	2158
400	5050
111	290
299	3212
686	3111
2529	2956
1646	5062
845	2992
1782	4864
711	4251
290	1435
309	4714
2596	3928
4626	5020
1018	3439
707	2031
1656	3168
2240	2497
233	3381
2088	3983
114	3301
43	2646
92	1466
393	3144
379	5050
2520	2925
788	2935
1331	3478
3937	5215
4128	4220
1080	3976
417	5177
368	2936
417	707
2902	5254
1016	2602
1358	1455
362	4864
1357	4714
2887	3903
3875	5020
92	2623
2198	2643
3410	5034
708	2701
767	4400
258	4734
1656	2749
1206	4552
419	3000
4054	4082
1611	4293
1489	5170
2927	5020
1716	3628
4330	4864
4099	4244
4222	4304
2213	3751
3457	4704
2318	3921
2653	4385
1577	1886
853	2700
3549	5170
4864	5109
1779	3055
748	1128
463	4587
954	5102
2065	3572
2523	4304
2083	2128
1577	4222
1453	4222
696	5219
1036	3556
1154	1732
931	1431
1445	3157
4970	5025
1087	1531
2967	2980
3572	3933
686	835
1576	3777
3864	4864
454	1033
2701	3670
3478	4024
807	1493
582	934
928	4608
398	419
1154	4507
1907	4117
3566	3917
1549	1994
2902	3185
741	5172
4107	4796
2592	4263
548	1700
17	4186
1730	3564
1292	4157
28	4756
2358	5172
3648	4372
4199	4285
3198	4220
622	4471
1819	2529
1455	2887
151	2087
449	2887
2358	2547
2213	2983
2087	3784
3922	4875
700	4635
2957	3998
1518	4864
1696	4466
1154	4738
2318	4332
3503	4332
2036	3109
3558	4967
314	832
2073	3439
2569	4630
2434	3843
184	277
305	3153
2892	3376
2887	4853
362	1129
1856	2601
1859	1948
3157	4584
1708	2615
2358	3483
2352	2677
93	4104
2263	3206
1018	4327
78	2697
1381	3410
2457	3963
960	2857
548	1691
2462	3410
112	2945
3278	4358
2887	3937
3022	4714
589	3411
1549	3392
1925	4864
314	2753
191	1493
1138	2158
276	1758
1952	3549
1577	2408
4072	4104
371	1718
2509	3665
243	1574
2088	3843
2237	3439
1420	5172
2128	5219
1864	2559
2992	4734
1458	4687
3278	4487
2358	4702
2436	3464
2904	3157
2520	4330
963	4466
1577	1608
911	4540
926	5175
45	4285
3628	4997
2709	2849
1708	3670
4107	5130
2050	3012
393	4849
460	537
4400	5174
460	4168
1331	3572
1489	2617
3034	3185
339	2263
1649	2408
1994	2801
32	1455
2207	3654
3345	4481
2240	4879
858	2314
2244	3109
1701	2068
1952	2887
2219	4102
1964	2385
2887	3450
3626	5238
1124	5238
1989	5175
944	3158
4199	4635
908	1473
3420	5047
202	1483
40	2573
393	2827
2158	3665
2293	4608
70	583
2358	2569
871	1552
1059	2680
1083	2083
3463	5226
871	3141
290	1527
1279	3969
2749	4168
976	4439
2393	4072
5062	5109
1038	3636
3753	5209
2318	2789
883	964
1080	3049
114	4938
216	940
1668	2679
2537	2687
1741	2105
276	2240
645	2709
192	2158
3019	4436
3000	4714
1079	2957
1206	1455
4358	4864
2917	3837
1600	1614
3628	5165
181	4993
1600	2515
1574	2297
1873	3651
3930	4376
3158	4648
2749	3856
3556	5015
92	1636
845	5209
1345	1625
554	2892
2318	3448
37	772
1273	1445
3218	3815
495	2724
3730	4379
516	4415
2653	4635
43	164
692	2207
2592	4128
1206	3723
4054	5226
67	3723
1638	1705
192	2318
1206	1761
305	2827
662	681
3963	4241
37	5215
1672	2241
2749	4702
4523	4601
2849	4904
2335	4608
479	1552
2653	5122
17	4119
707	1506
1739	4439
276	4963
2358	2927
453	3641
3341	3982
91	4443
2360	3762
622	1087
1166	2318
2158	3667
2249	2902
393	2016
1036	3933
2263	4047
93	4630
1652	2318
3450	4807
5154	5176
18	3185
453	582
3509	4191
216	1577
788	4783
3464	4909
192	277
1561	4608
2056	3554
600	2385
817	960
807	3509
982	4685
622	2020
1183	5209
2113	4402
1701	2065
2065	4540
1438	3454
3065	4724
2158	2393
4093	4961
346	647
2992	4205
1463	4641
377	986
1138	1166
1577	3065
1905	4350
2533	3672
3698	4999
1942	5215
92	4951
1918	2992
339	1033
815	1524
1333	2318
92	4939
3636	4783
492	2546
1314	2318
1055	1965
601	4778
2849	3643
1154	3286
3933	4104
4086	4993
1154	1327
871	2917
1905	5024
2727	3917
4044	4864
203	2123
2560	3643
933	1758
1905	2477
3141	5025
168	243
3556	4205
2749	4567
3157	3543
1602	3669
707	4641
292	739
2559	3825
1082	1758
2559	3963
1700	3191
135	4443
3781	4572
2475	3278
3483	4714
1719	4119
2475	5112
644	1999
1462	4385
277	4052
2457	3184
2592	3621
1781	4714
1708	4467
1363	4864
493	540
986	4868
129	1614
2748	4466
16	1316
4496	5062
3439	4879
3531	4999
233	1637
1493	4626
314	4222
3381	4054
1493	3785
1310	2500
2113	2393
910	2787
835	1363
2596	3472
2671	3895
943	4082
1577	1870
492	3240
478	1316
2946	3376
1549	3990
4439	4963
2213	5215
1829	4714
2749	2915
314	3044
700	3543
2358	4551
3044	4909
1322	2020
230	3708
1199	3556
662	5151
819	3651
368	2291
191	1378
2750	4099
587	2945
2945	4244
1316	2617
191	1657
92	741
3549	5024
1695	3654
1867	3066
583	1602
3837	4124
3834	3976
669	5050
2239	4140
498	4591
2539	3764
1705	1992
1197	3754
2358	3207
1080	2640
3509	4476
92	3516
707	4476
3216	4471
819	2075
876	3835
2887	3898
2260	4864
111	2887
1435	3628
2477	4864
1080	3501
276	2207
2087	4572
2375	4864
4975	5081
2113	2408
3702	3762
2422	2653
2244	4845
427	2318
1907	2445
1162	2617
601	3295
18	1701
864	4875
2653	5222
339	827
2772	3023
338	4154
741	4402
96	3554
864	5013
1701	4039
909	4483
4054	4443
18	456
997	2318
1273	5245
1070	4853
3449	4372
1859	2957
51	2992
1493	3157
1033	3843
1420	3669
3459	4853
518	707
3157	4934
960	2158
1299	2241
740	2207
1533	4102
1174	4904
2808	4306
1577	2358
3066	3439
1862	3490
2559	2724
2158	2954
1357	3348
1807	2375
944	3157
772	1206
191	3044
4124	5209
845	4104
191	3739
726	2633
96	2676
2318	3001
299	4669
92	2219
856	2275
2207	4439
305	1197
587	1140
400	1305
3044	3464
2158	3492
1670	2435
449	2554
2640	4483
179	1489
853	5172
707	2515
537	3381
3552	4124
1196	1310
1874	4778
2945	4023
4239	4306
3044	3703
92	4767
1507	2533
4082	4483
1435	4540
1236	2424
2065	3277
1420	4402
824	2967
2685	4778
2701	3381
2753	4796
1358	4134
3463	4054
3928	5154
3605	3843
3095	4268
4311	4849
1932	5245
92	845
739	5120
2117	4166
460	1905
1773	4620
2368	2916
2329	4483
1138	1907
2851	3008
3526	4089
4447	4853
305	1672
3198	4372
277	2039
4511	5100
132	3988
3562	3762
1168	3993
2207	3875
1656	2849
700	2957
1656	2445
794	1493
535	4218
2731	3058
662	2158
1483	1574
1186	2770
1919	4627
499	1602
2207	4970
2735	4075
2554	4608
966	1455
2643	4620
3354	5025
2266	5020
3896	5215
2239	4199
2219	2579
528	4801
1080	2368
1449	2569
65	4149
1038	3278
2773	5025
1549	4963
2050	2458
1675	2936
164	385
1533	4669
3616	5154
4993	5227
479	4714
686	2749
111	2679
192	3954
164	4547
366	2822
4149	5209
2887	3411
92	4435
600	819
739	3802
1779	2407
2113	2158
674	5174
1038	3943
1405	2653
4331	4660
2727	2916
940	1194
711	1183
3815	3915
703	2967
1124	4133
3710	4974
264	589
3381	5209
1218	5202
3556	4162
1574	2020
717	2158
453	4075
1759	4587
498	2050
1708	3824
1292	2459
230	2709
4054	4086
2724	3158
1206	2324
3413	3449
1952	2555
92	2539
799	3354
3448	4608
2158	3933
2775	4777
1734	2887
1758	4165
926	4963
845	3058
1716	5170
3153	4920
1941	4971
33	3628
2147	4600
701	3930
931	3988
45	4719
1206	2718
2020	2235
70	700
2902	5219
1489	4771
22	1907
1506	2989
94	310
2368	2813
4013	4864
950	2966
3157	3824
4435	4920
2648	2909
599	4168
4061	4372
1206	1451
2217	4738
5118	5155
761	3921
2358	4554
2596	3061
595	2158
4061	4070
314	3723
4864	5119
4608	5225
2116	3933
346	908
2173	2801
5	3922
1696	2749
772	1524
659	2335
1297	4608
315	4186
1154	1552
815	3054
4725	5172
4790	5214
3998	4641
4061	4970
498	933
2123	2801
841	1577
2633	3538
601	1080
1047	3988
2053	4451
2050	4403
622	3411
1453	4864
3570	5120
1864	3543
712	3915
1897	4009
3345	3648
2935	3439
2239	2935
3417	4511
305	3216
1197	2592
1240	4864
2759	4408
290	4483
1574	1758
466	717
1670	1918
622	911
453	1128
1166	3998
4635	5164
1075	2021
4864	5110
461	2108
2607	3109
1047	3643
3665	5004
2863	5215
2887	5050
3628	4311
631	1081
4157	4775
478	2605
328	4379
4400	4439
3572	5027
4587	4617
2158	5120
6	2916
1786	2856
344	1941
1363	2289
1918	2615
1758	4272
2801	3206
2529	4483
3141	4738
1273	3043
1527	3278
1533	3529
0	216
1493	3215
812	4986
1527	4864
4186	4608
4725	4939
32	456
931	5215
1942	3012
622	2252
1154	2116
1198	3054
2231	2318
28	2416
417	5172
244	943
975	2537
2863	3282
707	1138
669	4199
100	453
622	1670
14	4093
456	751
2116	3198
281	4974
3348	3381
1055	3293
3628	4778
1507	3710
2665	4620
371	2946
3571	5015
328	686
499	1561
3516	4102
244	2612
298	1293
3509	4567
1786	3528
700	2217
3157	4013
1688	4778
144	1537
2358	3518
1552	5027
424	839
2020	4483
427	3959
2407	5138
2068	3918
1552	4435
1964	4608
1198	3472
1626	3043
1793	5174
1705	2653
1716	3295
2123	2902
2158	2608
1873	3378
1867	4844
4849	4963
305	2592
2158	2457
393	2676
1138	3998
4484	5062
2632	3254
700	844
1533	2158
2039	2916
1577	3851
1905	1910
243	2677
1918	4104
631	3969
3710	5098
2128	2902
240	3549
1758	2760
1574	3853
819	2158
700	1646
466	647
3450	4252
2601	4293
1381	1455
2318	3157
4471	5100
700	4484
839	4422
1079	4548
1302	4669
2408	3667
3483	4694
2158	2252
2957	4063
4311	4997
1167	1445
40	4608
328	3025
2213	4879
1507	3549
2207	5254
3993	4218
601	4671
45	4199
1351	4864
711	5238
1905	3153
2573	3045
761	3549
1968	2749
1920	3570
2749	2784
1948	4263
1138	5177
3529	4102
3556	5215
845	1670
2207	3930
2359	2459
1404	4205
191	4939
3215	4841
2416	5215
1672	3358
4666	5041
494	3856
466	2117
1489	1570
3834	4963
3651	4459
3157	3454
321	2700
1758	4282
982	4367
114	498
1138	5062
2240	3551
1758	2395
106	4198
1422	5227
1128	3258
305	1670
479	1154
2358	2901
2797	4415
1141	2533
3510	4783
5156	5170
2158	3882
1779	4600
230	1625
693	1080
931	4546
3158	4513
3411	3463
1138	4082
2653	4577
1112	2354
1579	1734
707	1600
32	4285
1533	3358
2147	2956
4767	4909
328	4061
3835	4868
4342	4420
3764	4719
2318	2755
3206	4988
2293	4119
1656	2582
2376	4938
1626	3698
1907	4418
3144	4168
1331	5171
70	1824
1435	5154
175	2158
1652	2352
960	4189
1080	2457
700	2887
1457	4582
1449	2633
1327	4104
2239	2537
1670	2116
1969	3061
2065	2757
70	2773
832	4304
2639	2688
3834	4414
3286	4165
1832	2240
217	469
1522	1859
4144	5154
244	589
1670	2117
1758	2776
2592	3809
4244	4734
707	1602
876	2260
3609	4849
200	2173
40	5020
359	4482
2680	4904
1758	4244
393	4162
1123	2857
447	1663
2653	3887
3628	5170
2569	3670
1206	3641
582	1577
1435	2353
52	202
3425	5202
622	3836
114	5154
22	1988
587	601
2358	4124
92	666
255	4879
1656	2324
1783	3976
2194	3191
2653	2656
1614	2158
4087	4149
498	5164
1976	2749
1918	4511
339	2801
2087	4306
96	3247
3946	4582
453	2925
22	1455
1873	2075
344	4311
2128	2612
1206	2582
3552	3556
741	1969
2848	5164
359	2643
871	4920
338	1390
836	933
3019	4999
1277	3710
1154	2458
2318	2916
2925	5025
3501	5164
2776	4864
1047	4864
2992	3141
622	4725
393	4054
1552	1670
2039	4379
305	4963
3216	4920
1600	2051
662	2730
3158	3753
1532	4385
486	2213
3278	3345
908	2892
1055	4719
1405	3620
1363	5100
1708	1941
2579	4102
581	4484
3157	4796
647	3565
2520	2759
1905	2358
114	1435
4311	5165
1429	3753
2240	4600
928	2481
382	3221
412	1043
695	1952
129	5172
164	460
3157	3825
486	4879
554	1494
1668	3153
3212	4911
144	669
2579	4909
2147	4746
1080	3946
1602	4099
1552	1918
662	2135
144	3509
14	976
3387	3771
89	263
3531	4144
1363	3001
1227	3987
889	3656
1473	2279
2887	3648
3516	3529
1197	2217
966	4199
2904	3781
2128	2801
761	4632
3809	4970
417	1646
4081	4099
819	4864
1779	2366
2275	5226
1455	1870
2408	3366
67	1944
2927	3424
761	4219
1577	2006
4285	5176
772	1104
4535	4620
1206	1626
456	3835
1206	4521
921	5067
2116	4756
1331	5215
4165	4920
1310	2827
4864	5078
3478	3933
482	4061
2408	3930
1866	2957
1610	4864
966	5176
739	5049
577	2653
434	497
675	1758
1462	2823
943	1907
1277	1758
3562	4218
981	4413
51	845
2608	4189
537	3824
2075	3478
1293	5154
1479	3597
707	840
2158	4162
583	707
3286	4104
1968	4608
1489	4971
2569	2701
1617	3933
277	3803
2957	2989
498	960
2992	3216
258	4466
1897	2358
537	3089
2408	4244
1140	2559
3628	4771
1617	4271
100	4864
1168	4218
178	2497
2358	2734
1173	1554
1577	4725
1206	1577
2240	3263
3254	4484
1358	4244
151	4443
928	4967
2358	5215
1429	1553
2623	2851
2797	4812
2031	2318
788	5068
1918	4964
1678	4963
1533	4611
96	4109
45	3293
1918	3257
940	2724
1124	2631
2653	4244
2890	3111
3411	5061
1104	2135
708	1602
2240	2627
2358	3648
2240	2774
994	4052
22	4868
70	3449
1489	3626
412	5100
2158	2902
2640	4391
1225	1942
712	1503
548	5025
599	3710
1617	4864
1518	2318
70	92
2158	2789
1183	4072
37	3058
2457	5215
2263	2902
2605	4904
4443	5177
393	4573
1138	4402
4646	4864
4771	5156
277	2789
1836	2749
75	3710
447	3781
54	662
1708	3956
4385	4779
2094	3313
1552	3141
70	299
17	2915
112	4864
496	540
789	2529
1734	2936
3129	3566
33	2685
1570	4484
1168	4540
2207	5219
1553	3475
3710	4608
1080	1964
566	1435
270	2387
2505	4105
3501	4856
666	5231
472	1343
1553	3825
1206	1561
1155	2123
4191	4294
277	3425
871	1331
1455	2367
2134	3856
1293	4271
1473	3478
3754	4864
2232	4537
2848	4424
1620	3543
3753	4630
889	1561
2736	3425
393	3348
2769	3733
244	4971
1479	2845
478	2075
3295	3628
554	3930
179	908
4864	5034
5050	5215
2822	3739
3801	4195
360	2318
96	516
290	2318
4219	4864
707	4608
324	2536
428	1080
1701	5067
1197	4627
368	2318
788	4447
3873	4864
19	2240
1455	3293
964	1429
1018	4970
1670	2158
2653	4750
1206	3785
344	5215
2701	4510
1316	4101
1206	1545
1455	4775
1614	2393
1462	3667
994	3753
2902	4047
2240	4075
4104	4511
290	3191
3710	5068
2436	2887
1154	3191
3001	5046
17	3803
298	2863
1616	2297
2158	2948
12	5050
982	1701
1455	3229
2755	4332
4311	5170
17	4646
1901	2967
1243	1445
1331	4738
2422	4864
231	5222
1455	4199
1345	2709
3781	5154
1549	3598
4435	4738
2945	5202
960	2318
3864	4963
908	3258
4054	4101
96	599
883	4165
3191	5015
1574	4101
3613	4162
2887	4635
255	2983
2740	5170
2917	4963
3258	5041
1179	1735
707	1166
2358	2887
739	3153
93	1425
77	4479
1700	3198
3378	4841
4311	4778
944	4081
2980	4082
393	3258
75	2559
4203	4466
238	3783
1867	3764
2617	3667
1166	4608
1166	1561
302	424
1759	3930
359	683
3534	3565
75	3621
3257	5015
2235	2688
2151	5215
2123	3952
191	2436
3300	4864
229	4301
2065	4796
33	5170
707	1907
3933	5015
445	3297
78	5195
2116	2827
92	2992
3358	4435
1173	5092
700	5164
1218	1292
2012	2537
2676	5171
908	2151
19	2475
1696	4704
1656	1758
2653	4967
2533	3566
191	1194
944	3694
1905	4630
2240	2529
964	4719
2239	4439
92	2244
4828	4864
2653	3141
554	4934
2459	3566
1070	1129
1506	4402
2108	5175
708	1905
1206	2393
2241	4691
581	1715
1719	3540
1333	1577
2539	3556
1370	4251
1247	5118
1276	3156
1124	4779
1699	4714
1322	3643
686	3710
281	1995
1083	3206
339	1234
582	1741
1449	4376
3824	4849
2367	3410
2458	4725
4841	4970
1652	2158
2016	4608
2276	2916
1531	2407
2505	2916
466	2477
4864	5063
2240	2956
2075	3258
1302	2579
981	2318
767	1919
4440	5130
92	537
2408	4676
554	2749
708	3381
70	1062
2458	4988
1533	4627
2408	4687
314	2639
2147	2684
943	2436
1559	3737
1103	4864
537	4402
700	2068
3194	5109
1824	2592
2612	4904
2158	4420
1616	5215
666	708
2323	2983
4756	5171
1646	4725
1897	4054
686	1577
1649	2128
368	2020
659	953
692	4608
2073	2213
93	537
1168	2887
4920	5101
37	2887
221	2972
1600	4402
907	4608
4263	5227
2275	3463
135	4714
845	871
2653	5208
1779	2318
2117	2827
2520	3052
393	4376
1919	2266
752	3144
2749	4439
89	524
1578	2509
1455	3565
164	4315
2031	3216
1616	4970
301	2368
3019	5219
1759	3873
2769	5156
3534	4104
3411	4082
3157	3254
1533	3475
582	2989
453	464
432	5013
2020	4943
4285	4408
3153	3358
3476	5080
45	284
114	3303
4081	4787
3526	4875
1907	2750
4864	5124
3475	4523
845	2075
4583	5100
2153	2749
1918	2116
40	2252
2559	3710
1329	2639
1173	2050
2046	4521
960	3144
2358	4392
707	3979
621	1059
1533	2448
456	2083
908	5025
298	437
114	4133
460	1574
3739	3785
2173	2263
2083	5112
2727	4081
1455	4660
802	4641
2592	5009
356	3425
2117	3001
1100	4601
693	3303
1603	2775
708	3609
1293	4263
453	4107
436	2801
2416	2957
2263	2680
1656	3835
355	686
3600	4342
3303	4483
2381	5164
2392	4864
2887	3905
4466	4988
2665	4385
647	4608
2685	4971
412	1691
499	4163
1117	4081
1990	4635
3258	4377
3028	4796
1876	2653
1075	3042
3206	5154
674	5130
3255	5215
1646	2113
1708	1968
3095	4841
1532	2537
1435	4675
129	1420
2039	4971
2158	2508
2240	3923
449	1284
825	2318
539	2946
328	3278
299	3947
3059	4304
362	2797
2749	4046
4856	4967
703	960
1334	3988
1124	1203
91	419
3198	3518
2509	5119
264	3045
1034	2956
379	2358
739	2725
2749	2849
315	1991
17	1969
3764	4285
1331	3141
1293	2827
1297	2158
4104	4630
1425	3021
37	3478
4244	4963
75	4200
1080	4582
4811	4864
1016	1129
129	4402
1907	2936
79	454
1451	2358
155	5238
1494	4608
1758	4480
3478	4608
2194	3930
707	2769
1905	3192
2848	3648
2592	2776
164	2653
3472	5154
1331	3191
582	3710
3025	4608
2158	3216
711	4734
1646	2020
1206	5062
2980	3411
2539	4285
2435	3643
883	1708
537	708
91	1701
1082	4853
1462	5047
1009	1973
1284	1603
4849	5209
1128	2617
1206	4203
2263	2424
191	3463
2749	2965
92	4920
2890	5025
2653	3896
1656	2047
37	4842
582	693
1625	3510
292	1696
928	5050
3386	4746
2065	5050
1758	1782
1420	1506
2700	4864
1823	4540
1995	2275
2158	3158
2318	4513
4262	4756
3376	3987
683	2643
2509	5219
695	2462
1047	2207
290	2117
286	4608
748	3258
534	3703
21	669
362	2887
931	4719
1286	3963
2887	5046
2539	3109
3295	3549
1197	4095
1907	3619
908	1455
901	4415
3144	3348
1429	2537
3651	5219
216	2757
1080	1390
1003	2653
1151	3161
461	819
1420	2051
1964	2436
70	3617
1070	2887
499	889
2051	2717
981	2851
2679	3425
976	4093
494	3239
3995	4864
37	3556
1129	4415
700	4431
398	4420
2275	4400
1779	2642
371	1996
1333	2158
240	4971
460	2087
1646	2031
693	1818
2147	2465
2143	2555
4864	5020
1019	4864
2289	3216
516	2147
1918	4963
2685	4447
1506	3998
2330	3053
223	4157
109	1807
2457	2915
941	2653
3598	3977
2749	3421
3766	4081
683	1611
17	2279
2579	2767
1427	4529
3216	3556
1331	1786
2633	2687
480	1637
231	2980
2904	3475
669	3254
717	3311
717	2051
3156	3182
1188	4919
1103	2318
566	717
9	5004
1907	3710
191	2050
2207	4496
3059	4107
622	1942
583	2335
720	1907
4072	5209
883	3933
419	940
1292	2164
1610	1932
4168	4222
2773	2797
3736	5122
93	3348
129	3998
707	768
647	3571
3157	3566
221	2887
3570	4530
537	3836
1807	4738
1188	2018
141	5025
581	3254
1614	3254
2385	4126
2051	4632
1657	4853
2887	4124
1489	3549
819	3643
4435	5208
601	5170
954	1038
498	2293
666	4400
662	4608
1203	5238
299	860
3669	3998
2749	3527
2020	3184
2653	3376
96	1455
2217	4920
976	2653
883	940
144	2749
1058	4391
3518	5100
3549	5156
35	2068
2749	3560
3834	3856
4124	5015
230	587
1455	5027
883	2158
1381	5020
1735	3254
997	3156
1336	2653
1990	5135
1183	3089
1112	4971
4608	5015
932	2645
233	2560
1200	4688
1663	1701
2279	5239
1343	3813
1293	3257
454	2902
2318	2936
1670	1700
3549	4154
695	4841
589	2680
1646	2158
1247	3439
1701	4909
410	1773
587	3809
191	4415
469	4608
707	1614
1080	1427
1779	4306
3835	4327
1206	3802
2408	3203
92	4222
1276	2605
794	3421
2318	2457
91	1636
3378	3552
883	4471
1489	2277
2147	5134
231	3628
2554	2724
70	2069
18	5118
2680	5112
1695	2902
1708	2117
911	1570
2607	4022
2539	4124
1497	2967
1331	4203
1404	4864
1574	2904
901	2279
1179	1919
2318	3882
367	2509
2065	4315
3212	3778
2529	2653
4435	5100
1124	1489
33	2072
2263	5219
1080	2725
1473	2408
1545	3592
1867	2266
1578	2645
37	3836
3344	4239
1331	3198
2263	4482
982	3966
417	1602
37	3258
2808	4537
901	934
100	4734
2231	3665
858	5215
1128	3571
1119	4240
820	3019
708	5209
1273	2775
3157	3538
424	4483
4315	5215
1038	1561
511	4482
1552	2217
756	997
356	2065
1732	3571
2712	4351
4655	5109
2581	4841
669	4738
717	1617
3562	5227
2470	4024
1435	2820
3141	3286
524	1862
419	2767
540	2128
495	1901
2025	2861
202	2808
1942	3378
2219	5025
2123	2612
4013	4841
1944	4880
2615	4967
1527	2070
1700	4920
1003	3278
841	3023
1196	3753
1732	5100
2238	2749
1125	5215
2075	3565
92	1901
5174	5250
476	4864
37	2116
981	2936
2031	2335
960	1197
2117	3358
1682	4107
2685	4771
1995	3785
2592	4306
2158	4964
1561	3998
2607	4841
703	871
1493	2965
2709	3952
2235	2407
3571	3933
422	4435
1747	4687
1561	2393
2279	3084
1758	2047
151	1357
2358	4796
2207	2445
748	3598
4635	5020
1226	1730
4332	4841
2039	4044
2585	4935
1104	4052
1668	4186
1552	3933
700	3554
461	5151
3058	5197
537	4162
1672	3058
2653	3875
1087	1636
1507	2104
1430	3463
601	2685
466	2539
1918	4756
4083	4480
3619	4864
2797	4853
498	2537
2623	3937
2219	4864
328	4513
240	5170
1138	5197
221	3558
2671	4853
1331	2623
22	1901
2408	2776
1758	3192
1429	1600
982	2068
1138	2113
1489	1708
1304	4864
368	5177
144	3028
589	2709
1151	2529
141	2633
356	2459
2158	2554
666	3196
3482	4104
854	2653
1183	2314
2318	3158
534	3044
2457	4105
1905	3824
700	2892
114	231
1137	5062
3121	5153
2116	4327
2989	4330
2128	3952
2954	4864
119	2020
55	1709
1520	3382
4099	4869
2525	4528
315	2724
2354	3730
724	4157
3643	5056
2974	3665
417	2393
1457	3413
1292	3425
2917	3490
3157	4671
4317	4734
2240	4088
1688	2523
772	2408
494	2909
3993	4608
2797	3230
2749	3192
2680	2709
761	3628
3565	5015
300	3753
1867	4304
1907	4013
2789	3762
3613	4532
589	2263
2445	2749
1154	1429
33	4220
434	2849
17	2462
4321	4467
622	3558
135	277
622	4044
1520	4128
1901	5154
1773	2232
1138	2887
3937	5101
4104	5100
70	3425
788	4828
1636	4771
286	2158
3691	3918
18	2108
700	4909
1874	3044
92	4162
96	299
910	4853
767	5129
2158	4666
4306	4970
2408	3875
411	3258
2314	4849
1314	2408
3475	4253
3012	3261
3216	4124
290	554
3556	4608
3516	4413
2653	3538
4734	5208
525	3293
2158	3026
453	3835
1058	4529
1431	1553
2875	4864
1128	4403
2313	2605
739	3672
960	1991
659	4402
468	1093
277	1455
2500	2581
1759	1995
4771	5238
1019	2653
1070	1080
1083	2801
669	1524
1944	5215
437	2249
43	3366
2481	2910
1327	5208
3318	4198
2314	3565
1451	1473
3824	4756
3348	4630
4408	5119
92	3191
3019	4514
33	1489
3144	3381
1435	4133
1522	5007
75	3410
2050	2936
385	2936
2065	3425
2533	4703
1179	1715
3552	4849
2194	5100
93	2701
1741	3621
1734	2579
2279	3278
2549	4422
2749	3411
3824	4350
1553	3753
265	640
3021	4666
1574	3923
231	5156
1080	3793
33	1112
92	1272
2368	4099
3998	5177
587	4685
2318	2915
1574	2548
883	2615
877	3019
981	2537
2533	3762
4087	4151
1907	3930
1932	4805
2992	4671
165	4864
3621	4466
4315	3898
3834	2445
4439	4284
4104	3258
2207	2127
4529	1206
5208	1154
5191	524
4963	2737
3762	464
2021	1708
3026	2936
2653	1297
4408	18
5100	548
2240	2075
4496	1137
3812	599
4379	2554
5068	1104
3448	1151
4483	2158
3191	1455
2749	1019
1331	548
4342	3591
4864	40
2303	1741
2457	1293
1446	1435
1489	1038
5112	3156
3376	2509
454	19
3598	1920
4641	1420
3815	549
743	686
4868	844
3993	1718
4104	305
5114	1493
2709	2088
535	231
4162	1670
3756	3737
4104	3089
4521	1741
1183	708
4756	3109
1203	114
4841	4714
1758	1453
4165	2653
4810	4547
4868	363
2039	2016
5215	1493
1758	141
4218	3439
3643	2316
3815	3544
3922	3049
2904	759
3358	1197
4841	4205
3144	2701
4856	3672
600	356
2068	1734
4093	265
2608	1705
858	290
5154	1493
3554	369
5020	3782
3042	895
4849	2592
5025	2525
2797	1070
3476	2093
3680	1087
4569	695
1876	755
4408	4358
5175	3052
3000	453
3571	537
2956	2592
3626	231
2685	1284
5215	4899
3376	2717
4482	339
4474	4342
4483	566
1154	883
5027	3141
3756	3393
2422	928
5130	903
4920	964
4238	114
1995	1427
366	70
1188	1083
3564	1226
4570	3184
4916	2983
2117	908
1203	111
4536	3019
4963	4028
4909	659
4695	1493
3478	908
3529	2579
3571	346
1672	1297
5190	2289
5063	2147
2612	589
4483	360
2857	0
3708	3392
3383	693
2936	2151
5254	244
4360	540
4869	3454
2653	2034
755	599
4408	1018
2851	446
4822	3710
3229	281
2718	1758
3529	1080
4779	2617
1292	111
1873	130
4864	4608
3019	1093
5041	917
5208	2358
1892	917
4124	2827
3240	1137
1206	830
3184	2554
3109	479
4471	3933
3410	419
4767	1427
3439	2392
5118	622
4714	1350
3439	1273
1458	314
2623	1455
3439	144
4484	2293
2039	1055
4119	3229
2407	1579
4794	3025
4220	3728
4635	669
4054	2827
4186	495
5020	2901
5010	3710
4540	1918
2070	1741
2992	2257
3937	907
599	277
5015	4471
4436	1758
4311	240
4704	3141
1166	659
4053	191
4963	2093
5020	359
2549	693
5120	1920
3293	700
4191	631
4864	3552
3648	1218
5046	4046
3261	2358
5120	1363
4311	1489
3313	1696
3019	1455
3198	1327
4186	1919
3836	1670
3764	3571
2863	2026
2050	1663
3417	1206
3616	1429
4408	2954
622	40
4471	3836
4435	3572
2465	2087
1708	943
4899	2975
4714	2219
3358	2408
3843	1625
4093	2207
4899	2352
1831	1082
2050	92
4086	461
4963	3410
3628	3626
1455	479
1666	700
2408	1164
2275	1160
4315	622
4875	4597
3751	433
4176	1276
3439	1932
2797	599
5101	2615
960	669
4864	582
1184	662
358	96
964	759
4864	3694
3229	498
2769	1938
2612	1033
5227	2158
3694	2559
2358	911
5118	2436
3933	37
1357	91
4909	14
2194	845
2529	1438
3651	3540
2892	1686
2902	1059
943	328
1758	1435
4162	2068
1586	1273
5172	4641
3313	2901
3598	1727
2318	1670
3856	549
3344	1215
4459	1873
4864	2347
3719	3019
3809	3739
2217	1918
5114	96
3017	2435
4070	3554
4767	70
3156	511
4220	2887
1709	752
4439	2935
4186	1183
3820	1920
5068	1318
3295	456
1608	1087
4920	3933
3192	1656
1577	75
4054	2318
2358	748
2887	328
4864	2395
621	79
2902	2709
2515	2158
5154	3825
3984	1969
4869	2956
2393	1602
4082	741
2549	2275
4841	1362
2887	703
4483	2368
3509	3448
244	79
4104	3198
1392	669
3829	897
4756	3535
3723	3241
464	75
4608	1995
1533	600
3894	2945
3803	1047
3534	1732
2749	231
2151	2020
3569	231
2436	92
3937	3449
5027	883
3801	1206
3571	1670
5171	4920
4864	2789
4810	109
2232	1743
356	92
3665	2338
3109	494
4734	3191
3710	838
3933	3216
4608	997
3843	2352
5172	707
2393	1138
2592	1743
4379	907
4189	1531
3782	2749
3325	419
2685	2240
5013	3922
3354	1758
3084	1164
5155	1574
3153	1708
2957	1552
5063	3019
3529	2068
1741	119
4548	2643
759	40
5027	4435
2051	129
3689	941
3295	344
3066	2607
4166	3019
908	40
1080	739
5020	4719
4577	1656
2076	263
4920	1670
4864	3856
3216	3191
2354	437
3475	1087
3974	3242
2050	1137
3254	1715
4622	2653
4864	2983
3257	2615
3381	2569
4331	3215
4072	393
2554	1995
3501	693
3956	2639
4687	2639
3993	240
2213	1141
5145	2318
2582	599
3710	1577
2436	221
4471	4350
4845	1867
3616	2749
2936	2916
3503	2158
4521	494
2500	2318
4529	1162
4231	1206
4356	1130
5199	4635
495	265
3397	202
3896	3834
4162	3478
516	52
3933	3258
3153	290
4352	1188
1310	37
631	327
4240	1493
1431	759
3478	45
5026	1473
4483	2113
1708	1691
4961	3824
5231	51
4089	3946
4165	4104
867	92
2615	2500
2653	2116
3943	759
3222	3157
3921	1708
2688	592
1455	1055
2653	1968
3864	2358
4934	4714
1047	566
3670	3144
3286	1561
2358	112
4807	976
4054	2887
2967	2622
4294	1007
2887	516
3988	1260
3175	683
2020	1227
1700	1154
4600	96
1965	1455
3004	14
2887	1129
5101	1532
3258	726
2925	1206
2502	1614
4435	2117
4804	2452
2392	2158
3206	2123
4529	3025
2477	37
4117	2653
4630	1036
3549	3417
4415	1016
3835	1455
931	759
5112	2128
3411	1866
2108	1206
2612	2352
1533	944
1918	1455
2573	1301
3099	1614
1179	22
2592	75
1907	1577
3295	114
5100	3411
3192	2653
3000	1656
2459	1218
4082	2452
4963	3141
3734	1026
2393	583
4811	1087
3922	3526
3753	631
739	109
5215	1062
4168	2592
5050	4909
3191	3141
1561	1138
4124	3258
2736	1292
1611	359
2946	181
3419	1080
1363	216
3824	2701
3237	1734
5238	4573
4608	4418
1968	908
3196	1043
627	393
1070	275
4379	355
5177	2158
5062	199
2887	583
4738	2643
2887	1531
3061	202
3295	806
5050	92
5062	3918
3565	1670
3206	2612
265	14
4186	883
1574	1155
3998	2093
1199	191
845	37
4335	3358
5227	2323
4864	3004
2902	427
1783	1773
3988	853
411	290
2164	368
1533	1273
1964	1305
2158	1532
4864	2901
907	70
2314	93
5050	741
4864	4552
3598	1652
1718	1708
5208	3216
4168	1552
1617	466
2757	1489
5219	802
2799	2529
4608	1533
4213	2318
2887	2293
4841	1203
4402	2158
4054	1944
1489	1435
1646	1602
5027	1154
1836	1786
3059	277
2021	1907
4849	328
2050	447
807	759
693	424
3829	2612
3621	1907
4075	3753
5215	994
4166	1626
5177	4402
1080	832
2368	839
1405	70
4608	498
4608	4162
4648	4513
4025	1705
2318	1446
5172	3022
4467	1483
883	412
3516	12
2607	1247
5172	3998
739	468
1461	191
4608	4054
4408	20
1905	393
2801	2475
4961	468
3194	700
4935	192
4435	871
1168	240
3449	2335
2665	1611
3439	2710
2252	662
191	178
3000	2749
4249	3376
4641	2051
3643	1577
2608	960
3598	1646
1953	400
1918	1327
1466	191
5226	2500
1948	1876
4608	3258
4271	2318
2051	1614
4904	427
4435	1918
4082	1293
4824	2158
1969	695
3278	112
1932	368
2158	1613
1995	759
4252	277
2537	2525
3538	1968
3667	199
4961	14
4391	909
5050	4540
3293	966
2607	1206
4920	453
5050	695
883	548
735	12
2275	645
3454	3207
2179	77
4894	3778
4317	2653
1161	601
3345	1824
3382	314
4554	1080
2020	1334
3328	2775
1942	1708
2108	1702
5050	3516
838	92
3192	537
5163	2887
4771	155
4714	1691
4904	4047
5050	4669
3856	1907
4443	1473
4109	599
3613	960
4573	671
3141	1907
5209	2827
4864	2529
2158	907
4361	662
4960	3203
5177	3636
3144	1363
1912	901
3710	3580
4999	4756
4420	3834
4537	815
3571	3565
4104	647
4573	2701
5226	839
4608	2158
479	92
4514	96
2615	412
4864	2237
2653	1381
5227	696
4967	51
1124	566
3278	2324
3556	3463
5049	427
5170	3295
3119	298
3677	743
3358	277
3336	2653
4232	3564
3621	1197
495	276
4222	4107
4739	2075
944	350
2573	1576
1666	1617
1758	1003
4124	4104
2905	1390
3191	111
4415	135
4845	1576
4222	2065
2318	703
5025	737
2801	1276
5015	2217
4075	33
3592	3278
4483	1293
5118	1874
2307	1206
2827	1670
4582	4567
4044	3472
4372	91
2158	40
4093	3004
5156	717
3762	1901
4332	277
2318	707
4849	2904
4480	1543
3543	22
4864	494
3527	883
2685	1435
4022	2090
4766	788
4974	3865
5215	495
2318	659
5100	1552
5227	4703
2592	871
3144	494
3184	2012
3667	693
3556	2016
3019	495
4540	3382
1080	424
5050	2579
3815	199
461	422
2113	1561
4938	3366
3141	479
3801	3153
1964	22
4513	662
2945	1912
4658	2318
2072	1112
1653	802
4970	3562
3875	18
2408	276
4186	449
4714	3887
1574	1062
2775	587
2915	739
2068	566
4028	3918
4582	4086
5025	1696
4583	1494
5172	2051
4199	525
3158	3030
3490	524
4864	1026
4836	2240
4144	446
3998	1602
4630	393
1310	1154
4166	2582
4073	1870
4176	258
5172	1600
1462	778
4610	2642
3237	1302
5176	3293
4540	3863
5209	3609
4864	1621
2408	711
4864	324
4466	112
2701	2289
5215	2408
3882	1166
2158	2031
1034	934
4376	2314
960	22
2418	1854
4471	1670
5177	1561
2774	1034
2275	1279
4104	1533
2617	1435
3783	3111
5098	2945
4608	700
1354	96
5215	3358
1489	601
2539	845
513	461
5062	2056
4552	1173
3930	2639
3043	249
4439	1197
3733	768
2573	622
3439	1903
5100	2615
2094	136
4253	3318
4970	960
2318	2151
4372	92
4632	4311
1759	1493
4938	2065
4060	2967
3270	350
4415	91
3698	2559
3592	901
3947	1574
4072	2701
4844	4601
2759	1141
5154	759
3348	92
4104	3144
4598	2592
4635	675
4864	4431
4471	2827
5025	4750
3425	1218
4608	1455
1680	876
3295	761
4909	4093
4864	4411
4920	3109
5112	653
4239	1992
1429	129
4864	4317
5163	4864
2910	1636
4023	2592
3982	355
2796	1206
4674	2895
3439	2866
3710	2393
5245	1758
5155	1948
2797	2459
2887	659
1112	761
1451	1162
2539	966
4013	3665
4709	2277
5020	2700
5020	2760
4635	943
3212	2880
5100	4734
4630	1910
3348	3089
3562	2318
4771	231
2318	2016
1741	1206
1701	1137
4430	2972
1479	1354
4738	1700
2509	1368
5254	4091
4739	1942
3777	2573
5164	1666
3019	2075
5222	1455
4529	940
4963	582
2452	1836
2887	686
5129	599
3915	70
4195	1206
4879	1759
2408	627
4328	3457
4089	2653
4582	3976
976	265
4841	494
3648	3543
4756	2244
1243	419
4199	1055
4934	1529
4864	2050
2887	91
4186	2318
3802	3019
4909	4671
4186	2592
4483	801
3609	537
4864	3000
1650	79
2016	726
3417	1758
5208	1700
3785	1670
2147	268
5215	3295
4311	3295
2824	1907
1919	1735
3983	2849
3778	2787
5061	2633
2436	1507
2737	1293
1666	1365
5135	3194
2573	953
2065	191
4162	3565
368	192
4746	4400
4608	600
3835	1758
4104	708
4222	1036
4608	2252
1194	700
3044	2069
4408	4330
5020	1454
2774	1194
4671	3641
3212	1215
2633	1112
3295	240
3278	2445
4864	4425
4251	1615
5215	686
1657	1070
2393	1577
4986	1807
2849	2653
4796	2318
3665	2452
3008	631
5100	1455
4864	921
4013	1779
3300	1758
2992	1905
5025	3045
3420	1532
5190	1068
2408	516
1574	96
3358	2957
3066	344
3665	1897
4988	2500
2158	622
5078	1905
2387	1334
3148	1624
4218	2031
5015	1670
2612	339
2263	2128
4971	4311
944	759
3794	2257
1117	819
2797	1507
1577	943
2231	1741
1247	788
4714	3835
3863	338
4864	1759
3754	871
4714	3641
4608	1363
2263	478
3109	871
1137	447
4909	4714
3526	1532
4249	22
5020	314
889	400
4734	871
2774	1080
2520	144
1873	802
1293	277
2021	93
4864	3582
4738	2992
3641	2827
4385	3049
2158	1397
3109	3058
2529	1034
3677	3001
4350	4124
3198	412
2252	1531
4547	2529
5155	2147
4529	3376
2946	2892
3648	3538
3478	3109
4484	164
4186	741
1206	960
4187	2910
1429	759
3478	1455
3278	2776
3762	1964
5222	2408
1561	707
3229	3001
2418	1206
4970	772
1362	708
4841	1705
659	498
3648	2065
2207	178
3340	1493
4205	1552
4608	2375
3643	2239
3257	883
2820	290
928	277
5154	941
4687	2592
4899	3439
4796	4222
5215	4778
1735	581
3159	1206
1316	1022
3651	1483
4415	92
3358	2358
2408	277
3478	1093
1225	52
4073	178
4999	582
3549	344
3439	1533
3698	3043
2240	1695
3933	845
2735	258
5015	4849
4415	3459
3998	2393
3240	1741
5209	2701
4075	164
4988	2146
4702	2533
4676	18
2592	2415
2158	778
3918	1701
4244	2592
4899	4879
2617	93
3084	735
4350	627
2367	1870
4669	3237
2965	1907
2116	1455
4238	1976
3109	1154
2158	1095
3543	40
1083	128
5100	1327
4738	1918
4754	2232
707	659
5078	4104
5227	4615
5164	2632
2314	537
3918	3751
4540	3261
2753	2639
4704	1120
4627	453
5078	4849
3933	412
3198	548
631	54
1758	825
3543	2050
1670	1128
3669	1600
3698	683
4547	2956
3976	675
1905	1183
1901	12
4714	4128
2679	1574
1577	449
1577	799
1741	66
5078	4630
3843	3101
3710	3643
5118	3703
2173	495
583	417
4608	2887
4144	1620
4104	1670
2533	2318
2875	18
5154	785
5015	3572
4841	3739
5224	2244
1708	871
2158	1453
4070	1901
2381	600
2573	1739
5224	2679
1197	933
4311	2740
981	368
4864	277
5209	3348
3454	460
3702	1670
3549	1682
4358	2520
3570	1068
92	12
2217	1331
2830	2529
5209	4186
456	454
1104	700
3295	1112
2749	2279
4466	4168
2633	1668
1817	1758
1990	1666
3366	96
4054	693
3451	3303
4443	2909
2539	9
3651	1653
5215	2623
4547	1715
1708	93
1773	1358
3843	3510
2289	40
5154	3025
1912	700
2618	1357
3843	2902
4856	28
4904	2263
4218	928
2108	1197
2887	1494
3543	371
3549	1112
4864	4165
1708	344
1732	346
2318	2293
5238	4311
3954	2038
3354	1168
5134	2523
2385	114
3278	2820
3358	2592
4511	1700
3836	3257
1155	128
5215	2293
1695	1574
3988	1992
3572	1455
2653	711
516	79
4443	3993
4951	2068
4810	1043
4671	114
1600	298
2496	1188
3203	700
5222	4734
3370	298
3229	3153
1128	96
4107	2559
4608	2585
3988	767
5041	622
5215	2916
3815	3628
498	70
4496	982
337	202
3572	92
3566	91
3554	1455
5102	4853
4608	583
2936	960
4109	2436
3710	1646
3376	368
1577	674
2072	1489
3066	1247
5156	1489
1524	839
2087	96
1435	1124
1741	1520
2318	1638
396	96
3413	815
2617	419
4951	2207
4117	2592
4483	1082
5118	433
4529	22
1206	315
2318	739
3410	1656
1138	1087
3651	52
2709	92
4856	3157
3552	286
1617	566
2318	647
4101	494
3669	2515
4635	2936
824	164
5135	669
3044	2065
1708	1331
2985	2944
4185	368
3058	1552
4756	3058
2293	960
2956	1995
1489	32
3573	686
4447	1016
3641	2724
1577	1493
2822	2068
4967	1708
3665	1532
5056	1907
5209	3157
741	695
3836	2676
3556	767
3194	2056
3781	2617
5186	4444
2887	1942
469	290
4466	17
4864	3282
5101	4879
3896	2483
3651	3609
1708	1701
2235	96
2217	1708
4306	1907
2653	494
3397	1206
4447	1758
2878	686
2749	1652
3472	456
1907	592
4104	3257
4523	3411
2957	2559
3158	2314
1867	45
1700	305
4864	1360
2520	1458
4199	1864
1695	77
297	231
3998	583
4756	1631
4920	3191
350	28
5219	1130
934	460
4963	2823
4635	3254
4660	1668
4239	3212
4967	4104
3366	2529
4529	2318
4239	3067
3945	3341
4271	3933
3930	2415
1026	1007
4635	2717
3025	419
4195	1314
3825	1429
4385	868
4988	4591
1907	1047
3516	379
3952	2354
599	158
2935	917
4841	328
5195	77
3856	2207
2749	1233
5025	3948
3549	231
4849	845
3856	1656
3104	3023
3948	1533
3295	1941
4734	1649
4435	845
3710	2863
1905	1708
4232	3420
4028	2323
3734	631
2116	908
4817	1533
5225	5209
2916	2158
4864	755
4963	871
2617	1124
3853	2240
4272	1773
2068	1192
1493	1455
3669	1506
755	96
5041	2887
4186	328
1537	686
5238	4222
1989	1186
785	419
5156	4879
3489	693
2709	244
2088	1741
2820	164
4841	1942
5154	2213
3643	1964
2749	2633
583	499
2452	700
4920	2904
4104	1700
4557	1702
1870	502
1708	33
2851	1531
1494	858
1705	1608
4975	1507
3420	478
3019	1095
917	336
494	275
4734	1552
1577	1292
4162	647
2643	1747
2701	393
4384	2568
4163	461
4935	3643
3229	2293
5208	1206
2677	1918
4415	3648
3677	290
3987	3008
3785	1901
2158	2039
3648	1928
2318	1646
2318	2113
4849	96
2992	1552
1038	155
5209	3089
5215	1901
5020	4604
2653	2607
3710	994
1218	111
3921	647
2617	738
3493	277
4144	1527
2515	1506
4920	3753
4597	864
1016	275
4186	908
3254	314
2653	1761
2207	149
4385	2878
4083	1932
3853	2529
2509	363
2217	1670
3592	2774
4995	434
2995	277
3472	2688
3466	327
4967	1331
5119	943
2452	2056
135	96
2314	1087
3459	1016
3882	1646
2709	820
5215	1047
2113	1602
2537	743
2232	868
2890	806
3670	960
4864	1422
4703	960
2887	1613
4073	3019
3556	1708
3141	1758
5177	2393
1741	1715
3509	686
4622	1656
2797	924
4168	1758
5172	844
1350	277
2644	1435
3896	231
2243	1206
2065	1708
871	701
2640	33
4864	1395
3993	2358
4282	3439
4671	1577
2989	2207
4608	3492
4582	290
4879	2983
4311	2685
3257	2916
1941	761
5202	2887
4372	4186
4864	3393
3670	548
2946	2068
3703	2065
2470	2016
1489	155
2746	164
4828	1527
1112	494
3071	2318
5067	1137
4028	2983
3993	1901
4627	1302
4582	3049
4093	3824
3794	917
3896	2039
3012	1554
5156	601
4849	1905
4745	4702
2158	499
1087	70
4232	1730
4350	4095
5112	3049
1907	1696
1532	358
3928	202
5067	4496
4756	1166
3529	1701
3475	883
4367	3995
4801	2582
3503	600
4425	4166
4436	3769
2240	2207
741	129
4285	99
3531	1493
2902	589
4142	144
4485	1354
5163	2653
4093	191
4385	1783
4988	3753
1708	845
5177	583
1758	1673
2536	1198
889	707
2709	1652
4687	4304
1316	368
4879	164
3221	2902
4046	2560
2749	2582
3680	931
3723	1652
3636	2916
4385	1952
5027	1700
2559	2303
4734	1206
4157	897
2318	1420
4967	601
2240	1924
2749	2243
2021	1891
4646	2207
1867	700
3737	3393
5112	3466
1577	1104
1038	231
4739	1229
5027	4738
2279	1577
5100	2500
3376	1141
3667	3157
3258	2158
2579	92
111	70
3998	2113
3229	350
2653	794
3336	3255
3549	601
3206	931
4963	696
468	136
1600	1420
3672	28
3571	908
835	743
5120	3735
4916	338
2602	1870
4756	4104
3556	3194
4635	2760
4372	1218
3551	2147
3670	708
5134	1334
2730	77
4909	1137
3168	2749
2867	1702
2158	1901
1036	141
2318	37
5172	2113
3937	3643
5100	3141
3566	3492
3825	759
1080	350
3216	647
3565	1183
3148	2458
4556	2569
3207	1093
3628	1124
3858	3222
2393	2335
3641	1197
3988	2887
4812	3556
4186	2389
3153	1859
2065	845
4920	3257
944	96
4572	1786
4081	2279
4849	1154
3815	1040
4864	4203
2735	1964
3216	908
4738	4205
2090	862
3216	2116
1183	1173
3824	28
3026	1907
4367	1527
659	417
1483	877
1124	738
310	231
752	191
2318	1614
2050	1701
2592	1901
4771	4328
4367	3538
5081	2257
4311	601
3459	275
4203	3318
2460	915
2749	2465
4491	1907
3834	2778
928	752
2685	1489
3641	2566
2653	1990
2050	1206
4529	2623
3617	587
5101	1918
5154	4431
2116	1732
4552	2653
4540	3529
3464	1874
3240	1701
4285	966
4439	2601
2592	592
3425	1533
2615	548
1938	1758
4853	587
3472	2887
4244	2207
4591	1087
2863	897
2207	75
3952	3206
4971	3628
4272	2407
2020	631
3185	2071
3802	1284
5215	3628
4191	2691
3937	2158
4315	2087
2749	1543
4315	1489
5208	3815
2887	2393
4920	1918
4583	3157
2605	2207
4920	4734
4013	2653
2358	2194
1179	566
3754	864
3771	2080
3651	802
966	45
2680	434
1532	400
2827	647
3295	2740
2639	135
5154	2289
4102	2935
3734	1892
2632	1990
1657	1016
3898	114
1138	600
4984	4841
5164	909
4205	3311
5215	601
3501	336
3161	2653
1907	75
1034	698
2709	1234
2736	111
5164	2266
1990	314
2685	151
4351	3843
3739	33
554	371
3710	1104
2515	129
3534	1331
2917	1700
2691	631
3318	106
5154	2617
3425	3191
1672	366
2676	192
4734	75
1646	707
4540	3648
4767	2436
4641	2515
3049	1457
2020	244
5078	2701
4967	1905
2549	1600
5027	479
4218	3354
3478	2539
2904	1196
3058	92
4658	695
4186	290
2875	2158
516	135
1656	305
2775	707
4971	2740
4162	346
4484	2395
1596	599
1179	581
3562	3278
4841	3785
4627	2653
1656	592
2458	277
1462	1198
4714	3472
2936	2579
3802	160
2358	1331
2714	2653
1284	739
4142	686
4186	393
2749	2047
1666	1458
2801	1059
2158	1128
5156	3626
944	600
2113	1166
3815	726
2547	1188
4597	1273
4483	1218
5219	1649
4144	4054
3194	1192
4232	1226
1708	1310
2755	600
4186	92
2608	1531
4496	2068
2887	566
4864	2252
4970	3141
4187	2026
4119	3756
3012	1968
4604	2749
1652	1639
3736	695
4967	883
5202	3463
1942	516
5177	707
4456	3109
4089	1080
5187	2318
5177	244
3703	2436
3777	1918
1759	1574
3917	2318
3626	2740
4695	1680
4573	2569
1966	220
1617	778
1009	400
5020	1656
2892	466
2778	976
1611	177
4630	2314
2021	1741
3043	1611
1552	1331
4610	231
4022	3066
4608	686
2653	1125
2515	1614
3753	1331
3993	1675
4186	1206
2849	427
3019	1473
2946	1948
3667	700
4547	3966
4427	519
4203	2653
4107	2523
1453	627
3411	2016
3778	2880
2318	1138
2617	825
4157	3915
4367	2935
2640	693
2158	820
4367	921
5215	4700
3109	1367
4864	2974
5041	2318
3933	2217
3156	3148
3691	2068
2936	600
2916	240
3397	1155
5176	1055
4879	3454
1457	1358
4646	1527
5164	844
4162	2318
4315	2887
2529	1636
2050	1455
3570	2075
4496	3254
2436	2065
2656	2065
3762	2039
4530	2749
3753	759
3503	2039
4608	739
1862	1068
4615	4549
4864	4601
4054	622
1577	290
4890	4790
3410	1455
3475	964
2393	1988
4734	2887
3019	43
717	114
3733	2389
4864	1574
2749	1292
1646	1166
3344	3212
909	693
3976	1458
1905	1461
4909	3277
371	221
4853	2093
1663	91
1672	1602
5067	3691
3210	92
2644	164
916	324
4864	726
4218	1166
1705	70
2385	1166
1919	1715
3293	2539
3161	1790
1670	1154
5157	4714
4970	2105
4787	4088
2946	337
3781	3004
3004	2117
4244	1741
92	91
1183	393
4909	3240
5175	4529
3618	1218
1602	1166
4608	1602
4022	2462
3643	3431
4435	1154
2158	1462
460	96
4920	3286
3834	2047
3210	1708
3562	419
2289	703
3993	2887
5213	1273
2113	981
1768	480
3240	2050
4864	4414
3988	2646
4191	1026
4639	3858
4218	286
3411	2653
3237	739
4864	1305
2318	1494
2753	2592
4864	3157
5134	2387
3400	279
3824	3381
2358	20
2581	2330
5240	2515
2318	1561
2653	785
4853	309
4904	1695
4484	1559
3887	1907
3982	1758
2617	231
2946	2788
4403	1455
379	12
2318	858
3141	2749
3257	114
2653	944
4582	4015
3815	1104
2410	1017
3538	2887
2956	600
3815	461
4573	4124
2607	1435
3158	1506
2740	344
2021	894
4610	3004
3572	191
5050	4102
788	371
5238	114
1874	534
2158	469
1553	964
2653	1047
3815	1507
2158	739
4198	403
2358	191
5222	2749
4591	960
2323	566
3492	315
2387	33
4704	871
4864	3152
4738	845
4943	292
2709	91
2755	1507
2653	2324
2849	1083
4154	191
700	314
4688	96
4253	106
2147	1533
5170	4971
4573	537
4899	1638
4400	1043
3988	2820
4734	1331
1155	177
4218	1901
4920	1455
5215	3001
4483	4147
1198	815
3841	96
2289	2039
1533	960
4072	772
1886	456
4402	2318
4513	300
4044	2749
3257	548
3719	3651
5062	2050
5154	2483
4608	2392
3753	3616
3565	708
2354	686
2050	1128
2465	96
4024	3556
3803	231
4528	1992
4655	3421
4746	1574
4608	350
3439	819
3175	540
3993	2318
2653	1941
5172	4402
3071	230
4484	1701
4162	3571
3141	43
2980	2158
4970	1901
4608	3998
1691	1363
4702	3643
5135	5062
4511	2435
2436	534
3560	2533
3565	1128
5025	3025
3836	1154
5171	3109
4864	1586
549	393
4552	3598
2701	1141
3566	92
4471	748
4294	2123
3168	2653
2324	1219
3518	412
1990	675
3084	1577
4402	3669
714	70
2585	2318
3834	412
1779	1106
3395	2135
3464	2069
2358	91
3425	2848
700	45
4939	2065
1602	659
4376	708
2895	700
4687	299
4372	1968
3834	2418
1532	997
2617	587
3998	3022
3943	964
2992	2217
2653	55
3940	290
2243	985
5165	4778
4997	2731
2824	1741
2147	2020
4252	1390
4483	3937
4086	4082
3915	422
2147	276
4408	2875
5081	4075
2500	1691
3483	3261
3764	45
5050	3475
4796	1870
2848	1533
1781	1206
4608	836
4766	4282
1166	499
2827	1905
2736	2244
3680	2408
3157	1553
1907	711
3237	2936
4507	700
1203	601
4107	3698
4540	2887
3413	2547
3998	111
1901	1219
4909	3703
4796	92
1455	498
3613	1186
685	549
2031	1995
4608	1907
2408	2147
5046	3667
3089	93
4725	931
2408	75
2318	417
4244	1803
4484	498
2752	453
5101	4864
3565	3478
1779	96
4864	994
2808	15
4162	3216
2020	1104
2878	1995
4864	1361
1870	1381
1932	1793
1206	982
2592	1079
5238	2617
4165	1331
2916	2393
2778	2436
3651	1229
4608	3158
3609	1168
2863	1117
3490	2957
3769	3019
4195	3643
4988	1553
3049	864
2749	976
3710	897
4864	1741
5015	2827
5231	4104
2887	2623
1316	1206
3017	464
3598	591
5145	1577
2158	583
2887	1600
3680	92
2878	1531
2887	14
4070	3141
4218	2957
4725	1602
1206	548
3969	1870
3988	1435
4054	943
3556	231
4608	360
4124	3348
3084	33
4641	741
4107	832
4072	3824
1636	1451
3665	9
2767	1520
1873	916
1672	1493
3647	944
4971	1716
4658	1227
4439	158
5134	1574
4666	1708
5222	4714
3449	277
4849	4104
5215	3229
1948	276
4104	393
3153	75
1577	1186
3933	1363
4704	2776
3643	144
3669	3261
566	22
3677	858
2827	2539
3478	883
5164	4687
1952	1198
2407	1427
4714	4331
5215	2615
4124	1183
3255	3158
4205	4124
4334	3454
377	277
3510	2354
3544	1668
4961	640
5145	1807
3710	1430
2605	2128
4166	1354
1310	627
4282	2006
1741	711
2020	964
2992	1700
2866	2266
1666	675
4219	1656
1577	164
4660	2367
1640	1392
3843	546
5062	700
5134	4244
2393	707
2967	1995
2359	51
3542	2787
4124	537
3565	537
2902	339
3959	2352
2207	96
3834	2927
2293	944
3648	191
3665	1358
3834	3012
2277	1758
4311	1124
871	302
3628	2685
4220	700
2116	1363
659	368
3921	944
4963	4220
3809	2121
4218	3948
2289	960
2065	686
2592	93
1700	1455
3993	3354
2524	1678
4864	452
1273	683
5010	1358
1268	1105
4095	568
2050	1741
825	686
4856	2387
282	57
1458	700
4537	1532
3942	2240
3837	2117
4244	1973
940	599
4909	1919
4144	928
4440	901
2160	1617
1663	1137
3286	548
3928	3061
5170	1112
4899	2643
5224	91
2749	1545
1017	468
4573	93
4909	91
4734	2070
3348	1905
3656	400
2318	469
3216	3109
4853	4415
4608	175
3527	2615
4608	3896
4627	3976
4856	4109
3641	2916
2887	1420
5120	1611
2653	315
4479	2734
3626	2910
4961	4714
4484	1179
2352	1227
4584	1363
1080	839
4934	4109
1942	1758
838	356
4963	4627
1070	362
3012	1455
3753	3157
4993	4853
4536	277
662	244
5208	2194
2173	337
2408	2375
3257	928
5226	4483
4714	1493
2857	1577
917	595
2279	1455
5025	297
4162	3258
5215	4841
897	480
916	359
2849	589
3928	3472
4286	540
4573	1614
2240	1029
4191	3734
4351	2948
5112	2123
3459	3218
4864	4022
4415	2358
3410	2069
2458	931
4053	3278
767	659
3753	1431
2240	96
3998	2158
1614	1420
3775	1282
4738	3191
2116	1206
4547	1807
4641	1614
4367	4028
761	344
3710	1608
1154	51
1083	1033
2759	2559
1553	1104
1602	20
4841	231
2460	599
3824	3109
2367	1390
924	911
3057	2275
4583	2887
4466	3573
3915	3044
2887	2529
4841	1901
2592	926
772	75
2418	1758
3703	3464
4864	3979
4104	2194
3710	1913
4864	3055
4054	3411
1803	815
2887	2051
1203	231
1362	305
3753	1874
3571	3216
1334	164
1577	921
2116	1293
3004	642
3144	708
4841	1219
3218	2797
3549	1708
2435	368
2617	2364
5020	3454
1363	1310
4620	2555
2368	2135
2691	1026
4577	2749
2358	2254
4496	3240
2653	1626
4350	3933
5157	3979
3710	740
2031	1602
5015	3836
3754	1948
2318	692
3753	2904
4608	2623
4620	2143
3648	92
3463	91
5227	4622
5238	600
3439	1463
2727	1457
2887	1928
1087	778
2956	592
3710	1206
5068	3459
4189	446
3230	1531
1055	525
2617	1203
2207	711
4311	231
3448	2158
2685	1203
2021	449
4311	1754
4487	606
5118	3044
4988	1429
5156	114
3942	1574
2257	587
4849	3348
403	106
838	111
4483	1058
4660	3410
3475	3021
2069	628
4263	1358
4971	960
5049	3646
3344	3067
1932	1532
5170	2072
3045	1125
5118	4082
1206	897
3206	964
2622	2408
2676	2318
2633	1458
2596	202
4357	1016
2020	1301
4738	4511
5100	1637
2633	566
4608	346
4439	3278
2158	1561
4662	3431
2915	2725
3510	636
5025	4157
3598	3241
2755	944
4052	2983
1646	1138
3824	393
2500	1577
5100	4920
3466	653
5115	191
5135	1919
2917	2358
2375	338
4547	3570
1124	717
2653	2070
4331	3424
3896	3207
4024	2916
4920	3198
2957	2916
2679	2529
5112	3413
2749	317
1701	931
4496	1663
3710	1455
4435	2194
4904	1083
5027	871
5130	4439
775	566
4162	2676
2945	100
2612	427
2623	2252
3933	1455
1912	1493
3803	3381
5050	2252
1577	1451
2691	1945
3509	1007
5130	2935
2505	1696
5209	537
4244	1907
2749	2050
5238	5156
4591	3825
1533	777
2887	40
5025	100
4869	164
4577	1087
1533	1520
1603	449
4849	708
4714	4330
4864	3696
4456	114
4102	379
4864	2759
2582	1758
3023	2677
2916	1493
4864	4028
2653	1696
3571	966
4864	1640
4615	2671
1104	599
3472	907
4963	3442
4673	1741
4263	3413
1901	276
2936	419
2087	531
4124	1905
4124	1708
3354	554
3616	1553
4285	1991
1429	931
5050	1531
368	79
995	277
4104	3109
4294	1026
3751	487
2808	2235
4471	1154
3988	943
4904	434
1138	583
3762	1518
4608	1293
3918	3240
712	297
5041	4608
5025	911
3472	1779
966	277
3875	1907
4909	3648
5153	3496
5078	537
4864	3988
2957	2375
2887	2797
1354	1162
5135	525
3478	960
5208	871
5177	1646
1533	12
3558	1453
2892	96
2539	1206
4767	3237
4771	717
4935	2936
4552	67
1026	54
4479	777
5027	3210
4162	3921
4587	17
4738	2194
3278	1912
5037	4714
1945	1026
3628	3012
5047	2653
3736	960
4205	1918
2263	23
2592	582
3896	2158
2533	2158
3836	192
2036	1455
3089	1905
4418	419
1942	130
2393	659
2072	1869
3012	5
2866	1686
1229	52
4028	3278
3702	2318
4263	1938
1873	1225
2039	1533
5227	2716
2465	1574
2217	845
2207	582
3754	2567
4719	748
2393	566
3410	2529
4251	3241
5081	924
1870	582
5219	128
4054	3023
2957	1518
3933	1732
3531	3092
4714	4335
2749	785
3987	1536
4466	2722
3834	1454
2887	2173
845	93
3988	1574
5225	2318
4099	1080
2393	2051
4140	739
3482	2318
2293	2050
4532	1186
2633	1988
1803	270
4013	944
5062	2767
4845	111
1227	299
3835	2207
5129	4807
4675	2797
582	494
3997	2240
1670	960
2983	2592
3793	2750
3439	3021
1494	371
4582	4089
3691	3345
1554	1455
4128	2219
1533	495
1910	1036
2730	496
1709	741
3549	3516
3771	1729
494	75
2956	2465
3643	2875
4342	419
3503	2775
3621	2207
4841	1047
2967	2293
2582	1779
4376	2827
2875	1455
3655	1964
3689	92
907	231
5215	5041
2313	1297
3538	2116
2116	1691
4714	1520
4162	2827
2318	476
2408	1363
3609	2289
4771	601
2330	1708
2936	1087
4625	3161
2887	1657
2749	2529
1973	400
4402	1166
2945	1656
4853	3463
4635	2352
3156	2902
4028	453
4864	3425
3510	2902
2946	1331
2774	693
642	231
2457	1603
3905	741
2158	748
2887	466
4124	3571
2935	1739
4104	3670
4845	45
4415	2887
4971	2072
4385	662
1493	1119
1343	662
2050	1531
3499	2653
5209	3824
4466	2767
5050	1901
3478	43
4201	1708
2945	688
3004	1552
4422	2500
3703	1874
4608	2031
4864	2117
2219	1533
4796	1455
4864	3963
2989	2592
4864	3410
3059	832
4890	2071
2278	1656
1293	1138
4543	114
5172	3669
5171	96
5154	3554
3702	1533
4704	301
4128	4102
2278	549
4849	3358
4864	144
4013	43
3677	2158
3198	1154
4919	2173
2653	2633
4864	2760
5027	4967
4778	4483
2263	1649
3710	2146
3969	2945
3144	2314
3969	1138
5050	539
4641	1600
4943	3395
1734	191
5208	2217
2643	2555
1907	1638
4864	1758
1363	1229
4988	466
3413	2536
2146	944
1435	466
3216	1732
3856	1870
3609	393
581	328
4440	1445
4408	3749
286	231
2827	282
2755	1533
3109	1455
5175	216
5020	794
2827	537
1600	1506
4731	1876
3803	1058
4070	1034
3448	45
3286	622
4608	2656
5238	1435
3354	37
3549	2607
4675	1617
726	111
2827	2314
5165	2481
2021	516
3215	1455
4379	1493
4648	3420
4205	1901
3887	3278
3483	371
4101	1779
1489	231
4841	3348
3478	3258
3769	2416
2849	2612
2075	17
4511	3109
5101	3527
4608	2039
3719	1873
3261	1901
5117	2158
5100	871
5020	1666
4669	2579
1453	908
1489	114
1912	1455
1649	1083
3381	1183
2500	1918
2722	1617
4738	1670
2158	1166
1918	845
2050	628
2887	601
3185	1033
4608	1989
5025	1670
5176	1455
4841	703
3071	1083
1577	1455
3710	2158
3856	2653
3609	1905
4162	3770
3643	2851
4591	2020
2774	2039
5122	707
3894	1081
3937	1141
3815	1942
3952	427
5020	2653
2679	967
4608	1732
5154	2851
2887	92
3845	2965
4507	1910
5119	4608
3540	1229
2890	908
2875	2701
4311	1112
1803	43
2992	1331
3156	1155
3538	1758
4811	4198
1138	622
4879	3008
4203	883
4061	944
3882	1602
2088	1083
4635	3667
1673	1268
4124	3933
4529	2452
2050	1554
2866	2529
2749	2051
1455	1331
4868	720
4853	3580
3976	3526
3366	516
2827	627
4988	883
5100	3257
604	540
3254	700
3963	1138
3556	1670
3565	3258
5209	3144
3527	2006
4899	4639
2801	2709
1083	589
3419	693
4440	3974
4311	2072
1128	645
1391	931
2289	75
4756	2592
4119	3085
3478	1691
4864	1561
5050	1734
2936	622
4081	96
1425	52
3257	1708
3598	2352
4063	1047
2158	2116
4864	158
4688	1033
4856	2646
2909	752
4327	2081
4191	1007
5020	3835
4022	2960
4739	1873
3895	1081
4687	2266
3354	2653
4013	2559
3556	2117
3943	419
1577	453
1455	227
600	360
2653	144
4144	3157
4635	4054
3278	1406
3258	1691
4841	2592
2827	1363
3984	1873
4124	393
3019	1602
1531	622
5175	4061
3043	683
1743	868
2887	726
1758	112
4350	537
4168	548
3439	1272
1365	202
2653	2632
3549	33
2539	1965
3825	1104
2856	2523
4376	3824
1616	94
2678	1155
3085	2335
5056	2776
4864	1829
5112	4047
1636	96
4124	3089
4738	305
2916	2887
4350	1449
1657	362
3916	2021
3777	1507
4964	537
3004	2957
2313	589
2801	2680
5238	2701
5025	2465
4864	2318
751	45
4864	3562
3785	1942
4483	693
3710	3230
1461	37
281	144
3621	2945
4687	2653
5067	447
4961	3573
2776	669
4554	3793
5175	4124
4864	3141
4402	707
3647	857
2158	1367
1626	960
3543	2358
3825	3206
4687	2632
4218	1293
1700	845
1520	92
1360	1047
4483	2549
3669	129
1758	1047
5062	801
5174	4648
4673	2709
3605	3510
4970	1243
2924	1848
4899	4400
1996	554
4608	3669
1527	534
4443	4186
5195	4047
4072	456
4046	3019
1823	897
2752	739
4015	3341
3571	96
5050	3636
2691	1007
4552	1758
3510	358
1577	1420
4856	4841
2358	2070
2788	2318
3948	37
4487	179
4771	1435
5172	1646
3930	3554
3257	1506
4608	3001
755	192
3257	3109
2277	2257
2069	1874
4459	52
5100	4738
4777	4608
4687	314
5050	3529
5208	1758
3158	2752
4431	931
2113	659
2592	772
4999	3509
4669	1734
3825	2573
4998	2240
5187	2158
1734	1533
4199	3293
1292	356
4306	2408
4203	284
4635	2065
4841	3993
4466	4342
4420	3026
4864	2159
5015	1331
1758	1578
1741	1137
1807	1552
2749	1617
4864	735
1553	759
5170	344
3680	3206
1678	494
1708	761
3815	599
5175	3834
4920	4205
5177	2113
5219	1653
4507	1036
1758	1529
4738	1552
2330	96
4556	1650
2158	1989
2709	128
2892	1435
3843	3598
3387	1197
3358	960
5100	3993
1292	838
5102	3129
4934	1493
2749	2070
3933	908
2717	1990
5118	921
3709	2887
1310	96
2755	2158
3295	1708
4013	943
4997	3694
3381	1905
3212	3067
3915	1117
1952	258
2318	701
4125	2069
4166	3984
1188	1034
1354	975
3928	3157
2592	1577
2158	1350
3229	244
4864	3950
3825	3753
4186	4102
5199	700
4385	2240
4899	3400
1758	1696
4507	286
2524	1994
4082	2241
4484	1919
3598	67
3824	708
3478	1918
2892	703
2909	1138
4734	2217
4970	3710
5156	2617
4864	3261
4435	3191
2892	1617
2237	1784
3921	466
4864	135
4777	554
111	92
2088	454
3241	1370
3376	981
2240	1162
4963	4117
3141	1700
231	155
4327	587
4766	1533
2717	2164
3571	2539
4379	3648
3257	824
4028	2653
3756	1559
3318	403
1968	1672
2710	2277
4186	3739
2936	2158
3571	1055
2768	2147
3654	3573
4547	975
2909	2887
2021	1331
3058	2592
4342	1907
1646	566
3785	3258
2653	901
1022	897
2416	275
4864	3192
1455	18
1700	1331
1070	1016
4082	2385
4376	537
5170	1708
871	449
4856	2755
5025	4627
4573	1905
4068	554
5215	836
1907	1705
2158	1602
3198	2615
4355	4117
5004	3843
3751	486
4444	2358
4734	4144
4626	1179
2293	419
2539	2116
3237	1790
4864	3573
511	434
4963	135
4666	4162
3293	2116
1455	45
3977	67
4282	2497
4089	5
2418	2012
4591	3753
4911	445
3489	1080
4513	3420
3937	2318
4864	1018
5199	5020
3802	1316
4107	642
3825	3616
2387	1483
1905	1036
2123	1994
2584	2358
3998	2051
2159	1656
3478	2289
2335	2303
5109	700
1741	1701
3025	1445
1700	1552
4988	1431
2820	1273
4714	4577
5238	2685
3933	3836
2957	1533
3809	2946
3764	1701
2117	2087
4935	1293
4552	427
1807	192
1716	601
4200	158
2158	67
3257	1331
2712	917
2116	647
5051	743
1017	136
3952	3730
3554	1968
1656	1543
3185	1543
2992	479
3059	1559
4970	2088
5176	4199
3669	2318
4466	934
4812	2909
3540	2957
2948	2318
4719	1867
1701	447
1435	498
2749	1405
2240	1034
2740	33
4756	3191
5046	4186
3882	583
2757	1273
5100	3109
3835	1206
3439	2238
2749	2746
2749	2418
4466	761
2279	1499
5109	5100
838	70
4909	1942
3472	52
3010	2012
2592	1696
1574	268
3026	600
1912	1870
2617	365
2108	92
4778	2326
2736	356
4909	2827
1732	647
5245	2252
4435	3198
3475	960
5062	583
4379	686
3824	3348
1549	1059
495	494
1455	871
4554	4529
2546	960
3995	1455
2158	1494
4666	746
3952	77
158	144
4286	3605
3286	2623
3694	2887
2525	1705
1218	275
4301	2887
3358	2293
2104	549
4467	1507
2680	1650
4376	92
3478	1128
4415	3153
1183	93
2623	845
4864	3045
4186	916
2128	589
1125	43
4073	290
4132	96
4471	3258
3278	2366
4587	864
1240	662
3424	3410
5135	700
3946	3049
3026	419
1333	707
1708	433
2773	1741
4778	2481
4849	4630
5215	1489
3643	2533
2559	17
3454	1493
281	91
4162	3933
4327	2890
3528	3157
276	164
2390	599
3459	674
2104	1741
4988	1691
4963	845
4117	3843
5238	1038
1617	346
1696	1656
1059	1033
3843	339
5215	57
5119	2989
2679	1577
4771	2617
1907	1243
928	772
1820	695
3762	71
5195	4963
1561	583
2592	1918
3651	498
2410	136
3834	976
3609	1154
3144	1183
3730	2851
1718	1427
4864	449
2318	535
5219	2338
4967	1206
3141	305
1638	419
4024	1670
839	693
3529	2358
2653	1561
3643	398
4435	1708
1700	871
4734	1918
2158	1390
3439	2093
5100	4671
5164	2293
4864	344
2682	2259
2949	1758
4864	3896
3278	3025
4335	305
4864	3665
5222	1741
1310	845
4435	2217
4342	3464
300	70
4909	4277
3216	845
2158	17
3643	928
1758	315
2549	839
2546	1455
3483	3464
2529	91
4191	917
5215	2653
2797	453
4476	662
3478	2158
2887	1533
1055	966
3129	1577
4054	1138
5100	1154
1656	854
3997	96
4999	1870
4073	2774
3736	3019
3824	2827
4403	1363
4967	627
1435	717
5114	1870
2653	276
1905	93
4024	3915
3377	1856
3835	2989
2632	1919
4864	4367
3198	1918
2801	2158
5100	3478
4418	3834
2158	692
3258	1310
5015	4435
2915	662
3144	3089
3764	1533
4864	4152
3348	537
3922	864
2992	2592
3843	3290
2585	2158
3198	3109
4807	3669
4285	960
3753	1154
4440	158
2965	2434
2500	412
4608	3376
3492	1227
3345	1577
1351	1206
4203	4089
3410	2653
3966	1696
5049	454
4046	1876
2992	2194
2289	2158
4967	4467
3572	1700
3762	2915
3896	1206
2554	944
2851	1870
2075	1229
1537	743
5215	4157
3381	93
2701	711
5067	4909
3565	2827
3366	1779
4201	2207
2539	192
5067	3240
3101	1173
3157	943
4061	1363
4734	700
2887	592
2760	1907
5062	857
4899	3794
3454	2213
4166	1412
1362	717
3293	1965
3157	1080
5122	2749
4864	111
2776	453
2731	92
5177	3454
4734	3592
2646	1138
5043	1718
4694	1435
4781	1873
3019	1870
1700	479
4700	2087
4529	3158
2151	2065
3071	249
5100	1670
3528	1036
2916	525
5174	1730
4967	3753
4327	1533
2207	1080
4521	549
3022	2653
2851	752
1646	659
3878	3463
5222	18
4485	1206
3643	75
4317	2749
4591	2293
3993	539
3141	669
1007	642
2318	40
5025	75
3753	3475
4104	2116
5020	2418
3669	707
1918	1700
4496	2050
5010	3766
2904	1429
2385	1602
1773	1532
3141	2194
4385	358
5252	4899
4819	2158
3410	18
2801	2263
1533	419
3538	3358
2701	2676
4093	640
3549	2740
4864	2241
4244	1783
1617	1435
1945	1007
1138	368
2407	669
3358	3216
3933	2318
3753	3206
3882	2393
5082	1695
4971	1820
2717	1905
3472	3061
4199	700
5013	4597
2158	636
1701	191
4920	2358
1458	1197
3820	3247
4543	3157
1942	1901
2749	2682
669	203
4047	2801
1649	621
2895	1582
4970	1304
3769	1819
3472	1483
2573	2020
1708	647
1532	1358
4714	3410
2700	2653
3420	1730
5215	3042
4480	2749
3089	2569
2612	2263
5015	4738
2457	1532
4904	2128
5177	4608
3298	114
960	377
449	315
2646	686
3478	645
5129	96
4630	4507
3478	1919
1273	1268
4864	315
1276	1155
5156	3628
3004	265
4321	1910
2632	675
1343	393
2768	1574
3781	3753
3295	33
2235	1779
4615	12
2902	2680
3643	2279
3278	164
3959	3598
3530	394
5215	1138
4970	111
3778	3297
4597	3420
2749	642
1331	479
2632	114
1083	78
1363	92
4569	741
5100	1700
3703	92
2158	417
3998	2887
3376	2623
3895	3466
4487	2259
5050	3237
4904	2123
2389	707
4807	2240
3643	300
3753	1918
453	28
3158	2483
4046	3769
3843	1649
3158	1919
4920	1327
4971	4537
686	158
720	566
1186	281
997	653
4967	4864
3835	2749
5202	4494
5226	2020
2774	928
5254	2995
908	647
4909	3531
2749	276
2318	928
4119	1820
3781	975
5154	6
3739	2887
3937	3207
2967	894
4671	2291
5222	2314
3572	1670
4648	1301
1873	52
1734	1302
4756	3478
2559	975
3463	2549
4821	2020
3411	1455
4997	1337
4572	3528
3628	1203
5209	93
2408	931
4864	1529
5015	3216
4102	12
2653	1198
4005	1964
3109	2592
3293	1867
3478	1183
5177	2031
4963	2070
2992	871
2422	1206
4447	1455
2948	2313
4554	3157
2749	2734
3184	277
3710	379
1729	1574
4327	3730
2051	707
4272	1457
3141	2358
4998	3012
3802	2935
1038	314
3824	3089
2737	2529
3257	132
2592	1905
2569	537
3552	1905
3894	1856
4608	3157
3516	2579
3109	1331
3240	2068
2158	726
1646	1561
3045	1206
3157	328
815	270
3421	2633
3736	741
5050	566
1965	45
2240	1422
2303	1656
4932	3533
3358	2848
2569	739
2240	358
3915	3382
1718	1473
2318	1390
4355	33
5154	2158
4920	548
1493	1206
4598	2135
1128	845
2927	1656
3278	1636
4734	3572
4627	1734
4104	1968
4408	466
2481	1754
2529	2457
3286	883
2038	917
2567	1162
4128	2767
2653	449
2925	2633
3207	1577
5153	1188
5202	3998
2592	276
5172	2318
4909	92
1168	37
2020	1531
4511	499
1234	589
4714	1533
3198	2194
3680	40
2612	1083
4385	683
3534	2318
4427	1062
4864	2788
3454	901
5154	334
3778	3542
3463	33
3439	1350
3261	298
4851	298
3778	2890
4070	2147
1695	1083
2799	96
5099	3803
3084	1507
2389	768
4119	836
5050	4627
4304	4107
2823	2592
4379	4015
5109	669
3241	3221
2888	1696
4704	1392
4529	1779
3598	3510
3764	3293
4528	3410
4734	479
700	675
3439	3410
921	669
3619	428
4102	1520
2318	1870
4436	2559
5109	1192
2901	2749
5020	2632
2755	277
3047	1747
2539	45
2318	2116
2318	1493
4550	3753
700	669
3815	1070
1499	533
1533	379
2085	1649
1229	802
4104	3572
2989	2749
5100	5015
3764	700
3801	2749
1493	799
4144	1533
5100	4751
4608	4061
4675	3710
3278	179
1561	659
3028	2087
3278	1455
4630	2701
2902	434
3621	18
2820	179
2358	1918
2254	1696
4543	3207
5027	3191
3370	3261
4311	1941
4864	2278
3192	1206
1874	1577
1708	195
3295	2072
4479	1611
5003	363
5102	897
4543	2445
3651	2887
3613	2012
5220	4013
3406	2408
2354	1188
5157	3459
4911	853
2646	839
2393	622
3111	806
1734	92
4687	2753
4252	981
4608	1518
4704	3663
4124	93
5202	2549
2039	368
5015	37
3753	681
4964	1305
2875	708
1758	1543
2709	221
4864	3413
5130	4714
2031	1243
4244	2916
2505	77
4608	3229
982	600
659	114
3411	2039
2318	2252
4880	4864
371	40
2740	761
4285	1617
3572	2217
3933	647
5227	2335
1435	601
4608	703
3450	494
4909	3229
3218	806
4805	4439
5050	2623
5215	3158
4963	2703
5050	1646
1709	703
4771	1203
4543	1293
4272	3616
1649	244
2949	2749
4608	981
4081	2956
4376	2701
4646	2653
4109	1577
3529	379
2147	358
5098	453
5154	3694
3856	10
3628	2072
3101	2813
4807	4087
3198	883
4089	1457
1489	761
3237	2579
2954	2653
981	16
3191	2358
3257	91
2887	1493
4533	1577
4053	456
2623	2318
2623	2158
4573	3381
2113	583
5100	845
4104	479
857	707
3691	1701
1919	700
5020	1990
3698	1273
4391	693
3621	2653
2147	1657
2408	2070
1758	1561
761	240
1905	627
1834	1489
1047	18
5067	2207
3803	2757
4547	2279
1901	494
3157	960
5015	2075
277	227
1608	1493
2945	1783
2769	768
4700	1455
4466	100
3781	717
2774	2137
2887	924
4805	3008
1080	768
2749	2324
3597	1574
3439	111
4165	2615
2797	2749
4797	144
1602	601
1626	683
3558	627
3439	1579
5153	359
4864	1905
1466	953
1468	662
2364	1656
3619	2633
1646	1520
4039	1867
3930	1782
2408	28
5154	1919
4186	2031
276	96
4483	3793
1834	1070
4400	1279
4920	1552
3258	647
3643	2813
3762	3025
1901	1570
4920	1708
2318	1995
4439	901
5231	3572
3809	1819
4162	871
4796	3207
2727	739
2465	2240
4104	2917
4584	3753
2612	434
4999	4725
4701	1907
2240	244
3358	92
1445	864
3216	1670
4402	2051
4771	114
3641	1758
2653	2393
3026	1138
2808	1036
4577	1758
3071	3055
1734	70
3815	1772
2974	1577
3157	1363
5100	1918
3012	1206
1803	1334
4864	4168
2408	96
4849	537
4529	3157
4075	1577
371	360
4487	1318
1758	100
3109	1670
4244	1677
4240	456
4864	4272
3643	2039
5225	4186
4787	96
3221	1549
4104	2701
3764	2020
1831	700
2992	1631
2827	37
1047	700
4334	4333
1807	812
4415	3066
5112	1832
4635	1666
4203	1758
960	944
3206	759
4963	3619
4869	934
4250	3420
2529	460
2887	943
4608	3565
5050	622
3836	2573
4964	4104
4551	141
5115	2767
2660	445
4971	3551
4767	2566
2559	100
2263	1650
4311	33
5191	2776
4466	692
4081	2408
2887	2158
5020	1772
5238	1489
4719	2861
2892	2727
5100	3836
3556	3478
3191	3109
4868	2358
4734	1786
4714	3736
5020	700
4483	1657
4714	191
4046	1038
2036	1901
4482	4385
4920	1154
5202	4864
5112	427
4335	2731
3617	1151
2701	1905
2147	1574
2393	1646
3753	883
3918	525
4714	3010
4994	1695
4466	2076
3573	158
3449	299
2457	839
2243	1656
2117	647
686	144
4856	554
4756	2992
5175	4100
4864	3590
2436	1874
4513	943
4013	599
3483	33
3835	494
3933	2573
4168	1656
2992	1125
853	371
4546	2158
1503	277
4104	1708
3918	3616
4540	2569
3834	164
5199	1928
3191	1918
2087	1859
2509	1240
3995	1173
600	16
4841	2967
3413	1932
3089	708
3206	339
2158	944
5100	4022
3159	1453
3089	2701
4277	3345
3963	700
4869	1574
2318	883
3598	243
2047	901
4104	1473
4963	328
4591	2700
4315	3017
4582	3922
4920	1691
2387	917
1531	981
2031	583
3442	158
2749	2392
2072	761
2408	293
2559	1458
4439	3802
5202	3157
2727	1824
393	93
1574	636
4739	77
1675	1331
5080	3019
1932	1897
5174	3459
589	434
761	258
5020	2949
4920	305
3358	1507
4476	3937
1081	1007
4547	3450
675	314
1716	33
3071	2582
3733	707
5118	4909
4552	2358
5140	1741
2158	794
4967	2952
3192	2314
4864	3217
5063	495
3943	1701
5020	1928
1973	1741
3753	708
577	33
2549	92
2856	1875
1087	964
2956	277
3566	2275
1944	1343
3993	2632
2676	1293
2500	883
4054	2774
2031	1166
4853	1016
2151	244
4252	2892
1331	1154
4250	3206
3161	3157
4440	3439
3450	2592
2436	2069
1708	548
4024	2529
4756	1691
3993	3556
2910	96
4934	1848
2989	18
4569	17
2904	2020
4864	149
2887	2608
3918	178
5025	587
4846	3478
5225	2158
4093	3459
2018	573
4485	2685
3192	2617
4987	3157
3998	1614
5118	2069
2623	2020
2087	1034
2244	1577
3282	1022
3944	876
4849	4435
4627	2579
5250	3358
4350	2289
838	191
4327	2646
3286	2717
5175	2936
2387	1522
2607	18
3127	1992
4904	2709
3570	1034
5219	1873
4963	3856
3834	599
4625	3543
281	33
4124	708
1197	144
2509	644
3753	2020
2158	290
5154	2887
4625	4022
669	100
2231	1611
707	20
5227	3466
4601	1867
1873	540
5020	2633
4608	2936
4615	959
4703	3762
2887	748
2358	895
4687	4107
4013	2887
2989	2925
3230	2459
1783	1457
549	75
4725	4052
1493	982
4186	277
2573	924
4879	788
5135	2452
4796	4483
4853	2559
4703	4702
2823	1741
4648	300
1870	75
1965	1867
3762	2916
4856	4418
3609	2318
2004	249
3997	2147
4294	1892
2983	2936
2760	2158
4635	3543
4920	1732
1928	700
5027	2194
5025	3950
1732	1670
2573	1507
4244	3229
1741	1663
1446	164
4402	2887
4415	1272
3843	67
2318	2039
4846	4186
2749	2232
2567	263
2452	1192
4406	3858
907	494
3651	3229
4186	298
1873	819
3928	114
2238	1848
5215	3824
4053	1695
3571	1617
4608	1479
1907	1531
1453	647
3641	2393
2318	129
3420	2505
4437	908
4088	3621
2065	700
5222	2367
4104	883
707	587
2031	1138
5172	552
4046	2416
5209	5078
4350	4162
1779	1427
4783	589
3106	1229
4379	3573
4608	1493
2632	1458
5027	2217
1768	233
3295	1124
2827	1708
4567	1532
5209	4104
4483	3383
3382	2358
3813	472
5025	1975
4168	1316
5215	5163
4856	4186
4695	1701
1670	748
3969	3417
1331	845
3735	3157
4963	3101
3431	1007
4600	2235
4125	2592
434	339
2524	277
1912	1577
3562	368
4988	1350
2318	622
960	700
2789	730
4483	3501
4104	3191
2065	1292
4466	3345
2605	549
2263	1083
3998	707
4005	1680
4828	1700
966	525
1988	1646
3229	2318
3703	2069
4849	3153
4875	5
4547	96
1493	1080
5078	1183
2936	726
2539	1455
3753	3286
3157	1427
3463	767
3562	2481
5119	2318
3609	17
5112	589
3613	2887
3609	627
4787	2408
4244	3834
4899	1018
1741	772
4796	1708
4168	2653
4687	3059
3721	621
4997	4909
1552	1455
2927	2749
2849	2088
4466	1292
4719	4666
2039	981
5027	1331
3395	292
3562	2289
2612	77
3067	2880
5100	1331
3278	1867
2887	1506
3450	1203
3025	700
4427	2422
4608	4546
1873	1229
3203	2945
5025	4013
1918	305
3503	1392
1279	1043
1705	446
1807	216
4530	2714
4604	1656
1969	1104
5067	3918
2821	2318
5238	231
4554	767
3556	2036
3449	2727
3646	2709
4054	662
3258	2407
3777	3710
3439	3400
1649	514
3933	2117
4168	2049
4443	216
2065	1489
5025	191
3158	2717
2656	231
2653	1527
3843	77
4061	2318
3109	2992
2213	255
2709	2612
2749	2117
2773	1078
4219	2653
5141	525
2291	158
4909	2436
4904	1545
4467	4268
4529	4379
4600	1574
3708	3313
1649	434
1773	868
3045	2653
3420	1226
5215	4222
2158	659
4974	997
5175	975
4102	2429
4142	2207
5102	2244
4317	582
4372	2065
3459	362
2936	2407
3572	3109
5129	2849
693	686
4879	3643
3550	2416
4400	3196
5238	3628
2887	960
2966	221
3230	1104
2243	1758
2749	994
3680	3616
5119	2158
3736	2462
4253	403
4315	2529
5024	2416
4104	3565
3278	1783
4934	4511
4630	537
4162	908
3754	111
4168	2408
1907	51
4379	3654
2147	463
2393	2031
3825	3156
5015	4162
2801	589
478	434
4970	4168
4456	4124
3887	2989
4186	4144
2633	2592
2653	2418
4856	3562
4591	883
2158	1363
4961	3004
4332	2381
707	686
4904	3952
3598	358
3921	2068
2065	534
1656	1047
3562	1907
1087	921
4476	2505
1461	91
3382	1905
5037	4864
4546	2318
976	640
2927	1758
5062	1520
4342	3824
4211	3420
3483	3278
3753	3257
3550	192
3216	537
4899	334
1995	960
5100	4186
3141	3109
3667	1381
2407	981
5215	2892
4960	191
1614	417
4864	4439
1168	759
964	40
2827	1646
4331	1455
1873	1653
4725	4658
1493	908
5067	2050
5195	3990
1867	1055
4415	362
5046	2158
1758	711
4124	3478
1293	231
4484	1715
5015	3141
5226	5202
434	19
1043	666
5208	1918
2615	1331
566	114
4864	2656
5118	857
4587	3044
2194	1327
4154	2749
3856	2967
5041	2916
5231	2241
2590	77
4920	1197
4546	759
5041	2289
5199	314
2676	537
1299	853
4144	2653
5027	1918
2845	191
4483	1080
5129	1988
3976	1613
2579	379
4904	2902
2020	994
2992	2917
5154	1429
487	486
3442	2768
5025	315
4408	3896
2905	2012
4436	1718
3229	28
2147	1759
1670	647
2560	2368
5050	1302
4802	1531
2536	815
2276	903
2737	75
1995	1942
191	91
1758	812
91	70
3358	3257
3012	2653
4841	3762
3531	2358
2231	2158
964	135
2407	265
3286	3257
3026	2050
5215	1905
4687	1666
5050	2936
3229	2537
2937	456
4162	4124
2436	91
4144	2735
4483	3286
1435	1047
2643	2143
3538	1272
982	315
3754	1602
5156	1203
3836	2539
3509	1772
3739	1901
2051	741
5215	519
3977	427
3667	778
3754	3501
4704	3000
4796	2158
3019	802
4124	2117
4675	1913
4385	700
4451	973
3191	2217
2615	1691
707	499
3572	1367
1952	169
3425	111
4641	3022
4162	960
1995	498
4725	2749
2887	265
1363	37
2612	454
5238	717
3646	377
5174	1610
4796	2006
1194	315
2459	111
2318	2158
5176	358
4802	1331
2749	1363
2550	686
1574	244
5046	4608
2679	2147
4124	2701
5119	2520
1574	516
2318	1095
5063	114
1656	10
4440	513
4999	4166
3820	67
4920	3058
4403	3478
5154	240
1016	362
2945	2936
3278	755
4162	1732
2289	537
1080	1058
3143	2856
191	92
3019	695
3858	3157
4187	4086
2579	191
3677	582
3689	2520
2967	1545
4734	3141
1907	446
2887	1016
2653	2243
4687	2105
2902	2849
2653	1449
3573	2935
3109	883
2244	838
3665	1859
4909	1663
2529	276
5015	1732
2945	2700
4073	1493
1831	281
1666	554
4107	2753
5130	4986
4608	2948
3959	67
4124	3381
5222	1907
4540	3993
2797	782
4695	3376
1758	941
1615	434
2158	2051
3203	191
3348	2701
2632	2105
3059	314
3381	2638
1479	743
4687	1990
4920	3141
1700	1327
2887	18
4658	944
4963	3621
940	669
1918	1154
2887	2039
2194	1918
3554	3012
2935	158
1829	901
4543	3143
3157	1206
1741	433
4385	1198
4567	2653
1293	6
4704	75
1166	417
2827	2701
3382	2767
2505	686
2418	901
4841	1429
3161	1989
4168	1741
3366	2147
2887	1518
2827	708
186	164
3257	2116
4556	2240
2318	1116
1907	301
1919	216
708	93
4796	2436
3277	96
4165	1918
1058	693
3643	6
4102	2767
4608	3613
3762	928
3984	1276
3448	1907
4967	666
2318	907
1848	1741
2293	933
3540	819
4869	1948
4635	1919
2653	1823
5010	3643
1574	276
3969	1293
2749	2105
1055	700
3659	2592
2054	1206
3969	2458
700	686
2643	1952
3206	997
4875	2665
4466	2070
4587	1824
2750	1070
4864	1823
1479	433
2773	1080
5015	3109
4841	1646
3206	1553
1670	37
3998	741
2632	700
3736	2608
2239	275
2244	91
2158	1579
3449	2851
3572	284
4482	3961
3680	964
3856	1206
3157	1759
4627	3237
4704	2592
3809	277
4272	3922
4967	3572
4773	3420
3161	2749
2358	92
4376	93
5027	305
4608	1138
4205	2566
2944	1758
3628	1489
2904	883
3646	339
1615	1370
2633	1186
5115	2065
3680	1431
1036	93
4222	1708
2901	2653
4756	1043
2458	1104
4089	4054
4220	91
5177	659
4081	2147
2173	221
3454	229
2381	907
4899	3464
3702	2952
4714	2767
4484	1735
2579	1741
1451	1104
2263	427
2416	819
3210	2653
3794	3439
3566	1819
4219	2749
4285	1455
2123	1276
2117	92
4327	1574
3254	1741
5187	2695
4934	1305
3194	1708
5215	2039
4402	3998
4244	669
4511	3915
4425	1206
1603	937
2318	820
4142	2592
2709	67
3626	601
4745	2537
4222	2952
1759	96
4480	4070
1507	953
3863	2358
4317	2801
2639	2352
4911	2617
4971	3549
4997	931
2559	933
4402	2416
3542	3297
3454	1772
857	433
3896	2318
4756	2194
3025	231
2158	1116
2736	1247
1650	1083
1918	1331
4856	3554
4152	1758
5135	5109
1161	275
2755	2381
4418	92
4244	2151
4511	969
4222	2213
1892	612
4845	966
4104	3141
4845	1965
1034	96
1080	825
2318	1602
5027	845
3987	3257
4963	229
2065	91
4570	1305
5098	2559
5122	695
3012	99
4597	3526
3988	2633
4471	1531
3215	2318
3483	2653
4157	3710
3049	5
2529	2381
3702	2407
3702	314
3988	2653
1942	1873
4796	314
751	359
1995	964
2915	2158
3459	1129
1080	985
4864	2582
2656	1117
4583	3803
4482	2496
4089	3049
4317	1758
4483	982
3646	67
3616	3206
2801	1695
5020	1705
3672	928
3182	1155
4849	4573
4222	2753
2749	1047
3734	2691
1412	75
4796	2639
2318	605
4529	2559
4222	1293
5215	4714
2278	1786
3571	3258
3672	1696
4061	244
4402	2851
5101	883
3019	907
1716	1708
2515	2113
1716	761
4109	2241
2808	1779
5175	3694
3762	3449
4024	2016
4909	2050
2547	871
4841	240
4199	1965
4864	941
4271	1363
2653	2465
3873	2653
3969	191
659	583
5025	3240
3753	1087
1963	537
3963	2318
1206	1038
2801	454
3055	2653
1381	18
4205	2633
2592	112
2435	2314
2717	2633
4963	2824
5154	192
4934	2358
1773	1743
3834	290
1104	277
3836	966
4218	2656
4676	2592
3570	2915
4186	2117
3045	2087
2749	1219
4920	2887
1128	112
2820	1870
3648	91
3782	2653
2820	314
1483	516
5098	669
4496	1701
2892	917
5213	3019
3618	653
5202	4166
2945	336
2020	382
5067	1735
3109	1700
3454	1859
4548	1154
3834	453
934	17
3882	707
4218	2158
4767	2750
4024	2957
3976	2749
2967	1301
1779	328
1781	1354
4107	2639
2240	695
3834	461
4435	4186
1124	231
2549	191
3454	2653
3976	1272
3447	2749
2020	1154
4864	297
5134	1803
3345	1206
2863	1705
3126	1758
4853	601
5078	93
2653	2582
4505	114
1331	883
4507	4321
5153	497
4635	3286
4447	1507
4573	1455
5172	1614
4963	96
4385	2536
4641	129
2520	631
3803	2452
5171	4104
2158	858
3552	37
3750	976
3993	2158
3196	1907
3044	2436
3402	1696
3381	739
4971	761
2904	964
5166	324
1696	1029
2020	1867
3377	495
2749	794
5238	601
1793	1610
2957	270
3843	185
2653	2232
4960	2160
743	144
5156	1435
4128	1533
5015	305
4608	2113
4082	1907
2887	1779
3254	1179
2217	2194
4864	1696
1218	356
270	181
2992	43
2623	2407
3621	2749
3057	1699
2314	2039
3915	132
2407	2151
4583	2569
4738	3643
4899	788
4864	4577
2263	1059
4666	1080
1708	192
3572	3358
2916	1080
3828	2278
3894	2653
3998	1600
1919	314
3680	2904
3783	3781
2849	454
4311	1203
3565	960
1988	1675
1682	1117
4938	916
1870	1454
1055	45
3451	1138
720	22
2318	836
3762	216
2887	1334
4909	3454
4306	2207
1489	1112
3933	2289
2653	1942
4591	3492
3836	647
3207	3143
3616	40
3001	2887
2082	622
599	75
2679	839
1758	1545
5100	3157
4828	3998
1617	22
2653	40
1919	921
4415	1070
4951	2924
1741	1179
3643	686
5015	2117
2240	460
2279	12
5020	1458
3447	2653
1427	1087
825	231
3993	3609
2957	1334
1973	1305
1741	447
3254	1919
2774	91
4529	328
2158	825
4201	3549
4332	3803
3835	2653
2902	244
3566	1964
1227	70
4435	1331
2617	717
2892	1570
1493	1454
3191	1670
5100	4165
4630	1183
4321	1462
3702	2158
2158	498
4864	2047
5154	1964
1435	1203
4220	92
4420	3000
4864	3538
1919	1666
4483	839
3988	2623
3636	3278
4608	2533
3459	2559
4013	1206
3366	181
4186	3463
3734	1007
4536	2956
4239	3439
2887	1646
1059	589
2740	1941
2949	1206
1636	934
1489	240
4904	4117
4548	4104
4864	1218
2639	1758
2068	315
3875	2749
2749	40
3153	1758
2679	298
3616	3580
3834	3677
445	96
5215	305
2917	1552
3998	2318
495	28
592	92
4099	2318
2749	703
2902	2612
1124	114
2560	2416
2105	1907
5171	1691
5043	700
2935	1529
4306	3028
2151	368
1316	1080
4385	815
1299	77
3001	1493
1243	1162
1351	81
5215	1691
4849	2701
2851	2457
5254	1649
3643	334
4815	51
4068	1494
1656	317
2734	77
4746	96
4975	4841
2422	519
4608	3702
3354	2632
4868	3762
901	111
2771	2135
1870	982
2318	498
3258	2709
1870	164
5078	627
2523	832
3921	1919
2465	1758
1905	1466
4880	3065
3836	2117
3286	1531
5163	1907
5027	5015
1080	909
5175	2718
4367	1739
4165	1552
2957	2550
2021	895
4758	2418
3157	908
5120	359
2087	1284
4483	2774
5163	2749
3144	537
1083	339
4963	1649
2887	534
2653	2047
4638	3376
2050	982
4963	2338
4608	659
4081	2457
4408	2231
1992	1080
4327	3887
5177	3882
3436	1682
794	184
5062	2266
5080	604
4961	976
4278	2735
5118	534
3257	93
4554	693
4244	1206
2904	931
777	324
3566	2887
3184	192
707	129
4894	445
4117	77
3141	1918
4687	4222
5219	434
4220	191
4054	495
4063	277
3558	1617
5120	683
1420	707
3042	2021
4540	1905
5020	2108
3198	1552
4435	3109
1531	943
4864	2143
2642	1047
4856	2164
4942	1047
4849	3157
1952	549
4447	275
4635	314
3549	1716
1793	674
3043	359
3836	845
2957	845
2326	599
1577	1125
2318	175
3571	845
2653	823
4511	1682
3572	1552
815	324
4435	4104
4988	931
2892	717
3549	3066
4922	1773
4868	916
3643	2915
2639	1708
4540	1897
3191	845
3982	1616
2749	2700
1506	129
5013	2531
4547	1206
4781	96
1663	298
4666	2318
3836	2116
1075	895
714	91
2679	356
4471	3478
4163	3261
3001	589
4909	4496
4939	4577
3648	921
4821	1709
4971	601
4608	1531
3619	1741
2147	96
3710	1138
4648	662
888	493
4961	4909
2767	92
4970	4425
1577	1003
4075	3834
4608	2151
4725	1479
5209	1905
4714	4435
1870	711
1026	631
2632	314
4864	2866
3254	631
2592	100
263	216
1483	359
4997	1112
5159	1807
5215	4971
3277	92
3258	861
3158	1533
3598	2496
5215	5046
1532	1425
3654	2887
5135	1192
4849	2749
4920	4471
4627	191
4608	3882
3025	277
4894	3297
3572	1708
4963	3109
4864	2393
1082	686
537	393
2207	1363
4714	92
2458	1553
2801	202
3605	1625
772	299
1479	1162
3836	3258
2892	627
1824	1455
4332	600
2904	1087
4963	2584
2749	854
4342	915
2820	1318
1022	600
4219	3295
3543	1919
4853	3549
4894	3542
1128	647
4864	3997
5112	1083
2539	1758
4864	3737
5100	3191
3943	2147
4608	3933
4162	3836
2093	1758
3004	976
4960	1199
4418	1293
4641	3669
5046	1493
4997	284
3410	1493
1907	276
4904	1649
4869	2147
3049	1773
5215	2076
1602	1561
2709	1617
5025	173
3478	2275
4738	3286
4476	2757
2579	1533
4807	1734
1435	1185
2887	2735
2608	703
4608	799
191	70
4856	96
4530	3402
4408	1901
3175	359
2318	1964
4864	1653
4466	3026
1225	23
2648	1531
5215	498
4920	1331
4162	1363
4205	3358
4142	1907
4483	1831
2701	1183
4435	3141
3059	642
5027	3742
4157	2525
3802	1219
4822	755
3549	1941
3010	928
2887	2573
4315	1141
1166	583
3751	356
2408	1463
1836	1656
2158	1493
2407	622
1964	1531
4988	759
4920	845
5112	1695
5115	4186
5062	1701
3597	495
3344	1450
3667	1080
4864	1743
3203	1199
4879	4864
3887	2749
1918	883
3258	1670
5208	3571
3562	2717
3019	1577
4200	1531
3837	845
2639	1206
2680	2592
2529	928
3261	1577
4669	4627
4841	3665
3570	2823
4466	711
4162	1691
4714	4608
3206	77
5153	4982
2318	1293
1305	1009
2113	2031
4864	1277
2207	2050
600	70
1741	112
4420	2767
4920	2592
1577	17
845	305
5009	4554
2980	1392
4327	549
4615	2123
3803	2481
1003	164
2653	1292
4491	3131
2615	37
3663	2592
4582	4263
4107	669
1670	883
1354	1206
4218	1824
4014	3817
4714	469
1124	498
4528	2537
2887	2314
3044	2050
2500	2116
2418	1656
4117	1758
2799	1741
2709	2496
3555	2665
2068	1663
4655	2633
5163	2207
4704	2278
2352	67
4466	4023
4841	4739
2134	10
4638	1459
4573	1758
2358	830
3158	315
1942	819
2701	2275
2436	70
3963	1602
3492	823
4841	495
453	164
982	53
3680	33
5004	67
3719	1649
3454	1454
2902	2104
4191	1892
4591	1429
4734	3109
2945	2653
4963	3358
4533	2153
2128	76
1754	761
4360	2887
4102	1901
4714	4220
3442	2560
4853	99
960	917
4676	4186
3977	1155
2727	1079
4608	2318
2617	511
3669	1614
2827	92
5250	2727
1007	631
4142	2275
4601	566
2653	1543
4646	2559
3459	1070
2249	67
4714	2116
4864	740
3572	883
2656	2318
2241	876
3109	845
3710	19
3552	531
3436	3300
1390	302
3237	1577
2559	1129
4403	2275
4540	4392
1553	1087
4849	2117
3562	3348
4186	1493
1758	158
960	748
75	18
2515	2051
4471	2632
2665	359
4186	960
4597	295
4485	2774
2469	917
2429	2006
3998	2515
1696	368
4087	566
3656	1305
4483	2633
4431	1701
4869	456
3354	1206
2904	1553
2547	2408
4124	1670
3206	1429
4770	1083
2980	790
3241	1615
3464	534
2318	1600
4989	871
4494	1614
4168	1206
2457	495
4904	339
5154	2916
1741	498
4864	264
1968	92
2515	1420
4864	1626
2051	1506
2158	981
5046	2318
1695	1155
4899	279
3286	1331
3754	1218
2902	636
3527	3257
2529	17
2573	2436
2989	1493
3837	1708
4304	314
2573	1078
3753	3680
3258	622
4332	1781
4056	456
5239	4022
2983	1517
3921	2117
4417	2318
2887	179
4593	3278
5172	4547
1807	96
4537	1198
1732	1552
5157	3815
2128	339
185	100
3286	96
5025	1577
2623	943
4778	928
3793	2773
5209	393
5172	1506
4687	3998
5215	2592
4860	3065
4166	1038
2653	1617
3564	2679
2633	988
3025	876
3751	1701
1988	752
3527	824
4101	28
4054	3894
1870	631
5067	1663
4904	3221
4263	2749
1705	703
2709	2123
2318	350
4704	1458
3503	1779
3278	2081
4016	2318
5020	419
4993	3979
2822	2656
2012	645
3769	2749
4117	2749
2887	1206
3503	2381
4608	4417
2989	1907
2529	2465
4447	3386
3240	453
4964	4471
3565	2714
2653	994
4537	15
3669	2051
4920	4104
2992	1708
4263	1758
3198	57
2368	356
3930	1741
3439	1167
5112	4904
290	231
4864	2465
4756	2539
4725	1701
1431	964
4124	3144
2093	910
3109	1458
4608	4529
4746	3993
2585	1614
5208	5100
2801	540
2158	1732
4189	2887
5177	1166
1527	100
4124	92
1128	537
3109	1918
2240	463
2314	1905
2065	111
2725	1577
4554	22
3141	2592
4909	1734
2194	1700
3636	277
4920	57
2113	707
4963	3976
3648	889
3478	3216
4213	2087
2927	2653
3286	1431
298	12
2289	393
2266	1458
5114	4543
2158	1995
3942	96
3348	2827
1068	179
3643	1907
5175	4028
1574	908
4186	3210
2462	700
2887	371
4285	1965
2505	96
3191	2992
4491	3439
2573	452
3478	1395
4971	33
4796	4608
4435	3216
2039	96
3856	1758
3783	2318
2949	2653
2194	305
4725	4431
78	77
4124	2314
1701	525
976	92
4551	3993
427	67
4787	1455
2965	185
4627	3255
1455	15
4608	417
2158	600
2709	1033
4725	599
3028	686
1870	275
3313	540
3278	1577
4943	3496
3621	1758
3571	1965
3556	2757
2773	1854
2352	1126
3751	1184
2116	346
3270	96
3921	2358
4853	3066
2537	2293
5226	2549
2863	1608
4482	4054
3933	1154
3509	3439
4909	1602
1206	1047
4529	299
2123	1678
5153	1276
3917	281
622	466
3392	2085
1614	537
5015	1552
4540	1427
3648	70
2559	1128
3771	888
3278	2916
4072	3381
4751	3753
738	114
1420	552
5020	941
4128	2579
4104	1154
1273	359
3641	3556
3295	2685
3516	2935
4963	4687
4327	149
1206	141
4658	3358
4530	1819
4899	2237
5215	328
3410	2749
1670	908
2749	1336
3348	1183
3571	1154
2916	622
3937	3439
4285	2160
4625	2087
3915	1874
4385	2363
5172	1988
934	453
4704	1999
3055	2749
3917	3643
3896	2050
5120	2318
1574	358
4244	453
5100	5027
3566	2916
5227	3019
3988	3851
4964	1154
4415	3278
3278	1561
3158	2887
4864	1545
5154	3896
4864	3206
4909	1140
4971	344
4195	2537
5154	2539
1656	1405
3478	1310
5118	1473
1524	940
4919	2128
3454	1489
2050	91
4426	178
1602	1138
4756	1455
2757	16
4372	3157
3071	1649
4624	3982
2851	2016
3278	2734
3785	1656
4961	4864
1080	1062
4288	3843
5015	4920
3144	93
3665	1783
4625	1318
5100	3216
1646	583
3420	662
5154	2596
2293	2158
3933	3109
3258	960
1038	141
2680	2128
3894	2567
4440	943
4282	2462
2917	647
761	601
3984	934
3358	1918
5176	1965
3571	2116
5061	5020
2539	494
3651	1022
3628	601
2318	1363
1206	191
4415	275
2632	1666
4597	3922
1247	96
4999	1104
4894	2787
708	393
3257	3198
4738	1455
4714	1080
3969	2494
2368	693
1466	871
2416	1873
3723	1615
4738	3109
4471	845
3764	1055
3538	2749
4054	2158
739	75
2653	1836
4620	4089
1600	129
4540	1574
3501	2550
2147	445
2861	1537
2749	2422
5154	2952
5015	3258
4975	2279
5109	3157
3358	1552
1229	1225
5225	908
1907	290
2164	752
1824	772
3753	931
4714	3354
1912	1614
2771	2646
2408	600
1631	1331
4904	2801
2653	1656
2318	662
4971	1708
2408	135
4909	640
3933	2435
2266	1666
2104	636
2643	1611
2069	92
4483	3667
4999	1273
3825	964
4144	91
2740	1489
2435	554
4513	4013
3669	2158
5027	4920
5020	55
3566	739
3463	2554
3702	741
4849	4124
4483	4391
2158	1293
3141	1741
4600	2617
4751	1204
3793	693
4714	1786
3809	2736
3739	1942
5215	516
2075	175
3258	1154
2389	1080
4898	3439
1990	700
601	231
1493	1430
1574	815
4802	1333
3019	2416
1741	37
4920	2194
5068	3580
2056	494
4402	1988
4864	910
640	14
4109	876
3923	495
3930	2753
4321	1036
4920	3572
4447	599
3723	3598
2217	1154
1138	499
3229	2887
5202	1292
2159	277
2158	707
1708	479
4440	3278
1657	495
3691	525
4714	3417
3261	365
1128	669
5215	1990
2709	478
5156	2685
5170	1941
4841	276
4738	871
5112	434
2314	1708
2252	1577
3710	3282
4569	1577
1907	772
4849	2992
4810	277
1912	1700
853	707
3570	2158
3621	2408
1820	1124
3198	305
369	277
2701	537
3158	1663
3518	1691
4496	447
2116	1965
3654	96
5081	1577
4660	4415
5067	5037
3963	743
3240	447
2767	2219
4864	2093
3066	788
4166	1206
4647	4157
81	53
4104	1331
2087	276
4315	2240
1047	466
5025	3192
4102	298
2801	434
1942	1507
4528	1705
5130	368
1392	453
3565	346
3887	1656
3466	631
4864	1468
871	669
2318	2012
1705	960
2917	1708
2691	1892
3629	3509
3158	240
2158	997
4771	1038
2573	1466
4626	4186
3410	1870
4466	582
1996	281
5177	1602
3001	2158
4222	3930
4988	4546
324	177
2789	231
4942	114
4853	468
3984	1897
2293	759
3025	1425
2749	2656
2039	1574
1646	1506
362	275
1677	960
4687	1741
4104	3836
917	659
5050	2573
2266	700
3212	1934
2757	994
1531	1104
2158	350
3836	1942
4841	1873
1192	669
5122	1166
3295	2910
4162	2289
2645	1194
3864	1758
2410	468
5175	4864
1907	112
2366	1206
5135	825
5067	1741
1334	270
2653	2445
3261	839
3292	1807
4435	537
1892	114
3636	2158
2945	2749
3824	1183
2313	1273
1087	40
3530	897
2665	177
1759	911
3977	177
4970	1907
1194	92
2875	711
3988	2592
3185	2712
3278	1829
1715	868
5100	883
1070	119
2065	70
4402	2515
4864	1942
3815	711
2917	2194
4582	5
2955	1392
3129	456
3439	2239
4987	4799
2520	1829
2233	557
5208	4104
3556	2158
3240	1663
3028	1537
4714	3988
5153	4176
4418	2967
3478	1293
3376	3158
4061	466
1544	1068
3921	1168
3216	1128
5013	4875
2318	799
3801	2653
3656	1973
4627	669
2158	177
3598	427
4635	1964
5174	3439
2734	1758
5172	4864
4608	622
4487	2820
4480	2653
1229	1047
3057	456
2318	1579
1138	417
5215	5170
3988	1531
2318	748
3762	1186
1696	701
3933	2827
4764	4547
4440	1739
2289	2116
3643	2164
5170	761
3609	2890
4738	4104
2539	537
4849	2827
4168	1905
4909	534
5225	1168
3255	788
2653	324
4061	2887
1614	741
3141	845
4909	1520
4904	454
4427	928
1965	966
3820	3598
3028	2861
3754	356
4385	1276
3282	897
4920	4738
3572	1154
3019	2592
4471	1942
4756	1786
4841	1570
4999	4476
4627	1758
4864	2293
2569	1183
4166	4163
2901	1656
2164	860
2275	698
4864	3052
3835	1680
4061	2158
3781	944
4984	3858
4796	4687
4124	3824
5027	2992
5050	1533
463	96
2520	92
5041	908
3618	91
3538	3044
2358	2104
4572	4507
4443	1168
2147	1029
4635	1458
1435	738
1166	244
3348	2314
2135	1522
3689	3025
2364	1494
4081	2240
1533	907
2068	1137
1577	693
2773	587
4567	1783
4479	2665
4608	2393
2592	96
2240	299
4385	1358
4849	3753
4964	1455
3496	3395
2158	368
4205	1905
1333	693
5130	1758
3019	1522
4107	314
1735	1715
5124	1603
4367	3856
3651	2075
2219	191
4849	4205
1206	266
853	445
4756	4734
2465	1206
3191	1552
3562	3153
3933	1670
4028	1087
3643	3509
4157	2863
2646	2567
3887	807
2793	1932
3753	964
3303	1577
2717	700
3000	1197
3952	1695
2446	472
4222	2639
819	516
3556	1466
2128	2088
4417	2158
5238	4529
3558	96
5227	789
3019	827
2887	1363
1331	309
4856	907
2623	1458
4608	825
4775	621
3381	2151
3376	1138
1138	659
4166	3000
3933	3565
1138	298
3628	2481
3010	2735
398	298
2774	839
5056	707
844	191
4687	675
2065	92
2573	1675
717	231
4239	299
4311	761
1807	1327
4864	2238
4977	96
4253	4198
3442	0
4435	1905
4165	3257
4864	3982
1758	772
2946	315
2068	1990
3215	2452
3549	3210
1138	362
2887	1988
2775	2604
5100	2217
1741	1363
5020	631
5062	4810
5050	2068
3483	2509
1087	300
2887	2567
5245	4083
5130	275
4738	92
3933	966
1420	741
819	52
1758	587
4853	1129
96	12
4496	1741
1473	164
2219	1520
4061	2213
4608	595
4311	2481
5020	4687
2848	1561
2277	587
1938	1151
4868	566
1907	575
4529	981
1969	275
3963	1166
1358	815
4961	265
3834	2582
5013	3526
1318	179
1574	445
4864	2945
4168	3278
1316	693
2194	871
2435	2289
4988	2904
5118	3222
1155	511
1905	537
3540	1873
3918	3345
2653	141
3466	2240
1489	1203
4022	1696
4218	290
5215	33
4598	2207
4970	2824
3646	78
4714	3527
2275	860
3836	3571
4988	3680
4608	3963
1964	1807
3221	19
3993	37
4107	1708
5174	4186
4920	479
5090	707
3004	640
4366	2700
5056	1608
4998	1554
4869	2368
5164	314
5250	4984
3825	1431
2085	688
4810	1807
2851	2158
1141	1000
4070	3028
2358	1695
4182	2232
5171	393
2623	2483
2358	1928
5081	3230
1331	92
5015	1154
751	244
4263	1277
4796	2266
5027	4104
4963	2752
943	184
2158	549
2031	1561
2031	659
4864	4282
3665	2318
4970	4709
5100	1691
3206	434
4124	2113
4738	3198
5100	3198
2087	445
2935	928
4864	2767
1901	703
4676	2622
2232	1656
4350	3381
2617	20
3366	1125
4970	3987
5025	3153
3449	2980
2158	1531
4350	2701
4402	1614
4471	2623
1818	1503
5124	1577
5145	4379
4635	2632
2408	587
1691	883
4573	708
4864	2602
4695	1747
4582	1741
3933	346
3344	2559
3270	1083
3621	1870
1128	75
2757	92
2612	1276
1907	181
3278	111
2579	1807
5063	1574
4875	3049
3552	3109
4864	4627
1636	164
2935	191
3613	2318
3413	1773
1455	901
3501	2233
4480	3439
2633	1493
1718	700
1279	666
981	703
4162	2116
3730	3573
4967	4920
2387	997
3838	1952
2031	417
4987	2068
3678	2787
4061	1741
5227	1334
1988	917
2653	317
4849	627
1874	191
4350	1708
4241	1873
4101	96
5222	4864
3550	911
4842	1219
5172	2515
1574	598
1457	410
1034	164
5174	1932
5208	1552
2217	871
1695	78
1919	581
4402	2393
3018	2068
3358	2992
708	627
3109	1786
3019	17
4546	4321
2936	2457
3698	249
4845	2736
4714	2579
3478	647
3803	600
1741	1735
2436	1527
4060	1807
975	233
4756	1905
5202	4714
2887	1901
4899	3619
3026	981
3566	191
2469	1206
1666	314
4746	3439
2457	717
3998	1420
3769	1392
4577	3345
4988	1646
2358	1455
4714	3158
2335	707
2026	1705
2158	2151
2594	78
4028	1758
5025	4220
2579	921
5027	3109
2608	2318
1578	932
2375	2318
3121	3019
1864	1206
4046	3993
4993	3012
3157	819
1708	466
819	277
3478	2216
4734	3358
2592	2416
3556	92
4608	1613
2579	1520
3617	28
3229	2878
2314	708
2887	1624
3791	1533
2318	1397
4835	96
4083	1268
4608	2608
2887	739
4591	3680
1532	1457
3528	305
1873	78
2249	202
2685	231
2529	575
4247	3082
4415	417
5208	2116
2646	114
2642	2452
4306	445
2640	1577
3382	460
2387	1803
2314	1141
1179	720
2318	1533
4044	3928
2314	1989
3733	1932
3834	3410
2579	12
3478	1732
4725	3753
3295	1489
4104	2992
981	752
3710	2887
1691	1310
2515	2393
3476	1141
3420	748
2012	1368
4285	3293
4400	3815
4104	1552
4109	3454
3687	2237
2957	1677
2752	192
4119	328
3278	2724
3255	1870
4591	3475
2065	1995
2569	1905
4540	3543
4856	595
4853	2459
4186	1293
2387	519
4864	4100
2684	1574
3417	1682
4604	2207
3756	2945
2948	1155
4466	398
3556	3459
3448	1741
2217	1700
5208	3109
2436	700
4239	1910
3459	1449
3028	2550
2318	583
480	233
2207	1027
1945	54
2123	573
4218	393
3159	2879
4960	3156
4658	1493
4491	2633
3754	1709
4963	1272
761	33
3882	1138
5154	5100
4549	3930
4864	453
3736	2755
5208	4920
4162	37
3836	1552
3139	1095
2393	2318
2861	686
5215	700
2887	934
1493	449
3749	2520
3237	70
1758	449
4714	4102
5177	2887
4219	1758
2827	466
3988	1912
4810	3815
270	164
4535	2232
2617	498
4435	1327
3751	3750
4807	2087
3025	2158
3770	2135
2318	794
3582	2408
5025	642
3565	2158
5004	3598
1918	479
5254	454
1345	858
4860	96
2318	595
3000	2653
4853	275
3836	3702
3258	3216
3425	838
662	18
3592	1747
2890	2887
3109	2194
3815	1596
4379	3158
3764	966
1081	164
4168	1870
3237	175
4703	2749
3216	2827
4796	419
4849	93
5176	45
3230	960
4608	2012
5215	2375
4771	1124
4162	1168
2407	2261
2848	277
3669	2113
2318	1989
4979	2775
4133	2617
1574	17
4971	371
3791	3282
3988	1608
883	57
3542	445
1919	686
4909	587
3496	292
4687	700
2801	2352
3161	1656
5209	943
2684	96
4856	1901
1451	1354
549	129
3439	456
4767	976
1907	739
3212	853
2680	1083
3837	537
3071	2158
5219	1206
4627	3509
4166	3592
2069	433
3383	1080
2069	91
2717	2158
3478	2318
2375	1080
2219	1758
4687	4635
1636	191
3198	871
4597	158
5100	1807
1577	419
4909	3478
4471	2936
3436	277
4572	1910
3613	622
3425	92
4746	3643
3472	202
4239	1997
4970	688
1779	1522
2727	2375
2849	1206
2375	2158
1337	693
4963	75
2902	1083
3278	2746
4572	1036
2957	181
4869	2087
393	92
5015	2116
4521	75
3526	864
2051	277
4377	944
5215	3651
2520	1018
3933	305
3669	741
3651	1225
2594	77
2158	647
2477	1995
5056	1533
2289	650
2435	707
3565	2213
3278	1360
4608	2116
2718	599
2773	1758
1455	1204
3278	2983
1435	231
4641	4402
3656	1009
2069	534
3529	191
1183	537
1083	511
4540	2358
1995	908
3677	2117
4372	2639
3141	1197
4104	871
685	669
4986	1758
1867	1823
3526	3413
711	18
3969	92
1200	336
5020	2047
4140	3671
3894	1897
4187	601
2957	2660
4909	4162
2232	358
2774	1318
2559	2393
3651	2709
2123	1188
3781	839
1206	1162
3439	398
3503	2755
4777	2158
2753	1577
3570	739
2887	70
4909	4627
4849	1708
2700	1656
3824	1036
4144	717
4796	2952
3054	2536
4864	1125
1758	1361
3793	3179
4853	2746
5134	270
3894	2424
3229	2158
700	466
3240	982
2533	2289
5112	2263
2980	2776
4072	537
1892	1007
2323	1668
3466	1832
3976	3000
3784	3454
934	599
3864	3816
4128	2653
4864	441
4703	823
3019	2560
4967	1758
1932	674
4997	4988
4738	1327
1719	191
2434	67
4086	789
2936	2887
4494	1218
3141	2217
3945	2023
3918	3529
5118	3464
4203	412
4435	1700
3875	2945
3636	2416
4540	277
2957	258
3478	305
1070	908
5056	277
4714	839
3257	1670
3815	3084
4068	371
3286	1918
1682	1390
1708	537
4385	3570
4379	535
2173	65
2457	92
4537	177
2065	33
4920	2992
857	384
3025	2318
4218	1646
4864	3641
3459	96
2318	726
2408	112
175	0
2605	1907
599	141
3994	3483
525	45
4187	2967
4608	2916
4734	1700
3478	2470
3665	2642
1166	931
4963	2056
5171	1310
2408	577
1009	889
5154	5041
2954	2749
2642	600
4946	2653
1363	883
4203	845
1708	92
3643	2935
3680	1553
2759	1293
839	767
3516	91
3764	1965
4738	4734
4416	518
2946	982
5156	1124
4920	883
1734	1479
2653	700
2559	631
4688	336
1964	1675
5215	944
5154	3702
4704	2752
5205	4864
3258	2194
534	92
4104	2217
2335	1646
1331	627
2957	284
741	17
2031	1732
4205	3109
5100	2358
3175	1611
3230	165
5062	4608
1734	91
3815	788
4841	28
3449	943
3194	669
3643	375
4971	3295
419	191
2407	2020
3702	535
4157	1022
3439	1848
5118	5024
2416	1079
2642	662
1758	258
1932	1553
4168	4082
4511	3449
5041	2158
4379	3982
3111	317
1293	1168
3834	3454
4970	112
3933	1128
2539	2314
5215	1912
4047	230
3417	2653
1657	1574
2653	2108
2724	2363
3010	2653
1455	1154
5201	4971
1316	424
5222	1381
3969	1741
4967	28
3237	1533
1103	21
3834	75
3643	2746
4756	4095
4024	2483
4013	2368
4864	1673
3803	2289
3055	1577
1455	1354
4920	1912
2424	434
3591	944
3216	1918
4573	3824
1718	37
4591	931
4853	362
1716	1489
4725	1104
3526	5
4466	4244
4811	3793
3592	1206
1907	1206
4702	960
4967	2992
4864	2509
2757	1576
3651	3478
3084	1531
1327	871
4864	933
4756	3216
2749	1969
3540	1653
4841	4315
4963	315
3903	3450
5081	3370
2393	1166
3247	2147
4436	1577
4372	191
3247	2240
4529	1138
4704	4439
4166	2158
5163	1758
2335	129
4970	1327
2358	460
3065	233
4070	2381
4244	1533
4864	2108
3464	3439
4828	3439
1129	599
3448	2408
2856	671
1956	1807
3969	1518
3095	493
4467	3556
3801	419
4630	627
4704	2856
2646	1087
605	583
2592	2240
5245	2051
4471	4162
4166	686
1938	1264
1918	871
1636	1206
3977	3156
3366	1574
3571	3478
3572	3191
4608	3216
4546	3943
4285	1055
3834	1636
3680	1154
4961	592
5100	479
2653	2539
2318	286
3206	2902
3425	2957
4435	3933
4864	548
356	111
3199	772
5078	2314
1431	1429
5250	1932
3286	1138
1007	917
4967	1154
3813	1741
3392	819
4350	2539
3643	2916
4864	4128
4046	3636
5119	290
1301	1273
3051	2094
4386	164
4708	2848
4102	1741
3231	2090
4909	2065
4608	1672
2147	1859
4165	548
707	368
5081	4671
4104	1449
4471	1331
2537	1705
5122	741
2656	2158
3641	3157
4608	2457
853	149
2592	934
2695	1354
5177	2318
5112	3206
1968	1758
1695	96
1611	1273
1129	275
3605	1345
5098	494
3012	1173
659	20
2801	427
3762	1696
4537	1358
3777	3472
3918	2050
4087	1435
2727	2656
3526	3049
1435	433
3762	2054
928	519
3929	52
4767	91
2653	2392
2863	1022
3210	1047
4189	1741
4864	692
2554	1284
4777	1907
1083	19
4435	2992
4154	2653
2612	2505
3258	216
1673	1105
2605	1549
3843	427
3678	662
4845	4199
5209	2314
3710	2573
3820	3109
1781	1758
2318	944
5025	1942
2849	2128
3348	708
1649	427
2887	96
1579	368
3680	759
1758	1449
4391	1080
2954	2318
600	368
3483	2644
4523	3643
3825	2904
4327	1807
1553	931
4044	2653
5215	739
2617	114
3059	2523
5154	2117
2827	1183
3258	2116
4804	1043
4920	2615
3556	2827
3478	1154
1773	777
1602	1462
3626	284
4537	3526
4999	934
3045	839
3562	1838
1600	741
1080	360
1614	1506
3598	2249
4604	2653
5062	1919
4964	3836
4483	2039
2679	57
1668	1206
5050	2016
1438	599
2318	686
2700	243
600	216
3556	1461
4144	1427
4608	1646
2068	525
695	17
3766	2573
4593	158
2801	23
3824	93
2701	2314
2523	314
1759	384
2475	1188
5015	4573
1533	277
4009	2123
3345	1087
2749	941
5049	1920
1435	707
4124	2569
5209	2458
4195	1533
3628	3549
3543	3158
3278	1318
4967	4507
3694	2020
3278	3158
494	277
5078	393
5087	2240
4714	3670
4615	277
599	362
2851	2407
5102	191
1533	761
3286	943
2623	853
2851	1646
3565	2116
2335	1138
3141	1524
5176	2749
2158	346
5050	400
290	111
3212	299
3111	686
2956	2529
5062	1646
2992	845
4864	1782
4251	711
1435	290
4714	309
3928	2596
5020	4626
3439	1018
2031	707
3168	1656
2497	2240
3381	233
3983	2088
3301	114
2646	43
1466	92
3144	393
5050	379
2925	2520
2935	788
3478	1331
5215	3937
4220	4128
3976	1080
5177	417
2936	368
707	417
5254	2902
2602	1016
1455	1358
4864	362
4714	1357
3903	2887
5020	3875
2623	92
2643	2198
5034	3410
2701	708
4400	767
4734	258
2749	1656
4552	1206
3000	419
4082	4054
4293	1611
5170	1489
5020	2927
3628	1716
4864	4330
4244	4099
4304	4222
3751	2213
4704	3457
3921	2318
4385	2653
1886	1577
2700	853
5170	3549
5109	4864
3055	1779
1128	748
4587	463
5102	954
3572	2065
4304	2523
2128	2083
4222	1577
4222	1453
5219	696
3556	1036
1732	1154
1431	931
3157	1445
5025	4970
1531	1087
2980	2967
3933	3572
835	686
3777	1576
4864	3864
1033	454
3670	2701
4024	3478
1493	807
934	582
4608	928
419	398
4507	1154
4117	1907
3917	3566
1994	1549
3185	2902
5172	741
4796	4107
4263	2592
1700	548
4186	17
3564	1730
4157	1292
4756	28
5172	2358
4372	3648
4285	4199
4220	3198
4471	622
2529	1819
2887	1455
2087	151
2887	449
2547	2358
2983	2213
3784	2087
4875	3922
4635	700
3998	2957
4864	1518
4466	1696
4738	1154
4332	2318
4332	3503
3109	2036
4967	3558
832	314
3439	2073
4630	2569
3843	2434
277	184
3153	305
3376	2892
4853	2887
1129	362
2601	1856
1948	1859
4584	3157
2615	1708
3483	2358
2677	2352
4104	93
3206	2263
4327	1018
2697	78
3410	1381
3963	2457
2857	960
1691	548
3410	2462
2945	112
4358	3278
3937	2887
4714	3022
3411	589
3392	1549
4864	1925
2753	314
1493	191
2158	1138
1758	276
3549	1952
2408	1577
4104	4072
1718	371
3665	2509
1574	243
3843	2088
3439	2237
5172	1420
5219	2128
2559	1864
4734	2992
4687	1458
4487	3278
4702	2358
3464	2436
3157	2904
4330	2520
4466	963
1608	1577
4540	911
5175	926
4285	45
4997	3628
2849	2709
3670	1708
5130	4107
3012	2050
4849	393
537	460
5174	4400
4168	460
3572	1331
2617	1489
3185	3034
2263	339
2408	1649
2801	1994
1455	32
3654	2207
4481	3345
4879	2240
2314	858
3109	2244
2068	1701
2887	1952
4102	2219
2385	1964
3450	2887
5238	3626
5238	1124
5175	1989
3158	944
4635	4199
1473	908
5047	3420
1483	202
2573	40
2827	393
3665	2158
4608	2293
583	70
2569	2358
1552	871
2680	1059
2083	1083
5226	3463
3141	871
1527	290
3969	1279
4168	2749
4439	976
4072	2393
5109	5062
3636	1038
5209	3753
2789	2318
964	883
3049	1080
4938	114
940	216
2679	1668
2687	2537
2105	1741
2240	276
2709	645
2158	192
4436	3019
4714	3000
2957	1079
1455	1206
4864	4358
3837	2917
1614	1600
5165	3628
4993	181
2515	1600
2297	1574
3651	1873
4376	3930
4648	3158
3856	2749
5015	3556
1636	92
5209	845
1625	1345
2892	554
3448	2318
772	37
1445	1273
3815	3218
2724	495
4379	3730
4415	516
4635	2653
164	43
2207	692
4128	2592
3723	1206
5226	4054
3723	67
1705	1638
2318	192
1761	1206
2827	305
681	662
4241	3963
5215	37
2241	1672
4702	2749
4601	4523
4904	2849
4608	2335
1552	479
5122	2653
4119	17
1506	707
4439	1739
4963	276
2927	2358
3641	453
3982	3341
4443	91
3762	2360
1087	622
2318	1166
3667	2158
2902	2249
2016	393
3933	1036
4047	2263
4630	93
2318	1652
4807	3450
5176	5154
3185	18
582	453
4191	3509
1577	216
4783	788
4909	3464
277	192
4608	1561
3554	2056
2385	600
960	817
3509	807
4685	982
2020	622
5209	1183
4402	2113
2065	1701
4540	2065
3454	1438
4724	3065
2393	2158
4961	4093
647	346
4205	2992
4641	1463
986	377
1166	1138
3065	1577
4350	1905
3672	2533
4999	3698
5215	1942
4951	92
2992	1918
1033	339
1524	815
2318	1333
4939	92
4783	3636
2546	492
2318	1314
1965	1055
4778	601
3643	2849
3286	1154
4104	3933
4993	4086
1327	1154
2917	871
5024	1905
3917	2727
4864	4044
2123	203
3643	2560
1758	933
2477	1905
5025	3141
243	168
4205	3556
4567	2749
3543	3157
3669	1602
4641	707
739	292
3825	2559
1758	1082
3963	2559
3191	1700
4443	135
4572	3781
3278	2475
4714	3483
4119	1719
5112	2475
1999	644
4385	1462
4052	277
3184	2457
3621	2592
4714	1781
4467	1708
4864	1363
540	493
4868	986
1614	129
4466	2748
1316	16
5062	4496
4879	3439
4999	3531
1637	233
4626	1493
4222	314
4054	3381
3785	1493
2500	1310
2393	2113
2787	910
1363	835
3472	2596
3895	2671
4082	943
1870	1577
3240	492
1316	478
3376	2946
3990	1549
4963	4439
5215	2213
4714	1829
2915	2749
3044	314
3543	700
4551	2358
4909	3044
2020	1322
3708	230
3556	1199
5151	662
3651	819
2291	368
1378	191
4099	2750
2945	587
4244	2945
2617	1316
1657	191
741	92
5024	3549
3654	1695
3066	1867
1602	583
4124	3837
3976	3834
5050	669
4140	2239
4591	498
3764	2539
1992	1705
3754	1197
3207	2358
2640	1080
4476	3509
3516	92
4476	707
4471	3216
2075	819
3835	876
3898	2887
4864	2260
2887	111
3628	1435
4864	2477
3501	1080
2207	276
4572	2087
4864	2375
5081	4975
2408	2113
3762	3702
2653	2422
4845	2244
2318	427
2445	1907
2617	1162
3295	601
1701	18
4875	864
5222	2653
827	339
3023	2772
4154	338
4402	741
3554	96
5013	864
4039	1701
4483	909
4443	4054
456	18
2318	997
5245	1273
4853	1070
4372	3449
2957	1859
2992	51
3157	1493
3843	1033
3669	1420
4853	3459
707	518
4934	3157
2158	960
2241	1299
2207	740
4102	1533
4904	1174
4306	2808
2358	1577
3439	3066
3490	1862
2724	2559
2954	2158
3348	1357
2375	1807
3157	944
1206	772
3044	191
5209	4124
4104	845
3739	191
2633	726
2676	96
3001	2318
4669	299
2219	92
2275	856
4439	2207
1197	305
1140	587
1305	400
3464	3044
3492	2158
2435	1670
2554	449
4483	2640
1489	179
5172	853
2515	707
3381	537
4124	3552
1310	1196
4778	1874
4023	2945
4306	4239
3703	3044
4767	92
2533	1507
4483	4082
4540	1435
2424	1236
3277	2065
4402	1420
2967	824
4778	2685
3381	2701
4796	2753
4134	1358
4054	3463
5154	3928
3843	3605
4268	3095
4849	4311
5245	1932
845	92
5120	739
4166	2117
1905	460
4620	1773
2916	2368
4483	2329
1907	1138
3008	2851
4089	3526
4853	4447
1672	305
4372	3198
2039	277
5100	4511
3988	132
3762	3562
3993	1168
3875	2207
2849	1656
2957	700
2445	1656
1493	794
4218	535
3058	2731
2158	662
1574	1483
2770	1186
4627	1919
1602	499
4970	2207
4075	2735
4608	2554
1455	966
4620	2643
5025	3354
5020	2266
5215	3896
4199	2239
2579	2219
4801	528
2368	1080
2569	1449
4149	65
3278	1038
5025	2773
4963	1549
2458	2050
2936	1675
385	164
4669	1533
5154	3616
5227	4993
4714	479
2749	686
2679	111
3954	192
4547	164
2822	366
5209	4149
3411	2887
4435	92
819	600
3802	739
2407	1779
2158	2113
5174	674
3943	1038
2653	1405
4660	4331
2916	2727
1194	940
1183	711
3915	3815
2967	703
4133	1124
4974	3710
589	264
5209	3381
5202	1218
4162	3556
2020	1574
2158	717
4075	453
4587	1759
2050	498
3824	1708
2459	1292
2709	230
4086	4054
3158	2724
2324	1206
3449	3413
2555	1952
2539	92
3354	799
4608	3448
3933	2158
4777	2775
2887	1734
4165	1758
4963	926
3058	845
5170	1716
4920	3153
4971	1941
3628	33
4600	2147
3930	701
3988	931
4719	45
2718	1206
2235	2020
700	70
5219	2902
4771	1489
1907	22
2989	1506
310	94
2813	2368
4864	4013
2966	950
3824	3157
4920	4435
2909	2648
4168	599
4372	4061
1451	1206
4738	2217
5155	5118
3921	761
4554	2358
3061	2596
2158	595
4070	4061
3723	314
5119	4864
5225	4608
3933	2116
908	346
2801	2173
3922	5
2749	1696
1524	772
2335	659
4608	1297
4186	315
1552	1154
3054	815
5172	4725
5214	4790
4641	3998
4970	4061
933	498
2801	2123
1577	841
3538	2633
1080	601
3988	1047
4451	2053
4403	2050
3411	622
4864	1453
5120	3570
3543	1864
3915	712
4009	1897
3648	3345
3439	2935
2935	2239
4511	3417
3216	305
2592	1197
4864	1240
4408	2759
4483	290
1758	1574
717	466
1918	1670
911	622
1128	453
3998	1166
5164	4635
2021	1075
5110	4864
2108	461
3109	2607
3643	1047
5004	3665
5215	2863
5050	2887
4311	3628
1081	631
4775	4157
2605	478
4379	328
4439	4400
5027	3572
4617	4587
5120	2158
2916	6
2856	1786
1941	344
2289	1363
2615	1918
4272	1758
3206	2801
4483	2529
4738	3141
3043	1273
3278	1527
3529	1533
216	0
3215	1493
4986	812
4864	1527
4608	4186
4939	4725
456	32
5215	931
3012	1942
2252	622
2116	1154
3054	1198
2318	2231
2416	28
5172	417
943	244
2537	975
3282	2863
1138	707
4199	669
453	100
1670	622
4093	14
751	456
3198	2116
4974	281
3381	3348
3293	1055
4778	3628
3710	1507
4620	2665
2946	371
5015	3571
686	328
1561	499
4102	3516
2612	244
1293	298
4567	3509
3528	1786
2217	700
4013	3157
4778	1688
1537	144
3518	2358
5027	1552
839	424
4483	2020
3959	427
5138	2407
3918	2068
4435	1552
4608	1964
3472	1198
3043	1626
5174	1793
2653	1705
3295	1716
2902	2123
2608	2158
3378	1873
4844	1867
4963	4849
2592	305
2457	2158
2676	393
3998	1138
5062	4484
3254	2632
844	700
2158	1533
2916	2039
3851	1577
1910	1905
2677	243
4104	1918
3969	631
5098	3710
2902	2128
3549	240
2760	1758
3853	1574
2158	819
1646	700
647	466
4252	3450
4293	2601
1455	1381
3157	2318
5100	4471
4484	700
4422	839
4548	1079
4669	1302
3667	2408
4694	3483
2252	2158
4063	2957
4997	4311
1445	1167
4608	40
3025	328
4879	2213
3549	1507
5254	2207
4218	3993
4671	601
4199	45
4864	1351
5238	711
3153	1905
3045	2573
3549	761
2749	1968
3570	1920
2784	2749
4263	1948
5177	1138
4102	3529
5215	3556
1670	845
3930	2207
2459	2359
4205	1404
4939	191
4841	3215
5215	2416
3358	1672
5041	4666
3856	494
2117	466
1570	1489
4963	3834
4459	3651
3454	3157
2700	321
4282	1758
4367	982
498	114
5062	1138
3551	2240
2395	1758
4198	106
5227	1422
3258	1128
1670	305
1154	479
2901	2358
4415	2797
2533	1141
4783	3510
5170	5156
3882	2158
4600	1779
1625	230
1080	693
4546	931
4513	3158
3463	3411
4082	1138
4577	2653
2354	1112
1734	1579
1600	707
4285	32
3358	1533
2956	2147
4909	4767
4061	328
4868	3835
4420	4342
4719	3764
2755	2318
4988	3206
4119	2293
2582	1656
4938	2376
3698	1626
4418	1907
4168	3144
5171	1331
1824	70
5154	1435
2158	175
2352	1652
4189	960
2457	1080
2887	700
4582	1457
2633	1449
4104	1327
2537	2239
2116	1670
3061	1969
2757	2065
2773	70
4304	832
2688	2639
4414	3834
4165	3286
2240	1832
469	217
1859	1522
5154	4144
589	244
2117	1670
2776	1758
3809	2592
4734	4244
1602	707
2260	876
4849	3609
2173	200
5020	40
4482	359
4904	2680
4244	1758
4162	393
2857	1123
1663	447
3887	2653
5170	3628
3670	2569
3641	1206
1577	582
2353	1435
202	52
5202	3425
3836	622
5154	114
1988	22
601	587
4124	2358
666	92
4879	255
2324	1656
3976	1783
3191	2194
2656	2653
2158	1614
4149	4087
5164	498
2749	1976
4511	1918
2801	339
4306	2087
3247	96
4582	3946
2925	453
1455	22
2075	1873
4311	344
2612	2128
2582	1206
3556	3552
1969	741
5164	2848
2643	359
4920	871
1390	338
933	836
4999	3019
3710	1277
2458	1154
2916	2318
5025	2925
5164	3501
4864	2776
4864	1047
3141	2992
4725	622
4054	393
1670	1552
4379	2039
4963	305
4920	3216
2051	1600
2730	662
3753	3158
4385	1532
2213	486
3345	3278
2892	908
4719	1055
3620	1405
5100	1363
1941	1708
4102	2579
4484	581
4796	3157
3565	647
2759	2520
2358	1905
1435	114
5165	4311
3753	1429
4600	2240
2481	928
3221	382
1043	412
1952	695
5172	129
460	164
3825	3157
4879	486
1494	554
3153	1668
4911	3212
669	144
4909	2579
4746	2147
3946	1080
4099	1602
1918	1552
2135	662
3509	144
976	14
3771	3387
263	89
4144	3531
3001	1363
3987	1227
3656	889
2279	1473
3648	2887
3529	3516
2217	1197
4199	966
3781	2904
2801	2128
4632	761
4970	3809
1646	417
4099	4081
4864	819
2366	1779
5226	2275
1870	1455
3366	2408
1944	67
3424	2927
4219	761
2006	1577
5176	4285
1104	772
4620	4535
1626	1206
3835	456
4521	1206
5067	921
4756	2116
5215	1331
4920	4165
2827	1310
5078	4864
3933	3478
4061	482
3930	2408
2957	1866
4864	1610
5176	966
5049	739
2653	577
497	434
1758	675
2823	1462
1907	943
1758	1277
4218	3562
4413	981
845	51
4189	2608
3824	537
3478	2075
5154	1293
3597	1479
840	707
4162	2158
707	583
4104	3286
4608	1968
4971	1489
2701	2569
3933	1617
3803	277
2989	2957
960	498
3216	2992
4466	258
2358	1897
3089	537
4244	2408
2559	1140
4771	3628
4271	1617
4864	100
4218	1168
2497	178
2734	2358
1554	1173
4725	1577
1577	1206
3263	2240
4484	3254
4244	1358
4443	151
4967	928
5215	2358
1553	1429
2851	2623
4812	2797
2318	2031
5068	788
4964	1918
4963	1678
4611	1533
4109	96
3293	45
3257	1918
2724	940
2631	1124
4244	2653
3111	2890
5061	3411
2135	1104
1602	708
2627	2240
3648	2358
2774	2240
4052	994
4868	22
3449	70
3626	1489
5100	412
2902	2158
4391	2640
1942	1225
1503	712
5025	548
3710	599
4864	1617
2318	1518
92	70
2789	2158
4072	1183
3058	37
5215	2457
2902	2263
4904	2605
5177	4443
4573	393
4402	1138
4864	4646
5156	4771
2789	277
2749	1836
3710	75
3781	447
662	54
3956	1708
4779	4385
3313	2094
3141	1552
299	70
2915	17
4864	112
540	496
2529	789
2936	1734
3566	3129
2685	33
4484	1570
4540	1168
5219	2207
3475	1553
4608	3710
1964	1080
1435	566
2387	270
4105	2505
4856	3501
5231	666
1343	472
3825	1553
1561	1206
2123	1155
4294	4191
3425	277
1331	871
2367	1455
3856	2134
4271	1293
3478	1473
4864	3754
4537	2232
4424	2848
3543	1620
4630	3753
1561	889
3425	2736
3348	393
3733	2769
4971	244
2845	1479
2075	478
3628	3295
3930	554
908	179
5034	4864
5215	5050
3739	2822
4195	3801
2318	360
516	96
2318	290
4864	4219
4608	707
2536	324
1080	428
5067	1701
4627	1197
2318	368
4447	788
4864	3873
2240	19
3293	1455
1429	964
4970	1018
2158	1670
4750	2653
3785	1206
5215	344
4510	2701
4101	1316
1545	1206
4775	1455
2393	1614
3667	1462
3753	994
4047	2902
4075	2240
4511	4104
3191	290
5068	3710
2887	2436
3191	1154
5046	3001
3803	17
2863	298
2297	1616
2948	2158
5050	12
1701	982
3229	1455
4332	2755
5170	4311
4646	17
2967	1901
1445	1243
4738	1331
4864	2422
5222	231
4199	1455
2709	1345
5154	3781
3598	1549
4738	4435
5202	2945
2318	960
4963	3864
3258	908
4101	4054
599	96
4165	883
5015	3191
4101	1574
4162	3613
4635	2887
2983	255
5170	2740
4963	2917
5041	3258
1735	1179
1166	707
2887	2358
3153	739
1425	93
4479	77
3198	1700
4841	3378
4778	4311
4081	944
4082	2980
3258	393
2559	75
4466	4203
3783	238
3764	1867
3667	2617
4608	1166
1561	1166
424	302
3930	1759
683	359
3565	3534
3621	75
5015	3257
2688	2235
5215	2151
3952	2123
2436	191
4864	3300
4301	229
4796	2065
5170	33
1907	707
5015	3933
3297	445
5195	78
2827	2116
2992	92
4435	3358
5092	1173
5164	700
1292	1218
2537	2012
5171	2676
2151	908
2475	19
4704	1696
1758	1656
4967	2653
3566	2533
1194	191
3694	944
4630	1905
2529	2240
4719	964
4439	2239
2244	92
4864	4828
3141	2653
4934	554
3566	2459
1129	1070
4402	1506
5175	2108
1905	708
2393	1206
4691	2241
1715	581
3540	1719
1577	1333
3556	2539
4251	1370
5118	1247
3156	1276
4779	1124
4714	1699
3643	1322
3710	686
1995	281
3206	1083
1234	339
1741	582
4376	1449
4849	3824
3410	2367
4725	2458
4970	4841
2158	1652
4608	2016
2916	2276
2407	1531
2916	2505
2477	466
5063	4864
2956	2240
3258	2075
2579	1302
2318	981
1919	767
5130	4440
537	92
4676	2408
2749	554
3381	708
1062	70
4988	2458
4627	1533
4687	2408
2639	314
2684	2147
2436	943
3737	1559
4864	1103
4402	537
2068	700
5109	3194
2592	1824
4904	2612
4420	2158
5215	1616
708	666
2983	2323
5171	4756
4725	1646
4054	1897
1577	686
2128	1649
2020	368
953	659
4608	692
2213	2073
537	93
2887	1168
5101	4920
2887	37
2972	221
4402	1600
4608	907
5227	4263
3463	2275
4714	135
871	845
5208	2653
2318	1779
2827	2117
3052	2520
4376	393
2266	1919
3144	752
4439	2749
524	89
2509	1578
3565	1455
4315	164
3216	2031
4970	1616
2368	301
5219	3019
3873	1759
5156	2769
4104	3534
4082	3411
3254	3157
3475	1533
2989	582
464	453
5013	432
4943	2020
4408	4285
3358	3153
5080	3476
284	45
3303	114
4787	4081
4875	3526
2750	1907
5124	4864
4523	3475
2075	845
5100	4583
2749	2153
2116	1918
2252	40
3710	2559
2639	1329
2050	1173
4521	2046
3144	960
4392	2358
3979	707
1059	621
2448	1533
2083	456
5025	908
437	298
4133	114
1574	460
3785	3739
2263	2173
5112	2083
4081	2727
4660	1455
4641	802
5009	2592
3425	356
3001	2117
4601	1100
3303	693
2775	1603
3609	708
4263	1293
4107	453
2801	436
2957	2416
2680	2263
3835	1656
686	355
4342	3600
4483	3303
5164	2381
4864	2392
3905	2887
4988	4466
4385	2665
4608	647
4971	2685
1691	412
4163	499
4081	1117
4635	1990
4377	3258
4796	3028
2653	1876
3042	1075
5154	3206
5130	674
5215	3255
2113	1646
1968	1708
4841	3095
2537	1532
4675	1435
1420	129
4971	2039
2508	2158
3923	2240
1284	449
2318	825
2946	539
3278	328
3947	299
4304	3059
2797	362
4046	2749
4967	4856
960	703
3988	1334
1203	1124
419	91
3518	3198
5119	2509
3045	264
2956	1034
2358	379
2725	739
2849	2749
1991	315
1969	17
4285	3764
3141	1331
2827	1293
2158	1297
4630	4104
3021	1425
3478	37
4963	4244
4200	75
4582	1080
4864	4811
1129	1016
4402	129
2936	1907
454	79
2358	1451
5238	155
4608	1494
4480	1758
4608	3478
3930	2194
2769	707
3192	1905
3648	2848
2776	2592
2653	164
5154	3472
3191	1331
3710	582
4608	3025
3216	2158
4734	711
2020	1646
5062	1206
3411	2980
4285	2539
3643	2435
1708	883
708	537
1701	91
4853	1082
5047	1462
1973	1009
1603	1284
5209	4849
2617	1128
4203	1206
2424	2263
3463	191
2965	2749
4920	92
5025	2890
3896	2653
2047	1656
4842	37
693	582
3510	1625
1696	292
5050	928
4746	3386
5050	2065
1782	1758
1506	1420
4864	2700
4540	1823
2275	1995
3158	2158
4513	2318
4756	4262
3987	3376
2643	683
5219	2509
2462	695
2207	1047
2117	290
4608	286
3258	748
3703	534
669	21
2887	362
4719	931
3963	1286
5046	2887
3109	2539
3549	3295
4095	1197
3619	1907
1455	908
4415	901
3348	3144
2537	1429
5219	3651
2757	216
1390	1080
2653	1003
3161	1151
819	461
2051	1420
2436	1964
3617	70
2887	1070
889	499
2717	2051
2851	981
3425	2679
4093	976
3239	494
4864	3995
3556	37
4415	1129
4431	700
4420	398
4400	2275
2642	1779
1996	371
2158	1333
4971	240
2087	460
2031	1646
1818	693
2465	2147
2555	2143
5020	4864
4864	1019
3216	2289
2147	516
4963	1918
4447	2685
3998	1506
3053	2330
4157	223
1807	109
2915	2457
2653	941
3977	3598
3421	2749
4081	3766
1611	683
2279	17
2767	2579
4529	1427
3556	3216
1786	1331
2687	2633
1637	480
2980	231
3475	2904
3254	669
3311	717
2051	717
3182	3156
4919	1188
2318	1103
717	566
5004	9
3710	1907
2050	191
4496	2207
4107	3059
1942	622
2335	583
1907	720
5209	4072
3933	883
940	419
2164	1292
1932	1610
4222	4168
2797	2773
5122	3736
3348	93
3998	129
768	707
3571	647
3566	3157
2887	221
4530	3570
3836	537
4738	1807
2018	1188
5025	141
3254	581
3254	1614
4126	2385
4632	2051
4853	1657
4124	2887
3549	1489
3643	819
5208	4435
5170	601
1038	954
2293	498
4400	666
4608	662
5238	1203
860	299
3998	3669
3527	2749
3184	2020
3376	2653
1455	96
4920	2217
2653	976
940	883
2749	144
4391	1058
5100	3518
5156	3549
2068	35
3560	2749
3856	3834
5015	4124
587	230
5027	1455
2158	883
5020	1381
3254	1735
3156	997
2653	1336
5135	1990
3089	1183
4971	1112
5015	4608
2645	932
2560	233
4688	1200
1701	1663
5239	2279
3813	1343
3257	1293
2902	454
2936	2318
1700	1670
4154	3549
4841	695
2680	589
2158	1646
3439	1247
4909	1701
1773	410
3809	587
4415	191
4608	469
1614	707
1427	1080
4306	1779
4327	3835
3802	1206
3203	2408
4222	92
2605	1276
3421	794
2457	2318
1636	91
3552	3378
4471	883
2277	1489
5134	2147
3628	231
2724	2554
2069	70
5118	18
5112	2680
2902	1695
2117	1708
1570	911
4022	2607
4124	2539
2967	1497
4203	1331
4864	1404
2904	1574
2279	901
1919	1179
3882	2318
2509	367
4315	2065
3778	3212
2653	2529
5100	4435
1489	1124
2072	33
5219	2263
2725	1080
2408	1473
3592	1545
2266	1867
2645	1578
3836	37
4239	3344
3198	1331
4482	2263
3966	982
1602	417
3258	37
4537	2808
934	901
4734	100
3665	2231
5215	858
3571	1128
4240	1119
3019	820
5209	708
2775	1273
3538	3157
4483	424
5215	4315
1561	1038
4482	511
2217	1552
997	756
2065	356
3571	1732
4351	2712
5109	4655
4841	2581
4738	669
1617	717
5227	3562
4024	2470
2820	1435
3286	3141
1862	524
2767	419
2128	540
1901	495
2861	2025
2808	202
3378	1942
5025	2219
2612	2123
4841	4013
4880	1944
4967	2615
2070	1527
4920	1700
3278	1003
3023	841
3753	1196
5100	1732
2749	2238
5215	1125
3565	2075
1901	92
5250	5174
4864	476
2116	37
2936	981
2335	2031
1197	960
3358	2117
4107	1682
4771	2685
3785	1995
4306	2592
4964	2158
3998	1561
4841	2607
871	703
2965	1493
3952	2709
2407	2235
3933	3571
4435	422
4687	1747
2393	1561
3084	2279
2047	1758
1357	151
4796	2358
2445	2207
3598	748
5020	4635
1730	1226
4841	4332
4044	2039
4935	2585
4052	1104
4186	1668
3933	1552
3554	700
5151	461
5197	3058
4162	537
3058	1672
3875	2653
1636	1087
2104	1507
3463	1430
2685	601
2539	466
4756	1918
4480	4083
4864	3619
4853	2797
2537	498
3937	2623
4864	2219
4513	328
5170	240
5197	1138
3558	221
4853	2671
2623	1331
1901	22
2776	2408
3192	1758
1600	1429
2068	982
2113	1138
1708	1489
4864	1304
5177	368
3028	144
2709	589
2529	1151
2633	141
2459	356
2554	2158
3196	666
4104	3482
2653	854
2314	1183
3158	2318
3044	534
4105	2457
3824	1905
2892	700
231	114
5062	1137
5153	3121
4327	2116
4330	2989
3952	2128
4864	2954
2020	119
1709	55
3382	1520
4869	4099
4528	2525
2724	315
3730	2354
4157	724
5056	3643
3665	2974
2393	417
3413	1457
3425	1292
3490	2917
4671	3157
4734	4317
4088	2240
2523	1688
2408	772
2909	494
4608	3993
3230	2797
3192	2749
2709	2680
3628	761
5015	3565
3753	300
4304	1867
4013	1907
3762	2789
4532	3613
2263	589
2749	2445
1429	1154
4220	33
2849	434
2462	17
4467	4321
3558	622
277	135
4044	622
4128	1520
5154	1901
2232	1773
2887	1138
5101	3937
5100	4104
3425	70
4828	788
4771	1636
2158	286
3918	3691
2108	18
4909	700
3044	1874
4162	92
299	96
4853	910
5129	767
4666	2158
4970	4306
3875	2408
3258	411
4849	2314
2408	1314
4253	3475
3261	3012
4124	3216
554	290
4608	3556
4413	3516
3538	2653
5208	4734
3293	525
3026	2158
3835	453
4529	1058
1553	1431
4864	2875
4403	1128
2605	2313
3672	739
1991	960
4402	659
1093	468
1455	277
2581	2500
1995	1759
5238	4771
2653	1019
1080	1070
2801	1083
1524	669
5215	1944
2249	437
3366	43
2910	2481
5208	1327
4198	3318
3565	2314
1473	1451
4756	3824
4630	3348
5119	4408
3191	92
4514	3019
1489	33
3381	3144
4133	1435
5007	1522
3410	75
2936	2050
2936	385
3425	2065
4703	2533
1715	1179
4849	3552
5100	2194
2701	93
3621	1741
2579	1734
3278	2279
4422	2549
3411	2749
4350	3824
3753	1553
640	265
4666	3021
3923	1574
5156	231
3793	1080
1112	33
1272	92
4099	2368
5177	3998
4685	587
2915	2318
2548	1574
2615	883
3019	877
2537	981
3762	2533
4151	4087
3930	1907
4805	1932
4671	2992
4864	165
4466	3621
