918	1396
3898	4315
1447	2258
2127	2207
3801	4656
686	1338
1072	2817
735	4224
18	4408
1129	2486
1137	4496
1555	1602
1104	5068
2158	4483
677	3045
777	5243
1056	3644
1021	2211
811	3403
40	4864
27	5196
271	519
1697	3425
1741	2303
1293	2457
1555	4402
844	4031
1210	4012
2188	3570
12	3267
549	3815
2393	4469
1079	2486
3699	4338
96	758
274	3654
1741	4521
3627	3699
120	366
2368	3662
1839	5223
572	1155
1849	4864
209	1293
2486	3111
1668	2899
1448	1807
1493	5215
349	4031
2211	3016
120	3017
700	4225
1089	3879
907	4127
2306	2715
1133	4608
918	1350
2321	3988
1148	3240
1348	4616
356	600
2025	3262
1349	4412
1493	5154
253	4952
2711	3501
3548	5174
2212	4027
1338	1646
695	4569
1265	3654
3052	5175
1721	2654
1338	3243
2486	4412
1158	2158
1752	2894
231	3626
226	4796
4899	5215
1133	5179
339	4482
36	4141
566	4483
830	4558
2260	4772
651	3628
600	3807
781	1345
1987	4178
767	3134
4553	4864
209	305
1083	1188
209	3174
1882	1942
92	1417
1877	3458
1532	5237
659	4909
1493	4695
2653	2991
2579	3529
3509	4057
281	3038
881	4141
1447	2741
2147	5063
600	918
1189	4031
1697	3988
819	2258
501	1786
2258	4798
1018	4408
4141	5009
2817	3459
271	992
1293	3252
4849	5031
1786	4276
483	1775
329	3028
281	3229
2603	3856
274	4097
118	3363
2181	3843
96	3477
1416	3755
1014	2711
232	1555
4608	4864
348	5215
120	1636
1491	1667
2827	4124
713	1901
1137	3240
120	3470
1555	4652
2315	3572
1900	3500
1780	1971
1014	1946
1273	3439
1890	3630
4019	4652
144	3439
3278	3627
1010	3012
1447	1870
1878	2308
1741	2070
907	3937
155	766
440	3965
1010	2108
2258	4436
1759	4217
700	3293
3552	4864
1787	4864
1568	4178
2358	3261
1423	4734
1759	2040
120	4412
120	4717
2258	2639
218	3145
2358	4749
213	5254
120	1846
2026	2863
1663	2050
3505	3510
3044	3494
1448	3467
542	3630
1847	2947
449	5223
1429	3616
29	3510
4111	4586
540	2444
561	4130
668	1880
816	2050
386	4178
67	1265
1493	1568
396	4017
2158	4784
354	3038
2975	4899
1002	2970
3067	3644
2088	4697
652	4141
2373	2967
3653	4796
3113	3644
2352	4899
639	1900
4123	4540
92	2050
461	4086
2322	4864
3626	3628
479	1455
2582	3740
1146	1881
700	1666
120	543
1160	2275
685	4141
1741	2024
766	2070
2158	3233
4930	5177
713	4073
1555	2420
582	4864
1985	4408
96	358
3174	4106
4178	4314
3694	4864
120	1175
498	3229
1938	2769
2661	3803
2158	5227
1447	2318
2698	3627
911	2358
2970	4727
4063	4141
2436	5118
2663	5118
2423	4130
2166	5188
2486	5196
3540	3651
3755	4813
2211	2887
2434	2641
1059	2902
890	4141
4178	4631
1076	4864
147	1010
1273	1586
1727	3598
359	1777
549	3856
1270	4873
339	5042
2262	4859
881	3340
4210	4656
433	3038
67	2170
2435	3017
4186	5188
1655	3509
1131	4058
1741	3183
691	735
1494	2486
1656	3192
209	4849
1390	2661
226	960
748	2358
3468	4141
328	2887
2395	4864
79	621
319	1549
1555	5074
359	1348
2158	2515
120	2633
1969	3984
1602	2393
1442	2158
741	4082
2486	4583
295	641
685	1133
703	2887
3	3523
604	2211
2368	4483
4118	4543
1509	4963
897	3829
75	464
1995	4608
861	918
600	1533
510	1447
553	1146
319	2157
2258	5157
92	2436
2188	5174
2158	3177
2486	4734
1878	3598
2789	4864
3887	4873
564	582
559	1010
348	516
2040	3150
1743	2232
92	356
1347	4821
1288	2157
1826	2123
1036	4207
294	3425
2352	3843
1295	2318
663	2303
3049	4825
15	3888
553	720
2380	3717
1531	4189
2103	2961
1295	2158
84	120
1555	4271
1555	2815
4008	4963
600	4148
2436	3494
992	3960
4178	4735
354	1058
4141	4240
893	1587
1574	5155
1021	4141
1432	3855
1708	3153
2653	4553
1766	2211
97	2663
1021	2907
1574	3883
881	1821
386	1133
119	1741
2961	3472
348	3042
3045	4495
2322	3887
559	653
1777	4596
3111	3682
2486	4157
2258	4244
1656	4577
263	2076
120	1807
3856	4864
4178	5196
2040	2147
221	657
120	488
3455	4444
1137	2050
2458	4118
803	4225
1656	3128
1968	3644
2202	4864
4018	4608
1655	3025
96	4139
120	5122
2653	4622
2017	2978
17	4972
960	4689
2983	4864
606	4178
3548	5245
2207	3132
2615	3257
1348	2318
3215	4331
2369	4689
226	5215
1447	2632
2486	4558
2670	4993
2380	3653
604	4914
3084	4111
501	1708
693	3501
4026	4210
2318	5145
597	2211
2486	2639
599	2582
1780	4963
176	4613
2260	3429
221	2436
620	4962
1995	2976
2311	2318
494	4521
1290	3010
120	433
1975	4141
1130	4356
202	3397
251	4838
4058	4734
52	516
4178	4750
120	2621
2486	4057
924	1010
2646	3890
399	921
1188	4352
1566	1721
2211	4598
4495	4587
1493	4240
870	4723
561	4845
1317	1338
1473	5026
2113	4483
2382	4420
96	561
748	4558
4127	4879
2854	4332
2204	2727
700	4656
2420	3598
31	5116
2382	3278
592	2688
1968	2653
2358	3864
1555	3917
1442	1901
118	1497
3362	4614
1792	4111
907	1102
552	4111
543	1655
993	3293
112	2358
1423	2991
766	2553
748	3553
803	3644
2641	3780
2622	2967
1387	3261
3127	4178
516	2887
1568	1656
2486	3799
516	4343
4319	5188
348	2615
1572	4864
96	4600
1455	1965
3278	4586
1129	2887
2452	4804
1555	5010
2621	3078
1036	4630
2947	3440
1016	4415
120	4704
2889	3540
471	549
2085	3481
2128	5112
1447	2864
2258	3300
646	748
1347	4178
3780	5232
319	2128
2142	2382
120	4001
1133	1449
881	4608
2653	3192
305	3500
1952	3888
2452	4082
1774	5042
831	4586
1270	4496
1442	4608
1533	3477
1270	1775
2897	4608
1062	5215
120	3271
564	4044
335	4408
811	4243
553	2892
2162	3403
2510	3598
2007	2486
317	1669
133	1133
1555	2897
4879	5069
92	3120
4225	5008
2486	4236
4418	4608
4243	5227
600	2438
294	2211
319	1555
848	1533
275	1070
1555	1879
1555	1640
2158	5177
251	4813
135	2816
1455	2227
1531	2887
120	2956
231	2258
1562	4372
74	4415
120	3143
2887	3078
261	2258
2318	2847
1155	1574
1821	4185
4178	4555
3004	4864
369	5179
559	579
1773	1783
853	3988
1437	1493
1779	2040
1361	2258
2654	3846
1273	1533
1532	2158
5181	5217
2579	3267
881	5154
564	1814
1680	4438
1555	2318
1652	3598
29	4723
659	1555
120	3886
1780	4551
802	5219
1978	3575
2529	2799
120	4781
2258	4154
1533	4608
2318	4213
28	1376
67	1774
1133	2207
2372	2582
2158	4402
600	3477
1133	3331
1602	1646
537	2013
558	4026
67	5042
1555	2196
1056	2436
37	2706
356	559
1786	1836
4094	4915
1974	3472
2486	2826
328	4849
4747	5243
1455	1555
994	5215
4402	5177
839	2368
498	4608
1774	3627
3275	4864
1442	1555
3850	4969
2311	2711
907	4130
540	4178
1171	2878
468	739
1133	4864
4540	4558
1534	3953
1870	4012
717	4681
2486	4675
1555	3229
1803	2542
468	4961
192	4935
1273	4776
726	1555
1514	1947
120	5257
1646	3598
400	1953
120	5188
812	2654
120	3638
1819	3264
4071	5069
773	2100
479	5223
26	4734
1555	3245
2318	4271
2579	4057
2380	3626
1133	1821
1293	4082
1149	3909
695	1969
112	3278
319	2680
274	3510
2486	2521
716	1104
648	1339
1889	4088
2525	2537
921	1341
3999	4127
1655	5223
1097	3879
553	1753
1169	1494
599	2453
1814	5215
909	4391
700	4613
960	2270
191	4031
2897	3229
423	700
120	4734
2069	3827
12	735
382	4343
133	2380
3177	4130
2486	2976
2653	4317
1075	3113
716	2081
663	2789
120	2866
1708	1942
1484	1493
766	3856
537	3192
2358	5179
1447	2653
2486	2654
176	1493
268	1131
2147	3807
2486	4796
36	4428
40	5196
599	4109
960	3613
120	1259
2529	4864
907	2158
693	3309
120	2322
52	1777
120	2942
3203	4960
541	1716
1667	5132
449	5188
582	2621
881	2633
28	5232
3834	4420
815	4537
1952	2810
1295	1348
251	1697
2258	4681
2158	4608
92	479
1656	4336
120	466
120	1239
2237	4864
348	4130
2486	4528
51	4967
816	1451
348	700
2762	4666
1538	4689
1481	4540
1765	3644
2653	3336
212	766
251	592
639	4849
858	2211
135	4415
1417	3237
1576	4845
703	2318
1331	5223
1555	3001
120	2373
120	1887
120	3770
2541	3460
1293	4483
494	620
4567	4582
1555	4131
3472	4044
1146	1458
1133	4962
40	2158
3598	5241
1574	4460
872	1889
561	1133
4130	4332
888	1774
494	4864
1555	2113
872	3904
1038	3138
1083	2157
1821	4124
1846	2258
1777	2100
663	1447
659	2318
2653	2899
120	1568
2012	3184
4178	4551
1653	2100
4193	4930
1766	5217
2008	2989
2486	4589
3382	4540
348	2457
3540	4178
1107	2579
2263	2694
199	3815
422	461
127	2158
1566	2367
1555	2393
1473	2486
120	2632
2258	4141
3153	3801
3754	4613
1226	3637
1479	2382
2641	2965
1021	1437
2017	3879
819	2130
2769	4469
1338	5177
2318	4658
1945	4495
802	1653
3562	4970
18	3875
120	3120
449	4186
423	3187
3078	5160
1062	1574
497	4141
739	2915
120	1476
2308	2318
695	4972
235	4930
4086	4582
1494	4583
525	4199
1555	4743
120	276
524	3490
251	2827
275	2817
335	1555
52	3440
2458	4127
3883	4186
45	120
975	5196
1870	4073
1350	1555
516	2040
103	2727
1010	1781
1302	3237
3863	4540
1621	4864
294	2653
4589	4772
3848	4864
324	4864
112	4466
802	5077
1034	2774
1455	3309
1279	2275
600	3907
3111	3783
700	4608
2907	4977
3477	4081
461	513
249	3043
768	3733
4785	5047
318	1971
2970	4469
1903	3439
600	4727
960	4970
2263	3965
2416	2889
92	4372
1013	1197
2204	5232
4864	5018
472	5108
1493	1759
2967	4060
1093	3755
816	4734
2486	3229
1348	3129
1555	3745
354	4365
2895	4586
848	4332
1511	4878
2070	4141
92	2826
3553	5164
2211	4627
901	5069
1338	3669
1705	5188
861	4788
1212	3331
646	1632
1455	4608
3078	4186
3907	3988
1010	5184
1655	3678
1555	3910
773	2416
29	4859
92	3914
4411	4864
653	5112
648	2158
129	1429
2486	4510
4317	4864
1448	2315
1116	1555
1636	2910
1447	3205
1759	1983
2381	2854
120	4009
2866	3439
68	348
271	3848
1942	2654
2498	4111
348	1990
1948	5155
797	860
1188	3505
659	2887
2604	4732
2277	4709
120	4597
1741	5148
2817	4415
2318	3562
1494	3331
1371	3828
120	4624
842	3982
3363	3553
4878	5154
5018	5120
250	4483
3200	3439
1368	2509
319	1652
120	2984
1816	4595
1942	4739
1574	3986
1666	5164
1094	1447
1555	3243
582	4963
1836	2452
564	3907
686	2887
646	3435
561	600
199	3630
1759	4879
4276	5179
106	326
4232	4571
3976	4582
4843	5116
213	2694
4967	5223
2857	3331
1349	3810
1133	1451
348	3603
3864	3907
3561	5154
339	3505
2050	4864
2318	4186
4671	4909
2698	2902
120	5253
1598	2211
801	4483
79	1650
120	5196
2158	4681
1571	4216
268	2147
2787	3778
2633	5061
1878	3654
1219	2514
1442	3644
2258	2277
17	2258
2827	3500
2423	2983
75	564
4031	5102
600	4608
1852	3549
2211	3240
700	1194
2069	3044
120	4314
4330	4408
2130	4739
466	2486
133	1555
677	1493
1295	2113
120	3976
1194	2774
120	4106
2352	3810
120	176
3653	4558
3873	4178
2888	3548
686	5215
110	2030
2318	4796
921	4864
2330	3653
156	831
4106	5215
2030	2258
239	1117
2381	4217
1830	2219
96	1574
170	4178
1555	2779
3278	4336
3900	4178
2128	2263
2104	4558
2217	4008
4656	4952
1555	3174
819	1117
2603	4109
1104	3136
92	2311
1741	2231
576	1816
338	3863
1759	4864
319	4317
1753	1901
2312	4940
68	5215
3470	3643
1368	1555
2486	4012
478	2263
1555	1595
816	1455
566	2486
1990	4952
120	3408
400	889
2738	4141
144	2520
1741	1814
2783	3988
1780	2887
3582	4864
2390	4141
2641	3845
918	1331
1034	2529
2258	4282
3856	4178
3627	3843
2529	4547
2147	5155
2892	2946
1526	2211
3843	5077
3451	4840
741	4186
3594	3723
4097	5112
2910	4187
1900	4681
581	4873
3001	3229
274	4351
115	646
1331	4058
4555	4967
498	659
1538	2727
1493	3340
1540	1555
120	780
941	5154
2017	4393
319	3699
2991	4458
1659	3637
1774	2236
281	3999
319	5254
3439	4899
1133	1555
4778	5215
2211	4878
2789	4127
1022	1316
1348	5179
92	4415
720	4873
1803	1961
4186	5126
275	2486
52	1225
2521	4608
2653	4926
582	4999
120	2842
2289	2486
1331	3644
1533	3439
2486	3277
597	3755
2639	4772
120	782
1097	2978
558	1627
120	4739
120	1768
600	848
3459	4415
1741	3240
2833	4178
3988	4784
2357	2381
1656	2211
2603	3799
2847	3644
1376	1555
559	4558
1454	1947
766	2262
4879	4899
2201	2653
2753	3403
483	3792
735	3084
948	3548
300	4464
1870	2367
2273	3229
803	4589
1447	2969
120	4579
1171	2306
1095	2158
4210	4873
2542	5018
3331	4789
120	1233
1049	4224
449	2258
663	2258
28	3553
2211	4343
1785	5047
2632	5164
3261	4540
2639	2753
1741	3627
4012	4999
251	4551
4849	5078
1059	3505
1290	5069
1574	4717
120	1892
2956	4547
2393	2970
1968	4141
120	443
553	738
675	3976
3124	5196
1123	3660
12	1901
3745	3863
118	133
66	1741
389	1645
4630	5078
2486	4540
2273	2790
1273	2641
2887	3077
2887	4608
120	3749
537	4772
18	2875
120	4563
1555	4681
1555	4891
4608	4891
274	523
3740	3807
1901	4070
2211	4070
600	2381
3120	4106
1020	5008
319	5253
27	2540
1780	2318
916	1777
2653	4094
120	1248
58	59
1123	4906
1068	3570
399	1627
18	1021
12	92
1331	2217
958	2891
2529	2830
1741	2110
842	2970
2661	4909
700	1104
1627	3254
3491	4052
4	1109
3120	4734
1417	4627
1391	3078
1571	3638
1668	2633
2486	3651
1666	1990
2653	4834
359	1039
1766	4141
3345	4235
96	3366
555	3810
1653	3651
120	4700
3616	5105
3510	3843
597	4738
2519	5215
2540	5241
651	3444
174	1133
1429	2894
620	1777
40	2289
2804	3237
3025	5154
739	1555
2902	3843
1900	4058
2279	5188
3644	4066
1197	2108
172	4412
911	4706
1574	1775
191	253
299	2661
1494	2887
3042	3113
433	4031
235	3982
1555	2311
135	1555
2804	3644
619	703
3500	4589
2903	3500
235	1968
2070	2991
1317	3577
1676	3331
1455	3572
79	516
2211	4864
1165	1743
700	3203
1010	2047
3153	3229
120	2211
1493	3557
399	3254
2585	4608
1010	4265
767	3988
3628	3815
120	2581
982	4496
2956	4717
92	3572
700	4650
498	4012
2436	4109
1133	4787
839	1524
423	4225
1892	4407
1638	2318
1481	1780
2887	4838
95	2436
3477	3807
1922	4653
96	396
815	3413
120	445
466	4225
1082	4483
433	5118
2416	3548
3803	3890
1307	2542
3	4393
4094	4438
739	2318
2258	4109
2418	4859
2258	2395
52	3651
2216	2471
686	3599
1780	4444
2697	3627
918	1995
494	4101
2515	3669
97	1881
4	659
2158	4878
1772	4026
4859	4915
1331	1708
1137	1270
1146	4225
354	1803
1083	1094
1995	2956
3254	3810
686	3573
3382	4717
491	663
2621	3243
542	2787
348	3771
3494	5118
4186	5196
68	1679
96	3038
3888	4785
2318	4980
1708	4967
1481	2887
881	2158
2887	4349
1265	5097
695	741
120	4604
575	2211
120	1021
1942	2887
4276	4849
1447	1493
1741	3078
17	4466
1133	1697
3282	4864
1455	4008
1708	2217
494	2653
686	2878
456	3472
533	1555
3627	5175
5155	5217
1652	4178
559	4744
1360	4864
319	2416
1458	2520
1270	4656
2781	4970
3300	3738
483	1708
2970	5154
1130	5219
2823	4963
700	2486
700	1881
3267	3529
3212	4239
1133	3553
2273	5215
2529	3366
213	2157
118	3644
1345	4595
36	248
1803	2583
3067	4239
1555	1779
3341	3945
1555	2363
1442	3907
2812	4178
1536	5179
2976	4891
1721	4466
2753	5179
1314	4195
2158	4825
758	4178
1429	2380
2680	4097
2207	3856
231	3549
120	2371
815	2540
2158	4553
3309	4864
1656	3856
445	4141
4178	4288
2012	2273
4813	5215
2420	2991
1533	4817
1418	1447
96	572
1146	3254
1780	1813
1455	1493
648	4650
328	4186
2276	4178
781	1265
3113	4226
878	2505
2382	2892
274	1774
329	3229
1741	2088
1447	2254
120	363
2774	4798
2358	2781
700	2452
3548	5227
858	1494
17	1555
3637	4278
1555	2529
1877	3766
275	494
483	4276
3510	4579
1555	2515
29	4178
803	4772
3803	4785
2568	4384
494	731
3643	4935
911	4558
471	4963
2826	3257
120	2355
739	1288
4186	4677
2553	4141
2110	3740
558	686
2991	3875
1646	2318
2113	2318
96	4849
155	1038
1901	5215
218	2434
1463	4178
2607	2653
1555	4127
1295	1646
471	2211
1462	4785
1039	1777
1540	4596
1514	3561
275	1016
1442	3755
149	2207
3561	4111
1373	2956
75	663
4813	5160
4124	4589
191	1189
794	5031
3668	3744
3907	4158
363	2509
2970	5177
1598	4178
2688	3472
1946	2711
1331	4967
2056	2452
2420	5241
1447	1789
96	135
1016	3459
1056	4909
2069	2779
1602	2113
3059	5179
2236	2902
806	2890
1038	4553
274	2715
960	3670
2128	3505
2162	2892
423	2358
3651	3953
1533	1555
263	471
663	1256
2393	5177
2653	3128
686	3509
1656	4622
1307	4656
156	3184
156	4940
120	1486
2158	2196
3439	3561
3225	4813
120	3584
798	5179
2969	3059
3439	4282
982	5160
2207	2989
354	1785
2983	4879
386	1574
4186	4372
3254	4210
646	4589
2318	3071
1307	3818
1302	4627
118	2738
1133	2821
3049	4582
1295	3177
2395	4141
1775	3425
1038	1766
1555	4462
1730	4232
3630	3914
3049	5112
358	1532
2653	2982
3944	5008
695	2258
592	4859
2196	4864
129	741
2902	3699
2438	3439
870	3510
170	2510
1020	4608
2217	2315
1447	4967
127	2537
599	5184
558	4154
1171	2505
1785	3331
265	3644
2486	4929
211	2158
639	3174
1387	3995
1300	3331
2902	3221
3745	4873
2072	4813
3403	4244
1416	4608
4178	4985
1652	3723
188	1447
2419	3682
1574	3807
2510	2594
695	1766
897	4157
1107	1741
2910	3548
1261	2258
27	839
700	1107
1632	5215
2232	5060
2380	3444
621	1980
648	2287
354	4343
3466	5112
231	1038
2887	4723
4321	4681
3644	4186
2722	5133
2431	3651
3440	4783
2460	2991
92	2579
881	3483
794	2653
795	3926
3255	3336
4008	5184
646	4066
226	4909
27	1225
118	1380
136	468
120	4654
191	349
231	1889
96	2453
1029	4233
3735	5120
1870	2602
2340	3892
124	4436
235	1656
2357	4864
1555	3735
2010	4521
354	3888
42	3278
800	4141
361	1780
1137	4909
1347	2527
3233	3425
1901	2158
37	2318
2158	2706
231	3818
483	2270
1978	4922
3643	3937
276	3403
3403	3875
92	1780
2486	2887
2158	4339
700	1780
2698	2887
1739	5179
1153	3367
120	1663
1830	3644
1540	2991
3403	4343
1741	4110
1370	3594
96	2258
1133	1533
4130	4611
168	4178
348	2804
2887	4558
2887	3988
2389	4186
1859	3153
4186	4616
118	348
1786	4572
881	4343
1766	3744
2279	4081
67	2365
1040	3815
992	1538
120	621
1555	2821
1350	4233
1555	3446
120	2648
406	4962
417	659
4106	4553
231	310
1307	4224
4796	5179
857	4412
2519	4130
1555	5241
299	3637
253	1663
3505	4141
275	3459
918	1780
29	2991
274	4608
2778	3834
108	649
120	4982
1990	2653
3548	4993
663	4473
1889	3904
1349	4873
3644	4589
1533	1697
1331	1632
3529	4540
92	2287
1780	4031
2318	2970
3120	4772
167	4239
2653	3627
4066	4589
1555	5210
1808	4666
1338	4315
3042	3331
1533	3425
4186	4566
923	1133
422	1133
1104	4118
2970	5215
2887	3472
1010	1780
2158	5074
2207	4244
897	2863
354	444
75	2207
27	592
29	120
135	2258
1272	2322
3628	5215
686	1153
423	4911
2691	4191
160	1917
717	4784
2158	3937
1646	3700
74	4466
4553	4589
1153	3599
2393	2887
4031	4527
2982	3553
3264	4487
566	1179
1655	1985
1377	4393
4963	5018
2080	3771
1659	4864
802	3651
400	1532
1777	3472
133	2158
135	2639
2318	3177
889	1780
2289	5154
2258	4723
96	4130
1990	2632
1348	1646
798	3059
359	2369
4066	4681
909	5164
329	3599
1331	3467
336	3501
2653	3161
3174	4008
698	1034
1146	2653
3843	4351
354	1705
2915	3758
129	2515
1338	1493
5219	5251
639	1158
1555	1638
75	4734
716	2423
2515	4641
276	2654
1448	4349
2852	3892
885	3740
803	1555
1002	2289
423	2887
1814	4963
265	3776
549	2621
1097	2750
695	4658
2639	5179
2158	2875
135	516
305	1656
695	5179
802	2223
3572	3755
898	2665
1083	2846
2365	4372
581	1179
2258	3025
1789	3501
3278	3562
2217	4058
2653	4627
592	1656
43	5196
781	4482
1059	2588
761	1889
1189	3154
1331	2358
739	1284
118	2634
1458	1666
120	2416
1783	4148
1158	4608
726	3815
1179	4210
1188	2547
2369	2653
1273	4597
992	3910
120	4758
251	4217
1226	4232
92	4186
191	4527
870	1555
566	2887
274	1555
2026	4187
1968	3012
1639	1652
695	3736
516	1942
977	2653
2318	5187
235	3522
3613	3644
1574	1759
2318	3917
1493	2486
892	1290
95	4909
3850	5118
1680	4695
1447	3818
400	1009
2158	3309
2603	4244
466	2892
449	4930
766	3120
120	541
686	4608
639	4066
1524	5133
542	4930
1697	3553
1632	2321
147	2258
4178	4422
1948	2946
4	2486
3966	4547
213	1288
519	4427
881	2318
348	1697
120	1160
1244	2596
872	1339
231	313
1447	3862
335	3807
2706	3439
1225	1777
4276	5223
4178	5213
1153	2603
1479	1748
820	2158
4700	5215
3154	4962
316	3793
929	4178
218	3937
491	1555
739	2453
1155	3848
2991	4154
1315	3844
1155	3397
3644	4783
1656	2739
399	5160
1947	2825
844	5164
1104	2453
1133	2956
2887	4315
1636	2529
1455	2050
2653	5184
819	3468
4081	4217
803	1338
3254	4496
120	3237
274	339
4071	4178
2013	3807
1587	4157
1774	2420
4784	5116
739	4608
3425	3553
3088	4989
298	1922
918	1638
964	3475
1988	2393
1455	3755
50	597
2887	4734
2389	3733
1574	4864
3212	3344
693	909
1458	3976
3277	4909
3740	4911
2372	3644
120	4332
2570	2653
901	3644
362	2486
324	916
726	4864
2453	3154
120	820
274	4047
120	3324
2147	4217
1295	1462
1555	2562
3827	4778
2211	4872
2105	4970
4088	4787
4909	5149
209	2945
5063	5217
1741	4244
1878	2352
3038	3895
3240	4909
4031	4838
1602	4608
120	3795
3653	5184
3431	3643
2007	3017
2942	4540
2103	2258
2211	3986
2318	4878
271	4427
663	4224
1462	2158
3254	4026
1366	4099
2047	3834
703	2289
1785	4479
4178	4340
1273	5213
2486	4950
384	4141
2050	3240
717	5196
1179	4873
4414	4864
2646	3988
639	1632
400	3909
2322	3907
120	4864
1493	4031
741	2273
739	3237
1555	2170
4864	5188
2846	4597
1494	2318
2665	4776
2529	3477
1572	3403
2052	2318
251	4589
2330	2581
120	385
2198	4130
1056	3044
1721	3088
1447	3945
1455	2211
893	1705
156	5188
672	4784
2788	2946
1455	1476
858	2318
2719	4187
2633	4018
2052	5215
440	3505
4015	4582
348	4157
700	1447
120	4408
1104	3815
2486	5046
600	2956
461	3815
3435	4271
1555	4878
120	2064
739	3700
191	3572
3644	4845
2144	4558
918	2357
992	4031
2715	4537
2380	3062
4141	4219
1532	3909
469	2158
1774	5256
516	3675
1338	5154
559	2189
92	4236
3771	4950
739	2158
120	519
881	2774
191	2358
1447	2641
120	4063
3458	4141
2680	5042
1974	2520
1396	2486
96	2603
121	1555
3152	4864
120	5157
318	3643
1131	4276
235	2469
686	4031
1753	2633
884	4784
191	4154
3240	4412
120	516
29	4141
1533	2147
1638	4899
2258	4317
1814	2211
1946	5148
1574	4217
1197	5060
1331	4734
2318	3505
3001	5215
4415	4838
2887	4727
191	1896
960	1533
3846	4864
191	1486
1526	2207
881	3644
2318	4402
300	4513
1574	2486
3771	4178
1852	2738
4608	5210
3651	3719
2483	5154
1316	4148
3078	3565
231	3803
1307	3570
2223	2889
819	3439
1764	1786
1286	3575
230	3071
1133	2799
2570	3827
1901	4970
4024	4784
2158	5210
5116	5134
816	881
120	1677
2435	4511
1780	2653
582	3078
501	2654
1331	1900
3888	4537
2509	3649
2273	4891
92	4057
498	2438
253	1813
2641	3599
1586	4864
1348	2499
446	1338
27	202
1878	3481
2372	3352
3262	5241
329	1656
2653	3168
449	1133
335	2965
675	1990
3669	4402
819	3553
2318	2585
1106	1779
2158	2562
1900	2318
1010	1019
2069	3464
1555	4503
4649	5112
2910	4929
741	1947
1752	3475
1002	2641
45	700
2273	2416
271	739
2390	5094
2453	2486
659	1602
156	3483
1780	2211
700	2895
816	4864
2521	4189
1968	4372
2418	3834
642	4495
2352	2641
120	2306
274	2318
3267	4378
561	4547
2491	4148
994	2258
1377	2723
651	1753
985	2243
1741	2824
559	2486
231	660
3937	4483
120	2207
4082	4086
2211	4244
363	2991
3644	4772
3403	4521
276	2147
2875	4408
2438	3810
3261	3483
411	2641
794	881
1870	4796
1179	4412
120	2876
417	2970
836	4608
4282	4766
1881	2632
1555	3723
1316	2438
1447	1509
4677	5217
27	1777
167	1914
120	1463
3607	4608
2887	4540
142	3937
3062	4879
2547	3413
1348	5188
36	1070
192	2939
120	4351
348	686
1219	1901
92	4796
1233	5217
498	1455
555	4210
1186	3613
549	685
1974	4704
120	377
2157	5219
2219	4031
4412	5160
43	4689
1265	5042
156	4224
1968	2486
417	2318
2486	3739
1803	4244
1474	1555
120	2486
2582	5077
2258	4157
2113	2970
96	1779
994	4864
1107	1830
3150	4094
15	2808
703	1555
1995	2878
5175	5184
1361	4864
881	4331
96	2100
2315	3755
1777	3540
253	1821
2436	2778
1753	5008
464	1555
1158	4066
700	1270
1117	2863
3187	3723
1010	4468
2827	4553
3643	4195
319	1878
1741	4864
1952	4785
120	298
1983	4879
861	1321
120	3560
3926	4935
464	3017
639	3435
1533	4076
2915	4789
1531	2878
3670	4772
1317	4402
120	2142
4141	4598
120	3782
918	4178
1780	2486
1775	5217
1814	3754
2991	3125
741	4641
3988	5184
1451	1636
92	1753
1244	5154
1853	3815
1293	4813
1813	4540
582	2603
1574	5134
1785	2641
1708	4666
2413	4178
2661	4018
2887	2894
3229	5215
2258	3408
276	1948
964	5241
75	3153
1133	5063
1555	3565
144	3643
3261	3669
4608	4825
498	1555
2615	5215
1708	1753
1338	1555
2436	3038
415	5068
537	3500
274	1878
3801	4859
640	4961
461	2258
3776	4031
235	3120
1807	5145
1772	4178
251	2389
1270	4412
2006	4282
1572	4141
5217	5232
120	3510
4689	4744
2147	3138
3116	3262
417	3644
2128	2588
1374	4864
675	1666
1656	4219
120	977
3078	3553
1416	1555
483	4749
1429	4343
348	2416
1922	2026
2318	5074
2976	4608
4244	5134
700	4178
1985	5175
1995	2967
235	3509
4102	4378
1133	1913
537	4124
537	3565
2207	2380
564	3856
2536	4859
339	2902
96	2207
2157	2510
773	2889
353	4482
120	1484
3012	3834
1131	5188
1133	1968
498	4174
212	663
1549	5251
1010	4187
960	2258
2486	4909
2056	4407
1555	3205
1627	3810
2486	4124
4057	4909
960	2289
3243	4415
133	2318
37	251
3627	4864
1678	2524
4008	4058
1105	1268
1741	2050
572	4963
555	581
700	1458
717	4178
1532	4537
3637	4157
1741	2013
1109	4844
2052	2622
2311	5180
172	700
1137	1663
435	2223
766	982
948	2050
3341	4438
2070	4734
469	2318
1348	2113
2223	5077
120	1450
251	581
2615	3527
43	4981
3976	4627
1741	3644
1697	3864
1985	2520
2910	3626
274	3221
607	2654
1387	2529
831	1902
4627	4963
362	1070
1455	3012
2825	4178
2423	3153
1455	2279
3078	4970
359	916
1879	4608
1040	4428
2448	4076
274	2025
2864	3907
2069	2486
2123	5112
2358	4415
1666	1881
1455	4558
1133	3699
646	3644
75	316
1922	2258
659	767
209	3651
471	2991
1002	2887
1807	4547
4412	4909
2553	3403
1571	1766
481	565
3442	4178
348	4106
700	3776
599	2460
1390	2367
929	4157
911	924
2887	4583
3573	4466
686	816
2529	2887
2158	3245
2694	3275
1533	3807
120	2460
2318	5210
3055	4864
4186	5223
815	1803
305	1362
1555	4215
1900	2827
1555	5046
806	2817
1555	4106
3575	3622
2365	3644
4130	5215
1347	4739
642	3004
417	1555
96	3807
3257	3467
815	3331
1708	3549
274	5254
1171	1995
2013	5175
1753	3153
120	1148
2254	2358
1455	1484
3240	4496
1626	2653
348	836
4778	5247
120	3394
1868	2529
198	4864
1948	3754
4622	5227
3129	4193
2887	4106
120	4998
1463	3439
4207	4225
4464	4513
2258	3192
592	2956
537	1947
3459	5068
446	4189
2258	4263
97	366
235	1010
907	1295
3700	4727
319	3965
606	4487
1447	3439
449	2315
3044	5118
2268	2486
1295	4608
483	537
4186	4838
399	1349
1574	3942
2510	3622
120	4886
1058	4483
1295	3963
4042	4859
37	3500
2140	2258
1371	3471
924	1442
1038	4026
118	2182
3278	4148
3067	3344
142	4224
483	3565
120	4056
884	1284
144	1153
2670	4608
1349	3682
4082	5118
348	2519
884	1454
2842	3548
274	4396
4071	4141
194	3510
1946	5031
2633	3745
3637	4372
2540	4326
1458	2633
202	2596
839	4210
1016	4357
1417	3548
1708	4349
4511	4738
4141	4458
566	2633
766	1295
3643	3657
582	4981
120	494
3431	4662
3510	3891
120	652
1555	2738
276	1133
3573	3599
697	1870
2983	4052
120	4937
653	3466
191	5115
655	686
184	1697
1878	3116
3570	4547
2944	4950
120	2413
2070	2653
516	3477
948	4909
3413	5112
2486	2804
1663	4496
251	5215
120	5116
1133	3278
4186	5179
2499	4157
659	2970
4424	4859
100	2945
2315	4738
1748	3071
1333	1338
120	1366
803	5196
1752	3669
4419	4864
348	2863
1097	2017
639	4008
3740	4671
1945	2691
494	4784
1007	3509
44	377
2318	2562
3755	4058
935	1339
918	3545
777	1533
40	2887
294	1533
2486	3494
218	746
2883	4236
1428	2661
2157	3221
1889	3626
1780	5132
2270	4630
816	1555
720	1396
2540	3367
564	945
1373	3815
92	4008
479	4141
276	4141
479	4008
592	4141
1640	4864
599	1104
907	3472
3442	4963
716	4004
1741	4673
642	3682
3413	4263
276	1901
1708	4124
1417	4057
553	5196
2970	3440
120	4715
2358	2942
597	659
120	988
120	3668
492	1821
348	1212
1566	4864
425	3643
3744	5223
2694	5254
469	4772
1293	4608
3240	3918
1419	2207
3261	4558
2318	2521
2318	2706
1555	3963
1779	3472
4930	5232
537	5078
739	3758
2436	5132
1821	3267
433	2663
2486	4111
4930	5001
1531	1555
3988	4864
1133	2582
3486	4759
274	2680
1062	2273
31	4537
202	1777
1646	5177
1295	1780
2382	4081
12	1533
96	2892
1948	4677
1741	2779
2583	3331
1396	3561
777	4479
923	4088
96	4148
2902	4097
2486	4082
897	2499
17	4587
298	5069
686	2970
3012	3628
2653	5047
120	1372
960	3736
1387	4864
42	120
2653	5232
716	884
773	3577
362	2817
2486	4772
1455	2036
1653	2431
881	4031
659	2393
3553	5232
276	3740
1265	3627
476	1555
3468	3651
1938	4263
2978	4393
411	2211
2774	5069
1646	1780
582	2207
2567	3754
748	4719
566	2393
494	1491
37	1555
582	1870
251	1293
339	4097
2486	4372
3890	4864
1447	2108
2746	4178
3529	4873
2722	4466
945	3278
1454	3834
1574	3988
120	3855
96	3674
120	4215
2263	5042
1988	2633
319	5007
924	4243
191	2663
1133	3377
120	1716
2318	3491
294	2603
494	582
2750	3793
1293	2706
3233	3807
1813	2358
348	553
319	440
2663	4539
75	494
3505	3627
1349	2050
494	3553
262	2136
348	3001
2875	3643
941	2258
120	1847
559	1133
52	120
92	4378
2123	2163
120	1165
3818	4331
510	4141
1774	5253
1779	2582
29	2258
1455	2875
1555	4130
1509	4148
231	907
1056	2069
211	4473
476	2318
4936	5227
1300	2510
57	4349
1708	2330
1349	5026
2703	4178
773	3468
1656	2945
382	4178
3598	3758
3245	4608
440	1039
3755	4008
3425	4864
2902	3510
198	3240
1331	2946
693	2774
1431	5188
1974	2040
1808	4210
231	642
748	2158
3904	5215
466	2887
1158	3565
120	5241
45	4845
2887	4415
1584	4178
1768	4614
1533	4217
1119	1493
1531	2050
2767	4466
579	1576
2486	4271
120	792
3644	4952
4393	4634
1830	2767
1533	2219
1455	4796
3963	4864
2108	5196
1165	4217
449	3078
2875	4772
1656	2278
189	2864
1072	1779
3630	4496
561	571
112	1010
3072	4864
2542	5174
549	2278
576	1896
3125	4076
2254	4558
144	4864
2970	5188
893	2207
120	2792
1626	3755
2633	2653
44	1741
1447	1779
1635	1760
4483	4778
274	3843
213	319
2529	5244
4407	4495
1555	4185
2211	3278
686	1555
1038	4190
960	2486
1555	3215
2273	4157
1437	4879
2130	3040
1555	1947
3500	3644
2536	3413
2369	4864
1870	3856
328	581
3749	4408
3084	4784
1131	2529
4123	4558
3254	5160
3467	4349
2123	3627
537	2827
274	3598
1058	3803
2140	4811
1034	4070
2258	3217
120	4521
1390	5018
2607	3549
64	120
319	2715
2453	4332
1036	4225
993	1643
1455	3215
1555	4695
3637	5157
5047	5116
4558	4749
881	1455
120	564
3278	3887
1779	4101
600	4243
1555	3399
3366	4464
2854	4130
1901	3261
120	549
3261	5069
281	4789
2223	5219
2774	3177
2537	5237
1741	3914
1741	3668
354	2211
581	4952
1533	4784
2661	2823
972	2915
2691	4407
3174	4321
1697	3363
1212	5215
4109	4141
948	977
1574	2641
120	4288
1901	2836
4952	5118
1083	3071
3225	3413
3557	4783
2653	3856
1814	4044
639	3500
120	3153
2207	2540
1349	4656
2540	2970
1133	1666
3834	4784
1158	1632
914	5142
1942	3815
581	4656
1646	4106
3529	4558
2459	2883
319	511
576	3793
319	3262
3637	4864
839	5069
92	2887
147	5154
2965	3845
2318	4589
3976	4141
1807	2940
45	1643
36	2486
4558	4723
3644	4318
43	1803
274	1059
1447	3045
3008	4879
1021	3548
213	2088
3315	3644
1859	3807
1307	4785
2318	5125
982	4026
1083	2088
1401	1555
2956	4207
120	4622
348	4243
2008	3999
469	1447
1773	1978
716	4473
2025	2273
2529	2866
1331	1455
2158	4980
274	4247
2100	2889
3807	4332
2653	3078
42	3345
516	3366
2603	3442
235	2796
498	2486
540	604
3577	4999
700	3254
2158	2420
108	4940
4553	4681
2006	3527
881	4042
884	923
2847	3549
693	3419
739	1775
75	2289
675	1146
1016	2817
3055	4178
3009	3902
1056	3038
194	3598
461	884
120	5011
2258	4926
3565	4589
96	4081
213	478
52	1425
1708	3257
1555	2970
2352	3598
1739	1787
2892	4111
1360	4148
319	2263
1007	4191
471	2358
686	4677
133	3744
4148	4244
1555	4940
274	4482
1081	3895
147	4864
3043	4776
3606	4178
803	3561
858	1555
4864	4940
227	1455
144	2653
1730	4571
1076	1687
1494	2621
1131	2826
993	4719
1533	3644
1656	2899
1849	2258
726	2887
878	1360
1785	2024
274	1155
1272	3439
2632	2653
15	31
319	2594
2162	4235
3111	3548
1089	2978
1295	3553
3075	4178
118	2318
4047	5112
96	1636
3960	4546
1555	4641
1219	3653
1555	2457
1785	4582
1447	4781
1338	1655
1511	2579
305	4738
516	5188
4199	5160
1531	1808
2300	2989
1974	4217
1473	4873
1455	3500
120	441
1708	2663
1417	2258
1878	2263
1866	4210
2318	4864
1295	1555
3562	4864
120	3075
693	4483
319	1774
120	1942
120	2126
717	1983
1447	3120
1985	2158
1475	5060
3954	4141
144	281
844	2311
1716	3904
1555	3570
932	2258
1339	3904
1131	2863
500	1971
1424	4428
218	3594
3177	3225
3573	4961
2970	3025
2098	2365
2158	4813
4124	5175
713	1366
1646	2258
1367	2158
960	1626
1451	4558
2258	2339
127	209
129	3669
549	3195
335	2158
686	4571
3669	4608
3890	4879
4047	5195
2128	3627
1881	2358
748	4106
3341	4015
1007	2691
358	3510
92	5223
120	4247
1741	4412
3776	4909
1158	3174
2070	2358
96	235
4127	4378
2318	2788
95	2069
1473	2423
2729	3729
1555	3384
3001	4608
433	2940
803	3651
120	4851
231	2007
1793	2846
298	713
2372	4864
2524	5217
127	2050
2287	3548
1357	4378
659	2113
1447	3252
4178	5188
3509	4999
537	3792
2358	2939
1555	1900
2158	5187
1378	4031
4058	4738
2864	4859
3293	4199
1299	2739
120	2882
1013	2486
19	2157
3254	4412
1137	1741
1328	1555
1607	3598
735	4864
2413	4961
1097	1377
494	1678
761	1708
599	3815
3834	5175
235	1493
2113	5177
2789	3746
1653	5219
120	4340
1288	5256
878	2367
96	2330
3389	3783
964	4681
96	2064
2419	5217
1785	3888
2486	2890
3561	4911
3598	3843
607	4178
3505	3699
537	4339
1133	1447
3129	5102
4681	4772
921	5118
2486	4930
1533	1830
3067	3212
2357	4130
701	2318
3257	4349
923	2435
1034	1188
96	167
1350	2158
3505	4097
735	4141
1290	4224
1737	4616
1347	2100
4102	4186
1481	2050
2315	3078
1994	2524
1049	1679
329	2946
4178	4948
2241	4082
319	5256
67	3598
1509	2322
4141	4627
1679	2537
335	2434
703	2892
2217	4734
3577	3766
672	1708
3261	4864
135	4864
1511	4057
1775	2459
1555	3134
498	2273
1878	3510
1109	2258
120	853
155	231
100	663
1533	4766
57	4127
1602	2815
120	2809
1348	1687
274	1188
3739	4186
133	3643
2147	2768
5104	5253
3573	3654
975	4547
4553	4630
641	1785
519	3960
1779	2961
1721	5184
406	4704
566	1646
901	2653
406	3740
144	1049
897	1022
1828	2780
275	2416
3192	4864
18	1455
1016	1070
4008	4738
739	4224
663	3739
836	5215
1602	2158
2854	3807
555	1627
127	4608
773	819
4546	4962
2357	4332
2358	4444
553	4111
1449	3548
276	2603
1270	2318
2902	5251
3573	4864
209	4589
2273	4130
4681	4813
135	4963
45	1455
3510	4595
1566	2629
1708	4589
120	826
189	4582
2358	4236
2012	2418
1777	3116
4558	4796
648	2318
445	4911
3174	3565
3553	4031
1270	1655
1003	2258
37	1917
2318	3937
1018	4864
2128	2157
3549	3904
4384	4412
1447	3055
842	2540
3651	4243
1994	2123
2486	3001
1892	3016
2982	4558
2846	4537
3001	3700
881	5069
1785	4608
2315	4008
2540	4397
120	3103
689	2529
889	3909
893	4157
2603	2965
1780	2166
568	5094
1293	4935
1533	4744
192	1807
3848	4963
67	2158
1331	3257
26	2486
120	4551
3025	4859
735	2603
108	2510
118	2131
2989	4141
2486	3459
1543	1656
2085	5251
2769	5126
2088	4970
1155	1826
3078	4583
566	1946
1010	2812
2318	3669
172	4656
918	4106
235	1571
836	4076
319	621
4186	5046
1814	2207
1870	3599
4141	4158
1555	4546
1133	1775
2652	4178
761	4466
1499	2279
581	1475
646	3565
803	1900
2232	3622
1995	5196
2244	4950
1049	2603
1942	4909
52	3472
1349	2632
2012	3010
2827	3174
1349	1990
1687	3888
649	5133
268	1574
120	4145
881	3739
92	2108
2486	4349
120	3719
1447	4217
2956	2976
1484	3278
120	4419
510	4217
211	1555
2970	4723
253	4496
3660	4906
2827	4909
348	4315
3500	4772
960	3475
3446	3755
209	2615
1059	1549
2540	3331
2207	4343
1226	4571
1442	2887
1455	3995
1494	2158
348	4778
3613	4076
4052	4178
2667	2892
746	4666
3644	4681
579	1913
2887	3694
1655	3203
1705	2525
3062	4101
704	3059
1882	2889
4540	4813
549	2104
1650	2680
1667	2493
3153	4415
120	3715
235	4787
2698	4579
3045	4864
916	4186
2100	3651
5196	5244
354	2583
1331	3174
1447	2064
96	4132
399	1179
294	2258
1653	4178
1475	2542
423	1655
3049	3946
948	1663
1481	2358
433	1708
491	2318
1669	3815
2481	4778
1626	1971
4630	4849
2318	4127
274	1265
1424	4420
4558	5241
2207	2553
853	4681
599	2390
1133	4675
1070	2453
1741	2104
1447	2224
3644	4750
2292	2458
3042	4393
339	3843
57	5215
4178	4879
209	1493
1834	3557
3926	4666
3439	4915
1555	4789
1339	1708
4963	5195
2024	2357
1632	2435
1348	4608
2510	4326
1587	2499
803	5008
120	3630
498	3651
136	2410
1555	3078
3644	4558
3675	4656
1339	2072
1814	2603
2294	5060
1493	3408
36	3237
3755	3792
449	4864
1687	1777
525	3910
1447	3052
3040	4739
693	839
2358	3529
4343	4864
748	5125
349	4593
120	2512
1390	2158
253	1708
803	2318
1533	2486
43	120
3025	3278
2244	4235
3062	5223
3988	4681
17	2158
1974	3331
1417	2633
806	2486
3464	3483
3613	4930
2653	5215
209	3561
566	4026
1774	5241
4217	5078
298	3267
3653	5149
1555	4417
2887	4130
4330	5217
1533	2887
992	2275
156	3467
854	1656
1870	4999
777	1978
2653	4800
2774	4073
1568	2653
1376	3553
3637	3783
276	2653
31	2686
3331	4244
1447	2976
3834	4418
230	4723
1555	3510
2654	3856
719	839
3895	4936
1978	3049
1555	5212
4152	4864
2527	4178
802	2431
4942	5188
3290	3843
1062	4178
1555	1646
2158	2585
1978	4457
120	1114
2434	2965
1666	4952
120	5244
2942	4558
1779	4217
2006	2991
2273	4993
3150	4677
3352	4864
1821	3914
1983	2892
559	766
1777	5060
2158	2289
1579	4813
652	964
120	2241
3183	3439
4438	4821
3627	3719
2128	3116
4157	5215
2663	4952
2694	3627
1396	1555
592	3807
2827	3565
3810	4952
2458	2881
1779	3366
2258	3755
869	1437
2064	4879
700	4734
2925	3780
592	2887
120	386
1423	2653
2147	5060
1010	2519
2856	3630
717	1362
1965	3293
2887	5179
777	4785
227	881
1900	3174
1870	4110
4950	5223
172	4952
1131	4952
1196	1752
52	4174
1002	2158
253	399
1146	4952
1632	2903
120	878
5007	5251
1371	2719
249	3071
2258	3917
1730	5174
2940	4952
2318	4891
369	1659
2358	2382
693	1821
686	4243
305	2519
549	4521
2653	3022
659	1646
75	3643
1555	4418
2978	3879
120	382
642	1007
1425	5044
215	5175
2583	5134
1968	4681
40	2318
120	5031
1244	1807
2223	2510
1447	1948
1697	2982
1741	3926
3389	4864
1038	1270
3038	3237
2050	4496
3766	5010
2394	3553
1532	1773
494	831
923	1632
1576	5188
1555	4213
677	4178
29	2211
918	4849
213	274
1783	3644
2241	4864
415	3548
1783	4244
1007	1945
1884	4082
483	1632
235	3887
3529	4031
96	2394
1002	4677
641	4582
700	4199
1186	5179
3367	3599
120	3775
1021	1759
43	251
1197	1458
1347	2416
748	4178
1901	1942
1293	1627
1555	4513
663	1525
2208	4944
4412	4873
1555	4018
2499	2863
120	3261
827	4178
2887	4217
1376	4963
2653	2700
3042	5215
2418	4141
1555	3649
5008	5154
1002	5060
1532	2457
553	2632
1947	2653
4608	5177
3598	4727
717	1396
4178	4681
1366	3834
406	2428
803	1331
2157	3708
713	3261
3120	3792
377	960
1584	4963
28	565
1434	1484
686	2646
1268	1273
4178	4579
3	4906
265	3004
1387	3856
1555	2790
675	2632
1574	2768
820	1555
335	4466
3367	3654
2680	2902
156	1555
2279	3643
354	5134
1679	1705
1307	3043
253	4031
3297	3778
191	992
1038	5132
479	1331
120	2703
1307	3758
741	4569
68	1429
417	2158
1748	1944
2970	3510
294	3004
2050	3914
156	4026
3466	3895
2259	4487
353	1130
1555	2428
2158	3479
2076	2486
3755	5184
773	1225
1971	3071
369	4076
300	3643
2486	4178
620	1774
918	4930
133	1584
1814	2939
566	720
3233	4106
281	1186
1481	2486
597	3627
3082	4178
4864	4967
271	4778
2995	5254
1075	3644
120	3669
2887	3739
2653	4097
1155	1534
3279	4483
2291	4671
700	993
5042	5254
3527	4378
1189	1697
3907	4627
1659	5179
359	2294
1347	5219
1574	3907
2550	3548
3598	4914
118	633
1424	1555
1082	1338
1744	4466
697	1106
1555	2070
2780	4963
2113	4727
3177	3257
3770	4215
12	4102
700	1643
4191	4407
348	5046
2070	4963
1555	2202
1338	1424
3535	5031
338	1447
129	1947
3331	5134
1587	4864
2211	3848
1300	4864
3174	4124
1270	1366
2263	4097
27	3570
3012	4998
120	3521
2471	3510
423	4412
1146	2632
132	3257
354	716
1555	2722
2547	3078
3065	4111
964	3926
726	2158
1555	4094
2633	3421
741	3736
45	1965
1656	2303
3533	4932
2897	2976
1447	4864
174	3154
348	1632
914	4391
1390	2318
1813	4558
564	2211
1362	4111
2158	5154
235	2457
2318	3607
1131	3755
456	884
172	4210
1449	2542
2453	4656
1595	5227
3875	4141
2300	4466
878	3910
1448	4058
1475	1639
1636	3278
3572	4734
466	4408
2457	2529
1104	1669
582	4141
449	2653
2633	2925
4555	4838
118	2211
147	4141
92	4909
767	4495
4336	4656
1481	1821
4141	4967
2258	2418
1062	4427
2788	4864
2284	2661
1350	3439
3572	3653
3277	4378
298	3261
298	4851
2890	3778
198	1821
2147	4070
96	2799
3803	5099
768	2389
3675	4412
2438	2804
1057	1579
716	975
1555	3025
2894	3846
3510	3598
316	806
479	4734
1107	2219
553	3815
118	1748
274	5219
675	700
1868	2453
4	3792
2263	2846
2808	3888
329	2211
1870	2318
2128	4723
4058	4511
348	2358
1038	1974
1493	2318
2582	4141
1070	3815
533	1499
2007	2050
1878	2622
1785	4535
3644	4378
1759	3136
172	2956
142	860
2804	3700
251	2050
1455	3278
1753	4681
921	5160
921	1780
1133	2583
1107	1533
2318	2976
465	3792
1307	4789
2211	4970
2278	4864
316	1338
1852	2136
2486	2817
1669	4102
1295	3261
26	4511
897	5102
2887	3651
298	1348
2012	3613
4915	4948
579	4428
3944	4940
993	2358
2258	3553
3459	5157
853	4911
839	2646
718	2147
120	4017
806	3111
1780	3494
417	1348
3038	4597
75	766
3553	4630
1437	1476
3413	4864
274	2352
235	2486
3229	4608
600	982
2989	3403
700	4412
4864	4880
2217	3572
1265	3505
703	4608
1882	3540
3229	4909
4207	4321
1039	2510
1708	3904
3111	3810
274	3139
2009	3297
2419	4228
354	1116
2703	4963
1814	2382
1293	4543
1424	3834
2956	4081
2189	4981
358	2147
3694	5154
2072	3628
253	1741
686	4656
3883	4106
2579	3237
948	3240
2270	2827
1493	3644
553	4349
29	4734
1766	1969
659	1338
3628	3904
120	3723
127	1936
1493	2887
2633	3038
1656	4886
2236	3627
2219	2258
2743	3643
1338	2515
36	494
1293	4469
120	2603
319	1994
693	4391
781	3843
2486	4473
558	5043
3078	3834
2279	4547
494	1901
2486	4101
1814	4466
1555	5121
1783	2945
768	2769
1455	4700
4906	5104
100	4466
2158	3446
717	4980
2653	4123
4044	4141
2258	4627
924	2887
700	4873
3008	4805
2603	2989
2486	5132
3644	3792
3352	3815
1555	3594
1744	3222
808	2373
2000	4785
120	1901
2915	4859
2961	3630
1555	2658
2254	2991
348	739
1667	2750
1511	4952
89	1814
3548	3625
3740	4962
2856	4178
354	3132
1579	3439
2486	4066
1780	3078
3758	5120
1656	2364
3644	5125
1295	4727
4689	5227
781	4595
739	5018
96	276
3793	4483
1070	1834
4690	5102
537	4066
1109	1133
2654	4457
1995	2318
1656	4110
263	2663
1807	3548
120	3771
1270	2436
781	2157
2694	3505
115	4066
672	1946
120	4418
1978	5112
739	2727
2258	5215
2892	4930
1002	2318
579	2436
652	3846
4464	4993
820	2486
1555	2237
1781	2030
1978	4582
2826	3552
523	2259
3795	4004
298	881
3776	4961
641	1783
2393	2653
2632	4225
1036	2808
3055	3071
3421	3818
120	2527
1772	3815
1437	2453
2315	4058
1901	3331
120	2529
537	4849
619	2434
739	1307
1677	4244
456	4240
738	3561
120	3892
2579	3644
96	4787
213	847
1549	3221
1133	4141
541	3904
37	2827
739	2438
3016	4191
1574	2211
812	1807
1131	1133
96	1808
1985	3560
1062	1669
4656	4909
274	1093
3550	5069
184	881
92	3653
741	1338
620	5175
561	907
209	4608
1902	2774
848	2854
120	4963
3565	4608
328	4148
3275	4597
1555	5250
1538	4608
2767	5115
120	3690
149	4141
1650	2263
40	423
348	498
3203	4031
2052	2537
2158	2887
2358	4031
2727	2892
2268	3982
1043	1423
1786	4734
4656	4873
695	3960
816	2774
120	4572
274	1748
1901	2036
2653	2739
2511	4466
120	1667
3154	4784
3505	3843
2519	3177
422	4236
1574	2147
433	4952
3278	4930
1646	2393
525	3918
847	1493
1212	2158
2942	3264
2076	4466
289	1010
3001	4217
839	2457
1656	2243
144	686
74	2453
209	4106
4100	5175
3367	3982
2457	4469
389	2510
3744	4235
1969	3062
2012	3225
120	1627
4014	4234
4244	4706
1083	3627
2158	4546
1083	3505
2453	4993
120	748
1705	2521
3616	3918
1165	2542
720	5148
1062	2603
3233	4608
2258	3078
120	840
3598	4378
1574	2258
1811	2956
1555	2521
781	4579
276	2258
686	1295
700	3963
1847	4211
243	3598
2017	4333
901	2047
328	4963
348	994
3017	4315
29	2207
1375	3644
977	4141
761	2072
881	5046
4789	5179
120	604
1555	5160
1571	2198
806	1627
3459	5174
2263	3627
2069	4952
1978	3413
3548	4813
12	1830
648	1391
3016	4864
1007	1081
2582	3071
120	1724
2023	3250
226	530
4909	5118
120	1881
2530	3668
2579	4378
794	2158
485	1571
274	833
501	2945
3177	4608
3217	4864
2270	4124
831	1290
1983	2486
2380	4799
2887	4930
2453	2529
907	3553
1555	4825
4970	5148
3078	4999
409	2486
1290	2727
319	1265
156	1295
156	1349
597	2258
1486	4031
3644	4838
274	2561
2358	3072
2069	2436
2540	2946
2258	2688
2529	4024
1555	2706
274	3699
96	2910
2158	3491
120	183
3548	3904
18	2989
17	4569
359	1307
120	5175
149	4864
92	2486
3552	4276
4608	5243
3154	4263
120	2258
4178	4937
172	555
2158	3607
1295	2452
2069	5118
251	5160
1331	2315
226	3494
1022	3282
1244	5060
2826	3139
2579	4627
918	4937
18	2607
1034	3570
354	1533
28	1133
328	348
3856	4963
918	2076
1946	2311
1830	3529
1983	4082
599	3834
2827	3792
144	1197
644	2509
493	3780
697	2318
2653	4071
440	4014
2887	5154
3883	4864
2991	4999
741	4840
3466	5227
120	1550
4315	4859
748	2887
1900	4066
2663	4031
37	646
235	1786
2925	2989
149	2920
697	2306
75	549
1766	2258
982	1493
75	5018
1383	1442
4483	4796
1741	2823
75	1870
3644	3755
1892	4178
2369	3225
3644	4008
249	2004
174	1481
4082	4677
1349	4909
2158	2308
3229	4244
1663	1741
18	881
119	316
1295	5116
435	3138
2887	4402
115	3740
1272	4415
67	3843
42	2646
263	2567
2521	4825
559	3425
3630	4426
274	4317
1038	5184
120	3223
2817	5068
977	2258
423	4540
994	4958
1901	3644
3134	3439
494	907
3229	3651
3653	4734
348	1942
298	4186
1473	4276
1129	2817
4139	5056
348	3999
1262	3212
2887	4580
36	3815
3856	4706
3758	4789
929	2639
120	1630
213	2902
2854	4217
1479	4608
2279	3575
3458	4671
243	5077
2217	3644
335	1307
797	2275
274	389
129	2318
599	3136
319	3510
2258	3801
2381	3477
324	1555
1133	2768
948	1137
3128	3278
2158	4257
2006	2380
1968	2258
1331	3755
4058	4671
28	1697
1374	1555
3008	3548
3240	3914
1442	2104
1493	4608
1697	4240
363	1057
1458	2632
1708	2827
1532	4567
235	513
691	1447
2318	4106
2358	3382
472	3813
3078	3863
3134	5154
1010	2418
1021	3570
2827	4772
2641	3043
1988	2970
147	202
1348	2970
3725	5047
120	4517
803	3565
329	3367
298	3177
1007	3431
253	982
4412	5118
3174	4589
4207	5148
700	960
782	4428
191	4539
1447	1555
2418	3271
3501	4483
555	4412
619	3254
3345	4466
2542	4083
2603	4970
2064	2147
1083	2263
2504	4178
1680	4005
2525	4210
2486	4186
1646	1988
2318	3229
1454	4026
3153	4849
120	1480
972	1307
1697	1901
96	4547
686	1089
1104	3195
2562	4864
1020	1772
2481	3562
1293	1511
2486	3986
2887	3613
2887	4813
2486	3044
471	1766
2603	2778
2258	3120
120	830
120	1253
3834	4244
1947	3022
1018	4899
1708	4796
4608	4652
2158	3807
819	1347
2961	4600
2315	2847
660	3628
120	3776
1555	3937
4666	4719
3127	3561
45	2847
2289	3562
367	1555
129	1555
3771	4462
887	4993
2318	3780
226	3644
741	4972
1434	4980
700	3025
37	209
4546	4608
2945	3203
1043	1279
446	1705
1555	5177
2279	3744
4473	4864
1656	4604
2318	2738
1104	1969
2318	2821
89	1604
1878	3829
1375	1995
1555	2946
2157	3036
2892	3561
686	1868
491	3739
2261	4178
881	1219
2069	4378
581	2287
881	4784
112	4141
4864	5211
120	4097
739	4789
2887	2970
540	2230
2486	2779
581	1270
172	581
2653	4219
2050	4378
3138	3654
2436	4909
209	1900
1574	4600
553	5215
120	2376
3313	3708
2653	3045
4256	4632
621	3505
461	4689
1780	3529
1774	3505
659	2158
3261	5188
1602	4727
975	5175
1396	5148
2429	4102
1780	3755
2158	3594
3792	4589
2244	5102
582	4317
581	1349
1555	4813
2654	4472
362	3459
3644	4634
1555	3309
686	693
253	1481
3643	4879
3553	4613
3553	4784
827	5256
120	4567
2416	3550
960	2887
1447	3366
2603	3128
2582	3907
1780	3345
2529	4315
720	5181
2211	4141
693	5069
1783	3278
893	2025
537	4630
155	1889
1785	3548
1911	4178
881	2989
2434	2510
3439	3548
363	881
1473	4558
1396	4178
463	2147
1646	4224
2101	2306
3644	4235
4124	4456
907	2357
2989	3887
4378	4415
1627	4656
348	3040
2418	2653
19	213
2273	5187
1013	1779
3004	4961
2381	4332
1947	3123
358	3598
120	1016
3425	3883
2540	3644
2428	4558
1936	4608
516	1347
2318	4546
2136	4759
399	1632
2579	4952
449	5069
96	3403
68	3475
120	2036
1574	2064
2486	2892
120	2357
2263	5251
3278	3483
192	3550
218	619
960	1995
354	641
96	3138
2892	5215
191	4960
1020	1646
5154	5188
147	2653
348	2076
1766	2956
2663	5215
40	964
1646	2827
2956	4243
1455	4331
811	2706
3990	5195
362	4415
2158	5046
2486	2753
231	1293
1752	4083
52	773
1968	4106
354	2889
1331	2615
1555	4224
4789	5120
857	5118
399	581
592	2211
2279	4735
3044	4587
2486	3670
816	3509
1265	3510
29	3834
2967	3856
2829	4186
1039	1273
1062	2486
4666	4948
1032	1348
853	1299
3535	4558
1331	5125
1212	1555
235	3045
115	803
2570	4315
43	3494
803	2615
806	2453
4012	4436
842	3367
2473	3032
1429	5154
1293	2196
581	4412
2603	3261
127	1555
1533	4057
3907	4961
2768	3442
739	3477
1721	2629
1780	2358
2158	4652
1265	4579
1988	3630
1083	2306
28	3229
881	4240
640	4656
1377	2017
1759	2147
1133	5134
2053	3362
809	3644
1555	4066
319	4047
1821	3553
815	2536
118	2052
348	4813
1942	1995
911	5184
231	1102
2653	3012
115	1133
2158	2231
564	5188
2521	2648
135	964
1821	4031
1133	4681
4859	4990
713	4148
1396	1946
3078	4963
2537	3229
456	2937
5060	5174
348	2976
3810	4210
1775	3807
1741	4210
1555	3038
1602	3754
120	2536
600	1555
2243	2258
1772	3509
2629	5118
1901	3739
2413	5031
881	4314
1708	3755
519	5215
1947	4641
1555	1901
543	4818
274	5253
695	4834
3501	3754
235	3988
2961	4066
2211	3856
96	5060
2158	4796
119	120
1387	2582
2842	3067
663	817
27	3651
3037	3644
1913	4675
3644	5179
1555	2540
2158	5243
1813	2887
2010	2419
1367	3572
641	3049
2969	5179
1817	2258
3022	4641
498	1995
265	2887
1708	4553
276	2211
659	4727
2382	3078
1338	1947
1532	5060
1610	5174
2006	4796
2887	4784
1400	3907
172	4873
2633	3657
2827	4276
2158	2318
36	4859
686	2550
1846	4704
1579	2616
4608	5046
960	1555
516	1574
1095	2318
2486	3653
1780	4141
209	639
120	3523
362	1016
433	4412
1555	4349
773	4587
2641	4257
1697	3078
3425	3807
120	4811
537	2289
44	67
1447	1533
1447	4406
700	3914
1225	1447
2856	3143
92	191
657	4780
1555	3926
1021	4088
4086	4187
4930	5126
2007	3025
191	2579
4558	4813
3127	3243
2505	4326
1076	4582
4008	4734
1632	4066
127	1022
3745	4543
1545	2967
3818	4785
1016	2887
2243	2653
1447	1990
100	4706
3744	4558
120	3727
1449	2653
335	2641
948	4496
1270	4952
2486	2661
1663	4909
2254	4141
276	2529
2700	2945
1493	4073
1094	3012
172	399
803	4058
3009	3557
3598	3700
1636	4412
4026	4864
120	4006
541	5215
1775	2453
1555	2308
191	3203
2381	4130
633	1764
957	4178
2105	2632
4458	5017
717	1555
399	4210
1705	4962
18	2887
1455	4236
4257	5060
4023	4141
1538	1555
120	3314
120	2762
120	2827
599	2864
3143	4543
433	1741
2653	4567
75	4704
2767	3382
1197	1846
2258	4967
3333	5108
51	120
686	2505
901	2418
581	1627
2147	3366
2486	4999
2358	4813
686	1049
2123	5077
1116	2318
869	1455
1746	4666
4143	4178
2244	3644
2436	4796
1721	4864
2070	2211
566	3561
1679	3548
96	3277
1533	3553
549	4224
120	2982
918	992
693	1058
3818	4689
2258	2982
1929	4210
2767	4102
2994	3139
3613	4608
1331	2486
2358	3755
133	1764
498	2897
1131	1331
907	2318
2393	3907
120	2206
1741	1848
819	3540
3675	4558
1448	1708
3643	5010
276	1574
2983	3745
2050	2899
1331	1448
686	700
2070	4466
1133	2064
1070	2750
1566	3088
1447	3309
597	737
433	1479
700	4026
120	2779
700	2632
274	2157
2258	2602
1579	2158
3598	4649
2158	5241
3028	3599
3237	4627
541	761
1774	1878
649	4572
3572	4967
92	2358
1632	3565
2263	3481
1186	2633
1900	4124
1878	3627
2047	4859
127	2393
1104	2458
1533	2273
1146	1990
1555	3040
766	2788
621	2157
3297	3740
659	5177
1307	3553
870	5007
149	2211
3644	4315
2147	4081
907	2381
3879	4333
2211	5116
3464	4899
1741	2579
1104	1451
819	2416
211	2380
289	3249
120	1434
120	4042
1741	3254
992	4193
2695	5187
3860	3861
251	1555
820	2318
3575	4537
118	1254
3675	4952
2050	4210
147	1668
3113	4393
96	1759
2358	3863
100	2258
2352	2639
1347	3040
2486	2663
120	3009
1870	2211
3502	3755
2416	4402
1947	2158
433	857
1669	3352
4339	4608
2070	2603
483	4124
231	3025
748	2420
1116	2158
1070	4428
581	3810
251	4469
1083	1650
2431	3540
1149	2547
2211	4023
1400	4864
92	4418
4402	5217
1390	3637
1377	4558
969	4511
1133	1766
37	1632
612	1892
406	1999
4178	4293
1965	4845
96	1034
92	2394
1602	2318
803	4066
229	4963
406	1463
1780	4378
1555	2419
695	5122
1295	1697
2633	3988
2318	3215
299	1914
2207	5116
2653	3483
881	1338
328	4930
4141	5254
471	2509
2381	2529
2881	4428
716	5018
319	3654
1656	2570
1133	1574
4608	4727
120	606
836	1555
2653	3988
1102	1555
599	4553
964	3637
964	1995
2158	2915
1129	3459
2072	3904
2582	4864
3803	4583
1774	2902
235	4558
982	4483
3627	5254
120	4406
948	3918
3245	4864
2453	2887
2639	4796
1517	2486
1803	3331
120	1217
1632	1900
1786	2278
2275	2976
1284	4735
3815	4428
4677	4813
777	3116
1708	1716
2113	2515
761	1716
4148	4513
1131	4950
2223	3651
2241	4109
2665	4566
1779	2808
3694	5175
2956	3477
2050	4909
1509	3630
1985	2318
870	3644
1965	4199
941	4864
2653	3873
2466	3363
1265	4257
909	2315
599	2486
2069	5125
537	1963
2318	3963
3570	3758
2653	3055
319	4097
3559	3988
2824	4963
192	5154
112	766
1743	1773
191	3078
2915	3570
1555	3421
3500	4124
1555	4930
2292	4118
957	3557
37	2486
1316	4962
406	1555
1348	2582
948	1270
993	4199
319	758
354	4436
2358	4123
2540	3510
2653	3782
115	3565
1089	4393
294	4864
653	3618
1705	4930
336	2945
561	2318
1889	3002
279	1555
2746	4141
4217	4787
1219	4558
1627	4952
3235	4864
1338	1996
1307	3215
2045	4785
200	3631
328	1779
465	1133
120	4109
42	1708
461	3834
716	2486
1272	3976
281	3892
1803	5134
1705	2863
433	2486
2582	2653
3736	4972
120	4224
1741	2790
663	3637
235	960
226	2486
120	861
96	4963
129	4641
92	1821
1632	4608
2452	3803
120	4976
231	4141
115	2529
858	2158
37	3552
659	1687
42	4178
120	2594
2436	3044
1072	5126
120	2888
4851	5069
2053	3637
3297	3926
1473	1780
1796	3510
957	4428
4141	5116
2547	3909
110	1944
719	4827
2416	5223
1610	1793
2486	3699
3625	4178
1225	4723
604	1347
2232	2653
92	5132
124	1093
2294	2665
120	135
2113	4608
494	1721
1779	2887
231	3561
1179	3254
3084	3700
3603	4942
2486	3038
2486	4825
120	4015
1995	3807
2339	2946
1479	3892
1049	5239
1814	4859
2887	4613
1555	4608
525	4873
3643	4738
1786	2864
4930	5196
1089	1097
4577	4864
294	2448
1059	2263
120	1969
192	1708
253	4909
2278	3828
881	3001
1985	2211
120	4583
812	3548
1555	4796
960	3565
1454	1870
836	2318
1555	5112
1741	2780
1117	4224
3040	5215
2110	4864
3275	3888
1942	2653
2052	4076
2663	4193
40	3616
3510	4012
2887	3001
1749	2653
2318	4419
27	4596
120	1653
144	2783
466	4589
3174	4066
75	599
209	4738
2804	5215
2097	2258
599	1589
3267	3509
549	1721
40	2653
1070	4415
703	4744
1373	1901
1179	1741
2529	3553
686	3643
3694	5008
2459	3644
12	2279
354	4026
281	4378
120	5217
209	4024
1980	5256
1555	3807
2653	3447
120	582
310	1555
773	3719
369	1697
1347	3540
1632	2486
348	4700
525	3675
4899	5188
27	2961
960	1766
3803	4332
319	4332
869	5056
2621	2877
1780	4909
3250	5196
1454	1493
697	2373
305	3755
433	1270
2991	4012
2542	3548
1555	4100
621	1288
1462	4321
1475	2641
4178	4958
498	2158
2047	4864
66	120
3477	4332
176	1447
5154	5196
1023	2147
2108	2603
1082	1868
1555	4076
839	4483
639	4589
853	2970
1253	4148
558	1290
120	3774
319	1155
4101	5223
3699	4723
2956	4536
1753	3017
748	2540
3439	4239
1295	1338
1952	3729
1646	2887
2358	2826
929	5179
120	4859
1370	2308
4304	5179
4076	4427
3139	3505
253	1646
120	716
1302	4952
191	3644
1348	4402
120	2073
1753	5223
1076	2211
892	3988
96	445
305	5215
1347	3468
348	1493
2588	4723
481	749
92	592
2318	4099
1339	2287
766	2188
2615	4349
1555	3161
700	5043
716	3154
2318	4825
2603	4012
1493	3001
641	3888
3254	4952
317	1656
651	2380
1533	2519
2211	3729
211	1968
831	2144
1878	3138
120	2040
358	1785
982	1870
498	2318
1493	5184
92	4950
1133	3792
663	1942
4141	4960
338	3548
2365	3598
2223	2431
4141	4331
3644	4950
4070	4141
1447	3675
3065	4880
914	4593
2915	4918
2024	5133
2718	5175
2380	3628
4704	5018
1509	5133
2418	4758
213	2236
359	5120
820	4178
2774	4483
209	3644
326	1853
339	1083
1295	1479
2047	2653
501	1447
4438	4930
982	2050
319	2840
4097	4141
3078	5188
1632	4772
794	1555
399	700
659	4608
4671	5217
2457	4081
2231	4408
1338	2393
2790	4970
558	3254
184	794
120	2833
1632	4124
324	777
4178	4870
192	3184
2318	4681
4178	4776
251	4864
31	1462
1555	3783
1971	2006
348	5108
561	1093
3440	3699
2510	4780
218	3845
3553	4070
120	4333
549	1952
924	1217
120	4512
1653	5077
120	827
1716	3549
359	3043
3177	3643
1656	4071
872	1834
581	4210
823	2653
1714	4981
2854	3477
2646	5069
294	2453
324	815
717	2892
319	5219
3025	5133
1773	4922
2915	3643
592	2258
1307	1859
1978	2232
1708	2639
559	3161
2258	4473
3467	3644
3572	3644
274	2128
96	1787
2540	4723
218	335
120	4631
993	3548
120	1953
96	4781
2887	4208
298	1663
1555	2804
366	4539
2318	4666
226	2827
2069	2224
1481	3038
191	2486
415	2416
4496	4909
1377	2978
881	4263
646	4738
559	3618
2804	3442
40	1555
2393	3700
4577	4939
1531	4608
1254	3440
96	2147
493	888
4909	4961
339	1878
92	2767
553	1396
213	2680
1947	2318
2449	4987
37	3174
2263	3505
2866	4864
3505	5253
120	3883
1807	5159
1481	4778
700	1655
1105	3548
92	3277
120	2753
5046	5215
1338	2318
731	1010
120	3195
1425	1532
2887	3654
2196	4899
4178	4653
191	4627
1679	2458
4127	4778
1753	4276
319	1083
842	1153
120	2796
1974	4864
4124	4873
1708	3572
1313	1348
2393	4864
686	1082
881	1119
2416	3557
4415	4553
3331	4930
773	2527
36	275
1555	1995
213	3627
3442	4906
2147	3883
839	3890
600	4332
549	800
4899	4915
2207	3195
191	716
600	1022
1473	1896
120	174
2486	5118
4469	4813
466	3408
2147	5232
761	1339
3078	4864
1083	5112
2991	4991
1131	3917
2289	4018
274	3071
1293	4418
3669	4641
878	5217
1158	2318
4031	5132
1493	5046
4980	5179
191	1655
52	2889
120	4282
1938	4141
2223	3627
1773	3049
2076	5215
2653	3399
3505	3654
2318	4789
1129	3630
2654	5188
80	2420
1083	1980
1533	2579
1021	2603
31	354
1151	3458
1814	2779
483	1189
120	2699
2258	2949
2287	3174
1901	4408
3810	4412
1653	4864
120	857
209	3565
2258	4567
144	1133
2947	3570
1531	2648
498	5215
576	2520
766	2915
120	1145
253	2887
120	3366
651	1889
1014	5148
1179	1627
642	3059
45	176
120	929
2525	4157
2970	4553
1766	3960
45	2258
120	2892
36	2453
2306	3505
1533	5232
1656	1836
1493	2158
992	3429
262	4759
120	2940
830	2110
120	4071
313	660
276	3561
1479	4772
4186	5115
2157	2902
440	3952
1210	4178
1450	3344
494	2553
1743	4864
2416	5188
1705	5094
172	3810
4864	4879
2261	3755
2069	3494
1900	4106
559	1938
881	4658
1531	4200
600	3553
2158	2804
2823	3570
858	4141
120	2810
1293	2318
1362	4276
847	881
1811	3127
2050	2207
2616	4462
2653	2877
265	4969
348	2897
112	1741
2767	4420
3644	5132
2842	3815
4813	4838
1859	3818
1708	4106
781	3510
2481	3803
3131	4491
1531	3700
37	2615
4263	4582
2211	2883
1878	2902
1338	3963
120	3988
433	4539
2877	4547
120	4293
833	1878
3	3363
3817	4014
2887	4111
2537	4528
2050	3044
3780	4608
1656	2418
1741	2799
1197	3807
120	884
2665	3555
2270	4772
3803	3818
2278	4704
67	2352
4023	4466
466	1753
218	2965
830	2358
124	1094
1447	3522
819	1942
756	4141
2633	5244
2128	5251
1429	3846
1602	3963
235	1780
1447	3873
2158	4066
1514	3815
53	982
1783	2686
1555	4864
2486	2847
3786	4127
720	4026
2104	2902
120	1269
1892	4191
2653	2945
2153	4533
76	2128
1656	3078
672	4178
1901	4102
3435	3565
1942	2603
1179	1349
3740	4139
561	3553
329	686
1348	2654
1079	2727
2827	4589
2318	4608
2418	3644
118	2158
2991	5241
1555	4935
2097	2653
3271	3548
92	2827
2727	5250
713	1431
893	2653
1543	2653
338	2899
1133	3559
1133	4217
1526	2050
115	2158
3237	4057
359	4776
209	4420
795	1555
1070	3459
2515	5133
1555	2365
2982	4540
1219	2322
74	982
1377	2892
4066	4608
3807	4315
531	3552
537	2270
2339	4864
1766	1913
120	749
803	3174
1493	4186
191	211
1165	1773
748	960
18	75
359	2665
960	4186
295	4597
1900	2486
3255	4031
2006	2429
2453	4428
3154	4704
2633	4483
354	884
3177	4076
3644	4349
1338	1348
795	4706
1555	3613
3755	4738
2211	2989
1555	3607
483	3644
2258	3846
1302	1417
555	3254
2207	4174
1555	5120
3439	4588
4473	4962
498	1741
264	4864
92	1968
3557	3937
120	1380
1626	4864
1137	4838
1133	4417
2318	5046
279	4899
3668	3688
3257	3527
17	2529
1133	5164
2381	3807
348	1331
2318	3243
2358	4873
1493	2989
652	3616
2991	4023
2486	4315
973	3362
4930	5164
96	120
423	4558
1781	4332
120	3865
456	4056
1517	2983
2318	4417
3278	4593
96	3123
96	1807
1774	3510
3815	5157
339	2128
651	1808
678	3442
3553	5223
2147	2940
2887	4257
3065	4860
362	4735
3864	4462
2315	2615
988	2633
3491	4608
2653	3846
1270	1349
28	4101
399	4952
339	3627
703	1705
2207	3553
739	2804
2088	4097
12	2493
1458	4704
2081	3278
31	815
3059	3644
1357	4813
1708	3653
4417	4608
120	3746
1158	2486
1679	3846
1555	4339
571	2211
994	2653
15	4537
2394	4677
803	1293
1785	5232
356	2368
1167	3439
3862	4864
2052	2273
964	1431
2486	3059
1493	1555
3413	3926
374	4141
1155	3622
675	2258
97	433
2887	4189
901	1484
92	4124
115	4589
1317	1368
425	3792
2123	4723
1418	4436
209	3755
819	1555
120	1793
2897	3644
3174	4738
3976	4963
2258	4582
1075	4393
4073	4558
1075	4634
2358	3653
3687	4141
599	2881
494	5232
120	4978
12	298
1995	2158
96	3942
749	1744
319	2694
1265	2902
1007	4407
96	2505
3439	4491
854	1514
127	4864
4608	4796
4558	4734
2318	3783
1013	4864
2653	2949
1780	4558
4178	5157
3744	4178
1133	4083
4058	4700
3038	5118
1455	4787
566	1014
449	881
1555	5179
802	2889
670	4178
1451	2881
3255	4627
15	1455
417	4608
600	2158
2158	2970
686	3028
275	1870
209	2827
540	3313
993	4066
2258	4990
2887	4772
1347	1942
212	1555
1348	2393
3262	4257
1081	4784
1493	4343
2970	5120
2394	4257
2244	4838
3439	3509
4110	4408
566	1396
1602	4909
1678	2123
1020	4784
281	3917
319	1059
565	2661
406	700
354	1210
888	3771
2970	3952
2524	3627
1387	3352
120	2576
3792	4849
1780	3044
359	1273
209	2158
1447	4472
289	4838
2318	4652
92	559
1010	1455
3968	4473
2237	4899
328	5215
1473	4813
2663	5132
37	1158
1985	5009
3439	3937
2486	3792
1447	2505
2158	3780
992	1429
276	5217
2956	3740
1669	2940
1999	4704
3643	3917
120	1479
494	1133
2318	5120
358	1574
2017	2843
209	1632
44	2486
3851	3988
3278	4415
1545	4864
1140	4909
1511	2486
2428	4243
2537	4195
1181	2542
819	2527
639	646
120	1678
1473	5118
1830	4102
120	5247
2189	3740
1481	1813
2308	3594
3982	4624
274	2524
4141	4244
1349	3254
354	1961
4864	4961
964	3846
3843	4288
816	4015
1555	2976
1347	1814
4141	4195
120	959
2170	3843
1947	2416
2596	5154
2540	4438
115	1555
40	2486
120	3550
2128	2680
3914	4496
929	4796
120	540
1566	5034
1743	1785
1307	2915
646	1158
1158	1555
1925	2258
4024	4127
209	4066
1022	3651
3439	3740
2207	4071
275	4415
802	2100
1666	2632
213	3990
1104	4999
1589	2258
2258	4553
1455	4738
693	2368
773	1942
1555	3669
75	739
1836	2653
61	120
3042	3644
274	2158
1574	4540
2550	3501
445	2147
120	698
1009	1149
1270	5118
881	1636
555	1349
2970	3963
1944	2030
641	4597
3644	5008
133	5250
17	251
1295	2457
2258	4158
1555	3999
2486	4681
1913	1971
3529	4378
120	5099
5133	5250
1656	2653
4681	5188
235	994
4785	5082
4772	5011
2970	3669
3792	4630
1009	3909
1265	3843
640	4909
3500	4553
847	2113
92	2069
1273	4999
719	1290
3594	4608
4207	4572
2189	3960
2258	5008
2158	3669
3675	5148
3651	5077
1913	3960
4723	4783
120	3960
1766	4199
4124	4849
2211	4214
2707	4178
4391	4483
1293	2158
693	3793
2876	3637
1942	3739
1830	4378
516	5215
483	4589
120	4134
305	1900
1574	2040
700	1990
815	1574
1543	2258
918	3994
37	1741
4673	4936
2510	2641
494	2056
4031	4558
2976	3613
3627	4097
209	2315
1988	4402
1179	3810
2895	4412
213	3505
440	2902
1036	4321
417	4838
1512	2273
1627	5132
3598	3723
319	2211
2273	5102
2887	3229
319	3440
120	1965
1922	4178
479	1708
766	2418
264	4558
374	1772
1663	3914
2258	4070
773	1882
1990	5215
659	4469
1295	4923
2212	4088
2201	5250
3871	4141
2486	2579
1133	2113
2158	3570
4031	5115
115	3435
1107	2767
1443	2842
120	4596
992	2393
3733	4469
120	3873
641	3413
96	3654
2211	3967
1555	4558
3572	4031
1630	4178
1295	4641
3113	4634
2258	3982
2318	3038
2219	2767
170	4466
2603	5184
4157	4647
1900	3565
3918	4412
4981	5227
2231	4141
720	3675
559	2461
298	4102
1462	1555
481	4123
639	2486
773	3651
541	3628
2236	3505
1307	3439
120	2096
1705	4528
449	3243
1656	3887
2318	2897
693	2686
2537	3827
1468	4864
693	713
982	5179
1416	2318
2012	2318
960	1705
1892	2691
45	993
120	4787
2739	4859
4935	4980
582	4466
281	1996
1602	5177
1307	5120
2158	3001
781	870
1533	4952
3548	4805
4178	4811
2258	3309
525	4412
348	1814
231	2789
120	1151
1882	3651
1425	3025
120	3654
275	362
960	1677
274	1083
2204	2486
1104	1531
597	3907
1442	2318
4148	4805
2211	4012
2358	3644
1602	4553
471	831
354	1437
1830	3267
3727	4909
1448	4734
2358	4058
468	2410
4864	5175
1814	5179
839	3261
1807	3292
2486	2706
1133	1376
1455	3653
2258	2700
2188	2947
120	5243
2826	5223
1153	1868
541	1708
911	1759
4825	5043
697	5179
120	2607
1070	2817
2461	3548
2633	3134
92	1194
2211	3875
4224	4428
2843	4393
954	4690
172	1179
299	1814
119	1070
2515	4402
1942	4864
553	3561
2389	4469
456	3129
316	2661
4799	4987
717	1753
1663	3240
3254	4656
510	4864
3440	4009
2967	4418
4891	5154
2158	3649
4235	5102
2258	2718
777	2542
1158	4589
995	4178
537	1900
2653	3801
831	861
1370	1878
120	2110
74	766
3439	5174
713	982
1455	2052
881	1656
4178	4273
319	3708
3888	4597
1579	2318
1531	3988
748	2318
1331	4008
4547	4764
274	657
174	1947
1133	5155
2827	4849
651	3626
324	2653
1158	1900
1179	4656
3755	4734
1338	3022
1169	1996
118	3171
18	1814
3345	4563
1780	2603
356	3754
191	4378
120	607
897	3282
994	1133
2393	4727
2300	2653
354	4597
4070	4930
120	3429
31	1952
1602	1947
948	3914
800	2654
120	4386
698	2275
3052	4864
907	1555
599	1697
1879	4613
305	4008
3572	4058
2300	4864
3477	3740
96	463
92	2520
660	1889
2654	2877
2804	4123
319	2616
2104	2358
700	1813
43	4111
639	3257
1509	3439
1447	3261
1029	2147
1057	1377
4460	4963
2969	4304
3038	3494
120	1056
4042	4178
1494	2364
1889	3444
4082	4224
907	1533
319	497
1783	4567
2665	4479
3278	4558
1956	3630
2393	4608
298	3890
36	4415
226	348
4178	4843
1348	3344
693	1333
3116	5060
3243	4608
120	2778
209	4321
191	2219
2521	2887
960	3700
1010	3907
445	853
1785	4597
3153	3562
1317	4428
3016	4407
607	766
3509	3643
2863	4157
1555	3077
2910	3907
2567	2646
27	1002
4124	4772
2047	2258
120	3628
642	1057
2258	4577
2070	2258
960	4930
2318	5241
516	819
2088	2128
741	1766
3659	4141
4083	4428
579	5148
2158	4417
433	3644
2486	3755
1814	5059
1971	3043
43	1437
1666	4031
559	5102
2481	3628
1265	5049
1814	3111
120	3540
839	2774
2318	3649
191	844
1574	5167
597	4558
1884	1947
564	4458
3815	4224
620	2486
231	717
299	4239
3653	4967
511	5042
1538	3755
1974	2808
96	4977
2278	3471
3435	4066
2653	2881
2799	4178
4412	4952
3982	4864
120	4396
559	3439
2452	3215
781	1774
120	957
1988	2887
43	884
3494	4909
3674	4582
2509	3483
2567	2887
4083	5245
3120	4378
1753	5175
92	4738
1780	2258
205	839
52	819
2779	4864
816	1493
12	96
1741	4496
700	1555
1447	1743
1442	2902
1151	1938
639	748
120	4455
305	4058
120	1814
4141	4317
275	1969
2486	2750
498	3561
3843	4579
265	4961
2582	3834
445	1574
142	1555
120	3682
1082	2064
62	120
2945	4864
36	559
231	553
693	1316
2289	2435
5056	5232
3222	5118
511	1155
1423	2211
924	4428
40	3331
541	1339
1806	4178
3267	4102
3345	3918
1995	2897
1900	4589
761	872
2486	3565
2207	4598
713	921
1539	3827
2824	4970
1555	4186
3827	4873
1632	4589
860	2275
1697	4024
3963	4608
2007	2318
19	3221
226	4930
485	3548
4186	5174
972	4789
640	3004
2700	4366
1780	1881
1708	3792
893	2863
2318	3926
1963	2258
1273	3888
1290	3637
4984	5250
2887	4681
3028	4070
1295	4963
1697	5056
3505	4482
92	1331
4772	5215
253	3914
1555	3795
110	2857
440	1288
305	3174
2357	3425
921	1830
549	2158
1475	3548
738	3078
3505	5219
1491	2653
4282	4864
1555	4915
4709	4970
3725	4785
265	918
478	2157
2358	2812
389	3654
96	3467
2113	4124
118	2486
719	1650
1448	3755
2790	4963
4479	4776
37	348
2767	4864
703	1901
1656	2232
3331	4681
1602	1687
36	2887
5223	5232
4226	4634
3739	4141
1632	3500
1219	3807
2891	3333
649	2321
2258	3875
2633	2864
1531	2158
2275	5132
3459	5148
1555	5213
3918	4952
417	4727
2602	4864
1741	4582
916	5179
748	5241
1566	1870
1137	1481
4536	4784
491	2158
1082	4141
3616	3846
4008	4349
3474	3644
271	2823
2458	3684
2358	3744
1807	2579
373	1676
2211	4263
1574	5063
1155	4723
4627	4864
2318	3613
1773	3413
251	3233
901	1455
1656	1778
2233	3501
2096	4178
120	2588
1284	4818
209	358
2211	4536
1493	2633
1571	2258
1538	4421
1741	3848
922	1741
1270	5160
144	1555
1627	4864
2787	3678
27	52
3278	5184
3643	3846
1475	1532
1348	4930
1107	4102
3760	4352
317	2653
120	3897
663	819
2206	3844
319	3177
96	4101
911	3550
1219	4842
1961	4981
386	2147
120	5125
3755	4706
36	2258
363	2211
1555	3177
2393	4402
2889	4587
1922	5188
960	2211
4321	4546
1020	4960
802	4178
120	3124
4909	4952
3598	5042
1049	4428
1741	2781
1632	3644
1879	2158
354	5227
564	607
4127	4608
600	3803
1070	2486
1646	4727
620	2258
803	4880
1807	4060
501	2621
803	2486
17	3960
209	483
1901	2887
597	4587
358	2510
40	1813
1632	3257
559	1463
717	2457
2158	4962
3345	4577
1455	2358
2486	5179
1705	2026
1463	3740
735	3154
229	1555
921	2579
1494	1555
172	1349
2211	4458
146	4587
3078	4533
120	4174
2633	3408
3012	4993
466	1708
1777	5151
1349	4952
348	1944
2428	4784
209	5196
2878	3229
3403	4071
120	472
2064	3366
3078	4378
96	4835
1268	4083
1331	4349
120	198
12	4735
620	1983
739	2887
3807	4026
1265	2088
2189	3643
461	2189
575	2529
191	3315
3082	4247
31	5047
417	4415
2394	4148
1133	1579
251	2158
878	3754
720	1179
120	4326
1533	2318
1338	4402
12	2579
3668	5185
294	1697
3695	4178
1002	1555
2158	3243
446	1555
354	2646
2393	2515
67	1878
440	2123
1349	1666
2085	3505
1368	2012
209	1158
118	3783
2147	2641
483	4849
1697	3493
1131	5241
2287	2393
2237	3687
466	4772
1225	2204
3477	4178
1189	2457
1870	3255
2024	4970
4681	4942
4378	4950
120	1870
1293	4186
881	5232
1774	3598
4100	4864
639	803
1290	4148
1574	2684
2207	4604
2945	3756
501	4859
2158	2976
686	3367
253	1270
718	1779
700	2436
2902	4723
4343	4805
120	3848
1449	3459
348	4772
2550	3028
26	3644
1947	2515
3548	3549
2892	4378
573	2123
816	3012
2358	2428
842	919
1493	4658
2633	4491
3174	3644
1133	2599
1272	4963
120	4798
1533	3331
986	2311
1146	1349
191	3776
1900	2158
1010	3192
1653	2889
120	3831
2827	4681
597	2140
253	921
1095	3139
2318	2393
1555	3651
700	5215
2486	4276
1083	5251
2976	3807
2486	3464
2486	4539
449	1493
36	1679
1285	1431
2520	3749
1165	2653
2887	5177
1475	1610
491	819
1818	4178
466	2827
18	471
1373	3807
2232	4535
2562	3458
319	3071
2681	2723
235	1947
2864	3120
1447	5011
1525	4864
399	4873
4106	4186
2892	4178
3699	4058
1056	3494
659	2868
2158	3025
2108	2211
1936	2158
1270	4864
3	2857
794	2318
92	4838
4864	4930
2158	3565
858	1345
96	4860
1780	3749
3834	4438
948	1741
2692	4178
2887	2890
40	1538
1426	4864
2603	4070
1072	2158
525	3745
2663	4428
672	4207
120	1878
700	5160
2211	4999
3025	4207
319	3843
2012	4608
68	3331
399	2050
2519	3361
120	4522
1133	3883
2279	3154
1878	5251
2103	2653
2113	3669
481	4538
120	3278
120	1270
2895	5160
3403	4240
17	1574
663	3803
2486	4207
251	2632
995	4174
2389	2706
4127	5188
2258	3399
292	3496
1780	4608
1133	2382
1656	3161
1104	4428
96	2684
816	1473
1002	1859
129	549
2991	4372
456	3439
1475	5174
120	2461
120	3541
1531	3559
2211	3976
853	3212
1083	2680
2158	3071
3509	4627
433	2069
120	2047
2836	3548
2603	5116
1448	3257
2887	3494
1133	2303
209	2486
1587	2863
893	1022
3660	5104
191	1636
1744	4178
553	916
4772	4967
120	4014
921	3630
948	1821
1511	4627
92	3425
2939	3491
4553	5078
1655	1988
202	3472
1997	4239
120	4598
3174	4849
2750	5132
294	4141
693	1337
348	3628
2144	3755
58	4864
1197	4207
686	3174
75	4963
1083	2902
2746	3278
1036	4572
75	4521
561	2317
3651	5215
36	4948
1018	2520
741	3669
1656	2062
1225	3651
773	802
1587	1705
3362	3687
2431	2889
274	1652
1533	5056
2157	5049
1056	4930
650	2289
3754	4501
384	1348
543	3561
1360	3278
599	2718
1555	3052
697	1555
2983	3278
4178	4982
399	4412
4402	4641
777	2641
1348	2887
1741	5179
566	4178
3203	3553
191	3529
2529	4026
2540	2887
511	1083
2358	4540
415	4141
561	4101
633	2182
2639	4372
693	1338
4914	5042
336	1200
3675	3918
4950	5132
235	1003
2024	2653
120	4141
1901	3553
415	2258
1425	4906
2486	4106
1265	3952
1538	2318
358	2232
781	3505
1188	2123
1293	4178
2315	3548
235	1555
120	456
2641	3674
739	3570
652	1431
36	2459
4627	4909
559	2607
1708	4849
2621	4052
1656	2700
80	2128
1339	4141
700	2258
2158	3229
466	700
982	3240
2263	5112
1007	1892
1417	1511
1481	4496
1766	2881
4909	5160
2052	4070
441	4864
2368	3264
2318	3309
1447	4613
2486	3458
1971	4776
120	597
3976	5074
2536	2540
2653	5018
120	2340
1902	3552
67	2434
3038	4909
3278	3744
2023	3945
2542	3549
3529	3918
3464	5118
115	2486
2945	3875
1868	2881
1555	1632
4734	5116
1447	2243
235	1463
2144	3078
3084	3815
893	897
118	1764
537	1708
118	5215
893	2499
92	2457
1426	1447
384	857
2318	3025
907	1133
120	2646
677	4139
96	3459
1652	3644
726	2318
4772	4977
3854	4784
3483	3994
45	525
2967	4187
3630	4677
646	3174
29	4783
2030	2991
1295	2970
2419	3843
2056	4963
3699	5219
889	1009
816	3215
2258	4026
1329	2486
92	1708
4535	4653
36	2991
4178	4336
43	1961
1942	2258
767	839
4734	4738
3129	3644
4083	4566
36	1016
982	2946
2258	3782
1568	4859
2085	3627
599	4428
700	2653
659	1270
1133	5223
120	575
4031	4076
17	741
3278	5241
120	3996
1293	3174
4130	4581
1293	2258
1555	2007
2258	5184
4058	4967
2767	4930
1627	4412
2311	3755
1555	4528
4047	4906
1022	4157
1848	3439
1079	2416
120	3142
1667	4178
555	1741
1679	2486
1429	1775
1793	3548
2236	3598
251	4540
1555	4257
317	3111
120	374
112	4970
1656	3627
466	3502
1442	2394
230	4047
2108	2653
3577	3637
92	3494
3154	4243
741	4930
2653	3010
127	1646
3827	4008
28	4967
1533	3237
75	3834
1447	4521
2746	3643
1095	1555
1475	4257
2483	4024
3755	4378
1133	1759
2289	3803
118	3760
3233	5196
265	3850
3134	4111
2041	4178
1708	3644
3745	4909
2273	4271
4244	4466
1234	5256
761	3904
1889	3628
3793	4811
2743	4706
2540	3440
4930	5046
833	3505
2509	4864
924	4178
2910	3494
1531	3084
844	1396
960	3458
993	4178
704	3439
700	1295
2258	5196
1447	4711
2101	2421
120	758
1653	3540
3699	4366
1447	2311
1217	4993
226	4372
1632	3467
496	1546
191	4372
120	1432
713	5179
1348	2158
1349	1627
191	881
2381	4070
1533	4244
2108	4864
1793	2542
3439	3464
3439	4828
599	1129
1197	3245
1777	3719
1807	1956
700	3892
120	4052
1549	3505
172	3254
2856	4704
2529	2940
2211	3633
924	3700
235	1574
1133	1295
1434	4563
456	4243
120	614
2064	4613
1878	5112
1574	3366
600	1295
2887	4566
1814	2010
1786	3818
1896	4849
226	3038
3627	5219
1636	3834
3572	4378
648	4608
4178	4549
274	4649
592	4961
1348	4727
5116	5179
3125	4012
2100	2130
541	4226
1697	5232
4225	4321
135	2040
3815	5210
2790	4101
115	209
1429	1431
2201	2273
67	274
677	2644
993	3549
2317	3552
1741	3813
1533	4243
2308	4571
1555	1990
1922	3261
2258	3659
4210	4412
823	1555
1348	5177
973	4614
1741	4102
2270	3792
2144	4186
1859	2147
1705	2537
741	5122
672	4321
2457	4608
149	853
2318	5177
2270	4589
275	1129
3904	4219
3541	4178
428	787
2070	4706
96	1775
819	3040
2050	3918
579	1988
4141	4174
120	3871
120	3633
2435	3926
3078	3472
2219	4141
2537	4210
483	2827
1418	4012
445	2009
2665	5060
1022	2863
43	803
1741	4189
2540	3891
1708	4378
19	1083
1117	2719
2653	4154
4	642
209	803
573	2380
901	4148
120	918
1995	3225
1779	1974
4199	4845
120	2300
2944	3403
149	1217
120	1789
298	5188
96	2887
92	2663
235	4244
816	4186
795	4608
2318	4257
2970	3233
2644	3483
2537	4468
3643	4523
213	1059
399	4026
881	1555
957	3111
1721	3668
2653	4044
739	5215
218	3077
1189	1870
1082	2211
1043	4804
1456	2291
777	1773
1462	1602
1555	4302
319	2697
3282	3637
2312	4631
599	2743
869	4178
839	3045
653	3594
319	339
2653	4604
1555	2942
319	2698
1448	4008
819	4930
2050	3474
4864	5247
1811	2875
4073	4784
555	1179
3810	4909
1540	4704
1993	4178
4473	5175
686	2318
243	2700
1295	3892
1943	4157
1133	4099
1265	1796
348	3937
1646	4608
120	2223
17	695
2147	4717
127	4835
2358	3675
1133	4547
129	1338
384	1759
209	1338
1010	4331
2158	3700
2967	3342
120	5219
461	3548
3177	3553
1772	2373
4235	4838
2123	4009
96	2641
889	1149
1473	4058
251	348
120	2693
1533	4195
870	3843
1347	2889
3668	4111
120	986
819	3818
3549	3628
3509	4012
4023	4859
2753	4141
120	3807
362	599
1021	2653
191	5102
761	1533
4652	4804
2903	3643
2024	3807
1434	5188
2007	3565
2486	4813
646	2827
2515	2970
1039	2101
1039	3116
3557	4082
299	3212
1766	2529
1511	3529
686	3111
2050	2897
2529	2956
3505	4047
2158	4891
348	3255
96	766
897	1587
1938	2258
2318	2428
274	2123
120	3994
1018	3439
1656	3168
1437	4978
329	1153
3565	3644
1455	4058
3810	4873
43	2646
2520	2925
516	2486
2315	3257
3937	5215
142	2008
1509	1574
417	5177
1555	4057
2902	5254
1016	2602
2621	3195
2237	2486
362	4864
2633	4553
3653	4378
2842	3212
1753	5179
795	3078
373	3553
2887	5108
1716	3628
1447	4911
4330	4864
4099	4244
142	2113
3278	5116
1656	3120
120	4036
235	3627
1914	2607
853	2700
735	1697
1779	3055
914	3451
463	4587
1813	2140
954	5102
741	2258
2315	4967
2358	4558
2217	4948
3215	3818
1901	4225
1821	3439
209	3435
1697	4536
1568	4864
1555	1814
1533	3177
191	1780
3864	4864
878	992
1708	4772
1574	5232
3598	3644
1780	4540
842	3599
348	2970
218	2641
147	4208
1773	2542
1549	1994
235	2146
1868	5217
4178	4624
2486	4600
2258	2655
4086	4981
423	1338
2486	3435
2435	4066
1584	4210
112	2258
663	2866
652	1429
2857	4906
964	2894
17	4186
1455	2453
4008	4378
1021	2207
2458	3123
1819	2529
1830	5217
1455	2887
449	2887
1555	3403
2024	4582
2358	2547
564	2024
1076	4537
948	1481
2570	4864
96	1509
1878	2088
1189	4784
2318	4332
2162	4236
120	4509
2073	3439
4141	4652
2434	3843
1270	3675
2961	3055
305	3153
1474	2318
2217	3174
2453	3153
362	1129
1104	2204
1859	1948
672	4572
1708	2615
329	2505
2358	3483
329	1082
483	1449
2457	3963
748	1089
960	2857
235	1846
4057	4627
112	2945
2887	3937
80	5254
1925	4864
2318	4930
191	1493
415	2368
4566	4899
274	2263
2416	4148
639	1331
1952	3549
2024	3509
582	884
120	524
243	1574
2088	3843
803	4349
559	2459
2237	3439
2128	5219
2318	3233
1447	4833
348	1062
3278	4487
1555	4473
2436	3464
2520	4330
479	4772
1447	3699
963	4466
231	2790
96	4338
911	4540
3745	4412
4608	4878
1265	3598
3548	4608
120	993
1708	3670
1878	5042
2050	3012
274	5007
2816	3413
1743	1978
2688	2961
1532	1978
3245	5175
3792	4124
1331	3572
348	2663
339	2263
2925	4141
3174	4058
1534	2123
1532	1555
2207	3654
36	1752
2108	2258
2486	3937
1697	4784
271	3960
1847	4178
1780	4372
1447	3125
1952	2887
2219	4102
3926	4963
2899	3863
96	5232
748	1774
3755	4558
274	3965
354	1034
1059	2680
1097	3644
1449	2258
2510	5060
960	4744
1741	2373
92	4558
1347	4598
2017	3644
2984	4178
1265	2170
3699	4109
3346	4864
2318	2789
120	3240
1417	2579
1555	3010
118	1555
2537	2687
1741	2105
973	3644
1627	4210
1555	3562
192	2158
1244	2420
2486	4058
399	555
106	1853
1574	2297
2774	3740
3044	4031
319	833
2158	2311
1181	4428
75	1814
2108	2322
92	1636
3644	4523
1288	3221
1708	4558
120	1960
1075	4226
1643	4719
1785	5060
251	2887
2653	4886
3644	3766
516	4415
3103	4178
118	1767
67	3723
1638	1705
798	4558
466	1896
243	833
1423	1741
192	2318
4864	5008
18	4343
120	781
354	4611
491	1942
4178	5241
305	2827
2723	4257
2211	4178
37	5215
1639	4257
2680	3505
2653	5122
1785	1978
1555	4980
213	5042
276	4963
146	319
120	3711
3341	3982
2258	3864
133	4111
156	4873
1555	3575
2790	4608
1983	4314
348	2892
2629	4178
2603	4458
2263	4047
2410	4891
1652	2318
1349	1741
92	5179
120	2692
3509	4191
3464	4909
1348	2688
2453	3815
1901	2486
1020	3044
817	960
235	4100
2113	4402
914	2368
205	2457
1081	4407
339	4723
1317	4656
3425	4784
2607	4438
2158	2393
1555	3505
720	2842
1463	4641
92	831
921	4412
646	803
377	986
693	914
994	5188
1679	3123
1057	2382
1708	2881
1942	5215
4124	4276
3421	5059
2983	4962
1952	2542
2486	3815
423	1813
2719	3828
2113	5179
815	1524
1333	2318
1656	3818
92	4939
348	3904
600	4689
1314	2318
120	317
120	860
3125	4999
4243	5215
2632	4952
4086	4993
1331	1555
2812	4873
1555	4727
2727	3917
4044	4864
120	3637
2201	2258
3038	4057
168	243
1133	4130
120	1787
1602	3669
713	1772
292	739
1104	2292
2157	3843
4495	5195
4101	5232
29	3440
2891	3355
2318	2790
1656	2991
1339	1834
3470	3562
299	491
235	3042
120	4364
644	1999
2013	2653
1436	2430
1084	2604
1705	4018
2457	3184
1083	1171
4600	5232
493	540
1317	1947
120	3277
120	3262
4097	4723
243	5060
1868	1983
3439	4879
1868	3599
2889	5219
4210	4952
2113	2393
1878	3723
2698	3505
3120	3553
3755	3799
1056	5118
2318	3818
559	2273
1632	4008
2596	3472
713	3744
494	1697
492	3240
1752	4948
120	2899
478	1316
1741	4873
553	717
1549	3990
4141	4472
275	1667
1510	2698
1985	2989
2358	4551
3044	4909
230	3708
1783	4784
819	3651
1390	1555
3464	3494
3377	3553
551	5060
3345	4948
3690	4178
289	1779
191	1378
561	1574
1314	1555
2750	4099
120	1742
2945	4244
1868	2505
1481	3914
209	3549
92	741
704	872
3221	4178
659	1348
253	3918
92	2365
1062	4235
3834	3976
4	1602
466	3078
1566	1774
29	564
498	553
1197	3754
1555	2231
597	2602
1338	2970
45	3174
2887	3898
2967	4148
2260	4864
1484	2279
115	3174
819	2939
2897	5215
2258	2789
1338	1813
2889	4739
276	2207
1089	2211
2211	4174
335	3145
857	4952
2244	4845
2394	4232
555	4026
1270	2219
1288	5049
354	1766
677	1859
118	1285
4157	5232
339	827
5154	5185
249	1971
338	4154
209	2318
741	4402
2204	2939
960	3755
909	4483
2358	4276
18	456
1455	2486
1273	5245
2970	4402
2529	3740
1189	1194
4784	5063
226	1219
2157	3505
1348	1778
2486	3278
120	4835
1764	3363
1034	3807
2318	4772
1663	4873
597	1473
1555	1652
3505	5254
1995	2052
52	1347
960	2158
1299	2241
1533	4102
1131	3653
2258	2881
191	3044
3474	4124
2158	2991
767	2991
4540	4749
191	3739
726	2633
1814	5018
2311	2486
1049	4141
2318	3001
1589	2653
92	2219
305	1197
1288	2902
2697	2840
2499	3282
2842	3778
1587	4178
1391	4141
1748	2030
3883	5217
1643	4473
4627	4952
881	3557
3044	3464
423	1780
230	319
1348	2958
3552	4124
1366	1748
803	1448
1555	4952
1774	2263
1137	3914
156	4186
461	2428
2945	4023
120	2273
3598	5060
1481	4909
4082	4483
1555	3279
2438	5179
619	2641
3042	4226
2753	4796
231	1890
2634	3094
120	4879
274	2807
1679	4528
1555	4600
120	3963
4178	4939
935	3904
1160	4178
4880	5217
319	4482
739	5120
4579	4595
2568	3491
3553	4378
40	2438
3403	4906
3725	4537
2881	4052
3682	5026
2804	2857
2329	4483
1627	4873
2436	2486
738	4111
3403	4970
1039	5120
620	4873
132	3988
2207	3875
2940	3815
3863	4558
1350	3078
3466	3846
794	1493
1270	1627
1668	3745
1186	2770
2207	4970
1089	1377
773	2223
4193	5132
471	2321
3333	4123
870	1265
663	3125
918	4469
127	1133
1048	2158
120	1517
2219	2579
2081	3907
129	1348
558	561
120	3442
1416	1447
319	2085
1038	3278
1549	4963
2050	2458
542	575
1753	4111
2258	4906
2603	4219
3616	5154
4993	5227
1081	4936
192	3954
600	819
1780	4415
2318	2420
2113	2158
3553	4101
4864	4926
844	2603
2510	3843
2715	3843
2827	3644
703	2967
599	3668
313	3628
1811	3807
2230	4336
120	4055
354	5047
1133	5232
717	2158
870	4608
1759	4587
561	4817
639	2315
498	2050
4589	4849
1814	2237
319	2123
558	581
120	1753
3834	4178
4031	4378
120	2262
1780	1821
1131	4124
120	4154
564	2070
1533	4378
1102	2318
2147	4600
893	2258
45	4719
1878	3952
1555	5040
218	1995
1555	2829
120	2429
3879	4393
1632	4681
2902	5219
579	3529
2258	3346
4111	5196
456	3154
960	2052
1687	4537
348	3651
1571	4864
1434	1780
1571	2230
2699	2887
1656	2055
2562	4785
96	4141
3644	4304
3382	4193
599	1679
1493	4784
1947	4864
1821	4547
2217	4738
5118	5155
120	3829
1056	2486
469	1555
2062	2653
1868	3028
816	960
1568	5244
639	4349
3907	4106
2519	4094
766	2047
2258	3562
2486	3467
648	918
1697	5215
641	3275
2667	2804
2530	5185
29	2603
67	4649
103	5179
3813	5108
4226	4393
1083	1288
1270	4608
120	5008
348	4899
3548	3643
3570	5120
118	4658
2816	4784
112	1555
1517	3644
1197	3755
1741	2663
120	2780
659	1295
4421	4466
523	2123
479	4058
191	4838
2583	3402
1775	4641
766	3801
466	717
1455	2224
4031	4939
1947	3099
4217	4332
4864	5110
461	2108
992	1062
289	959
4178	4326
120	4336
75	4706
2863	5215
2258	3856
2088	2236
2318	3594
1545	2258
2158	5120
1786	2856
120	4909
319	4364
2881	4864
2529	4483
445	3740
1133	3203
1273	3043
1533	3529
1493	3215
703	1766
1574	5060
537	4589
2956	3807
2897	5164
4186	4608
3523	4141
43	354
599	3124
1942	3012
3233	4930
1555	3864
1870	2553
1650	2420
2231	2318
639	2318
1759	1974
211	1275
1455	2706
1517	5008
3397	4141
1677	4553
75	4859
28	2416
975	2537
37	4813
2863	3282
1057	2224
3960	5069
1123	2804
3628	4778
1830	2579
494	2196
328	686
3233	3644
172	1627
298	1293
3509	4567
2524	2825
700	2217
209	881
1896	2827
1814	3755
992	1481
1766	2147
1555	4616
1626	3043
1793	5174
1705	2653
1038	3907
2706	4813
4384	5059
2123	2902
1994	3505
1390	2115
2568	4614
1632	3435
3257	4008
4849	4963
348	1901
1879	2318
2158	2457
2632	3254
700	844
1533	2158
348	2052
686	842
2358	2486
561	1034
4141	4343
319	3458
2128	2902
213	2424
319	2430
120	2719
1947	4402
305	3854
4539	4909
1753	2864
4031	4372
57	348
819	2158
3740	4243
700	1646
3807	4547
2318	4339
12	4378
839	4422
471	3976
251	2358
120	4932
1273	1555
2978	4681
40	4608
328	3025
2207	5254
3807	4717
374	2211
2529	3807
3637	3799
45	4199
761	3549
4873	5060
274	1549
1870	1985
2436	4952
120	3001
893	4864
1948	4263
1555	3028
870	2158
3529	4102
826	4178
700	1338
2158	4940
191	4939
144	373
253	2050
2416	5215
494	3856
1509	4704
319	2236
672	1036
3834	4963
992	4671
120	4178
313	1890
798	2322
2434	4930
700	1146
677	3740
766	4424
3510	4783
1348	2515
1555	2012
1779	4600
4186	4558
2358	2982
36	599
2653	4577
907	3363
120	3694
700	4952
1474	2158
2147	2956
1089	2017
1632	3174
2486	4952
1022	1587
1656	2582
592	1442
1652	2352
4110	4495
960	4189
1188	4614
700	2887
120	4962
1449	2633
2438	3815
3331	4130
619	2113
349	3205
319	4706
399	4656
1785	3275
1511	3644
2639	2688
92	1511
3988	4148
929	2753
3553	3807
3834	4414
1436	5060
415	1418
124	1902
4244	4734
2653	4336
766	2567
2170	3598
798	4304
794	4859
1102	2233
1938	2603
3245	4704
2050	4031
833	4178
1002	4257
359	4482
2428	4864
1123	2857
2653	3887
2181	2715
120	2684
52	202
399	3810
559	2355
2358	4124
3561	4589
1766	4178
2211	2983
1455	4208
1158	1196
1783	3976
120	941
1348	1602
768	4469
950	3740
498	5164
1302	4057
1434	1995
2322	4154
374	1455
1417	4224
3946	4582
36	362
2315	4349
4483	4784
2486	2897
5108	5215
2603	4071
741	1969
338	1390
1697	5247
3331	5154
1814	2945
485	4784
42	2525
2158	2790
3501	5164
2889	3651
1348	1555
305	4963
4127	5164
2050	4412
3278	3345
700	1349
2686	4483
1721	3377
1538	3643
977	5132
3045	3907
2579	4102
226	5179
1434	2372
120	3082
2956	4026
369	2258
382	3221
717	4111
829	1656
1371	2278
1010	2036
695	1952
3603	5215
486	4879
2254	3403
2273	2829
561	1779
921	3727
1549	2561
1668	3153
3212	4911
493	719
1349	4210
274	5251
2579	4909
1455	2847
147	2211
1821	4073
693	1902
348	3229
1602	4099
3807	4243
144	3509
819	2889
89	263
120	5254
120	2975
3644	4909
2052	2144
1531	3637
2863	2970
924	1049
2318	4066
1697	3618
1473	2279
120	1801
2653	4106
3352	4784
120	2505
120	542
3744	4141
1753	3688
1447	1680
511	3505
2258	2864
2670	3070
1010	4587
354	3275
1197	2217
1458	2258
31	2542
120	5223
213	2263
3999	5215
761	4632
726	5160
417	1646
558	3028
4081	4099
2050	3123
1423	4466
2030	4880
819	4864
1479	1571
1104	2881
1455	1870
4243	5154
911	2654
67	1944
761	4219
741	3960
135	4217
914	2784
2453	3548
2991	4505
274	540
1133	2115
120	881
619	4130
1081	4495
1555	2585
4772	5046
1447	3688
2437	2790
1974	2961
44	659
1331	5215
1030	2024
4864	5078
133	2634
1936	5210
1610	4864
191	5132
1533	3275
516	3807
739	5049
1462	2823
1533	4130
1555	5145
1447	5223
356	1775
40	923
4123	5200
120	2254
440	3627
1434	3345
1447	1572
2829	4864
1293	5154
1057	2303
716	3963
1968	4608
354	1946
120	1396
80	2994
135	235
1146	5043
120	2889
498	960
3803	4689
1232	2570
739	972
1083	5042
893	2026
56	2430
494	1146
1555	2382
100	4864
1900	4608
120	4139
553	3711
2358	5215
3477	4217
1493	2273
251	2486
1678	4963
525	4952
118	5250
1533	4611
96	4109
45	3293
2653	4244
2890	3111
801	3630
17	1766
1785	4537
2486	4680
2373	3078
1511	3237
1072	1974
120	3235
994	4052
120	5044
1555	4923
2158	2902
872	3557
831	1901
3744	5250
1153	1555
1225	1942
2633	4224
893	3282
135	718
1868	3573
1555	4111
3361	3756
697	4864
316	3111
2158	2789
232	1558
118	728
1107	1273
1777	3622
2457	5215
2263	2902
2273	2976
2428	2583
2322	4587
2715	3505
672	720
92	1056
2706	3792
1295	2393
3548	4086
2449	4799
17	2915
4026	4873
112	4864
496	540
1056	3464
551	1188
2207	5219
2158	3174
1666	4412
881	2887
579	4675
501	2653
1531	4732
354	4785
881	1493
1602	2970
1155	2123
1531	2486
884	4689
1555	3780
209	4124
1455	2367
2158	3505
2134	3856
4677	5154
4083	4656
1293	4271
2182	4058
571	2654
3754	4864
2807	4963
2232	4537
75	120
1878	5060
1479	2170
3843	5042
2769	3733
1317	4555
1627	3111
4178	4343
600	2521
4469	4923
120	4264
898	2206
1741	2130
4864	5034
1197	1985
1655	3799
3801	4195
120	3559
96	516
4219	4864
1293	4224
4031	4415
324	2536
3644	5243
115	1900
555	4656
1197	4627
695	3553
1643	3293
1796	4579
3873	4864
1493	1821
1455	3293
964	1429
1018	4970
2653	4750
2211	3099
1316	4101
889	4727
120	5232
120	4343
2827	5196
1316	4652
2902	4047
120	1744
1338	1602
92	4555
1947	4494
1094	1878
549	2373
235	2582
4315	5179
2201	4141
2774	3309
1626	3331
1010	2722
1632	2158
2436	2887
3001	5046
1058	4130
597	2653
3776	4186
17	3803
298	2863
2224	3509
1555	2508
869	3548
777	1555
660	1890
354	3177
1455	3229
1016	2486
120	992
425	1595
2369	4482
406	4600
2258	2944
1901	2967
400	1149
1023	1574
1555	1985
1331	4738
561	2147
561	1533
399	3123
274	621
112	2211
3084	4243
1512	2991
1555	1579
96	1133
1455	4199
2365	2779
1549	3598
4608	4930
167	1117
960	2318
3864	4963
96	599
566	4873
1574	4101
1555	4420
2158	4727
1821	1901
3856	4141
348	858
2318	3245
2358	2887
739	3153
1338	4641
120	4225
1007	1778
235	3834
4243	4611
120	4099
238	3783
2970	4608
120	5092
918	3229
2123	3952
726	3331
191	2436
3300	4864
686	5069
1447	2582
1104	5223
1321	1667
2632	5132
3367	3573
4057	4952
1533	1618
4141	5215
4100	4599
2158	3926
566	5148
445	3297
2616	2887
92	3644
1179	4026
120	4148
1881	1990
3755	4873
2108	3553
700	5164
3637	4799
354	4547
2012	2537
1968	4772
1697	4818
2653	4967
3630	4811
191	1194
964	4719
92	2244
686	2486
1555	1821
4828	4864
354	1273
1070	1129
120	2680
2108	5175
1083	2588
1493	2991
172	3630
1687	4785
1669	2458
1721	3124
1555	1780
1643	5160
221	3171
3807	4536
298	2970
281	1995
339	1234
3807	4700
3184	3553
1571	2722
582	1741
1447	4273
885	3815
3843	3965
2219	3907
773	3128
191	558
3237	4952
172	3807
192	1555
1652	2158
120	4958
4864	5063
1133	4257
657	914
600	4962
3439	4026
2982	4963
4495	4936
79	2715
1383	4482
120	5245
167	3212
1302	2579
120	5213
2864	4420
1002	2394
1878	3594
3644	3653
92	537
92	4031
1901	3342
120	1062
2311	4106
761	935
2374	3644
3243	3267
1533	4627
2147	2684
2217	3755
1103	4864
537	4402
1555	2875
2158	4420
79	2236
120	4273
2582	2961
597	1814
1165	1656
2540	2789
2420	4864
4727	5177
1455	3174
1056	2144
773	5219
2211	3025
37	2887
221	2972
133	4614
1566	3502
907	4608
4263	5227
5074	5227
2857	3660
1779	2318
2520	3052
1093	1748
1133	2147
89	524
1455	3565
1759	3873
2258	2607
1295	1602
1533	3475
582	2989
1429	1752
2887	3699
120	1956
1455	2942
4081	4787
3644	4540
3475	4523
941	3403
781	2715
3883	5063
253	948
2236	2680
1555	3233
446	3644
3458	3493
1329	2639
621	1059
1533	2448
363	4127
3694	4225
298	437
235	1752
97	4539
481	1575
1986	3331
142	4580
2012	2317
92	3078
766	2607
1437	1766
921	1349
2727	4081
1093	2661
2380	5250
802	4641
356	3425
120	3583
120	717
1526	2258
1293	4263
2991	3630
2263	2680
3440	3594
893	2663
2510	4495
553	2486
2381	5164
2258	2393
4677	4681
2144	4813
1741	1881
1338	4727
1447	3468
2959	4111
1293	1555
156	4263
1007	3016
1117	4081
3028	4796
92	4681
1075	3042
235	4217
230	3505
3255	5215
354	3331
1646	2113
1708	1968
1532	2537
2751	2989
354	599
174	2887
1650	3780
1131	4082
2529	5148
97	191
235	4427
2158	2508
449	1284
3643	4178
539	2946
328	3278
3553	4141
3059	4304
349	5102
2365	3651
432	3275
92	4412
3002	4100
406	1003
1779	4930
2940	5118
1656	4843
703	960
3644	5154
1338	2158
264	3045
2258	3744
693	3279
1034	2956
211	3459
2779	4608
553	2273
17	2211
274	1288
274	2430
17	1969
1293	2827
922	2216
4244	4963
1401	4608
120	1197
1814	3643
75	4200
4031	4950
4811	4864
1016	1129
129	4402
3430	3561
1451	2358
1494	4608
1775	3740
479	2315
561	4704
1621	4958
1473	3154
120	3990
192	4076
558	4873
3472	5154
3025	4608
2509	4495
127	2318
274	440
2457	2486
2100	2416
4082	5180
839	1753
1814	2258
2435	3643
4178	5077
1374	3553
2892	3818
992	3129
1942	2889
1462	5047
1373	3740
1455	1566
2263	2424
2854	2956
120	2774
2486	4627
4963	5008
1656	2047
1146	1447
1423	4141
37	4842
582	693
700	5223
1555	2789
92	3755
4081	4224
1321	4178
2842	4547
2700	4864
1995	2275
2486	2540
115	639
2318	4513
1293	2621
2509	5219
2069	3644
4111	4613
120	3055
1753	1786
739	5179
1212	2223
362	2887
4186	4930
2211	3801
1286	3963
2887	5046
3078	4418
798	2358
96	4217
2158	2428
2653	3695
901	4415
120	2296
120	4764
1889	2380
646	1338
1429	2537
3644	4031
1010	2739
3637	4178
773	4158
3651	5219
2486	3174
957	4141
1003	2653
1151	3161
2804	2887
461	819
1338	4186
839	1821
133	1285
274	5256
663	3560
1070	2887
816	4331
120	4569
2223	4178
1778	2653
4495	4864
3995	4864
1753	2887
3367	3510
1129	4415
2204	3780
329	1868
2258	4219
1481	4558
4378	5132
1555	1991
1418	2486
646	1555
1333	2158
1741	1801
693	1818
3810	4656
651	4187
786	5212
1019	4864
516	2147
870	2970
120	4026
2096	3630
223	4157
4178	4436
2889	3468
1019	2211
251	4558
2457	2915
941	2653
1102	1914
1153	2158
1034	2877
1555	1753
3766	4081
1632	2318
17	2279
2579	2767
2128	4827
1097	5154
1290	3363
1331	1786
3570	4789
2633	2687
2380	3205
3366	3630
2373	2654
1555	1936
607	4141
4840	5142
2970	4923
1103	2318
2040	4081
566	717
2358	4106
4608	4980
191	2050
551	1549
2207	4496
58	1555
209	2289
555	4873
3440	4723
176	4472
425	4257
717	5179
857	2663
1475	1793
3736	5122
2211	2889
118	4608
221	2887
1549	3627
1807	4738
2486	5078
735	4906
1133	3477
581	3254
2597	4926
3651	4580
2887	4124
253	3240
819	3643
954	1038
3573	5217
2654	4109
1338	4608
2318	4727
2641	5120
2816	4243
516	2889
235	2081
1555	4332
96	1447
1133	3807
2147	5132
299	860
423	2970
781	1796
918	4772
837	3439
209	646
1759	2296
3565	4066
96	1455
663	3917
1555	2654
2368	2812
120	1959
1759	5232
1058	4391
2263	2510
120	1232
133	5133
2069	2663
3834	3856
1336	2653
1307	3803
901	5184
319	3553
1418	2416
2972	3171
1627	4909
2279	5239
1555	2052
1293	3257
2976	5215
4873	5241
881	2258
3549	4154
1646	2158
4864	5011
1555	3491
1262	4178
1455	3818
1155	2626
713	4796
191	4415
469	4608
374	4641
3914	4909
1102	2012
1448	4738
2486	5223
235	3366
1814	3331
803	1158
51	4772
1133	1328
231	1879
794	3421
4178	4654
2318	2457
251	5185
120	1129
3149	4094
1328	1339
717	3561
3657	5244
2147	5134
766	2989
2457	3038
803	2827
231	3628
2244	3744
18	5118
1511	1533
2680	5112
539	4772
1265	1345
3250	3561
2258	4152
1497	2967
2258	2582
120	2582
92	4276
2521	4744
901	2279
1434	4577
1780	4727
367	2509
3212	3778
2529	2653
2380	4315
2887	3700
2263	5219
4936	5217
4243	4263
44	1602
558	4210
129	4952
1636	2471
3344	4239
3278	3818
2263	4482
982	3966
417	1602
2486	4415
2808	4537
4513	4930
1059	3627
2189	2743
4097	5251
1244	5241
100	4734
4225	5154
581	3630
858	5215
1119	4240
120	700
4315	5215
449	1814
511	4482
305	1632
4744	4963
1878	3505
305	348
1646	2970
1807	3062
3562	5227
1307	2641
1936	2318
235	1103
884	4148
1574	1808
1189	4391
2318	4018
540	2128
1555	2158
559	4195
202	2808
67	2510
1181	1785
1512	1555
2389	4813
4412	4656
2542	4993
1944	4880
1396	2892
2615	4967
1708	4276
1947	3976
1003	3278
2263	4723
2258	3072
92	1901
3755	4963
881	4186
1349	1646
600	2854
5174	5250
476	4864
1022	2499
1777	4486
120	640
1347	2130
960	1197
2258	4023
2157	5254
226	1056
803	2217
2007	4127
779	3653
1265	4595
703	2970
893	1913
4962	5177
2052	2158
1082	2258
1007	4495
1610	4178
1493	2965
1265	4723
4466	5116
2279	3084
909	2382
1509	2147
1155	3505
2358	4796
918	2073
646	1900
648	1555
2140	4864
748	3598
1226	1730
147	2529
359	1971
1400	2524
2585	4935
4	4844
1104	4052
1668	4186
461	4148
1814	4378
461	5151
2509	3818
561	1056
338	3745
553	1587
120	4884
92	3038
881	4073
251	2706
781	1978
677	4315
2653	3875
2486	4428
406	4086
3123	5132
498	2537
1514	4418
3792	5078
3315	4031
4588	4732
2219	4864
209	1555
328	4513
1766	3807
779	1741
2804	4906
1669	5068
1708	3120
4466	4915
3444	3626
1133	2438
120	275
144	3028
948	1189
1151	2529
356	2459
2123	3505
1146	1666
120	1993
1133	2457
120	3684
1884	4468
1532	4571
1555	3342
854	2653
1775	2887
1165	4178
120	5097
27	2686
924	3134
319	3627
3254	4873
120	581
700	2892
870	3261
1417	4952
2989	4330
2128	3952
120	996
92	2540
1627	3459
2629	4864
2525	4528
274	1383
3627	4482
120	2743
3846	4141
3643	5056
120	3891
253	1137
417	2393
1391	2486
3699	4178
4317	4734
4031	4960
1555	1574
319	1978
1555	5227
1347	2519
761	3628
1814	2486
4523	4859
415	1021
115	1632
120	250
663	4789
1571	1574
120	1792
1538	1781
957	3459
120	2991
1985	4864
2394	2887
1901	5154
2706	4608
110	2380
1773	2232
4981	5254
3575	4178
120	3004
92	226
597	3887
120	3233
18	2108
120	2800
700	4909
96	299
1555	2915
2158	4666
108	700
677	4978
1901	5184
1956	4178
3510	4723
120	3575
485	1273
127	2788
3012	3261
1347	2603
120	253
3644	4967
525	3293
1974	4963
1741	4656
1947	3669
4178	4963
3440	3447
1049	3815
1448	2321
120	210
2875	4864
1753	2827
2481	3904
2130	3651
1814	4141
960	1991
659	4402
5132	5223
468	1093
167	663
231	1328
4124	4257
1509	3963
1759	1995
564	4343
1455	3745
1349	2946
1019	2653
663	2746
3792	4772
1944	5215
43	3366
923	3644
2481	2910
471	2887
1451	1473
2158	2521
1753	3561
281	2942
118	3486
564	3875
561	1555
1491	2322
3552	4849
836	2897
4244	4257
2743	4555
2646	4689
2279	3278
3740	4978
1878	4097
265	640
672	1396
1766	3988
4178	5069
1447	3907
1555	5243
1574	3923
92	1272
156	4719
2368	4099
3570	4148
1807	3078
1217	4654
1109	4930
299	663
2318	2915
1574	2548
543	4616
564	800
120	5069
2827	4066
1753	4225
1396	918
4315	3898
2258	1447
2207	2127
4656	3801
1338	686
2817	1072
4224	735
4408	18
2486	1129
4496	1137
1602	1555
5068	1104
4483	2158
3045	677
5243	777
3644	1056
2211	1021
3403	811
4864	40
5196	27
519	271
3425	1697
2303	1741
2457	1293
4402	1555
4031	844
4012	1210
3570	2188
3267	12
3815	549
4469	2393
2486	1079
4338	3699
758	96
3654	274
4521	1741
3699	3627
366	120
3662	2368
5223	1839
1155	572
4864	1849
1293	209
3111	2486
2899	1668
1807	1448
5215	1493
4031	349
3016	2211
3017	120
4225	700
3879	1089
4127	907
2715	2306
4608	1133
1350	918
3988	2321
3240	1148
4616	1348
600	356
3262	2025
4412	1349
5154	1493
4952	253
3501	2711
5174	3548
4027	2212
1646	1338
4569	695
3654	1265
5175	3052
2654	1721
3243	1338
4412	2486
2158	1158
2894	1752
3626	231
4796	226
5215	4899
5179	1133
4482	339
4141	36
4483	566
4558	830
4772	2260
3628	651
3807	600
1345	781
4178	1987
3134	767
4864	4553
305	209
1188	1083
3174	209
1942	1882
1417	92
3458	1877
5237	1532
4909	659
4695	1493
2991	2653
3529	2579
4057	3509
3038	281
4141	881
2741	1447
5063	2147
918	600
4031	1189
3988	1697
2258	819
1786	501
4798	2258
4408	1018
5009	4141
3459	2817
992	271
3252	1293
5031	4849
4276	1786
1775	483
3028	329
3229	281
3856	2603
4097	274
3363	118
3843	2181
3477	96
3755	1416
2711	1014
1555	232
4864	4608
5215	348
1636	120
1667	1491
4124	2827
1901	713
3240	1137
3470	120
4652	1555
3572	2315
3500	1900
1971	1780
1946	1014
3439	1273
3630	1890
4652	4019
3439	144
3627	3278
3012	1010
1870	1447
2308	1878
2070	1741
3937	907
766	155
3965	440
2108	1010
4436	2258
4217	1759
3293	700
4864	3552
4864	1787
4178	1568
3261	2358
4734	1423
2040	1759
4412	120
4717	120
2639	2258
3145	218
4749	2358
5254	213
1846	120
2863	2026
2050	1663
3510	3505
3494	3044
3467	1448
3630	542
2947	1847
5223	449
3616	1429
3510	29
4586	4111
2444	540
4130	561
1880	668
2050	816
4178	386
1265	67
1568	1493
4017	396
4784	2158
3038	354
4899	2975
2970	1002
3644	3067
4697	2088
4141	652
2967	2373
4796	3653
3644	3113
4899	2352
1900	639
4540	4123
2050	92
4086	461
4864	2322
3628	3626
1455	479
3740	2582
1881	1146
1666	700
543	120
2275	1160
4141	685
2024	1741
2070	766
3233	2158
5177	4930
4073	713
2420	1555
4864	582
4408	1985
358	96
4106	3174
4314	4178
4864	3694
1175	120
3229	498
2769	1938
3803	2661
5227	2158
2318	1447
3627	2698
2358	911
4727	2970
4141	4063
5118	2436
5118	2663
4130	2423
5188	2166
5196	2486
3651	3540
4813	3755
2887	2211
2641	2434
2902	1059
4141	890
4631	4178
4864	1076
1010	147
1586	1273
3598	1727
1777	359
3856	549
4873	1270
5042	339
4859	2262
3340	881
4656	4210
3038	433
2170	67
3017	2435
5188	4186
3509	1655
4058	1131
3183	1741
735	691
2486	1494
3192	1656
4849	209
2661	1390
960	226
2358	748
4141	3468
2887	328
4864	2395
621	79
1549	319
5074	1555
1348	359
2515	2158
2633	120
3984	1969
2393	1602
2158	1442
4082	741
4583	2486
641	295
1133	685
2887	703
3523	3
2211	604
4483	2368
4543	4118
4963	1509
3829	897
464	75
4608	1995
918	861
1533	600
1447	510
1146	553
2157	319
5157	2258
2436	92
5174	2188
3177	2158
4734	2486
3598	1878
4864	2789
4873	3887
582	564
1010	559
516	348
3150	2040
2232	1743
356	92
4821	1347
2157	1288
2123	1826
4207	1036
3425	294
3843	2352
2318	1295
2303	663
4825	3049
3888	15
720	553
3717	2380
4189	1531
2961	2103
2158	1295
120	84
4271	1555
2815	1555
4963	4008
4148	600
3494	2436
3960	992
4735	4178
1058	354
4240	4141
1587	893
5155	1574
4141	1021
3855	1432
3153	1708
4553	2653
2211	1766
2663	97
2907	1021
3883	1574
1821	881
1133	386
1741	119
3472	2961
3042	348
4495	3045
3887	2322
653	559
4596	1777
3682	3111
4157	2486
4244	2258
4577	1656
2076	263
1807	120
4864	3856
5196	4178
2147	2040
657	221
488	120
4444	3455
2050	1137
4118	2458
4225	803
3128	1656
3644	1968
4864	2202
4608	4018
3025	1655
4139	96
5122	120
4622	2653
2978	2017
4972	17
4689	960
4864	2983
4178	606
5245	3548
3132	2207
3257	2615
2318	1348
4331	3215
4689	2369
5215	226
2632	1447
4558	2486
4993	2670
3653	2380
4914	604
4111	3084
1708	501
3501	693
4210	4026
5145	2318
2211	597
2639	2486
2582	599
4963	1780
4613	176
3429	2260
2436	221
4962	620
2976	1995
2318	2311
4521	494
3010	1290
433	120
4141	1975
4356	1130
3397	202
4838	251
4734	4058
516	52
4750	4178
2621	120
4057	2486
1010	924
3890	2646
921	399
4352	1188
1721	1566
4598	2211
4587	4495
4240	1493
4723	870
4845	561
1338	1317
5026	1473
4483	2113
4420	2382
561	96
4558	748
4879	4127
4332	2854
2727	2204
4656	700
3598	2420
5116	31
3278	2382
2688	592
2653	1968
3864	2358
3917	1555
1901	1442
1497	118
4614	3362
4111	1792
1102	907
4111	552
1655	543
3293	993
2358	112
2991	1423
2553	766
3553	748
3644	803
3780	2641
2967	2622
3261	1387
4178	3127
2887	516
1656	1568
3799	2486
4343	516
5188	4319
2615	348
4864	1572
4600	96
1965	1455
4586	3278
2887	1129
4804	2452
5010	1555
3078	2621
4630	1036
3440	2947
4415	1016
4704	120
3540	2889
549	471
3481	2085
5112	2128
2864	1447
3300	2258
748	646
4178	1347
5232	3780
2128	319
2382	2142
4001	120
1449	1133
4608	881
3192	2653
3500	305
3888	1952
4082	2452
5042	1774
4586	831
4496	1270
4608	1442
3477	1533
1775	1270
4608	2897
5215	1062
3271	120
4044	564
4408	335
4243	811
2892	553
3403	2162
3598	2510
2486	2007
1669	317
1133	133
2897	1555
5069	4879
3120	92
5008	4225
4236	2486
4608	4418
5227	4243
2438	600
2211	294
1555	319
1533	848
1070	275
1879	1555
1640	1555
5177	2158
4813	251
2816	135
2227	1455
2887	1531
2956	120
2258	231
4372	1562
4415	74
3143	120
3078	2887
2258	261
2847	2318
1574	1155
4185	1821
4555	4178
4864	3004
5179	369
579	559
1783	1773
3988	853
1493	1437
2040	1779
2258	1361
3846	2654
1533	1273
2158	1532
5217	5181
3267	2579
5154	881
1814	564
4438	1680
2318	1555
3598	1652
4723	29
1555	659
3886	120
4551	1780
5219	802
3575	1978
2799	2529
4781	120
4154	2258
4608	1533
4213	2318
1376	28
1774	67
2207	1133
2582	2372
4402	2158
3477	600
3331	1133
1646	1602
2013	537
4026	558
5042	67
2196	1555
2436	1056
2706	37
559	356
1836	1786
4915	4094
3472	1974
2826	2486
4849	328
5243	4747
1555	1455
5215	994
5177	4402
2368	839
4608	498
3627	1774
4864	3275
1555	1442
4969	3850
2711	2311
4130	907
4178	540
2878	1171
739	468
4864	1133
4558	4540
3953	1534
4012	1870
4681	717
4675	2486
3229	1555
2542	1803
4961	468
4935	192
4776	1273
1555	726
1947	1514
5257	120
3598	1646
1953	400
5188	120
2654	812
3638	120
3264	1819
5069	4071
2100	773
5223	479
4734	26
3245	1555
4271	2318
4057	2579
3626	2380
1821	1133
4082	1293
3909	1149
1969	695
3278	112
2680	319
3510	274
2521	2486
1104	716
1339	648
4088	1889
2537	2525
1341	921
4127	3999
5223	1655
3879	1097
1753	553
1494	1169
2453	599
5215	1814
4391	909
4613	700
2270	960
4031	191
3229	2897
700	423
4734	120
3827	2069
735	12
4343	382
2380	133
4130	3177
2976	2486
4317	2653
3113	1075
2081	716
2789	663
2866	120
1942	1708
1493	1484
3856	766
3192	537
5179	2358
2653	1447
2654	2486
1493	176
1131	268
3807	2147
4796	2486
4428	36
5196	40
4109	599
3613	960
1259	120
4864	2529
2158	907
3309	693
2322	120
1777	52
2942	120
4960	3203
1716	541
5132	1667
5188	449
2621	582
2633	881
5232	28
4420	3834
4537	815
2810	1952
1348	1295
1697	251
4681	2258
4608	2158
479	92
4336	1656
466	120
1239	120
4864	2237
4130	348
4528	2486
4967	51
1451	816
700	348
4666	2762
4689	1538
4540	1481
3644	1765
3336	2653
766	212
592	251
4849	639
2211	858
4415	135
3237	1417
4845	1576
2318	703
5223	1331
3001	1555
2373	120
1887	120
3770	120
3460	2541
4483	1293
620	494
4582	4567
4131	1555
4044	3472
1458	1146
4962	1133
2158	40
5241	3598
4460	1574
1889	872
1133	561
4332	4130
1774	888
4864	494
2113	1555
3904	872
3138	1038
2157	1083
4124	1821
2258	1846
2100	1777
1447	663
2318	659
2899	2653
1568	120
3184	2012
4551	4178
2100	1653
4930	4193
5217	1766
2989	2008
4589	2486
4540	3382
2457	348
4178	3540
2579	1107
2694	2263
3815	199
461	422
2158	127
2367	1566
2393	1555
2486	1473
2632	120
4141	2258
3801	3153
4613	3754
3637	1226
2382	1479
2965	2641
1437	1021
3879	2017
2130	819
4469	2769
5177	1338
4658	2318
4495	1945
1653	802
4970	3562
3875	18
3120	120
4186	449
3187	423
5160	3078
1574	1062
4141	497
2915	739
1476	120
2318	2308
4972	695
4930	235
4582	4086
4583	1494
4199	525
4743	1555
276	120
3490	524
2827	251
2817	275
1555	335
3440	52
4127	2458
4186	3883
120	45
5196	975
4073	1870
1555	1350
2040	516
2727	103
1781	1010
3237	1302
4540	3863
4864	1621
2653	294
4772	4589
4864	3848
4864	324
4466	112
5077	802
2774	1034
3309	1455
2275	1279
3907	600
3783	3111
4608	700
4977	2907
4081	3477
513	461
3043	249
3733	768
5047	4785
1971	318
4469	2970
3439	1903
4727	600
4970	960
3965	2263
2889	2416
4372	92
1197	1013
5232	2204
5018	4864
5108	472
1759	1493
4060	2967
3755	1093
4734	816
3229	2486
3129	1348
3745	1555
4365	354
4586	2895
4332	848
4878	1511
4141	2070
2826	92
5164	3553
4627	2211
5069	901
3669	1338
5188	1705
4788	861
3331	1212
1632	646
4608	1455
4186	3078
3988	3907
5184	1010
3678	1655
3910	1555
2416	773
4859	29
3914	92
4864	4411
5112	653
2158	648
1429	129
4510	2486
4864	4317
2315	1448
1555	1116
2910	1636
3205	1447
1983	1759
2854	2381
4009	120
3439	2866
348	68
3848	271
2654	1942
4111	2498
1990	348
5155	1948
860	797
3505	1188
2887	659
4732	2604
4709	2277
4597	120
5148	1741
4415	2817
3562	2318
3331	1494
3828	1371
4624	120
3982	842
3553	3363
5154	4878
5120	5018
4483	250
3439	3200
2509	1368
1652	319
2984	120
4595	1816
4739	1942
3986	1574
5164	1666
1447	1094
3243	1555
4963	582
2452	1836
3907	564
2887	686
3435	646
600	561
3630	199
4879	1759
5179	4276
326	106
4571	4232
4582	3976
5116	4843
2694	213
5223	4967
3331	2857
3810	1349
1451	1133
3603	348
3907	3864
5154	3561
3505	339
4864	2050
4186	2318
4909	4671
2902	2698
5253	120
2211	1598
4483	801
1650	79
5196	120
4681	2158
4216	1571
2147	268
3778	2787
5061	2633
3654	1878
2514	1219
3644	1442
2277	2258
2258	17
3500	2827
2983	2423
564	75
5102	4031
4608	600
3549	1852
3240	2211
1194	700
3044	2069
4314	120
4408	4330
4739	2130
2486	466
1555	133
1493	677
2113	1295
3976	120
2774	1194
4106	120
3810	2352
176	120
4558	3653
4178	3873
3548	2888
5215	686
2030	110
4796	2318
4864	921
3653	2330
831	156
5215	4106
2258	2030
1117	239
4217	2381
2219	1830
1574	96
4178	170
2779	1555
4336	3278
4178	3900
2263	2128
4558	2104
4008	2217
4952	4656
3174	1555
1117	819
4109	2603
3136	1104
2311	92
2231	1741
1816	576
3863	338
4864	1759
4317	319
1901	1753
4940	2312
5215	68
3643	3470
1555	1368
4012	2486
2263	478
1595	1555
1455	816
2486	566
4952	1990
3408	120
889	400
4141	2738
2520	144
1814	1741
3988	2783
2887	1780
4864	3582
4141	2390
3845	2641
1331	918
2529	1034
4282	2258
4178	3856
3843	3627
4547	2529
5155	2147
2946	2892
2211	1526
5077	3843
4840	3451
4186	741
3723	3594
5112	4097
4187	2910
4681	1900
4873	581
3229	3001
4351	274
646	115
4058	1331
4967	4555
659	498
2727	1538
3340	1493
1555	1540
780	120
5154	941
4393	2017
3699	319
4458	2991
3637	1659
2236	1774
3999	281
5254	319
4899	3439
1555	1133
5215	4778
4878	2211
4127	2789
1316	1022
5179	1348
4415	92
4873	720
1961	1803
5126	4186
2486	275
1225	52
4608	2521
4926	2653
4999	582
2842	120
2486	2289
3644	1331
3439	1533
3277	2486
3755	597
4772	2639
782	120
2978	1097
1627	558
4739	120
1768	120
848	600
4415	3459
3240	1741
4178	2833
4784	3988
2381	2357
2211	1656
3799	2603
3644	2847
1555	1376
4558	559
1947	1454
2262	766
4899	4879
2653	2201
3403	2753
3792	483
3084	735
3548	948
4464	300
2367	1870
3229	2273
4589	803
2969	1447
4579	120
2306	1171
2158	1095
4873	4210
5018	2542
4789	3331
1233	120
4224	1049
2258	449
2258	663
3553	28
4343	2211
5047	1785
5164	2632
4540	3261
2753	2639
3627	1741
4999	4012
4551	251
5078	4849
3505	1059
5069	1290
4717	1574
1892	120
4547	2956
2970	2393
4141	1968
443	120
738	553
3976	675
5196	3124
3660	1123
1901	12
3863	3745
133	118
1741	66
1645	389
5078	4630
4540	2486
2790	2273
2641	1273
3077	2887
4608	2887
3749	120
4772	537
2875	18
4563	120
4681	1555
4891	1555
4891	4608
523	274
3807	3740
4070	1901
4070	2211
2381	600
4106	3120
5008	1020
5253	319
2540	27
2318	1780
1777	916
4094	2653
1248	120
59	58
4906	1123
3570	1068
1627	399
1021	18
92	12
2217	1331
2891	958
2830	2529
2110	1741
2970	842
4909	2661
1104	700
3254	1627
4052	3491
1109	4
4734	3120
4627	1417
3078	1391
3638	1571
2633	1668
3651	2486
1990	1666
4834	2653
1039	359
4141	1766
4235	3345
3366	96
3810	555
3651	1653
4700	120
5105	3616
3843	3510
4738	597
5215	2519
5241	2540
3444	651
1133	174
2894	1429
1777	620
2289	40
3237	2804
5154	3025
1555	739
3843	2902
4058	1900
5188	2279
4066	3644
2108	1197
4412	172
4706	911
1775	1574
253	191
2661	299
2887	1494
3113	3042
4031	433
3982	235
2311	1555
1555	135
3644	2804
703	619
4589	3500
3500	2903
1968	235
2991	2070
3577	1317
3331	1676
3572	1455
516	79
4864	2211
1743	1165
3203	700
2047	1010
3229	3153
2211	120
3557	1493
3254	399
4608	2585
4265	1010
3988	767
3815	3628
2581	120
4496	982
4717	2956
3572	92
4650	700
4012	498
4109	2436
4787	1133
1524	839
4225	423
4407	1892
2318	1638
1780	1481
4838	2887
2436	95
3807	3477
4653	1922
396	96
3413	815
445	120
4225	466
4483	1082
5118	433
3548	2416
3890	3803
2542	1307
4393	3
4438	4094
2318	739
4109	2258
4859	2418
2395	2258
3651	52
2471	2216
3599	686
4444	1780
3627	2697
1995	918
4101	494
3669	2515
1881	97
659	4
4878	2158
4026	1772
4915	4859
1708	1331
1270	1137
4225	1146
1803	354
1094	1083
2956	1995
3810	3254
3573	686
4717	3382
663	491
3243	2621
2787	542
3771	348
5118	3494
5196	4186
1679	68
3038	96
4785	3888
4980	2318
4967	1708
2887	1481
2158	881
4349	2887
5097	1265
741	695
4604	120
2211	575
1021	120
2887	1942
4849	4276
1493	1447
3078	1741
4466	17
1697	1133
4864	3282
4008	1455
2217	1708
2653	494
2878	686
3472	456
1555	533
5175	3627
5217	5155
4178	1652
4744	559
4864	1360
2416	319
2520	1458
4656	1270
4970	2781
3738	3300
1708	483
5154	2970
5219	1130
4963	2823
2486	700
1881	700
3529	3267
4239	3212
3553	1133
5215	2273
3366	2529
2157	213
3644	118
4595	1345
248	36
2583	1803
4239	3067
1779	1555
3945	3341
2363	1555
3907	1442
4178	2812
5179	1536
4891	2976
4466	1721
5179	2753
4195	1314
4825	2158
4178	758
2380	1429
4097	2680
3856	2207
3549	231
2371	120
2540	815
4553	2158
4864	3309
3856	1656
4141	445
4288	4178
2273	2012
5215	4813
2991	2420
4817	1533
1447	1418
572	96
3254	1146
1813	1780
1493	1455
4650	648
4186	328
4178	2276
1265	781
4226	3113
2505	878
2892	2382
1774	274
3229	329
2088	1741
2254	1447
363	120
4798	2774
2781	2358
2452	700
5227	3548
1494	858
1555	17
4278	3637
2529	1555
3766	1877
494	275
4276	483
4579	3510
2515	1555
4178	29
4772	803
4785	3803
4384	2568
731	494
4935	3643
4558	911
4963	471
3257	2826
2355	120
1288	739
4677	4186
4141	2553
3740	2110
686	558
3875	2991
2318	1646
2318	2113
4849	96
1038	155
5215	1901
2434	218
4178	1463
2653	2607
4127	1555
1646	1295
2211	471
4785	1462
1777	1039
4596	1540
3561	1514
1016	275
3755	1442
2207	149
4111	3561
2956	1373
663	75
5160	4813
4589	4124
1189	191
5031	794
3744	3668
4158	3907
2509	363
5177	2970
4178	1598
3472	2688
2711	1946
4967	1331
2452	2056
5241	2420
1789	1447
135	96
3459	1016
4909	1056
2779	2069
2113	1602
5179	3059
2902	2236
2890	806
4553	1038
2715	274
3670	960
3505	2128
2892	2162
2358	423
3953	3651
1555	1533
471	263
1256	663
5177	2393
3128	2653
3509	686
4622	1656
4656	1307
3184	156
4940	156
1486	120
2196	2158
3561	3439
4813	3225
3584	120
5179	798
3059	2969
4282	3439
5160	982
2989	2207
1785	354
4879	2983
1574	386
4372	4186
4210	3254
4589	646
3071	2318
3818	1307
4627	1302
2738	118
2821	1133
4582	3049
3177	1295
4141	2395
3425	1775
1766	1038
4462	1555
4232	1730
3914	3630
5112	3049
1532	358
2982	2653
5008	3944
2258	695
4859	592
4864	2196
741	129
3699	2902
3439	2438
3510	870
2510	170
4608	1020
2315	2217
4967	1447
2537	127
5184	599
4154	558
2505	1171
3331	1785
3644	265
4929	2486
2158	211
3174	639
3995	1387
3331	1300
3221	2902
4873	3745
4813	2072
4244	3403
4608	1416
4985	4178
3723	1652
1447	188
3682	2419
3807	1574
2594	2510
1766	695
4157	897
1741	1107
3548	2910
2258	1261
839	27
1107	700
5215	1632
5060	2232
3444	2380
1980	621
2287	648
4343	354
5112	3466
1038	231
4723	2887
4681	4321
4186	3644
5133	2722
3651	2431
4783	3440
2991	2460
2579	92
3483	881
2653	794
3926	795
3336	3255
5184	4008
4066	646
4909	226
1225	27
1380	118
468	136
4654	120
349	191
1889	231
2453	96
4233	1029
5120	3735
2602	1870
3892	2340
4436	124
1656	235
4864	2357
3735	1555
4521	2010
3888	354
3278	42
4141	800
1780	361
4909	1137
2527	1347
3425	3233
2158	1901
2318	37
2706	2158
3818	231
2270	483
4922	1978
3937	3643
3403	276
3875	3403
1780	92
2887	2486
4339	2158
1780	700
2887	2698
5179	1739
3367	1153
1663	120
3644	1830
2991	1540
4343	3403
4110	1741
3594	1370
2258	96
1533	1133
4611	4130
4178	168
2804	348
4558	2887
3988	2887
4186	2389
3153	1859
4616	4186
348	118
4572	1786
4343	881
3744	1766
4081	2279
2365	67
3815	1040
1538	992
621	120
2821	1555
4233	1350
3446	1555
2648	120
4962	406
659	417
4553	4106
310	231
4224	1307
5179	4796
4412	857
4130	2519
5241	1555
3637	299
1663	253
4141	3505
3459	275
1780	918
2991	29
4608	274
3834	2778
649	108
4982	120
2653	1990
4993	3548
4473	663
3904	1889
4873	1349
4589	3644
1697	1533
1632	1331
4540	3529
2287	92
4031	1780
2970	2318
4772	3120
4239	167
3627	2653
4589	4066
5210	1555
4666	1808
4315	1338
3331	3042
3425	1533
4566	4186
1133	923
1133	422
4118	1104
5215	2970
3472	2887
1780	1010
5074	2158
4244	2207
2863	897
444	354
2207	75
592	27
120	29
2258	135
2322	1272
5215	3628
1153	686
4911	423
4191	2691
1917	160
4784	717
3937	2158
3700	1646
4466	74
4589	4553
3599	1153
2887	2393
4527	4031
3553	2982
4487	3264
1179	566
1985	1655
4393	1377
5018	4963
3771	2080
4864	1659
3651	802
1532	400
3472	1777
2158	133
2639	135
3177	2318
1780	889
5154	2289
4723	2258
4130	96
2632	1990
1646	1348
3059	798
2369	359
4681	4066
5164	909
3599	329
3467	1331
3501	336
3161	2653
4008	3174
1034	698
2653	1146
4351	3843
1705	354
3758	2915
2515	129
1493	1338
5251	5219
1158	639
1638	1555
4734	75
2423	716
4641	2515
2654	276
4349	1448
3892	2852
3740	885
1555	803
2289	1002
2887	423
4963	1814
3776	265
2621	549
2750	1097
4658	695
5179	2639
2875	2158
516	135
1656	305
5179	695
2223	802
3755	3572
2665	898
2846	1083
4372	2365
1179	581
3025	2258
3501	1789
3562	3278
4058	2217
4627	2653
1656	592
5196	43
4482	781
2588	1059
1889	761
3154	1189
2358	1331
1284	739
2634	118
1666	1458
2416	120
4148	1783
4608	1158
3815	726
4210	1179
2547	1188
2653	2369
4597	1273
3910	992
4758	120
4217	251
4232	1226
4186	92
4527	191
1555	870
2887	566
1555	274
4187	2026
3012	1968
1652	1639
3736	695
1942	516
2653	977
5187	2318
3522	235
3644	3613
1759	1574
3917	2318
2486	1493
1290	892
4909	95
5118	3850
4695	1680
3818	1447
1009	400
3309	2158
4244	2603
2892	466
4930	449
3120	766
541	120
4608	686
4066	639
5133	1524
4930	542
3553	1697
2321	1632
2258	147
4422	4178
2946	1948
2486	4
4547	3966
1288	213
4427	519
2318	881
1697	348
1160	120
2596	1244
1339	872
313	231
3862	1447
3807	335
3439	2706
1777	1225
5223	4276
5213	4178
2603	1153
1748	1479
2158	820
5215	4700
4962	3154
3793	316
4178	929
3937	218
1555	491
2453	739
3848	1155
4154	2991
3844	1315
3397	1155
4783	3644
2739	1656
5160	399
2825	1947
5164	844
2453	1104
2956	1133
4315	2887
2529	1636
2050	1455
5184	2653
3468	819
4217	4081
1338	803
4496	3254
3237	120
339	274
4178	4071
3807	2013
4157	1587
2420	1774
5116	4784
4608	739
3553	3425
4989	3088
1922	298
1638	918
3475	964
2393	1988
3755	1455
597	50
4734	2887
3733	2389
4864	1574
3344	3212
909	693
3976	1458
4909	3277
4911	3740
3644	2372
4332	120
2653	2570
3644	901
2486	362
916	324
4864	726
3154	2453
820	120
4047	274
3324	120
4217	2147
1462	1295
2562	1555
4778	3827
4872	2211
4970	2105
4787	4088
5149	4909
2945	209
5217	5063
4244	1741
2352	1878
3895	3038
4909	3240
4838	4031
4608	1602
3795	120
5184	3653
3643	3431
3017	2007
4540	2942
2258	2103
3986	2211
4878	2318
4427	271
4224	663
2158	1462
4026	3254
4099	1366
3834	2047
2289	703
4479	1785
4340	4178
5213	1273
4950	2486
4141	384
3240	2050
5196	717
4873	1179
4864	4414
3988	2646
1632	639
3909	400
3907	2322
4864	120
4031	1493
2273	741
3237	739
2170	1555
5188	4864
4597	2846
2318	1494
4776	2665
3477	2529
3403	1572
2318	2052
4589	251
2581	2330
385	120
4130	2198
3044	1056
3088	1721
3945	1447
2211	1455
1705	893
5188	156
4784	672
2946	2788
1476	1455
2318	858
4187	2719
4018	2633
5215	2052
3505	440
4582	4015
4157	348
1447	700
4408	120
3815	1104
5046	2486
2956	600
3815	461
4271	3435
4878	1555
2064	120
3700	739
3572	191
4845	3644
4558	2144
2357	918
4031	992
4537	2715
3062	2380
4219	4141
3909	1532
2158	469
5256	1774
3675	516
5154	1338
2189	559
4236	92
4950	3771
2158	739
519	120
2774	881
2358	191
2641	1447
4063	120
4141	3458
5042	2680
2520	1974
2486	1396
2603	96
1555	121
4864	3152
5157	120
3643	318
4276	1131
2469	235
4031	686
2633	1753
4784	884
4154	191
4412	3240
516	120
4141	29
2147	1533
4899	1638
4317	2258
2211	1814
5148	1946
4217	1574
5060	1197
4734	1331
3505	2318
5215	3001
4838	4415
4727	2887
1896	191
1533	960
4864	3846
1486	191
2207	1526
3644	881
4402	2318
4513	300
2486	1574
4178	3771
2738	1852
5210	4608
3719	3651
5154	2483
4148	1316
3565	3078
3803	231
3570	1307
2889	2223
3439	819
1786	1764
3575	1286
3071	230
2799	1133
3827	2570
4970	1901
4784	4024
5210	2158
5134	5116
881	816
1677	120
4511	2435
2653	1780
3078	582
2654	501
1900	1331
4537	3888
3649	2509
4891	2273
4057	92
2438	498
1813	253
3599	2641
4864	1586
2499	1348
1338	446
202	27
3481	1878
3352	2372
5241	3262
1656	329
3168	2653
1133	449
2965	335
1990	675
4402	3669
3553	819
2585	2318
1779	1106
2562	2158
2318	1900
1019	1010
3464	2069
4503	1555
5112	4649
4929	2910
1947	741
3475	1752
2641	1002
700	45
2416	2273
739	271
5094	2390
2486	2453
1602	659
3483	156
2211	1780
2895	700
4864	816
4189	2521
4372	1968
3834	2418
4495	642
2641	2352
2306	120
2318	274
4378	3267
4547	561
4148	2491
2258	994
2723	1377
1753	651
2243	985
2824	1741
2486	559
660	231
4483	3937
2207	120
4086	4082
4244	2211
2991	363
4772	3644
4521	3403
2147	276
4408	2875
3810	2438
3483	3261
2641	411
881	794
4796	1870
4412	1179
2876	120
2970	417
4608	836
4766	4282
2632	1881
3723	1555
2438	1316
1509	1447
5217	4677
1777	27
1914	167
1463	120
4608	3607
4540	2887
3937	142
4879	3062
3413	2547
5188	1348
1070	36
2939	192
4351	120
686	348
1901	1219
4796	92
5217	1233
1455	498
4210	555
3613	1186
685	549
4704	1974
377	120
5219	2157
4031	2219
5160	4412
4689	43
5042	1265
4224	156
2486	1968
2318	417
3739	2486
4244	1803
1555	1474
2486	120
5077	2582
4157	2258
2970	2113
1779	96
4864	994
1830	1107
4094	3150
2808	15
1555	703
2878	1995
5184	5175
4864	1361
4331	881
2100	96
3755	2315
3540	1777
1821	253
2778	2436
5008	1753
1555	464
4066	1158
1270	700
2863	1117
3723	3187
4468	1010
4553	2827
4195	3643
1878	319
4864	1741
4785	1952
298	120
4879	1983
1321	861
3560	120
4935	3926
3017	464
3435	639
4076	1533
4789	2915
2878	1531
4772	3670
4402	1317
2142	120
4598	4141
3782	120
4178	918
2486	1780
5217	1775
3754	1814
3125	2991
4641	741
5184	3988
1636	1451
1753	92
5154	1244
3815	1853
4813	1293
4540	1813
2603	582
5134	1574
2641	1785
4666	1708
4178	2413
4018	2661
2894	2887
5215	3229
3408	2258
1948	276
5241	964
3153	75
5063	1133
3565	1555
3643	144
3669	3261
4825	4608
1555	498
5215	2615
1753	1708
1555	1338
3038	2436
5068	415
3500	537
1878	274
4859	3801
4961	640
2258	461
4031	3776
3120	235
5145	1807
4178	1772
2389	251
4412	1270
4282	2006
4141	1572
5232	5217
3510	120
4744	4689
3138	2147
3262	3116
3644	417
2588	2128
4864	1374
1666	675
4219	1656
977	120
3553	3078
1555	1416
4749	483
4343	1429
2416	348
2026	1922
5074	2318
4608	2976
5134	4244
4178	700
5175	1985
2967	1995
3509	235
4378	4102
1913	1133
4124	537
3565	537
2380	2207
3856	564
4859	2536
2902	339
2207	96
2510	2157
2889	773
4482	353
1484	120
3834	3012
5188	1131
1968	1133
4174	498
663	212
5251	1549
4187	1010
2258	960
4909	2486
4407	2056
3205	1555
3810	1627
4124	2486
4909	4057
2289	960
4415	3243
2318	133
251	37
4864	3627
2524	1678
4058	4008
1268	1105
2050	1741
4963	572
581	555
1458	700
4178	717
4537	1532
4157	3637
2013	1741
4844	1109
2622	2052
5180	2311
700	172
1663	1137
2223	435
982	766
2050	948
4438	3341
4734	2070
2318	469
2113	1348
5077	2223
1450	120
581	251
3527	2615
4981	43
4627	3976
3644	1741
3864	1697
2520	1985
3626	2910
3221	274
2654	607
2529	1387
1902	831
4963	4627
1070	362
3012	1455
4178	2825
3153	2423
2279	1455
4970	3078
916	359
4608	1879
4428	1040
4076	2448
2025	274
3907	2864
2486	2069
5112	2123
4415	2358
1881	1666
4558	1455
3699	1133
3644	646
316	75
2258	1922
767	659
3651	209
2991	471
2887	1002
4547	1807
4909	4412
3403	2553
1766	1571
565	481
4178	3442
4106	348
3776	700
2460	599
2367	1390
4157	929
924	911
4583	2887
4466	3573
816	686
2887	2529
3245	2158
3275	2694
3807	1533
2460	120
5210	2318
4864	3055
5223	4186
1803	815
1362	305
4215	1555
2827	1900
5046	1555
2817	806
4106	1555
3622	3575
3644	2365
5215	4130
4739	1347
3004	642
1555	417
3807	96
3467	3257
3331	815
3549	1708
5254	274
1995	1171
5175	2013
3153	1753
1148	120
2358	2254
1484	1455
4496	3240
2653	1626
836	348
5247	4778
3394	120
2529	1868
4864	198
3754	1948
5227	4622
4193	3129
4106	2887
4998	120
3439	1463
4225	4207
4513	4464
3192	2258
2956	592
1947	537
5068	3459
4189	446
4263	2258
366	97
1010	235
1295	907
4727	3700
3965	319
4487	606
3439	1447
2315	449
5118	3044
2486	2268
4608	1295
537	483
4838	4186
1349	399
3942	1574
3622	2510
4886	120
4483	1058
3963	1295
4859	4042
3500	37
2258	2140
3471	1371
1442	924
4026	1038
2182	118
4148	3278
3344	3067
4224	142
3565	483
4056	120
1284	884
1153	144
4608	2670
3682	1349
5118	4082
2519	348
1454	884
3548	2842
4396	274
4141	4071
3510	194
5031	1946
3745	2633
4372	3637
4326	2540
2633	1458
2596	202
4210	839
4357	1016
3548	1417
4349	1708
4738	4511
4458	4141
2633	566
1295	766
3657	3643
4981	582
494	120
4662	3431
3891	3510
652	120
2738	1555
1133	276
3599	3573
1870	697
4052	2983
4937	120
3466	653
5115	191
686	655
1697	184
3116	1878
4547	3570
4950	2944
2413	120
2653	2070
3477	516
4909	948
5112	3413
2804	2486
4496	1663
5215	251
5116	120
3278	1133
5179	4186
4157	2499
2970	659
4859	4424
2945	100
4738	2315
3071	1748
1338	1333
1366	120
5196	803
3669	1752
4864	4419
2863	348
2017	1097
4008	639
4671	3740
2691	1945
4784	494
3509	1007
377	44
2562	2318
4058	3755
1339	935
3545	918
1533	777
2887	40
1533	294
3494	2486
746	218
4236	2883
2661	1428
3221	2157
3626	1889
5132	1780
4630	2270
1555	816
1396	720
3367	2540
945	564
3815	1373
4008	92
4141	479
4141	276
4008	479
4141	592
4864	1640
1104	599
3472	907
4963	3442
4004	716
4673	1741
3682	642
4263	3413
1901	276
4124	1708
4057	1417
5196	553
3440	2970
4715	120
2942	2358
659	597
988	120
3668	120
1821	492
1212	348
4864	1566
3643	425
5223	3744
5254	2694
4772	469
4608	1293
3918	3240
2207	1419
4558	3261
2521	2318
2706	2318
3963	1555
3472	1779
5232	4930
5078	537
3758	739
5132	2436
3267	1821
2663	433
4111	2486
5001	4930
1555	1531
4864	3988
2582	1133
4759	3486
2680	274
2273	1062
4537	31
1777	202
5177	1646
1780	1295
4081	2382
1533	12
2892	96
4677	1948
2779	1741
3331	2583
3561	1396
4479	777
4088	923
4148	96
4097	2902
4082	2486
2499	897
4587	17
5069	298
2970	686
3628	3012
5047	2653
1372	120
3736	960
4864	1387
120	42
5232	2653
884	716
3577	773
2817	362
4772	2486
2036	1455
2431	1653
4031	881
2393	659
5232	3553
3740	276
3627	1265
1555	476
3651	3468
4263	1938
4393	2978
2211	411
5069	2774
1780	1646
2207	582
3754	2567
4719	748
2393	566
1491	494
1555	37
1870	582
1293	251
4097	339
4372	2486
4864	3890
2108	1447
4178	2746
4873	3529
4466	2722
3278	945
3834	1454
3988	1574
3855	120
3674	96
4215	120
5042	2263
2633	1988
5007	319
4243	924
2663	191
3377	1133
1716	120
3491	2318
2603	294
582	494
3793	2750
2706	1293
3807	3233
2358	1813
553	348
440	319
4539	2663
494	75
3627	3505
2050	1349
3553	494
2136	262
3001	348
3643	2875
2258	941
1847	120
1133	559
120	52
4378	92
2163	2123
1165	120
4331	3818
4141	510
5253	1774
2582	1779
2258	29
2875	1455
4130	1555
4148	1509
907	231
2069	1056
4473	211
2318	476
5227	4936
2510	1300
4349	57
2330	1708
5026	1349
4178	2703
3468	773
2945	1656
4178	382
3758	3598
4608	3245
1039	440
4008	3755
4864	3425
3510	2902
3240	198
2946	1331
2774	693
5188	1431
2040	1974
4210	1808
642	231
2158	748
5215	3904
2887	466
3565	1158
5241	120
4845	45
4415	2887
4178	1584
4614	1768
4217	1533
1493	1119
2050	1531
4466	2767
1576	579
4271	2486
792	120
4952	3644
4634	4393
2767	1830
2219	1533
4796	1455
4864	3963
5196	2108
4217	1165
3078	449
4772	2875
2278	1656
2864	189
1779	1072
4496	3630
571	561
1010	112
4864	3072
5174	2542
2278	549
1896	576
4076	3125
4558	2254
4864	144
5188	2970
2207	893
2792	120
3755	1626
2653	2633
1741	44
1779	1447
1760	1635
4778	4483
3843	274
319	213
5244	2529
4495	4407
4185	1555
3278	2211
1555	686
4190	1038
2486	960
3215	1555
4157	2273
4879	1437
3040	2130
1947	1555
3644	3500
3413	2536
4864	2369
3856	1870
581	328
4408	3749
4784	3084
2529	1131
4558	4123
5160	3254
4349	3467
3627	2123
2827	537
3598	274
3803	1058
4811	2140
4070	1034
3217	2258
4521	120
5018	1390
3549	2607
120	64
2715	319
4332	2453
4225	1036
1643	993
3215	1455
4695	1555
5157	3637
5116	5047
4749	4558
1455	881
564	120
3887	3278
4101	1779
4243	600
3399	1555
4464	3366
4130	2854
3261	1901
549	120
5069	3261
4789	281
5219	2223
3177	2774
5237	2537
3914	1741
3668	1741
2211	354
4952	581
4784	1533
2823	2661
2915	972
4407	2691
4321	3174
3363	1697
5215	1212
4141	4109
977	948
2641	1574
4288	120
2836	1901
5118	4952
3071	1083
3413	3225
4783	3557
3856	2653
4044	1814
3500	639
3153	120
2540	2207
4656	1349
2970	2540
1666	1133
4784	3834
1632	1158
5142	914
3815	1942
4656	581
4106	1646
4558	3529
2883	2459
511	319
3793	576
3262	319
4864	3637
5069	839
2887	92
5154	147
3845	2965
4589	2318
4141	3976
2940	1807
1643	45
2486	36
4723	4558
4318	3644
1803	43
1059	274
3045	1447
4879	3008
3548	1021
2088	213
3644	3315
3807	1859
4785	1307
5125	2318
4026	982
2088	1083
1555	1401
4207	2956
4622	120
4243	348
3999	2008
1447	469
1978	1773
4473	716
2273	2025
2866	2529
1455	1331
4980	2158
4247	274
2889	2100
4332	3807
3078	2653
3345	42
3366	516
3442	2603
2796	235
2486	498
604	540
4999	3577
3254	700
2420	2158
4940	108
4681	4553
3527	2006
4042	881
923	884
3549	2847
3419	693
1775	739
2289	75
1146	675
2817	1016
4178	3055
3902	3009
3038	1056
3598	194
884	461
5011	120
4926	2258
4589	3565
4081	96
478	213
1425	52
3257	1708
2970	1555
3598	2352
1787	1739
4111	2892
4148	1360
2263	319
4191	1007
2358	471
4677	686
3744	133
4244	4148
4940	1555
4482	274
3895	1081
4864	147
4776	3043
4178	3606
3561	803
1555	858
4940	4864
1455	227
2653	144
4571	1730
1687	1076
2621	1494
2826	1131
4719	993
3644	1533
2899	1656
2258	1849
2887	726
1360	878
2024	1785
1155	274
3439	1272
2653	2632
31	15
2594	319
4235	2162
3548	3111
2978	1089
3553	1295
4178	3075
2318	118
5112	4047
1636	96
4546	3960
4641	1555
3653	1219
2457	1555
4582	1785
4781	1447
1655	1338
2579	1511
4738	305
5188	516
5160	4199
1808	1531
2989	2300
4217	1974
4873	1473
3500	1455
441	120
2663	1708
2258	1417
2263	1878
4210	1866
4864	2318
1555	1295
4864	3562
3075	120
4483	693
1774	319
1942	120
2126	120
1983	717
3120	1447
2158	1985
5060	1475
4141	3954
281	144
2311	844
3904	1716
3570	1555
2258	932
3904	1339
2863	1131
1971	500
4428	1424
3594	218
3225	3177
4961	3573
3025	2970
2365	2098
4813	2158
5175	4124
1366	713
2258	1646
2158	1367
1626	960
4558	1451
2339	2258
209	127
3669	129
3195	549
2158	335
4571	686
4608	3669
4879	3890
5195	4047
3627	2128
2358	1881
4106	748
4015	3341
2691	1007
3510	358
5223	92
4247	120
4412	1741
4909	3776
3174	1158
2358	2070
235	96
4378	4127
2788	2318
2069	95
2423	1473
3729	2729
3384	1555
4608	3001
2940	433
3651	803
4851	120
2007	231
2846	1793
713	298
4864	2372
5217	2524
2050	127
3548	2287
4378	1357
2113	659
3252	1447
5188	4178
4999	3509
3792	537
2939	2358
1900	1555
5187	2158
4031	1378
4738	4058
4859	2864
4199	3293
2739	1299
2882	120
2486	1013
2157	19
4412	3254
1741	1137
1555	1328
3598	1607
4864	735
4961	2413
1377	1097
1678	494
1708	761
3815	599
5175	3834
1493	235
5177	2113
3746	2789
5219	1653
4340	120
5256	1288
2367	878
2330	96
3783	3389
4681	964
2064	96
5217	2419
3888	1785
2890	2486
4911	3561
3843	3598
4178	607
3699	3505
4339	537
1447	1133
5102	3129
4772	4681
5118	921
4930	2486
1830	1533
3212	3067
4130	2357
2318	701
4349	3257
2435	923
1188	1034
167	96
2158	1350
4097	3505
4141	735
4224	1290
4616	1737
2100	1347
4186	4102
2050	1481
3078	2315
2524	1994
1679	1049
2946	329
4948	4178
4082	2241
5256	319
3598	67
2322	1509
4627	4141
2537	1679
2434	335
2892	703
4734	2217
3766	3577
1708	672
4864	3261
4864	135
4057	1511
2459	1775
3134	1555
2273	498
3510	1878
2258	1109
853	120
231	155
663	100
4766	1533
4127	57
2815	1602
2809	120
1687	1348
1188	274
4186	3739
3643	133
2768	2147
5253	5104
3654	3573
4547	975
4630	4553
1785	641
3960	519
2961	1779
5184	1721
4704	406
1646	566
2653	901
3740	406
1049	144
1022	897
2780	1828
2416	275
4864	3192
1455	18
1070	1016
4738	4008
4224	739
3739	663
5215	836
2158	1602
3807	2854
1627	555
4608	127
819	773
4962	4546
4332	2357
4444	2358
4111	553
3548	1449
2603	276
2318	1270
5251	2902
4864	3573
4589	209
4130	2273
4813	4681
4963	135
1455	45
4595	3510
2629	1566
4589	1708
826	120
4582	189
4236	2358
2418	2012
3116	1777
4796	4558
2318	648
4911	445
3565	3174
4031	3553
1655	1270
2258	1003
1917	37
3937	2318
4864	1018
2157	2128
3904	3549
4412	4384
3055	1447
2540	842
4243	3651
2123	1994
3001	2486
3016	1892
4558	2982
4537	2846
3700	3001
5069	881
4608	1785
4008	2315
4397	2540
3103	120
2529	689
3909	889
4157	893
2965	2603
2166	1780
5094	568
4935	1293
4744	1533
1807	192
4963	3848
2158	67
3257	1331
2486	26
4551	120
4859	3025
2603	735
2510	108
2131	118
4141	2989
3459	2486
1656	1543
5251	2085
5126	2769
4970	2088
1826	1155
4583	3078
1946	566
2812	1010
3669	2318
4656	172
4106	918
1571	235
4076	836
621	319
5046	4186
2207	1814
3599	1870
4158	4141
4546	1555
1775	1133
4178	2652
4466	761
2279	1499
1475	581
3565	646
1900	803
3622	2232
5196	1995
4950	2244
2603	1049
4909	1942
3472	52
2632	1349
3010	2012
3174	2827
1990	1349
3888	1687
5133	649
1574	268
4145	120
3739	881
2108	92
4349	2486
3719	120
4217	1447
2976	2956
3278	1484
4419	120
4217	510
1555	211
4723	2970
4496	253
4906	3660
4909	2827
4315	348
4772	3500
3475	960
3755	3446
2615	209
1549	1059
3331	2540
4343	2207
4571	1226
2887	1442
3995	1455
2158	1494
4778	348
4076	3613
4178	4052
2892	2667
4666	746
4681	3644
1913	579
3694	2887
3203	1655
2525	1705
4101	3062
3059	704
2889	1882
4813	4540
2104	549
2680	1650
2493	1667
4415	3153
3715	120
4787	235
4579	2698
4864	3045
4186	916
3651	2100
5244	5196
2583	354
3174	1331
2064	1447
4132	96
1179	399
2258	294
4178	1653
2542	1475
1655	423
3946	3049
1663	948
2358	1481
1708	433
2318	491
3815	1669
4778	2481
1971	1626
4849	4630
4127	2318
1265	274
4420	1424
5241	4558
2553	2207
4681	853
2390	599
4675	1133
2453	1070
2104	1741
2224	1447
4750	3644
2458	2292
4393	3042
3843	339
5215	57
4879	4178
1493	209
3557	1834
4666	3926
4915	3439
4789	1555
1708	1339
5195	4963
2357	2024
2435	1632
4608	1348
4326	2510
2499	1587
5008	803
3630	120
3651	498
2410	136
3078	1555
4558	3644
4656	3675
2072	1339
2603	1814
5060	2294
3408	1493
3237	36
3792	3755
4864	449
1777	1687
3910	525
3052	1447
4739	3040
839	693
3529	2358
4864	4343
5125	748
4593	349
2512	120
2158	1390
1708	253
2318	803
2486	1533
120	43
3278	3025
4235	2244
5223	3062
4681	3988
2158	17
3331	1974
2633	1417
2486	806
3483	3464
4930	3613
5215	2653
3561	209
4026	566
5241	1774
5078	4217
3267	298
5149	3653
4417	1555
4130	2887
5217	4330
2887	1533
2275	992
3467	156
1656	854
4999	1870
1978	777
4800	2653
4073	2774
2653	1568
3553	1376
3783	3637
2653	276
2686	31
4244	3331
2976	1447
4418	3834
4723	230
3510	1555
3856	2654
839	719
4936	3895
3049	1978
5212	1555
4864	4152
4178	2527
2431	802
5188	4942
3843	3290
4178	1062
1646	1555
2585	2158
4457	1978
1114	120
2965	2434
4952	1666
5244	120
4558	2942
4217	1779
2991	2006
4993	2273
4677	3150
4864	3352
3914	1821
2892	1983
766	559
5060	1777
2289	2158
4813	1579
964	652
2241	120
3439	3183
4821	4438
3719	3627
3116	2128
5215	4157
4952	2663
3627	2694
1555	1396
3807	592
3565	2827
4952	3810
2881	2458
3366	1779
3755	2258
1437	869
4879	2064
4734	700
3780	2925
2887	592
386	120
2653	1423
5060	2147
2519	1010
3630	2856
1362	717
3293	1965
5179	2887
4785	777
881	227
3174	1900
4110	1870
5223	4950
4952	172
4952	1131
1752	1196
4174	52
2158	1002
399	253
4952	1146
2903	1632
878	120
5251	5007
2719	1371
3071	249
3917	2258
5174	1730
4952	2940
4891	2318
1659	369
2382	2358
1821	693
4243	686
2519	305
4521	549
3022	2653
1646	659
3643	75
4418	1555
3879	2978
382	120
1007	642
5044	1425
5175	215
5134	2583
4681	1968
2318	40
5031	120
1807	1244
2510	2223
1948	1447
2982	1697
3926	1741
4864	3389
1270	1038
3237	3038
4496	2050
5010	3766
3553	2394
1773	1532
831	494
1632	923
5188	1576
4213	1555
4178	677
2211	29
4849	918
274	213
3644	1783
4864	2241
3548	415
4244	1783
1945	1007
4082	1884
1632	483
3887	235
4031	3529
2394	96
4677	1002
4582	641
4199	700
5179	1186
3599	3367
3775	120
1759	1021
251	43
1458	1197
2416	1347
4178	748
1942	1901
1627	1293
4513	1555
1525	663
4944	2208
4873	4412
4018	1555
2863	2499
3261	120
4178	827
4217	2887
4963	1376
2700	2653
5215	3042
4141	2418
3649	1555
5154	5008
5060	1002
2457	1532
2632	553
2653	1947
5177	4608
4727	3598
1396	717
4681	4178
3834	1366
2428	406
1331	803
3708	2157
3261	713
3792	3120
960	377
4963	1584
565	28
1484	1434
2646	686
1273	1268
4579	4178
4906	3
3004	265
3856	1387
2790	1555
2632	675
2768	1574
1555	820
4466	335
3654	3367
2902	2680
1555	156
3643	2279
5134	354
1705	1679
3043	1307
4031	253
3778	3297
992	191
5132	1038
1331	479
2703	120
3758	1307
4569	741
1429	68
2158	417
1944	1748
3510	2970
3004	294
3914	2050
4026	156
3895	3466
4487	2259
1130	353
2428	1555
3479	2158
2486	2076
5184	3755
1225	773
3071	1971
4076	369
3643	300
4178	2486
1774	620
4930	918
1584	133
2939	1814
720	566
4106	3233
1186	281
2486	1481
3627	597
4178	3082
4967	4864
4778	271
5254	2995
3644	1075
3669	120
3739	2887
4097	2653
1534	1155
4483	3279
4671	2291
993	700
5254	5042
4378	3527
1697	1189
4627	3907
5179	1659
2294	359
5219	1347
3907	1574
3548	2550
4914	3598
633	118
1555	1424
1338	1082
4466	1744
1106	697
2070	1555
4963	2780
4727	2113
3257	3177
4215	3770
4102	12
1643	700
4407	4191
5046	348
4963	2070
2202	1555
1424	1338
5031	3535
1447	338
1947	129
5134	3331
4864	1587
3848	2211
4864	1300
4124	3174
1366	1270
4097	2263
3570	27
4998	3012
3521	120
3510	2471
4412	423
2632	1146
3257	132
716	354
2722	1555
3078	2547
4111	3065
3926	964
2158	726
4094	1555
3421	2633
3736	741
1965	45
2303	1656
4932	3533
2976	2897
4864	1447
3154	174
1632	348
4391	914
2318	1390
4558	1813
2211	564
4111	1362
5154	2158
2457	235
3607	2318
3755	1131
884	456
4210	172
2542	1449
4656	2453
5227	1595
4141	3875
4466	2300
3910	878
4058	1448
1639	1475
3278	1636
4734	3572
4408	466
2529	2457
1669	1104
4141	582
2653	449
2925	2633
4838	4555
2211	118
4141	147
4909	92
4495	767
4656	4336
1821	1481
4967	4141
2418	2258
4427	1062
4864	2788
2661	2284
3439	1350
3653	3572
4378	3277
3261	298
4851	298
3778	2890
1821	198
4070	2147
2799	96
5099	3803
2389	768
4412	3675
2804	2438
1579	1057
975	716
3025	1555
3846	2894
3598	3510
806	316
4734	479
2219	1107
3815	553
1748	118
5219	274
700	675
2453	1868
3792	4
2846	2263
3888	2808
2211	329
2318	1870
4723	2128
4511	4058
2358	348
1974	1038
2318	1493
4141	2582
3815	1070
1499	533
2050	2007
2622	1878
4535	1785
4378	3644
3136	1759
2956	172
860	142
3700	2804
2050	251
3278	1455
4681	1753
5160	921
1780	921
2583	1133
1533	1107
2976	2318
3792	465
4789	1307
4970	2211
4864	2278
1338	316
2136	1852
2817	2486
4102	1669
3261	1295
4511	26
5102	897
3651	2887
1348	298
3613	2012
4948	4915
4428	579
4940	3944
2358	993
3553	2258
5157	3459
4911	853
2646	839
2147	718
4017	120
3111	806
3494	1780
1348	417
4597	3038
766	75
4630	3553
1476	1437
4864	3413
2352	274
2486	235
4608	3229
982	600
3403	2989
4412	700
4880	4864
3572	2217
3505	1265
4608	703
3540	1882
4909	3229
4321	4207
2510	1039
3904	1708
3810	3111
3139	274
3297	2009
4228	2419
1116	354
4963	2703
2382	1814
4543	1293
3834	1424
4081	2956
4981	2189
2147	358
5154	3694
3628	2072
1741	253
4656	686
4106	3883
3237	2579
3240	948
2827	2270
3644	1493
4349	553
4734	29
1969	1766
1338	659
3904	3628
3723	120
1936	127
2887	1493
3038	2633
4886	1656
3627	2236
2258	2219
3643	2743
2515	1338
494	36
4469	1293
2603	120
1994	319
4391	693
3843	781
4473	2486
5043	558
3834	3078
4547	2279
1901	494
4101	2486
4466	1814
5121	1555
2945	1783
2769	768
4700	1455
5104	4906
4466	100
3446	2158
4980	717
4123	2653
4141	4044
4627	2258
2887	924
4873	700
4805	3008
2989	2603
5132	2486
3792	3644
3815	3352
3594	1555
3222	1744
2373	808
4785	2000
1901	120
4859	2915
3630	2961
2658	1555
2991	2254
739	348
2750	1667
4952	1511
1814	89
3625	3548
4962	3740
4178	2856
3132	354
3439	1579
4066	2486
3078	1780
5120	3758
2364	1656
5125	3644
4727	1295
5227	4689
4595	781
5018	739
276	96
4483	3793
1834	1070
5102	4690
4066	537
1133	1109
4457	2654
2318	1995
4110	1656
2663	263
3548	1807
3771	120
2436	1270
2157	781
3505	2694
4066	115
1946	672
4418	120
5112	1978
2727	739
5215	2258
4930	2892
2318	1002
2436	579
3846	652
4993	4464
2486	820
2237	1555
2030	1781
4582	1978
3552	2826
2259	523
4004	3795
881	298
4961	3776
1783	641
2653	2393
4225	2632
2808	1036
3071	3055
3818	3421
2527	120
3815	1772
2453	1437
4058	2315
3331	1901
2529	120
4849	537
2434	619
1307	739
4244	1677
4240	456
3561	738
3892	120
3644	2579
4787	96
847	213
3221	1549
4141	1133
3904	541
2827	37
2438	739
4191	3016
2211	1574
1807	812
1133	1131
1808	96
3560	1985
1669	1062
4909	4656
1093	274
5069	3550
881	184
3653	92
1338	741
5175	620
907	561
4608	209
2774	1902
2854	848
4963	120
4608	3565
4148	328
4597	3275
5250	1555
4608	1538
5115	2767
3690	120
4141	149
2263	1650
423	40
498	348
4031	3203
2537	2052
2887	2158
4031	2358
2892	2727
3982	2268
1423	1043
4734	1786
4873	4656
3960	695
2774	816
4572	120
1748	274
2036	1901
2739	2653
4466	2511
1667	120
4784	3154
3843	3505
3177	2519
4236	422
2147	1574
4952	433
4930	3278
2393	1646
3918	525
1493	847
2158	1212
3264	2942
4466	2076
1010	289
4217	3001
2457	839
2243	1656
686	144
2453	74
4106	209
5175	4100
3982	3367
4469	2457
2510	389
4235	3744
3062	1969
3225	2012
1627	120
4234	4014
4706	4244
3627	1083
4546	2158
3505	1083
4993	2453
748	120
2521	1705
3918	3616
2542	1165
5148	720
2603	1062
4608	3233
3078	2258
840	120
4378	3598
2258	1574
2956	1811
2521	1555
4579	781
2258	276
1295	686
3963	700
4211	1847
3598	243
4333	2017
2047	901
4963	328
994	348
4315	3017
2207	29
3644	1375
4141	977
2072	761
5046	881
5179	4789
604	120
5160	1555
2198	1571
1627	806
5174	3459
3627	2263
4952	2069
3413	1978
4813	3548
1830	12
1391	648
4864	3016
1081	1007
3071	2582
1724	120
3250	2023
530	226
5118	4909
1881	120
3668	2530
4378	2579
2158	794
1571	485
833	274
2945	501
4608	3177
4864	3217
4124	2270
1290	831
2486	1983
4799	2380
4930	2887
2529	2453
3553	907
4825	1555
5148	4970
4999	3078
2486	409
2727	1290
1265	319
1295	156
1349	156
2258	597
4031	1486
4838	3644
2561	274
3072	2358
2436	2069
2946	2540
2688	2258
4024	2529
2706	1555
3699	274
2910	96
3491	2158
183	120
3904	3548
2989	18
4569	17
1307	359
5175	120
4864	149
2486	92
4276	3552
5243	4608
4263	3154
2258	120
4937	4178
555	172
3607	2158
2452	1295
5118	2069
5160	251
2315	1331
3494	226
3282	1022
5060	1244
3139	2826
4627	2579
4937	918
2607	18
3570	1034
1533	354
1133	28
348	328
4963	3856
2076	918
2311	1946
3529	1830
4082	1983
3834	599
3792	2827
1197	144
2509	644
3780	493
2318	697
4071	2653
4014	440
5154	2887
4864	3883
4999	2991
4840	741
5227	3466
1550	120
4859	4315
2887	748
4066	1900
4031	2663
646	37
1786	235
2989	2925
2920	149
2306	697
549	75
2258	1766
1493	982
5018	75
1442	1383
4796	4483
2823	1741
1870	75
3755	3644
4178	1892
3225	2369
4008	3644
2004	249
1481	174
4677	4082
4909	1349
2308	2158
4244	3229
1741	1663
881	18
316	119
5116	1295
3138	435
4402	2887
3740	115
4415	1272
3843	67
2646	42
2567	263
4825	2521
3425	559
4426	3630
4317	274
5184	1038
3223	120
5068	2817
2258	977
4540	423
4958	994
3644	1901
3439	3134
907	494
3651	3229
4734	3653
1942	348
4186	298
4276	1473
2817	1129
5056	4139
3999	348
3212	1262
4580	2887
3815	36
4706	3856
4789	3758
2639	929
1630	120
2902	213
4217	2854
4608	1479
3575	2279
4671	3458
5077	243
3644	2217
1307	335
2275	797
389	274
2318	129
3136	599
3510	319
3801	2258
3477	2381
1555	324
2768	1133
1137	948
3278	3128
4257	2158
2380	2006
2258	1968
3755	1331
4671	4058
1697	28
1555	1374
3548	3008
3914	3240
2104	1442
4608	1493
4240	1697
1057	363
2632	1458
2827	1708
4567	1532
513	235
1447	691
4106	2318
3382	2358
3813	472
3863	3078
5154	3134
2418	1010
3570	1021
4772	2827
3043	2641
2970	1988
202	147
2970	1348
5047	3725
4517	120
3565	803
3367	329
3177	298
3431	1007
982	253
5118	4412
4589	3174
5148	4207
960	700
4428	782
4539	191
1555	1447
3271	2418
4483	3501
4412	555
3254	619
4466	3345
4083	2542
4970	2603
2147	2064
2263	1083
4178	2504
4005	1680
4210	2525
4186	2486
1988	1646
3229	2318
4026	1454
4849	3153
1480	120
1307	972
1901	1697
4547	96
1089	686
3195	1104
4864	2562
1772	1020
3562	2481
1511	1293
3986	2486
3613	2887
4813	2887
3044	2486
1766	471
2778	2603
3120	2258
830	120
1253	120
4244	3834
3022	1947
4899	1018
4796	1708
4652	4608
3807	2158
1347	819
4600	2961
2847	2315
3628	660
3776	120
3937	1555
4719	4666
3561	3127
2847	45
3562	2289
1555	367
1555	129
4462	3771
4993	887
3780	2318
3644	226
4972	741
4980	1434
3025	700
209	37
4608	4546
3203	2945
1279	1043
1705	446
5177	1555
3744	2279
4864	4473
4604	1656
2738	2318
1969	1104
2821	2318
1604	89
3829	1878
1995	1375
2946	1555
3036	2157
3561	2892
1868	686
3739	491
4178	2261
1219	881
4378	2069
2287	581
4784	881
4141	112
5211	4864
4097	120
4789	739
2970	2887
2230	540
2779	2486
1270	581
581	172
4219	2653
4378	2050
3654	3138
4909	2436
1900	209
4600	1574
5215	553
2376	120
3708	3313
3045	2653
4632	4256
3505	621
4689	461
3529	1780
3505	1774
2158	659
5188	3261
4727	1602
5175	975
5148	1396
4102	2429
3755	1780
3594	2158
4589	3792
5102	2244
4317	582
1349	581
4813	1555
4472	2654
3459	362
4634	3644
3309	1555
693	686
1481	253
4879	3643
4613	3553
4784	3553
5256	827
4567	120
3550	2416
2887	960
3366	1447
3128	2603
3907	2582
3345	1780
4315	2529
5181	720
4141	2211
5069	693
3278	1783
2025	893
4630	537
1889	155
3548	1785
4178	1911
2989	881
2510	2434
3548	3439
881	363
4558	1473
4178	1396
2147	463
4224	1646
2306	2101
4235	3644
4456	4124
2357	907
3887	2989
4415	4378
4656	1627
3040	348
2653	2418
213	19
5187	2273
1779	1013
4961	3004
4332	2381
3123	1947
3598	358
1016	120
3883	3425
3644	2540
4558	2428
4608	1936
1347	516
4546	2318
4759	2136
1632	399
4952	2579
5069	449
3403	96
3475	68
2036	120
2064	1574
2892	2486
2357	120
5251	2263
3483	3278
3550	192
619	218
1995	960
641	354
3138	96
5215	2892
4960	191
1646	1020
5188	5154
2653	147
2076	348
2956	1766
5215	2663
964	40
2827	1646
4243	2956
4331	1455
2706	811
5195	3990
4415	362
5046	2158
2753	2486
1293	231
4083	1752
773	52
4106	1968
2889	354
2615	1331
4224	1555
5120	4789
5118	857
581	399
2211	592
4735	2279
4587	3044
3670	2486
3509	816
3510	1265
3834	29
3856	2967
4186	2829
1273	1039
2486	1062
4948	4666
1348	1032
1299	853
4558	3535
5125	1331
1555	1212
3045	235
803	115
4315	2570
3494	43
2615	803
2453	806
4436	4012
3367	842
3032	2473
5154	1429
2196	1293
4412	581
3261	2603
1555	127
4057	1533
4961	3907
3442	2768
3477	739
2629	1721
2358	1780
4652	2158
4579	1265
3630	1988
2306	1083
3229	28
4240	881
4656	640
2017	1377
2147	1759
5134	1133
3362	2053
3644	809
4066	1555
4047	319
3553	1821
2536	815
2052	118
4813	348
1995	1942
5184	911
1102	231
3012	2653
1133	115
2231	2158
5188	564
2648	2521
964	135
4031	1821
4681	1133
4990	4859
4148	713
1946	1396
4963	3078
3229	2537
2937	456
5174	5060
2976	348
4210	3810
3807	1775
4210	1741
3038	1555
3754	1602
2536	120
1555	600
2258	2243
3509	1772
5118	2629
3739	1901
5031	2413
4314	881
3755	1708
5215	519
4641	1947
1901	1555
4818	543
5253	274
4834	695
3754	3501
3988	235
4066	2961
3856	2211
5060	96
4796	2158
120	119
2582	1387
3067	2842
817	663
3651	27
3644	3037
4675	1913
5179	3644
2540	1555
5243	2158
2887	1813
2419	2010
3572	1367
3049	641
5179	2969
2258	1817
4641	3022
1995	498
2887	265
4553	1708
2211	276
4727	659
3078	2382
1947	1338
5060	1532
5174	1610
4796	2006
4784	2887
3907	1400
4873	172
3657	2633
4276	2827
2318	2158
4859	36
2550	686
4704	1846
2616	1579
5046	4608
1555	960
1574	516
2318	1095
3653	2486
4141	1780
639	209
3523	120
1016	362
4412	433
4349	1555
4587	773
4257	2641
3078	1697
3807	3425
4811	120
2289	537
67	44
1533	1447
4406	1447
3914	700
1447	1225
3143	2856
191	92
4780	657
3926	1555
4088	1021
4187	4086
5126	4930
3025	2007
2579	191
4813	4558
3243	3127
4326	2505
4582	1076
4734	4008
4066	1632
1022	127
4543	3745
2967	1545
4785	3818
2887	1016
2653	2243
1990	1447
4706	100
4558	3744
3727	120
2653	1449
2641	335
4496	948
4952	1270
2661	2486
4909	1663
4141	2254
2529	276
2945	2700
4073	1493
3012	1094
399	172
4058	803
3557	3009
3700	3598
4412	1636
4864	4026
4006	120
5215	541
2453	1775
2308	1555
3203	191
4130	2381
1764	633
4178	957
2632	2105
5017	4458
1555	717
4210	399
4962	1705
2887	18
4236	1455
5060	4257
4141	4023
1555	1538
3314	120
2762	120
2827	120
2864	599
4543	3143
1741	433
4567	2653
4704	75
3382	2767
1846	1197
4967	2258
5108	3333
120	51
2505	686
2418	901
1627	581
3366	2147
4999	2486
4813	2358
1049	686
5077	2123
2318	1116
1455	869
4666	1746
4178	4143
3644	2244
4796	2436
4864	1721
2211	2070
3561	566
3548	1679
3277	96
3553	1533
4224	549
2982	120
992	918
1058	693
4689	3818
2982	2258
4210	1929
4102	2767
3139	2994
4608	3613
2486	1331
3755	2358
1764	133
2897	498
1331	1131
2318	907
3907	2393
2206	120
1848	1741
3540	819
4558	3675
1708	1448
5010	3643
1574	276
3745	2983
2899	2050
1448	1331
700	686
4466	2070
2064	1133
2750	1070
3088	1566
3309	1447
737	597
1479	433
4026	700
2779	120
2632	700
2157	274
2602	2258
2158	1579
4649	3598
5241	2158
3599	3028
4627	3237
761	541
1878	1774
4572	649
4967	3572
2358	92
3565	1632
3481	2263
2633	1186
4124	1900
3627	1878
4859	2047
2393	127
2458	1104
2273	1533
1990	1146
3040	1555
2788	766
2157	621
3740	3297
5177	659
3553	1307
5007	870
2211	149
4315	3644
4081	2147
2381	907
4333	3879
5116	2211
4899	3464
2579	1741
1451	1104
2416	819
2380	211
3249	289
1434	120
4042	120
3254	1741
4193	992
5187	2695
3861	3860
1555	251
2318	820
4537	3575
1254	118
4952	3675
4210	2050
1668	147
4393	3113
1759	96
3863	2358
2258	100
2639	2352
3040	1347
2663	2486
3009	120
2211	1870
3755	3502
4402	2416
2158	1947
857	433
3352	1669
4608	4339
2603	2070
4124	483
3025	231
2420	748
2158	1116
4428	1070
3810	581
4469	251
1650	1083
3540	2431
2547	1149
4023	2211
4864	1400
4418	92
5217	4402
3637	1390
4558	1377
4511	969
1766	1133
1632	37
1892	612
1999	406
4293	4178
4845	1965
1034	96
2394	92
2318	1602
4066	803
4963	229
1463	406
4378	1780
2419	1555
5122	695
1697	1295
3988	2633
3215	2318
1914	299
5116	2207
3483	2653
1338	881
4930	328
5254	4141
2509	471
2529	2381
4428	2881
5018	716
3654	319
2570	1656
1574	1133
4727	4608
606	120
1555	836
3988	2653
1555	1102
4553	599
3637	964
1995	964
2915	2158
3459	1129
3904	2072
4864	2582
4583	3803
2902	1774
4558	235
4483	982
5254	3627
4406	120
3918	948
4864	3245
2887	2453
4796	2639
2486	1517
3331	1803
1217	120
1900	1632
2278	1786
2976	2275
4735	1284
4428	3815
4813	4677
3116	777
1716	1708
2515	2113
1716	761
4513	4148
4950	1131
3651	2223
4109	2241
4566	2665
2808	1779
5175	3694
3477	2956
4909	2050
3630	1509
2318	1985
3644	870
4199	1965
4864	941
3873	2653
3363	2466
4257	1265
2315	909
2486	599
5125	2069
1963	537
3963	2318
3758	3570
3055	2653
4097	319
3988	3559
4963	2824
5154	192
766	112
1773	1743
3078	191
3570	2915
3421	1555
4124	3500
4930	1555
4118	2292
3557	957
2486	37
4962	1316
1555	406
2582	1348
1270	948
4199	993
758	319
4436	354
4123	2358
3510	2540
3782	2653
3565	115
4393	1089
4864	294
3618	653
4930	1705
2945	336
2318	561
3002	1889
1555	279
4141	2746
4787	4217
4558	1219
4952	1627
4864	3235
1996	1338
3215	1307
4785	2045
3631	200
1779	328
1133	465
4109	120
1708	42
3834	461
2486	716
3976	1272
3892	281
5134	1803
2863	1705
2486	433
2653	2582
4972	3736
4224	120
2790	1741
3637	663
960	235
2486	226
861	120
4963	96
4641	129
1821	92
4608	1632
3803	2452
4976	120
4141	231
2529	115
2158	858
3552	37
1687	659
4178	42
2594	120
3044	2436
5126	1072
2888	120
5069	4851
3637	2053
3926	3297
1780	1473
3510	1796
4428	957
5116	4141
3909	2547
1944	110
4827	719
5223	2416
1793	1610
3699	2486
4178	3625
4723	1225
1347	604
2653	2232
5132	92
1093	124
2665	2294
135	120
4608	2113
1721	494
2887	1779
3561	231
3254	1179
3700	3084
4942	3603
3038	2486
4825	2486
4015	120
3807	1995
2946	2339
3892	1479
5239	1049
4859	1814
4613	2887
4608	1555
4873	525
4738	3643
2864	1786
5196	4930
1097	1089
4864	4577
2448	294
2263	1059
1969	120
1708	192
4909	253
3828	2278
3001	881
2211	1985
4583	120
3548	812
4796	1555
3565	960
1870	1454
2318	836
5112	1555
2780	1741
4224	1117
5215	3040
4864	2110
3888	3275
2653	1942
4076	2052
4193	2663
3616	40
4012	3510
3001	2887
2653	1749
4419	2318
4596	27
1653	120
2783	144
4589	466
4066	3174
599	75
4738	209
5215	2804
2258	2097
1589	599
3509	3267
1721	549
2653	40
4415	1070
4744	703
1901	1373
1741	1179
3553	2529
3643	686
5008	3694
3644	2459
2279	12
4026	354
4378	281
5217	120
4024	209
5256	1980
3807	1555
3447	2653
582	120
1555	310
3719	773
1697	369
3540	1347
2486	1632
4700	348
3675	525
5188	4899
2961	27
1766	960
4332	3803
4332	319
5056	869
2877	2621
4909	1780
5196	3250
1493	1454
2373	697
3755	305
1270	433
4012	2991
3548	2542
4100	1555
1288	621
4321	1462
2641	1475
4958	4178
2158	498
4864	2047
120	66
4332	3477
1447	176
5196	5154
2147	1023
2603	2108
1868	1082
4076	1555
4483	839
4589	639
2970	853
4148	1253
1290	558
3774	120
1155	319
5223	4101
4723	3699
4536	2956
3017	1753
2540	748
4239	3439
1338	1295
3729	1952
2887	1646
2826	2358
5179	929
4859	120
2308	1370
5179	4304
4427	4076
3505	3139
1646	253
716	120
4952	1302
3644	191
4402	1348
2073	120
5223	1753
2211	1076
3988	892
445	96
5215	305
3468	1347
1493	348
4723	2588
749	481
592	92
4099	2318
2287	1339
2188	766
4349	2615
3161	1555
5043	700
3154	716
4825	2318
4012	2603
3001	1493
3888	641
4952	3254
1656	317
2380	651
2519	1533
3729	2211
1968	211
2144	831
3138	1878
2040	120
1785	358
1870	982
2318	498
5184	1493
4950	92
3792	1133
1942	663
4960	4141
3548	338
3598	2365
2431	2223
4331	4141
4950	3644
4141	4070
3675	1447
4880	3065
4593	914
4918	2915
5133	2024
5175	2718
3628	2380
5018	4704
5133	1509
4758	2418
2236	213
5120	359
4178	820
4483	2774
3644	209
1853	326
1083	339
1479	1295
2653	2047
1447	501
4930	4438
2050	982
2840	319
4141	4097
5188	3078
4772	1632
1555	794
700	399
4608	659
5217	4671
4081	2457
4408	2231
2393	1338
4970	2790
3254	558
794	184
2833	120
4124	1632
777	324
4870	4178
3184	192
4681	2318
4776	4178
4864	251
1462	31
3783	1555
2006	1971
5108	348
1093	561
3699	3440
4780	2510
3845	218
4070	3553
4333	120
1952	549
1217	924
4512	120
5077	1653
827	120
3549	1716
3043	359
3643	3177
4071	1656
1834	872
4210	581
2653	823
4981	1714
3477	2854
5069	2646
2453	294
815	324
2892	717
5219	319
5133	3025
4922	1773
3643	2915
2258	592
1859	1307
2232	1978
2639	1708
3161	559
4473	2258
3644	3467
3644	3572
2128	274
1787	96
4723	2540
335	218
4631	120
3548	993
1953	120
4781	96
4208	2887
1663	298
2804	1555
4539	366
4666	2318
2827	226
2224	2069
3038	1481
2486	191
2416	415
4909	4496
2978	1377
4263	881
4738	646
3618	559
3442	2804
1555	40
3700	2393
4939	4577
4608	1531
3440	1254
2147	96
888	493
4961	4909
1878	339
2767	92
1396	553
2680	213
2318	1947
4987	2449
3174	37
3505	2263
4864	2866
5253	3505
3883	120
5159	1807
4778	1481
1655	700
3548	1105
3277	92
2753	120
5215	5046
2318	1338
1010	731
3195	120
1532	1425
3654	2887
4899	2196
4653	4178
4627	191
2458	1679
4778	4127
4276	1753
1083	319
1153	842
2796	120
4864	1974
4873	4124
3572	1708
1348	1313
4864	2393
1082	686
1119	881
3557	2416
4553	4415
4930	3331
2527	773
275	36
1995	1555
3627	213
4906	3442
3883	2147
3890	839
4332	600
800	549
4915	4899
3195	2207
716	191
1022	600
1896	1473
174	120
5118	2486
4813	4469
3408	466
5232	2147
1339	761
4864	3078
5112	1083
4991	2991
3917	1131
4018	2289
3071	274
4418	1293
4641	3669
5217	878
2318	1158
5132	4031
5046	1493
5179	4980
1655	191
2889	52
4282	120
4141	1938
3627	2223
3049	1773
5215	2076
3399	2653
3654	3505
4789	2318
3630	1129
5188	2654
2420	80
1980	1083
2579	1533
2603	1021
354	31
3458	1151
2779	1814
1189	483
2699	120
2949	2258
3174	2287
4408	1901
4412	3810
4864	1653
857	120
3565	209
4567	2258
1133	144
3570	2947
2648	1531
5215	498
2520	576
2915	766
1145	120
2887	253
3366	120
1889	651
5148	1014
1627	1179
3059	642
176	45
929	120
4157	2525
4553	2970
3960	1766
2258	45
2892	120
2453	36
3505	2306
5232	1533
1836	1656
2158	1493
3429	992
4759	262
2940	120
2110	830
4071	120
660	313
3561	276
4772	1479
5115	4186
2902	2157
3952	440
4178	1210
3344	1450
2553	494
4864	1743
5188	2416
5094	1705
3810	172
4879	4864
3755	2261
3494	2069
4106	1900
1938	559
4658	881
4200	1531
3553	600
2804	2158
3570	2823
4141	858
2810	120
2318	1293
4276	1362
881	847
3127	1811
2207	2050
4462	2616
2877	2653
4969	265
2897	348
1741	112
4420	2767
5132	3644
3815	2842
4838	4813
3818	1859
4106	1708
3510	781
3803	2481
4491	3131
3700	1531
2615	37
4582	4263
2883	2211
2902	1878
3963	1338
3988	120
4539	433
4547	2877
4293	120
1878	833
3363	3
4014	3817
4111	2887
4528	2537
3044	2050
4608	3780
2418	1656
2799	1741
3807	1197
884	120
3555	2665
4772	2270
3818	3803
4704	2278
2352	67
4466	4023
1753	466
2965	218
2358	830
1094	124
3522	1447
1942	819
4141	756
5244	2633
5251	2128
3846	1429
3963	1602
1780	235
3873	1447
4066	2158
3815	1514
982	53
2686	1783
4864	1555
2847	2486
4127	3786
4026	720
2902	2104
1269	120
4191	1892
2945	2653
4533	2153
2128	76
3078	1656
4178	672
4102	1901
3565	3435
2603	1942
1349	1179
4139	3740
3553	561
686	329
2654	1348
2727	1079
4589	2827
4608	2318
3644	2418
2158	118
5241	2991
4935	1555
2653	2097
3548	3271
2827	92
5250	2727
1431	713
2653	893
2653	1543
2899	338
3559	1133
4217	1133
2050	1526
2158	115
4057	3237
4776	359
4420	209
1555	795
3459	1070
5133	2515
2365	1555
4540	2982
2322	1219
982	74
2892	1377
4608	4066
4315	3807
3552	531
2270	537
4864	2339
1913	1766
749	120
3174	803
4186	1493
211	191
1773	1165
960	748
75	18
2665	359
4186	960
4597	295
2486	1900
4031	3255
2429	2006
4428	2453
4704	3154
4483	2633
884	354
4076	3177
4349	3644
1348	1338
4706	795
3613	1555
4738	3755
2989	2211
3607	1555
3644	483
3846	2258
1417	1302
3254	555
4174	2207
5120	1555
4588	3439
4962	4473
1741	498
4864	264
1968	92
3937	3557
1380	120
4864	1626
4838	1137
4417	1133
5046	2318
4899	279
3688	3668
3527	3257
2529	17
5164	1133
3807	2381
1331	348
3243	2318
4873	2358
2989	1493
3616	652
4023	2991
4315	2486
3362	973
5164	4930
120	96
4558	423
4332	1781
3865	120
4056	456
2983	1517
4417	2318
4593	3278
3123	96
1807	96
3510	1774
5157	3815
2128	339
1808	651
3442	678
5223	3553
2940	2147
4257	2887
4860	3065
4735	362
4462	3864
2615	2315
2633	988
4608	3491
3846	2653
1349	1270
4101	28
4952	399
3627	339
1705	703
3553	2207
2804	739
4097	2088
2493	12
4704	1458
3278	2081
815	31
3644	3059
4813	1357
3653	1708
4608	4417
3746	120
2486	1158
3846	1679
4339	1555
2211	571
2653	994
4537	15
4677	2394
1293	803
5232	1785
2368	356
3439	1167
4864	3862
2273	2052
1431	964
3059	2486
1555	1493
3926	3413
4141	374
3622	1155
2258	675
433	97
4189	2887
1484	901
4124	92
4589	115
1368	1317
3792	425
4723	2123
4436	1418
3755	209
1555	819
1793	120
3644	2897
4738	3174
4963	3976
4582	2258
4393	1075
4558	4073
4634	1075
3653	2358
4141	3687
2881	599
5232	494
4978	120
298	12
2158	1995
3942	96
1744	749
2694	319
2902	1265
4407	1007
2505	96
4491	3439
1514	854
4864	127
4796	4608
4734	4558
3783	2318
4864	1013
2949	2653
4558	1780
5157	4178
4178	3744
4083	1133
4700	4058
5118	3038
4787	1455
1014	566
881	449
5179	1555
2889	802
4178	670
2881	1451
4627	3255
1455	15
4608	417
2158	600
2970	2158
3028	686
1870	275
2827	209
3313	540
4066	993
4990	2258
4772	2887
1942	1347
1555	212
2393	1348
4257	3262
4784	1081
4343	1493
5120	2970
4257	2394
4838	2244
3509	3439
4408	4110
1396	566
4909	1602
2123	1678
4784	1020
3917	281
1059	319
2661	565
700	406
1210	354
3771	888
3952	2970
3627	2524
3352	1387
2576	120
4849	3792
3044	1780
1273	359
2158	209
4472	1447
4838	289
4652	2318
559	92
1455	1010
4473	3968
4899	2237
5215	328
4813	1473
5132	2663
1158	37
5009	1985
3937	3439
3792	2486
2505	1447
3780	2158
1429	992
5217	276
3740	2956
2940	1669
4704	1999
3917	3643
1479	120
1133	494
5120	2318
1574	358
2843	2017
1632	209
2486	44
3988	3851
4415	3278
4864	1545
4909	1140
2486	1511
4243	2428
4195	2537
2542	1181
2527	819
646	639
1678	120
5118	1473
4102	1830
5247	120
3740	2189
1813	1481
3594	2308
4624	3982
2524	274
4244	4141
3254	1349
1961	354
4961	4864
3846	964
4288	3843
4015	816
2976	1555
1814	1347
4195	4141
959	120
3843	2170
2416	1947
5154	2596
4438	2540
1555	115
2486	40
3550	120
2680	2128
4496	3914
4796	929
540	120
5034	1566
1785	1743
2915	1307
1158	646
1555	1158
2258	1925
4127	4024
4066	209
3651	1022
3740	3439
4071	2207
4415	275
2100	802
2632	1666
3990	213
4999	1104
2258	1589
4553	2258
4738	1455
2368	693
1942	773
3669	1555
739	75
2653	1836
120	61
3644	3042
2158	274
4540	1574
3501	2550
2147	445
698	120
1149	1009
5118	1270
1636	881
1349	555
3963	2970
2030	1944
4597	641
5008	3644
5250	133
251	17
2457	1295
4158	2258
3999	1555
4681	2486
1971	1913
4378	3529
5099	120
5250	5133
2653	1656
5188	4681
994	235
5082	4785
5011	4772
3669	2970
4630	3792
3909	1009
3843	1265
4909	640
4553	3500
2113	847
2069	92
4999	1273
1290	719
4608	3594
4572	4207
3960	2189
5008	2258
3669	2158
5148	3675
5077	3651
3960	1913
4783	4723
3960	120
4199	1766
4849	4124
4214	2211
4178	2707
4483	4391
2158	1293
3793	693
3637	2876
3739	1942
4378	1830
5215	516
4589	483
4134	120
1900	305
2040	1574
1990	700
1574	815
2258	1543
3994	918
1741	37
4936	4673
2641	2510
2056	494
4558	4031
3613	2976
4097	3627
2315	209
4402	1988
3810	1179
4412	2895
3505	213
2902	440
4321	1036
4838	417
2273	1512
5132	1627
3723	3598
2211	319
5102	2273
3229	2887
3440	319
1965	120
4178	1922
1708	479
2418	766
4558	264
1772	374
3914	1663
4070	2258
1882	773
5215	1990
4469	659
4923	1295
4088	2212
5250	2201
4141	3871
2579	2486
2113	1133
3570	2158
5115	4031
3435	115
2767	1107
2842	1443
4596	120
2393	992
4469	3733
3873	120
3413	641
3654	96
3967	2211
4558	1555
4031	3572
4178	1630
4641	1295
4634	3113
3982	2258
3038	2318
2767	2219
4466	170
5184	2603
4647	4157
3565	1900
4412	3918
5227	4981
4141	2231
3675	720
2461	559
4102	298
1555	1462
4123	481
2486	639
3651	773
3628	541
3505	2236
3439	1307
2096	120
4528	1705
3243	449
3887	1656
2897	2318
2686	693
3827	2537
4864	1468
713	693
5179	982
2318	1416
2318	2012
1705	960
2691	1892
993	45
4787	120
4859	2739
4980	4935
4466	582
1996	281
5177	1602
5120	1307
3001	2158
870	781
4952	1533
4805	3548
4811	4178
3309	2258
4412	525
1814	348
2789	231
1151	120
3651	1882
3025	1425
3654	120
362	275
1677	960
1083	274
2486	2204
1531	1104
3907	597
2318	1442
4805	4148
4012	2211
3644	2358
4553	1602
831	471
1437	354
3267	1830
4909	3727
4734	1448
4058	2358
2410	468
5175	4864
5179	1814
3261	839
3292	1807
2706	2486
1376	1133
3653	1455
2700	2258
2947	2188
5243	120
5223	2826
1868	1153
1708	541
1759	911
5043	4825
5179	697
2607	120
2817	1070
3548	2461
3134	2633
1194	92
3875	2211
4428	4224
4393	2843
4690	954
1179	172
1814	299
1070	119
4402	2515
4864	1942
3561	553
4469	2389
3129	456
2661	316
4987	4799
1753	717
3240	1663
4656	3254
4864	510
4009	3440
4418	2967
5154	4891
3649	2158
5102	4235
2718	2258
2542	777
4589	1158
4178	995
1900	537
3801	2653
861	831
1878	1370
2110	120
766	74
5174	3439
982	713
2052	1455
1656	881
4273	4178
3708	319
4597	3888
2318	1579
3988	1531
2318	748
4008	1331
4764	4547
657	274
1947	174
5155	1133
4849	2827
3626	651
2653	324
1900	1158
4656	1179
4734	3755
3022	1338
1996	1169
3171	118
1814	18
4563	3345
2603	1780
3754	356
4378	191
607	120
3282	897
1133	994
4727	2393
2653	2300
4597	354
4930	4070
3429	120
1952	31
1947	1602
3914	948
2654	800
4386	120
2275	698
4864	3052
1555	907
1697	599
4613	1879
4008	305
4058	3572
4864	2300
3740	3477
463	96
2520	92
1889	660
2877	2654
4123	2804
2616	319
2358	2104
1813	700
4111	43
3257	639
3439	1509
3261	1447
2147	1029
1377	1057
4963	4460
4304	2969
3494	3038
1056	120
4178	4042
2364	1494
3444	1889
4224	4082
1533	907
497	319
4567	1783
4479	2665
4558	3278
3630	1956
4608	2393
3890	298
4415	36
348	226
4843	4178
3344	1348
1333	693
5060	3116
4608	3243
2778	120
4321	209
2219	191
2887	2521
3700	960
3907	1010
853	445
4597	1785
3562	3153
4428	1317
4407	3016
766	607
3643	3509
4157	2863
3077	1555
3907	2910
2646	2567
1002	27
4772	4124
2258	2047
3628	120
1057	642
4577	2258
2258	2070
4930	960
5241	2318
819	516
2128	2088
1766	741
4141	3659
4428	4083
5148	579
4417	2158
3644	433
3755	2486
5059	1814
3043	1971
1437	43
4031	1666
5102	559
3628	2481
5049	1265
3111	1814
3540	120
2774	839
3649	2318
844	191
5167	1574
4558	597
1947	1884
4458	564
4224	3815
2486	620
717	231
4239	299
4967	3653
5042	511
3755	1538
2808	1974
4977	96
3471	2278
4066	3435
2881	2653
4178	2799
4952	4412
4864	3982
4396	120
3439	559
3215	2452
1774	781
957	120
2887	1988
884	43
4909	3494
4582	3674
3483	2509
2887	2567
5245	4083
4378	3120
5175	1753
4738	92
2258	1780
839	205
819	52
4864	2779
1493	816
96	12
4496	1741
1555	700
1743	1447
2902	1442
1938	1151
748	639
4455	120
4058	305
1814	120
4317	4141
1969	275
2750	2486
3561	498
4579	3843
4961	265
3834	2582
1574	445
1555	142
3682	120
2064	1082
120	62
4864	2945
559	36
553	231
1316	693
2435	2289
5232	5056
5118	3222
1155	511
2211	1423
4428	924
3331	40
1339	541
4178	1806
4102	3267
3918	3345
2897	1995
4589	1900
872	761
3565	2486
4598	2207
921	713
3827	1539
4970	2824
4186	1555
4873	3827
4589	1632
2275	860
4024	1697
4608	3963
2318	2007
3221	19
4930	226
3548	485
5174	4186
4789	972
3004	640
4366	2700
1881	1780
3792	1708
2863	893
3926	2318
2258	1963
3888	1273
3637	1290
5250	4984
4681	2887
4070	3028
4963	1295
5056	1697
4482	3505
1331	92
5215	4772
3914	253
3795	1555
2857	110
1288	440
3174	305
3425	2357
1830	921
2158	549
3548	1475
3078	738
5219	3505
2653	1491
4864	4282
4915	1555
4970	4709
4785	3725
918	265
2157	478
2812	2358
3654	389
3467	96
4124	2113
2486	118
1650	719
3755	1448
4963	2790
4776	4479
348	37
4864	2767
1901	703
2232	1656
4681	3331
1687	1602
2887	36
5232	5223
4634	4226
4141	3739
3500	1632
3807	1219
3333	2891
2321	649
3875	2258
2864	2633
2158	1531
5132	2275
5148	3459
5213	1555
4952	3918
4727	417
4864	2602
4582	1741
5179	916
5241	748
1870	1566
1481	1137
4784	4536
2158	491
4141	1082
3846	3616
4349	4008
3644	3474
2823	271
3684	2458
3744	2358
2579	1807
1676	373
4263	2211
5063	1574
4723	1155
4864	4627
3613	2318
3413	1773
3233	251
1455	901
1778	1656
3501	2233
4178	2096
2588	120
4818	1284
358	209
4536	2211
2633	1493
2258	1571
4421	1538
3848	1741
1741	922
5160	1270
1555	144
4864	1627
3678	2787
52	27
5184	3278
3846	3643
1532	1475
4930	1348
4102	1107
4352	3760
2653	317
3897	120
819	663
3844	2206
3177	319
4101	96
3550	911
4842	1219
4981	1961
2147	386
5125	120
4706	3755
2258	36
2211	363
3177	1555
4402	2393
4587	2889
5188	1922
2211	960
4546	4321
4960	1020
4178	802
3124	120
4952	4909
5042	3598
4428	1049
2781	1741
3644	1632
2158	1879
5227	354
607	564
4608	4127
3803	600
2486	1070
4727	1646
2258	620
4880	803
4060	1807
2621	501
2486	803
3960	17
483	209
2887	1901
4587	597
2510	358
1813	40
3257	1632
1463	559
2457	717
4962	2158
4577	3345
2358	1455
5179	2486
2026	1705
3740	1463
3154	735
1555	229
2579	921
1555	1494
1349	172
4458	2211
4587	146
4533	3078
4174	120
3408	2633
4993	3012
1708	466
5151	1777
4952	1349
1944	348
4784	2428
5196	209
3229	2878
4071	3403
472	120
3366	2064
4378	3078
4835	96
4083	1268
4349	1331
198	120
4735	12
1983	620
2887	739
4026	3807
2088	1265
3643	2189
2189	461
2529	575
3315	191
4247	3082
5047	31
4415	417
4148	2394
1579	1133
2158	251
3754	878
1179	720
4326	120
2318	1533
4402	1338
2579	12
5185	3668
1697	294
4178	3695
1555	1002
3243	2158
1555	446
2646	354
2515	2393
1878	67
2123	440
1666	1349
3505	2085
2012	1368
1158	209
3783	118
2641	2147
4849	483
3493	1697
5241	1131
2393	2287
3687	2237
4772	466
2204	1225
4178	3477
2457	1189
3255	1870
4970	2024
4942	4681
4950	4378
1870	120
4186	1293
5232	881
3598	1774
4864	4100
803	639
4148	1290
2684	1574
4604	2207
3756	2945
4859	501
2976	2158
3367	686
1270	253
1779	718
2436	700
4723	2902
4805	4343
3848	120
3459	1449
4772	348
3028	2550
3644	26
2515	1947
3549	3548
4378	2892
2123	573
3012	816
2428	2358
919	842
4658	1493
4491	2633
3644	3174
2599	1133
4963	1272
4798	120
3331	1533
2311	986
1349	1146
3776	191
2158	1900
3192	1010
2889	1653
3831	120
4681	2827
2140	597
921	253
3139	1095
2393	2318
3651	1555
5215	700
4276	2486
5251	1083
3807	2976
3464	2486
4539	2486
1493	449
1679	36
1431	1285
3749	2520
2653	1165
5177	2887
1610	1475
819	491
4178	1818
2827	466
471	18
3807	1373
4535	2232
3458	2562
3071	319
2723	2681
1947	235
3120	2864
5011	1447
4864	1525
4873	399
4186	4106
4178	2892
4058	3699
3494	1056
2868	659
3025	2158
2211	2108
2158	1936
4864	1270
2857	3
2318	794
4838	92
4930	4864
3565	2158
1345	858
4860	96
3749	1780
4438	3834
1741	948
4178	2692
2890	2887
1538	40
4864	1426
4070	2603
2158	1072
3745	525
4428	2663
4207	672
1878	120
5160	700
4999	2211
4207	3025
3843	319
4608	2012
3331	68
2050	399
3361	2519
4522	120
3883	1133
3154	2279
5251	1878
2653	2103
3669	2113
4538	481
3278	120
1270	120
5160	2895
4240	3403
1574	17
3803	663
4207	2486
2632	251
4174	995
2706	2389
5188	4127
3399	2258
3496	292
4608	1780
2382	1133
3161	1656
4428	1104
2684	96
1473	816
1859	1002
549	129
4372	2991
3439	456
5174	1475
2461	120
3541	120
3559	1531
3976	2211
3212	853
2680	1083
3071	2158
4627	3509
2069	433
2047	120
3548	2836
5116	2603
3257	1448
3494	2887
2303	1133
2486	209
2863	1587
1022	893
5104	3660
1636	191
4178	1744
916	553
4967	4772
4014	120
3630	921
1821	948
4627	1511
3425	92
3491	2939
5078	4553
1988	1655
3472	202
4239	1997
4598	120
4849	3174
5132	2750
4141	294
1337	693
3628	348
3755	2144
4864	58
4207	1197
3174	686
4963	75
2902	1083
3278	2746
4572	1036
4521	75
2317	561
5215	3651
4948	36
2520	1018
3669	741
2062	1656
3651	1225
802	773
1705	1587
3687	3362
2889	2431
1652	274
5056	1533
5049	2157
4930	1056
2289	650
4501	3754
1348	384
3561	543
3278	1360
2718	599
3052	1555
1555	697
3278	2983
4982	4178
4412	399
4641	4402
2641	777
2887	1348
5179	1741
4178	566
3553	3203
3529	191
4026	2529
2887	2540
1083	511
4540	2358
4141	415
4101	561
2182	633
4372	2639
1338	693
5042	4914
1200	336
3918	3675
5132	4950
1003	235
2653	2024
4141	120
3553	1901
2258	415
4906	1425
4106	2486
3952	1265
2318	1538
2232	358
3505	781
2123	1188
4178	1293
3548	2315
1555	235
456	120
3674	2641
3570	739
1431	652
2459	36
4909	4627
2607	559
4849	1708
4052	2621
2700	1656
2128	80
4141	1339
2258	700
3229	2158
700	466
3240	982
5112	2263
1892	1007
1511	1417
4496	1481
2881	1766
5160	4909
4070	2052
4864	441
3264	2368
3309	2318
4613	1447
3458	2486
4776	1971
597	120
5074	3976
2540	2536
5018	2653
2340	120
3552	1902
2434	67
4909	3038
3744	3278
3945	2023
3549	2542
3918	3529
5118	3464
2486	115
3875	2945
2881	1868
1632	1555
5116	4734
2243	1447
1463	235
3078	2144
3815	3084
897	893
1764	118
1708	537
5215	118
2499	893
2457	92
1447	1426
857	384
3025	2318
1133	907
2646	120
4139	677
3459	96
3644	1652
2318	726
4977	4772
4784	3854
3994	3483
525	45
4187	2967
4677	3630
3174	646
4783	29
2991	2030
2970	1295
3843	2419
4963	2056
5219	3699
1009	889
3215	816
4026	2258
2486	1329
1708	92
4653	4535
2991	36
4336	4178
1961	43
2258	1942
839	767
4738	4734
3644	3129
4566	4083
1016	36
2946	982
3782	2258
4859	1568
3627	2085
4428	599
2653	700
1270	659
5223	1133
575	120
4076	4031
741	17
5241	3278
3996	120
3174	1293
4581	4130
2258	1293
2007	1555
5184	2258
4967	4058
4930	2767
4412	1627
3755	2311
4528	1555
4906	4047
4157	1022
3439	1848
2416	1079
3142	120
4178	1667
1741	555
2486	1679
1775	1429
3548	1793
3598	2236
4540	251
4257	1555
3111	317
374	120
4970	112
3627	1656
3502	466
2394	1442
4047	230
2653	2108
3637	3577
3494	92
4243	3154
4930	741
3010	2653
1646	127
4008	3827
4967	28
3237	1533
3834	75
4521	1447
3643	2746
1555	1095
4257	1475
4024	2483
4378	3755
1759	1133
3803	2289
3760	118
5196	3233
3850	265
4111	3134
4178	2041
3644	1708
4909	3745
4271	2273
4466	4244
5256	1234
3904	761
3628	1889
4811	3793
4706	2743
3440	2540
5046	4930
3505	833
4864	2509
4178	924
3494	2910
3084	1531
1396	844
3458	960
4178	993
3439	704
1295	700
5196	2258
4711	1447
2421	2101
758	120
3540	1653
4366	3699
2311	1447
4993	1217
4372	226
3467	1632
1546	496
4372	191
1432	120
5179	713
2158	1348
1627	1349
881	191
4070	2381
4244	1533
4864	2108
2542	1793
3464	3439
4828	3439
1129	599
3245	1197
3719	1777
1956	1807
3892	700
4052	120
3505	1549
3254	172
4704	2856
2940	2529
3633	2211
3700	924
1574	235
1295	1133
4563	1434
4243	456
614	120
4613	2064
5112	1878
3366	1574
1295	600
4566	2887
2010	1814
3818	1786
4849	1896
3038	226
5219	3627
3834	1636
4378	3572
4608	648
4549	4178
4649	274
4961	592
4727	1348
5179	5116
4012	3125
2130	2100
4226	541
5232	1697
4321	4225
2040	135
5210	3815
4101	2790
209	115
1431	1429
2273	2201
274	67
2644	677
3549	993
3552	2317
3813	1741
4243	1533
4571	2308
1990	1555
3261	1922
3659	2258
4412	4210
1555	823
5177	1348
4614	973
4102	1741
3792	2270
4186	2144
2147	1859
2537	1705
5122	741
4321	672
4608	2457
853	149
5177	2318
4589	2270
1129	275
4219	3904
4178	3541
787	428
4706	2070
1775	96
3040	819
3918	2050
1988	579
4174	4141
3871	120
3633	120
3926	2435
3472	3078
4141	2219
4210	2537
2827	483
4012	1418
2009	445
5060	2665
2863	1022
803	43
4189	1741
3891	2540
4378	1708
1083	19
2719	1117
4154	2653
642	4
803	209
2380	573
4148	901
918	120
3225	1995
1974	1779
4845	4199
2300	120
3403	2944
1217	149
1789	120
5188	298
2887	96
2663	92
4244	235
4186	816
4608	795
4257	2318
3233	2970
3483	2644
4468	2537
4523	3643
1059	213
4026	399
1555	881
3111	957
3668	1721
4044	2653
5215	739
3077	218
1870	1189
2211	1082
4804	1043
2291	1456
1773	777
1602	1462
4302	1555
2697	319
3637	3282
4631	2312
2743	599
4178	869
3045	839
3594	653
339	319
4604	2653
2942	1555
2698	319
4008	1448
4930	819
3474	2050
5247	4864
2875	1811
4784	4073
1179	555
4909	3810
4704	1540
4178	1993
5175	4473
2318	686
2700	243
3892	1295
4157	1943
4099	1133
1796	1265
3937	348
4608	1646
2223	120
695	17
4717	2147
4835	127
3675	2358
4547	1133
1338	129
1759	384
1338	209
4331	1010
3700	2158
3342	2967
5219	120
3548	461
3553	3177
2373	1772
4838	4235
4009	2123
2641	96
1149	889
4058	1473
348	251
2693	120
4195	1533
3843	870
2889	1347
4111	3668
986	120
3818	819
3628	3549
4012	3509
4859	4023
4141	2753
3807	120
599	362
2653	1021
5102	191
1533	761
4804	4652
3643	2903
3807	2024
5188	1434
3565	2007
4813	2486
2827	646
2970	2515
2101	1039
3116	1039
4082	3557
3212	299
2529	1766
3529	1511
3111	686
2897	2050
2956	2529
4047	3505
4891	2158
3255	348
766	96
1587	897
2258	1938
2428	2318
2123	274
3994	120
3439	1018
3168	1656
4978	1437
1153	329
3644	3565
4058	1455
4873	3810
2646	43
2925	2520
2486	516
3257	2315
5215	3937
2008	142
1574	1509
5177	417
4057	1555
5254	2902
2602	1016
3195	2621
2486	2237
4864	362
4553	2633
4378	3653
3212	2842
5179	1753
3078	795
3553	373
5108	2887
3628	1716
4911	1447
4864	4330
4244	4099
2113	142
5116	3278
3120	1656
4036	120
3627	235
2607	1914
2700	853
1697	735
3055	1779
3451	914
4587	463
2140	1813
5102	954
2258	741
4967	2315
4558	2358
4948	2217
3818	3215
4225	1901
3439	1821
3435	209
4536	1697
4864	1568
1814	1555
3177	1533
1780	191
4864	3864
992	878
4772	1708
5232	1574
3644	3598
4540	1780
3599	842
2970	348
2641	218
4208	147
2542	1773
1994	1549
2146	235
5217	1868
4624	4178
4600	2486
2655	2258
4981	4086
1338	423
3435	2486
4066	2435
4210	1584
2258	112
2866	663
1429	652
4906	2857
2894	964
4186	17
2453	1455
4378	4008
2207	1021
3123	2458
2529	1819
5217	1830
2887	1455
2887	449
3403	1555
4582	2024
2547	2358
2024	564
4537	1076
1481	948
4864	2570
1509	96
2088	1878
4784	1189
4332	2318
4236	2162
4509	120
3439	2073
4652	4141
3843	2434
3675	1270
3055	2961
3153	305
2318	1474
3174	2217
3153	2453
1129	362
2204	1104
1948	1859
4572	672
2615	1708
2505	329
3483	2358
1082	329
1449	483
3963	2457
1089	748
2857	960
1846	235
4627	4057
2945	112
3937	2887
5254	80
4864	1925
4930	2318
1493	191
2368	415
4899	4566
2263	274
4148	2416
1331	639
3549	1952
3509	2024
884	582
524	120
1574	243
3843	2088
4349	803
2459	559
3439	2237
5219	2128
3233	2318
4833	1447
1062	348
4487	3278
4473	1555
3464	2436
4330	2520
4772	479
3699	1447
4466	963
2790	231
4338	96
4540	911
4412	3745
4878	4608
3598	1265
4608	3548
993	120
3670	1708
5042	1878
3012	2050
5007	274
3413	2816
1978	1743
2961	2688
1978	1532
5175	3245
4124	3792
3572	1331
2663	348
2263	339
4141	2925
4058	3174
2123	1534
1555	1532
3654	2207
1752	36
2258	2108
3937	2486
4784	1697
3960	271
4178	1847
4372	1780
3125	1447
2887	1952
4102	2219
4963	3926
3863	2899
5232	96
1774	748
4558	3755
3965	274
1034	354
2680	1059
3644	1097
2258	1449
5060	2510
4744	960
2373	1741
4558	92
4598	1347
3644	2017
4178	2984
2170	1265
4109	3699
4864	3346
2789	2318
3240	120
2579	1417
3010	1555
1555	118
2687	2537
2105	1741
3644	973
4210	1627
3562	1555
2158	192
2420	1244
4058	2486
555	399
1853	106
2297	1574
3740	2774
4031	3044
833	319
2311	2158
4428	1181
1814	75
2322	2108
1636	92
4523	3644
3221	1288
4558	1708
1960	120
4226	1075
4719	1643
5060	1785
2887	251
4886	2653
3766	3644
4415	516
4178	3103
1767	118
3723	67
1705	1638
4558	798
1896	466
833	243
1741	1423
2318	192
5008	4864
4343	18
781	120
4611	354
1942	491
5241	4178
2827	305
4257	2723
4178	2211
5215	37
4257	1639
3505	2680
5122	2653
1978	1785
4980	1555
5042	213
4963	276
319	146
3711	120
3982	3341
3864	2258
4111	133
4873	156
3575	1555
4608	2790
4314	1983
2892	348
4178	2629
4458	2603
4047	2263
4891	2410
2318	1652
1741	1349
5179	92
2692	120
4191	3509
4909	3464
2688	1348
3815	2453
2486	1901
3044	1020
960	817
4100	235
4402	2113
2368	914
2457	205
4407	1081
4723	339
4656	1317
4784	3425
4438	2607
2393	2158
3505	1555
2842	720
4641	1463
831	92
4412	921
803	646
986	377
914	693
5188	994
3123	1679
2382	1057
2881	1708
5215	1942
4276	4124
5059	3421
4962	2983
2542	1952
3815	2486
1813	423
3828	2719
5179	2113
1524	815
2318	1333
3818	1656
4939	92
3904	348
4689	600
2318	1314
317	120
860	120
4999	3125
5215	4243
4952	2632
4993	4086
1555	1331
4873	2812
4727	1555
3917	2727
4864	4044
3637	120
2258	2201
4057	3038
243	168
4130	1133
1787	120
3669	1602
1772	713
739	292
2292	1104
3843	2157
5195	4495
5232	4101
3440	29
3355	2891
2790	2318
2991	1656
1834	1339
3562	3470
491	299
3042	235
4364	120
1999	644
2653	2013
2430	1436
2604	1084
4018	1705
3184	2457
1171	1083
5232	4600
540	493
1947	1317
3277	120
3262	120
4723	4097
5060	243
1983	1868
4879	3439
3599	1868
5219	2889
4952	4210
2393	2113
3723	1878
3505	2698
3553	3120
3799	3755
5118	1056
3818	2318
2273	559
4008	1632
3472	2596
3744	713
1697	494
3240	492
4948	1752
2899	120
1316	478
4873	1741
717	553
3990	1549
4472	4141
1667	275
2698	1510
2989	1985
4551	2358
4909	3044
3708	230
4784	1783
3651	819
1555	1390
3494	3464
3553	3377
5060	551
4948	3345
4178	3690
1779	289
1378	191
1574	561
1555	1314
4099	2750
1742	120
4244	2945
2505	1868
3914	1481
3549	209
741	92
872	704
4178	3221
1348	659
3918	253
2365	92
4235	1062
3976	3834
1602	4
3078	466
1774	1566
564	29
553	498
3754	1197
2231	1555
2602	597
2970	1338
3174	45
3898	2887
4148	2967
4864	2260
2279	1484
3174	115
2939	819
5215	2897
2789	2258
1813	1338
4739	2889
2207	276
2211	1089
4174	2211
3145	335
4952	857
4845	2244
4232	2394
4026	555
2219	1270
5049	1288
1766	354
1859	677
1285	118
5232	4157
827	339
5185	5154
1971	249
4154	338
2318	209
4402	741
2939	2204
3755	960
4483	909
4276	2358
456	18
2486	1455
5245	1273
4402	2970
3740	2529
1194	1189
5063	4784
1219	226
3505	2157
1778	1348
3278	2486
4835	120
3363	1764
3807	1034
4772	2318
4873	1663
1473	597
1652	1555
5254	3505
2052	1995
1347	52
2158	960
2241	1299
4102	1533
3653	1131
2881	2258
3044	191
4124	3474
2991	2158
2991	767
4749	4540
3739	191
2633	726
5018	1814
2486	2311
4141	1049
3001	2318
2653	1589
2219	92
1197	305
2902	1288
2840	2697
3282	2499
3778	2842
4178	1587
4141	1391
2030	1748
5217	3883
4473	1643
4952	4627
3557	881
3464	3044
1780	423
319	230
2958	1348
4124	3552
1748	1366
1448	803
4952	1555
2263	1774
3914	1137
4186	156
2428	461
4023	2945
2273	120
5060	3598
4909	1481
4483	4082
3279	1555
5179	2438
2641	619
4226	3042
4796	2753
1890	231
3094	2634
4879	120
2807	274
4528	1679
4600	1555
3963	120
4939	4178
3904	935
4178	1160
5217	4880
4482	319
5120	739
4595	4579
3491	2568
4378	3553
2438	40
4906	3403
4537	3725
4052	2881
5026	3682
2857	2804
4483	2329
4873	1627
2486	2436
4111	738
4970	3403
5120	1039
4873	620
3988	132
3875	2207
3815	2940
4558	3863
3078	1350
3846	3466
1493	794
1627	1270
3745	1668
2770	1186
4970	2207
1377	1089
2223	773
5132	4193
2321	471
4123	3333
1265	870
3125	663
4469	918
1133	127
2158	1048
1517	120
2579	2219
3907	2081
1348	129
561	558
3442	120
1447	1416
2085	319
3278	1038
4963	1549
2458	2050
575	542
4111	1753
4906	2258
4219	2603
5154	3616
5227	4993
4936	1081
3954	192
819	600
4415	1780
2420	2318
2158	2113
4101	3553
4926	4864
2603	844
3843	2510
3843	2715
3644	2827
2967	703
3668	599
3628	313
3807	1811
4336	2230
4055	120
5047	354
5232	1133
2158	717
4608	870
4587	1759
4817	561
2315	639
2050	498
4849	4589
2237	1814
2123	319
581	558
1753	120
4178	3834
4378	4031
2262	120
1821	1780
4124	1131
4154	120
2070	564
4378	1533
2318	1102
4600	2147
2258	893
4719	45
3952	1878
5040	1555
1995	218
2829	1555
2429	120
4393	3879
4681	1632
5219	2902
3529	579
3346	2258
5196	4111
3154	456
2052	960
4537	1687
3651	348
4864	1571
1780	1434
2230	1571
2887	2699
2055	1656
4785	2562
4141	96
4304	3644
4193	3382
1679	599
4784	1493
4864	1947
4547	1821
4738	2217
5155	5118
3829	120
2486	1056
1555	469
2653	2062
3028	1868
960	816
5244	1568
4349	639
4106	3907
4094	2519
2047	766
3562	2258
3467	2486
918	648
5215	1697
3275	641
2804	2667
5185	2530
2603	29
4649	67
5179	103
5108	3813
4393	4226
1288	1083
4608	1270
5008	120
4899	348
3643	3548
5120	3570
4658	118
4784	2816
1555	112
3644	1517
3755	1197
2663	1741
2780	120
1295	659
4466	4421
2123	523
4058	479
4838	191
3402	2583
4641	1775
3801	766
717	466
2224	1455
4939	4031
3099	1947
4332	4217
5110	4864
2108	461
1062	992
959	289
4326	4178
4336	120
4706	75
5215	2863
3856	2258
2236	2088
3594	2318
2258	1545
5120	2158
2856	1786
4909	120
4364	319
4864	2881
4483	2529
3740	445
3203	1133
3043	1273
3529	1533
3215	1493
1766	703
5060	1574
4589	537
3807	2956
5164	2897
4608	4186
4141	3523
354	43
3124	599
3012	1942
4930	3233
3864	1555
2553	1870
2420	1650
2318	2231
2318	639
1974	1759
1275	211
2706	1455
5008	1517
4141	3397
4553	1677
4859	75
2416	28
2537	975
4813	37
3282	2863
2224	1057
5069	3960
2804	1123
4778	3628
2579	1830
2196	494
686	328
3644	3233
1627	172
1293	298
4567	3509
2825	2524
2217	700
881	209
2827	1896
3755	1814
1481	992
2147	1766
4616	1555
3043	1626
5174	1793
2653	1705
3907	1038
4813	2706
5059	4384
2902	2123
3505	1994
2115	1390
4614	2568
3435	1632
4008	3257
4963	4849
1901	348
2318	1879
2457	2158
3254	2632
844	700
2158	1533
2052	348
842	686
2486	2358
1034	561
4343	4141
3458	319
2902	2128
2424	213
2430	319
2719	120
4402	1947
3854	305
4909	4539
2864	1753
4372	4031
348	57
2158	819
4243	3740
1646	700
4547	3807
4339	2318
4378	12
4422	839
3976	471
2358	251
4932	120
1555	1273
4681	2978
4608	40
3025	328
5254	2207
4717	3807
2211	374
3807	2529
3799	3637
4199	45
3549	761
5060	4873
1549	274
1985	1870
4952	2436
3001	120
4864	893
4263	1948
3028	1555
2158	870
4102	3529
4178	826
1338	700
4940	2158
4939	191
373	144
2050	253
5215	2416
3856	494
4704	1509
2236	319
1036	672
4963	3834
4671	992
4178	120
1890	313
2322	798
4930	2434
1146	700
3740	677
4424	766
4783	3510
2515	1348
2012	1555
4600	1779
4558	4186
2982	2358
599	36
4577	2653
3363	907
3694	120
4952	700
2158	1474
2956	2147
2017	1089
3174	1632
4952	2486
1587	1022
2582	1656
1442	592
2352	1652
4495	4110
4189	960
4614	1188
2887	700
4962	120
2633	1449
3815	2438
4130	3331
2113	619
3205	349
4706	319
4656	399
3275	1785
3644	1511
2688	2639
1511	92
4148	3988
2753	929
3807	3553
4414	3834
5060	1436
1418	415
1902	124
4734	4244
4336	2653
2567	766
3598	2170
4304	798
4859	794
2233	1102
2603	1938
4704	3245
4031	2050
4178	833
4257	1002
4482	359
4864	2428
2857	1123
3887	2653
2715	2181
2684	120
202	52
3810	399
2355	559
4124	2358
4589	3561
4178	1766
2983	2211
4208	1455
1196	1158
3976	1783
941	120
1602	1348
4469	768
3740	950
5164	498
4057	1302
1995	1434
4154	2322
1455	374
4224	1417
4582	3946
362	36
4349	2315
4784	4483
2897	2486
5215	5108
4071	2603
1969	741
1390	338
5247	1697
5154	3331
2945	1814
4784	485
2525	42
2790	2158
5164	3501
3651	2889
1555	1348
4963	305
5164	4127
4412	2050
3345	3278
1349	700
4483	2686
3377	1721
3643	1538
5132	977
3907	3045
4102	2579
5179	226
2372	1434
3082	120
4026	2956
2258	369
3221	382
4111	717
1656	829
2278	1371
2036	1010
1952	695
5215	3603
4879	486
3403	2254
2829	2273
1779	561
3727	921
2561	1549
3153	1668
4911	3212
719	493
4210	1349
5251	274
4909	2579
2847	1455
2211	147
4073	1821
1902	693
3229	348
4099	1602
4243	3807
3509	144
2889	819
263	89
5254	120
2975	120
4909	3644
2144	2052
3637	1531
2970	2863
1049	924
4066	2318
3618	1697
2279	1473
1801	120
4106	2653
4784	3352
2505	120
542	120
4141	3744
3688	1753
1680	1447
3505	511
2864	2258
3070	2670
4587	1010
3275	354
2217	1197
2258	1458
2542	31
5223	120
2263	213
5215	3999
4632	761
5160	726
1646	417
3028	558
4099	4081
3123	2050
4466	1423
4880	2030
4864	819
1571	1479
2881	1104
1870	1455
5154	4243
2654	911
1944	67
4219	761
3960	741
4217	135
2784	914
3548	2453
4505	2991
540	274
2115	1133
881	120
4130	619
4495	1081
2585	1555
5046	4772
3688	1447
2790	2437
2961	1974
659	44
5215	1331
2024	1030
5078	4864
2634	133
5210	1936
4864	1610
5132	191
3275	1533
3807	516
5049	739
2823	1462
4130	1533
5145	1555
5223	1447
1775	356
923	40
5200	4123
2254	120
3627	440
3345	1434
1572	1447
4864	2829
5154	1293
2303	1057
3963	716
4608	1968
1946	354
1396	120
2994	80
235	135
5043	1146
2889	120
960	498
4689	3803
2570	1232
972	739
5042	1083
2026	893
2430	56
1146	494
2382	1555
4864	100
4608	1900
4139	120
3711	553
5215	2358
4217	3477
2273	1493
2486	251
4963	1678
4952	525
5250	118
4611	1533
4109	96
3293	45
4244	2653
3111	2890
3630	801
1766	17
4537	1785
4680	2486
3078	2373
3237	1511
1974	1072
3235	120
4052	994
5044	120
4923	1555
2902	2158
3557	872
1901	831
5250	3744
1555	1153
1942	1225
4224	2633
3282	893
718	135
3573	1868
4111	1555
3756	3361
4864	697
3111	316
2789	2158
1558	232
728	118
1273	1107
3622	1777
5215	2457
2902	2263
2976	2273
2583	2428
4587	2322
3505	2715
720	672
1056	92
3792	2706
2393	1295
4086	3548
4799	2449
2915	17
4873	4026
4864	112
540	496
3464	1056
1188	551
5219	2207
3174	2158
4412	1666
2887	881
4675	579
2653	501
4732	1531
4785	354
1493	881
2970	1602
2123	1155
2486	1531
4689	884
3780	1555
4124	209
2367	1455
3505	2158
3856	2134
5154	4677
4656	4083
4271	1293
4058	2182
2654	571
4864	3754
4963	2807
4537	2232
120	75
5060	1878
2170	1479
5042	3843
3733	2769
4555	1317
3111	1627
4343	4178
2521	600
4923	4469
4264	120
2206	898
2130	1741
5034	4864
1985	1197
3799	1655
4195	3801
3559	120
516	96
4864	4219
4224	1293
4415	4031
2536	324
5243	3644
1900	115
4656	555
4627	1197
3553	695
3293	1643
4579	1796
4864	3873
1821	1493
3293	1455
1429	964
4970	1018
4750	2653
3099	2211
4101	1316
4727	889
5232	120
4343	120
5196	2827
4652	1316
4047	2902
1744	120
1602	1338
4555	92
4494	1947
1878	1094
2373	549
2582	235
5179	4315
4141	2201
3309	2774
3331	1626
2722	1010
2158	1632
2887	2436
5046	3001
4130	1058
2653	597
4186	3776
3803	17
2863	298
3509	2224
2508	1555
3548	869
1555	777
1890	660
3177	354
3229	1455
2486	1016
992	120
1595	425
4482	2369
4600	406
2944	2258
2967	1901
1149	400
1574	1023
1985	1555
4738	1331
2147	561
1533	561
3123	399
621	274
2211	112
4243	3084
2991	1512
1579	1555
1133	96
4199	1455
2779	2365
3598	1549
4930	4608
1117	167
2318	960
4963	3864
599	96
4873	566
4101	1574
4420	1555
4727	2158
1901	1821
4141	3856
858	348
3245	2318
2887	2358
3153	739
4641	1338
4225	120
1778	1007
3834	235
4611	4243
4099	120
3783	238
4608	2970
5092	120
3229	918
3952	2123
3331	726
2436	191
4864	3300
5069	686
2582	1447
5223	1104
1667	1321
5132	2632
3573	3367
4952	4057
1618	1533
5215	4141
4599	4100
3926	2158
5148	566
3297	445
2887	2616
3644	92
4026	1179
4148	120
1990	1881
4873	3755
3553	2108
5164	700
4799	3637
4547	354
2537	2012
4772	1968
4818	1697
4967	2653
4811	3630
1194	191
4719	964
2244	92
2486	686
1821	1555
4864	4828
1273	354
1129	1070
2680	120
5175	2108
2588	1083
2991	1493
3630	172
4785	1687
2458	1669
3124	1721
1780	1555
5160	1643
3171	221
4536	3807
2970	298
1995	281
1234	339
4700	3807
3553	3184
2722	1571
1741	582
4273	1447
3815	885
3965	3843
3907	2219
3128	773
558	191
4952	3237
3807	172
1555	192
2158	1652
4958	120
5063	4864
4257	1133
914	657
4962	600
4026	3439
4963	2982
4936	4495
2715	79
4482	1383
5245	120
3212	167
2579	1302
5213	120
4420	2864
2394	1002
3594	1878
3653	3644
537	92
4031	92
3342	1901
1062	120
4106	2311
935	761
3644	2374
3267	3243
4627	1533
2684	2147
3755	2217
4864	1103
4402	537
2875	1555
4420	2158
2236	79
4273	120
2961	2582
1814	597
1656	1165
2789	2540
4864	2420
5177	4727
3174	1455
2144	1056
5219	773
3025	2211
2887	37
2972	221
4614	133
3502	1566
4608	907
5227	4263
5227	5074
3660	2857
2318	1779
3052	2520
1748	1093
2147	1133
524	89
3565	1455
3873	1759
2607	2258
1602	1295
3475	1533
2989	582
1752	1429
3699	2887
1956	120
2942	1455
4787	4081
4540	3644
4523	3475
3403	941
2715	781
5063	3883
948	253
2680	2236
3233	1555
3644	446
3493	3458
2639	1329
1059	621
2448	1533
4127	363
4225	3694
437	298
1752	235
4539	97
1575	481
3331	1986
4580	142
2317	2012
3078	92
2607	766
1766	1437
1349	921
4081	2727
2661	1093
5250	2380
4641	802
3425	356
3583	120
717	120
2258	1526
4263	1293
3630	2991
2680	2263
3594	3440
2663	893
4495	2510
2486	553
5164	2381
2393	2258
4681	4677
4813	2144
1881	1741
4727	1338
3468	1447
4111	2959
1555	1293
4263	156
3016	1007
4081	1117
4796	3028
4681	92
3042	1075
4217	235
3505	230
5215	3255
3331	354
2113	1646
1968	1708
2537	1532
2989	2751
599	354
2887	174
3780	1650
4082	1131
5148	2529
191	97
4427	235
2508	2158
1284	449
4178	3643
2946	539
3278	328
4141	3553
4304	3059
5102	349
3651	2365
3275	432
4412	92
4100	3002
1003	406
4930	1779
5118	2940
4843	1656
960	703
5154	3644
2158	1338
3045	264
3744	2258
3279	693
2956	1034
3459	211
4608	2779
2273	553
2211	17
1288	274
2430	274
1969	17
2827	1293
2216	922
4963	4244
4608	1401
1197	120
3643	1814
4200	75
4950	4031
4864	4811
1129	1016
4402	129
3561	3430
2358	1451
4608	1494
3740	1775
2315	479
4704	561
4958	1621
3154	1473
3990	120
4076	192
4873	558
5154	3472
4608	3025
4495	2509
2318	127
440	274
2486	2457
2416	2100
5180	4082
1753	839
2258	1814
3643	2435
5077	4178
3553	1374
3818	2892
3129	992
2889	1942
5047	1462
3740	1373
1566	1455
2424	2263
2956	2854
2774	120
4627	2486
5008	4963
2047	1656
1447	1146
4141	1423
4842	37
693	582
5223	700
2789	1555
3755	92
4224	4081
4178	1321
4547	2842
4864	2700
2275	1995
2540	2486
639	115
4513	2318
2621	1293
5219	2509
3644	2069
4613	4111
3055	120
1786	1753
5179	739
2223	1212
2887	362
4930	4186
3801	2211
3963	1286
5046	2887
4418	3078
2358	798
4217	96
2428	2158
3695	2653
4415	901
2296	120
4764	120
2380	1889
1338	646
2537	1429
4031	3644
2739	1010
4178	3637
4158	773
5219	3651
3174	2486
4141	957
2653	1003
3161	1151
2887	2804
819	461
4186	1338
1821	839
1285	133
5256	274
3560	663
2887	1070
4331	816
4569	120
4178	2223
2653	1778
4864	4495
4864	3995
2887	1753
3510	3367
4415	1129
3780	2204
1868	329
4219	2258
4558	1481
5132	4378
1991	1555
2486	1418
1555	646
2158	1333
1801	1741
1818	693
4656	3810
4187	651
5212	786
4864	1019
2147	516
2970	870
4026	120
3630	2096
4157	223
4436	4178
3468	2889
2211	1019
4558	251
2915	2457
2653	941
1914	1102
2158	1153
2877	1034
1753	1555
4081	3766
2318	1632
2279	17
2767	2579
4827	2128
5154	1097
3363	1290
1786	1331
4789	3570
2687	2633
3205	2380
3630	3366
2654	2373
1936	1555
4141	607
5142	4840
4923	2970
2318	1103
4081	2040
717	566
4106	2358
4980	4608
2050	191
1549	551
4496	2207
1555	58
2289	209
4873	555
4723	3440
4472	176
4257	425
5179	717
2663	857
1793	1475
5122	3736
2889	2211
4608	118
2887	221
3627	1549
4738	1807
5078	2486
4906	735
3477	1133
3254	581
4926	2597
4580	3651
4124	2887
3240	253
3643	819
1038	954
5217	3573
4109	2654
4608	1338
4727	2318
5120	2641
4243	2816
2889	516
2081	235
4332	1555
1447	96
3807	1133
5132	2147
860	299
2970	423
1796	781
4772	918
3439	837
646	209
2296	1759
4066	3565
1455	96
3917	663
2654	1555
2812	2368
1959	120
5232	1759
4391	1058
2510	2263
1232	120
5133	133
2663	2069
3856	3834
2653	1336
3803	1307
5184	901
3553	319
2416	1418
3171	2972
4909	1627
5239	2279
2052	1555
3257	1293
5215	2976
5241	4873
2258	881
4154	3549
2158	1646
5011	4864
3491	1555
4178	1262
3818	1455
2626	1155
4796	713
4415	191
4608	469
4641	374
4909	3914
2012	1102
4738	1448
5223	2486
3366	235
3331	1814
1158	803
4772	51
1328	1133
1879	231
3421	794
4654	4178
2457	2318
5185	251
1129	120
4094	3149
1339	1328
3561	717
5244	3657
5134	2147
2989	766
3038	2457
2827	803
3628	231
3744	2244
5118	18
1533	1511
5112	2680
4772	539
1345	1265
3561	3250
4152	2258
2967	1497
2582	2258
2582	120
4276	92
4744	2521
2279	901
4577	1434
4727	1780
2509	367
3778	3212
2653	2529
4315	2380
3700	2887
5219	2263
5217	4936
4263	4243
1602	44
4210	558
4952	129
2471	1636
4239	3344
3818	3278
4482	2263
3966	982
1602	417
4415	2486
4537	2808
4930	4513
3627	1059
2743	2189
5251	4097
5241	1244
4734	100
5154	4225
3630	581
5215	858
4240	1119
700	120
5215	4315
1814	449
4482	511
1632	305
4963	4744
3505	1878
348	305
2970	1646
3062	1807
5227	3562
2641	1307
2318	1936
1103	235
4148	884
1808	1574
4391	1189
4018	2318
2128	540
2158	1555
4195	559
2808	202
2510	67
1785	1181
1555	1512
4813	2389
4656	4412
4993	2542
4880	1944
2892	1396
4967	2615
4276	1708
3976	1947
3278	1003
4723	2263
3072	2258
1901	92
4963	3755
4186	881
1646	1349
2854	600
5250	5174
4864	476
2499	1022
4486	1777
640	120
2130	1347
1197	960
4023	2258
5254	2157
1056	226
2217	803
4127	2007
3653	779
4595	1265
2970	703
1913	893
5177	4962
2158	2052
2258	1082
4495	1007
4178	1610
2965	1493
4723	1265
5116	4466
3084	2279
2382	909
2147	1509
3505	1155
4796	2358
2073	918
1900	646
1555	648
4864	2140
3598	748
1730	1226
2529	147
1971	359
2524	1400
4935	2585
4844	4
4052	1104
4186	1668
4148	461
4378	1814
5151	461
3818	2509
1056	561
3745	338
1587	553
4884	120
3038	92
4073	881
2706	251
1978	781
4315	677
3875	2653
4428	2486
4086	406
5132	3123
2537	498
4418	1514
5078	3792
4031	3315
4732	4588
4864	2219
1555	209
4513	328
3807	1766
1741	779
4906	2804
5068	1669
3120	1708
4915	4466
3626	3444
2438	1133
275	120
3028	144
1189	948
2529	1151
2459	356
3505	2123
1666	1146
1993	120
2457	1133
3684	120
4468	1884
4571	1532
3342	1555
2653	854
2887	1775
4178	1165
5097	120
2686	27
3134	924
3627	319
4873	3254
581	120
2892	700
3261	870
4952	1417
4330	2989
3952	2128
996	120
2540	92
3459	1627
4864	2629
4528	2525
1383	274
4482	3627
2743	120
4141	3846
5056	3643
3891	120
1137	253
2393	417
2486	1391
4178	3699
4734	4317
4960	4031
1574	1555
1978	319
5227	1555
2519	1347
3628	761
2486	1814
4859	4523
1021	415
1632	115
250	120
4789	663
1574	1571
1792	120
1781	1538
3459	957
2991	120
4864	1985
2887	2394
5154	1901
4608	2706
2380	110
2232	1773
5254	4981
4178	3575
3004	120
226	92
3887	597
3233	120
2108	18
2800	120
4909	700
299	96
2915	1555
4666	2158
700	108
4978	677
5184	1901
4178	1956
4723	3510
3575	120
1273	485
2788	127
3261	3012
2603	1347
253	120
4967	3644
3293	525
4963	1974
4656	1741
3669	1947
4963	4178
3447	3440
3815	1049
2321	1448
210	120
4864	2875
2827	1753
3904	2481
3651	2130
4141	1814
1991	960
4402	659
5223	5132
1093	468
663	167
1328	231
4257	4124
3963	1509
1995	1759
4343	564
3745	1455
2946	1349
2653	1019
2746	663
4772	3792
5215	1944
3366	43
3644	923
2910	2481
2887	471
1473	1451
2521	2158
3561	1753
2942	281
3486	118
3875	564
1555	561
2322	1491
4849	3552
2897	836
4257	4244
4555	2743
4689	2646
3278	2279
4978	3740
4097	1878
640	265
1396	672
3988	1766
5069	4178
3907	1447
5243	1555
3923	1574
1272	92
4719	156
4099	2368
4148	3570
3078	1807
4654	1217
4930	1109
663	299
2915	2318
2548	1574
4616	543
800	564
5069	120
4066	2827
4225	1753
