4210	4361
2541	4662
1422	2216
2478	4380
3536	4149
3535	4181
921	1117
4646	5080
618	4111
2438	2660
516	5098
2689	4872
1185	3248
1822	4241
1839	4798
149	4493
1213	3717
3153	4813
1273	2605
18	4329
2013	4670
3685	4561
2901	4268
2037	2199
207	3941
1110	2438
2660	3810
1436	4326
364	3576
2605	2862
340	2438
1537	2589
1430	3138
4241	4625
795	3343
1270	2409
1444	3309
828	3962
3767	4337
2574	3542
313	2288
2147	3510
1450	4301
19	449
12	3210
1149	1692
828	4779
2347	4391
224	3107
4151	4646
866	2617
2573	3935
4046	4051
92	745
269	3592
1537	2426
492	1692
417	3484
3602	4127
1058	1287
1359	1444
2690	2961
1671	3612
2877	4880
564	1136
2216	3478
643	914
1428	1727
205	1270
132	4955
1638	2847
136	1727
3944	4156
116	2964
89	385
2079	2627
3826	4177
3107	3414
664	3617
2097	2961
2224	4861
1741	3116
4326	4863
2941	3116
2118	3810
664	877
3164	4156
269	507
1042	1442
971	4433
1444	1883
1093	3114
1281	3044
2171	3958
1094	2472
2055	3417
2763	3602
1771	2118
3580	4045
2605	2648
1313	1617
1639	3741
1273	3116
742	1842
1243	3592
1128	4156
1269	4171
448	2947
2153	2810
3309	5145
3933	4156
2544	2904
3245	3724
1965	4770
1139	2118
1510	2541
272	2562
3767	4963
222	4712
1261	2637
333	4404
1444	4361
2064	4111
3068	4554
3038	4841
964	1415
2433	3864
4156	4303
149	3984
887	5038
2884	3837
3496	4156
3602	3686
2625	4170
200	1611
1865	4088
205	299
3428	3891
1839	3542
205	3121
1579	5095
3131	4490
310	2675
2672	4064
2145	4156
739	1692
149	2775
1045	2605
3309	4201
1544	4201
3121	3496
1270	3941
1422	2693
265	3611
1938	2511
2108	4971
754	1822
89	134
1450	4156
3116	3580
2216	4714
4035	4156
1727	2358
1660	1699
2625	2716
2545	4156
664	3153
1444	2755
833	3245
2852	3924
3994	4147
3009	3116
3346	4156
3534	4177
1249	3116
3498	4156
269	4026
1727	2670
114	3304
2140	3777
126	1839
313	3584
848	1598
246	2687
116	1607
1826	2625
1537	4122
4017	4560
990	3044
1117	3185
833	2118
2625	3248
29	3330
116	3411
1454	2174
2506	3131
3866	4393
67	2438
4537	5136
706	866
613	5026
1856	3568
542	1444
307	3114
343	2434
3175	4048
1551	2361
1789	4525
176	1444
1422	1836
3661	4147
1782	3164
1444	3061
2775	3984
192	339
1042	4193
1444	2687
1883	4461
773	1639
892	3870
1101	4272
127	3747
750	2667
4393	4923
1727	4358
2774	4795
3164	4863
758	2181
2441	4040
2037	2704
2055	4872
1244	2618
1487	3837
1604	2037
347	2709
1885	5028
592	3905
2216	4358
1032	4814
1227	1629
1863	3996
116	4452
3944	4131
1604	3866
622	4118
2637	3837
2413	2725
2312	3204
1108	2342
539	1056
339	1139
2438	4595
1604	3580
339	3164
1909	2621
1884	4113
1741	2040
176	2544
209	5159
116	1812
3905	4182
1633	2013
3343	5071
1185	3358
534	3568
116	3548
1585	3312
4040	4506
2902	4329
38	613
307	1461
36	2755
1286	3222
1108	3116
116	4759
800	2013
117	4156
2049	2417
1639	2331
791	953
390	3948
686	4369
1460	3825
1811	1885
1180	4021
2050	4614
1995	2326
974	2672
4156	4908
1596	3777
884	1454
38	1444
3591	4712
4615	4711
1063	1798
4052	4461
89	2013
472	1430
200	2753
1145	2362
1119	1272
1422	3932
1270	5138
2142	4872
3536	4107
4375	4538
1253	4103
5004	5008
2653	3245
2660	4151
387	3245
1430	2934
1948	4329
3116	4360
651	1163
3121	4035
3104	4841
14	3883
492	3175
345	3344
1942	3104
2729	3116
3574	5091
387	4021
3542	4798
2835	4524
168	1884
1444	4728
36	3866
65	1108
2611	3116
88	1332
2126	5095
1413	2479
2438	5102
3116	4646
1281	3842
4481	4861
2743	2884
1722	3116
1093	1227
3105	4386
2388	2593
322	925
3488	4725
861	3116
1251	1558
4558	5080
622	4417
1704	3116
4077	4776
1194	3285
3116	4365
1694	2894
2220	4770
1839	4381
2216	5011
224	4381
3088	3840
1058	4271
3116	4765
116	2544
3672	3741
748	5146
38	4271
92	5022
983	4730
3536	4415
1445	2079
538	3116
798	4149
2544	3493
2479	2672
232	4909
67	4685
116	4406
2835	4147
677	3375
739	1678
4113	5095
3370	3506
2802	4156
2731	4156
1625	3450
4615	4861
1885	3752
37	3488
2660	2799
1781	3116
1466	2438
451	3237
116	4481
116	1227
1359	3116
3866	4830
315	3722
3107	3321
322	2835
345	1444
313	1521
3644	4589
1865	2926
2000	2406
2442	4125
2904	4780
1626	3107
88	5128
1337	4752
2438	3555
289	632
686	926
690	2835
2110	2964
3686	4554
2472	2653
1339	2430
2531	3561
315	2476
222	1771
881	3763
1958	4525
4156	4359
149	618
866	1187
503	1422
1543	1563
385	3962
116	3236
2703	3493
116	3402
116	1461
4821	5138
2216	5065
3449	3792
313	3208
589	1883
1537	4502
1604	1883
1351	3344
2438	4651
176	3843
4830	5079
1207	2593
88	875
2216	2254
343	509
89	351
2293	3603
1793	2085
3138	4651
1602	4156
3870	4930
1270	4271
3164	3866
978	4525
2307	3777
3361	4386
1119	2347
652	2259
2803	3088
1712	2544
1996	3602
2862	5038
1061	3792
2065	2909
413	3266
2199	2637
1272	2118
1415	3515
3939	4872
347	3851
205	340
1727	3295
181	3043
606	1446
1809	3478
877	1559
1546	5063
856	2114
3121	4326
299	4480
2353	2951
1765	3450
1546	3816
2285	2934
302	1980
4129	4369
1185	2862
493	1709
3116	3589
2909	3413
2871	4336
1703	4860
1477	4735
343	2989
2562	2706
2281	3116
1442	4189
116	4095
492	1444
2438	4086
2216	4170
726	1061
1593	2312
1839	4985
116	1774
3116	4831
3138	3164
1822	4802
2003	2108
4113	4766
1727	5102
116	482
4156	4642
928	1108
1117	2013
116	3609
2803	4111
4712	5004
1056	1128
3949	4525
111	340
2605	4539
1980	2926
121	4201
539	4181
4156	4673
1422	2584
2726	4126
4156	5155
387	4001
3591	4271
2476	4620
2951	3116
2438	3991
1958	2506
343	3536
1666	2625
3589	4798
971	4156
4326	4480
706	4186
1324	1704
4480	5102
2350	2964
1692	2594
2218	3370
3222	4156
2864	2884
2118	3444
1267	2957
1185	4158
877	1579
1302	2810
1524	2810
269	2427
1227	4558
2704	3807
246	4750
3456	4170
116	2573
284	3100
1865	4200
1044	4361
2947	4156
1816	4752
1442	4387
79	1958
2598	3823
1727	2101
2586	4901
36	1286
1920	3245
1202	4156
321	622
116	1385
1292	1313
903	5004
269	461
3878	4018
3352	4271
1727	3488
1334	3519
3142	4252
89	851
1034	2653
3088	3939
529	1920
2476	3352
3685	4414
1334	3747
1933	2605
1294	1422
2312	3797
1883	2810
1404	3116
2124	4605
339	2775
544	4040
2177	2672
855	4480
1880	2820
3116	4663
3989	4728
288	3116
2541	4380
1870	3116
2835	3984
1362	3204
988	4219
509	2835
670	3122
2438	3731
509	4268
4244	5095
343	2567
1543	1726
92	4517
670	1935
14	2951
1110	2835
313	4176
754	4241
866	1692
2584	4156
670	1811
2118	3773
2085	3153
36	2429
2605	4046
921	3185
3116	3948
320	3259
2895	3381
3358	3489
2034	3061
3797	4859
1430	3769
2625	5110
3116	4000
253	2216
2230	3248
1876	4412
2216	3984
833	1444
3116	4547
231	3962
1185	2070
1136	1245
1033	2805
3344	4201
2307	2564
2584	5151
1210	3792
3061	4905
1430	1883
239	1616
1585	3046
67	222
205	1202
72	2544
1119	4391
3352	5008
1477	4189
116	3933
205	339
192	3773
1444	4889
1487	3566
1626	2947
3116	3319
1454	2011
3088	4872
815	4506
3006	3330
2884	3116
4271	4480
3569	4554
622	3685
3639	3722
142	3866
1292	3753
3116	3138
1578	4156
3088	3138
4156	5133
1119	1533
795	4169
4329	4582
2122	3343
177	2894
2731	4017
116	371
2712	3116
1444	1722
1306	2803
1030	2746
2265	4186
89	3067
2438	4162
985	4905
387	618
153	3218
3452	3493
246	4728
38	4561
4088	4943
195	4970
3116	4060
1430	2186
4554	4798
1695	2810
2049	3739
791	3237
2755	5108
2048	2627
116	2904
71	4336
3851	4970
1202	1444
1180	4480
116	3090
539	4901
2564	3153
485	3717
92	1990
256	2216
1771	2934
867	4113
3107	4640
1136	1546
2541	3009
3116	3917
1198	2901
284	405
1746	2003
2319	3428
1108	3061
69	4110
2704	3654
1504	2118
5089	5122
67	892
1187	3407
2531	3210
2849	4201
3116	3611
1460	3692
2057	4538
1306	3112
1811	1825
29	4640
116	3819
1461	2706
3591	4495
2479	2748
4623	4674
4156	4253
126	758
773	2829
2385	3107
3116	4562
28	1351
1334	2199
1909	3984
613	4169
550	3957
119	2831
305	4156
1444	3510
3086	3996
4023	4825
1294	2540
465	3116
2419	4156
1938	3413
2438	2774
442	2013
1444	4734
3754	5146
2564	3763
887	2319
1873	3559
1839	1898
1597	4095
1812	4156
492	4525
1733	4156
1996	2605
3116	3881
3783	4878
866	1546
1579	2555
2299	4984
618	1108
406	867
299	2810
618	2627
2114	2835
309	1966
192	387
1546	2468
552	3067
187	1436
704	4598
706	2891
3984	4525
833	2803
875	971
2427	2750
1108	2362
1770	2492
1139	1180
1906	3837
340	2048
1819	2442
2547	3984
1686	2735
1582	2617
149	3121
651	2210
4156	4591
592	4560
116	2417
4045	4923
1486	1912
2438	2746
1695	3116
116	5162
394	1918
1726	4189
1302	1883
1771	4525
116	5095
187	1440
2255	4790
116	3576
1842	1913
1633	3810
1139	4156
758	2062
472	5128
3559	4201
1822	2304
1202	3164
224	2037
3561	4301
5004	5151
925	5004
2118	4739
652	1381
1487	3385
983	3584
149	4271
2110	4495
1584	2118
1890	3116
2142	2627
921	3484
88	4750
833	4271
3175	3344
1726	1912
1253	3381
1494	2704
1741	4051
3637	5112
1502	3352
1599	4525
1625	5128
1933	3478
2871	5010
2438	4615
187	4670
866	4832
187	2752
2521	3245
3510	4156
14	4870
187	3962
448	4830
2324	3116
116	4651
1771	2706
309	4156
2476	3578
391	2735
1408	3672
3568	4723
74	2138
1108	3752
2199	2396
2862	4170
600	4307
539	3665
592	1142
1791	3286
1032	2019
2991	3722
3972	4684
309	3323
2342	3414
2888	4670
1061	4474
116	2814
811	3116
767	1755
89	822
2846	4043
4393	4728
1422	2605
4156	4196
2835	5071
3210	3352
114	4482
2108	3739
2438	4712
4970	5068
3637	3984
3977	4814
38	5102
2110	2118
1446	4365
116	4612
1873	2860
1873	3088
116	1237
892	2118
651	4284
1906	4156
533	1685
1045	1537
881	4635
116	1807
574	2573
347	930
28	5136
3116	3831
4674	4907
69	4320
2672	3114
2704	2931
2653	4493
116	585
246	1667
2216	4598
2118	4525
89	472
406	2567
3905	5146
2438	3773
135	2438
1626	4261
1444	2835
151	4156
116	5121
116	1217
1444	4863
2118	3344
3579	3941
953	1085
2438	4450
1086	2846
3376	4156
2541	3456
3404	3496
800	1426
1444	4598
3237	5078
1873	2023
3044	3842
1483	1703
1510	4605
1453	4461
2605	3277
1176	3559
3209	4554
1593	1847
246	584
2037	4656
345	926
2864	3972
3962	5015
265	3116
2417	5122
1021	2934
1108	2429
1243	4292
25	2985
1782	4393
1306	5128
1007	4328
1253	2750
116	2327
116	1853
116	3702
2184	2690
2491	3401
4156	4598
402	3116
2762	3208
1840	5026
1185	2263
192	4583
589	4830
4487	4502
3413	3975
38	2118
2951	4022
1546	4382
922	1900
2199	5136
1030	3953
613	4538
37	4271
2666	4156
4156	5129
2254	3825
22	3484
872	1741
2687	3304
3138	4326
686	2487
856	3837
116	3486
284	800
2699	3792
1537	2409
1670	3939
1390	4525
2511	4397
205	4196
1477	2181
1812	2216
773	4684
3123	3911
1744	2062
652	1422
1524	5008
675	1305
4615	4951
129	1891
953	2171
855	2544
1819	2149
2605	2847
2443	2746
1286	1444
132	3361
1623	2062
537	1521
2216	4526
1108	1122
3116	3572
3323	4461
2235	2934
418	1061
3536	4294
2722	3792
14	4908
971	3754
3527	4156
343	2409
116	3697
833	3114
1424	1920
2877	3837
195	3747
1777	4301
1839	2385
1548	2478
132	3218
3307	4848
472	3088
1446	2438
116	2584
2593	2913
1248	1492
980	5146
1504	4397
2353	4022
652	965
3231	3767
726	1460
1093	2034
1910	4417
613	4841
833	3376
241	3116
18	3808
271	2362
116	3067
2656	2909
417	3134
833	2755
116	2726
2582	4030
1444	1789
1446	2547
726	2863
2562	4186
601	2011
200	3579
2057	3810
3810	4252
971	987
30	1408
517	4126
1324	5134
613	2057
492	4271
1108	4750
1444	5145
116	271
516	3431
246	2775
224	811
1722	4064
2106	2259
417	921
2199	4748
2230	2582
1537	2023
985	2858
843	4107
3399	4193
3816	4113
43	116
387	4547
1448	1666
10	2678
1836	4002
253	4103
2562	3756
509	2003
1571	5080
116	1378
393	5134
145	4770
2327	2342
192	4739
116	3135
2511	3375
269	3839
288	2605
2013	4156
239	1824
1994	2118
1946	4271
2971	3381
67	5128
917	1015
2621	4831
3701	4111
3185	4156
1430	3250
1256	2232
255	2706
2438	5129
2541	3100
592	1461
455	506
4863	4972
1265	3107
116	3956
1897	4183
302	1865
2582	3452
1176	4361
1692	3116
2472	2521
4703	4955
4045	4817
2567	5008
1281	2820
131	2056
1692	1744
136	1537
1313	1994
4642	4644
2370	2837
660	4311
994	1176
4156	4778
89	4827
1623	4798
88	4336
800	4651
2511	3635
2438	3175
2628	4156
3456	4031
1546	3879
2394	3236
2653	4001
88	1202
2843	4506
2893	4397
748	4201
89	2774
3493	5072
89	3289
320	2442
2544	4515
5040	5043
1692	2934
1626	2342
2775	4393
1180	3717
2755	4480
2586	2687
3107	4554
96	4201
1430	4525
2901	4358
1108	3843
2156	4412
4495	5107
2181	3414
542	1626
116	4062
114	1692
748	3237
1524	4480
600	978
758	2370
3116	3569
29	4770
1807	2406
2019	2138
89	3847
644	5020
639	2118
2438	4432
135	4040
3116	4217
1213	4668
1294	2085
1839	3107
890	2672
1607	2858
2544	3954
2468	2672
499	5039
2617	4156
2843	4591
1213	5065
2335	2802
116	3940
1156	1727
2173	4863
65	343
1870	2056
89	1765
3515	3649
1727	4711
2564	4984
3754	4880
343	1953
1913	5063
930	1444
748	1093
3603	3944
2234	4626
1686	4058
1809	3199
2492	4537
2835	3426
4651	5008
1876	4547
2370	3414
1346	3762
1122	4156
3304	3493
601	4252
455	1042
1117	1671
1670	4655
2142	2939
313	1622
3974	4209
903	4129
4020	5159
601	928
311	4078
574	4872
1593	3586
1593	4526
195	3568
417	3586
1185	4122
890	963
618	2362
1461	3837
2474	2780
928	3752
1270	2833
1454	4525
2605	4018
413	4301
1015	2672
3908	4502
119	4827
3880	5031
3262	4785
1537	3718
3484	3586
974	3496
2203	4674
1324	3742
3797	3840
2348	3584
1537	2829
88	2835
3107	3589
116	5158
2544	4113
1502	3503
2775	5031
3247	5068
1261	2672
1180	3116
529	3548
569	3116
2319	3984
1861	2796
255	1342
116	5102
417	1593
3536	4951
928	3866
2118	4598
1555	4156
3602	3637
4526	4595
1727	3358
263	2108
921	1453
1704	1884
2069	4201
2867	4019
1667	4752
168	1108
514	4156
1270	2689
1198	2464
914	1108
3116	3807
2216	2234
2774	3766
2763	5072
3962	5010
1058	5108
1727	3769
1818	3489
3414	4180
2210	4525
1703	4861
2175	4156
255	4110
149	4156
263	2891
1781	2864
116	4239
4255	4329
1865	4259
2092	4656
1537	3953
116	3908
3628	4759
3579	4588
1194	3160
116	4035
326	1912
2307	3742
116	172
1791	4201
1726	2725
299	2142
391	1446
866	4836
2378	4993
1774	4895
268	5004
1430	5008
1746	3944
928	3518
116	2685
2285	3591
151	815
339	4111
3191	4156
116	5070
4358	5108
3121	4972
2959	4778
1504	3361
4598	4827
600	1426
1948	4619
509	2362
92	1546
2991	3754
1352	2342
3559	4623
877	2288
1809	4156
448	2625
246	1444
1863	3603
613	2118
8	2564
2341	2535
1839	1848
1499	4360
333	2564
1101	2327
923	1537
343	3105
116	5146
1591	3331
1085	3083
1479	2746
953	1479
89	2266
2810	4830
2011	2835
19	3107
618	4326
3116	4705
116	2539
855	3686
1533	2704
3580	4827
111	833
2312	4908
2267	4850
200	347
2110	2799
339	343
340	2755
116	2331
4943	5079
449	750
800	1430
1883	5091
2625	3797
558	2438
1953	4861
2835	4646
2216	4111
442	1117
116	846
1504	3466
1108	2547
22	4175
3237	3905
3104	3116
4156	4502
618	3536
2939	3939
855	4651
632	4470
272	1270
2726	4461
1085	4795
2040	3542
2939	4655
2775	3579
2593	3779
903	1306
2917	4524
4201	4708
1015	2479
1617	4271
2948	3614
2216	4208
357	5035
1692	4183
1501	2065
3116	3450
2479	4467
2108	5063
3866	4598
1744	2507
3478	3586
1444	2327
743	1415
1726	2589
3777	4985
3392	4751
1324	5151
269	4238
4026	5020
92	3012
2858	4114
1869	4272
193	1727
1548	4186
1883	4156
1444	4673
2948	3175
269	4275
2224	4711
2216	4908
376	1847
1444	2948
2328	4670
449	2299
1655	2406
1692	3043
963	1408
2066	2934
116	765
272	911
313	3636
4651	4982
4113	4538
313	5159
4149	4712
1585	1912
573	1704
2268	3116
2142	4655
985	3488
1512	3328
149	2653
2406	4982
2522	3557
1477	1667
2582	3715
4131	4201
1455	3589
89	4336
4113	5034
270	2438
2893	3460
272	2362
3503	4181
3339	4156
3237	4064
585	2290
649	2637
305	4367
2605	4836
574	4907
4880	5146
1243	3428
930	1454
1139	3580
1108	2306
2438	3220
3939	4972
1108	4905
180	3116
1670	4008
2666	2934
116	767
253	2687
550	1598
116	4656
116	133
2181	3086
2311	2335
3048	3542
192	743
343	1252
2483	4619
1726	2417
2555	3731
763	2118
1671	3851
1429	1912
2544	4170
1444	3231
89	4776
1067	4301
2160	2605
930	3488
294	4386
4001	4156
1836	2321
2230	3175
1873	2913
4110	4156
1436	2282
1952	4156
1510	4271
1923	4271
1422	2917
205	4271
116	4499
38	3484
1873	2547
930	4448
1726	2963
1302	5008
1883	4655
3237	3754
808	2735
1128	2342
1883	4045
564	4201
116	1211
662	1563
1074	2704
1030	4151
2544	4326
652	2216
28	3493
1752	4955
132	1660
347	2473
2584	5072
1647	1942
2625	4529
3204	4461
339	3505
3536	3680
2835	4802
406	3866
2177	3164
343	4949
2013	3484
670	3635
2625	5095
387	3724
4271	5128
116	1858
2514	3116
2904	4467
3071	5102
246	5008
339	1722
176	1546
639	3941
1546	2631
114	129
1107	3116
964	1900
1454	3536
3048	3777
3639	5026
2438	4461
2230	2739
1251	2593
79	866
2835	4525
116	3682
1617	1695
116	3803
1537	2197
18	2823
2198	4861
134	4156
1582	3116
116	4483
3672	4752
69	872
3586	5040
1463	3558
2752	3116
585	3731
3116	4199
1428	2118
3673	3739
2230	4734
921	2013
4078	4156
3600	4156
3067	4035
1816	4156
313	5158
1897	2492
569	2437
901	1744
2801	5146
300	4960
3247	3924
2605	4023
116	1226
2755	2775
1104	4816
1202	2142
393	1598
18	1002
12	89
1912	4646
2479	2778
116	154
1593	4111
449	451
3088	4863
798	2871
1598	3198
187	5011
88	3847
1093	3237
3061	3114
4525	4646
6	4156
3067	4651
4850	5134
1543	3576
1727	1784
320	4125
4525	4863
2438	3589
116	3753
2605	4746
1451	2929
347	3628
4095	4815
1444	4949
92	3307
1365	3116
784	3116
3244	3392
2857	4365
2556	2582
1862	4156
132	4156
4480	4830
1623	3589
299	2282
151	1884
116	4617
2901	3493
1333	1740
116	4550
116	316
116	911
589	4655
116	1454
2490	5145
3851	4156
611	1744
748	3061
205	1180
2541	3843
2015	2687
1720	3724
1176	2070
1466	2835
4149	4711
364	3484
1093	3489
92	4316
610	690
1354	3116
2811	4635
1149	3295
2473	5042
343	1604
3114	3505
750	3644
1670	4433
255	1625
124	1136
1727	4019
391	2926
1032	3107
639	914
3496	4410
2478	5010
116	2381
111	2755
2342	2562
3153	3344
574	1213
320	4147
2358	3840
67	3962
3548	4598
3100	3175
2342	2573
393	3198
3458	4480
2537	4525
339	3289
2023	3116
116	3681
613	4949
987	3237
578	4723
3566	3747
2437	3114
3114	3754
539	2989
65	3116
1092	3486
67	492
116	2533
2755	4728
339	3121
272	1537
1537	4255
2118	5045
726	4271
2763	2835
88	3506
1839	2593
917	2573
307	592
187	385
3566	3754
1461	2034
149	3164
2127	2621
272	1667
92	2049
1858	4328
116	2278
2835	4750
1108	2687
92	390
799	3354
116	440
200	3116
1625	4156
2261	2889
2544	4046
2370	3488
4111	4598
310	1185
4023	4360
1722	2672
1119	4646
2216	2349
2353	4870
1598	2145
1444	2666
2181	3116
25	462
391	1352
2795	4045
754	1258
903	1958
1739	3957
4770	4825
111	2048
1117	1248
2149	3259
347	5056
2892	2932
3426	3685
1524	3006
3006	4674
358	606
3357	4728
833	3357
2951	4908
1460	3637
2495	2852
1958	2904
3198	3742
611	4271
485	652
534	2736
343	3703
3116	3424
269	3891
3474	4271
4113	5102
92	2985
25	2755
726	1444
1504	3603
1453	2835
74	1807
400	3032
1187	3116
116	1002
1671	2023
3242	4156
2625	2930
22	3612
284	462
855	3536
4759	4861
3568	4735
116	5003
1462	4186
1136	2040
3061	4880
3160	5138
333	4085
1430	3939
3548	3589
533	1461
1911	4988
1873	4231
8	1243
880	4598
1727	4369
339	387
451	3413
2482	4664
584	1873
2174	5146
5063	5122
848	3218
299	1670
2555	3321
313	2370
1830	4126
1253	2040
3810	4474
3116	4640
1552	3536
866	2181
758	4776
4156	5068
1602	4674
3138	4830
28	345
2342	4776
2771	4201
3561	4031
2771	4872
343	3496
262	3116
2180	2704
3160	4165
1546	3756
2479	3307
264	5122
1770	2535
2877	3489
3344	4651
2539	3199
3116	3167
2395	4960
3176	3637
988	1007
2019	3974
2909	5004
343	3864
241	3104
246	4960
1289	4122
2040	3839
1404	3758
4040	4943
339	4863
2118	4740
671	2951
3428	3572
2057	4342
1537	3104
2308	3884
400	4019
1426	4129
971	1777
3245	5089
322	4752
1897	3488
843	2476
799	2490
1453	3116
677	994
1108	3067
3548	4271
4670	4972
3121	4827
1537	1912
2799	3602
1906	3237
111	4480
1180	1306
1966	2889
116	2398
3361	4159
3116	3178
4110	4272
340	3376
187	1408
1128	2989
1393	1422
92	564
310	2216
4326	4923
3724	4001
309	1324
1462	4905
2118	2864
231	928
855	4872
2199	3786
3952	4170
1740	4198
92	742
639	4567
2835	4949
322	4113
126	4798
2985	4685
1187	2546
3164	4827
1165	1952
79	1251
2254	3131
269	1741
2064	2547
704	1692
255	4525
600	3116
1537	1597
1722	4843
4486	4537
142	2625
2852	4830
496	1836
137	387
471	3361
247	3950
3208	4984
683	3328
1622	3414
1524	4651
387	2653
3837	5078
2216	4529
2145	4406
3586	4336
284	3614
2777	3116
136	2216
2672	4040
1709	3116
726	1265
2410	4129
4113	4594
246	4156
1524	2939
1606	4156
3536	3696
3121	4088
2307	3428
1686	1865
609	2177
926	3810
1272	1617
2755	3941
2011	2506
89	2306
272	3434
3489	3754
1058	3245
3685	4830
3104	4908
2048	4525
116	1205
1020	1744
1180	2048
3866	4088
309	3198
2199	3012
387	3580
758	1914
3879	4463
1359	4271
1348	2904
72	652
4728	5068
2607	3116
1897	4012
250	2901
3605	3677
3116	4891
116	5015
2479	3786
149	4021
89	2871
42	3584
914	3488
1581	3972
272	2942
2256	4252
1455	2434
321	3407
2628	4271
2232	4171
925	5027
606	2863
1422	1756
1777	5068
3253	4156
973	4110
3536	5151
2019	2564
187	3800
791	2838
269	2667
2909	5079
1202	4830
1164	4156
4077	4410
417	2312
3589	3885
1584	2835
88	4271
652	1234
1727	3088
2145	4861
2034	3905
517	4759
1272	1703
1313	3127
4129	4156
339	4547
2547	4002
4271	4393
1273	1818
3328	4189
3739	4201
1626	4539
773	4129
913	4525
2034	2877
151	3131
151	4850
907	2746
828	5080
1108	2203
1306	4480
3866	3939
542	1367
2118	2155
1454	4905
2049	2406
347	4970
3095	3116
1671	3847
921	1598
964	5068
1760	3972
11	3086
3433	4525
284	4502
748	1906
4267	5041
3870	4271
2835	5107
2145	4970
67	1267
1448	1897
22	3753
142	2290
2125	5108
3116	3361
1136	1965
150	1461
1477	4487
65	2495
1499	4743
246	5031
1117	4976
4156	4734
2394	2438
8	4984
114	2690
385	2991
1313	1599
1782	4827
1526	2959
3116	4415
4619	4663
328	4526
493	2118
985	1722
1699	4159
1176	2731
69	1015
3568	3847
1752	2682
1726	1938
13	2230
1666	1873
2605	2930
38	1662
253	2555
3876	4916
2643	3208
1582	1811
584	4770
2473	4615
664	3164
4271	4581
34	4201
4095	4347
3701	4358
2177	4045
25	3917
1873	2645
3116	5071
116	4267
928	3067
2904	4193
1840	3962
3492	4326
1440	1485
2438	3536
2605	5071
111	4271
187	4022
1543	1727
1149	2627
1094	1593
4670	4970
750	1243
29	3810
2438	4840
207	2118
88	2871
1007	4417
3116	4614
2837	3542
2521	3071
69	1873
2034	4728
3343	4170
4162	4194
3116	3404
2672	4646
51	3116
758	1898
914	3617
2864	3574
3939	4480
116	3685
1948	4620
1546	3739
116	4960
2746	4151
2259	2511
1185	4651
881	4086
1913	3116
2108	3338
3493	3963
2680	3116
652	963
2858	3488
3199	3344
1239	2216
1889	2199
1108	3980
3754	4560
612	1943
3407	5020
3536	4271
381	1187
3754	4598
1207	4656
2216	2722
29	4193
2605	2846
2835	4640
3518	4149
3116	3536
269	3428
47	3116
2385	3589
3381	4701
89	2531
2118	3580
690	4271
3361	4459
1666	4238
2177	4156
2799	3114
802	4156
4156	4568
345	3175
3199	3277
3939	5091
309	4861
592	3489
4615	4712
914	3153
1108	4153
114	1355
683	4872
119	850
1202	3121
2528	4554
1430	3356
861	2704
28	3609
3328	4848
542	4271
94	4623
3112	4655
4156	4668
3116	3566
92	2406
1010	4160
1771	4271
2651	4156
1836	2554
2114	3488
2755	3164
2295	3825
120	4358
917	4316
3786	5122
3116	4463
2108	3491
3116	3745
74	2682
601	3566
3121	4196
1973	4443
207	2177
2048	2755
3309	3659
326	4558
116	978
3088	5008
271	3343
3343	3808
1108	2573
3433	3506
903	5011
911	3116
2438	2835
2904	4156
2118	4264
2901	4030
1061	2755
2490	2506
345	1061
705	3116
2650	2835
252	1774
2555	4987
1692	2483
448	4110
116	1633
116	4803
1661	4863
2410	3095
3767	4487
2521	4476
851	4156
2715	3116
3343	4268
272	1695
88	843
2801	3566
913	2118
2290	2347
1345	3534
98	468
92	2216
1176	3579
1108	1741
343	2753
3496	4727
2343	4113
1454	2429
2521	3724
1825	3100
4113	4533
1953	4615
2877	3754
92	926
930	4908
2183	3116
391	887
114	343
855	3247
1248	5035
3116	3696
116	3048
3708	5015
589	3138
2547	4584
269	425
4201	5091
1528	3114
1021	3747
4021	4728
973	1510
980	985
705	3236
1504	3974
1063	2625
116	612
116	2600
2743	2948
861	1455
3756	3924
69	4723
187	739
2064	4336
2342	4151
153	1537
1671	2013
3810	4791
1149	1486
1585	2366
2013	4908
385	4795
3116	3458
114	3773
670	3116
429	3498
1108	2319
269	4525
104	640
739	911
116	4891
1461	2637
3488	3579
1953	2605
1185	2013
224	3104
246	4271
3352	4156
1847	4294
956	2983
85	4156
3121	3164
116	4798
1727	2934
67	162
481	550
22	4271
1884	3742
2106	2582
1671	3185
1313	3104
162	4165
272	3704
1034	1424
3107	3777
1775	4583
1524	4943
584	2544
4113	4486
2948	4271
1727	1903
1948	2562
3568	3649
2321	3116
921	4759
343	4752
2835	3413
2049	4019
3116	4858
881	2811
985	3385
3153	3884
3566	4880
29	116
3104	4008
971	3586
643	3426
2837	3107
2361	4198
1444	4960
2755	3114
417	4821
2643	4118
2118	4646
2118	3870
88	5040
548	4448
291	4019
1617	3637
806	3107
2347	2835
1883	4830
4870	5015
921	964
2930	3493
4651	4830
2605	3944
2153	2312
848	3686
322	3116
3883	4870
1625	1948
794	1537
1286	2006
1655	3747
394	1504
750	3153
1744	3413
129	2118
300	4972
42	3116
2692	3237
1946	3116
2849	4156
1454	3385
2216	4640
1953	2584
664	2952
928	3404
2541	2763
690	3116
2939	4863
1390	1692
2282	3696
1059	1552
4752	4893
894	5072
1393	2901
2605	3108
3121	3939
30	3810
72	1873
3116	3434
4156	4841
3174	5133
1996	2511
290	1582
2339	2800
2224	5072
1966	2934
309	1953
146	2637
3777	4275
550	3116
2838	4156
1136	1209
1306	3474
269	4046
58	4740
1415	3122
622	2643
3114	5078
2216	3579
357	4185
2490	4271
706	3974
1032	1741
188	2628
72	4651
3586	4461
4271	4582
176	1596
2800	3825
2573	4252
1333	3974
417	2835
610	3116
632	4064
1781	4872
1305	2040
3045	3739
1661	5031
3994	4156
1286	4156
3505	3580
192	4644
2308	2971
1933	4960
3580	4972
1175	2852
89	3006
2029	2487
96	2625
35	1897
3116	4538
2438	3722
284	4113
3962	4110
2118	2823
116	4043
2522	2934
299	1626
3344	4863
343	4880
3665	4153
3580	4943
3116	4363
2692	4880
4311	4412
2975	3700
2349	4406
121	4165
1756	3442
3866	5153
3107	3319
3717	4752
22	2438
584	1626
272	2410
4460	4670
347	4976
2531	2884
3426	5017
1306	2312
2011	3957
4701	4831
2395	2430
2605	2666
3105	3972
726	1261
1847	3609
114	2586
387	4113
1454	4271
177	1483
2894	3810
348	3116
116	2370
2709	3338
1139	4525
742	1313
973	3843
1144	3231
4156	4889
307	601
1204	4159
89	4113
455	1213
1275	4131
3580	4598
246	3602
2985	3116
558	2835
1270	2627
1593	4728
781	3116
3688	4048
2342	2370
1933	2959
4113	4271
1610	1622
2203	2541
385	4301
1175	4156
3404	5107
272	4765
1061	4018
4752	5138
3361	4183
2605	4839
269	3584
2755	4271
2898	3619
876	1267
3783	5026
2521	4493
1453	3754
394	990
2210	4271
2118	3250
3114	3248
2299	4814
2555	4170
4645	4960
1454	4410
2438	4830
578	1546
1306	1524
116	533
1744	2181
391	1980
2438	2507
1782	4480
1548	2306
149	2851
116	861
1306	3685
534	4841
1667	3493
142	2216
3866	4972
255	4524
69	1563
1185	4113
149	4779
3744	3840
1913	2894
209	1265
512	4349
2370	4201
343	1667
116	3696
3864	3905
618	1428
2954	4877
1222	2548
3247	4583
1782	3536
2437	3566
1121	1450
1422	3795
119	4271
1094	1108
1203	1744
4045	4480
613	1313
2118	4196
413	965
1034	4872
4245	5026
1326	2625
8	612
1207	1692
106	3722
4045	4972
1862	3924
726	2406
3116	3949
493	2216
1180	3474
4493	5108
393	5068
1333	1432
828	5072
1085	2406
911	3677
2880	4156
1607	2479
1430	2013
2037	3510
2605	5091
1454	3837
650	2605
2627	4863
2216	2686
116	913
2381	3116
2055	3840
269	333
1559	4086
1454	2852
89	1444
3116	4712
88	3677
726	4525
2148	3691
4088	5008
1252	2476
1393	3701
726	4272
1444	4271
758	4554
613	3984
4149	5151
4707	4800
539	4153
11	3695
1884	5134
339	4480
48	589
116	1445
2835	4651
696	1727
4393	4538
300	5004
299	2803
2343	3666
1122	4271
3160	3285
393	4406
1523	4156
35	4201
25	4410
1537	3358
3673	4821
3226	4171
88	1633
116	3216
2522	2605
2544	3591
3483	3515
3628	4976
3338	4643
357	2438
192	3116
664	2564
2486	3116
111	3580
269	3977
442	3847
4086	4635
116	3265
187	4908
1020	3116
116	1666
4017	4705
205	2893
4971	5122
2079	2951
3330	4131
88	89
2361	3226
1444	2560
3962	4750
3591	5091
385	3116
2065	2216
1020	5061
1775	2361
652	4151
622	3787
3198	3957
2085	2299
69	1334
2627	2775
69	3974
739	3949
1688	3962
2307	4294
1752	4401
1726	3185
1444	2015
3426	4728
2438	4860
116	5123
3116	3513
3323	3518
2013	3185
704	5102
394	3842
1007	4118
2582	3116
2541	3765
2605	3352
413	3962
664	3426
3612	4837
2341	5042
2142	3685
1544	3343
855	3330
2285	2533
116	378
1631	4645
38	1460
1848	4798
1531	4406
2395	2774
1367	2216
1873	3820
2216	3024
1690	3035
1422	3877
151	5095
116	4671
3116	4750
913	3399
926	2605
31	4156
2216	3433
1202	3751
3946	4502
38	4201
343	4086
470	4077
116	4329
718	4156
1085	3747
1108	4320
1726	2218
2835	3478
833	4480
455	3747
2605	3932
726	3637
866	901
1561	2625
364	773
903	2311
2478	2706
973	3962
2216	2934
2142	4088
37	1444
1504	3842
462	2118
1139	1923
509	3612
288	300
29	1727
309	4711
3164	3939
176	1243
89	4162
3703	4860
1479	3747
1442	3753
726	2118
2353	4908
116	512
187	2312
2835	3722
1422	2593
1305	5028
1655	2746
116	2091
558	2278
310	3433
2483	5041
92	2555
116	5065
2385	4798
1761	3116
3704	4156
22	1454
1128	2586
3506	3934
696	3193
89	2177
1479	2703
1727	4714
2279	2605
3837	4560
2396	3449
116	509
2118	2350
4880	5078
529	4493
3486	4156
1911	5056
1408	2835
3116	4697
309	5004
231	2203
3105	4169
1306	4651
272	3962
2775	5153
4156	4387
2605	3536
1408	5072
1165	2316
1430	4830
3121	3580
4336	4750
2835	4644
2803	3116
92	3775
3116	3834
187	1862
2174	3114
30	2899
1422	5151
451	1852
116	4296
3747	4316
1546	2438
313	3984
3112	4923
1313	4415
1818	2690
1436	2430
1270	1444
2735	4259
309	4294
142	3496
2216	2417
2142	5080
3589	3654
2013	4970
1291	4077
88	4107
2358	2625
866	4867
92	2417
4905	4916
1108	3104
3116	4517
2459	4798
2362	2434
1546	4664
345	4525
424	3116
2846	3476
2351	4194
1781	2023
1263	3515
1620	4209
1444	3946
1906	2605
4674	4863
1477	1740
1671	4406
1034	1873
704	4156
2531	5015
1460	3742
2593	5110
74	1762
820	3116
116	1647
4970	5043
1139	4863
2483	3500
4107	5091
2197	2216
2917	5151
1604	4156
313	1108
2478	3330
1537	5065
1122	2653
1444	4156
2541	4723
89	3506
2417	3673
750	1294
2326	3293
2085	4219
224	2459
2560	4662
11	2171
1198	2279
1256	3547
406	3458
116	3503
1914	3107
1087	1746
2118	2514
749	2555
1873	1966
2660	3672
3880	4526
3786	4269
2858	4840
1046	3116
88	2312
200	1444
1058	1122
1415	1807
983	2593
2230	2370
2406	2438
151	3424
1108	3617
3114	4064
3114	3837
302	2342
1305	2468
978	1504
1883	2582
928	3769
633	4417
2307	2593
339	3116
3210	4301
2199	3227
2153	4495
284	3873
116	3620
975	2216
1352	2675
1119	1313
122	1446
4018	4410
1042	2796
3343	4443
2299	3153
271	2108
3344	3810
2823	4329
1139	4943
3289	5108
3116	3492
3204	3424
405	2593
43	3696
417	3344
1454	1946
1836	4712
3116	3754
4149	4795
2438	3866
1607	1789
2142	3866
820	4525
4208	4684
1847	2584
205	1883
89	5003
252	1061
224	1914
4594	5122
1996	4538
2362	3617
162	1880
2224	2438
116	1437
3116	5057
2835	4461
137	3870
2199	4776
116	4275
2142	4301
89	4712
134	2716
403	1444
1211	5122
492	1430
2891	3578
3944	4271
116	370
1958	1994
1461	1662
1207	2181
742	1422
1061	3810
1061	1996
1873	4525
2178	3962
2108	2362
2045	2299
914	4642
3496	4630
151	4151
1933	2438
72	2362
2438	3672
1770	4170
116	2438
492	4406
448	2701
1726	4945
3323	4245
2216	4086
1324	4970
4067	4524
92	1746
1579	2216
3622	4156
1245	4984
30	1667
3676	3778
4088	4113
3426	5010
246	833
1760	1897
1537	4210
748	3114
92	2062
964	1185
2347	2864
57	3924
1722	4916
1207	3589
4156	5039
116	3754
3105	4525
1149	3548
800	926
1765	2555
1607	3864
3110	3633
3754	5078
1746	3116
2216	2709
3231	4750
36	5031
822	3488
1917	4703
2775	4923
121	4040
3493	4752
116	3500
1185	1291
911	1090
1444	1666
1460	2867
846	3449
1242	3493
505	3116
1180	2775
1571	2835
134	4861
1453	3586
129	4156
2312	3889
89	3617
2108	4463
14	2835
180	1537
300	4820
116	2103
1836	3901
754	2199
116	3714
1145	3116
3866	4326
2438	4776
1569	3810
116	1898
1466	4271
925	3984
4064	4410
4067	4311
2406	5129
309	4524
192	1791
1781	3686
664	3685
1932	5153
2385	3414
471	2740
1426	1607
3849	4181
89	1722
165	4156
1492	2716
901	1839
1819	3747
1213	4147
1270	4728
218	1430
1685	4880
1205	4575
2438	3344
2394	3116
153	4361
606	2547
1185	3957
205	4045
574	2555
1546	5042
2774	4271
1752	2593
2582	4872
3996	4052
253	3116
88	5011
1408	2582
1187	4766
3061	4271
3116	4500
65	2952
2153	4480
271	1913
1202	4271
72	3100
3138	4598
750	4831
116	4927
1408	4583
316	903
172	3116
22	558
4525	4740
1865	2148
974	5038
509	3414
28	1213
1444	4538
939	2672
1627	5035
229	3027
1537	1622
4156	4972
2989	3503
3105	3199
1251	4217
1537	3797
272	370
116	5032
149	4728
417	1884
192	3491
320	4156
1952	3116
1692	4594
2544	5045
455	2216
1094	4326
3708	3962
1627	1655
246	2343
4495	5011
3591	4830
2079	4271
618	1286
5122	5136
1034	4111
4605	4662
1670	2939
833	1180
1415	1722
3783	4156
2433	3905
3361	3807
2224	2814
1180	4830
1444	2774
2097	4156
492	4156
2625	4116
1404	4268
343	2370
272	5136
1367	1611
538	3777
3330	3402
4170	5042
2057	3352
116	554
322	3800
4031	4301
2736	3483
309	912
111	1555
529	3505
600	1091
2486	4770
704	4272
558	4271
2307	3891
2796	5136
4311	5151
758	2837
3116	3289
3704	4209
1306	4181
348	4404
1914	2181
1692	4752
187	3586
1444	2481
971	4271
1333	3603
3123	3488
3114	3566
2438	4200
1727	2234
4201	4336
296	855
4201	4452
492	4101
2637	3566
1521	5156
833	5108
88	3722
3116	4930
299	4326
1900	3116
2409	4156
3456	4156
345	1422
2019	3778
2437	4438
4147	4872
1020	4877
1598	3742
2851	3426
2521	2801
2511	3515
309	1847
3116	4309
1430	1670
36	246
1648	2474
1539	2311
670	1251
1537	4034
2627	5031
1333	4918
3174	3218
111	4196
2934	4231
564	4872
67	971
116	4065
1444	4712
302	1686
1145	5095
2311	3344
2079	3771
2015	2574
74	1294
391	1865
2934	4539
2775	4156
885	4362
1117	1633
4301	4355
1202	5008
1477	3603
1092	1119
192	4575
930	2013
1093	5078
1938	4156
1306	4972
2733	3273
2904	3116
127	2871
606	2709
542	2605
983	4181
2145	3742
1666	1781
1444	4149
241	4949
3116	3832
246	573
1291	1692
2864	3579
1584	2011
1269	5095
1667	3797
3597	4201
220	983
1582	5028
310	2605
533	2867
2686	4401
2312	4415
750	3309
1671	3756
1422	3104
907	1444
2541	4829
269	3167
3651	3756
1205	2307
1789	2230
3088	3121
1362	2479
4018	4725
343	4776
2532	3603
2040	4993
758	3107
351	822
187	2562
2506	2726
1430	2434
1430	2959
3104	3685
2476	4271
272	4457
1847	5151
1914	2370
2048	4480
3580	5102
3116	3769
4156	5043
166	4831
1236	3399
121	1565
116	2457
1563	3637
116	4272
473	881
1487	4560
3866	4480
2555	5045
514	4412
3691	4795
1333	3012
2514	2594
1444	4859
3825	5107
1585	4493
1010	2199
506	4156
1537	2178
2896	4275
2085	5020
116	759
558	3116
978	3974
2312	4336
1094	4156
222	2755
1537	2216
1122	3724
2835	2871
914	2410
1709	3675
136	589
339	4410
72	311
1887	2216
1357	4156
92	2199
205	3589
133	558
613	5095
25	1279
983	2835
3138	4655
1774	4467
268	2348
1585	4558
300	926
4393	4598
780	4156
2177	3863
1836	2704
2541	5130
343	4035
116	253
2145	3323
231	3237
2142	2312
1202	4923
1365	2321
2142	4863
3866	4827
2799	4623
3116	3218
912	4086
1666	2541
3864	5078
1789	2118
4041	4637
2479	2835
909	2544
1085	4129
116	268
1444	3591
345	3810
1324	4294
2003	3952
116	627
971	5040
2746	4156
4113	5128
3352	3984
799	1770
1262	4802
3352	4375
69	3704
1546	1563
2438	5008
299	1337
205	2037
2118	3994
4526	5028
1561	1727
696	3116
79	584
4271	4391
815	4642
1840	3685
2753	4209
3116	5042
633	2951
1198	4752
46	4623
92	3739
4081	4156
2019	2040
2937	4156
2006	4830
1462	2402
1367	4770
1463	1537
269	5159
339	5031
3542	4656
51	3180
1444	4841
1152	1958
2507	4537
973	1444
1007	2643
1294	4640
1149	2438
1722	3100
2216	4645
866	1744
449	3116
1597	2605
343	820
193	4077
3911	5065
116	3334
247	2118
1913	3686
22	3093
1415	3739
856	5078
2852	3685
2104	4537
89	3586
1582	1935
2362	5128
88	3404
4397	4872
1504	3972
74	269
6	1692
3722	5026
74	2665
864	4271
3116	4734
1699	3116
2835	4035
1202	2312
2104	2438
584	2904
529	1912
11	4298
2216	4189
1537	1948
347	2476
892	1272
3637	4644
326	5080
2118	4156
4156	5089
4021	4156
2118	3865
2324	4192
1552	2722
2991	5026
606	4156
897	4201
2362	2539
1272	4525
2272	3924
1909	4156
1333	4156
4156	5117
4113	4750
393	1324
88	5004
2011	4905
1920	4156
3153	3426
664	1662
2000	2487
1294	3422
1935	4156
2181	4798
2435	3810
1272	3895
2101	2216
529	4156
2625	4640
1346	3412
114	2141
1333	4189
1058	4859
903	3105
120	1227
901	2324
137	4151
833	3717
1906	3114
600	2696
1504	1897
2034	5078
1108	1533
1521	3116
1324	3619
1996	2230
881	1185
269	4318
1756	3116
2811	3344
2362	2574
529	1720
269	750
4386	4565
1995	2482
3863	4916
2348	3361
1501	2114
627	4640
1911	4939
838	4156
2544	3697
109	3889
127	2746
4433	4655
1608	5008
2048	3121
340	4525
1533	2118
808	1865
4111	4670
288	2362
116	962
1774	4410
2040	3891
2755	3866
2677	2863
2961	3116
116	643
2306	5052
2110	3602
926	2703
1598	1704
855	3939
74	3079
1422	3536
67	4271
88	1777
684	1836
2931	3982
609	4965
1119	1617
2304	2586
4524	4615
4830	5008
116	4847
644	3407
4642	4795
1202	1306
609	1422
1884	5043
3107	3153
749	3381
180	1667
116	5049
890	4740
1094	3536
224	2181
3510	4467
187	3924
2892	4860
1453	3941
1626	4815
550	5052
340	1180
3992	4201
2479	2631
3354	5020
2438	2753
914	1671
3984	5004
983	4752
911	4670
1176	1809
69	3878
1047	2370
3107	3839
953	5065
2589	3116
2362	2847
774	3328
4361	5038
2852	4171
3724	5108
1444	1604
2582	3158
558	760
790	2306
96	2893
309	4067
4156	4923
971	1483
343	2811
3602	4561
1430	3866
971	3506
3673	4588
1170	3777
241	2835
2216	2961
1910	2643
309	2438
988	3450
2216	2726
42	370
269	3107
1873	4170
38	2835
1334	4077
2006	2567
2831	4162
2438	2755
2627	3121
3116	4685
3981	4156
2312	2395
247	3361
3237	4560
3724	4493
1067	2531
154	2852
3116	4443
1348	3747
2716	5015
1726	2070
89	3939
1692	2312
241	1213
472	3939
63	1415
2596	4156
1666	2605
971	3426
3992	4770
2653	4156
892	3413
12	1067
2398	3343
1477	4170
785	3116
633	3619
3354	4189
413	2884
1445	4241
523	2049
4972	5008
1537	2902
996	2699
2435	4538
971	3696
1973	3358
914	1404
2142	4480
116	4589
3489	5146
176	1415
4406	5134
3116	3276
1048	2750
4480	4827
385	2699
3586	4415
1007	4219
116	1726
1444	1446
116	969
116	3605
3245	3289
1524	2177
3677	5128
1270	4525
3185	3851
291	699
4525	4949
1067	2211
1865	2735
529	4943
1711	3116
1746	3413
592	2871
1873	3808
1252	2605
3839	4814
1313	4863
2177	4162
154	3493
1604	4863
4841	5136
3437	5061
985	3426
1448	1537
176	2157
1789	4110
2438	4040
4841	4909
2746	2835
2509	3116
1873	4268
299	1202
3116	3876
4201	4362
2437	4880
151	3752
517	5043
613	1781
4156	4834
343	5078
4271	5056
413	3889
1667	4271
2370	3116
1428	3498
2871	4369
3941	4860
1913	4594
2521	2880
116	1241
3949	4156
448	4185
795	2582
3754	5068
92	4077
2899	3116
2104	4486
2153	4655
79	3586
1007	1910
1623	4554
3116	3249
4149	5128
4156	4860
2057	4271
2507	2625
1461	3754
2959	3566
2605	4955
31	247
116	1347
46	1752
2541	2610
2605	5136
116	4735
2939	4088
574	2544
2621	3116
1953	3536
1332	4156
507	2468
3210	3561
2118	2483
4024	4156
1430	1999
2582	4525
4452	5035
1623	2385
1835	2034
3493	5136
3492	3935
271	3673
339	3580
94	1446
3409	3589
1903	4189
1203	1839
3164	4480
1546	2417
4131	4156
1958	3116
2519	3686
2782	4872
558	2347
1839	2181
3191	4271
1952	4200
92	4131
2627	4410
3493	3717
574	1836
246	1270
3924	5072
1044	1460
3692	4156
333	4026
255	3116
3426	4196
2216	5097
1422	2070
928	2011
2908	4843
2605	4529
4021	4480
2904	3045
132	247
116	3788
92	3611
1207	4985
385	3417
1244	1859
250	3116
116	4142
3104	4839
116	4595
1079	4077
339	833
1165	4454
265	1770
313	4915
907	4169
926	3944
2716	4970
116	1685
1334	1946
288	2555
84	116
2199	3929
339	618
2544	2931
3984	4052
364	1466
2704	4971
4018	4502
3286	3628
1430	1526
31	3807
490	2682
3352	3637
2975	4524
1444	4035
1324	2013
2417	2904
209	3839
664	1958
343	2948
490	1294
3104	4156
2627	2803
3116	4480
923	2216
413	4267
44	4156
2837	4798
491	3116
1108	3591
67	2891
89	4301
154	914
1873	5145
1593	4461
2362	3689
3870	4410
1185	4529
1741	5158
651	1038
29	2216
1430	2823
1662	3758
1273	2268
339	3357
1444	3866
2378	4156
3289	4859
2415	5128
2934	4707
2110	2877
1898	3589
911	3011
3612	4156
4820	5049
1273	4874
3426	4841
1326	3116
1627	2835
758	3409
1626	2893
2573	3032
1585	3924
2437	3905
1765	3764
1873	2901
2696	4156
2398	2555
1537	3189
1306	2894
3686	4171
1666	2023
2079	3121
3116	4271
1483	4529
1938	2003
4156	4255
1187	2579
1444	3880
2801	3754
134	884
1139	3505
116	5145
2835	4336
2775	3580
1607	4326
2034	4880
2506	2660
651	1318
2605	3440
116	3866
116	777
2902	3116
36	4480
209	3116
675	2893
1524	2951
2438	4711
1840	3639
1994	4525
1185	4129
1977	4525
2057	3116
1444	4923
1430	4712
2070	5102
1661	4271
3417	5108
833	4859
1479	1870
2232	3547
3116	4398
175	4795
1626	2235
1119	1270
4156	4728
889	1243
1020	1582
4558	4874
3011	4349
2265	2706
92	5079
2803	3591
1180	4827
493	3486
1953	5151
406	4480
2358	3477
3006	4088
1227	3636
2118	3614
154	1108
116	2741
2823	4185
1422	1746
971	5011
2048	2118
1537	3769
606	2889
269	3777
209	313
2893	3901
326	1617
2401	4156
3580	3866
4328	4417
1119	3901
4798	4985
149	1782
1571	4558
187	1703
1092	4525
2627	3866
2230	4086
2961	4241
651	2144
176	5122
1415	3381
2486	3354
899	3244
1045	4156
387	3548
662	866
322	573
3689	4201
3682	4329
5043	5068
2831	4272
339	4196
3198	5068
1454	2362
2092	3414
2415	3542
200	726
1662	2495
2438	5004
529	2775
116	3680
116	3764
3456	4837
1334	2541
652	739
2216	3165
1108	1408
2024	4554
116	4443
127	2614
2608	4525
36	3295
1313	3486
4150	4858
618	2177
313	2667
116	4802
3361	4565
1227	4646
808	1686
4584	4820
1042	2148
749	4176
364	3424
574	3262
65	1454
3536	4529
1746	4030
3344	4271
339	3114
3289	4752
109	662
2370	3701
1370	4077
3116	4461
1446	3328
1444	4480
4023	4156
3307	4386
1966	2261
1839	3654
3484	4415
855	5008
1444	4493
2048	4972
2531	4586
347	3612
2092	4180
1422	3116
2037	4798
2975	3116
573	4861
89	2331
2643	4328
1313	3871
209	4814
387	4111
1678	3370
2118	2184
148	866
1667	3304
2282	3496
1726	4101
116	4103
2049	3116
3123	4156
1444	2775
1546	2593
592	2835
116	4214
1952	4525
192	4156
1430	5084
104	3116
690	4752
4861	5026
3493	4776
4201	4615
122	1056
3722	4156
1781	3975
116	3100
499	2814
1270	4874
2753	3810
74	2299
1607	1726
3273	4391
1122	3870
3477	3879
1593	4201
982	2934
116	3518
2927	4271
1307	2666
3227	4820
1617	4035
328	3426
2763	3116
949	2631
3112	3138
815	1671
89	2835
2216	3116
2913	3779
3991	4131
4525	5027
2268	4482
1774	2888
2653	2823
116	3093
35	2438
1571	1850
4156	4200
43	4193
3105	4131
1768	4156
1108	3754
1306	2939
1727	3478
613	1119
1002	3488
1722	3496
209	2050
926	3991
1430	2625
1825	3739
1920	2312
964	3957
116	4539
2948	3116
343	4169
116	4200
462	1422
1726	2829
1853	3586
2476	4525
1526	2013
340	1782
2479	2814
3000	3116
347	3116
1306	1430
1430	3093
2118	4889
269	4173
2062	2837
3466	3908
231	2631
909	2413
1454	4595
509	3307
618	2775
833	1782
492	2438
2049	5136
606	3665
1119	3895
1444	4410
2438	4949
104	4850
2312	3231
2795	3489
1847	4156
1122	4644
3245	3477
3061	5078
2746	3792
2544	4674
3810	4045
3488	3503
1089	4156
3486	4525
2438	4480
759	2362
867	2472
3032	4048
855	4156
3460	4131
4156	4586
1136	1305
3558	3935
2142	4873
2216	4836
2835	3309
613	2884
684	3116
209	471
2114	4170
3486	4646
4156	5162
2347	4375
187	552
1454	4630
2055	4554
1581	2929
2808	2929
2775	4480
739	2857
4271	4827
2880	4193
2043	4252
988	4118
71	4795
609	4162
4088	4863
2908	3953
1839	4656
129	3677
339	4271
4077	4170
2142	3121
269	4404
1180	3164
4150	4255
2605	3295
4156	5008
2511	3944
1058	1585
609	1094
1307	2775
2079	3496
223	1430
1466	2573
2704	3450
974	4636
2544	4752
1744	2682
1202	4480
3924	4525
1626	2847
4077	4795
974	1108
1815	2216
2877	3061
1444	2438
302	808
1966	3456
2726	3321
1923	4863
1444	2803
269	1136
2810	4326
1992	2541
2584	2605
3107	3409
1085	3758
2473	2804
2184	4185
1990	2199
1204	1660
313	2546
601	1108
601	5097
1136	2630
79	4728
1272	3493
3830	4156
2290	3032
1537	4156
4021	5031
3977	5020
3116	3428
92	1607
1321	3116
4674	5091
729	4409
1726	2178
88	4524
1198	3591
660	2156
1752	4502
1313	1625
1483	2531
299	4655
3343	3701
2835	2864
509	5095
4126	5068
911	1444
1222	4131
822	5011
529	1034
333	750
928	2438
3116	3924
1933	2177
965	2539
3758	4813
2307	4798
549	4156
357	1627
272	4129
3488	4988
529	4873
2740	4554
2140	3116
3285	5138
451	5015
8	855
652	2877
1546	3012
2672	3249
1726	4019
313	1741
116	2088
36	1436
704	1946
1422	3067
1948	2118
613	4156
116	3123
2110	4949
828	2266
1685	3837
382	4655
3116	3974
606	2961
2893	3559
1897	2406
1623	2181
494	1935
1898	2837
442	4976
3513	4870
2829	4795
116	3717
3800	3962
1408	2306
2118	4728
1537	2895
1617	2216
1537	3067
1342	2118
2312	3484
2254	3289
529	5108
1033	4816
231	1883
1202	3116
1722	4088
3153	3758
89	1492
4827	5031
4752	5128
786	4970
449	2729
2216	3905
1058	4547
4113	4365
74	313
451	4001
1847	2312
3414	4656
881	1790
4830	4863
726	2701
2070	2625
1355	3116
4271	4326
2312	2726
988	2643
2199	4019
89	5128
974	3696
313	4984
116	4173
1139	3121
1203	3107
2810	3939
36	3880
175	4409
1617	5080
3237	5035
116	4804
2541	3323
2948	4525
188	742
822	2438
3685	4858
592	2437
116	1493
3088	4088
74	4766
3840	4156
4655	5008
4525	4695
877	4635
1108	2410
1667	2899
2474	5122
1994	3751
3116	4361
3164	4326
2266	3116
1332	4301
1479	1552
2701	3105
3810	5008
1692	2864
2361	3924
3450	4907
1703	4586
1251	1811
1430	2867
529	3724
114	3361
1444	4965
2181	2837
2533	2704
2118	5094
3426	5072
351	1269
2362	4231
903	3991
3580	4480
3116	3426
339	4598
2361	4538
994	2438
3121	4480
1306	4923
311	773
2892	2934
1524	1774
1267	2362
3153	3617
2704	3236
2939	5128
1565	5021
1444	4740
2438	3580
3414	3885
3019	3116
340	3116
192	2388
1292	3116
1501	1727
3496	4863
1524	4655
2312	4526
339	2118
92	2285
1620	4476
1952	2118
2438	2838
1176	3327
3114	3944
30	2476
3924	4606
66	398
1446	4795
822	1269
529	4264
3116	3430
1487	3489
236	1444
3542	4705
3542	3620
92	1286
2438	4841
2118	2703
925	3944
2438	2473
3580	4021
2755	3376
253	1917
2555	3901
3116	5061
1593	3204
43	2048
1444	1923
1015	1167
92	162
4156	4739
149	4859
877	1537
1900	3810
322	1080
1454	3138
116	822
1267	4151
1706	4533
2909	3116
2803	3330
3685	3758
4031	4113
2704	4907
907	1870
2871	3404
116	4438
1453	2013
2904	4582
4156	4244
1666	1727
601	1906
1265	1885
1884	4406
1444	2328
2048	3866
921	1633
1408	4301
1752	3262
2216	3932
92	3116
1119	2857
606	2739
2088	4723
1726	5065
3637	4156
2567	3924
492	2230
449	2050
1584	1941
2605	3107
618	2755
1090	2216
4046	4872
116	837
1670	3088
983	3361
96	652
2438	2704
3116	3719
149	2048
2934	4584
176	509
1924	3116
116	2758
1444	4860
1966	4770
1531	3688
1287	3100
255	4186
269	1167
3672	4113
1293	4201
8	89
2118	2884
3116	3704
25	3352
5012	5158
132	1752
3513	3592
2835	2857
632	1752
939	1061
2544	3006
1873	4267
224	1839
1746	2909
1690	5091
971	2013
558	1617
67	2985
885	2605
400	3673
3486	4644
4554	4985
1795	2729
270	2370
2692	3114
18	1430
2472	4035
1306	1670
748	1454
3939	4655
726	4151
534	600
652	3672
1408	2755
1202	2177
3602	4525
37	710
116	2625
2802	3739
4046	4279
22	417
833	2438
1424	3488
271	2555
2831	5011
1479	2443
2479	4019
652	3717
4598	4728
923	3810
2114	2945
2562	4156
36	3116
43	1430
926	4156
2448	4208
1108	3493
37	4113
116	810
185	4502
2312	4162
4156	4386
606	2476
1744	3063
262	3437
440	4821
3121	3505
241	4560
192	1286
3493	3962
1061	3430
662	2492
1248	1625
1108	2312
116	1467
116	4814
89	875
1604	2755
652	913
1044	3825
3883	4022
2514	4752
3895	4463
2319	3496
3489	3837
187	3011
2682	3116
299	3116
1455	2341
72	2934
826	2490
3589	4169
1591	2547
3116	3885
154	3758
4795	4907
2721	3116
2975	5004
2438	2948
1185	5091
2259	2290
1555	3376
2957	3174
1858	2963
1720	3866
116	3963
1524	1670
4052	4241
165	3536
2948	3637
4019	4464
2625	4711
3116	4023
3580	4923
2304	3443
1752	4525
1585	3344
116	3050
877	4086
2555	2913
2894	3741
1671	3696
2049	2079
10	4156
205	1670
2351	3941
2110	2755
188	1774
611	4670
592	1685
269	1253
153	4127
843	2103
3708	3810
1156	2216
135	1092
309	5040
135	1533
205	4827
2006	3866
246	1593
2438	4960
2541	2685
2755	5031
4196	4598
2971	3116
2299	3584
149	2438
472	2939
1136	1793
890	1444
4126	5084
1213	1250
558	1911
333	2299
271	4201
149	2079
903	4035
1639	2746
387	1881
3669	4156
1092	1444
2857	4727
116	1727
2704	3839
442	1671
2835	3344
2540	3839
88	1156
1015	2199
313	612
3138	4674
2755	4045
1251	2706
1408	3962
1185	3769
4406	4861
2750	3542
4201	4670
1187	4289
573	1448
4156	4301
5008	5017
1958	5102
3104	5136
67	822
391	4258
901	2181
2203	4860
1030	2555
1851	2361
1092	4156
1388	1444
116	3043
1324	2584
418	4060
2775	3121
4830	5031
4156	4916
1324	1953
533	601
640	5041
1666	2544
116	914
263	1546
116	4074
3488	4888
2532	3116
89	2070
2562	3962
3248	5155
116	3654
241	3715
42	4156
1243	2750
2901	2948
4001	4859
345	2230
1359	2438
1537	2652
2893	4156
4165	4645
800	1185
30	867
3116	3407
89	1454
2560	4156
1726	5091
625	2932
205	2567
855	1430
1250	2625
116	4922
2582	4151
1627	3962
175	4201
1466	2118
1067	3048
1811	3116
34	1408
297	4360
2011	2429
2005	3116
2803	4538
74	3884
529	1058
1354	4525
272	3739
1286	4271
3010	4030
116	2400
1042	2605
1848	2837
985	5146
4461	4728
3	2687
154	1667
2980	4156
3116	4804
3100	4336
2650	4499
901	4113
2062	3589
1117	4088
1847	3586
921	3851
284	4002
1306	3121
2324	3336
288	2216
1579	3924
928	2049
1448	2492
1932	3424
1045	1670
417	1625
930	1633
1898	4698
89	965
1453	2312
926	4916
3397	3665
1639	3747
410	4156
2484	4156
1597	1935
343	1923
3488	4895
1313	5080
3548	4156
269	1243
3941	4193
3584	4183
2731	4872
3426	4474
913	2605
837	4598
2838	4252
2917	4107
1444	3589
558	696
3777	4046
88	4162
1422	2183
1853	3447
1626	1666
264	1661
1444	4342
921	3628
1320	3572
333	3777
3116	4490
3164	3580
4271	4598
1524	5128
1670	2810
1883	4972
1903	3116
4113	4156
2555	3944
3659	3807
1996	2884
2716	4193
116	3568
1883	2544
2230	4538
492	3589
1477	3816
1094	3496
2048	3376
1666	1941
1781	2555
1752	3689
907	953
600	3072
3991	4156
2799	3107
3939	4156
1657	1744
299	3088
517	3843
149	1444
1422	3000
1207	1744
2775	4111
1533	2605
1726	2353
1171	1460
2266	4779
1430	2627
855	1670
892	2867
1883	4651
116	2462
985	3424
1365	2118
137	262
4588	5008
71	4362
3697	3729
272	4623
1428	2438
2625	2725
548	1324
3010	5128
67	294
1108	4326
310	1727
791	2438
750	2085
88	2479
1365	3722
1408	2864
980	3385
116	4670
736	3506
448	2746
651	4398
558	3957
1741	5145
246	1149
3591	5057
4795	4872
4255	5122
973	2232
1119	3984
1185	1422
485	3116
838	1626
92	3929
1836	4907
611	4156
3344	4538
2562	4460
3116	4394
116	4238
5031	5068
1351	3493
4156	4371
3635	4156
1836	5022
271	2605
4156	4250
1722	2079
1408	2153
1270	3116
1884	2584
1977	3116
2118	2750
3116	4170
74	3572
651	2863
2378	3839
2142	4651
2118	2755
3840	5011
529	3289
925	3343
1727	3905
2625	2947
1809	4872
2544	2939
3307	3952
1243	3629
147	2947
1494	2944
1444	3344
1007	2963
2118	2537
153	4362
2388	2913
1108	5084
3107	4138
509	4180
3116	3751
1667	2114
347	1117
4185	4268
1205	3433
1185	1326
2660	4271
2347	4156
1117	4156
1822	2586
2884	5004
34	347
2153	2939
1460	1617
1551	4728
116	2200
4382	4766
926	2506
846	2541
4360	4736
1422	4095
3924	4619
956	4261
30	4670
3354	3974
1836	2799
1546	1990
1207	2037
116	4234
1306	2142
1593	2521
584	3739
2775	3505
3742	4861
2410	2829
1746	3307
2148	3328
69	1726
3185	4976
1521	2299
2188	3810
925	3104
1229	3116
2755	3505
808	4058
584	2835
1873	2709
339	2079
841	4970
1444	4384
1537	2327
2675	3116
4841	5153
3164	3376
867	3939
2804	3568
704	1337
1061	3104
69	4705
347	921
3331	3814
2605	3223
351	600
448	2725
1639	2750
4860	5128
1119	2598
971	4460
168	4861
601	3837
313	1294
1415	2417
4480	4863
613	1996
3116	3602
983	2118
2110	2361
2409	2582
649	4064
1044	3496
472	1670
1082	1582
800	2142
4915	5156
2049	4617
1108	4113
1726	3714
288	1185
2149	4125
1454	2637
1923	3116
4088	4674
2216	3850
517	2864
43	3680
988	3801
2888	4861
1522	4156
1422	3273
1108	4495
1777	3116
3116	3820
739	2799
3574	4186
3116	4943
3088	3112
3404	3811
3354	4156
3328	4193
3542	3777
3397	4153
1848	3414
343	1034
633	988
2535	5042
1933	4598
116	4939
1222	1774
1422	1913
1873	4026
1667	2930
2180	3381
1408	3685
2312	4326
3708	4022
1670	1883
2474	3116
2034	3114
759	2544
1727	4916
1404	2852
2348	3493
1149	4271
116	4859
1504	1740
2118	3826
1487	3864
2370	4111
116	2484
2259	2726
1548	5095
2153	3088
3344	4635
2118	4734
1185	4238
209	269
2177	2438
2628	2653
2692	3489
229	3116
988	1910
1537	1933
1593	1851
3153	3685
154	1836
1504	4735
264	3116
92	2348
340	4271
3009	3413
983	4594
632	4502
1444	2947
2547	3957
116	3964
627	2118
1202	1287
116	3707
187	1671
137	3116
313	3116
2312	4830
3192	3752
1444	2110
1495	4156
3116	3557
3104	4464
1270	1598
2438	4972
2750	3977
69	4664
1108	4088
704	3114
2625	2837
4292	4984
162	4586
1786	3701
299	4345
1455	3413
116	3204
3404	4595
1351	4872
417	4529
750	2307
1445	2586
1333	1504
1121	4156
3116	5080
2605	2652
686	1626
1699	3361
4779	5056
116	3240
4655	4923
1670	4480
917	1213
98	503
3505	4271
1504	2409
1912	2605
4067	4156
3592	4984
1863	4052
3116	3304
1996	4841
3067	3724
1722	4271
2037	4863
749	750
25	5145
4410	5136
3924	4743
773	953
1136	1253
3	4816
396	4156
3376	4271
387	1318
1485	3304
1752	3704
928	2348
2178	2625
2605	4238
1444	2348
2709	2803
1546	3992
3617	3924
4182	4664
187	973
4169	4387
472	1306
982	3503
177	4019
841	4245
339	4021
1670	5008
65	1404
89	3639
3673	4019
3038	4156
601	3189
3116	4482
11	4052
1487	4880
288	2951
2013	3847
116	3237
151	3957
3249	3840
1906	3344
1180	1444
2656	3236
348	1111
2085	4814
928	3548
2750	4026
3116	4970
4156	5015
3116	3208
952	3935
246	300
2171	4156
2199	4723
758	1203
1935	3019
1883	3685
8	928
28	448
1883	3112
589	4982
3673	4848
611	1741
2435	3105
1766	2487
2153	4863
1884	3105
903	4841
1302	4830
67	1408
3996	4298
644	978
1453	2438
1144	2459
2755	3580
1444	1667
3116	3370
2942	5159
3837	3864
2884	3637
1293	2069
2835	3672
2104	4271
2605	4026
2247	4588
921	930
2216	3248
1662	1958
74	3116
1278	1703
2605	3044
4110	5010
2142	4495
205	3580
2478	4642
4023	4814
1994	3486
448	864
2443	2699
1546	3840
1876	1932
727	3515
2502	3488
1430	3352
1312	4905
1063	1313
1261	3344
25	3209
684	1087
2729	4872
272	1272
928	1741
1430	3231
3702	4142
1552	2406
914	2362
606	3957
2917	4067
205	867
3175	4645
3164	4923
12	4031
200	4391
1883	2006
2472	3724
866	4401
1108	4271
4118	4328
855	2939
1430	4369
2268	2896
265	3488
1454	4272
3104	4474
272	3131
332	1422
552	618
1685	3114
2048	4156
3962	4481
79	246
1432	4198
2312	3088
116	3617
3273	3895
3686	4156
116	3461
1865	4058
67	884
2479	2689
514	4311
3177	4156
994	4185
1454	2814
1670	3536
2535	3032
3116	4196
529	2521
387	4156
921	5134
2833	3116
3116	4464
1720	2653
3104	4525
2415	3116
8	4051
3013	4040
1781	2511
1454	1671
116	3593
856	1461
1555	1733
1415	4026
1533	1617
322	3104
265	799
1816	3376
1397	2199
1626	2259
3112	4712
3994	4752
726	2521
231	1814
529	3245
1428	2216
3503	4096
606	3010
1816	2755
2288	3116
269	3572
3503	3665
1454	3685
1337	4040
1958	4271
2672	5008
1477	2118
1424	2492
3208	3801
1911	4272
4156	4996
1692	2348
584	1108
1448	1610
205	1252
601	1487
2388	3116
1213	4170
1061	2216
2409	2479
2625	4750
1816	2118
1085	1639
618	3931
1167	5061
271	2544
1581	3980
1661	3939
36	1149
2582	2877
3962	4908
2015	3116
949	2216
963	4538
4814	4984
493	4433
533	2342
1444	4582
448	1272
953	2829
407	4156
38	3617
71	177
3620	5040
1180	1202
2438	4537
1859	2618
408	4156
3887	4064
3114	3496
3220	4301
1533	4644
92	2748
3484	3810
903	3328
820	4048
3116	3444
1038	1551
2544	2771
3751	4156
606	3820
356	3116
3375	4252
2184	5145
2884	3515
2311	2796
3116	3960
699	1462
1432	1477
4493	4859
2564	4026
311	791
472	4651
1884	3957
3354	3972
652	4410
343	3273
693	2108
1092	4646
601	2589
422	3557
272	2254
154	643
1063	3116
1492	4031
2511	4358
1171	5017
2282	4088
343	2312
272	2703
843	2541
3685	4470
686	2232
656	3568
1454	4391
925	2230
119	4186
3426	4766
3361	4703
4923	5008
3164	4196
4669	5008
3991	4525
168	2904
926	1854
3566	5146
351	3226
1483	3344
1032	4292
3810	4162
2481	3116
137	844
2753	3637
2459	3116
246	2013
2049	2975
2653	4547
656	3074
2627	4271
1722	4598
18	3559
1122	3067
1883	2312
2019	4765
28	1108
1108	1454
3204	3311
3116	4412
311	1313
1818	2097
3580	4271
2837	3984
1094	2438
2034	3237
1639	4031
2605	3700
1272	3204
2660	4841
1582	4401
881	5010
2398	4464
2835	3589
690	2006
116	4744
1891	3304
704	2582
3814	4893
3944	5125
92	2434
3686	5011
2362	3346
4271	4949
4825	4858
2763	3810
1167	2308
3876	4850
3957	4019
974	2312
334	1460
2216	3493
837	4821
1108	4598
705	2108
2625	3559
116	3948
613	2347
3088	4156
89	1703
111	1180
2216	4369
903	913
2793	4156
2110	4525
36	4923
1461	3864
890	2835
392	4156
2582	4410
1281	4873
2693	4412
3493	4547
1727	3067
8	867
3707	4157
2232	3455
1571	2142
2110	2540
2864	4170
269	2307
3116	4850
3175	4525
255	4272
3480	4156
385	5026
38	364
748	2692
116	729
3018	3558
690	4525
1444	4326
1593	2353
4361	4721
2547	4031
391	2146
928	2203
46	4113
269	3086
2438	3478
343	1119
1461	3905
690	1678
696	2849
2023	4525
1686	2342
1270	4464
4156	4481
3236	4156
3227	4156
696	2617
963	4525
1044	3488
4393	4863
1593	2625
743	3116
880	5128
2034	3566
1056	3665
2762	3048
612	3116
3138	4630
347	3847
142	1185
1436	1537
2657	2685
3816	4035
1432	4018
748	1461
930	3185
1092	4644
2351	3488
1185	2160
2266	3769
2605	2902
29	4651
2142	4433
3566	3837
16	963
921	3612
2312	3138
2438	4923
2003	2362
283	3116
1187	2564
2178	2216
1091	5130
601	4859
1727	5011
1270	4391
116	2555
2199	3739
4088	4271
1671	3628
1524	5034
36	1202
1537	3107
1251	3635
2268	4156
2605	3559
1187	3361
1627	2108
2884	4271
2174	3344
200	3685
1533	1727
4026	4814
1943	3107
550	4951
2802	3444
2820	3952
30	3708
2846	4012
2438	4030
2037	4923
223	272
3165	4201
300	1667
3939	4326
1430	4617
3164	3426
2476	2835
2443	3747
3138	4863
4816	5012
1408	2852
114	1444
704	4889
3122	4877
693	1546
2605	4052
1056	4096
387	1862
2835	5011
224	1203
127	881
866	2307
907	2835
3236	4114
2775	3941
2438	5040
3293	3747
1731	4201
2106	2216
2177	4432
1883	4480
793	2327
2884	4131
2013	4538
2863	4770
2909	3568
1058	3724
343	726
953	4156
1483	4861
670	1597
86	1781
2934	3478
618	3498
3116	4101
1020	1187
3810	4244
1306	2472
1883	3536
1444	4757
1446	4107
651	1443
1626	2318
855	876
1272	4644
1492	1617
4156	5079
1108	3657
1749	3863
28	2362
3320	4499
299	4863
1994	4113
92	271
1622	3116
1524	4830
22	1495
224	2370
4606	5010
867	4863
114	4156
618	3724
2206	4156
1020	4831
979	3344
1774	3488
1883	3939
739	3231
885	4361
3444	4728
116	3703
4271	4960
2801	3114
1094	1920
1786	3741
1886	3510
660	1911
1881	2216
2199	2417
4642	4907
3572	3777
1865	4258
686	5122
3116	3534
4827	4923
2774	3492
2857	4766
4107	4201
529	4863
3708	4870
1686	4259
272	3931
2506	3116
1727	3579
2347	2605
1502	3255
2019	4814
67	1703
1739	3747
3121	4943
1286	4972
205	613
1593	4529
2478	2511
1883	5008
1185	2959
116	2479
3295	5031
92	2362
2261	4837
610	2388
922	3810
269	4993
1293	4409
96	1727
1647	4170
1390	4410
1170	2474
116	3825
1187	4741
3866	4863
4113	5129
92	4705
1454	3864
1521	3167
1415	2573
592	3114
2664	3651
1010	3116
866	4517
3939	4863
533	3837
1119	4151
88	385
1602	2939
36	2775
3116	4384
601	3114
2963	4118
1033	2753
4258	4259
796	1774
2625	4642
3121	4271
92	1775
1948	3500
921	4861
269	1074
300	3493
2184	2362
3557	4872
917	4780
89	3591
3361	4176
205	4525
514	2904
832	2802
116	4872
925	2835
3505	4525
4088	4972
322	4077
200	2118
3536	4861
3602	5112
1510	4525
2108	3012
2145	2307
3491	4880
205	2625
116	3627
96	2511
2755	4525
2040	3584
116	1523
38	417
1996	2013
3357	4021
343	492
2725	5098
578	3116
2015	2487
529	833
2118	2835
74	2375
1108	1463
2171	3695
2312	3962
3174	4525
1454	4916
3635	4414
116	135
2312	4779
205	4972
684	5074
192	3602
2944	4770
3116	3164
2777	3352
3116	3245
1444	4873
1873	4142
2567	4480
449	3422
1546	2108
601	2637
3376	4480
1617	2347
867	3685
517	3851
2934	4177
2762	3116
153	3513
2775	4410
116	3893
246	3352
1483	3114
2417	3739
71	2406
1537	4493
2939	4674
205	4035
299	4943
111	3164
2409	4391
311	2722
116	4949
2704	4095
2142	5008
939	2437
1304	4635
116	1598
200	4525
4170	4623
2362	4169
1034	1920
149	1604
364	837
4156	4757
2282	4156
316	4183
2521	4461
2482	3889
1883	3138
1825	2049
653	2657
1202	2775
1348	2541
3061	3237
1897	3354
116	824
3175	4271
333	3153
121	176
926	2118
1546	2216
1778	2904
3953	5008
271	2216
1524	4156
2092	5138
750	3542
1546	4780
393	2145
116	4181
1980	4258
1569	3116
1352	2735
872	3116
322	4872
472	2803
343	975
618	4595
2476	4116
903	3116
499	4156
1294	2750
207	2351
664	1404
3114	4979
1661	4830
1202	3536
2625	4627
4035	4795
1202	4655
748	2034
287	2362
2118	4863
3104	5107
1543	2157
791	1598
3609	4645
627	1546
74	4656
1058	4493
1306	1645
4645	4872
1302	4156
1863	1897
1108	3863
1563	2108
3924	4583
343	4410
3116	3669
3579	4156
1272	2703
3822	5112
253	748
820	1444
3107	3116
1914	3589
3121	4156
255	2891
1932	4412
3488	4728
299	4830
3870	4398
2342	3677
759	2605
1108	2952
3488	4815
116	1693
748	3905
600	971
1294	3569
1811	1886
2224	5004
1061	1537
1693	3116
116	1847
2660	4751
2531	4301
1378	3935
116	4195
2726	4017
2131	4156
3602	4170
3724	4943
2181	4554
1883	3576
815	1267
3767	4196
2181	2593
2541	3814
1946	2438
1873	4272
193	5041
2835	4841
2406	2479
67	3426
222	875
129	3506
750	2564
272	2904
3325	5128
69	866
892	3493
2232	3506
403	2438
1318	1909
2079	2755
2472	3100
1814	4156
89	5011
2547	3833
2803	3006
2704	4002
313	1243
1270	2628
639	2188
151	1272
151	1324
4292	4831
3138	4480
3739	4110
589	2216
269	2513
3153	4176
3104	3108
1455	1741
68	3227
971	3924
2490	2894
2961	4156
1661	4674
339	3496
1487	2605
4153	4156
269	3636
1034	5128
1422	2049
343	3011
92	2858
1444	3971
393	1671
3747	5004
2142	2567
3488	3837
192	2177
1196	2211
1980	4058
1326	2216
2560	2835
116	2394
1548	3330
1254	2216
89	2438
2810	2939
3458	4156
2835	3935
2282	2438
1671	5056
116	2216
2118	5129
1782	2775
3620	3890
1117	4908
1108	2859
2755	3116
3104	4896
569	681
1056	4181
246	5068
3810	5145
307	3905
2672	3357
952	4752
2605	3428
1015	2049
4107	4723
860	3876
3083	4642
2353	3883
2256	2934
2774	3086
833	2775
903	4847
284	3881
187	822
2598	4252
3724	4859
1061	2490
1494	2341
146	3619
1128	1445
1324	4615
1015	3510
928	3506
3116	4740
322	343
1914	2837
1911	2266
347	4759
1514	5026
1671	2438
2775	3724
3536	4795
2939	3121
343	2282
635	2459
343	3810
3953	4301
284	2118
3107	3884
3808	4201
2605	4000
269	449
149	4827
88	815
1582	2190
111	2199
2312	3536
558	2672
272	1766
297	4736
116	1522
1213	4645
205	1720
224	2385
2884	4525
2199	3488
2438	3602
3924	4766
2626	4271
2835	3944
144	2868
3982	4642
2065	5021
1306	4088
176	2015
25	3950
2884	3924
272	4113
116	2541
1180	2118
3116	4470
2654	5138
12	3561
3771	4271
4619	4620
176	2479
294	4565
72	1836
4156	4663
339	2438
2544	2731
4415	4461
928	3304
4701	5121
832	2703
2108	3929
3116	4924
1858	4219
2884	2931
151	3991
3536	5128
1461	2586
2118	2709
1108	1551
69	1774
2224	4294
69	1430
2808	4743
3116	3689
1198	2934
2793	3962
3175	4170
4329	4708
4021	4827
867	4972
1108	2142
2541	5145
111	3673
1227	2901
1250	4336
3903	4156
490	3116
925	4594
4595	5128
4113	4757
258	2519
2468	3208
2810	3138
739	1262
1074	4554
2547	4410
4586	4861
8	1741
417	4461
653	2811
975	4867
1504	3116
4156	4766
2079	4863
1210	4156
3175	3589
3591	4651
988	1359
71	2547
1886	5028
1938	2884
343	3931
1240	3160
548	791
2177	2803
585	4525
1814	2197
2835	4500
35	3747
116	1601
2216	2634
1108	3006
1272	3116
1451	4525
3399	4588
2631	5095
2707	4156
953	2945
3963	4024
601	3864
2347	3579
3414	4798
2434	2904
2282	3114
3559	4017
3754	4636
1367	3018
1119	1994
1692	1917
343	4863
544	5080
1666	4594
930	1117
632	3635
985	4114
2118	4183
3116	3991
1933	2216
25	2437
3116	3483
2586	4241
2110	2884
2894	3651
1873	3116
28	1667
3963	3985
3185	3847
3195	4156
2184	3116
449	5012
1504	4487
116	3542
2312	3323
465	3745
843	1847
3067	4271
1809	2395
343	3685
1415	1946
2753	3579
1002	3510
1671	4611
1839	2062
1431	4156
3358	3901
2495	3602
971	3962
3659	4955
116	4439
3963	4156
3048	4872
988	3372
2544	4054
272	2474
963	4410
187	4460
1252	2770
609	2605
2173	3939
610	3198
4830	4972
116	358
2492	4012
3580	4196
3555	5128
1119	3924
1670	4743
2438	4113
116	3776
1429	3957
116	1452
442	1794
2627	4021
1555	1604
92	4467
1085	3142
749	1741
3493	4019
4271	4943
1270	1483
1479	5002
1604	3505
94	4326
2468	3974
618	3548
2362	4705
2835	4728
2438	2991
2342	2361
2216	3067
2103	2521
116	1231
3116	3548
2457	3116
3557	4201
25	3175
116	2642
1666	2438
3414	4384
1108	3518
3807	4703
2118	3739
909	1094
1294	4404
1092	1617
116	4813
1430	1524
2909	4517
2712	4831
1139	4271
649	3566
25	820
2547	2704
548	2013
339	2653
1180	4271
116	3708
4583	4636
799	2704
544	4156
43	2795
74	2564
1321	3428
1847	4107
2544	3399
3116	3277
601	2174
2142	2626
3703	4384
365	574
1662	2625
269	2750
1306	5008
272	4384
3104	3941
2786	3924
1227	2124
1307	3580
1108	2153
92	3542
2299	4077
967	2541
88	2438
1287	3724
347	1633
4180	4381
1286	1604
232	3116
3247	5095
1552	2852
345	4271
3114	3677
451	1334
36	205
347	2438
1207	1839
205	1094
299	1883
1444	1692
2939	5034
2438	5110
2775	5108
1176	2142
2810	3088
1367	3444
3112	3209
1024	1256
2666	4452
3851	4976
1842	3116
4156	4752
1546	3536
1740	4156
1999	3496
911	3883
651	3984
192	1408
2319	3116
2877	3114
485	3672
1253	1305
1058	3289
1213	3399
1365	1460
207	2672
2079	3866
2833	4113
4021	4271
129	1692
2476	4305
116	4026
1499	2605
3116	4262
74	3777
953	2438
1706	1790
2142	3112
3525	4156
1445	4802
573	1248
4147	4156
855	3112
168	573
1722	2544
3426	3754
1059	2722
1058	1444
517	5049
1883	2342
2013	4301
116	3192
1119	1462
1543	3116
1821	5041
1227	4976
2864	3116
153	2247
2627	3548
1517	4814
307	2437
1546	4517
116	578
116	2330
912	5151
1571	1912
205	1782
2546	4831
1204	3361
455	4605
3548	3580
3204	5095
116	925
2383	4031
2835	3810
451	5003
2118	3534
2909	5021
187	3905
1194	1537
1658	2672
2203	5010
4316	5041
132	1430
2555	4708
573	1324
1085	5112
116	2429
2930	4156
2361	2884
1461	5146
2652	3116
3944	4045
116	4487
1422	3307
391	4200
149	4410
1085	3176
181	4156
1524	3939
2118	5027
1213	1809
2810	4655
3505	4021
2342	3571
149	4863
3344	4156
643	3685
600	973
529	4547
291	3116
2055	2216
297	4023
154	2216
2118	2254
1752	3488
343	3905
116	848
1704	3742
727	4201
1444	3580
457	2108
1994	2347
1617	4151
2438	4752
116	2785
2438	4670
4156	4410
892	2311
4301	4336
1273	2961
1555	4021
856	3114
2704	4398
1755	4316
1294	4814
1180	3505
2775	4943
1180	3376
1692	3944
19	209
1108	2282
2230	5094
1422	2224
3063	5061
1444	2476
994	1746
2951	4870
3536	4615
3884	4814
1119	1460
116	4863
2312	2562
690	1537
88	1436
1444	1781
1901	4525
4201	4369
3478	3536
1213	2835
1487	1626
2531	4861
1444	3456
1492	4970
92	3343
116	1999
1180	3672
3361	4138
116	2311
3116	4561
529	3164
529	2627
116	2958
2216	3769
1633	4759
1883	2142
611	3752
4113	5008
963	2361
1000	4526
142	2605
2110	3116
1202	1670
2692	3837
1617	2775
2904	4169
1445	4901
2627	4156
3474	4480
2625	2829
1623	1839
4575	4642
343	4554
2013	4976
3104	4045
357	4336
181	2593
1726	2160
1270	4960
343	3114
1108	3138
1499	3356
773	930
3088	4923
2755	4943
1487	2198
734	1015
514	660
4193	4972
5107	5130
1033	1445
655	1024
1933	4035
3114	3237
2473	4067
1306	2567
589	1185
1479	4162
3901	4816
1448	3361
65	4156
147	3116
187	2342
841	5026
30	3493
901	1914
1422	2482
393	573
1202	1722
1726	3769
1451	3273
800	3450
3116	4778
1302	2153
866	3063
539	4156
2864	4949
2777	4113
1704	3957
1020	1251
1176	4830
2438	2939
2777	3484
4583	4858
1782	3113
892	2541
529	2628
2391	4156
1704	4861
837	1275
885	1593
1891	3981
3114	5106
2660	5130
3628	4861
187	2793
2437	3864
3344	3484
1933	3116
2216	4018
1584	3908
1884	5068
89	4271
791	2406
2438	3164
31	3116
1270	2155
1692	2118
2555	3204
3840	4493
1058	4001
3840	4870
69	4619
4162	4410
4861	5043
272	2625
574	4201
1243	4499
1408	3580
28	3175
1352	1980
4841	5008
175	1662
928	930
971	1444
347	4861
3991	4841
313	3977
799	2486
1213	3414
887	2233
684	4156
116	1686
67	385
914	2952
114	2015
72	2689
343	4728
88	187
3248	4182
796	1727
4326	4495
2178	5015
4156	4831
1202	3088
1144	4156
154	1825
67	88
2438	4734
2627	3116
1248	1671
246	1454
1090	4518
2605	2959
2118	2190
1704	5134
2541	5010
313	3107
2672	3095
1044	1171
209	3974
1884	5040
2487	3175
833	2628
3985	4024
3344	4415
37	2118
601	1692
2909	4827
1821	4156
1885	1886
670	1422
313	4051
1250	3478
310	964
339	1180
529	2755
116	2486
1593	3536
2040	4814
3116	5027
1739	3450
2457	4156
1912	4558
269	5158
3114	4598
1187	3704
1404	1662
3442	3686
833	3164
3006	4598
2118	4712
649	4156
35	5035
1415	5136
3116	3816
1390	2514
652	801
1370	3116
3116	5145
1726	3428
1661	2567
1796	4201
1305	4984
921	3756
3116	4495
165	1917
1784	2216
1995	3289
1122	1287
2434	4705
1528	3754
492	1958
299	4972
2085	4984
1504	4156
449	2564
1661	3121
370	3584
4877	4993
1502	2490
1313	1912
2755	4863
205	3984
385	3220
310	1173
1415	2406
2752	3840
35	4770
255	860
1333	3116
1501	2909
2108	2631
2643	4156
509	4798
509	1546
2443	5068
2438	3591
247	1092
10	1626
506	4362
4095	4907
3006	4830
3093	3637
3116	3542
2884	2893
224	4180
417	2049
643	3758
2726	5084
116	4231
971	1703
2593	4183
2495	3580
3116	3795
3685	3924
2358	2752
1444	1946
1692	3444
514	2156
4984	5020
1203	1422
66	837
2804	3090
89	187
3116	4802
1002	4017
88	3249
4841	5034
1024	4045
187	2531
1897	4815
3939	4651
2468	4984
574	3614
3088	4651
1422	1953
96	4623
3116	4982
116	1749
1424	2605
822	2203
1825	3603
1248	4861
271	2479
2652	2893
1524	3536
116	2686
1422	3769
72	606
168	393
3116	4863
4895	5038
116	952
2896	4525
932	4482
1995	4415
1347	3924
150	3426
3571	4156
4480	4923
116	3937
767	2746
4874	5080
601	894
923	1727
1493	1620
1836	5004
2653	3289
4380	4925
3088	4830
980	3114
1302	1670
18	2835
926	4575
1430	4162
971	5026
3559	4872
2511	5134
116	4180
116	3255
1883	2153
116	2775
1034	1094
885	1796
2871	4461
3586	4156
425	3116
1067	3114
3090	4464
1185	3104
2011	3568
895	4077
866	3704
2605	4487
6	1270
391	1686
1046	3208
3956	4156
1444	4272
2653	2775
2716	3323
1176	1812
4272	5056
224	758
3837	4803
573	1598
1404	4752
343	3237
1952	3108
4480	4674
2108	3307
2438	4907
2312	4728
2085	4985
2199	4476
295	1873
1000	4156
2750	3636
3810	5072
38	4185
92	3220
2909	3924
726	1563
1415	2748
116	2930
903	973
1746	1996
2370	2901
3586	5136
2216	2930
2716	4031
2941	3086
1306	2438
952	1531
272	288
4728	5031
2347	3840
1034	2835
1913	4780
3116	4391
1790	2605
271	1546
1270	3901
3121	4830
2544	3597
2013	2847
3376	3866
3864	4506
2851	4827
2410	3901
1093	3754
116	3635
978	3153
2617	4785
885	3753
1422	3250
1061	2722
4156	4924
3792	4156
43	2726
1851	4526
1617	4752
2472	4859
3116	4457
89	2803
2605	3834
2216	2554
2560	3669
270	2198
88	2203
44	3334
1551	2118
3893	4404
1914	4798
3116	5036
153	2216
339	2319
2495	3758
268	3352
3753	5095
1227	2959
3865	4156
3492	4410
149	387
1884	4294
2118	5145
696	5031
533	748
272	3741
116	1279
921	4976
116	889
451	1415
2144	4156
2582	3344
3361	4691
89	2312
1415	4035
3344	4151
4201	4231
1119	4525
1727	2892
655	3547
364	3924
1461	3566
867	2852
333	3584
1537	1666
2153	4043
1775	3116
116	1444
269	3893
300	4575
3637	4393
914	3309
2605	2849
1524	3121
2488	4735
1024	4674
1085	2410
2049	5091
3984	4018
1692	4151
1770	4725
88	4147
2437	5146
542	885
131	1765
892	2335
1883	4088
340	4021
1704	4406
1085	1426
1786	3506
1253	2085
89	2079
149	833
1251	2181
1546	4252
1727	1812
1537	2921
1202	3866
2647	5094
326	1585
224	1623
391	4599
1185	4347
2511	2541
1444	4021
3680	4045
613	2743
1324	2224
2544	4071
343	2544
88	971
2312	5004
3612	4861
2022	3883
664	4040
3962	4670
926	1454
2755	4196
347	1453
142	1638
2487	4663
833	2851
627	3116
4156	4181
96	2216
1604	4830
543	1537
72	4193
3489	4880
3586	5011
2210	2230
2230	3231
2835	4415
914	4905
1430	2726
1912	2118
2617	4725
1639	3293
4264	4525
2153	4674
1811	2593
1097	2118
1690	4201
573	3742
4156	4493
1617	4646
246	4391
1306	1883
1733	4271
1727	4081
3589	4180
5017	5043
116	5014
270	1142
3962	4022
2335	2703
149	1180
58	3116
1002	4201
2687	5128
1061	3273
603	1858
1477	4387
224	3589
3114	5146
149	3295
92	1015
89	2348
1152	3602
400	1437
407	4096
1444	4113
4728	4880
833	3580
696	5038
413	5004
1281	4490
109	4156
116	2069
1272	1667
95	2959
529	3116
892	3116
2605	3424
116	4424
322	4841
1428	4271
2335	2479
3344	5138
1720	1920
1712	3116
36	2627
971	4107
3939	5008
116	4704
149	529
313	3592
1626	2522
2735	3488
4525	4644
1709	1720
3121	5153
309	4712
3116	5122
892	2901
4019	4752
2118	2863
966	1061
2034	3837
3649	4537
2385	3116
442	921
432	1666
855	1202
4045	4113
1030	3247
2057	2884
930	3851
911	3609
116	2599
618	3580
750	4993
393	1704
205	4480
2775	4863
2406	2835
1243	2040
2703	3739
3807	4955
1270	4149
1032	4993
4149	5004
2522	4193
116	1196
1666	3609
3851	4759
1662	3309
485	4156
2625	4448
2254	2687
4058	4200
4021	4196
4594	4728
309	3536
1727	3024
58	86
144	1537
1727	3428
1460	5017
748	1685
841	4670
1306	1444
1422	4615
1720	3536
1108	4567
2048	4271
2617	4486
96	1537
856	3237
1918	3116
258	656
1900	5035
1537	4201
3116	3343
1042	3328
2417	2605
37	417
2418	3304
187	3901
4111	5130
1243	4183
3	1445
2216	3231
529	1928
224	2342
449	2750
574	1537
313	4026
2476	4605
3295	4728
2547	4861
2142	3724
38	4156
542	2216
923	1726
1211	3116
2851	2877
1712	1740
272	1085
618	4023
300	2312
1094	1933
2863	3510
2079	4113
810	3116
982	2079
2398	3542
116	3024
116	4848
664	2852
606	1543
1279	4525
36	2438
38	4529
1638	4670
2835	4830
930	1248
974	4126
313	745
2803	2939
1719	3685
2312	4052
1085	2625
1499	2380
88	3586
2605	3714
1726	4870
3116	4554
1061	4495
111	3505
1692	1873
1461	2443
509	1455
3072	3603
1467	2370
1359	4670
2353	3488
3116	3574
644	3556
3343	3867
4095	5107
1704	4976
686	2835
3612	3628
1598	4861
2216	2457
693	2199
2699	4685
313	1253
322	1746
2803	4960
1029	3116
2690	3042
833	4728
1953	3038
1250	3908
1770	5042
1185	3286
2803	3321
151	3404
2048	2438
2600	3116
2442	3424
867	1306
116	4151
339	4827
222	2438
652	1791
1727	2829
1239	1727
491	5061
3116	3505
1479	4369
3837	3905
1430	4493
1585	5080
92	4872
1942	4342
311	3792
4326	4872
1185	4711
111	2479
1243	2564
36	3492
907	3209
1176	4326
307	3864
313	1444
116	2546
2511	4708
748	4880
2582	3609
1079	1422
1294	3884
4201	4268
95	5035
1010	1666
316	983
928	2266
106	1909
1149	5068
2627	4728
343	2304
1252	3739
313	1032
1667	2625
2370	5128
1303	2429
1581	1760
3114	4734
2438	3636
1777	2541
1444	3797
2092	3116
1203	4640
1777	5072
181	3777
89	5040
120	1074
1537	3393
3164	4271
3840	5032
1063	4201
299	4923
4480	4655
1746	2835
3107	4985
529	4859
1660	4159
2438	2985
2438	4740
252	3116
116	3946
1861	2311
600	964
1958	3739
177	265
4156	4685
1996	5004
911	3386
1555	3164
1451	3825
1885	4156
1781	4770
4164	5145
3990	4156
4841	5102
288	2401
1061	4583
1766	2617
1726	5107
4156	4172
3493	3864
2174	4905
1061	2864
2235	3762
3061	4088
2506	3605
748	2437
4656	4798
309	1884
2852	3617
1022	4156
796	3488
2869	4156
2350	4393
928	4301
1444	2660
1444	3505
901	4848
1429	1836
4156	4524
310	1996
1966	2584
1119	3392
3702	4480
2582	2770
4336	5035
586	3116
111	3866
1487	2801
11	2519
1661	4480
1093	1461
1444	3548
643	664
4759	4976
907	4111
3422	4814
2835	2948
1422	4463
1809	2625
3104	5102
116	1623
231	822
2079	4827
1517	1727
205	4655
3534	4156
3104	5008
3685	5145
3210	3450
38	2605
2430	3455
690	4662
2479	3493
2079	4923
3884	4156
3905	4560
3745	4201
4201	4815
1752	4156
4711	4712
1923	4156
116	5122
1108	4674
1537	4642
2438	3191
2605	3388
3572	4156
116	574
1139	2755
3484	3536
758	3654
574	4193
3114	3864
1884	3198
1334	2479
2370	4156
343	4617
30	3116
517	3612
322	3344
3941	5128
2859	4080
116	926
2605	3769
1430	2142
1517	1537
2211	2659
2178	3426
1444	3116
67	1205
2468	4791
684	2327
1252	4040
2704	3669
1891	4482
1444	2864
2437	3074
1252	4201
1170	3977
2492	3488
1108	3941
3518	4481
25	5095
612	1265
1430	4156
1448	2593
492	2118
64	116
1467	3250
833	2048
172	1422
89	4147
3880	4156
3962	4156
1004	2108
2070	2555
2947	4342
4461	4526
1185	4595
200	1122
911	4019
88	2985
1444	2795
358	1563
2483	4525
1231	4077
550	1267
116	3706
1185	3944
1719	4369
2362	4183
177	3307
313	1136
4030	5128
456	4156
3116	3460
4156	4565
3636	4640
3033	3048
3404	4113
2904	4457
3905	4880
1722	2964
116	4210
1272	1313
1617	2835
660	5153
2312	2774
4156	4529
4301	4586
120	1755
116	4770
1906	2692
1733	2142
35	4156
1946	4045
917	1607
1444	3947
4046	4814
533	592
1444	2118
982	1056
4065	4156
1278	4861
1727	3100
4271	4734
2476	4071
1045	4495
1722	5128
1258	2961
449	2040
92	440
134	187
2118	3974
2540	4640
2197	3116
4040	4448
2147	4765
116	3775
1762	2199
89	584
1467	5002
890	3810
4271	4595
1430	2415
2040	2307
1661	5079
1807	3328
1741	3839
2755	3121
4524	5151
2975	4231
1061	1291
269	1294
517	4813
74	1275
4863	4923
1662	3617
4110	4460
2438	3639
2409	2799
1054	1444
3198	4861
1227	2715
3756	4606
866	4486
74	2686
2810	3591
2801	3237
189	651
207	1933
92	4664
116	2003
2584	3295
600	4712
964	1836
2929	4156
89	4860
4088	5079
1119	1692
2293	4798
3208	4408
1537	3049
1695	2347
332	3488
1477	4417
2216	2582
6	3344
1727	2417
1850	1883
3376	4021
287	4156
1252	1337
4712	4795
1422	3612
3013	4790
4711	5151
2438	4001
899	4511
1180	1604
2247	3119
1873	5071
4728	4960
894	1061
1430	2000
2625	3185
175	3810
3164	4021
1593	2395
1202	2079
1144	1430
1261	2049
585	5080
2118	3486
320	1819
1187	2621
1272	1451
3090	3116
2468	3063
994	3116
4360	4841
3816	4972
964	2013
2293	4872
2582	3493
2909	4480
1094	3505
3414	3589
1601	2672
4588	5122
1164	3067
2190	4329
313	3336
3674	4245
953	2406
1313	2347
1966	3116
1227	2763
3820	4252
550	3198
980	2801
2224	4970
116	2781
662	1448
1510	3602
229	542
1185	4170
914	2852
1067	4031
2835	3506
2627	4923
3116	3452
3792	4988
188	3131
3603	3917
440	4804
74	4046
1883	3088
1584	3116
187	4147
921	4406
1873	3016
618	2472
3510	4271
670	5028
116	2852
116	4447
1537	4170
3555	4795
1933	2472
168	5134
3381	3636
2438	3357
8	449
1444	2628
4156	4336
1454	2079
3566	3905
1789	3116
116	4258
270	4369
907	1196
2118	2582
2293	3116
2216	3557
1727	4598
1623	4985
116	811
339	5153
1685	3489
22	3016
662	1760
1726	4850
1816	2362
895	2648
3939	4088
1720	3245
4165	5138
649	1461
1626	4000
2348	3984
1269	4495
2803	4495
288	2406
3777	4051
137	618
758	3319
2927	3116
326	1313
606	1739
269	2181
1289	3116
1740	4832
901	4779
3112	5004
4517	5021
4156	4271
187	1714
584	2216
3603	4703
1863	4461
1108	3579
1108	1722
1539	2796
339	4045
343	4156
65	1408
3837	4880
1966	2835
987	1108
875	4860
2478	4668
92	1754
2625	3428
2490	4640
2	4889
974	3488
116	1918
1185	4467
1461	2672
222	2775
1948	3426
2048	4943
351	2631
2596	3116
1453	2985
187	2438
589	5011
1352	2926
1206	4156
2347	3637
4525	4711
35	3555
914	1662
4598	5031
1678	4736
592	4880
46	2410
92	2108
2490	2857
1351	1454
651	4565
116	3029
3116	3879
89	2716
2605	4815
1139	4480
1451	4642
2402	4896
36	3121
1176	4410
1345	3826
3484	4529
622	1007
309	2584
622	3198
96	2544
3193	4156
165	4186
1034	2472
2155	5074
1727	5091
365	1422
191	3116
1093	4905
116	3816
2657	4122
2478	4925
601	2926
1119	4644
4294	4970
3665	4181
246	3810
67	2562
1086	3488
89	3220
38	2495
449	3839
1122	1510
116	3767
1821	4077
3810	3980
1781	4874
2066	4156
116	3142
37	4156
302	1352
2835	3592
268	1765
1171	5043
2437	5078
2479	4110
1444	1454
22	4272
4393	4830
1912	4874
1048	3357
255	2312
2288	2425
387	529
241	773
1598	1884
35	270
982	3397
926	2438
2991	3116
652	3223
1685	3905
481	562
914	2311
542	4201
2108	3816
1479	4151
1430	1791
66	2483
3237	4156
1720	2810
92	176
2837	4554
592	3754
2701	2867
2625	4019
1446	1862
2627	3164
2438	5026
1884	3484
3483	4804
241	4651
4391	4728
2108	5136
2342	3602
980	3566
3506	3847
88	600
149	2118
985	1487
3138	5008
3924	4825
574	921
89	609
3866	4525
2266	4272
1727	2055
3941	4156
269	3019
550	3484
2775	3116
3962	5040
937	3116
2171	3996
187	1625
339	1604
1593	3484
271	1873
2216	4810
983	1444
255	2122
2108	4780
116	4208
2316	3493
1994	3460
2605	3339
1460	2118
1493	3208
492	4064
1110	3568
69	4131
2706	4398
558	1692
2547	4156
1703	4723
1058	2472
1002	2555
606	2560
2687	2835
690	2560
1581	3810
784	4525
67	187
116	2651
2985	4271
2567	4156
2965	4156
116	841
4780	5122
2852	3426
205	3505
2216	4487
2895	3510
1058	2521
2188	4077
229	1667
606	1185
2050	2621
116	1126
3586	3621
3571	4241
4156	4991
116	3307
1306	4830
1873	4071
2142	2153
4001	4271
3116	3362
1920	2472
74	3428
3536	5068
606	3669
116	1644
43	172
1662	2438
116	912
1726	2782
1485	4156
3414	3739
1906	3489
1906	3061
3116	4502
1741	1914
911	2957
43	2216
1032	3777
1923	2438
1444	1746
35	2406
2353	3708
4149	5040
4271	5027
1437	2362
1626	1803
973	3370
116	2888
613	2361
2079	2342
2048	4045
4113	5153
1749	2625
116	4000
2437	3837
347	2013
307	649
773	2258
618	833
1766	4002
1287	4859
1671	4970
69	2748
1444	3352
1461	2230
116	1415
2706	3949
928	1661
3116	4408
1294	4046
1352	2282
2487	4798
890	1546
2232	3814
2370	5095
168	3742
1415	4691
1626	1826
2142	4830
4502	4735
867	1883
2091	4156
3974	4198
149	4111
231	1454
2079	3754
2495	3153
187	5015
911	2479
4670	4734
2118	2753
3603	4752
2771	3510
1461	4840
1359	4156
74	3153
4891	5061
2584	4294
965	971
990	1281
1778	3074
4640	4814
1593	4052
2716	4342
2544	4830
262	4853
4728	4750
1430	2342
552	4156
3309	5084
1932	4311
890	3602
3744	4156
129	4241
2147	4156
855	2077
1269	2605
36	2567
1461	1856
4189	4502
1585	2142
928	4271
116	3327
1313	3895
1593	2438
269	4831
89	1202
16	3619
116	3721
205	2627
3054	4077
92	1144
456	4361
3	3304
1352	3496
1995	5038
448	3116
2835	4040
1332	4827
2487	4450
748	2877
2013	2991
4245	4670
1727	4046
1176	3739
149	339
985	3754
2188	4721
2527	4156
1108	3210
4656	4752
2104	2625
1727	4493
1422	3462
1445	1692
310	3105
4480	5122
2232	2653
2492	4474
4165	4412
1089	2695
1455	2003
1486	3747
51	964
3116	3895
2952	3754
1034	4156
1739	4201
2438	2795
912	5004
116	1247
1858	4118
1408	3426
2605	2893
2438	4873
4156	4943
2531	2547
3503	4153
589	1727
2145	3198
88	1850
3376	3505
3810	4271
2704	3569
2118	4711
114	2118
705	2362
4156	4870
3044	3411
89	2775
1524	2142
448	3399
1980	2735
622	988
877	2605
2232	4071
2926	4058
3548	4045
672	2064
558	4518
1781	2544
4156	4463
1744	4725
332	2847
2430	2541
1498	2013
111	2118
272	2898
205	4342
2472	5108
1203	4798
1726	3088
855	1973
122	5077
3086	4298
116	317
3810	4317
2930	4461
860	2200
930	5003
71	964
2625	3054
37	2011
833	3866
3259	4156
3591	4156
866	3122
523	3492
296	1365
3357	4156
1110	2511
2104	2961
1287	4674
3164	4943
2443	3488
116	736
1662	4201
2049	4391
2696	3889
2479	3414
1461	3061
1727	4627
187	207
153	1727
670	2181
18	72
2013	4448
1781	4201
2584	4393
1502	2687
1528	3116
3199	3962
209	2040
1781	5004
2216	2725
3399	3691
2985	3674
1454	1461
1352	1686
451	4780
1185	3295
780	4623
309	1422
2349	2625
1404	3153
690	1444
1686	4598
2835	4859
1444	2582
2877	5078
391	4058
67	3325
326	4156
1444	3191
2917	4615
3751	4045
116	4645
333	4814
2142	2173
2155	2689
89	1933
1108	1774
116	1355
1117	4750
963	2118
2939	4156
79	2775
4326	4623
3547	3689
1537	3500
585	1119
2605	3249
1305	3974
1712	4725
172	2637
2335	3739
2605	2934
2894	4156
92	305
29	1537
1089	3116
1514	4670
1852	3116
343	1306
529	2472
877	4156
592	1092
2142	3088
65	867
4000	4201
3617	3685
2438	4186
4841	5072
92	116
928	1607
1408	3505
721	3515
2342	2544
884	4162
175	2835
4670	5026
4467	5080
92	1774
30	2951
1897	3116
3747	5065
96	181
3493	5128
1662	2952
2108	2888
2835	4183
3013	4771
1913	4019
2547	4185
2814	4185
3797	4384
3488	5038
3116	3122
116	3361
1248	1324
2849	2934
2476	3016
2019	3877
28	4030
622	1836
1822	4156
2347	3486
1633	4976
3167	4814
134	413
393	4861
340	1444
726	2753
2582	4271
2050	4026
12	2444
1746	3444
116	1839
31	799
2608	2770
833	4547
1873	2256
1185	2835
2335	3444
1332	4728
4339	4525
3204	4156
1139	2438
1760	3980
2417	2479
391	3954
116	3527
448	3185
4393	4873
2625	4267
2985	3722
3700	4939
2666	3505
696	1543
975	2605
2342	4200
187	4110
2348	4594
1596	1763
921	2438
1727	4189
1692	4156
1752	5136
116	1704
1914	4554
2665	4831
4814	5020
1501	4156
3138	3939
69	3365
1671	4642
2015	2230
2321	3426
826	3116
114	4241
895	2055
1148	3114
2837	4180
13	4271
1427	3568
1585	2537
952	4862
3831	4156
2835	4116
3361	4831
192	3865
96	1499
88	884
471	1294
1492	4301
613	2342
2627	4480
2438	4524
3048	4156
491	1660
116	2073
457	2199
2085	4640
1393	4358
116	3428
1287	1774
2265	4156
2660	3561
592	3864
22	4474
2544	3088
1840	2541
2934	4895
1670	2153
272	3574
370	3116
111	1604
116	1760
606	2483
3121	4655
3908	4872
2216	4502
2110	4538
1591	4827
2312	3591
1444	1958
36	1444
3116	4909
1739	3924
1444	1953
4464	5022
1958	2118
2395	4170
1661	3673
2564	3116
2648	2753
3116	3620
2775	3289
2483	2562
696	4201
4079	4156
272	1778
364	2835
988	4328
1058	3477
2040	4984
1454	3496
246	4365
2939	3138
116	1840
838	1486
4525	4712
1811	5028
4271	4673
1139	2048
1565	3343
3612	4271
299	2153
116	2786
3444	3739
74	4831
710	3138
884	3496
613	890
517	1671
1692	2593
2985	5026
309	5068
1430	4705
3116	3773
3208	4891
2118	2803
181	2913
1426	2829
2605	4595
1965	2085
2304	4156
177	3488
270	1836
205	2775
2627	4045
3437	4853
1727	3559
1453	3536
923	1390
2706	3496
1107	2307
2627	4598
1444	4644
1462	2706
3114	4560
3542	4369
149	246
1579	2811
2118	2743
1596	4499
2348	4183
3984	4404
2203	4750
953	1213
1020	3208
4156	4873
1648	2085
1324	2145
4156	5108
1253	5061
3963	4018
928	4156
1094	2177
833	4021
529	1585
116	4923
848	1752
2216	3088
1524	4923
600	3344
1108	3344
4201	5070
67	3586
3116	3867
2957	3116
872	3703
387	4495
1224	4156
1362	3293
1388	2605
116	2528
3685	4669
2699	2871
2562	3851
3112	3866
3496	3579
2637	3237
205	2118
1422	4394
3116	4949
283	4750
1933	2803
144	4252
983	4271
926	3231
188	4271
136	1185
696	1448
4149	4615
2692	4156
1786	4452
2216	3295
1187	3428
913	2934
1446	4728
3453	5035
36	1139
1546	3487
3673	3786
613	2864
2438	3724
855	1090
3972	3980
1279	4971
2541	4591
973	1404
1593	4651
271	5122
448	917
2904	3673
1639	2888
149	1149
316	4623
116	1451
209	1294
1485	2687
448	4170
1766	4907
1807	2487
69	1002
2864	3506
42	2438
3104	3456
705	4848
855	3116
2835	3105
1483	2438
1294	4562
92	686
2487	4122
2476	3320
1058	4889
116	1648
1446	5026
58	4889
3164	4045
351	3116
88	2013
2433	3114
1622	3542
2148	3673
69	2934
1430	4674
1213	1548
16	2706
269	2474
89	2142
1430	2048
180	2188
1324	3198
1854	3116
1306	3116
1626	3717
618	4598
2266	4156
833	4196
2146	2342
848	3262
4863	5008
116	2889
3777	4214
299	710
30	3344
800	3946
4193	5091
4830	4923
3226	5011
2282	4636
387	3357
116	326
2637	3902
1444	4655
2304	2438
4271	4972
1108	4156
151	3048
116	941
322	1537
3164	5008
926	4841
651	3361
1912	2370
2490	4360
643	3617
2254	3116
38	2438
1339	3547
3112	3939
2835	3456
552	2438
639	3579
912	4712
264	925
1712	1752
925	4362
2318	2547
1890	2216
656	3456
592	748
114	3984
387	2929
2703	3304
585	1092
2079	4326
1108	3536
2216	4198
79	2268
592	3566
1180	4035
187	1185
448	1812
270	4336
1252	4568
2079	2266
209	3922
1085	4907
2736	4804
1561	2216
1430	4655
1056	3503
3629	4790
1883	4863
855	1440
92	1415
310	3840
870	2617
1839	2370
2118	3984
72	726
1803	2605
3112	4201
59	116
833	1139
69	1413
4018	4537
269	2118
1727	4836
2626	4619
1546	4461
613	4972
2502	3442
393	4970
440	2108
127	1639
1058	1094
3247	4077
1248	5026
4644	4970
1286	4673
2261	3456
119	5011
1149	4156
1720	3289
3104	5017
1203	1207
310	1267
4795	5004
129	5155
3247	4201
3840	4311
284	1873
1726	3054
739	2124
1272	2409
914	3685
2625	4493
2438	4598
1306	1602
5041	5155
2750	4814
1626	2605
4598	5095
1912	3116
309	4615
4703	4990
2011	2511
72	1942
3810	3972
1094	2804
3114	4880
651	4328
3724	4547
821	4156
990	3842
188	2547
1243	3777
1686	4200
890	1617
2725	3116
1726	4637
2358	2521
2849	3116
627	2066
3104	4320
1207	2837
2156	4311
3850	4186
1108	3924
1251	4907
706	1267
1243	3107
892	2582
1461	2692
3534	4525
4156	4627
2653	4021
2216	4916
2934	3174
114	192
2653	2880
391	808
339	2755
3612	5056
82	116
3589	4985
4640	4701
726	3506
2506	3404
209	3153
3985	4156
3426	3924
3385	3426
4156	4525
1270	2118
2852	5095
25	1996
833	4111
104	1187
1912	5080
1061	2343
4294	4861
1546	2003
3866	4156
2437	3061
2049	4874
4185	4455
923	3344
799	1546
1202	2803
651	4386
2153	4830
2939	4326
2417	3149
1622	2299
2037	3116
2177	4711
2335	4156
2506	3114
2712	4790
875	4830
1484	2230
1598	5040
729	3289
493	1119
1272	4642
2230	5010
2835	3175
1822	4052
1269	5107
313	3381
1430	4480
2852	4858
3105	3344
2810	3006
855	3767
187	4156
3748	4866
517	3628
455	1415
1415	2983
3093	3605
1504	3044
1633	3847
758	1848
358	3204
1094	3619
175	4495
116	3921
2709	4185
269	1914
2846	4156
8	2490
2490	2660
1906	5078
271	4752
855	4655
1176	1859
391	4259
1272	4833
2171	4017
2160	5155
978	3116
4156	5138
2438	2531
1045	2625
2118	3510
2362	3559
111	3376
925	2777
529	2653
1537	2849
1633	3105
67	4045
1661	3458
973	2347
3666	4391
1278	4156
1422	2922
780	4201
632	3354
92	3592
3984	4241
1272	4558
1381	2216
2160	4674
4945	4976
442	3185
601	726
2361	2755
2178	2716
4156	4401
1185	4095
2487	4735
2555	5091
271	2049
1032	1243
867	2173
29	2362
1477	1881
461	3116
1604	3116
994	2544
4861	5134
758	3589
533	3566
1920	3289
116	4219
116	2058
134	4481
448	1367
1980	4259
1136	4984
340	3505
1626	3820
622	3407
1662	3685
2657	4495
3518	4674
192	3685
1858	2643
43	974
618	1862
978	2118
116	4705
116	1171
5072	5151
67	2774
4201	4397
2177	4598
884	1483
544	1692
122	4670
2138	4101
1953	4294
1444	4830
25	2015
2118	2948
3863	4149
1774	3924
1863	2147
930	4976
2492	3972
3488	4721
1666	4041
2216	3250
1726	1826
343	1781
89	4186
2835	4538
2877	4131
542	4156
1848	3589
585	1625
149	3505
116	3592
1094	1424
270	357
1444	2939
3864	5146
1865	1980
2851	5004
975	2706
589	3840
345	2118
1839	4752
2416	3116
4077	4721
4816	4991
609	1727
2306	5002
1444	5079
2735	4200
1524	2438
1313	1533
4156	4446
38	664
2858	3237
1173	2597
1703	3962
1454	2438
302	2926
1727	3797
1444	2627
2092	3016
1502	2438
677	4156
609	3619
2398	2605
3116	3189
116	3984
3116	3975
3072	3116
750	4026
1980	4156
3344	3972
3754	3864
1430	3591
2541	4854
2216	2652
2118	3574
2147	2895
1315	2541
116	2995
1251	2268
2934	3808
2770	4460
2951	3883
2774	5128
4740	4951
759	1626
3397	4901
269	2564
606	4644
66	3116
3116	4866
914	1415
3100	4326
2413	3488
89	1173
122	3665
1352	1865
3722	3972
1086	5146
13	4878
2472	5089
1444	3810
2582	4858
1444	3138
387	1058
867	5008
4018	4735
4271	4728
1180	2627
116	1608
2343	4391
833	3121
2989	3397
833	2079
88	3116
704	1722
549	2192
2118	3496
1633	3185
866	5061
677	4271
4196	4271
1537	2626
704	4064
1494	4605
3381	3940
4103	5061
2057	2947
1136	4355
124	1294
2216	2670
1933	2625
3536	5004
2703	3116
2048	3688
2821	4156
1415	3009
1727	2686
1448	3972
2190	3116
1430	2015
613	4525
2934	3175
313	3644
843	1958
1169	2541
833	3289
2142	4674
3957	4970
393	1884
2775	3866
1306	3939
3116	4392
748	5078
2838	3548
2216	3223
1149	5129
773	3199
269	4051
2835	3991
1044	5043
25	2000
925	1667
1248	4670
111	4021
2142	2795
531	2125
1444	4972
116	3622
2385	4554
449	4814
2006	4480
1094	4410
911	4349
1537	4529
18	1781
3286	4483
82	4156
351	3686
116	1494
187	4301
8	3984
4655	4830
4271	4841
89	4156
2347	4644
2473	5151
601	3747
3674	5026
4067	4615
176	3331
600	3426
2256	2605
1444	3121
2753	3941
1408	4813
1620	4766
2835	4938
2174	2801
116	3370
3176	3814
4398	4907
31	1917
930	3847
3620	4525
3686	3924
133	3071
116	4309
815	928
1494	4913
1626	2849
844	2124
111	4156
92	2468
205	3164
1061	3493
299	3939
2118	3991
4644	4646
3116	3714
3105	3116
1795	3364
2755	4021
800	4185
92	457
2753	4052
88	3556
2991	3478
2066	2312
1202	3138
1149	4365
1487	2637
1422	3204
1010	2108
1038	1352
1666	3840
4382	4872
2216	3559
610	1408
3536	4776
2547	4598
1466	2318
1662	4495
313	491
1269	5011
533	3061
114	1061
1227	3820
2617	4401
1921	3568
2347	4525
92	2544
1881	2625
3506	3962
35	4336
2153	3939
222	343
1604	4271
1430	4873
1727	5038
3325	3754
1454	2801
116	2803
971	4147
971	4301
67	4301
4861	5151
592	4448
3237	4182
1219	4301
2037	3589
187	2178
448	1781
1032	4984
1362	3116
982	3665
601	3905
1460	5097
550	2597
442	1453
261	1185
562	4156
2625	3088
921	3496
1024	3516
1128	4181
440	837
4651	4674
1185	2417
1524	3138
2963	4328
1273	4131
2216	4493
2811	4086
2142	4035
3619	4965
2858	3840
2519	2598
1819	3259
116	3566
633	1038
1176	2947
1139	1444
3116	3263
3038	5040
2118	2660
1440	3496
2118	4339
116	2704
2037	3414
92	3498
1781	4967
303	1306
1626	2862
2827	4156
120	4156
4196	4863
1044	5040
613	4160
4623	4795
4111	5091
65	3617
2230	3045
612	4693
928	5128
1139	1604
16	4156
2947	4095
2709	4156
3505	3866
2562	4872
2433	3566
3011	3426
2687	2957
187	828
1546	5075
1850	1912
1339	2232
3747	4151
611	2438
2342	2735
440	3116
264	4113
1108	2178
833	4943
1302	1774
1500	4156
1686	4156
2235	3412
613	2490
2605	2829
116	4318
310	2894
811	3414
4045	4863
116	939
357	1119
1483	4586
2077	4752
890	4538
3611	4502
2459	3424
2519	2835
2474	4156
1256	3455
2547	5041
1774	2342
270	5038
1354	2118
3067	4301
89	4655
2482	3741
3116	4393
1662	3426
12	92
1492	2178
994	2506
1045	1185
1202	2810
4271	4830
2358	2653
832	887
1139	4972
1422	1712
649	3887
89	1108
1533	2796
1156	2605
1948	2483
558	4779
3160	4156
917	4019
116	1781
4271	5079
2216	2495
2438	2699
2342	4872
799	1333
3814	4872
3116	5028
3777	4499
2672	4219
1840	3722
175	1293
440	1546
3321	4156
116	3619
1839	2837
406	4156
2801	4156
855	2153
205	2079
3357	4111
1593	2930
1279	3116
3210	4031
3286	3851
136	2605
1840	3674
1818	2961
2199	3407
2961	3099
748	856
4156	4863
1666	3953
2438	3505
116	4410
1139	2627
1248	5017
2680	4201
4674	5034
22	1911
3915	4831
175	2438
844	2232
4655	4863
2011	2037
224	485
3895	4525
1415	2049
4031	5015
3701	4623
2801	3536
300	1444
19	3167
222	4841
472	4830
2652	4289
1313	1571
742	3116
176	4362
877	2811
116	4392
609	2898
2735	4058
3116	4565
162	3516
1928	2216
309	5072
4893	5155
2835	4598
1119	2743
2118	2799
22	696
660	4412
1108	1444
387	5079
1272	4872
2544	2642
3935	4554
3758	4841
3321	4414
89	1306
2755	3984
1254	4189
1655	2438
246	2476
2224	4712
615	3223
550	5134
224	2837
2701	4872
106	2805
299	3121
2544	3739
2829	4369
613	5004
180	925
1533	1994
2495	4113
843	2124
1448	3488
1251	3116
192	833
1463	2605
1648	3116
1546	4019
3659	4703
3061	3837
1661	5008
2312	2761
2541	3825
114	4271
114	2438
706	1620
2006	5008
2746	2871
827	3620
440	2049
3449	4156
2495	3344
2739	4872
3116	4536
1487	5078
3536	4156
2803	4480
3116	4113
3365	3957
36	343
3149	4080
833	4863
3344	4500
313	928
952	3688
35	2835
5128	5136
2775	4271
926	4960
272	4108
866	1582
1198	3739
3941	4035
3344	4949
4480	5039
2216	3808
4156	5153
2232	5040
387	2472
2199	2472
385	2985
1415	4209
3851	4861
3974	4018
867	1661
340	3866
1117	1453
1267	3116
116	4791
485	2118
119	5107
2511	3285
3088	4480
1213	4798
3236	4840
1604	4045
1836	3559
302	4058
867	2952
2562	2770
89	2706
1933	4045
25	3881
1253	2564
3536	5129
177	1873
4129	4795
2410	3621
2312	3677
1774	2531
1546	4971
1136	4640
690	2110
1593	2835
1740	3354
116	4448
885	1430
4264	4474
1032	2564
2192	3442
116	2540
1952	4264
2437	3967
1547	1552
147	4045
655	1256
192	964
1543	2216
690	963
1847	5004
2199	5040
609	4156
3248	4201
1248	5068
2079	4088
2835	3536
743	1692
606	3456
978	2341
2851	3771
1917	3772
122	4181
69	1446
2188	3442
472	2142
116	4827
1448	1504
2864	3810
116	3830
585	1617
67	1483
1032	2299
187	1840
3328	4387
142	4863
1187	2308
92	4030
3116	4833
928	3962
88	1444
35	2216
1781	2362
89	1408
573	1884
1455	1744
4271	4651
4156	4373
1887	5095
606	3222
652	1367
2438	3578
1253	3208
2409	2884
1092	1533
116	3071
1180	3580
2079	4156
1415	4640
1617	4644
611	2216
573	5134
2556	4156
1774	3990
3866	4271
2022	3703
3426	3751
2342	2926
618	4827
622	3112
72	316
1267	2582
187	3506
30	272
89	843
1185	2421
187	928
1467	3984
1627	3453
4615	5072
1446	4271
820	3810
704	2409
1367	3701
974	2282
1430	2312
1108	2657
1461	3659
4113	4181
255	706
307	2637
1437	3673
963	3602
2438	4414
890	1996
4170	4201
3116	3336
406	1537
168	1324
2653	3724
1546	4463
145	1252
2541	3493
1839	1914
2930	3319
116	4101
1185	1830
1617	4156
1444	2350
2216	3944
2370	2544
1324	4861
89	3496
1584	4525
1047	3493
343	1909
855	1851
2922	5122
1492	2531
28	3555
205	5102
253	4623
1811	2863
2342	4526
4035	4480
3343	4000
3116	4112
116	465
1531	5035
92	4747
2560	4525
1598	4970
611	1946
726	2835
3739	3957
1067	3210
2216	4046
1243	2050
1432	1504
3825	4156
982	4153
2234	2625
455	2148
1720	2472
1307	1444
1180	3121
116	3839
4051	4225
499	2383
3176	3602
1294	2564
2400	4655
31	4955
1213	3424
2348	4077
89	4524
440	4231
2939	4271
246	2118
2721	4156
833	3496
1770	2341
1897	3666
1483	2864
1187	1632
69	2406
12	2531
1727	2930
3209	3431
288	1667
3685	4642
1461	3237
3237	3837
739	963
4670	4861
3116	3250
1286	1661
2406	3911
2562	4606
116	4076
1122	3417
949	4156
1156	3556
205	1139
763	3093
2299	3839
114	3715
2108	2593
1180	3866
3116	4264
1667	3434
1254	1537
3114	4182
681	4156
298	4156
4156	5106
188	2701
322	4048
1408	2188
2796	3493
1836	3199
116	1492
2898	2904
4301	4860
652	2541
116	1836
3484	4461
750	2019
622	2985
4201	5045
1270	4113
2829	4129
926	1444
512	2341
1267	4077
340	4480
2893	3688
1136	2896
67	1444
705	1746
4268	4721
610	3629
1180	4972
1876	4165
2177	3116
4156	4866
2502	2975
509	2547
25	4538
650	2216
116	4175
1954	4156
1444	1933
3488	3489
2835	3602
313	449
3385	4560
675	3343
800	2959
643	3153
1466	1692
965	3555
758	3116
1324	4406
1585	4874
1543	2625
149	4480
37	3104
1678	3686
3116	4460
1250	4872
116	4714
2370	4798
967	2266
921	3847
2859	4156
4156	4393
187	3708
326	4874
1623	2837
3863	4469
1445	1537
2703	3669
116	3765
2775	4598
2495	3685
589	2101
3602	3924
1444	4196
3345	4156
1207	3343
917	2835
122	982
652	1254
3376	3580
1903	4201
3589	4943
2200	3116
2438	4460
1847	3536
3116	3674
4584	5040
1477	4156
833	3724
2006	2173
3515	3602
2180	5158
1448	1581
116	5048
1170	1981
1061	2048
2118	4582
1348	3739
867	2142
1604	4972
2514	3399
313	3019
1526	3542
2858	3864
1816	4525
4035	4113
1092	2347
1467	4854
2049	4723
4088	4156
3665	4096
1901	2118
1094	2884
3	2805
89	4750
116	2282
1994	4646
2118	3505
309	2917
472	1883
449	5159
1429	2656
3428	3777
92	4771
339	4156
3116	3718
2605	2947
1185	3503
2706	4186
1996	2835
4960	5031
18	651
69	1185
2835	2838
426	3116
36	4271
38	1510
2605	4908
1744	1839
1752	3466
601	4880
3542	4051
2775	3164
413	4712
2564	3636
3488	3561
43	5084
313	3777
393	2013
2704	2901
272	2796
2858	3754
4863	5079
2065	2605
507	4640
134	3518
971	1883
116	1248
2843	5068
111	4827
34	3580
2511	3816
116	4252
1720	3580
2173	4830
30	4457
104	1585
246	2584
2438	3674
364	4880
1887	3879
1252	1404
1537	2328
116	2965
440	3483
539	3503
2216	3339
1180	1537
1662	1692
2307	2750
1626	3108
116	4752
2268	2324
149	1061
4507	4561
336	2190
800	1446
2934	4955
357	3453
983	1825
116	2413
3605	4723
1467	3175
1415	3399
726	1873
1156	2438
837	3160
529	3771
529	1282
2118	3019
2066	3116
2892	4156
2142	2810
963	1227
2216	3617
1149	4840
116	4561
531	4156
2784	3488
1444	1593
2482	3488
3116	3222
1061	3324
1108	1337
2799	3116
1176	2782
205	2438
1559	2811
1408	2562
1727	2178
517	2726
750	2181
2406	2746
116	674
187	1607
347	1671
1774	5008
1187	3665
2118	3116
1262	1891
387	5089
3505	4480
2884	4393
111	1444
43	4480
3093	3116
2752	3962
1960	4165
4156	4725
1494	1746
1920	3724
903	4424
116	4515
2582	4329
4860	4970
2699	5040
1733	3498
1726	3067
928	3493
1526	4156
343	3566
381	3116
4640	4984
1108	2079
897	3974
613	2851
72	4872
116	1762
2755	4598
2049	4780
89	387
890	2884
72	4443
613	3121
848	3466
2128	3116
2003	2434
2934	4018
35	4858
3666	4272
4326	4830
1094	4674
299	3866
1537	1611
1258	2097
2934	3048
1626	2024
1203	3589
74	2546
3665	4156
1958	2429
2218	3116
2385	2837
269	1622
3686	4423
2216	2862
2479	3536
2473	4311
142	1252
2177	4860
606	1563
1727	2722
3974	4502
3586	3962
1446	4111
71	2342
1002	1044
2181	4985
1286	1313
3237	3864
866	4831
2479	3957
2490	2835
3116	4238
2312	4461
1426	1593
841	3674
231	4750
851	3426
2079	3614
750	4814
1176	3088
4615	5004
1727	4895
1865	2340
2540	4814
3354	3466
1422	1851
1408	4043
1655	4406
3536	4830
1453	4976
1108	2266
89	3901
1625	5080
2593	3116
2660	4162
492	3116
3474	4156
3612	3851
4860	5040
1108	4606
592	4114
300	1408
2438	4035
1243	3884
1306	4156
3328	4169
2347	2511
3488	4901
465	3722
1167	2085
2625	3067
211	4201
2361	3602
3344	4529
773	3223
2703	3444
116	451
2118	4695
2593	3611
726	3510
176	451
360	3116
413	1966
67	2835
2247	3807
917	4193
2675	3012
1727	3932
2584	3536
2573	3982
1626	2652
255	2685
88	4301
351	5011
1932	2156
1334	2230
811	2704
205	387
1741	3309
265	5042
2118	3175
3116	5086
964	3185
69	4467
116	4795
529	4001
4746	4839
988	1858
1638	2278
2282	3492
2947	3908
1537	5028
2000	2625
1943	4938
2328	3116
3748	3797
144	3402
3112	3515
3754	4410
662	1897
2438	3399
29	2541
1302	4655
116	589
759	2216
2486	2490
2507	4486
455	3328
116	2295
3708	3883
343	2864
187	1688
1714	2867
2835	2884
1986	3877
2492	3489
2889	3456
310	2406
3397	3503
3093	4298
111	2438
1755	3857
2893	3808
2370	3574
272	4461
3218	3361
2621	4790
4311	4524
1883	3426
4326	4655
4361	4867
2395	4131
340	4156
848	3343
1333	3842
4488	4554
269	675
2434	3952
3505	4156
3984	4271
877	881
3245	5108
8	1294
129	1822
1108	4035
4495	5008
1428	2342
771	3116
89	2409
677	1444
205	3116
4077	4156
2547	4907
4415	4529
2939	4830
2673	4156
1966	4193
1593	2726
3116	4985
116	1990
1294	1807
116	2598
3837	5146
2299	4026
2735	2926
4156	5077
2952	3116
914	3754
1270	3580
1873	4301
3116	4785
1287	2544
1579	4987
2321	2342
2746	5112
43	517
1203	3116
3568	4594
2468	5145
1415	1521
46	1156
29	4701
2864	4525
1313	1658
1670	4651
3450	3810
2594	3603
2174	3385
2926	4200
1286	5079
613	4271
116	3935
569	2362
3116	4345
8	1408
1802	4156
2605	4856
2216	3957
2574	4088
232	3879
550	2947
2939	3518
2398	4770
1304	2438
1537	2709
4156	4186
1466	3924
146	4156
1923	3121
4651	4655
866	983
387	833
2459	2660
558	1444
4012	4486
928	1492
3116	3320
964	2894
2216	3714
867	4830
963	3116
606	690
1451	1703
2653	3477
622	2511
690	4156
1185	1544
750	5145
4088	4830
2350	4156
877	1185
1617	2290
1460	3602
116	4193
618	1306
2342	3493
1954	4538
1726	3165
2901	5031
1270	3121
2312	5008
1444	4943
1582	3122
160	3176
4525	4970
1270	2216
2216	5091
2347	3116
88	1703
773	3747
28	4752
1938	4252
2716	4841
3237	4880
187	413
3977	4816
3424	3881
2362	4506
651	2594
584	1692
640	3116
253	1727
1444	1733
2006	4943
4035	4271
1760	3488
4728	4791
2118	4949
246	4461
892	2704
36	2142
200	4412
89	3245
1149	1270
262	1516
2398	4201
601	985
65	914
2395	4461
3496	4943
1032	3428
2605	3358
1546	1627
2070	2605
2605	2957
1248	4448
1207	3107
4880	5106
982	4181
418	1291
589	4674
205	2934
95	4156
3116	4703
1422	4443
116	3452
4024	4674
1448	4183
114	3692
4480	5008
2064	3741
2654	3488
1883	3164
1454	1933
3116	3651
4870	4908
4673	4728
876	1440
928	2985
1108	5034
1461	1685
1085	4642
3114	3905
748	3837
1722	4752
1351	3685
1185	1873
2490	3381
2605	3935
1548	2706
3010	3116
74	2040
855	1302
1514	4245
3289	3477
2148	4193
16	1267
758	4180
2006	4863
2541	2598
3164	4674
2216	5102
2048	4827
1722	4410
2063	2375
2410	3426
47	4664
116	745
1422	4474
1670	2142
1599	3116
3883	4156
3636	4289
1107	2311
649	3114
1422	2266
310	4872
151	3116
2108	3192
490	1518
1763	3116
2199	3192
116	749
2704	3072
2118	4095
925	4417
3627	4156
1727	5071
1324	1598
750	3777
558	4272
3344	3619
592	1487
1760	2492
3352	3756
406	1923
3742	4406
241	3991
1744	3654
652	2560
1774	1921
758	3414
205	1604
1533	3493
1692	2361
1533	1695
116	3982
3116	3493
810	2704
168	3198
618	4547
2328	4271
2808	4406
2479	2888
833	4972
2362	4863
2199	2544
1966	4837
151	4045
3399	4156
3769	3840
907	3637
200	4271
1242	1903
116	4693
29	4201
3536	4162
2670	3116
1446	1861
3614	3881
451	4169
1958	4156
116	191
2476	4662
855	1883
1999	2415
1185	1607
2312	4675
2473	4524
514	2199
1546	3307
1227	4841
1464	1537
3453	4336
122	539
2835	4486
3164	4525
2312	2353
1781	1973
2692	3061
2104	3116
529	3917
2492	3116
222	2985
2438	5151
2521	3477
639	4525
584	4870
472	5008
4156	4507
1119	3840
609	2216
3536	4712
149	3116
2062	2092
606	1782
533	4153
1667	5136
1766	2704
2877	3237
38	5004
149	4923
232	4193
2739	4030
111	205
3354	4735
1897	3980
2160	2230
1897	5155
122	4598
974	3489
2272	3492
376	3536
1202	4088
3609	3825
205	4156
3000	4250
34	2755
1108	1661
284	5027
25	4023
833	2627
2039	2177
1887	3204
2216	3597
3116	3614
3325	3555
2056	2999
1302	2142
1666	2216
1119	3637
2618	3489
3954	4156
80	116
2796	4625
2307	2780
3810	4048
833	4827
1825	2108
442	4156
2539	4194
1306	4393
1444	3917
613	3637
3116	4817
2118	2608
1334	4795
3104	3579
2153	2438
4873	4972
2409	4525
1667	4635
144	837
917	2544
307	4156
1752	4785
3153	5020
1762	4831
1727	1933
1251	1582
270	1110
1034	3289
1883	3121
1510	3116
2799	4644
2511	4035
2013	3851
2755	3724
116	3804
116	3571
2142	3939
3771	4156
1501	2216
699	2406
2864	4538
512	911
2750	3839
4711	5004
88	4685
2443	4156
1261	2506
1873	4695
2541	3358
1145	1196
187	231
952	3636
885	4077
116	903
2375	4156
1571	4646
1856	3114
2795	4156
1746	1938
1816	2438
116	2256
2892	3343
144	1196
1692	1825
750	3107
1537	3579
116	1756
92	2835
4294	5072
3960	5031
246	3116
800	4113
1424	1727
592	601
4156	4827
1089	4185
780	4525
1839	3409
88	4156
1408	2118
142	1727
1552	3364
222	4711
2596	3424
149	1058
2487	4390
2472	3477
3739	4279
2692	2877
1953	4045
393	3957
2852	3758
1774	4252
2782	4750
252	1460
1108	2892
4518	4850
1454	3093
1690	3605
2605	3975
4529	4872
311	1479
988	3116
1995	3116
1444	3612
1623	3414
2567	4830
2230	3924
1431	2247
2775	3496
3924	3962
3505	4196
116	2434
2478	3960
209	315
917	4907
74	3704
313	749
644	3534
313	333
1884	4970
313	2650
3116	4889
903	3104
2939	4045
2353	2492
660	1932
2395	2438
1778	2823
4615	5151
1185	1638
985	2174
653	2685
4112	4156
1272	3825
65	3758
1908	4086
1436	3496
1243	1763
533	1454
1334	3673
343	3870
917	4156
122	1874
1617	4525
704	1444
246	3295
153	4511
3116	3486
2181	2474
2312	3612
1617	3486
309	2473
3847	4976
1444	4393
149	2627
866	3665
205	1313
116	4911
1167	2427
2118	3637
2584	4615
4065	4095
455	3488
4493	4923
1739	2327
2085	3940
92	2593
1541	4156
3114	3385
66	3962
246	343
148	4077
116	2645
3112	4156
1954	3116
3605	4040
116	967
3489	3566
3105	3484
1108	3767
8	1622
1454	5102
89	3722
980	3754
92	3952
664	2495
3954	4770
1128	3665
116	3739
1839	3116
3116	3636
2361	2799
791	4156
4316	5035
1002	2605
1625	4970
187	5010
2628	2755
1444	2975
975	3972
1604	4480
2173	3866
1293	1662
2079	4410
2348	3352
3568	4970
1932	2672
247	1692
1617	2799
35	1655
2118	4708
2706	2743
116	2127
1094	3939
833	4156
2438	4728
1741	2299
1479	5112
229	2409
116	4975
1119	2290
272	1630
229	3450
1020	2063
2438	3453
1306	4863
1020	3063
340	2118
589	4410
2625	3107
3477	3724
1061	5145
2278	5056
2479	2904
1617	4970
1444	5008
926	5095
343	3199
881	1559
2050	4831
1034	4859
1903	2216
4525	4708
2048	3580
3476	4012
269	2085
1286	2142
2199	2448
3991	4594
2013	3935
2050	3915
855	3011
2434	2703
89	1440
302	2735
8	209
3116	4710
509	2438
288	1727
1061	3908
3104	3810
3116	4770
3104	3722
3231	4271
2573	3142
2196	2438
1333	1430
1202	3112
3591	4301
973	4970
4022	5015
36	4156
4019	5122
856	1093
253	4651
2750	4993
2019	2750
413	2947
1461	5078
1543	3219
366	3493
2224	4615
1685	3566
114	2304
1422	4821
1626	3067
116	3967
2803	4414
1692	2388
1880	2852
2625	4193
4156	4666
1453	1671
750	4985
205	4021
339	3767
205	3426
1744	3972
837	2652
3489	5078
224	1848
899	3392
4393	5031
1514	3674
3116	4131
114	3116
1428	4149
4156	4294
3245	4547
982	4156
1108	4880
67	4460
1108	3498
4271	4873
205	3376
1667	4457
1479	2829
2409	4463
909	1942
686	3739
205	2755
652	1227
3649	4467
2118	3722
555	3619
339	1444
1639	2478
2177	4035
1546	5136
4859	5108
574	917
911	4525
3489	4725
392	413
284	2582
773	2406
2625	3810
1873	4046
3506	3850
1740	2492
2438	4517
300	4525
2216	2607
417	1313
2438	3376
773	3488
1324	1884
1408	4606
2544	4189
1348	4859
1703	2438
1996	3093
652	2814
609	1185
643	1404
79	300
750	3839
4107	4467
2805	4816
1203	3414
2975	4156
1430	2406
1269	4086
1430	3580
3164	4598
28	4674
2312	5080
3939	4301
696	3488
2438	4021
63	2019
2487	5021
613	4393
726	1811
1786	2479
1430	2835
1085	3602
269	4814
146	2049
4640	4831
2628	3580
649	3905
1891	2418
1492	2547
3343	3935
930	1453
1726	2358
2122	4162
1265	3116
1692	4525
116	4431
2057	3602
35	2746
1876	2156
2801	4560
2521	4547
2388	3777
29	4831
3754	5128
1487	3905
180	272
1248	3612
1094	4271
592	3837
299	3100
2406	3100
357	1110
1825	1913
2312	3424
1533	3765
3356	3542
2409	3895
2196	4041
2835	3870
269	2045
1883	2803
3917	4156
1579	2476
4975	5112
388	4156
1119	2118
670	4486
2370	4077
664	3758
3413	4943
271	1727
1917	3489
589	895
2348	4271
1205	2539
3484	3743
606	4026
1092	1994
1781	4271
1454	5008
393	921
2459	3603
1248	4245
116	516
2050	3777
4271	4911
4830	5091
299	2934
1830	2511
2939	4651
2706	4156
2687	4241
391	4630
652	1462
2259	2934
2312	4619
2852	3104
3343	3802
1454	3754
750	3019
1422	3636
3677	4201
3488	4525
116	974
3566	4905
1782	3866
31	132
2013	2959
2755	4827
269	4915
3104	4311
2438	2871
2835	3924
1453	4685
3321	4339
979	1270
3414	4381
1533	1537
3840	4627
1430	3116
2544	4088
2849	3840
3754	4916
3135	4156
858	3116
3286	4234
589	4326
3344	4107
2672	5155
2070	2216
2438	3870
37	2438
366	4908
2864	3344
1891	5155
30	288
1422	3072
1917	2835
302	4200
2178	4031
2964	4595
1093	3061
606	3116
1093	2877
1444	3067
3116	4525
92	5136
926	3105
2114	2862
4156	4817
706	1462
4201	4255
3839	5020
364	2438
3361	4955
2600	3602
1110	5035
387	2775
2621	2712
2118	3603
632	3466
1149	2755
365	2951
3637	4538
2312	2521
1094	4480
855	1524
4219	4328
3404	5130
855	3088
1248	2224
2628	4480
2395	3772
284	1499
2627	2755
1424	2216
1256	3901
1313	3116
89	2011
187	4481
2224	3536
2438	4863
3866	4196
2177	4712
67	3493
3840	3941
1582	3218
1087	3116
712	3116
2347	4001
1791	2216
209	4984
4970	5017
1444	3093
1460	3991
3426	4685
92	693
116	3185
1638	2631
684	866
1115	4841
271	2199
4561	4583
472	4495
188	2118
1485	2438
1445	4816
1185	1430
1990	2108
1571	1585
1839	3589
3105	4565
2991	3962
3496	4923
2118	2266
265	2535
72	1781
89	1607
1320	1596
601	2858
1265	3167
820	4271
1056	4153
246	2835
3754	4156
1267	2701
509	4336
1351	4470
2468	3336
8	4201
2573	2660
3984	5130
1593	4156
1667	4156
18	4268
1286	4480
299	2775
1313	2541
1092	2118
116	1042
2675	4183
339	529
758	4381
2095	3603
1533	2216
1610	4183
2290	4525
472	1524
1741	2750
867	1604
930	1671
116	4045
271	4872
2024	3116
205	2048
448	3579
141	313
2216	3797
129	4040
2627	2628
1136	2468
88	4365
2739	4525
2200	4185
1946	4239
2108	4019
1213	2544
317	4156
1455	3116
154	1662
2555	4380
30	2114
1623	2625
1185	1789
150	5146
2210	3602
2952	3685
448	574
3450	4118
3381	4831
773	4701
188	272
417	4415
1533	4525
2406	3747
4245	4970
922	3561
4594	4863
205	4923
3116	4156
2586	4802
3477	5108
2092	4798
28	928
1122	2391
3127	5095
1726	1903
98	2216
231	973
1533	4646
201	2409
1900	2894
333	4640
2048	4923
1749	2216
2118	2347
339	2627
13	3917
2353	5015
4022	4870
3042	4482
3116	5032
1313	2124
3105	5138
870	1582
1437	4558
89	815
3245	4156
632	848
370	967
975	5095
192	4561
971	1408
2483	3609
963	5004
205	1444
3635	4907
3198	5134
343	1461
833	4923
3362	4967
980	2174
1883	2939
1428	5128
1272	4252
552	1122
2884	4193
1670	4863
963	4605
1917	2492
2104	4156
2438	3747
4165	4960
4272	4779
2704	4101
2328	4156
2666	4271
4062	4064
864	3116
2006	4156
393	5043
2637	3864
343	3837
3574	4701
116	1842
4410	4872
116	844
3072	4907
973	3506
1370	4156
2584	4861
231	3677
3422	3839
4040	4062
1692	3584
3061	3579
1108	1460
2160	2216
2582	3810
613	4375
3426	3450
606	4651
3116	4955
1537	2608
1444	3474
3104	3484
116	1754
255	4606
2541	4561
3680	5068
116	656
134	4301
2511	3758
1063	1727
2199	2593
3941	4561
4111	4461
269	1493
4030	5136
2511	3895
1670	3138
3116	5123
971	2531
29	3381
2653	4859
4201	4409
2048	3505
656	3038
1688	4048
2427	5020
4480	4943
512	4795
3011	3962
1045	2142
1920	2476
116	4287
2608	4878
2216	4627
3536	5040
1108	1671
529	1094
925	4841
272	3982
2409	3131
4517	5136
2544	3559
2835	4186
3566	3864
2110	2347
967	4779
241	962
763	4858
2049	4272
1292	1912
116	3220
16	1291
4026	4640
3112	3121
309	4149
3142	3330
895	2736
3067	3493
14	2353
122	2989
2548	3413
3116	4824
79	116
1552	2541
3742	5134
241	4156
116	2847
1741	2564
4329	4815
471	1291
1521	3922
606	3343
4361	4872
89	971
309	2991
1313	2577
3707	4156
600	1269
116	1450
3981	4939
1061	2625
1467	4588
3104	4538
2877	5155
1213	2438
3286	4858
1825	4421
272	2829
283	1746
116	1711
1774	2142
1061	4391
2893	4170
1453	3847
1727	4526
187	1627
1582	2181
205	3489
966	2206
2040	2045
92	1408
176	3743
343	5071
1811	2147
89	2319
116	1870
1176	3686
3450	4398
704	4271
3044	3116
1222	2184
589	2554
3164	4393
860	3769
43	3121
2835	3831
2991	3674
69	3223
111	3121
3116	3244
983	1692
2400	3116
1313	4646
903	2506
1187	1924
1061	3442
2837	4656
3247	4155
3198	5151
4827	5017
841	4861
2348	4159
1873	2398
2438	3680
1671	3536
1248	2178
592	3237
149	3580
1108	1352
3100	3941
3199	4201
903	2660
3309	4409
18	1671
848	4785
387	4526
114	1262
4086	5136
3571	4802
333	811
200	4156
89	2582
2726	3696
2142	4326
120	3935
3739	4780
3984	4365
302	4598
18	451
1430	2438
2040	4404
3944	4077
29	773
2877	4779
268	3764
2266	3260
3944	4841
2479	3673
11	3958
222	1198
1692	3908
218	303
1252	1722
1101	3488
116	4747
2476	3905
2118	2627
1015	3739
589	1446
3484	5068
1227	1291
1958	2015
2006	4972
1275	2200
1755	5014
4404	4993
3542	4752
2406	4369
1154	4814
1270	4480
1627	2406
1119	3486
1771	2755
1563	2199
2118	2902
606	1175
1332	3289
2149	2442
2582	4156
2216	2829
3596	4156
1272	4646
2555	4976
2645	4156
455	1709
209	3122
913	3116
1870	4615
926	3104
1185	5136
3208	4488
187	2991
754	2097
241	2685
187	3672
2438	4685
1444	3164
2266	2438
92	2628
3498	4111
1561	2605
89	2178
1935	3635
299	1176
696	4193
3816	5122
394	1281
347	2843
1851	1861
2118	3433
985	2801
1108	2926
2564	3839
175	1461
837	5080
4111	4547
2006	2142
4271	4294
4272	5035
1175	1286
1117	3847
601	4938
151	4113
2746	3822
2893	3954
4165	4231
2991	3639
89	4685
1451	3116
1479	2483
116	760
116	2230
29	2625
116	3122
347	517
268	3696
3321	4863
899	1798
1444	3771
1000	3116
610	2593
2989	4153
72	4201
1704	2145
1477	5020
92	121
172	4129
855	4863
1565	3116
3404	3984
1661	2006
116	3895
34	116
953	2443
272	1484
3042	4194
69	1825
1067	1430
1840	4201
1980	4200
4790	5122
209	2299
313	4404
550	3953
4598	4795
255	2541
726	5028
2312	4111
592	5146
2079	4095
168	2145
3905	5078
3493	4301
2438	5035
808	4200
2472	4830
4670	5079
3343	4816
1740	4537
2829	3982
2753	2805
1119	1873
3466	4018
660	2672
2801	3236
2142	2438
1020	5028
4433	5008
1463	4271
2888	3747
413	877
1994	4156
1626	2398
2625	4110
4480	4949
168	1704
1248	1598
2476	2560
4022	4908
651	2118
1455	1546
3344	3586
1202	2951
1165	2719
736	4045
2506	4525
875	2230
763	3924
606	3773
1537	3165
1537	4836
1994	3994
1061	4156
116	3525
1938	4095
129	4482
652	3072
903	4391
1667	3704
1029	2118
2198	4126
2178	2531
4111	4358
343	4960
2043	3840
385	2438
4241	4802
1424	2521
63	4078
3142	4201
1477	4525
313	4156
4195	4814
2653	2755
1521	4872
2685	4201
2013	2410
1722	4040
2216	4816
1645	2884
1996	4030
2358	5108
3167	3839
866	2108
833	4525
188	3886
867	3924
1916	4156
2063	2468
2835	3352
971	2312
1461	4560
1180	4943
1444	1499
1746	2361
116	4723
3493	4030
930	4759
1108	2259
192	2896
828	2555
922	1173
2667	3777
116	2932
1692	4172
1604	2438
914	1092
307	3566
1778	3739
116	3985
122	4153
704	2118
313	4238
589	1666
2254	3492
492	2013
4627	4872
1243	2299
89	231
3116	3262
3289	3724
1781	2196
313	2085
550	573
2541	2752
3112	4480
1996	3116
1452	4156
116	1722
1884	4615
3576	3924
1185	2279
1917	2507
866	1448
784	3295
1136	1415
468	4156
3962	4301
1839	2092
116	2220
1079	3116
833	3672
2118	3866
843	971
3864	4880
1639	2934
1703	2835
909	4872
548	1479
3116	3344
1685	5078
3100	4830
1906	4880
116	1199
3116	4450
2108	4517
1477	3116
2704	4795
1626	2934
877	2216
43	4636
1108	4189
1185	2670
224	290
116	2383
2181	2385
46	1292
1593	4415
22	1873
3455	3814
4040	5102
1671	4861
926	4486
2216	3054
4674	5128
14	4156
343	3589
971	4524
1660	3361
124	3839
4524	4685
222	3112
3116	4149
517	921
855	2142
2651	2835
339	1862
1950	3603
2600	2857
2514	4703
3962	4147
912	4711
74	4318
1185	1426
193	1692
5026	5063
116	3763
1058	2653
116	1531
2024	2605
2312	4474
35	2511
188	1444
3116	4373
4156	4905
1248	4780
2548	3009
2437	3519
3840	4035
4525	5129
2019	3116
3413	4670
1273	4525
310	4113
1502	3765
639	903
1722	4156
1883	5031
632	3218
4642	5080
2653	4827
539	1128
4196	4827
29	2555
149	1139
2085	2750
533	3237
4326	5128
2224	5151
1870	5112
1444	3536
2482	4743
2311	2625
592	1061
2490	3116
1248	4525
37	1942
116	4916
1404	3309
613	3352
3510	5028
1830	3484
1187	2040
1477	1504
3116	4798
114	4575
2753	4991
611	1281
3548	4111
1863	3940
3286	3586
272	2851
3358	4433
2406	2476
299	3164
3121	5008
1444	2823
855	2395
1176	2544
74	1686
833	2653
116	2729
2342	2835
3044	4156
187	4750
116	2740
3602	4386
18	4397
1546	1727
250	3788
2429	5128
116	3153
978	2438
901	4192
1187	4292
1045	2216
1430	2183
1692	1781
1912	3046
65	3426
129	3248
92	1444
2637	3114
1479	5035
533	4880
4156	4922
1623	1726
455	2070
8	333
2934	3847
2627	3580
283	941
1446	2704
116	4261
72	4623
1444	4827
192	2852
4086	4693
1318	4156
48	4019
4180	4798
690	2476
1671	4759
200	2864
1517	2216
3536	5031
129	2877
302	391
2019	2299
2118	5028
6	2864
1294	2040
2312	4529
3756	5010
4045	4778
1883	2567
313	4287
833	5153
5040	5151
2774	4156
1727	4198
2750	3153
975	1726
440	3673
3088	4655
885	2000
69	3569
1511	4156
385	4685
424	1662
3947	4271
311	1061
2625	4908
131	3764
269	2780
2904	3739
796	4895
709	3116
4113	4525
2142	3138
1243	1596
613	2210
2438	4326
340	1555
600	5004
2835	4765
340	1139
1128	4901
1002	1849
1755	1790
72	4770
28	2370
1047	1272
2687	3443
339	3866
897	3354
36	4728
2726	3175
39	2605
1038	2183
116	3952
96	448
4728	5008
14	4022
2011	2537
644	1156
1415	1744
4035	4830
1104	2753
675	4201
2617	4537
364	2894
3361	5145
1727	3339
1021	3356
149	3245
493	1533
1207	1914
601	4182
4196	4972
2539	3223
168	1598
3450	4487
2069	4409
3104	3944
1279	2118
187	600
2312	3458
1862	2775
2125	3116
1727	4529
89	4670
973	1453
2361	5046
1873	4410
2292	3402
592	649
3484	4965
1061	2188
912	5038
1054	4271
1685	3237
4307	4967
1365	2077
116	250
2118	2560
1839	3319
299	2544
1524	4863
4156	4960
422	3767
2118	2409
387	2628
4406	4970
2535	3328
2584	3198
2704	4131
1180	2755
343	2015
2290	4644
2312	2438
1305	1752
1876	4311
493	4644
313	3399
1775	2199
622	3901
3223	4878
3121	4863
1727	2709
209	2378
1444	3104
2660	4171
1546	3786
1020	4034
926	1272
542	4770
299	3787
600	3506
1873	4380
2438	4779
3673	4169
4271	4646
3739	4467
12	4301
3704	4766
4393	5008
1422	1727
1771	5122
1048	4493
116	1914
246	2312
1278	4586
71	2934
3262	3466
2926	4598
2118	2210
69	2625
38	4525
2660	3116
116	3358
3580	4393
2216	3680
1479	3489
181	610
1294	2299
2479	3739
1502	2774
592	4588
537	4034
43	4126
192	780
1044	3911
748	3489
192	4085
71	1821
907	3116
6	1444
269	1521
4156	4703
25	492
2917	4156
1836	1948
272	3493
1108	2438
1885	3510
116	2948
1306	2006
1913	4189
114	4802
2304	4052
2438	2706
1744	3116
1444	2048
2539	4162
2118	4850
2342	4058
1180	4923
2495	3104
1415	2516
200	4170
4583	4949
1537	5027
1774	2582
3536	3557
1408	3116
3116	3204
2350	4525
132	153
1085	1655
3589	4381
973	4588
307	1856
1953	4156
315	2652
2388	4841
1727	4208
3488	3753
2196	4637
1119	4970
600	3962
2199	3491
1727	2349
4111	4526
2438	3088
542	1430
1884	4861
1032	3542
2312	2849
2746	4336
1122	2483
4156	4560
2750	3116
1243	1692
866	1207
1746	4517
300	2775
1415	3673
2312	2930
3352	3404
3116	4594
892	3304
1093	2308
748	4156
1551	1703
1692	4181
3236	3840
2704	3840
2108	2904
322	3991
3218	3466
1067	3561
3769	4779
2118	5004
4267	4342
1946	4193
2438	4861
3104	5004
3696	4636
205	4193
2330	4848
116	2529
1597	3635
3114	3286
3808	4156
1306	5079
67	1791
4623	4830
1242	4156
652	911
1622	2307
253	4201
119	3496
1593	4271
1061	2409
2118	3620
4294	5151
1995	4156
1432	4502
227	3116
2198	2487
2006	3121
1494	4201
3223	5038
313	4623
313	2703
2019	5020
67	2722
67	3226
1752	3218
550	1884
1958	2495
921	4301
89	1483
209	2750
3493	3739
911	1484
2438	3104
213	462
1494	1825
2438	2627
1692	4703
856	875
1727	2725
2544	3741
4170	4651
2605	4261
860	2218
2409	2625
4525	5004
750	1253
116	670
1149	4598
1903	2555
462	3116
1692	2835
192	1666
609	4410
2013	3962
983	4183
1727	4170
1104	2805
442	1633
2605	3820
3566	5078
1185	3579
2140	2667
1061	3222
2810	5008
393	3742
122	4156
1444	2884
149	1920
914	3426
1461	4064
3354	3810
1821	4193
3116	3967
973	1094
1487	3114
89	655
8	3116
2476	3399
116	4776
1626	2279
1139	1175
589	4943
2625	4046
116	923
2153	3138
2605	2608
1467	1485
1912	4156
932	3673
247	3174
1585	2118
492	5072
269	2324
1883	4433
333	2750
1156	3426
1722	4181
2049	4231
94	611
92	3192
3878	4502
1461	1487
592	2230
247	2487
1722	2174
22	1430
35	357
88	1067
176	3777
2704	4208
866	4766
1839	2037
2555	4000
1059	3364
3492	3496
628	1415
1873	5095
2796	5072
1202	4943
268	1286
855	4830
332	1365
1781	2893
37	2582
5078	5146
517	3116
43	3116
750	3428
116	3629
413	1156
1883	3116
2118	2739
514	1932
3442	5072
1836	3093
2837	3589
4547	4859
2939	3088
613	4642
387	3984
921	5068
299	4872
2605	4294
3164	4830
651	2682
3105	3685
1585	3116
4156	4189
1408	4393
2704	4457
921	1671
2216	2358
2666	3536
2006	3939
554	1865
2438	2582
2560	4271
2531	4031
1994	4391
573	4406
3336	3867
3104	4712
46	1085
1136	3974
1821	2319
1733	3116
1287	4872
1404	3685
2199	4517
2904	3957
911	2433
704	4040
1346	2235
4271	4965
406	1024
1667	4410
269	4225
3104	3758
2230	2777
899	4156
3602	4065
1521	2513
1638	3100
3160	4821
116	3496
224	3116
269	5156
2108	4664
1430	2795
4271	4674
1061	3878
4156	4201
2146	4156
1324	5043
343	3175
1727	4908
643	2495
1524	1883
3739	4169
3327	3703
2181	3654
86	258
2118	2181
116	5159
116	4284
4480	4972
116	5112
3104	4415
2348	3116
449	4985
3754	4905
907	1030
89	1777
1821	3116
1667	3556
116	1768
2898	4965
2934	3714
2835	3586
2605	4035
2015	3984
116	534
1444	4391
149	3376
31	2492
2145	5134
885	2625
1537	5151
116	5128
3114	4670
1943	4156
2743	4525
3116	4721
1185	1330
550	2975
988	3974
2198	3924
1306	4271
683	2216
973	2478
4156	5080
1451	1543
2232	5130
1085	2829
1430	1836
2362	3307
269	4984
899	2733
2406	3488
2939	4480
3309	4271
149	205
1185	1597
451	3769
1662	2069
1185	4443
539	3397
2391	2739
116	2630
347	964
3505	4943
1938	2909
154	664
705	2434
1444	1510
2299	5159
1286	2775
1821	2704
116	1500
129	2586
1727	2065
4606	4674
2232	3456
2362	3863
187	5040
2837	3414
509	3739
569	2605
1733	2199
2653	5108
925	1873
1128	3503
1254	1727
149	3724
1422	5128
2735	4598
1741	2763
2901	3116
2560	4116
3496	3994
1662	2410
613	1444
1422	1544
1555	3866
116	784
2562	4750
928	1090
1038	2259
901	2476
2188	4642
2716	3518
116	2478
1933	4525
1461	4880
74	4209
499	2672
606	4695
2521	2653
406	1213
3104	5095
116	2837
867	4480
3051	3116
1210	2522
2939	3164
2156	5153
1462	2476
47	2660
1863	2312
2362	4170
1714	3962
347	3185
2299	3592
1121	2511
971	1067
3580	4156
2312	2686
2177	3067
2199	3206
1727	2160
3198	4406
231	4674
3273	4156
5011	5107
2823	3116
1333	4170
1485	2835
146	4365
3477	4859
2746	4727
246	2438
1883	4873
1648	4872
639	1108
517	4861
114	5155
750	1741
284	3116
187	971
1920	3477
402	4156
393	2628
2605	4170
154	3153
3639	3674
786	3568
3352	4969
558	1103
2199	2579
4156	4490
2312	3586
116	1207
975	3982
22	4779
3116	3677
3414	4752
786	4131
116	4952
2803	3344
2627	3754
406	5008
1727	3493
3677	5155
116	1254
302	4156
3385	3754
632	4785
867	2006
8	4814
3061	3754
3107	4798
4001	5108
3810	4594
2438	4149
67	89
4271	5004
652	4361
114	715
975	2625
36	3006
387	4493
2627	3505
4480	4873
205	4943
1598	4406
1390	2118
1313	1585
1272	2347
67	1484
1524	3088
256	4156
1269	3226
774	2479
1807	4193
1454	4156
1537	2256
1703	2884
808	2926
543	1167
1149	4461
192	5072
2118	3121
2801	3385
493	1092
265	2341
1938	2625
1599	2118
149	4525
116	149
1727	2106
4735	4740
726	3116
465	1318
2704	3068
2541	2860
116	4381
529	3477
1811	3510
3344	3354
1185	1533
1136	2085
635	3116
4118	4219
209	750
3131	3174
855	1306
897	4113
1334	2722
1430	2321
116	3550
613	1563
1108	4651
1692	3361
1227	1273
1943	3116
72	116
3939	4830
3674	4861
2211	3123
1252	2438
1591	3484
1286	3580
3685	4547
558	3016
22	116
387	3289
3107	3644
339	4525
3637	4065
2835	3527
1451	2793
132	1657
514	1876
1608	5031
856	3061
471	2037
1604	2810
3237	3566
4391	4833
1313	4529
1333	3044
2472	2894
4561	4825
2516	4814
1176	1948
448	2731
1726	3071
149	3289
4712	5151
2770	3672
1625	3731
116	3499
92	509
1270	4151
46	3176
69	3050
1108	3127
514	2125
121	2656
3962	4336
313	2019
422	1061
1485	4770
833	3116
3304	4752
3880	4728
1671	4976
909	4156
2625	4101
4156	4614
1763	4499
773	4369
19	2199
2605	4668
1185	3717
1917	4156
2653	4432
1891	2141
1291	4030
1357	2118
1185	1517
1430	4693
1585	2347
742	3343
3116	3996
2409	3810
116	5136
2889	4837
3285	4156
116	4268
975	3685
333	2040
952	4048
2775	5102
192	4695
283	1213
811	4798
1061	4538
1092	1313
3116	3786
759	4253
57	4156
284	3138
1537	1638
1253	1741
2177	2472
1045	2153
589	2605
3708	4113
89	5004
2183	3450
1090	1727
1044	5017
1351	1692
2118	2896
1227	1781
964	1671
1774	2763
168	4406
649	1856
3810	4525
1430	3175
36	2282
589	4088
2256	2625
116	973
529	3580
302	4259
400	4517
2963	4219
126	224
2216	2892
2216	2860
2457	3984
3574	3810
1004	1546
1306	4655
3863	4156
539	4728
320	2149
1348	2478
269	612
2216	4711
1430	4126
843	3669
4525	4841
2803	3944
116	4972
2893	5107
3797	4872
3984	4030
3138	4923
1108	2048
1546	4030
1045	1727
2118	4644
600	875
250	2931
1136	4217
2079	5128
973	3561
2660	3879
925	2541
2743	3116
392	4193
2692	5078
1671	4156
2837	3319
601	4114
3580	5089
1739	2547
748	3754
2312	2835
2547	4651
1428	4156
726	3100
74	4401
131	2476
1313	4558
3319	4752
1897	3972
632	3262
704	3116
611	2511
1826	3428
1187	3572
1487	3754
205	4393
122	3503
4381	4798
291	971
1670	3112
1444	3175
72	2511
3265	4156
385	3722
1207	4180
1543	2770
3857	4156
296	418
1444	1451
69	774
2858	3905
758	4798
1782	2755
3474	3505
1452	3116
417	4156
72	3559
639	4271
381	4824
903	3175
2085	3884
1512	2544
1294	2378
2417	3840
1085	5128
2584	5040
982	2989
3535	4153
116	5077
3866	4923
512	3011
1207	2385
558	5056
613	983
1352	4058
2805	4156
1261	2660
89	2939
589	2544
116	4077
1847	1953
2070	3493
2547	3344
1093	3837
1248	3116
2628	5079
74	866
2347	4646
600	2312
19	2427
734	4467
1058	4113
618	5128
1626	1727
1024	3455
925	3116
2216	4019
2483	3506
2921	3116
1499	4417
1444	2057
187	1173
2199	2479
2198	4361
89	2203
985	3114
270	5035
417	3536
1996	4193
2605	3088
290	3116
1771	2438
3536	4461
2495	3175
4171	5011
2722	3364
168	3568
1185	2347
2200	4607
3883	4908
1345	4177
3116	3870
1657	4703
1639	2410
116	4778
926	4271
664	4813
1690	3071
971	4970
2755	4156
3739	4457
268	925
333	1212
3739	4617
1670	2472
3131	3493
1422	4199
4193	4848
2378	4051
46	3493
2478	4252
3116	3603
2178	3840
2989	4901
1444	5108
2410	4642
187	550
168	3739
3413	4863
3866	4943
1622	2118
116	4867
2989	4156
3088	4623
1660	4156
2233	2864
2473	2917
3699	4841
116	4749
339	5128
1444	2142
2438	4196
1444	4088
22	5056
2930	4872
116	3460
3426	4905
2199	2904
89	4107
162	3160
1278	2531
3956	5036
983	2348
1492	5015
4362	5038
442	930
2589	2605
1444	3496
89	529
89	3962
3505	4827
2171	3603
2266	4035
253	5068
3174	3231
3114	3489
2153	3344
2011	3619
1791	2544
2564	4814
979	3105
2118	4342
855	3344
1202	2153
116	4199
2278	2931
589	1781
4674	5079
1667	4375
1617	4642
4088	4923
1863	3984
385	4307
3121	4393
207	2079
914	2495
1430	3121
111	4972
2704	4318
3044	3810
4480	5153
1149	2835
1521	4488
36	2835
343	1444
892	4525
1346	2174
2232	3404
2437	2541
2079	2775
1781	1873
3826	4525
218	1624
1424	4156
1408	3756
1884	2224
1313	3810
833	1920
3866	4021
3276	4538
86	516
2327	4271
1430	3505
1994	3164
3104	3198
1430	4960
2593	4798
2835	3636
4196	4393
1533	3486
4463	5095
116	1921
1537	3352
2385	2562
3417	4988
149	3866
149	1307
1477	3974
154	3685
3466	4785
1873	2699
2205	3116
664	914
69	336
923	3343
4391	4410
3816	4971
38	2210
3399	3434
345	5021
3104	4271
3093	3488
1477	4785
451	2045
3354	4387
660	1876
356	2040
269	1032
2858	3236
4271	4538
3723	4841
2803	4863
3672	3717
3534	3826
137	4500
89	192
2045	5020
861	3414
65	3685
468	503
1313	4271
1946	4156
1202	3330
2079	2948
1081	4518
1139	3866
4292	4814
116	704
1498	2216
1270	4189
3116	3417
116	2750
3112	4830
2040	3153
1626	3769
3381	3534
606	3870
3674	4670
3352	4241
2335	5072
2216	2347
66	187
4594	4598
2863	3116
1408	4525
533	5078
982	1128
3112	3174
326	1658
1313	4644
4560	5146
1422	3409
2637	4880
971	973
2155	4156
406	1661
151	4189
988	2963
2975	4712
1842	2605
89	4598
1460	5043
1422	4294
2555	2631
1056	2989
1546	3952
347	1248
1477	1770
664	3309
662	5038
843	3536
2627	4525
3042	4752
1504	2487
1819	4125
2479	5056
2114	4457
1092	5034
4598	4972
2199	3856
1428	1726
2003	4815
531	2894
347	1617
120	1952
1180	2438
84	4156
3116	4183
2319	3589
426	3218
1486	4156
357	2746
4201	4417
1746	4841
1444	3984
2216	3887
2888	5026
2598	3328
1252	2835
1059	3116
1626	3580
1744	1811
1313	2118
1185	3116
88	413
2459	5027
1207	3542
3935	4156
1686	1980
2216	3677
1297	4156
1015	2904
1224	4646
1593	1863
625	2544
726	2677
310	1954
2605	4627
269	1265
1306	3088
1692	4526
1270	2775
1273	2118
973	3901
2652	2934
1243	4814
4170	4872
116	1176
2015	4156
2348	2687
3223	3985
72	4127
1061	4502
3962	4860
3865	4404
3820	3952
1034	2775
1436	4860
1593	3962
3477	4156
1873	2884
1252	1334
175	2069
2490	4156
1426	2312
1466	4525
2142	4972
2381	4201
1726	3953
1598	5134
2153	3863
1627	3673
1537	5136
2796	3586
2544	2725
116	3922
3237	5146
1306	3138
1243	3116
2459	4417
2199	2406
1213	3309
2118	3164
600	1958
2438	3496
578	1422
600	4524
2409	2438
3116	4827
2062	2370
758	1839
921	2448
1185	4970
67	2430
116	2485
1781	2216
3231	4113
1202	4863
1056	3397
1444	5095
1349	3493
313	3839
88	1671
3674	3722
963	3810
1348	3673
2926	4259
3756	4301
600	1836
2802	2904
166	1187
187	3404
1388	3536
89	4830
3839	3974
4872	4916
288	3217
1444	4186
2625	4062
2478	4301
2350	3116
1727	1749
1094	1213
229	1267
4294	4615
1790	4461
1958	2232
2438	2490
4156	5151
2118	3105
651	3384
1270	2573
4245	4861
2795	4271
413	600
25	1079
284	2079
855	2803
2174	3754
3121	4923
357	2835
699	1598
1597	4156
4113	4841
914	4636
1263	3895
3226	5107
3237	3489
1176	4024
1726	5027
1873	3557
592	798
25	3949
1149	5031
885	4336
1822	2961
2438	3176
1252	2672
971	4336
116	2252
1404	2487
3939	4271
2438	3121
1061	1365
2753	2835
1122	4859
1313	4113
3116	4501
3414	3542
2843	4200
539	982
67	3555
129	1262
3105	3722
652	3500
2299	3107
867	4088
116	4489
963	2799
116	4493
3719	4790
391	4598
89	3810
36	3496
1461	3114
1722	2835
1180	1555
1094	2312
1740	3116
1727	3223
111	3116
1755	4813
1110	4336
116	4970
1454	4670
3496	4088
392	4342
650	1222
4301	5040
387	1920
1746	2594
1393	2438
385	1453
3121	3866
89	4859
1782	3121
1617	1994
1061	2927
2108	2417
38	4415
2104	2507
3456	3536
771	5117
4156	4581
866	4209
3245	4859
509	2108
114	3981
2438	2687
4156	4538
1883	4872
2637	4369
613	1692
4200	4259
2285	3001
1686	2926
116	3957
2058	3568
2837	3409
1108	2006
983	3116
2361	4415
531	3810
3189	4151
451	1442
2409	2863
2304	4802
923	2605
609	5008
1816	3116
573	2145
726	1108
2126	2672
71	2541
670	1582
67	928
1180	4156
2531	2716
2429	3822
1203	4201
3164	3496
1267	3304
473	1608
3307	3568
2037	2092
4196	4480
1881	3354
704	3252
2124	2934
1462	2709
3450	3542
1167	4829
558	704
2312	4035
4525	4889
4156	4625
187	2013
543	1521
2299	4993
3572	4831
1202	3939
704	1252
1324	2608
2605	5011
2181	3107
3381	4640
632	4198
116	3447
172	4394
1428	1444
3116	3931
867	3866
1537	4870
867	3121
1204	2478
413	922
1269	2124
1581	1897
3586	4529
4156	4810
2722	2746
1448	1760
2533	4843
1948	3116
309	2177
4156	4779
114	4525
116	3289
1044	1272
3104	3506
3510	4452
2254	4019
471	2019
1774	4655
2909	4972
1167	1981
1213	2689
573	3198
1585	3198
980	4905
2521	4859
3810	4750
1533	3116
387	4670
3722	3810
2549	4836
3589	4500
1537	2601
926	4045
2637	3905
1461	3489
365	3116
3116	5022
310	3810
177	4594
592	5078
971	2835
317	4831
3513	5122
1313	4525
394	3044
2593	5028
1422	5022
3866	4410
35	2871
4156	4803
509	2837
92	1422
611	1444
2108	5040
651	4525
1722	2142
2438	4410
890	3116
291	2625
3116	3307
3612	4970
3029	3116
3116	4021
472	4156
92	1430
2448	2704
652	3850
2625	3680
2216	5071
116	1924
867	922
1537	4711
1455	4889
1092	1272
3458	5008
347	442
1453	1593
116	1210
129	5041
833	3505
1460	4646
246	4185
4271	4410
4448	4970
3612	4759
867	2118
1415	3431
1704	3198
2434	3739
132	4271
652	2154
387	928
211	3116
2108	2468
3868	4156
1953	5043
8	1108
1093	4880
4525	4923
885	5091
3426	4393
313	3493
2350	4271
1393	2370
781	1422
649	3864
2153	2803
1089	4858
2234	2306
1633	1671
1318	3745
1444	5027
192	971
296	3116
1227	1593
1617	2118
8	890
264	1059
2304	4241
387	4827
529	2880
2703	2802
2181	3589
1839	3414
187	4336
462	4525
1546	4156
2056	3116
1746	4231
3769	4252
2040	4026
2555	4627
69	3957
151	387
116	3456
2438	5128
1551	5004
592	686
89	4149
2628	4045
2319	4972
3104	4594
187	192
343	926
116	1110
88	1607
3096	4023
3319	3492
867	4393
2342	4156
1461	2234
1617	3112
2108	5042
2409	2985
1444	3433
656	5068
2203	3677
1487	3149
18	5026
1243	1320
1279	1873
2216	4081
2939	4035
116	4713
1408	4750
4156	4414
877	1727
3536	3586
1467	2406
1546	2852
2216	4463
69	885
963	4965
175	3309
1187	1620
1920	4859
2037	2837
360	2459
1584	1973
2479	2605
870	4554
36	4960
2835	3637
176	1454
4067	5151
1061	2677
3121	3138
1446	2362
4169	4189
963	1462
1453	3944
432	3107
37	909
3285	4165
953	2838
4200	4598
643	2852
2944	4328
176	4880
1207	4798
3018	4156
884	4685
2438	4336
885	917
4026	5156
1537	4582
1222	5145
96	4651
269	2019
2927	4156
573	3568
2118	2476
2190	3603
3248	3488
533	3665
3104	3478
1074	3116
2275	2541
656	2755
743	978
4662	4872
4728	4859
1662	4409
2664	4275
2476	2964
299	343
760	1362
2533	4752
1149	3580
759	4872
1774	3010
4193	4923
1044	1897
1128	4096
1546	1775
1448	3980
1408	2361
971	1671
413	2716
1092	4642
30	1444
860	3189
2733	3116
601	3754
2343	4728
2085	2564
3944	4752
1909	4790
1670	4830
1537	2934
1466	4156
1912	3908
1175	3685
1746	5021
2037	3505
1444	3939
1061	2795
92	4019
109	413
1324	1617
3991	4728
472	4088
1454	4077
1744	4408
4156	4500
1479	2306
963	2884
1994	2290
2216	3954
2351	4598
3116	4201
1958	3717
116	4018
1880	3685
2544	4231
2118	4873
690	855
2605	5021
2755	5153
2015	2118
4923	4943
116	3414
1063	2216
1094	1202
988	4417
2555	3559
2944	4156
1537	3116
1884	5151
1243	4640
2216	3358
3685	5095
69	2321
270	3453
3956	4506
343	3093
1381	2625
2211	3911
1252	5102
35	448
1533	2347
3116	4626
1061	3692
146	1332
88	3708
3685	4415
798	875
2312	4712
313	4814
432	4480
1272	1726
1604	2304
205	3866
2891	3924
1994	4644
1204	1699
142	2479
149	343
457	4156
1085	3982
1726	4361
1638	4113
1524	3866
455	4077
340	4045
1781	4301
3006	5103
2299	4156
89	2985
3116	4231
1286	1782
1633	3792
2605	3808
1479	2066
864	4156
592	2637
1444	1816
1883	4674
147	4342
116	5079
492	2487
2304	2687
88	3518
612	750
1487	3237
1144	3685
1119	5103
2753	4816
3043	3116
2362	2725
1404	1571
750	1032
909	2147
2079	2438
533	3114
912	4149
1596	3116
1108	3864
345	1766
116	270
3695	3958
2019	3592
1227	2892
2118	2506
1948	2511
222	3866
884	4301
116	3621
1850	4390
4156	4461
651	2847
653	3116
838	2605
69	2216
2409	4034
706	2706
1914	3414
2957	4538
4125	4272
4156	4480
116	573
252	2216
1117	4970
533	4406
343	3994
3068	5061
1839	4180
1408	2961
3756	4318
1122	2472
1428	1537
385	928
89	2490
89	552
241	5128
4271	4863
98	2482
1429	4201
119	4272
1492	3323
1610	2255
4156	4470
2725	3673
4393	4480
2045	4292
2232	2539
711	4086
38	2889
1826	2605
2922	3603
1432	3354
1537	2124
2627	5153
2156	2904
1092	3797
3104	4588
885	2424
2199	4017
1180	4196
1658	2473
1270	4646
2216	3428
2342	4336
2746	3176
3116	4037
1227	1633
1149	1444
748	3566
3505	4923
1213	3127
1816	4271
294	3685
4558	4646
1781	2438
343	1661
88	231
448	1213
1444	3273
1873	3944
1942	2867
4153	4181
1446	1593
1543	1546
864	1463
3016	3307
11	3116
3339	4250
2506	4156
613	3498
2142	2803
1884	2145
2409	3426
4156	4424
921	4970
613	3975
3810	4301
2348	2835
370	749
2406	3519
3116	5004
222	3722
88	2348
1034	1176
1119	2835
89	928
116	2951
773	4743
2181	2704
2627	2653
89	222
589	3820
3309	3685
3628	3851
18	2070
116	2749
1840	2991
1148	2476
2959	3542
2672	3887
2118	4583
195	3941
2362	3808
1966	4342
116	3515
2672	4568
1289	2362
4193	5145
2959	3204
3496	4525
1061	1313
2605	3478
1938	4872
699	1719
448	3769
67	4861
3381	3388
1030	3747
116	206
1722	2775
2433	3837
4591	5068
3116	3810
2092	3589
1661	3116
726	3609
3863	4201
5040	5128
4156	5078
2653	3722
162	652
921	4415
272	1430
1996	4525
890	2118
589	1808
1604	3121
116	127
2142	4943
1281	1390
2125	2672
1324	2894
322	3810
652	925
1000	2605
1252	3357
652	2695
2433	2858
3259	4125
11	3996
116	4194
1426	1446
313	4993
982	4096
1980	2342
3289	4547
3344	4525
1816	2013
4329	5027
89	3138
860	3116
2775	4827
2989	3665
149	1862
1119	4186
1494	4915
4393	4972
241	5043
1462	1548
2013	2884
2660	4156
378	2884
899	1061
2483	4620
855	2810
4170	4183
2153	5008
4096	4156
309	5151
2598	4605
1703	2531
2299	3636
903	962
122	3397
1764	4156
116	3374
38	4375
1422	3840
1258	1818
1546	3856
89	1250
151	4636
3510	4077
2142	2544
4156	4258
1995	2835
3591	4711
1722	3114
1090	4841
867	2567
2110	2433
963	2487
1533	3840
1149	4728
272	2710
1873	3863
1897	4721
2939	4588
1920	2803
3566	4560
149	2755
4361	4210
4662	2541
2216	1422
4380	2478
4149	3536
4181	3535
1117	921
5080	4646
4111	618
2660	2438
5098	516
4872	2689
3248	1185
4241	1822
4798	1839
4493	149
3717	1213
4813	3153
2605	1273
4329	18
4670	2013
4561	3685
4268	2901
2199	2037
3941	207
2438	1110
3810	2660
4326	1436
3576	364
2862	2605
2438	340
2589	1537
3138	1430
4625	4241
3343	795
2409	1270
3309	1444
3962	828
4337	3767
3542	2574
2288	313
3510	2147
4301	1450
449	19
3210	12
1692	1149
4779	828
4391	2347
3107	224
4646	4151
2617	866
3935	2573
4051	4046
745	92
3592	269
2426	1537
1692	492
3484	417
4127	3602
1287	1058
1444	1359
2961	2690
3612	1671
4880	2877
1136	564
3478	2216
914	643
1727	1428
1270	205
4955	132
2847	1638
1727	136
4156	3944
2964	116
385	89
2627	2079
4177	3826
3414	3107
3617	664
2961	2097
4861	2224
3116	1741
4863	4326
3116	2941
3810	2118
877	664
4156	3164
507	269
1442	1042
4433	971
1883	1444
3114	1093
3044	1281
3958	2171
2472	1094
3417	2055
3602	2763
2118	1771
4045	3580
2648	2605
1617	1313
3741	1639
3116	1273
1842	742
3592	1243
4156	1128
4171	1269
2947	448
2810	2153
5145	3309
4156	3933
2904	2544
3724	3245
4770	1965
2118	1139
2541	1510
2562	272
4963	3767
4712	222
2637	1261
4404	333
4361	1444
4111	2064
4554	3068
4841	3038
1415	964
3864	2433
4303	4156
3984	149
5038	887
3837	2884
4156	3496
3686	3602
4170	2625
1611	200
4088	1865
299	205
3891	3428
3542	1839
3121	205
5095	1579
4490	3131
2675	310
4064	2672
4156	2145
1692	739
2775	149
2605	1045
4201	3309
4201	1544
3496	3121
3941	1270
2693	1422
3611	265
2511	1938
4971	2108
1822	754
134	89
4156	1450
3580	3116
4714	2216
4156	4035
2358	1727
1699	1660
2716	2625
4156	2545
3153	664
2755	1444
3245	833
3924	2852
4147	3994
3116	3009
4156	3346
4177	3534
3116	1249
4156	3498
4026	269
2670	1727
3304	114
3777	2140
1839	126
3584	313
1598	848
2687	246
1607	116
2625	1826
4122	1537
4560	4017
3044	990
3185	1117
2118	833
3248	2625
3330	29
3411	116
2174	1454
3131	2506
4393	3866
2438	67
5136	4537
866	706
5026	613
3568	1856
1444	542
3114	307
2434	343
4048	3175
2361	1551
4525	1789
1444	176
1836	1422
4147	3661
3164	1782
3061	1444
3984	2775
339	192
4193	1042
2687	1444
4461	1883
1639	773
3870	892
4272	1101
3747	127
2667	750
4923	4393
4358	1727
4795	2774
4863	3164
2181	758
4040	2441
2704	2037
4872	2055
2618	1244
3837	1487
2037	1604
2709	347
5028	1885
3905	592
4358	2216
4814	1032
1629	1227
3996	1863
4452	116
4131	3944
3866	1604
4118	622
3837	2637
2725	2413
3204	2312
2342	1108
1056	539
1139	339
4595	2438
3580	1604
3164	339
2621	1909
4113	1884
2040	1741
2544	176
5159	209
1812	116
4182	3905
2013	1633
5071	3343
3358	1185
3568	534
3548	116
3312	1585
4506	4040
4329	2902
613	38
1461	307
2755	36
3222	1286
3116	1108
4759	116
2013	800
4156	117
2417	2049
2331	1639
953	791
3948	390
4369	686
3825	1460
1885	1811
4021	1180
4614	2050
2326	1995
2672	974
4908	4156
3777	1596
1454	884
1444	38
4712	3591
4711	4615
1798	1063
4461	4052
2013	89
1430	472
2753	200
2362	1145
1272	1119
3932	1422
5138	1270
4872	2142
4107	3536
4538	4375
4103	1253
5008	5004
3245	2653
4151	2660
3245	387
2934	1430
4329	1948
4360	3116
1163	651
4035	3121
4841	3104
3883	14
3175	492
3344	345
3104	1942
3116	2729
5091	3574
4021	387
4798	3542
4524	2835
1884	168
4728	1444
3866	36
1108	65
3116	2611
1332	88
5095	2126
2479	1413
5102	2438
4646	3116
3842	1281
4861	4481
2884	2743
3116	1722
1227	1093
4386	3105
2593	2388
925	322
4725	3488
3116	861
1558	1251
5080	4558
4417	622
3116	1704
4776	4077
3285	1194
4365	3116
2894	1694
4770	2220
4381	1839
5011	2216
4381	224
3840	3088
4271	1058
4765	3116
2544	116
3741	3672
5146	748
4271	38
5022	92
4730	983
4415	3536
2079	1445
3116	538
4149	798
3493	2544
2672	2479
4909	232
4685	67
4406	116
4147	2835
3375	677
1678	739
5095	4113
3506	3370
4156	2802
4156	2731
3450	1625
4861	4615
3752	1885
3488	37
2799	2660
3116	1781
2438	1466
3237	451
4481	116
1227	116
3116	1359
4830	3866
3722	315
3321	3107
2835	322
1444	345
1521	313
4589	3644
2926	1865
2406	2000
4125	2442
4780	2904
3107	1626
5128	88
4752	1337
3555	2438
632	289
926	686
2835	690
2964	2110
4554	3686
2653	2472
2430	1339
3561	2531
2476	315
1771	222
3763	881
4525	1958
4359	4156
618	149
1187	866
1422	503
1563	1543
3962	385
3236	116
3493	2703
3402	116
1461	116
5138	4821
5065	2216
3792	3449
3208	313
1883	589
4502	1537
1883	1604
3344	1351
4651	2438
3843	176
5079	4830
2593	1207
875	88
2254	2216
509	343
351	89
3603	2293
2085	1793
4651	3138
4156	1602
4930	3870
4271	1270
3866	3164
4525	978
3777	2307
4386	3361
2347	1119
2259	652
3088	2803
2544	1712
3602	1996
5038	2862
3792	1061
2909	2065
3266	413
2637	2199
2118	1272
3515	1415
4872	3939
3851	347
340	205
3295	1727
3043	181
1446	606
3478	1809
1559	877
5063	1546
2114	856
4326	3121
4480	299
2951	2353
3450	1765
3816	1546
2934	2285
1980	302
4369	4129
2862	1185
1709	493
3589	3116
3413	2909
4336	2871
4860	1703
4735	1477
2989	343
2706	2562
3116	2281
4189	1442
4095	116
1444	492
4086	2438
4170	2216
1061	726
2312	1593
4985	1839
1774	116
4831	3116
3164	3138
4802	1822
2108	2003
4766	4113
5102	1727
482	116
4642	4156
1108	928
2013	1117
3609	116
4111	2803
5004	4712
1128	1056
4525	3949
340	111
4539	2605
2926	1980
4201	121
4181	539
4673	4156
2584	1422
4126	2726
5155	4156
4001	387
4271	3591
4620	2476
3116	2951
3991	2438
2506	1958
3536	343
2625	1666
4798	3589
4156	971
4480	4326
4186	706
1704	1324
5102	4480
2964	2350
2594	1692
3370	2218
4156	3222
2884	2864
3444	2118
2957	1267
4158	1185
1579	877
2810	1302
2810	1524
2427	269
4558	1227
3807	2704
4750	246
4170	3456
2573	116
3100	284
4200	1865
4361	1044
4156	2947
4752	1816
4387	1442
1958	79
3823	2598
2101	1727
4901	2586
1286	36
3245	1920
4156	1202
622	321
1385	116
1313	1292
5004	903
461	269
4018	3878
4271	3352
3488	1727
3519	1334
4252	3142
851	89
2653	1034
3939	3088
1920	529
3352	2476
4414	3685
3747	1334
2605	1933
1422	1294
3797	2312
2810	1883
3116	1404
4605	2124
2775	339
4040	544
2672	2177
4480	855
2820	1880
4663	3116
4728	3989
3116	288
4380	2541
3116	1870
3984	2835
3204	1362
4219	988
2835	509
3122	670
3731	2438
4268	509
5095	4244
2567	343
1726	1543
4517	92
1935	670
2951	14
2835	1110
4176	313
4241	754
1692	866
4156	2584
1811	670
3773	2118
3153	2085
2429	36
4046	2605
3185	921
3948	3116
3259	320
3381	2895
3489	3358
3061	2034
4859	3797
3769	1430
5110	2625
4000	3116
2216	253
3248	2230
4412	1876
3984	2216
1444	833
4547	3116
3962	231
2070	1185
1245	1136
2805	1033
4201	3344
2564	2307
5151	2584
3792	1210
4905	3061
1883	1430
1616	239
3046	1585
222	67
1202	205
2544	72
4391	1119
5008	3352
4189	1477
3933	116
339	205
3773	192
4889	1444
3566	1487
2947	1626
3319	3116
2011	1454
4872	3088
4506	815
3330	3006
3116	2884
4480	4271
4554	3569
3685	622
3722	3639
3866	142
3753	1292
3138	3116
4156	1578
3138	3088
5133	4156
1533	1119
4169	795
4582	4329
3343	2122
2894	177
4017	2731
371	116
3116	2712
1722	1444
2803	1306
2746	1030
4186	2265
3067	89
4162	2438
4905	985
618	387
3218	153
3493	3452
4728	246
4561	38
4943	4088
4970	195
4060	3116
2186	1430
4798	4554
2810	1695
3739	2049
3237	791
5108	2755
2627	2048
2904	116
4336	71
4970	3851
1444	1202
4480	1180
3090	116
4901	539
3153	2564
3717	485
1990	92
2216	256
2934	1771
4113	867
4640	3107
1546	1136
3009	2541
3917	3116
2901	1198
405	284
2003	1746
3428	2319
3061	1108
4110	69
3654	2704
2118	1504
5122	5089
892	67
3407	1187
3210	2531
4201	2849
3611	3116
3692	1460
4538	2057
3112	1306
1825	1811
4640	29
3819	116
2706	1461
4495	3591
2748	2479
4674	4623
4253	4156
758	126
2829	773
3107	2385
4562	3116
1351	28
2199	1334
3984	1909
4169	613
3957	550
2831	119
4156	305
3510	1444
3996	3086
4825	4023
2540	1294
3116	465
4156	2419
3413	1938
2774	2438
2013	442
4734	1444
5146	3754
3763	2564
2319	887
3559	1873
1898	1839
4095	1597
4156	1812
4525	492
4156	1733
2605	1996
3881	3116
4878	3783
1546	866
2555	1579
4984	2299
1108	618
867	406
2810	299
2627	618
2835	2114
1966	309
387	192
2468	1546
3067	552
1436	187
4598	704
2891	706
4525	3984
2803	833
971	875
2750	2427
2362	1108
2492	1770
1180	1139
3837	1906
2048	340
2442	1819
3984	2547
2735	1686
2617	1582
3121	149
2210	651
4591	4156
4560	592
2417	116
4923	4045
1912	1486
2746	2438
3116	1695
5162	116
1918	394
4189	1726
1883	1302
4525	1771
5095	116
1440	187
4790	2255
3576	116
1913	1842
3810	1633
4156	1139
2062	758
5128	472
4201	3559
2304	1822
3164	1202
2037	224
4301	3561
5151	5004
5004	925
4739	2118
1381	652
3385	1487
3584	983
4271	149
4495	2110
2118	1584
3116	1890
2627	2142
3484	921
4750	88
4271	833
3344	3175
1912	1726
3381	1253
2704	1494
4051	1741
5112	3637
3352	1502
4525	1599
5128	1625
3478	1933
5010	2871
4615	2438
4670	187
4832	866
2752	187
3245	2521
4156	3510
4870	14
3962	187
4830	448
3116	2324
4651	116
2706	1771
4156	309
3578	2476
2735	391
3672	1408
4723	3568
2138	74
3752	1108
2396	2199
4170	2862
4307	600
3665	539
1142	592
3286	1791
2019	1032
3722	2991
4684	3972
3323	309
3414	2342
4670	2888
4474	1061
2814	116
3116	811
1755	767
822	89
4043	2846
4728	4393
2605	1422
4196	4156
5071	2835
3352	3210
4482	114
3739	2108
4712	2438
5068	4970
3984	3637
4814	3977
5102	38
2118	2110
4365	1446
4612	116
2860	1873
3088	1873
1237	116
2118	892
4284	651
4156	1906
1685	533
1537	1045
4635	881
1807	116
2573	574
930	347
5136	28
3831	3116
4907	4674
4320	69
3114	2672
2931	2704
4493	2653
585	116
1667	246
4598	2216
4525	2118
472	89
2567	406
5146	3905
3773	2438
2438	135
4261	1626
2835	1444
4156	151
5121	116
1217	116
4863	1444
3344	2118
3941	3579
1085	953
4450	2438
2846	1086
4156	3376
3456	2541
3496	3404
1426	800
4598	1444
5078	3237
2023	1873
3842	3044
1703	1483
4605	1510
4461	1453
3277	2605
3559	1176
4554	3209
1847	1593
584	246
4656	2037
926	345
3972	2864
5015	3962
3116	265
5122	2417
2934	1021
2429	1108
4292	1243
2985	25
4393	1782
5128	1306
4328	1007
2750	1253
2327	116
1853	116
3702	116
2690	2184
3401	2491
4598	4156
3116	402
3208	2762
5026	1840
2263	1185
4583	192
4830	589
4502	4487
3975	3413
2118	38
4022	2951
4382	1546
1900	922
5136	2199
3953	1030
4538	613
4271	37
4156	2666
5129	4156
3825	2254
3484	22
1741	872
3304	2687
4326	3138
2487	686
3837	856
3486	116
800	284
3792	2699
2409	1537
3939	1670
4525	1390
4397	2511
4196	205
2181	1477
2216	1812
4684	773
3911	3123
2062	1744
1422	652
5008	1524
1305	675
4951	4615
1891	129
2171	953
2544	855
2149	1819
2847	2605
2746	2443
1444	1286
3361	132
2062	1623
1521	537
4526	2216
1122	1108
3572	3116
4461	3323
2934	2235
1061	418
4294	3536
3792	2722
4908	14
3754	971
4156	3527
2409	343
3697	116
3114	833
1920	1424
3837	2877
3747	195
4301	1777
2385	1839
2478	1548
3218	132
4848	3307
3088	472
2438	1446
2584	116
2913	2593
1492	1248
5146	980
4397	1504
4022	2353
965	652
3767	3231
1460	726
2034	1093
4417	1910
4841	613
3376	833
3116	241
3808	18
2362	271
3067	116
2909	2656
3134	417
2755	833
2726	116
4030	2582
1789	1444
2547	1446
2863	726
4186	2562
2011	601
3579	200
3810	2057
4252	3810
987	971
1408	30
4126	517
5134	1324
2057	613
4271	492
4750	1108
5145	1444
271	116
3431	516
2775	246
811	224
4064	1722
2259	2106
921	417
4748	2199
2582	2230
2023	1537
2858	985
4107	843
4193	3399
4113	3816
116	43
4547	387
1666	1448
2678	10
4002	1836
4103	253
3756	2562
2003	509
5080	1571
1378	116
5134	393
4770	145
2342	2327
4739	192
3135	116
3375	2511
3839	269
2605	288
4156	2013
1824	239
2118	1994
4271	1946
3381	2971
5128	67
1015	917
4831	2621
4111	3701
4156	3185
3250	1430
2232	1256
2706	255
5129	2438
3100	2541
1461	592
506	455
4972	4863
3107	1265
3956	116
4183	1897
1865	302
3452	2582
4361	1176
3116	1692
2521	2472
4955	4703
4817	4045
5008	2567
2820	1281
2056	131
1744	1692
1537	136
1994	1313
4644	4642
2837	2370
4311	660
1176	994
4778	4156
4827	89
4798	1623
4336	88
4651	800
3635	2511
3175	2438
4156	2628
4031	3456
3879	1546
3236	2394
4001	2653
1202	88
4506	2843
4397	2893
4201	748
2774	89
5072	3493
3289	89
2442	320
4515	2544
5043	5040
2934	1692
2342	1626
4393	2775
3717	1180
4480	2755
2687	2586
4554	3107
4201	96
4525	1430
4358	2901
3843	1108
4412	2156
5107	4495
3414	2181
1626	542
4062	116
1692	114
3237	748
4480	1524
978	600
2370	758
3569	3116
4770	29
2406	1807
2138	2019
3847	89
5020	644
2118	639
4432	2438
4040	135
4217	3116
4668	1213
2085	1294
3107	1839
2672	890
2858	1607
3954	2544
2672	2468
5039	499
4156	2617
4591	2843
5065	1213
2802	2335
3940	116
1727	1156
4863	2173
343	65
2056	1870
1765	89
3649	3515
4711	1727
4984	2564
4880	3754
1953	343
5063	1913
1444	930
1093	748
3944	3603
4626	2234
4058	1686
3199	1809
4537	2492
3426	2835
5008	4651
4547	1876
3414	2370
3762	1346
4156	1122
3493	3304
4252	601
1042	455
1671	1117
4655	1670
2939	2142
1622	313
4209	3974
4129	903
5159	4020
928	601
4078	311
4872	574
3586	1593
4526	1593
3568	195
3586	417
4122	1185
963	890
2362	618
3837	1461
2780	2474
3752	928
2833	1270
4525	1454
4018	2605
4301	413
2672	1015
4502	3908
4827	119
5031	3880
4785	3262
3718	1537
3586	3484
3496	974
4674	2203
3742	1324
3840	3797
3584	2348
2829	1537
2835	88
3589	3107
5158	116
4113	2544
3503	1502
5031	2775
5068	3247
2672	1261
3116	1180
3548	529
3116	569
3984	2319
2796	1861
1342	255
5102	116
1593	417
4951	3536
3866	928
4598	2118
4156	1555
3637	3602
4595	4526
3358	1727
2108	263
1453	921
1884	1704
4201	2069
4019	2867
4752	1667
1108	168
4156	514
2689	1270
2464	1198
1108	914
3807	3116
2234	2216
3766	2774
5072	2763
5010	3962
5108	1058
3769	1727
3489	1818
4180	3414
4525	2210
4861	1703
4156	2175
4110	255
4156	149
2891	263
2864	1781
4239	116
4329	4255
4259	1865
4656	2092
3953	1537
3908	116
4759	3628
4588	3579
3160	1194
4035	116
1912	326
3742	2307
172	116
4201	1791
2725	1726
2142	299
1446	391
4836	866
4993	2378
4895	1774
5004	268
5008	1430
3944	1746
3518	928
2685	116
3591	2285
815	151
4111	339
4156	3191
5070	116
5108	4358
4972	3121
4778	2959
3361	1504
4827	4598
1426	600
4619	1948
2362	509
1546	92
3754	2991
2342	1352
4623	3559
2288	877
4156	1809
2625	448
1444	246
3603	1863
2118	613
2564	8
2535	2341
1848	1839
4360	1499
2564	333
2327	1101
1537	923
3105	343
5146	116
3331	1591
3083	1085
2746	1479
1479	953
2266	89
4830	2810
2835	2011
3107	19
4326	618
4705	3116
2539	116
3686	855
2704	1533
4827	3580
833	111
4908	2312
4850	2267
347	200
2799	2110
343	339
2755	340
2331	116
5079	4943
750	449
1430	800
5091	1883
3797	2625
2438	558
4861	1953
4646	2835
4111	2216
1117	442
846	116
3466	1504
2547	1108
4175	22
3905	3237
3116	3104
4502	4156
3536	618
3939	2939
4651	855
4470	632
1270	272
4461	2726
4795	1085
3542	2040
4655	2939
3579	2775
3779	2593
1306	903
4524	2917
4708	4201
2479	1015
4271	1617
3614	2948
4208	2216
5035	357
4183	1692
2065	1501
3450	3116
4467	2479
5063	2108
4598	3866
2507	1744
3586	3478
2327	1444
1415	743
2589	1726
4985	3777
4751	3392
5151	1324
4238	269
5020	4026
3012	92
4114	2858
4272	1869
1727	193
4186	1548
4156	1883
4673	1444
3175	2948
4275	269
4711	2224
4908	2216
1847	376
2948	1444
4670	2328
2299	449
2406	1655
3043	1692
1408	963
2934	2066
765	116
911	272
3636	313
4982	4651
4538	4113
5159	313
4712	4149
1912	1585
1704	573
3116	2268
4655	2142
3488	985
3328	1512
2653	149
4982	2406
3557	2522
1667	1477
3715	2582
4201	4131
3589	1455
4336	89
5034	4113
2438	270
3460	2893
2362	272
4181	3503
4156	3339
4064	3237
2290	585
2637	649
4367	305
4836	2605
4907	574
5146	4880
3428	1243
1454	930
3580	1139
2306	1108
3220	2438
4972	3939
4905	1108
3116	180
4008	1670
2934	2666
767	116
2687	253
1598	550
4656	116
133	116
3086	2181
2335	2311
3542	3048
743	192
1252	343
4619	2483
2417	1726
3731	2555
2118	763
3851	1671
1912	1429
4170	2544
3231	1444
4776	89
4301	1067
2605	2160
3488	930
4386	294
4156	4001
2321	1836
3175	2230
2913	1873
4156	4110
2282	1436
4156	1952
4271	1510
4271	1923
2917	1422
4271	205
4499	116
3484	38
2547	1873
4448	930
2963	1726
5008	1302
4655	1883
3754	3237
2735	808
2342	1128
4045	1883
4201	564
1211	116
1563	662
2704	1074
4151	1030
4326	2544
2216	652
3493	28
4955	1752
1660	132
2473	347
5072	2584
1942	1647
4529	2625
4461	3204
3505	339
3680	3536
4802	2835
3866	406
3164	2177
4949	343
3484	2013
3635	670
5095	2625
3724	387
5128	4271
1858	116
3116	2514
4467	2904
5102	3071
5008	246
1722	339
1546	176
3941	639
2631	1546
129	114
3116	1107
1900	964
3536	1454
3777	3048
5026	3639
4461	2438
2739	2230
2593	1251
866	79
4525	2835
3682	116
1695	1617
3803	116
2197	1537
2823	18
4861	2198
4156	134
3116	1582
4483	116
4752	3672
872	69
5040	3586
3558	1463
3116	2752
3731	585
4199	3116
2118	1428
3739	3673
4734	2230
2013	921
4156	4078
4156	3600
4035	3067
4156	1816
5158	313
2492	1897
2437	569
1744	901
5146	2801
4960	300
3924	3247
4023	2605
1226	116
2775	2755
4816	1104
2142	1202
1598	393
1002	18
89	12
4646	1912
2778	2479
154	116
4111	1593
451	449
4863	3088
2871	798
3198	1598
5011	187
3847	88
3237	1093
3114	3061
4646	4525
4156	6
4651	3067
5134	4850
3576	1543
1784	1727
4125	320
4863	4525
3589	2438
3753	116
4746	2605
2929	1451
3628	347
4815	4095
4949	1444
3307	92
3116	1365
3116	784
3392	3244
4365	2857
2582	2556
4156	1862
4156	132
4830	4480
3589	1623
2282	299
1884	151
4617	116
3493	2901
1740	1333
4550	116
316	116
911	116
4655	589
1454	116
5145	2490
4156	3851
1744	611
3061	748
1180	205
3843	2541
2687	2015
3724	1720
2070	1176
2835	1466
4711	4149
3484	364
3489	1093
4316	92
690	610
3116	1354
4635	2811
3295	1149
5042	2473
1604	343
3505	3114
3644	750
4433	1670
1625	255
1136	124
4019	1727
2926	391
3107	1032
914	639
4410	3496
5010	2478
2381	116
2755	111
2562	2342
3344	3153
1213	574
4147	320
3840	2358
3962	67
4598	3548
3175	3100
2573	2342
3198	393
4480	3458
4525	2537
3289	339
3116	2023
3681	116
4949	613
3237	987
4723	578
3747	3566
3114	2437
3754	3114
2989	539
3116	65
3486	1092
492	67
2533	116
4728	2755
3121	339
1537	272
4255	1537
5045	2118
4271	726
2835	2763
3506	88
2593	1839
2573	917
592	307
385	187
3754	3566
2034	1461
3164	149
2621	2127
1667	272
2049	92
4328	1858
2278	116
4750	2835
2687	1108
390	92
3354	799
440	116
3116	200
4156	1625
2889	2261
4046	2544
3488	2370
4598	4111
1185	310
4360	4023
2672	1722
4646	1119
2349	2216
4870	2353
2145	1598
2666	1444
3116	2181
462	25
1352	391
4045	2795
1258	754
1958	903
3957	1739
4825	4770
2048	111
1248	1117
3259	2149
5056	347
2932	2892
3685	3426
3006	1524
4674	3006
606	358
4728	3357
3357	833
4908	2951
3637	1460
2852	2495
2904	1958
3742	3198
4271	611
652	485
2736	534
3703	343
3424	3116
3891	269
4271	3474
5102	4113
2985	92
2755	25
1444	726
3603	1504
2835	1453
1807	74
3032	400
3116	1187
1002	116
2023	1671
4156	3242
2930	2625
3612	22
462	284
3536	855
4861	4759
4735	3568
5003	116
4186	1462
2040	1136
4880	3061
5138	3160
4085	333
3939	1430
3589	3548
1461	533
4988	1911
4231	1873
1243	8
4598	880
4369	1727
387	339
3413	451
4664	2482
1873	584
5146	2174
5122	5063
3218	848
1670	299
3321	2555
2370	313
4126	1830
2040	1253
4474	3810
4640	3116
3536	1552
2181	866
4776	758
5068	4156
4674	1602
4830	3138
345	28
4776	2342
4201	2771
4031	3561
4872	2771
3496	343
3116	262
2704	2180
4165	3160
3756	1546
3307	2479
5122	264
2535	1770
3489	2877
4651	3344
3199	2539
3167	3116
4960	2395
3637	3176
1007	988
3974	2019
5004	2909
3864	343
3104	241
4960	246
4122	1289
3839	2040
3758	1404
4943	4040
4863	339
4740	2118
2951	671
3572	3428
4342	2057
3104	1537
3884	2308
4019	400
4129	1426
1777	971
5089	3245
4752	322
3488	1897
2476	843
2490	799
3116	1453
994	677
3067	1108
4271	3548
4972	4670
4827	3121
1912	1537
3602	2799
3237	1906
4480	111
1306	1180
2889	1966
2398	116
4159	3361
3178	3116
4272	4110
3376	340
1408	187
2989	1128
1422	1393
564	92
2216	310
4923	4326
4001	3724
1324	309
4905	1462
2864	2118
928	231
4872	855
3786	2199
4170	3952
4198	1740
742	92
4567	639
4949	2835
4113	322
4798	126
4685	2985
2546	1187
4827	3164
1952	1165
1251	79
3131	2254
1741	269
2547	2064
1692	704
4525	255
3116	600
1597	1537
4843	1722
4537	4486
2625	142
4830	2852
1836	496
387	137
3361	471
3950	247
4984	3208
3328	683
3414	1622
4651	1524
2653	387
5078	3837
4529	2216
4406	2145
4336	3586
3614	284
3116	2777
2216	136
4040	2672
3116	1709
1265	726
4129	2410
4594	4113
4156	246
2939	1524
4156	1606
3696	3536
4088	3121
3428	2307
1865	1686
2177	609
3810	926
1617	1272
3941	2755
2506	2011
2306	89
3434	272
3754	3489
3245	1058
4830	3685
4908	3104
4525	2048
1205	116
1744	1020
2048	1180
4088	3866
3198	309
3012	2199
3580	387
1914	758
4463	3879
4271	1359
2904	1348
652	72
5068	4728
3116	2607
4012	1897
2901	250
3677	3605
4891	3116
5015	116
3786	2479
4021	149
2871	89
3584	42
3488	914
3972	1581
2942	272
4252	2256
2434	1455
3407	321
4271	2628
4171	2232
5027	925
2863	606
1756	1422
5068	1777
4156	3253
4110	973
5151	3536
2564	2019
3800	187
2838	791
2667	269
5079	2909
4830	1202
4156	1164
4410	4077
2312	417
3885	3589
2835	1584
4271	88
1234	652
3088	1727
4861	2145
3905	2034
4759	517
1703	1272
3127	1313
4156	4129
4547	339
4002	2547
4393	4271
1818	1273
4189	3328
4201	3739
4539	1626
4129	773
4525	913
2877	2034
3131	151
4850	151
2746	907
5080	828
2203	1108
4480	1306
3939	3866
1367	542
2155	2118
4905	1454
2406	2049
4970	347
3116	3095
3847	1671
1598	921
5068	964
3972	1760
3086	11
4525	3433
4502	284
1906	748
5041	4267
4271	3870
5107	2835
4970	2145
1267	67
1897	1448
3753	22
2290	142
5108	2125
3361	3116
1965	1136
1461	150
4487	1477
2495	65
4743	1499
5031	246
4976	1117
4734	4156
2438	2394
4984	8
2690	114
2991	385
1599	1313
4827	1782
2959	1526
4415	3116
4663	4619
4526	328
2118	493
1722	985
4159	1699
2731	1176
1015	69
3847	3568
2682	1752
1938	1726
2230	13
1873	1666
2930	2605
1662	38
2555	253
4916	3876
3208	2643
1811	1582
4770	584
4615	2473
3164	664
4581	4271
4201	34
4347	4095
4358	3701
4045	2177
3917	25
2645	1873
5071	3116
4267	116
3067	928
4193	2904
3962	1840
4326	3492
1485	1440
3536	2438
5071	2605
4271	111
4022	187
1727	1543
2627	1149
1593	1094
4970	4670
1243	750
3810	29
4840	2438
2118	207
2871	88
4417	1007
4614	3116
3542	2837
3071	2521
1873	69
4728	2034
4170	3343
4194	4162
3404	3116
4646	2672
3116	51
1898	758
3617	914
3574	2864
4480	3939
3685	116
4620	1948
3739	1546
4960	116
4151	2746
2511	2259
4651	1185
4086	881
3116	1913
3338	2108
3963	3493
3116	2680
963	652
3488	2858
3344	3199
2216	1239
2199	1889
3980	1108
4560	3754
1943	612
5020	3407
4271	3536
1187	381
4598	3754
4656	1207
2722	2216
4193	29
2846	2605
4640	2835
4149	3518
3536	3116
3428	269
3116	47
3589	2385
4701	3381
2531	89
3580	2118
4271	690
4459	3361
4238	1666
4156	2177
3114	2799
4156	802
4568	4156
3175	345
3277	3199
5091	3939
4861	309
3489	592
4712	4615
3153	914
4153	1108
1355	114
4872	683
850	119
3121	1202
4554	2528
3356	1430
2704	861
3609	28
4848	3328
4271	542
4623	94
4655	3112
4668	4156
3566	3116
2406	92
4160	1010
4271	1771
4156	2651
2554	1836
3488	2114
3164	2755
3825	2295
4358	120
4316	917
5122	3786
4463	3116
3491	2108
3745	3116
2682	74
3566	601
4196	3121
4443	1973
2177	207
2755	2048
3659	3309
4558	326
978	116
5008	3088
3343	271
3808	3343
2573	1108
3506	3433
5011	903
3116	911
2835	2438
4156	2904
4264	2118
4030	2901
2755	1061
2506	2490
1061	345
3116	705
2835	2650
1774	252
4987	2555
2483	1692
4110	448
1633	116
4803	116
4863	1661
3095	2410
4487	3767
4476	2521
4156	851
3116	2715
4268	3343
1695	272
843	88
3566	2801
2118	913
2347	2290
3534	1345
468	98
2216	92
3579	1176
1741	1108
2753	343
4727	3496
4113	2343
2429	1454
3724	2521
3100	1825
4533	4113
4615	1953
3754	2877
926	92
4908	930
3116	2183
887	391
343	114
3247	855
5035	1248
3696	3116
3048	116
5015	3708
3138	589
4584	2547
425	269
5091	4201
3114	1528
3747	1021
4728	4021
1510	973
985	980
3236	705
3974	1504
2625	1063
612	116
2600	116
2948	2743
1455	861
3924	3756
4723	69
739	187
4336	2064
4151	2342
1537	153
2013	1671
4791	3810
1486	1149
2366	1585
4908	2013
4795	385
3458	3116
3773	114
3116	670
3498	429
2319	1108
4525	269
640	104
911	739
4891	116
2637	1461
3579	3488
2605	1953
2013	1185
3104	224
4271	246
4156	3352
4294	1847
2983	956
4156	85
3164	3121
4798	116
2934	1727
162	67
550	481
4271	22
3742	1884
2582	2106
3185	1671
3104	1313
4165	162
3704	272
1424	1034
3777	3107
4583	1775
4943	1524
2544	584
4486	4113
4271	2948
1903	1727
2562	1948
3649	3568
3116	2321
4759	921
4752	343
3413	2835
4019	2049
4858	3116
2811	881
3385	985
3884	3153
4880	3566
116	29
4008	3104
3586	971
3426	643
3107	2837
4198	2361
4960	1444
3114	2755
4821	417
4118	2643
4646	2118
3870	2118
5040	88
4448	548
4019	291
3637	1617
3107	806
2835	2347
4830	1883
5015	4870
964	921
3493	2930
4830	4651
3944	2605
2312	2153
3686	848
3116	322
4870	3883
1948	1625
1537	794
2006	1286
3747	1655
1504	394
3153	750
3413	1744
2118	129
4972	300
3116	42
3237	2692
3116	1946
4156	2849
3385	1454
4640	2216
2584	1953
2952	664
3404	928
2763	2541
3116	690
4863	2939
1692	1390
3696	2282
1552	1059
4893	4752
5072	894
2901	1393
3108	2605
3939	3121
3810	30
1873	72
3434	3116
4841	4156
5133	3174
2511	1996
1582	290
2800	2339
5072	2224
2934	1966
1953	309
2637	146
4275	3777
3116	550
4156	2838
1209	1136
3474	1306
4046	269
4740	58
3122	1415
2643	622
5078	3114
3579	2216
4185	357
4271	2490
3974	706
1741	1032
2628	188
4651	72
4461	3586
4582	4271
1596	176
3825	2800
4252	2573
3974	1333
2835	417
3116	610
4064	632
4872	1781
2040	1305
3739	3045
5031	1661
4156	3994
4156	1286
3580	3505
4644	192
2971	2308
4960	1933
4972	3580
2852	1175
3006	89
2487	2029
2625	96
1897	35
4538	3116
3722	2438
4113	284
4110	3962
2823	2118
4043	116
2934	2522
1626	299
4863	3344
4880	343
4153	3665
4943	3580
4363	3116
4880	2692
4412	4311
3700	2975
4406	2349
4165	121
3442	1756
5153	3866
3319	3107
4752	3717
2438	22
1626	584
2410	272
4670	4460
4976	347
2884	2531
5017	3426
2312	1306
3957	2011
4831	4701
2430	2395
2666	2605
3972	3105
1261	726
3609	1847
2586	114
4113	387
4271	1454
1483	177
3810	2894
3116	348
2370	116
3338	2709
4525	1139
1313	742
3843	973
3231	1144
4889	4156
601	307
4159	1204
4113	89
1213	455
4131	1275
4598	3580
3602	246
3116	2985
2835	558
2627	1270
4728	1593
3116	781
4048	3688
2370	2342
2959	1933
4271	4113
1622	1610
2541	2203
4301	385
4156	1175
5107	3404
4765	272
4018	1061
5138	4752
4183	3361
4839	2605
3584	269
4271	2755
3619	2898
1267	876
5026	3783
4493	2521
3754	1453
990	394
4271	2210
3250	2118
3248	3114
4814	2299
4170	2555
4960	4645
4410	1454
4830	2438
1546	578
1524	1306
533	116
2181	1744
1980	391
2507	2438
4480	1782
2306	1548
2851	149
861	116
3685	1306
4841	534
3493	1667
2216	142
4972	3866
4524	255
1563	69
4113	1185
4779	149
3840	3744
2894	1913
1265	209
4349	512
4201	2370
1667	343
3696	116
3905	3864
1428	618
4877	2954
2548	1222
4583	3247
3536	1782
3566	2437
1450	1121
3795	1422
4271	119
1108	1094
1744	1203
4480	4045
1313	613
4196	2118
965	413
4872	1034
5026	4245
2625	1326
612	8
1692	1207
3722	106
4972	4045
3924	1862
2406	726
3949	3116
2216	493
3474	1180
5108	4493
5068	393
1432	1333
5072	828
2406	1085
3677	911
4156	2880
2479	1607
2013	1430
3510	2037
5091	2605
3837	1454
2605	650
4863	2627
2686	2216
913	116
3116	2381
3840	2055
333	269
4086	1559
2852	1454
1444	89
4712	3116
3677	88
4525	726
3691	2148
5008	4088
2476	1252
3701	1393
4272	726
4271	1444
4554	758
3984	613
5151	4149
4800	4707
4153	539
3695	11
5134	1884
4480	339
589	48
1445	116
4651	2835
1727	696
4538	4393
5004	300
2803	299
3666	2343
4271	1122
3285	3160
4406	393
4156	1523
4201	35
4410	25
3358	1537
4821	3673
4171	3226
1633	88
3216	116
2605	2522
3591	2544
3515	3483
4976	3628
4643	3338
2438	357
3116	192
2564	664
3116	2486
3580	111
3977	269
3847	442
4635	4086
3265	116
4908	187
3116	1020
1666	116
4705	4017
2893	205
5122	4971
2951	2079
4131	3330
89	88
3226	2361
2560	1444
4750	3962
5091	3591
3116	385
2216	2065
5061	1020
2361	1775
4151	652
3787	622
3957	3198
2299	2085
1334	69
2775	2627
3974	69
3949	739
3962	1688
4294	2307
4401	1752
3185	1726
2015	1444
4728	3426
4860	2438
5123	116
3513	3116
3518	3323
3185	2013
5102	704
3842	394
4118	1007
3116	2582
3765	2541
3352	2605
3962	413
3426	664
4837	3612
5042	2341
3685	2142
3343	1544
3330	855
2533	2285
378	116
4645	1631
1460	38
4798	1848
4406	1531
2774	2395
2216	1367
3820	1873
3024	2216
3035	1690
3877	1422
5095	151
4671	116
4750	3116
3399	913
2605	926
4156	31
3433	2216
3751	1202
4502	3946
4201	38
4086	343
4077	470
4329	116
4156	718
3747	1085
4320	1108
2218	1726
3478	2835
4480	833
3747	455
3932	2605
3637	726
901	866
2625	1561
773	364
2311	903
2706	2478
3962	973
2934	2216
4088	2142
1444	37
3842	1504
2118	462
1923	1139
3612	509
300	288
1727	29
4711	309
3939	3164
1243	176
4162	89
4860	3703
3747	1479
3753	1442
2118	726
4908	2353
512	116
2312	187
3722	2835
2593	1422
5028	1305
2746	1655
2091	116
2278	558
3433	310
5041	2483
2555	92
5065	116
4798	2385
3116	1761
4156	3704
1454	22
2586	1128
3934	3506
3193	696
2177	89
2703	1479
4714	1727
2605	2279
4560	3837
3449	2396
509	116
2350	2118
5078	4880
4493	529
4156	3486
5056	1911
2835	1408
4697	3116
5004	309
2203	231
4169	3105
4651	1306
3962	272
5153	2775
4387	4156
3536	2605
5072	1408
2316	1165
4830	1430
3580	3121
4750	4336
4644	2835
3116	2803
3775	92
3834	3116
1862	187
3114	2174
2899	30
5151	1422
1852	451
4296	116
4316	3747
2438	1546
3984	313
4923	3112
4415	1313
2690	1818
2430	1436
1444	1270
4259	2735
4294	309
3496	142
2417	2216
5080	2142
3654	3589
4970	2013
4077	1291
4107	88
2625	2358
4867	866
2417	92
4916	4905
3104	1108
4517	3116
4798	2459
2434	2362
4664	1546
4525	345
3116	424
3476	2846
4194	2351
2023	1781
3515	1263
4209	1620
3946	1444
2605	1906
4863	4674
1740	1477
4406	1671
1873	1034
4156	704
5015	2531
3742	1460
5110	2593
1762	74
3116	820
1647	116
5043	4970
4863	1139
3500	2483
5091	4107
2216	2197
5151	2917
4156	1604
1108	313
3330	2478
5065	1537
2653	1122
4156	1444
4723	2541
3506	89
3673	2417
1294	750
3293	2326
4219	2085
2459	224
4662	2560
2171	11
2279	1198
3547	1256
3458	406
3503	116
3107	1914
1746	1087
2514	2118
2555	749
1966	1873
3672	2660
4526	3880
4269	3786
4840	2858
3116	1046
2312	88
1444	200
1122	1058
1807	1415
2593	983
2370	2230
2438	2406
3424	151
3617	1108
4064	3114
3837	3114
2342	302
2468	1305
1504	978
2582	1883
3769	928
4417	633
2593	2307
3116	339
4301	3210
3227	2199
4495	2153
3873	284
3620	116
2216	975
2675	1352
1313	1119
1446	122
4410	4018
2796	1042
4443	3343
3153	2299
2108	271
3810	3344
4329	2823
4943	1139
5108	3289
3492	3116
3424	3204
2593	405
3696	43
3344	417
1946	1454
4712	1836
3754	3116
4795	4149
3866	2438
1789	1607
3866	2142
4525	820
4684	4208
2584	1847
1883	205
5003	89
1061	252
1914	224
5122	4594
4538	1996
3617	2362
1880	162
2438	2224
1437	116
5057	3116
4461	2835
3870	137
4776	2199
4275	116
4301	2142
4712	89
2716	134
1444	403
5122	1211
1430	492
3578	2891
4271	3944
370	116
1994	1958
1662	1461
2181	1207
1422	742
3810	1061
1996	1061
4525	1873
3962	2178
2362	2108
2299	2045
4642	914
4630	3496
4151	151
2438	1933
2362	72
3672	2438
4170	1770
2438	116
4406	492
2701	448
4945	1726
4245	3323
4086	2216
4970	1324
4524	4067
1746	92
2216	1579
4156	3622
4984	1245
1667	30
3778	3676
4113	4088
5010	3426
833	246
1897	1760
4210	1537
3114	748
2062	92
1185	964
2864	2347
3924	57
4916	1722
3589	1207
5039	4156
3754	116
4525	3105
3548	1149
926	800
2555	1765
3864	1607
3633	3110
5078	3754
3116	1746
2709	2216
4750	3231
5031	36
3488	822
4703	1917
4923	2775
4040	121
4752	3493
3500	116
1291	1185
1090	911
1666	1444
2867	1460
3449	846
3493	1242
3116	505
2775	1180
2835	1571
4861	134
3586	1453
4156	129
3889	2312
3617	89
4463	2108
2835	14
1537	180
4820	300
2103	116
3901	1836
2199	754
3714	116
3116	1145
4326	3866
4776	2438
3810	1569
1898	116
4271	1466
3984	925
4410	4064
4311	4067
5129	2406
4524	309
1791	192
3686	1781
3685	664
5153	1932
3414	2385
2740	471
1607	1426
4181	3849
1722	89
4156	165
2716	1492
1839	901
3747	1819
4147	1213
4728	1270
1430	218
4880	1685
4575	1205
3344	2438
3116	2394
4361	153
2547	606
3957	1185
4045	205
2555	574
5042	1546
4271	2774
2593	1752
4872	2582
4052	3996
3116	253
5011	88
2582	1408
4766	1187
4271	3061
4500	3116
2952	65
4480	2153
1913	271
4271	1202
3100	72
4598	3138
4831	750
4927	116
4583	1408
903	316
3116	172
558	22
4740	4525
2148	1865
5038	974
3414	509
1213	28
4538	1444
2672	939
5035	1627
3027	229
1622	1537
4972	4156
3503	2989
3199	3105
4217	1251
3797	1537
370	272
5032	116
4728	149
1884	417
3491	192
4156	320
3116	1952
4594	1692
5045	2544
2216	455
4326	1094
3962	3708
1655	1627
2343	246
5011	4495
4830	3591
4271	2079
1286	618
5136	5122
4111	1034
4662	4605
2939	1670
1180	833
1722	1415
4156	3783
3905	2433
3807	3361
2814	2224
4830	1180
2774	1444
4156	2097
4156	492
4116	2625
4268	1404
2370	343
5136	272
1611	1367
3777	538
3402	3330
5042	4170
3352	2057
554	116
3800	322
4301	4031
3483	2736
912	309
1555	111
3505	529
1091	600
4770	2486
4272	704
4271	558
3891	2307
5136	2796
5151	4311
2837	758
3289	3116
4209	3704
4181	1306
4404	348
2181	1914
4752	1692
3586	187
2481	1444
4271	971
3603	1333
3488	3123
3566	3114
4200	2438
2234	1727
4336	4201
855	296
4452	4201
4101	492
3566	2637
5156	1521
5108	833
3722	88
4930	3116
4326	299
3116	1900
4156	2409
4156	3456
1422	345
3778	2019
4438	2437
4872	4147
4877	1020
3742	1598
3426	2851
2801	2521
3515	2511
1847	309
4309	3116
1670	1430
246	36
2474	1648
2311	1539
1251	670
4034	1537
5031	2627
4918	1333
3218	3174
4196	111
4231	2934
4872	564
971	67
4065	116
4712	1444
1686	302
5095	1145
3344	2311
3771	2079
2574	2015
1294	74
1865	391
4539	2934
4156	2775
4362	885
1633	1117
4355	4301
5008	1202
3603	1477
1119	1092
4575	192
2013	930
5078	1093
4156	1938
4972	1306
3273	2733
3116	2904
2871	127
2709	606
2605	542
4181	983
3742	2145
1781	1666
4149	1444
4949	241
3832	3116
573	246
1692	1291
3579	2864
2011	1584
5095	1269
3797	1667
4201	3597
983	220
5028	1582
2605	310
2867	533
4401	2686
4415	2312
3309	750
3756	1671
3104	1422
1444	907
4829	2541
3167	269
3756	3651
2307	1205
2230	1789
3121	3088
2479	1362
4725	4018
4776	343
3603	2532
4993	2040
3107	758
822	351
2562	187
2726	2506
2434	1430
2959	1430
3685	3104
4271	2476
4457	272
5151	1847
2370	1914
4480	2048
5102	3580
3769	3116
5043	4156
4831	166
3399	1236
1565	121
2457	116
3637	1563
4272	116
881	473
4560	1487
4480	3866
5045	2555
4412	514
4795	3691
3012	1333
2594	2514
4859	1444
5107	3825
4493	1585
2199	1010
4156	506
2178	1537
4275	2896
5020	2085
759	116
3116	558
3974	978
4336	2312
4156	1094
2755	222
2216	1537
3724	1122
2871	2835
2410	914
3675	1709
589	136
4410	339
311	72
2216	1887
4156	1357
2199	92
3589	205
558	133
5095	613
1279	25
2835	983
4655	3138
4467	1774
2348	268
4558	1585
926	300
4598	4393
4156	780
3863	2177
2704	1836
5130	2541
4035	343
253	116
3323	2145
3237	231
2312	2142
4923	1202
2321	1365
4863	2142
4827	3866
4623	2799
3218	3116
4086	912
2541	1666
5078	3864
2118	1789
4637	4041
2835	2479
2544	909
4129	1085
268	116
3591	1444
3810	345
4294	1324
3952	2003
627	116
5040	971
4156	2746
5128	4113
3984	3352
1770	799
4802	1262
4375	3352
3704	69
1563	1546
5008	2438
1337	299
2037	205
3994	2118
5028	4526
1727	1561
3116	696
584	79
4391	4271
4642	815
3685	1840
4209	2753
5042	3116
2951	633
4752	1198
4623	46
3739	92
4156	4081
2040	2019
4156	2937
4830	2006
2402	1462
4770	1367
1537	1463
5159	269
5031	339
4656	3542
3180	51
4841	1444
1958	1152
4537	2507
1444	973
2643	1007
4640	1294
2438	1149
3100	1722
4645	2216
1744	866
3116	449
2605	1597
820	343
4077	193
5065	3911
3334	116
2118	247
3686	1913
3093	22
3739	1415
5078	856
3685	2852
4537	2104
3586	89
1935	1582
5128	2362
3404	88
4872	4397
3972	1504
269	74
1692	6
5026	3722
2665	74
4271	864
4734	3116
3116	1699
4035	2835
2312	1202
2438	2104
2904	584
1912	529
4298	11
4189	2216
1948	1537
2476	347
1272	892
4644	3637
5080	326
4156	2118
5089	4156
4156	4021
3865	2118
4192	2324
2722	1552
5026	2991
4156	606
4201	897
2539	2362
4525	1272
3924	2272
4156	1909
4156	1333
5117	4156
4750	4113
1324	393
5004	88
4905	2011
4156	1920
3426	3153
1662	664
2487	2000
3422	1294
4156	1935
4798	2181
3810	2435
3895	1272
2216	2101
4156	529
4640	2625
3412	1346
2141	114
4189	1333
4859	1058
3105	903
1227	120
2324	901
4151	137
3717	833
3114	1906
2696	600
1897	1504
5078	2034
1533	1108
3116	1521
3619	1324
2230	1996
1185	881
4318	269
3116	1756
3344	2811
2574	2362
1720	529
750	269
4565	4386
2482	1995
4916	3863
3361	2348
2114	1501
4640	627
4939	1911
4156	838
3697	2544
3889	109
2746	127
4655	4433
5008	1608
3121	2048
4525	340
2118	1533
1865	808
4670	4111
2362	288
962	116
4410	1774
3891	2040
3866	2755
2863	2677
3116	2961
643	116
5052	2306
3602	2110
2703	926
1704	1598
3939	855
3079	74
3536	1422
4271	67
1777	88
1836	684
3982	2931
4965	609
1617	1119
2586	2304
4615	4524
5008	4830
4847	116
3407	644
4795	4642
1306	1202
1422	609
5043	1884
3153	3107
3381	749
1667	180
5049	116
4740	890
3536	1094
2181	224
4467	3510
3924	187
4860	2892
3941	1453
4815	1626
5052	550
1180	340
4201	3992
2631	2479
5020	3354
2753	2438
1671	914
5004	3984
4752	983
4670	911
1809	1176
3878	69
2370	1047
3839	3107
5065	953
3116	2589
2847	2362
3328	774
5038	4361
4171	2852
5108	3724
1604	1444
3158	2582
760	558
2306	790
2893	96
4067	309
4923	4156
1483	971
2811	343
4561	3602
3866	1430
3506	971
4588	3673
3777	1170
2835	241
2961	2216
2643	1910
2438	309
3450	988
2726	2216
370	42
3107	269
4170	1873
2835	38
4077	1334
2567	2006
4162	2831
2755	2438
3121	2627
4685	3116
4156	3981
2395	2312
3361	247
4560	3237
4493	3724
2531	1067
2852	154
4443	3116
3747	1348
5015	2716
2070	1726
3939	89
2312	1692
1213	241
3939	472
1415	63
4156	2596
2605	1666
3426	971
4770	3992
4156	2653
3413	892
1067	12
3343	2398
4170	1477
3116	785
3619	633
4189	3354
2884	413
4241	1445
2049	523
5008	4972
2902	1537
2699	996
4538	2435
3696	971
3358	1973
1404	914
4480	2142
4589	116
5146	3489
1415	176
5134	4406
3276	3116
2750	1048
4827	4480
2699	385
4415	3586
4219	1007
1726	116
1446	1444
969	116
3605	116
3289	3245
2177	1524
5128	3677
4525	1270
3851	3185
699	291
4949	4525
2211	1067
2735	1865
4943	529
3116	1711
3413	1746
2871	592
3808	1873
2605	1252
4814	3839
4863	1313
4162	2177
3493	154
4863	1604
5136	4841
5061	3437
3426	985
1537	1448
2157	176
4110	1789
4040	2438
4909	4841
2835	2746
3116	2509
4268	1873
1202	299
3876	3116
4362	4201
4880	2437
3752	151
5043	517
1781	613
4834	4156
5078	343
5056	4271
3889	413
4271	1667
3116	2370
3498	1428
4369	2871
4860	3941
4594	1913
2880	2521
1241	116
4156	3949
4185	448
2582	795
5068	3754
4077	92
3116	2899
4486	2104
4655	2153
3586	79
1910	1007
4554	1623
3249	3116
5128	4149
4860	4156
4271	2057
2625	2507
3754	1461
3566	2959
4955	2605
247	31
1347	116
1752	46
2610	2541
5136	2605
4735	116
4088	2939
2544	574
3116	2621
3536	1953
4156	1332
2468	507
3561	3210
2483	2118
4156	4024
1999	1430
4525	2582
5035	4452
2385	1623
2034	1835
5136	3493
3935	3492
3673	271
3580	339
1446	94
3589	3409
4189	1903
1839	1203
4480	3164
2417	1546
4156	4131
3116	1958
3686	2519
4872	2782
2347	558
2181	1839
4271	3191
4200	1952
4131	92
4410	2627
3717	3493
1836	574
1270	246
5072	3924
1460	1044
4156	3692
4026	333
3116	255
4196	3426
5097	2216
2070	1422
2011	928
4843	2908
4529	2605
4480	4021
3045	2904
247	132
3788	116
3611	92
4985	1207
3417	385
1859	1244
3116	250
4142	116
4839	3104
4595	116
4077	1079
833	339
4454	1165
1770	265
4915	313
4169	907
3944	926
4970	2716
1685	116
1946	1334
2555	288
116	84
3929	2199
618	339
2931	2544
4052	3984
1466	364
4971	2704
4502	4018
3628	3286
1526	1430
3807	31
2682	490
3637	3352
4524	2975
4035	1444
2013	1324
2904	2417
3839	209
1958	664
2948	343
1294	490
4156	3104
2803	2627
4480	3116
2216	923
4267	413
4156	44
4798	2837
3116	491
3591	1108
2891	67
4301	89
914	154
5145	1873
4461	1593
3689	2362
4410	3870
4529	1185
5158	1741
1038	651
2216	29
2823	1430
3758	1662
2268	1273
3357	339
3866	1444
4156	2378
4859	3289
5128	2415
4707	2934
2877	2110
3589	1898
3011	911
4156	3612
5049	4820
4874	1273
4841	3426
3116	1326
2835	1627
3409	758
2893	1626
3032	2573
3924	1585
3905	2437
3764	1765
2901	1873
4156	2696
2555	2398
3189	1537
2894	1306
4171	3686
2023	1666
3121	2079
4271	3116
4529	1483
2003	1938
4255	4156
2579	1187
3880	1444
3754	2801
884	134
3505	1139
5145	116
4336	2835
3580	2775
4326	1607
4880	2034
2660	2506
1318	651
3440	2605
3866	116
777	116
3116	2902
4480	36
3116	209
2893	675
2951	1524
4711	2438
3639	1840
4525	1994
4129	1185
4525	1977
3116	2057
4923	1444
4712	1430
5102	2070
4271	1661
5108	3417
4859	833
1870	1479
3547	2232
4398	3116
4795	175
2235	1626
1270	1119
4728	4156
1243	889
1582	1020
4874	4558
4349	3011
2706	2265
5079	92
3591	2803
4827	1180
3486	493
5151	1953
4480	406
3477	2358
4088	3006
3636	1227
3614	2118
1108	154
2741	116
4185	2823
1746	1422
5011	971
2118	2048
3769	1537
2889	606
3777	269
313	209
3901	2893
1617	326
4156	2401
3866	3580
4417	4328
3901	1119
4985	4798
1782	149
4558	1571
1703	187
4525	1092
3866	2627
4086	2230
4241	2961
2144	651
5122	176
3381	1415
3354	2486
3244	899
4156	1045
3548	387
866	662
573	322
4201	3689
4329	3682
5068	5043
4272	2831
4196	339
5068	3198
2362	1454
3414	2092
3542	2415
726	200
2495	1662
5004	2438
2775	529
3680	116
3764	116
4837	3456
2541	1334
739	652
3165	2216
1408	1108
4554	2024
4443	116
2614	127
4525	2608
3295	36
3486	1313
4858	4150
2177	618
2667	313
4802	116
4565	3361
4646	1227
1686	808
4820	4584
2148	1042
4176	749
3424	364
3262	574
1454	65
4529	3536
4030	1746
4271	3344
3114	339
4752	3289
662	109
3701	2370
4077	1370
4461	3116
3328	1446
4480	1444
4156	4023
4386	3307
2261	1966
3654	1839
4415	3484
5008	855
4493	1444
4972	2048
4586	2531
3612	347
4180	2092
3116	1422
4798	2037
3116	2975
4861	573
2331	89
4328	2643
3871	1313
4814	209
4111	387
3370	1678
2184	2118
866	148
3304	1667
3496	2282
4101	1726
4103	116
3116	2049
4156	3123
2775	1444
2593	1546
2835	592
4214	116
4525	1952
4156	192
5084	1430
3116	104
4752	690
5026	4861
4776	3493
4615	4201
1056	122
4156	3722
3975	1781
3100	116
2814	499
4874	1270
3810	2753
2299	74
1726	1607
4391	3273
3870	1122
3879	3477
4201	1593
2934	982
3518	116
4271	2927
2666	1307
4820	3227
4035	1617
3426	328
3116	2763
2631	949
3138	3112
1671	815
2835	89
3116	2216
3779	2913
4131	3991
5027	4525
4482	2268
2888	1774
2823	2653
3093	116
2438	35
1850	1571
4200	4156
4193	43
4131	3105
4156	1768
3754	1108
2939	1306
3478	1727
1119	613
3488	1002
3496	1722
2050	209
3991	926
2625	1430
3739	1825
2312	1920
3957	964
4539	116
3116	2948
4169	343
4200	116
1422	462
2829	1726
3586	1853
4525	2476
2013	1526
1782	340
2814	2479
3116	3000
3116	347
1430	1306
3093	1430
4889	2118
4173	269
2837	2062
3908	3466
2631	231
2413	909
4595	1454
3307	509
2775	618
1782	833
2438	492
5136	2049
3665	606
3895	1119
4410	1444
4949	2438
4850	104
3231	2312
3489	2795
4156	1847
4644	1122
3477	3245
5078	3061
3792	2746
4674	2544
4045	3810
3503	3488
4156	1089
4525	3486
4480	2438
2362	759
2472	867
4048	3032
4156	855
4131	3460
4586	4156
1305	1136
3935	3558
4873	2142
4836	2216
3309	2835
2884	613
3116	684
471	209
4170	2114
4646	3486
5162	4156
4375	2347
552	187
4630	1454
4554	2055
2929	1581
2929	2808
4480	2775
2857	739
4827	4271
4193	2880
4252	2043
4118	988
4795	71
4162	609
4863	4088
3953	2908
4656	1839
3677	129
4271	339
4170	4077
3121	2142
4404	269
3164	1180
4255	4150
3295	2605
5008	4156
3944	2511
1585	1058
1094	609
2775	1307
3496	2079
1430	223
2573	1466
3450	2704
4636	974
4752	2544
2682	1744
4480	1202
4525	3924
2847	1626
4795	4077
1108	974
2216	1815
3061	2877
2438	1444
808	302
3456	1966
3321	2726
4863	1923
2803	1444
1136	269
4326	2810
2541	1992
2605	2584
3409	3107
3758	1085
2804	2473
4185	2184
2199	1990
1660	1204
2546	313
1108	601
5097	601
2630	1136
4728	79
3493	1272
4156	3830
3032	2290
4156	1537
5031	4021
5020	3977
3428	3116
1607	92
3116	1321
5091	4674
4409	729
2178	1726
4524	88
3591	1198
2156	660
4502	1752
1625	1313
2531	1483
4655	299
3701	3343
2864	2835
5095	509
5068	4126
1444	911
4131	1222
5011	822
1034	529
750	333
2438	928
3924	3116
2177	1933
2539	965
4813	3758
4798	2307
4156	549
1627	357
4129	272
4988	3488
4873	529
4554	2740
3116	2140
5138	3285
5015	451
855	8
2877	652
3012	1546
3249	2672
4019	1726
1741	313
2088	116
1436	36
1946	704
3067	1422
2118	1948
4156	613
3123	116
4949	2110
2266	828
3837	1685
4655	382
3974	3116
2961	606
3559	2893
2406	1897
2181	1623
1935	494
2837	1898
4976	442
4870	3513
4795	2829
3717	116
3962	3800
2306	1408
4728	2118
2895	1537
2216	1617
3067	1537
2118	1342
3484	2312
3289	2254
5108	529
4816	1033
1883	231
3116	1202
4088	1722
3758	3153
1492	89
5031	4827
5128	4752
4970	786
2729	449
3905	2216
4547	1058
4365	4113
313	74
4001	451
2312	1847
4656	3414
1790	881
4863	4830
2701	726
2625	2070
3116	1355
4326	4271
2726	2312
2643	988
4019	2199
5128	89
3696	974
4984	313
4173	116
3121	1139
3107	1203
3939	2810
3880	36
4409	175
5080	1617
5035	3237
4804	116
3323	2541
4525	2948
742	188
2438	822
4858	3685
2437	592
1493	116
4088	3088
4766	74
4156	3840
5008	4655
4695	4525
4635	877
2410	1108
2899	1667
5122	2474
3751	1994
4361	3116
4326	3164
3116	2266
4301	1332
1552	1479
3105	2701
5008	3810
2864	1692
3924	2361
4907	3450
4586	1703
1811	1251
2867	1430
3724	529
3361	114
4965	1444
2837	2181
2704	2533
5094	2118
5072	3426
1269	351
4231	2362
3991	903
4480	3580
3426	3116
4598	339
4538	2361
2438	994
4480	3121
4923	1306
773	311
2934	2892
1774	1524
2362	1267
3617	3153
3236	2704
5128	2939
5021	1565
4740	1444
3580	2438
3885	3414
3116	3019
3116	340
2388	192
3116	1292
1727	1501
4863	3496
4655	1524
4526	2312
2118	339
2285	92
4476	1620
2118	1952
2838	2438
3327	1176
3944	3114
2476	30
4606	3924
398	66
4795	1446
1269	822
4264	529
3430	3116
3489	1487
1444	236
4705	3542
3620	3542
1286	92
4841	2438
2703	2118
3944	925
2473	2438
4021	3580
3376	2755
1917	253
3901	2555
5061	3116
3204	1593
2048	43
1923	1444
1167	1015
162	92
4739	4156
4859	149
1537	877
3810	1900
1080	322
3138	1454
822	116
4151	1267
4533	1706
3116	2909
3330	2803
3758	3685
4113	4031
4907	2704
1870	907
3404	2871
4438	116
2013	1453
4582	2904
4244	4156
1727	1666
1906	601
1885	1265
4406	1884
2328	1444
3866	2048
1633	921
4301	1408
3262	1752
3932	2216
3116	92
2857	1119
2739	606
4723	2088
5065	1726
4156	3637
3924	2567
2230	492
2050	449
1941	1584
3107	2605
2755	618
2216	1090
4872	4046
837	116
3088	1670
3361	983
652	96
2704	2438
3719	3116
2048	149
4584	2934
509	176
3116	1924
2758	116
4860	1444
4770	1966
3688	1531
3100	1287
4186	255
1167	269
4113	3672
4201	1293
89	8
2884	2118
3704	3116
3352	25
5158	5012
1752	132
3592	3513
2857	2835
1752	632
1061	939
3006	2544
4267	1873
1839	224
2909	1746
5091	1690
2013	971
1617	558
2985	67
2605	885
3673	400
4644	3486
4985	4554
2729	1795
2370	270
3114	2692
1430	18
4035	2472
1670	1306
1454	748
4655	3939
4151	726
600	534
3672	652
2755	1408
2177	1202
4525	3602
710	37
2625	116
3739	2802
4279	4046
417	22
2438	833
3488	1424
2555	271
5011	2831
2443	1479
4019	2479
3717	652
4728	4598
3810	923
2945	2114
4156	2562
3116	36
1430	43
4156	926
4208	2448
3493	1108
4113	37
810	116
4502	185
4162	2312
4386	4156
2476	606
3063	1744
3437	262
4821	440
3505	3121
4560	241
1286	192
3962	3493
3430	1061
2492	662
1625	1248
2312	1108
1467	116
4814	116
875	89
2755	1604
913	652
3825	1044
4022	3883
4752	2514
4463	3895
3496	2319
3837	3489
3011	187
3116	2682
3116	299
2341	1455
2934	72
2490	826
4169	3589
2547	1591
3885	3116
3758	154
4907	4795
3116	2721
5004	2975
2948	2438
5091	1185
2290	2259
3376	1555
3174	2957
2963	1858
3866	1720
3963	116
1670	1524
4241	4052
3536	165
3637	2948
4464	4019
4711	2625
4023	3116
4923	3580
3443	2304
4525	1752
3344	1585
3050	116
4086	877
2913	2555
3741	2894
3696	1671
2079	2049
4156	10
1670	205
3941	2351
2755	2110
1774	188
4670	611
1685	592
1253	269
4127	153
2103	843
3810	3708
2216	1156
1092	135
5040	309
1533	135
4827	205
3866	2006
1593	246
4960	2438
2685	2541
5031	2755
4598	4196
3116	2971
3584	2299
2438	149
2939	472
1793	1136
1444	890
5084	4126
1250	1213
1911	558
2299	333
4201	271
2079	149
4035	903
2746	1639
1881	387
4156	3669
1444	1092
4727	2857
1727	116
3839	2704
1671	442
3344	2835
3839	2540
1156	88
2199	1015
612	313
4674	3138
4045	2755
2706	1251
3962	1408
3769	1185
4861	4406
3542	2750
4670	4201
4289	1187
1448	573
4301	4156
5017	5008
5102	1958
5136	3104
822	67
4258	391
2181	901
4860	2203
2555	1030
2361	1851
4156	1092
1444	1388
3043	116
2584	1324
4060	418
3121	2775
5031	4830
4916	4156
1953	1324
601	533
5041	640
2544	1666
914	116
1546	263
4074	116
4888	3488
3116	2532
2070	89
3962	2562
5155	3248
3654	116
3715	241
4156	42
2750	1243
2948	2901
4859	4001
2230	345
2438	1359
2652	1537
4156	2893
4645	4165
1185	800
867	30
3407	3116
1454	89
4156	2560
5091	1726
2932	625
2567	205
1430	855
2625	1250
4922	116
4151	2582
3962	1627
4201	175
2118	1466
3048	1067
3116	1811
1408	34
4360	297
2429	2011
3116	2005
4538	2803
3884	74
1058	529
4525	1354
3739	272
4271	1286
4030	3010
2400	116
2605	1042
2837	1848
5146	985
4728	4461
2687	3
1667	154
4156	2980
4804	3116
4336	3100
4499	2650
4113	901
3589	2062
4088	1117
3586	1847
3851	921
4002	284
3121	1306
3336	2324
2216	288
3924	1579
2049	928
2492	1448
3424	1932
1670	1045
1625	417
1633	930
4698	1898
965	89
2312	1453
4916	926
3665	3397
3747	1639
4156	410
4156	2484
1935	1597
1923	343
4895	3488
5080	1313
4156	3548
1243	269
4193	3941
4183	3584
4872	2731
4474	3426
2605	913
4598	837
4252	2838
4107	2917
3589	1444
696	558
4046	3777
4162	88
2183	1422
3447	1853
1666	1626
1661	264
4342	1444
3628	921
3572	1320
3777	333
4490	3116
3580	3164
4598	4271
5128	1524
2810	1670
4972	1883
3116	1903
4156	4113
3944	2555
3807	3659
2884	1996
4193	2716
3568	116
2544	1883
4538	2230
3589	492
3816	1477
3496	1094
3376	2048
1941	1666
2555	1781
3689	1752
953	907
3072	600
4156	3991
3107	2799
4156	3939
1744	1657
3088	299
3843	517
1444	149
3000	1422
1744	1207
4111	2775
2605	1533
2353	1726
1460	1171
4779	2266
2627	1430
1670	855
2867	892
4651	1883
2462	116
3424	985
2118	1365
262	137
5008	4588
4362	71
3729	3697
4623	272
2438	1428
2725	2625
1324	548
5128	3010
294	67
4326	1108
1727	310
2438	791
2085	750
2479	88
3722	1365
2864	1408
3385	980
4670	116
3506	736
2746	448
4398	651
3957	558
5145	1741
1149	246
5057	3591
4872	4795
5122	4255
2232	973
3984	1119
1422	1185
3116	485
1626	838
3929	92
4907	1836
4156	611
4538	3344
4460	2562
4394	3116
4238	116
5068	5031
3493	1351
4371	4156
4156	3635
5022	1836
2605	271
4250	4156
2079	1722
2153	1408
3116	1270
2584	1884
3116	1977
2750	2118
4170	3116
3572	74
2863	651
3839	2378
4651	2142
2755	2118
5011	3840
3289	529
3343	925
3905	1727
2947	2625
4872	1809
2939	2544
3952	3307
3629	1243
2947	147
2944	1494
3344	1444
2963	1007
2537	2118
4362	153
2913	2388
5084	1108
4138	3107
4180	509
3751	3116
2114	1667
1117	347
4268	4185
3433	1205
1326	1185
4271	2660
4156	2347
4156	1117
2586	1822
5004	2884
347	34
2939	2153
1617	1460
4728	1551
2200	116
4766	4382
2506	926
2541	846
4736	4360
4095	1422
4619	3924
4261	956
4670	30
3974	3354
2799	1836
1990	1546
2037	1207
4234	116
2142	1306
2521	1593
3739	584
3505	2775
4861	3742
2829	2410
3307	1746
3328	2148
1726	69
4976	3185
2299	1521
3810	2188
3104	925
3116	1229
3505	2755
4058	808
2835	584
2709	1873
2079	339
4970	841
4384	1444
2327	1537
3116	2675
5153	4841
3376	3164
3939	867
3568	2804
1337	704
3104	1061
4705	69
921	347
3814	3331
3223	2605
600	351
2725	448
2750	1639
5128	4860
2598	1119
4460	971
4861	168
3837	601
1294	313
2417	1415
4863	4480
1996	613
3602	3116
2118	983
2361	2110
2582	2409
4064	649
3496	1044
1670	472
1582	1082
2142	800
5156	4915
4617	2049
4113	1108
3714	1726
1185	288
4125	2149
2637	1454
3116	1923
4674	4088
3850	2216
2864	517
3680	43
3801	988
4861	2888
4156	1522
3273	1422
4495	1108
3116	1777
3820	3116
2799	739
4186	3574
4943	3116
3112	3088
3811	3404
4156	3354
4193	3328
3777	3542
4153	3397
3414	1848
1034	343
988	633
5042	2535
4598	1933
4939	116
1774	1222
1913	1422
4026	1873
2930	1667
3381	2180
3685	1408
4326	2312
4022	3708
1883	1670
3116	2474
3114	2034
2544	759
4916	1727
2852	1404
3493	2348
4271	1149
4859	116
1740	1504
3826	2118
3864	1487
4111	2370
2484	116
2726	2259
5095	1548
3088	2153
4635	3344
4734	2118
4238	1185
269	209
2438	2177
2653	2628
3489	2692
3116	229
1910	988
1933	1537
1851	1593
3685	3153
1836	154
4735	1504
3116	264
2348	92
4271	340
3413	3009
4594	983
4502	632
2947	1444
3957	2547
3964	116
2118	627
1287	1202
3707	116
1671	187
3116	137
3116	313
4830	2312
3752	3192
2110	1444
4156	1495
3557	3116
4464	3104
1598	1270
4972	2438
3977	2750
4664	69
4088	1108
3114	704
2837	2625
4984	4292
4586	162
3701	1786
4345	299
3413	1455
3204	116
4595	3404
4872	1351
4529	417
2307	750
2586	1445
1504	1333
4156	1121
5080	3116
2652	2605
1626	686
3361	1699
5056	4779
3240	116
4923	4655
4480	1670
1213	917
503	98
4271	3505
2409	1504
2605	1912
4156	4067
4984	3592
4052	1863
3304	3116
4841	1996
3724	3067
4271	1722
4863	2037
750	749
5145	25
5136	4410
4743	3924
953	773
1253	1136
4816	3
4156	396
4271	3376
1318	387
3304	1485
3704	1752
2348	928
2625	2178
4238	2605
2348	1444
2803	2709
3992	1546
3924	3617
4664	4182
973	187
4387	4169
1306	472
3503	982
4019	177
4245	841
4021	339
5008	1670
1404	65
3639	89
4019	3673
4156	3038
3189	601
4482	3116
4052	11
4880	1487
2951	288
3847	2013
3237	116
3957	151
3840	3249
3344	1906
1444	1180
3236	2656
1111	348
4814	2085
3548	928
4026	2750
4970	3116
5015	4156
3208	3116
3935	952
300	246
4156	2171
4723	2199
1203	758
3019	1935
3685	1883
928	8
448	28
3112	1883
4982	589
4848	3673
1741	611
3105	2435
2487	1766
4863	2153
3105	1884
4841	903
4830	1302
1408	67
4298	3996
978	644
2438	1453
2459	1144
3580	2755
1667	1444
3370	3116
5159	2942
3864	3837
3637	2884
2069	1293
3672	2835
4271	2104
4026	2605
4588	2247
930	921
3248	2216
1958	1662
3116	74
1703	1278
3044	2605
5010	4110
4495	2142
3580	205
4642	2478
4814	4023
3486	1994
864	448
2699	2443
3840	1546
1932	1876
3515	727
3488	2502
3352	1430
4905	1312
1313	1063
3344	1261
3209	25
1087	684
4872	2729
1272	272
1741	928
3231	1430
4142	3702
2406	1552
2362	914
3957	606
4067	2917
867	205
4645	3175
4923	3164
4031	12
4391	200
2006	1883
3724	2472
4401	866
4271	1108
4328	4118
2939	855
4369	1430
2896	2268
3488	265
4272	1454
4474	3104
3131	272
1422	332
618	552
3114	1685
4156	2048
4481	3962
246	79
4198	1432
3088	2312
3617	116
3895	3273
4156	3686
3461	116
4058	1865
884	67
2689	2479
4311	514
4156	3177
4185	994
2814	1454
3536	1670
3032	2535
4196	3116
2521	529
4156	387
5134	921
3116	2833
4464	3116
2653	1720
4525	3104
3116	2415
4051	8
4040	3013
2511	1781
1671	1454
3593	116
1461	856
1733	1555
4026	1415
1617	1533
3104	322
799	265
3376	1816
2199	1397
2259	1626
4712	3112
4752	3994
2521	726
1814	231
3245	529
2216	1428
4096	3503
3010	606
2755	1816
3116	2288
3572	269
3665	3503
3685	1454
4040	1337
4271	1958
5008	2672
2118	1477
2492	1424
3801	3208
4272	1911
4996	4156
2348	1692
1108	584
1610	1448
1252	205
1487	601
3116	2388
4170	1213
2216	1061
2479	2409
4750	2625
2118	1816
1639	1085
3931	618
5061	1167
2544	271
3980	1581
3939	1661
1149	36
2877	2582
4908	3962
3116	2015
2216	949
4538	963
4984	4814
4433	493
2342	533
4582	1444
1272	448
2829	953
4156	407
3617	38
177	71
5040	3620
1202	1180
4537	2438
2618	1859
4156	408
4064	3887
3496	3114
4301	3220
4644	1533
2748	92
3810	3484
3328	903
4048	820
3444	3116
1551	1038
2771	2544
4156	3751
3820	606
3116	356
4252	3375
5145	2184
3515	2884
2796	2311
3960	3116
1462	699
1477	1432
4859	4493
4026	2564
791	311
4651	472
3957	1884
3972	3354
4410	652
3273	343
2108	693
4646	1092
2589	601
3557	422
2254	272
643	154
3116	1063
4031	1492
4358	2511
5017	1171
4088	2282
2312	343
2703	272
2541	843
4470	3685
2232	686
3568	656
4391	1454
2230	925
4186	119
4766	3426
4703	3361
5008	4923
4196	3164
5008	4669
4525	3991
2904	168
1854	926
5146	3566
3226	351
3344	1483
4292	1032
4162	3810
3116	2481
844	137
3637	2753
3116	2459
2013	246
2975	2049
4547	2653
3074	656
4271	2627
4598	1722
3559	18
3067	1122
2312	1883
4765	2019
1108	28
1454	1108
3311	3204
4412	3116
1313	311
2097	1818
4271	3580
3984	2837
2438	1094
3237	2034
4031	1639
3700	2605
3204	1272
4841	2660
4401	1582
5010	881
4464	2398
3589	2835
2006	690
4744	116
3304	1891
2582	704
4893	3814
5125	3944
2434	92
5011	3686
3346	2362
4949	4271
4858	4825
3810	2763
2308	1167
4850	3876
4019	3957
2312	974
1460	334
3493	2216
4821	837
4598	1108
2108	705
3559	2625
3948	116
2347	613
4156	3088
1703	89
1180	111
4369	2216
913	903
4156	2793
4525	2110
4923	36
3864	1461
2835	890
4156	392
4410	2582
4873	1281
4412	2693
4547	3493
3067	1727
867	8
4157	3707
3455	2232
2142	1571
2540	2110
4170	2864
2307	269
4850	3116
4525	3175
4272	255
4156	3480
5026	385
364	38
2692	748
729	116
3558	3018
4525	690
4326	1444
2353	1593
4721	4361
4031	2547
2146	391
2203	928
4113	46
3086	269
3478	2438
1119	343
3905	1461
1678	690
2849	696
4525	2023
2342	1686
4464	1270
4481	4156
4156	3236
4156	3227
2617	696
4525	963
3488	1044
4863	4393
2625	1593
3116	743
5128	880
3566	2034
3665	1056
3048	2762
3116	612
4630	3138
3847	347
1185	142
1537	1436
2685	2657
4035	3816
4018	1432
1461	748
3185	930
4644	1092
3488	2351
2160	1185
3769	2266
2902	2605
4651	29
4433	2142
3837	3566
963	16
3612	921
3138	2312
4923	2438
2362	2003
3116	283
2564	1187
2216	2178
5130	1091
4859	601
5011	1727
4391	1270
2555	116
3739	2199
4271	4088
3628	1671
5034	1524
1202	36
3107	1537
3635	1251
4156	2268
3559	2605
3361	1187
2108	1627
4271	2884
3344	2174
3685	200
1727	1533
4814	4026
3107	1943
4951	550
3444	2802
3952	2820
3708	30
4012	2846
4030	2438
4923	2037
272	223
4201	3165
1667	300
4326	3939
4617	1430
3426	3164
2835	2476
3747	2443
4863	3138
5012	4816
2852	1408
1444	114
4889	704
4877	3122
1546	693
4052	2605
4096	1056
1862	387
5011	2835
1203	224
881	127
2307	866
2835	907
4114	3236
3941	2775
5040	2438
3747	3293
4201	1731
2216	2106
4432	2177
4480	1883
2327	793
4131	2884
4538	2013
4770	2863
3568	2909
3724	1058
726	343
4156	953
4861	1483
1597	670
1781	86
3478	2934
3498	618
4101	3116
1187	1020
4244	3810
2472	1306
3536	1883
4757	1444
4107	1446
1443	651
2318	1626
876	855
4644	1272
1617	1492
5079	4156
3657	1108
3863	1749
2362	28
4499	3320
4863	299
4113	1994
271	92
3116	1622
4830	1524
1495	22
2370	224
5010	4606
4863	867
4156	114
3724	618
4156	2206
4831	1020
3344	979
3488	1774
3939	1883
3231	739
4361	885
4728	3444
3703	116
4960	4271
3114	2801
1920	1094
3741	1786
3510	1886
1911	660
2216	1881
2417	2199
4907	4642
3777	3572
4258	1865
5122	686
3534	3116
4923	4827
3492	2774
4766	2857
4201	4107
4863	529
4870	3708
4259	1686
3931	272
3116	2506
3579	1727
2605	2347
3255	1502
4814	2019
1703	67
3747	1739
4943	3121
4972	1286
613	205
4529	1593
2511	2478
5008	1883
2959	1185
2479	116
5031	3295
2362	92
4837	2261
2388	610
3810	922
4993	269
4409	1293
1727	96
4170	1647
4410	1390
2474	1170
3825	116
4741	1187
4863	3866
5129	4113
4705	92
3864	1454
3167	1521
2573	1415
3114	592
3651	2664
3116	1010
4517	866
4863	3939
3837	533
4151	1119
385	88
2939	1602
2775	36
4384	3116
3114	601
4118	2963
2753	1033
4259	4258
1774	796
4642	2625
4271	3121
1775	92
3500	1948
4861	921
1074	269
3493	300
2362	2184
4872	3557
4780	917
3591	89
4176	3361
4525	205
2904	514
2802	832
4872	116
2835	925
4525	3505
4972	4088
4077	322
2118	200
4861	3536
5112	3602
4525	1510
3012	2108
2307	2145
4880	3491
2625	205
3627	116
2511	96
4525	2755
3584	2040
1523	116
417	38
2013	1996
4021	3357
492	343
5098	2725
3116	578
2487	2015
833	529
2835	2118
2375	74
1463	1108
3695	2171
3962	2312
4525	3174
4916	1454
4414	3635
135	116
4779	2312
4972	205
5074	684
3602	192
4770	2944
3164	3116
3352	2777
3245	3116
4873	1444
4142	1873
4480	2567
3422	449
2108	1546
2637	601
4480	3376
2347	1617
3685	867
3851	517
4177	2934
3116	2762
3513	153
4410	2775
3893	116
3352	246
3114	1483
3739	2417
2406	71
4493	1537
4674	2939
4035	205
4943	299
3164	111
4391	2409
2722	311
4949	116
4095	2704
5008	2142
2437	939
4635	1304
1598	116
4525	200
4623	4170
4169	2362
1920	1034
1604	149
837	364
4757	4156
4156	2282
4183	316
4461	2521
3889	2482
3138	1883
2049	1825
2657	653
2775	1202
2541	1348
3237	3061
3354	1897
824	116
4271	3175
3153	333
176	121
2118	926
2216	1546
2904	1778
5008	3953
2216	271
4156	1524
5138	2092
3542	750
4780	1546
2145	393
4181	116
4258	1980
3116	1569
2735	1352
3116	872
4872	322
2803	472
975	343
4595	618
4116	2476
3116	903
4156	499
2750	1294
2351	207
1404	664
4979	3114
4830	1661
3536	1202
4627	2625
4795	4035
4655	1202
2034	748
2362	287
4863	2118
5107	3104
2157	1543
1598	791
4645	3609
1546	627
4656	74
4493	1058
1645	1306
4872	4645
4156	1302
1897	1863
3863	1108
2108	1563
4583	3924
4410	343
3669	3116
4156	3579
2703	1272
5112	3822
748	253
1444	820
3116	3107
3589	1914
4156	3121
2891	255
4412	1932
4728	3488
4830	299
4398	3870
3677	2342
2605	759
2952	1108
4815	3488
1693	116
3905	748
971	600
3569	1294
1886	1811
5004	2224
1537	1061
3116	1693
1847	116
4751	2660
4301	2531
3935	1378
4195	116
4017	2726
4156	2131
4170	3602
4943	3724
4554	2181
3576	1883
1267	815
4196	3767
2593	2181
3814	2541
2438	1946
4272	1873
5041	193
4841	2835
2479	2406
3426	67
875	222
3506	129
2564	750
2904	272
5128	3325
866	69
3493	892
3506	2232
2438	403
1909	1318
2755	2079
3100	2472
4156	1814
5011	89
3833	2547
3006	2803
4002	2704
1243	313
2628	1270
2188	639
1272	151
1324	151
4831	4292
4480	3138
4110	3739
2216	589
2513	269
4176	3153
3108	3104
1741	1455
3227	68
3924	971
2894	2490
4156	2961
4674	1661
3496	339
2605	1487
4156	4153
3636	269
5128	1034
2049	1422
3011	343
2858	92
3971	1444
1671	393
5004	3747
2567	2142
3837	3488
2177	192
2211	1196
4058	1980
2216	1326
2835	2560
2394	116
3330	1548
2216	1254
2438	89
2939	2810
4156	3458
3935	2835
2438	2282
5056	1671
2216	116
5129	2118
2775	1782
3890	3620
4908	1117
2859	1108
3116	2755
4896	3104
681	569
4181	1056
5068	246
5145	3810
3905	307
3357	2672
4752	952
3428	2605
2049	1015
4723	4107
3876	860
4642	3083
3883	2353
2934	2256
3086	2774
2775	833
4847	903
3881	284
822	187
4252	2598
4859	3724
2490	1061
2341	1494
3619	146
1445	1128
4615	1324
3510	1015
3506	928
4740	3116
343	322
2837	1914
2266	1911
4759	347
5026	1514
2438	1671
3724	2775
4795	3536
3121	2939
2282	343
2459	635
3810	343
4301	3953
2118	284
3884	3107
4201	3808
4000	2605
449	269
4827	149
815	88
2190	1582
2199	111
3536	2312
2672	558
1766	272
4736	297
1522	116
4645	1213
1720	205
2385	224
4525	2884
3488	2199
3602	2438
4766	3924
4271	2626
3944	2835
2868	144
4642	3982
5021	2065
4088	1306
2015	176
3950	25
3924	2884
4113	272
2541	116
2118	1180
4470	3116
5138	2654
3561	12
4271	3771
4620	4619
2479	176
4565	294
1836	72
4663	4156
2438	339
2731	2544
4461	4415
3304	928
5121	4701
2703	832
3929	2108
4924	3116
4219	1858
2931	2884
3991	151
5128	3536
2586	1461
2709	2118
1551	1108
1774	69
4294	2224
1430	69
4743	2808
3689	3116
2934	1198
3962	2793
4170	3175
4708	4329
4827	4021
4972	867
2142	1108
5145	2541
3673	111
2901	1227
4336	1250
4156	3903
3116	490
4594	925
5128	4595
4757	4113
2519	258
3208	2468
3138	2810
1262	739
4554	1074
4410	2547
4861	4586
1741	8
4461	417
2811	653
4867	975
3116	1504
4766	4156
4863	2079
4156	1210
3589	3175
4651	3591
1359	988
2547	71
5028	1886
2884	1938
3931	343
3160	1240
791	548
2803	2177
4525	585
2197	1814
4500	2835
3747	35
1601	116
2634	2216
3006	1108
3116	1272
4525	1451
4588	3399
5095	2631
4156	2707
2945	953
4024	3963
3864	601
3579	2347
4798	3414
2904	2434
3114	2282
4017	3559
4636	3754
3018	1367
1994	1119
1917	1692
4863	343
5080	544
4594	1666
1117	930
3635	632
4114	985
4183	2118
3991	3116
2216	1933
2437	25
3483	3116
4241	2586
2884	2110
3651	2894
3116	1873
1667	28
3985	3963
3847	3185
4156	3195
3116	2184
5012	449
4487	1504
3542	116
3323	2312
3745	465
1847	843
4271	3067
2395	1809
3685	343
1946	1415
3579	2753
3510	1002
4611	1671
2062	1839
4156	1431
3901	3358
3602	2495
3962	971
4955	3659
4439	116
4156	3963
4872	3048
3372	988
4054	2544
2474	272
4410	963
4460	187
2770	1252
2605	609
3939	2173
3198	610
4972	4830
358	116
4012	2492
4196	3580
5128	3555
3924	1119
4743	1670
4113	2438
3776	116
3957	1429
1452	116
1794	442
4021	2627
1604	1555
4467	92
3142	1085
1741	749
4019	3493
4943	4271
1483	1270
5002	1479
3505	1604
4326	94
3974	2468
3548	618
4705	2362
4728	2835
2991	2438
2361	2342
3067	2216
2521	2103
1231	116
3548	3116
3116	2457
4201	3557
3175	25
2642	116
2438	1666
4384	3414
3518	1108
4703	3807
3739	2118
1094	909
4404	1294
1617	1092
4813	116
1524	1430
4517	2909
4831	2712
4271	1139
3566	649
820	25
2704	2547
2013	548
2653	339
4271	1180
3708	116
4636	4583
2704	799
4156	544
2795	43
2564	74
3428	1321
4107	1847
3399	2544
3277	3116
2174	601
2626	2142
4384	3703
574	365
2625	1662
2750	269
5008	1306
4384	272
3941	3104
3924	2786
2124	1227
3580	1307
2153	1108
3542	92
4077	2299
2541	967
2438	88
3724	1287
1633	347
4381	4180
1604	1286
3116	232
5095	3247
2852	1552
4271	345
3677	3114
1334	451
205	36
2438	347
1839	1207
1094	205
1883	299
1692	1444
5034	2939
5110	2438
5108	2775
2142	1176
3088	2810
3444	1367
3209	3112
1256	1024
4452	2666
4976	3851
3116	1842
4752	4156
3536	1546
4156	1740
3496	1999
3883	911
3984	651
1408	192
3116	2319
3114	2877
3672	485
1305	1253
3289	1058
3399	1213
1460	1365
2672	207
3866	2079
4113	2833
4271	4021
1692	129
4305	2476
4026	116
2605	1499
4262	3116
3777	74
2438	953
1790	1706
3112	2142
4156	3525
4802	1445
1248	573
4156	4147
3112	855
573	168
2544	1722
3754	3426
2722	1059
1444	1058
5049	517
2342	1883
4301	2013
3192	116
1462	1119
3116	1543
5041	1821
4976	1227
3116	2864
2247	153
3548	2627
4814	1517
2437	307
4517	1546
578	116
2330	116
5151	912
1912	1571
1782	205
4831	2546
3361	1204
4605	455
3580	3548
5095	3204
925	116
4031	2383
3810	2835
5003	451
3534	2118
5021	2909
3905	187
1537	1194
2672	1658
5010	2203
5041	4316
1430	132
4708	2555
1324	573
5112	1085
2429	116
4156	2930
2884	2361
5146	1461
3116	2652
4045	3944
4487	116
3307	1422
4200	391
4410	149
3176	1085
4156	181
3939	1524
5027	2118
1809	1213
4655	2810
4021	3505
3571	2342
4863	149
4156	3344
3685	643
973	600
4547	529
3116	291
2216	2055
4023	297
2216	154
2254	2118
3488	1752
3905	343
848	116
3742	1704
4201	727
3580	1444
2108	457
2347	1994
4151	1617
4752	2438
2785	116
4670	2438
4410	4156
2311	892
4336	4301
2961	1273
4021	1555
3114	856
4398	2704
4316	1755
4814	1294
3505	1180
4943	2775
3376	1180
3944	1692
209	19
2282	1108
5094	2230
2224	1422
5061	3063
2476	1444
1746	994
4870	2951
4615	3536
4814	3884
1460	1119
4863	116
2562	2312
1537	690
1436	88
1781	1444
4525	1901
4369	4201
3536	3478
2835	1213
1626	1487
4861	2531
3456	1444
4970	1492
3343	92
1999	116
3672	1180
4138	3361
2311	116
4561	3116
3164	529
2627	529
2958	116
3769	2216
4759	1633
2142	1883
3752	611
5008	4113
2361	963
4526	1000
2605	142
3116	2110
1670	1202
3837	2692
2775	1617
4169	2904
4901	1445
4156	2627
4480	3474
2829	2625
1839	1623
4642	4575
4554	343
4976	2013
4045	3104
4336	357
2593	181
2160	1726
4960	1270
3114	343
3138	1108
3356	1499
930	773
4923	3088
4943	2755
2198	1487
1015	734
660	514
4972	4193
5130	5107
1445	1033
1024	655
4035	1933
3237	3114
4067	2473
2567	1306
1185	589
4162	1479
4816	3901
3361	1448
4156	65
3116	147
2342	187
5026	841
3493	30
1914	901
2482	1422
573	393
1722	1202
3769	1726
3273	1451
3450	800
4778	3116
2153	1302
3063	866
4156	539
4949	2864
4113	2777
3957	1704
1251	1020
4830	1176
2939	2438
3484	2777
4858	4583
3113	1782
2541	892
2628	529
4156	2391
4861	1704
1275	837
1593	885
3981	1891
5106	3114
5130	2660
4861	3628
2793	187
3864	2437
3484	3344
3116	1933
4018	2216
3908	1584
5068	1884
4271	89
2406	791
3164	2438
3116	31
2155	1270
2118	1692
3204	2555
4493	3840
4001	1058
4870	3840
4619	69
4410	4162
5043	4861
2625	272
4201	574
4499	1243
3580	1408
3175	28
1980	1352
5008	4841
1662	175
930	928
1444	971
4861	347
4841	3991
3977	313
2486	799
3414	1213
2233	887
4156	684
1686	116
385	67
2952	914
2015	114
2689	72
4728	343
187	88
4182	3248
1727	796
4495	4326
5015	2178
4831	4156
3088	1202
4156	1144
1825	154
88	67
4734	2438
3116	2627
1671	1248
1454	246
4518	1090
2959	2605
2190	2118
5134	1704
5010	2541
3107	313
3095	2672
1171	1044
3974	209
5040	1884
3175	2487
2628	833
4024	3985
4415	3344
2118	37
1692	601
4827	2909
4156	1821
1886	1885
1422	670
4051	313
3478	1250
964	310
1180	339
2755	529
2486	116
3536	1593
4814	2040
5027	3116
3450	1739
4156	2457
4558	1912
5158	269
4598	3114
3704	1187
1662	1404
3686	3442
3164	833
4598	3006
4712	2118
4156	649
5035	35
5136	1415
3816	3116
2514	1390
801	652
3116	1370
5145	3116
3428	1726
2567	1661
4201	1796
4984	1305
3756	921
4495	3116
1917	165
2216	1784
3289	1995
1287	1122
4705	2434
3754	1528
1958	492
4972	299
4984	2085
4156	1504
2564	449
3121	1661
3584	370
4993	4877
2490	1502
1912	1313
4863	2755
3984	205
3220	385
1173	310
2406	1415
3840	2752
4770	35
860	255
3116	1333
2909	1501
2631	2108
4156	2643
4798	509
1546	509
5068	2443
3591	2438
1092	247
1626	10
4362	506
4907	4095
4830	3006
3637	3093
3542	3116
2893	2884
4180	224
2049	417
3758	643
5084	2726
4231	116
1703	971
4183	2593
3580	2495
3795	3116
3924	3685
2752	2358
1946	1444
3444	1692
2156	514
5020	4984
1422	1203
837	66
3090	2804
187	89
4802	3116
4017	1002
3249	88
5034	4841
4045	1024
2531	187
4815	1897
4651	3939
4984	2468
3614	574
4651	3088
1953	1422
4623	96
4982	3116
1749	116
2605	1424
2203	822
3603	1825
4861	1248
2479	271
2893	2652
3536	1524
2686	116
3769	1422
606	72
393	168
4863	3116
5038	4895
952	116
4525	2896
4482	932
4415	1995
3924	1347
3426	150
4156	3571
4923	4480
3937	116
2746	767
5080	4874
894	601
1727	923
1620	1493
5004	1836
3289	2653
4925	4380
4830	3088
3114	980
1670	1302
2835	18
4575	926
4162	1430
5026	971
4872	3559
5134	2511
4180	116
3255	116
2153	1883
2775	116
1094	1034
1796	885
4461	2871
4156	3586
3116	425
3114	1067
4464	3090
3104	1185
3568	2011
4077	895
3704	866
4487	2605
1270	6
1686	391
3208	1046
4156	3956
4272	1444
2775	2653
3323	2716
1812	1176
5056	4272
758	224
4803	3837
1598	573
4752	1404
3237	343
3108	1952
4674	4480
3307	2108
4907	2438
4728	2312
4985	2085
4476	2199
1873	295
4156	1000
3636	2750
5072	3810
4185	38
3220	92
3924	2909
1563	726
2748	1415
2930	116
973	903
1996	1746
2901	2370
5136	3586
2930	2216
4031	2716
3086	2941
2438	1306
1531	952
288	272
5031	4728
3840	2347
2835	1034
4780	1913
4391	3116
2605	1790
1546	271
3901	1270
4830	3121
3597	2544
2847	2013
3866	3376
4506	3864
4827	2851
3901	2410
3754	1093
3635	116
3153	978
4785	2617
3753	885
3250	1422
2722	1061
4924	4156
4156	3792
2726	43
4526	1851
4752	1617
4859	2472
4457	3116
2803	89
3834	2605
2554	2216
3669	2560
2198	270
2203	88
3334	44
2118	1551
4404	3893
4798	1914
5036	3116
2216	153
2319	339
3758	2495
3352	268
5095	3753
2959	1227
4156	3865
4410	3492
387	149
4294	1884
5145	2118
5031	696
748	533
3741	272
1279	116
4976	921
889	116
1415	451
4156	2144
3344	2582
4691	3361
2312	89
4035	1415
4151	3344
4231	4201
4525	1119
2892	1727
3547	655
3924	364
3566	1461
2852	867
3584	333
1666	1537
4043	2153
3116	1775
1444	116
3893	269
4575	300
4393	3637
3309	914
2849	2605
3121	1524
4735	2488
4674	1024
2410	1085
5091	2049
4018	3984
4151	1692
4725	1770
4147	88
5146	2437
885	542
1765	131
2335	892
4088	1883
4021	340
4406	1704
1426	1085
3506	1786
2085	1253
2079	89
833	149
2181	1251
4252	1546
1812	1727
2921	1537
3866	1202
5094	2647
1585	326
1623	224
4599	391
4347	1185
2541	2511
4021	1444
4045	3680
2743	613
2224	1324
4071	2544
2544	343
971	88
5004	2312
4861	3612
3883	2022
4040	664
4670	3962
1454	926
4196	2755
1453	347
1638	142
4663	2487
2851	833
3116	627
4181	4156
2216	96
4830	1604
1537	543
4193	72
4880	3489
5011	3586
2230	2210
3231	2230
4415	2835
4905	914
2726	1430
2118	1912
4725	2617
3293	1639
4525	4264
4674	2153
2593	1811
2118	1097
4201	1690
3742	573
4493	4156
4646	1617
4391	246
1883	1306
4271	1733
4081	1727
4180	3589
5043	5017
5014	116
1142	270
4022	3962
2703	2335
1180	149
3116	58
4201	1002
5128	2687
3273	1061
1858	603
4387	1477
3589	224
5146	3114
3295	149
1015	92
2348	89
3602	1152
1437	400
4096	407
4113	1444
4880	4728
3580	833
5038	696
5004	413
4490	1281
4156	109
2069	116
1667	1272
2959	95
3116	529
3116	892
3424	2605
4424	116
4841	322
4271	1428
2479	2335
5138	3344
1920	1720
3116	1712
2627	36
4107	971
5008	3939
4704	116
529	149
3592	313
2522	1626
3488	2735
4644	4525
1720	1709
5153	3121
4712	309
5122	3116
2901	892
4752	4019
2863	2118
1061	966
3837	2034
4537	3649
3116	2385
921	442
1666	432
1202	855
4113	4045
3247	1030
2884	2057
3851	930
3609	911
2599	116
3580	618
4993	750
1704	393
4480	205
4863	2775
2835	2406
2040	1243
3739	2703
4955	3807
4149	1270
4993	1032
5004	4149
4193	2522
1196	116
3609	1666
4759	3851
3309	1662
4156	485
4448	2625
2687	2254
4200	4058
4196	4021
4728	4594
3536	309
3024	1727
86	58
1537	144
3428	1727
5017	1460
1685	748
4670	841
1444	1306
4615	1422
3536	1720
4567	1108
4271	2048
4486	2617
1537	96
3237	856
3116	1918
656	258
5035	1900
4201	1537
3343	3116
3328	1042
2605	2417
417	37
3304	2418
3901	187
5130	4111
4183	1243
1445	3
3231	2216
1928	529
2342	224
2750	449
1537	574
4026	313
4605	2476
4728	3295
4861	2547
3724	2142
4156	38
2216	542
1726	923
3116	1211
2877	2851
1740	1712
1085	272
4023	618
2312	300
1933	1094
3510	2863
4113	2079
3116	810
2079	982
3542	2398
3024	116
4848	116
2852	664
1543	606
4525	1279
2438	36
4529	38
4670	1638
4830	2835
1248	930
4126	974
745	313
2939	2803
3685	1719
4052	2312
2625	1085
2380	1499
3586	88
3714	2605
4870	1726
4554	3116
4495	1061
3505	111
1873	1692
2443	1461
1455	509
3603	3072
2370	1467
4670	1359
3488	2353
3574	3116
3556	644
3867	3343
5107	4095
4976	1704
2835	686
3628	3612
4861	1598
2457	2216
2199	693
4685	2699
1253	313
1746	322
4960	2803
3116	1029
3042	2690
4728	833
3038	1953
3908	1250
5042	1770
3286	1185
3321	2803
3404	151
2438	2048
3116	2600
3424	2442
1306	867
4151	116
4827	339
2438	222
1791	652
2829	1727
1727	1239
5061	491
3505	3116
4369	1479
3905	3837
4493	1430
5080	1585
4872	92
4342	1942
3792	311
4872	4326
4711	1185
2479	111
2564	1243
3492	36
3209	907
4326	1176
3864	307
1444	313
2546	116
4708	2511
4880	748
3609	2582
1422	1079
3884	1294
4268	4201
5035	95
1666	1010
983	316
2266	928
1909	106
5068	1149
4728	2627
2304	343
3739	1252
1032	313
2625	1667
5128	2370
2429	1303
1760	1581
4734	3114
3636	2438
2541	1777
3797	1444
3116	2092
4640	1203
5072	1777
3777	181
5040	89
1074	120
3393	1537
4271	3164
5032	3840
4201	1063
4923	299
4655	4480
2835	1746
4985	3107
4859	529
4159	1660
2985	2438
4740	2438
3116	252
3946	116
2311	1861
964	600
3739	1958
265	177
4685	4156
5004	1996
3386	911
3164	1555
3825	1451
4156	1885
4770	1781
5145	4164
4156	3990
5102	4841
2401	288
4583	1061
2617	1766
5107	1726
4172	4156
3864	3493
4905	2174
2864	1061
3762	2235
4088	3061
3605	2506
2437	748
4798	4656
1884	309
3617	2852
4156	1022
3488	796
4156	2869
4393	2350
4301	928
2660	1444
3505	1444
4848	901
1836	1429
4524	4156
1996	310
2584	1966
3392	1119
4480	3702
2770	2582
5035	4336
3116	586
3866	111
2801	1487
2519	11
4480	1661
1461	1093
3548	1444
664	643
4976	4759
4111	907
4814	3422
2948	2835
4463	1422
2625	1809
5102	3104
1623	116
822	231
4827	2079
1727	1517
4655	205
4156	3534
5008	3104
5145	3685
3450	3210
2605	38
3455	2430
4662	690
3493	2479
4923	2079
4156	3884
4560	3905
4201	3745
4815	4201
4156	1752
4712	4711
4156	1923
5122	116
4674	1108
4642	1537
3191	2438
3388	2605
4156	3572
574	116
2755	1139
3536	3484
3654	758
4193	574
3864	3114
3198	1884
2479	1334
4156	2370
4617	343
3116	30
3612	517
3344	322
5128	3941
4080	2859
926	116
3769	2605
2142	1430
1537	1517
2659	2211
3426	2178
3116	1444
1205	67
4791	2468
2327	684
4040	1252
3669	2704
4482	1891
2864	1444
3074	2437
4201	1252
3977	1170
3488	2492
3941	1108
4481	3518
5095	25
1265	612
4156	1430
2593	1448
2118	492
116	64
3250	1467
2048	833
1422	172
4147	89
4156	3880
4156	3962
2108	1004
2555	2070
4342	2947
4526	4461
4595	1185
1122	200
4019	911
2985	88
2795	1444
1563	358
4525	2483
4077	1231
1267	550
3706	116
3944	1185
4369	1719
4183	2362
3307	177
1136	313
5128	4030
4156	456
3460	3116
4565	4156
4640	3636
3048	3033
4113	3404
4457	2904
4880	3905
2964	1722
4210	116
1313	1272
2835	1617
5153	660
2774	2312
4529	4156
4586	4301
1755	120
4770	116
2692	1906
2142	1733
4156	35
4045	1946
1607	917
3947	1444
4814	4046
592	533
2118	1444
1056	982
4156	4065
4861	1278
3100	1727
4734	4271
4071	2476
4495	1045
5128	1722
2961	1258
2040	449
440	92
187	134
3974	2118
4640	2540
3116	2197
4448	4040
4765	2147
3775	116
2199	1762
584	89
5002	1467
3810	890
4595	4271
2415	1430
2307	2040
5079	1661
3328	1807
3839	1741
3121	2755
5151	4524
4231	2975
1291	1061
1294	269
4813	517
1275	74
4923	4863
3617	1662
4460	4110
3639	2438
2799	2409
1444	1054
4861	3198
2715	1227
4606	3756
4486	866
2686	74
3591	2810
3237	2801
651	189
1933	207
4664	92
2003	116
3295	2584
4712	600
1836	964
4156	2929
4860	89
5079	4088
1692	1119
4798	2293
4408	3208
3049	1537
2347	1695
3488	332
4417	1477
2582	2216
3344	6
2417	1727
1883	1850
4021	3376
4156	287
1337	1252
4795	4712
3612	1422
4790	3013
5151	4711
4001	2438
4511	899
1604	1180
3119	2247
5071	1873
4960	4728
1061	894
2000	1430
3185	2625
3810	175
4021	3164
2395	1593
2079	1202
1430	1144
2049	1261
5080	585
3486	2118
1819	320
2621	1187
1451	1272
3116	3090
3063	2468
3116	994
4841	4360
4972	3816
2013	964
4872	2293
3493	2582
4480	2909
3505	1094
3589	3414
2672	1601
5122	4588
3067	1164
4329	2190
3336	313
4245	3674
2406	953
2347	1313
3116	1966
2763	1227
4252	3820
3198	550
2801	980
4970	2224
2781	116
1448	662
3602	1510
542	229
4170	1185
2852	914
4031	1067
3506	2835
4923	2627
3452	3116
4988	3792
3131	188
3917	3603
4804	440
4046	74
3088	1883
3116	1584
4147	187
4406	921
3016	1873
2472	618
4271	3510
5028	670
2852	116
4447	116
4170	1537
4795	3555
2472	1933
5134	168
3636	3381
3357	2438
449	8
2628	1444
4336	4156
2079	1454
3905	3566
3116	1789
4258	116
4369	270
1196	907
2582	2118
3116	2293
3557	2216
4598	1727
4985	1623
811	116
5153	339
3489	1685
3016	22
1760	662
4850	1726
2362	1816
2648	895
4088	3939
3245	1720
5138	4165
1461	649
4000	1626
3984	2348
4495	1269
4495	2803
2406	288
4051	3777
618	137
3319	758
3116	2927
1313	326
1739	606
2181	269
3116	1289
4832	1740
4779	901
5004	3112
5021	4517
4271	4156
1714	187
2216	584
4703	3603
4461	1863
3579	1108
1722	1108
2796	1539
4045	339
4156	343
1408	65
4880	3837
2835	1966
1108	987
4860	875
4668	2478
1754	92
3428	2625
4640	2490
4889	2
3488	974
1918	116
4467	1185
2672	1461
2775	222
3426	1948
4943	2048
2631	351
3116	2596
2985	1453
2438	187
5011	589
2926	1352
4156	1206
3637	2347
4711	4525
3555	35
1662	914
5031	4598
4736	1678
4880	592
2410	46
2108	92
2857	2490
1454	1351
4565	651
3029	116
3879	3116
2716	89
4815	2605
4480	1139
4642	1451
4896	2402
3121	36
4410	1176
3826	1345
4529	3484
1007	622
2584	309
3198	622
2544	96
4156	3193
4186	165
2472	1034
5074	2155
5091	1727
1422	365
3116	191
4905	1093
3816	116
4122	2657
4925	2478
2926	601
4644	1119
4970	4294
4181	3665
3810	246
2562	67
3488	1086
3220	89
2495	38
3839	449
1510	1122
3767	116
4077	1821
3980	3810
4874	1781
4156	2066
3142	116
4156	37
1352	302
3592	2835
1765	268
5043	1171
5078	2437
4110	2479
1454	1444
4272	22
4830	4393
4874	1912
3357	1048
2312	255
2425	2288
529	387
773	241
1884	1598
270	35
3397	982
2438	926
3116	2991
3223	652
3905	1685
562	481
2311	914
4201	542
3816	2108
4151	1479
1791	1430
2483	66
4156	3237
2810	1720
176	92
4554	2837
3754	592
2867	2701
4019	2625
1862	1446
3164	2627
5026	2438
3484	1884
4804	3483
4651	241
4728	4391
5136	2108
3602	2342
3566	980
3847	3506
600	88
2118	149
1487	985
5008	3138
4825	3924
921	574
609	89
4525	3866
4272	2266
2055	1727
4156	3941
3019	269
3484	550
3116	2775
5040	3962
3116	937
3996	2171
1625	187
1604	339
3484	1593
1873	271
4810	2216
1444	983
2122	255
4780	2108
4208	116
3493	2316
3460	1994
3339	2605
2118	1460
3208	1493
4064	492
3568	1110
4131	69
4398	2706
1692	558
4156	2547
4723	1703
2472	1058
2555	1002
2560	606
2835	2687
2560	690
3810	1581
4525	784
187	67
2651	116
4271	2985
4156	2567
4156	2965
841	116
5122	4780
3426	2852
3505	205
4487	2216
3510	2895
2521	1058
4077	2188
1667	229
1185	606
2621	2050
1126	116
3621	3586
4241	3571
4991	4156
3307	116
4830	1306
4071	1873
2153	2142
4271	4001
3362	3116
2472	1920
3428	74
5068	3536
3669	606
1644	116
172	43
2438	1662
912	116
2782	1726
4156	1485
3739	3414
3489	1906
3061	1906
4502	3116
1914	1741
2957	911
2216	43
3777	1032
2438	1923
1746	1444
2406	35
3708	2353
5040	4149
5027	4271
2362	1437
1803	1626
3370	973
2888	116
2361	613
2342	2079
4045	2048
5153	4113
2625	1749
4000	116
3837	2437
2013	347
649	307
2258	773
833	618
4002	1766
4859	1287
4970	1671
2748	69
3352	1444
2230	1461
1415	116
3949	2706
1661	928
4408	3116
4046	1294
2282	1352
4798	2487
1546	890
3814	2232
5095	2370
3742	168
4691	1415
1826	1626
4830	2142
4735	4502
1883	867
4156	2091
4198	3974
4111	149
1454	231
3754	2079
3153	2495
5015	187
2479	911
4734	4670
2753	2118
4752	3603
3510	2771
4840	1461
4156	1359
3153	74
5061	4891
4294	2584
971	965
1281	990
3074	1778
4814	4640
4052	1593
4342	2716
4830	2544
4853	262
4750	4728
2342	1430
4156	552
5084	3309
4311	1932
3602	890
4156	3744
4241	129
4156	2147
2077	855
2605	1269
2567	36
1856	1461
4502	4189
2142	1585
4271	928
3327	116
3895	1313
2438	1593
4831	269
1202	89
3619	16
3721	116
2627	205
4077	3054
1144	92
4361	456
3304	3
3496	1352
5038	1995
3116	448
4040	2835
4827	1332
4450	2487
2877	748
2991	2013
4670	4245
4046	1727
3739	1176
339	149
3754	985
4721	2188
4156	2527
3210	1108
4752	4656
2625	2104
4493	1727
3462	1422
1692	1445
3105	310
5122	4480
2653	2232
4474	2492
4412	4165
2695	1089
2003	1455
3747	1486
964	51
3895	3116
3754	2952
4156	1034
4201	1739
2795	2438
5004	912
1247	116
4118	1858
3426	1408
2893	2605
4873	2438
4943	4156
2547	2531
4153	3503
1727	589
3198	2145
1850	88
3505	3376
4271	3810
3569	2704
4711	2118
2118	114
2362	705
4870	4156
3411	3044
2775	89
2142	1524
3399	448
2735	1980
988	622
2605	877
4071	2232
4058	2926
4045	3548
2064	672
4518	558
2544	1781
4463	4156
4725	1744
2847	332
2541	2430
2013	1498
2118	111
2898	272
4342	205
5108	2472
4798	1203
3088	1726
1973	855
5077	122
4298	3086
317	116
4317	3810
4461	2930
2200	860
5003	930
964	71
3054	2625
2011	37
3866	833
4156	3259
4156	3591
3122	866
3492	523
1365	296
4156	3357
2511	1110
2961	2104
4674	1287
4943	3164
3488	2443
736	116
4201	1662
4391	2049
3889	2696
3414	2479
3061	1461
4627	1727
207	187
1727	153
2181	670
72	18
4448	2013
4201	1781
4393	2584
2687	1502
3116	1528
3962	3199
2040	209
5004	1781
2725	2216
3691	3399
3674	2985
1461	1454
1686	1352
4780	451
3295	1185
4623	780
1422	309
2625	2349
3153	1404
1444	690
4598	1686
4859	2835
2582	1444
5078	2877
4058	391
3325	67
4156	326
3191	1444
4615	2917
4045	3751
4645	116
4814	333
2173	2142
2689	2155
1933	89
1774	1108
1355	116
4750	1117
2118	963
4156	2939
2775	79
4623	4326
3689	3547
3500	1537
1119	585
3249	2605
3974	1305
4725	1712
2637	172
3739	2335
2934	2605
4156	2894
305	92
1537	29
3116	1089
4670	1514
3116	1852
1306	343
2472	529
4156	877
1092	592
3088	2142
867	65
4201	4000
3685	3617
4186	2438
5072	4841
116	92
1607	928
3505	1408
3515	721
2544	2342
4162	884
2835	175
5026	4670
5080	4467
1774	92
2951	30
3116	1897
5065	3747
181	96
5128	3493
2952	1662
2888	2108
4183	2835
4771	3013
4019	1913
4185	2547
4185	2814
4384	3797
5038	3488
3122	3116
3361	116
1324	1248
2934	2849
3016	2476
3877	2019
4030	28
1836	622
4156	1822
3486	2347
4976	1633
4814	3167
413	134
4861	393
1444	340
2753	726
4271	2582
4026	2050
2444	12
3444	1746
1839	116
799	31
2770	2608
4547	833
2256	1873
2835	1185
3444	2335
4728	1332
4525	4339
4156	3204
2438	1139
3980	1760
2479	2417
3954	391
3527	116
3185	448
4873	4393
4267	2625
3722	2985
4939	3700
3505	2666
1543	696
2605	975
4200	2342
4110	187
4594	2348
1763	1596
2438	921
4189	1727
4156	1692
5136	1752
1704	116
4554	1914
4831	2665
5020	4814
4156	1501
3939	3138
3365	69
4642	1671
2230	2015
3426	2321
3116	826
4241	114
2055	895
3114	1148
4180	2837
4271	13
3568	1427
2537	1585
4862	952
4156	3831
4116	2835
4831	3361
3865	192
1499	96
884	88
1294	471
4301	1492
2342	613
4480	2627
4524	2438
4156	3048
1660	491
2073	116
2199	457
4640	2085
4358	1393
3428	116
1774	1287
4156	2265
3561	2660
3864	592
4474	22
3088	2544
2541	1840
4895	2934
2153	1670
3574	272
3116	370
1604	111
1760	116
2483	606
4655	3121
4872	3908
4502	2216
4538	2110
4827	1591
3591	2312
1958	1444
1444	36
4909	3116
3924	1739
1953	1444
5022	4464
2118	1958
4170	2395
3673	1661
3116	2564
2753	2648
3620	3116
3289	2775
2562	2483
4201	696
4156	4079
1778	272
2835	364
4328	988
3477	1058
4984	2040
3496	1454
4365	246
3138	2939
1840	116
1486	838
4712	4525
5028	1811
4673	4271
2048	1139
3343	1565
4271	3612
2153	299
2786	116
3739	3444
4831	74
3138	710
3496	884
890	613
1671	517
2593	1692
5026	2985
5068	309
4705	1430
3773	3116
4891	3208
2803	2118
2913	181
2829	1426
4595	2605
2085	1965
4156	2304
3488	177
1836	270
2775	205
4045	2627
4853	3437
3559	1727
3536	1453
1390	923
3496	2706
2307	1107
4598	2627
4644	1444
2706	1462
4560	3114
4369	3542
246	149
2811	1579
2743	2118
4499	1596
4183	2348
4404	3984
4750	2203
1213	953
3208	1020
4873	4156
2085	1648
2145	1324
5108	4156
5061	1253
4018	3963
4156	928
2177	1094
4021	833
1585	529
4923	116
1752	848
3088	2216
4923	1524
3344	600
3344	1108
5070	4201
3586	67
3867	3116
3116	2957
3703	872
4495	387
4156	1224
3293	1362
2605	1388
2528	116
4669	3685
2871	2699
3851	2562
3866	3112
3579	3496
3237	2637
2118	205
4394	1422
4949	3116
4750	283
2803	1933
4252	144
4271	983
3231	926
4271	188
1185	136
1448	696
4615	4149
4156	2692
4452	1786
3295	2216
3428	1187
2934	913
4728	1446
5035	3453
1139	36
3487	1546
3786	3673
2864	613
3724	2438
1090	855
3980	3972
4971	1279
4591	2541
1404	973
4651	1593
5122	271
917	448
3673	2904
2888	1639
1149	149
4623	316
1451	116
1294	209
2687	1485
4170	448
4907	1766
2487	1807
1002	69
3506	2864
2438	42
3456	3104
4848	705
3116	855
3105	2835
2438	1483
4562	1294
686	92
4122	2487
3320	2476
4889	1058
1648	116
5026	1446
4889	58
4045	3164
3116	351
2013	88
3114	2433
3542	1622
3673	2148
2934	69
4674	1430
1548	1213
2706	16
2474	269
2142	89
2048	1430
2188	180
3198	1324
3116	1854
3116	1306
3717	1626
4598	618
4156	2266
4196	833
2342	2146
3262	848
5008	4863
2889	116
4214	3777
710	299
3344	30
3946	800
5091	4193
4923	4830
5011	3226
4636	2282
3357	387
326	116
3902	2637
4655	1444
2438	2304
4972	4271
4156	1108
3048	151
941	116
1537	322
5008	3164
4841	926
3361	651
2370	1912
4360	2490
3617	643
3116	2254
2438	38
3547	1339
3939	3112
3456	2835
2438	552
3579	639
4712	912
925	264
1752	1712
4362	925
2547	2318
2216	1890
3456	656
748	592
3984	114
2929	387
3304	2703
1092	585
4326	2079
3536	1108
4198	2216
2268	79
3566	592
4035	1180
1185	187
1812	448
4336	270
4568	1252
2266	2079
3922	209
4907	1085
4804	2736
2216	1561
4655	1430
3503	1056
4790	3629
4863	1883
1440	855
1415	92
3840	310
2617	870
2370	1839
3984	2118
726	72
2605	1803
4201	3112
116	59
1139	833
1413	69
4537	4018
2118	269
4836	1727
4619	2626
4461	1546
4972	613
3442	2502
4970	393
2108	440
1639	127
1094	1058
4077	3247
5026	1248
4970	4644
4673	1286
3456	2261
5011	119
4156	1149
3289	1720
5017	3104
1207	1203
1267	310
5004	4795
5155	129
4201	3247
4311	3840
1873	284
3054	1726
2124	739
2409	1272
3685	914
4493	2625
4598	2438
1602	1306
5155	5041
4814	2750
2605	1626
5095	4598
3116	1912
4615	309
4990	4703
2511	2011
1942	72
3972	3810
2804	1094
4880	3114
4328	651
4547	3724
4156	821
3842	990
2547	188
3777	1243
4200	1686
1617	890
3116	2725
4637	1726
2521	2358
3116	2849
2066	627
4320	3104
2837	1207
4311	2156
4186	3850
3924	1108
4907	1251
1267	706
3107	1243
2582	892
2692	1461
4525	3534
4627	4156
4021	2653
4916	2216
3174	2934
192	114
2880	2653
808	391
2755	339
5056	3612
116	82
4985	3589
4701	4640
3506	726
3404	2506
3153	209
4156	3985
3924	3426
3426	3385
4525	4156
2118	1270
5095	2852
1996	25
4111	833
1187	104
5080	1912
2343	1061
4861	4294
2003	1546
4156	3866
3061	2437
4874	2049
4455	4185
3344	923
1546	799
2803	1202
4386	651
4830	2153
4326	2939
3149	2417
2299	1622
3116	2037
4711	2177
4156	2335
3114	2506
4790	2712
4830	875
2230	1484
5040	1598
3289	729
1119	493
4642	1272
5010	2230
3175	2835
4052	1822
5107	1269
3381	313
4480	1430
4858	2852
3344	3105
3006	2810
3767	855
4156	187
4866	3748
3628	517
1415	455
2983	1415
3605	3093
3044	1504
3847	1633
1848	758
3204	358
3619	1094
4495	175
3921	116
4185	2709
1914	269
4156	2846
2490	8
2660	2490
5078	1906
4752	271
4655	855
1859	1176
4259	391
4833	1272
4017	2171
5155	2160
3116	978
5138	4156
2531	2438
2625	1045
3510	2118
3559	2362
3376	111
2777	925
2653	529
2849	1537
3105	1633
4045	67
3458	1661
2347	973
4391	3666
4156	1278
2922	1422
4201	780
3354	632
3592	92
4241	3984
4558	1272
2216	1381
4674	2160
4976	4945
3185	442
726	601
2755	2361
2716	2178
4401	4156
4095	1185
4735	2487
5091	2555
2049	271
1243	1032
2173	867
2362	29
1881	1477
3116	461
3116	1604
2544	994
5134	4861
3589	758
3566	533
3289	1920
4219	116
2058	116
4481	134
1367	448
4259	1980
4984	1136
3505	340
3820	1626
3407	622
3685	1662
4495	2657
4674	3518
3685	192
2643	1858
974	43
1862	618
2118	978
4705	116
1171	116
5151	5072
2774	67
4397	4201
4598	2177
1483	884
1692	544
4670	122
4101	2138
4294	1953
4830	1444
2015	25
2948	2118
4149	3863
3924	1774
2147	1863
4976	930
3972	2492
4721	3488
4041	1666
3250	2216
1826	1726
1781	343
4186	89
4538	2835
4131	2877
4156	542
3589	1848
1625	585
3505	149
3592	116
1424	1094
357	270
2939	1444
5146	3864
1980	1865
5004	2851
2706	975
3840	589
2118	345
4752	1839
3116	2416
4721	4077
4991	4816
1727	609
5002	2306
5079	1444
4200	2735
2438	1524
1533	1313
4446	4156
664	38
3237	2858
2597	1173
3962	1703
2438	1454
2926	302
3797	1727
2627	1444
3016	2092
2438	1502
4156	677
3619	609
2605	2398
3189	3116
3984	116
3975	3116
3116	3072
4026	750
4156	1980
3972	3344
3864	3754
3591	1430
4854	2541
2652	2216
3574	2118
2895	2147
2541	1315
2995	116
2268	1251
3808	2934
4460	2770
3883	2951
5128	2774
4951	4740
1626	759
4901	3397
2564	269
4644	606
3116	66
4866	3116
1415	914
4326	3100
3488	2413
1173	89
3665	122
1865	1352
3972	3722
5146	1086
4878	13
5089	2472
3810	1444
4858	2582
3138	1444
1058	387
5008	867
4735	4018
4728	4271
2627	1180
1608	116
4391	2343
3121	833
3397	2989
2079	833
3116	88
1722	704
2192	549
3496	2118
3185	1633
5061	866
4271	677
4271	4196
2626	1537
4064	704
4605	1494
3940	3381
5061	4103
2947	2057
4355	1136
1294	124
2670	2216
2625	1933
5004	3536
3116	2703
3688	2048
4156	2821
3009	1415
2686	1727
3972	1448
3116	2190
2015	1430
4525	613
3175	2934
3644	313
1958	843
2541	1169
3289	833
4674	2142
4970	3957
1884	393
3866	2775
3939	1306
4392	3116
5078	748
3548	2838
3223	2216
5129	1149
3199	773
4051	269
3991	2835
5043	1044
2000	25
1667	925
4670	1248
4021	111
2795	2142
2125	531
4972	1444
3622	116
4554	2385
4814	449
4480	2006
4410	1094
4349	911
4529	1537
1781	18
4483	3286
4156	82
3686	351
1494	116
4301	187
3984	8
4830	4655
4841	4271
4156	89
4644	2347
5151	2473
3747	601
5026	3674
4615	4067
3331	176
3426	600
2605	2256
3121	1444
3941	2753
4813	1408
4766	1620
4938	2835
2801	2174
3370	116
3814	3176
4907	4398
1917	31
3847	930
4525	3620
3924	3686
3071	133
4309	116
928	815
4913	1494
2849	1626
2124	844
4156	111
2468	92
3164	205
3493	1061
3939	299
3991	2118
4646	4644
3714	3116
3116	3105
3364	1795
4021	2755
4185	800
457	92
4052	2753
3556	88
3478	2991
2312	2066
3138	1202
4365	1149
2637	1487
3204	1422
2108	1010
1352	1038
3840	1666
4872	4382
3559	2216
1408	610
4776	3536
4598	2547
2318	1466
4495	1662
491	313
5011	1269
3061	533
1061	114
3820	1227
4401	2617
3568	1921
4525	2347
2544	92
2625	1881
3962	3506
4336	35
3939	2153
343	222
4271	1604
4873	1430
5038	1727
3754	3325
2801	1454
2803	116
4147	971
4301	971
4301	67
5151	4861
4448	592
4182	3237
4301	1219
3589	2037
2178	187
1781	448
4984	1032
3116	1362
3665	982
3905	601
5097	1460
2597	550
1453	442
1185	261
4156	562
3088	2625
3496	921
3516	1024
4181	1128
837	440
4674	4651
2417	1185
3138	1524
4328	2963
4131	1273
4493	2216
4086	2811
4035	2142
4965	3619
3840	2858
2598	2519
3259	1819
3566	116
1038	633
2947	1176
1444	1139
3263	3116
5040	3038
2660	2118
3496	1440
4339	2118
2704	116
3414	2037
3498	92
4967	1781
1306	303
2862	1626
4156	2827
4156	120
4863	4196
5040	1044
4160	613
4795	4623
5091	4111
3617	65
3045	2230
4693	612
5128	928
1604	1139
4156	16
4095	2947
4156	2709
3866	3505
4872	2562
3566	2433
3426	3011
2957	2687
828	187
5075	1546
1912	1850
2232	1339
4151	3747
2438	611
2735	2342
3116	440
4113	264
2178	1108
4943	833
1774	1302
4156	1500
4156	1686
3412	2235
2490	613
2829	2605
4318	116
2894	310
3414	811
4863	4045
939	116
1119	357
4586	1483
4752	2077
4538	890
4502	3611
3424	2459
2835	2519
4156	2474
3455	1256
5041	2547
2342	1774
5038	270
2118	1354
4301	3067
4655	89
3741	2482
4393	3116
3426	1662
92	12
2178	1492
2506	994
1185	1045
2810	1202
4830	4271
2653	2358
887	832
4972	1139
1712	1422
3887	649
1108	89
2796	1533
2605	1156
2483	1948
4779	558
4156	3160
4019	917
1781	116
5079	4271
2495	2216
2699	2438
4872	2342
1333	799
4872	3814
5028	3116
4499	3777
4219	2672
3722	1840
1293	175
1546	440
4156	3321
3619	116
2837	1839
4156	406
4156	2801
2153	855
2079	205
4111	3357
2930	1593
3116	1279
4031	3210
3851	3286
2605	136
3674	1840
2961	1818
3407	2199
3099	2961
856	748
4863	4156
3953	1666
3505	2438
4410	116
2627	1139
5017	1248
4201	2680
5034	4674
1911	22
4831	3915
2438	175
2232	844
4863	4655
2037	2011
485	224
4525	3895
2049	1415
5015	4031
4623	3701
3536	2801
1444	300
3167	19
4841	222
4830	472
4289	2652
1571	1313
3116	742
4362	176
2811	877
4392	116
2898	609
4058	2735
4565	3116
3516	162
2216	1928
5072	309
5155	4893
4598	2835
2743	1119
2799	2118
696	22
4412	660
1444	1108
5079	387
4872	1272
2642	2544
4554	3935
4841	3758
4414	3321
1306	89
3984	2755
4189	1254
2438	1655
2476	246
4712	2224
3223	615
5134	550
2837	224
4872	2701
2805	106
3121	299
3739	2544
4369	2829
5004	613
925	180
1994	1533
4113	2495
2124	843
3488	1448
3116	1251
833	192
2605	1463
3116	1648
4019	1546
4703	3659
3837	3061
5008	1661
2761	2312
3825	2541
4271	114
2438	114
1620	706
5008	2006
2871	2746
3620	827
2049	440
4156	3449
3344	2495
4872	2739
4536	3116
5078	1487
4156	3536
4480	2803
4113	3116
3957	3365
343	36
4080	3149
4863	833
4500	3344
928	313
3688	952
2835	35
5136	5128
4271	2775
4960	926
4108	272
1582	866
3739	1198
4035	3941
4949	3344
5039	4480
3808	2216
5153	4156
5040	2232
2472	387
2472	2199
2985	385
4209	1415
4861	3851
4018	3974
1661	867
3866	340
1453	1117
3116	1267
4791	116
2118	485
5107	119
3285	2511
4480	3088
4798	1213
4840	3236
4045	1604
3559	1836
4058	302
2952	867
2770	2562
2706	89
4045	1933
3881	25
2564	1253
5129	3536
1873	177
4795	4129
3621	2410
3677	2312
2531	1774
4971	1546
4640	1136
2110	690
2835	1593
3354	1740
4448	116
1430	885
4474	4264
2564	1032
3442	2192
2540	116
4264	1952
3967	2437
1552	1547
4045	147
1256	655
964	192
2216	1543
963	690
5004	1847
5040	2199
4156	609
4201	3248
5068	1248
4088	2079
3536	2835
1692	743
3456	606
2341	978
3771	2851
3772	1917
4181	122
1446	69
3442	2188
2142	472
4827	116
1504	1448
3810	2864
3830	116
1617	585
1483	67
2299	1032
1840	187
4387	3328
4863	142
2308	1187
4030	92
4833	3116
3962	928
1444	88
2216	35
2362	1781
1408	89
1884	573
1744	1455
4651	4271
4373	4156
5095	1887
3222	606
1367	652
3578	2438
3208	1253
2884	2409
1533	1092
3071	116
3580	1180
4156	2079
4640	1415
4644	1617
2216	611
5134	573
4156	2556
3990	1774
4271	3866
3703	2022
3751	3426
2926	2342
4827	618
3112	622
316	72
2582	1267
3506	187
272	30
843	89
2421	1185
928	187
3984	1467
3453	1627
5072	4615
4271	1446
3810	820
2409	704
3701	1367
2282	974
2312	1430
2657	1108
3659	1461
4181	4113
706	255
2637	307
3673	1437
3602	963
4414	2438
1996	890
4201	4170
3336	3116
1537	406
1324	168
3724	2653
4463	1546
1252	145
3493	2541
1914	1839
3319	2930
4101	116
1830	1185
4156	1617
2350	1444
3944	2216
2544	2370
4861	1324
3496	89
4525	1584
3493	1047
1909	343
1851	855
5122	2922
2531	1492
3555	28
5102	205
4623	253
2863	1811
4526	2342
4480	4035
4000	3343
4112	3116
465	116
5035	1531
4747	92
4525	2560
4970	1598
1946	611
2835	726
3957	3739
3210	1067
4046	2216
2050	1243
1504	1432
4156	3825
4153	982
2625	2234
2148	455
2472	1720
1444	1307
3121	1180
3839	116
4225	4051
2383	499
3602	3176
2564	1294
4655	2400
4955	31
3424	1213
4077	2348
4524	89
4231	440
4271	2939
2118	246
4156	2721
3496	833
2341	1770
3666	1897
2864	1483
1632	1187
2406	69
2531	12
2930	1727
3431	3209
1667	288
4642	3685
3237	1461
3837	3237
963	739
4861	4670
3250	3116
1661	1286
3911	2406
4606	2562
4076	116
3417	1122
4156	949
3556	1156
1139	205
3093	763
3839	2299
3715	114
2593	2108
3866	1180
4264	3116
3434	1667
1537	1254
4182	3114
4156	681
4156	298
5106	4156
2701	188
4048	322
2188	1408
3493	2796
3199	1836
1492	116
2904	2898
4860	4301
2541	652
1836	116
4461	3484
2019	750
2985	622
5045	4201
4113	1270
4129	2829
1444	926
2341	512
4077	1267
4480	340
3688	2893
2896	1136
1444	67
1746	705
4721	4268
3629	610
4972	1180
4165	1876
3116	2177
4866	4156
2975	2502
2547	509
4538	25
2216	650
4175	116
4156	1954
1933	1444
3489	3488
3602	2835
449	313
4560	3385
3343	675
2959	800
3153	643
1692	1466
3555	965
3116	758
4406	1324
4874	1585
2625	1543
4480	149
3104	37
3686	1678
4460	3116
4872	1250
4714	116
4798	2370
2266	967
3847	921
4156	2859
4393	4156
3708	187
4874	326
2837	1623
4469	3863
1537	1445
3669	2703
3765	116
4598	2775
3685	2495
2101	589
3924	3602
4196	1444
4156	3345
3343	1207
2835	917
982	122
1254	652
3580	3376
4201	1903
4943	3589
3116	2200
4460	2438
3536	1847
3674	3116
5040	4584
4156	1477
3724	833
2173	2006
3602	3515
5158	2180
1581	1448
5048	116
1981	1170
2048	1061
4582	2118
3739	1348
2142	867
4972	1604
3399	2514
3019	313
3542	1526
3864	2858
4525	1816
4113	4035
2347	1092
4854	1467
4723	2049
4156	4088
4096	3665
2118	1901
2884	1094
2805	3
4750	89
2282	116
4646	1994
3505	2118
2917	309
1883	472
5159	449
2656	1429
3777	3428
4771	92
4156	339
3718	3116
2947	2605
3503	1185
4186	2706
2835	1996
5031	4960
651	18
1185	69
2838	2835
3116	426
4271	36
1510	38
4908	2605
1839	1744
3466	1752
4880	601
4051	3542
3164	2775
4712	413
3636	2564
3561	3488
5084	43
3777	313
2013	393
2901	2704
2796	272
3754	2858
5079	4863
2605	2065
4640	507
3518	134
1883	971
1248	116
5068	2843
4827	111
3580	34
3816	2511
4252	116
3580	1720
4830	2173
4457	30
1585	104
2584	246
3674	2438
4880	364
3879	1887
1404	1252
2328	1537
2965	116
3483	440
3503	539
3339	2216
1537	1180
1692	1662
2750	2307
3108	1626
4752	116
2324	2268
1061	149
4561	4507
2190	336
1446	800
4955	2934
3453	357
1825	983
2413	116
4723	3605
3175	1467
3399	1415
1873	726
2438	1156
3160	837
3771	529
1282	529
3019	2118
3116	2066
4156	2892
2810	2142
1227	963
3617	2216
4840	1149
4561	116
4156	531
3488	2784
1593	1444
3488	2482
3222	3116
3324	1061
1337	1108
3116	2799
2782	1176
2438	205
2811	1559
2562	1408
2178	1727
2726	517
2181	750
2746	2406
674	116
1607	187
1671	347
5008	1774
3665	1187
3116	2118
1891	1262
5089	387
4480	3505
4393	2884
1444	111
4480	43
3116	3093
3962	2752
4165	1960
4725	4156
1746	1494
3724	1920
4424	903
4515	116
4329	2582
4970	4860
5040	2699
3498	1733
3067	1726
3493	928
4156	1526
3566	343
3116	381
4984	4640
2079	1108
3974	897
2851	613
4872	72
1762	116
4598	2755
4780	2049
387	89
2884	890
4443	72
3121	613
3466	848
3116	2128
2434	2003
4018	2934
4858	35
4272	3666
4830	4326
4674	1094
3866	299
1611	1537
2097	1258
3048	2934
2024	1626
3589	1203
2546	74
4156	3665
2429	1958
3116	2218
2837	2385
1622	269
4423	3686
2862	2216
3536	2479
4311	2473
1252	142
4860	2177
1563	606
2722	1727
4502	3974
3962	3586
4111	1446
2342	71
1044	1002
4985	2181
1313	1286
3864	3237
4831	866
3957	2479
2835	2490
4238	3116
4461	2312
1593	1426
3674	841
4750	231
3426	851
3614	2079
4814	750
3088	1176
5004	4615
4895	1727
2340	1865
4814	2540
3466	3354
1851	1422
4043	1408
4406	1655
4830	3536
4976	1453
2266	1108
3901	89
5080	1625
3116	2593
4162	2660
3116	492
4156	3474
3851	3612
5040	4860
4606	1108
4114	592
1408	300
4035	2438
3884	1243
4156	1306
4169	3328
2511	2347
4901	3488
3722	465
2085	1167
3067	2625
4201	211
3602	2361
4529	3344
3223	773
3444	2703
451	116
4695	2118
3611	2593
3510	726
451	176
3116	360
1966	413
2835	67
3807	2247
4193	917
3012	2675
3932	1727
3536	2584
3982	2573
2652	1626
2685	255
4301	88
5011	351
2156	1932
2230	1334
2704	811
387	205
3309	1741
5042	265
3175	2118
5086	3116
3185	964
4467	69
4795	116
4001	529
4839	4746
1858	988
2278	1638
3492	2282
3908	2947
5028	1537
2625	2000
4938	1943
3116	2328
3797	3748
3402	144
3515	3112
4410	3754
1897	662
3399	2438
2541	29
4655	1302
589	116
2216	759
2490	2486
4486	2507
3328	455
2295	116
3883	3708
2864	343
1688	187
2867	1714
2884	2835
3877	1986
3489	2492
3456	2889
2406	310
3503	3397
4298	3093
2438	111
3857	1755
3808	2893
3574	2370
4461	272
3361	3218
4790	2621
4524	4311
3426	1883
4655	4326
4867	4361
4131	2395
4156	340
3343	848
3842	1333
4554	4488
675	269
3952	2434
4156	3505
4271	3984
881	877
5108	3245
1294	8
1822	129
4035	1108
5008	4495
2342	1428
3116	771
2409	89
1444	677
3116	205
4156	4077
4907	2547
4529	4415
4830	2939
4156	2673
4193	1966
2726	1593
4985	3116
1990	116
1807	1294
2598	116
5146	3837
4026	2299
2926	2735
5077	4156
3116	2952
3754	914
3580	1270
4301	1873
4785	3116
2544	1287
4987	1579
2342	2321
5112	2746
517	43
3116	1203
4594	3568
5145	2468
1521	1415
1156	46
4701	29
4525	2864
1658	1313
4651	1670
3810	3450
3603	2594
3385	2174
4200	2926
5079	1286
4271	613
3935	116
2362	569
4345	3116
1408	8
4156	1802
4856	2605
3957	2216
4088	2574
3879	232
2947	550
3518	2939
4770	2398
2438	1304
2709	1537
4186	4156
3924	1466
4156	146
3121	1923
4655	4651
983	866
833	387
2660	2459
1444	558
4486	4012
1492	928
3320	3116
2894	964
3714	2216
4830	867
3116	963
690	606
1703	1451
3477	2653
2511	622
4156	690
1544	1185
5145	750
4830	4088
4156	2350
1185	877
2290	1617
3602	1460
4193	116
1306	618
3493	2342
4538	1954
3165	1726
5031	2901
3121	1270
5008	2312
4943	1444
3122	1582
3176	160
4970	4525
2216	1270
5091	2216
3116	2347
1703	88
3747	773
4752	28
4252	1938
4841	2716
4880	3237
413	187
4816	3977
3881	3424
4506	2362
2594	651
1692	584
3116	640
1727	253
1733	1444
4943	2006
4271	4035
3488	1760
4791	4728
4949	2118
4461	246
2704	892
2142	36
4412	200
3245	89
1270	1149
1516	262
4201	2398
985	601
914	65
4461	2395
4943	3496
3428	1032
3358	2605
1627	1546
2605	2070
2957	2605
4448	1248
3107	1207
5106	4880
4181	982
1291	418
4674	589
2934	205
4156	95
4703	3116
4443	1422
3452	116
4674	4024
4183	1448
3692	114
5008	4480
3741	2064
3488	2654
3164	1883
1933	1454
3651	3116
4908	4870
4728	4673
1440	876
2985	928
5034	1108
1685	1461
4642	1085
3905	3114
3837	748
4752	1722
3685	1351
1873	1185
3381	2490
3935	2605
2706	1548
3116	3010
2040	74
1302	855
4245	1514
3477	3289
4193	2148
1267	16
4180	758
4863	2006
2598	2541
4674	3164
5102	2216
4827	2048
4410	1722
2375	2063
3426	2410
4664	47
745	116
4474	1422
2142	1670
3116	1599
4156	3883
4289	3636
2311	1107
3114	649
2266	1422
4872	310
3116	151
3192	2108
1518	490
3116	1763
3192	2199
749	116
3072	2704
4095	2118
4417	925
4156	3627
5071	1727
1598	1324
3777	750
4272	558
3619	3344
1487	592
2492	1760
3756	3352
1923	406
4406	3742
3991	241
3654	1744
2560	652
1921	1774
3414	758
1604	205
3493	1533
2361	1692
1695	1533
3982	116
3493	3116
2704	810
3198	168
4547	618
4271	2328
4406	2808
2888	2479
4972	833
4863	2362
2544	2199
4837	1966
4045	151
4156	3399
3840	3769
3637	907
4271	200
1903	1242
4693	116
4201	29
4162	3536
3116	2670
1861	1446
3881	3614
4169	451
4156	1958
191	116
4662	2476
1883	855
2415	1999
1607	1185
4675	2312
4524	2473
2199	514
3307	1546
4841	1227
1537	1464
4336	3453
539	122
4486	2835
4525	3164
2353	2312
1973	1781
3061	2692
3116	2104
3917	529
3116	2492
2985	222
5151	2438
3477	2521
4525	639
4870	584
5008	472
4507	4156
3840	1119
2216	609
4712	3536
3116	149
2092	2062
1782	606
4153	533
5136	1667
2704	1766
3237	2877
5004	38
4923	149
4193	232
4030	2739
205	111
4735	3354
3980	1897
2230	2160
5155	1897
4598	122
3489	974
3492	2272
3536	376
4088	1202
3825	3609
4156	205
4250	3000
2755	34
1661	1108
5027	284
4023	25
2627	833
2177	2039
3204	1887
3597	2216
3614	3116
3555	3325
2999	2056
2142	1302
2216	1666
3637	1119
3489	2618
4156	3954
116	80
4625	2796
2780	2307
4048	3810
4827	833
2108	1825
4156	442
4194	2539
4393	1306
3917	1444
3637	613
4817	3116
2608	2118
4795	1334
3579	3104
2438	2153
4972	4873
4525	2409
4635	1667
837	144
2544	917
4156	307
4785	1752
5020	3153
4831	1762
1933	1727
1582	1251
1110	270
3289	1034
3121	1883
3116	1510
4644	2799
4035	2511
3851	2013
3724	2755
3804	116
3571	116
3939	2142
4156	3771
2216	1501
2406	699
4538	2864
911	512
3839	2750
5004	4711
4685	88
4156	2443
2506	1261
4695	1873
3358	2541
1196	1145
231	187
3636	952
4077	885
903	116
4156	2375
4646	1571
3114	1856
4156	2795
1938	1746
2438	1816
2256	116
3343	2892
1196	144
1825	1692
3107	750
3579	1537
1756	116
2835	92
5072	4294
5031	3960
3116	246
4113	800
1727	1424
601	592
4827	4156
4185	1089
4525	780
3409	1839
4156	88
2118	1408
1727	142
3364	1552
4711	222
3424	2596
1058	149
4390	2487
3477	2472
4279	3739
2877	2692
4045	1953
3957	393
3758	2852
4252	1774
4750	2782
1460	252
2892	1108
4850	4518
3093	1454
3605	1690
3975	2605
4872	4529
1479	311
3116	988
3116	1995
3612	1444
3414	1623
4830	2567
3924	2230
2247	1431
3496	2775
3962	3924
4196	3505
2434	116
3960	2478
315	209
4907	917
3704	74
749	313
3534	644
333	313
4970	1884
2650	313
4889	3116
3104	903
4045	2939
2492	2353
1932	660
2438	2395
2823	1778
5151	4615
1638	1185
2174	985
2685	653
4156	4112
3825	1272
3758	65
4086	1908
3496	1436
1763	1243
1454	533
3673	1334
3870	343
4156	917
1874	122
4525	1617
1444	704
3295	246
4511	153
3486	3116
2474	2181
3612	2312
3486	1617
2473	309
4976	3847
4393	1444
2627	149
3665	866
1313	205
4911	116
2427	1167
3637	2118
4615	2584
4095	4065
3488	455
4923	4493
2327	1739
3940	2085
2593	92
4156	1541
3385	3114
3962	66
343	246
4077	148
2645	116
4156	3112
3116	1954
4040	3605
967	116
3566	3489
3484	3105
3767	1108
1622	8
5102	1454
3722	89
3754	980
3952	92
2495	664
4770	3954
3665	1128
3739	116
3116	1839
3636	3116
2799	2361
4156	791
5035	4316
2605	1002
4970	1625
5010	187
2755	2628
2975	1444
3972	975
4480	1604
3866	2173
1662	1293
4410	2079
3352	2348
4970	3568
2672	1932
1692	247
2799	1617
1655	35
4708	2118
2743	2706
2127	116
3939	1094
4156	833
4728	2438
2299	1741
5112	1479
2409	229
4975	116
2290	1119
1630	272
3450	229
2063	1020
3453	2438
4863	1306
3063	1020
2118	340
4410	589
3107	2625
3724	3477
5145	1061
5056	2278
2904	2479
4970	1617
5008	1444
5095	926
3199	343
1559	881
4831	2050
4859	1034
2216	1903
4708	4525
3580	2048
4012	3476
2085	269
2142	1286
2448	2199
4594	3991
3935	2013
3915	2050
3011	855
2703	2434
1440	89
2735	302
209	8
4710	3116
2438	509
1727	288
3908	1061
3810	3104
4770	3116
3722	3104
4271	3231
3142	2573
2438	2196
1430	1333
3112	1202
4301	3591
4970	973
5015	4022
4156	36
5122	4019
1093	856
4651	253
4993	2750
2750	2019
2947	413
5078	1461
3219	1543
3493	366
4615	2224
3566	1685
2304	114
4821	1422
3067	1626
3967	116
4414	2803
2388	1692
2852	1880
4193	2625
4666	4156
1671	1453
4985	750
4021	205
3767	339
3426	205
3972	1744
2652	837
5078	3489
1848	224
3392	899
5031	4393
3674	1514
4131	3116
3116	114
4149	1428
4294	4156
4547	3245
4156	982
4880	1108
4460	67
3498	1108
4873	4271
3376	205
4457	1667
2829	1479
4463	2409
1942	909
3739	686
2755	205
1227	652
4467	3649
3722	2118
3619	555
1444	339
2478	1639
4035	2177
5136	1546
5108	4859
917	574
4525	911
4725	3489
413	392
2582	284
2406	773
3810	2625
4046	1873
3850	3506
2492	1740
4517	2438
4525	300
2607	2216
1313	417
3376	2438
3488	773
1884	1324
4606	1408
4189	2544
4859	1348
2438	1703
3093	1996
2814	652
1185	609
1404	643
300	79
3839	750
4467	4107
4816	2805
3414	1203
4156	2975
2406	1430
4086	1269
3580	1430
4598	3164
4674	28
5080	2312
4301	3939
3488	696
4021	2438
2019	63
5021	2487
4393	613
1811	726
2479	1786
2835	1430
3602	1085
4814	269
2049	146
4831	4640
3580	2628
3905	649
2418	1891
2547	1492
3935	3343
1453	930
2358	1726
4162	2122
3116	1265
4525	1692
4431	116
3602	2057
2746	35
2156	1876
4560	2801
4547	2521
3777	2388
4831	29
5128	3754
3905	1487
272	180
3612	1248
4271	1094
3837	592
3100	299
3100	2406
1110	357
1913	1825
3424	2312
3765	1533
3542	3356
3895	2409
4041	2196
3870	2835
2045	269
2803	1883
4156	3917
2476	1579
5112	4975
4156	388
2118	1119
4486	670
4077	2370
3758	664
4943	3413
1727	271
3489	1917
895	589
4271	2348
2539	1205
3743	3484
4026	606
1994	1092
4271	1781
5008	1454
921	393
3603	2459
4245	1248
516	116
3777	2050
4911	4271
5091	4830
2934	299
2511	1830
4651	2939
4156	2706
4241	2687
4630	391
1462	652
2934	2259
4619	2312
3104	2852
3802	3343
3754	1454
3019	750
3636	1422
4201	3677
4525	3488
974	116
4905	3566
3866	1782
132	31
2959	2013
4827	2755
4915	269
4311	3104
2871	2438
3924	2835
4685	1453
4339	3321
1270	979
4381	3414
1537	1533
4627	3840
3116	1430
4088	2544
3840	2849
4916	3754
4156	3135
3116	858
4234	3286
4326	589
4107	3344
5155	2672
2216	2070
3870	2438
2438	37
4908	366
3344	2864
5155	1891
288	30
3072	1422
2835	1917
4200	302
4031	2178
4595	2964
3061	1093
3116	606
2877	1093
3067	1444
4525	3116
5136	92
3105	926
2862	2114
4817	4156
1462	706
4255	4201
5020	3839
2438	364
4955	3361
3602	2600
5035	1110
2775	387
2712	2621
3603	2118
3466	632
2755	1149
2951	365
4538	3637
2521	2312
4480	1094
1524	855
4328	4219
5130	3404
3088	855
2224	1248
4480	2628
3772	2395
1499	284
2755	2627
2216	1424
3901	1256
3116	1313
2011	89
4481	187
3536	2224
4863	2438
4196	3866
4712	2177
3493	67
3941	3840
3218	1582
3116	1087
3116	712
4001	2347
2216	1791
4984	209
5017	4970
3093	1444
3991	1460
4685	3426
693	92
3185	116
2631	1638
866	684
4841	1115
2199	271
4583	4561
4495	472
2118	188
2438	1485
4816	1445
1430	1185
2108	1990
1585	1571
3589	1839
4565	3105
3962	2991
4923	3496
2266	2118
2535	265
1781	72
1607	89
1596	1320
2858	601
3167	1265
4271	820
4153	1056
2835	246
4156	3754
2701	1267
4336	509
4470	1351
3336	2468
4201	8
2660	2573
5130	3984
4156	1593
4156	1667
4268	18
4480	1286
2775	299
2541	1313
2118	1092
1042	116
4183	2675
529	339
4381	758
3603	2095
2216	1533
4183	1610
4525	2290
1524	472
2750	1741
1604	867
1671	930
4045	116
4872	271
3116	2024
2048	205
3579	448
313	141
3797	2216
4040	129
2628	2627
2468	1136
4365	88
4525	2739
4185	2200
4239	1946
4019	2108
2544	1213
4156	317
3116	1455
1662	154
4380	2555
2114	30
2625	1623
1789	1185
5146	150
3602	2210
3685	2952
574	448
4118	3450
4831	3381
4701	773
272	188
4415	417
4525	1533
3747	2406
4970	4245
3561	922
4863	4594
4923	205
4156	3116
4802	2586
5108	3477
4798	2092
928	28
2391	1122
5095	3127
1903	1726
2216	98
973	231
4646	1533
2409	201
2894	1900
4640	333
4923	2048
2216	1749
2347	2118
2627	339
3917	13
5015	2353
4870	4022
4482	3042
5032	3116
2124	1313
5138	3105
1582	870
4558	1437
815	89
4156	3245
848	632
967	370
5095	975
4561	192
1408	971
3609	2483
5004	963
1444	205
4907	3635
5134	3198
1461	343
4923	833
4967	3362
2174	980
2939	1883
5128	1428
4252	1272
1122	552
4193	2884
4863	1670
4605	963
2492	1917
4156	2104
3747	2438
4960	4165
4779	4272
4101	2704
4156	2328
4271	2666
4064	4062
3116	864
4156	2006
5043	393
3864	2637
3837	343
4701	3574
1842	116
4872	4410
844	116
4907	3072
3506	973
4156	1370
4861	2584
3677	231
3839	3422
4062	4040
3584	1692
3579	3061
1460	1108
2216	2160
3810	2582
4375	613
3450	3426
4651	606
4955	3116
2608	1537
3474	1444
3484	3104
1754	116
4606	255
4561	2541
5068	3680
656	116
4301	134
3758	2511
1727	1063
2593	2199
4561	3941
4461	4111
1493	269
5136	4030
3895	2511
3138	1670
5123	3116
2531	971
3381	29
4859	2653
4409	4201
3505	2048
3038	656
4048	1688
5020	2427
4943	4480
4795	512
3962	3011
2142	1045
2476	1920
4287	116
4878	2608
4627	2216
5040	3536
1671	1108
1094	529
4841	925
3982	272
3131	2409
5136	4517
3559	2544
4186	2835
3864	3566
2347	2110
4779	967
962	241
4858	763
4272	2049
1912	1292
3220	116
1291	16
4640	4026
3121	3112
4149	309
3330	3142
2736	895
3493	3067
2353	14
2989	122
3413	2548
4824	3116
116	79
2541	1552
5134	3742
4156	241
2847	116
2564	1741
4815	4329
1291	471
3922	1521
3343	606
4872	4361
971	89
2991	309
2577	1313
4156	3707
1269	600
1450	116
4939	3981
2625	1061
4588	1467
4538	3104
5155	2877
2438	1213
4858	3286
4421	1825
2829	272
1746	283
1711	116
2142	1774
4391	1061
4170	2893
3847	1453
4526	1727
1627	187
2181	1582
3489	205
2206	966
2045	2040
1408	92
3743	176
5071	343
2147	1811
2319	89
1870	116
3686	1176
4398	3450
4271	704
3116	3044
2184	1222
2554	589
4393	3164
3769	860
3121	43
3831	2835
3674	2991
3223	69
3121	111
3244	3116
1692	983
3116	2400
4646	1313
2506	903
1924	1187
3442	1061
4656	2837
4155	3247
5151	3198
5017	4827
4861	841
4159	2348
2398	1873
3680	2438
3536	1671
2178	1248
3237	592
3580	149
1352	1108
3941	3100
4201	3199
2660	903
4409	3309
1671	18
4785	848
4526	387
1262	114
5136	4086
4802	3571
811	333
4156	200
2582	89
3696	2726
4326	2142
3935	120
4780	3739
4365	3984
4598	302
451	18
2438	1430
4404	2040
4077	3944
773	29
4779	2877
3764	268
3260	2266
4841	3944
3673	2479
3958	11
1198	222
3908	1692
303	218
1722	1252
3488	1101
4747	116
3905	2476
2627	2118
3739	1015
1446	589
5068	3484
1291	1227
2015	1958
4972	2006
2200	1275
5014	1755
4993	4404
4752	3542
4369	2406
4814	1154
4480	1270
2406	1627
3486	1119
2755	1771
2199	1563
2902	2118
1175	606
3289	1332
2442	2149
4156	2582
2829	2216
4156	3596
4646	1272
4976	2555
4156	2645
1709	455
3122	209
3116	913
4615	1870
3104	926
5136	1185
4488	3208
2991	187
2097	754
2685	241
3672	187
4685	2438
3164	1444
2438	2266
2628	92
4111	3498
2605	1561
2178	89
3635	1935
1176	299
4193	696
5122	3816
1281	394
2843	347
1861	1851
3433	2118
2801	985
2926	1108
3839	2564
1461	175
5080	837
4547	4111
2142	2006
4294	4271
5035	4272
1286	1175
3847	1117
4938	601
4113	151
3822	2746
3954	2893
4231	4165
3639	2991
4685	89
3116	1451
2483	1479
760	116
2230	116
2625	29
3122	116
517	347
3696	268
4863	3321
1798	899
3771	1444
3116	1000
2593	610
4153	2989
4201	72
2145	1704
5020	1477
121	92
4129	172
4863	855
3116	1565
3984	3404
2006	1661
3895	116
116	34
2443	953
1484	272
4194	3042
1825	69
1430	1067
4201	1840
4200	1980
5122	4790
2299	209
4404	313
3953	550
4795	4598
2541	255
5028	726
4111	2312
5146	592
4095	2079
2145	168
5078	3905
4301	3493
5035	2438
4200	808
4830	2472
5079	4670
4816	3343
4537	1740
3982	2829
2805	2753
1873	1119
4018	3466
2672	660
3236	2801
2438	2142
5028	1020
5008	4433
4271	1463
3747	2888
877	413
4156	1994
2398	1626
4110	2625
4949	4480
1704	168
1598	1248
2560	2476
4908	4022
2118	651
1546	1455
3586	3344
2951	1202
2719	1165
4045	736
4525	2506
2230	875
3924	763
3773	606
3165	1537
4836	1537
3994	1994
4156	1061
3525	116
4095	1938
4482	129
3072	652
4391	903
3704	1667
2118	1029
4126	2198
2531	2178
4358	4111
4960	343
3840	2043
2438	385
4802	4241
2521	1424
4078	63
4201	3142
4525	1477
4156	313
4814	4195
2755	2653
4872	1521
4201	2685
2410	2013
4040	1722
4816	2216
2884	1645
4030	1996
5108	2358
3839	3167
2108	866
4525	833
3886	188
3924	867
4156	1916
2468	2063
3352	2835
2312	971
4560	1461
4943	1180
1499	1444
2361	1746
4723	116
4030	3493
4759	930
2259	1108
2896	192
2555	828
1173	922
3777	2667
2932	116
4172	1692
2438	1604
1092	914
3566	307
3739	1778
3985	116
4153	122
2118	704
4238	313
1666	589
3492	2254
2013	492
4872	4627
2299	1243
231	89
3262	3116
3724	3289
2196	1781
2085	313
573	550
2752	2541
4480	3112
3116	1996
4156	1452
1722	116
4615	1884
3924	3576
2279	1185
2507	1917
1448	866
3295	784
1415	1136
4156	468
4301	3962
2092	1839
2220	116
3116	1079
3672	833
3866	2118
971	843
4880	3864
2934	1639
2835	1703
4872	909
1479	548
3344	3116
5078	1685
4830	3100
4880	1906
1199	116
4450	3116
4517	2108
3116	1477
4795	2704
2934	1626
2216	877
4636	43
4189	1108
2670	1185
290	224
2383	116
2385	2181
1292	46
4415	1593
1873	22
3814	3455
5102	4040
4861	1671
4486	926
3054	2216
5128	4674
4156	14
3589	343
4524	971
3361	1660
3839	124
4685	4524
3112	222
4149	3116
921	517
2142	855
2835	2651
1862	339
3603	1950
2857	2600
4703	2514
4147	3962
4711	912
4318	74
1426	1185
1692	193
5063	5026
3763	116
2653	1058
1531	116
2605	2024
4474	2312
2511	35
1444	188
4373	3116
4905	4156
4780	1248
3009	2548
3519	2437
4035	3840
5129	4525
3116	2019
4670	3413
4525	1273
4113	310
3765	1502
903	639
4156	1722
5031	1883
3218	632
5080	4642
4827	2653
1128	539
4827	4196
2555	29
1139	149
2750	2085
3237	533
5128	4326
5151	2224
5112	1870
3536	1444
4743	2482
2625	2311
1061	592
3116	2490
4525	1248
1942	37
4916	116
3309	1404
3352	613
5028	3510
3484	1830
2040	1187
1504	1477
4798	3116
4575	114
4991	2753
1281	611
4111	3548
3940	1863
3586	3286
2851	272
4433	3358
2476	2406
3164	299
5008	3121
2823	1444
2395	855
2544	1176
1686	74
2653	833
2729	116
2835	2342
4156	3044
4750	187
2740	116
4386	3602
4397	18
1727	1546
3788	250
5128	2429
3153	116
2438	978
4192	901
4292	1187
2216	1045
2183	1430
1781	1692
3046	1912
3426	65
3248	129
1444	92
3114	2637
5035	1479
4880	533
4922	4156
1726	1623
2070	455
333	8
3847	2934
3580	2627
941	283
2704	1446
4261	116
4623	72
4827	1444
2852	192
4693	4086
4156	1318
4019	48
4798	4180
2476	690
4759	1671
2864	200
2216	1517
5031	3536
2877	129
391	302
2299	2019
5028	2118
2864	6
2040	1294
4529	2312
5010	3756
4778	4045
2567	1883
4287	313
5153	833
5151	5040
4156	2774
4198	1727
3153	2750
1726	975
3673	440
4655	3088
2000	885
3569	69
4156	1511
4685	385
1662	424
4271	3947
1061	311
4908	2625
3764	131
2780	269
3739	2904
4895	796
3116	709
4525	4113
3138	2142
1596	1243
2210	613
4326	2438
1555	340
5004	600
4765	2835
1139	340
4901	1128
1849	1002
1790	1755
4770	72
2370	28
1272	1047
3443	2687
3866	339
3354	897
4728	36
3175	2726
2605	39
2183	1038
3952	116
448	96
5008	4728
4022	14
2537	2011
1156	644
1744	1415
4830	4035
2753	1104
4201	675
4537	2617
2894	364
5145	3361
3339	1727
3356	1021
3245	149
1533	493
1914	1207
4182	601
4972	4196
3223	2539
1598	168
4487	3450
4409	2069
3944	3104
2118	1279
600	187
3458	2312
2775	1862
3116	2125
4529	1727
4670	89
1453	973
5046	2361
4410	1873
3402	2292
649	592
4965	3484
2188	1061
5038	912
4271	1054
3237	1685
4967	4307
2077	1365
250	116
2560	2118
3319	1839
2544	299
4863	1524
4960	4156
3767	422
2409	2118
2628	387
4970	4406
3328	2535
3198	2584
4131	2704
2755	1180
2015	343
4644	2290
2438	2312
1752	1305
4311	1876
4644	493
3399	313
2199	1775
3901	622
4878	3223
4863	3121
2709	1727
2378	209
3104	1444
4171	2660
3786	1546
4034	1020
1272	926
4770	542
3787	299
3506	600
4380	1873
4779	2438
4169	3673
4646	4271
4467	3739
4301	12
4766	3704
5008	4393
1727	1422
5122	1771
4493	1048
1914	116
2312	246
4586	1278
2934	71
3466	3262
4598	2926
2210	2118
2625	69
4525	38
3116	2660
3358	116
4393	3580
3680	2216
3489	1479
610	181
2299	1294
3739	2479
2774	1502
4588	592
4034	537
4126	43
780	192
3911	1044
3489	748
4085	192
1821	71
3116	907
1444	6
1521	269
4703	4156
492	25
4156	2917
1948	1836
3493	272
2438	1108
3510	1885
2948	116
2006	1306
4189	1913
4802	114
4052	2304
2706	2438
3116	1744
2048	1444
4162	2539
4850	2118
4058	2342
4923	1180
3104	2495
2516	1415
4170	200
4949	4583
5027	1537
2582	1774
3557	3536
3116	1408
3204	3116
4525	2350
153	132
1655	1085
4381	3589
4588	973
1856	307
4156	1953
2652	315
4841	2388
4208	1727
3753	3488
4637	2196
4970	1119
3962	600
3491	2199
2349	1727
4526	4111
3088	2438
1430	542
4861	1884
3542	1032
2849	2312
4336	2746
2483	1122
4560	4156
3116	2750
1692	1243
1207	866
4517	1746
2775	300
3673	1415
2930	2312
3404	3352
4594	3116
3304	892
2308	1093
4156	748
1703	1551
4181	1692
3840	3236
3840	2704
2904	2108
3991	322
3466	3218
3561	1067
4779	3769
5004	2118
4342	4267
4193	1946
4861	2438
5004	3104
4636	3696
4193	205
4848	2330
2529	116
3635	1597
3286	3114
4156	3808
5079	1306
1791	67
4830	4623
4156	1242
911	652
2307	1622
4201	253
3496	119
4271	1593
2409	1061
3620	2118
5151	4294
4156	1995
4502	1432
3116	227
2487	2198
3121	2006
4201	1494
5038	3223
4623	313
2703	313
5020	2019
2722	67
3226	67
3218	1752
1884	550
2495	1958
4301	921
1483	89
2750	209
3739	3493
1484	911
3104	2438
462	213
1825	1494
2627	2438
4703	1692
875	856
2725	1727
3741	2544
4651	4170
4261	2605
2218	860
2625	2409
5004	4525
1253	750
670	116
4598	1149
2555	1903
3116	462
2835	1692
1666	192
4410	609
3962	2013
4183	983
4170	1727
2805	1104
1633	442
3820	2605
5078	3566
3579	1185
2667	2140
3222	1061
5008	2810
3742	393
4156	122
2884	1444
1920	149
3426	914
4064	1461
3810	3354
4193	1821
3967	3116
1094	973
3114	1487
655	89
3116	8
3399	2476
4776	116
2279	1626
1175	1139
4943	589
4046	2625
923	116
3138	2153
2608	2605
1485	1467
4156	1912
3673	932
3174	247
2118	1585
5072	492
2324	269
4433	1883
2750	333
3426	1156
4181	1722
4231	2049
611	94
3192	92
4502	3878
1487	1461
2230	592
2487	247
2174	1722
1430	22
357	35
1067	88
3777	176
4208	2704
4766	866
2037	1839
4000	2555
3364	1059
3496	3492
1415	628
5095	1873
5072	2796
4943	1202
1286	268
4830	855
1365	332
2893	1781
2582	37
5146	5078
3116	517
3116	43
3428	750
3629	116
1156	413
3116	1883
2739	2118
1932	514
5072	3442
3093	1836
3589	2837
4859	4547
3088	2939
4642	613
3984	387
5068	921
4872	299
4294	2605
4830	3164
2682	651
3685	3105
3116	1585
4189	4156
4393	1408
4457	2704
1671	921
2358	2216
3536	2666
3939	2006
1865	554
2582	2438
4271	2560
4031	2531
4391	1994
4406	573
3867	3336
4712	3104
1085	46
3974	1136
2319	1821
3116	1733
4872	1287
3685	1404
4517	2199
3957	2904
2433	911
4040	704
2235	1346
4965	4271
1024	406
4410	1667
4225	269
3758	3104
2777	2230
4156	899
4065	3602
2513	1521
3100	1638
4821	3160
3496	116
3116	224
5156	269
4664	2108
2795	1430
4674	4271
3878	1061
4201	4156
4156	2146
5043	1324
3175	343
4908	1727
2495	643
1883	1524
4169	3739
3703	3327
3654	2181
258	86
2181	2118
5159	116
4284	116
4972	4480
5112	116
4415	3104
3116	2348
4985	449
4905	3754
1030	907
1777	89
3116	1821
3556	1667
1768	116
4965	2898
3714	2934
3586	2835
4035	2605
3984	2015
534	116
4391	1444
3376	149
2492	31
5134	2145
2625	885
5151	1537
5128	116
4670	3114
4156	1943
4525	2743
4721	3116
1330	1185
2975	550
3974	988
3924	2198
4271	1306
2216	683
2478	973
5080	4156
1543	1451
5130	2232
2829	1085
1836	1430
3307	2362
4984	269
2733	899
3488	2406
4480	2939
4271	3309
205	149
1597	1185
3769	451
2069	1662
4443	1185
3397	539
2739	2391
2630	116
964	347
4943	3505
2909	1938
664	154
2434	705
1510	1444
5159	2299
2775	1286
2704	1821
1500	116
2586	129
2065	1727
4674	4606
3456	2232
3863	2362
5040	187
3414	2837
3739	509
2605	569
2199	1733
5108	2653
1873	925
3503	1128
1727	1254
3724	149
5128	1422
4598	2735
2763	1741
3116	2901
4116	2560
3994	3496
2410	1662
1444	613
1544	1422
3866	1555
784	116
4750	2562
1090	928
2259	1038
2476	901
4642	2188
3518	2716
2478	116
4525	1933
4880	1461
4209	74
2672	499
4695	606
2653	2521
1213	406
5095	3104
2837	116
4480	867
3116	3051
2522	1210
3164	2939
5153	2156
2476	1462
2660	47
2312	1863
4170	2362
3962	1714
3185	347
3592	2299
2511	1121
1067	971
4156	3580
2686	2312
3067	2177
3206	2199
2160	1727
4406	3198
4674	231
4156	3273
5107	5011
3116	2823
4170	1333
2835	1485
4365	146
4859	3477
4727	2746
2438	246
4873	1883
4872	1648
1108	639
4861	517
5155	114
1741	750
3116	284
971	187
3477	1920
4156	402
2628	393
4170	2605
3153	154
3674	3639
3568	786
4969	3352
1103	558
2579	2199
4490	4156
3586	2312
1207	116
3982	975
4779	22
3677	3116
4752	3414
4131	786
4952	116
3344	2803
3754	2627
5008	406
3493	1727
5155	3677
1254	116
4156	302
3754	3385
4785	632
2006	867
4814	8
3754	3061
4798	3107
5108	4001
4594	3810
4149	2438
89	67
5004	4271
4361	652
715	114
2625	975
3006	36
4493	387
3505	2627
4873	4480
4943	205
4406	1598
2118	1390
1585	1313
2347	1272
1484	67
3088	1524
4156	256
3226	1269
2479	774
4193	1807
4156	1454
2256	1537
2884	1703
2926	808
1167	543
4461	1149
5072	192
3121	2118
3385	2801
1092	493
2341	265
2625	1938
2118	1599
4525	149
149	116
2106	1727
4740	4735
3116	726
1318	465
3068	2704
2860	2541
4381	116
3477	529
3510	1811
3354	3344
1533	1185
2085	1136
3116	635
4219	4118
750	209
3174	3131
1306	855
4113	897
2722	1334
2321	1430
3550	116
1563	613
4651	1108
3361	1692
1273	1227
3116	1943
116	72
4830	3939
4861	3674
3123	2211
2438	1252
3484	1591
3580	1286
4547	3685
3016	558
116	22
3289	387
3644	3107
4525	339
4065	3637
3527	2835
2793	1451
1657	132
1876	514
5031	1608
3061	856
2037	471
2810	1604
3566	3237
4833	4391
4529	1313
3044	1333
2894	2472
4825	4561
4814	2516
1948	1176
2731	448
3071	1726
3289	149
5151	4712
3672	2770
3731	1625
3499	116
509	92
4151	1270
3176	46
3050	69
3127	1108
2125	514
2656	121
4336	3962
2019	313
1061	422
4770	1485
3116	833
4752	3304
4728	3880
4976	1671
4156	909
4101	2625
4614	4156
4499	1763
4369	773
2199	19
4668	2605
3717	1185
4156	1917
4432	2653
2141	1891
4030	1291
2118	1357
1517	1185
4693	1430
2347	1585
3343	742
3996	3116
3810	2409
5136	116
4837	2889
4156	3285
4268	116
3685	975
2040	333
4048	952
5102	2775
4695	192
1213	283
4798	811
4538	1061
1313	1092
3786	3116
4253	759
4156	57
3138	284
1638	1537
1741	1253
2472	2177
2153	1045
2605	589
4113	3708
5004	89
3450	2183
1727	1090
5017	1044
1692	1351
2896	2118
1781	1227
1671	964
2763	1774
4406	168
1856	649
4525	3810
3175	1430
2282	36
4088	589
2625	2256
973	116
3580	529
4259	302
4517	400
4219	2963
224	126
2892	2216
2860	2216
3984	2457
3810	3574
1546	1004
4655	1306
4156	3863
4728	539
2149	320
2478	1348
612	269
4711	2216
4126	1430
3669	843
4841	4525
3944	2803
4972	116
5107	2893
4872	3797
4030	3984
4923	3138
2048	1108
4030	1546
1727	1045
4644	2118
875	600
2931	250
4217	1136
5128	2079
3561	973
3879	2660
2541	925
3116	2743
4193	392
5078	2692
4156	1671
3319	2837
4114	601
5089	3580
2547	1739
3754	748
2835	2312
4651	2547
4156	1428
3100	726
4401	74
2476	131
4558	1313
4752	3319
3972	1897
3262	632
3116	704
2511	611
3428	1826
3572	1187
3754	1487
4393	205
3503	122
4798	4381
971	291
3112	1670
3175	1444
2511	72
4156	3265
3722	385
4180	1207
2770	1543
4156	3857
418	296
1451	1444
774	69
3905	2858
4798	758
2755	1782
3505	3474
3116	1452
4156	417
3559	72
4271	639
4824	381
3175	903
3884	2085
2544	1512
2378	1294
3840	2417
5128	1085
5040	2584
2989	982
4153	3535
5077	116
4923	3866
3011	512
2385	1207
5056	558
983	613
4058	1352
4156	2805
2660	1261
2939	89
2544	589
4077	116
1953	1847
3493	2070
3344	2547
3837	1093
3116	1248
5079	2628
866	74
4646	2347
2312	600
2427	19
4467	734
4113	1058
5128	618
1727	1626
3455	1024
3116	925
4019	2216
3506	2483
3116	2921
4417	1499
2057	1444
1173	187
2479	2199
4361	2198
2203	89
3114	985
5035	270
3536	417
4193	1996
3088	2605
3116	290
2438	1771
4461	3536
3175	2495
5011	4171
3364	2722
3568	168
2347	1185
4607	2200
4908	3883
4177	1345
3870	3116
4703	1657
2410	1639
4778	116
4271	926
4813	664
3071	1690
4970	971
4156	2755
4457	3739
925	268
1212	333
4617	3739
2472	1670
3493	3131
4199	1422
4848	4193
4051	2378
3493	46
4252	2478
3603	3116
3840	2178
4901	2989
5108	1444
4642	2410
550	187
3739	168
4863	3413
4943	3866
2118	1622
4867	116
4156	2989
4623	3088
4156	1660
2864	2233
2917	2473
4841	3699
4749	116
5128	339
2142	1444
4196	2438
4088	1444
5056	22
4872	2930
3460	116
4905	3426
2904	2199
4107	89
3160	162
2531	1278
5036	3956
2348	983
5015	1492
5038	4362
930	442
2605	2589
3496	1444
529	89
3962	89
4827	3505
3603	2171
4035	2266
5068	253
3231	3174
3489	3114
3344	2153
3619	2011
2544	1791
4814	2564
3105	979
4342	2118
3344	855
2153	1202
4199	116
2931	2278
1781	589
5079	4674
4375	1667
4642	1617
4923	4088
3984	1863
4307	385
4393	3121
2079	207
2495	914
3121	1430
4972	111
4318	2704
3810	3044
5153	4480
2835	1149
4488	1521
2835	36
1444	343
4525	892
2174	1346
3404	2232
2541	2437
2775	2079
1873	1781
4525	3826
1624	218
4156	1424
3756	1408
2224	1884
3810	1313
1920	833
4021	3866
4538	3276
516	86
4271	2327
3505	1430
3164	1994
3198	3104
4960	1430
4798	2593
3636	2835
4393	4196
3486	1533
5095	4463
1921	116
3352	1537
2562	2385
4988	3417
3866	149
1307	149
3974	1477
3685	154
4785	3466
2699	1873
3116	2205
914	664
336	69
3343	923
4410	4391
4971	3816
2210	38
3434	3399
5021	345
4271	3104
3488	3093
4785	1477
2045	451
4387	3354
1876	660
2040	356
1032	269
3236	2858
4538	4271
4841	3723
4863	2803
3717	3672
3826	3534
4500	137
192	89
5020	2045
3414	861
3685	65
503	468
4271	1313
4156	1946
3330	1202
2948	2079
4518	1081
3866	1139
4814	4292
704	116
2216	1498
4189	1270
3417	3116
2750	116
4830	3112
3153	2040
3769	1626
3534	3381
3870	606
4670	3674
4241	3352
5072	2335
2347	2216
187	66
4598	4594
3116	2863
4525	1408
5078	533
1128	982
3174	3112
1658	326
4644	1313
5146	4560
3409	1422
4880	2637
973	971
4156	2155
1661	406
4189	151
2963	988
4712	2975
2605	1842
4598	89
5043	1460
4294	1422
2631	2555
2989	1056
3952	1546
1248	347
1770	1477
3309	664
5038	662
3536	843
4525	2627
4752	3042
2487	1504
4125	1819
5056	2479
4457	2114
5034	1092
4972	4598
3856	2199
1726	1428
4815	2003
2894	531
1617	347
1952	120
2438	1180
4156	84
4183	3116
3589	2319
3218	426
4156	1486
2746	357
4417	4201
4841	1746
3984	1444
3887	2216
5026	2888
3328	2598
2835	1252
3116	1059
3580	1626
1811	1744
2118	1313
3116	1185
413	88
5027	2459
3542	1207
4156	3935
1980	1686
3677	2216
4156	1297
2904	1015
4646	1224
1863	1593
2544	625
2677	726
1954	310
4627	2605
1265	269
3088	1306
4526	1692
2775	1270
2118	1273
3901	973
2934	2652
4814	1243
4872	4170
1176	116
4156	2015
2687	2348
3985	3223
4127	72
4502	1061
4860	3962
4404	3865
3952	3820
2775	1034
4860	1436
3962	1593
4156	3477
2884	1873
1334	1252
2069	175
4156	2490
2312	1426
4525	1466
4972	2142
4201	2381
3953	1726
5134	1598
3863	2153
3673	1627
5136	1537
3586	2796
2725	2544
3922	116
5146	3237
3138	1306
3116	1243
4417	2459
2406	2199
3309	1213
3164	2118
1958	600
3496	2438
1422	578
4524	600
2438	2409
4827	3116
2370	2062
1839	758
2448	921
4970	1185
2430	67
2485	116
2216	1781
4113	3231
4863	1202
3397	1056
5095	1444
3493	1349
3839	313
1671	88
3722	3674
3810	963
3673	1348
4259	2926
4301	3756
1836	600
2904	2802
1187	166
3404	187
3536	1388
4830	89
3974	3839
4916	4872
3217	288
4186	1444
4062	2625
4301	2478
3116	2350
1749	1727
1213	1094
1267	229
4615	4294
4461	1790
2232	1958
2490	2438
5151	4156
3105	2118
3384	651
2573	1270
4861	4245
4271	2795
600	413
1079	25
2079	284
2803	855
3754	2174
4923	3121
2835	357
1598	699
4156	1597
4841	4113
4636	914
3895	1263
5107	3226
3489	3237
4024	1176
5027	1726
3557	1873
798	592
3949	25
5031	1149
4336	885
2961	1822
3176	2438
2672	1252
4336	971
2252	116
2487	1404
4271	3939
3121	2438
1365	1061
2835	2753
4859	1122
4113	1313
4501	3116
3542	3414
4200	2843
982	539
3555	67
1262	129
3722	3105
3500	652
3107	2299
4088	867
4489	116
2799	963
4493	116
4790	3719
4598	391
3810	89
3496	36
3114	1461
2835	1722
1555	1180
2312	1094
3116	1740
3223	1727
3116	111
4813	1755
4336	1110
4970	116
4670	1454
4088	3496
4342	392
1222	650
5040	4301
1920	387
2594	1746
2438	1393
1453	385
3866	3121
4859	89
3121	1782
1994	1617
2927	1061
2417	2108
4415	38
2507	2104
3536	3456
5117	771
4581	4156
4209	866
4859	3245
2108	509
3981	114
2687	2438
4538	4156
4872	1883
4369	2637
1692	613
4259	4200
3001	2285
2926	1686
3957	116
3568	2058
3409	2837
2006	1108
3116	983
4415	2361
3810	531
4151	3189
1442	451
2863	2409
4802	2304
2605	923
5008	609
3116	1816
2145	573
1108	726
2672	2126
2541	71
1582	670
928	67
4156	1180
2716	2531
3822	2429
4201	1203
3496	3164
3304	1267
1608	473
3568	3307
2092	2037
4480	4196
3354	1881
3252	704
2934	2124
2709	1462
3542	3450
4829	1167
704	558
4035	2312
4889	4525
4625	4156
2013	187
1521	543
4993	2299
4831	3572
3939	1202
1252	704
2608	1324
5011	2605
3107	2181
4640	3381
4198	632
3447	116
4394	172
1444	1428
3931	3116
3866	867
4870	1537
3121	867
2478	1204
922	413
2124	1269
1897	1581
4529	3586
4810	4156
2746	2722
1760	1448
4843	2533
3116	1948
2177	309
4779	4156
4525	114
3289	116
1272	1044
3506	3104
4452	3510
4019	2254
2019	471
4655	1774
4972	2909
1981	1167
2689	1213
3198	573
3198	1585
4905	980
4859	2521
4750	3810
3116	1533
4670	387
3810	3722
4836	2549
4500	3589
2601	1537
4045	926
3905	2637
3489	1461
3116	365
5022	3116
3810	310
4594	177
5078	592
2835	971
4831	317
5122	3513
4525	1313
3044	394
5028	2593
5022	1422
4410	3866
2871	35
4803	4156
2837	509
1422	92
1444	611
5040	2108
4525	651
2142	1722
4410	2438
3116	890
2625	291
3307	3116
4970	3612
3116	3029
4021	3116
4156	472
1430	92
2704	2448
3850	652
3680	2625
5071	2216
1924	116
922	867
4711	1537
4889	1455
1272	1092
5008	3458
442	347
1593	1453
1210	116
5041	129
3505	833
4646	1460
4185	246
4410	4271
4970	4448
4759	3612
2118	867
3431	1415
3198	1704
3739	2434
4271	132
2154	652
928	387
3116	211
2468	2108
4156	3868
5043	1953
1108	8
4880	1093
4923	4525
5091	885
4393	3426
3493	313
4271	2350
2370	1393
1422	781
3864	649
2803	2153
4858	1089
2306	2234
1671	1633
3745	1318
5027	1444
971	192
3116	296
1593	1227
2118	1617
890	8
1059	264
4241	2304
4827	387
2880	529
2802	2703
3589	2181
3414	1839
4336	187
4525	462
4156	1546
3116	2056
4231	1746
4252	3769
4026	2040
4627	2555
3957	69
387	151
3456	116
5128	2438
5004	1551
686	592
4149	89
4045	2628
4972	2319
4594	3104
192	187
926	343
1110	116
1607	88
4023	3096
3492	3319
4393	867
4156	2342
2234	1461
3112	1617
5042	2108
2985	2409
3433	1444
5068	656
3677	2203
3149	1487
5026	18
1320	1243
1873	1279
4081	2216
4035	2939
4713	116
4750	1408
4414	4156
1727	877
3586	3536
2406	1467
2852	1546
4463	2216
885	69
4965	963
3309	175
1620	1187
4859	1920
2837	2037
2459	360
1973	1584
2605	2479
4554	870
4960	36
3637	2835
1454	176
5151	4067
2677	1061
3138	3121
2362	1446
4189	4169
1462	963
3944	1453
3107	432
909	37
4165	3285
2838	953
4598	4200
2852	643
4328	2944
4880	176
4798	1207
4156	3018
4685	884
4336	2438
917	885
5156	4026
4582	1537
5145	1222
4651	96
2019	269
4156	2927
3568	573
2476	2118
3603	2190
3488	3248
3665	533
3478	3104
3116	1074
2541	2275
2755	656
978	743
4872	4662
4859	4728
4409	1662
4275	2664
2964	2476
343	299
1362	760
4752	2533
3580	1149
4872	759
3010	1774
4923	4193
1897	1044
4096	1128
1775	1546
3980	1448
2361	1408
1671	971
2716	413
4642	1092
1444	30
3189	860
3116	2733
3754	601
4728	2343
2564	2085
4752	3944
4790	1909
4830	1670
2934	1537
4156	1466
3908	1912
3685	1175
5021	1746
3505	2037
3939	1444
2795	1061
4019	92
413	109
1617	1324
4728	3991
4088	472
4077	1454
4408	1744
4500	4156
2306	1479
2884	963
2290	1994
3954	2216
4598	2351
4201	3116
3717	1958
4018	116
3685	1880
4231	2544
4873	2118
855	690
5021	2605
5153	2755
2118	2015
4943	4923
3414	116
2216	1063
1202	1094
4417	988
3559	2555
4156	2944
3116	1537
5151	1884
4640	1243
3358	2216
5095	3685
2321	69
3453	270
4506	3956
3093	343
2625	1381
3911	2211
5102	1252
448	35
2347	1533
4626	3116
3692	1061
1332	146
3708	88
4415	3685
875	798
4712	2312
4814	313
4480	432
1726	1272
2304	1604
3866	205
3924	2891
4644	1994
1699	1204
2479	142
343	149
4156	457
3982	1085
4361	1726
4113	1638
3866	1524
4077	455
4045	340
4301	1781
5103	3006
4156	2299
2985	89
4231	3116
1782	1286
3792	1633
3808	2605
2066	1479
4156	864
2637	592
1816	1444
4674	1883
4342	147
5079	116
2487	492
2687	2304
3518	88
750	612
3237	1487
3685	1144
5103	1119
4816	2753
3116	3043
2725	2362
1571	1404
1032	750
2147	909
2438	2079
3114	533
4149	912
3116	1596
3864	1108
1766	345
270	116
3958	3695
3592	2019
2892	1227
2506	2118
2511	1948
3866	222
4301	884
3621	116
4390	1850
4461	4156
2847	651
3116	653
2605	838
2216	69
4034	2409
2706	706
3414	1914
4538	2957
4272	4125
4480	4156
573	116
2216	252
4970	1117
4406	533
3994	343
5061	3068
4180	1839
2961	1408
4318	3756
2472	1122
1537	1428
928	385
2490	89
552	89
5128	241
4863	4271
2482	98
4201	1429
4272	119
3323	1492
2255	1610
4470	4156
3673	2725
4480	4393
4292	2045
2539	2232
4086	711
2889	38
2605	1826
3603	2922
3354	1432
2124	1537
5153	2627
2904	2156
3797	1092
4588	3104
2424	885
4017	2199
4196	1180
2473	1658
4646	1270
3428	2216
4336	2342
3176	2746
4037	3116
1633	1227
1444	1149
3566	748
4923	3505
3127	1213
4271	1816
3685	294
4646	4558
2438	1781
1661	343
231	88
1213	448
3273	1444
3944	1873
2867	1942
4181	4153
1593	1446
1546	1543
1463	864
3307	3016
3116	11
4250	3339
4156	2506
3498	613
2803	2142
2145	1884
3426	2409
4424	4156
4970	921
3975	613
4301	3810
2835	2348
749	370
3519	2406
5004	3116
3722	222
2348	88
1176	1034
2835	1119
928	89
2951	116
4743	773
2704	2181
2653	2627
222	89
3820	589
3685	3309
3851	3628
2070	18
2749	116
2991	1840
2476	1148
3542	2959
3887	2672
4583	2118
3941	195
3808	2362
4342	1966
3515	116
4568	2672
2362	1289
5145	4193
3204	2959
4525	3496
1313	1061
3478	2605
4872	1938
1719	699
3769	448
4861	67
3388	3381
3747	1030
206	116
2775	1722
3837	2433
5068	4591
3810	3116
3589	2092
3116	1661
3609	726
4201	3863
5128	5040
5078	4156
3722	2653
652	162
4415	921
1430	272
4525	1996
2118	890
1808	589
3121	1604
127	116
4943	2142
1390	1281
2672	2125
2894	1324
3810	322
925	652
2605	1000
3357	1252
2695	652
2858	2433
4125	3259
3996	11
4194	116
1446	1426
4993	313
4096	982
2342	1980
4547	3289
4525	3344
2013	1816
5027	4329
3138	89
3116	860
4827	2775
3665	2989
1862	149
4186	1119
4915	1494
4972	4393
5043	241
1548	1462
2884	2013
4156	2660
2884	378
1061	899
4620	2483
2810	855
4183	4170
5008	2153
4156	4096
5151	309
4605	2598
2531	1703
3636	2299
962	903
3397	122
4156	1764
3374	116
4375	38
3840	1422
1818	1258
3856	1546
1250	89
4636	151
4077	3510
2544	2142
4258	4156
2835	1995
4711	3591
3114	1722
4841	1090
2567	867
2433	2110
2487	963
3840	1533
4728	1149
2710	272
3863	1873
4721	1897
4588	2939
2803	1920
4560	3566
2755	149
