# GO	NS	enrichment	name	ratio_in_study	ratio_in_pop	p_uncorrected	depth	study_count	p_fdr_bh	study_items
GO:0007059	BP	e	chromosome segregation	4/4	113/6920	6.744726935528628e-08	3	4	0.00030931317726334286	NDC80, NUF2, SPC24, SPC25
GO:0051301	BP	e	cell division	4/4	224/6920	1.069671367863741e-06	2	4	0.0017234143337403658	NDC80, NUF2, SPC24, SPC25
GO:0098653	BP	e	centromere clustering	2/4	4/6920	1.503196104439918e-06	4	2	0.0017234143337403658	SPC24, SPC25
GO:0072765	BP	e	centromere localization	2/4	4/6920	1.503196104439918e-06	3	2	0.0017234143337403658	SPC24, SPC25
GO:0051315	BP	e	attachment of mitotic spindle microtubules to kinetochore	2/4	10/6920	1.1260934859661011e-05	4	2	0.01032852945328108	NDC80, NUF2
GO:0022402	BP	e	cell cycle process	4/4	622/6920	6.470183010715215e-05	2	4	0.04945376547856663	NDC80, NUF2, SPC24, SPC25
