# GO	NS	enrichment	name	ratio_in_study	ratio_in_pop	p_uncorrected	depth	study_count	p_fdr_bh	study_items
GO:0045298	CC	e	tubulin complex	3/4	3/6920	7.245715188538681e-11	2	3	6.847200853169053e-08	TUB1, TUB2, TUB3
GO:0005874	CC	e	microtubule	4/4	69/6920	9.055845057404767e-09	6	4	3.462820622883869e-06	TUB1, TUB2, TUB3, TUB4
GO:0099513	CC	e	polymeric cytoskeletal fiber	4/4	78/6920	1.494212706059171e-08	5	4	3.462820622883869e-06	TUB1, TUB2, TUB3, TUB4
GO:0099081	CC	e	supramolecular polymer	4/4	82/6920	1.8321802237480788e-08	3	4	3.462820622883869e-06	TUB1, TUB2, TUB3, TUB4
GO:0099512	CC	e	supramolecular fiber	4/4	82/6920	1.8321802237480788e-08	4	4	3.462820622883869e-06	TUB1, TUB2, TUB3, TUB4
GO:0005856	CC	e	cytoskeleton	4/4	188/6920	5.280029755566012e-07	5	4	8.316046865016469e-05	TUB1, TUB2, TUB3, TUB4
GO:0005819	CC	e	spindle	3/4	44/6920	9.553564515526012e-07	5	3	0.00012897312095960117	TUB1, TUB3, TUB4
GO:0099080	CC	e	supramolecular complex	4/4	275/6920	2.442120275376708e-06	2	4	0.0002884754575288736	TUB1, TUB2, TUB3, TUB4
