# GO	NS	enrichment	name	ratio_in_study	ratio_in_pop	p_uncorrected	depth	study_count	p_fdr_bh	study_items
GO:0031499	CC	e	TRAMP complex	5/5	6/6920	4.543910340851413e-17	3	5	4.293995272104585e-14	AIR1, AIR2, MTR4, PAP2, TRF5
GO:0005730	CC	e	nucleolus	5/5	365/6920	3.9775340171567415e-07	5	5	0.00018793848231065603	AIR1, AIR2, MTR4, PAP2, TRF5
GO:0140513	CC	e	nuclear protein-containing complex	5/5	707/6920	1.099103201723515e-05	2	5	0.0034621750854290723	AIR1, AIR2, MTR4, PAP2, TRF5
GO:0043228	CC	e	membraneless organelle	5/5	1210/6920	0.0001623418311576112	3	5	0.03068260608878852	AIR1, AIR2, MTR4, PAP2, TRF5
GO:0043232	CC	e	intracellular membraneless organelle	5/5	1210/6920	0.0001623418311576112	4	5	0.03068260608878852	AIR1, AIR2, MTR4, PAP2, TRF5
