# GO	NS	enrichment	name	ratio_in_study	ratio_in_pop	p_uncorrected	depth	study_count	p_fdr_bh	study_items
GO:0004596	MF	e	protein-N-terminal amino-acid acetyltransferase activity	3/3	13/6920	5.180686359805156e-09	8	3	1.340243561281594e-05	MAK10, MAK3, MAK31
GO:0034212	MF	e	protein N-acetyltransferase activity	3/3	44/6920	2.399056298925157e-07	7	3	0.00031031793226596907	MAK10, MAK3, MAK31
GO:0008080	MF	e	N-acetyltransferase activity	3/3	55/6920	4.752283449282806e-07	6	3	0.0004098052427764873	MAK10, MAK3, MAK31
GO:0016410	MF	e	N-acyltransferase activity	3/3	62/6920	6.85082371076332e-07	5	3	0.00044307702349361775	MAK10, MAK3, MAK31
GO:0016407	MF	e	acetyltransferase activity	3/3	70/6920	9.915761235515182e-07	5	3	0.0005130414863255556	MAK10, MAK3, MAK31
GO:0016747	MF	e	acyltransferase activity, transferring groups other than amino-acyl groups	3/3	132/6920	6.786699131344753e-06	4	3	0.002926198442131479	MAK10, MAK3, MAK31
GO:0016746	MF	e	acyltransferase activity	3/3	285/6920	6.915437375957113e-05	3	3	0.025557480702287215	MAK10, MAK3, MAK31
