# GO	NS	enrichment	name	ratio_in_study	ratio_in_pop	p_uncorrected	depth	study_count	p_fdr_bh	study_items
GO:0006012	BP	e	galactose metabolic process	3/3	15/6920	8.242001026962748e-09	7	3	3.7797816709651165e-05	GAL3, GAL4, GAL80
GO:0019318	BP	e	hexose metabolic process	3/3	62/6920	6.85082371076332e-07	6	3	0.0015708938768780292	GAL3, GAL4, GAL80
GO:0005996	BP	e	monosaccharide metabolic process	3/3	72/6920	1.0803361346111172e-06	5	3	0.0016514738377755276	GAL3, GAL4, GAL80
