# GO	NS	enrichment	name	ratio_in_study	ratio_in_pop	p_uncorrected	depth	study_count	p_fdr_bh	study_items
GO:0034657	CC	e	GID complex	7/7	8/6920	5.322261643726618e-23	5	7	5.0295372533216534e-20	FYV10, GID7, GID8, RMD5, VID24, VID28, VID30
GO:0000151	CC	e	ubiquitin ligase complex	7/7	96/6920	7.929632620062343e-14	4	7	3.7467514129794565e-11	FYV10, GID7, GID8, RMD5, VID24, VID28, VID30
GO:1990234	CC	e	transferase complex	7/7	410/6920	2.4417424654217562e-09	3	7	5.768616574558898e-07	FYV10, GID7, GID8, RMD5, VID24, VID28, VID30
GO:0140535	CC	e	intracellular protein-containing complex	7/7	410/6920	2.4417424654217562e-09	2	7	5.768616574558898e-07	FYV10, GID7, GID8, RMD5, VID24, VID28, VID30
GO:1902494	CC	e	catalytic complex	7/7	851/6920	4.162346281032303e-07	2	7	7.866834471151053e-05	FYV10, GID7, GID8, RMD5, VID24, VID28, VID30
GO:0032991	CC	e	protein-containing complex	7/7	2176/6920	0.00030198995259705935	1	7	0.047563417534036846	FYV10, GID7, GID8, RMD5, VID24, VID28, VID30
