# GO	NS	enrichment	name	ratio_in_study	ratio_in_pop	p_uncorrected	depth	study_count	p_fdr_bh	study_items
GO:0042273	BP	e	ribosomal large subunit biogenesis	5/6	63/6920	3.1715212421874486e-10	5	5	1.4544596416671638e-06	ERB1, MAK21, NOC2, NOP4, PUF6
GO:0022613	BP	e	ribonucleoprotein complex biogenesis	6/6	242/6920	1.722153770372223e-09	4	6	3.948898595463507e-06	BRX1, ERB1, MAK21, NOC2, NOP4, PUF6
GO:0044085	BP	e	cellular component biogenesis	6/6	270/6920	3.3434488435156324e-09	3	6	5.111018798787563e-06	BRX1, ERB1, MAK21, NOC2, NOP4, PUF6
GO:0042254	BP	e	ribosome biogenesis	5/6	201/6920	1.1536600709699372e-07	5	5	0.0001322671271367033	BRX1, ERB1, MAK21, NOC2, NOP4
