# GO	NS	enrichment	name	ratio_in_study	ratio_in_pop	p_uncorrected	depth	study_count	p_fdr_bh	study_items
GO:0000444	CC	e	MIS12/MIND type complex	2/3	4/6920	7.517429508108881e-07	3	2	0.000443912590312016	DSN1, MTW1
GO:0000776	CC	e	kinetochore	3/3	75/6920	1.223167295265186e-06	5	3	0.000443912590312016	AME1, DSN1, MTW1
GO:0000775	CC	e	chromosome, centromeric region	3/3	83/6920	1.6643588930953062e-06	3	3	0.000443912590312016	AME1, DSN1, MTW1
GO:0000940	CC	e	outer kinetochore	2/3	6/6920	1.8789950912677927e-06	2	2	0.000443912590312016	DSN1, MTW1
GO:0098687	CC	e	chromosomal region	3/3	190/6920	2.038183453959988e-05	2	3	0.0035256807793038543	AME1, DSN1, MTW1
GO:0005694	CC	e	chromosome	3/3	196/6920	2.2385274789230822e-05	5	3	0.0035256807793038543	AME1, DSN1, MTW1
GO:0000922	CC	e	spindle pole	2/3	26/6920	4.0633065062926335e-05	2	2	0.005485463783495055	DSN1, MTW1
GO:0099080	CC	e	supramolecular complex	3/3	275/6920	6.210347773816431e-05	2	3	0.007335973307820659	AME1, DSN1, MTW1
