# GO	NS	enrichment	name	ratio_in_study	ratio_in_pop	p_uncorrected	depth	study_count	p_fdr_bh	study_items
GO:0042254	BP	e	ribosome biogenesis	5/5	201/6920	1.9692815084564587e-08	5	5	9.03112499778132e-05	DBP6, NOP8, RSA3, URB1, URB2
GO:0022613	BP	e	ribonucleoprotein complex biogenesis	5/5	242/6920	5.024765114820221e-08	4	5	0.00011521786408282766	DBP6, NOP8, RSA3, URB1, URB2
GO:0044085	BP	e	cellular component biogenesis	5/5	270/6920	8.72450896336249e-08	3	5	0.00013336866035326795	DBP6, NOP8, RSA3, URB1, URB2
GO:0000463	BP	e	maturation of LSU-rRNA from tricistronic rRNA transcript (SSU-rRNA, 5.8S rRNA, LSU-rRNA)	3/5	41/6920	1.9151047546672347e-06	10	3	0.0021956676012259845	DBP6, NOP8, URB1
GO:0000470	BP	e	maturation of LSU-rRNA	3/5	54/6920	4.443519670209061e-06	9	3	0.004075596241515751	DBP6, NOP8, URB1
GO:0006364	BP	e	rRNA processing	4/5	368/6920	3.771619441555801e-05	8	4	0.028827744598291506	DBP6, NOP8, URB1, URB2
GO:0000466	BP	e	maturation of 5.8S rRNA from tricistronic rRNA transcript (SSU-rRNA, 5.8S rRNA, LSU-rRNA)	2/5	18/6920	6.361532390846939e-05	10	2	0.03936371992409883	DBP6, URB1
GO:0016072	BP	e	rRNA metabolic process	4/5	428/6920	6.866763179083965e-05	7	4	0.03936371992409883	DBP6, NOP8, URB1, URB2
