# GO	NS	enrichment	name	ratio_in_study	ratio_in_pop	p_uncorrected	depth	study_count	p_fdr_bh	study_items
GO:0031588	CC	e	nucleotide-activated protein kinase complex	5/5	7/6920	1.590368619297995e-16	6	5	1.502898345236605e-13	GAL83, SIP1, SIP2, SNF1, SNF4
GO:1902911	CC	e	protein kinase complex	5/5	64/6920	5.774183153457615e-11	5	5	2.728301540008723e-08	GAL83, SIP1, SIP2, SNF1, SNF4
GO:0005641	CC	e	nuclear envelope lumen	3/5	5/6920	1.8106432004758394e-09	6	3	5.703526081498894e-07	GAL83, SNF1, SNF4
GO:0061695	CC	e	transferase complex, transferring phosphorus-containing groups	5/5	135/6920	2.625624956393916e-09	4	5	6.203038959480627e-07	GAL83, SIP1, SIP2, SNF1, SNF4
GO:1990234	CC	e	transferase complex	5/5	410/6920	7.134852964917395e-07	3	5	0.00011237393419744898	GAL83, SIP1, SIP2, SNF1, SNF4
GO:0140535	CC	e	intracellular protein-containing complex	5/5	410/6920	7.134852964917395e-07	2	5	0.00011237393419744898	GAL83, SIP1, SIP2, SNF1, SNF4
GO:0031970	CC	e	organelle envelope lumen	3/5	76/6920	1.253359208990277e-05	5	3	0.001692034932136874	GAL83, SNF1, SNF4
GO:1902494	CC	e	catalytic complex	5/5	851/6920	2.7837658039014305e-05	2	5	0.0032883233558585645	GAL83, SIP1, SIP2, SNF1, SNF4
