# GO	NS	enrichment	name	ratio_in_study	ratio_in_pop	p_uncorrected	depth	study_count	p_fdr_bh	study_items
GO:0045298	CC	e	tubulin complex	3/3	3/6920	1.8114287971346702e-11	2	3	1.7118002132922633e-08	TUB1, TUB2, TUB3
GO:0005874	CC	e	microtubule	3/3	69/6920	9.490800039707391e-07	6	3	0.0003031940537783256	TUB1, TUB2, TUB3
GO:0099513	CC	e	polymeric cytoskeletal fiber	3/3	78/6920	1.3780625717081717e-06	5	3	0.0003031940537783256	TUB1, TUB2, TUB3
GO:0099081	CC	e	supramolecular polymer	3/3	82/6920	1.6042013427424634e-06	3	3	0.0003031940537783256	TUB1, TUB2, TUB3
GO:0099512	CC	e	supramolecular fiber	3/3	82/6920	1.6042013427424634e-06	4	3	0.0003031940537783256	TUB1, TUB2, TUB3
GO:0005856	CC	e	cytoskeleton	3/3	188/6920	1.97416031455406e-05	5	3	0.0031093024954226443	TUB1, TUB2, TUB3
GO:0099080	CC	e	supramolecular complex	3/3	275/6920	6.210347773816431e-05	2	3	0.008383969494652182	TUB1, TUB2, TUB3
GO:0005819	CC	e	spindle	2/3	44/6920	0.00011806784213995949	5	2	0.013946763852782713	TUB1, TUB3
