# GO	NS	enrichment	name	ratio_in_study	ratio_in_pop	p_uncorrected	depth	study_count	p_fdr_bh	study_items
GO:0043015	MF	e	gamma-tubulin binding	2/5	2/6920	4.1771548061925486e-07	5	2	0.0005403149741810062	SPC97, SPC98
GO:0051011	MF	e	microtubule minus-end binding	2/5	2/6920	4.1771548061925486e-07	6	2	0.0005403149741810062	SPC97, SPC98
GO:0008017	MF	e	microtubule binding	3/5	44/6920	2.377775306067664e-06	5	3	0.0020504349055990153	SPC72, SPC97, SPC98
GO:0015631	MF	e	tubulin binding	3/5	53/6920	4.197572366615683e-06	4	3	0.0027147799281086933	SPC72, SPC97, SPC98
GO:0008092	MF	e	cytoskeletal protein binding	3/5	122/6920	5.210992259833995e-05	3	3	0.02696167395238109	SPC72, SPC97, SPC98
