# GO	NS	enrichment	name	ratio_in_study	ratio_in_pop	p_uncorrected	depth	study_count	p_fdr_bh	study_items
GO:0016514	CC	e	SWI/SNF complex	10/12	15/6920	2.8711456830831846e-27	5	10	2.7132326705136093e-24	ARP7, ARP9, SNF11, SNF12, SNF2, SNF5, SNF6, SWI1, SWI3, TAF14
GO:0070603	CC	e	SWI/SNF superfamily-type complex	10/12	61/6920	8.517660067179266e-20	4	10	4.024594381742203e-17	ARP7, ARP9, SNF11, SNF12, SNF2, SNF5, SNF6, SWI1, SWI3, TAF14
GO:1904949	CC	e	ATPase complex	10/12	71/6920	4.349788605823148e-19	3	10	1.3701834108342917e-16	ARP7, ARP9, SNF11, SNF12, SNF2, SNF5, SNF6, SWI1, SWI3, TAF14
GO:0140513	CC	e	nuclear protein-containing complex	11/12	707/6920	1.2854319412819611e-10	2	11	3.036832961278633e-08	ARP7, ARP9, SNF11, SNF12, SNF2, SNF5, SNF6, SWI1, SWI3, TAF14, YAP1
GO:1902494	CC	e	catalytic complex	10/12	851/6920	3.9423387272180666e-08	2	10	7.451020194442147e-06	ARP7, ARP9, SNF11, SNF12, SNF2, SNF5, SNF6, SWI1, SWI3, TAF14
GO:0005634	CC	e	nucleus	12/12	2331/6920	2.0944098041109344e-06	5	12	0.0003298695441474722	ARP7, ARP9, CRZ1, SNF11, SNF12, SNF2, SNF5, SNF6, SWI1, SWI3, TAF14, YAP1
GO:0032991	CC	e	protein-containing complex	11/12	2176/6920	2.498390423825903e-05	1	11	0.0033728270721649686	ARP7, ARP9, SNF11, SNF12, SNF2, SNF5, SNF6, SWI1, SWI3, TAF14, YAP1
GO:0016586	CC	e	RSC-type complex	2/12	18/6920	0.0004153527338599484	5	2	0.049063541687206405	ARP7, ARP9
