# GO	NS	enrichment	name	ratio_in_study	ratio_in_pop	p_uncorrected	depth	study_count	p_fdr_bh	study_items
GO:0140224	CC	e	SLAC complex	2/3	2/6920	1.2531464418577647e-07	2	2	0.00011842233875555876	LAS17, SLA1
GO:0030479	CC	e	actin cortical patch	3/3	61/6920	6.519332240887677e-07	3	3	0.0002265909942334969	LAS17, LSB3, SLA1
GO:0061645	CC	e	endocytic patch	3/3	63/6920	7.193364896301488e-07	2	3	0.0002265909942334969	LAS17, LSB3, SLA1
GO:0030427	CC	e	site of polarized growth	3/3	282/6920	6.698591234652123e-05	2	3	0.01582542179186564	LAS17, LSB3, SLA1
