# GO	NS	enrichment	name	ratio_in_study	ratio_in_pop	p_uncorrected	depth	study_count	p_fdr_bh	study_items
GO:0051015	MF	e	actin filament binding	5/6	37/6920	1.973038700699437e-11	5	5	5.104251118709444e-08	ARC18, ARC19, ARC35, ARP2, ARP3
GO:0003779	MF	e	actin binding	5/6	59/6920	2.2600530704962553e-10	4	5	2.9233786466869065e-07	ARC18, ARC19, ARC35, ARP2, ARP3
GO:0008092	MF	e	cytoskeletal protein binding	5/6	122/6920	9.286175459471094e-09	3	5	8.007778637883907e-06	ARC18, ARC19, ARC35, ARP2, ARP3
GO:0044877	MF	e	protein-containing complex binding	5/6	290/6920	7.244467657653641e-07	2	5	0.0004685359457587492	ARC18, ARC19, ARC35, ARP2, ARP3
