# GO	NS	enrichment	name	ratio_in_study	ratio_in_pop	p_uncorrected	depth	study_count	p_fdr_bh	study_items
GO:1901255	BP	e	nucleotide-excision repair involved in interstrand cross-link repair	2/3	2/6920	1.2531464418577647e-07	9	2	0.0005746929582359708	RAD1, RAD14
GO:0006289	BP	e	nucleotide-excision repair	3/3	56/6920	5.021280625657305e-07	8	3	0.0011491643908062444	RAD1, RAD10, RAD14
GO:0000736	BP	e	double-strand break repair via single-strand annealing, removal of nonhomologous ends	2/3	4/6920	7.517429508108881e-07	8	2	0.0011491643908062444	RAD1, RAD10
GO:0006277	BP	e	DNA amplification	2/3	5/6920	1.2527841560983376e-06	8	2	0.001436317034966744	RAD1, RAD10
GO:0000735	BP	e	removal of nonhomologous ends	2/3	6/6920	1.8789950912677927e-06	7	2	0.0017234142977108195	RAD1, RAD10
GO:0000710	BP	e	meiotic mismatch repair	2/3	9/6920	4.508283990308767e-06	9	2	0.0034458317299260006	RAD1, RAD10
GO:0006298	BP	e	mismatch repair	2/3	23/6920	3.1640444171006936e-05	8	2	0.020729010995462545	RAD1, RAD10
