4848	4890
921	1117
4646	5080
961	3100
2241	4273
3864	4689
618	4111
2689	4872
3649	4775
1839	4798
1463	4306
314	2526
1213	3717
1679	2768
2884	2973
673	1313
116	452
722	4151
18	4329
2013	4670
2037	2199
207	3941
314	3518
1110	2438
1117	4418
1527	1573
340	1553
1735	3116
340	2438
3428	4099
1037	3582
1000	2698
3531	4267
1679	2805
476	3245
1679	2438
389	1215
2946	3202
593	1474
921	2185
828	3962
2170	4931
3767	4337
818	4728
2459	3317
1527	3930
19	449
116	3109
1145	1705
828	4779
1747	1893
4941	5145
4151	4646
1679	4901
1338	2946
2573	3935
3636	4263
92	745
3670	3688
3056	4674
3602	4127
116	359
1058	1287
3757	4940
1805	5128
2676	4220
2877	4880
1815	4775
3552	3797
100	1285
2862	4070
4658	4775
342	3198
947	3582
1979	2002
971	1215
1147	1313
1533	3341
2170	2963
2269	3853
154	3554
116	2964
1964	2835
3826	4177
1679	4117
2262	2667
1741	3116
154	1525
2941	3116
1113	4525
3609	4767
1464	1679
971	4433
1674	2560
1093	3114
181	329
994	2698
3714	4928
879	2989
248	4861
3792	4764
329	2594
1281	3044
3488	5082
1051	2746
2763	3602
1313	1617
222	1215
1883	3907
1324	1679
1273	3116
152	4525
4	1215
731	4271
1679	3276
2208	4580
1243	3592
4282	4329
664	946
3000	5083
1679	2763
226	3367
3245	3724
1215	3814
4311	5154
1157	3493
1965	4770
1679	2171
1139	2118
226	3564
3853	4711
222	4712
4809	5120
2669	3317
333	4404
1270	2616
35	4070
7	277
2064	4111
665	4780
3038	4841
2433	3864
123	2582
2051	3942
887	5038
1454	3573
4473	4775
1806	4905
3602	3686
2625	4170
1402	1958
200	1611
67	359
1579	5095
2775	3907
1843	3399
2227	3757
2078	2986
4399	5008
1544	4201
756	1679
340	3511
604	4200
1270	3941
865	4070
1273	1642
1938	2511
1679	4232
1527	3174
0	2805
1679	4016
1168	3962
89	134
2698	3067
1667	3920
74	1679
2102	3717
238	5159
1454	3582
101	1679
2661	3140
3395	4780
1660	1699
2625	2716
4010	4882
664	3153
4070	4917
266	973
833	3245
476	1742
1726	3920
2476	3299
2852	3924
347	2185
2591	4271
867	2798
116	2305
1893	3116
3534	4177
1249	3116
116	3623
126	1839
1679	3413
1679	3761
227	1527
4525	4775
509	2193
343	5120
902	4949
474	902
1826	2625
902	1858
4017	4560
116	1386
2099	2264
833	2118
1341	1415
1182	4131
1325	2342
1454	2174
2506	3131
1474	2939
472	3056
67	2438
1402	4685
2142	4399
3428	3862
1430	1679
1108	3582
3687	3853
343	2434
1036	2002
3175	4048
1551	2361
1789	4525
7	4841
2775	3984
489	4113
192	339
1679	4280
1679	2342
208	3116
1005	3908
1844	2264
1386	2818
1883	4461
2266	2946
892	3870
127	3747
750	2667
1679	5034
928	2027
732	1260
568	1299
2037	2704
1244	2618
7	4842
354	4928
347	2709
1937	3842
116	4452
1728	4144
859	5031
1412	3328
342	1679
3944	4131
622	4118
1666	3272
593	4111
2792	3653
1754	4775
1108	2342
1398	4651
339	1139
1728	2003
116	4290
1338	5028
1461	4236
1666	3254
510	1553
1640	3770
1741	2040
448	1993
3511	3696
116	1812
1679	3376
3905	4182
1215	2584
1633	2013
1215	4759
349	3402
3446	3451
3056	4480
306	4047
1679	3220
1386	3602
639	1215
2311	3299
444	5128
1585	3312
36	2755
1679	2146
78	116
1641	4798
1108	3116
116	4759
100	2172
390	3948
3770	4480
1679	1701
349	2985
1460	3825
1113	3829
314	5022
2099	3116
653	2698
643	4070
414	3516
3591	4712
958	2353
942	3016
2166	4022
1999	3573
2307	4809
1063	1798
4052	4461
89	2013
364	1527
2269	3245
472	1430
200	2753
1127	1847
1270	5138
672	4070
7	1999
2142	4872
3536	4107
2698	4765
1679	3830
2118	3179
1505	3116
4841	5085
3902	4070
1253	4103
1527	2374
2653	3245
387	3245
2379	3153
1430	2934
574	4775
1286	2270
2842	3116
651	1163
443	2470
3202	3582
944	4962
492	3175
1903	2718
2613	3735
3574	5091
1260	1983
36	3866
65	1108
2126	5095
1620	3552
2909	3511
3116	4646
1281	3842
4481	4861
2743	2884
1722	3116
1679	2394
3687	4728
2170	2835
1679	4084
874	4070
3116	5096
3488	4725
2818	4580
861	3116
1057	4775
723	3026
622	4417
1652	5096
3116	4365
2280	3352
1694	2894
333	4950
2220	4770
1839	4381
224	4381
420	3942
1058	4271
2302	4775
3116	4765
4045	4325
748	5146
92	5022
1679	2090
983	4730
1527	1621
1679	2723
538	3116
2389	2964
1215	3399
707	2934
7	489
67	4685
504	3103
116	4406
476	1642
4113	5095
965	4882
3557	4882
2883	4361
1625	3450
374	3116
89	593
1416	4775
683	1679
2245	2254
678	722
443	3840
451	3237
116	4481
1068	1579
1037	3722
1626	3139
1679	1917
349	1277
315	3722
3551	4512
1365	2613
222	942
3409	4070
3382	3924
313	1521
116	4097
1421	3623
1725	3951
116	1937
2118	2465
1679	4304
116	2585
2904	4780
2338	3016
1573	2347
1679	2463
728	4011
2438	4503
961	4526
2438	3555
3294	3957
686	926
808	2747
672	1113
3686	4554
4047	4464
4525	4962
1481	4872
971	2185
867	1527
4066	4070
315	2476
944	5120
517	2986
881	3763
3475	4674
3444	4059
2823	4962
1958	4525
816	5154
2893	3827
1483	4119
1028	3735
1679	1682
1701	3474
226	2698
2040	3451
1543	1563
865	4812
116	3236
2703	3493
226	3509
116	3402
1979	3116
116	1461
4821	5138
1287	2269
450	3951
67	3211
313	3208
314	4226
589	1883
2147	5082
1679	4564
2021	2118
2438	4651
176	3843
176	3623
1640	3511
476	4274
116	2779
2738	4775
643	1991
556	574
1527	3902
3284	4642
1679	1840
343	509
1273	4070
1712	2191
89	351
2293	3603
488	3056
3573	3696
3870	4930
1270	4271
978	4525
3361	4386
694	5080
1119	2347
652	2259
2361	3026
2334	3652
3582	5008
2862	5038
1618	1679
1503	4116
2065	2909
2698	3714
483	1058
2311	4580
867	2102
413	3266
1883	4399
652	4767
81	116
1527	4197
1527	2764
2071	4245
3939	4872
638	2616
2470	4962
496	1679
1181	3842
570	1505
349	1039
299	4480
1108	1215
2353	2951
3299	3853
1215	4124
1765	3450
1527	3974
379	1113
2193	4962
4584	4981
443	898
1679	3322
2322	2625
302	1980
2909	3413
421	5090
2871	4336
1703	4860
3056	3687
343	2989
7	3944
1553	1640
2281	3116
944	4861
116	4095
2438	4086
925	4962
1839	4985
4636	4928
116	1774
265	349
1806	5146
1679	4620
1806	2940
4248	4841
2003	2108
2940	3114
4113	4766
431	2308
116	482
3396	4366
928	1108
1117	2013
2410	4047
788	4152
116	3609
1626	3075
1984	3729
1933	3582
1056	1128
1684	3198
1505	1991
898	1291
111	340
92	4068
2755	3770
266	1679
2931	4775
3488	5149
2521	3322
489	3853
222	5120
4273	5008
2185	4362
101	3653
387	4001
3591	4271
2476	4620
2951	3116
2438	3991
1958	2506
343	3536
2334	3591
1666	2625
2145	4137
2591	3888
2591	4603
3957	4137
316	1386
7	4386
589	2170
343	4306
2438	2591
1180	3056
343	3299
1747	4872
1958	2924
1833	4756
3261	4689
2698	3554
2118	3444
1267	2957
1331	3564
2724	2967
1111	4280
2053	3689
2939	4399
3456	4170
961	2871
1679	2498
1128	3942
100	1646
3202	3866
116	2573
1865	4200
556	2634
79	1958
314	3370
650	1679
1167	4276
36	1286
2270	4036
321	622
958	4710
1627	3294
2170	4515
483	853
854	4640
100	2065
1563	3322
3275	5021
1966	3860
1375	1726
1331	2940
1347	1679
2924	4509
3116	5059
3878	4018
3352	4271
1893	3575
602	3255
692	4775
1334	3519
343	3284
89	851
2241	3261
1034	2653
1991	3074
2171	3827
3402	4962
1474	3939
662	3294
2526	4712
1058	4383
2476	3352
2011	4933
3528	3855
509	761
1334	3747
584	2640
1036	1430
674	4775
443	1527
1265	1679
589	2526
1527	3850
164	2735
1527	5031
803	1679
1679	4343
339	2775
1533	3228
1880	2820
1930	2986
288	3116
735	3493
788	3582
2099	2133
2835	3984
1362	3204
1679	3659
988	4219
961	2476
601	1331
509	2835
1238	3920
670	3122
1540	1626
2438	3731
1679	2647
509	4268
1544	4775
1543	1726
1215	4480
92	4517
1430	1930
14	2951
1110	2835
928	1068
824	1679
313	4176
713	3202
1586	3839
2118	2346
2573	3026
1405	2888
1933	4306
342	1041
2940	3564
3116	3948
354	2181
831	3428
1679	4712
4152	4220
347	4120
3797	4859
2625	5110
3116	4000
1679	2814
1180	1701
1311	1679
1679	3555
589	1679
548	1747
1883	2798
1098	1679
1679	3486
926	1505
1210	3792
971	4544
3061	4905
1532	2083
313	2090
516	2403
1430	1883
1585	3046
1983	3284
67	222
2939	3582
36	859
2626	3582
2987	5138
2550	3573
1659	4860
1674	2476
339	510
3691	4224
3352	5008
2027	3687
314	3605
865	4525
1679	1839
1569	2698
513	3153
72	4962
3116	3319
1454	2011
93	4110
2047	3845
1741	4950
2179	4366
815	4506
1248	4418
3147	4452
1248	1742
3006	3330
2884	3116
4271	4480
314	1413
3569	4554
1980	2051
3466	3855
610	1532
1654	2495
3639	3722
1701	3907
142	3866
556	3975
583	1679
329	4329
1119	1533
944	2438
1679	5160
1065	1679
1582	3544
3117	3602
354	1582
177	2894
1970	2438
2731	4017
116	371
2653	3757
2207	4962
2712	3116
129	1113
710	1527
1030	2746
3145	3907
1586	3116
4789	4978
89	3067
4340	4525
893	1933
788	5153
513	2650
387	618
288	2170
313	1527
3116	3615
788	4923
1527	1611
2118	5085
4729	4874
492	1268
4	1108
1679	2650
130	2765
1573	4729
4554	4798
3202	4480
1503	2835
2049	3739
2747	4761
2755	5108
342	1789
116	2904
71	4336
4658	5138
1679	2751
3704	4306
1180	4480
833	1527
1695	2698
116	3090
485	3717
1402	3382
92	1990
2835	3026
1666	2170
867	4113
1230	4603
1679	3876
3151	3211
2951	4775
2036	2591
1740	1750
837	3920
3100	4596
1746	2003
2319	3428
1108	3061
1679	1750
1679	3811
2704	3654
1281	1929
1679	4816
1504	2118
5089	5122
67	892
865	5062
1525	1679
89	2526
1460	3692
2057	4538
1215	4861
460	1588
1461	2706
4325	4480
192	2798
2379	3924
3591	4495
1527	2506
928	4571
1505	4525
1679	2455
1527	3826
1679	4696
4623	4674
944	3116
1679	2556
4232	4775
3116	4562
28	1351
1113	2166
1334	2199
1474	3907
2118	3730
174	2704
1113	3272
4273	4689
1573	1617
961	2835
550	3957
1454	4509
1108	1525
701	1215
2209	4674
1938	3413
2438	2774
1747	2722
3754	5146
887	2319
1430	1527
823	2322
67	1380
1117	2185
1157	1679
492	4525
2177	3582
170	2049
4435	4565
3116	3881
1340	1415
1527	3328
1403	1679
1215	4442
618	1108
892	4059
2286	4962
568	4777
2705	4161
1679	4841
3930	5080
1979	2818
309	1966
1113	4775
2051	4761
192	387
521	1984
1553	4325
552	3067
130	4306
3582	4943
3984	4525
1527	3175
875	971
2707	4962
1139	1180
3395	3957
1679	4482
1341	4131
2102	2798
4236	4962
812	2747
2934	4430
2547	3984
1582	2617
651	2210
713	1527
1679	3745
174	187
3317	4175
1659	4301
1679	5012
4045	4923
1486	1912
2438	2746
942	2560
1695	3116
1895	2438
3202	3284
394	1918
4200	4761
4111	4986
1726	4189
1156	1405
3048	5090
116	5095
187	1440
1786	3207
4000	4978
472	5128
26	4651
3202	4525
1527	3190
1585	2014
224	2037
1255	1492
2334	3564
1679	2690
3552	4190
3601	4070
1270	4011
2118	4739
652	1381
1487	3385
3261	5078
1584	2118
1747	2053
2193	4082
1690	4577
692	983
100	1157
1890	3116
3284	3829
1180	1527
1679	2169
16	1679
833	4271
1726	1912
1504	4523
710	3907
1679	2956
1494	2704
1147	1850
1741	4051
2064	4809
812	1078
1625	5128
2530	4271
1679	4068
571	2306
326	4775
3739	4580
187	4670
2521	3245
3116	4028
2361	3179
1215	2755
894	4313
3493	4767
2724	4269
1540	4928
3653	4249
1866	4480
942	2227
187	3962
2324	3116
116	4651
2031	3760
129	2334
391	2735
638	4325
314	965
2682	4962
74	2138
2438	2924
1108	3752
1679	3327
2862	4170
862	2434
4070	5071
1679	1910
1113	3258
309	3323
1096	1679
652	2738
2888	4670
116	2814
1309	1983
1041	1598
811	3116
89	822
2262	3213
1679	1863
2835	5071
3210	3352
2108	3739
2438	4712
1180	4325
1679	3967
150	4689
2798	3939
1215	3007
942	3551
2115	3276
667	3118
116	1237
187	3084
892	2118
1454	2241
116	2890
460	5069
3116	3382
1679	2584
3574	5085
444	5095
1215	4739
7	4509
881	4635
574	2573
403	1553
865	2585
3116	3831
2704	2931
1679	2352
1113	2361
420	2051
823	5130
116	585
3322	3724
2118	4525
89	472
3905	5146
1626	4261
116	460
116	1217
2046	4962
1182	3261
343	4059
123	1645
953	1085
2438	4450
728	4729
2924	3116
3237	5078
3016	3081
1573	3486
3044	3842
1483	1703
2616	4923
1679	3972
1453	4461
1733	3582
271	489
2037	4656
345	926
624	3981
842	2170
2051	4551
2526	3493
265	3116
3047	3116
1273	1679
130	4336
961	4620
499	1285
1527	2948
116	2327
3623	3739
116	3702
1679	3843
2798	5062
4962	5145
1088	1255
2762	3208
2404	2476
1640	2775
488	611
2002	3602
2053	4978
4487	4502
3413	3975
1036	3674
2951	4022
1640	3907
22	1725
1679	3330
570	4685
80	1679
3116	5062
348	4308
2934	3528
268	2364
1030	3953
1679	2550
1463	2021
2254	3825
1881	2698
872	1741
488	4775
1527	2075
686	2487
116	3486
116	2776
1897	2794
867	3467
733	4962
1670	3939
2550	4949
1215	2497
489	5120
2347	2818
129	1891
953	2171
116	1540
2973	3116
1975	3131
2099	3086
1573	4580
1679	4208
3843	4882
142	602
349	2625
1215	1679
537	1521
4120	4841
3226	4220
413	2993
3323	4461
2235	2934
2722	3792
3007	4311
159	3623
14	4908
2946	4923
971	3754
3582	3770
833	3114
393	2078
195	3747
416	455
1839	2385
123	2118
1533	2075
1745	3116
1106	2934
3307	4848
1527	2347
116	2584
22	1929
1204	3575
3116	4564
1248	1492
927	4107
2353	4022
651	4435
652	965
3261	3564
3231	3767
1313	5085
1910	4417
833	3376
973	1215
241	3116
116	3067
2618	3317
4603	5154
1527	3511
1679	1778
444	4113
833	2755
116	2726
1679	4533
761	2124
491	4070
788	4196
1839	3653
2170	3938
601	2011
2532	3670
3791	3814
1679	2753
971	987
2014	5080
1324	5134
492	4271
1679	4289
116	271
224	811
2106	2259
1641	2385
1007	4775
875	2993
2204	2560
1215	4962
329	1527
3116	3894
2199	4748
2230	2582
1573	3930
3816	4113
43	116
1564	5126
339	3573
1679	4172
2534	4095
1836	4002
253	4103
1325	1527
509	2003
116	1378
393	5134
2327	2342
3328	3919
1037	2027
192	4739
1215	1334
833	4940
116	3135
2511	3375
1215	1327
100	159
1113	3433
318	4775
92	314
2245	2653
1946	4271
67	5128
314	1334
22	942
3701	4111
118	1503
215	1679
116	4437
1533	5085
1430	3250
879	1679
255	2706
2893	5006
2040	2090
92	1329
3299	5120
1679	4962
2191	4163
2227	4859
841	1679
302	1865
2496	4509
1679	4242
2591	3863
1679	1741
2170	3382
1527	2210
2379	3554
2543	3116
4045	4817
1331	5146
1011	4496
3739	5126
1309	3382
1281	2820
421	2423
3259	4179
1679	4803
2704	4144
4981	5008
295	2170
2027	4848
2013	2100
89	4827
664	3554
345	3213
1074	3687
1623	4798
2109	4962
2438	3175
885	3532
1740	4163
1036	1614
1527	3678
477	2835
2394	3236
349	4288
2653	4001
3056	4399
748	4201
0	3598
89	2774
93	2770
89	3289
2374	2698
279	3385
3063	4308
7	1728
2170	4544
5040	5043
1679	4548
748	3261
1626	2342
4353	4775
885	4978
1674	5095
845	4706
1180	3717
2755	4480
1984	4910
2704	3451
1679	4252
1191	3272
96	4201
1430	4525
1108	3843
3026	4113
255	1132
4495	5107
3114	4689
3840	3920
1625	3615
542	1626
925	4580
1527	3843
748	3237
3116	3569
1028	3951
7	942
89	3847
314	1674
639	2118
2438	4432
1679	3528
4242	4775
1742	1883
4775	5071
3116	4217
958	4908
1866	2755
1097	1527
1728	1946
1213	5065
3323	4882
116	3940
65	343
1684	4533
89	1765
643	2496
3754	4880
343	1953
1167	3446
3231	4005
1679	4217
1553	2946
1461	2334
748	1093
2556	4649
1143	1426
22	944
3603	3944
1674	2404
1679	2800
2740	3852
2709	4928
2492	4537
1588	4399
2828	3160
4651	5008
2766	4336
1215	4546
1215	3536
226	4689
116	4541
826	3914
593	2270
931	1313
3261	3719
601	4252
455	1042
2142	2939
1343	2459
1108	4399
1679	3131
1544	2661
601	928
176	4134
1360	1679
574	4872
556	3840
673	2835
1192	1679
1527	3317
869	1679
195	3568
4271	5033
1728	4789
2395	3008
1679	3211
1701	4399
928	3752
1454	4525
46	1983
865	1042
116	2280
413	4301
1150	1488
3908	4502
3262	4785
902	2476
4876	5128
550	1041
2805	3272
2616	4306
2203	4674
413	1221
1113	1426
3797	3840
333	3446
2013	4775
1679	4951
1679	1889
2775	5031
1143	1331
3395	4978
1569	2170
1180	3116
349	1106
922	1742
2319	3202
2319	3984
1861	2796
3536	4951
928	3866
2040	4941
946	2684
713	1979
1670	5113
1640	3717
1553	2628
3237	5120
4848	4978
3237	4236
3687	5008
1679	2310
921	1453
151	3395
2585	4969
1844	3592
460	1725
313	3103
1270	2689
1474	1679
654	5083
7	2329
3141	5043
2774	3766
187	2027
146	2170
72	556
571	928
1058	5108
4408	4962
1078	1936
154	5062
2210	4525
1703	4861
1167	1679
255	4110
2755	2946
460	2438
1429	4928
2580	4271
2051	4630
1984	3445
472	3907
129	1527
116	3908
1488	1679
229	1527
116	4035
1093	2585
326	1912
116	172
1726	2725
1472	3747
4347	4775
1586	4177
299	2142
1679	2208
1327	1430
1701	2946
673	5120
1051	1627
1215	4789
106	1993
1774	4895
1679	1901
2940	4880
622	2955
1430	5008
1746	3944
928	3518
116	2685
1182	3114
151	815
1679	4718
4035	5120
339	4111
116	5070
2335	4144
483	942
1504	3361
1215	2924
116	1635
4603	4861
1113	2685
448	2625
1679	2848
115	3382
1863	3603
1309	2341
1202	1679
1679	3513
1640	4923
1088	1679
2266	3056
2341	2535
581	1844
2241	2924
1101	2327
4236	4880
7	3757
803	1098
116	5146
3905	5120
4170	4882
89	2266
2011	2835
513	3977
2078	2946
1728	4775
3116	4705
313	4242
1533	2704
1187	4346
1991	4962
111	833
200	347
65	5120
1215	2410
1338	4525
339	343
340	2755
116	2331
1343	1527
4943	5079
449	750
1527	1566
1883	5091
2625	3797
2877	3261
1953	4861
2835	4646
116	846
1504	3466
1108	2547
2669	3536
22	4175
309	4928
7	3941
3237	3905
1722	3709
2310	2934
3872	4775
618	3536
2939	3939
452	3944
2690	4070
610	3258
479	4271
1192	3002
2732	3920
1732	1891
1747	2835
2726	4461
513	1253
2051	2735
483	1215
1627	2766
192	1654
3006	3056
1617	4271
2948	3614
340	2946
593	3536
1058	1679
1501	2065
3116	3450
347	1984
1503	2210
2739	2792
2108	5063
1752	4163
1498	2170
1726	2589
159	4406
728	4113
1182	1331
732	3361
92	3012
2858	4114
3350	4882
2917	4603
116	279
694	1533
1113	4474
2948	3175
1679	3352
1679	4922
4475	4876
2027	3586
174	2166
2534	3116
1512	1527
2329	4525
2066	2934
1106	3328
923	5062
2037	2099
313	3636
2946	4480
3103	3839
4962	5041
3116	4717
4113	4538
313	5159
2994	3026
7	3292
1585	1912
152	229
1113	1527
4696	5120
1512	3328
2940	3237
2698	4238
1503	2763
1679	2284
2522	3557
1215	2261
1679	4571
3962	4293
2334	3935
1937	3044
3280	4670
1181	4523
2099	2965
4131	4201
2027	3962
2755	3582
387	4940
89	4336
2109	3116
859	2798
2704	5149
4113	5034
1679	4216
1286	3582
585	2290
174	4002
476	3757
4880	5146
1243	3428
2245	2438
1679	3877
1108	2306
965	1679
2071	4670
2438	3220
589	3687
174	3488
1108	4905
116	4426
2666	2934
550	1598
10	960
116	4656
116	1736
2347	3930
116	133
2181	3086
2311	2335
2616	3511
1626	2170
4656	4944
510	833
1679	2741
3555	4962
2795	3582
3503	3582
1351	1527
1679	4789
1429	1912
89	4776
4789	4809
1067	4301
1041	4137
476	3724
294	4386
618	4274
1836	2321
1213	2294
2035	3294
2230	3175
1430	2078
226	3114
1940	4164
4113	4496
314	3582
4962	5101
3228	3760
1510	4271
1923	4271
923	1679
116	4499
1679	3423
1726	2963
159	1679
3237	3754
808	2735
3056	4273
1128	2342
2105	4639
761	4070
1883	4045
1461	4273
116	1211
662	1563
229	1113
1074	2704
1030	4151
3770	3995
192	4286
28	3493
2170	4268
1752	4955
287	4306
116	4293
3204	4461
1674	3803
421	1679
448	4544
2940	3754
942	2204
1745	2698
52	622
26	1883
343	4949
1267	4978
1679	2755
2625	5095
387	3724
4271	5128
1983	3116
788	1180
116	1858
2514	3116
2904	4467
1933	4070
116	438
2653	4962
1104	3598
1553	3995
339	1722
639	3941
1107	3116
32	1679
391	4097
1454	3536
1011	1679
1206	1679
1215	1331
2438	4461
2230	2739
2420	3032
489	2133
1679	2899
3730	4954
1654	4509
2835	4525
116	3682
570	2746
1617	1695
116	3803
1113	1652
513	1493
18	2823
2198	4861
2118	2818
501	2982
1582	3116
3352	3582
314	4170
2193	4882
3586	5040
1364	4775
585	3731
3116	4199
1428	2118
2230	4734
921	2013
3094	3552
1679	2057
2102	4273
314	3490
2692	4236
3067	4035
2102	3995
1897	2492
3574	3968
248	1215
2755	2775
3116	4941
1104	4816
2470	4282
1202	2142
1679	3046
393	1598
2775	4940
940	2839
1912	4646
1679	4603
1747	3299
1742	3330
1527	3602
116	154
4525	4941
1679	4780
449	451
404	3974
1679	4306
1598	3198
2102	3116
1093	3237
3061	3114
4525	4646
3067	4651
952	1679
1215	2993
1398	2053
354	1020
31	1679
92	3307
1365	3116
1679	2980
2556	2582
2625	4768
1525	2495
593	5008
192	1260
1684	4467
732	3413
1333	1740
116	4550
116	316
116	1454
170	1113
4317	4962
314	2677
2374	2852
1092	2718
509	4580
740	4775
2027	5154
3299	3493
748	3061
3340	4386
1332	2570
510	4480
1720	3724
28	4767
3582	3995
314	1617
896	4623
187	248
2170	4940
293	2613
1057	1679
100	4544
133	4962
1527	2266
130	1527
1454	1679
2753	3582
2956	5126
342	4137
340	1701
1679	4642
931	5080
1679	3069
1193	1505
174	961
116	1725
2253	3261
1679	2270
521	2051
1670	4433
255	1625
391	1936
639	1679
2521	3853
1646	3272
1512	1679
2170	4775
3925	4365
1146	1712
116	2381
111	2755
510	4045
574	1213
1527	1966
67	3962
314	4464
3100	3175
116	2170
343	1679
2342	2573
3352	4962
2511	4036
393	3198
3458	4480
1679	4657
2537	4525
339	3289
925	3582
342	393
1334	3258
501	4944
2818	4538
987	3237
3114	3754
485	1679
65	3116
1092	3486
2367	4293
2534	5021
67	492
2755	4728
1614	3369
3319	4580
3114	3151
1679	3239
3367	3905
2763	2835
942	2884
1202	2270
2334	2547
1113	4705
2934	4130
1215	1979
1679	3035
823	1496
92	2049
713	4538
1453	1747
92	390
907	1679
1679	1895
7	1115
1532	2170
1679	3704
200	3116
460	4152
1679	4237
961	2118
2261	2889
2530	2755
1679	1812
3488	4962
2264	3116
1527	4325
100	1412
1119	4646
1068	1119
1598	2145
1979	4728
1035	1527
42	2661
3573	4727
89	2661
2175	2423
501	3254
2946	3717
1861	4059
1726	3829
2181	3116
116	1940
570	2985
2795	4045
1747	4366
3202	4271
93	1847
159	808
1553	4923
313	5099
483	1488
1117	1248
1398	4201
1679	4386
1127	4152
3006	4674
1936	2051
3357	4728
833	3357
2951	4908
483	4882
2495	2852
1958	2904
32	1461
673	3513
611	4271
485	652
3474	4271
309	3582
343	2002
92	2985
1454	5062
1504	3603
489	1108
1453	2835
865	2118
2835	4273
3361	4941
3294	4219
1460	4545
116	4521
2628	3770
1187	3116
164	604
570	4544
4130	4770
4759	4861
629	5062
3568	4735
2434	4144
116	5003
1113	1667
3225	4775
291	1732
1136	2040
3061	4880
3160	5138
1057	3855
333	4085
2435	3829
1430	3939
2379	2835
716	1936
116	3570
533	1461
1911	4988
339	387
451	3413
2835	5126
2174	5146
525	1527
5063	5122
3352	4445
1324	4603
43	1833
299	1670
286	4962
349	3528
1253	2040
3116	4640
247	1975
1036	2726
2353	3582
226	291
1775	1979
1165	1679
28	345
2342	4776
404	2625
1430	2986
792	3924
1679	2970
2180	2704
1895	3376
3160	4165
1113	3493
971	3582
2230	5120
2725	4882
3375	3552
264	5122
3116	3167
1527	1746
2395	4960
4533	5069
3282	3877
2798	4271
1182	5146
1527	2317
3866	4197
2547	4789
988	1007
946	3382
343	3864
2763	4509
2040	3839
671	2951
1460	1532
1127	1800
3992	4962
1930	2726
2057	4342
314	3814
2080	2199
1679	3323
159	2053
902	2883
1426	4129
3245	5089
74	5101
245	2704
415	1679
1897	3488
1679	2027
1211	2698
159	1453
1215	5080
2102	3592
1679	2165
4349	4660
2118	4473
1453	3116
958	1679
1108	3067
3250	4775
839	1679
2970	3051
1168	2818
2799	3602
1906	3237
111	4480
1966	2889
116	2398
1975	2230
4728	5120
340	3376
893	2078
3738	4271
1128	2989
2057	4503
1679	2889
1127	3198
3724	4001
309	1324
1462	4905
2172	3284
1202	2102
2199	3786
1740	4198
2835	4949
126	4798
374	4144
2985	4685
1187	2546
1165	1952
238	2661
2254	3131
2064	2547
255	4525
159	2768
1474	2142
2940	4432
116	3532
1722	4843
2172	5062
142	2625
2585	2698
1579	3026
1666	4442
3262	4700
1701	1866
496	1836
1503	2799
1579	1674
3575	4204
247	3950
1657	4308
330	902
683	3328
208	1679
1467	1679
1641	4962
3451	4499
387	2653
1527	2465
761	3399
1679	4895
896	1215
3760	4931
2145	4406
1679	3831
973	1679
314	4585
2099	3752
3586	4336
1742	3586
2777	3116
2955	3919
116	2309
2002	2118
2934	3317
2166	3350
195	443
3907	4943
2410	4129
4113	4594
570	1215
550	673
1893	3586
1640	3995
4293	4908
1679	3461
944	1193
3582	4480
3536	3696
7	5103
4521	4928
2307	3428
3995	4827
3072	4928
898	1800
247	4809
2755	3941
2011	2506
89	2306
704	1725
7	2770
3376	3511
116	4981
1058	3245
1679	4130
1145	2379
235	1679
314	349
1504	1679
1679	4772
893	4113
309	3198
2310	2669
144	2166
1800	4603
2199	3012
4585	4939
72	652
1679	2233
1684	4137
1750	3974
187	1168
314	4339
585	3159
2404	4662
89	2871
1527	1642
1288	2203
226	1487
1581	3972
3754	3951
256	1679
2723	3532
2640	3413
1455	2434
2628	4271
2374	5145
116	958
812	2342
1058	4986
92	130
1068	2269
1028	5120
1573	2075
2376	3011
1113	1764
257	1679
973	4110
2909	5079
942	3607
1888	4978
2090	3446
942	4620
2002	3284
2170	4580
476	3289
1505	1527
1584	2835
2530	2967
910	1746
2347	5085
2145	4861
517	4759
1182	1679
4271	4325
971	1679
288	3299
22	898
510	2946
2547	4002
1273	1818
673	3450
3328	4189
1844	2099
3739	4201
1626	4539
2625	3047
151	3131
907	2746
1063	2053
828	5080
226	3829
1627	1679
1108	2203
3866	3939
542	1367
2269	3582
1454	4905
1679	3832
3095	3116
944	2835
3116	4163
1215	1510
164	4761
2917	3007
921	1598
1865	2747
1760	3972
2166	2936
2684	2842
1461	3261
67	1747
349	1752
3433	4525
2931	4789
1268	3839
925	1150
748	1906
4267	5041
3870	4271
1679	2307
2835	5107
1215	4637
67	1267
2863	4653
3198	4137
142	2290
2125	5108
2027	3639
3116	3361
0	3463
1741	2557
1136	1965
150	1461
65	2495
159	2695
192	3735
488	1093
1117	4976
3701	4580
2394	2438
2051	5062
288	4882
314	662
1679	4122
3757	4022
902	3726
2002	3829
371	1679
215	4775
67	1068
1527	4384
593	3939
953	1892
1679	1742
1180	1553
3568	3847
1752	2682
1726	1938
13	2230
2156	4492
1527	2530
4418	4976
1147	4674
584	4770
3927	4290
2534	4717
4134	4311
4095	4347
2389	3116
2177	4045
2166	2199
3116	5071
1983	2170
638	3114
854	3451
116	4267
928	3067
1001	4525
123	2487
1840	3962
1440	1485
174	4245
2438	3536
3357	4775
550	4083
111	4271
1092	1679
187	4022
3687	5003
1752	3272
1750	4308
2013	2185
2118	3841
750	1243
926	4144
2438	4840
207	2118
1007	4417
2027	2526
159	4789
100	1398
1362	3927
1679	4961
116	421
2534	2698
1614	3536
2521	3071
187	1288
638	4399
3116	3404
51	3116
3939	4480
339	723
4111	4775
1917	4308
116	4960
2746	4151
2259	2511
881	4086
2021	4489
1679	3663
2108	3338
652	963
2661	4950
2858	3488
1889	2199
1679	4809
2118	4981
1108	3980
2929	2956
3754	4560
2334	3385
349	4268
1679	3689
2973	3284
16	3968
3536	4271
1218	1679
381	1187
449	4950
2835	4640
3116	3536
2182	2704
2118	3202
111	510
3582	4113
2674	5041
1679	2560
2191	3974
3361	4459
2075	3930
1666	4238
2799	3114
345	3175
326	3930
3939	5091
3102	3493
309	4861
1573	2439
449	1844
683	4872
3853	4623
2528	4554
1113	1414
861	2704
1883	3582
28	3609
3328	4848
116	4571
732	3603
542	4271
893	3511
704	2940
3905	4696
1850	4962
817	4962
3668	5028
1679	4293
96	2053
1836	2554
1527	4178
2295	3825
2002	4271
1108	4139
1679	2410
3786	5122
701	3236
2311	4775
3116	3745
1309	5042
74	2682
111	1701
1527	3668
1588	4325
785	4070
2698	3115
207	2177
448	3026
4288	4962
723	1588
1503	2818
476	2227
116	978
1525	2496
255	1527
2075	5080
1248	3860
3117	3284
1108	2573
89	1747
2071	3674
2438	2835
2118	4264
891	1745
2884	3117
2650	2835
252	1774
194	413
448	4110
116	1633
116	4803
2410	3095
3767	4487
2521	4476
3860	4083
2715	3116
3770	4196
761	4882
268	4011
2909	4962
2290	2347
1345	3534
98	468
1679	2319
1113	1505
89	4293
1613	1953
1108	1741
343	2753
1454	1983
2835	3920
2343	4113
2521	3724
116	430
4113	4533
601	4696
2798	3191
2877	3754
314	2448
92	926
3382	4858
391	887
1215	4841
3907	4473
3518	3853
1248	5035
3116	3696
865	4268
1527	3924
116	3048
2027	3674
2547	4584
4201	5091
1528	3114
1527	3382
4130	4775
250	1215
973	1510
1504	3974
1063	2625
100	1966
116	612
1325	4160
3382	4525
314	2724
1679	3511
1527	3387
28	3757
875	3582
1499	4290
293	965
1946	2027
2743	2948
861	1455
4035	4473
7	4768
2064	4336
2342	4151
7	851
4253	4689
159	4110
1585	2366
2013	4908
1187	1679
3116	3458
2506	3258
1527	5145
293	3575
1527	2014
248	1633
1679	2545
1866	4943
3446	4070
3259	4130
670	3116
1108	2319
2887	3294
194	3275
879	2051
3853	4274
2818	2948
1641	1839
2735	4761
4353	5062
1701	2078
443	3754
1215	2738
1505	1667
956	2983
1679	2513
116	4798
893	1866
67	162
481	550
1840	3405
22	4271
2027	2438
2106	2582
1747	3962
2496	2852
162	4165
1527	5115
1679	4115
1984	4201
2989	3272
2948	4271
443	460
3568	3649
416	1113
1085	4047
3853	5128
2321	3116
1243	2099
4650	4962
921	4759
2047	2792
2835	3413
3116	4858
2166	4170
112	1679
1068	4509
1215	4113
72	2166
1679	3102
7	963
971	3586
2361	4198
622	1983
2033	3132
2755	3114
1453	3853
343	3367
2118	4646
155	1882
2118	3870
43	2986
548	4448
1892	4764
100	1156
694	3486
3747	5113
2347	2835
1303	1679
2166	2557
1505	4119
1726	4402
3616	3962
394	1504
1839	4962
750	3153
129	2118
42	3116
638	2775
2692	3237
1946	3116
1666	4962
1454	3385
130	2591
2245	5062
92	4059
1953	2584
664	2952
928	3404
928	1679
321	2229
3925	4496
1641	4381
1215	4455
2794	4962
2172	4943
2922	3272
510	3376
65	4882
330	3442
1866	3202
1212	2661
3116	3434
2011	3573
1281	4523
622	3294
1966	2934
391	1679
309	1953
550	3116
2798	3474
1270	1679
349	1674
685	1679
2438	3853
898	2676
381	732
111	2616
133	2412
1415	3122
102	3259
3114	5078
359	1642
706	3974
187	1679
1527	1609
72	4651
694	1617
3586	4461
1147	1679
2800	3825
2573	4252
1679	3262
1333	3974
788	1527
1186	3111
983	2245
238	1983
2653	4986
610	3116
366	452
3045	3739
2308	2971
1933	4960
2625	4097
1367	4882
1527	1532
3573	5120
89	3006
96	2625
35	1897
3116	4538
1147	4646
2438	3722
865	1329
3962	4110
2118	2823
116	4043
1984	3503
732	4758
607	1679
130	509
2522	2934
299	1626
1202	3687
343	4880
2102	2389
629	1030
694	2724
187	1659
3116	4363
1679	2038
2692	4880
1527	3738
788	2755
2818	3284
1964	3116
1756	3442
3866	5153
662	1679
22	2438
2877	2940
584	1626
4066	4775
510	4827
4460	4670
1313	5096
347	4976
1701	2755
2011	3957
761	2708
1847	3609
4113	4962
387	4113
1454	4271
177	1483
1553	4271
4474	4962
416	1679
348	3116
552	3084
1147	2075
2709	3338
1139	4525
1215	3602
713	3747
3228	3284
973	3843
2021	3317
164	1078
3511	4399
89	4113
716	1679
455	1213
1275	4131
245	3116
387	4070
349	2053
1503	2560
1231	4962
898	4252
2985	3116
854	1527
1679	3347
2822	3116
4082	4775
2210	4775
1989	4114
781	3116
3688	4048
1521	4505
65	314
1933	2959
4113	4271
2698	4521
74	3560
118	1085
7	2209
867	4876
2967	5032
1473	4775
3404	5107
1929	2887
694	5085
2021	3026
238	5085
4070	4554
1108	3573
2940	4236
1883	3709
1679	3002
116	634
2341	4270
226	2940
2102	3582
3551	3582
66	2204
2573	4596
2755	4271
1215	3369
3511	3582
2692	3564
130	4045
1453	3754
2210	4271
2118	3250
1626	4928
722	4560
928	4882
3468	3573
2310	2834
3367	3754
2763	4962
1582	2990
444	4841
1428	1527
116	533
391	1980
2438	2507
673	4525
2940	4097
4274	4940
1213	1679
116	861
374	1215
1964	3322
1585	2465
1496	5041
1667	3493
1645	3925
833	1866
2698	4261
1679	3265
1192	4113
3744	3840
339	2269
314	1579
2238	3294
1527	1983
4	2438
610	2099
1527	4817
1679	2011
513	1243
691	1679
859	3536
2990	4217
1679	4761
343	1667
116	3696
3864	3905
618	1428
116	1141
1979	3352
2828	3710
2125	4962
2466	3116
421	3839
570	4872
116	2530
452	2438
305	1679
3153	3446
329	3739
1117	3860
3551	4271
4045	4480
2118	4196
2883	4290
413	965
1034	4872
100	349
343	1800
485	1527
106	3722
2922	4775
2940	3061
28	1215
3095	3103
2053	4890
1180	3474
252	1527
1136	3337
1972	3116
1036	5084
3103	3446
3395	4789
1626	2691
1679	3000
1333	1432
926	1679
1113	2904
1679	4214
1430	2013
803	3409
2724	3485
4010	4144
1654	3493
788	1313
2726	3369
3198	4418
2381	3116
2698	4452
2174	2940
1741	2374
2002	3444
1331	3320
1454	2852
3116	4712
1679	4003
960	5031
1723	3864
732	2262
134	1747
759	1527
2013	3369
4707	4800
1543	4980
339	4480
1951	2347
1430	3687
48	589
2835	4651
329	2199
2270	3907
3442	5060
1269	2698
1147	1617
3160	3285
393	4406
4580	4695
1640	4480
35	4201
1345	3224
443	833
364	1215
2540	4962
3704	4308
116	3216
885	3582
1573	1642
3338	4643
364	3272
192	3116
318	901
614	2395
713	4775
1525	2842
67	1674
4086	4635
116	3265
2108	4144
187	4908
1983	2765
2698	3905
1527	2514
3760	4696
1020	3116
116	1666
3415	3573
4017	4705
340	1527
1582	1679
1679	2799
3330	4131
7	1429
1844	2307
4137	4406
2624	3272
2361	3226
732	2909
1147	1573
1679	3465
1573	4525
3591	5091
1970	2964
2890	4461
671	1679
1679	5051
593	2142
1195	1679
253	2170
856	2241
2890	3924
266	4349
1723	3151
1775	2361
652	4151
3367	5146
31	4270
444	3116
622	3787
694	2021
3198	3957
1341	4028
116	278
393	1684
1752	4401
1180	2078
2835	3925
2580	2698
3840	4097
1679	2823
2053	4767
1119	1527
2438	4860
963	2075
116	5123
1679	3408
1893	3536
473	1736
3116	3513
3323	3518
1180	3423
4335	4775
2078	3995
394	3842
252	1679
1007	4118
983	4758
3791	4556
116	4775
2582	3116
925	4120
238	3116
728	2230
413	3962
1281	4775
4775	5095
944	2361
788	2530
1679	4480
2341	5042
3995	5079
2617	4694
3322	3757
3991	4962
643	2379
1215	1340
1474	3687
384	4798
116	378
1679	2885
2465	5144
58	2310
2157	4059
2108	4232
1531	4406
1679	3271
2395	2774
1527	2404
1213	1732
1128	3582
1690	3035
1430	2170
1454	2530
1527	4306
2466	2667
1386	2743
2241	3237
151	5095
116	1679
1679	4646
1679	1865
2204	2404
443	1270
2737	2894
846	1679
556	3829
2170	4928
2613	3211
343	4086
116	4329
1085	3747
1108	4320
1215	3687
2438	4954
1679	4653
3224	4177
601	692
833	4480
455	3747
1313	1701
3376	4197
1058	3322
326	4729
3582	4756
973	3962
634	2476
3116	3829
1679	1786
2334	3010
1504	3842
177	2310
462	2118
1288	3084
1139	1923
1474	4480
946	1525
1313	5062
501	2987
309	4711
176	1243
510	3995
593	4923
443	1108
2353	4908
865	2723
1527	1612
389	2031
2835	3722
313	2661
3399	4070
942	4509
1938	2470
117	1527
3099	4775
116	5065
2385	4798
735	4399
1641	2342
1679	4799
22	1454
2075	2818
1705	3294
673	3962
286	4853
696	3193
1679	2306
1722	2585
314	4635
89	2177
187	4083
2724	4649
102	4179
116	509
2361	2987
1866	3511
1505	2108
4880	5078
1679	4981
2203	3084
1609	4809
2142	4325
3116	4697
1679	2389
893	953
2768	3920
1667	3377
792	865
2775	5153
266	3696
1165	2316
3586	4383
2948	5120
1679	4509
559	3116
3116	3834
2002	2245
1945	4163
942	1505
7	1679
346	2166
2174	3114
731	867
1747	4179
1454	4981
1213	3337
1498	2166
451	1852
865	3582
583	1741
1313	4729
4646	4729
2939	3907
294	4435
2698	3975
313	3984
4503	4962
1623	1641
1818	2690
953	1277
638	1139
4525	5115
1741	4941
2142	5080
2435	5062
2346	4525
593	1670
1505	4580
673	2308
226	3735
1288	2835
3116	4517
2459	4798
384	1679
345	4525
288	2053
1679	3739
2051	4664
2522	3760
2118	2928
820	3116
1553	2102
2152	2438
3930	4525
1679	4766
1527	4695
329	4308
1679	1695
2118	5115
2389	4433
3814	4070
574	3026
1527	1588
833	4818
2459	3587
4107	5091
313	1108
3056	5079
1215	4711
1558	4775
833	3995
1723	3114
224	2459
2560	4662
1035	3116
1256	3547
444	1113
67	701
803	3493
116	3503
1087	1746
2118	2514
1405	1427
2731	2834
2031	3405
2438	2526
3786	4269
1975	3231
2858	4840
728	1912
7	4594
1805	4201
627	1527
1747	2170
1679	3771
302	2342
293	4603
7	922
2940	4560
978	1504
1883	2582
946	3875
633	4417
339	3116
1182	1487
116	2262
1679	4383
3210	4301
130	2625
750	3560
2270	3202
1119	1313
1983	2108
1365	4178
116	2166
2940	5120
2170	4170
3261	3905
1042	2796
1923	3582
271	2108
1679	3665
2823	4329
151	4580
111	1679
1139	4943
3289	5108
314	2625
43	3696
1454	1946
1836	4712
1505	2796
293	4882
3116	3754
116	2824
2438	3866
118	170
2142	3866
820	4525
1847	2584
732	2385
3624	3704
1325	3116
89	5003
4220	4461
489	602
4594	5122
2310	2334
162	1880
4035	4399
1912	2014
2053	4170
116	1437
295	1679
116	1271
2835	4461
552	4767
3010	4789
1846	3573
2199	4776
35	1051
116	4275
343	673
2142	4301
1679	4230
89	4712
673	3552
134	2716
1211	5122
492	1430
547	4137
1165	3551
3944	4271
2174	5062
4580	4882
1120	2835
2178	3962
421	2582
3044	4962
1243	4950
151	4151
1527	3984
1933	2438
2438	3672
2946	3995
100	226
1555	4399
116	2438
492	4406
2534	4985
460	4271
1726	4945
1078	2051
3323	4245
1057	4962
92	1746
3225	4635
684	1679
1640	5031
1215	4908
1085	1983
4201	5126
5083	5091
1336	4775
1760	1897
748	3114
2270	3687
4018	4163
2946	3376
2204	2476
3228	4273
159	4887
314	1309
57	3924
116	3754
1139	3995
1800	1854
944	4119
2775	4473
3754	5078
1746	3116
313	1844
343	1028
2496	5095
1806	3114
958	2698
381	1844
983	3182
36	5031
822	3488
2616	4943
2775	4923
3564	3864
1946	4789
116	3500
2334	3114
116	4994
1679	3551
505	3116
1180	2775
134	4861
1505	4005
1453	3586
2342	4383
14	2835
942	961
1679	2379
3317	4962
2248	3176
200	1679
1573	4642
1679	2014
1836	3901
4070	4515
2547	4468
116	3714
1487	3261
1145	3116
1679	4983
2040	3132
2438	4776
1679	4810
1667	2993
925	3984
4144	4580
1747	2438
1742	5122
2257	3687
501	1679
1932	5153
1156	2526
1866	2946
716	1533
816	4036
3920	5091
3757	4001
2142	4097
89	1722
1492	2716
901	1839
314	3286
476	2078
1270	4728
218	1430
1679	2893
483	922
618	4473
2394	3116
153	4361
93	4670
788	3056
2774	4271
452	1324
1679	1951
1866	4325
2582	4872
253	3116
1215	4318
1187	4766
504	2040
2835	2842
3175	5120
3061	4271
3116	4500
65	2952
364	3582
4399	4827
116	1550
946	5145
1202	4271
72	3100
1338	3866
67	2240
1641	3481
2253	4293
1679	2388
172	3116
842	3614
4306	4928
28	1213
4236	5146
4	629
1402	2361
1865	2791
492	1527
1627	5035
1892	3924
733	2763
229	3027
452	547
1844	3224
2989	3503
1679	1735
2177	3907
891	942
1679	4361
1313	1527
404	1679
116	5032
4003	4775
1952	3116
517	3860
2308	3451
1774	5053
960	1505
2090	2557
1329	4095
618	1286
1544	4070
116	3451
1034	4111
2755	4986
946	1983
1670	2939
833	1180
1415	1722
2433	3905
2090	2540
116	959
1215	1409
1363	1474
3552	4219
3026	3493
2321	4577
1453	3860
1058	2227
2625	4116
476	4667
3907	5008
1367	1611
1705	3974
1887	1989
3330	3402
1938	2363
2924	4525
4170	5042
694	2347
2057	3352
1553	3770
1553	3116
7	2241
111	1555
1025	2391
2166	2334
92	2166
3116	3289
348	4404
329	1863
354	3544
1679	4940
187	3586
7	2002
971	4271
1333	3603
297	3395
2438	4200
1679	2203
1105	4236
1113	1933
387	2946
4201	4336
1287	3299
4201	4452
692	1291
492	4101
208	652
1415	4580
1521	5156
833	5108
1338	2078
1626	1679
510	3866
3770	4271
3116	4930
2002	2625
447	1215
1642	4271
1521	2792
349	2403
1020	4877
1806	2174
3299	5128
942	2245
1215	2781
309	1847
673	2027
1653	4775
3116	4309
1386	3924
1430	1670
2934	3139
3295	3925
238	1679
447	4775
1527	4124
2884	3284
2170	3116
0	568
1527	2005
859	3202
111	4196
1402	5095
3582	5079
1679	3062
67	971
2617	3845
1640	3573
1215	2743
2341	4767
1145	5095
1180	2946
2170	4185
116	2379
4859	4940
3575	4086
2270	2798
1937	4170
1250	2834
2266	5088
391	1865
2934	4539
885	4362
1215	3323
7	1108
1117	1633
1202	5008
1092	1119
248	1613
624	1679
654	2470
3116	3509
3829	4271
1093	5078
2027	2993
1211	1679
1826	3552
1517	2698
2904	3116
127	2871
1679	3174
4336	4764
241	4949
2182	4985
3116	3832
3829	4525
3908	4544
4038	4767
1584	2011
1269	5095
1667	3797
1215	4584
3597	4201
1582	5028
1028	4185
732	4249
2858	3564
226	671
731	1670
152	983
1679	4401
2245	4538
462	1679
1800	2584
1789	2230
4018	4725
343	4776
2532	3603
571	3709
1331	2241
326	1679
351	822
4544	4872
1679	4758
2506	2726
1430	2434
533	2940
1679	3595
1430	2959
3056	4623
2476	4271
238	651
1641	1991
499	1679
2245	4962
2185	2716
723	3202
954	1679
1553	2270
1213	3139
1143	3476
1236	3399
692	2887
116	2457
587	902
1215	3382
393	452
473	881
1487	4560
3866	4480
354	901
1333	3012
2514	2594
2401	4005
448	3047
339	2661
2338	4435
3825	5107
1679	4939
2031	2438
152	1527
7	946
116	759
1952	1991
3953	4775
978	3974
4111	4473
368	4861
1892	2835
279	3754
222	2755
3582	5096
2835	2871
1113	3636
1641	4554
72	311
638	3995
1139	2078
92	2199
2118	3930
692	1645
983	2835
1774	4467
1679	4650
1113	2298
1120	3995
1244	1679
820	1679
2177	3863
2207	3446
1836	2704
3166	4725
513	1167
343	4035
116	253
116	4174
2145	3323
2511	2708
1085	1525
1202	4923
3056	3757
1365	2321
3866	4827
2799	4623
314	2887
896	907
226	2530
2185	5120
7	1402
3864	5078
2835	4503
3180	4890
1192	3354
1789	2118
2185	4120
4041	4637
2118	3190
1085	4129
1034	1679
585	1573
2245	2582
116	268
1505	3739
3405	3639
3911	4775
865	5022
211	1679
116	2412
2676	3116
601	1723
116	627
3003	4775
971	5040
4113	5128
3352	3984
420	521
2014	2835
226	1182
1679	3148
1058	4767
116	3341
2438	5008
299	1337
2185	3847
169	1679
443	5128
1270	1327
1866	2775
4526	5028
1527	4954
696	3116
1453	2027
79	584
1527	4035
815	4642
2319	3582
159	1309
4059	5120
1270	2078
3116	5042
633	2951
46	4623
92	3739
1367	4770
2746	3166
116	2403
1679	4354
1679	2993
436	4950
3564	5146
339	5031
51	3180
3395	4928
1286	1338
4178	4271
2507	4537
452	4386
865	4882
1722	3100
1929	2099
449	3116
865	3532
1553	4035
4931	4962
3866	4274
343	820
3911	5065
166	3552
116	3334
194	4775
247	2118
3770	4923
22	3093
1415	3739
1679	5053
856	5078
89	3586
717	3724
1504	3972
2496	4404
150	1331
74	2665
2703	4273
3116	4734
885	2834
1215	4384
2169	4035
1699	3116
2835	4035
192	2038
265	2053
4134	4152
4386	4435
3116	3190
1893	2835
584	2904
3532	3957
1055	4816
1503	3176
2404	2438
7	4868
517	1036
93	359
6	1527
713	2755
4494	5159
226	4236
347	2476
3116	3634
326	5080
444	1984
116	4868
2546	3552
3047	3920
1723	4236
1035	3609
444	2270
4070	4729
2226	2438
2272	3924
2185	4301
393	1324
2011	4905
7	3395
101	4401
102	397
2000	2487
659	1679
1215	3547
2291	3231
2181	4798
2625	4640
1333	4189
942	4880
1058	4859
1260	2818
1525	3116
1679	3361
664	1654
901	2324
1255	1505
111	3202
2512	4131
833	3717
1906	3114
1504	1897
1108	1533
899	1679
868	1261
1042	3623
1521	3116
1215	4949
116	1652
451	2874
946	3153
1215	5062
868	1429
1756	3116
4386	4565
4000	4070
627	4640
1911	4939
1640	1866
2585	3678
1051	3547
1679	4330
614	2438
1474	4923
667	3704
823	4137
127	2746
710	3203
1277	1983
2450	2512
116	2241
4070	4380
1608	5008
1679	2869
340	4525
1533	2118
808	1865
4111	4670
1679	5003
1113	4729
116	962
574	4890
2755	3866
116	488
2677	2863
3451	3824
116	643
1527	2690
627	3451
2170	3853
926	2703
1679	3573
1037	1840
271	1113
1056	2496
1191	4308
67	4271
684	1836
2931	3982
1640	2438
3863	4152
1119	1617
387	3757
1701	3995
314	5095
3116	3907
865	4642
332	2329
3145	3939
1844	3063
664	2842
224	2181
654	1527
187	3924
116	2367
1453	3941
4010	4580
704	1105
875	1215
1527	3991
340	1180
3992	4201
2755	4399
2438	2753
1633	4418
2227	2269
593	4480
547	1041
3511	4045
960	4960
164	391
953	5065
2589	3116
3687	3866
2450	4086
314	3145
4361	5038
1659	4685
3724	5108
2207	4950
4346	4770
3852	5150
1141	1415
696	4070
96	2893
443	2775
314	2376
116	1341
971	1483
3299	3939
2616	3202
4341	4775
3116	4011
1078	1980
1430	3866
2090	2792
701	2438
3322	3735
1641	3654
241	2835
1667	1679
309	2438
988	3450
342	1893
2883	5038
1679	4905
420	1679
1654	2852
1146	2934
2036	3888
1527	2476
2049	3258
2013	2698
288	1505
643	1525
731	4670
1579	1679
1147	1527
159	4780
3591	4962
2403	2725
2438	2755
1180	1866
1403	2613
1492	1505
3116	4685
1679	4843
1929	3602
489	1527
694	3117
486	4700
1747	5040
4274	4480
1481	3116
542	2053
247	3361
3237	4560
154	2852
2934	4962
556	927
1945	3704
1726	2070
2708	4775
89	3939
472	4070
3925	4271
271	4070
241	1213
2676	4890
472	3939
63	1415
1327	3925
584	4070
1933	2053
521	3582
1215	1977
3992	4770
448	2834
1679	3944
1611	4775
1120	4509
892	3413
4872	4962
785	3116
3354	4189
413	2884
983	2792
3866	4399
1525	3554
2435	4538
3116	4121
971	3696
2027	4859
2269	3382
3433	3582
2142	4480
1679	2990
176	1415
1679	2040
2053	2835
926	4551
2862	3394
4406	5134
116	4632
3116	3276
959	3326
4480	4827
4346	4962
1007	4219
116	1726
1215	2264
1654	2684
925	3920
1588	4196
116	3605
3245	3289
343	1191
740	1527
1270	4525
4525	4949
1679	3695
302	4761
1265	4653
1865	2735
1527	3895
1711	3116
3202	3995
1746	3413
359	4110
2987	5090
1042	2193
154	3493
2100	4191
2078	4399
492	692
1260	1993
2334	2940
2465	3116
833	2798
7	2746
176	2157
403	1679
1789	4110
1503	1527
3920	4775
2746	2835
1113	2534
1679	3399
299	1202
3116	3876
4201	4362
4247	4941
151	3752
1143	1329
3116	5085
517	5043
2188	2955
1679	2796
343	5078
1617	5085
971	3026
1659	1983
1215	2204
3116	4340
581	3839
1667	4271
3941	4860
2521	2880
704	4689
601	3367
448	4185
2535	3272
3116	4978
1331	4689
2209	3754
42	1679
52	1007
1325	4271
521	2989
2899	3116
2438	4011
881	2450
2626	3026
79	3586
1007	1910
1623	4554
3116	3249
2057	4271
2178	2185
2507	2625
1461	3754
879	4551
4417	4962
31	247
116	1347
430	3208
1215	4772
1362	4775
898	3061
46	1752
116	4735
3116	4346
74	5090
92	570
1953	3536
7	313
1979	3179
2118	3829
1386	3433
1145	2496
1430	1999
2582	4525
4452	5035
306	4775
413	4340
1623	2385
1327	2118
460	3573
865	3962
1656	2814
1654	3924
1903	4189
1203	1839
1505	2002
2723	4978
444	1991
3026	3586
1617	1747
291	2053
1958	3116
574	2166
2519	3686
735	4636
2782	4872
1839	2181
1259	1679
3191	4271
488	1463
1952	4200
92	4131
1679	3285
36	1527
1215	3859
3493	3717
574	1836
750	817
2970	3984
255	3116
1946	3317
928	2011
2908	4843
1701	3866
116	3942
1679	2894
1508	3919
4217	4775
831	2361
2133	2835
2904	3045
1105	3114
2342	2798
1202	1474
1679	3160
2014	2347
116	3788
2818	3602
1679	3023
250	3116
1551	1679
3026	3082
1527	2986
339	833
1165	4454
1951	2585
1527	1789
593	1202
926	3944
116	3445
1334	1946
3393	4306
510	2653
488	574
4799	4841
2199	3929
339	618
942	1640
98	314
1983	2496
2241	3061
1106	4107
3179	3739
3984	4052
2798	3907
4018	4502
208	4962
489	1505
490	2682
483	509
1503	3602
116	2133
728	1678
2625	2973
314	1042
723	1527
72	488
111	1588
1679	4779
1324	2013
488	3493
257	2097
664	1958
343	2948
7	1747
3829	4201
206	1679
3116	4480
413	4267
1127	5144
491	3116
1268	3116
1108	3591
4163	4775
2724	3444
89	4301
1679	2009
1244	2496
492	1215
116	1146
1746	2534
1430	2823
1527	4059
1929	3593
1300	1679
226	892
4949	5120
57	1679
116	4761
339	3357
1037	2031
944	1659
1562	2334
3289	4859
1402	1679
3294	4118
2415	5128
2934	4707
1068	2884
2038	3116
2269	2755
1643	3476
1324	4933
2620	4775
1273	4874
1627	2835
394	1937
1679	3984
1626	2893
2928	2934
3404	4764
2573	3032
1585	3924
3190	4525
271	4882
3687	3939
3116	4271
1938	2003
1775	4137
226	633
1110	1679
1514	2071
735	2118
319	3116
3866	4325
460	2835
1679	2309
2722	3211
1334	1412
116	5145
43	4756
2835	4336
1679	4102
1892	2438
1215	3551
1505	4383
651	4308
1505	4144
1503	2013
1215	3511
2021	2124
116	3866
1679	4597
3077	4172
2438	4197
116	777
2051	4258
36	4480
3582	4861
2438	4711
1840	3639
1977	4525
4271	4399
893	1215
2057	3116
1505	2178
1430	4712
1331	4696
3895	4775
3167	4940
3294	4052
1679	3598
2185	4418
513	2090
3417	5108
1679	3350
2589	2698
833	4859
1485	4580
1146	4144
444	3026
4538	5062
116	4203
816	3007
3863	4059
3116	4398
2033	4800
1626	2235
1119	1270
1409	3586
1020	1582
3568	4418
3011	4349
2265	2706
92	5079
891	2613
865	4271
1180	4827
2492	5082
1386	3352
3072	4005
2118	3614
3116	4273
1415	2223
1746	4580
154	1108
476	1034
116	2741
944	1453
2823	4185
2133	4829
321	1679
2709	4775
151	1679
277	3116
2893	3901
326	1617
1119	3901
1679	3586
1215	3813
4798	4985
3117	4538
673	1527
187	1703
942	2438
2125	3406
2610	4962
1092	4525
1527	3163
2230	4086
1412	4789
1147	3486
651	2144
176	5122
1527	1912
1679	3382
1420	4362
3689	4201
3682	4329
339	4196
277	2775
1505	2703
1679	2691
319	4113
3140	3446
1430	3056
174	4962
3408	4273
3582	4036
801	961
7	1313
761	2038
226	1806
1039	3735
3456	4837
66	2585
2946	4220
2241	3754
1679	4459
1679	4992
2024	4554
1331	3385
1679	2141
1895	3295
2434	4377
36	3295
62	116
1679	3245
1679	4200
1313	3486
4150	4858
618	2177
1977	4437
313	2667
4981	5126
2269	2775
788	5008
118	2959
509	1984
2628	3582
1617	1679
1041	1679
1430	3163
2691	4437
1498	4220
1527	2743
2099	3258
3575	5065
3361	4565
1932	4492
958	4220
2526	3616
865	1430
166	1679
2099	5090
347	5154
4584	4820
116	556
2174	3261
574	3262
1215	2884
65	1454
339	3114
226	1461
1288	3582
109	662
1980	2747
1844	2207
3056	4433
3116	4461
1679	4635
3307	4386
1215	1912
1966	2261
2002	4525
1839	3654
314	1269
3204	4978
831	1679
122	1984
3387	4398
3672	4580
601	4273
349	2170
2037	4798
2975	3116
893	1428
1460	1679
89	2331
808	4761
954	2863
810	4121
2624	3116
387	4111
1678	3370
1938	4580
1588	2674
116	5060
2021	3018
1726	4101
1191	5120
4038	4070
116	4103
1147	2118
314	2240
2049	3116
116	4214
1952	4525
1255	4533
1430	5084
104	3116
1488	2389
1679	4492
3493	4776
122	1056
116	3100
1679	3938
963	4962
1983	4509
1679	3860
2002	2723
499	2814
1527	2057
1883	3664
816	4311
1270	4874
1062	3827
1474	3056
101	354
891	1293
1329	2625
3103	3116
116	3518
2927	4271
1617	4035
2763	3116
1679	5149
313	504
694	1741
2946	4196
1701	4525
2799	5062
1656	1679
3575	4775
823	4978
89	2835
142	5062
788	2616
3991	4131
3908	4070
1774	2888
2653	2823
116	3093
7	3722
43	1614
35	2438
1093	4236
1108	3754
1136	3103
349	4780
2955	4789
867	4130
983	4797
926	3991
4271	5062
1430	2625
2904	4134
116	4539
146	1679
1221	4770
2948	3116
116	4200
2387	3116
1726	2829
354	1082
1988	2230
2476	4525
1679	4522
2014	2698
1157	3116
3000	3116
347	3116
1430	3093
988	1679
2342	4084
7	2379
707	4779
3520	4764
3466	3908
1213	4082
2170	3991
509	3307
618	2775
3770	4827
978	4665
492	2438
1119	3895
2177	3951
2118	2374
2438	4949
443	3941
4556	4809
42	694
3906	4362
476	3322
3061	5078
72	2245
2746	3792
3488	3503
3486	4525
1386	3294
2438	4480
1679	4038
1215	2668
3032	4048
1037	2985
255	4546
2848	3116
455	868
1533	4775
1679	2097
960	1327
1180	3995
92	4010
732	4408
684	3116
978	1288
3486	4646
187	552
1454	4630
2625	3829
2078	2118
2684	2852
887	1679
1581	2929
2404	4620
3294	3557
153	4775
413	2526
2775	4480
4271	4827
2043	4252
988	4118
1679	2666
2099	2987
673	4594
2908	3953
1839	4656
3179	4271
4452	4786
1430	3907
339	4271
4137	4976
1588	1679
859	4480
142	4775
3423	4271
2990	4694
3907	3995
22	452
1679	2012
1255	2716
2511	3944
1058	1585
842	1527
638	3376
413	3875
111	2078
1474	3145
2818	3582
1057	1657
2704	3450
1505	3582
2036	2177
1527	2281
1338	2775
74	4163
1202	4480
1679	3292
1839	3916
723	4525
3924	4525
3081	3116
1626	2847
3991	5083
670	2990
2877	3061
1679	4127
302	808
1966	3456
713	2835
1034	2227
1752	1987
226	4560
1883	2616
127	4764
2027	4222
513	3132
1990	2199
1204	1660
313	2546
1041	1324
601	1108
2379	4113
3907	4775
1136	2630
79	4728
1215	2133
2290	3032
387	3284
2725	4964
391	2270
3116	3428
2347	3284
1321	3116
4674	5091
1726	2178
1752	4502
1313	2014
302	2747
1929	2374
1313	1625
4139	4944
4960	5120
3202	4827
1679	3649
159	3117
3159	3754
723	928
509	5095
652	3601
1503	1775
2625	3069
187	4882
266	2021
1938	4144
1679	2178
333	750
928	2438
2724	3189
3116	3924
1933	2177
3995	4196
2307	4798
152	3190
3326	4129
1866	4196
1428	1679
2024	4580
1812	2834
3488	4988
2625	3241
3503	4551
2740	4554
1527	3841
3285	5138
944	3582
652	2877
2924	4271
116	3023
1679	2613
313	1741
116	2088
314	4459
910	2909
704	1946
4962	5021
828	2266
3116	3974
1623	2181
1113	3623
2016	4220
1213	1215
116	3717
996	4028
2118	4728
1679	1911
343	489
2254	3289
1168	1679
1180	4399
1684	5134
1215	1883
1202	3116
2584	4603
89	1492
1732	3981
449	513
4827	5031
887	1078
1579	5096
4565	5082
329	2118
1614	1983
570	4201
452	3575
1679	1691
1215	2067
1139	2798
2078	4943
4113	4365
1679	3012
74	313
374	3925
3977	5101
451	4001
735	4035
2070	2625
92	3511
1098	4383
1215	3953
3114	4696
510	2755
100	971
89	5128
151	4962
116	4173
380	635
2118	4962
397	1186
1617	5080
3237	5035
2170	3574
1747	2027
2053	2070
2948	4525
2310	4928
822	2438
476	3853
1527	1679
116	4762
2002	2934
226	1970
2835	4941
1760	2794
2245	2743
1840	2031
116	1493
1214	3116
74	4766
3376	4399
4525	4695
1108	2410
1128	1984
1667	2899
123	2013
1679	3026
309	4603
3116	4361
2698	4082
1679	2767
2266	3116
1147	2818
1332	4301
164	2051
100	1269
2438	3322
2361	3924
1703	4586
1653	2286
2946	3866
65	3382
4399	4923
1635	4271
1416	4306
1527	1866
2118	5094
1701	2909
960	3008
1505	1703
476	4859
1270	1553
1215	2309
351	1269
4775	5070
1275	2691
279	4130
1679	4500
2361	4538
994	2438
1659	4311
2973	4342
1303	1527
1588	2698
722	4775
3280	4685
488	1648
314	3116
2704	3236
2939	5128
915	1679
159	349
1565	5021
2075	5085
1679	3908
808	2051
2738	3679
340	3116
1679	2252
192	2388
1088	2185
302	2051
862	2321
343	2185
973	4097
339	2118
7	3114
1620	4476
4603	5088
2373	5122
1952	2118
2147	4653
247	1527
3942	4635
1215	1786
2616	2946
1327	4274
1679	4686
340	4399
2102	4480
3114	3944
414	2793
942	3299
3924	4606
3925	5008
66	398
2379	5095
715	1679
3446	3636
822	1269
2775	4818
1074	4580
1679	3274
3116	4144
893	3866
1953	2669
761	2438
1113	1488
92	1286
2438	4841
2118	2703
925	3944
1979	4111
1582	3845
2311	4059
293	1679
2755	3376
253	1917
3916	4095
92	162
957	1329
4271	4941
1325	2118
3151	4236
1705	2457
922	1679
4152	4311
238	3175
513	4404
722	4070
2438	2946
3882	4775
116	822
1267	4151
2909	3116
896	2476
2871	3404
1453	2013
2199	4308
3340	4809
2270	3026
1215	2951
343	2241
2798	4667
601	1906
354	3116
3962	4882
1187	3094
1329	2538
4082	4882
4163	4198
921	1633
4070	4544
3258	5122
1368	3116
1752	3262
3008	4165
192	839
92	3116
329	2388
510	3114
187	2204
1420	3116
1679	2820
3204	4775
288	1679
130	4775
1726	5065
211	314
750	1679
1679	4314
100	1378
1527	3081
806	1679
492	2230
1844	3451
2363	3145
1527	2329
241	1679
618	2755
963	3317
1143	2199
116	837
983	3361
150	226
96	652
2438	2704
3116	3719
2124	2669
2934	4584
176	509
1679	3485
122	2635
1679	1972
1573	2764
1924	3116
116	2758
1966	4770
3082	3962
1531	3688
1287	3100
2496	3665
1215	3179
397	3259
2940	3261
1642	1933
3672	4113
2798	3145
1293	4201
2118	2884
1036	3511
3116	3704
2335	4580
2334	3907
7	901
460	3116
3513	3592
957	4467
556	732
483	1679
1679	4010
833	4399
224	1839
1746	2909
1656	1946
1690	5091
673	3102
971	2013
1679	4577
3202	3717
67	2985
4554	4985
2692	3114
3103	4318
3139	4775
18	1430
748	1454
1789	1983
822	1113
2703	4767
652	3672
3116	3531
1679	3717
1202	2177
820	5120
3602	4525
1573	2118
2404	4254
116	2625
547	1598
123	4525
1679	3755
1327	2438
98	4070
1936	4200
833	2438
1679	2495
1679	3532
4853	4882
1679	3223
652	3717
100	4306
871	3911
3513	4775
123	4646
2230	4059
130	4872
4070	4580
36	3116
43	1430
3232	3428
2448	4208
1108	3493
116	810
2834	3190
629	1625
185	4502
1679	1756
339	4325
2635	4775
2181	4962
241	4560
192	1286
3493	3962
662	2492
1248	1625
2226	4882
2118	2193
374	3586
116	1467
89	875
3361	4435
36	1882
2241	4560
187	3011
633	4036
2682	3116
761	4185
2342	2698
635	2404
299	3116
2241	2940
2438	4399
299	3907
1455	2341
92	4882
1028	2053
72	2934
3757	4859
2014	3930
2438	2948
476	5108
2259	2290
1474	2270
1555	3376
1861	4580
2957	3174
1858	2963
1720	3866
314	4973
4480	4981
2625	5120
1409	3114
1866	2078
2625	4711
1528	1679
865	4978
3116	4023
3582	3991
1752	4525
2270	3939
2102	2775
1215	4695
3770	3866
1215	4083
1747	2126
1215	2266
3026	3520
1553	4943
1679	4554
1553	1970
1505	4662
1215	2526
164	808
1979	4045
1612	2118
4691	5099
611	4670
153	4127
3980	5082
1679	3362
1660	3451
1679	2493
309	5040
1437	1679
170	1059
2230	3151
638	2078
1527	1533
26	2438
3116	3317
788	1474
2936	4070
593	4495
2438	4960
868	3116
2755	5031
748	2241
379	1679
2971	3116
2946	4271
2047	5156
472	2939
2718	5034
1531	3007
1136	1793
314	3323
1213	1250
3026	4503
314	961
271	4201
387	1881
192	3951
1679	4435
13	1679
820	4005
1139	2616
971	1747
1833	4636
1035	4165
2704	3839
1092	4775
1215	4653
1380	2698
2540	3839
1215	4712
313	612
652	4882
1440	3853
4113	4954
2269	5108
2755	4045
3056	5008
865	3116
1983	2704
1213	2834
3116	3298
3511	3995
4406	4861
116	4585
4201	4670
3116	4774
1113	1742
1187	4289
2695	2698
1501	3275
1679	4724
788	1866
2191	3560
67	822
1454	4983
343	2329
731	3995
391	4258
901	2181
2203	4860
1613	3536
1851	2361
2613	2722
1324	2584
1975	2957
1678	1679
1324	1953
2934	4564
533	601
3960	5099
1679	4517
2156	2169
778	1476
3488	4888
2181	3446
2532	3116
865	3672
89	2070
2438	4273
116	3654
2904	2924
116	4341
1338	2582
2281	4696
4646	5085
164	4200
1679	3184
1679	5033
207	1527
1338	1635
4001	4859
345	2230
248	4418
3598	4816
638	1701
1488	2199
116	4496
2210	5149
3387	3687
89	1454
1726	5091
625	2932
3289	3757
1115	2986
1679	2580
812	1980
2166	4268
488	489
3447	4882
2946	5113
1250	2625
116	4922
2582	4151
391	604
862	4940
942	2497
1866	3116
1430	3927
1627	3962
89	2185
343	4696
3445	4048
1215	4293
1067	3048
3551	4005
2526	2573
2005	3116
1286	4271
691	3007
3757	3853
4461	4728
2835	4226
255	3791
154	1667
3100	4336
3299	3739
2650	4499
901	4113
1800	4928
581	2090
3939	4097
1847	3586
501	2181
349	2535
1725	3116
349	2000
1579	3924
928	2049
651	1218
489	4580
1045	1670
2142	2798
89	965
413	2973
314	1888
1202	2798
3925	4728
2433	4696
701	2404
1461	5120
343	1923
207	1936
3488	4895
1313	5080
1642	3536
1399	4342
1640	4196
2731	4872
1056	3942
100	1527
389	4271
2917	4107
3056	3116
159	271
1527	3866
3536	5120
1679	2118
2332	3116
1679	4050
340	1588
3224	3826
1626	1666
1327	4728
7	488
2248	2410
1191	1679
89	1255
1679	2100
1903	3116
4872	5101
3907	4923
1983	3859
1679	4124
1215	4196
1987	2311
3116	3202
1679	2450
391	812
116	3568
2230	4538
1866	3907
542	3163
671	1527
921	4418
1679	2302
1074	1679
1527	3026
2534	4882
2322	3116
2799	3663
2118	2257
1621	4864
1609	1679
1752	3689
907	953
1108	2534
4036	5154
2616	4325
2133	4962
227	1679
1895	4271
3687	3724
444	4775
2334	3261
2241	5120
413	1609
517	3843
1640	3955
1259	3116
2987	4656
1139	3202
2775	4111
4268	4775
735	5033
1726	2353
2266	4779
436	1679
2053	3382
1883	4651
116	2462
1553	5008
1365	2118
1505	2438
71	4362
1679	2795
3829	4775
3603	4775
1428	2438
2625	2725
2589	4775
548	1324
3010	5128
629	1277
3405	4267
788	4045
67	294
1938	3272
823	2501
2071	2985
1430	2497
902	4118
1679	1929
1365	3722
3551	4841
928	1037
452	3198
1113	4185
116	4670
448	2746
651	4398
2887	5096
1679	3947
1741	5145
4144	4986
2204	4349
601	4070
1527	4339
2506	3582
309	2053
1679	4291
2835	4059
3179	3284
184	3116
1505	2835
1119	3984
485	3116
151	3408
838	1626
92	3929
3860	4759
1215	4670
2723	4002
2775	3757
618	4876
477	3226
151	4119
116	4238
1351	3493
652	2526
1836	5022
3145	3582
2193	3399
716	3754
2526	4201
622	1705
3866	3995
1679	4039
3272	4170
1270	3116
4290	4775
100	4525
1977	3116
1430	4812
586	1679
1883	3145
3116	4170
1286	3202
651	2863
1505	3696
1527	3451
706	823
123	3284
1527	3829
2142	4651
1527	5117
2118	2755
4081	4775
1679	1985
3864	4236
3026	3249
3284	4525
732	983
1055	1679
1243	3629
1527	4482
1679	5143
1527	1617
1007	2963
489	1113
2118	2537
3056	3145
1412	4735
116	1095
1705	2238
153	4362
1108	5084
4144	4664
116	5148
347	1117
944	1505
1746	4144
4185	4268
2040	3554
1327	5031
3317	4525
152	1573
513	2047
4018	4130
2768	4201
3236	3564
3294	3569
1527	5069
839	1215
265	2241
2118	2245
1460	1617
1551	4728
226	5146
643	946
4382	4766
983	1679
391	3757
2951	3853
926	2506
2530	3202
713	1679
314	1551
2382	3116
1975	3116
3924	4619
956	4261
265	2334
3354	3974
2090	3063
1836	2799
4086	5120
4111	5113
393	2616
151	1402
1679	1775
584	3739
2410	2829
1746	3307
1553	4399
1679	4182
865	1579
853	1412
1679	1861
4018	4962
4070	4940
1338	3991
673	2616
1679	2279
584	2835
116	379
314	1929
192	831
3726	4809
1927	3691
2172	3395
4841	5153
123	4538
867	3939
2804	3568
704	1337
2625	4544
2648	4809
347	921
3331	3814
1505	2862
448	2725
2193	3116
3395	5085
1836	4039
4860	5128
226	601
2053	4505
961	1964
3532	4651
971	4460
2755	3511
4841	4868
2625	3102
3399	4082
123	1215
2704	3471
362	3116
3116	3602
2526	2696
788	1202
983	2118
1461	3367
3444	4306
248	393
1127	4861
944	2959
2585	4495
472	1670
116	862
1895	4325
1082	1582
1553	2438
1635	3582
1108	4113
1726	3714
1679	5078
581	3116
1640	5008
1923	3116
1699	5082
2888	4861
4399	4962
1108	4495
1679	4081
1505	4252
452	1917
342	4406
593	3056
947	3330
2661	3446
1180	3511
3116	4943
3404	3811
1505	2254
346	3488
1139	2946
2099	3224
1527	4340
2698	4242
1487	2940
7	391
1579	4978
3446	3839
1035	4962
343	1034
633	988
1679	4908
211	5083
2535	5042
116	4939
1952	4761
3116	3224
2476	3955
4377	4962
831	3284
339	1527
1248	2185
457	1679
2963	3294
1181	2137
314	2203
1670	1883
330	3116
2013	4418
946	2495
3687	4980
116	4859
1504	1740
2118	3826
1487	3864
488	815
2259	2726
1532	4097
2118	4734
2142	4876
413	1505
2177	2438
2628	2653
1750	3582
2616	4196
1750	4170
229	3116
988	1910
170	1215
4580	4812
3367	4689
1850	4011
4113	4868
4597	5008
510	638
154	1836
1504	4735
2704	3230
886	2066
2049	3894
452	1754
944	1527
264	3116
340	4271
983	4594
1215	3907
2547	3957
116	3964
627	2118
1041	1684
1202	1287
1806	4114
1011	3174
313	3116
3284	5120
859	4161
1613	2763
3192	3752
3116	3557
1270	1598
2634	2698
302	1078
1527	4435
808	1078
704	3114
550	4220
2684	3382
788	2078
1334	2986
162	4586
2706	3445
2404	3016
3395	3894
1786	3701
1455	3413
116	3204
1532	2818
3294	4789
2835	4144
4097	4882
1888	3204
1351	4872
1679	2789
3582	4001
885	1679
750	2307
1333	1504
3116	5080
1679	2037
686	1626
1699	3361
2989	5120
2698	4402
116	3240
314	5088
1670	4480
1527	3587
566	1679
875	2027
1863	4052
4525	5085
692	2118
542	2698
1553	2798
3228	3939
2199	3159
3067	3724
1722	4271
393	1041
1679	2067
2169	4311
394	1181
1679	2659
1679	2684
1136	1253
2928	3116
1527	4776
1527	2739
2698	2876
1679	2733
3376	4271
483	3399
2530	3754
151	1527
1798	4786
1752	3704
1679	5043
2158	4775
3369	3696
1527	3574
349	5042
2178	2625
898	3754
1119	5120
248	3962
3116	4167
842	1679
3239	3710
4182	4664
187	973
633	2698
1055	3272
1679	2356
116	2655
89	1338
387	4473
841	4245
728	4489
1670	5008
89	3639
1108	2379
601	3189
1167	3028
3877	4266
3116	4482
2835	3930
1487	4880
962	1215
288	2951
2013	3847
116	3237
151	3957
507	3446
3249	3840
116	5006
510	4196
255	3573
654	4329
348	1111
2037	4653
1527	2382
1215	4940
651	1956
1187	5090
4637	4775
3116	3208
694	2343
952	3935
2038	2438
3687	5091
589	2002
3160	3781
3008	4011
1679	2512
362	4005
2438	3511
556	2398
28	448
1338	4480
611	1741
1883	4273
792	2188
1679	1958
2247	4232
960	5128
3116	4767
1679	1953
4236	4803
4022	4220
4271	4954
153	673
3179	4035
1453	2438
4775	4876
3528	4785
266	4696
3116	3370
1983	5130
2258	2698
1215	3970
2942	5159
638	893
1056	3582
271	2698
1728	4045
6	5062
2835	3672
1136	1506
4950	5159
1277	4565
622	4846
4084	4779
74	3116
1108	2209
314	3176
3467	4301
255	1929
1168	1667
3116	4293
957	2511
2053	2319
2142	4495
3840	4544
808	812
2502	3488
2501	3404
1430	3352
1399	1527
1312	4905
3468	4492
1063	1313
1007	3294
684	1087
266	2204
928	1741
1430	3231
1679	2589
1501	4775
568	3695
1929	3936
1108	4271
1120	2379
343	4954
1527	2280
1679	1988
4044	4695
1313	1399
265	3488
1679	4990
2142	4981
3475	4939
1139	1553
681	1679
1454	1527
750	2374
1666	4882
3663	4252
552	618
3272	5042
3962	4481
694	2014
1432	4198
2946	4197
1248	1341
116	3461
865	3280
2423	3451
278	3616
2142	3202
1127	2584
667	4867
1747	4512
994	4185
265	314
1454	2814
1670	3536
2535	3032
3116	4196
349	1309
921	5134
1527	2674
3369	3511
3116	4464
1720	2653
570	2170
2415	3116
2433	3151
314	3393
946	3859
116	3593
723	3853
856	1461
476	4619
1555	1733
1679	3444
713	2118
1215	4729
1533	1617
1670	4399
1527	4023
3582	4923
2585	3362
3895	4997
43	1930
1626	2259
1255	2178
2796	3299
343	3573
1866	2616
343	2940
1213	3859
1553	4827
788	3116
111	3423
3536	4928
899	4313
3503	3665
556	2170
2118	5062
2661	3534
451	868
1805	3603
1958	4271
1932	2169
2142	3408
944	3901
1750	4163
3116	4758
862	3843
584	1108
601	1487
2698	4817
2388	3116
1703	4544
1836	2526
1140	3116
460	4329
1213	4170
1723	2433
127	2766
867	3228
525	3116
1143	2519
833	1701
574	4070
1270	4931
618	3931
735	1679
3930	5107
142	4070
1581	3980
3493	4941
1503	1983
2582	2877
3284	3602
3962	4908
374	3739
963	4538
2934	4650
581	1212
314	3204
2078	4827
314	2716
533	2342
4070	4876
2550	5062
953	2829
1521	3845
670	4308
901	3653
2737	4775
71	177
1113	4908
891	2768
116	2271
1525	3924
1582	4653
885	3395
1180	1202
2438	3423
2438	4537
2240	2613
3483	3710
1679	2147
92	3623
7	3730
839	2835
3220	4301
1527	4196
1215	2257
928	1414
4560	4686
1216	1679
2706	4546
1215	2591
1883	3026
1120	3116
820	4048
3116	3444
4131	4809
2582	4962
4023	4512
22	1800
1679	3844
264	277
3375	4252
1331	3905
89	2798
2311	2796
302	3582
3116	3960
1028	2547
472	4651
1088	2178
3354	3972
1866	4399
4	3724
1092	4646
601	2589
2065	3275
422	3557
154	643
1063	3116
1640	3853
2470	2582
314	1114
3047	4872
3056	4943
2090	4640
326	2014
1332	1679
2584	4928
3511	3907
164	812
46	2248
2534	4070
1051	3747
1679	4832
2547	3395
525	1471
925	2230
1970	2013
100	1725
2698	2936
100	5091
4923	5008
3582	4301
942	4480
3991	4525
926	1854
351	3226
2481	3116
473	1679
314	4158
3116	5126
2459	3116
2021	3278
2049	2975
501	2053
2698	2934
1113	2535
1679	4005
1527	4646
1088	1505
4107	4882
28	1108
1108	1454
1666	2212
2170	3944
3202	4273
459	3724
833	3511
741	1679
1679	3547
1906	4236
2235	4775
1215	2973
1467	2973
311	1313
1818	2097
4962	5070
2438	2766
3519	4273
314	3623
1182	2940
1582	4401
870	5090
26	4433
556	1679
2398	4464
1473	3840
1975	3551
3853	5108
704	2582
92	2434
1800	1953
1215	4340
4271	4949
1167	2308
2986	3369
334	1460
837	4821
1666	4070
116	3948
89	1703
963	4178
1946	3709
111	1180
306	2170
2501	5107
36	4923
1461	3864
2077	3008
1108	3275
314	2403
3354	4775
1679	3776
2496	3554
3573	5128
1679	1882
1068	1679
3175	4525
1938	4139
255	513
1754	2883
2002	3352
831	2884
4775	4790
252	4580
761	2476
961	2877
748	2692
638	3866
3245	4097
1243	3446
812	1679
942	2818
4361	4721
391	2146
928	2203
46	4113
1113	2152
1679	5144
1972	3239
116	3280
521	3665
2373	4155
343	1119
329	3603
2334	4293
3103	4247
349	1097
2655	4872
1461	3905
1182	4689
1270	4464
2625	3920
3554	4198
696	2617
963	4525
2904	4010
448	5006
1378	3853
1527	1701
1056	3665
2762	3048
612	3116
347	3847
1489	4131
867	3145
4220	4799
1327	1866
3754	4152
1679	2585
122	4551
2657	2685
3816	4035
1325	1679
1432	4018
748	1461
513	5156
2227	2775
2003	2698
2142	4433
7	146
16	963
2102	3853
123	1901
978	3272
2585	2985
2438	4923
283	3116
1036	4506
3951	4152
1679	3981
4119	4544
3924	4509
3116	3552
1313	2465
2436	2831
1670	3907
35	488
1527	4653
638	1527
1091	5130
1923	2798
601	4859
1215	4245
2438	3860
1679	4197
694	841
2199	3739
1844	4177
1953	4928
3511	4827
1041	1248
36	1202
910	5021
1180	1679
1187	3361
1627	2108
2654	4789
2884	4271
416	653
1633	3860
18	1028
550	4951
2166	4976
2825	2934
2706	3735
1679	3415
2170	3992
1775	3382
1527	2669
2037	4923
14	4293
3245	3322
42	4941
1750	2893
2476	2835
3455	3573
4940	5108
483	1213
1679	4165
1091	2501
4816	5012
2118	3387
3122	4877
2166	5051
859	926
3003	4526
3975	4070
1588	2319
665	2768
7	4896
224	1203
3261	3367
127	881
891	4980
2818	3975
2118	3382
907	2835
2953	3116
3236	4114
2955	4721
2775	3941
2438	5040
255	3616
3582	3724
2279	2698
1527	3534
1679	4228
2177	4432
1883	4480
2884	4131
2404	4949
2053	3601
2698	2746
2013	4538
2863	4770
833	4325
3536	4986
2909	3568
1527	2610
314	3908
1058	3724
1215	3722
1483	4861
2100	3639
2170	3350
130	4882
1203	1641
3116	4101
1020	1187
1105	1679
2438	3995
1883	3536
1747	3026
960	2530
2240	3331
935	1440
1626	2318
2585	3557
3582	5033
1492	1617
1833	3970
2046	2064
1749	3863
3320	4499
2204	4660
92	271
1215	2476
2547	4775
1333	4962
585	1679
2027	3591
638	3202
22	1495
7	4772
3284	4538
2934	4039
1679	2467
618	3724
3466	3528
1626	4039
288	2193
1640	5145
788	4827
2573	2698
654	2936
1774	3488
1883	3939
885	4361
7	4131
3444	4728
1679	3038
4271	4960
1215	4694
3474	4399
111	3995
116	4340
238	2199
1865	4258
686	5122
1679	2868
436	4247
89	3299
1748	1993
3116	3534
4827	4923
488	3853
4107	4201
1679	4366
3114	4236
2506	3116
1119	2973
2584	4152
2946	4399
67	1703
1331	3367
638	859
1883	5008
420	1056
3295	5031
4097	4775
2261	4837
1067	1505
610	2388
1215	1633
2438	3907
893	4399
2404	4116
1640	3056
4198	4775
1844	3839
1679	4999
116	3825
1187	4741
92	4705
1659	1747
1454	3864
761	1215
1521	3167
1113	4070
1415	2573
4220	4908
2582	2936
98	2053
1119	4151
673	1679
1983	3696
788	3853
547	5134
72	1679
1679	1696
3511	4943
36	2775
2108	3258
3116	4384
3582	4818
601	3114
2963	4118
2227	3322
7	1454
1494	4121
2625	4642
902	2404
92	1775
921	4861
510	2078
43	152
314	715
1679	3596
926	942
3490	4978
3557	4872
89	3591
728	1313
4399	4779
611	5083
3361	4176
556	570
1563	2818
116	4872
1614	3696
925	2835
200	2118
3536	4861
4252	4962
404	4735
1510	4525
2108	3012
2145	2307
150	2940
2137	3008
1679	4464
339	4399
2951	4293
116	3627
96	2511
2755	4525
2207	4051
144	4070
2241	3905
116	1523
2170	3689
343	492
3226	4882
3116	3730
578	3116
1679	4523
2118	2835
1648	1679
1936	2735
1108	1463
2171	3695
3770	5008
1684	3488
3174	4525
314	2000
2226	3914
1679	4194
116	1277
1679	3754
443	1722
326	694
192	3602
2943	4495
116	4492
74	215
4308	4404
2105	4399
314	2834
2777	3352
3116	3245
364	1679
4775	5107
1670	3687
1132	3555
2753	4962
1679	2862
452	2199
3376	4480
3069	3895
1617	2347
1215	2819
151	891
1191	2118
314	2514
1679	4640
2890	3207
2934	4177
2762	3116
153	3513
510	1866
1454	4152
2818	3228
2948	4144
1483	3114
309	1127
922	2193
2939	4674
299	4943
4029	5083
3905	4236
311	2722
925	4435
116	4949
2704	4095
1670	2270
2142	5008
1041	3568
3261	4880
1626	4097
1304	4635
116	1598
2986	3696
1202	3145
200	4525
1521	4494
287	1679
1108	1157
4170	4623
1106	2939
364	837
513	2240
2389	4962
116	735
1215	2890
2718	5146
2476	2967
942	4271
2521	4461
1703	4119
1146	2492
1218	2459
653	2657
1202	2775
229	723
2761	2834
1588	3376
3061	3237
3179	4525
3853	5008
4273	4399
1897	3354
333	513
116	824
3175	4271
333	3153
926	2118
4167	4985
1778	2904
3953	5008
1679	5128
3573	4045
3286	4203
1202	4399
343	944
1679	5076
393	2145
159	3328
1980	4258
1569	3116
872	3116
343	1106
1679	3962
3116	3284
1679	3295
2476	4116
1215	4992
3114	4979
3855	4502
902	2341
1028	1527
1202	3536
963	1503
959	4070
2625	4627
1191	3116
218	1679
2346	2698
1215	3405
865	4954
2241	4689
1286	2102
664	2496
1543	2157
1600	4228
74	4656
1863	1897
1108	3863
1563	2108
123	2743
1679	2190
2031	4861
253	748
1679	5137
3488	4728
568	968
2963	4775
3870	4398
988	1062
488	1327
340	1215
1108	2952
116	1693
748	3905
4045	4399
808	1705
14	1215
2697	4343
339	3202
1679	3732
1693	3116
116	1847
3852	4717
1679	5032
352	1679
1378	3935
2900	4876
928	944
116	4195
2726	4017
3602	4170
3724	4943
2053	3307
2181	4554
2077	2329
2269	3139
1726	4544
1893	4928
7	1088
815	1267
3767	4196
1946	2438
193	5041
2835	4841
72	306
1929	4841
222	875
89	2501
946	1068
111	4399
892	3493
403	2438
2584	3925
7	1058
2704	4002
313	1243
1270	2628
2723	3984
2118	4772
639	2188
151	1324
339	2946
859	4923
3056	3330
3739	4110
2002	2188
1679	3298
3860	4301
2551	3102
3153	4176
1679	4713
2185	2847
1679	4639
1455	1741
7	4124
971	3924
421	2099
1527	4772
1034	5128
343	3011
92	2858
925	1705
192	2177
18	2936
116	5083
2254	4899
1983	2852
144	4775
2560	2835
116	2394
89	2438
859	2705
4653	5028
2835	3935
1386	2245
1679	2101
2051	2342
1113	3116
1117	4908
1386	4538
436	2762
2755	3116
1331	1806
1585	3930
313	430
1041	2511
2934	3507
1679	4756
761	4775
2774	3086
833	2775
2616	3995
2245	4274
187	822
1705	4775
3724	4859
2669	3228
716	4194
1679	4212
2884	5083
1494	2341
862	3814
314	2080
349	1505
28	1113
192	946
1911	2266
347	4759
1946	4011
2775	3724
635	2459
3953	4301
1250	1679
2835	5062
3623	4120
1582	2190
111	2199
192	581
1679	2391
2526	4045
3816	4775
1091	1215
2078	2755
116	1522
723	1108
2585	4928
224	2385
2884	4525
2199	3488
3924	4383
735	2835
2438	3602
1866	3995
3924	4766
4036	4603
2626	4271
2835	3944
144	2868
684	2262
18	1679
1679	5148
1432	1750
4271	5053
1892	3747
1215	4452
3982	4642
2065	5021
788	1553
393	1800
443	639
2884	3924
1180	2118
1338	2580
2654	5138
2170	3814
3771	4271
2511	4764
4619	4620
294	4565
2986	5084
72	1836
226	1454
1679	2000
3582	3687
1833	1930
339	2438
3446	4139
2967	4070
4340	4767
3930	4271
892	1679
1679	4837
3582	3939
2108	3929
1858	4219
2027	3582
170	1453
2884	2931
4011	4594
151	3991
3536	5128
2118	2709
1641	4985
1215	3792
2118	2264
1108	1551
313	421
2099	2207
1108	4767
314	2698
1313	3709
2698	3075
3116	3689
2793	3962
1640	1701
3175	4170
3245	4274
18	865
115	311
2105	4111
1527	4399
1108	2142
159	1421
339	3995
2227	4271
521	3503
1839	4944
3827	4052
1250	4336
490	3116
925	4594
2191	2698
1684	2145
901	1641
1074	4554
343	3829
4586	4861
476	1058
174	2185
1203	3653
2883	3116
1504	3116
1047	1113
1418	1679
931	2936
488	892
152	226
542	3350
3591	4651
750	2047
71	2547
460	898
1938	2884
1679	3721
1110	2766
4068	4964
343	3931
1240	3160
732	1454
1186	3259
803	1839
1866	4827
2374	4941
585	4525
1215	3474
1814	2197
2835	4500
3757	5120
3354	4962
35	3747
4741	4962
150	3367
1415	2047
116	1601
1108	3006
1182	3905
1588	3511
513	1136
953	2945
1001	1613
638	1428
601	3864
2434	2904
1108	3026
313	3451
314	3319
252	2613
3754	4636
3582	5021
299	4399
318	1527
1367	3018
1666	4594
1414	4775
3116	5018
116	3509
421	2040
2436	3026
3116	3991
638	1180
2404	2835
3116	3483
1402	1746
1800	3924
833	1553
28	1667
1001	2002
2955	3488
1679	4728
309	1613
2698	2847
100	4729
391	2747
3853	4201
2591	4962
1415	1742
449	5012
1800	4962
101	1192
1105	3237
1504	4487
1291	4097
3081	5062
1195	1218
3067	4271
1233	1679
5071	5120
1415	1946
1679	2775
1331	4560
4113	4767
1679	4729
735	1640
692	5113
3358	3901
3853	4859
2241	5078
2099	2459
2495	3602
2818	3924
971	3962
3395	4023
3659	4955
3623	4848
3048	4872
1679	2685
550	4293
1642	2438
1215	1505
732	4417
187	4460
717	2738
610	3198
1269	2027
1679	3927
2356	3116
694	3930
3555	5128
1119	3924
2438	4113
1679	4079
1617	1951
893	4000
954	2677
2031	3639
116	3776
1429	3957
116	1452
887	1936
731	2031
1979	3602
92	4467
713	2884
1679	4955
452	4809
2514	4775
4113	4812
984	2582
100	2526
1679	4502
4271	4943
342	1324
1679	3063
1270	1483
2835	3551
2883	3842
1168	3536
2172	3924
2835	4728
3294	4821
2342	2361
2403	3328
313	2207
944	4685
116	1231
3468	5153
2457	3116
3557	4201
1215	2269
1161	1215
116	2642
1666	2438
2170	3601
1108	3518
3007	4603
2118	3739
510	1527
612	3656
2763	3228
266	1295
1092	1617
3536	4152
2909	4517
2270	2795
1215	1555
1215	1584
1139	4271
2547	2704
1215	2725
548	2013
339	2653
1180	4271
3117	4580
1527	3870
2170	3557
1193	3210
314	2951
963	2002
43	2795
2053	3399
2118	4729
835	1679
404	4163
1321	3428
1701	4325
2760	4775
1847	4107
3116	3277
601	2174
2142	2626
365	574
1912	4729
2002	3116
3116	3468
222	3582
1454	3382
3726	4222
1287	3724
347	1633
2755	3202
2142	3299
3853	4045
345	4271
451	1334
347	2438
2376	4349
1679	4337
299	1883
2939	5034
2438	5110
2775	5108
1367	3444
3350	4070
820	1215
1527	5085
3206	4580
238	513
2698	3428
2666	4452
1626	4521
1844	3763
694	1092
2946	3582
1215	4028
1527	2894
1553	1588
1679	3476
1028	4070
1923	2078
651	3984
1527	4960
2319	3116
2361	3202
4052	4962
2877	3114
485	3672
1180	3202
1058	3289
1213	3399
1365	1460
2031	4301
1653	1679
622	3738
2012	4097
3924	4445
2310	2573
71	4003
1461	2027
4775	5116
2526	2959
953	2438
3947	4070
2939	3056
340	1866
2526	4271
925	1215
1752	3855
250	2172
501	5099
1679	2286
101	3395
309	1800
1059	2722
2182	4798
1679	3519
1883	2342
2626	2936
2013	4301
116	3192
1119	1462
1543	3116
153	2247
26	4271
1527	2582
2332	4775
116	578
509	1641
1679	4066
342	1684
238	3446
1626	4306
1204	3361
612	3446
3284	4329
1866	3770
1741	3446
3204	5095
1527	3486
116	925
957	5083
1747	3687
451	5003
2118	3534
2909	5021
2027	4860
187	3905
574	4242
477	3686
1105	2241
1527	4728
1715	3382
2640	5021
347	2404
2361	2884
2591	4711
7	4962
3582	4551
2545	3582
3757	4962
1108	3757
1527	3250
1461	5146
248	1453
174	3605
3944	4045
116	4487
116	2100
942	2835
391	4200
1085	3176
2534	3840
1747	3286
397	4179
2031	2071
707	5089
1221	3116
74	2466
2342	3571
1236	2166
2170	4070
2170	3006
4	1833
291	3116
510	4197
123	2021
297	4023
2118	2254
1215	1946
1679	2144
1752	3488
253	1215
865	2936
2404	2560
1145	1679
343	3905
1386	4271
2798	3536
1139	1701
457	2108
1553	1866
1617	4151
116	2785
2438	4670
7	1085
2063	2262
89	1215
1068	3116
1563	1679
431	3116
892	2311
1679	3744
664	735
4301	4336
1180	2616
856	3114
2704	4398
1679	1880
2591	3536
343	2987
2174	2334
2775	4943
2835	3102
1180	3376
4962	5107
3907	4674
867	4509
1338	2118
2230	5094
994	1746
673	694
1028	1626
1119	1460
2511	3394
4775	4945
1679	2716
374	2311
3405	3722
1901	4525
2438	3925
1213	2835
1487	1626
2037	4944
164	2747
2458	4134
1679	4371
444	4978
192	1800
1679	1764
3757	4267
116	1999
1180	3672
3361	4138
152	3116
116	2311
448	4082
116	3471
935	1679
2450	4635
1633	4759
942	1958
4882	5071
1883	2142
2102	4271
1609	4271
4933	4962
611	3752
4113	5008
963	2361
1000	4526
2939	4667
4361	4775
1001	1617
159	1742
5062	5095
1108	2718
3853	4674
343	2038
728	944
3841	4525
1202	1670
241	3860
1288	4336
542	4070
1617	2775
314	4496
816	5035
3474	4480
1983	2379
2625	2829
1679	2907
1623	1839
343	4554
2013	4976
3922	5101
2420	2862
1036	1833
2118	4954
226	1270
1270	4960
1613	1800
343	3114
1684	4406
314	2936
1462	3481
2755	4943
1487	2198
501	4656
5107	5130
859	1640
1933	4035
867	4273
1679	4363
3114	3237
1883	5113
421	513
1912	3930
1540	2698
1527	4151
3901	4816
288	3395
4859	4986
2213	3116
2388	5090
4163	4537
1474	2798
116	2497
187	2342
116	4811
3474	3582
584	2170
1202	1722
2438	3607
2698	4083
1243	3451
1286	2798
2777	4113
293	477
2438	2939
339	460
1679	4161
1679	2577
2245	4949
2099	3028
1025	3272
1679	4119
837	1275
1191	1527
111	788
1891	3981
226	1108
684	732
187	2793
521	1056
7	5095
1933	3116
2698	3730
2835	3117
1584	3908
2262	2356
89	4271
1215	4406
1679	2419
31	3116
1215	2036
3717	4580
2782	5083
123	1527
1058	4001
480	481
1676	4775
3829	4329
4861	5043
1690	2581
574	4201
1243	4499
1951	3568
28	3175
4841	5008
1728	2108
326	3678
154	1679
638	1640
1113	5042
2322	2512
1527	1979
1503	4718
347	4861
1527	3995
3991	4841
313	3977
342	2145
887	2233
2887	3919
733	3382
72	2689
343	4728
896	5091
3376	4325
4130	4273
1679	2762
1248	2071
2438	4734
111	1113
3866	3907
2526	4526
1844	2040
2118	2190
556	5095
1555	1866
130	946
252	3575
2105	4271
4770	4899
2270	2946
1895	4399
2013	2973
2616	4197
1098	3231
1113	2994
123	731
3026	4872
2487	3175
451	2885
833	2628
1415	2090
2909	4827
971	2470
3554	5090
343	2924
1742	3739
1679	3081
313	4051
672	1679
1527	2985
339	1180
1573	3686
314	861
1532	2884
100	2666
111	1553
2367	4939
728	2014
2379	3859
2317	3116
1187	3704
1140	3785
3442	3686
2909	3995
1088	1492
2118	4712
3853	3939
1679	2842
115	116
2648	4775
1362	2534
35	5035
1120	2852
3116	3816
652	801
3839	4950
2984	3582
955	4373
3116	5145
1726	3428
279	4560
1643	2625
1521	2099
3116	4495
944	1215
1679	2008
314	984
2434	4705
1528	3754
492	1958
2698	4642
271	2170
32	116
483	2438
36	1338
3116	4220
601	2940
2166	3438
271	2053
2099	3122
1215	2625
664	4509
1705	1726
1313	1912
1581	5082
2170	4729
1375	3840
2585	3595
2434	5120
35	4770
1338	2698
673	2502
1453	3056
1551	2568
1333	3116
146	1527
886	3568
1501	2909
4185	5083
164	1865
1215	1958
4525	4954
2698	2761
1415	2053
942	1527
509	4798
1679	4553
2438	3591
3367	4880
1747	4070
1527	2133
247	1092
10	1626
1215	5113
3261	4560
200	2245
1679	2674
4356	4480
452	3471
116	3463
2884	2893
1527	4273
3493	4580
2269	4859
2726	5084
971	1703
4271	4933
4005	4962
627	4005
2078	2270
1667	3026
3116	3795
3294	4417
476	5079
66	837
1527	1682
2804	3090
638	1553
89	187
647	4698
593	1113
2137	4386
1527	3859
4841	5034
3114	3367
1402	3116
1057	4502
3939	4651
574	3614
1679	4695
3678	4464
1271	1993
4311	4492
3159	3731
96	4623
116	1749
2067	4603
2075	4646
2883	3513
867	3056
3056	3907
822	2203
1295	3116
1883	3760
1248	4861
2047	2099
2438	2613
2212	4070
1701	4923
1527	2884
748	3367
3536	3573
4895	5038
116	952
932	4482
1347	3924
1866	3866
893	4728
3925	4461
4480	4923
3957	4775
116	3937
483	2193
533	5120
4874	5080
1487	2718
378	1215
3853	5120
1108	3415
601	894
1527	2264
1679	3008
704	3951
2014	2118
2335	4059
1493	1620
174	3674
624	1732
2653	3289
1331	3237
1058	3853
2067	2584
4380	4925
704	1527
309	3007
2438	4940
731	4220
3687	3907
2590	3322
1679	2501
1953	4603
393	4137
18	2835
3954	4070
2511	5134
1510	1527
788	2946
116	3255
1586	3534
2002	2835
153	2883
116	2775
2871	4461
425	3116
1067	3114
3090	4464
893	3995
2011	3568
6	1270
1386	4809
1127	4603
2653	2775
2716	3323
3274	5016
343	3237
4480	4674
2108	3307
673	1030
1527	2883
2199	4476
853	1430
3008	3888
2257	4271
1679	4476
1679	2335
2203	3582
1690	4775
92	3220
1505	3493
2909	3924
1679	3674
1120	4399
570	4861
2226	3536
3444	4580
2941	3086
1215	4339
3551	4525
2204	3377
750	2090
1253	3916
952	1531
129	1732
1113	2316
655	4876
4728	5031
2347	3840
116	2165
343	1025
717	1765
1883	3853
803	3481
1034	2835
123	176
1679	4233
1527	2193
387	510
1270	3901
2067	2698
2931	3678
2013	2847
3376	3866
3864	4506
2851	4827
2410	3901
639	3930
1093	3754
978	3153
477	1269
2617	4785
116	4577
812	1936
589	724
1613	2013
43	2726
1851	4526
3056	4923
1525	3153
413	4899
960	4045
513	4318
3116	4457
36	1640
728	3930
3471	5154
116	2387
1551	2118
1679	3888
2704	5099
339	2319
268	3352
731	2105
510	1108
1049	2625
2118	5145
696	5031
1028	4201
1047	1588
533	748
7	1964
159	1334
1741	1844
921	4976
3855	4198
2900	3116
1679	2070
451	1415
865	2053
3575	4201
3361	4691
1415	4035
1119	4525
1115	1215
655	3547
364	3924
867	2852
151	2676
1345	1586
347	4418
1165	2585
1313	3951
1775	3116
116	3284
651	2338
374	2335
7	4045
123	2347
513	2207
1085	2410
1505	2230
1127	1953
1527	2987
2049	5091
3984	4018
100	2212
963	1679
542	885
144	2170
2099	3428
2108	4010
2342	3582
1215	2722
3399	4882
892	2335
2241	4236
3405	4809
2835	4940
1085	1426
1865	1936
98	3860
207	2334
2438	4764
1722	3907
898	963
487	667
859	3925
116	1409
2102	4045
589	2760
1120	1527
1202	3866
973	4120
2647	5094
7	5008
1887	2053
326	1585
224	1623
2002	5120
391	4599
2404	3299
101	4580
3377	3783
1679	4730
2090	2099
2994	3399
1679	3231
3026	3740
926	3995
2166	4580
2013	4137
3962	4670
926	1454
2755	4196
347	1453
1652	3231
2053	3954
833	2851
627	3116
692	3116
1367	4306
92	1728
279	3367
3003	3116
3328	4964
4285	4286
213	1527
2307	2591
1726	3047
2940	4689
116	2956
2210	2230
1836	2170
2230	3231
1844	3826
3443	3687
2334	4560
3145	4273
1430	2726
3406	4236
4406	4962
3239	3483
1912	2118
2617	4725
733	3116
4264	4525
1527	2703
3925	4818
735	2374
1097	2118
1690	4201
1617	4646
928	3853
2385	3481
1733	4271
946	1679
2170	3954
299	593
1375	4775
3116	4722
3962	4022
2335	2703
89	4340
116	2828
1365	3575
3972	5082
58	3116
750	5090
1527	3944
603	1858
1028	3374
314	3211
1113	3924
3114	5146
1930	4756
2661	3428
452	3116
3557	4070
788	3995
1747	4301
4728	4880
1527	2373
7	3284
696	5038
2511	5006
95	2959
1249	1679
1532	2835
1679	2105
2585	3920
892	3116
293	1880
3261	3754
865	1313
1428	4271
1215	3674
4070	5159
1679	4587
1180	3770
1712	3116
477	3116
1215	5154
2047	4494
971	4107
176	1991
3939	5008
313	3592
1626	2522
2735	3488
1402	2763
1474	1883
1553	4196
1430	2102
820	1527
2038	4271
309	4712
1679	3354
374	1527
3116	5122
1679	2922
1806	4882
879	2496
946	3575
946	1958
2118	2863
3649	4537
2534	4775
2385	3116
3735	4503
2105	2628
432	1666
2037	2102
1035	5108
2438	2967
817	2661
4045	4113
314	1725
123	3602
3153	3554
2057	2884
1674	4928
116	2599
123	3665
3190	4775
1641	2876
1136	3129
154	2842
1028	2698
923	4293
1243	2040
1215	2013
694	3116
2591	4712
1679	3847
2703	3739
1113	1991
1489	2438
3202	3511
1666	3609
279	875
238	3991
2766	4764
2625	4448
961	2438
2099	3534
961	4789
4594	4728
309	3536
3116	4931
944	4544
2075	2465
841	4670
3924	4729
1720	3536
1108	2436
731	2142
1041	4861
1979	3955
1581	4962
856	3237
1918	3116
1481	3568
2546	5055
1679	2492
854	3582
1505	2476
1679	4177
988	1705
1042	3328
2142	3145
923	4775
2747	4258
1338	4197
2269	3724
187	3901
1309	2535
4111	5130
894	2270
2031	5033
946	2379
224	2342
555	1679
812	4761
732	2548
611	1679
1105	3261
7	1037
477	2540
1888	4882
740	2170
3295	4728
2547	4861
1679	2794
2142	3724
2269	2389
2585	2669
314	1409
910	4070
893	3536
923	1726
1800	3141
1211	3116
2851	2877
1712	1740
4399	5051
510	2105
618	4023
1679	5090
187	3026
1527	3362
810	3116
4119	4586
116	4848
1527	4841
664	2852
2248	4047
2014	4874
1679	1733
36	2438
1836	2768
313	745
1932	3468
391	2791
501	1203
1085	2625
116	4016
1331	4880
614	3286
3116	4554
309	2768
3582	3866
1641	3653
509	1455
3072	3603
2353	3488
2193	2476
3116	3668
3116	3574
288	4775
4095	5107
4029	4201
1674	4841
1679	2745
330	2893
1670	3056
2695	4070
4144	4705
584	4882
686	2835
1679	4827
2487	2967
1598	4861
100	5110
510	3770
1679	3587
2618	3292
421	3116
1368	3362
116	4505
2698	3908
1527	2789
313	1253
634	1679
4203	4293
196	3569
1581	1679
459	1113
2690	3042
1635	1679
1412	1421
116	4038
1329	1748
2591	4036
833	4728
1215	3190
1953	3038
593	1883
226	1105
187	2501
1250	3908
291	4775
947	1679
2269	4940
2775	4399
151	3404
2986	3536
513	3839
116	3395
116	4151
652	3575
339	4827
222	2438
116	845
7	4320
1585	5080
92	4872
2051	4200
622	2470
311	3792
1679	5040
116	4885
3738	4113
2053	3328
226	4070
314	2395
483	761
192	3382
3995	5031
842	2118
1774	3294
651	1679
116	4430
958	3683
2118	3925
1642	3116
116	2546
1182	3864
748	4880
2582	3609
2934	4163
946	2852
4762	4978
2016	3575
1679	3228
1527	4734
4301	4962
4201	4268
1092	1656
95	5035
2036	3067
100	3139
1679	4872
3239	3859
4768	4775
316	983
2270	5008
1527	3352
928	2266
825	1679
841	2071
1833	1983
1667	2625
1581	1760
3114	4734
2438	3636
7	3456
3202	4399
1203	4640
2526	5095
2053	4940
1679	4765
2948	3284
89	5040
120	1074
1679	2066
3853	4194
116	130
3840	5032
1679	2382
152	651
1331	3114
1063	4201
1215	2331
299	4923
2075	4525
488	1690
1746	2835
2426	4306
1666	4775
3189	4775
740	1679
2438	2985
252	3116
1861	2311
1958	3739
177	265
2294	2894
2185	2547
1030	5143
3100	4442
2118	3284
2746	3211
2002	2269
1035	2240
2521	4503
116	607
1527	4525
4164	5145
1527	2078
842	3881
2099	3634
288	2401
2257	4525
1288	4746
309	1679
1726	5107
3114	3573
3493	3864
2174	4905
116	2458
100	250
2040	2661
1991	4452
2506	3605
4356	5103
865	2948
748	1331
1128	1679
4656	4798
1679	3911
2338	2724
116	4216
116	4503
4981	5021
1182	4236
1527	4712
928	4301
1645	1951
1098	1652
901	4848
1429	1836
3160	4658
1679	2035
492	1679
43	1036
1966	2584
22	707
1679	2291
3702	4480
1640	4045
2582	2770
1309	2835
4336	5035
3573	4630
3456	3860
2796	3853
586	3116
111	3866
1679	2617
1098	4151
4445	4962
2987	5120
1093	1461
2245	3866
643	664
4759	4976
96	100
907	4111
3433	4509
374	4580
638	3770
1679	2851
1215	4766
2835	2948
116	1623
1679	2230
1679	2506
750	2661
116	3601
2753	5120
3210	3450
22	1588
1051	4336
152	4495
896	3116
476	4940
1679	5084
92	4580
513	2427
4509	4882
1679	3163
3770	4045
696	3495
984	1679
3905	4560
3745	4201
3139	4271
1626	3298
4711	4712
349	3957
116	5122
3100	3853
1108	4674
2438	3191
3230	3616
342	2825
1527	3739
116	3211
1068	1402
1806	3385
651	1705
95	4070
116	574
1139	2755
1527	1584
3261	3951
1345	2099
1679	3433
1281	1937
3114	3864
362	1667
2526	4882
116	2993
1338	2438
4809	5095
283	839
46	2334
3941	5128
1213	4882
116	926
3582	4325
1430	2142
2021	2709
853	4964
2573	2825
224	803
87	3616
684	2327
299	3687
1891	4482
1679	4501
3511	4325
571	1440
1752	3528
7	3450
2013	4868
448	483
2492	3488
1527	4029
1108	3941
3518	4481
612	1265
859	3770
1679	2571
492	2118
1679	2697
64	116
489	1414
1467	3250
1929	5062
1004	2108
2021	3984
1527	4005
1640	4399
187	4293
4461	4526
1277	3382
2825	4928
1527	3231
550	1267
611	958
1136	4247
862	1334
552	3582
177	3307
313	1136
1037	3674
1659	3962
3636	4640
3033	3048
116	3875
3116	3159
3404	4113
2904	4457
1679	3950
3905	4880
1722	2964
116	4509
1617	2835
1984	3535
229	3920
4301	4586
839	4271
116	4770
1345	2264
1906	2692
2835	4962
1733	2142
305	1113
4005	4349
1946	4045
1565	3275
1034	4070
3086	3446
248	1617
100	4189
1527	2560
4271	4734
187	3582
177	1679
4962	5153
1045	4495
788	3907
116	2035
2398	4882
1722	5128
2818	5041
1057	2170
1613	4271
3520	3554
2439	4962
1187	3638
449	2040
1553	3202
935	2306
299	5120
134	187
2118	3974
2540	4640
2197	3116
1362	2883
2871	4876
788	1701
154	946
2147	4765
563	4985
2142	3056
28	489
89	584
1467	5002
1679	4249
2177	3888
339	1215
2156	4134
1430	2415
2040	2307
2374	4402
859	4525
1741	3839
1501	2883
3369	4636
2036	4111
2798	3202
116	2223
74	1275
1143	1221
4110	4460
374	892
1679	3044
2438	3639
1039	1679
3198	4861
7	1746
722	1679
665	3767
847	1679
1679	3067
207	1933
815	2105
92	4664
116	2003
899	4178
2584	3295
2698	3298
7	264
89	4860
2661	3202
159	1836
1113	3724
1215	1840
2293	4798
3208	4408
3860	4086
2438	3573
618	4986
1695	2347
1946	4580
778	1187
4962	5008
164	2342
332	3488
2182	2385
865	4496
1850	1883
614	4070
3582	4860
1331	1454
859	1286
662	4163
2438	4001
899	4511
1987	5041
1503	3228
1553	1883
2247	3119
4728	4960
3860	4976
393	1679
2670	5083
537	1679
1430	2000
1345	1679
1481	5041
879	1984
354	5028
1261	2049
1181	1281
314	4577
960	1836
585	5080
2118	3486
2698	5071
443	4818
3090	3116
3317	4555
996	2322
994	3116
2031	2476
2495	3554
1897	2051
2293	4872
2582	3493
2909	4480
1108	2470
3816	4962
443	3100
3026	5095
2269	4271
2190	4329
891	1679
3674	4245
354	1260
2027	4301
816	1679
1313	2347
3405	3674
1966	3116
2245	3394
1652	3377
550	3198
116	2781
1510	3602
229	542
1679	2602
3792	4988
1584	3116
489	3984
921	4406
4137	5134
871	3322
670	5028
116	2852
116	4447
1187	3207
343	5016
3044	4523
2353	4220
2269	5089
1679	3175
1984	2989
4808	4962
2070	4928
2438	3357
925	1503
3202	4943
1866	4271
1028	2594
3354	4163
2124	4767
65	2496
1789	3116
329	1432
116	4258
1028	1722
288	4580
2118	2582
2293	3116
654	1679
159	853
1623	4985
116	811
339	5153
2241	3864
692	2361
22	3016
662	1760
1679	2126
354	2990
895	2648
1285	4455
2921	4306
1720	3245
100	3395
4165	5138
1330	4962
1626	4000
2341	3272
1113	3968
1269	4495
452	2125
1652	4433
1679	3341
122	1679
1180	1215
2927	3116
326	1313
1527	3202
101	1938
1740	4832
901	4779
3582	3907
4517	5021
1679	3010
1309	3328
1863	4461
2170	4603
1108	1722
3408	3582
339	4045
1679	3334
1966	2835
987	1108
875	4860
92	1754
2625	3428
3116	4653
116	4548
116	1918
3980	4962
460	3907
1679	3103
3552	4123
1527	1952
886	4383
2956	3574
1527	2753
359	4460
2078	3770
222	2775
1679	4551
1068	4306
879	1056
1453	2985
187	2438
581	2948
865	4189
4473	5080
694	953
1527	2346
822	3084
4525	4711
35	3555
89	1679
1679	2294
314	822
1503	4525
1454	2334
46	2410
1705	4219
3516	4120
92	2108
1351	1454
651	4565
487	872
4174	4775
116	3029
333	1844
89	2716
1892	2492
1168	3116
1139	4480
343	1635
881	1679
1544	1679
1345	3826
622	1007
309	2584
2814	4775
4717	4962
622	3198
354	1455
638	4480
2002	2495
711	1679
483	1666
1888	4336
1093	4905
1679	1999
1215	3888
116	3816
2657	4122
961	1527
1453	4696
4880	5120
1086	3488
89	3220
449	3839
845	3202
1679	2526
116	3767
4954	5120
3616	4110
812	1865
2835	3592
268	1765
2227	4001
1679	4282
187	4544
2834	3859
1912	4874
1048	3357
2985	4220
28	1679
157	342
116	2745
1938	4775
3056	4872
2071	4861
2347	4775
673	1063
1338	2166
116	2496
4201	4962
4336	4473
3272	4841
194	634
1182	4560
1525	2410
1527	1958
926	2438
652	3223
1883	3687
481	562
2241	3249
542	4201
2108	3816
1505	1659
1705	5082
3202	3770
92	176
1068	2852
2270	3056
1679	3474
838	2698
1293	2768
1114	2724
116	170
345	4653
123	1119
1139	4399
3607	5051
241	4651
3929	4775
2438	3159
2342	3602
3262	3528
116	2724
3026	4775
2438	4220
3670	4775
958	4293
574	921
1532	4271
2108	3875
3866	4525
601	4236
1936	2342
958	2951
1270	4340
1937	4523
862	5122
2051	2791
2775	3116
3962	5040
937	3116
187	1625
279	4905
1313	3930
1215	2573
2108	4780
271	4580
116	4208
1903	4070
2316	3493
2038	5120
1533	1573
3446	3592
1108	2027
1460	2118
2956	4693
1493	3208
1110	3568
1588	2661
302	1936
2706	4398
1565	1679
31	349
1132	3399
4	694
476	1168
67	187
116	2651
92	4767
1147	1742
2985	4271
354	3122
3202	5145
1623	4775
116	841
4780	5122
192	1527
1058	2521
229	1667
492	5120
568	2470
116	1126
1068	3382
3586	3621
248	2835
116	3307
627	3552
4121	4201
1679	1795
4001	4271
3116	3362
74	3428
1078	2747
633	3007
43	172
1215	4460
593	4399
1726	2782
1679	3286
1906	3061
3116	4502
420	879
2270	5079
1104	1679
1679	4173
2530	2835
1923	2438
2262	3446
1331	5078
2798	4196
1626	1803
1679	4402
3032	4890
973	3370
978	2993
116	2888
812	2051
4580	5122
100	1999
43	1679
926	4152
1503	1929
4113	5153
1749	2625
1679	3263
3102	4775
116	4000
1679	2936
347	2013
2404	2708
2704	4580
116	859
618	833
1113	4664
314	589
1287	4859
3159	3687
314	4693
3237	3367
4107	4775
1461	2230
1113	3786
3582	4603
1182	3488
116	1415
1612	3116
3116	4408
187	3951
1679	1930
4201	4402
2487	4798
474	1679
2334	3754
1712	4775
1674	5002
1415	4691
1626	1826
4775	4789
4502	4735
867	1883
1866	4035
1640	3202
3511	5113
823	3116
4325	4827
1503	4127
3974	4198
1215	1454
654	4775
2053	2904
1189	2704
2495	3153
833	2616
4544	4586
4670	4734
1679	4735
2118	2753
694	1695
2270	2939
1461	4840
842	4070
2170	3771
3930	4874
74	3153
2078	2616
831	865
2270	3423
965	971
3840	4174
1778	3074
3528	4487
2172	3582
1254	4775
2013	2166
2568	4384
1679	4574
2716	4342
3582	5040
2118	4653
1160	1679
3312	3509
1430	2342
1067	1193
1679	1690
4474	4917
1367	2928
1255	2185
1932	4311
1068	2818
2433	3735
1979	3114
7	460
2334	3367
159	984
4189	4502
2170	2831
1585	2142
928	4271
116	3327
2133	3116
4022	4293
1313	3895
921	3860
116	3920
1004	4962
4185	4775
3601	4623
89	1202
2825	4467
867	1640
116	3721
571	1659
1386	4642
870	1679
817	1844
2100	3609
448	3116
1332	4827
533	2241
1058	4274
492	1105
2487	4450
748	2877
2269	2835
2270	3853
4245	4670
116	868
3582	4827
2617	3495
2188	4721
1679	4739
187	1157
2166	5071
1253	3446
122	444
1108	3210
489	1679
460	1722
10	2096
716	3919
1930	3369
4480	5122
2496	4962
2585	5148
2090	5156
314	2027
1679	2033
7	3116
1573	3895
2492	4474
2798	4273
4006	4070
159	448
1455	2003
2118	3995
187	1215
1486	3747
3116	3895
1527	4775
2952	3754
2438	2795
1215	3175
342	547
1429	3395
601	2241
707	3957
1679	3975
116	1247
1858	4118
2166	3992
3056	4651
3299	4872
22	1679
1654	2842
2113	4455
73	2090
748	1723
1113	4767
1640	2946
1626	3026
639	3852
886	2909
2145	3198
152	1215
95	4764
902	942
2704	3569
2118	4711
1679	3317
1679	1800
89	2775
448	3399
510	1701
2818	4271
1980	2735
622	988
1679	2109
672	2064
100	3352
332	2847
1108	4653
1113	4144
1498	2013
111	2118
1108	4950
443	2438
314	4848
354	4694
1203	4798
2465	5041
2204	2376
1679	1983
1527	2319
2755	4325
833	3866
3995	4525
928	3582
3241	3377
296	1365
1110	2511
2294	4775
1287	4674
4314	4461
3408	4399
701	5128
1068	1525
293	4580
1461	3061
187	207
1331	2096
1146	1740
670	2181
735	942
18	72
589	4962
2013	4448
1105	3367
2014	2465
1679	2695
3468	3907
3116	3919
354	2617
1923	2270
942	4113
1679	4279
1528	3116
902	2421
1866	2438
3907	4651
2465	3930
1679	5096
610	3008
1271	3361
3399	3691
2985	3674
1454	1461
349	868
451	4780
513	2661
1525	2852
1679	2911
3582	4273
296	3272
26	1215
413	5099
1527	3551
1883	2946
1679	4275
2170	2936
3552	5090
2835	4859
2002	3847
2877	5078
1527	3295
775	2928
476	3582
547	3198
2166	4101
1498	4293
1621	2403
1527	5028
902	1705
100	925
1679	2021
174	4383
2862	4928
89	1933
4236	4560
1108	1774
347	4689
963	2118
1113	4339
79	2775
3547	3689
585	1119
7	2470
2257	2269
4045	4962
1712	4725
1679	1732
339	893
2973	3008
1028	1679
2335	3739
92	305
1409	4882
1213	3026
3536	3853
1514	4670
1852	3116
2240	3814
1679	5122
947	2438
643	3554
1041	2145
1055	5012
65	867
1532	4201
4000	4201
3261	5146
92	116
604	2342
3328	4890
3953	5143
1028	1725
1489	2931
387	2170
169	2625
89	5154
1327	4525
4467	5080
92	1774
1741	3451
2241	3116
1897	3116
3747	5065
333	2090
96	181
92	3228
1092	1147
3493	5128
2108	2888
3930	4603
489	1120
894	4962
674	1113
2302	2530
1065	1984
2547	4185
2814	4185
3797	4384
3488	5038
116	2543
513	1741
3116	3122
116	3361
946	1553
1248	1324
2526	4711
4097	5108
808	3467
2476	3016
3827	3984
622	1836
311	1215
4238	4775
3294	4580
2347	3486
4480	4639
1633	4976
134	413
393	4861
2698	4189
339	3582
3114	5120
2166	3493
2582	4271
7	4468
1746	3444
413	4928
1454	3853
1679	3195
116	1839
1120	5079
1215	4675
3007	3582
2698	3701
1847	1893
654	2511
2335	3444
1332	4728
4339	4525
116	3679
1139	2438
1760	3980
391	3954
1679	3307
1679	3379
1679	2999
2625	4267
4290	5091
1527	4264
2985	3722
696	1543
2342	4200
1679	2163
187	4110
1108	2792
788	1270
460	3754
1157	4674
921	2438
2099	2307
2466	3451
1215	1247
3028	3063
314	761
694	2530
351	2322
1215	1612
3795	4775
1157	3394
1555	4325
116	3258
1527	2767
826	3116
374	2904
2438	3007
1679	2618
1527	3338
152	3151
1148	3114
13	4271
1485	2334
3354	3859
3925	4664
1427	3568
1136	3560
1585	2537
5008	5113
692	4365
731	4779
1215	3709
420	3503
2726	3551
1701	2118
952	4862
2227	2521
2835	4116
1147	5085
96	1499
547	2145
1492	4301
491	1660
248	4976
1361	1679
1679	2981
1883	3056
603	1679
457	2199
349	1679
116	3428
1287	1774
759	2698
22	4474
226	2241
2934	4895
875	2241
116	2051
803	1527
788	3866
4480	4876
694	2075
116	1760
2985	3280
3908	4872
922	4962
2264	3224
513	3086
1056	4551
3624	4070
1514	2031
116	4887
1800	5040
176	319
387	2245
4464	5022
1958	2118
2395	4170
1553	4468
2648	2753
1991	3911
2334	3552
2775	3289
696	4201
364	2835
2712	4775
1679	2420
1120	1800
116	1840
838	1486
1679	3729
123	4775
4525	4712
92	2002
451	4442
994	4775
2102	2946
3444	3739
960	1679
3103	3974
4353	4642
116	614
89	958
4273	4923
1430	4705
444	865
1028	3010
1426	2829
177	3488
2625	4512
1679	2831
673	2975
1268	2118
946	4766
1453	3536
1930	3511
3008	4695
893	4325
1820	2722
2014	4646
1107	2307
443	2755
1462	2706
2557	4201
3114	4560
340	2078
79	2346
1659	3582
1474	3866
3262	4308
92	3213
1676	4770
208	1527
2501	5130
2118	2743
1213	4544
3984	4404
953	1213
2986	4775
4039	4329
1641	3319
593	2438
1020	3208
1139	1640
3056	3582
1324	2145
3573	4480
2625	4174
116	4923
1679	4481
2502	5096
2310	3863
1402	4461
922	1527
349	1189
4201	5070
67	3586
2957	3116
387	4495
3174	3551
89	1414
3710	5138
340	2616
3974	4163
3322	4001
116	2528
891	3317
692	4758
923	4928
3995	4045
4603	4872
1679	3166
3116	4949
2669	4220
144	4252
983	4271
1034	4274
926	3231
2798	3687
570	944
1786	4452
1187	3428
1120	1454
893	1640
1311	2698
1742	3226
13	226
36	1139
2057	2818
2438	3724
3972	3980
1979	4594
1679	1916
302	2791
1679	4043
2317	4308
1215	3163
1679	4121
1800	3536
1951	5080
271	5122
926	1527
2698	3003
164	1980
1659	4779
2013	3829
316	4623
1331	1461
488	1113
123	3116
448	4170
1062	1705
1215	3100
3724	4940
3687	4045
867	2270
1980	2791
42	2438
1679	3261
570	1679
1679	4167
1517	4775
3829	5062
3153	4775
1483	2438
92	686
1679	2871
2487	4122
1161	2492
2946	4273
1747	3536
2775	3853
2476	3320
1380	1626
116	1648
922	1496
2090	4829
1461	3395
351	3116
2433	3114
2940	3116
1119	1573
723	5051
1579	2404
1113	2011
1430	4674
803	2342
16	2706
2264	3534
22	4120
3914	4541
89	2142
1979	2799
4070	4170
116	1985
1215	3038
910	5153
176	1985
1324	3198
1854	3116
1626	3717
1679	5086
833	4196
1679	4052
2146	2342
100	3295
3974	4809
116	2889
299	710
1527	4739
255	3082
1679	2053
1527	2924
1679	4131
1750	3603
7	2198
387	3357
1679	4649
116	326
4933	5069
151	3048
3258	3493
2102	3672
1527	3947
4070	4122
116	941
926	4841
123	510
651	3361
2548	5062
1598	4402
111	1527
2254	3116
404	3116
3056	3866
1339	3547
2835	3456
116	3490
309	1747
942	3202
552	2438
3847	4418
2374	3340
7	3991
2519	3827
264	925
1712	1752
925	4362
2318	2547
2795	2798
1139	1527
1025	5120
387	2929
1725	2199
1883	3299
585	1092
1930	5084
732	1527
1108	3536
662	2170
2078	3511
4928	4969
513	612
1180	4035
2090	2466
2166	4000
710	3853
448	1812
2495	5062
3261	3864
1058	2269
1141	4554
116	4603
2071	2438
118	1679
1056	3503
1679	4618
3629	4790
2445	3901
958	1108
92	1415
870	2617
2698	4000
1036	3696
2118	3984
3528	4735
59	116
833	1139
501	3116
2989	3582
100	4097
4018	4537
1679	4163
2626	4619
942	2193
3056	3939
142	1979
176	314
2738	2877
2502	3442
1679	4037
1113	2054
2177	3299
2376	2698
1726	2534
66	314
116	685
2900	5062
3202	4923
314	1426
2261	3456
547	1324
2078	2798
1720	3289
1679	3139
4201	5006
2616	4480
3760	4480
1679	4665
314	3399
3840	4311
581	3602
587	1215
2495	2924
1527	3931
1679	4979
2011	3317
1912	3116
3294	4110
1527	3536
111	4325
1679	3434
2011	2511
339	1979
3114	4880
1215	3839
3114	3406
2389	3866
2725	3116
1726	4637
4131	4962
627	2066
2904	4580
3907	4399
2156	4311
831	2075
130	1553
1215	3591
2835	4729
314	1378
1503	2476
1108	3924
89	2031
1127	3295
706	1267
892	2582
1461	2692
3534	4525
4134	4492
1527	2755
2476	2723
1218	3116
3026	4827
2934	3174
2653	2880
3944	4435
391	808
339	2755
487	4766
359	1108
1679	2266
1036	1108
53	4928
593	2798
2506	3404
973	1804
2170	4141
4306	4895
1270	2118
116	2967
2852	5095
1253	4950
2824	3575
833	4111
509	5120
104	1187
3116	4232
1912	5080
1616	1679
299	1866
1892	3488
4113	4931
2051	3488
101	4308
247	2322
2142	3853
279	1331
2049	4874
4185	4455
1679	3493
645	2924
349	4785
1679	2381
4399	4480
651	4386
2924	3551
2037	3116
2177	4711
2952	4509
895	4775
133	4882
638	1895
2900	3536
1067	1215
100	4130
489	3856
1063	1679
2506	3114
2712	4790
1269	1742
1484	2230
3116	4308
1598	5040
443	2269
313	2170
2835	3175
1269	5107
1430	4480
3367	3385
116	1930
2852	4858
601	3920
1034	5120
694	2118
1338	3738
2496	3382
2438	4119
501	4798
1362	4786
1217	1679
1679	3153
489	1627
2798	5008
2269	3907
455	1415
1415	2983
2775	3573
3093	3605
1504	3044
1633	3847
3369	3493
1951	3116
1953	5120
116	3921
2709	4185
1906	5078
3582	4817
2170	4097
314	614
2169	2177
1883	2270
266	3623
2171	4017
978	3116
2465	4729
1045	2625
1113	2075
694	837
111	3376
1181	3044
299	3145
1088	2716
925	2777
638	4271
67	4045
2625	5016
973	2347
116	3806
601	1132
2794	3839
1930	2078
92	3592
2170	3899
215	4070
116	3770
1679	4018
4336	4577
571	1041
1327	4727
4945	4976
2361	2755
1288	3962
2178	2716
176	1679
101	2704
1679	3916
2487	4735
4086	4564
2163	2526
51	78
1527	4962
3116	3872
2199	2248
271	2049
279	3261
460	1028
2190	4070
461	3116
2133	3272
893	2438
474	4052
1113	4110
3942	4551
4861	5134
374	489
732	1504
1863	3274
2617	3544
116	4219
3151	4775
1674	4450
134	4481
448	1367
4306	4474
3330	4696
953	4010
2657	4495
2487	3760
314	1156
2691	2698
2280	2777
833	1679
3518	4674
942	1674
1679	3788
1553	2755
1679	4954
581	2040
978	2118
116	4705
3528	4962
670	1679
67	2774
476	4111
122	4670
1679	3326
2691	4770
2138	4101
1573	5085
2133	4185
451	2420
101	3116
266	2051
2118	2948
1774	3924
1863	2147
3056	5128
3299	4859
2170	4121
1505	4861
2492	3972
3488	4721
1666	4041
3056	5034
581	3446
2185	2888
1726	1826
2835	4538
452	1041
226	2738
2877	4131
1863	3916
116	1132
585	1625
116	3592
707	4271
366	1215
1679	1726
581	745
3864	5146
1865	1980
2163	2438
1679	4555
1899	3160
1360	1527
4176	4383
854	5055
1085	1503
589	3840
345	2118
106	3284
4861	4928
3116	4962
2416	3116
0	4816
4816	4991
2306	5002
2735	4200
1313	1533
1573	4473
1327	4271
349	1412
3011	5120
2858	3237
314	4175
4163	4725
1703	3962
1454	2438
1215	5144
4775	5083
265	1309
1679	2374
823	3204
3116	3189
116	3984
3116	3975
4986	5108
1774	3234
2021	3850
2755	4197
3072	3116
374	2703
1113	1351
3754	3864
1430	3591
1532	3117
2118	3574
2698	2893
2770	4460
2774	5128
891	4506
7	359
1527	2002
896	1728
759	1626
66	3116
1331	2718
1051	2766
2585	3081
1215	4586
122	3665
314	1985
1679	4479
2099	2181
3722	3972
1086	5146
2582	4858
387	1058
521	1679
867	5008
115	1051
67	2027
1527	4095
4018	4735
1532	2626
4271	4728
1679	3853
1679	2086
1679	4885
116	1608
1020	5055
1679	1881
311	2613
704	1722
960	2723
2373	3116
4196	4271
476	1720
1679	1818
2118	3587
460	3991
1933	2625
1049	1516
247	1147
833	3202
7	4537
420	4901
314	444
2932	4306
2703	3116
116	3827
226	1331
815	845
2796	4580
1345	1844
4940	5089
2374	3361
2190	3116
865	1626
4775	5080
1679	3875
3907	4480
2934	3175
314	2454
833	3289
1951	4201
5078	5120
2142	4674
1503	3920
688	1666
1679	2720
1543	3294
3102	3962
2775	3866
651	2051
4467	4682
3116	4392
2078	2245
3228	4383
748	5078
3145	3687
349	3466
2476	4846
170	1912
1113	5063
1139	1866
2835	3991
3687	4651
692	732
1679	3652
3006	3853
925	1667
1248	4670
728	1585
7	3881
2142	2795
387	3853
116	3622
2385	4554
1987	4772
339	4473
1048	3406
2404	4271
351	3686
3860	4861
116	1494
187	4301
1051	1215
1253	4308
881	3225
4271	4841
2118	4325
601	3747
2755	3995
226	483
176	3331
3116	4356
421	4640
692	2973
3853	4473
2753	3941
2100	4306
181	5090
1620	4766
2182	4554
1368	2704
116	3370
1679	2791
3176	3814
31	1917
1573	1912
867	2379
3116	4545
3686	3924
238	2040
3116	3163
133	3071
116	4309
3573	4271
815	928
1494	4913
2874	4978
3000	4775
1059	3211
892	1527
638	1679
2353	4775
299	3939
2118	3991
3116	3714
702	1679
581	2466
4603	4712
1005	1679
279	2334
92	457
89	2470
1679	3696
483	4082
1705	2963
2753	4052
313	2568
893	4949
1722	3468
1550	2625
971	3322
893	1139
1666	3840
4382	4872
3536	4776
1527	3813
116	1037
238	1147
2568	2698
2269	3289
247	694
4011	4151
2199	4010
892	1505
2053	3597
822	4882
313	491
36	1553
1381	4070
533	3061
1750	4487
2617	4401
1921	3568
2347	4525
293	2199
1881	2625
1333	4308
35	4336
2136	3116
222	343
1670	3582
946	1654
1806	3367
123	2361
2143	3605
728	3116
26	1670
3938	4070
388	1527
971	4301
309	4036
302	1679
7	1613
67	4301
1679	4861
3237	4182
1219	4301
1679	5107
2829	5096
187	2178
1679	1938
1362	3116
601	3905
477	4495
550	2597
601	3322
1085	2684
1180	3907
4651	4674
294	1679
3687	4399
1640	3866
1273	4131
3824	5126
3925	5031
3423	3582
111	2946
831	1826
2142	4035
2858	3840
3116	4694
2851	3827
67	944
1812	2241
1331	3864
1139	2102
3116	3263
3038	5040
942	4841
2230	3377
509	803
1313	3379
1927	2625
3754	4220
4580	4627
3597	4070
2118	4339
116	2704
2438	3687
1338	2835
1626	2862
892	4767
1092	1527
4111	5091
116	4230
3116	4933
366	1679
2230	3045
374	1679
612	4693
928	5128
1119	3317
2526	4962
199	3116
645	3026
1679	4170
2560	4070
1800	4858
2234	2241
568	4962
1362	1888
116	3481
1679	4308
823	2723
2834	4623
694	4964
1679	3730
452	891
187	828
1679	3795
89	2027
2078	2438
1850	1912
7	2306
556	4380
43	3369
3747	4151
1333	1527
3330	4596
611	2438
226	704
299	3853
2342	2735
264	4113
2924	4048
293	4165
3591	4876
504	4950
1510	3687
492	4962
477	5107
748	4236
1108	2178
1309	2382
833	4943
2182	4962
2197	4775
1215	3295
3376	3995
1679	4444
1614	1833
2661	2798
510	1139
1527	3093
7	4113
1454	2986
3914	4775
116	4318
4095	4961
443	1505
1483	4586
2142	2946
1951	2835
2556	2724
622	4928
294	1068
4273	4480
2519	2835
756	2170
1256	3455
1705	4381
130	176
2547	5041
1774	2342
1701	4480
3067	4301
3069	4775
1722	5083
2185	4908
3924	3930
1049	1679
201	823
892	1654
130	3116
444	483
2188	3284
1108	2940
1679	2904
1110	4764
1492	2178
994	2506
513	2099
978	1215
2172	3991
1679	3130
587	4525
2099	3337
2433	4236
4603	4928
1486	4729
2940	5078
89	1108
2530	4554
2257	4775
1533	2796
7	3739
1132	1903
116	4377
187	3102
4271	5079
2090	4051
4070	4242
1460	2329
893	2616
2342	4872
1147	3895
1105	1331
3814	4872
3116	5028
1840	3722
1340	4051
2893	4775
2438	5154
7	151
4270	4955
2245	2389
2053	4521
932	1679
1428	3415
3357	4111
504	1136
1398	2170
1839	3481
7	4525
1679	1836
1642	2177
604	2698
1679	1923
1840	3674
7	1113
1182	1461
748	856
1360	2591
1666	3953
2166	4515
1527	4113
4674	5034
22	1911
2027	3518
910	2698
79	3467
1667	3955
2241	2334
3930	4729
1679	4675
1806	3564
3511	3770
2011	2037
224	485
3907	3939
571	1215
3895	4525
1415	2049
1774	1929
3701	4623
3116	4402
19	3167
222	4841
36	3925
4113	5082
1108	2585
3114	3261
176	4362
1679	4036
1747	1847
2526	4301
116	4392
1579	4964
3860	4533
2322	4780
3116	4565
162	3516
2438	2530
134	2027
7	2676
1267	3575
339	5120
1119	2743
1679	3920
2118	2799
2613	3555
22	696
387	5079
3935	4554
1667	4964
2105	4480
314	886
3446	4404
2755	3984
1254	4189
248	3847
550	5134
1844	2751
1563	3294
106	2805
547	4406
3369	4962
1068	5003
694	5126
833	2946
1487	1806
2495	4113
692	2027
2170	4107
192	833
604	2747
589	3829
593	4841
4208	4775
1648	3116
1701	2798
92	3408
123	2755
706	1620
2842	4509
3145	5008
2746	2871
2329	4271
4306	5028
2534	4201
2739	4872
4401	4694
1487	5078
3116	4113
1253	1844
3365	3957
36	343
2716	4775
1626	2191
1679	4101
1375	1679
1806	2241
3574	4962
3322	4274
313	928
1573	1657
952	3688
35	2835
2258	4764
1105	2940
1806	3261
3672	4070
314	1213
2775	4271
926	4960
1413	3623
3941	4035
2839	3274
2438	4082
7	192
1106	3307
944	4301
2051	3582
1503	2118
1454	2387
865	893
961	3016
2426	4962
2653	4274
2987	4962
1679	3204
865	5038
2170	3902
2156	4152
1028	4107
2582	3829
4729	4775
665	960
694	4770
1096	1191
3528	4163
2420	3739
3974	4018
2554	4775
340	3866
1527	2818
735	5145
1117	1453
4580	4841
1267	3116
2735	2747
1215	1365
485	2118
1063	4070
222	3280
1659	3382
961	1748
2511	3285
788	4480
1213	4798
421	3428
3236	4840
1866	4923
3939	4273
2766	5035
2170	2185
2142	3582
3415	3582
867	2952
3939	5113
89	2706
1933	4045
100	4876
1215	1703
2798	4923
3825	4767
2410	3621
1331	4905
1833	3369
366	1646
2170	4189
1728	4185
570	1499
957	1679
1136	4640
314	1028
4544	4775
1034	4940
187	2883
452	4435
1553	2616
1740	3354
208	1499
116	4448
885	1430
1626	1745
4264	4474
1633	2185
116	2540
1679	2199
1952	4264
1679	3094
2170	4457
2379	4509
436	3116
1679	2738
655	1256
1331	2174
1984	4551
1510	4343
2199	5040
3513	3663
1213	3740
2353	4293
2835	3536
1726	4174
1679	1831
978	2341
2851	3771
1598	4775
879	3503
1917	4163
1679	4457
2188	3442
1679	4325
902	1951
472	2142
116	4827
416	1108
3692	4276
1236	1679
116	3830
1679	2989
585	1617
67	1483
1078	1865
2361	3117
444	3536
652	803
187	1840
241	1215
1187	2308
1839	4167
896	3490
2465	5080
404	1432
379	2108
4070	4908
1897	5082
1679	2003
116	5033
3116	4833
89	944
928	3962
3687	4623
3444	4144
1679	4160
732	1679
2939	3299
4271	4651
1887	5095
942	2170
652	1367
1253	3208
3551	4150
1092	1533
1215	2582
92	374
116	3071
2306	3709
476	4923
1679	3624
4242	4962
7	1527
803	1641
340	510
1415	4640
1331	4273
1551	2021
1051	2438
942	4962
940	1679
788	4790
116	3021
1774	3990
3866	4271
788	2438
1146	1679
476	4981
3557	4809
2653	3853
618	4827
963	2973
72	316
1679	3331
1267	2582
1074	3008
2199	4070
1984	3292
4035	4097
187	928
1467	3984
1121	1679
3262	3575
1367	3701
116	352
2238	2421
686	1705
694	2290
1108	2657
1461	3659
255	706
1674	1989
963	3602
4170	4201
314	2534
2102	3056
226	3905
915	1550
2170	4380
2653	3724
3026	4455
4237	4775
788	3511
2193	2438
3190	4271
116	4101
750	3132
3299	4651
1641	2181
1324	4861
574	2053
1584	4525
1047	3493
1105	3845
2922	5122
3367	5078
28	3555
2760	4201
253	4623
2342	4526
4035	4480
1398	4882
1701	2438
928	4293
1531	5035
1309	3272
3026	4301
309	5154
116	194
2560	4525
2137	3262
611	1946
740	4070
3739	3957
1067	3210
100	3859
1527	4637
1432	1504
299	3468
1679	3151
2234	2625
3367	4905
2118	4580
218	868
548	1679
116	3839
4051	4225
2172	3788
499	2383
946	1454
3176	3602
893	3636
31	4955
2078	5113
3117	4642
4689	4962
1553	2078
1679	1774
2939	4271
1113	1551
3995	4923
862	3686
2142	2270
1667	2053
1952	2269
2031	3674
3853	4712
1679	3210
3275	4981
589	1215
694	4729
314	451
288	1667
664	1525
664	1414
1461	3237
4670	4861
3116	3250
983	1527
2347	2465
899	2501
735	3361
3202	5128
865	3471
723	3038
2798	2946
2047	3446
1343	1975
314	893
570	1703
1670	2798
1180	3866
3116	4264
1667	3434
3395	4038
2934	4928
3114	4182
1203	2163
1895	2616
707	1679
2796	3493
116	1492
3413	3653
4301	4860
1958	2027
1113	3338
116	1836
587	4767
1505	4962
622	2985
1270	4113
2829	4129
4029	4775
340	4480
988	3294
1652	3358
1108	3853
2166	4521
2893	3688
7	2347
761	1213
3757	5108
1958	4119
2118	2924
248	1248
3056	5113
4268	4721
610	3629
2177	3116
2420	3395
2502	2975
509	2547
1402	4045
26	3582
1912	2465
1213	2436
116	4175
1341	1983
2835	3602
1865	4761
313	449
52	1910
187	3616
3385	4560
106	3552
643	3153
1215	1483
2438	4818
965	3555
2102	5153
1324	4406
1585	4874
1543	2625
898	1679
449	3446
1747	2501
1113	2551
1679	1722
1678	3686
1108	1940
701	2476
2691	3116
3116	4460
1250	4872
1505	3272
967	2266
921	3847
1127	1324
1866	2118
3511	4271
2522	2698
326	4874
5008	5062
448	761
3863	4469
1726	1927
2051	2747
448	4775
4580	5126
875	2526
116	159
58	489
1045	1679
589	2101
634	2883
3602	3924
1533	1679
1415	3490
652	1254
1903	4201
775	1679
2924	3739
2676	3399
2438	3405
2438	4460
1847	3536
3116	3674
2169	4492
4584	5040
2470	3682
833	3724
928	1215
1747	4045
266	4901
1483	1679
694	1091
2835	5085
692	4945
485	803
3348	4028
460	2775
1489	4962
1115	5144
159	265
2027	2985
2946	3474
3781	4306
279	2174
474	702
867	2142
3202	4045
1679	1754
2514	3399
1293	2834
2858	3864
314	2053
692	3361
4035	4113
1092	2347
2174	3564
2070	2170
1901	2118
932	4864
1248	4775
1460	3141
4775	4841
309	2917
2024	2698
501	1641
472	1883
1679	3507
1679	1852
449	5159
4962	4997
248	4759
92	4771
1747	3682
3984	4161
3116	3718
2404	2964
235	548
4960	5031
18	651
1679	3237
673	1215
426	3116
36	4271
1679	5146
1752	3466
601	4880
1168	4882
1063	1215
159	1062
1836	4097
3845	5028
387	2227
1679	2839
3116	3735
517	3678
2698	4620
329	3258
1495	4775
3294	4474
413	4712
14	4220
116	1844
43	5084
3907	4274
513	1521
942	3176
1975	4525
65	3272
393	2013
1679	2497
2329	5120
116	4444
1113	3816
1105	4689
1844	5156
2858	3754
507	4640
1288	2257
1432	3528
134	3518
474	4459
971	1883
2704	3852
116	1248
1221	1679
2724	4888
111	4827
2511	3816
1487	2241
694	4646
116	4252
1193	4301
1215	3950
652	3735
2438	4134
104	1585
2438	3674
364	4880
452	3957
116	4973
1579	3920
960	4165
116	2965
976	4101
1215	3944
2053	4452
868	1068
1113	4580
1747	4525
1454	1614
92	2636
336	2190
2934	4955
1329	1426
1467	3175
958	4685
1339	1679
2438	4325
1415	3399
1156	2438
2170	3908
837	3160
2066	3116
1277	1679
2951	4220
3450	4544
1806	3754
3532	4095
3081	3602
3995	4480
174	1543
3575	4848
329	3116
2118	2669
2075	3486
1108	1337
2799	3116
314	2893
3116	3481
2099	2751
1113	2259
2379	3382
3853	3866
3598	5012
517	2726
750	2181
116	674
3665	3942
673	3116
192	4509
1774	5008
1187	3665
1679	5062
2118	3116
1262	1891
387	5089
43	4480
1048	1679
4525	4772
1483	4544
3093	3116
339	638
4473	4986
1625	1951
7	4500
1679	4270
1494	1746
1679	4011
2666	2798
867	1553
116	4515
2582	4329
2118	2329
288	4070
1726	3067
928	3493
314	1887
2105	3687
381	3116
72	4872
3864	5120
853	1108
1679	4002
2049	4780
89	387
1338	1970
2078	4923
1051	5035
3008	4960
926	4300
2003	2434
2934	4018
35	4858
299	3866
2934	3048
1626	2024
1527	2708
74	2546
1108	4293
593	3687
638	2118
1505	4964
1037	4841
1341	4882
421	3446
694	2389
352	3026
1679	3603
1654	2952
1236	4962
803	4944
2177	4860
2078	4525
2053	3687
3974	4502
1527	3000
684	1527
3586	3962
71	2342
2181	4985
1286	1313
2170	4093
3237	3864
961	1674
444	2193
3116	4066
1679	2234
3116	4238
515	1679
2209	3582
841	3674
893	1958
460	1215
1544	4882
1626	4163
624	2141
3208	3653
2064	4036
1679	3678
1127	2476
1865	2340
3354	3466
1125	1679
570	4119
1679	3591
1453	4976
2791	4761
1108	2266
89	3901
330	1179
1051	2871
1625	5080
1705	1858
492	3116
4860	5040
1108	4606
1863	3827
1679	2636
116	4070
1215	2172
1215	1303
2438	4035
1215	1553
1255	2476
314	1398
2204	3582
1293	2723
1701	2616
2768	3951
2347	2511
4111	4818
3488	4901
1460	2075
2625	3067
211	4201
1679	3731
2361	3602
1398	4365
2270	3488
78	3116
2703	3444
116	451
2118	4695
176	451
413	1966
67	2835
170	3211
1527	4674
2768	4962
2584	3536
898	1108
2573	3982
1034	1983
255	2685
7	686
2668	4271
2900	4712
2726	2986
875	2334
1932	2156
1106	4775
1334	2230
811	2704
2695	4764
265	5042
3853	4271
2118	3175
3116	5086
3093	5120
111	893
1679	2987
2725	2928
2005	4545
988	1858
1527	2709
1679	2317
2310	4775
1453	4418
3395	3716
2000	2625
144	3402
1273	1527
2322	3207
662	1897
2438	3399
1327	1527
907	4882
343	1895
116	589
192	2075
748	3406
7	4565
339	443
455	3328
116	2295
468	4962
3382	3859
457	4580
2054	3116
3116	4178
2835	2884
2170	3829
335	455
788	5113
1986	3877
2889	3456
1679	4877
7	3699
111	2438
1113	2133
483	489
3528	4775
893	1051
89	3907
100	4402
3860	4418
1078	4200
4361	4867
2395	4131
1333	3842
3179	4045
4488	4554
2105	3026
638	2946
3984	4271
1679	2819
3245	5108
2170	5103
1883	3228
193	1420
1365	1652
4306	5006
1108	4035
4495	5008
1938	3275
1428	2342
63	2133
892	4580
2989	3942
4163	4502
1067	4119
1640	2142
2014	4729
164	1679
3116	4985
116	1990
892	1113
1747	3038
665	4068
2946	3672
342	5134
2952	3116
925	1679
314	2309
3116	4785
2426	2698
716	4152
2321	2342
43	517
1203	3116
4022	4070
3568	4594
3026	4620
1202	1640
1415	1521
1474	4399
46	1156
1313	1658
1505	1861
1670	4651
1679	1805
452	4271
2594	3603
3841	4271
2174	3385
1679	2952
1286	5079
116	3935
3624	4163
3582	4586
4949	5062
1679	4545
1215	1640
2939	3518
2270	3866
2398	4770
867	1338
2856	4293
1304	2438
477	4306
116	1181
1270	2708
1930	3696
387	833
4273	4674
928	1492
1215	2329
3116	3320
3493	3853
1540	4770
963	3116
1102	3827
2794	3361
1553	4197
4770	5006
865	1979
622	2511
1645	1929
926	5120
4775	5110
750	5145
1113	5128
452	5134
1617	2290
1375	1476
3962	4005
2379	2496
1460	3602
2342	3493
1954	4538
1108	1679
1582	3122
4059	4501
3573	4923
160	3176
1108	2570
452	1598
2434	4010
1527	1970
2347	3116
1679	4432
3317	4254
1001	3284
2512	4580
1679	1918
1938	4252
2716	4841
2266	3687
3237	4880
1527	4450
187	413
3977	4816
1983	2361
1375	4765
651	2594
314	1953
1746	3008
4070	4675
1525	1897
4011	4097
2322	3226
4035	4271
1527	4627
1760	3488
2118	4949
892	2704
571	935
36	2142
89	3245
2570	2704
4962	5089
1679	4276
2398	4201
2395	4461
460	3443
638	1866
833	2227
476	2653
587	1679
2317	2676
728	4841
1215	3962
123	1617
1248	4448
418	1291
3760	3939
589	4674
1120	2496
1553	3376
28	4876
3132	3446
2435	3955
3687	4301
1116	1679
2322	3944
1113	1728
1643	4775
2245	3735
1329	1430
4480	5008
2654	3488
926	3531
3231	4340
1454	1933
452	4137
2616	3376
928	2985
1108	5034
2142	4273
2152	4274
1679	2458
1646	1679
1085	4642
1679	3027
1156	2993
1215	3237
2230	4197
3114	3905
942	2404
71	3532
111	1215
314	3225
942	4619
4841	4954
2939	4876
817	3446
1929	2613
2459	4775
3010	3116
74	2040
1157	3962
4457	4962
942	3399
1514	4245
1487	3367
2616	4399
16	1267
1679	2459
2270	3145
1343	1679
365	1527
116	745
4729	5080
1327	4960
1543	1550
1670	2142
123	2616
1623	3481
3636	4289
1107	2311
3974	4308
1527	3730
1215	1901
151	3116
1147	2347
2108	3192
1679	1992
490	1518
2199	3192
314	2931
1286	1553
2704	3072
2118	4095
925	4417
1324	1598
1215	3084
4841	4962
116	4587
187	865
3382	4311
1505	4170
2070	4775
1760	2492
241	3991
515	1527
652	2560
659	2804
1774	1921
487	3042
1533	3493
1533	1695
89	4940
116	3982
1521	3446
3116	3493
810	2704
3202	4196
1271	3629
1386	5062
958	4201
3322	4859
1679	4377
2170	3571
3204	3438
116	1684
279	3114
1679	2102
2014	5149
1966	4837
151	4045
200	4271
1679	2240
673	4095
116	4693
2670	3116
2704	4059
1215	3016
2347	2940
3614	3881
2476	4662
1999	2415
2169	4134
1679	4266
2002	3575
342	1598
2692	3061
2492	3116
1215	3455
222	2985
1679	4488
639	4525
1295	1752
472	5008
1119	3840
1679	4648
1261	3623
226	2280
3536	4712
1454	1656
3995	4271
3116	4797
1679	2039
7	65
2031	4245
2877	3237
130	2003
3747	5115
1007	1705
3354	4735
387	2334
865	4480
1897	3980
2269	4986
359	1215
1119	3228
1986	4266
1679	1980
100	4242
1679	1912
902	988
266	2376
1543	4278
1527	1953
349	2341
1499	1679
3609	3825
127	865
3000	4250
314	4097
2039	2177
1887	3204
3116	3614
248	3116
3939	4399
159	4309
80	116
2227	3724
4036	4711
2105	4113
898	1617
833	4827
1476	3116
1642	4525
833	893
122	3292
116	3297
3116	4817
1674	2487
1679	3358
1667	4635
144	837
1752	4785
1329	2647
2227	3289
1313	1402
879	3665
452	1684
1034	3289
488	5006
1510	3116
2501	4939
2883	3093
92	1742
2511	4035
159	3957
803	2987
931	1991
3413	3709
7	1533
2755	3724
571	1951
4070	4101
2653	4940
116	3571
2142	3939
2105	3738
2389	3859
1679	3571
1983	2818
2245	3284
2941	4962
1108	1614
1078	1679
4107	4306
67	2613
3026	3413
2178	4070
2487	4137
1640	4943
476	2775
1271	2712
2476	4144
1991	4139
891	2124
4070	5006
1261	2506
421	1844
952	3636
1679	4607
1108	1168
4	633
100	194
3367	3864
3582	3771
1086	1643
1679	1964
1521	2557
1187	4163
2703	4580
2676	4962
349	3328
1746	1938
651	3615
342	1313
2379	2952
3056	3752
452	4406
116	1756
1679	2047
92	2835
3960	5031
1324	1684
1136	1679
559	1679
1679	3991
2798	4943
1839	3409
1527	4941
222	4711
3739	4279
2692	2877
1953	4045
393	3957
1774	4252
865	1527
348	4962
3109	3428
252	1460
1409	1679
665	1415
1454	3093
1690	3605
988	3116
2078	3202
1168	1836
1063	2170
2230	3924
833	1215
3924	3962
116	2434
1331	3754
3486	5085
1333	4163
1703	3582
279	3564
3894	4095
313	2649
3225	3575
1983	2021
116	3781
2257	4859
1679	4445
74	3704
134	1679
3143	3455
313	333
1626	4962
1527	2890
509	4306
1679	3232
313	2650
164	1936
2193	4890
1492	2185
414	4301
803	4841
3544	4694
4325	4399
2013	3415
2939	4045
2353	2492
510	2438
2395	2438
7	5107
1778	2823
35	4764
1679	2758
144	1679
215	3275
95	2170
653	2685
1113	4028
533	1454
2526	2789
343	3870
2241	3568
1617	4525
116	2182
193	2887
153	4511
3116	3486
1679	4662
1679	4452
2269	2653
1617	3486
1113	4467
1679	3676
3847	4976
1341	2704
116	4911
2909	3275
1167	2427
865	1679
455	3488
1068	3286
1705	4417
750	4139
98	2900
923	2698
1633	1679
3114	3385
1540	1679
66	3962
1846	4650
414	4120
1505	4122
1954	3116
801	1679
3299	5091
116	967
853	1679
1108	1402
2798	3056
510	3202
1108	3767
3116	4306
2723	3116
279	288
53	2934
89	3722
1573	4646
664	2495
3954	4770
387	4986
1128	3665
116	3739
1839	3116
893	5096
1271	3451
3116	3636
2361	2799
1866	4674
1182	3367
1598	1684
2628	2755
748	1505
925	3228
1679	2642
942	2476
817	1679
1987	3739
452	1259
1617	2799
1679	3116
1007	4962
116	3951
2706	2743
1409	5095
2496	2952
1534	4036
2438	4728
1119	2290
2049	4580
229	3450
1679	2706
2075	3116
2698	5084
1020	2063
1679	1975
1020	3063
340	2118
678	1679
293	3160
443	4035
3231	3663
1527	2973
1726	3350
3408	4480
1113	2310
112	2939
3446	3977
3116	3859
926	5095
1749	4775
961	4271
1034	4859
313	3080
1641	3116
1286	2142
2193	3573
1626	3115
1412	4887
2199	2448
3991	4594
2013	3935
1679	3118
2573	4306
3145	3591
2434	2703
2495	4509
89	1440
788	3468
831	3602
116	1588
302	2735
2040	3103
896	1679
859	4943
3116	4710
36	3853
509	2438
314	2829
971	5154
971	1037
3870	5120
944	4619
3116	4770
638	4196
36	1327
3231	4271
1333	1430
444	4962
2585	4473
3591	4301
3445	4185
856	1093
253	4651
1626	2698
3984	4011
1461	5078
1543	3219
1679	4460
366	3493
570	4586
1527	5103
2835	5016
1215	1800
2168	4962
4028	4170
1626	3067
116	3967
1880	2852
2661	4500
1866	4670
891	1485
3084	3962
750	4985
1331	1679
587	1527
339	3767
241	2501
1474	2102
488	2626
722	1667
1746	3003
314	4129
2270	4876
1514	3674
3116	4131
2698	3591
2031	3722
1108	4880
67	4460
4070	4498
1667	4457
1540	4775
1679	4110
3423	4045
1068	1503
694	1912
686	3739
1555	3511
187	1747
3797	4775
477	4882
3649	4467
862	973
2653	3607
1187	2100
489	2704
643	1679
200	226
3847	3860
3116	4354
1679	3535
2118	3722
2177	4035
4859	5108
1097	1679
2185	4976
1747	4461
313	3140
1331	2334
1740	2492
1726	4097
1641	2099
2438	4517
651	4066
2818	2884
2438	3376
398	2204
728	5080
2389	3995
1679	4107
517	3369
4036	4712
1703	2438
652	2814
1093	2940
629	1679
750	3839
4107	4467
2805	4816
100	1113
953	1679
946	2842
2090	3845
1269	4086
1028	4882
28	4674
3939	4301
696	3488
2487	5021
1058	4940
1108	4468
1430	2835
1085	3602
146	2049
444	2835
1987	4502
26	1679
2172	2931
2049	3716
3855	4785
1492	2547
1476	1679
556	1987
1679	2494
2027	3722
2789	4962
2038	3008
2522	4775
92	1481
116	3136
3047	3840
1999	3056
1265	3116
927	3683
2057	3602
35	2746
1489	2704
309	816
898	3488
761	2193
1586	2264
3754	5128
1487	3905
123	4827
2909	3003
299	3100
1679	1738
2835	4764
1085	2163
3939	4274
109	1679
812	4200
7	3709
314	1106
651	1384
1679	3051
1248	1679
942	2805
374	1113
2835	3870
1517	1679
581	3352
1056	2051
4271	4772
1679	2367
1890	4775
1487	4689
961	2204
833	3757
1579	2476
1119	2118
731	2270
2230	2329
3413	4943
1085	1679
224	1641
589	895
159	3399
1454	5008
1987	3450
393	921
2420	3294
574	868
2459	3603
7	2438
1248	4245
116	516
1202	3056
788	4273
4271	4911
351	1679
2166	3853
299	2934
1830	2511
3754	4509
2939	4651
1037	3639
391	4630
384	3237
1474	4943
652	1462
314	2398
2259	2934
1679	4339
1454	3754
226	2739
92	4263
896	4461
1679	2311
664	5062
3488	4525
2374	3116
340	1679
4036	5038
1844	4950
2182	3116
2013	2959
2755	4827
1527	2616
602	3877
1679	4075
1260	3012
1555	1588
264	1679
2765	3354
1429	4383
2438	2871
2640	2909
2835	3924
4306	4775
3190	5083
1453	4685
2245	4480
4152	4905
2241	4905
3840	4627
2981	3132
1430	3116
2078	3116
32	1430
4603	4711
1504	1527
2166	3592
858	3116
867	2496
2653	4818
2199	4789
2438	3870
3026	4943
2199	4580
2698	4003
3322	3935
366	4908
842	2269
2203	3056
1917	2835
302	4200
1309	3294
1093	3061
3859	4872
3907	5113
3395	4131
1679	2764
1093	2877
1952	5083
3116	4525
302	812
838	1679
735	1741
1800	5120
706	1462
1037	4639
634	1966
3709	5002
364	2438
3361	4955
994	2053
1215	3352
3084	5096
1110	5035
387	2775
2118	3603
365	2951
510	4399
3564	3905
3423	4670
3404	5130
1078	3582
2628	4480
1626	4430
58	1113
1256	3901
1313	3116
2698	4097
89	2011
942	4662
1540	2934
1215	3518
187	4481
1453	2185
1980	3582
3866	4196
2177	4712
1679	4978
3582	3722
67	3493
3840	3941
958	4361
1087	3116
3636	4038
712	3116
2347	4001
1113	1679
1460	3991
1679	4301
3226	4293
298	1653
1527	3433
1657	1679
867	946
1621	3446
1527	2957
1215	2185
2487	2639
1115	4841
271	2199
955	3582
122	2768
1679	1936
1598	4137
472	4495
1485	2438
1460	2133
4282	4775
1990	2108
393	547
593	2939
7	664
1679	2125
3367	3564
200	4070
3445	4775
295	1987
2099	4656
313	817
2118	2266
3483	4962
265	2535
2118	2280
1203	4121
601	2858
2767	4841
3582	4445
1975	4580
1265	3167
820	4271
3166	3747
1614	4636
489	2676
1553	4480
1527	1640
1088	1215
2798	4651
1679	2735
509	4336
1679	4874
1800	4861
731	1679
2877	3026
247	1679
1586	2099
1747	2625
3984	5130
1609	1674
3322	4985
1215	3428
638	1555
962	2241
18	4268
2438	3875
1666	1679
921	1679
1286	4480
299	2775
1092	2118
116	1042
3895	4167
2305	3103
36	5120
2203	5096
2698	4619
2924	3284
1679	4753
2290	4525
1584	4772
255	1215
1679	4764
116	4045
3995	4325
1527	2257
271	4872
1701	4271
2024	3116
1202	3853
116	3647
3282	3914
2842	2852
160	4070
2739	4525
1215	3843
1679	4048
452	4861
1455	3116
1215	4951
185	1679
387	1979
1036	4962
389	3709
486	3116
1623	2625
2142	4130
5062	5084
1679	2327
150	5146
176	2466
18	3132
1471	1679
2210	3602
448	574
3450	4118
1086	1679
2174	3367
3116	4039
732	2207
1533	4525
326	2465
761	942
801	942
1168	2669
28	928
792	3450
2347	4729
1726	1903
1533	4646
899	2322
2027	4461
1553	3511
1413	3395
2270	3228
333	4640
1503	1679
7	3468
2240	2241
2118	2347
3042	4482
3116	5032
1313	2124
1527	3446
340	638
1041	3198
3262	3855
870	1582
476	1979
253	4070
89	815
942	1532
1119	1147
3286	4882
3198	5134
343	1461
833	4923
1679	3802
3362	4967
387	476
842	3116
667	4999
1883	2939
1679	4586
1057	3262
750	1844
2367	4220
1585	1679
1428	5128
1917	2492
2438	3747
4165	4960
2193	3747
2704	4101
2099	4051
2666	4271
3689	4293
3299	3330
1983	3602
3224	3534
393	5043
486	2497
3116	5148
1036	1930
1844	3428
2530	2951
1120	3382
1679	2261
2584	4861
2329	2613
1331	5120
1108	1460
3975	4775
116	3575
3116	3925
1679	3082
2170	3863
1936	4761
3116	4955
831	3116
2530	2775
1399	3116
116	1193
447	3211
2698	4487
1113	4059
116	1754
255	4606
134	4301
314	973
7	1215
1085	2248
1140	1329
4111	4461
4417	5101
750	2099
2374	2883
2511	3895
3116	5123
1527	5080
130	4365
2653	4859
1932	4134
229	3925
2230	2973
826	3552
36	1679
4480	4943
3011	3962
1045	2142
293	485
3853	4070
3536	5040
925	4841
1179	1679
1065	2556
1338	4775
1063	3069
967	4779
1901	3299
241	962
116	3220
16	1291
3322	3984
2698	5091
4137	4861
1679	4001
2075	2347
313	581
2650	3446
3067	3493
2792	4249
859	3295
3687	3731
14	2353
859	4035
122	2989
374	4059
1527	2666
2548	3413
448	2193
488	1667
79	116
314	2973
925	4011
116	2847
314	1085
3395	4201
2894	3317
1521	3922
1679	4399
4361	4872
2172	5120
2698	2863
89	971
1313	2577
1041	4406
118	3747
3981	4939
3665	4551
1297	1983
748	2940
651	5059
238	601
1365	1527
1213	2438
3286	4858
283	1746
116	1711
1774	2142
2893	4170
1453	3847
1148	1679
187	1627
187	3082
1582	2181
89	728
691	856
339	4818
374	2434
1113	1533
176	3743
3261	3385
3995	4943
343	5071
1620	1945
750	1214
89	2319
2241	3367
4	1573
1324	1800
460	3026
492	4509
1679	3384
3754	4236
3450	4398
2798	3511
1055	3116
694	4398
1527	2190
704	4271
2799	4981
3044	3116
589	2554
803	2037
2737	3116
4882	5006
2835	3831
854	1679
3415	4271
1483	4962
803	2887
629	4872
3117	5080
1313	4646
1187	1924
271	2166
2049	4492
2170	4101
2329	4775
1062	3294
100	4789
841	4861
2203	4756
53	297
313	1214
547	3957
1248	2178
1660	1679
4196	4399
3100	3941
1215	3587
387	4526
1679	2254
4311	4775
1215	1492
1215	3485
333	811
89	2582
2726	3696
332	4083
314	4475
1679	4503
120	3935
2163	2887
942	3687
3739	4780
3984	4365
18	451
1430	2438
2040	4404
1189	1679
116	2053
2877	4779
803	4798
4220	4293
1051	4764
342	452
3944	4841
1679	4103
1527	1895
3224	3258
959	4580
1505	1679
513	2649
893	1454
1101	3488
2939	3687
2476	3905
1983	4144
309	2170
1472	1679
2234	4580
152	2818
3446	5159
2624	4308
942	2118
2661	4640
2466	4499
444	2403
2146	3367
1270	4480
1119	3486
584	4580
1532	4170
1679	4734
1261	4686
2511	2676
942	2967
1563	2199
1332	3289
504	750
1679	4286
1540	4185
801	2404
374	3735
1774	2329
1132	1215
3208	4488
314	1527
314	1659
4461	4667
241	2685
1951	2257
187	3672
713	2585
2438	4685
1679	2718
2266	2438
1030	4070
92	2628
2946	3770
293	4586
89	2178
347	3860
2166	4361
1806	4290
2334	2342
2450	3225
3816	5122
394	1281
309	4152
4544	4861
1851	1861
2118	3433
1640	2389
444	2506
1679	4973
837	5080
1726	4353
694	2465
732	1087
521	3942
2936	4201
1840	4696
1527	4861
1117	3847
151	4113
455	2382
2589	4928
2684	3445
2893	3954
1113	1627
89	4685
1215	1746
116	760
116	2230
116	3122
347	517
14	2170
449	3560
268	3696
2027	3220
2066	4383
899	1798
4170	4523
1000	3116
72	4201
2653	3322
279	5146
122	879
116	4789
172	4129
891	4201
101	2835
1565	3116
1066	1679
1527	4517
3404	3984
116	3895
116	4228
1679	2175
255	1140
3042	4194
2170	5071
1067	1430
100	2973
1840	4201
1936	4258
728	1679
1980	4200
895	1120
4790	5122
1897	5149
313	4404
550	3953
349	4580
0	2753
3687	4480
1137	4271
4274	4962
831	1260
247	349
3905	5078
3493	4301
2438	5035
808	4200
1858	3294
4670	5079
1740	4537
1213	1285
2829	3982
133	707
2917	4036
1826	2698
2753	2805
1327	3008
712	1679
2799	2955
3466	4018
510	2616
1800	5043
2291	4041
299	1642
639	4353
1679	4505
2142	2438
1020	5028
1096	2792
792	1667
4433	5008
1463	4271
961	3116
2888	3747
1924	4093
3116	3117
489	5128
1626	2398
1327	2877
2625	4110
4480	4949
1325	3026
2210	4237
1248	1598
2476	2560
4022	4908
651	2118
391	3582
1202	2951
2506	4525
875	2230
4120	5040
1958	4962
3860	4837
3274	4052
854	1243
1679	2272
2934	4306
1413	1679
1938	4095
129	4482
652	3072
3829	5120
123	1113
1667	3704
116	1489
343	4960
1474	5008
2043	3840
3862	4201
314	4203
2099	4177
313	2047
2653	2755
1527	4700
2770	3575
1521	4872
2685	4201
2013	2410
1679	2522
4336	5096
1645	2884
159	378
4163	4928
1586	3224
1505	4586
3554	5062
3167	3839
516	3382
1062	4846
673	2698
947	2142
833	4525
159	4467
867	3924
359	2770
3299	3518
42	4962
4097	4962
2496	4580
1527	4949
2102	2530
2835	3352
1679	4023
3653	4623
1747	4336
1461	4560
1180	4943
947	4271
1215	3211
1746	2361
1416	4962
2075	2118
662	5082
2625	4130
1108	2259
2495	3829
2257	4962
788	867
971	2031
7	3957
1461	2940
4526	4876
1139	1679
1430	3369
1001	1679
2775	3582
1189	1215
116	2932
1584	4962
1778	3739
1286	1327
1127	3536
734	1679
349	4955
704	2118
483	2476
313	4238
589	1666
854	4525
1095	1679
492	2013
248	2185
4627	4872
1679	4496
3116	3262
3289	3724
425	4775
2270	4399
116	1722
859	2775
3299	4931
233	1679
1917	2507
1679	2551
1136	1415
3962	4301
396	1679
4178	4962
116	2220
833	3672
2118	3866
3864	4880
2724	4695
116	4083
1703	2835
2108	4580
1679	1837
1505	4301
788	2798
1906	4880
116	1199
1103	1679
3116	4450
2108	4517
318	1679
688	3863
1626	2934
3968	4827
43	4636
1108	4189
2078	3552
1527	2777
1527	2928
116	2383
3322	4059
2181	2385
944	971
1461	4689
760	2334
1527	2550
3455	3814
2828	5138
2322	2762
839	1527
7	3090
3842	4523
4674	5128
1414	2625
1679	4985
3944	4775
364	4981
533	4236
633	4962
1543	4775
1660	3361
314	1496
1215	1503
1679	1906
4580	4962
517	921
1409	1747
2651	2835
1950	3603
92	4070
1180	1640
510	1640
3323	4120
74	4318
1912	4775
2193	3261
1679	2777
4306	5120
2763	3382
1215	2118
116	3763
1037	2438
462	1527
1058	2653
854	3377
116	1531
2794	3116
4167	4962
35	2511
893	3935
1540	5148
3116	4373
3814	4882
1248	4780
587	2118
2051	2911
3840	4035
1101	1679
2078	3866
391	1078
3413	4670
340	893
1666	2698
1113	4725
2706	3179
1679	3806
692	1679
1273	4525
2438	3408
1667	5120
1883	5031
4642	5080
3116	3475
2653	4827
4196	4827
1991	3413
1679	4070
3428	3554
3299	4035
3745	5016
533	3237
7	4538
7	1036
1929	3116
1202	3907
2311	2625
1028	3920
1248	4525
66	2747
2053	4242
2016	4373
343	4809
1428	4775
1527	2458
1187	2040
3116	4798
651	3075
2753	4991
611	1281
1215	5031
1489	3582
1863	3940
3286	3586
2198	2883
3116	3740
2698	2829
3358	4433
1068	1654
1553	2775
2013	3860
833	2653
2625	3394
2342	2835
1679	4258
2137	3116
1218	4775
1331	1487
2708	4329
116	2740
1553	2852
3602	4386
1108	2676
250	3788
7	584
116	3153
314	1679
510	1180
978	2438
460	704
1640	1883
1147	3930
1613	5003
1912	3046
1056	1984
1679	3365
4775	5018
1573	1725
533	4880
1623	1726
455	2070
1058	3757
2506	3573
3534	3852
2934	3847
283	941
224	384
1679	3640
116	4261
72	4623
89	4882
3603	4912
192	2852
622	1062
4361	4523
4086	4693
2133	5090
3536	5031
2053	3116
391	4761
129	2877
302	391
2118	5028
2450	4764
2099	3048
314	2725
3582	5108
1338	2245
833	5153
2829	4775
314	1313
664	1068
885	2000
480	4139
3947	4271
2973	4770
2625	4908
1221	4653
2904	3739
2616	3770
1499	4775
971	1659
4113	4525
32	451
1327	2051
3463	4070
71	2698
3824	4446
3179	4841
1527	3797
3208	4962
1620	2374
340	1555
1728	1938
3116	3920
2835	4765
340	1139
1128	4901
3337	4070
3016	3852
72	4770
823	2625
339	3866
673	3972
238	925
957	2487
116	1214
1679	2077
36	4728
2726	3175
2118	4941
3114	4197
2568	4220
297	3575
123	2818
694	1119
96	448
4728	5008
14	4022
1553	3423
788	2142
170	1156
2078	3145
2011	2537
3289	3322
1104	2753
2102	4923
196	3116
2617	4537
364	2894
3361	5145
314	3520
1679	2883
3511	4923
1679	4613
3114	3564
601	4182
1586	1844
3179	3582
2628	2946
1679	3668
3450	4487
1658	4696
2125	3116
418	823
4943	4981
89	4670
973	1453
1527	4533
1929	4525
1679	2547
1760	5082
116	4797
1365	2077
116	250
265	3272
2118	2560
1839	3319
422	3767
215	2053
1679	2705
387	2628
1119	3930
1327	1836
4293	5148
2535	3328
2584	3198
2704	4131
2616	4827
1180	2755
1679	4418
2625	3687
3408	4271
1505	2118
673	826
4070	4268
902	2238
313	3399
1775	2199
7	4435
444	4882
622	3901
944	2027
1020	4034
414	1430
542	4770
299	3787
1527	2254
3116	3663
100	1562
2438	4779
803	2118
4271	4646
3739	4467
460	638
1106	2053
3704	4766
4197	4271
1679	4461
71	2934
1679	3282
116	4842
3262	3466
4756	4962
2118	2210
4236	4905
1148	1420
3352	4596
2172	4789
4495	4940
116	3358
2166	5159
181	610
3575	3731
537	4034
314	2367
2227	5108
192	4085
907	3116
3204	5096
513	1844
2573	4278
3116	3845
3573	4943
1933	2698
1108	2438
2698	2733
116	2948
159	2980
1679	4833
1588	2616
1527	2975
1119	5085
854	2118
692	2835
18	3350
2166	3863
2438	2706
1527	3284
2438	3202
4119	4861
1679	4454
812	2735
1180	4923
248	2013
1642	3299
200	4170
961	4525
1774	2582
1747	3586
3536	3557
364	1488
3116	3204
664	2379
1527	4729
2388	4841
547	1684
4111	4526
1267	1679
542	1430
1588	3951
299	1640
2746	4336
673	2967
3116	4313
1527	1975
1746	4517
3930	4131
1679	3472
3352	3404
1119	4011
3116	4594
1850	2530
1093	2308
116	1340
1551	1703
318	3394
1505	3299
3236	3840
2704	3840
2108	2904
614	3114
4267	4342
2438	4861
1215	1953
1621	4941
3696	4636
1626	2534
1923	5120
871	1679
116	2529
2940	5146
3114	3286
333	1679
3916	4798
253	4201
3289	4940
4039	4417
942	4116
1432	4502
116	4718
227	3116
955	1679
452	2145
3272	4059
2198	2487
510	3511
2585	3231
610	2075
1640	2078
2027	2706
1494	4201
3223	5038
521	4551
313	4623
313	2703
67	2722
3575	4882
67	3226
1483	3582
1958	2495
1527	2310
898	2835
483	2725
921	4301
944	1067
2591	2640
89	1483
728	3623
3493	3739
3175	4653
4437	4962
213	462
1991	2317
238	581
856	875
601	3955
2476	4724
833	4986
4170	4651
694	1573
1679	2005
3760	4874
750	1253
116	670
196	2133
462	3116
192	1666
921	4775
2013	3962
444	1679
354	4404
2382	4775
928	2031
1104	2805
2420	4962
2521	3607
2698	3249
116	2636
22	1951
2547	5088
1127	3925
1679	2481
2924	3114
2986	3116
1722	3573
3116	3967
2438	4603
759	4070
1487	3114
89	655
1415	3446
1182	2241
2476	3399
1679	2548
2526	2993
2170	2931
116	4776
4776	5120
250	4789
1626	2279
589	4943
944	3210
1750	3908
116	923
1085	3938
1679	1847
3116	3551
3237	3261
1467	1485
247	3174
1585	2118
2334	4905
1409	1958
345	1527
1940	2698
732	4525
1883	4433
570	1958
92	3192
3878	4502
1740	3528
1461	1487
18	944
247	2487
1722	2174
22	1430
1215	4933
2270	4273
1412	4780
1338	1527
550	1215
2704	4208
2099	2661
1839	2037
5016	5120
1202	4943
268	1286
332	1365
1641	3409
3272	5062
3853	4943
5078	5146
2934	4876
517	3116
2625	4962
43	3116
750	3428
1215	4887
116	3629
413	1156
1883	3116
2118	2739
1836	3093
2725	4775
1498	1679
1028	4775
3322	4940
1679	2401
1037	3972
387	3984
394	4523
570	4070
1588	4035
1679	2798
4619	4962
2157	4962
299	4872
651	2682
1585	3116
1504	4308
480	2172
550	3280
2704	4457
701	2613
2450	3924
1036	4636
2666	3536
2438	2582
1338	5008
2560	4271
833	1588
959	5040
314	5096
2731	4775
1386	2506
46	1085
170	2722
1505	3941
2470	2708
1136	3974
1733	3116
1287	4872
2199	4517
2904	3957
813	1626
1346	2235
1679	3225
1113	3102
1028	4271
1215	3586
480	4789
3116	4954
2230	2777
116	4580
1214	2982
1521	2513
3160	4821
224	3116
487	706
1324	4137
3687	4271
1800	1847
2108	4664
1430	2795
142	2170
4271	4674
1624	1679
1679	1854
1324	5043
343	3175
1573	4028
643	2495
1679	4933
879	1128
14	958
2181	3654
2118	2181
116	5159
1338	2948
1503	3575
449	4985
3754	4905
907	1030
1088	2547
1679	3259
2934	3714
2835	3586
1679	3672
476	1881
1895	5120
1036	3369
504	3446
279	1487
31	2492
2145	5134
885	2625
1679	3718
116	5128
3299	4981
4544	4670
3931	5120
3114	4670
7	4271
833	2269
2743	4525
3116	4721
550	2975
988	3974
2198	3924
4010	4028
1679	1803
1993	4790
489	3258
4036	5128
803	4775
1085	2829
1430	1836
3116	3228
130	4144
899	2733
893	1327
1113	2077
2939	4480
116	865
610	4059
1215	1367
1062	4417
1527	2537
1555	4775
701	4201
3664	3709
35	2883
2391	2739
2078	4674
116	2630
1938	2909
1215	2876
154	664
2438	5069
1286	2775
1011	1987
4775	4986
1527	3925
898	3941
1901	5115
2027	3067
3382	4775
1844	2661
4606	4674
1679	3445
1553	3866
1581	4775
1474	1670
71	4764
187	5040
509	3739
1733	2199
2653	5108
2698	3902
1505	4059
1527	5053
1128	3503
351	1742
614	4882
1741	2763
963	4334
116	2212
1045	5113
2874	3286
2560	4116
1409	3286
3582	4399
2777	4775
1555	3866
1270	5062
694	824
1679	3564
901	2476
1487	2334
3322	5108
2188	4642
2716	3518
1933	4525
2496	3924
1461	4880
349	1911
2521	2653
1588	3866
436	692
2190	4306
1573	2188
1127	4951
1679	4913
492	942
2616	2755
867	4480
3051	3116
1679	4365
4630	4724
1210	2522
2156	5153
7	4556
1667	4580
2027	4882
391	2051
2170	3223
1462	2476
3951	4670
3781	4729
1789	2825
488	1127
701	4943
639	898
1121	2511
1588	4197
971	1067
2170	2934
96	4775
174	2448
1866	4525
2177	3067
116	4068
2199	3206
3198	4406
1287	1613
2823	3116
1333	4170
2142	3228
1485	2835
146	4365
1640	2755
1553	1701
1092	4353
831	1983
1866	3056
116	1028
2746	4727
116	2720
1648	4872
639	1108
517	4861
750	1741
2940	3864
865	4220
92	4038
187	971
922	2676
393	2628
154	3153
3639	3674
1679	4017
116	2445
973	3623
2438	4597
476	3116
3352	4969
2327	3026
2373	4398
2199	2723
22	4779
101	4789
2874	3116
1527	4833
973	3382
1461	3564
2592	4313
116	1254
3385	3754
2585	4151
279	2152
476	4399
3323	4293
3061	3754
4001	5108
684	4775
1588	4775
2177	3942
664	2684
2053	2212
67	89
2507	3653
2118	2738
652	4361
1679	4362
58	4729
510	2118
36	3006
1679	3509
1679	2698
1679	4967
4365	5085
2230	2924
638	833
2382	2535
1679	5117
472	593
1068	3602
1803	2698
52	651
3722	4962
1313	1679
2526	5120
2667	3446
1598	4406
89	1037
4308	4697
89	1659
1313	1585
3245	4986
1728	4761
67	1484
67	293
1679	1703
3245	3757
1269	3226
854	2466
1037	3405
961	2404
1703	2884
2798	3228
4399	4943
865	2835
1586	3203
1504	4163
265	2341
4308	4941
1938	2625
2170	3907
833	3582
1503	4649
638	2438
2940	3367
3442	4767
1966	2363
4282	4383
1679	4028
2342	4503
116	4381
2342	2747
732	3208
3582	3738
1679	4808
635	3116
4118	4219
3131	3174
1503	2438
1679	3781
1505	2420
1485	5120
1334	2722
1331	4017
1430	2321
2118	3446
4594	5062
1270	4197
1108	4651
3686	4775
1679	3395
72	116
3674	4861
1679	2281
3770	4399
1705	4118
2796	4346
928	2526
1625	1679
22	116
387	3289
3518	3907
339	4525
1215	1573
238	4880
556	3601
692	2625
4980	5122
4594	4962
1608	5031
856	3061
3678	4670
314	4978
1186	1679
1119	1679
116	4190
2395	2526
1333	3044
859	2170
4045	4818
448	2731
1726	3071
2770	3672
1625	3731
1215	1270
1984	3942
92	509
1270	4151
694	4525
510	1679
192	4986
46	3176
1679	4433
686	1679
2724	3116
483	3328
3395	4962
2027	4711
3962	4336
2818	4943
1485	4770
111	1866
833	3116
2625	4101
314	2904
735	750
3122	4139
3806	4775
19	2199
1640	2118
2170	3046
1215	1248
1679	5103
448	4962
2653	4432
1891	2141
1430	4693
1585	2347
153	2170
1092	1573
960	1527
2310	2847
1527	3614
2889	4837
1215	5089
116	4268
568	5035
333	2040
391	4962
952	4048
192	4695
1432	1527
283	1213
1313	1573
811	4798
1092	1313
89	4475
2946	4325
2261	3860
1108	3468
942	1213
3582	4196
3116	3786
1679	3735
1454	2270
79	3239
759	4253
122	3942
2723	3250
1215	4554
476	833
1253	1741
2948	4954
266	3011
1839	2182
1039	4059
2940	3905
1432	1679
116	4139
1774	2763
853	3488
1430	3175
4236	5078
2990	3116
1020	1679
2511	4039
116	973
1679	2676
2071	4120
1679	4812
4059	4365
2963	4219
126	224
2782	3102
2457	3984
2241	4880
226	3261
1221	1420
1412	4585
2376	4775
1527	1551
92	1113
1496	1861
3724	3757
4525	4841
164	302
2893	5107
162	1098
3797	4872
893	3202
1527	3573
2818	5062
1641	2182
1679	3872
1527	4342
250	2931
1136	4217
476	1215
2743	3116
2934	4334
2692	5078
3528	5083
957	2053
343	842
3202	4949
601	4114
116	1363
694	1147
1679	2496
748	3754
2547	4651
0	4991
1679	3948
74	4401
116	4152
1670	3145
988	1745
4236	4696
926	4010
1897	3972
89	947
704	3116
611	2511
1826	3428
1142	1679
2928	4011
1487	3754
122	3503
4381	4798
570	3582
291	971
387	3202
72	2511
2270	4480
116	4028
100	3882
100	868
152	2118
159	1454
1679	5079
1833	3696
1543	2770
1147	4525
1147	1533
3116	3511
296	418
116	1106
2858	3905
116	2819
1728	3863
354	670
1113	5069
1452	3116
639	4271
2241	3564
2573	4882
2782	4775
1679	3752
713	3272
3241	4775
1679	4838
2227	3245
673	4978
952	3670
2835	3853
1085	5128
1625	3159
944	1483
2584	5040
2027	4712
501	1187
1505	1589
4070	5120
2334	3503
3866	4923
2118	3859
1679	1993
1108	4940
2568	2835
1679	2703
2078	2775
89	2939
89	3582
2909	4981
1847	1953
2051	3665
3007	5154
2070	3493
1805	3116
946	2496
1248	3116
1679	3998
349	4467
4492	5153
314	2118
1975	2487
1946	1983
2628	5079
1555	1679
1983	2831
2347	4646
19	2427
7	2495
734	4467
1058	4113
618	5128
1543	3322
925	3116
2921	3116
2755	4473
1499	4417
3116	4341
946	4636
2198	4361
286	1679
1654	1983
89	2203
673	2438
1679	4912
1338	2795
1412	3623
3369	5084
1051	1110
1979	2057
192	1679
3536	4461
2495	3175
610	2876
1028	2438
2070	5083
176	4070
2684	2952
1461	1806
1345	4177
3116	3870
1367	2170
2051	2545
926	4271
1268	1527
2147	2193
1690	3071
942	2496
1527	1747
1253	3103
1105	4697
489	3816
1679	4537
1679	2013
3739	4457
311	3211
268	925
333	1212
3131	3493
1543	2674
1243	2466
31	732
869	3747
1679	4941
46	3493
3116	3603
314	813
2178	3840
46	4047
2989	4901
2410	4642
2307	5090
187	550
3866	4943
116	4867
3047	4070
1979	4525
1119	2021
3699	4841
963	1527
3732	4962
1503	2361
116	4749
339	5128
200	1527
788	859
1215	4022
2438	4196
207	1679
647	899
4417	4846
694	1527
3564	3754
651	1527
116	5149
1983	3382
2199	2904
2037	3202
89	4107
162	3160
1452	1679
1679	2998
111	638
4362	5038
1844	3534
1147	3116
3582	3591
318	3547
89	3962
3317	4220
1679	2906
2171	3603
2266	4035
3174	3231
1505	4544
1036	2986
1338	2530
309	2591
2108	2636
489	3493
1531	3670
902	3294
3322	4263
4271	4789
1527	2823
2379	2852
2118	4342
116	4199
1679	1860
1679	3882
2534	2909
4674	5079
1146	1626
354	4653
3245	4940
1679	2265
2374	4775
1617	4642
1271	4790
1863	3984
1430	4868
2035	2172
2704	4318
4480	5153
1037	2105
238	1741
1521	4488
4293	4978
297	4962
36	2835
1679	3607
2847	4928
1679	1792
1679	1846
892	4525
961	1462
1641	4656
3116	4366
1346	2174
2163	3116
952	4070
2152	2653
921	1041
2805	3598
803	3116
2470	3000
3826	4525
218	1624
723	1206
3003	5021
1127	1679
2698	4361
1113	2108
101	2617
3276	4538
1550	2459
2327	4271
295	2322
2191	3117
2763	3395
1728	3806
3352	4011
65	1679
574	2936
1430	4960
1679	3258
1679	3018
2835	3636
1533	3486
1983	4853
116	1921
1430	2890
309	1527
3100	3299
2329	4306
3417	4988
1679	2709
43	279
16	1215
4010	4705
3466	4785
4775	5032
2682	4505
3615	4962
3582	4461
314	3072
1215	3284
4503	5008
2113	2698
1883	2078
1527	3179
3399	3434
1304	2591
1455	1991
345	5021
3093	3488
694	3911
1505	2401
2858	3236
4271	4538
1001	2241
93	4460
3672	3717
474	1547
3534	3826
1975	2272
89	3026
89	192
923	1215
1945	3974
2792	4797
1742	2199
314	922
2398	4070
1074	2613
1430	4577
1313	4271
116	3523
1202	3330
1139	3866
339	4986
116	704
1936	3582
1270	4189
448	4036
3116	3417
224	1679
2040	3153
226	3864
1527	2668
1260	3116
3540	4267
3674	4670
4596	4872
2346	4775
66	187
2105	4728
1679	2271
2617	4308
2863	3116
533	5078
101	1746
326	1658
1041	5134
1765	2364
1035	4271
4560	5146
638	4525
1270	1527
129	1679
971	973
2495	2496
151	4189
728	3038
988	2963
1098	4010
474	2338
3202	4300
2975	4712
1460	5043
1056	2989
1331	3261
7	2319
3153	5062
347	1248
662	5038
349	3272
1617	2075
1504	2487
4201	4650
2241	3114
170	2835
93	187
2002	4880
1092	5034
2199	3856
444	1261
1428	1726
347	961
347	1617
3493	4070
120	1952
1180	2438
1402	4841
487	1679
4306	4648
732	4955
839	4882
354	4139
58	1679
2949	4029
4201	4417
1746	4841
1679	2946
4767	4876
1327	3747
875	1742
1309	3920
812	1952
1059	3116
1105	1182
3582	5154
1679	3931
3582	5062
1313	2118
2361	4962
3145	3458
1679	2180
2080	3116
4274	4728
448	3190
2199	3077
2177	4097
1270	2775
1273	2118
973	3901
100	241
4170	4872
983	1991
72	4127
3962	4860
1414	4475
4943	5062
927	1679
1034	2775
2047	4051
1215	3207
1679	1890
472	2270
1078	2735
2792	3116
116	174
1527	4584
2381	4201
1726	3953
1598	5134
694	2718
2438	4036
2796	3586
116	3922
2099	3826
581	3190
7	4311
452	3991
2170	2704
2310	3663
2181	4694
3413	5062
3237	5146
1243	3116
2459	4417
364	1150
2616	3866
116	3894
788	4943
2379	2763
673	4271
2078	4480
3116	4827
4011	5088
823	1722
3330	3560
1617	1983
921	2448
2928	3352
4361	4882
3231	4113
1865	2051
4554	5120
313	3839
1720	2227
3674	3722
1063	4764
36	2102
314	1362
6	1679
732	2040
1193	1215
2125	4876
166	1187
3294	4068
187	3404
3191	4962
116	2723
89	570
2438	4544
3839	3974
510	4525
1398	4070
36	4753
833	3770
672	4962
3511	4480
1527	2738
286	1666
89	3687
314	3405
859	1527
4124	4584
4010	4151
3326	4664
4120	4670
1640	1679
288	4962
229	1267
116	4226
651	3384
1679	3670
1270	2573
4245	4861
3317	3919
2795	4271
2031	3582
1028	2166
314	3601
116	3003
3739	4232
313	3132
2163	3766
1679	3192
638	4818
1191	2182
735	3202
2174	3754
768	3116
4113	4841
1682	4768
3284	4271
2835	4954
3026	4340
3226	5107
111	3511
1034	1215
2053	5071
893	1430
92	4144
2118	2382
7	3382
885	4336
2438	3176
971	4336
116	2252
116	4682
3582	3962
3939	4271
510	2628
1679	4560
1679	1904
1679	1844
604	1679
2753	2835
455	803
1313	4113
3116	4501
67	3555
129	1262
652	3500
1180	1588
1215	2939
1051	2835
542	2170
1386	4962
2014	2669
116	4489
963	2799
3719	4790
2534	2625
1679	3914
732	2181
761	2725
4417	4775
958	4022
2014	4271
488	3184
3927	4775
777	4962
3202	4035
1461	3114
1722	2835
2798	3866
931	1679
197	1679
1180	1555
1740	3116
1679	2425
111	3116
1110	4336
961	3299
2124	2170
1454	4670
788	1670
4301	5040
1527	1954
4512	4962
1746	2594
3930	4646
89	4859
374	3444
581	1741
311	1892
521	879
3456	3536
1297	1679
4775	4928
570	1483
1000	4775
556	2538
3245	4859
1679	2115
509	2108
343	1331
252	2021
1667	3925
694	1679
515	1705
3026	4496
1139	3511
1883	4872
1381	1679
116	3957
1000	2170
983	3116
1127	4928
1215	3919
3189	4151
1412	2053
1113	2002
1527	1722
1641	4944
2698	3362
1215	1414
314	4268
1936	2747
670	1582
67	928
1203	4201
1078	5062
4070	4505
2420	2904
1679	5099
2585	2639
473	1608
1679	3825
142	2102
3307	3568
1285	4095
226	2928
1532	1563
4196	4480
1527	1901
1881	3354
3370	4580
704	3252
2124	2934
1462	2709
704	2014
3103	3129
2053	2133
1167	4829
2751	3615
2003	4010
2142	3687
2227	4940
2066	4293
187	2013
1510	2193
1202	3939
7	926
2166	4418
732	4401
1047	1679
3007	4036
960	3116
1527	3881
116	3447
1168	4962
101	2507
3582	3665
3116	3931
867	3866
452	3568
413	922
1269	2124
1581	1897
2722	2746
2496	3153
638	3511
309	2177
1679	3145
116	3289
2270	3536
2946	3511
2040	2099
1679	2341
1747	3116
2438	4986
42	2053
722	4816
1078	4761
1679	4150
509	4944
1213	2689
1585	3198
1025	4468
2521	4859
3907	4070
1533	3116
387	4670
1627	4764
926	4045
365	3116
3116	5022
177	4594
971	2835
501	2182
3513	5122
1313	4525
394	3044
589	3907
35	2871
1113	3739
2108	5040
651	4525
1722	2142
226	4772
3228	3552
291	2625
1728	2252
3116	3307
2733	3069
2698	3467
1983	3131
2185	3471
688	3116
3029	3116
1984	4137
3623	4729
92	1430
2448	2704
652	3850
696	5082
2322	2761
116	1924
867	922
3116	4912
150	2241
1039	4313
1527	4044
3458	5008
116	1210
129	5041
1460	4646
513	581
2698	3500
3350	4095
314	2560
867	2118
996	1679
601	3094
978	3103
2434	3739
92	4139
2917	5154
98	1679
387	928
211	3116
1102	4052
1953	5043
1093	4880
4525	4923
1461	2241
915	2597
885	5091
944	4586
313	3493
781	1679
3016	5069
2234	2306
1527	1929
3636	4580
192	971
1679	4988
1037	3280
296	3116
2924	5120
100	4399
1701	2270
2185	3860
1640	1670
571	3176
1643	1892
4051	4484
1617	2118
264	1059
696	2053
1746	3275
387	4827
295	314
1679	2487
404	1740
79	3294
187	4336
462	4525
694	1585
287	4580
723	2013
151	387
2279	4070
2885	4580
116	3456
2438	5128
3367	4686
1979	5089
788	1139
1679	4120
692	1243
1415	4068
1586	2053
2628	4045
1253	2557
279	1806
1113	1303
1215	3555
3511	4196
589	1641
187	192
343	926
1806	2334
1582	4694
3367	5120
651	2423
116	1110
2698	3350
1679	3951
732	2118
3595	5148
3093	3951
1461	2234
2108	5042
910	3468
67	1679
2125	3925
788	2775
1484	1679
2506	2676
732	3653
67	2031
122	521
389	1527
184	1679
1483	1505
2909	4383
100	910
1667	3258
100	3982
2939	4035
987	1113
116	4713
2747	4200
488	1679
893	4273
116	2534
3536	3586
32	314
2118	4124
1679	3167
2798	3995
3084	4756
1187	1620
3160	3710
7	2534
2102	2142
654	4841
870	4554
1679	4123
36	4960
176	1454
3160	3294
1105	1461
4846	5122
1517	3532
513	2181
963	1462
4216	4709
42	1573
1883	3084
1679	2620
550	4137
305	3228
1550	2597
978	1527
1453	3944
1215	3433
1679	3779
36	3770
4045	4197
3285	4165
1585	4729
643	2852
116	1288
1202	5113
176	4880
329	2876
879	3942
116	4099
944	1703
875	1679
36	3202
2438	4336
7	3791
2526	4859
4435	4841
2012	3924
2353	3757
96	4651
4152	5062
2118	2476
2190	3603
842	5120
533	3665
1257	1679
1074	3116
504	4404
1412	1415
4662	4872
732	4308
4728	4859
351	2027
1701	3511
3084	3582
1189	3116
1844	3446
2798	4480
26	3145
2476	2964
299	343
760	1362
759	4872
2438	3770
944	2125
1774	3010
2526	4306
704	1588
692	1527
1679	1830
3503	3942
2204	3962
2466	2634
1168	4313
1215	1453
413	2716
1527	2118
1092	4642
1527	1977
1679	3080
2733	3116
601	3754
1161	1752
92	2588
1484	1527
2343	4728
1679	3466
116	2289
476	2755
2893	3350
4399	5153
634	2547
3395	4512
2142	3907
2798	4113
959	2698
961	4664
1912	3908
825	2970
1158	1679
788	4399
1746	5021
1679	2465
1701	5008
2197	2698
1106	5120
1092	5085
3687	4872
865	4113
241	1527
109	413
1324	1617
3991	4728
36	2078
963	2884
1712	4962
1652	4036
3116	4201
4770	4772
3995	5113
2506	3021
1036	3754
222	1037
1958	3717
116	4018
123	1553
4860	4882
1979	4035
1533	3930
1527	3603
391	1940
2755	5153
4923	4943
988	4417
559	1512
3757	4882
2329	4841
1243	4640
2338	3081
1527	3456
3511	3866
343	3093
1381	2625
1679	3229
1150	1679
3471	4735
3367	4560
1213	2193
35	448
1555	1895
2269	2526
1533	2347
1679	2669
694	1313
2241	5146
146	1332
1481	2108
1136	3446
432	4480
1555	2616
2166	2398
448	1481
3924	4399
639	1527
1679	2928
2101	4775
1204	1699
2002	3975
368	3008
1085	3982
1726	4361
1728	2434
859	2118
340	4045
1414	3555
368	1679
455	5059
374	3493
3006	5103
339	1866
1679	2321
1642	3006
987	1679
332	3678
7	4460
1892	5035
79	5062
521	3729
89	2985
865	4002
3272	4482
1633	3792
248	3860
1405	3404
593	867
1883	4674
3557	4775
2746	4764
833	4473
2245	2818
153	1679
116	5079
1532	3284
492	2487
1486	4340
3724	4986
92	5126
612	750
665	2698
299	1679
4507	4649
2178	4775
1679	1711
1487	3237
92	731
3341	4023
1119	5103
2753	4816
2594	4059
1343	3174
533	3114
2227	2653
1119	2075
696	2170
1108	3864
3385	3564
248	921
3348	3399
1181	1937
581	2661
74	4123
717	1679
248	347
2395	4293
2118	2506
2334	5146
655	3143
2170	2398
116	1956
222	3866
1679	4335
1679	4178
116	3621
4343	4981
2021	5145
898	4268
651	2847
653	3116
1742	2835
253	2053
1679	3770
2310	4018
706	2706
593	3907
2957	4538
907	3081
854	3204
533	4406
497	1679
2078	4252
3294	3699
1654	1679
686	1113
1679	4352
89	552
115	1983
241	5128
3995	4399
2581	4775
1640	2616
1429	4201
148	2170
53	1678
2709	3008
1492	3323
1215	3984
4028	4780
1679	4384
2308	3663
413	5115
711	4086
1527	2439
329	413
3925	4960
1964	4580
116	3824
248	1117
2922	3603
1432	3354
2156	2904
1092	3797
116	2143
1679	3348
4242	4651
885	2424
2199	4017
1180	4196
1105	1722
1270	4646
384	1839
154	4509
3925	4525
3102	4336
2342	4336
2746	3176
1415	4962
3116	4037
2698	3139
4445	4770
116	245
1215	4120
448	1213
853	2193
3551	4454
3016	3307
1402	1527
1510	1748
561	1679
2398	2698
3964	4070
2102	3907
928	2616
222	3722
3261	3408
314	4455
106	2334
1740	2191
4890	5159
1679	3615
1119	2835
340	3995
89	928
116	2951
2181	2704
89	222
1679	2332
1679	3117
4070	4097
116	3179
1747	3754
816	2917
18	2070
116	2749
2170	3320
3202	3376
1412	2768
1148	2476
1215	3738
92	293
2102	2270
895	4764
1078	2342
601	3261
1527	2863
740	1108
2051	4901
2021	3573
665	4887
1883	2102
3738	4969
1386	1563
195	3941
893	1892
1966	4342
1108	2105
3451	4640
476	3907
1106	4201
123	2737
2698	4268
673	5134
2959	3204
335	3503
2144	2724
988	2238
4417	4928
638	2755
4651	5113
116	248
3582	4876
2118	2973
1938	4872
3272	3352
3853	3907
67	4861
1375	4653
1030	3747
116	206
2823	4775
4129	4775
1722	2775
208	2698
1741	2207
2106	4775
314	1063
942	1954
3863	4201
5040	5128
2653	3722
162	652
226	1303
1460	3582
1481	3895
1275	1679
1728	1958
252	2094
556	4268
589	1808
116	127
2142	4943
1181	4308
1430	3678
2342	2887
1037	1679
1324	2894
652	925
652	2695
483	3284
342	4861
629	3299
431	2207
117	5137
2585	3116
2433	2858
1679	1928
2964	3853
87	1679
116	4194
3757	4674
4799	4962
1980	2342
2775	4827
1679	4392
297	1679
1635	5120
2874	4036
3114	5062
510	893
2989	3665
822	1742
2530	3866
420	3665
2512	3488
1679	3930
241	5043
2894	4962
153	4232
2013	2884
130	1679
378	2884
1288	3102
339	1701
3864	4696
3100	4306
937	1679
123	4943
2698	3352
3757	4274
1679	2959
255	1496
154	1654
116	3374
961	3493
74	1844
2334	4658
160	723
247	2021
2492	3166
89	1250
601	935
1098	3516
151	4636
2322	4028
3930	5085
2735	3582
1774	3026
3056	3853
4070	4627
2946	4943
3591	4711
1722	3114
293	652
3972	4236
556	785
116	4978
963	2487
1037	2185
4016	4080
1679	4991
1533	3840
2775	3995
2031	4670
1722	4152
3294	4059
1897	4721
160	4775
2102	4399
4890	4848
1117	921
5080	4646
3100	961
4273	2241
4689	3864
4111	618
4872	2689
4775	3649
4798	1839
4306	1463
2526	314
3717	1213
2768	1679
2973	2884
1313	673
452	116
4151	722
4329	18
4670	2013
2199	2037
3941	207
3518	314
2438	1110
4418	1117
1573	1527
1553	340
3116	1735
2438	340
4099	3428
3582	1037
2698	1000
4267	3531
2805	1679
3245	476
2438	1679
1215	389
3202	2946
1474	593
2185	921
3962	828
4931	2170
4337	3767
4728	818
3317	2459
3930	1527
449	19
3109	116
1705	1145
4779	828
1893	1747
5145	4941
4646	4151
4901	1679
2946	1338
3935	2573
4263	3636
745	92
3688	3670
4674	3056
4127	3602
359	116
1287	1058
4940	3757
5128	1805
4220	2676
4880	2877
4775	1815
3797	3552
1285	100
4070	2862
4775	4658
3198	342
3582	947
2002	1979
1215	971
1313	1147
3341	1533
2963	2170
3853	2269
3554	154
2964	116
2835	1964
4177	3826
4117	1679
2667	2262
3116	1741
1525	154
3116	2941
4525	1113
4767	3609
1679	1464
4433	971
2560	1674
3114	1093
329	181
2698	994
4928	3714
2989	879
4861	248
4764	3792
2594	329
3044	1281
5082	3488
2746	1051
3602	2763
1617	1313
1215	222
3907	1883
1679	1324
3116	1273
4525	152
1215	4
4271	731
3276	1679
4580	2208
3592	1243
4329	4282
946	664
5083	3000
2763	1679
3367	226
3724	3245
3814	1215
5154	4311
3493	1157
4770	1965
2171	1679
2118	1139
3564	226
4711	3853
4712	222
5120	4809
3317	2669
4404	333
2616	1270
4070	35
277	7
4111	2064
4780	665
4841	3038
3864	2433
2582	123
3942	2051
5038	887
3573	1454
4775	4473
4905	1806
3686	3602
4170	2625
1958	1402
1611	200
359	67
5095	1579
3907	2775
3399	1843
3757	2227
2986	2078
5008	4399
4201	1544
1679	756
3511	340
4200	604
3941	1270
4070	865
1642	1273
2511	1938
4232	1679
3174	1527
2805	0
4016	1679
3962	1168
134	89
3067	2698
3920	1667
1679	74
3717	2102
5159	238
3582	1454
1679	101
3140	2661
4780	3395
1699	1660
2716	2625
4882	4010
3153	664
4917	4070
973	266
3245	833
1742	476
3920	1726
3299	2476
3924	2852
2185	347
4271	2591
2798	867
2305	116
3116	1893
4177	3534
3116	1249
3623	116
1839	126
3413	1679
3761	1679
1527	227
4775	4525
2193	509
5120	343
4949	902
902	474
2625	1826
1858	902
4560	4017
1386	116
2264	2099
2118	833
1415	1341
4131	1182
2342	1325
2174	1454
3131	2506
2939	1474
3056	472
2438	67
4685	1402
4399	2142
3862	3428
1679	1430
3582	1108
3853	3687
2434	343
2002	1036
4048	3175
2361	1551
4525	1789
4841	7
3984	2775
4113	489
339	192
4280	1679
2342	1679
3116	208
3908	1005
2264	1844
2818	1386
4461	1883
2946	2266
3870	892
3747	127
2667	750
5034	1679
2027	928
1260	732
1299	568
2704	2037
2618	1244
4842	7
4928	354
2709	347
3842	1937
4452	116
4144	1728
5031	859
3328	1412
1679	342
4131	3944
4118	622
3272	1666
4111	593
3653	2792
4775	1754
2342	1108
4651	1398
1139	339
2003	1728
4290	116
5028	1338
4236	1461
3254	1666
1553	510
3770	1640
2040	1741
1993	448
3696	3511
1812	116
3376	1679
4182	3905
2584	1215
2013	1633
4759	1215
3402	349
3451	3446
4480	3056
4047	306
3220	1679
3602	1386
1215	639
3299	2311
5128	444
3312	1585
2755	36
2146	1679
116	78
4798	1641
3116	1108
4759	116
2172	100
3948	390
4480	3770
1701	1679
2985	349
3825	1460
3829	1113
5022	314
3116	2099
2698	653
4070	643
3516	414
4712	3591
2353	958
3016	942
4022	2166
3573	1999
4809	2307
1798	1063
4461	4052
2013	89
1527	364
3245	2269
1430	472
2753	200
1847	1127
5138	1270
4070	672
1999	7
4872	2142
4107	3536
4765	2698
3830	1679
3179	2118
3116	1505
5085	4841
4070	3902
4103	1253
2374	1527
3245	2653
3245	387
3153	2379
2934	1430
4775	574
2270	1286
3116	2842
1163	651
2470	443
3582	3202
4962	944
3175	492
2718	1903
3735	2613
5091	3574
1983	1260
3866	36
1108	65
5095	2126
3552	1620
3511	2909
4646	3116
3842	1281
4861	4481
2884	2743
3116	1722
2394	1679
4728	3687
2835	2170
4084	1679
4070	874
5096	3116
4725	3488
4580	2818
3116	861
4775	1057
3026	723
4417	622
5096	1652
4365	3116
3352	2280
2894	1694
4950	333
4770	2220
4381	1839
4381	224
3942	420
4271	1058
4775	2302
4765	3116
4325	4045
5146	748
5022	92
2090	1679
4730	983
1621	1527
2723	1679
3116	538
2964	2389
3399	1215
2934	707
489	7
4685	67
3103	504
4406	116
1642	476
5095	4113
4882	965
4882	3557
4361	2883
3450	1625
3116	374
593	89
4775	1416
1679	683
2254	2245
722	678
3840	443
3237	451
4481	116
1579	1068
3722	1037
3139	1626
1917	1679
1277	349
3722	315
4512	3551
2613	1365
942	222
4070	3409
3924	3382
1521	313
4097	116
3623	1421
3951	1725
1937	116
2465	2118
4304	1679
2585	116
4780	2904
3016	2338
2347	1573
2463	1679
4011	728
4503	2438
4526	961
3555	2438
3957	3294
926	686
2747	808
1113	672
4554	3686
4464	4047
4962	4525
4872	1481
2185	971
1527	867
4070	4066
2476	315
5120	944
2986	517
3763	881
4674	3475
4059	3444
4962	2823
4525	1958
5154	816
3827	2893
4119	1483
3735	1028
1682	1679
3474	1701
2698	226
3451	2040
1563	1543
4812	865
3236	116
3493	2703
3509	226
3402	116
3116	1979
1461	116
5138	4821
2269	1287
3951	450
3211	67
3208	313
4226	314
1883	589
5082	2147
4564	1679
2118	2021
4651	2438
3843	176
3623	176
3511	1640
4274	476
2779	116
4775	2738
1991	643
574	556
3902	1527
4642	3284
1840	1679
509	343
4070	1273
2191	1712
351	89
3603	2293
3056	488
3696	3573
4930	3870
4271	1270
4525	978
4386	3361
5080	694
2347	1119
2259	652
3026	2361
3652	2334
5008	3582
5038	2862
1679	1618
4116	1503
2909	2065
3714	2698
1058	483
4580	2311
2102	867
3266	413
4399	1883
4767	652
116	81
4197	1527
2764	1527
4245	2071
4872	3939
2616	638
4962	2470
1679	496
3842	1181
1505	570
1039	349
4480	299
1215	1108
2951	2353
3853	3299
4124	1215
3450	1765
3974	1527
1113	379
4962	2193
4981	4584
898	443
3322	1679
2625	2322
1980	302
3413	2909
5090	421
4336	2871
4860	1703
3687	3056
2989	343
3944	7
1640	1553
3116	2281
4861	944
4095	116
4086	2438
4962	925
4985	1839
4928	4636
1774	116
349	265
5146	1806
4620	1679
2940	1806
4841	4248
2108	2003
3114	2940
4766	4113
2308	431
482	116
4366	3396
1108	928
2013	1117
4047	2410
4152	788
3609	116
3075	1626
3729	1984
3582	1933
1128	1056
3198	1684
1991	1505
1291	898
340	111
4068	92
3770	2755
1679	266
4775	2931
5149	3488
3322	2521
3853	489
5120	222
5008	4273
4362	2185
3653	101
4001	387
4271	3591
4620	2476
3116	2951
3991	2438
2506	1958
3536	343
3591	2334
2625	1666
4137	2145
3888	2591
4603	2591
4137	3957
1386	316
4386	7
2170	589
4306	343
2591	2438
3056	1180
3299	343
4872	1747
2924	1958
4756	1833
4689	3261
3554	2698
3444	2118
2957	1267
3564	1331
2967	2724
4280	1111
3689	2053
4399	2939
4170	3456
2871	961
2498	1679
3942	1128
1646	100
3866	3202
2573	116
4200	1865
2634	556
1958	79
3370	314
1679	650
4276	1167
1286	36
4036	2270
622	321
4710	958
3294	1627
4515	2170
853	483
4640	854
2065	100
3322	1563
5021	3275
3860	1966
1726	1375
2940	1331
1679	1347
4509	2924
5059	3116
4018	3878
4271	3352
3575	1893
3255	602
4775	692
3519	1334
3284	343
851	89
3261	2241
2653	1034
3074	1991
3827	2171
4962	3402
3939	1474
3294	662
4712	2526
4383	1058
3352	2476
4933	2011
3855	3528
761	509
3747	1334
2640	584
1430	1036
4775	674
1527	443
1679	1265
2526	589
3850	1527
2735	164
5031	1527
1679	803
4343	1679
2775	339
3228	1533
2820	1880
2986	1930
3116	288
3493	735
3582	788
2133	2099
3984	2835
3204	1362
3659	1679
4219	988
2476	961
1331	601
2835	509
3920	1238
3122	670
1626	1540
3731	2438
2647	1679
4268	509
4775	1544
1726	1543
4480	1215
4517	92
1930	1430
2951	14
2835	1110
1068	928
1679	824
4176	313
3202	713
3839	1586
2346	2118
3026	2573
2888	1405
4306	1933
1041	342
3564	2940
3948	3116
2181	354
3428	831
4712	1679
4220	4152
4120	347
4859	3797
5110	2625
4000	3116
2814	1679
1701	1180
1679	1311
3555	1679
1679	589
1747	548
2798	1883
1679	1098
3486	1679
1505	926
3792	1210
4544	971
4905	3061
2083	1532
2090	313
2403	516
1883	1430
3046	1585
3284	1983
222	67
3582	2939
859	36
3582	2626
5138	2987
3573	2550
4860	1659
2476	1674
510	339
4224	3691
5008	3352
3687	2027
3605	314
4525	865
1839	1679
2698	1569
3153	513
4962	72
3319	3116
2011	1454
4110	93
3845	2047
4950	1741
4366	2179
4506	815
4418	1248
4452	3147
1742	1248
3330	3006
3116	2884
4480	4271
1413	314
4554	3569
2051	1980
3855	3466
1532	610
2495	1654
3722	3639
3907	1701
3866	142
3975	556
1679	583
4329	329
1533	1119
2438	944
5160	1679
1679	1065
3544	1582
3602	3117
1582	354
2894	177
2438	1970
4017	2731
371	116
3757	2653
4962	2207
3116	2712
1113	129
1527	710
2746	1030
3907	3145
3116	1586
4978	4789
3067	89
4525	4340
1933	893
5153	788
2650	513
618	387
2170	288
1527	313
3615	3116
4923	788
1611	1527
5085	2118
4874	4729
1268	492
1108	4
2650	1679
2765	130
4729	1573
4798	4554
4480	3202
2835	1503
3739	2049
4761	2747
5108	2755
1789	342
2904	116
4336	71
5138	4658
2751	1679
4306	3704
4480	1180
1527	833
2698	1695
3090	116
3717	485
3382	1402
1990	92
3026	2835
2170	1666
4113	867
4603	1230
3876	1679
3211	3151
4775	2951
2591	2036
1750	1740
3920	837
4596	3100
2003	1746
3428	2319
3061	1108
1750	1679
3811	1679
3654	2704
1929	1281
4816	1679
2118	1504
5122	5089
892	67
5062	865
1679	1525
2526	89
3692	1460
4538	2057
4861	1215
1588	460
2706	1461
4480	4325
2798	192
3924	2379
4495	3591
2506	1527
4571	928
4525	1505
2455	1679
3826	1527
4696	1679
4674	4623
3116	944
2556	1679
4775	4232
4562	3116
1351	28
2166	1113
2199	1334
3907	1474
3730	2118
2704	174
3272	1113
4689	4273
1617	1573
2835	961
3957	550
4509	1454
1525	1108
1215	701
4674	2209
3413	1938
2774	2438
2722	1747
5146	3754
2319	887
1527	1430
2322	823
1380	67
2185	1117
1679	1157
4525	492
3582	2177
2049	170
4565	4435
3881	3116
1415	1340
3328	1527
1679	1403
4442	1215
1108	618
4059	892
4962	2286
4777	568
4161	2705
4841	1679
5080	3930
2818	1979
1966	309
4775	1113
4761	2051
387	192
1984	521
4325	1553
3067	552
4306	130
4943	3582
4525	3984
3175	1527
971	875
4962	2707
1180	1139
3957	3395
4482	1679
4131	1341
2798	2102
4962	4236
2747	812
4430	2934
3984	2547
2617	1582
2210	651
1527	713
3745	1679
187	174
4175	3317
4301	1659
5012	1679
4923	4045
1912	1486
2746	2438
2560	942
3116	1695
2438	1895
3284	3202
1918	394
4761	4200
4986	4111
4189	1726
1405	1156
5090	3048
5095	116
1440	187
3207	1786
4978	4000
5128	472
4651	26
4525	3202
3190	1527
2014	1585
2037	224
1492	1255
3564	2334
2690	1679
4190	3552
4070	3601
4011	1270
4739	2118
1381	652
3385	1487
5078	3261
2118	1584
2053	1747
4082	2193
4577	1690
983	692
1157	100
3116	1890
3829	3284
1527	1180
2169	1679
1679	16
4271	833
1912	1726
4523	1504
3907	710
2956	1679
2704	1494
1850	1147
4051	1741
4809	2064
1078	812
5128	1625
4271	2530
4068	1679
2306	571
4775	326
4580	3739
4670	187
3245	2521
4028	3116
3179	2361
2755	1215
4313	894
4767	3493
4269	2724
4928	1540
4249	3653
4480	1866
2227	942
3962	187
3116	2324
4651	116
3760	2031
2334	129
2735	391
4325	638
965	314
4962	2682
2138	74
2924	2438
3752	1108
3327	1679
4170	2862
2434	862
5071	4070
1910	1679
3258	1113
3323	309
1679	1096
2738	652
4670	2888
2814	116
1983	1309
1598	1041
3116	811
822	89
3213	2262
1863	1679
5071	2835
3352	3210
3739	2108
4712	2438
4325	1180
3967	1679
4689	150
3939	2798
3007	1215
3551	942
3276	2115
3118	667
1237	116
3084	187
2118	892
2241	1454
2890	116
5069	460
3382	3116
2584	1679
5085	3574
5095	444
4739	1215
4509	7
4635	881
2573	574
1553	403
2585	865
3831	3116
2931	2704
2352	1679
2361	1113
2051	420
5130	823
585	116
3724	3322
4525	2118
472	89
5146	3905
4261	1626
460	116
1217	116
4962	2046
3261	1182
4059	343
1645	123
1085	953
4450	2438
4729	728
3116	2924
5078	3237
3081	3016
3486	1573
3842	3044
1703	1483
4923	2616
3972	1679
4461	1453
3582	1733
489	271
4656	2037
926	345
3981	624
2170	842
4551	2051
3493	2526
3116	265
3116	3047
1679	1273
4336	130
4620	961
1285	499
2948	1527
2327	116
3739	3623
3702	116
3843	1679
5062	2798
5145	4962
1255	1088
3208	2762
2476	2404
2775	1640
611	488
3602	2002
4978	2053
4502	4487
3975	3413
3674	1036
4022	2951
3907	1640
1725	22
3330	1679
4685	570
1679	80
5062	3116
4308	348
3528	2934
2364	268
3953	1030
2550	1679
2021	1463
3825	2254
2698	1881
1741	872
4775	488
2075	1527
2487	686
3486	116
2776	116
2794	1897
3467	867
4962	733
3939	1670
4949	2550
2497	1215
5120	489
2818	2347
1891	129
2171	953
1540	116
3116	2973
3131	1975
3086	2099
4580	1573
4208	1679
4882	3843
602	142
2625	349
1679	1215
1521	537
4841	4120
4220	3226
2993	413
4461	3323
2934	2235
3792	2722
4311	3007
3623	159
4908	14
4923	2946
3754	971
3770	3582
3114	833
2078	393
3747	195
455	416
2385	1839
2118	123
2075	1533
3116	1745
2934	1106
4848	3307
2347	1527
2584	116
1929	22
3575	1204
4564	3116
1492	1248
4107	927
4022	2353
4435	651
965	652
3564	3261
3767	3231
5085	1313
4417	1910
3376	833
1215	973
3116	241
3067	116
3317	2618
5154	4603
3511	1527
1778	1679
4113	444
2755	833
2726	116
4533	1679
2124	761
4070	491
4196	788
3653	1839
3938	2170
2011	601
3670	2532
3814	3791
2753	1679
987	971
5080	2014
5134	1324
4271	492
4289	1679
271	116
811	224
2259	2106
2385	1641
4775	1007
2993	875
2560	2204
4962	1215
1527	329
3894	3116
4748	2199
2582	2230
3930	1573
4113	3816
116	43
5126	1564
3573	339
4172	1679
4095	2534
4002	1836
4103	253
1527	1325
2003	509
1378	116
5134	393
2342	2327
3919	3328
2027	1037
4739	192
1334	1215
4940	833
3135	116
3375	2511
1327	1215
159	100
3433	1113
4775	318
314	92
2653	2245
4271	1946
5128	67
1334	314
942	22
4111	3701
1503	118
1679	215
4437	116
5085	1533
3250	1430
1679	879
2706	255
5006	2893
2090	2040
1329	92
5120	3299
4962	1679
4163	2191
4859	2227
1679	841
1865	302
4509	2496
4242	1679
3863	2591
1741	1679
3382	2170
2210	1527
3554	2379
3116	2543
4817	4045
5146	1331
4496	1011
5126	3739
3382	1309
2820	1281
2423	421
4179	3259
4803	1679
4144	2704
5008	4981
2170	295
4848	2027
2100	2013
4827	89
3554	664
3213	345
3687	1074
4798	1623
4962	2109
3175	2438
3532	885
4163	1740
1614	1036
3678	1527
2835	477
3236	2394
4288	349
4001	2653
4399	3056
4201	748
3598	0
2774	89
2770	93
3289	89
2698	2374
3385	279
4308	3063
1728	7
4544	2170
5043	5040
4548	1679
3261	748
2342	1626
4775	4353
4978	885
5095	1674
4706	845
3717	1180
4480	2755
4910	1984
3451	2704
4252	1679
3272	1191
4201	96
4525	1430
3843	1108
4113	3026
1132	255
5107	4495
4689	3114
3920	3840
3615	1625
1626	542
4580	925
3843	1527
3237	748
3569	3116
3951	1028
942	7
3847	89
1674	314
2118	639
4432	2438
3528	1679
4775	4242
1883	1742
5071	4775
4217	3116
4908	958
2755	1866
1527	1097
1946	1728
5065	1213
4882	3323
3940	116
343	65
4533	1684
1765	89
2496	643
4880	3754
1953	343
3446	1167
4005	3231
4217	1679
2946	1553
2334	1461
1093	748
4649	2556
1426	1143
944	22
3944	3603
2404	1674
2800	1679
3852	2740
4928	2709
4537	2492
4399	1588
3160	2828
5008	4651
4336	2766
4546	1215
3536	1215
4689	226
4541	116
3914	826
2270	593
1313	931
3719	3261
4252	601
1042	455
2939	2142
2459	1343
4399	1108
3131	1679
2661	1544
928	601
4134	176
1679	1360
4872	574
3840	556
2835	673
1679	1192
3317	1527
1679	869
3568	195
5033	4271
4789	1728
3008	2395
3211	1679
4399	1701
3752	928
4525	1454
1983	46
1042	865
2280	116
4301	413
1488	1150
4502	3908
4785	3262
2476	902
5128	4876
1041	550
3272	2805
4306	2616
4674	2203
1221	413
1426	1113
3840	3797
3446	333
4775	2013
4951	1679
1889	1679
5031	2775
1331	1143
4978	3395
2170	1569
3116	1180
1106	349
1742	922
3202	2319
3984	2319
2796	1861
4951	3536
3866	928
4941	2040
2684	946
1979	713
5113	1670
3717	1640
2628	1553
5120	3237
4978	4848
4236	3237
5008	3687
2310	1679
1453	921
3395	151
4969	2585
3592	1844
1725	460
3103	313
2689	1270
1679	1474
5083	654
2329	7
5043	3141
3766	2774
2027	187
2170	146
556	72
928	571
5108	1058
4962	4408
1936	1078
5062	154
4525	2210
4861	1703
1679	1167
4110	255
2946	2755
2438	460
4928	1429
4271	2580
4630	2051
3445	1984
3907	472
1527	129
3908	116
1679	1488
1527	229
4035	116
2585	1093
1912	326
172	116
2725	1726
3747	1472
4775	4347
4177	1586
2142	299
2208	1679
1430	1327
2946	1701
5120	673
1627	1051
4789	1215
1993	106
4895	1774
1901	1679
4880	2940
2955	622
5008	1430
3944	1746
3518	928
2685	116
3114	1182
815	151
4718	1679
5120	4035
4111	339
5070	116
4144	2335
942	483
3361	1504
2924	1215
1635	116
4861	4603
2685	1113
2625	448
2848	1679
3382	115
3603	1863
2341	1309
1679	1202
3513	1679
4923	1640
1679	1088
3056	2266
2535	2341
1844	581
2924	2241
2327	1101
4880	4236
3757	7
1098	803
5146	116
5120	3905
4882	4170
2266	89
2835	2011
3977	513
2946	2078
4775	1728
4705	3116
4242	313
2704	1533
4346	1187
4962	1991
833	111
347	200
5120	65
2410	1215
4525	1338
343	339
2755	340
2331	116
1527	1343
5079	4943
750	449
1566	1527
5091	1883
3797	2625
3261	2877
4861	1953
4646	2835
846	116
3466	1504
2547	1108
3536	2669
4175	22
4928	309
3941	7
3905	3237
3709	1722
2934	2310
4775	3872
3536	618
3939	2939
3944	452
4070	2690
3258	610
4271	479
3002	1192
3920	2732
1891	1732
2835	1747
4461	2726
1253	513
2735	2051
1215	483
2766	1627
1654	192
3056	3006
4271	1617
3614	2948
2946	340
3536	593
1679	1058
2065	1501
3450	3116
1984	347
2210	1503
2792	2739
5063	2108
4163	1752
2170	1498
2589	1726
4406	159
4113	728
1331	1182
3361	732
3012	92
4114	2858
4882	3350
4603	2917
279	116
1533	694
4474	1113
3175	2948
3352	1679
4922	1679
4876	4475
3586	2027
2166	174
3116	2534
1527	1512
4525	2329
2934	2066
3328	1106
5062	923
2099	2037
3636	313
4480	2946
3839	3103
5041	4962
4717	3116
4538	4113
5159	313
3026	2994
3292	7
1912	1585
229	152
1527	1113
5120	4696
3328	1512
3237	2940
4238	2698
2763	1503
2284	1679
3557	2522
2261	1215
4571	1679
4293	3962
3935	2334
3044	1937
4670	3280
4523	1181
2965	2099
4201	4131
3962	2027
3582	2755
4940	387
4336	89
3116	2109
2798	859
5149	2704
5034	4113
4216	1679
3582	1286
2290	585
4002	174
3757	476
5146	4880
3428	1243
2438	2245
3877	1679
2306	1108
1679	965
4670	2071
3220	2438
3687	589
3488	174
4905	1108
4426	116
2934	2666
1598	550
960	10
4656	116
1736	116
3930	2347
133	116
3086	2181
2335	2311
3511	2616
2170	1626
4944	4656
833	510
2741	1679
4962	3555
3582	2795
3582	3503
1527	1351
4789	1679
1912	1429
4776	89
4809	4789
4301	1067
4137	1041
3724	476
4386	294
4274	618
2321	1836
2294	1213
3294	2035
3175	2230
2078	1430
3114	226
4164	1940
4496	4113
3582	314
5101	4962
3760	3228
4271	1510
4271	1923
1679	923
4499	116
3423	1679
2963	1726
1679	159
3754	3237
2735	808
4273	3056
2342	1128
4639	2105
4070	761
4045	1883
4273	1461
1211	116
1563	662
1113	229
2704	1074
4151	1030
3995	3770
4286	192
3493	28
4268	2170
4955	1752
4306	287
4293	116
4461	3204
3803	1674
1679	421
4544	448
3754	2940
2204	942
2698	1745
622	52
1883	26
4949	343
4978	1267
2755	1679
5095	2625
3724	387
5128	4271
3116	1983
1180	788
1858	116
3116	2514
4467	2904
4070	1933
438	116
4962	2653
3598	1104
3995	1553
1722	339
3941	639
3116	1107
1679	32
4097	391
3536	1454
1679	1011
1679	1206
1331	1215
4461	2438
2739	2230
3032	2420
2133	489
2899	1679
4954	3730
4509	1654
4525	2835
3682	116
2746	570
1695	1617
3803	116
1652	1113
1493	513
2823	18
4861	2198
2818	2118
2982	501
3116	1582
3582	3352
4170	314
4882	2193
5040	3586
4775	1364
3731	585
4199	3116
2118	1428
4734	2230
2013	921
3552	3094
2057	1679
4273	2102
3490	314
4236	2692
4035	3067
3995	2102
2492	1897
3968	3574
1215	248
2775	2755
4941	3116
4816	1104
4282	2470
2142	1202
3046	1679
1598	393
4940	2775
2839	940
4646	1912
4603	1679
3299	1747
3330	1742
3602	1527
154	116
4941	4525
4780	1679
451	449
3974	404
4306	1679
3198	1598
3116	2102
3237	1093
3114	3061
4646	4525
4651	3067
1679	952
2993	1215
2053	1398
1020	354
1679	31
3307	92
3116	1365
2980	1679
2582	2556
4768	2625
2495	1525
5008	593
1260	192
4467	1684
3413	732
1740	1333
4550	116
316	116
1454	116
1113	170
4962	4317
2677	314
2852	2374
2718	1092
4580	509
4775	740
5154	2027
3493	3299
3061	748
4386	3340
2570	1332
4480	510
3724	1720
4767	28
3995	3582
1617	314
4623	896
248	187
4940	2170
2613	293
1679	1057
4544	100
4962	133
2266	1527
1527	130
1679	1454
3582	2753
5126	2956
4137	342
1701	340
4642	1679
5080	931
3069	1679
1505	1193
961	174
1725	116
3261	2253
2270	1679
2051	521
4433	1670
1625	255
1936	391
1679	639
3853	2521
3272	1646
1679	1512
4775	2170
4365	3925
1712	1146
2381	116
2755	111
4045	510
1213	574
1966	1527
3962	67
4464	314
3175	3100
2170	116
1679	343
2573	2342
4962	3352
4036	2511
3198	393
4480	3458
4657	1679
4525	2537
3289	339
3582	925
393	342
3258	1334
4944	501
4538	2818
3237	987
3754	3114
1679	485
3116	65
3486	1092
4293	2367
5021	2534
492	67
4728	2755
3369	1614
4580	3319
3151	3114
3239	1679
3905	3367
2835	2763
2884	942
2270	1202
2547	2334
4705	1113
4130	2934
1979	1215
3035	1679
1496	823
2049	92
4538	713
1747	1453
390	92
1679	907
1895	1679
1115	7
2170	1532
3704	1679
3116	200
4152	460
4237	1679
2118	961
2889	2261
2755	2530
1812	1679
4962	3488
3116	2264
4325	1527
1412	100
4646	1119
1119	1068
2145	1598
4728	1979
1527	1035
2661	42
4727	3573
2661	89
2423	2175
3254	501
3717	2946
4059	1861
3829	1726
3116	2181
1940	116
2985	570
4045	2795
4366	1747
4271	3202
1847	93
808	159
4923	1553
5099	313
1488	483
1248	1117
4201	1398
4386	1679
4152	1127
4674	3006
2051	1936
4728	3357
3357	833
4908	2951
4882	483
2852	2495
2904	1958
1461	32
3513	673
4271	611
652	485
4271	3474
3582	309
2002	343
2985	92
5062	1454
3603	1504
1108	489
2835	1453
2118	865
4273	2835
4941	3361
4219	3294
4545	1460
4521	116
3770	2628
3116	1187
604	164
4544	570
4770	4130
4861	4759
5062	629
4735	3568
4144	2434
5003	116
1667	1113
4775	3225
1732	291
2040	1136
4880	3061
5138	3160
3855	1057
4085	333
3829	2435
3939	1430
2835	2379
1936	716
3570	116
1461	533
4988	1911
387	339
3413	451
5126	2835
5146	2174
1527	525
5122	5063
4445	3352
4603	1324
1833	43
1670	299
4962	286
3528	349
2040	1253
4640	3116
1975	247
2726	1036
3582	2353
291	226
1979	1775
1679	1165
345	28
4776	2342
2625	404
2986	1430
3924	792
2970	1679
2704	2180
3376	1895
4165	3160
3493	1113
3582	971
5120	2230
4882	2725
3552	3375
5122	264
3167	3116
1746	1527
4960	2395
5069	4533
3877	3282
4271	2798
5146	1182
2317	1527
4197	3866
4789	2547
1007	988
3382	946
3864	343
4509	2763
3839	2040
2951	671
1532	1460
1800	1127
4962	3992
2726	1930
4342	2057
3814	314
2199	2080
3323	1679
2053	159
2883	902
4129	1426
5089	3245
5101	74
2704	245
1679	415
3488	1897
2027	1679
2698	1211
1453	159
5080	1215
3592	2102
2165	1679
4660	4349
4473	2118
3116	1453
1679	958
3067	1108
4775	3250
1679	839
3051	2970
2818	1168
3602	2799
3237	1906
4480	111
2889	1966
2398	116
2230	1975
5120	4728
3376	340
2078	893
4271	3738
2989	1128
4503	2057
2889	1679
3198	1127
4001	3724
1324	309
4905	1462
3284	2172
2102	1202
3786	2199
4198	1740
4949	2835
4798	126
4144	374
4685	2985
2546	1187
1952	1165
2661	238
3131	2254
2547	2064
4525	255
2768	159
2142	1474
4432	2940
3532	116
4843	1722
5062	2172
2625	142
2698	2585
3026	1579
4442	1666
4700	3262
1866	1701
1836	496
2799	1503
1674	1579
4204	3575
3950	247
4308	1657
902	330
3328	683
1679	208
1679	1467
4962	1641
4499	3451
2653	387
2465	1527
3399	761
4895	1679
1215	896
4931	3760
4406	2145
3831	1679
1679	973
4585	314
3752	2099
4336	3586
3586	1742
3116	2777
3919	2955
2309	116
2118	2002
3317	2934
3350	2166
443	195
4943	3907
4129	2410
4594	4113
1215	570
673	550
3586	1893
3995	1640
4908	4293
3461	1679
1193	944
4480	3582
3696	3536
5103	7
4928	4521
3428	2307
4827	3995
4928	3072
1800	898
4809	247
3941	2755
2506	2011
2306	89
1725	704
2770	7
3511	3376
4981	116
3245	1058
4130	1679
2379	1145
1679	235
349	314
1679	1504
4772	1679
4113	893
3198	309
2669	2310
2166	144
4603	1800
3012	2199
4939	4585
652	72
2233	1679
4137	1684
3974	1750
1168	187
4339	314
3159	585
4662	2404
2871	89
1642	1527
2203	1288
1487	226
3972	1581
3951	3754
1679	256
3532	2723
3413	2640
2434	1455
4271	2628
5145	2374
958	116
2342	812
4986	1058
130	92
2269	1068
5120	1028
2075	1573
3011	2376
1764	1113
1679	257
4110	973
5079	2909
3607	942
4978	1888
3446	2090
4620	942
3284	2002
4580	2170
3289	476
1527	1505
2835	1584
2967	2530
1746	910
5085	2347
4861	2145
4759	517
1679	1182
4325	4271
1679	971
3299	288
898	22
2946	510
4002	2547
1818	1273
3450	673
4189	3328
2099	1844
4201	3739
4539	1626
3047	2625
3131	151
2746	907
2053	1063
5080	828
3829	226
1679	1627
2203	1108
3939	3866
1367	542
3582	2269
4905	1454
3832	1679
3116	3095
2835	944
4163	3116
1510	1215
4761	164
3007	2917
1598	921
2747	1865
3972	1760
2936	2166
2842	2684
3261	1461
1747	67
1752	349
4525	3433
4789	2931
3839	1268
1150	925
1906	748
5041	4267
4271	3870
2307	1679
5107	2835
4637	1215
1267	67
4653	2863
4137	3198
2290	142
5108	2125
3639	2027
3361	3116
3463	0
2557	1741
1965	1136
1461	150
2495	65
2695	159
3735	192
1093	488
4976	1117
4580	3701
2438	2394
5062	2051
4882	288
662	314
4122	1679
4022	3757
3726	902
3829	2002
1679	371
4775	215
1068	67
4384	1527
3939	593
1892	953
1742	1679
1553	1180
3847	3568
2682	1752
1938	1726
2230	13
4492	2156
2530	1527
4976	4418
4674	1147
4770	584
4290	3927
4717	2534
4311	4134
4347	4095
3116	2389
4045	2177
2199	2166
5071	3116
2170	1983
3114	638
3451	854
4267	116
3067	928
4525	1001
2487	123
3962	1840
1485	1440
4245	174
3536	2438
4775	3357
4083	550
4271	111
1679	1092
4022	187
5003	3687
3272	1752
4308	1750
2185	2013
3841	2118
1243	750
4144	926
4840	2438
2118	207
4417	1007
2526	2027
4789	159
1398	100
3927	1362
4961	1679
421	116
2698	2534
3536	1614
3071	2521
1288	187
4399	638
3404	3116
3116	51
4480	3939
723	339
4775	4111
4308	1917
4960	116
4151	2746
2511	2259
4086	881
4489	2021
3663	1679
3338	2108
963	652
4950	2661
3488	2858
2199	1889
4809	1679
4981	2118
3980	1108
2956	2929
4560	3754
3385	2334
4268	349
3689	1679
3284	2973
3968	16
4271	3536
1679	1218
1187	381
4950	449
4640	2835
3536	3116
2704	2182
3202	2118
510	111
4113	3582
5041	2674
2560	1679
3974	2191
4459	3361
3930	2075
4238	1666
3114	2799
3175	345
3930	326
5091	3939
3493	3102
4861	309
2439	1573
1844	449
4872	683
4623	3853
4554	2528
1414	1113
2704	861
3582	1883
3609	28
4848	3328
4571	116
3603	732
4271	542
3511	893
2940	704
4696	3905
4962	1850
4962	817
5028	3668
4293	1679
2053	96
2554	1836
4178	1527
3825	2295
4271	2002
4139	1108
2410	1679
5122	3786
3236	701
4775	2311
3745	3116
5042	1309
2682	74
1701	111
3668	1527
4325	1588
4070	785
3115	2698
2177	207
3026	448
4962	4288
1588	723
2818	1503
2227	476
978	116
2496	1525
1527	255
5080	2075
3860	1248
3284	3117
2573	1108
1747	89
3674	2071
2835	2438
4264	2118
1745	891
3117	2884
2835	2650
1774	252
413	194
4110	448
1633	116
4803	116
3095	2410
4487	3767
4476	2521
4083	3860
3116	2715
4196	3770
4882	761
4011	268
4962	2909
2347	2290
3534	1345
468	98
2319	1679
1505	1113
4293	89
1953	1613
1741	1108
2753	343
1983	1454
3920	2835
4113	2343
3724	2521
430	116
4533	4113
4696	601
3191	2798
3754	2877
2448	314
926	92
4858	3382
887	391
4841	1215
4473	3907
3853	3518
5035	1248
3696	3116
4268	865
3924	1527
3048	116
3674	2027
4584	2547
5091	4201
3114	1528
3382	1527
4775	4130
1215	250
1510	973
3974	1504
2625	1063
1966	100
612	116
4160	1325
4525	3382
2724	314
3511	1679
3387	1527
3757	28
3582	875
4290	1499
965	293
2027	1946
2948	2743
1455	861
4473	4035
4768	7
4336	2064
4151	2342
851	7
4689	4253
4110	159
2366	1585
4908	2013
1679	1187
3458	3116
3258	2506
5145	1527
3575	293
2014	1527
1633	248
2545	1679
4943	1866
4070	3446
4130	3259
3116	670
2319	1108
3294	2887
3275	194
2051	879
4274	3853
2948	2818
1839	1641
4761	2735
5062	4353
2078	1701
3754	443
2738	1215
1667	1505
2983	956
2513	1679
4798	116
1866	893
162	67
550	481
3405	1840
4271	22
2438	2027
2582	2106
3962	1747
2852	2496
4165	162
5115	1527
4115	1679
4201	1984
3272	2989
4271	2948
460	443
3649	3568
1113	416
4047	1085
5128	3853
3116	2321
2099	1243
4962	4650
4759	921
2792	2047
3413	2835
4858	3116
4170	2166
1679	112
4509	1068
4113	1215
2166	72
3102	1679
963	7
3586	971
4198	2361
1983	622
3132	2033
3114	2755
3853	1453
3367	343
4646	2118
1882	155
3870	2118
2986	43
4448	548
4764	1892
1156	100
3486	694
5113	3747
2835	2347
1679	1303
2557	2166
4119	1505
4402	1726
3962	3616
1504	394
4962	1839
3153	750
2118	129
3116	42
2775	638
3237	2692
3116	1946
4962	1666
3385	1454
2591	130
5062	2245
4059	92
2584	1953
2952	664
3404	928
1679	928
2229	321
4496	3925
4381	1641
4455	1215
4962	2794
4943	2172
3272	2922
3376	510
4882	65
3442	330
3202	1866
2661	1212
3434	3116
3573	2011
4523	1281
3294	622
2934	1966
1679	391
1953	309
3116	550
3474	2798
1679	1270
1674	349
1679	685
3853	2438
2676	898
732	381
2616	111
2412	133
3122	1415
3259	102
5078	3114
1642	359
3974	706
1679	187
1609	1527
4651	72
1617	694
4461	3586
1679	1147
3825	2800
4252	2573
3262	1679
3974	1333
1527	788
3111	1186
2245	983
1983	238
4986	2653
3116	610
452	366
3739	3045
2971	2308
4960	1933
4097	2625
4882	1367
1532	1527
5120	3573
3006	89
2625	96
1897	35
4538	3116
4646	1147
3722	2438
1329	865
4110	3962
2823	2118
4043	116
3503	1984
4758	732
1679	607
509	130
2934	2522
1626	299
3687	1202
4880	343
2389	2102
1030	629
2724	694
1659	187
4363	3116
2038	1679
4880	2692
3738	1527
2755	788
3284	2818
3116	1964
3442	1756
5153	3866
1679	662
2438	22
2940	2877
1626	584
4775	4066
4827	510
4670	4460
5096	1313
4976	347
2755	1701
3957	2011
2708	761
3609	1847
4962	4113
4113	387
4271	1454
1483	177
4271	1553
4962	4474
1679	416
3116	348
3084	552
2075	1147
3338	2709
4525	1139
3602	1215
3747	713
3284	3228
3843	973
3317	2021
1078	164
4399	3511
4113	89
1679	716
1213	455
4131	1275
3116	245
4070	387
2053	349
2560	1503
4962	1231
4252	898
3116	2985
1527	854
3347	1679
3116	2822
4775	4082
4775	2210
4114	1989
3116	781
4048	3688
4505	1521
314	65
2959	1933
4271	4113
4521	2698
3560	74
1085	118
2209	7
4876	867
5032	2967
4775	1473
5107	3404
2887	1929
5085	694
3026	2021
5085	238
4554	4070
3573	1108
4236	2940
3709	1883
3002	1679
634	116
4270	2341
2940	226
3582	2102
3582	3551
2204	66
4596	2573
4271	2755
3369	1215
3582	3511
3564	2692
4045	130
3754	1453
4271	2210
3250	2118
4928	1626
4560	722
4882	928
3573	3468
2834	2310
3754	3367
4962	2763
2990	1582
4841	444
1527	1428
533	116
1980	391
2507	2438
4525	673
4097	2940
4940	4274
1679	1213
861	116
1215	374
3322	1964
2465	1585
5041	1496
3493	1667
3925	1645
1866	833
4261	2698
3265	1679
4113	1192
3840	3744
2269	339
1579	314
3294	2238
1983	1527
2438	4
2099	610
4817	1527
2011	1679
1243	513
1679	691
3536	859
4217	2990
4761	1679
1667	343
3696	116
3905	3864
1428	618
1141	116
3352	1979
3710	2828
4962	2125
3116	2466
3839	421
4872	570
2530	116
2438	452
1679	305
3446	3153
3739	329
3860	1117
4271	3551
4480	4045
4196	2118
4290	2883
965	413
4872	1034
349	100
1800	343
1527	485
3722	106
4775	2922
3061	2940
1215	28
3103	3095
4890	2053
3474	1180
1527	252
3337	1136
3116	1972
5084	1036
3446	3103
4789	3395
2691	1626
3000	1679
1432	1333
1679	926
2904	1113
4214	1679
2013	1430
3409	803
3485	2724
4144	4010
3493	1654
1313	788
3369	2726
4418	3198
3116	2381
4452	2698
2940	2174
2374	1741
3444	2002
3320	1331
2852	1454
4712	3116
4003	1679
5031	960
3864	1723
2262	732
1747	134
1527	759
3369	2013
4800	4707
4980	1543
4480	339
2347	1951
3687	1430
589	48
4651	2835
2199	329
3907	2270
5060	3442
2698	1269
1617	1147
3285	3160
4406	393
4695	4580
4480	1640
4201	35
3224	1345
833	443
1215	364
4962	2540
4308	3704
3216	116
3582	885
1642	1573
4643	3338
3272	364
3116	192
901	318
2395	614
4775	713
2842	1525
1674	67
4635	4086
3265	116
4144	2108
4908	187
2765	1983
3905	2698
2514	1527
4696	3760
3116	1020
1666	116
3573	3415
4705	4017
1527	340
1679	1582
2799	1679
4131	3330
1429	7
2307	1844
4406	4137
3272	2624
3226	2361
2909	732
1573	1147
3465	1679
4525	1573
5091	3591
2964	1970
4461	2890
1679	671
5051	1679
2142	593
1679	1195
2170	253
2241	856
3924	2890
4349	266
3151	1723
2361	1775
4151	652
5146	3367
4270	31
3116	444
3787	622
2021	694
3957	3198
4028	1341
278	116
1684	393
4401	1752
2078	1180
3925	2835
2698	2580
4097	3840
2823	1679
4767	2053
1527	1119
4860	2438
2075	963
5123	116
3408	1679
3536	1893
1736	473
3513	3116
3518	3323
3423	1180
4775	4335
3995	2078
3842	394
1679	252
4118	1007
4758	983
4556	3791
4775	116
3116	2582
4120	925
3116	238
2230	728
3962	413
4775	1281
5095	4775
2361	944
2530	788
4480	1679
5042	2341
5079	3995
4694	2617
3757	3322
4962	3991
2379	643
1340	1215
3687	1474
4798	384
378	116
2885	1679
5144	2465
2310	58
4059	2157
4232	2108
4406	1531
3271	1679
2774	2395
2404	1527
1732	1213
3582	1128
3035	1690
2170	1430
2530	1454
4306	1527
2667	2466
2743	1386
3237	2241
5095	151
1679	116
4646	1679
1865	1679
2404	2204
1270	443
2894	2737
1679	846
3829	556
4928	2170
3211	2613
4086	343
4329	116
3747	1085
4320	1108
3687	1215
4954	2438
4653	1679
4177	3224
692	601
4480	833
3747	455
1701	1313
4197	3376
3322	1058
4729	326
4756	3582
3962	973
2476	634
3829	3116
1786	1679
3010	2334
3842	1504
2310	177
2118	462
3084	1288
1923	1139
4480	1474
1525	946
5062	1313
2987	501
4711	309
1243	176
3995	510
4923	593
1108	443
4908	2353
2723	865
1612	1527
2031	389
3722	2835
2661	313
4070	3399
4509	942
2470	1938
1527	117
4775	3099
5065	116
4798	2385
4399	735
2342	1641
4799	1679
1454	22
2818	2075
3294	1705
3962	673
4853	286
3193	696
2306	1679
2585	1722
4635	314
2177	89
4083	187
4649	2724
4179	102
509	116
2987	2361
3511	1866
2108	1505
5078	4880
4981	1679
3084	2203
4809	1609
4325	2142
4697	3116
2389	1679
953	893
3920	2768
3377	1667
865	792
5153	2775
3696	266
2316	1165
4383	3586
5120	2948
4509	1679
3116	559
3834	3116
2245	2002
4163	1945
1505	942
1679	7
2166	346
3114	2174
867	731
4179	1747
4981	1454
3337	1213
2166	1498
1852	451
3582	865
1741	583
4729	1313
4729	4646
3907	2939
4435	294
3975	2698
3984	313
4962	4503
1641	1623
2690	1818
1277	953
1139	638
5115	4525
4941	1741
5080	2142
5062	2435
4525	2346
1670	593
4580	1505
2308	673
3735	226
2835	1288
4517	3116
4798	2459
1679	384
4525	345
2053	288
3739	1679
4664	2051
3760	2522
2928	2118
3116	820
2102	1553
2438	2152
4525	3930
4766	1679
4695	1527
4308	329
1695	1679
5115	2118
4433	2389
4070	3814
3026	574
1588	1527
4818	833
3587	2459
5091	4107
1108	313
5079	3056
4711	1215
4775	1558
3995	833
3114	1723
2459	224
4662	2560
3116	1035
3547	1256
1113	444
701	67
3493	803
3503	116
1746	1087
2514	2118
1427	1405
2834	2731
3405	2031
2526	2438
4269	3786
3231	1975
4840	2858
1912	728
4594	7
4201	1805
1527	627
2170	1747
3771	1679
2342	302
4603	293
922	7
4560	2940
1504	978
2582	1883
3875	946
4417	633
3116	339
1487	1182
2262	116
4383	1679
4301	3210
2625	130
3560	750
3202	2270
1313	1119
2108	1983
4178	1365
2166	116
5120	2940
4170	2170
3905	3261
2796	1042
3582	1923
2108	271
3665	1679
4329	2823
4580	151
1679	111
4943	1139
5108	3289
2625	314
3696	43
1946	1454
4712	1836
2796	1505
4882	293
3754	3116
2824	116
3866	2438
170	118
3866	2142
4525	820
2584	1847
2385	732
3704	3624
3116	1325
5003	89
4461	4220
602	489
5122	4594
2334	2310
1880	162
4399	4035
2014	1912
4170	2053
1437	116
1679	295
1271	116
4461	2835
4767	552
4789	3010
3573	1846
4776	2199
1051	35
4275	116
673	343
4301	2142
4230	1679
4712	89
3552	673
2716	134
5122	1211
1430	492
4137	547
3551	1165
4271	3944
5062	2174
4882	4580
2835	1120
3962	2178
2582	421
4962	3044
4950	1243
4151	151
3984	1527
2438	1933
3672	2438
3995	2946
226	100
4399	1555
2438	116
4406	492
4985	2534
4271	460
4945	1726
2051	1078
4245	3323
4962	1057
1746	92
4635	3225
1679	684
5031	1640
4908	1215
1983	1085
5126	4201
5091	5083
4775	1336
1897	1760
3114	748
3687	2270
4163	4018
3376	2946
2476	2204
4273	3228
4887	159
1309	314
3924	57
3754	116
3995	1139
1854	1800
4119	944
4473	2775
5078	3754
3116	1746
1844	313
1028	343
5095	2496
3114	1806
2698	958
1844	381
3182	983
5031	36
3488	822
4943	2616
4923	2775
3864	3564
4789	1946
3500	116
3114	2334
4994	116
3551	1679
3116	505
2775	1180
4861	134
4005	1505
3586	1453
4383	2342
2835	14
961	942
2379	1679
4962	3317
3176	2248
1679	200
4642	1573
2014	1679
3901	1836
4515	4070
4468	2547
3714	116
3261	1487
3116	1145
4983	1679
3132	2040
4776	2438
4810	1679
2993	1667
3984	925
4580	4144
2438	1747
5122	1742
3687	2257
1679	501
5153	1932
2526	1156
2946	1866
1533	716
4036	816
5091	3920
4001	3757
4097	2142
1722	89
2716	1492
1839	901
3286	314
2078	476
4728	1270
1430	218
2893	1679
922	483
4473	618
3116	2394
4361	153
4670	93
3056	788
4271	2774
1324	452
1951	1679
4325	1866
4872	2582
3116	253
4318	1215
4766	1187
2040	504
2842	2835
5120	3175
4271	3061
4500	3116
2952	65
3582	364
4827	4399
1550	116
5145	946
4271	1202
3100	72
3866	1338
2240	67
3481	1641
4293	2253
2388	1679
3116	172
3614	842
4928	4306
1213	28
5146	4236
629	4
2361	1402
2791	1865
1527	492
5035	1627
3924	1892
2763	733
3027	229
547	452
3224	1844
3503	2989
1735	1679
3907	2177
942	891
4361	1679
1527	1313
1679	404
5032	116
4775	4003
3116	1952
3860	517
3451	2308
5053	1774
1505	960
2557	2090
4095	1329
1286	618
4070	1544
3451	116
4111	1034
4986	2755
1983	946
2939	1670
1180	833
1722	1415
3905	2433
2540	2090
959	116
1409	1215
1474	1363
4219	3552
3493	3026
4577	2321
3860	1453
2227	1058
4116	2625
4667	476
5008	3907
1611	1367
3974	1705
1989	1887
3402	3330
2363	1938
4525	2924
5042	4170
2347	694
3352	2057
3770	1553
3116	1553
2241	7
1555	111
2391	1025
2334	2166
2166	92
3289	3116
4404	348
1863	329
3544	354
4940	1679
3586	187
2002	7
4271	971
3603	1333
3395	297
4200	2438
2203	1679
4236	1105
1933	1113
2946	387
4336	4201
3299	1287
4452	4201
1291	692
4101	492
652	208
4580	1415
5156	1521
5108	833
2078	1338
1679	1626
3866	510
4271	3770
4930	3116
2625	2002
1215	447
4271	1642
2792	1521
2403	349
4877	1020
2174	1806
5128	3299
2245	942
2781	1215
1847	309
2027	673
4775	1653
4309	3116
3924	1386
1670	1430
3139	2934
3925	3295
1679	238
4775	447
4124	1527
3284	2884
3116	2170
568	0
2005	1527
3202	859
4196	111
5095	1402
5079	3582
3062	1679
971	67
3845	2617
3573	1640
2743	1215
4767	2341
5095	1145
2946	1180
4185	2170
2379	116
4940	4859
4086	3575
2798	2270
4170	1937
2834	1250
5088	2266
1865	391
4539	2934
4362	885
3323	1215
1108	7
1633	1117
5008	1202
1119	1092
1613	248
1679	624
2470	654
3509	3116
4271	3829
5078	1093
2993	2027
1679	1211
3552	1826
2698	1517
3116	2904
2871	127
3174	1679
4764	4336
4949	241
4985	2182
3832	3116
4525	3829
4544	3908
4767	4038
2011	1584
5095	1269
3797	1667
4584	1215
4201	3597
5028	1582
4185	1028
4249	732
3564	2858
671	226
1670	731
983	152
4401	1679
4538	2245
1679	462
2584	1800
2230	1789
4725	4018
4776	343
3603	2532
3709	571
2241	1331
1679	326
822	351
4872	4544
4758	1679
2726	2506
2434	1430
2940	533
3595	1679
2959	1430
4623	3056
4271	2476
651	238
1991	1641
1679	499
4962	2245
2716	2185
3202	723
1679	954
2270	1553
3139	1213
3476	1143
3399	1236
2887	692
2457	116
902	587
3382	1215
452	393
881	473
4560	1487
4480	3866
901	354
3012	1333
2594	2514
4005	2401
3047	448
2661	339
4435	2338
5107	3825
4939	1679
2438	2031
1527	152
946	7
759	116
1991	1952
4775	3953
3974	978
4473	4111
4861	368
2835	1892
3754	279
2755	222
5096	3582
2871	2835
3636	1113
4554	1641
311	72
3995	638
2078	1139
2199	92
3930	2118
1645	692
2835	983
4467	1774
4650	1679
2298	1113
3995	1120
1679	1244
1679	820
3863	2177
3446	2207
2704	1836
4725	3166
1167	513
4035	343
253	116
4174	116
3323	2145
2708	2511
1525	1085
4923	1202
3757	3056
2321	1365
4827	3866
4623	2799
2887	314
907	896
2530	226
5120	2185
1402	7
5078	3864
4503	2835
4890	3180
3354	1192
2118	1789
4120	2185
4637	4041
3190	2118
4129	1085
1679	1034
1573	585
2582	2245
268	116
3739	1505
3639	3405
4775	3911
5022	865
1679	211
2412	116
3116	2676
1723	601
627	116
4775	3003
5040	971
5128	4113
3984	3352
521	420
2835	2014
1182	226
3148	1679
4767	1058
3341	116
5008	2438
1337	299
3847	2185
1679	169
5128	443
1327	1270
2775	1866
5028	4526
4954	1527
3116	696
2027	1453
584	79
4035	1527
4642	815
3582	2319
1309	159
5120	4059
2078	1270
5042	3116
2951	633
4623	46
3739	92
4770	1367
3166	2746
2403	116
4354	1679
2993	1679
4950	436
5146	3564
5031	339
3180	51
4928	3395
1338	1286
4271	4178
4537	2507
4386	452
4882	865
3100	1722
2099	1929
3116	449
3532	865
4035	1553
4962	4931
4274	3866
820	343
5065	3911
3552	166
3334	116
4775	194
2118	247
4923	3770
3093	22
3739	1415
5053	1679
5078	856
3586	89
3724	717
3972	1504
4404	2496
1331	150
2665	74
4273	2703
4734	3116
2834	885
4384	1215
4035	2169
3116	1699
4035	2835
2038	192
2053	265
4152	4134
4435	4386
3190	3116
2835	1893
2904	584
3957	3532
4816	1055
3176	1503
2438	2404
4868	7
1036	517
359	93
1527	6
2755	713
5159	4494
4236	226
2476	347
3634	3116
5080	326
1984	444
4868	116
3552	2546
3920	3047
4236	1723
3609	1035
2270	444
4729	4070
2438	2226
3924	2272
4301	2185
1324	393
4905	2011
3395	7
4401	101
397	102
2487	2000
1679	659
3547	1215
3231	2291
4798	2181
4640	2625
4189	1333
4880	942
4859	1058
2818	1260
3116	1525
3361	1679
1654	664
2324	901
1505	1255
3202	111
4131	2512
3717	833
3114	1906
1897	1504
1533	1108
1679	899
1261	868
3623	1042
3116	1521
4949	1215
1652	116
2874	451
3153	946
5062	1215
1429	868
3116	1756
4565	4386
4070	4000
4640	627
4939	1911
1866	1640
3678	2585
3547	1051
4330	1679
2438	614
4923	1474
3704	667
4137	823
2746	127
3203	710
1983	1277
2512	2450
2241	116
4380	4070
5008	1608
2869	1679
4525	340
2118	1533
1865	808
4670	4111
5003	1679
4729	1113
962	116
4890	574
3866	2755
488	116
2863	2677
3824	3451
643	116
2690	1527
3451	627
3853	2170
2703	926
3573	1679
1840	1037
1113	271
2496	1056
4308	1191
4271	67
1836	684
3982	2931
2438	1640
4152	3863
1617	1119
3757	387
3995	1701
5095	314
3907	3116
4642	865
2329	332
3939	3145
3063	1844
2842	664
2181	224
1527	654
3924	187
2367	116
3941	1453
4580	4010
1105	704
1215	875
3991	1527
1180	340
4201	3992
4399	2755
2753	2438
4418	1633
2269	2227
4480	593
1041	547
4045	3511
4960	960
391	164
5065	953
3116	2589
3866	3687
4086	2450
3145	314
5038	4361
4685	1659
5108	3724
4950	2207
4770	4346
5150	3852
1415	1141
4070	696
2893	96
2775	443
2376	314
1341	116
1483	971
3939	3299
3202	2616
4775	4341
4011	3116
1980	1078
3866	1430
2792	2090
2438	701
3735	3322
3654	1641
2835	241
1679	1667
2438	309
3450	988
1893	342
5038	2883
4905	1679
1679	420
2852	1654
2934	1146
3888	2036
2476	1527
3258	2049
2698	2013
1505	288
1525	643
4670	731
1679	1579
1527	1147
4780	159
4962	3591
2725	2403
2755	2438
1866	1180
2613	1403
1505	1492
4685	3116
4843	1679
3602	1929
1527	489
3117	694
4700	486
5040	1747
4480	4274
3116	1481
2053	542
3361	247
4560	3237
2852	154
4962	2934
927	556
3704	1945
2070	1726
4775	2708
3939	89
4070	472
4271	3925
4070	271
1213	241
4890	2676
3939	472
1415	63
3925	1327
4070	584
2053	1933
3582	521
1977	1215
4770	3992
2834	448
3944	1679
4775	1611
4509	1120
3413	892
4962	4872
3116	785
4189	3354
2884	413
2792	983
4399	3866
3554	1525
4538	2435
4121	3116
3696	971
4859	2027
3382	2269
3582	3433
4480	2142
2990	1679
1415	176
2040	1679
2835	2053
4551	926
3394	2862
5134	4406
4632	116
3276	3116
3326	959
4827	4480
4962	4346
4219	1007
1726	116
2264	1215
2684	1654
3920	925
4196	1588
3605	116
3289	3245
1191	343
1527	740
4525	1270
4949	4525
3695	1679
4761	302
4653	1265
2735	1865
3895	1527
3116	1711
3995	3202
3413	1746
4110	359
5090	2987
2193	1042
3493	154
4191	2100
4399	2078
692	492
1993	1260
2940	2334
3116	2465
2798	833
2746	7
2157	176
1679	403
4110	1789
1527	1503
4775	3920
2835	2746
2534	1113
3399	1679
1202	299
3876	3116
4362	4201
4941	4247
3752	151
1329	1143
5085	3116
5043	517
2955	2188
2796	1679
5078	343
5085	1617
3026	971
1983	1659
2204	1215
4340	3116
3839	581
4271	1667
4860	3941
2880	2521
4689	704
3367	601
4185	448
3272	2535
4978	3116
4689	1331
3754	2209
1679	42
1007	52
4271	1325
2989	521
3116	2899
4011	2438
2450	881
3026	2626
3586	79
1910	1007
4554	1623
3249	3116
4271	2057
2185	2178
2625	2507
3754	1461
4551	879
4962	4417
247	31
1347	116
3208	430
4772	1215
4775	1362
3061	898
1752	46
4735	116
4346	3116
5090	74
570	92
3536	1953
313	7
3179	1979
3829	2118
3433	1386
2496	1145
1999	1430
4525	2582
5035	4452
4775	306
4340	413
2385	1623
2118	1327
3573	460
3962	865
2814	1656
3924	1654
4189	1903
1839	1203
2002	1505
4978	2723
1991	444
3586	3026
1747	1617
2053	291
3116	1958
2166	574
3686	2519
4636	735
4872	2782
2181	1839
1679	1259
4271	3191
1463	488
4200	1952
4131	92
3285	1679
1527	36
3859	1215
3717	3493
1836	574
817	750
3984	2970
3116	255
3317	1946
2011	928
4843	2908
3866	1701
3942	116
2894	1679
3919	1508
4775	4217
2361	831
2835	2133
3045	2904
3114	1105
2798	2342
1474	1202
3160	1679
2347	2014
3788	116
3602	2818
3023	1679
3116	250
1679	1551
3082	3026
2986	1527
833	339
4454	1165
2585	1951
1789	1527
1202	593
3944	926
3445	116
1946	1334
4306	3393
2653	510
574	488
4841	4799
3929	2199
618	339
1640	942
314	98
2496	1983
3061	2241
4107	1106
3739	3179
4052	3984
3907	2798
4502	4018
4962	208
1505	489
2682	490
509	483
3602	1503
2133	116
1678	728
2973	2625
1042	314
1527	723
488	72
1588	111
4779	1679
2013	1324
3493	488
2097	257
1958	664
2948	343
1747	7
4201	3829
1679	206
4480	3116
4267	413
5144	1127
3116	491
3116	1268
3591	1108
4775	4163
3444	2724
4301	89
2009	1679
2496	1244
1215	492
1146	116
2534	1746
2823	1430
4059	1527
3593	1929
1679	1300
892	226
5120	4949
1679	57
4761	116
3357	339
2031	1037
1659	944
2334	1562
4859	3289
1679	1402
4118	3294
5128	2415
4707	2934
2884	1068
3116	2038
2755	2269
3476	1643
4933	1324
4775	2620
4874	1273
2835	1627
1937	394
3984	1679
2893	1626
2934	2928
4764	3404
3032	2573
3924	1585
4525	3190
4882	271
3939	3687
4271	3116
2003	1938
4137	1775
633	226
1679	1110
2071	1514
2118	735
3116	319
4325	3866
2835	460
2309	1679
3211	2722
1412	1334
5145	116
4756	43
4336	2835
4102	1679
2438	1892
3551	1215
4383	1505
4308	651
4144	1505
2013	1503
3511	1215
2124	2021
3866	116
4597	1679
4172	3077
4197	2438
777	116
4258	2051
4480	36
4861	3582
4711	2438
3639	1840
4525	1977
4399	4271
1215	893
3116	2057
2178	1505
4712	1430
4696	1331
4775	3895
4940	3167
4052	3294
3598	1679
4418	2185
2090	513
5108	3417
3350	1679
2698	2589
4859	833
4580	1485
4144	1146
3026	444
5062	4538
4203	116
3007	816
4059	3863
4398	3116
4800	2033
2235	1626
1270	1119
3586	1409
1582	1020
4418	3568
4349	3011
2706	2265
5079	92
2613	891
4271	865
4827	1180
5082	2492
3352	1386
4005	3072
3614	2118
4273	3116
2223	1415
4580	1746
1108	154
1034	476
2741	116
1453	944
4185	2823
4829	2133
1679	321
4775	2709
1679	151
3116	277
3901	2893
1617	326
3901	1119
3586	1679
3813	1215
4985	4798
4538	3117
1527	673
1703	187
2438	942
3406	2125
4962	2610
4525	1092
3163	1527
4086	2230
4789	1412
3486	1147
2144	651
5122	176
1912	1527
3382	1679
4362	1420
4201	3689
4329	3682
4196	339
2775	277
2703	1505
2691	1679
4113	319
3446	3140
3056	1430
4962	174
4273	3408
4036	3582
961	801
1313	7
2038	761
1806	226
3735	1039
4837	3456
2585	66
4220	2946
3754	2241
4459	1679
4992	1679
4554	2024
3385	1331
2141	1679
3295	1895
4377	2434
3295	36
116	62
3245	1679
4200	1679
3486	1313
4858	4150
2177	618
4437	1977
2667	313
5126	4981
2775	2269
5008	788
2959	118
1984	509
3582	2628
1679	1617
1679	1041
3163	1430
4437	2691
4220	1498
2743	1527
3258	2099
5065	3575
4565	3361
4492	1932
4220	958
3616	2526
1430	865
1679	166
5090	2099
5154	347
4820	4584
556	116
3261	2174
3262	574
2884	1215
1454	65
3114	339
1461	226
3582	1288
662	109
2747	1980
2207	1844
4433	3056
4461	3116
4635	1679
4386	3307
1912	1215
2261	1966
4525	2002
3654	1839
1269	314
4978	3204
1679	831
1984	122
4398	3387
4580	3672
4273	601
2170	349
4798	2037
3116	2975
1428	893
1679	1460
2331	89
4761	808
2863	954
4121	810
3116	2624
4111	387
3370	1678
4580	1938
2674	1588
5060	116
3018	2021
4101	1726
5120	1191
4070	4038
4103	116
2118	1147
2240	314
3116	2049
4214	116
4525	1952
4533	1255
5084	1430
3116	104
2389	1488
4492	1679
4776	3493
1056	122
3100	116
3938	1679
4962	963
4509	1983
3860	1679
2723	2002
2814	499
2057	1527
3664	1883
4311	816
4874	1270
3827	1062
3056	1474
354	101
1293	891
2625	1329
3116	3103
3518	116
4271	2927
4035	1617
3116	2763
5149	1679
504	313
1741	694
4196	2946
4525	1701
5062	2799
1679	1656
4775	3575
4978	823
2835	89
5062	142
2616	788
4131	3991
4070	3908
2888	1774
2823	2653
3093	116
3722	7
1614	43
2438	35
4236	1093
3754	1108
3103	1136
4780	349
4789	2955
4130	867
4797	983
3991	926
5062	4271
2625	1430
4134	2904
4539	116
1679	146
4770	1221
3116	2948
4200	116
3116	2387
2829	1726
1082	354
2230	1988
4525	2476
4522	1679
2698	2014
3116	1157
3116	3000
3116	347
3093	1430
1679	988
4084	2342
2379	7
4779	707
4764	3520
3908	3466
4082	1213
3991	2170
3307	509
2775	618
4827	3770
4665	978
2438	492
3895	1119
3951	2177
2374	2118
4949	2438
3941	443
4809	4556
694	42
4362	3906
3322	476
5078	3061
2245	72
3792	2746
3503	3488
4525	3486
3294	1386
4480	2438
4038	1679
2668	1215
4048	3032
2985	1037
4546	255
3116	2848
868	455
4775	1533
2097	1679
1327	960
3995	1180
4010	92
4408	732
3116	684
1288	978
4646	3486
552	187
4630	1454
3829	2625
2118	2078
2852	2684
1679	887
2929	1581
4620	2404
3557	3294
4775	153
2526	413
4480	2775
4827	4271
4252	2043
4118	988
2666	1679
2987	2099
4594	673
3953	2908
4656	1839
4271	3179
4786	4452
3907	1430
4271	339
4976	4137
1679	1588
4480	859
4775	142
4271	3423
4694	2990
3995	3907
452	22
2012	1679
2716	1255
3944	2511
1585	1058
1527	842
3376	638
3875	413
2078	111
3145	1474
3582	2818
1657	1057
3450	2704
3582	1505
2177	2036
2281	1527
2775	1338
4163	74
4480	1202
3292	1679
3916	1839
4525	723
4525	3924
3116	3081
2847	1626
5083	3991
2990	670
3061	2877
4127	1679
808	302
3456	1966
2835	713
2227	1034
1987	1752
4560	226
2616	1883
4764	127
4222	2027
3132	513
2199	1990
1660	1204
2546	313
1324	1041
1108	601
4113	2379
4775	3907
2630	1136
4728	79
2133	1215
3032	2290
3284	387
4964	2725
2270	391
3428	3116
3284	2347
3116	1321
5091	4674
2178	1726
4502	1752
2014	1313
2747	302
2374	1929
1625	1313
4944	4139
5120	4960
4827	3202
3649	1679
3117	159
3754	3159
928	723
5095	509
3601	652
1775	1503
3069	2625
4882	187
2021	266
4144	1938
2178	1679
750	333
2438	928
3189	2724
3924	3116
2177	1933
4196	3995
4798	2307
3190	152
4129	3326
4196	1866
1679	1428
4580	2024
2834	1812
4988	3488
3241	2625
4551	3503
4554	2740
3841	1527
5138	3285
3582	944
2877	652
4271	2924
3023	116
2613	1679
1741	313
2088	116
4459	314
2909	910
1946	704
5021	4962
2266	828
3974	3116
2181	1623
3623	1113
4220	2016
1215	1213
3717	116
4028	996
4728	2118
1911	1679
489	343
3289	2254
1679	1168
4399	1180
5134	1684
1883	1215
3116	1202
4603	2584
1492	89
3981	1732
513	449
5031	4827
1078	887
5096	1579
5082	4565
2118	329
1983	1614
4201	570
3575	452
1691	1679
2067	1215
2798	1139
4943	2078
4365	4113
3012	1679
313	74
3925	374
5101	3977
4001	451
4035	735
2625	2070
3511	92
4383	1098
3953	1215
4696	3114
2755	510
971	100
5128	89
4962	151
4173	116
635	380
4962	2118
1186	397
5080	1617
5035	3237
3574	2170
2027	1747
2070	2053
4525	2948
4928	2310
2438	822
3853	476
1679	1527
4762	116
2934	2002
1970	226
4941	2835
2794	1760
2743	2245
2031	1840
1493	116
3116	1214
4766	74
4399	3376
4695	4525
2410	1108
1984	1128
2899	1667
2013	123
3026	1679
4603	309
4361	3116
4082	2698
2767	1679
3116	2266
2818	1147
4301	1332
2051	164
1269	100
3322	2438
3924	2361
4586	1703
2286	1653
3866	2946
3382	65
4923	4399
4271	1635
4306	1416
1866	1527
5094	2118
2909	1701
3008	960
1703	1505
4859	476
1553	1270
2309	1215
1269	351
5070	4775
2691	1275
4130	279
4500	1679
4538	2361
2438	994
4311	1659
4342	2973
1527	1303
2698	1588
4775	722
4685	3280
1648	488
3116	314
3236	2704
5128	2939
1679	915
349	159
5021	1565
5085	2075
3908	1679
2051	808
3679	2738
3116	340
2252	1679
2388	192
2185	1088
2051	302
2321	862
2185	343
4097	973
2118	339
3114	7
4476	1620
5088	4603
5122	2373
2118	1952
4653	2147
1527	247
4635	3942
1786	1215
2946	2616
4274	1327
4686	1679
4399	340
4480	2102
3944	3114
2793	414
3299	942
4606	3924
5008	3925
398	66
5095	2379
1679	715
3636	3446
1269	822
4818	2775
4580	1074
3274	1679
4144	3116
3866	893
2669	1953
2438	761
1488	1113
1286	92
4841	2438
2703	2118
3944	925
4111	1979
3845	1582
4059	2311
1679	293
3376	2755
1917	253
4095	3916
162	92
1329	957
4941	4271
2118	1325
4236	3151
2457	1705
1679	922
4311	4152
3175	238
4404	513
4070	722
2946	2438
4775	3882
822	116
4151	1267
3116	2909
2476	896
3404	2871
2013	1453
4308	2199
4809	3340
3026	2270
2951	1215
2241	343
4667	2798
1906	601
3116	354
4882	3962
3094	1187
2538	1329
4882	4082
4198	4163
1633	921
4544	4070
5122	3258
3116	1368
3262	1752
4165	3008
839	192
3116	92
2388	329
3114	510
2204	187
3116	1420
2820	1679
4775	3204
1679	288
4775	130
5065	1726
314	211
1679	750
4314	1679
1378	100
3081	1527
1679	806
2230	492
3451	1844
3145	2363
2329	1527
1679	241
2755	618
3317	963
2199	1143
837	116
3361	983
226	150
652	96
2704	2438
3719	3116
2669	2124
4584	2934
509	176
3485	1679
2635	122
1972	1679
2764	1573
3116	1924
2758	116
4770	1966
3962	3082
3688	1531
3100	1287
3665	2496
3179	1215
3259	397
3261	2940
1933	1642
4113	3672
3145	2798
4201	1293
2884	2118
3511	1036
3704	3116
4580	2335
3907	2334
901	7
3116	460
3592	3513
4467	957
732	556
1679	483
4010	1679
4399	833
1839	224
2909	1746
1946	1656
5091	1690
3102	673
2013	971
4577	1679
3717	3202
2985	67
4985	4554
3114	2692
4318	3103
4775	3139
1430	18
1454	748
1983	1789
1113	822
4767	2703
3672	652
3531	3116
3717	1679
2177	1202
5120	820
4525	3602
2118	1573
4254	2404
2625	116
1598	547
4525	123
3755	1679
2438	1327
4070	98
4200	1936
2438	833
2495	1679
3532	1679
4882	4853
3223	1679
3717	652
4306	100
3911	871
4775	3513
4646	123
4059	2230
4872	130
4580	4070
3116	36
1430	43
3428	3232
4208	2448
3493	1108
810	116
3190	2834
1625	629
4502	185
1756	1679
4325	339
4775	2635
4962	2181
4560	241
1286	192
3962	3493
2492	662
1625	1248
4882	2226
2193	2118
3586	374
1467	116
875	89
4435	3361
1882	36
4560	2241
3011	187
4036	633
3116	2682
4185	761
2698	2342
2404	635
3116	299
2940	2241
4399	2438
3907	299
2341	1455
4882	92
2053	1028
2934	72
4859	3757
3930	2014
2948	2438
5108	476
2290	2259
2270	1474
3376	1555
4580	1861
3174	2957
2963	1858
3866	1720
4973	314
4981	4480
5120	2625
3114	1409
2078	1866
4711	2625
1679	1528
4978	865
4023	3116
3991	3582
4525	1752
3939	2270
2775	2102
4695	1215
3866	3770
4083	1215
2126	1747
2266	1215
3520	3026
4943	1553
4554	1679
1970	1553
4662	1505
2526	1215
808	164
4045	1979
2118	1612
5099	4691
4670	611
4127	153
5082	3980
3362	1679
3451	1660
2493	1679
5040	309
1679	1437
1059	170
3151	2230
2078	638
1533	1527
2438	26
3317	3116
1474	788
4070	2936
4495	593
4960	2438
3116	868
5031	2755
2241	748
1679	379
3116	2971
4271	2946
5156	2047
2939	472
5034	2718
3007	1531
1793	1136
3323	314
1250	1213
4503	3026
961	314
4201	271
1881	387
3951	192
4435	1679
1679	13
4005	820
2616	1139
1747	971
4636	1833
4165	1035
3839	2704
4775	1092
4653	1215
2698	1380
3839	2540
4712	1215
612	313
4882	652
3853	1440
4954	4113
5108	2269
4045	2755
5008	3056
3116	865
2704	1983
2834	1213
3298	3116
3995	3511
4861	4406
4585	116
4670	4201
4774	3116
1742	1113
4289	1187
2698	2695
3275	1501
4724	1679
1866	788
3560	2191
822	67
4983	1454
2329	343
3995	731
4258	391
2181	901
4860	2203
3536	1613
2361	1851
2722	2613
2584	1324
2957	1975
1679	1678
1953	1324
4564	2934
601	533
5099	3960
4517	1679
2169	2156
1476	778
4888	3488
3446	2181
3116	2532
3672	865
2070	89
4273	2438
3654	116
2924	2904
4341	116
2582	1338
4696	2281
5085	4646
4200	164
3184	1679
5033	1679
1527	207
1635	1338
4859	4001
2230	345
4418	248
4816	3598
1701	638
2199	1488
4496	116
5149	2210
3687	3387
1454	89
5091	1726
2932	625
3757	3289
2986	1115
2580	1679
1980	812
4268	2166
489	488
4882	3447
5113	2946
2625	1250
4922	116
4151	2582
604	391
4940	862
2497	942
3116	1866
3927	1430
3962	1627
2185	89
4696	343
4048	3445
4293	1215
3048	1067
4005	3551
2573	2526
3116	2005
4271	1286
3007	691
3853	3757
4728	4461
4226	2835
3791	255
1667	154
4336	3100
3739	3299
4499	2650
4113	901
4928	1800
2090	581
4097	3939
3586	1847
2181	501
2535	349
3116	1725
2000	349
3924	1579
2049	928
1218	651
4580	489
1670	1045
2798	2142
965	89
2973	413
1888	314
2798	1202
4728	3925
4696	2433
2404	701
5120	1461
1923	343
1936	207
4895	3488
5080	1313
3536	1642
4342	1399
4196	1640
4872	2731
3942	1056
1527	100
4271	389
4107	2917
3116	3056
271	159
3866	1527
5120	3536
2118	1679
3116	2332
4050	1679
1588	340
3826	3224
1666	1626
4728	1327
488	7
2410	2248
1679	1191
1255	89
2100	1679
3116	1903
5101	4872
4923	3907
3859	1983
4124	1679
4196	1215
2311	1987
3202	3116
2450	1679
812	391
3568	116
4538	2230
3907	1866
3163	542
1527	671
4418	921
2302	1679
1679	1074
3026	1527
4882	2534
3116	2322
3663	2799
2257	2118
4864	1621
1679	1609
3689	1752
953	907
2534	1108
5154	4036
4325	2616
4962	2133
1679	227
4271	1895
3724	3687
4775	444
3261	2334
5120	2241
1609	413
3843	517
3955	1640
3116	1259
4656	2987
3202	1139
4111	2775
4775	4268
5033	735
2353	1726
4779	2266
1679	436
3382	2053
4651	1883
2462	116
5008	1553
2118	1365
2438	1505
4362	71
2795	1679
4775	3829
4775	3603
2438	1428
2725	2625
4775	2589
1324	548
5128	3010
1277	629
4267	3405
4045	788
294	67
3272	1938
2501	823
2985	2071
2497	1430
4118	902
1929	1679
3722	1365
4841	3551
1037	928
3198	452
4185	1113
4670	116
2746	448
4398	651
5096	2887
3947	1679
5145	1741
4986	4144
4349	2204
4070	601
4339	1527
3582	2506
2053	309
4291	1679
4059	2835
3284	3179
3116	184
2835	1505
3984	1119
3116	485
3408	151
1626	838
3929	92
4759	3860
4670	1215
4002	2723
3757	2775
4876	618
3226	477
4119	151
4238	116
3493	1351
2526	652
5022	1836
3582	3145
3399	2193
3754	716
4201	2526
1705	622
3995	3866
4039	1679
4170	3272
3116	1270
4775	4290
4525	100
3116	1977
4812	1430
1679	586
3145	1883
4170	3116
3202	1286
2863	651
3696	1505
3451	1527
823	706
3284	123
3829	1527
4651	2142
5117	1527
2755	2118
4775	4081
1985	1679
4236	3864
3249	3026
4525	3284
983	732
1679	1055
3629	1243
4482	1527
5143	1679
1617	1527
2963	1007
1113	489
2537	2118
3145	3056
4735	1412
1095	116
2238	1705
4362	153
5084	1108
4664	4144
5148	116
1117	347
1505	944
4144	1746
4268	4185
3554	2040
5031	1327
4525	3317
1573	152
2047	513
4130	4018
4201	2768
3564	3236
3569	3294
5069	1527
1215	839
2241	265
2245	2118
1617	1460
4728	1551
5146	226
946	643
4766	4382
1679	983
3757	391
3853	2951
2506	926
3202	2530
1679	713
1551	314
3116	2382
3116	1975
4619	3924
4261	956
2334	265
3974	3354
3063	2090
2799	1836
5120	4086
5113	4111
2616	393
1402	151
1775	1679
3739	584
2829	2410
3307	1746
4399	1553
4182	1679
1579	865
1412	853
1861	1679
4962	4018
4940	4070
3991	1338
2616	673
2279	1679
2835	584
379	116
1929	314
831	192
4809	3726
3691	1927
3395	2172
5153	4841
4538	123
3939	867
3568	2804
1337	704
4544	2625
4809	2648
921	347
3814	3331
2862	1505
2725	448
3116	2193
5085	3395
4039	1836
5128	4860
601	226
4505	2053
1964	961
4651	3532
4460	971
3511	2755
4868	4841
3102	2625
4082	3399
1215	123
3471	2704
3116	362
3602	3116
2696	2526
1202	788
2118	983
3367	1461
4306	3444
393	248
4861	1127
2959	944
4495	2585
1670	472
862	116
4325	1895
1582	1082
2438	1553
3582	1635
4113	1108
3714	1726
5078	1679
3116	581
5008	1640
3116	1923
5082	1699
4861	2888
4962	4399
4495	1108
4081	1679
4252	1505
1917	452
4406	342
3056	593
3330	947
3446	2661
3511	1180
4943	3116
3811	3404
2254	1505
3488	346
2946	1139
3224	2099
4340	1527
4242	2698
2940	1487
391	7
4978	1579
3839	3446
4962	1035
1034	343
988	633
4908	1679
5083	211
5042	2535
4939	116
4761	1952
3224	3116
3955	2476
4962	4377
3284	831
1527	339
2185	1248
1679	457
3294	2963
2137	1181
2203	314
1883	1670
3116	330
4418	2013
2495	946
4980	3687
4859	116
1740	1504
3826	2118
3864	1487
815	488
2726	2259
4097	1532
4734	2118
4876	2142
1505	413
2438	2177
2653	2628
3582	1750
4196	2616
4170	1750
3116	229
1910	988
1215	170
4812	4580
4689	3367
4011	1850
4868	4113
5008	4597
638	510
1836	154
4735	1504
3230	2704
2066	886
3894	2049
1754	452
1527	944
3116	264
4271	340
4594	983
3907	1215
3957	2547
3964	116
2118	627
1684	1041
1287	1202
4114	1806
3174	1011
3116	313
5120	3284
4161	859
2763	1613
3752	3192
3557	3116
1598	1270
2698	2634
1078	302
4435	1527
1078	808
3114	704
4220	550
3382	2684
2078	788
2986	1334
4586	162
3445	2706
3016	2404
3894	3395
3701	1786
3413	1455
3204	116
2818	1532
4789	3294
4144	2835
4882	4097
3204	1888
4872	1351
2789	1679
4001	3582
1679	885
2307	750
1504	1333
5080	3116
2037	1679
1626	686
3361	1699
5120	2989
4402	2698
3240	116
5088	314
4480	1670
3587	1527
1679	566
2027	875
4052	1863
5085	4525
2118	692
2698	542
2798	1553
3939	3228
3159	2199
3724	3067
4271	1722
1041	393
2067	1679
4311	2169
1181	394
2659	1679
2684	1679
1253	1136
3116	2928
4776	1527
2739	1527
2876	2698
2733	1679
4271	3376
3399	483
3754	2530
1527	151
4786	1798
3704	1752
5043	1679
4775	2158
3696	3369
3574	1527
5042	349
2625	2178
3754	898
5120	1119
3962	248
4167	3116
1679	842
3710	3239
4664	4182
973	187
2698	633
3272	1055
2356	1679
2655	116
1338	89
4473	387
4245	841
4489	728
5008	1670
3639	89
2379	1108
3189	601
3028	1167
4266	3877
4482	3116
3930	2835
4880	1487
1215	962
2951	288
3847	2013
3237	116
3957	151
3446	507
3840	3249
5006	116
4196	510
3573	255
4329	654
1111	348
4653	2037
2382	1527
4940	1215
1956	651
5090	1187
4775	4637
3208	3116
2343	694
3935	952
2438	2038
5091	3687
2002	589
3781	3160
4011	3008
2512	1679
4005	362
3511	2438
2398	556
448	28
4480	1338
1741	611
4273	1883
2188	792
1958	1679
4232	2247
5128	960
4767	3116
1953	1679
4803	4236
4220	4022
4954	4271
673	153
4035	3179
2438	1453
4876	4775
4785	3528
4696	266
3370	3116
5130	1983
2698	2258
3970	1215
5159	2942
893	638
3582	1056
2698	271
4045	1728
5062	6
3672	2835
1506	1136
5159	4950
4565	1277
4846	622
4779	4084
3116	74
2209	1108
3176	314
4301	3467
1929	255
1667	1168
4293	3116
2511	957
2319	2053
4495	2142
4544	3840
812	808
3488	2502
3404	2501
3352	1430
1527	1399
4905	1312
4492	3468
1313	1063
3294	1007
1087	684
2204	266
1741	928
3231	1430
2589	1679
4775	1501
3695	568
3936	1929
4271	1108
2379	1120
4954	343
2280	1527
1988	1679
4695	4044
1399	1313
3488	265
4990	1679
4981	2142
4939	3475
1553	1139
1679	681
1527	1454
2374	750
4882	1666
4252	3663
618	552
5042	3272
4481	3962
2014	694
4198	1432
4197	2946
1341	1248
3461	116
3280	865
3451	2423
3616	278
3202	2142
2584	1127
4867	667
4512	1747
4185	994
314	265
2814	1454
3536	1670
3032	2535
4196	3116
1309	349
5134	921
2674	1527
3511	3369
4464	3116
2653	1720
2170	570
3116	2415
3151	2433
3393	314
3859	946
3593	116
3853	723
1461	856
4619	476
1733	1555
3444	1679
2118	713
4729	1215
1617	1533
4399	1670
4023	1527
4923	3582
3362	2585
4997	3895
1930	43
2259	1626
2178	1255
3299	2796
3573	343
2616	1866
2940	343
3859	1213
4827	1553
3116	788
3423	111
4928	3536
4313	899
3665	3503
2170	556
5062	2118
3534	2661
868	451
3603	1805
4271	1958
2169	1932
3408	2142
3901	944
4163	1750
4758	3116
3843	862
1108	584
1487	601
4817	2698
3116	2388
4544	1703
2526	1836
3116	1140
4329	460
4170	1213
2433	1723
2766	127
3228	867
3116	525
2519	1143
1701	833
4070	574
4931	1270
3931	618
1679	735
5107	3930
4070	142
3980	1581
4941	3493
1983	1503
2877	2582
3602	3284
4908	3962
3739	374
4538	963
4650	2934
1212	581
3204	314
4827	2078
2716	314
2342	533
4876	4070
5062	2550
2829	953
3845	1521
4308	670
3653	901
4775	2737
177	71
4908	1113
2768	891
2271	116
3924	1525
4653	1582
3395	885
1202	1180
3423	2438
4537	2438
2613	2240
3710	3483
2147	1679
3623	92
3730	7
2835	839
4301	3220
4196	1527
2257	1215
1414	928
4686	4560
1679	1216
4546	2706
2591	1215
3026	1883
3116	1120
4048	820
3444	3116
4809	4131
4962	2582
4512	4023
1800	22
3844	1679
277	264
4252	3375
3905	1331
2798	89
2796	2311
3582	302
3960	3116
2547	1028
4651	472
2178	1088
3972	3354
4399	1866
3724	4
4646	1092
2589	601
3275	2065
3557	422
643	154
3116	1063
3853	1640
2582	2470
1114	314
4872	3047
4943	3056
4640	2090
2014	326
1679	1332
4928	2584
3907	3511
812	164
2248	46
4070	2534
3747	1051
4832	1679
3395	2547
1471	525
2230	925
2013	1970
1725	100
2936	2698
5091	100
5008	4923
4301	3582
4480	942
4525	3991
1854	926
3226	351
3116	2481
1679	473
4158	314
5126	3116
3116	2459
3278	2021
2975	2049
2053	501
2934	2698
2535	1113
4005	1679
4646	1527
1505	1088
4882	4107
1108	28
1454	1108
2212	1666
3944	2170
4273	3202
3724	459
3511	833
1679	741
3547	1679
4236	1906
4775	2235
2973	1215
2973	1467
1313	311
2097	1818
5070	4962
2766	2438
4273	3519
3623	314
2940	1182
4401	1582
5090	870
4433	26
1679	556
4464	2398
3840	1473
3551	1975
5108	3853
2582	704
2434	92
1953	1800
4340	1215
4949	4271
2308	1167
3369	2986
1460	334
4821	837
4070	1666
3948	116
1703	89
4178	963
3709	1946
1180	111
2170	306
5107	2501
4923	36
3864	1461
3008	2077
3275	1108
2403	314
4775	3354
3776	1679
3554	2496
5128	3573
1882	1679
1679	1068
4525	3175
4139	1938
513	255
2883	1754
3352	2002
2884	831
4790	4775
4580	252
2476	761
2877	961
2692	748
3866	638
4097	3245
3446	1243
1679	812
2818	942
4721	4361
2146	391
2203	928
4113	46
2152	1113
5144	1679
3239	1972
3280	116
3665	521
4155	2373
1119	343
3603	329
4293	2334
4247	3103
1097	349
4872	2655
3905	1461
4689	1182
4464	1270
3920	2625
4198	3554
2617	696
4525	963
4010	2904
5006	448
3853	1378
1701	1527
3665	1056
3048	2762
3116	612
3847	347
4131	1489
3145	867
4799	4220
1866	1327
4152	3754
2585	1679
4551	122
2685	2657
4035	3816
1679	1325
4018	1432
1461	748
5156	513
2775	2227
2698	2003
4433	2142
146	7
963	16
3853	2102
1901	123
3272	978
2985	2585
4923	2438
3116	283
4506	1036
4152	3951
3981	1679
4544	4119
4509	3924
3552	3116
2465	1313
2831	2436
3907	1670
488	35
4653	1527
1527	638
5130	1091
2798	1923
4859	601
4245	1215
3860	2438
4197	1679
841	694
3739	2199
4177	1844
4928	1953
4827	3511
1248	1041
1202	36
5021	910
1679	1180
3361	1187
2108	1627
4789	2654
4271	2884
653	416
3860	1633
1028	18
4951	550
4976	2166
2934	2825
3735	2706
3415	1679
3992	2170
3382	1775
2669	1527
4923	2037
4293	14
3322	3245
4941	42
2893	1750
2835	2476
3573	3455
5108	4940
1213	483
4165	1679
2501	1091
5012	4816
3387	2118
4877	3122
5051	2166
926	859
4526	3003
4070	3975
2319	1588
2768	665
4896	7
1203	224
3367	3261
881	127
4980	891
3975	2818
3382	2118
2835	907
3116	2953
4114	3236
4721	2955
3941	2775
5040	2438
3616	255
3724	3582
2698	2279
3534	1527
4228	1679
4432	2177
4480	1883
4131	2884
4949	2404
3601	2053
2746	2698
4538	2013
4770	2863
4325	833
4986	3536
3568	2909
2610	1527
3908	314
3724	1058
3722	1215
4861	1483
3639	2100
3350	2170
4882	130
1641	1203
4101	3116
1187	1020
1679	1105
3995	2438
3536	1883
3026	1747
2530	960
3331	2240
1440	935
2318	1626
3557	2585
5033	3582
1617	1492
3970	1833
2064	2046
3863	1749
4499	3320
4660	2204
271	92
2476	1215
4775	2547
4962	1333
1679	585
3591	2027
3202	638
1495	22
4772	7
4538	3284
4039	2934
2467	1679
3724	618
3528	3466
4039	1626
2193	288
5145	1640
4827	788
2698	2573
2936	654
3488	1774
3939	1883
4361	885
4131	7
4728	3444
3038	1679
4960	4271
4694	1215
4399	3474
3995	111
4340	116
2199	238
4258	1865
5122	686
2868	1679
4247	436
3299	89
1993	1748
3534	3116
4923	4827
3853	488
4201	4107
4366	1679
4236	3114
3116	2506
2973	1119
4152	2584
4399	2946
1703	67
3367	1331
859	638
5008	1883
1056	420
5031	3295
4775	4097
4837	2261
1505	1067
2388	610
1633	1215
3907	2438
4399	893
4116	2404
3056	1640
4775	4198
3839	1844
4999	1679
3825	116
4741	1187
4705	92
1747	1659
3864	1454
1215	761
3167	1521
4070	1113
2573	1415
4908	4220
2936	2582
2053	98
4151	1119
1679	673
3696	1983
3853	788
5134	547
1679	72
1696	1679
4943	3511
2775	36
3258	2108
4384	3116
4818	3582
3114	601
4118	2963
3322	2227
1454	7
4121	1494
4642	2625
2404	902
1775	92
4861	921
2078	510
152	43
715	314
3596	1679
942	926
4978	3490
4872	3557
3591	89
1313	728
4779	4399
5083	611
4176	3361
570	556
2818	1563
4872	116
3696	1614
2835	925
2118	200
4861	3536
4962	4252
4735	404
4525	1510
3012	2108
2307	2145
2940	150
3008	2137
4464	1679
4399	339
4293	2951
3627	116
2511	96
4525	2755
4051	2207
4070	144
3905	2241
1523	116
3689	2170
492	343
4882	3226
3730	3116
3116	578
4523	1679
2835	2118
1679	1648
2735	1936
1463	1108
3695	2171
5008	3770
3488	1684
4525	3174
2000	314
3914	2226
4194	1679
1277	116
3754	1679
1722	443
694	326
3602	192
4495	2943
4492	116
215	74
4404	4308
4399	2105
2834	314
3352	2777
3245	3116
1679	364
5107	4775
3687	1670
3555	1132
4962	2753
2862	1679
2199	452
4480	3376
3895	3069
2347	1617
2819	1215
891	151
2118	1191
2514	314
4640	1679
3207	2890
4177	2934
3116	2762
3513	153
1866	510
4152	1454
3228	2818
4144	2948
3114	1483
1127	309
2193	922
4674	2939
4943	299
5083	4029
4236	3905
2722	311
4435	925
4949	116
4095	2704
2270	1670
5008	2142
3568	1041
4880	3261
4097	1626
4635	1304
1598	116
3696	2986
3145	1202
4525	200
4494	1521
1679	287
1157	1108
4623	4170
2939	1106
837	364
2240	513
4962	2389
735	116
2890	1215
5146	2718
2967	2476
4271	942
4461	2521
4119	1703
2492	1146
2459	1218
2657	653
2775	1202
723	229
2834	2761
3376	1588
3237	3061
4525	3179
5008	3853
4399	4273
3354	1897
513	333
824	116
4271	3175
3153	333
2118	926
4985	4167
2904	1778
5008	3953
5128	1679
4045	3573
4203	3286
4399	1202
944	343
5076	1679
2145	393
3328	159
4258	1980
3116	1569
3116	872
1106	343
3962	1679
3284	3116
3295	1679
4116	2476
4992	1215
4979	3114
4502	3855
2341	902
1527	1028
3536	1202
1503	963
4070	959
4627	2625
3116	1191
1679	218
2698	2346
3405	1215
4954	865
4689	2241
2102	1286
2496	664
2157	1543
4228	1600
4656	74
1897	1863
3863	1108
2108	1563
2743	123
2190	1679
4861	2031
748	253
5137	1679
4728	3488
968	568
4775	2963
4398	3870
1062	988
1327	488
1215	340
2952	1108
1693	116
3905	748
4399	4045
1705	808
1215	14
4343	2697
3202	339
3732	1679
3116	1693
1847	116
4717	3852
5032	1679
1679	352
3935	1378
4876	2900
944	928
4195	116
4017	2726
4170	3602
4943	3724
3307	2053
4554	2181
2329	2077
3139	2269
4544	1726
4928	1893
1088	7
1267	815
4196	3767
2438	1946
5041	193
4841	2835
306	72
4841	1929
875	222
2501	89
1068	946
4399	111
3493	892
2438	403
3925	2584
1058	7
4002	2704
1243	313
2628	1270
3984	2723
4772	2118
2188	639
1324	151
2946	339
4923	859
3330	3056
4110	3739
2188	2002
3298	1679
4301	3860
3102	2551
4176	3153
4713	1679
2847	2185
4639	1679
1741	1455
4124	7
3924	971
2099	421
4772	1527
5128	1034
3011	343
2858	92
1705	925
2177	192
2936	18
5083	116
4899	2254
2852	1983
4775	144
2835	2560
2394	116
2438	89
2705	859
5028	4653
3935	2835
2245	1386
2101	1679
2342	2051
3116	1113
4908	1117
4538	1386
2762	436
3116	2755
1806	1331
3930	1585
430	313
2511	1041
3507	2934
4756	1679
4775	761
3086	2774
2775	833
3995	2616
4274	2245
822	187
4775	1705
4859	3724
3228	2669
4194	716
4212	1679
5083	2884
2341	1494
3814	862
2080	314
1505	349
1113	28
946	192
2266	1911
4759	347
4011	1946
3724	2775
2459	635
4301	3953
1679	1250
5062	2835
4120	3623
2190	1582
2199	111
581	192
2391	1679
4045	2526
4775	3816
1215	1091
2755	2078
1522	116
1108	723
4928	2585
2385	224
4525	2884
3488	2199
4383	3924
2835	735
3602	2438
3995	1866
4766	3924
4603	4036
4271	2626
3944	2835
2868	144
2262	684
1679	18
5148	1679
1750	1432
5053	4271
3747	1892
4452	1215
4642	3982
5021	2065
1553	788
1800	393
639	443
3924	2884
2118	1180
2580	1338
5138	2654
3814	2170
4271	3771
4764	2511
4620	4619
4565	294
5084	2986
1836	72
1454	226
2000	1679
3687	3582
1930	1833
2438	339
4139	3446
4070	2967
4767	4340
4271	3930
1679	892
4837	1679
3939	3582
3929	2108
4219	1858
3582	2027
1453	170
2931	2884
4594	4011
3991	151
5128	3536
2709	2118
4985	1641
3792	1215
2264	2118
1551	1108
421	313
2207	2099
4767	1108
2698	314
3709	1313
3075	2698
3689	3116
3962	2793
1701	1640
4170	3175
4274	3245
865	18
311	115
4111	2105
4399	1527
2142	1108
1421	159
3995	339
4271	2227
3503	521
4944	1839
4052	3827
4336	1250
3116	490
4594	925
2698	2191
2145	1684
1641	901
4554	1074
3829	343
4861	4586
1058	476
2185	174
3653	1203
3116	2883
3116	1504
1113	1047
1679	1418
2936	931
892	488
226	152
3350	542
4651	3591
2047	750
2547	71
898	460
2884	1938
3721	1679
2766	1110
4964	4068
3931	343
3160	1240
1454	732
3259	1186
1839	803
4827	1866
4941	2374
4525	585
3474	1215
2197	1814
4500	2835
5120	3757
4962	3354
3747	35
4962	4741
3367	150
2047	1415
1601	116
3006	1108
3905	1182
3511	1588
1136	513
2945	953
1613	1001
1428	638
3864	601
2904	2434
3026	1108
3451	313
3319	314
2613	252
4636	3754
5021	3582
4399	299
1527	318
3018	1367
4594	1666
4775	1414
5018	3116
3509	116
2040	421
3026	2436
3991	3116
1180	638
2835	2404
3483	3116
1746	1402
3924	1800
1553	833
1667	28
2002	1001
3488	2955
4728	1679
1613	309
2847	2698
4729	100
2747	391
4201	3853
4962	2591
1742	1415
5012	449
4962	1800
1192	101
3237	1105
4487	1504
4097	1291
5062	3081
1218	1195
4271	3067
1679	1233
5120	5071
1946	1415
2775	1679
4560	1331
4767	4113
4729	1679
1640	735
5113	692
3901	3358
4859	3853
5078	2241
2459	2099
3602	2495
3924	2818
3962	971
4023	3395
4955	3659
4848	3623
4872	3048
2685	1679
4293	550
2438	1642
1505	1215
4417	732
4460	187
2738	717
3198	610
2027	1269
3927	1679
3116	2356
3930	694
5128	3555
3924	1119
4113	2438
4079	1679
1951	1617
4000	893
2677	954
3639	2031
3776	116
3957	1429
1452	116
1936	887
2031	731
3602	1979
4467	92
2884	713
4955	1679
4809	452
4775	2514
4812	4113
2582	984
2526	100
4502	1679
4943	4271
1324	342
3063	1679
1483	1270
3551	2835
3842	2883
3536	1168
3924	2172
4728	2835
4821	3294
2361	2342
3328	2403
2207	313
4685	944
1231	116
5153	3468
3116	2457
4201	3557
2269	1215
1215	1161
2642	116
2438	1666
3601	2170
3518	1108
4603	3007
3739	2118
1527	510
3656	612
3228	2763
1295	266
1617	1092
4152	3536
4517	2909
2795	2270
1555	1215
1584	1215
4271	1139
2704	2547
2725	1215
2013	548
2653	339
4271	1180
4580	3117
3870	1527
3557	2170
3210	1193
2951	314
2002	963
2795	43
3399	2053
4729	2118
1679	835
4163	404
3428	1321
4325	1701
4775	2760
4107	1847
3277	3116
2174	601
2626	2142
574	365
4729	1912
3116	2002
3468	3116
3582	222
3382	1454
4222	3726
3724	1287
1633	347
3202	2755
3299	2142
4045	3853
4271	345
1334	451
2438	347
4349	2376
4337	1679
1883	299
5034	2939
5110	2438
5108	2775
3444	1367
4070	3350
1215	820
5085	1527
4580	3206
513	238
3428	2698
4452	2666
4521	1626
3763	1844
1092	694
3582	2946
4028	1215
2894	1527
1588	1553
3476	1679
4070	1028
2078	1923
3984	651
4960	1527
3116	2319
3202	2361
4962	4052
3114	2877
3672	485
3202	1180
3289	1058
3399	1213
1460	1365
4301	2031
1679	1653
3738	622
4097	2012
4445	3924
2573	2310
4003	71
2027	1461
5116	4775
2959	2526
2438	953
4070	3947
3056	2939
1866	340
4271	2526
1215	925
3855	1752
2172	250
5099	501
2286	1679
3395	101
1800	309
2722	1059
4798	2182
3519	1679
2342	1883
2936	2626
4301	2013
3192	116
1462	1119
3116	1543
2247	153
4271	26
2582	1527
4775	2332
578	116
1641	509
4066	1679
1684	342
3446	238
4306	1626
3361	1204
3446	612
4329	3284
3770	1866
3446	1741
5095	3204
3486	1527
925	116
5083	957
3687	1747
5003	451
3534	2118
5021	2909
4860	2027
3905	187
4242	574
3686	477
2241	1105
4728	1527
3382	1715
5021	2640
2404	347
2884	2361
4711	2591
4962	7
4551	3582
3582	2545
4962	3757
3757	1108
3250	1527
5146	1461
1453	248
3605	174
4045	3944
4487	116
2100	116
2835	942
4200	391
3176	1085
3840	2534
3286	1747
4179	397
2071	2031
5089	707
3116	1221
2466	74
3571	2342
2166	1236
4070	2170
3006	2170
1833	4
3116	291
4197	510
2021	123
4023	297
2254	2118
1946	1215
2144	1679
3488	1752
1215	253
2936	865
2560	2404
1679	1145
3905	343
4271	1386
3536	2798
1701	1139
2108	457
1866	1553
4151	1617
2785	116
4670	2438
1085	7
2262	2063
1215	89
3116	1068
1679	1563
3116	431
2311	892
3744	1679
735	664
4336	4301
2616	1180
3114	856
4398	2704
1880	1679
3536	2591
2987	343
2334	2174
4943	2775
3102	2835
3376	1180
5107	4962
4674	3907
4509	867
2118	1338
5094	2230
1746	994
694	673
1626	1028
1460	1119
3394	2511
4945	4775
2716	1679
2311	374
3722	3405
4525	1901
3925	2438
2835	1213
1626	1487
4944	2037
2747	164
4134	2458
4371	1679
4978	444
1800	192
1764	1679
4267	3757
1999	116
3672	1180
4138	3361
3116	152
2311	116
4082	448
3471	116
1679	935
4635	2450
4759	1633
1958	942
5071	4882
2142	1883
4271	2102
4271	1609
4962	4933
3752	611
5008	4113
2361	963
4526	1000
4667	2939
4775	4361
1617	1001
1742	159
5095	5062
2718	1108
4674	3853
2038	343
944	728
4525	3841
1670	1202
3860	241
4336	1288
4070	542
2775	1617
4496	314
5035	816
4480	3474
2379	1983
2829	2625
2907	1679
1839	1623
4554	343
4976	2013
5101	3922
2862	2420
1833	1036
4954	2118
1270	226
4960	1270
1800	1613
3114	343
4406	1684
2936	314
3481	1462
4943	2755
2198	1487
4656	501
5130	5107
1640	859
4035	1933
4273	867
4363	1679
3237	3114
5113	1883
513	421
3930	1912
2698	1540
4151	1527
4816	3901
3395	288
4986	4859
3116	2213
5090	2388
4537	4163
2798	1474
2497	116
2342	187
4811	116
3582	3474
2170	584
1722	1202
3607	2438
4083	2698
3451	1243
2798	1286
4113	2777
477	293
2939	2438
460	339
4161	1679
2577	1679
4949	2245
3028	2099
3272	1025
4119	1679
1275	837
1527	1191
788	111
3981	1891
1108	226
732	684
2793	187
1056	521
5095	7
3116	1933
3730	2698
3117	2835
3908	1584
2356	2262
4271	89
4406	1215
2419	1679
3116	31
2036	1215
4580	3717
5083	2782
1527	123
4001	1058
481	480
4775	1676
4329	3829
5043	4861
2581	1690
4201	574
4499	1243
3568	1951
3175	28
5008	4841
2108	1728
3678	326
1679	154
1640	638
5042	1113
2512	2322
1979	1527
4718	1503
4861	347
3995	1527
4841	3991
3977	313
2145	342
2233	887
3919	2887
3382	733
2689	72
4728	343
5091	896
4325	3376
4273	4130
2762	1679
2071	1248
4734	2438
1113	111
3907	3866
4526	2526
2040	1844
2190	2118
5095	556
1866	1555
946	130
3575	252
4271	2105
4899	4770
2946	2270
4399	1895
2973	2013
4197	2616
3231	1098
2994	1113
731	123
4872	3026
3175	2487
2885	451
2628	833
2090	1415
4827	2909
2470	971
5090	3554
2924	343
3739	1742
3081	1679
4051	313
1679	672
2985	1527
1180	339
3686	1573
861	314
2884	1532
2666	100
1553	111
4939	2367
2014	728
3859	2379
3116	2317
3704	1187
3785	1140
3686	3442
3995	2909
1492	1088
4712	2118
3939	3853
2842	1679
116	115
4775	2648
2534	1362
5035	35
2852	1120
3816	3116
801	652
4950	3839
3582	2984
4373	955
5145	3116
3428	1726
4560	279
2625	1643
2099	1521
4495	3116
1215	944
2008	1679
984	314
4705	2434
3754	1528
1958	492
4642	2698
2170	271
116	32
2438	483
1338	36
4220	3116
2940	601
3438	2166
2053	271
3122	2099
2625	1215
4509	664
1726	1705
1912	1313
5082	1581
4729	2170
3840	1375
3595	2585
5120	2434
4770	35
2698	1338
2502	673
3056	1453
2568	1551
3116	1333
1527	146
3568	886
2909	1501
5083	4185
1865	164
1958	1215
4954	4525
2761	2698
2053	1415
1527	942
4798	509
4553	1679
3591	2438
4880	3367
4070	1747
2133	1527
1092	247
1626	10
5113	1215
4560	3261
2245	200
2674	1679
4480	4356
3471	452
3463	116
2893	2884
4273	1527
4580	3493
4859	2269
5084	2726
1703	971
4933	4271
4962	4005
4005	627
2270	2078
3026	1667
3795	3116
4417	3294
5079	476
837	66
1682	1527
3090	2804
1553	638
187	89
4698	647
1113	593
4386	2137
3859	1527
5034	4841
3367	3114
3116	1402
4502	1057
4651	3939
3614	574
4695	1679
4464	3678
1993	1271
4492	4311
3731	3159
4623	96
1749	116
4603	2067
4646	2075
3513	2883
3056	867
3907	3056
2203	822
3116	1295
3760	1883
4861	1248
2099	2047
2613	2438
4070	2212
4923	1701
2884	1527
3367	748
3573	3536
5038	4895
952	116
4482	932
3924	1347
3866	1866
4728	893
4461	3925
4923	4480
4775	3957
3937	116
2193	483
5120	533
5080	4874
2718	1487
1215	378
5120	3853
3415	1108
894	601
2264	1527
3008	1679
3951	704
2118	2014
4059	2335
1620	1493
3674	174
1732	624
3289	2653
3237	1331
3853	1058
2584	2067
4925	4380
1527	704
3007	309
4940	2438
4220	731
3907	3687
3322	2590
2501	1679
4603	1953
4137	393
2835	18
4070	3954
5134	2511
1527	1510
2946	788
3255	116
3534	1586
2835	2002
2883	153
2775	116
4461	2871
3116	425
3114	1067
4464	3090
3995	893
3568	2011
1270	6
4809	1386
4603	1127
2775	2653
3323	2716
5016	3274
3237	343
4674	4480
3307	2108
1030	673
2883	1527
4476	2199
1430	853
3888	3008
4271	2257
4476	1679
2335	1679
3582	2203
4775	1690
3220	92
3493	1505
3924	2909
3674	1679
4399	1120
4861	570
3536	2226
4580	3444
3086	2941
4339	1215
4525	3551
3377	2204
2090	750
3916	1253
1531	952
1732	129
2316	1113
4876	655
5031	4728
3840	2347
2165	116
1025	343
1765	717
3853	1883
3481	803
2835	1034
176	123
4233	1679
2193	1527
510	387
3901	1270
2698	2067
3678	2931
2847	2013
3866	3376
4506	3864
4827	2851
3901	2410
3930	639
3754	1093
3153	978
1269	477
4785	2617
4577	116
1936	812
724	589
2013	1613
2726	43
4526	1851
4923	3056
3153	1525
4899	413
4045	960
4318	513
4457	3116
1640	36
3930	728
5154	3471
2387	116
2118	1551
3888	1679
5099	2704
2319	339
3352	268
2105	731
1108	510
2625	1049
5145	2118
5031	696
4201	1028
1588	1047
748	533
1964	7
1334	159
1844	1741
4976	921
4198	3855
3116	2900
2070	1679
1415	451
2053	865
4201	3575
4691	3361
4035	1415
4525	1119
1215	1115
3547	655
3924	364
2852	867
2676	151
1586	1345
4418	347
2585	1165
3951	1313
3116	1775
3284	116
2338	651
2335	374
4045	7
2347	123
2207	513
2410	1085
2230	1505
1953	1127
2987	1527
5091	2049
4018	3984
2212	100
1679	963
885	542
2170	144
3428	2099
4010	2108
3582	2342
2722	1215
4882	3399
2335	892
4236	2241
4809	3405
4940	2835
1426	1085
1936	1865
3860	98
2334	207
4764	2438
3907	1722
963	898
667	487
3925	859
1409	116
4045	2102
2760	589
1527	1120
3866	1202
4120	973
5094	2647
5008	7
2053	1887
1585	326
1623	224
5120	2002
4599	391
3299	2404
4580	101
3783	3377
4730	1679
2099	2090
3399	2994
3231	1679
3740	3026
3995	926
4580	2166
4137	2013
4670	3962
1454	926
4196	2755
1453	347
3231	1652
3954	2053
2851	833
3116	627
3116	692
4306	1367
1728	92
3367	279
3116	3003
4964	3328
4286	4285
1527	213
2591	2307
3047	1726
4689	2940
2956	116
2230	2210
2170	1836
3231	2230
3826	1844
3687	3443
4560	2334
4273	3145
2726	1430
4236	3406
4962	4406
3483	3239
2118	1912
4725	2617
3116	733
4525	4264
2703	1527
4818	3925
2374	735
2118	1097
4201	1690
4646	1617
3853	928
3481	2385
4271	1733
1679	946
3954	2170
593	299
4775	1375
4722	3116
4022	3962
2703	2335
4340	89
2828	116
3575	1365
5082	3972
3116	58
5090	750
3944	1527
1858	603
3374	1028
3211	314
3924	1113
5146	3114
4756	1930
3428	2661
3116	452
4070	3557
3995	788
4301	1747
4880	4728
2373	1527
3284	7
5038	696
5006	2511
2959	95
1679	1249
2835	1532
2105	1679
3920	2585
3116	892
1880	293
3754	3261
1313	865
4271	1428
3674	1215
5159	4070
4587	1679
3770	1180
3116	1712
3116	477
5154	1215
4494	2047
4107	971
1991	176
5008	3939
3592	313
2522	1626
3488	2735
2763	1402
1883	1474
4196	1553
2102	1430
1527	820
4271	2038
4712	309
3354	1679
1527	374
5122	3116
2922	1679
4882	1806
2496	879
3575	946
1958	946
2863	2118
4537	3649
4775	2534
3116	2385
4503	3735
2628	2105
1666	432
2102	2037
5108	1035
2967	2438
2661	817
4113	4045
1725	314
3602	123
3554	3153
2884	2057
4928	1674
2599	116
3665	123
4775	3190
2876	1641
3129	1136
2842	154
2698	1028
4293	923
2040	1243
2013	1215
3116	694
4712	2591
3847	1679
3739	2703
1991	1113
2438	1489
3511	3202
3609	1666
875	279
3991	238
4764	2766
4448	2625
2438	961
3534	2099
4789	961
4728	4594
3536	309
4931	3116
4544	944
2465	2075
4670	841
4729	3924
3536	1720
2436	1108
2142	731
4861	1041
3955	1979
4962	1581
3237	856
3116	1918
3568	1481
5055	2546
2492	1679
3582	854
2476	1505
4177	1679
1705	988
3328	1042
3145	2142
4775	923
4258	2747
4197	1338
3724	2269
3901	187
2535	1309
5130	4111
2270	894
5033	2031
2379	946
2342	224
1679	555
4761	812
2548	732
1679	611
3261	1105
1037	7
2540	477
4882	1888
2170	740
4728	3295
4861	2547
2794	1679
3724	2142
2389	2269
2669	2585
1409	314
4070	910
3536	893
1726	923
3141	1800
3116	1211
2877	2851
1740	1712
5051	4399
2105	510
4023	618
5090	1679
3026	187
3362	1527
3116	810
4586	4119
4848	116
4841	1527
2852	664
4047	2248
4874	2014
1733	1679
2438	36
2768	1836
745	313
3468	1932
2791	391
1203	501
2625	1085
4016	116
4880	1331
3286	614
4554	3116
2768	309
3866	3582
3653	1641
1455	509
3603	3072
3488	2353
2476	2193
3668	3116
3574	3116
4775	288
5107	4095
4201	4029
4841	1674
2745	1679
2893	330
3056	1670
4070	2695
4705	4144
4882	584
2835	686
4827	1679
2967	2487
4861	1598
5110	100
3770	510
3587	1679
3292	2618
3116	421
3362	1368
4505	116
3908	2698
2789	1527
1253	313
1679	634
4293	4203
3569	196
1679	1581
1113	459
3042	2690
1679	1635
1421	1412
4038	116
1748	1329
4036	2591
4728	833
3190	1215
3038	1953
1883	593
1105	226
2501	187
3908	1250
4775	291
1679	947
4940	2269
4399	2775
3404	151
3536	2986
3839	513
3395	116
4151	116
3575	652
4827	339
2438	222
845	116
4320	7
5080	1585
4872	92
4200	2051
2470	622
3792	311
5040	1679
4885	116
4113	3738
3328	2053
4070	226
2395	314
761	483
3382	192
5031	3995
2118	842
3294	1774
1679	651
4430	116
3683	958
3925	2118
3116	1642
2546	116
3864	1182
4880	748
3609	2582
4163	2934
2852	946
4978	4762
3575	2016
3228	1679
4734	1527
4962	4301
4268	4201
1656	1092
5035	95
3067	2036
3139	100
4872	1679
3859	3239
4775	4768
983	316
5008	2270
3352	1527
2266	928
1679	825
2071	841
1983	1833
2625	1667
1760	1581
4734	3114
3636	2438
3456	7
4399	3202
4640	1203
5095	2526
4940	2053
4765	1679
3284	2948
5040	89
1074	120
2066	1679
4194	3853
130	116
5032	3840
2382	1679
651	152
3114	1331
4201	1063
2331	1215
4923	299
4525	2075
1690	488
2835	1746
4306	2426
4775	1666
4775	3189
1679	740
2985	2438
3116	252
2311	1861
3739	1958
265	177
2894	2294
2547	2185
5143	1030
4442	3100
3284	2118
3211	2746
2269	2002
2240	1035
4503	2521
607	116
4525	1527
5145	4164
2078	1527
3881	842
3634	2099
2401	288
4525	2257
4746	1288
1679	309
5107	1726
3573	3114
3864	3493
4905	2174
2458	116
250	100
2661	2040
4452	1991
3605	2506
5103	4356
2948	865
1331	748
1679	1128
4798	4656
3911	1679
2724	2338
4216	116
4503	116
5021	4981
4236	1182
4712	1527
4301	928
1951	1645
1652	1098
4848	901
1836	1429
4658	3160
2035	1679
1679	492
1036	43
2584	1966
707	22
2291	1679
4480	3702
4045	1640
2770	2582
2835	1309
5035	4336
4630	3573
3860	3456
3853	2796
3116	586
3866	111
2617	1679
4151	1098
4962	4445
5120	2987
1461	1093
3866	2245
664	643
4976	4759
100	96
4111	907
4509	3433
4580	374
3770	638
2851	1679
4766	1215
2948	2835
1623	116
2230	1679
2506	1679
2661	750
3601	116
5120	2753
3450	3210
1588	22
4336	1051
4495	152
3116	896
4940	476
5084	1679
4580	92
2427	513
4882	4509
3163	1679
4045	3770
3495	696
1679	984
4560	3905
4201	3745
4271	3139
3298	1626
4712	4711
3957	349
5122	116
3853	3100
4674	1108
3191	2438
3616	3230
2825	342
3739	1527
3211	116
1402	1068
3385	1806
1705	651
4070	95
574	116
2755	1139
1584	1527
3951	3261
2099	1345
3433	1679
1937	1281
3864	3114
1667	362
4882	2526
2993	116
2438	1338
5095	4809
839	283
2334	46
5128	3941
4882	1213
926	116
4325	3582
2142	1430
2709	2021
4964	853
2825	2573
803	224
3616	87
2327	684
3687	299
4482	1891
4501	1679
4325	3511
1440	571
3528	1752
3450	7
4868	2013
483	448
3488	2492
4029	1527
3941	1108
4481	3518
1265	612
3770	859
2571	1679
2118	492
2697	1679
116	64
1414	489
3250	1467
5062	1929
2108	1004
3984	2021
4005	1527
4399	1640
4293	187
4526	4461
3382	1277
4928	2825
3231	1527
1267	550
958	611
4247	1136
1334	862
3582	552
3307	177
1136	313
3674	1037
3962	1659
4640	3636
3048	3033
3875	116
3159	3116
4113	3404
4457	2904
3950	1679
4880	3905
2964	1722
4509	116
2835	1617
3535	1984
3920	229
4586	4301
4271	839
4770	116
2264	1345
2692	1906
4962	2835
2142	1733
1113	305
4349	4005
4045	1946
3275	1565
4070	1034
3446	3086
1617	248
4189	100
2560	1527
4734	4271
3582	187
1679	177
5153	4962
4495	1045
3907	788
2035	116
4882	2398
5128	1722
5041	2818
2170	1057
4271	1613
3554	3520
4962	2439
3638	1187
2040	449
3202	1553
2306	935
5120	299
187	134
3974	2118
4640	2540
3116	2197
2883	1362
4876	2871
1701	788
946	154
4765	2147
4985	563
3056	2142
489	28
584	89
5002	1467
4249	1679
3888	2177
1215	339
4134	2156
2415	1430
2307	2040
4402	2374
4525	859
3839	1741
2883	1501
4636	3369
4111	2036
3202	2798
2223	116
1275	74
1221	1143
4460	4110
892	374
3044	1679
3639	2438
1679	1039
4861	3198
1746	7
1679	722
3767	665
1679	847
3067	1679
1933	207
2105	815
4664	92
2003	116
4178	899
3295	2584
3298	2698
264	7
4860	89
3202	2661
1836	159
3724	1113
1840	1215
4798	2293
4408	3208
4086	3860
3573	2438
4986	618
2347	1695
4580	1946
1187	778
5008	4962
2342	164
3488	332
2385	2182
4496	865
1883	1850
4070	614
4860	3582
1454	1331
1286	859
4163	662
4001	2438
4511	899
5041	1987
3228	1503
1883	1553
3119	2247
4960	4728
4976	3860
1679	393
5083	2670
1679	537
2000	1430
1679	1345
5041	1481
1984	879
5028	354
2049	1261
1281	1181
4577	314
1836	960
5080	585
3486	2118
5071	2698
4818	443
3116	3090
4555	3317
2322	996
3116	994
2476	2031
3554	2495
2051	1897
4872	2293
3493	2582
4480	2909
2470	1108
4962	3816
3100	443
5095	3026
4271	2269
4329	2190
1679	891
4245	3674
1260	354
4301	2027
1679	816
2347	1313
3674	3405
3116	1966
3394	2245
3377	1652
3198	550
2781	116
3602	1510
542	229
2602	1679
4988	3792
3116	1584
3984	489
4406	921
5134	4137
3322	871
5028	670
2852	116
4447	116
3207	1187
5016	343
4523	3044
4220	2353
5089	2269
3175	1679
2989	1984
4962	4808
4928	2070
3357	2438
1503	925
4943	3202
4271	1866
2594	1028
4163	3354
4767	2124
2496	65
3116	1789
1432	329
4258	116
1722	1028
4580	288
2582	2118
3116	2293
1679	654
853	159
4985	1623
811	116
5153	339
3864	2241
2361	692
3016	22
1760	662
2126	1679
2990	354
2648	895
4455	1285
4306	2921
3245	1720
3395	100
5138	4165
4962	1330
4000	1626
3272	2341
3968	1113
4495	1269
2125	452
4433	1652
3341	1679
1679	122
1215	1180
3116	2927
1313	326
3202	1527
1938	101
4832	1740
4779	901
3907	3582
5021	4517
3010	1679
3328	1309
4461	1863
4603	2170
1722	1108
3582	3408
4045	339
3334	1679
2835	1966
1108	987
4860	875
1754	92
3428	2625
4653	3116
4548	116
1918	116
4962	3980
3907	460
3103	1679
4123	3552
1952	1527
4383	886
3574	2956
2753	1527
4460	359
3770	2078
2775	222
4551	1679
4306	1068
1056	879
2985	1453
2438	187
2948	581
4189	865
5080	4473
953	694
2346	1527
3084	822
4711	4525
3555	35
1679	89
2294	1679
822	314
4525	1503
2334	1454
2410	46
4219	1705
4120	3516
2108	92
1454	1351
4565	651
872	487
4775	4174
3029	116
1844	333
2716	89
2492	1892
3116	1168
4480	1139
1635	343
1679	881
1679	1544
3826	1345
1007	622
2584	309
4775	2814
4962	4717
3198	622
1455	354
4480	638
2495	2002
1679	711
1666	483
4336	1888
4905	1093
1999	1679
3888	1215
3816	116
4122	2657
1527	961
4696	1453
5120	4880
3488	1086
3220	89
3839	449
3202	845
2526	1679
3767	116
5120	4954
4110	3616
1865	812
3592	2835
1765	268
4001	2227
4282	1679
4544	187
3859	2834
4874	1912
3357	1048
4220	2985
1679	28
342	157
2745	116
4775	1938
4872	3056
4861	2071
4775	2347
1063	673
2166	1338
2496	116
4962	4201
4473	4336
4841	3272
634	194
4560	1182
2410	1525
1958	1527
2438	926
3223	652
3687	1883
562	481
3249	2241
4201	542
3816	2108
1659	1505
5082	1705
3770	3202
176	92
2852	1068
3056	2270
3474	1679
2698	838
2768	1293
2724	1114
170	116
4653	345
1119	123
4399	1139
5051	3607
4651	241
4775	3929
3159	2438
3602	2342
3528	3262
2724	116
4775	3026
4220	2438
4775	3670
4293	958
921	574
4271	1532
3875	2108
4525	3866
4236	601
2342	1936
2951	958
4340	1270
4523	1937
5122	862
2791	2051
3116	2775
5040	3962
3116	937
1625	187
4905	279
3930	1313
2573	1215
4780	2108
4580	271
4208	116
4070	1903
3493	2316
5120	2038
1573	1533
3592	3446
2027	1108
2118	1460
4693	2956
3208	1493
3568	1110
2661	1588
1936	302
4398	2706
1679	1565
349	31
3399	1132
694	4
1168	476
187	67
2651	116
4767	92
1742	1147
4271	2985
3122	354
5145	3202
4775	1623
841	116
5122	4780
1527	192
2521	1058
1667	229
5120	492
2470	568
1126	116
3382	1068
3621	3586
2835	248
3307	116
3552	627
4201	4121
1795	1679
4271	4001
3362	3116
3428	74
2747	1078
3007	633
172	43
4460	1215
4399	593
2782	1726
3286	1679
3061	1906
4502	3116
879	420
5079	2270
1679	1104
4173	1679
2835	2530
2438	1923
3446	2262
5078	1331
4196	2798
1803	1626
4402	1679
4890	3032
3370	973
2993	978
2888	116
2051	812
5122	4580
1999	100
1679	43
4152	926
1929	1503
5153	4113
2625	1749
3263	1679
4775	3102
4000	116
2936	1679
2013	347
2708	2404
4580	2704
859	116
833	618
4664	1113
589	314
4859	1287
3687	3159
4693	314
3367	3237
4775	4107
2230	1461
3786	1113
4603	3582
3488	1182
1415	116
3116	1612
4408	3116
3951	187
1930	1679
4402	4201
4798	2487
1679	474
3754	2334
4775	1712
5002	1674
4691	1415
1826	1626
4789	4775
4735	4502
1883	867
4035	1866
3202	1640
5113	3511
3116	823
4827	4325
4127	1503
4198	3974
1454	1215
4775	654
2904	2053
2704	1189
3153	2495
2616	833
4586	4544
4734	4670
4735	1679
2753	2118
1695	694
2939	2270
4840	1461
4070	842
3771	2170
4874	3930
3153	74
2616	2078
865	831
3423	2270
971	965
4174	3840
3074	1778
4487	3528
3582	2172
4775	1254
2166	2013
4384	2568
4574	1679
4342	2716
5040	3582
4653	2118
1679	1160
3509	3312
2342	1430
1193	1067
1690	1679
4917	4474
2928	1367
2185	1255
4311	1932
2818	1068
3735	2433
3114	1979
460	7
3367	2334
984	159
4502	4189
2831	2170
2142	1585
4271	928
3327	116
3116	2133
4293	4022
3895	1313
3860	921
3920	116
4962	1004
4775	4185
4623	3601
1202	89
4467	2825
1640	867
3721	116
1659	571
4642	1386
1679	870
1844	817
3609	2100
3116	448
4827	1332
2241	533
4274	1058
1105	492
4450	2487
2877	748
2835	2269
3853	2270
4670	4245
868	116
4827	3582
3495	2617
4721	2188
4739	1679
1157	187
5071	2166
3446	1253
444	122
3210	1108
1679	489
1722	460
2096	10
3919	716
3369	1930
5122	4480
4962	2496
5148	2585
5156	2090
2027	314
2033	1679
3116	7
3895	1573
4474	2492
4273	2798
4070	4006
448	159
2003	1455
3995	2118
1215	187
3747	1486
3895	3116
4775	1527
3754	2952
2795	2438
3175	1215
547	342
3395	1429
2241	601
3957	707
3975	1679
1247	116
4118	1858
3992	2166
4651	3056
4872	3299
1679	22
2842	1654
4455	2113
2090	73
1723	748
4767	1113
2946	1640
3026	1626
3852	639
2909	886
3198	2145
1215	152
4764	95
942	902
3569	2704
4711	2118
3317	1679
1800	1679
2775	89
3399	448
1701	510
4271	2818
2735	1980
988	622
2109	1679
2064	672
3352	100
2847	332
4653	1108
4144	1113
2013	1498
2118	111
4950	1108
2438	443
4848	314
4694	354
4798	1203
5041	2465
2376	2204
1983	1679
2319	1527
4325	2755
3866	833
4525	3995
3582	928
3377	3241
1365	296
2511	1110
4775	2294
4674	1287
4461	4314
4399	3408
5128	701
1525	1068
4580	293
3061	1461
207	187
2096	1331
1740	1146
2181	670
942	735
72	18
4962	589
4448	2013
3367	1105
2465	2014
2695	1679
3907	3468
3919	3116
2617	354
2270	1923
4113	942
4279	1679
3116	1528
2421	902
2438	1866
4651	3907
3930	2465
5096	1679
3008	610
3361	1271
3691	3399
3674	2985
1461	1454
868	349
4780	451
2661	513
2852	1525
2911	1679
4273	3582
3272	296
1215	26
5099	413
3551	1527
2946	1883
4275	1679
2936	2170
5090	3552
4859	2835
3847	2002
5078	2877
3295	1527
2928	775
3582	476
3198	547
4101	2166
4293	1498
2403	1621
5028	1527
1705	902
925	100
2021	1679
4383	174
4928	2862
1933	89
4560	4236
1774	1108
4689	347
2118	963
4339	1113
2775	79
3689	3547
1119	585
2470	7
2269	2257
4962	4045
4725	1712
1732	1679
893	339
3008	2973
1679	1028
3739	2335
305	92
4882	1409
3026	1213
3853	3536
4670	1514
3116	1852
3814	2240
5122	1679
2438	947
3554	643
2145	1041
5012	1055
867	65
4201	1532
4201	4000
5146	3261
116	92
2342	604
4890	3328
5143	3953
1725	1028
2931	1489
2170	387
2625	169
5154	89
4525	1327
5080	4467
1774	92
3451	1741
3116	2241
3116	1897
5065	3747
2090	333
181	96
3228	92
1147	1092
5128	3493
2888	2108
4603	3930
1120	489
4962	894
1113	674
2530	2302
1984	1065
4185	2547
4185	2814
4384	3797
5038	3488
2543	116
1741	513
3122	3116
3361	116
1553	946
1324	1248
4711	2526
5108	4097
3467	808
3016	2476
3984	3827
1836	622
1215	311
4775	4238
4580	3294
3486	2347
4639	4480
4976	1633
413	134
4861	393
4189	2698
3582	339
5120	3114
3493	2166
4271	2582
4468	7
3444	1746
4928	413
3853	1454
3195	1679
1839	116
5079	1120
4675	1215
3582	3007
3701	2698
1893	1847
2511	654
3444	2335
4728	1332
4525	4339
3679	116
2438	1139
3980	1760
3954	391
3307	1679
3379	1679
2999	1679
4267	2625
5091	4290
4264	1527
3722	2985
1543	696
4200	2342
2163	1679
4110	187
2792	1108
1270	788
3754	460
4674	1157
2438	921
2307	2099
3451	2466
1247	1215
3063	3028
761	314
2530	694
2322	351
1612	1215
4775	3795
3394	1157
4325	1555
3258	116
2767	1527
3116	826
2904	374
3007	2438
2618	1679
3338	1527
3151	152
3114	1148
4271	13
2334	1485
3859	3354
4664	3925
3568	1427
3560	1136
2537	1585
5113	5008
4365	692
4779	731
3709	1215
3503	420
3551	2726
2118	1701
4862	952
2521	2227
4116	2835
5085	1147
1499	96
2145	547
4301	1492
1660	491
4976	248
1679	1361
2981	1679
3056	1883
1679	603
2199	457
1679	349
3428	116
1774	1287
2698	759
4474	22
2241	226
4895	2934
2241	875
2051	116
1527	803
3866	788
4876	4480
2075	694
1760	116
3280	2985
4872	3908
4962	922
3224	2264
3086	513
4551	1056
4070	3624
2031	1514
4887	116
5040	1800
319	176
2245	387
5022	4464
2118	1958
4170	2395
4468	1553
2753	2648
3911	1991
3552	2334
3289	2775
4201	696
2835	364
4775	2712
2420	1679
1800	1120
1840	116
1486	838
3729	1679
4775	123
4712	4525
2002	92
4442	451
4775	994
2946	2102
3739	3444
1679	960
3974	3103
4642	4353
614	116
958	89
4923	4273
4705	1430
865	444
3010	1028
2829	1426
3488	177
4512	2625
2831	1679
2975	673
2118	1268
4766	946
3536	1453
3511	1930
4695	3008
4325	893
2722	1820
4646	2014
2307	1107
2755	443
2706	1462
4201	2557
4560	3114
2078	340
2346	79
3582	1659
3866	1474
4308	3262
3213	92
4770	1676
1527	208
5130	2501
2743	2118
4544	1213
4404	3984
1213	953
4775	2986
4329	4039
3319	1641
2438	593
3208	1020
1640	1139
3582	3056
2145	1324
4480	3573
4174	2625
4923	116
4481	1679
5096	2502
3863	2310
4461	1402
1527	922
1189	349
5070	4201
3586	67
3116	2957
4495	387
3551	3174
1414	89
5138	3710
2616	340
4163	3974
4001	3322
2528	116
3317	891
4758	692
4928	923
4045	3995
4872	4603
3166	1679
4949	3116
4220	2669
4252	144
4271	983
4274	1034
3231	926
3687	2798
944	570
4452	1786
3428	1187
1454	1120
1640	893
2698	1311
3226	1742
226	13
1139	36
2818	2057
3724	2438
3980	3972
4594	1979
1916	1679
2791	302
4043	1679
4308	2317
3163	1215
4121	1679
3536	1800
5080	1951
5122	271
1527	926
3003	2698
1980	164
4779	1659
3829	2013
4623	316
1461	1331
1113	488
3116	123
4170	448
1705	1062
3100	1215
4940	3724
4045	3687
2270	867
2791	1980
2438	42
3261	1679
1679	570
4167	1679
4775	1517
5062	3829
4775	3153
2438	1483
686	92
2871	1679
4122	2487
2492	1161
4273	2946
3536	1747
3853	2775
3320	2476
1626	1380
1648	116
1496	922
4829	2090
3395	1461
3116	351
3114	2433
3116	2940
1573	1119
5051	723
2404	1579
2011	1113
4674	1430
2342	803
2706	16
3534	2264
4120	22
4541	3914
2142	89
2799	1979
4170	4070
1985	116
3038	1215
5153	910
1985	176
3198	1324
3116	1854
3717	1626
5086	1679
4196	833
4052	1679
2342	2146
3295	100
4809	3974
2889	116
710	299
4739	1527
3082	255
2053	1679
2924	1527
4131	1679
3603	1750
2198	7
3357	387
4649	1679
326	116
5069	4933
3048	151
3493	3258
3672	2102
3947	1527
4122	4070
941	116
4841	926
510	123
3361	651
5062	2548
4402	1598
1527	111
3116	2254
3116	404
3866	3056
3547	1339
3456	2835
3490	116
1747	309
3202	942
2438	552
4418	3847
3340	2374
3991	7
3827	2519
925	264
1752	1712
4362	925
2547	2318
2798	2795
1527	1139
5120	1025
2929	387
2199	1725
3299	1883
1092	585
5084	1930
1527	732
3536	1108
2170	662
3511	2078
4969	4928
612	513
4035	1180
2466	2090
4000	2166
3853	710
1812	448
5062	2495
3864	3261
2269	1058
4554	1141
4603	116
2438	2071
1679	118
3503	1056
4618	1679
4790	3629
3901	2445
1108	958
1415	92
2617	870
4000	2698
3696	1036
3984	2118
4735	3528
116	59
1139	833
3116	501
3582	2989
4097	100
4537	4018
4163	1679
4619	2626
2193	942
3939	3056
1979	142
314	176
2877	2738
3442	2502
4037	1679
2054	1113
3299	2177
2698	2376
2534	1726
314	66
685	116
5062	2900
4923	3202
1426	314
3456	2261
1324	547
2798	2078
3289	1720
3139	1679
5006	4201
4480	2616
4480	3760
4665	1679
3399	314
4311	3840
3602	581
1215	587
2924	2495
3931	1527
4979	1679
3317	2011
3116	1912
4110	3294
3536	1527
4325	111
3434	1679
2511	2011
1979	339
4880	3114
3839	1215
3406	3114
3866	2389
3116	2725
4637	1726
4962	4131
2066	627
4580	2904
4399	3907
4311	2156
2075	831
1553	130
3591	1215
4729	2835
1378	314
2476	1503
3924	1108
2031	89
3295	1127
1267	706
2582	892
2692	1461
4525	3534
4492	4134
2755	1527
2723	2476
3116	1218
4827	3026
3174	2934
2880	2653
4435	3944
808	391
2755	339
4766	487
1108	359
2266	1679
1108	1036
4928	53
2798	593
3404	2506
1804	973
4141	2170
4895	4306
2118	1270
2967	116
5095	2852
4950	1253
3575	2824
4111	833
5120	509
1187	104
4232	3116
5080	1912
1679	1616
1866	299
3488	1892
4931	4113
3488	2051
4308	101
2322	247
3853	2142
1331	279
4874	2049
4455	4185
3493	1679
2924	645
4785	349
2381	1679
4480	4399
4386	651
3551	2924
3116	2037
4711	2177
4509	2952
4775	895
4882	133
1895	638
3536	2900
1215	1067
4130	100
3856	489
1679	1063
3114	2506
4790	2712
1742	1269
2230	1484
4308	3116
5040	1598
2269	443
2170	313
3175	2835
5107	1269
4480	1430
3385	3367
1930	116
4858	2852
3920	601
5120	1034
2118	694
3738	1338
3382	2496
4119	2438
4798	501
4786	1362
1679	1217
3153	1679
1627	489
5008	2798
3907	2269
1415	455
2983	1415
3573	2775
3605	3093
3044	1504
3847	1633
3493	3369
3116	1951
5120	1953
3921	116
4185	2709
5078	1906
4817	3582
4097	2170
614	314
2177	2169
2270	1883
3623	266
4017	2171
3116	978
4729	2465
2625	1045
2075	1113
837	694
3376	111
3044	1181
3145	299
2716	1088
2777	925
4271	638
4045	67
5016	2625
2347	973
3806	116
1132	601
3839	2794
2078	1930
3592	92
3899	2170
4070	215
3770	116
4018	1679
4577	4336
1041	571
4727	1327
4976	4945
2755	2361
3962	1288
2716	2178
1679	176
2704	101
3916	1679
4735	2487
4564	4086
2526	2163
78	51
4962	1527
3872	3116
2248	2199
2049	271
3261	279
1028	460
4070	2190
3116	461
3272	2133
2438	893
4052	474
4110	1113
4551	3942
5134	4861
489	374
1504	732
3274	1863
3544	2617
4219	116
4775	3151
4450	1674
4481	134
1367	448
4474	4306
4696	3330
4010	953
4495	2657
3760	2487
1156	314
2698	2691
2777	2280
1679	833
4674	3518
1674	942
3788	1679
2755	1553
4954	1679
2040	581
2118	978
4705	116
4962	3528
1679	670
2774	67
4111	476
4670	122
3326	1679
4770	2691
4101	2138
5085	1573
4185	2133
2420	451
3116	101
2051	266
2948	2118
3924	1774
2147	1863
5128	3056
4859	3299
4121	2170
4861	1505
3972	2492
4721	3488
4041	1666
5034	3056
3446	581
2888	2185
1826	1726
4538	2835
1041	452
2738	226
4131	2877
3916	1863
1132	116
1625	585
3592	116
4271	707
1215	366
1726	1679
745	581
5146	3864
1980	1865
2438	2163
4555	1679
3160	1899
1527	1360
4383	4176
5055	854
1503	1085
3840	589
2118	345
3284	106
4928	4861
4962	3116
3116	2416
4816	0
4991	4816
5002	2306
4200	2735
1533	1313
4473	1573
4271	1327
1412	349
5120	3011
3237	2858
4175	314
4725	4163
3962	1703
2438	1454
5144	1215
5083	4775
1309	265
2374	1679
3204	823
3189	3116
3984	116
3975	3116
5108	4986
3234	1774
3850	2021
4197	2755
3116	3072
2703	374
1351	1113
3864	3754
3591	1430
3117	1532
3574	2118
2893	2698
4460	2770
5128	2774
4506	891
359	7
2002	1527
1728	896
1626	759
3116	66
2718	1331
2766	1051
3081	2585
4586	1215
3665	122
1985	314
4479	1679
2181	2099
3972	3722
5146	1086
4858	2582
1058	387
1679	521
5008	867
1051	115
2027	67
4095	1527
4735	4018
2626	1532
4728	4271
3853	1679
2086	1679
4885	1679
1608	116
5055	1020
1881	1679
2613	311
1722	704
2723	960
3116	2373
4271	4196
1720	476
1818	1679
3587	2118
3991	460
2625	1933
1516	1049
1147	247
3202	833
4537	7
4901	420
444	314
4306	2932
3116	2703
3827	116
1331	226
845	815
4580	2796
1844	1345
5089	4940
3361	2374
3116	2190
1626	865
5080	4775
3875	1679
4480	3907
3175	2934
2454	314
3289	833
4201	1951
5120	5078
4674	2142
3920	1503
1666	688
2720	1679
3294	1543
3962	3102
3866	2775
2051	651
4682	4467
4392	3116
2245	2078
4383	3228
5078	748
3687	3145
3466	349
4846	2476
1912	170
5063	1113
1866	1139
3991	2835
4651	3687
732	692
3652	1679
3853	3006
1667	925
4670	1248
1585	728
3881	7
2795	2142
3853	387
3622	116
4554	2385
4772	1987
4473	339
3406	1048
4271	2404
3686	351
4861	3860
1494	116
4301	187
1215	1051
4308	1253
3225	881
4841	4271
4325	2118
3747	601
3995	2755
483	226
3331	176
4356	3116
4640	421
2973	692
4473	3853
3941	2753
4306	2100
5090	181
4766	1620
4554	2182
2704	1368
3370	116
2791	1679
3814	3176
1917	31
1912	1573
2379	867
4545	3116
3924	3686
2040	238
3163	3116
3071	133
4309	116
4271	3573
928	815
4913	1494
4978	2874
4775	3000
3211	1059
1527	892
1679	638
4775	2353
3939	299
3991	2118
3714	3116
1679	702
2466	581
4712	4603
1679	1005
2334	279
457	92
2470	89
3696	1679
4082	483
2963	1705
4052	2753
2568	313
4949	893
3468	1722
2625	1550
3322	971
1139	893
3840	1666
4872	4382
4776	3536
3813	1527
1037	116
1147	238
2698	2568
3289	2269
694	247
4151	4011
4010	2199
1505	892
3597	2053
4882	822
491	313
1553	36
4070	1381
3061	533
4487	1750
4401	2617
3568	1921
4525	2347
2199	293
2625	1881
4308	1333
4336	35
3116	2136
343	222
3582	1670
1654	946
3367	1806
2361	123
3605	2143
3116	728
1670	26
4070	3938
1527	388
4301	971
4036	309
1679	302
1613	7
4301	67
4861	1679
4182	3237
4301	1219
5107	1679
5096	2829
2178	187
1938	1679
3116	1362
3905	601
4495	477
2597	550
3322	601
2684	1085
3907	1180
4674	4651
1679	294
4399	3687
3866	1640
4131	1273
5126	3824
5031	3925
3582	3423
2946	111
1826	831
4035	2142
3840	2858
4694	3116
3827	2851
944	67
2241	1812
3864	1331
2102	1139
3263	3116
5040	3038
4841	942
3377	2230
803	509
3379	1313
2625	1927
4220	3754
4627	4580
4070	3597
4339	2118
2704	116
3687	2438
2835	1338
2862	1626
4767	892
1527	1092
5091	4111
4230	116
4933	3116
1679	366
3045	2230
1679	374
4693	612
5128	928
3317	1119
4962	2526
3116	199
3026	645
4170	1679
4070	2560
4858	1800
2241	2234
4962	568
1888	1362
3481	116
4308	1679
2723	823
4623	2834
4964	694
3730	1679
891	452
828	187
3795	1679
2027	89
2438	2078
1912	1850
2306	7
4380	556
3369	43
4151	3747
1527	1333
4596	3330
2438	611
704	226
3853	299
2735	2342
4113	264
4048	2924
4165	293
4876	3591
4950	504
3687	1510
4962	492
5107	477
4236	748
2178	1108
2382	1309
4943	833
4962	2182
4775	2197
3295	1215
3995	3376
4444	1679
1833	1614
2798	2661
1139	510
3093	1527
4113	7
2986	1454
4775	3914
4318	116
4961	4095
1505	443
4586	1483
2946	2142
2835	1951
2724	2556
4928	622
1068	294
4480	4273
2835	2519
2170	756
3455	1256
4381	1705
176	130
5041	2547
2342	1774
4480	1701
4301	3067
4775	3069
5083	1722
4908	2185
3930	3924
1679	1049
823	201
1654	892
3116	130
483	444
3284	2188
2940	1108
2904	1679
4764	1110
2178	1492
2506	994
2099	513
1215	978
3991	2172
3130	1679
4525	587
3337	2099
4236	2433
4928	4603
4729	1486
5078	2940
1108	89
4554	2530
4775	2257
2796	1533
3739	7
1903	1132
4377	116
3102	187
5079	4271
4051	2090
4242	4070
2329	1460
2616	893
4872	2342
3895	1147
1331	1105
4872	3814
5028	3116
3722	1840
4051	1340
4775	2893
5154	2438
151	7
4955	4270
2389	2245
4521	2053
1679	932
3415	1428
4111	3357
1136	504
2170	1398
3481	1839
4525	7
1836	1679
2177	1642
2698	604
1923	1679
3674	1840
1113	7
1461	1182
856	748
2591	1360
3953	1666
4515	2166
4113	1527
5034	4674
1911	22
3518	2027
2698	910
3467	79
3955	1667
2334	2241
4729	3930
4675	1679
3564	1806
3770	3511
2037	2011
485	224
3939	3907
1215	571
4525	3895
2049	1415
1929	1774
4623	3701
4402	3116
3167	19
4841	222
3925	36
5082	4113
2585	1108
3261	3114
4362	176
4036	1679
1847	1747
4301	2526
4392	116
4964	1579
4533	3860
4780	2322
4565	3116
3516	162
2530	2438
2027	134
2676	7
3575	1267
5120	339
2743	1119
3920	1679
2799	2118
3555	2613
696	22
5079	387
4554	3935
4964	1667
4480	2105
886	314
4404	3446
3984	2755
4189	1254
3847	248
5134	550
2751	1844
3294	1563
2805	106
4406	547
4962	3369
5003	1068
5126	694
2946	833
1806	1487
4113	2495
2027	692
4107	2170
833	192
2747	604
3829	589
4841	593
4775	4208
3116	1648
2798	1701
3408	92
2755	123
1620	706
4509	2842
5008	3145
2871	2746
4271	2329
5028	4306
4201	2534
4872	2739
4694	4401
5078	1487
4113	3116
1844	1253
3957	3365
343	36
4775	2716
2191	1626
4101	1679
1679	1375
2241	1806
4962	3574
4274	3322
928	313
1657	1573
3688	952
2835	35
4764	2258
2940	1105
3261	1806
4070	3672
1213	314
4271	2775
4960	926
3623	1413
4035	3941
3274	2839
4082	2438
192	7
3307	1106
4301	944
3582	2051
2118	1503
2387	1454
893	865
3016	961
4962	2426
4274	2653
4962	2987
3204	1679
5038	865
3902	2170
4152	2156
4107	1028
3829	2582
4775	4729
960	665
4770	694
1191	1096
4163	3528
3739	2420
4018	3974
4775	2554
3866	340
2818	1527
5145	735
1453	1117
4841	4580
3116	1267
2747	2735
1365	1215
2118	485
4070	1063
3280	222
3382	1659
1748	961
3285	2511
4480	788
4798	1213
3428	421
4840	3236
4923	1866
4273	3939
5035	2766
2185	2170
3582	2142
3582	3415
2952	867
5113	3939
2706	89
4045	1933
4876	100
1703	1215
4923	2798
4767	3825
3621	2410
4905	1331
3369	1833
1646	366
4189	2170
4185	1728
1499	570
1679	957
4640	1136
1028	314
4775	4544
4940	1034
2883	187
4435	452
2616	1553
3354	1740
1499	208
4448	116
1430	885
1745	1626
4474	4264
2185	1633
2540	116
2199	1679
4264	1952
3094	1679
4457	2170
4509	2379
3116	436
2738	1679
1256	655
2174	1331
4551	1984
4343	1510
5040	2199
3663	3513
3740	1213
4293	2353
3536	2835
4174	1726
1831	1679
2341	978
3771	2851
4775	1598
3503	879
4163	1917
4457	1679
3442	2188
4325	1679
1951	902
2142	472
4827	116
1108	416
4276	3692
1679	1236
3830	116
2989	1679
1617	585
1483	67
1865	1078
3117	2361
3536	444
803	652
1840	187
1215	241
2308	1187
4167	1839
3490	896
5080	2465
1432	404
2108	379
4908	4070
5082	1897
2003	1679
5033	116
4833	3116
944	89
3962	928
4623	3687
4144	3444
4160	1679
1679	732
3299	2939
4651	4271
5095	1887
2170	942
1367	652
3208	1253
4150	3551
1533	1092
2582	1215
374	92
3071	116
3709	2306
4923	476
3624	1679
4962	4242
1527	7
1641	803
510	340
4640	1415
4273	1331
2021	1551
2438	1051
4962	942
1679	940
4790	788
3021	116
3990	1774
4271	3866
2438	788
1679	1146
4981	476
4809	3557
3853	2653
4827	618
2973	963
316	72
3331	1679
2582	1267
3008	1074
4070	2199
3292	1984
4097	4035
928	187
3984	1467
1679	1121
3575	3262
3701	1367
352	116
2421	2238
1705	686
2290	694
2657	1108
3659	1461
706	255
1989	1674
3602	963
4201	4170
2534	314
3056	2102
3905	226
1550	915
4380	2170
3724	2653
4455	3026
4775	4237
3511	788
2438	2193
4271	3190
4101	116
3132	750
4651	3299
2181	1641
4861	1324
2053	574
4525	1584
3493	1047
3845	1105
5122	2922
5078	3367
3555	28
4201	2760
4623	253
4526	2342
4480	4035
4882	1398
2438	1701
4293	928
5035	1531
3272	1309
4301	3026
5154	309
194	116
4525	2560
3262	2137
1946	611
4070	740
3957	3739
3210	1067
3859	100
4637	1527
1504	1432
3468	299
3151	1679
2625	2234
4905	3367
4580	2118
868	218
1679	548
3839	116
4225	4051
3788	2172
2383	499
1454	946
3602	3176
3636	893
4955	31
5113	2078
4642	3117
4962	4689
2078	1553
1774	1679
4271	2939
1551	1113
4923	3995
3686	862
2270	2142
2053	1667
2269	1952
3674	2031
4712	3853
3210	1679
4981	3275
1215	589
4729	694
451	314
1667	288
1525	664
1414	664
3237	1461
4861	4670
3250	3116
1527	983
2465	2347
2501	899
3361	735
5128	3202
3471	865
3038	723
2946	2798
3446	2047
1975	1343
893	314
1703	570
2798	1670
3866	1180
4264	3116
3434	1667
4038	3395
4928	2934
4182	3114
2163	1203
2616	1895
1679	707
3493	2796
1492	116
3653	3413
4860	4301
2027	1958
3338	1113
1836	116
4767	587
4962	1505
2985	622
4113	1270
4129	2829
4775	4029
4480	340
3294	988
3358	1652
3853	1108
4521	2166
3688	2893
2347	7
1213	761
5108	3757
4119	1958
2924	2118
1248	248
5113	3056
4721	4268
3629	610
3116	2177
3395	2420
2975	2502
2547	509
4045	1402
3582	26
2465	1912
2436	1213
4175	116
1983	1341
3602	2835
4761	1865
449	313
1910	52
3616	187
4560	3385
3552	106
3153	643
1483	1215
4818	2438
3555	965
5153	2102
4406	1324
4874	1585
2625	1543
1679	898
3446	449
2501	1747
2551	1113
1722	1679
3686	1678
1940	1108
2476	701
3116	2691
4460	3116
4872	1250
3272	1505
2266	967
3847	921
1324	1127
2118	1866
4271	3511
2698	2522
4874	326
5062	5008
761	448
4469	3863
1927	1726
2747	2051
4775	448
5126	4580
2526	875
159	116
489	58
1679	1045
2101	589
2883	634
3924	3602
1679	1533
3490	1415
1254	652
4201	1903
1679	775
3739	2924
3399	2676
3405	2438
4460	2438
3536	1847
3674	3116
4492	2169
5040	4584
3682	2470
3724	833
1215	928
4045	1747
4901	266
1679	1483
1091	694
5085	2835
4945	692
803	485
4028	3348
2775	460
4962	1489
5144	1115
265	159
2985	2027
3474	2946
4306	3781
2174	279
702	474
2142	867
4045	3202
1754	1679
3399	2514
2834	1293
3864	2858
2053	314
3361	692
4113	4035
2347	1092
3564	2174
2170	2070
2118	1901
4864	932
4775	1248
3141	1460
4841	4775
2917	309
2698	2024
1641	501
1883	472
3507	1679
1852	1679
5159	449
4997	4962
4759	248
4771	92
3682	1747
4161	3984
3718	3116
2964	2404
548	235
5031	4960
651	18
3237	1679
1215	673
3116	426
4271	36
5146	1679
3466	1752
4880	601
4882	1168
1215	1063
1062	159
4097	1836
5028	3845
2227	387
2839	1679
3735	3116
3678	517
4620	2698
3258	329
4775	1495
4474	3294
4712	413
4220	14
1844	116
5084	43
4274	3907
1521	513
3176	942
4525	1975
3272	65
2013	393
2497	1679
5120	2329
4444	116
3816	1113
4689	1105
5156	1844
3754	2858
4640	507
2257	1288
3528	1432
3518	134
4459	474
1883	971
3852	2704
1248	116
1679	1221
4888	2724
4827	111
3816	2511
2241	1487
4646	694
4252	116
4301	1193
3950	1215
3735	652
4134	2438
1585	104
3674	2438
4880	364
3957	452
4973	116
3920	1579
4165	960
2965	116
4101	976
3944	1215
4452	2053
1068	868
4580	1113
4525	1747
1614	1454
2636	92
2190	336
4955	2934
1426	1329
3175	1467
4685	958
1679	1339
4325	2438
3399	1415
2438	1156
3908	2170
3160	837
3116	2066
1679	1277
4220	2951
4544	3450
3754	1806
4095	3532
3602	3081
4480	3995
1543	174
4848	3575
3116	329
2669	2118
3486	2075
1337	1108
3116	2799
2893	314
3481	3116
2751	2099
2259	1113
3382	2379
3866	3853
5012	3598
2726	517
2181	750
674	116
3942	3665
3116	673
4509	192
5008	1774
3665	1187
5062	1679
3116	2118
1891	1262
5089	387
4480	43
1679	1048
4772	4525
4544	1483
3116	3093
638	339
4986	4473
1951	1625
4500	7
4270	1679
1746	1494
4011	1679
2798	2666
1553	867
4515	116
4329	2582
2329	2118
4070	288
3067	1726
3493	928
1887	314
3687	2105
3116	381
4872	72
5120	3864
1108	853
4002	1679
4780	2049
387	89
1970	1338
4923	2078
5035	1051
4960	3008
4300	926
2434	2003
4018	2934
4858	35
3866	299
3048	2934
2024	1626
2708	1527
2546	74
4293	1108
3687	593
2118	638
4964	1505
4841	1037
4882	1341
3446	421
2389	694
3026	352
3603	1679
2952	1654
4962	1236
4944	803
4860	2177
4525	2078
3687	2053
4502	3974
3000	1527
1527	684
3962	3586
2342	71
4985	2181
1313	1286
4093	2170
3864	3237
1674	961
2193	444
4066	3116
2234	1679
4238	3116
1679	515
3582	2209
3674	841
1958	893
1215	460
4882	1544
4163	1626
2141	624
3653	3208
4036	2064
3678	1679
2476	1127
2340	1865
3466	3354
1679	1125
4119	570
3591	1679
4976	1453
4761	2791
2266	1108
3901	89
1179	330
2871	1051
5080	1625
1858	1705
3116	492
5040	4860
4606	1108
3827	1863
2636	1679
4070	116
2172	1215
1303	1215
4035	2438
1553	1215
2476	1255
1398	314
3582	2204
2723	1293
2616	1701
3951	2768
2511	2347
4818	4111
4901	3488
2075	1460
3067	2625
4201	211
3731	1679
3602	2361
4365	1398
3488	2270
3116	78
3444	2703
451	116
4695	2118
451	176
1966	413
2835	67
3211	170
4674	1527
4962	2768
3536	2584
1108	898
3982	2573
1983	1034
2685	255
686	7
4271	2668
4712	2900
2986	2726
2334	875
2156	1932
4775	1106
2230	1334
2704	811
4764	2695
5042	265
4271	3853
3175	2118
5086	3116
5120	3093
893	111
2987	1679
2928	2725
4545	2005
1858	988
2709	1527
2317	1679
4775	2310
4418	1453
3716	3395
2625	2000
3402	144
1527	1273
3207	2322
1897	662
3399	2438
1527	1327
4882	907
1895	343
589	116
2075	192
3406	748
4565	7
443	339
3328	455
2295	116
4962	468
3859	3382
4580	457
3116	2054
4178	3116
2884	2835
3829	2170
455	335
5113	788
3877	1986
3456	2889
4877	1679
3699	7
2438	111
2133	1113
489	483
4775	3528
1051	893
3907	89
4402	100
4418	3860
4200	1078
4867	4361
4131	2395
3842	1333
4045	3179
4554	4488
3026	2105
2946	638
4271	3984
2819	1679
5108	3245
5103	2170
3228	1883
1420	193
1652	1365
5006	4306
4035	1108
5008	4495
3275	1938
2342	1428
2133	63
4580	892
3942	2989
4502	4163
4119	1067
2142	1640
4729	2014
1679	164
4985	3116
1990	116
1113	892
3038	1747
4068	665
3672	2946
5134	342
3116	2952
1679	925
2309	314
4785	3116
2698	2426
4152	716
2342	2321
517	43
3116	1203
4070	4022
4594	3568
4620	3026
1640	1202
1521	1415
4399	1474
1156	46
1658	1313
1861	1505
4651	1670
1805	1679
4271	452
3603	2594
4271	3841
3385	2174
2952	1679
5079	1286
3935	116
4163	3624
4586	3582
5062	4949
4545	1679
1640	1215
3518	2939
3866	2270
4770	2398
1338	867
4293	2856
2438	1304
4306	477
1181	116
2708	1270
3696	1930
833	387
4674	4273
1492	928
2329	1215
3320	3116
3853	3493
4770	1540
3116	963
3827	1102
3361	2794
4197	1553
5006	4770
1979	865
2511	622
1929	1645
5120	926
5110	4775
5145	750
5128	1113
5134	452
2290	1617
1476	1375
4005	3962
2496	2379
3602	1460
3493	2342
4538	1954
1679	1108
3122	1582
4501	4059
4923	3573
3176	160
2570	1108
1598	452
4010	2434
1970	1527
3116	2347
4432	1679
4254	3317
3284	1001
4580	2512
1918	1679
4252	1938
4841	2716
3687	2266
4880	3237
4450	1527
413	187
4816	3977
2361	1983
4765	1375
2594	651
1953	314
3008	1746
4675	4070
1897	1525
4097	4011
3226	2322
4271	4035
4627	1527
3488	1760
4949	2118
2704	892
935	571
2142	36
3245	89
2704	2570
5089	4962
4276	1679
4201	2398
4461	2395
3443	460
1866	638
2227	833
2653	476
1679	587
2676	2317
4841	728
3962	1215
1617	123
4448	1248
1291	418
3939	3760
4674	589
2496	1120
3376	1553
4876	28
3446	3132
3955	2435
4301	3687
1679	1116
3944	2322
1728	1113
4775	1643
3735	2245
1430	1329
5008	4480
3488	2654
3531	926
4340	3231
1933	1454
4137	452
3376	2616
2985	928
5034	1108
4273	2142
4274	2152
2458	1679
1679	1646
4642	1085
3027	1679
2993	1156
3237	1215
4197	2230
3905	3114
2404	942
3532	71
1215	111
3225	314
4619	942
4954	4841
4876	2939
3446	817
2613	1929
4775	2459
3116	3010
2040	74
3962	1157
4962	4457
3399	942
4245	1514
3367	1487
4399	2616
1267	16
2459	1679
3145	2270
1679	1343
1527	365
745	116
5080	4729
4960	1327
1550	1543
2142	1670
2616	123
3481	1623
4289	3636
2311	1107
4308	3974
3730	1527
1901	1215
3116	151
2347	1147
3192	2108
1992	1679
1518	490
3192	2199
2931	314
1553	1286
3072	2704
4095	2118
4417	925
1598	1324
3084	1215
4962	4841
4587	116
865	187
4311	3382
4170	1505
4775	2070
2492	1760
3991	241
1527	515
2560	652
2804	659
1921	1774
3042	487
3493	1533
1695	1533
4940	89
3982	116
3446	1521
3493	3116
2704	810
4196	3202
3629	1271
5062	1386
4201	958
4859	3322
4377	1679
3571	2170
3438	3204
1684	116
3114	279
2102	1679
5149	2014
4837	1966
4045	151
4271	200
2240	1679
4095	673
4693	116
3116	2670
4059	2704
3016	1215
2940	2347
3881	3614
4662	2476
2415	1999
4134	2169
4266	1679
3575	2002
1598	342
3061	2692
3116	2492
3455	1215
2985	222
4488	1679
4525	639
1752	1295
5008	472
3840	1119
4648	1679
3623	1261
2280	226
4712	3536
1656	1454
4271	3995
4797	3116
2039	1679
65	7
4245	2031
3237	2877
2003	130
5115	3747
1705	1007
4735	3354
2334	387
4480	865
3980	1897
4986	2269
1215	359
3228	1119
4266	1986
1980	1679
4242	100
1912	1679
988	902
2376	266
4278	1543
1953	1527
2341	349
1679	1499
3825	3609
865	127
4250	3000
4097	314
2177	2039
3204	1887
3614	3116
3116	248
4399	3939
4309	159
116	80
3724	2227
4711	4036
4113	2105
1617	898
4827	833
3116	1476
4525	1642
893	833
3292	122
3297	116
4817	3116
2487	1674
3358	1679
4635	1667
837	144
4785	1752
2647	1329
3289	2227
1402	1313
3665	879
1684	452
3289	1034
5006	488
3116	1510
4939	2501
3093	2883
1742	92
4035	2511
3957	159
2987	803
1991	931
3709	3413
1533	7
3724	2755
1951	571
4101	4070
4940	2653
3571	116
3939	2142
3738	2105
3859	2389
3571	1679
2818	1983
3284	2245
4962	2941
1614	1108
1679	1078
4306	4107
2613	67
3413	3026
4070	2178
4137	2487
4943	1640
2775	476
2712	1271
4144	2476
4139	1991
2124	891
5006	4070
2506	1261
1844	421
3636	952
4607	1679
1168	1108
633	4
194	100
3864	3367
3771	3582
1643	1086
1964	1679
2557	1521
4163	1187
4580	2703
4962	2676
3328	349
1938	1746
3615	651
1313	342
2952	2379
3752	3056
4406	452
1756	116
2047	1679
2835	92
5031	3960
1684	1324
1679	1136
1679	559
3991	1679
4943	2798
3409	1839
4941	1527
4711	222
4279	3739
2877	2692
4045	1953
3957	393
4252	1774
1527	865
4962	348
3428	3109
1460	252
1679	1409
1415	665
3093	1454
3605	1690
3116	988
3202	2078
1836	1168
2170	1063
3924	2230
1215	833
3962	3924
2434	116
3754	1331
5085	3486
4163	1333
3582	1703
3564	279
4095	3894
2649	313
3575	3225
2021	1983
3781	116
4859	2257
4445	1679
3704	74
1679	134
3455	3143
333	313
4962	1626
2890	1527
4306	509
3232	1679
2650	313
1936	164
4890	2193
2185	1492
4301	414
4841	803
4694	3544
4399	4325
3415	2013
4045	2939
2492	2353
2438	510
2438	2395
5107	7
2823	1778
4764	35
2758	1679
1679	144
3275	215
2170	95
2685	653
4028	1113
1454	533
2789	2526
3870	343
3568	2241
4525	1617
2182	116
2887	193
4511	153
3486	3116
4662	1679
4452	1679
2653	2269
3486	1617
4467	1113
3676	1679
4976	3847
2704	1341
4911	116
3275	2909
2427	1167
1679	865
3488	455
3286	1068
4417	1705
4139	750
2900	98
2698	923
1679	1633
3385	3114
1679	1540
3962	66
4650	1846
4120	414
4122	1505
3116	1954
1679	801
5091	3299
967	116
1679	853
1402	1108
3056	2798
3202	510
3767	1108
4306	3116
3116	2723
288	279
2934	53
3722	89
4646	1573
2495	664
4770	3954
4986	387
3665	1128
3739	116
3116	1839
5096	893
3451	1271
3636	3116
2799	2361
4674	1866
3367	1182
1684	1598
2755	2628
1505	748
3228	925
2642	1679
2476	942
1679	817
3739	1987
1259	452
2799	1617
3116	1679
4962	1007
3951	116
2743	2706
5095	1409
2952	2496
4036	1534
4728	2438
2290	1119
4580	2049
3450	229
2706	1679
3116	2075
5084	2698
2063	1020
1975	1679
3063	1020
2118	340
1679	678
3160	293
4035	443
3663	3231
2973	1527
3350	1726
4480	3408
2310	1113
2939	112
3977	3446
3859	3116
5095	926
4775	1749
4271	961
4859	1034
3080	313
3116	1641
2142	1286
3573	2193
3115	1626
4887	1412
2448	2199
4594	3991
3935	2013
3118	1679
4306	2573
3591	3145
2703	2434
4509	2495
1440	89
3468	788
3602	831
1588	116
2735	302
3103	2040
1679	896
4943	859
4710	3116
3853	36
2438	509
2829	314
5154	971
1037	971
5120	3870
4619	944
4770	3116
4196	638
1327	36
4271	3231
1430	1333
4962	444
4473	2585
4301	3591
4185	3445
1093	856
4651	253
2698	1626
4011	3984
5078	1461
3219	1543
4460	1679
3493	366
4586	570
5103	1527
5016	2835
1800	1215
4962	2168
4170	4028
3067	1626
3967	116
2852	1880
4500	2661
4670	1866
1485	891
3962	3084
4985	750
1679	1331
1527	587
3767	339
2501	241
2102	1474
2626	488
1667	722
3003	1746
4129	314
4876	2270
3674	1514
4131	3116
3591	2698
3722	2031
4880	1108
4460	67
4498	4070
4457	1667
4775	1540
4110	1679
4045	3423
1503	1068
1912	694
3739	686
3511	1555
1747	187
4775	3797
4882	477
4467	3649
973	862
3607	2653
2100	1187
2704	489
1679	643
226	200
3860	3847
4354	3116
3535	1679
3722	2118
4035	2177
5108	4859
1679	1097
4976	2185
4461	1747
3140	313
2334	1331
2492	1740
4097	1726
2099	1641
4517	2438
4066	651
2884	2818
3376	2438
2204	398
5080	728
3995	2389
4107	1679
3369	517
4712	4036
2438	1703
2814	652
2940	1093
1679	629
3839	750
4467	4107
4816	2805
1113	100
1679	953
2842	946
3845	2090
4086	1269
4882	1028
4674	28
4301	3939
3488	696
5021	2487
4940	1058
4468	1108
2835	1430
3602	1085
2049	146
2835	444
4502	1987
1679	26
2931	2172
3716	2049
4785	3855
2547	1492
1679	1476
1987	556
2494	1679
3722	2027
4962	2789
3008	2038
4775	2522
1481	92
3136	116
3840	3047
3056	1999
3116	1265
3683	927
3602	2057
2746	35
2704	1489
816	309
3488	898
2193	761
2264	1586
5128	3754
3905	1487
4827	123
3003	2909
3100	299
1738	1679
4764	2835
2163	1085
4274	3939
1679	109
4200	812
3709	7
1106	314
1384	651
3051	1679
1679	1248
2805	942
1113	374
3870	2835
1679	1517
3352	581
2051	1056
4772	4271
2367	1679
4775	1890
4689	1487
2204	961
3757	833
2476	1579
2118	1119
2270	731
2329	2230
4943	3413
1679	1085
1641	224
895	589
3399	159
5008	1454
3450	1987
921	393
3294	2420
868	574
3603	2459
2438	7
4245	1248
516	116
3056	1202
4273	788
4911	4271
1679	351
3853	2166
2934	299
2511	1830
4509	3754
4651	2939
3639	1037
4630	391
3237	384
4943	1474
1462	652
2398	314
2934	2259
4339	1679
3754	1454
2739	226
4263	92
4461	896
2311	1679
5062	664
4525	3488
3116	2374
1679	340
5038	4036
4950	1844
3116	2182
2959	2013
4827	2755
2616	1527
3877	602
4075	1679
3012	1260
1588	1555
1679	264
3354	2765
4383	1429
2871	2438
2909	2640
3924	2835
4775	4306
5083	3190
4685	1453
4480	2245
4905	4152
4905	2241
4627	3840
3132	2981
3116	1430
3116	2078
1430	32
4711	4603
1527	1504
3592	2166
3116	858
2496	867
4818	2653
4789	2199
3870	2438
4943	3026
4580	2199
4003	2698
3935	3322
4908	366
2269	842
3056	2203
2835	1917
4200	302
3294	1309
3061	1093
4872	3859
5113	3907
4131	3395
2764	1679
2877	1093
5083	1952
4525	3116
812	302
1679	838
1741	735
5120	1800
1462	706
4639	1037
1966	634
5002	3709
2438	364
4955	3361
2053	994
3352	1215
5096	3084
5035	1110
2775	387
3603	2118
2951	365
4399	510
3905	3564
4670	3423
5130	3404
3582	1078
4480	2628
4430	1626
1113	58
3901	1256
3116	1313
4097	2698
2011	89
4662	942
2934	1540
3518	1215
4481	187
2185	1453
3582	1980
4196	3866
4712	2177
4978	1679
3722	3582
3493	67
3941	3840
4361	958
3116	1087
4038	3636
3116	712
4001	2347
1679	1113
3991	1460
4301	1679
4293	3226
1653	298
3433	1527
1679	1657
946	867
3446	1621
2957	1527
2185	1215
2639	2487
4841	1115
2199	271
3582	955
2768	122
1936	1679
4137	1598
4495	472
2438	1485
2133	1460
4775	4282
2108	1990
547	393
2939	593
664	7
2125	1679
3564	3367
4070	200
4775	3445
1987	295
4656	2099
817	313
2266	2118
4962	3483
2535	265
2280	2118
4121	1203
2858	601
4841	2767
4445	3582
4580	1975
3167	1265
4271	820
3747	3166
4636	1614
2676	489
4480	1553
1640	1527
1215	1088
4651	2798
2735	1679
4336	509
4874	1679
4861	1800
1679	731
3026	2877
1679	247
2099	1586
2625	1747
5130	3984
1674	1609
4985	3322
3428	1215
1555	638
2241	962
4268	18
3875	2438
1679	1666
1679	921
4480	1286
2775	299
2118	1092
1042	116
4167	3895
3103	2305
5120	36
5096	2203
4619	2698
3284	2924
4753	1679
4525	2290
4772	1584
1215	255
4764	1679
4045	116
4325	3995
2257	1527
4872	271
4271	1701
3116	2024
3853	1202
3647	116
3914	3282
2852	2842
4070	160
4525	2739
3843	1215
4048	1679
4861	452
3116	1455
4951	1215
1679	185
1979	387
4962	1036
3709	389
3116	486
2625	1623
4130	2142
5084	5062
2327	1679
5146	150
2466	176
3132	18
1679	1471
3602	2210
574	448
4118	3450
1679	1086
3367	2174
4039	3116
2207	732
4525	1533
2465	326
942	761
942	801
2669	1168
928	28
3450	792
4729	2347
1903	1726
4646	1533
2322	899
4461	2027
3511	1553
3395	1413
3228	2270
4640	333
1679	1503
3468	7
2241	2240
2347	2118
4482	3042
5032	3116
2124	1313
3446	1527
638	340
3198	1041
3855	3262
1582	870
1979	476
4070	253
815	89
1532	942
1147	1119
4882	3286
5134	3198
1461	343
4923	833
3802	1679
4967	3362
476	387
3116	842
4999	667
2939	1883
4586	1679
3262	1057
1844	750
4220	2367
1679	1585
5128	1428
2492	1917
3747	2438
4960	4165
3747	2193
4101	2704
4051	2099
4271	2666
4293	3689
3330	3299
3602	1983
3534	3224
5043	393
2497	486
5148	3116
1930	1036
3428	1844
2951	2530
3382	1120
2261	1679
4861	2584
2613	2329
5120	1331
1460	1108
4775	3975
3575	116
3925	3116
3082	1679
3863	2170
4761	1936
4955	3116
3116	831
2775	2530
3116	1399
1193	116
3211	447
4487	2698
4059	1113
1754	116
4606	255
4301	134
973	314
1215	7
2248	1085
1329	1140
4461	4111
5101	4417
2099	750
2883	2374
3895	2511
5123	3116
5080	1527
4365	130
4859	2653
4134	1932
3925	229
2973	2230
3552	826
1679	36
4943	4480
3962	3011
2142	1045
485	293
4070	3853
5040	3536
4841	925
1679	1179
2556	1065
4775	1338
3069	1063
4779	967
3299	1901
962	241
3220	116
1291	16
3984	3322
5091	2698
4861	4137
4001	1679
2347	2075
581	313
3446	2650
3493	3067
4249	2792
3295	859
3731	3687
2353	14
4035	859
2989	122
4059	374
2666	1527
3413	2548
2193	448
1667	488
116	79
2973	314
4011	925
2847	116
1085	314
4201	3395
3317	2894
3922	1521
4399	1679
4872	4361
5120	2172
2863	2698
971	89
2577	1313
4406	1041
3747	118
4939	3981
4551	3665
1983	1297
2940	748
5059	651
601	238
1527	1365
2438	1213
4858	3286
1746	283
1711	116
2142	1774
4170	2893
3847	1453
1679	1148
1627	187
3082	187
2181	1582
728	89
856	691
4818	339
2434	374
1533	1113
3743	176
3385	3261
4943	3995
5071	343
1945	1620
1214	750
2319	89
3367	2241
1573	4
1800	1324
3026	460
4509	492
3384	1679
4236	3754
4398	3450
3511	2798
3116	1055
4398	694
2190	1527
4271	704
4981	2799
3116	3044
2554	589
2037	803
3116	2737
5006	4882
3831	2835
1679	854
4271	3415
4962	1483
2887	803
4872	629
5080	3117
4646	1313
1924	1187
2166	271
4492	2049
4101	2170
4775	2329
3294	1062
4789	100
4861	841
4756	2203
297	53
1214	313
3957	547
2178	1248
1679	1660
4399	4196
3941	3100
3587	1215
4526	387
2254	1679
4775	4311
1492	1215
3485	1215
811	333
2582	89
3696	2726
4083	332
4475	314
4503	1679
3935	120
2887	2163
3687	942
4780	3739
4365	3984
451	18
2438	1430
4404	2040
1679	1189
2053	116
4779	2877
4798	803
4293	4220
4764	1051
452	342
4841	3944
4103	1679
1895	1527
3258	3224
4580	959
1679	1505
2649	513
1454	893
3488	1101
3687	2939
3905	2476
4144	1983
2170	309
1679	1472
4580	2234
2818	152
5159	3446
4308	2624
2118	942
4640	2661
4499	2466
2403	444
3367	2146
4480	1270
3486	1119
4580	584
4170	1532
4734	1679
4686	1261
2676	2511
2967	942
2199	1563
3289	1332
750	504
4286	1679
4185	1540
2404	801
3735	374
2329	1774
1215	1132
4488	3208
1527	314
1659	314
4667	4461
2685	241
2257	1951
3672	187
2585	713
4685	2438
2718	1679
2438	2266
4070	1030
2628	92
3770	2946
4586	293
2178	89
3860	347
4361	2166
4290	1806
2342	2334
3225	2450
5122	3816
1281	394
4152	309
4861	4544
1861	1851
3433	2118
2389	1640
2506	444
4973	1679
5080	837
4353	1726
2465	694
1087	732
3942	521
4201	2936
4696	1840
4861	1527
3847	1117
4113	151
2382	455
4928	2589
3445	2684
3954	2893
1627	1113
4685	89
1746	1215
760	116
2230	116
3122	116
517	347
2170	14
3560	449
3696	268
3220	2027
4383	2066
1798	899
4523	4170
3116	1000
4201	72
3322	2653
5146	279
879	122
4789	116
4129	172
4201	891
2835	101
3116	1565
1679	1066
4517	1527
3984	3404
3895	116
4228	116
2175	1679
1140	255
4194	3042
5071	2170
1430	1067
2973	100
4201	1840
4258	1936
1679	728
4200	1980
1120	895
5122	4790
5149	1897
4404	313
3953	550
4580	349
2753	0
4480	3687
4271	1137
4962	4274
1260	831
349	247
5078	3905
4301	3493
5035	2438
4200	808
3294	1858
5079	4670
4537	1740
1285	1213
3982	2829
707	133
4036	2917
2698	1826
2805	2753
3008	1327
1679	712
2955	2799
4018	3466
2616	510
5043	1800
4041	2291
1642	299
4353	639
4505	1679
2438	2142
5028	1020
2792	1096
1667	792
5008	4433
4271	1463
3116	961
3747	2888
4093	1924
3117	3116
5128	489
2398	1626
2877	1327
4110	2625
4949	4480
3026	1325
4237	2210
1598	1248
2560	2476
4908	4022
2118	651
3582	391
2951	1202
4525	2506
2230	875
5040	4120
4962	1958
4837	3860
4052	3274
1243	854
2272	1679
4306	2934
1679	1413
4095	1938
4482	129
3072	652
5120	3829
1113	123
3704	1667
1489	116
4960	343
5008	1474
3840	2043
4201	3862
4203	314
4177	2099
2047	313
2755	2653
4700	1527
3575	2770
4872	1521
4201	2685
2410	2013
2522	1679
5096	4336
2884	1645
378	159
4928	4163
3224	1586
4586	1505
5062	3554
3839	3167
3382	516
4846	1062
2698	673
2142	947
4525	833
4467	159
3924	867
2770	359
3518	3299
4962	42
4962	4097
4580	2496
4949	1527
2530	2102
3352	2835
4023	1679
4623	3653
4336	1747
4560	1461
4943	1180
4271	947
3211	1215
2361	1746
4962	1416
2118	2075
5082	662
4130	2625
2259	1108
3829	2495
4962	2257
867	788
2031	971
3957	7
2940	1461
4876	4526
1679	1139
3369	1430
1679	1001
3582	2775
1215	1189
2932	116
4962	1584
3739	1778
1327	1286
3536	1127
1679	734
4955	349
2118	704
2476	483
4238	313
1666	589
4525	854
1679	1095
2013	492
2185	248
4872	4627
4496	1679
3262	3116
3724	3289
4775	425
4399	2270
1722	116
2775	859
4931	3299
1679	233
2507	1917
2551	1679
1415	1136
4301	3962
1679	396
4962	4178
2220	116
3672	833
3866	2118
4880	3864
4695	2724
4083	116
2835	1703
4580	2108
1837	1679
4301	1505
2798	788
4880	1906
1199	116
1679	1103
4450	3116
4517	2108
1679	318
3863	688
2934	1626
4827	3968
4636	43
4189	1108
3552	2078
2777	1527
2928	1527
2383	116
4059	3322
2385	2181
971	944
4689	1461
2334	760
2550	1527
3814	3455
5138	2828
2762	2322
1527	839
3090	7
4523	3842
5128	4674
2625	1414
4985	1679
4775	3944
4981	364
4236	533
4962	633
4775	1543
3361	1660
1496	314
1503	1215
1906	1679
4962	4580
921	517
1747	1409
2835	2651
3603	1950
4070	92
1640	1180
1640	510
4120	3323
4318	74
4775	1912
3261	2193
2777	1679
5120	4306
3382	2763
2118	1215
3763	116
2438	1037
1527	462
2653	1058
3377	854
1531	116
3116	2794
4962	4167
2511	35
3935	893
5148	1540
4373	3116
4882	3814
4780	1248
2118	587
2911	2051
4035	3840
1679	1101
3866	2078
1078	391
4670	3413
893	340
2698	1666
4725	1113
3179	2706
3806	1679
1679	692
4525	1273
3408	2438
5120	1667
5031	1883
5080	4642
3475	3116
4827	2653
4827	4196
3413	1991
4070	1679
3554	3428
4035	3299
5016	3745
3237	533
4538	7
1036	7
3116	1929
3907	1202
2625	2311
3920	1028
4525	1248
2747	66
4242	2053
4373	2016
4809	343
4775	1428
2458	1527
2040	1187
4798	3116
3075	651
4991	2753
1281	611
5031	1215
3582	1489
3940	1863
3586	3286
2883	2198
3740	3116
2829	2698
4433	3358
1654	1068
2775	1553
3860	2013
2653	833
3394	2625
2835	2342
4258	1679
3116	2137
4775	1218
1487	1331
4329	2708
2740	116
2852	1553
4386	3602
2676	1108
3788	250
584	7
3153	116
1679	314
1180	510
2438	978
704	460
1883	1640
3930	1147
5003	1613
3046	1912
1984	1056
3365	1679
5018	4775
1725	1573
4880	533
1726	1623
2070	455
3757	1058
3573	2506
3852	3534
3847	2934
941	283
384	224
3640	1679
4261	116
4623	72
4882	89
4912	3603
2852	192
1062	622
4523	4361
4693	4086
5090	2133
5031	3536
3116	2053
4761	391
2877	129
391	302
5028	2118
4764	2450
3048	2099
2725	314
5108	3582
2245	1338
5153	833
4775	2829
1313	314
1068	664
2000	885
4139	480
4271	3947
4770	2973
4908	2625
4653	1221
3739	2904
3770	2616
4775	1499
1659	971
4525	4113
451	32
2051	1327
4070	3463
2698	71
4446	3824
4841	3179
3797	1527
4962	3208
2374	1620
1555	340
1938	1728
3920	3116
4765	2835
1139	340
4901	1128
4070	3337
3852	3016
4770	72
2625	823
3866	339
3972	673
925	238
2487	957
1214	116
2077	1679
4728	36
3175	2726
4941	2118
4197	3114
4220	2568
3575	297
2818	123
1119	694
448	96
5008	4728
4022	14
3423	1553
2142	788
1156	170
3145	2078
2537	2011
3322	3289
2753	1104
4923	2102
3116	196
4537	2617
2894	364
5145	3361
3520	314
2883	1679
4923	3511
4613	1679
3564	3114
4182	601
1844	1586
3582	3179
2946	2628
3668	1679
4487	3450
4696	1658
3116	2125
823	418
4981	4943
4670	89
1453	973
4533	1527
4525	1929
2547	1679
5082	1760
4797	116
2077	1365
250	116
3272	265
2560	2118
3319	1839
3767	422
2053	215
2705	1679
2628	387
3930	1119
1836	1327
5148	4293
3328	2535
3198	2584
4131	2704
4827	2616
2755	1180
4418	1679
3687	2625
4271	3408
2118	1505
826	673
4268	4070
2238	902
3399	313
2199	1775
4435	7
4882	444
3901	622
2027	944
4034	1020
1430	414
4770	542
3787	299
2254	1527
3663	3116
1562	100
4779	2438
2118	803
4646	4271
4467	3739
638	460
2053	1106
4766	3704
4271	4197
4461	1679
2934	71
3282	1679
4842	116
3466	3262
4962	4756
2210	2118
4905	4236
1420	1148
4596	3352
4789	2172
4940	4495
3358	116
5159	2166
610	181
3731	3575
4034	537
2367	314
5108	2227
4085	192
3116	907
5096	3204
1844	513
4278	2573
3845	3116
4943	3573
2698	1933
2438	1108
2733	2698
2948	116
2980	159
4833	1679
2616	1588
2975	1527
5085	1119
2118	854
2835	692
3350	18
3863	2166
2706	2438
3284	1527
3202	2438
4861	4119
4454	1679
2735	812
4923	1180
2013	248
3299	1642
4170	200
4525	961
2582	1774
3586	1747
3557	3536
1488	364
3204	3116
2379	664
4729	1527
4841	2388
1684	547
4526	4111
1679	1267
1430	542
3951	1588
1640	299
4336	2746
2967	673
4313	3116
1975	1527
4517	1746
4131	3930
3472	1679
3404	3352
4011	1119
4594	3116
2530	1850
2308	1093
1340	116
1703	1551
3394	318
3299	1505
3840	3236
3840	2704
2904	2108
3114	614
4342	4267
4861	2438
1953	1215
4941	1621
4636	3696
2534	1626
5120	1923
1679	871
2529	116
5146	2940
3286	3114
1679	333
4798	3916
4201	253
4940	3289
4417	4039
4116	942
4502	1432
4718	116
3116	227
1679	955
2145	452
4059	3272
2487	2198
3511	510
3231	2585
2075	610
2078	1640
2706	2027
4201	1494
5038	3223
4551	521
4623	313
2703	313
2722	67
4882	3575
3226	67
3582	1483
2495	1958
2310	1527
2835	898
2725	483
4301	921
1067	944
2640	2591
1483	89
3623	728
3739	3493
4653	3175
4962	4437
462	213
2317	1991
581	238
875	856
3955	601
4724	2476
4986	833
4651	4170
1573	694
2005	1679
4874	3760
1253	750
670	116
2133	196
3116	462
1666	192
4775	921
3962	2013
1679	444
4404	354
4775	2382
2031	928
2805	1104
4962	2420
3607	2521
3249	2698
2636	116
1951	22
5088	2547
3925	1127
2481	1679
3114	2924
3116	2986
3573	1722
3967	3116
4603	2438
4070	759
3114	1487
655	89
3446	1415
2241	1182
3399	2476
2548	1679
2993	2526
2931	2170
4776	116
5120	4776
4789	250
2279	1626
4943	589
3210	944
3908	1750
923	116
3938	1085
1847	1679
3551	3116
3261	3237
1485	1467
3174	247
2118	1585
4905	2334
1958	1409
1527	345
2698	1940
4525	732
4433	1883
1958	570
3192	92
4502	3878
3528	1740
1487	1461
944	18
2487	247
2174	1722
1430	22
4933	1215
4273	2270
4780	1412
1527	1338
1215	550
4208	2704
2661	2099
2037	1839
5120	5016
4943	1202
1286	268
1365	332
3409	1641
5062	3272
4943	3853
5146	5078
4876	2934
3116	517
4962	2625
3116	43
3428	750
4887	1215
3629	116
1156	413
3116	1883
2739	2118
3093	1836
4775	2725
1679	1498
4775	1028
4940	3322
2401	1679
3972	1037
3984	387
4523	394
4070	570
4035	1588
2798	1679
4962	4619
4962	2157
4872	299
2682	651
3116	1585
4308	1504
2172	480
3280	550
4457	2704
2613	701
3924	2450
4636	1036
3536	2666
2582	2438
5008	1338
4271	2560
1588	833
5040	959
5096	314
4775	2731
2506	1386
1085	46
2722	170
3941	1505
2708	2470
3974	1136
3116	1733
4872	1287
4517	2199
3957	2904
1626	813
2235	1346
3225	1679
3102	1113
4271	1028
3586	1215
4789	480
4954	3116
2777	2230
4580	116
2982	1214
2513	1521
4821	3160
3116	224
706	487
4137	1324
4271	3687
1847	1800
4664	2108
2795	1430
2170	142
4674	4271
1679	1624
1854	1679
5043	1324
3175	343
4028	1573
2495	643
4933	1679
1128	879
958	14
3654	2181
2181	2118
5159	116
2948	1338
3575	1503
4985	449
4905	3754
1030	907
2547	1088
3259	1679
3714	2934
3586	2835
3672	1679
1881	476
5120	1895
3369	1036
3446	504
1487	279
2492	31
5134	2145
2625	885
3718	1679
5128	116
4981	3299
4670	4544
5120	3931
4670	3114
4271	7
2269	833
4525	2743
4721	3116
2975	550
3974	988
3924	2198
4028	4010
1803	1679
4790	1993
3258	489
5128	4036
4775	803
2829	1085
1836	1430
3228	3116
4144	130
2733	899
1327	893
2077	1113
4480	2939
865	116
4059	610
1367	1215
4417	1062
2537	1527
4775	1555
4201	701
3709	3664
2883	35
2739	2391
4674	2078
2630	116
2909	1938
2876	1215
664	154
5069	2438
2775	1286
1987	1011
4986	4775
3925	1527
3941	898
5115	1901
3067	2027
4775	3382
2661	1844
4674	4606
3445	1679
3866	1553
4775	1581
1670	1474
4764	71
5040	187
3739	509
2199	1733
5108	2653
3902	2698
4059	1505
5053	1527
3503	1128
1742	351
4882	614
2763	1741
4334	963
2212	116
5113	1045
3286	2874
4116	2560
3286	1409
4399	3582
4775	2777
3866	1555
5062	1270
824	694
3564	1679
2476	901
2334	1487
5108	3322
4642	2188
3518	2716
4525	1933
3924	2496
4880	1461
1911	349
2653	2521
3866	1588
692	436
4306	2190
2188	1573
4951	1127
4913	1679
942	492
2755	2616
4480	867
3116	3051
4365	1679
4724	4630
2522	1210
5153	2156
4556	7
4580	1667
4882	2027
2051	391
3223	2170
2476	1462
4670	3951
4729	3781
2825	1789
1127	488
4943	701
898	639
2511	1121
4197	1588
1067	971
2934	2170
4775	96
2448	174
4525	1866
3067	2177
4068	116
3206	2199
4406	3198
1613	1287
3116	2823
4170	1333
3228	2142
2835	1485
4365	146
2755	1640
1701	1553
4353	1092
1983	831
3056	1866
1028	116
4727	2746
2720	116
4872	1648
1108	639
4861	517
1741	750
3864	2940
4220	865
4038	92
971	187
2676	922
2628	393
3153	154
3674	3639
4017	1679
2445	116
3623	973
4597	2438
3116	476
4969	3352
3026	2327
4398	2373
2723	2199
4779	22
4789	101
3116	2874
4833	1527
3382	973
3564	1461
4313	2592
1254	116
3754	3385
4151	2585
2152	279
4399	476
4293	3323
3754	3061
5108	4001
4775	684
4775	1588
3942	2177
2684	664
2212	2053
89	67
3653	2507
2738	2118
4361	652
4362	1679
4729	58
2118	510
3006	36
3509	1679
2698	1679
4967	1679
5085	4365
2924	2230
833	638
2535	2382
5117	1679
593	472
3602	1068
2698	1803
651	52
4962	3722
1679	1313
5120	2526
3446	2667
4406	1598
1037	89
4697	4308
1659	89
1585	1313
4986	3245
4761	1728
1484	67
293	67
1703	1679
3757	3245
3226	1269
2466	854
3405	1037
2404	961
2884	1703
3228	2798
4943	4399
2835	865
3203	1586
4163	1504
2341	265
4941	4308
2625	1938
3907	2170
3582	833
4649	1503
2438	638
3367	2940
4767	3442
2363	1966
4383	4282
4028	1679
4503	2342
4381	116
2747	2342
3208	732
3738	3582
4808	1679
3116	635
4219	4118
3174	3131
2438	1503
3781	1679
2420	1505
5120	1485
2722	1334
4017	1331
2321	1430
3446	2118
5062	4594
4197	1270
4651	1108
4775	3686
3395	1679
116	72
4861	3674
2281	1679
4399	3770
4118	1705
4346	2796
2526	928
1679	1625
116	22
3289	387
3907	3518
4525	339
1573	1215
4880	238
3601	556
2625	692
5122	4980
4962	4594
5031	1608
3061	856
4670	3678
4978	314
1679	1186
1679	1119
4190	116
2526	2395
3044	1333
2170	859
4818	4045
2731	448
3071	1726
3672	2770
3731	1625
1270	1215
3942	1984
509	92
4151	1270
4525	694
1679	510
4986	192
3176	46
4433	1679
1679	686
3116	2724
3328	483
4962	3395
4711	2027
4336	3962
4943	2818
4770	1485
1866	111
3116	833
4101	2625
2904	314
750	735
4139	3122
4775	3806
2199	19
2118	1640
3046	2170
1248	1215
5103	1679
4962	448
4432	2653
2141	1891
4693	1430
2347	1585
2170	153
1573	1092
1527	960
2847	2310
3614	1527
4837	2889
5089	1215
4268	116
5035	568
2040	333
4962	391
4048	952
4695	192
1527	1432
1213	283
1573	1313
4798	811
1313	1092
4475	89
4325	2946
3860	2261
3468	1108
1213	942
4196	3582
3786	3116
3735	1679
2270	1454
3239	79
4253	759
3942	122
3250	2723
4554	1215
833	476
1741	1253
4954	2948
3011	266
2182	1839
4059	1039
3905	2940
1679	1432
4139	116
2763	1774
3488	853
3175	1430
5078	4236
3116	2990
1679	1020
4039	2511
973	116
2676	1679
4120	2071
4812	1679
4365	4059
4219	2963
224	126
3102	2782
3984	2457
4880	2241
3261	226
1420	1221
4585	1412
4775	2376
1551	1527
1113	92
1861	1496
3757	3724
4841	4525
302	164
5107	2893
1098	162
4872	3797
3202	893
3573	1527
5062	2818
2182	1641
3872	1679
4342	1527
2931	250
4217	1136
1215	476
3116	2743
4334	2934
5078	2692
5083	3528
2053	957
842	343
4949	3202
4114	601
1363	116
1147	694
2496	1679
3754	748
4651	2547
4991	0
3948	1679
4401	74
4152	116
3145	1670
1745	988
4696	4236
4010	926
3972	1897
947	89
3116	704
2511	611
3428	1826
1679	1142
4011	2928
3754	1487
3503	122
4798	4381
3582	570
971	291
3202	387
2511	72
4480	2270
4028	116
3882	100
868	100
2118	152
1454	159
5079	1679
3696	1833
2770	1543
4525	1147
1533	1147
3511	3116
418	296
1106	116
3905	2858
2819	116
3863	1728
670	354
5069	1113
3116	1452
4271	639
3564	2241
4882	2573
4775	2782
3752	1679
3272	713
4775	3241
4838	1679
3245	2227
4978	673
3670	952
3853	2835
5128	1085
3159	1625
1483	944
5040	2584
4712	2027
1187	501
1589	1505
5120	4070
3503	2334
4923	3866
3859	2118
1993	1679
4940	1108
2835	2568
2703	1679
2775	2078
2939	89
3582	89
4981	2909
1953	1847
3665	2051
5154	3007
3493	2070
3116	1805
2496	946
3116	1248
3998	1679
4467	349
5153	4492
2118	314
2487	1975
1983	1946
5079	2628
1679	1555
2831	1983
4646	2347
2427	19
2495	7
4467	734
4113	1058
5128	618
3322	1543
3116	925
3116	2921
4473	2755
4417	1499
4341	3116
4636	946
4361	2198
1679	286
1983	1654
2203	89
2438	673
4912	1679
2795	1338
3623	1412
5084	3369
1110	1051
2057	1979
1679	192
4461	3536
3175	2495
2876	610
2438	1028
5083	2070
4070	176
2952	2684
1806	1461
4177	1345
3870	3116
2170	1367
2545	2051
4271	926
1527	1268
2193	2147
3071	1690
2496	942
1747	1527
3103	1253
4697	1105
3816	489
4537	1679
2013	1679
4457	3739
3211	311
925	268
1212	333
3493	3131
2674	1543
2466	1243
732	31
3747	869
4941	1679
3493	46
3603	3116
813	314
3840	2178
4047	46
4901	2989
4642	2410
5090	2307
550	187
4943	3866
4867	116
4070	3047
4525	1979
2021	1119
4841	3699
1527	963
4962	3732
2361	1503
4749	116
5128	339
1527	200
859	788
4022	1215
4196	2438
1679	207
899	647
4846	4417
1527	694
3754	3564
1527	651
5149	116
3382	1983
2904	2199
3202	2037
4107	89
3160	162
1679	1452
2998	1679
638	111
5038	4362
3534	1844
3116	1147
3591	3582
3547	318
3962	89
4220	3317
2906	1679
3603	2171
4035	2266
3231	3174
4544	1505
2986	1036
2530	1338
2591	309
2636	2108
3493	489
3670	1531
3294	902
4263	3322
4789	4271
2823	1527
2852	2379
4342	2118
4199	116
1860	1679
3882	1679
2909	2534
5079	4674
1626	1146
4653	354
4940	3245
2265	1679
4775	2374
4642	1617
4790	1271
3984	1863
4868	1430
2172	2035
4318	2704
5153	4480
2105	1037
1741	238
4488	1521
4978	4293
4962	297
2835	36
3607	1679
4928	2847
1792	1679
1846	1679
4525	892
1462	961
4656	1641
4366	3116
2174	1346
3116	2163
4070	952
2653	2152
1041	921
3598	2805
3116	803
3000	2470
4525	3826
1624	218
1206	723
5021	3003
1679	1127
4361	2698
2108	1113
2617	101
4538	3276
2459	1550
4271	2327
2322	295
3117	2191
3395	2763
3806	1728
4011	3352
1679	65
2936	574
4960	1430
3258	1679
3018	1679
3636	2835
3486	1533
4853	1983
1921	116
2890	1430
1527	309
3299	3100
4306	2329
4988	3417
2709	1679
279	43
1215	16
4705	4010
4785	3466
5032	4775
4505	2682
4962	3615
4461	3582
3072	314
3284	1215
5008	4503
2698	2113
2078	1883
3179	1527
3434	3399
2591	1304
1991	1455
5021	345
3488	3093
3911	694
2401	1505
3236	2858
4538	4271
2241	1001
4460	93
3717	3672
1547	474
3826	3534
2272	1975
3026	89
192	89
1215	923
3974	1945
4797	2792
2199	1742
922	314
4070	2398
2613	1074
4577	1430
4271	1313
3523	116
3330	1202
3866	1139
4986	339
704	116
3582	1936
4189	1270
4036	448
3417	3116
1679	224
3153	2040
3864	226
2668	1527
3116	1260
4267	3540
4670	3674
4872	4596
4775	2346
187	66
4728	2105
2271	1679
4308	2617
3116	2863
5078	533
1746	101
1658	326
5134	1041
2364	1765
4271	1035
5146	4560
4525	638
1527	1270
1679	129
973	971
2496	2495
4189	151
3038	728
2963	988
4010	1098
2338	474
4300	3202
4712	2975
5043	1460
2989	1056
3261	1331
2319	7
5062	3153
1248	347
5038	662
3272	349
2075	1617
2487	1504
4650	4201
3114	2241
2835	170
187	93
4880	2002
5034	1092
3856	2199
1261	444
1726	1428
961	347
1617	347
4070	3493
1952	120
2438	1180
4841	1402
1679	487
4648	4306
4955	732
4882	839
4139	354
1679	58
4029	2949
4417	4201
4841	1746
2946	1679
4876	4767
3747	1327
1742	875
3920	1309
1952	812
3116	1059
1182	1105
5154	3582
3931	1679
5062	3582
2118	1313
4962	2361
3458	3145
2180	1679
3116	2080
4728	4274
3190	448
3077	2199
4097	2177
2775	1270
2118	1273
3901	973
241	100
4872	4170
1991	983
4127	72
4860	3962
4475	1414
5062	4943
1679	927
2775	1034
4051	2047
3207	1215
1890	1679
2270	472
2735	1078
3116	2792
174	116
4584	1527
4201	2381
3953	1726
5134	1598
2718	694
4036	2438
3586	2796
3922	116
3826	2099
3190	581
4311	7
3991	452
2704	2170
3663	2310
4694	2181
5062	3413
5146	3237
3116	1243
4417	2459
1150	364
3866	2616
3894	116
4943	788
2763	2379
4271	673
4480	2078
4827	3116
5088	4011
1722	823
3560	3330
1983	1617
2448	921
3352	2928
4882	4361
4113	3231
2051	1865
5120	4554
3839	313
2227	1720
3722	3674
4764	1063
2102	36
1362	314
1679	6
2040	732
1215	1193
4876	2125
1187	166
4068	3294
3404	187
4962	3191
2723	116
570	89
4544	2438
3974	3839
4525	510
4070	1398
4753	36
3770	833
4962	672
4480	3511
2738	1527
1666	286
3687	89
3405	314
1527	859
4584	4124
4151	4010
4664	3326
4670	4120
1679	1640
4962	288
1267	229
4226	116
3384	651
3670	1679
2573	1270
4861	4245
3919	3317
4271	2795
3582	2031
2166	1028
3601	314
3003	116
4232	3739
3132	313
3766	2163
3192	1679
4818	638
2182	1191
3202	735
3754	2174
3116	768
4841	4113
4768	1682
4271	3284
4954	2835
4340	3026
5107	3226
3511	111
1215	1034
5071	2053
1430	893
4144	92
2382	2118
3382	7
4336	885
3176	2438
4336	971
2252	116
4682	116
3962	3582
4271	3939
2628	510
4560	1679
1904	1679
1844	1679
1679	604
2835	2753
803	455
4113	1313
4501	3116
3555	67
1262	129
3500	652
1588	1180
2939	1215
2835	1051
2170	542
4962	1386
2669	2014
4489	116
2799	963
4790	3719
2625	2534
3914	1679
2181	732
2725	761
4775	4417
4022	958
4271	2014
3184	488
4775	3927
4962	777
4035	3202
3114	1461
2835	1722
3866	2798
1679	931
1679	197
1555	1180
3116	1740
2425	1679
3116	111
4336	1110
3299	961
2170	2124
4670	1454
1670	788
5040	4301
1954	1527
4962	4512
2594	1746
4646	3930
4859	89
3444	374
1741	581
1892	311
879	521
3536	3456
1679	1297
4928	4775
1483	570
4775	1000
2538	556
4859	3245
2115	1679
2108	509
1331	343
2021	252
3925	1667
1679	694
1705	515
4496	3026
3511	1139
4872	1883
1679	1381
3957	116
2170	1000
3116	983
4928	1127
3919	1215
4151	3189
2053	1412
2002	1113
1722	1527
4944	1641
3362	2698
1414	1215
4268	314
2747	1936
1582	670
928	67
4201	1203
5062	1078
4505	4070
2904	2420
5099	1679
2639	2585
1608	473
3825	1679
2102	142
3568	3307
4095	1285
2928	226
1563	1532
4480	4196
1901	1527
3354	1881
4580	3370
3252	704
2934	2124
2709	1462
2014	704
3129	3103
2133	2053
4829	1167
3615	2751
4010	2003
3687	2142
4940	2227
4293	2066
2013	187
2193	1510
3939	1202
926	7
4418	2166
4401	732
1679	1047
4036	3007
3116	960
3881	1527
3447	116
4962	1168
2507	101
3665	3582
3931	3116
3866	867
3568	452
922	413
2124	1269
1897	1581
2746	2722
3153	2496
3511	638
2177	309
3145	1679
3289	116
3536	2270
3511	2946
2099	2040
2341	1679
3116	1747
4986	2438
2053	42
4816	722
4761	1078
4150	1679
4944	509
2689	1213
3198	1585
4468	1025
4859	2521
4070	3907
3116	1533
4670	387
4764	1627
4045	926
3116	365
5022	3116
4594	177
2835	971
2182	501
5122	3513
4525	1313
3044	394
3907	589
2871	35
3739	1113
5040	2108
4525	651
2142	1722
4772	226
3552	3228
2625	291
2252	1728
3307	3116
3069	2733
3467	2698
3131	1983
3471	2185
3116	688
3116	3029
4137	1984
4729	3623
1430	92
2704	2448
3850	652
5082	696
2761	2322
1924	116
922	867
4912	3116
2241	150
4313	1039
4044	1527
5008	3458
1210	116
5041	129
4646	1460
581	513
3500	2698
4095	3350
2560	314
2118	867
1679	996
3094	601
3103	978
3739	2434
4139	92
5154	2917
1679	98
928	387
3116	211
4052	1102
5043	1953
4880	1093
4923	4525
2241	1461
2597	915
5091	885
4586	944
3493	313
1679	781
5069	3016
2306	2234
1929	1527
4580	3636
971	192
4988	1679
3280	1037
3116	296
5120	2924
4399	100
2270	1701
3860	2185
1670	1640
3176	571
1892	1643
4484	4051
2118	1617
1059	264
2053	696
3275	1746
4827	387
314	295
2487	1679
1740	404
3294	79
4336	187
4525	462
1585	694
4580	287
2013	723
387	151
4070	2279
4580	2885
3456	116
5128	2438
4686	3367
5089	1979
1139	788
4120	1679
1243	692
4068	1415
2053	1586
4045	2628
2557	1253
1806	279
1303	1113
3555	1215
4196	3511
1641	589
192	187
926	343
2334	1806
4694	1582
5120	3367
2423	651
1110	116
3350	2698
3951	1679
2118	732
5148	3595
3951	3093
2234	1461
5042	2108
3468	910
1679	67
3925	2125
2775	788
1679	1484
2676	2506
3653	732
2031	67
521	122
1527	389
1679	184
1505	1483
4383	2909
910	100
3258	1667
3982	100
4035	2939
1113	987
4713	116
4200	2747
1679	488
4273	893
2534	116
3586	3536
314	32
4124	2118
3167	1679
3995	2798
4756	3084
1620	1187
3710	3160
2534	7
2142	2102
4841	654
4554	870
4123	1679
4960	36
1454	176
3294	3160
1461	1105
5122	4846
3532	1517
2181	513
1462	963
4709	4216
1573	42
3084	1883
2620	1679
4137	550
3228	305
2597	1550
1527	978
3944	1453
3433	1215
3779	1679
3770	36
4197	4045
4165	3285
4729	1585
2852	643
1288	116
5113	1202
4880	176
2876	329
3942	879
4099	116
1703	944
1679	875
3202	36
4336	2438
3791	7
4859	2526
4841	4435
3924	2012
3757	2353
4651	96
5062	4152
2476	2118
3603	2190
5120	842
3665	533
1679	1257
3116	1074
4404	504
1415	1412
4872	4662
4308	732
4859	4728
2027	351
3511	1701
3582	3084
3116	1189
3446	1844
4480	2798
3145	26
2964	2476
343	299
1362	760
4872	759
3770	2438
2125	944
3010	1774
4306	2526
1588	704
1527	692
1830	1679
3942	3503
3962	2204
2634	2466
4313	1168
1453	1215
2716	413
2118	1527
4642	1092
1977	1527
3080	1679
3116	2733
3754	601
1752	1161
2588	92
1527	1484
4728	2343
3466	1679
2289	116
2755	476
3350	2893
5153	4399
2547	634
4512	3395
3907	2142
4113	2798
2698	959
4664	961
3908	1912
2970	825
1679	1158
4399	788
5021	1746
2465	1679
5008	1701
2698	2197
5120	1106
5085	1092
4872	3687
4113	865
1527	241
413	109
1617	1324
4728	3991
2078	36
2884	963
4962	1712
4036	1652
4201	3116
4772	4770
5113	3995
3021	2506
3754	1036
1037	222
3717	1958
4018	116
1553	123
4882	4860
4035	1979
3930	1533
3603	1527
1940	391
5153	2755
4943	4923
4417	988
1512	559
4882	3757
4841	2329
4640	1243
3081	2338
3456	1527
3866	3511
3093	343
2625	1381
3229	1679
1679	1150
4735	3471
4560	3367
2193	1213
448	35
1895	1555
2526	2269
2347	1533
2669	1679
1313	694
5146	2241
1332	146
2108	1481
3446	1136
4480	432
2616	1555
2398	2166
1481	448
4399	3924
1527	639
2928	1679
4775	2101
1699	1204
3975	2002
3008	368
3982	1085
4361	1726
2434	1728
2118	859
4045	340
3555	1414
1679	368
5059	455
3493	374
5103	3006
1866	339
2321	1679
3006	1642
1679	987
3678	332
4460	7
5035	1892
5062	79
3729	521
2985	89
4002	865
4482	3272
3792	1633
3860	248
3404	1405
867	593
4674	1883
4775	3557
4764	2746
4473	833
2818	2245
1679	153
5079	116
3284	1532
2487	492
4340	1486
4986	3724
5126	92
750	612
2698	665
1679	299
4649	4507
4775	2178
1711	1679
3237	1487
731	92
4023	3341
5103	1119
4816	2753
4059	2594
3174	1343
3114	533
2653	2227
2075	1119
2170	696
3864	1108
3564	3385
921	248
3399	3348
1937	1181
2661	581
4123	74
1679	717
347	248
4293	2395
2506	2118
5146	2334
3143	655
2398	2170
1956	116
3866	222
4335	1679
4178	1679
3621	116
4981	4343
5145	2021
4268	898
2847	651
3116	653
2835	1742
2053	253
3770	1679
4018	2310
2706	706
3907	593
4538	2957
3081	907
3204	854
4406	533
1679	497
4252	2078
3699	3294
1679	1654
1113	686
4352	1679
552	89
1983	115
5128	241
4399	3995
4775	2581
2616	1640
4201	1429
2170	148
1678	53
3008	2709
3323	1492
3984	1215
4780	4028
4384	1679
3663	2308
5115	413
4086	711
2439	1527
413	329
4960	3925
4580	1964
3824	116
1117	248
3603	2922
3354	1432
2904	2156
3797	1092
2143	116
3348	1679
4651	4242
2424	885
4017	2199
4196	1180
1722	1105
4646	1270
1839	384
4509	154
4525	3925
4336	3102
4336	2342
3176	2746
4962	1415
4037	3116
3139	2698
4770	4445
245	116
4120	1215
1213	448
2193	853
4454	3551
3307	3016
1527	1402
1748	1510
1679	561
2698	2398
4070	3964
3907	2102
2616	928
3722	222
3408	3261
4455	314
2334	106
2191	1740
5159	4890
3615	1679
2835	1119
3995	340
928	89
2951	116
2704	2181
222	89
2332	1679
3117	1679
4097	4070
3179	116
3754	1747
2917	816
2070	18
2749	116
3320	2170
3376	3202
2768	1412
2476	1148
3738	1215
293	92
2270	2102
4764	895
2342	1078
3261	601
2863	1527
1108	740
4901	2051
3573	2021
4887	665
2102	1883
4969	3738
1563	1386
3941	195
1892	893
4342	1966
2105	1108
4640	3451
3907	476
4201	1106
2737	123
4268	2698
5134	673
3204	2959
3503	335
2724	2144
2238	988
4928	4417
2755	638
5113	4651
248	116
4876	3582
2973	2118
4872	1938
3352	3272
3907	3853
4861	67
4653	1375
3747	1030
206	116
4775	2823
4775	4129
2775	1722
2698	208
2207	1741
4775	2106
1063	314
1954	942
4201	3863
5128	5040
3722	2653
652	162
1303	226
3582	1460
3895	1481
1679	1275
1958	1728
2094	252
4268	556
1808	589
127	116
4943	2142
4308	1181
3678	1430
2887	2342
1679	1037
2894	1324
925	652
2695	652
3284	483
4861	342
3299	629
2207	431
5137	117
3116	2585
2858	2433
1928	1679
3853	2964
1679	87
4194	116
4674	3757
4962	4799
2342	1980
4827	2775
4392	1679
1679	297
5120	1635
4036	2874
5062	3114
893	510
3665	2989
1742	822
3866	2530
3665	420
3488	2512
3930	1679
5043	241
4962	2894
4232	153
2884	2013
1679	130
2884	378
3102	1288
1701	339
4696	3864
4306	3100
1679	937
4943	123
3352	2698
4274	3757
2959	1679
1496	255
1654	154
3374	116
3493	961
1844	74
4658	2334
723	160
2021	247
3166	2492
1250	89
935	601
3516	1098
4636	151
4028	2322
5085	3930
3582	2735
3026	1774
3853	3056
4627	4070
4943	2946
4711	3591
3114	1722
652	293
4236	3972
785	556
4978	116
2487	963
2185	1037
4080	4016
4991	1679
3840	1533
3995	2775
4670	2031
4152	1722
4059	3294
4721	1897
4775	160
4399	2102
