2445	3834
1447	2258
1265	2849
2528	4458
508	2641
3169	3291
3713	4864
1206	3307
1856	4316
464	3762
1137	4496
371	3638
599	3812
2554	4379
346	1581
1767	3169
236	4845
2510	2849
1019	2749
548	1331
3591	4342
40	4864
1741	2303
1293	2457
602	1502
1506	3169
457	4258
1555	4402
1137	3291
844	4031
834	4813
0	580
1555	3998
1420	4641
1168	1723
844	4868
2393	4469
228	3160
1780	1928
1493	5114
5033	5241
882	2665
96	758
1741	4521
3627	3699
498	1723
517	3478
2929	4971
2735	3331
3279	3987
363	4868
137	5047
965	3644
1668	2899
990	1237
3699	4519
1493	5215
349	4031
287	4393
2211	3016
2316	3643
3544	3815
700	4225
1704	5094
1127	1391
1774	3169
1148	3240
471	2477
356	600
990	4511
2505	3169
290	858
989	992
1013	2749
3804	3972
3782	5020
4225	4507
335	2642
3548	5174
931	2251
3169	4518
1804	2158
1297	3169
4	1237
989	3169
1265	3654
676	964
3052	5175
1149	4606
453	3000
3368	5241
1741	4752
1338	3243
1938	5236
1158	2158
1538	2589
3643	4823
1752	2894
1813	4612
4899	5215
4342	4474
3500	3611
471	658
2936	3904
2673	4244
1882	1942
1608	5188
989	3689
2983	4916
92	1417
961	5174
1877	3458
2270	3824
1493	4695
2579	3529
3368	4275
1572	4275
1297	1672
1974	2559
600	918
1555	3228
0	2857
1189	4031
769	1856
92	139
1697	3988
819	2258
244	5254
501	1786
1482	3644
3454	4869
1007	3624
4081	4973
1555	2225
1025	2730
1782	4178
4849	5031
1757	3988
329	3028
1928	3169
3061	3169
2603	3856
2078	4178
138	4258
1758	2718
1080	3529
118	3363
96	3477
864	1627
232	1555
4608	4864
481	917
1860	2673
989	2436
2641	3981
1137	3240
2673	3307
3029	3713
1211	3904
830	1206
1482	2215
479	3109
419	3410
1427	4767
4620	5232
719	882
1780	1971
2117	2439
1890	3630
1455	2623
1127	3644
3323	4954
1010	3012
3025	4794
2827	4054
212	3169
1878	2308
1718	4030
4316	4705
155	766
1758	4436
2826	4885
240	4311
1010	2108
2258	2927
961	2418
1515	3904
359	5020
693	2549
2849	3906
601	3973
2258	4436
1897	4067
881	1758
700	3293
631	4191
359	1433
1218	3648
1696	3331
2461	2776
1787	4864
345	1158
1759	2040
1489	4311
1696	3313
517	1581
1944	2669
1774	2078
453	2030
2358	4749
213	5254
2546	4428
252	2332
1237	2632
2026	2863
1237	4848
111	3137
2282	3874
312	4118
648	1237
1429	3616
29	3510
313	1489
2970	4453
1127	3169
386	4178
699	4447
2158	4784
3808	4113
2078	4519
1002	2970
2735	4705
3067	3644
664	2749
2654	4687
2282	4021
705	4232
2289	2911
900	1482
3113	3644
339	1535
2352	4899
371	1555
4178	4241
2322	4864
3410	4963
1008	1748
479	1455
1741	2024
1533	3169
1905	2270
1455	2987
582	4864
3169	4438
2894	3169
96	358
3694	4864
1938	2769
336	2589
2661	3803
1447	2318
2559	3694
2698	3627
911	2358
2970	4727
766	1704
1656	4429
2166	5188
659	3169
1753	3169
1686	2892
3158	4464
1059	2902
328	943
4178	4631
2870	4663
586	1597
1076	4864
1273	1586
4641	5172
631	4495
1735	3169
2449	5012
1270	4873
2258	5103
881	3340
3601	4848
96	5114
3596	4493
1472	2117
546	3169
3846	4383
2435	3017
1237	3458
720	2987
3429	3566
3619	4973
1588	3220
882	1982
381	3169
92	602
38	3548
1441	4864
1741	3183
691	735
448	3907
1087	1608
1656	3192
1390	2661
2657	4030
2318	4054
748	2358
1944	3788
2395	4864
4800	5020
1348	4385
79	621
319	1549
2709	2902
1555	5074
1446	3686
359	1348
2490	4198
2158	2515
1442	2158
1656	3160
741	4082
583	3169
824	2798
79	244
2131	3169
586	2263
3074	4608
897	3829
832	5249
600	1533
966	3596
2945	3894
510	1447
1511	4192
192	3074
1047	3803
2078	3510
881	4902
319	2157
2755	3553
2258	5157
92	2436
1607	4519
597	1918
2475	3589
1723	3598
1878	3598
564	582
3321	3888
1743	2232
92	356
3937	5022
2152	4608
3420	4464
707	5172
663	2303
1587	3302
1533	3015
1531	4189
2103	2961
2749	3782
2357	4663
419	3325
3749	4454
1555	4271
1723	2149
4008	4963
2765	4608
989	1357
578	1533
615	1473
33	1628
515	3617
1432	3855
1127	1237
881	1821
1555	4043
448	913
119	1741
4202	4447
3045	4495
940	2654
707	1348
941	3689
2326	3169
2258	4244
1622	2358
1656	4577
263	2076
3856	4864
4178	5196
620	2417
4864	5103
221	657
1758	5196
1087	3475
3242	3974
2064	2087
913	1316
4018	4608
2017	2978
1196	1931
2983	4864
606	4178
33	1887
2207	3132
1348	2318
3215	4331
1447	2632
1696	2673
2318	5145
719	4260
597	2211
1723	2642
1780	4963
3072	3169
176	4613
2260	3429
221	2436
620	4962
3616	4996
1127	4085
2263	4043
2749	3616
4613	5114
109	2940
1130	4356
265	495
1249	4641
1095	3169
2756	3874
2654	5137
1535	4407
564	2682
924	1010
399	921
1188	4352
327	631
1664	2749
2211	4598
1482	4546
4495	4587
870	4723
3334	5113
45	3478
2003	3927
2468	3740
3824	4961
3169	5151
1928	3637
515	4631
705	4864
1758	3548
3195	4327
1502	4008
700	4656
1741	2332
1359	3815
448	1555
2358	3864
1555	3917
3160	4178
1442	1901
118	1497
662	3627
1429	3169
1127	4988
345	2827
2539	3228
33	3517
3517	4041
2263	4519
294	3169
2589	4458
4939	5035
748	3553
2641	3780
3127	4178
1007	4294
233	2583
1260	3988
1878	4519
3169	3758
516	4343
1572	4864
4178	5006
3074	3169
96	4600
1455	1965
683	1971
769	4316
1206	2925
882	1723
2117	4435
2158	3839
1555	5010
1615	3906
1150	4813
1025	4594
37	2477
3169	4017
4225	4295
2072	3114
3864	4949
1455	3835
2673	5205
3169	4071
1609	4727
2273	3307
2128	2977
1518	3245
2258	4054
748	1622
556	1780
1369	3762
2085	3481
2128	5112
1447	2864
1918	2850
236	4031
1206	2108
3780	5232
319	2128
1455	1918
2674	3644
345	517
515	4031
1505	4263
881	4608
1649	2603
555	1735
1656	3000
305	3500
1952	3888
3169	3378
2452	4082
1482	2048
1270	4496
1442	4608
615	1570
1533	3477
1270	1775
2936	3169
583	2393
1087	4811
3526	3922
631	3753
3703	3790
1070	3512
1062	5215
1813	3596
564	4044
177	1025
181	2946
2510	3598
2309	4260
1615	3169
4225	5008
600	2438
294	2211
319	1555
848	1533
3169	3678
199	5062
4	1127
2223	3160
29	4973
135	2816
1455	2227
2798	4850
806	3295
2322	4454
882	961
14	265
96	2027
2318	2765
261	2258
1696	2211
1804	2987
1252	4687
3160	4723
1821	4185
2589	3061
37	845
1773	1783
853	3988
1779	2040
1361	2258
1127	3114
2128	2264
2756	3719
2654	3846
1273	1533
515	2418
4552	4864
1338	2623
1942	4021
1680	4438
1759	2282
845	4954
40	1237
3945	4113
1555	2318
1652	3598
29	4723
659	1555
1780	4551
2436	4752
1555	2554
2529	2799
2258	4154
1533	4608
2301	2318
1555	3893
2318	4213
2431	3160
4307	4864
1369	2318
1359	2240
2158	4402
178	2756
1944	4054
600	3477
254	4973
1786	1836
328	4849
3762	4308
600	1249
1455	1555
994	5215
1626	4166
832	1080
4885	4947
498	4608
1774	3627
4149	4452
174	2087
602	4165
2332	3275
1837	5047
3169	3949
1705	4025
3275	4864
1442	1555
1237	4592
1446	2318
882	1574
1608	2603
1483	4467
627	1127
1102	4478
3998	5172
111	1775
1574	2518
594	3029
2808	4602
135	4383
3644	5035
4054	4608
1695	2626
1127	2408
2870	4402
3454	4026
468	4961
1941	3904
192	4935
1853	2490
240	1168
828	2798
726	1555
2749	3000
400	1953
4274	4850
1757	4263
1804	4608
2299	4880
773	2100
1723	2446
26	4734
1555	3245
2318	4271
2186	4873
656	1127
1918	4435
1293	4082
2158	4824
1515	3444
990	4874
705	1002
1925	3169
1757	1947
429	2207
1897	5200
707	4727
3700	5207
2258	2425
1628	4608
2318	3169
579	2351
1169	1494
4447	4823
332	4864
599	2453
2523	5249
658	1555
882	4922
14	4961
700	4613
3526	3888
966	3293
4615	4784
4383	4960
423	700
382	4343
3207	3454
2192	2827
77	2179
1127	3820
2240	2442
1331	1581
878	2482
446	1433
1075	3113
716	2081
601	1161
225	1237
4041	4766
464	3169
2940	4752
1334	2020
1484	1493
766	3856
1211	2929
1376	3707
176	1493
700	2657
268	1131
118	4562
5062	5160
1601	3420
2850	4008
3700	4054
471	2764
1237	3059
40	5196
599	4109
680	3171
2529	4864
1758	2864
3203	4960
449	5188
1237	4824
897	4718
409	1581
881	2633
3169	3898
676	4988
2756	2983
313	5238
1348	1609
2158	4608
92	479
2418	3169
3973	5242
1237	4468
1656	4336
2764	4153
816	1451
2637	4974
1025	4385
276	495
212	766
1622	1881
583	2970
819	3804
1003	1758
858	2211
4031	5107
1127	2477
1390	2905
1265	4369
1878	2849
1576	4845
1752	2559
703	2318
1026	4407
1237	5081
2225	2738
408	3169
2895	3601
40	2158
3598	5241
2020	3291
748	5064
578	4767
940	1935
353	4385
273	2410
2240	5232
192	1237
717	5156
1901	3762
707	2318
3173	3802
4130	4332
888	1774
3603	4885
2735	3363
699	2537
290	816
3169	5040
966	1127
1334	1505
3176	3979
1237	2546
457	1447
495	5215
663	1447
659	2318
2393	2870
137	3420
4178	4551
1653	2100
2108	4454
545	1549
3283	4295
2008	2989
3169	3966
1601	1723
164	3686
387	2510
14	5000
3540	4178
3882	4727
1022	4765
1107	2579
1433	4623
2929	3904
2263	2694
199	3815
767	3169
1576	2528
1566	2367
1778	3169
137	3275
1125	2987
1010	2356
1555	2393
3754	4613
1226	3637
3169	4647
1270	1520
662	4513
1578	4178
1912	2945
819	2130
2769	4469
2318	4658
1945	4495
2257	3169
992	1237
3562	4970
276	2408
4687	5249
2850	4435
2704	2961
423	3187
1062	1574
583	1609
2308	2318
695	4972
2580	3737
515	3540
1494	4583
525	4199
524	3490
2145	2303
1026	4864
905	2970
335	1555
446	4144
516	2040
1600	5172
1010	1781
3293	5176
1237	1359
1008	2669
2408	5215
934	1034
1854	2418
122	1531
381	600
1034	2774
600	3907
2945	5098
700	4608
2078	2128
96	1354
601	1489
845	2539
3477	4081
4954	5064
3410	4454
2232	4237
1125	1348
2270	4949
381	3477
695	1249
418	3169
1025	3116
2425	3616
1723	3169
2591	3169
4785	5047
318	1971
2970	4469
1505	4385
600	4727
1481	4684
4311	4632
1013	1197
223	3169
4864	5018
301	2211
2674	3834
1493	1759
676	3616
350	3270
882	3687
3740	4663
2211	4142
816	4734
2559	3698
3038	3220
1773	4237
1574	3947
4601	4844
2895	4586
848	4332
2539	3323
0	3660
92	2826
284	3444
1237	4612
3116	4385
326	2490
2322	2756
1723	2987
4431	4864
1338	3669
1705	5188
2634	2735
2756	3510
3804	4628
1212	3331
1455	4608
260	1151
3907	3988
550	1656
2158	3074
943	4663
118	1723
773	2416
3169	3631
92	3914
4411	4864
653	5112
1421	4082
1992	4239
648	2158
3291	3703
2425	4546
129	1429
1775	1918
4864	5163
976	5000
1116	1555
2154	4784
1759	1983
1176	1758
92	1798
1942	2654
3289	4076
966	2539
515	4739
1705	2451
1843	3255
2700	5020
658	2318
166	1798
2542	4620
2318	3562
1237	4629
1494	3331
1237	3596
1490	5012
3363	3553
1159	5222
1206	1741
583	4727
2972	4430
1354	1479
961	4785
319	1652
918	4202
1923	2646
1816	4595
1813	3516
103	3169
1942	4739
1555	3151
1572	2709
1574	3986
4849	5236
1555	3243
1455	5222
316	4149
582	4963
1836	2452
564	3907
1622	3648
199	3630
423	3648
1206	4195
1759	4879
33	2600
627	2408
1489	3904
1293	2885
1482	4608
4232	4571
1169	1516
265	976
3321	4875
213	2694
2857	3331
3864	3907
1555	2557
3804	5236
2698	2902
3306	5160
577	3169
3000	4864
940	1775
260	1367
423	1622
3596	5043
166	2946
2078	5033
1581	2676
3295	5215
3295	4311
2849	3983
2787	3778
2633	5061
1878	3654
172	1127
580	3864
931	1127
3169	3874
1442	3644
665	5175
2451	4285
109	3627
2258	2277
2827	3500
151	2211
2446	4123
600	4608
1758	3835
1736	3954
2211	3240
2130	4739
1454	5020
663	4996
3323	4427
133	1555
695	1359
3762	4789
2927	2987
1215	3212
240	3295
332	1947
1741	4852
2352	3810
1757	2776
1500	3815
4425	4864
1111	2970
1237	4879
856	4178
631	3008
921	4864
1779	4013
1033	1265
3478	5064
1717	4393
2030	2258
1348	2933
3323	4970
516	2408
990	4030
96	1574
170	4178
1016	5127
453	2673
1624	3148
3900	4178
1527	4438
2128	2263
4311	4971
1127	1193
2603	4109
3973	5215
4244	4973
1741	2231
1588	3478
225	4954
1759	4864
1753	1901
2358	5000
2312	4940
1368	1555
5035	5171
1555	1595
816	1455
3758	4736
2673	3864
1588	4752
1609	2335
3295	3973
1753	3777
2356	2987
3939	4864
3973	5238
627	3596
457	4013
1080	2774
641	4550
1381	2987
1397	2158
918	1331
1034	2529
362	5127
457	1022
1723	4257
602	3596
3856	4178
2892	2946
1526	2211
3109	3478
1757	2637
1717	4850
1237	1813
729	2397
1455	3478
197	1758
1576	4260
2556	4316
2408	5222
1206	2418
1912	4026
2258	5000
1868	2861
498	659
2065	3648
178	2207
1493	3340
1685	2453
1723	3096
2104	2987
598	2211
404	3203
2017	4393
319	3699
4734	5073
1711	2318
3648	4030
319	5254
2313	3169
4849	4954
2892	4258
2749	4313
2453	5073
2477	4130
2570	3619
1505	1697
1022	1316
2065	4031
2211	4885
720	4873
2149	3169
76	769
3169	4784
2521	4608
178	4073
582	4999
4971	5242
1331	3644
1127	2351
2109	4752
1080	2152
178	3548
1304	1555
4008	5064
184	3169
1695	2240
615	3627
4178	5228
1912	3291
600	848
2393	3998
1741	3240
3988	4784
1656	2211
4739	5036
2603	3799
1755	5188
1376	1555
1454	1947
82	1442
92	4865
4879	4899
2589	4656
934	3686
40	4623
989	5103
1307	3804
1095	2158
4393	5228
1757	3016
2542	5018
3331	4789
828	4642
1918	4116
572	4275
2232	4754
659	707
449	2258
0	3705
705	5034
663	2258
2211	4343
293	4383
3169	4592
2673	4612
1741	3627
3596	3747
1778	2749
26	1918
825	1758
1600	3669
683	3698
2405	3548
2673	5188
2020	3169
3644	5064
2393	2970
1461	5249
3124	5196
1123	3660
345	1753
1574	2679
118	133
1126	3169
4613	4625
66	1741
33	3114
2623	3559
982	1935
1482	3596
1273	2641
82	882
495	2173
1620	4144
2158	2870
828	4393
1555	4891
3906	4519
4608	4891
3169	4273
1237	1473
339	4519
3169	3243
627	989
933	1197
641	3922
1780	2318
495	4454
376	3310
2853	5242
253	1237
3169	5033
58	59
399	1627
2516	4595
716	3291
2529	2830
1741	2110
4608	5033
3197	4316
387	3598
1127	2170
174	4085
410	4043
2479	4864
4	1109
2279	2749
1692	2623
1668	2633
1758	1817
326	4198
4608	4954
1479	2981
1390	3169
693	4054
555	3810
2673	4857
2623	5215
1124	1211
656	5057
2519	5215
651	3444
1111	2769
1429	2894
516	4663
2065	5249
40	2289
700	1912
2052	2735
2279	5188
994	4663
1197	2108
1574	1775
299	2661
1555	4542
135	1555
244	3481
236	3644
4165	4864
2318	3291
2505	4237
4311	5238
2038	3954
2863	4718
2903	3500
2523	5134
178	979
319	1695
1193	4255
2903	4030
1676	3331
1574	1695
1992	3988
79	516
700	2795
648	931
2211	4864
1421	2589
1165	1743
2742	3892
517	4116
700	3203
1010	2047
4734	5222
1555	2003
326	4220
3773	4824
2258	4500
2620	4463
254	4031
2559	4107
3220	4961
943	3644
2061	3169
767	3988
1359	3317
508	5036
137	3015
2589	3222
627	3323
3378	4663
982	4496
2158	5137
583	4608
4178	4342
2436	4109
313	601
225	4608
2987	4203
1489	2072
1912	4275
2167	2669
1489	5156
839	1524
96	2087
423	4225
1520	1741
1638	2318
1481	1780
1581	4874
1127	2735
815	3413
658	4586
979	2158
1230	2098
3151	4608
2416	3548
1769	3063
1307	2542
3	4393
2308	3169
315	1206
2258	4109
1656	3410
2258	2395
2827	3323
1627	2186
2271	3686
1741	2175
92	2709
508	3313
1895	4130
142	855
1131	4025
3038	3773
578	3038
1649	2211
2697	3627
2106	3471
2515	3669
602	4435
164	824
4	659
1772	4026
2	3513
1137	1270
658	3169
365	615
302	2192
3169	3483
1016	4447
1905	2657
96	3038
3888	4785
2539	3907
495	1127
1274	1446
1312	1433
2654	3777
881	2158
2484	4236
1265	5097
3420	5033
695	741
290	469
1447	1493
1490	4260
3282	4864
3114	4971
1076	3922
339	4156
1455	4008
287	1193
1505	1555
1206	3397
1758	4447
1652	2749
3137	4960
5	3321
1008	4880
2215	5242
533	1555
3627	5175
1652	4178
864	3275
319	2416
1864	4199
1270	4656
4178	4898
2781	4970
1912	2603
3169	4723
77	1695
80	1649
773	4865
583	3998
197	695
1130	5219
410	2673
3475	4116
137	4385
267	3169
2221	2756
700	1881
1206	4428
1930	3435
3212	4239
990	3644
2273	5215
2776	4973
213	2157
118	3644
2715	4519
2929	3549
3067	4239
3169	4393
3169	3221
329	1537
1555	1779
3341	3945
3230	3700
1555	2363
1442	3907
1007	1026
602	845
419	3025
164	2453
1314	4195
2078	3906
345	4954
2158	4825
1948	4663
700	3596
758	4178
1451	4202
990	1810
77	5195
3151	3169
250	2756
1493	4295
2207	3856
345	2318
1233	2749
164	1481
254	1254
1237	5172
1481	3169
845	4849
2663	4752
4752	5064
1656	3856
2970	5062
1189	2870
1533	3948
1941	3295
4970	4973
1649	4734
989	3644
845	4435
2003	2941
3420	4232
1460	2633
3598	4275
4813	5215
346	3435
1533	4817
96	572
315	2258
2263	2977
2240	3853
4021	4244
1780	1813
1455	1493
1506	3669
3271	5130
2276	4178
4383	4454
3038	4767
1555	4316
419	785
82	1273
1736	2691
4879	5156
693	3489
878	2505
244	2709
2318	3289
717	1723
305	2552
260	4608
1753	4933
1447	2254
2633	2749
2764	3988
2358	2781
3321	4782
700	2452
858	1494
1608	1705
1555	2529
1687	4385
1877	3766
336	917
1555	2515
58	3169
29	4178
2756	5219
3998	4727
3803	4785
2568	4384
2258	4612
911	1237
3643	4935
471	4963
290	3677
1775	3648
2829	3169
3008	3987
254	5081
259	994
199	448
578	1237
2110	3740
119	3069
1928	3648
96	4849
1905	5236
2282	2482
2251	3753
1901	5215
4604	5020
3125	5020
2552	4225
111	1218
252	4899
4295	4577
2048	2554
55	4438
92	2351
1527	4144
471	2211
1506	2515
4668	5031
3947	4542
978	4962
1901	4902
4813	5160
2655	3169
1783	4043
2529	3853
3907	4158
931	3548
1555	1672
3856	4383
1610	4041
1483	2482
327	3466
615	2915
1447	1789
96	135
1810	5160
1016	3459
1047	5215
2422	3063
1860	2510
2961	5171
105	659
423	2358
2211	4663
1533	1555
263	471
2072	3973
525	4848
1656	4622
1307	4656
930	4608
2072	2929
844	5172
882	2232
1206	2243
2749	3173
1127	4467
2087	2453
3148	3169
1222	1377
1395	4864
3169	4237
1237	1538
982	5160
177	3169
2207	2989
3492	4608
2983	4879
386	1574
1131	4973
943	1169
2003	4466
4342	5133
2186	5062
2915	4736
3393	4864
2065	3703
345	3478
3169	3420
155	1489
1062	1237
1527	4828
2318	3071
3769	4663
294	4973
118	2738
1338	1628
1554	3012
3169	4493
345	708
648	3029
601	5156
3979	4428
1905	4849
1555	4462
225	448
1730	4232
602	4008
2408	3477
615	4385
3630	3914
111	881
1757	1974
2271	3644
769	2556
40	1692
4454	4728
695	2258
4615	4885
225	345
35	4275
4166	4425
3769	4436
2435	3169
2207	2240
129	741
99	4285
2902	3699
3169	5163
2020	2211
870	3510
602	2552
1723	4130
170	2510
1622	1813
2764	4275
1149	3097
1783	4385
700	913
3753	4988
265	3644
602	2358
4752	5062
3169	5049
211	2158
1026	4495
1652	2709
164	4879
1692	2894
1387	3995
1224	4849
2902	3221
2072	4813
1493	2468
2356	4478
122	2453
1493	4865
4236	4268
53	3169
4178	4985
188	1447
1952	4385
4519	5254
2510	2594
2303	2559
1206	4734
897	4157
1948	3169
1420	2318
1107	1741
3553	4032
1261	2258
1924	2240
1127	4050
2243	2749
700	1107
2258	4298
621	1980
3393	3737
3466	5112
1237	1447
448	2117
3169	3596
457	2879
2223	2756
49	3169
2722	5133
92	2579
2232	4043
3420	4538
1696	4313
2069	5064
881	3483
832	2432
332	3998
2318	5150
3255	3336
601	3549
118	1380
2654	5098
2510	3420
1420	1600
3627	3906
1918	3644
748	2332
1942	1982
2756	4784
96	2453
2251	2853
1555	1600
717	3804
57	3821
2394	4847
2970	3169
1609	4608
3904	4311
2154	3548
2340	3892
3853	5217
3169	4542
2357	4864
1334	5134
77	2730
1555	3735
923	1237
3478	4677
1901	2158
1274	5215
37	2318
332	4641
1531	2870
1535	2123
260	1555
1978	4922
3643	3937
1270	3927
3492	3566
918	5103
92	1780
2158	4339
350	1080
718	3169
700	1780
198	419
365	389
418	1153
3927	4154
273	4082
930	2158
1461	4383
2335	2393
96	2258
1127	1774
4130	4611
168	4178
1804	4583
921	4752
4518	4972
1482	2020
2765	3169
1482	2477
845	2065
2224	3169
1786	4572
1270	5127
881	4343
2279	4081
4642	4850
4030	4144
4203	4864
255	1237
992	1538
1082	2673
1603	3169
1555	2821
905	3804
1983	2065
2164	2764
495	4962
2519	4130
1348	3169
2641	3317
118	3839
254	1555
2554	3317
2257	5081
1555	5241
601	4311
299	3637
253	1663
918	1780
683	3169
597	4659
1601	3096
198	3334
828	1717
663	4473
587	3617
4257	5186
517	845
1533	1697
148	3724
1758	2987
2109	2663
1780	4031
2318	2970
1025	3015
966	4285
2158	5150
167	4239
1555	5210
1482	3694
1758	1938
3630	3713
2970	5215
2367	3169
3088	3410
587	4853
225	1905
1010	1780
832	4684
2158	5074
2207	4244
897	2863
2974	4113
1555	2192
135	2258
1272	2322
990	3648
631	2020
4393	4642
423	4911
1942	4663
2691	4191
3057	3169
717	4784
2158	3937
1485	2987
440	2977
822	3160
2318	3228
4961	5107
1533	4192
864	3754
328	3169
1377	4393
4963	5018
1237	2505
1685	3815
45	966
133	2158
705	3804
1983	3169
1482	3444
2258	4723
96	4130
1990	2632
111	3169
798	3059
2065	5103
703	3169
327	2272
1538	3762
333	2192
1237	4533
2974	3331
1331	3467
517	3435
601	5215
676	1931
2654	5222
698	1034
3169	3493
703	2451
2243	4113
517	2117
2003	2987
1348	1570
371	554
2927	4275
2915	3758
129	2515
1338	1493
1905	3169
658	4379
631	2691
5219	5251
1622	4973
3323	5236
719	4043
1555	1638
192	2676
2279	2987
4117	4178
2436	4767
2515	4641
276	2654
2852	3892
885	3740
1002	2289
244	2020
373	457
1600	2549
1127	4285
2258	4429
2539	3478
1622	3529
2067	2537
695	4658
881	1354
2586	3966
2158	2875
135	516
2570	2987
305	1656
2479	2529
2808	5113
1206	1704
515	773
3644	3773
3169	4441
2001	3169
2258	3025
3160	3378
4137	4864
3644	4435
4539	4752
1059	2588
2579	2936
1695	3627
1331	2358
2048	4026
3601	5062
3158	4041
1881	3672
118	2634
2047	2749
181	1511
3626	5156
353	3169
560	3137
1158	4608
1016	3512
726	3815
1059	1353
1649	5219
2332	4847
4054	4144
1226	4232
600	2755
1237	2579
250	3169
1555	4623
3169	3689
913	4327
3038	3169
870	1555
2874	3169
4153	4864
1622	4813
2026	4187
2020	3871
777	1237
2749	4604
77	3622
1639	1652
516	1942
255	4178
3109	4456
1080	4089
2436	3703
1018	1736
1918	3777
259	4260
3420	4257
1574	1759
961	4571
2318	3917
118	203
333	3203
1680	4695
38	4656
135	4116
1656	5020
2603	4244
3245	4454
586	1574
515	2826
213	1033
1576	2351
381	1237
881	1912
882	3288
1331	3753
1524	5133
2211	4165
1697	3553
2749	4336
3812	3907
1331	2850
1555	2020
1948	2946
766	4306
519	4427
2416	4275
881	2318
4684	5249
2523	4107
3306	4666
2516	3169
578	4963
1137	3927
1153	2603
1479	1748
4700	5215
316	3793
218	3937
1367	3109
2974	4864
4116	5064
2641	2928
2821	3169
3169	4018
600	2936
1315	3844
257	1555
3644	4783
3454	4879
1656	2739
399	5160
107	515
2657	3644
1482	3904
4236	4467
2065	2436
1230	1555
2065	2656
2309	5236
4071	4178
1587	4157
3323	5059
1555	1711
3088	4989
1752	1931
4601	4864
3964	4469
2623	4453
640	3280
139	1780
774	1555
918	1638
1455	3410
2318	4736
1224	4435
964	3475
335	2240
1290	3804
1574	4864
4663	4777
1461	1905
221	371
3740	4911
371	1237
2372	3644
371	3331
164	2644
708	3596
623	2441
726	4864
1157	2072
3762	4018
4157	4718
2020	2816
699	4030
2749	3973
2539	3293
2258	3173
550	1010
337	2946
346	1555
2634	3197
5063	5217
1741	4244
1878	2352
3038	3895
333	4862
693	5071
1218	3618
3502	4705
1224	1478
2589	3090
2103	2258
2211	3986
3644	5228
2066	3057
990	4684
2359	4940
449	3169
631	3854
2047	3834
419	3562
703	2289
1757	3240
1890	5238
1928	3596
3169	3573
717	5196
1179	4873
3291	5103
2646	3988
2322	3907
1026	4191
1002	4847
1516	1599
166	2158
943	4193
1493	4031
244	3169
741	2273
419	4031
1555	2170
4864	5188
166	1555
1494	2318
3169	3478
2924	3169
2529	3477
20	2358
2052	2318
1661	4728
2198	4130
1741	4429
309	4853
2441	2826
1555	2451
1447	3945
1455	2211
1555	4383
2516	2715
448	1293
1455	4403
930	3458
4118	4885
858	2318
3306	3988
2719	4187
2633	4018
2052	5215
2211	5020
339	2977
2258	3492
1087	4603
40	4275
597	1905
700	1447
1127	4399
1757	2260
3435	4271
3644	4085
1506	3158
882	916
1589	2673
92	2742
3644	4845
4225	4467
918	2357
992	4031
2258	2987
181	2356
469	2158
1312	3137
508	3040
29	1758
92	4236
448	1127
1131	1905
881	2774
319	2709
1447	2641
2749	5222
441	3169
315	3492
96	2603
121	1555
3152	4864
318	3643
869	3762
516	2764
292	4943
972	1080
881	4021
1753	2633
884	4784
137	1555
181	1837
1638	4899
705	2394
2709	3249
599	4823
3598	4519
3169	4779
1331	4734
1186	2362
4454	4608
567	3169
3169	3901
1982	4237
3846	4864
1780	4253
1526	2207
881	3644
591	1774
2318	4402
2749	4044
599	2417
319	4054
1338	4493
1270	4852
991	1555
4608	5210
4542	4873
1774	5033
33	676
2416	4663
3616	3753
1533	4663
882	4958
3169	4600
1992	4528
1249	2864
2408	2482
3421	4655
1574	4746
350	4608
430	3169
1010	3835
4435	4454
2397	4268
1834	4852
4402	5172
2158	4737
1505	1773
2579	5107
2158	2980
2641	5205
836	3169
1717	4642
1901	4970
3998	4608
2322	3291
1555	4777
335	4385
2158	5210
816	881
5062	5135
2435	4511
1158	4954
501	2654
1297	4178
2273	4891
498	2438
319	1127
253	1813
1622	4873
1301	4178
3109	5171
1586	4864
3598	4552
1348	2499
446	1338
92	3566
1878	3481
2372	3352
2123	4294
680	882
329	1656
1421	2186
175	3169
3669	4402
819	3553
412	3834
1106	1779
3323	4236
762	2603
332	4402
1010	1019
2069	3464
3853	4344
1881	3291
4649	5112
2946	4730
741	1947
1206	2322
1752	3475
1002	2641
244	1433
45	700
636	1555
2273	2416
2390	5094
2065	4939
1780	2211
700	2895
816	4864
299	4687
2521	4189
2418	3834
964	3943
642	4495
2352	2641
345	3169
583	2211
1757	3323
2425	4988
994	2258
135	2673
651	1753
985	2243
1741	2824
4082	4086
2211	4244
2301	2919
2438	3810
1158	5035
1482	1983
1206	1781
1249	3151
299	4973
2211	3948
1555	4452
122	174
836	4608
1881	2632
257	1080
1316	2438
4677	5217
1905	2827
700	4507
3169	5149
3698	4107
142	3937
1348	5188
2240	4865
1601	2078
2987	4960
1923	4178
111	3998
2977	5254
1233	5217
498	1455
4663	4973
2020	3306
1489	1692
2157	5219
4507	5008
1878	2977
1555	4054
912	2749
1757	5037
2258	4157
96	1779
3282	4718
1608	2258
994	4864
1237	5000
703	1555
545	2510
1237	4507
989	3308
1361	4864
2225	4864
881	4331
96	2100
1025	2665
4089	4237
982	1206
253	1821
1331	4165
1983	3478
1753	5008
2164	3804
3158	4608
4663	4999
1237	4113
464	1555
700	1270
1798	2603
1010	4468
3643	4195
1779	3169
319	1878
1555	5137
976	2749
387	1878
1741	4864
1952	4785
966	4661
1983	4879
3926	4935
1206	1316
464	3017
1478	1928
591	3598
583	2158
1153	2528
1533	4076
1481	3648
2915	4789
2358	3957
548	1206
905	2661
769	2240
1649	2258
943	4054
918	4178
2453	5225
1775	5217
515	2892
676	3753
360	4608
741	4641
1237	3243
832	4107
3824	4072
3916	4255
92	1753
3804	4962
1493	1672
1853	3815
1293	4813
1842	3802
349	4166
1206	4026
582	2603
1574	5134
2211	5058
4067	4123
2552	4268
2413	4178
2661	4018
2258	3408
3169	4580
276	1948
371	3644
2539	3644
568	4032
964	5241
2663	5062
3169	4988
1433	4666
322	918
259	260
176	3169
2849	2971
2673	4784
4608	4825
858	3677
4383	5020
2539	2827
4311	5242
498	1555
457	555
751	2518
135	2704
3158	3255
1338	1555
2436	3038
333	4031
1151	2589
1185	2282
3804	3917
1723	4677
525	3927
1668	3544
640	4961
620	5236
1772	4178
3753	4473
978	1533
1354	4166
1375	4705
5217	5232
964	2020
587	2211
2597	4663
2128	2588
3420	3874
1374	4864
2266	2866
582	3291
1481	3927
2673	4189
3169	4302
1429	4343
1736	4043
2318	5074
700	5062
4244	5134
707	2393
700	4178
1985	5175
1581	3169
564	3856
339	2902
2352	3959
96	2207
1649	1717
2157	2510
2927	3834
1331	4255
335	1897
2090	2442
1206	2600
599	2586
3012	3834
3176	3548
1753	3323
1131	5188
3107	5175
1758	2277
1124	4311
705	1316
729	4467
212	663
79	3160
1549	5251
700	4220
1010	4187
3169	5022
905	2417
1935	3169
172	457
3220	3464
350	1447
4220	4963
1627	3810
2121	3809
3169	4386
133	2318
2987	3192
3169	4849
3627	4864
2211	3169
683	1273
4021	4784
1555	2042
3228	3275
1427	5188
2987	4306
4623	4891
3644	5171
989	4220
572	4963
2078	2157
976	3676
717	4178
3637	4157
1109	4844
1127	1813
599	940
2987	4622
172	700
1137	1663
766	982
3061	3928
3341	4438
1545	2749
1478	1489
1331	5064
1555	3000
1002	4255
469	2318
2186	3810
2223	5077
3169	3899
175	4608
1741	3644
1316	1723
1697	3864
224	1002
2358	4493
961	2641
4030	4220
2589	4919
259	4629
607	2654
1387	2529
2087	3788
839	1080
579	3777
1758	1942
773	3160
362	1070
1455	2482
1455	3012
3888	4385
244	662
337	2173
882	4385
3169	3835
595	917
1455	2279
399	457
2603	5137
359	916
213	1353
615	2223
2448	4076
345	2709
213	4519
700	4116
2384	4513
2864	3907
989	990
2123	5112
1877	2154
2069	3410
659	767
96	2240
2158	3998
705	1675
1282	3775
273	2394
1942	4973
577	3780
3442	4178
3906	5219
236	3295
3109	3824
423	4541
1390	2367
3169	3275
911	924
1696	2589
3573	4466
1213	3413
2158	3245
2694	3275
1780	4478
1758	2418
3464	3703
3979	4864
881	5114
2318	5210
2040	4021
3055	4864
767	3707
1555	4215
1555	5046
1589	1758
1481	2065
2211	4128
164	1334
4130	5215
1978	4620
3169	5134
4085	4902
1490	2449
1237	1477
815	3331
3626	5242
53	3234
3454	5020
3361	3671
457	4464
1026	2691
881	4973
720	2552
2258	4728
2749	4577
2254	2358
1455	1484
3240	4496
3979	5157
1868	2529
198	4864
252	2158
1697	4615
1948	3754
254	4109
2623	4608
92	3648
564	5222
1237	4462
1730	3169
2359	4973
4008	4874
600	5238
1224	2358
4207	4225
4464	4513
3169	3245
2258	3192
446	4189
45	4661
1531	3230
2258	4263
3169	3697
3700	4727
4255	4393
332	5172
748	3323
1047	4885
3596	4730
4429	4864
912	4275
1429	4988
1080	4789
587	2257
105	4479
1433	2318
267	292
4451	4614
2510	3622
676	1692
1555	5139
1096	1780
37	3500
2673	4723
3021	3475
2911	4087
924	1442
118	2182
175	1555
918	3158
3773	5215
1125	3045
1549	3169
4393	4850
897	1206
1656	2063
884	1454
2842	3548
1789	3169
2394	3420
139	989
636	4723
2318	2676
3117	3317
252	4258
113	3957
1417	3548
490	1075
1095	2756
3113	3610
1301	2020
346	4608
1210	2299
615	4972
294	2408
3643	3657
2078	3959
905	1421
2063	2258
3510	3891
1555	2738
636	3510
2351	5144
1481	4030
1627	1735
1212	4385
77	3132
1447	3596
1753	4874
653	3466
1224	1331
5	641
2358	2917
1478	2477
184	1697
259	4383
905	4825
1878	3116
676	2894
665	1555
4081	4663
717	1124
3424	4331
516	3477
1769	2422
2529	2679
3413	5112
1663	4496
1197	1843
1774	3323
3160	3906
2637	3169
252	2318
2408	2899
2499	4157
659	2970
105	4974
2521	3824
448	2827
1748	3071
1333	1338
990	1511
1622	4392
2258	4659
1752	3669
4419	4864
3169	4082
1493	1912
990	3566
1265	1353
1945	2691
1696	2505
1165	2987
172	2001
2170	4552
2087	3317
5156	5238
777	1533
294	1533
164	4869
1428	2661
1087	4577
1520	1533
449	1603
708	4849
4655	5059
3169	4767
495	1555
2157	3221
554	1516
3696	4864
816	1555
2358	2441
252	3420
3015	3275
1086	2579
3169	4521
564	945
1757	2108
92	4008
418	2550
1723	2358
118	4737
2064	4542
479	4008
2827	5236
387	2505
578	2579
1588	4030
1752	4041
3197	4123
3442	4963
716	4004
1741	4673
3015	3420
1505	4244
800	3169
1622	1780
3413	4263
276	1901
164	3936
419	2936
1472	4316
2987	3291
1306	4393
4849	5035
2065	4949
1127	2552
3492	3644
931	1429
2539	5236
3549	5242
3291	4431
290	2504
2240	3589
3648	4493
1026	4294
1237	3981
597	659
3804	4054
1478	4166
1237	2308
943	3988
1179	4258
1059	4519
1566	4864
2966	3169
2694	5254
1518	3762
1293	4608
2318	2521
1555	3963
527	2263
1348	4072
2065	3220
1338	4954
498	705
4	4601
2258	2539
3496	5153
2515	3169
1531	1555
1335	3762
3988	4864
2557	3169
3486	4759
305	1224
4275	4440
1062	2273
1237	1628
525	5135
4656	4802
1588	3038
2749	4478
419	3957
166	1433
3021	3169
381	2452
2416	3169
96	2892
1206	2539
1948	4677
2936	4935
2510	2802
2583	3331
1780	4493
2078	4649
777	4479
923	4088
2951	3169
897	2499
1426	3169
82	3648
1026	1945
3169	3308
680	1375
952	4641
31	252
1237	4861
1387	4864
913	3114
2589	2658
1723	2318
1918	4205
3169	4424
2669	3169
4030	4767
96	578
1990	3596
716	884
921	1495
514	2518
2303	3724
2977	3654
2157	3160
1455	2036
312	4864
1653	2431
881	4031
3644	4030
659	2393
1869	2072
5	3012
3553	5232
1686	2866
276	3740
1265	3627
98	1473
1938	4263
2978	4393
656	4392
582	2207
2850	4988
2529	3410
37	1555
1237	3926
924	5081
966	1581
128	5219
5156	5242
260	3169
1127	2657
2733	4799
225	3169
1447	2108
3529	4873
2960	4933
785	2749
1536	3987
2722	4466
1454	3834
1211	1941
1224	1502
1237	3780
2318	2870
31	1837
1574	3988
2318	5225
137	252
1481	3773
255	3169
2266	4684
2318	3482
2661	4885
602	1224
319	5007
111	4845
1359	1983
2207	3835
3452	4383
294	2603
345	627
4054	4123
371	1494
2756	5063
1455	1554
31	3874
1813	2358
495	1533
496	2730
1218	5103
3516	3549
1555	3323
218	4556
319	440
2663	4539
213	3906
1601	4255
700	3091
2875	3643
941	2258
419	4342
360	3169
1087	1752
3117	3169
497	3169
1127	3653
4237	4864
3804	4013
2558	3637
4684	4687
1331	4874
2408	3757
498	1237
1206	4612
29	2258
1455	2875
1555	4130
92	3689
1297	2313
211	4473
587	2970
1087	2936
2076	3169
2529	2749
1656	2945
382	4178
2980	2987
3598	3758
515	4258
3245	4608
203	214
276	4973
2445	2603
2902	3510
198	3240
1331	2946
1696	2061
693	2774
1511	4612
853	4659
1974	2040
1603	2457
1096	1622
748	2158
3904	5215
139	900
45	4845
40	1599
1584	4178
1768	4614
2072	4971
662	4385
662	1343
579	1576
213	3169
688	2945
4393	4634
1206	4202
2117	4864
2764	3686
3963	4864
2108	5196
2637	2749
345	1905
3410	4864
332	1420
832	3059
3644	4149
179	4885
658	3783
3669	5172
1974	2282
189	2864
3630	4496
3063	4427
96	5171
3072	4864
2542	5174
4102	4128
3125	4076
2970	5188
3029	3596
1249	3699
2158	3677
1779	4663
2173	4919
1447	1779
990	5103
4257	4847
615	2941
1649	2263
213	319
4407	4495
1555	4185
627	4473
940	2764
1600	4641
1111	4608
1555	3215
2273	4157
1377	4642
2130	3040
1823	4178
1758	4864
1555	1947
3500	3644
1273	3015
33	2704
3757	4275
5135	5160
599	3512
77	2332
1131	2529
1533	2755
1482	2408
707	2488
1455	3109
3644	4107
817	979
2123	3627
1080	4113
1506	1600
708	1495
1058	3803
1359	2589
1230	4608
1127	1433
1390	5018
2656	4608
2482	4455
111	726
319	2715
2453	4332
122	3012
3973	5156
2676	3644
1455	3215
1493	4379
1526	4295
1555	4695
3637	5157
976	4295
881	1455
1780	5103
824	1717
1901	4205
371	3483
582	3321
1237	4435
1237	2936
3596	4612
1312	3644
2416	3769
1813	3648
2017	2798
1878	2249
3109	4511
2519	3454
2158	4765
1237	1947
1100	4473
3644	4954
2223	5219
2332	2394
1741	3914
1447	3169
3028	3169
1533	4784
1455	1912
824	4850
972	2915
2136	2556
1429	2425
2691	4407
1974	4663
2158	2225
1697	3363
659	1609
1212	5215
845	1918
556	3459
2087	3169
1574	2641
1455	5176
1901	2836
1516	2435
1609	2158
3553	4865
381	2192
33	3548
2240	2667
1378	4030
1081	3894
2589	4292
1502	3109
1622	4275
3834	4784
105	359
1354	2673
1942	3815
967	2679
707	1774
1425	2765
3637	4864
2258	3169
921	5127
3435	4403
1931	3548
1910	4507
1649	4257
319	5090
2313	4562
1002	2417
4507	4784
4198	4811
1447	3045
3008	4879
2673	5051
1455	2673
3315	3644
1307	4785
2735	3644
2318	5125
982	4026
2008	3999
469	1447
1773	1978
1757	2881
716	4473
1887	3648
2025	2273
2529	2866
3052	3169
1331	1455
720	4868
38	2192
236	2679
627	2827
2603	3442
1087	1837
2735	4800
2087	5232
1535	3699
260	4799
1096	2258
726	1433
881	4042
884	923
4639	4899
265	1237
2358	3289
3974	4440
2072	4311
923	2552
111	5103
1312	3707
931	1391
774	2408
418	3834
3055	4178
260	4629
3620	4003
1460	3169
1588	2436
96	4081
2154	4244
1555	2970
2352	3598
2393	4453
1739	1787
1610	2981
2435	2552
319	2263
2081	4327
1007	4191
4030	4752
3835	5020
1237	3240
471	2358
1555	4940
1081	3895
2266	4687
4223	4330
2559	4013
858	1555
4864	4940
419	3943
1127	3689
360	600
1730	4571
2870	3644
1076	1687
1131	2826
4428	4947
1533	3644
1555	2326
77	4237
2258	2764
1656	2899
2929	3114
1307	2642
2029	2589
33	3549
1965	2539
845	5035
1249	4587
2027	2240
319	2594
2971	3907
82	4813
1237	2173
118	2318
1346	3169
1555	4641
1555	2457
718	1125
1447	4781
2258	5098
1511	2579
2870	3700
516	5188
4199	5160
172	3323
1473	4873
4954	5215
1046	3169
1723	4782
1555	2623
1455	3500
3548	5080
4258	5124
2673	3173
1413	4087
2181	3169
1417	2258
1878	2263
2318	4864
45	751
663	2929
1451	1704
3562	4864
4435	4874
319	1774
37	1461
717	1983
2709	3627
1985	2158
2552	5035
3169	4043
1131	2863
2215	2719
3573	4961
2881	4885
2970	3025
1433	2351
2158	4813
707	4402
1367	2158
236	1918
1237	1918
1224	3169
2258	2339
2632	4687
1723	4847
92	1520
1588	2069
129	3669
1047	1758
801	5062
335	2158
2709	4673
578	4275
554	1996
457	3637
3669	4608
1249	3926
3015	3526
2258	3973
1158	2850
77	319
1237	3442
2128	3627
1881	2358
897	1823
1878	3160
2108	2673
1380	3169
3341	4015
1622	3207
3676	3802
2523	4684
2000	4021
1007	2691
1758	4552
358	3510
2798	2978
2061	3410
37	3948
1901	4663
3081	3804
3295	5127
3765	4473
2211	3636
1780	2065
2356	5020
2623	3169
1697	2539
3169	3249
82	4178
2257	2277
1290	4705
705	4257
236	4960
4608	4777
1697	2951
1460	4991
2372	4864
2749	4153
1447	4687
931	4431
3323	4285
4178	5188
3566	4030
1455	2919
118	3420
129	332
2581	2756
1441	4383
2240	4998
1378	4031
3293	4199
1293	1581
4165	5008
2408	4306
422	900
1010	2927
1299	2739
284	4203
4342	4466
1578	1758
21	2211
1137	1741
1607	3598
735	4864
2413	4961
77	3015
583	1237
1290	2408
599	3815
429	564
3834	5175
989	1663
218	3169
3071	3169
346	3169
1653	5219
878	2367
345	2158
4687	5180
96	2064
2419	5217
252	1555
1237	1819
128	2709
1197	3387
607	4178
1237	2436
1447	4625
2425	5188
1473	4885
3169	3489
2152	3169
1515	3549
550	4466
2158	2755
943	4013
3067	3212
2357	4130
3169	5153
2069	4125
923	2435
3984	4166
1034	1188
96	167
3804	5222
1505	4237
3204	4311
2961	3169
1237	4684
2756	4999
2240	4385
1696	1758
3169	4113
2850	4749
2539	3553
329	2946
166	2709
359	3169
4031	4973
1354	2586
4153	4973
989	1433
3317	5217
1393	3169
708	3824
1918	3478
96	3169
3644	4255
1421	5097
703	2892
290	3804
1237	2061
135	4864
1757	5157
554	4777
3015	3888
92	111
498	2273
1878	3510
1109	2258
913	3029
4117	4963
1002	3420
587	4327
1533	4766
913	931
92	4085
3648	4379
1206	2230
1959	3169
1348	1687
260	4260
845	1581
133	3643
1318	4275
1274	3643
2158	2936
966	1359
3573	3654
1779	2961
1686	1983
1664	3069
3291	4473
897	1022
3192	4864
1016	1070
2110	2558
1515	5156
3169	3591
836	5215
469	3676
2660	3169
555	1627
749	1237
773	819
4546	4962
2357	4332
3291	4149
4144	4734
1449	3548
3957	4853
276	2603
4943	4973
2318	3323
1270	2318
2902	5251
3573	4864
2273	4130
3566	4193
135	4963
2154	2998
37	3169
45	1455
3510	4595
1566	2629
1127	3553
5	4089
2358	4236
648	2318
267	3496
3553	4031
1080	3489
1003	2258
2268	4973
1127	2358
381	3648
663	930
3643	4043
554	4018
3420	4513
2318	3937
1018	4864
2128	2157
3963	4542
3549	3904
1316	3802
642	4107
2730	3169
305	3169
4659	4823
991	4864
96	4973
1447	3055
825	1555
705	4255
430	1237
457	1179
3824	4949
631	1931
4885	4999
2772	3169
2289	3478
2303	2335
1583	3435
1895	4663
177	882
288	4844
700	5109
2332	3420
2673	5215
4123	4316
3220	3790
381	1103
1566	1675
273	2345
689	2529
1237	4777
1382	2318
1237	4154
1780	2166
2946	3809
4749	5238
568	5094
2087	2117
1581	5035
587	3195
1293	4935
1433	1931
2997	4466
620	4752
4050	5174
1176	2258
917	2712
2273	3204
2397	3644
3516	4656
735	2603
118	2131
1447	3730
884	3169
2589	2733
1025	2294
3024	3169
2085	5251
4199	5176
2318	3669
172	4656
276	4275
934	4466
836	4076
990	1780
2756	3906
1111	4864
1237	4736
2588	3906
1034	2240
319	621
663	4973
1353	2709
515	4178
583	3882
1433	4031
881	3169
1601	2332
2020	2756
1206	3835
2332	5241
1555	4546
4275	4752
3169	4863
3393	4003
2418	2749
2232	3622
105	2808
1049	2603
1687	3888
2987	4647
268	1574
3548	4979
2580	3169
92	2108
211	1555
1704	4628
2970	4723
4072	4949
350	2273
1717	2128
253	4496
1516	2240
4239	4728
816	1206
970	1901
583	5062
3169	3466
92	1482
1059	1549
828	2017
683	1307
2207	4343
3506	4973
1272	2673
1226	4571
1455	3995
2394	3323
179	4275
1494	2158
3504	4119
35	1433
1369	2774
2048	2477
1942	3169
2667	2892
2042	3169
579	1913
333	2158
1759	2432
729	5008
3	2735
1533	2154
845	2623
3045	4864
1881	3648
290	4073
1447	2064
96	4132
399	1179
294	2258
864	4587
662	1240
1653	4178
785	2603
495	4663
1195	1237
3410	3424
700	5135
80	3160
1481	2358
707	1333
1224	2850
1626	1971
1489	5215
1555	3478
1338	5172
1179	2673
1249	1307
1672	3596
1493	3454
3109	3169
164	276
599	2390
3596	5215
1070	2453
1741	2104
245	389
845	4963
1447	2224
2378	3169
913	4988
1887	3506
1758	4473
1656	1696
1237	2882
1033	1059
57	5215
3169	4570
4178	4879
1159	4799
3926	4666
1555	4789
1918	5064
1938	3169
4963	5195
3410	4275
2020	3926
2603	4013
2024	2357
1348	4608
288	3548
2510	4326
1587	2499
1427	1433
550	3215
684	1555
1622	1704
976	3834
1555	2735
2158	2301
3276	4178
1493	3408
4107	5249
1427	1718
449	4864
419	1638
1307	4736
1447	3052
1282	3169
3040	4739
693	839
2358	3529
4343	4864
748	5125
33	5107
398	3643
349	4593
1918	4734
1237	4473
1390	2158
142	267
1566	3169
3245	4379
2259	2682
1741	5222
2673	2776
2637	4864
3464	4342
1974	3331
3773	4623
315	1758
839	2549
423	913
2109	3038
1417	2633
600	615
1455	2546
554	766
3464	3483
917	4191
1390	3790
749	3566
218	3317
1774	5241
3653	5149
2554	3644
332	1506
4885	4963
4330	5217
188	3169
2158	3478
1206	1447
854	1656
2069	3220
777	1978
3927	4848
419	989
1237	4752
2774	4073
2827	3824
3169	4472
1376	3553
3637	3783
4663	4970
1753	2117
631	1736
3331	4244
1293	3169
1230	3169
2989	3835
1455	4902
3169	4244
662	2915
1555	3510
2654	3856
719	839
2424	3906
671	4178
3	175
905	2318
1555	5212
4152	4864
3907	5103
92	658
864	3922
1758	3973
2527	4178
3393	3699
2673	3000
1843	4963
40	2870
1555	4562
4178	4544
554	4782
1062	4178
1026	3016
1978	4457
1127	5176
246	2318
1697	2154
2078	3616
2186	4656
4089	4203
3352	4864
996	3169
1821	3914
1983	2892
855	1237
1696	3966
1741	2853
1856	2634
2158	2289
2915	3762
2978	4642
4438	4821
1447	4166
974	4336
3627	3719
3413	4043
2128	3116
1574	2027
4157	5215
2694	3627
4727	4736
881	1608
192	2539
2064	4879
700	4734
2925	3780
1211	4971
345	2117
857	5062
1741	4737
1010	2519
911	1622
991	2642
1965	3293
777	4785
111	4864
453	2776
2258	2971
979	2001
990	4539
1718	5043
3458	4153
663	1025
1127	3928
1196	1752
369	3169
1002	2158
253	399
5007	5251
2087	4700
1948	3317
1755	2589
1757	3782
294	1206
249	3071
2258	3917
45	3747
1730	5174
2318	4891
1810	3169
1533	4327
457	1952
3169	4213
602	3109
1080	2207
2282	5047
693	1821
305	2519
3636	4260
3169	5035
1343	2030
642	1007
1425	5044
215	5175
2583	5134
40	2318
1901	3317
2223	2510
287	3363
3475	3753
1447	1948
1433	3753
1741	3926
2418	5020
255	989
345	1555
4736	4789
707	3669
336	3169
853	4085
1711	2850
3766	5010
1758	5008
4379	4825
2394	3553
2158	3893
1576	5188
1555	4213
358	4385
4899	5252
29	2211
2558	4178
918	4849
1206	4313
419	1533
1783	3644
1783	4244
4144	5241
1007	1945
1153	4379
174	1237
4663	4902
2452	3169
2756	3288
2393	3882
457	1787
1695	5082
3529	4031
1237	4035
96	2394
1002	4677
2065	4260
700	4199
4260	4629
636	2158
1030	3228
142	3169
319	3169
1741	2109
3169	3619
748	4178
1901	1942
1293	1627
2682	2749
1555	4513
934	4429
663	1525
621	1649
37	4030
3705	4562
1304	4970
1555	4018
2499	2863
1819	3769
1376	4963
3644	4072
423	4612
1472	2634
3169	5172
699	1656
1730	3420
1285	3705
1555	3649
1274	1928
1897	4123
705	2158
3598	4727
3169	3363
550	2749
1581	2850
1366	3834
177	1601
828	2978
1584	4963
315	449
315	4864
2980	3169
1555	4865
284	651
1387	3856
2749	2928
1574	2768
33	3295
335	4466
3753	4603
2279	3643
3598	3959
1555	3636
3529	4030
554	2919
253	4031
111	4970
3169	4241
3297	3778
642	2749
479	1331
720	4258
1307	3758
1157	3549
92	3703
1127	2425
1748	1944
1188	3080
3169	4562
2970	3510
1515	4971
3308	3907
3466	3895
353	1130
1237	4493
3169	5062
2192	3310
970	4003
2919	4973
3212	3847
3610	4167
1971	3071
1711	2069
1127	2361
369	4076
1918	3753
564	2445
597	5073
620	1774
2483	3158
2291	4307
1237	3293
133	1584
1931	3158
597	3627
3082	4178
3169	3429
2749	3835
1127	2864
2995	5254
2936	3700
1075	3644
276	2749
1759	4116
3207	3937
2258	3307
4155	4868
77	3169
1127	2251
1189	1697
2709	2977
1273	4155
824	828
1436	3169
359	2294
1574	3907
2550	3548
2020	4821
3598	4914
1082	1338
1744	4466
2279	2805
1718	4493
1455	3289
931	2408
615	4026
882	4479
2673	5156
4191	4407
2673	3856
599	4947
991	4608
1206	2422
1455	4447
1158	1581
2211	4447
1482	1555
1696	4973
129	1947
3730	4327
560	627
3331	5134
1587	4864
2332	3015
845	2552
2586	4873
1270	1366
3012	4998
254	844
2471	3510
2358	4085
1237	4974
680	4958
1369	3566
1780	4594
1482	2866
1931	3927
1555	2722
2885	3169
1856	3894
2579	3516
578	2211
1331	3109
964	3926
726	2158
1757	3856
1206	3045
2633	3421
3963	5089
233	4958
45	1965
1656	2303
1447	4864
358	2240
3596	5020
1473	1718
1390	2318
1482	3753
564	2211
1206	1493
1505	2158
1449	2542
2453	4656
2158	3151
3169	3207
1783	4237
1656	2927
3169	4847
1723	2394
1237	1557
1159	3169
1080	2258
2457	2529
533	3169
495	4453
917	2038
1705	2919
627	3999
2633	2925
1188	5153
236	881
2251	4988
1711	4116
118	2211
1610	4050
2318	5172
3553	5033
37	1168
1531	2020
767	4495
4031	5000
2052	3169
967	2258
4336	4656
92	3220
1481	1821
2258	2418
1478	1905
92	259
683	4385
1745	4705
1062	4427
92	3773
587	1237
2020	4177
1047	1723
2358	4030
96	3686
1237	2301
1780	4379
766	2682
198	1821
96	2799
836	4119
225	1158
4015	4379
2087	4613
2225	5241
333	1918
1555	3025
92	2850
2894	3846
3510	3598
3410	4528
316	806
479	4734
816	1704
118	1748
3413	4041
1868	2453
2103	3334
1237	3323
2263	2846
2808	3888
1082	3169
1520	4102
329	2211
3109	5035
2749	5150
2128	4723
2559	4436
2632	5020
1747	3047
45	2539
1493	2318
3753	4550
1912	4178
1070	3815
1482	4469
943	2273
1649	2085
2749	2989
3420	4785
1237	2457
1533	4144
356	3283
345	1748
2087	3028
2749	2987
921	5160
921	1780
1555	1723
1107	1533
1918	2358
1127	1482
1696	2254
3240	3291
2211	4013
1307	4789
1941	4311
2211	4970
316	1338
3169	5222
1447	2660
1206	3192
2301	4970
2072	3295
26	4511
96	2482
3754	5103
2408	3406
579	4428
2258	3553
900	5236
3459	5157
853	4911
839	2646
1983	3777
1518	4608
2258	4447
312	2211
918	930
845	5064
681	3753
708	2875
716	4947
1127	3334
255	1432
221	2709
3907	4552
3413	4864
2020	4473
3477	4021
3069	3230
2776	4454
77	2505
2579	4192
2853	4428
3169	4940
600	982
1752	3753
4864	4880
257	4663
40	371
979	2929
3478	5035
700	3291
3070	3620
703	4608
1882	3540
3169	5200
3158	5215
3475	4973
1489	3973
211	4030
2357	2479
2061	4608
2673	3988
244	1649
0	1472
4436	4663
1622	2673
2078	2510
756	3169
453	5098
2065	4684
621	3169
253	1741
2192	5171
1369	1555
2705	2733
2054	2301
3195	3730
1111	4727
2270	2827
1493	3644
2397	3548
1758	2971
1206	2201
2040	2749
29	4734
4577	5144
659	1338
615	3454
2633	3038
2040	2408
845	3700
2318	2623
1338	2515
2749	3846
1555	4736
2158	2623
2970	3998
1758	5103
1293	4469
707	857
1609	2970
1990	5020
37	1224
2230	3874
1273	3698
693	4391
3169	3611
422	664
1237	4954
1980	3160
627	1905
1369	1478
1663	3927
1489	1834
1127	1747
2877	2987
2425	3753
166	1427
1493	1608
1783	2945
1455	4700
651	3973
900	2436
706	1574
1075	4167
1692	2425
246	4383
882	2352
2870	4044
700	4873
2603	2989
850	5185
3352	3815
1478	4852
302	1157
2145	2258
1744	3222
2000	4785
2977	3510
2961	3630
1555	2658
3169	5012
33	3904
1237	3790
2139	3703
683	1626
135	4973
3740	4962
122	1992
1692	3846
273	4178
1505	2318
359	5153
1905	4864
1918	3596
2436	4612
2211	2971
1656	2364
2633	3619
3644	5125
2361	4178
296	2173
3804	4511
305	4954
96	276
1070	1834
1652	3169
2065	3653
2971	4275
3804	4436
228	2416
440	1033
2813	3643
3025	3762
1570	1901
2654	4457
263	2663
665	2989
2248	2438
1918	4008
358	1096
1270	2436
1819	3809
2451	2603
0	3
2211	4996
3323	5064
1978	5112
2258	5215
1002	2318
579	2436
244	2240
699	5217
1781	2030
641	1783
2554	3169
1535	3160
2632	4225
1758	4577
3055	3071
548	3467
1772	3815
1197	2586
1622	4612
2528	2559
1786	2106
1901	3331
1206	3012
989	3648
96	2408
1086	1533
1237	1663
360	371
2451	4189
1878	3906
2579	3644
264	1274
578	640
1549	3221
4295	5000
882	4600
4008	4954
845	3500
37	2827
3169	4462
3016	4191
700	1047
1574	2211
1002	1649
1996	3804
1555	2061
2850	4954
864	3015
917	2451
1985	3560
1758	4203
225	3500
2225	2408
184	881
881	3126
3619	4963
934	4869
92	3653
741	1338
620	5175
1902	2774
564	578
676	3846
327	1348
2947	4736
1538	4608
2186	2352
3551	4971
40	423
2211	3757
33	4311
3283	4973
586	3169
3203	4031
2408	4081
2052	2537
1772	5020
1489	5238
2358	4031
3228	4608
2361	4087
1482	5008
1555	2656
2358	4868
2332	3169
1786	4734
4656	4873
700	5020
448	1753
332	707
816	2774
1901	2036
2511	4466
422	4236
1151	3617
931	2894
457	2240
1212	2158
164	3821
2076	4466
2813	3169
3032	3169
1482	4225
2249	2510
2030	2669
839	2457
1656	2243
1747	3160
1237	2359
305	5035
4100	5175
3973	4311
2457	4469
943	4513
2756	4166
389	2510
599	4013
33	3483
1668	4383
457	1735
1329	4718
3015	5047
290	1010
1025	2258
371	853
2158	4546
1705	2521
2769	5242
322	4257
164	3834
1165	2542
664	2705
1224	2827
1086	3529
225	2827
1086	1901
1062	2603
3114	3295
2258	4552
4241	5077
1574	2258
259	719
1555	2521
4268	5236
276	2258
1338	3804
700	3963
1574	4869
243	3598
399	2186
4008	4165
888	3169
328	4963
225	2158
1353	2123
918	3169
29	2207
211	2397
676	1429
1375	3644
1047	1555
1224	3596
1212	3169
2139	3804
1237	3464
293	2408
881	5046
806	3069
2158	4954
1555	5160
806	1627
3672	4728
1629	4303
636	1574
77	4739
1331	1675
4728	4963
515	2361
137	3888
515	2709
1080	1230
3459	5174
2263	3627
333	404
1856	3197
358	2299
3889	5207
3160	3169
2170	3169
1978	3413
3548	4813
648	1391
3016	4864
1007	1081
2078	3598
346	1237
822	1025
824	1736
14	1237
1237	5039
1724	3169
2358	4552
3323	4811
1403	4003
501	2945
1918	3638
381	2529
495	5063
1928	5020
197	5133
708	3753
2453	2529
259	1576
33	577
92	2549
133	3566
964	1087
1555	4825
1343	1944
658	3553
92	5103
265	5000
2756	4073
319	1265
1293	2676
2774	4054
2158	4861
1016	4853
2863	3302
164	4209
1010	1176
1723	2332
1757	3045
597	2258
1486	4031
1022	4718
1483	1774
2358	3072
2069	2436
1555	3882
2258	2688
1685	4428
1748	2669
3169	3627
1555	4861
457	4473
700	2853
1447	2087
148	587
2528	4853
3548	3904
943	1736
508	773
359	1307
3864	3964
1277	2258
3888	4875
4178	4937
2158	5225
3683	3958
1137	5000
4767	4852
1127	2911
172	555
2632	2657
1075	4255
1237	2257
319	436
2179	4178
2020	2623
313	3973
1625	2516
1034	2087
2432	4864
329	3169
1022	3282
4435	4849
989	4960
918	4937
290	3949
1736	4864
2646	4327
729	4268
2936	5175
2211	3306
1471	2023
1992	3127
1151	2764
3169	4825
964	1433
3856	4963
918	2076
1983	4082
599	3834
3596	4885
2020	3753
2078	2263
290	2158
2063	2633
3875	4275
3686	4193
20	707
2358	3596
741	4840
1609	2393
2633	5020
228	2431
2936	4608
2240	3548
2663	4031
933	1555
4107	4687
3443	4178
3045	3169
2925	2989
700	1237
2103	5113
448	648
982	1493
3169	4550
2452	5135
2559	4853
4783	5216
848	2755
3644	4008
249	2004
623	2654
2065	3644
174	1481
2936	2983
4082	4677
1489	2634
4178	4617
2158	2308
700	1928
1555	4765
1338	3777
3169	3757
2845	4031
1096	1758
1663	1741
119	316
905	1022
164	1446
2589	5241
349	3063
3894	4123
496	3169
943	4677
2232	2749
2521	4825
2673	4178
3289	3478
1335	4478
2764	2989
3610	4393
977	2258
664	2863
994	4958
1901	3644
2709	5064
2117	4954
1535	2995
3653	4734
1628	2318
4949	5238
1479	2109
1974	2936
3028	5236
1262	3212
556	806
3824	5215
1581	2539
3758	4789
213	2902
2258	2682
4202	4659
1479	4608
243	5077
2679	5188
335	1307
129	2318
319	3510
2505	3420
4873	5062
257	2661
700	2065
3644	5113
2367	5222
587	707
1723	1952
990	5173
552	5172
640	5000
1205	2528
1696	4677
3169	5110
641	3698
2158	4257
2634	4316
1427	1779
1374	1555
4032	4055
4085	4207
3008	3548
3240	3914
2749	2899
3573	4379
1442	2104
705	2646
1538	2623
1493	4608
2225	3169
105	1213
233	1768
1124	3295
766	1176
3169	3598
691	1447
1010	2418
1216	1240
856	4275
1843	2441
5163	5215
3906	5049
1769	4427
845	1331
990	4031
1348	2970
3834	4478
1482	1752
1478	2301
253	982
1649	1774
1237	1533
1581	5064
782	4428
1447	1555
2418	3271
1478	2109
1224	3323
3345	4466
2603	4970
707	3998
2504	4178
587	4727
525	966
122	3107
2069	3703
1454	4026
3927	4198
5	4875
972	1307
1697	1901
1080	1493
726	2936
1455	2539
762	1774
457	4899
1293	1511
287	3113
931	3846
1189	3596
2518	4043
1718	4085
319	2249
3834	4244
3619	4275
1018	4899
1752	2020
2432	2983
3059	4687
3874	4785
517	1555
621	3721
1570	3517
3596	4225
2961	4600
1237	1583
2749	2927
1131	3987
1237	2776
1555	3937
2211	3619
815	2756
2289	3562
422	5236
410	4237
2559	4473
367	1555
129	1555
1910	4207
3169	3336
1692	2673
600	3169
2318	3780
1249	2164
111	3283
741	4972
1103	3169
986	2589
700	3025
237	3169
3306	5188
2422	4427
4546	4608
3548	4642
2945	3203
305	1918
1555	1609
1043	1279
446	1705
836	1237
1757	2418
4473	4864
1656	4604
2318	2738
2318	2821
1574	3596
1878	3829
707	1111
1588	3703
1555	2946
265	5107
662	4054
111	236
457	700
514	1649
1489	2065
881	4784
133	1723
4864	5211
1127	2539
2903	3762
111	2484
3169	4337
1737	1823
2211	4928
943	1237
2117	2749
105	3454
3169	4613
2674	2989
1759	3350
845	4008
4268	4467
1574	4600
2378	4864
2518	4113
1237	4961
1600	1947
1656	4383
1226	3420
1780	3529
659	2158
2429	4102
2207	4142
2961	5113
1622	3863
2764	4085
137	1455
1555	4813
2593	4393
2654	4472
362	3459
2688	5113
3169	3469
3644	4634
2593	3644
1127	3824
1489	5242
253	1481
3643	4879
3553	4613
2700	3169
3553	4784
4013	4116
221	2966
1780	3345
1758	2243
994	2749
2069	2109
4113	5195
3601	3778
96	473
2581	4663
77	2516
3169	3968
1622	2065
517	4271
1704	3012
111	3754
1237	1983
1274	4864
1911	4178
881	2989
2548	3169
1735	3810
1338	2257
2850	3596
363	881
3654	4379
3302	4718
92	1237
1087	3169
676	748
1627	4656
3015	4385
2827	5035
1723	4013
1447	2266
3116	5153
1013	1779
816	1354
358	3598
1047	1656
921	1087
785	3169
4864	5037
381	2357
2464	4113
3464	3790
2361	4258
4275	4447
2030	3788
1515	1656
2318	4546
640	976
2136	4759
1758	2927
1520	5062
1493	1704
3824	4342
3804	4864
1574	2064
2263	5251
453	4153
4608	4765
2258	3835
651	1489
334	4899
2499	4718
1663	4848
4973	5163
620	3820
253	5109
2892	5215
620	1506
164	1775
1127	2769
2663	5215
40	964
1455	4331
832	5127
2020	2425
2673	2881
1931	3753
3894	4067
305	4874
720	2361
620	4144
2158	5046
1905	3504
1343	3788
1757	2201
1775	1912
1158	3478
1490	3540
2417	3963
508	4739
1649	1723
2264	4313
1506	2192
666	1043
922	2559
1947	3998
597	1206
600	2482
1609	2318
2656	4864
294	3454
4237	4620
1502	2850
1224	1753
1757	3835
882	3116
2749	4154
1265	3510
29	3834
2510	2709
3160	3627
1735	4026
468	1798
77	2590
3643	5242
853	1299
1331	5125
1212	1555
979	4285
587	2881
2078	5219
544	4178
2258	4089
2266	2657
1905	4749
994	2020
806	2453
31	3169
2473	3032
1741	4544
1723	2158
2020	3821
3907	4961
2768	3442
1335	4864
582	4275
1780	2358
1718	4436
905	2870
640	4656
1377	2017
179	1692
1531	4802
809	3644
1821	3553
2436	3169
2069	4852
118	2052
2749	2971
1270	2109
2518	3622
2764	4864
1109	4601
1878	2078
2158	2231
564	5188
135	964
319	3160
257	3637
1821	4031
33	1211
3169	3981
1905	5215
1010	1912
213	4043
2917	3686
508	2130
1780	4149
38	2158
2735	4144
683	1447
1025	2997
1555	3038
315	982
515	4604
1622	3596
600	1555
2243	2258
2413	5031
1075	3610
2425	3926
519	5215
2363	3169
1947	4641
1555	1901
695	4834
1429	1692
3410	4478
2211	3856
1107	1520
1331	1502
3478	5196
2842	3067
663	817
1395	3169
700	4385
973	4451
1622	4749
3169	5241
1433	2425
695	3169
1578	4518
1817	2258
658	1774
305	5064
276	2211
1025	3888
659	4727
3169	4295
1237	2673
717	5238
1736	1757
1338	1947
1610	5174
2318	3151
1237	1472
172	4873
2633	3657
2158	2318
2482	5215
358	5176
1331	4802
1481	3109
151	1555
244	1574
4608	5046
516	1574
1095	2318
1905	4949
1555	2173
252	1111
513	4440
4166	4999
762	3627
3478	4403
362	1016
2936	2945
3553	4663
2623	2765
423	2087
773	4587
2641	4257
363	2192
636	4076
1711	3169
1758	1780
2258	4988
1447	1533
1780	1912
700	3914
989	3618
1237	2589
2211	4676
1058	1080
1533	3773
2178	4464
1555	3926
1555	3683
4086	4187
1901	4454
1043	4116
1427	3169
3127	3243
2505	4326
4008	4734
582	3677
508	5007
1447	1990
3169	5073
2849	2902
335	2641
276	2529
2700	2945
1601	2641
1493	4073
1555	2936
1447	3835
172	399
3169	4954
950	4562
3598	3700
1796	2516
828	1377
4026	4864
1515	2769
385	1237
1127	3474
1775	2453
1555	2308
941	1758
1179	2186
404	4960
1157	1489
2515	3517
4458	5017
717	1555
2516	3368
1990	4687
1705	4962
1455	4236
1538	1555
0	3363
599	2864
431	3169
2048	3630
2919	4935
228	773
4428	5207
708	2827
2358	4813
2123	5077
2240	4556
1116	2318
869	1455
2556	4759
1746	4666
4143	4178
923	1516
882	3780
96	3277
1533	3553
384	3973
1918	4165
3038	4852
2268	3596
918	992
3648	5232
693	1058
2351	2436
1131	1331
2393	3907
730	1798
819	3540
1948	4869
1479	2742
3169	4469
3643	5010
276	1574
2417	2915
1420	3804
1206	2054
4295	4961
648	3998
2665	4875
1804	4864
1823	4864
1566	3088
2902	3906
597	737
700	4026
419	4990
978	4116
741	3998
700	2632
2258	2602
1442	3169
3821	5188
1249	3012
517	1127
3754	4454
1068	2673
3598	4649
615	4879
2158	5241
1206	3856
3283	3291
1047	4275
164	1359
1774	1878
1179	3169
2952	3169
3637	4275
92	2358
4275	4306
1353	2475
1135	1237
2679	4178
2263	3481
1186	2633
2065	5115
1878	3627
662	2384
931	3368
562	4178
128	1878
1533	2273
1555	3040
4054	4089
621	2157
3297	3740
1307	3553
1704	1757
870	5007
858	1157
600	5103
137	4571
1421	3617
221	2173
3458	4973
229	3454
3464	4899
1741	2579
819	2416
1819	3566
1455	4285
92	2117
1237	4332
1574	4327
220	4275
3894	4316
992	4193
228	1653
2394	4085
3998	4402
2623	2870
1206	4425
937	1603
2559	2589
105	4663
2158	2764
3747	4116
118	1254
3047	3458
2207	4663
387	1025
4031	4752
601	3626
3113	4393
1735	4873
636	3169
705	3169
96	1759
2519	3762
3289	3762
3055	3169
2358	3863
217	1555
1186	3804
979	4999
3549	4971
3648	5103
2273	3289
1878	3893
2603	5098
1992	3029
2749	3072
933	2559
2416	4402
1772	3454
1947	2158
4339	4608
1555	2755
1116	2158
1070	4428
1377	2798
2258	4203
2431	3540
1331	1918
305	602
1757	2764
3169	4806
376	3215
1758	4152
5109	5135
4402	5217
1390	3637
1096	4864
4041	5174
225	2318
1555	4013
969	4511
966	4845
4178	4293
1965	4845
96	1034
92	2394
825	1080
457	3169
229	4963
4813	4971
1555	2419
2559	5098
99	3012
2170	3323
1816	2167
2633	3988
1588	3790
705	1601
2318	3215
881	1338
2564	2971
578	1588
1743	3169
1237	5249
2881	4428
716	5018
1274	3478
319	3654
1656	2570
4608	4727
1206	3323
1502	1918
836	1555
1768	2589
1102	1555
359	751
3310	3672
288	1109
381	1555
3169	5217
964	3637
2158	2915
1129	3459
985	1080
2072	3904
3713	4620
2431	3169
3803	4583
260	4962
438	1696
1049	3306
1774	2902
3627	5254
1705	5020
1127	1821
798	5249
3245	4864
399	1735
1478	1622
1047	2749
2827	4954
1265	2078
881	1935
707	3169
3874	5047
77	1148
1158	1711
1374	4663
1696	3672
3815	4428
1692	3368
3672	5074
979	4879
4677	4813
3169	3190
777	3116
857	4752
1127	2484
1779	2808
3694	5175
1953	3169
1985	2318
870	3644
2318	4562
1965	4199
1935	5127
1007	1736
941	4864
38	423
2466	3363
1334	2583
381	848
1265	4257
583	659
3	1472
1087	3753
2069	5125
2258	3289
964	2425
2318	3963
828	4850
3169	4332
3169	3408
2633	4205
2432	4178
1923	4973
3559	3988
550	2258
2824	4963
941	1757
1233	3169
2903	2929
1743	1773
290	3834
2258	2356
3548	3762
3291	5236
1555	3421
2087	3045
1316	4962
40	4612
1668	4752
319	758
1750	3753
2358	4123
623	3345
1757	4961
33	1359
1237	4085
516	1483
2709	3323
651	2215
1495	2416
3169	3735
917	2892
3169	3636
294	4864
653	3618
4100	4275
336	2945
382	2020
279	1555
4577	4973
453	3834
166	305
706	2240
707	3882
1393	3421
3235	4864
1338	1996
1307	3215
328	1779
749	3824
1237	2054
1048	3169
3331	4403
2738	3095
1354	1781
695	2240
1237	3245
1990	3091
602	1918
2749	3447
2170	3959
2554	3310
2266	3644
2211	3410
1206	3345
1705	2863
1758	3126
601	4853
2490	3483
663	3637
3618	4454
2894	3753
1758	2881
1261	1758
497	5153
3904	3973
96	4963
129	4641
2192	3413
92	1821
2452	3803
858	2158
742	1159
924	3266
659	1687
1672	3169
748	3368
1696	3402
4493	4784
2987	4237
4275	4343
1111	1686
99	5127
2356	2358
3297	3926
1473	1780
1796	3510
4857	4864
322	1002
1168	5160
857	2109
1697	2673
252	3015
233	4178
601	5238
333	4178
1868	4379
1810	2589
2936	4891
2130	3169
1218	1780
1502	2552
1741	4623
751	2453
2294	2665
3907	5124
1082	4275
665	1043
1533	4128
1224	4874
2474	4383
1696	4864
779	2673
3160	5077
257	3169
1895	2357
356	1218
2339	2946
1479	3892
1049	5239
1723	2452
1555	4608
525	4873
457	4656
1786	2864
858	3949
4178	4478
819	4518
4577	4864
294	2448
1059	2263
1046	2603
1080	4666
2301	4608
703	2870
1312	4834
2078	2709
1600	3998
1265	4519
4236	5236
1985	2211
449	2192
966	1736
580	2211
2003	2632
836	2318
1087	1931
1555	5112
594	3169
2207	4306
1515	2853
3040	5215
2110	4864
3275	3888
1376	4916
989	4767
3749	4478
381	4663
2483	5150
2052	4076
3143	3207
3243	4260
2663	4193
40	3616
1447	4542
1843	2673
2318	4419
839	2679
1545	1758
3753	5241
599	1589
3998	4828
911	3169
1179	1741
96	4663
2529	3553
3694	5008
1237	1588
1087	1427
254	587
2258	5071
2417	4473
662	1736
773	3719
369	1697
1359	2529
825	2158
4899	5188
3803	4332
244	2902
319	4332
1331	4435
2679	3137
228	819
1570	2892
4274	4642
1454	1493
1274	4275
118	2765
2542	3548
1555	4100
345	4849
4178	4958
498	2158
2047	4864
3477	4332
1218	3283
176	1447
92	4220
2108	2603
1082	1868
1555	4076
3169	4653
2623	3988
2877	5020
853	2970
1555	3289
2559	3459
1206	4013
620	976
1750	4447
2192	5109
2408	4257
878	1359
560	3644
3699	4723
3611	3644
3973	4971
1753	3017
1952	3729
2358	2826
2417	4546
4076	4427
1983	4116
240	1489
259	2309
1218	4864
2749	3875
40	2749
4274	4393
2109	3562
1348	4402
2445	4973
2358	3291
2870	5133
1076	2211
3677	3834
1588	4767
305	5215
2318	4043
2158	4043
2588	4723
4021	4081
2318	3998
481	749
703	2749
1495	5094
345	1237
2078	2352
700	5043
1774	3906
1111	3882
2318	4825
3028	4306
1080	1316
815	4385
77	1299
1127	4466
1397	1555
641	3888
1649	5254
334	3643
2549	3323
2742	3566
2853	3295
1533	2519
2211	3729
96	4746
519	2422
423	3291
3762	4868
1211	3114
3927	4178
498	2318
663	1942
3927	4157
1983	4663
832	2523
1505	4495
1753	5238
2223	2431
2024	5133
1581	1918
2291	3172
2718	5175
1555	5225
2673	3240
1622	2441
1224	2117
2749	5163
326	1853
1649	4963
3143	3169
501	1447
2518	3116
1013	3169
399	700
659	4608
2457	4081
1080	1992
1338	2393
2003	3169
2266	5062
976	4961
1206	4244
1086	4102
881	2408
4178	4870
129	707
77	4117
495	4054
1555	3783
3169	3517
3617	4885
2742	3169
3097	4606
707	1420
2108	5020
3109	4435
943	1531
1022	3302
1047	2642
3413	4237
1482	2117
1047	1753
294	4663
3368	3598
924	1217
2258	3619
164	869
641	3015
113	1010
1653	5077
1757	4940
1601	1649
599	2326
970	3393
1555	3959
1656	4071
175	2318
2394	4054
457	2165
294	2453
142	627
1008	3169
931	4988
717	2892
773	3378
501	1237
332	1338
615	1772
105	1974
319	5219
3025	5133
1314	3169
1773	4922
916	4868
2915	3643
4600	5113
1978	2232
2211	4687
1127	1753
2258	4473
3467	3644
345	4116
930	2318
3644	5173
3904	4971
96	1787
218	335
3169	4736
2700	2749
129	1506
96	4781
2318	4666
2069	2224
1087	4383
1249	4659
356	2679
2644	3169
1481	3038
517	5064
597	5103
1377	2978
881	4263
1502	4954
40	1555
2393	3700
4577	4939
921	3648
931	1692
601	4971
1531	4608
1736	4294
1741	3619
1376	1482
3169	3947
339	1878
4425	4970
1189	3169
1574	3317
1947	2318
2449	4987
631	1026
2866	4864
359	1483
1237	4666
1179	2987
195	3169
1237	3956
2705	4195
2528	5017
979	1555
4971	5215
92	3277
1533	3158
3169	5039
5046	5215
1338	2318
731	1010
273	1798
2749	4849
2270	4072
4178	4653
3882	4608
2453	2749
1757	2479
260	2358
990	3689
3038	4295
1974	4864
3109	4963
1313	1348
2393	4864
773	2527
213	3627
663	3280
487	569
931	2357
550	4275
4947	4975
1736	5174
627	2892
600	4332
544	5033
3363	3705
2207	3195
854	2749
915	4342
600	1022
1784	4112
3549	4853
350	4736
4469	4813
3566	3914
2332	4785
1758	2539
3737	4864
2853	3626
1447	4663
1131	3917
2289	4018
1717	2798
3669	4641
878	5217
2827	3169
1304	3243
1158	2318
1493	5046
955	3169
1338	3998
1493	3410
276	4663
1555	4260
2362	3553
2223	3627
2076	5215
1127	2065
2318	4789
1129	3630
1421	3654
2654	5188
601	1211
1420	3169
1533	2579
708	3169
2600	4864
1780	4612
164	4885
1151	3458
4	707
1653	4864
4869	5217
2552	4258
498	5215
615	1206
766	2915
3847	4601
4178	4287
989	2827
3169	3421
1179	1627
3596	5160
642	3059
45	176
2802	4552
1237	4539
1941	3549
4054	4113
1941	3114
45	2258
316	3069
2418	2673
1533	5232
1656	1836
1493	2158
992	3429
923	1433
4663	5217
1782	2673
830	2110
1695	5112
2425	3846
989	2579
641	1712
218	2928
2756	4663
3169	4655
2397	4467
2157	2902
4087	4258
1489	2273
3644	4687
1210	4178
1346	4178
1905	3323
905	1574
1743	4864
2158	2765
2416	5188
1705	5094
172	3810
1656	1860
4864	4879
881	4658
839	3169
1531	4200
600	3553
1237	1482
236	1482
665	4864
1210	2756
718	4615
213	1649
2264	2977
1489	4929
992	4030
1293	2318
1811	3127
1277	4864
3025	3169
1581	3478
1622	4123
3160	5049
2158	4736
267	4943
2842	3815
1486	4030
305	845
3368	5176
2123	4615
1237	2663
1087	2870
260	1680
133	4316
164	1003
1901	2063
3131	4491
1531	3700
1489	1890
1878	2902
2173	3169
1338	3963
92	1224
985	4113
1206	1354
3	3363
2139	3672
453	3169
602	1331
111	4275
498	1124
2537	4528
3780	4608
1656	2418
1758	4117
1741	2799
2633	4655
2207	5163
830	2358
1447	3522
729	3987
1472	1723
315	3158
819	1942
1786	3323
2128	5251
1516	1996
1429	3846
977	1758
823	3492
1868	5081
1554	4705
1711	4608
164	453
1483	2040
1193	2117
1353	1878
53	982
3169	3963
583	1338
1555	4864
1649	3719
1772	4275
1454	3454
4237	5112
2332	4257
720	4026
3972	4656
2104	2902
3109	4734
329	2861
76	2128
2484	5103
648	3919
597	1758
1901	4102
1942	2603
99	4853
1348	2654
2756	3631
2318	4608
2418	3644
118	2158
718	2408
1555	4935
3271	3548
92	2827
244	3627
453	3458
727	4166
1025	4383
1249	2633
631	1007
1127	4736
1070	3459
2515	5133
1047	2258
991	2211
2318	2656
845	3109
2673	3107
1377	2892
38	2048
1157	4971
1131	3169
302	1390
1129	2559
2339	4864
3758	4385
1555	1603
2282	2432
1692	4275
2087	4469
299	4663
2117	4849
1489	3114
1165	1773
3169	3987
359	2665
3255	4031
213	2078
2453	4428
2515	3998
3475	4663
2258	2776
1343	1516
515	3644
3804	5090
1482	1489
1377	1717
225	3478
302	3331
1338	1348
26	1237
2395	2673
1127	4546
2020	2765
2211	2989
468	2345
2258	3846
1302	1417
913	1447
418	3028
1600	2318
917	1736
4473	4962
495	2457
498	1741
2539	4749
264	4864
329	4379
4874	4954
700	2186
1420	2515
1626	4864
2318	5046
82	2827
279	4899
1218	3754
636	2902
4385	4785
1447	2749
490	1343
246	3169
133	3762
1886	3169
1455	4661
2318	3243
2358	4873
1493	2989
601	1111
4071	4275
1781	4332
900	4236
177	1535
173	2673
92	5249
2655	3705
1774	3510
3815	5157
339	2128
2590	4113
943	2623
678	3442
855	1010
1224	4205
1506	5172
3998	4687
3864	4462
3548	5130
964	1581
824	3527
3894	4054
316	1237
4313	4864
139	419
2749	4263
345	3644
339	3627
703	1705
2207	3553
2123	2709
350	2318
2318	4016
419	5020
31	815
3059	3644
2749	3769
2749	4117
1881	1928
665	2559
1357	4813
1404	3804
707	1609
3109	4954
453	3240
4862	5012
2673	4342
1555	4339
571	2211
3038	3790
2394	4677
1625	1796
1758	4263
2516	3510
1237	1269
3080	3116
2052	2273
118	4316
328	2552
2842	4454
1555	3398
1493	1555
1482	3475
3413	3926
1452	3630
1237	3777
990	3402
970	4953
555	2186
1918	3109
5238	5242
463	2240
2123	4723
111	2065
774	2749
4849	4874
2066	5035
3906	4178
819	1555
4	288
2087	4213
1075	4393
1075	4634
2358	3653
599	3204
599	2881
1588	1780
627	4873
2441	4244
1555	1628
3169	3683
179	1068
2559	4113
1704	1741
749	1744
319	2694
1265	2902
1965	4285
3648	4085
1007	4407
3500	5064
96	2505
1395	3478
33	4971
254	3025
2063	3025
1974	4454
4823	4885
1774	4519
1758	3856
2318	3783
1013	4864
1717	2843
92	976
4178	5157
1723	2641
3169	3839
449	881
1451	2881
2436	3291
600	2158
2158	2970
1033	2709
181	3548
2673	4594
1555	3158
1471	2749
900	2065
3496	4943
1502	4435
2258	4990
1481	3596
1704	4734
2679	3644
1126	2352
2468	4611
3321	4385
96	3270
212	1555
1348	2393
1081	4784
1608	2863
1493	4343
2394	4257
989	1780
1237	3220
1047	1206
3109	3644
1678	2123
4032	4089
2085	3392
319	1059
197	3804
299	2919
940	1555
2902	3160
1387	3352
4043	4237
2981	3834
3753	4751
931	1931
552	1420
705	4847
941	5020
2579	4128
359	1273
346	1711
1447	4472
4687	4963
233	2453
1010	1455
3291	4295
3968	4473
3906	4466
328	5215
2749	3410
1336	2749
930	2987
1775	3283
1473	4813
3512	5127
37	1158
1985	5009
1348	4615
3740	3853
1527	2322
4041	4050
515	1780
2087	4625
1447	2505
2363	4385
1237	3215
2158	3780
992	1429
1622	4734
276	5217
453	934
2157	4736
2749	3055
3643	3917
1157	3295
2361	5046
288	3747
358	1574
453	4244
1081	1736
1421	4944
2017	2843
1545	4864
550	4331
658	3323
96	699
2537	4195
819	2527
717	4258
1780	3596
940	1524
1211	5242
2850	4165
440	1649
2128	4919
1489	3454
356	3169
1718	1780
4385	4592
1481	1813
1608	2451
1425	3169
1649	3071
1237	3091
1135	1868
2362	2510
1687	3015
3169	4874
1331	3169
4864	4961
964	3846
864	3321
4043	4899
1062	1080
1555	4824
816	4015
3283	5103
1318	4625
1531	5207
3317	3553
1555	4016
1578	2258
2657	4031
662	3420
1947	2416
1723	2451
410	3169
3914	4496
4542	4663
3169	4781
1566	5034
943	4440
1307	2915
1158	1555
1925	2258
118	4054
934	3984
2755	3363
1965	5176
1127	3596
3643	3804
5020	5061
727	2211
82	2313
2128	2516
2589	4085
2207	4071
1274	4651
1589	2258
2063	2749
1918	4954
976	1127
315	3907
773	1942
886	2665
2749	4071
1555	3669
2158	4054
508	3169
1111	2488
4089	4620
129	1600
3109	4008
4056	4275
399	5062
1537	2861
2422	2749
708	4949
4727	5062
3169	4379
2987	4565
2279	4975
1739	3169
2970	3963
1944	2030
4275	5098
315	1290
287	4255
940	1478
3644	5008
3306	4275
1757	3107
595	1237
931	3753
2258	4158
1555	3999
1913	1971
845	3169
600	2408
1947	3169
662	2318
1555	3596
4785	5082
218	2554
2048	2559
2970	3669
662	4407
1237	3906
1717	4274
135	2408
2776	3169
989	4144
636	2104
695	3686
3917	4260
135	1581
1062	3137
1237	3653
3169	4287
92	2069
1273	4999
719	1290
1265	3160
4207	4572
554	2435
2258	5008
1240	3169
2987	3228
4013	4513
2158	3669
1010	2003
1712	3526
4723	4783
2201	4874
55	5020
2899	4128
602	2850
992	1838
3169	3888
2211	4214
1293	2158
693	3793
2876	3637
516	5215
3169	4307
1947	5172
1574	2040
105	4385
658	2223
700	1990
815	1574
1333	4802
37	1741
662	4464
2510	2641
225	4849
706	2906
2764	2776
2192	2945
910	4864
138	4973
14	640
1179	3810
2952	3596
1086	1237
1695	2510
495	3923
440	2902
1512	2273
3169	4385
599	4447
319	2211
1856	4123
1010	4659
707	2158
2273	2657
766	2418
1008	2030
845	4874
1663	3914
3291	4496
773	1882
1990	5215
236	3137
1780	4085
659	4469
1460	2589
882	5033
1064	2673
319	3173
707	853
1237	3783
4031	5115
762	2902
943	2829
1237	1367
1663	3158
992	2393
2846	3906
2552	4467
1447	2974
641	3413
96	3654
4054	4316
3113	4634
2318	3038
1312	4031
170	4466
1206	4166
105	2756
4157	4647
3169	3939
276	2087
29	2408
1157	4311
467	3169
2173	3331
481	4123
1086	3516
2832	5090
381	495
3204	4864
1705	4528
449	3243
631	3466
1692	3753
1150	4656
2739	2749
240	3158
601	3681
900	1511
552	1723
582	4466
651	1482
105	3169
1131	1745
1237	3475
2542	4041
1696	4112
4178	4811
1696	2654
1757	1860
92	4260
3901	4466
4546	4988
1505	1837
468	4853
1897	3984
1425	3025
2656	2749
373	1237
1741	4687
659	917
700	2266
1934	3212
1385	1555
597	3907
350	2158
1695	4519
2552	3988
2464	3169
1442	2318
2351	5094
3169	5150
2358	3644
253	3601
40	676
3063	5215
1369	2983
4085	5215
1758	3864
468	2410
4864	5175
1206	2366
825	5135
2154	4153
3169	4044
2468	2529
3125	3169
381	2755
1455	3653
2589	4944
2258	2700
2158	3636
2749	2945
1340	2589
1338	1420
1273	2313
2987	3875
578	1417
1153	1868
40	1087
177	2665
911	1759
4825	5043
774	1656
615	4727
3169	4957
2461	3548
2211	3875
1348	1629
3790	4041
4519	5219
2843	4393
172	1179
119	1070
2515	4402
1555	4166
1942	4864
602	4874
2417	5180
2117	3500
2435	3773
1237	2764
316	2661
4799	4987
717	1753
1663	3601
1663	3240
882	5153
1537	3028
978	2774
742	4879
2419	3169
510	4864
1433	2623
1293	3478
2158	3649
2258	2718
1068	1544
751	3169
777	2542
2258	2479
4478	4666
525	3601
2755	3169
2158	4452
1723	1901
177	2158
2231	3169
1455	2052
881	1656
4864	5172
3197	4293
1482	2552
287	3610
4178	4273
2356	2438
979	1723
700	1769
1531	3988
748	2318
4026	5062
1186	3762
1237	1718
1331	4008
1739	4440
2164	3643
174	1947
2258	3280
741	1249
2827	4849
651	3626
1168	5225
1179	4656
943	1697
1270	4752
2024	4861
1931	2894
1169	1996
966	1965
3598	3820
118	3171
3345	4563
4603	4736
1780	2603
2861	3028
356	3754
1070	1237
897	3282
2393	4727
2139	4383
1393	2756
2215	2853
31	1952
3169	4628
3683	4608
2078	2264
244	2078
3169	3215
800	2654
138	3124
3052	4864
599	1697
96	2518
1080	3553
1680	3835
305	4008
3169	3782
3158	3169
473	3630
473	3455
3477	3740
96	463
1978	4237
1736	3016
2654	2877
2104	2358
700	1813
4507	4572
1578	2673
1696	3907
3596	4865
4042	4178
3169	3410
3025	3689
252	707
1494	2364
2240	4081
319	497
37	1581
118	1080
1741	3624
1755	3566
2665	4479
1956	3630
2393	4608
299	2240
3566	4031
3753	4849
2361	5020
1230	2158
1905	4205
693	1333
1312	4030
1758	5130
741	3169
2798	4642
1482	2853
3243	4608
990	4220
1603	5124
166	4608
436	1980
1070	1685
1387	3169
4205	4849
1686	2853
1369	4144
266	1206
623	3888
1010	3907
3016	4407
607	766
164	4429
3482	3644
2863	4157
2157	4519
2903	3894
2047	2258
964	3753
111	4236
1197	3000
2258	4577
1974	2905
3169	3322
2358	4383
2318	5241
516	819
1338	3438
3160	5219
2966	4562
2299	4178
1723	3459
2846	3015
309	1331
1111	1555
254	5172
825	4608
244	2192
3000	4166
203	3169
2211	4306
1265	5049
1387	1923
839	2774
3015	3323
2318	3649
798	1087
1574	5167
92	2065
564	4458
1369	2258
299	4239
1974	2808
96	4977
1393	2657
4198	4253
0	3442
1905	4435
655	3169
1718	4825
2709	2850
418	2633
517	1158
2799	4178
315	2946
2054	3169
448	1533
4116	4954
2452	3215
333	4960
631	5020
1834	5127
771	2211
3151	4166
1753	5175
3966	4275
741	1420
1780	2258
135	3169
583	1111
816	1493
587	1758
1129	4853
3308	3834
1741	4496
164	1473
1013	2554
1064	1206
583	1348
658	4054
700	1555
595	4608
2704	2748
2063	3804
2064	3169
1127	3029
1158	5064
1010	1157
1447	1743
4687	5020
1555	1804
92	1127
2301	4864
587	2277
1442	2902
2158	4389
33	3973
1151	1938
1307	2001
1254	2240
3894	4113
4113	4316
2510	4237
265	4961
179	1318
142	1555
1082	2064
2919	2980
2945	4864
693	1316
288	4601
2289	2435
3169	3392
655	2589
924	4428
40	3331
1237	3566
1806	4178
142	705
2240	3466
815	1213
33	5215
2207	4598
1270	5109
597	2539
2824	4970
2078	2170
82	3527
1511	2192
2345	3169
579	1237
3963	4608
4102	5107
615	2076
2853	3596
1588	3773
519	1769
485	3548
972	4789
1127	2633
707	5090
2700	4366
1338	1600
1780	1881
1554	4998
2318	3926
1963	2258
663	5081
615	700
139	2065
1273	3888
1290	3637
345	5215
688	2085
57	4954
1237	2735
1695	2358
2661	3617
3601	3927
2483	2623
1928	2358
3230	5081
92	1331
244	751
1277	4263
253	3914
1301	4428
1878	2802
133	3197
1555	2765
166	726
2881	4447
184	943
3894	5200
705	2065
2358	4295
1273	3169
77	3589
1678	3169
2528	3616
2128	4369
139	5115
265	918
3114	3904
1397	5127
389	3654
96	3467
2589	3892
1129	4454
2864	2987
4177	4864
3000	4478
3169	4619
1918	4874
3424	4026
703	1901
1656	2232
762	2211
2258	3875
3987	4970
729	2552
2633	2864
1531	2158
727	3513
961	3420
881	5130
1503	1818
2552	5008
37	3804
4379	5145
4043	4089
587	2408
2602	4864
1747	4695
1555	2870
748	5241
1137	1481
1290	3169
1237	1390
3616	3846
979	1781
2654	4754
3474	3644
3596	5225
979	2603
4202	4885
992	1506
373	1676
2211	4263
1574	5063
578	1527
4663	5232
332	3669
457	4513
1773	3413
212	1527
1656	1778
161	4178
2096	4178
1158	3323
1493	2633
700	1718
666	1279
3573	3730
3307	4275
922	1741
1270	5160
756	1723
1952	3838
1627	4864
1952	4237
2787	3678
3643	3846
2764	4853
1107	4102
422	1127
3760	4352
2589	3737
627	4849
449	3596
663	819
2206	3844
1555	5150
4864	5222
2515	5172
2192	3070
4202	4947
598	1574
164	1034
708	2048
181	1978
92	1433
363	2211
2393	4402
627	708
1555	3074
615	3279
1786	3109
1990	3964
2457	2936
2263	4369
96	381
2351	3777
913	4507
1049	4428
1741	2781
249	3698
346	517
564	607
1555	1935
600	3803
2591	4178
1735	1741
651	864
620	2258
989	1086
1527	2436
213	2977
3619	4899
4656	5062
597	4587
1495	4054
358	2510
40	1813
1237	1413
1625	4595
680	2972
3321	3637
717	2457
1420	3998
2158	4962
3345	4577
699	1736
1455	2358
707	2335
1127	2705
965	4205
260	719
1705	2026
229	1555
4244	4275
2735	3197
921	2579
1494	1555
2211	4458
1574	4542
150	1274
2589	3553
1206	1864
2633	3408
2258	4013
658	2158
2974	5217
1520	2579
2207	4684
57	1433
3169	4185
1334	3331
96	3151
1397	2318
96	4835
1627	5062
2178	3321
620	1983
33	2929
2258	4117
1348	3998
2264	2673
2277	2673
2158	4663
1515	5238
964	1482
3169	3928
31	5047
2452	2642
122	1493
244	2765
878	3754
2211	2589
720	1179
1533	2318
1338	4402
3928	4044
597	1237
1813	4493
3410	3834
3266	3490
294	1697
3096	4656
1489	3295
3295	3904
2453	3979
1002	1555
2158	3243
446	1555
2393	2515
440	2123
748	3420
1176	3618
118	3783
3293	4285
2709	4519
3169	4339
1697	3493
3454	4109
2987	5020
1131	5241
3477	4178
328	4119
1189	2457
961	1226
2024	4970
663	2589
631	3038
4275	5137
881	5232
2881	4202
1774	3598
3549	4642
4100	4864
661	4454
2207	4604
398	4466
253	1270
718	1779
700	2436
2902	4723
1910	4239
2468	3454
1449	3459
1566	3410
2550	3028
1427	4116
661	2258
26	3644
1947	2515
583	2318
3548	3549
1366	2020
573	2123
816	3012
1369	2158
1494	1723
658	4071
1237	1511
773	3169
1493	4658
259	4085
2487	2970
2065	4085
2633	4491
4478	5018
1780	2549
2739	3169
3169	4539
1272	4963
1533	3331
2017	4642
2570	2749
1237	5115
1010	3192
453	4864
1433	4030
253	921
2318	2393
700	5215
254	4868
663	1277
1938	4275
1127	3517
449	1493
1881	3596
449	1758
1780	4116
705	5037
1818	4178
1912	3988
2065	3038
3847	4383
284	2215
1601	4847
3740	4429
2232	4535
481	715
930	1555
319	3071
1525	4864
1505	4784
705	3420
399	4873
1111	2393
2892	4178
2176	4989
1495	4944
1421	2936
2215	3626
2158	3025
4085	4885
2108	2211
1270	4864
3	2857
1704	2358
1338	1506
3598	5004
479	1918
1649	2430
734	4178
3492	3773
1454	2704
253	4848
595	2318
1780	3749
4054	4234
3834	4438
3169	3786
2451	3017
2692	4178
2679	2970
40	1538
3293	3596
3158	4379
1189	4973
1403	3291
1082	1237
164	1081
1426	4864
3169	3803
1206	2864
335	3317
2663	4428
14	4295
700	5160
2211	4999
45	5176
1622	1905
2453	4852
3025	4207
2519	3361
1878	5251
989	1810
4954	5171
514	4723
1312	2301
918	1335
481	4538
990	1918
2756	3919
2895	5160
663	3803
1353	3906
3548	4165
371	4971
457	4026
1274	1429
1608	3988
978	4239
471	1757
1237	4013
292	3496
884	1087
700	4687
1692	1723
1780	4608
384	2187
816	1473
1711	3644
2987	5047
362	3512
1354	1451
1531	3559
976	4767
3169	4603
853	3212
2158	3071
2104	3169
1206	5219
751	1348
1168	4929
2836	3548
335	3169
3169	3279
4258	4467
716	934
2318	3478
3169	3540
166	1918
1587	2863
2894	3368
2719	3517
1744	4178
2158	3169
4608	4861
921	3630
1910	4572
3643	4746
688	4970
166	2936
918	4502
1206	2849
1652	2802
2559	2764
1910	4784
387	3169
1127	2117
58	4864
1197	4207
912	4043
1581	1711
2623	3151
869	1127
1599	2435
4383	4478
2087	4869
905	2936
1070	5127
864	3526
1107	2477
1157	1941
2168	3169
2040	2482
2987	4089
741	3669
77	2594
1587	1705
2260	3169
2157	5049
1366	4973
650	2289
707	2435
2529	3596
384	1348
819	5036
3323	4550
1157	3973
599	2718
1555	3052
3648	4031
2258	2301
2528	4178
4402	4641
2361	2457
777	2641
1381	2919
979	1705
1237	3809
3203	3553
3169	4137
2529	4026
3169	4313
1451	1622
1127	4507
2251	3644
1572	4973
3108	3169
2117	3677
1656	4237
693	1338
3413	3526
578	4192
1433	4114
2843	4850
2268	4974
989	1338
2047	5020
2641	3169
2970	4612
498	3169
2656	3408
1249	1425
3220	3345
1897	3894
601	4187
1901	3553
1420	1947
1369	4608
1237	1581
1538	2318
358	2232
1318	2774
2393	2559
1188	2123
215	4275
1293	4178
2158	4777
1588	4684
367	3169
419	2003
705	1723
2291	3874
1588	3464
2632	3596
913	1127
495	1723
1656	2700
260	2733
80	2128
2970	3882
717	4144
356	5103
1125	4864
1359	2273
1361	1758
700	2258
1774	3368
3306	4178
2424	3894
982	3240
2263	5112
2776	2980
882	1426
2042	4628
4834	4928
1417	1511
1942	4518
2356	4864
1481	4496
3454	3784
599	934
1297	1555
441	4864
1447	4613
924	4973
29	2589
774	2258
345	448
1237	4042
1745	2919
463	4663
789	4086
329	4142
2023	3945
2542	3549
315	2453
412	4203
2945	3875
2416	3636
3275	3420
20	167
305	3478
35	4178
1868	2881
2669	4880
940	3291
3927	4496
1447	2243
2482	4021
3566	3686
133	1856
517	1711
4383	5098
705	982
1974	3334
118	5215
786	3169
65	2173
1741	3291
92	2457
1620	4085
1237	2519
33	2065
1426	1447
4493	4612
384	857
621	4519
2318	3025
1086	4192
1555	2152
3273	5185
3169	5077
695	4518
3904	5242
1780	3091
96	3459
1652	3644
726	2318
3169	4875
3854	4784
2474	2749
0	175
729	4225
881	1206
45	525
3630	4677
2518	5241
29	4783
3169	3762
1338	1688
1533	1895
716	3457
2215	3444
2978	4274
3699	5219
3687	4237
577	2408
816	3215
600	2642
2258	4026
237	3947
243	4847
845	4203
4535	4653
1127	3478
4178	4336
299	4728
1942	2258
767	839
378	4113
225	1581
2705	4454
2192	2318
882	1002
2015	2257
982	2946
2258	3782
1124	5156
2085	3627
599	4428
1121	3894
615	703
1983	4144
2846	3420
1581	4271
631	2559
1206	1572
4864	5205
659	1270
2020	2970
4031	4076
627	1331
3109	4205
602	4954
519	1237
1159	1206
4608	5062
1293	2258
457	1627
2482	4081
2393	3169
3160	3540
1974	4327
3295	4971
2279	2673
1555	4528
3483	3949
2408	4586
133	3705
1022	4157
777	3169
662	2642
555	1741
1429	1775
1555	4257
1168	1293
3454	3834
267	1544
2445	4275
1656	3627
1912	5215
1442	2394
1711	2158
1382	1555
1237	4031
4971	5201
2332	3368
1381	5222
1581	3435
3169	4785
21	1103
1447	4521
1095	1555
1692	4988
2289	3803
118	3760
1354	1455
708	3553
265	3850
37	1718
4961	5000
2041	4178
362	4853
1206	3627
1237	3295
5	3526
2273	4271
4244	4466
1080	3964
253	4974
3793	4811
1622	1928
1376	3753
587	1555
1704	4166
92	989
924	4178
77	2078
1131	3109
933	4864
989	3038
2589	2646
2258	5196
49	4746
1628	3169
1653	3540
3699	4366
1126	2357
4043	4385
1482	5236
315	4963
2629	3410
3370	5081
834	1447
2358	3847
496	1546
1796	3169
3323	3907
2756	3125
2158	4166
943	4495
1758	5163
1348	2158
1107	3291
1555	1588
129	2335
1237	3137
1712	3321
601	1515
1533	4244
1211	4632
2108	4864
599	1129
1197	3245
522	1555
587	2258
700	3892
3169	3553
4107	4684
1588	3158
150	2633
1087	2646
2529	2940
976	4275
2408	4954
2240	3302
3835	3907
508	3173
924	3700
29	4275
3596	4236
2718	3169
2756	4130
1473	1895
3677	3949
2064	4613
3846	4853
1878	5112
2301	3762
4178	4916
2542	3169
1002	1601
3627	5219
3943	4546
648	4608
31	961
1348	4727
2100	2130
1482	1686
1697	5232
1016	4313
2929	3295
135	2040
3815	5210
1026	1736
548	4864
111	356
259	1490
965	4885
2201	2273
769	4759
3282	3302
164	3740
1075	1193
917	1007
819	3392
2308	4571
1555	1990
1868	5037
4128	4864
3672	3892
905	2521
3169	3677
253	3169
3385	3617
1273	1301
2094	3051
1696	2258
961	3015
164	4386
823	1555
1131	2061
973	4614
1741	4102
2352	2832
1672	4608
4178	4959
548	4165
192	1581
1705	2537
2158	2656
1359	4885
2457	4608
1697	4718
137	961
1354	2695
96	1695
1338	1427
3541	4178
1538	3169
20	659
2549	5031
1696	3762
96	1775
164	4026
819	3040
2435	3926
2020	2870
2054	3762
1127	4205
1022	2863
1741	4189
0	4393
2064	4625
1157	3114
970	3699
1127	1189
4	642
1211	1515
287	1075
2755	4663
1779	1974
662	3678
4199	4845
3637	5222
905	2211
3109	3820
1758	1781
2128	2849
3289	3310
1712	3922
92	2663
1449	1758
1080	4391
751	4538
615	726
2850	5035
2318	4257
1433	2158
1555	5033
2644	3483
2537	4468
1990	4116
1978	4089
213	1059
399	4026
107	260
881	1555
2063	3169
4601	4940
4612	4963
515	519
1007	3169
2523	3059
1082	2211
1456	2291
777	1773
1555	4302
284	3626
319	2697
3282	3637
2312	4631
934	4999
869	4178
2301	4949
839	3045
1838	3562
741	1600
360	1080
773	5036
2249	3598
319	762
3220	4940
319	339
516	4383
319	2698
1769	4031
2978	4850
4736	5049
2764	5175
316	2417
57	2679
1391	3596
1581	3500
1811	2875
2145	4623
4073	4784
555	1179
33	1237
1206	1668
166	4453
99	2211
664	2733
4473	5175
243	2700
1943	4157
1265	1796
1427	4144
1359	3740
1718	3596
3158	5139
129	1338
1366	2756
384	1759
1010	4331
2961	3334
3469	4873
1188	2475
2158	3700
2123	4009
1087	3345
1736	4495
96	2641
941	2749
1471	4246
2260	2301
4608	5150
1533	4195
1555	4113
2332	5033
1131	2266
1127	1427
2850	3109
3169	4383
2774	3169
284	294
55	2987
1482	5196
92	3790
2924	4469
96	4021
2020	3694
1353	1555
2240	5087
625	4940
3169	3699
1520	1588
362	599
3903	4663
381	4785
994	4041
1318	1692
2903	3643
3630	5062
853	2623
457	1282
252	1723
3323	5185
1562	4107
2087	4663
2515	2970
2749	5176
1150	3169
1331	4954
346	2158
111	290
4	1249
290	1555
299	3212
2673	3160
3289	3730
1511	3529
1080	5241
3169	3926
2158	4891
1782	4864
96	766
897	1587
651	1515
703	4383
1938	2258
319	3133
329	1153
982	3804
3810	4873
2482	2755
418	4275
1913	2109
1711	3323
1931	3475
1331	3478
990	5249
1421	4864
294	1758
3937	5215
142	2008
4128	4220
178	2663
2902	5254
33	2282
1016	2602
4	3747
362	4864
225	3435
326	4253
3875	5020
92	2623
2842	3212
992	5062
3410	5034
3928	4954
1656	2749
1206	4552
419	3000
4054	4082
57	2850
319	2971
373	3553
2927	5020
1447	4911
4330	4864
4178	4284
1718	3038
495	1447
2709	4580
1649	1878
4332	4663
3137	4031
595	1555
853	2700
4864	5109
735	1697
1779	3055
228	1882
463	4587
741	2258
2749	3653
118	3169
3478	3644
2069	3790
1901	4225
1127	4971
2457	4542
3482	4116
1096	1237
1087	1531
707	1947
98	1905
1576	3777
3864	4864
663	1249
878	992
1775	5103
495	2756
3914	3927
3169	4432
2158	3790
1574	5232
582	934
3815	4852
3598	3644
398	419
218	2641
3566	3917
2881	4823
1773	2542
1868	5217
4178	4624
662	4137
2870	2936
2488	4663
2258	2655
423	1338
741	5172
663	2866
1813	4570
964	2894
1741	2756
1455	2453
1047	4973
404	700
2358	5172
4199	4285
287	4634
2537	5113
989	1237
1819	2529
151	2087
2087	3784
3922	4875
564	2024
1518	4864
142	495
1581	5196
2065	3790
2570	4864
1696	4466
2881	4947
1189	4784
2318	4332
2036	3109
615	771
4295	5107
1723	4608
1046	3854
913	3548
1615	2308
1515	3973
515	5196
240	3904
601	3904
2961	3055
362	1129
329	2505
1878	4369
2358	3483
254	1007
828	4274
329	1082
175	2667
923	1599
1018	4327
1381	3410
2457	3963
662	1409
1290	4205
578	4428
1127	3293
2892	3804
80	5254
1549	3392
1925	4864
600	4663
332	2970
5066	5207
3454	5107
276	1758
989	3653
1952	3549
597	910
164	3458
371	1718
2192	3454
582	884
2933	3861
915	2372
1224	3109
243	1574
1420	5172
2128	5219
305	2987
1864	2559
2735	4316
1502	5035
663	1490
1555	4473
2303	2987
2436	3464
1447	3699
963	4466
3619	4178
1193	3113
1265	3598
45	4285
3548	4608
2709	2849
31	137
1447	4128
4107	5130
2223	3169
1211	4311
2816	3413
1743	1978
2688	2961
4383	4864
3245	5175
1481	4767
3617	5012
2257	2970
339	2263
1649	2408
1455	3169
2282	2408
705	2332
1534	2123
3169	5081
1249	3171
2207	3654
2117	4874
3345	4481
2240	4879
2108	2258
3015	4232
595	658
2240	4663
373	5000
1697	4784
1447	3125
515	4144
1237	3408
3926	4963
3626	5238
615	3169
257	1748
1124	5238
3169	4608
2899	3863
96	5232
748	1774
719	1490
3169	4649
3894	4027
122	4428
4275	4330
3777	5094
3283	5236
3906	5112
3420	5047
1129	5127
254	3169
1025	4653
641	3526
1897	4113
1649	4275
359	1535
3626	3973
4294	4407
3482	4752
1270	2266
2441	3838
290	1527
1449	2258
4178	4292
1338	3169
92	2048
4199	4661
1758	3173
2266	3596
2017	3644
3291	3313
2984	4178
3644	3790
1265	2170
1106	3169
3699	4109
725	3169
2393	4072
5062	5109
1601	4232
1555	3492
96	706
1668	2679
1417	2579
118	1555
276	2240
973	3644
1588	3644
1555	3562
192	2158
1206	1455
4358	4864
399	555
1600	2515
3504	4864
1574	2297
301	2024
2774	3740
2749	3856
2054	4949
665	1741
2108	2322
1010	3957
2192	2676
554	2892
1107	1237
2769	3323
1704	4521
3730	4379
2850	4734
3644	3766
2232	2332
179	4178
1376	4550
1780	2673
118	1767
1638	1705
192	2318
4864	5008
319	2264
207	2505
2397	2552
4178	5241
2211	4684
1369	2483
305	2827
1338	2589
1111	2158
662	681
2211	4178
3963	4241
2211	3610
37	5215
1639	4257
651	2853
2335	4608
260	1237
1111	2318
1447	2861
707	1506
1555	2301
276	4963
2358	2927
2258	3864
1483	3169
1237	5043
2249	2902
2629	4178
2603	4458
1653	2673
2410	4891
1652	2318
718	4663
155	5242
1477	3644
453	582
2121	3368
423	4493
1348	2688
254	2874
2453	3815
332	2515
1395	1555
4677	4954
705	2318
845	1224
1757	1938
236	992
1353	3169
716	5156
2048	3589
1935	2946
1081	4407
339	4723
3323	4128
77	1153
1782	2258
2158	2393
2971	3169
1978	4853
3095	4562
3169	5124
1338	2164
720	2842
3321	3922
2580	4178
641	864
357	1080
473	3169
994	5188
3345	4973
991	2318
990	1433
3698	4999
1942	5215
1193	4634
1887	4973
3421	5059
2983	4962
858	3169
1076	3321
2413	4295
1901	3114
2358	4137
1952	2542
4178	4897
339	1033
423	1813
815	1524
1333	2318
92	4939
399	5135
3636	4783
1314	2318
2849	3643
1804	3410
1165	2795
3125	4999
992	3566
3481	3906
1331	1555
1574	4663
1555	4727
4044	4864
203	2123
2201	2258
933	1758
615	4734
3169	5047
1905	2477
168	243
3747	5160
2902	3169
707	4641
1368	3586
1082	1758
2240	2641
2499	3302
1159	1354
259	3323
4495	5195
865	2936
2559	3963
3169	5218
990	2579
1555	5172
2475	5112
1127	5238
515	2661
519	4885
3063	4031
1436	2430
1705	4018
4600	5232
986	4868
615	2451
2748	4466
1868	1983
4496	5062
3151	3907
910	2787
773	4454
453	2764
2466	3705
381	4130
3169	4914
3477	4663
943	4082
905	4623
58	1237
1741	4873
3454	4275
663	3190
1510	2698
1992	2940
2749	2915
92	990
1985	2989
2521	3169
440	4113
345	3500
2358	4551
798	4684
1338	2625
122	3815
931	1752
1080	2673
1783	4784
662	5151
1390	1555
3690	4178
5180	5222
1314	1555
587	2945
1080	4469
2945	4244
1868	2505
1481	3914
985	2248
92	741
381	2482
1695	3654
418	2211
3221	4178
659	1348
96	1433
1566	1774
2436	3790
3315	3957
29	564
4128	5107
1705	1992
1197	3754
2358	3207
2490	4253
92	3516
1555	2231
3097	3169
1244	2225
597	2602
1338	2970
4973	5098
2260	4864
1484	2279
1059	2977
3323	3864
1002	1723
918	2554
2477	4864
1338	1813
276	2207
2087	4572
381	2408
4975	5081
381	4332
2394	4232
3856	4275
555	4026
1230	2289
601	3295
1127	1786
1127	1377
3255	4275
1237	3649
864	4875
989	3566
118	1285
4157	5232
1237	1520
249	1971
515	1026
1206	4873
741	4402
1555	4954
1433	1752
1193	4393
1025	3169
2929	4868
1070	4853
2970	4402
2529	3740
1555	1930
4784	5063
977	4663
1274	1753
1348	1778
1420	3669
1663	4873
2277	4663
597	1473
1555	1652
3459	4853
1555	3015
1249	1316
518	707
1237	2521
881	1080
2709	4723
1533	4102
1047	2654
2453	4447
1159	1704
2808	4306
625	1244
615	1196
1131	3653
1603	3306
2258	2881
3964	5160
817	2451
2356	3724
33	1157
381	3803
4202	4823
930	3169
1206	5232
1151	1237
177	387
769	2136
726	2633
3504	4988
1758	4429
1934	3676
641	4379
96	2676
1971	3698
705	1649
305	1197
1581	3323
1735	4656
2499	3282
2842	3778
1587	4178
3707	3882
1748	2030
2158	3492
1127	2978
423	1780
449	2554
179	1489
853	5172
2318	3893
1757	4431
707	2515
882	2024
1366	1748
2989	4275
1157	2929
1774	2263
1137	3914
2637	5020
4239	4306
92	4767
1237	1779
1479	3169
29	2673
1555	3279
14	2211
2065	3277
1420	4402
4244	4606
1019	3169
1735	2186
3173	4473
284	5242
1304	3790
1487	2633
587	2589
1505	5112
176	4202
1555	4600
1417	1758
2951	4784
1505	1978
260	1159
4178	4939
3095	4268
2211	5163
4311	4849
1086	1455
2657	3109
1555	4221
2017	4274
4880	5217
260	2589
92	845
601	5242
583	1555
2117	4166
172	2186
40	2438
824	4274
4752	5171
1773	4620
1697	1992
138	720
1860	2749
3526	4089
825	2258
4447	4853
305	1672
1627	4873
648	4431
620	4873
1237	1868
132	3988
3562	3762
979	3169
2207	3875
2940	3815
1656	2849
700	3964
1656	2445
172	1735
3466	3846
1555	4592
1127	5165
1270	1627
3059	4684
662	2158
1748	4054
495	5064
1483	1574
749	4116
2207	4970
2554	4608
773	2223
615	3839
966	1455
1704	1781
870	1265
2318	4452
2987	4383
2266	5020
1974	4166
133	4562
663	3125
92	4030
918	4469
1048	2158
2081	3907
129	1348
65	4149
3195	4275
2109	4852
1505	4608
931	2425
319	2085
1555	4782
1549	4963
2733	4275
1675	2936
1520	4030
515	3385
164	385
991	3643
4237	5020
3221	3906
111	2679
192	3954
92	4435
600	819
990	2358
550	766
2673	4203
1127	2303
1599	4864
990	2069
844	2603
1237	1442
3021	4603
2827	3644
1210	1237
1124	4133
1723	4246
727	4864
931	1111
1574	2020
3387	4873
2230	4336
284	2853
717	2158
319	4313
680	4658
597	1696
870	4608
1759	4587
92	236
2063	2774
1798	2345
4054	4086
3169	3321
431	4864
319	2123
3834	4178
92	2539
3160	4519
1780	1821
1758	4165
1102	2318
741	4518
1941	4971
3169	4528
1505	3169
2756	4885
1656	2987
931	3988
1127	4263
1206	2718
228	296
1537	1868
1555	5040
1555	2829
1555	2980
2902	5219
579	3529
1622	4493
1506	2989
855	1555
2258	3107
1008	1944
990	2663
4013	4864
1262	2849
950	2966
128	3906
1237	1531
2673	4947
4031	4220
448	1905
1493	4784
1206	1451
1947	4864
707	2970
197	1723
1482	1931
4383	5215
1237	2158
469	1555
2846	3169
1868	3028
1779	2282
3169	4451
1270	4869
595	2158
4608	5225
766	2047
5	3922
1696	2749
2258	3562
659	2335
1297	4608
648	918
1697	5215
641	3275
3998	4641
2530	5185
29	2603
498	933
2357	2673
601	1080
1047	3988
1270	4608
1429	3368
2418	3683
3548	3643
150	1010
118	4658
2816	4784
1897	4009
2098	5150
3345	3648
3169	3808
1741	2663
2749	2881
1581	2827
77	1717
2178	3169
1240	4864
2583	3402
1574	1758
255	3855
4623	5180
1775	4641
2970	4379
1064	2258
1455	2224
4031	4939
1947	3099
133	3307
918	1672
4864	5110
1420	1555
1653	1757
742	2020
2987	3914
992	1062
1536	1843
1473	2756
931	1025
1047	3643
4178	4326
92	4973
1495	3643
2863	5215
548	2850
2258	3856
1837	4785
631	1081
328	4379
1307	3698
1545	2258
133	2929
4587	4617
2499	4853
2861	4613
2358	4612
777	4663
4113	4123
2881	4864
994	1757
676	1087
3517	5080
430	1692
3459	5127
316	1080
1533	3529
2673	5000
1493	3215
1527	4864
931	5215
599	3124
273	468
1265	1625
1942	3012
1555	3864
346	1583
2231	2318
1759	1974
3169	3988
346	1158
2263	3906
839	2673
2735	3502
244	943
912	3413
37	4813
1723	3803
2863	3282
819	1704
2158	5033
1581	3482
174	1176
653	1176
1601	2394
587	3907
688	4275
2665	4620
371	2946
3420	5241
1046	2977
881	2704
700	2003
1615	1878
3516	4102
172	1627
1506	3686
1211	1489
2165	3169
1758	4612
1107	4128
92	4752
249	3713
992	1481
1603	3310
4275	4684
166	2623
2987	5222
4384	5059
2123	2902
2264	3627
1390	2115
2568	4614
978	4478
4849	4963
2158	2457
113	3315
1755	2748
2764	4578
700	844
1533	2158
2335	4727
3729	4602
2510	4385
1905	1910
319	3458
449	4973
2128	2902
1478	3109
1912	2542
240	3549
1555	3368
930	1237
508	2100
213	2424
319	2430
1574	3853
1148	3169
2207	3173
1947	4402
305	3854
1753	2864
3169	3730
819	2158
2318	4339
1381	1455
1127	1131
3025	3266
1447	1758
1804	5217
3753	3846
1273	2439
3321	3526
1273	1555
4173	4178
3063	4030
40	4608
328	3025
2258	3747
2207	5254
1157	4383
1757	2322
3637	3799
545	4105
45	4199
1096	2673
924	3169
1622	2322
2749	2784
1948	4263
369	2589
1555	3028
870	2158
3529	4102
1404	4205
700	1338
2158	4940
1354	1704
2416	5215
979	4608
4113	5175
1489	1570
1780	3648
3596	3619
371	1516
1433	3169
3834	4963
313	1890
676	2425
798	2322
3548	3821
2240	3551
1758	2395
166	1224
1237	4030
550	1455
766	4424
845	1502
207	2510
3510	4783
3169	4391
1265	1723
2308	4080
1348	2515
2158	3882
3015	3874
1779	4600
693	1080
931	4546
3158	4513
3169	4677
166	4435
707	1600
1723	4255
700	3169
2756	3907
3275	3526
3835	4868
1237	1990
4435	4954
1103	1393
2318	2755
1022	1587
3644	5236
1626	3698
1331	5171
175	2158
1652	2352
1188	4614
1080	2457
2158	3683
232	3169
1449	2633
457	2186
2438	3815
989	2441
3331	4130
2633	3289
3071	5033
3280	5130
399	4656
319	2755
3637	4973
2446	4113
1511	3644
1555	2356
974	4178
1237	5150
92	1511
741	3686
217	469
1723	4785
1758	2776
4244	4734
4454	5157
2170	3598
2457	2673
676	1752
1102	2233
1938	2603
469	3169
1002	4257
40	5020
1758	4244
4042	4518
1123	2857
2181	2715
2749	3308
1080	3279
399	3810
587	601
2318	4861
1206	1366
92	666
2211	2983
4865	5215
255	4879
1158	1196
597	5035
2673	4117
950	3740
252	3228
4087	4149
350	1555
2322	4154
1918	4511
1753	4255
2087	4306
98	620
1489	1515
881	2282
4118	4170
601	2273
834	1723
252	2537
453	2925
1753	2215
658	3598
1663	2192
579	4705
1774	2977
2603	4071
1224	5035
376	3804
836	933
917	4784
1230	2318
2663	3773
2917	4749
485	4784
525	3169
45	3169
419	1176
1206	2586
1918	3169
2776	4864
1047	4864
1718	2441
400	4606
1348	1555
305	4963
1622	4085
662	2730
3158	3753
1656	3151
1538	3643
3045	3907
2579	4102
3169	4684
1905	2358
2539	3596
4311	5165
1429	3753
2240	4600
369	2258
382	3221
1010	2036
412	1043
695	1952
129	5172
3603	5215
1237	3648
991	1237
554	1494
3169	5046
1712	3169
2273	2829
921	3727
3212	4911
228	3169
1730	3015
1821	4073
693	1902
1758	5000
14	976
89	263
1910	2552
318	2192
1531	3637
2863	2970
2394	3169
240	3114
1506	1947
924	1049
2345	2410
92	1810
1697	3618
1473	2279
2987	3782
3352	4784
2052	4054
1555	2488
1930	5215
1693	2589
1447	1680
881	3310
2258	2864
1010	4587
3516	3529
284	1515
31	2542
966	4199
213	2263
3999	5215
3809	4970
166	4954
4157	4661
726	5160
1007	4043
1377	4850
1531	4623
992	2528
2030	4880
495	3317
819	4864
1779	2366
911	2654
4008	4435
3169	4473
2927	3424
785	1555
2453	3548
1704	2768
1081	4495
1583	4864
4285	5176
4535	4620
1206	1626
700	2941
1206	4521
897	3302
1974	2961
1237	2928
718	2482
1331	5215
1030	2024
133	2634
1758	2103
39	2258
1878	2709
1610	4864
659	1111
1533	3275
966	5176
2593	4178
2335	2970
1533	4130
1555	5145
1277	1758
192	4973
356	1775
40	923
623	4973
4123	5200
440	3627
2926	3345
1447	1572
2829	4864
150	4178
583	707
2240	2341
2211	3809
716	3963
1489	4971
1584	3705
615	4777
564	4142
2231	4383
3104	3169
1232	2570
1697	4663
2065	4973
2211	3280
3029	4988
1897	2358
2408	4244
1745	4031
648	913
92	4684
990	1086
2211	2987
240	5242
1931	4988
2510	2669
1758	2201
2875	3169
1096	2358
2552	4507
1433	3475
1860	3981
1111	4431
2358	5215
1493	2273
2894	4988
1678	4963
648	1127
1533	4611
2453	4853
881	4295
290	3169
96	4109
45	3293
399	2676
1595	4379
801	3630
992	3686
1127	3598
2358	3648
2240	2774
1451	4823
105	4879
2926	3169
1489	3626
2158	2902
3804	4601
1758	3553
1153	1555
3644	4874
663	4085
641	4875
135	718
137	1837
1868	3573
3512	4853
2258	3987
1518	2318
2764	4973
232	1558
989	2663
118	728
1107	1273
1622	3644
517	2158
994	2673
2457	5215
2263	2902
2211	4612
2128	4519
1393	4999
479	602
1555	3291
4813	5236
1836	2749
2322	4587
2020	4784
4385	4779
1759	4850
3548	4086
2094	3313
2449	4799
1189	2192
2940	4852
870	2516
4026	4873
457	4260
2552	3109
789	2529
979	2451
1711	4752
824	2978
551	1188
2207	5219
2853	3444
1615	3259
4385	5033
1974	2673
1628	2158
1758	2145
2505	4105
881	1493
214	5153
1047	3352
4663	4817
1712	2866
4191	4294
1555	3780
1692	2516
253	4030
1533	2468
2764	3458
1455	2367
2134	3856
1293	4271
1473	3478
1127	4734
1723	3420
571	2654
1249	1297
3754	4864
1980	3169
615	2870
1736	4191
864	3888
4752	4852
1479	2170
345	4608
244	4971
705	2673
4178	4343
1479	2845
5071	5217
1489	4170
137	1687
600	2521
2529	4663
2258	5020
1338	4612
1741	2130
4864	5034
1197	1985
1757	3124
1237	1293
961	2846
360	2318
96	516
290	2318
707	4608
2870	5035
991	2158
555	4656
3948	4813
3420	4571
695	3553
1493	1821
1455	3293
964	1429
1018	4970
333	913
2211	3099
1237	1270
254	1338
1382	2158
1206	1545
978	1555
1736	4662
3169	4067
2356	2899
1555	3677
1905	5173
1369	3169
994	3753
339	2078
970	4119
2827	5196
1111	1338
662	2977
1518	1555
3169	3853
82	3297
1249	5156
1626	3331
1010	2722
1856	4454
1058	4130
207	4178
1109	1758
1376	1723
869	3548
777	1555
1837	3874
2755	4332
2109	4193
3315	4030
3016	4294
400	1149
1023	1574
1555	1985
1757	5051
2422	4864
4193	5062
1780	4030
1455	4199
1524	1895
1549	3598
1649	3160
3864	4963
96	599
1064	1758
707	4469
1931	2020
2123	4519
2158	4727
1821	1901
255	2983
1758	2479
943	2589
2917	4963
2001	3903
599	978
2318	3245
1179	1735
1461	4684
77	4479
1338	4641
1007	1778
4255	4634
641	3321
92	965
717	3169
620	2559
2980	4082
578	3644
4203	4466
164	1482
961	4864
2970	4608
257	1478
2559	3846
359	683
387	4914
726	3331
970	3737
742	2432
2623	3926
1533	1618
519	3063
2158	3926
1478	1775
555	5062
92	3644
1179	4026
1881	1990
3059	5249
2108	3553
1270	3169
3637	4799
1080	1555
1983	2020
2676	5171
77	882
964	3306
989	3914
2301	4018
495	5139
1656	1758
943	3169
1527	4495
517	3323
3630	4811
623	4563
3169	4419
2240	2529
2378	4970
1965	4661
718	4602
1555	1821
423	3596
4828	4864
2258	4137
296	3169
1070	1129
615	979
1506	4402
2436	3220
2108	5175
708	1905
172	3630
1206	2393
2289	4623
4258	4746
3169	3937
1687	4785
990	5062
1555	1780
1736	4493
1124	4779
221	3171
259	943
1058	1369
642	4684
273	943
582	1741
1265	2516
1447	4273
885	3815
3618	4973
3824	4849
2528	4327
4659	4864
3598	5033
2367	3410
2919	4478
192	1555
259	3169
1652	2158
1111	1348
4207	4507
4447	4659
457	3810
4864	5063
2248	4214
991	3137
600	4962
79	2715
707	1555
358	3169
662	1555
167	3212
1302	2579
1002	2394
1520	5107
4440	5130
3644	3653
3624	4899
92	4031
1107	5107
2408	4676
554	2749
3228	3289
2408	4687
495	3553
1042	4035
943	2436
1103	4864
700	3283
1555	2875
666	708
1165	1656
359	4736
1697	4453
1058	2919
1897	4054
1649	2128
1455	4959
2663	4852
211	2117
1127	2439
991	4973
773	5219
2211	3025
2558	5217
244	1774
708	2270
221	2972
133	4614
1600	4402
2899	5020
1566	3502
979	1490
1781	4623
2857	3660
1779	2318
2117	2827
819	3169
3893	4608
1127	1664
3055	5113
105	2665
89	524
1601	4257
2769	5156
1533	3475
582	2989
1429	1752
453	464
4542	5188
2978	5228
2020	4943
2240	3477
45	284
3603	4144
1595	4173
1505	4043
3526	4875
4864	5124
1168	3500
1211	3295
676	931
3747	4864
446	3644
4849	4949
3458	3493
1649	2971
319	2849
1193	3610
2358	4392
1757	2927
350	5113
707	3979
621	1059
3644	5198
1533	2448
1505	4875
3694	4225
700	4493
481	1575
142	4580
727	1127
2173	2263
941	1237
1982	4043
992	3804
1775	2240
1100	4601
1526	2258
766	3835
1293	4263
453	4107
1656	3835
2510	4495
615	3937
2258	2393
4466	4988
333	3323
3973	5165
2665	4385
2915	3169
1433	4608
1741	1881
105	1779
332	1688
1338	4727
1798	2410
1237	2510
4087	5044
137	2332
1293	1555
990	992
3291	3963
1359	1478
741	3091
1007	3016
481	2384
636	1442
2510	4105
2603	2679
1574	4021
676	3368
3255	5215
601	1157
2439	4885
1421	1433
4973	5012
1853	4198
129	1420
1131	4082
2240	3923
825	2318
3643	4178
299	3947
3169	4257
855	4973
3002	4100
4275	4495
381	4874
2756	4454
1537	3169
225	708
181	2282
1080	1307
1334	3988
2510	4369
658	1265
3644	5249
1338	2158
1206	3169
1331	5236
1741	2186
264	3045
1758	4158
1717	2017
693	3279
218	4777
211	3459
1622	1897
2749	2849
453	3245
236	1062
1293	2827
1297	2158
2700	2987
1425	3021
37	3478
4244	4963
599	1685
2394	2735
3280	4055
4811	4864
905	4379
1016	1129
129	4402
857	4852
1622	4031
651	5242
515	1942
1274	1359
1451	2358
3306	4144
155	5238
1494	4608
640	4295
1775	3740
3478	4608
707	2769
1905	3192
3000	4454
192	4076
2211	2756
2356	3730
3295	5242
1265	3169
3025	4608
2240	2453
1758	3072
371	1169
586	1447
3169	4972
1447	5150
2100	2416
4082	5180
839	1753
1206	5062
2539	4285
2435	3643
4178	5077
1224	4954
1374	3553
319	3906
640	1413
705	4306
1082	4853
1455	1566
2408	4663
1206	4203
2263	2424
1413	3596
1478	2358
92	578
3906	4043
4963	5008
1992	4784
1656	2047
517	4608
37	4842
582	693
3015	3169
1625	3510
3517	3669
4178	4559
292	1696
1331	2795
2673	4133
254	2691
1237	2052
4193	4752
1758	1782
1420	1506
2700	4864
2919	4302
1482	2539
2158	3158
662	3443
2318	4513
2069	3644
1047	2207
290	2117
1723	2870
457	4962
1753	1786
1212	2223
783	3169
381	4021
4193	5173
579	3197
1286	3963
2539	3109
3295	3549
798	2358
545	2505
1429	2537
3644	4031
3169	3802
1010	2739
517	2676
3637	4178
773	4158
1073	1555
1080	1390
839	1821
2895	4274
779	4275
133	1285
3158	3790
663	3560
816	4331
550	2211
2223	4178
4467	5008
4495	4864
2152	2158
1935	4518
3995	4864
192	3504
1773	3169
2589	4624
1758	3280
700	4431
329	1868
2164	2211
244	4519
1482	4752
661	1244
2263	3160
1779	2642
371	1996
1333	2158
240	4971
92	4949
693	1818
3810	4656
40	4493
651	4187
786	5212
4864	5020
578	1511
495	4705
1019	4864
564	2586
2008	4383
522	1736
1918	4963
870	2970
1506	3998
1717	2978
1433	1555
2096	3630
223	4157
4178	4436
1019	2211
1002	3169
2850	5064
3015	4571
1237	3987
2457	2915
1153	2158
1034	2877
1555	1753
1421	1745
2749	3421
3766	4081
2477	3889
3220	3703
1290	3363
1331	1786
3240	3927
273	3478
3429	4663
2164	2987
4840	5142
1188	4919
2279	3821
2802	3678
1103	2318
2040	4081
693	3169
2970	4493
551	1549
1224	4008
2207	4496
717	1274
58	1555
3059	4107
92	515
978	3169
583	2335
555	4873
1555	3949
176	4472
3169	3999
457	3630
1226	2528
3302	4157
419	940
3648	4612
857	2663
129	3998
2581	4933
787	2178
1985	3169
3323	3474
118	4608
1549	3627
2961	5064
1780	3169
2936	3243
516	5036
1489	3549
253	3240
819	3643
3169	5114
548	4954
181	4677
508	2223
3573	5217
2654	4109
1338	4608
2318	4727
400	3097
1447	5114
265	4295
1025	1601
1555	4332
96	1447
662	4608
423	2970
905	3169
3548	4258
517	708
3669	3998
2749	3527
3081	3169
96	1455
663	3917
1555	2654
2673	3747
2258	5163
1905	5028
3169	5004
1759	5232
1058	4391
2263	2510
1481	1622
3549	5156
133	5133
2069	2663
551	4383
2749	3560
3834	3856
2318	4765
1381	5020
773	2928
215	3169
1121	4123
1990	5135
1307	3803
319	3553
3173	3291
2972	3171
2277	2351
2279	5239
3699	4663
1555	2052
229	3169
302	3169
2318	2936
4873	5241
881	2258
579	3230
3549	4154
1249	1622
1779	3334
1262	4178
410	1773
587	3809
469	4608
1080	1427
2094	3169
1779	4306
3835	4327
1206	3802
293	4663
2937	4663
2408	3203
2063	3307
601	699
705	1265
225	1555
2521	2756
2676	4116
1237	3617
1421	3477
4178	4654
2318	2457
662	2471
1127	3069
3069	3548
1489	2277
2590	3291
766	2989
2457	3038
1905	4973
1511	1533
2432	2537
1695	2902
2529	3517
911	1570
103	3762
1697	3317
2258	4152
900	3644
2798	4274
1331	4203
3596	3648
1495	2453
1404	4864
1206	1780
2258	4542
2816	3753
3137	4845
179	3368
1780	4727
2318	3882
3212	3778
1161	3108
1124	1489
33	2072
2263	5219
1531	4453
1473	2408
989	4911
1918	3137
1578	2645
1481	4013
1237	3492
438	3160
4116	4271
798	2756
2997	4407
982	3966
335	2928
900	4767
508	1942
1059	3627
1244	5241
1704	5222
858	5215
254	4178
3307	3548
4813	4949
356	2065
3137	3644
1210	3169
2087	3676
4655	5109
2663	4030
774	4963
2358	4874
1307	2641
978	4728
705	1555
2516	2682
1189	4391
2318	4018
1237	1481
2479	2673
1555	2158
1353	2263
495	1901
2025	2861
1942	3378
2784	3169
4202	4617
1512	1555
260	954
882	1025
1535	5219
905	1555
1495	3302
3454	4594
1944	4880
977	2749
979	4746
1237	1723
2263	4723
1237	3529
1196	3753
1779	5113
964	1931
2258	3072
1125	5215
92	1901
2341	2589
113	419
1421	3302
1022	2499
3622	4360
2157	5254
3169	4275
2554	3073
779	3653
1265	4595
703	2970
2106	5094
2052	2158
1082	2258
1007	4495
1610	4178
3824	4973
1265	4723
3753	5188
961	1244
4784	5081
2589	2894
4025	4586
422	4435
1747	4687
1274	5196
989	1176
1583	1930
1080	3760
707	1338
1758	2047
151	1357
3753	4493
2207	2445
918	2073
648	1555
748	3598
1226	1730
359	1971
1090	3169
1157	3904
4	4844
1759	2482
346	4116
1482	4988
3169	4891
381	3553
1780	3323
105	882
1237	2230
1010	5156
92	3038
881	4073
3169	4306
3331	4562
253	3927
1159	1661
3619	4864
2289	2870
498	2537
1121	1584
897	1704
2623	3937
3315	4031
1515	3295
328	4513
779	1741
961	2332
2642	4130
1368	3228
1331	2623
3096	3169
2408	2776
1758	3192
1429	1600
1625	3169
3444	3626
3686	3707
766	2853
1304	4864
3763	4027
1151	2529
2158	2554
1985	2559
2211	2445
3467	5064
3643	5033
508	2764
913	4343
662	2899
3291	4154
664	3169
1165	4178
4258	4868
2318	3158
2457	4105
2356	4089
319	3627
1905	3824
700	2892
257	2258
1137	5062
2989	4330
92	560
119	2020
1627	3459
2629	4864
1102	1237
1018	3169
2048	2521
1454	4275
2623	4623
1237	4054
1639	2299
2776	3740
419	5210
724	4157
1555	2487
335	419
40	2941
2361	4868
2001	4663
253	1137
1111	3864
2917	3490
3699	4178
2240	4088
1837	3420
1688	2523
1124	1753
4031	4960
1555	1574
319	1978
1096	4935
419	4209
717	2417
3169	4108
1249	1663
2749	3192
3981	4178
1080	3243
1237	4193
663	4789
1473	1622
1427	1555
1538	1781
2445	2749
33	4220
1447	4144
96	3323
1985	4864
1520	4128
1748	3169
1773	2232
1331	3504
1206	1237
3368	3753
1473	2192
96	299
1493	2479
1218	1775
910	4853
1369	3672
1555	2915
2158	4666
4306	4970
1704	3687
1205	2510
2408	3875
1758	4137
1956	4178
3478	4473
3510	4723
485	1273
1125	4275
2749	4343
1314	2408
3475	4253
290	554
1080	1338
4495	5020
525	3293
1974	4963
3457	4962
1741	4656
453	3835
1947	3669
4178	4963
1502	3796
1049	3815
2875	4864
4202	4864
1753	2827
4030	4031
212	2749
1774	2249
766	4203
1472	4383
2145	4864
659	4402
167	663
359	882
905	2158
564	4343
597	1842
663	943
1070	1080
1944	5215
2633	3169
923	3644
1451	1473
1736	4407
2158	2521
2926	4107
33	1489
118	3486
3815	4659
564	3875
1786	2356
1490	1576
385	2936
225	627
4244	4257
2552	3596
2130	5036
654	3834
260	1524
979	3553
77	1878
265	640
1901	3169
40	4453
1447	3907
2264	2715
3021	4666
2977	3906
1574	3923
1868	3169
1231	1436
1080	3793
92	1272
1348	3882
1217	4654
225	517
299	663
4041	4311
2318	2915
1574	2548
564	800
3323	3478
3291	3863
1168	4813
2069	4752
1753	4225
3888	3922
4448	4873
3834	2445
2258	1447
2849	1265
4458	2528
2641	508
3291	3169
4864	3713
3307	1206
4316	1856
3762	464
4496	1137
3638	371
3812	599
4379	2554
1581	346
3169	1767
4845	236
2849	2510
2749	1019
1331	548
4342	3591
4864	40
2303	1741
2457	1293
1502	602
3169	1506
4258	457
4402	1555
3291	1137
4031	844
4813	834
580	0
3998	1555
4641	1420
1723	1168
4868	844
4469	2393
3160	228
1928	1780
5114	1493
5241	5033
2665	882
758	96
4521	1741
3699	3627
1723	498
3478	517
4971	2929
3331	2735
3987	3279
4868	363
5047	137
3644	965
2899	1668
1237	990
4519	3699
5215	1493
4031	349
4393	287
3016	2211
3643	2316
3815	3544
4225	700
5094	1704
1391	1127
3169	1774
3240	1148
2477	471
600	356
4511	990
3169	2505
858	290
992	989
2749	1013
3972	3804
5020	3782
4507	4225
2642	335
5174	3548
2251	931
4518	3169
2158	1804
3169	1297
1237	4
3169	989
3654	1265
964	676
5175	3052
4606	1149
3000	453
5241	3368
4752	1741
3243	1338
5236	1938
2158	1158
2589	1538
4823	3643
2894	1752
4612	1813
5215	4899
4474	4342
3611	3500
658	471
3904	2936
4244	2673
1942	1882
5188	1608
3689	989
4916	2983
1417	92
5174	961
3458	1877
3824	2270
4695	1493
3529	2579
4275	3368
4275	1572
1672	1297
2559	1974
918	600
3228	1555
2857	0
4031	1189
1856	769
139	92
3988	1697
2258	819
5254	244
1786	501
3644	1482
4869	3454
3624	1007
4973	4081
2225	1555
2730	1025
4178	1782
5031	4849
3988	1757
3028	329
3169	1928
3169	3061
3856	2603
4178	2078
4258	138
2718	1758
3529	1080
3363	118
3477	96
1627	864
1555	232
4864	4608
917	481
2673	1860
2436	989
3981	2641
3240	1137
3307	2673
3713	3029
3904	1211
1206	830
2215	1482
3109	479
3410	419
4767	1427
5232	4620
882	719
1971	1780
2439	2117
3630	1890
2623	1455
3644	1127
4954	3323
3012	1010
4794	3025
4054	2827
3169	212
2308	1878
4030	1718
4705	4316
766	155
4436	1758
4885	2826
4311	240
2108	1010
2927	2258
2418	961
3904	1515
5020	359
2549	693
3906	2849
3973	601
4436	2258
4067	1897
1758	881
3293	700
4191	631
1433	359
3648	1218
3331	1696
2776	2461
4864	1787
1158	345
2040	1759
4311	1489
3313	1696
1581	517
2669	1944
2078	1774
2030	453
4749	2358
5254	213
4428	2546
2332	252
2632	1237
2863	2026
4848	1237
3137	111
3874	2282
4118	312
1237	648
3616	1429
3510	29
1489	313
4453	2970
3169	1127
4178	386
4447	699
4784	2158
4113	3808
4519	2078
2970	1002
4705	2735
3644	3067
2749	664
4687	2654
4021	2282
4232	705
2911	2289
1482	900
3644	3113
1535	339
4899	2352
1555	371
4241	4178
4864	2322
4963	3410
1748	1008
1455	479
2024	1741
3169	1533
2270	1905
2987	1455
4864	582
4438	3169
3169	2894
358	96
4864	3694
2769	1938
2589	336
3803	2661
2318	1447
3694	2559
3627	2698
2358	911
4727	2970
1704	766
4429	1656
5188	2166
3169	659
3169	1753
2892	1686
4464	3158
2902	1059
943	328
4631	4178
4663	2870
1597	586
4864	1076
1586	1273
5172	4641
4495	631
3169	1735
5012	2449
4873	1270
5103	2258
3340	881
4848	3601
5114	96
4493	3596
2117	1472
3169	546
4383	3846
3017	2435
3458	1237
2987	720
3566	3429
4973	3619
3220	1588
1982	882
3169	381
602	92
3548	38
4864	1441
3183	1741
735	691
3907	448
1608	1087
3192	1656
2661	1390
4030	2657
4054	2318
2358	748
3788	1944
4864	2395
5020	4800
4385	1348
621	79
1549	319
2902	2709
5074	1555
3686	1446
1348	359
4198	2490
2515	2158
2158	1442
3160	1656
4082	741
3169	583
2798	824
244	79
3169	2131
2263	586
4608	3074
3829	897
5249	832
1533	600
3596	966
3894	2945
1447	510
4192	1511
3074	192
3803	1047
3510	2078
4902	881
2157	319
3553	2755
5157	2258
2436	92
4519	1607
1918	597
3589	2475
3598	1723
3598	1878
582	564
3888	3321
2232	1743
356	92
5022	3937
4608	2152
4464	3420
5172	707
2303	663
3302	1587
3015	1533
4189	1531
2961	2103
3782	2749
4663	2357
3325	419
4454	3749
4271	1555
2149	1723
4963	4008
4608	2765
1357	989
1533	578
1473	615
1628	33
3617	515
3855	1432
1237	1127
1821	881
4043	1555
913	448
1741	119
4447	4202
4495	3045
2654	940
1348	707
3689	941
3169	2326
4244	2258
2358	1622
4577	1656
2076	263
4864	3856
5196	4178
2417	620
5103	4864
657	221
5196	1758
3475	1087
3974	3242
2087	2064
1316	913
4608	4018
2978	2017
1931	1196
4864	2983
4178	606
1887	33
3132	2207
2318	1348
4331	3215
2632	1447
2673	1696
5145	2318
4260	719
2211	597
2642	1723
4963	1780
3169	3072
4613	176
3429	2260
2436	221
4962	620
4996	3616
4085	1127
4043	2263
3616	2749
5114	4613
2940	109
4356	1130
495	265
4641	1249
3169	1095
3874	2756
5137	2654
4407	1535
2682	564
1010	924
921	399
4352	1188
631	327
2749	1664
4598	2211
4546	1482
4587	4495
4723	870
5113	3334
3478	45
3927	2003
3740	2468
4961	3824
5151	3169
3637	1928
4631	515
4864	705
3548	1758
4327	3195
4008	1502
4656	700
2332	1741
3815	1359
1555	448
3864	2358
3917	1555
4178	3160
1901	1442
1497	118
3627	662
3169	1429
4988	1127
2827	345
3228	2539
3517	33
4041	3517
4519	2263
3169	294
4458	2589
5035	4939
3553	748
3780	2641
4178	3127
4294	1007
2583	233
3988	1260
4519	1878
3758	3169
4343	516
4864	1572
5006	4178
3169	3074
4600	96
1965	1455
1971	683
4316	769
2925	1206
1723	882
4435	2117
3839	2158
5010	1555
3906	1615
4813	1150
4594	1025
2477	37
4017	3169
4295	4225
3114	2072
4949	3864
3835	1455
5205	2673
4071	3169
4727	1609
3307	2273
2977	2128
3245	1518
4054	2258
1622	748
1780	556
3762	1369
3481	2085
5112	2128
2864	1447
2850	1918
4031	236
2108	1206
5232	3780
2128	319
1918	1455
3644	2674
517	345
4031	515
4263	1505
4608	881
2603	1649
1735	555
3000	1656
3500	305
3888	1952
3378	3169
4082	2452
2048	1482
4496	1270
4608	1442
1570	615
3477	1533
1775	1270
3169	2936
2393	583
4811	1087
3922	3526
3753	631
3790	3703
3512	1070
5215	1062
3596	1813
4044	564
1025	177
2946	181
3598	2510
4260	2309
3169	1615
5008	4225
2438	600
2211	294
1555	319
1533	848
3678	3169
5062	199
1127	4
3160	2223
4973	29
2816	135
2227	1455
4850	2798
3295	806
4454	2322
961	882
265	14
2027	96
2765	2318
2258	261
2211	1696
2987	1804
4687	1252
4723	3160
4185	1821
3061	2589
845	37
1783	1773
3988	853
2040	1779
2258	1361
3114	1127
2264	2128
3719	2756
3846	2654
1533	1273
2418	515
4864	4552
2623	1338
4021	1942
4438	1680
2282	1759
4954	845
1237	40
4113	3945
2318	1555
3598	1652
4723	29
1555	659
4551	1780
4752	2436
2554	1555
2799	2529
4154	2258
4608	1533
2318	2301
3893	1555
4213	2318
3160	2431
4864	4307
2318	1369
2240	1359
4402	2158
2756	178
4054	1944
3477	600
4973	254
1836	1786
4849	328
4308	3762
1249	600
1555	1455
5215	994
4166	1626
1080	832
4947	4885
4608	498
3627	1774
4452	4149
2087	174
4165	602
3275	2332
5047	1837
3949	3169
4025	1705
4864	3275
1555	1442
4592	1237
2318	1446
1574	882
2603	1608
4467	1483
1127	627
4478	1102
5172	3998
1775	111
2518	1574
3029	594
4602	2808
4383	135
5035	3644
4608	4054
2626	1695
2408	1127
4402	2870
4026	3454
4961	468
3904	1941
4935	192
2490	1853
1168	240
2798	828
1555	726
3000	2749
1953	400
4850	4274
4263	1757
4608	1804
4880	2299
2100	773
2446	1723
4734	26
3245	1555
4271	2318
4873	2186
1127	656
4435	1918
4082	1293
4824	2158
3444	1515
4874	990
1002	705
3169	1925
1947	1757
2207	429
5200	1897
4727	707
5207	3700
2425	2258
4608	1628
3169	2318
2351	579
1494	1169
4823	4447
4864	332
2453	599
5249	2523
1555	658
4922	882
4961	14
4613	700
3888	3526
3293	966
4784	4615
4960	4383
700	423
4343	382
3454	3207
2827	2192
2179	77
3820	1127
2442	2240
1581	1331
2482	878
1433	446
3113	1075
2081	716
1161	601
1237	225
4766	4041
3169	464
4752	2940
2020	1334
1493	1484
3856	766
2929	1211
3707	1376
1493	176
2657	700
1131	268
4562	118
5160	5062
3420	1601
4008	2850
4054	3700
2764	471
3059	1237
5196	40
4109	599
3171	680
4864	2529
2864	1758
4960	3203
5188	449
4824	1237
4718	897
1581	409
2633	881
3898	3169
4988	676
2983	2756
5238	313
1609	1348
4608	2158
479	92
3169	2418
5242	3973
4468	1237
4336	1656
4153	2764
1451	816
4974	2637
4385	1025
495	276
766	212
1881	1622
2970	583
3804	819
1758	1003
2211	858
5107	4031
2477	1127
2905	1390
4369	1265
2849	1878
4845	1576
2559	1752
2318	703
4407	1026
5081	1237
2738	2225
3169	408
3601	2895
2158	40
5241	3598
3291	2020
5064	748
4767	578
1935	940
4385	353
2410	273
5232	2240
1237	192
5156	717
3762	1901
2318	707
3802	3173
4332	4130
1774	888
4885	3603
3363	2735
2537	699
816	290
5040	3169
1127	966
1505	1334
3979	3176
2546	1237
1447	457
5215	495
1447	663
2318	659
2870	2393
3420	137
4551	4178
2100	1653
4454	2108
1549	545
4295	3283
2989	2008
3966	3169
1723	1601
3686	164
2510	387
5000	14
4178	3540
4727	3882
4765	1022
2579	1107
4623	1433
3904	2929
2694	2263
3815	199
3169	767
2528	1576
2367	1566
3169	1778
3275	137
2987	1125
2356	1010
2393	1555
4613	3754
3637	1226
4647	3169
1520	1270
4513	662
4178	1578
2945	1912
2130	819
4469	2769
4658	2318
4495	1945
3169	2257
1237	992
4970	3562
2408	276
5249	4687
4435	2850
2961	2704
3187	423
1574	1062
1609	583
2318	2308
4972	695
3737	2580
3540	515
4583	1494
4199	525
3490	524
2303	2145
4864	1026
2970	905
1555	335
4144	446
2040	516
5172	1600
1781	1010
5176	3293
1359	1237
2669	1008
5215	2408
1034	934
2418	1854
1531	122
600	381
2774	1034
3907	600
5098	2945
4608	700
2128	2078
1354	96
1489	601
2539	845
4081	3477
5064	4954
4454	3410
4237	2232
1348	1125
4949	2270
3477	381
1249	695
3169	418
3116	1025
3616	2425
3169	1723
3169	2591
5047	4785
1971	318
4469	2970
4385	1505
4727	600
4684	1481
4632	4311
1197	1013
3169	223
5018	4864
2211	301
3834	2674
1759	1493
3616	676
3270	350
3687	882
4663	3740
4142	2211
4734	816
3698	2559
3220	3038
4237	1773
3947	1574
4844	4601
4586	2895
4332	848
3323	2539
3660	0
2826	92
3444	284
4612	1237
4385	3116
2490	326
2756	2322
2987	1723
4864	4431
3669	1338
5188	1705
2735	2634
3510	2756
4628	3804
3331	1212
4608	1455
1151	260
3988	3907
1656	550
3074	2158
4663	943
1723	118
2416	773
3631	3169
3914	92
4864	4411
5112	653
4082	1421
4239	1992
2158	648
3703	3291
4546	2425
1429	129
1918	1775
5163	4864
5000	976
1555	1116
4784	2154
1983	1759
1758	1176
1798	92
2654	1942
4076	3289
2539	966
4739	515
2451	1705
3255	1843
5020	2700
2318	658
1798	166
4620	2542
3562	2318
4629	1237
3331	1494
3596	1237
5012	1490
3553	3363
5222	1159
1741	1206
4727	583
4430	2972
1479	1354
4785	961
1652	319
4202	918
2646	1923
4595	1816
3516	1813
3169	103
4739	1942
3151	1555
2709	1572
3986	1574
5236	4849
3243	1555
5222	1455
4149	316
4963	582
2452	1836
3907	564
3648	1622
3630	199
3648	423
4195	1206
4879	1759
2600	33
2408	627
3904	1489
2885	1293
4608	1482
4571	4232
1516	1169
976	265
4875	3321
2694	213
3331	2857
3907	3864
2557	1555
5236	3804
2902	2698
5160	3306
3169	577
4864	3000
1775	940
1367	260
1622	423
5043	3596
2946	166
5033	2078
2676	1581
5215	3295
4311	3295
3983	2849
3778	2787
5061	2633
3654	1878
1127	172
3864	580
1127	931
3874	3169
3644	1442
5175	665
4285	2451
3627	109
2277	2258
3500	2827
2211	151
4123	2446
4608	600
3835	1758
3954	1736
3240	2211
4739	2130
5020	1454
4996	663
4427	3323
1555	133
1359	695
4789	3762
2987	2927
3212	1215
3295	240
1947	332
4852	1741
3810	2352
2776	1757
3815	1500
4864	4425
2970	1111
4879	1237
4178	856
3008	631
4864	921
4013	1779
1265	1033
5064	3478
4393	1717
2258	2030
2933	1348
4970	3323
2408	516
4030	990
1574	96
4178	170
5127	1016
2673	453
3148	1624
4178	3900
4438	1527
2263	2128
4971	4311
1193	1127
4109	2603
5215	3973
4973	4244
2231	1741
3478	1588
4954	225
4864	1759
1901	1753
5000	2358
4940	2312
1555	1368
5171	5035
1595	1555
1455	816
4736	3758
3864	2673
4752	1588
2335	1609
3973	3295
3777	1753
2987	2356
4864	3939
5238	3973
3596	627
4013	457
2774	1080
4550	641
2987	1381
2158	1397
1331	918
2529	1034
5127	362
1022	457
4257	1723
3596	602
4178	3856
2946	2892
2211	1526
3478	3109
2637	1757
4850	1717
1813	1237
2397	729
3478	1455
1758	197
4260	1576
4316	2556
5222	2408
2418	1206
4026	1912
5000	2258
2861	1868
659	498
3648	2065
2207	178
3340	1493
2453	1685
3096	1723
2987	2104
2211	598
3203	404
4393	2017
3699	319
5073	4734
2318	1711
4030	3648
5254	319
3169	2313
4954	4849
4258	2892
4313	2749
5073	2453
4130	2477
3619	2570
1697	1505
1316	1022
4031	2065
4885	2211
4873	720
3169	2149
769	76
4784	3169
4608	2521
4073	178
4999	582
5242	4971
3644	1331
2351	1127
4752	2109
2152	1080
3548	178
1555	1304
5064	4008
3169	184
2240	1695
3627	615
5228	4178
3291	1912
848	600
3998	2393
3240	1741
4784	3988
2211	1656
5036	4739
3799	2603
5188	1755
1555	1376
1947	1454
1442	82
4865	92
4899	4879
4656	2589
3686	934
4623	40
5103	989
3804	1307
2158	1095
5228	4393
3016	1757
5018	2542
4789	3331
4642	828
4116	1918
4275	572
4754	2232
707	659
2258	449
3705	0
5034	705
2258	663
4343	2211
4383	293
4592	3169
4612	2673
3627	1741
3747	3596
2749	1778
1918	26
1758	825
3669	1600
3698	683
3548	2405
5188	2673
3169	2020
5064	3644
2970	2393
5249	1461
5196	3124
3660	1123
1753	345
2679	1574
133	118
3169	1126
4625	4613
1741	66
3114	33
3559	2623
1935	982
3596	1482
2641	1273
882	82
2173	495
4144	1620
2870	2158
4393	828
4891	1555
4519	3906
4891	4608
4273	3169
1473	1237
4519	339
3243	3169
989	627
1197	933
3922	641
2318	1780
4454	495
3310	376
5242	2853
1237	253
5033	3169
59	58
1627	399
4595	2516
3291	716
2830	2529
2110	1741
5033	4608
4316	3197
3598	387
2170	1127
4085	174
4043	410
4864	2479
1109	4
2749	2279
2623	1692
2633	1668
1817	1758
4198	326
4954	4608
2981	1479
3169	1390
4054	693
3810	555
4857	2673
5215	2623
1211	1124
5057	656
5215	2519
3444	651
2769	1111
2894	1429
4663	516
5249	2065
2289	40
1912	700
2735	2052
5188	2279
4663	994
2108	1197
1775	1574
2661	299
4542	1555
1555	135
3481	244
3644	236
4864	4165
3291	2318
4237	2505
5238	4311
3954	2038
4718	2863
3500	2903
5134	2523
979	178
1695	319
4255	1193
4030	2903
3331	1676
1695	1574
3988	1992
516	79
2795	700
931	648
4864	2211
2589	1421
1743	1165
3892	2742
4116	517
3203	700
2047	1010
5222	4734
2003	1555
4220	326
4824	3773
4500	2258
4463	2620
4031	254
4107	2559
4961	3220
3644	943
3169	2061
3988	767
3317	1359
5036	508
3015	137
3222	2589
3323	627
4663	3378
4496	982
5137	2158
4608	583
4342	4178
4109	2436
601	313
4608	225
4203	2987
2072	1489
4275	1912
2669	2167
5156	1489
1524	839
2087	96
4225	423
1741	1520
2318	1638
1780	1481
4874	1581
2735	1127
3413	815
4586	658
2158	979
2098	1230
4608	3151
3548	2416
3063	1769
2542	1307
4393	3
3169	2308
1206	315
4109	2258
3410	1656
2395	2258
3323	2827
2186	1627
3686	2271
2175	1741
2709	92
3313	508
4130	1895
855	142
4025	1131
3773	3038
3038	578
2211	1649
3627	2697
3471	2106
3669	2515
4435	602
824	164
659	4
4026	1772
3513	2
1270	1137
3169	658
615	365
2192	302
3483	3169
4447	1016
2657	1905
3038	96
4785	3888
3907	2539
1127	495
1446	1274
1433	1312
3777	2654
2158	881
4236	2484
5097	1265
5033	3420
741	695
469	290
1493	1447
4260	1490
4864	3282
4971	3114
3922	1076
4156	339
4008	1455
1193	287
1555	1505
3397	1206
4447	1758
2749	1652
4960	3137
3321	5
4880	1008
5242	2215
1555	533
5175	3627
4178	1652
3275	864
2416	319
4199	1864
4656	1270
4898	4178
4970	2781
2603	1912
4723	3169
1695	77
1649	80
4865	773
3998	583
695	197
5219	1130
2673	410
4116	3475
4385	137
3169	267
2756	2221
1881	700
4428	1206
3435	1930
4239	3212
3644	990
5215	2273
4973	2776
2157	213
3644	118
4519	2715
3549	2929
4239	3067
4393	3169
3221	3169
1537	329
1779	1555
3945	3341
3700	3230
2363	1555
3907	1442
1026	1007
845	602
3025	419
2453	164
4195	1314
3906	2078
4954	345
4825	2158
4663	1948
3596	700
4178	758
4202	1451
1810	990
5195	77
3169	3151
2756	250
4295	1493
3856	2207
2318	345
2749	1233
1481	164
1254	254
5172	1237
3169	1481
4849	845
4752	2663
5064	4752
3856	1656
5062	2970
2870	1189
3948	1533
3295	1941
4973	4970
4734	1649
3644	989
4435	845
2941	2003
4232	3420
2633	1460
4275	3598
5215	4813
3435	346
4817	1533
572	96
2258	315
2977	2263
3853	2240
4244	4021
1813	1780
1493	1455
3669	1506
5130	3271
4178	2276
4454	4383
4767	3038
4316	1555
785	419
1273	82
2691	1736
5156	4879
3489	693
2505	878
2709	244
3289	2318
1723	717
2552	305
4608	260
4933	1753
2254	1447
2749	2633
3988	2764
2781	2358
4782	3321
2452	700
1494	858
1705	1608
2529	1555
4385	1687
3766	1877
917	336
2515	1555
3169	58
4178	29
5219	2756
4727	3998
4785	3803
4384	2568
4612	2258
1237	911
4935	3643
4963	471
3677	290
3648	1775
3169	2829
3987	3008
5081	254
994	259
448	199
1237	578
3740	2110
3069	119
3648	1928
4849	96
5236	1905
2482	2282
3753	2251
5215	1901
5020	4604
5020	3125
4225	2552
1218	111
4899	252
4577	4295
2554	2048
4438	55
2351	92
4144	1527
2211	471
2515	1506
5031	4668
4542	3947
4962	978
4902	1901
5160	4813
3169	2655
4043	1783
3853	2529
4158	3907
3548	931
1672	1555
4383	3856
4041	1610
2482	1483
3466	327
2915	615
1789	1447
135	96
5160	1810
3459	1016
5215	1047
3063	2422
2510	1860
5171	2961
659	105
2358	423
4663	2211
1555	1533
471	263
3973	2072
4848	525
4622	1656
4656	1307
4608	930
2929	2072
5172	844
2232	882
2243	1206
3173	2749
4467	1127
2453	2087
3169	3148
1377	1222
4864	1395
4237	3169
1538	1237
5160	982
3169	177
2989	2207
4608	3492
4879	2983
1574	386
4973	1131
1169	943
4466	2003
5133	4342
5062	2186
4736	2915
4864	3393
3703	2065
3478	345
3420	3169
1489	155
1237	1062
4828	1527
3071	2318
4663	3769
4973	294
2738	118
1628	1338
3012	1554
4493	3169
708	345
3029	648
5156	601
4428	3979
4849	1905
4462	1555
448	225
4232	1730
4008	602
3477	2408
4385	615
3914	3630
881	111
1974	1757
3644	2271
2556	769
1692	40
4728	4454
2258	695
4885	4615
345	225
4275	35
4425	4166
4436	3769
3169	2435
2240	2207
741	129
4285	99
3699	2902
5163	3169
2211	2020
3510	870
2552	602
4130	1723
2510	170
1813	1622
4275	2764
3097	1149
4385	1783
913	700
4988	3753
3644	265
2358	602
5062	4752
5049	3169
2158	211
4495	1026
2709	1652
4879	164
2894	1692
3995	1387
4849	1224
3221	2902
4813	2072
2468	1493
4478	2356
2453	122
4865	1493
4268	4236
3169	53
4985	4178
1447	188
4385	1952
5254	4519
2594	2510
2559	2303
4734	1206
4157	897
3169	1948
2318	1420
1741	1107
4032	3553
2258	1261
2240	1924
4050	1127
2749	2243
1107	700
4298	2258
1980	621
3737	3393
5112	3466
1447	1237
2117	448
3596	3169
2879	457
2756	2223
3169	49
5133	2722
2579	92
4043	2232
4538	3420
4313	1696
5064	2069
3483	881
2432	832
3998	332
5150	2318
3336	3255
3549	601
1380	118
5098	2654
3420	2510
1600	1420
3906	3627
3644	1918
2332	748
1982	1942
4784	2756
2453	96
2853	2251
1600	1555
3804	717
3821	57
4847	2394
3169	2970
4608	1609
4311	3904
3548	2154
3892	2340
5217	3853
4542	3169
4864	2357
5134	1334
2730	77
3735	1555
1237	923
4677	3478
2158	1901
5215	1274
2318	37
4641	332
2870	1531
2123	1535
1555	260
4922	1978
3937	3643
3927	1270
3566	3492
5103	918
1780	92
4339	2158
1080	350
3169	718
1780	700
419	198
389	365
1153	418
4154	3927
4082	273
2158	930
4383	1461
2393	2335
2258	96
1774	1127
4611	4130
4178	168
4583	1804
4752	921
4972	4518
2020	1482
3169	2765
2477	1482
2065	845
3169	2224
4572	1786
5127	1270
4343	881
4081	2279
4850	4642
4144	4030
4864	4203
1237	255
1538	992
2673	1082
3169	1603
2821	1555
3804	905
2065	1983
2764	2164
4962	495
4130	2519
3169	1348
3317	2641
3839	118
1555	254
3317	2554
5081	2257
5241	1555
4311	601
3637	299
1663	253
1780	918
3169	683
4659	597
3096	1601
3334	198
1717	828
4473	663
3617	587
5186	4257
845	517
1697	1533
3724	148
2987	1758
2663	2109
4031	1780
2970	2318
3015	1025
4285	966
5150	2158
4239	167
5210	1555
3694	1482
1938	1758
3713	3630
5215	2970
3169	2367
3410	3088
4853	587
1905	225
1780	1010
4684	832
5074	2158
4244	2207
2863	897
4113	2974
2192	1555
2258	135
2322	1272
3648	990
2020	631
4642	4393
4911	423
4663	1942
4191	2691
3169	3057
4784	717
3937	2158
2987	1485
2977	440
3160	822
3228	2318
5107	4961
4192	1533
3754	864
3169	328
4393	1377
5018	4963
2505	1237
3815	1685
966	45
2158	133
3804	705
3169	1983
3444	1482
4723	2258
4130	96
2632	1990
3169	111
3059	798
5103	2065
3169	703
2272	327
3762	1538
2192	333
4533	1237
3331	2974
3467	1331
3435	517
5215	601
1931	676
5222	2654
1034	698
3493	3169
2451	703
4113	2243
2117	517
2987	2003
1570	1348
554	371
4275	2927
3758	2915
2515	129
1493	1338
3169	1905
4379	658
2691	631
5251	5219
4973	1622
5236	3323
4043	719
1638	1555
2676	192
2987	2279
4178	4117
4767	2436
4641	2515
2654	276
3892	2852
3740	885
2289	1002
2020	244
457	373
2549	1600
4285	1127
4429	2258
3478	2539
3529	1622
2537	2067
4658	695
1354	881
3966	2586
2875	2158
516	135
2987	2570
1656	305
2529	2479
5113	2808
1704	1206
773	515
3773	3644
4441	3169
3169	2001
3025	2258
3378	3160
4864	4137
4435	3644
4752	4539
2588	1059
2936	2579
3627	1695
2358	1331
4026	2048
5062	3601
4041	3158
3672	1881
2634	118
2749	2047
1511	181
5156	3626
3169	353
3137	560
4608	1158
3512	1016
3815	726
1353	1059
5219	1649
4847	2332
4144	4054
4232	1226
2755	600
2579	1237
3169	250
4623	1555
3689	3169
4327	913
3169	3038
1555	870
3169	2874
4864	4153
4813	1622
4187	2026
3871	2020
1237	777
4604	2749
3622	77
1652	1639
1942	516
4178	255
4456	3109
4089	1080
3703	2436
1736	1018
3777	1918
4260	259
4257	3420
1759	1574
4571	961
3917	2318
203	118
3203	333
4695	1680
4656	38
4116	135
5020	1656
4244	2603
4454	3245
1574	586
2826	515
1033	213
2351	1576
1237	381
1912	881
3288	882
3753	1331
5133	1524
4165	2211
3553	1697
4336	2749
3907	3812
2850	1331
2020	1555
2946	1948
4306	766
4427	519
4275	2416
2318	881
5249	4684
4107	2523
4666	3306
3169	2516
4963	578
3927	1137
2603	1153
1748	1479
5215	4700
3793	316
3937	218
3109	1367
4864	2974
5064	4116
2928	2641
3169	2821
4018	3169
2936	600
3844	1315
1555	257
4783	3644
4879	3454
2739	1656
5160	399
515	107
3644	2657
3904	1482
4467	4236
2436	2065
1555	1230
2656	2065
5236	2309
4178	4071
4157	1587
5059	3323
1711	1555
4989	3088
1931	1752
4864	4601
4469	3964
4453	2623
3280	640
1780	139
1555	774
1638	918
3410	1455
4736	2318
4435	1224
3475	964
2240	335
3804	1290
4864	1574
4777	4663
1905	1461
371	221
4911	3740
1237	371
3644	2372
3331	371
2644	164
3596	708
2441	623
4864	726
2072	1157
4018	3762
4718	4157
2816	2020
4030	699
3973	2749
3293	2539
3173	2258
1010	550
2946	337
1555	346
3197	2634
5217	5063
4244	1741
2352	1878
3895	3038
4862	333
5071	693
3618	1218
4705	3502
1478	1224
3090	2589
2258	2103
3986	2211
5228	3644
3057	2066
4684	990
4940	2359
3169	449
3854	631
3834	2047
3562	419
2289	703
3240	1757
5238	1890
3596	1928
3573	3169
5196	717
4873	1179
5103	3291
3988	2646
3907	2322
4191	1026
4847	1002
1599	1516
2158	166
4193	943
4031	1493
3169	244
2273	741
4031	419
2170	1555
5188	4864
1555	166
2318	1494
3478	3169
3169	2924
3477	2529
2358	20
2318	2052
4728	1661
4130	2198
4429	1741
4853	309
2826	2441
2451	1555
3945	1447
2211	1455
4383	1555
2715	2516
1293	448
4403	1455
3458	930
4885	4118
2318	858
3988	3306
4187	2719
4018	2633
5215	2052
5020	2211
2977	339
3492	2258
4603	1087
4275	40
1905	597
1447	700
4399	1127
2260	1757
4271	3435
4085	3644
3158	1506
916	882
2673	1589
2742	92
4845	3644
4467	4225
2357	918
4031	992
2987	2258
2356	181
2158	469
3137	1312
3040	508
1758	29
4236	92
1127	448
1905	1131
2774	881
2709	319
2641	1447
5222	2749
3169	441
3492	315
2603	96
1555	121
4864	3152
3643	318
3762	869
2764	516
4943	292
1080	972
4021	881
2633	1753
4784	884
1555	137
1837	181
4899	1638
2394	705
3249	2709
4823	599
4519	3598
4779	3169
4734	1331
2362	1186
4608	4454
3169	567
3901	3169
4237	1982
4864	3846
4253	1780
2207	1526
3644	881
1774	591
4402	2318
4044	2749
2417	599
4054	319
4493	1338
4852	1270
1555	991
5210	4608
4873	4542
5033	1774
676	33
4663	2416
3753	3616
4663	1533
4958	882
4600	3169
4528	1992
2864	1249
2482	2408
4655	3421
4746	1574
4608	350
3169	430
3835	1010
4454	4435
4268	2397
4852	1834
5172	4402
4737	2158
1773	1505
5107	2579
2980	2158
5205	2641
3169	836
4642	1717
4970	1901
4608	3998
3291	2322
4777	1555
4385	335
5210	2158
881	816
5135	5062
4511	2435
4954	1158
2654	501
4178	1297
4891	2273
2438	498
1127	319
1813	253
4873	1622
4178	1301
5171	3109
4864	1586
4552	3598
2499	1348
1338	446
3566	92
3481	1878
3352	2372
4294	2123
882	680
1656	329
2186	1421
3169	175
4402	3669
3553	819
3834	412
1779	1106
4236	3323
2603	762
4402	332
1019	1010
3464	2069
4344	3853
3291	1881
5112	4649
4730	2946
1947	741
2322	1206
3475	1752
2641	1002
1433	244
700	45
1555	636
2416	2273
5094	2390
4939	2065
2211	1780
2895	700
4864	816
4687	299
4189	2521
3834	2418
3943	964
4495	642
2641	2352
3169	345
2211	583
3323	1757
4988	2425
2258	994
2673	135
1753	651
2243	985
2824	1741
4086	4082
4244	2211
2919	2301
3810	2438
5035	1158
1983	1482
1781	1206
3151	1249
4973	299
3948	2211
4452	1555
174	122
4608	836
2632	1881
1080	257
2438	1316
5217	4677
2827	1905
4507	700
5149	3169
4107	3698
3937	142
5188	1348
4865	2240
2078	1601
4960	2987
4178	1923
3998	111
5254	2977
5217	1233
1455	498
4973	4663
3306	2020
1692	1489
5219	2157
5008	4507
2977	1878
4054	1555
2749	912
5037	1757
4157	2258
1779	96
4718	3282
2258	1608
4864	994
5000	1237
1555	703
2510	545
4507	1237
3308	989
4864	1361
4864	2225
4331	881
2100	96
2665	1025
4237	4089
1206	982
1821	253
4165	1331
3478	1983
5008	1753
3804	2164
4608	3158
4999	4663
4113	1237
1555	464
1270	700
2603	1798
4468	1010
4195	3643
3169	1779
1878	319
5137	1555
2749	976
1878	387
4864	1741
4785	1952
4661	966
4879	1983
4935	3926
1316	1206
3017	464
1928	1478
3598	591
2158	583
2528	1153
4076	1533
3648	1481
4789	2915
3957	2358
1206	548
2661	905
2240	769
2258	1649
4054	943
4178	918
5225	2453
5217	1775
2892	515
3753	676
4608	360
4641	741
3243	1237
4107	832
4072	3824
4255	3916
1753	92
4962	3804
1672	1493
3815	1853
4813	1293
3802	1842
4166	349
4026	1206
2603	582
5134	1574
5058	2211
4123	4067
4268	2552
4178	2413
4018	2661
3408	2258
4580	3169
1948	276
3644	371
3644	2539
4032	568
5241	964
5062	2663
4988	3169
4666	1433
918	322
260	259
3169	176
2971	2849
4784	2673
4825	4608
3677	858
5020	4383
2827	2539
5242	4311
1555	498
555	457
2518	751
2704	135
3255	3158
1555	1338
3038	2436
4031	333
2589	1151
2282	1185
3917	3804
4677	1723
3927	525
3544	1668
4961	640
5236	620
4178	1772
4473	3753
1533	978
4166	1354
4705	1375
5232	5217
2020	964
2211	587
4663	2597
2588	2128
3874	3420
4864	1374
2866	2266
3291	582
3927	1481
4189	2673
4302	3169
4343	1429
4043	1736
5074	2318
5062	700
5134	4244
2393	707
4178	700
5175	1985
3169	1581
3856	564
2902	339
3959	2352
2207	96
1717	1649
2510	2157
3834	2927
4255	1331
1897	335
2442	2090
2600	1206
2586	599
3834	3012
3548	3176
3323	1753
5188	1131
5175	3107
2277	1758
4311	1124
1316	705
4467	729
663	212
3160	79
5251	1549
4220	700
4187	1010
5022	3169
2417	905
3169	1935
457	172
3464	3220
1447	350
4963	4220
3810	1627
3809	2121
4386	3169
2318	133
3192	2987
4849	3169
4864	3627
3169	2211
1273	683
4784	4021
2042	1555
3275	3228
5188	1427
4306	2987
4891	4623
5171	3644
4220	989
4963	572
2157	2078
3676	976
4178	717
4157	3637
4844	1109
1813	1127
940	599
4622	2987
700	172
1663	1137
982	766
3928	3061
4438	3341
2749	1545
1489	1478
5064	1331
3000	1555
4255	1002
2318	469
3810	2186
5077	2223
3899	3169
4608	175
3644	1741
1723	1316
3864	1697
1002	224
4493	2358
2641	961
4220	4030
4919	2589
4629	259
2654	607
2529	1387
3788	2087
1080	839
3777	579
1942	1758
3160	773
1070	362
2482	1455
3012	1455
4385	3888
662	244
2173	337
4385	882
3835	3169
917	595
2279	1455
457	399
5137	2603
916	359
1353	213
2223	615
4076	2448
2709	345
4519	213
4116	700
4513	2384
3907	2864
990	989
5112	2123
2154	1877
3410	2069
767	659
2240	96
3998	2158
1675	705
3775	1282
2394	273
4973	1942
3780	577
4178	3442
5219	3906
3295	236
3824	3109
4541	423
2367	1390
3275	3169
924	911
2589	1696
4466	3573
3413	1213
3245	2158
3275	2694
4478	1780
2418	1758
3703	3464
4864	3979
5114	881
5210	2318
4021	2040
4864	3055
3707	767
4215	1555
5046	1555
1758	1589
2065	1481
4128	2211
1334	164
5215	4130
4620	1978
5134	3169
4902	4085
2449	1490
1477	1237
3331	815
5242	3626
3234	53
5020	3454
3671	3361
4464	457
2691	1026
4973	881
2552	720
4728	2258
4577	2749
2358	2254
1484	1455
4496	3240
5157	3979
2529	1868
4864	198
2158	252
4615	1697
3754	1948
4109	254
4608	2623
3648	92
5222	564
4462	1237
3169	1730
4973	2359
4874	4008
5238	600
2358	1224
4225	4207
4513	4464
3245	3169
3192	2258
4189	446
4661	45
3230	1531
4263	2258
3697	3169
4727	3700
4393	4255
5172	332
3323	748
4885	1047
4730	3596
4864	4429
4275	912
4988	1429
4789	1080
2257	587
4479	105
2318	1433
292	267
4614	4451
3622	2510
1692	676
5139	1555
1780	1096
3500	37
4723	2673
3475	3021
4087	2911
1442	924
2182	118
1555	175
3158	918
5215	3773
3045	1125
3169	1549
4850	4393
1206	897
2063	1656
1454	884
3548	2842
3169	1789
3420	2394
989	139
4723	636
2676	2318
3317	3117
4258	252
3957	113
3548	1417
1075	490
2756	1095
3610	3113
2020	1301
4608	346
2299	1210
4972	615
2408	294
3657	3643
3959	2078
1421	905
2258	2063
3891	3510
2738	1555
3510	636
5144	2351
4030	1481
1735	1627
4385	1212
3132	77
3596	1447
4874	1753
3466	653
1331	1224
641	5
2917	2358
2477	1478
1697	184
4383	259
4825	905
3116	1878
2894	676
1555	665
4663	4081
1124	717
4331	3424
3477	516
2422	1769
2679	2529
5112	3413
4496	1663
1843	1197
3323	1774
3906	3160
3169	2637
2318	252
2899	2408
4157	2499
2970	659
4974	105
3824	2521
2827	448
3071	1748
1338	1333
1511	990
4392	1622
4659	2258
3669	1752
4864	4419
4082	3169
1912	1493
3566	990
1353	1265
2691	1945
2505	1696
2987	1165
2001	172
4552	2170
3317	2087
5238	5156
1533	777
1533	294
4869	164
2661	1428
4577	1087
1533	1520
1603	449
4849	708
5059	4655
4767	3169
1555	495
3221	2157
1516	554
4864	3696
1555	816
2441	2358
3420	252
3275	3015
2579	1086
4521	3169
945	564
2108	1757
4008	92
2550	418
2358	1723
4737	118
4542	2064
4008	479
5236	2827
2505	387
2579	578
4030	1588
4041	1752
4123	3197
4963	3442
4004	716
4673	1741
3420	3015
4244	1505
3169	800
1780	1622
4263	3413
1901	276
3936	164
2936	419
4316	1472
3291	2987
4393	1306
5035	4849
4949	2065
2552	1127
3644	3492
1429	931
5236	2539
5242	3549
4431	3291
2504	290
3589	2240
4493	3648
4294	1026
3981	1237
659	597
4054	3804
4166	1478
2308	1237
3988	943
4258	1179
4519	1059
4864	1566
3169	2966
5254	2694
3762	1518
4608	1293
2521	2318
3963	1555
2263	527
4072	1348
3220	2065
4954	1338
705	498
4601	4
2539	2258
5153	3496
3169	2515
1555	1531
3762	1335
4864	3988
3169	2557
4759	3486
1224	305
4440	4275
2273	1062
1628	1237
5135	525
4802	4656
3038	1588
4478	2749
3957	419
1433	166
3169	3021
2452	381
3169	2416
2892	96
2539	1206
4677	1948
4935	2936
2802	2510
3331	2583
4493	1780
4649	2078
4479	777
4088	923
3169	2951
2499	897
3169	1426
3648	82
1945	1026
3308	3169
1375	680
4641	952
252	31
4861	1237
4864	1387
3114	913
2658	2589
2318	1723
4205	1918
4424	3169
3169	2669
4767	4030
578	96
3596	1990
884	716
1495	921
2518	514
3724	2303
3654	2977
3160	2157
2036	1455
4864	312
2431	1653
4031	881
4030	3644
2393	659
2072	1869
3012	5
5232	3553
2866	1686
3740	276
3627	1265
1473	98
4263	1938
4393	2978
4392	656
2207	582
4988	2850
3410	2529
1555	37
3926	1237
5081	924
1581	966
5219	128
5242	5156
3169	260
2657	1127
4799	2733
3169	225
2108	1447
4873	3529
4933	2960
2749	785
3987	1536
4466	2722
3834	1454
1941	1211
1502	1224
3780	1237
2870	2318
1837	31
3988	1574
5225	2318
252	137
3773	1481
3169	255
4684	2266
3482	2318
4885	2661
1224	602
5007	319
4845	111
1983	1359
3835	2207
4383	3452
2603	294
627	345
4123	4054
1494	371
5063	2756
1554	1455
3874	31
2358	1813
1533	495
2730	496
5103	1218
3549	3516
3323	1555
4556	218
440	319
4539	2663
3906	213
4255	1601
3091	700
3643	2875
2258	941
4342	419
3169	360
1752	1087
3169	3117
3169	497
3653	1127
4864	4237
4013	3804
3637	2558
4687	4684
4874	1331
3757	2408
1237	498
4612	1206
2258	29
2875	1455
4130	1555
3689	92
2313	1297
4473	211
2970	587
2936	1087
3169	2076
2749	2529
2945	1656
4178	382
2987	2980
3758	3598
4258	515
4608	3245
214	203
4973	276
2603	2445
3510	2902
3240	198
2946	1331
2061	1696
2774	693
4612	1511
4659	853
2040	1974
2457	1603
1622	1096
2158	748
5215	3904
900	139
4845	45
1599	40
4178	1584
4614	1768
4971	2072
4385	662
1343	662
1576	579
3169	213
2945	688
4634	4393
4202	1206
4864	2117
3686	2764
4864	3963
5196	2108
2749	2637
1905	345
4864	3410
1420	332
3059	832
4149	3644
4885	179
3783	658
5172	3669
2282	1974
2864	189
4496	3630
4427	3063
5171	96
4864	3072
5174	2542
4128	4102
4076	3125
5188	2970
3596	3029
3699	1249
3677	2158
4663	1779
4919	2173
1779	1447
5103	990
4847	4257
2941	615
2263	1649
319	213
4495	4407
4185	1555
4473	627
2764	940
4641	1600
4608	1111
3215	1555
4157	2273
4642	1377
3040	2130
4178	1823
4864	1758
1947	1555
3644	3500
3015	1273
2704	33
4275	3757
5160	5135
3512	599
2332	77
2529	1131
2755	1533
2408	1482
2488	707
3109	1455
4107	3644
979	817
3627	2123
4113	1080
1600	1506
1495	708
3803	1058
2589	1359
4608	1230
1433	1127
5018	1390
4608	2656
4455	2482
726	111
2715	319
4332	2453
3012	122
5156	3973
3644	2676
3215	1455
4379	1493
4295	1526
4695	1555
5157	3637
4295	976
1455	881
5103	1780
1717	824
4205	1901
3483	371
3321	582
4435	1237
2936	1237
4612	3596
3644	1312
3769	2416
3648	1813
2798	2017
2249	1878
4511	3109
3454	2519
4765	2158
1947	1237
4473	1100
4954	3644
5219	2223
2394	2332
3914	1741
3169	1447
3169	3028
4784	1533
1912	1455
4850	824
2915	972
2556	2136
2425	1429
4407	2691
4663	1974
2225	2158
3363	1697
1609	659
5215	1212
1918	845
3459	556
3169	2087
2641	1574
5176	1455
2836	1901
2435	1516
2158	1609
4865	3553
2192	381
3548	33
2667	2240
4030	1378
3894	1081
4292	2589
3109	1502
4275	1622
4784	3834
359	105
2673	1354
3815	1942
2679	967
1774	707
2765	1425
4864	3637
3169	2258
5127	921
4403	3435
3548	1931
4507	1910
4257	1649
5090	319
4562	2313
2417	1002
4784	4507
4811	4198
3045	1447
4879	3008
5051	2673
2673	1455
3644	3315
4785	1307
3644	2735
5125	2318
4026	982
3999	2008
1447	469
1978	1773
2881	1757
4473	716
3648	1887
2273	2025
2866	2529
3169	3052
1455	1331
4868	720
2192	38
2679	236
2827	627
3442	2603
1837	1087
4800	2735
5232	2087
3699	1535
4799	260
2258	1096
1433	726
4042	881
923	884
4899	4639
1237	265
3289	2358
4440	3974
4311	2072
2552	923
5103	111
3707	1312
1391	931
2408	774
3834	418
4178	3055
4629	260
4003	3620
3169	1460
2436	1588
4081	96
4244	2154
2970	1555
3598	2352
4453	2393
1787	1739
2981	1610
2552	2435
2263	319
4327	2081
4191	1007
4752	4030
5020	3835
3240	1237
2358	471
4940	1555
3895	1081
4687	2266
4330	4223
4013	2559
1555	858
4940	4864
3943	419
3689	1127
600	360
4571	1730
3644	2870
1687	1076
2826	1131
4947	4428
3644	1533
2326	1555
4237	77
2764	2258
2899	1656
3114	2929
2642	1307
2589	2029
3549	33
2539	1965
5035	845
4587	1249
2240	2027
2594	319
3907	2971
4813	82
2173	1237
2318	118
3169	1346
4641	1555
2457	1555
1125	718
4781	1447
5098	2258
2579	1511
3700	2870
5188	516
5160	4199
3323	172
4873	1473
5215	4954
3169	1046
4782	1723
2623	1555
3500	1455
5080	3548
5124	4258
3173	2673
4087	1413
3169	2181
2258	1417
2263	1878
4864	2318
751	45
2929	663
1704	1451
4864	3562
4874	4435
1774	319
1461	37
1983	717
3627	2709
2158	1985
5035	2552
4043	3169
2863	1131
2719	2215
4961	3573
4885	2881
3025	2970
2351	1433
4813	2158
4402	707
2158	1367
1918	236
1918	1237
3169	1224
2339	2258
4687	2632
4847	1723
1520	92
2069	1588
3669	129
1758	1047
5062	801
2158	335
4673	2709
4275	578
1996	554
3637	457
4608	3669
3926	1249
3526	3015
3973	2258
2850	1158
319	77
3442	1237
3627	2128
2358	1881
1823	897
3160	1878
2673	2108
3169	1380
4015	3341
3207	1622
3802	3676
4684	2523
4021	2000
2691	1007
4552	1758
3510	358
2978	2798
3410	2061
3948	37
4663	1901
3804	3081
5127	3295
4473	3765
3636	2211
2065	1780
5020	2356
3169	2623
2539	1697
3249	3169
4178	82
2277	2257
4705	1290
4257	705
4960	236
4777	4608
2951	1697
4991	1460
4864	2372
4153	2749
4687	1447
4431	931
4285	3323
5188	4178
4030	3566
2919	1455
3420	118
332	129
2756	2581
4383	1441
4998	2240
4031	1378
4199	3293
1581	1293
5008	4165
4306	2408
900	422
2927	1010
2739	1299
4203	284
4466	4342
1758	1578
2211	21
1741	1137
3598	1607
4864	735
4961	2413
3015	77
1237	583
2408	1290
3815	599
564	429
5175	3834
1663	989
3169	218
3169	3071
3169	346
5219	1653
2367	878
2158	345
5180	4687
2064	96
5217	2419
1555	252
1819	1237
2709	128
3387	1197
4178	607
2436	1237
4625	1447
5188	2425
4885	1473
3489	3169
3169	2152
3549	1515
4466	550
2755	2158
4013	943
3212	3067
4130	2357
5153	3169
4125	2069
2435	923
4166	3984
1188	1034
167	96
5222	3804
4237	1505
4311	3204
3169	2961
4684	1237
4999	2756
4385	2240
1758	1696
4113	3169
4749	2850
3553	2539
2946	329
2709	166
3169	359
4973	4031
2586	1354
4973	4153
1433	989
5217	3317
3169	1393
3824	708
3478	1918
3169	96
4255	3644
5097	1421
2892	703
3804	290
2061	1237
4864	135
5157	1757
4777	554
3888	3015
111	92
2273	498
3510	1878
2258	1109
3029	913
4963	4117
3420	1002
4327	587
4766	1533
931	913
4085	92
4379	3648
2230	1206
3169	1959
1687	1348
4260	260
1581	845
3643	133
4275	1318
3643	1274
2936	2158
1359	966
3654	3573
2961	1779
1983	1686
3069	1664
4473	3291
1022	897
4864	3192
1070	1016
2558	2110
5156	1515
3591	3169
5215	836
3676	469
3169	2660
1627	555
1237	749
819	773
4962	4546
4332	2357
4149	3291
4734	4144
3548	1449
4853	3957
2603	276
4973	4943
3323	2318
2318	1270
5251	2902
4864	3573
4130	2273
4193	3566
4963	135
2998	2154
3169	37
1455	45
4595	3510
2629	1566
3553	1127
4089	5
4236	2358
2318	648
3496	267
4031	3553
3489	1080
2258	1003
4973	2268
2358	1127
3648	381
930	663
4043	3643
4018	554
4513	3420
3937	2318
4864	1018
2157	2128
4542	3963
3904	3549
3802	1316
4107	642
3169	2730
3169	305
4823	4659
4864	991
4973	96
3055	1447
1555	825
4255	705
1237	430
1179	457
4949	3824
1931	631
4999	4885
3169	2772
3478	2289
2335	2303
3435	1583
4663	1895
882	177
4844	288
5109	700
3420	2332
5215	2673
4316	4123
3790	3220
1103	381
1675	1566
2345	273
2529	689
4777	1237
2318	1382
4154	1237
2166	1780
3809	2946
5238	4749
5094	568
2117	2087
5035	1581
3195	587
4935	1293
1931	1433
4466	2997
4752	620
5174	4050
2258	1176
2712	917
3204	2273
3644	2397
4656	3516
2603	735
2131	118
3730	1447
3169	884
2733	2589
2294	1025
3169	3024
5251	2085
5176	4199
3669	2318
4656	172
4275	276
4466	934
4076	836
1780	990
3906	2756
4864	1111
4736	1237
3906	2588
2240	1034
621	319
4973	663
2709	1353
4178	515
3882	583
4031	1433
3169	881
2332	1601
2756	2020
3835	1206
5241	2332
4546	1555
4752	4275
4863	3169
4003	3393
2749	2418
3622	2232
2808	105
2603	1049
3888	1687
4647	2987
1574	268
4979	3548
3169	2580
2108	92
1555	211
4628	1704
4723	2970
4949	4072
2273	350
2128	1717
4496	253
2240	1516
4728	4239
1206	816
1901	970
5062	583
3466	3169
1482	92
1549	1059
2017	828
1307	683
4343	2207
4973	3506
2673	1272
4571	1226
3995	1455
3323	2394
4275	179
2158	1494
4119	3504
1433	35
2774	1369
2477	2048
3169	1942
2892	2667
3169	2042
1913	579
2158	333
2432	1759
5008	729
2735	3
2154	1533
2623	845
4864	3045
3648	1881
4073	290
2064	1447
4132	96
1179	399
2258	294
4587	864
1240	662
4178	1653
2603	785
4663	495
1237	1195
3424	3410
5135	700
3160	80
2358	1481
1333	707
2850	1224
1971	1626
5215	1489
3478	1555
5172	1338
2673	1179
1307	1249
3596	1672
3454	1493
3169	3109
276	164
2390	599
5215	3596
2453	1070
2104	1741
389	245
4963	845
2224	1447
3169	2378
4988	913
3506	1887
4473	1758
1696	1656
2882	1237
1059	1033
5215	57
4570	3169
4879	4178
4799	1159
4666	3926
4789	1555
5064	1918
3169	1938
5195	4963
4275	3410
3926	2020
4013	2603
2357	2024
4608	1348
3548	288
4326	2510
2499	1587
1433	1427
3215	550
1555	684
1704	1622
3834	976
2735	1555
2301	2158
4178	3276
3408	1493
5249	4107
1718	1427
4864	449
1638	419
4736	1307
3052	1447
3169	1282
4739	3040
839	693
3529	2358
4864	4343
5125	748
5107	33
3643	398
4593	349
4734	1918
4473	1237
2158	1390
267	142
3169	1566
4379	3245
2682	2259
5222	1741
2776	2673
4864	2637
4342	3464
3331	1974
4623	3773
1758	315
2549	839
913	423
3038	2109
2633	1417
615	600
2546	1455
766	554
3483	3464
4191	917
3790	1390
3566	749
3317	218
5241	1774
5149	3653
3644	2554
1506	332
4963	4885
5217	4330
3169	188
3478	2158
1447	1206
1656	854
3220	2069
1978	777
4848	3927
989	419
4752	1237
4073	2774
3824	2827
4472	3169
3553	1376
3783	3637
4970	4663
2117	1753
1736	631
4244	3331
3169	1293
3169	1230
3835	2989
4902	1455
4244	3169
2915	662
3510	1555
3856	2654
839	719
3906	2424
4178	671
175	3
2318	905
5212	1555
4864	4152
5103	3907
658	92
3922	864
3973	1758
4178	2527
3699	3393
3000	2673
4963	1843
2870	40
4562	1555
4544	4178
4782	554
4178	1062
3016	1026
4457	1978
5176	1127
2318	246
2154	1697
3616	2078
4656	2186
4203	4089
4864	3352
3169	996
3914	1821
2892	1983
1237	855
3966	1696
2853	1741
2634	1856
2289	2158
3762	2915
4642	2978
4821	4438
4166	1447
4336	974
3719	3627
4043	3413
3116	2128
2027	1574
5215	4157
3627	2694
4736	4727
1608	881
2539	192
4879	2064
4734	700
3780	2925
4971	1211
2117	345
5062	857
4737	1741
2519	1010
1622	911
2642	991
3293	1965
4785	777
4864	111
2776	453
2971	2258
2001	979
4539	990
5043	1718
4153	3458
1025	663
3928	1127
1752	1196
3169	369
2158	1002
399	253
5251	5007
4700	2087
3317	1948
2589	1755
3782	1757
1206	294
3071	249
3917	2258
3747	45
5174	1730
4891	2318
3169	1810
4327	1533
1952	457
4213	3169
3109	602
2207	1080
5047	2282
1821	693
2519	305
4260	3636
5035	3169
2030	1343
1007	642
5044	1425
5175	215
5134	2583
2318	40
3317	1901
2510	2223
3363	287
3753	3475
1948	1447
3753	1433
3926	1741
5020	2418
989	255
1555	345
4789	4736
3669	707
3169	336
4085	853
2850	1711
5010	3766
5008	1758
4825	4379
3553	2394
3893	2158
5188	1576
4213	1555
4385	358
5252	4899
2211	29
4178	2558
4849	918
4313	1206
1533	419
3644	1783
4244	1783
5241	4144
1945	1007
4379	1153
1237	174
4902	4663
3169	2452
3288	2756
3882	2393
1787	457
5082	1695
4031	3529
4035	1237
2394	96
4677	1002
4260	2065
4199	700
4629	4260
2158	636
3228	1030
3169	142
3169	319
2109	1741
3619	3169
4178	748
1942	1901
1627	1293
2749	2682
4513	1555
4429	934
1525	663
1649	621
4030	37
4562	3705
4970	1304
4018	1555
2863	2499
3769	1819
4963	1376
4072	3644
4612	423
2634	1472
5172	3169
1656	699
3420	1730
3705	1285
3649	1555
1928	1274
4123	1897
2158	705
4727	3598
3363	3169
2749	550
2850	1581
3834	1366
1601	177
2978	828
4963	1584
449	315
4864	315
3169	2980
4865	1555
651	284
3856	1387
2928	2749
2768	1574
3295	33
4466	335
4603	3753
3643	2279
3959	3598
3636	1555
4030	3529
2919	554
4031	253
4970	111
4241	3169
3778	3297
2749	642
1331	479
4258	720
3758	1307
3549	1157
3703	92
2425	1127
1944	1748
3080	1188
4562	3169
3510	2970
4971	1515
3907	3308
3895	3466
1130	353
4493	1237
5062	3169
3310	2192
4003	970
4973	2919
3847	3212
4167	3610
3071	1971
2069	1711
2361	1127
4076	369
3753	1918
2445	564
5073	597
1774	620
3158	2483
4307	2291
3293	1237
1584	133
3158	1931
3627	597
4178	3082
3429	3169
3835	2749
2864	1127
5254	2995
3700	2936
3644	1075
2749	276
4116	1759
3937	3207
3307	2258
4868	4155
3169	77
2251	1127
1697	1189
2977	2709
4155	1273
828	824
3169	1436
2294	359
3907	1574
3548	2550
4821	2020
4914	3598
1338	1082
4466	1744
2805	2279
4493	1718
3289	1455
2408	931
4026	615
4479	882
5156	2673
4407	4191
3856	2673
4947	599
4608	991
2422	1206
4447	1455
1581	1158
4447	2211
1555	1482
4973	1696
1947	129
4327	3730
627	560
5134	3331
4864	1587
3015	2332
2552	845
4873	2586
1366	1270
4998	3012
844	254
3510	2471
4085	2358
4974	1237
4958	680
3566	1369
4594	1780
2866	1482
3927	1931
2722	1555
3169	2885
3894	1856
3516	2579
2211	578
3109	1331
3926	964
2158	726
3856	1757
3045	1206
3421	2633
5089	3963
4958	233
1965	45
2303	1656
4864	1447
2240	358
5020	3596
1718	1473
2318	1390
3753	1482
2211	564
1493	1206
2158	1505
2542	1449
4656	2453
3151	2158
3207	3169
4237	1783
2927	1656
4847	3169
2394	1723
1557	1237
3169	1159
2258	1080
2529	2457
3169	533
4453	495
2038	917
2919	1705
3999	627
2925	2633
5153	1188
881	236
4988	2251
4116	1711
2211	118
4050	1610
5172	2318
5033	3553
1168	37
2020	1531
4495	767
5000	4031
3169	2052
2258	967
4656	4336
3220	92
1821	1481
2418	2258
1905	1478
259	92
4385	683
4705	1745
4427	1062
3773	92
1237	587
4177	2020
1723	1047
4030	2358
3686	96
2301	1237
4379	1780
2682	766
1821	198
2799	96
4119	836
1158	225
4379	4015
4613	2087
5241	2225
1918	333
3025	1555
2850	92
3846	2894
3598	3510
4528	3410
806	316
4734	479
1704	816
1748	118
4041	3413
2453	1868
3334	2103
3323	1237
2846	2263
3888	2808
3169	1082
4102	1520
2211	329
5035	3109
5150	2749
4723	2128
4436	2559
5020	2632
3047	1747
2539	45
2318	1493
4550	3753
4178	1912
3815	1070
4469	1482
2273	943
2085	1649
2989	2749
4785	3420
2457	1237
4144	1533
3283	356
1748	345
3028	2087
2987	2749
5160	921
1780	921
1723	1555
1533	1107
2358	1918
1482	1127
2254	1696
3291	3240
4013	2211
4789	1307
4311	1941
4970	2211
1338	316
5222	3169
2660	1447
3192	1206
4970	2301
3295	2072
4511	26
2482	96
5103	3754
3406	2408
4428	579
3553	2258
5236	900
5157	3459
4911	853
2646	839
3777	1983
4608	1518
4447	2258
2211	312
930	918
5064	845
3753	681
2875	708
4947	716
3334	1127
1432	255
2709	221
4552	3907
4864	3413
4473	2020
4021	3477
3230	3069
4454	2776
2505	77
4192	2579
4428	2853
4940	3169
982	600
3753	1752
4880	4864
4663	257
371	40
2929	979
5035	3478
3291	700
3620	3070
4608	703
3540	1882
5200	3169
5215	3158
4973	3475
3973	1489
4030	211
2479	2357
4608	2061
3988	2673
1649	244
1472	0
4663	4436
2673	1622
2510	2078
3169	756
5098	453
4684	2065
3169	621
1741	253
5171	2192
1555	1369
2733	2705
2301	2054
3730	3195
4727	1111
2827	2270
3644	1493
3548	2397
2971	1758
2201	1206
2749	2040
4734	29
5144	4577
1338	659
3454	615
3038	2633
2408	2040
3700	845
2623	2318
2515	1338
3846	2749
4736	1555
2623	2158
3998	2970
5103	1758
4469	1293
857	707
2970	1609
5020	1990
1224	37
3874	2230
3698	1273
4391	693
3611	3169
664	422
4954	1237
3160	1980
1905	627
1478	1369
3927	1663
1834	1489
1747	1127
2987	2877
3753	2425
1427	166
1608	1493
2945	1783
4700	1455
3973	651
2436	900
1574	706
4167	1075
2425	1692
4383	246
2352	882
4044	2870
4873	700
2989	2603
5185	850
3815	3352
4852	1478
1157	302
2258	2145
3222	1744
4785	2000
3510	2977
3630	2961
2658	1555
5012	3169
3904	33
3790	1237
3703	2139
1626	683
4973	135
4962	3740
1992	122
3846	1692
4178	273
2318	1505
5153	359
4864	1905
3596	1918
4612	2436
2971	2211
2364	1656
3619	2633
5125	3644
4178	2361
2173	296
4511	3804
4954	305
276	96
1834	1070
3169	1652
3653	2065
4275	2971
4436	3804
2416	228
1033	440
3643	2813
3762	3025
1901	1570
4457	2654
2663	263
2989	665
2438	2248
4008	1918
1096	358
2436	1270
3809	1819
2603	2451
3	0
4996	2211
5064	3323
5112	1978
5215	2258
2318	1002
2436	579
2240	244
5217	699
2030	1781
1783	641
3169	2554
3160	1535
4225	2632
4577	1758
3071	3055
3467	548
3815	1772
2586	1197
4612	1622
2559	2528
2106	1786
3331	1901
3012	1206
3648	989
2408	96
1533	1086
1663	1237
371	360
4189	2451
3906	1878
3644	2579
1274	264
640	578
3221	1549
5000	4295
4600	882
4954	4008
3500	845
2827	37
4462	3169
4191	3016
1047	700
2211	1574
1649	1002
3804	1996
2061	1555
4954	2850
3015	864
2451	917
3560	1985
4203	1758
3500	225
2408	2225
881	184
3126	881
4963	3619
4869	934
3653	92
1338	741
5175	620
2774	1902
578	564
3846	676
1348	327
4736	2947
4608	1538
2352	2186
4971	3551
423	40
3757	2211
4311	33
4973	3283
3169	586
4031	3203
4081	2408
2537	2052
5020	1772
5238	1489
4031	2358
4608	3228
4087	2361
5008	1482
2656	1555
4868	2358
3169	2332
4734	1786
4873	4656
5020	700
1753	448
707	332
2774	816
2036	1901
4466	2511
4236	422
3617	1151
2894	931
2240	457
2158	1212
3821	164
4466	2076
3169	2813
3169	3032
4225	1482
2510	2249
2669	2030
2457	839
2243	1656
3160	1747
2359	1237
5035	305
5175	4100
4311	3973
4469	2457
4513	943
4166	2756
2510	389
4013	599
3483	33
4383	1668
1735	457
4718	1329
5047	3015
1010	290
2258	1025
853	371
4546	2158
2521	1705
5242	2769
4257	322
3834	164
2542	1165
2705	664
2827	1224
3529	1086
2827	225
1901	1086
2603	1062
3295	3114
4552	2258
5077	4241
2258	1574
719	259
2521	1555
5236	4268
2258	276
3804	1338
3963	700
4869	1574
3598	243
2186	399
4165	4008
3169	888
4963	328
2158	225
2123	1353
3169	918
2207	29
2397	211
1429	676
3644	1375
1555	1047
3596	1224
3169	1212
3804	2139
3464	1237
2408	293
5046	881
3069	806
4954	2158
5160	1555
1627	806
4728	3672
4303	1629
1574	636
4739	77
1675	1331
4963	4728
2361	515
3888	137
2709	515
1230	1080
5174	3459
3627	2263
404	333
3197	1856
2299	358
5207	3889
3169	3160
3169	2170
3413	1978
4813	3548
1391	648
4864	3016
1081	1007
3598	2078
1237	346
1025	822
1736	824
1237	14
5039	1237
3169	1724
4552	2358
4811	3323
4003	1403
2945	501
3638	1918
2529	381
5063	495
5020	1928
5133	197
3753	708
2529	2453
1576	259
577	33
2549	92
3566	133
1087	964
4825	1555
1944	1343
3553	658
5103	92
5000	265
4073	2756
1265	319
2676	1293
4054	2774
4861	2158
4853	1016
3302	2863
4209	164
1176	1010
2332	1723
3045	1757
2258	597
4031	1486
4718	1022
1774	1483
3072	2358
2436	2069
3882	1555
2688	2258
4428	1685
2669	1748
3627	3169
4861	1555
4473	457
2853	700
2087	1447
587	148
4853	2528
3904	3548
1736	943
773	508
1307	359
3964	3864
2258	1277
4875	3888
4937	4178
5225	2158
3958	3683
5000	1137
4852	4767
2911	1127
555	172
2657	2632
4255	1075
2257	1237
436	319
4178	2179
2623	2020
3973	313
2516	1625
2087	1034
4864	2432
3169	329
3282	1022
4849	4435
4960	989
4937	918
3949	290
4864	1736
4327	2646
4268	729
5175	2936
3306	2211
2023	1471
3127	1992
2764	1151
4825	3169
1433	964
4963	3856
2076	918
4082	1983
3834	599
4885	3596
3753	2020
2263	2078
2158	290
2633	2063
4275	3875
4193	3686
707	20
3596	2358
4840	741
2393	1609
5020	2633
2431	228
4608	2936
3548	2240
4031	2663
1555	933
4687	4107
4178	3443
3169	3045
2989	2925
1237	700
5113	2103
648	448
1493	982
4550	3169
5135	2452
4853	2559
5216	4783
2755	848
4008	3644
2004	249
2654	623
3644	2065
1481	174
2983	2936
4677	4082
2634	1489
4617	4178
2308	2158
1928	700
4765	1555
3777	1338
3757	3169
4031	2845
1758	1096
1741	1663
316	119
1022	905
1446	164
5241	2589
3063	349
4123	3894
3169	496
4677	943
2749	2232
4825	2521
4178	2673
3478	3289
4478	1335
2989	2764
4393	3610
2258	977
2863	664
4958	994
3644	1901
5064	2709
4954	2117
2995	1535
4734	3653
2318	1628
5238	4949
2109	1479
2936	1974
5236	3028
3212	1262
806	556
5215	3824
2539	1581
4789	3758
2902	213
2682	2258
4659	4202
4608	1479
5077	243
5188	2679
1307	335
2318	129
3510	319
3420	2505
5062	4873
2661	257
2065	700
5113	3644
5222	2367
707	587
1952	1723
5173	990
5172	552
5000	640
2528	1205
4677	1696
5110	3169
3698	641
4257	2158
4316	2634
1779	1427
1555	1374
4055	4032
4207	4085
3548	3008
3914	3240
2899	2749
4379	3573
2104	1442
2646	705
2623	1538
4608	1493
3169	2225
1213	105
1768	233
3295	1124
1176	766
3598	3169
1447	691
2418	1010
1240	1216
4275	856
2441	1843
5215	5163
5049	3906
4427	1769
1331	845
4031	990
2970	1348
4478	3834
1752	1482
2301	1478
982	253
1774	1649
1533	1237
5064	1581
4428	782
1555	1447
3271	2418
2109	1478
3323	1224
4466	3345
4970	2603
3998	707
4178	2504
4727	587
966	525
3107	122
3703	2069
4026	1454
4198	3927
4875	5
1307	972
1901	1697
1493	1080
2936	726
2539	1455
1774	762
4899	457
1511	1293
3113	287
3846	931
3596	1189
4043	2518
4085	1718
2249	319
4244	3834
4275	3619
4899	1018
2020	1752
2983	2432
4687	3059
4785	3874
1555	517
3721	621
3517	1570
4225	3596
4600	2961
1583	1237
2927	2749
3987	1131
2776	1237
3937	1555
3619	2211
2756	815
3562	2289
5236	422
4237	410
4473	2559
1555	367
1555	129
4207	1910
3336	3169
2673	1692
3169	600
3780	2318
2164	1249
3283	111
4972	741
3169	1103
2589	986
3025	700
3169	237
5188	3306
4427	2422
4608	4546
4642	3548
3203	2945
1918	305
1609	1555
1279	1043
1705	446
1237	836
2418	1757
4864	4473
4604	1656
2738	2318
2821	2318
3596	1574
3829	1878
1111	707
3703	1588
2946	1555
5107	265
4054	662
236	111
700	457
1649	514
2065	1489
4784	881
1723	133
5211	4864
2539	1127
3762	2903
2484	111
4337	3169
1823	1737
4928	2211
1237	943
2749	2117
3454	105
4613	3169
2989	2674
3350	1759
4008	845
4467	4268
4600	1574
4864	2378
4113	2518
4961	1237
1947	1600
4383	1656
3420	1226
3529	1780
2158	659
4102	2429
4142	2207
5113	2961
3863	1622
4085	2764
1455	137
4813	1555
4393	2593
4472	2654
3459	362
5113	2688
3469	3169
4634	3644
3644	2593
3824	1127
5242	1489
1481	253
4879	3643
4613	3553
3169	2700
4784	3553
4116	4013
2966	221
3345	1780
2243	1758
2749	994
2109	2069
5195	4113
3778	3601
473	96
4663	2581
2516	77
3968	3169
2065	1622
4271	517
3012	1704
3754	111
1983	1237
4864	1274
4178	1911
2989	881
3169	2548
3810	1735
2257	1338
3596	2850
881	363
4379	3654
4718	3302
1237	92
3169	1087
748	676
4656	1627
4385	3015
5035	2827
4013	1723
2266	1447
5153	3116
1779	1013
1354	816
3598	358
1656	1047
1087	921
3169	785
5037	4864
2357	381
4113	2464
3790	3464
4258	2361
4447	4275
3788	2030
1656	1515
4546	2318
976	640
4759	2136
2927	1758
5062	1520
1704	1493
4342	3824
4864	3804
2064	1574
5251	2263
4153	453
4765	4608
3835	2258
1489	651
4899	334
4718	2499
4848	1663
5163	4973
3820	620
5109	253
5215	2892
1506	620
1775	164
2769	1127
5215	2663
964	40
4331	1455
5127	832
2425	2020
2881	2673
3753	1931
4067	3894
4874	305
2361	720
4144	620
5046	2158
3504	1905
3788	1343
2201	1757
1912	1775
3478	1158
3540	1490
3963	2417
4739	508
1723	1649
4313	2264
2192	1506
1043	666
2559	922
3998	1947
1206	597
2482	600
2318	1609
4864	2656
3454	294
4620	4237
2850	1502
1753	1224
3835	1757
3116	882
4154	2749
3510	1265
3834	29
2709	2510
3627	3160
4026	1735
1798	468
2590	77
5242	3643
1299	853
5125	1331
1555	1212
4285	979
2881	587
5219	2078
4178	544
4089	2258
2657	2266
4749	1905
2020	994
2453	806
3169	31
3032	2473
4544	1741
2158	1723
3821	2020
4961	3907
3442	2768
4864	1335
4275	582
2358	1780
4436	1718
2870	905
4656	640
2017	1377
1692	179
4802	1531
3644	809
3553	1821
3169	2436
4852	2069
2052	118
2971	2749
2109	1270
3622	2518
4864	2764
4601	1109
2078	1878
2231	2158
5188	564
964	135
3160	319
3637	257
4031	1821
1211	33
3981	3169
5215	1905
1912	1010
4043	213
3686	2917
2130	508
4149	1780
2158	38
4144	2735
1447	683
2997	1025
3038	1555
982	315
4604	515
3596	1622
1555	600
2258	2243
5031	2413
3610	1075
3926	2425
5215	519
3169	2363
4641	1947
1901	1555
4834	695
1692	1429
4478	3410
3856	2211
1520	1107
1502	1331
5196	3478
3067	2842
817	663
3169	1395
4385	700
4451	973
4749	1622
5241	3169
2425	1433
3169	695
4518	1578
2258	1817
1774	658
5064	305
2211	276
3888	1025
4727	659
4295	3169
2673	1237
5238	717
1757	1736
1947	1338
5174	1610
3151	2318
1472	1237
4873	172
3657	2633
2318	2158
5215	2482
5176	358
4802	1331
3109	1481
1555	151
1574	244
5046	4608
1574	516
2318	1095
4949	1905
2173	1555
1111	252
4440	513
4999	4166
3627	762
4403	3478
1016	362
2945	2936
4663	3553
2765	2623
2087	423
4587	773
4257	2641
2192	363
4076	636
3169	1711
1780	1758
4988	2258
1533	1447
1912	1780
3914	700
3618	989
2589	1237
4676	2211
1080	1058
3773	1533
4464	2178
3926	1555
3683	1555
4187	4086
4454	1901
4116	1043
3169	1427
3243	3127
4326	2505
4734	4008
3677	582
5007	508
1990	1447
5073	3169
2902	2849
2641	335
2529	276
2945	2700
2641	1601
4073	1493
2936	1555
3835	1447
399	172
4954	3169
4562	950
3700	3598
2516	1796
1377	828
4864	4026
2769	1515
1237	385
3474	1127
2453	1775
2308	1555
1758	941
2186	1179
4960	404
1489	1157
3517	2515
5017	4458
1555	717
3368	2516
4687	1990
4962	1705
4236	1455
1555	1538
3363	0
2864	599
3169	431
3630	2048
4935	2919
773	228
5207	4428
2827	708
4813	2358
5077	2123
4556	2240
2318	1116
1455	869
4759	2556
4666	1746
4178	4143
1516	923
3780	882
3277	96
3553	1533
3973	384
4165	1918
4852	3038
3596	2268
992	918
5232	3648
1058	693
2436	2351
1331	1131
3907	2393
1798	730
3540	819
4869	1948
2742	1479
4469	3169
5010	3643
1574	276
2915	2417
3804	1420
2054	1206
4961	4295
3998	648
4875	2665
4864	1804
4864	1823
3088	1566
3906	2902
737	597
4026	700
4990	419
4116	978
3998	741
2632	700
2602	2258
3169	1442
5188	3821
3012	1249
1127	517
4454	3754
2673	1068
4649	3598
4879	615
5241	2158
3856	1206
3291	3283
4275	1047
1359	164
1878	1774
3169	1179
3169	2952
4275	3637
2358	92
4306	4275
2475	1353
1237	1135
4178	2679
3481	2263
2633	1186
5115	2065
3627	1878
2384	662
3368	931
4178	562
1878	128
2273	1533
3040	1555
4089	4054
2157	621
3740	3297
3553	1307
1757	1704
5007	870
1157	858
5103	600
4571	137
3617	1421
2173	221
4973	3458
3454	229
4899	3464
2579	1741
2416	819
3566	1819
4285	1455
2117	92
4332	1237
4327	1574
4275	220
4316	3894
4193	992
1653	228
4085	2394
4402	3998
2870	2623
4425	1206
1603	937
2589	2559
4663	105
2764	2158
4116	3747
1254	118
3458	3047
4663	2207
1025	387
4752	4031
3626	601
4393	3113
4873	1735
3169	636
3169	705
1759	96
3762	2519
3762	3289
3169	3055
3863	2358
1555	217
3804	1186
4999	979
4971	3549
5103	3648
3289	2273
3893	1878
5098	2603
3029	1992
3072	2749
2559	933
4402	2416
3454	1772
2158	1947
4608	4339
2755	1555
2158	1116
4428	1070
2798	1377
4203	2258
3540	2431
1918	1331
602	305
2764	1757
4806	3169
3215	376
4152	1758
5135	5109
5217	4402
3637	1390
4864	1096
5174	4041
2318	225
4013	1555
4511	969
4845	966
4293	4178
4845	1965
1034	96
2394	92
1080	825
3169	457
4963	229
4971	4813
2419	1555
5098	2559
3012	99
3323	2170
2167	1816
3988	2633
3790	1588
1601	705
3215	2318
1338	881
2971	2564
1588	578
3169	1743
5249	1237
4428	2881
5018	716
3478	1274
3654	319
2570	1656
4727	4608
3323	1206
1918	1502
1555	836
2589	1768
1555	1102
751	359
3672	3310
1109	288
1555	381
5217	3169
3637	964
2915	2158
3459	1129
1080	985
3904	2072
4620	3713
3169	2431
4583	3803
4962	260
1696	438
3306	1049
2902	1774
5254	3627
5020	1705
1821	1127
5249	798
4864	3245
1735	399
1622	1478
2749	1047
4954	2827
2078	1265
1935	881
3169	707
5047	3874
1148	77
1711	1158
4663	1374
3672	1696
4428	3815
3368	1692
5074	3672
4879	979
4813	4677
3190	3169
3116	777
4752	857
2484	1127
2808	1779
5175	3694
3169	1953
2318	1985
3644	870
4562	2318
4199	1965
5127	1935
1736	1007
4864	941
423	38
3363	2466
2583	1334
848	381
4257	1265
659	583
1472	3
3753	1087
5125	2069
3289	2258
2425	964
3963	2318
4850	828
4332	3169
3408	3169
4205	2633
4178	2432
4973	1923
3988	3559
2258	550
4963	2824
1757	941
3169	1233
2929	2903
1773	1743
3834	290
2356	2258
3762	3548
5236	3291
3421	1555
3045	2087
4962	1316
4612	40
4752	1668
758	319
3753	1750
4123	2358
3345	623
4961	1757
1359	33
4085	1237
1483	516
3323	2709
2215	651
2416	1495
3735	3169
2892	917
3636	3169
4864	294
3618	653
4275	4100
2945	336
2020	382
1555	279
4973	4577
3834	453
305	166
2240	706
3882	707
3421	1393
4864	3235
1996	1338
3215	1307
1779	328
3824	749
2054	1237
3169	1048
4403	3331
3095	2738
1781	1354
2240	695
3245	1237
3091	1990
1918	602
3447	2749
3959	2170
3310	2554
3644	2266
3410	2211
3345	1206
2863	1705
3126	1758
4853	601
3483	2490
3637	663
4454	3618
3753	2894
2881	1758
1758	1261
5153	497
3973	3904
4963	96
4641	129
3413	2192
1821	92
3803	2452
2158	858
1159	742
3266	924
1687	659
3169	1672
3368	748
3402	1696
4784	4493
4237	2987
4343	4275
1686	1111
5127	99
2358	2356
3926	3297
1780	1473
3510	1796
4864	4857
1002	322
5160	1168
2109	857
2673	1697
3015	252
4178	233
5238	601
4178	333
4379	1868
2589	1810
4891	2936
3169	2130
1780	1218
2552	1502
4623	1741
2453	751
2665	2294
5124	3907
4275	1082
1043	665
4128	1533
4874	1224
4383	2474
4864	1696
2673	779
5077	3160
3169	257
2357	1895
1218	356
2946	2339
3892	1479
5239	1049
2452	1723
4608	1555
4873	525
4656	457
2864	1786
3949	858
4478	4178
4518	819
4864	4577
2448	294
2263	1059
2603	1046
4666	1080
4608	2301
2870	703
4834	1312
2709	2078
3998	1600
4519	1265
5236	4236
2211	1985
2192	449
1736	966
2211	580
2632	2003
2318	836
1931	1087
5112	1555
3169	594
4306	2207
2853	1515
5215	3040
4864	2110
3888	3275
4916	1376
4767	989
4478	3749
4663	381
5150	2483
4076	2052
3207	3143
4260	3243
4193	2663
3616	40
4542	1447
2673	1843
4419	2318
2679	839
1758	1545
5241	3753
1589	599
4828	3998
3169	911
1741	1179
4663	96
3553	2529
5008	3694
1588	1237
1427	1087
587	254
5071	2258
4473	2417
1736	662
3719	773
1697	369
2529	1359
2158	825
5188	4899
4332	3803
2902	244
4332	319
4435	1331
3137	2679
819	228
2892	1570
4642	4274
1493	1454
4275	1274
2765	118
3548	2542
4100	1555
4849	345
4958	4178
2158	498
4864	2047
4332	3477
3283	1218
1447	176
4220	92
2603	2108
1868	1082
4076	1555
4653	3169
3988	2623
5020	2877
2970	853
3289	1555
3459	2559
4013	1206
976	620
4447	1750
5109	2192
4257	2408
1359	878
3644	560
4723	3699
3644	3611
4971	3973
3017	1753
3729	1952
2826	2358
4546	2417
4427	4076
4116	1983
1489	240
2309	259
4864	1218
3875	2749
2749	40
4393	4274
3562	2109
4402	1348
4973	2445
3291	2358
5133	2870
2211	1076
3834	3677
4767	1588
5215	305
4043	2318
4043	2158
4723	2588
4081	4021
3998	2318
749	481
2749	703
5094	1495
1237	345
2352	2078
5043	700
3906	1774
3882	1111
4825	2318
4306	3028
1316	1080
4385	815
1299	77
4466	1127
1555	1397
3888	641
5254	1649
3643	334
3323	2549
3566	2742
3295	2853
2519	1533
3729	2211
4746	96
2422	519
3291	423
4868	3762
3114	1211
4178	3927
2318	498
1942	663
4157	3927
4663	1983
2523	832
4495	1505
5238	1753
2431	2223
5133	2024
1918	1581
3172	2291
5175	2718
5225	1555
3240	2673
2441	1622
2117	1224
5163	2749
1853	326
4963	1649
3169	3143
1447	501
3116	2518
3169	1013
700	399
4608	659
4081	2457
1992	1080
2393	1338
3169	2003
5062	2266
4961	976
4244	1206
4102	1086
2408	881
4870	4178
707	129
4117	77
4054	495
3783	1555
3517	3169
4885	3617
3169	2742
4606	3097
1420	707
5020	2108
4435	3109
1531	943
3302	1022
2642	1047
4237	3413
2117	1482
1753	1047
4663	294
3598	3368
1217	924
3619	2258
869	164
3015	641
1010	113
5077	1653
4940	1757
1649	1601
2326	599
3393	970
3959	1555
4071	1656
2318	175
4054	2394
2165	457
2453	294
627	142
3169	1008
4988	931
2892	717
3378	773
1237	501
1338	332
1772	615
1974	105
5219	319
5133	3025
3169	1314
4922	1773
4868	916
3643	2915
5113	4600
2232	1978
4687	2211
1753	1127
4473	2258
3644	3467
4116	345
2318	930
5173	3644
4971	3904
1787	96
335	218
4736	3169
2749	2700
1506	129
4781	96
4666	2318
2224	2069
4383	1087
4659	1249
2679	356
3169	2644
3038	1481
5064	517
5103	597
2978	1377
4263	881
4954	1502
1555	40
3700	2393
4939	4577
3648	921
1692	931
4971	601
4608	1531
4294	1736
3619	1741
1482	1376
3947	3169
1878	339
4970	4425
3169	1189
3317	1574
2318	1947
4987	2449
1026	631
4864	2866
1483	359
4666	1237
2987	1179
3169	195
3956	1237
4195	2705
5017	2528
1555	979
5215	4971
3277	92
3158	1533
5039	3169
5215	5046
2318	1338
1010	731
1798	273
4849	2749
4072	2270
4653	4178
4608	3882
2749	2453
2479	1757
2358	260
3689	990
4295	3038
4864	1974
4963	3109
1348	1313
4864	2393
2527	773
3627	213
3280	663
569	487
2357	931
4275	550
4975	4947
5174	1736
2892	627
4332	600
5033	544
3705	3363
3195	2207
2749	854
4342	915
1022	600
4112	1784
4853	3549
4736	350
4813	4469
3914	3566
4785	2332
2539	1758
4864	3737
3626	2853
4663	1447
3917	1131
4018	2289
2798	1717
4641	3669
5217	878
3169	2827
3243	1304
2318	1158
5046	1493
3169	955
3998	1338
3410	1493
4663	276
4260	1555
3553	2362
3627	2223
5215	2076
2065	1127
4789	2318
3630	1129
3654	1421
5188	2654
1211	601
3169	1420
2579	1533
3169	708
4864	2600
4612	1780
4885	164
3458	1151
707	4
4864	1653
5217	4869
4258	2552
5215	498
1206	615
2915	766
4601	3847
4287	4178
2827	989
3421	3169
1627	1179
5160	3596
3059	642
176	45
4552	2802
4539	1237
3549	1941
4113	4054
3114	1941
2258	45
3069	316
2673	2418
5232	1533
1836	1656
2158	1493
3429	992
1433	923
5217	4663
2673	1782
2110	830
5112	1695
3846	2425
2579	989
1712	641
2928	218
4663	2756
4655	3169
4467	2397
2902	2157
4258	4087
2273	1489
4687	3644
4178	1210
4178	1346
3323	1905
1574	905
4864	1743
2765	2158
5188	2416
5094	1705
3810	172
1860	1656
4879	4864
4658	881
3169	839
4200	1531
3553	600
1482	1237
1482	236
4864	665
2756	1210
4615	718
1649	213
2977	2264
4929	1489
4030	992
2318	1293
3127	1811
4864	1277
3169	3025
3478	1581
4123	1622
5049	3160
4736	2158
4943	267
3815	2842
4030	1486
845	305
5176	3368
4615	2123
2663	1237
2870	1087
1680	260
4316	133
1003	164
2063	1901
4491	3131
3700	1531
1890	1489
2902	1878
3169	2173
3963	1338
1224	92
4113	985
1354	1206
3363	3
3672	2139
3169	453
1331	602
4275	111
1124	498
4528	2537
4608	3780
2418	1656
4117	1758
2799	1741
4655	2633
5163	2207
2358	830
3522	1447
3987	729
1723	1472
3158	315
1942	819
3323	1786
5251	2128
1996	1516
3846	1429
1758	977
3492	823
5081	1868
4705	1554
4608	1711
453	164
2040	1483
2117	1193
1878	1353
982	53
3963	3169
1338	583
4864	1555
3719	1649
4275	1772
3454	1454
5112	4237
4257	2332
4026	720
4656	3972
2902	2104
4734	3109
2861	329
2128	76
5103	2484
3919	648
1758	597
4102	1901
2603	1942
4853	99
2654	1348
3631	2756
4608	2318
3644	2418
2158	118
2408	718
4935	1555
3548	3271
2827	92
3627	244
3458	453
4166	727
4383	1025
2633	1249
1007	631
4736	1127
3459	1070
5133	2515
2258	1047
2211	991
2656	2318
3109	845
3107	2673
2892	1377
2048	38
4971	1157
3169	1131
1390	302
2559	1129
4864	2339
4385	3758
1603	1555
2432	2282
4275	1692
4469	2087
4663	299
4849	2117
3114	1489
1773	1165
3987	3169
2665	359
4031	3255
2078	213
4428	2453
3998	2515
4663	3475
2776	2258
1516	1343
3644	515
5090	3804
1489	1482
1717	1377
3478	225
3331	302
1348	1338
1237	26
2673	2395
4546	1127
2765	2020
2989	2211
2345	468
3846	2258
1417	1302
1447	913
3028	418
2318	1600
1736	917
4962	4473
2457	495
1741	498
4749	2539
4864	264
4379	329
4954	4874
2186	700
2515	1420
4864	1626
5046	2318
2827	82
4899	279
3754	1218
2902	636
4785	4385
2749	1447
1343	490
3169	246
3762	133
3169	1886
4661	1455
3243	2318
4873	2358
2989	1493
1111	601
4275	4071
4332	1781
4236	900
1535	177
2673	173
5249	92
3705	2655
3510	1774
5157	3815
2128	339
4113	2590
2623	943
3442	678
1010	855
4205	1224
5172	1506
4687	3998
4462	3864
5130	3548
1581	964
3527	824
4054	3894
1237	316
4864	4313
419	139
4263	2749
3644	345
3627	339
1705	703
3553	2207
2709	2123
2318	350
4016	2318
5020	419
815	31
3644	3059
3769	2749
4117	2749
1928	1881
2559	665
4813	1357
3804	1404
1609	707
4954	3109
3240	453
5012	4862
4342	2673
4339	1555
2211	571
3790	3038
4677	2394
1796	1625
4263	1758
3510	2516
1269	1237
3116	3080
2273	2052
4316	118
2552	328
4454	2842
3398	1555
1555	1493
3475	1482
3926	3413
3630	1452
3777	1237
3402	990
4953	970
2186	555
3109	1918
5242	5238
2240	463
4723	2123
2065	111
2749	774
4874	4849
5035	2066
4178	3906
1555	819
288	4
4213	2087
4393	1075
4634	1075
3653	2358
3204	599
2881	599
1780	1588
4873	627
4244	2441
1628	1555
3683	3169
1068	179
4113	2559
1741	1704
1744	749
2694	319
2902	1265
4285	1965
4085	3648
4407	1007
5064	3500
2505	96
3478	1395
4971	33
3025	254
3025	2063
4454	1974
4885	4823
4519	1774
3856	1758
3783	2318
4864	1013
2843	1717
976	92
5157	4178
2641	1723
3839	3169
881	449
2881	1451
3291	2436
2158	600
2970	2158
2709	1033
3548	181
4594	2673
3158	1555
2749	1471
2065	900
4943	3496
4435	1502
4990	2258
3596	1481
4734	1704
3644	2679
2352	1126
4611	2468
4385	3321
3270	96
1555	212
2393	1348
4784	1081
2863	1608
4343	1493
4257	2394
1780	989
3220	1237
1206	1047
3644	3109
2123	1678
4089	4032
3392	2085
1059	319
3804	197
2919	299
1555	940
3160	2902
3352	1387
4237	4043
3834	2981
4751	3753
1931	931
1420	552
4847	705
5020	941
4128	2579
1273	359
1711	346
4472	1447
4963	4687
2453	233
1455	1010
4295	3291
4473	3968
4466	3906
5215	328
3410	2749
2749	1336
2987	930
3283	1775
4813	1473
5127	3512
1158	37
5009	1985
4615	1348
3853	3740
2322	1527
4050	4041
1780	515
4625	2087
2505	1447
4385	2363
3215	1237
3780	2158
1429	992
4734	1622
5217	276
934	453
4736	2157
3055	2749
3917	3643
3295	1157
5046	2361
3747	288
1574	358
4244	453
1736	1081
4944	1421
2843	2017
4864	1545
4331	550
3323	658
699	96
4195	2537
2527	819
4258	717
3596	1780
1524	940
5242	1211
4165	2850
1649	440
4919	2128
3454	1489
3169	356
1780	1718
4592	4385
1813	1481
2451	1608
3169	1425
3071	1649
3091	1237
1868	1135
2510	2362
3015	1687
4874	3169
3169	1331
4961	4864
3846	964
3321	864
4899	4043
1080	1062
4824	1555
4015	816
5103	3283
4625	1318
5207	1531
3553	3317
4016	1555
2258	1578
4031	2657
3420	662
2416	1947
2451	1723
3169	410
4496	3914
4663	4542
4781	3169
5034	1566
4440	943
2915	1307
1555	1158
2258	1925
4054	118
3984	934
3363	2755
5176	1965
3596	1127
3804	3643
5061	5020
2211	727
2313	82
2516	2128
4085	2589
4071	2207
4651	1274
2258	1589
2749	2063
4954	1918
1127	976
3907	315
1942	773
2665	886
4071	2749
3669	1555
4054	2158
3169	508
2488	1111
4620	4089
1600	129
4008	3109
4275	4056
5062	399
2861	1537
2749	2422
4949	708
5062	4727
4379	3169
4565	2987
4975	2279
3169	1739
3963	2970
2030	1944
5098	4275
1290	315
4255	287
1478	940
5008	3644
4275	3306
3107	1757
1237	595
3753	931
4158	2258
3999	1555
1971	1913
3169	845
2408	600
3169	1947
2318	662
3596	1555
5082	4785
2554	218
2559	2048
3669	2970
4407	662
3906	1237
4274	1717
2408	135
3169	2776
4144	989
2104	636
3686	695
4260	3917
1581	135
3137	1062
3653	1237
4287	3169
2069	92
4999	1273
1290	719
3160	1265
4572	4207
2435	554
5008	2258
3169	1240
3228	2987
4513	4013
3669	2158
2003	1010
3526	1712
4783	4723
4874	2201
5020	55
4128	2899
2850	602
1838	992
3888	3169
4214	2211
2158	1293
3793	693
3637	2876
5215	516
4307	3169
5172	1947
2040	1574
4385	105
2223	658
1990	700
1574	815
4802	1333
1741	37
4464	662
2641	2510
4849	225
2906	706
2776	2764
2945	2192
4864	910
4973	138
640	14
3810	1179
3596	2952
1237	1086
2510	1695
3923	495
2902	440
2273	1512
4385	3169
4447	599
2211	319
4123	1856
4659	1010
2158	707
2657	2273
2418	766
2030	1008
4874	845
3914	1663
4496	3291
1882	773
5215	1990
3137	236
4085	1780
4469	659
2589	1460
5033	882
2673	1064
3173	319
853	707
3783	1237
5115	4031
2902	762
2829	943
1367	1237
3158	1663
2393	992
3906	2846
4467	2552
2974	1447
3413	641
3654	96
4316	4054
4634	3113
3038	2318
4031	1312
4466	170
4166	1206
2756	105
4647	4157
3939	3169
2087	276
2408	29
4311	1157
3169	467
3331	2173
4123	481
3516	1086
5090	2832
495	381
4864	3204
4528	1705
3243	449
3466	631
3753	1692
4656	1150
2749	2739
3158	240
3681	601
1511	900
1723	552
4466	582
1482	651
3169	105
1745	1131
3475	1237
4041	2542
4112	1696
4811	4178
2654	1696
1860	1757
4260	92
4466	3901
4988	4546
1837	1505
4853	468
3984	1897
3025	1425
2749	2656
1237	373
4687	1741
917	659
2266	700
3212	1934
1555	1385
3907	597
2158	350
4519	1695
3988	2552
3169	2464
2318	1442
5094	2351
5150	3169
3644	2358
3601	253
676	40
5215	3063
2983	1369
5215	4085
3864	1758
2410	468
5175	4864
2366	1206
5135	825
4153	2154
4044	3169
2529	2468
3169	3125
2755	381
3653	1455
4944	2589
2700	2258
3636	2158
2945	2749
2589	1340
1420	1338
2313	1273
3875	2987
1417	578
1868	1153
1087	40
2665	177
1759	911
5043	4825
1656	774
4727	615
4957	3169
3548	2461
3875	2211
1629	1348
4041	3790
5219	4519
4393	2843
1179	172
1070	119
4402	2515
4166	1555
4864	1942
4874	602
5180	2417
3500	2117
3773	2435
2764	1237
2661	316
4987	4799
1753	717
3601	1663
3240	1663
5153	882
3028	1537
2774	978
4879	742
3169	2419
4864	510
2623	1433
3478	1293
3649	2158
2718	2258
1544	1068
3169	751
2542	777
2479	2258
4666	4478
3601	525
3169	2755
4452	2158
1901	1723
2158	177
3169	2231
2052	1455
1656	881
5172	4864
4293	3197
2552	1482
3610	287
4273	4178
2438	2356
1723	979
1769	700
3988	1531
2318	748
5062	4026
3762	1186
1718	1237
4008	1331
4440	1739
3643	2164
1947	174
3280	2258
1249	741
4849	2827
3626	651
5225	1168
4656	1179
1697	943
4752	1270
4861	2024
2894	1931
1996	1169
1965	966
3820	3598
3171	118
4563	3345
4736	4603
2603	1780
3028	2861
3754	356
1237	1070
3282	897
4727	2393
4383	2139
2756	1393
2853	2215
1952	31
4628	3169
4608	3683
2264	2078
2078	244
3215	3169
2654	800
3124	138
4864	3052
1697	599
2518	96
3553	1080
3835	1680
4008	305
3782	3169
3169	3158
3630	473
3455	473
3740	3477
463	96
4237	1978
3016	1736
2877	2654
2358	2104
1813	700
4572	4507
2673	1578
3907	1696
4865	3596
4178	4042
3410	3169
3689	3025
707	252
2364	1494
4081	2240
497	319
1581	37
1080	118
3624	1741
3566	1755
4479	2665
3630	1956
4608	2393
2240	299
4031	3566
4849	3753
5020	2361
2158	1230
4205	1905
1333	693
4030	1312
5130	1758
3169	741
4642	2798
2853	1482
4608	3243
4220	990
5124	1603
4608	166
1980	436
1685	1070
3169	1387
4849	4205
2853	1686
4144	1369
1206	266
3888	623
3907	1010
4407	3016
766	607
4429	164
3644	3482
4157	2863
4519	2157
3894	2903
2258	2047
3753	964
4236	111
3000	1197
4577	2258
2905	1974
3322	3169
4383	2358
5241	2318
819	516
3438	1338
5219	3160
4562	2966
4178	2299
3459	1723
3015	2846
1331	309
1555	1111
5172	254
4608	825
2192	244
4166	3000
3169	203
4306	2211
5049	1265
1923	1387
2774	839
3323	3015
3649	2318
1087	798
5167	1574
2065	92
4458	564
2258	1369
4239	299
2808	1974
4977	96
2657	1393
4253	4198
3442	0
4435	1905
3169	655
4825	1718
2850	2709
2633	418
1158	517
4178	2799
2946	315
3169	2054
1533	448
4954	4116
3215	2452
4960	333
5020	631
5127	1834
2211	771
4166	3151
5175	1753
4275	3966
1420	741
2258	1780
3169	135
1111	583
1493	816
1758	587
4853	1129
3834	3308
4496	1741
1473	164
2554	1013
1206	1064
1348	583
4054	658
1555	700
4608	595
2748	2704
3804	2063
3169	2064
3029	1127
5064	1158
1157	1010
1743	1447
5020	4687
1804	1555
1127	92
4864	2301
2277	587
2902	1442
4389	2158
3973	33
1938	1151
2001	1307
2240	1254
4113	3894
4316	4113
4237	2510
4961	265
1318	179
1555	142
2064	1082
2980	2919
4864	2945
1316	693
4601	288
2435	2289
3392	3169
2589	655
4428	924
3331	40
3566	1237
4178	1806
705	142
3466	2240
1213	815
5215	33
4598	2207
5109	1270
2539	597
4970	2824
2170	2078
3527	82
2192	1511
3169	2345
1237	579
4608	3963
5107	4102
2076	615
3596	2853
3773	1588
1769	519
3548	485
4789	972
2633	1127
5090	707
4366	2700
1600	1338
1881	1780
4998	1554
3926	2318
2258	1963
5081	663
700	615
2065	139
3888	1273
3637	1290
5215	345
2085	688
4954	57
2735	1237
2358	1695
3617	2661
3927	3601
2623	2483
2358	1928
5081	3230
1331	92
751	244
4263	1277
3914	253
4428	1301
2802	1878
3197	133
2765	1555
726	166
4447	2881
943	184
5200	3894
2065	705
4295	2358
3169	1273
3589	77
3169	1678
3616	2528
4369	2128
5115	139
918	265
3904	3114
5127	1397
3654	389
3467	96
3892	2589
4454	1129
2987	2864
4864	4177
4478	3000
4619	3169
4874	1918
4026	3424
1901	703
2232	1656
2211	762
3875	2258
4970	3987
2552	729
2864	2633
2158	1531
3513	727
3420	961
5130	881
1818	1503
5008	2552
3804	37
5145	4379
4089	4043
2408	587
4864	2602
4695	1747
2870	1555
5241	748
1481	1137
3169	1290
1390	1237
3846	3616
1781	979
4754	2654
3644	3474
5225	3596
2603	979
4885	4202
1506	992
1676	373
4263	2211
5063	1574
1527	578
5232	4663
3669	332
4513	457
3413	1773
1527	212
1778	1656
4178	161
4178	2096
3323	1158
2633	1493
1718	700
1279	666
3730	3573
4275	3307
1741	922
5160	1270
1723	756
3838	1952
4864	1627
4237	1952
3678	2787
3846	3643
4853	2764
4102	1107
1127	422
4352	3760
3737	2589
4849	627
3596	449
819	663
3844	2206
5150	1555
5222	4864
5172	2515
3070	2192
4947	4202
1574	598
1034	164
2048	708
1978	181
1433	92
2211	363
4402	2393
708	627
3074	1555
3279	615
3109	1786
3964	1990
2936	2457
4369	2263
381	96
3777	2351
4507	913
4428	1049
2781	1741
3698	249
517	346
607	564
1935	1555
3803	600
4178	2591
1741	1735
864	651
2258	620
1086	989
2436	1527
2977	213
4899	3619
5062	4656
4587	597
4054	1495
2510	358
1813	40
1413	1237
4595	1625
2972	680
3637	3321
2457	717
3998	1420
4962	2158
4577	3345
1736	699
2358	1455
2335	707
2705	1127
4205	965
719	260
2026	1705
1555	229
4275	4244
3197	2735
2579	921
1555	1494
4458	2211
4542	1574
1274	150
3553	2589
1864	1206
3408	2633
4013	2258
2158	658
5217	2974
2579	1520
4684	2207
1433	57
4185	3169
3331	1334
3151	96
2318	1397
4835	96
5062	1627
3321	2178
1983	620
2929	33
4117	2258
3998	1348
2673	2264
2673	2277
4663	2158
5238	1515
1482	964
3928	3169
5047	31
2642	2452
1493	122
2765	244
3754	878
2589	2211
1179	720
2318	1533
4402	1338
4044	3928
1237	597
4493	1813
3834	3410
3490	3266
1697	294
4656	3096
3295	1489
3904	3295
3979	2453
1555	1002
3243	2158
1555	446
2515	2393
2123	440
3420	748
3618	1176
3783	118
4285	3293
4519	2709
4339	3169
3493	1697
4109	3454
5020	2987
5241	1131
4178	3477
4119	328
2457	1189
1226	961
4970	2024
2589	663
3038	631
5137	4275
5232	881
4202	2881
3598	1774
4642	3549
4864	4100
4454	661
4604	2207
4466	398
1270	253
1779	718
2436	700
4723	2902
4239	1910
3454	2468
3459	1449
3410	1566
3028	2550
4116	1427
2258	661
3644	26
2515	1947
2318	583
3549	3548
2020	1366
2123	573
3012	816
2158	1369
1723	1494
4071	658
1511	1237
3169	773
4658	1493
4085	259
2970	2487
4085	2065
4491	2633
5018	4478
2549	1780
3169	2739
4539	3169
4963	1272
3331	1533
4642	2017
2749	2570
5115	1237
3192	1010
4864	453
4030	1433
921	253
2393	2318
5215	700
4868	254
1277	663
4275	1938
3517	1127
1493	449
3596	1881
1758	449
4116	1780
5037	705
4178	1818
3988	1912
3038	2065
4383	3847
2215	284
4847	1601
4429	3740
4535	2232
715	481
1555	930
3071	319
4864	1525
4784	1505
3420	705
4873	399
2393	1111
4178	2892
4989	2176
4944	1495
2936	1421
3626	2215
3025	2158
4885	4085
2211	2108
4864	1270
2857	3
2358	1704
1506	1338
5004	3598
1918	479
2430	1649
4178	734
3773	3492
2704	1454
4848	253
2318	595
3749	1780
4234	4054
4438	3834
3786	3169
3017	2451
4178	2692
2970	2679
1538	40
3596	3293
4379	3158
4973	1189
3291	1403
1237	1082
1081	164
4864	1426
3803	3169
2864	1206
3317	335
4428	2663
4295	14
5160	700
4999	2211
5176	45
1905	1622
4852	2453
4207	3025
3361	2519
5251	1878
1810	989
5171	4954
4723	514
2301	1312
1335	918
4538	481
1918	990
3919	2756
5160	2895
3803	663
3906	1353
4165	3548
4971	371
4026	457
1429	1274
3988	1608
4239	978
1757	471
4013	1237
3496	292
1087	884
4687	700
1723	1692
4608	1780
2187	384
1473	816
3644	1711
5047	2987
3512	362
1451	1354
3559	1531
4767	976
4603	3169
3212	853
3071	2158
3169	2104
5219	1206
1348	751
4929	1168
3548	2836
3169	335
3279	3169
4467	4258
934	716
3478	2318
3540	3169
1918	166
2863	1587
3368	2894
3517	2719
4178	1744
3169	2158
4861	4608
3630	921
4572	1910
4746	3643
4970	688
2936	166
4502	918
2849	1206
2802	1652
2764	2559
4784	1910
3169	387
2117	1127
4864	58
4207	1197
4043	912
1711	1581
3151	2623
1127	869
2435	1599
4478	4383
4869	2087
2936	905
5127	1070
3526	864
2477	1107
1941	1157
3169	2168
2482	2040
4089	2987
3669	741
2594	77
1705	1587
3169	2260
5049	2157
4973	1366
2289	650
2435	707
3596	2529
1348	384
5036	819
4550	3323
3973	1157
2718	599
3052	1555
4031	3648
2301	2258
4178	2528
4641	4402
2457	2361
2641	777
2919	1381
1705	979
3809	1237
3553	3203
4137	3169
4026	2529
4313	3169
1622	1451
4507	1127
3644	2251
4973	1572
3169	3108
3677	2117
4237	1656
1338	693
3526	3413
4192	578
4114	1433
4850	2843
4974	2268
1338	989
5020	2047
3169	2641
4612	2970
3169	498
3408	2656
1425	1249
3345	3220
3894	1897
4187	601
3553	1901
1947	1420
4608	1369
1581	1237
2318	1538
2232	358
2774	1318
2559	2393
2123	1188
4275	215
4178	1293
4777	2158
4684	1588
3169	367
2003	419
1723	705
3874	2291
3464	1588
3596	2632
1127	913
1723	495
2700	1656
2733	260
2128	80
3882	2970
4144	717
5103	356
4864	1125
2273	1359
1758	1361
2258	700
3368	1774
4178	3306
3894	2424
3240	982
5112	2263
2980	2776
1426	882
4628	2042
4928	4834
1511	1417
4518	1942
4864	2356
4496	1481
3784	3454
934	599
1555	1297
4864	441
4613	1447
4973	924
2589	29
2258	774
448	345
4042	1237
2919	1745
4663	463
4086	789
4142	329
3945	2023
3549	2542
2453	315
4203	412
3875	2945
3636	2416
3420	3275
167	20
3478	305
4178	35
2881	1868
4880	2669
3291	940
4496	3927
2243	1447
4021	2482
3686	3566
1856	133
1711	517
5098	4383
982	705
3334	1974
5215	118
3169	786
2173	65
3291	1741
2457	92
4085	1620
2519	1237
2065	33
1447	1426
4612	4493
857	384
4519	621
3025	2318
4192	1086
2152	1555
5185	3273
5077	3169
4518	695
5242	3904
3091	1780
3459	96
3644	1652
2318	726
4875	3169
4784	3854
2749	2474
175	0
4225	729
1206	881
525	45
4677	3630
5241	2518
4783	29
3762	3169
1688	1338
1895	1533
3457	716
3444	2215
4274	2978
5219	3699
4237	3687
2408	577
3215	816
2642	600
4026	2258
3947	237
4847	243
4203	845
4653	4535
3478	1127
4336	4178
4728	299
2258	1942
839	767
4113	378
1581	225
4454	2705
2318	2192
1002	882
2257	2015
2946	982
3782	2258
5156	1124
3627	2085
4428	599
3894	1121
703	615
4144	1983
3420	2846
4271	1581
2559	631
1572	1206
5205	4864
1270	659
2970	2020
4076	4031
1331	627
4205	3109
4954	602
1237	519
1206	1159
5062	4608
2258	1293
1627	457
4081	2482
3169	2393
3540	3160
4327	1974
4971	3295
2673	2279
4528	1555
3949	3483
4586	2408
3705	133
4157	1022
3169	777
2642	662
1741	555
1775	1429
4257	1555
1293	1168
3834	3454
1544	267
4275	2445
3627	1656
5215	1912
2394	1442
2158	1711
1555	1382
4031	1237
5201	4971
3368	2332
5222	1381
3435	1581
4785	3169
1103	21
4521	1447
1555	1095
4988	1692
3803	2289
3760	118
1455	1354
3553	708
3850	265
1718	37
5000	4961
4178	2041
4853	362
3627	1206
3295	1237
3526	5
4271	2273
4466	4244
3964	1080
4974	253
4811	3793
1928	1622
3753	1376
1555	587
4166	1704
989	92
4178	924
2078	77
3109	1131
4864	933
3038	989
2646	2589
5196	2258
4746	49
3169	1628
3540	1653
4366	3699
2357	1126
4385	4043
5236	1482
4963	315
3410	2629
5081	3370
1447	834
3847	2358
1546	496
3169	1796
3907	3323
3125	2756
4166	2158
4495	943
5163	1758
2158	1348
3291	1107
1588	1555
2335	129
3137	1237
3321	1712
1515	601
4244	1533
4632	1211
4864	2108
1129	599
3245	1197
1555	522
2258	587
3892	700
3553	3169
4684	4107
3158	1588
2633	150
2646	1087
2940	2529
4275	976
4954	2408
3302	2240
3907	3835
3173	508
3700	924
4275	29
4236	3596
3169	2718
4130	2756
1895	1473
3949	3677
4613	2064
4853	3846
5112	1878
3762	2301
4916	4178
3169	2542
1601	1002
5219	3627
4546	3943
4608	648
961	31
4727	1348
2130	2100
1686	1482
5232	1697
4313	1016
3295	2929
2040	135
5210	3815
1736	1026
4864	548
356	111
1490	259
4885	965
2273	2201
4759	769
3302	3282
3740	164
1193	1075
1007	917
3392	819
4571	2308
1990	1555
5037	1868
4864	4128
3892	3672
2521	905
3677	3169
3169	253
3617	3385
1301	1273
3051	2094
2258	1696
3015	961
4386	164
1555	823
2061	1131
4614	973
4102	1741
2832	2352
4608	1672
4959	4178
4165	548
1581	192
2537	1705
2656	2158
4885	1359
4608	2457
4718	1697
961	137
2695	1354
1695	96
1427	1338
4178	3541
3169	1538
659	20
5031	2549
3762	1696
1775	96
4026	164
3040	819
3926	2435
2870	2020
3762	2054
4205	1127
2863	1022
4189	1741
4393	0
4625	2064
3114	1157
3699	970
1189	1127
642	4
1515	1211
1075	287
4663	2755
1974	1779
3678	662
4845	4199
5222	3637
2211	905
3820	3109
1781	1758
2849	2128
3310	3289
3922	1712
2663	92
1758	1449
4391	1080
4538	751
726	615
5035	2850
4257	2318
2158	1433
5033	1555
3483	2644
4468	2537
4116	1990
4089	1978
1059	213
4026	399
260	107
1555	881
3169	2063
4940	4601
4963	4612
519	515
3169	1007
3059	2523
2211	1082
2291	1456
1773	777
4302	1555
3626	284
2697	319
3637	3282
4631	2312
4999	934
4178	869
4949	2301
3045	839
3562	1838
1600	741
1080	360
5036	773
3598	2249
762	319
4940	3220
339	319
4383	516
2698	319
4031	1769
4850	2978
5049	4736
5175	2764
2417	316
2679	57
3596	1391
3500	1581
2875	1811
4623	2145
4784	4073
1179	555
1237	33
1668	1206
4453	166
2211	99
2733	664
5175	4473
2700	243
4157	1943
1796	1265
4144	1427
3740	1359
3596	1718
5139	3158
1338	129
2756	1366
1759	384
4331	1010
3334	2961
4873	3469
2475	1188
3700	2158
4009	2123
3345	1087
4495	1736
2641	96
2749	941
4246	1471
2301	2260
5150	4608
4195	1533
4113	1555
5033	2332
2266	1131
1427	1127
3109	2850
4383	3169
3169	2774
294	284
2987	55
5196	1482
3790	92
4469	2924
4021	96
3694	2020
1555	1353
5087	2240
4940	625
3699	3169
1588	1520
599	362
4663	3903
4785	381
4041	994
1692	1318
3643	2903
5062	3630
2623	853
1282	457
1723	252
5185	3323
4107	1562
4663	2087
2970	2515
5176	2749
3169	1150
4954	1331
2158	346
290	111
1249	4
1555	290
3212	299
3160	2673
3730	3289
3529	1511
5241	1080
3926	3169
4891	2158
4864	1782
766	96
1587	897
1515	651
4383	703
2258	1938
3133	319
1153	329
3804	982
4873	3810
2755	2482
4275	418
2109	1913
3323	1711
3475	1931
3478	1331
5249	990
4864	1421
1758	294
5215	3937
2008	142
4220	4128
2663	178
5254	2902
2282	33
2602	1016
3747	4
4864	362
3435	225
4253	326
5020	3875
2623	92
3212	2842
5062	992
5034	3410
4954	3928
2749	1656
4552	1206
3000	419
4082	4054
2850	57
2971	319
3553	373
5020	2927
4911	1447
4864	4330
4284	4178
3038	1718
1447	495
4580	2709
1878	1649
4663	4332
4031	3137
1555	595
2700	853
5109	4864
1697	735
3055	1779
1882	228
4587	463
2258	741
3653	2749
3169	118
3644	3478
3790	2069
4225	1901
4971	1127
4542	2457
4116	3482
1237	1096
1531	1087
1947	707
1905	98
3777	1576
4864	3864
1249	663
992	878
5103	1775
2756	495
3927	3914
4432	3169
3790	2158
5232	1574
934	582
4852	3815
3644	3598
419	398
2641	218
3917	3566
4823	2881
2542	1773
5217	1868
4624	4178
4137	662
2936	2870
4663	2488
2655	2258
1338	423
5172	741
2866	663
4570	1813
2894	964
2756	1741
2453	1455
4973	1047
700	404
5172	2358
4285	4199
4634	287
5113	2537
1237	989
2529	1819
2087	151
3784	2087
4875	3922
2024	564
4864	1518
495	142
5196	1581
3790	2065
4864	2570
4466	1696
4947	2881
4784	1189
4332	2318
3109	2036
771	615
5107	4295
4608	1723
3854	1046
3548	913
2308	1615
3973	1515
5196	515
3904	240
3904	601
3055	2961
1129	362
2505	329
4369	1878
3483	2358
1007	254
4274	828
1082	329
2667	175
1599	923
4327	1018
3410	1381
3963	2457
1409	662
4205	1290
4428	578
3293	1127
3804	2892
5254	80
3392	1549
4864	1925
4663	600
2970	332
5207	5066
5107	3454
1758	276
3653	989
3549	1952
910	597
3458	164
1718	371
3454	2192
884	582
3861	2933
2372	915
3109	1224
1574	243
5172	1420
5219	2128
2987	305
2559	1864
4316	2735
5035	1502
1490	663
4473	1555
2987	2303
3464	2436
3699	1447
4466	963
4178	3619
3113	1193
3598	1265
4285	45
4608	3548
2849	2709
137	31
4128	1447
5130	4107
3169	2223
4311	1211
3413	2816
1978	1743
2961	2688
4864	4383
5175	3245
4767	1481
5012	3617
2970	2257
2263	339
2408	1649
3169	1455
2408	2282
2332	705
2123	1534
5081	3169
3171	1249
3654	2207
4874	2117
4481	3345
4879	2240
2258	2108
4232	3015
658	595
4663	2240
5000	373
4784	1697
3125	1447
4144	515
3408	1237
4963	3926
5238	3626
3169	615
1748	257
5238	1124
4608	3169
3863	2899
5232	96
1774	748
1490	719
4649	3169
4027	3894
4428	122
4330	4275
5094	3777
5236	3283
5112	3906
5047	3420
5127	1129
3169	254
4653	1025
3526	641
4113	1897
4275	1649
1535	359
3973	3626
4407	4294
4752	3482
2266	1270
3838	2441
1527	290
2258	1449
4292	4178
3169	1338
2048	92
4661	4199
3173	1758
3596	2266
3644	2017
3313	3291
4178	2984
3790	3644
2170	1265
3169	1106
4109	3699
3169	725
4072	2393
5109	5062
4232	1601
3492	1555
706	96
2679	1668
2579	1417
1555	118
2240	276
3644	973
3644	1588
3562	1555
2158	192
1455	1206
4864	4358
555	399
2515	1600
4864	3504
2297	1574
2024	301
3740	2774
3856	2749
4949	2054
1741	665
2322	2108
3957	1010
2676	2192
2892	554
1237	1107
3323	2769
4521	1704
4379	3730
4734	2850
3766	3644
2332	2232
4178	179
4550	1376
2673	1780
1767	118
1705	1638
2318	192
5008	4864
2264	319
2505	207
2552	2397
5241	4178
4684	2211
2483	1369
2827	305
2589	1338
2158	1111
681	662
4178	2211
4241	3963
3610	2211
5215	37
4257	1639
2853	651
4608	2335
1237	260
2318	1111
2861	1447
1506	707
2301	1555
4963	276
2927	2358
3864	2258
3169	1483
5043	1237
2902	2249
4178	2629
4458	2603
2673	1653
4891	2410
2318	1652
4663	718
5242	155
3644	1477
582	453
3368	2121
4493	423
2688	1348
2874	254
3815	2453
2515	332
1555	1395
4954	4677
2318	705
1224	845
1938	1757
992	236
3169	1353
5156	716
3589	2048
2946	1935
4407	1081
4723	339
4128	3323
1153	77
2258	1782
2393	2158
3169	2971
4853	1978
4562	3095
5124	3169
2164	1338
2842	720
3922	3321
4178	2580
864	641
1080	357
3169	473
5188	994
4973	3345
2318	991
1433	990
4999	3698
5215	1942
4634	1193
4973	1887
5059	3421
4962	2983
3169	858
3321	1076
4295	2413
3114	1901
4137	2358
2542	1952
4897	4178
1033	339
1813	423
1524	815
2318	1333
4939	92
5135	399
4783	3636
2318	1314
3643	2849
3410	1804
2795	1165
4999	3125
3566	992
3906	3481
1555	1331
4663	1574
4727	1555
4864	4044
2123	203
2258	2201
1758	933
4734	615
5047	3169
2477	1905
243	168
5160	3747
3169	2902
4641	707
3586	1368
1758	1082
2641	2240
3302	2499
1354	1159
3323	259
5195	4495
2936	865
3963	2559
5218	3169
2579	990
5172	1555
5112	2475
5238	1127
2661	515
4885	519
4031	3063
2430	1436
4018	1705
5232	4600
4868	986
2451	615
4466	2748
1983	1868
5062	4496
3907	3151
2787	910
4454	773
2764	453
3705	2466
4130	381
4914	3169
4663	3477
4082	943
4623	905
1237	58
4873	1741
4275	3454
3190	663
2698	1510
2940	1992
2915	2749
990	92
2989	1985
3169	2521
4113	440
3500	345
4551	2358
4684	798
2625	1338
3815	122
1752	931
2673	1080
4784	1783
5151	662
1555	1390
4178	3690
5222	5180
1555	1314
2945	587
4469	1080
4244	2945
2505	1868
3914	1481
2248	985
741	92
2482	381
3654	1695
2211	418
4178	3221
1348	659
1433	96
1774	1566
3790	2436
3957	3315
564	29
5107	4128
1992	1705
3754	1197
3207	2358
4253	2490
3516	92
2231	1555
3169	3097
2225	1244
2602	597
2970	1338
5098	4973
4864	2260
2279	1484
2977	1059
3864	3323
1723	1002
2554	918
4864	2477
1813	1338
2207	276
4572	2087
2408	381
5081	4975
4332	381
4232	2394
4275	3856
4026	555
2289	1230
3295	601
1786	1127
1377	1127
4275	3255
3649	1237
4875	864
3566	989
1285	118
5232	4157
1520	1237
1971	249
1026	515
4873	1206
4402	741
4954	1555
1752	1433
4393	1193
3169	1025
4868	2929
4853	1070
4402	2970
3740	2529
1930	1555
5063	4784
4663	977
1753	1274
1778	1348
3669	1420
4873	1663
4663	2277
1473	597
1652	1555
4853	3459
3015	1555
1316	1249
707	518
2521	1237
1080	881
4723	2709
4102	1533
2654	1047
4447	2453
1704	1159
4306	2808
1244	625
1196	615
3653	1131
3306	1603
2881	2258
5160	3964
2451	817
3724	2356
1157	33
3803	381
4823	4202
3169	930
5232	1206
1237	1151
387	177
2136	769
2633	726
4988	3504
4429	1758
3676	1934
4379	641
2676	96
3698	1971
1649	705
1197	305
3323	1581
4656	1735
3282	2499
3778	2842
4178	1587
3882	3707
2030	1748
3492	2158
2978	1127
1780	423
2554	449
1489	179
5172	853
3893	2318
4431	1757
2515	707
2024	882
1748	1366
4275	2989
2929	1157
2263	1774
3914	1137
5020	2637
4306	4239
4767	92
1779	1237
3169	1479
2673	29
3279	1555
2211	14
3277	2065
4402	1420
4606	4244
3169	1019
2186	1735
4473	3173
5242	284
3790	1304
2633	1487
2589	587
5112	1505
4202	176
4600	1555
1758	1417
4784	2951
1978	1505
1159	260
4939	4178
4268	3095
5163	2211
4849	4311
1455	1086
3109	2657
4221	1555
4274	2017
5217	4880
2589	260
845	92
5242	601
1555	583
4166	2117
2186	172
2438	40
4274	824
5171	4752
4620	1773
1992	1697
720	138
2749	1860
4089	3526
2258	825
4853	4447
1672	305
4873	1627
4431	648
4873	620
1868	1237
3988	132
3762	3562
3169	979
3875	2207
3815	2940
2849	1656
3964	700
2445	1656
1735	172
3846	3466
4592	1555
5165	1127
1627	1270
4684	3059
2158	662
4054	1748
5064	495
1574	1483
4116	749
4970	2207
4608	2554
2223	773
3839	615
1455	966
1781	1704
1265	870
4452	2318
4383	2987
5020	2266
4166	1974
4562	133
3125	663
4030	92
4469	918
2158	1048
3907	2081
1348	129
4149	65
4275	3195
4852	2109
4608	1505
2425	931
2085	319
4782	1555
4963	1549
4275	2733
2936	1675
4030	1520
3385	515
385	164
3643	991
5020	4237
3906	3221
2679	111
3954	192
4435	92
819	600
2358	990
766	550
4203	2673
2303	1127
4864	1599
2069	990
2603	844
1442	1237
4603	3021
3644	2827
1237	1210
4133	1124
4246	1723
4864	727
1111	931
2020	1574
4873	3387
4336	2230
2853	284
2158	717
4313	319
4658	680
1696	597
4608	870
4587	1759
236	92
2774	2063
2345	1798
4086	4054
3321	3169
4864	431
2123	319
4178	3834
2539	92
4519	3160
1821	1780
4165	1758
2318	1102
4518	741
4971	1941
4528	3169
3169	1505
4885	2756
2987	1656
3988	931
4263	1127
2718	1206
296	228
1868	1537
5040	1555
2829	1555
2980	1555
5219	2902
3529	579
4493	1622
2989	1506
1555	855
3107	2258
1944	1008
2663	990
4864	4013
2849	1262
2966	950
3906	128
1531	1237
4947	2673
4220	4031
1905	448
4784	1493
1451	1206
4864	1947
2970	707
1723	197
1931	1482
5215	4383
2158	1237
1555	469
3169	2846
3028	1868
2282	1779
4451	3169
4869	1270
2158	595
5225	4608
2047	766
3922	5
2749	1696
3562	2258
2335	659
4608	1297
918	648
5215	1697
3275	641
4641	3998
5185	2530
2603	29
933	498
2673	2357
1080	601
3988	1047
4608	1270
3368	1429
3683	2418
3643	3548
1010	150
4658	118
4784	2816
4009	1897
5150	2098
3648	3345
3808	3169
2663	1741
2881	2749
2827	1581
1717	77
3169	2178
4864	1240
3402	2583
1758	1574
3855	255
5180	4623
4641	1775
4379	2970
2258	1064
2224	1455
4939	4031
3099	1947
3307	133
1672	918
5110	4864
1555	1420
1757	1653
2020	742
3914	2987
1062	992
1843	1536
2756	1473
1025	931
3643	1047
4326	4178
4973	92
3643	1495
5215	2863
2850	548
3856	2258
4785	1837
1081	631
4379	328
3698	1307
2258	1545
2929	133
4617	4587
4853	2499
4613	2861
4612	2358
4663	777
4123	4113
4864	2881
1757	994
1087	676
5080	3517
1692	430
5127	3459
1080	316
3529	1533
5000	2673
3215	1493
4864	1527
5215	931
3124	599
468	273
1625	1265
3012	1942
3864	1555
1583	346
2318	2231
1974	1759
3988	3169
1158	346
3906	2263
2673	839
3502	2735
943	244
3413	912
4813	37
3803	1723
3282	2863
1704	819
5033	2158
3482	1581
1176	174
1176	653
2394	1601
3907	587
4275	688
4620	2665
2946	371
5241	3420
2977	1046
2704	881
2003	700
1878	1615
4102	3516
1627	172
3686	1506
1489	1211
3169	2165
4612	1758
4128	1107
4752	92
3713	249
1481	992
3310	1603
4684	4275
2623	166
5222	2987
5059	4384
2902	2123
3627	2264
2115	1390
4614	2568
4478	978
4963	4849
2457	2158
3315	113
2748	1755
4578	2764
844	700
2158	1533
4727	2335
4602	3729
4385	2510
1910	1905
3458	319
4973	449
2902	2128
3109	1478
2542	1912
3549	240
3368	1555
1237	930
2100	508
2424	213
2430	319
3853	1574
3169	1148
3173	2207
4402	1947
3854	305
2864	1753
3730	3169
2158	819
4339	2318
1455	1381
1131	1127
3266	3025
1758	1447
5217	1804
3846	3753
2439	1273
3526	3321
1555	1273
4178	4173
4030	3063
4608	40
3025	328
3747	2258
5254	2207
4383	1157
2322	1757
3799	3637
4105	545
4199	45
2673	1096
3169	924
2322	1622
2784	2749
4263	1948
2589	369
3028	1555
2158	870
4102	3529
4205	1404
1338	700
4940	2158
1704	1354
5215	2416
4608	979
5175	4113
1570	1489
3648	1780
3619	3596
1516	371
3169	1433
4963	3834
1890	313
2425	676
2322	798
3821	3548
3551	2240
2395	1758
1224	166
4030	1237
1455	550
4424	766
1502	845
2510	207
4783	3510
4391	3169
1723	1265
4080	2308
2515	1348
3882	2158
3874	3015
4600	1779
1080	693
4546	931
4513	3158
4677	3169
4435	166
1600	707
4255	1723
3169	700
3907	2756
3526	3275
4868	3835
1990	1237
4954	4435
1393	1103
2755	2318
1587	1022
5236	3644
3698	1626
5171	1331
2158	175
2352	1652
4614	1188
2457	1080
3683	2158
3169	232
2633	1449
2186	457
3815	2438
2441	989
4130	3331
3289	2633
5033	3071
5130	3280
4656	399
2755	319
4973	3637
4113	2446
3644	1511
2356	1555
4178	974
5150	1237
1511	92
3686	741
469	217
4785	1723
2776	1758
4734	4244
5157	4454
3598	2170
2673	2457
1752	676
2233	1102
2603	1938
3169	469
4257	1002
5020	40
4244	1758
4518	4042
2857	1123
2715	2181
3308	2749
3279	1080
3810	399
601	587
4861	2318
1366	1206
666	92
2983	2211
5215	4865
4879	255
1196	1158
5035	597
4117	2673
3740	950
3228	252
4149	4087
1555	350
4154	2322
4511	1918
4255	1753
4306	2087
620	98
1515	1489
2282	881
4170	4118
2273	601
1723	834
2537	252
2925	453
2215	1753
3598	658
2192	1663
4705	579
2977	1774
4071	2603
5035	1224
3804	376
933	836
4784	917
2318	1230
3773	2663
4749	2917
4784	485
3169	525
3169	45
1176	419
2586	1206
3169	1918
4864	2776
4864	1047
2441	1718
4606	400
1555	1348
4963	305
4085	1622
2730	662
3753	3158
3151	1656
3643	1538
3907	3045
4102	2579
4684	3169
2358	1905
3596	2539
5165	4311
3753	1429
4600	2240
2258	369
3221	382
2036	1010
1043	412
1952	695
5172	129
5215	3603
3648	1237
1237	991
1494	554
5046	3169
3169	1712
2829	2273
3727	921
4911	3212
3169	228
3015	1730
4073	1821
1902	693
5000	1758
976	14
263	89
2552	1910
2192	318
3637	1531
2970	2863
3169	2394
3114	240
1947	1506
1049	924
2410	2345
1810	92
3618	1697
2279	1473
3782	2987
4784	3352
4054	2052
2488	1555
5215	1930
2589	1693
1680	1447
3310	881
2864	2258
4587	1010
3529	3516
1515	284
2542	31
4199	966
2263	213
5215	3999
4970	3809
4954	166
4661	4157
5160	726
4043	1007
4850	1377
4623	1531
2528	992
4880	2030
3317	495
4864	819
2366	1779
2654	911
4435	4008
4473	3169
3424	2927
1555	785
3548	2453
2768	1704
4495	1081
4864	1583
5176	4285
4620	4535
1626	1206
2941	700
4521	1206
3302	897
2961	1974
2928	1237
2482	718
5215	1331
2024	1030
2634	133
2103	1758
2258	39
2709	1878
4864	1610
1111	659
3275	1533
5176	966
4178	2593
2970	2335
4130	1533
5145	1555
1758	1277
4973	192
1775	356
923	40
4973	623
5200	4123
3627	440
3345	2926
1572	1447
4864	2829
4178	150
707	583
2341	2240
3809	2211
3963	716
4971	1489
3705	1584
4777	615
4142	564
4383	2231
3169	3104
2570	1232
4663	1697
4973	2065
3280	2211
4988	3029
2358	1897
4244	2408
4031	1745
913	648
4684	92
1086	990
2987	2211
5242	240
4988	1931
2669	2510
2201	1758
3169	2875
2358	1096
4507	2552
3475	1433
3981	1860
4431	1111
5215	2358
2273	1493
4988	2894
4963	1678
1127	648
4611	1533
4853	2453
4295	881
3169	290
4109	96
3293	45
2676	399
4379	1595
3630	801
3686	992
3598	1127
3648	2358
2774	2240
4823	1451
4879	105
3169	2926
3626	1489
2902	2158
4601	3804
3553	1758
1555	1153
4874	3644
4085	663
4875	641
718	135
1837	137
3573	1868
4853	3512
3987	2258
2318	1518
4973	2764
1558	232
2663	989
728	118
1273	1107
3644	1622
2158	517
2673	994
5215	2457
2902	2263
4612	2211
4519	2128
4999	1393
602	479
3291	1555
5236	4813
2749	1836
4587	2322
4784	2020
4779	4385
4850	1759
4086	3548
3313	2094
4799	2449
2192	1189
4852	2940
2516	870
4873	4026
4260	457
3109	2552
2529	789
2451	979
4752	1711
2978	824
1188	551
5219	2207
3444	2853
3259	1615
5033	4385
2673	1974
2158	1628
2145	1758
4105	2505
1493	881
5153	214
3352	1047
4817	4663
2866	1712
4294	4191
3780	1555
2516	1692
4030	253
2468	1533
3458	2764
2367	1455
3856	2134
4271	1293
3478	1473
4734	1127
3420	1723
2654	571
1297	1249
4864	3754
3169	1980
2870	615
4191	1736
3888	864
4852	4752
2170	1479
4608	345
4971	244
2673	705
4343	4178
2845	1479
5217	5071
4170	1489
1687	137
2521	600
4663	2529
5020	2258
4612	1338
2130	1741
5034	4864
1985	1197
3124	1757
1293	1237
2846	961
2318	360
516	96
2318	290
4608	707
5035	2870
2158	991
4656	555
4813	3948
4571	3420
3553	695
1821	1493
3293	1455
1429	964
4970	1018
913	333
3099	2211
1270	1237
1338	254
2158	1382
1545	1206
1555	978
4662	1736
4067	3169
2899	2356
3677	1555
5173	1905
3169	1369
3753	994
2078	339
4119	970
5196	2827
1338	1111
2977	662
1555	1518
3853	3169
3297	82
5156	1249
3331	1626
2722	1010
4454	1856
4130	1058
4178	207
1758	1109
1723	1376
3548	869
1555	777
3874	1837
4332	2755
4193	2109
4030	3315
4294	3016
1149	400
1574	1023
1985	1555
5051	1757
4864	2422
5062	4193
4030	1780
4199	1455
1895	1524
3598	1549
3160	1649
4963	3864
599	96
1758	1064
4469	707
2020	1931
4519	2123
4727	2158
1901	1821
2983	255
2479	1758
2589	943
4963	2917
3903	2001
978	599
3245	2318
1735	1179
4684	1461
4479	77
4641	1338
1778	1007
4634	4255
3321	641
965	92
3169	717
2559	620
4082	2980
3644	578
4466	4203
1482	164
4864	961
4608	2970
1478	257
3846	2559
683	359
4914	387
3331	726
3737	970
2432	742
3926	2623
1618	1533
3063	519
3926	2158
1775	1478
5062	555
3644	92
4026	1179
1990	1881
5249	3059
3553	2108
3169	1270
4799	3637
1555	1080
2020	1983
5171	2676
882	77
3306	964
3914	989
4018	2301
5139	495
1758	1656
3169	943
4495	1527
3323	517
4811	3630
4563	623
4419	3169
2529	2240
4970	2378
4661	1965
4602	718
1821	1555
3596	423
4864	4828
4137	2258
3169	296
1129	1070
979	615
4402	1506
3220	2436
5175	2108
1905	708
3630	172
2393	1206
4623	2289
4746	4258
3937	3169
4785	1687
5062	990
1780	1555
4493	1736
4779	1124
3171	221
943	259
1369	1058
4684	642
943	273
1741	582
2516	1265
4273	1447
3815	885
4973	3618
4849	3824
4327	2528
4864	4659
5033	3598
3410	2367
4478	2919
1555	192
3169	259
2158	1652
1348	1111
4507	4207
4659	4447
3810	457
5063	4864
4214	2248
3137	991
4962	600
2715	79
1555	707
3169	358
1555	662
3212	167
2579	1302
2394	1002
5107	1520
5130	4440
3653	3644
4899	3624
4031	92
5107	1107
4676	2408
2749	554
3289	3228
4687	2408
3553	495
4035	1042
2436	943
4864	1103
3283	700
2875	1555
708	666
1656	1165
4736	359
4453	1697
2919	1058
4054	1897
2128	1649
4959	1455
4852	2663
2117	211
2439	1127
4973	991
5219	773
3025	2211
5217	2558
1774	244
2270	708
2972	221
4614	133
4402	1600
5020	2899
3502	1566
1490	979
4623	1781
3660	2857
2318	1779
2827	2117
3169	819
4608	3893
1664	1127
5113	3055
2665	105
524	89
4257	1601
5156	2769
3475	1533
2989	582
1752	1429
464	453
5188	4542
5228	2978
4943	2020
3477	2240
284	45
4144	3603
4173	1595
4043	1505
4875	3526
5124	4864
3500	1168
3295	1211
931	676
4864	3747
3644	446
4949	4849
3493	3458
2971	1649
2849	319
3610	1193
4392	2358
2927	1757
5113	350
3979	707
1059	621
5198	3644
2448	1533
4875	1505
4225	3694
4493	700
1575	481
4580	142
1127	727
2263	2173
1237	941
4043	1982
3804	992
2240	1775
4601	1100
2258	1526
3835	766
4263	1293
4107	453
3835	1656
4495	2510
3937	615
2393	2258
4988	4466
3323	333
5165	3973
4385	2665
3169	2915
4608	1433
1881	1741
1779	105
1688	332
4727	1338
2410	1798
2510	1237
5044	4087
2332	137
1555	1293
992	990
3963	3291
1478	1359
3091	741
3016	1007
2384	481
1442	636
4105	2510
2679	2603
4021	1574
3368	676
5215	3255
1157	601
4885	2439
1433	1421
5012	4973
4198	1853
1420	129
4082	1131
3923	2240
2318	825
4178	3643
3947	299
4257	3169
4973	855
4100	3002
4495	4275
4874	381
4454	2756
3169	1537
708	225
2282	181
1307	1080
3988	1334
4369	2510
1265	658
5249	3644
2158	1338
3169	1206
5236	1331
2186	1741
3045	264
4158	1758
2017	1717
3279	693
4777	218
3459	211
1897	1622
2849	2749
3245	453
1062	236
2827	1293
2158	1297
2987	2700
3021	1425
3478	37
4963	4244
1685	599
2735	2394
4055	3280
4864	4811
4379	905
1129	1016
4402	129
4852	857
4031	1622
5242	651
1942	515
1359	1274
2358	1451
4144	3306
5238	155
4608	1494
4295	640
3740	1775
4608	3478
2769	707
3192	1905
4454	3000
4076	192
2756	2211
3730	2356
5242	3295
3169	1265
4608	3025
2453	2240
3072	1758
1169	371
1447	586
4972	3169
5150	1447
2416	2100
5180	4082
1753	839
5062	1206
4285	2539
3643	2435
5077	4178
4954	1224
3553	1374
3906	319
1413	640
4306	705
4853	1082
1566	1455
4663	2408
4203	1206
2424	2263
3596	1413
2358	1478
578	92
4043	3906
5008	4963
4784	1992
2047	1656
4608	517
4842	37
693	582
3169	3015
3510	1625
3669	3517
4559	4178
1696	292
2795	1331
4133	2673
2691	254
2052	1237
4752	4193
1782	1758
1506	1420
4864	2700
4302	2919
2539	1482
3158	2158
3443	662
4513	2318
3644	2069
2207	1047
2117	290
2870	1723
4962	457
1786	1753
2223	1212
3169	783
4021	381
5173	4193
3197	579
3963	1286
3109	2539
3549	3295
2358	798
2505	545
2537	1429
4031	3644
3802	3169
2739	1010
2676	517
4178	3637
4158	773
1555	1073
1390	1080
1821	839
4274	2895
4275	779
1285	133
3790	3158
3560	663
4331	816
2211	550
4178	2223
5008	4467
4864	4495
2158	2152
4518	1935
4864	3995
3504	192
3169	1773
4624	2589
3280	1758
4431	700
1868	329
2211	2164
4519	244
4752	1482
1244	661
3160	2263
2642	1779
1996	371
2158	1333
4971	240
4949	92
1818	693
4656	3810
4493	40
4187	651
5212	786
5020	4864
1511	578
4705	495
4864	1019
2586	564
4383	2008
1736	522
4963	1918
2970	870
3998	1506
2978	1717
1555	1433
3630	2096
4157	223
4436	4178
2211	1019
3169	1002
5064	2850
4571	3015
3987	1237
2915	2457
2158	1153
2877	1034
1753	1555
1745	1421
3421	2749
4081	3766
3889	2477
3703	3220
3363	1290
1786	1331
3927	3240
3478	273
4663	3429
2987	2164
5142	4840
4919	1188
3821	2279
3678	2802
2318	1103
4081	2040
3169	693
4493	2970
1549	551
4008	1224
4496	2207
1274	717
1555	58
4107	3059
515	92
3169	978
2335	583
4873	555
3949	1555
4472	176
3999	3169
3630	457
2528	1226
4157	3302
940	419
4612	3648
2663	857
3998	129
4933	2581
2178	787
3169	1985
3474	3323
4608	118
3627	1549
5064	2961
3169	1780
3243	2936
5036	516
3549	1489
3240	253
3643	819
5114	3169
4954	548
4677	181
2223	508
5217	3573
4109	2654
4608	1338
4727	2318
3097	400
5114	1447
4295	265
1601	1025
4332	1555
1447	96
4608	662
2970	423
3169	905
4258	3548
708	517
3998	3669
3527	2749
3169	3081
1455	96
3917	663
2654	1555
3747	2673
5163	2258
5028	1905
5004	3169
5232	1759
4391	1058
2510	2263
1622	1481
5156	3549
5133	133
2663	2069
4383	551
3560	2749
3856	3834
4765	2318
5020	1381
2928	773
3169	215
4123	1121
5135	1990
3803	1307
3553	319
3291	3173
3171	2972
2351	2277
5239	2279
4663	3699
2052	1555
3169	229
3169	302
2936	2318
5241	4873
2258	881
3230	579
4154	3549
1622	1249
3334	1779
4178	1262
1773	410
3809	587
4608	469
1427	1080
3169	2094
4306	1779
4327	3835
3802	1206
4663	293
4663	2937
3203	2408
3307	2063
699	601
1265	705
1555	225
2756	2521
4116	2676
3617	1237
3477	1421
4654	4178
2457	2318
2471	662
3069	1127
3548	3069
2277	1489
3291	2590
2989	766
3038	2457
4973	1905
1533	1511
2537	2432
2902	1695
3517	2529
1570	911
3762	103
3317	1697
4152	2258
3644	900
4274	2798
4203	1331
3648	3596
2453	1495
4864	1404
1780	1206
4542	2258
3753	2816
4845	3137
3368	179
4727	1780
3882	2318
3778	3212
3108	1161
1489	1124
2072	33
5219	2263
4453	1531
2408	1473
4911	989
3137	1918
2645	1578
4013	1481
3492	1237
3160	438
4271	4116
2756	798
4407	2997
3966	982
2928	335
4767	900
1942	508
3627	1059
5241	1244
5222	1704
5215	858
4178	254
3548	3307
4949	4813
2065	356
3644	3137
3169	1210
3676	2087
5109	4655
4030	2663
4963	774
4874	2358
2641	1307
4728	978
1555	705
2682	2516
4391	1189
4018	2318
1481	1237
2673	2479
2158	1555
2263	1353
1901	495
2861	2025
3378	1942
3169	2784
4617	4202
1555	1512
954	260
1025	882
5219	1535
1555	905
3302	1495
4594	3454
4880	1944
2749	977
4746	979
1723	1237
4723	2263
3529	1237
3753	1196
5113	1779
1931	964
3072	2258
5215	1125
1901	92
2589	2341
419	113
3302	1421
2499	1022
4360	3622
5254	2157
4275	3169
3073	2554
3653	779
4595	1265
2970	703
5094	2106
2158	2052
2258	1082
4495	1007
4178	1610
4973	3824
4723	1265
5188	3753
1244	961
5081	4784
2894	2589
4586	4025
4435	422
4687	1747
5196	1274
1176	989
1930	1583
3760	1080
1338	707
2047	1758
1357	151
4493	3753
2445	2207
2073	918
1555	648
3598	748
1730	1226
1971	359
3169	1090
3904	1157
4844	4
2482	1759
4116	346
4988	1482
4891	3169
3553	381
3323	1780
882	105
2230	1237
5156	1010
3038	92
4073	881
4306	3169
4562	3331
3927	253
1661	1159
4864	3619
2870	2289
2537	498
1584	1121
1704	897
3937	2623
4031	3315
3295	1515
4513	328
1741	779
2332	961
4130	2642
3228	1368
2623	1331
3169	3096
2776	2408
3192	1758
1600	1429
3169	1625
3626	3444
3707	3686
2853	766
4864	1304
4027	3763
2529	1151
2554	2158
2559	1985
2445	2211
5064	3467
5033	3643
2764	508
4343	913
2899	662
4154	3291
3169	664
4178	1165
4868	4258
3158	2318
4105	2457
4089	2356
3627	319
3824	1905
2892	700
2258	257
5062	1137
4330	2989
560	92
2020	119
3459	1627
4864	2629
1237	1102
3169	1018
2521	2048
4275	1454
4623	2623
4054	1237
2299	1639
3740	2776
5210	419
4157	724
2487	1555
419	335
2941	40
4868	2361
4663	2001
1137	253
3864	1111
3490	2917
4178	3699
4088	2240
3420	1837
2523	1688
1753	1124
4960	4031
1574	1555
1978	319
4935	1096
4209	419
2417	717
4108	3169
1663	1249
3192	2749
4178	3981
3243	1080
4193	1237
4789	663
1622	1473
1555	1427
1781	1538
2749	2445
4220	33
4144	1447
3323	96
4864	1985
4128	1520
3169	1748
2232	1773
3504	1331
1237	1206
3753	3368
2192	1473
299	96
2479	1493
1775	1218
4853	910
3672	1369
2915	1555
4666	2158
4970	4306
3687	1704
2510	1205
3875	2408
4137	1758
4178	1956
4473	3478
4723	3510
1273	485
4275	1125
4343	2749
2408	1314
4253	3475
554	290
1338	1080
5020	4495
3293	525
4963	1974
4962	3457
4656	1741
3835	453
3669	1947
4963	4178
3796	1502
3815	1049
4864	2875
4864	4202
2827	1753
4031	4030
2749	212
2249	1774
4203	766
4383	1472
4864	2145
4402	659
663	167
882	359
2158	905
4343	564
1842	597
943	663
1080	1070
5215	1944
3169	2633
3644	923
1473	1451
4407	1736
2521	2158
4107	2926
1489	33
3486	118
4659	3815
3875	564
2356	1786
1576	1490
2936	385
627	225
4257	4244
3596	2552
5036	2130
3834	654
1524	260
3553	979
1878	77
640	265
3169	1901
4453	40
3907	1447
2715	2264
4666	3021
3906	2977
3923	1574
3169	1868
1436	1231
3793	1080
1272	92
3882	1348
4654	1217
517	225
663	299
4311	4041
2915	2318
2548	1574
800	564
3478	3323
3863	3291
4813	1168
4752	2069
4225	1753
3922	3888
4873	4448
