918	1396
3898	4315
2589	4744
1447	2258
4938	4981
2528	4458
3596	4222
939	1137
979	3153
2168	5054
2936	3026
686	1338
1182	2186
3588	4465
1072	2817
18	4408
1137	4496
2708	3877
599	3812
1767	3169
777	5243
225	2664
1021	2211
811	3403
2037	2279
40	4864
27	5196
1741	2303
3137	5224
1506	3169
844	4031
2211	5023
1606	1878
0	580
1164	1736
686	743
2393	4469
2639	4405
1780	1928
305	4104
1493	5114
2088	2709
5033	5241
845	4683
1477	4359
3737	3756
3089	4104
3109	4756
3664	4200
572	1155
520	3843
4714	4841
3614	3864
1440	2263
1166	1338
3673	4141
349	4031
1561	3401
2211	3016
159	3616
120	3017
733	4577
739	2870
1469	2420
759	2904
4205	4841
2158	3877
1148	3240
1608	2934
356	600
2025	3262
1493	5154
185	335
3782	5020
2212	4027
1237	1373
1087	3680
2814	3664
1338	1646
1297	3169
157	4608
989	3169
1265	3654
1063	2869
225	849
3052	5175
453	3000
1741	4752
1237	3881
3554	3822
1158	2158
1752	2894
1284	2685
339	4482
1293	2664
1469	4439
120	3586
677	4869
600	3807
3393	3756
903	5130
2936	3904
4113	4408
3664	3754
964	4920
2673	4244
1427	1995
1237	3623
2443	3642
1608	5188
2983	4916
92	1417
2827	3975
3019	4536
1493	4695
881	4141
2443	4405
1447	2741
270	3674
2147	5063
600	918
2934	4306
819	2258
244	5254
3169	3642
1007	3624
599	755
1469	2806
4141	5009
2817	3459
2936	5179
1293	3252
1274	5154
4849	5031
1757	3988
281	3229
1928	3169
3061	3169
2603	3856
864	1627
1014	2711
4608	4864
7	1570
1093	3019
1860	2673
2617	4972
917	1892
2827	4124
1137	3240
849	2158
120	3470
419	3410
2117	2439
550	1469
3229	4119
3169	3225
180	1469
2827	4054
212	3169
2470	2589
1878	2308
221	2844
3710	5010
788	1669
907	3937
4310	4864
440	3965
3141	4704
2258	2927
7	4932
359	5020
693	2549
1759	4217
1447	1729
120	1912
631	4191
2685	3904
2461	2776
4046	5046
2844	3718
4205	4405
1759	2040
120	4367
1363	5120
1696	3313
2258	2639
252	2332
1237	2632
2026	2863
3403	5163
3773	4909
111	3137
520	2263
2282	3874
120	3609
2954	4408
2415	4454
37	2806
561	4130
3572	4435
81	120
1127	3169
668	1880
67	1265
396	4017
483	1955
699	4447
777	1440
3808	4113
1488	3892
180	2452
1002	2970
2088	4697
2282	4021
705	4232
40	1469
3653	4796
1447	1833
3410	4963
3626	3628
120	543
1138	1295
1447	4000
7	2036
1741	2024
3596	4180
1533	3169
433	3751
713	4073
599	2797
582	4864
1985	4408
2894	3169
662	1184
759	964
3694	4864
962	5054
120	1175
498	3229
1938	2769
336	2589
2127	2256
2780	3169
2559	3694
3694	4020
2970	4727
4063	4141
2743	4212
2887	4607
172	1919
2663	5118
1650	3614
2443	4920
2211	2887
4714	5073
1059	2902
33	348
2870	4663
1076	4864
1495	4315
4148	4865
549	3856
3169	4443
228	4459
881	3340
1002	4815
67	2170
3596	4493
546	3169
2435	3017
7	495
764	2263
3554	4070
2887	4220
1655	3509
1441	4864
1741	3183
2904	3110
691	735
120	4561
1087	1608
3468	4141
2395	4864
4066	4104
4800	5020
79	621
3708	4672
120	4168
4141	4685
2709	2902
784	4763
2490	4198
2158	2515
3825	5154
2956	4869
1602	2393
1442	2158
1469	4683
1237	3702
979	4609
1362	4841
2245	4960
583	3169
824	2798
604	2211
4608	5054
79	244
2131	3169
321	2526
3198	4104
3535	4756
3503	4130
2875	5054
1995	4608
861	918
600	1533
510	1447
1511	4192
881	4902
2258	5157
3508	3859
2158	3177
3449	3937
2141	4849
180	3910
120	2831
2789	4864
673	3169
348	516
3321	3888
1297	4141
1743	2232
92	356
2338	3665
3937	5022
765	2826
294	3425
997	4608
1138	2393
15	3888
2380	3717
2033	3664
1533	3015
2870	5050
1531	4189
2357	4663
883	2141
2240	2685
3749	4454
1295	2158
600	4148
218	3997
705	1444
1164	3084
185	3096
578	1533
4141	4240
33	1628
1021	4141
872	2154
1432	3855
1127	1237
1766	2211
97	2663
3019	5063
1021	2907
3019	3874
881	1821
2330	2987
119	1741
4202	4447
40	759
476	2720
2326	3169
1965	2896
344	3295
3019	4166
120	4166
498	1469
2258	4244
4719	5020
1656	4577
263	2076
120	1807
3856	4864
5026	5057
3169	4921
2040	2147
2993	3167
2304	3169
221	657
120	488
3455	4444
1656	3128
1127	4683
759	2894
520	1319
2064	2087
1655	3025
120	5122
17	4972
447	3927
2983	4864
33	1887
2615	3257
1766	3609
1447	2632
2777	4199
2526	4703
2670	4993
1995	2554
348	3596
2380	3653
1696	2673
2186	4210
2720	3896
10	2663
2639	3956
1780	4963
3072	3169
3616	4996
3169	4163
2263	4043
2916	2936
2158	3503
120	433
1975	4141
2775	3020
265	495
819	3602
764	1059
4577	5054
290	3153
1063	4439
37	1310
120	5198
1566	1721
1564	4909
1493	4240
561	4845
3334	5113
1400	1757
4477	4683
3169	5151
4104	4165
705	4864
1469	4722
1519	5154
2854	4332
2526	3411
1741	2332
1671	3602
592	2688
1319	1447
2759	4454
118	1497
1127	4988
543	1655
1561	3286
144	4478
1423	2991
1965	3039
3169	4745
294	3169
2589	4458
4939	5035
2887	4054
3169	3980
1007	4294
979	2526
516	2887
1260	3988
683	3175
656	1469
516	4343
348	2615
2732	3110
2117	4435
2158	3839
939	3240
2993	3626
3169	4017
1469	4124
3417	3549
2987	4886
347	4672
989	5132
258	2258
1609	4727
120	4704
2889	3540
2258	4054
849	1469
2085	3481
1447	2864
2258	3300
1155	1267
2632	5246
27	4289
1002	1444
1614	3099
22	1179
1138	4469
3759	4299
2443	2664
2869	3332
881	4608
1649	2603
1656	3000
75	5054
2085	3912
3141	4963
831	4586
1270	4496
1442	4608
989	2385
508	3602
1533	3477
2936	3169
583	2393
1087	4811
3427	4477
387	1541
4909	5050
821	2205
335	4408
1138	1561
1611	3604
811	4243
4408	4665
3170	3664
2162	3403
359	1611
317	1669
120	378
2934	3813
3198	3975
92	3120
4573	5238
1171	3581
600	2438
2526	3084
294	2211
848	1533
3169	3678
2158	5177
3169	4131
583	2887
1531	2887
864	4212
2087	3807
2806	5203
92	5050
120	2956
802	1671
1373	1421
120	3143
261	2258
1696	2211
1155	1574
1821	4185
2589	3061
191	1199
37	845
853	3988
1779	2040
2365	3487
779	4405
2720	4203
5181	5217
881	5154
299	2485
3169	3674
4552	4864
1338	2623
1942	4021
1759	2282
40	1237
120	3886
1780	4551
802	5219
1533	4608
4706	4756
962	3169
2917	4405
7	1230
2526	4494
1359	2240
1502	3975
2158	3798
1944	4054
600	3477
1602	1646
979	2887
1495	3915
37	2706
1319	2588
1237	3877
3822	5242
903	2365
899	4864
498	4608
2332	3275
3169	3949
3275	4864
3850	4969
1237	4592
7	2189
1608	2603
1483	4467
907	4130
412	883
1171	2878
2331	5054
2154	2887
1204	1519
28	4442
1574	2518
1483	4596
4054	4608
1878	3634
1803	2542
1028	4214
4311	5054
1853	2490
956	1531
2987	4508
662	2252
1574	5054
1726	3169
120	5257
120	5188
765	4683
2869	5132
1819	3264
918	5054
2380	3626
656	1127
3614	4264
3663	4141
2158	4824
1149	3909
1278	4128
759	1995
705	1002
1925	3169
1495	3250
1276	3440
3804	4315
723	3975
707	4727
716	1104
1166	1884
2102	4899
1889	4088
3700	5207
2525	2537
1530	3411
1628	4608
4714	5107
1169	1494
4447	4823
332	4864
3807	4663
191	4752
199	3667
3169	4099
2639	5246
1237	2806
909	4391
3718	4324
325	4285
3526	3888
191	4031
453	4920
2069	3827
1319	2902
3856	4803
3177	4130
2730	5054
4141	5163
716	2081
7	918
225	1237
314	3382
2589	4168
1469	4435
120	2866
2775	3328
3516	5050
827	3169
1396	2552
1484	1493
2898	4114
2887	5163
3267	3411
1230	4948
268	1131
118	4562
2147	3807
1691	4714
3700	4054
40	5196
599	4109
680	3171
120	1259
191	3137
907	2158
662	4361
3203	4960
541	1716
1237	4824
57	4442
3580	3710
3169	3898
4756	4999
2544	4442
3214	4864
1319	1649
2720	3167
839	5226
3381	3792
2158	4608
412	2615
2418	3169
1237	4468
1656	4336
1469	2887
521	4572
120	5216
3177	3462
120	1239
2084	5054
2237	4864
348	4130
1105	2898
347	581
550	4803
4442	4809
816	1451
3295	5170
2753	4795
3564	4232
1671	1942
1323	2158
251	592
583	2970
819	3804
4031	5107
4104	4124
270	3169
3100	3169
1417	3237
979	4703
1576	4845
2065	4222
1752	2559
1026	4407
120	2373
120	1887
2541	3460
5054	5241
1107	1278
2451	2526
4567	4582
40	2158
939	1182
872	1889
3169	5154
2987	3588
192	1237
717	5156
2904	4849
1543	4480
4130	4332
699	2537
872	3904
290	816
2750	3859
1821	4124
883	3527
746	5054
3176	3979
1237	2546
2393	2870
1853	2190
7	4666
3026	3169
1204	3602
1602	4663
1310	1469
693	3667
3877	4168
3572	4477
2991	5222
2664	3885
545	1549
495	3019
2258	4609
1519	2916
1127	1141
1766	5217
3169	3634
3169	3966
2278	2987
387	2510
1996	2526
3882	4727
2214	3286
849	3167
1757	3427
1449	1955
2263	2694
767	3169
422	461
1576	2528
1561	2113
1778	3169
137	3275
1125	2987
120	4359
18	507
120	2632
2258	4141
3153	3801
1396	1998
752	989
22	1964
2617	4631
3169	4647
999	5242
57	2544
662	4513
1912	2945
1176	3710
819	2130
2769	4469
1338	5177
739	1488
849	3435
3562	4970
18	3875
120	3120
134	5122
3887	4714
849	2806
120	2777
2189	2917
1062	1574
497	4141
583	1609
739	2915
2211	4007
2095	3877
2580	3737
2991	5054
1494	4583
1349	5230
483	1905
849	2443
1469	5241
251	2827
228	827
2145	2303
1026	4864
1237	5054
2240	4836
7	4985
859	4180
45	120
516	2040
675	1757
120	1403
1302	3237
3293	5176
1237	1359
2720	4497
794	5054
1166	3882
2031	2158
122	1531
802	5077
1561	5177
1061	3462
1533	4104
2589	3153
374	4275
1179	4348
1519	2258
3019	4217
3410	4454
2232	4237
1197	4439
2970	4469
2970	3710
600	4727
136	2094
1338	2031
2263	3965
4311	4632
223	3169
1469	5154
1493	1759
2065	4938
3740	4663
2149	5054
2559	3698
1574	3947
484	2887
1444	2934
2895	4586
3109	4477
848	4332
1889	3167
1141	2759
0	3660
92	2826
759	5154
2896	5176
326	2490
7	1759
5132	5135
861	4788
100	4275
1127	3910
726	1469
1655	3678
550	1656
609	997
3109	4920
4864	5163
2518	2720
928	2245
1759	1983
2381	2854
120	4009
2393	3710
3822	4971
348	1990
948	1469
1162	1451
22	962
2700	5020
3135	4220
2542	4620
2880	3212
1104	4823
157	5050
1237	3596
949	1338
1159	5222
461	1061
583	4727
2972	4430
1127	4477
918	4202
1923	2646
120	2984
459	4864
225	4477
1942	4739
1574	3986
582	4963
1836	2452
686	2887
561	600
3427	4104
33	2600
1293	2885
881	1061
3976	4582
917	2526
2244	4756
3019	3802
4671	4909
1752	2720
1347	3169
120	5253
1284	2720
1076	4803
3000	4864
2365	4054
79	1650
120	5196
845	4405
3664	3700
964	2732
2356	4969
1785	4754
3146	4478
268	2147
4938	5069
3295	4311
2107	4275
1878	3654
172	1127
580	3864
1219	2514
3169	3874
3793	5054
2451	4285
17	2258
191	2065
2814	5164
151	2211
600	4608
159	5154
1852	3549
1736	3954
2211	3240
1036	4222
2252	4608
268	2943
4330	4408
2130	4739
2021	3504
1028	2438
677	1493
1295	2113
120	3976
2927	2987
172	5146
120	4106
859	989
3267	5050
1757	2776
4425	4864
675	1833
1347	1671
1807	4986
2452	3665
2993	4971
631	3008
921	4864
2330	3653
156	831
1033	1265
239	1117
2381	4217
1937	3169
609	1451
1896	5054
1985	4702
710	4138
453	2673
251	1469
1624	3148
33	1182
589	1878
2128	2263
1766	4802
2808	4803
4311	4971
1469	1642
819	1117
2603	4109
120	5242
1104	3136
1741	2231
3253	5054
3835	4714
1759	4864
1208	4424
1237	2458
1363	4608
346	2806
1671	2889
2673	3864
447	1137
120	862
4714	4909
120	3408
22	4249
314	5020
400	889
2356	2987
3939	4864
1533	3462
2738	4141
120	246
2783	3988
1780	2887
520	1276
589	3539
3582	4864
1381	2987
2390	4141
489	1237
1657	2817
225	1053
2258	4282
362	5127
3572	4683
3169	3509
412	3198
1531	2252
1785	4237
1469	2373
2414	3877
3843	5077
3451	4840
1349	5246
281	4442
1903	4348
707	1561
3001	3229
2266	4795
1868	2861
1469	3001
2065	3648
1493	3340
2104	2987
883	3257
290	2820
120	780
598	2211
1469	3572
941	5154
1087	3110
2991	4458
1488	2056
3039	4285
281	3999
549	2586
4222	4796
7	3351
1362	4497
2993	3295
1531	2814
3764	4473
2380	4003
1022	1316
3257	4405
2065	4031
1307	1611
120	2304
2149	3169
76	769
2878	3169
660	2685
251	1363
1564	4343
582	4999
4971	5242
1265	3487
120	2842
344	3549
1158	3642
1127	2351
2109	4752
1127	4997
184	3169
120	4504
2714	2987
120	782
558	1627
120	4739
120	1768
794	3169
600	848
1741	3240
120	138
2357	2381
1656	2211
348	1274
2603	3799
778	2158
1469	3289
92	4865
2753	3403
483	3792
735	3084
2273	3229
4124	5035
1307	3804
3286	3827
120	4579
1171	2306
128	1083
1757	3016
3295	3822
824	2786
2144	4722
572	4275
2232	4754
120	1233
0	3705
705	5034
2211	4343
2632	5164
3169	4592
3751	3918
2639	2753
3596	3747
251	4551
2042	2934
2993	3822
54	631
4803	4926
683	3698
1469	3198
2673	5188
120	1892
2562	3169
2393	2970
1968	4141
675	3976
2603	3710
1123	3660
1183	1905
180	1574
4128	4714
220	1889
1126	3169
66	1741
2623	3559
120	3681
3798	5046
2496	3481
417	583
2887	4608
120	3749
578	2797
1646	1726
18	2875
2158	2870
508	3035
1035	4864
1611	3169
3739	4841
3648	5132
4608	4891
2244	5224
3169	4273
3740	3807
2211	4070
600	2381
2256	3573
933	1197
3120	4106
33	948
2141	4066
3141	3427
27	2540
1502	3141
495	4454
1682	3549
2853	5242
120	1248
2806	2827
3169	5033
1606	3594
1123	4906
18	1021
1998	3169
120	159
4608	5033
1127	2170
410	4043
2141	3169
2479	4864
4168	4466
326	4198
3877	4513
1028	1423
459	3229
3268	5196
359	1039
1766	4141
4948	5222
693	4054
156	1919
120	4700
120	928
656	5057
2540	5241
2420	2904
516	4663
3025	5154
2589	3910
881	2916
2902	3843
2279	5188
1494	2887
433	4031
4222	4795
138	5054
244	3481
4165	4864
120	598
347	4210
2056	2589
4311	5238
2038	3954
3167	3565
764	3708
128	1155
849	4104
79	516
2211	4864
1421	2589
589	5076
417	1609
33	2993
326	4220
3773	4824
2258	4500
3153	3229
120	2211
3411	5054
767	3988
137	3015
1006	3295
964	3110
2485	3167
3167	3822
2589	3222
4442	5240
92	3572
2814	2887
583	4608
1646	3710
1611	4843
225	4608
2987	4203
3628	3822
1912	4275
839	1524
1892	4407
765	2731
2240	3138
3477	3807
7	1135
120	445
419	2617
120	5222
979	2158
3151	4608
433	5118
1307	2542
2308	3169
2258	4109
1656	3410
2258	2395
1087	1138
1627	2186
1696	2934
1741	2175
44	2709
3665	4113
92	2709
962	1417
508	3313
1895	4130
1469	2714
1757	3896
120	1976
1649	2211
686	3599
1780	4444
177	1541
4609	5156
2664	4104
2106	3471
918	1995
164	824
3129	3137
2	3513
1137	1270
1423	4275
440	1862
1127	1183
1488	3700
2544	2904
1995	2956
686	3573
348	3771
3169	3483
1050	2415
2685	3250
3888	4785
739	1469
495	1127
1274	1446
881	2158
120	4604
296	5054
1208	3169
120	1021
1942	2887
22	3675
290	469
1447	1493
17	4466
3606	3804
2723	4168
120	5095
3282	4864
27	3169
339	4156
2483	3896
120	3632
962	3623
686	2878
3137	4960
5	3321
348	459
3257	4104
2215	5242
3411	4523
864	3275
292	5054
816	2135
2603	3380
1360	4864
3141	4683
2781	4970
1912	2603
3877	4554
252	2012
3572	4795
80	1649
773	4865
2970	5154
1130	5219
410	2673
1182	1237
675	2673
3267	3529
3169	3221
583	1295
1536	5179
1007	1026
419	3025
1721	4466
2753	5179
1314	4195
1616	3773
1948	4663
3487	3634
1965	2777
600	709
1451	4202
3151	3169
859	2526
120	2371
2141	3654
815	2540
433	4752
1127	3120
845	4849
2663	4752
939	1741
1656	3856
445	4141
845	4435
765	2120
2863	3710
2012	2273
3169	3232
346	3435
2420	2991
2095	4583
314	1349
1490	4997
2158	2916
755	4864
2240	3853
4021	4244
1519	2603
686	1537
781	1265
1208	2594
4222	5238
1407	3169
1736	2691
693	3489
244	2709
3835	4141
1741	2088
305	2552
1627	4310
609	3169
164	2820
120	3592
1942	4841
4566	4620
1447	2254
2904	4920
67	4043
1877	3766
336	917
1671	5054
3803	4785
3904	5170
461	4163
1197	1519
3827	5023
2065	4607
2826	3257
2829	3169
3008	3987
141	2258
2385	3329
1740	3169
739	1288
3975	5035
2458	4202
578	1237
119	3069
558	686
2991	3875
1928	3648
4683	4920
3596	3764
218	2434
3065	4712
4604	5020
3125	5020
252	4899
1295	1646
92	2351
3549	3822
1506	2515
120	5072
1919	4310
120	1227
1990	2869
1373	2956
2655	3169
1783	4043
794	5031
3668	3744
120	5107
765	2827
2451	4744
2156	3109
2970	5177
3822	4020
2056	2452
2135	3169
2420	5241
1447	1789
4066	4964
1444	2211
3109	3427
1646	3882
1602	2113
1860	2510
609	2076
447	1182
743	2537
3596	5246
868	2232
191	3867
3169	3577
218	2708
832	4607
1422	4864
1923	5069
2211	4663
3019	4073
2393	5177
2443	3652
788	5054
1297	1852
686	3509
3807	4275
1656	4622
788	4202
2673	3100
924	2797
1127	2244
1440	4615
1127	4467
3148	3169
962	2887
3169	4237
939	1627
177	3169
7	144
2732	2894
3492	4608
290	4582
2685	4311
386	1574
2916	3257
3642	4849
2887	5202
1237	4720
3393	4864
2165	5203
1519	2211
1505	4567
3885	4124
1062	1237
164	2746
1527	4828
3769	4663
2400	2528
118	2738
3049	4582
2299	5054
1338	1628
3169	4493
1295	3177
1905	1955
2395	4141
1905	4849
4702	4745
1785	2730
111	881
962	4909
1606	3487
258	2603
1166	4756
2443	4435
3995	4367
35	4275
33	1879
600	3503
962	1302
4166	4425
2435	3169
3596	3667
2993	4219
3169	5163
2708	3214
2258	4168
589	2902
170	2510
1020	4608
599	5184
583	5177
1198	2536
764	1265
707	889
29	3877
3169	5049
211	2158
1652	2709
4909	5107
3169	4697
2889	3602
2902	3221
1237	5179
2356	4478
1493	4865
2156	2158
3403	4244
1416	4608
188	1447
15	3015
3110	5154
1985	4703
1574	3807
2510	2594
2303	2559
1948	3169
4405	4685
1107	1741
2147	3398
2728	3169
4442	4909
1924	2240
2158	5072
1127	4050
1182	4958
27	839
979	4289
1469	2443
3490	4763
2380	3444
621	1980
3393	3737
281	2485
1237	1447
387	1208
120	2611
3169	3596
3440	4783
2158	3642
2232	4043
881	3483
832	2432
7	111
964	1407
2869	4325
27	1225
118	1380
696	4963
2777	3293
191	349
717	2993
3169	3628
886	1407
67	4237
1884	5054
1029	4233
833	5054
3735	5120
717	3804
2394	4847
2970	3169
1609	4608
3904	4311
1127	4212
4104	4756
3269	5054
3853	5217
2357	4864
3169	3813
800	4141
361	1780
1137	4909
141	1036
2158	2706
1531	2870
120	997
1270	3927
3403	3875
3492	3566
92	1780
928	3169
2158	4339
759	3825
2540	2554
718	3169
2936	3170
1739	5179
198	419
1183	3565
2458	3148
1093	3207
3403	4343
2304	3698
4477	4964
2853	3628
1642	1990
4130	4611
921	4752
2887	3988
1859	3153
845	2065
120	436
3257	4920
2224	3169
949	3025
118	348
1270	5127
3169	3764
881	4343
1766	3744
67	2365
4275	5184
4203	4864
3256	4911
255	1237
1082	2673
120	621
862	2090
1050	3884
1527	4367
1983	2065
191	752
495	4962
4796	5179
2519	4130
2632	4310
3169	3518
118	3839
918	1780
683	3169
29	2991
1127	2365
1502	4683
752	928
198	3334
175	541
713	1608
348	3773
2870	3001
3652	4920
1889	3904
134	673
1237	2789
2135	5207
2205	2485
2109	2663
487	558
1780	4031
2158	5150
1053	1449
1338	4315
713	2904
2021	4275
2894	3110
1608	2286
1533	3425
1182	4752
2085	2844
348	4841
159	1752
225	1905
3169	4948
2974	4113
3628	4971
27	592
29	120
2609	2702
1478	1964
2806	3167
1284	3802
1964	2540
1942	4663
2691	4191
2158	3937
45	3039
1646	3700
2087	4315
2393	2887
4031	4527
1533	4192
566	1179
864	3754
1655	1985
1757	4480
2080	3771
44	3169
705	3804
1983	3169
1696	5054
889	1780
1990	2632
111	3169
2589	2814
1162	3804
1606	2308
600	1138
120	4387
4841	4984
909	5164
1671	4459
1237	4533
2846	5054
2510	5054
1234	2709
3562	5054
2033	2559
296	1611
2385	2852
2266	5164
2243	4113
314	1990
151	2685
3843	4351
558	3169
33	3739
1219	5054
371	554
2927	4275
1104	3710
129	2515
1338	1493
1905	3169
120	4506
1440	3175
631	2691
2617	5154
120	5045
3167	5170
5219	5251
192	2676
2279	2987
707	1646
656	5132
2852	3892
885	3740
1457	3049
3975	4435
1600	2549
3565	3642
1127	4285
2673	4168
100	2673
27	4287
2586	3966
2639	5179
2158	2875
120	4114
305	1656
348	4971
2808	5113
2141	2435
802	2223
707	2775
3642	5035
7	3408
4607	4909
3169	4441
1083	2846
120	763
314	1519
581	1179
2258	3025
120	1616
1020	1469
592	1656
781	4482
4539	4752
1059	2588
4783	4921
1519	5175
739	1284
181	1511
4554	5054
3626	5156
353	3169
1783	4148
1166	2113
1158	4608
1237	3664
1179	4210
1059	1353
755	1338
1649	5219
2332	4847
120	4758
251	4217
3198	3427
251	3664
191	4527
566	2887
2874	3169
2252	4864
3141	4970
3756	4119
764	1033
777	1237
1968	3012
2244	2589
122	1104
3020	5124
516	1942
707	5177
3109	4456
244	5177
2993	4311
120	643
1574	1759
95	4909
3850	5118
220	1966
400	1009
1656	5020
2603	4244
3245	4454
177	1611
2814	5054
1741	2021
120	541
2299	2672
686	4608
1027	3596
1576	2351
2993	4168
3751	4065
881	1912
1614	2515
2211	4165
520	1265
120	3764
120	1160
3007	4968
3306	4666
2485	3628
2880	3778
2165	5054
797	1490
1447	3862
578	4963
335	3807
1137	3927
1053	4963
921	4367
348	1833
1351	2673
316	3793
218	3937
24	686
2974	4864
2304	2603
28	1237
1363	3652
1469	2144
3148	3156
600	2936
1155	3397
2009	3169
4573	5203
844	5164
2245	3203
928	3744
2887	4315
819	3468
2775	3545
2896	3764
120	3237
2065	2656
2215	2993
939	4310
92	1469
3169	4796
739	4608
2189	3759
4549	4615
1274	2526
739	4348
4222	5246
2753	5246
918	1638
1919	5230
2854	4663
335	2240
1574	4864
1166	1646
3212	3344
693	909
4663	4777
221	371
3740	4911
371	1237
2588	5054
120	4332
120	3273
3398	4726
589	2256
164	2644
2536	3169
295	1712
726	4864
1166	2385
120	3324
2147	4217
3827	4778
4714	5157
1039	3169
2211	4872
120	1696
2105	4970
3268	3329
5063	5217
2256	2263
1741	4244
3240	4909
1166	1602
1602	4608
3653	5184
7	1910
2211	3986
258	2211
1039	5153
2256	3843
631	3854
939	5146
3286	4920
419	3562
1719	4031
23	5054
1757	3240
120	5218
384	4141
1928	3596
3169	3573
3169	4685
717	5196
2646	3988
400	3909
1026	4191
1002	4847
120	4864
2589	3831
120	4160
1493	4031
244	3169
419	4031
739	3237
4864	5188
609	989
279	3400
2924	3169
120	385
1469	4066
40	1488
2515	5240
60	2356
2198	4130
2170	5182
156	5188
2245	2451
3306	3988
1522	1681
2211	5020
570	4014
2258	3492
4015	4582
2797	3361
40	4275
1028	2273
120	4408
1757	2260
600	2956
149	2934
4124	4573
120	2064
739	3700
1138	1421
2159	2987
191	3572
371	788
918	2357
3602	5182
643	2526
2258	2987
3169	3896
4141	4219
4507	5179
181	2356
469	2158
507	5118
1158	1958
516	3675
1338	5154
314	4795
180	1265
2896	3293
739	2158
1131	1905
120	519
4202	4714
3169	4843
120	4063
876	1833
1685	2797
120	2129
120	5157
4128	4895
1794	3169
2113	2870
686	4031
881	4021
2775	4732
120	516
29	4141
1533	2147
4971	5170
2244	3137
1638	4899
705	2394
599	4823
294	2934
1574	4217
2820	3988
979	1469
177	1155
1186	2362
4454	4608
2887	4727
815	1198
4348	4497
3169	3901
191	1896
4516	5054
2215	3167
1447	5246
578	2934
300	4513
33	2751
4583	5054
1338	4493
1852	2738
1293	1469
1889	5238
2483	5154
1316	4148
2934	5120
1533	4663
3169	4600
2223	2889
3421	4655
120	3207
540	3175
4435	4454
1469	4015
3380	4335
60	507
2105	2934
710	1237
836	3169
2934	3875
374	5020
1363	1691
816	881
120	1677
2435	4511
7	4584
1998	4572
3881	4141
120	4310
185	2200
2509	3649
120	2660
4180	5184
2238	2258
2273	4891
1469	2970
498	2438
1237	4795
1586	4864
549	1250
346	3652
849	4066
1020	2154
92	3566
764	1319
1878	3481
2372	3352
228	2509
57	3877
3262	5241
1502	4104
1279	3608
412	3518
335	2965
675	1990
1421	2186
175	3169
1106	1779
2158	2562
2708	3739
2012	3289
7	4677
1065	3169
2390	5094
2065	4939
962	3529
156	3483
1127	3680
962	1425
3167	3904
1780	2211
2458	4120
816	4864
3169	4909
2993	3628
120	2306
583	2211
660	5156
985	2243
1138	1338
4778	5165
2731	4997
3596	4124
2211	4244
422	3915
2875	4408
156	4663
3608	4400
1158	5035
3261	3483
2154	2380
45	3764
794	881
3169	3822
1502	3572
120	2876
417	2970
1766	2916
836	4608
3687	3772
92	5095
1316	2438
4677	5217
1905	2827
2356	2380
4106	4477
2936	3237
3607	4608
3169	3564
2240	4865
2987	4960
120	4351
348	686
92	4796
686	3614
1233	5217
1186	3613
2215	5154
120	377
1995	2031
2443	4752
755	1447
3667	5046
1237	4909
1803	4244
1444	4141
453	2752
1757	5037
849	4124
543	876
2113	2970
1076	5054
4138	4607
1608	2258
15	2808
1267	5076
545	2510
2113	2589
1995	2878
5175	5184
1237	4507
989	3308
251	849
4089	4237
2245	2526
4435	5072
2617	5238
2393	2916
120	3822
2164	3804
4663	4999
1237	4113
1158	4066
1117	2863
111	4235
3019	3769
962	4192
3822	5170
1779	3169
864	3049
387	1878
1741	4864
2664	5035
2623	2887
2603	4168
2380	3167
120	5086
1478	1928
1469	1696
862	3508
583	2158
512	3169
1600	2887
92	3680
1531	2878
3141	4070
2731	3822
769	2240
120	3782
1164	3169
3975	4920
566	962
1649	2258
4217	4663
314	4607
2991	3125
360	4608
33	3084
765	3141
729	1561
3988	5184
9	3665
3804	4962
1716	4971
1842	3802
349	4166
97	4752
582	2603
1574	5134
3462	4803
2211	5058
4714	5222
258	3169
4497	5035
2443	4964
1208	4855
4104	4849
2887	2894
2258	3408
1035	4101
3554	5212
120	1578
568	4032
964	5241
75	3153
764	4921
1671	3540
3389	5020
2776	4704
3169	4988
880	3100
359	1541
22	566
3181	5139
717	925
1649	3604
4311	5242
1657	5127
746	2814
656	5026
1183	4124
4124	4205
1237	3918
1151	2589
120	5124
1185	2282
3804	3917
1668	3544
461	2258
1807	5145
1657	1685
251	2389
3653	4920
2597	4663
2147	3138
3116	3262
2128	2588
1374	4864
2266	2866
1656	4219
1237	1434
1469	2826
3614	4294
2673	4189
35	4442
546	3843
1736	4043
1922	2026
218	1981
4244	5134
707	2393
2095	3411
1985	5175
3594	4590
51	2359
356	1606
2898	3498
433	3773
717	4348
339	2902
773	2889
353	4482
359	3604
120	1484
191	3648
599	2586
765	1127
3167	3628
1131	5188
705	1316
729	4467
498	4174
2485	3250
1440	4663
2685	3628
1549	5251
144	1127
849	5203
1183	1955
589	3481
3169	5022
305	4405
2056	4407
120	4292
3468	4289
1549	2844
2485	4516
4220	4963
1039	4968
1237	2833
686	2065
3169	4386
37	251
3169	4849
755	5054
2211	3169
0	576
3228	3275
1427	5188
2987	4306
989	4220
572	4963
120	4136
1469	4796
1164	5188
1919	4909
2987	4622
1237	3382
7	1127
1505	3665
332	3084
3061	3928
1860	3614
2784	3332
2956	3169
2720	4489
1469	4222
120	3667
2223	5077
120	1450
251	581
175	4608
2615	3527
3896	4608
3659	4275
1611	5120
924	1469
2910	3626
2589	4919
832	1182
1373	4663
157	1002
1833	2632
1363	4584
4089	4809
348	4865
764	4387
2580	3665
2554	2777
541	2993
3109	4706
244	662
928	3257
3642	5196
3169	3835
1493	4714
170	4921
120	2506
120	4348
2623	3170
1879	4608
453	3100
3892	5202
1614	4573
1029	2240
2443	4683
7	964
566	3169
997	4043
3137	4235
1877	2154
2069	3410
1141	3792
75	316
1131	3710
1922	2258
138	566
705	1675
1002	2887
1910	1998
632	3565
1608	3710
2589	5226
348	4106
78	5076
120	258
2186	3382
1033	1083
2559	2759
3169	3275
5179	5246
1696	2589
7	1427
2887	4583
3573	4466
686	816
2158	3245
2694	3275
1104	4202
299	879
1469	3653
1533	3807
1780	4478
3979	4864
881	5114
2724	3169
2040	4021
1913	3710
1649	4141
120	636
3055	4864
3411	4054
815	1803
120	3401
305	1362
2907	4312
4609	5120
709	3169
157	5179
3642	4477
1237	3768
2211	4128
3169	5134
1347	4739
1219	4841
1490	2449
2443	3565
120	2450
1237	1477
3626	5242
2364	2617
3602	4739
1171	1995
1310	1363
2555	4620
1026	2691
1319	2450
3642	4124
1053	3089
660	2993
120	1148
881	3592
5023	5054
3240	4496
348	836
197	4148
3979	5157
170	3614
740	3710
198	4864
252	2158
1602	2031
899	3453
1948	3754
22	3146
1440	3807
872	5170
2623	4608
4405	4683
92	3648
3129	4193
2210	4106
2887	4106
600	5238
3169	3245
1457	2727
1928	2887
778	1087
592	2956
45	4661
561	4021
726	2806
907	1295
3700	4727
92	4683
2594	3614
3100	3988
144	5230
4694	4809
1295	4608
962	2258
4451	4614
2037	2537
1319	3481
1237	3608
120	4886
1096	1780
2483	3877
1295	3963
924	1442
118	2182
2286	3282
3067	3344
1278	1533
1905	3792
483	3565
120	4056
2617	2993
1127	1561
884	1284
1549	3169
2670	4608
120	1682
2033	2273
348	2519
1237	5154
1789	3169
3928	4442
4566	4663
1529	2154
3975	4405
680	3772
839	4210
4192	4714
4141	4458
346	4608
1561	2158
120	980
2987	2991
582	4981
3169	4289
120	4916
3573	3599
1447	3596
1138	1646
3885	5035
3169	3975
191	5115
1919	5135
1878	3116
2565	2798
120	2413
516	3477
3207	3896
3198	4920
948	4909
2806	4477
1002	4841
928	4752
4439	5130
3792	5203
1160	1440
709	4141
100	2945
2256	4663
314	4138
1333	1338
2252	2623
2304	3012
459	3700
348	2863
1493	1912
3740	4671
2128	2844
4048	5241
3381	3803
2252	5050
1265	1353
1945	2691
1007	3509
347	1928
2258	2777
44	377
144	4454
2170	4552
1905	4160
918	3545
5156	5238
777	1533
40	2887
294	1533
1359	4148
218	746
164	4869
3653	5054
2450	2776
1087	4577
2991	4275
4655	5059
4330	4714
1964	3664
707	3170
1889	3626
1780	5132
3696	4864
765	3975
3792	4573
3015	3275
159	2904
2540	3367
2987	5054
3237	4192
225	4124
2759	4864
939	3529
2724	4981
65	1440
1493	2916
592	4141
2671	4615
599	1104
4963	5054
1741	4673
1469	4104
1505	4244
800	3169
164	3936
419	2936
1002	2844
1905	4124
1127	1204
4849	5035
1127	2552
120	4672
3549	5242
180	1440
2970	3440
1531	5050
120	4715
3169	3335
290	2504
1469	5033
4424	5054
3109	4104
3648	4493
1026	4294
120	1757
3804	4054
487	3751
1478	4166
1964	2258
705	1541
1237	2308
120	988
120	3668
348	1212
583	1138
1566	4864
2694	5254
1293	4608
3240	3918
2258	3427
1421	3001
710	5179
2139	4265
498	705
3648	4909
3496	5153
2380	2993
459	717
2515	3169
1821	3267
7	2797
180	2198
433	2663
3988	4864
2258	3100
2797	2887
2557	3169
3169	3944
1062	2273
4322	5033
3137	3744
2485	4971
1237	1628
3169	5177
600	3146
348	5170
1646	5177
2145	3710
1295	1780
1237	2245
1859	3495
3021	3169
1948	4677
120	1263
2510	2802
3169	5069
1780	4493
67	4552
54	1026
1426	3169
4714	5037
1026	1945
3169	3308
2781	2934
2555	2673
686	2970
3012	3628
3749	4803
120	2869
2617	3498
42	120
2589	2658
23	2263
3169	4424
1990	3596
2158	3896
716	884
773	3577
362	2817
921	1495
1020	3867
514	2518
3267	3623
1905	3089
312	4864
881	4031
5	3012
1686	2866
1646	1780
1995	3169
1669	3580
3110	4988
2205	4473
2834	4963
566	2393
251	1293
764	833
128	5219
1063	1488
5156	5242
2258	5190
225	3169
2383	5154
7	1506
4335	4714
1536	3987
2722	4466
1574	3988
137	252
120	3855
2870	3664
2420	2518
255	3169
120	4215
733	4864
1237	3380
1186	4532
270	1803
924	4243
191	2663
111	4845
120	3504
120	1716
299	1227
1359	1983
3877	4663
294	2603
2240	3997
2750	3793
1293	2706
1125	4180
371	1494
4089	4582
212	5054
2205	4572
2777	2896
495	1533
1036	1910
489	516
1531	3664
2673	3026
3516	3549
3411	3700
2589	4442
1729	3771
1469	4106
2663	4539
348	3001
7	1780
3896	4275
941	2258
360	3169
1087	1752
3117	3169
497	3169
1127	3653
4237	4864
3141	4454
2775	3503
498	1237
2438	4476
54	4407
510	4141
662	1057
29	2258
4359	4663
211	4473
609	4442
1087	2936
2076	3169
347	1179
1349	5026
716	1469
1351	3169
1657	2887
773	3468
1656	2945
3245	4608
440	1039
2902	3156
3425	4864
198	3240
4454	4841
1333	3664
1237	3470
325	3169
2853	3822
1158	3565
120	5241
45	4845
2827	3642
40	1599
1237	3613
1768	4614
2554	2708
1533	4217
662	1343
3130	4246
2954	3169
4920	5072
118	2256
2210	2258
2031	4608
3393	5179
2117	4864
2095	3169
3963	4864
520	2128
3410	4864
3169	4476
1656	2278
1138	1293
1434	3648
189	2864
904	1265
1039	1611
1072	1779
1912	5184
1488	2452
3554	5154
1533	3702
3072	4864
1990	5246
1227	2781
549	2278
576	1896
144	4864
2970	5188
5054	5076
120	2731
1779	4663
159	1127
483	1053
120	2792
44	1741
1447	1779
4257	4847
1096	4714
1649	2263
2945	3969
332	1646
63	120
1138	3969
1237	3880
2658	5054
662	2185
180	5217
2617	2720
1440	3440
3749	4408
2883	4348
3084	3664
1093	4289
2463	3602
1127	2470
817	979
7	1338
794	5020
3673	4706
1506	1600
120	3747
1359	2589
1230	4608
3049	3321
2656	4608
543	3169
111	726
2864	4756
2481	5165
122	3012
4439	4803
516	2021
1736	4083
1967	4572
459	2158
4021	4217
1061	2189
371	3483
582	3321
1237	4435
1237	2936
1779	4101
113	674
1444	4466
120	4831
600	4243
3109	4511
2854	4130
1100	4473
2158	5117
1469	4573
120	549
3261	5069
2223	5219
2332	2394
3446	4476
3119	5069
3739	4663
1561	2970
1741	3668
1447	3169
1063	2056
483	4573
2672	3169
2691	4407
1083	1649
1183	3381
1757	4174
22	1396
4109	4141
1166	2158
2087	3169
1469	2827
2927	4803
1477	4909
1083	3071
1609	2158
2158	3710
1905	3609
120	3153
609	1062
707	5122
2414	3228
2540	2970
3332	4469
2589	4292
1502	3109
1141	3937
225	3885
3156	3169
1646	4106
2814	3169
576	3793
839	5069
92	2887
2258	3169
921	5127
1910	4507
1649	4257
3976	4141
120	3146
1600	1884
707	1072
1127	3822
1155	3156
4198	4811
2673	5051
883	4203
836	4442
1859	3807
1307	4785
1602	3882
1083	2088
120	4622
335	2200
3001	3169
348	4243
469	1447
716	4473
1887	3648
589	2510
2025	2273
2526	4608
3052	3169
3526	3976
3807	4332
849	1905
883	4988
540	604
3577	4999
1138	3963
2158	2420
1096	2258
1440	4685
881	4042
4639	4899
44	707
265	1237
589	1083
2847	3549
1141	4727
483	3381
2797	3859
2141	4104
962	1564
461	884
1561	4864
1541	3169
2258	4926
2154	4244
2449	2934
2673	3896
1424	3000
2732	2904
2451	4703
1360	4148
1033	4688
2435	2552
1007	4191
3835	5020
1237	3240
686	4677
845	3380
1469	3896
4148	4244
156	1183
1081	3895
3975	4066
360	600
1502	3198
1131	2826
1363	2827
1602	3019
1237	3389
2304	2991
308	824
514	4359
868	1743
784	2983
726	2887
2777	3380
743	1868
1785	2024
2029	2589
33	3549
2589	3915
845	5035
1104	3825
7	3667
3975	4864
2162	4235
3019	4663
2776	5056
968	5054
3169	3487
4756	5184
3089	4124
1219	3653
1785	4582
308	2798
718	1125
1998	2210
1964	2420
1338	1655
3403	3769
2887	2916
164	3170
2870	3700
516	5188
928	1469
2300	2989
339	764
868	5054
157	3245
1046	3169
3386	4202
362	1657
2021	3916
2673	3300
1671	3843
2158	3652
120	4763
1417	2258
1878	2263
4034	4141
3562	4864
120	3075
2720	3308
120	1942
717	1983
2896	4285
1447	3120
1985	2158
5054	5113
3954	4141
120	3176
144	281
2510	3665
1716	3904
2552	5035
3169	4043
1131	2863
2215	2719
218	3594
3177	3225
2970	3025
3867	4031
3793	4554
4124	5175
3141	4864
1237	4222
1646	2258
348	495
1052	4906
2258	2339
549	3195
335	2158
2709	4673
1848	2924
4400	4899
578	4275
554	1996
3015	3526
67	5182
1237	2105
3602	4663
120	1790
3019	4046
739	2752
1380	3169
3341	4015
3167	4778
2000	4021
1007	2691
27	5113
156	5054
120	4247
2158	5054
1981	5154
95	2069
2729	3729
884	3498
3081	3804
1541	1785
1506	3257
3295	5127
1780	2065
2589	3382
2106	2278
3001	4608
2356	5020
2506	4625
192	755
2623	3169
2709	4318
3109	3257
2887	5033
705	4257
1236	3169
3435	4477
4608	4777
1127	2458
2372	4864
3169	4439
3529	5050
1166	2870
1447	3252
3509	4999
7	1192
609	3129
3881	3915
1469	5057
4106	4435
129	332
3516	3623
1378	4031
1691	2443
1338	3427
2141	4920
3293	4199
120	2882
2159	4864
316	788
1137	1741
137	3588
735	4864
344	5170
583	1237
4205	4920
2113	5177
218	3169
3071	3169
346	3169
1036	4507
4148	4401
120	4340
7	3167
2419	5217
1785	3888
1237	1819
128	2709
520	2256
3664	5050
852	1212
346	4477
1197	3387
1447	4625
3169	3489
1093	4663
3169	4217
921	5118
550	4466
3694	4997
1905	3381
3067	3212
1611	3912
2357	4130
1117	3915
2806	3435
2603	3969
243	764
3169	5153
7	4849
1469	1958
3804	5222
1505	4237
2934	4275
1736	2506
3151	5054
3602	4902
244	3229
520	4482
735	4141
1955	4124
3950	4864
3822	4909
733	2069
120	4516
2956	4665
3400	4899
3169	4113
120	4046
543	2589
359	3169
3652	4964
4237	4272
4304	4607
1785	3321
2258	4000
335	2434
191	2245
3710	4970
290	3804
1519	3910
3577	3766
2617	5156
3261	4864
1757	5157
554	4777
3015	3888
92	111
498	2273
1757	4063
1162	2240
4117	4963
120	853
3169	3787
3229	4442
180	516
824	3257
1780	2617
2144	2154
120	2809
3410	5244
3135	4031
1559	3756
1421	3877
1318	4275
2158	2936
3169	3772
2381	4663
2380	3975
2147	2768
1691	3975
137	1785
3573	3654
849	4477
1686	1983
1721	5184
566	1646
1833	4310
192	4895
4315	5054
3176	4993
1223	5179
3169	3591
1905	4573
554	4068
3664	4608
1602	2158
120	2673
2615	3198
2660	3169
2854	3807
4117	4355
773	819
3843	5004
2552	4756
486	3751
2357	4332
3642	3975
2902	5251
887	3979
1790	3237
3573	4864
729	3554
2273	4130
3566	4193
4141	4663
941	3877
2154	2998
37	3169
3290	3487
2552	4104
1566	2629
1469	2870
5	4089
189	4582
2012	2418
1022	3608
445	4911
674	2542
1270	1655
1003	2258
1182	3240
120	1495
1063	3892
2562	4841
3549	3904
1316	3802
2730	3169
3616	3825
710	4607
305	3169
305	3975
1447	3055
75	2987
2304	4073
1766	3506
1036	1905
3020	4148
1469	2639
3146	3250
159	3825
925	4889
1656	2159
1150	1469
483	5203
1895	4663
3010	3228
1892	3016
120	4032
1434	3167
3001	3700
2673	4795
881	5069
3169	4094
2286	2970
4577	4714
1566	1675
1785	4608
2033	3449
3110	3807
2685	5238
120	3103
2141	2827
889	3909
164	2751
134	3596
2603	2965
1237	4777
568	5094
2087	2117
1533	4744
192	1807
4087	4348
1641	2158
67	2158
1176	2258
314	5132
140	1561
917	2712
120	4551
743	5051
735	2603
136	1017
118	2131
849	4849
2989	4141
1099	3554
884	3169
453	3673
1968	3554
1543	1656
2085	5251
2088	4970
1155	1826
4199	5176
1878	5076
918	4106
1669	2797
1158	2664
1237	4796
1353	2709
1889	2993
583	3882
881	3169
2332	5241
2414	2526
4141	4158
4275	4752
1208	4366
1529	3334
3393	4003
2186	4909
1995	5196
1642	3596
1942	4909
335	3602
120	3096
1349	2632
2012	3010
918	1791
1349	1990
2987	4647
2528	5182
268	1574
120	4145
600	3026
2580	3169
881	3739
365	2617
1447	4217
2326	4778
510	4217
3660	4906
2827	4909
348	4315
3019	3169
5146	5230
3198	4435
1587	2775
1757	5184
1135	3039
1059	1549
683	1307
2258	3975
1272	2673
120	5014
1442	2887
1657	4031
1494	2158
348	4778
3504	4119
3432	4714
1469	5117
1942	3169
746	4666
2042	3169
2623	3286
2887	3694
1655	3203
3718	4257
1759	2432
2887	4301
549	2104
120	3715
2286	2863
1533	2154
845	2623
1833	5020
589	2128
5196	5244
939	3918
290	4073
1447	2064
294	2258
4700	5054
662	1240
495	4663
1237	4126
1967	3483
868	3169
3410	3424
3623	5050
419	3026
1721	3410
707	1333
2481	4778
348	1958
1179	2673
17	2559
1363	4021
979	4348
120	2861
1502	4920
3109	3169
599	2390
674	3459
566	709
1741	2104
1691	4988
845	4963
3843	4117
1447	2224
2378	3169
1887	3506
921	1182
1656	1696
1237	2882
1033	1059
339	3843
92	1278
3169	5213
1938	3169
3410	4275
3565	4477
2024	2357
120	220
3642	4066
3725	3874
2033	2936
2021	3884
583	1561
1587	2499
849	1183
939	4496
507	4909
1493	3408
2917	3427
609	3125
3019	4174
4359	4579
2338	5219
305	3141
3026	3700
419	1638
1447	3052
693	839
4343	4864
1192	1488
33	5107
1833	5246
349	4593
1237	4473
120	2512
344	4864
1566	3169
140	707
3896	4864
305	4335
3665	4864
1741	5222
2244	4235
845	1310
2673	2776
495	561
1127	4405
17	2158
4210	4310
839	2549
917	4191
999	3444
120	4752
453	2797
662	4476
332	1506
2887	4130
4330	5217
188	3169
1533	2887
281	3169
1138	4054
419	989
1237	4752
2414	4054
156	4192
4663	4970
729	3822
631	1736
1293	3169
1230	3169
2989	3835
1919	2632
4367	4864
2720	4049
3169	4244
692	2158
662	2915
1533	3764
141	4141
2158	2806
4152	4864
2673	3000
4942	5188
40	2870
626	3025
3290	3843
2894	3680
1026	3016
3109	3198
1642	1912
1736	2281
2244	4454
2434	2965
1127	5176
1444	4275
2304	3125
120	5244
962	1533
1779	4217
157	1602
1227	3492
520	2085
2273	4993
4089	4203
2820	4275
3352	4864
1696	3966
1741	2853
1488	1646
862	2589
2012	3169
1447	4166
864	3588
974	4336
270	2380
2128	3116
743	1537
156	1427
592	3807
2827	3565
881	1608
4089	5054
2806	3565
879	2826
686	2664
592	2887
1628	5179
120	386
2723	3169
33	3881
717	1362
1965	3293
2536	3039
2887	5179
777	4785
356	609
111	4864
453	2776
92	2731
1138	2646
348	1616
1127	3928
1469	2076
3169	3664
1002	2158
962	3012
5007	5251
2087	4700
1757	3782
589	3169
2190	4198
1958	3169
2258	3917
45	3747
4477	5054
1447	3332
4000	4864
3169	4213
693	1821
686	4243
305	2519
2814	4289
3169	3887
2775	2842
3169	5035
18	5222
2526	3885
1157	1998
3602	3843
225	3975
1608	5069
348	1053
642	1007
120	5031
2223	2510
1447	1948
2221	3440
4455	5054
2418	5020
255	989
3389	4864
336	3169
964	2544
2380	3602
3766	5010
1602	2385
148	2380
2303	2777
1576	5188
4899	5252
18	3410
29	2211
918	4849
419	1533
1783	4244
1007	1945
4663	4902
2965	4007
2452	3169
2393	3882
1820	4971
3529	4031
1002	4677
1237	3975
1469	3000
120	4033
1186	5179
3367	3599
636	2158
1030	3228
1021	1759
1642	2814
1741	2109
1293	1627
717	3167
621	1649
2673	2889
1582	2895
3705	4562
1359	3039
883	1752
1304	4970
2499	2863
1819	3769
120	3261
2887	4217
1923	3261
3410	4714
699	1656
510	2617
2418	4141
4477	4920
1274	1928
3367	3614
3654	5076
4608	5177
705	2158
717	1396
1644	5031
3498	3877
713	3261
3120	3792
1434	1484
686	2646
1447	4508
1155	1276
3628	5156
675	2632
177	3604
1574	2768
33	3295
335	4466
3367	3654
1879	3169
1785	3772
394	3530
1469	2394
111	4970
3169	4241
4243	4465
498	4442
1050	2565
120	2703
78	1083
92	1363
1157	3549
417	2158
3169	4562
980	1237
120	3295
1407	4608
2211	3380
3237	5050
353	1130
1237	4493
1208	5182
4720	4864
707	2389
970	4003
3212	3847
773	1225
508	1347
673	3001
1889	2215
28	453
3740	4938
3769	4046
1649	3843
1237	3293
3427	3975
281	1186
2806	3642
2211	3980
4494	5202
1127	2864
2995	5254
2936	3700
1820	4119
1318	2107
6	5154
2887	3739
1155	1534
3207	3937
2291	4671
939	948
1440	3498
521	2210
29	4400
453	880
1347	5219
632	4933
1910	1967
1082	1338
2775	3522
1744	4466
600	962
2780	4963
2113	4727
3177	3257
632	1363
561	4841
1529	4864
4104	5203
1964	4005
2673	5156
4191	4407
2031	5177
348	5046
2673	3856
1338	1424
3535	5031
2211	4447
1574	1729
764	2420
964	4048
2200	2965
1716	3167
1587	4864
2332	3015
845	2552
4031	4561
1457	4272
120	3680
1478	2286
3332	3963
92	1564
1237	4974
4141	4447
680	4958
1369	3566
2190	3927
939	5230
2885	3169
578	2211
2463	3169
3642	3885
483	4702
726	2158
1757	3856
281	1237
4119	4442
1561	1646
3403	5222
270	815
566	5050
45	1965
1422	2240
1656	2303
1447	4864
348	2993
358	2240
3382	3915
3596	5020
1469	2141
4066	4661
33	4355
2158	5154
2709	3594
172	4210
1967	2210
2596	4442
1505	2158
1449	2542
2158	3151
962	3969
3169	3207
1237	3602
3875	4141
1783	4237
1656	2927
2300	4466
3169	4847
592	1127
2434	3169
1968	4104
643	5050
1159	3169
2156	4608
883	3286
533	3169
917	2038
1104	1669
582	4141
1293	5023
4031	4714
118	2211
1610	4050
92	4909
2934	4244
3315	5054
2552	3975
589	1234
1533	4714
1469	4665
453	1295
2258	2418
1549	3912
40	3680
1478	1905
1910	2210
33	3867
2788	4864
120	2316
92	3773
3542	3778
2224	3710
845	2443
7	3798
1036	1967
4168	4683
3572	3653
3773	4555
2890	3778
3146	3804
198	1821
1561	4727
2147	4070
1237	2639
836	4119
1821	3623
3169	3503
582	2934
225	1158
22	1833
361	3169
3267	3516
4330	4803
4104	5035
264	4497
3293	3764
1457	1505
348	3332
2263	2846
2808	3888
1082	3169
3100	4963
7	2853
3109	5035
2632	5020
1747	3047
859	2589
1649	2085
1182	3623
3572	4104
1246	4444
1759	3136
172	2956
3628	5242
429	2934
2509	3169
921	1780
1107	1533
1141	3120
28	1127
1696	2254
3261	3370
2211	4970
2278	4864
1237	3026
1495	3026
316	1338
2889	4054
3169	5222
1447	2660
4972	5054
1295	3261
886	5182
3214	4841
2012	3613
120	4830
3881	4984
1833	1990
1649	2420
2814	3877
3459	5157
853	4911
1696	4141
839	2646
718	2147
120	4017
3663	4704
2777	4285
2258	4447
312	2211
2549	5202
3169	3667
1127	3334
255	1432
221	2709
4714	5130
3477	4021
2916	4244
2776	4454
1519	4704
3229	4608
2989	3403
2820	4493
40	371
1469	4405
3229	4909
7	1286
1039	2510
2419	4228
3885	4066
348	1138
335	3665
2623	5050
495	1295
3156	4322
2703	4963
1646	5050
2357	2479
1534	5190
2673	3988
3616	4272
244	1649
3427	4435
2189	4981
358	2147
3694	5154
10	3856
621	3169
727	4141
883	3198
1457	4089
520	5251
948	3240
7	151
3628	3904
939	3675
1493	2887
1183	3792
2245	4493
1656	4886
845	3700
3169	3614
1338	2515
2158	2623
3167	4714
3381	4573
583	2113
1293	4469
120	2603
2240	3807
1609	2970
2872	5159
1990	5020
693	4391
781	3843
1657	2147
1274	2617
422	664
2613	2927
1369	1478
1127	1747
2877	2987
2854	3503
2872	4021
7	4128
2898	4083
44	5033
1493	1608
1783	2945
1469	3562
2526	2887
3718	4566
118	1469
100	4466
2158	3446
1905	2144
3175	4968
3055	4609
1942	4921
677	2820
7	4987
228	1225
2443	4066
924	2887
3006	3169
2603	2989
302	1157
2145	2258
1744	3222
808	2373
2000	4785
2615	4165
2254	2991
348	739
33	3904
3740	4962
1225	1671
3169	4174
2847	4104
1039	1208
4141	4306
359	5153
1905	4864
1469	4846
2378	2934
662	1468
1656	2364
1295	4727
3804	4511
2084	2102
781	4595
1919	5154
344	3904
1469	4442
1237	2526
1652	3169
1469	4491
1279	4400
2065	3653
440	1033
3526	3588
962	2623
263	2663
1039	4921
752	3289
358	1096
120	3771
2853	3167
2451	2603
3207	4796
1915	2258
2211	4996
739	2727
2917	4104
3177	4663
3634	3843
244	2240
699	5217
3169	3594
1958	4104
4180	4275
3167	4311
2554	3169
7	1905
788	1736
1138	3026
1036	2808
3055	3071
3642	3652
2732	3900
120	4205
1197	2586
3572	3975
2528	2559
989	3648
1511	5050
4168	4864
739	1307
360	371
2451	4189
1677	4244
4272	4864
120	3892
264	1274
578	640
1549	3221
1029	3169
541	3904
37	2827
989	5054
739	2438
3334	5050
3016	4191
1574	2211
1002	1649
812	1807
1996	3804
864	3015
917	2451
1062	1669
45	157
184	881
881	3126
2589	4210
609	2864
92	3653
561	907
521	2956
848	2854
120	4963
3565	4608
3664	5207
4104	4964
141	4551
445	2660
120	3690
100	2559
2806	4608
149	4141
3652	4066
1889	2720
1650	2263
33	4311
348	498
3169	3798
3203	4031
692	4466
2158	2887
2861	4719
3228	4608
3698	4492
120	140
2332	3169
191	4714
332	707
120	4572
120	4454
3427	4920
348	2623
2511	4466
3975	4849
2144	4477
2829	3411
4864	5202
1157	2993
1469	4964
1495	5050
2731	4335
2519	3177
3710	3759
2720	4778
1574	4160
1574	2147
1646	2393
3010	4714
1237	2871
1212	2158
2076	4466
299	3449
2870	3286
3001	4217
251	3411
1511	3167
1656	2243
1237	2359
144	686
305	5035
3590	4864
33	3483
120	3544
3435	3652
3744	4235
1656	4168
4665	4864
2012	3225
120	1627
3039	3764
4014	4234
5	1223
2065	5179
4244	4706
1053	1955
371	853
2435	5054
2769	5242
3616	3918
2526	3020
1859	2087
3477	3588
1240	2509
1905	2913
225	2827
1062	2603
1373	2589
339	520
2258	4552
4241	5077
1574	2258
781	4579
686	1295
1338	3804
348	962
764	3602
1574	4869
1541	5090
348	1125
225	2158
2720	3554
2526	4189
918	3169
3017	4315
729	2617
3167	5070
1691	4920
583	2031
1096	1208
1212	3169
2139	3804
881	5046
1399	3361
3802	4439
120	604
1310	2141
636	1574
1444	2332
2356	4803
7	4841
137	3888
358	2299
765	4124
836	1469
2170	3169
2949	5020
576	987
305	4920
3016	4864
3937	4476
1007	1081
314	675
33	1716
346	1237
120	1724
1967	1998
2023	3250
824	1736
4909	5118
1237	5039
1724	3169
45	2896
989	1469
1741	5140
2530	3668
2708	4840
794	2158
1403	4003
3177	4608
120	4269
2777	4088
3664	4244
3792	5035
660	5238
495	5063
1928	5020
7	1107
2589	3881
33	4243
75	312
92	2549
964	1087
1620	4803
1347	3737
175	1469
1343	1944
2117	2806
2443	3885
1293	2676
1166	2031
156	1295
156	1349
1421	3924
3918	3927
2258	2688
1691	4756
1363	4148
1447	2087
2158	3491
1469	4040
508	773
18	2989
3624	5054
359	1307
120	5175
1351	2258
149	4864
1277	2258
4104	4275
4608	5243
2887	4003
2685	2993
120	2258
1381	3602
2685	4485
2158	3607
1295	2452
2806	3169
2069	5118
3877	5241
970	4841
2432	4864
164	1766
1022	3282
876	3944
2300	2987
2826	3139
849	2827
4435	4849
2664	4066
989	4960
290	3949
887	3176
1736	4864
3167	5156
2936	5175
2211	3306
4683	4756
3856	4963
918	2076
2827	3792
33	281
144	1197
348	3877
281	4876
290	2158
3875	4275
440	4014
2887	5154
1127	3554
1611	2231
2945	4442
566	2720
2991	4999
1609	2393
120	1550
2936	4608
120	3019
959	4615
2663	4031
2925	2989
1457	1783
75	549
1530	3250
1766	2258
2471	4921
120	2589
2452	5135
2211	3881
1383	1442
4702	4703
3033	5179
3039	5176
632	5035
3020	4141
4783	5216
2147	3997
1892	4294
2936	2983
1349	4909
1671	5077
1237	3859
2158	2308
507	2069
1219	2987
2845	4031
3229	4244
18	881
119	316
164	1446
2589	5241
136	2451
67	3843
42	2646
1192	2452
348	3896
2731	3380
1225	3718
3169	4422
664	2863
949	2989
764	2085
1921	5120
348	1942
1479	2109
348	3999
2420	5033
1848	2238
2609	2887
3856	4706
3885	4477
3169	4993
1440	2085
120	1630
1421	3411
1295	3169
2854	4217
1479	4608
520	1155
243	5077
335	1307
1020	1642
599	3136
2452	5054
3408	5054
3822	4719
305	4477
2258	3801
2381	3477
883	4104
1138	2031
1878	3602
4120	4984
1205	2528
1696	4677
948	1137
1179	2195
2158	4257
1968	2258
2282	3286
2451	2887
3169	3542
1427	1779
4032	4055
589	4783
314	1642
1442	2104
705	2646
2639	5054
1493	4608
1833	5054
120	3602
691	1447
1316	4168
3975	4104
856	4275
1440	1983
2904	4473
765	4849
705	5208
3417	3969
1955	3089
2544	3664
2186	4310
1447	3214
120	4517
120	4685
1022	2286
4476	4800
1237	1533
191	4539
1478	2109
120	365
2542	4083
2603	4970
2064	2147
1399	2461
1083	2263
2525	4210
7	1090
3927	4198
3153	4849
120	1480
3791	4130
447	1827
1157	1160
1050	1447
1104	3195
726	2936
2562	4864
2481	3562
347	1349
17	3609
1293	1511
3252	5054
2887	3613
2518	4043
2673	3389
2603	2778
2258	3120
1396	4087
3169	3609
2506	3169
1181	1237
2211	3663
2432	2983
3874	4785
2158	3807
621	3721
2814	3286
1319	4482
4909	4997
819	1347
660	3628
1505	4345
1127	1766
1131	3987
1237	2776
3170	4663
4666	4719
45	2847
3980	4275
410	4237
2559	4473
1158	3652
2811	4864
3169	3336
4020	4942
2880	3067
600	3169
887	4993
1506	2887
1103	3169
3306	5188
3167	3744
1609	1646
2945	3203
2827	5203
836	1237
1757	2418
18	3652
244	520
2279	3744
4473	4864
1656	4604
1519	4963
1574	3596
1878	3829
1237	4099
265	5107
767	4554
2727	3449
3532	4763
662	4054
3417	3804
2365	3169
686	1868
881	1219
1780	4359
211	2720
514	1649
2526	4382
2256	3481
1061	2917
2887	2970
2664	3565
1469	4477
581	1270
172	581
314	1833
120	2415
80	5182
2674	2989
3138	3654
120	3247
1138	1490
2916	3169
1574	4600
2378	4864
516	1671
120	2376
3313	3708
2518	4113
2708	5054
2594	4921
4256	4632
5049	5076
1780	3529
3609	3642
997	4974
3261	5188
1602	4727
2887	3877
2158	3594
1691	2141
581	1349
1104	5207
484	3754
1157	3822
362	3459
2688	5113
2639	4795
7	5054
3109	3572
1179	1642
686	693
2700	3169
4310	5146
120	4567
3628	5238
120	2139
2603	3128
1237	2930
3616	3680
2069	2109
1006	4614
3565	4104
1440	3766
541	1150
2211	4141
693	5069
120	1624
120	4897
303	4094
2708	5154
159	2258
111	3754
1237	1983
258	1237
1274	4864
881	2989
2548	3169
2434	2510
120	864
137	1198
2238	5179
740	4275
1469	3642
463	2147
2031	2393
3156	3825
7	1104
303	2519
4168	4970
92	1237
1087	3169
4124	4456
437	3169
907	2357
2989	3887
872	3167
2639	3596
2215	2380
2827	5035
5054	5202
3975	4756
1363	2158
1447	2266
3116	5153
1469	2526
2381	4332
339	1541
686	707
921	1087
4795	5179
2609	3008
1138	1488
2559	3453
1905	3382
4864	5037
4275	4447
1237	3652
3169	3702
2021	2565
1719	2413
516	1347
3167	4219
3804	4864
120	2036
1574	2064
157	3169
120	2357
2263	5251
1541	4257
2258	3835
5026	5054
673	4275
3109	3141
1381	3667
191	4960
2842	2880
417	1614
4439	4864
1020	1646
2588	4387
5154	5188
1127	2769
348	2076
3530	4141
1766	2956
550	4141
1319	2263
40	964
1646	2827
2956	4243
832	5127
2107	2820
2479	3257
811	2706
692	1237
2158	5046
1905	3504
1780	2869
1642	1833
348	3167
1752	4083
788	948
1490	3540
2806	5035
508	4739
175	4906
5202	5226
1968	4106
3167	3295
3969	4906
2656	4864
2255	3169
2434	5182
4237	4620
120	2546
592	2211
1757	3835
1479	3332
816	3509
1964	4891
2510	2709
299	484
1197	4920
120	3581
4666	4948
1072	2589
907	2589
853	1299
600	2526
979	4285
3167	5201
2708	5226
180	4454
191	2845
7	5188
962	5050
921	4607
1968	3169
2258	4089
2887	3170
710	832
1671	5219
2834	5175
2603	3261
486	487
1237	3403
3896	4408
739	3477
1721	2629
582	4275
1265	4579
1083	2306
28	3229
881	4240
1759	2147
332	3745
1302	5050
1531	4802
347	2186
815	2536
903	2276
1889	3021
1942	1995
2709	3634
159	1859
1270	2109
2158	3214
1183	2024
2158	2231
2720	3148
1821	4031
3257	3286
1063	1192
1117	3289
713	4148
1919	5132
508	2130
3228	3389
2936	5050
2537	3229
849	2676
1440	2128
3616	5182
3169	4704
683	1447
1741	4210
1469	4891
2720	4572
1602	3754
2302	3710
120	2536
2243	2258
2629	5118
2413	5031
778	3667
1208	3772
3410	4478
3000	4704
2211	3856
2158	4796
802	3019
119	120
1955	3988
2842	3067
2117	4124
3759	4823
973	4451
95	1237
3169	5241
1006	1022
2158	5243
1757	3487
1691	2615
1006	5050
962	1237
111	3425
1817	2258
1198	3888
498	1995
265	2887
626	2954
37	1363
1237	2673
717	5238
1530	2540
1736	1757
120	470
2470	2664
1921	4714
358	5176
686	2550
244	1574
1237	1995
4608	5046
4405	4435
516	1574
1780	4141
10	1656
1237	5208
4166	4999
3146	3700
3169	3602
2936	2945
2777	5176
120	4306
2544	3642
3286	3700
3169	3862
2258	4988
1469	1983
3425	3807
120	4811
1245	2239
3169	3495
44	67
1447	1533
1780	1912
1225	1447
989	3618
1967	2617
1237	2589
632	3988
1027	1237
3177	3791
2856	3143
1230	1469
134	859
92	191
1533	3773
1021	4088
1427	3169
1076	4582
2518	5076
1721	4803
508	5007
1447	1990
100	4706
3169	5073
120	1782
883	3109
948	4496
3109	3975
2664	3652
1859	3665
2254	4141
2700	2945
1493	4073
1447	3835
4986	5130
120	970
950	4562
3877	5050
3381	4124
120	4006
782	2797
385	1237
1127	3474
1179	2186
717	4020
191	3203
2381	4130
1469	4849
2105	2632
4458	5017
1444	2673
743	1479
3141	4920
999	3167
18	2887
4023	4141
2559	5230
3012	3554
120	2827
599	2864
431	3169
433	1741
6	1293
75	4704
1469	4348
417	1166
1627	5146
51	120
228	773
581	1627
348	3295
1741	4168
3877	5164
767	3214
1721	4864
2455	5130
2268	3596
1440	2799
1779	2033
3503	4663
643	3025
1929	4210
3613	4608
764	2128
970	1559
22	1014
1741	1848
819	3540
1053	2887
1948	4869
3169	4469
1293	3969
2983	3745
5054	5117
1131	4405
2458	3969
120	3698
1823	4864
1519	2989
433	1479
759	4442
45	2777
1646	4841
120	1381
3169	4536
2258	2602
1369	2481
1442	3169
686	4895
2759	4803
2544	3825
3176	4363
3754	4454
4497	4651
964	3680
2158	5241
164	1359
1469	3975
1179	3169
120	904
1752	3554
1440	4106
4275	4306
1138	4608
2566	4205
1353	2475
1135	1237
883	2904
1182	5146
2263	3481
156	2724
2141	4846
2065	5115
1338	4020
120	1469
67	3487
128	1878
1104	2458
228	1347
1533	2273
2087	5184
4054	4089
2617	4032
1803	4809
2485	5242
2917	4706
149	2211
907	2381
2443	5208
159	759
1036	1127
3462	3498
1104	1451
1819	3566
211	2380
92	2117
1237	4332
120	1434
120	4042
220	4275
1182	2702
332	1614
1519	4803
1158	2443
3915	4511
2623	2870
2559	2589
1349	2266
1182	1998
1236	3965
118	1254
3169	5243
4031	4752
67	2709
1682	3289
2537	4745
849	2903
609	1182
636	3169
705	3169
4070	4480
3055	3169
773	1671
100	2258
1757	3100
1186	3804
979	4999
4235	5224
2617	4911
3877	5054
3549	4971
2252	2273
2273	3289
2887	4493
933	2559
92	134
1444	1541
746	3169
1669	3352
1780	4714
4339	4608
483	4124
3462	4465
1116	2158
1721	4275
2258	4203
1696	2991
251	4469
1083	1650
4138	5179
2211	4023
1400	4864
120	2880
1096	4864
60	3169
1021	4275
764	5182
612	1892
1505	4465
3141	4104
3167	5242
1965	4845
92	2394
2709	3487
1171	3664
3257	3987
229	4963
849	3642
709	5130
859	2462
120	2107
1862	4763
907	3169
120	4502
881	1338
1088	1237
5	3049
4141	5254
1743	3169
484	3169
2496	3169
314	3702
4608	4727
1427	2814
120	606
520	5219
1768	2589
314	4796
1157	3628
3169	5217
964	1995
2158	2915
1117	2656
3803	4583
2496	4482
2144	2676
447	939
3049	4089
833	2709
2414	3010
2095	2936
948	3918
784	3195
1127	1821
3245	4864
1519	4454
159	2894
4573	4849
2753	4222
707	3169
2639	4796
580	4906
1293	4222
1205	1208
1374	4663
314	3596
3169	5023
907	3019
60	89
777	3116
2113	2515
4148	4513
1779	2808
626	3803
3694	5175
2956	3477
1610	5054
872	3295
2594	5147
1533	2526
1965	4199
1007	1736
3169	3403
941	4864
191	3969
1265	4257
2258	3289
3169	4332
3169	3408
18	1381
120	4500
484	2588
1381	5244
1606	2200
305	3652
3559	3988
550	2258
192	5154
941	1757
1233	3169
2258	2356
4615	5069
3710	5094
120	4938
1316	4962
1668	4752
2887	4920
948	1270
508	1225
1104	2673
120	4087
33	1359
314	2820
1671	3718
516	1483
3125	3665
3169	3735
3019	5213
294	4864
4166	5202
336	2945
1889	3002
2746	4141
699	2887
1469	5198
2537	3020
2258	2506
707	3882
1338	1996
723	1407
2190	4104
1237	2054
4141	4573
120	4109
1237	3245
191	2549
2887	4442
1272	3976
281	3892
2211	3410
1803	5134
2827	4477
3039	3596
2490	3483
1648	2372
3618	4454
120	861
2214	3652
497	5153
3169	3565
92	1821
316	3859
4405	4963
2452	3803
122	4304
1293	3652
120	4508
924	3266
1197	4405
2211	4921
7	2781
1179	4310
120	2594
3807	4454
2664	3642
1696	3402
739	3381
2987	4237
964	2904
1319	3952
4275	4343
120	4832
1029	1696
2993	3549
495	3377
1274	3807
1349	4310
252	3015
1981	3877
1469	3864
2936	4891
2130	3169
1502	2552
185	3843
604	1347
92	5132
124	1093
157	662
1082	4275
144	743
1533	4128
134	4180
2589	4400
120	2282
2113	4608
1779	2887
2031	2970
1696	4864
779	2673
3084	3700
120	4015
1895	2357
1995	3807
181	270
928	3445
1479	3892
2797	3268
3169	4126
788	4899
1447	4363
4577	4864
294	2448
521	1998
1059	2263
1046	2603
461	3498
1757	5202
2215	4997
2278	3828
4104	5054
2554	3668
881	3001
1985	2211
989	4607
314	1919
120	4583
2904	3680
120	4895
5072	5113
1469	2708
1469	3565
1117	1682
580	2211
1138	3451
4993	5066
594	3169
1741	2780
4523	5054
999	1889
717	4497
3257	4038
1469	3609
3275	3888
3749	4478
2483	5150
3143	3207
2663	4193
1237	4855
2993	5238
40	3616
2887	3001
27	4596
144	2783
3509	4359
75	599
764	2709
120	3663
3267	3509
549	1721
1237	4920
921	1919
1469	4315
849	3652
1179	1741
520	2475
709	3555
956	2526
3813	4275
4795	4796
120	5217
344	348
225	483
1127	4756
347	2877
788	4312
120	3268
1087	1427
662	1736
120	582
1158	2806
1104	3069
1519	2827
447	1741
1347	3540
348	4700
3549	4201
4899	5188
1541	2902
3803	4332
244	2902
2175	2380
1964	3566
1469	3169
717	2617
1780	4909
228	819
3250	5196
433	1270
1469	2916
1274	4275
1785	3588
7	3509
2711	4363
453	489
970	3647
621	1288
2158	3702
498	2158
2047	4864
66	120
3477	4332
1964	5154
5154	5196
92	4220
1082	1868
24	3169
1469	2847
2623	3988
2877	5020
853	2970
2559	3459
1155	4322
2956	4536
1295	1338
1646	2887
120	856
589	1059
508	802
2887	5054
2214	4165
4304	5179
1053	4141
1889	3822
1469	2158
120	716
1444	3403
1182	1741
2109	3562
307	1227
1076	2211
3580	3616
1347	3468
348	1493
2158	4043
2238	3169
159	964
570	5077
120	3841
180	4704
1649	5076
28	495
92	592
1495	5094
2420	4480
2317	4289
1237	5246
4607	5246
1493	3001
81	1351
1127	4466
2884	3169
310	1237
1649	5254
1073	1469
51	4815
1494	4068
317	1656
1483	4289
1237	1879
7	1779
1469	3491
2853	3295
1533	2519
2211	3729
211	1968
831	2144
1878	3138
120	2040
3702	4608
358	1785
609	4796
1493	5184
4141	4960
1726	2393
1983	4663
793	1208
1274	1362
3652	5208
852	1656
4070	4141
1447	3675
674	4237
4795	5246
2159	3169
1531	3286
1762	4864
2673	3240
1739	4367
2380	3628
344	3167
2418	4758
359	5120
1284	2087
3427	4864
326	1853
339	1083
1649	4963
1295	1479
1444	4257
3143	3169
2518	3116
2069	2526
2544	3616
1766	2240
2338	4963
1630	2720
4671	5217
1185	3120
2231	4408
2806	4124
1338	2393
3882	5177
184	794
999	2853
120	2833
693	4554
2887	3566
453	2934
129	707
191	4220
251	4864
495	4054
4210	5230
887	3381
251	2844
683	5120
120	2904
1208	3264
2304	4476
1278	4714
1803	5054
561	1093
3049	4043
4898	5054
172	5230
3109	4435
1469	2676
2924	3859
335	1457
578	5050
294	4663
1527	1762
3175	3804
2338	3169
120	4512
120	827
1716	3549
4841	4902
599	2326
970	3393
1355	5054
581	4210
1714	4981
2394	4054
2854	3477
686	3332
2646	5069
1682	4511
561	1237
1609	5050
4104	4435
2979	3169
332	1338
1314	3169
4600	5113
344	1157
592	2258
1307	1859
3665	4785
2258	4473
3904	4971
1006	1127
2673	3487
218	335
129	1506
120	4631
989	3969
4050	5054
1506	3877
2069	2224
2644	3169
3261	4163
589	3001
4496	4909
2393	3700
4577	4939
921	3648
4608	4795
1531	4608
1254	3440
1736	4294
1138	3710
120	3081
3169	3947
339	1878
2890	4803
4425	4970
2449	4987
4435	4714
631	1026
1469	3474
314	2632
686	3768
2866	4864
359	1483
1237	4666
489	1696
733	2987
1179	2987
1237	3956
2528	5017
1138	4727
1807	5159
3927	4909
251	3877
40	2544
120	2753
347	4310
3169	5039
3877	4050
1164	3110
3089	3792
120	3195
2887	3654
1192	5135
2485	5170
22	4348
3882	4608
1757	2479
3109	4963
2393	4864
686	1082
1416	5054
4275	5054
198	643
2991	4996
1627	1919
92	4714
1942	4325
487	569
550	4275
1162	1479
3109	4683
853	3256
600	4332
1155	3539
549	800
1087	2904
2584	4963
2991	3673
507	2356
191	716
1318	2820
600	1022
3295	4219
576	5057
1237	4671
1158	4477
33	4217
3997	4864
3321	3588
999	3628
120	2775
2332	4785
3737	4864
2853	3626
1606	3169
2991	4991
582	939
1447	4663
1131	3917
2245	2443
1199	4960
2827	3169
4031	5132
1493	5046
191	1655
1493	3410
2258	4900
1002	1469
2544	4988
2147	4869
120	4282
1938	4141
4714	4744
1561	1602
1127	2065
1488	2158
1421	3654
80	2420
1083	1980
2600	4864
1021	2603
3266	4763
1610	3877
2258	2949
359	3175
739	3170
27	3710
2266	5179
4497	5196
4869	5217
3026	4466
2258	4567
23	1225
3705	3708
120	1145
3564	4442
636	3614
989	2827
3169	3421
1179	1627
3169	4596
3141	4435
120	1674
2802	4552
1237	4539
1757	2834
1219	3802
4054	4113
3169	4582
3449	3773
928	3010
45	2258
545	1083
1141	4315
316	3069
2418	2673
1469	1779
583	1166
879	5050
4222	5132
356	3751
1656	1836
1493	2158
4663	5217
1531	1964
1782	2673
759	4988
845	4920
2485	3904
2451	2759
3169	4655
788	2302
225	3565
440	3952
1469	3411
4180	4864
3487	4552
120	1440
1450	3344
4106	4683
1641	3169
191	4020
1319	4117
27	2546
4275	4480
2380	3822
1743	4864
1656	1860
2896	3039
1199	3203
120	4287
839	3169
1531	4200
4043	4272
718	4615
2117	3822
191	5107
849	2664
3665	4841
707	1726
1223	3049
4608	4714
440	764
2031	2113
3588	4567
1277	4864
889	2033
3025	3169
520	2496
265	4969
305	845
3602	4552
1179	5230
4554	5009
692	5054
221	2720
1237	2663
1087	2870
2481	3803
164	1003
3131	4491
1531	3700
37	2615
2211	2883
4800	5054
120	3387
743	3169
1878	2902
1338	3963
939	3927
120	3988
3663	4706
433	4539
985	4113
120	4293
1323	4841
462	4439
833	1878
3817	4014
453	3169
111	4275
469	4714
1656	2418
1741	2799
2496	2709
1197	3807
120	884
566	705
2278	4704
1127	3267
4023	4466
2263	5076
4739	4841
218	2965
1889	3295
1447	3522
729	3987
819	1942
1652	5054
2128	5251
1998	4507
7	3169
1602	3963
2542	4554
823	3492
1447	3873
899	3169
495	4841
3169	4124
1889	3007
164	453
1483	2040
2158	4066
191	1237
2673	2949
1353	1878
3169	3963
583	1338
33	3680
67	5004
1237	3229
2332	4257
2104	2902
120	1269
1892	4191
76	2128
1237	3924
3435	3565
1942	2603
1179	1349
4220	4714
157	1237
1833	1919
600	3453
1421	2033
2158	4795
118	2158
2991	5241
1878	1981
92	2827
727	4166
631	1007
2945	3652
2934	4465
120	3119
2083	5054
740	4864
1757	3141
1237	5243
883	3572
948	5095
1142	3169
845	3109
4066	4608
1469	5145
1157	4971
3807	4315
1131	3169
2339	4864
1766	1913
2282	2432
2087	4469
299	4663
2117	4849
3740	4401
191	211
18	75
1469	1780
3169	3987
433	1237
156	3498
2258	2776
566	4087
3804	5090
520	2709
314	1447
2395	2673
4124	5203
1564	5050
1083	4770
2211	2989
3614	5182
2095	3554
137	4803
626	2916
1302	1417
917	1736
1614	4494
549	3673
4473	4962
1757	2159
134	989
2916	5154
498	1741
264	4864
92	1968
1027	2211
1127	1807
120	1380
279	4899
4405	4706
777	5182
5020	5246
1743	4809
636	2902
3257	3527
2381	3807
246	3169
1886	3169
7	3361
1493	2989
3565	3652
314	4304
2991	4023
1179	5146
1781	4332
1517	2983
3588	4454
4752	5118
173	2673
2655	3705
339	2128
100	185
2590	4113
928	4778
2887	4257
909	5054
3491	4608
3169	3175
3975	4846
876	3025
1270	1349
4168	5203
824	3527
28	4101
316	1237
346	1469
92	3427
1779	3503
419	5020
3979	4993
5130	5179
2381	3503
707	1609
3386	4447
453	3240
866	3199
4367	5184
3768	5031
2714	3565
1127	2844
2394	4677
581	5146
1469	5046
4104	4920
1237	1269
57	3198
2713	4921
3019	4130
1237	1641
3862	4864
1752	3825
2993	3904
2842	4454
2316	3138
374	4141
675	2258
705	4443
97	433
3751	4042
2777	3613
2887	4189
1166	5177
100	1527
92	4124
225	1469
120	2111
1905	3975
5238	5242
463	2240
1166	2970
120	3487
111	2065
2708	3623
22	4554
2987	4986
2443	4477
377	3169
57	4920
707	2113
3976	4963
2258	4582
889	3648
2087	4213
1274	4497
520	3139
3687	4141
1469	1995
37	1469
3169	5001
1833	5132
180	325
1469	1990
1995	2158
1691	3740
2380	3614
2559	4113
868	1159
709	4275
371	2887
1265	2902
3702	4477
1965	4285
1007	4407
251	4443
2141	4435
1587	2286
33	4971
4608	4796
348	5050
120	4242
3503	3807
3156	4043
3109	4492
3169	3839
566	1014
144	3169
802	2889
185	2965
417	4608
600	2158
2158	2970
1033	2709
3835	4803
540	3313
964	4855
1502	4435
1184	3751
1469	4727
710	5246
3427	4849
2870	4315
1347	1942
3602	4447
2549	5226
3262	4257
1608	2863
1493	4343
2970	5120
2394	4257
4054	4482
989	1780
3039	4864
566	1396
1602	4909
281	3881
1349	2186
1276	5153
281	3917
4032	4089
864	1785
197	3804
2258	3141
3010	3169
2970	3952
3228	3613
346	2664
4043	4237
3792	4849
705	4847
941	5020
348	4442
2685	3295
1905	2806
192	2443
578	962
2237	4899
1208	3487
2663	5132
37	1158
1985	5009
3740	3853
2095	2870
2087	4625
308	2843
1833	3596
2987	3599
1862	3266
2956	3740
314	5179
1999	4704
120	1479
1157	3295
358	1574
453	4244
1081	1736
1036	2210
1237	3153
759	4855
2916	3566
3851	3988
718	4938
3896	5154
344	4971
2526	2663
2537	4195
1181	2542
1780	3596
120	1678
440	1649
2128	4919
356	3169
2481	3167
989	4714
2993	3169
1138	1602
1652	3602
2189	3740
1608	2451
2308	3594
1425	3169
22	4193
1649	3071
4141	4244
1135	1868
2362	2510
864	3321
4043	4899
305	723
1363	2443
816	4015
1783	3665
7	2239
1318	4625
120	332
1531	5207
2141	3739
2617	4497
4141	4195
120	959
1578	2258
2170	3843
583	1646
2596	5154
1627	4480
410	3169
1223	3588
314	1780
1469	3151
2420	3400
120	540
2462	4180
1566	5034
1743	1785
2462	4282
1307	2915
1469	3702
1925	2258
2934	3141
118	4054
1965	5176
2117	4405
2802	3843
1127	3596
2258	4272
674	2211
5020	5061
727	2211
520	621
2544	5154
1274	4651
7	4700
1104	4999
3198	3257
2494	3969
773	1942
2158	4054
75	739
849	1158
508	3169
4089	4620
129	1600
2674	4702
4056	4275
445	2147
1537	2861
120	698
962	3516
1928	4048
1009	1149
3306	4148
1270	5118
2987	4565
1739	3169
2970	3963
1656	3462
3306	4275
17	251
2834	4803
589	3664
752	2164
1083	4043
2258	4158
2673	4573
1614	1912
845	3169
4785	5082
218	2554
3167	4971
662	4407
1009	3909
1265	3843
640	4909
2776	3169
1757	4720
636	2104
2956	4663
3975	4477
1062	3137
1237	3653
3169	4287
1531	2526
92	2069
964	3825
3594	4608
554	2435
1240	3169
2987	3228
1469	2664
1712	3526
739	3566
1766	4199
4124	4849
3169	3888
2211	4214
881	4714
1293	2158
120	3020
1741	3141
2617	4600
2904	5188
1204	4751
693	3793
1942	3739
2158	4442
120	4134
1574	2040
815	1574
1333	4802
4442	4493
1543	2258
918	3994
37	1741
225	4849
876	4109
342	656
495	3923
2554	3167
440	2902
2452	2485
1512	2273
3572	4920
1627	5132
599	4447
2887	3229
120	1965
2904	4948
120	925
707	2158
1648	2723
4442	4714
1752	2732
3652	4477
495	1657
4169	4275
2617	3167
3816	4957
2069	2934
461	1440
3146	3668
3417	4714
2258	4070
365	3261
918	3286
2685	5156
2540	2708
2286	2499
5054	5090
2211	4168
3565	3885
3282	3710
2212	4088
997	3169
3871	4141
707	853
4031	5115
305	3198
1443	2842
120	4596
1691	3518
447	4496
120	3873
2552	4467
1447	2974
2211	3967
3572	4031
1406	2258
743	3963
447	3240
170	4466
4310	5230
2603	5184
1223	3321
3169	3939
2240	4315
883	2214
2231	4141
1505	1915
33	3167
1157	4311
467	3169
541	3628
120	4294
899	1447
1155	5076
346	3565
1656	3887
2537	3827
1468	4864
1981	2083
693	713
1892	2691
997	2158
3588	5054
120	1192
5164	5246
2708	3632
582	4466
2179	4174
7	4304
281	1996
1602	5177
1307	5120
1469	4920
2158	3001
2154	5244
2887	4359
1785	3015
2609	2904
853	2869
1757	1860
3901	4466
120	1151
1425	3025
120	3654
4482	4592
1506	1646
1469	3245
1158	3885
589	758
1934	3212
2720	3131
859	2451
1104	1531
3169	5054
2552	3988
0	4906
4065	4228
4906	5083
2351	5094
3169	5150
1338	1561
1166	5122
2910	3295
1369	2983
4237	4809
1237	5240
1199	1237
4864	5175
839	3261
120	4054
1807	3292
3125	3169
2258	2700
1340	2589
2987	3875
120	5243
578	1417
3237	5033
40	1087
3169	4957
3153	4405
92	1194
7	3877
2211	3875
1105	5242
1011	1057
3987	5179
1469	3877
2896	4845
765	1955
172	1179
765	4168
3015	3564
1942	4864
1529	4803
2435	3773
5	4582
802	3169
2389	4469
1039	5147
2154	5056
849	2117
4104	5208
2419	3169
510	4864
3440	4009
3988	4714
4891	5154
2095	3000
2158	3649
128	1319
1968	2673
67	1541
777	2542
164	1407
2258	2479
252	1166
7	4620
4478	4666
831	861
177	2158
1440	3061
2231	3169
881	1656
2987	3229
120	852
2356	2438
859	1995
3169	4201
417	1138
1531	3988
2890	3609
3804	3915
2827	4849
1905	4168
640	3859
1063	5135
1270	4752
4439	4454
845	3141
7	3949
1169	1996
626	1138
118	3171
1780	2603
356	3754
27	3648
120	1522
33	3822
2393	4727
2806	4066
4672	5054
705	3026
185	5182
1570	4841
1650	4855
2215	2853
4476	4999
4163	4166
1642	3240
2141	3257
3019	3744
120	4386
2926	5069
3052	4864
1425	5054
3169	3782
2519	4554
2300	4864
3477	3740
1533	5050
660	1889
1736	3016
4507	4572
1578	2673
1447	3261
1029	2147
520	1541
3596	4865
244	1166
1803	4345
3169	3410
1522	2135
252	707
1494	2364
1889	3444
2884	3843
907	1533
1406	4141
1741	3624
2934	5020
1783	4567
2393	4608
299	2240
1915	2673
3566	4031
1230	2158
2510	3634
1905	4205
693	1333
1522	3019
4007	4141
7	1642
120	2778
3856	4367
3295	4256
347	5146
436	1980
4205	4849
1686	2853
1488	5190
1104	2732
2673	3141
445	853
3153	3562
3016	4407
2258	4573
27	1002
2047	2258
120	3628
642	1057
1197	3000
2258	4577
1531	1606
1158	1469
1158	2141
3169	3322
2158	2708
2639	4222
516	819
1338	3438
2088	2128
120	2613
3659	4141
827	3019
1363	2887
2846	3015
2673	3710
3710	4065
1063	5132
3169	5026
2154	4104
3000	4166
2211	4306
1416	2777
3673	4466
1833	4948
2481	3628
576	5054
1265	5049
120	3540
707	5056
191	844
92	2065
7	2351
1369	2258
445	3169
498	5054
484	5202
849	5035
2223	5054
2238	4864
2278	3471
3435	4066
1905	4435
3257	4165
2054	3169
362	1138
1363	1741
631	5020
2934	4124
3674	4582
2509	3483
300	1087
1736	4459
2211	4685
3151	4166
1533	3623
3966	4275
1183	5203
1766	2526
1780	2258
120	4401
205	839
1036	2141
40	632
1127	2993
816	1493
1741	4496
521	4467
997	1237
848	903
2064	3169
1447	1743
2481	4311
2993	5170
92	1127
7	3807
1442	2902
1151	1938
1254	2240
120	4455
2258	2544
1166	3963
2589	3554
3881	4963
2510	4237
3169	5120
3843	4579
2720	4294
1792	4497
1889	5156
445	1574
3257	4477
1082	2064
2945	4864
1493	5095
693	1316
7	156
2904	4988
3222	5118
1423	2211
7	4608
1237	3566
3554	3596
713	921
2728	4275
1539	3827
2451	4714
3983	4921
3527	4714
521	1036
2345	3169
3680	4988
3963	4608
1440	2087
1807	1964
3769	4706
3169	4480
2853	3596
3169	4584
707	5090
1741	5146
2700	4366
1338	1600
755	3169
1608	5056
314	5164
7	2724
128	4387
22	709
2232	4182
1127	1469
1295	4963
2483	2623
3380	4492
2806	4054
138	5050
251	2526
765	4405
2266	4796
1716	2993
558	5230
228	2889
2913	4168
1878	2802
2752	4963
440	1288
1087	5095
2357	3425
2789	4021
549	2158
1561	2031
859	2164
1446	3498
705	2065
2211	4180
7	1223
4282	4864
1678	3169
4709	4970
2528	3616
3725	4785
265	918
2589	3892
2113	4124
2864	2987
3000	4478
948	1237
1469	3177
445	2087
2443	2806
359	4442
1276	1878
37	348
1656	2232
859	5122
970	3756
3739	4141
1219	3807
2673	3250
2258	3875
3169	3491
3987	4970
729	2552
1531	2158
2878	3664
24	657
2474	5054
727	3513
2109	3751
881	5130
7	2205
2913	4405
37	3804
1469	5179
3588	4237
4043	4089
417	4727
883	1691
2602	4864
1747	4695
1741	4582
1017	2345
2786	2798
1082	4141
979	1781
1237	4318
2559	3344
2817	5127
508	2889
1127	4048
979	2603
2777	5150
1574	5063
578	1527
212	1527
1493	3146
1656	1778
4339	4554
120	2588
2211	4536
2485	4036
2273	4126
2970	5050
2240	5132
498	1519
2887	3596
120	3105
1627	4864
417	2031
2916	3877
422	1127
2589	3737
4864	5222
1219	4842
1293	2286
598	1574
410	1457
386	2147
92	962
581	1919
3503	4217
1922	5188
1967	4507
17	3019
1020	4960
2485	2993
1741	2781
819	1671
1879	2158
3602	5092
600	3803
1646	4727
581	5230
120	3073
1807	4060
1905	4756
483	5072
4714	5202
2286	5188
1889	2853
2240	4141
191	3566
2021	3351
92	859
4106	4168
1495	4054
358	2510
2887	3110
680	2972
2987	4219
836	3877
1929	5054
27	1483
2158	4962
120	357
1646	4988
699	1736
507	707
520	2840
78	2594
4244	4275
2141	3109
172	1349
519	2245
2211	4458
707	1469
4312	4864
2731	3427
120	4174
2069	3885
3012	4993
348	1944
2974	5217
2811	4275
2878	3229
258	4706
1624	2887
1533	3791
3169	4185
1559	5127
120	198
2178	3321
739	2887
2258	4117
1265	2088
2158	4663
461	2189
191	3315
3169	3928
3082	4247
3025	3110
122	1493
2394	4148
7	2243
92	4607
445	4306
251	2158
2211	2589
1511	2916
3334	5072
3266	3490
3295	3904
2887	3710
1310	1691
2393	2515
67	1878
1176	3618
778	3146
3293	4285
483	4849
3169	4339
2724	3877
2987	5020
3039	3293
1131	5241
3167	4256
2237	3687
192	2752
4237	4566
3498	5054
1166	1609
2211	4770
2024	4970
3653	4104
1995	2065
120	4335
520	4387
1533	5054
661	4454
1682	3417
2945	3756
7	2393
1995	4192
686	3367
3109	5208
718	1779
686	1469
1449	3459
1566	3410
1237	2540
661	2258
120	4249
1469	1968
2887	3664
54	1945
816	3012
1369	2158
3156	4960
1237	1511
773	3169
1780	2549
1127	1976
3169	4539
1272	4963
1237	5115
1138	3882
453	4864
120	164
4920	5208
60	495
120	3831
4345	4785
686	2861
1083	5251
3435	3642
1938	4275
2418	4607
2210	4572
849	3792
1447	3019
989	2887
2221	5253
2887	5177
705	5037
120	5140
521	2552
1517	5054
1135	5240
1912	3988
164	270
2158	4665
1373	3807
498	2617
1905	3642
1644	4722
2681	2723
2864	3120
1525	4864
1421	2936
2215	3626
1274	3264
2158	3025
1270	4864
4607	5179
2158	3565
864	1223
1338	1506
508	1671
3492	3773
3487	3843
1780	3749
4054	4234
3169	3786
2451	3017
948	1741
2033	2887
989	1655
18	662
1747	3592
2887	2890
686	1237
432	3169
3293	3596
540	2844
1785	3526
1082	1237
164	1081
1426	4864
2603	4070
3912	5120
175	3237
1072	2158
3169	3803
989	4180
419	4796
28	3151
120	1878
2211	4999
45	5176
520	1549
2012	4608
1469	3803
2519	3361
120	4522
7	4497
1878	5251
4803	5020
2910	3822
1457	3588
120	1270
2461	2609
35	3642
2214	4920
3403	4240
723	4683
17	1574
2609	3169
251	2632
371	4971
1922	3947
3282	3791
1608	3988
57	883
120	3018
2389	2706
445	3542
686	1919
292	3496
2443	3975
884	1087
2728	4467
1780	4608
120	4841
342	2231
1002	1859
129	549
120	2461
1531	3559
1495	3229
2211	3976
853	3212
2158	3071
2104	3169
1757	3389
3592	4166
433	2069
1740	2530
2258	3680
120	2047
335	3169
1182	4496
1127	1362
3169	3540
429	4141
2869	3169
1197	2834
1587	2863
686	3169
445	1644
2158	3169
120	4014
1910	4572
948	1821
3146	3169
92	3425
3110	3680
483	765
1522	1779
1955	3792
918	4502
1652	2802
2750	5132
294	4141
1765	3558
1757	3120
348	3628
387	3169
1127	2117
75	4963
2443	2827
2623	3151
1237	2706
1599	2435
1083	2902
1036	4572
3822	4988
2087	4869
864	3526
561	2317
2168	3169
2987	4089
4405	4920
1237	4607
773	802
999	2380
433	989
2260	3169
1533	5056
2549	4235
707	2435
3710	4727
4043	4582
3648	4031
1021	1063
1310	1338
962	4962
3422	3804
1741	5179
1889	2685
2743	3759
1905	4683
2673	4063
191	3529
2540	2887
1127	4507
3607	3804
561	4101
1656	4237
2154	3425
1197	3141
693	1338
578	4192
1182	3927
3596	4920
2268	4974
989	1338
92	3969
336	1200
2047	5020
1237	4400
1736	1892
498	3169
2656	3408
3675	3918
1237	2750
15	3169
2934	3856
120	4141
1425	4906
1369	4608
1265	3952
358	2232
1278	2526
2820	4020
2393	2559
1488	2113
1942	2141
2673	3120
1423	4443
881	1469
81	3169
2158	4777
2806	3885
367	3169
879	1511
2291	3874
2820	5054
2632	3596
1656	2700
7	699
80	2128
3652	3885
2970	3882
2777	3039
2536	3054
7	845
1125	4864
1359	2273
270	5134
218	2200
2158	3229
2987	3564
3169	5178
1007	1892
1417	1511
2356	4864
3000	3976
2037	2673
561	4938
3816	3864
3382	3498
823	4703
4988	4997
578	3237
29	2589
2536	2540
2555	4566
1157	5170
797	1421
1237	4042
475	5054
3167	4632
348	2916
191	1719
67	2434
1198	3169
463	4663
2887	2936
314	710
2211	3896
2542	3549
3529	3918
7	3767
412	4203
2945	3875
713	3306
2617	5035
489	495
1237	2753
3588	4864
92	3975
3927	4496
4439	4958
864	3403
1447	2243
839	4714
164	713
371	4068
1127	4106
907	4663
1237	2519
33	2065
1426	1447
2258	3673
680	2033
4237	4582
3602	3995
3169	5077
120	2646
3904	5242
347	5230
3055	4803
1293	3642
1158	4104
0	175
78	3169
141	599
2797	5207
3483	3994
1225	3169
2518	5241
1440	1549
1502	4477
29	4783
2916	4608
1533	1895
2934	3740
3509	3877
1295	2970
2215	3444
2419	3843
2056	4963
120	4003
3687	4237
889	1009
692	2211
2258	5054
3427	4683
558	3000
243	4847
883	1363
845	4203
1942	2258
1293	2759
767	839
378	4113
1965	3764
2509	2708
566	1469
4083	4566
845	3975
2258	3782
4007	4405
883	4920
631	2559
336	4688
1675	1964
3702	5154
2752	4704
764	5241
1488	3664
3773	5132
111	484
3109	4205
2304	4999
1469	5035
1611	3175
519	1237
4130	4581
1293	2258
609	3425
2258	5184
2393	3169
28	4841
3980	4141
3295	4971
2279	2673
191	419
3483	3949
777	3169
120	3142
1469	1765
3449	4511
1691	3885
5054	5181
2256	2673
120	374
1442	2394
1574	1657
1237	4031
4971	5201
2934	3100
1381	5222
1741	3969
1533	3237
3169	4785
675	5246
1912	4920
265	3850
2221	3019
2664	3435
3745	4909
1237	3295
5	3526
4244	4466
1889	3628
2991	3019
3793	4811
2743	4706
2540	3440
1469	1531
1671	4841
92	989
2509	4864
1531	3084
1131	3109
844	1396
4536	5054
933	4864
3710	5184
2664	4477
2258	4480
2600	3509
483	1183
845	2141
2589	2646
2258	5196
120	758
1447	4554
1628	3169
1182	3549
2617	5242
1126	2357
660	3167
314	3361
4315	4841
2629	3410
156	3169
1166	2393
2147	3247
765	1469
2240	3247
2165	5050
120	1432
713	5179
4439	4704
2158	4166
5203	5238
1349	1627
1237	3137
120	4670
191	881
1712	3321
764	3843
1319	2256
566	4348
2381	4070
1533	4244
412	1958
626	1421
1197	3245
1807	1956
2186	5146
1561	1726
4046	4889
440	520
419	3801
2856	4704
1087	2646
583	605
2211	3633
1752	3110
7	5196
1021	2462
924	3700
686	4166
29	4275
2393	2993
120	614
2526	4744
2036	2463
521	2240
2709	4405
2332	2420
600	1295
347	1627
22	2609
2887	4566
1896	4849
2542	3169
626	1307
3596	4796
1484	2037
755	3504
1182	4210
1026	1736
111	356
1396	2775
1541	3262
1138	3286
164	3740
2023	4341
677	2644
1712	5054
917	1007
1741	3813
1533	4243
1127	5224
1868	5037
4128	4864
3052	4325
35	2806
1127	1691
384	3822
1922	3261
2258	3659
999	3626
3169	4683
1027	4141
2094	3051
1696	2258
1138	3700
164	4386
973	4614
1444	4963
3877	4119
2090	3231
2065	4909
1859	2147
1449	4104
120	3356
1426	3772
3169	4907
2158	2656
149	853
3268	5179
1338	1427
3904	4219
2549	5031
2559	4106
7	1561
2806	3792
4141	4174
120	3871
2135	4763
120	3633
2656	2727
120	3256
1529	2258
3049	3526
519	928
2537	4210
1127	4205
1182	1270
7	1469
483	2827
445	2009
2526	4217
1022	2863
1741	4189
692	4864
1284	2554
2064	4625
2589	3417
713	2164
1117	2719
928	2817
573	2380
120	918
1995	3225
759	2544
962	3773
67	2332
1208	4237
2439	4148
2724	5054
2135	2681
662	3678
4199	4845
347	1338
120	2300
989	3257
2463	4714
3474	4841
120	1789
92	2663
251	3169
759	3680
2644	3483
3049	4237
2537	4468
3807	4355
2904	3825
353	5054
677	1440
1083	2256
1721	3668
1007	3169
2117	5154
1183	2827
1469	3675
1237	5050
1082	2211
2615	4920
849	1237
7	1323
120	3847
2312	4631
599	2743
1838	3562
1506	1614
1469	2753
1656	5054
1985	4714
1353	3440
7	5202
33	1237
1766	2451
4473	5175
243	2700
1295	3892
3169	3599
1359	3740
348	3937
1646	4608
120	2223
2818	2872
717	1469
765	989
948	1791
129	1338
384	1759
1182	4909
120	5003
2158	3700
4136	4166
120	5219
764	4212
889	1149
764	5219
3167	3444
251	348
1157	2302
4608	5150
1533	4195
1347	2889
2332	5033
3549	3628
1131	2266
1127	1427
999	3822
2924	4469
2753	4141
120	3807
2240	5087
362	599
962	1469
2676	2806
3141	4477
2394	3411
1967	2720
853	2623
2024	3807
1026	5054
120	4020
1434	5188
120	5066
2087	4663
1524	3141
2113	3169
2515	2970
7	1887
1150	3169
1039	3116
346	2158
400	5050
111	290
299	3212
2090	3508
1511	3529
1323	3169
3745	4128
2158	4891
1782	4864
2088	4921
1938	2258
1671	3169
309	4714
3827	4507
2596	3928
120	3994
707	2031
1656	3168
1319	2709
2623	4855
2088	3983
989	4909
3198	3653
3462	4243
1913	2109
1741	5230
308	2786
3169	4793
1421	4864
2802	4921
1868	3608
4128	4220
962	4702
417	5177
845	2664
417	707
2902	5254
33	2282
1373	4400
362	4864
1878	2200
225	3435
3875	5020
92	2623
2842	3212
3410	5034
767	4400
4405	4849
225	2806
419	3000
1611	4293
2927	5020
1716	3628
1237	1833
1447	4911
4330	4864
2209	5054
4099	4244
1656	3120
120	4036
4222	4304
495	1447
521	4507
1649	1878
4332	4663
3137	4031
764	5077
1137	1182
1502	2141
853	2700
3549	5170
1779	3055
2065	3572
305	3427
2083	2128
4205	4876
962	3237
118	3169
696	5219
1127	4971
1127	3558
4141	4578
156	2332
3169	4315
1096	1237
1087	1531
699	3807
28	1421
1533	3177
191	1780
3864	4864
1208	2139
3169	4432
1669	2528
928	4608
3549	4809
2200	3594
2673	3877
348	2970
3169	3647
3566	3917
1868	5217
1757	4168
2870	2936
2258	2655
2435	4066
1349	1919
4442	4608
2033	3146
2759	2934
964	2894
2128	3912
1369	1469
28	4756
600	1469
4199	4285
3198	4220
2537	5113
989	1237
1104	3664
151	2087
2676	3642
2024	4582
2304	4166
3403	4003
1696	4466
120	3189
1878	2088
2709	4921
3503	4332
2036	3109
1288	3169
1046	3854
1981	4244
120	4509
2095	3664
314	832
1821	4841
2434	3843
29	4921
1270	3675
1053	4124
305	3153
1859	1948
1561	3831
7	3462
483	1449
78	2697
1381	3410
2462	3410
1127	3293
2887	3937
589	3411
80	5254
1925	4864
600	4663
314	2753
979	2245
191	1493
332	2970
1608	2526
5066	5207
4566	4899
1138	2158
683	4566
852	2987
4104	4477
212	4714
17	3642
228	1671
989	3653
2024	3509
582	884
2509	3665
915	2372
243	1574
2088	3843
2128	5219
4920	5184
305	2987
1447	4833
120	2432
1502	5035
476	3169
348	1062
2303	2987
148	1104
3403	3869
2775	3069
764	3071
963	4466
3744	4275
3232	4803
45	4285
2420	3169
1157	1889
3628	4997
1447	4128
2223	3169
1198	4785
3245	5175
3792	4124
1182	3382
1063	1913
2506	3491
632	2540
1323	1469
348	2663
339	2263
225	2443
705	2332
2925	4141
1905	5181
874	3169
3015	4232
2240	4663
1587	3710
3381	4003
2934	3624
2244	3109
1447	3125
1237	3408
1964	2385
3626	5238
3975	5208
1469	3120
3169	4608
1237	5118
1028	2175
3026	3877
4275	4330
120	1862
1237	3411
2158	3665
520	1083
1649	4275
7	1685
1478	4405
4294	4407
1083	2083
1270	2266
1656	4508
290	1527
1449	2258
1279	3969
1338	3169
4199	4661
1741	2373
191	4561
2266	3596
2141	4124
4104	4683
1611	3275
1265	2170
1106	3169
725	3169
1469	3146
883	964
120	3240
2537	2687
1741	2105
248	1495
1627	4210
192	2158
3169	3652
3141	4007
3000	4714
1600	1614
3628	5165
181	4993
1600	2515
3504	4864
1574	2297
1780	2934
1027	3169
120	4065
1027	5183
2743	3710
3542	5054
2853	4210
2012	4663
1288	3221
495	2724
1107	1237
251	2887
159	4988
3198	4683
2232	2332
2304	3509
1780	2673
118	1767
4054	5226
3381	5077
1237	3487
243	833
1423	1741
18	4343
120	781
1369	2483
305	2827
1338	2589
662	681
120	1061
2723	4257
773	4459
3963	4241
1185	2869
1561	2258
4063	4275
17	4119
3435	3885
1447	2861
707	1506
1739	4439
2894	2904
2258	3864
1155	2518
1237	3910
2158	3667
1483	3169
2603	4458
718	4663
5154	5176
1349	1741
92	5179
120	2692
2252	3664
453	582
3509	4191
185	218
3440	4921
788	4783
3599	3614
1561	4608
2056	3554
332	2515
600	2385
3885	4752
1519	1981
1141	2437
1757	1938
1353	3169
710	2998
716	5156
1081	4407
1782	2258
2158	2393
3169	5124
1338	2164
886	1611
258	4141
92	831
1138	1166
3698	4999
3421	5059
2983	4962
999	2215
1609	5177
1076	3321
764	1878
339	1033
880	3169
2719	3828
2113	5179
815	1524
2775	3768
92	4939
348	3904
561	4663
3169	5244
120	317
1878	3487
3125	4999
1141	2934
1199	4031
1574	4663
2991	5140
2727	3917
1127	1488
880	1790
1424	3169
1036	2552
2902	3169
292	739
7	1237
2559	3825
2559	3963
3169	5218
29	3440
2380	3373
2273	3026
3483	4714
1656	2991
1719	4119
1127	5238
3470	3562
1955	2526
2656	4969
3652	4405
3596	5132
1157	3167
1083	1171
1781	4714
1237	1740
1363	4864
778	4948
2087	4348
129	1614
2748	4466
120	3262
1868	1983
314	4222
3381	4054
1868	3599
2889	5219
2113	2393
773	4454
765	1582
2844	4324
2466	3705
2671	3895
1295	1421
713	3744
3477	4663
1752	4948
1549	3990
4439	4963
2559	3652
1985	2989
859	979
440	4113
1338	2625
120	1477
1495	4671
662	5151
5180	5222
561	4607
191	1378
677	1407
561	1574
2750	4099
2934	4663
1062	2245
2945	4244
1889	3564
1316	2617
2775	2943
191	1657
191	3135
704	872
2566	4325
583	1602
180	3811
4066	5035
348	5163
764	1236
92	2365
1062	4235
1349	1833
3652	3975
4128	5107
2827	3652
1197	3754
3822	4311
3509	4476
92	3516
707	4476
692	918
2788	3169
1338	2970
876	3835
2887	3898
2260	4864
1484	2279
1511	5054
111	2887
918	2554
2258	2789
2889	4739
2087	4572
3306	4228
2211	4174
2244	4845
120	2927
2394	4232
2902	5076
3856	4275
1469	2156
1162	2617
1288	5049
918	2708
677	1859
1237	3649
989	3566
3432	4970
1237	3545
339	827
3664	3710
2777	3764
1919	5146
124	4003
3807	4869
4054	4443
29	788
1510	5054
7	3947
520	2697
2258	5208
1033	3843
2509	2869
120	4835
314	2211
157	2870
3652	4106
3602	4841
2808	4306
1862	3490
592	4663
1093	4454
2559	2724
2158	2954
1131	3653
2190	2490
817	2451
33	1157
3652	4104
4202	4823
172	347
461	1740
1151	1237
177	387
3474	4124
2158	2991
767	2991
845	4104
191	3739
2970	4921
3504	4988
705	1649
305	1197
1288	2902
2697	2840
2499	3282
2842	3778
2158	3492
140	1237
707	2515
4348	5127
2989	4275
2732	3504
2945	4023
3169	3427
1237	1779
1479	3169
120	2273
29	2673
120	3175
759	3110
2438	5179
1236	2424
2685	4778
75	4275
2753	4796
3924	4141
120	3963
35	120
3928	5154
2211	5163
4311	4849
92	845
739	5120
4579	4595
2117	4166
172	2186
40	2438
3403	4906
3526	4089
1833	5135
3403	4970
1039	5120
1237	1868
979	3169
3169	3170
794	1493
2252	4312
1127	5165
1270	1627
1668	3745
662	2158
1483	1574
1186	2770
2554	4608
773	2223
4193	5132
1995	5054
3710	4202
2266	5020
918	4469
2239	4199
120	1517
1347	2135
558	561
3793	3859
3195	4275
1505	4608
1416	1447
1549	4963
2258	4906
1675	2936
164	385
4237	5020
2033	4101
2603	4219
3616	5154
849	4608
192	3954
44	5054
4168	5054
2887	3411
92	4435
600	819
739	3802
1766	3642
3718	4706
1469	1527
1237	3268
1441	5054
2113	2158
2673	4203
1127	2303
2544	3896
4864	4926
1599	4864
2663	3915
844	2603
2727	2916
2510	3843
1237	1442
3710	4974
727	4864
264	589
599	3668
3410	4803
120	4055
717	2158
489	2526
705	4841
225	3652
433	2109
3169	3321
431	4864
558	581
2033	3169
3306	5069
1355	2617
3874	4345
743	5054
1155	1440
120	2262
1780	1821
849	3739
2775	4777
1131	4124
1669	2987
2147	4663
4210	5146
1519	2934
1716	5170
3153	4920
33	3628
2485	4087
2147	4600
1505	3169
1656	2987
45	4719
228	296
1537	1868
1878	3952
218	1995
23	3169
3381	4130
2902	5219
2304	4663
1506	2989
1469	2451
7	3143
371	5072
541	4311
642	5054
1889	5242
1237	1531
3169	4222
4663	5054
1434	1780
4435	4920
1656	2055
1987	3665
3602	4864
2562	4785
4031	4220
599	4168
347	1919
3382	4193
707	2970
3856	4609
1237	2158
120	3829
120	1559
1166	1295
2846	3169
1237	4442
4241	5054
1779	2282
192	1469
2743	4823
3169	4451
1270	4869
2596	3061
2519	4094
2258	3562
1297	4608
1530	3831
120	2631
815	3054
3169	3535
2743	4003
1541	5241
29	2603
3487	3616
498	933
541	3295
2266	5246
1469	3596
1964	3169
2357	2673
2540	3169
1083	1288
1270	4608
348	4899
4128	4141
662	3128
928	1237
3380	4141
3169	3808
1741	2663
3417	4511
1495	5243
1469	2875
120	2780
2673	3453
290	3539
2178	3169
1240	4864
2759	4408
1127	2724
255	3855
7	592
520	1059
1519	3881
4031	4939
3169	4942
1642	5095
1423	2934
2685	3167
4217	4332
541	4971
120	4485
120	4336
75	4706
3665	5004
2887	5050
3628	4311
2258	3856
631	1081
482	4275
1307	3698
4400	4439
2158	5120
6	2916
120	4909
777	4663
5132	5246
2443	4124
445	3740
486	4212
3459	5127
1919	2552
1533	3529
4117	5054
2956	3807
812	4986
1527	4864
1469	4584
4405	4864
1942	3012
1650	2420
1198	3054
3169	3988
346	1158
3397	4141
839	2673
120	1236
2863	3282
2777	3229
2158	5033
1057	2224
120	4021
707	1138
100	453
281	4974
4106	4920
3628	4778
2934	3200
3167	3626
172	1627
3509	4567
1488	2438
1421	2708
4405	4477
144	1537
852	3718
191	609
1896	2827
2165	3169
5035	5072
1107	4128
92	4752
1766	2147
1964	4608
431	5050
1716	3295
2987	5222
1381	1721
120	255
4192	5050
4849	4963
507	1780
113	3315
589	1230
1533	2158
4141	4343
917	2281
1905	1910
7	4513
631	3969
962	2065
2128	2902
1478	3109
1912	2542
1574	3853
1148	3169
120	2719
2934	4256
305	3854
609	3566
4539	4909
57	348
819	2158
3740	4243
4222	5179
120	2934
1127	1131
3025	3266
3772	4855
120	4823
1067	4573
839	4422
120	4932
3321	3526
4845	5054
3483	4694
2158	2252
4311	4997
1896	2623
40	4608
2708	3169
3130	3440
120	3417
2258	3747
374	2211
1530	2826
45	4199
1063	3979
4235	5226
1096	2673
1351	4864
1905	3153
924	3169
540	1319
520	1878
6	1469
3169	3912
3987	4442
120	3001
164	3033
1138	5177
3596	5179
705	2887
755	4141
4005	4803
191	4939
979	4608
4113	5175
1780	3648
3169	3261
1157	1716
1104	1685
321	2700
3987	4065
2237	4720
609	4031
677	3740
845	1502
1166	3700
5156	5170
686	3020
3169	4391
2158	3882
3015	3874
1779	4600
1919	4210
1349	5146
1440	3740
3169	4677
707	1600
120	3694
1474	2158
2147	2956
3275	3526
7	3856
483	3089
1237	1990
3764	4719
3710	3744
1022	1587
2376	4938
948	1182
1061	4615
2993	5242
2210	4507
4706	4920
175	2158
592	1442
258	4275
1457	4582
120	4802
120	4962
2239	2537
3071	5033
1522	4275
2732	4988
949	5164
1785	3275
1417	5050
558	1919
1995	2544
489	2776
832	4304
1237	5150
2639	2688
92	1511
3988	4148
928	1512
3286	4165
1832	2240
1522	1859
244	589
2526	4808
2565	3884
707	1602
4454	5157
876	2260
764	1276
3609	4849
120	683
1938	2603
469	3169
3245	4704
939	4864
1002	4257
40	5020
359	4482
2351	3710
3628	5170
2720	5238
1237	3427
2526	3069
3425	5202
3141	3975
743	1295
1469	2936
1671	2130
3039	3169
1469	1493
3169	4036
1469	3613
24	3614
3804	3969
2211	2983
120	4865
2673	4117
962	3267
1783	3976
120	941
1104	4007
3169	3613
948	1616
950	3740
252	3228
1614	2158
1319	5054
2380	4997
948	3927
498	5164
1434	1995
1138	2970
1245	4275
2485	4311
2087	4306
578	1995
881	2282
18	962
252	2537
453	2925
1237	5026
558	1237
180	3843
2589	3530
1618	3462
344	4311
192	2141
3652	5035
637	1440
836	933
1671	3468
3019	4999
1277	3710
5170	5242
2663	3773
42	2525
2673	5054
45	3169
764	3487
3293	5054
419	1176
2214	3257
521	1967
2776	4864
1237	3565
578	4141
453	3462
4702	5054
2198	5054
305	4963
662	2730
1614	3169
120	554
3025	4665
1721	3377
1656	3151
2714	3596
1434	2372
2031	4469
120	3082
1155	4043
1765	3169
4311	5165
2240	4600
928	2481
1237	3648
554	1494
3169	5046
1712	3169
2254	3403
2273	2829
561	1779
120	4663
3664	4136
1236	3035
1549	2561
1668	3153
3212	4911
228	3169
1046	2883
1349	4210
264	5054
1821	4073
1349	5135
348	3229
1602	4099
3807	4243
662	2135
144	3509
819	2889
3387	3771
89	263
120	5254
1910	2552
120	4361
1363	3001
120	5207
2863	2970
2394	3169
3822	4997
765	3109
1227	3987
2987	3782
2887	3648
609	5054
483	1915
1469	4469
1693	2589
3744	4141
4124	5072
2258	2864
3516	3529
1127	2731
2186	5230
2462	4706
3167	4752
24	67
417	1646
1007	4043
33	2609
696	2258
1423	4466
819	4864
1360	1519
4243	5154
3169	3286
67	1944
626	1316
3169	4473
2927	3424
2603	3580
120	881
2019	3169
4285	5176
1072	1964
120	4694
3565	5035
1606	1981
2526	3928
4165	4920
1310	2827
1030	2024
1347	3877
120	1528
2065	3120
1878	2709
1610	4864
191	5132
1533	3275
516	3807
739	5049
1765	2240
1533	4130
979	1766
136	2345
51	845
120	2254
2829	4864
1293	5154
1295	2109
1057	2303
1444	4864
583	707
3286	4104
3381	5203
716	3963
120	2528
1968	4608
120	1396
3710	4823
120	2889
2664	2806
1373	1478
561	4445
7	4639
258	4466
1490	2526
4020	4752
2135	2312
845	3427
2211	2987
100	4864
2243	5054
2875	3169
3049	3169
2552	4507
151	4443
3477	4217
2797	4812
1493	2273
2894	4988
1678	4963
1533	4611
2033	3286
290	3169
45	3293
17	1766
120	2494
765	1237
483	3169
3411	5061
520	1652
1104	2135
1511	3237
2419	4476
2617	3939
3169	3744
1451	4823
4435	4477
2926	3169
2158	2902
1225	1942
120	1277
3444	3822
483	4477
1868	3573
2258	3987
599	3710
3361	3756
3877	4677
2555	3718
2158	2789
989	2663
118	728
2263	2902
4443	5177
3039	4507
1087	3664
75	3710
54	662
1338	1614
2706	3792
1295	2393
1199	2245
2094	3313
1985	5054
17	2915
2552	3109
1602	3804
979	2451
37	3885
3129	3566
33	2685
33	180
4477	5035
3710	4608
881	2887
2853	3444
1628	2158
172	4310
2211	3975
1531	4732
881	1493
739	3169
120	4459
1237	3572
1602	2970
1278	5107
1712	2866
4191	4294
3771	5054
2211	2304
3529	3623
4677	5154
3754	4864
2807	4963
1980	3169
75	120
1736	4191
864	3888
1310	3642
1479	2170
889	1561
22	120
3700	4136
1237	1602
244	4971
1421	3881
705	2673
788	3624
1479	2845
4677	5054
1138	1609
521	1910
3745	4752
192	2414
4435	4683
3295	3628
2258	5020
120	4264
2731	4492
1741	2130
4864	5034
1050	2021
1197	1985
2617	4150
4796	5246
1655	3799
2797	4454
1237	1293
3801	4195
120	3559
1469	2623
4219	4864
707	4608
521	2165
2775	3169
765	3012
2065	4795
1198	2450
2870	5035
120	2924
849	3169
2673	4174
3175	4212
788	4447
3873	4864
1493	1821
2211	3099
1237	1270
453	5054
40	3110
1316	4101
1614	2393
755	3403
1736	4662
889	4727
1369	3169
1237	5181
120	4343
576	5127
970	4119
2827	5196
120	1744
1338	1602
92	4555
3169	3853
549	2373
4104	4511
4315	5179
483	849
120	3126
3001	5046
1444	2258
17	3803
1616	2297
1955	3885
2224	3509
3427	3596
120	4212
1807	2814
3877	4608
4311	5170
2300	2673
17	3169
2109	4193
4130	4443
3016	4294
1975	2934
1363	2934
2506	4054
400	1149
1757	5051
561	2147
561	1533
845	1469
326	2190
1373	2528
3975	4124
2258	4795
3084	4243
1512	2991
2256	4287
1524	1895
2945	5202
167	1117
3380	4104
3864	4963
4054	4101
2870	5154
1609	2031
883	4165
1671	2223
1574	4101
707	4469
2158	4727
3856	4141
255	2983
2708	3947
483	1237
3588	5175
2917	4963
3167	5238
3642	5181
707	1166
0	5083
739	3153
136	2526
1007	1778
4311	4778
717	3169
1757	3177
1323	4608
1860	3487
1208	3634
1469	3229
75	2559
4243	4611
120	4099
4203	4466
157	2158
1219	3586
2617	3667
2970	4608
1166	4608
1166	1561
120	5092
1602	2720
1469	1479
120	1125
29	4803
765	4106
120	2871
1319	5049
359	683
1480	3169
918	3229
2834	4864
3300	4864
1319	2424
686	5069
970	3737
229	4301
1895	4104
962	1511
2632	5132
2065	4796
3367	3573
508	1208
1533	1618
33	5170
1284	2708
120	4148
2526	3804
1270	3169
2012	2537
2993	5156
964	3306
7	2544
495	5139
1696	4704
2973	3169
1469	2095
191	1194
1166	4727
2378	4970
964	4719
1965	4661
2239	4439
92	2244
1363	2847
4663	4841
4828	4864
296	3169
2544	3229
1083	2588
180	4141
1493	2991
1719	3540
3169	3937
1669	2458
1276	3156
1736	4493
221	3171
3807	4536
316	3268
686	3710
281	1995
339	1234
3807	4700
582	1741
1447	4273
3169	3665
3843	3965
1469	5203
773	3128
191	558
172	3807
2390	4803
4841	4970
1652	2158
120	4958
3141	4706
3100	4141
2276	2916
120	4837
3169	4442
4864	5063
600	4962
3470	5072
1383	4482
358	3169
3626	3822
2240	2956
92	4180
167	3212
120	5213
1002	2394
767	1919
1878	3594
447	948
1166	3169
4117	4141
3624	4899
92	4031
743	1208
1107	5107
120	1062
2212	3665
2458	4988
3228	3289
3167	3549
2380	2853
314	2639
1559	3737
1103	4864
794	1127
3802	3807
120	4273
2540	2789
2420	4864
4727	5177
1649	2128
346	3885
211	2117
692	4608
2356	5122
1127	2439
1396	4348
773	5219
2211	3025
303	5054
37	2887
221	2972
1566	3502
348	1469
907	4608
979	1490
1671	4739
3169	4444
970	4141
2485	2589
2117	2827
819	3169
3055	5113
1919	2266
1338	3877
849	1955
1578	2509
164	4315
1616	4970
2232	3170
3019	5219
1759	3873
2769	5156
1295	1602
582	2989
2240	3477
120	1956
4285	4408
1595	4173
1505	4043
4864	5124
3678	5054
3747	4864
941	3403
40	2252
1373	2871
2559	3710
1329	2639
1757	2927
707	3979
621	1059
1533	2448
251	5198
1293	1519
1014	4348
97	4539
727	1127
2012	2317
941	1237
921	1349
475	510
356	3425
120	3583
2117	3001
120	717
1656	3835
3440	3594
2381	5164
2258	2393
4466	4988
2915	3169
541	5170
4104	4651
1338	4727
520	1033
1237	2510
1447	3468
137	2332
2685	4971
2141	3885
821	1369
225	3642
412	1691
1359	1478
1007	3016
636	1442
225	4066
1219	4454
1519	4141
1488	5135
1574	4021
7	2365
1505	1803
674	5130
859	3596
1646	2113
2751	2989
1853	4198
1519	3754
97	191
2154	4536
191	989
2158	2508
2240	3923
299	3947
3653	4714
2528	3710
1223	3526
3169	4257
4180	5122
432	3275
362	2797
359	4212
1537	3169
1469	4054
181	2282
1656	4843
1274	2887
7	1537
1656	3642
852	2844
1868	3039
1338	2158
2720	3055
3198	3518
1741	2186
2258	3744
218	4777
211	3459
453	3245
2240	3130
17	2211
3764	4285
1293	2827
1297	2158
2700	2987
1425	3021
483	4104
2033	4864
4244	4963
120	1197
599	1685
75	4200
4811	4864
5035	5154
3887	4021
1053	2827
1237	3264
2164	4803
1274	1359
1494	4608
347	1295
2844	3169
561	4704
2685	3200
1627	5230
707	2769
3000	4454
1657	3740
120	3990
589	3245
3295	5242
1265	3169
582	3710
3025	4608
371	1169
1107	4714
609	1995
609	4607
3169	4972
1447	5150
1131	2033
2896	4199
2660	5054
1469	5188
1399	2479
705	4306
37	2141
1942	2889
1373	3740
1519	3361
1457	3498
2263	2424
2854	2956
170	1208
589	781
92	4920
92	578
7	3549
1656	2047
1423	4141
37	4842
582	693
3015	3169
78	3705
294	3274
3105	3137
292	1696
928	5050
248	1421
2065	5050
561	2479
4193	4752
294	5054
2700	4864
120	4301
520	2083
419	609
2509	5219
290	2117
120	3055
739	5179
1212	2223
2215	3822
362	2887
2211	3801
1286	3963
2887	5046
3295	3549
1053	1237
2934	4181
1274	2720
1889	2380
229	880
3169	3802
773	4158
461	819
4921	5121
3169	4581
788	4823
839	1821
779	4275
872	3554
550	2211
2081	4803
120	4573
92	3877
3995	4864
192	3504
2164	2211
2258	4219
3652	5054
2934	3169
371	1996
1333	2158
4405	4454
1646	2031
40	4493
4864	5020
578	1511
516	2147
2685	4447
2889	3468
1002	3169
1237	3987
581	2186
739	1127
683	1611
17	2279
1225	4275
3240	3927
1606	3286
2164	2987
3509	3602
2802	3678
566	717
9	5004
693	3169
2970	4493
3634	4921
459	1237
717	1274
1349	2656
2806	3652
120	3506
3169	3999
717	5179
4168	4222
2211	2889
787	2178
1985	3169
118	4608
1063	1295
295	3588
3768	4141
221	2887
1780	3169
735	4906
476	1237
999	4997
2385	4126
3975	4141
1561	3169
2597	4926
2887	4124
4435	5208
3169	5114
181	4677
508	2223
3573	5217
1338	4608
1447	5114
2816	4243
4046	4663
516	2889
2147	5132
662	4608
1347	4459
3286	3614
3565	4066
3081	3169
2021	4210
2673	3747
2258	5163
3169	5004
2263	2510
3549	5156
849	3565
2069	2663
1083	1353
520	589
561	3169
883	2158
1440	3490
1381	5020
997	3156
2147	2518
1990	5135
989	1564
1183	3089
1307	3803
1200	4688
710	4304
578	4909
2972	3171
3356	4049
1627	4909
1407	2158
1343	3813
1293	3257
3313	3602
229	3169
632	3864
302	3169
191	1182
881	2258
743	3599
1644	4264
1646	2158
1779	3334
138	1396
713	4796
469	4608
707	1614
2094	3169
1779	4306
2937	4663
92	4222
705	1265
1421	3477
1905	5203
794	3421
662	2471
3149	4094
1127	3069
3146	4020
2147	5134
1469	3492
281	879
879	3881
2211	4688
2244	3744
2554	2724
18	5118
1511	1533
2432	2537
1859	4663
3125	4714
2258	4152
3596	3648
1574	2904
3675	3927
3137	4845
1179	1919
1434	4577
1208	1650
1780	4727
367	2509
2065	4315
3212	3778
7	5238
2380	4315
2887	3700
4138	5246
2263	5219
1766	2820
3877	4442
989	4911
44	1602
558	4210
1237	3492
120	3015
788	2064
1440	2055
180	4971
2263	4482
417	1602
2435	3642
508	1942
1169	4068
2189	2743
2158	2526
2231	3665
349	3869
3718	4596
1093	3169
2256	3654
2320	2589
4744	4963
356	2065
2712	4351
2526	3017
305	348
1646	2970
962	2165
2934	4128
3498	4582
884	4148
2245	4031
4054	4310
3141	3286
2479	2673
520	5076
540	2128
1353	2263
2025	2861
2784	3169
67	2510
1181	1785
2542	4993
120	2334
483	2806
2890	3069
1838	3470
1237	3529
1779	5113
2258	3072
2510	5182
113	419
1349	1646
600	2854
476	4864
1022	2499
120	640
540	3169
1347	2130
1743	5054
2258	4023
879	1227
3169	4275
4066	5208
2554	3073
508	3577
120	4089
2158	4964
779	3653
1265	4595
120	5156
1369	1807
2106	5094
4962	5177
1082	2258
2320	5054
716	3498
1919	5246
1493	2965
2709	3952
3386	4823
2258	3417
2438	3664
3142	3146
2589	2894
348	3146
1406	2673
422	4435
1274	5196
989	1176
1561	2393
3169	4709
707	1338
2279	3084
1295	1757
2223	3019
2031	4727
2720	2993
4332	4841
1090	3169
1434	3105
2135	3681
1157	3904
1757	4439
461	4148
461	5151
3169	4891
4763	4864
1488	2727
7	4539
120	4884
120	784
881	4073
251	2706
3169	4306
4104	4405
677	4315
4083	4480
498	2537
2510	4476
2623	3937
832	4138
621	764
3315	4031
1469	3652
118	3224
1766	3807
779	1741
3401	4094
221	3558
1981	3169
3096	3169
541	3167
1138	2113
709	2211
3444	3626
1304	4864
928	1519
589	2709
2158	2554
2380	5242
1985	2559
1884	4468
664	3169
2356	4089
3975	4683
4198	4348
120	581
2989	4330
2128	3952
92	2540
1053	1905
2954	4864
1627	3459
4066	4477
2629	4864
120	1027
4138	4304
1237	4054
4099	4869
2776	3740
609	2245
335	419
1036	1998
120	2743
2974	3665
581	4310
417	2393
2917	3490
4304	5246
2240	4088
1488	3449
4031	4960
849	3885
2258	3487
1440	5054
1347	2519
2304	5196
2109	5118
348	1691
1237	4193
2840	3169
1469	3332
3613	4532
589	2263
120	1792
33	4220
120	2991
3039	4199
17	2462
1919	2186
1985	4864
4033	4141
2141	3975
2394	2887
2706	4608
4981	5254
1053	1197
1138	2887
346	4066
788	4828
4141	4168
1780	3822
120	2800
1493	2479
3012	3602
2158	4666
4306	4970
1205	2510
2869	4106
1127	2144
2158	4803
483	3975
2720	4651
1125	4275
686	5230
3012	3261
290	554
2185	2775
1007	2281
1347	2603
2158	3026
453	3835
3440	3447
2875	4864
4202	4864
2481	3904
3169	3877
1691	3169
2145	4864
939	4493
2033	4608
4124	4257
1759	1995
2165	2720
3203	3401
2481	2910
699	2525
348	1912
4889	5054
1736	4407
1223	4582
876	3169
118	3486
3167	5154
1522	5007
75	3410
1490	1576
385	2936
2065	3425
120	4552
3838	4141
4244	4257
1712	4256
2743	4555
314	5246
2552	3596
1766	2164
2549	4422
918	980
265	640
1752	2544
1766	3988
3021	4666
1574	3923
1868	3169
1757	2949
92	1272
156	4719
632	1469
3653	4795
1574	2548
883	2615
4021	4141
120	5069
2827	4066
2069	4752
2844	5243
2141	4477
1396	918
4315	3898
4744	2589
2258	1447
4981	4938
4458	2528
4222	3596
1137	939
3153	979
5054	2168
3026	2936
1338	686
2186	1182
4465	3588
2817	1072
4408	18
4496	1137
3877	2708
3812	599
3169	1767
5243	777
2664	225
2211	1021
3403	811
2279	2037
4864	40
5196	27
2303	1741
5224	3137
3169	1506
4031	844
5023	2211
1878	1606
580	0
1736	1164
743	686
4469	2393
4405	2639
1928	1780
4104	305
5114	1493
2709	2088
5241	5033
4683	845
4359	1477
3756	3737
4104	3089
4756	3109
4200	3664
1155	572
3843	520
4841	4714
3864	3614
2263	1440
1338	1166
4141	3673
4031	349
3401	1561
3016	2211
3616	159
3017	120
4577	733
2870	739
2420	1469
2904	759
4841	4205
3877	2158
3240	1148
2934	1608
600	356
3262	2025
5154	1493
335	185
5020	3782
4027	2212
1373	1237
3680	1087
3664	2814
1646	1338
3169	1297
4608	157
3169	989
3654	1265
2869	1063
849	225
5175	3052
3000	453
4752	1741
3881	1237
3822	3554
2158	1158
2894	1752
2685	1284
4482	339
2664	1293
4439	1469
3586	120
4869	677
3807	600
3756	3393
5130	903
3904	2936
4408	4113
3754	3664
4920	964
4244	2673
1995	1427
3623	1237
3642	2443
5188	1608
4916	2983
1417	92
3975	2827
4536	3019
4695	1493
4141	881
4405	2443
2741	1447
3674	270
5063	2147
918	600
4306	2934
2258	819
5254	244
3642	3169
3624	1007
755	599
2806	1469
5009	4141
3459	2817
5179	2936
3252	1293
5154	1274
5031	4849
3988	1757
3229	281
3169	1928
3169	3061
3856	2603
1627	864
2711	1014
4864	4608
1570	7
3019	1093
2673	1860
4972	2617
1892	917
4124	2827
3240	1137
2158	849
3470	120
3410	419
2439	2117
1469	550
4119	3229
3225	3169
1469	180
4054	2827
3169	212
2589	2470
2308	1878
2844	221
5010	3710
1669	788
3937	907
4864	4310
3965	440
4704	3141
2927	2258
4932	7
5020	359
2549	693
4217	1759
1729	1447
1912	120
4191	631
3904	2685
2776	2461
5046	4046
3718	2844
4405	4205
2040	1759
4367	120
5120	1363
3313	1696
2639	2258
2332	252
2632	1237
2863	2026
5163	3403
4909	3773
3137	111
2263	520
3874	2282
3609	120
4408	2954
4454	2415
2806	37
4130	561
4435	3572
120	81
3169	1127
1880	668
1265	67
4017	396
1955	483
4447	699
1440	777
4113	3808
3892	1488
2452	180
2970	1002
4697	2088
4021	2282
4232	705
1469	40
4796	3653
1833	1447
4963	3410
3628	3626
543	120
1295	1138
4000	1447
2036	7
2024	1741
4180	3596
3169	1533
3751	433
4073	713
2797	599
4864	582
4408	1985
3169	2894
1184	662
964	759
4864	3694
5054	962
1175	120
3229	498
2769	1938
2589	336
2256	2127
3169	2780
3694	2559
4020	3694
4727	2970
4141	4063
4212	2743
4607	2887
1919	172
5118	2663
3614	1650
4920	2443
2887	2211
5073	4714
2902	1059
348	33
4663	2870
4864	1076
4315	1495
4865	4148
3856	549
4443	3169
4459	228
3340	881
4815	1002
2170	67
4493	3596
3169	546
3017	2435
495	7
2263	764
4070	3554
4220	2887
3509	1655
4864	1441
3183	1741
3110	2904
735	691
4561	120
1608	1087
4141	3468
4864	2395
4104	4066
5020	4800
621	79
4672	3708
4168	120
4685	4141
2902	2709
4763	784
4198	2490
2515	2158
5154	3825
4869	2956
2393	1602
2158	1442
4683	1469
3702	1237
4609	979
4841	1362
4960	2245
3169	583
2798	824
2211	604
5054	4608
244	79
3169	2131
2526	321
4104	3198
4756	3535
4130	3503
5054	2875
4608	1995
918	861
1533	600
1447	510
4192	1511
4902	881
5157	2258
3859	3508
3177	2158
3937	3449
4849	2141
3910	180
2831	120
4864	2789
3169	673
516	348
3888	3321
4141	1297
2232	1743
356	92
3665	2338
5022	3937
2826	765
3425	294
4608	997
2393	1138
3888	15
3717	2380
3664	2033
3015	1533
5050	2870
4189	1531
4663	2357
2141	883
2685	2240
4454	3749
2158	1295
4148	600
3997	218
1444	705
3084	1164
3096	185
1533	578
4240	4141
1628	33
4141	1021
2154	872
3855	1432
1237	1127
2211	1766
2663	97
5063	3019
2907	1021
3874	3019
1821	881
2987	2330
1741	119
4447	4202
759	40
2720	476
3169	2326
2896	1965
3295	344
4166	3019
4166	120
1469	498
4244	2258
5020	4719
4577	1656
2076	263
1807	120
4864	3856
5057	5026
4921	3169
2147	2040
3167	2993
3169	2304
657	221
488	120
4444	3455
3128	1656
4683	1127
2894	759
1319	520
2087	2064
3025	1655
5122	120
4972	17
3927	447
4864	2983
1887	33
3257	2615
3609	1766
2632	1447
4199	2777
4703	2526
4993	2670
2554	1995
3596	348
3653	2380
2673	1696
4210	2186
3896	2720
2663	10
3956	2639
4963	1780
3169	3072
4996	3616
4163	3169
4043	2263
2936	2916
3503	2158
433	120
4141	1975
3020	2775
495	265
3602	819
1059	764
5054	4577
3153	290
4439	1063
1310	37
5198	120
1721	1566
4909	1564
4240	1493
4845	561
5113	3334
1757	1400
4683	4477
5151	3169
4165	4104
4864	705
4722	1469
5154	1519
4332	2854
3411	2526
2332	1741
3602	1671
2688	592
1447	1319
4454	2759
1497	118
4988	1127
1655	543
3286	1561
4478	144
2991	1423
3039	1965
4745	3169
3169	294
4458	2589
5035	4939
4054	2887
3980	3169
4294	1007
2526	979
2887	516
3988	1260
3175	683
1469	656
4343	516
2615	348
3110	2732
4435	2117
3839	2158
3240	939
3626	2993
4017	3169
4124	1469
3549	3417
4886	2987
4672	347
5132	989
2258	258
4727	1609
4704	120
3540	2889
4054	2258
1469	849
3481	2085
2864	1447
3300	2258
1267	1155
5246	2632
4289	27
1444	1002
3099	1614
1179	22
4469	1138
4299	3759
2664	2443
3332	2869
4608	881
2603	1649
3000	1656
5054	75
3912	2085
4963	3141
4586	831
4496	1270
4608	1442
2385	989
3602	508
3477	1533
3169	2936
2393	583
4811	1087
4477	3427
1541	387
5050	4909
2205	821
4408	335
1561	1138
3604	1611
4243	811
4665	4408
3664	3170
3403	2162
1611	359
1669	317
378	120
3813	2934
3975	3198
3120	92
5238	4573
3581	1171
2438	600
3084	2526
2211	294
1533	848
3678	3169
5177	2158
4131	3169
2887	583
2887	1531
4212	864
3807	2087
5203	2806
5050	92
2956	120
1671	802
1421	1373
3143	120
2258	261
2211	1696
1574	1155
4185	1821
3061	2589
1199	191
845	37
3988	853
2040	1779
3487	2365
4405	779
4203	2720
5217	5181
5154	881
2485	299
3674	3169
4864	4552
2623	1338
4021	1942
2282	1759
1237	40
3886	120
4551	1780
5219	802
4608	1533
4756	4706
3169	962
4405	2917
1230	7
4494	2526
2240	1359
3975	1502
3798	2158
4054	1944
3477	600
1646	1602
2887	979
3915	1495
2706	37
2588	1319
3877	1237
5242	3822
2365	903
4864	899
4608	498
3275	2332
3949	3169
4864	3275
4969	3850
4592	1237
2189	7
2603	1608
4467	1483
4130	907
883	412
2878	1171
5054	2331
2887	2154
1519	1204
4442	28
2518	1574
4596	1483
4608	4054
3634	1878
2542	1803
4214	1028
5054	4311
2490	1853
1531	956
4508	2987
2252	662
5054	1574
3169	1726
5257	120
5188	120
4683	765
5132	2869
3264	1819
5054	918
3626	2380
1127	656
4264	3614
4141	3663
4824	2158
3909	1149
4128	1278
1995	759
1002	705
3169	1925
3250	1495
3440	1276
4315	3804
3975	723
4727	707
1104	716
1884	1166
4899	2102
4088	1889
5207	3700
2537	2525
3411	1530
4608	1628
5107	4714
1494	1169
4823	4447
4864	332
4663	3807
4752	191
3667	199
4099	3169
5246	2639
2806	1237
4391	909
4324	3718
4285	325
3888	3526
4031	191
4920	453
3827	2069
2902	1319
4803	3856
4130	3177
5054	2730
5163	4141
2081	716
918	7
1237	225
3382	314
4168	2589
4435	1469
2866	120
3328	2775
5050	3516
3169	827
2552	1396
1493	1484
4114	2898
5163	2887
3411	3267
4948	1230
1131	268
4562	118
3807	2147
4714	1691
4054	3700
5196	40
4109	599
3171	680
1259	120
3137	191
2158	907
4361	662
4960	3203
1716	541
4824	1237
4442	57
3710	3580
3898	3169
4999	4756
4442	2544
4864	3214
1649	1319
3167	2720
5226	839
3792	3381
4608	2158
2615	412
3169	2418
4468	1237
4336	1656
2887	1469
4572	521
5216	120
3462	3177
1239	120
5054	2084
4864	2237
4130	348
2898	1105
581	347
4803	550
4809	4442
1451	816
5170	3295
4795	2753
4232	3564
1942	1671
2158	1323
592	251
2970	583
3804	819
5107	4031
4124	4104
3169	270
3169	3100
3237	1417
4703	979
4845	1576
4222	2065
2559	1752
4407	1026
2373	120
1887	120
3460	2541
5241	5054
1278	1107
2526	2451
4582	4567
2158	40
1182	939
1889	872
5154	3169
3588	2987
1237	192
5156	717
4849	2904
4480	1543
4332	4130
2537	699
3904	872
816	290
3859	2750
4124	1821
3527	883
5054	746
3979	3176
2546	1237
2870	2393
2190	1853
4666	7
3169	3026
3602	1204
4663	1602
1469	1310
3667	693
4168	3877
4477	3572
5222	2991
3885	2664
1549	545
3019	495
4609	2258
2916	1519
1141	1127
5217	1766
3634	3169
3966	3169
2987	2278
2510	387
2526	1996
4727	3882
3286	2214
3167	849
3427	1757
1955	1449
2694	2263
3169	767
461	422
2528	1576
2113	1561
3169	1778
3275	137
2987	1125
4359	120
507	18
2632	120
4141	2258
3801	3153
1998	1396
989	752
1964	22
4631	2617
4647	3169
5242	999
2544	57
4513	662
2945	1912
3710	1176
2130	819
4469	2769
5177	1338
1488	739
3435	849
4970	3562
3875	18
3120	120
5122	134
4714	3887
2806	849
2777	120
2917	2189
1574	1062
4141	497
1609	583
2915	739
4007	2211
3877	2095
3737	2580
5054	2991
4583	1494
5230	1349
1905	483
2443	849
5241	1469
2827	251
827	228
2303	2145
4864	1026
5054	1237
4836	2240
4985	7
4180	859
120	45
2040	516
1757	675
1403	120
3237	1302
5176	3293
1359	1237
4497	2720
5054	794
3882	1166
2158	2031
1531	122
5077	802
5177	1561
3462	1061
4104	1533
3153	2589
4275	374
4348	1179
2258	1519
4217	3019
4454	3410
4237	2232
4439	1197
4469	2970
3710	2970
4727	600
2094	136
2031	1338
3965	2263
4632	4311
3169	223
5154	1469
1759	1493
4938	2065
4663	3740
5054	2149
3698	2559
3947	1574
2887	484
2934	1444
4586	2895
4477	3109
4332	848
3167	1889
2759	1141
3660	0
2826	92
5154	759
5176	2896
2490	326
1759	7
5135	5132
4788	861
4275	100
3910	1127
1469	726
3678	1655
1656	550
997	609
4920	3109
5163	4864
2720	2518
2245	928
1983	1759
2854	2381
4009	120
3710	2393
4971	3822
1990	348
1469	948
1451	1162
962	22
5020	2700
4220	3135
4620	2542
3212	2880
4823	1104
5050	157
3596	1237
1338	949
5222	1159
1061	461
4727	583
4430	2972
4477	1127
4202	918
2646	1923
2984	120
4864	459
4477	225
4739	1942
3986	1574
4963	582
2452	1836
2887	686
600	561
4104	3427
2600	33
2885	1293
1061	881
4582	3976
2526	917
4756	2244
3802	3019
4909	4671
2720	1752
3169	1347
5253	120
2720	1284
4803	1076
4864	3000
4054	2365
1650	79
5196	120
4405	845
3700	3664
2732	964
4969	2356
4754	1785
4478	3146
2147	268
5069	4938
4311	3295
4275	2107
3654	1878
1127	172
3864	580
2514	1219
3874	3169
5054	3793
4285	2451
2258	17
2065	191
5164	2814
2211	151
4608	600
5154	159
3549	1852
3954	1736
3240	2211
4222	1036
4608	2252
2943	268
4408	4330
4739	2130
3504	2021
2438	1028
1493	677
2113	1295
3976	120
2987	2927
5146	172
4106	120
989	859
5050	3267
2776	1757
4864	4425
1833	675
1671	1347
4986	1807
3665	2452
4971	2993
3008	631
4864	921
3653	2330
831	156
1265	1033
1117	239
4217	2381
3169	1937
1451	609
5054	1896
4702	1985
4138	710
2673	453
1469	251
3148	1624
1182	33
1878	589
2263	2128
4802	1766
4803	2808
4971	4311
1642	1469
1117	819
4109	2603
5242	120
3136	1104
2231	1741
5054	3253
4714	3835
4864	1759
4424	1208
2458	1237
4608	1363
2806	346
2889	1671
3864	2673
1137	447
862	120
4909	4714
3408	120
4249	22
5020	314
889	400
2987	2356
4864	3939
3462	1533
4141	2738
246	120
3988	2783
2887	1780
1276	520
3539	589
4864	3582
2987	1381
4141	2390
1237	489
2817	1657
1053	225
4282	2258
5127	362
4683	3572
3509	3169
3198	412
2252	1531
4237	1785
2373	1469
3877	2414
5077	3843
4840	3451
5246	1349
4442	281
4348	1903
1561	707
3229	3001
4795	2266
2861	1868
3001	1469
3648	2065
3340	1493
2987	2104
3257	883
2820	290
780	120
2211	598
3572	1469
5154	941
3110	1087
4458	2991
2056	1488
4285	3039
3999	281
2586	549
4796	4222
3351	7
4497	1362
3295	2993
2814	1531
4473	3764
4003	2380
1316	1022
4405	3257
4031	2065
1611	1307
2304	120
3169	2149
769	76
3169	2878
2685	660
1363	251
4343	1564
4999	582
5242	4971
3487	1265
2842	120
3549	344
3642	1158
2351	1127
4752	2109
4997	1127
3169	184
4504	120
2987	2714
782	120
1627	558
4739	120
1768	120
3169	794
848	600
3240	1741
138	120
2381	2357
2211	1656
1274	348
3799	2603
2158	778
3289	1469
4865	92
3403	2753
3792	483
3084	735
3229	2273
5035	4124
3804	1307
3827	3286
4579	120
2306	1171
1083	128
3016	1757
3822	3295
2786	824
4722	2144
4275	572
4754	2232
1233	120
3705	0
5034	705
4343	2211
5164	2632
4592	3169
3918	3751
2753	2639
3747	3596
4551	251
2934	2042
3822	2993
631	54
4926	4803
3698	683
3198	1469
5188	2673
1892	120
3169	2562
2970	2393
4141	1968
3976	675
3710	2603
3660	1123
1905	1183
1574	180
4714	4128
1889	220
3169	1126
1741	66
3559	2623
3681	120
5046	3798
3481	2496
583	417
4608	2887
3749	120
2797	578
1726	1646
2875	18
2870	2158
3035	508
4864	1035
3169	1611
4841	3739
5132	3648
4891	4608
5224	2244
4273	3169
3807	3740
4070	2211
2381	600
3573	2256
1197	933
4106	3120
948	33
4066	2141
3427	3141
2540	27
3141	1502
4454	495
3549	1682
5242	2853
1248	120
2827	2806
5033	3169
3594	1606
4906	1123
1021	18
3169	1998
159	120
5033	4608
2170	1127
4043	410
3169	2141
4864	2479
4466	4168
4198	326
4513	3877
1423	1028
3229	459
5196	3268
1039	359
4141	1766
5222	4948
4054	693
1919	156
4700	120
928	120
5057	656
5241	2540
2904	2420
4663	516
5154	3025
3910	2589
2916	881
3843	2902
5188	2279
2887	1494
4031	433
4795	4222
5054	138
3481	244
4864	4165
598	120
4210	347
2589	2056
5238	4311
3954	2038
3565	3167
3708	764
1155	128
4104	849
516	79
4864	2211
2589	1421
5076	589
1609	417
2993	33
4220	326
4824	3773
4500	2258
3229	3153
2211	120
5054	3411
3988	767
3015	137
3295	1006
3110	964
3167	2485
3822	3167
3222	2589
5240	4442
3572	92
2887	2814
4608	583
3710	1646
4843	1611
4608	225
4203	2987
3822	3628
4275	1912
1524	839
4407	1892
2731	765
3138	2240
3807	3477
1135	7
445	120
2617	419
5222	120
2158	979
4608	3151
5118	433
2542	1307
3169	2308
4109	2258
3410	1656
2395	2258
1138	1087
2186	1627
2934	1696
2175	1741
2709	44
4113	3665
2709	92
1417	962
3313	508
4130	1895
2714	1469
3896	1757
1976	120
2211	1649
3599	686
4444	1780
1541	177
5156	4609
4104	2664
3471	2106
1995	918
824	164
3137	3129
3513	2
1270	1137
4275	1423
1862	440
1183	1127
3700	1488
2904	2544
2956	1995
3573	686
3771	348
3483	3169
2415	1050
3250	2685
4785	3888
1469	739
1127	495
1446	1274
2158	881
4604	120
5054	296
3169	1208
1021	120
2887	1942
3675	22
469	290
1493	1447
4466	17
3804	3606
4168	2723
5095	120
4864	3282
3169	27
4156	339
3896	2483
3632	120
3623	962
2878	686
4960	3137
3321	5
459	348
4104	3257
5242	2215
4523	3411
3275	864
5054	292
2135	816
3380	2603
4864	1360
4683	3141
4970	2781
2603	1912
4554	3877
2012	252
4795	3572
1649	80
4865	773
5154	2970
5219	1130
2673	410
1237	1182
2673	675
3529	3267
3221	3169
1295	583
5179	1536
1026	1007
3025	419
4466	1721
5179	2753
4195	1314
3773	1616
4663	1948
3634	3487
2777	1965
709	600
4202	1451
3169	3151
2526	859
2371	120
3654	2141
2540	815
4752	433
3120	1127
4849	845
4752	2663
1741	939
3856	1656
4141	445
4435	845
2120	765
3710	2863
2273	2012
3232	3169
3435	346
2991	2420
4583	2095
1349	314
4997	1490
2916	2158
4864	755
3853	2240
4244	4021
2603	1519
1537	686
1265	781
2594	1208
5238	4222
3169	1407
2691	1736
3489	693
2709	244
4141	3835
2088	1741
2552	305
4310	1627
3169	609
2820	164
3592	120
4841	1942
4620	4566
2254	1447
4920	2904
4043	67
3766	1877
917	336
5054	1671
4785	3803
5170	3904
4163	461
1519	1197
5023	3827
4607	2065
3257	2826
3169	2829
3987	3008
2258	141
3329	2385
3169	1740
1288	739
5035	3975
4202	2458
1237	578
3069	119
686	558
3875	2991
3648	1928
4920	4683
3764	3596
2434	218
4712	3065
5020	4604
5020	3125
4899	252
1646	1295
2351	92
3822	3549
2515	1506
5072	120
4310	1919
1227	120
2869	1990
2956	1373
3169	2655
4043	1783
5031	794
3744	3668
5107	120
2827	765
4744	2451
3109	2156
5177	2970
4020	3822
2452	2056
3169	2135
5241	2420
1789	1447
4964	4066
2211	1444
3427	3109
3882	1646
2113	1602
2510	1860
2076	609
1182	447
2537	743
5246	3596
2232	868
3867	191
3577	3169
2708	218
4607	832
4864	1422
5069	1923
4663	2211
4073	3019
5177	2393
3652	2443
5054	788
1852	1297
3509	686
4275	3807
4622	1656
4202	788
3100	2673
2797	924
2244	1127
4615	1440
4467	1127
3169	3148
2887	962
4237	3169
1627	939
3169	177
144	7
2894	2732
4608	3492
4582	290
4311	2685
1574	386
3257	2916
4849	3642
5202	2887
4720	1237
4864	3393
5203	2165
2211	1519
4567	1505
4124	3885
1237	1062
2746	164
4828	1527
4663	3769
2528	2400
2738	118
4582	3049
5054	2299
1628	1338
4493	3169
3177	1295
1955	1905
4141	2395
4849	1905
4745	4702
2730	1785
881	111
4909	962
3487	1606
2603	258
4756	1166
4435	2443
4367	3995
4275	35
1879	33
3503	600
1302	962
4425	4166
3169	2435
3667	3596
4219	2993
5163	3169
3214	2708
4168	2258
2902	589
2510	170
4608	1020
5184	599
5177	583
2536	1198
1265	764
889	707
3877	29
5049	3169
2158	211
2709	1652
5107	4909
4697	3169
3602	2889
3221	2902
5179	1237
4478	2356
4865	1493
2158	2156
4244	3403
4608	1416
1447	188
3015	15
5154	3110
4703	1985
3807	1574
2594	2510
2559	2303
3169	1948
4685	4405
1741	1107
3398	2147
3169	2728
4909	4442
2240	1924
5072	2158
4050	1127
4958	1182
839	27
4289	979
2443	1469
4763	3490
3444	2380
1980	621
3737	3393
2485	281
1447	1237
1208	387
2611	120
3596	3169
4783	3440
3642	2158
4043	2232
3483	881
2432	832
111	7
1407	964
4325	2869
1225	27
1380	118
4963	696
3293	2777
349	191
2993	717
3628	3169
1407	886
4237	67
5054	1884
4233	1029
5054	833
5120	3735
3804	717
4847	2394
3169	2970
4608	1609
4311	3904
4212	1127
4756	4104
5054	3269
5217	3853
4864	2357
3813	3169
4141	800
1780	361
4909	1137
1036	141
2706	2158
2870	1531
997	120
3927	1270
3875	3403
3566	3492
1780	92
3169	928
4339	2158
3825	759
2554	2540
3169	718
3170	2936
5179	1739
419	198
3565	1183
3148	2458
3207	1093
4343	3403
3698	2304
4964	4477
3628	2853
1990	1642
4611	4130
4752	921
3988	2887
3153	1859
2065	845
436	120
4920	3257
3169	2224
3025	949
348	118
5127	1270
3764	3169
4343	881
3744	1766
2365	67
5184	4275
4864	4203
4911	3256
1237	255
2673	1082
621	120
2090	862
3884	1050
4367	1527
2065	1983
752	191
4962	495
5179	4796
4130	2519
4310	2632
3518	3169
3839	118
1780	918
3169	683
2991	29
2365	1127
4683	1502
928	752
3334	198
541	175
1608	713
3773	348
3001	2870
4920	3652
3904	1889
673	134
2789	1237
5207	2135
2485	2205
2663	2109
558	487
4031	1780
5150	2158
1449	1053
4315	1338
2904	713
4275	2021
3110	2894
2286	1608
3425	1533
4752	1182
2844	2085
4841	348
1752	159
1905	225
4948	3169
4113	2974
4971	3628
592	27
120	29
2702	2609
1964	1478
3167	2806
3802	1284
2540	1964
4663	1942
4191	2691
3937	2158
3039	45
3700	1646
4315	2087
2887	2393
4527	4031
4192	1533
1179	566
3754	864
1985	1655
4480	1757
3771	2080
3169	44
3804	705
3169	1983
5054	1696
1780	889
2632	1990
3169	111
2814	2589
3804	1162
2308	1606
1138	600
4387	120
4984	4841
5164	909
4459	1671
4533	1237
5054	2846
5054	2510
2709	1234
5054	3562
2559	2033
1611	296
2852	2385
5164	2266
4113	2243
1990	314
2685	151
4351	3843
3169	558
3739	33
5054	1219
554	371
4275	2927
3710	1104
2515	129
1493	1338
3169	1905
4506	120
3175	1440
2691	631
5154	2617
5045	120
5170	3167
5251	5219
2676	192
2987	2279
1646	707
5132	656
3892	2852
3740	885
3049	1457
4435	3975
2549	1600
3642	3565
4285	1127
4168	2673
2673	100
4287	27
3966	2586
5179	2639
2875	2158
4114	120
1656	305
4971	348
5113	2808
2435	2141
2223	802
2775	707
5035	3642
3408	7
4909	4607
4441	3169
2846	1083
763	120
1519	314
1179	581
3025	2258
1616	120
1469	1020
1656	592
4482	781
4752	4539
2588	1059
4921	4783
5175	1519
1284	739
1511	181
5054	4554
5156	3626
3169	353
4148	1783
2113	1166
4608	1158
3664	1237
4210	1179
1353	1059
1338	755
5219	1649
4847	2332
4758	120
4217	251
3427	3198
3664	251
4527	191
2887	566
3169	2874
4864	2252
4970	3141
4119	3756
1033	764
1237	777
3012	1968
2589	2244
1104	122
5124	3020
1942	516
5177	707
4456	3109
5177	244
4311	2993
643	120
1759	1574
4909	95
5118	3850
1966	220
1009	400
5020	1656
4244	2603
4454	3245
1611	177
5054	2814
2021	1741
541	120
2672	2299
4608	686
3596	1027
2351	1576
4168	2993
4065	3751
1912	881
2515	1614
4165	2211
1265	520
3764	120
1160	120
4968	3007
4666	3306
3628	2485
3778	2880
5054	2165
1490	797
3862	1447
4963	578
3807	335
3927	1137
4963	1053
4367	921
1833	348
2673	1351
3793	316
3937	218
686	24
4864	2974
2603	2304
1237	28
3652	1363
2144	1469
3156	3148
2936	600
3397	1155
3169	2009
5203	4573
5164	844
3203	2245
3744	928
4315	2887
3468	819
3545	2775
3764	2896
3237	120
2656	2065
2993	2215
4310	939
1469	92
4796	3169
4608	739
3759	2189
4615	4549
2526	1274
4348	739
5246	4222
5246	2753
1638	918
5230	1919
4663	2854
2240	335
4864	1574
1646	1166
3344	3212
909	693
4777	4663
371	221
4911	3740
1237	371
5054	2588
4332	120
3273	120
4726	3398
2256	589
2644	164
3169	2536
1712	295
4864	726
2385	1166
3324	120
4217	2147
4778	3827
5157	4714
3169	1039
4872	2211
1696	120
4970	2105
3329	3268
5217	5063
2263	2256
4244	1741
4909	3240
1602	1166
4608	1602
5184	3653
1910	7
3986	2211
2211	258
5153	1039
3843	2256
3854	631
5146	939
4920	3286
3562	419
4031	1719
5054	23
3240	1757
5218	120
4141	384
3596	1928
3573	3169
4685	3169
5196	717
3988	2646
3909	400
4191	1026
4847	1002
4864	120
3831	2589
4160	120
4031	1493
3169	244
4031	419
3237	739
5188	4864
989	609
3400	279
3169	2924
385	120
4066	1469
1488	40
5240	2515
2356	60
4130	2198
5182	2170
5188	156
2451	2245
3988	3306
1681	1522
5020	2211
4014	570
3492	2258
4582	4015
3361	2797
4275	40
2273	1028
4408	120
2260	1757
2956	600
2934	149
4573	4124
2064	120
3700	739
1421	1138
2987	2159
3572	191
788	371
2357	918
5182	3602
2526	643
2987	2258
3896	3169
4219	4141
5179	4507
2356	181
2158	469
5118	507
1958	1158
3675	516
5154	1338
4795	314
1265	180
3293	2896
2158	739
1905	1131
519	120
4714	4202
4843	3169
4063	120
1833	876
2797	1685
2129	120
5157	120
4895	4128
3169	1794
2870	2113
4031	686
4021	881
4732	2775
516	120
4141	29
2147	1533
5170	4971
3137	2244
4899	1638
2394	705
4823	599
2934	294
4217	1574
3988	2820
1469	979
1155	177
2362	1186
4608	4454
4727	2887
1198	815
4497	4348
3901	3169
1896	191
5054	4516
3167	2215
5246	1447
2934	578
4513	300
2751	33
5054	4583
4493	1338
2738	1852
1469	1293
5238	1889
5154	2483
4148	1316
5120	2934
4663	1533
4600	3169
2889	2223
4655	3421
3207	120
3175	540
4454	4435
4015	1469
4335	3380
507	60
2934	2105
1237	710
3169	836
3875	2934
5020	374
1691	1363
881	816
1677	120
4511	2435
4584	7
4572	1998
4141	3881
4310	120
2200	185
3649	2509
2660	120
5184	4180
2258	2238
4891	2273
2970	1469
2438	498
4795	1237
4864	1586
1250	549
3652	346
4066	849
2154	1020
3566	92
1319	764
3481	1878
3352	2372
2509	228
3877	57
5241	3262
4104	1502
3608	1279
3518	412
2965	335
1990	675
2186	1421
3169	175
1779	1106
2562	2158
3739	2708
3289	2012
4677	7
3169	1065
5094	2390
4939	2065
3529	962
3483	156
3680	1127
1425	962
3904	3167
2211	1780
4120	2458
4864	816
4909	3169
3628	2993
2306	120
2211	583
5156	660
2243	985
1338	1138
5165	4778
4997	2731
4124	3596
4244	2211
3915	422
4408	2875
4663	156
4400	3608
5035	1158
3483	3261
2380	2154
3764	45
881	794
3822	3169
3572	1502
2876	120
2970	417
2916	1766
4608	836
3772	3687
5095	92
2438	1316
5217	4677
2827	1905
2380	2356
4477	4106
3237	2936
4608	3607
3564	3169
4865	2240
4960	2987
4351	120
686	348
4796	92
3614	686
5217	1233
3613	1186
5154	2215
377	120
2031	1995
4752	2443
1447	755
5046	3667
4909	1237
4244	1803
4141	1444
2752	453
5037	1757
4124	849
876	543
2970	2113
5054	1076
4607	4138
2258	1608
2808	15
5076	1267
2510	545
2589	2113
2878	1995
5184	5175
4507	1237
3308	989
849	251
4237	4089
2526	2245
5072	4435
5238	2617
2916	2393
3822	120
3804	2164
4999	4663
4113	1237
4066	1158
2863	1117
4235	111
3769	3019
4192	962
5170	3822
3169	1779
3049	864
1878	387
4864	1741
5035	2664
2887	2623
4168	2603
3167	2380
5086	120
1928	1478
1696	1469
3508	862
2158	583
3169	512
2887	1600
3680	92
2878	1531
4070	3141
3822	2731
2240	769
3782	120
3169	1164
4920	3975
962	566
2258	1649
4663	4217
4607	314
3125	2991
4608	360
3084	33
3141	765
1561	729
5184	3988
3665	9
4962	3804
4971	1716
3802	1842
4166	349
4752	97
2603	582
5134	1574
4803	3462
5058	2211
5222	4714
3169	258
5035	4497
4964	2443
4855	1208
4849	4104
2894	2887
3408	2258
4101	1035
5212	3554
1578	120
4032	568
5241	964
3153	75
4921	764
3540	1671
5020	3389
4704	2776
4988	3169
3100	880
1541	359
566	22
5139	3181
925	717
3604	1649
5242	4311
5127	1657
2814	746
5026	656
4124	1183
4205	4124
3918	1237
2589	1151
5124	120
2282	1185
3917	3804
3544	1668
2258	461
5145	1807
1685	1657
2389	251
4920	3653
4663	2597
3138	2147
3262	3116
2588	2128
4864	1374
2866	2266
4219	1656
1434	1237
2826	1469
4294	3614
4189	2673
4442	35
3843	546
4043	1736
2026	1922
1981	218
5134	4244
2393	707
3411	2095
5175	1985
4590	3594
2359	51
1606	356
3498	2898
3773	433
4348	717
2902	339
2889	773
4482	353
3604	359
1484	120
3648	191
2586	599
1127	765
3628	3167
5188	1131
1316	705
4467	729
4174	498
3250	2485
4663	1440
3628	2685
5251	1549
1127	144
5203	849
1955	1183
3481	589
5022	3169
4405	305
4407	2056
4292	120
4289	3468
2844	1549
4516	2485
4963	4220
4968	1039
2833	1237
2065	686
4386	3169
251	37
4849	3169
5054	755
3169	2211
576	0
3275	3228
5188	1427
4306	2987
4220	989
4963	572
4136	120
4796	1469
5188	1164
4909	1919
4622	2987
3382	1237
1127	7
3665	1505
3084	332
3928	3061
3614	1860
3332	2784
3169	2956
4489	2720
4222	1469
3667	120
5077	2223
1450	120
581	251
4608	175
3527	2615
4608	3896
4275	3659
5120	1611
1469	924
3626	2910
4919	2589
1182	832
4663	1373
1002	157
2632	1833
4584	1363
4809	4089
4865	348
4387	764
3665	2580
2777	2554
2993	541
4706	3109
662	244
3257	928
5196	3642
3835	3169
4714	1493
4921	170
2506	120
4348	120
3170	2623
4608	1879
3100	453
5202	3892
4573	1614
2240	1029
4683	2443
964	7
3169	566
4043	997
4235	3137
2154	1877
3410	2069
3792	1141
316	75
3710	1131
2258	1922
566	138
1675	705
2887	1002
1998	1910
3565	632
3710	1608
5226	2589
4106	348
5076	78
258	120
3382	2186
1083	1033
2759	2559
3275	3169
5246	5179
2589	1696
1427	7
4583	2887
4466	3573
816	686
3245	2158
3275	2694
4202	1104
879	299
3653	1469
3807	1533
4478	1780
4864	3979
5114	881
3169	2724
4021	2040
3710	1913
4141	1649
636	120
4864	3055
4054	3411
1803	815
3401	120
1362	305
4312	2907
5120	4609
3169	709
5179	157
4477	3642
3768	1237
4128	2211
5134	3169
4739	1347
4841	1219
2449	1490
3565	2443
2450	120
1477	1237
5242	3626
2617	2364
4739	3602
1995	1171
1363	1310
4620	2555
2691	1026
2450	1319
4124	3642
3089	1053
2993	660
1148	120
3592	881
5054	5023
4496	3240
836	348
4148	197
5157	3979
3614	170
3710	740
4864	198
2158	252
2031	1602
3453	899
3754	1948
3146	22
3807	1440
5170	872
4608	2623
4683	4405
3648	92
4193	3129
4106	2210
4106	2887
5238	600
3245	3169
2727	1457
2887	1928
1087	778
2956	592
4661	45
4021	561
2806	726
1295	907
4727	3700
4683	92
3614	2594
3988	3100
5230	144
4809	4694
4608	1295
2258	962
4614	4451
2537	2037
3481	1319
3608	1237
4886	120
1780	1096
3877	2483
3963	1295
1442	924
2182	118
3282	2286
3344	3067
1533	1278
3792	1905
3565	483
4056	120
2993	2617
1561	1127
1284	884
3169	1549
4608	2670
1682	120
2273	2033
2519	348
5154	1237
3169	1789
4442	3928
4663	4566
2154	1529
4405	3975
3772	680
4210	839
4714	4192
4458	4141
4608	346
2158	1561
980	120
2991	2987
4981	582
4289	3169
4916	120
3599	3573
3596	1447
1646	1138
5035	3885
3975	3169
5115	191
5135	1919
3116	1878
2798	2565
2413	120
3477	516
3896	3207
4920	3198
4909	948
4477	2806
4841	1002
4752	928
5130	4439
5203	3792
1440	1160
4141	709
2945	100
4663	2256
4138	314
1338	1333
2623	2252
3012	2304
3700	459
2863	348
1912	1493
4671	3740
2844	2128
5241	4048
3803	3381
5050	2252
1353	1265
2691	1945
3509	1007
1928	347
2777	2258
377	44
4454	144
4552	2170
4160	1905
3545	918
5238	5156
1533	777
2887	40
1533	294
4148	1359
746	218
4869	164
5054	3653
2776	2450
4577	1087
4275	2991
5059	4655
4714	4330
3664	1964
3170	707
3626	1889
5132	1780
4864	3696
3975	765
4573	3792
3275	3015
2904	159
3367	2540
5054	2987
4192	3237
4124	225
4864	2759
3529	939
4981	2724
1440	65
2916	1493
4141	592
4615	2671
1104	599
5054	4963
4673	1741
4104	1469
4244	1505
3169	800
3936	164
2936	419
2844	1002
4124	1905
1204	1127
5035	4849
2552	1127
4672	120
5242	3549
1440	180
3440	2970
5050	1531
4715	120
3335	3169
2504	290
5033	1469
5054	4424
4104	3109
4493	3648
4294	1026
1757	120
4054	3804
3751	487
4166	1478
2258	1964
1541	705
2308	1237
988	120
3668	120
1212	348
1138	583
4864	1566
5254	2694
4608	1293
3918	3240
3427	2258
3001	1421
5179	710
4265	2139
705	498
4909	3648
5153	3496
2993	2380
717	459
3169	2515
3267	1821
2797	7
2198	180
2663	433
4864	3988
3100	2258
2887	2797
3169	2557
3944	3169
2273	1062
5033	4322
3744	3137
4971	2485
1628	1237
5177	3169
3146	600
5170	348
5177	1646
3710	2145
1780	1295
2245	1237
3495	1859
3169	3021
4677	1948
1263	120
2802	2510
5069	3169
4493	1780
4552	67
1026	54
3169	1426
5037	4714
1945	1026
3308	3169
2934	2781
2673	2555
2970	686
3628	3012
4803	3749
2869	120
3498	2617
120	42
2658	2589
2263	23
4424	3169
3596	1990
3896	2158
884	716
3577	773
2817	362
1495	921
3867	1020
2518	514
3623	3267
3089	1905
4864	312
4031	881
3012	5
2866	1686
1780	1646
3169	1995
3580	1669
4988	3110
4473	2205
4963	2834
2393	566
1293	251
833	764
5219	128
1488	1063
5242	5156
5190	2258
3169	225
5154	2383
1506	7
4714	4335
3987	1536
4466	2722
3988	1574
252	137
3855	120
3664	2870
2518	2420
3169	255
4215	120
4864	733
3380	1237
4532	1186
1803	270
4243	924
2663	191
4845	111
3504	120
1716	120
1227	299
1983	1359
4663	3877
2603	294
3997	2240
3793	2750
2706	1293
4180	1125
1494	371
4582	4089
5054	212
4572	2205
2896	2777
1533	495
1910	1036
516	489
3664	1531
3026	2673
3549	3516
3700	3411
4442	2589
3771	1729
4106	1469
4539	2663
3001	348
1780	7
4275	3896
2258	941
3169	360
1752	1087
3169	3117
3169	497
3653	1127
4864	4237
4454	3141
3503	2775
1237	498
4476	2438
4407	54
4141	510
1057	662
2258	29
4663	4359
4473	211
4442	609
2936	1087
3169	2076
1179	347
5026	1349
1469	716
3169	1351
2887	1657
3468	773
2945	1656
4608	3245
1039	440
3156	2902
4864	3425
3240	198
4841	4454
3664	1333
3470	1237
3169	325
3822	2853
3565	1158
5241	120
4845	45
3642	2827
1599	40
3613	1237
4614	1768
2708	2554
4217	1533
1343	662
4246	3130
3169	2954
5072	4920
2256	118
2258	2210
4608	2031
5179	3393
4864	2117
3169	2095
4864	3963
2128	520
4864	3410
4476	3169
2278	1656
1293	1138
3648	1434
2864	189
1265	904
1611	1039
1779	1072
5184	1912
2452	1488
5154	3554
3702	1533
4864	3072
5246	1990
2781	1227
2278	549
1896	576
4864	144
5188	2970
5076	5054
2731	120
4663	1779
1127	159
1053	483
2792	120
1741	44
1779	1447
4847	4257
4714	1096
2263	1649
3969	2945
1646	332
120	63
3969	1138
3880	1237
5054	2658
2185	662
5217	180
2720	2617
3440	1440
4408	3749
4348	2883
3664	3084
4289	1093
3602	2463
2470	1127
979	817
1338	7
5020	794
4706	3673
1600	1506
3747	120
2589	1359
4608	1230
3321	3049
4608	2656
3169	543
726	111
4756	2864
5165	2481
3012	122
4803	4439
2021	516
4083	1736
4572	1967
2158	459
4217	4021
2189	1061
3483	371
3321	582
4435	1237
2936	1237
4101	1779
674	113
4466	1444
4831	120
4243	600
4511	3109
4130	2854
4473	1100
5117	2158
4573	1469
549	120
5069	3261
5219	2223
2394	2332
4476	3446
5069	3119
4663	3739
2970	1561
3668	1741
3169	1447
2056	1063
4573	483
3169	2672
4407	2691
1649	1083
3381	1183
4174	1757
1396	22
4141	4109
2158	1166
3169	2087
2827	1469
4803	2927
4909	1477
3071	1083
2158	1609
3710	2158
3609	1905
3153	120
1062	609
5122	707
3228	2414
2970	2540
4469	3332
4292	2589
3109	1502
3937	1141
3885	225
3169	3156
4106	1646
3169	2814
3793	576
5069	839
2887	92
3169	2258
5127	921
4507	1910
4257	1649
4141	3976
3146	120
1884	1600
1072	707
3822	1127
3156	1155
4811	4198
5051	2673
4203	883
4442	836
3807	1859
4785	1307
3882	1602
2088	1083
4622	120
2200	335
3169	3001
4243	348
1447	469
4473	716
3648	1887
2510	589
2273	2025
4608	2526
3169	3052
3976	3526
4332	3807
1905	849
4988	883
604	540
4999	3577
3963	1138
2420	2158
2258	1096
4685	1440
4042	881
4899	4639
707	44
1237	265
1083	589
3549	2847
4727	1141
3381	483
3859	2797
4104	2141
1564	962
884	461
4864	1561
3169	1541
4926	2258
4244	2154
2934	2449
3896	2673
3000	1424
2904	2732
4703	2451
4148	1360
4688	1033
2552	2435
4191	1007
5020	3835
3240	1237
4677	686
3380	845
3896	1469
4244	4148
1183	156
3895	1081
4066	3975
600	360
3198	1502
2826	1131
2827	1363
3019	1602
3389	1237
2991	2304
824	308
4359	514
1743	868
2983	784
2887	726
3380	2777
1868	743
2024	1785
2589	2029
3549	33
3915	2589
5035	845
3825	1104
3667	7
4864	3975
4235	2162
4663	3019
5056	2776
5054	968
3487	3169
5184	4756
4124	3089
3653	1219
4582	1785
2798	308
1125	718
2210	1998
2420	1964
1655	1338
3769	3403
2916	2887
3170	164
3700	2870
5188	516
1469	928
2989	2300
764	339
5054	868
3245	157
3169	1046
4202	3386
1657	362
3916	2021
3300	2673
3843	1671
3652	2158
4763	120
2258	1417
2263	1878
4141	4034
4864	3562
3075	120
3308	2720
1942	120
1983	717
4285	2896
3120	1447
2158	1985
5113	5054
4141	3954
3176	120
281	144
3665	2510
3904	1716
5035	2552
4043	3169
2863	1131
2719	2215
3594	218
3225	3177
3025	2970
4031	3867
4554	3793
5175	4124
4864	3141
4222	1237
2258	1646
495	348
4906	1052
2339	2258
3195	549
2158	335
4673	2709
2924	1848
4899	4400
4275	578
1996	554
3526	3015
5182	67
2105	1237
4663	3602
1790	120
4046	3019
2752	739
3169	1380
4015	3341
4778	3167
4021	2000
2691	1007
5113	27
5054	156
4247	120
5054	2158
5154	1981
2069	95
3729	2729
3498	884
3804	3081
1785	1541
3257	1506
5127	3295
2065	1780
3382	2589
2278	2106
4608	3001
5020	2356
4625	2506
755	192
3169	2623
4318	2709
3257	3109
5033	2887
4257	705
3169	1236
4477	3435
4777	4608
2458	1127
4864	2372
4439	3169
5050	3529
2870	1166
3252	1447
4999	3509
1192	7
3129	609
3915	3881
5057	1469
4435	4106
332	129
3623	3516
4031	1378
2443	1691
3427	1338
4920	2141
4199	3293
2882	120
4864	2159
788	316
1741	1137
3588	137
4864	735
5170	344
1237	583
4920	4205
5177	2113
3169	218
3169	3071
3169	346
4507	1036
4401	4148
4340	120
3167	7
5217	2419
3888	1785
1819	1237
2709	128
2256	520
5050	3664
1212	852
4477	346
3387	1197
4625	1447
3489	3169
4663	1093
4217	3169
5118	921
4466	550
4997	3694
3381	1905
3212	3067
3912	1611
4130	2357
3915	1117
3435	2806
3969	2603
764	243
5153	3169
4849	7
1958	1469
5222	3804
4237	1505
4275	2934
2506	1736
5054	3151
4902	3602
3229	244
4482	520
4141	735
4124	1955
4864	3950
4909	3822
2069	733
4516	120
4665	2956
4899	3400
4113	3169
4046	120
2589	543
3169	359
4964	3652
4272	4237
4607	4304
3321	1785
4000	2258
2434	335
2245	191
4970	3710
3804	290
3910	1519
3766	3577
5156	2617
4864	3261
5157	1757
4777	554
3888	3015
111	92
2273	498
4063	1757
2240	1162
4963	4117
853	120
3787	3169
4442	3229
516	180
3257	824
2617	1780
2154	2144
2809	120
5244	3410
4031	3135
3756	1559
3877	1421
4275	1318
2936	2158
3772	3169
4663	2381
3975	2380
2768	2147
3975	1691
1785	137
3654	3573
4477	849
1983	1686
5184	1721
1646	566
4310	1833
4895	192
5054	4315
4993	3176
5179	1223
3591	3169
4573	1905
4068	554
4608	3664
2158	1602
2673	120
3198	2615
3169	2660
3807	2854
4355	4117
819	773
5004	3843
4756	2552
3751	486
4332	2357
3975	3642
5251	2902
3979	887
3237	1790
4864	3573
3554	729
4130	2273
4193	3566
4663	4141
3877	941
2998	2154
3169	37
3487	3290
4104	2552
2629	1566
2870	1469
4089	5
4582	189
2418	2012
3608	1022
4911	445
2542	674
1655	1270
2258	1003
3240	1182
1495	120
3892	1063
4841	2562
3904	3549
3802	1316
3169	2730
3825	3616
4607	710
3169	305
3975	305
3055	1447
2987	75
4073	2304
3506	1766
1905	1036
4148	3020
2639	1469
3250	3146
3825	159
4889	925
2159	1656
1469	1150
5203	483
4663	1895
3228	3010
3016	1892
4032	120
3167	1434
3700	3001
4795	2673
5069	881
4094	3169
2970	2286
4714	4577
1675	1566
4608	1785
3449	2033
3807	3110
5238	2685
3103	120
2827	2141
3909	889
2751	164
3596	134
2965	2603
4777	1237
5094	568
2117	2087
4744	1533
1807	192
4348	4087
2158	1641
2158	67
2258	1176
5132	314
1561	140
2712	917
4551	120
5051	743
2603	735
1017	136
2131	118
4849	849
4141	2989
3554	1099
3169	884
3673	453
3554	1968
1656	1543
5251	2085
4970	2088
1826	1155
5176	4199
5076	1878
4106	918
2797	1669
2664	1158
4796	1237
2709	1353
2993	1889
3882	583
3169	881
5241	2332
2526	2414
4158	4141
4752	4275
4366	1208
3334	1529
4003	3393
4909	2186
5196	1995
3596	1642
4909	1942
3602	335
3096	120
2632	1349
3010	2012
1791	918
1990	1349
4647	2987
5182	2528
1574	268
4145	120
3026	600
3169	2580
3739	881
2617	365
4217	1447
4778	2326
4217	510
4906	3660
4909	2827
4315	348
3169	3019
5230	5146
4435	3198
2775	1587
5184	1757
3039	1135
1549	1059
1307	683
3975	2258
2673	1272
5014	120
2887	1442
4031	1657
2158	1494
4778	348
4119	3504
4714	3432
5117	1469
3169	1942
4666	746
3169	2042
3286	2623
3694	2887
3203	1655
4257	3718
2432	1759
4301	2887
2104	549
3715	120
2863	2286
2154	1533
2623	845
5020	1833
2128	589
5244	5196
3918	939
4073	290
2064	1447
2258	294
5054	4700
1240	662
4663	495
4126	1237
3483	1967
3169	868
3424	3410
5050	3623
3026	419
3410	1721
1333	707
4778	2481
1958	348
2673	1179
2559	17
4021	1363
4348	979
2861	120
4920	1502
3169	3109
2390	599
3459	674
709	566
2104	1741
4988	1691
4963	845
4117	3843
2224	1447
3169	2378
3506	1887
1182	921
1696	1656
2882	1237
1059	1033
3843	339
1278	92
5213	3169
3169	1938
4275	3410
4477	3565
2357	2024
220	120
4066	3642
3874	3725
2936	2033
3884	2021
1561	583
2499	1587
1183	849
4496	939
4909	507
3408	1493
3427	2917
3125	609
4174	3019
4579	4359
5219	2338
3141	305
3700	3026
1638	419
3052	1447
839	693
4864	4343
1488	1192
5107	33
5246	1833
4593	349
4473	1237
2512	120
4864	344
3169	1566
707	140
4864	3896
4335	305
4864	3665
5222	1741
4235	2244
1310	845
2776	2673
561	495
4405	1127
2158	17
4310	4210
2549	839
4191	917
3444	999
4752	120
2797	453
4476	662
1506	332
4130	2887
5217	4330
3169	188
2887	1533
3169	281
4054	1138
989	419
4752	1237
4054	2414
4192	156
4970	4663
3822	729
1736	631
3169	1293
3169	1230
3835	2989
2632	1919
4864	4367
4049	2720
4244	3169
2158	692
2915	662
3764	1533
4141	141
2806	2158
4864	4152
3000	2673
5188	4942
2870	40
3025	626
3843	3290
3680	2894
3016	1026
3198	3109
1912	1642
2281	1736
4454	2244
2965	2434
5176	1127
4275	1444
3125	2304
5244	120
1533	962
4217	1779
1602	157
3492	1227
2085	520
4993	2273
4203	4089
4275	2820
4864	3352
3966	1696
2853	1741
1646	1488
2589	862
3169	2012
4166	1447
3588	864
4336	974
2380	270
3116	2128
1537	743
1427	156
3807	592
3565	2827
1608	881
5054	4089
3565	2806
2826	879
2664	686
2887	592
5179	1628
386	120
3169	2723
3881	33
1362	717
3293	1965
3039	2536
5179	2887
4785	777
609	356
4864	111
2776	453
2731	92
2646	1138
1616	348
3928	1127
2076	1469
3664	3169
2158	1002
3012	962
5251	5007
4700	2087
3782	1757
3169	589
4198	2190
3169	1958
3917	2258
3747	45
5054	4477
3332	1447
4864	4000
4213	3169
1821	693
4243	686
2519	305
4289	2814
3887	3169
2842	2775
5035	3169
5222	18
3885	2526
1998	1157
3843	3602
3975	225
5069	1608
1053	348
1007	642
5031	120
2510	2223
1948	1447
3440	2221
5054	4455
5020	2418
989	255
4864	3389
3169	336
2544	964
3602	2380
5010	3766
2385	1602
2380	148
2777	2303
5188	1576
5252	4899
3410	18
2211	29
4849	918
1533	419
4244	1783
1945	1007
4902	4663
4007	2965
3169	2452
3882	2393
4971	1820
4031	3529
4677	1002
3975	1237
3000	1469
4033	120
5179	1186
3599	3367
2158	636
3228	1030
1759	1021
2814	1642
2109	1741
1627	1293
3167	717
1649	621
2889	2673
2895	1582
4562	3705
3039	1359
1752	883
4970	1304
2863	2499
3769	1819
3261	120
4217	2887
3261	1923
4714	3410
1656	699
2617	510
4141	2418
4920	4477
1928	1274
3614	3367
5076	3654
5177	4608
2158	705
1396	717
5031	1644
3877	3498
3261	713
3792	3120
1484	1434
2646	686
4508	1447
1276	1155
5156	3628
2632	675
3604	177
2768	1574
3295	33
4466	335
3654	3367
3169	1879
3772	1785
3530	394
2394	1469
4970	111
4241	3169
4465	4243
4442	498
2565	1050
2703	120
1083	78
1363	92
3549	1157
2158	417
4562	3169
1237	980
3295	120
4608	1407
3380	2211
5050	3237
1130	353
4493	1237
5182	1208
4864	4720
2389	707
4003	970
3847	3212
1225	773
1347	508
3001	673
2215	1889
453	28
4938	3740
4046	3769
3843	1649
3293	1237
3975	3427
1186	281
3642	2806
3980	2211
5202	4494
2864	1127
5254	2995
3700	2936
4119	1820
2107	1318
5154	6
3739	2887
1534	1155
3937	3207
4671	2291
948	939
3498	1440
2210	521
4400	29
880	453
5219	1347
4933	632
1967	1910
1338	1082
3522	2775
4466	1744
962	600
4963	2780
4727	2113
3257	3177
1363	632
4841	561
4864	1529
5203	4104
4005	1964
5156	2673
4407	4191
5177	2031
5046	348
3856	2673
1424	1338
5031	3535
4447	2211
1729	1574
2420	764
4048	964
2965	2200
3167	1716
4864	1587
3015	2332
2552	845
4561	4031
4272	1457
3680	120
2286	1478
3963	3332
1564	92
4974	1237
4447	4141
4958	680
3566	1369
3927	2190
5230	939
3169	2885
2211	578
3169	2463
3885	3642
4702	483
2158	726
3856	1757
1237	281
4442	4119
1646	1561
5222	3403
815	270
5050	566
1965	45
2240	1422
2303	1656
4864	1447
2993	348
2240	358
3915	3382
5020	3596
2141	1469
4661	4066
4355	33
5154	2158
3594	2709
4210	172
2210	1967
4442	2596
2158	1505
2542	1449
3151	2158
3969	962
3207	3169
3602	1237
4141	3875
4237	1783
2927	1656
4466	2300
4847	3169
1127	592
3169	2434
4104	1968
5050	643
3169	1159
4608	2156
3286	883
3169	533
2038	917
1669	1104
4141	582
5023	1293
4714	4031
2211	118
4050	1610
4909	92
4244	2934
5054	3315
3975	2552
1234	589
4714	1533
4665	1469
1295	453
2418	2258
3912	1549
3680	40
1905	1478
2210	1910
3867	33
4864	2788
2316	120
3773	92
3778	3542
3710	2224
2443	845
3798	7
1967	1036
4683	4168
3653	3572
4555	3773
3778	2890
3804	3146
1821	198
4727	1561
4070	2147
2639	1237
4119	836
3623	1821
3503	3169
2934	582
1158	225
1833	22
3169	361
3516	3267
4803	4330
5035	4104
4497	264
3764	3293
1505	1457
3332	348
2846	2263
3888	2808
3169	1082
4963	3100
2853	7
5035	3109
5020	2632
3047	1747
2589	859
2085	1649
3623	1182
4104	3572
4444	1246
3136	1759
2956	172
5242	3628
2934	429
3169	2509
1780	921
1533	1107
3120	1141
1127	28
2254	1696
3370	3261
4970	2211
4864	2278
3026	1237
3026	1495
1338	316
4054	2889
5222	3169
2660	1447
5054	4972
3261	1295
5182	886
4841	3214
3613	2012
4830	120
4984	3881
1990	1833
2420	1649
3877	2814
5157	3459
4911	853
4141	1696
2646	839
2147	718
4017	120
4704	3663
4285	2777
4447	2258
2211	312
5202	2549
3667	3169
3334	1127
1432	255
2709	221
5130	4714
4021	3477
4244	2916
4454	2776
4704	1519
4608	3229
3403	2989
4493	2820
371	40
4405	1469
4909	3229
1286	7
2510	1039
4228	2419
4066	3885
1138	348
3665	335
5050	2623
1295	495
4322	3156
4963	2703
5050	1646
2479	2357
5190	1534
3988	2673
4272	3616
1649	244
4435	3427
4981	2189
2147	358
5154	3694
3856	10
3169	621
4141	727
3198	883
4089	1457
5251	520
3240	948
151	7
3904	3628
3675	939
2887	1493
3792	1183
4493	2245
4886	1656
3700	845
3614	3169
2515	1338
2623	2158
4714	3167
4573	3381
2113	583
4469	1293
2603	120
3807	2240
2970	1609
5159	2872
5020	1990
4391	693
3843	781
2147	1657
2617	1274
664	422
2927	2613
1478	1369
1747	1127
2987	2877
3503	2854
4021	2872
4128	7
4083	2898
5033	44
1608	1493
2945	1783
3562	1469
2887	2526
4566	3718
1469	118
4466	100
3446	2158
2144	1905
4968	3175
4609	3055
4921	1942
2820	677
4987	7
1225	228
4066	2443
2887	924
3169	3006
2989	2603
1157	302
2258	2145
3222	1744
2373	808
4785	2000
4165	2615
2991	2254
739	348
3904	33
4962	3740
1671	1225
4174	3169
4104	2847
1208	1039
4306	4141
5153	359
4864	1905
4846	1469
2934	2378
1468	662
2364	1656
4727	1295
4511	3804
2102	2084
4595	781
5154	1919
3904	344
4442	1469
2526	1237
3169	1652
4491	1469
4400	1279
3653	2065
1033	440
3588	3526
2623	962
2663	263
4921	1039
3289	752
1096	358
3771	120
3167	2853
2603	2451
4796	3207
2258	1915
4996	2211
2727	739
4104	2917
4663	3177
3843	3634
2240	244
5217	699
3594	3169
4104	1958
4275	4180
4311	3167
3169	2554
1905	7
1736	788
3026	1138
2808	1036
3071	3055
3652	3642
3900	2732
4205	120
2586	1197
3975	3572
2559	2528
3648	989
5050	1511
4864	4168
1307	739
371	360
4189	2451
4244	1677
4864	4272
3892	120
1274	264
640	578
3221	1549
3169	1029
3904	541
2827	37
5054	989
2438	739
5050	3334
4191	3016
2211	1574
1649	1002
1807	812
3804	1996
3015	864
2451	917
1669	1062
157	45
881	184
3126	881
4210	2589
2864	609
3653	92
907	561
2956	521
2854	848
4963	120
4608	3565
5207	3664
4964	4104
4551	141
2660	445
3690	120
2559	100
4608	2806
4141	149
4066	3652
2720	1889
2263	1650
4311	33
498	348
3798	3169
4031	3203
4466	692
2887	2158
4719	2861
4608	3228
4492	3698
140	120
3169	2332
4714	191
707	332
4572	120
4454	120
4920	3427
2623	348
4466	2511
4849	3975
4477	2144
3411	2829
5202	4864
2993	1157
4964	1469
5050	1495
4335	2731
3177	2519
3759	3710
4778	2720
4160	1574
2147	1574
2393	1646
4714	3010
2871	1237
2158	1212
4466	2076
3449	299
3286	2870
4217	3001
3411	251
3167	1511
2243	1656
2359	1237
686	144
5035	305
4864	3590
3483	33
3544	120
3652	3435
4235	3744
4168	1656
4864	4665
3225	2012
1627	120
3764	3039
4234	4014
1223	5
5179	2065
4706	4244
1955	1053
853	371
5054	2435
5242	2769
3918	3616
3020	2526
2087	1859
3588	3477
2509	1240
2913	1905
2827	225
2603	1062
2589	1373
520	339
4552	2258
5077	4241
2258	1574
4579	781
1295	686
3804	1338
962	348
3602	764
4869	1574
5090	1541
1125	348
2158	225
3554	2720
4189	2526
3169	918
4315	3017
2617	729
5070	3167
4920	1691
2031	583
1208	1096
3169	1212
3804	2139
5046	881
3361	1399
4439	3802
604	120
2141	1310
1574	636
2332	1444
4803	2356
4841	7
3888	137
2299	358
4124	765
1469	836
3169	2170
5020	2949
987	576
4920	305
4864	3016
4476	3937
1081	1007
675	314
1716	33
1237	346
1724	120
1998	1967
3250	2023
1736	824
5118	4909
5039	1237
3169	1724
2896	45
1469	989
5140	1741
3668	2530
4840	2708
2158	794
4003	1403
4608	3177
4269	120
4088	2777
4244	3664
5035	3792
5238	660
5063	495
5020	1928
1107	7
3881	2589
4243	33
312	75
2549	92
1087	964
4803	1620
3737	1347
1469	175
1944	1343
2806	2117
3885	2443
2676	1293
2031	1166
1295	156
1349	156
3924	1421
3927	3918
2688	2258
4756	1691
4148	1363
2087	1447
3491	2158
4040	1469
773	508
2989	18
5054	3624
1307	359
5175	120
2258	1351
4864	149
2258	1277
4275	4104
5243	4608
4003	2887
2993	2685
2258	120
3602	1381
4485	2685
3607	2158
2452	1295
3169	2806
5118	2069
5241	3877
4841	970
4864	2432
1766	164
3282	1022
3944	876
2987	2300
3139	2826
2827	849
4849	4435
4066	2664
4960	989
3949	290
3176	887
4864	1736
5156	3167
5175	2936
3306	2211
4756	4683
4963	3856
2076	918
3792	2827
281	33
1197	144
3877	348
4876	281
2158	290
4275	3875
4014	440
5154	2887
3554	1127
2231	1611
4442	2945
2720	566
4999	2991
2393	1609
1550	120
4608	2936
3019	120
4615	959
4031	2663
2989	2925
1783	1457
549	75
3250	1530
2258	1766
4921	2471
2589	120
5135	2452
3881	2211
1442	1383
4703	4702
5179	3033
5176	3039
5035	632
4141	3020
5216	4783
3997	2147
4294	1892
2983	2936
4909	1349
5077	1671
3859	1237
2308	2158
2069	507
2987	1219
4031	2845
4244	3229
881	18
316	119
1446	164
5241	2589
2451	136
3843	67
2646	42
2452	1192
3896	348
3380	2731
3718	1225
4422	3169
2863	664
2989	949
2085	764
5120	1921
1942	348
2109	1479
3999	348
5033	2420
2238	1848
2887	2609
4706	3856
4477	3885
4993	3169
2085	1440
1630	120
3411	1421
3169	1295
4217	2854
4608	1479
1155	520
5077	243
1307	335
1642	1020
3136	599
5054	2452
5054	3408
4719	3822
4477	305
3801	2258
3477	2381
4104	883
2031	1138
3602	1878
4984	4120
2528	1205
4677	1696
1137	948
2195	1179
4257	2158
2258	1968
3286	2282
2887	2451
3542	3169
1779	1427
4055	4032
4783	589
1642	314
2104	1442
2646	705
5054	2639
4608	1493
5054	1833
3602	120
1447	691
4168	1316
4104	3975
4275	856
1983	1440
4473	2904
4849	765
5208	705
3969	3417
3089	1955
3664	2544
4310	2186
3214	1447
4517	120
4685	120
2286	1022
4800	4476
1533	1237
4539	191
2109	1478
365	120
4083	2542
4970	2603
2147	2064
2461	1399
2263	1083
4210	2525
1090	7
4198	3927
4849	3153
1480	120
4130	3791
1827	447
1160	1157
1447	1050
3195	1104
2936	726
4864	2562
3562	2481
1349	347
3609	17
1511	1293
5054	3252
3613	2887
4043	2518
3389	2673
2778	2603
3120	2258
4087	1396
3609	3169
3169	2506
1237	1181
3663	2211
2983	2432
4785	3874
3807	2158
3721	621
3286	2814
4482	1319
4997	4909
1347	819
3628	660
4345	1505
1766	1127
3987	1131
2776	1237
4663	3170
4719	4666
2847	45
4275	3980
4237	410
4473	2559
3652	1158
4864	2811
3336	3169
4942	4020
3067	2880
3169	600
4993	887
2887	1506
3169	1103
5188	3306
3744	3167
1646	1609
3203	2945
5203	2827
1237	836
2418	1757
3652	18
520	244
3744	2279
4864	4473
4604	1656
4963	1519
3596	1574
3829	1878
4099	1237
5107	265
4554	767
3449	2727
4763	3532
4054	662
3804	3417
3169	2365
1868	686
1219	881
4359	1780
2720	211
1649	514
4382	2526
3481	2256
2917	1061
2970	2887
3565	2664
4477	1469
1270	581
581	172
1833	314
2415	120
5182	80
2989	2674
3654	3138
3247	120
1490	1138
3169	2916
4600	1574
4864	2378
1671	516
2376	120
3708	3313
4113	2518
5054	2708
4921	2594
4632	4256
5076	5049
3529	1780
3642	3609
4974	997
5188	3261
4727	1602
3877	2887
3594	2158
2141	1691
1349	581
5207	1104
3754	484
3822	1157
3459	362
5113	2688
4795	2639
5054	7
3572	3109
1642	1179
693	686
3169	2700
5146	4310
4567	120
5238	3628
2139	120
3128	2603
2930	1237
3680	3616
2109	2069
4614	1006
4104	3565
3766	1440
1150	541
4141	2211
5069	693
1624	120
4897	120
4094	303
5154	2708
2258	159
3754	111
1983	1237
1237	258
4864	1274
2989	881
3169	2548
2510	2434
864	120
1198	137
5179	2238
4275	740
3642	1469
2147	463
2393	2031
3825	3156
1104	7
2519	303
4970	4168
1237	92
3169	1087
4456	4124
3169	437
2357	907
3887	2989
3167	872
3596	2639
2380	2215
5035	2827
5202	5054
4756	3975
2158	1363
2266	1447
5153	3116
2526	1469
4332	2381
1541	339
707	686
1087	921
5179	4795
3008	2609
1488	1138
3453	2559
3382	1905
5037	4864
4447	4275
3652	1237
3702	3169
2565	2021
2413	1719
1347	516
4219	3167
4864	3804
2036	120
2064	1574
3169	157
2357	120
5251	2263
4257	1541
3835	2258
5054	5026
4275	673
3141	3109
3667	1381
4960	191
2880	2842
1614	417
4864	4439
1646	1020
4387	2588
5188	5154
2769	1127
2076	348
4141	3530
2956	1766
4141	550
2263	1319
964	40
2827	1646
4243	2956
5127	832
2820	2107
3257	2479
2706	811
1237	692
5046	2158
3504	1905
2869	1780
1833	1642
3167	348
4083	1752
948	788
3540	1490
5035	2806
4739	508
4906	175
5226	5202
4106	1968
3295	3167
4906	3969
4864	2656
3169	2255
5182	2434
4620	4237
2546	120
2211	592
3835	1757
3332	1479
3509	816
4891	1964
2709	2510
484	299
4920	1197
3581	120
4948	4666
2589	1072
2589	907
1299	853
2526	600
4285	979
5201	3167
5226	2708
4454	180
2845	191
5188	7
5050	962
4607	921
3169	1968
4089	2258
3170	2887
832	710
5219	1671
5175	2834
3261	2603
487	486
3403	1237
4408	3896
3477	739
2629	1721
4275	582
4579	1265
2306	1083
3229	28
4240	881
2147	1759
3745	332
5050	1302
4802	1531
2186	347
2536	815
2276	903
3021	1889
1995	1942
3634	2709
1859	159
2109	1270
3214	2158
2024	1183
2231	2158
3148	2720
4031	1821
3286	3257
1192	1063
3289	1117
4148	713
5132	1919
2130	508
3389	3228
5050	2936
3229	2537
2676	849
2128	1440
5182	3616
4704	3169
1447	683
4210	1741
4891	1469
4572	2720
3754	1602
3710	2302
2536	120
2258	2243
5118	2629
5031	2413
3667	778
3772	1208
4478	3410
4704	3000
3856	2211
4796	2158
3019	802
120	119
3988	1955
3067	2842
4124	2117
4823	3759
4451	973
1237	95
5241	3169
1022	1006
5243	2158
3487	1757
2615	1691
5050	1006
1237	962
3425	111
2258	1817
3888	1198
1995	498
2887	265
2954	626
1363	37
2673	1237
5238	717
2540	1530
1757	1736
470	120
2664	2470
4714	1921
5176	358
2550	686
1574	244
1995	1237
5046	4608
4435	4405
1574	516
4141	1780
1656	10
5208	1237
4999	4166
3700	3146
3602	3169
2945	2936
5176	2777
4306	120
3642	2544
3700	3286
3862	3169
4988	2258
1983	1469
3807	3425
4811	120
2239	1245
3495	3169
67	44
1533	1447
1912	1780
1447	1225
3618	989
2617	1967
2589	1237
3988	632
1237	1027
3791	3177
3143	2856
1469	1230
859	134
191	92
3773	1533
4088	1021
3169	1427
4582	1076
5076	2518
4803	1721
5007	508
1990	1447
4706	100
5073	3169
1782	120
3109	883
4496	948
3975	3109
3652	2664
3665	1859
4141	2254
2945	2700
4073	1493
3835	1447
5130	4986
970	120
4562	950
5050	3877
4124	3381
4006	120
2797	782
1237	385
3474	1127
2186	1179
4020	717
3203	191
4130	2381
4849	1469
2632	2105
5017	4458
2673	1444
1479	743
4920	3141
3167	999
2887	18
4141	4023
5230	2559
3554	3012
2827	120
2864	599
3169	431
1741	433
1293	6
4704	75
4348	1469
1166	417
5146	1627
120	51
773	228
1627	581
3295	348
4168	1741
5164	3877
3214	767
4864	1721
5130	2455
3596	2268
2799	1440
2033	1779
4663	3503
3025	643
4210	1929
4608	3613
2128	764
1559	970
1014	22
1848	1741
3540	819
2887	1053
4869	1948
4469	3169
3969	1293
3745	2983
5117	5054
4405	1131
3969	2458
3698	120
4864	1823
2989	1519
1479	433
4442	759
2777	45
4841	1646
1381	120
4536	3169
2602	2258
2481	1369
3169	1442
4895	686
4803	2759
3825	2544
4363	3176
4454	3754
4651	4497
3680	964
5241	2158
1359	164
3975	1469
3169	1179
904	120
3554	1752
4106	1440
4306	4275
4608	1138
4205	2566
2475	1353
1237	1135
2904	883
5146	1182
3481	2263
2724	156
4846	2141
5115	2065
4020	1338
1469	120
3487	67
1878	128
2458	1104
1347	228
2273	1533
5184	2087
4089	4054
4032	2617
4809	1803
5242	2485
4706	2917
2211	149
2381	907
5208	2443
759	159
1127	1036
3498	3462
1451	1104
3566	1819
2380	211
2117	92
4332	1237
1434	120
4042	120
4275	220
2702	1182
1614	332
4803	1519
2443	1158
4511	3915
2870	2623
2589	2559
2266	1349
1998	1182
3965	1236
1254	118
5243	3169
4752	4031
2709	67
3289	1682
4745	2537
2903	849
1182	609
3169	636
3169	705
4480	4070
3169	3055
1671	773
2258	100
3100	1757
3804	1186
4999	979
5224	4235
4911	2617
5054	3877
4971	3549
2273	2252
3289	2273
4493	2887
2559	933
134	92
1541	1444
3169	746
3352	1669
4714	1780
4608	4339
4124	483
4465	3462
2158	1116
4275	1721
4203	2258
2991	1696
4469	251
1650	1083
5179	4138
4023	2211
4864	1400
2880	120
4864	1096
3169	60
4275	1021
5182	764
1892	612
4465	1505
4104	3141
5242	3167
4845	1965
2394	92
3487	2709
3664	1171
3987	3257
4963	229
3642	849
5130	709
2462	859
2107	120
4763	1862
3169	907
4502	120
1338	881
1237	1088
3049	5
5254	4141
3169	1743
3169	484
3169	2496
3702	314
4727	4608
2814	1427
606	120
5219	520
2589	1768
4796	314
3628	1157
5217	3169
1995	964
2915	2158
2656	1117
4583	3803
4482	2496
2676	2144
939	447
4089	3049
2709	833
3010	2414
2936	2095
3918	948
3195	784
1821	1127
4864	3245
4454	1519
2894	159
4849	4573
4222	2753
3169	707
4796	2639
4906	580
4222	1293
1208	1205
4663	1374
3596	314
5023	3169
3019	907
89	60
3116	777
2515	2113
4513	4148
2808	1779
3803	626
5175	3694
3477	2956
5054	1610
3295	872
5147	2594
2526	1533
4199	1965
1736	1007
3403	3169
4864	941
3969	191
4257	1265
3289	2258
4332	3169
3408	3169
1381	18
4500	120
2588	484
5244	1381
2200	1606
3652	305
3988	3559
2258	550
5154	192
1757	941
3169	1233
2356	2258
5069	4615
5094	3710
4938	120
4962	1316
4752	1668
4920	2887
1270	948
1225	508
2673	1104
4087	120
1359	33
2820	314
3718	1671
1483	516
3665	3125
3735	3169
5213	3019
4864	294
5202	4166
2945	336
3002	1889
4141	2746
2887	699
5198	1469
3020	2537
2506	2258
3882	707
1996	1338
1407	723
4104	2190
2054	1237
4573	4141
4109	120
3245	1237
2549	191
4442	2887
3976	1272
3892	281
3410	2211
5134	1803
4477	2827
3596	3039
3483	2490
2372	1648
4454	3618
861	120
3652	2214
5153	497
3565	3169
1821	92
3859	316
4963	4405
3803	2452
4304	122
3652	1293
4508	120
3266	924
4405	1197
4921	2211
2781	7
4310	1179
2594	120
4454	3807
3642	2664
3402	1696
3381	739
4237	2987
2904	964
3952	1319
4343	4275
4832	120
1696	1029
3549	2993
3377	495
3807	1274
4310	1349
3015	252
3877	1981
3864	1469
4891	2936
3169	2130
2552	1502
3843	185
1347	604
5132	92
1093	124
662	157
4275	1082
743	144
4128	1533
4180	134
4400	2589
2282	120
4608	2113
2887	1779
2970	2031
4864	1696
2673	779
3700	3084
4015	120
2357	1895
3807	1995
270	181
3445	928
3892	1479
3268	2797
4126	3169
4899	788
4363	1447
4864	4577
2448	294
1998	521
2263	1059
2603	1046
3498	461
5202	1757
4997	2215
3828	2278
5054	4104
3668	2554
3001	881
2211	1985
4607	989
1919	314
4583	120
3680	2904
4895	120
5113	5072
2708	1469
3565	1469
1682	1117
2211	580
3451	1138
5066	4993
3169	594
2780	1741
5054	4523
1889	999
4497	717
4038	3257
3609	1469
3888	3275
4478	3749
5150	2483
3207	3143
4193	2663
4855	1237
5238	2993
3616	40
3001	2887
4596	27
2783	144
4359	3509
599	75
2709	764
3663	120
3509	3267
1721	549
4920	1237
1919	921
4315	1469
3652	849
1741	1179
2475	520
3555	709
2526	956
4275	3813
4796	4795
5217	120
348	344
483	225
4756	1127
2877	347
4312	788
3268	120
1427	1087
1736	662
582	120
2806	1158
3069	1104
2827	1519
1741	447
3540	1347
4700	348
4201	3549
5188	4899
2902	1541
4332	3803
2902	244
2380	2175
3566	1964
3169	1469
2617	717
4909	1780
819	228
5196	3250
1270	433
2916	1469
4275	1274
3588	1785
3509	7
4363	2711
489	453
3647	970
1288	621
3702	2158
2158	498
4864	2047
120	66
4332	3477
5154	1964
5196	5154
4220	92
1868	1082
3169	24
2847	1469
3988	2623
5020	2877
2970	853
3459	2559
4322	1155
4536	2956
1338	1295
2887	1646
856	120
1059	589
802	508
5054	2887
4165	2214
5179	4304
4141	1053
3822	1889
2158	1469
716	120
3403	1444
1741	1182
3562	2109
1227	307
2211	1076
3616	3580
3468	1347
1493	348
4043	2158
3169	2238
964	159
5077	570
3841	120
4704	180
5076	1649
495	28
592	92
5094	1495
4480	2420
4289	2317
5246	1237
5246	4607
3001	1493
1351	81
4466	1127
3169	2884
1237	310
5254	1649
1469	1073
4815	51
4068	1494
1656	317
4289	1483
1879	1237
1779	7
3491	1469
3295	2853
2519	1533
3729	2211
1968	211
2144	831
3138	1878
2040	120
4608	3702
1785	358
4796	609
5184	1493
4960	4141
2393	1726
4663	1983
1208	793
1362	1274
5208	3652
1656	852
4141	4070
3675	1447
4237	674
5246	4795
3169	2159
3286	1531
4864	1762
3240	2673
4367	1739
3628	2380
3167	344
4758	2418
5120	359
2087	1284
4864	3427
1853	326
1083	339
4963	1649
1479	1295
4257	1444
3169	3143
3116	2518
2526	2069
3616	2544
2240	1766
4963	2338
2720	1630
5217	4671
3120	1185
4408	2231
4124	2806
2393	1338
5177	3882
794	184
2853	999
2833	120
4554	693
3566	2887
2934	453
707	129
4220	191
4864	251
4054	495
5230	4210
3381	887
2844	251
5120	683
2904	120
3264	1208
4476	2304
4714	1278
5054	1803
1093	561
4043	3049
5054	4898
5230	172
4435	3109
2676	1469
3859	2924
1457	335
5050	578
4663	294
1762	1527
3804	3175
3169	2338
4512	120
827	120
3549	1716
4902	4841
2326	599
3393	970
5054	1355
4210	581
4981	1714
4054	2394
3477	2854
3332	686
5069	2646
4511	1682
1237	561
5050	1609
4435	4104
3169	2979
1338	332
3169	1314
5113	4600
1157	344
2258	592
1859	1307
4785	3665
4473	2258
4971	3904
1127	1006
3487	2673
335	218
1506	129
4631	120
3969	989
5054	4050
3877	1506
2224	2069
3169	2644
4163	3261
3001	589
4909	4496
3700	2393
4939	4577
3648	921
4795	4608
4608	1531
3440	1254
4294	1736
3710	1138
3081	120
3947	3169
1878	339
4803	2890
4970	4425
4987	2449
4714	4435
1026	631
3474	1469
2632	314
3768	686
4864	2866
1483	359
4666	1237
1696	489
2987	733
2987	1179
3956	1237
5017	2528
4727	1138
5159	1807
4909	3927
3877	251
2544	40
2753	120
4310	347
5039	3169
4050	3877
3110	1164
3792	3089
3195	120
3654	2887
5135	1192
5170	2485
4348	22
4608	3882
2479	1757
4963	3109
4864	2393
1082	686
5054	1416
5054	4275
643	198
4996	2991
1919	1627
4714	92
4325	1942
569	487
4275	550
1479	1162
4683	3109
3256	853
4332	600
3539	1155
800	549
2904	1087
4963	2584
3673	2991
2356	507
716	191
2820	1318
1022	600
4219	3295
5057	576
4671	1237
4477	1158
4217	33
4864	3997
3588	3321
3628	999
2775	120
4785	2332
4864	3737
3626	2853
3169	1606
4991	2991
939	582
4663	1447
3917	1131
2443	2245
4960	1199
3169	2827
5132	4031
5046	1493
1655	191
3410	1493
4900	2258
1469	1002
4988	2544
4869	2147
4282	120
4141	1938
4744	4714
1602	1561
2065	1127
2158	1488
3654	1421
2420	80
1980	1083
4864	2600
2603	1021
4763	3266
3877	1610
2949	2258
3175	359
3170	739
3710	27
5179	2266
5196	4497
5217	4869
4466	3026
4567	2258
1225	23
3708	3705
1145	120
4442	3564
3614	636
2827	989
3421	3169
1627	1179
4596	3169
4435	3141
1674	120
4552	2802
4539	1237
2834	1757
3802	1219
4113	4054
4582	3169
3773	3449
3010	928
2258	45
1083	545
4315	1141
3069	316
2673	2418
1779	1469
1166	583
5050	879
5132	4222
3751	356
1836	1656
2158	1493
5217	4663
1964	1531
2673	1782
4988	759
4920	845
3904	2485
2759	2451
4655	3169
2302	788
3565	225
3952	440
3411	1469
4864	4180
4552	3487
1440	120
3344	1450
4683	4106
3169	1641
4020	191
4117	1319
2546	27
4480	4275
3822	2380
4864	1743
1860	1656
3039	2896
3203	1199
4287	120
3169	839
4200	1531
4272	4043
4615	718
3822	2117
5107	191
2664	849
4841	3665
1726	707
3049	1223
4714	4608
764	440
2113	2031
4567	3588
4864	1277
2033	889
3169	3025
2496	520
4969	265
845	305
4552	3602
5230	1179
5009	4554
5054	692
2720	221
2663	1237
2870	1087
3803	2481
1003	164
4491	3131
3700	1531
2615	37
2883	2211
5054	4800
3387	120
3169	743
2902	1878
3963	1338
3927	939
3988	120
4706	3663
4539	433
4113	985
4293	120
4841	1323
4439	462
1878	833
4014	3817
3169	453
4275	111
4714	469
2418	1656
2799	1741
2709	2496
3807	1197
884	120
705	566
4704	2278
3267	1127
4466	4023
5076	2263
4841	4739
2965	218
3295	1889
3522	1447
3987	729
1942	819
5054	1652
5251	2128
4507	1998
3169	7
3963	1602
4554	2542
3492	823
3873	1447
3169	899
4841	495
4124	3169
3007	1889
453	164
2040	1483
4066	2158
1237	191
2949	2673
1878	1353
3963	3169
1338	583
3680	33
5004	67
3229	1237
4257	2332
2902	2104
1269	120
4191	1892
2128	76
3924	1237
3565	3435
2603	1942
1349	1179
4714	4220
1237	157
1919	1833
3453	600
2033	1421
4795	2158
2158	118
5241	2991
1981	1878
2827	92
4166	727
1007	631
3652	2945
4465	2934
3119	120
5054	2083
4864	740
3141	1757
5243	1237
3572	883
5095	948
3169	1142
3109	845
4608	4066
5145	1469
4971	1157
4315	3807
3169	1131
4864	2339
1913	1766
2432	2282
4469	2087
4663	299
4849	2117
4401	3740
211	191
75	18
1780	1469
3987	3169
1237	433
3498	156
2776	2258
4087	566
5090	3804
2709	520
1447	314
2673	2395
5203	4124
5050	1564
4770	1083
2989	2211
5182	3614
3554	2095
4803	137
2916	626
1417	1302
1736	917
4494	1614
3673	549
4962	4473
2159	1757
989	134
5154	2916
1741	498
4864	264
1968	92
2211	1027
1807	1127
1380	120
4899	279
4706	4405
5182	777
5246	5020
4809	1743
2902	636
3527	3257
3807	2381
3169	246
3169	1886
3361	7
2989	1493
3652	3565
4304	314
4023	2991
5146	1179
4332	1781
2983	1517
4454	3588
5118	4752
2673	173
3705	2655
2128	339
185	100
4113	2590
4778	928
4257	2887
5054	909
4608	3491
3175	3169
4846	3975
3025	876
1349	1270
5203	4168
3527	824
4101	28
1237	316
1469	346
3427	92
3503	1779
5020	419
4993	3979
5179	5130
3503	2381
1609	707
4447	3386
3240	453
3199	866
5184	4367
5031	3768
3565	2714
2844	1127
4677	2394
5146	581
5046	1469
4920	4104
1269	1237
3198	57
4921	2713
4130	3019
1641	1237
4864	3862
3825	1752
3904	2993
4454	2842
3138	2316
4141	374
2258	675
4443	705
433	97
4042	3751
3613	2777
4189	2887
5177	1166
1527	100
4124	92
1469	225
2111	120
3975	1905
5242	5238
2240	463
2970	1166
3487	120
2065	111
3623	2708
4554	22
4986	2987
4477	2443
3169	377
4920	57
2113	707
4963	3976
4582	2258
3648	889
4213	2087
4497	1274
3139	520
4141	3687
1995	1469
1469	37
5001	3169
5132	1833
325	180
1990	1469
2158	1995
3740	1691
3614	2380
4113	2559
1159	868
4275	709
2887	371
2902	1265
4477	3702
4285	1965
4407	1007
4443	251
4435	2141
2286	1587
4971	33
4796	4608
5050	348
4242	120
3807	3503
4043	3156
4492	3109
3839	3169
1014	566
3169	144
2889	802
2965	185
4608	417
2158	600
2970	2158
2709	1033
4803	3835
3313	540
4855	964
4435	1502
3751	1184
4727	1469
5246	710
4849	3427
4315	2870
1942	1347
4447	3602
5226	2549
4257	3262
2863	1608
4343	1493
5120	2970
4257	2394
4482	4054
1780	989
4864	3039
1396	566
4909	1602
3881	281
2186	1349
5153	1276
3917	281
4089	4032
1785	864
3804	197
3141	2258
3169	3010
3952	2970
3613	3228
2664	346
4237	4043
4849	3792
4847	705
5020	941
4442	348
3295	2685
2806	1905
2443	192
962	578
4899	2237
3487	1208
5132	2663
1158	37
5009	1985
3853	3740
2870	2095
4625	2087
2843	308
3596	1833
3599	2987
3266	1862
3740	2956
5179	314
4704	1999
1479	120
3295	1157
1574	358
4244	453
1736	1081
2210	1036
3153	1237
4855	759
3566	2916
3988	3851
4938	718
5154	3896
4971	344
2663	2526
4195	2537
2542	1181
3596	1780
1678	120
1649	440
4919	2128
3169	356
3167	2481
4714	989
3169	2993
1602	1138
3602	1652
3740	2189
2451	1608
3594	2308
3169	1425
4193	22
3071	1649
4244	4141
1868	1135
2510	2362
3321	864
4899	4043
723	305
2443	1363
4015	816
3665	1783
2239	7
4625	1318
332	120
5207	1531
3739	2141
4497	2617
4195	4141
959	120
2258	1578
3843	2170
1646	583
5154	2596
4480	1627
3169	410
3588	1223
1780	314
3151	1469
3400	2420
540	120
4180	2462
5034	1566
1785	1743
4282	2462
2915	1307
3702	1469
2258	1925
3141	2934
4054	118
5176	1965
4405	2117
3843	2802
3596	1127
4272	2258
2211	674
5061	5020
2211	727
621	520
5154	2544
4651	1274
4700	7
4999	1104
3257	3198
3969	2494
1942	773
4054	2158
739	75
1158	849
3169	508
4620	4089
1600	129
4702	2674
4275	4056
2147	445
2861	1537
698	120
3516	962
4048	1928
1149	1009
4148	3306
5118	1270
4565	2987
3169	1739
3963	2970
3462	1656
4275	3306
251	17
4803	2834
3664	589
2164	752
4043	1083
4158	2258
4573	2673
1912	1614
3169	845
5082	4785
2554	218
4971	3167
4407	662
3909	1009
3843	1265
4909	640
3169	2776
4720	1757
2104	636
4663	2956
4477	3975
3137	1062
3653	1237
4287	3169
2526	1531
2069	92
3825	964
4608	3594
2435	554
3169	1240
3228	2987
2664	1469
3526	1712
3566	739
4199	1766
4849	4124
3888	3169
4214	2211
4714	881
2158	1293
3020	120
3141	1741
4600	2617
5188	2904
4751	1204
3793	693
3739	1942
4442	2158
4134	120
2040	1574
1574	815
4802	1333
4493	4442
2258	1543
3994	918
1741	37
4849	225
4109	876
656	342
3923	495
3167	2554
2902	440
2485	2452
2273	1512
4920	3572
5132	1627
4447	599
3229	2887
1965	120
4948	2904
925	120
2158	707
2723	1648
4714	4442
2732	1752
4477	3652
1657	495
4275	4169
3167	2617
4957	3816
2934	2069
1440	461
3668	3146
4714	3417
4070	2258
3261	365
3286	918
5156	2685
2708	2540
2499	2286
5090	5054
4168	2211
3885	3565
3710	3282
4088	2212
3169	997
4141	3871
853	707
5115	4031
3198	305
2842	1443
4596	120
3518	1691
4496	447
3873	120
4467	2552
2974	1447
3967	2211
4031	3572
2258	1406
3963	743
3240	447
4466	170
5230	4310
5184	2603
3321	1223
3939	3169
4315	2240
2214	883
4141	2231
1915	1505
3167	33
4311	1157
3169	467
3628	541
4294	120
1447	899
5076	1155
3565	346
3887	1656
3827	2537
4864	1468
2083	1981
713	693
2691	1892
2158	997
5054	3588
1192	120
5246	5164
3632	2708
4466	582
4174	2179
4304	7
1996	281
5177	1602
5120	1307
4920	1469
3001	2158
5244	2154
4359	2887
3015	1785
2904	2609
2869	853
1860	1757
4466	3901
1151	120
3025	1425
3654	120
4592	4482
1646	1506
3245	1469
3885	1158
758	589
3212	1934
3131	2720
2451	859
1531	1104
5054	3169
3988	2552
4906	0
4228	4065
5083	4906
5094	2351
5150	3169
1561	1338
5122	1166
3295	2910
2983	1369
4809	4237
5240	1237
1237	1199
5175	4864
3261	839
4054	120
3292	1807
3169	3125
2700	2258
2589	1340
3875	2987
5243	120
1417	578
5033	3237
1087	40
4957	3169
4405	3153
1194	92
3877	7
3875	2211
5242	1105
1057	1011
5179	3987
3877	1469
4845	2896
1955	765
1179	172
4168	765
3564	3015
4864	1942
4803	1529
3773	2435
4582	5
3169	802
4469	2389
5147	1039
5056	2154
2117	849
5208	4104
3169	2419
4864	510
4009	3440
4714	3988
5154	4891
3000	2095
3649	2158
1319	128
2673	1968
1541	67
2542	777
1407	164
2479	2258
1166	252
4620	7
4666	4478
861	831
2158	177
3061	1440
3169	2231
1656	881
3229	2987
852	120
2438	2356
1995	859
4201	3169
1138	417
3988	1531
3609	2890
3915	3804
4849	2827
4168	1905
3859	640
5135	1063
4752	1270
4454	4439
3141	845
3949	7
1996	1169
1138	626
3171	118
2603	1780
3754	356
3648	27
1522	120
3822	33
4727	2393
4066	2806
5054	4672
3026	705
5182	185
4841	1570
4855	1650
2853	2215
4999	4476
4166	4163
3240	1642
3257	2141
3744	3019
4386	120
5069	2926
4864	3052
5054	1425
3782	3169
4554	2519
4864	2300
3740	3477
5050	1533
1889	660
3016	1736
4572	4507
2673	1578
3261	1447
2147	1029
1541	520
4865	3596
1166	244
4345	1803
3410	3169
2135	1522
707	252
2364	1494
3444	1889
3843	2884
1533	907
4141	1406
3624	1741
5020	2934
4567	1783
4608	2393
2240	299
2673	1915
4031	3566
2158	1230
3634	2510
4205	1905
1333	693
3019	1522
4141	4007
1642	7
2778	120
4367	3856
4256	3295
5146	347
1980	436
4849	4205
2853	1686
5190	1488
2732	1104
3141	2673
853	445
3562	3153
4407	3016
4573	2258
1002	27
2258	2047
3628	120
1057	642
3000	1197
4577	2258
1606	1531
1469	1158
2141	1158
3322	3169
2708	2158
4222	2639
819	516
3438	1338
2128	2088
2613	120
4141	3659
3019	827
2887	1363
3015	2846
3710	2673
4065	3710
5132	1063
5026	3169
4104	2154
4166	3000
4306	2211
2777	1416
4466	3673
4948	1833
3628	2481
5054	576
5049	1265
3540	120
5056	707
844	191
2065	92
2351	7
2258	1369
3169	445
5054	498
5202	484
5035	849
5054	2223
4864	2238
3471	2278
4066	3435
4435	1905
4165	3257
3169	2054
1138	362
1741	1363
5020	631
4124	2934
4582	3674
3483	2509
1087	300
4459	1736
4685	2211
4166	3151
3623	1533
4275	3966
5203	1183
2526	1766
2258	1780
4401	120
839	205
2141	1036
632	40
2993	1127
1493	816
4496	1741
4467	521
1237	997
903	848
3169	2064
1743	1447
4311	2481
5170	2993
1127	92
3807	7
2902	1442
1938	1151
2240	1254
4455	120
2544	2258
3963	1166
3554	2589
4963	3881
4237	2510
5120	3169
4579	3843
4294	2720
4497	1792
5156	1889
1574	445
4477	3257
2064	1082
4864	2945
5095	1493
1316	693
156	7
4988	2904
5118	3222
2211	1423
4608	7
3566	1237
3596	3554
921	713
4275	2728
3827	1539
4714	2451
4921	3983
4714	3527
1036	521
3169	2345
4988	3680
4608	3963
2087	1440
1964	1807
4706	3769
4480	3169
3596	2853
4584	3169
5090	707
5146	1741
4366	2700
1600	1338
3169	755
5056	1608
5164	314
2724	7
4387	128
709	22
4182	2232
1469	1127
4963	1295
2623	2483
4492	3380
4054	2806
5050	138
2526	251
4405	765
4796	2266
2993	1716
5230	558
2889	228
4168	2913
2802	1878
4963	2752
1288	440
5095	1087
3425	2357
4021	2789
2158	549
2031	1561
2164	859
3498	1446
2065	705
4180	2211
1223	7
4864	4282
3169	1678
4970	4709
3616	2528
4785	3725
918	265
3892	2589
4124	2113
2987	2864
4478	3000
1237	948
3177	1469
2087	445
2806	2443
4442	359
1878	1276
348	37
2232	1656
5122	859
3756	970
4141	3739
3807	1219
3250	2673
3875	2258
3491	3169
4970	3987
2552	729
2158	1531
3664	2878
657	24
5054	2474
3513	727
3751	2109
5130	881
2205	7
4405	2913
3804	37
5179	1469
4237	3588
4089	4043
4727	417
1691	883
4864	2602
4695	1747
4582	1741
2345	1017
2798	2786
4141	1082
1781	979
4318	1237
3344	2559
5127	2817
2889	508
4048	1127
2603	979
5150	2777
5063	1574
1527	578
1527	212
3146	1493
1778	1656
4554	4339
2588	120
4536	2211
4036	2485
4126	2273
5050	2970
5132	2240
1519	498
3596	2887
3105	120
4864	1627
2031	417
3877	2916
1127	422
3737	2589
5222	4864
4842	1219
2286	1293
1574	598
1457	410
2147	386
962	92
1919	581
4217	3503
5188	1922
4507	1967
3019	17
4960	1020
2993	2485
2781	1741
1671	819
2158	1879
5092	3602
3803	600
4727	1646
5230	581
3073	120
4060	1807
4756	1905
5072	483
5202	4714
5188	2286
2853	1889
4141	2240
3566	191
3351	2021
859	92
4168	4106
4054	1495
2510	358
3110	2887
2972	680
4219	2987
3877	836
5054	1929
1483	27
4962	2158
357	120
4988	1646
1736	699
707	507
2840	520
2594	78
4275	4244
3109	2141
1349	172
2245	519
4458	2211
1469	707
4864	4312
3427	2731
4174	120
3885	2069
4993	3012
1944	348
5217	2974
4275	2811
3229	2878
4706	258
2887	1624
3791	1533
4185	3169
5127	1559
198	120
3321	2178
2887	739
4117	2258
2088	1265
4663	2158
2189	461
3315	191
3928	3169
4247	3082
3110	3025
1493	122
4148	2394
2243	7
4607	92
4306	445
2158	251
2589	2211
2916	1511
5072	3334
3490	3266
3904	3295
3710	2887
1691	1310
2515	2393
1878	67
3618	1176
3146	778
4285	3293
4849	483
4339	3169
3877	2724
5020	2987
3293	3039
5241	1131
4256	3167
3687	2237
2752	192
4566	4237
5054	3498
1609	1166
4770	2211
4970	2024
4104	3653
2065	1995
4335	120
4387	520
5054	1533
4454	661
3417	1682
3756	2945
2393	7
4192	1995
3367	686
5208	3109
1779	718
1469	686
3459	1449
3410	1566
2540	1237
2258	661
4249	120
1968	1469
3664	2887
1945	54
3012	816
2158	1369
4960	3156
1511	1237
3169	773
2549	1780
1976	1127
4539	3169
4963	1272
5115	1237
3882	1138
4864	453
164	120
5208	4920
495	60
3831	120
4785	4345
2861	686
5251	1083
3642	3435
4275	1938
4607	2418
4572	2210
3792	849
3019	1447
2887	989
5253	2221
5177	2887
5037	705
5140	120
2552	521
5054	1517
5240	1135
3988	1912
270	164
4665	2158
3807	1373
2617	498
3642	1905
4722	1644
2723	2681
3120	2864
4864	1525
2936	1421
3626	2215
3264	1274
3025	2158
4864	1270
5179	4607
3565	2158
1223	864
1506	1338
1671	508
3773	3492
3843	3487
3749	1780
4234	4054
3786	3169
3017	2451
1741	948
2887	2033
1655	989
662	18
3592	1747
2890	2887
1237	686
3169	432
3596	3293
2844	540
3526	1785
1237	1082
1081	164
4864	1426
4070	2603
5120	3912
3237	175
2158	1072
3803	3169
4180	989
4796	419
3151	28
1878	120
4999	2211
5176	45
1549	520
4608	2012
3803	1469
3361	2519
4522	120
4497	7
5251	1878
5020	4803
3822	2910
3588	1457
1270	120
2609	2461
3642	35
4920	2214
4240	3403
4683	723
1574	17
3169	2609
2632	251
4971	371
3947	1922
3791	3282
3988	1608
883	57
3018	120
2706	2389
3542	445
1919	686
3496	292
3975	2443
1087	884
4467	2728
4608	1780
4841	120
2231	342
1859	1002
549	129
2461	120
3559	1531
3229	1495
3976	2211
3212	853
3071	2158
3169	2104
3389	1757
4166	3592
2069	433
2530	1740
3680	2258
2047	120
3169	335
4496	1182
1362	1127
3540	3169
4141	429
3169	2869
2834	1197
2863	1587
3169	686
1644	445
3169	2158
4014	120
4572	1910
1821	948
3169	3146
3425	92
3680	3110
765	483
1779	1522
3792	1955
4502	918
2802	1652
5132	2750
4141	294
3558	1765
3120	1757
3628	348
3169	387
2117	1127
4963	75
2827	2443
3151	2623
2706	1237
2435	1599
2902	1083
4572	1036
4988	3822
4869	2087
3526	864
2317	561
3169	2168
4089	2987
4920	4405
4607	1237
802	773
2380	999
989	433
3169	2260
5056	1533
4235	2549
2435	707
4727	3710
4582	4043
4031	3648
1063	1021
1338	1310
4962	962
3804	3422
5179	1741
2685	1889
3759	2743
4683	1905
4063	2673
3529	191
2887	2540
4507	1127
3804	3607
4101	561
4237	1656
3425	2154
3141	1197
1338	693
4192	578
3927	1182
4920	3596
4974	2268
1338	989
3969	92
1200	336
5020	2047
4400	1237
1892	1736
3169	498
3408	2656
3918	3675
2750	1237
3169	15
3856	2934
4141	120
4906	1425
4608	1369
3952	1265
2232	358
2526	1278
4020	2820
2559	2393
2113	1488
2141	1942
3120	2673
4443	1423
1469	881
3169	81
4777	2158
3885	2806
3169	367
1511	879
3874	2291
5054	2820
3596	2632
2700	1656
699	7
2128	80
3885	3652
3882	2970
3039	2777
3054	2536
845	7
4864	1125
2273	1359
5134	270
2200	218
3229	2158
3564	2987
5178	3169
1892	1007
1511	1417
4864	2356
3976	3000
2673	2037
4938	561
3864	3816
3498	3382
4703	823
4997	4988
3237	578
2589	29
2540	2536
4566	2555
5170	1157
1421	797
4042	1237
5054	475
4632	3167
2916	348
1719	191
2434	67
3169	1198
4663	463
2936	2887
710	314
3896	2211
3549	2542
3918	3529
3767	7
4203	412
3875	2945
3306	713
5035	2617
495	489
2753	1237
4864	3588
3975	92
4496	3927
4958	4439
3403	864
2243	1447
4714	839
713	164
4068	371
4106	1127
4663	907
2519	1237
2065	33
1447	1426
3673	2258
2033	680
4582	4237
3995	3602
5077	3169
2646	120
5242	3904
5230	347
4803	3055
3642	1293
4104	1158
175	0
3169	78
599	141
5207	2797
3994	3483
3169	1225
5241	2518
1549	1440
4477	1502
4783	29
4608	2916
1895	1533
3740	2934
3877	3509
2970	1295
3444	2215
3843	2419
4963	2056
4003	120
4237	3687
1009	889
2211	692
5054	2258
4683	3427
3000	558
4847	243
1363	883
4203	845
2258	1942
2759	1293
839	767
4113	378
3764	1965
2708	2509
1469	566
4566	4083
3975	845
3782	2258
4405	4007
4920	883
2559	631
4688	336
1964	1675
5154	3702
4704	2752
5241	764
3664	1488
5132	3773
484	111
4205	3109
4999	2304
5035	1469
3175	1611
1237	519
4581	4130
2258	1293
3425	609
5184	2258
3169	2393
4841	28
4141	3980
4971	3295
2673	2279
419	191
3949	3483
3169	777
3142	120
1765	1469
4511	3449
3885	1691
5181	5054
2673	2256
374	120
2394	1442
1657	1574
4031	1237
5201	4971
3100	2934
5222	1381
3969	1741
3237	1533
4785	3169
5246	675
4920	1912
3850	265
3019	2221
3435	2664
4909	3745
3295	1237
3526	5
4466	4244
3628	1889
3019	2991
4811	3793
4706	2743
3440	2540
1531	1469
4841	1671
989	92
4864	2509
3084	1531
3109	1131
1396	844
5054	4536
4864	933
5184	3710
4477	2664
4480	2258
3509	2600
1183	483
2141	845
2646	2589
5196	2258
758	120
4554	1447
3169	1628
3549	1182
5242	2617
2357	1126
3167	660
3361	314
4841	4315
3410	2629
3169	156
2393	1166
3247	2147
1469	765
3247	2240
5050	2165
1432	120
5179	713
4704	4439
4166	2158
5238	5203
1627	1349
3137	1237
4670	120
881	191
3321	1712
3843	764
2256	1319
4348	566
4070	2381
4244	1533
1958	412
1421	626
3245	1197
1956	1807
5146	2186
1726	1561
4889	4046
520	440
3801	419
4704	2856
2646	1087
605	583
3633	2211
3110	1752
5196	7
2462	1021
3700	924
4166	686
4275	29
2993	2393
614	120
4744	2526
2463	2036
2240	521
4405	2709
2420	2332
1295	600
1627	347
2609	22
4566	2887
4849	1896
3169	2542
1307	626
4796	3596
2037	1484
3504	755
4210	1182
1736	1026
356	111
2775	1396
3262	1541
3286	1138
3740	164
4341	2023
2644	677
5054	1712
1007	917
3813	1741
4243	1533
5224	1127
5037	1868
4864	4128
4325	3052
2806	35
1691	1127
3822	384
3261	1922
3659	2258
3626	999
4683	3169
4141	1027
3051	2094
2258	1696
3700	1138
4386	164
4614	973
4963	1444
4119	3877
3231	2090
4909	2065
2147	1859
4104	1449
3356	120
3772	1426
4907	3169
2656	2158
853	149
5179	3268
1427	1338
4219	3904
5031	2549
4106	2559
1561	7
3792	2806
4174	4141
3871	120
4763	2135
3633	120
2727	2656
3256	120
2258	1529
3526	3049
928	519
4210	2537
4205	1127
1270	1182
1469	7
2827	483
2009	445
4217	2526
2863	1022
4189	1741
4864	692
2554	1284
4625	2064
3417	2589
2164	713
2719	1117
2817	928
2380	573
918	120
3225	1995
2544	759
3773	962
2332	67
4237	1208
4148	2439
5054	2724
2681	2135
3678	662
4845	4199
1338	347
2300	120
3257	989
4714	2463
4841	3474
1789	120
2663	92
3169	251
3680	759
3483	2644
4237	3049
4468	2537
4355	3807
3825	2904
5054	353
1440	677
2256	1083
3668	1721
3169	1007
5154	2117
2827	1183
3675	1469
5050	1237
2211	1082
4920	2615
1237	849
1323	7
3847	120
4631	2312
2743	599
3562	1838
1614	1506
2753	1469
5054	1656
4714	1985
3440	1353
5202	7
1237	33
2451	1766
5175	4473
2700	243
3892	1295
3599	3169
3740	1359
3937	348
4608	1646
2223	120
2872	2818
1469	717
989	765
1791	948
1338	129
1759	384
4909	1182
5003	120
3700	2158
4166	4136
5219	120
4212	764
1149	889
5219	764
3444	3167
348	251
2302	1157
5150	4608
4195	1533
2889	1347
5033	2332
3628	3549
2266	1131
1427	1127
3822	999
4469	2924
4141	2753
3807	120
5087	2240
599	362
1469	962
2806	2676
4477	3141
3411	2394
2720	1967
2623	853
3807	2024
5054	1026
4020	120
5188	1434
5066	120
4663	2087
3141	1524
3169	2113
2970	2515
1887	7
3169	1150
3116	1039
2158	346
5050	400
290	111
3212	299
3508	2090
3529	1511
3169	1323
4128	3745
4891	2158
4864	1782
4921	2088
2258	1938
3169	1671
4714	309
4507	3827
3928	2596
3994	120
2031	707
3168	1656
2709	1319
4855	2623
3983	2088
4909	989
3653	3198
4243	3462
2109	1913
5230	1741
2786	308
4793	3169
4864	1421
4921	2802
3608	1868
4220	4128
4702	962
5177	417
2664	845
707	417
5254	2902
2282	33
4400	1373
4864	362
2200	1878
3435	225
5020	3875
2623	92
3212	2842
5034	3410
4400	767
4849	4405
2806	225
3000	419
4293	1611
5020	2927
3628	1716
1833	1237
4911	1447
4864	4330
5054	2209
4244	4099
3120	1656
4036	120
4304	4222
1447	495
4507	521
1878	1649
4663	4332
4031	3137
5077	764
1182	1137
2141	1502
2700	853
5170	3549
3055	1779
3572	2065
3427	305
2128	2083
4876	4205
3237	962
3169	118
5219	696
4971	1127
3558	1127
4578	4141
2332	156
4315	3169
1237	1096
1531	1087
3807	699
1421	28
3177	1533
1780	191
4864	3864
2139	1208
4432	3169
2528	1669
4608	928
4809	3549
3594	2200
3877	2673
2970	348
3647	3169
3917	3566
5217	1868
4168	1757
2936	2870
2655	2258
4066	2435
1919	1349
4608	4442
3146	2033
2934	2759
2894	964
3912	2128
1469	1369
4756	28
1469	600
4285	4199
4220	3198
5113	2537
1237	989
3664	1104
2087	151
3642	2676
4582	2024
4166	2304
4003	3403
4466	1696
3189	120
2088	1878
4921	2709
4332	3503
3109	2036
3169	1288
3854	1046
4244	1981
4509	120
3664	2095
832	314
4841	1821
3843	2434
4921	29
3675	1270
4124	1053
3153	305
1948	1859
3831	1561
3462	7
1449	483
2697	78
3410	1381
3410	2462
3293	1127
3937	2887
3411	589
5254	80
4864	1925
4663	600
2753	314
2245	979
1493	191
2970	332
2526	1608
5207	5066
4899	4566
2158	1138
4566	683
2987	852
4477	4104
4714	212
3642	17
1671	228
3653	989
3509	2024
884	582
3665	2509
2372	915
1574	243
3843	2088
5219	2128
5184	4920
2987	305
4833	1447
2432	120
5035	1502
3169	476
1062	348
2987	2303
1104	148
3869	3403
3069	2775
3071	764
4466	963
4275	3744
4803	3232
4285	45
3169	2420
1889	1157
4997	3628
4128	1447
3169	2223
4785	1198
5175	3245
4124	3792
3382	1182
1913	1063
3491	2506
2540	632
1469	1323
2663	348
2263	339
2443	225
2332	705
4141	2925
5181	1905
3169	874
4232	3015
4663	2240
3710	1587
4003	3381
3624	2934
3109	2244
3125	1447
3408	1237
2385	1964
5238	3626
5208	3975
3120	1469
4608	3169
5118	1237
2175	1028
3877	3026
4330	4275
1862	120
3411	1237
3665	2158
1083	520
4275	1649
1685	7
4405	1478
4407	4294
2083	1083
2266	1270
4508	1656
1527	290
2258	1449
3969	1279
3169	1338
4661	4199
2373	1741
4561	191
3596	2266
4124	2141
4683	4104
3275	1611
2170	1265
3169	1106
3169	725
3146	1469
964	883
3240	120
2687	2537
2105	1741
1495	248
4210	1627
2158	192
3652	3169
4007	3141
4714	3000
1614	1600
5165	3628
4993	181
2515	1600
4864	3504
2297	1574
2934	1780
3169	1027
4065	120
5183	1027
3710	2743
5054	3542
4210	2853
4663	2012
3221	1288
2724	495
1237	1107
2887	251
4988	159
4683	3198
2332	2232
3509	2304
2673	1780
1767	118
5226	4054
5077	3381
3487	1237
833	243
1741	1423
4343	18
781	120
2483	1369
2827	305
2589	1338
681	662
1061	120
4257	2723
4459	773
4241	3963
2869	1185
2258	1561
4275	4063
4119	17
3885	3435
2861	1447
1506	707
4439	1739
2904	2894
3864	2258
2518	1155
3910	1237
3667	2158
3169	1483
4458	2603
4663	718
5176	5154
1741	1349
5179	92
2692	120
3664	2252
582	453
4191	3509
218	185
4921	3440
4783	788
3614	3599
4608	1561
3554	2056
2515	332
2385	600
4752	3885
1981	1519
2437	1141
1938	1757
3169	1353
2998	710
5156	716
4407	1081
2258	1782
2393	2158
5124	3169
2164	1338
1611	886
4141	258
831	92
1166	1138
4999	3698
5059	3421
4962	2983
2215	999
5177	1609
3321	1076
1878	764
1033	339
3169	880
3828	2719
5179	2113
1524	815
3768	2775
4939	92
3904	348
4663	561
5244	3169
317	120
3487	1878
4999	3125
2934	1141
4031	1199
4663	1574
5140	2991
3917	2727
1488	1127
1790	880
3169	1424
2552	1036
3169	2902
739	292
1237	7
3825	2559
3963	2559
5218	3169
3440	29
3373	2380
3026	2273
4714	3483
2991	1656
4119	1719
5238	1127
3562	3470
2526	1955
4969	2656
4405	3652
5132	3596
3167	1157
1171	1083
4714	1781
1740	1237
4864	1363
4948	778
4348	2087
1614	129
4466	2748
3262	120
1983	1868
4222	314
4054	3381
3599	1868
5219	2889
2393	2113
4454	773
1582	765
4324	2844
3705	2466
3895	2671
1421	1295
3744	713
4663	3477
4948	1752
3990	1549
4963	4439
3652	2559
2989	1985
979	859
4113	440
2625	1338
1477	120
4671	1495
5151	662
5222	5180
4607	561
1378	191
1407	677
1574	561
4099	2750
4663	2934
2245	1062
4244	2945
3564	1889
2617	1316
2943	2775
1657	191
3135	191
872	704
4325	2566
1602	583
3811	180
5035	4066
5163	348
1236	764
2365	92
4235	1062
1833	1349
3975	3652
5107	4128
3652	2827
3754	1197
4311	3822
4476	3509
3516	92
4476	707
918	692
3169	2788
2970	1338
3835	876
3898	2887
4864	2260
2279	1484
5054	1511
2887	111
2554	918
2789	2258
4739	2889
4572	2087
4228	3306
4174	2211
4845	2244
2927	120
4232	2394
5076	2902
4275	3856
2156	1469
2617	1162
5049	1288
2708	918
1859	677
3649	1237
3566	989
4970	3432
3545	1237
827	339
3710	3664
3764	2777
5146	1919
4003	124
4869	3807
4443	4054
788	29
5054	1510
3947	7
2697	520
5208	2258
3843	1033
2869	2509
4835	120
2211	314
2870	157
4106	3652
4841	3602
4306	2808
3490	1862
4663	592
4454	1093
2724	2559
2954	2158
3653	1131
2490	2190
2451	817
1157	33
4104	3652
4823	4202
347	172
1740	461
1237	1151
387	177
4124	3474
2991	2158
2991	767
4104	845
3739	191
4921	2970
4988	3504
1649	705
1197	305
2902	1288
2840	2697
3282	2499
3778	2842
3492	2158
1237	140
2515	707
5127	4348
4275	2989
3504	2732
4023	2945
3427	3169
1779	1237
3169	1479
2273	120
2673	29
3175	120
3110	759
5179	2438
2424	1236
4778	2685
4275	75
4796	2753
4141	3924
3963	120
120	35
5154	3928
5163	2211
4849	4311
845	92
5120	739
4595	4579
4166	2117
2186	172
2438	40
4906	3403
4089	3526
5135	1833
4970	3403
5120	1039
1868	1237
3169	979
3170	3169
1493	794
4312	2252
5165	1127
1627	1270
3745	1668
2158	662
1574	1483
2770	1186
4608	2554
2223	773
5132	4193
5054	1995
4202	3710
5020	2266
4469	918
4199	2239
1517	120
2135	1347
561	558
3859	3793
4275	3195
4608	1505
1447	1416
4963	1549
4906	2258
2936	1675
385	164
5020	4237
4101	2033
4219	2603
5154	3616
4608	849
3954	192
5054	44
5054	4168
3411	2887
4435	92
819	600
3802	739
3642	1766
4706	3718
1527	1469
3268	1237
5054	1441
2158	2113
4203	2673
2303	1127
3896	2544
4926	4864
4864	1599
3915	2663
2603	844
2916	2727
3843	2510
1442	1237
4974	3710
4864	727
589	264
3668	599
4803	3410
4055	120
2158	717
2526	489
4841	705
3652	225
2109	433
3321	3169
4864	431
581	558
3169	2033
5069	3306
2617	1355
4345	3874
5054	743
1440	1155
2262	120
1821	1780
3739	849
4777	2775
4124	1131
2987	1669
4663	2147
5146	4210
2934	1519
5170	1716
4920	3153
3628	33
4087	2485
4600	2147
3169	1505
2987	1656
4719	45
296	228
1868	1537
3952	1878
1995	218
3169	23
4130	3381
5219	2902
4663	2304
2989	1506
2451	1469
3143	7
5072	371
4311	541
5054	642
5242	1889
1531	1237
4222	3169
5054	4663
1780	1434
4920	4435
2055	1656
3665	1987
4864	3602
4785	2562
4220	4031
4168	599
1919	347
4193	3382
2970	707
4609	3856
2158	1237
3829	120
1559	120
1295	1166
3169	2846
4442	1237
5054	4241
2282	1779
1469	192
4823	2743
4451	3169
4869	1270
3061	2596
4094	2519
3562	2258
4608	1297
3831	1530
2631	120
3054	815
3535	3169
4003	2743
5241	1541
2603	29
3616	3487
933	498
3295	541
5246	2266
3596	1469
3169	1964
2673	2357
3169	2540
1288	1083
4608	1270
4899	348
4141	4128
3128	662
1237	928
4141	3380
3808	3169
2663	1741
4511	3417
5243	1495
2875	1469
2780	120
3453	2673
3539	290
3169	2178
4864	1240
4408	2759
2724	1127
3855	255
592	7
1059	520
3881	1519
4939	4031
4942	3169
5095	1642
2934	1423
3167	2685
4332	4217
4971	541
4485	120
4336	120
4706	75
5004	3665
5050	2887
4311	3628
3856	2258
1081	631
4275	482
3698	1307
4439	4400
5120	2158
2916	6
4909	120
4663	777
5246	5132
4124	2443
3740	445
4212	486
5127	3459
2552	1919
3529	1533
5054	4117
3807	2956
4986	812
4864	1527
4584	1469
4864	4405
3012	1942
2420	1650
3054	1198
3988	3169
1158	346
4141	3397
2673	839
1236	120
3282	2863
3229	2777
5033	2158
2224	1057
4021	120
1138	707
453	100
4974	281
4920	4106
4778	3628
3200	2934
3626	3167
1627	172
4567	3509
2438	1488
2708	1421
4477	4405
1537	144
3718	852
609	191
2827	1896
3169	2165
5072	5035
4128	1107
4752	92
2147	1766
4608	1964
5050	431
3295	1716
5222	2987
1721	1381
255	120
5050	4192
4963	4849
1780	507
3315	113
1230	589
2158	1533
4343	4141
2281	917
1910	1905
4513	7
3969	631
2065	962
2902	2128
3109	1478
2542	1912
3853	1574
3169	1148
2719	120
4256	2934
3854	305
3566	609
4909	4539
348	57
2158	819
4243	3740
5179	4222
2934	120
1131	1127
3266	3025
4855	3772
4823	120
4573	1067
4422	839
4932	120
3526	3321
5054	4845
4694	3483
2252	2158
4997	4311
2623	1896
4608	40
3169	2708
3440	3130
3417	120
3747	2258
2211	374
2826	1530
4199	45
3979	1063
5226	4235
2673	1096
4864	1351
3153	1905
3169	924
1319	540
1878	520
1469	6
3912	3169
4442	3987
3001	120
3033	164
5177	1138
5179	3596
2887	705
4141	755
4803	4005
4939	191
4608	979
5175	4113
3648	1780
3261	3169
1716	1157
1685	1104
2700	321
4065	3987
4720	2237
4031	609
3740	677
1502	845
3700	1166
5170	5156
3020	686
4391	3169
3882	2158
3874	3015
4600	1779
4210	1919
5146	1349
3740	1440
4677	3169
1600	707
3694	120
2158	1474
2956	2147
3526	3275
3856	7
3089	483
1990	1237
4719	3764
3744	3710
1587	1022
4938	2376
1182	948
4615	1061
5242	2993
4507	2210
4920	4706
2158	175
1442	592
4275	258
4582	1457
4802	120
4962	120
2537	2239
5033	3071
4275	1522
4988	2732
5164	949
3275	1785
5050	1417
1919	558
2544	1995
2776	489
4304	832
5150	1237
2688	2639
1511	92
4148	3988
1512	928
4165	3286
2240	1832
1859	1522
589	244
4808	2526
3884	2565
1602	707
5157	4454
2260	876
1276	764
4849	3609
683	120
2603	1938
3169	469
4704	3245
4864	939
4257	1002
5020	40
4482	359
3710	2351
5170	3628
5238	2720
3427	1237
3069	2526
5202	3425
3975	3141
1295	743
2936	1469
2130	1671
3169	3039
1493	1469
4036	3169
3613	1469
3614	24
3969	3804
2983	2211
4865	120
4117	2673
3267	962
3976	1783
941	120
4007	1104
3613	3169
1616	948
3740	950
3228	252
2158	1614
5054	1319
4997	2380
3927	948
5164	498
1995	1434
2970	1138
4275	1245
4311	2485
4306	2087
1995	578
2282	881
962	18
2537	252
2925	453
5026	1237
1237	558
3843	180
3530	2589
3462	1618
4311	344
2141	192
5035	3652
1440	637
933	836
3468	1671
4999	3019
3710	1277
5242	5170
3773	2663
2525	42
5054	2673
3169	45
3487	764
5054	3293
1176	419
3257	2214
1967	521
4864	2776
3565	1237
4141	578
3462	453
5054	4702
5054	2198
4963	305
2730	662
3169	1614
554	120
4665	3025
3377	1721
3151	1656
3596	2714
2372	1434
4469	2031
3082	120
4043	1155
3169	1765
5165	4311
4600	2240
2481	928
3648	1237
1494	554
5046	3169
3169	1712
3403	2254
2829	2273
1779	561
4663	120
4136	3664
3035	1236
2561	1549
3153	1668
4911	3212
3169	228
2883	1046
4210	1349
5054	264
4073	1821
5135	1349
3229	348
4099	1602
4243	3807
2135	662
3509	144
2889	819
3771	3387
263	89
5254	120
2552	1910
4361	120
3001	1363
5207	120
2970	2863
3169	2394
4997	3822
3109	765
3987	1227
3782	2987
3648	2887
5054	609
1915	483
4469	1469
2589	1693
4141	3744
5072	4124
2864	2258
3529	3516
2731	1127
5230	2186
4706	2462
4752	3167
67	24
1646	417
4043	1007
2609	33
2258	696
4466	1423
4864	819
1519	1360
5154	4243
3286	3169
1944	67
1316	626
4473	3169
3424	2927
3580	2603
881	120
3169	2019
5176	4285
1964	1072
4694	120
5035	3565
1981	1606
3928	2526
4920	4165
2827	1310
2024	1030
3877	1347
1528	120
3120	2065
2709	1878
4864	1610
5132	191
3275	1533
3807	516
5049	739
2240	1765
4130	1533
1766	979
2345	136
845	51
2254	120
4864	2829
5154	1293
2109	1295
2303	1057
4864	1444
707	583
4104	3286
5203	3381
3963	716
2528	120
4608	1968
1396	120
4823	3710
2889	120
2806	2664
1478	1373
4445	561
4639	7
4466	258
2526	1490
4752	4020
2312	2135
3427	845
2987	2211
4864	100
5054	2243
3169	2875
3169	3049
4507	2552
4443	151
4217	3477
4812	2797
2273	1493
4988	2894
4963	1678
4611	1533
3286	2033
3169	290
3293	45
1766	17
2494	120
1237	765
3169	483
5061	3411
1652	520
2135	1104
3237	1511
4476	2419
3939	2617
3744	3169
4823	1451
4477	4435
3169	2926
2902	2158
1942	1225
1277	120
3822	3444
4477	483
3573	1868
3987	2258
3710	599
3756	3361
4677	3877
3718	2555
2789	2158
2663	989
728	118
2902	2263
5177	4443
4507	3039
3664	1087
3710	75
662	54
1614	1338
3792	2706
2393	1295
2245	1199
3313	2094
5054	1985
2915	17
3109	2552
3804	1602
2451	979
3885	37
3566	3129
2685	33
180	33
5035	4477
4608	3710
2887	881
3444	2853
2158	1628
4310	172
3975	2211
4732	1531
1493	881
3169	739
4459	120
3572	1237
2970	1602
5107	1278
2866	1712
4294	4191
5054	3771
2304	2211
3623	3529
5154	4677
4864	3754
4963	2807
3169	1980
120	75
4191	1736
3888	864
3642	1310
2170	1479
1561	889
120	22
4136	3700
1602	1237
4971	244
3881	1421
2673	705
3624	788
2845	1479
5054	4677
1609	1138
1910	521
4752	3745
2414	192
4683	4435
3628	3295
5020	2258
4264	120
4492	2731
2130	1741
5034	4864
2021	1050
1985	1197
4150	2617
5246	4796
3799	1655
4454	2797
1293	1237
4195	3801
3559	120
2623	1469
4864	4219
4608	707
2165	521
3169	2775
3012	765
4795	2065
2450	1198
5035	2870
2924	120
3169	849
4174	2673
4212	3175
4447	788
4864	3873
1821	1493
3099	2211
1270	1237
5054	453
3110	40
4101	1316
2393	1614
3403	755
4662	1736
4727	889
3169	1369
5181	1237
4343	120
5127	576
4119	970
5196	2827
1744	120
1602	1338
4555	92
3853	3169
2373	549
4511	4104
5179	4315
849	483
3126	120
5046	3001
2258	1444
3803	17
2297	1616
3885	1955
3509	2224
3596	3427
4212	120
2814	1807
4608	3877
5170	4311
2673	2300
3169	17
4193	2109
4443	4130
4294	3016
2934	1975
2934	1363
4054	2506
1149	400
5051	1757
2147	561
1533	561
1469	845
2190	326
2528	1373
4124	3975
4795	2258
4243	3084
2991	1512
4287	2256
1895	1524
5202	2945
1117	167
4104	3380
4963	3864
4101	4054
5154	2870
2031	1609
4165	883
2223	1671
4101	1574
4469	707
4727	2158
4141	3856
2983	255
3947	2708
1237	483
5175	3588
4963	2917
5238	3167
5181	3642
1166	707
5083	0
3153	739
2526	136
1778	1007
4778	4311
3169	717
3177	1757
4608	1323
3487	1860
3634	1208
3229	1469
2559	75
4611	4243
4099	120
4466	4203
2158	157
3586	1219
3667	2617
4608	2970
4608	1166
1561	1166
5092	120
2720	1602
1479	1469
1125	120
4803	29
4106	765
2871	120
5049	1319
683	359
3169	1480
3229	918
4864	2834
4864	3300
2424	1319
5069	686
3737	970
4301	229
4104	1895
1511	962
5132	2632
4796	2065
3573	3367
1208	508
1618	1533
5170	33
2708	1284
4148	120
3804	2526
3169	1270
2537	2012
5156	2993
3306	964
2544	7
5139	495
4704	1696
3169	2973
2095	1469
1194	191
4727	1166
4970	2378
4719	964
4661	1965
4439	2239
2244	92
2847	1363
4841	4663
4864	4828
3169	296
3229	2544
2588	1083
4141	180
2991	1493
3540	1719
3937	3169
2458	1669
3156	1276
4493	1736
3171	221
4536	3807
3268	316
3710	686
1995	281
1234	339
4700	3807
1741	582
4273	1447
3665	3169
3965	3843
5203	1469
3128	773
558	191
3807	172
4803	2390
4970	4841
2158	1652
4958	120
4706	3141
4141	3100
2916	2276
4837	120
4442	3169
5063	4864
4962	600
5072	3470
4482	1383
3169	358
3822	3626
2956	2240
4180	92
3212	167
5213	120
2394	1002
1919	767
3594	1878
948	447
3169	1166
4141	4117
4899	3624
4031	92
1208	743
5107	1107
1062	120
3665	2212
4988	2458
3289	3228
3549	3167
2853	2380
2639	314
3737	1559
4864	1103
1127	794
3807	3802
4273	120
2789	2540
4864	2420
5177	4727
2128	1649
3885	346
2117	211
4608	692
5122	2356
2439	1127
4348	1396
5219	773
3025	2211
5054	303
2887	37
2972	221
3502	1566
1469	348
4608	907
1490	979
4739	1671
4444	3169
4141	970
2589	2485
2827	2117
3169	819
5113	3055
2266	1919
3877	1338
1955	849
2509	1578
4315	164
4970	1616
3170	2232
5219	3019
3873	1759
5156	2769
1602	1295
2989	582
3477	2240
1956	120
4408	4285
4173	1595
4043	1505
5124	4864
5054	3678
4864	3747
3403	941
2252	40
2871	1373
3710	2559
2639	1329
2927	1757
3979	707
1059	621
2448	1533
5198	251
1519	1293
4348	1014
4539	97
1127	727
2317	2012
1237	941
1349	921
510	475
3425	356
3583	120
3001	2117
717	120
3835	1656
3594	3440
5164	2381
2393	2258
4988	4466
3169	2915
5170	541
4651	4104
4727	1338
1033	520
2510	1237
3468	1447
2332	137
4971	2685
3885	2141
1369	821
3642	225
1691	412
1478	1359
3016	1007
1442	636
4066	225
4454	1219
4141	1519
5135	1488
4021	1574
2365	7
1803	1505
5130	674
3596	859
2113	1646
2989	2751
4198	1853
3754	1519
191	97
4536	2154
989	191
2508	2158
3923	2240
3947	299
4714	3653
3710	2528
3526	1223
4257	3169
5122	4180
3275	432
2797	362
4212	359
3169	1537
4054	1469
2282	181
4843	1656
2887	1274
1537	7
3642	1656
2844	852
3039	1868
2158	1338
3055	2720
3518	3198
2186	1741
3744	2258
4777	218
3459	211
3245	453
3130	2240
2211	17
4285	3764
2827	1293
2158	1297
2987	2700
3021	1425
4104	483
4864	2033
4963	4244
1197	120
1685	599
4200	75
4864	4811
5154	5035
4021	3887
2827	1053
3264	1237
4803	2164
1359	1274
4608	1494
1295	347
3169	2844
4704	561
3200	2685
5230	1627
2769	707
4454	3000
3740	1657
3990	120
3245	589
5242	3295
3169	1265
3710	582
4608	3025
1169	371
4714	1107
1995	609
4607	609
4972	3169
5150	1447
2033	1131
4199	2896
5054	2660
5188	1469
2479	1399
4306	705
2141	37
2889	1942
3740	1373
3361	1519
3498	1457
2424	2263
2956	2854
1208	170
781	589
4920	92
578	92
3549	7
2047	1656
4141	1423
4842	37
693	582
3169	3015
3705	78
3274	294
3137	3105
1696	292
5050	928
1421	248
5050	2065
2479	561
4752	4193
5054	294
4864	2700
4301	120
2083	520
609	419
5219	2509
2117	290
3055	120
5179	739
2223	1212
3822	2215
2887	362
3801	2211
3963	1286
5046	2887
3549	3295
1237	1053
4181	2934
2720	1274
2380	1889
880	229
3802	3169
4158	773
819	461
5121	4921
4581	3169
4823	788
1821	839
4275	779
3554	872
2211	550
4803	2081
4573	120
3877	92
4864	3995
3504	192
2211	2164
4219	2258
5054	3652
3169	2934
1996	371
2158	1333
4454	4405
2031	1646
4493	40
5020	4864
1511	578
2147	516
4447	2685
3468	2889
3169	1002
3987	1237
2186	581
1127	739
1611	683
2279	17
4275	1225
3927	3240
3286	1606
2987	2164
3602	3509
3678	2802
717	566
5004	9
3169	693
4493	2970
4921	3634
1237	459
1274	717
2656	1349
3652	2806
3506	120
3999	3169
5179	717
4222	4168
2889	2211
2178	787
3169	1985
4608	118
1295	1063
3588	295
4141	3768
2887	221
3169	1780
4906	735
1237	476
4997	999
4126	2385
4141	3975
3169	1561
4926	2597
4124	2887
5208	4435
5114	3169
4677	181
2223	508
5217	3573
4608	1338
5114	1447
4243	2816
4663	4046
2889	516
5132	2147
4608	662
4459	1347
3614	3286
4066	3565
3169	3081
4210	2021
3747	2673
5163	2258
5004	3169
2510	2263
5156	3549
3565	849
2663	2069
1353	1083
589	520
3169	561
2158	883
3490	1440
5020	1381
3156	997
2518	2147
5135	1990
1564	989
3089	1183
3803	1307
4688	1200
4304	710
4909	578
3171	2972
4049	3356
4909	1627
2158	1407
3813	1343
3257	1293
3602	3313
3169	229
3864	632
3169	302
1182	191
2258	881
3599	743
4264	1644
2158	1646
3334	1779
1396	138
4796	713
4608	469
1614	707
3169	2094
4306	1779
4663	2937
4222	92
1265	705
3477	1421
5203	1905
3421	794
2471	662
4094	3149
3069	1127
4020	3146
5134	2147
3492	1469
879	281
3881	879
4688	2211
3744	2244
2724	2554
5118	18
1533	1511
2537	2432
4663	1859
4714	3125
4152	2258
3648	3596
2904	1574
3927	3675
4845	3137
1919	1179
4577	1434
1650	1208
4727	1780
2509	367
4315	2065
3778	3212
5238	7
4315	2380
3700	2887
5246	4138
5219	2263
2820	1766
4442	3877
4911	989
1602	44
4210	558
3492	1237
3015	120
2064	788
2055	1440
4971	180
4482	2263
1602	417
3642	2435
1942	508
4068	1169
2743	2189
2526	2158
3665	2231
3869	349
4596	3718
3169	1093
3654	2256
2589	2320
4963	4744
2065	356
4351	2712
3017	2526
348	305
2970	1646
2165	962
4128	2934
4582	3498
4148	884
4031	2245
4310	4054
3286	3141
2673	2479
5076	520
2128	540
2263	1353
2861	2025
3169	2784
2510	67
1785	1181
4993	2542
2334	120
2806	483
3069	2890
3470	1838
3529	1237
5113	1779
3072	2258
5182	2510
419	113
1646	1349
2854	600
4864	476
2499	1022
640	120
3169	540
2130	1347
5054	1743
4023	2258
1227	879
4275	3169
5208	4066
3073	2554
3577	508
4089	120
4964	2158
3653	779
4595	1265
5156	120
1807	1369
5094	2106
5177	4962
2258	1082
5054	2320
3498	716
5246	1919
2965	1493
3952	2709
4823	3386
3417	2258
3664	2438
3146	3142
2894	2589
3146	348
2673	1406
4435	422
5196	1274
1176	989
2393	1561
4709	3169
1338	707
3084	2279
1757	1295
3019	2223
4727	2031
2993	2720
4841	4332
3169	1090
3105	1434
3681	2135
3904	1157
4439	1757
4148	461
5151	461
4891	3169
4864	4763
2727	1488
4539	7
4884	120
784	120
4073	881
2706	251
4306	3169
4405	4104
4315	677
4480	4083
2537	498
4476	2510
3937	2623
4138	832
764	621
4031	3315
3652	1469
3224	118
3807	1766
1741	779
4094	3401
3558	221
3169	1981
3169	3096
3167	541
2113	1138
2211	709
3626	3444
4864	1304
1519	928
2709	589
2554	2158
5242	2380
2559	1985
4468	1884
3169	664
4089	2356
4683	3975
4348	4198
581	120
4330	2989
3952	2128
2540	92
1905	1053
4864	2954
3459	1627
4477	4066
4864	2629
1027	120
4304	4138
4054	1237
4869	4099
3740	2776
2245	609
419	335
1998	1036
2743	120
3665	2974
4310	581
2393	417
3490	2917
5246	4304
4088	2240
3449	1488
4960	4031
3885	849
3487	2258
5054	1440
2519	1347
5196	2304
5118	2109
1691	348
4193	1237
3169	2840
3332	1469
4532	3613
2263	589
1792	120
4220	33
2991	120
4199	3039
2462	17
2186	1919
4864	1985
4141	4033
3975	2141
2887	2394
4608	2706
5254	4981
1197	1053
2887	1138
4066	346
4828	788
4168	4141
3822	1780
2800	120
2479	1493
3602	3012
4666	2158
4970	4306
2510	1205
4106	2869
2144	1127
4803	2158
3975	483
4651	2720
4275	1125
5230	686
3261	3012
554	290
2775	2185
2281	1007
2603	1347
3026	2158
3835	453
3447	3440
4864	2875
4864	4202
3904	2481
3877	3169
3169	1691
4864	2145
4493	939
4608	2033
4257	4124
1995	1759
2720	2165
3401	3203
2910	2481
2525	699
1912	348
5054	4889
4407	1736
4582	1223
3169	876
3486	118
5154	3167
5007	1522
3410	75
1576	1490
2936	385
3425	2065
4552	120
4141	3838
4257	4244
4256	1712
4555	2743
5246	314
3596	2552
2164	1766
4422	2549
980	918
640	265
2544	1752
3988	1766
4666	3021
3923	1574
3169	1868
2949	1757
1272	92
4719	156
1469	632
4795	3653
2548	1574
2615	883
4141	4021
5069	120
4066	2827
4752	2069
5243	2844
4477	2141
