903	1371
580	2900
2648	3380
3202	4033
1722	2912
4848	4890
1243	2797
2478	4380
2241	4273
4196	4508
458	3694
2898	4933
2844	4156
1402	1905
1692	2708
3300	4493
2173	4273
722	4151
1548	4372
618	4202
904	1710
2901	4268
207	3941
1110	2438
1491	4723
364	3576
2506	4302
340	1553
2118	4405
2605	2862
340	2438
1537	2589
2460	2797
2530	4929
1000	2698
1667	3366
476	3245
1710	2259
389	1215
2946	3202
877	2242
1189	3943
3103	5020
1162	4642
1145	1705
673	730
3548	4508
2347	4391
224	3107
299	4033
1465	5022
1060	2438
580	5113
4151	4646
866	2617
4472	4478
1338	2946
2573	3935
3670	3688
1537	2426
3056	4674
3300	4246
1058	1287
110	1182
2877	4880
564	1136
643	914
1428	1727
2605	4094
2862	4070
1215	1864
4036	5004
1423	1774
2438	2518
3380	4145
3944	4156
664	3617
1444	2374
1108	1366
2224	4861
2262	2667
1741	3116
3650	4236
154	1525
4326	4863
2118	3810
664	877
580	2142
269	507
593	3121
1579	2882
580	1687
284	842
1936	4058
1093	3114
970	973
2496	2517
1465	5062
181	329
994	2698
1476	4156
443	3121
362	3494
3714	4928
2120	2589
3857	4295
329	2594
1281	3044
3488	5082
3549	4598
3116	4440
1215	1348
1094	2472
2616	4598
2055	3417
3580	4045
2605	2648
2211	4809
903	3853
2438	3494
970	3116
1538	4929
1128	4156
3000	5083
1215	5105
3245	3724
3494	3754
1510	2541
3300	4202
3853	4711
1261	2637
333	4404
1270	2616
4267	4396
1444	4361
3643	4423
814	4478
3068	4554
123	2582
4156	4303
1950	4105
887	5038
594	3352
2714	3352
1215	3561
67	359
1204	3504
904	3851
310	2675
970	3626
943	5082
1338	4598
2966	4457
3959	4872
1465	4611
739	1692
2605	2938
3450	3987
1270	3941
1422	2693
355	4405
2698	3067
1667	3920
2882	4231
680	3324
238	5159
3116	3580
1727	2358
1660	1699
2625	2716
1444	2755
4001	4027
1749	4105
1252	5062
476	1742
1726	3920
867	2798
747	751
1893	3116
3009	3116
3346	4156
1249	3116
3498	4156
1727	2670
3590	4045
114	3304
2569	4697
2515	3780
848	1598
2605	3069
710	3988
1463	1637
1826	2625
970	2390
3884	4466
4017	4560
2775	4053
2625	3248
893	1655
2270	3512
2506	3131
472	3056
67	2438
1402	4685
2142	4399
4537	5136
576	4635
1251	3380
1856	3568
309	1433
3950	4569
542	1444
3264	4863
3175	4048
2974	3116
176	1444
7	4841
1042	4193
208	3116
1687	3961
3961	5040
2449	4156
750	2667
4393	4923
1727	4358
758	2181
2472	4760
2055	4872
1700	4433
2797	3839
1726	3065
1032	4814
1227	1629
1412	3328
1108	2974
2504	4393
1854	3713
1197	3586
2413	2725
4132	4326
539	1056
1338	5028
1553	4088
1461	4236
1666	3254
367	4929
510	1553
2414	3488
214	3092
209	5159
247	2287
1215	2584
1215	4759
3056	4480
3705	4819
2239	3807
3264	4508
1423	3408
839	1444
7	2358
1585	3312
4040	4506
2902	4329
2369	4376
1108	3116
948	2807
800	2013
855	2946
476	1920
925	1677
686	4369
919	4598
2923	4809
1460	3825
1113	3829
3300	4389
643	4070
2513	3157
904	2900
2239	3952
3116	3267
38	1444
4615	4711
942	3016
911	3961
1999	3573
333	1507
2307	4809
1063	1798
3351	4872
2534	3673
1145	2362
1119	1272
510	4873
1270	5138
7	1999
2142	4872
1710	1987
2698	4765
1505	3116
4841	5085
3902	4070
1537	3225
1897	3380
269	273
2653	3245
387	3245
1948	4329
651	1163
92	353
4105	4239
345	3344
330	2541
2089	2214
4362	4929
3574	5091
1260	1983
168	1884
2377	4059
1444	4728
88	1332
3116	4646
3481	3589
1390	2708
1722	3116
1093	1227
1583	3116
649	3367
3105	4386
282	2013
874	4070
4105	4548
3488	4725
2818	4580
563	4993
861	3116
142	991
791	1628
1704	3116
3116	4365
2402	4920
1248	4783
333	4950
224	4381
3116	4765
748	5146
3344	4302
593	2153
92	5022
983	4730
538	3116
2389	2964
7	489
67	4685
476	1642
2802	4156
2731	4156
27	2974
1680	4193
4615	4861
66	110
443	3840
158	5043
1037	3722
72	1549
315	3722
3409	4070
3107	3321
345	1444
4716	4928
3300	4053
123	1692
2000	2406
110	920
1423	2153
2904	4780
2338	3016
1444	4600
961	4526
2438	3555
289	632
3588	4165
575	3116
3	3463
2310	3959
2322	4405
3686	4554
2472	2653
3389	3450
1481	4872
325	4272
293	5004
4066	4070
2531	3561
315	2476
3380	3649
3444	4059
72	458
503	1422
1167	1583
2703	3493
4821	5138
1578	4441
67	3211
1035	1873
1537	4502
255	789
2118	3124
1553	3590
176	3623
1692	3538
476	4274
1844	3538
1812	2912
3820	4783
551	991
3573	3696
822	3646
1602	4156
751	2774
288	3366
3361	4386
1119	2347
652	2259
2862	5038
892	4302
2065	2909
269	2207
2698	3714
2199	2637
3682	4376
1272	2118
285	1929
637	893
2071	4245
2390	3435
181	3043
970	1332
570	1505
4105	4652
33	1599
110	4442
1002	4070
3121	4326
1407	3788
299	4480
1108	1215
2353	2951
93	2615
2657	4027
2637	4273
2966	3807
1215	4124
4584	4981
2322	2625
4129	4369
3116	3589
4040	4419
2871	4336
1444	1603
1477	4735
7	3944
2277	3820
923	3626
2281	3116
1930	2844
2966	4095
38	893
2438	4086
1684	4105
4636	4928
4145	4708
2704	3014
855	1423
3116	4831
580	1905
4248	4841
1822	4802
2003	2108
217	647
285	1283
431	2308
4156	4642
1583	2374
1108	4600
2974	5147
1056	1128
1684	3198
111	340
92	4068
2605	4539
123	3590
597	4105
2567	3201
3694	3885
3157	3853
489	3853
1422	2584
2438	4478
2726	4126
101	3653
387	4001
2951	3116
770	4070
1666	2625
595	4824
680	3442
10	2615
1122	2172
1200	4156
4326	4480
7	4386
1875	2362
1324	1704
4815	5083
1692	2594
1549	3646
217	2390
611	4871
4274	4393
1833	4756
2118	3444
1939	4070
2724	2967
877	1579
260	489
269	2427
2939	4399
1227	4558
2704	3807
1951	2541
961	2871
50	509
4105	4668
1680	2616
1044	4361
1507	4328
2947	4156
2438	3987
907	991
1538	1690
1920	3245
2270	4036
1202	4156
4045	4419
854	4640
1287	1905
903	5004
2420	3673
269	461
4399	4600
269	3080
1661	1677
49	5135
4033	4094
1425	1537
1727	3488
735	4478
1444	4639
1334	3519
1491	5062
291	2882
1034	2653
904	2114
2171	3827
2627	3590
812	4259
2476	3352
1710	2287
2374	3538
1641	3542
2515	4897
3685	4414
1334	3747
1294	1422
2708	4376
3107	4105
114	1469
1680	4156
1404	3116
3303	4531
1108	4897
544	4040
2181	2460
2478	3014
855	4480
3989	4728
288	3116
2541	4380
735	3493
920	3116
1567	2438
3116	3912
3074	4105
988	4219
961	2476
1238	3920
1844	4441
33	3290
2438	3731
509	4268
3559	4070
1205	1983
1543	1726
1215	4480
3236	4105
4156	5113
4105	4914
1444	4540
92	4517
3279	3548
551	5151
1590	2753
2530	4302
866	1692
1585	2453
2584	4156
1607	4719
1131	4728
921	3185
3116	3948
1444	4053
443	580
3797	4859
970	5040
3116	4000
156	709
2837	3481
961	2605
2230	3248
636	5068
1344	3694
174	3943
1422	2812
3604	4156
637	735
1322	4105
2584	5151
27	4215
1277	2525
3528	5020
1585	3046
292	3231
2987	5138
2550	3573
1549	1873
1674	2476
1119	4391
1477	4189
1113	1424
2605	3139
1444	4889
1487	3566
1113	3542
93	4110
2047	3845
1741	4950
970	2339
3580	4508
737	1136
2074	4105
1248	1742
575	2347
675	4070
1912	4145
1578	4156
1444	3573
329	4329
3202	4053
4329	4582
1970	2400
2460	3538
1970	2438
2731	4017
2882	3745
904	921
129	1113
1444	1722
4789	4978
1480	4405
2438	4162
1024	3143
855	2798
3853	4202
387	618
832	1505
904	2699
3116	3615
350	4302
2118	5085
904	3847
246	4728
4729	4874
195	4970
2182	3107
3202	4480
3853	4760
2048	2627
2277	4376
71	4336
866	943
3851	4970
1202	1444
1348	1396
4156	4871
1695	2698
570	1873
92	1990
859	3121
3107	4640
1136	1546
2541	3009
2055	3930
4105	4475
3151	3211
4105	4929
1740	1750
837	3920
1198	2901
284	405
1412	1465
1251	1505
1281	1929
1246	3476
67	892
3116	3611
1215	4861
38	1215
3116	4405
1677	1687
1524	4097
192	2798
472	580
773	2829
4602	4646
7	1208
3116	4562
2476	4416
1334	2199
2118	4323
2118	3730
174	2704
882	1828
893	3818
2582	4302
192	580
1108	1525
1423	4863
1037	2390
351	551
4023	4825
616	4841
2438	2774
1215	3810
3694	4233
1444	4734
3754	5146
1873	3559
3685	4004
4323	5085
1812	4156
1733	4156
3774	4728
593	4094
3649	4929
1677	3264
3116	3881
1674	3956
2074	3116
1514	2615
866	1546
1455	4389
1215	4442
618	1108
892	4059
618	2627
309	1966
192	387
552	3067
350	826
704	4598
326	3301
1844	3572
1108	2362
3988	4940
1770	2492
2818	4323
730	1360
340	2048
1009	4141
1215	3988
1251	4694
2934	4430
2662	3380
3279	4876
4156	4591
2698	2947
4045	4923
1491	3944
1695	3116
1895	2438
1617	3538
2547	4929
1726	4189
1156	1405
751	4600
4000	4978
2714	3810
7	3310
1822	2304
510	2048
2531	3987
1255	1492
1423	2939
5004	5151
1113	2417
2048	2616
925	5004
2118	4739
1255	4057
4156	4232
1487	3385
2472	3853
1890	3116
2142	2627
3175	3344
269	3451
1726	1912
694	4644
1494	2704
1741	4051
812	1078
1078	3812
2871	5010
3739	4580
2438	4615
866	4832
195	3604
1215	2755
626	3326
551	830
1182	1856
319	4211
1031	4789
3803	4105
2324	3116
12	722
309	4156
636	2232
1408	3672
3124	4059
4708	5083
3568	4723
1108	3752
1350	2958
3840	4929
4070	5071
4145	4772
1056	3060
703	2043
859	3264
7	903
161	2755
88	3961
1032	2019
1113	3258
309	3323
458	3116
2051	2699
2224	2449
2541	4097
2754	4191
2724	3269
3400	3573
811	3116
4478	4526
1371	2504
751	3988
2846	4043
4393	4728
1422	2605
4156	4196
3264	3580
114	4482
2108	3739
4970	5068
3977	4814
1215	3007
1873	2860
659	4493
2775	5114
892	2118
1727	2812
651	4284
1906	4156
3574	5085
1637	5040
1215	4739
881	4635
403	1553
3520	3646
28	5136
4674	4907
664	4897
1294	1619
2653	4493
769	2711
3322	3724
246	1667
3905	5146
863	4368
151	4156
161	4033
1444	4863
2118	3344
123	1645
1086	2846
542	4719
4580	4968
1113	4156
2573	4033
728	4729
49	4876
800	1426
1444	4598
3016	3081
2939	3988
2702	4711
2711	4583
2616	4923
2019	2323
271	489
3209	4554
4308	5147
1548	2525
1270	2974
1103	2449
4033	4053
246	2051
2417	5122
3047	3116
1444	1583
1243	4292
1844	2797
1548	4756
25	2985
1007	4328
1316	3223
3623	3739
2798	5062
3344	4496
4156	4598
3550	4105
402	3116
33	4004
663	4615
1270	4405
111	3818
192	4583
2404	2476
4487	4502
1113	4871
88	4295
38	2118
1036	3674
735	4972
570	4685
921	1162
1546	4382
747	4202
3116	5062
348	4308
2934	3528
268	2364
2199	5136
1030	3953
2666	4156
4156	5129
2852	4760
2254	3825
3448	4070
284	800
3810	4073
948	1108
1590	3116
1477	2181
2550	4949
3123	3911
1215	2497
452	1422
652	1422
4615	4951
2347	2818
129	1891
1727	3448
7	4583
680	3604
3810	4097
3512	4399
4105	4471
2616	3818
43	2807
537	1521
4120	4841
489	2966
3226	4220
426	4763
1108	1122
3116	3572
2438	4508
3116	3898
3007	4311
4069	4156
381	2460
2946	4923
1959	2476
3527	4156
3481	4105
2173	3228
1408	4540
1424	1920
195	3747
580	4480
123	2118
1548	2478
1745	3116
3307	4848
991	2310
739	970
22	1929
2569	4548
1002	1412
1248	1492
980	5146
55	2495
652	965
1156	3646
973	1215
271	2362
855	3853
3279	4045
1722	3279
2582	4030
491	4070
1444	1789
3851	3959
3116	3353
2532	3670
30	1408
2977	3105
246	2775
224	811
1722	4064
1030	4368
2106	2259
2743	4929
67	4206
2230	2582
50	3381
7	4894
1564	5126
2534	4095
509	2003
663	1726
2360	4058
2594	4527
3981	4621
3328	3919
1037	2027
192	4739
1215	1334
3548	5114
269	3839
288	2605
2744	4336
2013	4156
1422	2241
3812	4058
2971	3381
917	1015
22	942
2621	4831
1015	2723
3185	4156
1256	2232
1505	4033
2438	5129
855	3988
2966	4144
4863	4972
3351	4376
1265	3107
2018	4970
412	3116
1692	3116
2543	3116
4045	4817
1011	4496
1477	4308
3739	5126
1281	2820
942	4879
1556	4156
2575	5139
4642	4644
2370	2837
1453	4601
4070	4659
110	649
660	4311
219	3116
1444	5062
2704	4144
2027	4848
2504	4876
866	3624
3673	4580
88	4336
2438	3175
1036	1614
2394	3236
3520	4156
2653	4001
88	1202
4518	4755
2843	4506
3056	4399
1122	2708
3493	5072
93	2770
2374	2698
593	4600
320	2442
2277	2704
5040	5043
1692	2934
904	1671
904	4235
885	4978
2775	4393
2755	4480
3107	4554
859	3774
2704	3451
1197	3366
637	1603
2901	4358
2156	4412
632	3528
3840	3920
991	5091
1670	4929
925	4580
114	1692
1524	4480
50	1438
260	2353
758	2370
7	942
1338	4156
3736	3943
1423	2270
3116	4217
1607	2858
1422	3152
2617	4156
2843	4591
2335	2802
1156	1727
2173	4863
2814	3380
1684	4533
3515	3649
2449	4040
1727	4711
2347	3646
643	2496
3754	4880
3231	4005
1553	2946
748	1093
3603	3944
1674	2404
2740	3852
1720	4929
2492	4537
1215	4546
3646	4088
1122	4156
1462	4920
3304	3493
593	2270
757	973
637	4196
2912	3686
575	4644
1404	2684
320	1186
2142	2939
3147	3380
738	3867
1108	4399
903	4129
99	3116
1544	2661
1075	1422
1920	5114
1444	3853
1252	4929
1215	4714
195	3568
4801	4929
2755	3300
1695	3040
88	2912
890	963
618	2362
1270	2833
1150	1488
209	2646
270	1947
580	4202
2203	4674
1113	1426
3797	3840
1036	4126
1501	4844
1537	2829
3650	4120
4588	4819
3107	3589
4053	4940
1322	3116
3247	5068
676	1549
2259	4929
747	2939
2118	4598
1727	3358
1670	5113
3236	4763
110	2241
1543	4143
263	2108
2763	3380
2525	4929
4848	4978
921	1453
1704	1884
2797	3915
2867	4019
168	1108
609	1215
914	1108
3116	3807
2254	3736
7	2329
2404	4211
935	2525
2763	5072
1727	3769
1078	1936
154	5062
2175	4156
255	4110
2938	3959
2755	2946
1338	3344
2331	4105
1537	3953
2051	4630
3264	4349
3116	4202
326	1912
1710	4763
3591	4478
1726	2725
4273	4863
3202	3818
921	4601
299	2142
1322	1641
1215	4789
1549	2347
2378	4993
106	1993
2605	2797
268	5004
911	4220
1182	3114
1014	1243
3121	4972
2335	4144
7	2232
3264	4879
509	2362
3818	4045
92	1546
877	2288
166	4105
2076	4308
246	1444
269	1619
1595	3095
33	1162
2341	2535
581	1844
4236	4880
923	1537
1591	3331
925	1549
1710	2190
3300	4414
773	1225
618	4326
855	3686
2267	4850
1215	2410
273	3336
340	2755
1641	2837
2438	3943
855	3056
2625	3797
1953	4861
1108	2547
22	4175
1537	1556
309	4928
7	3941
1680	2653
4156	4502
2310	2934
1368	3943
1524	3988
452	3944
4156	4569
632	4470
3157	4480
1732	1891
2051	2735
158	576
2344	4070
2996	4308
2593	3779
1372	2118
357	5035
452	1003
3512	4600
340	2946
4053	4274
1501	2065
3116	3450
3121	3202
3478	3586
1726	2589
1215	1780
1324	5151
3534	3658
269	4238
3573	4389
92	3012
2858	4114
1929	3694
193	1727
477	4162
1412	4004
573	4783
757	4879
269	4275
2224	4711
111	637
376	1847
4475	4876
2027	3586
1465	3281
2534	3116
1655	2406
1692	3043
1524	4132
963	1408
867	3201
917	2882
1444	3512
1947	4336
923	5062
4045	4508
1215	2915
2946	4480
3103	3839
1661	2946
2938	4380
1460	2018
3586	3961
1150	4156
893	3989
3380	4809
7	3292
1585	1912
2142	4132
573	1704
551	3044
4760	4863
1512	3328
2698	4238
2118	3267
1503	2763
1477	1667
1937	3044
893	4598
2807	3352
3201	4326
1455	3589
387	4940
859	2798
270	2438
2826	3116
50	1203
1162	4759
2906	5014
174	4002
649	2637
1936	4156
246	1338
4880	5146
1108	2306
1505	3380
174	3488
1108	4905
180	3116
1670	4008
2666	2934
4760	4923
3400	4336
2347	3930
1710	3185
1873	1987
2653	5114
2181	3086
192	743
1726	2417
948	3369
1905	3245
551	4478
763	2118
1671	3851
1444	3231
4789	4809
2160	2605
476	3724
849	1272
618	4274
4001	4156
2230	3175
580	4053
917	3623
38	4540
4110	4156
1952	4156
1283	3736
1422	2917
1873	2547
1108	1905
1726	2963
917	1637
808	2735
3056	4273
1583	3941
202	2716
1461	4273
1030	4151
28	3493
1752	4955
2584	5072
1674	3803
3943	4907
246	4471
2005	2882
593	2232
1745	2698
329	1537
2627	4508
2633	4156
1267	4978
387	3724
1983	3116
284	3853
2969	3116
580	4600
3267	4302
176	1546
784	1549
114	129
1107	3116
64	1710
2575	3499
2182	5109
2230	2739
1251	2593
2420	3032
411	575
1591	4073
1617	1695
1537	2197
1113	1652
2118	2818
134	4156
770	5062
489	4019
3512	4923
3586	5040
3839	4441
2752	3116
585	3731
3116	4199
2299	4070
855	1677
1428	2118
3673	3739
2230	4734
921	2013
2214	3513
333	4441
3116	3188
618	970
1708	2525
2692	4236
1001	4916
1816	4156
158	4902
2929	4719
3289	5114
1897	2492
489	4376
2801	5146
300	4960
2605	4023
2755	2775
56	57
1202	2142
2775	4940
1912	4646
1710	2072
381	3538
1108	2130
1598	3198
88	3847
2299	4928
6	4156
4097	4388
1543	3576
3623	4193
2438	3589
2605	4746
3121	5113
4095	4815
1444	4949
92	3307
1365	3116
784	3116
3244	3392
2857	4365
1525	2495
192	1260
1623	3589
151	1884
2901	3493
1333	1740
170	1113
2374	2852
4273	4972
2074	3963
509	4580
3851	4156
2972	5062
1058	4053
510	4480
4202	4981
1720	3724
255	863
911	4145
1553	4393
975	4580
55	4156
1546	1742
4156	4578
1352	2051
1537	1745
110	1856
285	2677
2956	5126
2018	2541
1583	4045
1354	3116
2811	4635
174	961
110	2339
4729	4879
750	3644
1670	4433
161	893
124	1136
2851	3961
1727	4019
158	2242
1032	3107
1396	2541
2478	5010
111	2755
110	4588
292	1571
1167	2447
510	4045
991	2010
3705	4739
2358	3840
3548	4598
92	1109
474	4156
656	3436
3458	4480
3713	4841
991	4191
1334	3258
2946	3580
578	4723
3566	3747
3114	3754
1294	4441
2534	5021
2755	4728
1614	3369
618	3264
3114	3151
3367	3905
88	3506
4764	5010
1202	2270
4105	4267
2390	4038
576	2862
1617	3646
917	2573
2934	4130
3116	3713
3566	3754
1225	3014
2127	2621
1858	4328
1492	1710
110	4040
7	1115
510	4508
310	2882
961	2118
919	3807
2530	2755
1063	4405
2370	3488
1283	2492
1119	4646
2353	4870
2775	3264
50	3589
1666	2882
1710	2135
1840	3736
1677	2310
137	839
1444	2666
1726	3829
1352	1936
2181	3116
1884	4783
2985	3705
570	2985
25	462
2795	4045
25	2310
4760	4940
2616	4033
2737	4929
93	1847
1423	4156
2	3454
1553	4923
111	2048
1947	2242
1973	4940
434	1828
1936	2051
3357	4728
751	1058
2495	2852
1162	1917
673	3513
485	652
2573	3188
1465	2241
2938	4929
3116	3424
269	3891
1031	2369
1464	4929
92	2985
25	2755
1465	1549
2030	2770
1677	4876
489	1108
1873	4964
2436	4162
1243	5005
1444	3961
1947	4764
2569	3713
3242	4156
570	4544
4202	4760
284	462
1422	1465
3546	3736
4759	4861
3568	4735
2434	4144
2675	4097
1560	4156
1113	1667
291	1732
27	3116
2435	3829
3548	3589
1671	1677
1966	4004
1873	4231
8	1243
1727	4369
758	1438
673	2826
2482	4664
3201	4033
43	1833
299	1670
1905	4053
637	2048
4105	4808
2051	4259
3116	4640
1036	2726
3512	4711
77	1619
866	2181
476	1677
575	3930
4156	5068
1602	4674
28	345
3416	4045
269	3132
262	3116
1162	1215
663	2625
2180	2704
1113	3493
2710	4105
4033	4876
4156	4659
1770	2535
2667	4441
4533	5069
1182	5146
575	1272
2547	4789
2369	3863
988	1007
2909	5004
1690	4388
246	4960
2438	4372
1913	4580
1460	1532
1930	2726
2241	3566
2308	3884
1426	4129
2287	4156
2605	4659
4156	5105
1465	4220
1897	3488
2798	4033
1211	2698
300	2477
2438	4600
4349	4660
1453	3116
1108	3067
921	1710
22	4783
1168	2818
440	4070
1505	3880
1537	1912
111	4480
4105	4214
1641	2370
2811	3646
3116	3178
4110	4272
325	2967
2547	3943
2374	2938
2027	3300
2048	4399
2515	3617
5114	5129
92	564
4326	4923
3724	4001
309	1324
1462	4905
2438	3279
855	4872
1105	2569
2199	3786
1740	4198
510	1603
1171	2030
1075	4580
2233	4105
67	4368
673	1509
247	4458
2985	4685
3961	5010
1165	1952
821	3159
2867	2887
680	3430
3279	4923
238	2661
2254	3131
269	1741
704	1692
3769	4070
299	2504
1598	4235
2698	4602
1422	2212
2172	5062
142	2625
1666	4442
2713	3920
2723	4714
273	1243
1670	4033
1672	4477
33	1677
1503	2799
3820	4929
137	387
1579	1674
247	3950
1657	4308
1269	1549
476	4202
3451	4499
387	2653
56	3116
2966	4318
414	3154
3930	4644
2520	4307
3586	4336
2026	4156
1742	3586
2774	3201
2777	3116
2339	3270
2134	4929
1709	3116
195	443
1537	2201
1539	3124
2048	3670
2410	4129
570	1215
2072	3673
2627	3818
246	4156
2938	3808
1893	3586
580	3289
92	4760
3116	3759
1524	2939
2239	2434
414	1549
1606	4156
1032	4441
3013	4629
3121	4088
1549	4129
4521	4928
975	3646
3072	4928
247	4809
1272	1617
4033	4088
2755	3941
7	2770
1884	4235
1058	3245
1603	4033
3101	3105
309	3198
2826	4308
2199	3012
387	3580
758	1914
1348	2904
72	652
4273	4393
4728	5068
4053	4508
250	2901
209	581
2713	2882
3116	4891
751	2775
585	3159
914	3488
273	3132
1455	2434
1777	5068
1037	4819
2031	2728
2153	3408
1113	1764
1826	2460
973	4110
1708	4929
269	2667
2909	5079
1164	4156
1888	4978
1036	2807
476	3289
3589	3885
2966	4002
2530	2967
2347	5085
709	5062
2605	3075
2051	2937
4129	4156
539	879
510	2946
1684	1710
2547	4002
673	3450
3328	4189
773	4129
2625	3047
151	3131
151	4850
751	1677
1727	4097
1875	1905
2698	3120
1677	2027
688	855
1108	2203
33	2592
2118	2155
2966	3839
1108	4389
3095	3116
1201	1352
1215	1510
2917	3007
1671	3847
921	1598
3380	4208
1507	2214
8	1583
1549	4588
284	4502
2637	4236
925	1150
1966	4388
748	1906
3580	4760
4267	5041
1215	4637
67	1267
2863	4653
637	4508
3116	3361
1741	2557
150	1461
1477	4487
3818	4053
2241	3800
4156	4734
3701	4580
2394	2438
2051	5062
2996	4502
751	4202
1272	3124
1742	3366
328	4526
409	2698
88	2615
3568	3847
1726	1938
2996	5020
13	2230
1666	1873
3876	4916
2156	4492
4376	4645
2653	3300
867	3416
412	730
3927	4290
3701	4358
2389	3116
95	4211
1873	2645
1215	1583
3116	5071
1422	1549
1553	3201
854	3451
593	2504
1692	4059
166	2460
2904	4193
1422	4876
1603	4480
174	4245
1215	3279
2605	5071
2775	4929
1543	1727
1750	4308
3685	4897
575	5085
1643	1727
750	1243
694	873
2438	4840
1095	1374
207	2118
88	2871
1007	4417
1202	4760
2837	3542
2534	2698
3678	4783
1465	2420
3116	3404
4105	4894
914	3617
184	1422
2373	3619
1423	4600
1917	4308
1546	3739
4441	5159
2460	2546
881	4086
1913	3116
4000	4719
2108	3338
3493	3963
2495	3416
2680	3116
652	963
2661	4950
2858	3488
3199	3344
1889	2199
2118	4981
1108	3980
1162	4867
2929	2956
961	4215
3754	4560
2798	3590
1215	1422
3754	4598
2605	2846
2182	2704
2118	3202
4246	4598
111	510
3381	4701
49	3300
580	3724
2118	3580
3361	4459
1666	4238
2031	4972
2799	3114
345	3175
2605	3120
326	3930
4156	4801
309	4861
2605	3853
27	1203
1202	3121
2460	3361
2528	4554
1113	1414
861	2704
3774	4840
3328	4848
580	1444
2048	4033
735	2287
4719	4815
4156	4668
3116	3566
92	2406
3668	5028
1583	2966
704	3736
332	4826
580	3121
2114	3488
3988	4600
4033	4674
1197	4295
3786	5122
3116	4463
3116	3745
970	4336
601	3566
1525	3780
3121	4196
1322	2477
1672	2815
2048	2755
2030	5040
326	4558
1503	2818
1227	3025
1525	2496
2438	4601
3369	4126
1108	2573
2071	3674
911	3116
2904	4156
2901	4030
252	1774
3279	3478
1661	4863
2410	3095
1512	2938
1105	3566
851	4156
2715	3116
4399	4873
2801	3566
1710	4039
913	2118
1113	1505
1108	1741
1895	4156
1491	2605
2714	3116
1953	4615
2877	3754
4036	4156
1215	4841
2039	3926
855	3247
1248	5035
3116	3696
4145	4728
2027	3674
2547	4584
269	425
3961	4073
250	1215
973	1510
1063	2625
890	3736
293	965
1946	2027
2124	2713
861	1455
1108	1603
1283	4151
489	4871
153	1537
1537	2534
1671	2013
3810	4791
2605	4066
7	851
2593	3258
3478	4290
2584	4235
1585	2366
3116	3458
893	4077
2506	3258
270	3400
670	3116
2417	2698
429	3498
273	581
3121	3279
739	911
879	2051
3853	4274
1461	2637
1953	2605
3488	4902
1603	2048
1485	2938
4353	5062
3685	4273
1324	4783
3352	4156
443	3754
1463	3439
1505	1667
85	4156
3961	4336
1727	2934
4508	5114
2605	4472
2071	2615
2438	2713
2027	2438
2106	2582
1671	3185
948	4211
2496	2852
2118	5058
1034	1424
1775	4583
2798	4600
1579	2242
1505	3366
866	3653
1727	1903
3568	3649
3035	3351
3435	3674
921	4759
816	4601
881	2811
1680	2755
3566	4880
7	963
1250	2277
2837	3107
2024	3736
1044	3852
2033	3132
1444	4960
2755	3114
1453	3853
510	2627
2118	4646
67	1480
282	2007
580	4508
88	5040
291	4019
1457	2934
1108	1677
694	3486
71	4388
3747	5113
327	4329
3207	4409
2605	3944
848	3686
3300	3920
1726	4402
794	1537
3202	4156
1655	3747
1296	2934
43	948
640	737
129	2118
300	4972
1946	3116
92	4059
1953	2584
2541	2763
783	3007
690	3116
2939	4863
1390	1692
1510	3694
1641	4381
1215	4455
3252	4132
330	3442
2605	3108
30	3810
72	1873
2627	2946
3116	3434
4156	4841
1352	3782
1001	1875
690	2404
2339	2800
2224	5072
387	4202
1966	2934
309	1953
146	2637
33	3672
2798	3474
3650	3851
2438	3853
111	2616
2569	5062
3114	5078
359	1642
4230	4886
1032	1741
703	2377
920	2582
694	1617
2390	4685
1423	4273
510	4598
2800	3825
1432	2996
238	1983
632	4064
158	4841
33	158
192	4644
1078	2699
1108	4211
2308	2971
2625	4097
285	4140
3580	4972
1175	2852
2438	3722
2538	3898
757	2882
2118	2823
1491	4156
3344	4863
882	2617
694	2724
7	3349
2692	4880
4311	4412
1560	4819
3736	4273
309	1491
121	4165
1001	1444
22	2438
2605	4544
432	2214
1168	3101
970	4156
4701	4831
2605	2666
1491	5083
1201	4058
476	3685
2010	2698
88	3705
1109	2118
348	3116
1750	4077
2277	2414
576	3225
1684	4783
2323	2605
1108	3988
1197	4405
246	4144
4156	4889
3580	4598
1215	2531
387	4070
904	3185
3116	3626
2985	3116
2822	3116
1270	2627
1983	3804
3688	4048
750	1014
3105	4929
1113	4145
2698	4521
2203	2541
1905	4859
2974	5020
2569	4156
867	4876
1175	4156
2967	5032
3404	5107
1929	2887
250	4105
694	5085
238	5085
4070	4554
1108	3573
2341	4270
609	5069
2344	3356
2573	4596
1215	3369
443	4202
2898	3619
1465	2438
114	199
876	1267
3685	4600
1453	3754
2472	4940
1692	3025
3114	3248
2299	4814
4645	4960
722	4560
3367	3754
2156	3270
578	1546
1914	3481
3014	3953
2438	2507
209	1014
1548	2306
664	2515
4274	4940
2807	3116
866	3230
1496	5041
581	4441
1667	3493
3744	3840
2241	2637
887	3812
209	1265
512	4349
2605	4130
2153	3988
618	1428
3247	4583
1422	3795
570	4872
452	2438
329	3739
1905	2472
1094	1108
4105	5118
4045	4480
2118	4196
680	2592
1034	4872
8	612
3101	4871
106	3722
1162	1453
4045	4972
28	1215
1338	3590
3095	3103
1333	1432
828	5072
832	3014
1009	4386
3016	4783
911	3677
1113	2904
2880	4156
246	1895
2605	5091
158	1003
2724	3485
2627	4863
285	1505
4162	4389
2726	3369
2844	3696
2027	2390
2381	3116
2027	2608
2055	3840
269	333
4000	4105
921	4235
1741	2374
3264	4967
88	3677
4469	4532
1109	4480
1252	2476
3366	3493
273	4814
3279	3853
758	4554
2702	5151
284	1549
2013	3369
903	1609
637	3580
2243	3941
1951	2347
2802	4580
329	2199
1267	3736
110	704
300	5004
1269	2698
153	2287
33	2241
1537	3358
217	364
3673	4821
364	1215
2472	3322
2055	4764
3483	3515
581	2214
357	2438
192	3116
25	4206
2406	3101
111	3580
269	3977
1875	5122
67	1674
4086	4635
2108	4144
686	3961
1684	1884
2698	3905
1757	3108
3638	3780
1020	3116
3941	4154
542	991
2067	4879
3211	3270
2951	3713
1844	2307
3185	4819
3121	3818
3121	3590
3591	5091
2414	3953
1970	2964
3226	3366
2541	3037
593	2142
1722	4419
1020	5061
1444	4202
1723	3151
2882	4544
2299	2974
652	4151
3367	5146
3953	4368
904	2030
1677	3157
2627	2775
2684	3685
1752	4401
1726	3185
3840	4097
1532	3515
1444	2015
268	637
1251	5118
1113	4972
473	1736
3116	3513
2013	3185
1444	2530
970	4544
2277	3840
158	4635
1488	1570
2582	3116
2541	3765
2605	3352
161	2118
925	4120
238	3116
728	2230
2341	5042
2142	3685
2617	4694
2872	3116
1905	3322
246	4508
1215	1340
1109	2934
1215	2076
202	1316
38	1460
4440	4841
58	2310
2157	4059
1710	4351
2108	4232
770	2605
303	4764
1531	4406
1873	3820
1690	3035
877	1674
443	1270
1750	4156
12	372
110	3201
3247	3920
1673	2561
563	3945
3946	4502
2704	3943
1009	2230
470	4077
718	4156
28	4368
1583	2130
863	3331
2299	3650
1726	2218
144	2882
4123	4831
4053	4493
2360	2735
2051	2561
1058	3322
943	2181
1119	1396
326	4729
826	4302
414	5114
2951	4527
576	2242
4094	4950
364	773
2142	4088
3116	3829
2667	4458
177	2310
462	2118
7	1560
288	300
309	4711
2912	4053
176	1243
593	4923
443	1108
389	2031
489	4156
1422	2593
3116	4754
33	2341
1371	2438
855	4621
3825	4206
735	4399
509	2713
601	972
3506	3934
88	2661
1727	4714
2030	4861
920	5042
1505	2108
4880	5078
1609	4809
288	2882
3486	4156
3538	4441
1546	4144
3116	4697
593	4033
309	5004
3105	4169
961	1444
2142	4600
1408	5072
3121	3580
4272	4419
559	3116
3116	3834
1936	2360
942	1505
580	2653
1215	2901
30	2899
1422	5151
757	4001
570	2882
4646	4729
33	2700
2153	4600
1546	2438
1623	1641
1248	4763
2369	3279
1270	1444
4441	4993
2735	4259
4463	4783
4040	4929
970	3435
33	664
2370	4580
2013	4970
2435	5062
593	1670
2882	5028
2358	2625
1505	4580
673	2308
866	4867
1109	2013
92	2417
4905	4916
3116	4517
2182	2837
1227	2812
2362	2434
3362	4572
1546	4664
424	3116
991	3769
2846	3476
1263	3515
1620	4209
1444	3946
1906	2605
4674	4863
1477	1740
1671	4406
2067	2882
1113	2748
1034	1873
704	4156
2051	4664
855	4600
580	1215
2882	3808
329	4308
367	4928
1338	1661
4970	5043
2389	4433
1031	4156
2459	3587
2917	5151
2230	4801
1109	2755
1277	4105
409	1727
3056	5079
1215	4711
3538	4472
340	3590
1122	2653
1444	4156
2541	4723
1001	2114
735	4393
2417	3673
1723	3114
750	1294
1032	2661
224	2459
55	3810
667	866
1035	3116
2243	5035
158	1227
1256	3547
207	580
663	1953
3619	5069
1914	3107
3154	5004
1553	4156
3264	4162
1873	1966
3880	4526
326	4323
991	1000
1717	2407
2858	4840
728	1912
7	4594
1046	3116
1058	1122
983	2593
238	1408
2230	2370
1094	1583
2406	2438
151	3424
1108	3617
3114	4064
2438	2575
1847	5105
3116	4819
2120	2807
2969	3930
2398	2870
3116	4508
2307	2593
1182	1487
1726	3264
2199	3227
636	2934
2270	4600
53	2605
663	4156
1352	2675
4929	5003
750	3560
2270	3202
551	2438
1983	2108
3538	3572
3673	4648
2615	3674
271	2108
3344	3810
580	2823
2823	4329
151	4580
3204	3424
405	2593
43	3696
7	4156
3408	4033
3116	3754
1607	1789
1847	2584
224	1914
1422	1481
649	1182
4594	5122
2362	3617
4716	4735
2224	2438
3116	3504
3010	4789
2934	4869
1888	4105
1641	3589
134	2716
403	1444
1211	5122
1938	4621
1983	3247
2108	2362
1243	4950
1215	4819
3838	4156
2045	2299
914	4642
151	4151
3747	4187
580	637
72	2362
2438	3672
897	2698
2534	4985
1726	4945
1583	2118
1078	2051
3323	4245
1012	3568
1324	4970
3225	4635
30	1667
537	2460
1428	3818
5083	5091
970	3249
580	3321
904	3461
748	3114
3228	4273
1422	4124
2390	2727
1722	4916
4156	5039
2124	3736
2030	4120
4580	4907
1098	2811
30	3366
2966	3701
1396	2743
3754	5078
1525	4897
848	2996
381	1844
983	3182
881	3646
580	2861
822	3488
2775	4923
121	4040
948	4578
1946	4789
4033	5135
580	3202
458	2964
1444	1666
1460	2867
1549	5053
575	2118
1242	3493
505	3116
1710	5004
3268	3998
1553	4873
1983	3810
134	4861
1505	4005
1453	3586
129	4156
1503	2826
2108	4463
942	961
180	1537
1292	4323
4070	4515
2547	4468
1145	3116
3987	4586
2414	3081
903	4105
4067	4311
2406	5129
4144	4580
1780	3279
1742	5122
192	1791
664	3685
2938	3072
3289	4053
728	4558
1215	3188
816	4036
3920	5091
1426	1607
2142	4097
165	4156
1492	2716
3736	4871
1465	1642
1270	4728
4097	4783
1205	4575
2438	3344
2394	3116
153	4361
2114	5152
1546	5042
972	1549
269	2661
1752	2593
452	1324
1677	4583
2582	4872
1215	4318
1408	2582
4033	4760
3494	5117
3116	4500
4412	4492
2153	4480
271	1913
1244	4069
387	4033
560	3963
2076	2255
2299	2661
1165	1549
750	4831
1680	4480
993	4105
67	2240
1641	3481
2615	4970
2725	4621
3116	4897
1408	4583
1251	3341
2797	2919
4236	5146
1969	4156
1627	5035
4156	4972
3105	3199
1677	1722
1438	3409
1251	4217
4053	4132
2390	2985
1537	3797
1215	3851
1164	2239
1677	4088
3208	4458
320	4156
1952	3116
1692	4594
2308	3451
269	1844
1094	4326
1816	2616
1774	5053
2946	3264
1405	3646
1627	1655
551	1269
1905	1983
1873	3188
2358	4070
1969	4208
1544	4070
5122	5136
1670	2939
2549	4580
3783	4156
3361	3807
2224	2814
1444	2774
2097	4156
3116	4227
1404	4268
747	4284
1113	3537
1444	1553
476	4156
694	2347
1948	5083
1553	3116
1113	1879
7	2241
3349	4729
114	737
2846	3439
325	1461
704	4272
2307	3891
4311	5151
758	2837
3116	3289
348	4404
1914	2181
1444	2481
1333	3603
3123	3488
751	1108
1438	2661
3114	3566
1722	3264
3054	5083
2517	3503
1727	2234
1105	4236
387	2946
3590	4598
296	855
208	652
2637	3566
3943	4095
1433	4615
88	3722
991	4114
3116	4930
879	3549
4105	4175
299	4326
943	3504
2438	4819
2018	4328
1900	3116
447	1215
3409	4215
168	452
345	1422
2019	3778
1020	4877
2438	4053
3987	4819
3124	3694
2360	3782
3880	4145
309	1847
673	2027
3188	4336
2934	3139
3116	4760
3114	4508
1422	5066
670	1251
1086	1246
859	3202
111	4196
1710	2013
2934	4231
4540	4801
1265	4441
3121	4399
1283	2677
564	4872
2617	3845
1757	4156
1215	2743
1271	1717
2417	4070
704	4105
4859	4940
2270	2798
1108	1780
1884	4819
2934	4539
2775	4156
911	4073
885	4362
1215	3323
7	1108
429	2182
1477	3603
192	4575
1936	2517
3116	3509
1093	5078
1938	4156
1517	2698
88	4819
2733	3273
2904	3116
542	2605
3959	4376
4336	4764
2241	4763
2182	4985
3116	3832
246	573
1094	4478
1667	3797
1215	4584
310	2605
1366	3853
943	2593
551	1042
907	1444
7	3290
816	1162
1348	4580
300	4508
1205	2307
1789	2230
476	5114
615	4789
2532	3603
4038	4844
758	3107
351	822
4544	4872
2506	2726
4764	4902
238	651
2153	5113
1847	5151
1914	2370
2329	2362
866	4308
911	3201
2048	4480
1553	2270
4039	4719
4405	5130
1444	1895
3116	3769
4156	5043
25	1895
166	4831
1549	2805
121	1565
3328	4388
473	881
1487	4560
1131	1684
581	2797
2495	2714
1333	3012
2401	4005
209	4441
1444	4859
3825	5107
1585	4493
2812	3840
2031	2438
506	4156
632	4921
2616	4156
372	1797
368	4861
2031	3351
1094	4156
3264	4480
1202	4478
1122	3724
914	2410
1709	3675
1641	4554
72	311
1357	4156
92	2199
2118	3930
25	1279
581	4824
1585	4558
3959	4290
4393	4598
1579	3646
2541	5130
1202	4923
735	3590
2142	4863
1124	2846
1666	2541
7	1402
3513	4388
3180	4890
1789	2118
673	800
4041	4637
293	863
1444	3591
1505	3739
72	757
345	3810
750	3538
1168	3344
2153	4033
601	1723
2003	3952
1879	3646
1619	4070
1262	4802
4419	4929
3988	4873
4526	5028
1453	2027
1840	3685
3515	3560
3580	4399
1058	5114
2753	4209
7	2299
3116	5042
1322	4656
4193	4388
92	3739
2937	4156
904	2446
1462	2402
3201	3408
510	1109
1463	1537
25	170
436	4950
269	5159
2318	2569
3542	4656
1444	4841
643	2515
2507	4537
452	4386
973	1444
1294	4640
3580	4053
1905	4940
193	4077
727	3646
247	2118
1667	4532
1913	3686
2852	3685
4326	4600
2104	4537
717	3724
88	3404
4397	4872
2807	3696
3369	4211
6	1692
2496	4404
2703	4273
3116	4734
1215	4384
1699	3116
2104	2438
3009	4680
190	2255
43	4578
2404	2438
3109	4105
1182	2569
93	359
4494	5159
2118	3389
1537	1948
1182	2637
892	1272
735	3264
2118	4156
3047	3920
1723	4236
4610	4725
3701	3943
597	4409
2324	4192
1422	3380
4070	4729
1404	4897
2226	2438
1333	4156
4156	5117
88	5004
1920	4156
101	4401
3289	4760
4373	4531
2460	3560
1215	3547
1039	4405
2291	3231
2435	3810
3279	4760
3774	4598
1001	3290
2625	4640
1677	3279
1333	4189
942	4880
2242	3225
1058	4859
1260	2818
1525	3116
903	3105
1301	2476
137	4151
1255	1505
111	3202
1906	3114
101	3943
1042	3623
1521	3116
1215	4949
1324	3619
1215	5062
269	4318
2811	3344
2530	2605
269	750
4000	4070
190	3451
3863	4916
134	970
1501	2114
4863	5113
255	4372
838	4156
67	789
3056	3988
2420	3300
859	4508
484	1056
710	3203
3060	3549
1677	4273
1277	1983
4070	4380
2048	3121
1189	2255
288	2362
1113	4729
2934	2938
866	3463
890	1396
2677	2863
3116	4215
1453	3961
1037	1840
1598	1704
271	1113
1056	2496
88	1777
1119	1617
2698	2802
2030	3650
609	1422
1205	4206
1884	5043
332	2329
646	673
180	1667
224	2181
1453	3941
2438	3705
704	1105
3154	3829
2755	4399
3354	5020
2438	2753
914	1671
593	4480
1741	3264
2438	4027
158	5010
3107	3839
25	1035
789	4416
2589	3116
4361	5038
2207	4950
4156	4216
1214	4105
443	2775
2214	4580
309	4067
4156	4923
1717	3019
3988	4480
2616	3202
3673	4588
1426	1549
309	2438
988	3450
300	900
269	3107
3344	5062
2130	4472
60	4156
903	3485
3114	5050
2013	2698
288	1505
643	1525
2438	3435
1334	4077
1444	4324
3782	4058
2831	4162
2438	2755
2627	3121
1492	1505
4572	4967
3116	4685
3981	4156
4274	4480
1481	3116
247	3361
3724	4493
1215	2525
1067	2531
154	2852
1348	3747
2205	3270
1920	4940
1105	4419
412	2502
1727	2534
472	4070
1197	1565
271	4070
1549	4475
2026	4463
570	2531
1666	2605
1215	1977
1560	3961
1537	2294
2653	4156
12	1067
1710	4590
1444	4033
580	4045
3354	4189
71	158
1677	4053
1537	2902
2027	4859
1973	3358
1108	2504
914	1404
2142	4480
2862	3394
4406	4783
3853	4863
3116	3276
284	2455
1603	3818
2242	3514
3056	4033
1007	4219
1661	2798
925	3920
3245	3289
575	1119
2914	3116
2646	5159
3185	3851
291	699
3204	4478
1067	2211
1265	4653
1873	3808
1252	2605
3839	4814
359	4110
4066	4156
3328	4532
154	3493
2482	3563
580	3988
4841	5136
3586	4819
3437	5061
1260	1993
2390	5040
176	2157
1789	4110
1677	3573
2438	4040
1310	3694
1777	3124
1113	2534
1873	4268
299	1202
4156	4324
3116	3876
1215	1599
151	3752
2932	4105
3116	5085
576	4156
4156	4834
855	5113
1617	5085
1560	2985
2048	2946
2106	3646
3116	4340
161	1408
1677	4600
581	3839
4095	4929
12	1505
2370	3116
1428	3498
2871	4369
1913	4594
601	3367
2262	3107
1710	2728
3116	4978
1042	2713
3754	5068
52	1007
1553	2627
92	4077
2899	3116
1623	4554
3116	3249
292	4978
1549	5147
2507	2625
667	1350
1461	3754
3682	4719
2605	4955
88	2270
110	1722
942	3669
1215	4772
3380	3620
2569	3439
2541	2610
2605	5136
2939	4088
3116	4346
2621	3116
3961	4685
92	570
2118	3829
3116	4458
1001	3800
1332	4156
1145	2496
1109	1202
3493	5136
1656	2814
271	3673
3409	3589
1903	4189
1075	2966
2723	4978
1546	2417
2798	4897
735	4636
2782	4872
2504	4598
3202	4972
948	1553
246	1270
2039	3279
750	817
1044	1460
255	3116
2438	4295
2337	5062
4053	4859
1459	1628
1078	3782
1705	3380
770	2698
1105	3114
1546	3920
580	1741
2939	4600
92	3611
2460	4793
1453	3705
250	3116
2224	4601
1079	4077
1215	3321
593	1202
907	4169
2716	4970
1113	3318
293	1205
1334	1946
3810	4580
510	2653
4799	4841
1983	2496
423	1873
580	1428
2726	2844
4105	4174
489	1505
158	4629
214	4476
1324	2013
2417	2904
257	2097
209	3839
2173	2798
490	1294
486	2867
3116	4480
355	3116
491	3116
1108	3591
2724	3444
551	1113
3736	3944
154	914
1936	4169
1244	2496
2076	4831
2912	4361
52	4328
503	4070
1741	5158
651	1038
2882	3902
1603	4399
1481	4077
1037	2031
2378	4156
3289	4859
1338	2362
55	4273
2142	4323
3108	4542
1643	3476
911	3011
1549	2420
1324	4933
2655	4105
694	933
703	1444
1444	2946
758	3409
580	3300
3404	4764
353	3629
2573	3032
434	1020
318	4156
1873	2901
2696	4156
680	2723
837	4576
1938	2003
3853	4600
1514	2071
1444	3880
728	3838
735	2118
319	3116
2801	3754
1334	1412
43	4756
2775	3580
38	1570
1556	4105
1607	4326
1736	4531
651	4308
1505	4144
1100	1465
651	1318
1503	2013
2605	3440
2882	4708
2716	4388
3077	4172
158	877
2902	3116
2051	4258
114	2214
209	3116
1524	2951
2438	4711
904	4120
893	1215
3590	4508
2338	3381
1797	2716
2547	3366
2713	3623
1444	4923
1726	3959
637	2616
2589	2698
1485	4580
4156	5144
816	3007
3863	4059
2232	3547
3116	4398
1119	1270
4156	4728
1938	2239
4558	4874
3011	4349
92	5079
50	1641
3494	5062
295	4621
2492	5082
575	4156
1953	5151
626	3851
2051	4244
2744	3198
3072	4005
2212	4478
751	4850
3116	4273
154	1108
476	1034
161	476
2048	2118
1537	3769
2428	4156
326	1617
2401	4156
4033	4863
4328	4417
3101	4580
3300	5113
1571	4558
942	2438
158	1674
2230	4086
2241	2569
1609	1873
1412	4789
3961	4110
1790	4105
651	2144
176	5122
2569	4598
899	3244
387	3548
3682	4329
5043	5068
2831	4272
1505	2703
3198	5068
2714	3542
2438	5004
3408	4273
801	961
3188	4496
282	1833
269	3538
1334	2541
652	739
2946	4220
2241	3754
2996	3262
1108	1408
43	3389
2051	3812
2024	4554
1560	2438
1977	4437
2812	4674
4981	5126
4361	4719
387	1077
1873	4729
1465	4302
2691	4437
3245	4760
1932	4492
1227	4646
161	1524
1583	3019
3952	4144
364	3424
2370	3701
1370	4077
751	2142
1780	3586
1844	2207
3056	4433
1444	4480
4023	4156
3307	4386
2802	4059
1215	1912
1009	4646
1444	4493
2048	4972
3204	4978
2531	4586
530	3941
2723	3124
2048	3202
2882	3853
3672	4580
1710	3847
4601	5151
1453	3279
601	4273
1422	3116
2975	3116
893	1428
573	4861
110	1461
1044	2018
476	4493
3041	4802
209	4814
1938	4580
2726	3553
148	866
3121	4246
1667	3304
22	1371
4038	4070
2142	4094
548	3400
3123	4156
1444	2775
1546	2593
1014	3132
292	2625
1255	4533
192	4156
1488	2389
1826	2974
2118	3646
2974	3264
33	3488
3722	4156
3988	4674
4493	4940
3780	4766
816	4311
1270	4874
2753	3810
1607	1726
510	4202
4156	4940
3273	4391
2743	3380
1396	4929
3103	3116
899	5050
1549	3691
2605	4928
2763	3116
694	1741
2946	4196
933	4391
2799	5062
142	5062
2653	2823
942	4156
7	3722
43	1614
1093	4236
4478	4640
43	4193
3279	3568
257	4156
1108	3754
1067	1797
1136	3103
1727	3478
285	1338
2625	4959
751	859
1002	3488
867	4130
2438	5105
2472	3182
462	1422
1246	1643
1726	2829
581	2460
1526	2013
3000	3116
2118	4889
269	4173
3520	4764
1444	1677
509	3307
618	2775
867	4897
2118	2374
2438	4949
443	3941
12	1215
260	1215
680	3360
1847	4156
1122	4644
3906	4362
2051	2575
636	1109
476	3322
914	1366
3810	4045
3488	3503
914	3369
2438	4480
759	2362
1215	2668
867	2472
3003	4105
3032	4048
2956	3835
1037	2985
255	4546
190	3538
855	4156
609	3201
4156	4586
1435	3116
2142	4873
1560	2390
1677	3201
3486	4646
2307	3538
3157	3264
2402	2882
2625	3829
1571	4154
1708	1754
1399	2947
2055	4554
2684	2852
1581	2929
345	919
2808	2929
2775	4480
739	2857
2389	2504
2880	4193
3769	4928
1215	3185
609	4162
4088	4863
673	4594
2908	3953
129	3677
300	1215
1444	3829
2142	3121
269	4404
859	4480
3546	4105
22	452
1255	2716
1058	1585
609	1094
1780	4156
1480	3116
551	850
1108	3626
319	3380
2704	3450
1661	3202
1338	2775
1202	4480
387	4053
30	3573
3081	3116
551	3211
1283	2594
3198	4235
1444	2438
914	2633
2726	3321
1162	2051
730	1834
1752	1987
269	1136
1992	2541
1301	3116
1250	3380
2584	2605
3107	3409
3812	4259
789	5107
1990	2199
4019	4580
1204	1660
601	1108
7	3604
601	5097
2919	3840
2966	4580
1136	2630
1215	4004
1272	3493
3830	4156
2725	4964
3023	4105
1537	4156
836	866
3977	5020
92	1607
4674	5091
729	4409
2858	4763
1198	3591
660	2156
1752	4502
1929	2374
1422	4699
1067	4368
1423	1670
3159	3754
4126	5068
911	1444
1503	1775
2625	3069
168	3264
1938	4144
333	750
1424	4274
3326	4129
549	4156
357	1627
2024	4580
3488	4988
2118	3590
2740	4554
2625	3120
1677	2615
43	738
8	855
652	2877
1426	1673
1546	3012
3965	4070
25	3188
1726	4019
680	4405
2051	4388
704	1946
1549	3800
2844	4211
1422	3067
1948	2118
2460	3603
1897	2406
1623	2181
214	3534
1113	3623
551	4648
2016	4220
3513	4870
914	1162
1408	2306
2118	4728
4053	5083
2055	2882
694	4323
1537	3067
2254	3289
2996	4735
1603	3202
1202	3116
1722	4088
1426	4478
1270	4145
1732	3981
158	1044
1560	2031
887	1078
4156	4215
4156	4220
329	2118
2661	4590
1221	4879
1614	1983
158	1579
58	3360
285	3116
1215	2067
3542	4580
881	1790
1844	3107
1215	3953
30	3390
510	2755
27	5021
1727	4472
353	3451
2199	4019
1203	3107
751	4508
1162	4970
637	4033
1228	4105
3494	3863
2541	3323
2310	4928
2457	4542
2575	3116
822	2438
7	616
2807	4126
476	3853
1218	4156
3056	3201
1014	2974
1113	1599
1840	2031
2438	3267
1214	3116
1109	4863
3840	4156
50	4381
3323	3650
877	4635
1108	2410
1667	2899
123	2013
3116	4361
2243	3488
1727	5113
2701	3105
914	4353
3264	4211
2438	3322
3506	3961
3450	4907
7	1171
1221	3963
4399	4923
114	3361
2181	2837
2533	2704
1109	1603
3279	3300
476	4859
1270	1553
351	1269
4094	4916
1591	3290
2362	4231
1275	2691
3580	4480
386	1225
994	2438
3754	5044
3121	4480
4267	4388
311	773
933	3352
1524	1774
1578	3538
1078	1352
575	1215
1267	2362
748	1677
2704	3236
1565	5021
2438	3580
214	3116
510	3121
808	2051
3019	3116
340	3116
1109	4040
1292	3116
1501	1727
973	4097
7	3114
1620	4476
92	2026
2373	5122
1952	2118
124	2661
2616	2946
1491	2434
4156	4876
340	4399
3114	3944
30	2476
414	2793
1215	2390
1422	4542
66	398
822	1269
1113	1422
3116	3430
1465	4844
3116	4144
236	1444
1113	1488
3542	3620
542	4388
2438	4841
2118	2703
925	3944
2900	4027
161	2438
1505	1797
1570	4156
3116	5061
7	4760
3201	4273
43	2048
3916	4095
1015	1167
3586	4478
389	4879
1169	4070
4156	4739
3151	4236
1705	2457
4145	4874
877	1537
1900	3810
238	3175
722	4070
2438	2946
1920	4053
1267	4151
1706	4533
1444	1680
2909	3116
3988	4326
1215	4601
3754	4819
2704	4907
2871	3404
1453	2013
2904	4582
2199	4308
4156	4244
1666	1727
1215	2951
601	1906
161	2661
1884	4406
2118	2974
3590	4873
751	1925
1537	4512
970	1408
1481	2277
4070	4544
3258	5122
1215	3435
1368	3116
1752	3262
192	839
92	3116
510	3114
1396	5005
1119	2857
3646	4879
284	3736
1549	4526
7	2857
660	1677
2088	4723
2370	4799
1844	3451
2605	3107
618	2755
983	3361
2438	2704
3590	4480
3116	3719
3586	4302
2934	4584
4033	4972
176	509
808	3201
2605	3959
1924	3116
1531	3688
1396	3810
1202	3201
269	1167
2234	2662
2704	5118
2335	4580
2108	2717
948	1334
25	3352
5012	5158
4235	4783
4132	4442
3615	4156
632	1752
1873	4267
1656	1946
1690	5091
67	2985
885	2605
3586	4027
3486	4644
881	1003
4554	4985
270	2370
2692	3114
3103	4318
3123	4902
1789	1983
1677	5078
33	3159
822	1113
8	3838
652	3672
1408	2755
3201	4088
1674	1873
1034	4508
3673	4004
2802	3739
736	1215
2504	4674
98	4070
1424	3488
871	3911
4156	4602
1031	4970
123	4646
2230	4059
3506	4120
4598	4728
4070	4580
923	3810
580	4711
1487	3014
2504	4033
2448	4208
1444	2818
1108	3493
1677	4508
4156	4386
1003	3547
262	3437
440	4821
855	3445
1816	4399
1162	3185
4053	4480
4097	4478
652	913
2241	4560
1044	3825
4928	5105
299	3116
3069	4391
2438	4399
3818	4156
1455	2341
1422	3003
72	2934
424	1215
3589	4169
1591	2547
2967	4077
3116	3885
2721	3116
2975	5004
1131	1444
3818	4196
2019	4441
1858	2963
282	4755
1671	1710
2287	3361
452	3380
747	4156
1524	1670
4480	4981
991	1549
2625	4711
3116	4023
1538	1645
3580	4923
2304	3443
1585	3344
877	4086
4156	5152
4508	4859
4246	4412
1671	3696
10	4156
1270	4845
1553	1970
2324	2569
2944	4388
1503	1590
753	933
153	4127
3980	5082
1660	3451
3120	4070
309	5040
4323	4874
2230	3151
1766	3805
730	4959
1260	1408
269	2919
3663	3884
1422	3663
2438	4960
2438	3400
2960	4928
748	2241
4196	4598
2971	3116
472	2939
1603	2946
1531	3007
890	1444
30	1162
333	2299
1075	1460
917	4388
3669	4156
1833	4636
1035	4165
2704	3839
1215	4653
88	1156
1015	2199
33	2692
2755	4045
1983	2704
4406	4861
2197	3380
3116	4774
1113	1742
7	4105
4036	4615
748	4388
67	822
1444	3069
1145	2515
329	3542
1388	1444
2525	4480
1324	2584
2212	4156
903	1758
2775	3121
4156	4916
1324	1953
640	5041
510	3580
263	1546
4133	4156
778	1476
2532	3116
618	4508
292	4729
358	2569
2438	4273
3623	4169
919	1770
1422	4144
580	1722
1338	2582
3264	4273
4646	5085
503	4144
4001	4859
345	2230
2775	4819
1603	2530
1488	2199
2966	3116
942	3416
4165	4645
30	867
575	4970
673	4302
1726	5091
625	2932
759	3646
670	1283
1873	2919
2946	5113
1250	2625
2857	4070
4302	4889
2582	4151
942	2497
549	1162
3445	4048
2567	2798
1344	2723
3982	4105
1677	4638
2005	3116
2575	3228
1674	2475
3010	4030
1042	2605
327	2118
270	1197
1848	2837
154	1667
3279	4162
2980	4156
2242	2811
2496	4929
1505	2114
2650	4499
1847	3586
921	3851
284	4002
1422	2026
2324	3336
3202	4393
651	1218
1623	4105
489	4580
808	3812
1215	4055
1932	3424
3351	3365
2142	2798
2996	3878
77	3107
1690	3351
694	1308
1202	2798
410	4156
2484	4156
106	4540
207	1936
3548	4156
3448	4105
1227	1283
269	1243
1399	4342
3941	4193
3380	4463
2731	4872
1338	3952
913	2605
837	4598
961	4272
1294	1507
1444	3589
3056	3116
299	580
2478	5139
1661	4897
88	4162
593	3988
1444	4342
1215	2830
1320	3572
1820	4156
3538	4156
4105	4789
1221	1873
3380	4825
757	911
3116	5118
1903	3116
68	3694
202	2605
1215	4196
1603	2389
3659	3807
1423	4480
1338	3279
282	3488
3116	3202
1677	5004
2716	4193
1402	1408
542	3163
1109	2627
1666	1941
2322	3116
2799	3663
2912	3959
2250	4968
2277	2731
1465	3349
1108	2534
1402	1687
2799	3107
3301	3810
2076	3361
1283	4653
1422	3000
2987	4656
735	5033
1726	2353
1171	1460
1481	2912
855	1670
892	2867
1365	2118
2055	3380
137	262
3590	4972
1505	2438
1538	3116
71	4362
2217	2634
1727	2897
2915	3375
580	618
1428	2438
2625	2725
548	1324
3494	4916
8	854
3920	4598
1108	4326
3705	4540
310	1727
2071	2985
791	2438
3300	4760
2637	3065
1365	3722
980	3385
3301	3344
452	3198
1109	4419
736	3506
214	3258
651	4398
601	4070
27	1260
184	3116
973	2232
948	1036
485	3116
151	3408
611	4156
30	1168
2605	4716
2723	4002
2966	3669
1338	4324
618	4876
477	3226
3116	4394
2946	4873
2915	3867
4156	4371
4580	4879
271	2605
4156	4250
1408	2153
1270	3116
1822	3318
1208	3116
1884	2584
825	4156
1977	3116
510	637
3010	4929
651	2863
1505	3696
3853	3988
2378	3839
659	4105
2118	2755
1727	3905
2477	4105
2625	2947
3307	3952
1243	3629
38	2818
1341	2966
1494	2944
1444	3344
1873	4659
1007	2963
489	1113
1412	4735
942	4211
1705	2238
2203	4376
153	4362
3107	4138
933	2753
4144	4664
1667	2114
1969	2938
311	1628
2230	4902
977	3116
2605	3351
839	1215
2347	4156
1666	3898
1108	4202
1947	2438
1710	2801
2153	2939
4389	4876
1460	1617
1551	4728
1670	3512
4382	4766
2863	3694
2951	3853
2530	3202
846	2541
2512	3943
1422	4095
848	3528
192	970
1546	1990
730	1509
329	1873
2615	4861
1113	2807
1952	3782
151	1402
1195	1444
4819	4976
3300	3988
2410	2829
4644	4653
1553	4399
3185	4976
1521	2299
2188	3810
4070	4940
2026	4789
2048	3590
1797	3561
863	2774
673	2616
808	4058
841	4970
1444	4384
2108	4968
2675	3116
4036	4929
972	2594
4156	4419
22	3650
2625	4544
2616	3121
2648	4809
2605	3223
1505	2862
609	4070
4220	4819
168	4861
1687	4951
4480	4863
123	1215
362	3116
983	2118
1461	3367
649	4064
1603	2851
472	1670
800	2142
1553	2438
8	1844
1913	3258
4156	4281
1726	3714
581	3116
1408	2496
4088	4674
1947	4713
2019	3916
988	3801
1699	5082
3685	4876
1422	3273
1777	3116
362	1629
452	1917
3116	4140
593	3056
2239	4955
3524	4156
2243	3754
673	4169
2763	4215
2605	2969
3116	3820
739	2799
3713	4419
1505	2254
3354	4156
2476	3818
3328	4193
1318	1993
1912	3301
1579	4978
1058	1905
2535	5042
1710	4929
3344	4819
2182	2460
3416	3685
1422	1913
2180	3381
1408	3685
1692	2967
580	4001
747	1444
250	970
330	3116
1491	3880
1680	2798
1727	4916
3300	4274
1404	2852
3780	4156
2118	3826
2259	2726
3344	4635
353	4308
1532	4097
2118	4734
2142	4876
903	4760
3300	4508
209	269
859	3580
387	4508
2616	4196
409	3488
170	1215
570	3987
2230	3805
476	1603
551	4764
1840	3961
2704	3230
452	1754
983	4594
632	4502
1444	2947
1202	1287
137	3116
859	4161
1322	2370
3192	3752
1710	2071
637	2627
735	4105
1270	1598
2438	4972
2634	2698
1108	4088
917	4351
808	1078
704	3114
612	1619
2625	2837
3988	4863
3641	4482
1444	4772
2404	3016
1109	4196
811	4105
1532	2818
1888	3204
1983	2525
2173	2270
750	2307
580	1034
1121	4156
1699	3361
503	2569
2698	4402
1262	3641
1670	4480
98	503
4916	5062
983	4968
1912	2605
1252	1893
4067	4156
2512	4105
3538	4644
3116	3304
458	4156
704	1371
542	2698
1553	2798
4105	4598
110	3240
224	1438
4156	4886
2199	3159
3439	3810
3351	4929
3067	3724
370	942
1556	4872
1422	4430
1246	1251
4105	4499
260	2951
663	2584
2946	3590
387	1318
1546	2717
3685	3713
1485	3304
2530	3754
329	4388
963	4372
12	4532
3133	4496
1202	3590
3369	3696
3538	3891
2472	3279
1423	4393
388	3470
2605	4238
7	310
757	991
110	2584
3591	4929
1031	2517
1294	4950
177	4019
841	4245
3673	4019
411	2118
1167	3028
3116	4482
1487	4880
962	1215
288	2951
2013	3847
3249	3840
2217	4409
1906	3344
510	4196
255	3573
67	1396
1215	4940
3116	4970
651	1956
3116	3208
1553	3818
952	3935
246	300
2871	4478
3549	4096
2171	4156
2199	4723
758	1203
1680	2031
362	4005
1338	4480
2438	4105
3673	4848
611	1741
2435	3105
2972	4929
2247	4232
2153	4863
1884	3105
943	4968
1641	4814
903	4841
129	1556
67	1408
4458	4880
153	673
1717	3202
1453	2438
3030	4105
2755	3580
1444	1667
2698	3769
4416	5107
1983	5130
911	2723
2258	2698
1108	2812
2942	5159
271	2698
1293	2069
957	3713
6	5062
1202	3279
2247	4588
4950	5159
1162	4976
4302	4708
255	1929
1642	3300
1168	1667
2605	3044
4110	5010
1251	4084
3840	4544
2478	4642
808	812
1411	3116
4023	4814
1546	3840
580	3067
727	3515
2502	3488
3538	4824
1667	3537
1312	4905
1182	3566
1261	3344
25	3209
2724	3462
2605	4351
747	3279
13	4302
3124	3201
3702	4142
914	2362
2917	4067
3175	4645
2472	3724
866	4401
1537	3514
3300	5114
1396	4156
1674	2882
855	2939
2142	4981
372	3646
332	1422
750	2374
552	618
2048	4156
2798	3121
1432	4198
3121	4053
2538	4783
1248	1341
2420	4169
3686	4156
2142	3202
4070	4369
667	4867
1344	3506
2535	3032
3116	4196
387	4156
2833	3116
1822	3827
3853	4088
1720	2653
269	1340
88	4601
8	4051
3013	4040
3580	3818
2030	3185
551	2871
1215	4729
2027	5004
1670	4399
918	3114
728	3669
43	1930
1397	2199
353	2199
170	3101
3503	4096
1816	2755
2288	3116
269	3572
33	4279
1780	4478
2118	5062
2661	3534
1805	3603
1477	2118
1424	2492
2142	3408
3208	3801
3116	3154
1215	3542
3808	4070
1834	2308
1423	3988
601	1487
2698	4817
1891	3641
863	3555
1215	1529
2967	4307
2568	4057
867	3228
1816	2118
2716	4057
1674	2867
1549	3154
1167	5061
1828	2582
1680	4045
3930	5107
142	4070
1581	3980
1503	1983
2582	2877
2950	4388
2015	3116
3279	4033
2934	4650
1444	4582
4070	4876
2550	5062
1433	1537
1521	3845
38	3617
670	4308
33	3800
71	177
1766	2475
791	3805
3620	5040
1109	4508
1983	4104
328	5062
867	1423
2438	4537
33	3404
2030	5068
92	3623
7	3730
1017	1932
4097	4600
3512	3591
292	3204
3705	4475
92	2748
903	3328
3116	3444
1038	1551
4023	4512
3946	4302
1895	3818
703	957
356	3116
3646	5139
699	1462
3451	3538
259	4419
1432	1477
4493	4859
311	791
580	1156
800	1673
114	1717
1834	2406
3351	3380
3300	4033
3674	4819
601	2589
1215	3264
154	643
269	3103
1063	3116
3047	4872
7	2801
3512	4156
2698	5058
3988	4433
2584	4928
3685	4470
2534	4070
686	2232
656	3568
925	2230
1970	2013
372	1505
1619	2047
1162	3561
3512	4033
3515	3520
873	3044
593	1524
784	1465
942	4480
1468	4789
1505	4073
168	2904
3566	5146
351	3226
1032	4292
3810	4162
1893	4156
2481	3116
423	2882
137	844
3116	5126
2459	3116
246	2013
593	1677
656	3074
1553	1603
2698	2934
1722	4598
1113	2535
637	1108
1122	3067
2019	4765
28	1108
1666	2212
3202	4273
459	3724
2018	4368
412	2882
1906	4236
3116	4412
1818	2097
1438	2837
3007	4156
3519	4273
1094	2438
1549	1840
1272	3204
1031	3503
4105	4272
881	5010
2241	2801
1891	3304
704	2582
92	2434
1215	4340
1619	2374
2362	3346
2763	3810
1167	2308
3876	4850
837	4821
1666	4070
1108	4598
2625	3559
2726	4211
903	913
2793	4156
1537	2616
3116	3604
1677	2472
1281	4873
2693	4412
1692	3774
1727	3067
250	1407
217	2661
3840	4472
8	867
7	3416
1571	2142
2725	4376
269	2307
1491	4621
1444	4323
3116	4850
255	4272
252	4580
38	364
961	2877
748	2692
3245	4097
1848	3481
1444	4326
942	2818
3175	4819
2956	4156
7	1263
1020	2460
8	4308
269	3086
2438	3478
329	3603
489	1272
2655	4872
1461	3905
207	3961
2625	3920
3236	4156
238	1619
2698	2897
3227	4156
1044	3488
3380	4237
4393	4863
1549	4038
4358	4580
743	3116
353	2108
1378	3853
2735	3782
2027	4601
612	3116
580	2130
714	4070
4220	4799
1162	3930
224	5109
748	1461
942	2912
1727	2919
2003	2698
2605	2902
2142	4433
7	146
2713	3646
88	3201
2438	4923
2003	2362
283	3116
1036	4506
1549	4455
50	3116
609	4933
2698	3780
3685	4419
2436	2831
2118	2575
184	4156
3322	4493
1091	5130
601	4859
1162	1704
1215	4245
1270	4391
472	4033
285	751
694	841
2199	3739
27	2594
1524	5034
1953	4928
1670	4600
2189	3807
1537	3107
2605	3559
893	3264
1627	2108
1252	2569
1215	4863
2802	3444
2820	3952
7	4057
2438	4030
161	1402
3853	5114
3245	3322
1465	1579
300	1667
637	1553
1920	4274
1877	4368
2436	4027
1408	2852
114	1444
704	4889
3003	4526
704	3713
919	5042
1677	2504
1056	4096
7	4896
2582	4368
224	1203
866	2307
3236	4114
2775	3941
2438	5040
3293	3747
1556	1873
1546	3537
2567	4094
2404	4949
8	3202
4027	5107
2909	3568
2212	2938
3116	4920
1058	3724
1215	3722
1637	2699
3488	3563
3673	4871
2934	3478
1203	1641
618	3498
2795	4033
1551	3380
268	4105
4070	4231
3810	4244
2240	3331
1936	3782
4480	4508
855	876
1272	4644
1492	1617
3736	4433
4156	5079
3270	4311
1749	3863
28	2362
1884	5062
355	2547
299	4863
92	271
1215	2476
1514	1710
4235	5068
2027	3591
1914	2182
7	4772
3736	4358
224	2370
4606	5010
434	1014
867	4863
1113	4540
2972	3694
2934	4039
67	970
114	4156
618	3724
3466	3528
2206	4156
258	2615
2573	2698
1156	4929
1020	4831
1774	3488
739	3231
353	1077
885	4361
3444	4728
3512	5135
1248	2390
1215	4694
3474	4399
2801	3114
1094	1920
2882	2956
2882	4968
3590	4393
3264	4972
2199	2417
549	551
4193	4324
3124	4580
190	3116
4642	4907
643	3780
4386	4902
238	2199
686	5122
3116	3534
3650	4970
2857	4766
3114	4236
632	1750
2506	3116
1507	3107
773	1705
2347	2605
3003	3019
2946	4399
3264	3404
759	2882
2019	4814
3580	3590
1412	2406
3514	4040
1549	2922
2270	3988
970	3586
2844	3369
92	2362
1067	1505
1549	4004
355	364
269	4993
751	1202
1293	4409
893	4399
1844	3839
259	1252
180	285
1113	4070
2653	4033
866	4517
1119	4151
1983	3696
1602	2939
2108	3258
3116	4384
601	3114
2798	3988
983	1619
4258	4259
1105	4156
1959	3736
2582	4376
3014	4336
2798	4863
2625	4642
933	1390
92	1775
921	4861
1727	4130
300	3493
3490	4978
917	4780
980	3367
611	5083
3361	4176
1460	4368
832	2802
105	4156
664	3780
1614	3696
4088	4972
3208	4441
580	2030
1524	1603
4033	4873
920	2341
2108	3012
2716	5023
2518	4685
2207	4051
144	4070
2241	3905
33	4236
3116	3730
578	3116
1936	2735
1108	1463
2171	3695
1684	3488
1438	3589
3713	4929
2287	3116
637	4393
580	3116
1627	4405
443	1722
326	694
800	2723
4598	4929
904	3650
2573	3439
269	1717
2605	2691
3043	4950
2461	4388
4308	4404
2777	3352
3116	3245
1037	3105
1444	4873
3646	3691
1873	4142
2567	4480
714	4156
1546	2108
1017	4311
452	2199
601	2637
1617	2347
867	3685
2744	4600
863	1560
2979	3116
153	3513
293	3390
2207	2460
2818	3228
283	991
1993	2621
246	3352
2417	3739
2051	3782
1292	4235
71	2406
4105	4217
1537	4493
2939	4674
3905	4236
1840	2390
2704	4095
1670	2270
33	3424
452	1704
1680	3114
1521	4494
3945	4161
284	991
2708	2912
1873	2728
7	4478
2362	4169
1034	1920
364	837
626	4070
2406	4902
1661	1680
637	2946
970	2438
1677	4033
2476	2967
1873	4783
1893	5105
1218	2459
1202	2775
2460	4123
111	1109
1348	2541
4273	4399
1897	3354
1108	4154
121	176
751	4156
2353	2938
1778	2904
3204	4602
4558	4729
1524	4156
3573	4045
673	1272
1202	4399
1444	1532
750	3542
1546	4780
1352	2735
885	2010
903	3116
664	1404
963	1503
791	3017
2118	4863
664	2496
1543	2157
791	1598
1058	4493
893	1583
3116	3300
4645	4872
2310	4719
2966	4988
1302	4156
2051	2517
1108	3863
3674	4763
123	2743
3400	5082
2031	4861
4051	4968
327	398
3116	3669
1272	2703
353	2255
751	4053
3107	3116
2130	3116
2897	4928
1914	3589
3121	4156
1932	4412
3488	4728
12	1797
309	663
759	2605
3512	4863
340	1215
2534	3019
3488	4815
748	3905
2512	2561
4045	4399
808	1705
2224	5004
611	3439
1215	4947
1693	3116
30	4580
43	2844
970	1444
2807	4211
269	817
1378	3935
2900	4876
2142	4053
2726	4017
2131	4156
2181	4554
3435	3646
2077	2329
1726	4544
1893	4928
2030	2985
1710	1937
2181	2593
1946	2438
1873	4272
193	5041
33	4169
1929	4841
129	3506
1539	4580
1591	4719
1322	3670
111	4399
892	3493
1549	4169
2232	3506
403	2438
7	1058
1677	4480
2704	4002
1168	3810
2118	4772
151	1272
151	1324
1396	3857
4292	4831
859	4923
991	1156
1692	2287
3739	4110
3478	3705
1537	2010
269	2513
2807	4756
3154	4478
1003	4635
3380	4362
1455	1741
7	4124
2031	2390
68	3227
1717	2621
1661	4674
1487	2605
1094	1215
1338	4077
92	2858
2605	2919
1444	3971
4124	4156
881	2242
3747	5004
2142	2567
2478	4764
925	1705
2946	4760
2254	4899
1983	2852
879	4156
920	2535
4653	5028
174	3851
3101	4189
3458	4156
3588	5082
2118	5129
1113	3116
3988	4972
3620	3890
4685	4763
2569	3139
2755	3116
1585	3930
7	5004
246	5068
1983	2575
1549	2203
1003	3225
860	3876
2774	3086
970	4869
2531	4544
284	3881
871	3123
3538	4051
3724	4859
3305	4156
1494	2341
1423	1602
2661	4814
2446	4334
146	3619
1128	1445
1324	4615
4600	4674
28	1113
1914	2837
1671	2438
580	3863
2775	3724
2939	3121
3107	5109
1983	3685
284	2118
3107	3884
2605	4000
434	3945
1108	3494
3953	4542
3623	4120
111	2199
192	581
1037	1560
2938	4907
1091	1215
141	3838
1833	4518
2870	3542
2199	3488
1905	5114
1432	1750
3982	4642
2065	5021
176	2015
25	3950
907	2525
773	4789
919	4955
3116	4470
12	3561
1833	1930
1858	4105
2967	4070
4701	5121
832	2703
2867	4929
3116	4924
1858	4219
170	1453
1324	4819
4105	4534
1641	4985
1108	1551
921	3650
2482	4105
2808	4743
2698	3075
1198	2934
2438	3264
1077	1727
3527	4783
4329	4708
3245	4274
757	3623
1727	3853
285	4653
867	4972
890	1003
1108	2142
1766	3943
111	3673
1227	2901
1250	4336
490	3116
925	4594
1642	4202
739	1262
551	3366
2625	4105
3568	4348
3056	4088
4586	4861
476	1058
551	4848
8	1741
1938	4929
1203	3653
452	4030
1012	3646
975	4867
4156	4766
3081	3380
2661	4972
3175	3589
1507	2942
750	2047
71	2547
2938	4397
580	4274
4068	4964
548	791
3512	4480
1215	3474
3818	4399
3116	4902
150	3367
4094	4480
4129	4576
1182	3905
1396	3352
1272	3116
2802	4144
1503	1873
2707	4156
329	1283
3264	4399
3279	4097
293	300
273	3107
8	3264
2434	2904
3559	4017
4783	4970
3439	4193
3157	4156
3754	4636
3827	4929
299	4399
667	1973
867	4033
1113	2717
1692	1917
2807	4578
1844	3542
1666	4594
580	1094
3124	4019
2239	3228
3116	3483
1873	3116
3988	4588
580	1058
28	1667
581	4701
3185	3847
3195	4156
3513	4302
409	1571
4033	4480
1510	2575
601	3188
318	4192
1433	2584
3264	4097
476	2627
1677	2775
4033	5114
1732	3641
3324	4405
3116	3538
3081	5062
1195	1218
1671	4611
3696	3961
751	4760
1431	4156
3853	4859
2241	5078
2946	4156
3659	4955
3963	4156
3623	4848
292	3124
1003	2242
1619	1741
4398	4716
3121	4508
1642	2438
3367	3956
1215	1505
1553	4972
1252	2770
1937	4105
609	2605
3442	4405
1202	3264
1269	2027
2026	2108
1374	2413
3580	4196
694	3930
2455	4105
1670	4743
2561	3380
1617	1951
893	4000
800	4124
3723	4059
887	1936
1031	1422
3228	3685
4156	4161
452	4809
3493	4019
914	3780
581	5020
3279	4202
618	3548
593	1423
3116	3548
1912	2969
2457	3116
1161	1215
25	3175
757	1710
1666	2438
2605	4097
3182	4156
2118	3739
612	3656
2763	3228
1294	4404
4819	4905
2909	4517
2270	2795
1537	4928
649	3566
2547	2704
1477	4270
1215	2725
1269	4388
548	2013
2310	2605
4583	4636
544	4156
43	2795
2118	4729
3590	4196
282	3211
161	2172
2142	2626
1912	4729
192	2714
871	4902
1012	4929
1227	2124
1108	2153
92	3542
2299	4077
1677	3674
967	2541
4036	5151
88	2438
1271	1301
580	4132
1287	3724
2755	3202
232	3116
3853	4045
2582	4719
3114	3677
1641	4968
66	900
1444	1692
2939	5034
4235	4861
1024	1256
747	2039
3851	4976
1491	4872
86	1575
1740	4156
192	1408
3358	3736
1590	4728
673	1834
2877	3114
485	3672
4064	4419
1058	3289
2219	4105
4763	4861
1365	1460
507	1619
3260	5053
2310	2573
573	2243
1461	2027
129	1692
2476	4305
1560	4368
2851	3694
1037	3705
1706	1790
3947	4070
4088	4600
2939	3056
3525	4156
2438	2728
1444	4399
1445	4802
573	1248
925	1215
836	4968
250	2172
168	573
1583	1717
1058	1444
3641	4156
1119	1462
1543	3116
1227	4976
153	2247
2755	4508
2627	3548
2390	4819
1517	4814
2763	3959
1248	1480
2027	3435
3101	3439
1546	4517
2698	4326
509	1641
2627	4929
3254	3644
1215	4870
965	3646
1571	1912
2546	4831
1204	3361
3548	3580
957	5083
3245	4053
2118	3534
2909	5021
3724	4508
1194	1537
2203	5010
573	1324
477	3686
1105	2241
2027	4295
357	3400
3116	3410
3056	3512
293	4206
1628	2438
1461	5146
673	680
2055	4070
3944	4045
2370	3490
1422	3307
217	2914
2534	3840
181	4156
975	2698
2472	2861
2414	3669
2031	2071
2142	3279
2561	3685
3202	3267
4508	4711
92	466
1221	3116
2533	4580
1722	4033
680	4978
3988	4088
4433	4844
1677	2877
3344	4156
643	3685
291	3116
4220	4873
297	4023
2118	2254
1215	1946
2362	4097
1752	3488
1877	4105
2500	3116
3380	3488
1202	4033
476	747
1371	4105
49	1873
1444	3580
1617	4151
2495	3780
2063	2262
4097	4879
431	3116
576	4086
664	735
3774	5068
2704	4398
1294	4814
1692	3944
4156	4227
1338	2118
1422	2224
1444	2476
67	3705
2951	4870
1215	5004
673	694
3884	4814
353	3538
1119	1460
770	3116
690	1537
2801	3367
1215	3590
1993	3720
509	1322
2097	4677
2531	4861
1628	3017
1492	4970
1465	1673
3361	4138
1546	2026
3201	3685
328	4809
2051	4598
611	3752
1537	2338
411	1585
1000	4526
1680	3590
1001	1617
142	2605
1710	4397
3853	4674
1094	4274
3470	4070
2589	4719
1202	1670
970	4206
542	4070
1617	2775
2904	4169
1905	2653
2627	4156
816	5035
3474	4480
2625	2829
4575	4642
893	1465
2013	4976
611	4073
2420	2862
1036	1833
357	4336
1444	3188
181	2593
1318	3720
1726	2160
2438	2702
1270	4960
1684	4406
1462	3481
2653	2861
734	1015
4193	4972
50	758
1619	1692
5107	5130
655	1024
2240	4206
867	4273
1912	3930
1075	3154
246	859
190	3361
30	3493
1422	2482
3279	4130
2813	4302
1537	1750
1202	1722
1726	3769
800	3450
877	3279
1929	4801
1302	2153
1243	3451
539	4156
2460	2661
293	477
1113	4019
1020	1251
2438	2939
49	552
309	5105
892	2541
1704	4861
580	1671
837	1275
1537	4097
961	4211
1891	3981
2605	4073
176	4376
2698	3730
1571	4729
372	2531
1884	5068
975	1983
2561	3081
282	2852
791	2406
1215	4406
325	1722
3943	4358
2782	5083
1404	5062
1270	2155
1692	2118
3840	4493
1058	4001
480	481
2525	4326
1505	3987
3840	4870
3512	3961
3829	4329
7	5129
4861	5043
2118	4569
1243	4499
1951	3568
1687	4358
1408	3580
890	2818
28	3175
326	3678
1539	2389
1113	5042
2322	2512
2016	3303
2390	3116
882	3116
2031	4763
887	2233
2887	3919
114	2015
4156	4831
4130	4273
2661	3572
2698	2919
1248	2071
67	88
2438	4734
2627	3116
1248	1671
111	1113
2536	2887
2118	2190
2541	5010
1113	4598
3201	3228
2911	4156
1044	1171
2270	2946
1895	4399
1553	3988
1098	3231
1884	5040
2254	4929
190	2019
4968	5082
88	2390
601	1692
3228	4405
3116	4621
670	1422
1742	3739
973	4027
1250	3478
1444	4801
2258	3646
957	3439
111	1553
1128	3549
2457	4156
1056	3549
2317	3116
1912	4558
269	5158
3114	4598
763	3604
3650	4759
904	2985
1673	3380
3442	3686
2882	3944
2947	4621
1692	3081
92	4968
649	4156
1920	3920
1864	4960
652	801
1370	3116
3839	4950
27	3589
300	859
2118	5147
285	1215
1661	2567
1643	2625
1973	2373
165	1917
632	2996
2716	4929
1122	1287
1425	5138
2969	4558
299	4972
2698	4642
3116	4220
1661	3121
1215	2625
4877	4993
1705	1726
1581	5082
1643	2846
2755	4863
1215	1445
168	4783
2775	4202
2752	3840
1338	2698
673	2502
1812	4621
1453	3056
255	860
1551	2568
1333	3116
1501	2909
238	1546
2653	4053
509	1546
2438	3591
3367	4880
4393	4399
877	2698
1215	5113
506	4362
4095	4907
477	1197
3116	3542
3493	4580
25	2067
2575	2714
1603	4406
7	2912
2495	3580
626	2605
1680	3116
3116	3795
2358	2752
1438	1641
2713	4890
1444	1946
3366	3739
3116	3436
1692	3444
1422	1505
1422	4327
476	5079
1227	1743
1203	1422
1932	2569
1215	2541
3935	3988
66	837
3124	3723
1208	1444
1505	3705
593	1113
2137	4386
3116	4802
202	4326
1002	4017
88	3249
4841	5034
3114	3367
1970	2972
1024	4045
1402	3116
4478	4728
3074	3188
1897	4815
3961	4156
3041	3116
123	1003
2582	3439
4714	4719
1517	2915
1271	1993
1690	4719
3805	5082
246	1680
4311	4492
1537	3069
3159	3731
1422	1953
3677	4478
3853	4053
1424	2605
329	2593
867	3056
822	2203
2616	3590
1248	4861
2212	4070
1465	4002
285	2172
4156	4202
748	3367
1422	3769
2702	4036
3116	4863
2605	3264
991	1470
3322	4053
893	4728
812	1352
3571	4156
4480	4923
246	4145
378	1215
1742	2406
3201	4480
923	1727
269	563
2335	4059
398	4869
174	3674
1444	4760
2653	3289
939	4105
1058	3853
2067	2584
309	3007
2438	4940
2590	3322
1674	4871
980	3114
1302	1670
267	4156
3559	4872
2530	4156
4057	4156
1034	1094
1044	1457
1844	2299
885	1796
3586	4156
110	325
425	3116
1067	3114
580	1603
904	4353
1603	3279
2605	4487
6	1270
1046	3208
72	4621
2867	4845
3956	4156
1444	4272
4791	5062
2653	2775
2716	3323
224	758
573	1598
1952	3108
4480	4674
1710	4097
2108	3307
111	4033
111	1680
2438	4907
673	1030
2199	4476
295	1873
917	4890
1000	4156
3810	5072
2407	5038
1505	3493
570	4861
2985	4763
27	2799
903	973
2370	2901
3586	5136
3139	4929
680	1039
2946	4053
3444	4580
2306	2390
1215	4339
911	3694
2270	4094
952	1531
129	1732
2946	3818
1873	3389
1537	4130
655	4876
22	995
2048	2798
2347	3840
1913	4780
3116	4391
1790	2605
123	176
1423	1677
271	1546
387	510
2728	4156
2067	2698
4220	4870
285	1444
2071	4156
3380	4645
1093	3754
626	1873
477	1269
4027	4272
1113	2026
2207	4831
1538	3035
812	1936
4156	4924
43	2726
1075	4376
3056	4923
2472	4859
3116	4457
728	3930
965	1549
161	942
2605	3834
1727	3069
88	2203
1551	2118
2799	3390
2708	4719
268	3352
510	1108
3686	4376
4903	5055
1109	4156
2996	3344
2438	4376
1079	3912
1741	1844
921	4976
2900	3116
640	4492
3512	4876
2144	4156
2582	3344
3361	4691
2698	3108
3344	4151
2518	4132
1115	1215
655	3547
1461	3566
867	2852
1537	1666
2153	4043
2027	5023
1775	3116
651	2338
300	4575
7	4045
2684	4575
1524	3121
2488	4735
123	2347
124	1844
1024	4674
224	1322
1505	2230
1692	4151
2569	3963
1770	4725
1283	3493
1673	1726
854	4915
542	885
1396	3555
892	2335
4156	5139
2241	4236
3812	4258
1017	1108
1704	4406
1710	2531
2605	3157
2438	4764
7	4518
1330	4105
1251	2181
1727	1812
1697	4645
1710	3198
973	4120
1281	4844
326	1585
224	1623
1491	4719
3930	4323
2575	2818
101	4580
3515	4458
2118	2713
4156	4652
1324	2224
4601	4615
664	4040
3116	5147
2755	4196
1252	2322
1652	3231
142	1638
1704	4783
3231	3694
2726	4478
3003	3116
3328	4964
758	1641
649	2241
1726	3047
1322	2987
1165	3736
961	4907
543	1537
2569	4821
72	4193
2438	2615
2912	3626
2230	3231
1844	3826
914	4905
3406	4236
2370	4323
1912	2118
2617	4725
3267	5058
2153	4674
476	4053
2472	4033
735	2374
1097	2118
4156	4493
1617	4646
1666	2938
246	4391
443	2912
299	593
1726	2713
4105	4193
284	2428
2335	2703
1109	1444
4323	5122
327	2120
1352	4478
58	3116
951	4433
783	4067
603	1858
948	4756
224	3589
3114	5146
1692	4405
1930	4756
92	1015
452	3116
3201	3919
4601	4621
4728	4880
1766	4479
88	2027
3052	4105
109	4156
1438	4656
1272	1667
2870	4478
2130	3264
1503	4393
1560	3722
892	3116
2605	3424
3646	4086
2516	2919
2438	3774
1215	3674
4070	5159
570	1560
3344	5138
1720	1920
1712	3116
477	3116
2047	4494
4145	4729
2447	3116
2735	3488
866	4968
1113	1546
3007	4067
1402	2763
1709	1720
1553	4196
2605	3920
1736	2541
1444	2728
3116	5122
879	2496
892	2901
2118	2863
1110	3400
2605	3730
3649	4537
158	1002
1098	2608
2447	4404
255	4871
432	1666
855	1202
2438	2967
817	2661
1030	3247
1674	4928
618	3580
1491	4376
750	4993
1136	3129
4493	4760
2775	4863
1215	2013
694	3116
2703	3739
1156	1549
1489	2438
3807	4955
1032	4993
1261	4652
3851	4759
161	1670
2799	4323
3116	4478
485	4156
961	2438
961	4789
4594	4728
1727	3024
892	2966
58	86
144	1537
1444	1673
1422	4615
2182	3589
1108	2436
3390	3694
2013	4819
1918	3116
258	656
1481	3568
2546	5055
1505	2476
1930	4126
1900	5035
988	1705
1042	3328
3267	4145
56	4156
2417	2605
3	1445
2031	5033
2698	3439
2605	3003
3116	3349
7	1037
2547	4861
1009	2206
2142	3724
38	4156
299	3590
3499	3920
923	1726
1211	3116
273	1741
2851	2877
1712	1740
4532	4978
618	4023
1905	4760
2608	4145
3488	3694
2398	3542
1198	2698
664	2852
1973	4278
855	1603
88	3586
2605	3714
1726	4870
33	1334
3116	4554
2360	4258
1692	1873
942	1444
1641	3653
509	1455
3072	3603
2661	3264
1467	2370
2353	3488
3116	3668
3356	4920
2966	5118
3116	3574
4095	5107
1674	4841
1704	4976
1670	3056
1198	4478
325	1371
1444	5104
1598	4861
2181	4105
3351	4368
161	299
1368	3362
2118	4145
1283	3163
2699	4685
1277	2915
1677	3114
459	1113
4070	4493
1514	4763
703	2438
1684	3264
2130	3891
1770	5042
2775	4399
3007	5151
1674	2811
151	3404
2048	2438
3547	4652
2534	2605
2600	3116
2442	3424
1710	2739
652	1791
1727	2829
2173	3590
491	5061
92	4872
1463	1757
2912	3682
4326	4872
4033	5079
842	2118
1270	3590
904	1162
907	3209
4027	4841
1873	3143
1642	3116
3739	4376
2616	3580
1666	3342
297	4929
748	4880
1079	1422
1294	3884
95	5035
2244	4841
841	2071
3853	4033
2627	4728
1833	1983
489	3318
1252	3739
1667	2625
1324	4235
566	4055
3114	4734
3563	4105
327	4105
1834	4302
1777	2541
1444	3797
3202	4399
1203	4640
1777	5072
1710	4540
595	1322
738	2406
1537	3393
2250	2617
2515	2684
2270	4863
3840	5032
2120	4869
904	4759
1215	2331
1505	4057
299	4923
192	2575
1414	3705
4036	4067
3107	4985
2438	2985
252	3116
351	1197
4156	4685
580	4940
4376	4815
2698	3559
3116	4055
1035	2240
773	4809
452	1884
842	3881
288	2401
690	2818
1766	2617
1726	5107
1538	4156
3114	3573
4156	4172
3227	3694
2605	3827
1571	3930
1243	4441
2691	4719
3159	3810
2338	2724
4508	4972
309	1884
2852	3617
2547	4760
1022	4156
4981	5021
1182	4236
3390	4372
2731	4376
1727	3406
2515	3488
948	1705
1645	1951
1098	1652
43	1036
1966	2584
1119	3392
3702	4480
2582	2770
4336	5035
3573	4630
4902	4975
586	3116
4399	4863
1487	2801
1098	4151
704	4419
1661	4480
1093	1461
1444	3548
643	664
4759	4976
970	4685
2435	5058
2015	4005
3090	3154
2615	4120
1215	4766
3451	3943
1422	4463
2743	3736
2362	4144
1517	1727
750	2661
3534	4156
1667	3390
3930	4743
38	2605
452	573
576	881
476	4940
92	4580
3884	4156
3905	4560
1752	4156
1433	4928
1108	4674
1537	4642
773	4237
98	4105
1215	1560
3572	4156
580	4126
651	1705
95	4070
1208	2172
327	3810
2919	3341
1491	2775
1281	1937
580	3443
1537	3047
362	1667
1322	3481
1884	3198
88	2723
2370	4156
1603	2438
30	3116
1338	2438
27	2909
283	839
2605	3769
4246	4311
158	3646
1517	1537
1929	3506
1444	3116
67	1205
704	2569
1252	4040
1465	1537
2938	3943
2704	3669
1891	4482
1340	4677
1752	3528
7	3450
114	2714
2492	3488
1108	3941
612	1265
1444	5033
4323	4729
4105	4867
121	2534
1603	2153
489	1414
3056	4156
1929	5062
1197	3226
3880	4156
1113	1590
637	2755
1063	1834
2947	4342
911	4019
510	3590
3116	4570
88	2985
1444	2795
2575	3920
1231	4077
1202	3300
285	2438
177	3307
1037	3674
3116	3159
2904	4457
3905	4880
1722	2964
327	1178
3380	4165
300	616
1906	2692
1733	2142
2173	4094
4005	4349
1946	4045
917	1607
1444	3947
4033	4468
1402	2515
1034	4070
1444	2118
310	2030
2698	3808
38	2698
1162	1710
2818	5041
876	3920
1553	3202
92	440
935	2306
1560	4685
3367	3566
1322	3409
1396	1532
2197	3116
2871	4876
563	4985
176	4621
2142	3056
474	736
28	489
1812	4376
690	2698
890	3810
110	1105
4600	4863
2370	2512
2567	4273
1873	2067
1661	5079
2374	4402
2272	4215
1215	5151
1741	3839
703	3101
2755	3121
3369	4636
2975	4231
269	1294
2798	3202
4863	4923
1108	4388
2832	3116
3439	4036
2653	4760
812	3812
1619	5159
4156	5062
49	4730
3573	4202
3198	4861
1227	2715
327	2728
1455	4215
300	3713
3182	4033
2977	4924
1109	3590
189	651
92	4664
2763	3416
353	1752
443	4598
2929	4156
1465	5091
4088	5079
2661	3202
1119	1692
1113	3724
1215	1840
2861	3279
4070	4869
3208	4408
2438	3573
1695	2347
1946	4580
332	3488
1477	4417
6	3344
1893	3301
1727	2417
3590	5113
1444	2329
757	850
4711	5151
2438	4001
899	4511
1987	5041
3054	4070
1503	3228
2247	3119
1873	5071
4728	4960
1752	4921
2670	5083
2625	3185
1708	4290
1524	4094
1227	4638
3231	4206
4859	5114
1481	5041
2460	3094
2118	3486
2723	4405
2698	5071
1619	4872
158	292
2010	2605
3090	3116
994	3116
2031	2476
1897	2051
510	580
2582	3493
2909	4480
367	4193
3632	4928
4588	5122
1164	3067
2190	4329
3674	4245
2755	4053
1966	3116
1227	2763
2704	2966
1422	4903
2739	4879
980	2801
2224	4970
595	4988
1094	3202
1255	4156
1322	5109
1603	4053
914	2852
1056	2517
2627	4923
4105	4694
649	1105
921	4406
1873	3016
618	2472
871	3322
2254	4302
1162	4815
670	5028
2353	4220
2438	3357
925	1503
637	4326
214	3779
3007	4615
1590	4591
4156	4336
3201	4156
3566	3905
918	5078
1789	3116
329	1432
270	4369
288	4580
2118	2582
109	991
1727	4598
1623	4985
22	3016
1726	4850
1816	2362
4145	4960
1720	3245
4165	5138
1444	4508
649	1461
3818	4480
1683	4890
673	3273
4156	4544
1652	4433
288	2406
5044	5146
137	618
1524	3512
914	4897
836	3155
2927	3116
101	1938
3853	4246
269	2181
2972	5041
1289	3116
1740	4832
1255	4105
4517	5021
551	3108
1108	1722
2735	3812
2478	4668
2369	4045
92	1754
214	329
3116	4653
2	4889
2481	4921
3435	3722
2917	4601
92	4699
580	747
580	4033
2956	3574
1947	4156
747	4297
879	1056
1227	4576
1453	2985
510	4972
2698	2950
1864	4645
409	2370
110	3114
3116	3588
92	4719
1705	4219
3056	3121
92	2108
1119	3646
4819	4870
333	1844
2605	4815
1168	3116
1546	3258
1428	3264
576	2811
1078	2360
2402	4896
309	2584
2243	4154
3193	4156
285	4880
1034	2472
1215	4583
1727	5091
3988	4033
1888	4336
365	1422
1093	4905
1119	4644
2605	4104
246	3810
4019	4144
1086	3488
38	2495
1122	1510
1505	3105
2447	3538
3116	4947
2774	4206
3810	3980
718	991
1171	5043
867	1603
2698	4760
2155	4809
4105	4570
22	4272
551	1549
4027	4156
942	1227
747	4045
2406	2698
1912	4874
1048	3357
110	1108
1722	4202
2985	4220
4053	4783
1677	3512
3056	4872
2071	4861
673	1063
1603	2616
3279	3672
2283	4156
474	737
1930	2807
2844	4714
1598	1884
1182	4560
758	2477
1525	2410
652	3223
2241	3249
293	757
1705	5082
3056	4600
92	176
2837	4554
3304	3641
2536	4872
4809	4825
2701	2867
2270	3056
838	2698
2625	4019
900	4267
1114	2724
345	4653
601	3264
123	1119
1215	4588
33	4144
4399	4508
4391	4728
2438	3159
2108	5136
3262	3528
980	3566
3506	3847
1109	4376
2438	4220
1422	4580
1727	2055
1215	4591
601	4236
2384	3103
3941	4156
1178	4869
269	3019
1491	4940
1270	4340
2051	2791
2775	3116
1465	3351
1215	2573
271	1873
983	1444
2495	4897
1619	4814
2108	4780
271	4580
2969	3301
50	2837
1903	4070
3040	4635
1433	5151
2538	2912
1740	2996
1108	2027
1460	2118
2956	4693
4156	4844
1110	3568
77	2374
1505	2531
2547	4156
1058	2472
476	1168
637	4972
1581	3810
1031	4096
2243	3121
904	4976
27	3646
2567	4156
288	2030
747	4033
2965	4156
4780	5122
1271	4831
3641	3644
1162	1671
2188	4077
1503	2600
1017	4412
816	4156
233	4156
530	1505
3586	3621
4156	4991
3781	4518
970	2775
1798	4405
2142	2153
3116	3362
1920	2472
593	4399
1726	2782
2475	4086
1485	4156
3116	4502
1741	1914
3390	3705
2270	5079
747	2472
2870	3891
311	3017
1505	5136
2798	4196
1465	2118
3032	4890
257	4677
812	2051
4580	5122
2048	4045
1503	1929
1749	2625
814	2072
2944	4929
970	2531
25	161
2404	2708
2704	4580
3116	4572
773	2258
1113	4664
1766	4002
1287	4859
1671	4970
434	3884
1444	3352
1461	2230
580	948
1113	3786
489	3537
1182	3488
25	1221
1189	4105
3116	4408
1094	1680
27	2497
890	1546
2118	2714
789	2203
2698	3820
4502	4735
192	2974
2031	3435
2091	4156
3436	4728
551	1903
2515	4615
1549	2966
1503	4127
1189	2704
2211	4902
1549	3204
209	1619
4544	4586
2118	2753
694	1695
2270	2939
645	2808
3143	4156
1461	4840
842	4070
3930	4874
1215	4813
973	3961
434	750
770	4156
4891	5061
3840	4174
1778	3074
4640	4814
3528	4487
2972	3116
25	977
2568	4384
2716	4342
2118	4653
3312	3509
3542	4472
552	4156
2048	3818
1932	4311
1215	2615
1014	3336
3744	4156
551	580
855	2077
1269	2605
1692	4968
1078	4058
1461	1856
110	3357
4189	4502
1585	2142
730	3116
2912	3941
269	4831
3054	4077
1414	4819
285	5028
817	1844
1791	4145
3	3304
1058	4274
1036	2844
748	2877
2270	3853
1710	2748
2447	2661
637	3590
2915	3834
2527	4156
2104	2625
1727	4493
3300	4859
1422	3462
1692	4093
1445	1692
1780	3344
310	3105
1930	3369
4480	5122
3341	4385
2232	2653
743	4070
67	2390
1488	1959
1404	3780
7	3116
278	5058
2966	3943
4165	4412
2798	4273
1524	4929
3116	4053
1455	2003
2625	2897
33	3617
1034	4156
2438	2795
1215	3175
601	2241
2214	4176
2438	4873
2531	2547
1108	3157
748	1723
1215	3857
660	4105
3673	4068
95	4764
2775	4508
2118	4711
114	2118
4156	4870
626	1726
1524	2142
714	4095
2390	4156
877	2605
3548	4045
4156	4463
1113	3499
1108	4653
1113	4144
111	2118
1108	4950
443	2438
855	1973
1480	2929
1215	5147
867	3512
3086	4298
1198	2277
3116	4921
1123	3116
2625	3054
1444	4036
3591	4156
1444	5053
296	1365
3357	4156
580	1366
2232	4324
1287	4674
3408	4399
601	1411
293	4580
153	1727
670	2181
735	942
4156	5047
1105	3367
2030	2114
2584	4393
3116	3919
398	2807
151	3439
3416	4580
3588	3810
1318	1488
1271	3361
3736	4998
3101	4621
2985	3674
1671	4353
292	3961
1525	2852
3124	4005
309	1422
1215	3356
690	1444
1983	2714
1444	2582
2877	5078
412	2975
326	4156
1732	1822
2051	3060
2917	4615
3380	4507
1585	4416
333	4814
25	1549
2142	2173
2862	4928
4236	4560
1182	4064
1108	1774
3245	3300
963	2118
1113	4339
2939	4156
1873	3853
585	1119
2605	3249
4928	5151
1712	4725
285	5092
1197	3686
1671	1875
1671	3650
1113	5072
2335	3739
2605	2934
750	2974
4274	4508
1422	2698
484	1318
240	3116
129	3694
2390	2525
1852	3116
530	5062
1677	3771
2569	4763
877	4156
2798	3201
2438	3017
3617	3685
1791	2887
4841	5072
721	3515
3328	4890
3919	4372
673	4156
1031	3549
3528	4376
169	2625
1108	4921
92	1774
1741	3451
30	2951
2241	3116
1897	3116
92	3228
3493	4145
925	2575
839	991
387	5114
1202	4132
674	1113
1913	4019
2302	2530
357	4652
3797	4384
3488	5038
2270	2567
757	4070
2605	3780
860	2972
739	1951
4506	5114
1248	1324
2476	3016
28	4030
311	1215
1822	4156
2347	3486
4480	4639
2698	4189
690	1674
158	1590
340	1444
7	4468
1433	4621
3911	4902
1215	4675
2608	2770
4004	4351
2698	3701
1847	1893
2335	3444
1332	4728
1677	3591
914	2496
3204	4156
3326	4369
3056	4863
4393	4873
2625	4267
4290	5091
1680	4033
2985	3722
975	2605
921	2438
1677	2939
1727	4189
1692	4156
1752	5136
1914	4554
694	2530
2966	4059
351	2322
1710	3863
1148	3380
4814	5020
1501	4156
1537	3553
1671	4642
2015	2230
826	3116
1905	3300
2438	3007
1433	3056
1148	3114
367	4070
1136	3560
2207	4968
3361	4831
3246	4105
111	4508
2627	4480
491	1660
2254	4879
1480	4978
161	2476
452	1444
1287	1774
759	2698
2265	4156
1549	2677
1840	2541
3839	4105
1670	2153
370	3116
4480	4876
1905	1952
861	4215
873	3586
1252	4419
4002	4478
110	4064
3624	4070
1539	3101
1514	2031
4145	4889
1491	1727
12	292
863	2985
176	319
1444	1953
1433	2224
618	4783
1553	4468
1661	3673
2648	2753
3116	3620
2775	3289
3959	5083
893	1546
1673	1710
4079	4156
1930	4211
988	4328
2013	3961
246	4365
447	2525
770	3485
33	4880
576	1003
4196	4600
1938	4376
1741	4441
2605	2897
299	2153
3444	3739
1590	2843
4353	4642
1283	1897
626	2625
3056	4414
4273	4923
1692	2593
3677	4105
2966	4156
309	5068
3208	4891
1426	2829
3199	4544
2304	4156
1014	2661
177	3488
2625	4512
673	2975
3769	4719
1546	2051
3357	4419
2627	4045
1727	3559
88	751
158	2448
751	3279
923	1390
2646	3867
1107	2307
1677	3853
2627	4598
1444	4644
443	2755
3114	4560
3262	4308
737	860
3014	4764
3542	4369
1579	2811
2118	2743
1465	4268
3228	3267
3380	3450
4039	4329
593	2438
1020	3208
4156	4873
2199	4968
3573	4480
2625	4174
848	1752
193	3736
7	4540
1524	4923
2310	3863
3344	5144
2496	3685
293	2867
1108	3344
67	3586
3116	3867
1224	4156
340	2616
1388	2605
3322	4001
3685	4669
3724	4760
2699	2871
923	4928
2531	4057
340	1680
1422	4394
3116	4949
1034	4274
1492	1797
2702	4615
2692	4156
2196	4809
3839	4388
1058	3279
2698	3351
1311	2698
913	2934
3408	4156
1742	3226
2615	5040
3453	5035
1546	3487
3673	3786
2120	4211
2438	3724
109	1549
4156	4572
2541	4591
2317	4308
1215	3163
973	1404
593	4088
1828	3209
271	5122
1480	2951
2904	3673
2698	3003
2013	3829
1272	3537
209	1294
123	3116
353	1546
2702	5004
593	3512
1396	4854
3724	4940
1766	4907
1603	4088
867	2270
3784	3920
855	3116
3829	5062
1121	4819
2270	4393
2476	2615
1294	4562
2882	4397
92	686
1161	2492
2946	4273
1034	5114
2775	3853
3264	4033
1058	4889
2798	4094
434	1619
58	4889
351	3116
88	2013
174	4348
1453	1780
1579	2404
22	4120
1619	3019
2438	4763
4329	4659
1692	5085
180	2188
1115	1834
2525	3211
1324	3198
1854	3116
618	4598
2867	3201
848	3262
299	710
30	3344
4554	5118
255	3082
800	3946
4193	5091
2829	4004
1750	3603
387	3357
1293	4542
4933	5069
2637	3902
2304	2438
1108	4156
3258	3493
2569	4419
123	510
575	1617
651	3361
1912	2370
3300	4045
1598	4402
1692	2404
387	3300
643	3617
2254	3116
38	2438
1339	3547
789	2887
942	3202
552	2438
121	4105
4463	4580
3116	4699
1538	4942
1712	1752
2843	3650
925	4362
2414	4208
2318	2547
1283	2863
2114	3658
2795	2798
917	3916
387	2929
2703	3304
904	4156
1677	3300
1003	3589
3380	3673
710	3853
269	2214
4508	4923
2495	5062
270	4336
3650	4861
1465	4480
209	3922
92	1225
2071	2438
1056	3503
680	2322
310	3840
870	2617
2698	4000
1036	3696
2698	3478
3025	3116
3528	4735
637	4399
269	2118
1549	2887
2502	3442
440	2108
1726	2534
412	673
1058	1094
2360	4156
2900	5062
3202	4923
1507	2019
3247	4077
4644	4970
3116	4302
2934	4485
1537	3120
1708	3116
1720	3289
310	1267
2616	4480
893	5129
2782	4719
3840	4311
284	1873
1726	3054
739	2124
757	1791
587	1215
914	3685
2625	4493
2438	4598
1912	3116
309	4615
1270	4929
214	2506
1677	4880
4615	4928
3114	4880
651	4328
1215	3839
821	4156
3114	3406
890	1617
2725	3116
1726	4637
970	4073
2904	4580
2156	4311
640	3445
1215	3591
1503	2476
3604	4405
1251	4907
1243	3107
88	4073
892	2582
1461	2692
2798	4393
2946	3548
879	4096
3279	4886
2142	3512
2476	2723
1218	3116
114	192
2653	2880
1677	4326
991	1966
359	1108
1444	2616
1036	1108
3589	4985
4640	4701
53	4928
593	2798
751	3853
2506	3404
3988	5079
1352	2360
4053	4760
1270	2118
1260	2714
2569	4517
3267	3352
273	1844
476	4508
3116	4232
2438	4532
1546	2003
1178	2807
2051	3488
101	4308
247	2322
3380	4808
2142	3853
1405	1465
923	3344
4399	4480
300	3445
2370	2966
903	3926
651	4386
2460	2593
2939	4326
2417	3149
2713	2725
1951	4323
860	4038
1864	4165
1067	1215
2335	4156
2702	3863
2506	3114
1017	4246
4156	4248
1269	1742
3116	4308
1598	5040
4295	4437
729	3289
3538	3658
3774	4342
1272	4642
2230	5010
2460	2710
1269	5107
991	4576
3367	3385
3105	3344
601	3920
1423	2798
694	2118
1947	3453
1618	2675
472	1677
1531	4659
3590	4399
489	1627
2569	3114
3748	4866
2031	2882
88	970
259	4478
2775	3573
1058	3300
1562	3943
3369	3493
758	1848
358	3204
1094	3619
1951	3116
903	3228
443	1583
269	1914
2846	4156
1906	5078
1435	2541
1272	4833
3225	3646
1524	2798
2171	4017
978	3116
757	1873
4156	5138
285	2863
3804	4070
2939	4760
2438	2531
1537	3366
694	837
2362	3559
414	3454
925	2777
1438	4725
67	4045
1661	3458
158	3225
973	2347
2496	3780
2019	2797
2504	4389
1422	2922
632	3354
1601	4105
1272	4558
2160	4674
4945	4976
387	4929
4156	4401
166	4388
773	3014
101	2704
1032	1243
867	2173
2190	4070
551	2413
33	3114
461	3116
893	2438
1113	4110
904	2438
758	3589
1283	3380
1920	3289
1438	3481
1983	2700
1905	2358
2627	3202
2691	2698
2390	3674
192	3685
942	1674
680	1480
1553	2755
3959	4070
3450	3567
978	2118
1637	1977
904	5068
808	2360
2496	4897
5072	5151
67	2774
544	1692
4845	4889
158	4086
3060	3503
1841	2374
1283	5028
101	3116
25	2015
1215	3416
1505	4861
1666	4041
3056	5034
2561	2852
1726	1826
3834	4388
3451	4831
542	4156
1848	3589
2608	2698
1094	1424
270	357
942	1647
1444	2939
626	4193
2851	5004
854	5055
345	2118
4861	4928
2504	3920
609	1727
1444	5079
3116	5058
1524	2438
250	1480
38	664
1271	2621
2698	2846
1031	1128
4156	4323
1215	5144
1178	1215
1797	4057
1727	3797
1444	2627
3810	4302
1710	4976
609	3619
2398	2605
3072	3116
2541	4854
110	1858
2118	3574
760	4105
1673	3646
2934	3808
1444	3267
881	3470
7	359
66	3116
618	751
3116	4866
2413	3488
1873	4879
1215	4586
7	3810
2664	3132
1086	5146
1444	3810
2605	3367
2844	4756
751	1920
1560	3810
1215	2007
387	1058
740	4156
3254	4156
751	4097
67	2027
904	1453
1532	2626
1583	2438
2547	3650
1501	4719
2389	3705
1215	2713
637	2142
1020	5055
2114	4964
88	3116
704	1722
4033	5113
1444	3988
459	4156
866	5061
1509	2975
893	2406
729	4789
1487	5044
2373	3116
476	1720
1537	2626
704	4064
918	4236
1408	2575
3381	3940
4103	5061
2915	4340
4801	5062
1444	2798
1136	4355
2118	3587
124	1294
738	3116
7	4537
2703	3116
2048	3688
2033	4156
1603	2818
2027	4598
311	1549
2821	4156
3380	5082
2374	3361
903	4372
2190	3116
2934	3175
2605	4402
4105	4199
1169	2541
411	1119
961	1692
2142	4674
1503	3920
1163	4105
1165	3694
1710	4729
688	1666
1215	1687
651	2051
1708	4362
748	5078
269	647
170	1912
22	325
728	1227
2775	4760
773	3199
318	2605
269	4051
1044	5043
2051	4058
25	2000
925	1667
728	1585
4361	4376
1982	4187
161	1444
1248	4678
7	3881
2142	2795
387	3853
1620	5139
1444	4972
1492	4819
1549	4151
757	4027
2627	4876
1987	4772
1150	1959
911	4349
1549	3247
1048	3406
948	1930
3538	3752
82	4156
1094	3279
3367	4064
351	3686
27	3586
881	3225
975	1113
33	3754
2347	4644
601	3747
2491	3367
4067	4615
176	3331
1444	3121
2753	3941
1408	4813
1590	1948
1620	4766
2182	4554
4008	4368
1368	2704
3089	4156
4398	4907
1727	4544
3747	4600
2561	3016
2265	4372
3116	3163
2966	3677
580	2438
1162	2030
844	2124
50	4554
111	4156
854	4831
4644	4646
3116	3714
3105	3116
466	3568
1408	1525
3512	3988
292	2242
1590	4583
1189	4921
1705	2963
372	2625
893	4949
1481	3380
1487	2637
812	3782
1422	3204
1038	1352
1666	3840
4382	4872
2985	3435
1770	4270
957	4419
2568	2698
3973	4105
3116	3351
2972	3626
247	694
2547	4598
1710	2752
580	2807
892	1505
110	4972
680	1549
1227	3820
2882	4928
1750	4487
2617	4401
293	2199
1333	4308
3685	4760
1208	2118
4105	4754
2460	3572
680	1308
1727	5038
728	3116
1494	2966
1722	2569
309	4036
4861	5151
1684	1704
452	4372
262	1113
601	3905
4132	4760
1656	2801
1460	5097
1344	4073
601	3322
991	3840
440	837
1162	2512
2770	4206
2963	4328
2811	4086
111	2946
3853	4326
2858	3840
1503	5004
27	983
3116	4694
2851	3827
1812	2241
1549	3244
3300	4156
3116	3263
942	4841
202	4267
3754	4220
580	1677
2914	4482
3597	4070
3289	4508
2118	4339
2255	4105
1692	3400
92	3498
811	2966
2625	3646
2031	4156
904	2625
4196	4863
1433	2575
1044	5040
1532	3188
3116	4933
2114	4033
612	4693
2947	4095
199	3116
2254	3694
292	1119
551	5010
2234	2241
694	4964
2627	3264
2214	5020
2055	4376
1645	2525
1339	2232
7	2306
43	3369
3747	4151
611	2438
299	3853
440	3116
293	4165
3591	4876
477	5107
748	4236
1302	1774
92	4886
646	3116
580	2775
1614	1833
2661	2798
2270	4033
2605	2829
3201	4094
2748	4105
757	1727
551	3380
443	1505
1953	2030
4045	4863
357	1119
2142	2946
1094	3056
327	4869
1338	1710
3435	4819
269	4472
2882	4053
3611	4502
2459	3424
4273	4480
1705	4381
580	1453
2547	5041
270	5038
2434	3101
1354	2118
1505	3561
1722	5083
1537	2569
3369	4112
3116	4393
1680	2946
800	1465
1110	4764
12	92
994	2506
1423	3685
3553	4156
978	1215
2358	2653
832	887
2026	3116
1433	4376
1422	1712
2030	4759
2530	4554
1156	2605
7	3739
33	3905
917	4019
970	1037
567	1873
299	3988
3380	4496
1460	2329
893	2616
2438	2699
2541	3494
3116	5028
260	4870
3466	4921
1840	3722
440	1546
1340	4051
3201	4399
3321	4156
1063	2026
560	2074
1465	5003
2801	4156
855	2153
7	151
4270	4955
2791	4058
282	4518
4964	5136
2852	4897
646	2541
2051	2360
1537	3959
1215	3506
1279	3116
1840	3674
7	1113
2406	3646
1182	1461
4156	4863
1666	3953
284	4145
576	877
4674	5034
1603	4508
1457	1905
3915	4831
844	2232
3930	4729
273	3839
3617	4897
224	485
1774	1929
855	4478
3116	4402
4027	4162
300	1444
1560	3705
2569	4064
1677	4036
694	4998
1660	3504
1031	5077
176	4362
1677	3724
4607	4929
877	2811
609	2898
2735	4058
1579	4964
2322	4780
1672	3226
2438	2530
309	5072
134	2027
551	4929
675	2047
55	4863
1119	2743
2118	2799
660	4412
1905	3685
1108	1444
387	5079
1272	4872
2435	2575
580	1920
3935	4554
1667	4964
1743	3116
580	1202
3321	4414
2775	3300
238	738
1603	3590
1254	4189
1655	2438
246	2476
694	4156
751	4326
615	3223
224	2837
2861	4097
2701	4872
106	2805
434	1265
299	3121
1444	3774
101	1491
2829	4369
694	5126
180	925
1094	3853
1251	3116
1463	2605
593	4841
1648	3116
1546	4019
134	5023
260	903
1122	1905
1372	5035
92	3408
1371	2752
2541	3825
1110	4376
2812	2934
114	2438
123	2755
1444	3124
1583	2661
2495	3344
2900	4156
2739	4872
3116	4536
4401	4694
1487	5078
4145	4576
3344	4500
3322	4274
1897	2287
952	3688
2258	4764
3672	4070
1413	3623
1198	3739
3685	4940
3344	4949
4480	5039
7	192
3919	4879
510	4053
1503	2118
2232	5040
387	2472
961	3016
714	3454
2653	4274
1585	4323
2575	4393
943	3361
1537	4876
2582	3829
2199	2472
1549	5032
2504	4916
3943	4398
2861	4326
2495	2515
4302	5053
3555	4206
3851	4861
2420	3739
411	4644
867	1661
1710	4502
3139	4156
4580	4841
1267	3116
1215	1365
485	2118
1063	4070
3782	3812
3236	4840
1549	2573
943	1660
72	1109
25	3881
177	1873
2798	4923
2726	5058
2410	3621
1774	2531
1537	2329
1833	3369
4580	5136
1136	4640
1034	4940
1553	2616
1740	3354
578	2518
4220	4295
156	4105
3380	4402
817	2288
1108	4929
943	2076
436	3116
655	1256
690	963
1847	5004
2230	4055
2199	5040
3513	3663
609	4156
906	1710
1248	5068
743	1692
1726	4174
978	2341
2851	3771
879	3503
2030	4896
27	50
1727	3514
2188	3442
2713	4764
472	2142
2541	3670
618	4760
585	1617
1042	4929
1032	2299
1677	4274
292	1067
839	1094
2530	3694
3641	3981
142	4863
92	4030
1270	2242
2460	3638
1897	5082
3116	4833
1524	5113
88	1444
573	1884
3444	4144
1710	4708
3279	4156
2347	4323
2030	2965
4156	4373
452	1205
1001	4869
1215	2582
1677	2142
476	4923
4819	4861
3538	4950
4584	4929
359	3650
340	510
2543	4105
1704	1710
1617	4644
970	1067
327	2807
476	4981
2653	3853
1267	2582
2199	4070
2172	4783
353	2460
38	1780
1603	3201
1215	1388
1627	3453
4615	5072
3380	4664
27	1455
2262	4814
2118	4871
1617	4897
686	1705
1108	2657
1461	3659
1947	5035
722	3101
75	2546
1727	3959
2627	4399
2438	4414
1692	3267
27	1583
3116	3336
168	1324
2653	3724
694	1444
1546	4463
145	1252
887	2360
2541	3493
2966	3068
292	3116
1617	4156
2031	3818
750	3132
1710	3853
1641	2181
1324	4861
637	3202
1105	3845
2922	5122
3367	5078
1492	2531
28	3555
2826	3175
1505	3723
55	1408
3116	4112
1531	5035
2026	3307
92	4747
12	4652
1598	4970
2137	3262
611	1946
740	4070
350	1834
33	2877
3825	4156
2234	2625
154	3780
3367	4905
2118	4580
1720	2472
285	4580
2172	3788
1743	4841
751	2582
3030	4173
411	4336
751	4940
161	3590
238	2714
440	4231
1113	1551
246	2118
2721	4156
1549	2592
1770	2341
2142	2270
2031	3674
871	2211
12	2531
694	4729
288	1667
3685	4642
664	1525
664	1414
1422	3805
2939	4033
739	963
2406	3911
3632	4105
2118	3188
1122	3417
735	3361
626	1108
1433	2912
2798	2946
151	1687
1670	2798
2299	3839
2108	2593
2661	4441
1524	4033
476	4760
1667	3434
2934	4928
1254	1537
2243	2347
2196	3624
681	4156
298	4156
1895	2616
1408	2188
943	1204
1987	4879
1661	4508
3591	4033
2898	2904
652	2541
1113	3338
750	2019
1627	1947
4324	4399
2829	4129
1741	3538
2142	4760
512	2341
1267	4077
340	4480
1652	3358
1108	3853
7	2347
1710	3389
67	1444
2364	3764
3056	5113
673	1444
4441	4814
1424	3400
1538	3351
4156	4866
2502	2975
509	2547
1402	4045
246	3301
1341	1983
3267	5062
3385	4560
387	4145
1344	2118
3103	4869
965	3555
758	3116
1465	4575
1324	4406
1585	4874
1543	2625
836	3081
4508	4863
1113	2551
2691	3116
1250	4872
33	748
1796	4719
921	3847
1108	2807
4156	4393
1215	5023
991	3139
326	4874
1623	2837
2964	4678
3863	4469
1445	1537
4580	5126
2703	3669
58	489
2775	4598
1408	3961
2495	3685
1444	4196
3345	4156
879	3060
2438	4202
652	1254
3774	4365
3344	3987
3116	3674
2739	4929
4584	5040
1477	4156
1422	2966
694	1091
2180	5158
1201	4258
1115	5144
411	3961
2027	2985
2118	4582
2946	3474
1158	4105
3673	4351
1348	3739
867	2142
3202	4045
2633	2675
1526	3542
3202	4508
2812	3067
1422	4919
1467	4854
4088	4156
1037	3435
1252	3207
2118	2972
3	2805
2362	3522
973	1491
309	2917
2024	2698
3262	4921
3538	4912
1619	2384
721	4105
3228	4156
842	1320
2605	2947
3771	3818
1215	1797
2404	2964
270	4764
235	548
822	3366
3380	4960
2153	3056
673	1215
426	3116
38	1510
1567	3747
3105	4302
1752	3466
948	3696
601	4880
1063	1215
1677	5146
3845	5028
3542	4051
329	3258
3488	3561
2406	4763
4156	5104
3264	4340
7	4419
2704	2901
13	2972
970	1777
4719	4928
2858	3754
4863	5079
2065	2605
507	4640
1432	3528
903	1310
474	4459
2704	3852
2413	2561
2843	5068
2048	4508
1487	2241
694	4646
1720	3580
710	4600
4478	4929
1215	3950
30	4457
3488	4094
2561	3116
246	2584
2438	3674
364	4880
972	4070
1252	1404
3225	3723
1579	3920
55	867
580	710
440	3483
1215	3944
539	3503
673	1884
1113	4580
2680	4389
1641	4105
925	5114
3503	3549
2188	4105
3279	4711
1109	2616
2934	4955
357	3453
2206	2240
2938	4295
1503	3499
1467	3175
1408	5139
1156	2438
2118	3019
1905	3289
2951	4220
1618	4156
3450	4544
963	1227
1709	2480
2784	3488
174	1543
329	3116
3065	4929
2482	3488
88	2031
703	917
1423	3201
1603	3264
2799	3116
3116	3481
3300	4001
3590	4156
423	4070
1113	2259
877	1003
750	2181
3300	4151
673	3116
1630	3124
1617	2912
2118	3116
1262	1891
111	1444
43	4480
2353	4819
476	751
7	4500
1960	4165
675	4879
4156	4725
326	2969
1920	3724
2666	2798
903	4424
867	1553
2582	4329
2118	2329
3121	4760
2699	5040
288	4070
1733	3498
1726	3067
680	1312
1526	4156
95	2938
2338	2561
3542	5109
381	3116
673	3121
1553	1680
1109	3818
72	4872
2704	2938
1570	2389
1017	4492
2755	4598
3754	4897
1338	1970
848	3466
2128	3116
2003	2434
1094	4674
1203	3589
3303	3624
2218	3116
1505	4964
1037	4841
694	2389
3686	4423
904	4819
3264	4470
142	1252
4193	4532
3646	4644
2653	4508
2478	4105
1002	1044
2181	4985
4105	4891
2196	2291
4323	4558
273	1294
970	2912
2694	3691
961	1674
3674	3705
3116	4066
866	4831
3116	4238
409	4070
841	3674
789	1197
750	4814
2114	3366
3208	3653
866	5139
855	4033
4615	5004
1215	3380
1790	1833
3354	3466
3818	4923
1408	4043
1655	4406
1453	4976
4824	4950
2010	4928
2593	3116
1705	1858
3474	4156
2608	3349
1215	2699
1108	4606
1987	2605
300	1408
1215	2172
1215	1303
1243	3884
1215	1553
1255	2476
1293	2723
3328	4169
2661	3589
3943	4735
2625	3067
2724	4440
1270	4105
2270	3488
773	3223
2703	3444
1692	4729
4033	4156
2711	3930
2593	3611
1549	2702
1560	4601
2755	3818
2406	4004
360	3116
170	3211
4544	4819
2247	3807
917	4193
2675	3012
1677	4760
2573	3982
489	1692
1034	1983
7	686
3590	3818
972	1873
1215	3959
704	4073
1932	2156
1334	2230
674	4105
811	2704
3247	4105
1641	1914
2378	3827
2118	3175
2934	3504
3116	5086
111	893
988	1858
1537	5028
2000	2625
3748	3797
4819	5068
2605	4057
144	3402
1215	3101
3323	3439
580	893
2322	3207
1966	4929
2512	2966
1727	4876
93	3650
4897	4905
2244	2934
748	3406
1215	3973
30	1505
2985	4819
2299	2797
1197	4416
310	2406
1110	1947
1674	2242
111	2438
2239	4815
255	4368
2370	3574
1215	2702
1834	2829
859	4575
4361	4867
3590	4088
340	4156
4488	4554
269	675
2434	3952
3506	3623
877	881
8	1294
114	1732
129	1822
510	1680
1365	1652
530	1124
154	2515
892	4580
4077	4156
1037	3810
33	2027
2547	4907
1966	4193
612	4441
2214	2299
1119	4372
3542	3927
3216	5092
3116	4985
892	1113
1617	4145
2946	3672
4156	5077
1856	2241
914	3754
92	3400
3003	4719
1270	3580
3202	3264
2426	2698
1873	2557
75	3116
3424	3926
1203	3116
2915	4114
3568	4594
637	3121
2569	3367
4156	4869
3116	3694
2882	3673
3450	3810
1993	2938
2594	3603
991	2417
2018	4872
800	3163
4949	5062
2698	2902
1438	2181
8	1408
1802	4156
2605	4856
192	3025
867	1338
2575	2743
1481	4719
146	4156
1525	3617
293	4645
1270	2708
2657	4376
1930	3696
866	983
53	1322
4273	4674
1537	4472
1215	2329
511	4338
3493	3853
1031	1056
963	3116
1946	4073
690	4156
1983	4419
1645	1929
1684	4235
2701	4621
2153	3202
747	4600
1692	3353
3705	5040
1726	3165
1270	3121
3056	4132
593	4863
512	1215
4059	4501
3573	4923
1215	3774
855	4399
452	1598
1583	1780
2347	3116
3988	4876
773	3747
3912	4070
3107	3481
925	3390
2512	4580
2716	4841
3424	3881
1661	3408
2362	4506
129	3641
1003	4086
1060	2370
651	2594
640	3116
1637	4105
4070	4675
1525	1897
3202	3590
1444	1733
747	1677
2322	3226
948	2726
3390	4433
1404	1742
4728	4791
2118	4949
1294	4105
892	2704
3267	4841
1661	3818
269	2797
262	1516
2214	2625
476	2653
2605	3358
1546	1627
1680	2118
3101	4169
728	4841
123	1617
2882	3047
28	4876
95	4156
663	5151
2322	3944
1549	3003
2616	4972
3231	4340
260	3783
2180	2966
1109	2946
3081	4040
2004	4105
1108	5034
2142	4273
357	4764
3678	4819
2438	3590
110	4560
3114	3905
942	2404
4544	4929
2938	2966
111	1215
919	1338
1673	4095
2939	4876
1444	1503
1423	3056
2605	3935
907	4105
2858	3435
3010	3116
828	1371
855	1302
1514	4245
3646	5091
1487	3367
2616	4399
970	2985
1422	4628
7	4004
1670	2142
123	2616
1599	3116
1465	3300
1623	3481
2569	5146
192	1283
649	3114
2615	4156
3264	4642
4393	4600
310	4872
1603	3408
151	3116
2108	3192
1549	4358
751	1444
1553	4508
3264	3840
2199	3192
4361	4621
2704	3072
2118	4095
925	4417
3627	4156
1727	5071
3011	4929
1324	1598
3810	4876
1302	4879
1283	4156
3279	3829
1294	2214
3344	3619
3380	4743
2436	4272
2362	3389
1105	4064
1947	3400
3116	3493
3202	4196
4036	4601
1271	3629
3116	4929
168	3198
1560	3105
1255	1797
2808	4406
2362	4863
3322	4859
2946	3121
452	2339
151	4045
3769	3840
1002	2414
673	4095
1242	1903
1296	3116
2670	3116
2704	4059
1113	1272
1215	1524
1215	3016
1833	2007
812	4598
3780	4764
4899	4929
1844	5020
1546	3307
2661	4326
2287	2374
1227	4841
2172	3580
1464	1537
3453	4336
22	2561
2104	3116
4105	4826
2492	3116
2438	5151
1036	4211
4105	4469
4156	4507
1119	3840
1261	3623
3072	3943
1667	5136
1766	2704
2031	4245
2302	3283
38	5004
232	4193
2739	4030
1007	1705
3354	4735
1677	4940
1897	3980
2160	2230
1371	2724
359	1215
920	3838
1119	3228
1986	4266
1607	2241
1710	3745
1505	4169
1543	4278
1202	4088
1834	4945
3000	4250
2635	4405
1108	1661
1905	3116
25	4023
3116	4600
1251	1277
1302	2142
3105	4372
4036	4711
3810	4048
1476	3116
2027	4819
1424	4033
4920	5040
3116	4817
2118	2608
2153	2438
660	4246
4873	4972
1667	4635
144	837
28	580
1202	5114
372	1067
270	1110
452	1684
1034	3289
3482	4105
1510	3116
2799	4644
3300	3404
1666	3694
92	1742
1333	4458
2013	3851
2755	3724
2653	4940
3771	4156
1983	2818
1108	1614
2996	3466
1677	4763
699	2406
411	4729
512	911
4711	5004
1035	4156
1108	4132
50	3862
1162	1248
7	1444
476	2775
88	4685
2476	4144
161	4600
3663	4156
2241	4064
2617	4968
1003	2811
1549	2882
921	2030
1261	2506
2026	4542
2541	3358
1108	1168
885	4077
1086	1643
1571	4646
3722	4819
1521	2557
1856	3114
2703	4580
2795	4156
651	3615
4126	4756
3279	3445
1816	2438
1032	2870
1677	2241
970	3201
2525	3646
750	3107
1113	3453
3056	3752
452	4406
1322	4988
1324	1684
246	3116
1424	1727
738	4459
4105	4284
88	4156
2901	2966
1408	2118
1603	4972
904	1248
246	3774
4950	4993
142	1727
372	3561
3515	4308
3739	4279
2692	2877
1953	4045
914	1525
252	1460
4518	4850
110	2569
988	3116
214	3025
3780	4929
2798	4156
1431	2247
3486	5085
2267	4548
209	315
2713	4588
3466	4458
1444	1549
917	4907
728	1571
2207	3538
1444	2702
2605	4521
1884	4970
3116	4889
897	3774
2713	5083
2939	4045
2353	2492
660	1932
510	2438
7	5107
1778	2823
2106	4540
4615	5151
33	1215
1444	3713
1512	4621
7	4295
1956	4105
4112	4156
1272	3825
1908	4086
3264	3498
1402	4073
1334	3673
2241	3568
917	4156
1553	2173
193	2887
2755	4202
704	1444
3105	5047
2153	2946
3818	4508
153	4511
3116	3486
123	4747
1617	3486
3847	4976
751	970
1444	4393
1341	2704
1162	4819
3264	4156
3410	4783
1167	2427
2584	4615
2915	3283
4493	4923
3124	3493
1705	4417
92	2593
98	2900
2517	3549
1541	4156
580	3580
923	2698
273	2214
3114	3385
1338	3300
148	4077
2410	5114
414	4120
476	1094
1322	2837
1108	1402
2798	3056
510	3202
2723	3116
53	2934
980	3754
2872	4391
1396	5004
92	3952
664	2495
3450	3943
694	4602
38	3267
2702	4070
616	4850
1271	3451
1492	1560
2051	3810
791	4156
1002	2605
1182	3367
1598	1684
1444	2975
2615	4245
748	1505
925	3228
942	2476
3568	4970
837	2575
1987	3739
247	1692
1617	2799
2118	4708
3264	5092
2142	4033
2438	4728
1741	2299
914	2684
3157	4079
637	2775
1020	2063
2438	3453
1131	3116
548	1162
340	2118
2625	3107
3231	3663
747	3264
3408	4480
3678	4057
1113	2310
1617	4970
570	3435
2118	4801
626	1710
1034	4859
1641	3116
2048	3580
1537	1697
2199	2448
1294	2661
2575	4766
2013	3935
970	4819
855	3011
110	3242
2434	2703
1690	4929
1879	2071
8	209
1680	3264
3116	4710
509	2438
2270	3201
288	1727
1834	3547
1481	1546
174	2615
411	5085
411	694
33	2239
2196	2438
2947	4929
3808	4928
973	4970
3351	4942
387	580
4019	5122
1704	4235
4326	4760
3318	4156
1461	5078
55	2798
570	4586
2582	3694
2224	4615
1426	4929
114	2304
1422	4821
4105	4678
1687	2985
489	1422
2625	4193
2661	4500
1619	1844
1453	1671
750	4985
3549	4156
2605	4308
1549	1852
1583	4554
722	1667
735	1109
224	1848
899	3392
2270	4876
2027	3512
1514	3674
2698	3591
114	3116
429	2661
2031	3722
2812	4156
1108	4880
1108	3498
151	2287
1667	4457
1077	1215
694	1912
111	3590
686	3739
28	1396
1505	3124
652	1227
476	3300
1354	2512
489	2704
66	1178
443	4193
3116	4354
2118	3722
580	4923
1546	5136
897	5062
3747	4763
2404	3227
1905	3853
284	2582
773	2406
2625	3810
214	2593
269	1215
3538	3542
142	4135
1740	2492
1109	3580
1834	5122
1726	4097
854	4156
2438	4517
651	4066
773	3488
1324	1884
1408	4606
1348	4859
652	2814
643	1404
750	3839
2708	2882
2975	4156
1710	2704
1344	1444
1699	3504
1269	4086
3380	4708
28	4674
2882	3863
3586	4295
4126	4211
269	2870
1058	4940
970	1215
1797	5122
1108	4468
269	4814
4640	4831
1987	4502
2160	2974
649	3905
1492	2547
285	4586
98	3563
137	489
2027	3722
637	2939
1666	4388
92	1481
1726	2358
3047	3840
2661	4831
1999	3056
1265	3116
927	3683
3498	4876
1489	2704
309	816
2801	4560
4070	4569
1487	3905
2946	4972
2909	3003
1670	3988
1034	4053
927	4156
357	1110
660	4492
1677	2567
1844	4292
3356	3542
476	1424
75	2649
4841	5114
1267	4132
942	2805
3987	4544
2414	3351
2196	4041
581	3352
269	2045
77	5159
1056	2051
309	2702
4156	4352
1579	2476
388	4156
409	2322
4725	4968
1119	2118
25	2374
836	2934
4033	4399
2370	4077
2230	2329
271	1727
224	1641
970	3591
2305	4105
387	3279
1549	2362
4001	4033
1987	3450
364	1687
340	637
2459	3603
7	2438
1248	4245
1202	3056
2196	3380
299	2934
1422	4745
694	4652
469	3116
652	1462
2259	2934
2724	3017
750	3019
945	4388
942	4376
1549	1579
3178	4719
1243	3538
43	4211
664	5062
2374	3116
3566	4905
1035	1444
2661	2797
1422	4057
4036	5038
4040	4826
1844	4950
2182	3116
269	4915
387	4760
1260	3012
1583	4187
2438	2871
1453	4685
1322	1914
66	2807
3724	4053
1162	3323
1461	2569
2496	2515
3321	4339
1044	1879
2241	4905
3555	4920
2981	3132
1619	2362
2752	2972
2239	2362
325	2858
3380	5004
2912	4815
3121	3988
3754	4916
1136	1507
867	2496
2199	4789
1202	4600
2199	4580
3322	3935
4088	4202
1438	2182
2203	3056
2946	4508
1671	2030
30	288
1422	3072
3534	3694
1215	3349
1929	2339
252	1717
1093	2877
1952	5083
1444	3067
92	5136
2114	2862
4156	4817
735	1741
1009	2135
1037	4639
3839	5020
364	2438
3361	4955
3116	4602
1215	3352
38	2525
1110	5035
387	2775
2118	3603
632	3466
365	2951
67	575
510	4399
7	1655
1094	4480
855	1524
4219	4328
3404	5130
1248	2224
58	1113
2627	2755
2460	4968
2698	4097
1537	4885
4126	4578
1727	3120
1322	4515
2438	4863
151	2870
67	3493
3840	3941
4033	4600
1243	2130
1087	3116
712	3116
2347	4001
1460	4540
3685	5114
110	4848
1115	4841
1537	1643
1710	2067
271	2199
636	2661
3116	3590
1485	2438
2966	4358
269	1214
942	1692
2270	3590
1990	2108
2438	3988
593	2939
7	664
3082	3961
1571	1585
25	5104
3566	5073
177	4902
295	1987
2723	3673
961	3165
2694	3646
991	4940
601	2858
2767	4841
2447	4156
1677	4478
1614	4636
1752	4968
1553	4480
33	601
3663	4302
3754	4156
1267	2701
154	4897
509	4336
4033	4196
539	2517
219	4156
2713	4193
269	2557
618	4929
1609	1674
3322	4985
783	4478
962	2241
1667	4156
443	4156
1344	2435
1567	4763
299	2775
758	4381
2305	3103
2797	4814
472	1524
255	1215
325	3236
209	4950
1708	4361
271	4872
2024	3116
1202	3853
551	1405
129	4040
160	4070
151	4783
3226	4027
88	551
88	4365
2314	3694
1946	4239
2118	3604
2108	4019
1075	3963
452	4861
1455	3116
1215	4951
30	2114
486	3116
1623	2625
2364	4801
2142	4130
1324	1710
150	5146
1197	4815
181	214
1710	4646
3381	4831
3344	5047
773	4701
3116	4039
551	3014
2406	3747
4245	4970
2018	3494
4594	4863
3116	4156
801	942
2547	4478
3267	3344
2347	4729
1726	1903
1671	2027
899	2322
3013	4641
67	863
2270	3228
1162	5138
333	4640
2048	4923
3264	4057
2240	2241
2605	3065
2118	2347
2919	3116
2882	4638
4156	4772
3116	5032
4680	5041
3105	5138
2939	4132
1202	3988
2532	4105
3245	4156
632	848
1549	2438
1202	5135
942	1532
370	967
680	899
1549	3013
466	3116
1677	2829
539	2051
963	5004
4053	4202
3362	4967
387	476
1710	3867
842	3116
667	4999
750	1844
552	1122
1670	4863
1917	2492
2104	4156
2438	3747
4165	4960
333	1014
3574	4701
486	2497
2398	4719
1036	1930
2530	2951
3072	4907
973	3506
1370	4156
2584	4861
1122	2882
1546	4580
1680	2438
3840	5139
1108	1460
2582	3810
310	4070
1641	3107
3116	4955
1553	3580
1537	2608
2530	2775
1399	3116
2985	3987
447	3211
1444	3474
2698	4487
1017	2504
1113	4059
255	4606
4144	4193
3314	3353
3120	3542
694	4558
2698	3065
7	1215
1063	1727
2199	2593
4030	5136
2653	4859
3713	4492
1603	4156
2427	5020
293	485
1920	2476
3590	4326
3853	4070
920	1770
1108	1671
1411	2384
2360	3201
925	4841
4517	5136
659	4929
1677	4389
1215	1709
1063	3069
1292	1912
4372	4546
637	4480
2697	4388
1834	1946
3380	4789
2698	5091
637	4156
327	4156
2417	4580
3264	4600
1844	3658
3067	3493
758	4376
3677	4929
551	2230
1462	4372
1272	1396
3116	4824
2242	4635
4070	4576
890	4540
486	3185
4329	4815
56	1215
1710	4783
1521	3922
4070	4394
1197	2887
270	1637
4361	4872
1482	2650
2698	2863
4399	4972
783	4601
2438	3300
1467	4588
238	601
3318	3493
543	4968
3627	4105
1162	3847
2496	3549
2882	4580
1774	2142
1453	3847
1727	4526
966	2206
1833	3014
1537	2713
2518	4250
92	1408
176	3743
3771	4053
750	1214
2241	3367
1538	1741
2390	3722
2775	3590
1603	1816
3754	4236
1983	2515
1619	2019
3450	4398
773	1012
694	4398
2270	4326
2799	4981
3044	3116
1893	4478
2737	3116
860	3769
43	3121
2915	4077
3264	3797
111	3121
3116	3244
983	1692
2400	3116
903	2506
3448	3576
2837	4656
3198	5151
2698	3632
2076	4458
4372	4920
329	3092
841	4861
2203	4756
53	297
158	881
1873	2398
1108	1352
4196	4399
1215	3587
970	3506
387	4526
114	1262
443	1677
4086	5136
1215	1492
1215	3485
3571	4802
2360	4259
333	811
5062	5092
2726	3696
728	4323
2142	4326
92	3494
848	4921
2504	4246
3739	4780
110	1252
3944	4077
268	3764
3944	4841
3390	4295
747	3926
3390	4929
49	2939
161	4156
1252	1722
3812	4156
2938	3853
1732	3304
2476	3905
2118	2627
1015	3739
1983	4144
2234	4580
3400	4764
511	694
66	327
50	1322
942	2118
1423	4033
2661	4640
4404	4993
2406	4369
3116	4903
1270	4480
1627	2406
3014	3380
1119	3486
942	2967
2118	2902
1332	3289
2582	4156
1272	4646
801	2404
3590	4033
2645	4156
913	3116
1774	2329
3588	3980
1444	3264
3208	4488
4053	5114
2118	2938
991	5004
2438	4685
2616	4508
3445	4897
1727	4351
2142	3988
632	4302
1030	4070
293	4586
2051	5077
1553	3264
4540	5062
3375	4621
1549	2704
1366	4070
1717	1993
4544	4861
2592	4405
1119	4540
1267	3838
1726	4353
3014	3248
4272	5035
866	1987
1341	1717
2951	4719
2589	4928
2684	3445
1113	1627
4165	4231
1465	4929
3538	4968
1453	4819
757	903
1214	2378
1017	5004
268	3696
3321	4863
899	1798
1444	3771
1000	3116
808	2915
2653	3322
2031	4193
3857	4070
1477	5020
92	121
2515	2852
855	4863
1414	3264
1565	3116
202	2698
551	970
110	1932
4236	4760
4156	4405
1936	4258
2915	4156
209	2299
255	2541
3905	5078
2438	5035
1740	4537
3659	4458
2829	3982
3619	4933
2917	4036
1826	2698
2753	2805
2106	4929
2284	4405
1119	1873
510	2616
4369	4764
2291	4041
299	1642
1598	4783
2390	2438
1905	3724
2801	3236
2142	2438
1020	5028
611	4783
1215	1834
961	3116
1924	4093
2625	4110
4480	4949
168	1704
1108	5073
3927	4156
3774	4145
1248	1598
1638	3678
3007	4601
651	2118
7	3435
489	4972
1455	1546
3344	3586
1202	2951
1165	2719
736	4045
1884	4544
758	2182
4120	5040
1537	3165
2515	3685
3573	4132
854	1243
1108	2243
3646	4129
2360	3812
2224	4928
1938	4095
129	4482
652	3072
575	585
903	4391
123	1113
2181	2966
2043	3840
476	580
703	1549
1017	2156
2071	4763
1338	4096
1947	3623
2653	2755
1521	4872
38	2550
2013	2410
1722	4040
3959	4929
1492	3961
1202	1603
1505	4586
3891	4950
673	2698
866	2108
1916	4156
359	2770
2496	4580
626	2698
1461	4560
1215	3211
1208	3267
3493	4030
2625	4130
1108	2259
2495	3829
1215	4327
1279	2525
1844	4814
747	4711
3116	4027
4526	4876
4156	4472
3116	3658
1189	1215
690	2915
1692	4172
259	581
510	3818
3322	5114
1197	5107
1778	3739
1546	1983
3327	4783
3351	4719
1537	4521
1113	5136
704	2118
667	4575
2697	4156
1243	2299
4508	4760
3116	3262
3289	3724
747	1642
2541	2752
2270	4399
1452	4156
1884	4615
859	2775
3247	4978
1255	2531
1330	2569
3354	3390
1917	2507
3807	4270
3279	4480
3107	4441
1079	3116
1167	1438
1727	4094
2108	4580
728	4440
3290	4105
1671	4120
1491	2882
3116	3344
1906	4880
33	3566
2108	4517
1477	3116
688	3863
914	3920
43	4636
1108	4189
1509	1834
1844	3884
1603	4598
3322	4059
2156	4246
1603	2755
2476	2870
22	1873
1816	2946
3121	4600
1671	4861
1444	2404
942	2015
7	3090
1657	4458
1414	2625
364	4981
1240	2797
1660	3361
124	3839
1215	1503
1543	2189
855	2142
1950	3603
2600	2857
92	4070
3323	4120
3300	3322
193	1692
1215	2118
1037	2438
1058	2653
4156	4678
2024	2605
2870	4156
1221	1422
1834	2975
800	942
893	3935
3116	4373
4156	4905
1248	4780
587	2118
309	3658
2051	2911
2616	2627
2019	3116
340	893
1666	2698
1113	4725
757	1496
2438	3408
4708	4719
1722	4156
539	1128
2694	3935
1438	1914
3930	4558
2480	5092
4478	4674
825	1549
2224	5151
7	1036
2482	4743
1929	3116
1603	3580
2016	4373
2013	4324
2870	4472
39	2698
145	991
1491	5135
4057	4070
651	3075
114	4575
2753	4991
3185	3650
611	1281
911	1215
3321	4070
1710	2615
2698	2829
3358	4433
2406	2476
285	4156
1467	5147
1553	2775
1444	2823
2625	3394
2137	3116
3044	4156
472	3988
2496	4760
2708	4329
1553	2852
2535	3342
284	4405
1546	1727
250	3788
879	1031
978	2438
1742	4558
1162	4353
3818	4193
1912	3046
129	3248
92	1444
2637	3114
903	1642
1623	1726
729	1983
8	333
2506	3573
3534	3852
2934	3847
2627	3580
2625	3959
3603	4912
192	2852
3566	4236
4086	4693
1318	4156
48	4019
690	2476
1671	4759
1549	1875
129	2877
2019	2299
2118	5028
580	4863
5040	5151
2774	4156
1727	4198
975	1726
440	3673
885	2000
1511	4156
3400	5035
1884	2504
2142	3300
1465	3163
1221	4653
1546	4968
2904	3739
709	3116
1560	3674
3463	4070
71	2698
3300	4940
1620	2374
2438	4326
3116	3920
1489	4916
1002	1849
3016	3852
246	1687
28	2370
1113	4815
238	925
897	3354
1480	3204
2811	3225
2726	3175
39	2605
2882	4569
2568	4220
123	2818
2291	4156
694	1119
1203	1438
925	1162
773	4576
170	1156
3289	3322
1104	2753
2617	4537
1797	2531
2882	3147
443	751
1549	2789
4196	4972
7	4073
168	1598
3568	4235
292	1270
3450	4487
2541	4004
2069	4409
1932	4246
25	1465
4326	4399
1017	3853
836	3653
1279	2118
1983	4405
973	1453
30	2807
2530	4783
2292	3402
2030	3851
1674	2605
353	2076
161	2575
4307	4967
1365	2077
2520	4531
4067	4601
1652	4478
1833	4755
4760	4872
1524	4863
4156	4960
1119	3930
1077	4478
4406	4970
581	1208
2535	3328
2584	3198
3478	4070
1505	2118
673	826
443	2243
2460	4308
1549	3784
4070	4268
1775	2199
3121	4863
913	1215
209	2378
1113	3648
1546	3786
4245	4763
1912	4323
1722	2812
3116	3663
1873	4380
3673	4169
4156	4295
4094	4273
3300	3853
2972	3209
1422	1727
3685	3780
1048	4493
2831	4027
1060	4468
71	2934
3262	3466
2362	3604
3774	4156
636	4156
3424	4610
4236	4905
3352	4596
3011	3961
2172	4789
3077	3381
3580	4393
1294	2299
1726	2277
43	4126
1044	3911
1077	2625
156	5138
907	3116
4783	4968
1109	4399
637	4923
6	1444
269	1521
2573	4278
3116	3845
2900	5004
2917	4156
2390	4861
1108	2438
2698	2733
4105	4296
1913	4189
362	2541
1119	5085
854	2118
114	4802
1444	2048
2438	3202
812	2735
2118	4850
1435	2476
4583	4949
970	1094
1774	2582
1481	4621
364	1488
660	1017
1408	3116
3116	3204
1726	2969
3589	4381
973	4588
1423	2142
1953	4156
1109	4972
783	2277
1727	4208
2196	4637
1119	4970
161	1202
1215	3961
1109	3202
1884	4861
1032	3542
1743	2118
728	5004
4156	4560
3451	4701
673	2967
328	2882
1243	1692
300	2775
3705	4295
2142	2569
3352	3404
1929	4929
3116	4594
892	3304
1093	2308
748	4156
694	1571
318	3394
2616	3264
3236	3840
2704	3840
2108	2904
4685	4819
1603	3121
1067	3561
7	4844
2118	5004
4267	4342
1946	4193
2438	4861
1215	1953
3696	4636
2798	4088
3646	3677
1094	1113
2330	4848
1042	4532
1873	4340
1215	4295
3808	4156
67	1791
1242	4156
652	911
1215	3344
3289	4940
4039	4417
1167	4531
2254	3201
2118	3620
1432	4502
227	3116
570	4156
1302	4033
3223	5038
2019	5020
580	2153
2684	4897
67	3226
1215	5058
3920	4077
728	3623
3705	4156
3493	3739
3175	4653
1411	4968
900	4156
1645	4372
3228	4094
580	5114
213	462
4073	5062
2438	2627
238	581
1727	2725
2130	3538
1034	4202
860	2218
153	2407
4156	4478
3548	4760
893	5004
462	3116
192	1666
751	1287
817	4105
38	4928
3973	4440
2306	3646
1104	2805
2605	3820
3566	5078
3988	4923
273	2661
2698	3249
2476	3017
3366	5107
110	5062
22	1951
730	1272
1444	3300
1680	2048
1461	4064
3354	3810
1444	1465
1722	3573
973	1094
759	4070
1487	3114
8	3116
1182	2241
1677	4526
250	4789
1078	4156
2605	2608
1467	1485
1912	4156
753	4391
1585	2118
578	2123
580	3279
269	2324
92	3192
3878	4502
1740	3528
1461	1487
2575	5004
1215	4933
2270	4273
1412	4780
844	1396
88	1067
2541	3470
2704	4208
866	4766
1677	2627
3264	3590
332	1365
1667	5152
1641	3409
161	2142
2966	4907
1254	3646
5078	5146
1109	2048
2615	3705
2770	3650
2934	4876
1248	2030
43	3116
4801	4949
2173	3201
2118	2739
4680	5062
3442	5072
2837	3589
2224	4368
3322	4940
921	5068
580	3114
539	3549
570	4070
1553	2048
1412	4193
1677	2798
299	4872
1525	3549
3105	3685
1585	3116
4156	4189
480	2172
1583	2704
1408	4393
2972	4582
2704	4457
1690	3318
921	1671
1036	4636
2438	2582
1009	4156
866	1641
580	2472
4929	5038
1549	4478
458	2901
1113	1227
1677	1906
573	4406
3336	3867
3116	4601
204	1667
1505	3941
1468	1599
1733	3116
4236	5073
1287	4872
1404	3685
2199	4517
704	4040
991	1999
340	1603
1215	3586
972	1215
480	4789
50	3208
2230	2777
899	4156
1109	1553
1214	2982
1521	2513
224	3116
836	4156
2531	4819
2108	4664
273	3977
4405	4646
1324	5043
643	2495
3739	4169
879	1128
2214	4993
86	258
2118	2181
4480	4972
3754	4905
751	3056
907	1030
1205	3919
123	1444
2934	3714
1036	3369
1444	4391
3677	4070
4053	4981
948	4126
885	2625
2852	3713
1537	5151
3988	4399
161	4863
2698	4815
4086	4578
411	1617
33	2561
1503	4540
1641	5109
973	2478
489	3258
2232	5130
2362	3307
4169	5062
3116	3228
539	1031
899	2733
110	4783
2406	3488
1549	1969
1113	2077
1673	2717
2939	4480
1982	3116
530	3116
1938	2909
154	664
1444	1510
2438	5069
2299	5159
1011	1987
1322	3810
2420	3515
1727	2065
2027	3067
1844	2661
4606	4674
2362	3863
71	4764
2775	3279
3827	4802
509	3739
3081	4929
663	1727
863	4206
1733	2199
2698	3902
925	1873
1505	4059
1128	3503
1254	1727
1677	3367
2735	4598
351	1742
1741	2763
963	4334
2901	3116
1537	2923
1422	1544
1270	5062
1272	2071
1078	4259
1038	2259
145	4105
154	1905
1758	2698
575	694
3228	4033
1537	3829
2188	4642
1208	4156
1461	4880
3201	4863
259	3357
575	3486
1556	3641
2616	2755
867	4480
1603	2142
3051	3116
757	3264
580	4760
1667	4580
2076	2287
1462	2476
3781	4729
443	4154
3580	4156
1553	1661
174	2448
4120	4813
3646	4027
1549	4642
2460	2621
1727	2160
3198	4406
3273	4156
2823	3116
2996	3116
2142	3228
3264	4876
146	4365
1408	3416
911	4876
580	3853
1404	1525
2575	2799
1465	2230
580	1642
246	2438
1648	4872
750	1741
2406	4764
284	3116
92	4038
2807	4869
1105	2583
402	4156
1752	4458
751	1215
973	3623
2438	4597
476	3116
1108	3538
2373	4398
2199	2723
975	3982
3074	3436
3116	3677
101	4789
67	3390
285	2707
2627	3754
3736	4518
1727	3493
292	2582
1100	1705
3385	3754
877	3225
4077	4351
8	4814
580	4859
476	4399
1834	3513
3453	4764
664	2684
3810	4594
2507	3653
652	4361
970	2615
58	4729
1524	3853
510	2118
975	2625
2240	3506
77	4814
2557	4814
4365	5085
3300	3538
387	4493
1119	4323
551	3623
1368	4907
66	4869
3626	4040
4653	5118
150	747
472	593
72	3646
52	651
4480	4873
3853	4493
1920	4508
113	3016
1598	4406
1390	2118
4308	4697
1272	2347
860	1364
1537	3528
67	293
256	4156
1269	3226
2504	3056
961	2404
33	2637
543	1167
2798	3228
1525	3416
192	5072
33	176
1537	3520
2118	3121
3590	4923
2801	3385
637	4045
3988	4156
1938	2625
1599	2118
168	4235
580	4156
1727	2106
655	5135
2704	3068
2541	2860
1215	3512
3344	3354
209	750
202	2406
1503	2438
904	4970
1505	2420
4594	5062
2912	4027
1692	3361
3825	4368
3674	4861
1844	4968
2211	3123
1252	2438
387	3289
3107	3644
2698	4659
3105	3435
1292	4475
238	4880
3054	3730
4156	4226
4105	4268
3264	4475
4156	4638
2243	4905
4391	4833
2323	3116
1333	3044
2516	4814
2569	4079
2770	3672
1215	1270
398	1178
1444	2575
2826	4156
92	509
1270	4151
1108	3127
2724	3116
2027	4711
972	2118
3880	4728
1671	4976
735	750
773	4369
2605	4668
1215	1248
1917	4156
1357	2118
1585	2347
873	4644
1344	3116
975	3685
952	4048
2199	4004
2436	4206
1912	4416
1075	1844
3116	3786
1875	2118
4033	4433
57	4156
2160	4070
4156	4462
1537	1638
1215	4554
1603	2118
4070	4188
2250	4156
1822	4376
1039	4059
292	2811
1920	3818
376	1893
615	2512
1774	2763
168	4406
649	1856
4236	5078
2142	4478
1435	1891
3650	4220
2299	3132
2071	4120
2323	4404
4059	4365
2963	4219
1939	2882
1338	2882
2241	4880
3574	3810
3863	4156
1726	4959
539	4728
580	3245
2912	3000
1348	2478
4120	4970
269	612
2568	4156
2362	2767
92	1113
757	1267
1320	2661
3713	5062
2713	4004
1521	3538
1619	3107
747	2438
3321	4033
3797	4872
893	3202
2818	5062
867	4094
1108	2048
1641	2182
1546	4030
694	4391
2118	4644
1136	4217
973	3561
476	1215
925	2541
2743	3116
2934	4334
2692	5078
3528	5083
292	1215
1671	4156
3202	4949
601	4114
748	3754
1428	4156
988	1745
632	3262
704	3116
1726	3124
1549	2625
1507	4814
1487	3754
1444	3175
387	3202
2270	4480
539	3060
3265	4156
1897	3588
4130	4388
2438	3650
1833	3696
1543	2770
3857	4156
2569	3604
2858	3905
1113	5069
1509	4554
1452	3116
72	3559
3201	4923
381	4824
903	3175
1294	2378
673	4978
1422	2534
952	3670
2417	3840
88	1215
1296	1637
25	4659
933	2347
2584	5040
970	2013
3987	4861
4156	5069
1505	1589
33	5078
694	1873
512	3011
1108	4940
77	2019
1352	4058
2805	4156
2909	4981
1847	1953
2547	3344
1805	3116
2476	3736
1197	1269
1248	3116
1075	2704
1946	1983
1983	2831
2347	4646
2013	4763
970	3847
7	2495
489	5047
168	1684
1666	4621
2605	4876
1543	3322
925	3116
7	372
510	3264
1444	3202
1930	4578
822	4105
1215	1390
3367	5044
673	2438
1338	2795
270	5035
576	1348
1412	3623
2495	3175
176	4070
1444	3279
904	2013
1465	2938
168	3568
573	1684
1308	1549
1642	3279
664	4813
1680	4274
942	2496
1614	5068
1105	4697
2755	4156
2299	3103
3739	4457
1039	1344
311	3211
673	3646
268	925
1670	2472
3131	3493
3289	3300
1422	4199
4193	4848
2378	4051
3258	3279
3116	3603
758	3075
2410	4642
2950	4156
168	3739
2344	4719
2627	3279
3047	4070
121	2697
1660	4156
4369	4576
1162	4406
2950	4792
1094	4876
637	3696
1875	3116
1560	4841
1444	2142
2206	4141
2438	4196
1444	4088
647	899
353	3116
2199	2904
235	2997
2812	4342
4362	5038
1844	3534
2589	2605
318	3547
2171	3603
1	2446
25	1609
748	918
2410	4897
1505	4544
174	4929
1338	2530
2153	3344
489	3493
925	2390
1531	3670
110	3367
4361	4929
2118	4342
855	3344
1202	2153
1408	4399
2534	2909
4674	5079
3245	4940
2837	5109
1039	2867
1617	4642
4088	4923
3573	4156
1322	1438
673	1549
4644	5085
340	3818
2615	4763
3121	4393
914	2495
3116	3380
3736	5069
111	4972
2704	4318
1549	2694
3044	3810
1371	4272
238	1741
1521	4488
129	4531
2306	2525
1571	4323
1538	3443
961	1462
1641	4656
2232	3404
952	4070
1895	3590
2605	5113
1424	4156
3003	5021
1884	2224
2698	4361
1113	2108
101	2617
295	2322
3474	4033
580	3404
1505	3416
4196	4393
426	4921
747	1215
1537	3352
4211	4329
3417	4988
593	855
325	2241
3810	4368
154	3685
110	3244
1873	2699
2205	3116
664	914
8	3538
4070	4723
4760	4859
1619	2919
942	3774
345	5021
694	3911
1505	2401
357	1947
246	5104
1270	1491
269	1032
2858	3236
1549	4077
4687	4929
292	431
1001	2241
3723	4841
995	4272
1590	3416
474	1547
273	4993
3534	3826
137	4500
714	1108
1893	4040
2142	3201
923	1215
2045	5020
973	3736
1742	2199
4815	4928
2398	4070
351	3366
1946	4156
680	3244
4292	4814
1270	4189
3116	3417
2938	3568
2969	4791
3381	3534
877	2615
2460	4417
1260	3116
350	673
3244	4405
4596	4872
2335	5072
4594	4598
4388	4897
327	3264
3905	5073
2617	4308
2863	3116
1549	2696
1710	1847
551	1156
1215	2460
747	2369
4560	5146
1422	3409
2637	4880
805	1344
3067	3300
2495	2496
2155	4156
192	353
151	4189
988	2963
474	2338
1465	4156
1198	4376
3202	4300
1491	4070
1460	5043
111	3264
1546	3952
1477	1770
2241	3114
1396	1408
1491	3686
2114	4457
3724	5114
4598	4972
1428	1726
2003	4815
2807	2844
1094	2404
3493	4070
1402	4841
2478	3646
110	4419
1227	4968
4156	4600
2704	4376
1509	3116
137	4929
177	2239
690	942
7	1509
812	1952
1105	1182
2460	4292
914	2515
580	3322
1680	2912
3935	4156
2726	2807
1015	2904
576	3646
207	3400
1224	4646
4274	4728
1012	2605
2698	2797
2199	3077
269	1265
269	2384
3696	4211
1692	4526
1270	2775
1243	4814
1412	3713
906	2175
476	4033
783	2007
110	145
2015	4156
580	4414
72	4127
1161	3559
1414	4475
890	4302
3820	3952
1034	2775
3081	4440
2047	4051
841	4763
1215	3207
1583	2698
1590	3685
2124	4719
2944	4070
1252	1334
3247	4073
2142	4972
7	2710
1742	3673
472	2270
1078	2735
1727	4402
3380	5047
2637	3147
1726	3953
1983	4040
2153	3863
2947	4376
1627	3673
1537	5136
2438	4036
1524	4399
372	4156
7	4311
2310	3663
2181	4694
1243	3116
247	3380
2459	4417
2199	2406
2797	4950
364	1150
578	1422
269	434
1422	5058
110	2324
1109	3121
1617	1983
921	2448
848	1260
4105	4985
2844	4126
1202	4863
867	1677
3245	5114
88	1671
3674	3722
1063	4764
963	3810
2517	3060
1348	3673
4760	5114
1432	3439
1109	2569
2362	4580
2812	4193
2802	2904
411	4646
2438	4544
1507	3208
4872	4916
2605	3829
75	3641
288	3217
4105	4479
4124	4584
269	581
3326	4664
1296	4105
1215	2015
789	4027
1727	1749
2867	4227
3713	4040
4156	5151
2118	3105
4188	4674
1270	2573
4245	4861
4156	5033
25	1079
3739	4232
1692	2818
452	4871
735	3202
3121	4033
3121	4923
699	1598
914	4636
812	4058
1733	3264
948	2844
1124	1585
3226	5107
1034	1215
2882	4108
92	4144
2605	3632
174	1162
885	4336
1407	2172
991	2691
2438	3121
939	4070
1122	4859
3116	4501
904	4861
292	1888
1929	2390
67	3555
129	1262
1553	4598
3105	3722
510	4156
3116	3279
2299	3107
1215	2939
2496	3416
867	4088
2043	4719
2182	4105
963	2799
4389	4916
2534	2625
1745	2605
1710	4245
1900	4440
1461	3114
1740	3116
1590	1993
4480	4760
1727	3223
111	3116
1110	4336
3617	3780
238	4441
452	4235
1453	4478
67	3961
387	1920
2882	3116
3930	4646
364	1959
1308	2118
4326	4376
2108	2417
2515	4929
581	1741
2104	2507
4051	4441
4156	4581
866	4209
3245	4859
1215	1549
509	2108
114	3981
3366	4554
2637	4369
219	4086
4105	4358
2837	3409
983	3116
246	4478
2798	4972
1215	3919
105	1774
2304	4802
923	2605
849	2438
1816	3116
2698	3362
1215	1414
71	2541
2531	2716
1078	5062
2420	2904
1267	3304
473	1608
3307	3568
2852	3416
4196	4480
704	3252
2124	2934
3450	3542
3103	3129
919	4270
1873	3646
4156	4625
680	3116
3989	4145
543	1521
2299	4993
3572	4831
704	1252
1034	4783
1324	2608
25	1488
2755	3590
3007	4036
2181	3107
3381	4640
632	4198
4001	5114
101	2507
1428	1444
1537	4870
452	3568
867	3121
1204	2478
1269	2124
1581	1897
841	2615
4156	4810
694	753
1948	3116
1044	1272
4540	4949
289	3528
626	1727
2254	4019
2909	4972
1167	1981
469	1215
573	3198
270	4453
1585	3198
1603	2627
980	4905
2339	4055
3853	4393
1627	4764
3722	3810
3589	4500
2637	3905
365	3116
3116	5022
310	3810
177	4594
1560	1840
3513	5122
2593	5028
1864	3380
1422	5022
260	4220
509	2837
92	1422
1113	3739
611	1444
2108	5040
1722	2142
293	844
890	3116
821	3380
1322	4381
291	2625
3116	3307
2733	3069
1983	3131
688	3116
3623	4729
472	4156
2448	2704
1560	4206
3116	4912
150	2241
1537	4711
1455	4889
1673	4069
129	5041
2031	2615
1460	4646
1338	3121
4053	4923
867	2118
601	3094
1704	3198
978	3103
2434	3739
1311	2605
3868	4156
1953	5043
8	1108
1093	4880
1461	2241
885	5091
570	4819
3016	5069
2525	3961
1598	4819
2234	2306
717	3764
1318	3745
1270	3201
3254	3542
296	3116
1549	1673
1617	2118
2898	5069
8	890
2114	3101
816	4615
1225	3380
1240	4105
2703	2802
2181	3589
1671	4819
2569	4040
694	1585
1546	4156
3590	3988
367	4558
3264	4923
3847	4819
151	387
751	4653
3493	3537
1551	5004
4764	5139
1113	1303
1215	3555
27	559
246	5092
88	1607
1108	3017
3017	3488
867	4393
1461	2234
2108	5042
3300	3724
656	5068
1202	3512
2203	3677
1202	2030
1487	3149
3056	4508
67	2031
812	2360
1243	1320
1279	1873
99	3694
1667	3258
1469	2915
476	3279
1727	3047
4156	4414
893	4273
877	1727
859	3548
2118	4124
1467	2406
1546	2852
66	4211
1920	4859
360	2459
7	2534
870	4554
1105	1461
4067	5151
1905	4493
4169	4189
963	1462
970	4821
1833	2224
1453	3944
432	3107
783	2704
1987	4929
1585	4729
643	2852
2944	4328
1202	5113
1012	3116
773	2026
1560	3435
176	4880
3018	4156
2438	4336
2389	3580
3774	3989
885	917
1537	4582
991	3027
269	2019
1494	4105
2927	4156
573	3568
2118	2476
2190	3603
3248	3488
1251	2724
299	1603
2275	2541
656	2755
743	978
4728	4859
351	2027
1189	3116
2664	4275
2798	4480
2476	2964
2615	3961
759	4872
2452	2621
1774	3010
2882	4057
4193	4923
1283	2593
3439	4502
3356	4719
1044	1897
637	1109
1128	4096
1546	1775
1215	1453
2627	3300
30	1444
49	4216
2733	3116
601	3754
4129	4534
1905	1966
1161	1752
3279	3926
92	2588
2492	4902
476	2755
3481	5109
2214	4950
2567	4876
961	4664
1537	2934
1677	4202
1215	1692
1175	3685
2197	2698
92	4019
1324	1617
472	4088
4156	4500
4940	5114
637	859
863	1205
1652	4036
4156	4399
1036	3754
123	1553
4404	4441
2118	4873
690	855
3116	3152
877	1879
2605	5021
1344	1774
4871	5085
2015	2118
1094	1202
988	4417
1581	4105
2944	4156
1537	3116
703	3439
1884	5151
559	1512
2661	3884
2329	4841
1243	4640
2338	3081
270	3453
2627	3829
3956	4506
1692	2861
3367	4560
1444	1642
2211	3911
970	1156
1553	3121
2241	5146
1727	2010
146	1332
1537	4544
1481	2108
1032	3538
432	4480
1272	1726
735	3538
2182	2966
1204	1699
4480	4600
1726	4361
859	2118
340	4045
1414	3555
3116	4801
2807	4105
2317	4193
101	866
551	1929
332	3678
2299	4156
1215	2189
1094	3898
3116	4231
4033	4326
2605	3808
1405	3404
1444	1816
593	867
881	1673
2460	4398
92	5126
816	4067
612	750
1444	3590
1405	4929
179	4156
3341	4023
217	3498
943	2287
2594	4059
1677	3067
3043	3116
4388	4825
2362	2725
1727	3139
1404	1571
750	1032
1461	1677
345	1766
3623	3643
911	1491
581	2661
1549	4506
2438	4678
2118	2506
655	3143
3408	4972
2214	4441
2242	4086
1075	3116
838	2605
4005	4156
907	3081
4156	4480
3198	4783
3202	3580
854	3204
3068	5061
1122	2472
1428	1537
686	1113
1598	3400
98	2482
129	4929
2575	4540
309	4601
1492	3323
4156	4470
1682	4105
2725	3673
2308	3663
4393	4480
2045	4292
1205	2240
711	4086
3780	4070
1826	2605
2922	3603
573	4235
2019	3030
411	2347
1432	3354
1537	2124
1269	3366
2156	2904
1366	2438
885	2424
2199	4017
1105	1722
1460	3390
757	2362
1270	4646
1077	4845
2698	3139
748	3566
4558	4646
409	1002
111	1603
1215	4120
2996	4156
1444	3273
1840	3435
1873	3944
2438	4324
1543	1546
3774	4640
3016	3307
1677	4863
939	3400
2398	2698
22	3805
1661	3853
1422	4073
92	3264
4323	4646
637	3818
2506	4156
4246	4389
4508	4940
4156	4424
921	4970
1492	4057
1717	3116
2406	3519
3116	5004
4890	5159
3515	4105
1524	4600
2696	3380
67	3366
773	4743
2181	2704
2627	2653
4070	4097
1496	2912
816	2917
1148	2476
4105	5109
92	293
1197	1742
1936	3812
4156	4508
740	1108
2118	4583
4231	4879
1673	3624
1227	4097
195	3941
2362	3808
1727	4066
1966	4342
2118	4719
3451	4640
405	3202
283	4929
123	2737
2698	4268
1289	2362
1077	4156
2472	3300
1371	4073
2144	2724
988	2238
1581	3588
4417	4928
2605	3478
1938	4872
67	4861
4105	4872
1030	3747
1722	2775
4591	5068
2476	2713
3116	3810
208	2698
1109	4324
1661	3116
1741	2207
3060	4156
789	1672
1162	2013
4156	5078
2653	3722
890	2118
1281	1390
652	925
1000	2605
1252	3357
25	1407
575	4646
431	2207
2964	3853
1302	5113
686	2475
1705	4328
1816	2013
860	3116
33	1461
3114	5062
510	893
3747	4576
822	1742
879	2517
2512	3488
1494	4915
72	3351
4393	4972
1113	4542
2400	3264
2625	4478
1462	1548
158	2811
153	4232
751	4442
2027	3366
1463	2277
2807	3369
4096	4156
1710	3559
2694	4475
309	5151
2698	3352
255	1496
903	962
1525	3685
1764	4156
961	3493
3653	4968
660	1371
1310	2496
4105	4978
1422	3840
2214	3839
3840	3959
1834	3116
67	1560
33	1093
1726	2897
601	935
151	4636
3930	5085
4156	4258
8	1993
652	1549
3056	3853
3591	4711
1722	3114
2289	4105
293	652
1546	2500
867	2567
3952	4070
861	2966
580	2627
3891	4496
1031	3060
4235	4406
1873	3863
2939	4588
3566	4560
3559	4388
1371	903
2900	580
3380	2648
4033	3202
2912	1722
4890	4848
2797	1243
4380	2478
4273	2241
4508	4196
3694	458
4933	2898
4156	2844
1905	1402
2708	1692
4493	3300
4273	2173
4151	722
4372	1548
4202	618
1710	904
4268	2901
3941	207
2438	1110
4723	1491
3576	364
4302	2506
1553	340
4405	2118
2862	2605
2438	340
2589	1537
2797	2460
4929	2530
2698	1000
3366	1667
3245	476
2259	1710
1215	389
3202	2946
2242	877
3943	1189
5020	3103
4642	1162
1705	1145
730	673
4508	3548
4391	2347
3107	224
4033	299
5022	1465
2438	1060
5113	580
4646	4151
2617	866
4478	4472
2946	1338
3935	2573
3688	3670
2426	1537
4674	3056
4246	3300
1287	1058
1182	110
4880	2877
1136	564
914	643
1727	1428
4094	2605
4070	2862
1864	1215
5004	4036
1774	1423
2518	2438
4145	3380
4156	3944
3617	664
2374	1444
1366	1108
4861	2224
2667	2262
3116	1741
4236	3650
1525	154
4863	4326
3810	2118
877	664
2142	580
507	269
3121	593
2882	1579
1687	580
842	284
4058	1936
3114	1093
973	970
2517	2496
5062	1465
329	181
2698	994
4156	1476
3121	443
3494	362
4928	3714
2589	2120
4295	3857
2594	329
3044	1281
5082	3488
4598	3549
4440	3116
1348	1215
2472	1094
4598	2616
3417	2055
4045	3580
2648	2605
4809	2211
3853	903
3494	2438
3116	970
4929	1538
4156	1128
5083	3000
5105	1215
3724	3245
3754	3494
2541	1510
4202	3300
4711	3853
2637	1261
4404	333
2616	1270
4396	4267
4361	1444
4423	3643
4478	814
4554	3068
2582	123
4303	4156
4105	1950
5038	887
3352	594
3352	2714
3561	1215
359	67
3504	1204
3851	904
2675	310
3626	970
5082	943
4598	1338
4457	2966
4872	3959
4611	1465
1692	739
2938	2605
3987	3450
3941	1270
2693	1422
4405	355
3067	2698
3920	1667
4231	2882
3324	680
5159	238
3580	3116
2358	1727
1699	1660
2716	2625
2755	1444
4027	4001
4105	1749
5062	1252
1742	476
3920	1726
2798	867
751	747
3116	1893
3116	3009
4156	3346
3116	1249
4156	3498
2670	1727
4045	3590
3304	114
4697	2569
3780	2515
1598	848
3069	2605
3988	710
1637	1463
2625	1826
2390	970
4466	3884
4560	4017
4053	2775
3248	2625
1655	893
3512	2270
3131	2506
3056	472
2438	67
4685	1402
4399	2142
5136	4537
4635	576
3380	1251
3568	1856
1433	309
4569	3950
1444	542
4863	3264
4048	3175
3116	2974
1444	176
4841	7
4193	1042
3116	208
3961	1687
5040	3961
4156	2449
2667	750
4923	4393
4358	1727
2181	758
4760	2472
4872	2055
4433	1700
3839	2797
3065	1726
4814	1032
1629	1227
3328	1412
2974	1108
4393	2504
3713	1854
3586	1197
2725	2413
4326	4132
1056	539
5028	1338
4088	1553
4236	1461
3254	1666
4929	367
1553	510
3488	2414
3092	214
5159	209
2287	247
2584	1215
4759	1215
4480	3056
4819	3705
3807	2239
4508	3264
3408	1423
1444	839
2358	7
3312	1585
4506	4040
4329	2902
4376	2369
3116	1108
2807	948
2013	800
2946	855
1920	476
1677	925
4369	686
4598	919
4809	2923
3825	1460
3829	1113
4389	3300
4070	643
3157	2513
2900	904
3952	2239
3267	3116
1444	38
4711	4615
3016	942
3961	911
3573	1999
1507	333
4809	2307
1798	1063
4872	3351
3673	2534
2362	1145
1272	1119
4873	510
5138	1270
1999	7
4872	2142
1987	1710
4765	2698
3116	1505
5085	4841
4070	3902
3225	1537
3380	1897
273	269
3245	2653
3245	387
4329	1948
1163	651
353	92
4239	4105
3344	345
2541	330
2214	2089
4929	4362
5091	3574
1983	1260
1884	168
4059	2377
4728	1444
1332	88
4646	3116
3589	3481
2708	1390
3116	1722
1227	1093
3116	1583
3367	649
4386	3105
2013	282
4070	874
4548	4105
4725	3488
4580	2818
4993	563
3116	861
991	142
1628	791
3116	1704
4365	3116
4920	2402
4783	1248
4950	333
4381	224
4765	3116
5146	748
4302	3344
2153	593
5022	92
4730	983
3116	538
2964	2389
489	7
4685	67
1642	476
4156	2802
4156	2731
2974	27
4193	1680
4861	4615
110	66
3840	443
5043	158
3722	1037
1549	72
3722	315
4070	3409
3321	3107
1444	345
4928	4716
4053	3300
1692	123
2406	2000
920	110
2153	1423
4780	2904
3016	2338
4600	1444
4526	961
3555	2438
632	289
4165	3588
3116	575
3463	3
3959	2310
4405	2322
4554	3686
2653	2472
3450	3389
4872	1481
4272	325
5004	293
4070	4066
3561	2531
2476	315
3649	3380
4059	3444
458	72
1422	503
1583	1167
3493	2703
5138	4821
4441	1578
3211	67
1873	1035
4502	1537
789	255
3124	2118
3590	1553
3623	176
3538	1692
4274	476
3538	1844
2912	1812
4783	3820
991	551
3696	3573
3646	822
4156	1602
2774	751
3366	288
4386	3361
2347	1119
2259	652
5038	2862
4302	892
2909	2065
2207	269
3714	2698
2637	2199
4376	3682
2118	1272
1929	285
893	637
4245	2071
3435	2390
3043	181
1332	970
1505	570
4652	4105
1599	33
4442	110
4070	1002
4326	3121
3788	1407
4480	299
1215	1108
2951	2353
2615	93
4027	2657
4273	2637
3807	2966
4124	1215
4981	4584
2625	2322
4369	4129
3589	3116
4419	4040
4336	2871
1603	1444
4735	1477
3944	7
3820	2277
3626	923
3116	2281
2844	1930
4095	2966
893	38
4086	2438
4105	1684
4928	4636
4708	4145
3014	2704
1423	855
4831	3116
1905	580
4841	4248
4802	1822
2108	2003
647	217
1283	285
2308	431
4642	4156
2374	1583
4600	1108
5147	2974
1128	1056
3198	1684
340	111
4068	92
4539	2605
3590	123
4105	597
3201	2567
3885	3694
3853	3157
3853	489
2584	1422
4478	2438
4126	2726
3653	101
4001	387
3116	2951
4070	770
2625	1666
4824	595
3442	680
2615	10
2172	1122
4156	1200
4480	4326
4386	7
2362	1875
1704	1324
5083	4815
2594	1692
3646	1549
2390	217
4871	611
4393	4274
4756	1833
3444	2118
4070	1939
2967	2724
1579	877
489	260
2427	269
4399	2939
4558	1227
3807	2704
2541	1951
2871	961
509	50
4668	4105
2616	1680
4361	1044
4328	1507
4156	2947
3987	2438
991	907
1690	1538
3245	1920
4036	2270
4156	1202
4419	4045
4640	854
1905	1287
5004	903
3673	2420
461	269
4600	4399
3080	269
1677	1661
5135	49
4094	4033
1537	1425
3488	1727
4478	735
4639	1444
3519	1334
5062	1491
2882	291
2653	1034
2114	904
3827	2171
3590	2627
4259	812
3352	2476
2287	1710
3538	2374
3542	1641
4897	2515
4414	3685
3747	1334
1422	1294
4376	2708
4105	3107
1469	114
4156	1680
3116	1404
4531	3303
4897	1108
4040	544
2460	2181
3014	2478
4480	855
4728	3989
3116	288
4380	2541
3493	735
3116	920
2438	1567
3912	3116
4105	3074
4219	988
2476	961
3920	1238
4441	1844
3290	33
3731	2438
4268	509
4070	3559
1983	1205
1726	1543
4480	1215
4105	3236
5113	4156
4914	4105
4540	1444
4517	92
3548	3279
5151	551
2753	1590
4302	2530
1692	866
2453	1585
4156	2584
4719	1607
4728	1131
3185	921
3948	3116
4053	1444
580	443
4859	3797
5040	970
4000	3116
709	156
3481	2837
2605	961
3248	2230
5068	636
3694	1344
3943	174
2812	1422
4156	3604
735	637
4105	1322
5151	2584
4215	27
2525	1277
5020	3528
3046	1585
3231	292
5138	2987
3573	2550
1873	1549
2476	1674
4391	1119
4189	1477
1424	1113
3139	2605
4889	1444
3566	1487
3542	1113
4110	93
3845	2047
4950	1741
2339	970
4508	3580
1136	737
4105	2074
1742	1248
2347	575
4070	675
4145	1912
4156	1578
3573	1444
4329	329
4053	3202
4582	4329
2400	1970
3538	2460
2438	1970
4017	2731
3745	2882
921	904
1113	129
1722	1444
4978	4789
4405	1480
4162	2438
3143	1024
2798	855
4202	3853
618	387
1505	832
2699	904
3615	3116
4302	350
5085	2118
3847	904
4728	246
4874	4729
4970	195
3107	2182
4480	3202
4760	3853
2627	2048
4376	2277
4336	71
943	866
4970	3851
1444	1202
1396	1348
4871	4156
2698	1695
1873	570
1990	92
3121	859
4640	3107
1546	1136
3009	2541
3930	2055
4475	4105
3211	3151
4929	4105
1750	1740
3920	837
2901	1198
405	284
1465	1412
1505	1251
1929	1281
3476	1246
892	67
3611	3116
4861	1215
1215	38
4405	3116
1687	1677
4097	1524
2798	192
580	472
2829	773
4646	4602
1208	7
4562	3116
4416	2476
2199	1334
4323	2118
3730	2118
2704	174
1828	882
3818	893
4302	2582
580	192
1525	1108
4863	1423
2390	1037
551	351
4825	4023
4841	616
2774	2438
3810	1215
4233	3694
4734	1444
5146	3754
3559	1873
4004	3685
5085	4323
4156	1812
4156	1733
4728	3774
4094	593
4929	3649
3264	1677
3881	3116
3956	1674
3116	2074
2615	1514
1546	866
4389	1455
4442	1215
1108	618
4059	892
2627	618
1966	309
387	192
3067	552
826	350
4598	704
3301	326
3572	1844
2362	1108
4940	3988
2492	1770
4323	2818
1360	730
2048	340
4141	1009
3988	1215
4694	1251
4430	2934
3380	2662
4876	3279
4591	4156
2947	2698
4923	4045
3944	1491
3116	1695
2438	1895
3538	1617
4929	2547
4189	1726
1405	1156
4600	751
4978	4000
3810	2714
3310	7
2304	1822
2048	510
3987	2531
1492	1255
2939	1423
5151	5004
2417	1113
2616	2048
5004	925
4739	2118
4057	1255
4232	4156
3385	1487
3853	2472
3116	1890
2627	2142
3344	3175
3451	269
1912	1726
4644	694
2704	1494
4051	1741
1078	812
3812	1078
5010	2871
4580	3739
4615	2438
4832	866
3604	195
2755	1215
3326	626
830	551
1856	1182
4211	319
4789	1031
4105	3803
3116	2324
722	12
4156	309
2232	636
3672	1408
4059	3124
5083	4708
4723	3568
3752	1108
2958	1350
4929	3840
5071	4070
4772	4145
3060	1056
2043	703
3264	859
903	7
2755	161
3961	88
2019	1032
3258	1113
3323	309
3116	458
2699	2051
2449	2224
4097	2541
4191	2754
3269	2724
3573	3400
3116	811
4526	4478
2504	1371
3988	751
4043	2846
4728	4393
2605	1422
4196	4156
3580	3264
4482	114
3739	2108
5068	4970
4814	3977
3007	1215
2860	1873
4493	659
5114	2775
2118	892
2812	1727
4284	651
4156	1906
5085	3574
5040	1637
4739	1215
4635	881
1553	403
3646	3520
5136	28
4907	4674
4897	664
1619	1294
4493	2653
2711	769
3724	3322
1667	246
5146	3905
4368	863
4156	151
4033	161
4863	1444
3344	2118
1645	123
2846	1086
4719	542
4968	4580
4156	1113
4033	2573
4729	728
4876	49
1426	800
4598	1444
3081	3016
3988	2939
4711	2702
4583	2711
4923	2616
2323	2019
489	271
4554	3209
5147	4308
2525	1548
2974	1270
2449	1103
4053	4033
2051	246
5122	2417
3116	3047
1583	1444
4292	1243
2797	1844
4756	1548
2985	25
4328	1007
3223	1316
3739	3623
5062	2798
4496	3344
4598	4156
4105	3550
3116	402
4004	33
4615	663
4405	1270
3818	111
4583	192
2476	2404
4502	4487
4871	1113
4295	88
2118	38
3674	1036
4972	735
4685	570
1162	921
4382	1546
4202	747
5062	3116
4308	348
3528	2934
2364	268
5136	2199
3953	1030
4156	2666
5129	4156
4760	2852
3825	2254
4070	3448
800	284
4073	3810
1108	948
3116	1590
2181	1477
4949	2550
3911	3123
2497	1215
1422	452
1422	652
4951	4615
2818	2347
1891	129
3448	1727
4583	7
3604	680
4097	3810
4399	3512
4471	4105
3818	2616
2807	43
1521	537
4841	4120
2966	489
4220	3226
4763	426
1122	1108
3572	3116
4508	2438
3898	3116
4311	3007
4156	4069
2460	381
4923	2946
2476	1959
4156	3527
4105	3481
3228	2173
4540	1408
1920	1424
3747	195
4480	580
2118	123
2478	1548
3116	1745
4848	3307
2310	991
970	739
1929	22
4548	2569
1412	1002
1492	1248
5146	980
2495	55
965	652
3646	1156
1215	973
2362	271
3853	855
4045	3279
3279	1722
4030	2582
4070	491
1789	1444
3959	3851
3353	3116
3670	2532
1408	30
3105	2977
2775	246
811	224
4064	1722
4368	1030
2259	2106
4929	2743
4206	67
2582	2230
3381	50
4894	7
5126	1564
4095	2534
2003	509
1726	663
4058	2360
4527	2594
4621	3981
3919	3328
2027	1037
4739	192
1334	1215
5114	3548
3839	269
2605	288
4336	2744
4156	2013
2241	1422
4058	3812
3381	2971
1015	917
942	22
4831	2621
2723	1015
4156	3185
2232	1256
4033	1505
5129	2438
3988	855
4144	2966
4972	4863
4376	3351
3107	1265
4970	2018
3116	412
3116	1692
3116	2543
4817	4045
4496	1011
4308	1477
5126	3739
2820	1281
4879	942
4156	1556
5139	2575
4644	4642
2837	2370
4601	1453
4659	4070
649	110
4311	660
3116	219
5062	1444
4144	2704
4848	2027
4876	2504
3624	866
4580	3673
4336	88
3175	2438
1614	1036
3236	2394
4156	3520
4001	2653
1202	88
4755	4518
4506	2843
4399	3056
2708	1122
5072	3493
2770	93
2698	2374
4600	593
2442	320
2704	2277
5043	5040
2934	1692
1671	904
4235	904
4978	885
4393	2775
4480	2755
4554	3107
3774	859
3451	2704
3366	1197
1603	637
4358	2901
4412	2156
3528	632
3920	3840
5091	991
4929	1670
4580	925
1692	114
4480	1524
1438	50
2353	260
2370	758
942	7
4156	1338
3943	3736
2270	1423
4217	3116
2858	1607
3152	1422
4156	2617
4591	2843
2802	2335
1727	1156
4863	2173
3380	2814
4533	1684
3649	3515
4040	2449
4711	1727
3646	2347
2496	643
4880	3754
4005	3231
2946	1553
1093	748
3944	3603
2404	1674
3852	2740
4929	1720
4537	2492
4546	1215
4088	3646
4156	1122
4920	1462
3493	3304
2270	593
973	757
4196	637
3686	2912
4644	575
2684	1404
1186	320
2939	2142
3380	3147
3867	738
4399	1108
4129	903
3116	99
2661	1544
1422	1075
5114	1920
3853	1444
4929	1252
4714	1215
3568	195
4929	4801
3300	2755
3040	1695
2912	88
963	890
2362	618
2833	1270
1488	1150
2646	209
1947	270
4202	580
4674	2203
1426	1113
3840	3797
4126	1036
4844	1501
2829	1537
4120	3650
4819	4588
3589	3107
4940	4053
3116	1322
5068	3247
1549	676
4929	2259
2939	747
4598	2118
3358	1727
5113	1670
4763	3236
2241	110
4143	1543
2108	263
3380	2763
4929	2525
4978	4848
1453	921
1884	1704
3915	2797
4019	2867
1108	168
1215	609
1108	914
3807	3116
3736	2254
2329	7
4211	2404
2525	935
5072	2763
3769	1727
1936	1078
5062	154
4156	2175
4110	255
3959	2938
2946	2755
3344	1338
4105	2331
3953	1537
4630	2051
4349	3264
4202	3116
1912	326
4763	1710
4478	3591
2725	1726
4863	4273
3818	3202
4601	921
2142	299
1641	1322
4789	1215
2347	1549
4993	2378
1993	106
2797	2605
5004	268
4220	911
3114	1182
1243	1014
4972	3121
4144	2335
2232	7
4879	3264
2362	509
4045	3818
1546	92
2288	877
4105	166
4308	2076
1444	246
1619	269
3095	1595
1162	33
2535	2341
1844	581
4880	4236
1537	923
3331	1591
1549	925
2190	1710
4414	3300
1225	773
4326	618
3686	855
4850	2267
2410	1215
3336	273
2755	340
2837	1641
3943	2438
3056	855
3797	2625
4861	1953
2547	1108
4175	22
1556	1537
4928	309
3941	7
2653	1680
4502	4156
2934	2310
3943	1368
3988	1524
3944	452
4569	4156
4470	632
4480	3157
1891	1732
2735	2051
576	158
4070	2344
4308	2996
3779	2593
2118	1372
5035	357
1003	452
4600	3512
2946	340
4274	4053
2065	1501
3450	3116
3202	3121
3586	3478
2589	1726
1780	1215
5151	1324
3658	3534
4238	269
4389	3573
3012	92
4114	2858
3694	1929
1727	193
4162	477
4004	1412
4783	573
4879	757
4275	269
4711	2224
637	111
1847	376
4876	4475
3586	2027
3281	1465
3116	2534
2406	1655
3043	1692
4132	1524
1408	963
3201	867
2882	917
3512	1444
4336	1947
5062	923
4508	4045
2915	1215
4480	2946
3839	3103
2946	1661
4380	2938
2018	1460
3961	3586
4156	1150
3989	893
4809	3380
3292	7
1912	1585
4132	2142
1704	573
3044	551
4863	4760
3328	1512
4238	2698
3267	2118
2763	1503
1667	1477
3044	1937
4598	893
3352	2807
4326	3201
3589	1455
4940	387
2798	859
2438	270
3116	2826
1203	50
4759	1162
5014	2906
4002	174
2637	649
4156	1936
1338	246
5146	4880
2306	1108
3380	1505
3488	174
4905	1108
3116	180
4008	1670
2934	2666
4923	4760
4336	3400
3930	2347
3185	1710
1987	1873
5114	2653
3086	2181
743	192
2417	1726
3369	948
3245	1905
4478	551
2118	763
3851	1671
3231	1444
4809	4789
2605	2160
3724	476
1272	849
4274	618
4156	4001
3175	2230
4053	580
3623	917
4540	38
4156	4110
4156	1952
3736	1283
2917	1422
2547	1873
1905	1108
2963	1726
1637	917
2735	808
4273	3056
3941	1583
2716	202
4273	1461
4151	1030
3493	28
4955	1752
5072	2584
3803	1674
4907	3943
4471	246
2882	2005
2232	593
2698	1745
1537	329
4508	2627
4156	2633
4978	1267
3724	387
3116	1983
3853	284
3116	2969
4600	580
4302	3267
1546	176
1549	784
129	114
3116	1107
1710	64
3499	2575
5109	2182
2739	2230
2593	1251
3032	2420
575	411
4073	1591
1695	1617
2197	1537
1652	1113
2818	2118
4156	134
5062	770
4019	489
4923	3512
5040	3586
4441	3839
3116	2752
3731	585
4199	3116
4070	2299
1677	855
2118	1428
3739	3673
4734	2230
2013	921
3513	2214
4441	333
3188	3116
970	618
2525	1708
4236	2692
4916	1001
4156	1816
4902	158
4719	2929
5114	3289
2492	1897
4376	489
5146	2801
4960	300
4023	2605
2775	2755
57	56
2142	1202
4940	2775
4646	1912
2072	1710
3538	381
2130	1108
3198	1598
3847	88
4928	2299
4156	6
4388	4097
3576	1543
4193	3623
3589	2438
4746	2605
5113	3121
4815	4095
4949	1444
3307	92
3116	1365
3116	784
3392	3244
4365	2857
2495	1525
1260	192
3589	1623
1884	151
3493	2901
1740	1333
1113	170
2852	2374
4972	4273
3963	2074
4580	509
4156	3851
5062	2972
4053	1058
4480	510
4981	4202
3724	1720
863	255
4145	911
4393	1553
4580	975
4156	55
1742	1546
4578	4156
2051	1352
1745	1537
1856	110
2677	285
5126	2956
2541	2018
4045	1583
3116	1354
4635	2811
961	174
2339	110
4879	4729
3644	750
4433	1670
893	161
1136	124
3961	2851
4019	1727
2242	158
3107	1032
2541	1396
5010	2478
2755	111
4588	110
1571	292
2447	1167
4045	510
2010	991
4739	3705
3840	2358
4598	3548
1109	92
4156	474
3436	656
4480	3458
4841	3713
4191	991
3258	1334
3580	2946
4723	578
3747	3566
3754	3114
4441	1294
5021	2534
4728	2755
3369	1614
3264	618
3151	3114
3905	3367
3506	88
5010	4764
2270	1202
4267	4105
4038	2390
2862	576
3646	1617
2573	917
4130	2934
3713	3116
3754	3566
3014	1225
2621	2127
4328	1858
1710	1492
4040	110
1115	7
4508	510
2882	310
2118	961
3807	919
2755	2530
4405	1063
3488	2370
2492	1283
4646	1119
4870	2353
3264	2775
3589	50
2882	1666
2135	1710
3736	1840
2310	1677
839	137
2666	1444
3829	1726
1936	1352
3116	2181
4783	1884
3705	2985
2985	570
462	25
4045	2795
2310	25
4940	4760
4033	2616
4929	2737
1847	93
4156	1423
3454	2
4923	1553
2048	111
2242	1947
4940	1973
1828	434
2051	1936
4728	3357
1058	751
2852	2495
1917	1162
3513	673
652	485
3188	2573
2241	1465
4929	2938
3424	3116
3891	269
2369	1031
4929	1464
2985	92
2755	25
1549	1465
2770	2030
4876	1677
1108	489
4964	1873
4162	2436
5005	1243
3961	1444
4764	1947
3713	2569
4156	3242
4544	570
4760	4202
462	284
1465	1422
3736	3546
4861	4759
4735	3568
4144	2434
4097	2675
4156	1560
1667	1113
1732	291
3116	27
3829	2435
3589	3548
1677	1671
4004	1966
4231	1873
1243	8
4369	1727
1438	758
2826	673
4664	2482
4033	3201
1833	43
1670	299
4053	1905
2048	637
4808	4105
4259	2051
4640	3116
2726	1036
4711	3512
1619	77
2181	866
1677	476
3930	575
5068	4156
4674	1602
345	28
4045	3416
3132	269
3116	262
1215	1162
2625	663
2704	2180
3493	1113
4105	2710
4876	4033
4659	4156
2535	1770
4441	2667
5069	4533
5146	1182
1272	575
4789	2547
3863	2369
1007	988
5004	2909
4388	1690
4960	246
4372	2438
4580	1913
1532	1460
2726	1930
3566	2241
3884	2308
4129	1426
4156	2287
4659	2605
5105	4156
4220	1465
3488	1897
4033	2798
2698	1211
2477	300
4600	2438
4660	4349
3116	1453
3067	1108
1710	921
4783	22
2818	1168
4070	440
3880	1505
1912	1537
4480	111
4214	4105
2370	1641
3646	2811
3178	3116
4272	4110
2967	325
3943	2547
2938	2374
3300	2027
4399	2048
3617	2515
5129	5114
564	92
4923	4326
4001	3724
1324	309
4905	1462
3279	2438
4872	855
2569	1105
3786	2199
4198	1740
1603	510
2030	1171
4580	1075
4105	2233
4368	67
1509	673
4458	247
4685	2985
5010	3961
1952	1165
3159	821
2887	2867
3430	680
4923	3279
2661	238
3131	2254
1741	269
1692	704
4070	3769
2504	299
4235	1598
4602	2698
2212	1422
5062	2172
2625	142
4442	1666
3920	2713
4714	2723
1243	273
4033	1670
4477	1672
1677	33
2799	1503
4929	3820
387	137
1674	1579
3950	247
4308	1657
1549	1269
4202	476
4499	3451
2653	387
3116	56
4318	2966
3154	414
4644	3930
4307	2520
4336	3586
4156	2026
3586	1742
3201	2774
3116	2777
3270	2339
4929	2134
3116	1709
443	195
2201	1537
3124	1539
3670	2048
4129	2410
1215	570
3673	2072
3818	2627
4156	246
3808	2938
3586	1893
3289	580
4760	92
3759	3116
2939	1524
2434	2239
1549	414
4156	1606
4441	1032
4629	3013
4088	3121
4129	1549
4928	4521
3646	975
4928	3072
4809	247
1617	1272
4088	4033
3941	2755
2770	7
4235	1884
3245	1058
4033	1603
3105	3101
3198	309
4308	2826
3012	2199
3580	387
1914	758
2904	1348
652	72
4393	4273
5068	4728
4508	4053
2901	250
581	209
2882	2713
4891	3116
2775	751
3159	585
3488	914
3132	273
2434	1455
5068	1777
4819	1037
2728	2031
3408	2153
1764	1113
2460	1826
4110	973
4929	1708
2667	269
5079	2909
4156	1164
4978	1888
2807	1036
3289	476
3885	3589
4002	2966
2967	2530
5085	2347
5062	709
3075	2605
2937	2051
4156	4129
879	539
2946	510
1710	1684
4002	2547
3450	673
4189	3328
4129	773
3047	2625
3131	151
4850	151
1677	751
4097	1727
1905	1875
3120	2698
2027	1677
855	688
2203	1108
2592	33
2155	2118
3839	2966
4389	1108
3116	3095
1352	1201
1510	1215
3007	2917
3847	1671
1598	921
4208	3380
2214	1507
1583	8
4588	1549
4502	284
4236	2637
1150	925
4388	1966
1906	748
4760	3580
5041	4267
4637	1215
1267	67
4653	2863
4508	637
3361	3116
2557	1741
1461	150
4487	1477
4053	3818
3800	2241
4734	4156
4580	3701
2438	2394
5062	2051
4502	2996
4202	751
3124	1272
3366	1742
4526	328
2698	409
2615	88
3847	3568
1938	1726
5020	2996
2230	13
1873	1666
4916	3876
4492	2156
4645	4376
3300	2653
3416	867
730	412
4290	3927
4358	3701
3116	2389
4211	95
2645	1873
1583	1215
5071	3116
1549	1422
3201	1553
3451	854
2504	593
4059	1692
2460	166
4193	2904
4876	1422
4480	1603
4245	174
3279	1215
5071	2605
4929	2775
1727	1543
4308	1750
4897	3685
5085	575
1727	1643
1243	750
873	694
4840	2438
1374	1095
2118	207
2871	88
4417	1007
4760	1202
3542	2837
2698	2534
4783	3678
2420	1465
3404	3116
4894	4105
3617	914
1422	184
3619	2373
4600	1423
4308	1917
3739	1546
5159	4441
2546	2460
4086	881
3116	1913
4719	4000
3338	2108
3963	3493
3416	2495
3116	2680
963	652
4950	2661
3488	2858
3344	3199
2199	1889
4981	2118
3980	1108
4867	1162
2956	2929
4215	961
4560	3754
3590	2798
1422	1215
4598	3754
2846	2605
2704	2182
3202	2118
4598	4246
510	111
4701	3381
3300	49
3724	580
3580	2118
4459	3361
4238	1666
4972	2031
3114	2799
3175	345
3120	2605
3930	326
4801	4156
4861	309
3853	2605
1203	27
3121	1202
3361	2460
4554	2528
1414	1113
2704	861
4840	3774
4848	3328
1444	580
4033	2048
2287	735
4815	4719
4668	4156
3566	3116
2406	92
5028	3668
2966	1583
3736	704
4826	332
3121	580
3488	2114
4600	3988
4674	4033
4295	1197
5122	3786
4463	3116
3745	3116
4336	970
3566	601
3780	1525
4196	3121
2477	1322
2815	1672
2755	2048
5040	2030
4558	326
2818	1503
3025	1227
2496	1525
4601	2438
4126	3369
2573	1108
3674	2071
3116	911
4156	2904
4030	2901
1774	252
3478	3279
4863	1661
3095	2410
2938	1512
3566	1105
4156	851
3116	2715
4873	4399
3566	2801
4039	1710
2118	913
1505	1113
1741	1108
4156	1895
2605	1491
3116	2714
4615	1953
3754	2877
4156	4036
4841	1215
3926	2039
3247	855
5035	1248
3696	3116
4728	4145
3674	2027
4584	2547
425	269
4073	3961
1215	250
1510	973
2625	1063
3736	890
965	293
2027	1946
2713	2124
1455	861
1603	1108
4151	1283
4871	489
1537	153
2534	1537
2013	1671
4791	3810
4066	2605
851	7
3258	2593
4290	3478
4235	2584
2366	1585
3458	3116
4077	893
3258	2506
3400	270
3116	670
2698	2417
3498	429
581	273
3279	3121
911	739
2051	879
4274	3853
2637	1461
2605	1953
4902	3488
2048	1603
2938	1485
5062	4353
4273	3685
4783	1324
4156	3352
3754	443
3439	1463
1667	1505
4156	85
4336	3961
2934	1727
5114	4508
4472	2605
2615	2071
2713	2438
2438	2027
2582	2106
3185	1671
4211	948
2852	2496
5058	2118
1424	1034
4583	1775
4600	2798
2242	1579
3366	1505
3653	866
1903	1727
3649	3568
3351	3035
3674	3435
4759	921
4601	816
2811	881
2755	1680
4880	3566
963	7
2277	1250
3107	2837
3736	2024
3852	1044
3132	2033
4960	1444
3114	2755
3853	1453
2627	510
4646	2118
1480	67
2007	282
4508	580
5040	88
4019	291
2934	1457
1677	1108
3486	694
4388	71
5113	3747
4329	327
4409	3207
3944	2605
3686	848
3920	3300
4402	1726
1537	794
4156	3202
3747	1655
2934	1296
948	43
737	640
2118	129
4972	300
3116	1946
4059	92
2584	1953
2763	2541
3007	783
3116	690
4863	2939
1692	1390
3694	1510
4381	1641
4455	1215
4132	3252
3442	330
3108	2605
3810	30
1873	72
2946	2627
3434	3116
4841	4156
3782	1352
1875	1001
2404	690
2800	2339
5072	2224
4202	387
2934	1966
1953	309
2637	146
3672	33
3474	2798
3851	3650
3853	2438
2616	111
5062	2569
5078	3114
1642	359
4886	4230
1741	1032
2377	703
2582	920
1617	694
4685	2390
4273	1423
4598	510
3825	2800
2996	1432
1983	238
4064	632
4841	158
158	33
4644	192
2699	1078
4211	1108
2971	2308
4097	2625
4140	285
4972	3580
2852	1175
3722	2438
3898	2538
2882	757
2823	2118
4156	1491
4863	3344
2617	882
2724	694
3349	7
4880	2692
4412	4311
4819	1560
4273	3736
1491	309
4165	121
1444	1001
2438	22
4544	2605
2214	432
3101	1168
4156	970
4831	4701
2666	2605
5083	1491
4058	1201
3685	476
2698	2010
3705	88
2118	1109
3116	348
4077	1750
2414	2277
3225	576
4783	1684
2605	2323
3988	1108
4405	1197
4144	246
4889	4156
4598	3580
2531	1215
4070	387
3185	904
3626	3116
3116	2985
3116	2822
2627	1270
3804	1983
4048	3688
1014	750
4929	3105
4145	1113
4521	2698
2541	2203
4859	1905
5020	2974
4156	2569
4876	867
4156	1175
5032	2967
5107	3404
2887	1929
4105	250
5085	694
5085	238
4554	4070
3573	1108
4270	2341
5069	609
3356	2344
4596	2573
3369	1215
4202	443
3619	2898
2438	1465
199	114
1267	876
4600	3685
3754	1453
4940	2472
3025	1692
3248	3114
4814	2299
4960	4645
4560	722
3754	3367
3270	2156
1546	578
3481	1914
3953	3014
2507	2438
1014	209
2306	1548
2515	664
4940	4274
3116	2807
3230	866
5041	1496
4441	581
3493	1667
3840	3744
2637	2241
3812	887
1265	209
4349	512
4130	2605
3988	2153
1428	618
4583	3247
3795	1422
4872	570
2438	452
3739	329
2472	1905
1108	1094
5118	4105
4480	4045
4196	2118
2592	680
4872	1034
612	8
4871	3101
3722	106
1453	1162
4972	4045
1215	28
3590	1338
3103	3095
1432	1333
5072	828
3014	832
4386	1009
4783	3016
3677	911
2904	1113
4156	2880
1895	246
5091	2605
1003	158
3485	2724
4863	2627
1505	285
4389	4162
3369	2726
3696	2844
2390	2027
3116	2381
2608	2027
3840	2055
333	269
4105	4000
4235	921
2374	1741
4967	3264
3677	88
4532	4469
4480	1109
2476	1252
3493	3366
4814	273
3853	3279
4554	758
5151	2702
1549	284
3369	2013
1609	903
3580	637
3941	2243
2347	1951
4580	2802
2199	329
3736	1267
704	110
5004	300
2698	1269
2287	153
2241	33
3358	1537
364	217
4821	3673
1215	364
3322	2472
4764	2055
3515	3483
2214	581
2438	357
3116	192
4206	25
3101	2406
3580	111
3977	269
5122	1875
1674	67
4635	4086
4144	2108
3961	686
1884	1684
3905	2698
3108	1757
3780	3638
3116	1020
4154	3941
991	542
4879	2067
3270	3211
3713	2951
2307	1844
4819	3185
3818	3121
3590	3121
5091	3591
3953	2414
2964	1970
3366	3226
3037	2541
2142	593
4419	1722
5061	1020
4202	1444
3151	1723
4544	2882
2974	2299
4151	652
5146	3367
4368	3953
2030	904
3157	1677
2775	2627
3685	2684
4401	1752
3185	1726
4097	3840
3515	1532
2015	1444
637	268
5118	1251
4972	1113
1736	473
3513	3116
3185	2013
2530	1444
4544	970
3840	2277
4635	158
1570	1488
3116	2582
3765	2541
3352	2605
2118	161
4120	925
3116	238
2230	728
5042	2341
3685	2142
4694	2617
3116	2872
3322	1905
4508	246
1340	1215
2934	1109
2076	1215
1316	202
1460	38
4841	4440
2310	58
4059	2157
4351	1710
4232	2108
2605	770
4764	303
4406	1531
3820	1873
3035	1690
1674	877
1270	443
4156	1750
372	12
3201	110
3920	3247
2561	1673
3945	563
4502	3946
3943	2704
2230	1009
4077	470
4156	718
4368	28
2130	1583
3331	863
3650	2299
2218	1726
2882	144
4831	4123
4493	4053
2735	2360
2561	2051
3322	1058
2181	943
1396	1119
4729	326
4302	826
5114	414
4527	2951
2242	576
4950	4094
773	364
4088	2142
3829	3116
4458	2667
2310	177
2118	462
1560	7
300	288
4711	309
4053	2912
1243	176
4923	593
1108	443
2031	389
4156	489
2593	1422
4754	3116
2341	33
2438	1371
4621	855
4206	3825
4399	735
2713	509
972	601
3934	3506
2661	88
4714	1727
4861	2030
5042	920
2108	1505
5078	4880
4809	1609
2882	288
4156	3486
4441	3538
4144	1546
4697	3116
4033	593
5004	309
4169	3105
1444	961
4600	2142
5072	1408
3580	3121
4419	4272
3116	559
3834	3116
2360	1936
1505	942
2653	580
2901	1215
2899	30
5151	1422
4001	757
2882	570
4729	4646
2700	33
4600	2153
2438	1546
1641	1623
4763	1248
3279	2369
1444	1270
4993	4441
4259	2735
4783	4463
4929	4040
3435	970
664	33
4580	2370
4970	2013
5062	2435
1670	593
5028	2882
2625	2358
4580	1505
2308	673
4867	866
2013	1109
2417	92
4916	4905
4517	3116
2837	2182
2812	1227
2434	2362
4572	3362
4664	1546
3116	424
3769	991
3476	2846
3515	1263
4209	1620
3946	1444
2605	1906
4863	4674
1740	1477
4406	1671
2882	2067
2748	1113
1873	1034
4156	704
4664	2051
4600	855
1215	580
3808	2882
4308	329
4928	367
1661	1338
5043	4970
4433	2389
4156	1031
3587	2459
5151	2917
4801	2230
2755	1109
4105	1277
1727	409
5079	3056
4711	1215
4472	3538
3590	340
2653	1122
4156	1444
4723	2541
2114	1001
4393	735
3673	2417
3114	1723
1294	750
2661	1032
2459	224
3810	55
866	667
3116	1035
5035	2243
1227	158
3547	1256
580	207
1953	663
5069	3619
3107	1914
5004	3154
4156	1553
4162	3264
1966	1873
4526	3880
4323	326
1000	991
2407	1717
4840	2858
1912	728
4594	7
3116	1046
1122	1058
2593	983
1408	238
2370	2230
1583	1094
2438	2406
3424	151
3617	1108
4064	3114
2575	2438
5105	1847
4819	3116
2807	2120
3930	2969
2870	2398
4508	3116
2593	2307
1487	1182
3264	1726
3227	2199
2934	636
4600	2270
2605	53
4156	663
2675	1352
5003	4929
3560	750
3202	2270
2438	551
2108	1983
3572	3538
4648	3673
3674	2615
2108	271
3810	3344
2823	580
4329	2823
4580	151
3424	3204
2593	405
3696	43
4156	7
4033	3408
3754	3116
1789	1607
2584	1847
1914	224
1481	1422
1182	649
5122	4594
3617	2362
4735	4716
2438	2224
3504	3116
4789	3010
4869	2934
4105	1888
3589	1641
2716	134
1444	403
5122	1211
4621	1938
3247	1983
2362	2108
4950	1243
4819	1215
4156	3838
2299	2045
4642	914
4151	151
4187	3747
637	580
2362	72
3672	2438
2698	897
4985	2534
4945	1726
2118	1583
2051	1078
4245	3323
3568	1012
4970	1324
4635	3225
1667	30
2460	537
3818	1428
5091	5083
3249	970
3321	580
3461	904
3114	748
4273	3228
4124	1422
2727	2390
4916	1722
5039	4156
3736	2124
4120	2030
4907	4580
2811	1098
3366	30
3701	2966
2743	1396
5078	3754
4897	1525
2996	848
1844	381
3182	983
3646	881
2861	580
3488	822
4923	2775
4040	121
4578	948
4789	1946
5135	4033
3202	580
2964	458
1666	1444
2867	1460
5053	1549
2118	575
3493	1242
3116	505
5004	1710
3998	3268
4873	1553
3810	1983
4861	134
4005	1505
3586	1453
4156	129
2826	1503
4463	2108
961	942
1537	180
4323	1292
4515	4070
4468	2547
3116	1145
4586	3987
3081	2414
4105	903
4311	4067
5129	2406
4580	4144
3279	1780
5122	1742
1791	192
3685	664
3072	2938
4053	3289
4558	728
3188	1215
4036	816
5091	3920
1607	1426
4097	2142
4156	165
2716	1492
4871	3736
1642	1465
4728	1270
4783	4097
4575	1205
3344	2438
3116	2394
4361	153
5152	2114
5042	1546
1549	972
2661	269
2593	1752
1324	452
4583	1677
4872	2582
4318	1215
2582	1408
4760	4033
5117	3494
4500	3116
4492	4412
4480	2153
1913	271
4069	1244
4033	387
3963	560
2255	2076
2661	2299
1549	1165
4831	750
4480	1680
4105	993
2240	67
3481	1641
4970	2615
4621	2725
4897	3116
4583	1408
3341	1251
2919	2797
5146	4236
4156	1969
5035	1627
4972	4156
3199	3105
1722	1677
3409	1438
4217	1251
4132	4053
2985	2390
3797	1537
3851	1215
2239	1164
4088	1677
4458	3208
4156	320
3116	1952
4594	1692
3451	2308
1844	269
4326	1094
2616	1816
5053	1774
3264	2946
3646	1405
1655	1627
1269	551
1983	1905
3188	1873
4070	2358
4208	1969
4070	1544
5136	5122
2939	1670
4580	2549
4156	3783
3807	3361
2814	2224
2774	1444
4156	2097
4227	3116
4268	1404
4284	747
3537	1113
1553	1444
4156	476
2347	694
5083	1948
3116	1553
1879	1113
2241	7
4729	3349
737	114
3439	2846
1461	325
4272	704
3891	2307
5151	4311
2837	758
3289	3116
4404	348
2181	1914
2481	1444
3603	1333
3488	3123
1108	751
2661	1438
3566	3114
3264	1722
5083	3054
3503	2517
2234	1727
4236	1105
2946	387
4598	3590
855	296
652	208
3566	2637
4095	3943
4615	1433
3722	88
4114	991
4930	3116
3549	879
4175	4105
4326	299
3504	943
4819	2438
4328	2018
3116	1900
1215	447
4215	3409
452	168
1422	345
3778	2019
4877	1020
4053	2438
4819	3987
3694	3124
3782	2360
4145	3880
1847	309
2027	673
4336	3188
3139	2934
4760	3116
4508	3114
5066	1422
1251	670
1246	1086
3202	859
4196	111
2013	1710
4231	2934
4801	4540
4441	1265
4399	3121
2677	1283
4872	564
3845	2617
4156	1757
2743	1215
1717	1271
4070	2417
4105	704
4940	4859
2798	2270
1780	1108
4819	1884
4539	2934
4156	2775
4073	911
4362	885
3323	1215
1108	7
2182	429
3603	1477
4575	192
2517	1936
3509	3116
5078	1093
4156	1938
2698	1517
4819	88
3273	2733
3116	2904
2605	542
4376	3959
4764	4336
4763	2241
4985	2182
3832	3116
573	246
4478	1094
3797	1667
4584	1215
2605	310
3853	1366
2593	943
1042	551
1444	907
3290	7
1162	816
4580	1348
4508	300
2307	1205
2230	1789
5114	476
4789	615
3603	2532
4844	4038
3107	758
822	351
4872	4544
2726	2506
4902	4764
651	238
5113	2153
5151	1847
2370	1914
2362	2329
4308	866
3201	911
4480	2048
2270	1553
4719	4039
5130	4405
1895	1444
3769	3116
5043	4156
1895	25
4831	166
2805	1549
1565	121
4388	3328
881	473
4560	1487
1684	1131
2797	581
2714	2495
3012	1333
4005	2401
4441	209
4859	1444
5107	3825
4493	1585
3840	2812
2438	2031
4156	506
4921	632
4156	2616
1797	372
4861	368
3351	2031
4156	1094
4480	3264
4478	1202
3724	1122
2410	914
3675	1709
4554	1641
311	72
4156	1357
2199	92
3930	2118
1279	25
4824	581
4558	1585
4290	3959
4598	4393
3646	1579
5130	2541
4923	1202
3590	735
4863	2142
2846	1124
2541	1666
1402	7
4388	3513
4890	3180
2118	1789
800	673
4637	4041
863	293
3591	1444
3739	1505
757	72
3810	345
3538	750
3344	1168
4033	2153
1723	601
3952	2003
3646	1879
4070	1619
4802	1262
4929	4419
4873	3988
5028	4526
2027	1453
3685	1840
3560	3515
4399	3580
5114	1058
4209	2753
2299	7
5042	3116
4656	1322
4388	4193
3739	92
4156	2937
2446	904
2402	1462
3408	3201
1109	510
1537	1463
170	25
4950	436
5159	269
2569	2318
4656	3542
4841	1444
2515	643
4537	2507
4386	452
1444	973
4640	1294
4053	3580
4940	1905
4077	193
3646	727
2118	247
4532	1667
3686	1913
3685	2852
4600	4326
4537	2104
3724	717
3404	88
4872	4397
3696	2807
4211	3369
1692	6
4404	2496
4273	2703
4734	3116
4384	1215
3116	1699
2438	2104
4680	3009
2255	190
4578	43
2438	2404
4105	3109
2569	1182
359	93
5159	4494
3389	2118
1948	1537
2637	1182
1272	892
3264	735
4156	2118
3920	3047
4236	1723
4725	4610
3943	3701
4409	597
4192	2324
3380	1422
4729	4070
4897	1404
2438	2226
4156	1333
5117	4156
5004	88
4156	1920
4401	101
4760	3289
4531	4373
3560	2460
3547	1215
4405	1039
3231	2291
3810	2435
4760	3279
4598	3774
3290	1001
4640	2625
3279	1677
4189	1333
4880	942
3225	2242
4859	1058
2818	1260
3116	1525
3105	903
2476	1301
4151	137
1505	1255
3202	111
3114	1906
3943	101
3623	1042
3116	1521
4949	1215
3619	1324
5062	1215
4318	269
3344	2811
2605	2530
750	269
4070	4000
3451	190
4916	3863
970	134
2114	1501
5113	4863
4372	255
4156	838
789	67
3988	3056
3300	2420
4508	859
1056	484
3203	710
3549	3060
4273	1677
1983	1277
4380	4070
3121	2048
2255	1189
2362	288
4729	1113
2938	2934
3463	866
1396	890
2863	2677
4215	3116
3961	1453
1840	1037
1704	1598
1113	271
2496	1056
1777	88
1617	1119
2802	2698
3650	2030
1422	609
4206	1205
5043	1884
2329	332
673	646
1667	180
2181	224
3941	1453
3705	2438
1105	704
3829	3154
4399	2755
5020	3354
2753	2438
1671	914
4480	593
3264	1741
4027	2438
5010	158
3839	3107
1035	25
4416	789
3116	2589
5038	4361
4950	2207
4216	4156
4105	1214
2775	443
4580	2214
4067	309
4923	4156
3019	1717
4480	3988
3202	2616
4588	3673
1549	1426
2438	309
3450	988
900	300
3107	269
5062	3344
4472	2130
4156	60
3485	903
5050	3114
2698	2013
1505	288
1525	643
3435	2438
4077	1334
4324	1444
4058	3782
4162	2831
2755	2438
3121	2627
1505	1492
4967	4572
4685	3116
4156	3981
4480	4274
3116	1481
3361	247
4493	3724
2525	1215
2531	1067
2852	154
3747	1348
3270	2205
4940	1920
4419	1105
2502	412
2534	1727
4070	472
1565	1197
4070	271
4475	1549
4463	2026
2531	570
2605	1666
1977	1215
3961	1560
2294	1537
4156	2653
1067	12
4590	1710
4033	1444
4045	580
4189	3354
158	71
4053	1677
2902	1537
4859	2027
3358	1973
2504	1108
1404	914
4480	2142
3394	2862
4783	4406
4863	3853
3276	3116
2455	284
3818	1603
3514	2242
4033	3056
4219	1007
2798	1661
3920	925
3289	3245
1119	575
3116	2914
5159	2646
3851	3185
699	291
4478	3204
2211	1067
4653	1265
3808	1873
2605	1252
4814	3839
4110	359
4156	4066
4532	3328
3493	154
3563	2482
3988	580
5136	4841
4819	3586
5061	3437
1993	1260
5040	2390
2157	176
4110	1789
3573	1677
4040	2438
3694	1310
3124	1777
2534	1113
4268	1873
1202	299
4324	4156
3876	3116
1599	1215
3752	151
4105	2932
5085	3116
4156	576
4834	4156
5113	855
5085	1617
2985	1560
2946	2048
3646	2106
4340	3116
1408	161
4600	1677
3839	581
4929	4095
1505	12
3116	2370
3498	1428
4369	2871
4594	1913
3367	601
3107	2262
2728	1710
4978	3116
2713	1042
5068	3754
1007	52
2627	1553
4077	92
3116	2899
4554	1623
3249	3116
4978	292
5147	1549
2625	2507
1350	667
3754	1461
4719	3682
4955	2605
2270	88
1722	110
3669	942
4772	1215
3620	3380
3439	2569
2610	2541
5136	2605
4088	2939
4346	3116
3116	2621
4685	3961
570	92
3829	2118
4458	3116
3800	1001
4156	1332
2496	1145
1202	1109
5136	3493
2814	1656
3673	271
3589	3409
4189	1903
2966	1075
4978	2723
2417	1546
4897	2798
4636	735
4872	2782
4598	2504
4972	3202
1553	948
1270	246
3279	2039
817	750
1460	1044
3116	255
4295	2438
5062	2337
4859	4053
1628	1459
3782	1078
3380	1705
2698	770
3114	1105
3920	1546
1741	580
4600	2939
3611	92
4793	2460
3705	1453
3116	250
4601	2224
4077	1079
3321	1215
1202	593
4169	907
4970	2716
3318	1113
1205	293
1946	1334
4580	3810
2653	510
4841	4799
2496	1983
1873	423
1428	580
2844	2726
4174	4105
1505	489
4629	158
4476	214
2013	1324
2904	2417
2097	257
3839	209
2798	2173
1294	490
2867	486
4480	3116
3116	355
3116	491
3591	1108
3444	2724
1113	551
3944	3736
914	154
4169	1936
2496	1244
4831	2076
4361	2912
4328	52
4070	503
5158	1741
1038	651
3902	2882
4399	1603
4077	1481
2031	1037
4156	2378
4859	3289
2362	1338
4273	55
4323	2142
4542	3108
3476	1643
3011	911
2420	1549
4933	1324
4105	2655
933	694
1444	703
2946	1444
3409	758
3300	580
4764	3404
3629	353
3032	2573
1020	434
4156	318
2901	1873
4156	2696
2723	680
4576	837
2003	1938
4600	3853
2071	1514
3880	1444
3838	728
2118	735
3116	319
3754	2801
1412	1334
4756	43
3580	2775
1570	38
4105	1556
4326	1607
4531	1736
4308	651
4144	1505
1465	1100
1318	651
2013	1503
3440	2605
4708	2882
4388	2716
4172	3077
877	158
3116	2902
4258	2051
2214	114
3116	209
2951	1524
4711	2438
4120	904
1215	893
4508	3590
3381	2338
2716	1797
3366	2547
3623	2713
4923	1444
3959	1726
2616	637
2698	2589
4580	1485
5144	4156
3007	816
4059	3863
3547	2232
4398	3116
1270	1119
4728	4156
2239	1938
4874	4558
4349	3011
5079	92
1641	50
5062	3494
4621	295
5082	2492
4156	575
5151	1953
3851	626
4244	2051
3198	2744
4005	3072
4478	2212
4850	751
4273	3116
1108	154
1034	476
476	161
2118	2048
3769	1537
4156	2428
1617	326
4156	2401
4863	4033
4417	4328
4580	3101
5113	3300
4558	1571
2438	942
1674	158
4086	2230
2569	2241
1873	1609
4789	1412
4110	3961
4105	1790
2144	651
5122	176
4598	2569
3244	899
3548	387
4329	3682
5068	5043
4272	2831
2703	1505
5068	3198
3542	2714
5004	2438
4273	3408
961	801
4496	3188
1833	282
3538	269
2541	1334
739	652
4220	2946
3754	2241
3262	2996
1408	1108
3389	43
3812	2051
4554	2024
2438	1560
4437	1977
4674	2812
5126	4981
4719	4361
1077	387
4729	1873
4302	1465
4437	2691
4760	3245
4492	1932
4646	1227
1524	161
3019	1583
4144	3952
3424	364
3701	2370
4077	1370
2142	751
3586	1780
2207	1844
4433	3056
4480	1444
4156	4023
4386	3307
4059	2802
1912	1215
4646	1009
4493	1444
4972	2048
4978	3204
4586	2531
3941	530
3124	2723
3202	2048
3853	2882
4580	3672
3847	1710
5151	4601
3279	1453
4273	601
3116	1422
3116	2975
1428	893
4861	573
1461	110
2018	1044
4493	476
4802	3041
4814	209
4580	1938
3553	2726
866	148
4246	3121
3304	1667
1371	22
4070	4038
4094	2142
3400	548
4156	3123
2775	1444
2593	1546
3132	1014
2625	292
4533	1255
4156	192
2389	1488
2974	1826
3646	2118
3264	2974
3488	33
4156	3722
4674	3988
4940	4493
4766	3780
4311	816
4874	1270
3810	2753
1726	1607
4202	510
4940	4156
4391	3273
3380	2743
4929	1396
3116	3103
5050	899
3691	1549
4928	2605
3116	2763
1741	694
4196	2946
4391	933
5062	2799
5062	142
2823	2653
4156	942
3722	7
1614	43
4236	1093
4640	4478
4193	43
3568	3279
4156	257
3754	1108
1797	1067
3103	1136
3478	1727
1338	285
4959	2625
859	751
3488	1002
4130	867
5105	2438
3182	2472
1422	462
1643	1246
2829	1726
2460	581
2013	1526
3116	3000
4889	2118
4173	269
4764	3520
1677	1444
3307	509
2775	618
4897	867
2374	2118
4949	2438
3941	443
1215	12
1215	260
3360	680
4156	1847
4644	1122
4362	3906
2575	2051
1109	636
3322	476
1366	914
4045	3810
3503	3488
3369	914
4480	2438
2362	759
2668	1215
2472	867
4105	3003
4048	3032
3835	2956
2985	1037
4546	255
3538	190
4156	855
3201	609
4586	4156
3116	1435
4873	2142
2390	1560
3201	1677
4646	3486
3538	2307
3264	3157
2882	2402
3829	2625
4154	1571
1754	1708
2947	1399
4554	2055
2852	2684
2929	1581
919	345
2929	2808
4480	2775
2857	739
2504	2389
4193	2880
4928	3769
3185	1215
4162	609
4863	4088
4594	673
3953	2908
3677	129
1215	300
3829	1444
3121	2142
4404	269
4480	859
4105	3546
452	22
2716	1255
1585	1058
1094	609
4156	1780
3116	1480
850	551
3626	1108
3380	319
3450	2704
3202	1661
2775	1338
4480	1202
4053	387
3573	30
3116	3081
3211	551
2594	1283
4235	3198
2438	1444
2633	914
3321	2726
2051	1162
1834	730
1987	1752
1136	269
2541	1992
3116	1301
3380	1250
2605	2584
3409	3107
4259	3812
5107	789
2199	1990
4580	4019
1660	1204
1108	601
3604	7
5097	601
3840	2919
4580	2966
2630	1136
4004	1215
3493	1272
4156	3830
4964	2725
4105	3023
4156	1537
866	836
5020	3977
1607	92
5091	4674
4409	729
4763	2858
3591	1198
2156	660
4502	1752
2374	1929
4699	1422
4368	1067
1670	1423
3754	3159
5068	4126
1444	911
1775	1503
3069	2625
3264	168
4144	1938
750	333
4274	1424
4129	3326
4156	549
1627	357
4580	2024
4988	3488
3590	2118
4554	2740
3120	2625
2615	1677
738	43
855	8
2877	652
1673	1426
3012	1546
4070	3965
3188	25
4019	1726
4405	680
4388	2051
1946	704
3800	1549
4211	2844
3067	1422
2118	1948
3603	2460
2406	1897
2181	1623
3534	214
3623	1113
4648	551
4220	2016
4870	3513
1162	914
2306	1408
4728	2118
5083	4053
2882	2055
4323	694
3067	1537
3289	2254
4735	2996
3202	1603
3116	1202
4088	1722
4478	1426
4145	1270
3981	1732
1044	158
2031	1560
1078	887
4215	4156
4220	4156
2118	329
4590	2661
4879	1221
1983	1614
1579	158
3360	58
3116	285
2067	1215
4580	3542
1790	881
3107	1844
3953	1215
3390	30
2755	510
5021	27
4472	1727
3451	353
4019	2199
3107	1203
4508	751
4970	1162
4033	637
4105	1228
3863	3494
3323	2541
4928	2310
4542	2457
3116	2575
2438	822
616	7
4126	2807
3853	476
4156	1218
3201	3056
2974	1014
1599	1113
2031	1840
3267	2438
3116	1214
4863	1109
4156	3840
4381	50
3650	3323
4635	877
2410	1108
2899	1667
2013	123
4361	3116
3488	2243
5113	1727
3105	2701
4353	914
4211	3264
3322	2438
3961	3506
4907	3450
1171	7
3963	1221
4923	4399
3361	114
2837	2181
2704	2533
1603	1109
3300	3279
4859	476
1553	1270
1269	351
4916	4094
3290	1591
4231	2362
2691	1275
4480	3580
1225	386
2438	994
5044	3754
4480	3121
4388	4267
773	311
3352	933
1774	1524
3538	1578
1352	1078
1215	575
2362	1267
1677	748
3236	2704
5021	1565
3580	2438
3116	214
3121	510
2051	808
3116	3019
3116	340
4040	1109
3116	1292
1727	1501
4097	973
3114	7
4476	1620
2026	92
5122	2373
2118	1952
2661	124
2946	2616
2434	1491
4876	4156
4399	340
3944	3114
2476	30
2793	414
2390	1215
4542	1422
398	66
1269	822
1422	1113
3430	3116
4844	1465
4144	3116
1444	236
1488	1113
3620	3542
4388	542
4841	2438
2703	2118
3944	925
4027	2900
2438	161
1797	1505
4156	1570
5061	3116
4760	7
4273	3201
2048	43
4095	3916
1167	1015
4478	3586
4879	389
4070	1169
4739	4156
4236	3151
2457	1705
4874	4145
1537	877
3810	1900
3175	238
4070	722
2946	2438
4053	1920
4151	1267
4533	1706
1680	1444
3116	2909
4326	3988
4601	1215
4819	3754
4907	2704
3404	2871
2013	1453
4582	2904
4308	2199
4244	4156
1727	1666
2951	1215
1906	601
2661	161
4406	1884
2974	2118
4873	3590
1925	751
4512	1537
1408	970
2277	1481
4544	4070
5122	3258
3435	1215
3116	1368
3262	1752
839	192
3116	92
3114	510
5005	1396
2857	1119
4879	3646
3736	284
4526	1549
2857	7
1677	660
4723	2088
4799	2370
3451	1844
3107	2605
2755	618
3361	983
2704	2438
4480	3590
3719	3116
4302	3586
4584	2934
4972	4033
509	176
3201	808
3959	2605
3116	1924
3688	1531
3810	1396
3201	1202
1167	269
2662	2234
5118	2704
4580	2335
2717	2108
1334	948
3352	25
5158	5012
4783	4235
4442	4132
4156	3615
1752	632
4267	1873
1946	1656
5091	1690
2985	67
2605	885
4027	3586
4644	3486
1003	881
4985	4554
2370	270
3114	2692
4318	3103
4902	3123
1983	1789
5078	1677
3159	33
1113	822
3838	8
3672	652
2755	1408
4088	3201
1873	1674
4508	1034
4004	3673
3739	2802
1215	736
4674	2504
4070	98
3488	1424
3911	871
4602	4156
4970	1031
4646	123
4059	2230
4120	3506
4728	4598
4580	4070
3810	923
4711	580
3014	1487
4033	2504
4208	2448
2818	1444
3493	1108
4508	1677
4386	4156
3547	1003
3437	262
4821	440
3445	855
4399	1816
3185	1162
4480	4053
4478	4097
913	652
4560	2241
3825	1044
5105	4928
3116	299
4391	3069
4399	2438
4156	3818
2341	1455
3003	1422
2934	72
1215	424
4169	3589
2547	1591
4077	2967
3885	3116
3116	2721
5004	2975
1444	1131
4196	3818
4441	2019
2963	1858
4755	282
1710	1671
3361	2287
3380	452
4156	747
1670	1524
4981	4480
1549	991
4711	2625
4023	3116
1645	1538
4923	3580
3443	2304
3344	1585
4086	877
5152	4156
4859	4508
4412	4246
3696	1671
4156	10
4845	1270
1970	1553
2569	2324
4388	2944
1590	1503
933	753
4127	153
5082	3980
3451	1660
4070	3120
5040	309
4874	4323
3151	2230
3805	1766
4959	730
1408	1260
2919	269
3884	3663
3663	1422
4960	2438
3400	2438
4928	2960
2241	748
4598	4196
3116	2971
2939	472
2946	1603
3007	1531
1444	890
1162	30
2299	333
1460	1075
4388	917
4156	3669
4636	1833
4165	1035
3839	2704
4653	1215
1156	88
2199	1015
2692	33
4045	2755
2704	1983
4861	4406
3380	2197
4774	3116
1742	1113
4105	7
4615	4036
4388	748
822	67
3069	1444
2515	1145
3542	329
1444	1388
4480	2525
2584	1324
4156	2212
1758	903
3121	2775
4916	4156
1953	1324
5041	640
3580	510
1546	263
4156	4133
1476	778
3116	2532
4508	618
4729	292
2569	358
4273	2438
4169	3623
1770	919
4144	1422
1722	580
2582	1338
4273	3264
5085	4646
4144	503
4859	4001
2230	345
4819	2775
2530	1603
2199	1488
3116	2966
3416	942
4645	4165
867	30
4970	575
4302	673
5091	1726
2932	625
3646	759
1283	670
2919	1873
5113	2946
2625	1250
4070	2857
4889	4302
4151	2582
2497	942
1162	549
4048	3445
2798	2567
2723	1344
4105	3982
4638	1677
3116	2005
3228	2575
2475	1674
4030	3010
2605	1042
2118	327
1197	270
2837	1848
1667	154
4162	3279
4156	2980
2811	2242
4929	2496
2114	1505
4499	2650
3586	1847
3851	921
4002	284
2026	1422
3336	2324
4393	3202
1218	651
4105	1623
4580	489
3812	808
4055	1215
3424	1932
3365	3351
2798	2142
3878	2996
3107	77
3351	1690
1308	694
2798	1202
4156	410
4156	2484
4540	106
1936	207
4156	3548
4105	3448
1283	1227
1243	269
4342	1399
4193	3941
4463	3380
4872	2731
3952	1338
2605	913
4598	837
4272	961
1507	1294
3589	1444
3116	3056
580	299
5139	2478
4897	1661
4162	88
3988	593
4342	1444
2830	1215
3572	1320
4156	1820
4156	3538
4789	4105
1873	1221
4825	3380
911	757
5118	3116
3116	1903
3694	68
2605	202
4196	1215
2389	1603
3807	3659
4480	1423
3279	1338
3488	282
3202	3116
5004	1677
4193	2716
1408	1402
3163	542
2627	1109
1941	1666
3116	2322
3663	2799
3959	2912
4968	2250
2731	2277
3349	1465
2534	1108
1687	1402
3107	2799
3810	3301
3361	2076
4653	1283
3000	1422
4656	2987
5033	735
2353	1726
1460	1171
2912	1481
1670	855
2867	892
2118	1365
3380	2055
262	137
4972	3590
2438	1505
3116	1538
4362	71
2634	2217
2897	1727
3375	2915
618	580
2438	1428
2725	2625
1324	548
4916	3494
854	8
4598	3920
4326	1108
4540	3705
1727	310
2985	2071
2438	791
4760	3300
3065	2637
3722	1365
3385	980
3344	3301
3198	452
4419	1109
3506	736
3258	214
4398	651
4070	601
1260	27
3116	184
2232	973
1036	948
3116	485
3408	151
4156	611
1168	30
4716	2605
4002	2723
3669	2966
4324	1338
4876	618
3226	477
4394	3116
4873	2946
3867	2915
4371	4156
4879	4580
2605	271
4250	4156
2153	1408
3116	1270
3318	1822
3116	1208
2584	1884
4156	825
3116	1977
637	510
4929	3010
2863	651
3696	1505
3988	3853
3839	2378
4105	659
2755	2118
3905	1727
4105	2477
2947	2625
3952	3307
3629	1243
2818	38
2966	1341
2944	1494
3344	1444
4659	1873
2963	1007
1113	489
4735	1412
4211	942
2238	1705
4376	2203
4362	153
4138	3107
2753	933
4664	4144
2114	1667
2938	1969
1628	311
4902	2230
3116	977
3351	2605
1215	839
4156	2347
3898	1666
4202	1108
2438	1947
2801	1710
2939	2153
4876	4389
1617	1460
4728	1551
3512	1670
4766	4382
3694	2863
3853	2951
3202	2530
2541	846
3943	2512
4095	1422
3528	848
970	192
1990	1546
1509	730
1873	329
4861	2615
2807	1113
3782	1952
1402	151
1444	1195
4976	4819
3988	3300
2829	2410
4653	4644
4399	1553
4976	3185
2299	1521
3810	2188
4940	4070
4789	2026
3590	2048
3561	1797
2774	863
2616	673
4058	808
4970	841
4384	1444
4968	2108
3116	2675
4929	4036
2594	972
4419	4156
3650	22
4544	2625
3121	2616
4809	2648
3223	2605
2862	1505
4070	609
4819	4220
4861	168
4951	1687
4863	4480
1215	123
3116	362
2118	983
3367	1461
4064	649
2851	1603
1670	472
2142	800
2438	1553
1844	8
3258	1913
4281	4156
3714	1726
3116	581
2496	1408
4674	4088
4713	1947
3916	2019
3801	988
5082	1699
4876	3685
3273	1422
3116	1777
1629	362
1917	452
4140	3116
3056	593
4955	2239
4156	3524
3754	2243
4169	673
4215	2763
2969	2605
3820	3116
2799	739
4419	3713
2254	1505
4156	3354
3818	2476
4193	3328
1993	1318
3301	1912
4978	1579
1905	1058
5042	2535
4929	1710
4819	3344
2460	2182
3685	3416
1913	1422
3381	2180
3685	1408
2967	1692
4001	580
1444	747
970	250
3116	330
3880	1491
2798	1680
4916	1727
4274	3300
2852	1404
4156	3780
3826	2118
2726	2259
4635	3344
4308	353
4097	1532
4734	2118
4876	2142
4760	903
4508	3300
269	209
3580	859
4508	387
4196	2616
3488	409
1215	170
3987	570
3805	2230
1603	476
4764	551
3961	1840
3230	2704
1754	452
4594	983
4502	632
2947	1444
1287	1202
3116	137
4161	859
2370	1322
3752	3192
2071	1710
2627	637
4105	735
1598	1270
4972	2438
2698	2634
4088	1108
4351	917
1078	808
3114	704
1619	612
2837	2625
4863	3988
4482	3641
4772	1444
3016	2404
4196	1109
4105	811
2818	1532
3204	1888
2525	1983
2270	2173
2307	750
1034	580
4156	1121
3361	1699
2569	503
4402	2698
3641	1262
4480	1670
503	98
5062	4916
4968	983
2605	1912
1893	1252
4156	4067
4105	2512
4644	3538
3304	3116
4156	458
1371	704
2698	542
2798	1553
4598	4105
3240	110
1438	224
4886	4156
3159	2199
3810	3439
4929	3351
3724	3067
942	370
4872	1556
4430	1422
1251	1246
4499	4105
2951	260
2584	663
3590	2946
1318	387
2717	1546
3713	3685
3304	1485
3754	2530
4388	329
4372	963
4532	12
4496	3133
3590	1202
3696	3369
3891	3538
3279	2472
4393	1423
3470	388
4238	2605
310	7
991	757
2584	110
4929	3591
2517	1031
4950	1294
4019	177
4245	841
4019	3673
2118	411
3028	1167
4482	3116
4880	1487
1215	962
2951	288
3847	2013
3840	3249
4409	2217
3344	1906
4196	510
3573	255
1396	67
4940	1215
4970	3116
1956	651
3208	3116
3818	1553
3935	952
300	246
4478	2871
4096	3549
4156	2171
4723	2199
1203	758
2031	1680
4005	362
4480	1338
4105	2438
4848	3673
1741	611
3105	2435
4929	2972
4232	2247
4863	2153
3105	1884
4968	943
4814	1641
4841	903
1556	129
1408	67
4880	4458
673	153
3202	1717
2438	1453
4105	3030
3580	2755
1667	1444
3769	2698
5107	4416
5130	1983
2723	911
2698	2258
2812	1108
5159	2942
2698	271
2069	1293
3713	957
5062	6
3279	1202
4588	2247
5159	4950
4976	1162
4708	4302
1929	255
3300	1642
1667	1168
3044	2605
5010	4110
4084	1251
4544	3840
4642	2478
812	808
3116	1411
4814	4023
3840	1546
3067	580
3515	727
3488	2502
4824	3538
3537	1667
4905	1312
3566	1182
3344	1261
3209	25
3462	2724
4351	2605
3279	747
4302	13
3201	3124
4142	3702
2362	914
4067	2917
4645	3175
3724	2472
4401	866
3514	1537
5114	3300
4156	1396
2882	1674
2939	855
4981	2142
3646	372
1422	332
2374	750
618	552
4156	2048
3121	2798
4198	1432
4053	3121
4783	2538
1341	1248
4169	2420
4156	3686
3202	2142
4369	4070
4867	667
3506	1344
3032	2535
4196	3116
4156	387
3116	2833
3827	1822
4088	3853
2653	1720
1340	269
4601	88
4051	8
4040	3013
3818	3580
3185	2030
2871	551
4729	1215
5004	2027
4399	1670
3114	918
3669	728
1930	43
2199	1397
2199	353
3101	170
4096	3503
2755	1816
3116	2288
3572	269
4279	33
4478	1780
5062	2118
3534	2661
3603	1805
2118	1477
2492	1424
3408	2142
3801	3208
3154	3116
3542	1215
4070	3808
2308	1834
3988	1423
1487	601
4817	2698
3641	1891
3555	863
1529	1215
4307	2967
4057	2568
3228	867
2118	1816
4057	2716
2867	1674
3154	1549
5061	1167
2582	1828
4045	1680
5107	3930
4070	142
3980	1581
1983	1503
2877	2582
4388	2950
3116	2015
4033	3279
4650	2934
4582	1444
4876	4070
5062	2550
1537	1433
3845	1521
3617	38
4308	670
3800	33
177	71
2475	1766
3805	791
5040	3620
4508	1109
4104	1983
5062	328
1423	867
4537	2438
3404	33
5068	2030
3623	92
3730	7
1932	1017
4600	4097
3591	3512
3204	292
4475	3705
2748	92
3328	903
3444	3116
1551	1038
4512	4023
4302	3946
3818	1895
957	703
3116	356
5139	3646
1462	699
3538	3451
4419	259
1477	1432
4859	4493
791	311
1156	580
1673	800
1717	114
2406	1834
3380	3351
4033	3300
4819	3674
2589	601
3264	1215
643	154
3103	269
3116	1063
4872	3047
2801	7
4156	3512
5058	2698
4433	3988
4928	2584
4470	3685
4070	2534
2232	686
3568	656
2230	925
2013	1970
1505	372
2047	1619
3561	1162
4033	3512
3520	3515
3044	873
1524	593
1465	784
4480	942
4789	1468
4073	1505
2904	168
5146	3566
3226	351
4292	1032
4162	3810
4156	1893
3116	2481
2882	423
844	137
5126	3116
3116	2459
2013	246
1677	593
3074	656
1603	1553
2934	2698
4598	1722
2535	1113
1108	637
3067	1122
4765	2019
1108	28
2212	1666
4273	3202
3724	459
4368	2018
2882	412
4236	1906
4412	3116
2097	1818
2837	1438
4156	3007
4273	3519
2438	1094
1840	1549
3204	1272
3503	1031
4272	4105
5010	881
2801	2241
3304	1891
2582	704
2434	92
4340	1215
2374	1619
3346	2362
3810	2763
2308	1167
4850	3876
4821	837
4070	1666
4598	1108
3559	2625
4211	2726
913	903
4156	2793
2616	1537
3604	3116
2472	1677
4873	1281
4412	2693
3774	1692
3067	1727
1407	250
2661	217
4472	3840
867	8
3416	7
2142	1571
4376	2725
2307	269
4621	1491
4323	1444
4850	3116
4272	255
4580	252
364	38
2877	961
2692	748
4097	3245
3481	1848
4326	1444
2818	942
4819	3175
4156	2956
1263	7
2460	1020
4308	8
3086	269
3478	2438
3603	329
1272	489
4872	2655
3905	1461
3961	207
3920	2625
4156	3236
1619	238
2897	2698
4156	3227
3488	1044
4237	3380
4863	4393
4038	1549
4580	4358
3116	743
2108	353
3853	1378
3782	2735
4601	2027
3116	612
2130	580
4070	714
4799	4220
3930	1162
5109	224
1461	748
2912	942
2919	1727
2698	2003
2902	2605
4433	2142
146	7
3646	2713
3201	88
4923	2438
2362	2003
3116	283
4506	1036
4455	1549
3116	50
4933	609
3780	2698
4419	3685
2831	2436
2575	2118
4156	184
4493	3322
5130	1091
4859	601
1704	1162
4245	1215
4391	1270
4033	472
751	285
841	694
3739	2199
2594	27
5034	1524
4928	1953
4600	1670
3807	2189
3107	1537
3559	2605
3264	893
2108	1627
2569	1252
4863	1215
3444	2802
3952	2820
4057	7
4030	2438
1402	161
5114	3853
3322	3245
1579	1465
1667	300
1553	637
4274	1920
4368	1877
4027	2436
2852	1408
1444	114
4889	704
4526	3003
3713	704
5042	919
2504	1677
4096	1056
4896	7
4368	2582
1203	224
2307	866
4114	3236
3941	2775
5040	2438
3747	3293
1873	1556
3537	1546
4094	2567
4949	2404
3202	8
5107	4027
3568	2909
2938	2212
4920	3116
3724	1058
3722	1215
2699	1637
3563	3488
4871	3673
3478	2934
1641	1203
3498	618
4033	2795
3380	1551
4105	268
4231	4070
4244	3810
3331	2240
3782	1936
4508	4480
876	855
4644	1272
1617	1492
4433	3736
5079	4156
4311	3270
3863	1749
2362	28
5062	1884
2547	355
4863	299
271	92
2476	1215
1710	1514
5068	4235
3591	2027
2182	1914
4772	7
4358	3736
2370	224
5010	4606
1014	434
4863	867
4540	1113
3694	2972
4039	2934
970	67
4156	114
3724	618
3528	3466
4156	2206
2615	258
2698	2573
4929	1156
4831	1020
3488	1774
3231	739
1077	353
4361	885
4728	3444
5135	3512
2390	1248
4694	1215
4399	3474
3114	2801
1920	1094
2956	2882
4968	2882
4393	3590
4972	3264
2417	2199
551	549
4324	4193
4580	3124
3116	190
4907	4642
3780	643
4902	4386
2199	238
5122	686
3534	3116
4970	3650
4766	2857
4236	3114
1750	632
3116	2506
3107	1507
1705	773
2605	2347
3019	3003
4399	2946
3404	3264
2882	759
4814	2019
3590	3580
2406	1412
4040	3514
2922	1549
3988	2270
3586	970
3369	2844
2362	92
1505	1067
4004	1549
364	355
4993	269
1202	751
4409	1293
4399	893
3839	1844
1252	259
285	180
4070	1113
4033	2653
4517	866
4151	1119
3696	1983
2939	1602
3258	2108
4384	3116
3114	601
3988	2798
1619	983
4259	4258
4156	1105
3736	1959
4376	2582
4336	3014
4863	2798
4642	2625
1390	933
1775	92
4861	921
4130	1727
3493	300
4978	3490
4780	917
3367	980
5083	611
4176	3361
4368	1460
2802	832
4156	105
3780	664
3696	1614
4972	4088
4441	3208
2030	580
1603	1524
4873	4033
2341	920
3012	2108
5023	2716
4685	2518
4051	2207
4070	144
3905	2241
4236	33
3730	3116
3116	578
2735	1936
1463	1108
3695	2171
3488	1684
3589	1438
4929	3713
3116	2287
4393	637
3116	580
4405	1627
1722	443
694	326
2723	800
4929	4598
3650	904
3439	2573
1717	269
2691	2605
4950	3043
4388	2461
4404	4308
3352	2777
3245	3116
3105	1037
4873	1444
3691	3646
4142	1873
4480	2567
4156	714
2108	1546
4311	1017
2199	452
2637	601
2347	1617
3685	867
4600	2744
1560	863
3116	2979
3513	153
3390	293
2460	2207
3228	2818
991	283
2621	1993
3352	246
3739	2417
3782	2051
4235	1292
2406	71
4217	4105
4493	1537
4674	2939
4236	3905
2390	1840
4095	2704
2270	1670
3424	33
1704	452
3114	1680
4494	1521
4161	3945
991	284
2912	2708
2728	1873
4478	7
4169	2362
1920	1034
837	364
4070	626
4902	2406
1680	1661
2946	637
2438	970
4033	1677
2967	2476
4783	1873
5105	1893
2459	1218
2775	1202
4123	2460
1109	111
2541	1348
4399	4273
3354	1897
4154	1108
176	121
4156	751
2938	2353
2904	1778
4602	3204
4729	4558
4156	1524
4045	3573
1272	673
4399	1202
1532	1444
3542	750
4780	1546
2735	1352
2010	885
3116	903
1404	664
1503	963
3017	791
4863	2118
2496	664
2157	1543
1598	791
4493	1058
1583	893
3300	3116
4872	4645
4719	2310
4988	2966
4156	1302
2517	2051
3863	1108
4763	3674
2743	123
5082	3400
4861	2031
4968	4051
398	327
3669	3116
2703	1272
2255	353
4053	751
3116	3107
3116	2130
4928	2897
3589	1914
4156	3121
4412	1932
4728	3488
1797	12
663	309
2605	759
4863	3512
1215	340
3019	2534
4815	3488
3905	748
2561	2512
4399	4045
1705	808
5004	2224
3439	611
4947	1215
3116	1693
4580	30
2844	43
1444	970
4211	2807
817	269
3935	1378
4876	2900
4053	2142
4017	2726
4156	2131
4554	2181
3646	3435
2329	2077
4544	1726
4928	1893
2985	2030
1937	1710
2593	2181
2438	1946
4272	1873
5041	193
4169	33
4841	1929
3506	129
4580	1539
4719	1591
3670	1322
4399	111
3493	892
4169	1549
3506	2232
2438	403
1058	7
4480	1677
4002	2704
3810	1168
4772	2118
1272	151
1324	151
3857	1396
4831	4292
4923	859
1156	991
2287	1692
4110	3739
3705	3478
2010	1537
2513	269
4756	2807
4478	3154
4635	1003
4362	3380
1741	1455
4124	7
2390	2031
3227	68
2621	1717
4674	1661
2605	1487
1215	1094
4077	1338
2858	92
2919	2605
3971	1444
4156	4124
2242	881
5004	3747
2567	2142
4764	2478
1705	925
4760	2946
4899	2254
2852	1983
4156	879
2535	920
5028	4653
3851	174
4189	3101
4156	3458
5082	3588
5129	2118
3116	1113
4972	3988
3890	3620
4763	4685
3139	2569
3116	2755
3930	1585
5004	7
5068	246
2575	1983
2203	1549
3225	1003
3876	860
3086	2774
4869	970
4544	2531
3881	284
3123	871
4051	3538
4859	3724
4156	3305
2341	1494
1602	1423
4814	2661
4334	2446
3619	146
1445	1128
4615	1324
4674	4600
1113	28
2837	1914
2438	1671
3863	580
3724	2775
3121	2939
5109	3107
3685	1983
2118	284
3884	3107
4000	2605
3945	434
3494	1108
4542	3953
4120	3623
2199	111
581	192
1560	1037
4907	2938
1215	1091
3838	141
4518	1833
3542	2870
3488	2199
5114	1905
1750	1432
4642	3982
5021	2065
2015	176
3950	25
2525	907
4789	773
4955	919
4470	3116
3561	12
1930	1833
4105	1858
4070	2967
5121	4701
2703	832
4929	2867
4924	3116
4219	1858
1453	170
4819	1324
4534	4105
4985	1641
1551	1108
3650	921
4105	2482
4743	2808
3075	2698
2934	1198
3264	2438
1727	1077
4783	3527
4708	4329
4274	3245
3623	757
3853	1727
4653	285
4972	867
1003	890
2142	1108
3943	1766
3673	111
2901	1227
4336	1250
3116	490
4594	925
4202	1642
1262	739
3366	551
4105	2625
4348	3568
4088	3056
4861	4586
1058	476
4848	551
1741	8
4929	1938
3653	1203
4030	452
3646	1012
4867	975
4766	4156
3380	3081
4972	2661
3589	3175
2942	1507
2047	750
2547	71
4397	2938
4274	580
4964	4068
791	548
4480	3512
3474	1215
4399	3818
4902	3116
3367	150
4480	4094
4576	4129
3905	1182
3352	1396
3116	1272
4144	2802
1873	1503
4156	2707
1283	329
4399	3264
4097	3279
300	293
3107	273
3264	8
2904	2434
4017	3559
4970	4783
4193	3439
4156	3157
4636	3754
4929	3827
4399	299
1973	667
4033	867
2717	1113
1917	1692
4578	2807
3542	1844
4594	1666
1094	580
4019	3124
3228	2239
3483	3116
3116	1873
4588	3988
1058	580
1667	28
4701	581
3847	3185
4156	3195
4302	3513
1571	409
4480	4033
2575	1510
3188	601
4192	318
2584	1433
4097	3264
2627	476
2775	1677
5114	4033
3641	1732
4405	3324
3538	3116
5062	3081
1218	1195
4611	1671
3961	3696
4760	751
4156	1431
4859	3853
5078	2241
4156	2946
4955	3659
4156	3963
4848	3623
3124	292
2242	1003
1741	1619
4716	4398
4508	3121
2438	1642
3956	3367
1505	1215
4972	1553
2770	1252
4105	1937
2605	609
4405	3442
3264	1202
2027	1269
2108	2026
2413	1374
4196	3580
3930	694
4105	2455
4743	1670
3380	2561
1951	1617
4000	893
4124	800
4059	3723
1936	887
1422	1031
3685	3228
4161	4156
4809	452
4019	3493
3780	914
5020	581
4202	3279
3548	618
1423	593
3548	3116
2969	1912
3116	2457
1215	1161
3175	25
1710	757
2438	1666
4097	2605
4156	3182
3739	2118
3656	612
3228	2763
4404	1294
4905	4819
4517	2909
2795	2270
4928	1537
3566	649
2704	2547
4270	1477
2725	1215
4388	1269
2013	548
2605	2310
4636	4583
4156	544
2795	43
4729	2118
4196	3590
3211	282
2172	161
2626	2142
4729	1912
2714	192
4902	871
4929	1012
2124	1227
2153	1108
3542	92
4077	2299
3674	1677
2541	967
5151	4036
2438	88
1301	1271
4132	580
3724	1287
3202	2755
3116	232
4045	3853
4719	2582
3677	3114
4968	1641
900	66
1692	1444
5034	2939
4861	4235
1256	1024
2039	747
4976	3851
4872	1491
1575	86
4156	1740
1408	192
3736	3358
4728	1590
1834	673
3114	2877
3672	485
4419	4064
3289	1058
4105	2219
4861	4763
1460	1365
1619	507
5053	3260
2573	2310
2243	573
2027	1461
1692	129
4305	2476
4368	1560
3694	2851
3705	1037
1790	1706
4070	3947
4600	4088
3056	2939
4156	3525
2728	2438
4399	1444
4802	1445
1248	573
1215	925
4968	836
2172	250
573	168
1717	1583
1444	1058
4156	3641
1462	1119
3116	1543
4976	1227
2247	153
4508	2755
3548	2627
4819	2390
4814	1517
3959	2763
1480	1248
3435	2027
3439	3101
4517	1546
4326	2698
1641	509
4929	2627
3644	3254
4870	1215
3646	965
1912	1571
4831	2546
3361	1204
3580	3548
5083	957
4053	3245
3534	2118
5021	2909
4508	3724
1537	1194
5010	2203
1324	573
3686	477
2241	1105
4295	2027
3400	357
3410	3116
3512	3056
4206	293
2438	1628
5146	1461
680	673
4070	2055
4045	3944
3490	2370
3307	1422
2914	217
3840	2534
4156	181
2698	975
2861	2472
3669	2414
2071	2031
3279	2142
3685	2561
3267	3202
4711	4508
466	92
3116	1221
4580	2533
4033	1722
4978	680
4088	3988
4844	4433
2877	1677
4156	3344
3685	643
3116	291
4873	4220
4023	297
2254	2118
1946	1215
4097	2362
3488	1752
4105	1877
3116	2500
3488	3380
4033	1202
747	476
4105	1371
1873	49
3580	1444
4151	1617
3780	2495
2262	2063
4879	4097
3116	431
4086	576
735	664
5068	3774
4398	2704
4814	1294
3944	1692
4227	4156
2118	1338
2224	1422
2476	1444
3705	67
4870	2951
5004	1215
694	673
4814	3884
3538	353
1460	1119
3116	770
1537	690
3367	2801
3590	1215
3720	1993
1322	509
4677	2097
4861	2531
3017	1628
4970	1492
1673	1465
4138	3361
2026	1546
3685	3201
4809	328
4598	2051
3752	611
2338	1537
1585	411
4526	1000
3590	1680
1617	1001
2605	142
4397	1710
4674	3853
4274	1094
4070	3470
4719	2589
1670	1202
4206	970
4070	542
2775	1617
4169	2904
2653	1905
4156	2627
5035	816
4480	3474
2829	2625
4642	4575
1465	893
4976	2013
4073	611
2862	2420
1833	1036
4336	357
3188	1444
2593	181
3720	1318
2160	1726
2702	2438
4960	1270
4406	1684
3481	1462
2861	2653
1015	734
4972	4193
758	50
1692	1619
5130	5107
1024	655
4206	2240
4273	867
3930	1912
3154	1075
859	246
3361	190
3493	30
2482	1422
4130	3279
4302	2813
1750	1537
1722	1202
3769	1726
3450	800
3279	877
4801	1929
2153	1302
3451	1243
4156	539
2661	2460
477	293
4019	1113
1251	1020
2939	2438
552	49
5105	309
2541	892
4861	1704
1671	580
1275	837
4097	1537
4211	961
3981	1891
4073	2605
4376	176
3730	2698
4729	1571
2531	372
5068	1884
1983	975
3081	2561
2852	282
2406	791
4406	1215
1722	325
4358	3943
5083	2782
5062	1404
2155	1270
2118	1692
4493	3840
4001	1058
481	480
4326	2525
3987	1505
4870	3840
3961	3512
4329	3829
5129	7
5043	4861
4569	2118
4499	1243
3568	1951
4358	1687
3580	1408
2818	890
3175	28
3678	326
2389	1539
5042	1113
2512	2322
3303	2016
3116	2390
3116	882
4763	2031
2233	887
3919	2887
2015	114
4831	4156
4273	4130
3572	2661
2919	2698
2071	1248
88	67
4734	2438
3116	2627
1671	1248
1113	111
2887	2536
2190	2118
5010	2541
4598	1113
3228	3201
4156	2911
1171	1044
2946	2270
4399	1895
3988	1553
3231	1098
5040	1884
4929	2254
2019	190
5082	4968
2390	88
1692	601
4405	3228
4621	3116
1422	670
3739	1742
4027	973
3478	1250
4801	1444
3646	2258
3439	957
1553	111
3549	1128
4156	2457
3549	1056
3116	2317
4558	1912
5158	269
4598	3114
3604	763
4759	3650
2985	904
3380	1673
3686	3442
3944	2882
4621	2947
3081	1692
4968	92
4156	649
3920	1920
4960	1864
801	652
3116	1370
4950	3839
3589	27
859	300
5147	2118
1215	285
2567	1661
2625	1643
2373	1973
1917	165
2996	632
4929	2716
1287	1122
5138	1425
4558	2969
4972	299
4642	2698
4220	3116
3121	1661
2625	1215
4993	4877
1726	1705
5082	1581
2846	1643
4863	2755
1445	1215
4783	168
4202	2775
3840	2752
2698	1338
2502	673
4621	1812
3056	1453
860	255
2568	1551
3116	1333
2909	1501
1546	238
4053	2653
1546	509
3591	2438
4880	3367
4399	4393
2698	877
5113	1215
4362	506
4907	4095
1197	477
3542	3116
4580	3493
2067	25
2714	2575
4406	1603
2912	7
3580	2495
2605	626
3116	1680
3795	3116
2752	2358
1641	1438
4890	2713
1946	1444
3739	3366
3436	3116
3444	1692
1505	1422
4327	1422
5079	476
1743	1227
1422	1203
2569	1932
2541	1215
3988	3935
837	66
3723	3124
1444	1208
3705	1505
1113	593
4386	2137
4802	3116
4326	202
4017	1002
3249	88
5034	4841
3367	3114
2972	1970
4045	1024
3116	1402
4728	4478
3188	3074
4815	1897
4156	3961
3116	3041
1003	123
3439	2582
4719	4714
2915	1517
1993	1271
4719	1690
5082	3805
1680	246
4492	4311
3069	1537
3731	3159
1953	1422
4478	3677
4053	3853
2605	1424
2593	329
3056	867
2203	822
3590	2616
4861	1248
4070	2212
4002	1465
2172	285
4202	4156
3367	748
3769	1422
4036	2702
4863	3116
3264	2605
1470	991
4053	3322
4728	893
1352	812
4156	3571
4923	4480
4145	246
1215	378
2406	1742
4480	3201
1727	923
563	269
4059	2335
4869	398
3674	174
4760	1444
3289	2653
4105	939
3853	1058
2584	2067
3007	309
4940	2438
3322	2590
4871	1674
3114	980
1670	1302
4156	267
4872	3559
4156	2530
4156	4057
1094	1034
1457	1044
2299	1844
1796	885
4156	3586
325	110
3116	425
3114	1067
1603	580
4353	904
3279	1603
4487	2605
1270	6
3208	1046
4621	72
4845	2867
4156	3956
4272	1444
5062	4791
2775	2653
3323	2716
758	224
1598	573
3108	1952
4674	4480
4097	1710
3307	2108
4033	111
1680	111
4907	2438
1030	673
4476	2199
1873	295
4890	917
4156	1000
5072	3810
5038	2407
3493	1505
4861	570
4763	2985
2799	27
973	903
2901	2370
5136	3586
4929	3139
1039	680
4053	2946
4580	3444
2390	2306
4339	1215
3694	911
4094	2270
1531	952
1732	129
3818	2946
3389	1873
4130	1537
4876	655
995	22
2798	2048
3840	2347
4780	1913
4391	3116
2605	1790
176	123
1677	1423
1546	271
510	387
4156	2728
2698	2067
4870	4220
1444	285
4156	2071
4645	3380
3754	1093
1873	626
1269	477
4272	4027
2026	1113
4831	2207
3035	1538
1936	812
4924	4156
2726	43
4376	1075
4923	3056
4859	2472
4457	3116
3930	728
1549	965
942	161
3834	2605
3069	1727
2203	88
2118	1551
3390	2799
4719	2708
3352	268
1108	510
4376	3686
5055	4903
4156	1109
3344	2996
4376	2438
3912	1079
1844	1741
4976	921
3116	2900
4492	640
4876	3512
4156	2144
3344	2582
4691	3361
3108	2698
4151	3344
4132	2518
1215	1115
3547	655
3566	1461
2852	867
1666	1537
4043	2153
5023	2027
3116	1775
2338	651
4575	300
4045	7
4575	2684
3121	1524
4735	2488
2347	123
1844	124
4674	1024
1322	224
2230	1505
4151	1692
3963	2569
4725	1770
3493	1283
1726	1673
4915	854
885	542
3555	1396
2335	892
5139	4156
4236	2241
4258	3812
1108	1017
4406	1704
2531	1710
3157	2605
4764	2438
4518	7
4105	1330
2181	1251
1812	1727
4645	1697
3198	1710
4120	973
4844	1281
1585	326
1623	224
4719	1491
4323	3930
2818	2575
4580	101
4458	3515
2713	2118
4652	4156
2224	1324
4615	4601
4040	664
5147	3116
4196	2755
2322	1252
3231	1652
1638	142
4783	1704
3694	3231
4478	2726
3116	3003
4964	3328
1641	758
2241	649
3047	1726
2987	1322
3736	1165
4907	961
1537	543
4821	2569
4193	72
2615	2438
3626	2912
3231	2230
3826	1844
4905	914
4236	3406
4323	2370
2118	1912
4725	2617
5058	3267
4674	2153
4053	476
4033	2472
2374	735
2118	1097
4493	4156
4646	1617
2938	1666
4391	246
2912	443
593	299
2713	1726
4193	4105
2428	284
2703	2335
1444	1109
5122	4323
2120	327
4478	1352
3116	58
4433	951
4067	783
1858	603
4756	948
3589	224
5146	3114
4405	1692
4756	1930
1015	92
3116	452
3919	3201
4621	4601
4880	4728
4479	1766
2027	88
4105	3052
4156	109
4656	1438
1667	1272
4478	2870
3264	2130
4393	1503
3722	1560
3116	892
3424	2605
4086	3646
2919	2516
3774	2438
3674	1215
5159	4070
1560	570
5138	3344
1920	1720
3116	1712
3116	477
4494	2047
4729	4145
3116	2447
3488	2735
4968	866
1546	1113
4067	3007
2763	1402
1720	1709
4196	1553
3920	2605
2541	1736
2728	1444
5122	3116
2496	879
2901	892
2863	2118
3400	1110
3730	2605
4537	3649
1002	158
2608	1098
4404	2447
4871	255
1666	432
1202	855
2967	2438
2661	817
3247	1030
4928	1674
3580	618
4376	1491
4993	750
3129	1136
4760	4493
4863	2775
2013	1215
3116	694
3739	2703
1549	1156
2438	1489
4955	3807
4993	1032
4652	1261
4759	3851
1670	161
4323	2799
4478	3116
4156	485
2438	961
4789	961
4728	4594
3024	1727
2966	892
86	58
1537	144
1673	1444
4615	1422
3589	2182
2436	1108
3694	3390
4819	2013
3116	1918
656	258
3568	1481
5055	2546
2476	1505
4126	1930
5035	1900
1705	988
3328	1042
4145	3267
4156	56
2605	2417
1445	3
5033	2031
3439	2698
3003	2605
3349	3116
1037	7
4861	2547
2206	1009
3724	2142
4156	38
3590	299
3920	3499
1726	923
3116	1211
1741	273
2877	2851
1740	1712
4978	4532
4023	618
4760	1905
4145	2608
3694	3488
3542	2398
2698	1198
2852	664
4278	1973
1603	855
3586	88
3714	2605
4870	1726
1334	33
4554	3116
4258	2360
1873	1692
1444	942
3653	1641
1455	509
3603	3072
3264	2661
2370	1467
3488	2353
3668	3116
4920	3356
5118	2966
3574	3116
5107	4095
4841	1674
4976	1704
3056	1670
4478	1198
1371	325
5104	1444
4861	1598
4105	2181
4368	3351
299	161
3362	1368
4145	2118
3163	1283
4685	2699
2915	1277
3114	1677
1113	459
4493	4070
4763	1514
2438	703
3264	1684
3891	2130
5042	1770
4399	2775
5151	3007
2811	1674
3404	151
2438	2048
4652	3547
2605	2534
3116	2600
3424	2442
2739	1710
1791	652
2829	1727
3590	2173
5061	491
4872	92
1757	1463
3682	2912
4872	4326
5079	4033
2118	842
3590	1270
1162	904
3209	907
4841	4027
3143	1873
3116	1642
4376	3739
3580	2616
3342	1666
4929	297
4880	748
1422	1079
3884	1294
5035	95
4841	2244
2071	841
4033	3853
4728	2627
1983	1833
3318	489
3739	1252
2625	1667
4235	1324
4055	566
4734	3114
4105	3563
4105	327
4302	1834
2541	1777
3797	1444
4399	3202
4640	1203
5072	1777
4540	1710
1322	595
2406	738
3393	1537
2617	2250
2684	2515
4863	2270
5032	3840
4869	2120
4759	904
2331	1215
4057	1505
4923	299
2575	192
3705	1414
4067	4036
4985	3107
2985	2438
3116	252
1197	351
4685	4156
4940	580
4815	4376
3559	2698
4055	3116
2240	1035
4809	773
1884	452
3881	842
2401	288
2818	690
2617	1766
5107	1726
4156	1538
3573	3114
4172	4156
3694	3227
3827	2605
3930	1571
4441	1243
4719	2691
3810	3159
2724	2338
4972	4508
1884	309
3617	2852
4760	2547
4156	1022
5021	4981
4236	1182
4372	3390
4376	2731
3406	1727
3488	2515
1705	948
1951	1645
1652	1098
1036	43
2584	1966
3392	1119
4480	3702
2770	2582
5035	4336
4630	3573
4975	4902
3116	586
4863	4399
2801	1487
4151	1098
4419	704
4480	1661
1461	1093
3548	1444
664	643
4976	4759
4685	970
5058	2435
4005	2015
3154	3090
4120	2615
4766	1215
3943	3451
4463	1422
3736	2743
4144	2362
1727	1517
2661	750
4156	3534
3390	1667
4743	3930
2605	38
573	452
881	576
4940	476
4580	92
4156	3884
4560	3905
4156	1752
4928	1433
4674	1108
4642	1537
4237	773
4105	98
1560	1215
4156	3572
4126	580
1705	651
4070	95
2172	1208
3810	327
3341	2919
2775	1491
1937	1281
3443	580
3047	1537
1667	362
3481	1322
3198	1884
2723	88
4156	2370
2438	1603
3116	30
2438	1338
2909	27
839	283
3769	2605
4311	4246
3646	158
1537	1517
3506	1929
3116	1444
1205	67
2569	704
4040	1252
1537	1465
3943	2938
3669	2704
4482	1891
4677	1340
3528	1752
3450	7
2714	114
3488	2492
3941	1108
1265	612
5033	1444
4729	4323
4867	4105
2534	121
2153	1603
1414	489
4156	3056
5062	1929
3226	1197
4156	3880
1590	1113
2755	637
1834	1063
4342	2947
4019	911
3590	510
4570	3116
2985	88
2795	1444
3920	2575
4077	1231
3300	1202
2438	285
3307	177
3674	1037
3159	3116
4457	2904
4880	3905
2964	1722
1178	327
4165	3380
616	300
2692	1906
2142	1733
4094	2173
4349	4005
4045	1946
1607	917
3947	1444
4468	4033
2515	1402
4070	1034
2118	1444
2030	310
3808	2698
2698	38
1710	1162
5041	2818
3920	876
3202	1553
440	92
2306	935
4685	1560
3566	3367
3409	1322
1532	1396
3116	2197
4876	2871
4985	563
4621	176
3056	2142
736	474
489	28
4376	1812
2698	690
3810	890
1105	110
4863	4600
2512	2370
4273	2567
2067	1873
5079	1661
4402	2374
4215	2272
5151	1215
3839	1741
3101	703
3121	2755
4636	3369
4231	2975
1294	269
3202	2798
4923	4863
4388	1108
3116	2832
4036	3439
4760	2653
3812	812
5159	1619
5062	4156
4730	49
4202	3573
4861	3198
2715	1227
2728	327
4215	1455
3713	300
4033	3182
4924	2977
3590	1109
651	189
4664	92
3416	2763
1752	353
4598	443
4156	2929
5091	1465
5079	4088
3202	2661
1692	1119
3724	1113
1840	1215
3279	2861
4869	4070
4408	3208
3573	2438
2347	1695
4580	1946
3488	332
4417	1477
3344	6
3301	1893
2417	1727
5113	3590
2329	1444
850	757
5151	4711
4001	2438
4511	899
5041	1987
4070	3054
3228	1503
3119	2247
5071	1873
4960	4728
4921	1752
5083	2670
3185	2625
4290	1708
4094	1524
4638	1227
4206	3231
5114	4859
5041	1481
3094	2460
3486	2118
4405	2723
5071	2698
4872	1619
292	158
2605	2010
3116	3090
3116	994
2476	2031
2051	1897
580	510
3493	2582
4480	2909
4193	367
4928	3632
5122	4588
3067	1164
4329	2190
4245	3674
4053	2755
3116	1966
2763	1227
2966	2704
4903	1422
4879	2739
2801	980
4970	2224
4988	595
3202	1094
4156	1255
5109	1322
4053	1603
2852	914
2517	1056
4923	2627
4694	4105
1105	649
4406	921
3016	1873
2472	618
3322	871
4302	2254
4815	1162
5028	670
4220	2353
3357	2438
1503	925
4326	637
3779	214
4615	3007
4591	1590
4336	4156
4156	3201
3905	3566
5078	918
3116	1789
1432	329
4369	270
4580	288
2582	2118
991	109
4598	1727
4985	1623
3016	22
4850	1726
2362	1816
4960	4145
3245	1720
5138	4165
4508	1444
1461	649
4480	3818
4890	1683
3273	673
4544	4156
4433	1652
2406	288
5146	5044
618	137
3512	1524
4897	914
3155	836
3116	2927
1938	101
4246	3853
2181	269
5041	2972
3116	1289
4832	1740
4105	1255
5021	4517
3108	551
1722	1108
3812	2735
4668	2478
4045	2369
1754	92
329	214
4653	3116
4889	2
4921	2481
3722	3435
4601	2917
4699	92
747	580
4033	580
3574	2956
4156	1947
4297	747
1056	879
4576	1227
2985	1453
4972	510
2950	2698
4645	1864
2370	409
3114	110
3588	3116
4719	92
4219	1705
3121	3056
2108	92
3646	1119
4870	4819
1844	333
4815	2605
3116	1168
3258	1546
3264	1428
2811	576
2360	1078
4896	2402
2584	309
4154	2243
4156	3193
4880	285
2472	1034
4583	1215
5091	1727
4033	3988
4336	1888
1422	365
4905	1093
4644	1119
4104	2605
3810	246
4144	4019
3488	1086
2495	38
1510	1122
3105	1505
3538	2447
4947	3116
4206	2774
3980	3810
991	718
5043	1171
1603	867
4760	2698
4809	2155
4570	4105
4272	22
1549	551
4156	4027
1227	942
4045	747
2698	2406
4874	1912
3357	1048
1108	110
4202	1722
4220	2985
4783	4053
3512	1677
4872	3056
4861	2071
1063	673
2616	1603
3672	3279
4156	2283
737	474
2807	1930
4714	2844
1884	1598
4560	1182
2477	758
2410	1525
3223	652
3249	2241
757	293
5082	1705
4600	3056
176	92
4554	2837
3641	3304
4872	2536
4825	4809
2867	2701
3056	2270
2698	838
4019	2625
4267	900
2724	1114
4653	345
3264	601
1119	123
4588	1215
4144	33
4508	4399
4728	4391
3159	2438
5136	2108
3528	3262
3566	980
3847	3506
4376	1109
4220	2438
4580	1422
2055	1727
4591	1215
4236	601
3103	2384
4156	3941
4869	1178
3019	269
4940	1491
4340	1270
2791	2051
3116	2775
3351	1465
2573	1215
1873	271
1444	983
4897	2495
4814	1619
4780	2108
4580	271
3301	2969
2837	50
4070	1903
4635	3040
5151	1433
2912	2538
2996	1740
2027	1108
2118	1460
4693	2956
4844	4156
3568	1110
2374	77
2531	1505
4156	2547
2472	1058
1168	476
4972	637
3810	1581
4096	1031
3121	2243
4976	904
3646	27
4156	2567
2030	288
4033	747
4156	2965
5122	4780
4831	1271
3644	3641
1671	1162
4077	2188
2600	1503
4412	1017
4156	816
4156	233
1505	530
3621	3586
4991	4156
4518	3781
2775	970
4405	1798
2153	2142
3362	3116
2472	1920
4399	593
2782	1726
4086	2475
4156	1485
4502	3116
1914	1741
3705	3390
5079	2270
2472	747
3891	2870
3017	311
5136	1505
4196	2798
2118	1465
4890	3032
4677	257
2051	812
5122	4580
4045	2048
1929	1503
2625	1749
2072	814
4929	2944
2531	970
161	25
2708	2404
4580	2704
4572	3116
2258	773
4664	1113
4002	1766
4859	1287
4970	1671
3884	434
3352	1444
2230	1461
948	580
3786	1113
3537	489
3488	1182
1221	25
4105	1189
4408	3116
1680	1094
2497	27
1546	890
2714	2118
2203	789
3820	2698
4735	4502
2974	192
3435	2031
4156	2091
4728	3436
1903	551
4615	2515
2966	1549
4127	1503
2704	1189
4902	2211
3204	1549
1619	209
4586	4544
2753	2118
1695	694
2939	2270
2808	645
4156	3143
4840	1461
4070	842
4874	3930
4813	1215
3961	973
750	434
4156	770
5061	4891
4174	3840
3074	1778
4814	4640
4487	3528
3116	2972
977	25
4384	2568
4342	2716
4653	2118
3509	3312
4472	3542
4156	552
3818	2048
4311	1932
2615	1215
3336	1014
4156	3744
580	551
2077	855
2605	1269
4968	1692
4058	1078
1856	1461
3357	110
4502	4189
2142	1585
3116	730
3941	2912
4831	269
4077	3054
4819	1414
5028	285
1844	817
4145	1791
3304	3
4274	1058
2844	1036
2877	748
3853	2270
2748	1710
2661	2447
3590	637
3834	2915
4156	2527
2625	2104
4493	1727
4859	3300
3462	1422
4093	1692
1692	1445
3344	1780
3105	310
3369	1930
5122	4480
4385	3341
2653	2232
4070	743
2390	67
1959	1488
3780	1404
3116	7
5058	278
3943	2966
4412	4165
4273	2798
4929	1524
4053	3116
2003	1455
2897	2625
3617	33
4156	1034
2795	2438
3175	1215
2241	601
4176	2214
4873	2438
2547	2531
3157	1108
1723	748
3857	1215
4105	660
4068	3673
4764	95
4508	2775
4711	2118
2118	114
4870	4156
1726	626
2142	1524
4095	714
4156	2390
2605	877
4045	3548
4463	4156
3499	1113
4653	1108
4144	1113
2118	111
4950	1108
2438	443
1973	855
2929	1480
5147	1215
3512	867
4298	3086
2277	1198
4921	3116
3116	1123
3054	2625
4036	1444
4156	3591
5053	1444
1365	296
4156	3357
1366	580
4324	2232
4674	1287
4399	3408
1411	601
4580	293
1727	153
2181	670
942	735
5047	4156
3367	1105
2114	2030
4393	2584
3919	3116
2807	398
3439	151
4580	3416
3810	3588
1488	1318
3361	1271
4998	3736
4621	3101
3674	2985
4353	1671
3961	292
2852	1525
4005	3124
1422	309
3356	1215
1444	690
2714	1983
2582	1444
5078	2877
2975	412
4156	326
1822	1732
3060	2051
4615	2917
4507	3380
4416	1585
4814	333
1549	25
2173	2142
4928	2862
4560	4236
4064	1182
1774	1108
3300	3245
2118	963
4339	1113
4156	2939
3853	1873
1119	585
3249	2605
5151	4928
4725	1712
5092	285
3686	1197
1875	1671
3650	1671
5072	1113
3739	2335
2934	2605
2974	750
4508	4274
2698	1422
1318	484
3116	240
3694	129
2525	2390
3116	1852
5062	530
3771	1677
4763	2569
4156	877
3201	2798
3017	2438
3685	3617
2887	1791
5072	4841
3515	721
4890	3328
4372	3919
4156	673
3549	1031
4376	3528
2625	169
4921	1108
1774	92
3451	1741
2951	30
3116	2241
3116	1897
3228	92
4145	3493
2575	925
991	839
5114	387
4132	1202
1113	674
4019	1913
2530	2302
4652	357
4384	3797
5038	3488
2567	2270
4070	757
3780	2605
2972	860
1951	739
5114	4506
1324	1248
3016	2476
4030	28
1215	311
4156	1822
3486	2347
4639	4480
4189	2698
1674	690
1590	158
1444	340
4468	7
4621	1433
4902	3911
4675	1215
2770	2608
4351	4004
3701	2698
1893	1847
3444	2335
4728	1332
3591	1677
2496	914
4156	3204
4369	3326
4863	3056
4873	4393
4267	2625
5091	4290
4033	1680
3722	2985
2605	975
2438	921
2939	1677
4189	1727
4156	1692
5136	1752
4554	1914
2530	694
4059	2966
2322	351
3863	1710
3380	1148
5020	4814
4156	1501
3553	1537
4642	1671
2230	2015
3116	826
3300	1905
3007	2438
3056	1433
3114	1148
4070	367
3560	1136
4968	2207
4831	3361
4105	3246
4508	111
4480	2627
1660	491
4879	2254
4978	1480
2476	161
1444	452
1774	1287
2698	759
4156	2265
2677	1549
2541	1840
4105	3839
2153	1670
3116	370
4876	4480
1952	1905
4215	861
3586	873
4419	1252
4478	4002
4064	110
4070	3624
3101	1539
2031	1514
4889	4145
1727	1491
292	12
2985	863
319	176
1953	1444
2224	1433
4783	618
4468	1553
3673	1661
2753	2648
3620	3116
3289	2775
5083	3959
1546	893
1710	1673
4156	4079
4211	1930
4328	988
3961	2013
4365	246
2525	447
3485	770
4880	33
1003	576
4600	4196
4376	1938
4441	1741
2897	2605
2153	299
3739	3444
2843	1590
4642	4353
1897	1283
2625	626
4414	3056
4923	4273
2593	1692
4105	3677
4156	2966
5068	309
4891	3208
2829	1426
4544	3199
4156	2304
2661	1014
3488	177
4512	2625
2975	673
4719	3769
2051	1546
4419	3357
4045	2627
3559	1727
751	88
2448	158
3279	751
1390	923
3867	2646
2307	1107
3853	1677
4598	2627
4644	1444
2755	443
4560	3114
4308	3262
860	737
4764	3014
4369	3542
2811	1579
2743	2118
4268	1465
3267	3228
3450	3380
4329	4039
2438	593
3208	1020
4873	4156
4968	2199
4480	3573
4174	2625
1752	848
3736	193
4540	7
4923	1524
3863	2310
5144	3344
3685	2496
2867	293
3344	1108
3586	67
3867	3116
4156	1224
2616	340
2605	1388
4001	3322
4669	3685
4760	3724
2871	2699
4928	923
4057	2531
1680	340
4394	1422
4949	3116
4274	1034
1797	1492
4615	2702
4156	2692
4809	2196
4388	3839
3279	1058
3351	2698
2698	1311
2934	913
4156	3408
3226	1742
5040	2615
5035	3453
3487	1546
3786	3673
4211	2120
3724	2438
1549	109
4572	4156
4591	2541
4308	2317
3163	1215
1404	973
4088	593
3209	1828
5122	271
2951	1480
3673	2904
3003	2698
3829	2013
3537	1272
1294	209
3116	123
1546	353
5004	2702
3512	593
4854	1396
4940	3724
4907	1766
4088	1603
2270	867
3920	3784
3116	855
5062	3829
4819	1121
4393	2270
2615	2476
4562	1294
4397	2882
686	92
2492	1161
4273	2946
5114	1034
3853	2775
4033	3264
4889	1058
4094	2798
1619	434
4889	58
3116	351
2013	88
4348	174
1780	1453
2404	1579
4120	22
3019	1619
4763	2438
4659	4329
5085	1692
2188	180
1834	1115
3211	2525
3198	1324
3116	1854
4598	618
3201	2867
3262	848
710	299
3344	30
5118	4554
3082	255
3946	800
5091	4193
4004	2829
3603	1750
3357	387
4542	1293
5069	4933
3902	2637
2438	2304
4156	1108
3493	3258
4419	2569
510	123
1617	575
3361	651
2370	1912
4045	3300
4402	1598
2404	1692
3300	387
3617	643
3116	2254
2438	38
3547	1339
2887	789
3202	942
2438	552
4105	121
4580	4463
4699	3116
4942	1538
1752	1712
3650	2843
4362	925
4208	2414
2547	2318
2863	1283
3658	2114
2798	2795
3916	917
2929	387
3304	2703
4156	904
3300	1677
3589	1003
3673	3380
3853	710
2214	269
4923	4508
5062	2495
4336	270
4861	3650
4480	1465
3922	209
1225	92
2438	2071
3503	1056
2322	680
3840	310
2617	870
4000	2698
3696	1036
3478	2698
3116	3025
4735	3528
4399	637
2118	269
2887	1549
3442	2502
2108	440
2534	1726
673	412
1094	1058
4156	2360
5062	2900
4923	3202
2019	1507
4077	3247
4970	4644
4302	3116
4485	2934
3120	1537
3116	1708
3289	1720
1267	310
4480	2616
5129	893
4719	2782
4311	3840
1873	284
3054	1726
2124	739
1791	757
1215	587
3685	914
4493	2625
4598	2438
3116	1912
4615	309
4929	1270
2506	214
4880	1677
4928	4615
4880	3114
4328	651
3839	1215
4156	821
3406	3114
1617	890
3116	2725
4637	1726
4073	970
4580	2904
4311	2156
3445	640
3591	1215
2476	1503
4405	3604
4907	1251
3107	1243
4073	88
2582	892
2692	1461
4393	2798
3548	2946
4096	879
4886	3279
3512	2142
2723	2476
3116	1218
192	114
2880	2653
4326	1677
1966	991
1108	359
2616	1444
1108	1036
4985	3589
4701	4640
4928	53
2798	593
3853	751
3404	2506
5079	3988
2360	1352
4760	4053
2118	1270
2714	1260
4517	2569
3352	3267
1844	273
4508	476
4232	3116
4532	2438
2003	1546
2807	1178
3488	2051
4308	101
2322	247
4808	3380
3853	2142
1465	1405
3344	923
4480	4399
3445	300
2966	2370
3926	903
4386	651
2593	2460
4326	2939
3149	2417
2725	2713
4323	1951
4038	860
4165	1864
1215	1067
4156	2335
3863	2702
3114	2506
4246	1017
4248	4156
1742	1269
4308	3116
5040	1598
4437	4295
3289	729
3658	3538
4342	3774
4642	1272
5010	2230
2710	2460
5107	1269
4576	991
3385	3367
3344	3105
3920	601
2798	1423
2118	694
3453	1947
2675	1618
1677	472
4659	1531
4399	3590
1627	489
3114	2569
4866	3748
2882	2031
970	88
4478	259
3573	2775
3300	1058
3943	1562
3493	3369
1848	758
3204	358
3619	1094
3116	1951
3228	903
1583	443
1914	269
4156	2846
5078	1906
2541	1435
4833	1272
3646	3225
2798	1524
4017	2171
3116	978
1873	757
5138	4156
2863	285
4070	3804
4760	2939
2531	2438
3366	1537
837	694
3559	2362
3454	414
2777	925
4725	1438
4045	67
3458	1661
3225	158
2347	973
3780	2496
2797	2019
4389	2504
2922	1422
3354	632
4105	1601
4558	1272
4674	2160
4976	4945
4929	387
4401	4156
4388	166
3014	773
2704	101
1243	1032
2173	867
4070	2190
2413	551
3114	33
3116	461
2438	893
4110	1113
2438	904
3589	758
3380	1283
3289	1920
3481	1438
2700	1983
2358	1905
3202	2627
2698	2691
3674	2390
3685	192
1674	942
1480	680
2755	1553
4070	3959
3567	3450
2118	978
1977	1637
5068	904
2360	808
4897	2496
5151	5072
2774	67
1692	544
4889	4845
4086	158
3503	3060
2374	1841
5028	1283
3116	101
2015	25
3416	1215
4861	1505
4041	1666
5034	3056
2852	2561
1826	1726
4388	3834
4831	3451
4156	542
3589	1848
2698	2608
1424	1094
357	270
1647	942
2939	1444
4193	626
5004	2851
5055	854
2118	345
4928	4861
3920	2504
1727	609
5079	1444
5058	3116
2438	1524
1480	250
664	38
2621	1271
2846	2698
1128	1031
4323	4156
5144	1215
1215	1178
4057	1797
3797	1727
2627	1444
4302	3810
4976	1710
3619	609
2605	2398
3116	3072
4854	2541
1858	110
3574	2118
4105	760
3646	1673
3808	2934
3267	1444
3470	881
359	7
3116	66
751	618
4866	3116
3488	2413
4879	1873
4586	1215
3810	7
3132	2664
5146	1086
3810	1444
3367	2605
4756	2844
1920	751
3810	1560
2007	1215
1058	387
4156	740
4156	3254
4097	751
2027	67
1453	904
2626	1532
2438	1583
3650	2547
4719	1501
3705	2389
2713	1215
2142	637
5055	1020
4964	2114
3116	88
1722	704
5113	4033
3988	1444
4156	459
5061	866
2975	1509
2406	893
4789	729
5044	1487
3116	2373
1720	476
2626	1537
4064	704
4236	918
2575	1408
3940	3381
5061	4103
4340	2915
5062	4801
2798	1444
4355	1136
3587	2118
1294	124
3116	738
4537	7
3116	2703
3688	2048
4156	2033
2818	1603
4598	2027
1549	311
4156	2821
5082	3380
3361	2374
4372	903
3116	2190
3175	2934
4402	2605
4199	4105
2541	1169
1119	411
1692	961
4674	2142
3920	1503
4105	1163
3694	1165
4729	1710
1666	688
1687	1215
2051	651
4362	1708
5078	748
647	269
1912	170
325	22
1227	728
4760	2775
3199	773
2605	318
4051	269
5043	1044
4058	2051
2000	25
1667	925
1585	728
4376	4361
4187	1982
1444	161
4678	1248
3881	7
2795	2142
3853	387
5139	1620
4972	1444
4819	1492
4151	1549
4027	757
4876	2627
4772	1987
1959	1150
4349	911
3247	1549
3406	1048
1930	948
3752	3538
4156	82
3279	1094
4064	3367
3686	351
3586	27
3225	881
1113	975
3754	33
4644	2347
3747	601
3367	2491
4615	4067
3331	176
3121	1444
3941	2753
4813	1408
1948	1590
4766	1620
4554	2182
4368	4008
2704	1368
4156	3089
4907	4398
4544	1727
4600	3747
3016	2561
4372	2265
3163	3116
3677	2966
2438	580
2030	1162
2124	844
4554	50
4156	111
4831	854
4646	4644
3714	3116
3116	3105
3568	466
1525	1408
3988	3512
2242	292
4583	1590
4921	1189
2963	1705
2625	372
4949	893
3380	1481
2637	1487
3782	812
3204	1422
1352	1038
3840	1666
4872	4382
3435	2985
4270	1770
4419	957
2698	2568
4105	3973
3351	3116
3626	2972
694	247
4598	2547
2752	1710
2807	580
1505	892
4972	110
1549	680
3820	1227
4928	2882
4487	1750
4401	2617
2199	293
4308	1333
4760	3685
2118	1208
4754	4105
3572	2460
1308	680
5038	1727
3116	728
2966	1494
2569	1722
4036	309
5151	4861
1704	1684
4372	452
1113	262
3905	601
4760	4132
2801	1656
5097	1460
4073	1344
3322	601
3840	991
837	440
2512	1162
4206	2770
4328	2963
4086	2811
2946	111
4326	3853
3840	2858
5004	1503
983	27
4694	3116
3827	2851
2241	1812
3244	1549
4156	3300
3263	3116
4841	942
4267	202
4220	3754
1677	580
4482	2914
4070	3597
4508	3289
4339	2118
4105	2255
3400	1692
3498	92
2966	811
3646	2625
4156	2031
2625	904
4863	4196
2575	1433
5040	1044
3188	1532
4933	3116
4033	2114
4693	612
4095	2947
3116	199
3694	2254
1119	292
5010	551
2241	2234
4964	694
3264	2627
5020	2214
4376	2055
2525	1645
2232	1339
2306	7
3369	43
4151	3747
2438	611
3853	299
3116	440
4165	293
4876	3591
5107	477
4236	748
1774	1302
4886	92
3116	646
2775	580
1833	1614
2798	2661
4033	2270
2829	2605
4094	3201
4105	2748
1727	757
3380	551
1505	443
2030	1953
4863	4045
1119	357
2946	2142
3056	1094
4869	327
1710	1338
4819	3435
4472	269
4053	2882
4502	3611
3424	2459
4480	4273
4381	1705
1453	580
5041	2547
5038	270
3101	2434
2118	1354
3561	1505
5083	1722
2569	1537
4112	3369
4393	3116
2946	1680
1465	800
4764	1110
92	12
2506	994
3685	1423
4156	3553
1215	978
2653	2358
887	832
3116	2026
4376	1433
1712	1422
4759	2030
4554	2530
2605	1156
3739	7
3905	33
4019	917
1037	970
1873	567
3988	299
4496	3380
2329	1460
2616	893
2699	2438
3494	2541
5028	3116
4870	260
4921	3466
3722	1840
1546	440
4051	1340
4399	3201
4156	3321
2026	1063
2074	560
5003	1465
4156	2801
2153	855
151	7
4955	4270
4058	2791
4518	282
5136	4964
4897	2852
2541	646
2360	2051
3959	1537
3506	1215
3116	1279
3674	1840
1113	7
3646	2406
1461	1182
4863	4156
3953	1666
4145	284
877	576
5034	4674
4508	1603
1905	1457
4831	3915
2232	844
4729	3930
3839	273
4897	3617
485	224
1929	1774
4478	855
4402	3116
4162	4027
1444	300
3705	1560
4064	2569
4036	1677
4998	694
3504	1660
5077	1031
4362	176
3724	1677
4929	4607
2811	877
2898	609
4058	2735
4964	1579
4780	2322
3226	1672
2530	2438
5072	309
2027	134
4929	551
2047	675
4863	55
2743	1119
2799	2118
4412	660
3685	1905
1444	1108
5079	387
4872	1272
2575	2435
1920	580
4554	3935
4964	1667
3116	1743
1202	580
4414	3321
3300	2775
738	238
3590	1603
4189	1254
2438	1655
2476	246
4156	694
4326	751
3223	615
2837	224
4097	2861
4872	2701
2805	106
1265	434
3121	299
3774	1444
1491	101
4369	2829
5126	694
925	180
3853	1094
3116	1251
2605	1463
4841	593
3116	1648
4019	1546
5023	134
903	260
1905	1122
5035	1372
3408	92
2752	1371
3825	2541
4376	1110
2934	2812
2438	114
2755	123
3124	1444
2661	1583
3344	2495
4156	2900
4872	2739
4536	3116
4694	4401
5078	1487
4576	4145
4500	3344
4274	3322
2287	1897
3688	952
4764	2258
4070	3672
3623	1413
3739	1198
4940	3685
4949	3344
5039	4480
192	7
4879	3919
4053	510
2118	1503
5040	2232
2472	387
3016	961
3454	714
4274	2653
4323	1585
4393	2575
3361	943
4876	1537
3829	2582
2472	2199
5032	1549
4916	2504
4398	3943
4326	2861
2515	2495
5053	4302
4206	3555
4861	3851
3739	2420
4644	411
1661	867
4502	1710
4156	3139
4841	4580
3116	1267
1365	1215
2118	485
4070	1063
3812	3782
4840	3236
2573	1549
1660	943
1109	72
3881	25
1873	177
4923	2798
5058	2726
3621	2410
2531	1774
2329	1537
3369	1833
5136	4580
4640	1136
4940	1034
2616	1553
3354	1740
2518	578
4295	4220
4105	156
4402	3380
2288	817
4929	1108
2076	943
3116	436
1256	655
963	690
5004	1847
4055	2230
5040	2199
3663	3513
4156	609
1710	906
5068	1248
1692	743
4174	1726
2341	978
3771	2851
3503	879
4896	2030
50	27
3514	1727
3442	2188
4764	2713
2142	472
3670	2541
4760	618
1617	585
4929	1042
2299	1032
4274	1677
1067	292
1094	839
3694	2530
3981	3641
4863	142
4030	92
2242	1270
3638	2460
5082	1897
4833	3116
5113	1524
1444	88
1884	573
4144	3444
4708	1710
4156	3279
4323	2347
2965	2030
4373	4156
1205	452
4869	1001
2582	1215
2142	1677
4923	476
4861	4819
4950	3538
4929	4584
3650	359
510	340
4105	2543
1710	1704
4644	1617
1067	970
2807	327
4981	476
3853	2653
2582	1267
4070	2199
4783	2172
2460	353
1780	38
3201	1603
1388	1215
3453	1627
5072	4615
4664	3380
1455	27
4814	2262
4871	2118
4897	1617
1705	686
2657	1108
3659	1461
5035	1947
3101	722
2546	75
3959	1727
4399	2627
4414	2438
3267	1692
1583	27
3336	3116
1324	168
3724	2653
1444	694
4463	1546
1252	145
2360	887
3493	2541
3068	2966
3116	292
4156	1617
3818	2031
3132	750
3853	1710
2181	1641
4861	1324
3202	637
3845	1105
5122	2922
5078	3367
2531	1492
3555	28
3175	2826
3723	1505
1408	55
4112	3116
5035	1531
3307	2026
4747	92
4652	12
4970	1598
3262	2137
1946	611
4070	740
1834	350
2877	33
4156	3825
2625	2234
3780	154
4905	3367
4580	2118
2472	1720
4580	285
3788	2172
4841	1743
2582	751
4173	3030
4336	411
4940	751
3590	161
2714	238
4231	440
1551	1113
2118	246
4156	2721
2592	1549
2341	1770
2270	2142
3674	2031
2211	871
2531	12
4729	694
1667	288
4642	3685
1525	664
1414	664
3805	1422
4033	2939
963	739
3911	2406
4105	3632
3188	2118
3417	1122
3361	735
1108	626
2912	1433
2946	2798
1687	151
2798	1670
3839	2299
2593	2108
4441	2661
4033	1524
4760	476
3434	1667
4928	2934
1537	1254
2347	2243
3624	2196
4156	681
4156	298
2616	1895
2188	1408
1204	943
4879	1987
4508	1661
4033	3591
2904	2898
2541	652
3338	1113
2019	750
1947	1627
4399	4324
4129	2829
3538	1741
4760	2142
2341	512
4077	1267
4480	340
3358	1652
3853	1108
2347	7
3389	1710
1444	67
3764	2364
5113	3056
1444	673
4814	4441
3400	1424
3351	1538
4866	4156
2975	2502
2547	509
4045	1402
3301	246
1983	1341
5062	3267
4560	3385
4145	387
2118	1344
4869	3103
3555	965
3116	758
4575	1465
4406	1324
4874	1585
2625	1543
3081	836
4863	4508
2551	1113
3116	2691
4872	1250
748	33
4719	1796
3847	921
2807	1108
4393	4156
5023	1215
3139	991
4874	326
2837	1623
4678	2964
4469	3863
1537	1445
5126	4580
3669	2703
489	58
4598	2775
3961	1408
3685	2495
4196	1444
4156	3345
3060	879
4202	2438
1254	652
4365	3774
3987	3344
3674	3116
4929	2739
5040	4584
4156	1477
2966	1422
1091	694
5158	2180
4258	1201
5144	1115
3961	411
2985	2027
4582	2118
3474	2946
4105	1158
4351	3673
3739	1348
2142	867
4045	3202
2675	2633
3542	1526
4508	3202
3067	2812
4919	1422
4854	1467
4156	4088
3435	1037
3207	1252
2972	2118
2805	3
3522	2362
1491	973
2917	309
2698	2024
4921	3262
4912	3538
2384	1619
4105	721
4156	3228
1320	842
2947	2605
3818	3771
1797	1215
2964	2404
4764	270
548	235
3366	822
4960	3380
3056	2153
1215	673
3116	426
1510	38
3747	1567
4302	3105
3466	1752
3696	948
4880	601
1215	1063
5146	1677
5028	3845
4051	3542
3258	329
3561	3488
4763	2406
5104	4156
4340	3264
4419	7
2901	2704
2972	13
1777	970
4928	4719
3754	2858
5079	4863
2605	2065
4640	507
3528	1432
1310	903
4459	474
3852	2704
2561	2413
5068	2843
4508	2048
2241	1487
4646	694
3580	1720
4600	710
4929	4478
3950	1215
4457	30
4094	3488
3116	2561
2584	246
3674	2438
4880	364
4070	972
1404	1252
3723	3225
3920	1579
867	55
710	580
3483	440
3944	1215
3503	539
1884	673
4580	1113
4389	2680
4105	1641
5114	925
3549	3503
4105	2188
4711	3279
2616	1109
4955	2934
3453	357
2240	2206
4295	2938
3499	1503
3175	1467
5139	1408
2438	1156
3019	2118
3289	1905
4220	2951
4156	1618
4544	3450
1227	963
2480	1709
3488	2784
1543	174
3116	329
4929	3065
3488	2482
2031	88
917	703
3201	1423
3264	1603
3116	2799
3481	3116
4001	3300
4156	3590
4070	423
2259	1113
1003	877
2181	750
4151	3300
3116	673
3124	1630
2912	1617
3116	2118
1891	1262
1444	111
4480	43
4819	2353
751	476
4500	7
4165	1960
4879	675
4725	4156
2969	326
3724	1920
2798	2666
4424	903
1553	867
4329	2582
2329	2118
4760	3121
5040	2699
4070	288
3498	1733
3067	1726
1312	680
4156	1526
2938	95
2561	2338
5109	3542
3116	381
3121	673
1680	1553
3818	1109
4872	72
2938	2704
2389	1570
4492	1017
4598	2755
4897	3754
1970	1338
3466	848
3116	2128
2434	2003
4674	1094
3589	1203
3624	3303
3116	2218
4964	1505
4841	1037
2389	694
4423	3686
4819	904
4470	3264
1252	142
4532	4193
4644	3646
4508	2653
4105	2478
1044	1002
4985	2181
4891	4105
2291	2196
4558	4323
1294	273
2912	970
3691	2694
1674	961
3705	3674
4066	3116
4831	866
4238	3116
4070	409
3674	841
1197	789
4814	750
3366	2114
3653	3208
5139	866
4033	855
5004	4615
3380	1215
1833	1790
3466	3354
4923	3818
4043	1408
4406	1655
4976	1453
4950	4824
4928	2010
3116	2593
1858	1705
4156	3474
3349	2608
2699	1215
4606	1108
2605	1987
1408	300
2172	1215
1303	1215
3884	1243
1553	1215
2476	1255
2723	1293
4169	3328
3589	2661
4735	3943
3067	2625
4440	2724
4105	1270
3488	2270
3223	773
3444	2703
4729	1692
4156	4033
3930	2711
3611	2593
2702	1549
4601	1560
3818	2755
4004	2406
3116	360
3211	170
4819	4544
3807	2247
4193	917
3012	2675
4760	1677
3982	2573
1692	489
1983	1034
686	7
3818	3590
1873	972
3959	1215
4073	704
2156	1932
2230	1334
4105	674
2704	811
4105	3247
1914	1641
3827	2378
3175	2118
3504	2934
5086	3116
893	111
1858	988
5028	1537
2625	2000
3797	3748
5068	4819
4057	2605
3402	144
3101	1215
3439	3323
893	580
3207	2322
4929	1966
2966	2512
4876	1727
3650	93
4905	4897
2934	2244
3406	748
3973	1215
1505	30
4819	2985
2797	2299
4416	1197
2406	310
1947	1110
2242	1674
2438	111
4815	2239
4368	255
3574	2370
2702	1215
2829	1834
4575	859
4867	4361
4088	3590
4156	340
4554	4488
675	269
3952	2434
3623	3506
881	877
1294	8
1732	114
1822	129
1680	510
1652	1365
1124	530
2515	154
4580	892
4156	4077
3810	1037
2027	33
4907	2547
4193	1966
4441	612
2299	2214
4372	1119
3927	3542
5092	3216
4985	3116
1113	892
4145	1617
3672	2946
5077	4156
2241	1856
3754	914
3400	92
4719	3003
3580	1270
3264	3202
2698	2426
2557	1873
3116	75
3926	3424
3116	1203
4114	2915
4594	3568
3121	637
3367	2569
4869	4156
3694	3116
3673	2882
3810	3450
2938	1993
3603	2594
2417	991
4872	2018
3163	800
5062	4949
2902	2698
2181	1438
1408	8
4156	1802
4856	2605
3025	192
1338	867
2743	2575
4719	1481
4156	146
3617	1525
4645	293
2708	1270
4376	2657
3696	1930
983	866
1322	53
4674	4273
4472	1537
2329	1215
4338	511
3853	3493
1056	1031
3116	963
4073	1946
4156	690
4419	1983
1929	1645
4235	1684
4621	2701
3202	2153
4600	747
3353	1692
5040	3705
3165	1726
3121	1270
4132	3056
4863	593
1215	512
4501	4059
4923	3573
3774	1215
4399	855
1598	452
1780	1583
3116	2347
4876	3988
3747	773
4070	3912
3481	3107
3390	925
4580	2512
4841	2716
3881	3424
3408	1661
4506	2362
3641	129
4086	1003
2370	1060
2594	651
3116	640
4105	1637
4675	4070
1897	1525
3590	3202
1733	1444
1677	747
3226	2322
2726	948
4433	3390
1742	1404
4791	4728
4949	2118
4105	1294
2704	892
4841	3267
3818	1661
2797	269
1516	262
2625	2214
2653	476
3358	2605
1627	1546
2118	1680
4169	3101
4841	728
1617	123
3047	2882
4876	28
4156	95
5151	663
3944	2322
3003	1549
4972	2616
4340	3231
3783	260
2966	2180
2946	1109
4040	3081
4105	2004
5034	1108
4273	2142
4764	357
4819	3678
3590	2438
4560	110
3905	3114
2404	942
4929	4544
2966	2938
1215	111
1338	919
4095	1673
4876	2939
1503	1444
3056	1423
3935	2605
4105	907
3435	2858
3116	3010
1371	828
1302	855
4245	1514
5091	3646
3367	1487
4399	2616
2985	970
4628	1422
4004	7
2142	1670
2616	123
3116	1599
3300	1465
3481	1623
5146	2569
1283	192
3114	649
4156	2615
4642	3264
4600	4393
4872	310
3408	1603
3116	151
3192	2108
4358	1549
1444	751
4508	1553
3840	3264
3192	2199
4621	4361
3072	2704
4095	2118
4417	925
4156	3627
5071	1727
4929	3011
1598	1324
4876	3810
4879	1302
4156	1283
3829	3279
2214	1294
3619	3344
4743	3380
4272	2436
3389	2362
4064	1105
3400	1947
3493	3116
4196	3202
4601	4036
3629	1271
4929	3116
3198	168
3105	1560
1797	1255
4406	2808
4863	2362
4859	3322
3121	2946
2339	452
4045	151
3840	3769
2414	1002
4095	673
1903	1242
3116	1296
3116	2670
4059	2704
1272	1113
1524	1215
3016	1215
2007	1833
4598	812
4764	3780
4929	4899
5020	1844
3307	1546
4326	2661
2374	2287
4841	1227
3580	2172
1537	1464
4336	3453
2561	22
3116	2104
4826	4105
3116	2492
5151	2438
4211	1036
4469	4105
4507	4156
3840	1119
3623	1261
3943	3072
5136	1667
2704	1766
4245	2031
3283	2302
5004	38
4193	232
4030	2739
1705	1007
4735	3354
4940	1677
3980	1897
2230	2160
2724	1371
1215	359
3838	920
3228	1119
4266	1986
2241	1607
3745	1710
4169	1505
4278	1543
4088	1202
4945	1834
4250	3000
4405	2635
1661	1108
3116	1905
4023	25
4600	3116
1277	1251
2142	1302
4372	3105
4711	4036
4048	3810
3116	1476
4819	2027
4033	1424
5040	4920
4817	3116
2608	2118
2438	2153
4246	660
4972	4873
4635	1667
837	144
580	28
5114	1202
1067	372
1110	270
1684	452
3289	1034
4105	3482
3116	1510
4644	2799
3404	3300
3694	1666
1742	92
4458	1333
3851	2013
3724	2755
4940	2653
4156	3771
2818	1983
1614	1108
3466	2996
4763	1677
2406	699
4729	411
911	512
5004	4711
4156	1035
4132	1108
3862	50
1248	1162
1444	7
2775	476
4685	88
4144	2476
4600	161
4156	3663
4064	2241
4968	2617
2811	1003
2882	1549
2030	921
2506	1261
4542	2026
3358	2541
1168	1108
4077	885
1643	1086
4646	1571
4819	3722
2557	1521
3114	1856
4580	2703
4156	2795
3615	651
4756	4126
3445	3279
2438	1816
2870	1032
2241	1677
3201	970
3646	2525
3107	750
3453	1113
3752	3056
4406	452
4988	1322
1684	1324
3116	246
1727	1424
4459	738
4284	4105
4156	88
2966	2901
2118	1408
4972	1603
1248	904
3774	246
4993	4950
1727	142
3561	372
4308	3515
4279	3739
2877	2692
4045	1953
1525	914
1460	252
4850	4518
2569	110
3116	988
3025	214
4929	3780
4156	2798
2247	1431
5085	3486
4548	2267
315	209
4588	2713
4458	3466
1549	1444
4907	917
1571	728
3538	2207
2702	1444
4521	2605
4970	1884
4889	3116
3774	897
5083	2713
4045	2939
2492	2353
1932	660
2438	510
5107	7
2823	1778
4540	2106
5151	4615
1215	33
3713	1444
4621	1512
4295	7
4105	1956
4156	4112
3825	1272
4086	1908
3498	3264
4073	1402
3673	1334
3568	2241
4156	917
2173	1553
2887	193
4202	2755
1444	704
5047	3105
2946	2153
4508	3818
4511	153
3486	3116
4747	123
3486	1617
4976	3847
970	751
4393	1444
2704	1341
4819	1162
4156	3264
4783	3410
2427	1167
4615	2584
3283	2915
4923	4493
3493	3124
4417	1705
2593	92
2900	98
3549	2517
4156	1541
3580	580
2698	923
2214	273
3385	3114
3300	1338
4077	148
5114	2410
4120	414
1094	476
2837	1322
1402	1108
3056	2798
3202	510
3116	2723
2934	53
3754	980
4391	2872
5004	1396
3952	92
2495	664
3943	3450
4602	694
3267	38
4070	2702
4850	616
3451	1271
1560	1492
3810	2051
4156	791
2605	1002
3367	1182
1684	1598
2975	1444
4245	2615
1505	748
3228	925
2476	942
4970	3568
2575	837
3739	1987
1692	247
2799	1617
4708	2118
5092	3264
4033	2142
4728	2438
2299	1741
2684	914
4079	3157
2775	637
2063	1020
3453	2438
3116	1131
1162	548
2118	340
3107	2625
3663	3231
3264	747
4480	3408
4057	3678
2310	1113
4970	1617
3435	570
4801	2118
1710	626
4859	1034
3116	1641
3580	2048
1697	1537
2448	2199
2661	1294
4766	2575
3935	2013
4819	970
3011	855
3242	110
2703	2434
4929	1690
2071	1879
209	8
3264	1680
4710	3116
2438	509
3201	2270
1727	288
3547	1834
1546	1481
2615	174
5085	411
694	411
2239	33
2438	2196
4929	2947
4928	3808
4970	973
4942	3351
580	387
5122	4019
4235	1704
4760	4326
4156	3318
5078	1461
2798	55
4586	570
3694	2582
4615	2224
4929	1426
2304	114
4821	1422
4678	4105
2985	1687
1422	489
4193	2625
4500	2661
1844	1619
1671	1453
4985	750
4156	3549
4308	2605
1852	1549
4554	1583
1667	722
1109	735
1848	224
3392	899
4876	2270
3512	2027
3674	1514
3591	2698
3116	114
2661	429
3722	2031
4156	2812
4880	1108
3498	1108
2287	151
4457	1667
1215	1077
1912	694
3590	111
3739	686
1396	28
3124	1505
1227	652
3300	476
2512	1354
2704	489
1178	66
4193	443
4354	3116
3722	2118
4923	580
5136	1546
5062	897
4763	3747
3227	2404
3853	1905
2582	284
2406	773
3810	2625
2593	214
1215	269
3542	3538
4135	142
2492	1740
3580	1109
5122	1834
4097	1726
4156	854
4517	2438
4066	651
3488	773
1884	1324
4606	1408
4859	1348
2814	652
1404	643
3839	750
2882	2708
4156	2975
2704	1710
1444	1344
3504	1699
4086	1269
4708	3380
4674	28
3863	2882
4295	3586
4211	4126
2870	269
4940	1058
1215	970
5122	1797
4468	1108
4814	269
4831	4640
4502	1987
2974	2160
3905	649
2547	1492
4586	285
3563	98
489	137
3722	2027
2939	637
4388	1666
1481	92
2358	1726
3840	3047
4831	2661
3056	1999
3116	1265
3683	927
4876	3498
2704	1489
816	309
4560	2801
4569	4070
3905	1487
4972	2946
3003	2909
3988	1670
4053	1034
4156	927
1110	357
4492	660
2567	1677
4292	1844
3542	3356
1424	476
2649	75
5114	4841
4132	1267
2805	942
4544	3987
3351	2414
4041	2196
3352	581
2045	269
5159	77
2051	1056
2702	309
4352	4156
2476	1579
4156	388
2322	409
4968	4725
2118	1119
2374	25
2934	836
4399	4033
4077	2370
2329	2230
1727	271
1641	224
3591	970
4105	2305
3279	387
2362	1549
4033	4001
3450	1987
1687	364
637	340
3603	2459
2438	7
4245	1248
3056	1202
3380	2196
2934	299
4745	1422
4652	694
3116	469
1462	652
2934	2259
3017	2724
3019	750
4388	945
4376	942
1579	1549
4719	3178
3538	1243
4211	43
5062	664
3116	2374
4905	3566
1444	1035
2797	2661
4057	1422
5038	4036
4826	4040
4950	1844
3116	2182
4915	269
4760	387
3012	1260
4187	1583
2871	2438
4685	1453
1914	1322
2807	66
4053	3724
3323	1162
2569	1461
2515	2496
4339	3321
1879	1044
4905	2241
4920	3555
3132	2981
2362	1619
2972	2752
2362	2239
2858	325
5004	3380
4815	2912
3988	3121
4916	3754
1507	1136
2496	867
4789	2199
4600	1202
4580	2199
3935	3322
4202	4088
2182	1438
3056	2203
4508	2946
2030	1671
288	30
3072	1422
3694	3534
3349	1215
2339	1929
1717	252
2877	1093
5083	1952
3067	1444
5136	92
2862	2114
4817	4156
1741	735
2135	1009
4639	1037
5020	3839
2438	364
4955	3361
4602	3116
3352	1215
2525	38
5035	1110
2775	387
3603	2118
3466	632
2951	365
575	67
4399	510
1655	7
4480	1094
1524	855
4328	4219
5130	3404
2224	1248
1113	58
2755	2627
4968	2460
4097	2698
4885	1537
4578	4126
3120	1727
4515	1322
4863	2438
2870	151
3493	67
3941	3840
4600	4033
2130	1243
3116	1087
3116	712
4001	2347
4540	1460
5114	3685
4848	110
4841	1115
1643	1537
2067	1710
2199	271
2661	636
3590	3116
2438	1485
4358	2966
1214	269
1692	942
3590	2270
2108	1990
3988	2438
2939	593
664	7
3961	3082
1585	1571
5104	25
5073	3566
4902	177
1987	295
3673	2723
3165	961
3646	2694
4940	991
2858	601
4841	2767
4156	2447
4478	1677
4636	1614
4968	1752
4480	1553
601	33
4302	3663
4156	3754
2701	1267
4897	154
4336	509
4196	4033
2517	539
4156	219
4193	2713
2557	269
4929	618
1674	1609
4985	3322
4478	783
2241	962
4156	1667
4156	443
2435	1344
4763	1567
2775	299
4381	758
3103	2305
4814	2797
1524	472
1215	255
3236	325
4950	209
4361	1708
4872	271
3116	2024
3853	1202
1405	551
4040	129
4070	160
4783	151
4027	3226
551	88
4365	88
3694	2314
4239	1946
3604	2118
4019	2108
3963	1075
4861	452
3116	1455
4951	1215
2114	30
3116	486
2625	1623
4801	2364
4130	2142
1710	1324
5146	150
4815	1197
214	181
4646	1710
4831	3381
5047	3344
4701	773
4039	3116
3014	551
3747	2406
4970	4245
3494	2018
4863	4594
4156	3116
942	801
4478	2547
3344	3267
4729	2347
1903	1726
2027	1671
2322	899
4641	3013
863	67
3228	2270
5138	1162
4640	333
4923	2048
4057	3264
2241	2240
3065	2605
2347	2118
3116	2919
4638	2882
4772	4156
5032	3116
5041	4680
5138	3105
4132	2939
3988	1202
4105	2532
4156	3245
848	632
2438	1549
5135	1202
1532	942
967	370
899	680
3013	1549
3116	466
2829	1677
2051	539
5004	963
4202	4053
4967	3362
476	387
3867	1710
3116	842
4999	667
1844	750
1122	552
4863	1670
2492	1917
4156	2104
3747	2438
4960	4165
1014	333
4701	3574
2497	486
4719	2398
1930	1036
2951	2530
4907	3072
3506	973
4156	1370
4861	2584
2882	1122
4580	1546
2438	1680
5139	3840
1460	1108
3810	2582
4070	310
3107	1641
4955	3116
3580	1553
2608	1537
2775	2530
3116	1399
3987	2985
3211	447
3474	1444
4487	2698
2504	1017
4059	1113
4606	255
4193	4144
3353	3314
3542	3120
4558	694
3065	2698
1215	7
1727	1063
2593	2199
5136	4030
4859	2653
4492	3713
4156	1603
5020	2427
485	293
2476	1920
4326	3590
4070	3853
1770	920
1671	1108
2384	1411
3201	2360
4841	925
5136	4517
4929	659
4389	1677
1709	1215
3069	1063
1912	1292
4546	4372
4480	637
4388	2697
1946	1834
4789	3380
5091	2698
4156	637
4156	327
4580	2417
4600	3264
3658	1844
3493	3067
4376	758
4929	3677
2230	551
4372	1462
1396	1272
4824	3116
4635	2242
4576	4070
4540	890
3185	486
4815	4329
1215	56
4783	1710
3922	1521
4394	4070
2887	1197
1637	270
4872	4361
2650	1482
2863	2698
4972	4399
4601	783
3300	2438
4588	1467
601	238
3493	3318
4968	543
4105	3627
3847	1162
3549	2496
4580	2882
2142	1774
3847	1453
4526	1727
2206	966
3014	1833
2713	1537
4250	2518
1408	92
3743	176
4053	3771
1214	750
3367	2241
1741	1538
3722	2390
3590	2775
1816	1603
4236	3754
2515	1983
2019	1619
4398	3450
1012	773
4398	694
4326	2270
4981	2799
3116	3044
4478	1893
3116	2737
3769	860
3121	43
4077	2915
3797	3264
3121	111
3244	3116
1692	983
3116	2400
2506	903
3576	3448
4656	2837
5151	3198
3632	2698
4458	2076
4920	4372
3092	329
4861	841
4756	2203
297	53
881	158
2398	1873
1352	1108
4399	4196
3587	1215
3506	970
4526	387
1262	114
1677	443
5136	4086
1492	1215
3485	1215
4802	3571
4259	2360
811	333
5092	5062
3696	2726
4323	728
4326	2142
3494	92
4921	848
4246	2504
4780	3739
1252	110
4077	3944
3764	268
4841	3944
4295	3390
3926	747
4929	3390
2939	49
4156	161
1722	1252
4156	3812
3853	2938
3304	1732
3905	2476
2627	2118
3739	1015
4144	1983
4580	2234
4764	3400
694	511
327	66
1322	50
2118	942
4033	1423
4640	2661
4993	4404
4369	2406
4903	3116
4480	1270
2406	1627
3380	3014
3486	1119
2967	942
2902	2118
3289	1332
4156	2582
4646	1272
2404	801
4033	3590
4156	2645
3116	913
2329	1774
3980	3588
3264	1444
4488	3208
5114	4053
2938	2118
5004	991
4685	2438
4508	2616
4897	3445
4351	1727
3988	2142
4302	632
4070	1030
4586	293
5077	2051
3264	1553
5062	4540
4621	3375
2704	1549
4070	1366
1993	1717
4861	4544
4405	2592
4540	1119
3838	1267
4353	1726
3248	3014
5035	4272
1987	866
1717	1341
4719	2951
4928	2589
3445	2684
1627	1113
4231	4165
4929	1465
4968	3538
4819	1453
903	757
2378	1214
5004	1017
3696	268
4863	3321
1798	899
3771	1444
3116	1000
2915	808
3322	2653
4193	2031
4070	3857
5020	1477
121	92
2852	2515
4863	855
3264	1414
3116	1565
2698	202
970	551
1932	110
4760	4236
4405	4156
4258	1936
4156	2915
2299	209
2541	255
5078	3905
5035	2438
4537	1740
4458	3659
3982	2829
4933	3619
4036	2917
2698	1826
2805	2753
4929	2106
4405	2284
1873	1119
2616	510
4764	4369
4041	2291
1642	299
4783	1598
2438	2390
3724	1905
3236	2801
2438	2142
5028	1020
4783	611
1834	1215
3116	961
4093	1924
4110	2625
4949	4480
1704	168
5073	1108
4156	3927
4145	3774
1598	1248
3678	1638
4601	3007
2118	651
3435	7
4972	489
1546	1455
3586	3344
2951	1202
2719	1165
4045	736
4544	1884
2182	758
5040	4120
3165	1537
3685	2515
4132	3573
1243	854
2243	1108
4129	3646
3812	2360
4928	2224
4095	1938
4482	129
3072	652
585	575
4391	903
1113	123
2966	2181
3840	2043
580	476
1549	703
2156	1017
4763	2071
4096	1338
3623	1947
2755	2653
4872	1521
2550	38
2410	2013
4040	1722
4929	3959
3961	1492
1603	1202
4586	1505
4950	3891
2698	673
2108	866
4156	1916
2770	359
4580	2496
2698	626
4560	1461
3211	1215
3267	1208
4030	3493
4130	2625
2259	1108
3829	2495
4327	1215
2525	1279
4814	1844
4711	747
4027	3116
4876	4526
4472	4156
3658	3116
1215	1189
2915	690
4172	1692
581	259
3818	510
5114	3322
5107	1197
3739	1778
1983	1546
4783	3327
4719	3351
4521	1537
5136	1113
2118	704
4575	667
4156	2697
2299	1243
4760	4508
3262	3116
3724	3289
1642	747
2752	2541
4399	2270
4156	1452
4615	1884
2775	859
4978	3247
2531	1255
2569	1330
3390	3354
2507	1917
4270	3807
4480	3279
4441	3107
3116	1079
1438	1167
4094	1727
4580	2108
4440	728
4105	3290
4120	1671
2882	1491
3344	3116
4880	1906
3566	33
4517	2108
3116	1477
3863	688
3920	914
4636	43
4189	1108
1834	1509
3884	1844
4598	1603
4059	3322
4246	2156
2755	1603
2870	2476
1873	22
2946	1816
4600	3121
4861	1671
2404	1444
2015	942
3090	7
4458	1657
2625	1414
4981	364
2797	1240
3361	1660
3839	124
1503	1215
2189	1543
2142	855
3603	1950
2857	2600
4070	92
4120	3323
3322	3300
1692	193
2118	1215
2438	1037
2653	1058
4678	4156
2605	2024
4156	2870
1422	1221
2975	1834
942	800
3935	893
4373	3116
4905	4156
4780	1248
2118	587
3658	309
2911	2051
2627	2616
3116	2019
893	340
2698	1666
4725	1113
1496	757
3408	2438
4719	4708
4156	1722
1128	539
3935	2694
1914	1438
4558	3930
5092	2480
4674	4478
1549	825
5151	2224
1036	7
4743	2482
3116	1929
3580	1603
4373	2016
4324	2013
4472	2870
2698	39
991	145
5135	1491
4070	4057
3075	651
4575	114
4991	2753
3650	3185
1281	611
1215	911
4070	3321
2615	1710
2829	2698
4433	3358
2476	2406
4156	285
5147	1467
2775	1553
2823	1444
3394	2625
3116	2137
4156	3044
3988	472
4760	2496
4329	2708
2852	1553
3342	2535
4405	284
1727	1546
3788	250
1031	879
2438	978
4558	1742
4353	1162
4193	3818
3046	1912
3248	129
1444	92
3114	2637
1642	903
1726	1623
1983	729
333	8
3573	2506
3852	3534
3847	2934
3580	2627
3959	2625
4912	3603
2852	192
4236	3566
4693	4086
4156	1318
4019	48
2476	690
4759	1671
1875	1549
2877	129
2299	2019
5028	2118
4863	580
5151	5040
4156	2774
4198	1727
1726	975
3673	440
2000	885
4156	1511
5035	3400
2504	1884
3300	2142
3163	1465
4653	1221
4968	1546
3739	2904
3116	709
3674	1560
4070	3463
2698	71
4940	3300
2374	1620
4326	2438
3920	3116
4916	1489
1849	1002
3852	3016
1687	246
2370	28
4815	1113
925	238
3354	897
3204	1480
3225	2811
3175	2726
2605	39
4569	2882
4220	2568
2818	123
4156	2291
1119	694
1438	1203
1162	925
4576	773
1156	170
3322	3289
2753	1104
4537	2617
2531	1797
3147	2882
751	443
2789	1549
4972	4196
4073	7
1598	168
4235	3568
1270	292
4487	3450
4004	2541
4409	2069
4246	1932
1465	25
4399	4326
3853	1017
3653	836
2118	1279
4405	1983
1453	973
2807	30
4783	2530
3402	2292
3851	2030
2605	1674
2076	353
2575	161
4967	4307
2077	1365
4531	2520
4601	4067
4478	1652
4755	1833
4872	4760
4863	1524
4960	4156
3930	1119
4478	1077
4970	4406
1208	581
3328	2535
3198	2584
4070	3478
2118	1505
826	673
2243	443
4308	2460
3784	1549
4268	4070
2199	1775
4863	3121
1215	913
2378	209
3648	1113
3786	1546
4763	4245
4323	1912
2812	1722
3663	3116
4380	1873
4169	3673
4295	4156
4273	4094
3853	3300
3209	2972
1727	1422
3780	3685
4493	1048
4027	2831
4468	1060
2934	71
3466	3262
3604	2362
4156	3774
4156	636
4610	3424
4905	4236
4596	3352
3961	3011
4789	2172
3381	3077
4393	3580
2299	1294
2277	1726
4126	43
3911	1044
2625	1077
5138	156
3116	907
4968	4783
4399	1109
4923	637
1444	6
1521	269
4278	2573
3845	3116
5004	2900
4156	2917
4861	2390
2438	1108
2733	2698
4296	4105
4189	1913
2541	362
5085	1119
2118	854
4802	114
2048	1444
3202	2438
2735	812
4850	2118
2476	1435
4949	4583
1094	970
2582	1774
4621	1481
1488	364
1017	660
3116	1408
3204	3116
2969	1726
4381	3589
4588	973
2142	1423
4156	1953
4972	1109
2277	783
4208	1727
4637	2196
4970	1119
1202	161
3961	1215
3202	1109
4861	1884
3542	1032
2118	1743
5004	728
4560	4156
4701	3451
2967	673
2882	328
1692	1243
2775	300
4295	3705
2569	2142
3404	3352
4929	1929
4594	3116
3304	892
2308	1093
4156	748
1571	694
3394	318
3264	2616
3840	3236
3840	2704
2904	2108
4819	4685
3121	1603
3561	1067
4844	7
5004	2118
4342	4267
4193	1946
4861	2438
1953	1215
4636	3696
4088	2798
3677	3646
1113	1094
4848	2330
4532	1042
4340	1873
4295	1215
4156	3808
1791	67
4156	1242
911	652
3344	1215
4940	3289
4417	4039
4531	1167
3201	2254
3620	2118
4502	1432
3116	227
4156	570
4033	1302
5038	3223
5020	2019
2153	580
4897	2684
3226	67
5058	1215
4077	3920
3623	728
4156	3705
3739	3493
4653	3175
4968	1411
4156	900
4372	1645
4094	3228
5114	580
462	213
5062	4073
2627	2438
581	238
2725	1727
3538	2130
4202	1034
2218	860
2407	153
4478	4156
4760	3548
5004	893
3116	462
1666	192
1287	751
4105	817
4928	38
4440	3973
3646	2306
2805	1104
3820	2605
5078	3566
4923	3988
2661	273
3249	2698
3017	2476
5107	3366
5062	110
1951	22
1272	730
3300	1444
2048	1680
4064	1461
3810	3354
1465	1444
3573	1722
1094	973
4070	759
3114	1487
3116	8
2241	1182
4526	1677
4789	250
4156	1078
2608	2605
1485	1467
4156	1912
4391	753
2118	1585
2123	578
3279	580
2324	269
3192	92
4502	3878
3528	1740
1487	1461
5004	2575
4933	1215
4273	2270
4780	1412
1396	844
1067	88
3470	2541
4208	2704
4766	866
2627	1677
3590	3264
1365	332
5152	1667
3409	1641
2142	161
4907	2966
3646	1254
5146	5078
2048	1109
3705	2615
3650	2770
4876	2934
2030	1248
3116	43
4949	4801
3201	2173
2739	2118
5062	4680
5072	3442
3589	2837
4368	2224
4940	3322
5068	921
3114	580
3549	539
4070	570
2048	1553
4193	1412
2798	1677
4872	299
3549	1525
3685	3105
3116	1585
4189	4156
2172	480
2704	1583
4393	1408
4582	2972
4457	2704
3318	1690
1671	921
4636	1036
2582	2438
4156	1009
1641	866
2472	580
5038	4929
4478	1549
2901	458
1227	1113
1906	1677
4406	573
3867	3336
4601	3116
1667	204
3941	1505
1599	1468
3116	1733
5073	4236
4872	1287
3685	1404
4517	2199
4040	704
1999	991
1603	340
3586	1215
1215	972
4789	480
3208	50
2777	2230
4156	899
1553	1109
2982	1214
2513	1521
3116	224
4156	836
4819	2531
4664	2108
3977	273
4646	4405
5043	1324
2495	643
4169	3739
1128	879
4993	2214
258	86
2181	2118
4972	4480
4905	3754
3056	751
1030	907
3919	1205
1444	123
3714	2934
3369	1036
4391	1444
4070	3677
4981	4053
4126	948
2625	885
3713	2852
5151	1537
4399	3988
4863	161
4815	2698
4578	4086
1617	411
2561	33
4540	1503
5109	1641
2478	973
3258	489
5130	2232
3307	2362
5062	4169
3228	3116
1031	539
2733	899
4783	110
3488	2406
1969	1549
2077	1113
2717	1673
4480	2939
3116	1982
3116	530
2909	1938
664	154
1510	1444
5069	2438
5159	2299
1987	1011
3810	1322
3515	2420
2065	1727
3067	2027
2661	1844
4674	4606
3863	2362
4764	71
3279	2775
4802	3827
3739	509
4929	3081
1727	663
4206	863
2199	1733
3902	2698
1873	925
4059	1505
3503	1128
1727	1254
3367	1677
4598	2735
1742	351
2763	1741
4334	963
3116	2901
2923	1537
1544	1422
5062	1270
2071	1272
4259	1078
2259	1038
4105	145
1905	154
2698	1758
694	575
4033	3228
3829	1537
4642	2188
4156	1208
4880	1461
4863	3201
3357	259
3486	575
3641	1556
2755	2616
4480	867
2142	1603
3116	3051
3264	757
4760	580
4580	1667
2287	2076
2476	1462
4729	3781
4154	443
4156	3580
1661	1553
2448	174
4813	4120
4027	3646
4642	1549
2621	2460
2160	1727
4406	3198
4156	3273
3116	2823
3116	2996
3228	2142
4876	3264
4365	146
3416	1408
4876	911
3853	580
1525	1404
2799	2575
2230	1465
1642	580
2438	246
4872	1648
1741	750
4764	2406
3116	284
4038	92
4869	2807
2583	1105
4156	402
4458	1752
1215	751
3623	973
4597	2438
3116	476
3538	1108
4398	2373
2723	2199
3982	975
3436	3074
3677	3116
4789	101
3390	67
2707	285
3754	2627
4518	3736
3493	1727
2582	292
1705	1100
3754	3385
3225	877
4351	4077
4814	8
4859	580
4399	476
3513	1834
4764	3453
2684	664
4594	3810
3653	2507
4361	652
2615	970
4729	58
3853	1524
2118	510
2625	975
3506	2240
4814	77
4814	2557
5085	4365
3538	3300
4493	387
4323	1119
3623	551
4907	1368
4869	66
4040	3626
5118	4653
747	150
593	472
3646	72
651	52
4873	4480
4493	3853
4508	1920
3016	113
4406	1598
2118	1390
4697	4308
2347	1272
1364	860
3528	1537
293	67
4156	256
3226	1269
3056	2504
2404	961
2637	33
1167	543
3228	2798
3416	1525
5072	192
176	33
3520	1537
3121	2118
4923	3590
3385	2801
4045	637
4156	3988
2625	1938
2118	1599
4235	168
4156	580
2106	1727
5135	655
3068	2704
2860	2541
3512	1215
3354	3344
750	209
2406	202
2438	1503
4970	904
2420	1505
5062	4594
4027	2912
3361	1692
4368	3825
4861	3674
4968	1844
3123	2211
2438	1252
3289	387
3644	3107
4659	2698
3435	3105
4475	1292
4880	238
3730	3054
4226	4156
4268	4105
4475	3264
4638	4156
4905	2243
4833	4391
3116	2323
3044	1333
4814	2516
4079	2569
3672	2770
1270	1215
1178	398
2575	1444
4156	2826
509	92
4151	1270
3127	1108
3116	2724
4711	2027
2118	972
4728	3880
4976	1671
750	735
4369	773
4668	2605
1248	1215
4156	1917
2118	1357
2347	1585
4644	873
3116	1344
3685	975
4048	952
4004	2199
4206	2436
4416	1912
1844	1075
3786	3116
2118	1875
4433	4033
4156	57
4070	2160
4462	4156
1638	1537
4554	1215
2118	1603
4188	4070
4156	2250
4376	1822
4059	1039
2811	292
3818	1920
1893	376
2512	615
2763	1774
4406	168
1856	649
5078	4236
4478	2142
1891	1435
4220	3650
3132	2299
4120	2071
4404	2323
4365	4059
4219	2963
2882	1939
2882	1338
4880	2241
3810	3574
4156	3863
4959	1726
4728	539
3245	580
3000	2912
2478	1348
4970	4120
612	269
4156	2568
2767	2362
1113	92
1267	757
2661	1320
5062	3713
4004	2713
3538	1521
3107	1619
2438	747
4033	3321
4872	3797
3202	893
5062	2818
4094	867
2048	1108
2182	1641
4030	1546
4391	694
4644	2118
4217	1136
3561	973
1215	476
2541	925
3116	2743
4334	2934
5078	2692
5083	3528
1215	292
4156	1671
4949	3202
4114	601
3754	748
4156	1428
1745	988
3262	632
3116	704
3124	1726
2625	1549
4814	1507
3754	1487
3175	1444
3202	387
4480	2270
3060	539
4156	3265
3588	1897
4388	4130
3650	2438
3696	1833
2770	1543
4156	3857
3604	2569
3905	2858
5069	1113
4554	1509
3116	1452
3559	72
4923	3201
4824	381
3175	903
2378	1294
4978	673
2534	1422
3670	952
3840	2417
1215	88
1637	1296
4659	25
2347	933
5040	2584
2013	970
4861	3987
5069	4156
1589	1505
5078	33
1873	694
3011	512
4940	1108
2019	77
4058	1352
4156	2805
4981	2909
1953	1847
3344	2547
3116	1805
3736	2476
1269	1197
3116	1248
2704	1075
1983	1946
2831	1983
4646	2347
4763	2013
3847	970
2495	7
5047	489
1684	168
4621	1666
4876	2605
3322	1543
3116	925
372	7
3264	510
3202	1444
4578	1930
4105	822
1390	1215
5044	3367
2438	673
2795	1338
5035	270
1348	576
3623	1412
3175	2495
4070	176
3279	1444
2013	904
2938	1465
3568	168
1684	573
1549	1308
3279	1642
4813	664
4274	1680
2496	942
5068	1614
4697	1105
4156	2755
3103	2299
4457	3739
1344	1039
3211	311
3646	673
925	268
2472	1670
3493	3131
3300	3289
4199	1422
4848	4193
4051	2378
3279	3258
3603	3116
3075	758
4642	2410
4156	2950
3739	168
4719	2344
3279	2627
4070	3047
2697	121
4156	1660
4576	4369
4406	1162
4792	2950
4876	1094
3696	637
3116	1875
4841	1560
2142	1444
4141	2206
4196	2438
4088	1444
899	647
3116	353
2904	2199
2997	235
4342	2812
5038	4362
3534	1844
2605	2589
3547	318
3603	2171
2446	1
1609	25
918	748
4897	2410
4544	1505
4929	174
2530	1338
3344	2153
3493	489
2390	925
3670	1531
3367	110
4929	4361
4342	2118
3344	855
2153	1202
4399	1408
2909	2534
5079	4674
4940	3245
5109	2837
2867	1039
4642	1617
4923	4088
4156	3573
1438	1322
1549	673
5085	4644
3818	340
4763	2615
4393	3121
2495	914
3380	3116
5069	3736
4972	111
4318	2704
2694	1549
3810	3044
4272	1371
1741	238
4488	1521
4531	129
2525	2306
4323	1571
3443	1538
1462	961
4656	1641
3404	2232
4070	952
3590	1895
5113	2605
4156	1424
5021	3003
2224	1884
4361	2698
2108	1113
2617	101
2322	295
4033	3474
3404	580
3416	1505
4393	4196
4921	426
1215	747
3352	1537
4329	4211
4988	3417
855	593
2241	325
4368	3810
3685	154
3244	110
2699	1873
3116	2205
914	664
3538	8
4723	4070
4859	4760
2919	1619
3774	942
5021	345
3911	694
2401	1505
1947	357
5104	246
1491	1270
1032	269
3236	2858
4077	1549
4929	4687
431	292
2241	1001
4841	3723
4272	995
3416	1590
1547	474
4993	273
3826	3534
4500	137
1108	714
4040	1893
3201	2142
1215	923
5020	2045
3736	973
2199	1742
4928	4815
4070	2398
3366	351
4156	1946
3244	680
4814	4292
4189	1270
3417	3116
3568	2938
4791	2969
3534	3381
2615	877
4417	2460
3116	1260
673	350
4405	3244
4872	4596
5072	2335
4598	4594
4897	4388
3264	327
5073	3905
4308	2617
3116	2863
2696	1549
1847	1710
1156	551
2460	1215
2369	747
5146	4560
3409	1422
4880	2637
1344	805
3300	3067
2496	2495
4156	2155
353	192
4189	151
2963	988
2338	474
4156	1465
4376	1198
4300	3202
4070	1491
5043	1460
3264	111
3952	1546
1770	1477
3114	2241
1408	1396
3686	1491
4457	2114
5114	3724
4972	4598
1726	1428
4815	2003
2844	2807
2404	1094
4070	3493
4841	1402
3646	2478
4419	110
4968	1227
4600	4156
4376	2704
3116	1509
4929	137
2239	177
942	690
1509	7
1952	812
1182	1105
4292	2460
2515	914
3322	580
2912	1680
4156	3935
2807	2726
2904	1015
3646	576
3400	207
4646	1224
4728	4274
2605	1012
2797	2698
3077	2199
1265	269
2384	269
4211	3696
4526	1692
2775	1270
4814	1243
3713	1412
2175	906
4033	476
2007	783
145	110
4156	2015
4414	580
4127	72
3559	1161
4475	1414
4302	890
3952	3820
2775	1034
4440	3081
4051	2047
4763	841
3207	1215
2698	1583
3685	1590
4719	2124
4070	2944
1334	1252
4073	3247
4972	2142
2710	7
3673	1742
2270	472
2735	1078
4402	1727
5047	3380
3147	2637
3953	1726
4040	1983
3863	2153
4376	2947
3673	1627
5136	1537
4036	2438
4399	1524
4156	372
4311	7
3663	2310
4694	2181
3116	1243
3380	247
4417	2459
2406	2199
4950	2797
1150	364
1422	578
434	269
5058	1422
2324	110
3121	1109
1983	1617
2448	921
1260	848
4985	4105
4126	2844
4863	1202
1677	867
5114	3245
1671	88
3722	3674
4764	1063
3810	963
3060	2517
3673	1348
5114	4760
3439	1432
2569	1109
4580	2362
4193	2812
2904	2802
4646	411
4544	2438
3208	1507
4916	4872
3829	2605
3641	75
3217	288
4479	4105
4584	4124
581	269
4664	3326
4105	1296
2015	1215
4027	789
1749	1727
4227	2867
4040	3713
5151	4156
3105	2118
4674	4188
2573	1270
4861	4245
5033	4156
1079	25
4232	3739
2818	1692
4871	452
3202	735
4033	3121
4923	3121
1598	699
4636	914
4058	812
3264	1733
2844	948
1585	1124
5107	3226
1215	1034
4108	2882
4144	92
3632	2605
1162	174
4336	885
2172	1407
2691	991
3121	2438
4070	939
4859	1122
4501	3116
4861	904
1888	292
2390	1929
3555	67
1262	129
4598	1553
3722	3105
4156	510
3279	3116
3107	2299
2939	1215
3416	2496
4088	867
4719	2043
4105	2182
2799	963
4916	4389
2625	2534
2605	1745
4245	1710
4440	1900
3114	1461
3116	1740
1993	1590
4760	4480
3223	1727
3116	111
4336	1110
3780	3617
4441	238
4235	452
4478	1453
3961	67
1920	387
3116	2882
4646	3930
1959	364
2118	1308
4376	4326
2417	2108
4929	2515
1741	581
2507	2104
4441	4051
4581	4156
4209	866
4859	3245
1549	1215
2108	509
3981	114
4554	3366
4369	2637
4086	219
4358	4105
3409	2837
3116	983
4478	246
4972	2798
3919	1215
1774	105
4802	2304
2605	923
2438	849
3116	1816
3362	2698
1414	1215
2541	71
2716	2531
5062	1078
2904	2420
3304	1267
1608	473
3568	3307
3416	2852
4480	4196
3252	704
2934	2124
3542	3450
3129	3103
4270	919
3646	1873
4625	4156
3116	680
4145	3989
1521	543
4993	2299
4831	3572
1252	704
4783	1034
2608	1324
1488	25
3590	2755
4036	3007
3107	2181
4640	3381
4198	632
5114	4001
2507	101
1444	1428
4870	1537
3568	452
3121	867
2478	1204
2124	1269
1897	1581
2615	841
4810	4156
753	694
3116	1948
1272	1044
4949	4540
3528	289
1727	626
4019	2254
4972	2909
1981	1167
1215	469
3198	573
4453	270
3198	1585
2627	1603
4905	980
4055	2339
4393	3853
4764	1627
3810	3722
4500	3589
3905	2637
3116	365
5022	3116
3810	310
4594	177
1840	1560
5122	3513
5028	2593
3380	1864
5022	1422
4220	260
2837	509
1422	92
3739	1113
1444	611
5040	2108
2142	1722
844	293
3116	890
3380	821
4381	1322
2625	291
3307	3116
3069	2733
3131	1983
3116	688
4729	3623
4156	472
2704	2448
4206	1560
4912	3116
2241	150
4711	1537
4889	1455
4069	1673
5041	129
2615	2031
4646	1460
3121	1338
4923	4053
2118	867
3094	601
3198	1704
3103	978
3739	2434
2605	1311
4156	3868
5043	1953
1108	8
4880	1093
2241	1461
5091	885
4819	570
5069	3016
3961	2525
4819	1598
2306	2234
3764	717
3745	1318
3201	1270
3542	3254
3116	296
1673	1549
2118	1617
5069	2898
890	8
3101	2114
4615	816
3380	1225
4105	1240
2802	2703
3589	2181
4819	1671
4040	2569
1585	694
4156	1546
3988	3590
4558	367
4923	3264
4819	3847
387	151
4653	751
3537	3493
5004	1551
5139	4764
1303	1113
3555	1215
559	27
5092	246
1607	88
3017	1108
3488	3017
4393	867
2234	1461
5042	2108
3724	3300
5068	656
3512	1202
3677	2203
2030	1202
3149	1487
4508	3056
2031	67
2360	812
1320	1243
1873	1279
3694	99
3258	1667
2915	1469
3279	476
3047	1727
4414	4156
4273	893
1727	877
3548	859
4124	2118
2406	1467
2852	1546
4211	66
4859	1920
2459	360
2534	7
4554	870
1461	1105
5151	4067
4493	1905
4189	4169
1462	963
4821	970
2224	1833
3944	1453
3107	432
2704	783
4929	1987
4729	1585
2852	643
4328	2944
5113	1202
3116	1012
2026	773
3435	1560
4880	176
4156	3018
4336	2438
3580	2389
3989	3774
917	885
4582	1537
3027	991
2019	269
4105	1494
4156	2927
3568	573
2476	2118
3603	2190
3488	3248
2724	1251
1603	299
2541	2275
2755	656
978	743
4859	4728
2027	351
3116	1189
4275	2664
4480	2798
2964	2476
3961	2615
4872	759
2621	2452
3010	1774
4057	2882
4923	4193
2593	1283
4502	3439
4719	3356
1897	1044
1109	637
4096	1128
1775	1546
1453	1215
3300	2627
1444	30
4216	49
3116	2733
3754	601
4534	4129
1966	1905
1752	1161
3926	3279
2588	92
4902	2492
2755	476
5109	3481
4950	2214
4876	2567
4664	961
2934	1537
4202	1677
1692	1215
3685	1175
2698	2197
4019	92
1617	1324
4088	472
4500	4156
5114	4940
859	637
1205	863
4036	1652
4399	4156
3754	1036
1553	123
4441	4404
4873	2118
855	690
3152	3116
1879	877
5021	2605
1774	1344
5085	4871
2118	2015
1202	1094
4417	988
4105	1581
4156	2944
3116	1537
3439	703
5151	1884
1512	559
3884	2661
4841	2329
4640	1243
3081	2338
3453	270
3829	2627
4506	3956
2861	1692
4560	3367
1642	1444
3911	2211
1156	970
3121	1553
5146	2241
2010	1727
1332	146
4544	1537
2108	1481
3538	1032
4480	432
1726	1272
3538	735
2966	2182
1699	1204
4600	4480
4361	1726
2118	859
4045	340
3555	1414
4801	3116
4105	2807
4193	2317
866	101
1929	551
3678	332
4156	2299
2189	1215
3898	1094
4231	3116
4326	4033
3808	2605
3404	1405
1816	1444
867	593
1673	881
4398	2460
5126	92
4067	816
750	612
3590	1444
4929	1405
4156	179
4023	3341
3498	217
2287	943
4059	2594
3067	1677
3116	3043
4825	4388
2725	2362
3139	1727
1571	1404
1032	750
1677	1461
1766	345
3643	3623
1491	911
2661	581
4506	1549
4678	2438
2506	2118
3143	655
4972	3408
4441	2214
4086	2242
3116	1075
2605	838
4156	4005
3081	907
4480	4156
4783	3198
3580	3202
3204	854
5061	3068
2472	1122
1537	1428
1113	686
3400	1598
2482	98
4929	129
4540	2575
4601	309
3323	1492
4470	4156
4105	1682
3673	2725
3663	2308
4480	4393
4292	2045
2240	1205
4086	711
4070	3780
2605	1826
3603	2922
4235	573
3030	2019
2347	411
3354	1432
2124	1537
3366	1269
2904	2156
2438	1366
2424	885
4017	2199
1722	1105
3390	1460
2362	757
4646	1270
4845	1077
3139	2698
3566	748
4646	4558
1002	409
1603	111
4120	1215
4156	2996
3273	1444
3435	1840
3944	1873
4324	2438
1546	1543
4640	3774
3307	3016
4863	1677
3400	939
2698	2398
3805	22
3853	1661
4073	1422
3264	92
4646	4323
3818	637
4156	2506
4389	4246
4940	4508
4424	4156
4970	921
4057	1492
3116	1717
3519	2406
5004	3116
5159	4890
4105	3515
4600	1524
3380	2696
3366	67
4743	773
2704	2181
2653	2627
4097	4070
2912	1496
2917	816
2476	1148
5109	4105
293	92
1742	1197
3812	1936
4508	4156
1108	740
4583	2118
4879	4231
3624	1673
4097	1227
3941	195
3808	2362
4066	1727
4342	1966
4719	2118
4640	3451
3202	405
4929	283
2737	123
4268	2698
2362	1289
4156	1077
3300	2472
4073	1371
2724	2144
2238	988
3588	1581
4928	4417
3478	2605
4872	1938
4861	67
4872	4105
3747	1030
2775	1722
5068	4591
2713	2476
3810	3116
2698	208
4324	1109
3116	1661
2207	1741
4156	3060
1672	789
2013	1162
5078	4156
3722	2653
2118	890
1390	1281
925	652
2605	1000
3357	1252
1407	25
4646	575
2207	431
3853	2964
5113	1302
2475	686
4328	1705
2013	1816
3116	860
1461	33
5062	3114
893	510
4576	3747
1742	822
2517	879
3488	2512
4915	1494
3351	72
4972	4393
4542	1113
3264	2400
4478	2625
1548	1462
2811	158
4232	153
4442	751
3366	2027
2277	1463
3369	2807
4156	4096
3559	1710
4475	2694
5151	309
3352	2698
1496	255
962	903
3685	1525
4156	1764
3493	961
4968	3653
1371	660
2496	1310
4978	4105
3840	1422
3839	2214
3959	3840
3116	1834
1560	67
1093	33
2897	1726
935	601
4636	151
5085	3930
4258	4156
1993	8
1549	652
3853	3056
4711	3591
3114	1722
4105	2289
652	293
2500	1546
2567	867
4070	3952
2966	861
2627	580
4496	3891
3060	1031
4406	4235
3863	1873
4588	2939
4560	3566
4388	3559
