1447	2258
939	1137
1206	4529
508	2641
1710	3661
3713	4864
1206	3307
936	3331
464	3762
154	4573
3819	5208
2953	4343
1519	4807
1137	4496
371	3638
599	3812
1555	1602
2158	4483
1683	2439
1163	1741
1710	4371
548	1331
2037	2279
786	1710
154	4849
1741	2303
1435	1446
844	4031
4347	4891
1710	4696
3156	5112
2509	3376
1555	3998
1920	3598
1164	1736
549	3815
844	4868
2393	4469
228	3160
1493	5114
5033	5241
882	2665
3699	4338
96	758
1741	4521
3627	3699
154	4276
1907	2519
3279	3987
363	4868
1448	1807
1493	5215
1561	3401
2211	3016
434	4229
2316	3643
120	3017
3544	3815
759	2904
907	4127
3714	4311
662	1623
159	1553
1148	3240
602	3174
1608	2934
1348	4616
356	600
70	543
1705	2608
290	858
2025	3262
2545	2565
1111	4046
1013	2749
1504	4229
448	3174
369	3554
3782	5020
290	590
4225	4507
2160	2637
931	2251
1070	2797
1087	3680
2253	4899
1710	3830
695	4569
1566	5021
2250	4663
755	1876
3052	5175
711	2211
3368	5241
231	3426
1338	3243
1710	3025
1710	5247
4899	5215
2717	3376
1710	3219
566	4483
651	3628
600	3807
2481	3931
154	4054
3023	3627
928	2422
903	5130
3556	4229
2940	4810
1427	1995
4057	5050
1873	3602
1226	3564
1608	5188
1877	3458
1532	5237
2186	4229
4028	4963
92	760
3509	4057
281	3038
3368	4275
1572	4275
3174	3556
270	3674
2289	5190
1710	4307
2147	5063
589	2612
360	4483
1710	4087
1189	4031
3392	3708
2934	4306
501	1786
1710	4127
2673	2767
599	755
446	2851
1786	4276
1757	3988
2639	4347
883	2850
120	2350
3406	4229
3558	4229
3652	4116
96	3477
1416	3755
1710	3472
232	1555
4608	4864
120	1636
2172	2348
191	4030
845	3165
1408	1955
2358	5208
917	1892
330	2540
1137	3240
501	4229
2673	3307
3029	3713
2554	3184
479	3109
1427	4767
1014	1946
2117	2439
1455	1710
1080	1710
1447	1870
1710	4356
2628	4229
2901	5020
1024	3976
4030	5132
942	1425
3710	5010
1918	4540
2311	2999
1741	2070
788	1669
155	766
600	4229
440	3965
277	599
2498	4229
1710	5126
1710	1920
566	4686
1170	3294
356	590
191	4053
2258	2927
3213	4537
693	2549
120	4530
1759	4217
347	1710
4046	5046
602	4184
1787	4864
2358	3261
1759	2040
374	5021
120	4412
2258	2639
453	2030
213	5254
1710	3404
120	2341
312	4118
1710	3277
1448	3467
1206	3417
1847	2947
7	2404
2357	3358
29	3510
561	4130
81	120
7	4529
121	4229
871	2999
1493	1568
1669	2377
1776	2318
699	4447
2158	4784
2975	4899
2408	3358
4174	5021
664	2749
2561	3210
960	3068
928	4030
2352	4899
371	1555
461	4086
1933	2263
3410	4963
479	1455
120	543
1164	2408
1127	1170
1293	5234
1710	3897
766	2070
599	2797
1555	2420
669	960
582	4864
448	2520
3694	4864
1938	2769
350	3404
1033	2612
144	4229
2158	5227
1447	2318
2559	3694
3636	5184
2698	3627
2348	5020
2743	4212
2423	4130
1656	4429
91	1357
2166	5188
845	2194
1438	2529
1650	3614
1652	2922
3540	3651
3165	3572
1710	4155
1710	2261
3548	4809
2870	4663
1076	4864
1273	1586
2901	3313
549	3856
1215	3344
2325	3411
4229	4989
2258	5103
2347	4864
761	5242
1918	2217
602	2194
96	5114
1002	4815
281	2742
3846	4383
2435	3017
2529	2720
154	3993
764	2263
3554	4070
70	4767
511	3156
2073	4229
2854	4229
1655	3509
92	602
1441	4864
1741	3183
691	735
448	3907
120	4561
1087	1608
1656	3192
1710	1952
2318	4054
4800	5020
1348	4385
2709	2902
1555	5074
2158	2515
1448	2194
120	2633
2384	3068
1602	2393
1656	3160
1356	1889
1362	4841
120	4429
604	2211
2356	4028
2368	4483
3214	3762
3488	4229
883	1555
586	2263
3074	4608
75	464
1995	4608
4229	4437
882	1208
1511	4192
192	3074
1047	3803
231	2749
1188	1612
881	4902
120	3294
4911	5234
2258	5157
2158	3177
1376	3404
180	3910
635	1455
1710	3213
2789	4864
3887	4873
564	582
2040	3150
92	356
845	1900
1170	4864
1293	4347
3331	3556
997	4608
2352	3843
1710	4651
15	3888
4371	5020
2870	5050
2103	2961
2749	3782
2357	4663
84	120
1555	4271
600	4148
3922	5013
876	1710
502	1710
615	1473
1170	3167
872	2154
1432	3855
1889	3426
1708	3153
459	5215
1798	3509
881	1821
1710	3381
2368	2673
4202	4447
499	1740
2961	3472
1505	4820
3109	3755
291	4347
4719	5020
1656	4577
263	2076
871	1448
120	1807
3856	4864
1710	4703
2763	3213
2040	2147
2993	3167
620	2417
1710	3519
4864	5103
291	1307
120	488
4229	4725
1612	2420
1087	3475
380	2211
3761	4921
946	1127
2458	4118
803	4225
2855	4184
2064	2087
2565	4274
1655	3025
96	4139
120	5122
17	4972
271	1710
2983	4864
2207	3132
2615	3257
120	5021
1348	2318
3215	4331
1447	2632
1710	2130
1170	4030
4057	4192
393	4072
3762	4127
1995	2554
2186	4210
501	1708
2720	3896
693	3501
4026	4210
7	4464
3279	4229
2311	2318
1408	3792
2318	2500
1290	3010
1206	4231
1130	4356
202	3397
3834	3896
52	516
290	3153
82	1995
399	921
1188	4352
1710	4021
120	5198
1566	1721
4116	4497
2211	4598
489	869
1493	4240
2293	4229
561	4845
759	1431
1710	2897
1473	5026
2113	4483
1356	2993
3946	4089
3411	4347
1055	4493
96	561
2380	3326
1359	3579
3195	4327
328	5021
297	2934
92	867
2500	2615
4127	4879
1710	5062
2854	4332
537	1955
2186	4412
2420	3598
2048	5026
516	776
1359	3815
1055	1455
448	1555
1555	3917
3372	4170
118	1497
662	3627
3362	4614
566	1047
543	1655
1465	5244
976	4807
1965	3039
766	2553
2356	4878
2641	3780
1710	3725
233	2583
683	3175
1568	1656
1710	2695
516	4343
1572	4864
1571	1757
4229	5208
96	4600
1455	1965
14	3004
946	1087
840	1710
1619	2804
1206	2925
1710	3615
2632	4229
1636	4803
1555	5010
2158	2392
1430	2940
3025	4529
1710	2830
939	3240
171	2806
1710	4796
1455	3835
1336	1710
258	2258
2889	3540
305	942
2273	3307
1710	3617
759	931
2258	4054
2085	3481
1447	2864
1918	2850
2731	3485
1866	3411
1206	2108
2258	3300
1710	3327
3404	4275
2352	2612
4864	4941
3114	4997
1455	1918
1614	3099
1416	3762
3213	3888
3040	5234
881	4608
1710	1873
2897	4119
587	2380
1952	3888
1014	4868
2085	3912
4212	4397
1026	3734
3200	4530
508	3602
1087	4811
3526	3922
2981	3557
2897	4608
1070	3512
3457	3462
1062	5215
1002	1435
564	4044
4229	5229
1710	5255
1710	2867
181	2946
1080	3419
2510	3598
120	378
2934	3813
723	1555
1555	2897
1331	2855
1465	3243
4879	5069
4243	5227
871	2850
600	2438
275	1070
2158	5177
199	5062
4	1127
1710	2698
1425	1710
1710	2982
202	3061
864	4212
1809	3282
2087	3807
92	5050
120	2956
231	2258
1562	4372
91	4877
1710	2802
3772	4383
1726	2749
120	3143
578	1907
491	3785
1710	1834
875	3174
261	2258
1710	3944
3004	4864
1219	2953
290	411
1779	2040
1361	2258
1127	3114
2756	3719
1532	2158
1710	3900
196	2318
2901	4864
70	907
1208	3466
2579	3267
2901	4275
1553	1710
1680	4438
845	4954
1331	3165
138	5021
1555	2318
1652	3598
280	2087
196	2850
1555	2554
2529	2799
946	4654
227	1710
120	4781
2318	4213
1710	4778
1465	2285
1710	2604
4307	4864
7	1230
28	1376
2158	3798
1944	4054
600	3477
1127	1553
1448	4954
1786	1836
277	3059
714	4030
328	4849
424	693
1907	3621
1873	1933
1455	1555
561	2408
994	5215
70	1405
498	4608
1710	2038
1765	4229
3713	5021
1705	4025
3275	4864
1542	2663
1446	2318
7	2189
3022	5172
1428	1710
2344	5076
907	4130
1037	4229
1710	5028
3998	5172
4540	4558
196	393
191	1461
1483	4596
4054	4608
1127	2408
235	2408
1710	2266
192	4935
3382	5173
91	1872
1273	4776
154	3174
726	1555
1710	3813
3376	4249
960	2608
4184	5078
1176	1430
120	5188
191	1466
422	4229
120	3638
2500	5226
1312	5224
3621	4275
26	4734
2318	4271
2186	4873
2579	4057
2417	2953
3614	4264
154	4473
2158	4824
4229	4307
154	4347
1710	4759
1505	1710
759	1995
1721	4660
806	1927
939	3543
91	4838
1757	1947
3160	4084
429	2207
1710	3483
1555	2443
1710	3009
716	1104
1889	4088
1530	3411
1710	2581
921	1341
3999	4127
1710	4139
332	4864
3807	4663
2523	5249
3926	5025
120	4839
782	1710
909	4391
4540	5050
1568	5020
3526	3888
191	4031
695	5050
4383	4960
120	4734
548	883
2069	3827
3856	4803
382	4343
1170	3004
3177	4130
1710	3387
3778	4894
3907	5021
878	2482
609	4384
601	1161
91	4030
1710	1945
3044	3790
4041	4766
1115	1710
2266	2498
2805	4265
1334	2020
1710	3507
3516	5050
1484	1493
766	3856
537	3192
856	1710
3267	3411
176	1493
2147	3807
1710	4036
5062	5160
1907	3856
120	4696
1907	2912
599	4109
671	4573
120	1259
2529	4864
907	2158
4838	5224
662	4361
1710	2632
3636	5177
1667	5132
7	4591
897	4718
120	1841
881	2633
815	4537
3214	4864
2720	3167
2756	2983
1952	2810
1710	2398
3381	3792
2158	4608
92	479
96	4514
3720	3762
3177	3462
120	1239
2158	3404
2237	4864
347	581
3326	4608
51	4967
2348	4412
3463	3556
1918	4558
2637	4974
743	3677
277	3358
1710	4041
1481	4540
3564	4232
212	766
1872	4347
590	4529
2720	4397
858	2211
1297	1710
1390	2905
1026	4407
2285	2720
120	3770
1710	3910
3404	4576
33	4075
1293	4483
770	1643
154	1555
4567	4582
1555	4131
3472	4044
91	4372
3598	5241
22	1756
1710	3041
578	4767
872	1889
940	1935
760	4276
353	4385
1901	3762
277	4332
1710	2598
2714	4229
380	3404
2904	4849
22	3543
4130	4332
1555	2113
699	2537
290	816
1821	4124
966	1127
1415	4608
1334	1505
788	4766
3176	3979
267	3395
688	1330
1710	2547
2393	2870
3550	4895
940	4558
4703	5227
235	3410
120	1568
2012	3184
1602	4663
1710	4282
2008	2989
380	946
3382	4540
424	1080
2749	5229
2579	5050
662	3213
1107	2579
2263	2694
199	3815
422	461
1566	2367
1561	2113
1555	2393
120	2632
1710	4229
1710	3279
1479	2382
2641	2965
57	2544
7	1507
1176	3710
2769	4469
1338	5177
276	2408
2666	3376
1710	1811
1710	4616
776	2164
1555	5021
587	2775
2308	2318
695	4972
1710	2804
4086	4582
498	4347
1710	3498
1127	4838
1710	4366
120	276
980	3688
228	827
275	2817
1026	4864
2289	3404
70	4280
335	1555
2458	4127
7	4985
1505	3213
1602	3998
3852	4229
393	4630
258	4176
516	2040
120	1403
399	5230
1302	3237
3863	4540
196	4824
3109	3165
120	3188
1710	2836
711	2408
2720	4497
1315	1710
1447	2285
3848	4864
1710	2236
324	4864
2408	5215
2031	2158
934	1034
22	960
3769	4184
219	1710
120	4515
1561	5177
3240	4229
260	2757
600	3907
2907	4977
96	1354
3358	5215
374	4275
3477	4081
154	5215
1519	2258
461	513
2056	5062
4229	4732
120	4025
1710	3564
2545	4591
1710	4317
960	1408
4785	5047
1356	5242
1710	2967
1505	4385
600	4727
136	2094
1338	2031
960	4970
2263	3965
4725	4727
2416	2889
92	4372
4311	4632
2756	4217
4864	5018
301	2211
4229	4867
1493	1759
2967	4060
882	3687
3740	4663
816	4734
2559	3698
1170	4997
1773	4237
1348	3129
1055	1643
1555	3745
2895	4586
848	4332
1889	3167
1511	4878
761	4275
2420	2749
326	2490
7	1759
2211	4627
1519	4327
5132	5135
1710	4631
901	5069
1338	3669
1705	5188
2756	3510
2348	5164
1170	1447
1710	4327
1212	3331
1455	4608
1127	3910
260	1151
171	1900
3907	3988
1555	2327
1655	3678
3074	4229
876	1680
2158	3074
1700	5021
1555	3910
609	997
1448	4841
7	960
601	2285
129	1429
4317	4864
3156	3627
1900	2806
1116	1555
1873	3160
905	2720
2154	4784
1447	3205
2665	4229
120	4009
271	3848
92	1798
3331	4841
3306	4127
3819	3834
2393	3710
2612	5076
72	5021
3289	4076
2604	4732
1705	2451
1843	3255
1710	2852
2700	5020
949	1338
4028	4275
1206	1741
1429	2732
1354	1479
1700	4738
1368	2509
120	2984
459	4864
1710	3184
1572	2709
1094	1447
1555	3243
1455	5222
940	4529
316	4149
218	4966
582	4963
573	1710
564	3907
3146	5021
93	1053
1555	3376
561	600
459	1555
885	1710
70	3915
4891	5021
1726	3093
91	2964
1206	4195
905	981
1759	4879
33	2600
2524	2832
1710	3177
48	2020
120	2325
1710	2712
1034	2720
3976	4582
4843	5116
213	2694
1055	4199
1555	2557
3714	4193
1710	5043
1710	1924
2698	2902
3160	3651
2311	5021
120	5253
3306	5160
801	4483
1076	4803
72	1381
1895	2848
79	1650
120	5196
2303	5021
1700	5208
3294	4852
1785	4754
114	2285
1571	4216
1710	2356
939	1481
2107	4275
2787	3778
2633	5061
1219	2514
931	1127
2451	4285
1907	2417
17	2258
2423	2983
75	564
600	4608
2211	3240
1188	1710
154	4229
2069	3044
2806	2999
2628	4347
1710	4841
695	1359
120	3976
590	5103
234	1555
1412	3498
1215	3212
3267	5050
332	1947
1741	4852
120	176
615	4315
2012	5229
1710	2250
882	4926
110	2030
1807	4986
2318	4796
1553	3485
921	4864
33	4526
331	1170
1710	4802
2030	2258
489	960
3045	5025
876	3219
1348	2933
1985	4702
516	2408
1710	3129
927	2235
1843	4229
1710	2397
453	2673
1710	2900
1555	2779
1334	2387
1624	3148
4820	5237
1107	1710
2311	3109
2387	2583
1527	4438
339	2612
1755	3710
1127	1193
1555	3174
120	5242
1104	3136
1507	2797
92	2311
1741	2231
788	1247
338	3863
4192	4229
19	3160
225	4954
1759	4864
120	2587
1710	5049
1561	2756
2312	4940
1710	4935
120	2377
1368	1555
5035	5171
478	2263
816	1455
871	3109
1918	5184
3758	4736
2258	4184
120	862
1532	3526
22	4249
400	889
4229	4582
330	4229
871	4734
144	2520
2964	5035
120	246
277	1293
2783	3988
3582	4864
1710	3405
1397	2158
225	1053
1034	2529
2258	4282
4124	4350
3627	3843
154	448
3376	4529
1785	4237
3643	4229
1526	2211
1900	4229
3109	3478
1757	2637
3451	4840
1710	3237
1710	4266
960	1206
759	1429
1455	3478
2408	5222
1507	3177
581	4873
1918	4229
1206	2418
1710	3411
708	1362
1710	5014
1868	2861
1705	4841
1710	3708
4555	4967
756	1710
2239	3643
883	3257
934	2934
598	2211
277	928
3039	4285
1169	4229
281	3999
4222	4796
1362	4497
1614	1947
4778	5215
2211	4878
4849	4954
2789	4127
2158	3326
3764	4473
1710	2329
1710	4654
2380	4003
1483	3651
120	2304
875	2850
120	380
2358	3358
1710	4290
277	2408
52	1225
377	1710
1127	2351
1127	4997
120	4504
615	3627
1700	4079
120	782
29	330
600	848
2393	3998
1741	3240
3988	4784
120	138
196	756
1656	2211
1755	5188
1376	1555
1710	4879
2404	5025
778	2158
4879	4899
4072	4229
1870	2367
120	4514
1907	2965
540	4733
4124	5035
1461	2327
231	3167
1710	3887
1538	4347
1293	3720
120	4579
1710	3482
1901	4347
620	5025
1511	5199
1757	3016
4210	4873
934	1667
1918	4738
2542	5018
120	4053
1918	4116
572	4275
120	1233
196	4363
2211	4343
1785	5047
912	1710
2632	5164
3261	4540
1741	3627
3931	5165
453	4627
235	4028
4063	5021
461	1720
1420	4229
4849	5078
26	1918
4803	4926
2681	4229
1290	5069
1710	2806
683	3698
2673	5188
393	3792
120	1892
1461	5249
3124	5196
3745	3863
1603	4576
220	1889
32	1710
33	3114
982	1935
4630	5078
3643	3710
1228	1710
609	4742
120	3681
5021	5222
1273	2641
82	882
1710	2951
3798	5046
120	3749
578	2797
18	2875
2158	2870
508	3035
1035	4864
120	4563
1555	4891
3484	4229
1149	1710
4608	4891
2244	5224
871	1708
3740	3807
1303	2318
2443	3174
1901	4070
2211	4070
1710	2095
1555	3702
4149	4229
2740	4311
277	4864
2981	4803
1710	3543
425	4112
601	2993
1710	3099
1331	2217
958	2891
2529	2830
120	159
4608	5033
1710	2318
1710	4383
191	5103
3114	3167
2344	5020
2673	3375
1519	2367
2279	2749
4940	5230
1571	3638
4608	4954
120	3821
3015	4229
1479	2981
1170	4734
3174	5208
96	3366
693	4054
3303	3451
1553	2544
1896	4229
2795	4566
3219	4799
305	2327
93	1708
1710	4216
120	322
120	928
3510	3843
2519	5215
2540	5241
72	2546
651	3444
2420	2904
1111	2769
516	4663
2804	3237
761	3114
4276	5072
2902	3843
2279	5188
994	4663
57	4229
1076	1710
615	960
371	3543
1555	2311
1555	1612
291	2725
120	598
347	4210
2505	4237
2293	2318
1710	4725
1612	4116
949	5172
2523	5134
114	2385
120	1756
3015	3213
764	3708
1700	4511
260	1655
2293	5215
2903	4030
1455	3572
79	516
1153	1208
2211	4864
1170	2520
1710	2358
1165	1743
235	3713
589	5076
48	3372
114	4671
2742	3892
1710	4315
33	2993
4734	5222
3773	4824
2404	3907
70	4031
120	2211
511	3396
2620	4463
1493	3557
835	1868
2585	4608
347	399
767	3988
586	4807
3628	3815
491	1710
70	498
120	2581
3378	4663
3167	3204
604	1710
982	4496
2158	5137
1710	3297
92	3572
91	3566
1455	3554
2235	3334
1873	2641
960	2936
3478	4229
225	4608
1435	4347
1710	3088
96	2087
1892	4407
2211	3621
3477	3807
924	1710
1710	1930
7	1135
815	3413
1345	1710
1710	3772
2207	4951
120	5222
1655	4229
1435	1465
1082	4483
2416	3548
22	4529
1307	2542
1710	4015
4094	4438
2258	4109
1656	3410
52	3651
92	2709
1708	2356
508	3313
2999	3785
1895	4130
1757	3896
3038	3773
120	1976
1185	1710
578	3038
446	4347
2697	3627
2106	3471
2515	3669
2788	5021
1448	4229
2158	4878
669	5135
1772	4026
1331	1708
1636	1710
1710	4464
1710	5013
1146	4225
960	2293
2544	2904
1995	2956
1553	2258
620	4347
1493	2285
1710	5237
1016	4447
96	3038
3888	4785
1708	4967
1907	5056
881	2158
380	4072
120	4604
406	3085
767	3556
3301	4229
2673	2982
578	4627
4276	4849
1447	1493
17	4466
2482	4217
4496	4877
3282	4864
297	1764
3212	5234
1674	1710
1076	3922
91	1710
2483	3896
120	3632
287	1193
96	2235
1708	2217
1907	4306
1505	1555
1206	3397
946	3210
1652	2749
456	3472
592	1907
2215	5242
3627	5175
864	3275
305	1700
1710	2280
1864	4199
2781	4970
3498	5018
231	297
1186	1710
197	695
4229	5160
3498	3834
28	350
410	2673
1455	3039
3475	4116
4188	4970
1710	3023
3458	4075
2221	2756
4371	5199
2273	5215
2529	3366
213	2157
1345	4595
600	3761
2318	4529
269	5217
3404	4734
2587	3255
1555	1779
4616	5161
2850	4347
1555	2363
1007	1026
602	845
1721	4466
1429	3825
684	3004
1170	2632
1047	1907
1429	2380
379	3516
2285	3628
1710	3382
1710	2988
328	4841
421	1710
4229	5199
1435	3167
2207	3856
1233	2749
120	2371
815	2540
976	1710
845	4849
939	1741
1656	3856
22	4873
1189	2870
3396	4356
2012	2273
1460	2633
3598	4275
2095	4583
96	572
2510	2612
3792	4072
489	4075
755	4864
871	4963
1710	2466
1773	4272
1710	5229
1455	1493
1506	3669
96	755
1094	4663
3038	4767
1208	2594
1710	2768
537	1408
1353	3761
82	1273
154	1872
878	2505
543	4280
2318	3289
260	4608
2749	4686
1447	2254
2633	2749
120	363
2358	2781
2797	5048
502	1870
1450	1710
3548	5227
33	1708
3887	5021
1608	1705
17	1555
1507	4975
2318	3720
2355	3710
1555	2529
1687	4385
1877	3766
212	1710
3510	4579
1555	2515
420	3207
3998	4727
3803	4785
776	3458
1137	4877
2568	4384
1710	4986
461	4163
3761	3843
3643	4935
1206	5208
2064	4229
290	3677
120	2355
1901	3785
1710	4372
1710	2805
199	448
2458	4202
1710	3643
2113	2318
96	4849
1710	3521
1901	5215
4604	5020
114	543
994	3710
1555	4127
2048	2554
55	4438
92	2351
1506	2515
120	5072
275	1016
1532	1710
1710	4861
2356	2717
149	2207
1710	4057
1373	2956
1901	4902
1710	2276
255	2953
213	589
191	1189
3907	4158
363	2509
75	2417
2451	4744
92	2923
931	3548
3856	4383
1312	2244
171	2999
1610	4041
261	1710
1483	2482
1331	4967
2420	5241
120	976
1447	1789
2069	2779
1047	5215
2194	3467
1602	2113
2422	3063
3312	4229
609	2076
743	2537
191	3867
2236	2902
806	2890
2961	5171
1185	4229
960	4703
2211	4663
91	4347
1708	3556
1710	4894
927	1779
2393	5177
590	3710
2443	3652
4202	4229
1297	1852
3807	4275
1656	4622
788	4202
924	2797
844	5172
1435	2644
231	3896
1843	2934
701	871
1127	2244
33	2640
1710	2096
1395	4864
2358	3993
982	5160
7	144
2207	2989
290	4582
2983	4879
1710	2352
2186	5062
70	1290
22	3821
1519	2211
1170	1455
897	1809
1505	4567
2285	3867
196	3803
1527	4828
2318	3071
1137	5067
2983	4028
3769	4663
1901	3993
1302	4627
2400	2528
1710	4195
378	1710
4702	4745
499	2158
219	4864
70	1087
1555	4462
225	448
2408	3477
615	4385
72	1034
91	2663
2565	4634
277	4076
695	2258
4496	5067
513	1710
883	3475
4347	4664
35	4275
2902	3699
1889	3931
2020	2211
2899	5021
589	2902
170	2510
4372	5103
1447	4967
1900	3478
599	5184
1111	1710
1785	3331
845	1708
5021	5157
602	2358
211	2158
91	2923
1652	2709
1710	5053
2889	3602
2560	4046
3745	4873
72	1907
191	1312
1416	4608
931	3680
188	1447
1710	4655
15	3015
875	2443
4184	4864
235	1710
1952	4385
1985	4703
711	2404
120	5052
17	2384
2510	2594
2303	2559
1206	4734
1420	2318
1710	3730
601	4967
1107	1741
3720	4600
2147	3398
361	1710
1710	2949
2544	3475
3255	3404
1261	2258
1710	4899
2158	5072
1127	4050
2981	3009
708	1955
2207	4646
1710	3368
1460	1710
2380	3444
1710	3757
2850	3652
3466	5112
2258	2773
448	2117
120	2611
590	5094
92	2579
1710	2608
2113	3998
2851	3167
818	4229
4229	4651
881	3483
332	3998
4229	4891
3255	3336
1710	2510
4639	5021
118	1380
136	468
120	4654
2756	4784
231	1889
3165	4738
743	835
1215	1710
57	3821
1870	2602
2154	3548
2340	3892
1127	4212
1710	2458
714	3294
235	1656
2357	4864
1334	5134
1555	3735
1553	3846
3478	4677
1901	2158
3368	3725
120	997
1553	2545
260	1555
2113	5172
2956	4229
2953	4101
1080	2806
759	3825
2540	2554
350	1080
776	4315
2936	3170
1153	3367
1507	5021
120	1663
2458	3148
1710	2787
3602	3903
867	4229
2304	3698
277	1726
1741	4110
1461	4383
96	2258
1930	4229
4130	4611
1859	3153
949	3025
871	3306
881	4343
2279	4081
1710	4143
4275	5184
1556	3167
1040	3815
72	4810
1082	2673
862	2090
3627	4803
2186	2348
231	310
280	3931
72	4807
711	5021
1614	2318
599	1710
7	867
2519	4130
1614	2412
1208	1710
1555	5241
601	4311
1900	5035
2348	4493
1907	4491
3485	4253
120	4982
1170	4473
3160	4212
3548	4993
1710	2123
587	3617
3485	4507
3557	3636
3411	4229
954	1710
3411	5048
1710	2561
70	167
277	1710
22	4347
966	4285
2545	2904
277	3772
1555	5210
3160	3843
2500	2510
1338	4315
1710	4188
548	2615
1428	4280
2641	4966
1104	4118
3088	3410
587	4853
2158	5074
547	4634
1087	4591
75	2207
29	120
7	981
2889	3160
2806	3167
3628	5215
235	2404
1872	4124
1710	4537
160	1917
640	1710
91	5132
556	4526
1927	4853
1127	1708
2087	4315
822	3160
1153	3599
3815	5208
939	982
4031	4527
2194	2358
1655	1985
4963	5018
2080	3771
434	2680
400	1532
2901	4229
2318	3177
1892	3734
96	4130
1710	2327
1990	2632
946	3463
798	3059
946	1710
3993	4576
1538	3762
2327	3764
909	5164
3334	4229
1331	3467
202	4212
601	5215
2435	3819
75	1907
698	1034
1234	2709
2385	2852
2266	5164
393	4276
3843	4351
371	554
3668	5021
2890	4229
1293	1710
698	1710
2927	4275
1104	3710
976	4803
129	2515
1338	1493
120	4506
7	3543
280	1759
1710	4664
2540	4347
191	1710
75	4734
716	2423
2852	3892
885	3740
803	1555
1002	2289
1710	4931
196	4727
1127	4285
2258	4429
291	4213
1196	2904
120	1612
881	1354
2158	2875
1519	4229
120	4114
353	3213
305	1656
3404	4954
1016	5048
3572	3755
1710	2076
3028	3768
803	2806
2843	4941
1710	4840
1170	2964
2258	3025
1789	3501
674	1710
3160	3378
3785	4841
777	3213
2929	2993
592	1656
43	5196
367	1710
277	2458
4137	4864
761	1889
1189	3154
2579	2936
160	3802
1695	3627
1331	2358
2048	4026
1519	5175
1055	2258
2047	2749
181	1511
91	3773
422	1710
120	2416
1016	3512
726	3815
1188	2547
755	1338
1431	2545
120	4758
1163	3289
1226	4232
509	2749
120	331
191	4527
2964	3358
2020	3871
764	1033
501	1710
2749	4604
122	1104
7	2251
883	4967
1196	4229
192	1710
3463	5202
3109	4456
1080	4089
235	3522
4841	5234
2993	4311
120	643
2387	4345
231	2993
618	5161
1555	1776
2806	4347
2318	3917
448	4276
120	1435
118	203
220	1966
3167	3307
1656	5020
2612	3761
2722	5021
2299	2672
213	1033
154	2903
3846	4841
1614	2515
882	3288
3557	3896
1710	2925
1710	3324
154	4868
760	2993
3812	3907
1331	2850
1555	2020
766	4306
2416	4275
881	2318
1710	2048
704	1710
120	3764
120	1160
578	4963
335	3807
3557	4046
693	2640
1053	4963
1479	1748
114	2720
1351	2673
491	1555
110	3790
2993	3114
2641	2928
1532	3260
3148	3156
499	2258
600	2936
1315	3844
1055	5176
1710	3052
399	5160
1527	4646
844	5164
3068	4873
1636	2529
4081	4217
803	1338
2258	2734
120	3237
1230	1555
2749	4530
2215	2993
1710	2975
1356	3379
4784	5116
2189	3759
3088	4989
1754	3931
1455	3410
615	1900
2318	4736
2854	4663
1455	3755
1710	2034
305	2855
2389	3733
3212	3344
1720	2566
693	909
4663	4777
33	2285
3740	4911
3772	4385
91	1663
120	4332
1206	4210
371	3331
92	3210
324	916
1710	3071
726	4864
70	1705
120	3324
2147	4217
2020	2816
699	4030
3827	4778
2211	4872
2105	4970
4088	4787
2855	4124
1710	3222
1710	2851
5063	5217
2117	3004
3485	4591
91	92
4529	5175
2672	3331
4031	4838
788	1710
1710	3525
1602	4608
3174	3652
120	3795
3431	3643
684	1710
2103	2258
2211	3986
258	2211
2066	3057
872	2285
2318	4878
1754	3204
2934	4627
3426	5242
1710	4884
2123	2344
72	1359
120	283
2047	3834
1708	3210
544	4616
1710	4945
1719	4031
549	1710
2352	4371
1785	4479
1757	3240
2628	2749
1710	2875
981	2113
120	5218
1710	3467
1119	1710
4414	4864
683	4966
2646	3988
1026	4191
120	4864
120	4160
1493	4031
1710	3161
4864	5188
2387	5134
2665	4776
2529	3477
1710	2937
60	2356
1741	4429
2147	4307
1561	2318
309	4853
1710	3330
1555	2451
1907	3887
1721	3088
1455	2211
1555	4383
669	4026
1465	4972
93	3792
120	1710
448	1293
697	2235
2788	2946
862	1710
858	2318
564	3896
114	3257
3306	3988
2211	5020
2368	5103
4015	4582
2797	3361
1104	3815
2344	3714
1710	4736
1757	2260
600	2956
3123	4229
149	2934
4196	4921
461	3815
4124	4573
1555	4878
120	4852
120	2064
882	916
191	3572
92	2742
120	4045
371	788
2528	2757
2380	3062
181	2356
508	3040
2964	4124
3771	4950
448	1127
1507	3815
1612	4989
347	2172
191	2358
1447	2641
2749	5222
120	4063
1393	2304
960	4591
120	2129
33	2387
3892	4280
121	1555
3152	4864
120	5157
3772	4229
318	3643
869	3762
2113	2870
845	4738
91	1416
235	2469
972	1080
881	4021
1710	2351
91	2709
884	4784
2775	4732
3240	4412
96	4688
120	516
1710	5072
537	4573
2258	4317
1710	2435
1331	4734
277	4031
271	3764
1710	2015
1465	4497
1710	4591
96	3841
2505	3634
191	1896
7	1710
3846	4864
2215	3167
845	2855
1526	2207
578	2934
456	1886
2749	4044
33	2751
1710	3747
599	2417
1170	4225
171	4116
1338	4493
1555	2954
4608	5210
548	3257
3651	3719
2416	4663
2392	4608
171	2779
167	4280
602	1700
2404	2673
2897	4229
1710	4158
231	3803
2408	2482
120	3207
239	1710
350	4608
540	3175
2318	3993
1764	1786
1710	1755
1710	3807
1834	4852
230	3071
1505	1773
2105	2934
1053	1907
2570	3827
942	5241
1901	4970
3998	4608
1710	4855
1555	4777
335	4385
1710	1726
374	5020
2158	5210
5116	5134
3643	4702
816	881
120	1677
5062	5135
2435	4511
1034	1710
942	1447
1331	1900
3888	4537
2509	3649
120	2660
2273	4891
92	4057
2988	4383
3025	5025
498	2438
2641	3599
3109	5171
1586	4864
393	549
1348	2499
446	1338
92	3566
1754	3167
228	2509
3262	5241
2608	4744
1219	2324
335	2965
70	714
2318	2585
601	3426
1900	2318
1710	4611
2069	3464
1748	2455
2012	3289
4649	5112
7	4677
91	2358
1839	4275
1002	2641
636	1555
2273	2416
426	4229
1127	3680
2500	2889
1710	3837
816	4864
7	940
2418	3834
997	1532
3022	3998
946	3835
2993	3628
2352	2641
3375	4469
120	2306
2491	4148
290	3940
994	2258
4778	5165
2731	4997
2020	2147
120	2207
3598	3634
2993	5215
3740	4731
422	3915
276	2147
3261	3483
2154	2380
411	2641
3475	5050
1870	4796
7	4229
1710	4781
120	2876
290	3375
4282	4766
3687	3772
4677	5217
2356	2380
2408	3680
4800	4820
711	1907
2936	3237
301	1710
1002	1118
3062	4879
2547	3413
1348	5188
120	4351
1219	1901
92	4796
1233	5217
498	1455
555	4210
2540	4514
120	377
2020	3306
1995	2031
755	1447
1907	4608
4412	5160
2147	2408
931	4725
3556	4713
1555	4054
75	2408
912	2749
1757	5037
1612	2158
543	876
96	1779
3282	4718
1608	2258
994	4864
697	1710
3150	4094
1104	2020
5175	5184
2420	3213
1361	4864
881	4331
1381	1870
761	3167
4089	4237
982	1206
1447	4197
464	1555
330	2902
1636	3931
3643	4195
1555	5137
3289	4838
2545	5188
976	2749
897	3710
1741	4864
1952	4785
120	3560
3926	4935
2380	3167
120	5086
464	3017
4839	4894
1153	2528
2731	3029
2358	3957
92	3680
1602	4725
548	1206
1870	3969
120	3782
120	1933
1710	4900
1435	3988
231	3556
4217	4663
508	1710
360	4608
845	3174
1710	2131
1900	2999
3988	5184
916	1873
589	2157
489	940
1842	3802
2154	5247
1206	4026
803	3109
3462	4803
1785	2641
4497	5035
91	5103
1208	4855
1710	2864
3114	4347
1710	4972
2900	4921
1035	4101
75	3153
2344	2709
1710	3652
764	4921
2663	5062
144	3643
3261	3669
1273	3401
22	566
2673	4784
858	3677
4383	5020
883	3478
4311	5242
2006	4229
498	1555
1710	3511
957	2720
602	4738
234	3079
875	2318
2615	5215
1710	1767
1710	4439
1338	1555
333	4031
410	1710
277	377
120	5124
326	4229
461	2258
2293	2897
1430	3710
1907	3243
2117	4347
2006	4282
120	3510
1053	4184
2806	5078
845	4229
711	1741
587	2211
2597	4663
2147	3138
3850	4229
120	977
2367	4660
1416	1555
498	4229
2673	4189
1429	4343
760	4361
1348	2031
3993	5160
1757	2070
1922	2026
218	1981
2318	5074
2095	3411
1985	5175
328	3867
1995	2967
235	3509
7	2285
2787	3542
537	4124
2207	2380
609	1110
564	3856
339	2902
566	4347
3720	4469
96	2207
2157	2510
2927	3834
120	1484
1206	2600
3176	3548
3167	3628
1710	2244
1408	3720
393	2999
2953	3802
302	871
4275	4530
498	4174
3462	4766
79	3160
1549	5251
144	1127
1656	1710
91	3790
589	3481
1710	4940
120	3761
960	2258
905	2417
2056	4407
120	4292
1555	3205
1709	2743
3515	4229
350	1447
3177	3762
2903	3485
960	2289
1683	4864
1455	1700
3354	3993
3627	4864
1678	2524
1555	4197
683	1273
4021	4784
1427	5188
1307	2725
572	4963
1710	3115
2665	3912
555	581
2953	5180
120	4136
602	4841
1164	5188
2357	3404
1532	4537
1710	2785
2117	3837
1710	2924
2311	5180
599	940
7	1127
1137	1663
766	982
1901	4229
3896	4347
1233	1710
91	5224
3341	4438
1545	2749
93	4573
2070	4734
1348	2113
2285	4852
120	1450
43	4981
3896	4608
3976	4627
60	2318
224	1002
1985	2520
2734	4479
2358	4493
548	1448
211	1809
764	3368
231	684
1373	4663
1710	4479
171	3652
4089	4809
624	4879
1435	2285
1356	2285
332	1710
4627	4963
362	1070
331	566
1455	2482
1710	3657
3888	4385
4853	4993
277	4536
2194	5208
882	4385
972	1710
928	3257
3154	4327
4110	4803
4483	5226
4229	5135
170	4921
2423	3153
595	917
946	3478
1455	2279
297	5025
4841	5215
480	897
213	1353
3892	5202
1614	4573
2864	3907
513	4229
3734	4191
1435	1889
2123	5112
3485	3846
1877	2154
2069	3410
1455	4558
4229	4383
931	2458
1740	3742
75	316
1922	2258
138	566
2158	3998
1420	1614
1710	4733
1608	3710
1870	2756
120	258
120	4248
2186	3382
1104	1553
231	4841
1390	2367
1710	3361
120	3299
7	1427
2731	4954
3234	4981
4274	4941
3044	3915
1901	4841
2694	3275
1104	4202
1053	1710
1415	2318
3979	4864
764	3598
3087	4184
881	5114
1189	3404
2318	5210
2040	4021
1913	3710
120	636
120	4028
2797	4229
3411	4054
1710	3201
1710	1955
3411	4453
72	3772
120	3401
4497	5021
305	1362
173	1710
1555	4215
1555	5046
82	592
806	2817
4347	4469
2258	4646
468	3830
4130	5215
7	2344
642	3004
1219	4841
96	3807
4152	4229
669	4307
3257	3467
1710	4432
803	2443
815	3331
946	3257
53	3234
3652	4347
1408	3478
1710	3007
120	1148
2749	4577
2254	2358
1455	1484
3240	4496
4778	5247
197	4148
3979	5157
170	3614
1868	2529
1602	2031
1612	4608
22	3146
692	2318
91	3463
564	5222
1532	4041
4622	5227
4049	4229
155	1356
3129	4193
1889	2725
196	2076
1555	3720
778	1087
2258	3192
2318	4197
592	2956
1206	3710
537	1947
446	4189
4841	5021
2902	3761
561	4021
711	2207
726	2806
231	4311
1146	2266
946	4127
332	5172
2158	4229
2594	3614
144	5230
1754	4311
4694	4809
615	4229
4429	4864
912	4275
2408	2587
2304	2756
1944	4229
2048	4997
1955	4229
277	3567
4451	4614
1710	3190
4229	5151
2037	2537
671	1710
120	4886
1058	4483
3410	4660
2336	3289
803	4229
2070	4275
537	4229
628	2069
1710	3876
509	1710
3773	5215
120	4056
1127	1561
914	1710
1710	3714
144	1153
120	1682
897	1206
1538	5050
4566	4663
4954	5208
2633	3745
1484	5021
235	2749
854	4229
1710	4409
2540	4326
202	2596
26	2194
1016	4357
2499	2560
120	2285
4511	4738
566	2633
1210	2299
1563	1710
1561	2158
615	4972
3643	3657
120	980
582	4981
3431	4662
636	3510
2351	5144
1710	4491
1481	4030
114	5244
1212	4385
70	4347
697	1870
2749	2854
120	4937
618	1447
7	2318
881	4725
191	5115
1683	2258
1883	3643
2158	5048
180	5227
1356	1708
628	4229
120	2413
4081	4663
3424	4331
516	3477
3207	3896
2293	2544
3413	5112
1663	4496
1002	4841
96	4160
72	3946
120	5116
1455	3710
2408	2899
4439	5130
805	2351
4229	4290
1748	3071
803	5196
1612	4493
3720	4209
3740	4671
3381	3803
1007	3509
347	1928
1710	4997
426	1710
1397	1710
3167	5142
4229	4877
3825	4591
1608	1710
1359	4148
1087	4577
708	4849
2443	2999
3696	4864
4051	4229
816	1555
362	5048
3792	4573
1127	5025
1356	2720
3015	3275
159	2904
2540	3367
1373	3815
3237	4192
225	4124
1757	2108
114	4456
3485	3710
3993	4347
2724	4981
2644	4229
4028	4864
578	2579
599	1104
907	3472
3442	4963
716	4004
1741	4673
2157	4229
276	1901
1708	4124
554	3354
4849	5035
931	1429
3931	4852
1223	1710
1170	3907
277	995
1465	2720
120	1757
1710	4891
120	988
120	3668
492	1821
1566	4864
425	3643
2694	5254
1293	4608
3261	4558
537	5035
1710	4456
1779	3472
277	966
1348	4072
601	2923
1338	4954
4046	4184
4137	4229
2139	4265
2532	3625
537	5078
2380	2993
1821	3267
7	2797
409	1710
3498	4383
3988	4864
875	3478
3087	4116
1907	4343
1395	1710
1710	3458
1062	2273
600	3146
960	3478
1710	2848
871	5208
2382	4081
1555	3404
2327	2598
2923	4447
3237	4767
120	1263
2936	4935
2510	2802
2306	3160
1741	2779
2583	3331
777	4479
3651	4084
96	4148
897	2499
2934	5018
2194	4738
1026	1945
2781	2934
4229	4950
2095	4347
2555	2673
803	4573
1710	3628
3749	4803
1710	3805
48	1785
120	4820
23	2263
1206	4692
4030	4767
96	578
2158	3896
716	884
362	2817
1357	4229
1710	3758
2157	3160
1164	2545
312	4864
881	4031
1710	3418
276	3740
2318	3702
1225	1873
411	2211
845	2217
582	2207
566	2393
1282	1710
2529	3410
1710	3344
234	280
776	4727
582	1870
764	833
3023	4054
3760	4229
2258	5190
1447	2108
599	2923
928	1710
946	2048
7	1506
1710	2946
1619	4703
2722	4466
93	845
1710	3212
2318	2870
1080	4099
120	3855
96	3674
1710	3075
2510	4883
1481	3773
120	4215
2318	3482
1555	3039
1186	4532
924	4243
2767	5062
191	2663
1094	1710
120	3504
2207	3835
882	3614
87	120
2020	2545
429	1907
2285	3114
2756	5063
4089	4582
1455	1554
489	516
218	4556
2263	2350
1710	4868
235	2324
3896	4275
2875	3643
120	1847
4237	4864
2207	3621
1624	4364
52	120
159	931
1710	2046
1907	5241
2408	3757
2964	4439
2123	2163
120	1165
2438	4476
1047	4841
1710	3123
662	1057
2293	2967
1710	2529
29	2258
1455	2875
1555	4130
3515	5021
231	907
59	1710
1297	2313
211	4473
1427	1710
1087	2936
1933	3651
3161	4625
928	3063
1297	4965
2529	2749
1710	4054
3463	4853
3598	3758
1710	5149
1798	3830
2902	3156
324	4229
1907	2953
453	4028
2902	3510
1331	2946
2117	3174
1710	5112
1431	5188
1208	2627
231	642
1129	1710
1351	1710
1710	2355
120	5241
1710	4175
3260	4785
1608	1809
1710	4785
662	4385
1119	1493
2767	4466
1901	5050
43	3478
120	792
1708	4201
2274	2391
2500	4422
2031	4608
1206	4202
2117	4864
1757	4028
1455	4796
1356	4778
1710	3660
2108	5196
2637	2749
3410	4864
1165	4217
332	1420
1408	4864
1710	4201
1656	2278
3669	5172
189	2864
2309	2757
96	5171
1042	4229
881	4347
549	2278
931	1170
3358	4849
2254	4558
144	4864
1710	3941
2158	3677
120	2731
1779	4663
159	1127
1626	3755
1447	1779
1710	4326
4483	4778
63	120
1505	5116
2529	5244
3154	4663
3395	4943
2217	5208
1111	4608
1555	3215
2130	3040
662	2185
180	5217
1555	1947
2536	3413
914	3303
1273	3015
1870	3856
674	882
328	581
3757	4275
5135	5160
599	3512
1710	2895
708	1710
1455	3109
708	1053
1754	3720
7	1338
3243	4576
2123	3627
776	2076
1876	4731
1058	3803
120	3747
120	3830
154	2318
1230	4608
1034	4070
1710	4538
1173	3602
120	4521
1356	3444
1930	3354
1390	5018
2656	4608
2482	4455
1710	4274
2481	5165
4439	4803
224	1710
1455	3215
5047	5116
881	1455
459	2158
1612	3071
170	1710
984	4981
4021	4217
120	564
372	5025
371	3483
1779	4101
3404	4347
2416	3769
1395	4148
120	4831
3544	4229
600	4243
3109	4511
1710	4718
4094	4229
3366	4464
2854	4130
1873	3719
1100	4473
3543	4493
1901	3261
120	549
3261	5069
2406	4078
3119	5069
2537	5237
1741	3668
1016	2923
1710	2432
935	3114
92	2377
2756	5227
393	4184
1710	4075
326	403
153	882
1918	2500
2327	3556
1710	2947
1757	4174
1212	5215
22	1396
120	4176
845	1918
3176	4229
2927	4803
196	4229
1455	5176
1901	2836
2158	3710
33	3548
3790	4229
120	3153
2207	2540
2851	3643
2020	4591
609	1062
1555	2095
3846	4855
1293	4965
1081	3894
1636	1757
3834	4784
1555	3214
1354	2673
914	5142
334	3485
231	2720
1686	1710
1807	2940
1002	2417
120	3146
960	4229
7	3790
2510	2763
4229	4274
4507	4784
1710	5006
1710	3590
1447	3045
2673	5051
1002	4887
1455	2673
1859	3807
1307	4785
1955	2358
982	4026
120	4622
934	1710
120	4274
2008	3999
3896	4127
716	4473
589	2510
2025	2273
1331	1455
1455	3146
1007	1710
3526	3976
3807	4332
4030	4527
516	3366
540	604
1710	5222
2158	2420
260	4799
881	4042
1872	4229
4639	4899
2358	3289
2709	2801
693	3419
43	2756
75	2289
1016	2817
3485	4412
1710	4109
3085	4119
871	4229
618	3257
461	884
1561	4864
2258	4926
96	4081
213	478
997	1312
52	1425
1708	3257
564	711
2352	3598
2393	4453
235	1736
1047	4063
2449	2934
2673	3896
618	2211
2732	2904
903	1710
1610	2981
2451	4703
350	936
1033	4688
1710	1875
1007	4191
280	2380
1710	2714
3835	5020
4530	4876
4210	5067
1555	4940
3482	4347
290	1710
858	1555
2117	3556
4864	4940
227	1455
360	600
1076	1687
2756	3509
1555	2326
1873	3984
393	4124
1656	2899
711	766
2929	3114
1710	4200
1710	3174
784	2983
931	2681
743	1868
587	2934
171	871
537	4350
1080	2743
845	5035
1104	3825
2523	2856
1016	1710
1226	1690
3897	4229
852	882
118	2318
96	1636
499	1555
1710	2242
1710	4206
1785	4582
609	4558
3554	4225
1447	4781
1338	1655
1511	2579
305	4738
5052	5215
1448	1700
1710	3713
803	3554
516	5188
4199	5160
537	1053
339	764
1473	4873
335	4966
4954	5215
3825	4903
1104	3372
277	4202
2062	4663
2673	3300
2158	3652
1413	4087
120	441
589	2313
1708	2663
2680	2801
3344	5234
1866	4210
2318	4864
120	3075
2720	3308
693	4483
927	2961
2709	3627
1985	2158
120	3176
144	281
844	2311
1933	2889
1708	4347
3404	5078
218	3594
120	3785
3867	4031
1473	1710
4124	5175
1710	1946
1206	3688
960	1626
2358	3543
1189	1710
2258	2339
845	1700
1764	4051
2549	4483
129	3669
801	5062
549	3195
335	2158
2709	4673
1848	2924
1643	2020
578	4275
554	1996
3669	4608
60	3419
3015	3526
1710	1722
3602	4663
456	4072
2108	2673
3341	4015
3636	5050
3167	4778
120	4247
1741	4412
1225	3160
939	4877
2070	2358
96	235
2318	2788
1473	2423
884	3498
1901	4663
1506	3257
120	4894
2211	3636
2106	2278
2356	5020
192	755
803	3651
1555	1710
120	4851
3109	3257
3907	4229
4608	4777
3382	3714
1127	2458
2524	5217
2031	3819
3418	4853
1710	2418
3566	4030
7	1192
1683	2331
609	3129
537	3792
129	332
1710	4438
2581	2756
1441	4383
1555	1900
3485	5164
2408	4306
1741	2348
1710	4580
3993	4841
392	1247
120	2882
1710	2019
19	2157
316	788
1137	1741
735	4864
759	1553
1290	2408
761	1708
1710	2004
2756	3294
599	3815
429	564
3834	5175
235	1493
2113	5177
1710	3976
1710	2296
4148	4401
3556	4954
1348	1561
878	2367
7	3167
1650	4556
96	2064
2419	5217
1785	3888
4138	5249
2188	4736
128	2709
1519	2482
1129	5048
852	1212
1710	4768
4229	4967
3598	3843
1706	1710
420	2845
960	3358
1447	4625
728	1710
420	2358
2417	5025
2070	2749
1990	2717
3602	4787
3694	4997
2357	4130
299	1710
1599	4229
258	1952
243	764
701	2318
942	4212
7	4849
1034	1188
96	167
4347	5033
4229	4824
154	3652
1710	3651
1505	4237
2934	4275
3204	4311
940	1710
3602	4902
330	4921
328	1099
1955	4124
3950	4864
1737	4616
2327	5215
277	1504
2923	3463
1710	3834
120	4046
543	1710
1994	2524
3015	3260
4237	4272
939	1663
1918	3478
2217	4734
3710	4970
1519	3910
3577	3766
1710	3780
1710	2872
3261	4864
1757	5157
1511	4057
764	1710
554	4777
3015	3888
590	1176
822	1710
1710	3566
498	2273
1757	4063
247	1710
981	3376
1532	3213
4117	4963
155	231
587	4327
2164	2717
57	4127
1206	2230
180	516
824	3257
1710	2009
120	2809
1348	1687
3410	5244
225	4276
1799	2304
2172	2186
305	3720
1445	3846
2158	2936
7	916
776	3154
2147	2768
966	1359
1889	2285
489	1710
3678	4229
1710	4081
957	1080
228	1873
1779	2961
1721	5184
1073	1710
1710	4660
70	3038
192	4895
406	3740
897	1022
275	2416
2740	3167
3192	4864
18	1455
3176	4993
1331	1700
1016	1070
4084	4580
4627	5025
1408	3381
1408	5078
1710	3785
1705	1907
1602	2158
120	2673
3740	4075
2854	3807
4117	4355
1710	4751
2357	4332
2358	4444
1710	2544
3957	4853
1118	1555
2902	5251
4229	4686
2273	4130
3566	4193
434	511
3510	4595
1710	2954
1566	2629
189	4582
1710	1789
1710	3871
2012	2418
4229	4464
4558	4796
267	3496
72	3288
871	3504
674	2542
1003	2258
1127	2358
5020	5199
2732	3368
191	3063
4384	4412
7	4838
2285	2993
1483	2387
1710	1985
842	2540
3651	4243
1994	2123
159	3825
2289	3478
1206	5184
1895	4663
1892	3016
2982	4558
1445	3025
760	4229
1163	1307
2673	5215
1556	1710
881	5069
864	5048
1785	4608
1614	3404
2540	4397
120	3103
72	869
4229	5247
2627	3614
568	5094
2087	2117
154	5021
587	3195
1293	4935
192	1807
3848	4963
1690	3510
1176	2258
1710	2543
144	1710
1331	3257
917	2712
2273	3204
1555	1561
1799	3872
743	5051
1408	4573
118	2131
1447	3730
1099	3554
3013	5020
761	2285
386	1710
2999	4347
280	1710
2085	5251
2769	5126
4199	5176
566	1946
339	2344
2318	3669
276	4275
7	4397
154	2117
934	4466
1669	2797
235	1571
1111	4864
498	1435
1405	2749
91	1176
1710	3568
1353	2709
33	2740
1889	2993
410	4229
1710	2624
2806	4116
1273	2757
2020	2756
1206	3835
1870	3599
2801	3602
1208	4366
2418	2749
761	4466
2734	5021
2443	2855
1710	4808
803	1900
1995	5196
2244	4950
335	3602
52	3472
1111	4229
120	3096
2012	3010
424	4131
2254	4229
1709	1710
1687	3888
1710	4600
120	931
4206	4229
120	4145
793	1504
3548	4979
92	2108
120	3719
1447	4217
2326	4778
211	1555
350	2273
120	4576
1710	2889
1587	2775
960	3475
5021	5078
1927	5025
816	1206
2608	4229
1757	5184
1519	2505
1135	3039
1710	2628
683	1307
2540	3331
2207	4343
871	1455
2999	5208
1272	2673
120	5014
960	2546
1455	3995
3504	4119
2615	2850
3372	4118
303	4438
277	3807
3062	4101
704	3059
333	2158
1759	2432
2293	3358
1650	2680
1667	2493
3358	3807
2545	5021
1348	1756
1710	4926
235	4787
2698	4579
3045	4864
5196	5244
1331	3174
1447	2064
96	4132
946	2087
3410	3424
80	3160
1481	2358
1721	3410
225	4350
491	2318
1669	3815
871	1900
1741	2773
2534	4229
2481	4778
4630	4849
714	2451
1555	3478
3548	4986
1338	5172
2318	4127
17	2559
91	281
4558	5241
2207	2553
120	544
2890	4327
120	2861
1710	2158
845	4963
3843	4117
1345	3634
339	3843
3598	4229
57	5215
1710	2854
1212	1710
171	4229
1834	3557
1710	2139
2095	3834
4963	5195
3410	4275
2020	3926
1710	4197
120	220
1710	1896
1348	4608
288	3548
1127	3123
2510	4326
335	2133
1710	4483
1587	2499
1710	2499
684	1555
939	4496
1710	2347
247	3643
498	3651
136	2410
976	3834
2851	3730
1785	3757
2964	4028
1307	1710
1710	2253
232	1710
1710	5165
1930	4347
3755	3792
2851	3160
1710	5024
2285	5215
1206	4967
3213	5241
1307	4736
1447	3052
4343	4864
2311	4868
871	1700
1918	4734
120	2512
2393	5048
1390	2158
803	2318
2293	5164
585	1710
43	120
3896	4864
2545	3485
1741	5222
1170	1710
2637	4864
2897	4591
803	4116
17	2158
928	3643
202	3334
600	615
1455	2546
554	766
3464	3483
764	2123
91	2529
917	4191
1390	3790
1619	4702
453	2797
662	4476
566	4026
2500	4954
4217	5078
332	1506
2158	3478
966	1055
1206	1447
854	1656
620	4229
2934	3458
484	3283
4663	4970
3698	4229
1870	5114
1710	4110
2989	3835
841	4229
2720	4049
1710	2734
1455	4902
2158	2801
277	4383
692	2158
3062	5021
3761	5076
1555	3510
1555	3896
905	2318
2158	2806
4152	4864
3907	5103
3931	4311
864	3922
1555	1855
1843	4963
3366	4021
4942	5188
3290	3843
1026	3016
2158	2585
3669	4807
960	4285
120	1114
1127	5176
246	2318
821	1927
3160	4211
120	5244
1884	3720
1779	4217
3376	4608
2273	4993
1206	1351
3150	4677
1555	5161
2393	4229
1127	4276
1137	4229
270	2285
1876	4046
2158	2289
231	5242
1700	3572
4460	4855
1002	1710
1206	3896
726	1710
3627	3719
270	2380
1870	2851
743	1537
335	1907
4184	5208
93	3381
136	1710
2694	3627
1396	1555
592	3807
1779	3366
4727	4736
2207	4201
2258	3755
72	1757
881	1608
1519	2520
3240	5067
1549	2344
1710	1895
776	4075
2064	4879
2925	3780
1710	2324
942	2936
120	386
590	2773
2855	3478
681	4229
4229	4497
22	3714
2673	4627
2536	3039
2749	5122
72	4787
1710	4883
777	4785
93	154
356	609
227	881
92	2731
1900	3174
235	4021
1870	4110
1669	2801
434	764
52	4174
1002	2158
1435	4694
1873	4781
479	1700
120	878
4229	4357
1757	3782
2318	5052
249	3071
2258	3917
7	5048
2318	4891
1710	4152
602	3109
1080	2207
72	966
2358	2382
693	1821
305	2519
549	4521
1710	3022
1465	4088
18	5222
3413	4229
75	3643
760	946
1415	1555
1920	2157
3602	3843
2749	4317
2293	4591
1608	5069
120	382
642	1007
2583	5134
1741	5021
75	5025
766	3621
2449	3436
1741	3926
2418	5020
463	1710
1700	1918
4229	5215
3038	3237
2380	3602
3766	5010
1429	2904
1602	2385
3846	4229
1532	1773
2416	4184
120	2534
148	2380
1555	4213
3404	4718
4899	5252
18	3410
29	2211
2263	2801
459	1870
287	547
1007	1945
578	4057
4663	4902
171	1930
2273	3872
235	3887
159	1870
1532	4820
532	590
2756	3288
1695	5082
865	1710
3061	3472
1002	4677
120	4033
3367	3599
602	3165
636	2158
203	669
4124	4184
934	4429
2304	2947
2673	2889
4369	5076
1582	2895
1359	3039
2757	3504
2451	3068
4412	4873
1483	3472
120	3261
1376	4963
1710	4614
901	1710
764	2352
1435	5196
2505	4196
699	1656
1555	4841
2263	2612
120	3298
1555	3649
3367	3614
4138	4229
3654	5076
1172	1710
4608	5177
3598	4727
2071	4966
464	4229
2318	2806
114	3298
803	1331
2157	3708
4229	4977
3410	5021
280	1667
377	960
1710	2105
4030	4347
1710	2707
4507	4630
1710	2732
402	4229
2749	2928
2999	3652
1710	2784
489	3458
90	4229
335	4466
1779	2235
3367	3654
2680	2902
299	3720
2279	3643
4229	4253
1785	3772
1710	5135
635	1710
1555	3636
2117	5116
1710	3835
858	1710
3297	3778
642	2749
479	1331
114	2632
1307	3758
1748	1944
1710	1975
3308	3907
3237	5050
5021	5094
353	1130
468	1710
662	1993
3755	5184
651	1356
5013	5028
2923	4558
3212	3847
1710	2560
369	4076
1118	3322
1889	2215
28	453
1918	3165
1554	1710
3025	5021
1710	1995
1799	2537
2380	5030
1619	4591
3769	4046
905	5050
2194	4954
1710	1990
4347	5046
281	1186
1163	2509
4864	4967
271	4778
2749	3835
4494	5202
2020	5226
1170	3710
1643	3957
1127	2864
120	3669
276	2749
928	2318
1759	4116
3279	4483
2258	3307
52	1873
4155	4868
1127	2251
1173	2922
1273	4155
3907	4627
2528	4725
2550	3548
2549	3463
1455	3411
1337	4997
1082	1338
310	1710
2775	3522
1555	2070
2113	4727
2279	2805
3177	3257
1455	3289
3770	4215
1710	2637
931	2408
615	4026
561	4841
882	4479
1127	4347
93	1955
4191	4407
2031	5177
1705	2934
1555	2325
2070	4963
2673	3856
1710	2025
1206	2422
1455	4447
270	3548
1710	5082
2734	2749
2211	4447
277	3184
379	3710
1710	4800
338	1447
764	2420
599	5021
129	1947
3730	4327
3331	5134
803	3652
1587	4864
2850	3174
4031	4561
2211	3848
1457	4272
2999	4271
1493	1710
3174	4124
120	3680
3482	4229
120	3521
1146	2632
3231	4229
2583	3085
393	4229
939	5230
1555	2722
2579	3516
578	2211
1331	3109
2481	3204
1710	2168
120	3655
609	4030
726	2158
1757	3856
1206	3045
1555	4094
935	3167
270	815
566	5050
1656	2303
3165	4796
2848	3358
3761	5049
2172	5135
1447	4864
1033	1710
3382	3915
615	3062
914	4391
1390	2318
33	4355
564	2211
2709	3594
456	884
1206	1493
1995	4347
1505	2158
92	1720
4184	5021
942	1002
1656	2927
878	3910
592	1127
3572	4734
643	5050
3358	4229
1022	1809
1005	1710
1754	2481
1080	2258
2673	4838
917	2038
1104	1669
2633	2925
4555	4838
3998	5202
118	2211
1610	4050
2318	5172
967	2258
590	1053
1052	1710
499	4511
589	1234
1481	1821
2258	2418
1549	3912
683	4385
33	3867
2788	4864
1348	2953
120	2316
92	3773
806	3872
883	1448
3542	3778
33	3463
2358	4030
1710	2188
845	2443
3714	4412
7	3798
1170	5199
3167	3556
3773	4555
2890	3778
1238	1710
1561	4727
2147	4070
1710	1720
96	2799
2438	2804
582	2934
4627	5050
3819	4229
615	3887
333	1918
1555	3025
3267	3516
92	2850
2357	2848
1779	4529
3510	3598
1457	1505
1555	5050
316	806
479	4734
118	1748
3413	4041
4	3792
706	2147
669	921
2103	3334
1011	1710
1870	2318
3109	5035
3572	4229
2749	2901
1357	1710
2632	5020
328	2964
1493	2318
1070	3815
347	4873
2749	2989
3485	4855
1759	3136
1496	4879
1710	4632
3628	5242
356	3283
1511	3404
1928	4229
429	2934
480	1710
3543	4118
602	1708
2087	3028
667	3127
921	5160
434	2902
18	3621
1710	4076
1918	2358
28	1127
2211	4970
2278	4864
316	1338
7	2358
2889	4054
3059	4229
114	4651
1447	2660
1206	3192
195	1708
3543	4412
7	2855
363	5003
26	4511
564	1710
3214	4841
96	2482
2408	3406
468	776
3944	4940
120	3213
2673	3621
120	4017
72	3802
2258	4447
93	4124
312	2211
2549	5202
2845	4229
75	766
708	2875
1127	3334
255	1432
3413	4864
484	1348
2020	4473
3477	4021
7	3475
1710	3559
2579	4192
1710	1917
1087	1710
600	982
7	3044
3478	5035
761	2740
2217	3572
601	1435
192	5021
2897	4347
927	1786
651	3426
1435	1872
960	2870
760	4347
3009	4229
7	1286
4439	4805
946	2244
2009	3297
211	4030
1809	4718
4347	5198
1534	5190
2673	3988
4229	4561
3294	4229
2749	2949
981	4608
2956	4081
1561	1720
2189	4981
1710	3541
4087	4807
1710	2633
1457	4089
2579	3237
3195	3730
960	2964
1111	4727
2397	3548
1710	3681
2311	3835
2040	2749
29	4734
4577	5144
91	3257
997	3331
2633	3038
2040	2408
1055	4586
1710	4051
1656	4886
2236	3627
4192	4627
618	5026
1208	2612
456	4053
2743	3643
1338	2515
2749	3846
1555	4736
188	4229
3381	4573
1710	1772
1110	5226
1293	4469
1710	4271
3543	4558
1990	5020
1273	3698
2313	4229
693	4391
2070	2408
2936	4347
3714	4632
2215	3404
422	664
1980	3160
18	1047
1127	1747
2207	5067
2757	3803
2872	4021
1555	2717
227	277
1493	1608
1955	4350
1110	2549
649	2927
1710	2551
936	5134
393	1896
7	4987
228	1225
246	4383
882	2352
2870	4044
2258	4627
2324	2749
1710	3825
1555	3594
120	1901
2749	2797
942	4240
1555	2658
601	1602
1667	2750
683	1626
3548	3625
3213	4785
1505	2318
1710	1719
72	4660
2378	2934
1555	3556
1656	2364
4229	5171
28	2408
3379	4579
305	4954
96	276
1070	1834
1542	1741
7	4861
228	2416
440	1033
2813	3643
883	4954
3025	3762
1555	1872
4412	5062
2267	2587
118	4229
1995	2318
1656	4110
263	2663
1176	5021
1807	3548
901	4439
120	3771
4347	5052
2934	3009
3207	4796
434	2612
231	3326
2258	5215
3177	4663
1187	1555
1002	2318
4464	4993
3634	3843
699	5217
1555	2237
92	3358
3714	5062
114	3767
864	1445
3795	4004
1710	4444
3167	4311
537	4954
277	3999
788	1736
2632	4225
548	3467
120	2527
1772	3815
2732	3900
3174	5035
1356	3426
2528	2559
1786	2106
1901	3331
120	2529
1511	5050
96	2408
537	4849
1555	1740
360	371
2451	4189
456	4240
4272	4864
120	3892
154	875
96	4787
578	640
601	3167
882	4600
4438	5021
291	1710
2020	3764
1170	4493
555	5230
75	1710
3334	5050
3016	4191
1052	2804
2850	4954
864	3015
2348	4225
2673	4725
3174	4347
917	2451
1985	3560
1062	1669
1710	3733
3550	5069
881	3126
609	2864
2090	4229
620	5175
561	907
564	578
848	2854
120	4963
1643	3764
328	4148
2947	4736
410	4820
1710	1796
1538	4608
2767	5115
2186	2352
155	2993
2566	4767
120	3690
2806	4608
1889	2720
1650	2263
2211	3757
33	4311
3447	5021
692	4466
2408	4081
1772	5020
1678	1710
2358	4031
2861	4719
3478	3556
3698	4492
1555	2656
1710	3210
2358	4868
1786	4734
697	5166
1170	5215
564	3165
1710	3762
3504	4514
120	1667
371	1710
4864	5202
3154	4784
1700	3755
2519	3177
3710	3759
2720	4778
1151	3617
1907	4215
727	4229
1933	2934
555	2172
942	3472
1212	2158
2076	4466
1511	3167
1747	3160
305	5035
3590	4864
316	2773
33	3483
280	1636
120	3544
1329	4718
3039	3764
3015	5047
1907	2779
7	4558
2408	4243
1053	1955
2327	4229
2769	5242
960	4347
1907	4873
2532	3957
1928	5199
1165	2542
1859	2087
1173	3995
2510	4196
1710	2964
2967	4841
120	840
489	4280
1811	2956
3261	4686
276	2258
2130	5234
764	3602
883	2318
1710	1872
1847	4211
243	3598
233	3170
399	2186
901	2047
328	4963
1710	4031
479	2855
2700	4591
1710	3354
225	2158
330	3643
2720	3554
1353	2123
3017	4315
29	2207
211	2397
3167	5070
3922	4582
917	2387
501	3210
1047	1555
2890	2999
2392	2749
881	5046
3802	4439
2158	4954
120	604
1555	5160
1710	2934
93	393
2356	4803
7	4841
1710	2231
1080	1230
1435	3426
2263	3627
1555	2953
333	404
434	589
258	761
2949	5020
3174	4229
1507	3358
3016	4864
1007	1081
3213	5033
3572	4954
2560	2609
824	1736
620	3498
1710	5124
357	1710
485	1571
1403	4003
3177	4608
1710	3554
2171	4229
3792	5035
1918	3638
1757	4627
1928	5020
7	1107
1555	2160
2380	4799
33	4243
75	312
70	3485
92	2549
764	2612
1875	2856
1620	4803
277	2956
72	882
393	1872
2117	2806
2632	3993
1848	4229
92	5103
883	2500
2158	4861
4369	4921
1016	4853
120	5214
1757	3045
3207	4558
1022	4718
7	4197
2540	2946
548	1708
3556	3993
1555	4861
1447	2087
1431	2544
4197	4229
148	587
2528	4853
2999	4849
2273	2293
18	2989
1217	2253
17	4569
120	5175
1708	3114
2020	2904
1351	2258
149	4864
1277	2258
587	5025
225	1710
1455	5021
120	2258
1643	3556
2363	3213
1381	3602
803	3478
4767	4852
1614	3998
1710	4845
1034	2087
2432	4864
776	4864
1022	3282
876	3944
3136	4725
2579	4627
2289	4350
290	3949
914	4692
1736	4864
2646	4327
2936	5175
2211	3306
1080	2540
2495	4413
946	3566
3856	4963
1946	2311
599	3834
3543	4625
33	281
708	4124
281	4876
493	3780
1272	1710
697	2318
290	2158
440	4014
1127	3554
196	589
566	2720
277	1799
3466	5227
540	1873
2633	5020
2936	4608
2922	3602
3762	4703
2663	4031
235	1786
2925	2989
697	2306
18	1710
1710	5244
75	549
1927	3815
982	1493
2172	5160
788	4879
936	5047
871	3755
75	5018
3837	4347
4483	4796
2559	4853
4702	4703
180	2529
3039	5176
75	1870
1710	2382
1710	2037
4229	4745
629	4954
1889	5136
277	3009
260	669
4493	4540
3998	4347
907	1710
249	2004
2936	2983
2158	2308
939	3714
72	1807
2266	4371
72	1455
3950	5025
1710	2902
2845	4031
1710	3844
1663	1741
18	881
230	467
48	2279
291	4736
905	1022
136	2451
380	1127
263	2567
3289	3478
977	2258
1031	3710
1443	1710
4229	4855
949	2989
2117	4954
1232	4229
764	2085
2211	3404
2500	5184
1473	4276
1710	3789
1129	2817
4139	5056
556	806
2420	5033
3015	4537
1695	4053
929	2639
155	3426
936	4785
213	2902
1710	3866
1118	2318
2854	4217
1479	4608
3458	4671
335	1307
2816	5021
129	2318
599	3136
2482	2956
2327	3167
1710	4447
3621	4088
4873	5062
3210	4229
3894	5021
2367	5222
324	1555
1710	4727
501	760
552	5172
1205	2528
2416	4046
120	4030
2006	2380
1427	1779
1331	3755
2749	2899
1493	4608
363	1057
324	4266
1532	4567
766	1176
225	803
235	513
120	3602
691	1447
2358	3382
1975	5025
856	4275
2904	4473
3764	4030
643	5103
1456	4229
3417	3969
845	1331
779	1855
1094	2717
2999	4229
1447	3214
3725	5047
120	4517
120	4685
1007	3431
2235	4600
1710	2446
339	434
4476	4800
277	2524
3426	4025
1447	1555
3501	4483
555	4412
2064	2147
1710	3995
297	561
1700	4828
587	4727
942	1483
816	4197
972	2725
3153	4849
972	1307
1080	1493
1104	3195
726	2936
767	3463
1710	5047
1710	4582
4347	5035
1127	2348
1293	1511
931	3846
589	5112
1507	5094
629	1127
2408	4787
602	1448
7	1206
760	1356
1396	4087
1947	3022
1708	4796
2211	3663
2432	2983
2158	3807
4023	4686
120	4903
547	1710
2961	4600
2763	4921
2749	2927
1505	4345
766	3663
3170	4663
2056	4383
815	2756
552	4229
1710	2540
410	4237
2559	4473
367	1555
2172	4412
129	1555
3771	4462
372	582
277	4462
1031	5021
2318	3780
1127	2194
96	3602
2344	4148
3306	5188
350	4347
456	1359
1710	3695
305	1918
3165	3266
446	1705
1757	2418
18	3652
1555	5177
3263	4663
4473	4864
2714	4530
1656	4604
1710	5199
4229	4841
1519	4963
1773	4229
1710	4078
1555	2946
3372	4383
662	4054
1555	5052
2929	3167
881	1219
2806	3478
1710	3431
211	2720
1683	1710
1312	2172
881	4784
191	5025
4864	5211
1408	4849
231	2656
2903	3762
1307	1920
540	2230
1785	3922
871	3165
2612	2709
2117	2749
1710	2331
1612	1748
1710	3579
3138	3654
1809	4810
26	4347
2850	3819
3154	3498
2378	4864
120	586
120	2376
1710	4137
3313	3708
1656	4383
2594	4921
5049	5076
4222	5215
997	4974
3261	5188
1602	4727
2158	3594
582	4317
1170	1928
93	1710
590	1290
154	2289
2982	4229
3109	3572
299	4280
280	1555
875	2258
2817	3889
3643	4879
120	4567
2416	3550
120	2139
1447	3366
1927	2750
994	2749
403	4253
2529	4315
2416	5024
96	473
1356	4229
2581	4663
693	5069
154	4954
120	3469
1708	2929
3404	4229
537	4630
120	1624
303	4094
159	2258
155	1889
1710	2185
1785	3548
881	2989
2451	2608
1164	1710
120	864
363	881
635	1206
1473	4558
51	1907
463	2147
2031	2393
3156	3825
2544	3846
589	2801
434	478
3213	3405
2443	3478
7	1104
303	2519
2101	2306
87	858
4124	4456
907	2357
2989	3887
1710	3812
872	3167
2756	4476
2215	2380
3015	4385
19	213
883	4591
1127	2327
1447	2266
70	3773
1013	1779
1947	3123
816	1354
120	1016
1047	1656
921	1087
2505	4476
120	4954
91	1461
4864	5037
1710	2767
3464	3790
4275	4447
1719	2413
640	976
120	2357
2263	5251
1705	2348
192	3550
120	3011
2258	3835
271	4229
334	4899
2499	4718
960	1995
96	3138
191	4960
4439	4864
620	1506
1127	2769
2637	4803
2663	5215
2956	4243
1455	4331
1710	2959
2158	5046
3478	4124
1643	3747
231	1293
1293	5052
2806	5035
3478	4347
747	1034
5202	5226
1726	2318
19	434
1918	5208
2523	4138
1331	2615
1947	3998
440	1710
1094	3207
114	566
1568	2749
600	2482
1035	3327
380	2397
2656	4864
406	4663
120	2546
1447	2532
399	581
592	2211
1757	3835
816	3509
1710	2700
628	1710
29	3834
547	4229
2967	3856
2510	2709
3160	3627
299	484
468	1798
1032	1348
3643	5242
1710	4192
1212	1555
235	3045
3167	5201
231	1127
191	2845
7	5188
3404	3543
2570	4315
1080	4483
2749	3798
2258	4089
379	2579
994	2020
288	2904
92	4347
803	2615
842	3367
3785	4663
581	4412
3907	4573
1555	2293
2020	3821
72	4702
2768	3442
3572	4030
1721	2629
277	2673
582	4275
2012	2905
905	2870
881	4240
2743	5025
1759	2147
332	3745
159	1710
2368	2560
1302	5050
2053	3362
347	2186
815	2536
2069	4852
903	2276
697	4229
91	191
4229	4921
2709	3634
1163	4229
1031	1602
159	1859
1710	2813
70	91
2158	3214
3257	3358
3762	4841
3213	3260
1643	2293
2158	2231
564	5188
1710	1817
2720	3148
1821	4031
1396	1946
508	2130
2936	5050
456	2937
927	2864
4229	4353
3404	4493
1855	4229
114	1889
1047	1435
683	1447
120	1170
1741	4210
1555	3038
4086	4229
537	2806
120	2536
600	1555
2157	2775
1356	1435
1772	3509
1708	3755
1555	1901
695	4834
1208	3772
235	3988
2211	3856
2158	4796
3478	5196
1955	3988
1710	1913
154	1710
2117	4124
1555	2540
1710	3698
1673	2673
1330	5076
1710	2045
1817	2258
2767	5021
2482	4787
1450	5234
498	1995
2749	4725
2123	5076
1532	4229
276	2211
32	120
1530	2540
1736	1757
1338	1947
2006	4796
2806	4954
120	470
2633	3657
2158	2318
2482	5215
1331	4802
1481	3109
260	876
4608	5046
2749	2812
960	1555
1710	4636
114	5063
615	2380
2344	2680
1710	2722
561	5021
362	1016
277	3177
7	2964
120	4306
4347	5026
798	1710
636	4076
2816	4692
120	4811
1809	4175
537	2289
5076	5112
1225	1447
1058	1080
2856	3143
92	191
2178	4464
1555	3926
91	3308
3167	3426
191	2579
3127	3243
4030	4229
2505	4326
1076	4582
582	3677
1710	4777
1545	2967
1721	4803
446	1907
1447	1990
335	2641
883	3109
1918	3827
276	2529
1555	2936
120	2734
1408	2258
4229	4276
761	3426
1447	3835
75	615
4986	5130
1435	2720
3009	3557
155	3485
3381	4124
1636	4412
1907	5222
3993	4540
4026	4864
782	2797
4965	5172
1555	2308
404	4960
2105	2632
2037	3643
2638	3381
1710	2549
92	2964
743	1479
399	4210
3621	4963
2559	5230
669	940
1538	1555
803	2999
1918	2194
599	2864
2923	4540
114	331
910	4148
882	3772
4025	4229
2767	3382
2258	4967
51	120
901	2418
942	2319
1429	4841
2147	3366
1116	2318
301	1907
934	4981
869	1455
2318	4966
2801	3699
1710	4556
93	708
767	3214
1170	1481
1721	4864
2070	2211
4272	4784
882	3780
708	3792
371	2624
2455	5130
96	3277
3038	4852
120	2982
2416	2953
3192	5021
693	1058
2999	4124
2258	2982
643	3025
1929	4210
928	3762
2358	3755
498	2897
22	1014
907	2318
2393	3907
1741	1848
1479	2742
1448	1708
3643	5010
1293	3969
2779	4229
2105	2749
2983	3745
1331	1448
3931	4586
2458	3969
120	3698
1303	2633
635	1907
120	4660
2070	4466
1070	2750
760	2855
901	3821
1566	3088
271	928
1519	2989
1080	2773
1710	2641
120	1381
1170	2117
120	2779
1445	2258
92	2855
2258	2602
275	2239
91	2244
946	2341
2544	3825
3821	5188
3176	4363
3598	4649
154	393
4497	4651
615	4879
2158	5241
3028	3599
120	3872
1206	3856
1047	4275
3237	4627
120	1303
939	5067
120	904
3922	4272
1710	2108
1710	4498
3572	4967
2185	4229
578	1720
2749	3161
1710	3627
92	2358
4275	4306
271	3485
883	2904
2263	3481
2194	4114
1186	2633
1900	4124
1431	3680
1206	3745
1519	4127
662	2384
7	4116
1708	4222
931	3368
299	2587
1104	2458
1146	1990
464	1710
1555	3040
2087	5184
4054	4089
766	2788
1710	2258
981	1710
3297	3740
1710	3419
600	5103
149	2211
3214	3458
2147	4081
3825	3846
136	1798
2443	5208
2285	4311
2211	5116
159	759
3464	4899
1741	2579
3462	3498
211	2380
1455	4285
92	2117
875	3993
120	4042
220	4275
332	1614
1519	4803
3915	4511
2451	3358
3436	3850
3747	4116
1710	4815
1236	3965
1710	3289
2207	4663
439	1710
821	1710
589	3627
1682	3289
270	5116
1710	4974
2537	4745
96	1759
2519	3762
3289	3762
2358	3863
2348	3404
2801	4317
2352	2639
120	3009
1870	2211
2273	3289
2529	4576
931	4997
3502	3755
3297	3542
1809	2940
1947	2158
2665	4809
2318	3896
231	3025
1116	2158
1721	4275
1710	3214
4229	4573
1149	2547
1331	1918
1765	4347
2211	4023
448	2964
305	602
275	1161
333	2160
225	2318
798	4138
612	1892
1047	3433
406	1999
129	1710
966	4845
228	3651
3167	5242
154	3354
1965	4845
96	1034
1602	2318
3257	3987
229	4963
3643	3720
1555	2419
120	2107
695	5122
2922	4558
2633	3988
1690	3015
2318	3215
1710	3602
2207	5116
881	1338
1710	4670
3404	5234
716	5018
154	537
1710	4332
1656	2570
4608	4727
3059	4138
2076	4347
1710	3413
2417	4148
907	2953
985	1080
1150	1710
434	3627
154	4124
3803	4583
833	2709
235	4558
982	4483
3627	5254
2095	2936
1695	2801
1705	5020
784	3195
1127	1821
798	5249
154	1708
4573	4849
1047	2749
75	1412
881	1935
2639	4796
605	2318
2559	4529
202	4369
1293	4222
1205	1208
120	1217
3627	5076
1786	2278
2817	4853
491	4229
2673	4526
60	89
2113	2515
2665	4566
3694	5175
2956	3477
263	667
1985	2318
871	2547
1710	2542
1965	4199
4124	4347
1007	1736
191	3969
1334	2583
4184	5226
3240	5025
2749	3498
2258	3289
18	1381
620	1710
1381	5244
2633	2717
305	3652
3559	3988
2903	2929
1743	1773
290	3834
2258	2356
277	1104
3548	3762
3710	5094
2087	3045
1219	2749
615	1571
1303	4608
957	3557
1710	1765
3436	4784
406	1555
508	1225
1104	2673
120	4087
2540	3510
33	1359
335	3213
2406	4333
516	1483
651	2215
382	2020
561	2318
1700	3109
1889	3002
4217	4787
1219	4558
331	1396
453	3834
1710	3649
17	934
3235	4864
1338	1996
1307	3215
2750	4767
2749	3976
2045	4785
643	1710
1610	1710
1708	3167
328	1779
2855	5052
1542	4852
120	4109
2258	4028
1710	3577
461	3834
2633	3396
602	1918
195	1710
191	2549
1272	3976
2749	3447
281	3892
235	4725
297	4864
714	4280
2211	3410
601	4853
93	5078
875	3556
2490	3483
883	1331
1710	1933
235	960
1710	3224
931	4877
1507	4447
43	2673
1455	4573
1614	5172
96	4963
2536	4385
231	1465
2420	3821
2964	3749
92	1821
1710	5132
120	4976
489	776
2266	4412
858	2158
1710	2461
1293	3652
662	1710
924	3266
2211	4921
2158	3993
1907	3196
7	2781
120	2594
4493	4784
303	5021
4851	5069
4275	4343
1111	1686
324	5166
120	4832
1710	4963
2356	2358
3297	3926
80	1710
1796	3510
322	1002
1555	3411
946	2311
841	1710
547	2988
110	1944
446	1710
2817	3396
7	3515
2936	4891
92	5132
2294	2665
3907	5124
1356	3167
2160	4960
1082	4275
144	743
2113	4608
2194	2217
779	2673
1690	4232
120	4015
1895	2357
609	982
1995	3807
181	270
4229	4767
928	3445
2339	2946
1479	3892
114	1146
1920	4229
2749	3621
1555	4608
3643	4738
4060	4229
788	4899
3275	5013
966	1710
1447	4363
1786	2864
858	3949
4577	4864
461	3498
1312	4834
1799	2665
1757	5202
1566	4229
192	1708
2215	4997
3358	3572
2554	3668
761	1356
1985	2211
1710	3979
2384	2775
120	4290
120	4583
2904	3680
120	4895
1555	4796
966	1736
1710	2073
498	1710
2380	5136
1710	2336
1555	5112
4993	5066
1710	2665
1710	5030
2207	4306
3040	5215
235	2482
3257	4038
4229	4925
3275	3888
924	4184
1710	2903
3143	3207
2663	4193
1843	2673
211	1170
1710	2273
144	2783
1710	2554
316	5025
946	3643
2864	5025
852	1710
2408	4217
75	599
764	2709
120	3663
3594	4229
3694	4347
2804	5215
3267	3509
3998	4828
171	2855
549	1721
2924	4951
1373	1901
1710	5176
96	4663
3778	4839
1710	3215
4663	4966
3240	4877
3512	5048
1003	1710
3174	3358
3813	4275
3192	4347
1785	4229
1555	4229
120	5217
1710	4038
347	2877
1555	3807
1087	1427
3634	4229
2417	4473
662	1736
120	582
310	1555
3167	3931
1359	2529
2416	4229
1042	1710
328	4529
328	3404
4899	5188
3803	4332
48	2380
2253	2707
869	5056
635	2211
305	3755
1710	4581
7	3509
1173	1710
453	489
2542	3548
501	643
1455	4229
1710	2293
2158	3702
4877	5067
3358	3819
498	2158
3462	4784
2047	4864
3109	4229
3477	4332
176	1447
4031	4229
1023	2147
1082	1868
1555	4076
225	3174
403	2490
91	3038
2877	5020
1555	3289
620	976
1750	4447
878	1359
181	3366
462	4229
1007	3734
2956	4536
1710	4019
2965	5021
120	4591
120	856
3702	4112
234	3988
103	4526
679	1710
1206	2949
934	1636
1594	3334
1612	2348
1710	5040
940	2964
1555	2608
120	716
4136	4229
181	1710
120	2073
2938	3436
1076	2211
3677	3834
3426	3628
305	5215
2923	4967
4021	4081
26	871
120	3841
2318	3998
233	2532
92	592
2318	4099
1447	5025
2612	2902
766	2188
1710	4324
2416	2560
1907	2105
1555	3161
875	4608
2817	3512
716	3154
2806	3174
3028	4306
815	4385
81	1351
1127	4466
1397	1555
615	2964
1058	1710
334	3643
51	4815
333	2779
3207	3720
882	4566
651	2380
7	1779
735	1710
2742	3566
863	1710
4841	4975
120	2040
3702	4608
2632	3354
3762	4868
7	269
1455	3375
609	4796
982	1870
2981	4229
498	2318
1493	5184
92	4950
1726	2393
793	1208
338	3548
103	2757
1710	2962
881	4576
1884	1918
3652	5208
852	1656
674	4237
4038	4229
909	1080
399	1710
1785	5013
1455	2037
2673	3240
2922	4540
2380	3628
3289	4280
1163	1455
2418	4758
213	2236
1710	4429
501	1447
845	4347
1127	2520
448	3153
1695	2344
3695	5020
4671	5217
2806	4124
1338	2393
3887	4327
1682	3436
114	1710
2266	5062
1710	2650
93	3257
1170	2348
1710	4724
931	2904
324	777
453	2934
881	2408
192	3184
277	4063
1907	3068
4210	5230
120	2904
120	4525
1208	3264
2304	4476
942	2420
4412	5230
114	5116
2108	5020
1900	4347
3413	4237
1710	4096
1047	4942
3257	4229
335	1457
120	4333
549	1952
578	5050
275	4447
3368	3598
924	1217
3174	3614
2211	4028
120	827
2285	3931
4841	4902
22	3068
1710	2166
1757	4940
2973	4383
599	2326
3177	3643
872	1834
2387	3331
581	4210
1710	3029
2854	3477
2646	5069
4229	4627
1682	4511
4229	5040
5136	5242
1710	3401
324	815
332	1338
615	1772
566	1756
916	4868
450	2309
4229	4347
1710	3062
4276	4347
592	2258
1307	1859
1708	2639
1470	1710
2258	4473
280	5144
96	1787
218	335
2700	2749
129	1506
120	4631
1710	3156
96	4781
3614	4196
3009	3636
1555	2804
1170	1555
1985	3485
1710	4634
1087	4383
91	714
1481	3038
600	1710
48	4170
3261	4163
1415	1710
114	3167
1228	4229
2804	3442
1555	2392
96	4803
92	1710
1710	2339
48	2458
3109	3174
96	2147
4248	4864
2890	4803
92	2767
1927	2542
213	2680
3834	4075
1947	2318
1479	4725
1170	1435
2449	4987
897	1710
3734	4407
1572	1710
711	1870
537	2999
3248	4229
724	1710
1710	4803
372	1447
2528	5017
1562	4229
4371	5062
1481	4778
1105	3548
92	3277
5046	5215
1855	4148
1338	2318
120	3195
1425	1532
1192	5135
2749	4849
760	4116
191	4627
1710	3966
277	3025
1947	4965
4127	4778
114	1127
260	2358
842	1153
28	1710
3297	4894
4124	4873
1708	3572
3109	4963
2393	4864
393	537
881	1119
247	788
2416	3557
120	2545
878	4075
1553	2458
1555	1995
213	3627
202	2801
1918	3755
2285	3308
931	2357
1455	3720
600	4332
544	5033
96	180
1087	2904
2207	3195
854	2749
191	716
1555	4745
600	1022
1473	1896
3542	4894
1170	4507
350	4736
1920	4736
33	4217
247	4734
2499	4229
120	2775
91	609
154	2158
191	333
277	3170
582	939
1447	4663
92	618
976	3004
878	5217
4031	5132
1493	5046
191	1655
1338	3998
1493	3410
276	1907
2258	4900
276	4663
52	2889
120	4282
3093	4718
2076	5215
1561	1602
173	5025
2757	4476
1594	1710
80	2420
2600	4864
1185	1435
615	2608
1151	3458
1519	2311
70	191
2258	2949
3038	4347
434	1447
942	1206
2615	4229
3018	4229
4497	5196
2904	3485
196	1555
2258	4567
23	1225
498	5215
615	1206
4229	5083
120	3366
636	3614
651	1889
1710	1828
4072	4347
120	1674
635	4864
642	3059
120	929
609	3755
1219	3802
928	3010
1710	4247
2418	2673
4222	5132
764	3761
2348	4371
1656	1836
1493	2158
3085	4981
120	2940
4663	5217
1710	4937
1710	3322
1695	5112
2133	2510
1710	2989
218	2928
590	1902
3627	3761
2756	4663
120	875
2157	2902
72	2799
1710	4918
1450	3344
1710	1965
1743	4864
2416	5188
1705	5094
4864	4879
2261	3755
2070	2934
2749	3887
4582	4820
883	1918
2129	4229
120	4287
72	2026
845	3837
1206	2639
154	4184
1210	2756
928	2529
2253	4993
1710	4820
2158	2804
711	4466
3196	4229
2211	3837
1710	4989
3998	4965
440	764
120	2810
2632	4371
1293	2318
1362	4276
942	3478
3907	4248
2031	2113
1811	3127
1277	4864
70	600
3160	5049
2158	4736
277	3557
267	4943
305	845
1710	1721
3368	5176
549	4327
1033	3396
1087	2870
2481	3803
3812	4229
2380	3426
260	1680
2188	4229
871	2115
3131	4491
946	4347
120	3387
120	3988
159	1431
936	3368
120	3789
1206	1354
96	1163
886	1710
462	4439
602	1331
277	3372
1555	2031
761	2929
3780	4608
1656	2418
1741	2799
120	884
2967	3901
1710	4824
2633	4655
2575	4229
1127	3267
4023	4466
2263	5076
120	2922
218	2965
1447	3522
17	4576
3401	4463
2633	5244
1429	3846
1710	2071
3297	4839
1447	3873
1889	3007
1868	2250
1483	2040
2673	2949
1193	2117
53	982
3358	4954
120	3178
33	3680
1555	4864
1053	4229
1772	4275
3786	4127
347	555
4237	5112
2520	2964
1710	4044
120	1269
1892	4191
1429	4591
3109	4734
4229	5035
3358	4963
22	1710
1127	3210
2153	4533
761	1754
1710	4042
91	1884
1710	1776
4030	4561
3740	4139
2560	3442
917	960
3572	4347
2756	3631
988	1710
2318	4608
1710	3376
118	2158
1555	4935
1614	3669
635	1757
453	3458
2870	4347
1087	4412
1710	2149
338	2899
1127	4736
3237	4057
2559	4646
120	3119
1047	2258
2239	5018
1710	2020
883	3572
2318	2656
2982	4540
927	4537
845	3109
1710	4473
19	3710
1710	5206
882	3175
3807	4315
3300	3436
302	1390
1129	2559
2339	4864
3758	4385
1555	1603
1087	1553
2087	4469
299	4663
4347	4497
2117	4849
803	3174
3740	4401
191	211
1356	2134
1165	1773
18	75
1710	3011
2194	3755
1710	4355
917	2469
3255	4031
2515	3998
3475	4663
566	4087
3458	3759
2633	4483
225	3478
1206	3354
1553	2904
3177	4076
302	3331
1338	1348
2408	2547
1918	2999
3755	4738
1710	4351
2211	2989
2095	3554
1479	2285
1555	3354
4873	5230
2258	3846
2207	4174
120	4170
332	4229
871	4989
3819	4116
917	1736
1614	4494
498	1741
1127	1807
120	1380
1420	2515
1626	4864
1137	4838
981	2158
2318	5046
120	865
7	2520
1743	4809
291	5185
636	2902
3668	3688
1710	1764
1678	3761
17	2529
1047	1710
2946	4229
4385	4785
1447	2749
708	4229
2358	3498
1555	3488
7	3361
2318	3243
2358	4873
1493	2989
1710	5217
1708	3837
702	1710
692	1710
601	1111
2850	3257
96	120
946	1636
456	4056
1047	1756
1517	2983
393	2211
173	2673
92	5249
1127	5013
96	3123
96	1807
3815	5157
678	3442
928	4778
2147	2940
1506	5172
171	2194
3065	4860
3548	5130
1170	2850
120	2591
988	2633
876	3025
28	4101
3894	4054
1663	5067
3167	5215
668	4229
339	3627
1555	2235
2123	2709
350	2318
2731	2855
1652	1710
3979	4993
120	1873
4075	4429
2749	3769
2749	4117
931	2545
3261	4229
1907	2989
43	2397
3109	4954
453	3240
1710	3366
1710	2781
1710	3438
1710	3051
3038	3790
15	4537
803	1293
1080	3177
1710	3680
2713	4921
356	2368
231	290
72	3424
2367	3485
1710	2666
1555	3398
4529	4608
1167	3167
1111	4686
2316	3138
1493	1555
3413	3926
1614	2585
540	2801
901	1484
92	4124
555	2186
2498	4222
497	1690
120	2111
1918	3109
612	1710
425	3792
2309	4229
601	3931
231	2285
2066	5035
1700	2194
4	288
277	3636
462	1710
3174	4738
3976	4963
2258	4582
1170	4229
2087	4213
599	3204
1542	2069
120	4978
393	2289
2211	3210
1995	2158
2380	3614
982	1710
1907	3643
4028	5175
277	1811
2763	4864
1965	4285
1007	4407
96	2505
1395	3478
4608	4796
4558	4734
1710	2579
1013	4864
120	4242
305	2194
1619	2895
1809	2499
635	2673
615	3896
92	976
3109	4492
1455	4787
1710	3015
566	1014
692	766
2158	2855
1047	3062
946	3598
3255	4627
15	1455
600	2158
1033	2709
599	4725
181	3548
3835	4803
275	1870
540	3313
3496	4943
1710	4167
2258	4990
1493	4347
1644	1710
2757	3556
1126	2352
448	2806
82	2392
2870	4315
212	1555
2293	2537
3602	4447
2549	5226
1348	2393
1081	4784
1493	4343
871	3219
2244	4838
3039	4864
4493	4558
566	1396
1047	1206
299	4529
1678	2123
120	587
281	3917
946	4229
2085	3392
537	1614
2673	4248
1710	4561
864	1785
609	3404
1427	4540
940	1555
1127	3404
2902	3160
3778	5234
2524	3627
2981	3834
3381	4072
120	2576
3792	4849
1710	2408
2750	2923
552	1420
1447	4472
289	4838
149	4327
1002	4347
1053	4350
192	4347
2850	3755
192	2443
2740	4229
2237	4899
328	5215
2258	3354
2749	3410
1336	2749
3467	4229
2663	5132
2095	2870
2160	4285
4041	4050
2420	3368
2087	4625
1303	5063
1465	3426
4229	4655
1710	4114
1447	2505
2363	4385
2158	3780
818	1710
276	5217
453	934
2956	3740
2157	4736
1669	2940
3643	3917
759	3485
120	1479
288	3747
1081	1736
602	3572
1710	3269
1841	2537
72	1484
3755	4116
1710	3629
759	4855
578	1710
1545	4864
2646	3720
96	699
1710	2923
2537	4195
1181	2542
2339	5025
3863	4229
1405	1656
120	1678
940	1524
2481	3167
120	5247
1652	3602
2189	3740
1608	2451
330	3213
2308	3594
22	4193
2749	3462
1135	1868
1687	3015
1656	3785
2311	4229
1062	1080
305	723
1555	4824
816	4015
3283	5103
2327	4719
7	2239
1710	4732
120	332
5026	5161
2855	3755
1127	4229
1947	2416
2540	4438
2158	2293
120	3550
929	4796
2665	3213
260	543
120	540
2567	3894
1743	1785
2895	3714
3154	3462
667	3515
601	761
118	4054
934	3984
393	2981
4347	4849
1918	3358
1872	4469
1965	5176
1710	4494
2802	3843
2258	4272
674	2211
5020	5061
727	2211
1809	4026
82	2313
1022	3651
601	3628
191	1206
2117	2311
96	1247
2787	4894
393	708
1455	4738
122	1710
1918	4954
2494	3969
693	2368
871	1466
976	1127
5025	5184
886	2665
1873	2416
3109	4738
1555	3669
1055	3764
2158	4054
3165	4275
61	120
2779	4347
72	1438
4184	4873
328	2934
1710	4237
280	581
2789	2929
4056	4275
2550	3501
399	5062
1537	2861
2422	2749
120	698
2406	4229
3306	4148
4727	5062
2279	4975
881	1636
1710	3192
1944	2030
2	1710
1656	3462
692	1555
3212	4839
3306	4275
290	1907
2258	4158
2673	4573
1555	3999
1111	4084
1710	5070
2646	2771
600	2408
2048	3376
1293	5021
235	994
662	2318
4785	5082
218	2554
2048	2559
662	4407
3792	4630
837	4229
875	2313
1663	4877
2956	4663
649	3504
92	2069
1146	3354
3594	4608
1555	2806
554	2435
1710	2557
118	196
669	2172
2158	3669
120	2558
493	4855
1710	2311
1055	1127
72	3734
55	5020
602	2850
2554	3463
4124	4849
3444	3485
4229	4608
2211	4214
4391	4483
4383	4986
1293	2158
2904	5188
3326	3411
516	5215
1947	5172
1645	1710
305	1900
1927	3548
1080	2389
1710	5021
2087	4965
231	601
1430	1493
662	4464
2510	2641
225	4849
4031	4558
1652	2344
706	2906
910	4864
2967	4383
14	640
876	4109
759	2545
1695	2510
1082	1710
2895	4412
2554	3167
440	2902
599	4447
4372	4515
2510	2761
3426	3444
120	1965
1053	5215
1448	2850
277	4784
191	4229
1239	1710
479	1708
766	2418
2069	2934
2850	4738
3146	3668
374	1772
2258	4070
1990	5215
478	2709
448	1612
276	4841
871	4738
434	5112
3282	3710
882	5033
4229	5234
277	4810
4031	5115
2408	3621
1107	2767
277	369
120	4596
70	4116
2545	3846
3733	4469
1302	4229
120	3873
96	3654
1555	4558
3572	4031
1710	4089
5037	5067
393	5021
2318	3038
1312	4031
4229	4479
170	4466
180	1710
1710	3984
2537	4820
53	81
276	2087
4981	5227
4861	5227
3192	5025
29	2408
33	3167
2832	5090
1720	4229
434	2801
599	5048
3204	4864
120	2096
235	3913
291	1798
1656	3887
2318	2897
1	1710
2020	2751
2537	3827
669	871
1416	2318
2012	2318
1710	3266
960	1705
537	4030
1710	3855
1710	5046
3509	3629
997	2158
120	4787
601	3681
120	1192
683	1710
824	2406
1870	3410
72	635
582	4466
281	1996
1990	4371
1602	5177
1875	2420
2154	5244
1785	3015
2542	4041
3548	4805
3109	5126
2609	2904
1870	2304
3901	4466
2891	4229
1065	1710
3510	4921
231	2789
114	4942
468	4853
120	1151
759	2293
1425	3025
2656	2749
120	3654
330	5161
275	362
960	1677
1710	1757
589	758
3931	5242
708	1408
1934	3212
2720	3131
994	2757
350	2158
1873	4841
4148	4805
2351	5094
669	1192
1338	1561
3063	5215
4237	4809
1448	4734
468	2410
1170	2397
2130	3068
4864	5175
1741	5067
270	1334
1710	2420
120	4054
2806	4271
1710	3087
93	2993
3404	4041
1710	2652
2258	2700
114	1892
2158	3636
2188	2947
1338	1420
1273	2313
180	235
7	5206
1153	1868
3237	5033
897	3530
615	4727
1356	2769
1070	2817
2461	3548
1907	4970
711	2875
3790	4041
1105	5242
1011	1057
3313	4229
3015	3564
4089	4820
1933	2510
711	3815
2417	5180
2435	3773
2553	3710
1710	4976
2389	4469
456	3129
2154	5056
4799	4987
3029	4997
2158	3556
1663	3240
1537	3028
935	4311
1293	3478
2318	3214
1710	1852
2158	3649
383	1710
777	2542
120	3894
537	1900
231	1356
2417	2934
2848	4663
2071	4229
669	4627
881	1656
4864	5172
931	3123
120	852
2356	2438
456	3057
878	1519
4026	5062
1186	3762
1710	2771
2164	3643
600	776
22	331
788	3255
3755	4734
1710	3796
3165	3436
1338	3022
7	3949
1148	1710
1169	1996
966	1965
2451	4347
118	3171
2861	3028
1710	3045
120	607
897	3282
92	4229
2393	4727
231	489
609	3485
2139	4383
1619	1985
1650	4855
1393	2756
1193	4229
1710	2843
2293	4864
1710	3669
1602	1947
2609	3068
1192	4945
1710	2401
138	3124
120	4386
1656	2901
3052	4864
907	1555
1680	3835
805	1710
1024	1710
3477	3740
96	463
92	2520
18	1187
1210	5013
1710	3764
1736	3016
379	2673
91	3618
1447	3261
4460	4963
2258	3621
1710	3872
171	4347
1889	3444
118	1080
587	2773
1755	3566
2934	5020
2665	4479
2393	4608
3566	4031
3542	4839
331	1465
1230	2158
2510	3634
3395	3496
927	2258
1348	3344
1312	4030
1473	5161
2184	3668
120	2855
3243	4608
26	1700
601	4526
1603	5124
1710	5202
266	1206
1104	2732
939	3556
4853	5048
3016	4407
607	766
1087	4028
3509	3643
2258	4573
2855	4276
1555	3077
2567	2646
2903	3894
2047	2258
1356	3931
120	3628
642	1057
3873	4229
2258	4577
2070	2258
2358	4383
2318	5241
2639	4222
2273	3436
760	1710
1338	3438
1466	3556
120	2756
3556	3652
96	3558
309	1331
2879	4229
2673	3710
2069	4229
1111	1555
4184	5184
373	1710
260	3219
2211	4306
2481	3628
3063	3485
120	3540
1710	4385
2318	3649
798	1087
1710	3798
225	2999
191	844
1884	1947
7	2351
1538	3755
484	5202
761	4311
1710	4126
96	4977
2278	3471
1107	2011
2709	2850
1555	3146
3720	4347
247	291
4116	4954
120	957
2604	2775
2115	4841
43	884
333	4960
4810	5062
2680	3761
2934	4124
2172	5230
3674	4582
2509	3483
601	3714
2524	4229
2211	4685
275	5130
2482	3154
3966	4275
92	4738
120	4401
1127	2993
2779	4864
816	1493
1710	2956
1129	4853
3308	3834
1741	4496
1013	2554
3615	4229
1710	3183
595	4608
848	903
1127	3029
1447	1743
2481	4311
92	1127
1561	2848
7	3807
1151	1938
566	4868
3212	4229
120	4455
981	4529
72	2279
4347	5171
2258	2544
1710	4878
2510	4237
3843	4579
3526	5013
1082	2064
568	2112
1873	2889
871	2194
4345	5047
2289	2435
950	1710
1873	3540
7	4608
1710	1870
1995	2897
761	872
4229	4954
33	5215
2207	4598
1539	3827
3827	4873
22	1946
3983	4921
927	2749
2263	2344
2285	2380
277	4558
4738	4954
228	491
615	2076
871	4558
485	3548
1127	2633
640	3004
2700	4366
1690	3564
48	4201
1708	3792
4691	5021
120	4470
1608	5056
2318	3926
1273	3888
7	2724
1431	3825
688	2085
57	4954
1807	4810
1710	4799
1710	3988
2158	2851
3028	4070
1695	2358
393	5171
1928	2358
92	1331
2806	4054
138	5050
2266	4796
228	2889
590	2767
1555	3795
305	3174
2789	4021
549	2158
1561	2031
1446	3498
3720	5215
7	1223
4282	4864
2316	3795
3725	4785
478	2157
2358	2812
96	3467
118	4347
2113	4124
196	629
1448	3755
2797	2923
1612	2709
2544	3404
2443	2806
4479	4776
3424	4026
2767	4864
1710	4174
3404	4580
3381	4350
1602	1687
9	1710
379	3267
1219	3807
7	196
3987	4970
3153	5025
2633	2864
651	4997
1872	4841
1710	3261
881	5130
1115	1212
3617	4280
587	2408
708	4573
2602	4864
1741	4582
1555	2870
1566	1870
3192	4229
1137	1481
4536	4784
491	2158
1710	4070
2559	3344
1710	4766
1448	1918
1870	3621
92	2757
508	2889
181	1907
1807	2579
1356	4997
3643	4803
578	1527
484	5103
4627	4864
332	3669
1773	3413
212	1527
586	2566
120	4526
1493	3146
901	1455
2233	3501
833	2333
1127	5021
2211	4536
1493	2633
1710	2789
277	3178
1356	2215
196	982
1571	2258
2559	5048
2273	4126
4132	4229
1710	4243
1741	3848
618	4229
3307	4275
498	1519
1757	4248
615	3515
1710	1865
997	2387
2903	3837
1710	3888
144	1555
316	1408
72	1473
1952	4237
2787	3678
1334	5227
1710	4536
3643	3846
498	1465
422	1127
3760	4352
120	3897
70	1511
1708	4350
434	1710
1710	4529
96	4101
4864	5222
1776	4608
1219	4842
2515	5172
410	1457
386	2147
708	2048
1710	2040
946	4031
871	2217
363	2211
1555	3177
4347	4734
4229	4451
1922	5188
1555	3074
960	2211
615	3279
1786	3109
1111	1561
2263	4369
120	3124
1710	3687
1741	2781
249	3698
7	1555
2117	4229
1710	3257
3602	5092
564	607
4127	4608
1555	1935
600	3803
958	1710
651	864
620	2258
581	5230
2604	4229
1807	4060
1165	1710
2962	4229
2060	3771
3485	3819
75	322
191	3566
1206	2469
191	946
120	1875
2420	3260
1473	4347
1420	3998
120	357
4738	5161
699	1736
1455	2358
347	2348
1705	2026
735	3154
229	1555
921	2579
803	3485
2318	2608
1710	2319
903	2406
2982	3378
120	4174
1206	1864
3993	4046
3504	5227
3358	4734
92	3556
331	1710
28	3617
1710	3132
249	1710
420	779
1334	3331
2064	3366
1397	2318
96	4835
2211	4646
2608	4608
3680	4591
3807	4026
1465	2993
33	2929
2258	4117
1457	1532
3892	4229
1348	3998
2189	3643
1710	3204
159	3846
3426	4997
2158	4663
1710	4754
461	2189
291	4663
556	1710
154	3478
3170	4725
114	2646
122	1493
1710	1807
2772	4229
120	4326
1710	3267
3334	5072
3410	3834
3266	3490
3668	5185
649	1710
7	3485
1447	3872
1002	1555
2158	3243
446	1555
2393	2515
914	2549
440	2123
967	4229
635	1127
2850	2999
1176	3618
1368	2012
1700	2850
778	3146
2147	2641
2318	3652
2237	3687
4229	5201
328	4119
1031	2559
4237	4566
1870	3255
425	4173
3475	4591
1170	1306
120	3661
120	1870
3543	4540
4275	5137
1710	3013
1290	4148
1682	3417
2207	4604
7	2393
2410	3830
1995	4192
1700	2217
3109	5208
4343	4805
120	3848
1566	3410
4229	4957
2550	3028
1427	4116
1947	2515
120	4249
233	480
482	1710
573	2123
473	3023
110	3614
842	919
3156	4960
2633	4491
1614	4965
1571	2673
1127	1976
1272	4963
33	761
1748	3213
986	2311
1900	2158
2570	2749
196	4473
332	4965
453	776
453	4864
120	3831
4345	4785
2318	2393
1555	3651
3405	4229
1561	1710
1938	4275
3404	4057
2724	3458
3651	5035
2520	3749
1710	2720
70	3237
1505	4229
1511	1710
2221	5253
3407	4099
3815	4810
7	328
3847	4383
3740	4429
1373	3807
4210	4807
1710	1787
1554	3602
235	1947
1710	2374
1505	4784
399	4873
1111	2393
2176	4989
2087	4807
2158	3025
2348	2717
2108	2211
307	1710
92	4838
2408	3582
642	5025
120	2327
2062	2749
864	1223
1338	1506
479	1918
1457	4127
1710	3567
1710	1886
1710	2779
858	1345
2020	2382
235	4529
96	4860
595	2318
277	1954
3834	4438
2451	3017
275	4853
4201	4229
18	662
1901	5021
72	1206
2194	3109
2293	4347
1566	1710
1710	5242
1785	3526
966	3764
1426	4864
1708	5242
1710	2891
1206	2864
2749	4703
303	3834
2612	3699
93	4849
4229	5198
2012	4608
1710	2546
2519	3361
7	4497
2279	3154
2756	2953
4803	5020
277	2848
4954	5171
2113	3669
1303	1555
2461	2609
2895	5160
2775	4979
120	4327
4558	5021
4608	5021
1497	1710
1922	3947
1608	3988
537	1710
57	883
120	3018
995	4174
4127	5188
884	1087
2352	2801
1656	3161
120	4841
154	1080
816	1473
362	3512
1002	1859
129	549
120	2461
3668	4807
120	3541
976	4767
2211	3976
537	3837
537	1306
2158	3071
3509	4627
2258	3680
120	2047
2836	3548
1710	3061
2532	3548
564	3621
91	2069
1776	1889
2158	2717
716	934
1448	3257
2922	3843
1127	1362
2318	3478
3652	4229
1710	4412
1710	4056
1330	1710
191	1636
3827	4229
1660	3177
196	4591
120	4078
2172	4873
120	4014
277	3436
4608	4861
1511	4627
1170	1872
7	4580
202	3472
688	4970
1710	4345
4229	4809
332	3022
1955	3792
2714	2850
120	4598
4950	5062
1652	2802
3174	4849
2750	5132
1765	3558
1710	3466
693	1337
1554	4229
2384	2609
1127	2117
363	722
75	4963
3931	5215
869	1127
1599	2435
92	393
905	2936
75	4521
864	3526
2040	2482
1695	1785
3651	5215
1720	4030
4031	5025
1656	2062
1225	3651
1587	1705
602	3755
3213	4212
3362	3687
2157	5049
650	2289
3710	4727
1555	3052
697	1555
1473	4184
231	1435
399	4412
2237	2336
2154	3358
777	2641
2743	3759
2673	4063
882	4921
2529	4026
2358	4540
1127	4507
4030	4540
561	4101
867	3485
2117	3677
1656	4237
2639	4372
1146	4371
1537	1710
1710	3745
693	1338
3413	3526
1144	1710
578	4192
1481	5067
18	711
2268	4974
1127	2311
92	3969
1070	2923
2047	5020
1655	5172
1736	1892
4950	5132
587	609
235	1003
2934	3856
1420	1947
1538	2318
1331	4229
1047	1872
1710	5224
2393	2559
2709	3651
1188	2123
1455	1519
2012	3165
235	1555
1710	2006
120	456
2158	4777
2641	3674
180	456
4331	4347
1708	4849
1053	2020
1656	2700
7	699
356	5103
549	942
154	708
7	845
1359	2273
827	2756
270	5134
982	3240
3146	5215
1710	3040
2263	5112
882	1426
537	4072
1007	1892
1710	2363
2356	4864
1481	4496
2037	2673
599	934
1980	5030
3382	3498
1297	1555
441	4864
2368	3264
578	3237
3213	3598
196	2113
3976	5074
2536	2540
1710	3734
2555	4566
120	2340
3167	4632
191	1719
463	4663
2211	3896
803	5208
291	1080
7	3767
1348	1710
91	5249
711	2258
2416	3636
277	4540
154	2999
1170	2380
305	3478
1918	3485
277	5056
4734	5116
2482	4021
4054	4347
1710	2871
118	1764
197	1445
1390	1682
537	1708
1710	4497
118	5215
907	4663
4148	4229
1426	1447
3710	5137
4237	4582
942	4558
2318	3025
3602	3995
120	2646
347	5230
726	2318
2406	4274
3854	4784
881	1206
48	1176
4229	4960
1700	4734
716	3457
2934	3740
1710	1839
2215	3444
2419	3843
2978	4274
330	2123
2056	4963
120	4003
3687	4237
816	3215
2749	2954
202	927
692	2211
92	635
2258	4026
196	3077
114	1356
277	2348
92	1708
484	4383
1127	3478
1710	3903
1553	3680
1927	2890
213	1710
91	3516
171	1710
1965	3764
4734	4738
882	1002
1308	1710
982	2946
2258	3782
2085	3627
1612	2318
2020	4497
2172	4210
835	1710
1206	1572
764	5241
4031	4076
3773	5132
1127	1710
3358	4784
1293	3174
602	4954
4130	4581
4608	5062
1293	2258
2482	4081
2258	5184
788	3815
28	4841
3160	3540
2560	4663
2964	4031
2311	3755
2279	2673
1710	2972
5180	5191
3483	3949
2408	4586
4372	5249
4229	5078
555	1741
1710	4030
760	1708
3557	4229
120	4209
2368	3283
2236	3598
907	2756
1710	4352
267	1544
120	374
1656	3627
3556	5035
595	1710
766	4986
2363	2724
3154	4243
1381	5222
1741	3969
28	4967
75	3834
1447	4521
120	3511
2274	2749
1710	2879
1673	4864
2289	3803
118	3760
1354	1455
1736	3734
280	2877
63	4229
946	3038
931	4591
1127	5126
362	4853
1206	3627
1104	4725
1710	3079
581	2172
1071	1710
2273	4271
1889	3628
960	2451
4627	5021
587	1555
1206	1907
960	4702
1448	3109
2509	4864
3478	3651
844	1396
960	3458
3710	5184
837	1710
2600	3509
1710	2509
1994	5033
1368	1710
372	1555
2258	5196
1447	4711
2458	3485
120	758
7	4075
3699	4366
1126	2357
1555	3798
196	1307
4315	4841
2663	4229
1710	2742
1447	2311
1217	4993
2629	3410
1710	3469
1710	4758
2358	3847
1710	2029
191	4372
2165	5050
120	1432
3772	4784
3690	4229
230	1710
1348	2158
3063	5021
1307	4229
1748	5050
120	4670
191	881
764	3843
233	3065
2108	4864
599	1129
671	2856
1807	1956
587	2258
1561	1726
581	2348
230	1127
2279	3872
2374	4347
1087	2646
2529	2940
976	4275
2408	4954
1710	4455
2999	3174
120	4951
120	2112
1710	3547
7	5196
3458	4229
3835	3907
29	4275
2720	3426
2756	4130
91	1170
1473	1895
2393	2993
3677	3949
456	4243
120	614
1995	4229
120	195
871	1918
3846	4853
4990	5021
1206	1636
1710	4341
22	2609
2740	3114
1896	4849
1055	4285
1636	3834
1710	4568
1348	4727
1710	4731
231	2325
618	2258
1799	2756
1484	2037
3815	5210
755	3504
1026	1736
548	4864
3413	4820
393	2380
1429	1431
1396	2775
769	4759
946	3516
1710	1947
1612	3785
917	1007
1636	2285
271	2422
1741	3813
1555	1990
1127	5224
1868	5037
1527	1710
35	2806
3636	4046
1922	3261
1710	2313
4210	4412
2094	3051
1356	3628
1348	5177
4023	4229
547	1193
2352	2832
2090	3231
1859	2147
1710	5198
2005	4663
1426	3772
508	3651
1705	2537
2158	2656
1710	3417
1354	2695
2318	5177
96	1695
275	1129
1338	1427
1918	3174
2851	4727
7	1561
2806	3792
120	3871
1435	4087
2435	3926
3837	4229
2020	2870
1127	1643
1708	4852
2537	4210
1710	3556
91	4767
1623	1710
3730	4229
43	803
1047	3210
1741	4189
1087	1667
1710	3140
692	4864
1907	4777
2064	4625
1164	1217
1710	4691
928	2817
1127	1189
4	642
573	2380
3426	3931
2505	2612
901	4148
1105	1673
759	2544
1338	2293
1681	1710
1208	4237
2439	4148
662	3678
4199	4845
347	1338
1708	2285
905	2211
149	1217
764	3160
120	1789
1710	2085
1710	4160
4371	5164
92	2663
759	3680
1080	4391
2318	2954
567	1710
615	726
2850	5035
91	4229
803	2117
1555	5033
2644	3483
3807	4355
2740	2929
1990	4116
399	4026
2904	3825
1807	4327
931	1553
881	1555
1721	3668
316	1507
2523	3059
218	3077
3846	5021
2850	4229
1189	1870
1082	2211
362	1710
120	2482
777	1773
2528	4029
120	3847
2312	4631
599	2743
3526	4537
1603	3146
360	1080
1506	1614
516	4383
1710	3290
4184	4849
4736	5049
316	2417
4864	5247
277	1555
1706	2720
7	5202
1811	2875
2923	5048
1710	2809
149	1710
219	3334
7	4372
599	1438
4473	5175
243	2700
1461	3556
1359	3740
934	4229
2806	4276
17	695
2795	3755
2194	2999
23	2801
1710	4744
1710	4530
129	1338
120	5003
2961	3334
3469	4873
881	1710
461	3548
2742	4876
2123	4009
764	4212
96	2641
889	1149
1569	4229
3457	3498
2443	4229
1920	5049
1663	1710
3167	3444
1568	1710
153	4148
3165	4229
420	4193
817	1710
3358	5184
120	986
869	1710
1127	1427
764	1994
2850	3109
2797	4784
4507	4967
92	3790
2924	4469
96	4021
2020	3694
393	5078
1353	1555
120	3807
848	1710
362	599
3903	4663
806	4229
1710	1901
1655	5062
994	4041
330	1380
2903	3643
833	1710
120	2167
1312	4838
120	5066
2087	4663
931	2732
277	1660
234	3509
1710	2757
2749	5176
1331	4954
1710	2012
280	2348
400	5050
691	1710
290	1555
299	3212
48	3710
2673	3160
3289	3730
1710	4493
1080	5241
2529	2956
2158	4891
96	766
897	1587
635	1741
1938	2258
290	1435
3827	4507
233	3381
1710	3171
871	3063
114	3301
43	2646
1721	5021
2544	4591
1680	1710
3462	4243
92	1466
640	2999
1741	5230
287	1710
379	5050
2520	2925
875	5035
1331	3478
4229	4632
2802	4921
1080	3976
3170	4483
1555	4057
2902	5254
3289	4347
1016	2602
4	3747
362	4864
326	4253
258	4734
1656	2749
225	2806
57	2850
1571	3276
408	1710
2927	5020
988	5173
1447	4911
120	4036
2855	4492
984	1710
2709	4580
1710	2597
4332	4663
235	3627
1356	1710
595	1555
247	2549
914	3451
2358	4558
4229	4371
2069	3790
2348	4997
2864	4229
1901	4225
1127	3558
931	1431
4970	5025
1568	4864
1710	5142
3482	4116
1170	3123
699	3807
1208	2139
2158	3790
1669	2528
582	934
1116	1710
3815	4852
928	4608
842	3599
1047	1408
1710	4941
1907	4117
218	2641
3566	3917
1356	2380
3598	3602
1773	2542
1549	1994
1868	5217
662	4137
2870	2936
4086	4981
651	2993
788	3548
3485	5025
3926	4229
618	1206
548	1700
4483	4867
3028	4229
1741	2756
291	972
2358	5172
4199	4285
287	4634
2458	3123
4540	5173
2358	2547
26	1710
2087	3784
1504	1710
1076	4537
2570	4864
1757	2404
2417	2567
1189	4784
2318	4332
2709	4921
3558	4967
120	4509
1517	2756
1296	1710
1821	4841
29	4921
1053	4124
305	3153
1710	1771
2217	3174
362	1129
2217	2850
1708	2615
2358	3483
2273	4810
1710	2066
1561	3831
7	3462
1381	3410
4057	4627
2237	4112
1545	1710
589	3411
80	5254
1435	4651
4347	4861
2293	5196
1710	2413
1918	2855
1549	3392
600	4663
871	2382
191	1493
4566	4899
683	4566
2416	4148
3472	5035
1104	1710
3543	3811
1111	2031
399	939
582	884
2933	3861
4347	5003
356	1710
1420	5172
1864	2559
2757	4229
120	2432
1555	4473
2358	4702
148	1104
1644	4894
764	3071
1447	3699
96	4338
372	3395
3745	4412
1710	2357
4608	4878
3232	4803
3548	4608
3628	4997
1710	4146
393	4849
269	1710
2816	3413
4383	4864
1481	4767
3792	4124
1331	3572
277	4663
1555	3652
4225	4997
2285	4997
339	2263
225	2443
2901	3907
1994	2801
32	1455
3188	4229
1534	2123
1532	1555
2207	3654
883	2545
2108	2258
3015	4232
1587	3710
2524	4736
3381	4003
2244	3109
3594	3762
3926	4963
2899	3863
854	1710
3894	4027
1673	2258
202	1483
3755	4558
2293	4608
372	3004
1710	4694
3463	5226
290	1527
1279	3969
92	2048
960	4744
1429	1710
92	4558
191	4561
1710	5069
1710	1935
976	4439
600	4347
3699	4109
2393	4072
3294	3766
213	5076
2756	5116
2318	2789
3485	4767
1687	1710
96	706
120	3240
697	882
1555	3010
118	1555
1741	2105
192	2158
4189	5021
1206	1455
1507	4852
399	555
1710	2165
3628	5165
181	4993
3504	4864
3260	5241
1873	3651
2749	3856
287	2565
3044	4031
1710	2172
2743	3710
1710	1980
2158	2311
270	2583
2158	2325
92	1636
393	1408
1273	1445
2012	4663
1708	4558
1643	4719
2850	4734
1230	3485
547	2565
223	4229
1710	4965
692	2207
1710	1737
2304	3509
118	1767
4054	5226
287	2988
798	4558
980	2285
243	833
192	2318
18	4343
448	4229
1447	1710
939	1710
1111	2158
662	681
2350	3156
1561	2258
2749	4702
1710	4842
4063	4275
1111	2318
331	3294
17	4119
2406	2978
1710	4853
120	4116
1447	2861
635	2207
276	4963
2358	2927
1381	1710
2360	3762
1710	4119
2978	4941
1555	2761
189	1710
225	4347
93	4630
2410	4891
1652	2318
155	5242
453	582
3509	4191
1105	1710
2215	3426
192	277
3599	3614
2121	3368
1561	4608
2056	3554
332	2515
1395	1555
4677	4954
600	2385
776	960
291	3698
1519	1981
817	960
1189	2717
3326	3404
1206	2964
28	946
982	4685
1757	1938
914	2368
26	4229
1935	2946
3065	4724
1081	4407
2158	2393
4229	4861
1954	4864
3260	5033
1338	2164
824	4941
4229	4338
3170	3669
1118	1212
921	4412
3713	5025
377	986
357	1080
693	914
994	5188
1057	2382
2299	3213
92	4951
1193	4634
4124	4276
1901	3114
1614	1710
1700	4954
2358	4137
1952	2542
2756	4174
2374	4229
2714	4347
339	1033
815	1524
2775	3768
399	5135
561	4663
492	2546
1055	1965
601	4778
120	1876
1165	2795
4229	4271
1395	4229
4243	5215
4086	4993
784	4738
1331	1555
2812	4873
1555	4727
1356	5215
4044	4864
291	5215
203	2123
2560	3643
3485	3509
615	4734
3038	4057
2749	4567
120	1787
328	1710
3747	5160
1602	3669
120	667
1872	4184
2559	3825
4184	4540
2157	3843
865	2936
1555	5172
3761	4369
234	3993
842	3614
434	2344
1719	4119
708	4276
3063	4031
299	491
120	4364
2406	3257
671	5021
3628	3931
493	540
986	4868
247	980
590	940
120	3277
615	2451
129	1614
120	3262
4496	5062
3165	3174
3381	4054
2749	5184
1868	3599
1493	3785
333	4229
1710	4072
2113	2393
910	2787
875	3354
3213	3275
1555	2714
2596	3472
3477	4663
82	120
247	4229
492	3240
473	1710
120	2899
635	4331
1555	1981
1741	4873
2946	3376
275	1667
4439	4963
2559	3652
17	4229
1985	2989
122	3815
1080	2673
230	3708
761	2993
662	5151
1390	1555
289	1779
5180	5222
2750	4099
2934	4663
1080	4469
1889	3564
1868	2505
1167	1710
1710	4407
218	711
704	872
1695	3654
180	3811
3837	4124
120	4983
764	1236
2285	3426
3834	3976
4	1602
3773	4838
669	5050
498	4591
2443	3485
29	564
1710	3443
1710	3260
2358	3207
2443	4347
1080	2640
2490	4253
3509	4476
291	3758
788	1031
92	3516
1555	2231
2851	5072
1928	4558
876	3835
2967	4148
2260	4864
1484	2279
3170	5172
2897	5215
1435	3628
2258	2789
1208	1959
3507	3638
1080	3501
276	2207
2211	4174
2749	3695
2113	2408
3702	3762
1527	5021
1057	1710
928	1555
2244	4845
55	303
540	5137
120	2927
2902	5076
3856	4275
555	4026
1230	2289
1690	1710
1127	1786
3255	4275
1710	2449
1142	1710
448	1708
1710	3598
339	827
2772	3023
1206	4873
1710	4583
1555	4954
960	3755
96	3554
864	5013
909	4483
2358	4276
18	456
997	2318
1210	1710
29	788
2929	4868
1070	4853
1710	4176
2529	3740
3326	4347
1555	1930
7	3947
4784	5063
1710	4469
2756	4127
977	4663
2258	5208
1033	3843
1420	3669
120	4835
4229	4326
1034	3807
2020	4217
1663	4873
1555	1652
3543	5160
1555	3015
2672	4385
881	1080
960	2158
3602	4841
291	2318
592	4663
1420	1710
2559	2724
2158	2954
615	1196
511	764
1603	3306
1710	4363
817	2451
461	1740
213	3175
191	3044
601	1889
726	2633
1710	2769
3558	4184
2207	4439
2499	3282
1748	2030
1643	4473
881	3557
3044	3464
1747	4229
1127	2978
2640	4483
4184	4630
1348	2958
537	3381
4347	4371
803	1448
2989	4275
3004	4803
2263	3761
2797	3889
2637	5020
2732	3504
92	4767
120	2273
1493	5021
29	2673
120	3175
1555	3279
14	2211
1435	4540
824	2967
75	4275
1505	5112
120	4879
176	4202
871	4954
1555	4600
3463	4054
635	2258
1193	2988
35	120
2951	4784
760	1918
72	1859
4311	4849
4229	4483
225	4229
2787	4839
3720	4608
2967	4229
213	2344
92	845
2358	4184
4579	4595
601	5242
1331	5021
824	4274
3725	4537
725	1710
2329	4483
3526	4089
4447	4853
2336	4112
600	1619
620	4873
668	1710
2940	3815
2031	4229
651	2285
3863	4558
3466	3846
1127	5165
3995	4229
191	2964
662	2158
1748	4054
1186	2770
499	1602
2207	4970
2554	4608
4193	5132
966	1455
1080	4229
3710	4202
288	1720
3354	5025
2266	5020
1438	1710
92	4030
3896	5215
1048	2158
2239	4199
120	1517
1080	2368
129	1348
65	4149
3195	4275
120	3442
1505	4608
1416	1447
2773	5025
1549	4963
1710	2570
4028	5021
4237	5020
4993	5227
1710	4774
882	2147
2545	4663
1710	4094
635	2749
1710	4558
2318	2420
196	3478
2113	2158
4331	4660
1230	3326
120	4807
2235	2961
1127	2303
2544	3896
4864	4926
1599	4864
803	883
7	4026
2663	3915
2510	3843
966	3039
1710	3231
3815	3915
2639	4229
3710	4974
727	4864
599	3668
931	1111
1811	3807
3387	4873
3410	4803
747	1710
120	3392
2732	5030
225	3652
453	4075
1114	1710
561	4817
1416	3485
2500	3755
1435	1756
2080	3093
1710	4576
230	2709
4054	4086
431	4864
3306	5069
1206	2324
1952	2555
475	4229
402	1710
1873	2130
927	4306
2775	4777
3213	4041
2147	4663
1710	1871
3462	3815
564	2070
556	1507
803	2850
1519	2934
33	3628
2147	4600
324	1710
931	3988
2327	4276
228	296
2020	2235
1537	1868
1555	5040
218	1995
3381	4130
1380	1710
2304	4663
22	1907
1506	2989
1555	2598
2318	3404
2368	2813
456	3154
399	2172
7	3143
1687	4537
14	4229
371	5072
950	2966
760	2639
1571	4864
120	4075
1889	5242
1193	1710
1571	2230
1656	2055
3602	4864
3361	3372
3382	4193
1493	4784
1947	4864
4383	5215
2217	4738
2922	4229
1868	3028
816	960
1568	5244
4229	4997
2596	3061
595	2158
2519	4094
766	2047
291	1555
1710	3873
1297	4608
1530	3831
120	2631
776	1206
4725	5172
2743	4003
2123	2801
7	1055
2532	4828
2357	2673
601	1080
1047	3988
3519	4229
2053	4451
1429	3368
3548	3643
1864	3543
1505	1532
2804	5083
2816	4784
3240	3714
4170	4725
1741	2663
277	2903
3417	4511
291	4229
1720	4852
1710	4333
2545	4849
191	4838
1127	2724
290	4483
255	3855
7	592
916	4266
1208	4369
1947	3099
2443	2850
4217	4332
1710	3424
4864	5110
1420	1555
1602	1756
4229	5014
461	2108
1473	2756
2673	4028
1047	3643
548	2850
196	2904
3628	4311
2258	3856
482	4275
2318	3594
1307	3698
1340	1710
1545	2258
2499	4853
1786	2856
4116	4867
777	4663
1918	2615
2443	4124
2529	4483
994	1757
901	2037
72	3631
1539	4229
316	1080
136	3830
1493	3215
2956	3807
1527	4864
2897	5164
1720	3038
32	456
931	5215
599	3124
93	1408
1870	2553
1650	2420
2231	2318
211	1275
889	1111
1710	1876
28	2416
120	1236
912	3413
1710	2115
2158	5033
3167	4271
120	4021
2336	4229
669	4199
1710	3694
2565	2988
281	4974
2048	2585
587	3907
688	4275
1710	4364
3628	4778
1507	3710
371	2946
114	2993
4229	4491
2934	3200
3544	4347
499	1561
3124	5021
1710	3735
3509	4567
144	1537
601	1356
1303	2158
191	609
2060	3557
2020	4483
5035	5072
249	3713
7	4331
96	3260
3023	3867
1555	4616
4030	4838
929	5130
431	5050
120	4887
1073	4347
2108	4803
2123	2902
1381	1721
1390	2115
2568	4614
120	255
270	3331
2158	2608
602	2217
1682	4558
1873	3378
4192	5050
4849	4963
1170	2215
4229	5052
589	1230
1710	4496
2673	3755
3467	4347
1465	4779
2510	4385
4945	5135
561	1034
1330	1785
499	4727
1555	4966
3174	4954
1555	3368
651	3167
1193	2565
420	1455
305	3854
609	3566
4031	4372
3740	4243
4229	4372
120	2934
4660	5021
1381	1455
3025	3266
3772	4855
4271	4347
1710	4540
635	1901
1273	2439
2934	4878
1710	3341
1273	1555
3483	4694
72	2673
4311	4997
1167	1445
3063	4030
328	3025
2217	3165
120	3417
2258	3747
2207	5254
374	2211
2529	3807
3478	3652
601	4671
1351	4864
478	1710
154	225
7	3720
4229	4785
1870	1985
2749	2784
120	2793
1555	3028
448	1170
2964	3556
3556	5215
1710	4532
2158	4940
144	373
3215	4841
2416	5215
3834	4963
1757	3022
1990	4229
3548	3821
2850	2855
114	498
609	4031
1290	1710
1776	2158
2358	2901
334	2934
903	4941
1348	2515
1555	2012
1779	4600
3773	4372
2358	2982
1710	3532
693	1080
3411	3463
761	4229
120	3694
32	4285
3294	3907
2756	3907
2147	2956
3275	3526
7	3856
3835	4868
1103	1393
2663	4184
2289	3326
3764	4719
2293	4119
1022	1587
1626	3698
2993	5242
1331	5171
339	1710
1652	2352
258	4275
960	4189
1188	4614
635	4275
1710	5137
1457	4582
120	4802
2438	3815
578	4229
3331	4130
2239	2537
2633	3289
3071	5033
70	2773
949	5164
70	3283
1785	3275
1995	2544
1555	2356
92	1511
3988	4148
213	2801
3773	4229
3834	4414
587	5126
766	2567
1053	4276
876	2260
235	5038
3827	4965
4229	4558
120	683
939	4864
931	1710
2382	3993
946	2069
2351	3710
380	1710
1435	2353
2749	3308
52	202
1080	3279
655	1710
1683	4229
1146	3993
587	601
2358	4124
154	1955
110	3478
931	3485
764	2157
2318	4861
2358	2922
1710	2596
2211	2983
2293	4174
255	4879
1656	2324
2673	4117
1348	1602
1947	4229
950	3740
1614	2158
2380	4997
4087	4149
498	5164
1302	4057
350	1555
586	2163
1976	2749
1918	4511
339	2801
374	1455
1176	3485
2087	4306
578	1995
1710	3485
3946	4582
3506	4951
4118	4170
601	2273
453	2925
22	1455
4483	4784
180	3843
1710	3957
2756	4282
882	4855
2553	5021
1618	3462
3652	5035
1907	5188
2848	5164
338	1390
917	4784
1277	3710
1230	2318
2663	3773
485	4784
1710	2810
2925	5025
196	3720
3501	5164
1870	3146
2889	3651
1526	1710
1047	4864
393	4054
939	5160
1799	5122
453	3462
1710	2850
1348	1555
1603	1710
2172	5062
1708	2850
305	4963
4127	5164
114	1465
1532	4385
1612	2756
120	554
2756	4536
2258	2404
1055	4719
5021	5130
2608	4347
1538	3643
977	5132
464	2953
3045	3907
225	393
2031	4469
48	1104
114	1435
4311	5165
2956	4026
928	2481
369	2258
829	1656
1710	3282
695	1952
129	5172
1047	4347
561	1779
120	4663
914	4229
1236	3035
1549	2561
3212	4911
120	3556
852	4229
3755	4347
144	669
2505	4883
1080	3946
1654	1710
4229	4275
693	1902
1710	1888
1602	4099
1408	2773
1710	3422
3807	4243
1710	5026
144	3509
14	976
3387	3771
89	263
120	5254
120	2975
120	4361
1506	1947
1473	2279
120	2505
1930	5215
4124	5072
1447	1680
5021	5210
2258	2864
1127	2731
966	4199
2186	5230
901	2673
1710	3786
3358	5072
213	2263
760	3755
3999	5215
7	4347
761	4632
1980	4229
726	5160
234	4372
29	1710
4081	4099
1331	4347
1710	1836
33	2609
330	3510
881	4229
1710	5252
4229	5172
1479	1571
1455	1870
2408	3366
2927	3424
615	5021
914	2784
114	4873
120	881
2500	2864
3368	4347
1555	2585
4285	5176
120	4694
1206	1626
714	4275
456	3835
1710	4807
1206	4521
1447	3688
1062	4742
921	5067
1710	3843
1331	5215
2344	5254
4864	5078
1855	2756
1555	3993
1710	3504
1710	2233
1610	4864
191	5132
966	5176
516	3807
434	497
154	3792
1708	3426
981	4413
51	845
120	2254
440	3627
2608	4189
1447	1572
1057	2303
1230	4229
120	2528
3257	4954
120	1396
615	4777
277	3803
3087	4347
2231	4383
3213	4237
1146	5043
2934	3848
120	2889
498	960
4713	4808
1232	2570
7	4639
258	4466
714	5035
2344	3654
1555	2382
225	1900
4193	4903
2358	2734
1173	1554
1900	4608
120	4139
5103	5202
928	4967
1900	3109
2358	5215
1429	1553
3477	4217
120	1047
120	2771
1493	2273
2031	2318
1678	4963
2993	3931
96	4109
4229	4978
1918	3257
940	2724
408	4229
2217	4954
1710	4088
120	2494
1785	4537
1710	2344
3411	5061
708	1602
1127	3598
1511	3237
120	3235
2419	4476
22	4868
2855	3404
1710	5136
669	1721
2158	2902
872	3557
2640	4391
1153	1555
120	1277
1119	1736
4148	4429
1710	4843
548	5025
3512	4853
213	4887
1900	3652
2258	3987
599	3710
697	4864
3165	4483
70	92
2158	2789
118	728
1107	1273
994	2673
120	3372
2263	2902
1710	2749
7	1080
393	4573
4646	4864
3039	4507
93	225
155	760
479	602
277	2789
1836	2749
75	3710
1338	1710
2020	4784
1415	2158
4385	4779
1338	1614
776	5050
3548	4086
2094	3313
2449	4799
2940	4852
70	299
261	4229
4026	4873
3688	5021
824	2978
4158	4229
3129	3566
670	1710
1553	3475
196	5164
33	180
2158	3174
3710	4608
1047	4148
318	3165
499	1111
566	1435
1532	4237
270	2387
4385	5033
154	4608
120	154
2993	3426
881	1493
1710	4099
2756	3121
1553	3825
4663	4817
3404	3413
1206	1561
213	764
1555	3780
871	1331
2211	2304
1710	3847
704	4229
1359	2773
1356	4088
1455	2367
2134	3856
1293	4271
1473	3478
1127	4734
75	120
615	2870
1710	2326
1736	4191
2253	3176
1620	3543
864	3888
1655	1710
889	1561
566	3068
22	120
3160	3708
2769	3733
564	3663
2666	3361
1479	2845
878	4807
872	3114
1710	2901
2529	4663
3404	4878
1710	2283
2258	5020
120	4264
2731	4492
1741	2130
875	2211
5050	5215
1757	3124
120	3559
360	2318
96	516
290	2318
1396	4868
196	5078
72	3103
1710	4511
699	1710
324	2536
2870	5035
428	1080
2988	4229
120	2924
2673	4174
1796	4579
3175	4212
788	4447
3873	4864
1493	1821
3543	4873
1206	3785
2211	3099
1555	4686
1952	4229
1206	1545
1614	2393
1111	1602
3375	4109
1736	4662
2356	2899
889	4727
1555	3677
3344	4229
120	4343
196	4777
1457	1555
1338	1602
1111	1338
92	4555
1710	4292
120	280
1947	4494
1710	3803
82	3297
59	4229
3165	3755
1626	3331
120	3126
2294	4229
271	3063
1058	4130
1710	3773
17	3803
1457	1710
798	2304
383	1928
624	2560
120	4212
869	3548
777	1555
1435	4229
17	4646
4229	4942
2559	4110
1710	2724
1710	4902
406	4600
1104	4030
1975	2934
1901	2967
2258	2912
1014	1710
400	1149
1555	1985
1331	4738
1710	3634
1757	5051
561	2147
243	1710
2422	4864
231	5222
399	3123
2964	3052
1373	2528
4193	5062
1455	4199
1345	2709
1524	1895
1549	3598
2348	5199
960	2318
4054	4101
96	599
875	2519
566	4873
2158	4727
1821	1901
255	2983
1710	3846
2889	3378
698	3165
1599	1710
1710	2545
2855	3475
1710	4017
93	1425
120	4225
1710	2519
3378	4841
4311	4778
235	3834
620	2559
1757	3177
1208	3634
1161	1710
1700	3165
75	2559
4243	4611
3324	4229
120	4099
1710	5171
120	5092
1602	2720
302	424
29	4803
2559	3846
120	2871
75	3621
726	3331
3300	4864
1321	1667
2632	5132
1555	3326
4229	5161
508	1208
2158	3926
1710	2030
555	5062
843	1710
120	4148
2961	5072
3755	4873
3059	5249
1173	5092
1080	1555
1094	2756
2012	2537
1708	2993
609	2358
7	2544
1710	3983
2267	3892
1571	3381
7	379
2378	4970
2239	4439
1710	4619
1710	2379
3426	5136
92	2244
1555	1821
4663	4841
4828	4864
1710	3205
2258	4137
1070	1129
196	1710
120	2680
711	4229
2108	5175
1206	2393
4439	4918
1719	3540
1687	4785
1669	2458
120	4867
1721	3124
960	2545
1643	5160
1736	4493
2806	4229
2344	3156
1223	3922
3807	4536
281	1995
1435	2993
339	1234
1571	2722
4494	5103
582	1741
885	3815
1710	5033
1710	3275
2528	4327
3598	5033
3843	3965
2367	3410
48	4118
2458	4725
3472	4954
192	1555
4841	4970
1652	2158
1111	1348
1690	4229
981	1555
4864	5063
803	875
211	1710
4315	4347
657	914
2982	4963
662	1555
3485	4997
167	3212
1302	2579
981	2318
3669	4965
92	537
92	4031
743	1208
120	1062
554	2749
708	3381
1710	2958
1	2495
70	1062
258	5160
761	935
3243	3267
1055	3039
2194	3404
2217	3755
1103	4864
3381	4338
114	3426
1807	3029
4347	4879
1555	2875
4439	5021
3802	3807
871	3404
79	2236
1710	1894
1710	3950
1165	1656
1710	2309
2540	2789
2420	4864
4727	5177
2663	4852
211	2117
692	4608
2417	2773
931	2544
1455	3174
2356	5122
1127	2439
2756	4514
93	537
2211	3025
1710	2536
2558	5217
1549	4568
1710	4903
2899	5020
1710	1825
1566	3502
907	4608
5074	5227
554	4941
845	871
1930	3652
1779	2318
2520	3052
1146	1710
2749	4439
301	2368
1759	3873
582	2989
1455	5052
453	464
1710	3070
2020	4943
120	1956
3153	3358
602	871
331	2285
1710	1859
114	3303
4081	4787
1907	2750
4864	5124
3993	4838
2720	4216
3747	4864
2153	2749
2236	2680
1373	2871
72	4879
2559	3710
1329	2639
2046	4521
1757	2927
3146	3548
1146	2348
1293	1519
363	4127
3694	4225
4769	5021
1619	3475
2855	4954
727	1127
92	196
1408	4124
1455	4660
1338	4347
693	3303
1603	2775
4229	4596
1526	2258
766	3835
120	2801
2263	2680
228	1710
1656	3835
231	3931
3303	4483
3720	4372
590	2585
2258	2393
2392	4864
1710	2443
1710	2316
2665	4385
1710	4507
1338	4727
1798	2410
4075	4275
1293	1555
2544	2545
1007	3016
499	4163
1710	3916
120	1173
1493	4229
347	4412
3028	4796
1447	4371
235	4217
674	5130
3255	5215
1532	2537
4275	4733
2285	3167
2751	2989
1650	3780
129	1420
2154	4536
1710	5166
1111	5126
2266	2348
299	3947
2528	3710
114	4497
493	1710
1223	3526
4383	4731
87	4229
92	4412
362	2797
60	1710
406	1003
2749	4046
1710	2999
225	708
1656	4843
1080	1307
1334	3988
7	1537
2510	4369
1868	3039
1710	3999
2289	3652
1338	2158
1741	2186
1710	2221
4003	4229
693	3279
4229	4473
1034	2956
218	4777
379	2358
2779	4608
17	2211
3764	4285
235	4248
1297	2158
75	4200
1080	4582
4031	4950
1181	3621
4811	4864
3887	4021
2817	5048
1016	1129
1461	4950
1907	2936
1612	2749
2164	4803
651	5242
120	2795
1539	1710
2540	4229
7	2761
2258	2545
3478	4608
2406	4941
1473	3154
3621	4383
192	4076
379	4229
2211	2756
2194	2443
2356	3730
806	1710
582	3710
3025	4608
330	1710
371	1169
803	5035
609	1995
586	1447
711	4734
1206	5062
3710	3720
2435	3643
883	1708
640	1413
537	708
2348	2632
1356	4977
1082	4853
154	1900
1373	3740
1519	3361
1455	1566
609	1870
1457	3498
2165	4967
2408	4663
2854	2956
170	1208
191	3463
2749	2965
92	578
2890	5025
1656	2047
1146	1447
582	693
1555	2789
92	3755
1331	2795
968	1710
928	5050
875	1555
420	609
711	4275
1420	1506
2700	4864
234	1290
662	3443
235	1412
3376	3987
2795	5024
1047	2207
290	2117
3807	4307
871	2855
1626	4229
931	4719
3269	4229
4193	5173
7	4839
1772	5021
3283	5202
798	2358
96	4217
120	2296
120	4764
1889	2380
1429	2537
1073	1555
1080	1390
3326	5227
1151	3161
2895	4274
779	4275
70	3617
2344	3160
872	3554
2545	3475
499	889
816	4331
120	4569
981	2851
120	4573
4229	4829
331	4347
2773	2934
2500	3174
3995	4864
192	3504
949	1710
3367	3510
1619	2030
120	5062
3680	3846
2164	2211
803	1700
1720	4767
1481	4558
70	4030
2263	3160
393	1955
845	3755
371	1996
1153	3614
2258	3507
1555	4529
1555	1907
2545	2855
316	1927
231	3720
4864	5020
4229	4664
578	1511
1435	4497
516	2147
118	4051
2008	4383
1918	4963
1506	3998
120	4026
561	1710
1146	5020
79	1710
605	1710
581	2186
1153	2158
1034	2877
2166	2720
1302	1710
3766	4081
618	4864
17	2279
70	946
2579	2767
1225	4275
1427	4529
2217	4229
1555	2319
1331	1786
2380	3205
1710	3892
1710	5111
2904	3475
3509	3602
4840	5142
1188	4919
936	4345
2279	3821
2802	3678
1103	2318
2040	4081
1907	3710
3634	4921
2207	4496
1053	4873
2806	3652
555	4873
1555	3949
120	3506
590	5033
176	4472
883	3174
1226	2528
4229	4900
2773	2797
129	3998
2211	2889
4229	4868
118	4608
1710	2498
1549	3627
1807	4738
2443	4954
1710	2387
2936	3243
1710	4223
2385	4126
2597	4926
3651	4580
548	4954
448	3556
5021	5241
181	4677
1338	4608
498	2293
2318	4727
1447	5114
2816	4243
4046	4663
516	2889
1555	4332
96	1447
2147	5132
662	4608
231	4861
297	2673
1759	2296
3669	3998
2020	3184
3720	3889
479	4229
96	1455
2673	3747
2368	2812
120	1959
883	940
155	2285
144	2749
1058	4391
2263	2510
120	1232
2069	2663
202	4229
2749	3560
3834	3856
230	587
1710	3674
4526	5062
883	2158
1381	5020
1212	3213
997	3156
2482	3807
96	4212
393	946
3935	4229
1990	5135
1307	3803
901	5184
233	2560
796	1710
796	1447
2972	3171
2194	2855
3068	5161
3699	4663
2540	4576
1293	3257
3313	3602
2318	2936
4873	5241
881	2258
1673	1927
1465	4229
743	3599
695	4841
1644	4264
589	2680
1779	3334
2154	3154
1710	2537
138	1396
410	1773
1080	1427
1779	4306
3835	4327
1206	3802
72	4026
1448	4738
2937	4663
120	3515
3426	4768
601	699
235	3366
92	4222
1710	4193
225	1555
1450	4383
235	5020
191	196
1710	3475
3426	5215
120	1129
91	1636
3149	4094
776	4332
3657	5244
2147	5134
766	2989
590	693
667	5160
2211	4688
70	1710
2165	3993
231	3628
2554	2724
70	2069
188	1710
2680	5112
2432	2537
1695	2902
3475	3485
1859	4663
1708	2117
1303	1907
103	3762
171	2160
291	4608
2258	4152
1497	2967
4229	4492
92	4276
2158	4197
72	901
901	2279
1465	5035
1208	1650
3023	4649
367	2509
3212	3778
2380	4315
1710	4196
1080	2725
1473	2408
997	1555
438	3160
4116	4271
1447	2348
798	2756
1080	5069
120	1312
120	3015
788	2064
1710	4132
982	3966
335	2928
3070	4229
120	4172
2189	2743
901	934
858	5215
1119	4240
1710	4053
3307	3548
1273	2775
2005	4591
935	1710
1280	1710
424	4483
4315	5215
667	2806
756	997
4744	4963
2712	4351
3331	4883
1208	1695
2581	4841
2663	4030
1807	3062
669	4738
1307	2641
3498	4582
1710	2031
1990	2348
235	1103
884	4148
1710	1864
1189	4391
1555	2158
1353	2263
1111	4725
2025	2861
1710	3133
4184	4558
51	4290
1181	1785
260	954
1431	1710
1710	3526
2542	4993
905	1555
1612	4347
2123	2612
1900	3556
2615	4967
1527	2070
4229	4918
977	2749
1708	4276
1947	3976
841	3023
1710	2515
92	1901
1111	5177
946	5173
2348	4229
3755	4963
247	1555
600	2854
3123	4591
1022	2499
120	640
4229	4580
1507	2351
981	2936
2258	4023
2157	5254
2117	3358
803	2217
1995	3785
508	3577
120	4089
1561	3998
1900	2443
2106	5094
1082	2258
1527	3848
716	3498
1493	2965
2545	3825
2258	3417
1555	3515
72	2367
275	3512
4466	5116
4025	4586
1710	3287
1169	1710
1710	3512
2253	3979
1408	5021
1561	2393
1710	2717
1080	3760
2285	5242
909	2382
3643	3759
2358	4796
2070	5021
667	921
2031	4727
2720	2993
4332	4841
1710	4673
2585	4935
463	4229
1757	4439
1759	2482
461	4148
875	2158
461	5151
347	3442
784	1710
1710	2367
338	3745
1603	1756
2344	4229
1348	4839
1710	5227
120	4884
120	784
92	3038
1087	1636
1430	3463
602	883
2797	4853
2289	2870
120	5171
406	4086
3123	5132
498	2537
2510	4476
3792	5078
305	1710
118	3224
1430	5021
779	1741
3401	4094
22	1901
929	4222
1127	3931
350	1799
4483	5103
3407	3458
2999	3478
120	275
1710	2056
928	1519
144	3028
589	2709
1151	2529
2158	2554
2380	5242
1985	2559
120	1993
1710	4149
3643	5033
1710	4414
4229	4540
662	2899
72	2258
2356	4089
4076	4229
543	3219
120	581
114	231
1137	5062
940	3498
120	996
92	2540
2495	4149
2954	4864
4347	4954
2749	4926
2629	4864
153	2211
55	1709
1710	4462
1587	1809
120	2743
3643	5056
2344	3761
3993	5052
1457	3413
1710	2770
120	2184
1710	3407
4317	4734
901	2472
2382	3698
4031	4960
159	4591
3993	4608
1555	5227
2158	3720
1408	2451
2304	5196
2999	3702
2749	3192
2680	2709
761	3628
1080	3243
1710	4886
484	601
2789	3762
589	2263
3068	3366
1427	1555
1708	4954
22	3872
17	2756
3039	4199
1710	4240
2554	4229
1985	4864
939	5062
110	2380
1331	3504
4229	4444
4981	5254
1710	3678
2553	2749
92	946
120	3004
788	4828
1710	2378
1710	3170
1524	2964
18	2108
120	2800
2870	3720
2211	3379
96	299
910	4853
4306	4970
1900	4954
1205	2510
1901	5184
2158	4803
3478	4473
485	1273
2720	4651
289	5021
2749	4343
1708	2855
3475	4253
4229	5053
290	554
2185	2775
3556	4608
3516	4413
1080	1338
4734	5208
1710	1863
3331	3411
453	3835
1058	4529
1947	3669
1431	1553
2875	4864
4202	4864
4030	4031
212	2749
2130	3651
939	4493
277	1455
905	2158
2500	2581
2217	3485
1299	1710
1759	1995
564	4343
1455	3745
2165	2720
1070	1080
669	1524
1944	5215
43	3366
90	1710
401	2417
1736	4407
1223	4582
3404	4608
1710	4470
303	1710
154	1896
2560	3548
1710	3998
75	3410
1786	2356
247	5135
2673	4558
914	1080
561	1555
3931	4778
4167	4229
3153	4383
1741	3621
2743	4555
2380	4852
955	1710
967	1710
2344	3699
429	1710
2549	4422
654	3834
2749	3411
3740	4978
260	1524
120	3433
72	3554
1447	3907
881	5021
3907	4028
1757	2949
92	1272
2368	4099
3998	5177
4229	4333
2999	5035
1217	4654
587	4685
4041	4311
883	2615
543	4616
120	5069
981	2537
1612	3543
4087	4151
1710	5083
1561	3907
277	2761
3154	3915
3888	3922
165	4864
1955	2855
797	1710
425	711
3621	4466
154	2806
2258	1447
1137	939
4529	1206
2641	508
3661	1710
4864	3713
3307	1206
3331	936
3762	464
4573	154
5208	3819
4343	2953
4807	1519
4496	1137
3638	371
3812	599
1602	1555
4483	2158
2439	1683
1741	1163
4371	1710
1331	548
2279	2037
1710	786
4849	154
2303	1741
1446	1435
4031	844
4891	4347
4696	1710
5112	3156
3376	2509
3998	1555
3598	1920
1736	1164
3815	549
4868	844
4469	2393
3160	228
5114	1493
5241	5033
2665	882
4338	3699
758	96
4521	1741
3699	3627
4276	154
2519	1907
3987	3279
4868	363
1807	1448
5215	1493
3401	1561
3016	2211
4229	434
3643	2316
3017	120
3815	3544
2904	759
4127	907
4311	3714
1623	662
1553	159
3240	1148
3174	602
2934	1608
4616	1348
600	356
543	70
2608	1705
858	290
3262	2025
2565	2545
4046	1111
2749	1013
4229	1504
3174	448
3554	369
5020	3782
590	290
4507	4225
2637	2160
2251	931
2797	1070
3680	1087
4899	2253
3830	1710
4569	695
5021	1566
4663	2250
1876	755
5175	3052
2211	711
5241	3368
3426	231
3243	1338
3025	1710
5247	1710
5215	4899
3376	2717
3219	1710
4483	566
3628	651
3807	600
3931	2481
4054	154
3627	3023
2422	928
5130	903
4229	3556
4810	2940
1995	1427
5050	4057
3602	1873
3564	1226
5188	1608
3458	1877
5237	1532
4229	2186
4963	4028
760	92
4057	3509
3038	281
4275	3368
4275	1572
3556	3174
3674	270
5190	2289
4307	1710
5063	2147
2612	589
4483	360
4087	1710
4031	1189
3708	3392
4306	2934
1786	501
4127	1710
2767	2673
755	599
2851	446
4276	1786
3988	1757
4347	2639
2850	883
2350	120
4229	3406
4229	3558
4116	3652
3477	96
3755	1416
3472	1710
1555	232
4864	4608
1636	120
2348	2172
4030	191
3165	845
1955	1408
5208	2358
1892	917
2540	330
3240	1137
4229	501
3307	2673
3713	3029
3184	2554
3109	479
4767	1427
1946	1014
2439	2117
1710	1455
1710	1080
1870	1447
4356	1710
4229	2628
5020	2901
3976	1024
5132	4030
1425	942
5010	3710
4540	1918
2999	2311
2070	1741
1669	788
766	155
4229	600
3965	440
599	277
4229	2498
5126	1710
1920	1710
4686	566
3294	1170
590	356
4053	191
2927	2258
4537	3213
2549	693
4530	120
4217	1759
1710	347
5046	4046
4184	602
4864	1787
3261	2358
2040	1759
5021	374
4412	120
2639	2258
2030	453
5254	213
3404	1710
2341	120
4118	312
3277	1710
3467	1448
3417	1206
2947	1847
2404	7
3358	2357
3510	29
4130	561
120	81
4529	7
4229	121
2999	871
1568	1493
2377	1669
2318	1776
4447	699
4784	2158
4899	2975
3358	2408
5021	4174
2749	664
3210	2561
3068	960
4030	928
4899	2352
1555	371
4086	461
2263	1933
4963	3410
1455	479
543	120
2408	1164
1170	1127
5234	1293
3897	1710
2070	766
2797	599
2420	1555
960	669
4864	582
2520	448
4864	3694
2769	1938
3404	350
2612	1033
4229	144
5227	2158
2318	1447
3694	2559
5184	3636
3627	2698
5020	2348
4212	2743
4130	2423
4429	1656
1357	91
5188	2166
2194	845
2529	1438
3614	1650
2922	1652
3651	3540
3572	3165
4155	1710
2261	1710
4809	3548
4663	2870
4864	1076
1586	1273
3313	2901
3856	549
3344	1215
3411	2325
4989	4229
5103	2258
4864	2347
5242	761
2217	1918
2194	602
5114	96
4815	1002
2742	281
4383	3846
3017	2435
2720	2529
3993	154
2263	764
4070	3554
4767	70
3156	511
4229	2073
4229	2854
3509	1655
602	92
4864	1441
3183	1741
735	691
3907	448
4561	120
1608	1087
3192	1656
1952	1710
4054	2318
5020	4800
4385	1348
2902	2709
5074	1555
2515	2158
2194	1448
2633	120
3068	2384
2393	1602
3160	1656
1889	1356
4841	1362
4429	120
2211	604
4028	2356
4483	2368
3762	3214
4229	3488
1555	883
2263	586
4608	3074
464	75
4608	1995
4437	4229
1208	882
4192	1511
3074	192
3803	1047
2749	231
1612	1188
4902	881
3294	120
5234	4911
5157	2258
3177	2158
3404	1376
3910	180
1455	635
3213	1710
4864	2789
4873	3887
582	564
3150	2040
356	92
1900	845
4864	1170
4347	1293
3556	3331
4608	997
3843	2352
4651	1710
3888	15
5020	4371
5050	2870
2961	2103
3782	2749
4663	2357
120	84
4271	1555
4148	600
5013	3922
1710	876
1710	502
1473	615
3167	1170
2154	872
3855	1432
3426	1889
3153	1708
5215	459
3509	1798
1821	881
3381	1710
2673	2368
4447	4202
1740	499
3472	2961
4820	1505
3755	3109
4347	291
5020	4719
4577	1656
2076	263
1448	871
1807	120
4864	3856
4703	1710
3213	2763
2147	2040
3167	2993
2417	620
3519	1710
5103	4864
1307	291
488	120
4725	4229
2420	1612
3475	1087
2211	380
4921	3761
1127	946
4118	2458
4225	803
4184	2855
2087	2064
4274	2565
3025	1655
4139	96
5122	120
4972	17
1710	271
4864	2983
3132	2207
3257	2615
5021	120
2318	1348
4331	3215
2632	1447
2130	1710
4030	1170
4192	4057
4072	393
4127	3762
2554	1995
4210	2186
1708	501
3896	2720
3501	693
4210	4026
4464	7
4229	3279
2318	2311
3792	1408
2500	2318
3010	1290
4231	1206
4356	1130
3397	202
3896	3834
516	52
3153	290
1995	82
921	399
4352	1188
4021	1710
5198	120
1721	1566
4497	4116
4598	2211
869	489
4240	1493
4229	2293
4845	561
1431	759
2897	1710
5026	1473
4483	2113
2993	1356
4089	3946
4347	3411
4493	1055
561	96
3326	2380
3579	1359
4327	3195
5021	328
2934	297
867	92
2615	2500
4879	4127
5062	1710
4332	2854
1955	537
4412	2186
3598	2420
5026	2048
776	516
3815	1359
1455	1055
1555	448
3917	1555
4170	3372
1497	118
3627	662
4614	3362
1047	566
1655	543
5244	1465
4807	976
3039	1965
2553	766
4878	2356
3780	2641
3725	1710
2583	233
3175	683
1656	1568
2695	1710
4343	516
4864	1572
1757	1571
5208	4229
4600	96
1965	1455
3004	14
1087	946
1710	840
2804	1619
2925	1206
3615	1710
4229	2632
4803	1636
5010	1555
2392	2158
2940	1430
4529	3025
2830	1710
3240	939
2806	171
4796	1710
3835	1455
1710	1336
2258	258
3540	2889
942	305
3307	2273
3617	1710
931	759
4054	2258
3481	2085
2864	1447
2850	1918
3485	2731
3411	1866
2108	1206
3300	2258
3327	1710
4275	3404
2612	2352
4941	4864
4997	3114
1918	1455
3099	1614
3762	1416
3888	3213
5234	3040
4608	881
1873	1710
4119	2897
2380	587
3888	1952
4868	1014
3912	2085
4397	4212
3734	1026
4530	3200
3602	508
4811	1087
3922	3526
3557	2981
4608	2897
3512	1070
3462	3457
5215	1062
1435	1002
4044	564
5229	4229
5255	1710
2867	1710
2946	181
3419	1080
3598	2510
378	120
3813	2934
1555	723
2897	1555
2855	1331
3243	1465
5069	4879
5227	4243
2850	871
2438	600
1070	275
5177	2158
5062	199
1127	4
2698	1710
1710	1425
2982	1710
3061	202
4212	864
3282	1809
3807	2087
5050	92
2956	120
2258	231
4372	1562
4877	91
2802	1710
4383	3772
2749	1726
3143	120
1907	578
3785	491
1834	1710
3174	875
2258	261
3944	1710
4864	3004
2953	1219
411	290
2040	1779
2258	1361
3114	1127
3719	2756
2158	1532
3900	1710
2318	196
4864	2901
907	70
3466	1208
3267	2579
4275	2901
1710	1553
4438	1680
4954	845
3165	1331
5021	138
2318	1555
3598	1652
2087	280
2850	196
2554	1555
2799	2529
4654	946
1710	227
4781	120
4213	2318
4778	1710
2285	1465
2604	1710
4864	4307
1230	7
1376	28
3798	2158
4054	1944
3477	600
1553	1127
4954	1448
1836	1786
3059	277
4030	714
4849	328
693	424
3621	1907
1933	1873
1555	1455
2408	561
5215	994
1405	70
4608	498
2038	1710
4229	1765
5021	3713
4025	1705
4864	3275
2663	1542
2318	1446
2189	7
5172	3022
1710	1428
5076	2344
4130	907
4229	1037
5028	1710
5172	3998
4558	4540
393	196
1461	191
4596	1483
4608	4054
2408	1127
2408	235
2266	1710
4935	192
5173	3382
1872	91
4776	1273
3174	154
1555	726
3813	1710
4249	3376
2608	960
5078	4184
1430	1176
5188	120
1466	191
4229	422
3638	120
5226	2500
5224	1312
4275	3621
4734	26
4271	2318
4873	2186
4057	2579
2953	2417
4264	3614
4473	154
4824	2158
4307	4229
4347	154
4759	1710
1710	1505
1995	759
4660	1721
1927	806
3543	939
4838	91
1947	1757
4084	3160
2207	429
3483	1710
2443	1555
3009	1710
1104	716
4088	1889
3411	1530
2581	1710
1341	921
4127	3999
4139	1710
4864	332
4663	3807
5249	2523
5025	3926
4839	120
1710	782
4391	909
5050	4540
5020	1568
3888	3526
4031	191
5050	695
4960	4383
4734	120
883	548
3827	2069
4803	3856
4343	382
3004	1170
4130	3177
3387	1710
4894	3778
5021	3907
2482	878
4384	609
1161	601
4030	91
1945	1710
3790	3044
4766	4041
1710	1115
2498	2266
4265	2805
2020	1334
3507	1710
5050	3516
1493	1484
3856	766
3192	537
1710	856
3411	3267
1493	176
3807	2147
4036	1710
5160	5062
3856	1907
4696	120
2912	1907
4109	599
4573	671
1259	120
4864	2529
2158	907
5224	4838
4361	662
2632	1710
5177	3636
5132	1667
4591	7
4718	897
1841	120
2633	881
4537	815
4864	3214
3167	2720
2983	2756
2810	1952
2398	1710
3792	3381
4608	2158
479	92
4514	96
3762	3720
3462	3177
1239	120
3404	2158
4864	2237
581	347
4608	3326
4967	51
4412	2348
3556	3463
4558	1918
4974	2637
3677	743
3358	277
4041	1710
4540	1481
4232	3564
766	212
4347	1872
4529	590
4397	2720
2211	858
1710	1297
2905	1390
4407	1026
2720	2285
3770	120
3910	1710
4576	3404
4075	33
4483	1293
1643	770
1555	154
4582	4567
4131	1555
4044	3472
4372	91
5241	3598
1756	22
3041	1710
4767	578
1889	872
1935	940
4276	760
4385	353
3762	1901
4332	277
2598	1710
4229	2714
3404	380
4849	2904
3543	22
4332	4130
2113	1555
2537	699
816	290
4124	1821
1127	966
4608	1415
1505	1334
4766	788
3979	3176
3395	267
1330	688
2547	1710
2870	2393
4895	3550
4558	940
5227	4703
3410	235
1568	120
3184	2012
4663	1602
4282	1710
2989	2008
946	380
4540	3382
1080	424
5229	2749
5050	2579
3213	662
2579	1107
2694	2263
3815	199
461	422
2367	1566
2113	1561
2393	1555
2632	120
4229	1710
3279	1710
2382	1479
2965	2641
2544	57
1507	7
3710	1176
4469	2769
5177	1338
2408	276
3376	2666
1811	1710
4616	1710
2164	776
5021	1555
2775	587
2318	2308
4972	695
2804	1710
4582	4086
4347	498
3498	1710
4838	1127
4366	1710
276	120
3688	980
827	228
2817	275
4864	1026
3404	2289
4280	70
1555	335
4127	2458
4985	7
3213	1505
3998	1602
4229	3852
4630	393
4176	258
2040	516
1403	120
5230	399
3237	1302
4540	3863
4824	196
3165	3109
3188	120
2836	1710
2408	711
4497	2720
1710	1315
2285	1447
4864	3848
2236	1710
4864	324
5215	2408
2158	2031
1034	934
960	22
4184	3769
1710	219
4515	120
5177	1561
4229	3240
2757	260
3907	600
4977	2907
1354	96
5215	3358
4275	374
4081	3477
5215	154
2258	1519
513	461
5062	2056
4732	4229
4025	120
3564	1710
4591	2545
4317	1710
1408	960
5047	4785
5242	1356
2967	1710
4385	1505
4727	600
2094	136
2031	1338
4970	960
3965	2263
4727	4725
2889	2416
4372	92
4632	4311
4217	2756
5018	4864
2211	301
4867	4229
1759	1493
4060	2967
3687	882
4663	3740
4734	816
3698	2559
4997	1170
4237	1773
3129	1348
1643	1055
3745	1555
4586	2895
4332	848
3167	1889
4878	1511
4275	761
2749	2420
2490	326
1759	7
4627	2211
4327	1519
5135	5132
4631	1710
5069	901
3669	1338
5188	1705
3510	2756
5164	2348
1447	1170
4327	1710
3331	1212
4608	1455
3910	1127
1151	260
1900	171
3988	3907
2327	1555
3678	1655
4229	3074
1680	876
3074	2158
5021	1700
3910	1555
997	609
4841	1448
960	7
2285	601
1429	129
4864	4317
3627	3156
2806	1900
1555	1116
3160	1873
2720	905
4784	2154
3205	1447
4229	2665
4009	120
3848	271
1798	92
4841	3331
4127	3306
3834	3819
3710	2393
5076	2612
5021	72
4076	3289
4732	2604
2451	1705
3255	1843
2852	1710
5020	2700
1338	949
4275	4028
1741	1206
2732	1429
1479	1354
4738	1700
2509	1368
2984	120
4864	459
3184	1710
2709	1572
1447	1094
3243	1555
5222	1455
4529	940
4149	316
4966	218
4963	582
1710	573
3907	564
5021	3146
1053	93
3376	1555
600	561
1555	459
1710	885
3915	70
5021	4891
3093	1726
2964	91
4195	1206
981	905
4879	1759
2600	33
2832	2524
3177	1710
2020	48
2325	120
2712	1710
2720	1034
4582	3976
5116	4843
2694	213
4199	1055
2557	1555
4193	3714
5043	1710
1924	1710
2902	2698
3651	3160
5021	2311
5253	120
5160	3306
4483	801
4803	1076
1381	72
2848	1895
1650	79
5196	120
5021	2303
5208	1700
4852	3294
4754	1785
2285	114
4216	1571
2356	1710
1481	939
4275	2107
3778	2787
5061	2633
2514	1219
1127	931
4285	2451
2417	1907
2258	17
2983	2423
564	75
4608	600
3240	2211
1710	1188
4229	154
3044	2069
2999	2806
4347	2628
4841	1710
1359	695
3976	120
5103	590
1555	234
3498	1412
3212	1215
5050	3267
1947	332
4852	1741
176	120
4315	615
5229	2012
2250	1710
4926	882
2030	110
4986	1807
4796	2318
3485	1553
4864	921
4526	33
1170	331
4802	1710
2258	2030
960	489
5025	3045
3219	876
2933	1348
4702	1985
2408	516
3129	1710
2235	927
4229	1843
2397	1710
2673	453
2900	1710
2779	1555
2387	1334
3148	1624
5237	4820
1710	1107
3109	2311
2583	2387
4438	1527
2612	339
3710	1755
1193	1127
3174	1555
5242	120
3136	1104
2797	1507
2311	92
2231	1741
1247	788
3863	338
4229	4192
3160	19
4954	225
4864	1759
2587	120
5049	1710
2756	1561
4940	2312
4935	1710
2377	120
1555	1368
5171	5035
2263	478
1455	816
3109	871
5184	1918
4736	3758
4184	2258
862	120
3526	1532
4249	22
889	400
4582	4229
4229	330
4734	871
2520	144
5035	2964
246	120
1293	277
3988	2783
4864	3582
3405	1710
2158	1397
1053	225
2529	1034
4282	2258
4350	4124
3843	3627
448	154
4529	3376
4237	1785
4229	3643
2211	1526
4229	1900
3478	3109
2637	1757
4840	3451
3237	1710
4266	1710
1206	960
1429	759
3478	1455
5222	2408
3177	1507
4873	581
4229	1918
2418	1206
3411	1710
1362	708
5014	1710
2861	1868
4841	1705
3708	1710
4967	4555
1710	756
3643	2239
3257	883
2934	934
2211	598
928	277
4285	3039
4229	1169
3999	281
4796	4222
4497	1362
1947	1614
5215	4778
4878	2211
4954	4849
4127	2789
3326	2158
4473	3764
2329	1710
4654	1710
4003	2380
3651	1483
2304	120
2850	875
380	120
3358	2358
4290	1710
2408	277
1225	52
1710	377
2351	1127
4997	1127
4504	120
3627	615
4079	1700
782	120
330	29
848	600
3998	2393
3240	1741
4784	3988
138	120
756	196
2211	1656
5188	1755
1555	1376
4879	1710
5025	2404
2158	778
4899	4879
4229	4072
2367	1870
4514	120
2965	1907
4733	540
5035	4124
2327	1461
3167	231
3887	1710
4347	1538
3720	1293
4579	120
3482	1710
4347	1901
5025	620
5199	1511
3016	1757
4873	4210
1667	934
4738	1918
5018	2542
4053	120
4116	1918
4275	572
1233	120
4363	196
4343	2211
5047	1785
1710	912
5164	2632
4540	3261
3627	1741
5165	3931
4627	453
4028	235
5021	4063
1720	461
4229	1420
5078	4849
1918	26
4926	4803
4229	2681
5069	1290
2806	1710
3698	683
5188	2673
3792	393
1892	120
5249	1461
5196	3124
3863	3745
4576	1603
1889	220
1710	32
3114	33
1935	982
5078	4630
3710	3643
1710	1228
4742	609
3681	120
5222	5021
2641	1273
882	82
2951	1710
5046	3798
3749	120
2797	578
2875	18
2870	2158
3035	508
4864	1035
4563	120
4891	1555
4229	3484
1710	1149
4891	4608
5224	2244
1708	871
3807	3740
2318	1303
3174	2443
4070	1901
4070	2211
2095	1710
3702	1555
4229	4149
4311	2740
4864	277
4803	2981
3543	1710
4112	425
2993	601
3099	1710
2217	1331
2891	958
2830	2529
159	120
5033	4608
2318	1710
4383	1710
5103	191
3167	3114
5020	2344
3375	2673
2367	1519
2749	2279
5230	4940
3638	1571
4954	4608
3821	120
4229	3015
2981	1479
4734	1170
5208	3174
3366	96
4054	693
3451	3303
2544	1553
4229	1896
4566	2795
4799	3219
2327	305
1708	93
4216	1710
322	120
928	120
3843	3510
5215	2519
5241	2540
2546	72
3444	651
2904	2420
2769	1111
4663	516
3237	2804
3114	761
5072	4276
3843	2902
5188	2279
4663	994
4229	57
1710	1076
960	615
3543	371
2311	1555
1612	1555
2725	291
598	120
4210	347
4237	2505
2318	2293
4725	1710
4116	1612
5172	949
5134	2523
2385	114
1756	120
3213	3015
3708	764
4511	1700
1655	260
5215	2293
4030	2903
3572	1455
516	79
1208	1153
4864	2211
2520	1170
2358	1710
1743	1165
3713	235
5076	589
3372	48
4671	114
3892	2742
4315	1710
2993	33
5222	4734
4824	3773
3907	2404
4031	70
2211	120
3396	511
4463	2620
3557	1493
1868	835
4608	2585
399	347
3988	767
4807	586
3815	3628
1710	491
498	70
2581	120
4663	3378
3204	3167
1710	604
4496	982
5137	2158
3297	1710
3572	92
3566	91
3554	1455
3334	2235
2641	1873
2936	960
4229	3478
4608	225
4347	1435
3088	1710
2087	96
4407	1892
3621	2211
3807	3477
1710	924
1930	1710
1135	7
3413	815
1710	1345
3772	1710
4951	2207
5222	120
4229	1655
1465	1435
4483	1082
3548	2416
4529	22
2542	1307
4015	1710
4438	4094
4109	2258
3410	1656
3651	52
2709	92
2356	1708
3313	508
3785	2999
4130	1895
3896	1757
3773	3038
1976	120
1710	1185
3038	578
4347	446
3627	2697
3471	2106
3669	2515
5021	2788
4229	1448
4878	2158
5135	669
4026	1772
1708	1331
1710	1636
4464	1710
5013	1710
4225	1146
2293	960
2904	2544
2956	1995
2258	1553
4347	620
2285	1493
5237	1710
4447	1016
3038	96
4785	3888
4967	1708
5056	1907
2158	881
4072	380
4604	120
3085	406
3556	767
4229	3301
2982	2673
4627	578
4849	4276
1493	1447
4466	17
4217	2482
4877	4496
4864	3282
1764	297
5234	3212
1710	1674
3922	1076
1710	91
3896	2483
3632	120
1193	287
2235	96
2217	1708
4306	1907
1555	1505
3397	1206
3210	946
2749	1652
3472	456
1907	592
5242	2215
5175	3627
3275	864
1700	305
2280	1710
4199	1864
4970	2781
5018	3498
297	231
1710	1186
695	197
5160	4229
3834	3498
350	28
2673	410
3039	1455
4116	3475
4970	4188
3023	1710
4075	3458
2756	2221
5199	4371
5215	2273
3366	2529
2157	213
4595	1345
3761	600
4529	2318
5217	269
4734	3404
3255	2587
1779	1555
5161	4616
4347	2850
2363	1555
1026	1007
845	602
4466	1721
3825	1429
3004	684
2632	1170
1907	1047
2380	1429
3516	379
3628	2285
3382	1710
2988	1710
4841	328
1710	421
5199	4229
3167	1435
3856	2207
2749	1233
2371	120
2540	815
1710	976
4849	845
1741	939
3856	1656
4873	22
2870	1189
4356	3396
2273	2012
2633	1460
4275	3598
4583	2095
572	96
2612	2510
4072	3792
4075	489
4864	755
4963	871
2466	1710
4272	1773
5229	1710
1493	1455
3669	1506
755	96
4663	1094
4767	3038
2594	1208
2768	1710
1408	537
3761	1353
1273	82
1872	154
2505	878
4280	543
3289	2318
4608	260
4686	2749
2254	1447
2749	2633
363	120
2781	2358
5048	2797
1870	502
1710	1450
5227	3548
1708	33
5021	3887
1705	1608
1555	17
4975	1507
3720	2318
3710	2355
2529	1555
4385	1687
3766	1877
1710	212
4579	3510
2515	1555
3207	420
4727	3998
4785	3803
3458	776
4877	1137
4384	2568
4986	1710
4163	461
3843	3761
4935	3643
5208	1206
4229	2064
3677	290
2355	120
3785	1901
4372	1710
2805	1710
448	199
4202	2458
3643	1710
2318	2113
4849	96
3521	1710
5215	1901
5020	4604
543	114
3710	994
4127	1555
2554	2048
4438	55
2351	92
2515	1506
5072	120
1016	275
1710	1532
4861	1710
2717	2356
2207	149
4057	1710
2956	1373
4902	1901
2276	1710
2953	255
589	213
1189	191
4158	3907
2509	363
2417	75
4744	2451
2923	92
3548	931
4383	3856
2244	1312
2999	171
4041	1610
1710	261
2482	1483
4967	1331
5241	2420
976	120
1789	1447
2779	2069
5215	1047
3467	2194
2113	1602
3063	2422
4229	3312
2076	609
2537	743
3867	191
2902	2236
2890	806
5171	2961
4229	1185
4703	960
4663	2211
4347	91
3556	1708
4894	1710
1779	927
5177	2393
3710	590
3652	2443
4229	4202
1852	1297
4275	3807
4622	1656
4202	788
2797	924
5172	844
2644	1435
3896	231
2934	1843
871	701
2244	1127
2640	33
2096	1710
4864	1395
3993	2358
5160	982
144	7
2989	2207
4582	290
4879	2983
2352	1710
5062	2186
1290	70
3821	22
2211	1519
1455	1170
1809	897
4567	1505
3867	2285
3803	196
4828	1527
3071	2318
5067	1137
4028	2983
4663	3769
3993	1901
4627	1302
2528	2400
4195	1710
1710	378
4745	4702
2158	499
4864	219
1087	70
4462	1555
448	225
3477	2408
4385	615
1034	72
2663	91
4634	2565
4076	277
2258	695
5067	4496
1710	513
3475	883
4664	4347
4275	35
3699	2902
3931	1889
2211	2020
5021	2899
2902	589
2510	170
5103	4372
4967	1447
3478	1900
5184	599
1710	1111
3331	1785
1708	845
5157	5021
2358	602
2158	211
2923	91
2709	1652
5053	1710
3602	2889
4046	2560
4873	3745
1907	72
1312	191
4608	1416
3680	931
1447	188
4655	1710
3015	15
2443	875
4864	4184
1710	235
4385	1952
4703	1985
2404	711
5052	120
2384	17
2594	2510
2559	2303
4734	1206
2318	1420
3730	1710
4967	601
1741	1107
4600	3720
3398	2147
1710	361
2949	1710
3475	2544
3404	3255
2258	1261
4899	1710
5072	2158
4050	1127
3009	2981
1955	708
4646	2207
3368	1710
1710	1460
3444	2380
3757	1710
3652	2850
5112	3466
2773	2258
2117	448
2611	120
5094	590
2579	92
2608	1710
3998	2113
3167	2851
4229	818
4651	4229
3483	881
3998	332
4891	4229
3336	3255
2510	1710
5021	4639
1380	118
468	136
4654	120
4784	2756
1889	231
4738	3165
835	743
1710	1215
3821	57
2602	1870
3548	2154
3892	2340
4212	1127
2458	1710
3294	714
1656	235
4864	2357
5134	1334
3735	1555
3846	1553
4677	3478
2158	1901
3725	3368
997	120
2545	1553
1555	260
5172	2113
4229	2956
4101	2953
2806	1080
3825	759
2554	2540
1080	350
4315	776
3170	2936
3367	1153
5021	1507
1663	120
3148	2458
2787	1710
3903	3602
4229	867
3698	2304
1726	277
4110	1741
4383	1461
2258	96
4229	1930
4611	4130
3153	1859
3025	949
3306	871
4343	881
4081	2279
4143	1710
5184	4275
3167	1556
3815	1040
4810	72
2673	1082
2090	862
4803	3627
2348	2186
310	231
3931	280
4807	72
5021	711
2318	1614
1710	599
867	7
4130	2519
2412	1614
1710	1208
5241	1555
4311	601
5035	1900
4493	2348
4491	1907
4253	3485
4982	120
4473	1170
4212	3160
4993	3548
2123	1710
3617	587
4507	3485
3636	3557
4229	3411
1710	954
5048	3411
2561	1710
167	70
1710	277
4347	22
4285	966
2904	2545
3772	277
5210	1555
3843	3160
2510	2500
4315	1338
4188	1710
2615	548
4280	1428
4966	2641
4118	1104
3410	3088
4853	587
5074	2158
4634	547
4591	1087
2207	75
120	29
981	7
3160	2889
3167	2806
5215	3628
2404	235
4124	1872
4537	1710
1917	160
1710	640
5132	91
4526	556
4853	1927
1708	1127
4315	2087
3160	822
3599	1153
5208	3815
982	939
4527	4031
2358	2194
1985	1655
5018	4963
3771	2080
2680	434
1532	400
4229	2901
3177	2318
3734	1892
4130	96
2327	1710
2632	1990
3463	946
3059	798
1710	946
4576	3993
3762	1538
3764	2327
5164	909
4229	3334
3467	1331
4212	202
5215	601
3819	2435
1907	75
1034	698
2709	1234
2852	2385
5164	2266
4276	393
4351	3843
554	371
5021	3668
4229	2890
1710	1293
1710	698
4275	2927
3710	1104
4803	976
2515	129
1493	1338
4506	120
3543	7
1759	280
4664	1710
4347	2540
1710	191
4734	75
2423	716
3892	2852
3740	885
1555	803
2289	1002
4931	1710
4727	196
4285	1127
4429	2258
4213	291
2904	1196
1612	120
1354	881
2875	2158
4229	1519
4114	120
3213	353
1656	305
4954	3404
5048	1016
3755	3572
2076	1710
3768	3028
2806	803
4941	2843
4840	1710
2964	1170
3025	2258
3501	1789
1710	674
3378	3160
4841	3785
3213	777
2993	2929
1656	592
5196	43
1710	367
2458	277
4864	4137
1889	761
3154	1189
2936	2579
3802	160
3627	1695
2358	1331
4026	2048
5175	1519
2258	1055
2749	2047
1511	181
3773	91
1710	422
2416	120
3512	1016
3815	726
2547	1188
1338	755
2545	1431
4758	120
3289	1163
4232	1226
2749	509
331	120
4527	191
3358	2964
3871	2020
1033	764
1710	501
4604	2749
1104	122
2251	7
4967	883
4229	1196
1710	192
5202	3463
4456	3109
4089	1080
3522	235
5234	4841
4311	2993
643	120
4345	2387
2993	231
5161	618
1776	1555
4347	2806
3917	2318
4276	448
1435	120
203	118
1966	220
3307	3167
5020	1656
3761	2612
5021	2722
2672	2299
1033	213
2903	154
4841	3846
2515	1614
3288	882
3896	3557
2925	1710
3324	1710
4868	154
2993	760
3907	3812
2850	1331
2020	1555
4306	766
4275	2416
2318	881
2048	1710
1710	704
3764	120
1160	120
4963	578
3807	335
4046	3557
2640	693
4963	1053
1748	1479
2720	114
2673	1351
1555	491
3790	110
3114	2993
2928	2641
3260	1532
3156	3148
2258	499
2936	600
3844	1315
5176	1055
3052	1710
5160	399
4646	1527
5164	844
4873	3068
2529	1636
4217	4081
1338	803
2734	2258
3237	120
1555	1230
4530	2749
2993	2215
2975	1710
3379	1356
5116	4784
3759	2189
4989	3088
3931	1754
3410	1455
1900	615
4736	2318
4663	2854
3755	1455
2034	1710
2855	305
3733	2389
3344	3212
2566	1720
909	693
4777	4663
2285	33
4911	3740
4385	3772
1663	91
4332	120
4210	1206
3331	371
3210	92
916	324
3071	1710
4864	726
1705	70
3324	120
4217	2147
2816	2020
4030	699
4778	3827
4872	2211
4970	2105
4787	4088
4124	2855
3222	1710
2851	1710
5217	5063
3004	2117
4591	3485
92	91
5175	4529
3331	2672
4838	4031
1710	788
3525	1710
4608	1602
3652	3174
3795	120
3643	3431
1710	684
2258	2103
3986	2211
2211	258
3057	2066
2285	872
4878	2318
3204	1754
4627	2934
5242	3426
4884	1710
2344	2123
1359	72
283	120
3834	2047
3210	1708
4616	544
4945	1710
4031	1719
1710	549
4371	2352
4479	1785
3240	1757
2749	2628
2875	1710
2113	981
5218	120
3467	1710
1710	1119
4864	4414
4966	683
3988	2646
4191	1026
4864	120
4160	120
4031	1493
3161	1710
5188	4864
5134	2387
4776	2665
3477	2529
2937	1710
2356	60
4429	1741
4307	2147
2318	1561
4853	309
3330	1710
2451	1555
3887	1907
3088	1721
2211	1455
4383	1555
4026	669
4972	1465
3792	93
1710	120
1293	448
2235	697
2946	2788
1710	862
2318	858
3896	564
3257	114
3988	3306
5020	2211
5103	2368
4582	4015
3361	2797
3815	1104
3714	2344
4736	1710
2260	1757
2956	600
4229	3123
2934	149
4921	4196
3815	461
4573	4124
4878	1555
4852	120
2064	120
916	882
3572	191
2742	92
4045	120
788	371
2757	2528
3062	2380
2356	181
3040	508
4124	2964
4950	3771
1127	448
3815	1507
4989	1612
2172	347
2358	191
2641	1447
5222	2749
4063	120
2304	1393
4591	960
2129	120
2387	33
4280	3892
1555	121
4864	3152
5157	120
4229	3772
3643	318
3762	869
2870	2113
4738	845
1416	91
2469	235
1080	972
4021	881
2351	1710
2709	91
4784	884
4732	2775
4412	3240
4688	96
516	120
5072	1710
4573	537
4317	2258
2435	1710
4734	1331
4031	277
3764	271
2015	1710
4497	1465
4591	1710
3841	96
3634	2505
1896	191
1710	7
4864	3846
3167	2215
2855	845
2207	1526
2934	578
1886	456
4044	2749
2751	33
3747	1710
2417	599
4225	1170
4116	171
4493	1338
2954	1555
5210	4608
3257	548
3719	3651
4663	2416
4608	2392
2779	171
4280	167
1700	602
2673	2404
4229	2897
4158	1710
3803	231
2482	2408
3207	120
1710	239
4608	350
3175	540
3993	2318
1786	1764
1755	1710
3807	1710
4852	1834
3071	230
1773	1505
2934	2105
1907	1053
3827	2570
5241	942
4970	1901
4608	3998
4855	1710
4777	1555
4385	335
1726	1710
5020	374
5210	2158
5134	5116
4702	3643
881	816
1677	120
5135	5062
4511	2435
1710	1034
1447	942
1900	1331
4537	3888
3649	2509
2660	120
4891	2273
4057	92
4383	2988
5025	3025
2438	498
3599	2641
5171	3109
4864	1586
549	393
2499	1348
1338	446
3566	92
3167	1754
2509	228
5241	3262
4744	2608
2324	1219
2965	335
714	70
2585	2318
3426	601
2318	1900
4611	1710
3464	2069
2455	1748
3289	2012
5112	4649
4677	7
2358	91
4275	1839
2641	1002
1555	636
2416	2273
4229	426
3680	1127
2889	2500
3837	1710
4864	816
940	7
3834	2418
1532	997
3998	3022
3835	946
3628	2993
2641	2352
4469	3375
2306	120
4148	2491
3940	290
2258	994
5165	4778
4997	2731
2147	2020
2207	120
3634	3598
5215	2993
4731	3740
3915	422
2147	276
3483	3261
2380	2154
2641	411
5050	3475
4796	1870
4229	7
4781	1710
2876	120
3375	290
4766	4282
3772	3687
5217	4677
2380	2356
3680	2408
4820	4800
1907	711
3237	2936
1710	301
1118	1002
4879	3062
3413	2547
5188	1348
4351	120
1901	1219
4796	92
5217	1233
1455	498
4210	555
4514	2540
377	120
3306	2020
2031	1995
1447	755
4608	1907
5160	4412
2408	2147
4725	931
4713	3556
4054	1555
2408	75
2749	912
5037	1757
2158	1612
876	543
1779	96
4718	3282
2258	1608
4864	994
1710	697
4094	3150
2020	1104
5184	5175
3213	2420
4864	1361
4331	881
1870	1381
3167	761
4237	4089
1206	982
4197	1447
1555	464
2902	330
3931	1636
4195	3643
5137	1555
4838	3289
5188	2545
2749	976
3710	897
4864	1741
4785	1952
3560	120
4935	3926
3167	2380
5086	120
3017	464
4894	4839
2528	1153
3029	2731
3957	2358
3680	92
4725	1602
1206	548
3969	1870
3782	120
1933	120
4900	1710
3988	1435
3556	231
4663	4217
1710	508
4608	360
3174	845
2131	1710
2999	1900
5184	3988
1873	916
2157	589
940	489
3802	1842
5247	2154
4026	1206
3109	803
4803	3462
2641	1785
5035	4497
5103	91
4855	1208
2864	1710
4347	3114
4972	1710
4921	2900
4101	1035
3153	75
2709	2344
3652	1710
4921	764
5062	2663
3643	144
3669	3261
3401	1273
566	22
4784	2673
3677	858
5020	4383
3478	883
5242	4311
4229	2006
1555	498
3511	1710
2720	957
4738	602
3079	234
2318	875
5215	2615
1767	1710
4439	1710
1555	1338
4031	333
1710	410
377	277
5124	120
4229	326
2258	461
2897	2293
3710	1430
3243	1907
4347	2117
4282	2006
3510	120
4184	1053
5078	2806
4229	845
1741	711
2211	587
4663	2597
3138	2147
4229	3850
977	120
4660	2367
1555	1416
4229	498
4189	2673
4343	1429
4361	760
2031	1348
5160	3993
2070	1757
2026	1922
1981	218
5074	2318
3411	2095
5175	1985
3867	328
2967	1995
3509	235
2285	7
3542	2787
4124	537
2380	2207
1110	609
3856	564
2902	339
4347	566
4469	3720
2207	96
2510	2157
3834	2927
1484	120
2600	1206
3548	3176
3628	3167
2244	1710
3720	1408
2999	393
3802	2953
871	302
4530	4275
4174	498
4766	3462
3160	79
5251	1549
1127	144
1710	1656
3790	91
3481	589
4940	1710
3761	120
2258	960
2417	905
4407	2056
4292	120
3205	1555
2743	1709
4229	3515
1447	350
3762	3177
3485	2903
2289	960
4864	1683
1700	1455
3993	3354
4864	3627
2524	1678
4197	1555
1273	683
4784	4021
5188	1427
2725	1307
4963	572
3115	1710
3912	2665
581	555
5180	2953
4136	120
4841	602
5188	1164
3404	2357
4537	1532
2785	1710
3837	2117
2924	1710
5180	2311
940	599
1127	7
1663	1137
982	766
4229	1901
4347	3896
1710	1233
5224	91
4438	3341
2749	1545
4573	93
4734	2070
2113	1348
4852	2285
1450	120
4981	43
4608	3896
4627	3976
2318	60
1002	224
2520	1985
4479	2734
4493	2358
1448	548
1809	211
3368	764
684	231
4663	1373
4479	1710
3652	171
4809	4089
4879	624
2285	1435
2285	1356
1710	332
4963	4627
1070	362
566	331
2482	1455
3657	1710
4385	3888
4993	4853
4536	277
5208	2194
4385	882
1710	972
3257	928
4327	3154
4803	4110
5226	4483
5135	4229
4921	170
3153	2423
917	595
3478	946
2279	1455
5025	297
5215	4841
897	480
1353	213
5202	3892
4573	1614
3907	2864
4229	513
4191	3734
1889	1435
5112	2123
3846	3485
2154	1877
3410	2069
4558	1455
4383	4229
2458	931
3742	1740
316	75
2258	1922
566	138
3998	2158
1614	1420
4733	1710
3710	1608
2756	1870
258	120
4248	120
3382	2186
1553	1104
4841	231
2367	1390
3361	1710
3299	120
1427	7
4954	2731
4981	3234
4941	4274
3915	3044
4841	1901
3275	2694
4202	1104
1710	1053
2318	1415
4864	3979
3598	764
4184	3087
5114	881
3404	1189
5210	2318
4021	2040
3710	1913
636	120
4028	120
4229	2797
4054	3411
3201	1710
1955	1710
4453	3411
3772	72
3401	120
5021	4497
1362	305
1710	173
4215	1555
5046	1555
592	82
2817	806
4469	4347
4646	2258
3830	468
5215	4130
2344	7
3004	642
4841	1219
3807	96
4229	4152
4307	669
3467	3257
4432	1710
2443	803
3331	815
3257	946
3234	53
4347	3652
3478	1408
3007	1710
1148	120
4577	2749
2358	2254
1484	1455
4496	3240
5247	4778
4148	197
5157	3979
3614	170
2529	1868
2031	1602
4608	1612
3146	22
2318	692
3463	91
5222	564
4041	1532
5227	4622
4229	4049
1356	155
4193	3129
2725	1889
2076	196
3720	1555
1087	778
3192	2258
4197	2318
2956	592
3710	1206
1947	537
4189	446
5021	4841
3761	2902
4021	561
2207	711
2806	726
4311	231
2266	1146
4127	946
5172	332
4229	2158
3614	2594
5230	144
4311	1754
4809	4694
4229	615
4864	4429
4275	912
2587	2408
2756	2304
4229	1944
4997	2048
4229	1955
3567	277
4614	4451
3190	1710
5151	4229
2537	2037
1710	671
4886	120
4483	1058
4660	3410
3289	2336
4229	803
4275	2070
4229	537
2069	628
3876	1710
1710	509
5215	3773
4056	120
1561	1127
1710	914
3714	1710
1153	144
1682	120
1206	897
5050	1538
4663	4566
5208	4954
3745	2633
5021	1484
2749	235
4229	854
4409	1710
4326	2540
2596	202
2194	26
4357	1016
2560	2499
2285	120
4738	4511
2633	566
2299	1210
1710	1563
2158	1561
4972	615
3657	3643
980	120
4981	582
4662	3431
3510	636
5144	2351
4491	1710
4030	1481
5244	114
4385	1212
4347	70
1870	697
2854	2749
4937	120
1447	618
2318	7
4725	881
5115	191
2258	1683
3643	1883
5048	2158
5227	180
1708	1356
4229	628
2413	120
4663	4081
4331	3424
3477	516
3896	3207
2544	2293
5112	3413
4496	1663
4841	1002
4160	96
3946	72
5116	120
3710	1455
2899	2408
5130	4439
2351	805
4290	4229
3071	1748
5196	803
4493	1612
4209	3720
4671	3740
3803	3381
3509	1007
1928	347
4997	1710
1710	426
1710	1397
5142	3167
4877	4229
4591	3825
1710	1608
4148	1359
4577	1087
4849	708
2999	2443
4864	3696
4229	4051
1555	816
5048	362
4573	3792
5025	1127
2720	1356
3275	3015
2904	159
3367	2540
3815	1373
4192	3237
4124	225
2108	1757
4456	114
3710	3485
4347	3993
4981	2724
4229	2644
4864	4028
2579	578
1104	599
3472	907
4963	3442
4004	716
4673	1741
4229	2157
1901	276
4124	1708
3354	554
5035	4849
1429	931
4852	3931
1710	1223
3907	1170
995	277
2720	1465
1757	120
4891	1710
988	120
3668	120
1821	492
4864	1566
3643	425
5254	2694
4608	1293
4558	3261
5035	537
4456	1710
3472	1779
966	277
4072	1348
2923	601
4954	1338
4184	4046
4229	4137
4265	2139
3625	2532
5078	537
2993	2380
3267	1821
2797	7
1710	409
4383	3498
4864	3988
3478	875
4116	3087
4343	1907
1710	1395
3458	1710
2273	1062
3146	600
3478	960
2848	1710
5208	871
4081	2382
3404	1555
2598	2327
4447	2923
4767	3237
1263	120
4935	2936
2802	2510
3160	2306
2779	1741
3331	2583
4479	777
4084	3651
4148	96
2499	897
5018	2934
4738	2194
1945	1026
2934	2781
4950	4229
4347	2095
2673	2555
4573	803
3628	1710
4803	3749
3805	1710
1785	48
4820	120
2263	23
4692	1206
4767	4030
578	96
3896	2158
884	716
2817	362
4229	1357
3758	1710
3160	2157
2545	1164
4864	312
4031	881
3418	1710
3740	276
3702	2318
1873	1225
2211	411
2217	845
2207	582
2393	566
1710	1282
3410	2529
3344	1710
280	234
4727	776
1870	582
833	764
4054	3023
4229	3760
5190	2258
2108	1447
2923	599
1710	928
2048	946
1506	7
2946	1710
4703	1619
4466	2722
845	93
3212	1710
2870	2318
4099	1080
3855	120
3674	96
3075	1710
4883	2510
3773	1481
4215	120
3482	2318
3039	1555
4532	1186
4243	924
5062	2767
2663	191
1710	1094
3504	120
3835	2207
3614	882
120	87
2545	2020
1907	429
3114	2285
5063	2756
4582	4089
1554	1455
516	489
4556	218
2350	2263
4868	1710
2324	235
4275	3896
3643	2875
1847	120
4864	4237
3621	2207
4364	1624
120	52
931	159
2046	1710
5241	1907
3757	2408
4439	2964
2163	2123
1165	120
4476	2438
4841	1047
3123	1710
1057	662
2967	2293
2529	1710
2258	29
2875	1455
4130	1555
5021	3515
907	231
1710	59
2313	1297
4473	211
1710	1427
2936	1087
3651	1933
4625	3161
3063	928
4965	1297
2749	2529
4054	1710
4853	3463
3758	3598
5149	1710
3830	1798
3156	2902
4229	324
2953	1907
4028	453
3510	2902
2946	1331
3174	2117
5112	1710
5188	1431
2627	1208
642	231
1710	1129
1710	1351
2355	1710
5241	120
4175	1710
4785	3260
1809	1608
4785	1710
4385	662
1493	1119
4466	2767
5050	1901
3478	43
792	120
4201	1708
2391	2274
4422	2500
4608	2031
4202	1206
4864	2117
4028	1757
4796	1455
4778	1356
3660	1710
5196	2108
2749	2637
4864	3410
4217	1165
1420	332
4864	1408
4201	1710
2278	1656
5172	3669
2864	189
2757	2309
5171	96
4229	1042
4347	881
2278	549
1170	931
4849	3358
4558	2254
4864	144
3941	1710
3677	2158
2731	120
4663	1779
1127	159
3755	1626
1779	1447
4326	1710
4778	4483
120	63
5116	1505
5244	2529
4663	3154
4943	3395
5208	2217
4608	1111
3215	1555
3040	2130
2185	662
5217	180
1947	1555
3413	2536
3303	914
3015	1273
3856	1870
882	674
581	328
4275	3757
5160	5135
3512	599
2895	1710
1710	708
3109	1455
1053	708
3720	1754
1338	7
4576	3243
3627	2123
2076	776
4731	1876
3803	1058
3747	120
3830	120
2318	154
4608	1230
4070	1034
4538	1710
3602	1173
4521	120
3444	1356
3354	1930
5018	1390
4608	2656
4455	2482
4274	1710
5165	2481
4803	4439
1710	224
3215	1455
5116	5047
1455	881
2158	459
3071	1612
1710	170
4981	984
4217	4021
564	120
5025	372
3483	371
4101	1779
4347	3404
3769	2416
4148	1395
4831	120
4229	3544
4243	600
4511	3109
4718	1710
4229	4094
4464	3366
4130	2854
3719	1873
4473	1100
4493	3543
3261	1901
549	120
5069	3261
4078	2406
5069	3119
5237	2537
3668	1741
2923	1016
2432	1710
3114	935
2377	92
5227	2756
4184	393
4075	1710
403	326
882	153
2500	1918
3556	2327
2947	1710
4174	1757
5215	1212
1396	22
4176	120
1918	845
4229	3176
4803	2927
4229	196
5176	1455
2836	1901
3710	2158
3548	33
4229	3790
3153	120
2540	2207
3643	2851
4591	2020
1062	609
2095	1555
4855	3846
4965	1293
3894	1081
1757	1636
4784	3834
3214	1555
2673	1354
5142	914
3485	334
2720	231
1710	1686
2940	1807
2417	1002
3146	120
4229	960
3790	7
2763	2510
4274	4229
4784	4507
5006	1710
3590	1710
3045	1447
5051	2673
4887	1002
2673	1455
3807	1859
4785	1307
2358	1955
4026	982
4622	120
1710	934
4274	120
3999	2008
4127	3896
4473	716
2510	589
2273	2025
1455	1331
3146	1455
1710	1007
3976	3526
4332	3807
4527	4030
3366	516
604	540
5222	1710
2420	2158
4799	260
4042	881
4229	1872
4899	4639
3289	2358
2801	2709
3419	693
2756	43
2289	75
2817	1016
4412	3485
4109	1710
4119	3085
4229	871
3257	618
884	461
4864	1561
4926	2258
4081	96
478	213
1312	997
1425	52
3257	1708
711	564
3598	2352
4453	2393
1736	235
4063	1047
2934	2449
3896	2673
2211	618
2904	2732
1710	903
2981	1610
4703	2451
936	350
4688	1033
1875	1710
4191	1007
2380	280
2714	1710
5020	3835
4876	4530
5067	4210
4940	1555
4347	3482
1710	290
1555	858
3556	2117
4940	4864
1455	227
600	360
1687	1076
3509	2756
2326	1555
3984	1873
4124	393
2899	1656
766	711
3114	2929
4200	1710
3174	1710
2983	784
2681	931
1868	743
2934	587
871	171
4350	537
2743	1080
5035	845
3825	1104
2856	2523
1710	1016
1690	1226
4229	3897
882	852
2318	118
1636	96
1555	499
2242	1710
4206	1710
4582	1785
4558	609
4225	3554
4781	1447
1655	1338
2579	1511
4738	305
5215	5052
1700	1448
3713	1710
3554	803
5188	516
5160	4199
1053	537
764	339
4873	1473
4966	335
5215	4954
4903	3825
3372	1104
4202	277
4663	2062
3300	2673
3652	2158
4087	1413
441	120
2313	589
2663	1708
2801	2680
5234	3344
4210	1866
4864	2318
3075	120
3308	2720
4483	693
2961	927
3627	2709
2158	1985
3176	120
281	144
2311	844
2889	1933
4347	1708
5078	3404
3594	218
3785	120
4031	3867
1710	1473
5175	4124
1946	1710
3688	1206
1626	960
3543	2358
1710	1189
2339	2258
1700	845
4051	1764
4483	2549
3669	129
5062	801
3195	549
2158	335
4673	2709
2924	1848
2020	1643
4275	578
1996	554
4608	3669
3419	60
3526	3015
1722	1710
4663	3602
4072	456
2673	2108
4015	3341
5050	3636
4778	3167
4247	120
4412	1741
3160	1225
4877	939
2358	2070
235	96
2788	2318
2423	1473
3498	884
4663	1901
3257	1506
4894	120
3636	2211
2278	2106
5020	2356
755	192
3651	803
1710	1555
4851	120
3257	3109
4229	3907
4777	4608
3714	3382
2458	1127
5217	2524
3819	2031
4853	3418
2418	1710
4030	3566
1192	7
2331	1683
3129	609
3792	537
332	129
4438	1710
2756	2581
4383	1441
1900	1555
5164	3485
4306	2408
2348	1741
4580	1710
4841	3993
1247	392
2882	120
2019	1710
2157	19
788	316
1741	1137
4864	735
1553	759
2408	1290
1708	761
2004	1710
3294	2756
3815	599
564	429
5175	3834
1493	235
5177	2113
3976	1710
2296	1710
4401	4148
4954	3556
1561	1348
2367	878
3167	7
4556	1650
2064	96
5217	2419
3888	1785
5249	4138
4736	2188
2709	128
2482	1519
5048	1129
1212	852
4768	1710
4967	4229
3843	3598
1710	1706
2845	420
3358	960
4625	1447
1710	728
2358	420
5025	2417
2749	2070
2717	1990
4787	3602
4997	3694
4130	2357
1710	299
4229	1599
1952	258
764	243
2318	701
4212	942
4849	7
1188	1034
167	96
5033	4347
4824	4229
3652	154
3651	1710
4237	1505
4275	2934
4311	3204
1710	940
4902	3602
4921	330
1099	328
4124	1955
4864	3950
4616	1737
5215	2327
1504	277
3463	2923
3834	1710
4046	120
1710	543
2524	1994
3260	3015
4272	4237
1663	939
3478	1918
4734	2217
4970	3710
3910	1519
3766	3577
3780	1710
2872	1710
4864	3261
5157	1757
4057	1511
1710	764
4777	554
3888	3015
1176	590
1710	822
3566	1710
2273	498
4063	1757
1710	247
3376	981
3213	1532
4963	4117
231	155
4327	587
2717	2164
4127	57
2230	1206
516	180
3257	824
2009	1710
2809	120
1687	1348
5244	3410
4276	225
2304	1799
2186	2172
3720	305
3846	1445
2936	2158
916	7
3154	776
2768	2147
1359	966
2285	1889
1710	489
4229	3678
4081	1710
1080	957
1873	228
2961	1779
5184	1721
1710	1073
4660	1710
3038	70
4895	192
3740	406
1022	897
2416	275
3167	2740
4864	3192
1455	18
4993	3176
1700	1331
1070	1016
4580	4084
5025	4627
3381	1408
5078	1408
3785	1710
1907	1705
2158	1602
2673	120
4075	3740
3807	2854
4355	4117
4751	1710
4332	2357
4444	2358
2544	1710
4853	3957
1555	1118
5251	2902
4686	4229
4130	2273
4193	3566
511	434
4595	3510
2954	1710
2629	1566
4582	189
1789	1710
3871	1710
2418	2012
4464	4229
4796	4558
3496	267
3288	72
3504	871
2542	674
2258	1003
2358	1127
5199	5020
3368	2732
3063	191
4412	4384
4838	7
2993	2285
2387	1483
1985	1710
2540	842
4243	3651
2123	1994
3825	159
3478	2289
5184	1206
4663	1895
3016	1892
4558	2982
3025	1445
4229	760
1307	1163
5215	2673
1710	1556
5069	881
5048	864
4608	1785
3404	1614
4397	2540
3103	120
869	72
5247	4229
3614	2627
5094	568
2117	2087
5021	154
3195	587
4935	1293
1807	192
4963	3848
3510	1690
2258	1176
2543	1710
1710	144
3257	1331
2712	917
3204	2273
1561	1555
3872	1799
5051	743
4573	1408
2131	118
3730	1447
3554	1099
5020	3013
2285	761
1710	386
4347	2999
1710	280
5251	2085
5126	2769
5176	4199
1946	566
2344	339
3669	2318
4275	276
4397	7
2117	154
4466	934
2797	1669
1571	235
4864	1111
1435	498
2749	1405
1176	91
3568	1710
2709	1353
2740	33
2993	1889
4229	410
2624	1710
4116	2806
2757	1273
2756	2020
3835	1206
3599	1870
3602	2801
4366	1208
2749	2418
4466	761
5021	2734
2855	2443
4808	1710
1900	803
5196	1995
4950	2244
3602	335
3472	52
4229	1111
3096	120
3010	2012
4131	424
4229	2254
1710	1709
3888	1687
4600	1710
931	120
4229	4206
4145	120
1504	793
4979	3548
2108	92
3719	120
4217	1447
4778	2326
1555	211
2273	350
4576	120
2889	1710
2775	1587
3475	960
5078	5021
5025	1927
1206	816
4229	2608
5184	1757
2505	1519
3039	1135
2628	1710
1307	683
3331	2540
4343	2207
1455	871
5208	2999
2673	1272
5014	120
2546	960
3995	1455
4119	3504
2850	2615
4118	3372
4438	303
3807	277
4101	3062
3059	704
2158	333
2432	1759
3358	2293
2680	1650
2493	1667
3807	3358
5021	2545
1756	1348
4926	1710
4787	235
4579	2698
4864	3045
5244	5196
3174	1331
2064	1447
4132	96
2087	946
3424	3410
3160	80
2358	1481
3410	1721
4350	225
2318	491
3815	1669
1900	871
2773	1741
4229	2534
4778	2481
4849	4630
2451	714
3478	1555
4986	3548
5172	1338
4127	2318
2559	17
281	91
5241	4558
2553	2207
544	120
4327	2890
2861	120
2158	1710
4963	845
4117	3843
3634	1345
3843	339
4229	3598
5215	57
2854	1710
1710	1212
4229	171
3557	1834
2139	1710
3834	2095
5195	4963
4275	3410
3926	2020
4197	1710
220	120
1896	1710
4608	1348
3548	288
3123	1127
4326	2510
2133	335
4483	1710
2499	1587
2499	1710
1555	684
4496	939
2347	1710
3643	247
3651	498
2410	136
3834	976
3730	2851
3757	1785
4028	2964
1710	1307
2253	1710
1710	232
5165	1710
4347	1930
3792	3755
3160	2851
5024	1710
5215	2285
4967	1206
5241	3213
4736	1307
3052	1447
4864	4343
4868	2311
1700	871
4734	1918
2512	120
5048	2393
2158	1390
2318	803
5164	2293
1710	585
120	43
4864	3896
3485	2545
5222	1741
1710	1170
4864	2637
4591	2897
4116	803
2158	17
3643	928
3334	202
615	600
2546	1455
766	554
3483	3464
2123	764
2529	91
4191	917
3790	1390
4702	1619
2797	453
4476	662
4026	566
4954	2500
5078	4217
1506	332
3478	2158
1055	966
1447	1206
1656	854
4229	620
3458	2934
3283	484
4970	4663
4229	3698
5114	1870
4110	1710
3835	2989
4229	841
4049	2720
2734	1710
4902	1455
2801	2158
4383	277
2158	692
5021	3062
5076	3761
3510	1555
3896	1555
2318	905
2806	2158
4864	4152
5103	3907
4311	3931
3922	864
1855	1555
4963	1843
4021	3366
5188	4942
3843	3290
3016	1026
2585	2158
4807	3669
4285	960
1114	120
5176	1127
2318	246
1927	821
4211	3160
5244	120
3720	1884
4217	1779
4608	3376
4993	2273
1351	1206
4677	3150
5161	1555
4229	2393
4276	1127
4229	1137
2285	270
4046	1876
2289	2158
5242	231
3572	1700
4855	4460
1710	1002
3896	1206
1710	726
3719	3627
2380	270
2851	1870
1537	743
1907	335
5208	4184
3381	93
1710	136
3627	2694
1555	1396
3807	592
3366	1779
4736	4727
4201	2207
3755	2258
1757	72
1608	881
2520	1519
5067	3240
2344	1549
1895	1710
4075	776
4879	2064
3780	2925
2324	1710
2936	942
386	120
2773	590
3478	2855
4229	681
4497	4229
3714	22
4627	2673
3039	2536
5122	2749
4787	72
4883	1710
4785	777
154	93
609	356
881	227
2731	92
3174	1900
4021	235
4110	1870
2801	1669
764	434
4174	52
2158	1002
4694	1435
4781	1873
1700	479
878	120
4357	4229
3782	1757
5052	2318
3071	249
3917	2258
5048	7
4891	2318
4152	1710
3109	602
2207	1080
966	72
2382	2358
1821	693
2519	305
4521	549
3022	1710
4088	1465
5222	18
4229	3413
3643	75
946	760
1555	1415
2157	1920
3843	3602
4317	2749
4591	2293
5069	1608
382	120
1007	642
5134	2583
5021	1741
5025	75
3621	766
3436	2449
3926	1741
5020	2418
1710	463
1918	1700
5215	4229
3237	3038
3602	2380
5010	3766
2904	1429
2385	1602
4229	3846
1773	1532
4184	2416
2534	120
2380	148
4213	1555
4718	3404
5252	4899
3410	18
2211	29
2801	2263
1870	459
547	287
1945	1007
4057	578
4902	4663
1930	171
3872	2273
3887	235
1870	159
4820	1532
590	532
3288	2756
5082	1695
1710	865
3472	3061
4677	1002
4033	120
3599	3367
3165	602
2158	636
669	203
4184	4124
4429	934
2947	2304
2889	2673
5076	4369
2895	1582
3039	1359
3504	2757
3068	2451
4873	4412
3472	1483
3261	120
4963	1376
4614	1710
1710	901
2352	764
5196	1435
4196	2505
1656	699
4841	1555
2612	2263
3298	120
3649	1555
3614	3367
4229	4138
5076	3654
1710	1172
5177	4608
4727	3598
4966	2071
4229	464
2806	2318
3298	114
1331	803
3708	2157
4977	4229
5021	3410
1667	280
960	377
2105	1710
4347	4030
2707	1710
4630	4507
2732	1710
4229	402
2928	2749
3652	2999
2784	1710
3458	489
4229	90
4466	335
2235	1779
3654	3367
2902	2680
3720	299
3643	2279
4253	4229
3772	1785
5135	1710
1710	635
3636	1555
5116	2117
3835	1710
1710	858
3778	3297
2749	642
1331	479
2632	114
3758	1307
1944	1748
1975	1710
3907	3308
5050	3237
5094	5021
1130	353
1710	468
1993	662
5184	3755
1356	651
5028	5013
4558	2923
3847	3212
2560	1710
4076	369
3322	1118
2215	1889
453	28
3165	1918
1710	1554
5021	3025
1995	1710
2537	1799
5030	2380
4591	1619
4046	3769
5050	905
4954	2194
1990	1710
5046	4347
1186	281
2509	1163
4967	4864
4778	271
3835	2749
5202	4494
5226	2020
3710	1170
3957	1643
2864	1127
3669	120
2749	276
2318	928
4116	1759
4483	3279
3307	2258
1873	52
4868	4155
2251	1127
2922	1173
4155	1273
4627	3907
4725	2528
3548	2550
3463	2549
3411	1455
4997	1337
1338	1082
1710	310
3522	2775
2070	1555
4727	2113
2805	2279
3257	3177
3289	1455
4215	3770
2637	1710
2408	931
4026	615
4841	561
4479	882
4347	1127
1955	93
4407	4191
5177	2031
2934	1705
2325	1555
4963	2070
3856	2673
2025	1710
2422	1206
4447	1455
3548	270
5082	1710
2749	2734
4447	2211
3184	277
3710	379
4800	1710
1447	338
2420	764
5021	599
1947	129
4327	3730
5134	3331
3652	803
4864	1587
3174	2850
4561	4031
3848	2211
4272	1457
4271	2999
1710	1493
4124	3174
3680	120
4229	3482
3521	120
2632	1146
4229	3231
3085	2583
4229	393
5230	939
2722	1555
3516	2579
2211	578
3109	1331
3204	2481
2168	1710
3655	120
4030	609
2158	726
3856	1757
3045	1206
4094	1555
3167	935
815	270
5050	566
2303	1656
4796	3165
3358	2848
5049	3761
5135	2172
4864	1447
1710	1033
3915	3382
3062	615
4391	914
2318	1390
4355	33
2211	564
3594	2709
884	456
1493	1206
4347	1995
2158	1505
1720	92
5021	4184
1002	942
2927	1656
3910	878
1127	592
4734	3572
5050	643
4229	3358
1809	1022
1710	1005
2481	1754
2258	1080
4838	2673
2038	917
1669	1104
2925	2633
4838	4555
5202	3998
2211	118
4050	1610
5172	2318
2258	967
1053	590
1710	1052
4511	499
1234	589
1821	1481
2418	2258
3912	1549
4385	683
3867	33
4864	2788
2953	1348
2316	120
3773	92
3872	806
1448	883
3778	3542
3463	33
4030	2358
2188	1710
2443	845
4412	3714
3798	7
5199	1170
3556	3167
4555	3773
3778	2890
1710	1238
4727	1561
4070	2147
1720	1710
2799	96
2804	2438
2934	582
5050	4627
4229	3819
3887	615
1918	333
3025	1555
3516	3267
2850	92
2848	2357
4529	1779
3598	3510
1505	1457
5050	1555
806	316
4734	479
1748	118
4041	3413
3792	4
2147	706
921	669
3334	2103
1710	1011
2318	1870
5035	3109
4229	3572
2901	2749
1710	1357
5020	2632
2964	328
2318	1493
3815	1070
4873	347
2989	2749
4855	3485
3136	1759
4879	1496
4632	1710
5242	3628
3283	356
3404	1511
4229	1928
2934	429
1710	480
4118	3543
1708	602
3028	2087
3127	667
5160	921
2902	434
3621	18
4076	1710
2358	1918
1127	28
4970	2211
4864	2278
1338	316
2358	7
4054	2889
4229	3059
4651	114
2660	1447
3192	1206
1708	195
4412	3543
2855	7
5003	363
4511	26
1710	564
4841	3214
2482	96
3406	2408
776	468
4940	3944
3213	120
3621	2673
4017	120
3802	72
4447	2258
4124	93
2211	312
5202	2549
4229	2845
766	75
2875	708
3334	1127
1432	255
4864	3413
1348	484
4473	2020
4021	3477
3475	7
3559	1710
4192	2579
1917	1710
1710	1087
982	600
3044	7
5035	3478
2740	761
3572	2217
1435	601
5021	192
4347	2897
1786	927
3426	651
1872	1435
2870	960
4347	760
4229	3009
1286	7
4805	4439
2244	946
3297	2009
4030	211
4718	1809
5198	4347
5190	1534
3988	2673
4561	4229
4229	3294
2949	2749
4608	981
4081	2956
1720	1561
4981	2189
3541	1710
4807	4087
2633	1710
4089	1457
3237	2579
3730	3195
2964	960
4727	1111
3548	2397
3681	1710
3835	2311
2749	2040
4734	29
5144	4577
3257	91
3331	997
3038	2633
2408	2040
4586	1055
4051	1710
4886	1656
3627	2236
4627	4192
5026	618
2612	1208
4053	456
3643	2743
2515	1338
3846	2749
4736	1555
4229	188
4573	3381
1772	1710
5226	1110
4469	1293
4271	1710
4558	3543
5020	1990
3698	1273
4229	2313
4391	693
2408	2070
4347	2936
4632	3714
3404	2215
664	422
3160	1980
1047	18
1747	1127
5067	2207
3803	2757
4021	2872
2717	1555
277	227
1608	1493
4350	1955
2549	1110
2927	649
2551	1710
5134	936
1896	393
4987	7
1225	228
4383	246
2352	882
4044	2870
4627	2258
2749	2324
3825	1710
3594	1555
1901	120
2797	2749
4240	942
2658	1555
1602	601
2750	1667
1626	683
3625	3548
4785	3213
2318	1505
1719	1710
4660	72
2934	2378
3556	1555
2364	1656
5171	4229
2408	28
4579	3379
4954	305
276	96
1834	1070
1741	1542
4861	7
2416	228
1033	440
3643	2813
4954	883
3762	3025
1872	1555
5062	4412
2587	2267
4229	118
2318	1995
4110	1656
2663	263
5021	1176
3548	1807
4439	901
3771	120
5052	4347
3009	2934
4796	3207
2612	434
3326	231
5215	2258
4663	3177
1555	1187
2318	1002
4993	4464
3843	3634
5217	699
2237	1555
3358	92
5062	3714
3767	114
1445	864
4004	3795
4444	1710
4311	3167
4954	537
3999	277
1736	788
4225	2632
3467	548
2527	120
3815	1772
3900	2732
5035	3174
3426	1356
2559	2528
2106	1786
3331	1901
2529	120
5050	1511
2408	96
4849	537
1740	1555
371	360
4189	2451
4240	456
4864	4272
3892	120
875	154
4787	96
640	578
3167	601
4600	882
5021	4438
1710	291
3764	2020
4493	1170
5230	555
1710	75
5050	3334
4191	3016
2804	1052
4954	2850
3015	864
4225	2348
4725	2673
4347	3174
2451	917
3560	1985
1669	1062
3733	1710
5069	3550
3126	881
2864	609
4229	2090
5175	620
907	561
578	564
2854	848
4963	120
3764	1643
4148	328
4736	2947
4820	410
1796	1710
4608	1538
5115	2767
2352	2186
2993	155
4767	2566
3690	120
4608	2806
2720	1889
2263	1650
3757	2211
4311	33
5021	3447
4466	692
4081	2408
5020	1772
1710	1678
4031	2358
4719	2861
3556	3478
4492	3698
2656	1555
3210	1710
4868	2358
4734	1786
5166	697
5215	1170
3165	564
3762	1710
4514	3504
1667	120
1710	371
5202	4864
4784	3154
3755	1700
3177	2519
3759	3710
4778	2720
3617	1151
4215	1907
4229	727
2934	1933
2172	555
3472	942
2158	1212
4466	2076
3167	1511
3160	1747
5035	305
4864	3590
2773	316
3483	33
1636	280
3544	120
4718	1329
3764	3039
5047	3015
2779	1907
4558	7
4243	2408
1955	1053
4229	2327
5242	2769
4347	960
4873	1907
3957	2532
5199	1928
2542	1165
2087	1859
3995	1173
4196	2510
2964	1710
4841	2967
840	120
4280	489
2956	1811
4686	3261
2258	276
5234	2130
3602	764
2318	883
1872	1710
4211	1847
3598	243
3170	233
2186	399
2047	901
4963	328
4031	1710
2855	479
4591	2700
3354	1710
2158	225
3643	330
3554	2720
2123	1353
4315	3017
2207	29
2397	211
5070	3167
4582	3922
2387	917
3210	501
1555	1047
2999	2890
2749	2392
5046	881
4439	3802
4954	2158
604	120
5160	1555
2934	1710
393	93
4803	2356
4841	7
2231	1710
1230	1080
3426	1435
3627	2263
2953	1555
404	333
589	434
761	258
5020	2949
4229	3174
3358	1507
4864	3016
1081	1007
5033	3213
4954	3572
2609	2560
1736	824
3498	620
5124	1710
1710	357
1571	485
4003	1403
4608	3177
3554	1710
4229	2171
5035	3792
3638	1918
4627	1757
5020	1928
1107	7
2160	1555
4799	2380
4243	33
312	75
3485	70
2549	92
2612	764
2856	1875
4803	1620
2956	277
882	72
1872	393
2806	2117
3993	2632
4229	1848
5103	92
2500	883
4861	2158
4921	4369
4853	1016
5214	120
3045	1757
4558	3207
4718	1022
4197	7
2946	2540
1708	548
3993	3556
4861	1555
2087	1447
2544	1431
4229	4197
587	148
4853	2528
4849	2999
2293	2273
2989	18
2253	1217
4569	17
5175	120
3114	1708
2904	2020
2258	1351
4864	149
2258	1277
5025	587
1710	225
5021	1455
2258	120
3556	1643
3213	2363
3602	1381
3478	803
4852	4767
3998	1614
4845	1710
2087	1034
4864	2432
4864	776
3282	1022
3944	876
4725	3136
4627	2579
4350	2289
3949	290
4692	914
4864	1736
4327	2646
5175	2936
3306	2211
2540	1080
4413	2495
3566	946
4963	3856
2311	1946
3834	599
4625	3543
281	33
4124	708
4876	281
3780	493
1710	1272
2318	697
2158	290
4014	440
3554	1127
589	196
2720	566
1799	277
5227	3466
1873	540
5020	2633
4608	2936
3602	2922
4703	3762
4031	2663
1786	235
2989	2925
2306	697
1710	18
5244	1710
549	75
3815	1927
1493	982
5160	2172
4879	788
5047	936
3755	871
5018	75
4347	3837
4796	4483
4853	2559
4703	4702
2529	180
5176	3039
1870	75
2382	1710
2037	1710
4745	4229
4954	629
5136	1889
3009	277
669	260
4540	4493
4347	3998
1710	907
2004	249
2983	2936
2308	2158
3714	939
1807	72
4371	2266
1455	72
5025	3950
2902	1710
4031	2845
3844	1710
1741	1663
881	18
467	230
2279	48
4736	291
1022	905
2451	136
1127	380
2567	263
3478	3289
2258	977
3710	1031
1710	1443
4855	4229
2989	949
4954	2117
4229	1232
2085	764
3404	2211
5184	2500
4276	1473
3789	1710
2817	1129
5056	4139
806	556
5033	2420
4537	3015
4053	1695
2639	929
3426	155
4785	936
2902	213
3866	1710
2318	1118
4217	2854
4608	1479
4671	3458
1307	335
5021	2816
2318	129
3136	599
2956	2482
3167	2327
4447	1710
4088	3621
5062	4873
4229	3210
5021	3894
5222	2367
1555	324
4727	1710
760	501
5172	552
2528	1205
4046	2416
4030	120
2380	2006
1779	1427
3755	1331
2899	2749
4608	1493
1057	363
4266	324
4567	1532
1176	766
803	225
513	235
3602	120
1447	691
3382	2358
5025	1975
4275	856
4473	2904
4030	3764
5103	643
4229	1456
3969	3417
1331	845
1855	779
2717	1094
4229	2999
3214	1447
5047	3725
4517	120
4685	120
3431	1007
4600	2235
2446	1710
434	339
4800	4476
2524	277
4025	3426
1555	1447
4483	3501
4412	555
2147	2064
3995	1710
561	297
4828	1700
4727	587
1483	942
4197	816
2725	972
4849	3153
1307	972
1493	1080
3195	1104
2936	726
3463	767
5047	1710
4582	1710
5035	4347
2348	1127
1511	1293
3846	931
5112	589
5094	1507
1127	629
4787	2408
1448	602
1206	7
1356	760
4087	1396
3022	1947
4796	1708
3663	2211
2983	2432
3807	2158
4686	4023
4903	120
1710	547
4600	2961
4921	2763
2927	2749
4345	1505
3663	766
4663	3170
4383	2056
2756	815
4229	552
2540	1710
4237	410
4473	2559
1555	367
4412	2172
1555	129
4462	3771
582	372
4462	277
5021	1031
3780	2318
2194	1127
3602	96
4148	2344
5188	3306
4347	350
1359	456
3695	1710
1918	305
3266	3165
1705	446
2418	1757
3652	18
5177	1555
4663	3263
4864	4473
4530	2714
4604	1656
5199	1710
4841	4229
4963	1519
4229	1773
4078	1710
2946	1555
4383	3372
4054	662
5052	1555
3167	2929
1219	881
3478	2806
3431	1710
2720	211
1710	1683
2172	1312
4784	881
5025	191
5211	4864
4849	1408
2656	231
3762	2903
1920	1307
2230	540
3922	1785
3165	871
2709	2612
2749	2117
2331	1710
1748	1612
3579	1710
3654	3138
4810	1809
4347	26
3819	2850
3498	3154
4864	2378
586	120
2376	120
4137	1710
3708	3313
4383	1656
4921	2594
5076	5049
5215	4222
4974	997
5188	3261
4727	1602
3594	2158
4317	582
1928	1170
1710	93
1290	590
2289	154
4229	2982
3572	3109
4280	299
1555	280
2258	875
3889	2817
4879	3643
4567	120
3550	2416
2139	120
3366	1447
2750	1927
2749	994
4253	403
4315	2529
5024	2416
473	96
4229	1356
4663	2581
5069	693
4954	154
3469	120
2929	1708
4229	3404
4630	537
1624	120
4094	303
2258	159
1889	155
2185	1710
3548	1785
2989	881
2608	2451
1710	1164
864	120
881	363
1206	635
4558	1473
1907	51
2147	463
2393	2031
3825	3156
3846	2544
2801	589
478	434
3405	3213
3478	2443
1104	7
2519	303
2306	2101
858	87
4456	4124
2357	907
3887	2989
3812	1710
3167	872
4476	2756
2380	2215
4385	3015
213	19
4591	883
2327	1127
2266	1447
3773	70
1779	1013
3123	1947
1354	816
1016	120
1656	1047
1087	921
4476	2505
4954	120
1461	91
5037	4864
2767	1710
3790	3464
4447	4275
2413	1719
976	640
2357	120
5251	2263
2348	1705
3550	192
3011	120
3835	2258
4229	271
4899	334
4718	2499
1995	960
3138	96
4960	191
4864	4439
1506	620
2769	1127
4803	2637
5215	2663
4243	2956
4331	1455
2959	1710
5046	2158
4124	3478
3747	1643
1293	231
5052	1293
5035	2806
4347	3478
1034	747
5226	5202
2318	1726
434	19
5208	1918
4138	2523
2615	1331
3998	1947
1710	440
3207	1094
566	114
2749	1568
2482	600
3327	1035
2397	380
4864	2656
4663	406
2546	120
2532	1447
581	399
2211	592
3835	1757
3509	816
2700	1710
1710	628
3834	29
4229	547
3856	2967
2709	2510
3627	3160
484	299
1798	468
1348	1032
5242	3643
4192	1710
1555	1212
3045	235
5201	3167
1127	231
2845	191
5188	7
3543	3404
4315	2570
4483	1080
3798	2749
4089	2258
2579	379
2020	994
2904	288
4347	92
2615	803
3367	842
4663	3785
4412	581
4573	3907
2293	1555
3821	2020
4702	72
3442	2768
4030	3572
2629	1721
2673	277
4275	582
2905	2012
2870	905
4240	881
5025	2743
2147	1759
3745	332
1710	159
2560	2368
5050	1302
3362	2053
2186	347
2536	815
4852	2069
2276	903
4229	697
191	91
4921	4229
3634	2709
4229	1163
1602	1031
1859	159
2813	1710
91	70
3214	2158
3358	3257
4841	3762
3260	3213
2293	1643
2231	2158
5188	564
1817	1710
3148	2720
4031	1821
1946	1396
2130	508
5050	2936
2937	456
2864	927
4353	4229
4493	3404
4229	1855
1889	114
1435	1047
1447	683
1170	120
4210	1741
3038	1555
4229	4086
2806	537
2536	120
1555	600
2775	2157
1435	1356
3509	1772
3755	1708
1901	1555
4834	695
3772	1208
3988	235
3856	2211
4796	2158
5196	3478
3988	1955
1913	1710
1710	154
4124	2117
2540	1555
3698	1710
2673	1673
5076	1330
2045	1710
2258	1817
5021	2767
4787	2482
5234	1450
1995	498
4725	2749
5076	2123
4229	1532
2211	276
120	32
2540	1530
1757	1736
1947	1338
4796	2006
4954	2806
470	120
3657	2633
2318	2158
5215	2482
4802	1331
3109	1481
876	260
5046	4608
2812	2749
1555	960
4636	1710
5063	114
2380	615
2680	2344
2722	1710
5021	561
1016	362
3177	277
2964	7
4306	120
5026	4347
1710	798
4076	636
4692	2816
4811	120
4175	1809
2289	537
5112	5076
1447	1225
1080	1058
3143	2856
191	92
4464	2178
3926	1555
3308	91
3426	3167
2579	191
3243	3127
4229	4030
4326	2505
4582	1076
3677	582
4777	1710
2967	1545
4803	1721
1907	446
1990	1447
2641	335
3109	883
3827	1918
2529	276
2936	1555
2734	120
2258	1408
4276	4229
3426	761
3835	1447
615	75
5130	4986
2720	1435
3557	3009
3485	155
4124	3381
4412	1636
5222	1907
4540	3993
4864	4026
2797	782
5172	4965
2308	1555
4960	404
2632	2105
3643	2037
3381	2638
2549	1710
2964	92
1479	743
4210	399
4963	3621
5230	2559
940	669
1555	1538
2999	803
2194	1918
2864	599
4540	2923
331	114
4148	910
3772	882
4229	4025
3382	2767
4967	2258
120	51
2418	901
2319	942
4841	1429
3366	2147
2318	1116
1907	301
4981	934
1455	869
4966	2318
3699	2801
4556	1710
708	93
3214	767
1481	1170
4864	1721
2211	2070
4784	4272
3780	882
3792	708
2624	371
5130	2455
3277	96
4852	3038
2982	120
2953	2416
5021	3192
1058	693
4124	2999
2982	2258
3025	643
4210	1929
3762	928
3755	2358
2897	498
1014	22
2318	907
3907	2393
1848	1741
2742	1479
1708	1448
5010	3643
3969	1293
4229	2779
2749	2105
3745	2983
1448	1331
4586	3931
3969	2458
3698	120
2633	1303
1907	635
4660	120
4466	2070
2750	1070
2855	760
3821	901
3088	1566
928	271
2989	1519
2773	1080
2641	1710
1381	120
2117	1170
2779	120
2258	1445
2855	92
2602	2258
2239	275
2244	91
2341	946
3825	2544
5188	3821
4363	3176
4649	3598
393	154
4651	4497
4879	615
5241	2158
3599	3028
3872	120
3856	1206
4275	1047
4627	3237
1303	120
5067	939
904	120
4272	3922
2108	1710
4498	1710
4967	3572
4229	2185
1720	578
3161	2749
3627	1710
2358	92
4306	4275
3485	271
2904	883
3481	2263
4114	2194
2633	1186
4124	1900
3680	1431
3745	1206
4127	1519
2384	662
4116	7
4222	1708
3368	931
2587	299
2458	1104
1990	1146
1710	464
3040	1555
5184	2087
4089	4054
2788	766
2258	1710
1710	981
3740	3297
3419	1710
5103	600
2211	149
3458	3214
4081	2147
3846	3825
1798	136
5208	2443
4311	2285
5116	2211
759	159
4899	3464
2579	1741
3498	3462
2380	211
4285	1455
2117	92
3993	875
4042	120
4275	220
1614	332
4803	1519
4511	3915
3358	2451
3850	3436
4116	3747
4815	1710
3965	1236
3289	1710
4663	2207
1710	439
1710	821
3627	589
3289	1682
5116	270
4974	1710
4745	2537
1759	96
3762	2519
3762	3289
3863	2358
3404	2348
4317	2801
2639	2352
3009	120
2211	1870
3289	2273
4576	2529
4997	931
3755	3502
3542	3297
2940	1809
2158	1947
4809	2665
3896	2318
3025	231
2158	1116
4275	1721
3214	1710
4573	4229
2547	1149
1918	1331
4347	1765
4023	2211
2964	448
602	305
1161	275
2160	333
2318	225
4138	798
1892	612
3433	1047
1999	406
1710	129
4845	966
3651	228
5242	3167
3354	154
4845	1965
1034	96
2318	1602
3987	3257
4963	229
3720	3643
2419	1555
2107	120
5122	695
4558	2922
3988	2633
3015	1690
3215	2318
3602	1710
5116	2207
1338	881
4670	1710
5234	3404
5018	716
537	154
4332	1710
2570	1656
4727	4608
4138	3059
4347	2076
3413	1710
4148	2417
2953	907
1080	985
1710	1150
3627	434
4124	154
4583	3803
2709	833
4558	235
4483	982
5254	3627
2936	2095
2801	1695
5020	1705
3195	784
1821	1127
5249	798
1708	154
4849	4573
2749	1047
1412	75
1935	881
4796	2639
2318	605
4529	2559
4369	202
4222	1293
1208	1205
1217	120
5076	3627
2278	1786
4853	2817
4229	491
4526	2673
89	60
2515	2113
4566	2665
5175	3694
3477	2956
667	263
2318	1985
2547	871
2542	1710
4199	1965
4347	4124
1736	1007
3969	191
2583	1334
5226	4184
5025	3240
3498	2749
3289	2258
1381	18
1710	620
5244	1381
2717	2633
3652	305
3988	3559
2929	2903
1773	1743
3834	290
2356	2258
1104	277
3762	3548
5094	3710
3045	2087
2749	1219
1571	615
4608	1303
3557	957
1765	1710
4784	3436
1555	406
1225	508
2673	1104
4087	120
3510	2540
1359	33
3213	335
4333	2406
1483	516
2215	651
2020	382
2318	561
3109	1700
3002	1889
4787	4217
4558	1219
1396	331
3834	453
3649	1710
934	17
4864	3235
1996	1338
3215	1307
4767	2750
3976	2749
4785	2045
1710	643
1710	1610
3167	1708
1779	328
5052	2855
4852	1542
4109	120
4028	2258
3577	1710
3834	461
3396	2633
1918	602
1710	195
2549	191
3976	1272
3447	2749
3892	281
4725	235
4864	297
4280	714
3410	2211
4853	601
5078	93
3556	875
3483	2490
1331	883
1933	1710
960	235
3224	1710
4877	931
4447	1507
2673	43
4573	1455
5172	1614
4963	96
4385	2536
1465	231
3821	2420
3749	2964
1821	92
5132	1710
4976	120
776	489
4412	2266
2158	858
2461	1710
3652	1293
1710	662
3266	924
4921	2211
3993	2158
3196	1907
2781	7
2594	120
4784	4493
5021	303
5069	4851
4343	4275
1686	1111
5166	324
4832	120
4963	1710
2358	2356
3926	3297
1710	80
3510	1796
1002	322
3411	1555
2311	946
1710	841
2988	547
1944	110
1710	446
3396	2817
3515	7
4891	2936
5132	92
2665	2294
5124	3907
3167	1356
4960	2160
4275	1082
743	144
4608	2113
2217	2194
2673	779
4232	1690
4015	120
2357	1895
982	609
3807	1995
270	181
4767	4229
3445	928
2946	2339
3892	1479
1146	114
4229	1920
3621	2749
4608	1555
4738	3643
4229	4060
4899	788
5013	3275
1710	966
4363	1447
2864	1786
3949	858
4864	4577
3498	461
4834	1312
2665	1799
5202	1757
4229	1566
1708	192
4997	2215
3572	3358
3668	2554
1356	761
2211	1985
3979	1710
2775	2384
4290	120
4583	120
3680	2904
4895	120
4796	1555
1736	966
2073	1710
1710	498
5136	2380
2336	1710
5112	1555
5066	4993
2665	1710
5030	1710
4306	2207
5215	3040
2482	235
4038	3257
4925	4229
3888	3275
4184	924
2903	1710
3207	3143
4193	2663
2673	1843
1170	211
2273	1710
2783	144
2554	1710
5025	316
3643	946
5025	2864
1710	852
4217	2408
599	75
2709	764
3663	120
4229	3594
4347	3694
5215	2804
3509	3267
4828	3998
2855	171
1721	549
4951	2924
1901	1373
5176	1710
4663	96
4839	3778
3215	1710
4966	4663
4877	3240
5048	3512
1710	1003
3358	3174
4275	3813
4347	3192
4229	1785
4229	1555
5217	120
4038	1710
2877	347
3807	1555
1427	1087
4229	3634
4473	2417
1736	662
582	120
1555	310
3931	3167
2529	1359
4229	2416
1710	1042
4529	328
3404	328
5188	4899
4332	3803
2380	48
2707	2253
5056	869
2211	635
3755	305
4581	1710
3509	7
1710	1173
489	453
3548	2542
643	501
4229	1455
2293	1710
3702	2158
5067	4877
3819	3358
2158	498
4784	3462
4864	2047
4229	3109
4332	3477
1447	176
4229	4031
2147	1023
1868	1082
4076	1555
3174	225
2490	403
3038	91
5020	2877
3289	1555
976	620
4447	1750
1359	878
3366	181
4229	462
3734	1007
4536	2956
4019	1710
5021	2965
4591	120
856	120
4112	3702
3988	234
4526	103
1710	679
2949	1206
1636	934
3334	1594
2348	1612
5040	1710
2964	940
2608	1555
716	120
4229	4136
1710	181
2073	120
3436	2938
2211	1076
3834	3677
3628	3426
5215	305
4967	2923
4081	4021
871	26
3841	120
3998	2318
2532	233
592	92
4099	2318
5025	1447
2902	2612
2188	766
4324	1710
2560	2416
2105	1907
3161	1555
4608	875
3512	2817
3154	716
3174	2806
4306	3028
4385	815
1351	81
4466	1127
1555	1397
2964	615
1710	1058
3643	334
4815	51
2779	333
3720	3207
4566	882
2380	651
1779	7
1710	735
3566	2742
1710	863
4975	4841
2040	120
4608	3702
3354	2632
4868	3762
269	7
3375	1455
4796	609
1870	982
4229	2981
2318	498
5184	1493
4950	92
2393	1726
1208	793
3548	338
2757	103
2962	1710
4576	881
1918	1884
5208	3652
1656	852
4237	674
4229	4038
1080	909
1710	399
5013	1785
2037	1455
3240	2673
4540	2922
3628	2380
4280	3289
1455	1163
4758	2418
2236	213
4429	1710
1447	501
4347	845
2520	1127
3153	448
2344	1695
5020	3695
5217	4671
4124	2806
2393	1338
4327	3887
3436	1682
1710	114
5062	2266
2650	1710
3257	93
2348	1170
4724	1710
2904	931
777	324
2934	453
2408	881
3184	192
4063	277
3068	1907
5230	4210
2904	120
4525	120
3264	1208
4476	2304
2420	942
5230	4412
5116	114
5020	2108
4347	1900
4237	3413
4096	1710
4942	1047
4229	3257
1457	335
4333	120
1952	549
5050	578
4447	275
3598	3368
1217	924
3614	3174
4028	2211
827	120
3931	2285
4902	4841
3068	22
2166	1710
4940	1757
4383	2973
2326	599
3643	3177
1834	872
3331	2387
4210	581
3029	1710
3477	2854
5069	2646
4627	4229
4511	1682
5040	4229
5242	5136
3401	1710
815	324
1338	332
1772	615
1756	566
4868	916
2309	450
4347	4229
3062	1710
4347	4276
2258	592
1859	1307
2639	1708
1710	1470
4473	2258
5144	280
1787	96
335	218
2749	2700
1506	129
4631	120
3156	1710
4781	96
4196	3614
3636	3009
2804	1555
1555	1170
3485	1985
4634	1710
4383	1087
714	91
3038	1481
1710	600
4170	48
4163	3261
1710	1415
3167	114
4229	1228
3442	2804
2392	1555
4803	96
1710	92
2339	1710
2458	48
3174	3109
2147	96
4864	4248
4803	2890
2767	92
2542	1927
2680	213
4075	3834
2318	1947
4725	1479
1435	1170
4987	2449
1710	897
4407	3734
1710	1572
1870	711
2999	537
4229	3248
1710	724
4803	1710
1447	372
5017	2528
4229	1562
5062	4371
4778	1481
3548	1105
3277	92
5215	5046
4148	1855
2318	1338
3195	120
1532	1425
5135	1192
4849	2749
4116	760
4627	191
3966	1710
3025	277
4965	1947
4778	4127
1127	114
2358	260
1153	842
1710	28
4894	3297
4873	4124
3572	1708
4963	3109
4864	2393
537	393
1119	881
788	247
3557	2416
2545	120
4075	878
2458	1553
1995	1555
3627	213
2801	202
3755	1918
3308	2285
2357	931
3720	1455
4332	600
5033	544
180	96
2904	1087
3195	2207
2749	854
716	191
4745	1555
1022	600
1896	1473
4894	3542
4507	1170
4736	350
4736	1920
4217	33
4734	247
4229	2499
2775	120
609	91
2158	154
333	191
3170	277
939	582
4663	1447
618	92
3004	976
5217	878
5132	4031
5046	1493
1655	191
3998	1338
3410	1493
1907	276
4900	2258
4663	276
2889	52
4282	120
4718	3093
5215	2076
1602	1561
5025	173
4476	2757
1710	1594
2420	80
4864	2600
1435	1185
2608	615
3458	1151
2311	1519
191	70
2949	2258
4347	3038
1447	434
1206	942
4229	2615
4229	3018
5196	4497
3485	2904
1555	196
4567	2258
1225	23
5215	498
1206	615
5083	4229
3366	120
3614	636
1889	651
1828	1710
4347	4072
1674	120
4864	635
3059	642
929	120
3755	609
3802	1219
3010	928
4247	1710
2673	2418
5132	4222
3761	764
4371	2348
1836	1656
2158	1493
4981	3085
2940	120
5217	4663
4937	1710
3322	1710
5112	1695
2510	2133
2989	1710
2928	218
1902	590
3761	3627
4663	2756
875	120
2902	2157
2799	72
4918	1710
3344	1450
1965	1710
4864	1743
5188	2416
5094	1705
4879	4864
3755	2261
2934	2070
3887	2749
4820	4582
1918	883
4229	2129
4287	120
2026	72
3837	845
2639	1206
4184	154
2756	1210
2529	928
4993	2253
4820	1710
2804	2158
4466	711
4229	3196
3837	2211
4989	1710
4965	3998
764	440
2810	120
4371	2632
2318	1293
4276	1362
3478	942
4248	3907
2113	2031
3127	1811
4864	1277
600	70
5049	3160
4736	2158
3557	277
4943	267
845	305
1721	1710
5176	3368
4327	549
3396	1033
2870	1087
3803	2481
4229	3812
3426	2380
1680	260
4229	2188
2115	871
4491	3131
4347	946
3387	120
3988	120
1431	159
3368	936
3789	120
1354	1206
1163	96
1710	886
4439	462
1331	602
3372	277
2031	1555
2929	761
4608	3780
2418	1656
2799	1741
884	120
3901	2967
4824	1710
4655	2633
4229	2575
3267	1127
4466	4023
5076	2263
2922	120
2965	218
3522	1447
4576	17
4463	3401
5244	2633
3846	1429
2071	1710
4839	3297
3873	1447
3007	1889
2250	1868
2040	1483
2949	2673
2117	1193
982	53
4954	3358
3178	120
3680	33
4864	1555
4229	1053
4275	1772
4127	3786
555	347
5112	4237
2964	2520
4044	1710
1269	120
4191	1892
4591	1429
4734	3109
5035	4229
4963	3358
1710	22
3210	1127
4533	2153
1754	761
4042	1710
1884	91
1776	1710
4561	4030
4139	3740
3442	2560
960	917
4347	3572
3631	2756
1710	988
4608	2318
3376	1710
2158	118
4935	1555
3669	1614
1757	635
3458	453
4347	2870
4412	1087
2149	1710
2899	338
4736	1127
4057	3237
4646	2559
3119	120
2258	1047
5018	2239
2020	1710
3572	883
2656	2318
4540	2982
4537	927
3109	845
4473	1710
3710	19
5206	1710
3175	882
4315	3807
3436	3300
1390	302
2559	1129
4864	2339
4385	3758
1603	1555
1553	1087
4469	2087
4663	299
4497	4347
4849	2117
3174	803
4401	3740
211	191
2134	1356
1773	1165
75	18
3011	1710
3755	2194
4355	1710
2469	917
4031	3255
3998	2515
4663	3475
4087	566
3759	3458
4483	2633
3478	225
3354	1206
2904	1553
4076	3177
3331	302
1348	1338
2547	2408
2999	1918
4738	3755
4351	1710
2989	2211
3554	2095
2285	1479
3354	1555
5230	4873
3846	2258
4174	2207
4170	120
4229	332
4989	871
4116	3819
1736	917
4494	1614
1741	498
1807	1127
1380	120
2515	1420
4864	1626
4838	1137
2158	981
5046	2318
865	120
2520	7
4809	1743
5185	291
2902	636
3688	3668
1764	1710
3761	1678
2529	17
1710	1047
4229	2946
4785	4385
2749	1447
4229	708
3498	2358
3488	1555
3361	7
3243	2318
4873	2358
2989	1493
5217	1710
3837	1708
1710	702
1710	692
1111	601
3257	2850
120	96
1636	946
4056	456
1756	1047
2983	1517
2211	393
2673	173
5249	92
5013	1127
3123	96
1807	96
5157	3815
3442	678
4778	928
2940	2147
5172	1506
2194	171
4860	3065
5130	3548
2850	1170
2591	120
2633	988
3025	876
4101	28
4054	3894
5067	1663
5215	3167
4229	668
3627	339
2235	1555
2709	2123
2318	350
2855	2731
1710	1652
4993	3979
1873	120
4429	4075
3769	2749
4117	2749
2545	931
4229	3261
2989	1907
2397	43
4954	3109
3240	453
3366	1710
2781	1710
3438	1710
3051	1710
3790	3038
4537	15
1293	803
3177	1080
3680	1710
4921	2713
2368	356
290	231
3424	72
3485	2367
2666	1710
3398	1555
4608	4529
3167	1167
4686	1111
3138	2316
1555	1493
3926	3413
2585	1614
2801	540
1484	901
4124	92
2186	555
4222	2498
1690	497
2111	120
3109	1918
1710	612
3792	425
4229	2309
3931	601
2285	231
5035	2066
2194	1700
288	4
3636	277
1710	462
4738	3174
4963	3976
4582	2258
4229	1170
4213	2087
3204	599
2069	1542
4978	120
2289	393
3210	2211
2158	1995
3614	2380
1710	982
3643	1907
5175	4028
1811	277
4864	2763
4285	1965
4407	1007
2505	96
3478	1395
4796	4608
4734	4558
2579	1710
4864	1013
4242	120
2194	305
2895	1619
2499	1809
2673	635
3896	615
976	92
4492	3109
4787	1455
3015	1710
1014	566
766	692
2855	2158
3062	1047
3598	946
4627	3255
1455	15
2158	600
2709	1033
4725	599
3548	181
4803	3835
1870	275
3313	540
4943	3496
4167	1710
4990	2258
4347	1493
1710	1644
3556	2757
2352	1126
2806	448
2392	82
4315	2870
1555	212
2537	2293
4447	3602
5226	2549
2393	1348
4784	1081
4343	1493
3219	871
4838	2244
4864	3039
4558	4493
1396	566
1206	1047
4529	299
2123	1678
587	120
3917	281
4229	946
3392	2085
1614	537
4248	2673
4561	1710
1785	864
3404	609
4540	1427
1555	940
3404	1127
3160	2902
5234	3778
3627	2524
3834	2981
4072	3381
2576	120
4849	3792
2408	1710
2923	2750
1420	552
4472	1447
4838	289
4327	149
4347	1002
4350	1053
4347	192
3755	2850
2443	192
4229	2740
4899	2237
5215	328
3354	2258
3410	2749
2749	1336
4229	3467
5132	2663
2870	2095
4285	2160
4050	4041
3368	2420
4625	2087
5063	1303
3426	1465
4655	4229
4114	1710
2505	1447
4385	2363
3780	2158
1710	818
5217	276
934	453
3740	2956
4736	2157
2940	1669
3917	3643
3485	759
1479	120
3747	288
1736	1081
3572	602
3269	1710
2537	1841
1484	72
4116	3755
3629	1710
4855	759
1710	578
4864	1545
3720	2646
699	96
2923	1710
4195	2537
2542	1181
5025	2339
4229	3863
1656	1405
1678	120
1524	940
3167	2481
5247	120
3602	1652
3740	2189
2451	1608
3213	330
3594	2308
4193	22
3462	2749
1868	1135
3015	1687
3785	1656
4229	2311
1080	1062
723	305
4824	1555
4015	816
5103	3283
4719	2327
2239	7
4732	1710
332	120
5161	5026
3755	2855
4229	1127
2416	1947
4438	2540
2293	2158
3550	120
4796	929
3213	2665
543	260
540	120
3894	2567
1785	1743
3714	2895
3462	3154
3515	667
761	601
4054	118
3984	934
2981	393
4849	4347
3358	1918
4469	1872
5176	1965
4494	1710
3843	2802
4272	2258
2211	674
5061	5020
2211	727
4026	1809
2313	82
3651	1022
3628	601
1206	191
2311	2117
1247	96
4894	2787
708	393
4738	1455
1710	122
4954	1918
3969	2494
2368	693
1466	871
1127	976
5184	5025
2665	886
2416	1873
4738	3109
3669	1555
3764	1055
4054	2158
4275	3165
120	61
4347	2779
1438	72
4873	4184
2934	328
4237	1710
581	280
2929	2789
4275	4056
3501	2550
5062	399
2861	1537
2749	2422
698	120
4229	2406
4148	3306
5062	4727
4975	2279
1636	881
3192	1710
2030	1944
1710	2
3462	1656
1555	692
4839	3212
4275	3306
1907	290
4158	2258
4573	2673
3999	1555
4084	1111
5070	1710
2771	2646
2408	600
3376	2048
5021	1293
994	235
2318	662
5082	4785
2554	218
2559	2048
4407	662
4630	3792
4229	837
2313	875
4877	1663
4663	2956
3504	649
2069	92
3354	1146
4608	3594
2806	1555
2435	554
2557	1710
196	118
2172	669
3669	2158
2558	120
4855	493
2311	1710
1127	1055
3734	72
5020	55
2850	602
3463	2554
4849	4124
3485	3444
4608	4229
4214	2211
4483	4391
4986	4383
2158	1293
5188	2904
3411	3326
5215	516
5172	1947
1710	1645
1900	305
3548	1927
2389	1080
5021	1710
4965	2087
601	231
1493	1430
4464	662
2641	2510
4849	225
4558	4031
2344	1652
2906	706
4864	910
4383	2967
640	14
4109	876
2545	759
2510	1695
1710	1082
4412	2895
3167	2554
2902	440
4447	599
4515	4372
2761	2510
3444	3426
1965	120
5215	1053
2850	1448
4784	277
4229	191
1710	1239
1708	479
2418	766
2934	2069
4738	2850
3668	3146
1772	374
4070	2258
5215	1990
2709	478
1612	448
4841	276
4738	871
5112	434
3710	3282
5033	882
5234	4229
4810	277
5115	4031
3621	2408
2767	1107
369	277
4596	120
4116	70
3846	2545
4469	3733
4229	1302
3873	120
3654	96
4558	1555
4031	3572
4089	1710
5067	5037
5021	393
3038	2318
4031	1312
4479	4229
4466	170
1710	180
3984	1710
4820	2537
81	53
2087	276
5227	4981
5227	4861
5025	3192
2408	29
3167	33
5090	2832
4229	1720
2801	434
5048	599
4864	3204
2096	120
3913	235
1798	291
3887	1656
2897	2318
1710	1
2751	2020
3827	2537
871	669
2318	1416
2318	2012
3266	1710
1705	960
4030	537
3855	1710
5046	1710
3629	3509
2158	997
4787	120
3681	601
1192	120
1710	683
2406	824
3410	1870
635	72
4466	582
1996	281
4371	1990
5177	1602
2420	1875
5244	2154
3015	1785
4041	2542
4805	3548
5126	3109
2904	2609
2304	1870
4466	3901
4229	2891
1710	1065
4921	3510
2789	231
4942	114
4853	468
1151	120
2293	759
3025	1425
2749	2656
3654	120
5161	330
362	275
1677	960
1757	1710
758	589
5242	3931
1408	708
3212	1934
3131	2720
2757	994
2158	350
4841	1873
4805	4148
5094	2351
1192	669
1561	1338
5215	3063
4809	4237
4734	1448
2410	468
2397	1170
3068	2130
5175	4864
5067	1741
1334	270
2420	1710
4054	120
4271	2806
3087	1710
2993	93
4041	3404
2652	1710
2700	2258
1892	114
3636	2158
2947	2188
1420	1338
2313	1273
235	180
5206	7
1868	1153
5033	3237
3530	897
4727	615
2769	1356
2817	1070
3548	2461
4970	1907
2875	711
4041	3790
5242	1105
1057	1011
4229	3313
3564	3015
4820	4089
2510	1933
3815	711
5180	2417
3773	2435
3710	2553
4976	1710
4469	2389
3129	456
5056	2154
4987	4799
4997	3029
3556	2158
3240	1663
3028	1537
4311	935
3478	1293
3214	2318
1852	1710
3649	2158
1710	383
2542	777
3894	120
1900	537
1356	231
2934	2417
4663	2848
4229	2071
4627	669
1656	881
5172	4864
3123	931
852	120
2438	2356
3057	456
1519	878
5062	4026
3762	1186
2771	1710
3643	2164
776	600
331	22
3255	788
4734	3755
3796	1710
3436	3165
3022	1338
3949	7
1710	1148
1996	1169
1965	966
4347	2451
3171	118
3028	2861
3045	1710
607	120
3282	897
4229	92
4727	2393
489	231
3485	609
4383	2139
1985	1619
4855	1650
2756	1393
4229	1193
2843	1710
4864	2293
3669	1710
1947	1602
3068	2609
4945	1192
2401	1710
3124	138
4386	120
2901	1656
4864	3052
1555	907
3835	1680
1710	805
1710	1024
3740	3477
463	96
2520	92
1187	18
5013	1210
3764	1710
3016	1736
2673	379
3618	91
3261	1447
4963	4460
3621	2258
3872	1710
4347	171
3444	1889
1080	118
2773	587
3566	1755
5020	2934
4479	2665
4608	2393
4031	3566
4839	3542
1465	331
2158	1230
3634	2510
3496	3395
2258	927
3344	1348
4030	1312
5161	1473
3668	2184
2855	120
4608	3243
1700	26
4526	601
5124	1603
5202	1710
1206	266
2732	1104
3556	939
5048	4853
4407	3016
766	607
4028	1087
3643	3509
4573	2258
4276	2855
3077	1555
2646	2567
3894	2903
2258	2047
3931	1356
3628	120
1057	642
4229	3873
4577	2258
2258	2070
4383	2358
5241	2318
4222	2639
3436	2273
1710	760
3438	1338
3556	1466
2756	120
3652	3556
3558	96
1331	309
4229	2879
3710	2673
4229	2069
1555	1111
5184	4184
1710	373
3219	260
4306	2211
3628	2481
3485	3063
3540	120
4385	1710
3649	2318
1087	798
3798	1710
2999	225
844	191
1947	1884
2351	7
3755	1538
5202	484
4311	761
4126	1710
4977	96
3471	2278
2011	1107
2850	2709
3146	1555
4347	3720
291	247
4954	4116
957	120
2775	2604
4841	2115
884	43
4960	333
5062	4810
3761	2680
4124	2934
5230	2172
4582	3674
3483	2509
3714	601
4229	2524
4685	2211
5130	275
3154	2482
4275	3966
4738	92
4401	120
2993	1127
4864	2779
1493	816
2956	1710
4853	1129
3834	3308
4496	1741
2554	1013
4229	3615
3183	1710
4608	595
903	848
3029	1127
1743	1447
4311	2481
1127	92
2848	1561
3807	7
1938	1151
4868	566
4229	3212
4455	120
4529	981
2279	72
5171	4347
2544	2258
4878	1710
4237	2510
4579	3843
5013	3526
2064	1082
2112	568
2889	1873
2194	871
5047	4345
2435	2289
1710	950
3540	1873
4608	7
1870	1710
2897	1995
872	761
4954	4229
5215	33
4598	2207
3827	1539
4873	3827
1946	22
4921	3983
2749	927
2344	2263
2380	2285
4558	277
4954	4738
491	228
2076	615
4558	871
3548	485
2633	1127
3004	640
4366	2700
3564	1690
4201	48
3792	1708
5021	4691
4470	120
5056	1608
3926	2318
3888	1273
2724	7
3825	1431
2085	688
4954	57
4810	1807
4799	1710
3988	1710
2851	2158
4070	3028
2358	1695
5171	393
2358	1928
1331	92
4054	2806
5050	138
4796	2266
2889	228
2767	590
3795	1555
3174	305
4021	2789
2158	549
2031	1561
3498	1446
5215	3720
1223	7
4864	4282
3795	2316
4785	3725
2157	478
2812	2358
3467	96
4347	118
4124	2113
629	196
3755	1448
2923	2797
2709	1612
3404	2544
2806	2443
4776	4479
4026	3424
4864	2767
4174	1710
4580	3404
4350	3381
1687	1602
1710	9
3267	379
3807	1219
196	7
4970	3987
5025	3153
2864	2633
4997	651
4841	1872
3261	1710
5130	881
1212	1115
4280	3617
2408	587
4573	708
4864	2602
4582	1741
2870	1555
1870	1566
4229	3192
1481	1137
4784	4536
2158	491
4070	1710
3344	2559
4766	1710
1918	1448
3621	1870
2757	92
2889	508
1907	181
2579	1807
4997	1356
4803	3643
1527	578
5103	484
4864	4627
3669	332
3413	1773
1527	212
2566	586
4526	120
3146	1493
1455	901
3501	2233
2333	833
5021	1127
4536	2211
2633	1493
2789	1710
3178	277
2215	1356
982	196
2258	1571
5048	2559
4126	2273
4229	4132
4243	1710
3848	1741
4229	618
4275	3307
1519	498
4248	1757
3515	615
1865	1710
2387	997
3837	2903
3888	1710
1555	144
1408	316
1473	72
4237	1952
3678	2787
5227	1334
4536	1710
3846	3643
1465	498
1127	422
4352	3760
3897	120
1511	70
4350	1708
1710	434
4529	1710
4101	96
5222	4864
4608	1776
4842	1219
5172	2515
1457	410
2147	386
2048	708
2040	1710
4031	946
2217	871
2211	363
3177	1555
4734	4347
4451	4229
5188	1922
3074	1555
2211	960
3279	615
3109	1786
1561	1111
4369	2263
3124	120
3687	1710
2781	1741
3698	249
1555	7
4229	2117
3257	1710
5092	3602
607	564
4608	4127
1935	1555
3803	600
1710	958
864	651
2258	620
5230	581
4229	2604
4060	1807
1710	1165
4229	2962
3771	2060
3819	3485
322	75
3566	191
2469	1206
946	191
1875	120
3260	2420
4347	1473
3998	1420
357	120
5161	4738
1736	699
2358	1455
2348	347
2026	1705
3154	735
1555	229
2579	921
3485	803
2608	2318
2319	1710
2406	903
3378	2982
4174	120
1864	1206
4046	3993
5227	3504
4734	3358
3556	92
1710	331
3617	28
3132	1710
1710	249
779	420
3331	1334
3366	2064
2318	1397
4835	96
4646	2211
4608	2608
4591	3680
4026	3807
2993	1465
2929	33
4117	2258
1532	1457
4229	3892
3998	1348
3643	2189
3204	1710
3846	159
4997	3426
4663	2158
4754	1710
2189	461
4663	291
1710	556
3478	154
4725	3170
2646	114
1493	122
1807	1710
4229	2772
4326	120
3267	1710
5072	3334
3834	3410
3490	3266
5185	3668
1710	649
3485	7
3872	1447
1555	1002
3243	2158
1555	446
2515	2393
2549	914
2123	440
4229	967
1127	635
2999	2850
3618	1176
2012	1368
2850	1700
3146	778
2641	2147
3652	2318
3687	2237
5201	4229
4119	328
2559	1031
4566	4237
3255	1870
4173	425
4591	3475
1306	1170
3661	120
1870	120
4540	3543
5137	4275
3013	1710
4148	1290
3417	1682
4604	2207
2393	7
3830	2410
4192	1995
2217	1700
5208	3109
4805	4343
3848	120
3410	1566
4957	4229
3028	2550
4116	1427
2515	1947
4249	120
480	233
1710	482
2123	573
3023	473
3614	110
919	842
4960	3156
4491	2633
4965	1614
2673	1571
1976	1127
4963	1272
761	33
3213	1748
2311	986
2158	1900
2749	2570
4473	196
4965	332
776	453
4864	453
3831	120
4785	4345
2393	2318
3651	1555
4229	3405
1710	1561
4275	1938
4057	3404
3458	2724
5035	3651
3749	2520
2720	1710
3237	70
4229	1505
1710	1511
5253	2221
4099	3407
4810	3815
328	7
4383	3847
4429	3740
3807	1373
4807	4210
1787	1710
3602	1554
1947	235
2374	1710
4784	1505
4873	399
2393	1111
4989	2176
4807	2087
3025	2158
2717	2348
2211	2108
1710	307
4838	92
3582	2408
5025	642
2327	120
2749	2062
1223	864
1506	1338
1918	479
4127	1457
3567	1710
1886	1710
2779	1710
1345	858
2382	2020
4529	235
4860	96
2318	595
1954	277
4438	3834
3017	2451
4853	275
4229	4201
662	18
5021	1901
1206	72
3109	2194
4347	2293
1710	1566
5242	1710
3526	1785
3764	966
4864	1426
5242	1708
2891	1710
2864	1206
4703	2749
3834	303
3699	2612
4849	93
5198	4229
4608	2012
2546	1710
3361	2519
4497	7
3154	2279
2953	2756
5020	4803
2848	277
5171	4954
3669	2113
1555	1303
2609	2461
5160	2895
4979	2775
4327	120
5021	4558
5021	4608
1710	1497
3947	1922
3988	1608
1710	537
883	57
3018	120
4174	995
5188	4127
1087	884
2801	2352
3161	1656
4841	120
1080	154
1473	816
3512	362
1859	1002
549	129
2461	120
4807	3668
3541	120
4767	976
3976	2211
3837	537
1306	537
3071	2158
4627	3509
3680	2258
2047	120
3548	2836
3061	1710
3548	2532
3621	564
2069	91
1889	1776
2717	2158
934	716
3257	1448
3843	2922
1362	1127
3478	2318
4229	3652
4412	1710
4056	1710
1710	1330
1636	191
4229	3827
3177	1660
4591	196
4078	120
4873	2172
4014	120
3436	277
4861	4608
4627	1511
1872	1170
4580	7
3472	202
4970	688
4345	1710
4809	4229
3022	332
3792	1955
2850	2714
4598	120
5062	4950
2802	1652
4849	3174
5132	2750
3558	1765
3466	1710
1337	693
4229	1554
2609	2384
2117	1127
722	363
4963	75
5215	3931
1127	869
2435	1599
393	92
2936	905
4521	75
3526	864
2482	2040
1785	1695
5215	3651
4030	1720
5025	4031
2062	1656
3651	1225
1705	1587
3755	602
4212	3213
3687	3362
5049	2157
2289	650
4727	3710
3052	1555
1555	697
4184	1473
1435	231
4412	399
2336	2237
3358	2154
2641	777
3759	2743
4063	2673
4921	882
4026	2529
4540	2358
4507	1127
4540	4030
4101	561
3485	867
3677	2117
4237	1656
4372	2639
4371	1146
1710	1537
3745	1710
1338	693
3526	3413
1710	1144
4192	578
5067	1481
711	18
4974	2268
2311	1127
3969	92
2923	1070
5020	2047
5172	1655
1892	1736
5132	4950
609	587
1003	235
3856	2934
1947	1420
2318	1538
4229	1331
1872	1047
5224	1710
2559	2393
3651	2709
2123	1188
1519	1455
3165	2012
1555	235
2006	1710
456	120
4777	2158
3674	2641
456	180
4347	4331
4849	1708
2020	1053
2700	1656
699	7
5103	356
942	549
708	154
845	7
2273	1359
2756	827
5134	270
3240	982
5215	3146
3040	1710
5112	2263
1426	882
4072	537
1892	1007
2363	1710
4864	2356
4496	1481
2673	2037
934	599
5030	1980
3498	3382
1555	1297
4864	441
3264	2368
3237	578
3598	3213
2113	196
5074	3976
2540	2536
3734	1710
4566	2555
2340	120
4632	3167
1719	191
4663	463
3896	2211
5208	803
1080	291
3767	7
1710	1348
5249	91
2258	711
3636	2416
4540	277
2999	154
2380	1170
3478	305
3485	1918
5056	277
5116	4734
4021	2482
4347	4054
2871	1710
1764	118
1445	197
1682	1390
1708	537
4497	1710
5215	118
4663	907
4229	4148
1447	1426
5137	3710
4582	4237
4558	942
3025	2318
3995	3602
2646	120
5230	347
2318	726
4274	2406
4784	3854
1206	881
1176	48
4960	4229
4734	1700
3457	716
3740	2934
1839	1710
3444	2215
3843	2419
4274	2978
2123	330
4963	2056
4003	120
4237	3687
3215	816
2954	2749
927	202
2211	692
635	92
4026	2258
3077	196
1356	114
2348	277
1708	92
4383	484
3478	1127
3903	1710
3680	1553
2890	1927
1710	213
3516	91
1710	171
3764	1965
4738	4734
1002	882
1710	1308
2946	982
3782	2258
3627	2085
2318	1612
4497	2020
4210	2172
1710	835
1572	1206
5241	764
4076	4031
5132	3773
1710	1127
4784	3358
3174	1293
4954	602
4581	4130
5062	4608
2258	1293
4081	2482
5184	2258
3815	788
4841	28
3540	3160
4663	2560
4031	2964
3755	2311
2673	2279
2972	1710
5191	5180
3949	3483
4586	2408
5249	4372
5078	4229
1741	555
4030	1710
1708	760
4229	3557
4209	120
3283	2368
3598	2236
2756	907
4352	1710
1544	267
374	120
3627	1656
5035	3556
1710	595
4986	766
2724	2363
4243	3154
5222	1381
3969	1741
4967	28
3834	75
4521	1447
3511	120
2749	2274
2879	1710
4864	1673
3803	2289
3760	118
1455	1354
3734	1736
2877	280
4229	63
3038	946
4591	931
5126	1127
4853	362
3627	1206
4725	1104
3079	1710
2172	581
1710	1071
4271	2273
3628	1889
2451	960
5021	4627
1555	587
1907	1206
4702	960
3109	1448
4864	2509
3651	3478
1396	844
3458	960
5184	3710
1710	837
3509	2600
2509	1710
5033	1994
1710	1368
1555	372
5196	2258
4711	1447
3485	2458
758	120
4075	7
4366	3699
2357	1126
3798	1555
1307	196
4841	4315
4229	2663
2742	1710
2311	1447
4993	1217
3410	2629
3469	1710
4758	1710
3847	2358
2029	1710
4372	191
5050	2165
1432	120
4784	3772
4229	3690
1710	230
2158	1348
5021	3063
4229	1307
5050	1748
4670	120
881	191
3843	764
3065	233
4864	2108
1129	599
2856	671
1956	1807
2258	587
1726	1561
2348	581
1127	230
3872	2279
4347	2374
2646	1087
2940	2529
4275	976
4954	2408
4455	1710
3174	2999
4951	120
2112	120
3547	1710
5196	7
4229	3458
3907	3835
4275	29
3426	2720
4130	2756
1170	91
1895	1473
2993	2393
3949	3677
4243	456
614	120
4229	1995
195	120
1918	871
4853	3846
5021	4990
1636	1206
4341	1710
2609	22
3114	2740
4849	1896
4285	1055
3834	1636
4568	1710
4727	1348
4731	1710
2325	231
2258	618
2756	1799
2037	1484
5210	3815
3504	755
1736	1026
4864	548
4820	3413
2380	393
1431	1429
2775	1396
4759	769
3516	946
1947	1710
3785	1612
1007	917
2285	1636
2422	271
3813	1741
1990	1555
5224	1127
5037	1868
1710	1527
2806	35
4046	3636
3261	1922
2313	1710
4412	4210
3051	2094
3628	1356
5177	1348
4229	4023
1193	547
2832	2352
3231	2090
2147	1859
5198	1710
4663	2005
3772	1426
3651	508
2537	1705
2656	2158
3417	1710
2695	1354
5177	2318
1695	96
1129	275
1427	1338
3174	1918
4727	2851
1561	7
3792	2806
3871	120
4087	1435
3926	2435
4229	3837
2870	2020
1643	1127
4852	1708
4210	2537
3556	1710
4767	91
1710	1623
4229	3730
803	43
3210	1047
4189	1741
1667	1087
3140	1710
4864	692
4777	1907
4625	2064
1217	1164
4691	1710
2817	928
1189	1127
642	4
2380	573
3931	3426
2612	2505
4148	901
1673	1105
2544	759
2293	1338
1710	1681
4237	1208
4148	2439
3678	662
4845	4199
1338	347
2285	1708
2211	905
1217	149
3160	764
1789	120
2085	1710
4160	1710
5164	4371
2663	92
3680	759
4391	1080
2954	2318
1710	567
726	615
5035	2850
4229	91
2117	803
5033	1555
3483	2644
4355	3807
2929	2740
4116	1990
4026	399
3825	2904
4327	1807
1553	931
1555	881
3668	1721
1507	316
3059	2523
3077	218
5021	3846
4229	2850
1870	1189
2211	1082
1710	362
2482	120
1773	777
4029	2528
3847	120
4631	2312
2743	599
4537	3526
3146	1603
1080	360
1614	1506
4383	516
3290	1710
4849	4184
5049	4736
2417	316
5247	4864
1555	277
2720	1706
5202	7
2875	1811
5048	2923
2809	1710
1710	149
3334	219
4372	7
1438	599
5175	4473
2700	243
3556	1461
3740	1359
4229	934
4276	2806
695	17
3755	2795
2999	2194
2801	23
4744	1710
4530	1710
1338	129
5003	120
3334	2961
4873	3469
1710	881
3548	461
4876	2742
4009	2123
4212	764
2641	96
1149	889
4229	1569
3498	3457
4229	2443
5049	1920
1710	1663
3444	3167
1710	1568
4148	153
4229	3165
4193	420
1710	817
5184	3358
986	120
1710	869
1427	1127
1994	764
3109	2850
4784	2797
4967	4507
3790	92
4469	2924
4021	96
3694	2020
5078	393
1555	1353
3807	120
1710	848
599	362
4663	3903
4229	806
1901	1710
5062	1655
4041	994
1380	330
3643	2903
1710	833
2167	120
4838	1312
5066	120
4663	2087
2732	931
1660	277
3509	234
2757	1710
5176	2749
4954	1331
2012	1710
2348	280
5050	400
1710	691
1555	290
3212	299
3710	48
3160	2673
3730	3289
4493	1710
5241	1080
2956	2529
4891	2158
766	96
1587	897
1741	635
2258	1938
1435	290
4507	3827
3381	233
3171	1710
3063	871
3301	114
2646	43
5021	1721
4591	2544
1710	1680
4243	3462
1466	92
2999	640
5230	1741
1710	287
5050	379
2925	2520
5035	875
3478	1331
4632	4229
4921	2802
3976	1080
4483	3170
4057	1555
5254	2902
4347	3289
2602	1016
3747	4
4864	362
4253	326
4734	258
2749	1656
2806	225
2850	57
3276	1571
1710	408
5020	2927
5173	988
4911	1447
4036	120
4492	2855
1710	984
4580	2709
2597	1710
4663	4332
3627	235
1710	1356
1555	595
2549	247
3451	914
4558	2358
4371	4229
3790	2069
4997	2348
4229	2864
4225	1901
3558	1127
1431	931
5025	4970
4864	1568
5142	1710
4116	3482
3123	1170
3807	699
2139	1208
3790	2158
2528	1669
934	582
1710	1116
4852	3815
4608	928
3599	842
1408	1047
4941	1710
4117	1907
2641	218
3917	3566
2380	1356
3602	3598
2542	1773
1994	1549
5217	1868
4137	662
2936	2870
4981	4086
2993	651
3548	788
5025	3485
4229	3926
1206	618
1700	548
4867	4483
4229	3028
2756	1741
972	291
5172	2358
4285	4199
4634	287
3123	2458
5173	4540
2547	2358
1710	26
3784	2087
1710	1504
4537	1076
4864	2570
2404	1757
2567	2417
4784	1189
4332	2318
4921	2709
4967	3558
4509	120
2756	1517
1710	1296
4841	1821
4921	29
4124	1053
3153	305
1771	1710
3174	2217
1129	362
2850	2217
2615	1708
3483	2358
4810	2273
2066	1710
3831	1561
3462	7
3410	1381
4627	4057
4112	2237
1710	1545
3411	589
5254	80
4651	1435
4861	4347
5196	2293
2413	1710
2855	1918
3392	1549
4663	600
2382	871
1493	191
4899	4566
4566	683
4148	2416
5035	3472
1710	1104
3811	3543
2031	1111
939	399
884	582
3861	2933
5003	4347
1710	356
5172	1420
2559	1864
4229	2757
2432	120
4473	1555
4702	2358
1104	148
4894	1644
3071	764
3699	1447
4338	96
3395	372
4412	3745
2357	1710
4878	4608
4803	3232
4608	3548
4997	3628
4146	1710
4849	393
1710	269
3413	2816
4864	4383
4767	1481
4124	3792
3572	1331
4663	277
3652	1555
4997	4225
4997	2285
2263	339
2443	225
3907	2901
2801	1994
1455	32
4229	3188
2123	1534
1555	1532
3654	2207
2545	883
2258	2108
4232	3015
3710	1587
4736	2524
4003	3381
3109	2244
3762	3594
4963	3926
3863	2899
1710	854
4027	3894
2258	1673
1483	202
4558	3755
4608	2293
3004	372
4694	1710
5226	3463
1527	290
3969	1279
2048	92
4744	960
1710	1429
4558	92
4561	191
5069	1710
1935	1710
4439	976
4347	600
4109	3699
4072	2393
3766	3294
5076	213
5116	2756
2789	2318
4767	3485
1710	1687
706	96
3240	120
882	697
3010	1555
1555	118
2105	1741
2158	192
5021	4189
1455	1206
4852	1507
555	399
2165	1710
5165	3628
4993	181
4864	3504
5241	3260
3651	1873
3856	2749
2565	287
4031	3044
2172	1710
3710	2743
1980	1710
2311	2158
2583	270
2325	2158
1636	92
1408	393
1445	1273
4663	2012
4558	1708
4719	1643
4734	2850
3485	1230
2565	547
4229	223
4965	1710
2207	692
1737	1710
3509	2304
1767	118
5226	4054
2988	287
4558	798
2285	980
833	243
2318	192
4343	18
4229	448
1710	1447
1710	939
2158	1111
681	662
3156	2350
2258	1561
4702	2749
4842	1710
4275	4063
2318	1111
3294	331
4119	17
2978	2406
4853	1710
4116	120
2861	1447
2207	635
4963	276
2927	2358
1710	1381
3762	2360
4119	1710
4941	2978
2761	1555
1710	189
4347	225
4630	93
4891	2410
2318	1652
5242	155
582	453
4191	3509
1710	1105
3426	2215
277	192
3614	3599
3368	2121
4608	1561
3554	2056
2515	332
1555	1395
4954	4677
2385	600
960	776
3698	291
1981	1519
960	817
2717	1189
3404	3326
2964	1206
946	28
4685	982
1938	1757
2368	914
4229	26
2946	1935
4724	3065
4407	1081
2393	2158
4861	4229
4864	1954
5033	3260
2164	1338
4941	824
4338	4229
3669	3170
1212	1118
4412	921
5025	3713
986	377
1080	357
914	693
5188	994
2382	1057
3213	2299
4951	92
4634	1193
4276	4124
3114	1901
1710	1614
4954	1700
4137	2358
2542	1952
4174	2756
4229	2374
4347	2714
1033	339
1524	815
3768	2775
5135	399
4663	561
2546	492
1965	1055
4778	601
1876	120
2795	1165
4271	4229
4229	1395
5215	4243
4993	4086
4738	784
1555	1331
4873	2812
4727	1555
5215	1356
4864	4044
5215	291
2123	203
3643	2560
3509	3485
4734	615
4057	3038
4567	2749
1787	120
1710	328
5160	3747
3669	1602
667	120
4184	1872
3825	2559
4540	4184
3843	2157
2936	865
5172	1555
4369	3761
3993	234
3614	842
2344	434
4119	1719
4276	708
4031	3063
491	299
4364	120
3257	2406
5021	671
3931	3628
540	493
4868	986
980	247
940	590
3277	120
2451	615
1614	129
3262	120
5062	4496
3174	3165
4054	3381
5184	2749
3599	1868
3785	1493
4229	333
4072	1710
2393	2113
2787	910
3354	875
3275	3213
2714	1555
3472	2596
4663	3477
120	82
4229	247
3240	492
1710	473
2899	120
4331	635
1981	1555
4873	1741
3376	2946
1667	275
4963	4439
3652	2559
4229	17
2989	1985
3815	122
2673	1080
3708	230
2993	761
5151	662
1555	1390
1779	289
5222	5180
4099	2750
4663	2934
4469	1080
3564	1889
2505	1868
1710	1167
4407	1710
711	218
872	704
3654	1695
3811	180
4124	3837
4983	120
1236	764
3426	2285
3976	3834
1602	4
4838	3773
5050	669
4591	498
3485	2443
564	29
3443	1710
3260	1710
3207	2358
4347	2443
2640	1080
4253	2490
4476	3509
3758	291
1031	788
3516	92
2231	1555
5072	2851
4558	1928
3835	876
4148	2967
4864	2260
2279	1484
5172	3170
5215	2897
3628	1435
2789	2258
1959	1208
3638	3507
3501	1080
2207	276
4174	2211
3695	2749
2408	2113
3762	3702
5021	1527
1710	1057
1555	928
4845	2244
303	55
5137	540
2927	120
5076	2902
4275	3856
4026	555
2289	1230
1710	1690
1786	1127
4275	3255
2449	1710
1710	1142
1708	448
3598	1710
827	339
3023	2772
4873	1206
4583	1710
4954	1555
3755	960
3554	96
5013	864
4483	909
4276	2358
456	18
2318	997
1710	1210
788	29
4868	2929
4853	1070
4176	1710
3740	2529
4347	3326
1930	1555
3947	7
5063	4784
4469	1710
4127	2756
4663	977
5208	2258
3843	1033
3669	1420
4835	120
4326	4229
3807	1034
4217	2020
4873	1663
1652	1555
5160	3543
3015	1555
4385	2672
1080	881
2158	960
4841	3602
2318	291
4663	592
1710	1420
2724	2559
2954	2158
1196	615
764	511
3306	1603
4363	1710
2451	817
1740	461
3175	213
3044	191
1889	601
2633	726
2769	1710
4184	3558
4439	2207
3282	2499
2030	1748
4473	1643
3557	881
3464	3044
4229	1747
2978	1127
4483	2640
4630	4184
2958	1348
3381	537
4371	4347
1448	803
4275	2989
4803	3004
3761	2263
3889	2797
5020	2637
3504	2732
4767	92
2273	120
5021	1493
2673	29
3175	120
3279	1555
2211	14
4540	1435
2967	824
4275	75
5112	1505
4879	120
4202	176
4954	871
4600	1555
4054	3463
2258	635
2988	1193
120	35
4784	2951
1918	760
1859	72
4849	4311
4483	4229
4229	225
4839	2787
4608	3720
4229	2967
2344	213
845	92
4184	2358
4595	4579
5242	601
5021	1331
4274	824
4537	3725
1710	725
4483	2329
4089	3526
4853	4447
4112	2336
1619	600
4873	620
1710	668
3815	2940
4229	2031
2285	651
4558	3863
3846	3466
5165	1127
4229	3995
2964	191
2158	662
4054	1748
2770	1186
1602	499
4970	2207
4608	2554
5132	4193
1455	966
4229	1080
4202	3710
1720	288
5025	3354
5020	2266
1710	1438
4030	92
5215	3896
2158	1048
4199	2239
1517	120
2368	1080
1348	129
4149	65
4275	3195
3442	120
4608	1505
1447	1416
5025	2773
4963	1549
2570	1710
5021	4028
5020	4237
5227	4993
4774	1710
2147	882
4663	2545
4094	1710
2749	635
4558	1710
2420	2318
3478	196
2158	2113
4660	4331
3326	1230
4807	120
2961	2235
2303	1127
3896	2544
4926	4864
4864	1599
883	803
4026	7
3915	2663
3843	2510
3039	966
3231	1710
3915	3815
4229	2639
4974	3710
4864	727
3668	599
1111	931
3807	1811
4873	3387
4803	3410
1710	747
3392	120
5030	2732
3652	225
4075	453
1710	1114
4817	561
3485	1416
3755	2500
1756	1435
3093	2080
4576	1710
2709	230
4086	4054
4864	431
5069	3306
2324	1206
2555	1952
4229	475
1710	402
2130	1873
4306	927
4777	2775
4041	3213
4663	2147
1871	1710
3815	3462
2070	564
1507	556
2850	803
2934	1519
3628	33
4600	2147
1710	324
3988	931
4276	2327
296	228
2235	2020
1868	1537
5040	1555
1995	218
4130	3381
1710	1380
4663	2304
1907	22
2989	1506
2598	1555
3404	2318
2813	2368
3154	456
2172	399
3143	7
4537	1687
4229	14
5072	371
2966	950
2639	760
4864	1571
4075	120
5242	1889
1710	1193
2230	1571
2055	1656
4864	3602
3372	3361
4193	3382
4784	1493
4864	1947
5215	4383
4738	2217
4229	2922
3028	1868
960	816
5244	1568
4997	4229
3061	2596
2158	595
4094	2519
2047	766
1555	291
3873	1710
4608	1297
3831	1530
2631	120
1206	776
5172	4725
4003	2743
2801	2123
1055	7
4828	2532
2673	2357
1080	601
3988	1047
4229	3519
4451	2053
3368	1429
3643	3548
3543	1864
1532	1505
5083	2804
4784	2816
3714	3240
4725	4170
2663	1741
2903	277
4511	3417
4229	291
4852	1720
4333	1710
4849	2545
4838	191
2724	1127
4483	290
3855	255
592	7
4266	916
4369	1208
3099	1947
2850	2443
4332	4217
3424	1710
5110	4864
1555	1420
1756	1602
5014	4229
2108	461
2756	1473
4028	2673
3643	1047
2850	548
2904	196
4311	3628
3856	2258
4275	482
3594	2318
3698	1307
1710	1340
2258	1545
4853	2499
2856	1786
4867	4116
4663	777
2615	1918
4124	2443
4483	2529
1757	994
2037	901
3631	72
4229	1539
1080	316
3830	136
3215	1493
3807	2956
4864	1527
5164	2897
3038	1720
456	32
5215	931
3124	599
1408	93
2553	1870
2420	1650
2318	2231
1275	211
1111	889
1876	1710
2416	28
1236	120
3413	912
2115	1710
5033	2158
4271	3167
4021	120
4229	2336
4199	669
3694	1710
2988	2565
4974	281
2585	2048
3907	587
4275	688
4364	1710
4778	3628
3710	1507
2946	371
2993	114
4491	4229
3200	2934
4347	3544
1561	499
5021	3124
3735	1710
4567	3509
1537	144
1356	601
2158	1303
609	191
3557	2060
4483	2020
5072	5035
3713	249
4331	7
3260	96
3867	3023
4616	1555
4838	4030
5130	929
5050	431
4887	120
4347	1073
4803	2108
2902	2123
1721	1381
2115	1390
4614	2568
255	120
3331	270
2608	2158
2217	602
4558	1682
3378	1873
5050	4192
4963	4849
2215	1170
5052	4229
1230	589
4496	1710
3755	2673
4347	3467
4779	1465
4385	2510
5135	4945
1034	561
1785	1330
4727	499
4966	1555
4954	3174
3368	1555
3167	651
2565	1193
1455	420
3854	305
3566	609
4372	4031
4243	3740
4372	4229
2934	120
5021	4660
1455	1381
3266	3025
4855	3772
4347	4271
4540	1710
1901	635
2439	1273
4878	2934
3341	1710
1555	1273
4694	3483
2673	72
4997	4311
1445	1167
4030	3063
3025	328
3165	2217
3417	120
3747	2258
5254	2207
2211	374
3807	2529
3652	3478
4671	601
4864	1351
1710	478
225	154
3720	7
4785	4229
1985	1870
2784	2749
2793	120
3028	1555
1170	448
3556	2964
5215	3556
4532	1710
4940	2158
373	144
4841	3215
5215	2416
4963	3834
3022	1757
4229	1990
3821	3548
2855	2850
498	114
4031	609
1710	1290
2158	1776
2901	2358
2934	334
4941	903
2515	1348
2012	1555
4600	1779
4372	3773
2982	2358
3532	1710
1080	693
3463	3411
4229	761
3694	120
4285	32
3907	3294
3907	2756
2956	2147
3526	3275
3856	7
4868	3835
1393	1103
4184	2663
3326	2289
4719	3764
4119	2293
1587	1022
3698	1626
5242	2993
5171	1331
1710	339
2352	1652
4275	258
4189	960
4614	1188
4275	635
5137	1710
4582	1457
4802	120
3815	2438
4229	578
4130	3331
2537	2239
3289	2633
5033	3071
2773	70
5164	949
3283	70
3275	1785
2544	1995
2356	1555
1511	92
4148	3988
2801	213
4229	3773
4414	3834
5126	587
2567	766
4276	1053
2260	876
5038	235
4965	3827
4558	4229
683	120
4864	939
1710	931
3993	2382
2069	946
3710	2351
1710	380
2353	1435
3308	2749
202	52
3279	1080
1710	655
4229	1683
3993	1146
601	587
4124	2358
1955	154
3478	110
3485	931
2157	764
4861	2318
2922	2358
2596	1710
2983	2211
4174	2293
4879	255
2324	1656
4117	2673
1602	1348
4229	1947
3740	950
2158	1614
4997	2380
4149	4087
5164	498
4057	1302
1555	350
2163	586
2749	1976
4511	1918
2801	339
1455	374
3485	1176
4306	2087
1995	578
3485	1710
4582	3946
4951	3506
4170	4118
2273	601
2925	453
1455	22
4784	4483
3843	180
3957	1710
4282	2756
4855	882
5021	2553
3462	1618
5035	3652
5188	1907
5164	2848
1390	338
4784	917
3710	1277
2318	1230
3773	2663
4784	485
2810	1710
5025	2925
3720	196
5164	3501
3146	1870
3651	2889
1710	1526
4864	1047
4054	393
5160	939
5122	1799
3462	453
2850	1710
1555	1348
1710	1603
5062	2172
2850	1708
4963	305
5164	4127
1465	114
4385	1532
2756	1612
554	120
4536	2756
2404	2258
4719	1055
5130	5021
4347	2608
3643	1538
5132	977
2953	464
3907	3045
393	225
4469	2031
1104	48
1435	114
5165	4311
4026	2956
2481	928
2258	369
1656	829
3282	1710
1952	695
5172	129
4347	1047
1779	561
4663	120
4229	914
3035	1236
2561	1549
4911	3212
3556	120
4229	852
4347	3755
669	144
4883	2505
3946	1080
1710	1654
4275	4229
1902	693
1888	1710
4099	1602
2773	1408
3422	1710
4243	3807
5026	1710
3509	144
976	14
3771	3387
263	89
5254	120
2975	120
4361	120
1947	1506
2279	1473
2505	120
5215	1930
5072	4124
1680	1447
5210	5021
2864	2258
2731	1127
4199	966
5230	2186
2673	901
3786	1710
5072	3358
2263	213
3755	760
5215	3999
4347	7
4632	761
4229	1980
5160	726
4372	234
1710	29
4099	4081
4347	1331
1836	1710
2609	33
3510	330
4229	881
5252	1710
5172	4229
1571	1479
1870	1455
3366	2408
3424	2927
5021	615
2784	914
4873	114
881	120
2864	2500
4347	3368
2585	1555
5176	4285
4694	120
1626	1206
4275	714
3835	456
4807	1710
4521	1206
3688	1447
4742	1062
5067	921
3843	1710
5215	1331
5254	2344
5078	4864
2756	1855
3993	1555
3504	1710
2233	1710
4864	1610
5132	191
5176	966
3807	516
497	434
3792	154
3426	1708
4413	981
845	51
2254	120
3627	440
4189	2608
1572	1447
2303	1057
4229	1230
2528	120
4954	3257
1396	120
4777	615
3803	277
4347	3087
4383	2231
4237	3213
5043	1146
3848	2934
2889	120
960	498
4808	4713
2570	1232
4639	7
4466	258
5035	714
3654	2344
2382	1555
1900	225
4903	4193
2734	2358
1554	1173
4608	1900
4139	120
5202	5103
4967	928
3109	1900
5215	2358
1553	1429
4217	3477
1047	120
2771	120
2273	1493
2318	2031
4963	1678
3931	2993
4109	96
4978	4229
3257	1918
2724	940
4229	408
4954	2217
4088	1710
2494	120
4537	1785
2344	1710
5061	3411
1602	708
3598	1127
3237	1511
3235	120
4476	2419
4868	22
3404	2855
5136	1710
1721	669
2902	2158
3557	872
4391	2640
1555	1153
1277	120
1736	1119
4429	4148
4843	1710
5025	548
4853	3512
4887	213
3652	1900
3987	2258
3710	599
4864	697
4483	3165
92	70
2789	2158
728	118
1273	1107
2673	994
3372	120
2902	2263
2749	1710
1080	7
4573	393
4864	4646
4507	3039
225	93
760	155
602	479
2789	277
2749	1836
3710	75
1710	1338
4784	2020
2158	1415
4779	4385
1614	1338
5050	776
4086	3548
3313	2094
4799	2449
4852	2940
299	70
4229	261
4873	4026
5021	3688
2978	824
4229	4158
3566	3129
1710	670
3475	1553
5164	196
180	33
3174	2158
4608	3710
4148	1047
3165	318
1111	499
1435	566
4237	1532
2387	270
5033	4385
4608	154
154	120
3426	2993
1493	881
4099	1710
3121	2756
3825	1553
4817	4663
3413	3404
1561	1206
764	213
3780	1555
1331	871
2304	2211
3847	1710
4229	704
2773	1359
4088	1356
2367	1455
3856	2134
4271	1293
3478	1473
4734	1127
120	75
2870	615
2326	1710
4191	1736
3176	2253
3543	1620
3888	864
1710	1655
1561	889
3068	566
120	22
3708	3160
3733	2769
3663	564
3361	2666
2845	1479
4807	878
3114	872
2901	1710
4663	2529
4878	3404
2283	1710
5020	2258
4264	120
4492	2731
2130	1741
2211	875
5215	5050
3124	1757
3559	120
2318	360
516	96
2318	290
4868	1396
5078	196
3103	72
4511	1710
1710	699
2536	324
5035	2870
1080	428
4229	2988
2924	120
4174	2673
4579	1796
4212	3175
4447	788
4864	3873
1821	1493
4873	3543
3785	1206
3099	2211
4686	1555
4229	1952
1545	1206
2393	1614
1602	1111
4109	3375
4662	1736
2899	2356
4727	889
3677	1555
4229	3344
4343	120
4777	196
1555	1457
1602	1338
1338	1111
4555	92
4292	1710
280	120
4494	1947
3803	1710
3297	82
4229	59
3755	3165
3331	1626
3126	120
4229	2294
3063	271
4130	1058
3773	1710
3803	17
1710	1457
2304	798
1928	383
2560	624
4212	120
3548	869
1555	777
4229	1435
4646	17
4942	4229
4110	2559
2724	1710
4902	1710
4600	406
4030	1104
2934	1975
2967	1901
2912	2258
1710	1014
1149	400
1985	1555
4738	1331
3634	1710
5051	1757
2147	561
1710	243
4864	2422
5222	231
3123	399
3052	2964
2528	1373
5062	4193
4199	1455
2709	1345
1895	1524
3598	1549
5199	2348
2318	960
4101	4054
599	96
2519	875
4873	566
4727	2158
1901	1821
2983	255
3846	1710
3378	2889
3165	698
1710	1599
2545	1710
3475	2855
4017	1710
1425	93
4225	120
2519	1710
4841	3378
4778	4311
3834	235
2559	620
3177	1757
3634	1208
1710	1161
3165	1700
2559	75
4611	4243
4229	3324
4099	120
5171	1710
5092	120
2720	1602
424	302
4803	29
3846	2559
2871	120
3621	75
3331	726
4864	3300
1667	1321
5132	2632
3326	1555
5161	4229
1208	508
3926	2158
2030	1710
5062	555
1710	843
4148	120
5072	2961
4873	3755
5249	3059
5092	1173
1555	1080
2756	1094
2537	2012
2993	1708
2358	609
2544	7
3983	1710
3892	2267
3381	1571
379	7
4970	2378
4439	2239
4619	1710
2379	1710
5136	3426
2244	92
1821	1555
4841	4663
4864	4828
3205	1710
4137	2258
1129	1070
1710	196
2680	120
4229	711
5175	2108
2393	1206
4918	4439
3540	1719
4785	1687
2458	1669
4867	120
3124	1721
2545	960
5160	1643
4493	1736
4229	2806
3156	2344
3922	1223
4536	3807
1995	281
2993	1435
1234	339
2722	1571
5103	4494
1741	582
3815	885
5033	1710
3275	1710
4327	2528
5033	3598
3965	3843
3410	2367
4118	48
4725	2458
4954	3472
1555	192
4970	4841
2158	1652
1348	1111
4229	1690
1555	981
5063	4864
875	803
1710	211
4347	4315
914	657
4963	2982
1555	662
4997	3485
3212	167
2579	1302
2318	981
4965	3669
537	92
4031	92
1208	743
1062	120
2749	554
3381	708
2958	1710
2495	1
1062	70
5160	258
935	761
3267	3243
3039	1055
3404	2194
3755	2217
4864	1103
4338	3381
3426	114
3029	1807
4879	4347
2875	1555
5021	4439
3807	3802
3404	871
2236	79
1894	1710
3950	1710
1656	1165
2309	1710
2789	2540
4864	2420
5177	4727
4852	2663
2117	211
4608	692
2773	2417
2544	931
3174	1455
5122	2356
2439	1127
4514	2756
537	93
3025	2211
2536	1710
5217	2558
4568	1549
4903	1710
5020	2899
1825	1710
3502	1566
4608	907
5227	5074
4941	554
871	845
3652	1930
2318	1779
3052	2520
1710	1146
4439	2749
2368	301
3873	1759
2989	582
5052	1455
464	453
3070	1710
4943	2020
1956	120
3358	3153
871	602
2285	331
1859	1710
3303	114
4787	4081
2750	1907
5124	4864
4838	3993
4216	2720
4864	3747
2749	2153
2680	2236
2871	1373
4879	72
3710	2559
2639	1329
4521	2046
2927	1757
3548	3146
2348	1146
1519	1293
4127	363
4225	3694
5021	4769
3475	1619
4954	2855
1127	727
196	92
4124	1408
4660	1455
4347	1338
3303	693
2775	1603
4596	4229
2258	1526
3835	766
2801	120
2680	2263
1710	228
3835	1656
3931	231
4483	3303
4372	3720
2585	590
2393	2258
4864	2392
2443	1710
2316	1710
4385	2665
4507	1710
4727	1338
2410	1798
4275	4075
1555	1293
2545	2544
3016	1007
4163	499
3916	1710
1173	120
4229	1493
4412	347
4796	3028
4371	1447
4217	235
5130	674
5215	3255
2537	1532
4733	4275
3167	2285
2989	2751
3780	1650
1420	129
4536	2154
5166	1710
5126	1111
2348	2266
3947	299
3710	2528
4497	114
1710	493
3526	1223
4731	4383
4229	87
4412	92
2797	362
1710	60
1003	406
4046	2749
2999	1710
708	225
4843	1656
1307	1080
3988	1334
1537	7
4369	2510
3039	1868
3999	1710
3652	2289
2158	1338
2186	1741
2221	1710
4229	4003
3279	693
4473	4229
2956	1034
4777	218
2358	379
4608	2779
2211	17
4285	3764
4248	235
2158	1297
4200	75
4582	1080
4950	4031
3621	1181
4864	4811
4021	3887
5048	2817
1129	1016
4950	1461
2936	1907
2749	1612
4803	2164
5242	651
2795	120
1710	1539
4229	2540
2761	7
2545	2258
4608	3478
4941	2406
3154	1473
4383	3621
4076	192
4229	379
2756	2211
2443	2194
3730	2356
1710	806
3710	582
4608	3025
1710	330
1169	371
5035	803
1995	609
1447	586
4734	711
5062	1206
3720	3710
3643	2435
1708	883
1413	640
708	537
2632	2348
4977	1356
4853	1082
1900	154
3740	1373
3361	1519
1566	1455
1870	609
3498	1457
4967	2165
4663	2408
2956	2854
1208	170
3463	191
2965	2749
578	92
5025	2890
2047	1656
1447	1146
693	582
2789	1555
3755	92
2795	1331
1710	968
5050	928
1555	875
609	420
4275	711
1506	1420
4864	2700
1290	234
3443	662
1412	235
3987	3376
5024	2795
2207	1047
2117	290
4307	3807
2855	871
4229	1626
4719	931
4229	3269
5173	4193
4839	7
5021	1772
5202	3283
2358	798
4217	96
2296	120
4764	120
2380	1889
2537	1429
1555	1073
1390	1080
5227	3326
3161	1151
4274	2895
4275	779
3617	70
3160	2344
3554	872
3475	2545
889	499
4331	816
4569	120
2851	981
4573	120
4829	4229
4347	331
2934	2773
3174	2500
4864	3995
3504	192
1710	949
3510	3367
2030	1619
5062	120
3846	3680
2211	2164
1700	803
4767	1720
4558	1481
4030	70
3160	2263
1955	393
3755	845
1996	371
3614	1153
3507	2258
4529	1555
1907	1555
2855	2545
1927	316
3720	231
5020	4864
4664	4229
1511	578
4497	1435
2147	516
4051	118
4383	2008
4963	1918
3998	1506
4026	120
1710	561
5020	1146
1710	79
1710	605
2186	581
2158	1153
2877	1034
2720	2166
1710	1302
4081	3766
4864	618
2279	17
946	70
2767	2579
4275	1225
4529	1427
4229	2217
2319	1555
1786	1331
3205	2380
3892	1710
5111	1710
3475	2904
3602	3509
5142	4840
4919	1188
4345	936
3821	2279
3678	2802
2318	1103
4081	2040
3710	1907
4921	3634
4496	2207
4873	1053
3652	2806
4873	555
3949	1555
3506	120
5033	590
4472	176
3174	883
2528	1226
4900	4229
2797	2773
3998	129
2889	2211
4868	4229
4608	118
2498	1710
3627	1549
4738	1807
4954	2443
2387	1710
3243	2936
4223	1710
4126	2385
4926	2597
4580	3651
4954	548
3556	448
5241	5021
4677	181
4608	1338
2293	498
4727	2318
5114	1447
4243	2816
4663	4046
2889	516
4332	1555
1447	96
5132	2147
4608	662
4861	231
2673	297
2296	1759
3998	3669
3184	2020
3889	3720
4229	479
1455	96
3747	2673
2812	2368
1959	120
940	883
2285	155
2749	144
4391	1058
2510	2263
1232	120
2663	2069
4229	202
3560	2749
3856	3834
587	230
3674	1710
5062	4526
2158	883
5020	1381
3213	1212
3156	997
3807	2482
4212	96
946	393
4229	3935
5135	1990
3803	1307
5184	901
2560	233
1710	796
1447	796
3171	2972
2855	2194
5161	3068
4663	3699
4576	2540
3257	1293
3602	3313
2936	2318
5241	4873
2258	881
1927	1673
4229	1465
3599	743
4841	695
4264	1644
2680	589
3334	1779
3154	2154
2537	1710
1396	138
1773	410
1427	1080
4306	1779
4327	3835
3802	1206
4026	72
4738	1448
4663	2937
3515	120
4768	3426
699	601
3366	235
4222	92
4193	1710
1555	225
4383	1450
5020	235
196	191
3475	1710
5215	3426
1129	120
1636	91
4094	3149
4332	776
5244	3657
5134	2147
2989	766
693	590
5160	667
4688	2211
1710	70
3993	2165
3628	231
2724	2554
2069	70
1710	188
5112	2680
2537	2432
2902	1695
3485	3475
4663	1859
2117	1708
1907	1303
3762	103
2160	171
4608	291
4152	2258
2967	1497
4492	4229
4276	92
4197	2158
901	72
2279	901
5035	1465
1650	1208
4649	3023
2509	367
3778	3212
4315	2380
4196	1710
2725	1080
2408	1473
1555	997
3160	438
4271	4116
2348	1447
2756	798
5069	1080
1312	120
3015	120
2064	788
4132	1710
3966	982
2928	335
4229	3070
4172	120
2743	2189
934	901
5215	858
4240	1119
4053	1710
3548	3307
2775	1273
4591	2005
1710	935
1710	1280
4483	424
5215	4315
2806	667
997	756
4963	4744
4351	2712
4883	3331
1695	1208
4841	2581
4030	2663
3062	1807
4738	669
2641	1307
4582	3498
2031	1710
2348	1990
1103	235
4148	884
1864	1710
4391	1189
2158	1555
2263	1353
4725	1111
2861	2025
3133	1710
4558	4184
4290	51
1785	1181
954	260
1710	1431
3526	1710
4993	2542
1555	905
4347	1612
2612	2123
3556	1900
4967	2615
2070	1527
4918	4229
2749	977
4276	1708
3976	1947
3023	841
2515	1710
1901	92
5177	1111
5173	946
4229	2348
4963	3755
1555	247
2854	600
4591	3123
2499	1022
640	120
4580	4229
2351	1507
2936	981
4023	2258
5254	2157
3358	2117
2217	803
3785	1995
3577	508
4089	120
3998	1561
2443	1900
5094	2106
2258	1082
3848	1527
3498	716
2965	1493
3825	2545
3417	2258
3515	1555
2367	72
3512	275
5116	4466
4586	4025
3287	1710
1710	1169
3512	1710
3979	2253
5021	1408
2393	1561
2717	1710
3760	1080
5242	2285
2382	909
3759	3643
4796	2358
5021	2070
921	667
4727	2031
2993	2720
4841	4332
4673	1710
4935	2585
4229	463
4439	1757
2482	1759
4148	461
2158	875
5151	461
3442	347
1710	784
2367	1710
3745	338
1756	1603
4229	2344
4839	1348
5227	1710
4884	120
784	120
3038	92
1636	1087
3463	1430
883	602
4853	2797
2870	2289
5171	120
4086	406
5132	3123
2537	498
4476	2510
5078	3792
1710	305
3224	118
5021	1430
1741	779
4094	3401
1901	22
4222	929
3931	1127
1799	350
5103	4483
3458	3407
3478	2999
275	120
2056	1710
1519	928
3028	144
2709	589
2529	1151
2554	2158
5242	2380
2559	1985
1993	120
4149	1710
5033	3643
4414	1710
4540	4229
2899	662
2258	72
4089	2356
4229	4076
3219	543
581	120
231	114
5062	1137
3498	940
996	120
2540	92
4149	2495
4864	2954
4954	4347
4926	2749
4864	2629
2211	153
1709	55
4462	1710
1809	1587
2743	120
5056	3643
3761	2344
5052	3993
3413	1457
2770	1710
2184	120
3407	1710
4734	4317
2472	901
3698	2382
4960	4031
4591	159
4608	3993
5227	1555
3720	2158
2451	1408
5196	2304
3702	2999
3192	2749
2709	2680
3628	761
3243	1080
4886	1710
601	484
3762	2789
2263	589
3366	3068
1555	1427
4954	1708
3872	22
2756	17
4199	3039
4240	1710
4229	2554
4864	1985
5062	939
2380	110
3504	1331
4444	4229
5254	4981
3678	1710
2749	2553
946	92
3004	120
4828	788
2378	1710
3170	1710
2964	1524
2108	18
2800	120
3720	2870
3379	2211
299	96
4853	910
4970	4306
4954	1900
2510	1205
5184	1901
4803	2158
4473	3478
1273	485
4651	2720
5021	289
4343	2749
2855	1708
4253	3475
5053	4229
554	290
2775	2185
4608	3556
4413	3516
1338	1080
5208	4734
1863	1710
3411	3331
3835	453
4529	1058
3669	1947
1553	1431
4864	2875
4864	4202
4031	4030
2749	212
3651	2130
4493	939
1455	277
2158	905
2581	2500
3485	2217
1710	1299
1995	1759
4343	564
3745	1455
2720	2165
1080	1070
1524	669
5215	1944
3366	43
1710	90
2417	401
4407	1736
4582	1223
4608	3404
4470	1710
1710	303
1896	154
3548	2560
3998	1710
3410	75
2356	1786
5135	247
4558	2673
1080	914
1555	561
4778	3931
4229	4167
4383	3153
3621	1741
4555	2743
4852	2380
1710	955
1710	967
3699	2344
1710	429
4422	2549
3834	654
3411	2749
4978	3740
1524	260
3433	120
3554	72
3907	1447
5021	881
4028	3907
2949	1757
1272	92
4099	2368
5177	3998
4333	4229
5035	2999
4654	1217
4685	587
4311	4041
2615	883
4616	543
5069	120
2537	981
3543	1612
4151	4087
5083	1710
3907	1561
2761	277
3915	3154
3922	3888
4864	165
2855	1955
1710	797
711	425
4466	3621
2806	154
