# GO	NS	enrichment	name	ratio_in_study	ratio_in_pop	p_uncorrected	depth	study_count	p_fdr_bh	study_items
GO:0006887	BP	e	exocytosis	3/3	41/6920	1.930983097745558e-07	6	3	0.0007264657299470316	SEC4, SEC9, SRO7
GO:0046903	BP	e	secretion	3/3	55/6920	4.752283449282806e-07	4	3	0.0007264657299470316	SEC4, SEC9, SRO7
GO:0032940	BP	e	secretion by cell	3/3	55/6920	4.752283449282806e-07	5	3	0.0007264657299470316	SEC4, SEC9, SRO7
GO:0140352	BP	e	export from cell	3/3	70/6920	9.915761235515182e-07	4	3	0.0011368420256518156	SEC4, SEC9, SRO7
