# GO	NS	enrichment	name	ratio_in_study	ratio_in_pop	p_uncorrected	depth	study_count	p_fdr_bh	study_items
GO:0000398	BP	e	mRNA splicing, via spliceosome	3/3	107/6920	3.595414447992749e-06	9	3	0.007582242031956025	CWC21, NTC20, PRP3
GO:0000377	BP	e	RNA splicing, via transesterification reactions with bulged adenosine as nucleophile	3/3	108/6920	3.6981405750782562e-06	7	3	0.007582242031956025	CWC21, NTC20, PRP3
GO:0000375	BP	e	RNA splicing, via transesterification reactions	3/3	119/6920	4.960036218026183e-06	6	3	0.007582242031956025	CWC21, NTC20, PRP3
GO:0008380	BP	e	RNA splicing	3/3	155/6920	1.1025895373839166e-05	5	3	0.012641189046106604	CWC21, NTC20, PRP3
GO:0006397	BP	e	mRNA processing	3/3	228/6920	3.531336965722908e-05	8	3	0.03238942264961051	CWC21, NTC20, PRP3
