# GO	NS	enrichment	name	ratio_in_study	ratio_in_pop	p_uncorrected	depth	study_count	p_fdr_bh	study_items
GO:0070822	CC	e	Sin3-type complex	4/4	21/6920	6.269423941507011e-11	4	4	5.924605624724125e-08	RPD3, SIN3, STB1, STB2
GO:0000118	CC	e	histone deacetylase complex	4/4	56/6920	3.847446481998512e-09	3	4	1.817918462744297e-06	RPD3, SIN3, STB1, STB2
GO:0032221	CC	e	Rpd3S complex	2/4	5/6920	2.504843897806241e-06	5	2	0.000789025827808966	RPD3, SIN3
GO:0033698	CC	e	Rpd3L complex	2/4	16/6920	2.9994419789219436e-05	5	2	0.007086181675203091	RPD3, SIN3
GO:0070210	CC	e	Rpd3L-Expanded complex	2/4	26/6920	8.107821134492524e-05	4	2	0.015323781944190871	RPD3, SIN3
GO:0140513	CC	e	nuclear protein-containing complex	4/4	707/6920	0.0001081279906560431	2	4	0.01703015852832679	RPD3, SIN3, STB1, STB2
GO:1902494	CC	e	catalytic complex	4/4	851/6920	0.00022730253010368705	2	4	0.03068584156399775	RPD3, SIN3, STB1, STB2
