# GO	NS	enrichment	name	ratio_in_study	ratio_in_pop	p_uncorrected	depth	study_count	p_fdr_bh	study_items
GO:0032777	CC	e	piccolo histone acetyltransferase complex	3/3	6/6920	3.6228575942693396e-10	2	3	3.4236004265845255e-07	EPL1, ESA1, YNG2
GO:0043189	CC	e	H4/H2A histone acetyltransferase complex	3/3	17/6920	1.2317715820515755e-08	8	3	2.910060362596847e-06	EPL1, ESA1, YNG2
GO:1902562	CC	e	H4 histone acetyltransferase complex	3/3	17/6920	1.2317715820515755e-08	7	3	2.910060362596847e-06	EPL1, ESA1, YNG2
GO:0035267	CC	e	NuA4 histone acetyltransferase complex	3/3	17/6920	1.2317715820515755e-08	9	3	2.910060362596847e-06	EPL1, ESA1, YNG2
GO:0000123	CC	e	histone acetyltransferase complex	3/3	46/6920	2.7497489140504283e-07	6	3	5.1970254475553096e-05	EPL1, ESA1, YNG2
GO:0031248	CC	e	protein acetyltransferase complex	3/3	54/6920	4.493067988412835e-07	5	3	7.076582081750216e-05	EPL1, ESA1, YNG2
GO:1902493	CC	e	acetyltransferase complex	3/3	59/6920	5.888773876605098e-07	4	3	7.949844733416883e-05	EPL1, ESA1, YNG2
GO:1990234	CC	e	transferase complex	3/3	410/6920	0.00020655577659422868	3	3	0.02168835654239401	EPL1, ESA1, YNG2
GO:0140535	CC	e	intracellular protein-containing complex	3/3	410/6920	0.00020655577659422868	2	3	0.02168835654239401	EPL1, ESA1, YNG2
