# GO	NS	enrichment	name	ratio_in_study	ratio_in_pop	p_uncorrected	depth	study_count	p_fdr_bh	study_items
GO:0070762	CC	e	nuclear pore transmembrane ring	3/3	3/6920	1.8114287971346702e-11	3	3	1.7118002132922633e-08	NDC1, POM152, POM34
GO:0005643	CC	e	nuclear pore	3/3	48/6920	3.1330472475241255e-07	3	3	0.00014803648244551492	NDC1, POM152, POM34
GO:0031965	CC	e	nuclear membrane	3/3	94/6920	2.4281116168311975e-06	4	3	0.0007648551593018272	NDC1, POM152, POM34
GO:0034399	CC	e	nuclear periphery	2/3	57/6920	0.0001989421239884161	2	2	0.0470000767922633	POM152, POM34
