# GO	NS	enrichment	name	ratio_in_study	ratio_in_pop	p_uncorrected	depth	study_count	p_fdr_bh	study_items
GO:0019005	CC	e	SCF ubiquitin ligase complex	4/4	21/6920	6.269423941507011e-11	6	4	5.924605624724125e-08	CDC34, CDC53, MET30, SKP1
GO:0031461	CC	e	cullin-RING ubiquitin ligase complex	4/4	47/6920	1.8684140373047585e-09	5	4	8.828256326264983e-07	CDC34, CDC53, MET30, SKP1
GO:0000151	CC	e	ubiquitin ligase complex	4/4	96/6920	3.4798288315336044e-08	4	4	1.0961460819330854e-05	CDC34, CDC53, MET30, SKP1
GO:1990234	CC	e	transferase complex	4/4	410/6920	1.2153852981617907e-05	3	4	0.0022970782135257844	CDC34, CDC53, MET30, SKP1
GO:0140535	CC	e	intracellular protein-containing complex	4/4	410/6920	1.2153852981617907e-05	2	4	0.0022970782135257844	CDC34, CDC53, MET30, SKP1
GO:0000781	CC	e	chromosome, telomeric region	3/4	111/6920	1.588387456734777e-05	3	3	0.002501710244357274	CDC34, CDC53, SKP1
GO:0098687	CC	e	chromosomal region	3/4	190/6920	7.987427914774236e-05	2	3	0.010783027684945217	CDC34, CDC53, SKP1
GO:1902494	CC	e	catalytic complex	4/4	851/6920	0.00022730253010368705	2	4	0.02685011136849803	CDC34, CDC53, MET30, SKP1
