# GO	NS	enrichment	name	ratio_in_study	ratio_in_pop	p_uncorrected	depth	study_count	p_fdr_bh	study_items
GO:0022613	BP	e	ribonucleoprotein complex biogenesis	5/5	242/6920	5.024765114820221e-08	4	5	0.0002000529905299019	HRR25, LTV1, NOB1, RIO2, TSR1
GO:0044085	BP	e	cellular component biogenesis	5/5	270/6920	8.72450896336249e-08	3	5	0.0002000529905299019	HRR25, LTV1, NOB1, RIO2, TSR1
GO:0042274	BP	e	ribosomal small subunit biogenesis	3/5	38/6920	1.5165457067654624e-06	5	3	0.0023182928704088036	HRR25, LTV1, NOB1
GO:0000462	BP	e	maturation of SSU-rRNA from tricistronic rRNA transcript (SSU-rRNA, 5.8S rRNA, LSU-rRNA)	3/5	70/6920	9.772240923342991e-06	10	3	0.01120387421861274	NOB1, RIO2, TSR1
GO:0030490	BP	e	maturation of SSU-rRNA	3/5	85/6920	1.7574821433769313e-05	9	3	0.016119626219053215	NOB1, RIO2, TSR1
