# GO	NS	enrichment	name	ratio_in_study	ratio_in_pop	p_uncorrected	depth	study_count	p_fdr_bh	study_items
GO:0031201	CC	e	SNARE complex	4/4	27/6920	1.8384025091637098e-10	3	4	1.7372903711597057e-07	PEP12, SEC17, VTI1, YKT6
GO:0098852	CC	e	lytic vacuole membrane	4/4	220/6920	9.9479882743724e-07	6	4	0.0003133616306427306	PEP12, SEC17, VTI1, YKT6
GO:0000329	CC	e	fungal-type vacuole membrane	4/4	220/6920	9.9479882743724e-07	7	4	0.0003133616306427306	PEP12, SEC17, VTI1, YKT6
GO:0005774	CC	e	vacuolar membrane	4/4	290/6920	3.0235869813397617e-06	5	4	0.0007143224243415186	PEP12, SEC17, VTI1, YKT6
GO:0098796	CC	e	membrane protein complex	4/4	336/6920	5.46420552803434e-06	2	4	0.0010327348447984903	PEP12, SEC17, VTI1, YKT6
GO:0098588	CC	e	bounding membrane of organelle	4/4	635/6920	7.029687400849772e-05	4	4	0.01107175765633839	PEP12, SEC17, VTI1, YKT6
GO:0005794	CC	e	Golgi apparatus	3/4	265/6920	0.00021588345884562772	5	3	0.029144266944159742	PEP12, VTI1, YKT6
GO:0012505	CC	e	endomembrane system	2/4	50/6920	0.00030418779523625134	2	2	0.035932183312282186	PEP12, VTI1
