# GO	NS	enrichment	name	ratio_in_study	ratio_in_pop	p_uncorrected	depth	study_count	p_fdr_bh	study_items
GO:0000463	BP	e	maturation of LSU-rRNA from tricistronic rRNA transcript (SSU-rRNA, 5.8S rRNA, LSU-rRNA)	3/5	41/6920	1.9151047546672347e-06	10	3	0.008782670404903938	DBP10, DBP9, NOP4
GO:0000470	BP	e	maturation of LSU-rRNA	3/5	54/6920	4.443519670209061e-06	9	3	0.010188990603789376	DBP10, DBP9, NOP4
GO:0022613	BP	e	ribonucleoprotein complex biogenesis	4/5	242/6920	7.099697532822453e-06	4	4	0.010853070961841255	DBP10, DBP9, NOP4, PUF6
GO:0044085	BP	e	cellular component biogenesis	4/5	270/6920	1.0992881293836738e-05	3	4	0.01260333840338382	DBP10, DBP9, NOP4, PUF6
