# GO	NS	enrichment	name	ratio_in_study	ratio_in_pop	p_uncorrected	depth	study_count	p_fdr_bh	study_items
GO:0032040	CC	e	small-subunit processome	3/3	60/6920	6.198709343794839e-07	4	3	0.0005857780329886123	BUD21, NOP56, RRP9
GO:0030686	CC	e	90S preribosome	3/3	81/6920	1.5455110497153003e-06	4	3	0.0007302539709904794	BUD21, NOP56, RRP9
GO:0030684	CC	e	preribosome	3/3	163/6920	1.2835077999265392e-05	3	3	0.004043049569768599	BUD21, NOP56, RRP9
GO:0005730	CC	e	nucleolus	3/3	365/6920	0.0001456031901423239	5	3	0.027063995028204703	BUD21, NOP56, RRP9
GO:0031428	CC	e	box C/D methylation guide snoRNP complex	2/3	53/6920	0.00017183488906796638	5	2	0.027063995028204703	NOP56, RRP9
GO:0170049	CC	e	box C/D RNP complex	2/3	53/6920	0.00017183488906796638	4	2	0.027063995028204703	NOP56, RRP9
