# GO	NS	enrichment	name	ratio_in_study	ratio_in_pop	p_uncorrected	depth	study_count	p_fdr_bh	study_items
GO:0006886	BP	e	intracellular protein transport	4/4	349/6920	6.364473551797194e-06	7	4	0.02918747570854193	ATG4, ATG8, CHC1, CLC1
GO:0006898	BP	e	receptor-mediated endocytosis	2/4	12/6920	1.6509667441406465e-05	6	2	0.037856667443145024	CHC1, CLC1
GO:0015031	BP	e	protein transport	4/4	570/6920	4.559012240632951e-05	6	4	0.04647808465347839	ATG4, ATG8, CHC1, CLC1
GO:0000423	BP	e	mitophagy	2/4	20/6920	4.7454514741734944e-05	6	2	0.04647808465347839	ATG4, ATG8
GO:0045184	BP	e	establishment of protein localization	4/4	631/6920	6.85381597534649e-05	5	4	0.04647808465347839	ATG4, ATG8, CHC1, CLC1
GO:0000045	BP	e	autophagosome assembly	2/4	25/6920	7.485588114769465e-05	7	2	0.04647808465347839	ATG4, ATG8
GO:0046907	BP	e	intracellular transport	4/4	652/6920	7.815178095075482e-05	4	4	0.04647808465347839	ATG4, ATG8, CHC1, CLC1
GO:1905037	BP	e	autophagosome organization	2/4	26/6920	8.107821134492524e-05	6	2	0.04647808465347839	ATG4, ATG8
GO:0051649	BP	e	establishment of localization in cell	4/4	686/6920	9.581725704635625e-05	3	4	0.04882421564606553	ATG4, ATG8, CHC1, CLC1
