# GO	NS	enrichment	name	ratio_in_study	ratio_in_pop	p_uncorrected	depth	study_count	p_fdr_bh	study_items
GO:0000811	CC	e	GINS complex	4/4	4/6920	1.0475227972442794e-14	4	4	9.899090433958439e-12	PSF1, PSF2, PSF3, SLD5
GO:0071162	CC	e	CMG complex	4/4	11/6920	3.4568252309061205e-12	4	4	1.6333499216031418e-09	PSF1, PSF2, PSF3, SLD5
GO:0031261	CC	e	DNA replication preinitiation complex	4/4	22/6920	7.662629261841902e-11	3	4	2.413728217480199e-08	PSF1, PSF2, PSF3, SLD5
GO:0032993	CC	e	protein-DNA complex	4/4	53/6920	3.067408631030561e-09	2	4	7.2467528908097e-07	PSF1, PSF2, PSF3, SLD5
GO:0140513	CC	e	nuclear protein-containing complex	4/4	707/6920	0.0001081279906560431	2	4	0.020436190233992145	PSF1, PSF2, PSF3, SLD5
