# GO	NS	enrichment	name	ratio_in_study	ratio_in_pop	p_uncorrected	depth	study_count	p_fdr_bh	study_items
GO:0000307	CC	e	cyclin-dependent protein kinase holoenzyme complex	6/6	40/6920	2.52223493479642e-14	7	6	2.3835120133826167e-11	PCL1, PCL10, PCL2, PCL8, PHO80, PHO85
GO:1902554	CC	e	serine/threonine protein kinase complex	6/6	56/6920	2.133530905157951e-13	6	6	1.0080933526871319e-10	PCL1, PCL10, PCL2, PCL8, PHO80, PHO85
GO:1902911	CC	e	protein kinase complex	6/6	64/6920	4.926634939320308e-13	5	6	1.551890005885897e-10	PCL1, PCL10, PCL2, PCL8, PHO80, PHO85
GO:0061695	CC	e	transferase complex, transferring phosphorus-containing groups	6/6	135/6920	4.936098978036283e-11	4	6	1.1661533835610718e-08	PCL1, PCL10, PCL2, PCL8, PHO80, PHO85
GO:1990234	CC	e	transferase complex	6/6	410/6920	4.178764209387629e-08	3	6	7.897864355742619e-06	PCL1, PCL10, PCL2, PCL8, PHO80, PHO85
GO:1990860	CC	e	Pho85-Pho80 CDK-cyclin complex	2/6	2/6920	6.265732209288822e-07	8	2	9.868528229629895e-05	PHO80, PHO85
GO:1902494	CC	e	catalytic complex	6/6	851/6920	3.4057351700659586e-06	2	6	0.0004597742479589044	PCL1, PCL10, PCL2, PCL8, PHO80, PHO85
