# GO	NS	enrichment	name	ratio_in_study	ratio_in_pop	p_uncorrected	depth	study_count	p_fdr_bh	study_items
GO:0004842	MF	e	ubiquitin-protein transferase activity	5/5	115/6920	1.1623030932854031e-09	6	5	2.4396196027670566e-06	CUL3, ELA1, ELC1, RAD16, RAD7
GO:0019787	MF	e	ubiquitin-like protein transferase activity	5/5	134/6920	2.528379587638586e-09	5	5	2.4396196027670566e-06	CUL3, ELA1, ELC1, RAD16, RAD7
GO:0016755	MF	e	aminoacyltransferase activity	5/5	137/6920	2.8290911512567336e-09	4	5	2.4396196027670566e-06	CUL3, ELA1, ELC1, RAD16, RAD7
GO:0016746	MF	e	acyltransferase activity	5/5	285/6920	1.1455190628599256e-07	3	5	7.408644539046569e-05	CUL3, ELA1, ELC1, RAD16, RAD7
GO:0140096	MF	e	catalytic activity, acting on a protein	5/5	712/6920	1.1386354291154002e-05	2	5	0.0058912997102430805	CUL3, ELA1, ELC1, RAD16, RAD7
GO:0016740	MF	e	transferase activity	5/5	1029/6920	7.21020173676861e-05	2	5	0.031087986488367324	CUL3, ELA1, ELC1, RAD16, RAD7
