# GO	NS	enrichment	name	ratio_in_study	ratio_in_pop	p_uncorrected	depth	study_count	p_fdr_bh	study_items
GO:0000120	CC	e	RNA polymerase I transcription regulator complex	6/8	8/6920	5.149181856749896e-18	3	6	4.865976854628652e-15	RRN10, RRN11, RRN5, RRN6, RRN7, RRN9
GO:0005667	CC	e	transcription regulator complex	7/8	104/6920	1.1167448806388156e-12	2	7	5.276619561018404e-10	RRN10, RRN11, RRN5, RRN6, RRN7, RRN9, SPT15
GO:0070860	CC	e	RNA polymerase I core factor complex	3/8	3/6920	1.014400126395415e-09	4	3	3.1953603981455574e-07	RRN11, RRN6, RRN7
GO:0005730	CC	e	nucleolus	7/8	365/6920	8.21183485852813e-09	5	7	1.9151379108236732e-06	RRN10, RRN11, RRN3, RRN5, RRN6, RRN7, RRN9
GO:0000500	CC	e	RNA polymerase I upstream activating factor complex	3/8	5/6920	1.0133004819172874e-08	4	3	1.9151379108236732e-06	RRN10, RRN5, RRN9
GO:0140513	CC	e	nuclear protein-containing complex	7/8	707/6920	8.248414735763445e-07	2	7	0.00012991253208827425	RRN10, RRN11, RRN5, RRN6, RRN7, RRN9, SPT15
GO:0043228	CC	e	membraneless organelle	7/8	1210/6920	3.34095981240349e-05	3	7	0.003946508778401622	RRN10, RRN11, RRN3, RRN5, RRN6, RRN7, RRN9
GO:0043232	CC	e	intracellular membraneless organelle	7/8	1210/6920	3.34095981240349e-05	4	7	0.003946508778401622	RRN10, RRN11, RRN3, RRN5, RRN6, RRN7, RRN9
GO:0005634	CC	e	nucleus	8/8	2331/6920	0.00016444662856246404	5	8	0.017266895999058722	RRN10, RRN11, RRN3, RRN5, RRN6, RRN7, RRN9, SPT15
