# GO	NS	enrichment	name	ratio_in_study	ratio_in_pop	p_uncorrected	depth	study_count	p_fdr_bh	study_items
GO:0005677	CC	e	chromatin silencing complex	4/5	6/6920	7.854603415195754e-13	3	4	7.422600227359987e-10	SIR1, SIR2, SIR3, SIR4
GO:0098687	CC	e	chromosomal region	4/5	190/6920	2.695821509764577e-06	2	4	0.0012737756633637626	SIR1, SIR2, SIR3, SIR4
GO:0140513	CC	e	nuclear protein-containing complex	5/5	707/6920	1.099103201723515e-05	2	5	0.0034621750854290723	MSI1, SIR1, SIR2, SIR3, SIR4
GO:0000781	CC	e	chromosome, telomeric region	3/5	111/6920	3.924498866247086e-05	3	3	0.008258449468589365	SIR2, SIR3, SIR4
GO:0000792	CC	e	heterochromatin	2/5	15/6920	4.369549983380616e-05	3	2	0.008258449468589365	SIR2, SIR3
