# GO	NS	enrichment	name	ratio_in_study	ratio_in_pop	p_uncorrected	depth	study_count	p_fdr_bh	study_items
GO:0005992	BP	e	trehalose biosynthetic process	3/4	7/6920	2.5349004170514314e-09	8	3	3.875017770865955e-06	TPS1, TPS2, TPS3
GO:0009312	BP	e	oligosaccharide biosynthetic process	3/4	7/6920	2.5349004170514314e-09	6	3	3.875017770865955e-06	TPS1, TPS2, TPS3
GO:0046351	BP	e	disaccharide biosynthetic process	3/4	7/6920	2.5349004170514314e-09	7	3	3.875017770865955e-06	TPS1, TPS2, TPS3
GO:0005991	BP	e	trehalose metabolic process	3/4	11/6920	1.1945059585396103e-08	7	3	1.3695010814656632e-05	TPS1, TPS2, TPS3
GO:0005984	BP	e	disaccharide metabolic process	3/4	46/6920	1.0947713653901223e-06	6	3	0.0010041242963358202	TPS1, TPS2, TPS3
GO:0009311	BP	e	oligosaccharide metabolic process	3/4	49/6920	1.3282922181306982e-06	5	3	0.0010152580187245636	TPS1, TPS2, TPS3
GO:0016051	BP	e	carbohydrate biosynthetic process	3/4	63/6920	2.85862677850998e-06	5	3	0.0018728089151781098	TPS1, TPS2, TPS3
