# GO	NS	enrichment	name	ratio_in_study	ratio_in_pop	p_uncorrected	depth	study_count	p_fdr_bh	study_items
GO:0004805	MF	e	trehalose-phosphatase activity	3/4	4/6920	2.8979718185762987e-10	8	3	7.497053094656885e-07	TPS1, TPS2, TPS3
GO:0050308	MF	e	sugar-phosphatase activity	3/4	11/6920	1.1945059585396103e-08	7	3	1.0300623049139905e-05	TPS1, TPS2, TPS3
GO:0019203	MF	e	carbohydrate phosphatase activity	3/4	11/6920	1.1945059585396103e-08	6	3	1.0300623049139905e-05	TPS1, TPS2, TPS3
GO:0003825	MF	e	alpha,alpha-trehalose-phosphate synthase (UDP-forming) activity	2/4	3/6920	7.517429508108881e-07	7	2	0.00048618975343694195	TPS1, TPS3
GO:0035251	MF	e	UDP-glucosyltransferase activity	2/4	14/6920	2.275454789234835e-05	6	2	0.010033360152163226	TPS1, TPS3
GO:0016791	MF	e	phosphatase activity	3/4	126/6920	2.3270259340154372e-05	5	3	0.010033360152163226	TPS1, TPS2, TPS3
GO:0046527	MF	e	glucosyltransferase activity	2/4	17/6920	3.398711628509479e-05	5	2	0.01124429858490086	TPS1, TPS3
GO:0042578	MF	e	phosphoric ester hydrolase activity	3/4	144/6920	3.4771700301200956e-05	4	3	0.01124429858490086	TPS1, TPS2, TPS3
GO:0008194	MF	e	UDP-glycosyltransferase activity	2/4	26/6920	8.107821134492524e-05	4	2	0.02330548141659129	TPS1, TPS3
