# GO	NS	enrichment	name	ratio_in_study	ratio_in_pop	p_uncorrected	depth	study_count	p_fdr_bh	study_items
GO:0030479	CC	e	actin cortical patch	3/3	61/6920	6.519332240887677e-07	3	3	0.0003398864913502453	END3, LSB3, SLA2
GO:0061645	CC	e	endocytic patch	3/3	63/6920	7.193364896301488e-07	2	3	0.0003398864913502453	END3, LSB3, SLA2
GO:0030427	CC	e	site of polarized growth	3/3	282/6920	6.698591234652123e-05	2	3	0.021100562389154188	END3, LSB3, SLA2
