# GO	NS	enrichment	name	ratio_in_study	ratio_in_pop	p_uncorrected	depth	study_count	p_fdr_bh	study_items
GO:0036402	MF	e	proteasome-activating activity	6/22	6/6920	4.902889114417159e-16	5	6	1.268377413899719e-12	RPT1, RPT2, RPT3, RPT4, RPT5, RPT6
GO:0120544	MF	e	polypeptide conformation or assembly isomerase activity	6/22	24/6920	6.367244999035077e-11	4	6	8.236031406251873e-08	RPT1, RPT2, RPT3, RPT4, RPT5, RPT6
GO:0031625	MF	e	ubiquitin protein ligase binding	4/22	26/6920	1.0942024667533753e-06	5	4	0.0008290184589743023	RPN2, RPT1, RPT4, RPT6
GO:0044389	MF	e	ubiquitin-like protein ligase binding	4/22	27/6920	1.2818221244287627e-06	4	4	0.0008290184589743023	RPN2, RPT1, RPT4, RPT6
GO:0120543	MF	e	macromolecular conformation isomerase activity	6/22	144/6920	4.1474440911744865e-06	3	6	0.002145887572773679	RPT1, RPT2, RPT3, RPT4, RPT5, RPT6
GO:0016853	MF	e	isomerase activity	6/22	214/6920	4.017649208377658e-05	2	6	0.01732276417012167	RPT1, RPT2, RPT3, RPT4, RPT5, RPT6
GO:0016887	MF	e	ATP hydrolysis activity	6/22	238/6920	7.294505432172992e-05	7	6	0.026958407932902186	RPT1, RPT2, RPT3, RPT4, RPT5, RPT6
GO:0016787	MF	e	hydrolase activity	11/22	1006/6920	8.765216393746483e-05	2	11	0.028344518513277694	RPN1, RPN11, RPN2, RPN8, RPT1, RPT2, RPT3, RPT4, RPT5, RPT6, UBP6
GO:0008233	MF	e	peptidase activity	5/22	165/6920	0.00013748221737948637	3	5	0.0395184995956368	RPN1, RPN11, RPN2, RPN8, UBP6
