# GO	NS	enrichment	name	ratio_in_study	ratio_in_pop	p_uncorrected	depth	study_count	p_fdr_bh	study_items
GO:0070860	CC	e	RNA polymerase I core factor complex	3/4	3/6920	7.245715188538681e-11	4	3	6.847200853169053e-08	RRN11, RRN6, RRN7
GO:0000120	CC	e	RNA polymerase I transcription regulator complex	3/4	8/6920	4.0554007077074465e-09	3	3	1.9161768343917684e-06	RRN11, RRN6, RRN7
GO:0005667	CC	e	transcription regulator complex	4/4	104/6920	4.816641809601649e-08	2	4	1.5172421700245193e-05	RRN11, RRN6, RRN7, SPT15
GO:0140513	CC	e	nuclear protein-containing complex	4/4	707/6920	0.0001081279906560431	2	4	0.02554523779249018	RRN11, RRN6, RRN7, SPT15
