# GO	NS	enrichment	name	ratio_in_study	ratio_in_pop	p_uncorrected	depth	study_count	p_fdr_bh	study_items
GO:0005643	CC	e	nuclear pore	6/6	48/6920	8.063723828587451e-14	3	6	7.620219018015141e-11	GLE2, NIC96, NSP1, NUP116, NUP159, NUP82
GO:0031965	CC	e	nuclear membrane	6/6	94/6920	5.350293546299214e-12	4	6	2.5280137006263786e-09	GLE2, NIC96, NSP1, NUP116, NUP159, NUP82
GO:0044614	CC	e	nuclear pore cytoplasmic filaments	3/6	11/6920	5.962171909688953e-08	3	3	1.8780841515520203e-05	NUP116, NUP159, NUP82
GO:0044613	CC	e	nuclear pore central transport channel	3/6	14/6920	1.314007054045655e-07	3	3	3.10434166518286e-05	NSP1, NUP116, NUP159
GO:0044612	CC	e	nuclear pore linkers	2/6	2/6920	6.265732209288822e-07	3	2	0.00011842233875555873	NIC96, NUP82
GO:0140513	CC	e	nuclear protein-containing complex	6/6	707/6920	1.1157924043527225e-06	2	6	0.00017573730368555378	GLE2, NIC96, NSP1, NUP116, NUP159, NUP82
GO:0044615	CC	e	nuclear pore nuclear basket	2/6	10/6920	2.8108945304645866e-05	3	2	0.003794707616127192	NIC96, NSP1
GO:0031090	CC	e	organelle membrane	6/6	1298/6920	4.314468596390853e-05	3	6	0.005096466029486695	GLE2, NIC96, NSP1, NUP116, NUP159, NUP82
