# GO	NS	enrichment	name	ratio_in_study	ratio_in_pop	p_uncorrected	depth	study_count	p_fdr_bh	study_items
GO:0031499	CC	e	TRAMP complex	4/4	6/6920	1.5712841958664185e-13	3	4	1.4848635650937654e-10	AIR1, AIR2, MTR4, PAP2
GO:0005730	CC	e	nucleolus	4/4	365/6920	7.620117801289757e-06	5	4	0.0036005056611094098	AIR1, AIR2, MTR4, PAP2
GO:0140513	CC	e	nuclear protein-containing complex	4/4	707/6920	0.0001081279906560431	2	4	0.03406031705665358	AIR1, AIR2, MTR4, PAP2
