# GO	NS	enrichment	name	ratio_in_study	ratio_in_pop	p_uncorrected	depth	study_count	p_fdr_bh	study_items
GO:0030869	CC	e	RENT complex	3/3	3/6920	1.8114287971346702e-11	4	3	1.7118002132922633e-08	CDC14, NET1, SIR2
GO:0005677	CC	e	chromatin silencing complex	3/3	6/6920	3.6228575942693396e-10	3	3	1.7118002132922627e-07	CDC14, NET1, SIR2
GO:0005730	CC	e	nucleolus	3/3	365/6920	0.0001456031901423239	5	3	0.04586500489483203	CDC14, NET1, SIR2
