# GO	NS	enrichment	name	ratio_in_study	ratio_in_pop	p_uncorrected	depth	study_count	p_fdr_bh	study_items
GO:0003899	MF	e	DNA-directed RNA polymerase activity	5/5	37/6920	3.301128143076847e-12	7	5	4.2971929126896486e-09	RPA12, RPA190, RPA43, RPA49, RPC40
GO:0034062	MF	e	5'-3' RNA polymerase activity	5/5	39/6920	4.360313643529312e-12	6	5	4.2971929126896486e-09	RPA12, RPA190, RPA43, RPA49, RPC40
GO:0097747	MF	e	RNA polymerase activity	5/5	40/6920	4.983215592604927e-12	5	5	4.2971929126896486e-09	RPA12, RPA190, RPA43, RPA49, RPC40
GO:0016779	MF	e	nucleotidyltransferase activity	5/5	143/6920	3.5162811087262895e-09	4	5	2.2741548070687277e-06	RPA12, RPA190, RPA43, RPA49, RPC40
GO:0140098	MF	e	catalytic activity, acting on RNA	5/5	351/6920	3.267432040966766e-07	3	5	0.00016905693379962045	RPA12, RPA190, RPA43, RPA49, RPC40
GO:0016772	MF	e	transferase activity, transferring phosphorus-containing groups	5/5	421/6920	8.149951099328713e-07	3	5	0.0003513987248993897	RPA12, RPA190, RPA43, RPA49, RPC40
GO:0140640	MF	e	catalytic activity, acting on a nucleic acid	5/5	545/6920	2.979127155254399e-06	2	5	0.0011010002786633042	RPA12, RPA190, RPA43, RPA49, RPC40
GO:0016740	MF	e	transferase activity	5/5	1029/6920	7.21020173676861e-05	2	5	0.023315989866275495	RPA12, RPA190, RPA43, RPA49, RPC40
