# GO	NS	enrichment	name	ratio_in_study	ratio_in_pop	p_uncorrected	depth	study_count	p_fdr_bh	study_items
GO:0005684	CC	e	U2-type spliceosomal complex	3/3	61/6920	6.519332240887677e-07	4	3	0.0006160768967638854	PRP19, PRP21, SNT309
GO:0005681	CC	e	spliceosomal complex	3/3	99/6920	2.8412079540177587e-06	3	3	0.0013424707582733908	PRP19, PRP21, SNT309
GO:0071012	CC	e	catalytic step 1 spliceosome	2/3	13/6920	9.764180873770952e-06	4	2	0.0021527941842406167	PRP19, SNT309
GO:0071006	CC	e	U2-type catalytic step 1 spliceosome	2/3	13/6920	9.764180873770952e-06	5	2	0.0021527941842406167	PRP19, SNT309
GO:0000974	CC	e	Prp19 complex	2/3	14/6920	1.1390445419262522e-05	2	2	0.0021527941842406167	PRP19, SNT309
