# GO	NS	enrichment	name	ratio_in_study	ratio_in_pop	p_uncorrected	depth	study_count	p_fdr_bh	study_items
GO:0008569	MF	e	minus-end-directed microtubule motor activity	2/3	4/6920	7.517429508108881e-07	6	2	0.0019447590137477678	CIN8, DYN1
GO:0003777	MF	e	microtubule motor activity	2/3	10/6920	5.634811559246817e-06	5	2	0.007288628751885758	CIN8, DYN1
GO:0003774	MF	e	cytoskeletal motor activity	2/3	17/6920	1.7018156177624566e-05	1	2	0.014675323343838252	CIN8, DYN1
GO:0120544	MF	e	polypeptide conformation or assembly isomerase activity	2/3	24/6920	3.451351515756629e-05	4	2	0.022321615928156	CIN8, DYN1
