# GO	NS	enrichment	name	ratio_in_study	ratio_in_pop	p_uncorrected	depth	study_count	p_fdr_bh	study_items
GO:0006099	BP	e	tricarboxylic acid cycle	4/4	32/6920	3.7668919788904275e-10	4	4	1.72749666151915e-06	SDH1, SDH2, SDH3, SDH4
GO:0022904	BP	e	respiratory electron transport chain	4/4	47/6920	1.8684140373047585e-09	5	4	3.1158351909380444e-06	SDH1, SDH2, SDH3, SDH4
GO:0022900	BP	e	electron transport chain	4/4	48/6920	2.0382698588779184e-09	4	4	3.1158351909380444e-06	SDH1, SDH2, SDH3, SDH4
GO:0006121	BP	e	mitochondrial electron transport, succinate to ubiquinone	3/4	8/6920	4.0554007077074465e-09	8	3	4.649516911386588e-06	SDH1, SDH3, SDH4
GO:0009060	BP	e	aerobic respiration	4/4	79/6920	1.5739040503823273e-08	6	4	1.4435847950106706e-05	SDH1, SDH2, SDH3, SDH4
GO:0045333	BP	e	cellular respiration	4/4	85/6920	2.1210084470182572e-08	5	4	1.6211574563376214e-05	SDH1, SDH2, SDH3, SDH4
GO:0015980	BP	e	energy derivation by oxidation of organic compounds	4/4	133/6920	1.304945763291676e-07	4	4	8.549258957793751e-05	SDH1, SDH2, SDH3, SDH4
GO:0006091	BP	e	generation of precursor metabolites and energy	4/4	177/6920	4.140239579056262e-07	3	4	0.0002373392338694002	SDH1, SDH2, SDH3, SDH4
GO:0019646	BP	e	aerobic electron transport chain	3/4	40/6920	7.130046673744169e-07	7	3	0.0003633154893976751	SDH1, SDH3, SDH4
