# GO	NS	enrichment	name	ratio_in_study	ratio_in_pop	p_uncorrected	depth	study_count	p_fdr_bh	study_items
GO:0005992	BP	e	trehalose biosynthetic process	4/4	7/6920	3.666329790354977e-13	8	4	5.604596139522641e-10	TPS1, TPS2, TPS3, TSL1
GO:0009312	BP	e	oligosaccharide biosynthetic process	4/4	7/6920	3.666329790354977e-13	6	4	5.604596139522641e-10	TPS1, TPS2, TPS3, TSL1
GO:0046351	BP	e	disaccharide biosynthetic process	4/4	7/6920	3.666329790354977e-13	7	4	5.604596139522641e-10	TPS1, TPS2, TPS3, TSL1
GO:0005991	BP	e	trehalose metabolic process	4/4	11/6920	3.4568252309061205e-12	7	4	3.963250127233867e-09	TPS1, TPS2, TPS3, TSL1
GO:0005984	BP	e	disaccharide metabolic process	4/4	46/6920	1.709400076683077e-09	6	4	1.5678617503337183e-06	TPS1, TPS2, TPS3, TSL1
GO:0009311	BP	e	oligosaccharide metabolic process	4/4	49/6920	2.2194494018892892e-09	5	4	1.6963991595107134e-06	TPS1, TPS2, TPS3, TSL1
GO:0016051	BP	e	carbohydrate biosynthetic process	4/4	63/6920	6.239726670205136e-09	5	4	4.087912358508679e-06	TPS1, TPS2, TPS3, TSL1
GO:0005975	BP	e	carbohydrate metabolic process	4/4	252/6920	1.7185645917554678e-06	4	4	0.0009851671522238218	TPS1, TPS2, TPS3, TSL1
