# GO	NS	enrichment	name	ratio_in_study	ratio_in_pop	p_uncorrected	depth	study_count	p_fdr_bh	study_items
GO:0017119	CC	e	Golgi transport complex	8/9	8/6920	6.929025718724076e-26	3	8	6.547929304194252e-23	COG1, COG2, COG3, COG4, COG5, COG6, COG7, COG8
GO:0099023	CC	e	vesicle tethering complex	8/9	43/6920	1.0002452275772437e-17	2	8	4.726158700302476e-15	COG1, COG2, COG3, COG4, COG5, COG6, COG7, COG8
GO:0000139	CC	e	Golgi membrane	8/9	146/6920	2.8671124893815486e-13	5	8	9.031404341551878e-11	COG1, COG2, COG3, COG4, COG5, COG6, COG7, COG8
GO:0005794	CC	e	Golgi apparatus	8/9	265/6920	3.6324165752914906e-11	5	8	8.581584159126146e-09	COG1, COG2, COG3, COG4, COG5, COG6, COG7, COG8
GO:0098588	CC	e	bounding membrane of organelle	9/9	635/6920	4.3806335115465073e-10	4	9	8.2793973368229e-08	COG1, COG2, COG3, COG4, COG5, COG6, COG7, COG8, IML1
GO:0031090	CC	e	organelle membrane	9/9	1298/6920	2.809998686594006e-07	3	9	4.4257479313855594e-05	COG1, COG2, COG3, COG4, COG5, COG6, COG7, COG8, IML1
GO:0016020	CC	e	membrane	9/9	2112/6920	2.2705859063335967e-05	2	9	0.0030652909735503554	COG1, COG2, COG3, COG4, COG5, COG6, COG7, COG8, IML1
GO:0032991	CC	e	protein-containing complex	9/9	2176/6920	2.9719468444215213e-05	1	9	0.0035106122099729216	COG1, COG2, COG3, COG4, COG5, COG6, COG7, COG8, IML1
