# GO	NS	enrichment	name	ratio_in_study	ratio_in_pop	p_uncorrected	depth	study_count	p_fdr_bh	study_items
GO:0000794	CC	e	condensed nuclear chromosome	3/3	28/6920	5.934240739413177e-08	7	3	3.8472709793743604e-05	REC102, REC104, SPO11
GO:0000793	CC	e	condensed chromosome	3/3	31/6920	8.14237244312034e-08	6	3	3.8472709793743604e-05	REC102, REC104, SPO11
GO:0000228	CC	e	nuclear chromosome	3/3	43/6920	2.2354842785438959e-07	6	3	7.041775477413272e-05	REC102, REC104, SPO11
GO:0005694	CC	e	chromosome	3/3	196/6920	2.2385274789230822e-05	5	3	0.005288521168955782	REC102, REC104, SPO11
