# GO	NS	enrichment	name	ratio_in_study	ratio_in_pop	p_uncorrected	depth	study_count	p_fdr_bh	study_items
GO:0045930	BP	e	negative regulation of mitotic cell cycle	3/3	92/6920	2.2747922834417182e-06	6	3	0.009096169199364509	BEM2, KEL1, LTE1
GO:1901988	BP	e	negative regulation of cell cycle phase transition	3/3	112/6920	4.128608514429339e-06	7	3	0.009096169199364509	BEM2, KEL1, LTE1
GO:0010948	BP	e	negative regulation of cell cycle process	3/3	135/6920	7.2637389050701695e-06	6	3	0.009096169199364509	BEM2, KEL1, LTE1
GO:0045786	BP	e	negative regulation of cell cycle	3/3	139/6920	7.93385887428217e-06	5	3	0.009096169199364509	BEM2, KEL1, LTE1
GO:0007346	BP	e	regulation of mitotic cell cycle	3/3	161/6920	1.2365537540760108e-05	5	3	0.011341671032385172	BEM2, KEL1, LTE1
GO:1901987	BP	e	regulation of cell cycle phase transition	3/3	174/6920	1.563125383338638e-05	6	3	0.011947488346651656	BEM2, KEL1, LTE1
GO:0001100	BP	e	negative regulation of exit from mitosis	2/3	26/6920	4.0633065062926335e-05	9	2	0.026620462339797167	KEL1, LTE1
GO:0010564	BP	e	regulation of cell cycle process	3/3	261/6920	5.306200261158617e-05	5	3	0.03041779299709177	BEM2, KEL1, LTE1
GO:0051726	BP	e	regulation of cell cycle	3/3	298/6920	7.909234311213919e-05	4	3	0.0403019428346967	BEM2, KEL1, LTE1
