# GO	NS	enrichment	name	ratio_in_study	ratio_in_pop	p_uncorrected	depth	study_count	p_fdr_bh	study_items
GO:0005952	CC	e	cAMP-dependent protein kinase complex	3/3	4/6920	7.245715188538681e-11	7	3	6.847200853169053e-08	TPK1, TPK2, TPK3
GO:1902554	CC	e	serine/threonine protein kinase complex	3/3	56/6920	5.021280625657305e-07	6	3	0.00023725550956230765	TPK1, TPK2, TPK3
GO:1902911	CC	e	protein kinase complex	3/3	64/6920	7.54713694038189e-07	5	3	0.00023773481362202953	TPK1, TPK2, TPK3
GO:0061695	CC	e	transferase complex, transferring phosphorus-containing groups	3/3	135/6920	7.2637389050701695e-06	4	3	0.0017160583163228274	TPK1, TPK2, TPK3
GO:1990234	CC	e	transferase complex	3/3	410/6920	0.00020655577659422868	3	3	0.029776569075908824	TPK1, TPK2, TPK3
GO:0140535	CC	e	intracellular protein-containing complex	3/3	410/6920	0.00020655577659422868	2	3	0.029776569075908824	TPK1, TPK2, TPK3
GO:0000932	CC	e	P-body	2/3	60/6920	0.00022056717834006536	7	2	0.029776569075908824	TPK2, TPK3
