# GO	NS	enrichment	name	ratio_in_study	ratio_in_pop	p_uncorrected	depth	study_count	p_fdr_bh	study_items
GO:0000796	CC	e	condensin complex	3/3	6/6920	3.6228575942693396e-10	2	3	3.4236004265845255e-07	BRN1, SMC2, SMC4
GO:0005694	CC	e	chromosome	3/3	196/6920	2.2385274789230822e-05	5	3	0.010577042337911563	BRN1, SMC2, SMC4
