# GO	NS	enrichment	name	ratio_in_study	ratio_in_pop	p_uncorrected	depth	study_count	p_fdr_bh	study_items
GO:0006799	BP	e	polyphosphate biosynthetic process	3/3	7/6920	6.340000789971344e-10	7	3	2.9075243622808585e-06	VTC2, VTC3, VTC4
GO:0006797	BP	e	polyphosphate metabolic process	3/3	16/6920	1.014400126395415e-08	6	3	2.3260194898246868e-05	VTC2, VTC3, VTC4
GO:0016237	BP	e	microautophagy	3/3	57/6920	5.300240660416044e-07	5	3	0.0008102301222889326	VTC2, VTC3, VTC4
GO:0007034	BP	e	vacuolar transport	3/3	174/6920	1.563125383338638e-05	5	3	0.017921232519977487	VTC2, VTC3, VTC4
GO:0006914	BP	e	autophagy	3/3	198/6920	2.3081153275938082e-05	4	3	0.02017178098456982	VTC2, VTC3, VTC4
GO:0061919	BP	e	process utilizing autophagic mechanism	3/3	207/6920	2.6391340145533998e-05	2	3	0.02017178098456982	VTC2, VTC3, VTC4
GO:0042144	BP	e	vacuole fusion, non-autophagic	2/3	33/6920	6.596846901974664e-05	7	2	0.0426068620048637	VTC2, VTC3
GO:0097576	BP	e	vacuole fusion	2/3	35/6920	7.432509726099207e-05	6	2	0.0426068620048637	VTC2, VTC3
