# GO	NS	enrichment	name	ratio_in_study	ratio_in_pop	p_uncorrected	depth	study_count	p_fdr_bh	study_items
GO:0007118	BP	e	budding cell apical bud growth	3/3	17/6920	1.2317715820515755e-08	3	3	5.648904475288525e-05	HYM1, KIC1, SOG2
GO:0007117	BP	e	budding cell bud growth	3/3	26/6920	4.7097148725501417e-08	2	3	0.00010799376202757474	HYM1, KIC1, SOG2
GO:0040007	BP	e	growth	3/3	102/6920	3.110223244680228e-06	1	3	0.004754494600034508	HYM1, KIC1, SOG2
GO:0000920	BP	e	septum digestion after cytokinesis	2/3	19/6920	2.1393698665679306e-05	2	2	0.024527875520201324	HYM1, SOG2
