# GO	NS	enrichment	name	ratio_in_study	ratio_in_pop	p_uncorrected	depth	study_count	p_fdr_bh	study_items
GO:0035091	MF	e	phosphatidylinositol binding	4/4	86/6920	2.2244722737020747e-08	4	4	5.7547097720672676e-05	PEP3, PEP5, VPS16, VPS33
GO:0005543	MF	e	phospholipid binding	4/4	120/6920	8.604949344558938e-08	3	4	0.00011130501977186987	PEP3, PEP5, VPS16, VPS33
GO:0008289	MF	e	lipid binding	4/4	157/6920	2.5516958738210473e-07	2	4	0.00022004124085250166	PEP3, PEP5, VPS16, VPS33
