# GO	NS	enrichment	name	ratio_in_study	ratio_in_pop	p_uncorrected	depth	study_count	p_fdr_bh	study_items
GO:0003743	MF	e	translation initiation factor activity	5/5	38/6920	3.801299073846067e-12	2	5	9.833960704039776e-09	GCD1, GCD2, GCD6, GCD7, GCN3
GO:0005085	MF	e	guanyl-nucleotide exchange factor activity	5/5	58/6920	3.470120712563453e-11	5	5	3.8851552450652404e-08	GCD1, GCD2, GCD6, GCD7, GCN3
GO:0180051	MF	e	translation factor activity	5/5	61/6920	4.505398428757527e-11	1	5	3.8851552450652404e-08	GCD1, GCD2, GCD6, GCD7, GCN3
GO:0030695	MF	e	GTPase regulator activity	5/5	116/6920	1.2146590884784396e-09	4	5	6.284646123787447e-07	GCD1, GCD2, GCD6, GCD7, GCN3
GO:0060589	MF	e	nucleoside-triphosphatase regulator activity	5/5	116/6920	1.2146590884784396e-09	3	5	6.284646123787447e-07	GCD1, GCD2, GCD6, GCD7, GCN3
GO:0030234	MF	e	enzyme regulator activity	5/5	328/6920	2.3236184949556563e-07	2	5	0.00010018668410750471	GCD1, GCD2, GCD6, GCD7, GCN3
GO:0098772	MF	e	molecular function regulator activity	5/5	396/6920	5.991897530756944e-07	1	5	0.0002214434130295459	GCD1, GCD2, GCD6, GCD7, GCN3
