# GO	NS	enrichment	name	ratio_in_study	ratio_in_pop	p_uncorrected	depth	study_count	p_fdr_bh	study_items
GO:0006897	BP	e	endocytosis	3/3	119/6920	4.960036218026183e-06	5	3	0.015066791245339405	END3, PAN1, SLA1
GO:0098657	BP	e	import into cell	3/3	148/6920	9.589631594879057e-06	4	3	0.015066791245339405	END3, PAN1, SLA1
GO:0000147	BP	e	actin cortical patch assembly	2/3	14/6920	1.1390445419262522e-05	8	2	0.015066791245339405	PAN1, SLA1
GO:0034315	BP	e	regulation of Arp2/3 complex-mediated actin nucleation	2/3	15/6920	1.31415536374526e-05	10	2	0.015066791245339405	PAN1, SLA1
GO:0051125	BP	e	regulation of actin nucleation	2/3	17/6920	1.7018156177624566e-05	9	2	0.015609052846117253	PAN1, SLA1
GO:0044396	BP	e	actin cortical patch organization	2/3	23/6920	3.1640444171006936e-05	4	2	0.02418384616137297	PAN1, SLA1
GO:0061709	BP	e	reticulophagy	2/3	27/6920	4.387947152457517e-05	6	2	0.028747322344528817	END3, PAN1
GO:0030866	BP	e	cortical actin cytoskeleton organization	2/3	34/6920	7.008472358977953e-05	7	2	0.037872766226545514	PAN1, SLA1
GO:0030865	BP	e	cortical cytoskeleton organization	2/3	35/6920	7.432509726099207e-05	6	2	0.037872766226545514	PAN1, SLA1
