# GO	NS	enrichment	name	ratio_in_study	ratio_in_pop	p_uncorrected	depth	study_count	p_fdr_bh	study_items
GO:0106068	CC	e	SUMO ligase complex	8/8	8/6920	7.698917465248973e-27	4	8	3.63773850233014e-24	KRE29, MMS21, NSE1, NSE3, NSE4, NSE5, SMC5, SMC6
GO:0030915	CC	e	Smc5-Smc6 complex	8/8	8/6920	7.698917465248973e-27	5	8	3.63773850233014e-24	KRE29, MMS21, NSE1, NSE3, NSE4, NSE5, SMC5, SMC6
GO:1990234	CC	e	transferase complex	8/8	410/6920	1.4234373116808438e-10	3	8	4.483827531794658e-08	KRE29, MMS21, NSE1, NSE3, NSE4, NSE5, SMC5, SMC6
GO:1902494	CC	e	catalytic complex	8/8	851/6920	5.0817593825998325e-08	2	8	1.2005656541392103e-05	KRE29, MMS21, NSE1, NSE3, NSE4, NSE5, SMC5, SMC6
GO:0005694	CC	e	chromosome	4/8	196/6920	3.9969858716895256e-05	5	4	0.007554303297493204	NSE4, NSE5, SMC5, SMC6
GO:0032991	CC	e	protein-containing complex	8/8	2176/6920	9.475136802878945e-05	1	8	0.014923340464534338	KRE29, MMS21, NSE1, NSE3, NSE4, NSE5, SMC5, SMC6
GO:0005634	CC	e	nucleus	8/8	2331/6920	0.00016444662856246404	5	8	0.022200294855932647	KRE29, MMS21, NSE1, NSE3, NSE4, NSE5, SMC5, SMC6
