# GO	NS	enrichment	name	ratio_in_study	ratio_in_pop	p_uncorrected	depth	study_count	p_fdr_bh	study_items
GO:0034967	CC	e	Set3 complex	7/7	8/6920	5.322261643726618e-23	4	7	5.0295372533216534e-20	CPR1, HOS2, HOS4, HST1, SET3, SIF2, SNT1
GO:0000118	CC	e	histone deacetylase complex	7/7	56/6920	1.5429063531660042e-15	3	7	7.29023251870937e-13	CPR1, HOS2, HOS4, HST1, SET3, SIF2, SNT1
GO:0070210	CC	e	Rpd3L-Expanded complex	4/7	26/6920	5.439423070326105e-09	4	4	1.713418267152723e-06	HOS2, SET3, SIF2, SNT1
GO:0140513	CC	e	nuclear protein-containing complex	7/7	707/6920	1.1312850382575331e-07	2	7	2.672660902883422e-05	CPR1, HOS2, HOS4, HST1, SET3, SIF2, SNT1
GO:1902494	CC	e	catalytic complex	7/7	851/6920	4.162346281032303e-07	2	7	7.866834471151053e-05	CPR1, HOS2, HOS4, HST1, SET3, SIF2, SNT1
GO:0032991	CC	e	protein-containing complex	7/7	2176/6920	0.00030198995259705935	1	7	0.047563417534036846	CPR1, HOS2, HOS4, HST1, SET3, SIF2, SNT1
