# GO	NS	enrichment	name	ratio_in_study	ratio_in_pop	p_uncorrected	depth	study_count	p_fdr_bh	study_items
GO:0000379	BP	e	tRNA-type intron splice site recognition and cleavage	4/4	5/6920	5.237613986221396e-14	5	4	2.401969774081132e-10	SEN15, SEN2, SEN34, SEN54
GO:0006388	BP	e	tRNA splicing, via endonucleolytic cleavage and ligation	3/4	9/6920	6.082441122198908e-09	9	3	9.298024995468064e-06	SEN15, SEN2, SEN34
GO:0000394	BP	e	RNA splicing, via endonucleolytic cleavage and ligation	3/4	9/6920	6.082441122198908e-09	6	3	9.298024995468064e-06	SEN15, SEN2, SEN34
GO:0008033	BP	e	tRNA processing	4/4	141/6920	1.6526971439068457e-07	8	4	0.00018948172754891984	SEN15, SEN2, SEN34, SEN54
GO:0006399	BP	e	tRNA metabolic process	4/4	218/6920	9.588720951885728e-07	7	4	0.000879477485706959	SEN15, SEN2, SEN34, SEN54
GO:0008380	BP	e	RNA splicing	3/4	155/6920	4.337670448357833e-05	5	3	0.03315426112694837	SEN15, SEN2, SEN34
