# GO	NS	enrichment	name	ratio_in_study	ratio_in_pop	p_uncorrected	depth	study_count	p_fdr_bh	study_items
GO:0000214	CC	e	tRNA-intron endonuclease complex	4/8	4/6920	7.332659580709954e-13	5	4	6.929363303770905e-10	SEN15, SEN2, SEN34, SEN54
GO:1902555	CC	e	endoribonuclease complex	4/8	24/6920	7.719827849902905e-09	4	4	3.4181154726432806e-06	SEN15, SEN2, SEN34, SEN54
GO:1905348	CC	e	endonuclease complex	4/8	26/6920	1.085116023061359e-08	3	4	3.4181154726432806e-06	SEN15, SEN2, SEN34, SEN54
GO:0012505	CC	e	endomembrane system	4/8	50/6920	1.6530603131458543e-07	2	4	3.9053549898070804e-05	SEN15, SEN2, SEN34, SEN54
GO:0005741	CC	e	mitochondrial outer membrane	4/8	110/6920	4.029562928201207e-06	6	4	0.0007615873934300282	SEN15, SEN2, SEN34, SEN54
GO:0031968	CC	e	organelle outer membrane	4/8	119/6920	5.519183018707149e-06	5	4	0.0007704216302642233	SEN15, SEN2, SEN34, SEN54
GO:0019867	CC	e	outer membrane	4/8	120/6920	5.706826890846099e-06	3	4	0.0007704216302642233	SEN15, SEN2, SEN34, SEN54
GO:0005634	CC	e	nucleus	8/8	2331/6920	0.00016444662856246404	5	8	0.019425257998941063	LOS1, SEN15, SEN2, SEN34, SEN54, STP1, TPT1, TRL1
GO:0140513	CC	e	nuclear protein-containing complex	5/8	707/6920	0.0004724613440297294	2	5	0.04960844112312158	LOS1, SEN15, SEN2, SEN34, SEN54
