# GO	NS	enrichment	name	ratio_in_study	ratio_in_pop	p_uncorrected	depth	study_count	p_fdr_bh	study_items
GO:0035097	CC	e	histone methyltransferase complex	6/6	8/6920	1.8399058502362915e-19	5	6	8.693555142366477e-17	BRE2, SDC1, SET1, SPP1, SWD1, SWD3
GO:0048188	CC	e	Set1C/COMPASS complex	6/6	8/6920	1.8399058502362915e-19	6	6	8.693555142366477e-17	BRE2, SDC1, SET1, SPP1, SWD1, SWD3
GO:0034708	CC	e	methyltransferase complex	6/6	20/6920	2.5469553841128097e-16	4	6	8.02290945995535e-14	BRE2, SDC1, SET1, SPP1, SWD1, SWD3
GO:0000781	CC	e	chromosome, telomeric region	5/6	111/6920	5.749296620571311e-09	3	5	1.358271326609972e-06	BRE2, SDC1, SPP1, SWD1, SWD3
GO:1990234	CC	e	transferase complex	6/6	410/6920	4.178764209387629e-08	3	6	7.897864355742619e-06	BRE2, SDC1, SET1, SPP1, SWD1, SWD3
GO:0098687	CC	e	chromosomal region	5/6	190/6920	8.693293812649975e-08	2	5	1.3691937754923711e-05	BRE2, SDC1, SPP1, SWD1, SWD3
GO:0140513	CC	e	nuclear protein-containing complex	6/6	707/6920	1.1157924043527225e-06	2	6	0.00015063197458761753	BRE2, SDC1, SET1, SPP1, SWD1, SWD3
GO:1902494	CC	e	catalytic complex	6/6	851/6920	3.4057351700659586e-06	2	6	0.0004023024669640413	BRE2, SDC1, SET1, SPP1, SWD1, SWD3
GO:0005694	CC	e	chromosome	4/6	196/6920	8.957629980840822e-06	5	4	0.0009405511479882862	BRE2, SET1, SWD1, SWD3
