# GO	NS	enrichment	name	ratio_in_study	ratio_in_pop	p_uncorrected	depth	study_count	p_fdr_bh	study_items
GO:0034967	CC	e	Set3 complex	6/6	8/6920	1.8399058502362915e-19	4	6	1.7387110284732954e-16	CPR1, HOS2, HOS4, SET3, SIF2, SNT1
GO:0000118	CC	e	histone deacetylase complex	6/6	56/6920	2.133530905157951e-13	3	6	1.0080933526871319e-10	CPR1, HOS2, HOS4, SET3, SIF2, SNT1
GO:0070210	CC	e	Rpd3L-Expanded complex	4/6	26/6920	2.337129064557301e-09	4	4	7.361956553355497e-07	HOS2, SET3, SIF2, SNT1
GO:0140513	CC	e	nuclear protein-containing complex	6/6	707/6920	1.1157924043527225e-06	2	6	0.00026360595552833065	CPR1, HOS2, HOS4, SET3, SIF2, SNT1
GO:1902494	CC	e	catalytic complex	6/6	851/6920	3.4057351700659586e-06	2	6	0.0006436839471424662	CPR1, HOS2, HOS4, SET3, SIF2, SNT1
