# GO	NS	enrichment	name	ratio_in_study	ratio_in_pop	p_uncorrected	depth	study_count	p_fdr_bh	study_items
GO:0071261	CC	e	Ssh1 translocon complex	3/3	3/6920	1.8114287971346702e-11	4	3	1.7118002132922633e-08	SBH2, SSH1, SSS1
GO:0071256	CC	e	translocon complex	3/3	5/6920	1.8114287971346698e-10	3	3	5.70600071097421e-08	SBH2, SSH1, SSS1
GO:0005784	CC	e	Sec61 translocon complex	3/3	5/6920	1.8114287971346698e-10	4	3	5.70600071097421e-08	SBH2, SSH1, SSS1
GO:0140534	CC	e	endoplasmic reticulum protein-containing complex	3/3	79/6920	1.4324597784861258e-06	2	3	0.0003384186226673472	SBH2, SSH1, SSS1
GO:0005637	CC	e	nuclear inner membrane	2/3	20/6920	2.3768481818722852e-05	5	2	0.004492243063738619	SBH2, SSS1
GO:0098796	CC	e	membrane protein complex	3/3	336/6920	0.00011350123014238301	2	3	0.017876443747425325	SBH2, SSH1, SSS1
GO:0005789	CC	e	endoplasmic reticulum membrane	3/3	406/6920	0.00020055451298932154	4	3	0.027074859253558407	SBH2, SSH1, SSS1
