# GO	NS	enrichment	name	ratio_in_study	ratio_in_pop	p_uncorrected	depth	study_count	p_fdr_bh	study_items
GO:0061608	MF	e	nuclear import signal receptor activity	2/4	14/6920	2.275454789234835e-05	3	2	0.025865187998236894	KAP95, SRP1
GO:0008139	MF	e	nuclear localization sequence binding	2/4	14/6920	2.275454789234835e-05	4	2	0.025865187998236894	KAP95, SRP1
GO:0140142	MF	e	nucleocytoplasmic carrier activity	2/4	16/6920	2.9994419789219436e-05	2	2	0.025865187998236894	KAP95, SRP1
