# GO	NS	enrichment	name	ratio_in_study	ratio_in_pop	p_uncorrected	depth	study_count	p_fdr_bh	study_items
GO:0000133	CC	e	polarisome	3/3	6/6920	3.6228575942693396e-10	2	3	3.4236004265845255e-07	BUD6, PEA2, SPA2
GO:0000131	CC	e	incipient cellular bud site	3/3	69/6920	9.490800039707391e-07	3	3	0.00044844030187617416	BUD6, PEA2, SPA2
GO:0005934	CC	e	cellular bud tip	3/3	106/6920	3.494608435432205e-06	3	3	0.0010446118151598261	BUD6, PEA2, SPA2
GO:0043332	CC	e	mating projection tip	3/3	121/6920	5.216552649988421e-06	4	3	0.0010446118151598261	BUD6, PEA2, SPA2
GO:0060187	CC	e	cell pole	3/3	131/6920	6.632455969268737e-06	2	3	0.0010446118151598261	BUD6, PEA2, SPA2
GO:0051286	CC	e	cell tip	3/3	131/6920	6.632455969268737e-06	3	3	0.0010446118151598261	BUD6, PEA2, SPA2
GO:0005935	CC	e	cellular bud neck	3/3	201/6920	2.4151780152196554e-05	3	3	0.0032604903205465346	BUD6, PEA2, SPA2
GO:0030427	CC	e	site of polarized growth	3/3	282/6920	6.698591234652123e-05	2	3	0.00791271089593282	BUD6, PEA2, SPA2
