# GO	NS	enrichment	name	ratio_in_study	ratio_in_pop	p_uncorrected	depth	study_count	p_fdr_bh	study_items
GO:0000500	CC	e	RNA polymerase I upstream activating factor complex	3/3	5/6920	1.8114287971346698e-10	4	3	1.7118002132922627e-07	RRN10, RRN5, RRN9
GO:0000120	CC	e	RNA polymerase I transcription regulator complex	3/3	8/6920	1.014400126395415e-09	3	3	4.793040597218336e-07	RRN10, RRN5, RRN9
GO:0005667	CC	e	transcription regulator complex	3/3	104/6920	3.2986842967341193e-06	2	3	0.0010390855534712475	RRN10, RRN5, RRN9
GO:0005730	CC	e	nucleolus	3/3	365/6920	0.0001456031901423239	5	3	0.03439875367112402	RRN10, RRN5, RRN9
