# GO	NS	enrichment	name	ratio_in_study	ratio_in_pop	p_uncorrected	depth	study_count	p_fdr_bh	study_items
GO:0006452	BP	e	translational frameshifting	2/3	6/6920	1.8789950912677927e-06	6	2	0.008041049376323942	SSZ1, ZUO1
GO:0051083	BP	e	'de novo' cotranslational protein folding	2/3	8/6920	3.50678123694895e-06	4	2	0.008041049376323942	SSZ1, ZUO1
GO:0006458	BP	e	'de novo' protein folding	2/3	14/6920	1.1390445419262522e-05	3	2	0.017412194230912642	SSZ1, ZUO1
