# GO	NS	enrichment	name	ratio_in_study	ratio_in_pop	p_uncorrected	depth	study_count	p_fdr_bh	study_items
GO:0031931	CC	e	TORC1 complex	4/4	5/6920	5.237613986221396e-14	4	4	4.9495452169792187e-11	KOG1, LST8, TCO89, TOR1
GO:0038201	CC	e	TOR complex	4/4	10/6920	2.1997978742129865e-12	3	4	1.039404495565636e-09	KOG1, LST8, TCO89, TOR1
GO:0005774	CC	e	vacuolar membrane	4/4	290/6920	3.0235869813397617e-06	5	4	0.000952429899122025	KOG1, LST8, TCO89, TOR1
GO:0140535	CC	e	intracellular protein-containing complex	4/4	410/6920	1.2153852981617907e-05	2	4	0.0028713477669072302	KOG1, LST8, TCO89, TOR1
GO:0005773	CC	e	vacuole	4/4	434/6920	1.5271823086868106e-05	5	4	0.0028863745634180723	KOG1, LST8, TCO89, TOR1
GO:0005886	CC	e	plasma membrane	4/4	564/6920	4.3695721748202796e-05	3	4	0.006882076175341941	KOG1, LST8, TCO89, TOR1
GO:0098588	CC	e	bounding membrane of organelle	4/4	635/6920	7.029687400849772e-05	4	4	0.009490077991147192	KOG1, LST8, TCO89, TOR1
GO:0098852	CC	e	lytic vacuole membrane	3/4	220/6920	0.00012385474617913328	6	3	0.013004748348808992	KOG1, TCO89, TOR1
GO:0000329	CC	e	fungal-type vacuole membrane	3/4	220/6920	0.00012385474617913328	7	3	0.013004748348808992	KOG1, TCO89, TOR1
