# GO	NS	enrichment	name	ratio_in_study	ratio_in_pop	p_uncorrected	depth	study_count	p_fdr_bh	study_items
GO:0061630	MF	e	ubiquitin protein ligase activity	11/11	78/6920	1.7961728296965884e-22	7	11	4.646699110425074e-19	APC1, APC11, APC2, APC4, APC5, APC9, CDC16, CDC23, CDC26, CDC27, DOC1
GO:0061659	MF	e	ubiquitin-like protein ligase activity	11/11	87/6920	6.466685738530349e-22	6	11	8.364658002789007e-19	APC1, APC11, APC2, APC4, APC5, APC9, CDC16, CDC23, CDC26, CDC27, DOC1
GO:0004842	MF	e	ubiquitin-protein transferase activity	11/11	115/6920	1.6429732323083856e-20	6	11	1.4167905839939312e-17	APC1, APC11, APC2, APC4, APC5, APC9, CDC16, CDC23, CDC26, CDC27, DOC1
GO:0019787	MF	e	ubiquitin-like protein transferase activity	11/11	134/6920	9.491549856824156e-20	5	11	6.138659869901023e-17	APC1, APC11, APC2, APC4, APC5, APC9, CDC16, CDC23, CDC26, CDC27, DOC1
GO:0016755	MF	e	aminoacyltransferase activity	11/11	137/6920	1.2224416377812052e-19	4	11	6.324913033879955e-17	APC1, APC11, APC2, APC4, APC5, APC9, CDC16, CDC23, CDC26, CDC27, DOC1
GO:0016746	MF	e	acyltransferase activity	11/11	285/6920	4.794243740901717e-16	3	11	2.0671180929521238e-13	APC1, APC11, APC2, APC4, APC5, APC9, CDC16, CDC23, CDC26, CDC27, DOC1
GO:0140096	MF	e	catalytic activity, acting on a protein	11/11	712/6920	1.2760045844348544e-11	2	11	4.715748371332812e-09	APC1, APC11, APC2, APC4, APC5, APC9, CDC16, CDC23, CDC26, CDC27, DOC1
GO:0016740	MF	e	transferase activity	11/11	1029/6920	7.508673388205356e-10	2	11	2.4281172569109074e-07	APC1, APC11, APC2, APC4, APC5, APC9, CDC16, CDC23, CDC26, CDC27, DOC1
GO:0003824	MF	e	catalytic activity	11/11	2580/6920	1.909116518556766e-05	1	11	0.005487649370562616	APC1, APC11, APC2, APC4, APC5, APC9, CDC16, CDC23, CDC26, CDC27, DOC1
