# GO	NS	enrichment	name	ratio_in_study	ratio_in_pop	p_uncorrected	depth	study_count	p_fdr_bh	study_items
GO:0000082	BP	e	G1/S transition of mitotic cell cycle	3/3	61/6920	6.519332240887677e-07	5	3	0.0014948828828355441	MBP1, STB1, SWI6
GO:0044843	BP	e	cell cycle G1/S phase transition	3/3	61/6920	6.519332240887677e-07	4	3	0.0014948828828355441	MBP1, STB1, SWI6
GO:0044770	BP	e	cell cycle phase transition	3/3	94/6920	2.4281116168311975e-06	3	3	0.002783829968696968	MBP1, STB1, SWI6
GO:0044772	BP	e	mitotic cell cycle phase transition	3/3	94/6920	2.4281116168311975e-06	4	3	0.002783829968696968	MBP1, STB1, SWI6
