# GO	NS	enrichment	name	ratio_in_study	ratio_in_pop	p_uncorrected	depth	study_count	p_fdr_bh	study_items
GO:0004402	MF	e	histone acetyltransferase activity	5/12	31/6920	9.969740954102411e-10	9	5	1.5271055406772125e-06	EAF6, EPL1, ESA1, TRA1, YNG2
GO:0061733	MF	e	protein-lysine-acetyltransferase activity	5/12	32/6920	1.18059956758965e-09	8	5	1.5271055406772125e-06	EAF6, EPL1, ESA1, TRA1, YNG2
GO:0034212	MF	e	protein N-acetyltransferase activity	5/12	44/6920	6.3025376405427184e-09	7	5	5.434888292028004e-06	EAF6, EPL1, ESA1, TRA1, YNG2
GO:0008080	MF	e	N-acetyltransferase activity	5/12	55/6920	2.000127065493933e-08	6	5	1.2434737903507901e-05	EAF6, EPL1, ESA1, TRA1, YNG2
GO:0140993	MF	e	histone modifying activity	5/12	57/6920	2.4033123122357754e-08	3	5	1.2434737903507901e-05	EAF6, EPL1, ESA1, TRA1, YNG2
GO:0016410	MF	e	N-acyltransferase activity	5/12	62/6920	3.6984972466708696e-08	5	5	1.5946687295229233e-05	EAF6, EPL1, ESA1, TRA1, YNG2
GO:0016407	MF	e	acetyltransferase activity	5/12	70/6920	6.870643286529933e-08	5	5	2.5391934546075622e-05	EAF6, EPL1, ESA1, TRA1, YNG2
GO:0016747	MF	e	acyltransferase activity, transferring groups other than amino-acyl groups	5/12	132/6920	1.6655933394633229e-06	4	5	0.0005386112461489521	EAF6, EPL1, ESA1, TRA1, YNG2
GO:0016746	MF	e	acyltransferase activity	5/12	285/6920	7.139345875972639e-05	3	5	0.020521653090156907	EAF6, EPL1, ESA1, TRA1, YNG2
