# GO	NS	enrichment	name	ratio_in_study	ratio_in_pop	p_uncorrected	depth	study_count	p_fdr_bh	study_items
GO:0031929	BP	e	TOR signaling	4/4	20/6920	5.0752479526485314e-11	6	4	2.3275087110846164e-07	KOG1, LST8, TCO89, TOR1
GO:0001558	BP	e	regulation of cell growth	3/4	37/6920	5.609165608551354e-07	5	3	0.0012861816740408255	KOG1, LST8, TCO89
GO:0040008	BP	e	regulation of growth	3/4	60/6920	2.464159474140909e-06	3	3	0.0029247762099369736	KOG1, LST8, TCO89
GO:0035556	BP	e	intracellular signal transduction	4/4	278/6920	2.551047719090252e-06	5	4	0.0029247762099369736	KOG1, LST8, TCO89, TOR1
GO:0007165	BP	e	signal transduction	4/4	351/6920	6.512265128336066e-06	4	4	0.005357599906275037	KOG1, LST8, TCO89, TOR1
GO:0031930	BP	e	mitochondria-nucleus signaling pathway	2/4	8/6920	7.009507073190193e-06	6	2	0.005357599906275037	LST8, TOR1
GO:0031505	BP	e	fungal-type cell wall organization	3/4	170/6920	5.723198804081403e-05	6	3	0.03749512816502473	LST8, TCO89, TOR1
GO:0071852	BP	e	fungal-type cell wall organization or biogenesis	3/4	191/6920	8.113988775881436e-05	3	3	0.04651344065774033	LST8, TCO89, TOR1
