# GO	NS	enrichment	name	ratio_in_study	ratio_in_pop	p_uncorrected	depth	study_count	p_fdr_bh	study_items
GO:0003714	MF	e	transcription corepressor activity	3/3	30/6920	7.354400916366758e-08	4	3	0.00019025835170640804	RPD3, SAP30, SIN3
GO:0003712	MF	e	transcription coregulator activity	3/3	92/6920	2.2747922834417182e-06	3	3	0.0029424438186318627	RPD3, SAP30, SIN3
GO:0140110	MF	e	transcription regulator activity	3/3	273/6920	6.0753437969947804e-05	1	3	0.041499236025195105	RPD3, SAP30, SIN3
GO:0030674	MF	e	protein-macromolecule adaptor activity	3/3	278/6920	6.416580753799011e-05	2	3	0.041499236025195105	RPD3, SAP30, SIN3
