# GO	NS	enrichment	name	ratio_in_study	ratio_in_pop	p_uncorrected	depth	study_count	p_fdr_bh	study_items
GO:0000290	BP	e	deadenylation-dependent decapping of nuclear-transcribed mRNA	2/3	16/6920	1.5017469299765263e-05	11	2	0.03627576924205945	EAP1, LSM1
GO:0110156	BP	e	mRNA methylguanosine-cap decapping	2/3	19/6920	2.1393698665679306e-05	8	2	0.03627576924205945	EAP1, LSM1
GO:0010608	BP	e	post-transcriptional regulation of gene expression	3/3	214/6920	2.917422009228403e-05	8	3	0.03627576924205945	CAF20, EAP1, LSM1
GO:0110154	BP	e	RNA decapping	2/3	23/6920	3.1640444171006936e-05	7	2	0.03627576924205945	EAP1, LSM1
