# GO	NS	enrichment	name	ratio_in_study	ratio_in_pop	p_uncorrected	depth	study_count	p_fdr_bh	study_items
GO:0016587	CC	e	Isw1 complex	4/4	4/6920	1.0475227972442794e-14	6	4	9.899090433958439e-12	IOC2, IOC3, IOC4, ISW1
GO:0031010	CC	e	ISWI-type complex	4/4	9/6920	1.3198787245277916e-12	5	4	6.236426973393815e-10	IOC2, IOC3, IOC4, ISW1
GO:0036437	CC	e	Isw1b complex	3/4	3/6920	7.245715188538681e-11	7	3	2.2824002843896845e-08	IOC2, IOC4, ISW1
GO:0070603	CC	e	SWI/SNF superfamily-type complex	4/4	61/6920	5.4665500935591325e-09	4	4	1.291472459603345e-06	IOC2, IOC3, IOC4, ISW1
GO:1904949	CC	e	ATPase complex	4/4	71/6920	1.0178098131004453e-08	3	4	1.9236605467598416e-06	IOC2, IOC3, IOC4, ISW1
GO:0036436	CC	e	Isw1a complex	2/4	2/6920	2.5062928837155293e-07	7	2	3.947411291851959e-05	IOC3, ISW1
GO:0140513	CC	e	nuclear protein-containing complex	4/4	707/6920	0.0001081279906560431	2	4	0.014597278738565818	IOC2, IOC3, IOC4, ISW1
GO:1902494	CC	e	catalytic complex	4/4	851/6920	0.00022730253010368705	2	4	0.02685011136849803	IOC2, IOC3, IOC4, ISW1
