# GO	NS	enrichment	name	ratio_in_study	ratio_in_pop	p_uncorrected	depth	study_count	p_fdr_bh	study_items
GO:0022884	MF	e	macromolecule transmembrane transporter activity	8/9	31/6920	5.449950054469344e-19	3	8	7.049510395456098e-16	TOM20, TOM22, TOM40, TOM5, TOM6, TOM7, TOM70, TOM71
GO:0008320	MF	e	protein transmembrane transporter activity	8/9	31/6920	5.449950054469344e-19	4	8	7.049510395456098e-16	TOM20, TOM22, TOM40, TOM5, TOM6, TOM7, TOM70, TOM71
GO:0140318	MF	e	protein transporter activity	8/9	42/6920	8.142582663636562e-18	2	8	7.021620450275929e-15	TOM20, TOM22, TOM40, TOM5, TOM6, TOM7, TOM70, TOM71
GO:0022857	MF	e	transmembrane transporter activity	8/9	416/6920	1.3648440723559725e-09	2	8	8.827129037962252e-07	TOM20, TOM22, TOM40, TOM5, TOM6, TOM7, TOM70, TOM71
GO:0005215	MF	e	transporter activity	8/9	464/6920	3.271150659015174e-09	1	8	1.692493350974451e-06	TOM20, TOM22, TOM40, TOM5, TOM6, TOM7, TOM70, TOM71
GO:0030943	MF	e	mitochondrion targeting sequence binding	3/9	7/6920	5.3117539562917055e-08	4	3	2.290251247487774e-05	TOM20, TOM70, TOM71
GO:0005048	MF	e	signal sequence binding	3/9	41/6920	1.5823531476225403e-05	3	3	0.0055069500023320365	TOM20, TOM70, TOM71
GO:0042277	MF	e	peptide binding	3/9	42/6920	1.702960959360506e-05	2	3	0.0055069500023320365	TOM20, TOM70, TOM71
