# GO	NS	enrichment	name	ratio_in_study	ratio_in_pop	p_uncorrected	depth	study_count	p_fdr_bh	study_items
GO:0006260	BP	e	DNA replication	4/4	98/6920	3.783945650029565e-08	7	4	0.00017353174751035585	POL1, POL12, PRI1, PRI2
GO:0006270	BP	e	DNA replication initiation	3/4	35/6920	4.7258661027994525e-07	7	3	0.0010836410973719143	POL1, POL12, PRI2
GO:0006269	BP	e	DNA replication, synthesis of primer	2/4	3/6920	7.517429508108881e-07	8	2	0.0011491643908062444	PRI1, PRI2
GO:0141187	BP	e	nucleic acid biosynthetic process	4/4	343/6920	5.936162262856303e-06	6	4	0.0068058100343647504	POL1, POL12, PRI1, PRI2
GO:0034654	BP	e	nucleobase-containing compound biosynthetic process	4/4	476/6920	2.21254588621054e-05	5	4	0.020293470868323074	POL1, POL12, PRI1, PRI2
GO:0006259	BP	e	DNA metabolic process	4/4	525/6920	3.278045850692007e-05	6	4	0.025055197118789237	POL1, POL12, PRI1, PRI2
