# GO	NS	enrichment	name	ratio_in_study	ratio_in_pop	p_uncorrected	depth	study_count	p_fdr_bh	study_items
GO:0042254	BP	e	ribosome biogenesis	4/4	201/6920	6.913477620550697e-07	5	4	0.0031705208367845497	NOP1, NOP56, NOP58, SNU13
GO:0022613	BP	e	ribonucleoprotein complex biogenesis	4/4	242/6920	1.4601376274830521e-06	4	4	0.0033480955798186386	NOP1, NOP56, NOP58, SNU13
GO:0044085	BP	e	cellular component biogenesis	4/4	270/6920	2.268372330474247e-06	3	4	0.0034675851691849655	NOP1, NOP56, NOP58, SNU13
GO:0006364	BP	e	rRNA processing	4/4	368/6920	7.874809823028597e-06	8	4	0.009028469462102286	NOP1, NOP56, NOP58, SNU13
GO:0016072	BP	e	rRNA metabolic process	4/4	428/6920	1.4441836195883928e-05	7	4	0.013246052158864739	NOP1, NOP56, NOP58, SNU13
