# GO	NS	enrichment	name	ratio_in_study	ratio_in_pop	p_uncorrected	depth	study_count	p_fdr_bh	study_items
GO:0070628	MF	e	proteasome binding	6/10	16/6920	1.099577010181724e-14	3	6	2.84460572534012e-11	CIC1, RAD23, UBC1, UBC4, UBC5, UBP6
GO:0061631	MF	e	ubiquitin conjugating enzyme activity	3/10	11/6920	3.564903857680457e-07	7	3	0.00046112031399096715	UBC1, UBC4, UBC5
GO:0061650	MF	e	ubiquitin-like protein conjugating enzyme activity	3/10	14/6920	7.846489883833849e-07	6	3	0.000606509019596988	UBC1, UBC4, UBC5
GO:0044877	MF	e	protein-containing complex binding	6/10	290/6920	9.377796978693281e-07	2	6	0.000606509019596988	CIC1, RAD23, UBC1, UBC4, UBC5, UBP6
GO:0004842	MF	e	ubiquitin-protein transferase activity	4/10	115/6920	1.4074484163838544e-05	6	4	0.0072821381063700626	HUL5, UBC1, UBC4, UBC5
GO:0019787	MF	e	ubiquitin-like protein transferase activity	4/10	134/6920	2.5795430572181553e-05	5	4	0.010404520399047119	HUL5, UBC1, UBC4, UBC5
GO:0016755	MF	e	aminoacyltransferase activity	4/10	137/6920	2.8152934980026995e-05	4	4	0.010404520399047119	HUL5, UBC1, UBC4, UBC5
GO:0036435	MF	e	K48-linked polyubiquitin modification-dependent protein binding	2/10	9/6920	6.730555437713784e-05	5	2	0.021764933646706952	RAD23, RPN10
GO:0140096	MF	e	catalytic activity, acting on a protein	6/10	712/6920	0.00016966441752341637	2	6	0.04876909423700868	DOA4, HUL5, UBC1, UBC4, UBC5, UBP6
