# GO	NS	enrichment	name	ratio_in_study	ratio_in_pop	p_uncorrected	depth	study_count	p_fdr_bh	study_items
GO:0005952	CC	e	cAMP-dependent protein kinase complex	4/4	4/6920	1.0475227972442794e-14	7	4	9.899090433958439e-12	BCY1, TPK1, TPK2, TPK3
GO:1902554	CC	e	serine/threonine protein kinase complex	4/4	56/6920	3.847446481998512e-09	6	4	1.817918462744297e-06	BCY1, TPK1, TPK2, TPK3
GO:1902911	CC	e	protein kinase complex	4/4	64/6920	6.655708448218812e-09	5	4	2.096548161188926e-06	BCY1, TPK1, TPK2, TPK3
GO:0061695	CC	e	transferase complex, transferring phosphorus-containing groups	4/4	135/6920	1.3861696334671997e-07	4	4	3.274825759066259e-05	BCY1, TPK1, TPK2, TPK3
GO:0140535	CC	e	intracellular protein-containing complex	4/4	410/6920	1.2153852981617907e-05	2	4	0.0019142318446048203	BCY1, TPK1, TPK2, TPK3
GO:1990234	CC	e	transferase complex	4/4	410/6920	1.2153852981617907e-05	3	4	0.0019142318446048203	BCY1, TPK1, TPK2, TPK3
GO:0000785	CC	e	chromatin	3/4	148/6920	3.775544849260392e-05	2	3	0.005096985546501529	BCY1, TPK1, TPK2
GO:1902494	CC	e	catalytic complex	4/4	851/6920	0.00022730253010368705	2	4	0.02685011136849803	BCY1, TPK1, TPK2, TPK3
GO:0000932	CC	e	P-body	2/4	60/6920	0.0004386701972059899	7	2	0.04606037070662893	TPK2, TPK3
