# GO	NS	enrichment	name	ratio_in_study	ratio_in_pop	p_uncorrected	depth	study_count	p_fdr_bh	study_items
GO:0005662	CC	e	DNA replication factor A complex	3/3	3/6920	1.8114287971346702e-11	3	3	1.7118002132922633e-08	RFA1, RFA2, RFA3
GO:0000794	CC	e	condensed nuclear chromosome	3/3	28/6920	5.934240739413177e-08	7	3	2.564847319582907e-05	RFA1, RFA2, RFA3
GO:0000793	CC	e	condensed chromosome	3/3	31/6920	8.14237244312034e-08	6	3	2.564847319582907e-05	RFA1, RFA2, RFA3
GO:0000228	CC	e	nuclear chromosome	3/3	43/6920	2.2354842785438959e-07	6	3	5.281331608059954e-05	RFA1, RFA2, RFA3
GO:0000781	CC	e	chromosome, telomeric region	3/3	111/6920	4.0180207863642675e-06	3	3	0.0007594059286228466	RFA1, RFA2, RFA3
GO:0098687	CC	e	chromosomal region	3/3	190/6920	2.038183453959988e-05	2	3	0.003022012096546161	RFA1, RFA2, RFA3
GO:0005694	CC	e	chromosome	3/3	196/6920	2.2385274789230822e-05	5	3	0.003022012096546161	RFA1, RFA2, RFA3
