# GO	NS	enrichment	name	ratio_in_study	ratio_in_pop	p_uncorrected	depth	study_count	p_fdr_bh	study_items
GO:0030620	MF	e	U2 snRNA binding	4/12	10/6920	1.0828667403001538e-09	5	4	2.801376257156498e-06	CUS2, LEA1, MSL1, RSE1
GO:0003723	MF	e	RNA binding	11/12	1124/6920	2.0379218088327233e-08	3	11	2.6360518597251278e-05	CUS1, CUS2, HSH155, HSH49, IST3, LEA1, MSL1, PRP11, PRP21, PRP9, RSE1
GO:0017069	MF	e	snRNA binding	4/12	25/6920	6.432927439583362e-08	4	4	5.5473277620673855e-05	CUS2, LEA1, MSL1, RSE1
GO:0003676	MF	e	nucleic acid binding	11/12	1751/6920	2.4544425530270642e-06	2	11	0.001587410721170254	CUS1, CUS2, HSH155, HSH49, IST3, LEA1, MSL1, PRP11, PRP21, PRP9, RSE1
