# GO	NS	enrichment	name	ratio_in_study	ratio_in_pop	p_uncorrected	depth	study_count	p_fdr_bh	study_items
GO:0003723	MF	e	RNA binding	12/13	1124/6920	3.552714289385845e-09	3	12	9.190871866641182e-06	LUC7, PRP39, PRP40, PRP42, SMB1, SMD1, SMD2, SMD3, SMX2, SMX3, SNP1, YHC1
GO:0030627	MF	e	pre-mRNA 5'-splice site binding	3/13	8/6920	2.8854885240017854e-07	5	3	0.00037323794057963095	PRP39, PRP42, YHC1
GO:0003676	MF	e	nucleic acid binding	12/13	1751/6920	6.683332605851021e-07	2	12	0.0005763260483778864	LUC7, PRP39, PRP40, PRP42, SMB1, SMD1, SMD2, SMD3, SMX2, SMX3, SNP1, YHC1
GO:0036002	MF	e	pre-mRNA binding	3/13	19/6920	4.933670783899996e-06	4	3	0.0031908515794873225	PRP39, PRP42, YHC1
GO:0030619	MF	e	U1 snRNA binding	2/13	7/6920	6.805993328966045e-05	5	2	0.035214209484070315	SNP1, YHC1
