# GO	NS	enrichment	name	ratio_in_study	ratio_in_pop	p_uncorrected	depth	study_count	p_fdr_bh	study_items
GO:0003843	MF	e	1,3-beta-D-glucan synthase activity	2/3	4/6920	7.517429508108881e-07	7	2	0.0019447590137477678	FKS1, GSC2
GO:0035251	MF	e	UDP-glucosyltransferase activity	2/3	14/6920	1.1390445419262522e-05	6	2	0.014675323343838252	FKS1, GSC2
GO:0046527	MF	e	glucosyltransferase activity	2/3	17/6920	1.7018156177624566e-05	5	2	0.014675323343838252	FKS1, GSC2
GO:0008194	MF	e	UDP-glycosyltransferase activity	2/3	26/6920	4.0633065062926335e-05	4	2	0.02627943482944761	FKS1, GSC2
