# GO	NS	enrichment	name	ratio_in_study	ratio_in_pop	p_uncorrected	depth	study_count	p_fdr_bh	study_items
GO:0030892	CC	e	mitotic cohesin complex	4/4	4/6920	1.0475227972442794e-14	3	4	9.899090433958439e-12	IRR1, MCD1, SMC1, SMC3
GO:0008278	CC	e	cohesin complex	4/4	5/6920	5.237613986221396e-14	2	4	2.4747726084896093e-11	IRR1, MCD1, SMC1, SMC3
GO:0005694	CC	e	chromosome	4/4	196/6920	6.245999760476433e-07	5	4	0.00019674899245500764	IRR1, MCD1, SMC1, SMC3
