# GO	NS	enrichment	name	ratio_in_study	ratio_in_pop	p_uncorrected	depth	study_count	p_fdr_bh	study_items
GO:0004842	MF	e	ubiquitin-protein transferase activity	7/12	115/6920	2.155059142147319e-10	6	7	5.575138000735115e-07	BUL1, BUL2, RSP5, RTT101, SLX5, SLX8, UCC1
GO:0019787	MF	e	ubiquitin-like protein transferase activity	7/12	134/6920	6.377719051202395e-10	5	7	6.432107105144217e-07	BUL1, BUL2, RSP5, RTT101, SLX5, SLX8, UCC1
GO:0016755	MF	e	aminoacyltransferase activity	7/12	137/6920	7.458956828539872e-10	4	7	6.432107105144217e-07	BUL1, BUL2, RSP5, RTT101, SLX5, SLX8, UCC1
GO:0034450	MF	e	ubiquitin-ubiquitin ligase activity	3/12	6/6920	7.946974723674181e-08	8	3	5.1397059025362766e-05	BUL1, BUL2, RSP5
GO:0061630	MF	e	ubiquitin protein ligase activity	5/12	78/6920	1.1903159764522597e-07	7	5	5.344417880006949e-05	BUL1, BUL2, RSP5, SLX5, SLX8
GO:0016746	MF	e	acyltransferase activity	7/12	285/6920	1.2395248272145997e-07	3	7	5.344417880006949e-05	BUL1, BUL2, RSP5, RTT101, SLX5, SLX8, UCC1
GO:0061659	MF	e	ubiquitin-like protein ligase activity	5/12	87/6920	2.067474927382981e-07	6	5	7.640796624485388e-05	BUL1, BUL2, RSP5, SLX5, SLX8
GO:0140096	MF	e	catalytic activity, acting on a protein	7/12	712/6920	5.9083402193474376e-05	2	7	0.01910609518431478	BUL1, BUL2, RSP5, RTT101, SLX5, SLX8, UCC1
