# GO	NS	enrichment	name	ratio_in_study	ratio_in_pop	p_uncorrected	depth	study_count	p_fdr_bh	study_items
GO:0004523	MF	e	RNA-DNA hybrid ribonuclease activity	3/3	51/6920	3.7723004700329497e-07	7	3	0.0009758941315975242	RNH201, RNH202, RNH203
GO:0016891	MF	e	RNA endonuclease activity producing 5'-phosphomonoesters, hydrolytic mechanism	3/3	74/6920	1.1742406034545784e-06	6	3	0.0015188802205684973	RNH201, RNH202, RNH203
GO:0004521	MF	e	RNA endonuclease activity	3/3	98/6920	2.7551107432899472e-06	5	3	0.002375823830963698	RNH201, RNH202, RNH203
GO:0004540	MF	e	RNA nuclease activity	3/3	119/6920	4.960036218026183e-06	4	3	0.003207903424008434	RNH201, RNH202, RNH203
GO:0004519	MF	e	endonuclease activity	3/3	148/6920	9.589631594879057e-06	4	3	0.004961675387190424	RNH201, RNH202, RNH203
GO:0004518	MF	e	nuclease activity	3/3	185/6920	1.8806616057611567e-05	3	3	0.008108785956840187	RNH201, RNH202, RNH203
GO:0016788	MF	e	hydrolase activity, acting on ester bonds	3/3	342/6920	0.00011970972120168236	3	3	0.0418578624742875	RNH201, RNH202, RNH203
GO:0140098	MF	e	catalytic activity, acting on RNA	3/3	351/6920	0.00012944062612844993	3	3	0.0418578624742875	RNH201, RNH202, RNH203
