# GO	NS	enrichment	name	ratio_in_study	ratio_in_pop	p_uncorrected	depth	study_count	p_fdr_bh	study_items
GO:0000118	CC	e	histone deacetylase complex	7/7	56/6920	1.5429063531660042e-15	3	7	1.458046503741874e-12	CPR1, HOS1, PHO23, RCO1, RFM1, RPD3, SAP30
GO:0070822	CC	e	Sin3-type complex	4/7	21/6920	2.181378359804766e-09	4	4	1.0307012750077518e-06	PHO23, RCO1, RPD3, SAP30
GO:0140513	CC	e	nuclear protein-containing complex	7/7	707/6920	1.1312850382575331e-07	2	7	3.5635478705112293e-05	CPR1, HOS1, PHO23, RCO1, RFM1, RPD3, SAP30
GO:0033698	CC	e	Rpd3L complex	3/7	16/6920	3.530423925285891e-07	5	3	7.866834471151053e-05	PHO23, RPD3, SAP30
GO:1902494	CC	e	catalytic complex	7/7	851/6920	4.162346281032303e-07	2	7	7.866834471151053e-05	CPR1, HOS1, PHO23, RCO1, RFM1, RPD3, SAP30
GO:0070210	CC	e	Rpd3L-Expanded complex	3/7	26/6920	1.6320193791167359e-06	4	3	0.0002570430522108859	PHO23, RPD3, SAP30
GO:0032221	CC	e	Rpd3S complex	2/7	5/6920	8.759350590282947e-06	5	2	0.001182512329688198	RCO1, RPD3
GO:0032991	CC	e	protein-containing complex	7/7	2176/6920	0.00030198995259705935	1	7	0.035672563150527636	CPR1, HOS1, PHO23, RCO1, RFM1, RPD3, SAP30
