# GO	NS	enrichment	name	ratio_in_study	ratio_in_pop	p_uncorrected	depth	study_count	p_fdr_bh	study_items
GO:0022884	MF	e	macromolecule transmembrane transporter activity	6/7	31/6920	3.376222833673216e-14	3	6	4.367144235356305e-11	TOM20, TOM22, TOM40, TOM6, TOM7, TOM70
GO:0008320	MF	e	protein transmembrane transporter activity	6/7	31/6920	3.376222833673216e-14	4	6	4.367144235356305e-11	TOM20, TOM22, TOM40, TOM6, TOM7, TOM70
GO:0140318	MF	e	protein transporter activity	6/7	42/6920	2.402169158597438e-13	2	6	2.0714705377638573e-10	TOM20, TOM22, TOM40, TOM6, TOM7, TOM70
GO:0022857	MF	e	transmembrane transporter activity	6/7	416/6920	3.0309490695182697e-07	2	6	0.00019602663107109411	TOM20, TOM22, TOM40, TOM6, TOM7, TOM70
GO:0005215	MF	e	transporter activity	6/7	464/6920	5.821419133111022e-07	1	6	0.00030120022594716425	TOM20, TOM22, TOM40, TOM6, TOM7, TOM70
GO:0030943	MF	e	mitochondrion targeting sequence binding	2/7	7/6920	1.837691117288464e-05	4	2	0.007923511534042093	TOM20, TOM70
