# GO	NS	enrichment	name	ratio_in_study	ratio_in_pop	p_uncorrected	depth	study_count	p_fdr_bh	study_items
GO:0005200	MF	e	structural constituent of cytoskeleton	4/13	21/6920	4.403913211771512e-08	2	4	0.00011392923478852902	CNM67, SPC110, SPC29, SPC42
GO:0008017	MF	e	microtubule binding	4/13	44/6920	9.751935775929776e-07	5	4	0.0012614128926165167	CDC31, SPC105, SPC24, SPC72
GO:0015631	MF	e	tubulin binding	4/13	53/6920	2.0838712724791035e-06	4	4	0.0017969916606344802	CDC31, SPC105, SPC24, SPC72
GO:0008092	MF	e	cytoskeletal protein binding	4/13	122/6920	5.814506710682528e-05	3	4	0.03760532215133925	CDC31, SPC105, SPC24, SPC72
