# GO	NS	enrichment	name	ratio_in_study	ratio_in_pop	p_uncorrected	depth	study_count	p_fdr_bh	study_items
GO:0003743	MF	e	translation initiation factor activity	6/7	38/6920	1.264810657800833e-13	2	6	3.272065171730755e-10	NIP1, PRT1, RPG1, SUI1, TIF34, TIF35
GO:0180051	MF	e	translation factor activity	6/7	61/6920	2.5366218151936147e-12	1	6	3.2811203179529407e-09	NIP1, PRT1, RPG1, SUI1, TIF34, TIF35
GO:0031369	MF	e	translation initiation factor binding	3/7	25/6920	1.4443370764959966e-06	3	3	0.0012455000056317144	NIP1, PRT1, SUI1
GO:0003723	MF	e	RNA binding	7/7	1124/6920	2.936365731768715e-06	3	7	0.0018990945370214165	GCD10, NIP1, PRT1, RPG1, SUI1, TIF34, TIF35
GO:0003676	MF	e	nucleic acid binding	7/7	1751/6920	6.582088320928348e-05	2	7	0.03405572497248327	GCD10, NIP1, PRT1, RPG1, SUI1, TIF34, TIF35
