# GO	NS	enrichment	name	ratio_in_study	ratio_in_pop	p_uncorrected	depth	study_count	p_fdr_bh	study_items
GO:0000307	CC	e	cyclin-dependent protein kinase holoenzyme complex	3/5	40/6920	1.7753615845965854e-06	7	3	0.001677716697443773	CDC28, CKS1, CLN2
GO:1902554	CC	e	serine/threonine protein kinase complex	3/5	56/6920	4.963742497441551e-06	6	3	0.002345368330041133	CDC28, CKS1, CLN2
GO:1902911	CC	e	protein kinase complex	3/5	64/6920	7.447647764647813e-06	5	3	0.0023460090458640613	CDC28, CKS1, CLN2
GO:0061695	CC	e	transferase complex, transferring phosphorus-containing groups	3/5	135/6920	7.057388835023927e-05	4	3	0.016673081122744026	CDC28, CKS1, CLN2
