# GO	NS	enrichment	name	ratio_in_study	ratio_in_pop	p_uncorrected	depth	study_count	p_fdr_bh	study_items
GO:0030515	MF	e	snoRNA binding	5/11	32/6920	6.909316417778936e-10	4	5	1.7874401572794109e-06	DIP2, ENP1, KRE33, NOP14, UTP6
GO:0034511	MF	e	U3 snoRNA binding	3/11	17/6920	2.0078709070135126e-06	5	3	0.0025971810182219787	DIP2, NOP14, UTP6
GO:0003723	MF	e	RNA binding	8/11	1124/6920	4.923433187903296e-05	3	8	0.04245640552368609	DIP2, ENP1, KRE33, KRR1, NOP14, ROK1, UTP22, UTP6
