# GO	NS	enrichment	name	ratio_in_study	ratio_in_pop	p_uncorrected	depth	study_count	p_fdr_bh	study_items
GO:0008053	BP	e	mitochondrial fusion	3/3	4/6920	7.245715188538681e-11	6	3	3.322884985463839e-07	FZO1, MGM1, UGO1
GO:0048284	BP	e	organelle fusion	3/3	100/6920	2.929080364966761e-06	5	3	0.006716381276868783	FZO1, MGM1, UGO1
GO:0007005	BP	e	mitochondrion organization	3/3	144/6920	8.827889557107986e-06	5	3	0.013494900502965741	FZO1, MGM1, UGO1
