# GO	NS	enrichment	name	ratio_in_study	ratio_in_pop	p_uncorrected	depth	study_count	p_fdr_bh	study_items
GO:0030015	CC	e	CCR4-NOT core complex	4/4	10/6920	2.1997978742129865e-12	3	4	2.078808991131272e-09	CAF40, CCR4, CDC39, POP2
GO:0000932	CC	e	P-body	4/4	60/6920	5.10808779234214e-09	7	4	2.4135714818816608e-06	CAF40, CCR4, CDC39, POP2
GO:0036464	CC	e	cytoplasmic ribonucleoprotein granule	4/4	141/6920	1.6526971439068457e-07	6	4	4.133287255362178e-05	CAF40, CCR4, CDC39, POP2
GO:0035770	CC	e	ribonucleoprotein granule	4/4	143/6920	1.749539578989282e-07	5	4	4.133287255362178e-05	CAF40, CCR4, CDC39, POP2
GO:0099080	CC	e	supramolecular complex	4/4	275/6920	2.442120275376708e-06	2	4	0.000394512913904483	CAF40, CCR4, CDC39, POP2
GO:0030014	CC	e	CCR4-NOT complex	2/4	5/6920	2.504843897806241e-06	3	2	0.000394512913904483	CAF40, POP2
GO:0140535	CC	e	intracellular protein-containing complex	4/4	410/6920	1.2153852981617907e-05	2	4	0.0016407701525184173	CAF40, CCR4, CDC39, POP2
