# GO	NS	enrichment	name	ratio_in_study	ratio_in_pop	p_uncorrected	depth	study_count	p_fdr_bh	study_items
GO:0008242	MF	e	omega peptidase activity	3/3	5/6920	1.8114287971346698e-10	4	3	4.686166298187391e-07	DUG1, DUG2, DUG3
GO:0016805	MF	e	dipeptidase activity	2/3	2/6920	1.2531464418577647e-07	5	2	0.00016209449225430188	DUG1, DUG2
GO:0036374	MF	e	glutathione hydrolase activity	2/3	4/6920	7.517429508108881e-07	5	2	0.0006482530045825892	DUG2, DUG3
GO:0070003	MF	e	threonine-type peptidase activity	2/3	8/6920	3.50678123694895e-06	4	2	0.0022680107649967335	DUG2, DUG3
GO:0008233	MF	e	peptidase activity	3/3	165/6920	1.3316356516376097e-05	3	3	0.006889882861572993	DUG1, DUG2, DUG3
GO:0008238	MF	e	exopeptidase activity	2/3	31/6920	5.810846209752364e-05	4	2	0.02505443190771561	DUG1, DUG2
