# GO	NS	enrichment	name	ratio_in_study	ratio_in_pop	p_uncorrected	depth	study_count	p_fdr_bh	study_items
GO:0005730	CC	e	nucleolus	5/5	365/6920	3.9775340171567415e-07	5	5	0.00037587696462131206	DBP10, DBP9, NOP13, NOP4, PUF6
GO:0030684	CC	e	preribosome	3/5	163/6920	0.00012393833097919656	3	3	0.038353257610985646	DBP10, NOP13, PUF6
GO:0043232	CC	e	intracellular membraneless organelle	5/5	1210/6920	0.0001623418311576112	4	5	0.038353257610985646	DBP10, DBP9, NOP13, NOP4, PUF6
GO:0043228	CC	e	membraneless organelle	5/5	1210/6920	0.0001623418311576112	3	5	0.038353257610985646	DBP10, DBP9, NOP13, NOP4, PUF6
