# GO	NS	enrichment	name	ratio_in_study	ratio_in_pop	p_uncorrected	depth	study_count	p_fdr_bh	study_items
GO:0042254	BP	e	ribosome biogenesis	7/7	201/6920	1.5742616865108356e-11	5	7	7.219564094338691e-08	BRX1, CIC1, MAK21, NOC2, NOP4, SPB4, YTM1
GO:0022613	BP	e	ribonucleoprotein complex biogenesis	7/7	242/6920	5.878338007055896e-11	4	7	1.3479029050179169e-07	BRX1, CIC1, MAK21, NOC2, NOP4, SPB4, YTM1
GO:0044085	BP	e	cellular component biogenesis	7/7	270/6920	1.276642312247797e-10	3	7	1.9515605479894658e-07	BRX1, CIC1, MAK21, NOC2, NOP4, SPB4, YTM1
GO:0042273	BP	e	ribosomal large subunit biogenesis	5/7	63/6920	1.1022743118778575e-09	5	5	1.2637574985679636e-06	CIC1, MAK21, NOC2, NOP4, YTM1
GO:0006364	BP	e	rRNA processing	5/7	368/6920	7.959326055703371e-06	8	5	0.007219845194257874	BRX1, CIC1, NOP4, SPB4, YTM1
GO:0000027	BP	e	ribosomal large subunit assembly	3/7	46/6920	9.445937890437689e-06	7	3	0.007219845194257874	BRX1, MAK21, SPB4
GO:0071826	BP	e	protein-RNA complex organization	4/7	182/6920	1.5233869136783786e-05	5	4	0.008533581199309775	BRX1, MAK21, SPB4, YTM1
GO:0000470	BP	e	maturation of LSU-rRNA	3/7	54/6920	1.5380899692468677e-05	9	3	0.008533581199309775	NOP4, SPB4, YTM1
GO:0016072	BP	e	rRNA metabolic process	5/7	428/6920	1.6747106583904924e-05	7	5	0.008533581199309775	BRX1, CIC1, NOP4, SPB4, YTM1
