# GO	NS	enrichment	name	ratio_in_study	ratio_in_pop	p_uncorrected	depth	study_count	p_fdr_bh	study_items
GO:0030906	CC	e	retromer, cargo-selective complex	3/3	3/6920	1.8114287971346702e-11	3	3	1.7118002132922633e-08	PEP8, VPS29, VPS35
GO:0030904	CC	e	retromer complex	3/3	6/6920	3.6228575942693396e-10	3	3	1.7118002132922627e-07	PEP8, VPS29, VPS35
GO:0005768	CC	e	endosome	3/3	175/6920	1.590389198164312e-05	7	3	0.005009725974217582	PEP8, VPS29, VPS35
GO:0031410	CC	e	cytoplasmic vesicle	3/3	279/6920	6.486326196775087e-05	6	3	0.010777163194846853	PEP8, VPS29, VPS35
GO:0097708	CC	e	intracellular vesicle	3/3	279/6920	6.486326196775087e-05	5	3	0.010777163194846853	PEP8, VPS29, VPS35
GO:0031982	CC	e	vesicle	3/3	284/6920	6.842643298315462e-05	4	3	0.010777163194846853	PEP8, VPS29, VPS35
GO:0098796	CC	e	membrane protein complex	3/3	336/6920	0.00011350123014238301	2	3	0.015322666069221705	PEP8, VPS29, VPS35
