# GO	NS	enrichment	name	ratio_in_study	ratio_in_pop	p_uncorrected	depth	study_count	p_fdr_bh	study_items
GO:1990935	MF	e	splicing factor binding	2/14	2/6920	3.8012108736352197e-06	3	2	0.008501128697708216	SME1, SMX3
GO:0003723	MF	e	RNA binding	10/14	1124/6920	6.572190721073224e-06	3	10	0.008501128697708216	PRP28, PRP8, SMB1, SMD1, SMD2, SMD3, SME1, SMX2, SMX3, SNU114
GO:0030623	MF	e	U5 snRNA binding	2/14	5/6920	3.788039394482275e-05	5	2	0.02853660548838262	PRP8, SNU114
GO:0003676	MF	e	nucleic acid binding	11/14	1751/6920	4.412308540917297e-05	2	11	0.02853660548838262	BRR2, PRP28, PRP8, SMB1, SMD1, SMD2, SMD3, SME1, SMX2, SMX3, SNU114
