# GO	NS	enrichment	name	ratio_in_study	ratio_in_pop	p_uncorrected	depth	study_count	p_fdr_bh	study_items
GO:0008278	CC	e	cohesin complex	5/9	5/6920	9.542211715787968e-16	2	5	9.017390071419629e-13	IRR1, MCD1, REC8, SMC1, SMC3
GO:0030892	CC	e	mitotic cohesin complex	4/9	4/6920	1.3198787245277916e-12	3	4	6.236426973393815e-10	IRR1, MCD1, SMC1, SMC3
GO:0005694	CC	e	chromosome	6/9	196/6920	3.74562507744601e-08	5	6	1.179871899395493e-05	IRR1, MCD1, REC8, SCC2, SMC1, SMC3
GO:0000775	CC	e	chromosome, centromeric region	4/9	83/6920	2.31667820957927e-06	3	4	0.0005473152270131025	IRR1, MCD1, REC8, SCC2
GO:0043232	CC	e	intracellular membraneless organelle	8/9	1210/6920	6.52285076125005e-06	4	8	0.001027348994896883	ESP1, IRR1, MCD1, PDS1, REC8, SCC2, SMC1, SMC3
GO:0043228	CC	e	membraneless organelle	8/9	1210/6920	6.52285076125005e-06	3	8	0.001027348994896883	ESP1, IRR1, MCD1, PDS1, REC8, SCC2, SMC1, SMC3
GO:0005634	CC	e	nucleus	9/9	2331/6920	5.526758075095545e-05	5	9	0.007357429529372377	ESP1, IRR1, MCD1, PDS1, REC8, SCC2, SMC1, SMC3, SRC1
GO:0098687	CC	e	chromosomal region	4/9	190/6920	6.228511770897251e-05	2	4	0.007357429529372377	IRR1, MCD1, REC8, SCC2
