# GO	NS	enrichment	name	ratio_in_study	ratio_in_pop	p_uncorrected	depth	study_count	p_fdr_bh	study_items
GO:0045722	BP	e	positive regulation of gluconeogenesis	2/3	6/6920	1.8789950912677927e-06	9	2	0.008041049376323942	SNF1, SNF4
GO:0010907	BP	e	positive regulation of glucose metabolic process	2/3	8/6920	3.50678123694895e-06	8	2	0.008041049376323942	SNF1, SNF4
GO:0045913	BP	e	positive regulation of carbohydrate metabolic process	2/3	12/6920	8.262796229553856e-06	7	2	0.012631061169577995	SNF1, SNF4
GO:0006111	BP	e	regulation of gluconeogenesis	2/3	19/6920	2.1393698665679306e-05	8	2	0.02418384616137297	SNF1, SNF4
GO:0032107	BP	e	regulation of response to nutrient levels	2/3	22/6920	2.889189079996262e-05	4	2	0.02418384616137297	SNF1, SNF4
GO:0010906	BP	e	regulation of glucose metabolic process	2/3	23/6920	3.1640444171006936e-05	7	2	0.02418384616137297	SNF1, SNF4
GO:0062013	BP	e	positive regulation of small molecule metabolic process	2/3	28/6920	4.725025068743524e-05	6	2	0.03095566423608257	SNF1, SNF4
GO:0042149	BP	e	cellular response to glucose starvation	2/3	32/6920	6.197636977946938e-05	5	2	0.03552795397608082	SNF1, SNF4
GO:0043255	BP	e	regulation of carbohydrate biosynthetic process	2/3	35/6920	7.432509726099207e-05	7	2	0.037872766226545514	SNF1, SNF4
