# GO	NS	enrichment	name	ratio_in_study	ratio_in_pop	p_uncorrected	depth	study_count	p_fdr_bh	study_items
GO:0003843	MF	e	1,3-beta-D-glucan synthase activity	2/5	4/6920	2.504843897806241e-06	7	2	0.006480031163624746	FKS1, GSC2
GO:0035251	MF	e	UDP-glucosyltransferase activity	2/5	14/6920	3.788039394482275e-05	6	2	0.0487764404416168	FKS1, GSC2
GO:0046527	MF	e	glucosyltransferase activity	2/5	17/6920	5.6563324825995515e-05	5	2	0.0487764404416168	FKS1, GSC2
