# GO	NS	enrichment	name	ratio_in_study	ratio_in_pop	p_uncorrected	depth	study_count	p_fdr_bh	study_items
GO:0003723	MF	e	RNA binding	18/24	1124/6920	2.7700949820579356e-10	3	18	7.16623571858388e-07	DRS1, GAR1, NOP1, NPL3, NSR1, POP1, POP2, RAT1, RNT1, RRP3, SBP1, SNM1, UTP10, UTP13, UTP6, UTP8, UTP9, YME2
GO:0030515	MF	e	snoRNA binding	6/24	32/6920	7.562045833547847e-10	4	6	9.781506285694141e-07	GAR1, UTP10, UTP13, UTP6, UTP8, UTP9
GO:0034511	MF	e	U3 snoRNA binding	5/24	17/6920	1.9377966789717816e-09	5	5	1.6710266694999998e-06	UTP10, UTP13, UTP6, UTP8, UTP9
GO:0003676	MF	e	nucleic acid binding	19/24	1751/6920	4.639728856940353e-08	2	19	3.0007446382261737e-05	DRS1, GAR1, NOP1, NPL3, NSR1, POP1, POP2, RAT1, RNT1, RRP3, SBP1, SNM1, SRD1, UTP10, UTP13, UTP6, UTP8, UTP9, YME2
