# GO	NS	enrichment	name	ratio_in_study	ratio_in_pop	p_uncorrected	depth	study_count	p_fdr_bh	study_items
GO:0035615	MF	e	clathrin adaptor activity	6/13	7/6920	7.886346346778217e-17	4	6	2.0401977999115248e-13	APL3, APL4, APM1, APM2, APM4, APS1
GO:0140312	MF	e	cargo adaptor activity	6/13	12/6920	1.0364871733550566e-14	3	6	1.3406961587347658e-11	APL3, APL4, APM1, APM2, APM4, APS1
GO:0030276	MF	e	clathrin binding	6/13	16/6920	8.951722525586996e-14	3	6	7.71936872456452e-11	APL1, APL2, APL4, CHC1, CLC1, ENT3
GO:0030674	MF	e	protein-macromolecule adaptor activity	6/13	278/6920	5.387851870614467e-06	2	6	0.0034845931973199067	APL3, APL4, APM1, APM2, APM4, APS1
