# GO	NS	enrichment	name	ratio_in_study	ratio_in_pop	p_uncorrected	depth	study_count	p_fdr_bh	study_items
GO:0004402	MF	e	histone acetyltransferase activity	4/9	31/6920	4.088550485985097e-08	9	4	6.040540975467265e-05	EPL1, ESA1, TRA1, YNG2
GO:0061733	MF	e	protein-lysine-acetyltransferase activity	4/9	32/6920	4.669919579023784e-08	8	4	6.040540975467265e-05	EPL1, ESA1, TRA1, YNG2
GO:0034212	MF	e	protein N-acetyltransferase activity	4/9	44/6920	1.7506847027471123e-07	7	4	0.00015096737753355933	EPL1, ESA1, TRA1, YNG2
GO:0008080	MF	e	N-acetyltransferase activity	4/9	55/6920	4.3703225454168235e-07	6	4	0.00026158845415410033	EPL1, ESA1, TRA1, YNG2
GO:0140993	MF	e	histone modifying activity	4/9	57/6920	5.055826326905689e-07	3	4	0.00026158845415410033	EPL1, ESA1, TRA1, YNG2
GO:0016410	MF	e	N-acyltransferase activity	4/9	62/6920	7.11925653094033e-07	5	4	0.0003069586107590439	EPL1, ESA1, TRA1, YNG2
GO:0016407	MF	e	acetyltransferase activity	4/9	70/6920	1.1647123982190371e-06	5	4	0.0004304444248846641	EPL1, ESA1, TRA1, YNG2
GO:0016747	MF	e	acyltransferase activity, transferring groups other than amino-acyl groups	4/9	132/6920	1.4802753730417293e-05	4	4	0.004786840487573692	EPL1, ESA1, TRA1, YNG2
