# GO	NS	enrichment	name	ratio_in_study	ratio_in_pop	p_uncorrected	depth	study_count	p_fdr_bh	study_items
GO:0018279	BP	e	protein N-linked glycosylation via asparagine	3/4	6/6920	1.4486716524489758e-09	8	3	3.919654375834295e-06	OST1, STT3, WBP1
GO:0006487	BP	e	protein N-linked glycosylation	4/4	46/6920	1.709400076683077e-09	7	4	3.919654375834295e-06	OST1, STT3, SWP1, WBP1
GO:0006486	BP	e	protein glycosylation	4/4	80/6920	1.6567411056656066e-08	6	4	1.680475701221738e-05	OST1, STT3, SWP1, WBP1
GO:0043413	BP	e	macromolecule glycosylation	4/4	80/6920	1.6567411056656066e-08	5	4	1.680475701221738e-05	OST1, STT3, SWP1, WBP1
GO:0070085	BP	e	glycosylation	4/4	82/6920	1.8321802237480788e-08	3	4	1.680475701221738e-05	OST1, STT3, SWP1, WBP1
GO:0036211	BP	e	protein modification process	4/4	382/6920	9.14878426541625e-06	5	4	0.006992720773533153	OST1, STT3, SWP1, WBP1
GO:0043412	BP	e	macromolecule modification	4/4	562/6920	4.307757560200988e-05	4	4	0.028221965958688186	OST1, STT3, SWP1, WBP1
