# GO	NS	enrichment	name	ratio_in_study	ratio_in_pop	p_uncorrected	depth	study_count	p_fdr_bh	study_items
GO:0004298	MF	e	threonine-type endopeptidase activity	3/15	4/6920	3.292510804930383e-08	5	3	8.517725452354901e-05	PRE2, PRE3, PUP1
GO:0070003	MF	e	threonine-type peptidase activity	3/15	8/6920	4.5855696561116244e-07	4	3	0.0005931434350180386	PRE2, PRE3, PUP1
GO:0061133	MF	e	endopeptidase activator activity	2/15	2/6920	4.386012546502177e-06	5	2	0.0037822048192670435	PRE1, PUP3
GO:0016504	MF	e	peptidase activator activity	2/15	4/6920	2.6250182166855894e-05	4	2	0.01697730531641405	PRE1, PUP3
GO:0061135	MF	e	endopeptidase regulator activity	2/15	7/6920	9.153082285750749e-05	4	2	0.047358047746474376	PRE1, PUP3
