# GO	NS	enrichment	name	ratio_in_study	ratio_in_pop	p_uncorrected	depth	study_count	p_fdr_bh	study_items
GO:0003723	MF	e	RNA binding	17/17	1124/6920	3.443171262624939e-14	3	17	8.907484056410718e-11	LUC7, MUD1, NAM8, PRP39, PRP40, PRP42, SMB1, SMD1, SMD2, SMD3, SME1, SMX2, SMX3, SNP1, SNU56, SNU71, YHC1
GO:0003676	MF	e	nucleic acid binding	17/17	1751/6920	6.741629354279487e-11	2	17	8.720297569760517e-08	LUC7, MUD1, NAM8, PRP39, PRP40, PRP42, SMB1, SMD1, SMD2, SMD3, SME1, SMX2, SMX3, SNP1, SNU56, SNU71, YHC1
GO:0030619	MF	e	U1 snRNA binding	3/17	7/6920	4.285081932776196e-07	5	3	0.00036951689866973397	MUD1, SNP1, YHC1
GO:0030627	MF	e	pre-mRNA 5'-splice site binding	3/17	8/6920	6.845722901747286e-07	5	3	0.0004427471286705058	PRP39, PRP42, YHC1
GO:1990935	MF	e	splicing factor binding	2/17	2/6920	5.680930536421866e-06	3	2	0.0029393134595446734	SME1, SMX3
GO:0036002	MF	e	pre-mRNA binding	3/17	19/6920	1.164921602789007e-05	4	3	0.0050227536440252685	PRP39, PRP42, YHC1
GO:0005488	MF	e	binding	17/17	3679/6920	2.3739506504207704e-05	1	17	0.008773443332340761	LUC7, MUD1, NAM8, PRP39, PRP40, PRP42, SMB1, SMD1, SMD2, SMD3, SME1, SMX2, SMX3, SNP1, SNU56, SNU71, YHC1
GO:0017069	MF	e	snRNA binding	3/17	25/6920	2.7399409168799238e-05	4	3	0.008860283939960455	MUD1, SNP1, YHC1
