# GO	NS	enrichment	name	ratio_in_study	ratio_in_pop	p_uncorrected	depth	study_count	p_fdr_bh	study_items
GO:0008017	MF	e	microtubule binding	9/14	44/6920	1.3906389802165768e-17	5	9	3.597583041820285e-14	BIK1, CIK1, KAR3, NDC80, NUF2, SPC19, SPC34, STU1, STU2
GO:0015631	MF	e	tubulin binding	9/14	53/6920	8.641999846172155e-17	4	9	1.1178426801023683e-13	BIK1, CIK1, KAR3, NDC80, NUF2, SPC19, SPC34, STU1, STU2
GO:0008092	MF	e	cytoskeletal protein binding	9/14	122/6920	2.2729014869815567e-13	3	9	1.9599987156070958e-10	BIK1, CIK1, KAR3, NDC80, NUF2, SPC19, SPC34, STU1, STU2
GO:0008569	MF	e	minus-end-directed microtubule motor activity	3/14	4/6920	2.6342946176679554e-08	6	3	1.7037300439767502e-05	CIK1, DYN1, KAR3
GO:0005515	MF	e	protein binding	10/14	807/6920	2.8474539892170784e-07	2	10	0.00014732726940209164	BIK1, CIK1, DYN1, KAR3, NDC80, NUF2, SPC19, SPC34, STU1, STU2
GO:0003777	MF	e	microtubule motor activity	3/14	10/6920	7.846489883833849e-07	5	3	0.00033831448882463614	CIK1, DYN1, KAR3
GO:0051010	MF	e	microtubule plus-end binding	3/14	15/6920	2.957421613935689e-06	6	3	0.0010929785307502325	SPC19, SPC34, STU2
GO:0003774	MF	e	cytoskeletal motor activity	3/14	17/6920	4.409341119008933e-06	1	3	0.0014258706843595138	CIK1, DYN1, KAR3
GO:0120544	MF	e	polypeptide conformation or assembly isomerase activity	3/14	24/6920	1.3015024924589494e-05	4	3	0.0037410966088792246	CIK1, DYN1, KAR3
