# GO	NS	enrichment	name	ratio_in_study	ratio_in_pop	p_uncorrected	depth	study_count	p_fdr_bh	study_items
GO:0030289	CC	e	protein phosphatase 4 complex	3/3	3/6920	1.8114287971346702e-11	5	3	1.7118002132922633e-08	PPH3, PSY2, PSY4
GO:1903293	CC	e	phosphatase complex	3/3	27/6920	5.2984292316189075e-08	3	3	1.669005207959956e-05	PPH3, PSY2, PSY4
GO:0008287	CC	e	protein serine/threonine phosphatase complex	3/3	27/6920	5.2984292316189075e-08	4	3	1.669005207959956e-05	PPH3, PSY2, PSY4
