# GO	NS	enrichment	name	ratio_in_study	ratio_in_pop	p_uncorrected	depth	study_count	p_fdr_bh	study_items
GO:0005739	CC	e	mitochondrion	11/11	1249/6920	6.386975047381929e-09	5	11	6.035691419775923e-06	AEP1, AEP2, CBP6, MSS51, PET111, PET112, PET122, PET309, PET494, PET54, SUV3
GO:0005743	CC	e	mitochondrial inner membrane	6/11	262/6920	1.095876825709431e-06	5	6	0.0005178018001477061	MSS51, PET111, PET122, PET309, PET494, PET54
GO:0019866	CC	e	organelle inner membrane	6/11	282/6920	1.6892101155606695e-06	4	6	0.0005321011864016109	MSS51, PET111, PET122, PET309, PET494, PET54
GO:0031966	CC	e	mitochondrial membrane	6/11	422/6920	1.7643264858750265e-05	4	6	0.00416822132287975	MSS51, PET111, PET122, PET309, PET494, PET54
