# GO	NS	enrichment	name	ratio_in_study	ratio_in_pop	p_uncorrected	depth	study_count	p_fdr_bh	study_items
GO:0034099	CC	e	luminal surveillance complex	3/3	3/6920	1.8114287971346702e-11	3	3	1.7118002132922633e-08	HRD3, KAR2, YOS9
GO:0140534	CC	e	endoplasmic reticulum protein-containing complex	3/3	79/6920	1.4324597784861258e-06	2	3	0.0006768372453346944	HRD3, KAR2, YOS9
GO:0000839	CC	e	Hrd1p ubiquitin ligase ERAD-L complex	2/3	10/6920	5.634811559246817e-06	8	2	0.0010845966151419775	HRD3, YOS9
GO:0000836	CC	e	Hrd1p ubiquitin ligase complex	2/3	10/6920	5.634811559246817e-06	7	2	0.0010845966151419775	HRD3, YOS9
GO:0000153	CC	e	cytoplasmic ubiquitin ligase complex	2/3	11/6920	6.886327715187159e-06	5	2	0.0010845966151419775	HRD3, YOS9
GO:0000835	CC	e	ER ubiquitin ligase complex	2/3	11/6920	6.886327715187159e-06	6	2	0.0010845966151419775	HRD3, YOS9
GO:0005788	CC	e	endoplasmic reticulum lumen	2/3	16/6920	1.5017469299765263e-05	5	2	0.0020273583554683105	KAR2, YOS9
