# GO	NS	enrichment	name	ratio_in_study	ratio_in_pop	p_uncorrected	depth	study_count	p_fdr_bh	study_items
GO:0031204	BP	e	post-translational protein targeting to membrane, translocation	4/4	16/6920	1.9064914909845883e-11	9	4	8.743169977655322e-08	SEC62, SEC63, SEC66, SEC72
GO:0065002	BP	e	intracellular protein transmembrane transport	4/4	42/6920	1.1724922669555216e-09	8	4	2.688524768129011e-06	SEC62, SEC63, SEC66, SEC72
GO:0071806	BP	e	protein transmembrane transport	4/4	84/6920	2.021196284805634e-08	7	4	3.089735387372879e-05	SEC62, SEC63, SEC66, SEC72
GO:0006886	BP	e	intracellular protein transport	4/4	349/6920	6.364473551797194e-06	7	4	0.007296868927135483	SEC62, SEC63, SEC66, SEC72
GO:0055085	BP	e	transmembrane transport	4/4	484/6920	2.365575690583997e-05	4	4	0.021697060234036423	SEC62, SEC63, SEC66, SEC72
GO:0015031	BP	e	protein transport	4/4	570/6920	4.559012240632951e-05	6	4	0.03484605022590452	SEC62, SEC63, SEC66, SEC72
GO:0045184	BP	e	establishment of protein localization	4/4	631/6920	6.85381597534649e-05	5	4	0.044800508430020196	SEC62, SEC63, SEC66, SEC72
GO:0046907	BP	e	intracellular transport	4/4	652/6920	7.815178095075482e-05	4	4	0.044800508430020196	SEC62, SEC63, SEC66, SEC72
GO:0051649	BP	e	establishment of localization in cell	4/4	686/6920	9.581725704635625e-05	3	4	0.04882421564606553	SEC62, SEC63, SEC66, SEC72
