# GO	NS	enrichment	name	ratio_in_study	ratio_in_pop	p_uncorrected	depth	study_count	p_fdr_bh	study_items
GO:0007064	BP	e	mitotic sister chromatid cohesion	4/4	29/6920	2.487971395734887e-10	7	4	1.1409836820840192e-06	IRR1, MCD1, SMC1, SMC3
GO:0007062	BP	e	sister chromatid cohesion	4/4	47/6920	1.8684140373047585e-09	6	4	4.2842733875398115e-06	IRR1, MCD1, SMC1, SMC3
GO:0007059	BP	e	chromosome segregation	4/4	113/6920	6.744726935528628e-08	3	4	0.00010310439242111429	IRR1, MCD1, SMC1, SMC3
GO:0051301	BP	e	cell division	4/4	224/6920	1.069671367863741e-06	2	4	0.001226378223255779	IRR1, MCD1, SMC1, SMC3
GO:0051276	BP	e	chromosome organization	4/4	260/6920	1.9488489656855384e-06	5	4	0.001787484271326776	IRR1, MCD1, SMC1, SMC3
GO:1990414	BP	e	replication-born double-strand break repair via sister chromatid exchange	2/4	14/6920	2.275454789234835e-05	10	2	0.017392059439051588	MCD1, SMC3
GO:0006302	BP	e	double-strand break repair	3/4	137/6920	2.9934148993795795e-05	8	3	0.01961114389793536	MCD1, SMC1, SMC3
GO:0022402	BP	e	cell cycle process	4/4	622/6920	6.470183010715215e-05	2	4	0.037090324108924974	IRR1, MCD1, SMC1, SMC3
