# GO	NS	enrichment	name	ratio_in_study	ratio_in_pop	p_uncorrected	depth	study_count	p_fdr_bh	study_items
GO:0033255	CC	e	SAS acetyltransferase complex	3/3	3/6920	1.8114287971346702e-11	3	3	1.7118002132922633e-08	SAS2, SAS4, SAS5
GO:0032777	CC	e	piccolo histone acetyltransferase complex	3/3	6/6920	3.6228575942693396e-10	2	3	1.7118002132922627e-07	SAS2, SAS4, SAS5
GO:0000781	CC	e	chromosome, telomeric region	3/3	111/6920	4.0180207863642675e-06	3	3	0.0012656765477047443	SAS2, SAS4, SAS5
GO:0000785	CC	e	chromatin	3/3	148/6920	9.589631594879057e-06	2	3	0.002265550464290177	SAS2, SAS4, SAS5
GO:0098687	CC	e	chromosomal region	3/3	190/6920	2.038183453959988e-05	2	3	0.003852166727984378	SAS2, SAS4, SAS5
