# GO	NS	enrichment	name	ratio_in_study	ratio_in_pop	p_uncorrected	depth	study_count	p_fdr_bh	study_items
GO:0008017	MF	e	microtubule binding	15/39	44/6920	1.746889867036518e-24	5	15	4.5192040860234726e-21	ASK1, BIK1, CIN8, DAD1, DAD2, DAM1, DUO1, FIN1, NDC80, NUF2, SPC105, SPC19, SPC24, SPC34, STU2
GO:0015631	MF	e	tubulin binding	15/39	53/6920	4.6110454485311745e-23	4	15	5.964387287675074e-20	ASK1, BIK1, CIN8, DAD1, DAD2, DAM1, DUO1, FIN1, NDC80, NUF2, SPC105, SPC19, SPC24, SPC34, STU2
GO:0008092	MF	e	cytoskeletal protein binding	15/39	122/6920	3.618910860503165e-17	3	15	3.120707465373896e-14	ASK1, BIK1, CIN8, DAD1, DAD2, DAM1, DUO1, FIN1, NDC80, NUF2, SPC105, SPC19, SPC24, SPC34, STU2
GO:0051010	MF	e	microtubule plus-end binding	8/39	15/6920	2.9639731690859584e-15	6	8	1.9169496471063437e-12	ASK1, DAD1, DAD2, DAM1, DUO1, SPC19, SPC34, STU2
GO:0005515	MF	e	protein binding	18/39	807/6920	7.594742163504279e-08	2	18	3.929519595397114e-05	ASK1, BIK1, BUB1, BUB3, CIN8, DAD1, DAD2, DAM1, DUO1, FIN1, NDC80, NUF2, SPC105, SPC110, SPC19, SPC24, SPC34, STU2
GO:0019237	MF	e	centromeric DNA binding	3/39	14/6920	5.77232766989529e-05	6	3	0.02488835280336519	CBF2, CEP3, MIF2
