Model,AUROC,AUPRC,F1_Complex,Precision_Complex,Recall_Complex,Accuracy_Complex,Predicted_Complexes,Threshold
dnn_model_fold_1.pt,0.9886785714285714,0.964488437569592,0.9187039117062011,0.934362573605184,0.9035711058674623,0.5207402767132688,259,0.78
dnn_model_fold_2.pt,0.9905127551020408,0.9698652007738238,0.9182823719710728,0.885521587366469,0.9535710880103258,0.5348430856812355,297,0.69
dnn_model_fold_3.pt,0.9823596938775511,0.9539883499230264,0.9218756408981854,0.9084503843484563,0.9357139515307317,0.5304832203512378,284,0.58
dnn_model_fold_4.pt,0.9890994897959183,0.9562404321443994,0.9121376259517343,0.8865245083246425,0.9392853788266505,0.5311835526323319,282,0.73
dnn_model_fold_5.pt,0.9938061224489796,0.9745144960311927,0.9406067705833941,0.931407605990034,0.949999660714407,0.5318360259909202,277,0.61
dnn_ensemble_model.pt,0.9883086734693878,0.9616363321014,0.9100666079283195,0.9166663194445761,0.9035711058674623,0.5199694329849547,264,0.77
