Model,AUROC,AUPRC,F1_Complex,Precision_Complex,Recall_Complex,Accuracy_Complex,Predicted_Complexes,Threshold
dnn_model_fold_1.pt,0.9890561224489796,0.9647088068778306,0.8994324859183462,0.878471917197251,0.9214282423470563,0.5210304190391905,288,0.71
dnn_model_fold_2.pt,0.9913801020408163,0.9723387468401108,0.9263686545402462,0.9006846230532114,0.9535710880103258,0.5324935845105796,292,0.68
dnn_model_fold_3.pt,0.9837602040816327,0.9640285468829939,0.9299370760554058,0.9499996346155253,0.9107139604592999,0.5258163159739282,260,0.68
dnn_model_fold_4.pt,0.9874591836734694,0.9429669742403297,0.9252752011645434,0.9185181783266007,0.9321425242348128,0.5316913136897248,270,0.75
dnn_model_fold_5.pt,0.9936045918367347,0.9740333245429248,0.940732571925479,0.931654341131532,0.949999660714407,0.5322992394338159,278,0.61
dnn_ensemble_model.pt,0.9890892857142857,0.9619740495332897,0.9130465375181205,0.9014081333069954,0.9249996696429752,0.5230717604580414,284,0.7
