Model,AUROC,AUPRC,F1_Complex,Precision_Complex,Recall_Complex,Accuracy_Complex,Predicted_Complexes,Threshold
dnn_model_fold_1.pt,0.9894744897959183,0.9663538755051541,0.9067795971937169,0.8892730486944469,0.9249996696429752,0.5219275609893261,289,0.69
dnn_model_fold_2.pt,0.991436224489796,0.9745185693781121,0.9267258760226743,0.9013602376325723,0.9535710880103258,0.5319211591146517,294,0.69
dnn_model_fold_3.pt,0.9826479591836733,0.9605843605309123,0.9217827268319252,0.9116604552436555,0.9321425242348128,0.5297047400908661,283,0.61
dnn_model_fold_4.pt,0.989,0.954706351325446,0.9283877051902788,0.91103170425918,0.9464282334184881,0.5354023508617699,281,0.69
dnn_model_fold_5.pt,0.9942142857142857,0.977508035529743,0.942354049180138,0.931407605990034,0.9535710880103258,0.5345555445338586,277,0.6
dnn_ensemble_model.pt,0.9886198979591837,0.9602744240668916,0.9067795971937169,0.8892730486944469,0.9249996696429752,0.5219714259774366,289,0.69
