Model,AUROC,AUPRC,F1_Complex,Precision_Complex,Recall_Complex,Accuracy_Complex,Predicted_Complexes,Threshold
dnn_model_fold_1.pt,0.9889515306122448,0.964641688915616,0.921594478545339,0.9253727890400042,0.9178568150511376,0.5246068759575718,268,0.74
dnn_model_fold_2.pt,0.9908698979591837,0.9723631040582547,0.9377869624673945,0.950943037379986,0.9249996696429752,0.5181287805795055,265,0.76
dnn_model_fold_3.pt,0.9835867346938777,0.9643686877338651,0.9216225700818317,0.9113471945577325,0.9321425242348128,0.5306724054503011,282,0.61
dnn_model_fold_4.pt,0.9915102040816326,0.969151777800688,0.9258679010576822,0.8934704833434766,0.9607139426021635,0.5372663485991208,291,0.66
dnn_model_fold_5.pt,0.9935127551020407,0.9721434334103953,0.9387623267886103,0.9277974989900727,0.949999660714407,0.5323834168915023,277,0.61
dnn_ensemble_model.pt,0.9871785714285713,0.9554046308611971,0.899858436561739,0.8825619635010807,0.9178568150511376,0.5235962092757465,281,0.74
