YDR143C	YER068W
YDL014W	YKL125W
YJL218W	YLR291C
YLR075W	YNL110C
YGL173C	YKL139W
YPL115C	YPL161C
YEL002C	YKL008C
YJL019W	YOL104C
YHR165C	YNR053C
YNL301C	YOR096W
YCL035C	YMR059W
YKL122C	YPL210C
YKL059C	YNL255C
YER103W	YGR128C
YGL137W	YJR070C
YLR197W	YOR078W
YHR085W	YNR053C
YDL181W	YNL250W
YFR027W	YOL094C
YDL060W	YNL308C
YDR145W	YGL158W
YKL126W	YNR047W
YBR034C	YNL004W
YDR383C	YIR010W
YFL023W	YOR355W
YBR221C	YML059C
YJL052W	YOL013C
YBR191W	YFR031C-A
YHR027C	YOL133W
YJL164C	YKL079W
YBR191W	YIR010W
YFR014C	YJL146W
YIR038C	YKL008C
YJL080C	YPL204W
YDR257C	YJR059W
YGL106W	YLR274W
YCL059C	YLR129W
YGL158W	YHR185C
YBR249C	YDR510W
YKL180W	YLR075W
YDR113C	YHR166C
YDR481C	YNL006W
YLL023C	YPR028W
YDR448W	YOR257W
YDR424C	YGL153W
YDL126C	YDL190C
YML024W	YOR096W
YIL075C	YOL117W
YBR052C	YLL028W
YBR142W	YNL110C
YER177W	YPR030W
YDR326C	YIR010W
YDL014W	YPR143W
YNL250W	YOR261C
YDR100W	YJL178C
YOR054C	YOR061W
YER036C	YKL180W
YJL128C	YMR319C
YMR029C	YMR052W
YFR014C	YIL167W
YKR081C	YOR294W
YLR197W	YNR024W
YDR324C	YEL055C
YBL026W	YDR473C
YKL095W	YPL151C
YCR100C	YDR414C
YDL088C	YDR159W
YER131W	YGL180W
YJL164C	YNL182C
YKL079W	YNL154C
YDR510W	YGR083C
YNL113W	YPR010C
YER126C	YGL237C
YIR010W	YJL065C
YLR291C	YNL244C
YNL007C	YNL255C
YDL116W	YML103C
YER151C	YIL109C
YDR381W	YER063W
YHR143W-A	YPL129W
YHR188C	YJR015W
YGL200C	YLL039C
YMR005W	YNR011C
YBL079W	YFR002W
YOL041C	YPL131W
YHR027C	YMR186W
YDL116W	YDR113C
YDL014W	YHR052W
YBR106W	YCR028C
YDL031W	YLL045C
YGL003C	YKL101W
YDL014W	YGL130W
YBR126C	YDR074W
YGR165W	YNL137C
YDR364C	YLL036C
YDR224C	YDR227W
YJL041W	YJL063C
YER177W	YPR080W
YBR002C	YBR177C
YDR251W	YJR059W
YFL004W	YNL255C
YCL011C	YLL045C
YBR218C	YLR430W
YMR081C	YPL203W
YHR029C	YJL146W
YMR233W	YOL006C
YBR177C	YJL153C
YEL048C	YKR068C
YLR423C	YPR105C
YML025C	YOR204W
YLL039C	YOR014W
YDR510W	YER047C
YDR365C	YJL010C
YJL177W	YOR204W
YHL009C	YLR336C
YML063W	YNL124W
YJL164C	YJL218W
YHR129C	YPL070W
YDR143C	YMR229C
YIR010W	YLR430W
YDR224C	YLL039C
YFR015C	YPL204W
YDR405W	YNL255C
YKR018C	YPR106W
YDR510W	YPR133C
YLR129W	YMR093W
YLR430W	YMR125W
YFL045C	YJL092W
YLR197W	YNL308C
YMR229C	YOR340C
YEL023C	YJL203W
YBR183W	YOL132W
YEL034W	YJL177W
YNR046W	YOL124C
YER151C	YOL082W
YML131W	YOL154W
YDR043C	YOR061W
YKR093W	YOR153W
YBL039C	YJL138C
YNL255C	YOL013W-A
YGR183C	YNL197C
YDR124W	YPR049C
YDL033C	YLR259C
YJR077C	YLR259C
YDR510W	YML041C
YAR007C	YBR215W
YDR498C	YLR440C
YDR145W	YMR227C
YBR155W	YJR031C
YDR224C	YML112W
YDR189W	YPR105C
YER036C	YOR204W
YKL203C	YOR035C
YNL027W	YPL141C
YER177W	YOR220W
YDL200C	YGL137W
YJL164C	YKL171W
YLR377C	YNL059C
YEL034W	YNL004W
YER125W	YJR051W
YBR208C	YOL133W
YJR059W	YKR092C
YGL106W	YMR304W
YKL101W	YNR006W
YDL132W	YLR224W
YBR069C	YPR198W
YLL039C	YML063W
YGL180W	YIL091C
YGL098W	YGL145W
YJL187C	YJR082C
YER151C	YJR123W
YNL075W	YNL102W
YGL209W	YNL197C
YEL015W	YPR080W
YCL059C	YGL201C
YGL179C	YMR304W
YDR101C	YKL009W
YDL208W	YDL213C
YGR116W	YLL039C
YKR027W	YLL039C
YLR251W	YNL255C
YEL011W	YLL039C
YLR435W	YNL255C
YGL180W	YJR019C
YML073C	YNL124W
YBL030C	YLR203C
YJL124C	YOR320C
YJL061W	YMR153W
YDR080W	YGL025C
YJL164C	YKR094C
YDL168W	YNL061W
YER174C	YGL071W
YGR038W	YJL187C
YDR224C	YIL126W
YMR264W	YOR045W
YNL092W	YOR159C
YJR145C	YNL132W
YJL187C	YLR132C
YDR130C	YGL093W
YHR197W	YLR449W
YJL052W	YLL060C
YCL054W	YKR081C
YAR007C	YIR010W
YER103W	YOR304W
YHR052W	YOL127W
YOR132W	YPR171W
YDL008W	YOR249C
YEL013W	YLR291C
YGR075C	YML051W
YBR154C	YER139C
YNL015W	YOR168W
YCR073W-A	YER151C
YLR150W	YPL131W
YLR044C	YNL127W
YKL212W	YLL039C
YBL105C	YER151C
YAL005C	YPL106C
YDR309C	YNL298W
YBR035C	YLL039C
YGL130W	YNL030W
YNL030W	YPR052C
YIR024C	YNL255C
YDL212W	YJR015W
YOL120C	YPL198W
YGL180W	YOL078W
YDL222C	YHR094C
YJL010C	YPL012W
YHL009C	YPL141C
YGL146C	YOR005C
YKL008C	YMR215W
YGL179C	YKR090W
YDR297W	YPL076W
YDR523C	YGL062W
YER114C	YLR229C
YDR381W	YKL212W
YJL050W	YOL120C
YGR072W	YMR080C
YDR489W	YML069W
YIL152W	YJR092W
YNL230C	YOL041C
YCR071C	YDR322W
YER036C	YPR036W
YFR031C-A	YNL175C
YER172C	YNR011C
YGL105W	YLR138W
YBR225W	YPL204W
YCR031C	YFR031C-A
YIL153W	YLR423C
YBR041W	YLL012W
YBR036C	YPR198W
YBR080C	YIL004C
YDR510W	YJL140W
YDR510W	YPL011C
YKR081C	YOR063W
YMR072W	YPL082C
YHR161C	YMR183C
YLR150W	YOR096W
YER126C	YLR325C
YDR071C	YER151C
YAL005C	YIL091C
YGL011C	YLR211C
YNL118C	YOR093C
YKL127W	YOL045W
YIL104C	YOL100W
YDR381W	YLL039C
YDR195W	YKL018W
YDR028C	YGR252W
YDR087C	YKL180W
YCL059C	YGR145W
YDR171W	YGL120C
YDL139C	YOL091W
YDR164C	YOR204W
YKL151C	YPL070W
YER171W	YMR201C
YDR388W	YMR205C
YLR197W	YOL115W
YDL088C	YNL154C
YJL059W	YLR022C
YDR145W	YKL125W
YHR161C	YNL020C
YLL039C	YLR153C
YAL038W	YER151C
YOR224C	YOR340C
YDR188W	YKR036C
YDR155C	YNL030W
YGR237C	YML056C
YBR183W	YFL041W
YIL027C	YPL070W
YDR330W	YGR003W
YLR258W	YPL141C
YJL084C	YMR032W
YDR424C	YIL095W
YDR394W	YEL037C
YCR031C	YPL143W
YEL034W	YPR173C
YAL005C	YGR237C
YHR052W	YPL141C
YGL158W	YGR223C
YJR059W	YPL019C
YFL039C	YLL039C
YPL106C	YPR108W
YMR285C	YNL154C
YFR014C	YLR102C
YGR120C	YLR291C
YBR106W	YBR110W
YJR002W	YLR129W
YBR247C	YLR129W
YGR180C	YOL045W
YDL100C	YDR451C
YBL007C	YBR205W
YNL197C	YNR014W
YBR196C	YLR249W
YBR179C	YJL092W
YHL047C	YHR133C
YOL083W	YPL204W
YML057W	YPR115W
YEL022W	YGR218W
YBL093C	YGR104C
YIL113W	YNL138W
YER151C	YOR361C
YBL002W	YER030W
YLL039C	YOR261C
YLR413W	YML072C
YER090W	YJR070C
YGL173C	YLL039C
YDR364C	YDR523C
YGL008C	YLL039C
YDL098C	YLR275W
YLL026W	YOL111C
YBR123C	YGR252W
YDR109C	YNL154C
YNL197C	YOR147W
YLR423C	YOR357C
YKL029C	YOR181W
YCR098C	YPL274W
YDR093W	YLL039C
YBL061C	YDR247W
YDR016C	YGL061C
YGL151W	YLL039C
YLL039C	YOL087C
YIL139C	YPL194W
YEL009C	YPL042C
YBR183W	YPL227C
YBR052C	YOL105C
YLL039C	YPL019C
YDL209C	YPR182W
YLR249W	YOL013C
YDL031W	YHR066W
YBL007C	YPR030W
YDR238C	YOR363C
YCR069W	YLL039C
YIL125W	YKL198C
YAL005C	YCR009C
YAR007C	YOR304W
YCL059C	YGL078C
YKL013C	YNL255C
YJR097W	YNL255C
YAL026C	YKL212W
YGL123W	YNL298W
YOR224C	YPL129W
YAR003W	YBL026W
YCL011C	YMR216C
YBL084C	YPR056W
YDR303C	YMR091C
YAR019C	YFR028C
YBR161W	YMR091C
YLR326W	YNL154C
YLL028W	YLR221C
YBR196C	YER151C
YOR347C	YPL203W
YLR197W	YNL132W
YBL039C	YGL137W
YGR238C	YIL144W
YBL026W	YDR166C
YER126C	YHR066W
YKL129C	YPL038W
YIL065C	YKR036C
YER151C	YOR206W
YDR212W	YOR119C
YIR010W	YML032C
YBR131W	YDL077C
YML071C	YNL265C
YDL007W	YLL039C
Q0130	YLR393W
YIL033C	YNL027W
YIL046W	YOL133W
YMR048W	YOR153W
YJL010C	YJR002W
YLR303W	YLR377C
YFL010C	YPL141C
YBR172C	YNR052C
YBR136W	YPR010C
YNL149C	YNL154C
YJL081C	YML041C
YBR161W	YJL014W
YLR291C	YMR004W
YLR370C	YNL138W
YAR019C	YCL035C
YCR024C	YER125W
YDR456W	YGL008C
YJR065C	YLR429W
YPL084W	YPR173C
YGL002W	YOR016C
YAR007C	YLR086W
YDR300C	YGR092W
YFR014C	YOR089C
YBR088C	YDR013W
YHR027C	YLL050C
YFR031C-A	YML073C
YBL105C	YML109W
YGL137W	YML012W
YCL059C	YNR054C
YGR060W	YML012W
YGR021W	YKL139W
YMR196W	YPL042C
YCR086W	YDR247W
YML056C	YMR061W
YDR052C	YMR001C
YGL029W	YNL255C
YDL213C	YJR144W
YBR130C	YLR274W
YLR268W	YOL111C
YDR394W	YIL075C
YDL101C	YHR185C
YKL079W	YPR049C
YDR129C	YOL013C
YHL019C	YKL135C
YBR106W	YHR123W
YJR059W	YMR081C
YHR114W	YJL203W
YMR041C	YOL100W
YEL037C	YHR027C
YBR127C	YGR155W
YDL082W	YDR130C
YHL025W	YNR023W
YIL126W	YLR357W
YBR002C	YKR067W
YDR224C	YER030W
YDL002C	YFL039C
YNL197C	YOR269W
YAL032C	YGL026C
YBL026W	YOR017W
YDR259C	YNL154C
YLL045C	YOL041C
YER109C	YMR164C
YBR142W	YOR063W
YDR381W	YDR510W
YIL084C	YKL185W
YBL008W	YJL176C
YJR006W	YNL102W
YJL203W	YNR053C
YKL203C	YMR183C
YDR510W	YNL220W
YOR187W	YPL259C
YIL046W	YJL187C
YNL225C	YOL091W
YLL039C	YML072C
YNL118C	YOL149W
YKL089W	YOL054W
YER151C	YGL030W
YFL005W	YOR370C
YAL005C	YNL007C
YHR205W	YMR196W
YDR169C	YML112W
YHR209W	YLL039C
YGR156W	YKL059C
YKL203C	YNL183C
YAL038W	YDR130C
YIR010W	YNL172W
YGL127C	YNL197C
YOR250C	YPL203W
YNL244C	YOR335C
YJR066W	YKR034W
YDR087C	YER126C
YLL039C	YPL094C
YDL014W	YGR128C
YNR027W	YPL106C
YGR033C	YPL063W
YGR241C	YHR016C
YBR044C	YDL093W
YBR127C	YEL051W
YBR295W	YIL030C
YNL255C	YOR257W
YGL008C	YIL109C
YDR381W	YOR206W
YKL212W	YPR183W
YDR322W	YDR405W
YGL127C	YLR071C
YBL027W	YBR191W
YBL007C	YNL152W
YJL164C	YOR134W
YBL039C	YML073C
YDL037C	YNL197C
YJL122W	YLR074C
YMR059W	YMR266W
YLR022C	YMR229C
YCR009C	YMR229C
YER125W	YJL140W
YIR010W	YOR061W
YJR093C	YNL222W
YBL017C	YMR010W
YBR247C	YNL075W
YKL185W	YLL039C
YDL236W	YNL154C
YGL105W	YJL187C
YDL035C	YPL087W
YDL132W	YLR368W
YAL009W	YJL176C
YDR398W	YHR084W
YDR493W	YNL255C
YOL041C	YOR063W
YAL005C	YOL111C
YGR094W	YIL095W
YER022W	YGL151W
YPL077C	YPR106W
YGL137W	YJL153C
YFR028C	YMR001C
YBR044C	YIL126W
YDL053C	YPL140C
YNR054C	YOL120C
YGR047C	YPL008W
YHR027C	YLR370C
YGR168C	YNL154C
YJR091C	YKL204W
YDR113C	YGL003C
YBR095C	YCR009C
YBR106W	YIL171W
YKL172W	YOL127W
YDR523C	YOR157C
YJR066W	YMR183C
YGR184C	YJL092W
YDR212W	YKL089W
YAL053W	YCR030C
YNL197C	YOR288C
YGL123W	YJL177W
YDR311W	YOL082W
YFL041W	YOL044W
YKL181W	YNL255C
YIR010W	YNL059C
YDR150W	YDR247W
YFR015C	YGL134W
YGR145W	YLR129W
YHR197W	YNL113W
YDR496C	YNL255C
YNL124W	YOL149W
YDR086C	YOR254C
YEL055C	YGR128C
YDR143C	YPR010C
YIL159W	YMR032W
YBR106W	YCL038C
YOL127W	YOR206W
YBR106W	YKR106W
YGL099W	YGL120C
YAL051W	YPR169W
YNL110C	YNL182C
YER128W	YFR014C
YGL180W	YLR423C
YDL195W	YOR061W
YER151C	YOR253W
YER032W	YLR456W
YFL023W	YPR080W
YBR133C	YKL101W
YDR299W	YJR002W
YDR145W	YHR023W
YHR083W	YMR203W
YJL190C	YML073C
YDR041W	YNR037C
YJL014W	YLR259C
YGL158W	YIL004C
YIL109C	YML012W
YGL077C	YML016C
YJL061W	YPL169C
YMR047C	YOL144W
YER032W	YMR117C
YEL063C	YER125W
YJR070C	YOL100W
YLL028W	YNL197C
YBL030C	YER182W
YGL123W	YNL255C
YER105C	YLL039C
YLR201C	YOR125C
YDR381W	YPL169C
YCR076C	YNL118C
YHR094C	YIR038C
YJL019W	YKR034W
YDR087C	YOR063W
YNL062C	YOR361C
YBR130C	YLL039C
YJL092W	YOL104C
YDL195W	YLR429W
YDR166C	YLL039C
YFR046C	YIR010W
YLL039C	YMR295C
YKR099W	YNL197C
YDR244W	YNL329C
YDR212W	YJL014W
YDR538W	YMR304W
YGR060W	YOR016C
YAL032C	YLR187W
YIR010W	YMR100W
YCR030C	YNR047W
YML037C	YNL154C
YDR499W	YGR218W
YFR021W	YGL179C
YDR510W	YOR063W
YLR116W	YNL197C
YNL255C	YPR143W
YNL197C	YPL188W
YER151C	YOR136W
YBL007C	YOR109W
YLR175W	YML024W
YCR086W	YPR187W
YGL016W	YJR121W
YJL080C	YOL013C
YDR100W	YGL137W
YGL011C	YIR030C
YJL140W	YNL255C
YGL035C	YOR351C
YDR408C	YOR361C
YDR167W	YLR055C
YLL039C	YNL012W
YER151C	YNL132W
YCL011C	YDL014W
YMR173W	YPL126W
YDR224C	YPR052C
YLL039C	YNL074C
YBL081W	YDL167C
YKL051W	YLR413W
YDR212W	YJL164C
YHR152W	YLR132C
YDL081C	YPR086W
YER043C	YMR059W
YBL103C	YNL006W
YER125W	YKL023W
YML088W	YNL255C
YDL082W	YDL195W
YER020W	YNL197C
YJL140W	YPR187W
YAL026C	YNL323W
YEL043W	YJL074C
YML001W	YPR028W
YGL011C	YKR070W
YBR135W	YLR109W
YKR003W	YPR173C
YJL101C	YML056C
YFR028C	YGR092W
YGL116W	YJL014W
YDR394W	YOL117W
YFL005W	YNL293W
YDR388W	YER127W
YJL164C	YLR003C
YER151C	YPL160W
YFL017W-A	YML049C
YDR388W	YML016C
YBL008W	YNL206C
YGR295C	YMR221C
YGL200C	YPL227C
YDR224C	YIL066C
YML063W	YOR096W
YDL198C	YDR414C
YHL029C	YNL197C
YEL009C	YGL201C
YDL007W	YIL075C
YDL128W	YNL154C
YGR135W	YNL244C
YGL002W	YNL255C
YER151C	YML056C
YBR177C	YOL045W
YLR075W	YNL132W
YOL045W	YOR184W
YGR204W	YIL137C
YIR038C	YML012W
YGR204W	YIR010W
YJR097W	YNL092W
YKL101W	YMR115W
YDR145W	YDR167W
YBL045C	YDR388W
YER151C	YGL173C
YPL049C	YPL256C
YFL009W	YOL133W
YIR010W	YNL262W
YDR288W	YLR007W
YDR087C	YKL009W
YMR229C	YNL308C
YBR247C	YDL060W
YDR063W	YFL039C
YDR145W	YJR060W
YLL039C	YML101C
YBR201W	YOL013C
YHR027C	YPR108W
YDR145W	YMR223W
YBR079C	YOR361C
YOR362C	YPL144W
YBR020W	YPL248C
YHR096C	YLL028W
YLR075W	YOR063W
YMR229C	YPL012W
YHL001W	YJL190C
YHR205W	YOL100W
YAR018C	YOL054W
YDR100W	YDR189W
YMR227C	YPL248C
YDR496C	YER151C
YER047C	YER095W
YNL255C	YPL140C
YGL141W	YJR059W
YDL002C	YGR092W
YBL007C	YGR227W
YDR091C	YLL045C
YLL028W	YOR254C
YDR414C	YFR024C-A
YJL092W	YKR027W
YHL009C	YMR314W
YNL197C	YOR058C
YLR016C	YLR086W
YNL197C	YPL204W
YGL198W	YGL210W
YDR069C	YMR304W
YDR490C	YKL126W
YBR126C	YBR265W
YER114C	YER177W
YEL013W	YFL039C
YEL048C	YGR155W
YEL005C	YLR408C
YAR007C	YDR129C
YLL039C	YML097C
YDR510W	YPL129W
YAL038W	YDR510W
YLL039C	YOL133W
YGL120C	YGL130W
YFR001W	YNL186W
YBR017C	YKL009W
YCL054W	YDL014W
YDL239C	YKL042W
YOR209C	YOR261C
YAL005C	YDR502C
YLL039C	YOR161C
YJL014W	YOL146W
YER032W	YHR114W
YHR027C	YOL038W
YHR027C	YMR099C
YBL103C	YJR066W
YDR119W	YGR041W
YDR130C	YMR194W
YJL138C	YOL013C
YBR017C	YDL014W
YDR381W	YFR002W
YER126C	YPL131W
YDR303C	YIL126W
YBR202W	YCR086W
YNL098C	YPL088W
YDL058W	YPL106C
YIR010W	YJR144W
YDR510W	YMR186W
YMR059W	YNR008W
YER151C	YOR369C
YMR125W	YPR182W
YGR092W	YML037C
YMR047C	YNL078W
YOL038W	YPR108W
YGR021W	YNL255C
YGL189C	YNL255C
YMR146C	YOR361C
YDL031W	YNL182C
YMR004W	YPL204W
YGL120C	YLR150W
YLL039C	YMR261C
YGL116W	YNL024C
YHL029C	YLL039C
YFL049W	YJL176C
YDR100W	YFR024C-A
YER166W	YOL115W
YDR510W	YOR017W
YDL060W	YDR381W
YDR129C	YNL138W
YDL060W	YJL190C
YBR154C	YGR200C
YBR017C	YBR247C
YCR087C-A	YKR092C
YBR201W	YDR057W
YDL160C	YOR204W
YBR173C	YLR199C
YGR060W	YML055W
YDR381W	YIL095W
YNL061W	YPL217C
YGL233W	YJL036W
YKL029C	YOL038W
YDL190C	YER057C
YBR191W	YHL001W
YDR267C	YNL240C
YDR510W	YNL061W
YEL013W	YOR316C
YKL166C	YOR002W
YJR010W	YLR291C
YLR175W	YPL146C
YNL255C	YOR194C
YJR059W	YKL181W
YNL124W	YPL198W
YFL023W	YNL007C
YGL141W	YLL039C
YGR118W	YIR010W
YGL048C	YML012W
YJL098W	YPL204W
YGL179C	YNL293W
YDR439W	YER106W
YDL213C	YOR206W
YNL074C	YPL256C
YJR077C	YMR186W
YAL005C	YLR209C
YGR033C	YIL022W
YCR031C	YHL001W
YJL081C	YNL059C
YEL018W	YFL024C
YER126C	YKL172W
YPR010C	YPR187W
YDR388W	YIL156W
YHL001W	YJL177W
YDR171W	YPR010C
YHR027C	YOR374W
YEL018W	YNL136W
YNL255C	YNR007C
YFL017W-A	YLR298C
YJL010C	YMR229C
YGR111W	YLL039C
YHR052W	YJL190C
YLR044C	YLR249W
YBR106W	YLR378C
YGL179C	YGR135W
YDL147W	YOR259C
YFL026W	YJR066W
YGL200C	YNL130C
YDR041W	YDR347W
YDR347W	YMR188C
YKL089W	YPR018W
YMR109W	YOR181W
YIR010W	YOR224C
YDR100W	YPL095C
YBR020W	YML088W
YDR510W	YJR123W
YDL070W	YLR227C
YCR086W	YDR061W
YDR473C	YGR075C
YBR166C	YNL317W
YDR296W	YPL049C
YMR179W	YNL197C
YIL048W	YLL039C
YAL011W	YDL181W
YBR154C	YNL255C
YDL081C	YHR154W
YER110C	YMR031C
YLL050C	YNL138W
YOR335C	YPR106W
YML051W	YOR355W
YDR381W	YMR123W
YER048W-A	YKL192C
YMR216C	YPL204W
YNL154C	YPR091C
YNL244C	YPL028W
YDR322W	YKR085C
YDL159W	YGR287C
YDR091C	YLR150W
YAL005C	YDR143C
YBL087C	YJR123W
YBL002W	YNL030W
YDR297W	YGR260W
YDR388W	YLR144C
YBR154C	YLR223C
YCL035C	YLL039C
YHL004W	YJR060W
YHR143W-A	YIR024C
YJL092W	YNL186W
YJR122W	YNL295W
YJR091C	YLR156W
YLR315W	YML056C
YDR039C	YLL039C
YOR061W	YOR119C
YER068W	YJL050W
YDL213C	YNL061W
YKL061W	YNL122C
YOL120C	YOR361C
YER125W	YJL164C
YNL255C	YNL301C
YLR150W	YML063W
YBL030C	YOR065W
YHR016C	YMR109W
YPL248C	YPR086W
YNL048W	YPL076W
YDR510W	YKR025W
YGR092W	YKL077W
YDL110C	YOR078W
YJR145C	YPR144C
YDR129C	YHR027C
YGL180W	YKL023W
YDL100C	YNR067C
YGR129W	YNL255C
YML057W	YPR108W
YGL071W	YPR052C
YDR510W	YOR374W
YDR118W	YOR249C
YBR263W	YFR031C-A
YLR457C	YMR001C
YAL027W	YPR171W
YOR294W	YPL180W
YDL116W	YPL169C
YEL063C	YGL051W
YJR002W	YOR078W
YDL235C	YJR074W
YLR222C	YMR093W
YBR079C	YGL106W
YMR288W	YPR182W
YDR097C	YOL090W
YBL075C	YNL255C
YBL087C	YNL110C
YER151C	YPL131W
YHR027C	YLR249W
YBL039C	YGL081W
YDR357C	YKL061W
YCR073W-A	YOR351C
YOR181W	YPL246C
YDR388W	YNL255C
YJL128C	YNL110C
YDL188C	YOR362C
YAL051W	YPL146C
YDR028C	YER129W
YER151C	YOR204W
YKR036C	YLL001W
YKL172W	YNL061W
YJR063W	YOR340C
YJR074W	YOR185C
YJL177W	YPL198W
YGR260W	YIL047C
YBR108W	YCR009C
YLR084C	YOR153W
YOL018C	YPR183W
YFR027W	YJL074C
YEL034W	YKL212W
YDR376W	YIR024C
YNL110C	YNL132W
YBR079C	YHL004W
YIL156W	YPR154W
YKR071C	YLL039C
YER151C	YGL008C
YEL002C	YOL003C
YGR060W	YKL008C
YFR027W	YPL008W
YAL024C	YKR001C
YDR265W	YOL044W
YER015W	YLR098C
YML109W	YMR109W
YKL009W	YPR080W
YLR249W	YOR081C
YNL255C	YOR204W
YML027W	YNL197C
YBR262C	YLL039C
YAL032C	YNL078W
YDL115C	YOR224C
YEL034W	YOL133W
YBL027W	YMR194W
YBR017C	YOR185C
YIL142W	YJL014W
YOR070C	YOR089C
YDR388W	YPL140C
YBL002W	YOL006C
YAL038W	YHR027C
YDR301W	YMR033W
YDL195W	YPL249C-A
YDL002C	YOR304W
YDR167W	YDR448W
YFR024C-A	YOL107W
YDL208W	YNL308C
YLL039C	YPR080W
YBR199W	YOL018C
YKL166C	YML001W
YBR105C	YIL097W
YHR114W	YPR171W
YDR295C	YNL021W
YJR014W	YNL255C
YNL255C	YPR163C
YKL068W	YPL012W
YHR179W	YMR201C
YLR375W	YNL154C
YBR126C	YDR028C
YMR186W	YNL157W
YDR195W	YDR381W
YGL016W	YLL039C
YFL005W	YHR094C
YJL101C	YPL226W
YLL049W	YMR294W
YDR510W	YJL042W
YCL028W	YER125W
YDL101C	YER125W
YOR224C	YPL228W
YIL075C	YKL029C
YBL045C	YGR112W
YGL180W	YLR375W
YAL005C	YOR185C
YDL132W	YML088W
YMR186W	YNL186W
YLR449W	YOL127W
YNL197C	YOR052C
YJL177W	YMR194W
YAL043C	YKL018W
YCR068W	YFL062W
YNL216W	YPL106C
YCR009C	YKL203C
YLR103C	YNL330C
YBR288C	YPL016W
YDR381W	YDR398W
YLL039C	YML055W
YIR010W	YOR096W
YLL039C	YMR280C
YKR025W	YOL021C
YNL153C	YNL255C
YBR241C	YIR038C
YKL180W	YPL198W
YGR193C	YJL014W
YLR467W	YNL255C
YLR413W	YNL197C
YHR085W	YLR106C
YER110C	YOR136W
YER127W	YGR145W
YBR020W	YMR117C
YDL014W	YOR063W
YBL039C	YHR027C
YFR027W	YJL019W
YGL205W	YLL039C
YLR206W	YPL115C
YDR247W	YIL033C
YDL200C	YDR224C
YAL021C	YGR155W
YJL124C	YOR147W
YDR259C	YER114C
YEL009C	YFL024C
YDR235W	YPR182W
YAL059W	YJL039C
YDL101C	YDR217C
YDR439W	YMR001C
YDR227W	YDR510W
YBR108W	YIL095W
YDR087C	YMR229C
YLR175W	YNL124W
YGL173C	YLR175W
YJL138C	YNL106C
YCR011C	YNL154C
YER151C	YGL253W
YMR227C	YNL027W
YLL039C	YLR260W
YJL082W	YMR029C
YAL029C	YER110C
YKL215C	YLL026W
YBR079C	YJR145C
YBR052C	YDR039C
YGL173C	YNL147W
YDR295C	YOL090W
YHR014W	YHR185C
YJR109C	YPL204W
YAR007C	YNL312W
YHR152W	YJL138C
YAL053W	YLR292C
YAL005C	YPL165C
YFR042W	YPR159W
YJL084C	YNL183C
YCR030C	YGR241C
YDL115C	YGL179C
YIL093C	YNL137C
YJL153C	YOR120W
YNL052W	YOR231W
YLR229C	YMR303C
YDR303C	YGR270W
YBR017C	YOR374W
YDR510W	YER032W
YML024W	YPR144C
YBR106W	YMR215W
YBR130C	YJL164C
YJR110W	YOL054W
YGR252W	YNL255C
YER125W	YHR165C
YMR188C	YNL137C
YKL209C	YLR292C
YDR162C	YDR277C
YAL021C	YDR188W
YJL183W	YPL094C
YDR277C	YJR090C
YLR055C	YNL255C
YEL019C	YHR154W
YFL039C	YNL110C
YIR010W	YPR163C
YDR087C	YNL061W
YKL203C	YNL243W
YPL131W	YPL249C-A
YLR258W	YOL100W
YEL027W	YLL028W
YGR258C	YPL248C
YBR273C	YLL039C
YGL137W	YLL039C
YJL094C	YLL039C
YNL124W	YPL079W
YDR272W	YOR081C
YFL005W	YOL018C
YMR109W	YPR159W
YEL048C	YKL033W
YDR188W	YPL150W
YFR033C	YNL255C
YJL130C	YPR174C
YOR257W	YOR259C
YIL105C	YKL051W
YER164W	YOR207C
YNL154C	YOR276W
YBL026W	YDL098C
YDL111C	YOL021C
YBR046C	YLL039C
YER151C	YPR080W
YJR066W	YNL243W
YGR270W	YPL115C
YJL050W	YPL146C
YDR100W	YML110C
YMR032W	YOR181W
YBL002W	YOL054W
YIR010W	YLR044C
YDR301W	YGL044C
YIL130W	YLR116W
YLR457C	YNL255C
YJR002W	YNL075W
YBL002W	YDR496C
YOR110W	YPL007C
YKL058W	YOR093C
YKR081C	YOL127W
YDR398W	YJR070C
YLR429W	YPR093C
YBL008W	YJR140C
YIL109C	YJR059W
YDL031W	YOR206W
YBR167C	YIR015W
YHR205W	YJR066W
YPR052C	YPR056W
YGL137W	YKL166C
YDR145W	YGL112C
YDR145W	YNR010W
YDR122W	YPL256C
YJR145C	YOL120C
YJR123W	YOR063W
YLL028W	YOR153W
YDR091C	YMR146C
YJR066W	YLR378C
YDR489W	YLR274W
YDL082W	YGL030W
YKL126W	YOL078W
YHR069C	YOL142W
YDL077C	YML001W
YMR216C	YMR304W
YDR247W	YPR115W
YGL111W	YPL204W
YDR171W	YOR181W
YBL030C	YGL137W
YFR001W	YOR063W
YAL053W	YER145C
YBR095C	YIL084C
YDL222C	YIL105C
YAL005C	YDR188W
YER036C	YNL255C
YMR106C	YNL006W
YER126C	YHR197W
YLL039C	YNL326C
YGL035C	YKL074C
YER125W	YLR017W
YJL178C	YNL255C
YKL058W	YOR194C
YIL062C	YKL013C
YDR439W	YGL180W
YHR085W	YPL131W
YKL025C	YLR291C
YGL127C	YOR128C
YLR452C	YMR004W
YIR024C	YNL118C
YGL180W	YOR340C
YIL075C	YMR001C
YDL088C	YJL041W
YMR125W	YPL151C
YLR109W	YNL079C
YFR031C-A	YKL180W
YDL209C	YDR364C
YML086C	YNL007C
YGL116W	YIL142W
YJR106W	YMR228W
YGL171W	YPL204W
YJL036W	YOR132W
YDR510W	YOR144C
YMR001C	YNL175C
YDR398W	YNL255C
YER173W	YPL194W
YLR203C	YLR429W
YDL031W	YHR197W
YDL220C	YDR227W
YDL082W	YNL301C
YKL139W	YMR048W
YDL007W	YOR259C
YER105C	YJR042W
YBR167C	YDR478W
YHR052W	YKL172W
YLR011W	YLR291C
YDL199C	YMR243C
YDR381W	YOL127W
YDR143C	YNL225C
YBL015W	YLL039C
YFR022W	YJR010C-A
YDR343C	YER125W
YGR145W	YPR144C
YER151C	YMR229C
YEL015W	YPL204W
YDR510W	YOR344C
YBR020W	YML051W
YPL061W	YPL204W
YJR123W	YLR197W
YGL141W	YKR064W
YBL002W	YKL139W
YDR127W	YDR214W
YDL060W	YIL095W
YEL034W	YKL047W
YDR430C	YFL018C
YBR036C	YJL214W
YBR107C	YGR179C
YDL014W	YNL308C
YHR118C	YOR294W
YDR388W	YER129W
YMR173W	YMR216C
YDR301W	YNL222W
YFL034W	YPL110C
YFR014C	YKL042W
YMR005W	YNL216W
YOR191W	YPL082C
YLL028W	YML072C
YNL132W	YPL217C
YER020W	YLL039C
YLR131C	YPR086W
YDL129W	YFR028C
YHR185C	YPL204W
YDL208W	YKL172W
YHR027C	YOR204W
YGL180W	YLR265C
YGL111W	YPR143W
YLR116W	YPL016W
YBL026W	YHR165C
YFR021W	YNL242W
YBR098W	YHR016C
YJR132W	YLR291C
YJL074C	YPL204W
YPL115C	YPL256C
YDR167W	YER164W
YGL151W	YGR104C
YKL008C	YMR298W
YKL085W	YNL094W
YBL093C	YDR381W
YDL051W	YDR510W
YDR159W	YDR381W
YLL039C	YMR183C
YHR179W	YMR106C
YAL005C	YIL053W
YIL142W	YNL317W
YDR180W	YJL074C
YJR132W	YPR093C
YGL180W	YMR140W
YDR347W	YGR165W
YBL079W	YPR080W
YHR087W	YNL255C
YBR088C	YNL206C
YKL171W	YNL027W
YJR123W	YKL180W
YER036C	YLR249W
YIL056W	YNL197C
YFR014C	YNL021W
YHL004W	YOR243C
YLR150W	YOL068C
YLL039C	YNL308C
YBR173C	YGR135W
YGL158W	YPL016W
YML074C	YOR061W
YGL179C	YJR092W
YNR053C	YPL131W
YLR075W	YMR194W
YDR167W	YOR207C
YBR142W	YHR052W
YER020W	YGL077C
YDR510W	YPL049C
YFR028C	YIL075C
YIL114C	YPL274W
YBL022C	YGR231C
YJL164C	YKL008C
YBR105C	YPR010C
YDR155C	YNL330C
YDR473C	YLL036C
YDR276C	YEL002C
YLL045C	YPL249C-A
YIL062C	YNL243W
YAL005C	YHR154W
YLR150W	YPL150W
YCR030C	YIL095W
YMR194W	YNL124W
YBL007C	YFR024C-A
YDR113C	YIL005W
YBL091C-A	YNL197C
YHL031C	YOL018C
YBR079C	YER151C
YBR106W	YGL051W
YGL021W	YLL015W
YAL032C	YDR448W
YIL068C	YJL085W
YDL015C	YGR060W
YNR011C	YPL151C
YDR169C	YFR014C
YGL017W	YLR234W
YDR171W	YFR028C
YGL158W	YHR104W
YLR197W	YOL144W
YDL239C	YDR520C
YDL060W	YOL041C
YDR087C	YMR048W
YHR194W	YPL117C
YDR510W	YIL149C
YBR110W	YLR241W
YBR191W	YJR123W
YGL077C	YKL051W
YIR010W	YNL006W
YDR087C	YKR081C
YJL187C	YMR173W
YGR186W	YPL129W
YDR381W	YJL098W
YAL021C	YNL278W
YFR014C	YFR033C
YBR154C	YPL203W
YAL005C	YNL004W
YGL123W	YJR002W
YNL255C	YOR089C
YIL033C	YKL166C
YER065C	YNL006W
YFR001W	YNL061W
YCL028W	YNL007C
YNL255C	YOR168W
YDL077C	YOR051C
YLR022C	YOR063W
YGL187C	YGR112W
YHL004W	YJR101W
YBL084C	YDL008W
YIL072W	YNL154C
YKR014C	YOL018C
YJL151C	YMR152W
YER069W	YHR027C
YBR211C	YPR046W
YCL028W	YDR260C
YLR449W	YOR206W
YBR191W	YKL180W
YNL132W	YNR054C
YFL034W	YHL019C
YLL039C	YLR377C
YLL045C	YLR075W
YLR410W	YML069W
YGL179C	YJL146W
YDR510W	YGL244W
YER022W	YPR187W
YML008C	YMR015C
YBR106W	YNR013C
YML056C	YOL115W
YBL007C	YKR030W
YKL074C	YNL210W
YGR155W	YMR059W
YBR018C	YGL180W
YCL061C	YNL262W
YER114C	YNL078W
YDL005C	YPL042C
YDL220C	YPL150W
YBR106W	YNR055C
YHR143W-A	YOR340C
YBL027W	YDL082W
YBR236C	YGR063C
YOR058C	YPL146C
YGR270W	YML069W
YER177W	YLR177W
YJL084C	YLL039C
YGL093W	YIL144W
YGL137W	YKR067W
YFR001W	YNL230C
YDR214W	YER110C
YDR101C	YLR074C
YDR162C	YKL101W
YER151C	YLR449W
YGR179C	YOL054W
YDR169C	YPR080W
YNL124W	YOR096W
YDR510W	YKL142W
YKL180W	YOR063W
YLL023C	YMR215W
YGL099W	YKL180W
YKL171W	YOL104C
YER171W	YGR258C
YML069W	YNL030W
YDR430C	YNL255C
YDR130C	YNL062C
YLR291C	YPL070W
YAL005C	YLR189C
YGL011C	YGR135W
YHR052W	YNL230C
YDL005C	YGL151W
YCR086W	YKR068C
YPL012W	YPL131W
YFL047W	YLR229C
YJR059W	YNR013C
YHR027C	YLR153C
YFL037W	YJR132W
YFL005W	YGL106W
YGR166W	YKR068C
YDR130C	YOR204W
YKL018W	YLR259C
YLR074C	YOL041C
YER166W	YML072C
YBR247C	YPL217C
YDR091C	YKL009W
YBR107C	YIR010W
YKL039W	YLL039C
YAL053W	YDR497C
YDR448W	YPL011C
YKL132C	YPR022C
YBL103C	YNL076W
YDL098C	YJL203W
YGR165W	YNL255C
YBR079C	YER036C
YPL151C	YPR182W
YDR381W	YIL026C
YFL039C	YLR291C
YBL103C	YLR423C
YDR381W	YPL178W
YBR001C	YLL039C
YGL111W	YNL082W
YJR014W	YKL166C
YPL012W	YPL198W
YLR315W	YOL054W
YIL075C	YMR314W
YGL158W	YLR055C
YGR092W	YGR223C
YJR002W	YPR144C
YHR094C	YLL006W
YBR017C	YDL204W
YGL179C	YIL156W
YDR195W	YLR277C
YGR128C	YLR129W
YCR086W	YOR061W
YDL227C	YHR027C
YGL112C	YMR227C
YER151C	YLR109W
YPL049C	YPL070W
YHR073W	YJL164C
YCL059C	YMR093W
YDR081C	YEL037C
YDL060W	YNR054C
YNL075W	YNL255C
YHR152W	YLR044C
YDL014W	YNL132W
YDR162C	YML109W
YAL038W	YOR136W
YNL206C	YNL255C
YGR185C	YNL255C
YEL051W	YMR106C
YER125W	YKL144C
YGR092W	YJL098W
YDR381W	YGR128C
YGL179C	YKL197C
YDR162C	YGL071W
YDR036C	YJR101W
YKR081C	YNR053C
YGL008C	YNL004W
YBR028C	YJR082C
YER172C	YNR053C
YDR295C	YNL250W
YAL027W	YLR429W
YGL212W	YPL232W
YJL140W	YPR093C
YGL116W	YMR179W
YNL006W	YPL180W
YBR079C	YOR052C
YGR244C	YKL101W
YDL031W	YHR154W
YGL205W	YJR059W
YBR177C	YFR014C
YJL190C	YOR096W
YJL197W	YNL255C
YEL030W	YPL256C
YBR247C	YMR093W
YGR218W	YLL039C
YBR126C	YMR229C
YKL206C	YLL039C
YDL014W	YOR206W
YLR153C	YOL013C
YBL105C	YFR024C-A
YDR006C	YFR028C
YBL030C	YBL045C
YDR380W	YLL039C
YAL068C	YGL158W
YJL130C	YLR436C
YHR096C	YPR138C
YHR152W	YJR105W
YEL013W	YJL151C
YIL159W	YKR055W
YBR272C	YDL007W
YGL017W	YNL157W
YGL048C	YGL141W
YFR014C	YHR112C
YDR388W	YGL090W
YHR027C	YKL029C
YBL052C	YNL255C
YDL236W	YPR080W
YCR009C	YNL094W
YLR449W	YPL198W
YML069W	YPR052C
YMR215W	YOR016C
YJR119C	YLL039C
YDL020C	YMR100W
YLL039C	YNL305C
YIL016W	YNL154C
YDR087C	YGL120C
YER131W	YHR027C
YMR032W	YMR109W
YHR152W	YOR369C
YDR167W	YGR252W
YHR133C	YLR450W
YBR183W	YOR016C
YLL039C	YLR058C
YDL060W	YDR224C
YGL156W	YJL074C
YJR050W	YNR011C
YDR258C	YPL190C
YGR027C	YNL255C
YBL084C	YPL174C
YKL159C	YOR351C
YLR186W	YPR144C
YGR120C	YJL036W
YCR009C	YOL100W
YKL012W	YPR182W
YBR143C	YPL237W
YJL164C	YNL098C
YJR123W	YJR145C
YAL060W	YAL061W
YDR496C	YHR052W
YJR145C	YPL217C
YGR135W	YOR261C
YGL158W	YHL027W
YBR241C	YML012W
YDR381W	YHR039C
YGL025C	YLR071C
YBL002W	YMR223W
YIL016W	YPL203W
YAL003W	YNL255C
YNL186W	YOL113W
YFR021W	YML059C
YML109W	YNL298W
YIR010W	YML072C
YJL164C	YOR386W
YLL045C	YPR143W
YNL183C	YPL077C
YER151C	YPL226W
YBL007C	YLR206W
YER062C	YLL039C
YDR006C	YLL039C
YLR128W	YLR306W
YKL073W	YOL087C
YFR002W	YJL039C
YBR017C	YEL022W
YGL056C	YML072C
YBL075C	YGR104C
YKL126W	YLR429W
YER031C	YGL198W
YBL097W	YDR388W
YIL109C	YKL068W
YNR053C	YPL249C-A
YHL029C	YNL032W
YCR030C	YOR181W
YMR227C	YNL255C
YKL210W	YPR080W
YDR324C	YNL132W
YCR031C	YOR063W
YNL308C	YPL259C
YGL171W	YMR093W
YBR088C	YDR097C
YDR155C	YNL244C
YFR031C-A	YOL120C
YDR229W	YOR181W
YAL059W	YNL255C
YFR024C-A	YGL201C
YNL255C	YOR179C
YER050C	YHL004W
YFR014C	YGL205W
YBL026W	YGR075C
YBR127C	YJR033C
YKL190W	YPR159W
YGR258C	YJL092W
YGL008C	YNL124W
YER052C	YLL039C
YKL022C	YOR249C
YBL103C	YDR212W
YBL026W	YIL066C
YOR362C	YPL150W
YDL212W	YML132W
YGL111W	YOR005C
YBL087C	YDR130C
YBL040C	YDR414C
YKL067W	YNL030W
YGL180W	YNL094W
YBL084C	YHR166C
YDR297W	YLL028W
YER095W	YJL092W
YJL019W	YPR018W
YBL027W	YJR123W
YBL026W	YOR191W
YBR135W	YFR050C
YDR456W	YIR022W
YCR031C	YNL124W
YDR247W	YGR249W
YMR072W	YOR374W
YIL091C	YMR216C
YML024W	YOR204W
YBL007C	YDR382W
YCL056C	YNL255C
YDL106C	YLR359W
YLR387C	YOR063W
YMR080C	YPL106C
YDR247W	YNL295W
YER032W	YLR144C
YKL180W	YML063W
YDL012C	YOR355W
YML049C	YMR117C
YLL036C	YMR125W
YEL063C	YOR016C
YJL084C	YPR029C
YJR123W	YOR361C
YGL044C	YLR277C
YDL060W	YLR150W
YLL036C	YLR016C
YLR275W	YMR288W
YBL002W	YLR442C
YPL018W	YPR018W
YDR496C	YHR197W
YNL197C	YNR046W
YIL126W	YNL116W
YDL008W	YKL079W
YGL048C	YMR001C
YDR162C	YJL128C
YKL166C	YNL227C
YLL039C	YMR080C
YML049C	YMR125W
YDR520C	YKR034W
YHR036W	YJL183W
YGR077C	YOL044W
YFL024C	YGL158W
YBL026W	YNL118C
YAL005C	YDR390C
YCR031C	YOR096W
YBR155W	YKL101W
YDR212W	YHR027C
YDR164C	YMR183C
YJL080C	YJR123W
YDR330W	YOL133W
YIL105C	YLR423C
YEL051W	YJL036W
YDR394W	YOR261C
YIL084C	YPL139C
YJR145C	YLR150W
YAL053W	YML072C
YGL105W	YKL101W
YGL158W	YHR044C
YGR056W	YMR106C
YGL120C	YIL033C
YBL056W	YDR071C
YER151C	YJR014W
YGL179C	YMR205C
YER050C	YGR165W
YHR094C	YLL039C
YGR104C	YPL042C
YKR001C	YMR072W
YDL002C	YKR001C
YAL024C	YCL040W
YKL006W	YNL124W
YAL024C	YIL033C
YPL012W	YPL217C
YJL177W	YNL110C
YJR103W	YPL204W
YBL008W	YGR063C
YER126C	YNL255C
Q0120	YLR382C
YFR031C-A	YPL198W
YBL027W	YHL001W
YGR179C	YHR166C
YGR207C	YPL217C
YBR298C	YGR041W
YGR165W	YHL004W
YLR264W	YOR361C
YDL213C	YDR324C
YJL039C	YKL068W
YDR448W	YGR142W
YDL126C	YLR450W
YCR004C	YDL101C
YJL128C	YLR058C
YER177W	YHR165C
YKL171W	YPL204W
YLL039C	YLR345W
YBR106W	YMR272C
YDR296W	YIL104C
YER175C	YPL204W
YBL007C	YKR001C
YAL024C	YJR123W
YER177W	YFR028C
YGR274C	YJR140C
YGL120C	YPL146C
YCR009C	YDR381W
YGR092W	YPL242C
YIR008C	YNL262W
YEL002C	YPR011C
YER151C	YNL030W
YGR179C	YPL018W
YJL124C	YMR080C
YLR126C	YNL255C
YDL002C	YOR141C
YNL308C	YPL012W
YBR126C	YCL040W
YER125W	YER177W
YML020W	YMR106C
YPL011C	YPL129W
YML051W	YOR370C
YIR006C	YNL243W
YJR031C	YNL186W
YFR037C	YNL255C
YDR388W	YGL106W
YBR133C	YGL187C
YAL026C	YLL039C
YIR007W	YMR205C
YML024W	YML072C
YGL112C	YGL120C
YGR200C	YNL078W
YGR092W	YNR006W
YAL007C	YEL002C
YGL180W	YOL091W
YDL222C	YER145C
YDL126C	YKL039W
YJL025W	YOR284W
YLR074C	YNL110C
YAL043C	YGR047C
YBR142W	YGL111W
YGR128C	YNL132W
YDL082W	YHL001W
YNL197C	YPL069C
YHL004W	YNR037C
YLL039C	YOR254C
YDR301W	YJR093C
YLR449W	YOR340C
YAR033W	YGL051W
YDR100W	YHR094C
YCL059C	YGL120C
YDL007W	YMR314W
YNL255C	YPR086W
YGL029W	YOR294W
YAL027W	YBR196C
YLR335W	YNL124W
YBR106W	YLL061W
YBR097W	YLL039C
YDR448W	YDR510W
YDL115C	YJL187C
YHR092C	YJR066W
YDR388W	YLR429W
YJR073C	YNL197C
YNL110C	YPL146C
YNL255C	YOR276W
YGL233W	YJL085W
YJR015W	YOR016C
YOR128C	YPR088C
YDR473C	YPR182W
YDL007W	YEL037C
YJL098W	YPL049C
YIL104C	YMR239C
YDR244W	YDR265W
YKL135C	YPR010C
YGL134W	YOL113W
YBR079C	YPL237W
YIR010W	YOL094C
YGR136W	YOR181W
YER171W	YFR009W
YGR156W	YJR093C
YHR165C	YML049C
YIL030C	YMR264W
YER129W	YNL225C
YIL004C	YNL255C
YJL164C	YOR276W
YNL255C	YPR133C
YER177W	YNL330C
YGR120C	YLR423C
YKL009W	YNL110C
YDR505C	YJR059W
YBR143C	YJL016W
YIR010W	YOR206W
YOL068C	YOR279C
YER164W	YLL039C
YDR381W	YKR092C
YDR167W	YGL158W
YAL021C	YPL042C
YDR457W	YKL029C
YCL008C	YNL154C
YFL039C	YMR260C
YFR014C	YGR135W
YBL027W	YOR063W
YNL197C	YNL322C
YGL077C	YIL105C
YKL022C	YMR001C
YLL039C	YLR047C
YNL206C	YNR052C
YBR172C	YKL204W
YJL098W	YNL006W
YIL109C	YKL171W
YGR270W	YLR197W
YHL001W	YOL127W
YJL061W	YML103C
YPR144C	YPR163C
YBL007C	YCR100C
YOL041C	YPL198W
YMR093W	YNL075W
YBR154C	YER022W
YER173W	YPL178W
YIR010W	YLR175W
YDR087C	YPL141C
YDR378C	YJL124C
YHR114W	YMR162C
YGL198W	YNL304W
YCR031C	YGL030W
YDR460W	YGR274C
YDR343C	YOR181W
YHR155W	YNL197C
YAR007C	YOL090W
YDL126C	YFL044C
YBR080C	YOR036W
YKR001C	YOR304W
YNL030W	YPR018W
YDR453C	YGR185C
YDR051C	YLR024C
YKL085W	YKL108W
YDL132W	YLR352W
YLR175W	YPL198W
YBR069C	YJR010C-A
YHR179W	YLL060C
YBR106W	YGL200C
YDL160C	YGL137W
YMR140W	YNL154C
YBR142W	YJL050W
YGL025C	YNR010W
YJR059W	YOR209C
YER125W	YHR131C
YHR084W	YPR080W
YBL061C	YJL187C
YGL105W	YOR017W
YJR076C	YMR304W
YJR090C	YOR344C
YBR110W	YEL002C
YGL111W	YNL110C
YGL113W	YOR060C
YAL032C	YGL120C
YFL037W	YKL010C
YMR196W	YPL204W
YBL056W	YBR247C
YGL003C	YGL116W
YBR080C	YNL015W
YGL095C	YOL018C
YEL032W	YFR028C
YCL059C	YNL308C
YLR378C	YOR085W
YBR247C	YJR002W
YAL060W	YLL039C
YKL203C	YOL030W
YBR275C	YLR019W
YMR314W	YOR259C
YJL068C	YOL017W
YML069W	YOL054W
YGR268C	YNL255C
YGL201C	YML069W
YJR144W	YLR074C
YJR148W	YLL039C
YIL066C	YLR163C
YHR043C	YPL204W
YGL157W	YLL039C
YBR020W	YCL011C
YFR014C	YHR116W
YFR016C	YLL050C
YHL001W	YMR029C
YIL149C	YNL225C
YDL002C	YDR510W
YHL027W	YMR032W
YJL190C	YMR194W
YBR079C	YNL255C
YKL171W	YMR184W
YGR116W	YML069W
YDL014W	YLR186W
YBL007C	YPL012W
YLL039C	YMR130W
YFR001W	YKL172W
YHR161C	YIR006C
YBR275C	YFR028C
YGL033W	YNL255C
YDR297W	YOR016C
YKR031C	YOR242C
YLL045C	YNL175C
YFR028C	YNL225C
YOR113W	YPL203W
YDR229W	YMR001C
YKR097W	YPL203W
YBR080C	YPL070W
YEL037C	YGL048C
YNL110C	YNL175C
YJR123W	YNL004W
YAL005C	YJR140C
YGR104C	YNR010W
YDR324C	YLR129W
YGL030W	YNL110C
YLL021W	YLL026W
YBR154C	YLR071C
YKL039W	YOL018C
YHR114W	YKR030W
YBR247C	YML063W
YDL222C	YGR138C
YER047C	YKL129C
YAR019C	YDL101C
YNR053C	YOL120C
YOR361C	YPR086W
YNL132W	YOR096W
YBR083W	YKL126W
YBR036C	YDL015C
YJR076C	YKL101W
YLL039C	YPL162C
YDL213C	YJR145C
YDL020C	YLR024C
YDR159W	YLR423C
YBR110W	YLL061W
YER166W	YIR006C
YGL241W	YPR086W
YDR303C	YPL082C
YGR275W	YJR094W-A
YHR066W	YLR325C
YDR388W	YGL226W
YGR038W	YIR038C
YDR227W	YNL206C
YGL156W	YPL204W
YBR106W	YJR015W
YKL135C	YPR102C
YDR452W	YNL255C
YGR109C	YPL256C
YDR301W	YKL018W
YCL059C	YLR186W
YML072C	YMR266W
YKL203C	YNL076W
YJL080C	YKL204W
YIL075C	YPR108W
YDL167C	YPR080W
YJL164C	YKR100C
YHL004W	YKL170W
YNL225C	YNL255C
YCR071C	YDR116C
YCR031C	YKL180W
YGL127C	YGL158W
YJL098W	YNL076W
YDL126C	YLR377C
YLR229C	YNL293W
YDL239C	YNL225C
YJL187C	YKR071C
YBL075C	YLL060C
YBL075C	YPL117C
YDL213C	YGL120C
YGL180W	YNL186W
YGR094W	YGR128C
YJR059W	YLL043W
YGL120C	YGR270W
YDL141W	YDR087C
YDR381W	YHR118C
YAL032C	YJL149W
YHR027C	YHR068W
YKL203C	YMR215W
YDR381W	YOL115W
YLL015W	YLL039C
YDR494W	YER050C
YDR510W	YFL045C
YKL144C	YKR025W
YGL112C	YMR223W
YDR167W	YGL025C
YLR291C	YNL314W
YFL041W	YHR133C
YAL007C	YGL008C
YFR028C	YOR191W
YBR126C	YOR089C
YJL203W	YNR011C
YDR171W	YDR430C
YGR200C	YOL113W
YDL209C	YGR129W
YML063W	YPL012W
YNR046W	YPR054W
YDR510W	YOR251C
YAR007C	YEL030W
YKL080W	YOR270C
YDL082W	YOR096W
YLL039C	YLR268W
YGL200C	YJL108C
YBL074C	YER172C
YFL005W	YOR070C
YMR194W	YNL132W
YHR165C	YMR176W
YNL255C	YOR369C
YMR068W	YOR181W
YIL130W	YIR010W
YHL004W	YPR080W
YKR014C	YOR089C
YDL213C	YNL308C
YEL037C	YLL050C
YGL201C	YLR274W
YBR176W	YOR119C
YBR270C	YJR059W
YBL002W	YJL176C
YML051W	YMR223W
YGL179C	YGR167W
YKR014C	YPR028W
YAL012W	YHR152W
YGL105W	YGR092W
YMR256C	YPL190C
YHR069C	YOR076C
YOL100W	YOR260W
YJR002W	YLR197W
YDR101C	YLR335W
YBR273C	YDL190C
YMR311C	YOL001W
YMR068W	YOL078W
YIL125W	YLL039C
YBL010C	YNL317W
YGR092W	YJL213W
YDR510W	YGL008C
YLL039C	YPR091C
YER125W	YFR028C
YFR031C-A	YLR074C
YDR086C	YLR378C
YDL031W	YJL050W
YGL137W	YNL138W
YBL091C-A	YIR038C
YKL129C	YNL298W
YER125W	YPL146C
YGL030W	YOR063W
YBL103C	YNR023W
YDR510W	YLR175W
YJL164C	YPR091C
YJR145C	YPL204W
YFR021W	YGL180W
YGL210W	YOL018C
YMR047C	YPL169C
YDL007W	YPR108W
YGL079W	YGL180W
YDL212W	YEL002C
YDL147W	YDR108W
YIR010W	YPL105C
YDR366C	YER071C
YBR034C	YHR027C
YBL002W	YKL089W
YDR265W	YOL147C
YDR496C	YPL012W
YKL051W	YML016C
YJL084C	YJR059W
YMR037C	YPL042C
YER177W	YIL159W
YLL039C	YLR320W
YNL197C	YPL165C
YDR159W	YML103C
YBR005W	YER125W
YIL108W	YML105C
YER126C	YOR206W
YGR142W	YOL018C
YFR024C-A	YMR109W
YOR016C	YPR198W
YIR038C	YJL097W
YDR118W	YNL172W
YGR136W	YLL039C
YNL074C	YOR351C
YHR016C	YLR243W
YLR429W	YNL032W
YJL039C	YLR335W
YJR036C	YLL039C
YDL101C	YDR214W
YJR010C-A	YPL227C
YKL074C	YLR423C
YLR072W	YLR249W
YGR110W	YHR114W
YHR027C	YPL259C
YDR381W	YNL051W
YDR448W	YPL135W
YKL159C	YKL190W
YDR212W	YNL323W
YMR125W	YOR159C
YKL009W	YML073C
YDR510W	YER125W
YMR125W	YOR204W
YJL164C	YKL061W
YHR096C	YJR066W
YHR027C	YLR075W
YNR024W	YOR204W
YBL027W	YCR031C
YLR292C	YOR324C
YAL051W	YLR197W
YDL014W	YMR093W
YHR027C	YML063W
YLR268W	YOR037W
YGL105W	YNR013C
YGR275W	YPL249C-A
YKL010C	YLL036C
YBR196C	YLR044C
YJL164C	YLL043W
YBR173C	YMR314W
YNL255C	YPL061W
YBR154C	YPL129W
YJL164C	YMR229C
YAL026C	YDR497C
YDR496C	YLL045C
YIR038C	YLR268W
YJL078C	YOR153W
YDR388W	YER116C
YDR093W	YJR066W
YMR146C	YPL105C
YLR229C	YPL115C
YDL014W	YER151C
YHL001W	YNL110C
YDL195W	YIL004C
YOR351C	YPL077C
YNL255C	YOR288C
YLL039C	YML049C
YBL007C	YIL144W
YMR027W	YPR036W
YGL008C	YKL203C
YDL160C	YMR106C
YBR182C	YPL089C
YDL014W	YLL045C
YHR023W	YLR423C
YNL061W	YOR206W
YNL110C	YOR294W
YDR489W	YOL006C
YMR162C	YPR154W
YLL039C	YOR042W
YLL039C	YMR115W
YDR224C	YOL054W
YDL043C	YML049C
YFR002W	YMR153W
YLL045C	YNL301C
YER020W	YJL016W
YGL113W	YKL026C
YHL001W	YJR123W
YGR274C	YPR052C
YBR173C	YOR157C
YFL037W	YKL029C
YDR523C	YKR046C
YFR002W	YJL041W
YIR010W	YOR207C
YLR277C	YNL222W
YDR381W	YJL128C
YHL025W	YMR033W
YDR155C	YLL039C
YKL129C	YNL255C
YKL126W	YNL106C
YBR085W	YGL237C
YLR175W	YLR410W
YGL099W	YPL131W
YIL149C	YLL015W
YFL047W	YKL171W
YDR378C	YML049C
YDR083W	YNL255C
YJR078W	YLL039C
YOL127W	YPL143W
YKL012W	YML049C
YGL158W	YNL117W
YDR158W	YHR027C
YDR388W	YFL039C
YDR381W	YGL200C
YGR118W	YNL255C
YFL023W	YJL164C
YJR077C	YLL039C
YGR186W	YOR224C
YKL095W	YMR125W
YNL113W	YNL255C
YDR510W	YPL106C
YGR283C	YMR310C
YDR087C	YLR131C
YEL009C	YPR046W
YLL039C	YMR061W
YNL244C	YOR361C
YGR270W	YMR033W
YJL098W	YOR187W
YBR106W	YBR287W
YNL030W	YNL157W
YBR083W	YDR510W
YDR227W	YFL045C
YDR330W	YJL187C
YDR127W	YMR106C
YBR136W	YDR217C
YGR178C	YGR270W
YHR033W	YJR076C
YDR093W	YER166W
YDR381W	YGL030W
YEL051W	YNL250W
YCR009C	YPL140C
YBL078C	YFR014C
YFR014C	YJL084C
YGL112C	YGR252W
YMR186W	YPL051W
YJL164C	YNL149C
YAL005C	YDR083W
YJL151C	YLR144C
YLR410W	YOL001W
YJL140W	YNR010W
YGL011C	YIL099W
YLL039C	YLR387C
YDR130C	YNL161W
YJL052W	YLR144C
YBR107C	YLR315W
YDL123W	YLL039C
YIL156W	YJR059W
YBR291C	YLR435W
YBR110W	YDL015C
YLL045C	YLR175W
YDL200C	YDR155C
YDR116C	YHL004W
YMR229C	YNR054C
YER172C	YJL203W
YGR186W	YJL164C
YLR423C	YPL174C
YGL030W	YHL001W
YFL016C	YKL171W
YOL072W	YPR080W
YMR047C	YNR053C
YER022W	YPL042C
YLR259C	YNL255C
YCL011C	YMR125W
YER174C	YLR362W
YFL039C	YGL106W
YAR068W	YNL255C
YNL030W	YOL054W
YGL180W	YKL166C
YOR096W	YPR144C
YJL164C	YOR054C
YHL025W	YJL176C
YIR010W	YJR076C
YGR270W	YIR010W
YHR014W	YJL138C
YGL112C	YLR055C
YDR195W	YNL317W
YJL041W	YKL068W
YHR027C	YPR074C
YDR299W	YER127W
YGL238W	YOR185C
YKL009W	YOR206W
YGL003C	YHR166C
YFL039C	YLR274W
YDR100W	YMR010W
YGL180W	YGR126W
YML051W	YMR004W
YKR058W	YLR258W
YLR357W	YMR033W
YDR167W	YPL011C
YDR045C	YOR207C
YDR118W	YKL022C
YGL123W	YJR123W
YML049C	YPL151C
YAL005C	YDR214W
YEL012W	YHR205W
YKL051W	YLL028W
YGR266W	YMR106C
YDR311W	YMR228W
YGR277C	YLL061W
YER151C	YPL237W
YJR123W	YLL036C
YER164W	YMR229C
YCR031C	YJL190C
YHR027C	YOR261C
YAR007C	YFL009W
YBR123C	YGR246C
YDL014W	YOR096W
YBL002W	YPR052C
YBR133C	YNL094W
YER168C	YKL166C
YDR381W	YGL120C
YDL147W	YLR421C
YAR018C	YOL113W
YMR117C	YPR143W
YBR175W	YOL045W
YLR082C	YOL138C
YJL164C	YNL007C
YDR080W	YMR048W
YLR197W	YMR304W
YGL179C	YOL130W
YDR019C	YFR014C
YLR075W	YNL255C
YGL093W	YMR117C
YEL065W	YKL166C
YAL043C	YDR195W
YDL085W	YDL198C
YBL045C	YHR027C
YBR143C	YPL249C-A
YGR178C	YLL039C
YBL007C	YNL138W
YGR186W	YJL140W
YJL092W	YJR132W
YDR005C	YKR025W
YDL143W	YLL039C
YKL172W	YPL131W
YER090W	YGL137W
YFL045C	YMR059W
YGL077C	YOL105C
YDR510W	YOR032C
YLR136C	YNL230C
YBR179C	YLR368W
YJL164C	YLL029W
YAL029C	YMR186W
YAR019C	YGR092W
YJL190C	YKL180W
YLL039C	YLR356W
YNL255C	YPL106C
YER050C	YMR158W
YDR258C	YGR094W
YDL143W	YIL142W
YIL066C	YKL011C
YHR143W-A	YPR093C
YBR247C	YNL308C
YGR200C	YKL166C
YBR154C	YGR186W
YBL067C	YJL203W
YAL032C	YMR031C
YKL009W	YLR406C
YMR005W	YMR227C
YIR010W	YMR229C
YBL027W	YJL177W
YJL124C	YPR080W
YLL036C	YPR101W
YBR215W	YGL078C
YNR004W	YPL157W
YDR297W	YGL200C
YDL159W	YIL113W
YDR166C	YJL138C
YDL147W	YGL048C
YIL126W	YOR304W
YER126C	YNR053C
YCR031C	YOR204W
YKL011C	YMR201C
YER136W	YKR014C
YBR069C	YGR218W
YDL077C	YNL147W
YBL084C	YPL106C
YAL032C	YBL084C
YBR017C	YOR259C
YDR347W	YJR060W
YDR381W	YNL317W
YIL030C	YKL209C
YJL187C	YNL186W
YBR127C	YNL239W
YML063W	YPL249C-A
YDR465C	YKL068W
YIR010W	YMR091C
YJL089W	YMR280C
YDL220C	YKL101W
YHR027C	YKL035W
YFL023W	YNL255C
YLR249W	YPL131W
YDR119W	YJL178C
YDL147W	YJR091C
YAL005C	YLR256W
YJR050W	YPL151C
YOL021C	YOL142W
YFR037C	YPL082C
YMR106C	YNR053C
YBR154C	YFL023W
YBL037W	YNL265C
YDR258C	YER151C
YAL021C	YIR010W
YJL164C	YOR141C
YBR296C	YHR133C
YDR457W	YLL021W
YDR224C	YNL255C
YOR324C	YPL094C
YJL164C	YJR014W
YFL023W	YPR106W
YDR494W	YNL137C
YCL059C	YMR047C
YGR249W	YJR059W
YBL002W	YMR072W
YDR382W	YHR027C
YBR199W	YLL039C
YGL210W	YNL161W
YHR205W	YIL153W
YDL008W	YLR102C
YGL127C	YPL042C
YIL047C	YJL164C
YDR381W	YNL061W
YDR489W	YOL133W
YBR079C	YNL243W
YNL255C	YPL160W
YML063W	YOR204W
YDR510W	YJL081C
YBR247C	YNL154C
YDR145W	YLR055C
YLL039C	YML112W
YKR001C	YLL039C
YKL034W	YLL039C
YEL034W	YJL190C
YGR218W	YMR180C
YMR052W	YNL127W
YDL212W	YDR276C
YLL026W	YPL204W
YDR388W	YNL244C
YJR059W	YOR113W
YHR118C	YJL092W
YGR128C	YPL126W
YKL212W	YPR028W
YJL124C	YNL255C
YDR101C	YPL146C
YDR465C	YNL255C
YKL204W	YPR042C
YLR320W	YPR135W
YGR155W	YKL108W
YBR083W	YNL197C
YDL147W	YPR108W
YBR069C	YPR108W
YNL154C	YOR153W
YDR381W	YML056C
YIL068C	YNR049C
YDL051W	YPR088C
YIL072W	YLR263W
YJL128C	YOR201C
YDR510W	YLR277C
YCL011C	YNL308C
YKL122C	YML105C
YER177W	YIR010W
YBL030C	YBR024W
YDR111C	YEL030W
YMR047C	YOR206W
YER164W	YMR125W
YJL010C	YPL217C
YGL137W	YKR046C
YLL036C	YLR132C
YIL016W	YPL076W
YOR260W	YPL237W
YDL181W	YOR159C
YLR275W	YMR125W
YHR069C	YLR163C
YDL012C	YFR024C-A
YGR138C	YLR413W
YKR034W	YNL021W
YIR010W	YJL053W
YBR036C	YDR276C
YFR027W	YIL026C
YDL116W	YJL061W
YNR054C	YPL217C
YKL018W	YLL039C
YDR100W	YLR108C
YFL029C	YPR054W
YDL015C	YOR016C
YGL106W	YLR429W
YMR114C	YMR216C
YHR165C	YJL203W
YDR124W	YMR188C
YBR036C	YEL027W
YCR033W	YOL068C
YJL164C	YNL227C
YHR066W	YNL061W
YDL060W	YER131W
YLR131C	YOR185C
YER125W	YMR171C
YDL002C	YPL141C
YCL028W	YIR010W
YBR177C	YMR109W
YGR128C	YJL010C
YDR365C	YDR381W
YNL197C	YPR149W
YNL124W	YOR063W
YHR027C	YNL301C
YDL132W	YJL149W
YDR299W	YPL141C
YAL007C	YDL054C
YLL021W	YPL140C
YBL022C	YMR091C
YDR448W	YER164W
YNL124W	YPL249C-A
YAL027W	YDR510W
YER036C	YML073C
YLL015W	YLL023C
YER031C	YER136W
YDR059C	YPR093C
YDR063W	YKR034W
YDR267C	YOL111C
YKR036C	YPL042C
YDR155C	YMR036C
YDR388W	YKL129C
YKL099C	YNL255C
YBR079C	YGR118W
YJL164C	YPR115W
YBL084C	YDR260C
YJR091C	YLR420W
YJL190C	YPL131W
YBR127C	YFL039C
YNL262W	YOL115W
YJR093C	YLR277C
YKL059C	YMR061W
YGR270W	YIL126W
YIL117C	YLL039C
YGR270W	YJL167W
YHL009C	YMR216C
YBR106W	YBR183W
YNL074C	YNL197C
YDR167W	YNR010W
YGL200C	YIL109C
YLR150W	YPL245W
YBL002W	YMR036C
YOR049C	YOR127W
YDR382W	YOR063W
YEL015W	YJL014W
YLR274W	YLR429W
YBR110W	YPL076W
YLR175W	YMR229C
YDL222C	YOR153W
YJR063W	YPR187W
YBR126C	YFR028C
YGR252W	YLR277C
YDR143C	YGL037C
YDL082W	YML063W
YHR167W	YNL004W
YGR184C	YIL075C
YKL013C	YOR181W
YBR177C	YHR114W
YEL030W	YMR106C
YBL026W	YDL160C
YBR143C	YPR010C
YEL032W	YJR059W
YBL078C	YIL004C
YAL032C	YHR165C
YFR014C	YLR265C
YBR044C	YBR221C
YMR032W	YPL084W
YBR221C	YDR510W
YJL010C	YLR222C
YHL009C	YPL018W
YLR417W	YLR452C
YDL015C	YHR133C
YBR211C	YIR010W
YBR017C	YLL039C
YAL024C	YNL312W
YIL144W	YLL021W
YBL027W	YML063W
YBR106W	YNL048W
YGR094W	YPR154W
YAR007C	YGL116W
YNL172W	YOR249C
YHR016C	YNL243W
YDL139C	YNL030W
YGL127C	YGR104C
YJR059W	YMR288W
YGL220W	YLL029W
YML125C	YMR153W
YDR284C	YLL039C
YNL004W	YNL253W
YCR073W-A	YDR247W
YHL021C	YPL150W
YLR086W	YLR163C
YKL185W	YMR080C
YGR060W	YIL027C
YLR055C	YPL082C
YLL045C	YMR194W
YLL045C	YML073C
YML074C	YPR115W
YIL153W	YNL021W
YGR204W	YKL198C
YLR103C	YLR274W
YJL092W	YKR061W
YDL031W	YHR052W
YGL173C	YOL149W
YDR284C	YPR079W
YER151C	YNL308C
YGL174W	YLR016C
YKL101W	YOR141C
YIL016W	YKL212W
YDL101C	YNL250W
YLR275W	YPR182W
YNL021W	YOL090W
YDR145W	YGR274C
YGL120C	YLR022C
YJL190C	YJR145C
YJR042W	YMR047C
YGL212W	YOL129W
YGL179C	YLR055C
YMR216C	YNL186W
YFR009W	YLR452C
YER151C	YGR254W
YBR105C	YDL082W
YEL013W	YPR149W
YDR388W	YPL249C-A
YCL055W	YGL192W
YLL039C	YLR450W
YGR252W	YLR055C
YER151C	YJL080C
YDR224C	YOR141C
YHR205W	YMR216C
YBL084C	YOR249C
YFL018C	YFR049W
YJL138C	YLL039C
YJL092W	YMR136W
YJL164C	YLR259C
YBL087C	YHR027C
YDR171W	YNL216W
YBR069C	YLL039C
YDL188C	YHR152W
YIL068C	YPR055W
YHR052W	YMR047C
YJL178C	YOR316C
YKL090W	YLL039C
YGR128C	YLR222C
YBR079C	YOR096W
YDR510W	YER039C
YDR382W	YKL166C
YDR510W	YHL031C
YBR028C	YER015W
YAL038W	YER171W
YOR014W	YPL106C
YAL062W	YIL033C
YHR070W	YNL138W
YGL158W	YOL070C
YHR016C	YNR007C
YDL236W	YJL164C
YBR148W	YPL018W
YFR008W	YOL135C
YGR092W	YMR196W
YGL134W	YKR058W
YDR113C	YGL116W
YCL011C	YEL034W
YGL210W	YNL255C
YAL011W	YBR231C
YBL026W	YLR074C
YLR131C	YMR304W
YGL115W	YJL112W
YCR098C	YNL008C
YNL009W	YOR089C
YJR066W	YNL006W
YDR267C	YHR152W
YCL051W	YNL161W
YDL177C	YNL255C
YAL027W	YOL090W
YGL008C	YHR039C
YDR097C	YLR234W
YIL016W	YMR005W
YGL179C	YHR137W
YBL064C	YKL101W
YNL219C	YPL094C
YNL132W	YOR078W
YIL093C	YJR101W
YHL004W	YJL112W
YDR324C	YLR222C
YDR189W	YHR094C
YDR394W	YER095W
YBR173C	YOR362C
YDR057W	YOL013C
YBR275C	YPR144C
YKL185W	YOR120W
YDL008W	YHR166C
YNL182C	YPL227C
YBR221C	YDL239C
YHR052W	YNL175C
YLL039C	YMR205C
YJR015W	YOR036W
YBL106C	YIL033C
YCL040W	YHR027C
YAL005C	YFR037C
YBR130C	YBR143C
YBR154C	YOR340C
YKL139W	YNL132W
YBL105C	YEL002C
YDL031W	YPL198W
YCL011C	YDR381W
YBR249C	YGR275W
YCR009C	YNL255C
YER125W	YJL151C
YLL039C	YPL006W
YAL032C	YIL068C
YER068W	YIR010W
YDR087C	YOR231W
YMR201C	YNL312W
YDL195W	YOL127W
YCR030C	YJR076C
YDL043C	YDR226W
YLR442C	YMR318C
YBL002W	YJR010C-A
YGL180W	YOR344C
YGR274C	YPL129W
YDR166C	YPR055W
YFL039C	YHR016C
YPL151C	YPR101W
YGL037C	YPL070W
YBR130C	YKL101W
YLR421C	YNL255C
YML012W	YOR016C
YFR024C-A	YNL243W
YLL039C	YOR320C
YDL031W	YNL110C
YBR154C	YPR010C
YLL026W	YNL271C
YDR212W	YER151C
YHR052W	YOR206W
YER110C	YPR093C
YLL045C	YML063W
YNR052C	YOL149W
YCR094W	YLL039C
YLL039C	YMR210W
YGR165W	YIL093C
YDR188W	YFL039C
YDL014W	YJR002W
YDR510W	YKL126W
YAL029C	YKL124W
YER125W	YPR187W
YDL220C	YNL075W
YDL002C	YKL101W
YOR261C	YOR362C
YAL032C	YJR061W
YHR066W	YOR206W
YFR024C-A	YIR010W
YGL056C	YGL077C
YEL009C	YPL016W
YIL104C	YLR175W
YEL034W	YER151C
YOR016C	YPL274W
YJR101W	YNR037C
YOR042W	YPL042C
YNL118C	YPL204W
YDR224C	YLR357W
YAL032C	YDL116W
YIL105C	YOR181W
YGR252W	YPL248C
YIR007W	YPR080W
YDL031W	YGL111W
YKL101W	YPR036W
YIL091C	YJL187C
YFL039C	YOR181W
YDL126C	YIL030C
YDR100W	YPL135W
YDR382W	YGR252W
YBL007C	YIL156W
YPL178W	YPL190C
YLL039C	YOR109W
YHR096C	YKL051W
YDR523C	YKL023W
YIL095W	YIR006C
YLR270W	YOR173W
YFR024C-A	YOR284W
YBR286W	YLL039C
YDR247W	YMR140W
YKL061W	YLR408C
YEL025C	YLR452C
YGL053W	YNL315C
YER151C	YNL009W
YGR129W	YJL164C
YOR294W	YPL131W
YFL005W	YGL198W
YGL112C	YOL135C
YHL021C	YKL101W
YDR388W	YJR115W
YDR299W	YGR092W
YDL160C	YNL255C
YHL004W	YOR284W
YDR087C	YOR206W
YDL014W	YDR510W
YKL101W	YMR184W
YBR177C	YOL018C
YBR225W	YPL203W
YER036C	YGL099W
YPL248C	YPR056W
YIL125W	YOR005C
YDR296W	YNL255C
YIR037W	YML070W
YKL144C	YPR187W
YHR152W	YPL061W
YDR382W	YJR123W
YEL043W	YNL197C
YBR270C	YGL180W
YKR081C	YPR102C
YDR510W	YOR340C
YML012W	YOR054C
YBR191W	YML073C
YDR398W	YJR002W
YER151C	YNL255C
YJL092W	YOR355W
YDR258C	YHR023W
YDL195W	YOL120C
YIL156W	YMR032W
YGL174W	YLL036C
YDL212W	YEL063C
YDR297W	YJR010C-A
YBR052C	YIR037W
YAL059W	YMR186W
YDL120W	YDR100W
YDR300C	YLL039C
YHR167W	YPR046W
YBL084C	YDR523C
YEL019C	YML023C
YBR034C	YDL014W
YDL115C	YGR186W
YML105C	YPR088C
YGR138C	YLL028W
YLR019W	YPR010C
YFR031C-A	YNL255C
YLR150W	YNL262W
YGR092W	YGR200C
YMR260C	YOR119C
YBR173C	YOL038W
YDR247W	YDR257C
YGL167C	YIL146C
YKL074C	YPL105C
YDL188C	YGR135W
YAL005C	YOR197W
YDR313C	YLL039C
YDR324C	YDR398W
YDR238C	YJL151C
YBR069C	YER110C
YHR152W	YIL105C
YDR365C	YGL008C
YIL144W	YIR010W
YBL075C	YLR345W
YDR381W	YML103C
YLL036C	YNL147W
YIR010W	YJL130C
YGR063C	YPR133C
YLL039C	YPL082C
YHR029C	YKL018W
YKL206C	YMR314W
YIL135C	YKL088W
TL(UAA)J	YOR110W
YLL039C	YOR096W
YIL027C	YJL151C
YDR473C	YFL017W-A
YGL179C	YLR150W
YHR114W	YLR105C
YDL081C	YKL166C
YHR197W	YOR206W
YAL056W	YJL164C
YDL115C	YNL255C
YER050C	YJR031C
YPL204W	YPR008W
YDL212W	YML038C
YHR197W	YLR075W
YCR086W	YIR010W
YGR218W	YHR016C
YML012W	YML055W
YMR032W	YOR264W
YJL176C	YMR033W
YBR108W	YHR016C
YLR249W	YMR186W
YDL014W	YKL035W
YKL035W	YOL045W
YBL075C	YOR181W
YLR079W	YLR345W
YBR265W	YJL151C
YAL043C	YMR061W
YAL005C	YNL255C
YLR325C	YNL110C
YLL039C	YMR125W
YGL035C	YGL253W
YGR063C	YJL140W
YBR052C	YGR138C
YER125W	YFL010C
YDL098C	YDR473C
YOR197W	YPR154W
YIL095W	YML103C
YOR347C	YOR370C
YHR143W-A	YIR010W
YLL039C	YLR440C
YKR028W	YPL049C
YKL166C	YPL138C
YGR109C	YNL197C
YGL077C	YML072C
YBL052C	YJR082C
YBR263W	YER151C
YDR505C	YPR154W
YGR167W	YOR231W
YGR218W	YLR131C
YHR016C	YIL095W
YEL002C	YPL227C
YDR510W	YPL082C
YMR214W	YNL255C
YGR289C	YIL016W
YDR159W	YOR257W
YBL075C	YNL250W
YMR117C	YNL291C
YDL014W	YDL082W
YAR019C	YIL095W
YIR010W	YMR031C
YDR137W	YJR059W
YJL084C	YPL265W
YGL179C	YPL222W
YGL008C	YHR027C
YDR347W	YHL004W
YLR223C	YNR023W
YDR273W	YML051W
YER022W	YPL248C
YLR102C	YOR249C
YAL029C	YGL106W
YCR068W	YIR038C
YER131W	YMR194W
YPR106W	YPR115W
YDR224C	YLR133W
YDL014W	YLR221C
YDR145W	YLR390W
YDL209C	YLL036C
YLR106C	YNR053C
YER125W	YNL220W
YIL126W	YJR094C
YGL173C	YPL190C
YNL255C	YPR051W
YHR033W	YMR106C
YGR274C	YNL216W
YOR181W	YPL180W
YDR369C	YKL022C
YAL029C	YLR274W
YKL203C	YMR068W
YER095W	YJR109C
YMR125W	YPR101W
YFR002W	YPL169C
YDR080W	YKR014C
YBR241C	YGR060W
YDR238C	YLR051C
YDR118W	YMR001C
YDL014W	YKL078W
YDR052C	YLR423C
YJR145C	YPL198W
YBL037W	YNL118C
YDR195W	YOR179C
YGR178C	YPL049C
YNL110C	YPR169W
YDL014W	YLR075W
YCL035C	YKL198C
YER151C	YGL105W
YER171W	YKL085W
YFR028C	YPR069C
YDL007W	YHR027C
YEL001C	YLR429W
YCR026C	YLL039C
YGL158W	YPR010C
YLR154C	YNL072W
YFR031C-A	YPL143W
YGR218W	YMR186W
YBL052C	YPL129W
YFL039C	YNL079C
YER164W	YML069W
YBL045C	YNL255C
YFL037W	YKL039W
YHR016C	YOR042W
YDR188W	YDR212W
YBR001C	YFR014C
YEL061C	YOL038W
YNL154C	YOR107W
YJL098W	YOR048C
YDR424C	YLL039C
YNL059C	YOR189W
YIL153W	YLL001W
YDR143C	YNL197C
YNL151C	YOL021C
YIL144W	YPR163C
YNL243W	YOR181W
YGL244W	YLR175W
YGL201C	YPR154W
YBR017C	YGL256W
YDL116W	YMR047C
YKL171W	YKR097W
YLR186W	YNL132W
YDL188C	YOR157C
YDR510W	YLR058C
YDR045C	YNL113W
YMR304W	YPR115W
YER129W	YGL035C
YHR052W	YNL186W
YBL091C	YNL255C
YFL024C	YJR082C
YMR106C	YPL140C
YER177W	YGL078C
YEL034W	YOR361C
YNL186W	YPL042C
YDR499W	YOR176W
YIR010W	YLR249W
YIL130W	YLL039C
YBL078C	YOL082W
YHR023W	YPR188C
YFR024C-A	YPR055W
YDR226W	YFR028C
YBR106W	YJR010C-A
YGL212W	YJL151C
YCL028W	YER022W
YGL120C	YOR185C
YJL138C	YPL141C
YDR510W	YOL030W
YER110C	YJL138C
YNL110C	YPL012W
YLR430W	YPR148C
YLL039C	YOR086C
YOL142W	YOR076C
YHR066W	YOR063W
YBR108W	YGR136W
YEL003W	YNL153C
YBR247C	YNL110C
YCR095C	YNL032W
YHL031C	YHR181W
YIL016W	YJR010C-A
YDR453C	YFR028C
YDL212W	YPL094C
YGL123W	YOR063W
YDR249C	YNL197C
YAR007C	YHR164C
YGL077C	YLR413W
YJL176C	YPL248C
YJR092W	YOR231W
YLL039C	YPL169C
YER110C	YOR185C
YEL013W	YLR246W
YKL008C	YKL146W
YNR011C	YPR182W
YGR203W	YNL255C
YGL060W	YPR046W
YNL255C	YPL249C-A
YLL026W	YLR072W
YGL120C	YGL173C
YER145C	YLR326W
YEL013W	YNL326C
YNL132W	YNL230C
YIL126W	YKR001C
YFR014C	YMR173W
YDR510W	YMR227C
YDR452W	YHR161C
YGL120C	YNL175C
YLR083C	YOR036W
YBR167C	YNL255C
YGR185C	YLL039C
YGL137W	YOR197W
YIL030C	YLR378C
YBR106W	YGR060W
YDR365C	YOL041C
YGR027C	YJL177W
YGL237C	YPR069C
YKL180W	YLR150W
YER106W	YMR001C
YGL060W	YGL093W
YCR086W	YEL032W
YGR128C	YGR218W
YGR092W	YLR058C
YIL091C	YNL154C
YGR203W	YNL314W
YFR022W	YNL154C
YPR154W	YPR171W
YGL111W	YKL172W
YJL100W	YOR181W
YMR159C	YNL255C
YLR268W	YMR183C
YHR143W-A	YKL025C
YER151C	YJR144W
YHR005C-A	YNL255C
YLL039C	YNR001C
YER105C	YNR047W
YDL208W	YNR067C
YDR388W	YML011C
YER151C	YFR031C-A
YCL059C	YNL255C
YDL147W	YIL075C
YGR180C	YPR106W
YFR031C-A	YLL039C
YDR388W	YGR098C
YAL005C	YHR165C
YLR256W	YOR362C
YBL030C	YDL198C
YKL061W	YLR362W
YBR172C	YER172C
YDL160C	YNR052C
YIL027C	YMR272C
YOL021C	YPR187W
YDL222C	YKL051W
YLL039C	YLR186W
YBR199W	YOL132W
YGR138C	YHR094C
YER151C	YJL024C
YER031C	YML086C
YLL049W	YLR423C
YDL213C	YDR381W
YER145C	YJR010C-A
YLL036C	YML049C
YGL173C	YLR150W
YKR079C	YPR106W
YJL063C	YLR439W
YGL180W	YHR156C
YDR378C	YNR011C
YBR247C	YKL180W
YML073C	YOR204W
YBR139W	YDR087C
YBR035C	YDL101C
YJL203W	YML049C
YNL006W	YNL183C
YER139C	YOR224C
YBL002W	YMR091C
YDR247W	YNL210W
YLL039C	YPL206C
YDR116C	YML025C
YNL197C	YNL278W
YBR142W	YOL041C
YDR189W	YLR440C
YIR010W	YPL082C
YGR258C	YOL044W
YGR123C	YLL039C
YCL018W	YDR510W
YLR326W	YNL323W
YBL093C	YCL028W
YBR196C	YER125W
YGR260W	YMR150C
YDR284C	YPL147W
YIR010W	YNL132W
YNL059C	YPL082C
YLL050C	YMR059W
YIL093C	YMR158W
YMR260C	YNL244C
YBR154C	YGR063C
YDL126C	YGR270W
YLR058C	YOL054W
YKL166C	YLR003C
YLL039C	YPL012W
YLL036C	YOR096W
YER125W	YPR084W
YDL123W	YEL013W
YDR357C	YEL005C
YDR091C	YLR075W
YBL027W	YNL301C
YGL158W	YGR252W
YKL166C	YNR006W
YOR136W	YPL061W
YEL027W	YOR016C
YLL045C	YOL127W
YEL051W	YJR033C
YCR100C	YPL141C
YJL178C	YMR221C
YGL220W	YNL255C
YDR510W	YJR109C
YEL036C	YGL167C
YIL156W	YNL154C
YDL160C	YNL197C
YPL126W	YPL217C
YHR197W	YKL009W
YDR381W	YGL244W
YGR104C	YPL082C
YKL166C	YOR134W
YJR145C	YNL255C
YDR155C	YNL157W
YDR122W	YOL083W
YDR510W	YLR223C
YAL005C	YDR381W
YBR291C	YHR096C
YFL005W	YML086C
YBR017C	YOR176W
YGR165W	YJL063C
YLL039C	YLR446W
YDR364C	YPR101W
YGR167W	YNL255C
YFL054C	YJR059W
YBL002W	YPL082C
YJR099W	YLR167W
YKL129C	YLL039C
YCR073W-A	YJL164C
YNL027W	YOL100W
YOL054W	YPL018W
YHR165C	YPL016W
YHR096C	YPL265W
YLL039C	YMR208W
YBR079C	YDL005C
YDR365C	YOR061W
YGL106W	YMR173W
YDR510W	YOR187W
YBR155W	YJL164C
YER063W	YMR229C
YDR189W	YJL151C
YCR086W	YDR309C
YDR150W	YER151C
YAL005C	YLR187W
YDR045C	YDR448W
YER047C	YOR181W
YBR143C	YOR096W
YDR499W	YIL027C
YGL253W	YHR152W
YCL059C	YPR144C
YDL057W	YPL049C
YJL082W	YML086C
YNL116W	YPL110C
YDL222C	YLL028W
YBR202W	YDR052C
YOR141C	YPL141C
YJL052W	YJR093C
YPL018W	YPL174C
YBR069C	YDL100C
YHR066W	YPR143W
YGR063C	YPR187W
YGR138C	YIL105C
YIL053W	YIL095W
YDR100W	YOL018C
YDR155C	YLR074C
YHL001W	YOR063W
YFR031C-A	YHR197W
YNL117W	YOR351C
YOL133W	YPR164W
YER151C	YGR118W
YLL039C	YMR140W
YNL255C	YPR056W
YAL024C	YGR118W
YBL091C-A	YPL094C
YFR028C	YKL016C
YBL037W	YFR043C
YLR229C	YOL113W
YCL055W	YDR118W
YFL017W-A	YOR159C
YDR408C	YGL127C
YDL015C	YKL008C
YJL039C	YJR077C
YER031C	YKR030W
YIL138C	YNL079C
YBR036C	YOR016C
YER151C	YPL126W
YMR201C	YPR135W
YGL011C	YOR078W
YKL023W	YMR216C
YGR275W	YIR010W
YCR027C	YNL255C
YDL077C	YPL195W
YJL177W	YNL255C
YBR231C	YGR002C
YBR227C	YPL129W
YGR275W	YLR258W
YDR365C	YNL255C
YLR150W	YOR063W
YDR496C	YOR061W
YDR398W	YMR093W
YDR159W	YIL149C
YGL157W	YMR034C
YGL077C	YOR153W
YAR019C	YBR156C
YER055C	YNL255C
YBL007C	YHR114W
YHR027C	YMR314W
YAL024C	YEL046C
YDL015C	YPL087W
YGL011C	YOR157C
YNL027W	YOL001W
YOL120C	YOR204W
YGL003C	YMR001C
YJL092W	YPR164W
YDR496C	YPL198W
YDL195W	YML073C
YHR052W	YPL131W
YDR400W	YKL061W
YGL105W	YJL092W
YAL005C	YER103W
YLR450W	YOL113W
YLR049C	YPL161C
YGL253W	YHR027C
YDL126C	YDR028C
YNL119W	YOR251C
YBR136W	YDR097C
YER151C	YML074C
YFL039C	YMR109W
YAR019C	YDL220C
YBR196C	YMR186W
YDL212W	YML012W
YDR457W	YLR249W
YHR066W	YNL110C
YDL043C	YGL174W
YGR241C	YNL020C
YGR098C	YMR001C
YGL051W	YNL154C
YEL024W	YPL063W
YOL149W	YPL204W
YNL061W	YPL143W
YOR119C	YPR036W
YER164W	YGR270W
YGR056W	YMR047C
YLR452C	YML038C
YML063W	YOL127W
YDR324C	YPR144C
YJR121W	YNL315C
YAL005C	YIL016W
YLL039C	YPR055W
YER020W	YOR273C
YNL298W	YOL113W
YBL007C	YMR109W
YKL170W	YNL255C
YDR145W	YIR021W
YER173W	YIL139C
YLR074C	YLR325C
YCR031C	YDR382W
YER174C	YFR014C
YAL024C	YBL097W
YCL001W	YPL227C
YBR106W	YPR198W
YIL042C	YJL124C
YML016C	YOR273C
YER151C	YPL106C
YDL088C	YJL061W
YJL053W	YOR132W
YCL028W	YOL111C
YDR227W	YER151C
YEL063C	YOR254C
YML063W	YNL132W
YGR128C	YPL217C
YBR018C	YNL161W
YDL186W	YMR001C
YBR080C	YHR027C
YGL106W	YOR127W
YGR136W	YMR048W
YKL068W	YMR047C
YOL041C	YOR206W
YHR012W	YOR132W
YDL176W	YMR093W
YBL002W	YLR320W
YOL125W	YPL141C
YKL018W	YMR061W
YLR277C	YNL317W
YAL003W	YGL137W
YJL041W	YOL132W
YJR065C	YNR053C
YLL039C	YOR369C
YDR510W	YOL109W
YGL145W	YLL039C
YHR012W	YIR010W
YKR027W	YOR299W
YBR015C	YHR181W
YAL043C	YOR179C
YIL142W	YIR010W
YLL031C	YNL197C
YDR473C	YJL124C
YBL008W	YBR215W
YOR079C	YPR198W
YHR027C	YLR303W
YFR014C	YGR180C
YDR473C	YJL203W
YDR129C	YEL037C
YDL195W	YLR150W
YHR027C	YNL255C
YKR071C	YMR304W
YGL174W	YNR011C
YOR219C	YOR357C
YMR068W	YNL006W
YDL037C	YOL138C
YIL048W	YNL297C
YER125W	YLR291C
YNL154C	YOR362C
YER105C	YPL169C
YHR146W	YIR010W
YER031C	YNL255C
YNL255C	YPR148C
YBL002W	YPR010C
YGR145W	YNL255C
YBL017C	YOL129W
YLR186W	YPL012W
YOL096C	YOR125C
YIR038C	YML038C
YDR510W	YML023C
YDR306C	YOL133W
YIL008W	YLR109W
YIR007W	YMR186W
YLR175W	YPL012W
YMR146C	YOR204W
YDR258C	YLR187W
YJL187C	YOR254C
YGL120C	YLR175W
YER031C	YNL293W
YDR188W	YPL151C
YHR166C	YLR102C
YDR324C	YPL126W
YEL022W	YKL029C
YFR002W	YLL039C
YDR143C	YLL026W
YER001W	YJL014W
YBL056W	YNL250W
YEL018W	YFL039C
YBL027W	YLR075W
YGR129W	YLL036C
YBL017C	YNL006W
YDR309C	YML109W
YFL062W	YLL039C
YDR510W	YPL226W
YER022W	YML105C
YDR510W	YPR080W
YBR106W	YOL030W
YKL022C	YLR249W
YJL080C	YJL164C
YBR106W	YDL212W
YNL074C	YNL154C
YBR015C	YLR378C
YMR239C	YPL190C
YBL052C	YDR224C
YFL034W	YHR023W
YPL131W	YPR143W
YBR088C	YOL094C
YDR070C	YNL255C
YAR007C	YDR013W
YKR081C	YNL061W
YIL159W	YLR197W
YDR091C	YOR096W
YCR003W	YDR322W
YDL168W	YLR077W
YKR085C	YML025C
YGL120C	YNR053C
YEL043W	YGR218W
YNL154C	YOL104C
YHL001W	YLL045C
YDR481C	YHR181W
YBR130C	YIL095W
YDR388W	YOR362C
YKL166C	YKL171W
YDR100W	YLR393W
YDR127W	YER095W
YJR033C	YKL080W
YLL039C	YNL323W
YER164W	YNL030W
YDR303C	YGR056W
YGL025C	YGL151W
YBR108W	YDR388W
YDR322W	YJL041W
YBL002W	YGL241W
YDR394W	YGL048C
YJR059W	YKL013C
YGR274C	YMR005W
YDL051W	YER125W
YDR499W	YNL312W
YGR104C	YPR056W
YBR182C	YIL053W
YDL091C	YDL126C
YBR001C	YGL106W
YBR052C	YHR094C
YER164W	YNL004W
YIR010W	YMR072W
YDL160C	YDR378C
YLR019W	YMR205C
YJR123W	YOL127W
YLR262C	YPR028W
YIR010W	YJR121W
YDR159W	YGL112C
YDL031W	YOR063W
YGL200C	YLR150W
YIR010W	YNL102W
YBL084C	YPR018W
YLL028W	YMR215W
YAL024C	YDR300C
YDR013W	YOL146W
YJL146W	YLL039C
YOL082W	YPR049C
YHR123W	YPL227C
YNL255C	YNL325C
YDR508C	YNL197C
YCL011C	YJR145C
YHR133C	YOR181W
YBR154C	YNL151C
YNL255C	YPL198W
YGL167C	YKR039W
YNL061W	YOR063W
YJL177W	YLR075W
YMR032W	YOR191W
YER129W	YFR028C
YBR154C	YIR010W
YDR244W	YLR377C
YBR143C	YDR140W
YBR106W	YLL028W
YLR249W	YPR080W
YHR039C	YOR054C
YAL064C-A	YNL255C
YDR143C	YLR420W
YLL036C	YPR066W
YGR252W	YJR059W
YBR130C	YFL039C
YDL088C	YFR002W
YIR010W	YLR357W
YER032W	YNL161W
YER151C	YOL039W
YMR158W	YNL137C
YKL045W	YNL262W
YIR010W	YJR123W
YJL190C	YLL045C
YFL024C	YFL039C
YOR173W	YPL245W
YLL039C	YOR304W
YNL052W	YNL255C
YNR054C	YOR063W
YFL010C	YLL039C
YBR080C	YLR268W
YMR093W	YOR078W
YDR510W	YJL074C
YDR334W	YJL081C
YBL079W	YKL068W
YER047C	YMR117C
YHR120W	YLR163C
YGR145W	YPL217C
YDR378C	YOL149W
YBR273C	YJL048C
YGL180W	YJL084C
YCL054W	YNL154C
YDR489W	YFR043C
YBR108W	YNL154C
YFR028C	YOR058C
YGR268C	YOR042W
YDL002C	YJL081C
YGL105W	YJL164C
YDR510W	YGR211W
YFR037C	YNL030W
YFR014C	YIL010W
YJR002W	YNL255C
YAL011W	YDR334W
YGL158W	YOR193W
YER151C	YNL110C
YDL014W	YNL124W
YLR262C	YNL293W
YAR018C	YBL084C
YGL120C	YNL132W
YFR014C	YKL127W
YGR270W	YPL126W
YGR207C	YLR265C
YDR381W	YJL050W
YDR159W	YER105C
YHR052W	YOR063W
YKL079W	YLR309C
YOL135C	YPL042C
YMR229C	YPL131W
YLL039C	YLR172C
YBR126C	YIR032C
YGL030W	YMR194W
YHR166C	YLR451W
YKR081C	YNL110C
YDR265W	YNL329C
YGL099W	YKL009W
YDR171W	YMR304W
YLR129W	YLR186W
YDL007W	YDR394W
YKL141W	YLL039C
YJL214W	YPR198W
YLR055C	YMR227C
YBR133C	YDL154W
YLR079W	YOR061W
YDR334W	YHR129C
YEL027W	YOR270C
YGR092W	YMR184W
YEL015W	YJL164C
YMR215W	YPL076W
YBR215W	YNL206C
YNL149C	YNL255C
YLR229C	YOR127W
YBL079W	YLR429W
YJL025W	YML043C
YDL014W	YNL061W
YPL106C	YPR171W
YML069W	YPL082C
YLR360W	YPR079W
YEL022W	YGR231C
YIL126W	YPR052C
YBL105C	YHR070W
YGL253W	YNL206C
YGL120C	YML056C
YIR010W	YNL118C
YER009W	YMR059W
YGL241W	YLL050C
YDR388W	YJL084C
YGR092W	YNR047W
YBR142W	YDR496C
YNL255C	YOL039W
YLL039C	YMR256C
YDR510W	YGL026C
YBL075C	YMR123W
YKL164C	YNL197C
YLL039C	YPR108W
YDL008W	YNL255C
YNL255C	YPL098C
YDR087C	YPR143W
YGL048C	YPR108W
YFR037C	YKR001C
YHL001W	YKL180W
YHR014W	YMR001C
YLL039C	YOL059W
YBL087C	YER110C
YGL120C	YOR206W
YDL015C	YMR215W
YNL183C	YPL204W
YAL011W	YFL039C
YIL105C	YLL039C
YER131W	YLR435W
YKL089W	YOL091W
YGR136W	YOR197W
YDL043C	YLR275W
YHR188C	YLL028W
YGL158W	YJR094W-A
YLL039C	YPL256C
YDR309C	YJR076C
YMR125W	YPR086W
YAL055W	YDR265W
YFR031C-A	YJL190C
YBL007C	YNL161W
YKL124W	YLL039C
YGL056C	YOR153W
YLL039C	YLR133W
YBR135W	YPL256C
YFR028C	YPR183W
YJL053W	YJL187C
YDL120W	YER048W-A
YER172C	YMR125W
YMR041C	YOR351C
YJL164C	YPL232W
YBL002W	YHR197W
YBL026W	YGL173C
YDR188W	YMR028W
YDR510W	YPL028W
YLR291C	YML106W
YJL124C	YLR362W
YJL092W	YJL170C
YJL164C	YPR171W
YKL172W	YNL175C
YLL039C	YOL065C
YJL183W	YLL039C
YNL030W	YOR304W
YBL007C	YDL002C
YHR027C	YMR205C
YLL039C	YOR036W
YDR258C	YMR176W
YER030W	YNL255C
YDR424C	YJL041W
YDR382W	YDR496C
YLR429W	YPR171W
YGL094C	YKL025C
YBR108W	YMR032W
YLR326W	YML072C
YGR126W	YNL293W
YDR343C	YKL203C
YJR090C	YPL256C
YFR024C-A	YIL156W
YKL009W	YPL169C
YDL195W	YOR250C
YJR154W	YPL141C
YJL050W	YOR204W
YLR075W	YPL249C-A
YDR195W	YFR031C-A
YBR079C	YEL034W
YGR283C	YLR175W
YDL212W	YDR046C
YDR311W	YER171W
YBR088C	YLL039C
YIR010W	YOL006C
YIL064W	YPR080W
YNL132W	YPL126W
YER170W	YGL061C
YDR347W	YMR158W
YGL153W	YLR291C
YDL236W	YJR059W
YDR378C	YLL036C
YFR024C-A	YMR304W
YDL014W	YGL200C
YKL172W	YOR206W
YBL007C	YML097C
YIR038C	YPL053C
YER164W	YMR072W
YBR083W	YLL039C
YHR143W-A	YOR207C
YDR348C	YNL161W
YDR510W	YLR221C
YDL031W	YDR496C
YDR150W	YNL271C
YJR082C	YPL248C
YDR388W	YLR218C
YBR136W	YDR499W
YER032W	YGR178C
YMR186W	YOR181W
YCR031C	YJR002W
YPL059W	YPL106C
YGR218W	YJL041W
YBR285W	YGR092W
YDL014W	YER131W
YJR093C	YKL059C
YNL197C	YNL277W
YCR009C	YFL039C
YBL084C	YOR242C
YBR041W	YOR059C
YER022W	YGR252W
YIL156W	YKL129C
YBR091C	YHR005C-A
YBR036C	YMR215W
YHR085W	YKL009W
YCR010C	YEL063C
YCR005C	YKL085W
YLL039C	YOR063W
YBR208C	YLL039C
YCR011C	YLL039C
YDR381W	YML074C
YJR091C	YLR370C
YCR086W	YDR388W
YMR106C	YNL007C
YBL079W	YDR159W
YGR165W	YNL271C
YEL003W	YJL041W
YHL031C	YPL094C
YKL139W	YOL082W
YAL055W	YOL044W
YCR024C	YNL154C
YGL200C	YPR194C
YDL100C	YDR304C
YKL101W	YMR285C
YGL030W	YOL127W
YFL010C	YNL161W
YDR303C	YGR275W
YIL114C	YNL255C
YLR186W	YPL126W
YER036C	YIL095W
YAL059W	YNR053C
YHR052W	YOL038W
YLL029W	YOR138C
YGL079W	YLR408C
YDR155C	YKR029C
YFR028C	YIL159W
YER022W	YPL210C
YJR004C	YNL197C
YDL147W	YDR179C
YDL159W	YER151C
YER151C	YKL180W
YDL222C	YLR326W
YDL014W	YLR197W
YLR320W	YPL018W
YBR205W	YML115C
YJL128C	YKR055W
YBR298C	YDR284C
YBR164C	YNL255C
YGR092W	YKL126W
YJR057W	YNL255C
YDL132W	YJR090C
YDR069C	YOR177C
YGR167W	YGR241C
YMR229C	YOR206W
YFL049W	YHL025W
YER151C	YMR260C
YDL188C	YMR214W
YDL195W	YHR027C
YBR166C	YLL039C
YKL012W	YMR125W
YER032W	YER114C
YAL043C	YPL008W
YJR145C	YML063W
YAL038W	YFR049W
YFR033C	YNL197C
YGL035C	YOL041C
YGL192W	YOR125C
YDL100C	YOL018C
YFL039C	YNL243W
YDR373W	YER177W
YDL100C	YER017C
YFL037W	YGR252W
YJL164C	YLR363C
YKL101W	YOR335C
YJR082C	YOL113W
YKR103W	YNL274C
YBL084C	YDR113C
YKL127W	YLL039C
YHL004W	YNR036C
YBL030C	YHR133C
YBR036C	YLL039C
YFR001W	YKL185W
YIR010W	YOR340C
YDR145W	YNL216W
YDR130C	YDR510W
YML073C	YOR096W
YIL065C	YLR292C
YGR002C	YJR082C
YJL098W	YLR274W
YJR076C	YML109W
YER151C	YPL198W
YGL179C	YNL027W
YDL082W	YJL177W
YJL146W	YJR059W
YFL016C	YOR181W
YNL255C	YPR180W
YDR045C	YKR025W
YMR239C	YNL138W
YHR154W	YML023C
YLL039C	YOL126C
YDR394W	YEL034W
YNL255C	YOR361C
YGR167W	YHR161C
YOR157C	YPL144W
YKR029C	YOL068C
YBL007C	YPR102C
YAL053W	YGL077C
YLR430W	YPR080W
YBR138C	YOR231W
YJL036W	YPR105C
YDL007W	YNL255C
YGR186W	YPR187W
YDL070W	YMR227C
YHL004W	YNR022C
YJR110W	YLR071C
YKR097W	YNL079C
YHR131C	YOR061W
YDL213C	YPL117C
YLL039C	YNR053C
YBL079W	YDR381W
YCL059C	YDR299W
YBL087C	YCL059C
YHL001W	YHR027C
YFR014C	YMR140W
YIL177C	YNL255C
YBR173C	YGL048C
YIL138C	YNL255C
YNL110C	YPL131W
YOL044W	YOL147C
YLL021W	YOR181W
YLR197W	YPR143W
YFR050C	YOR157C
YDR188W	YIR010W
YBL084C	YGL116W
YHR152W	YNL172W
YHR165C	YJL124C
YGL037C	YGR092W
YER114C	YPL049C
YNL030W	YNL206C
YGL254W	YNL197C
YDL100C	YHR057C
YBL105C	YPR154W
YJL124C	YOR204W
YDR139C	YLR128W
YBR247C	YML024W
YMR041C	YOL045W
YPR056W	YPR086W
YKL045W	YNR052C
YFL039C	YJR065C
YLR071C	YPR086W
YJR077C	YML016C
YIR010W	YPR010C
YLR325C	YNR053C
YDR030C	YDR212W
YLR058C	YOR081C
YBR123C	YGR047C
YBR106W	YML012W
YER032W	YJL092W
YDL101C	YDL200C
YKL180W	YNL330C
YHR165C	YMR125W
YKR014C	YLR148W
YDR381W	YER110C
YAL043C	YLR303W
YHL004W	YMR188C
YGR266W	YOR153W
YFR037C	YIR010W
YGR211W	YOR009W
YKL023W	YOR294W
YPL259C	YPR159W
YOL082W	YOR351C
YBR247C	YDR346C
YGR092W	YOR362C
YER177W	YOL013C
YJR049C	YOR009W
YLR129W	YPL012W
YGR158C	YOR076C
YDR523C	YOR261C
YBL087C	YFR001W
YGL008C	YKR039W
YNL020C	YNL243W
YBR221C	YLR345W
YIL105C	YMR068W
YER067W	YNL161W
YDL213C	YHR052W
YGL244W	YML069W
YGR060W	YHR123W
YKR081C	YOR005C
YER151C	YOR063W
YNL098C	YNL255C
YLR206W	YOL111C
YKL013C	YNL138W
YDR510W	YGR135W
YDR267C	YOR261C
YER151C	YOR078W
YHL001W	YPL249C-A
YLR079W	YPL256C
YJL081C	YOR189W
YCR059C	YNL004W
YJR090C	YLL050C
YHL001W	YLR075W
YKL101W	YMR229C
YMR031C	YOR181W
YGL158W	YMR223W
YOR207C	YPR187W
YER164W	YLR175W
YDL043C	YNR053C
YER125W	YLL039C
YKL213C	YLL039C
YDR130C	YER131W
YDL005C	YPL129W
YBL026W	YER172C
YDR311W	YGR258C
YCL059C	YOR078W
YKR065C	YPL063W
YBR036C	YPL076W
YGR167W	YOR181W
YJR093C	YML030W
YBL069W	YDR100W
YLL045C	YNR024W
YGL106W	YLR203C
YAL021C	YER068W
YNL116W	YNL154C
YHR052W	YNL182C
YCR082W	YLR315W
YLL049W	YNL255C
YER151C	YJR145C
YFR024C-A	YJL151C
YDR276C	YLL061W
YBR135W	YJL187C
YEL018W	YOR128C
YBR017C	YNL255C
YFL018C	YIL125W
YGR038W	YKL212W
YHR027C	YMR001C
YKL212W	YLR150W
YAL032C	YLR423C
YMR091C	YNL255C
YNL061W	YOR294W
YOR078W	YPL217C
YMR153W	YPL020C
YDR045C	YOL021C
YEL034W	YPL144W
YJR121W	YMR186W
YGL035C	YGL179C
YCR031C	YNL308C
YNL255C	YPL217C
YLR167W	YOL117W
YJR109C	YLR291C
YER095W	YPL204W
YLL023C	YLL039C
YDR139C	YPR066W
YFR028C	YMR055C
YJL164C	YPL203W
YJR132W	YLL039C
YDL147W	YGL200C
YKL180W	YNL301C
YDR179C	YOL117W
YKL010C	YPR080W
YBL061C	YPR080W
YJR002W	YKL035W
YDR188W	YNL255C
YAL005C	YMR091C
YAL043C	YGL044C
YDR364C	YNR011C
YOR061W	YOR254C
YAL043C	YNL298W
YLR175W	YML051W
YBR091C	YNL255C
YDR381W	YMR125W
YDR334W	YGR002C
YDR414C	YLL023C
YGL180W	YLR410W
YBR127C	YER036C
YJL187C	YPL236C
YDL213C	YDR091C
YDR259C	YLR423C
YDR101C	YNL227C
YIR010W	YPR133C
YJL010C	YLR051C
YCL040W	YER125W
YEL005C	YGL079W
YGL179C	YKL042W
YDL015C	YIR038C
YFR003C	YGR252W
YKR018C	YLL039C
YHR027C	YPL160W
YBR106W	YNL275W
YLR457C	YPL018W
YER151C	YGL120C
YCR030C	YLR206W
YDL060W	YJR145C
YDR101C	YPL169C
YHR027C	YIL109C
YIR010W	YPL226W
YCL011C	YNL004W
YAL011W	YDR510W
YBR095C	YDR510W
YDL132W	YLR267W
YGR063C	YNL255C
YDR398W	YOR259C
YMR289W	YOL083W
YHL004W	YJL130C
YDL081C	YDR382W
YCL059C	YLR222C
YDR159W	YER063W
YMR186W	YNL124W
YLR423C	YLR439W
YDR159W	YLR277C
YIR010W	YOR063W
YDL223C	YIL095W
YDR510W	YJR016C
YDR101C	YJL010C
YKR021W	YNL197C
YKR055W	YNL127W
YKL190W	YMR211W
YDR303C	YKR001C
YBR088C	YOR144C
YBR015C	YML012W
YDR087C	YNL255C
YDL051W	YLR074C
YNL255C	YOR189W
YER141W	YLL039C
YHR052W	YPL143W
YFR037C	YIL126W
YGL120C	YLR074C
YLR421C	YOR261C
YIL027C	YML012W
YLR022C	YLR150W
YIL139C	YKL101W
YJL187C	YMR205C
YFR050C	YNL253W
YGL156W	YGL215W
YER099C	YKL181W
YHL009C	YOR153W
YJR042W	YKL068W
YGL005C	YKL159C
YBR196C	YDR164C
YKL019W	YKL159C
YJR145C	YOR063W
YDL200C	YKL073W
YIL125W	YJL050W
YKL099C	YNL298W
YMR140W	YPL203W
YDR510W	YLR055C
YDL051W	YNL262W
YNL175C	YPL131W
YDL126C	YOR197W
YKL134C	YNL021W
YBL045C	YMR036C
YBR143C	YDR510W
YER151C	YMR205C
YHR052W	YLL045C
YBR106W	YOL132W
YDR091C	YOR063W
YML020W	YNL197C
YAL021C	YCL028W
YEL018W	YJR082C
YDR324C	YGL011C
YDL051W	YDR365C
YGL244W	YNL255C
YFL009W	YLL039C
YCR086W	YDR082W
YDR381W	YML112W
YBR166C	YLR291C
YJR066W	YLR377C
YGL099W	YLR075W
YER036C	YJR145C
YDR496C	YOR063W
YBR247C	YNL132W
YAL029C	YML056C
YLL001W	YLL039C
YCR086W	YLR086W
YEL051W	YJL153C
YLR071C	YNR010W
YER151C	YIR010W
YDR159W	YJL197W
YJR093C	YLR221C
YDR448W	YHL004W
YDL190C	YGR048W
YGL212W	YGR223C
YBR106W	YDR414C
YGR230W	YJL092W
YER001W	YLL039C
YEL012W	YLR291C
YJL140W	YJL164C
YLL028W	YLR326W
YMR188C	YNR037C
YDR013W	YPR135W
YGR227W	YHR114W
YNL094W	YOR181W
YDR498C	YGL098W
YDL043C	YDR381W
YAL005C	YML088W
YDL043C	YPR121W
YKL146W	YMR216C
YKL203C	YOR181W
YDR414C	YJL193W
YDR510W	YNL078W
YEL037C	YLR429W
YMR206W	YNL255C
YJR092W	YPL242C
YKR044W	YNL197C
YFR014C	YNL255C
YDR068W	YDR100W
YNL048W	YPR028W
YBL007C	YGL035C
YOR294W	YPR115W
YDL189W	YOL138C
YKL074C	YPL016W
YDR490C	YML074C
YDL111C	YHR069C
YGL212W	YOR089C
YGR155W	YIL109C
YER125W	YOR322C
YDR334W	YOL090W
YER126C	YGL111W
YLR024C	YMR125W
YNL222W	YPR086W
YDR155C	YER151C
YFL037W	YGL238W
YJL187C	YKR094C
YBL093C	YLR150W
YGR167W	YNL243W
YBR183W	YDL212W
YER127W	YNR054C
YLR227C	YNL225C
YCR083W	YNL255C
YBR211C	YGL060W
YGR266W	YOR181W
YLR423C	YPL268W
YHR027C	YML073C
YJR106W	YOR153W
YJL187C	YLL043W
YGL120C	YJL176C
YAL043C	YDL199C
YAL007C	YDR087C
YDL101C	YKL095W
YER129W	YGL115W
YFR024C-A	YKR030W
YNL034W	YNL154C
YAL024C	YLR058C
YGL179C	YNL094W
YDL132W	YOL133W
YHL004W	YOL113W
YDL160C	YGR178C
YFR028C	YMR176W
YKL059C	YNL317W
YER125W	YKR092C
YGR180C	YHR027C
YIR038C	YML086C
YGR120C	YIL144W
YGL056C	YHR094C
YBR041W	YML008C
YDR388W	YML109W
YCR086W	YOR264W
YGR255C	YNL330C
YLR450W	YPL139C
YDR159W	YDR448W
YER110C	YIL026C
YHR027C	YOR361C
YNL132W	YPR106W
YHL009C	YKL101W
YDL147W	YOL038W
YFR014C	YKR092C
YHR179W	YLR186W
YKR014C	YOR370C
YGL030W	YLR075W
YDR496C	YLL039C
YGL173C	YNL175C
YER129W	YOR061W
YEL034W	YNL244C
YGL187C	YNL052W
YBL084C	YDR311W
YFR037C	YGR275W
YDR124W	YDR347W
YNL255C	YNL323W
YNL255C	YNL330C
YBR177C	YHR027C
YJR010C-A	YOR193W
YDR516C	YPL150W
YGL044C	YGR218W
YBL084C	YGL003C
YAL062W	YLR267W
YBR127C	YLL039C
YDR510W	YHL021C
YML016C	YOR181W
YDR118W	YGL254W
YGR060W	YLL028W
YDR510W	YNL021W
YAL029C	YLR304C
YCR031C	YJR123W
YAL026C	YPR029C
YGL180W	YOR054C
YBR205W	YLR378C
YHR114W	YNL094W
YDR497C	YLL028W
YDL213C	YOR096W
YDR448W	YPL248C
YDL082W	YNL110C
YDR524C	YNL197C
YLR430W	YMR239C
YJL092W	YLR223C
YIL033C	YPL203W
YIR034C	YOR138C
YJL130C	YLL039C
YDR052C	YIR010W
YAL005C	YDL058W
YKL018W	YNL222W
YCL059C	YMR229C
YDR513W	YNL255C
YKR081C	YLR074C
YDR276C	YKL212W
YDR388W	YGL026C
YGR056W	YGR275W
YIR010W	YLR153C
YDR508C	YLL039C
YDR382W	YPL131W
YMR216C	YNL255C
YAL053W	YOL105C
YLR223C	YMR005W
YDR113C	YOR249C
YDR381W	YIL149C
YGL106W	YKL124W
YBL039C	YGR252W
YLL039C	YOL082W
YHR167W	YLR423C
YGL180W	YPR143W
YJR062C	YLL026W
YDR159W	YOL072W
YLR150W	YNL317W
YIR010W	YLR222C
YLR442C	YNL030W
YLR377C	YPL180W
YAL005C	YDR460W
YDR516C	YNL032W
YOL127W	YPL198W
YBL030C	YLR268W
YHR094C	YKL051W
YJL083W	YJR066W
YDR382W	YGL030W
YLR175W	YLR197W
YCL059C	YPL126W
YEL034W	YFR031C-A
YBR202W	YEL032W
YNL182C	YPL190C
YGL017W	YLR187W
YIL095W	YNR006W
YEL041W	YJR049C
YML063W	YOR063W
YBR246W	YDR520C
YDR251W	YIR010W
YMR125W	YPR057W
YLL045C	YOR063W
YNR046W	YOL113W
YBR156C	YDL239C
YDR179C	YLR259C
YFR001W	YGL237C
YGL002W	YML012W
YDR347W	YER050C
YDL007W	YDR510W
YEL030W	YIL095W
YDL209C	YGL120C
YJR066W	YLR116W
YFR043C	YPR029C
YIR010W	YML063W
YBR041W	YLL039C
YCR031C	YLL045C
YDR036C	YHL004W
YKR039W	YLL039C
YBR191W	YLL039C
YDR382W	YNL118C
YEL061C	YLL039C
YFL034W	YGL180W
YDR227W	YNL186W
YAL005C	YLL036C
YGL053W	YOR059C
YBL007C	YGR268C
YIL108W	YPR154W
YGR185C	YHR027C
YBL040C	YJR010C-A
YJL177W	YKL180W
YFL023W	YIR006C
YNL255C	YPL146C
YBR191W	YOL127W
YLL036C	YNL007C
YAL029C	YJL014W
YBR275C	YKL005C
YDR510W	YIL126W
YER125W	YOR138C
YAR003W	YBR258C
YDR052C	YEL032W
YDR388W	YER125W
YLL039C	YLR352W
YER177W	YPL110C
YLL039C	YNL243W
YBR067C	YER151C
YDR388W	YFL018C
YML016C	YML106W
YCR073W-A	YOL113W
YIR010W	YPL106C
YHR027C	YJR065C
YDR171W	YNL007C
YKL125W	YNL102W
YBL087C	YIR010W
YFL039C	YGR002C
YFR049W	YNL255C
YLL039C	YPR079W
YAL005C	YPL012W
YLR074C	YNR053C
YAL043C	YHL001W
YMR299C	YNL183C
YDR277C	YDR456W
YML069W	YOR061W
YBR249C	YPL150W
YDR458C	YNL154C
YNL255C	YOR374W
YLR016C	YNR011C
YGL153W	YIR034C
YNL244C	YPL144W
YDR113C	YFR014C
YGR123C	YMR186W
YBR069C	YLR044C
YDL181W	YNL154C
YIR010W	YKL180W
YGR145W	YNL132W
YEL030W	YNL250W
YGL154C	YOR128C
YER151C	YGL123W
YKL135C	YLL039C
YNL061W	YOL041C
YDR510W	YOR207C
YMR125W	YPL082C
YJR066W	YPL180W
YKL089W	YLR320W
YER164W	YGR252W
YKL129C	YOR184W
YHR114W	YOL018C
YNL255C	YNR022C
YGL105W	YGL180W
YDR510W	YKL185W
YDL043C	YGR129W
YBL087C	YJR010C-A
YGR104C	YOL135C
YHR027C	YKL212W
YML073C	YPL143W
YDL213C	YGR150C
YFR014C	YOR101W
YDR224C	YER110C
YFL010C	YHR205W
YNL154C	YOR141C
YLR144C	YPR154W
YDR510W	YLR357W
YER065C	YLL039C
YGL212W	YLR148W
YBR017C	YDR071C
YBL007C	YLL039C
YCR031C	YLL036C
YER095W	YPR011C
YDR394W	YKL073W
YMR001C	YPL150W
YBR126C	YMR106C
YFR028C	YOR119C
YAL005C	YKL073W
YDL111C	YGL120C
YHL046C	YOR355W
YIL105C	YPL059W
YGR060W	YLR378C
YJL164C	YLL028W
YDL060W	YJR123W
YDR238C	YLR268W
YIR010W	YJR066W
YML073C	YOR063W
YLL039C	YMR088C
YML069W	YOL013C
YKL166C	YOR187W
YNL110C	YPL249C-A
YBL105C	YCR030C
YDR036C	YLR074C
YJL164C	YNL027W
YGR149W	YLL039C
YFR008W	YMR052W
YER095W	YMR186W
YDR496C	YLR074C
YBR106W	YDR456W
YHR156C	YJR010W
YJR066W	YPR149W
YIL062C	YOR181W
YHR016C	YJR083C
YDR195W	YER032W
YAL024C	YLR259C
YPR020W	YPR194C
YNR010W	YPL042C
YNL230C	YOR017W
YML101C	YNL255C
YDL077C	YGL212W
YGR092W	YNR046W
YGL094C	YGR178C
YGL134W	YPR115W
YAR007C	YKR001C
YDR122W	YJL164C
YML069W	YNL102W
YLR421C	YOR259C
YDR118W	YDR260C
YOR153W	YPL265W
YBR107C	YIL105C
YJR050W	YLL036C
YLL023C	YOL030W
YLL049W	YPL174C
YGL253W	YGR218W
YGL120C	YPR101W
YAL032C	YLR024C
YDR052C	YDR388W
YAL007C	YMR214W
YDL101C	YMR031C
YER110C	YJR123W
YLR074C	YNL175C
YGL116W	YGR092W
YDR299W	YOR096W
YMR032W	YNL078W
YKL013C	YMR109W
YDL197C	YDR510W
YJL050W	YOR294W
YBL014C	YNL154C
YER127W	YLR423C
YDR106W	YMR294W
YNL255C	YOR209C
YDR296W	YPL248C
YBL039C	YOR261C
YHR152W	YNL138W
YLR442C	YNL216W
YOR204W	YOR361C
YNL154C	YOR181W
YDR169C	YMR186W
YDL014W	YOR340C
YFL017W-A	YKR034W
YJL050W	YNL110C
YIR023W	YNL314W
YER151C	YKL029C
YDR381W	YLR429W
YGL120C	YOR096W
YNL255C	YOL111C
YDR260C	YML023C
YBR097W	YLR360W
YCL008C	YPL084W
YDR087C	YLR371W
YGR027C	YOL127W
YDR448W	YLR055C
YNL132W	YOR063W
YNL186W	YOR061W
YDL101C	YDR158W
YHR165C	YOR159C
YDR311W	YMR201C
YPL203W	YPR133C
YBR142W	YLL039C
YKR094C	YOL117W
YIR010W	YOL127W
YMR194W	YNL255C
YER166W	YIL068C
YER125W	YKR021W
YAR019C	YKL166C
YBR286W	YDR510W
YML072C	YNL271C
YGL017W	YJL098W
YKL204W	YNL161W
YLL039C	YMR266W
YJR088C	YLL039C
YKL213C	YPR010C
YDR408C	YER151C
YMR194W	YNL301C
YGR260W	YOR016C
YGR077C	YKL197C
YBR123C	YPL007C
YGL112C	YGL158W
YIL004C	YLR268W
YCL028W	YLR291C
YDL208W	YNL255C
YFR001W	YGL111W
YOR063W	YPL259C
YDR247W	YFR028C
YJL187C	YOR340C
YLL039C	YNL098C
YFR015C	YGL081W
YML063W	YPL198W
YIL022W	YLR369W
YGL011C	YLR249W
YDR113C	YNL172W
YNL255C	YPR188C
YOR096W	YPL126W
YNR024W	YOL142W
YGL112C	YMR061W
YAL009W	YNL255C
YEL034W	YPL111W
YFR031C-A	YGR204W
YIL048W	YJL124C
YKL178C	YOL113W
YFL037W	YGL016W
YDL216C	YDR179C
YBL078C	YNL223W
YNL051W	YPR105C
YGL098W	YLR378C
YLL043W	YNL154C
YBR154C	YPR052C
YOL038W	YPL144W
YHR152W	YLR016C
YGL229C	YMR181C
YDL190C	YPL236C
YEL022W	YER110C
YBR106W	YKL146W
YMR022W	YMR264W
YER125W	YMR022W
YIR010W	YPL237W
YIR010W	YLR315W
YKL194C	YPL203W
YDL209C	YHR165C
YNL301C	YOR204W
YKL209C	YLL039C
YCL054W	YKL172W
YGL030W	YKL180W
YFR008W	YKR025W
YDR127W	YER151C
YAL029C	YDR448W
YBR183W	YIL016W
YDR343C	YER171W
YDR162C	YOL113W
YMR028W	YNL255C
YGR047C	YOR250C
YDR300C	YNL265C
YJR066W	YMR215W
YDR510W	YOR270C
YBL002W	YDR439W
YDR277C	YHR114W
YAL032C	YJR050W
YJR123W	YNL124W
YGR218W	YJR066W
YOL135C	YPL129W
YHR112C	YLR291C
YLL039C	YPL030W
YDR388W	YGL201C
YAL005C	YNL197C
YNL113W	YOR224C
YDL209C	YOL113W
YAR007C	YDR052C
YER151C	YKR094C
YDR424C	YJL061W
YBR177C	YML016C
YER088C	YER151C
YJL074C	YOR063W
YER022W	YJL140W
YHR131C	YNL255C
YDR143C	YGL221C
YJR145C	YLL045C
YNL255C	YPL190C
YER022W	YGR186W
YDL085W	YPR054W
YCR031C	YML063W
YBR098W	YFR024C-A
YNL231C	YNL255C
YDL248W	YFL004W
YJL082W	YLL039C
YDL060W	YOR096W
YBR135W	YOR362C
YBR214W	YJL124C
YIR010W	YNR053C
YML109W	YNL271C
YDR164C	YGL233W
YER125W	YNL243W
YDL014W	YGL173C
YER036C	YJL138C
YLR150W	YNR053C
YOR261C	YPR108W
YCR024C	YNL243W
YNL075W	YPL126W
YBR196C	YHR152W
YJR145C	YPL082C
YGL030W	YJL080C
YFL018C	YHR114W
YKL203C	YLL039C
YDR188W	YLR335W
YNL265C	YOR260W
YAL029C	YDR101C
YDL007W	YPL248C
YDL126C	YOL013C
YGL179C	YPR115W
YDL069C	YKL164C
YDL223C	YMR001C
YDL123W	YEL051W
YGR092W	YKL146W
YKL180W	YPR143W
YEL012W	YJL187C
YKL073W	YNL154C
YOL013C	YPL160W
YJL138C	YNL250W
YDR188W	YJL042W
YCR083W	YDR448W
YLR371W	YNL127W
YJL122W	YKL009W
YER043C	YJR090C
YNL053W	YNL197C
YGL120C	YOR252W
YGR244C	YLL039C
YJL130C	YLR106C
YGL116W	YJL013C
YKR028W	YNL106C
YDR309C	YJL164C
YBR175W	YHR027C
YBR107C	YDR489W
YGR065C	YKL051W
YBL079W	YGL106W
YLR175W	YNL262W
YKL218C	YNL255C
YHR166C	YKL022C
YJL041W	YPL204W
YFL039C	YHR023W
YJL222W	YOR085W
YGR063C	YML069W
YDR167W	YMR227C
YBR126C	YNL076W
YER125W	YGR268C
YIL048W	YLR241W
YLR075W	YOL120C
YDL100C	YDR513W
YGL056C	YNL197C
YCR009C	YOR181W
YDR036C	YMR188C
YDR510W	YNL134C
YGR158C	YLR345W
YLR258W	YLR273C
YHR052W	YKL009W
YKR014C	YMR258C
YAR033W	YLL028W
YGL134W	YLR258W
YDL147W	YER007W
YDR496C	YKL009W
YBR271W	YNL255C
YJL027C	YNL255C
YBL022C	YOR136W
YBR034C	YGR165W
YML024W	YNL255C
YLR375W	YNL197C
YDR523C	YEL051W
YBR106W	YEL002C
YER099C	YOL061W
YNL004W	YNL298W
YLR291C	YOR042W
YJR097W	YPL141C
YER036C	YNL020C
YDR158W	YJL164C
YDR069C	YOR204W
YDR212W	YNR052C
YEL063C	YFL041W
YER151C	YML072C
YKR081C	YLL039C
YBR142W	YDL014W
YJL019W	YPR174C
YGL099W	YPL169C
YBL002W	YNL262W
YDL031W	YNL061W
YER151C	YOL061W
YDR510W	YKL043W
YER019C-A	YML055W
YGR031W	YNL255C
YML012W	YNL255C
YNL197C	YPL049C
YDR516C	YGR092W
YLR291C	YPL088W
YDL220C	YDR155C
YLL039C	YPR149W
YGR126W	YLL039C
YAR008W	YMR059W
YBR028C	YJL164C
YDR510W	YNL301C
YGL030W	YIL125W
YMR017W	YMR183C
YER126C	YOR063W
YER036C	YLR175W
YBR123C	YLR423C
YLL039C	YLR075W
YGL120C	YPR010C
YJR082C	YNL298W
YER103W	YER110C
YCR073W-A	YLR028C
YDR382W	YJL190C
YGL105W	YGR171C
YIL046W	YLL039C
YKL010C	YMR022W
YKL139W	YNL027W
YHR175W	YPL246C
YHR205W	YJR097W
YER177W	YLR256W
YDR381W	YJL084C
YER103W	YGL130W
YKL010C	YLL028W
YLR199C	YMR186W
YHL031C	YLR268W
YEL051W	YOR270C
YER125W	YKR018C
YKR003W	YOR273C
YDL195W	YPR043W
YGL179C	YIL084C
YDR460W	YER171W
YFL010C	YKL139W
YDR087C	YGL111W
YDR129C	YKL085W
YER062C	YHR027C
YHL009C	YLR291C
YBL056W	YBR097W
YML073C	YPL249C-A
YFL039C	YIR010W
YFR015C	YLL039C
YAR018C	YOL083W
YHR136C	YJL198W
YGL180W	YKL121W
YKL142W	YLR287C
YDL014W	YDL060W
YER131W	YIR010W
YJL187C	YJR092W
YCR082W	YER022W
YLR430W	YPL190C
YAL007C	YDR086C
YMR304W	YOR204W
YDR381W	YOL041C
YMR072W	YOR136W
YBR155W	YGL180W
YHL025W	YKR001C
YDR016C	YIR010W
YLR197W	YPL012W
YJL203W	YKR090W
YER062C	YMR091C
YDR235W	YLR298C
YLR199C	YLR249W
YCL028W	YLR071C
YDR382W	YOL149W
YDL197C	YLR442C
YBR041W	YLR144C
YDL100C	YOL126C
YDL043C	YNL154C
YAL026C	YEL022W
YBR005W	YLL039C
YDR227W	YHR154W
YDR195W	YDR301W
YCR004C	YLL039C
YBL075C	YLR325C
YDL053C	YNL255C
YAL029C	YDR457W
YJL164C	YOR347C
YJR090C	YNL076W
YKL203C	YMR028W
YER036C	YOL039W
YDL060W	YPL146C
YCL061C	YLR103C
YLL039C	YOL122C
YKL180W	YPL143W
YKL142W	YMR243C
YNL255C	YOL093W
YOR181W	YPL150W
YBR108W	YJL164C
YNL255C	YNR029C
YER110C	YHR066W
YEL034W	YLL039C
YGR033C	YLR218C
YDR502C	YLL039C
YGR104C	YJL140W
YDR056C	YNL255C
YGR211W	YLL039C
YCR031C	YDL082W
YKR028W	YPL204W
YDL100C	YKL080W
YFL039C	YMR061W
YMR229C	YNL061W
YIL114C	YMR215W
YDL110C	YNL197C
YHR027C	YJR123W
YGL180W	YMR288W
YJL016W	YNL197C
YJL187C	YKL181W
YLR206W	YNL020C
YEL002C	YML115C
YAL038W	YKL029C
YER040W	YKL203C
YFL026W	YKL178C
YER151C	YLR249W
YGR092W	YOR276W
YDR265W	YKL197C
YCR009C	YDR388W
YER114C	YOR370C
YDR188W	YNL317W
YGL153W	YHR160C
YHR118C	YOL100W
YBL078C	YOL083W
YLL028W	YNL237W
YDR179C	YJR121W
YNL243W	YOR284W
YGL106W	YHR023W
YGR203W	YKL171W
YBR156C	YGL061C
YHR152W	YPL174C
YDR232W	YLL039C
YJL164C	YLR258W
YDR071C	YDR510W
YIL075C	YNL255C
YGL105W	YMR280C
YDR381W	YNL308C
YGR179C	YIR010W
YGL158W	YKL012W
YHR066W	YKL172W
YOL115W	YPL146C
YER171W	YGL048C
YFR030W	YOR361C
YGL111W	YLR449W
YOL107W	YPL020C
YKL080W	YMR059W
YKL185W	YMR229C
YJL080C	YLR075W
YDR078C	YJL092W
YJL058C	YNL006W
YER125W	YNL183C
YDR080W	YML001W
YBR017C	YDR224C
YFR024C-A	YGR227W
YDL190C	YFL044C
YBR177C	YGR092W
YJL176C	YPL129W
YDR388W	YKL018W
YGR185C	YMR158W
YBL075C	YER103W
YDR487C	YER151C
YPL082C	YPL254W
YLR197W	YNL061W
YIL149C	YKL042W
YOR259C	YOR270C
YFR031C-A	YOL127W
YLR055C	YPL254W
YFL062W	YIL016W
YHR102W	YMR186W
YNL154C	YPL217C
YGR268C	YPL049C
YHL001W	YML073C
YGR002C	YML041C
YDR097C	YJR144W
YDL126C	YJL177W
YDR036C	YNL137C
YDR073W	YPL248C
YER151C	YOL109W
YHR016C	YPL246C
YJR031C	YLL039C
YNL113W	YPL204W
YDR226W	YJL153C
YNL255C	YOL149W
YAL021C	YMR005W
YJL187C	YOR141C
YJL177W	YLL045C
YJL218W	YPL070W
YJL164C	YLR098C
YFL039C	YKL079W
YDL051W	YNL154C
YNL330C	YPL082C
YBL093C	YPL129W
YGL130W	YPL228W
YOR063W	YPL131W
YBL039C	YDR510W
YBR218C	YLL039C
YDR238C	YHR027C
YER172C	YLR275W
YDL098C	YNL147W
YGL030W	YKL067W
YCL054W	YGL111W
YDR028C	YHR052W
YFR031C-A	YIR010W
YAL007C	YGR060W
YGR136W	YLR144C
YNL255C	YNR062C
YGL179C	YMR081C
YDL015C	YLL039C
YER110C	YJL041W
YNL175C	YOR294W
YGR179C	YOR342C
YGR260W	YMR299C
YDR244W	YMR177W
YGL145W	YPR105C
YMR047C	YPL146C
YER125W	YLR167W
YGL241W	YLL039C
YBR218C	YGL062W
YCL028W	YGR142W
YLL039C	YNL239W
YDL031W	YKR081C
YHR161C	YPL232W
YLR462W	YNL255C
YHR167W	YMR125W
YDL126C	YNL271C
YJR132W	YNL323W
YJL164C	YKL206C
YLL039C	YMR196W
YDL200C	YKL010C
YMR080C	YOL149W
YFL039C	YHR179W
YLR262C	YNL255C
YJL014W	YMR194W
YLR229C	YNL298W
YER017C	YGR231C
YGR135W	YLR199C
YGL003C	YPL256C
YDR324C	YGR128C
YJL085W	YPR055W
YGL158W	YPL204W
YLR249W	YPL082C
YHR096C	YIR038C
YLR335W	YMR047C
YER125W	YGR136W
YHR092C	YLR292C
YER110C	YMR047C
YGL137W	YKL204W
YDL014W	YNL075W
YDL208W	YER151C
YBR083W	YDR224C
YBR179C	YLL039C
YFL023W	YMR260C
YGL123W	YKL009W
YGL180W	YPL190C
YLR197W	YNR054C
YER105C	YKL068W
YMR153W	YNL255C
YHR027C	YMR202W
YHR185C	YJR093C
YLR249W	YOR249C
YBR205W	YOL018C
YFR009W	YNL186W
YHR027C	YOR369C
YHR052W	YPL146C
YDR143C	YPL012W
YLR197W	YOR096W
YBR036C	YBR106W
YDR091C	YML063W
YBR247C	YOR096W
YJL177W	YNL301C
YBR270C	YLR423C
YBL097W	YDR510W
YDL002C	YNL059C
YHR152W	YMR181C
YCL059C	YGL030W
YCR086W	YPL018W
YGR056W	YNL030W
YJR066W	YLR108C
YCL028W	YGL215W
YDR238C	YOR197W
YDL077C	YOR089C
YER151C	YKL181W
YDR496C	YEL055C
YBL056W	YLL039C
YDR091C	YNL260C
YER020W	YIL105C
YLR064W	YMR123W
YGL158W	YHL025W
YDL082W	YJL190C
YDL195W	YNL197C
YEL034W	YGL025C
YIR010W	YPL249C-A
YJL198W	YJR059W
YDR381W	YNL175C
YDR162C	YOL070C
YDR036C	YDR347W
YDL160C	YLL036C
YDL054C	YGL051W
YJL187C	YKL051W
YNL061W	YPL131W
YML129C	YOR065W
YER151C	YPL028W
YIL142W	YKR036C
YDR382W	YNL301C
YDR039C	YNL197C
YFR009W	YKL029C
YGR109C	YLR079W
YGR218W	YJL074C
YHR085W	YHR197W
YDL212W	YIL027C
YDL014W	YDR299W
YDR397C	YNL255C
YGL145W	YLR268W
YCR024C	YJL124C
YJR059W	YOL130W
YEL024W	YML129C
YGL111W	YOR063W
YBL014C	YCR024C
YPL190C	YPR080W
YDR238C	YPL246C
YGR135W	YJL164C
YEL015W	YGR116W
YNL151C	YNL255C
YJL058C	YNL197C
YML012W	YOR259C
YLL039C	YLR203C
YCL035C	YNL255C
YDL160C	YER068W
YCR073W-A	YJR059W
YFR031C-A	YKL009W
YNL197C	YOR204W
YBL026W	YLR120C
YBR052C	YER145C
YNL255C	YPL157W
YHR114W	YLR024C
YLR362W	YMR186W
YLR258W	YPL204W
YKR092C	YMR093W
YBR229C	YDR188W
YFR033C	YPL141C
YER125W	YOR002W
YEL005C	YEL013W
YNL197C	YOR085W
YBR095C	YKL185W
YDL115C	YJL140W
YKL180W	YML073C
YBR247C	YER017C
YFR024C-A	YJR083C
YMR047C	YMR080C
YFL016C	YLR203C
YJL080C	YMR125W
YBR177C	YOL113W
YDR214W	YOL094C
YAL011W	YOR127W
YLL062C	YOR081C
YDR496C	YML073C
YLR277C	YMR061W
YML012W	YMR272C
YJL010C	YLR175W
YER126C	YOL120C
YBR248C	YLR401C
YJL164C	YNR013C
YAL005C	YBR155W
YDL220C	YDR247W
YBL026W	YJL140W
YML074C	YPL204W
YDR296W	YJL063C
YEL063C	YPL227C
YBL106C	YNL094W
YDR073W	YNR023W
YMR032W	YNL094W
YBR272C	YHR027C
YDR456W	YKR050W
YLL039C	YOR065W
YFL017W-A	YPL151C
YDR213W	YDR510W
YBR130C	YKL185W
YGR252W	YMR223W
YLR133W	YMR216C
YHR136C	YOL138C
YGR129W	YLR249W
YCR031C	YNL301C
YBR088C	YML056C
YAR007C	YER095W
YDR510W	YPL217C
YLL039C	YPL248C
YDL100C	YGR189C
YLL039C	YLR083C
YFR031C-A	YMR194W
YDR200C	YMR319C
YBR079C	YBR143C
YKL089W	YOR061W
YML025C	YNL185C
YHR083W	YNL255C
YHR114W	YOR355W
YDL222C	YDR497C
YGL123W	YGR275W
YBR218C	YNL079C
YER036C	YOR063W
YIR010W	YNL197C
YMR032W	YPL115C
YDL053C	YGL200C
YIR007W	YLL026W
YKL210W	YPL204W
YHR171W	YNR007C
YHR066W	YPL131W
YGR104C	YLL026W
YDR189W	YPL246C
YGL077C	YPL076W
YDR143C	YPL106C
YBL045C	YFR033C
YAR007C	YER110C
YOR036W	YPL151C
YBL078C	YDL126C
YGL167C	YLR075W
YER164W	YIR010W
YKR052C	YNL197C
YJR123W	YML063W
YER151C	YGL106W
YJR059W	YMR140W
YOL146W	YPR135W
YGR218W	YPR164W
YDR155C	YJR090C
YHR184W	YJR059W
YDR381W	YKL023W
YKL175W	YPR198W
YBR108W	YJR059W
YEL062W	YHL023C
YDR206W	YMR080C
YAL003W	YPR080W
YDR496C	YLR175W
YHR171W	YOR191W
YPL227C	YPR198W
YDR448W	YPL254W
YOL013C	YOR335C
YBR088C	YGR155W
YGL078C	YLR197W
YDR457W	YGL106W
YJL164C	YKR068C
YNL206C	YPR018W
YEL013W	YNL168C
YMR216C	YOR141C
YJL019W	YOR257W
YDR036C	YDR041W
YER113C	YLL039C
YNL098C	YPL076W
YFR024C-A	YMR216C
YDL014W	YKR092C
YDL186W	YLR452C
YJL048C	YLR423C
YML012W	YPL087W
YGL106W	YML011C
YER011W	YPL178W
YDR473C	YML049C
YEL023C	YLR249W
YAL024C	YLR084C
YJR091C	YLR392C
YJL164C	YOL070C
YDL208W	YLR175W
YAL012W	YOL013C
YLL050C	YLR074C
YMR069W	YNL241C
YDR159W	YIL095W
YKL144C	YNL151C
YLR044C	YOR260W
YJL010C	YMR093W
YDR100W	YOL129W
YFR014C	YLR451W
YLR197W	YPR144C
YER095W	YNL255C
YGL116W	YKL101W
YDR087C	YKL172W
YHR052W	YPL259C
YBR231C	YMR001C
YBR182C	YER125W
YDL212W	YIL109C
YCR087C-A	YDL060W
YHL001W	YNL255C
YKL009W	YLL045C
YER136W	YNL304W
YLL045C	YNL132W
YJL089W	YPL042C
YEL009C	YER040W
YIL159W	YNL271C
YMR048W	YNL255C
YHR052W	YLR075W
YNL154C	YOL091W
YDL120W	YPL135W
YER043C	YLR442C
YJL085W	YKR055W
YLL039C	YNL301C
YBR247C	YNL255C
YKL047W	YLL039C
YGR033C	YMR203W
YMR229C	YNL175C
YGL171W	YJR002W
YBR106W	YER039C
YBL002W	YOR207C
YAL007C	YNL130C
YKR031C	YNL118C
YML063W	YMR194W
YGR274C	YLR055C
YCR086W	YKL089W
YDR510W	YOR362C
YGR270W	YPR010C
YGL111W	YOL127W
YDR163W	YLL036C
YDL188C	YMR028W
YAL043C	YGR156W
YER096W	YHR114W
YBR205W	YHR114W
YBL097W	YLL021W
YLR439W	YNL185C
YGR027C	YJR123W
YIL005W	YLL039C
YBR106W	YML055W
YAL032C	YNR059W
YGL244W	YOR061W
YHR027C	YPR080W
YJR010C-A	YML008C
YGR012W	YML086C
YFL005W	YHR027C
YER127W	YJL036W
YHR052W	YLR325C
YLR083C	YMR177W
YLL039C	YLR019W
YDR510W	YML016C
YMR184W	YNL154C
YGR048W	YIL030C
YER126C	YNL061W
YDL043C	YFL017W-A
YJR059W	YPL079W
YGR112W	YML129C
YDR097C	YML032C
YDR510W	YFR006W
YKL204W	YOL017W
YJL123C	YNL136W
YDR101C	YLR106C
YGR027C	YHR027C
YJR082C	YNL136W
YGL116W	YKL085W
YFR028C	YLR019W
YDR456W	YPR079W
YGR041W	YJL138C
YGL123W	YNL124W
YMR314W	YPR135W
YBL061C	YNL154C
YGL005C	YNL051W
YFL037W	YGR218W
YJL138C	YKL095W
YKL184W	YOL113W
YGR254W	YLL039C
YLR175W	YNL110C
YKL166C	YOR266W
YER151C	YOR184W
YNL154C	YPL146C
YJL101C	YPR080W
YER139C	YFR014C
YFL062W	YMR221C
YAL038W	YML103C
YDL123W	YOL018C
YAL032C	YMR176W
YAR018C	YBL106C
YGL229C	YJL013C
YDR016C	YMR181C
YML106W	YPR052C
YDR382W	YOR096W
YGR218W	YNL196C
YBR176W	YPR080W
YDR101C	YER126C
YIR010W	YOR132W
YAL032C	YLR320W
YGR274C	YPR086W
YBL007C	YML109W
YAL005C	YMR099C
YDR280W	YGR158C
YNL186W	YOR206W
YLR449W	YML074C
YBR135W	YLR079W
YMR072W	YOR058C
YBL007C	YJR115W
YDR143C	YLR229C
YLL039C	YLR370C
YDR304C	YFR030W
YNL098C	YOR101W
YNL009W	YOL013C
YGR118W	YMR194W
YDL159W	YDR206W
YBR210W	YLL039C
YMR001C	YPR174C
YDL154W	YER173W
YLR378C	YML012W
YBR094W	YOL149W
YER136W	YFL005W
YOR078W	YPL126W
YBR156C	YDR016C
YDL014W	YDR439W
YDR028C	YGL115W
YBL030C	YGL167C
YGR048W	YIL144W
YLR258W	YLR291C
YLR197W	YNL110C
YMR033W	YPL082C
YDL043C	YJL146W
YDR510W	YLR150W
YBL079W	YDL088C
YBR106W	YLL023C
YDR330W	YLL039C
YKR071C	YPL141C
YAL005C	YKL012W
YLR449W	YNL255C
YJR059W	YPR074C
YNL061W	YOR005C
YJL140W	YPL203W
YMR047C	YOR051C
YJL084C	YNL154C
YDL139C	YHR154W
YDL106C	YML051W
YDR171W	YHR152W
YGR204W	YGR252W
YBR231C	YFL039C
YGL051W	YGR295C
YDR448W	YML041C
YLR449W	YNL110C
YLR452C	YLR457C
YDR108W	YKR068C
YDL031W	YFR001W
YDR006C	YER177W
YDR188W	YOR063W
YER180C	YPL049C
YFL039C	YNL157W
YBL093C	YKL129C
YML049C	YPR182W
YBR202W	YLR103C
YDR297W	YOL003C
YMR186W	YNL262W
YGR116W	YNL255C
YJL024C	YLL039C
YBR285W	YKL101W
YBL056W	YDR076W
YLL039C	YPR159W
YIR037W	YLL039C
YBR079C	YGR252W
YDL031W	YGL120C
YDL106C	YKR099W
YFR031C-A	YGL030W
YJR059W	YKL166C
YGL173C	YOR204W
YDR388W	YJL085W
YDL082W	YDR381W
YDR398W	YKR092C
YGR260W	YPL019C
YAL027W	YDR381W
YGL105W	YHR131C
YLR075W	YNR053C
YCL036W	YMR093W
YGR258C	YOL090W
YBR273C	YKL101W
YGR129W	YNR011C
YLL039C	YOL142W
YGR029W	YHR005C-A
YER145C	YKL051W
YKR025W	YNL255C
YLR456W	YNR053C
YDR365C	YIR010W
YFR028C	YGR056W
YEL037C	YLR079W
YDR296W	YLR439W
YNL197C	YNR052C
YDR118W	YPR018W
YHR165C	YKL012W
YGR112W	YLR203C
YDL160C	YJL138C
YBL007C	YIR006C
YDR510W	YOL059W
YGL051W	YIL109C
YIL095W	YLR251W
YJR132W	YMR186W
YDR456W	YIL030C
YMR256C	YPL117C
YDR069C	YPL084W
YGL105W	YNL154C
YDR381W	YOR204W
YJL187C	YML037C
YJR093C	YNL317W
YDR143C	YDR158W
YKL005C	YNL255C
YFR014C	YJL177W
YLL039C	YML088W
YGL120C	YJL010C
YEL048C	YPL143W
YJR051W	YOL142W
YGL137W	YMR146C
YGL180W	YKR092C
YBR083W	YER109C
YBR044C	YJR010C-A
YMR216C	YOR054C
YAL007C	YDR101C
YAL005C	YLR335W
YFR050C	YHR052W
YJR092W	YOL100W
YBR106W	YIL027C
YFL023W	YOR231W
YER151C	YOL038W
YLL039C	YPL117C
YBR088C	YNR052C
YBR085W	YOR181W
YAL038W	YBR221C
YDR212W	YKL095W
YDL209C	YJR050W
YLR129W	YNL186W
YGR065C	YLR413W
YER151C	YOL041C
YDR188W	YKL029C
YLR044C	YPL082C
YKL190W	YNL255C
YAL005C	YEL025C
YDR284C	YIR038C
YAL007C	YOL018C
YBR106W	YLL006W
YIR010W	YLR410W
YBR177C	YML086C
YCR009C	YEL037C
YJR004C	YPL141C
YER172C	YMR288W
YBR034C	YNL030W
YJL187C	YMR304W
YLR116W	YNL255C
YBR069C	YGL051W
YJR059W	YKL121W
YLR105C	YNL255C
YDR311W	YLR423C
YLR291C	YNR012W
YOL120C	YPL131W
YFR028C	YNL116W
YOL078W	YOR181W
YDL204W	YLL039C
YBR205W	YHR016C
YER075C	YMR229C
YJR101W	YMR158W
YGR270W	YOR207C
YDL054C	YLL039C
YDL014W	YHR039C
YDL173W	YNL154C
YNL330C	YPL059W
YDR448W	YMR314W
YBR052C	YPR138C
YDL209C	YER172C
YDR188W	YKL139W
YGL180W	YKL146W
YGR241C	YJR059W
YJL164C	YKL127W
YHR052W	YOR005C
YAL005C	YBL067C
YJR076C	YMR001C
YBL002W	YLR074C
YIR010W	YPL198W
YGR241C	YIL095W
YBR125C	YLL039C
YDR301W	YOR093C
YFR028C	YOR032C
YAL053W	YLL039C
YDL051W	YPL210C
YJR059W	YMR153W
YMR047C	YOL149W
YIR008C	YKL045W
YHR027C	YJL130C
YBR005W	YNL255C
YLR222C	YOR078W
YDR363W	YPR164W
YDL043C	YPL126W
YDR448W	YGL151W
YDR510W	YNR023W
YEL034W	YOL117W
YCL054W	YNL110C
YBR127C	YDL213C
YDL147W	YDR073W
YHR114W	YMR109W
YAL026C	YJL153C
YFR001W	YPR045C
YGR186W	YPL203W
YGL111W	YOR206W
YHR103W	YMR183C
YFR014C	YLL028W
YJL164C	YML037C
YDR130C	YLR150W
YGL060W	YHR016C
YEL015W	YJL124C
YDR510W	YPL131W
YKL013C	YLR370C
YKL033W	YNL020C
YAL005C	YNL136W
YIR010W	YNL106C
YBL087C	YER103W
YMR229C	YPR144C
YLR129W	YLR222C
YER177W	YGL003C
YBR143C	YGL106W
YDL082W	YFR031C-A
YGR145W	YNR054C
YGR096W	YOL090W
YIR008C	YNL102W
YER110C	YKL068W
YBL030C	YER151C
YDL160C	YPL160W
YKR021W	YOR119C
YDL160C	YMR080C
YDR164C	YPR055W
YGL120C	YJL050W
YDR322W	YNL185C
YAL005C	YPL167C
YJL138C	YOL090W
YBR052C	YDR497C
YDR100W	YIL027C
YLR116W	YNL210W
YJR145C	YNL004W
YIR010W	YPR052C
YLR190W	YMR117C
YFR033C	YGR092W
YFR024C-A	YML011C
YJL122W	YNL182C
YIL142W	YPL226W
YAL007C	YLR075W
YNL102W	YPR135W
YKL135C	YML051W
YHR131C	YKL171W
YLL039C	YPL194W
YDR324C	YMR093W
YDR510W	YMR091C
YGL071W	YJR060W
YLR423C	YML043C
YMR032W	YPL140C
YKL166C	YLR410W
YDR497C	YGL077C
YDL060W	YLR435W
YKL006W	YNL110C
YFR030W	YLR291C
YBR105C	YNL197C
YNL154C	YNR006W
YMR186W	YNR022C
YHR164C	YLR234W
YGR165W	YMR158W
YOR063W	YOR096W
YDR087C	YDR111C
YEL037C	YOR259C
YFL024C	YGL048C
YMR106C	YOR005C
YNL255C	YPR102C
YLR163C	YOL021C
YGL209W	YMR239C
YAL027W	YIL095W
YGR104C	YPR080W
YBR208C	YJL098W
YBR142W	YPL131W
YBL007C	YBR108W
YDR510W	YJL014W
YFL049W	YGL158W
YNR010W	YPR086W
YGR270W	YML074C
YGR138C	YHR096C
YAL005C	YPL028W
YMR106C	YOL078W
YBR052C	YIL105C
YOR213C	YPR018W
YBR298C	YDR276C
YDR101C	YPL131W
YDR388W	YOR136W
YKL210W	YMR059W
YKL166C	YNL117W
YAR007C	YDR224C
YBL030C	YNL255C
YDL060W	YMR093W
YLR396C	YML001W
YHR122W	YNL255C
YBR093C	YJL176C
YJL128C	YJR059W
YDR439W	YPL204W
YDR284C	YPL094C
YGL237C	YLR423C
YDL200C	YLR109W
YBR205W	YDR346C
YDR122W	YOL082W
YLR370C	YOR361C
YLR449W	YPR169W
YEL009C	YIL126W
YDR510W	YOR316C
YLR406C	YOL127W
YKL012W	YLL036C
YDR365C	YGR145W
YKL101W	YKL190W
YKL101W	YPL246C
YML073C	YOL120C
YLR150W	YPL249C-A
YHR114W	YIL156W
YCR083W	YCR086W
YNL298W	YOL039W
YLL050C	YOR181W
YBR015C	YLL039C
YOR257W	YPL180W
YDL088C	YMR153W
YOL111C	YPL174C
YBR069C	YHR114W
YDL139C	YPR154W
YLL039C	YML008C
YMR005W	YPL248C
YKL073W	YPL020C
YLL036C	YNR011C
YDL077C	YGL210W
YJL052W	YLL039C
YFL041W	YLL028W
YDL239C	YGL153W
YIL075C	YJL164C
YKR021W	YKR039W
YKL180W	YOL127W
YLR150W	YLR320W
YDL223C	YKL101W
YGR260W	YPL076W
YML063W	YML073C
YER114C	YIL144W
YLR451W	YNL118C
YFR028C	YKL150W
YHR197W	YNL061W
YDR224C	YML069W
YKL059C	YLR277C
YBL007C	YIL095W
YDR334W	YFL039C
YFR028C	YNL078W
YBR208C	YBR221C
YBR106W	YPL274W
YDL213C	YDR496C
YEL062W	YOL138C
YDR130C	YOL127W
YGR060W	YMR215W
YBR094W	YEL015W
YBR001C	YBR127C
YDR388W	YNL154C
YJR002W	YNL110C
YDR100W	YOR109W
YDR394W	YNL250W
YGR218W	YMR061W
YGL029W	YKL172W
YHR016C	YLR144C
YLL039C	YOL109W
YDL043C	YLL036C
YKL009W	YNL061W
YDR238C	YGL051W
YNR036C	YNR037C
YDR378C	YNL255C
YGR193C	YMR106C
YJL138C	YOL100W
YKR034W	YOL054W
YKL009W	YPL131W
YJL187C	YOR257W
YDR179C	YER090W
YBL007C	YGL238W
YDR167W	YPL129W
YGL180W	YNL227C
YBR143C	YLR429W
YLR425W	YPL256C
YDR162C	YPL038W
YDR235W	YLR275W
YDL053C	YPR106W
YLR268W	YNL279W
YER171W	YOL090W
YDR063W	YKL013C
YBL021C	YNL255C
YDL116W	YMR153W
YGL044C	YMR061W
YNL175C	YPL249C-A
YLR083C	YOR016C
YDL014W	YGR274C
YFR001W	YGL030W
YNL110C	YPL143W
YDR166C	YIL068C
YHR016C	YKR030W
YJR082C	YPR031W
YJL065C	YOR304W
YHR123W	YNL130C
YBL064C	YNL154C
YHR165C	YMR288W
YAL032C	YNR011C
YLL039C	YMR099C
YDL012C	YLL039C
YGR165W	YJR101W
YDR381W	YER174C
YHR083W	YMR060C
YGL127C	YLR423C
YER145C	YML072C
YMR080C	YPL204W
YIL004C	YLL039C
YDL082W	YOL120C
YDL014W	YLL039C
YGL060W	YOL133W
YCL011C	YGL173C
YBR173C	YDL147W
YDR028C	YJR090C
YOR204W	YPL204W
YDR145W	YMR005W
YJL128C	YLR362W
YBR106W	YGL167C
YJL164C	YJR049C
YKR067W	YPL227C
YIR039C	YOL113W
YOL018C	YOL132W
YJR148W	YLR259C
YLL039C	YLR129W
YDR303C	YLL026W
YER151C	YPL143W
YMR001C	YMR055C
YGR092W	YNL241C
YJL122W	YOR063W
YDL173W	YNL255C
YFR024C-A	YHR016C
YDR280W	YOL021C
YCL028W	YHR114W
YDL043C	YJL203W
YGL048C	YIL075C
YDR101C	YMR047C
YJR110W	YOR206W
YDR097C	YFR037C
YKL217W	YLL039C
YBL078C	YLR450W
YBR136W	YLR304C
YHR123W	YIR038C
YKL029C	YLR106C
YBR125C	YDR247W
YGR231C	YJL183W
YBR079C	YLR259C
YIL156W	YMR109W
YHL004W	YMR158W
YEL061C	YNR010W
YAR018C	YIL144W
YNL197C	YNL326C
YFR014C	YOR078W
YKL172W	YOR294W
YMR288W	YNR011C
YGR056W	YIL126W
YJR066W	YNL183C
YGL111W	YHR197W
YAL032C	YLR345W
YCL028W	YGL151W
YGL123W	YLL036C
YFL062W	YOR079C
YNL008C	YNL260C
YBR126C	YDR247W
YJR070C	YKL139W
YGR092W	YJR094W-A
YAL005C	YOR061W
YIL095W	YNL271C
YDR299W	YGR145W
YBR221C	YDR069C
YDL070W	YNL154C
YIL144W	YPL174C
YGL099W	YGL123W
YDL082W	YKL180W
YDR224C	YIR010W
YGL120C	YNL110C
YJL014W	YKL204W
YGR092W	YPL042C
YGR116W	YPR133C
YDR513W	YIR037W
YDR496C	YJR145C
YIR038C	YNL219C
YBL027W	YDR382W
YER047C	YJL092W
YNR053C	YOL127W
YGR120C	YLR262C
YDR381W	YNL253W
YBL037W	YBL105C
YDL213C	YNL255C
YIL084C	YKL171W
YGL242C	YKL129C
YLR079W	YOR209C
YOR157C	YOR362C
YFR001W	YNL255C
YML056C	YNL124W
YDL126C	YEL037C
YDR496C	YOL127W
YER151C	YFR009W
YDL212W	YML016C
YFR024C-A	YPL038W
YER050C	YJR101W
YDR122W	YGR249W
YDR143C	YLL039C
YDL116W	YER105C
YDR214W	YFL037W
YDR016C	YKR037C
YHR027C	YPL131W
YDL116W	YJL041W
YFR021W	YHR070W
YDR016C	YGL025C
YDR324C	YOR078W
YDR130C	YGL008C
YLL039C	YLR197W
YOR260W	YPL141C
YIL033C	YOR351C
YKL203C	YPL268W
YER002W	YNL255C
YHL004W	YJL063C
YDR381W	YMR239C
YMR033W	YPL016W
YBL039C	YJR109C
YLR315W	YPR105C
YGR275W	YPL129W
YNL130C	YPL246C
YBR175W	YBR258C
YLL039C	YMR028W
YEL037C	YJR065C
YBR205W	YHR181W
YDL213C	YNL132W
YLL028W	YLL039C
YHR039C	YLL039C
YKL121W	YPL203W
YGR138C	YML072C
YLL045C	YNL255C
YGR158C	YOL142W
YLR423C	YOR361C
YAL011W	YGR002C
YBR154C	YDL115C
YDL223C	YJL164C
YLR449W	YPL131W
YBR191W	YDR510W
YJL084C	YKR039W
YLR423C	YPL077C
YDL209C	YMR288W
YJL058C	YJL112W
YNL124W	YOL127W
YDR036C	YGL153W
YHR143W-A	YPR010C
YDL053C	YLR362W
YDR510W	YPL224C
YGL139W	YLL039C
YAL029C	YOR181W
YAL043C	YKL059C
YDR224C	YER151C
YKL018W	YNL317W
YBR106W	YDR046C
YER075C	YMR319C
YKL125W	YPL146C
YHR052W	YNL132W
YJR093C	YNL092W
YHR040W	YNL255C
YHR094C	YOR153W
YLR357W	YMR001C
YHL032C	YIL053W
YGL179C	YOR141C
YGR116W	YPL203W
YGR274C	YKR001C
YGL158W	YGR166W
YHR094C	YJL151C
YGR178C	YIR010W
YGR092W	YNR052C
YBR018C	YPR054W
YAL032C	YNL271C
YGR155W	YPL106C
YBL045C	YLR442C
YFR016C	YOR181W
YGL017W	YOR351C
YER020W	YMR029C
YBL027W	YOL127W
YDR129C	YLR429W
YFR028C	YNL271C
YHR154W	YLR442C
YBR263W	YIR010W
YAL005C	YDR324C
YGL120C	YOR063W
YJR066W	YNL076W
YDR457W	YMR186W
YHR027C	YPL028W
YBL075C	YEL037C
YBL075C	YER022W
YER095W	YMR233W
YOL003C	YPL094C
YDR091C	YPL198W
YDR247W	YDR439W
YGL137W	YIL004C
YMR109W	YNL206C
YLR410W	YMR072W
YFR014C	YGR249W
YBR106W	YJL059W
YKL018W	YPL008W
YLR019W	YOR061W
YDR260C	YOR249C
YLR291C	YOL083W
YER166W	YGL200C
YAL005C	YNL220W
YGR275W	YIL126W
YAR008W	YLR105C
YGL167C	YJL183W
YGL099W	YOR294W
YFL017W-A	YJL164C
YDR365C	YDR510W
YER036C	YNL161W
YBL007C	YKL074C
YJL164C	YKL146W
YER151C	YNL040W
YNL220W	YNL255C
YDR118W	YHR166C
YMR117C	YPR010C
YHR052W	YJL122W
YJL019W	YPL018W
YDR171W	YGL153W
YKL180W	YPL012W
YHR179W	YPL171C
YGR218W	YKL068W
YDR116C	YNL255C
YDR166C	YJL085W
YOR270C	YPR036W
YBL103C	YMR227C
YLL021W	YNL293W
YLR387C	YNL255C
YML071C	YPR105C
YHR027C	YPR163C
YDR388W	YLL039C
YNL061W	YPL249C-A
YML106W	YMR271C
YOR304W	YPL016W
YJL124C	YLR003C
YJR123W	YLL039C
YGL011C	YMR314W
YAL005C	YPR010C
YBR079C	YPR086W
YGR218W	YJL130C
YFR028C	YHR118C
YDR260C	YLR102C
YDR092W	YMR256C
YJR144W	YLL006W
YDR224C	YPL138C
YJL081C	YOR141C
YBR126C	YMR261C
YDR106W	YLL049W
YML012W	YNL130C
YMR093W	YPL126W
YLR204W	YNL255C
YFL026W	YIL068C
YER126C	YGL029W
YJR010C-A	YPL076W
YIR021W	YOL052C
YBL067C	YML105C
YDR405W	YER154W
YER022W	YOR224C
YOR206W	YOR294W
YAL027W	YDR388W
YGR138C	YKL051W
YGL112C	YIR010W
YDL014W	YMR239C
YJR145C	YMR093W
YKL172W	YLL045C
YLL028W	YPR138C
YGR218W	YMR047C
YBR126C	YHR027C
YLL028W	YMR264W
YJL164C	YNL074C
YBR298C	YNL008C
YDR381W	YLR430W
YNL021W	YOR138C
YML109W	YNL216W
YBL027W	YHR114W
YBR017C	YDL015C
YDR303C	YFR037C
YKL171W	YPL180W
YDR363W	YDR510W
YBL060W	YMR214W
YGR047C	YOR110W
YKL088W	YML016C
YHR114W	YLR423C
YGR128C	YPR144C
YER136W	YGL210W
YNL053W	YOR257W
YHL019C	YPR029C
YBL105C	YGR254W
YAL024C	YNL015W
YDR150W	YJL074C
YDL239C	YPL049C
YDR164C	YPL232W
YLL039C	YOR051C
YAL011W	YML041C
YGR047C	YGR156W
YGR077C	YNL197C
YKL204W	YNL154C
YOR324C	YPR153W
YDR063W	YJR065C
YKL085W	YPL204W
YLL039C	YPL199C
YGR077C	YNL329C
YBL097W	YER164W
YER022W	YPL082C
YNL197C	YOR129C
YGL077C	YPL265W
YDR381W	YFR030W
YDR167W	YMR005W
YJL025W	YNL197C
YKL019W	YOR380W
YJR059W	YKR100C
YDR490C	YKL166C
YIR010W	YLR150W
YDR346C	YGL180W
YLR467W	YPL042C
YOL045W	YOR335C
YLR129W	YNR054C
YDL220C	YML109W
YGL180W	YMR229C
YBR127C	YOR270C
YDR101C	YPL249C-A
YDR127W	YDR260C
YDR381W	YHR052W
YGL229C	YNL006W
YBL027W	YMR032W
YDR523C	YKL126W
YEL012W	YOL054W
YCR010C	YLL039C
YDR171W	YOR197W
YGL078C	YNL308C
YDL200C	YEL024W
YCR086W	YLR274W
YJL187C	YNL197C
YML051W	YOL067C
YKR081C	YNL175C
YOR189W	YPL129W
YCL059C	YDR324C
YCR086W	YPL115C
YAL007C	YGL200C
YGR167W	YPL204W
YDR497C	YMR010W
YCL028W	YNL106C
YDR273W	YMR001C
YDR229W	YPL135W
YNL255C	YPL020C
YLL001W	YLR291C
YJR010C-A	YPL249C-A
YLR044C	YML072C
YFL041W	YKL175W
YDL212W	YGR295C
YAR018C	YJL098W
YKL171W	YOL125W
YDL014W	YNR054C
YNL152W	YPL242C
YCR082W	YDR016C
YLR449W	YOR063W
YDR510W	YLR406C
YMR194W	YOL127W
YLL039C	YPL174C
YBL074C	YLR275W
YNL182C	YOR063W
YNL225C	YOR177C
YDR473C	YMR288W
YER095W	YLR259C
YEL037C	YLL039C
YKL013C	YNL243W
YFL037W	YGR092W
YJR069C	YNL255C
YBR177C	YEL051W
YLR150W	YOL127W
YLR175W	YNL186W
YBR136W	YBR143C
YBR110W	YLL028W
YAL007C	YLR150W
YIR006C	YKL129C
YML037C	YNL092W
YPL042C	YPL248C
YLR362W	YNL298W
YLR022C	YNL255C
YMR125W	YOR250C
YMR203W	YPL204W
YBR142W	YOL127W
YDL120W	YGR207C
YDR101C	YNL110C
YDR388W	YJR083C
YGL137W	YGR142W
YKL018W	YOR179C
YGR060W	YML016C
YGL105W	YOR197W
YDL014W	YDR365C
YLL050C	YNL094W
YHR161C	YLR106C
YLL039C	YLR417W
YGR092W	YLL039C
YNL061W	YOR191W
YDL014W	YDR324C
YAL027W	YGL106W
YDL015C	YOR324C
YLR055C	YMR223W
YLR068W	YNL255C
YLR450W	YOL013C
YBR270C	YFR050C
YNL110C	YOR063W
YFL045C	YJL130C
YDL043C	YLR058C
YBR164C	YNL297C
YER139C	YJL140W
YLR150W	YNL186W
YCL059C	YJL190C
YGL120C	YJR145C
YNL110C	YPR144C
YGL187C	YML129C
YLR224W	YOL133W
YLL039C	YML012W
YLL001W	YPR080W
YDR487C	YDR513W
YGL112C	YOR220W
YMR061W	YNL030W
YDL213C	YPL012W
YER134C	YNL255C
YMR229C	YPL126W
YHR165C	YPR101W
YKL180W	YNL255C
YMR017W	YPL232W
YNL032W	YNL255C
YML109W	YPL115C
YBR135W	YLL050C
YDR260C	YHR166C
YGL051W	YGL200C
YOL126C	YOR347C
YLL045C	YOR096W
YGL078C	YIR010W
YLR275W	YNL024C
YDR510W	YFL039C
YFR031C-A	YPL249C-A
YEL015W	YJR140C
YGR166W	YNL197C
YDL051W	YJL164C
YLR368W	YOL133W
YDR496C	YLR150W
YEL032W	YGR270W
YGR268C	YHR016C
YER071C	YIL152W
YML063W	YNL301C
YDL147W	YMR314W
YIR032C	YNL197C
YGL111W	YOR380W
YJL112W	YLR291C
YGL048C	YGR184C
YDR130C	YNL074C
YDR028C	YNL220W
YMR092C	YNL138W
YDR124W	YGR165W
YDR296W	YER125W
YLR106C	YMR047C
YNL255C	YNL260C
YCL028W	YPL070W
YLR429W	YNL094W
YDR159W	YMR153W
YDL015C	YPR028W
YLR175W	YNL308C
YDL060W	YML024W
YDL031W	YER126C
YLL039C	YML024W
YGR135W	YKL206C
YIR034C	YLL039C
YDR446W	YDR510W
YAL024C	YLR044C
YDL220C	YGL158W
YGL105W	YIR010W
YJL164C	YNL186W
YLR051C	YNL255C
YHR027C	YMR109W
YDL054C	YMR013C
YJR132W	YLR106C
YEL063C	YOL132W
YPL082C	YPL178W
YKL135C	YOR109W
YHR197W	YKL006W
YFR014C	YPL203W
YDL098C	YML049C
YJL098W	YJR066W
YFL005W	YNR049C
YDR510W	YJR092W
YEL032W	YOL113W
YCR082W	YGR252W
YIL033C	YJL164C
YOR185C	YOR250C
YCR076C	YNL255C
YAL043C	YKL006W
YHR027C	YOR362C
YML073C	YNL301C
YBR123C	YLR086W
YBL087C	YHR084W
YHR052W	YJL189W
YGR135W	YOR362C
YBR017C	YJR077C
YDR106W	YPL174C
YDR273W	YPL204W
YDR523C	YHR033W
YDR381W	YHR066W
YBL007C	YML016C
YIL016W	YNL161W
YGL120C	YMR033W
YDR221W	YJL092W
YNL113W	YPR187W
YBL002W	YIR010W
YEL036C	YER001W
YDL014W	YNL230C
YEL055C	YMR093W
YJR123W	YLR075W
YBR061C	YLL039C
YMR229C	YNL124W
YJL138C	YOR351C
YLL036C	YMR036C
YGL077C	YPL246C
YAR003W	YDR140W
YER151C	YGL137W
YKL172W	YPR045C
YNR010W	YPL129W
YDR288W	YEL019C
YDL208W	YGR283C
YMR227C	YPL254W
YFL023W	YPL141C
YAR071W	YFR055W
YGL198W	YNL255C
YBR017C	YER110C
YLR265C	YMR106C
YGL016W	YOR361C
YDL126C	YGR048W
YKL095W	YLL036C
YCR004C	YMR031C
YNL147W	YOL149W
YDR324C	YLR186W
YHR138C	YNL197C
YPL016W	YPL129W
YER062C	YER171W
YCR028C	YGL051W
YLR146C	YPR069C
YIL033C	YJL128C
YDL005C	YHR167W
YER172C	YGR270W
YBL045C	YGL137W
YJL014W	YOL015W
YFR037C	YOL090W
YKL067W	YMR059W
YDR303C	YMR072W
YGL154C	YGL254W
YNL010W	YNL154C
YNL175C	YOR206W
YKL172W	YKR081C
YLR464W	YNL255C
YIR010W	YJR094W-A
YER151C	YOL127W
YER154W	YPL063W
YDL005C	YEL009C
YDR171W	YDR510W
YDR068W	YPL246C
YBR083W	YHR084W
YBL093C	YDL005C
YGL008C	YGL167C
YDR324C	YER151C
YML129C	YNL255C
YDR394W	YER173W
YFR021W	YLL039C
YDR523C	YPL254W
YBL078C	YHR171W
YJR123W	YOR096W
YJL190C	YML024W
YIL126W	YPL082C
YFL054C	YPL076W
YJR132W	YNL027W
YEL009C	YFL009W
YGR270W	YLR357W
YLL021W	YLR362W
YFR024C-A	YOR109W
YJR059W	YOL041C
YCR030C	YGL077C
YJL190C	YPL204W
YLR138W	YML132W
YDR510W	YPL139C
YDR217C	YMR001C
YFR050C	YGR135W
YJL097W	YPL094C
YDR498C	YLR268W
YML024W	YML063W
YDR206W	YPR106W
YLR129W	YNL132W
YHR027C	YML008C
YKL135C	YPR029C
YMR093W	YOR096W
YDR486C	YFR014C
YHR118C	YPR018W
YDL005C	YER022W
YCL061C	YMR048W
YDR378C	YHR165C
YGR270W	YOL006C
YBR211C	YLR315W
YLL039C	YLR327C
YKR081C	YLR449W
YBR136W	YNL312W
YGL061C	YIR010W
YER172C	YPR182W
YDL126C	YDL132W
YHL009C	YNL154C
YNL007C	YNL124W
YIL105C	YLR425W
YER125W	YLR206W
YBR044C	YKL141W
YJL084C	YMR216C
YBR002C	YNL255C
YDR229W	YJR059W
YJL010C	YKL078W
YIL153W	YMR028W
YGR275W	YHL025W
YHR052W	YLR175W
YJL112W	YMR047C
YLR075W	YLR153C
YOR096W	YOR340C
YBL007C	YCL045C
YDR516C	YLL039C
YJL083W	YOR181W
YGL173C	YNL110C
YDL132W	YPL256C
YNL061W	YNL175C
YOR005C	YPL110C
YGL120C	YKL095W
YLR249W	YNL255C
YDL088C	YMR047C
YBR133C	YLL039C
YNL330C	YPL143W
YBR140C	YNL098C
YHR027C	YHR179W
YDR510W	YGR178C
YIL095W	YNL186W
YGL212W	YLR423C
YGR096W	YNL197C
YJL045W	YLL039C
YLR291C	YLR423C
YDR496C	YNL110C
YCL059C	YDL208W
YER068W	YNL197C
YAL051W	YGR092W
YER151C	YML063W
YGL048C	YNL250W
YJL039C	YMR153W
YHL017W	YHR188C
YNL186W	YPL150W
YBR295W	YLL039C
YDL008W	YNL172W
YDL116W	YDL195W
YMR146C	YPR086W
YJR066W	YOL126C
YEL063C	YPL076W
YGL137W	YNL007C
YNL255C	YNR001C
YER036C	YHR027C
YER125W	YHR143W-A
YER151C	YJL014W
YAR007C	YMR072W
YKL185W	YPL139C
YDR510W	YPR010C
YDL126C	YDL147W
YMR264W	YPL076W
YBR205W	YML012W
YDR394W	YER171W
YDL236W	YLL039C
YDL143W	YFR014C
YKL012W	YLR275W
YDR510W	YML073C
YGR231C	YMR089C
YCR030C	YER020W
YHR005C-A	YOR297C
YJL081C	YPL129W
YGL061C	YKR037C
YFL024C	YPL248C
YER177W	YGL115W
YLR268W	YNL237W
YFR024C-A	YGR268C
YLR074C	YMR047C
YBR176W	YPL070W
YHL004W	YOR204W
YDL053C	YMR123W
YFR014C	YIL065C
YBR272C	YGL011C
YDR257C	YOR119C
YGL123W	YML073C
YDR258C	YGL048C
YBL061C	YJL164C
YGL158W	YOL125W
YMR229C	YOR294W
YDR365C	YNR054C
YLR401C	YNL154C
YJL146W	YOR351C
YDR496C	YGL111W
YDR224C	YNL312W
YCR073W-A	YNL154C
YGL048C	YJR145C
YKL129C	YNL271C
YGR128C	YJR002W
YJL190C	YNL255C
YDR045C	YPR046W
YLR406C	YOR063W
YJL187C	YKL042W
YOR176W	YOR257W
YDR130C	YER177W
YGR252W	YPL254W
YDL053C	YNL157W
YIL159W	YKL079W
YDR301W	YGR047C
YBR211C	YOL054W
YER151C	YLR058C
YBR002C	YJL151C
YER017C	YMR089C
YGL179C	YHR073W
YIR010W	YJR063W
YEL034W	YPL237W
YGL127C	YOL135C
YER173W	YLR413W
YJR002W	YKL078W
YDL194W	YDR277C
YNL298W	YPL249C-A
YAL053W	YDL222C
YGL051W	YGL137W
YPR135W	YPR164W
YDL105W	YDR288W
YHR164C	YNL312W
YDR101C	YNR053C
YGR135W	YMR314W
YDR343C	YLR019W
YBR079C	YDR091C
YBR015C	YLR268W
YAL029C	YLR429W
YER125W	YJL025W
YLR175W	YNL227C
YKL024C	YOL013C
YFR014C	YGL210W
YDR496C	YGL173C
YGL179C	YMR140W
YDR028C	YLR377C
YDR113C	YLR175W
YGR155W	YPL061W
YER002W	YHR066W
YEL002C	YLR378C
YCR071C	YNL255C
YIR038C	YJR010C-A
YBR136W	YCL061C
YDR388W	YNL094W
YDR284C	YEL013W
YIR010W	YKL172W
YAL051W	YCR087C-A
YBR154C	YPR133C
YDR129C	YJL092W
YGL151W	YPL129W
YDL014W	YGL112C
YDR069C	YEL041W
YFR014C	YNL186W
YDR212W	YNL317W
YGR112W	YNL052W
YJL164C	YNL157W
YBL105C	YOL100W
YJR059W	YMR099C
YFR050C	YOR362C
YBR231C	YJL081C
YGR104C	YPR086W
YDR229W	YGR218W
YJL112W	YLL001W
YBR123C	YKL068W
YDR016C	YIL144W
YDR510W	YOL135C
YBR172C	YGL173C
YNL006W	YOL078W
YJR154W	YPR106W
YER105C	YPR080W
YEL034W	YHR068W
YGL137W	YHR027C
YMR216C	YOR078W
YDR324C	YNL075W
YCL066W	YCL067C
YJL074C	YOL041C
YFL039C	YNL059C
YMR216C	YPL139C
YLR449W	YNL030W
YMR205C	YOL045W
YAL005C	YPR163C
YPL129W	YPR056W
YHR027C	YOR168W
YEL002C	YOR085W
YGR184C	YML051W
YGL130W	YOL078W
YER110C	YML063W
YDR127W	YKL029C
YAL027W	YLR044C
YBR173C	YMR037C
YFR016C	YIL125W
YDR388W	YPR055W
YIL046W	YJL058C
YGR255C	YLR201C
YIL126W	YLL039C
YDR119W	YLL039C
YGR275W	YPL016W
YDR124W	YHR155W
YKL108W	YMR303C
YBL030C	YGR254W
YNL255C	YPL094C
YNL227C	YNR053C
YJR010C-A	YML055W
YJR059W	YKL146W
YEL009C	YHL025W
YAR007C	YBL002W
YIR010W	YOR369C
YJL190C	YLL039C
YEL009C	YGL112C
YBL027W	YDR388W
YJL087C	YKL108W
YHR027C	YHR104W
YJL092W	YPR018W
YDR388W	YOR204W
YLR074C	YLR106C
YKL138C	YNL255C
YDR311W	YDR460W
YHR197W	YKL180W
YGR118W	YOL127W
YFR031C-A	YNL061W
YDR369C	YLR109W
YGR104C	YPR052C
YHR179W	YPL204W
YBR015C	YGR260W
YPL246C	YPR105C
YBL002W	YIL126W
YDL043C	YGL137W
YLR106C	YOL133W
YLL039C	YOR231W
YDL123W	YER125W
YGL201C	YMR109W
YDR227W	YNL102W
YEL012W	YLR410W
YER151C	YPL061W
YHR184W	YMR001C
YDR206W	YLR362W
YBL027W	YFR031C-A
YDR405W	YML025C
YIR034C	YNL255C
YDR322W	YML025C
YIL041W	YLL039C
YGR135W	YOR157C
YBR106W	YPR194C
YLL036C	YOR204W
YDL227C	YML088W
YMR005W	YPL011C
YDR145W	YKR001C
YGL115W	YLR291C
YLR368W	YMR048W
YKL101W	YNL007C
YKL181W	YOR231W
YGL137W	YLL001W
YBL007C	YPL246C
YDL098C	YNL255C
YGR145W	YMR304W
YGR083C	YPL237W
YDL101C	YDR030C
YER067W	YLL039C
YMR215W	YPL227C
YAL026C	YML072C
YBR143C	YDR091C
YHR027C	YPR183W
YBR127C	YDR510W
YGL099W	YJL122W
YGL079W	YJL187C
YGR207C	YIL108W
YBL091C	YGR142W
YDL077C	YKR014C
YJR082C	YPL204W
YDR398W	YEL055C
YER128W	YPR173C
YKL206C	YOR157C
YBR142W	YPL249C-A
YJR059W	YOR257W
YLL039C	YNL330C
YGL099W	YLL045C
YDR510W	YJL187C
YPL147W	YPL274W
YGL153W	YGL179C
YGL005C	YPR105C
YGL079W	YKL061W
YJR123W	YPL131W
YDR510W	YER154W
YBL093C	YPL042C
YJR145C	YNL308C
YJR119C	YMR216C
YER036C	YJR059W
YDL126C	YJL048C
YGR021W	YOR231W
YER164W	YKR081C
YBR088C	YDR092W
YFR030W	YJL123C
YER031C	YLL039C
YFL034W	YKL135C
YBR069C	YFR024C-A
YJR002W	YNL132W
YCR030C	YFR024C-A
YIR010W	YML074C
YLR275W	YPL151C
YOL120C	YOL127W
YDR113C	YJR059W
YDR510W	YPR143W
YCR027C	YOL083W
YNL183C	YPL180W
YCL061C	YDR489W
YLL039C	YML016C
YLR429W	YOR181W
YAL024C	YHL021C
YJL130C	YJR077C
YGL030W	YOL135C
YAL005C	YKL139W
YJL039C	YML063W
YDL070W	YJL164C
YGL123W	YLL039C
YLL039C	YMR171C
YIL091C	YJR119C
YER145C	YGL077C
YJR076C	YPL161C
YER151C	YGR178C
YLR274W	YMR109W
YLL039C	YLR359W
YGL137W	YLR370C
YER125W	YFL039C
YER125W	YOL043C
YCL059C	YPR102C
YDR523C	YGL202W
YDR497C	YER125W
YGR158C	YJL124C
YDR510W	YJL092W
YMR319C	YNL061W
YAR003W	YDR069C
YLL050C	YMR092C
YDR502C	YER151C
YFL039C	YMR072W
YDL031W	YDR388W
YHR047C	YOL111C
YLL039C	YPL063W
YBR028C	YOL041C
YDR259C	YNL092W
YBL002W	YLR133W
YPL106C	YPR045C
YLL036C	YLR275W
YGR204W	YKL210W
YDR288W	YNL124W
YER103W	YLL039C
YOR061W	YOR361C
YKR099W	YLR058C
YGR120C	YPL077C
YNL030W	YNL255C
YKR065C	YLL039C
YBL039C	YDR260C
YJL138C	YLR362W
YOR344C	YOR351C
YFL054C	YKL142W
YEL036C	YGR231C
YGL134W	YOR351C
YMR181C	YPR105C
YBR079C	YGL123W
YOL021C	YOR076C
YFR014C	YKR094C
YLR024C	YMR100W
YER125W	YGR186W
YMR036C	YOR061W
YMR229C	YNL132W
YER127W	YJL164C
YBR177C	YJL151C
YDR101C	YKR081C
YDR052C	YHR118C
YJL177W	YML073C
YEL009C	YPL129W
YHR131C	YNL154C
YER177W	YNL076W
YBR127C	YHR084W
YNL255C	YNL308C
YDL209C	YLR275W
YER125W	YMR140W
YJR063W	YNL113W
YLL039C	YPL131W
YJL164C	YLR150W
YDR247W	YER183C
YLR222C	YNL132W
YDR130C	YOR361C
YDR041W	YER050C
YML054C	YNL255C
YOR063W	YPL198W
YBR079C	YNL244C
YBR238C	YDR510W
YGL201C	YIL144W
YLR074C	YOR063W
YDR169C	YGL180W
YBR106W	YCR098C
YIL062C	YNL138W
YBR258C	YPL138C
YBL103C	YMR033W
YER151C	YPL012W
YJR002W	YLR186W
YDR184C	YNL197C
YDR324C	YMR229C
YHL021C	YJL140W
YBR154C	YKR025W
YIR010W	YPL217C
YJL147C	YLR222C
YGL116W	YPL140C
YDR235W	YLL036C
YER002W	YGL111W
YBR104W	YNL255C
YML037C	YPL141C
YJL080C	YNL255C
YNL136W	YNL255C
YDR299W	YDR365C
YDR311W	YER168C
YGR060W	YIL016W
YDR122W	YGR001C
YML069W	YNL255C
YBL026W	YBR172C
YBR287W	YLL039C
YDR334W	YLL036C
YDL014W	YGL030W
YDR145W	YOL072W
YGL030W	YLR175W
YJL164C	YOR070C
YAL003W	YEL034W
YDR313C	YLR083C
YAR019C	YOR231W
YKL085W	YPL111W
YNL024C	YNL255C
YER151C	YNR052C
YPL051W	YPR080W
YJR002W	YJR145C
YJR082C	YLR223C
YBR052C	YDL222C
YDL005C	YGL025C
YGR185C	YLL029W
YOR063W	YOR294W
YGL158W	YNL186W
YHR016C	YLR206W
YBL027W	YNL110C
YBL027W	YGL123W
YIR010W	YPL180W
YDL126C	YDR295C
YHR114W	YOR059C
YBR138C	YGR092W
YDR162C	YPL161C
YDR257C	YNL255C
YMR186W	YPR093C
YIL146C	YPR049C
YFL039C	YLR429W
YDL002C	YPL129W
YKR001C	YPL016W
YAL026C	YKL010C
YDR143C	YDR227W
YIL105C	YKL126W
YML069W	YPR171W
YLR003C	YPL204W
YDL132W	YDR306C
YKL180W	YNL132W
YLR370C	YOR181W
YIL026C	YIL126W
YDR510W	YOL058W
YDR155C	YMR059W
YHR197W	YNL182C
YDR200C	YFR008W
YBL045C	YGL187C
YKL180W	YMR194W
YGR092W	YLR303W
YFR014C	YNL227C
YDL105W	YPL146C
YAL021C	YDR252W
YHL001W	YKL009W
YIL075C	YMR216C
YGR136W	YPL038W
YLL039C	YOL117W
YGL254W	YJL164C
YBL039C	YBL105C
YER126C	YGL120C
YBR108W	YFR024C-A
YBR247C	YCR031C
YJR094W-A	YNL255C
YHL021C	YJR059W
YNL330C	YPL139C
YBR127C	YER151C
YHL025W	YNL255C
YLR291C	YOR260W
YDR364C	YMR125W
YDL070W	YGR092W
YCL061C	YEL032W
YNL102W	YNR052C
YDR388W	YGR268C
YHR123W	YPL094C
YFR015C	YKR058W
YDR041W	YGR165W
YNL255C	YPL199C
YAL043C	YJR093C
YDR343C	YOL100W
YKR081C	YPL198W
YJL010C	YPL126W
YLL039C	YOR035C
YDL188C	YMR314W
YDR217C	YFR028C
YBL087C	YDR188W
YJL164C	YMR210W
YGL180W	YKR094C
YBL002W	YHR118C
YFR030W	YHR027C
YKL010C	YLR304C
YJR070C	YOR351C
YBR105C	YLR259C
YCR031C	YDR381W
YMR048W	YOL100W
YPL176C	YPR071W
YDR382W	YNL255C
YKR014C	YLR249W
YIR010W	YOL100W
YDR348C	YMR295C
YGL200C	YGR060W
YDR167W	YPL254W
YKL125W	YLL039C
YDL085W	YOR076C
YLR449W	YPL146C
YHR057C	YNL255C
YJL138C	YLR249W
YLR268W	YOR311C
YJR059W	YLL029W
YLR249W	YNL250W
YJL065C	YNL230C
YDR390C	YDR510W
YDL105W	YML023C
YER172C	YML049C
YDR101C	YKL068W
YFR014C	YGL105W
YHR066W	YNL122C
YGR270W	YPR031W
YGL238W	YLL039C
YDL100C	YIL065C
YBR143C	YOR176W
YAL005C	YNL124W
YJR042W	YOR176W
YFR001W	YLL045C
YJL031C	YOR370C
YBL039C	YIL075C
YBL040C	YGR060W
YDR288W	YOR294W
YBR052C	YER020W
YFL039C	YHR152W
YGL137W	YNL250W
YJL124C	YNL032W
YGL233W	YOR357C
YEL051W	YLR429W
YGL115W	YGL179C
YDR086C	YPL189W
YCR073W-A	YDR122W
YER095W	YML032C
YDR129C	YIL062C
YNL255C	YPR174C
YHR165C	YNR011C
YMR188C	YNR036C
YDR280W	YDR381W
YGL151W	YOL135C
YGL158W	YJL081C
YJL164C	YLR022C
YIR010W	YPL018W
YAL005C	YOR110W
YER028C	YNL197C
YEL013W	YHR094C
YGL180W	YGR021W
YGL143C	YOR260W
YGL158W	YLR071C
YDR227W	YNL216W
YEL048C	YPL110C
YBR173C	YGL011C
YBR052C	YGL056C
YFL023W	YOR351C
YMR314W	YOL038W
YJL130C	YKL029C
YBL017C	YOR181W
YLR452C	YOR036W
YHR027C	YJR076C
YNL255C	YOR269W
YER022W	YHR143W-A
YOR207C	YOR224C
YDL116W	YNL118C
YLL039C	YPR183W
YJR123W	YNL301C
YEL015W	YIL046W
YGL090W	YLR109W
YBL061C	YGL073W
YGL151W	YPL042C
YLR109W	YMR059W
YJR093C	YOR061W
YKR021W	YLL039C
YLR229C	YPL242C
YDL222C	YGL077C
YDL098C	YHR165C
YGL179C	YKR071C
YER020W	YKR003W
YDR453C	YMR106C
YDR212W	YPL180W
YCR075C	YFR014C
YJL124C	YPL084W
YAR019C	YNL298W
YIR010W	YJL176C
YKL139W	YML112W
YHR152W	YLR109W
YGR060W	YMR202W
YDR159W	YPL178W
YLR323C	YNR011C
YIL105C	YOL038W
YGR135W	YHR027C
YJL178C	YOR357C
YLR153C	YPR074C
YHR066W	YOR294W
YCL059C	YNL132W
YJL010C	YNL110C
YDL195W	YIL109C
YDR368W	YHR027C
YNL255C	YOR078W
YGL048C	YOR261C
YGL105W	YKL171W
YBR079C	YOL117W
YCL011C	YKL139W
YBR142W	YDL031W
YGL179C	YJR076C
YNL197C	YNL298W
YBR126C	YIL177C
YIL062C	YJR065C
YDR382W	YER151C
YOL038W	YPR154W
YBR175W	YHR029C
YER050C	YOR061W
YAL062W	YLL039C
YDR198C	YOR005C
YDR005C	YNL151C
YDL045C	YGR077C
YDR195W	YPL008W
YBR052C	YML072C
YLL036C	YPR182W
YGL137W	YOL133W
YGR156W	YPL008W
YBL007C	YDR277C
YCL028W	YLL039C
YLR074C	YMR303C
YOR207C	YOR231W
YOR361C	YPL151C
YGL229C	YOR062C
YBL002W	YGR270W
YKR077W	YNL197C
YBL025W	YNL255C
YER145C	YOR273C
YEL037C	YGL106W
YKL088W	YOR061W
YHR039C	YLR150W
YFL037W	YOL120C
YFR037C	YMR091C
YDR129C	YLL039C
YJL164C	YLR345W
YMR001C	YNL172W
YJL062W	YKL146W
YIR010W	YMR146C
YDR510W	YMR033W
YNL154C	YPR198W
YDL002C	YFR037C
YLR249W	YPR173C
YGL171W	YGR145W
YGL161C	YLL039C
YCL061C	YLL039C
YGR295C	YOR079C
YNL244C	YOR362C
YIR022W	YLL039C
YJR101W	YLR423C
YDR100W	YPL246C
YDR388W	YFR024C-A
YKR025W	YNL151C
YER103W	YJR132W
YGL157W	YGL171W
YFR031C-A	YNL301C
YJL164C	YMR304W
YGL192W	YJL092W
YER151C	YJR094W-A
YLL039C	YPR154W
YDR116C	YJL041W
YDR129C	YKL126W
YHR027C	YKL080W
YDR383C	YLR315W
YJL164C	YMR099C
YMR004W	YOR132W
YBL084C	YDR259C
YDR369C	YJL167W
YIR022W	YOL132W
YBR088C	YPL140C
YBR296C	YGL105W
YDR087C	YDR496C
YIR010W	YKL204W
YDR046C	YJR010C-A
YDR295C	YLR131C
YGL116W	YPL203W
YDL060W	YML063W
YFL023W	YOL100W
YDL212W	YPL274W
YDR414C	YLL056C
YOR078W	YPL012W
YJR145C	YPL131W
YDR510W	YGR252W
YDL147W	YLL039C
YJR065C	YMR109W
YDR439W	YFR028C
YFL021W	YIR010W
YMR183C	YPL232W
YDR297W	YPL274W
YEL023C	YOR269W
YMR227C	YPL011C
YBL087C	YGL111W
YKL010C	YOL038W
YLL039C	YOR061W
YCR004C	YNL255C
YDR212W	YIR010W
YDR212W	YPL049C
YOR197W	YOR361C
YGL180W	YKR045C
YDR129C	YKL203C
YAL062W	YAR071W
YBL064C	YFR014C
YER151C	YGL115W
YER125W	YOR224C
YHR096C	YML072C
YDR381W	YIR008C
YLR304C	YMR059W
YGR252W	YPL082C
YGR143W	YLL039C
YBR093C	YDL106C
YFL010C	YML051W
YJL097W	YPR071W
YFL039C	YJL014W
YGR156W	YNL222W
YGR123C	YPR046W
YDR244W	YGL153W
YDR309C	YLR229C
YLR153C	YNL244C
YAL060W	YNL255C
YIL156W	YJL164C
Q0130	YER154W
YGR275W	YPR043W
YJR059W	YLR362W
YJL164C	YKR021W
YLL039C	YLR256W
YAL005C	YDR303C
YJL098W	YPL129W
YDR267C	YHR122W
YHR052W	YMR093W
YAL038W	YNL255C
YBR142W	YML073C
YLR436C	YMR304W
YDR169C	YGL179C
YDR505C	YLL039C
YBR110W	YGL200C
YKL067W	YKL095W
YGL161C	YGL198W
YOR127W	YPL256C
YDL060W	YNL098C
YGR128C	YPL012W
YJL167W	YNL244C
YLR423C	YMR059W
YIL135C	YML016C
YDR490C	YJR059W
YDL116W	YKL068W
YGR207C	YNR058W
YDR087C	YGL030W
YBL002W	YML069W
YJL164C	YMR081C
YGL179C	YPL139C
YAL032C	YER032W
YLL039C	YOR153W
YIL093C	YNR036C
YGL137W	YGR092W
YDR188W	YER151C
YGL077C	YMR010W
YCR030C	YER166W
YKR097W	YML086C
YJR010C-A	YLR150W
YER179W	YIL105C
YIL084C	YLR423C
YLL039C	YMR027W
YLR263W	YPL194W
YKL203C	YPR149W
YLL039C	YML057W
YNL183C	YPR135W
YGL116W	YPL106C
YGL151W	YPL254W
YGL111W	YKR081C
YDR490C	YOR061W
YBR172C	YER068W
YER151C	YPR132W
YGL025C	YPL129W
YHR094C	YNL197C
YLR258W	YOL090W
YBL087C	YBR142W
YER065C	YLR270W
YHR027C	YNL244C
YEL051W	YLR028C
YJR060W	YOR304W
YEL043W	YKL142W
YGL120C	YLL036C
YCL036W	YDR388W
YNL154C	YOR078W
YFL049W	YPL016W
YDL159W	YIR010W
YGL127C	YLR150W
YHR039C	YMR272C
YGL233W	YPR055W
YJR145C	YOL127W
YKR025W	YPR187W
YGL116W	YKL022C
YBL075C	YLR320W
YHL001W	YIR010W
YML023C	YOR269W
YJL084C	YJL164C
YJL159W	YLL039C
YIR015W	YLR345W
YGL158W	YJR105W
YDL101C	YGL256W
YGL180W	YKL042W
YHR085W	YML073C
YCR011C	YPR079W
YBL007C	YPL141C
YER174C	YGL220W
YKL139W	YMR041C
YOL041C	YPL141C
YNL110C	YPR102C
YDR074W	YHR027C
YEL034W	YML073C
YDR145W	YDR448W
YDR150W	YLR084C
YNL102W	YPL106C
YGR092W	YLR007W
YGL078C	YLL039C
YMR109W	YOL100W
YJL177W	YML063W
YGL105W	YLR247C
YBR140C	YPL204W
YDL209C	YPL151C
YDR348C	YER125W
YEL063C	YMR264W
YBL010C	YPR046W
YHR168W	YPL106C
YDR073W	YHL025W
YMR229C	YNL110C
YJL190C	YOR361C
YGR047C	YGR218W
YCR009C	YLR218C
YEL015W	YMR109W
YGL106W	YJL187C
YER022W	YNR010W
YCR102C	YNL134C
YLL036C	YOR369C
YML043C	YNL197C
YBR175W	YNL197C
YGR048W	YOL013C
YGL241W	YJL092W
YER151C	YMR173W
YLR075W	YOL127W
YDR497C	YOR254C
YGL241W	YPR093C
YGL158W	YOR136W
YDL035C	YER020W
YDL199C	YIL144W
YFR014C	YLR307W
YHR175W	YJL178C
YJL061W	YJR042W
YHR197W	YPL131W
YMR216C	YPR042C
YHR029C	YPL138C
YDR145W	YPL011C
YDR510W	YIL056W
YFL039C	YNL136W
YBR142W	YPL198W
YBR017C	YJL130C
YER116C	YMR072W
YNL113W	YNL151C
YLL028W	YPL265W
YIR010W	YKR001C
YBR085W	YLL039C
YBR202W	YDR489W
YNL255C	YOR304W
YDL014W	YPL217C
YOL100W	YPL077C
YJR059W	YML037C
YLL039C	YNL134C
YDR300C	YHR164C
YDL239C	YPL070W
YCL028W	YGR104C
YDR074W	YMR261C
YBR130C	YIL138C
YDL143W	YKL029C
YGL229C	YJL178C
YGL179C	YPR135W
YFR015C	YNL255C
YLL036C	YML056C
YNL255C	YNL274C
YLR105C	YMR059W
YJL164C	YMR203W
YFR050C	YMR314W
YEL002C	YOR016C
YJR049C	YOR351C
YLR024C	YMR186W
YIL065C	YJR091C
YOR096W	YPL249C-A
YBR154C	YGR104C
YKL068W	YML103C
YJL098W	YPL012W
YDR286C	YNL255C
YPL259C	YPR029C
YDR473C	YNR011C
YLR304C	YOL094C
YJR097W	YOL100W
YGL180W	YLR323C
YJL061W	YLR423C
YDR195W	YGL153W
YGL081W	YGR184C
YDR369C	YGL090W
YAL043C	YDR301W
YGR200C	YJL140W
YDR394W	YLR306W
YMR069W	YOR063W
YJL138C	YJR140C
YOL054W	YPR046W
YML056C	YOR243C
YPL174C	YPL253C
YDL021W	YLL039C
YOL127W	YPL131W
YFL017W-A	YKL012W
YDR369C	YNL250W
YDL160C	YOL149W
YGL099W	YOR063W
YDR364C	YER172C
YER151C	YML024W
YDL088C	YDL116W
YPL011C	YPL254W
YDR224C	YOR304W
YIR007W	YPR074C
YGR254W	YNL079C
YLL010C	YLR019W
YJL176C	YNL216W
YDR510W	YPL020C
YLR378C	YNL006W
YER125W	YOR042W
YJR109C	YMR106C
YIL095W	YNL243W
YFL054C	YGL180W
YDL212W	YJR010C-A
YML008C	YNL255C
YGL106W	YLR304C
YMR314W	YOR380W
YAL038W	YJL164C
YCL028W	YDL005C
YDL008W	YDR118W
YCL059C	YPL217C
YBL007C	YOR181W
YMR264W	YNL255C
YMR288W	YOR159C
YGL212W	YNL255C
YER139C	YPL203W
YDR381W	YOR294W
YFR014C	YOR257W
YDL239C	YNR012W
YBL014C	YNL197C
YDR510W	YFR037C
YML055W	YNL255C
YDL014W	YNL222W
YDL100C	YGL153W
YBL010C	YNL154C
YDR502C	YHR084W
YBR175W	YMR186W
YKL146W	YLR246W
YFL023W	YJR145C
YEL048C	YGR166W
YDL014W	YLR369W
YFR014C	YKR071C
YBR218C	YGL106W
YER020W	YLR413W
YGR104C	YLR071C
YBL002W	YJR090C
YIL105C	YNL255C
YGL030W	YIR010W
YAL029C	YLL039C
YER036C	YIR010W
YAL026C	YKL135C
YBR125C	YDR071C
YJL164C	YMR140W
YNR024W	YOL021C
YBL084C	YMR001C
YFL054C	YFR014C
YGR155W	YLR442C
YER151C	YLL039C
YAR007C	YDR499W
YDL160C	YJL124C
YEL015W	YNL118C
YER177W	YFR014C
YKL171W	YNL006W
YJR066W	YMR028W
YGR112W	YOR065W
YER039C	YOR297C
YGL212W	YML001W
YAL005C	YLR377C
YBL030C	YJR077C
YJL036W	YLR423C
YDR381W	YNL004W
YDL054C	YEL027W
YER151C	YPR043W
YOL038W	YOR362C
YNL197C	YPL135W
YBL037W	YJL084C
YGL030W	YHR066W
YCR009C	YER116C
YKR081C	YNL255C
YGR155W	YPR080W
YDR489W	YLR103C
YMR260C	YNL255C
YDR388W	YGL016W
YDL082W	YJR123W
YDR330W	YGR048W
YKL181W	YOL061W
YDR155C	YNL094W
YCR031C	YML073C
YLL039C	YOR171C
YBL002W	YKR001C
YER151C	YKL006W
YJL130C	YMR304W
YDR528W	YNL161W
YDR496C	YLR197W
YBR127C	YIR010W
YBL106C	YLR206W
YDR303C	YMR033W
YLL039C	YLR024C
YKL129C	YOR035C
YMR288W	YPL151C
YGL173C	YKL198C
YBR175W	YDR469W
YLR291C	YNL265C
YBR143C	YDL058W
YGR129W	YJR050W
YGL189C	YHR052W
YHR085W	YNL182C
YNL079C	YOL068C
YGR178C	YNL124W
YDR162C	YGL035C
YER151C	YNL010W
YNL110C	YOR048C
YER103W	YJL061W
YDR299W	YNL154C
YER151C	YHR027C
YBR155W	YGR274C
YJR059W	YMR184W
YAL038W	YJR059W
YDR448W	YGL158W
YKL029C	YPR054W
YDR111C	YMR304W
YFR031C-A	YLR075W
YBL007C	YCL008C
YDR180W	YIL026C
YFR037C	YOR304W
YLR275W	YML049C
YER020W	YLR326W
YER095W	YFR009W
YHR112C	YLL039C
YKL089W	YPL146C
YCR098C	YPL265W
YBL105C	YOR231W
YHR052W	YKR081C
YCL056C	YDL197C
YAL027W	YCR009C
YGR021W	YOL100W
YDL143W	YJR059W
YDR127W	YMR186W
YBL026W	YDR378C
YOR206W	YPL131W
YIL105C	YJL058C
YJL122W	YNR053C
YGR092W	YHL021C
YGL099W	YPR102C
YIL109C	YOL130W
YHR199C	YNL323W
YDR510W	YPR187W
YGL200C	YMR215W
YDL159W	YLL021W
YJR123W	YLL045C
YLR277C	YOR250C
YKL213C	YNR006W
YBR106W	YEL063C
YKL009W	YLR075W
YPL131W	YPL198W
YDR381W	YOL113W
YKL046C	YLL039C
YLR362W	YNL113W
YJR002W	YPL012W
YDR041W	YMR188C
YGL051W	YPR198W
YNL255C	YPR080W
YAL051W	YOR363C
YML056C	YNL308C
YLR071C	YPL129W
YDR523C	YJR078W
YBR175W	YJR094W-A
YER166W	YNL323W
YBR143C	YMR080C
YLR051C	YNL110C
YKL215C	YPL199C
YDR382W	YML073C
YBR014C	YDL100C
YBL007C	YOR284W
YJR132W	YLR335W
YBR205W	YGL212W
YCL011C	YOR204W
YKL159C	YNL255C
YER177W	YPR115W
YNL175C	YPR102C
YJR010C-A	YLR075W
YDR394W	YGL137W
YDR388W	YMR093W
YDR510W	YGR056W
YKL078W	YLR175W
YNL154C	YPL138C
YLR083C	YOL137W
YIR010W	YML056C
YGL141W	YIL075C
YGR178C	YOR181W
YBR182C	YLR423C
YFL005W	YOL147C
YAL003W	YLR249W
YGR116W	YLR199C
YGL180W	YIL156W
YML073C	YPR143W
YER151C	YIL053W
YDL220C	YDR082W
YOR340C	YPR187W
YIR010W	YNL075W
YDR139C	YOR100C
YGR223C	YPR054W
YKR079C	YNL154C
YFL037W	YLR106C
YHR171W	YLL042C
YGR092W	YPR091C
YOR361C	YPL237W
YGL212W	YPL195W
YJR019C	YPR106W
YJL187C	YLR055C
YGL156W	YOL001W
YFR001W	YNL182C
YDR523C	YOR252W
YLR109W	YNL312W
YPL126W	YPR144C
YFL010C	YPR054W
YIR038C	YLL014W
YHR027C	YLR421C
YJR090C	YOL133W
YJR059W	YPR091C
YGL051W	YPL141C
YBL084C	YBR135W
YGR249W	YJL164C
YLL010C	YLL039C
YDR251W	YLL039C
YGR275W	YJL014W
YGR120C	YHL004W
YCR031C	YDL014W
YJL138C	YLR429W
YKL135C	YOR063W
YBR225W	YNL298W
YML118W	YPL203W
YOR191W	YPR154W
YDR452W	YKR092C
YHR104W	YOL045W
YMR033W	YNR023W
YJR123W	YNL132W
YGR200C	YLL039C
YDR523C	YJR132W
YJR066W	YKL203C
YER125W	YPL176C
YJR105W	YPL150W
YDR235W	YKL012W
YHR143W-A	YPL248C
YDL035C	YPL268W
YDR365C	YLR075W
YEL018W	YNL255C
YER020W	YPR138C
YGL030W	YNL132W
YDR159W	YKL068W
YDR322W	YJL063C
YJL190C	YPL198W
YNL197C	YOR316C
YDL098C	YDR378C
YDR167W	YOL135C
YGR092W	YKR036C
YDL060W	YJL010C
YDR106W	YLR222C
YHR179W	YOL013C
YDR448W	YPL077C
YDL123W	YPR036W
YIL084C	YNL330C
YIR010W	YLR264W
YDR171W	YFL037W
YDL082W	YOL041C
YBR041W	YMR152W
YKR025W	YOR224C
YGL016W	YOR194C
YNL255C	YOL054W
YLR074C	YNL255C
YML049C	YMR288W
YDR163W	YPR101W
YGL253W	YLL039C
YBR177C	YER136W
YBR107C	YOL091W
YBR130C	YOR181W
YHR027C	YJL138C
YBL025W	YDR247W
YGL180W	YOR204W
YGL056C	YPL265W
YAL021C	YKR036C
YGL179C	YPL117C
YGR027C	YIL095W
YNL244C	YPL237W
YGL171W	YLR129W
YNL265C	YPR173C
YER151C	YOR096W
YDL098C	YER172C
YMR194W	YOR063W
YGL126W	YPL161C
YDL126C	YLR167W
YNL255C	YOR141C
YGL090W	YOR005C
YBR130C	YIL144W
YPR057W	YPR182W
YBL056W	YDL060W
YFR001W	YLR449W
YDR159W	YPL169C
YDR068W	YLR020C
YKL156W	YLL039C
YBL017C	YGR167W
YMR229C	YNR024W
YBR106W	YHR094C
YKL210W	YPR054W
YEL058W	YLL039C
YGL198W	YPL095C
YEL018W	YNL197C
YOR109W	YPR029C
YCR086W	YLL029W
YDR381W	YGL173C
YJR101W	YMR188C
YJL019W	YOR288C
YIL104C	YNL124W
YBL007C	YGL215W
YBR041W	YBR177C
YLL039C	YOR270C
Q0120	YPL160W
YJL024C	YPL195W
YLR357W	YMR091C
YKL144C	YOR207C
YBL007C	YOR322C
YDL014W	YDL208W
YDL014W	YNL110C
YKL190W	YML057W
YGR179C	YNL255C
YDL208W	YOL008W
YDR116C	YDR322W
YDR523C	YOR177C
YER164W	YKR001C
YCR031C	YPL249C-A
YJR059W	YKL184W
YGR083C	YOR260W
YBR270C	YIL105C
YBL026W	YLL036C
YLL039C	YML071C
YBL007C	YOR351C
YGL153W	YNL329C
YKR081C	YLL045C
YBL007C	YHR016C
YDR394W	YMR001C
YPL082C	YPL139C
YBR183W	YGR060W
YJL164C	YPL077C
YDR457W	YLL039C
YFR024C-A	YLR144C
YER131W	YLR150W
YDL008W	YKL022C
YDR347W	YIL093C
YIL139C	YPL167C
YBR154C	YJL140W
YHR167W	YNL253W
YLR065C	YNL255C
YBR127C	YPL151C
YDR299W	YJL010C
YDR510W	YOR185C
YGL180W	YPR115W
YNL061W	YNL110C
YGR109C	YOL054W
YBR222C	YER125W
YDR364C	YPL178W
YDR394W	YOR259C
YJL164C	YNL196C
YBR079C	YMR186W
YNL094W	YNL243W
YDR357C	YLR423C
YAL038W	YJL039C
YDR398W	YFL045C
YFL039C	YLL026W
YIR022W	YML012W
YLL039C	YPL224C
YJR144W	YNL312W
YMR186W	YNL051W
YDL177C	YDR247W
YDR460W	YPR056W
YDR101C	YGL030W
YJR059W	YPL012W
YHR068W	YPL070W
YNL197C	YOR171C
YAL021C	YNR052C
YCR086W	YFR028C
YNL102W	YNL255C
YDR188W	YDR523C
YDL208W	YNL124W
YIL144W	YJR059W
YGR135W	YPL144W
YDR315C	YLR264W
YBL026W	YDR381W
YGL173C	YNL308C
YKR001C	YNL330C
YNL132W	YPL042C
YGL120C	YLR449W
YKR081C	YPL141C
YHL025W	YPL129W
YDL126C	YDR330W
YGL030W	YJL177W
YLR175W	YMR031C
YHR218W	YNL255C
YCL056C	YDL198C
YGR156W	YKL018W
YKL059C	YOR344C
YGL025C	YGR104C
YDR473C	YOR159C
YDL222C	YJL016W
YFR002W	YIL149C
YDL101C	YLR098C
YHR165C	YLR133W
YBR136W	YDL220C
YGL153W	YPR105C
TL(UAA)J	YBR123C
YKR081C	YOR206W
YBL007C	YBL105C
YKL051W	YOR153W
YLR203C	YML129C
YJL087C	YPL141C
YPL070W	YPL088W
YJR062C	YKL085W
YHR197W	YKR081C
YDR070C	YJR059W
YJL187C	YNL094W
YDR140W	YNR046W
YDR389W	YJR091C
YBR196C	YOR270C
YDL043C	YLR150W
YBL039C	YDR394W
YDR510W	YOR191W
YAL032C	YNL243W
YOL127W	YOR096W
YOL117W	YOR361C
YIR010W	YLR024C
YHR016C	YPR171W
YLR148W	YML001W
YDR235W	YML049C
YLR442C	YMR223W
YDR382W	YOL100W
YIR010W	YNL330C
YER125W	YOR181W
YGL180W	YHL009C
YDR510W	YOR194C
YDL043C	YNR011C
YIL120W	YLL023C
YNL004W	YNL255C
YDR469W	YPL138C
YBR106W	YKR039W
YFL023W	YPL217C
YEL034W	YOL059W
YHL004W	YKL003C
YJR145C	YLL039C
YER177W	YLR258W
YDR510W	YJL128C
YBR108W	YGR092W
YDR238C	YER151C
YJL039C	YPL169C
YGL051W	YPL076W
YHR016C	YPL038W
YBR108W	YOR181W
YKL206C	YLR199C
YAL053W	YKL051W
YGR126W	YNL154C
YKR064W	YOR249C
YER139C	YPR187W
YJL089W	YKL139W
YGL198W	YKR014C
YDR381W	YGR270W
YER171W	YHR027C
YKL190W	YOR315W
YNL255C	YPL110C
YDR383C	YML051W
YAR033W	YIL109C
YFL039C	YJL081C
YJL098W	YNL255C
YDR324C	YJL010C
YCL059C	YDR457W
YDL082W	YPL249C-A
YGL005C	YMR186W
YDR296W	YNL185C
YHR167W	YLL045C
YDR145W	YPL254W
YAL026C	YMR001C
YJL122W	YNL255C
YBR130C	YGR274C
YDL208W	YNL110C
YKL201C	YNL255C
YPL038W	YPR154W
YEL036C	YPL094C
YML129C	YML132W
YDR448W	YGL112C
YHR102W	YNL161W
YFL037W	YJL159W
YDR280W	YOL142W
YDR045C	YNL255C
YBR062C	YNL255C
YCR059C	YFL039C
YML069W	YML107C
YNL255C	YPL271W
YMR154C	YOR110W
YDR224C	YJR145C
YGR003W	YOL133W
YHR052W	YHR066W
YLL039C	YLR270W
YGR145W	YJL010C
YDL031W	YOL127W
YGL179C	YJR154W
YJL013C	YNL172W
YFL016C	YNL255C
YLL039C	YOR089C
YGL200C	YGR138C
YLR304C	YMR072W
YHR197W	YPR102C
YDL208W	YJL010C
YKL088W	YMR272C
YBR156C	YKR037C
YFL039C	YPR171W
YKL009W	YNL301C
YER177W	YHR027C
YKR055W	YPL161C
YBR091C	YOR297C
YDR041W	YHL004W
YOR181W	YPR154W
YHL001W	YNL124W
YFL037W	YGR155W
YGL209W	YJL187C
YDR043C	YHL027W
YKL178C	YPL204W
YDR224C	YJL081C
YAL024C	YBL087C
YIL142W	YJR070C
YJR066W	YOR181W
YLL039C	YOR173W
YDL239C	YHR184W
YDR388W	YOR284W
YGL229C	YNL076W
YEL055C	YPL126W
YGL112C	YPL248C
YBR298C	YMR264W
YER151C	YLR259C
YER172C	YHR152W
YDL014W	YDR195W
YDR388W	YMR162C
YCR009C	YML011C
YDR473C	YLR423C
YAL024C	YDR516C
YDR481C	YNL197C
YLL039C	YOL137W
YDR365C	YGL123W
YAL026C	YJL042W
YDR127W	YFR024C-A
YHR027C	YJR077C
YDR013W	YHR118C
YJR059W	YMR196W
YOR089C	YOR370C
YBR017C	YKL212W
YGR275W	YLR357W
YHL050C	YNL255C
YLR359W	YOR361C
YCR086W	YGR126W
YJL061W	YOR224C
YFR028C	YKL203C
YFL037W	YNL223W
YDR481C	YJR066W
YHR129C	YPL174C
YFR028C	YLR079W
YBR036C	YGL051W
YOR141C	YOR189W
YHR027C	YJR121W
YDL147W	YGL141W
YHR197W	YKL172W
YDL090C	YKL019W
YLR007W	YNL255C
YER172C	YPL105C
YDR074W	YNL154C
YMR314W	YPL144W
YDR510W	YPL075W
YDR227W	YNL030W
YBR298C	YDL212W
YDL236W	YNL255C
YPL162C	YPR079W
YMR216C	YNL277W
YGL242C	YKR099W
YOR254C	YPL076W
YML001W	YOR070C
YKL210W	YLL039C
YAL024C	YDR232W
YJL123C	YOL109W
YJR082C	YOL061W
YHR027C	YOR270C
YLR211C	YLR446W
YML016C	YOR054C
YCR087C-A	YNL255C
YHL001W	YMR194W
YGR158C	YOL021C
YDR510W	YJL176C
YDR276C	YLR241W
YMR114C	YNL255C
YCR086W	YDL014W
YDR087C	YHL032C
YEL032W	YJL164C
YGL137W	YPL246C
YDR347W	YNL137C
YER172C	YGR075C
YBL026W	YLR264W
YNL293W	YOR089C
YGL011C	YHR052W
YDL190C	YLL039C
YKL139W	YNL004W
YBR106W	YPL094C
YKR079C	YNL161W
YER116C	YPL082C
YBR127C	YPR036W
YDR046C	YGR060W
YGL256W	YNL244C
Q0130	YLR203C
YDR324C	YNR054C
YDR301W	YKL059C
YDL209C	YKL095W
YHR197W	YMR229C
YGL158W	YJR115W
YIR022W	YJR010C-A
YDL082W	YML073C
YKL142W	YMR210W
YJL077C	YNL255C
YHR012W	YJL187C
YGL180W	YOR078W
YLR197W	YPL126W
YER125W	YLR392C
YGL137W	YNL181W
YER154W	YGL137W
YGL244W	YLR249W
YBR155W	YLL026W
YGR156W	YLR277C
YOR063W	YPR154W
YLR246W	YOL110W
YHR154W	YJR002W
YDL204W	YNL154C
YAR007C	YIL126W
YFL018C	YGR193C
YER105C	YMR153W
YAL005C	YLL039C
YBR117C	YPR074C
YKL203C	YNL006W
YNL265C	YOL142W
YKL009W	YNR053C
YFR001W	YPL204W
YLL039C	YNL132W
YER166W	YGR241C
YJL187C	YKL121W
YAL032C	YML103C
YDR299W	YNL255C
YIR010W	YKL006W
YDR510W	YLR044C
YDL043C	YHR165C
YHR133C	YNL279W
YIR010W	YPL143W
YJL081C	YJL098W
YDR381W	YLR022C
YDL209C	YGL174W
YDR510W	YMR233W
YDL111C	YNL197C
YMR032W	YNL152W
YBL010C	YPL018W
YJR145C	YOR096W
YHR027C	YOR340C
YBL030C	YHR027C
YNL255C	YPL139C
YDL070W	YGL179C
YFR001W	YHR052W
YDL173W	YNL183C
YIL126W	YNL255C
YDR113C	YJL164C
YML024W	YNL124W
YNL255C	YOR042W
YDR388W	YLR436C
YDR381W	YOR270C
YDR388W	YNL243W
YBL027W	YHR027C
YDR381W	YPL227C
YCL011C	YIR010W
YDR087C	YGR207C
YFL009W	YKL159C
YDR510W	YPR183W
YDR101C	YLR449W
YLL006W	YOL009C
YDR490C	YHR205W
YLL039C	YPL195W
YDR399W	YLL039C
YJL187C	YKR079C
YER151C	YNL113W
YML074C	YNL255C
YER151C	YPR069C
YBR139W	YER062C
YLR264W	YNL255C
YDL014W	YER063W
YHR154W	YOL039W
YEL055C	YOR294W
YLR325C	YOL127W
YDL043C	YER113C
YBR136W	YOR181W
YBL078C	YGL180W
YDL123W	YHR094C
YDL195W	YDR188W
YNL255C	YPR062W
YDR378C	YLR275W
YGR274C	YHR023W
YJL140W	YOL120C
YLL039C	YMR303C
YBR258C	YKL018W
YBL075C	YLR362W
YLR335W	YOR181W
YML071C	YMR186W
YER017C	YFL018C
YEL036C	YLR268W
YMR106C	YPR003C
YLL021W	YOR231W
YKR001C	YMR033W
YGL112C	YOL072W
YBR135W	YNL030W
YFR002W	YKL068W
YLL050C	YNL079C
YBR154C	YER125W
YDR510W	YLR263W
YDL143W	YER151C
YGR218W	YJR077C
YER151C	YJL138C
YKL095W	YPR101W
YBR273C	YKL213C
YBR173C	YNL255C
YGL187C	YGR033C
YHL004W	YKR085C
YKL144C	YOR224C
YLR291C	YOR095C
YGL011C	YOL146W
YBR183W	YPL076W
YAL024C	YFR028C
YHR052W	YHR085W
YKL079W	YPL203W
YNR011C	YOR159C
YDR473C	YNL147W
YDR381W	YGL237C
YLR129W	YLR197W
YDR214W	YHR027C
YDR388W	YOL058W
YKL172W	YNL255C
YGR092W	YMR229C
YDL020C	YDR394W
YJL164C	YLR133W
YPL203W	YPR187W
YGL161C	YOR357C
YBR127C	YPR116W
YDR489W	YMR048W
YGL112C	YGR094W
YGL112C	YMR005W
YDR388W	YPR093C
YIL062C	YMR109W
YJL164C	YKL166C
YDL212W	YKL212W
YNR054C	YOR096W
YER125W	YJR059W
YCR003W	YER017C
YBR071W	YLL039C
YBL045C	YMR059W
YIL126W	YJL074C
YGR070W	YLL039C
YCR059C	YPR080W
YGL120C	YMR143W
YJL124C	YPL016W
YDR113C	YNL255C
YKL009W	YLR074C
YIR010W	YKR037C
YML103C	YMR047C
YGL256W	YKL108W
YPL106C	YPR093C
YDL180W	YLR452C
YLR229C	YPL161C
YMR303C	YOL094C
YDL126C	YNL255C
YDR296W	YML025C
YML001W	YOL100W
YBL095W	YJL187C
YDR381W	YPL195W
YBL007C	YGL237C
YGL200C	YLR378C
YAL029C	YKL185W
YHR165C	YLL039C
YGR120C	YLL039C
YBL007C	YLR106C
YLR429W	YNL244C
YDR171W	YJL130C
YDR071C	YDR247W
YBR247C	YPR144C
YDR496C	YNL230C
YDL127W	YDR388W
YGR136W	YNL094W
YIL020C	YJL080C
YBR211C	YOR269W
YMR173W	YOL109W
YLR423C	YPR049C
YHR197W	YJL122W
YDL220C	YNL154C
YJL164C	YMR153W
YDR092W	YKL210W
YDL200C	YGR184C
YOR093C	YPR144C
YEL009C	YER022W
YJL014W	YKR036C
YAL027W	YNL106C
YBR156C	YDR510W
YGR033C	YNL255C
YIL075C	YLR421C
YOR063W	YOR253W
YJR059W	YNL293W
YDL143W	YGL116W
YBL084C	YGL016W
YBR191W	YER151C
YAL005C	YOR048C
YER139C	YOR231W
YMR294W	YPL174C
YDR510W	YOR295W
YJL167W	YJR140C
YNL078W	YOL070C
YJR059W	YMR068W
YGR063C	YGR116W
YIL062C	YLR370C
YER030W	YOR361C
YGL120C	YML074C
YDR159W	YJL041W
YLR079W	YNL255C
YLR227C	YOL091W
YKR081C	YPL131W
YOL120C	YPL143W
YJL187C	YNR046W
YOL001W	YPR115W
YGL123W	YNL110C
YKR001C	YMR091C
YDR229W	YJL164C
YDR167W	YIR010W
YGL120C	YKL172W
YGL180W	YNL293W
YGL137W	YNL255C
YGL212W	YPR171W
YGR138C	YOR153W
YDL147W	YJL080C
YKL203C	YNL138W
YBR202W	YIL046W
YGL158W	YMR239C
YDR428C	YLR291C
YPL076W	YPR028W
YFL034W	YNL255C
YFR014C	YML030W
YGL112C	YOR257W
YGR254W	YHR152W
YDR057W	YLL039C
YGR128C	YLR197W
YIR010W	YKR025W
YER139C	YKR081C
YDR428C	YLL036C
YBR225W	YNL154C
YDR414C	YML038C
YHR123W	YPL246C
YLR268W	YPL094C
YLR130C	YNL197C
YBL027W	YOR096W
YJL190C	YOR063W
YCR011C	YGL098W
YHR179W	YPL150W
YFL009W	YPL256C
YBL087C	YJL014W
YCL028W	YER151C
YEL055C	YGL237C
YDL223C	YJR059W
YHR191C	YNL255C
YFR028C	YJR033C
YGR056W	YJL092W
YMR215W	YNL197C
YGL111W	YHR066W
YBR229C	YLL039C
YOR063W	YPL146C
YGR128C	YGR185C
YDR093W	YNL323W
YDR108W	YML069W
YEL015W	YOL149W
YNL076W	YOR061W
YBL026W	YNL147W
YML110C	YNL154C
YFR016C	YLL021W
YFL049W	YGR275W
YNL244C	YPL160W
YFL023W	YGL180W
YAL011W	YBR135W
YDR097C	YKR001C
YBL105C	YBR166C
YER151C	YGR186W
YER139C	YHR143W-A
YDL060W	YPL042C
YFR031C-A	YOR048C
YGL099W	YMR032W
YJL218W	YJR121W
YLL039C	YML106W
YJR145C	YLR186W
YNL027W	YPR106W
YDR130C	YFR024C-A
YGL115W	YGL158W
YNL163C	YNL255C
YGR156W	YNL317W
YDR244W	YOL044W
YGR252W	YNL030W
YBR079C	YOL087C
YCL018W	YJL074C
YDL236W	YLR420W
YAL032C	YPL151C
YDL008W	YDR260C
YNL301C	YOR206W
YGR167W	YOL100W
YGL200C	YOR016C
YJL164C	YKL121W
YBR142W	YHR066W
YLR370C	YMR109W
YGL016W	YKL058W
YOL072W	YOR257W
YEL051W	YGR120C
YDL070W	YJL187C
YKR081C	YOL144W
YNR053C	YPL198W
YGL137W	YJL151C
YMR036C	YNL197C
YKL203C	YNL255C
YBR154C	YPR086W
YLR083C	YPL162C
YER129W	YKL042W
YLR072W	YOR141C
YIL022W	YNL255C
YDR276C	YJR010C-A
YBL106C	YLR423C
YJL187C	YOR101W
YDL126C	YKL213C
YMR140W	YOR351C
YFR024C-A	YHL004W
YLR264W	YOL149W
YJL190C	YNL124W
YGL180W	YML037C
YBL002W	YDL213C
YBL084C	YIR023W
YDL213C	YLR175W
YDR169C	YER090W
YJL214W	YMR243C
YDR380W	YIL027C
YGL120C	YMR229C
YJL190C	YOR204W
YER151C	YOR259C
YCL011C	YJR123W
YLL036C	YOR159C
YLR148W	YOL018C
YDL198C	YDR092W
YKR034W	YPL018W
YML016C	YOL091W
YGL003C	YKL022C
YHR027C	YJR109C
YER177W	YNR047W
YLR106C	YLR153C
YLR291C	YLR377C
YNL117W	YOL045W
YDL031W	YIR010W
YDR284C	YLR083C
YNL255C	YPL143W
YHR114W	YPL246C
YML056C	YOR063W
YJL187C	YNL277W
YDR080W	YGL212W
YBR018C	YMR106C
YAL005C	YOR136W
YFR001W	YPL198W
YIL033C	YMR239C
YLR249W	YPR180W
YJL041W	YMR047C
YBR136W	YKL085W
YDR381W	YLR249W
YAR007C	YML069W
YLL039C	YMR243C
YDR519W	YNL255C
YBR191W	YJL177W
YER088C	YJL164C
YLR222C	YNL075W
YMR047C	YOR289W
YMR093W	YPL012W
YJR060W	YKL089W
YDR169C	YPL203W
YJL081C	YNL136W
YBR191W	YGL123W
YER125W	YOL122C
YLL039C	YPL226W
YDR299W	YNR054C
YFL024C	YGR002C
YJR063W	YOR224C
YJR050W	YNL255C
YHR111W	YPL070W
YMR215W	YOL113W
YDR324C	YLR175W
YJR059W	YLR258W
YER010C	YJR059W
YDR158W	YKL166C
YLR325C	YNL255C
YGL201C	YLR103C
YJL176C	YPR052C
YLR381W	YPR046W
YFR024C-A	YLR422W
YMR032W	YMR162C
YHR029C	YNL317W
YIR010W	YMR093W
YBL025W	YFR028C
YNL255C	YOR173W
YJL092W	YOR194C
YIL041W	YOL018C
YDR510W	YLR028C
YDR227W	YER105C
YDL031W	YNL175C
YGR041W	YLR084C
YBR108W	YPR154W
YFL009W	YKL185W
YKL129C	YMR032W
YJR059W	YKR021W
YGR252W	YMR205C
YEL037C	YML011C
YBR036C	YEL063C
YBL039C	YLL039C
YBR205W	YFR024C-A
YJR063W	YPR010C
YDL031W	YLR449W
YER095W	YPL121C
YMR093W	YPL217C
YGL229C	YPL180W
YGL030W	YNL175C
YDR101C	YHR197W
YMR160W	YMR304W
YDR087C	YLL039C
YMR205C	YPR080W
YDR397C	YPL082C
YHR197W	YOL120C
YJL014W	YJL176C
YEL063C	YOR161C
YKL101W	YOL125W
YBL007C	YDL139C
YDR446W	YJL036W
YKL180W	YNR053C
YDR299W	YPR144C
YJR145C	YMR229C
YLR150W	YNL110C
YDR324C	YPL160W
YKL009W	YNL182C
YBR298C	YGL051W
YAL062W	YPL160W
YBR202W	YLL039C
YBL002W	YGR252W
YBL103C	YOL067C
YER164W	YGL244W
YGL003C	YIL142W
YAL021C	YNL216W
YGL051W	YKR039W
YIR010W	YPL016W
YOL045W	YOR276W
YGL137W	YPR108W
YBR001C	YHR102W
YDR390C	YGR048W
YJL074C	YLR086W
YER022W	YLR071C
YGR072W	YLL039C
YDL060W	YOR204W
YKL085W	YLR074C
YDR080W	YLR148W
YBR142W	YDL168W
YAL029C	YLR249W
YOR153W	YPR149W
YBR088C	YLL002W
YDR028C	YNL009W
YNL298W	YPR115W
YKL042W	YNL078W
YGL210W	YML086C
YBR247C	YLR264W
YEL062W	YOR138C
YPL210C	YPR088C
YJL203W	YMR285C
YIL022W	YIR010W
YDR381W	YNL255C
YLR144C	YLR429W
YJL124C	YOL149W
YBL039C	YCR031C
YDL007W	YGL048C
YDL100C	YLR268W
YGR135W	YIL105C
YLR197W	YNL124W
YGL025C	YOL130W
YGL137W	YIL142W
YBR247C	YLR197W
YDL088C	YML103C
YHR179W	YLL039C
YAL038W	YIR010W
YER038C	YML023C
YDR013W	YKL108W
YDR188W	YLR075W
YCR087C-A	YIR010W
YBL037W	YNL197C
YOR042W	YOR181W
YLL039C	YOR322C
YFR015C	YPL219W
YGL161C	YGL212W
YKL058W	YMR005W
YDR171W	YOL083W
YIL153W	YNL314W
YIL042C	YJL098W
YEL051W	YKL080W
YHR023W	YMR015C
YKL006W	YKL009W
YDR162C	YMR299C
YBR247C	YKL159C
YJR065C	YLR203C
YDR145W	YNL255C
YGL120C	YLR197W
YDR260C	YML072C
YLR291C	YMR032W
YDL168W	YMR229C
YBR106W	YHR133C
YOR096W	YPL198W
YJL039C	YPR080W
YBR107C	YOL054W
YMR005W	YPL129W
YER177W	YOR063W
YBR036C	YMR306W
YBL007C	YDR520C
YHL025W	YIR010W
YDR322W	YLR439W
YDL132W	YIL046W
YBR155W	YMR216C
YDR105C	YJL178C
YJR059W	YNL074C
YDR301W	YMR061W
YJR059W	YLR410W
YKR046C	YLL039C
YML001W	YOR370C
YDL082W	YOL127W
YBR106W	YHR027C
YFR028C	YKL108W
YJL048C	YLR368W
YCL008C	YHR016C
YGL179C	YJL084C
YBR273C	YDL126C
YDR324C	YDR365C
YIL093C	YNL255C
YKL125W	YPR080W
YLR075W	YPL198W
YFL041W	YGR260W
YLR131C	YNL161W
YOR259C	YPL248C
YLL039C	YOL013C
YKL166C	YOR068C
YFR014C	YLL043W
YGL156W	YLL039C
YGL171W	YLR186W
YBR155W	YEL030W
YJL177W	YOR063W
YDR130C	YPR163C
YJR154W	YOR351C
YMR216C	YOL021C
YBR126C	YGR092W
YGL179C	YKR079C
YDL200C	YHR033W
YDL220C	YGL256W
YDL022W	YDR510W
YDR159W	YMR047C
YJL187C	YOR078W
YIR010W	YOR204W
YGR135W	YLL039C
YBR154C	YOR224C
YEL034W	YPL204W
YBR041W	YJL052W
YGL120C	YPL151C
YOR224C	YPL203W
YLL036C	YPL151C
YDL100C	YOL044W
YDR510W	YMR215W
YDR051C	YNL255C
YLL036C	YLR323C
YDR127W	YGL048C
YJR092W	YLL039C
YGL179C	YOR251C
YDR224C	YNL157W
YKL129C	YOR181W
YHR069C	YOL021C
YDL085W	YLR371W
YDR510W	YML074C
YFL037W	YJL014W
YML088W	YOL133W
YEL013W	YPL180W
YEL002C	YLL028W
YBL002W	YNL157W
YDR129C	YJL138C
YER172C	YJR050W
YKL009W	YOL120C
YKL180W	YML024W
YDR116C	YNL185C
YLR175W	YPL157W
YHR052W	YLR449W
YJL014W	YJR090C
YDR513W	YLL039C
YBL030C	YBR017C
YJR002W	YKL099C
YGL120C	YOL041C
YDR247W	YGR200C
YBR215W	YDR381W
YER151C	YJL177W
YDR301W	YDR381W
YML072C	YPL265W
YOR254C	YOR324C
YAL056W	YPL203W
YDL031W	YKL009W
YDL213C	YMR229C
YJL052W	YLR320W
YNL061W	YPR102C
YER050C	YIL093C
YNL132W	YPL012W
YEL034W	YHR027C
YEL022W	YJR077C
YJL124C	YOR109W
YLR153C	YLR259C
YBR110W	YGR060W
YCL059C	YOR096W
YLL039C	YNR007C
YIR010W	YOR127W
YFR024C-A	YGR241C
YDR469W	YKL018W
YHL004W	YLR423C
YBL017C	YOL018C
YBR080C	YIL046W
YLR291C	YPL069C
YHR052W	YMR229C
YER106W	YER177W
YDR169C	YLR249W
YOL127W	YOR063W
YBR143C	YLR371W
YIL105C	YKL203C
YDR143C	YMR310C
YDL100C	YOL111C
YIR038C	YJL151C
YKL172W	YOL041C
YIL156W	YLR014C
YJR076C	YJR092W
YGR184C	YOL038W
YDR092W	YNL116W
YGR083C	YNL265C
YDR334W	YDR510W
YIL062C	YNL255C
YJR063W	YMR239C
YJL052W	YLL036C
YDR280W	YNR024W
YNL255C	YNR027W
YEL032W	YGL201C
YLL039C	YOL018C
YGL025C	YPR052C
YOL006C	YOR009W
YDL189W	YLR186W
YML012W	YMR015C
YMR146C	YOL061W
YEL037C	YOR257W
YHR152W	YPR018W
YIR038C	YJR073C
YEL032W	YPR135W
YDR247W	YOR177C
YLR275W	YLR298C
YLL026W	YLR249W
YDL043C	YMR304W
YER126C	YKL009W
YDL147W	YHR027C
YGR179C	YLR381W
YGL050W	YJR031C
YCL054W	YGL120C
YFR008W	YOR276W
YML073C	YOL127W
YCR009C	YGL060W
YJL124C	YLL036C
YMR118C	YPL134C
YGR275W	YKL101W
YBL002W	YDR224C
YBR094W	YOR061W
YJR145C	YML056C
YDR324C	YLR197W
YFR039C	YNL006W
YLR277C	YLR429W
YDL222C	YGR065C
YBR214W	YLR079W
YDR365C	YML105C
YGR184C	YLL039C
YDR143C	YLR106C
YCL011C	YGL008C
YBR106W	YGR138C
YKL061W	YNL255C
YGR129W	YPR101W
YER141W	YJL092W
YEL037C	YPL096W
YLR102C	YMR001C
YFR001W	YKL009W
YHR083W	YNL092W
YDR233C	YLL039C
YDL220C	YGR092W
YNL255C	YPR173C
YBR127C	YKL080W
YMR180C	YNL154C
YKL172W	YPL012W
YIR010W	YJL081C
YFR014C	YLR274W
YDL147W	YDR069C
YIL095W	YML037C
YBR275C	YLR382C
YDR171W	YJR148W
YER145C	YOR357C
YAR007C	YNL124W
YGL099W	YLR387C
YBL084C	YLR102C
YDR227W	YIL075C
YJL041W	YMR153W
YGR260W	YKL008C
YJL050W	YOL115W
YER125W	YKL150W
YDL077C	YLR262C
YGL028C	YNL197C
YEL037C	YOR157C
YHR073W	YOR294W
YPL222W	YPL254W
YBR247C	YPL204W
YNL255C	YOL129W
YBL091C-A	YOL113W
YDL239C	YKR034W
YBL017C	YJR066W
YDR297W	YEL002C
YDR101C	YHR085W
YHR104W	YNL154C
YCR086W	YIL152W
YAL032C	YLL036C
YCL038C	YLL039C
YDR130C	YIR010W
YDR388W	YNL206C
YDR145W	YIR010W
YDL222C	YML072C
YEL051W	YLR291C
YGR145W	YLR186W
YER145C	YLR413W
YGR218W	YJR061W
YGR128C	YIL091C
YJL190C	YLR075W
YJR049C	YJR059W
YIL126W	YMR033W
YBR017C	YMR047C
YDR188W	YGL116W
YDL132W	YFL009W
YFR031C-A	YJR123W
YNL027W	YNL154C
YLR377C	YML050W
YDR233C	YHR027C
YGL071W	YGR211W
YDR145W	YPR086W
YDR036C	YIL093C
YJL041W	YPL169C
YPR093C	YPR187W
YAR007C	YJR144W
YCR076C	YGL137W
YPL111W	YPL160W
YBL084C	YNL172W
YKR085C	YLR439W
YGR057C	YIL109C
YEL051W	YPR036W
YBL017C	YLL039C
YAL024C	YGR254W
YDR510W	YLR335W
YFL039C	YPL129W
YGL105W	YNL119W
YKR081C	YPR045C
YJL112W	YKL068W
YGL179C	YGR038W
YMR210W	YOL113W
YLR378C	YPL094C
YCR073W-A	YNL255C
YGR065C	YML072C
YJL167W	YJR059W
YDR365C	YER127W
YBR107C	YBR211C
YDR188W	YGL083W
YER151C	YKL172W
YDL070W	YNL298W
YKL067W	YPR010C
YDR086C	YPR071W
YBR196C	YHR027C
YPL129W	YPL203W
YJL050W	YMR304W
YDL051W	YGL180W
YER151C	YPR102C
YLL039C	YPR074C
YFR001W	YIR010W
YBR083W	YFL009W
YAL038W	YDL116W
YEL036C	YJL183W
YJR059W	YKL061W
YDR296W	YDR405W
YNL255C	YOL038W
YDR510W	YPR180W
YDR469W	YDR510W
YGR002C	YNL136W
YGL180W	YMR173W
YER151C	YJL190C
YMR186W	YOL013C
YGL158W	YPL254W
YDL051W	YML105C
YIL135C	YJL164C
YKR097W	YLL039C
YJL092W	YPL121C
YBL026W	YGR077C
YHR027C	YML057W
YDL224C	YNL197C
YGL115W	YMR001C
YKL166C	YMR184W
YER151C	YLR153C
YDR118W	YLR401C
YAL005C	YBR215W
YAR003W	YLL039C
YDL060W	YDL213C
YLL039C	YPL134C
YIL152W	YLR423C
YGR092W	YPL150W
YDR510W	YOR189W
YAL005C	YMR186W
YJR012C	YLL061W
YDR357C	YPR182W
YER151C	YMR186W
YJL164C	YLR275W
YKL059C	YPL008W
YDL213C	YGR145W
YFR037C	YMR186W
YDR510W	YGR246C
YBR247C	YDR324C
YDL201W	YNL255C
YLR138W	YNL255C
YDL213C	YNL186W
YAR007C	YGR270W
YDR145W	YER164W
YFR009W	YJL189W
YGL008C	YIR010W
YJL098W	YMR005W
YFL034W	YOR351C
YIL125W	YMR072W
YDR510W	YJR076C
YDL082W	YHR052W
YDR284C	YPR071W
YHR023W	YPL242C
YBL002W	YLL039C
YDL160C	YGL173C
YNL110C	YPR143W
YER151C	YNL061W
YCL036W	YNL255C
YDR100W	YPR079W
YFL044C	YKL213C
YDR130C	YIL144W
YDL189W	YPL049C
YFL017W-A	YPR057W
YIL108W	YLL039C
YCL059C	YGL171W
YFR014C	YJL189W
YDL160C	YNL147W
YDR163W	YNR011C
YER110C	YJL130C
YLR292C	YNL003C
YNL194C	YPR079W
YKL142W	YOL059W
YPL061W	YPR080W
YER151C	YKL009W
YDR414C	YOL075C
YHR027C	YML070W
YBL040C	YEL063C
YDL199C	YLL039C
YAL005C	YOR132W
YJR065C	YLL039C
YHL001W	YMR052W
YGR277C	YNL255C
YGL030W	YKL029C
YGR270W	YOR204W
YBR156C	YFR028C
YKL033W-A	YNL255C
YLR291C	YPR105C
YIL109C	YLR268W
YDR143C	YOL094C
YHR104W	YLL039C
YKL166C	YLR044C
YJL164C	YOL130W
YNL197C	YNL305C
YDR458C	YJL092W
YBR272C	YDR394W
YDR212W	YGL137W
YHR052W	YOR294W
YFL037W	YMR304W
YDR451C	YNL197C
YDR453C	YMR059W
YGL158W	YOR362C
YDL141W	YGL105W
YDR510W	YGL130W
YDL100C	YHL004W
YGL156W	YOL083W
YDL209C	YPR101W
YBR106W	YDL093W
YBL097W	YGR135W
YAL021C	YBR172C
YDL188C	YDR523C
YJR145C	YPL012W
YDL239C	YLR072W
YBR164C	YJL164C
YBR106W	YNL130C
YDR311W	YPR056W
YHL004W	YNL137C
YAL024C	YGR238C
YDR171W	YGL106W
YDL188C	YGL011C
YOL082W	YOL100W
YGR217W	YNL291C
YBL087C	YER151C
YEL009C	YOR298C-A
YAL005C	YMR261C
YHR052W	YKL006W
YBR247C	YMR229C
YGL053W	YPR174C
YER151C	YPL249C-A
YFL024C	YPL082C
YFR028C	YNL250W
YDL220C	YNL102W
YJL190C	YPL146C
YGR223C	YPL028W
YDR430C	YGR193C
YDR155C	YOL068C
YFR028C	YLR131C
YDR315C	YLR323C
YDR195W	YGR156W
YML012W	YMR123W
YAR062W	YNL255C
YDR365C	YLR175W
YLR275W	YNL147W
YBR202W	YMR048W
YAL026C	YML069W
YDR118W	YLR102C
YDR229W	YDR388W
YAL032C	YMR125W
YIL075C	YOR259C
YDL043C	YMR117C
YJL035C	YLR275W
YNL151C	YOR224C
YBL105C	YLR234W
YER151C	YLL045C
YJR121W	YNL004W
YER110C	YPL075W
YGL016W	YGR180C
YGL053W	YPL020C
YHR096C	YOR153W
YNL082W	YOL090W
YER065C	YJR066W
YLL009C	YNL255C
YOL126C	YPL180W
YGL180W	YOR141C
YMR117C	YOR206W
YJL112W	YKR036C
YHR191C	YOL094C
YLL039C	YLR028C
YKL203C	YMR036C
YDL014W	YIR010W
YDR448W	YGR274C
YDR076W	YHR033W
YAL053W	YOR153W
YBL027W	YNL255C
YDR086C	YPL094C
YOR259C	YOR261C
YLL039C	YMR081C
YLL026W	YLL039C
YCL045C	YML051W
YER110C	YFR002W
YLR449W	YNL061W
YBR135W	YHR166C
YGL016W	YOR185C
YDR481C	YPL195W
YGL153W	YKL197C
YBR231C	YJL187C
YDR130C	YPL226W
YFL010C	YLR291C
YFL017W-A	YJL203W
YDR041W	YMR158W
YER125W	YLR079W
YDR304C	YER050C
YGL105W	YMR216C
YOL107W	YPL141C
YKR001C	YLR357W
YGL233W	YNR049C
YDR206W	YOL149W
YJL123C	YJR059W
YNL042W	YNL197C
YLL039C	YLR258W
YKL210W	YML112W
YBR080C	YDL147W
YJL098W	YOR204W
YGL158W	YJR119C
YDL014W	YKL018W
YDR129C	YFL039C
YBL026W	YPL249C-A
YDL132W	YFR028C
YDR523C	YMR196W
YKL101W	YPL203W
YGL210W	YOR070C
YJL178C	YOL129W
YBR136W	YHR114W
YER031C	YOL018C
YMR047C	YPL012W
YDR502C	YHR027C
YNL197C	YPL006W
YIR038C	YML055W
YDL132W	YER007W
YGL180W	YPR049C
YDL188C	YLL039C
YFL026W	YKL203C
YGL173C	YJL124C
YBR154C	YNL113W
YPL129W	YPR187W
YGL127C	YGL151W
YCL028W	YOL094C
YBR097W	YDR388W
TL(UAA)J	YPL007C
YDL043C	YMR288W
YNL230C	YPL012W
YGL094C	YKL012W
YER171W	YPR121W
YER043C	YNL157W
YDL043C	YLR222C
YDR247W	YMR216C
YCL008C	YDR069C
YDR448W	YJL058C
YJR140C	YNL312W
YKL197C	YOL044W
YKL022C	YNL172W
YBL027W	YKL180W
YMR229C	YOL041C
YKL074C	YMR216C
YFL037W	YPR010C
YAL026C	YDR238C
YLL039C	YOR316C
YKL067W	YMR203W
YGR021W	YHR165C
YFR028C	YLR128W
YLR197W	YNL255C
YLL039C	YLR149C
YDR188W	YPL106C
YBR028C	YNR046W
YMR125W	YNL330C
YDL014W	YGL120C
YKL141W	YOR065W
YML080W	YNL154C
YLR186W	YOR096W
YHR027C	YOL058W
YHR181W	YNL197C
YGL137W	YLR315W
YBL007C	YLR435W
YDR039C	YKL203C
YJL187C	YMR001C
YGR275W	YNL255C
YDR145W	YJL187C
YNL301C	YPL131W
YER139C	YJL130C
YDR311W	YPR052C
YFR009W	YLR058C
YLL039C	YPL210C
YHR023W	YNL110C
YDL054C	YOR315W
YKL181W	YNL183C
YBR024W	YLL039C
YHR179W	YMR059W
YBR135W	YDR394W
YCR086W	YPR018W
YHR156C	YHR165C
YDL147W	YPL242C
YJL190C	YLR150W
YHR133C	YPR028W
YHL009C	YOL100W
YGL081W	YJL074C
YER038C	YHR154W
YAL005C	YIL026C
YAL043C	YLR277C
YMR117C	YNL250W
YDL053C	YIR010W
YBR142W	YMR229C
YCL008C	YLL039C
YBR136W	YNL265C
YML074C	YPL146C
YCL061C	YPR135W
YDL209C	YNR011C
YER002W	YGL237C
YBL007C	YPL157W
YDL091C	YLL039C
YDL014W	YJR145C
YGL044C	YGR047C
YJR010C-A	YKL009W
YHR197W	YNL110C
YJL164C	YKL042W
YLR074C	YNL182C
YJR115W	YNL197C
YDL220C	YGL180W
YCR086W	YLR291C
YCL011C	YFL039C
YGR186W	YGR274C
YNL124W	YPL131W
YBR211C	YDR394W
YHR052W	YKL180W
YDR365C	YKR081C
YBR175W	YPL138C
YER036C	YGL158W
YLR357W	YPL082C
YBR106W	YOR054C
YKL101W	YNL132W
YML097C	YOR089C
YIR037W	YLR345W
YNR053C	YOR063W
YGL153W	YOL105C
YDL014W	YER164W
YJL098W	YPR054W
YBR107C	YPR049C
YIR006C	YLL021W
YER052C	YHR027C
YFL039C	YML041C
YGL173C	YPR106W
YFR014C	YJL124C
YLR277C	YNL208W
YLL039C	YOL120C
YGL123W	YKL180W
YDR028C	YER177W
YDR383C	YPL018W
YAL011W	YBL007C
YDR251W	YJL052W
YER126C	YMR047C
YML030W	YNL255C
YDR233C	YDR510W
YIL091C	YJR002W
YDR063W	YDR124W
YGR268C	YLL039C
YER139C	YOL100W
YER125W	YGL161C
YGR274C	YPL011C
YJL080C	YOR153W
YDR439W	YJL164C
YAL005C	YMR109W
YAL032C	YMR288W
YDR162C	YNL094W
YDR224C	YDR303C
YCR105W	YGR092W
YBR142W	YNL061W
YLR291C	YOR081C
YER171W	YIL053W
YDR130C	YJL177W
YIR010W	YJR060W
YJL092W	YLR430W
YLL039C	YPR036W
YBR095C	YPL139C
YLR396C	YPL195W
YGR056W	YMR091C
YCL008C	YFR024C-A
YER039C	YNL130C
YLR074C	YOL127W
YLR221C	YNL255C
YDR330W	YGR268C
YCR095C	YHL029C
YER177W	YPR008W
YKL012W	YNL255C
YDR087C	YHR066W
YAL005C	YBL075C
YNR049C	YPL232W
YKL003C	YNL137C
YBR123C	YOR110W
YPL242C	YPR171W
YKL068W	YPL169C
YDL091C	YJL092W
YHL004W	YIL093C
YFR014C	YNL027W
YDR510W	YLR442C
YEL046C	YLL039C
YGR056W	YMR033W
YAL005C	YDR388W
YIL144W	YMR001C
YDR473C	YER172C
YNL255C	YPL131W
YGL105W	YNL021W
YBR126C	YNL244C
YDL008W	YDR113C
YOR294W	YPR045C
YGL030W	YOR096W
YER168C	YGR128C
YMR298W	YPL094C
YDR076W	YHR154W
YMR314W	YOR362C
YBR110W	YMR215W
YML103C	YPL169C
YBR052C	YCR004C
YGL237C	YGR155W
YDR087C	YOR061W
YLL039C	YOL130W
YNL102W	YNL262W
YBR143C	YER151C
YFR037C	YMR072W
YJL124C	YNL147W
YGL120C	YNL113W
YDL147W	YPR003C
YGL098W	YLR440C
YDR296W	YPR100W
YBL105C	YOL083W
YGL120C	YMR093W
YOR215C	YPL204W
YDR113C	YKL022C
YDL051W	YKL122C
YJR101W	YNL137C
YGL003C	YPL242C
YIL046W	YPL038W
YGL113W	YLR103C
YIR010W	YJL080C
YBR154C	YPR093C
YBL052C	YGR270W
YCR086W	YPL204W
YDL128W	YGR295C
YAL059W	YPL131W
YDR394W	YJR109C
YHR027C	YKL010C
YDL111C	YOL142W
YGR128C	YMR047C
YDR381W	YER151C
YBR247C	YPR102C
YEL037C	YPL141C
YIR007W	YJL130C
YDL014W	YGR145W
YMR319C	YOR153W
YGL106W	YPL242C
YGL202W	YLL039C
YDL014W	YDR496C
YLR221C	YOL144W
YJR145C	YLR197W
YBR069C	YDL199C
YGL030W	YML073C
YEL017W	YNL293W
YGL093W	YIR010W
YBR079C	YJL014W
YDL147W	YNL255C
YDL213C	YOL041C
YDL057W	YLR098C
YBR052C	YKL051W
YKL078W	YNL186W
YJR062C	YPL141C
YBL022C	YKL016C
YBR298C	YEL027W
YBR142W	YLL045C
YER151C	YMR146C
YBL017C	YFL023W
YKL042W	YOL091W
YDL147W	YPR159W
YBR001C	YDR171W
YDR365C	YMR229C
YEL013W	YLL039C
YER174C	YJL164C
YDL031W	YPL106C
YGL084C	YLL039C
YFR024C-A	YNL094W
YBL052C	YPR031W
YBR095C	YDR143C
YDR398W	YGR128C
YER069W	YPR046W
YBL007C	YLR325C
YER068W	YJR119C
YJL092W	YMR201C
YDR383C	YOL100W
YKL023W	YKL166C
YBL030C	YIR010W
YBL039C	YJR123W
YER151C	YLL050C
YGL008C	YJR010C-A
YJL039C	YLR249W
YKL125W	YNL255C
YJR105W	YPL141C
YLL039C	YOR131C
YOL129W	YOR316C
YFL017W-A	YPR101W
YNL244C	YOR177C
YLR249W	YOR086C
YLR222C	YNR054C
YGR120C	YIL004C
YDR200C	YMR052W
YHR184W	YPL018W
YMR031C	YNL154C
YER115C	YML109W
YDR490C	YMR109W
YMR047C	YPL217C
TL(UAA)J	YGR047C
YLR249W	YPL226W
YOR063W	YPR051W
YAL005C	YBR017C
YMR303C	YPL150W
YCR031C	YNL132W
YFL037W	YHR027C
YHR154W	YPR052C
YBR247C	YJL010C
YDR212W	YKR036C
YDL173W	YLR382C
YJR002W	YNR054C
YGL011C	YOL038W
YJL130C	YOL120C
YDR189W	YLR268W
YFR014C	YPL146C
YJL138C	YMR205C
YHR114W	YJL010C
YFR028C	YPR042C
YJL050W	YPL190C
YNL006W	YOL126C
YKL078W	YOL041C
YJL039C	YJL061W
YOL013C	YPR069C
YML032C	YNL312W
YMR227C	YPL129W
YIL159W	YMR109W
YBR272C	YOR259C
YDR101C	YGL099W
YGL158W	YOR089C
YLR003C	YNL255C
YOR181W	YPL106C
YEL030W	YLL039C
YDR510W	YER062C
YCR004C	YHR027C
YDR330W	YNL154C
YMR158W	YMR188C
YLR116W	YPL105C
YFR028C	YJL128C
YDR189W	YGL098W
YAR019C	YDR382W
YAL024C	YMR261C
YBL106C	YGR092W
YKL009W	YPL198W
YJR093C	YPR074C
YIL149C	YML107C
YGL237C	YJL081C
YFR014C	YIL053W
YGR047C	YLR277C
YOR181W	YPR171W
YDR414C	YOR254C
YDR299W	YPL217C
YFR031C-A	YJL177W
YGL198W	YLR262C
YDL012C	YJL065C
YNL330C	YOL006C
YBL081W	YNL197C
YLR291C	YOL130W
YDR046C	YIL005W
YDR381W	YPL204W
YDR189W	YHL031C
YCL001W	YLL039C
YDL105W	YEL019C
YDL143W	YDR214W
YGR063C	YPR010C
YHR152W	YNL134C
YHR114W	YPR052C
YLR450W	YMR022W
YDL051W	YNL255C
YDR147W	YGL158W
YEL009C	YPR086W
YDL204W	YGL137W
YGL179C	YNL277W
YDR233C	YIL068C
YKL067W	YMR143W
YDR116C	YLR439W
YGR274C	YPL167C
YAL026C	YAL053W
YGL180W	YLR451W
YHR102W	YLR368W
YJR076C	YPL018W
YCL054W	YHR052W
YJL092W	YMR029C
YDL060W	YPL012W
YDL020C	YGL048C
YDR309C	YPL204W
YDR297W	YIL016W
YGL120C	YNR054C
YBR135W	YDR334W
YDR071C	YDR365C
YJL080C	YMR059W
YML129C	YNL052W
YBL061C	YPL131W
YBL007C	YNL106C
YEL034W	YHR166C
YIR038C	YML125C
YGR120C	YPR105C
YLL039C	YPL096W
YFR001W	YPR143W
YBL002W	YER151C
YDL005C	YGR104C
YLR370C	YNL243W
YGL158W	YOR335C
YLR175W	YNL255C
YIL075C	YOL038W
YGR274C	YKL201C
YNL255C	YOL096C
YCL028W	YDR499W
YDR258C	YPL138C
YDR510W	YJL138C
YGL120C	YHR052W
YCL059C	YPL198W
YPL082C	YPL129W
YML012W	YPL227C
YOR187W	YPL204W
YBR215W	YMR005W
YBR191W	YCR031C
YJL094C	YNL197C
YGL151W	YGL158W
YGL048C	YOR259C
YDR224C	YDR334W
YBR175W	YKL018W
YCL059C	YPL259C
YJR002W	YMR229C
YEL030W	YJL138C
YHR114W	YNL154C
YHR084W	YPL042C
YBR205W	YIR038C
YAL038W	YGL244W
YGL030W	YLR074C
YDR510W	YER088C
YGL060W	YLR381W
YOR224C	YPR093C
YLR291C	YOR284W
YAL026C	YER166W
YHR188C	YPL076W
YHR027C	YPL140C
YGL048C	YPL169C
YDL139C	YGL153W
YDR381W	YJR006W
YER172C	YMR017W
YGR179C	YPR046W
YDL181W	YLL021W
YAR028W	YJL097W
YGL180W	YNL027W
YJL190C	YOL127W
YIR010W	YOL144W
YGL137W	YLR153C
YAL026C	YGL008C
YLL039C	YLR241W
YBL093C	YER022W
YJR002W	YMR093W
YDL147W	YER151C
YFR024C-A	YOR042W
YBL066C	YEL015W
YDR124W	YIL093C
YJL092W	YLR429W
YKL203C	YKR093W
YBR135W	YLL039C
YGL048C	YNL255C
YGR275W	YMR194W
YDL212W	YLL061W
YGL158W	YMR229C
YGL077C	YHR094C
YER022W	YPL129W
YDL082W	YLR075W
YDR378C	YMR221C
YKL150W	YPR154W
YLR275W	YPR101W
YFL024C	YJL081C
YAL027W	YML032C
YKL039W	YLR044C
YFL039C	YMR092C
YAL059W	YER110C
YLL039C	YNL208W
YFR008W	YPR046W
YGR268C	YLR206W
YBL007C	YOR388C
YAL011W	YOR269W
YGL025C	YPL248C
YHR047C	YLR148W
YDL053C	YGR178C
YDL201W	YNL154C
YBR201W	YGR048W
YAL032C	YKL095W
YMR201C	YNL255C
YHR156C	YJL187C
YBL079W	YMR153W
YLR275W	YPL178W
YHR027C	YOR181W
YGL171W	YJL010C
YBR127C	YOR181W
YHR084W	YMR164C
YGL202W	YPL106C
YDL213C	YJL138C
YKR052C	YNL275W
YBR272C	YOL054W
YDL213C	YPL217C
YBL087C	YML073C
YBR069C	YJR077C
YCL008C	YNR006W
YDR388W	YFR030W
YBR079C	YHR027C
YJR088C	YNL255C
YFR028C	YJL149W
YGL233W	YIL068C
YHR052W	YHR197W
YGR275W	YMR033W
YDR106W	YHR129C
YAL011W	YJL081C
YDL147W	YOR362C
YBR130C	YGL106W
YMR047C	YOR257W
YDL116W	YFR002W
YDL116W	YER116C
YER125W	YMR181C
YKL172W	YNL110C
YDL200C	YDR214W
YIL144W	YMR294W
YML118W	YNL197C
YHR027C	YLR058C
YDR398W	YLR336C
YDL195W	YLR268W
YDL070W	YDR381W
YER139C	YKL139W
YKL009W	YKL180W
YBL075C	YGL130W
YGL111W	YKL009W
YIL016W	YMR215W
YHR016C	YJL151C
YJR010C-A	YOR016C
YFR001W	YNL110C
YCL059C	YPL012W
YGL106W	YLR356W
YKL166C	YPL203W
YEL017W	YFR014C
YHR167W	YIL075C
YHR111W	YML110C
YDL133W	YNL255C
YBR141C	YNL255C
YGR118W	YJL177W
YER110C	YHR102W
YDR189W	YDR498C
YGR223C	YPL150W
YGL099W	YOR096W
YML074C	YNL110C
YKL122C	YKL129C
YDL101C	YJL092W
YDR388W	YLR243W
YDL212W	YGR260W
YGL060W	YGR179C
YOL039W	YOL127W
YKL042W	YNL225C
YGL200C	YML012W
YHR052W	YPL012W
YCR033W	YIL068C
YEL030W	YNL161W
YBR191W	YOR063W
YGL090W	YLR265C
YDR381W	YMR229C
YAL005C	YIL075C
YGL158W	YLR303W
YAR007C	YER151C
YIL097W	YMR135C
YKR081C	YPR143W
YDL126C	YER151C
YOR016C	YPL076W
YER127W	YLR315W
YFR015C	YLR258W
YNL255C	YPL134C
YJL048C	YKL213C
YCR030C	YJL098W
YER103W	YNL124W
YBR079C	YLR199C
YER040W	YGR218W
YLR153C	YPR080W
YLR298C	YOR159C
YBR247C	YNL244C
YER043C	YHR027C
YLL023C	YPL138C
YDR217C	YML032C
YDL222C	YLL039C
YER177W	YOR176W
YER022W	YOL135C
YGL011C	YPL144W
YFR021W	YJL187C
YDR068W	YLL001W
YOR096W	YPL131W
YDR388W	YJL102W
YJR049C	YLL039C
YEL012W	YPL141C
YAL032C	YDL209C
YGR001C	YOR351C
YDR167W	YMR223W
YDR381W	YKL018W
YNL255C	YOL120C
YDR510W	YPR031W
YDR247W	YLR003C
YBR173C	YPL144W
YGL056C	YKL051W
YKL198C	YOR298C-A
YMR239C	YOR049C
YER154W	YFR014C
YOR181W	YPR159W
YJR065C	YMR028W
YAL062W	YCR009C
YJR145C	YOR204W
YER110C	YNL030W
YJL039C	YMR047C
YER151C	YNL301C
YLR250W	YNL255C
YDR116C	YKR085C
YIR010W	YNL308C
YDL101C	YEL017W
YMR146C	YOL087C
YLR249W	YNL059C
YLL039C	YMR033W
YJR105W	YPL204W
YOR187W	YPR052C
YFL005W	YNL255C
YER125W	YKL203C
YDL147W	YDR363W
YHR092C	YPR194C
YDR494W	YNR036C
YDR390C	YPR180W
YBR272C	YNL030W
YGR270W	YKR001C
YHR027C	YOR184W
YKL180W	YLR406C
YDR441C	YNL197C
YMR032W	YOL070C
YER047C	YMR109W
YDR101C	YHR052W
YLR075W	YNL124W
YJL197W	YJR031C
YFR003C	YML016C
YLR075W	YOR096W
YKL023W	YKR092C
YER125W	YPL193W
YER179W	YPL121C
YNL175C	YNL255C
YDR303C	YLR357W
YEL015W	YLR082C
YHR027C	YKL210W
Q0130	YKL016C
YIL095W	YLR460C
YDR227W	YFL023W
YBR154C	YKL144C
YGR266W	YJR059W
YLR148W	YPL195W
YML012W	YPL186C
YGL051W	YIL120W
YDL180W	YNL197C
YLR106C	YNL255C
YDR074W	YER019C-A
YJL164C	YKL181W
YMR143W	YMR194W
YDR510W	YGR002C
YIL142W	YKL198C
YBR107C	YPL018W
YBR066C	YCR082W
YDR052C	YLR274W
YLR291C	YPL237W
YHR066W	YKR081C
YDL126C	YDR510W
YBR288C	YLL039C
YAL038W	YFL045C
YFR046C	YMR117C
YLL026W	YOL013C
YGL212W	YLR396C
YDR195W	YMR061W
YDL043C	YPL151C
YDR330W	YDR510W
YGL120C	YPR182W
YMR221C	YPR036W
YML016C	YNL130C
YBR177C	YLR144C
YLR423C	YML041C
YIL144W	YPL016W
YNL255C	YPR132W
YLR150W	YOL059W
YAL005C	YOL149W
YJR066W	YKL126W
YAL012W	YKL210W
YDR224C	YGL241W
YOR351C	YPL203W
YKL074C	YMR125W
YPL131W	YPR102C
YHL019C	YJL164C
YCR028C	YOR254C
YER136W	YML001W
YDR143C	YER009W
YCL056C	YOR037W
YJR066W	YMR228W
YIL152W	YJL112W
YKL058W	YPR086W
YHL001W	YOR096W
YFL017W-A	YHR165C
YDL147W	YOR261C
YGL171W	YML063W
YDL168W	YOR206W
YOR061W	YPL204W
YDR510W	YNL015W
YAL029C	YOR035C
YLR423C	YNL182C
YJL112W	YLL039C
YBR079C	YJL140W
YIR010W	YMR033W
YBR221C	YPL151C
YDR226W	YNL154C
YEL015W	YER105C
YLR102C	YMR092C
YGL003C	YMR304W
YAL059W	YDR101C
YDL014W	YDL168W
YCL008C	YLR417W
YDR510W	YNL007C
YCR071C	YLR439W
YDL126C	YGR104C
YDR388W	YOR181W
YJR036C	YOL115W
YGL077C	YNL197C
YDR171W	YPR144C
YLR439W	YML025C
YHR102W	YNL197C
YLR175W	YOR340C
YDR382W	YJL177W
YKL166C	YPL232W
YBR211C	YLR381W
YHR122W	YHR164C
YKL171W	YOL006C
YFL037W	YLR436C
YER179W	YLR044C
YER110C	YPR174C
YDR439W	YIR010W
YHR027C	YKR039W
YGR128C	YLR186W
YKL185W	YNL330C
YGL050W	YNL255C
YLR377C	YOR141C
YDR214W	YDR523C
YGL157W	YJL023C
YJR156C	YLR423C
YBL103C	YFR021W
YBR177C	YLL039C
YKR090W	YPL204W
YJL025W	YLR423C
YBL002W	YGR275W
YDL159W	YDR162C
YER126C	YLR074C
YGL030W	YLR150W
YKL010C	YLL039C
YLL039C	YLR413W
YLR197W	YNL075W
YML073C	YNL255C
YBR285W	YNL154C
YDR388W	YHR185C
YDR113C	YDR260C
YDL212W	YHR094C
YLR197W	YNL250W
YDL126C	YLL039C
YGL063W	YLL050C
YGL048C	YKL139W
YHR027C	YLL039C
YEL024W	YGR112W
YBL027W	YER151C
YAL043C	YOR063W
YIL084C	YPL082C
YCL059C	YDL213C
YAL005C	YOR086C
YGR194C	YNL265C
YDL128W	YPL150W
YNL255C	YOR357C
YBR173C	YKL206C
YGR145W	YMR093W
YJR014W	YKL009W
YDR143C	YOL155C
YDR101C	YFR031C-A
YJL138C	YOL045W
YHR027C	YIL053W
YLL045C	YPL012W
YJR060W	YPR052C
YBR130C	YNL154C
YGL189C	YLR435W
YGL179C	YKR092C
YDL132W	YER011W
YFR003C	YNL255C
YBL010C	YKL171W
YIL065C	YJL112W
YML016C	YPR138C
YBR241C	YLL039C
YDL126C	YLL045C
YFR031C-A	YGL123W
YDR382W	YMR194W
YAR019C	YPL141C
YJR066W	YKL171W
YFR049W	YIL125W
YDR280W	YOR076C
YJR123W	YOR204W
YMR125W	YPL169C
YER036C	YGR204W
YDR080W	YLR396C
YHR037W	YLL039C
YGR241C	YIR006C
YDR365C	YOR294W
YDR497C	YML072C
YLR201C	YML110C
YHR137W	YLL039C
YFL039C	YPL242C
YDR303C	YPL106C
YDL147W	YIL125W
YMR048W	YOL154W
YDR145W	YPL082C
YLR150W	YOR051C
YBL061C	YEL015W
YNL298W	YOR127W
YMR001C	YOR259C
YJR002W	YOR096W
YJL019W	YNL197C
YDR259C	YDR311W
YHR094C	YPL265W
YNL197C	YPL162C
YHR111W	YIL008W
YOL038W	YOR157C
YBR110W	YEL063C
YDR224C	YKL139W
YJR053W	YMR055C
YDR212W	YGL116W
YMR033W	YMR072W
YLL039C	YNL149C
YDR100W	YPL094C
YLL039C	YNR013C
YBR270C	YNL154C
YDR073W	YMR033W
YDR013W	YDR489W
YDL212W	YPL076W
YHR023W	YLR274W
YLR083C	YMR010W
YDR100W	YPR174C
YDR087C	YNL110C
YOR224C	YPR010C
YDR510W	YLR291C
YGL254W	YGR047C
YLR262C	YLR396C
YMR194W	YPL198W
YER110C	YNL122C
YGL093W	YOL135C
YER164W	YPL254W
YPL087W	YPL227C
YGR249W	YPL203W
YJL151C	YLL039C
YGL153W	YGR077C
YLR406C	YNL255C
YJL167W	YLR256W
YDR510W	YJR060W
YDR381W	YOR213C
YGR223C	YJL164C
YBR143C	YER110C
YDR510W	YHR084W
YDR510W	YER003C
YEL002C	YMR264W
YDR510W	YFR031C-A
YEL018W	YJL014W
YEL062W	YJR090C
YLR229C	YNL271C
YJR010C-A	YML072C
YNL006W	YOR370C
YJL187C	YKR092C
YJR091C	YOR014W
YEL034W	YNL197C
YHR197W	YLR423C
YDL239C	YLR098C
YJR065C	YLR370C
YGL137W	YOR362C
YNL110C	YNL255C
YJR074W	YMR314W
YJL151C	YML097C
YFR028C	YJR063W
YFR037C	YOR207C
YJR123W	YMR194W
YIL144W	YNL078W
YBR216C	YLL039C
YBL097W	YLR086W
YOR141C	YPL082C
YHR171W	YMR183C
YDR162C	YNL298W
YJR031C	YKR030W
YGL120C	YPL012W
YJL128C	YNL053W
YCR009C	YGL137W
YDR299W	YGR218W
YAL005C	YDL139C
YML073C	YMR194W
YDR226W	YGR092W
YDR510W	YNL027W
YDL160C	YNL157W
YGR158C	YHR069C
YER032W	YHR152W
YDL127W	YNL197C
YDR039C	YJR066W
YLR131C	YNL197C
YGL077C	YGR138C
YIL114C	YMR203W
YHR027C	YLR044C
YKL166C	YLR440C
YLL039C	YPR109W
YBL027W	YDR130C
YDR244W	YGR077C
YFR014C	YPR036W
YGR238C	YJL187C
YMR118C	YMR173W
YPL082C	YPR086W
YJL164C	YNL136W
YBL064C	YLR318W
YDR510W	YLL021W
YLR223C	YLR362W
YDL014W	YDR130C
YIL046W	YLR082C
YGR200C	YPL204W
YJL058C	YKL203C
YGL180W	YPL146C
YBL008W	YMR005W
YPL169C	YPL178W
YHR168W	YKL166C
YDL209C	YLR323C
YDR510W	YNL042W
YAL029C	YFL039C
YKR001C	YPL082C
YIL016W	YKL008C
YDR489W	YOL146W
YBR155W	YIL144W
YDR383C	YGR179C
YGL116W	YHR166C
YBL027W	YIR010W
YHR161C	YPL077C
YBR088C	YOL090W
YIL105C	YML057W
YDR510W	YJR063W
YGR048W	YKL042W
YDR091C	YOR176W
YOL082W	YPL135W
YML073C	YNL175C
YBR191W	YNL255C
YOR071C	YOR153W
YBR106W	YDL128W
YIR006C	YNL020C
YLR442C	YML109W
YDR113C	YDR118W
YAL007C	YEL063C
YBL030C	YGL187C
YBL045C	YGR033C
YCR031C	YGL123W
YER062C	YGL090W
YCR059C	YDR400W
YBL079W	YJL061W
YDR129C	YOR181W
YNL161W	YNL255C
YDR303C	YMR186W
YAL032C	YGR270W
YJL098W	YPL180W
YGR200C	YNL298W
YDL054C	YOR016C
YHR133C	YIL016W
YDR394W	YOL094C
YML016C	YMR311C
YLR091W	YPR116W
YLL039C	YPL265W
YDR129C	YDR388W
YGL048C	YNL244C
YKL180W	YMR031C
YNL255C	YPR100W
YGR075C	YHR165C
YDR159W	YMR125W
YBL007C	YLR315W
YKR021W	YOR351C
YEL034W	YML063W
YLR075W	YLR150W
YIL167W	YJR059W
YGR092W	YJL108C
YAR028W	YLL039C
YLR345W	YMR310C
YDR497C	YLL039C
YKL142W	YNL210W
YML051W	YOR197W
YDL082W	YLL045C
YJL124C	YLR275W
YNL255C	YPL138C
YLL039C	YMR059W
YKL101W	YMR032W
YLR377C	YMR186W
YGR231C	YKL171W
YJL153C	YML086C
YDR247W	YIL156W
YGR258C	YPL141C
YDR028C	YLR028C
YPL226W	YPR080W
YJR059W	YKL127W
YER145C	YHR094C
YAL007C	YER110C
YGR007W	YNL255C
YJL164C	YPL123C
YBR017C	YKR046C
YDR101C	YER036C
YJL130C	YJR109C
YFL010C	YOR351C
YBL067C	YNL255C
YFR002W	YML103C
YBR136W	YOR260W
YEL034W	YJR070C
YJR006W	YOL100W
YGR156W	YMR061W
YDR100W	YDR238C
YAL056W	YER020W
YNR053C	YOR294W
YFR014C	YOR054C
YDR510W	YIL053W
YCR032W	YOL057W
YLR429W	YMR229C
YDR296W	YDR322W
YDR214W	YLL039C
YGR178C	YNL157W
YDL143W	YNL255C
YGR218W	YOL149W
YGL081W	YGR155W
YGL127C	YNR010W
YJR062C	YOR231W
YHR066W	YLR075W
YDL208W	YOR206W
YGL137W	YLR260W
YMR072W	YPR052C
YGL179C	YLR030W
YEL034W	YLL045C
YKR081C	YNL230C
YDL031W	YPL131W
YCR033W	YDR510W
YNL138W	YOR087W
YML056C	YPL198W
YDR510W	YMR146C
YDR087C	YOL127W
YCL028W	YGL025C
YGL008C	YGL244W
YIL075C	YLL039C
YNL061W	YPL146C
YDL239C	YMR117C
YMR295C	YNL154C
YLL028W	YLR413W
YDR171W	YLR304C
YJL058C	YOR181W
YJR082C	YPL106C
YLR345W	YMR261C
YGL099W	YLR325C
YIL095W	YOR093C
YBL045C	YML129C
YDR260C	YNL172W
YDR326C	YIL105C
YDL100C	YJL153C
YDL085W	YLL039C
YGL071W	YNL197C
YNL154C	YOR295W
YFR002W	YGR120C
YLR075W	YML073C
YER151C	YGL189C
YDL208W	YGL120C
YIL046W	YLR103C
YDR195W	YJR093C
YLR304C	YOR005C
YER105C	YGL201C
YOR361C	YPL051W
YHR027C	YPL226W
YEL063C	YNL197C
YDR129C	YJR066W
YLR153C	YPL106C
YGL099W	YMR194W
YBR106W	YKL008C
YBR097W	YFL053W
YHR133C	YJL187C
YCL059C	YJR002W
YJL164C	YLR265C
YFR024C-A	YGL060W
YGL123W	YHR027C
YLL021W	YNL271C
YDL188C	YPL106C
YBL039C	YGL048C
YKL101W	YKR071C
YAL027W	YPL146C
YBL010C	YNL255C
YDL115C	YPR187W
YIL046W	YNL007C
YFR028C	YKR021W
YJL177W	YPL249C-A
YLR109W	YOL059W
YBR095C	YMR159C
YHR092C	YKL203C
YDR382W	YKL180W
YLL001W	YNL118C
YGR243W	YNL197C
YDR381W	YPR045C
YHR052W	YNR053C
YBR211C	YPL018W
YMR037C	YPL082C
YIR010W	YML073C
YBL026W	YOR159C
YLL036C	YMR288W
YDR188W	YIL142W
YOR141C	YPL204W
YKL171W	YKL203C
YBL027W	YDR510W
YDR164C	YER036C
YGL115W	YNL183C
YKL172W	YPL146C
YER151C	YFL037W
YER126C	YKR081C
YJL164C	YMR319C
YDR150W	YNL197C
YKL074C	YLR357W
YKR028W	YLL039C
YDR059C	YER068W
YDR087C	YER002W
YFL049W	YNR023W
YMR001C	YPR115W
YFL017W-A	YLR275W
YJL177W	YOL127W
YDR224C	YKR001C
YER125W	YOR241W
YAL005C	YNL078W
YGL111W	YHR052W
YBL039C	YJL177W
YGL026C	YLL039C
YER177W	YLR197W
YGL056C	YLR413W
YJL124C	YPR182W
YBR017C	YEL051W
YDL098C	YLL036C
YJL176C	YNL255C
YLR150W	YOR257W
YOL120C	YOR206W
YBR155W	YPL141C
YGL030W	YLR325C
YBL075C	YLL039C
YHR016C	YLR064W
YFR028C	YOL078W
YDL213C	YER151C
YFR031C-A	YOR096W
YLR150W	YMR216C
YHR114W	YLR064W
YOL082W	YOR231W
YJR066W	YKR097W
YHR027C	YNL183C
YDR171W	YOL147C
YML113W	YNL255C
YGL180W	YPR091C
YKR029C	YPL204W
YER022W	YGL025C
YMR186W	YPL146C
YER002W	YPL150W
YEL051W	YNL255C
YLR175W	YMR205C
YEL063C	YHR133C
YLR249W	YML105C
YLR291C	YOR380W
YIR008C	YNR052C
YIL095W	YLR303W
YDR378C	YNL147W
YGR179C	YLR315W
YLL039C	YLR429W
YLR075W	YNL301C
YNL113W	YOR207C
YEL036C	YML115C
YLL039C	YPL204W
YBL093C	YLR071C
YFR037C	YLL026W
YEL018W	YGR002C
YKL019W	YOL135C
YIL095W	YPL131W
YLR222C	YPL126W
YKL180W	YLL045C
YCL028W	YIL066C
YBL075C	YNL124W
YMR140W	YMR216C
YDR259C	YIL153W
YDL126C	YNL183C
YEL001C	YGR126W
YEL065W	YLL039C
YJR019C	YLL039C
YJR066W	YNL138W
YDR388W	YEL037C
YDR510W	YFR001W
YDR510W	YKR036C
YGR047C	YGR246C
YDR041W	YOR204W
YMR153W	YPL018W
YPL171C	YPL204W
YGR060W	YPR028W
YFR024C-A	YLR206W
YJR010C-A	YOL041C
YIL004C	YIL109C
YDR523C	YPL106C
YHR084W	YML063W
YER175C	YFR014C
YLR381W	YOL054W
YAL021C	YJL112W
YHR012W	YLL039C
YNL197C	YPL089C
YJL036W	YLL039C
YIR010W	YPR187W
YDR301W	YNL317W
YNL197C	YOR049C
YNL255C	YOR095C
YDR394W	YMR216C
YEL023C	YML109W
YKR097W	YNL006W
YGL106W	YPR171W
YGL229C	YJR066W
YGR275W	YNR023W
YIL020C	YLR179C
YAL038W	YPR010C
YBR061C	YNL298W
YJR105W	YNL106C
YDR265W	YGL153W
YLR262C	YOR370C
YGL120C	YPL217C
YGR120C	YNL051W
YHR073W	YHR152W
YER068W	YJR091C
YBR215W	YDR510W
YDR166C	YMR214W
YDR394W	YLR106C
YGR222W	YNR045W
YGL035C	YHR165C
YGL158W	YMR115W
YFL039C	YNL271C
YFR021W	YNR058W
YDR496C	YNL175C
YGR048W	YPL222W
YKR018C	YNR029C
YJL200C	YOL133W
YDR381W	YGL099W
YGR128C	YLL039C
YAL024C	YNL098C
YLL039C	YOR206W
YEL013W	YEL043W
YER002W	YHR052W
YLL026W	YOL094C
YNL113W	YOR340C
YMR186W	YNL127W
YFL004W	YLL039C
YGR270W	YPL082C
YER127W	YNL110C
YPL194W	YPR052C
YLL039C	YPL079W
YHR027C	YJL167W
YHR066W	YIR010W
YDL111C	YNR024W
YPL143W	YPL249C-A
YGL106W	YOR249C
YBL064C	YDR069C
YAL027W	YDL014W
YDR496C	YPR144C
YBR231C	YDR334W
YBR107C	YDR383C
YCL028W	YGL127C
YDR299W	YLR186W
YLR414C	YNL197C
YFL045C	YLL039C
YKL010C	YOR259C
YLR197W	YLR320W
YGL105W	YMR059W
YBL007C	YGL201C
YER031C	YOR036W
YGR252W	YMR227C
YJR123W	YMR093W
YJR002W	YPL217C
YMR143W	YNL255C
YGR218W	YKL029C
YDR381W	YGL044C
YKR014C	YLR396C
YGL120C	YPL016W
YDL154W	YIL144W
YBR272C	YOR362C
YCR033W	YDR155C
YOR340C	YPR010C
YDR300C	YNL255C
YDR381W	YNL230C
YAL053W	YMR238W
YDR448W	YEL009C
YAL005C	YER151C
YCL059C	YJR145C
YBL002W	YOR304W
YJL014W	YNL243W
YBL087C	YOR206W
YMR022W	YNL255C
YHR165C	YNL147W
YJL178C	YPL246C
YDR260C	YKL022C
YFR028C	YKL101W
YDR167W	YGR274C
YEL023C	YJL052W
YGR268C	YOR138C
YJL092W	YLR265C
YDR381W	YDR457W
YDR122W	YNL161W
YDR357C	YGL079W
YFR050C	YOR261C
YMR091C	YPL082C
YFL062W	YJL108C
YGR075C	YLL036C
YJR065C	YOR181W
YKL006W	YNL255C
YDL100C	YML101C
YNL222W	YPL008W
YLR175W	YLR371W
YGR027C	YIR010W
YDR297W	YKL088W
YGL120C	YHR165C
YDR224C	YLR074C
YJL074C	YMR001C
YDL212W	YLL028W
YDR388W	YLR381W
YKR081C	YMR123W
YCL028W	YOL135C
YER020W	YPL268W
YER022W	YGL127C
YBR079C	YLL039C
YER127W	YGL180W
YDL199C	YOR037W
YNL197C	YNR067C
YBL002W	YNL255C
YKL126W	YKL203C
YER110C	YHR027C
YGL030W	YPL249C-A
YDR145W	YEL009C
YBR079C	YMR146C
YPL227C	YPL274W
YBL061C	YGL180W
YBR231C	YML041C
YLR452C	YOL018C
YMR109W	YNR059W
YJR050W	YKL095W
YGR186W	YNL124W
YDR159W	YFR002W
YBR085W	YER171W
YOR110W	YPL117C
YBL026W	YJL124C
YDR244W	YLL039C
YBR041W	YKR046C
YMR153W	YPL204W
YKL009W	YNL255C
YER134C	YHR171W
YLR421C	YPR108W
YHR194W	YOR147W
YBR036C	YBR161W
YJR076C	YOR191W
YLR396C	YOR036W
YER151C	YFR028C
YDR162C	YPL180W
YDL188C	YFR050C
YHR123W	YML012W
YER151C	YJR063W
YJL164C	YOR113W
YGR104C	YPL248C
YLL039C	YPL160W
YDR137W	YMR146C
YJR076C	YPR106W
YKL172W	YNL124W
YIL084C	YJL036W
YDL111C	YGR158C
YCR031C	YIR010W
YAL005C	YPR135W
YGL242C	YKL035W
YHR014W	YOR136W
YOR224C	YPR187W
YAL032C	YDR510W
YER151C	YMR080C
YFL047W	YOR231W
YAL005C	YOL006C
YGR189C	YNL197C
YNL208W	YNL255C
YEL037C	YMR201C
YGR131W	YNL172W
YLR150W	YLR435W
YER103W	YNL157W
YER032W	YMR032W
YHR165C	YML051W
YDR162C	YNL255C
YFR031C-A	YHR085W
YBR018C	YKL108W
YJR123W	YNL308C
YDL160C	YER151C
YLL026W	YPR062W
YHR066W	YKL180W
YMR194W	YOR096W
YBL078C	YOR100C
YLL039C	YLR421C
YBL039C	YOR388C
YGL048C	YLR421C
YMR223W	YPL254W
YDL213C	YDR224C
YER151C	YOL120C
YER040W	YJR066W
YDR448W	YPL082C
YLR150W	YNL255C
YLR327C	YPL042C
YDR456W	YIL171W
YJL140W	YOR224C
YKL142W	YLR179C
YOR078W	YPL198W
YLL050C	YLR429W
YGL153W	YOL147C
YBL007C	YJL151C
YBL014C	YKL125W
YJL063C	YML025C
YFR018C	YNL255C
YDL014W	YML063W
YDR169C	YJR059W
YBR110W	YHR133C
YLL036C	YLR298C
YER036C	YLR197W
YBL069W	YNL161W
YIL149C	YPR144C
YBR275C	YNL216W
YCL059C	YDR365C
YER020W	YKL051W
YDR381W	YER103W
YKL009W	YKR081C
YCR031C	YLR075W
YJR090C	YLL039C
YAL056W	YKL166C
YDR235W	YMR125W
YKL090W	YOL117W
YER095W	YPR010C
YBL007C	YNL020C
YDL116W	YJL039C
YLR377C	YNL006W
YDL147W	YOR209C
YAL038W	YLR153C
YJR063W	YNL154C
YDL058W	YPL117C
YEL036C	YLR378C
YFL024C	YFR037C
YHL004W	YMR186W
YDR016C	YNL255C
YDR259C	YJL164C
YDR473C	YLR275W
YGL025C	YGL127C
YER151C	YKL213C
YJL176C	YNR023W
YDL209C	YFL039C
YDR171W	YLR106C
YDR188W	YJL014W
YML051W	YPL248C
YDR069C	YJL130C
YGR223C	YMR109W
YBR080C	YGL137W
YGL048C	YKL010C
YHR027C	YOR335C
YLR150W	YPR116W
YHR052W	YNL110C
YIR010W	YOR361C
YGL200C	YIL016W
YDR159W	YJR042W
YLR022C	YNL163C
YDL082W	YJR145C
YDR284C	YHL017W
YIR010W	YLR381W
YDR408C	YLL039C
YCR082W	YDR448W
YBR191W	YHR027C
YJL187C	YLL028W
YLR109W	YMR022W
YDL208W	YLR150W
YLR325C	YOR063W
YMR037C	YNL136W
YDR388W	YIL033C
YGL048C	YPL248C
YDL002C	YLR357W
YHR027C	YPL061W
YDL070W	YGL158W
YDR299W	YPL126W
YGL077C	YLL039C
YHL001W	YML063W
YFR014C	YGL143C
YHR114W	YIR023W
YEL063C	YJR010C-A
YJL130C	YPL020C
YGR252W	YMR319C
YDR224C	YPL082C
YDR087C	YKR029C
YBL026W	YLR126C
YIR006C	YJR065C
YGL134W	YPL204W
YGR098C	YHL025W
YAL007C	YBR036C
YGL123W	YLR150W
YLL039C	YOR337W
YCR030C	YIR010W
YHR197W	YLR074C
YBR130C	YGL180W
YGR048W	YML023C
YFL010C	YFR024C-A
YBL103C	YJL176C
YBR272C	YPR108W
YBR272C	YDL147W
YAL032C	YHR161C
YHR111W	YIR010W
YKL181W	YPL204W
YMR184W	YPL203W
YDR227W	YPL248C
YLR258W	YPL219W
YBR247C	YDL014W
YNL094W	YPR154W
YGL151W	YNR010W
YOL041C	YPL012W
YLR218C	YNL255C
YER172C	YPR101W
YAL059W	YKL009W
YDL002C	YOR189W
YJL138C	YMR059W
YHR143W-A	YOR224C
YER129W	YPL204W
YBL030C	YIL022W
YER125W	YPL084W
YNL197C	YOR298C-A
YGL130W	YKR001C
YCR009C	YER125W
YJL187C	YNL298W
YJR010C-A	YOR086C
YGL051W	YGR060W
YER164W	YGL112C
YDL212W	YPL265W
YML025C	YNL255C
YJL164C	YOL018C
YFR028C	YGR070W
YGL008C	YOR153W
YDL181W	YGL106W
YDL195W	YDR382W
YBR052C	YGR065C
YDR139C	YLR306W
YHR197W	YPL146C
YGR270W	YLR449W
YFL049W	YMR033W
YJR059W	YML074C
YBL030C	YLL039C
YBR291C	YJR010C-A
YGR275W	YMR091C
YKL023W	YNL255C
YDR381W	YPL151C
YDR381W	YLR435W
YBL075C	YIL004C
YGL106W	YOR035C
YDR346C	YDR510W
YDL147W	YGR135W
YBL027W	YML073C
YDL139C	YMR109W
YAL027W	YER095W
YFL039C	YLL050C
YDL101C	YDR523C
YCL059C	YLR197W
YER052C	YJL058C
YCR009C	YJR066W
YAR003W	YDR469W
YCL011C	YNL298W
YLL039C	YOL073C
YHR027C	YMR091C
YDL014W	YPL198W
YFR024C-A	YPR171W
YDR137W	YPR080W
YMR117C	YPL016W
YIL142W	YLR105C
YGR128C	YMR229C
YBR126C	YJL138C
YDL239C	YIL144W
YJL187C	YMR186W
YBR041W	YJL151C
YBR106W	YDR510W
YML012W	YML016C
YBL061C	YNL233W
YGL198W	YJL036W
YDR382W	YML063W
YGR048W	YPR154W
YGL179C	YNL186W
YDR086C	YNL255C
YIR010W	YOR109W
YDL100C	YNL149C
YDL239C	YLR423C
YER022W	YGR104C
YER110C	YOR213C
YER047C	YPL126W
YDL101C	YKL025C
YDL088C	YER105C
YDL212W	YMR215W
YJR070C	YKL101W
YKL213C	YNL255C
YGL158W	YJR066W
YER043C	YER151C
YGL145W	YLR440C
YEL032W	YNL172W
YLR291C	YOR335C
YAL027W	YOR294W
YKL101W	YMR239C
YML069W	YOL006C
YNL222W	YNL317W
YBR106W	YKL088W
YDR324C	YPL217C
YDR224C	YDR510W
YGR002C	YPR154W
YDR381W	YOR048C
YBR106W	YPL076W
YOR254C	YPL094C
YGR223C	YOR089C
YHR073W	YKL212W
YDL098C	YMR288W
YFL024C	YJL098W
YBR127C	YOR189W
YBL014C	YML043C
YBL056W	YCR009C
YGR270W	YMR091C
YDL082W	YKL172W
YGL105W	YOL113W
YBL007C	YFL010C
YGL179C	YIL091C
YKR071C	YMR216C
YJR010C-A	YPL094C
YGR237C	YKR081C
YEL027W	YLL039C
YDR173C	YMR042W
YLR435W	YPL146C
YFL021W	YJR066W
YBR154C	YDR045C
YKL012W	YOR159C
YNL154C	YOR168W
YFL017W-A	YMR288W
YKL180W	YPL249C-A
YKL135C	YKR021W
YGL111W	YNL061W
YDR299W	YNL132W
YDR173C	YNL255C
YBR211C	YDR383C
YDL111C	YOR076C
YGL120C	YJL122W
YGR060W	YOL003C
YLR263W	YML016C
YCL059C	YER127W
YAR028W	YJL219W
YPL106C	YPR144C
YEL030W	YNL230C
YDR188W	YKL016C
YNL059C	YOR141C
YIL153W	YLR258W
YHR111W	YNL119W
YDL015C	YLR259C
YBR106W	YGR289C
YAR033W	YPR198W
YDR322W	YHL004W
YBR154C	YJR063W
YNL255C	YOL071W
YGL003C	YJL014W
YBR248C	YNL255C
YBR270C	YIL046W
YOR357C	YPL246C
YDR394W	YHR027C
YAL024C	YIL109C
YDR068W	YKL166C
YNL110C	YOL127W
YIL105C	YNL161W
YHR152W	YIL053W
YBR108W	YGL180W
YBR052C	YGL077C
YDR224C	YML074C
YIL023C	YNL197C
YBR247C	YLR175W
YFR028C	YIL095W
YNL075W	YNL110C
YGR223C	YLR377C
YBR221C	YGL130W
YBR191W	YDL082W
YIR037W	YML086C
YAL005C	YIR010W
YEL009C	YNR023W
YDR496C	YKR081C
YHR111W	YLR291C
YBR142W	YKL166C
YER125W	YOR385W
YDL147W	YOR269W
YCL050C	YLL039C
YDL101C	YER173W
YHR185C	YKL166C
YJR091C	YKR037C
YDL212W	YKR039W
YDR191W	YOL113W
YDR188W	YOL100W
YFR028C	YGL003C
YLR047C	YOR351C
YEL002C	YML012W
YAL043C	YNL317W
YDL116W	YPR080W
YIL109C	YLL039C
YML049C	YPL178W
YDR300C	YER151C
YJR010C-A	YKL008C
YER125W	YNL136W
YNL113W	YPR049C
YNL118C	YPL089C
YGR060W	YPL227C
YHR096C	YLL039C
YBR106W	YPL189W
YBR247C	YPL012W
YEL022W	YKR030W
YGL008C	YNL291C
YIR010W	YKL089W
YER164W	YOR304W
YER020W	YGR138C
YAR003W	YKL018W
YMR093W	YNL132W
YDR448W	YLR223C
YER172C	YJL124C
YJL041W	YJL061W
YLR221C	YOL058W
YDR311W	YGR098C
YHR165C	YPL178W
YML032C	YPL194W
YKL219W	YLL061W
YGL051W	YIL095W
YJR119C	YKL210W
YHR161C	YIL095W
YBR172C	YKL074C
YLR291C	YPR010C
YKL139W	YPL077C
YLL045C	YNL061W
YMR125W	YPL190C
YDR414C	YFL041W
YDR101C	YJL041W
YHR114W	YPL049C
YDR496C	YOR206W
YHR114W	YOR181W
YLR222C	YMR319C
YNL175C	YNL308C
YER145C	YHR096C
YHR118C	YKR081C
YKL180W	YOR096W
YGL112C	YGR274C
YAL029C	YBR130C
YER125W	YKR097W
YML008C	YMR059W
YDR510W	YLR256W
YGR155W	YIL066C
YBR085W	YGL167C
YDR364C	YKL095W
YGR185C	YPR106W
YER151C	YKR092C
YBL007C	YPR171W
YHR023W	YKL079W
YNL255C	YPL079W
YDL195W	YGL200C
YDR267C	YHR044C
YDR303C	YOR253W
YMR215W	YPR028W
YBR221C	YIR010W
YLR268W	YPL232W
YLL039C	YOR209C
YDR510W	YLR259C
YAL038W	YJL074C
YDR383C	YPR046W
YBR247C	YJR145C
YHR027C	YML086C
YDL077C	YLR396C
YBR222C	YKL185W
YAR007C	YDL007W
YCR031C	YOL127W
YAL005C	YGL093W
YDR365C	YOR063W
YDR087C	YFR001W
YNL329C	YOL044W
YLR320W	YPR164W
YEL009C	YHR143W-A
YAL062W	YDR388W
YJL190C	YJR123W
YIR038C	YPL246C
YJR059W	YNL186W
YFR014C	YPL156C
YNL222W	YOR179C
YGL180W	YLL043W
YER020W	YOR107W
YIR010W	YPL131W
YBL075C	YKL088W
YAR007C	YLR429W
YMR216C	YNL004W
YNL110C	YOR206W
YEL002C	YHR039C
YDR358W	YLL039C
YDL170W	YLL039C
YIL075C	YNL075W
YER171W	YOR136W
YMR047C	YPR144C
YBL026W	YPL115C
YDR390C	YPL106C
YFR014C	YGL079W
YGL158W	YHL021C
YBR108W	YHR114W
YDL081C	YJR010C-A
YLL039C	YML073C
YFL016C	YIR010W
YKL203C	YOL078W
YBR106W	YDR508C
YDR188W	YGL137W
YHR197W	YML073C
YGR227W	YHR016C
YIR010W	YNL061W
YDL031W	YKL172W
YAL005C	YDL116W
YLL002W	YNL030W
YFR050C	YGL011C
YAL024C	YPR132W
YML049C	YPR094W
YBL106C	YPL174C
YBR138C	YGR223C
YJR090C	YMR032W
YDR212W	YLR030W
YJR053W	YMR001C
YDR247W	YPL217C
YDL043C	YKL074C
YJR137C	YPL106C
YIR022W	YNL255C
YGL120C	YOR061W
YGL044C	YOR250C
YGL212W	YPL246C
YFR031C-A	YOR063W
YAL032C	YDL043C
YMR022W	YOL013C
YMR125W	YNL255C
YEL030W	YJR062C
YBL079W	YPL169C
YCR030C	YOL054W
YNL110C	YNL301C
YCR071C	YJL063C
YBR046C	YNL255C
YJR076C	YNL298W
YBR106W	YJL108C
YDL060W	YPL204W
YGL037C	YGL116W
YLR222C	YPL265W
YDR005C	YOR061W
YDR213W	YHR165C
YGL106W	YNL255C
YCL011C	YNL255C
YER043C	YIR007W
YFR046C	YPL016W
YBR142W	YJR145C
YDL222C	YOL105C
YIL023C	YLL023C
YKL008C	YPL076W
YCL054W	YFR001W
YBR088C	YDR510W
YBR172C	YLR116W
YBR036C	YPL227C
YGL156W	YOL082W
YBR108W	YPL141C
YGR266W	YLL039C
YDR496C	YMR229C
YCR086W	YER106W
YBL045C	YNL118C
YBL086C	YNL154C
YBL075C	YPL042C
YLR103C	YNL102W
YBL002W	YCR086W
YBL002W	YOL087C
YIL037C	YMR059W
YGR178C	YNR014W
YHR027C	YML088W
YHR016C	YNL094W
YDR343C	YNL032W
YCL028W	YPL129W
YER166W	YLL039C
YDR510W	YPL228W
YAL029C	YHR023W
YCR005C	YLL039C
YGL056C	YJL187C
YIL097W	YPL061W
YHR052W	YNL227C
YER022W	YGL158W
YBL074C	YPR182W
YDR489W	YPL077C
YBR002C	YBR041W
YGL158W	YOR261C
YLR292C	YPL094C
YLR249W	YPR062W
YDL239C	YOR324C
YLL039C	YNL117W
YCR086W	YKR034W
YIL144W	YMR117C
YNR023W	YPL248C
YGR258C	YLR430W
YOR197W	YPL131W
YLL039C	YNL255C
YDR030C	YDR188W
YJL098W	YOR061W
YLR153C	YLR249W
YIL075C	YOR362C
YGL179C	YGR126W
YGL112C	YGR270W
YDR139C	YIL046W
YKR031C	YOR255W
YAR007C	YDR097C
YHR197W	YLR106C
YDR448W	YPR173C
YBR183W	YOR254C
YHL001W	YPL198W
YLR150W	YNL136W
YHR164C	YHR165C
YJL164C	YKR090W
YHR027C	YIL075C
YKL146W	YLL039C
YKL101W	YOR252W
YNL255C	YPL028W
YLL039C	YPR042C
YOR299W	YPR054W
YLL026W	YPR173C
YKL172W	YNL230C
YDR496C	YNL061W
YJL082W	YNL197C
YLR129W	YNL255C
YDL077C	YDR080W
YFR028C	YIR010W
YDR496C	YPR169W
YDR188W	YFR009W
YBR229C	YDR221W
YDL132W	YDR139C
YFR028C	YKR031C
YCL045C	YLL039C
YGL120C	YKL042W
YCR071C	YHL004W
YDR214W	YPR010C
YNL132W	YNL308C
YLR270W	YPL245W
YBR247C	YCL059C
YGL158W	YMR243C
YDR074W	YLL039C
YDL120W	YPR004C
YDL212W	YGR060W
YCR087C-A	YDR398W
YGL111W	YPL131W
YGR142W	YJL036W
YHR012W	YNL255C
YIR010W	YMR117C
YNL265C	YPL237W
YBR183W	YDR276C
YML057W	YOR324C
YCR005C	YJL042W
YIL135C	YOR351C
YDR301W	YGR156W
YJL080C	YKL185W
YKR097W	YPL180W
YDR227W	YLR442C
YER067W	YNL255C
YJL140W	YPL129W
YDR398W	YKL101W
YFR024C-A	YOR181W
YGL123W	YIR010W
YMR216C	YPR174C
YDR381W	YER171W
YJL138C	YMR186W
YBR155W	YNL154C
YGL077C	YLL028W
YLL039C	YPL232W
YFR031C-A	YML063W
YFR014C	YJL167W
YJL080C	YJR145C
YER099C	YLL039C
YKR001C	YNL059C
YCL018W	YLR086W
YER151C	YLR406C
YJR059W	YOR070C
YDR280W	YJL050W
YDR388W	YNL138W
YBR088C	YOR213C
YNL243W	YNL298W
YLR213C	YLR260W
YLL043W	YML016C
YDL147W	YOR157C
YJR059W	YKR090W
YAL005C	YDR510W
YDR330W	YGL180W
YHR114W	YJL151C
YNL106C	YPR171W
YJR002W	YPL126W
YMR080C	YOR076C
YGL030W	YNL255C
YIL171W	YPR028W
YBR136W	YCR004C
YGR145W	YJL014W
YML073C	YOL041C
YMR229C	YNL154C
YDR166C	YGL233W
YDR381W	YGL112C
YER113C	YIL120W
YIL093C	YLR074C
YDR171W	YPL106C
YOR109W	YPR171W
YDL110C	YPL204W
YGL120C	YOL115W
YDR510W	YGL157W
YDR330W	YKR094C
YEL061C	YGR135W
YOL094C	YOR144C
YDL082W	YOR063W
YJR058C	YOL113W
YGR048W	YGR178C
YLR291C	YPL049C
YJR059W	YPR115W
YDL082W	YNL255C
YBR175W	YNL255C
YIL156W	YOR181W
YLR150W	YOR206W
YGR060W	YMR015C
YKR092C	YLR429W
YDL222C	YOL100W
YMR036C	YPL204W
YCR086W	YHR152W
YER173W	YOL094C
YEL037C	YER095W
YLL039C	YPL087W
YHR166C	YOR249C
YNL154C	YOR177C
YDR127W	YOR136W
YCR005C	YLR055C
YOL045W	YPL077C
YAL060W	YDR510W
YGL158W	YPL042C
YFL062W	YMR306W
YNL154C	YOL122C
YDR489W	YKL108W
YBR107C	YGL071W
YOL082W	YPL141C
YFL011W	YJL222W
YJR059W	YKL080W
YOL127W	YPL249C-A
YDR005C	YOR207C
YIR010W	YLR197W
YER179W	YOR191W
YBR069C	YDL043C
YLR218C	YLR429W
YCR075C	YPL246C
YML113W	YNL197C
YDR448W	YMR223W
YJL041W	YML025C
YKL101W	YOR181W
YGL237C	YHR052W
YER164W	YMR223W
YGL180W	YOR119C
YDR219C	YHR122W
YGR047C	YKR034W
YFR014C	YJR076C
YJL065C	YNR029C
YBL007C	YER110C
YBL105C	YMR113W
YMR143W	YNL132W
YDL212W	YDR508C
YHR165C	YLR275W
YFR015C	YGL200C
YIL126W	YMR091C
YJR145C	YML073C
YGL030W	YGR027C
YMR125W	YNR011C
YGR218W	YJL061W
YGL051W	YGR260W
YLR377C	YOL126C
YDL239C	YDR273W
YDL147W	YOL126C
YHR197W	YOL041C
YKL010C	YPL259C
YKR068C	YLL039C
YGR116W	YOR061W
YJR103W	YLL039C
YDR092W	YMR140W
YAL043C	YLL045C
YKL142W	YNL161W
YLR150W	YMR173W
YBL027W	YLL045C
YLL039C	YLR128W
YDR238C	YGL137W
YIL137C	YLL039C
YDR143C	YJL052W
YLR375W	YML059C
YKL051W	YOR273C
YLR071C	YPR187W
YJR059W	YML118W
YHL031C	YOR036W
YOL094C	YPL194W
YBR177C	YLL012W
YDR073W	YPL129W
YHR118C	YPL008W
YAL056W	YBR140C
YBL084C	YDR118W
YGR092W	YIL135C
YDR381W	YER050C
YNL301C	YOL127W
YDR510W	YML070W
YDR224C	YLR442C
YBR247C	YOR119C
YBL030C	YEL024W
YCL011C	YGL120C
YNL172W	YPR171W
YDR510W	YFL024C
YDR510W	YLR420W
YML054C	YPL063W
YIL093C	YNR037C
YBR183W	YDR039C
YPR080W	YPR116W
YJR093C	YMR061W
YDL188C	YOL038W
YHR052W	YOL041C
YBL007C	YLR430W
YDR080W	YPL195W
YJL050W	YNR024W
YMR109W	YPL038W
YBL026W	YEL015W
YNL007C	YNL161W
YBR105C	YMR135C
YNL007C	YPL106C
YLR304C	YOL006C
YDL208W	YMR310C
YLR304C	YPL204W
YAL051W	YKL172W
YBL087C	YNL255C
YEL015W	YGL173C
YMR188C	YNL255C
YKL171W	YMR229C
YGL187C	YLR203C
YJL014W	YMR288W
YHR027C	YJL190C
YDR277C	YMR109W
YGR218W	YNL243W
YHR156C	YOR181W
YLR315W	YPL018W
YCR032W	YDL147W
YAR003W	YBR175W
YAL053W	YER020W
YDR188W	YHR027C
YER126C	YNL110C
YJR010C-A	YOR254C
YOL132W	YPL274W
YIL144W	YOL091W
YLL039C	YPL176C
YEL034W	YOR063W
YGL060W	YIL144W
YKR034W	YLR291C
YDR394W	YLR421C
YDR188W	YKL204W
YHR027C	YKL127W
YER030W	YLR186W
YJL138C	YNL255C
YEL037C	YOR261C
YDR030C	YIL142W
YML073C	YNL110C
YJL213W	YNL255C
YDR158W	YLL039C
YGL237C	YIL053W
YML071C	YNL051W
YER151C	YLR150W
YLR083C	YOR071C
YNL132W	YPR144C
YHR027C	YKL171W
YDR247W	YPR010C
YIR010W	YOR304W
YJL177W	YOR096W
YLR371W	YPL169C
YGL180W	YOL070C
YHR052W	YNL061W
YDL077C	YOL013C
YDR295C	YNL154C
YBR136W	YOR189W
YHL004W	YPR100W
YFR031C-A	YLR150W
YOR136W	YPR080W
YLR287C	YOR231W
YFR028C	YJR066W
YER063W	YNL154C
YGL167C	YGR231C
YOR141C	YPL129W
YJL149W	YOL133W
YDR394W	YOR136W
YEL030W	YMR214W
YGL179C	YOL072W
YKR034W	YLR132C
YNR052C	YPR046W
YDR100W	YGR223C
YER040W	YGL167C
YKL185W	YOR351C
YJL146W	YPL203W
YJR042W	YLR371W
YDR388W	YGL060W
YNL265C	YNR006W
YER177W	YPL204W
YML012W	YPL246C
YER164W	YPL082C
YDL220C	YDR143C
YDR508C	YIL114C
YDR280W	YPR010C
YBR105C	YMR061W
YLR221C	YPL131W
YDR139C	YGR003W
YER151C	YMR143W
YDR257C	YLL039C
YDR036C	YKL142W
YJR002W	YLR222C
YGR275W	YNL298W
YMR233W	YNL154C
YFL005W	YPR028W
YBL007C	YBL037W
YJL061W	YKL068W
YDR087C	YPL131W
YER116C	YLR150W
YFR043C	YLL039C
YBR028C	YJR059W
YCR086W	YDR224C
YBL026W	YGR158C
YNR011C	YPL012W
YNL255C	YOL133W
YGR165W	YNR036C
YKL142W	YNL255C
YBR036C	YIL016W
YBR088C	YJL092W
YMR288W	YPR101W
YIR010W	YPR046W
YGL198W	YOR132W
YMR017W	YOR036W
YKL042W	YNL053W
YML105C	YPL210C
YKL144C	YNL113W
YGR038W	YJR059W
YJR121W	YKL016C
YHR014W	YPL204W
YIL001W	YOL133W
YDR394W	YGR092W
YCR031C	YJL177W
YOL091W	YPL018W
YIL008W	YNL119W
YBR142W	YGL078C
YGL025C	YPL042C
YIL126W	YIR010W
YGR128C	YMR093W
YKL012W	YLR116W
YHR052W	YIR010W
YDR284C	YPR036W
YDL053C	YPL042C
YDR510W	YGR048W
YDR212W	YLL039C
YGR149W	YNL181W
YJL187C	YNL206C
YOR063W	YPL226W
YBL093C	YGL151W
YDR381W	YPR094W
YMR311C	YNL255C
YMR146C	YNL244C
YEL009C	YGL025C
YGL073W	YMR037C
YKR025W	YOR207C
YDL100C	YHR027C
YAL005C	YLR357W
YCR009C	YPL249C-A
YER166W	YFR024C-A
YLR249W	YML069W
YDR496C	YKL185W
YDR453C	YJR085C
YDL197C	YNL124W
YGR104C	YOR141C
YDL222C	YHR096C
YNL216W	YPR052C
YFR014C	YLR030W
YJL061W	YMR047C
YML056C	YNL230C
YDR086C	YEL002C
YDR381W	YHR167W
YMR001C	YNL225C
YIL093C	YMR188C
YHR143W-A	YPL203W
YGR167W	YNL183C
YBL045C	YOR065W
YDL101C	YKR097W
YDL007W	YDL020C
YDR143C	YOL117W
YBL039C	YDR388W
YHR094C	YKL203C
YGR287C	YMR216C
YCL059C	YDL014W
YDL159W	YFR028C
YDR280W	YHR069C
YHL025W	YPL016W
YER036C	YNL185C
YGR179C	YML109W
YJR002W	YJR123W
YFL062W	YPL141C
YAL038W	YJL101C
YGR252W	YIL149C
YGL173C	YNL118C
YNL027W	YPL204W
YFL024C	YNL030W
YDR496C	YGL030W
YFL039C	YOR189W
YMR272C	YPL227C
YDL126C	YJR059W
YDR100W	YHR016C
YGR141W	YNL255C
YBR215W	YJR140C
YJL041W	YOR181W
YDL070W	YJR059W
YER172C	YOR159C
YDR510W	YLR086W
YDR502C	YLR153C
YLR429W	YNL106C
YJL187C	YNL227C
YDR381W	YHR185C
YJL039C	YMR205C
YDR510W	YOL043C
YEL046C	YJL074C
YGR060W	YPL076W
YDL208W	YOR340C
YLL039C	YNL102W
YOR119C	YPL146C
YNL255C	YOR054C
YLL039C	YMR015C
YDR481C	YDR510W
YDL143W	YKL142W
YGL137W	YNL274C
YBR094W	YDL015C
YCR031C	YMR194W
YLR222C	YPR144C
YDR489W	YPR135W
YGL242C	YMR109W
YFR024C-A	YGR218W
YLR228C	YPL042C
YLR258W	YOR351C
YFR014C	YOR113W
YDR388W	YPR171W
YDL160C	YHR027C
YDL120W	YOR176W
YJR058C	YNL255C
YEL002C	YIL016W
YOR096W	YPL012W
YLL039C	YLR148W
YLR186W	YMR093W
YDL208W	YGL078C
YJL092W	YJR119C
YHR197W	YOL127W
YER163C	YNL255C
YGR104C	YOR224C
YDR091C	YJR145C
YLR131C	YPL256C
YEL018W	YJL081C
YER028C	YJL124C
YLR262C	YLR304C
YGR142W	YJL053W
YMR183C	YNR049C
YLR175W	YOR063W
YLL028W	YOR016C
YDR348C	YLL039C
YDR456W	YER145C
YGL180W	YNL182C
YHR016C	YOR181W
YDL188C	YOR014W
YLR187W	YNL197C
YGL112C	YNL216W
YFL023W	YKL101W
YLL039C	YLR249W
YGR129W	YPL151C
YAL032C	YML049C
YHR016C	YOR109W
YFL005W	YLL039C
YDL141W	YMR239C
YDR159W	YMR304W
YAL043C	YOR250C
YDR381W	YNL293W
YFL044C	YGR048W
YGR060W	YMR264W
YGL030W	YOR204W
YLR222C	YNL138W
YHR069C	YNR024W
YGL030W	YJR123W
YJL014W	YKL088W
YAL021C	YGR092W
YGR027C	YKL180W
YLL045C	YOR206W
YGL112C	YPL129W
YER151C	YIL142W
YDR188W	YGR254W
YAL005C	YLL010C
YGL095C	YOR036W
YER116C	YJL187C
YBR221C	YPL259C
YDR541C	YKL008C
YGL098W	YLR268W
YBL040C	YMR215W
YDR510W	YFL037W
YFR021W	YHR103W
YDR087C	YHR052W
YGR183C	YML086C
YJL159W	YKL073W
YBL007C	YNL154C
YLR223C	YNL216W
YLR197W	YLR222C
YBR018C	YGL137W
YDR510W	YHR027C
YDR303C	YIR010W
YDR324C	YJR002W
YNL255C	YOR298C-A
YGR266W	YJL164C
YKL088W	YNL255C
YDR516C	YER125W
YGR048W	YKL213C
YDR028C	YDR188W
YDR130C	YMR319C
YLL039C	YOL096C
YNL255C	YPL178W
YEL009C	YPL038W
YDL022W	YHR027C
YBR154C	YMR015C
YHL004W	YKL138C
YJL177W	YJL190C
YGR260W	YLL039C
YBR191W	YDR130C
YGL105W	YJR059W
YDR388W	YOR357C
YDL220C	YFL029C
YIR010W	YLR325C
YOR335C	YOR351C
YGL173C	YNL255C
YCR071C	YDR405W
YJR053W	YMR319C
YER145C	YGR138C
YMR314W	YOR157C
YJL023C	YPR116W
YOR061W	YOR294W
YDR056C	YFR028C
YHR143W-A	YPR187W
YAL005C	YDR301W
YJL025W	YOR380W
YGR155W	YLL039C
YGL030W	YML063W
YGR255C	YOL096C
YGR252W	YOL039W
YKL088W	YOR054C
YAL039C	YJR059W
YBL066C	YDR247W
YFL023W	YPR169W
YNL136W	YNL154C
YDL100C	YKR100C
YBL030C	YOR176W
YJR121W	YPL271W
YLR055C	YMR005W
YDL053C	YEL048C
YDR155C	YDR510W
YLR221C	YNL154C
YGL158W	YJL176C
YJR059W	YKL042W
YLR265C	YOR005C
YIL144W	YJL014W
YBR127C	YNL255C
YER179W	YPR183W
YFR031C-A	YJR145C
YER151C	YKL035W
YJL187C	YLR309C
YHR047C	YLL039C
YKR068C	YNL255C
YCL054W	YNL061W
YJL041W	YPL012W
YJR070C	YOL045W
YFR031C-A	YKL068W
YJL085W	YLR247C
YBR126C	YOL133W
YFR024C-A	YGL180W
YBR083W	YMR164C
YDR116C	YDR296W
YDR233C	YIR010W
YGL201C	YOR157C
YDR448W	YOL072W
YMR194W	YNL298W
YGR135W	YKR070W
YBL045C	YLR132C
YBL007C	YER151C
YJL203W	YLL036C
YDR143C	YGL078C
YGL056C	YGL179C
YDL189W	YGR218W
YAL007C	YBR183W
YJL052W	YML056C
YML008C	YMR228W
YKL166C	YMR223W
YJL190C	YML063W
YJL187C	YNL027W
YML086C	YPL186C
YBR017C	YKL068W
YML049C	YNR011C
YNL172W	YOR315W
YER017C	YNL255C
YAL049C	YNL094W
YDL143W	YJL014W
YGL112C	YPL011C
YFR028C	YGR094W
YBL045C	YKL095W
YGR260W	YIL016W
YHR027C	YPR036W
YDL014W	YPL131W
YPR052C	YPR187W
YJR144W	YNL255C
YGL180W	YNL304W
YDR229W	YGL179C
YCL008C	YMR032W
YDR122W	YGR238C
YFL046W	YNL255C
YLR315W	YPR046W
YGR104C	YJL050W
YHR052W	YLR197W
YER177W	YLR028C
YDR516C	YOR270C
YFR024C-A	YPL246C
YKL129C	YMR109W
YDL167C	YLL039C
YFR037C	YMR033W
YLR393W	YNL154C
YAR018C	YJR059W
YLR197W	YPL217C
YGL053W	YIL109C
YIR010W	YOL041C
YLL039C	YMR304W
YFL021W	YPL190C
YDR259C	YGR066C
YKR036C	YMR228W
YBR079C	YGL130W
YAL027W	YIL105C
YDR388W	YPL077C
YBR069C	YDR171W
YDR137W	YLR262C
YFL009W	YLR079W
YKL022C	YLR102C
YJR093C	YLR044C
YAL039C	YJL164C
YKL101W	YOR168W
YJL123C	YNL330C
YBL039C	YKL029C
YIL008W	YNL255C
YDL147W	YDR394W
YDR497C	YER145C
YDR171W	YDR448W
YDL239C	YOR177C
YBL097W	YDR439W
YLR186W	YLR222C
YDR377W	YJR121W
YJL178C	YOR132W
YGR002C	YJL081C
YKL101W	YLR011W
YCL011C	YDL213C
YFR028C	YKL001C
YNL301C	YPL249C-A
YAL005C	YNL157W
YBL093C	YGL025C
YML051W	YNR010W
YBR135W	YEL034W
YLR377C	YOR070C
YJL092W	YNL078W
YHL023C	YOL138C
YGR158C	YNR024W
YAL024C	YER177W
YOL041C	YOL127W
YDR280W	YMR229C
YDR068W	YMR010W
YEL046C	YHR027C
YGR218W	YOL133W
YDR227W	YER164W
YAL029C	YKL018W
YJL080C	YPL042C
YIL009C-A	YLR318W
YGR274C	YMR227C
YGL116W	YJL164C
YBR205W	YHL031C
YBL087C	YJL130C
YOL017W	YPL245W
YER062C	YHL032C
YJL068C	YOR125C
YNL151C	YOR207C
YGL090W	YOR061W
YGR047C	YPL007C
YPL012W	YPL141C
YFR001W	YPL131W
YNL255C	YPL237W
YDR394W	YMR314W
YDR346C	YOR061W
YOL135C	YPL248C
YDL015C	YDR502C
YJL085W	YLR229C
YJL140W	YLR071C
YLR410W	YNL154C
YFL039C	YHR027C
YDL126C	YDR057W
YCL011C	YHR167W
YIR038C	YOL018C
YFR028C	YMR160W
YNL154C	YNR047W
YGL238W	YHR114W
YLL045C	YPL131W
YDR158W	YDR510W
YBR036C	YIL114C
YDR388W	YMR003W
YFR024C-A	YMR162C
YNR023W	YPL016W
YGR135W	YOL038W
YGL173C	YKL023W
YLL039C	YMR022W
YGR092W	YOL104C
YMR032W	YNL271C
YNL255C	YOL006C
YNL182C	YNR053C
YLR197W	YMR229C
YKL210W	YLR084C
YER125W	YGL180W
YMR047C	YMR153W
YDR315C	YOR078W
YKL045W	YNL102W
YDR326C	YOR048C
YAR018C	YKL166C
YLR148W	YLR396C
YIL095W	YML088W
YMR146C	YNL255C
YDL081C	YNL255C
YLR345W	YOR219C
YNR011C	YPL178W
YLR259C	YOR201C
YKR029C	YNL030W
YHR084W	YPL049C
YKR103W	YLR292C
YML063W	YOL120C
YEL063C	YIL016W
YGL179C	YHR205W
YAL043C	YNL222W
YDR311W	YMR294W
YDR346C	YJL187C
YBL081W	YPR173C
YDR150W	YLL039C
YPL042C	YPL246C
YDR382W	YOL127W
YDL082W	YPL198W
YAL003W	YER151C
YBR106W	YFL062W
YJL128C	YNR058W
YLL039C	YMR221C
YKL125W	YPR010C
YKL144C	YNL255C
YIL126W	YPL129W
YDR381W	YIR010W
YJR059W	YJR099W
YNL197C	YOL007C
YGR136W	YNL293W
YBR218C	YJL092W
YDR394W	YPR108W
YDR086C	YHR027C
YBL030C	YPL063W
YER151C	YHL001W
YIR010W	YLR075W
YDR041W	YJR101W
YHR027C	YPL117C
YER141W	YJL014W
YOR185C	YPL226W
YDR224C	YDR365C
YGL237C	YJL138C
YFL010C	YOR231W
YBR221C	YFL018C
YDL111C	YDR280W
YER110C	YLL039C
YLL039C	YLR079W
YGL179C	YKL206C
YML072C	YOL105C
YDR227W	YOR191W
YER126C	YHR052W
YGR186W	YNL255C
YDR382W	YPL249C-A
YDR005C	YHR205W
YGL180W	YNL314W
YHR111W	YOR251C
YDR394W	YPL248C
YBL087C	YDR496C
YDR510W	YNL030W
YDR382W	YLR075W
YGR104C	YPL129W
YDR297W	YML016C
YGL202W	YHR027C
YDL188C	YPR010C
YNL255C	YOR159C
YLR378C	YOR324C
YDL126C	YKL204W
YBR176W	YKL101W
YEL002C	YGL137W
YBR143C	YJR145C
YMR072W	YOL006C
YHR052W	YJL124C
YLR259C	YLR320W
YGR155W	YPL204W
YLL039C	YOR197W
YDR129C	YLR203C
YDR364C	YIL030C
YDL209C	YNL255C
YDL147W	YFR050C
YBR164C	YLR309C
YJL177W	YLR150W
YLR116W	YMR216C
YJR066W	YMR216C
YHR016C	YKL129C
YOR304W	YPL082C
YGL030W	YLL045C
YDR334W	YML041C
YAL005C	YPL110C
YHR027C	YPR010C
YNR046W	YOL061W
YGR178C	YNL298W
YIR010W	YPL129W
YDR510W	YGR186W
YMR061W	YOR250C
YKL009W	YNL175C
YMR001C	YMR036C
YDR365C	YDR388W
YIL055C	YPL115C
YDR309C	YOR127W
YGR092W	YOL059W
YDR510W	YOL006C
YMR184W	YNL255C
YAR007C	YGL256W
YEL001C	YNL255C
YDL101C	YDR155C
YDR510W	YLR249W
YLR186W	YPL217C
YNL117W	YOL147C
YDR456W	YOR125C
YHR179W	YLR074C
YHR027C	YML106W
YER136W	YOR089C
YBR056W	YLL039C
YDL002C	YNL255C
YER002W	YNL110C
YLR098C	YPR049C
YGR260W	YPR028W
YDL014W	YHR066W
YJR042W	YPL169C
YAR007C	YLR103C
YDR510W	YPR074C
YMR304W	YNL161W
YDL188C	YML109W
YMR072W	YNL255C
YLR429W	YMR109W
YLR044C	YOR270C
YER113C	YPL246C
YDR140W	YNL255C
YGL081W	YOL094C
YLR106C	YNL182C
YDL014W	YPR144C
YBR040W	YCL040W
YNL157W	YPR080W
YIR010W	YJL190C
YBR069C	YDL015C
YGL180W	YJR092W
YHR039C	YML012W
YDR299W	YNL308C
YDR092W	YHR137W
YBL078C	YIL146C
YNL255C	YOR061W
YML024W	YPL012W
YDR130C	YPR010C
YCL040W	YLL039C
YBR017C	YGL105W
YDL213C	YEL055C
YDR046C	YNL197C
YAL038W	YPL203W
YNL042W	YOR014W
YIL026C	YMR001C
YDR377W	YKL016C
YJL164C	YMR196W
YML049C	YPR101W
YNL061W	YPL198W
YBR110W	YJR010C-A
YJR059W	YLR133W
YJL014W	YKR037C
YLR274W	YPR135W
YBL026W	YPR080W
YAL021C	YGR184C
YDL190C	YEL037C
YER151C	YLR197W
YGL123W	YHL001W
YER172C	YNL147W
YLR262C	YMR186W
YER151C	YER177W
YGL173C	YML056C
YDR227W	YDR365C
YDL223C	YNL154C
YFL017W-A	YLL036C
YAL007C	YLL039C
YDR473C	YHR165C
YGL120C	YOR119C
YBR083W	YPL049C
YDR347W	YNL255C
YJL164C	YJL167W
YER179W	YFL016C
YGR135W	YNL255C
YDL216C	YOL117W
YGL011C	YHR027C
YDL012C	YHR032W
YDL014W	YLR175W
YBR106W	YIL048W
YBL007C	YLR064W
YMR258C	YOR089C
YGL198W	YML001W
YER172C	YFL017W-A
YJL130C	YPR010C
YDR510W	YPL210C
YHR197W	YNR053C
YER114C	YPL038W
YDR076W	YER095W
YBL002W	YDR334W
YJL092W	YLR401C
YJR066W	YNL314W
YDR100W	YPL020C
YGL120C	YJL190C
YLR150W	YML073C
YBR182C	YER062C
YGL106W	YPR188C
YGL077C	YLR326W
YBL087C	YHR052W
YKL203C	YPL180W
YEL017W	YMR001C
YPR101W	YPR182W
YDR382W	YHL001W
YJL176C	YMR072W
YJR140C	YMR005W
YKL166C	YPL146C
YEL009C	YGR274C
YAL043C	YLL039C
YPL061W	YPL226W
YHR085W	YLR074C
YHR027C	YJR105W
YOR299W	YPR080W
YLR368W	YPR093C
YKL051W	YML072C
YHR143W-A	YOL090W
YLR222C	YPL217C
YDR167W	YPR086W
YDL014W	YLL036C
YCR071C	YML025C
YDL002C	YNL154C
YFR031C-A	YHL001W
YER114C	YNL298W
YGL120C	YKL009W
YBR142W	YPL141C
YFR002W	YML025C
YLL026W	YMR047C
YGL011C	YLL039C
YNL255C	YNL293W
YCL066W	YHR084W
YGL008C	YJR066W
YER110C	YOL120C
YKL210W	YOR184W
YJR066W	YOR035C
YGL134W	YLR218C
YDR167W	YGL112C
YDR301W	YOR250C
YIR010W	YJL138C
YDR267C	YNL255C
YDR100W	YGL077C
YDL014W	YJL010C
YPL204W	YPR049C
YFR028C	YOR061W
YCL035C	YKL126W
YDR388W	YDR523C
YGL120C	YGR129W
YDL005C	YOL135C
YLR241W	YMR243C
YLL039C	YOR207C
YBR030W	YGL106W
YFL039C	YNL004W
YER180C	YGL026C
YGL189C	YLL039C
YNR011C	YPR094W
YEL055C	YPL141C
YER105C	YMR047C
YHR114W	YOR109W
YDL160C	YNL118C
YDR247W	YGR237C
YBR191W	YGL030W
YDR510W	YML069W
YDR226W	YDR510W
YCL066W	YPL049C
YAL053W	YLR083C
YHR152W	YJR148W
YDR139C	YNL255C
YDR382W	YFR031C-A
YDR508C	YKL220C
YFL062W	YJL059W
YBR052C	YLL039C
YDR068W	YNL255C
YJL081C	YPL082C
YHR016C	YOR284W
YBR110W	YNL048W
YOL133W	YOR261C
YER022W	YPR056W
YDL088C	YJL039C
YMR109W	YNL271C
YDR116C	YDR405W
YHR133C	YPL274W
YAR071W	YBR093C
YHR027C	YHR094C
YOR063W	YPL249C-A
YMR125W	YPL178W
YDL213C	YKR081C
YDR150W	YDR295C
YDR499W	YMR303C
YBL039C	YER151C
YKL166C	YMR081C
YDR301W	YLR277C
YER151C	YOL117W
YMR036C	YNL154C
YNL132W	YPL259C
YDR195W	YNL222W
YDR122W	YJL187C
YKL068W	YMR080C
YFR014C	YPR187W
YNL061W	YOL127W
YBL087C	YPL131W
YJR059W	YPL077C
YNL172W	YOR179C
YBR272C	YGL048C
YAL032C	YJL112W
YFL037W	YOR136W
YGL077C	YPR138C
YDR227W	YJL019W
YCR009C	YLR144C
YHR154W	YPR164W
YIL095W	YLR206W
YNL271C	YPR080W
YLL039C	YLR106C
YCR071C	YDR296W
YDR139C	YJR099W
YBL026W	YPL042C
YIL144W	YLR423C
YFR028C	YGR203W
YDR388W	YHL032C
YGL115W	YJR083C
YKL172W	YOR063W
YGR217W	YLL039C
YCR059C	YLL039C
YGR167W	YKL135C
YBL079W	YDL116W
YER151C	YFL045C
YIR010W	YPR088C
YIL016W	YPR198W
YDR272W	YGR223C
YER020W	YMR186W
YIL159W	YLR452C
YGL180W	YHL019C
YGR270W	YKR092C
YGR060W	YJR010C-A
YOR213C	YOR294W
YIL095W	YMR239C
YAR018C	YPL018W
YJR145C	YLR175W
YMR203W	YPL063W
YCR030C	YMR109W
YLL001W	YPL204W
YDL115C	YGL180W
YDR097C	YNL312W
YGL189C	YHR114W
YJR059W	YMR285C
YDR171W	YGR092W
YFL039C	YNL138W
YDR405W	YLR439W
YEL017W	YGL180W
YGL120C	YLR275W
YJR101W	YOR204W
YBR202W	YGL201C
YGL200C	YJR132W
YDR214W	YOL052C
YKL126W	YLL039C
YFR014C	YKL151C
YER125W	YFR022W
YEL034W	YPR080W
YEL037C	YHL025W
YDR347W	YNR037C
YDR304C	YHR185C
YBL066C	YNL197C
YBL079W	YGR128C
YGL221C	YJR059W
YDL007W	YDL147W
YLR106C	YNL110C
YFR014C	YMR205C
YHR102W	YOR257W
YDR502C	YNL255C
YER172C	YPL151C
YLR074C	YPL131W
YBR094W	YLR264W
YDL007W	YLR421C
YFR033C	YML129C
YJL177W	YJR123W
YDR101C	YOR063W
YGL030W	YHR052W
YKR076W	YLL039C
YDL220C	YLR150W
YDL014W	YPL012W
YGL106W	YOR181W
YHL031C	YIL004C
YER173W	YJL014W
YMR154C	YOR362C
YCL011C	YNL253W
YML063W	YNL255C
YFR031C-A	YGL099W
YBL103C	YIR023W
YNL216W	YPL075W
YMR001C	YNL102W
YFR028C	YOR257W
YIR038C	YJL183W
YGL180W	YHR073W
YLR071C	YOL135C
YLR167W	YNL255C
YKL035W	YLL039C
YKR014C	YLL039C
YHR052W	YLR106C
YLR150W	YPL146C
YBL067C	YOL087C
YER110C	YLR335W
YDR155C	YPL146C
YDL014W	YMR229C
YER105C	YFR002W
YJL130C	YKL010C
YER177W	YHR152W
YDL014W	YGL078C
YBR079C	YIR010W
YGL084C	YPL141C
YDL212W	YGL200C
YIL144W	YPL018W
YBR126C	YLL039C
YBL007C	YNL116W
YKL018W	YPL138C
YDR378C	YJL139C
YBR262C	YNL255C
YGL212W	YOR036W
YDL213C	YDR510W
YDR227W	YML109W
YIR010W	YOR202W
YCL059C	YLL039C
YDR381W	YML012W
YIL108W	YOL126C
YHR114W	YJR090C
YDR229W	YNL053W
YKR099W	YLR359W
YLL039C	YMR036C
YBL017C	YPL049C
YAR007C	YLR304C
YBR127C	YJR069C
YJL190C	YMR125W
YMR106C	YOR110W
YGL180W	YLR429W
YBR135W	YJL138C
YDR373W	YGL153W
YLR298C	YMR125W
YDR113C	YLR102C
YNL161W	YOL070C
YAL007C	YPL076W
YDL014W	YPL126W
YCL059C	YOL127W
YGR048W	YLR450W
YLR381W	YPL018W
YDL116W	YJR042W
YMR186W	YOR197W
YJL053W	YMR010W
YDL101C	YOL082W
YDR224C	YJL176C
YAL062W	YOR362C
YFR001W	YMR229C
YCR031C	YHR027C
YDR229W	YJL187C
YHR164C	YLR442C
YAR033W	YPL076W
YJL108C	YPL076W
YOL087C	YPR108W
YLR197W	YML012W
YBR247C	YOR078W
YDR394W	YOL038W
YCR086W	YML109W
YER065C	YPL180W
YAR003W	YPL138C
YML112W	YNL118C
YOR270C	YPR149W
YBL074C	YDL208W
YCL054W	YDL031W
YAR019C	YMR001C
YAL055W	YDL100C
YOR063W	YPL143W
YMR229C	YOR078W
YGR145W	YOR096W
YBL029W	YKR036C
YGL025C	YOL135C
YER090W	YHR027C
YOL018C	YOR320C
YEL037C	YIL075C
YDR092W	YER061C
YFR014C	YML001W
YAR007C	YBR136W
YBR090C	YNL255C
YEL032W	YLR103C
YJL050W	YKR081C
YDR212W	YIL142W
YAL032C	YJL203W
YCR075C	YDR456W
YKL009W	YLR106C
YFR002W	YLR335W
YBR017C	YPR093C
YAL032C	YBL105C
YFR014C	YLR457C
YHR027C	YLL045C
YML073C	YPL198W
YKL012W	YLR298C
YDL082W	YNL124W
YNL061W	YNL255C
YGR167W	YJL187C
YGL026C	YHR027C
YBL093C	YNR010W
YDL014W	YNL255C
YGL180W	YHR014W
YDL105W	YPR169W
YJR066W	YKR093W
YJL092W	YKL077W
YDR510W	YLR449W
YLR249W	YLR262C
YBR036C	YDL212W
YBR028C	YIL144W
YFL037W	YIR010W
YDR145W	YPL248C
YFL039C	YIL159W
YOR197W	YPR080W
YKL139W	YNL102W
YGL137W	YLR268W
YMR201C	YOL090W
YMR033W	YPL129W
YGR060W	YPL246C
YHR129C	YLL049W
YEL015W	YIR010W
YBR247C	YLR186W
YLL028W	YML132W
YJR059W	YOR276W
YLL026W	YLR357W
YEL061C	YOR058C
YBR069C	YPL151C
YKR079C	YMR099C
YNL255C	YNL339C
YNL197C	YNR047W
YLR150W	YOR058C
YNL255C	YOR252W
YHR167W	YPL178W
YOL117W	YPL096W
YIL047C	YLL039C
YER031C	YKR068C
YJL062W	YPL076W
YJL124C	YNL163C
YJR140C	YMR031C
YDR510W	YEL034W
YBR258C	YDR469W
YER151C	YJL130C
YKL039W	YNL255C
YBL007C	YCR030C
YEL034W	YNL250W
YDR381W	YLL054C
YJR091C	YLL039C
YGR270W	YOR340C
YDR226W	YHR027C
YMR260C	YOR361C
YGL112C	YPL254W
YDL195W	YDL212W
YDL239C	YOL091W
YJL164C	YOR288C
YDR510W	YEL009C
YGR142W	YNL255C
YER055C	YHR027C
YGL011C	YIL075C
YDR108W	YOR259C
YER043C	YLL039C
YDR229W	YMR047C
YDR200C	YNL127W
YHR114W	YNL078W
YIR008C	YNL312W
YGR135W	YOL146W
YDR343C	YGR060W
YLL039C	YMR162C
YGR094W	YHR027C
YNL110C	YOR005C
YAL061W	YNL255C
YHR073W	YNL154C
YNL255C	YOR040W
YFR014C	YGL073W
YDR510W	YOR153W
YGL030W	YHR027C
YNL154C	YNL292W
YHR175W	YNL255C
YGR033C	YOL100W
YDR306C	YNL138W
YBR135W	YKL022C
YGR145W	YMR194W
YBR236C	YGR116W
YDL057W	YJL058C
YGL237C	YJR132W
YBL093C	YOL135C
YDL098C	YGR075C
YNR011C	YPR101W
YHR052W	YOR061W
YER141W	YGR112W
YMR005W	YNL330C
YIL016W	YLL061W
YHL025W	YNL216W
YIL047C	YOL132W
YNL138W	YOL087C
YKL197C	YNL329C
YGR168C	YKL101W
YER036C	YKL101W
YHR165C	YPL151C
YML057W	YMR186W
YMR239C	YNL255C
YGL179C	YPL236C
YCR071C	YOR361C
YDL014W	YLR129W
YKL139W	YKR018C
YER047C	YJL019W
YNL216W	YPL248C
YBR106W	YDL054C
YJL123C	YNL255C
YIL095W	YJR137C
YBL007C	YDR388W
YDL220C	YEL030W
YER019C-A	YJR010C-A
YMR080C	YPR080W
YJR076C	YNL078W
YFL062W	YML012W
YGL051W	YLL028W
YDL208W	YIR010W
YLR221C	YNL110C
YMR173W	YPL141C
YDR130C	YLR075W
YKL029C	YPR080W
YDR101C	YNL182C
YDR381W	YHL001W
YGL077C	YHR096C
YFR024C-A	YNL106C
YDL147W	YOL117W
YHR027C	YOR259C
YDR414C	YNL326C
YDR227W	YML041C
YCL059C	YDR510W
YDR171W	YJL092W
YJR109C	YLL039C
YKL166C	YOL052C
YJR050W	YPR101W
YML001W	YPR106W
YBR135W	YDR510W
YGL112C	YNL255C
YLR075W	YPL226W
YDL043C	YNL210W
YDL209C	YMR125W
YER131W	YNL255C
YDR244W	YGL205W
YDL077C	YLR148W
YDL160C	YLL039C
YGL179C	YLL050C
YFR028C	YJL187C
YFL041W	YPL076W
YFL017W-A	YMR125W
YER151C	YLR044C
YBR247C	YLR075W
YHR197W	YOR063W
YCR071C	YKR085C
YLR151C	YNL255C
YGR120C	YML071C
YNL227C	YOL113W
YIR010W	YMR005W
YGR047C	YMR061W
YFR021W	YJR140C
YMR233W	YNL255C
YJL124C	YML088W
YKL074C	YMR288W
YDR388W	YPR088C
YFL044C	YOR153W
YER163C	YLL039C
YAR019C	YML037C
YLR074C	YPL198W
YBR241C	YPL087W
YDR143C	YLR044C
YEL063C	YIL114C
YDL126C	YPL256C
YER125W	YJL084C
YDR200C	YMR029C
YIL156W	YMR216C
YBL002W	YDR510W
YEL065W	YGL071W
YAL024C	YOR276W
YDR179C	YIL075C
YJL140W	YPR052C
YDR224C	YGR252W
YNL059C	YPL129W
YNL255C	YPR088C
YFL039C	YGL015C
YAL032C	YPR101W
YDL147W	YGR092W
YCR033W	YKR029C
YDR381W	YPL217C
YAR033W	YGR260W
YER050C	YNL137C
YKL016C	YNL255C
YKL135C	YPL259C
YGR063C	YGR186W
YJL098W	YLR249W
YGR012W	YLL039C
YJL014W	YMR106C
YDR489W	YEL032W
YEL009C	YLL039C
YDR343C	YJR066W
YGR178C	YGR218W
YGR218W	YKL045W
YIL075C	YOR261C
YGR252W	YPL016W
YDR224C	YMR223W
YAL005C	YJL039C
YCR009C	YPR062W
YBL093C	YGL127C
YGL105W	YOR231W
YJL164C	YPL146C
YFR021W	YLR222C
YDR171W	YLL039C
YAL005C	YBR231C
YCR031C	YLR150W
YER151C	YLR075W
YGR156W	YOR179C
YDR052C	YNL197C
YDR510W	YER090W
YLR275W	YPR057W
YDL126C	YIR010W
YER036C	YKL006W
YBR107C	YPR046W
YDL008W	YER047C
YER114C	YML109W
YJL039C	YLR044C
YBL105C	YNL154C
YER151C	YLR175W
YDR145W	YGR252W
YER177W	YKL171W
YBL093C	YML051W
YDL005C	YGL127C
YER007W	YFR028C
YGL078C	YLR175W
YDL116W	YPL075W
YGL123W	YNR054C
YDR188W	YJL041W
YGL044C	YPR086W
YDR378C	YOR320C
YJR123W	YNL255C
YIL016W	YLL023C
YMR109W	YOR035C
YDR306C	YER043C
YBR156C	YLR086W
YDL126C	YMR001C
YBR105C	YDR171W
YGL111W	YJL010C
YLL060C	YLR429W
YLR186W	YLR197W
YER125W	YNL305C
YNL298W	YPL115C
YIL114C	YNL130C
YLR144C	YLR175W
YLL039C	YML086C
YDL222C	YKR100C
YIL149C	YOR257W
YKL184W	YNL255C
YBL093C	YMR109W
YIL072W	YOR351C
YJL190C	YLR175W
YKR071C	YNL154C
YBL037W	YJR058C
YGL098W	YNL255C
YOL091W	YOR177C
YDR448W	YOL135C
YKL184W	YPL052W
YDR365C	YPL146C
YDL082W	YMR061W
YGR094W	YLL039C
YFR037C	YPL106C
YER151C	YHR052W
YHR122W	YNL240C
YIR010W	YNL301C
YER151C	YNL175C
YDL093W	YDR139C
YBR205W	YLL039C
YHR114W	YKL129C
YBR066C	YKR015C
YKL023W	YOL061W
YOL083W	YPR049C
YGR060W	YML008C
YJL146W	YJL164C
YBR164C	YML023C
YHR083W	YML086C
Q0115	YIR021W
YAL024C	YGL037C
YDL209C	YDR163W
YIL149C	YPL169C
YFL039C	YOR141C
YBL103C	YPL204W
YER036C	YJL080C
YHR066W	YLR249W
YCR009C	YLR429W
YDR171W	YIL126W
YFR008W	YMR029C
YBL026W	YLR275W
YOL082W	YPL204W
YHR027C	YOL061W
YDR087C	YLR249W
YDR496C	YHR066W
YER110C	YOL127W
YJL084C	YKL135C
YOR294W	YPR102C
YLR129W	YPL217C
YKL051W	YPR138C
YDR306C	YKL085W
YGL048C	YOR257W
YNL175C	YPL198W
YML056C	YNL255C
YER020W	YER145C
YDL126C	YFR028C
YOR259C	YPR108W
YBR191W	YMR194W
YJL176C	YPL016W
YLL045C	YOL120C
YDR159W	YJL039C
YLL039C	YLR291C
YMR106C	YPR088C
YBL027W	YPL249C-A
YJR066W	YOL030W
YFR028C	YJR053W
YKR068C	YMR186W
YER068W	YNR052C
YBR069C	YGL200C
YFL062W	YOR071C
YBL045C	YOR125C
YIL026C	YJL074C
YFR050C	YOL038W
YFR015C	YLR369W
YDR212W	YER173W
YGL077C	YOR273C
YHR154W	YLR320W
YDR200C	YNL154C
YGR118W	YML073C
YJL164C	YPR143W
YER127W	YNL255C
YKR021W	YPR029C
YGR104C	YHR143W-A
YJR059W	YOL082W
YDR388W	YHR016C
YBL017C	YJL178C
YBR138C	YIL046W
YLR406C	YNL110C
YDL014W	YLR320W
YFL039C	YLR335W
YNL301C	YOL120C
YBR288C	YPL195W
YDL208W	YDR510W
YFR014C	YLR259C
YNL317W	YOL045W
YLR336C	YPL268W
YDL031W	YDR087C
YBR172C	YHR165C
YMR186W	YOL090W
YBL079W	YMR047C
YBL026W	YLR128W
YGR092W	YJR060W
YHR120W	YLL039C
YDL116W	YDR159W
YAL007C	YML012W
YNL154C	YOR355W
YPL012W	YPL126W
YGL051W	YKL146W
YDR188W	YMR146C
YBR196C	YPR029C
YDL147W	YMR294W
YFL039C	YIL138C
YBR211C	YGR179C
YBR079C	YPR132W
YEL034W	YFL023W
YBR106W	YDR297W
YKL074C	YLR116W
YFR028C	YNL161W
YOR306C	YPL204W
YBR135W	YBR295W
YDR258C	YHR165C
YMR092C	YPL106C
YDR252W	YNR052C
YGL016W	YLR335W
YCL056C	YFR025C
YBR110W	YPL274W
YML008C	YMR202W
YBL056W	YOR086C
YDL173W	YDR381W
YGR116W	YNL118C
YHR052W	YLR074C
YDR169C	YDR510W
YGR289C	YPR028W
YDR227W	YMR106C
YGL201C	YHR114W
YPL077C	YPL203W
YIL135C	YNL154C
YBR202W	YLR274W
YGR178C	YNL255C
YDL132W	YLR128W
YOL003C	YPL076W
YEL034W	YNL293W
YLL039C	YLR336C
YKL171W	YML051W
YKL206C	YPL051W
YLR292C	YML008C
YDR113C	YJL176C
YIR038C	YOL147C
YEL022W	YLL039C
YBR201W	YDL126C
YLR128W	YOL133W
YOR201C	YPL141C
YIL062C	YPR093C
YOR197W	YOR204W
YOL113W	YPL169C
YBR175W	YLR150W
YMR288W	YPR094W
YJL178C	YOL018C
YKL080W	YLL039C
YFR028C	YJR057W
YGL158W	YGR063C
YCR086W	YDR439W
YDR510W	YIR038C
YDL208W	YIL104C
YOR159C	YPR182W
YER125W	YLR326W
YJL203W	YPL151C
YDR034C	YER043C
YKR092C	YLR197W
YJL039C	YJL041W
YHR068W	YNL255C
YBR017C	YBR205W
YBL075C	YNL293W
YDR244W	YKL197C
YCL056C	YIL065C
YER177W	YNL255C
YDR490C	YOL100W
YLR075W	YOL011W
YFL023W	YNL154C
YER171W	YPR056W
YBL027W	YLR150W
YFR024C-A	YNL020C
YFL005W	YGL233W
YHR165C	YLL036C
YER095W	YER110C
YFL023W	YMR048W
YHR023W	YOR035C
YMR093W	YPR144C
YOR204W	YPL249C-A
YER131W	YGL179C
YGR241C	YPL077C
YKL018W	YKL059C
YDR365C	YIL142W
YLR429W	YNL154C
YER103W	YPL106C
YJL019W	YMR001C
YBL026W	YOL149W
YDR523C	YPL246C
YNL255C	YOR206W
YJR066W	YOL100W
YFL044C	YLL039C
YBL056W	YPL204W
YBL106C	YHR161C
YDL143W	YDR188W
YAL005C	YFL044C
YDR041W	YGR185C
YDR378C	YDR473C
YIR038C	YOL003C
YDR159W	YJL061W
YDL014W	YLR222C
YGL123W	YKL139W
YMR319C	YNL255C
YJR093C	YKL018W
YDR277C	YKL129C
YDL008W	YMR001C
YBR034C	YLR315W
YDR519W	YOR261C
YNR054C	YOR361C
YDR273W	YJL164C
YJR059W	YKL008C
YHR114W	YKR103W
YBR106W	YEL027W
YBR106W	YIL120W
YMR061W	YNL317W
YGL137W	YOR119C
YEL034W	YJR145C
YEL002C	YPL076W
YER114C	YMR080C
YDR147W	YHR087W
YCL059C	YNL110C
YDR005C	YGR246C
YBL026W	YBL066C
YGR254W	YNL255C
YDL014W	YOL144W
YAR019C	YNL223W
YDR446W	YML037C
YER116C	YOR058C
YDR127W	YOL013C
YMR196W	YNL020C
YDR299W	YJR145C
YLL001W	YOR014W
YGR295C	YNL130C
YDR073W	YPL016W
YDR510W	YLR082C
YGL008C	YJR059W
YGL016W	YMR047C
YHR033W	YOR351C
YKL178C	YNL154C
YEL015W	YER032W
YLR131C	YNL157W
YHR052W	YPL249C-A
YAL005C	YJR073C
YGL201C	YMR032W
YCL054W	YHR197W
YDR347W	YJR101W
YGL180W	YOL130W
YLR291C	YPR062W
YJL203W	YLR011W
YGL179C	YNL021W
YGR218W	YNL118C
YHR066W	YMR239C
YKL181W	YOL100W
YGL060W	YMR032W
YFR014C	YPR171W
YIR010W	YNL113W
YFR001W	YOL127W
YBR231C	YNL255C
YAL005C	YOL021C
YIL033C	YMR022W
YHR094C	YOR316C
YEL002C	YLL039C
YBR080C	YLR291C
YIR037W	YOL147C
YHR114W	YIL144W
YKL008C	YPL227C
YBR221C	YDR430C
YDL012C	YER125W
YBR106W	YBR298C
YER125W	YPR074C
YBL026W	YIL048W
YDR382W	YLL045C
YGL048C	YGR218W
YDR167W	YIR023W
YDR080W	YEL022W
YNL197C	YPL265W
YKL059C	YNL222W
YDR496C	YPL131W
YDR101C	YGL120C
YLR129W	YPR144C
YBL002W	YGL112C
YMR033W	YMR091C
YDR330W	YPL018W
YDR214W	YMR186W
YJL063C	YKR085C
YER047C	YMR032W
YPL012W	YPR144C
YER136W	YLR362W
YDR382W	YJL124C
YIL095W	YOR181W
YKL023W	YNL298W
YKL013C	YKL129C
YBR272C	YOR261C
YIR010W	YOR141C
YFL041W	YLR083C
YPL141C	YPL190C
YJL164C	YMR205C
YAR028W	YML129C
YBR130C	YLR092W
YNL197C	YOR062C
YNL220W	YOR187W
YBR106W	YDL015C
YLR227C	YOR284W
YEL065W	YNL197C
YDR510W	YGR254W
YDR013W	YNL102W
YGL180W	YGL209W
YKL085W	YNR001C
YMR080C	YNL118C
YNL255C	YPR187W
YHR027C	YLL026W
YNL292W	YOR294W
YEL034W	YJL128C
YNR023W	YPL129W
YNL255C	YPR043W
YAL024C	YDR348C
YMR109W	YNR007C
YGL137W	YKL029C
YCL028W	YPL140C
YDL195W	YLR075W
YLL045C	YNL110C
YLL045C	YPL198W
YDL154W	YGL025C
YDR159W	YOR250C
YDR041W	YNL137C
YGL189C	YLR150W
YDR195W	YKL059C
YDR400W	YGL011C
YLR103C	YPR135W
YDR299W	YDR510W
YKL101W	YNL202W
YBL007C	YNL243W
YJL164C	YML118W
YBL103C	YDR448W
YDR122W	YOL054W
YER109C	YHR084W
YDR247W	YJR049C
YIR010W	YLL045C
YDR184C	YNL154C
YDR398W	YPL126W
YLL039C	YOR087W
YDR145W	YPL129W
YBR135W	YGR109C
YGR155W	YIL126W
YAR007C	YML032C
YBL045C	YEL024W
YFR031C-A	YOR204W
YLL026W	YMR091C
YCR031C	YNL255C
YLL039C	YLR175W
YIL016W	YLL028W
YDR510W	YKL172W
YJL041W	YLR335W
YDR101C	YNL175C
YGR287C	YOR351C
YHR096C	YNL197C
YDR214W	YKL010C
YOL115W	YPL190C
YJL084C	YJL187C
YGL205W	YJL164C
YGL158W	YNR023W
YGR123C	YOR014W
YER172C	YLL036C
YGL198W	YLL039C
YGL016W	YGR231C
YOR063W	YPL012W
YGL180W	YLR098C
YBL027W	YLL039C
YDR383C	YOL054W
YML103C	YMR153W
YBR069C	YOR016C
YCL028W	YNR010W
YER164W	YOR061W
YAR007C	YNL030W
YBR247C	YGR145W
YKL101W	YLL039C
YMR314W	YOR261C
YBR221C	YGR193C
YER007W	YHR027C
YOL041C	YOL100W
YHR016C	YIL156W
YJL061W	YPL204W
YDL015C	YGL200C
YHR012W	YJL053W
YNL130C	YOR016C
YNL255C	YOR182C
YDR100W	YNL315C
YLR129W	YPL126W
YDR510W	YFR028C
YCR030C	YHR016C
YBL030C	YNL052W
YLR274W	YOR153W
YJL203W	YOL091W
YBR046C	YNL172W
YNL197C	YOL078W
YKL051W	YLR326W
YDR238C	YLL039C
YBR079C	YOR061W
YKL009W	YPL249C-A
YDR510W	YMR303C
YBL021C	YGL237C
YIL022W	YPL063W
YDR169C	YJL164C
YDR081C	YIR010W
YGR027C	YLL039C
YJR059W	YLR270W
YDR510W	YER116C
YAR018C	YJL092W
YJL081C	YJR082C
YDR347W	YPR080W
YIL159W	YKL129C
YEL030W	YLR203C
YCL055W	YGL036W
YLR206W	YML051W
YKL068W	YLR335W
YNL301C	YOR063W
YDL160C	YLR136C
YHR033W	YKL166C
YLR377C	YML016C
YLL023C	YLL056C
YDR164C	YNR049C
YGR092W	YMR001C
YNL255C	YOR236W
YDL132W	YLL039C
YNL062C	YNL244C
YCR075C	YFL062W
YIL016W	YPL274W
YML055W	YPL094C
YDL160C	YEL015W
YDR299W	YPL042C
YER022W	YJL167W
YAL024C	YFL018C
YJR123W	YML073C
YKR025W	YNL113W
YHR094C	YLL028W
YLR292C	YOR254C
YDL077C	YNL304W
YNL075W	YPR144C
YBL017C	YJL053W
YER131W	YER151C
YFR014C	YPL139C
YCL028W	YML051W
YDR101C	YLL045C
YDR498C	YJL019W
YEL032W	YHR033W
YGL005C	YGR120C
YDR073W	YJL176C
YNL255C	YPL071C
YDL147W	YDL216C
YGR180C	YLL039C
YDR311W	YEL037C
YOR136W	YPL226W
YBR131W	YML001W
YDL070W	YGL180W
YHR179W	YNL094W
YKL135C	YPL249C-A
YDR456W	YGR216C
YCL050C	YDR510W
YDL005C	YLR071C
YBR107C	YOR030W
YGL011C	YLR071C
YGL030W	YJL190C
YDR235W	YPL178W
YIL066C	YNL134C
YMR229C	YOL120C
YGL060W	YPL018W
YMR091C	YMR186W
YML072C	YOR086C
YJL203W	YMR288W
YBR222C	YLL039C
YLL039C	YPR030W
YBR155W	YMR186W
YBL106C	YOR197W
YFR037C	YGR056W
YLR450W	YPR154W
YJL151C	YPR036W
YGR083C	YLR291C
YER125W	YPR030W
YBR095C	YNL330C
YCR030C	YKL051W
YBL007C	YER125W
YDR388W	YMR109W
YDL053C	YER151C
YHR016C	YPR052C
YGL173C	YHR052W
YBR136W	YDR076W
YDR127W	YLL039C
YDR051C	YLR291C
YER020W	YOL105C
YBR133C	YJL187C
YLL039C	YLR206W
YJR099W	YKR094C
YGR218W	YLL060C
YDL141W	YLL039C
YML109W	YOR362C
YCL054W	YNL255C
YIR023W	YJR066W
YFR037C	YNL312W
YLL039C	YPL186C
YBL074C	YHR165C
YFR014C	YOR340C
YER166W	YPL160W
YGL115W	YNL153C
YBL045C	YPR054W
YGR275W	YJL176C
YER171W	YOR261C
YER036C	YLL045C
YNL132W	YPL198W
YDR101C	YHR027C
YDL043C	YLL014W
YGL151W	YLR071C
YDR233C	YLL023C
YIR006C	YMR109W
YER010C	YJL164C
YMR244C-A	YNL255C
YGR186W	YPR056W
YAL007C	YDR381W
YDR364C	YPL151C
YER172C	YHR165C
YDR122W	YPR115W
YDL002C	YPL082C
YKR036C	YPR088C
YJL074C	YNL030W
YGL025C	YPL082C
YHR156C	YIL026C
YDL176W	YMR135C
YER017C	YMR115W
YEL034W	YLR074C
YLR138W	YML016C
YBR139W	YLL039C
YFR028C	YGL115W
YGL048C	YHR027C
YKL122C	YPR088C
YAL007C	YDR127W
YHR023W	YLL021W
YDR045C	YOR224C
YDR520C	YLR291C
YDR541C	YNL197C
YJR065C	YKL013C
YHR094C	YML072C
YGL112C	YPL082C
YJL124C	YNL118C
YDL147W	YGL011C
YFR024C-A	YNL255C
YML073C	YNL061W
YBR225W	YOR157C
YLR150W	YPL198W
YMR223W	YPL082C
YBL075C	YBR247C
YDL213C	YOR270C
YLR429W	YML011C
YFR030W	YPR010C
YPL018W	YPR174C
YDR388W	YER003C
YDR510W	YML032C
YAL026C	YCR094W
YBR079C	YPR116W
YBL002W	YGL035C
YDR381W	YKR037C
YKR037C	YLR423C
YDR101C	YOL120C
YER172C	YHR156C
YHR016C	YPR055W
YLR197W	YMR093W
YDL106C	YPR086W
YDR496C	YLR449W
YHR118C	YMR036C
YDR496C	YGR274C
YFL017W-A	YLR014C
YKR081C	YOR096W
YAR007C	YGR275W
YDR041W	YIL093C
YEL002C	YER019C-A
YEL046C	YGR092W
YBL015W	YMR059W
YGL106W	YLR144C
YER182W	YKL142W
YCL059C	YLR175W
YGL180W	YKR071C
YNL255C	YOL144W
YDR130C	YNR053C
YDR113C	YGL180W
YDR091C	YML024W
YHR027C	YNL220W
YER179W	YIL144W
YFR024C-A	YKL068W
YAR003W	YNL317W
YGR145W	YPL126W
YBR216C	YIR037W
YAL005C	YJL084C
YDR105C	YOR153W
YDR378C	YER172C
YNL151C	YPR187W
YGR128C	YOR078W
YNL271C	YNL293W
YDR214W	YER173W
YDR224C	YPL084W
YGR047C	YHR143W-A
YER164W	YNL007C
YBR296C	YLL028W
YDR005C	YJR066W
YGR223C	YPL204W
YGL011C	YOR362C
YDL088C	YKL068W
YKL178C	YOL044W
YDR496C	YPR143W
YDR273W	YLL039C
YDL239C	YGR268C
YFR037C	YLR357W
YBL105C	YPL151C
YKR038C	YNL255C
YIR010W	YOL054W
YIL125W	YML063W
YMR146C	YNL062C
YDR122W	YDR162C
YFR014C	YOR184W
YDR247W	YKR049C
YBR106W	YGR260W
YFL026W	YNL197C
YKL156W	YNL255C
YDL005C	YML051W
YHR027C	YJL014W
YHR104W	YML086C
YLR132C	YLR423C
YEL013W	YJR091C
YBR142W	YGL030W
YHR202W	YJL092W
YDL106C	YJR123W
YDL204W	YDR233C
YOR361C	YPL126W
YBR202W	YGR270W
YDR481C	YLL039C
YJR012C	YNR055C
YKL009W	YOR063W
YJL014W	YKL198C
YJL176C	YNL030W
YDL223C	YPL141C
YIR028W	YJL183W
YGL237C	YKR028W
YKL101W	YNL136W
YNL298W	YPL198W
YEL051W	YJL151C
YLR362W	YOR089C
YLR263W	YOR351C
YDR311W	YGR120C
YDL082W	YDR382W
YDR405W	YNL185C
YFR024C-A	YGL238W
YDR510W	YER164W
YJL190C	YLR197W
YAL029C	YER151C
YAL051W	YNL325C
YJR099W	YLL039C
YDL043C	YMR125W
YNL225C	YOR129C
YGR128C	YGR200C
YDR446W	YGL212W
YLR175W	YMR310C
YBL007C	YJL145W
YJL036W	YPL174C
YCL059C	YJR123W
YLR413W	YPR138C
YHR133C	YPL227C
YJL122W	YPL146C
YDR212W	YOR284W
YFR014C	YKL166C
YGL120C	YNL308C
YDR510W	YGL137W
YDR465C	YMR047C
YHR112C	YJR059W
YBL007C	YNL094W
YER022W	YGL048C
YCL054W	YNL175C
YNL255C	YOR086C
YPL217C	YPR144C
YDL082W	YDR091C
YDR097C	YDR499W
YGL090W	YNL113W
YNL255C	YOL127W
YDR301W	YMR125W
YBL039C	YFR031C-A
YOL132W	YOR016C
YHR027C	YPL143W
YDL143W	YDR087C
YLL039C	YLR017W
YDR113C	YGR098C
YJL164C	YPR029C
YER043C	YGL237C
YPL140C	YPR108W
YGR254W	YHR027C
YDR365C	YDR496C
YDR244W	YOL147C
YGL005C	YNL197C
YKL178C	YNL255C
YFR014C	YLL039C
YDL159W	YLR362W
YGR104C	YPR187W
YCR094W	YFL047W
YJR010C-A	YMR264W
YIL053W	YPL106C
YEL002C	YOR254C
YIL065C	YLL001W
YBR107C	YLR381W
YJL190C	YMR205C
YNL024C	YOR093C
YGL137W	YKL078W
YLR275W	YOR159C
YER151C	YGL078C
YHR129C	YMR294W
YDR224C	YDR439W
YFR031C-A	YLL045C
YHR165C	YPR182W
YGL180W	YGR249W
YBL067C	YER030W
YFR014C	YOR141C
YFL010C	YHR016C
YDR297W	YML012W
YBR296C	YOR063W
YEL037C	YGL179C
YDL195W	YML012W
YHR096C	YKL203C
YDR498C	YGL145W
YOR063W	YOR206W
YGL179C	YOL082W
YDR091C	YHR027C
YBR191W	YNL124W
YER116C	YML032C
YLL039C	YPL061W
YKL018W	YNL197C
YIL041W	YNL298W
YBL017C	YDR100W
YCR086W	YGR155W
YBR182C	YMR037C
YIL016W	YNL255C
YDR510W	YHR103W
YDR365C	YMR280C
YLL039C	YNR006W
YNL110C	YOL041C
YJL164C	YMR184W
YER106W	YLR320W
YER151C	YGR027C
YDL031W	YDR101C
YDR118W	YGL115W
YIR038C	YOL126C
YBL007C	YPR159W
YDR045C	YNL151C
YDL054C	YDL212W
YER151C	YML073C
YER106W	YPL204W
YBL112C	YNL255C
YLR246W	YNL098C
YBR044C	YLR435W
YDR189W	YIL004C
YJL153C	YNL138W
YGL120C	YKR092C
YKR067W	YLL039C
YOL113W	YPL088W
YIL095W	YJR092W
YGL180W	YLR003C
YER105C	YFR050C
YDL212W	YDR297W
YER172C	YGL120C
YBR196C	YGL229C
YML109W	YML131W
YDR155C	YFL023W
YDL015C	YJR010C-A
YFR028C	YOR093C
YIR010W	YOR298C-A
YHR027C	YJL052W
YDL105W	YLR007W
YLR325C	YPL249C-A
YHR133C	YOR016C
YHR166C	YNL172W
YDR343C	YLL039C
YDR070C	YJL164C
YNL079C	YNL255C
YDR150W	YLL001W
YNL255C	YOR063W
YLR071C	YPL042C
YLR075W	YML063W
YDR086C	YLR079W
YKR093W	YPR079W
YDR398W	YJL010C
YER131W	YFR014C
YDL139C	YDR388W
YGL025C	YLR315W
YBL014C	YJL025W
YBL045C	YPL204W
YJL130C	YOR136W
YBR154C	YOR207C
YFL024C	YLR223C
YNL255C	YOR051C
YGL125W	YNL197C
YJR092W	YMR032W
YIL030C	YMR022W
YOL120C	YOR063W
YGR289C	YOL003C
YDR499W	YHR164C
YDL169C	YNL172W
YMR153W	YNL154C
YGR038W	YJL164C
YKL150W	YML086C
YDL005C	YNR010W
YGR260W	YKR052C
YBR272C	YIL075C
YER136W	YLR262C
YFR014C	YHR033W
YEL032W	YLR274W
YHR069C	YKL129C
YER063W	YIR010W
YDR122W	YIL165C
YHR114W	YNL092W
YDR378C	YGL173C
YER171W	YLR304C
YDL220C	YIL095W
YEL034W	YOR261C
YDR346C	YPL111W
YJR059W	YLR003C
YDL209C	YML049C
YOR157C	YOR261C
YBR270C	YDR259C
YBL027W	YGL030W
YDR510W	YNL216W
YKR014C	YNL255C
YER151C	YLR167W
YGR056W	YLR357W
YGR092W	YNL007C
YIR010W	YOL039W
YFR021W	YFR024C-A
YMR146C	YOR254C
YKR036C	YLR206W
YGL120C	YPL131W
YDR184C	YLR315W
YIL135C	YJR059W
YAL021C	YMR181C
YGL099W	YMR229C
YER125W	YNL157W
YBL007C	YLR150W
YOL038W	YOR261C
YDL082W	YMR194W
YJL052W	YNL255C
YNR024W	YOL115W
YOR096W	YPL217C
YNL255C	YOL155C
YDR167W	YPL248C
YFL024C	YNL136W
YGL167C	YLL039C
YIL144W	YLR456W
YLL039C	YPR010C
YPL161C	YPR198W
YLR452C	YNL197C
YFR001W	YOR206W
YJR057W	YLR291C
YAR007C	YLR274W
YDL239C	YOR380W
YHR094C	YJR066W
YJL190C	YJR002W
YNL154C	YNL186W
YFL029C	YKL139W
YDR045C	YKL144C
YDR428C	YJL014W
YNL197C	YPR138C
YBL007C	YBR136W
YDR489W	YGL201C
YGR165W	YMR188C
YNL255C	YOR096W
YDL201W	YDR381W
YHR027C	YOR185C
YNR006W	YPL150W
YGL115W	YML110C
YDR523C	YNL186W
YBR020W	YNL004W
YIL095W	YMR184W
YGL180W	YNL149C
YGR200C	YOL061W
YHR027C	YOR351C
YLR378C	YOR254C
YBR265W	YLR075W
YBR125C	YPL204W
YBL039C	YJR103W
YJR059W	YNR047W
YEL058W	YIL095W
YDR346C	YNL255C
YJL010C	YLR197W
YER068W	YNL157W
YHR057C	YJR091C
YDR244W	YHR160C
YGL005C	YML071C
YOL147C	YPL203W
YJL164C	YLR410W
YGR167W	YPL141C
YAR007C	YPL129W
YNL197C	YPL141C
YDR295C	YMR117C
YGL173C	YJR145C
YOR194C	YPR086W
YJL014W	YJR076C
YLL039C	YMR186W
YBR035C	YJR059W
YDR382W	YOL039W
YGL099W	YLL039C
YGL200C	YHR123W
YKR085C	YNL255C
YDR013W	YGL113W
YDR448W	YGR252W
YNL255C	YPR101W
YJR002W	YMR091C
YDR127W	YHR027C
YEL048C	YER090W
YDL101C	YDR171W
YDR257C	YJL164C
YEL015W	YLR264W
YAL024C	YER109C
YDL007W	YOR261C
YBR295W	YHR123W
YKL198C	YMR229C
YER002W	YPR143W
YDL139C	YJL013C
YGL153W	YOL044W
YGR027C	YGR252W
YDR092W	YLL039C
YAL032C	YER172C
YLL036C	YPR080W
YCR031C	YDR130C
YMR117C	YOR177C
YDR052C	YGL201C
YDR116C	YJL063C
YJL058C	YLR423C
YFL026W	YPL189W
YAR019C	YLR258W
YOL120C	YPL249C-A
YDR388W	YOR138C
YIL137C	YLR150W
YJL187C	YOR061W
YER173W	YFR027W
YBL084C	YKL022C
YBL078C	YNR007C
YDL213C	YOR017W
YGR270W	YLR274W
YER174C	YHR205W
YKL018W	YLR277C
YNL185C	YNL255C
YGL158W	YML037C
YJR053W	YOR058C
YBR154C	YPR187W
YJR059W	YLR259C
YBR088C	YFL029C
YDR143C	YDR213W
YFR002W	YMR047C
YGL226W	YNL255C
YDR212W	YLR429W
YMR010W	YPL246C
YDL111C	YER068W
YER009W	YJL041W
YNL197C	YPL256C
YER125W	YMR216C
YHR133C	YMR215W
YMR216C	YNL027W
YGR048W	YLL039C
YAR007C	YFR037C
YAL032C	YDR364C
YGL179C	YKL121W
YDL043C	YDR180W
YBL075C	YOR250C
YMR314W	YPR108W
YNL255C	YNR036C
YAL007C	YGR231C
YDL101C	YFR028C
YKR081C	YMR229C
YML074C	YOR340C
YGL173C	YLL036C
YIL006W	YNL197C
YBR136W	YDL101C
YFR024C-A	YJL045W
YDR101C	YJL122W
YNL020C	YNL154C
YDR093W	YKL203C
YDL014W	YJL190C
YMR272C	YOR081C
YDR296W	YKR085C
YNR010W	YOL135C
YGR092W	YMR239C
YKL172W	YOR191W
YML049C	YOR159C
YML037C	YOL113W
