YDR143C	YER068W
YJL125C	YNL062C
YJL218W	YLR291C
YGL173C	YKL139W
YPL115C	YPL161C
YEL002C	YKL008C
YDR212W	YLL019C
YHR165C	YNR053C
YGL103W	YKL172W
YNL301C	YOR096W
YJR047C	YPL141C
YGR033C	YNR017W
YLR291C	YML099C
YKL122C	YPL210C
YLR018C	YPL075W
YGL120C	YGR220C
YER103W	YGR128C
YGL137W	YJR070C
YBL032W	YCL028W
YGR140W	YOR156C
YHR085W	YNR053C
YDL181W	YNL250W
YDL060W	YNL308C
YDR145W	YGL158W
YDR383C	YIR010W
YFL023W	YOR355W
YDL028C	YMR114C
YJL052W	YOL013C
YFR004W	YFR052W
YBR191W	YFR031C-A
YHR027C	YOL133W
YGL091C	YIL129C
YBR191W	YIR010W
YFR014C	YJL146W
YIR038C	YKL008C
YER018C	YPR083W
YJL080C	YPL204W
YDR257C	YJR059W
YNR017W	YOR236W
YML005W	YNR046W
YCL059C	YLR129W
YGL158W	YHR185C
YFR004W	YOL038W
YDR059C	YNL031C
YGL103W	YJL177W
YLL023C	YPR028W
YIR037W	YLR216C
YFR004W	YMR314W
YGR105W	YML012W
YBL032W	YLL031C
YDR424C	YGL153W
YCR073C	YMR117C
YDL126C	YDL190C
YML024W	YOR096W
YBR052C	YLL028W
YGL207W	YGR116W
YDR326C	YIR010W
YDR145W	YIL129C
YOR054C	YOR061W
YJL128C	YMR319C
YFR014C	YIL167W
YKR081C	YOR294W
YER056C-A	YER151C
YGL112C	YML098W
YBR031W	YEL034W
YBL016W	YEL053C
YKL079W	YNL154C
YHR099W	YOR244W
YGL073W	YKL062W
YER126C	YGL237C
YLR291C	YNL244C
YBL032W	YKL198C
YGR198W	YKL049C
YER151C	YIL109C
YDL207W	YKL068W
YHR188C	YJR015W
YMR005W	YNR011C
YBL079W	YFR002W
YHR027C	YMR186W
YDL116W	YDR113C
YDR388W	YOR117W
YHR204W	YMR304W
YBR106W	YCR028C
YGL003C	YKL101W
YJL002C	YML019W
YDR012W	YOR206W
YIR033W	YLL039C
YGL150C	YGR274C
YGL116W	YJL111W
YCL014W	YMR186W
YBR126C	YDR074W
YGR165W	YNL137C
YDR364C	YLL036C
YDR224C	YDR227W
YBR002C	YBR177C
YDR251W	YJR059W
YCL011C	YLL045C
YMR081C	YPL203W
YML109W	YMR273C
YJL095W	YPL012W
YHR029C	YJL146W
YJR011C	YLR368W
YDL220C	YLR233C
YMR233W	YOL006C
YBR177C	YJL153C
YEL048C	YKR068C
YLR423C	YPR105C
YML025C	YOR204W
YDR510W	YER047C
YDR365C	YJL010C
YJL177W	YOR204W
YHL009C	YLR336C
YNL197C	YOR149C
YML063W	YNL124W
YHR129C	YPL070W
YDR143C	YMR229C
YGL123W	YMR131C
YDR224C	YLL039C
YFR015C	YPL204W
YKR018C	YPR106W
YDR510W	YPR133C
YJL095W	YKL129C
YLR129W	YMR093W
YBR055C	YML046W
YLR197W	YNL308C
YMR229C	YOR340C
YGL244W	YOR123C
YEL023C	YJL203W
YPL070W	YPR152C
YJR017C	YLR216C
YDR388W	YPR110C
YEL034W	YJL177W
YNR046W	YOL124C
YER151C	YOL082W
YML131W	YOL154W
YDR043C	YOR061W
YBL032W	YLR466W
YBL039C	YJL138C
YLR238W	YMR052W
YGR183C	YNL197C
YDR124W	YPR049C
YKL104C	YMR213W
YJL187C	YNL272C
YJL041W	YLR312W-A
YBR031W	YBR142W
YDR498C	YLR440C
YDR145W	YMR227C
YBR031W	YLL045C
YBR155W	YJR031C
YDR224C	YML112W
YKL161C	YPL089C
YDR189W	YPR105C
YKL139W	YLR438W
YBR187W	YOR294W
YNL027W	YPL141C
YDL200C	YGL137W
YOL127W	YPR016C
YLL045C	YLR432W
YEL034W	YNL004W
YER125W	YJR051W
YBR102C	YML097C
YBR208C	YOL133W
YFR004W	YLR043C
YDR457W	YNL031C
YJR059W	YKR092C
YKL101W	YNR006W
YLL039C	YML063W
YJL187C	YJR082C
YDL116W	YLR018C
YER151C	YJR123W
YDR256C	YOL045W
YGL209W	YNL197C
YKL104C	YPR110C
YEL034W	YLR069C
YCL059C	YGL201C
YGL179C	YMR304W
YDR101C	YKL009W
YBL032W	YIL023C
YDL208W	YDL213C
YGR116W	YLL039C
YKR027W	YLL039C
YEL011W	YLL039C
YBL032W	YML109W
YBL030C	YLR203C
YJL124C	YOR320C
YJL061W	YMR153W
YDR252W	YJR011C
YBR056W	YFR004W
YBR079C	YJR045C
YBL032W	YGL035C
YIL019W	YNL075W
YAL035W	YBR084W
YDR142C	YPL226W
YCL056C	YDR142C
YGR038W	YJL187C
YDR224C	YIL126W
YDR142C	YGR077C
YMR264W	YOR045W
YNL092W	YOR159C
YDR012W	YGL103W
YJR145C	YNL132W
YDR246W	YKR068C
YJL187C	YLR132C
YBL032W	YLR328W
YAR007C	YIR010W
YDR164C	YKL130C
YDR252W	YGR134W
YEL013W	YLR291C
YGR075C	YML051W
YBR154C	YER139C
YHR174W	YOL135C
YCR073W-A	YER151C
YGL253W	YOR117W
YBL105C	YER151C
YAL005C	YPL106C
YER151C	YKR086W
YHR102W	YIL129C
YBR035C	YLL039C
YER151C	YJR045C
YDR263C	YMR291W
YBR044C	YKL004W
YBL074C	YDL214C
YBR298C	YMR279C
YDL212W	YJR015W
YOL120C	YPL198W
YJR144W	YPL055C
YDL222C	YHR094C
YIR014W	YNL118C
YJL010C	YPL012W
YHL009C	YPL141C
YFL017W-A	YMR213W
YBR207W	YPL203W
YKL008C	YMR215W
YGL179C	YKR090W
YGR105W	YPR036W
YDR523C	YGL062W
YGR082W	YNL070W
YER125W	YGL144C
YNL007C	YNL229C
YDL065C	YNL214W
YGR072W	YMR080C
YJL203W	YMR213W
YIL019W	YLR441C
YIL152W	YJR092W
YKL004W	YMR010W
YDR381W	YIL070C
YCR071C	YDR322W
YBL032W	YOL001W
YFR031C-A	YNL175C
YER172C	YNR011C
YGL105W	YLR138W
YIL153W	YLR423C
YBR041W	YLL012W
YER002W	YLR009W
YBL105C	YJL095W
YDR510W	YJL140W
YGR225W	YKL022C
YDR510W	YPL011C
YBR200W	YLR318W
YKR008W	YLR357W
YER126C	YLR325C
YDR071C	YER151C
YDL084W	YDR510W
YBL032W	YML024W
YIL151C	YPL204W
YGL011C	YLR211C
YKL127W	YOL045W
YAL035W	YJR123W
YGL077C	YPL058C
YDR381W	YLL039C
YBL032W	YPL011C
YDR195W	YKL018W
YDR087C	YKL180W
YBR250W	YNL012W
YDR171W	YGL120C
YDL139C	YOL091W
YER018C	YJL061W
YBR200W	YKR001C
YDR164C	YOR204W
YER171W	YMR201C
YDR388W	YMR205C
YLR197W	YOL115W
YGR020C	YGR105W
YDL088C	YNL154C
YDR145W	YKL125W
YLR026C	YML067C
YCR077C	YDL065C
YKL180W	YLR441C
YDR188W	YKR036C
YER125W	YGR005C
YIL027C	YPL070W
YDR330W	YGR003W
YBR221C	YFR004W
YIL061C	YMR080C
YLR258W	YPL141C
YML046W	YML049C
YDR424C	YIL095W
YER125W	YMR316W
YEL034W	YPR173C
YDR420W	YHR154W
YHR099W	YLR055C
YGL158W	YGR223C
YBL032W	YHL044W
YJR059W	YPL019C
YFR028C	YPL124W
YHR027C	YLR048W
YPL106C	YPR108W
YMR285C	YNL154C
YFR014C	YLR102C
YGR120C	YLR291C
YBR106W	YBR110W
YFR004W	YIL109C
YBR247C	YLR129W
YGR180C	YOL045W
YDL100C	YDR451C
YLL045C	YNL112W
YNL197C	YNR014W
YBL032W	YDR438W
YBR196C	YLR249W
YOL083W	YPL204W
YJR095W	YLL039C
YJL222W	YML048W
YNL066W	YNL154C
YJR053W	YNL238W
YBL093C	YGR104C
YER151C	YOR361C
YJL171C	YLL039C
YGL030W	YPR016C
YLR413W	YML072C
YER090W	YJR070C
YJR109C	YKL104C
YGL173C	YLL039C
YLL034C	YLR449W
YDR364C	YDR523C
YLL026W	YOL111C
YBR123C	YGR252W
YIL124W	YJL151C
YDR109C	YNL154C
YNL197C	YOR147W
YLR423C	YOR357C
YDR237W	YDR462W
YBR119W	YDR235W
YDR093W	YLL039C
YBL061C	YDR247W
YDL233W	YER018C
YEL013W	YFR035C
YDR016C	YGL061C
YMR117C	YOR156C
YGL151W	YLL039C
YGR246C	YJL011C
YLL039C	YOL087C
YIL139C	YPL194W
YEL009C	YPL042C
YLL039C	YPL019C
YBL032W	YJL095W
YDL209C	YPR182W
YLR249W	YOL013C
YDR238C	YOR363C
YJR045C	YLR362W
YCR069W	YLL039C
YJL095W	YLR429W
YDL212W	YHR140W
YBL032W	YOL135C
YCL059C	YGL078C
YGL073W	YHR099W
YGR105W	YMR123W
YAR003W	YBL026W
YGL158W	YLL057C
YCL011C	YMR216C
YBL032W	YOR064C
YBL032W	YDR523C
YER056C-A	YLL039C
YBL032W	YBR082C
YBR031W	YPL012W
YAR019C	YFR028C
YML028W	YOR101W
YLR326W	YNL154C
YLL028W	YLR221C
YBR196C	YER151C
YOR347C	YPL203W
YLR197W	YNL132W
YBL039C	YGL137W
YBL032W	YNL186W
YJR010C-A	YKL065C
YBL026W	YDR166C
YBL032W	YGR166W
YER126C	YHR066W
YGR161C	YMR299C
YKL129C	YPL038W
YDL191W	YER151C
YFR052W	YIL075C
YER151C	YOR206W
YDR212W	YOR119C
YBR131W	YDL077C
YDL007W	YLL039C
YBL032W	YOL070C
YDL143W	YKL049C
YIL046W	YOL133W
YHR019C	YKL198C
YFL010C	YPL141C
YBR172C	YNR052C
YBR031W	YKR081C
YHR001W-A	YLL039C
YDR101C	YFR004W
YDL012C	YHR140W
YNL149C	YNL154C
YBR161W	YJL014W
YLR291C	YMR004W
YHR156C	YOR156C
YKR043C	YOR117W
YLR370C	YNL138W
YLR056W	YMR015C
YDR077W	YDR143C
YDR100W	YDR479C
YGL092W	YMR047C
YGL147C	YLR406C
YBR055C	YJR059W
YBL032W	YLR116W
YJR065C	YLR429W
YBR055C	YLR446W
YBL032W	YLR318W
YBL032W	YER172C
YPL084W	YPR173C
YDR300C	YGR092W
YIL171W	YML002W
YFR014C	YOR089C
YHR027C	YLL050C
YBL105C	YML109W
YGL137W	YML012W
YCL059C	YNR054C
YBL032W	YJR151C
YCR086W	YDR247W
YFR004W	YMR285C
YGL161C	YHR105W
YGL137W	YKL004W
YML056C	YMR061W
YDR052C	YMR001C
YDL213C	YJR144W
YBR130C	YLR274W
YLR268W	YOL111C
YGR261C	YNL199C
YDR394W	YIL075C
YDL101C	YHR185C
YGL161C	YJL095W
YKL079W	YPR049C
YHL019C	YKL135C
YJR059W	YMR081C
YMR041C	YOL100W
YFR004W	YNL302C
YHL025W	YNR023W
YFR034C	YHR205W
YIL126W	YLR357W
YDR227W	YMR273C
YBR031W	YBR191W
YJR077C	YOR117W
YBR002C	YKR067W
YBR200W	YDR306C
YLR342W	YPL094C
YAL032C	YGL026C
YBL026W	YOR017W
YDR259C	YNL154C
YGL120C	YLL019C
YFR001W	YKL130C
YDR381W	YDR510W
YDR259C	YKL071W
YJL203W	YNR053C
YDR510W	YNL220W
YCL011C	YDR138W
YIL046W	YJL187C
YNL225C	YOL091W
YCR014C	YGL157W
YLL039C	YML072C
YAL005C	YGL064C
YNL118C	YOL149W
YKL135C	YLR330W
YKL089W	YOL054W
YER151C	YGL030W
YFL005W	YOR370C
YGL147C	YML063W
YAL005C	YNL007C
YDR169C	YML112W
YBL032W	YNL183C
YIR010W	YNL172W
YGL127C	YNL197C
YHR094C	YKL065C
YOR250C	YPL203W
YNL244C	YOR335C
YJR066W	YKR034W
YDR087C	YER126C
YBL032W	YGL237C
YBR102C	YBR200W
YLL039C	YPL094C
YNR027W	YPL106C
YGR033C	YPL063W
YGR241C	YHR016C
YIL007C	YPL204W
YDL053C	YIL106W
YBR044C	YDL093W
YBR127C	YEL051W
YBR295W	YIL030C
YBL016W	YDL173W
YDR381W	YOR206W
YGR220C	YMR098C
YDR322W	YDR405W
YBR130C	YKL130C
YGL127C	YLR071C
YDR138W	YEL060C
YDL139C	YGR140W
YDL037C	YNL197C
YLR423C	YPR185W
YBL032W	YPL204W
YNL037C	YOL133W
YNR053C	YPR016C
YHR099W	YOL083W
YER125W	YJL140W
YIR010W	YOR061W
YJR093C	YNL222W
YBL017C	YMR010W
YBR247C	YNL075W
YKL185W	YLL039C
YDL236W	YNL154C
YIL061C	YML074C
YGL105W	YJL187C
YDL035C	YPL087W
YDL132W	YLR368W
YAL009W	YJL176C
YML072C	YPL058C
YMR008C	YNL197C
YAL005C	YOL111C
YER022W	YGL151W
YDL028C	YJL084C
YPL077C	YPR106W
YGL137W	YJL153C
YGL207W	YPL141C
YKR041W	YLL039C
YFR028C	YMR001C
YHR137W	YLR278C
YBR044C	YIL126W
YDL053C	YPL140C
YNR054C	YOL120C
YHR027C	YLR370C
YGL103W	YGL123W
YKL130C	YLR249W
YBL021C	YKL109W
YJR091C	YKL204W
YDR113C	YGL003C
YKR068C	YLR342W
YBR106W	YIL171W
YKL172W	YOL127W
YDR523C	YOR157C
YDR345C	YLL039C
YJR066W	YMR183C
YDR212W	YKL089W
YAR018C	YLR342W
YAL053W	YCR030C
YGL123W	YJL177W
YBL032W	YJL128C
YBR126C	YLL019C
YDR388W	YJL033W
YDR510W	YFR031C
YIR010W	YNL059C
YDR150W	YDR247W
YJL157C	YMR199W
YFR015C	YGL134W
YLL033W	YPR116W
YBR168W	YDL065C
YDR207C	YOR337W
YNL124W	YOL149W
YDR086C	YOR254C
YBL016W	YHL019C
YBR106W	YCL038C
YOL127W	YOR206W
YBR106W	YKR106W
YIL063C	YOL061W
YKL152C	YOR098C
YLL039C	YPR075C
YAL051W	YPR169W
YDR301W	YOL145C
YCR028C-A	YOR147W
YER128W	YFR014C
YDL195W	YOR061W
YER151C	YOR253W
YBR059C	YNL227C
YER032W	YLR456W
YBR133C	YKL101W
YHR165C	YLR147C
YDR145W	YHR023W
YKL013C	YNR035C
YIL109C	YML012W
YJL061W	YPL169C
YMR047C	YOL144W
YER032W	YMR117C
YCR046C	YLR312W-A
YCL011C	YFR004W
YEL063C	YER125W
YGL120C	YPL055C
YJR070C	YOL100W
YLL028W	YNL197C
YOR244W	YPL110C
YBL030C	YER182W
YDR541C	YGL133W
YDL100C	YML048W
YBR106W	YNL321W
YER105C	YLL039C
YLR201C	YOR125C
YER151C	YLR048W
YDR381W	YPL169C
YCR076C	YNL118C
YJL033W	YLR043C
YHR094C	YIR038C
YDR207C	YOR355W
YJL019W	YKR034W
YNL062C	YOR361C
YBR130C	YLL039C
YGR089W	YLL039C
YDL195W	YLR429W
YDR166C	YLL039C
YJL151C	YMR079W
YFR046C	YIR010W
YKR099W	YNL197C
YDR244W	YNL329C
YDR212W	YJL014W
YCR030C	YKL049C
YDR538W	YMR304W
YDL123W	YLL048C
YAL032C	YLR187W
YLL039C	YMR054W
YGR261C	YHR174W
YFR021W	YGL179C
YLR116W	YNL197C
YNL197C	YPL188W
YER151C	YOR136W
YKR043C	YLL039C
YDR383C	YKL049C
YCR086W	YPR187W
YJL080C	YOL013C
YDR100W	YGL137W
YGL011C	YIR030C
YDL123W	YGR020C
YGL035C	YOR351C
YDR408C	YOR361C
YAL035W	YIR001C
YLL039C	YNL012W
YBR207W	YHR094C
YER151C	YNL132W
YDR280W	YOR145C
YGR278W	YKR086W
YMR173W	YPL126W
YKL166C	YPL056C
YLR134W	YNL244C
YHR101C	YMR200W
YDR224C	YPR052C
YBL081W	YDL167C
YBL032W	YOR231W
YKL051W	YLR413W
YCR082W	YGL207W
YLL039C	YOR145C
YCR086W	YOL036W
YHL048W	YPR028W
YBL103C	YNL006W
YER125W	YKL023W
YER092W	YGL150C
YDL082W	YDL195W
YER020W	YNL197C
YDR298C	YKL016C
YJL140W	YPR187W
YML001W	YPR028W
YGL011C	YKR070W
YAL035W	YDR091C
YBR135W	YLR109W
YJL101C	YML056C
YAR019C	YJL095W
YFR028C	YGR092W
YGL116W	YJL014W
YCR028C-A	YNL031C
YFL005W	YNL293W
YDR388W	YER127W
YER151C	YPL160W
YFL017W-A	YML049C
YCR081W	YGL151W
YDL013W	YIL061C
YBR142W	YLR367W
YLL039C	YLR219W
YGR295C	YMR221C
YNL238W	YOL031C
YDR224C	YIL066C
YML063W	YOR096W
YHL029C	YNL197C
YEL009C	YGL201C
YKL104C	YLL039C
YDL007W	YIL075C
YGR215W	YHL004W
YGL092W	YJL039C
YDL065C	YMR047C
YDL128W	YNL154C
YDR318W	YLR381W
YGR135W	YNL244C
YJL095W	YNL186W
YER151C	YML056C
YBR177C	YOL045W
YDR394W	YFR010W
YOL045W	YOR184W
YGR204W	YIL137C
YDR145W	YNL272C
YDR296W	YLR312W-A
YIR038C	YML012W
YGR204W	YIR010W
YJR097W	YNL092W
YBL032W	YBR230C
YKL101W	YMR115W
YBL045C	YDR388W
YDL168W	YFR004W
YER151C	YGL173C
YPL049C	YPL256C
YFL009W	YOL133W
YIR010W	YNL262W
YDR288W	YLR007W
YDR087C	YKL009W
YMR229C	YNL308C
YDR138W	YDR280W
YBR247C	YDL060W
YDR145W	YJR060W
YLL039C	YML101C
YBR107C	YDR318W
YFR004W	YGR061C
YDR012W	YPL198W
YHR027C	YPR108W
YDR145W	YMR223W
YBR079C	YOR361C
YOR362C	YPL144W
YLR289W	YOL133W
YNL175C	YPL220W
YLL039C	YNL141W
YDL007W	YKL049C
YFR052W	YOR362C
YMR229C	YPL012W
YHL001W	YJL190C
YHR205W	YOL100W
YBL032W	YKL129C
YAR018C	YOL054W
YDR100W	YDR189W
YMR227C	YPL248C
YER047C	YER095W
YGL141W	YJR059W
YBL032W	YLL010C
YDL002C	YGR092W
YCR004C	YMR086W
YDR091C	YLL045C
YLL028W	YOR254C
YHL009C	YMR314W
YNL197C	YOR058C
YBR218C	YPR110C
YNL197C	YPL204W
YCR086W	YDL003W
YGL198W	YGL210W
YLL019C	YOR201C
YDR490C	YKL126W
YBR126C	YBR265W
YDR381W	YKR086W
YFL038C	YHR027C
YPR112C	YPR154W
YLL039C	YML097C
YBL016W	YPR086W
YLL039C	YOL133W
YGL120C	YGL130W
YGR020C	YGR037C
YFR001W	YNL186W
YBL032W	YMR195W
YGL207W	YOR052C
YBR017C	YKL009W
YFR004W	YJL052W
YBL032W	YOR322C
YKL049C	YLR197W
YBL042C	YDL222C
YHR006W	YLL039C
YDL239C	YKL042W
YKR034W	YNL229C
YAL005C	YDR502C
YLL039C	YOR161C
YJL014W	YOL146W
YHR174W	YKL049C
YHR027C	YOL038W
YBL103C	YJR066W
YDR119W	YGR041W
YFR052W	YGL048C
YDR212W	YKL049C
YJL138C	YOL013C
YER179W	YMR224C
YDR381W	YFR002W
YER126C	YPL131W
YFR004W	YHR068W
YDR303C	YIL126W
YLL006W	YNL070W
YBR202W	YCR086W
YNL098C	YPL088W
YHR127W	YOR294W
YCL044C	YLL039C
YGR092W	YGR220C
YDL058W	YPL106C
YGR167W	YLR330W
YIR010W	YJR144W
YDR510W	YMR186W
YOR096W	YPL220W
YCL010C	YGR252W
YER151C	YOR369C
YMR125W	YPR182W
YOR285W	YPR183W
YMR047C	YNL078W
YER126C	YLR009W
YDR229W	YPR152C
YOL038W	YPR108W
YPL055C	YPL124W
YDR054C	YIL046W
YMR146C	YOR361C
YMR004W	YPL204W
YLL039C	YMR261C
YGL116W	YNL024C
YHL029C	YLL039C
YFL049W	YJL176C
YBL026W	YER025W
YER166W	YOL115W
YDR510W	YOR017W
YDL060W	YDR381W
YBR087W	YMR078C
YDL060W	YJL190C
YHR023W	YKL049C
YDR475C	YFL023W
YKL085W	YPR110C
YBR154C	YGR200C
YAL053W	YLR342W
YFL040W	YMR266W
YBR017C	YBR247C
YCR046C	YGR220C
YCR087C-A	YKR092C
YAL019W	YOL045W
YDR381W	YIL095W
YER018C	YLR031W
YGL233W	YJL036W
YKL029C	YOL038W
YER040W	YNL229C
YBR059C	YIL095W
YGR129W	YMR213W
YBR191W	YHL001W
YKL166C	YOR002W
YIL007C	YLR304C
YJR010W	YLR291C
YDL100C	YHR128W
YDL171C	YFR004W
YJR059W	YKL181W
YBL032W	YIL156W
YNL124W	YPL198W
YFL023W	YNL007C
YGR253C	YOR157C
YDR188W	YJL111W
YGL141W	YLL039C
YGR118W	YIR010W
YBL032W	YPR204W
YGL048C	YML012W
YJL098W	YPL204W
YGL179C	YNL293W
YFR014C	YML048W
YDL213C	YOR206W
YGR058W	YGR136W
YJR077C	YMR186W
YAL005C	YLR209C
YGL137W	YIL136W
YGL011C	YGR253C
YIL106W	YKL126W
YEL018W	YFL024C
YIL061C	YML046W
YER126C	YKL172W
YDR388W	YIL156W
YHL001W	YJL177W
YML083C	YNL154C
YHR027C	YOR374W
YEL018W	YNL136W
YDL134C	YGR161C
YLR018C	YML048W
YFL017W-A	YLR298C
YDR238C	YML067C
YBR200W	YLR362W
YBR031W	YML088W
YLR147C	YPR101W
YGL009C	YHR027C
YJL010C	YMR229C
YBR059C	YJL080C
YGL134W	YOR178C
YGR111W	YLL039C
YDR016C	YGR113W
YEL017C-A	YML048W
YDR382W	YOR234C
YJR122W	YLL027W
YGL179C	YGR135W
YCL017C	YFR034C
YIR010W	YJL008C
YML124C	YPR141C
YDR146C	YER015W
YGL026C	YOR117W
YKL089W	YPR018W
YCR077C	YGL173C
YDL003W	YIL026C
YDL028C	YIL144W
YDR100W	YPL095C
YIL094C	YLR048W
YDR510W	YJR123W
YDL070W	YLR227C
YCR086W	YDR061W
YBR166C	YNL317W
YDR296W	YPL049C
YDR195W	YLR115W
YMR179W	YNL197C
YIL048W	YLL039C
YGR275W	YMR131C
YEL063C	YKL065C
YAL011W	YDL181W
YBL045C	YIL061C
YBR251W	YJR101W
YLL050C	YNL138W
YOR335C	YPR106W
YML051W	YOR355W
YIR010W	YKL152C
YDR381W	YMR123W
YMR216C	YPL204W
YKL079W	YNL272C
YNL154C	YPR091C
YNL244C	YPL028W
YFR028C	YIL106W
YDR322W	YKR085C
YAL005C	YDR143C
YDR297W	YGR260W
YDR388W	YLR144C
YBR154C	YLR223C
YHL004W	YJR060W
YBL032W	YKL025C
YLR315W	YML056C
YDR039C	YLL039C
YOR061W	YOR119C
YHR188C	YLR088W
YOL120C	YOR361C
YGL103W	YPL012W
YBR030W	YLR244C
YKL049C	YPR091C
YHL031C	YLR026C
YAL023C	YML012W
YBL030C	YOR065W
YHR016C	YMR109W
YPL248C	YPR086W
YFR051C	YLR268W
YML051W	YPL047W
YDR510W	YKR025W
YHR019C	YHR027C
YDL028C	YNL116W
YDR188W	YML028W
YJR145C	YPR144C
YDL132W	YLR134W
YBL032W	YHR205W
YOR244W	YPR089W
YDL100C	YNR067C
YML057W	YPR108W
YGL071W	YPR052C
YDR510W	YOR374W
YAL005C	YOR098C
YDR118W	YOR249C
YDL006W	YJL128C
YBR263W	YFR031C-A
YLL039C	YMR207C
YOR294W	YPL180W
YDL116W	YPL169C
YEL063C	YGL051W
YJR066W	YKL161C
YDR388W	YIL094C
YBL075C	YLR026C
YBL032W	YDL020C
YLR222C	YMR093W
YHR027C	YOR117W
YMR288W	YPR182W
YER151C	YKL049C
YBR112C	YCL067C
YBL032W	YPR153W
YBL032W	YDR512C
YER151C	YPL131W
YHR027C	YLR249W
YDR510W	YHR174W
YCR073W-A	YOR351C
YDL188C	YOR362C
YAL051W	YPL146C
YKL152C	YLL039C
YER151C	YOR204W
YBR135W	YKR091W
YKR036C	YLL001W
YFR052W	YLR421C
YJR074W	YOR185C
YJL177W	YPL198W
YGR260W	YIL047C
YLR440C	YNL258C
YBR035C	YDL214C
YBR079C	YDL019C
YOL018C	YPR183W
YFR027W	YJL074C
YGL108C	YOL003C
YER047C	YGR140W
YBR102C	YLL039C
YBR079C	YHL004W
YIL156W	YPR154W
YDL181W	YGR089W
YKR071C	YLL039C
YDR381W	YIR001C
YBL047C	YOL054W
YEL002C	YOL003C
YFR027W	YPL008W
YAL024C	YKR001C
YDR265W	YOL044W
YML109W	YMR109W
YBR084W	YDR365C
YLR249W	YOR081C
YML027W	YNL197C
YBR262C	YLL039C
YAL032C	YNL078W
YEL034W	YOL133W
YBR017C	YOR185C
YOR070C	YOR089C
YFR004W	YNL141W
YDR388W	YPL140C
YML012W	YPR181C
YBL085W	YFR034C
YDL195W	YPL249C-A
YDL208W	YNL308C
YBR199W	YOL018C
YKL166C	YML001W
YBR105C	YIL097W
YDR295C	YNL021W
YKL068W	YPL012W
YNL138W	YNR035C
YLR375W	YNL154C
YJR045C	YLR203C
YBL032W	YLR421C
YDL209C	YGL103W
YMR186W	YNL157W
YDR101C	YLR397C
YDR195W	YDR381W
YER090W	YOR117W
YGL016W	YLL039C
YBR031W	YNL301C
YFL005W	YHR094C
YJL101C	YPL226W
YDR510W	YJL042W
YCL028W	YER125W
YDL101C	YER125W
YFR001W	YPR016C
YIL075C	YKL029C
YBL045C	YGR112W
YBR059C	YLR258W
YDR087C	YJL095W
YAL005C	YOR185C
YFR034C	YLR325C
YDL132W	YML088W
YMR186W	YNL186W
YBL050W	YLR268W
YLR449W	YOL127W
YNL197C	YOR052C
YBR200W	YJL187C
YAL043C	YKL018W
YCR068W	YFL062W
YKL168C	YOR335C
YNL216W	YPL106C
YLR103C	YNL330C
YBR288C	YPL016W
YDR381W	YDR398W
YGR205W	YKL168C
YIR010W	YOR096W
YLL039C	YMR280C
YKR025W	YOL021C
YFR051C	YGL137W
YBL085W	YML109W
YBR241C	YIR038C
YGR204W	YKL130C
YKL180W	YPL198W
YAL024C	YHR174W
YGR193C	YJL014W
YDL100C	YLR026C
YLR413W	YNL197C
YDR260C	YOR303W
YBL039C	YHR027C
YFR027W	YJL019W
YGL205W	YLL039C
YLR206W	YPL115C
YFR004W	YIL075C
YBL032W	YJL140W
YDL200C	YDR224C
YJL124C	YOR147W
YLL039C	YOR163W
YEL009C	YFL024C
YDR235W	YPR182W
YFL038C	YOL125W
YGR140W	YPL018W
YAL059W	YJL039C
YDL101C	YDR217C
YDR439W	YMR001C
YLR147C	YML046W
YCL010C	YHR099W
YDR364C	YGR278W
YDR227W	YDR510W
YLR438W	YPL150W
YBR108W	YIL095W
YBL032W	YKR092C
YDR087C	YMR229C
YBL032W	YJR093C
YJL138C	YNL106C
YFR004W	YPL204W
YDR012W	YNL301C
YDL007W	YGL004C
YDL013W	YJR091C
YER151C	YGL253W
YMR227C	YNL027W
YCR028C-A	YLR413W
YBR059C	YPL106C
YCR042C	YNL222W
YDR138W	YHR167W
YER151C	YPR181C
YKL215C	YLL026W
YBL032W	YBR108W
YBR079C	YJR145C
YBR052C	YDR039C
YGR261C	YKL135C
YGL173C	YNL147W
YDR295C	YOL090W
YHR014W	YHR185C
YJR109C	YPL204W
YAR007C	YNL312W
YBR177C	YFR004W
YAL005C	YPL165C
YFL005W	YLR026C
YFR052W	YMR314W
YAL043C	YBL032W
YBR247C	YOR145C
YFR042W	YPR159W
YJL084C	YNL183C
YCR030C	YGR241C
YDL115C	YGL179C
YIL093C	YNL137C
YJL153C	YOR120W
YBL032W	YER075C
YDR303C	YGR270W
YBR017C	YOR374W
YDR510W	YER032W
YML024W	YPR144C
YKR081C	YLL034C
YBR106W	YMR215W
YDL153C	YIL095W
YBR031W	YGL147C
YJR053W	YLR389C
YDR510W	YER025W
YBL016W	YBL085W
YER125W	YHR165C
YIL095W	YPR152C
YAL021C	YDR188W
YJL183W	YPL094C
YBL032W	YOR009W
YFR010W	YPR108W
YDR277C	YJR090C
YEL019C	YHR154W
YIR010W	YPR163C
YKL071W	YPL157W
YBL016W	YBL055C
YPL131W	YPL249C-A
YLR258W	YOL100W
YEL027W	YLL028W
YGR258C	YPL248C
YBL032W	YNL024C
YDL134C	YDR523C
YJL041W	YOR098C
YBR273C	YLL039C
YFR004W	YHR128W
YGL137W	YLL039C
YJL094C	YLL039C
YNL124W	YPL079W
YDR272W	YOR081C
YFL005W	YOL018C
YMR109W	YPR159W
YFR051C	YNL304W
YBL055C	YFR014C
YDR188W	YPL150W
YHR140W	YMR279C
YIL105C	YKL051W
YBL026W	YDL098C
YDL111C	YOL021C
YJR066W	YNL243W
YCL044C	YPR024W
YPL259C	YPR016C
YGR270W	YPL115C
YGR252W	YHR008C
YBR196C	YLR088W
YGL056C	YPL058C
YDR100W	YML110C
YDR301W	YGL044C
YFR004W	YMR037C
YCL061C	YKL049C
YIL130W	YLR116W
YBR200W	YNR071C
YKR081C	YOL127W
YDR063W	YNR035C
YDR398W	YJR070C
YFR004W	YGR173W
YLR429W	YPR093C
YIL109C	YJR059W
YBR119W	YLR298C
YDR510W	YOR123C
YHR205W	YJR066W
YJL095W	YOR107W
YPR052C	YPR056W
YGL137W	YKL166C
YDR145W	YGL112C
YDL209C	YLR147C
YDR122W	YPL256C
YJR145C	YOL120C
YJL143W	YJR045C
YDR091C	YMR146C
YCR046C	YML025C
YDL082W	YGL030W
YKL126W	YOL078W
YDL171C	YER151C
YDL077C	YML001W
YMR216C	YMR304W
YDR092W	YGL087C
YHR027C	YKR043C
YGL111W	YPL204W
YBL030C	YGL137W
YAL053W	YER145C
YDL222C	YIL105C
YLL039C	YML052W
YBL032W	YPR174C
YGR260W	YHR048W
YAL005C	YDR188W
YDL084W	YHR027C
YMR106C	YNL006W
YLL039C	YNL326C
YLL023C	YML048W
YDR368W	YFR004W
YGL035C	YKL074C
YER125W	YLR017W
YKL058W	YOR194C
YBL032W	YNL003C
YHR085W	YPL131W
YKL025C	YLR291C
YGL127C	YOR128C
YLR452C	YMR004W
YIL075C	YMR001C
YDL088C	YJL041W
YMR125W	YPL151C
YFR031C-A	YKL180W
YER172C	YIL061C
YDL209C	YDR364C
YDR422C	YER129W
YDR195W	YJL033W
YCR028C-A	YOR273C
YBR112C	YGR252W
YBL032W	YOR106W
YGR017W	YLR072W
YJR106W	YMR228W
YGR220C	YNL252C
YGL014W	YOL127W
YGL158W	YPR072W
YDR510W	YOR144C
YMR001C	YNL175C
YER173W	YPL194W
YLR203C	YLR429W
YLR147C	YMR088C
YBR078W	YOL133W
YDL220C	YDR227W
YDL082W	YNL301C
YER105C	YJR042W
YDR189W	YOR327C
YBR167C	YDR478W
YLR011W	YLR291C
YDL199C	YMR243C
YDR381W	YOL127W
YDR143C	YNL225C
YGR109C	YJL157C
YBL015W	YLL039C
YFR022W	YJR010C-A
YDR343C	YER125W
YBR069C	YPL233W
YFR004W	YLR058C
YER151C	YMR229C
YDL006W	YPL141C
YDL126C	YKL049C
YDL082W	YLR287C-A
YDR510W	YOR344C
YFR004W	YLR216C
YAR007C	YMR224C
YPL061W	YPL204W
YJR123W	YLR197W
YAL032C	YJL103C
YDL060W	YIL095W
YER172C	YMR213W
YNL308C	YPR110C
YGL147C	YOL127W
YEL034W	YKL047W
YMR291W	YOR089C
YDR142C	YJL014W
YDR388W	YER129W
YMR173W	YMR216C
YDR301W	YNL222W
YFL034W	YPL110C
YFR014C	YKL042W
YFR004W	YJL055W
YMR005W	YNL216W
YJL222W	YKL065C
YLL028W	YML072C
YER020W	YLL039C
YBL032W	YPR194C
YLR131C	YPR086W
YDR009W	YOL133W
YDL129W	YFR028C
YHR185C	YPL204W
YDL208W	YKL172W
YHR027C	YOR204W
YLR116W	YPL016W
YIL019W	YOR096W
YBL026W	YHR165C
YFR021W	YNL242W
YBR098W	YHR016C
YJL074C	YPL204W
YPL115C	YPL256C
YGR092W	YJR142W
YGL151W	YGR104C
YKL008C	YMR298W
YBL093C	YDR381W
YDL004W	YMR173W
YEL034W	YJR047C
YDL051W	YDR510W
YLL039C	YMR183C
YAL005C	YIL053W
YBL021C	YML048W
YGR092W	YIL106W
YDR180W	YJL074C
YJR145C	YLR367W
YNL031C	YPR018W
YIL136W	YNL131W
YOL034W	YOR284W
YDR347W	YGR165W
YHR128W	YOR117W
YBR088C	YNL206C
YGR275W	YKR008W
YBL032W	YNR014W
YJR123W	YKL180W
YER132C	YPL203W
YDL013W	YOR156C
YFR014C	YNL021W
YGR220C	YLR371W
YBL045C	YFR004W
YLL039C	YNL308C
YDL134C	YER032W
YBL032W	YMR291W
YML114C	YPL011C
YDR463W	YJR090C
YBL032W	YNL112W
YGL158W	YPL016W
YBL032W	YBL101C
YML074C	YOR061W
YGL179C	YJR092W
YER186C	YMR117C
YNR053C	YPL131W
YDL115C	YGR005C
YGL147C	YKL180W
YDL126C	YPR152C
YDR318W	YGL060W
YER020W	YGL077C
YDR510W	YPL049C
YFR028C	YIL075C
YGL237C	YPL166W
YDR155C	YNL330C
YAL032C	YOR023C
YBL075C	YDR044W
YNL112W	YPR152C
YBL032W	YPR089W
YLL045C	YPL249C-A
YFL038C	YLR268W
YAL005C	YHR154W
YDR510W	YKL152C
YCR030C	YIL095W
YKR008W	YMR125W
YER050C	YIL070C
YBL091C-A	YNL197C
YHL031C	YOL018C
YBR079C	YER151C
YFR004W	YJR094W-A
YBR106W	YGL051W
YGL021W	YLL015W
YBR087W	YML105C
YHL048W	YHR140W
YHR165C	YKL152C
YNR011C	YPL151C
YDR169C	YFR014C
YDR381W	YDR462W
YFR004W	YLL045C
YBL032W	YPR182W
YMR288W	YPR152C
YGL017W	YLR234W
YDR171W	YFR028C
YGL158W	YHR104W
YLR197W	YOL144W
YMR140W	YOR244W
YFR010W	YJR066W
YDR479C	YOL065C
YHR194W	YPL117C
YDR510W	YIL149C
YBR110W	YLR241W
YBR191W	YJR123W
YGL077C	YKL051W
YPL220W	YPR102C
YIR010W	YNL006W
YDR087C	YKR081C
YMR054W	YOR270C
YJL187C	YMR173W
YBL032W	YDR078C
YGL004C	YIL007C
YDR381W	YJL098W
YBL032W	YLR256W
YER151C	YFR004W
YFR014C	YFR033C
YBR154C	YPL203W
YAL005C	YNL004W
YCL028W	YNL007C
YKL139W	YPL220W
YDL077C	YOR051C
YGL187C	YGR112W
YGL207W	YKL049C
YHL004W	YJR101W
YBR017C	YGL092W
YKR014C	YOL018C
YJL151C	YMR152W
YER069W	YHR027C
YCL028W	YDR260C
YLR449W	YOR206W
YBR191W	YKL180W
YNL132W	YNR054C
YFL034W	YHL019C
YJR105W	YKL004W
YGL179C	YJL146W
YBL085W	YOL135C
YDR510W	YGL244W
YER022W	YPR187W
YML008C	YMR015C
YBR106W	YNR013C
YML056C	YOL115W
YDL207W	YER105C
YDL045W-A	YIL093C
YCL061C	YNL262W
YIL095W	YPR160W
YBL032W	YBR119W
YDL147W	YFR010W
YDL005C	YPL042C
YDR388W	YOR057W
YDL220C	YPL150W
YBR106W	YNR055C
YBR236C	YGR063C
YOR058C	YPL146C
YJL084C	YLL039C
YGL093W	YIL144W
YGL137W	YKR067W
YER056C-A	YGL153W
YFL047W	YFR004W
YFR001W	YNL230C
YIL053W	YOR117W
YDR101C	YLR074C
YBR028C	YBR084W
YER151C	YLR449W
YNL124W	YOR096W
YLL023C	YMR215W
YER171W	YGR258C
YIL094C	YPL061W
YCR073C	YJL089W
YLR291C	YPL070W
YAL005C	YLR189C
YGL011C	YGR135W
YDR388W	YFR004W
YOR319W	YPR152C
YDL005C	YGL151W
YHR195W	YLL039C
YGL103W	YGR118W
YCR086W	YKR068C
YPL012W	YPL131W
YJR059W	YNR013C
YIR001C	YNL138W
YMR061W	YOL123W
YIL061C	YMR319C
YGR166W	YKR068C
YDR260C	YEL060C
YER166W	YML072C
YGR270W	YNL031C
YDR091C	YKL009W
YGL233W	YGR152C
YJR066W	YPR185W
YNL132W	YPL055C
YBR107C	YIR010W
YLR432W	YML056C
YAL053W	YDR497C
YCR028C-A	YER020W
YDL020C	YIL007C
YKL132C	YPR022C
YJL008C	YOR117W
YBL103C	YNL076W
YDL098C	YJL203W
YDL006W	YPL180W
YPL151C	YPR182W
YDR381W	YIL026C
YBL103C	YLR423C
YBR001C	YLL039C
YGL111W	YNL082W
YJR014W	YKL166C
YBL032W	YDL233W
YPL012W	YPL198W
YBL032W	YOR273C
YBL032W	YGL192W
YLR315W	YOL054W
YIL075C	YMR314W
YGL158W	YLR055C
YGR092W	YGR223C
YIL063C	YLL039C
YBL085W	YNL078W
YHR094C	YLL006W
YBR017C	YDL204W
YHR015W	YPL169C
YGL179C	YIL156W
YDR195W	YLR277C
YGR128C	YLR129W
YCR086W	YOR061W
YDL227C	YHR027C
YGL112C	YMR227C
YOL010W	YPL259C
YER132C	YGR135W
YJL095W	YNL272C
YDL214C	YHR139C
YER151C	YLR109W
YPL049C	YPL070W
YCL059C	YMR093W
YOR244W	YOR354C
YDL060W	YNR054C
YNL132W	YPL220W
YBR055C	YLL036C
YEL051W	YMR106C
YDR012W	YOR096W
YER125W	YKL144C
YBL032W	YOR085W
YDR345C	YHR027C
YBL097W	YFR031C
YGR092W	YJL098W
YDR381W	YGR128C
YGL179C	YKL197C
YER002W	YPR016C
YDR036C	YJR101W
YKR081C	YNR053C
YDR405W	YIL070C
YHR013C	YOR253W
YAR019C	YPL124W
YBR028C	YJR082C
YER172C	YNR053C
YBL032W	YDR505C
YBL042C	YNL197C
YDR295C	YNL250W
YAL027W	YLR429W
YJL140W	YPR093C
YGL083W	YGR173W
YJL187C	YOR123C
YGL158W	YML048W
YGL116W	YMR179W
YMR240C	YPR094W
YNL006W	YPL180W
YBR059C	YNL027W
YBR112C	YNL330C
YNL066W	YPL204W
YBR079C	YOR052C
YGR244C	YKL101W
YKL049C	YPL063W
YGL205W	YJR059W
YAL055W	YDL065C
YBR177C	YFR014C
YJL190C	YOR096W
YEL030W	YPL256C
YFR050C	YML092C
YER151C	YLR009W
YBR247C	YMR093W
YBL032W	YGR077C
YBR126C	YMR229C
YJL060W	YLL039C
YGR159C	YNL154C
YDL115C	YMR291W
YKL206C	YLL039C
YBR079C	YPR016C
YMR037C	YMR172W
YDL084W	YNL004W
YNL136W	YOR244W
YCL014W	YFR028C
YDR006C	YFR028C
YBL030C	YBL045C
YCR046C	YKR085C
YDR380W	YLL039C
YBR251W	YNL186W
YAL068C	YGL158W
YAL032C	YKR086W
YDR216W	YGR123C
YBL032W	YML104C
YAL041W	YOL021C
YPL204W	YPR160W
YEL013W	YJL151C
YIL159W	YKR055W
YKL049C	YKR046C
YGL092W	YOR098C
YBR272C	YDL007W
YKL049C	YOR117W
YBL032W	YMR041C
YGL017W	YNL157W
YGL048C	YGL141W
YBL032W	YMR179W
YFR014C	YHR112C
YDR388W	YGL090W
YHR027C	YKL029C
YLR449W	YPL198W
YFR004W	YOR204W
YFR034C	YLR330W
YFR004W	YPL061W
YOR117W	YPL061W
YJR119C	YLL039C
YLL039C	YNL305C
YFR004W	YPR035W
YDR087C	YGL120C
YHR133C	YLR450W
YDR012W	YOL120C
YLL039C	YLR058C
YDL060W	YDR224C
YJR050W	YNR011C
YKR092C	YNL112W
YHR191C	YMR078C
YKL159C	YOR351C
YLR186W	YPR144C
YJR010C-A	YLR185W
YGR120C	YJL036W
YML057W	YNL037C
YKL012W	YPR182W
YBR143C	YPL237W
YFR004W	YOR234C
YJR123W	YJR145C
YLR362W	YNL229C
YHL013C	YOR244W
YFR034C	YOR369C
YGL201C	YLR233C
YJL002C	YOR103C
YBL032W	YBL079W
YGL158W	YHL027W
YBR241C	YML012W
YDR381W	YHR039C
YGL025C	YLR071C
YCR077C	YJL124C
YLR354C	YNL053W
YDR510W	YHR019C
YKR086W	YLL036C
YER092W	YOR141C
YNL186W	YOL113W
YOR117W	YPL131W
YIR010W	YML072C
YBR207W	YDR284C
YMR080C	YOL123W
YNL183C	YPL077C
YER151C	YPL226W
YER062C	YLL039C
YDR006C	YLL039C
YLR128W	YLR306W
YKL073W	YOL087C
YFR002W	YJL039C
YGR002C	YOR244W
YGL056C	YML072C
YBL075C	YGR104C
YBL032W	YOR227W
YKL126W	YLR429W
YBL032W	YOR149C
YBL032W	YDR155C
YGR017W	YOR244W
YBL097W	YDR388W
YIL109C	YKL068W
YNR053C	YPL249C-A
YHL029C	YNL032W
YGL103W	YOR096W
YDL209C	YKR086W
YDR324C	YNL132W
YLR245C	YOL111C
YGR254W	YJR045C
YJR047C	YNL197C
YNL308C	YPL259C
YDR155C	YNL244C
YFR031C-A	YOL120C
YFR004W	YOR042W
YFR004W	YKL056C
YBL016W	YOR141C
YER050C	YHL004W
YFR014C	YGL205W
YBL047C	YFR004W
YBL026W	YGR075C
YBR127C	YJR033C
YKL190W	YPR159W
YBR191W	YGL147C
YER052C	YLL039C
YLR367W	YOR096W
YKL022C	YOR249C
YJL011C	YPR055W
YBR059C	YGR159C
YBL103C	YDR212W
YBL026W	YIL066C
YGL211W	YIL008W
YHR178W	YLR147C
YOR362C	YPL150W
YLL036C	YLR441C
YCR046C	YDR296W
YDL212W	YML132W
YCR046C	YHL004W
YBR251W	YGR165W
YHR174W	YPR152C
YDR297W	YLL028W
YBR059C	YMR004W
YCL010C	YPL047W
YJL019W	YPR018W
YBL032W	YIL117C
YBR272C	YGL004C
YBL026W	YOR191W
YDR194C	YDR365C
YBR135W	YFR050C
YLR018C	YLR249W
YER025W	YMR146C
YFR004W	YGR200C
YMR072W	YOR374W
YAR007C	YNL031C
YBR135W	YLR210W
YML024W	YOR204W
YAL015C	YPR110C
YBR082C	YOR294W
YBR082C	YNL031C
YIL070C	YJL128C
YDL106C	YLR359W
YMR080C	YPL106C
YER032W	YLR144C
YKL180W	YML063W
YDL012C	YOR355W
YML049C	YMR117C
YLL036C	YMR125W
YJL084C	YPR029C
YBL032W	YJL083W
YJR123W	YOR361C
YGL044C	YLR277C
YLL036C	YLR016C
YPL018W	YPR018W
YDL007W	YOR117W
YDR188W	YKL104C
YIL061C	YJL098W
YNL197C	YNR046W
YIL126W	YNL116W
YGL048C	YMR001C
YKL166C	YNL227C
YDL113C	YFR028C
YLL039C	YMR080C
YML049C	YMR125W
YER172C	YGR278W
YHR036W	YJL183W
YDR054C	YFL029C
YGR077C	YOL044W
YFL024C	YGL158W
YER164W	YGL207W
YBL026W	YNL118C
YDR381W	YJR045C
YAL005C	YDR390C
YBR155W	YKL101W
YBL032W	YCL008C
YBL032W	YPR160W
YDR212W	YHR027C
YJL095W	YNL125C
YDR164C	YMR183C
YJL080C	YJR123W
YDR330W	YOL133W
YIL105C	YLR423C
YEL051W	YJL036W
YJL033W	YMR229C
YAL053W	YML072C
YGL105W	YKL101W
YGL158W	YHR044C
YDR300C	YFR004W
YML056C	YOR360C
YGR056W	YMR106C
YKL180W	YMR086W
YGR080W	YNL138W
YBL056W	YDR071C
YER151C	YJR014W
YGL179C	YMR205C
YER050C	YGR165W
YHR094C	YLL039C
YGR104C	YPL042C
YKR001C	YMR072W
YBL032W	YGR170W
YDL002C	YKR001C
YBR251W	YER050C
YBL085W	YDR036C
YGR270W	YKR008W
YFR031C-A	YPL198W
YBR298C	YGR041W
YGR165W	YHL004W
YBR200W	YGL233W
YDR188W	YHR174W
YLR264W	YOR361C
YDL213C	YDR324C
YER171W	YML124C
YJL039C	YKL068W
YDL126C	YLR450W
YCR004C	YDL101C
YJL128C	YLR058C
YLL039C	YLR345W
YBR106W	YMR272C
YER175C	YPL204W
YAL024C	YJR123W
YJL033W	YMR216C
YGR274C	YJR140C
YGL120C	YPL146C
YER164W	YKL049C
YKL049C	YNR053C
YIR008C	YNL262W
YEL002C	YPR011C
YDL134C	YDL188C
YBL032W	YOR113W
YBR260C	YKR055W
YDR479C	YLL039C
YJL124C	YMR080C
YBL032W	YDR259C
YDL002C	YOR141C
YAL021C	YML098W
YNL308C	YPL012W
YGL061C	YIL070C
YML020W	YMR106C
YML051W	YOR370C
YJR031C	YNL186W
YBL032W	YPR008W
YBR133C	YGL187C
YKR086W	YPL151C
YIR007W	YMR205C
YDL175C	YGR165W
YML024W	YML072C
YGL112C	YGL120C
YGR134W	YPL268W
YGR200C	YNL078W
YGR092W	YNR006W
YDR117C	YOR204W
YFL005W	YFR004W
YDL222C	YER145C
YCL027W	YLR330W
YLR048W	YOR136W
YJL025W	YOR284W
YDL019C	YGR092W
YKL049C	YPR159W
YAL002W	YLR148W
YML048W	YPR106W
YCR086W	YOR281C
YBR142W	YGL111W
YBR200W	YML001W
YGL108C	YKL051W
YGR043C	YNL222W
YGR128C	YNL132W
YDL082W	YHL001W
YNL197C	YPL069C
YHL004W	YNR037C
YMR186W	YOR057W
YLL039C	YOR254C
YDR301W	YJR093C
YLR449W	YOR340C
YAR033W	YGL051W
YDR100W	YHR094C
YCL059C	YGL120C
YBR055C	YBR133C
YDL007W	YMR314W
YBR018C	YDL134C
YGL029W	YOR294W
YAL027W	YBR196C
YJR141W	YPL141C
YLR335W	YNL124W
YBL050W	YOL018C
YBR106W	YLL061W
YNL211C	YPL150W
YBR097W	YLL039C
YDL115C	YJL187C
YHR092C	YJR066W
YGL073W	YOR178C
YDR224C	YGL133W
YGR118W	YLR287C-A
YDR388W	YLR429W
YJR073C	YNL197C
YGL233W	YJL085W
YKR035W-A	YNL265C
YGL172W	YJL041W
YLL039C	YLR056W
YOR128C	YPR088C
YDR156W	YNL113W
YFR004W	YIL041W
YJL098W	YPL049C
YFL042C	YPR110C
YDR244W	YDR265W
YKL152C	YPL061W
YGL134W	YOL113W
YBL085W	YIL144W
YBR079C	YPL237W
YNL118C	YPL220W
YGR156W	YJR093C
YOR098C	YPL169C
YDR293C	YGR092W
YER105C	YIL061C
YHR165C	YML049C
YIL030C	YMR264W
YLR048W	YPR035W
YBL078C	YDL028C
YKL056C	YPL204W
YER129W	YNL225C
YLR129W	YPR112C
YBR078W	YJR066W
YGR120C	YLR423C
YHR124W	YPR117W
YDR505C	YJR059W
YBL085W	YER164W
YBL032W	YIL049W
YBR143C	YJL016W
YIR010W	YOR206W
YER164W	YLL039C
YDR381W	YKR092C
YAL021C	YPL042C
YDR006C	YFR004W
YDR457W	YKL029C
YCL008C	YNL154C
YFR014C	YGR135W
YDR510W	YML114C
YNL197C	YNL322C
YGL077C	YIL105C
YBL032W	YIL135C
YKL022C	YMR001C
YLR268W	YNL258C
YLL039C	YLR047C
YNL206C	YNR052C
YOR361C	YPR152C
YBR172C	YKL204W
YBR191W	YLR287C-A
YJL098W	YNL006W
YGR270W	YLR197W
YHL001W	YOL127W
YPR144C	YPR163C
YMR093W	YNL075W
YBR154C	YER022W
YDR087C	YPL141C
YDR378C	YJL124C
YNL020C	YNL272C
YGL198W	YNL304W
YDL207W	YEL024W
YGL207W	YGL244W
YKL049C	YPL226W
YJL095W	YLR197W
YHR155W	YNL197C
YAR007C	YOL090W
YDL126C	YFL044C
YBL042C	YPL058C
YDR479C	YJL097W
YDR453C	YGR185C
YFR004W	YNR017W
YDR051C	YLR024C
YKR085C	YNL252C
YKL085W	YKL108W
YDL132W	YLR352W
YBR069C	YJR010C-A
YMR140W	YNL154C
YBR088C	YOR117W
YJR059W	YOR209C
YBL061C	YJL187C
YGL105W	YOR017W
YCR014C	YDL007W
YJR090C	YOR344C
YBR110W	YEL002C
YGL113W	YOR060C
YAL032C	YGL120C
YBL056W	YBR247C
YGL003C	YGL116W
YGL095C	YOL018C
YBR179C	YDR142C
YEL032W	YFR028C
YCL059C	YNL308C
YAL060W	YLL039C
YMR213W	YPR101W
YER151C	YNL302C
YJR144W	YLR074C
YJR148W	YLL039C
YIL066C	YLR163C
YHR043C	YPL204W
YKL166C	YLR216C
YGL157W	YLL039C
YBR087W	YDR229W
YFR016C	YLL050C
YIL149C	YNL225C
YDL002C	YDR510W
YLL039C	YMR130W
YFR001W	YKL172W
YHR127W	YMR047C
YBR041W	YIL124W
YHR165C	YPR141C
YLL045C	YNL175C
YFR028C	YNL225C
YOR113W	YPL203W
YDR229W	YMR001C
YKR097W	YPL203W
YDL051W	YHR089C
YDR138W	YGR005C
YJR123W	YNL004W
YAL005C	YJR140C
YBL032W	YPL259C
YDR324C	YLR129W
YHL001W	YOR117W
YBL032W	YDR499W
YLL021W	YLL026W
YBR154C	YLR071C
YBR084W	YKL180W
YBR247C	YML063W
YER047C	YKL129C
YAR019C	YDL101C
YNR053C	YOL120C
YOR361C	YPR086W
YNL132W	YOR096W
YBR083W	YKL126W
YHR046C	YNL262W
YML091C	YMR036C
YLL039C	YPL162C
YDL213C	YJR145C
YMR216C	YNL173C
YAR019C	YIL106W
YDL020C	YLR024C
YFR004W	YGL078C
YBR110W	YLL061W
YBR055C	YFL017W-A
YGR134W	YJR011C
YDR171W	YPR035W
YIL109C	YPR181C
YBL032W	YDR207C
YER125W	YGL219C
YGL167C	YLR342W
YGL241W	YPR086W
YGR275W	YJR094W-A
YDR293C	YPR152C
YHR066W	YLR325C
YDR388W	YGL226W
YGR038W	YIR038C
YDR227W	YNL206C
YDL213C	YLR432W
YKR025W	YPR110C
YBR106W	YJR015W
YKL135C	YPR102C
YGR109C	YPL256C
YDR301W	YKL018W
YCL059C	YLR186W
YML072C	YMR266W
YGL009C	YKL049C
YJL080C	YKL204W
YGL120C	YLR432W
YIL075C	YPR108W
YGR278W	YMR288W
YCR042C	YPL011C
YHL004W	YKL170W
YCR071C	YDR116C
YAL021C	YDR138W
YGL127C	YGL158W
YJL098W	YNL076W
YDL239C	YNL225C
YJL187C	YKR071C
YBL075C	YPL117C
YDL213C	YGL120C
YDR100W	YHR105W
YBR055C	YMR205C
YGR017W	YKL101W
YDR145W	YML099C
YGL120C	YGR270W
YDL141W	YDR087C
YAL032C	YJL149W
YHR027C	YHR068W
YDR381W	YOL115W
YLL015W	YLL039C
YDR494W	YER050C
YDR510W	YFL045C
YDR005C	YPR110C
YKL144C	YKR025W
YGL112C	YMR223W
YLR291C	YNL314W
YDR216W	YPR086W
YBL102W	YLL039C
YFR028C	YOR191W
YER172C	YLR147C
YAR007C	YGL207W
YBR200W	YGL212W
YBR126C	YOR089C
YKL161C	YPL049C
YJL203W	YNR011C
YDR171W	YDR430C
YGR200C	YOL113W
YDL209C	YGR129W
YML063W	YPL012W
YNR046W	YPR054W
YKL049C	YPR135W
YAR007C	YEL030W
YKL080W	YOR270C
YDL070W	YOR244W
YBL061C	YIL007C
YDL082W	YOR096W
YML019W	YOR103C
YLL039C	YLR268W
YBL074C	YER172C
YFL005W	YOR070C
YKL161C	YNL027W
YIL130W	YIR010W
YKR014C	YOR089C
YDL213C	YNL308C
YLL039C	YOL145C
YGL201C	YLR274W
YHR027C	YLR342W
YCR014C	YHR027C
YFR004W	YOL109W
YGL145W	YNL258C
YML051W	YMR223W
YBR127C	YLR088W
YNL099C	YNR054C
YGL179C	YGR167W
YKR014C	YPR028W
YGL105W	YGR092W
YBR205W	YFL038C
YHR069C	YOR076C
YOL100W	YOR260W
YFR004W	YJL080C
YDR101C	YLR335W
YBR273C	YDL190C
YMR311C	YOL001W
YAL032C	YGR061C
YMR068W	YOL078W
YHR089C	YNL124W
YLL039C	YPR091C
YER125W	YFR028C
YFR031C-A	YLR074C
YKL062W	YPL204W
YGL137W	YNL138W
YDL015C	YKL065C
YBL091C-A	YIR038C
YBL032W	YNR046W
YDR258C	YOR117W
YGL133W	YIL126W
YER125W	YPL146C
YGR056W	YNL031C
YBL103C	YNR023W
YHR099W	YMR227C
YKL004W	YNL197C
YJR145C	YPL204W
YGL210W	YOL018C
YMR047C	YPL169C
YDL007W	YPR108W
YPL204W	YPR083W
YGR252W	YHR099W
YDL212W	YEL002C
YDL147W	YDR108W
YIR010W	YPL105C
YIL019W	YNL132W
YDR366C	YER071C
YBL085W	YPL049C
YJL084C	YJR059W
YMR037C	YPL042C
YDR510W	YPR110C
YGR278W	YOR361C
YBL016W	YNL136W
YNL197C	YPL165C
YBR005W	YER125W
YIL108W	YML105C
YBL032W	YMR047C
YER126C	YOR206W
YGR142W	YOL018C
YDR510W	YLR244C
YIL095W	YLR342W
YBL032W	YPL237W
YIR038C	YJL097W
YDR118W	YNL172W
YGR136W	YLL039C
YJR045C	YOR081C
YHR016C	YLR243W
YLR429W	YNL032W
YJL039C	YLR335W
YKL074C	YLR423C
YLR072W	YLR249W
YHR027C	YPL259C
YHR117W	YJR059W
YKL159C	YKL190W
YDR212W	YNL323W
YMR125W	YOR159C
YMR193W	YNR022C
YGL030W	YPR152C
YHR105W	YPL246C
YHR019C	YKL130C
YIL061C	YLR298C
YDL084W	YHR167W
YDR116C	YDR462W
YAL015C	YNL037C
YDR510W	YER125W
YBR241C	YDR479C
YMR125W	YOR204W
YDR398W	YLR216C
YKL049C	YOR254C
YBL032W	YJL116C
YBL016W	YMR186W
YJR025C	YPR054W
YAL051W	YLR197W
YHR027C	YML063W
YIL106W	YNR052C
YLR268W	YOR037W
YGL105W	YNR013C
YGR275W	YPL249C-A
YFR052W	YIR011C
YDR381W	YNL252C
YOR155C	YPL204W
YIR038C	YLR268W
YCR028C-A	YLR326W
YDR388W	YER116C
YML048W	YMR215W
YDR093W	YJR066W
YMR146C	YPL105C
YJR093C	YLR115W
YBL032W	YOR172W
YOR351C	YPL077C
YLL039C	YML049C
YHR127W	YKL012W
YMR288W	YOR319W
YMR027W	YPR036W
YFR004W	YFR050C
YGL004C	YOR117W
YMR213W	YNR011C
YHR023W	YLR423C
YDR381W	YNL238W
YMR162C	YPR154W
YLL039C	YOR042W
YLL039C	YMR115W
YFR004W	YMR027W
YDR224C	YOL054W
YDL043C	YML049C
YFR002W	YMR153W
YLL045C	YNL301C
YBR210W	YGL207W
YER020W	YJL016W
YLR048W	YLR274W
YGL113W	YKL026C
YHL001W	YJR123W
YGR274C	YPR052C
YBL055C	YDR280W
YDR523C	YKR046C
YFR002W	YJL041W
YBR088C	YFR004W
YLR277C	YNL222W
YDR381W	YJL128C
YDR155C	YLL039C
YIR010W	YKL049C
YGL030W	YGL147C
YKL126W	YNL106C
YDR510W	YNL199C
YER025W	YPR110C
YJL222W	YKL049C
YBR085W	YGL237C
YBR172C	YPR072W
YBL032W	YPL064C
YIL149C	YLL015W
YDR378C	YML049C
YOL127W	YPL143W
YKL012W	YML049C
YGL158W	YNL117W
YIL007C	YIL075C
YNL138W	YOR122C
YOR156C	YPR046W
YKL049C	YOR061W
YKL049C	YMR304W
YJR077C	YLL039C
YLR432W	YOR360C
YGR037C	YLL019C
YER132C	YPL204W
YDL043C	YOR319W
YIR038C	YNL217W
YBR251W	YDR124W
YDR510W	YPL106C
YGR283C	YMR310C
YDR087C	YLR131C
YEL009C	YPR046W
YLL039C	YMR061W
YNL244C	YOR361C
YDR256C	YOR351C
YBR106W	YBR287W
YBR083W	YDR510W
YDR227W	YFL045C
YDR330W	YJL187C
YBL016W	YGR200C
YDR127W	YMR106C
YDR296W	YMR193W
YBL032W	YJL159W
YBR260C	YPL140C
YBR136W	YDR217C
YML048W	YOR351C
YGR178C	YGR270W
YDR093W	YER166W
YDR381W	YGL030W
YBR112C	YMR240C
YEL051W	YNL250W
YIL070C	YNL250W
YBL078C	YFR014C
YDL153C	YPL204W
YFR014C	YJL084C
YGL112C	YGR252W
YMR186W	YPL051W
YBL047C	YDR348C
YBR059C	YKR094C
YDR237W	YGR220C
YJL151C	YLR144C
YBL085W	YNL206C
YGL011C	YIL099W
YLL039C	YLR387C
YBR082C	YFR004W
YJL052W	YLR144C
YFR004W	YPR181C
YFR004W	YGR253C
YBR107C	YLR315W
YDR143C	YGL207W
YDL123W	YLL039C
YIL156W	YJR059W
YBR110W	YDL015C
YFR051C	YKR067W
YAL024C	YGR152C
YBR106W	YOR117W
YDL200C	YDR155C
YBL032W	YPL162C
YDR116C	YHL004W
YMR229C	YNR054C
YER172C	YJL203W
YCR046C	YDR237W
YLL028W	YNL238W
YLR423C	YPL174C
YGL030W	YHL001W
YLR315W	YOR023C
YBR084W	YML063W
YDL101C	YOL123W
YMR047C	YNR053C
YER022W	YPL042C
YCL011C	YMR125W
YDR205W	YKL221W
YBL032W	YPL058C
YOR096W	YPR144C
YHL025W	YJL176C
YGR270W	YIR010W
YHR014W	YJL138C
YGL112C	YLR055C
YGL207W	YNL031C
YDR195W	YNL317W
YJL041W	YKL068W
YDR299W	YER127W
YGL238W	YOR185C
YFR001W	YPL220W
YKL009W	YOR206W
YDL019C	YJL095W
YDR100W	YMR010W
YBL032W	YDL199C
YML051W	YMR004W
YGR295C	YKL004W
YDL013W	YPL018W
YBL079W	YGL172W
YKL049C	YLR330W
YDR247W	YGL207W
YDR118W	YKL022C
YGL123W	YJR123W
YLR018C	YMR264W
YML049C	YPL151C
YEL012W	YHR205W
YKL051W	YLL028W
YIL094C	YNL304W
YGR266W	YMR106C
YJL158C	YKL130C
YGR277C	YLL061W
YER151C	YPL237W
YJR123W	YLL036C
YER164W	YMR229C
YML049C	YPR152C
YBR279W	YPL084W
YAR007C	YFL009W
YBR123C	YGR246C
YCR082W	YOR023C
YGR113W	YPL018W
YER168C	YKL166C
YDR381W	YGL120C
YBL016W	YDR439W
YGL048C	YML124C
YDL147W	YLR421C
YAR018C	YOL113W
YBR175W	YOL045W
YIL075C	YKL049C
YLR197W	YMR304W
YGL179C	YOL130W
YDR019C	YFR014C
YDR510W	YIR033W
YGL093W	YMR117C
YGR286C	YMR070W
YEL065W	YKL166C
YAL043C	YDR195W
YDL212W	YLR018C
YDL085W	YDL198C
YBL045C	YHR027C
YBR143C	YPL249C-A
YGR178C	YLL039C
YDR108W	YGL207W
YGR186W	YJL140W
YDR005C	YKR025W
YDL143W	YLL039C
YBR168W	YHR150W
YKL172W	YPL131W
YDR422C	YMR106C
YFR051C	YPL246C
YER090W	YGL137W
YBR207W	YIL047C
YBL026W	YMR207C
YDR131C	YPR093C
YDR510W	YOR032C
YBR179C	YLR368W
YAL029C	YMR186W
YAR019C	YGR092W
YJL190C	YKL180W
YLL039C	YLR356W
YER050C	YMR158W
YIL066C	YKL011C
YBR247C	YNL308C
YGR200C	YKL166C
YBR154C	YGR186W
YBL067C	YJL203W
YAL032C	YMR031C
YKL009W	YLR406C
YBR221C	YCR079W
YML091C	YPL204W
YMR005W	YMR227C
YBR200W	YGL116W
YDR207C	YOR351C
YIR010W	YMR229C
YKL080W	YMR054W
YBR106W	YNL125C
YGL111W	YKL082C
YLL036C	YPR101W
YNR004W	YPL157W
YNL125C	YNL197C
YDR166C	YJL138C
YDL147W	YGL048C
YER126C	YNR053C
YKL011C	YMR201C
YDR012W	YFR004W
YDR478W	YLL033W
YBR279W	YKL049C
YDL077C	YNL147W
YML067C	YPL246C
YBR223C	YCL028W
YCR073C	YJL128C
YLR441C	YML063W
YDR347W	YJR060W
YDR381W	YNL317W
YIL030C	YKL209C
YGR159C	YPL237W
YJL187C	YNL186W
YML063W	YPL249C-A
YDR465C	YKL068W
YML056C	YPR152C
YDL134C	YOR176W
YJL089W	YMR280C
YDL220C	YKL101W
YNL031C	YNL206C
YHR027C	YKL035W
YBL032W	YNL122C
YBR199W	YLR026C
YBL047C	YCR030C
YLR249W	YPL131W
YDL134C	YPR110C
YDL147W	YJR091C
YML063W	YPL220W
YCR028C-A	YDL222C
YAL005C	YLR256W
YJR050W	YPL151C
YBR059C	YOR054C
YDR012W	YJR123W
YMR106C	YNR053C
YBR154C	YFL023W
YDL028C	YFR046C
YGR198W	YLL039C
YBL037W	YNL265C
YGL219C	YLR368W
YDR258C	YER151C
YLL028W	YLR219W
YAL021C	YIR010W
YBR296C	YHR133C
YFR034C	YGL173C
YLR330W	YOR244W
YDR457W	YLL021W
YJR066W	YLR342W
YGL147C	YJR123W
YOR324C	YPL094C
YFL023W	YPR106W
YDR494W	YNL137C
YBL030C	YJL143W
YCL059C	YMR047C
YGR181W	YNR017W
YDR382W	YHR027C
YBL047C	YFR014C
YBR199W	YLL039C
YBL032W	YIL105C
YHR205W	YIL153W
YGL127C	YPL042C
YDL171C	YMR117C
YEL013W	YOR106W
YBR079C	YNL243W
YDR498C	YNL258C
YEL041W	YNL229C
YML063W	YOR204W
YBR078W	YLL039C
YFR004W	YOR136W
YBR247C	YNL154C
YBL032W	YBR172C
YDR145W	YLR055C
YLL039C	YML112W
YKR001C	YLL039C
YDR086C	YFR004W
YEL034W	YJL190C
YBR106W	YFR004W
YMR052W	YNL127W
YIL070C	YIL105C
YBL016W	YJL157C
YLL026W	YPL204W
YDR388W	YNL244C
YJR059W	YOR113W
YER020W	YNL037C
YDL134C	YMR028W
YGR128C	YPL126W
YGL004C	YLR421C
YAL005C	YHR127W
YDR101C	YPL146C
YBR083W	YNL197C
YDL147W	YPR108W
YBR069C	YPR108W
YDR381W	YML056C
YBR059C	YLR392C
YDR256C	YGL153W
YDL051W	YPR088C
YBR106W	YML067C
YFR004W	YGL202W
YFR034C	YPR181C
YJL128C	YOR201C
YDR510W	YLR277C
YCL011C	YNL308C
YKL122C	YML105C
YJR050W	YML046W
YBL030C	YBR024W
YMR047C	YOR206W
YGL087C	YOR220W
YBL047C	YNL124W
YER164W	YMR125W
YDL227C	YGL014W
YGL137W	YKR046C
YHR027C	YLR134W
YLL036C	YLR132C
YOR260W	YPL237W
YDL181W	YOR159C
YDR207C	YJR094C
YLR398C	YML056C
YGL158W	YGR220C
YCL014W	YPL106C
YHR069C	YLR163C
YDL214C	YKR092C
YJR025C	YPL204W
YBR055C	YOR120W
YBR251W	YGR215W
YKR034W	YNL021W
YCR028C-A	YJR144W
YIR010W	YJL053W
YDL126C	YOR117W
YFR027W	YIL026C
YDL116W	YJL061W
YBL032W	YDR093W
YLR342W	YPR152C
YGR198W	YLR222C
YKL018W	YLL039C
YDR100W	YLR108C
YFL029C	YPR054W
YGL030W	YHR204W
YJR059W	YNR039C
YBR127C	YKL049C
YMR114C	YMR216C
YHR165C	YJL203W
YDL214C	YNR006W
YCR033W	YOL068C
YFR004W	YPL079W
YJL011C	YNL113W
YHR099W	YNL136W
YBL032W	YMR061W
YMR240C	YMR288W
YBL032W	YDR420W
YLR131C	YOR185C
YDL214C	YDL220C
YJL002C	YLL039C
YER125W	YMR171C
YDL002C	YPL141C
YBL032W	YJL080C
YCL028W	YIR010W
YBR177C	YMR109W
YGR128C	YJL010C
YDL200C	YKL056C
YDR365C	YDR381W
YNL197C	YPR149W
YMR224C	YNL172W
YHR027C	YNL301C
YDL132W	YJL149W
YDR299W	YPL141C
YBL016W	YBR200W
YDR146C	YOL001W
YOR227W	YPR152C
YER024W	YJL187C
YLL021W	YPL140C
YCL001W	YLR026C
YDR156W	YNL197C
YAL023C	YDL126C
YCR004C	YFR004W
YNL124W	YPL249C-A
YAL027W	YDR510W
YER151C	YHR013C
YLL015W	YLL023C
YGR274C	YML114C
YBR085W	YFR004W
YDR059C	YPR093C
YDR063W	YKR034W
YDR267C	YOL111C
YKR036C	YPL042C
YDR155C	YMR036C
YDR388W	YKL129C
YBR079C	YGR118W
YJR091C	YLR420W
YJL190C	YPL131W
YNL084C	YNL243W
YGL092W	YLR429W
YNL262W	YOL115W
YJR093C	YLR277C
YGR270W	YIL126W
YIL117C	YLL039C
YDR502C	YFR004W
YHL009C	YMR216C
YBR106W	YBR183W
YDL207W	YMR047C
YDR146C	YER018C
YFR004W	YGL123W
YNL175C	YPR016C
YLR274W	YLR429W
YGL174W	YMR240C
YBL052C	YGL207W
YFR034C	YPL198W
YDL223C	YFR004W
YBR126C	YFR028C
YGR252W	YLR277C
YCR071C	YNL252C
YDL082W	YML063W
YHR167W	YNL004W
YDR459C	YGL108C
YBL032W	YER154W
YEL030W	YMR106C
YEL032W	YJR059W
YDL132W	YDR131C
YAL032C	YHR165C
YER139C	YMR291W
YFR014C	YLR265C
YBR044C	YBR221C
YBR221C	YDR510W
YJL010C	YLR222C
YHL009C	YPL018W
YBL032W	YNR035C
YBL032W	YLR091W
YJL095W	YML074C
YLR417W	YLR452C
YFR052W	YGL078C
YDL015C	YHR133C
YBR017C	YLL039C
YBL085W	YJL155C
YKL049C	YMR146C
YBR164C	YDR141C
YAL024C	YNL312W
YIL144W	YLL021W
YBR106W	YNL048W
YCL010C	YMR223W
YAL029C	YKL130C
YAR007C	YGL116W
YNL172W	YOR249C
YBL032W	YLR151C
YHR016C	YNL243W
YGL127C	YGR104C
YJR059W	YMR288W
YFR004W	YJL060W
YJL033W	YLR115W
YMR131C	YOR319W
YOR244W	YPR083W
YML125C	YMR153W
YDR284C	YLL039C
YNL004W	YNL253W
YCR073W-A	YDR247W
YBL032W	YGL105W
YHL021C	YPL150W
YBR191W	YFR004W
YBL026W	YLR147C
YCR077C	YDR378C
YKL185W	YMR080C
YLR233C	YNL229C
YBR031W	YFR031C-A
YAL005C	YER132C
YHR133C	YHR140W
YGL158W	YNL272C
YBR175W	YPL029W
YIL094C	YLR103C
YER151C	YJL111W
YFR052W	YOR117W
YBL032W	YMR096W
YIL153W	YNL021W
YGR204W	YKL198C
YLR103C	YLR274W
YGL173C	YOL149W
YDR284C	YPR079W
YER151C	YNL308C
YGL174W	YLR016C
YKL101W	YOR141C
YGL238W	YIL094C
YDL101C	YNL250W
YCL014W	YLL039C
YNL021W	YOL090W
YBL032W	YBR117C
YDR145W	YGR274C
YJL190C	YJR145C
YJR042W	YMR047C
YGL131C	YNL031C
YGL179C	YLR055C
YNL197C	YNR044W
YMR216C	YNL186W
YAL041W	YIL140W
YER151C	YGR254W
YBR105C	YDL082W
YDR394W	YFR004W
YEL013W	YPR149W
YDR388W	YPL249C-A
YCL055W	YGL192W
YLL039C	YLR450W
YGR252W	YLR055C
YER151C	YJL080C
YJL157C	YMR304W
YDR224C	YOR141C
YHR205W	YMR216C
YDR265W	YNL214W
YDR238C	YPL010W
YJL138C	YLL039C
YBL032W	YNL176C
YBR087W	YDR087C
YDR171W	YNL216W
YBR069C	YLL039C
YFR004W	YHR039C
YHR165C	YMR213W
YDR012W	YJL080C
YFR034C	YMR109W
YGL147C	YNL175C
YDR087C	YLR233C
YGR128C	YLR222C
YBR079C	YOR096W
YDR510W	YER039C
YDR324C	YIL019W
YBL032W	YBR238C
YDR382W	YKL166C
YDR510W	YHL031C
YBR028C	YER015W
YGL064C	YOR260W
YGL158W	YOL070C
YHR016C	YNR007C
YGR065C	YPL058C
YFR008W	YOL135C
YDR303C	YKR008W
YFR004W	YKL215C
YDR113C	YGL116W
YJL002C	YJR015W
YER018C	YPL174C
YBR055C	YJL124C
YCL011C	YEL034W
YAL011W	YBR231C
YNL199C	YPL075W
YBL026W	YLR074C
YLR131C	YMR304W
YGR254W	YPR152C
YNL009W	YOR089C
YJR066W	YNL006W
YBL032W	YOL045W
YAL027W	YOL090W
YNL113W	YPR110C
YGL179C	YHR137W
YBL064C	YKL101W
YNL219C	YPL094C
YIL093C	YJR101W
YLR287C-A	YNL302C
YDR235W	YLR147C
YGL120C	YHR089C
YBL032W	YPL016W
YHL004W	YJL112W
YDR324C	YLR222C
YBL032W	YGR268C
YDR189W	YHR094C
YDR394W	YER095W
YDR100W	YDR141C
YBL032W	YOR303W
YDR057W	YOL013C
YHR028C	YKL166C
YKL185W	YOR120W
YBR221C	YDL239C
YMR223W	YPL047W
YHR013C	YOR061W
YDR227W	YNL031C
YLL039C	YMR205C
YIL061C	YKR028W
YCR030C	YML098W
YBR130C	YBR143C
YBR154C	YOR340C
YKL139W	YNL132W
YBL105C	YEL002C
YCL011C	YDR381W
YCR042C	YMR005W
YBL032W	YCR033W
YNL225C	YOR244W
YER125W	YJL151C
YJR059W	YPR160W
YBL032W	YNL066W
YDR092W	YGR005C
YDR462W	YIL070C
YER151C	YGL147C
YDR188W	YOR098C
YBL032W	YHL050C
YBR299W	YLL039C
YER068W	YIR010W
YDR087C	YOR231W
YMR201C	YNL312W
YBL032W	YPR083W
YDL195W	YOL127W
YGL077C	YIL070C
YDL043C	YDR226W
YCR071C	YGR220C
YDR405W	YJL143W
YBR059C	YIL160C
YDL126C	YNL031C
YEL063C	YJL002C
YMR213W	YOR159C
YBL032W	YCR030C
YDR166C	YPR055W
YFR034C	YGR118W
YCR077C	YML109W
YBL050W	YFR004W
YPL151C	YPR101W
YBR130C	YKL101W
YBR119W	YPR057W
YGR134W	YPR072W
YLL039C	YOR320C
YDR288W	YOL034W
YDR212W	YER151C
YOL100W	YOR117W
YLL045C	YML063W
YNR052C	YOL149W
YCR094W	YLL039C
YLL039C	YMR210W
YGR165W	YIL093C
YDR510W	YKL126W
YDL191W	YDR101C
YAL029C	YKL124W
YER125W	YPR187W
YDL220C	YNL075W
YDL002C	YKL101W
YAL032C	YJR061W
YHR066W	YOR206W
YDL028C	YIL106W
YMR070W	YNL197C
YGL056C	YGL077C
YLL034C	YPL198W
YEL009C	YPL016W
YMR146C	YPR152C
YDR226W	YFR004W
YEL034W	YER151C
YFR004W	YKL127W
YJR101W	YNR037C
YOR042W	YPL042C
YAL024C	YCL017C
YBL061C	YLR432W
YNL118C	YPL204W
YDL043C	YPR160W
YDR224C	YLR357W
YDR164C	YNL272C
YAL032C	YDL116W
YGR252W	YPL248C
YKL101W	YPR036W
YDL126C	YIL030C
YDR100W	YPL135W
YDR382W	YGR252W
YIR037W	YPL058C
YDR523C	YKL023W
YLR270W	YOR173W
YBL032W	YLR019W
YBR196C	YOR117W
YDR247W	YMR140W
YBR031W	YDR510W
YEL025C	YLR452C
YER151C	YNL009W
YOR294W	YPL131W
YFL005W	YGL198W
YGL112C	YOL135C
YDR237W	YKR085C
YHL021C	YKL101W
YDR388W	YJR115W
YDR299W	YGR092W
YHL004W	YOR284W
YDR087C	YOR206W
YMR314W	YOR117W
YBR177C	YOL018C
YBL032W	YGL083W
YPL248C	YPR056W
YDR382W	YLR441C
YFR004W	YGL014W
YIR037W	YML070W
YBL032W	YJL172W
YKL144C	YPR187W
YDR382W	YJR123W
YJL019W	YLR233C
YLR357W	YMR224C
YMR054W	YMR243C
YFR014C	YPR083W
YKR081C	YPR102C
YDR510W	YOR340C
YCR073C	YDR524C
YBR247C	YCR073C
YML012W	YOR054C
YDR258C	YHR023W
YDL195W	YOL120C
YGL174W	YLL036C
YDL212W	YEL063C
YDR297W	YJR010C-A
YBR052C	YIR037W
YAL059W	YMR186W
YLR080W	YPR181C
YDL120W	YDR100W
YJL111W	YOR281C
YDR300C	YLL039C
YHR167W	YPR046W
YBR112C	YGL025C
YEL019C	YML023C
YCL014W	YDR388W
YDL115C	YGR186W
YML092C	YOL038W
YML105C	YPR088C
YHR027C	YJL060W
YGR092W	YGR200C
YBR084W	YPL220W
YDR247W	YDR257C
YOR165W	YPR028W
YKL074C	YPL105C
YDL188C	YGR135W
YGL172W	YLR335W
YDR324C	YDR398W
YGL014W	YNL118C
YDR238C	YJL151C
YDL072C	YFR004W
YIL144W	YIR010W
YBL075C	YLR345W
YLL036C	YNL147W
YLL036C	YMR213W
YGR063C	YPR133C
YIL149C	YNL128W
YDR054C	YGR140W
YJL008C	YNL212W
YGR159C	YOL006C
YDL013W	YJL124C
YHR029C	YKL018W
YKL206C	YMR314W
YIL135C	YKL088W
YLL039C	YOR096W
YIL027C	YJL151C
YBL032W	YHR188C
YBR126C	YMR251W
YBL032W	YML106W
YER050C	YJR031C
YPL204W	YPR008W
YBL047C	YJL187C
YDL212W	YML038C
YDR219C	YHR117W
YOR319W	YPR094W
YGL158W	YJR142W
YCR086W	YIR010W
YBR055C	YDL098C
YLR147C	YMR288W
YBR108W	YHR016C
YLR249W	YMR186W
YKL035W	YOL045W
YML023C	YOL034W
YLR079W	YLR345W
YHR023W	YIL061C
YBR265W	YJL151C
YAL043C	YMR061W
YBR279W	YLR249W
YLL039C	YMR125W
YGL035C	YGL253W
YBR084W	YOL120C
YGR063C	YJL140W
YFR004W	YMR015C
YER125W	YFL010C
YOR347C	YOR370C
YDL153C	YGR092W
YNL112W	YOL127W
YGR135W	YGR253C
YLL039C	YLR440C
YBL032W	YEL036C
YKR028W	YPL049C
YKL166C	YPL138C
YBL032W	YNR055C
YGR109C	YNL197C
YGL077C	YML072C
YBL052C	YJR082C
YBR263W	YER151C
YDR505C	YPR154W
YDR453C	YML028W
YGR167W	YOR231W
YGR092W	YOR117W
YHR016C	YIL095W
YBL075C	YNL250W
YGR159C	YIR010W
YAR019C	YIL095W
YIR010W	YMR031C
YGL233W	YNL272C
YBL016W	YBR055C
YBL032W	YIR010W
YJL084C	YPL265W
YGL179C	YPL222W
YDR347W	YHL004W
YLR223C	YNR023W
YDR273W	YML051W
YER022W	YPL248C
YLR102C	YOR249C
YDL143W	YFR004W
YCR068W	YIR038C
YIL109C	YLR026C
YDR145W	YLR390W
YDL209C	YLL036C
YKL180W	YLR287C-A
YBL085W	YPL158C
YDR326C	YJL095W
YER125W	YNL220W
YIL126W	YJR094C
YBL032W	YMR125W
YHR033W	YMR106C
YGR274C	YNL216W
YLL026W	YOR117W
YDR369C	YKL022C
YKL130C	YLR353W
YAL029C	YLR274W
YGR005C	YGR072W
YGL035C	YMR240C
YHL004W	YNL252C
YER095W	YJR109C
YMR125W	YPR101W
YFR002W	YPL169C
YFR034C	YGR204W
YDR207C	YJR059W
YDR118W	YMR001C
YDR052C	YLR423C
YGR142W	YOR327C
YJL177W	YPL220W
YJR145C	YPL198W
YBL037W	YNL118C
YBL032W	YBR135W
YML046W	YMR240C
YGR178C	YPL049C
YDR077W	YEL065W
YIL061C	YLL036C
YER151C	YGL105W
YDL018C	YML012W
YER171W	YKL085W
YDR078C	YLR376C
YDL007W	YHR027C
YEL001C	YLR429W
YCR026C	YLL039C
YFR031C-A	YPL143W
YFR050C	YKL049C
YHR016C	YOR042W
YDR188W	YDR212W
YBR001C	YFR014C
YKL130C	YNL244C
YEL061C	YOL038W
YFR052W	YOR257W
YNL154C	YOR107W
YJL098W	YOR048C
YBL032W	YMR081C
YFL017W-A	YLR147C
YDR424C	YLL039C
YBR055C	YLR432W
YIL153W	YLL001W
YDR143C	YNL197C
YNL151C	YOL021C
YIL144W	YPR163C
YGL207W	YIR010W
YGL201C	YPR154W
YDL116W	YMR047C
YBR208C	YOR117W
YLR186W	YNL132W
YDL188C	YOR157C
YDR510W	YLR058C
YDL175C	YFR010W
YER129W	YGL035C
YFL024C	YJR082C
YMR106C	YPL140C
YEL034W	YOR361C
YNL186W	YPL042C
YDR499W	YOR176W
YIR010W	YLR249W
YIL130W	YLL039C
YBL078C	YOL082W
YDR012W	YKR081C
YBR031W	YNL124W
YDR226W	YFR028C
YBR106W	YJR010C-A
YGL212W	YJL151C
YCL028W	YER022W
YGL120C	YOR185C
YJL138C	YPL141C
YNL070W	YNL131W
YOR244W	YPR160W
YMR214W	YPL233W
YOL149W	YPL220W
YDR510W	YOL030W
YDR479C	YPL020C
YLL039C	YOR086C
YBR108W	YGR136W
YEL003W	YNL153C
YCR095C	YNL032W
YAR019C	YLL019C
YHL031C	YHR181W
YDR453C	YFR028C
YDL212W	YPL094C
YDR249C	YNL197C
YAR007C	YHR164C
YGL077C	YLR413W
YJL176C	YPL248C
YFR004W	YLR441C
YJR092W	YOR231W
YLL039C	YPL169C
YLR079W	YML092C
YBR087W	YBR088C
YBL101C	YLL039C
YJL033W	YJR145C
YNR011C	YPR182W
YDR012W	YFR001W
YER103W	YIL094C
YDR012W	YJL183W
YIL149C	YPL124W
YGL060W	YPR046W
YCL028W	YCR081W
YLL026W	YLR072W
YGL120C	YGL173C
YER145C	YLR326W
YEL013W	YNL326C
YNL132W	YNL230C
YIL126W	YKR001C
YFR014C	YMR173W
YBR175W	YNL031C
YDR510W	YMR227C
YGL120C	YNL175C
YBR279W	YGR104C
YGR185C	YLL039C
YGL147C	YHL001W
YBR059C	YKR092C
YGL060W	YGL093W
YMR047C	YOL123W
YBR079C	YIL071C
YCR086W	YEL032W
YGR092W	YLR058C
YBR112C	YDR510W
YDL213C	YLL027W
YGR203W	YNL314W
YFR022W	YNL154C
YDL153C	YGL158W
YGL111W	YKL172W
YLR268W	YMR183C
YCR059C	YIL071C
YER151C	YJR144W
YBL085W	YFR028C
YJL187C	YNL212W
YLL039C	YNR001C
YDL208W	YNR067C
YER151C	YFR031C-A
YCR077C	YDR293C
YLR233C	YLR318W
YKL152C	YOR117W
YNL272C	YPR055W
YDL147W	YIL075C
YGR180C	YPR106W
YFR031C-A	YLL039C
YER151C	YJL008C
YAL005C	YHR165C
YLR256W	YOR362C
YJR102C	YLR417W
YBR154C	YDR156W
YBL030C	YDL198C
YBR172C	YER172C
YBR183W	YKL065C
YIL027C	YMR272C
YOL021C	YPR187W
YDL222C	YKL051W
YLL039C	YLR186W
YBR177C	YGR082W
YDL028C	YJL089W
YER151C	YJL024C
YLL049W	YLR423C
YDL213C	YDR381W
YER145C	YJR010C-A
YLL036C	YML049C
YKR079C	YPR106W
YDR378C	YNR011C
YDR388W	YGR159C
YBR247C	YKL180W
YBR139W	YDR087C
YDL175C	YOL115W
YBR035C	YDL101C
YJL190C	YMR131C
YJL203W	YML049C
YNL006W	YNL183C
YGL103W	YOL127W
YLL039C	YPL206C
YDR116C	YML025C
YDR189W	YLR440C
YDR127W	YIL106W
YGR258C	YOL044W
YGR123C	YLL039C
YCL018W	YDR510W
YLR326W	YNL323W
YBL093C	YCL028W
YFR004W	YLR017W
YBR196C	YER125W
YFL062W	YKL004W
YBR200W	YIL140W
YDR284C	YPL147W
YIR010W	YNL132W
YIL093C	YMR158W
YGR020C	YOR270C
YBR154C	YGR063C
YDL126C	YGR270W
YGR215W	YMR158W
YLL039C	YOL019W
YLR058C	YOL054W
YAL035W	YBR079C
YKL166C	YLR003C
YLL039C	YPL012W
YLL036C	YOR096W
YFR004W	YNL220W
YER125W	YPR084W
YDL123W	YEL013W
YFR004W	YGR244C
YCR095C	YNL099C
YGL158W	YGR252W
YKL166C	YNR006W
YOR136W	YPL061W
YLL045C	YOL127W
YEL051W	YJR033C
YCR100C	YPL141C
YCR081W	YDL005C
YDR510W	YJR109C
YEL036C	YGL167C
YIL156W	YNL154C
YDR207C	YML099C
YHR089C	YPL012W
YGR166W	YNL272C
YDR381W	YGL244W
YFR004W	YPL110C
YDR155C	YNL157W
YDR122W	YOL083W
YDR510W	YLR223C
YGL014W	YHR029C
YAL005C	YDR381W
YDL106C	YFR034C
YBR017C	YOR176W
YDL214C	YDR216W
YLL039C	YLR446W
YDR364C	YPR101W
YAL032C	YOR156C
YFL054C	YJR059W
YJR099W	YLR167W
YKL129C	YLL039C
YFR004W	YKL181W
YNL027W	YOL100W
YOL054W	YPL018W
YHR165C	YPL016W
YBL032W	YML088W
YBL032W	YER128W
YBR079C	YDL005C
YAL041W	YPL161C
YMR205C	YOR117W
YMR291W	YOR141C
YDR365C	YOR061W
YEL060C	YGL137W
YDR446W	YOR156C
YBR047W	YDR238C
YDR189W	YJL151C
YBR082C	YJR119C
YDR150W	YER151C
YKL074C	YML046W
YGR128C	YIL019W
YOR244W	YPL139C
YAL005C	YLR187W
YBR087W	YOR144C
YDL191W	YGL111W
YBR143C	YOR096W
YDR499W	YIL027C
YGR005C	YJL140W
YCL059C	YPR144C
YCR077C	YLR147C
YDR044W	YGR087C
YDL057W	YPL049C
YNL116W	YPL110C
YDL222C	YLL028W
YBR202W	YDR052C
YOR141C	YPL141C
YJL052W	YJR093C
YBL032W	YDR145W
YPL018W	YPL174C
YBR069C	YDL100C
YHR099W	YJR082C
YGR063C	YPR187W
YIL053W	YIL095W
YDR100W	YOL018C
YDR155C	YLR074C
YNL117W	YOR351C
YDR422C	YLR408C
YER151C	YGR118W
YLL039C	YMR140W
YAL024C	YGR118W
YBL091C-A	YPL094C
YFR028C	YKL016C
YBL037W	YFR043C
YDL022W	YDR142C
YBL032W	YNR052C
YCL055W	YDR118W
YFL017W-A	YOR159C
YDR408C	YGL127C
YBR207W	YDR141C
YDL015C	YKL008C
YMR055C	YPL055C
YJL039C	YJR077C
YGR061C	YOR117W
YJL060W	YJL153C
YER151C	YPL126W
YMR201C	YPR135W
YKL023W	YMR216C
YGR275W	YIR010W
YHR165C	YIR004W
YDL077C	YPL195W
YKL120W	YNR055C
YBL032W	YDL223C
YLR031W	YLR315W
YLR187W	YLR432W
YBR231C	YGR002C
YGR275W	YLR258W
YGR113W	YKL049C
YBR119W	YMR125W
YDR398W	YMR093W
YKL049C	YKL089W
YAR019C	YBR156C
YIR001C	YMR229C
YBR031W	YML072C
YHR027C	YMR314W
YAL024C	YEL046C
YDL207W	YGL092W
YDR238C	YKL049C
YDL015C	YPL087W
YDR388W	YIL015W
YGL011C	YOR157C
YNL027W	YOL001W
YOL120C	YOR204W
YGL003C	YMR001C
YHR089C	YMR239C
YLR031W	YOR357C
YBL032W	YNL277W
YAL019W	YFR052W
YDL028C	YIL151C
YBR279W	YOR040W
YPR110C	YPR187W
YDR156W	YNL172W
YBR055C	YJL080C
YHR099W	YPR152C
YAL005C	YER103W
YMR240C	YPR101W
YLR450W	YOL113W
YLR049C	YPL161C
YGL253W	YHR027C
YHR099W	YNL216W
YKR008W	YMR224C
YDL020C	YFR052W
YBL032W	YBR105C
YER151C	YML074C
YAR019C	YDL220C
YBR196C	YMR186W
YDL212W	YML012W
YBL032W	YIL151C
YDR457W	YLR249W
YDL043C	YGL174W
YGR241C	YNL020C
YGL051W	YNL154C
YBL032W	YDL072C
YBL032W	YNL027W
YEL024W	YPL063W
YGR253C	YKL049C
YOL149W	YPL204W
YIR010W	YPR016C
YDR113C	YLR127C
YHR099W	YMR223W
YFR004W	YNL241C
YEL034W	YER025W
YKL071W	YNR012W
YOR119C	YPR036W
YER164W	YGR270W
YFR004W	YNL112W
YDR044W	YOR257W
YGR056W	YMR047C
YLR452C	YML038C
YML063W	YOL127W
YDR324C	YPR144C
YIL139C	YLR147C
YDR146C	YFR028C
YNL138W	YPR152C
YLL039C	YPR055W
YER020W	YOR273C
YDL078C	YKL185W
YGR140W	YJR060W
YBR272C	YFR004W
YER173W	YIL139C
YLR074C	YLR325C
YBL032W	YIL140W
YAL024C	YBL097W
YML046W	YPR182W
YIL042C	YJL124C
YER151C	YPL106C
YDL088C	YJL061W
YCL028W	YOL111C
YDR227W	YER151C
YEL063C	YOR254C
YEL063C	YIL140W
YML063W	YNL132W
YGL173C	YLL019C
YFR031C-A	YNL112W
YBL032W	YLR239C
YFR034C	YLR058C
YDL186W	YMR001C
YDL013W	YLR421C
YDR234W	YLR058C
YKL068W	YMR047C
YBR082C	YNL116W
YDL176W	YMR093W
YOL125W	YPL141C
YAL024C	YLR438W
YKL018W	YMR061W
YLR277C	YNL317W
YAL003W	YGL137W
YJR065C	YNR053C
YLL039C	YOR369C
YDR510W	YOL109W
YGL145W	YLL039C
YKL049C	YNL112W
YFR034C	YKR001C
YGR116W	YKL049C
YHR012W	YIR010W
YDL019C	YKL129C
YLL031C	YNL197C
YCR042C	YDR301W
YAL003W	YFR004W
YNL308C	YOR244W
YDL171C	YJR123W
YBR055C	YNR011C
YFR014C	YGR180C
YBR059C	YDR247W
YCL014W	YGR220C
YKR071C	YMR304W
YGL174W	YNR011C
YOR219C	YOR357C
YMR068W	YNL006W
YDL037C	YOL138C
YIL048W	YNL297C
YDR293C	YPL055C
YER125W	YLR291C
YNL154C	YOR362C
YER105C	YPL169C
YHR146W	YIR010W
YLR186W	YPL012W
YIR038C	YML038C
YDL208W	YHR089C
YDR510W	YML023C
YBL032W	YPL056C
YDR306C	YOL133W
YLR258W	YOR178C
YBL016W	YFL023W
YIL008W	YLR109W
YFR004W	YPR062W
YHR094C	YPL058C
YER020W	YGL108C
YIR007W	YMR186W
YMR146C	YOR204W
YDR258C	YLR187W
YAL035W	YLR367W
YJL187C	YOR254C
YDR188W	YPL151C
YDR324C	YPL126W
YFR002W	YLL039C
YDR143C	YLL026W
YER001W	YJL014W
YDL116W	YGL092W
YDR141C	YIL048W
YBL056W	YNL250W
YMR072W	YPR152C
YJL058C	YNL229C
YGR129W	YLL036C
YCL059C	YLR441C
YBL017C	YNL006W
YFL038C	YGR120C
YGR278W	YPR101W
YDR381W	YFR010W
YDR103W	YEL023C
YFL062W	YLL039C
YDR510W	YPL226W
YER022W	YML105C
YBL032W	YGL090W
YDR103W	YER132C
YBR106W	YOL030W
YGL219C	YLL039C
YKL022C	YLR249W
YBR106W	YDL212W
YBL052C	YDR224C
YFL034W	YHR023W
YDL072C	YOR254C
YBR059C	YJR059W
YDR318W	YML023C
YDL056W	YIR010W
YAL025C	YHR066W
YER092W	YLR423C
YIL159W	YLR197W
YDR091C	YOR096W
YDL168W	YLR077W
YDR345C	YJR066W
YKR085C	YML025C
YGL120C	YNR053C
YIR025W	YJL058C
YBL032W	YHR165C
YGL036W	YPR016C
YHL001W	YLL045C
YBR191W	YOR117W
YFR010W	YHR027C
YBR130C	YIL095W
YDR388W	YOR362C
YBL032W	YDR213W
YBL102W	YLR083C
YDR100W	YLR393W
YDL006W	YPL161C
YDR127W	YER095W
YJR033C	YKL080W
YBL032W	YDL088C
YIL026C	YPR068C
YMR106C	YNL037C
YGL143C	YNL063W
YLR056W	YML012W
YML099C	YNL118C
YLL039C	YNL323W
YDR303C	YGR056W
YGL025C	YGL151W
YBR108W	YDR388W
YDR322W	YJL041W
YBL032W	YPL089C
YFR034C	YNL015W
YKL161C	YNL053W
YDR394W	YGL048C
YJR059W	YKL013C
YOR257W	YPL055C
YGR274C	YMR005W
YCR042C	YLR451W
YDL051W	YER125W
YDR499W	YNL312W
YGR104C	YPR056W
YLL028W	YLR018C
YAL002W	YDL077C
YGL103W	YLR074C
YHR027C	YPL233W
YBL032W	YPR065W
YDR479C	YHL031C
YBR052C	YHR094C
YER164W	YNL004W
YIR010W	YMR072W
YLR019W	YMR205C
YHR174W	YJL039C
YJR123W	YOL127W
YBR079C	YPR152C
YFR034C	YPL049C
YLL028W	YMR215W
YAL024C	YDR300C
YJL124C	YLR147C
YJL146W	YLL039C
YIL095W	YKL062W
YIR025W	YNL172W
YOL082W	YPR049C
YDR508C	YNL197C
YCL011C	YJR145C
YBR154C	YNL151C
YBL032W	YER040W
YGL172W	YML092C
YGR120C	YLR026C
YDR347W	YGR215W
YHL048W	YKL004W
YER129W	YFR028C
YBR154C	YIR010W
YGL105W	YIR033W
YGL092W	YKL068W
YBR106W	YLL028W
YBL093C	YGR198W
YHR039C	YOR054C
YDR143C	YLR420W
YGR092W	YNL272C
YLL036C	YPR066W
YFR004W	YJL014W
YGR252W	YJR059W
YDL088C	YFR002W
YIR010W	YLR357W
YBL085W	YPL038W
YDR494W	YIL070C
YMR158W	YNL137C
YKL045W	YNL262W
YIL140W	YJR092W
YIR010W	YJR123W
YJL190C	YLL045C
YOR173W	YPL245W
YGL207W	YPR052C
YGL137W	YPR110C
YFL010C	YLL039C
YDR510W	YJL074C
YBL079W	YKL068W
YER047C	YMR117C
YHR120W	YLR163C
YDR378C	YOL149W
YBR108W	YNL154C
YFR028C	YOR058C
YGR268C	YOR042W
YBR241C	YIR033W
YIR010W	YLR342W
YDL019C	YNL154C
YDR510W	YGR211W
YFR014C	YIL010W
YAL011W	YDR334W
YGL158W	YOR193W
YFL005W	YNL272C
YDL078C	YML105C
YBL085W	YMR244W
YER154W	YNR017W
YDR238C	YKL004W
YGL120C	YNL132W
YPL249C-A	YPR016C
YFR014C	YKL127W
YNL229C	YPR110C
YGR187C	YNL317W
YER092W	YNL059C
YLL039C	YNL217W
YDR381W	YDR475C
YDR224C	YGL150C
YPL012W	YPL220W
YGR270W	YPL126W
YGR207C	YLR265C
YBL032W	YOR245C
YOL135C	YPL042C
YJR047C	YLR362W
YMR229C	YPL131W
YMR240C	YPL016W
YLL039C	YLR172C
YDR265W	YNL329C
YBL032W	YGL179C
YGL092W	YJR042W
YDR171W	YMR304W
YBL032W	YDR223W
YGL014W	YNL301C
YBL032W	YML091C
YNL133C	YNL154C
YLR129W	YLR186W
YDL201W	YFR004W
YDL007W	YDR394W
YFR001W	YHR089C
YKL141W	YLL039C
YEL034W	YOR117W
YLR055C	YMR227C
YBR133C	YDL154W
YOR117W	YPL226W
YLR079W	YOR061W
YKL042W	YOR156C
YDR334W	YHR129C
YEL027W	YOR270C
YHR089C	YNL262W
YBL079W	YLR429W
YJL025W	YML043C
YLR360W	YPR079W
YIL126W	YPR052C
YGL253W	YNL206C
YGL120C	YML056C
YIR010W	YNL118C
YIL053W	YKL130C
YJL055W	YLL039C
YGL241W	YLL050C
YDR388W	YJL084C
YLL039C	YMR256C
YDR510W	YGL026C
YBL075C	YMR123W
YKL164C	YNL197C
YLL039C	YPR108W
YCR042C	YPR056W
YGL048C	YPR108W
YHL001W	YKL180W
YHR014W	YMR001C
YIL063C	YNL084C
YGL120C	YOR206W
YDL015C	YMR215W
YGR037C	YLR359W
YFR004W	YLR249W
YNL183C	YPL204W
YIL105C	YLL039C
YKL089W	YOL091W
YKL104C	YPL111W
YHR188C	YLL028W
YGL158W	YJR094W-A
YLL039C	YPL256C
YGL207W	YOL145C
YHR127W	YMR125W
YMR125W	YPR086W
YAL055W	YDR265W
YFR031C-A	YJL190C
YKL124W	YLL039C
YDR118W	YIR025W
YOR244W	YPL222W
YFR034C	YJR094W-A
YBR135W	YPL256C
YFR028C	YPR183W
YJL053W	YJL187C
YDL120W	YER048W-A
YER172C	YMR125W
YMR041C	YOR351C
YBL026W	YGL173C
YDR188W	YMR028W
YDR510W	YPL028W
YLR291C	YML106W
YJL124C	YLR362W
YDR138W	YKR086W
YBL032W	YOR370C
YKL172W	YNL175C
YDL006W	YJL095W
YLL039C	YOL065C
YJL183W	YLL039C
YLL062C	YOR064C
YHR027C	YMR205C
YDR146C	YER179W
YDR424C	YJL041W
YBR068C	YHR094C
YJL138C	YOR117W
YER025W	YHR027C
YGR049W	YGR278W
YDL084W	YKL139W
YEL002C	YML048W
YCL050C	YFR004W
YLR326W	YML072C
YGR126W	YNL293W
YDR145W	YOR244W
YJR090C	YPL256C
YGL048C	YGL207W
YKL009W	YPL169C
YDL195W	YOR250C
YJR154W	YPL141C
YAL035W	YFR004W
YDR195W	YFR031C-A
YLR429W	YMR086W
YBR079C	YEL034W
YDL212W	YDR046C
YBR088C	YLL039C
YIR010W	YOL006C
YGR178C	YLR216C
YDL028C	YKL089W
YNL132W	YPL126W
YER170W	YGL061C
YDR347W	YMR158W
YGL153W	YLR291C
YDL236W	YJR059W
YFL042C	YMR303C
YJR025C	YOL113W
YHR042W	YKL049C
YCR028C-A	YKL051W
YDR378C	YLL036C
YIL070C	YKL009W
YDR510W	YMR079W
YGR253C	YIL075C
YKL172W	YOR206W
YBL032W	YMR164C
YIR038C	YPL053C
YER164W	YMR072W
YBR083W	YLL039C
YBL032W	YNL241C
YGR252W	YHR174W
YDR510W	YLR221C
YFR004W	YGL253W
YBR102C	YGL233W
YJR082C	YPL248C
YBL032W	YLR371W
YDR388W	YLR218C
YBR136W	YDR499W
YER032W	YGR178C
YGL014W	YNL197C
YJL095W	YKL161C
YBR285W	YGR092W
YHR165C	YKR086W
YLR048W	YMR109W
YBR045C	YMR001C
YNL197C	YNL277W
YBL032W	YHR042W
YGL144C	YMR070W
YBR041W	YOR059C
YER151C	YNL112W
YHR140W	YIL023C
YER022W	YGR252W
YIL156W	YKL129C
YBR091C	YHR005C-A
YHR079C-A	YNL312W
YHR085W	YKL009W
YCR010C	YEL063C
YAL005C	YGL207W
YCR005C	YKL085W
YBR208C	YLL039C
YDR138W	YOR191W
YKL051W	YPL058C
YBL016W	YLR452C
YDR381W	YML074C
YHL036W	YNL197C
YEL046C	YFR034C
YJR091C	YLR370C
YCR086W	YDR388W
YMR106C	YNL007C
YAL053W	YBL032W
YPL203W	YPR072W
YGR092W	YPR181C
YDR519W	YGL014W
YEL003W	YJL041W
YHL031C	YPL094C
YKL139W	YOL082W
YAL055W	YOL044W
YDL100C	YDR304C
YKL101W	YMR285C
YJR145C	YOL010W
YFR004W	YNL138W
YGL030W	YOL127W
YPL226W	YPR152C
YDR303C	YGR275W
YFL024C	YOR244W
YFR039C	YIL061C
YFR031C	YOL115W
YLR186W	YPL126W
YAL059W	YNR053C
YER018C	YKL012W
YLL029W	YOR138C
YGL079W	YLR408C
YDR155C	YKR029C
YFR028C	YIL159W
YER022W	YPL210C
YJR004C	YNL197C
YDR422C	YNL197C
YER024W	YLL039C
YGL060W	YKL049C
YER151C	YKL180W
YDL222C	YLR326W
YBR235W	YNL197C
YBR205W	YML115C
YJL128C	YKR055W
YGR220C	YKR085C
YML012W	YMR054W
YFR004W	YLR342W
YBR298C	YDR284C
YKL065C	YLL023C
YGR092W	YKL126W
YBR019C	YLR055C
YFR014C	YLR059C
YDL132W	YJR090C
YDR510W	YLR328W
YGR167W	YGR241C
YMR229C	YOR206W
YBR055C	YDL078C
YFL049W	YHL025W
YDL188C	YMR214W
YDL195W	YHR027C
YMR213W	YPR152C
YBR166C	YLL039C
YKL012W	YMR125W
YBL032W	YPR181C
YAL043C	YPL008W
YGL112C	YHR099W
YKL049C	YOL054W
YJR145C	YML063W
YGR113W	YIR010W
YFR033C	YNL197C
YDR510W	YML028W
YBR084W	YKL135C
YGL192W	YOR125C
YGR278W	YPL151C
YDL100C	YOL018C
YDL100C	YER017C
YKL101W	YOR335C
YJR082C	YOL113W
YKR103W	YNL274C
YDL003W	YFR027W
YIR010W	YNL302C
YBL032W	YDL247W
YKL127W	YLL039C
YHL004W	YNR036C
YBL030C	YHR133C
YCR077C	YER172C
YFR001W	YKL185W
YIR010W	YOR340C
YDR145W	YNL216W
YGR211W	YOR117W
YLR238W	YPR110C
YGR002C	YJR082C
YJL098W	YLR274W
YER151C	YPL198W
YGL179C	YNL027W
YDL082W	YJL177W
YJL146W	YJR059W
YJL095W	YKL168C
YMR239C	YNL138W
YHR154W	YML023C
YDR394W	YEL034W
YBL026W	YOR043W
YOR157C	YPL144W
YKR029C	YOL068C
YAL053W	YGL077C
YCR014C	YLR421C
YBR138C	YOR231W
YJL036W	YPR105C
YGR186W	YPR187W
YDL070W	YMR227C
YHL004W	YNR022C
YDL213C	YPL117C
YAL041W	YNL007C
YLL039C	YNR053C
YBL079W	YDR381W
YCL059C	YDR299W
YBL032W	YJR107W
YDL004W	YPL160W
YHL001W	YHR027C
YFR014C	YMR140W
YGL147C	YOR096W
YOL133W	YOR319W
YGL051W	YHR140W
YHR015W	YMR001C
YLL039C	YLR342W
YAL064W-B	YBL032W
YPL058C	YPL265W
YFR004W	YNL208W
YDL060W	YOL123W
YDL126C	YFR004W
YFR050C	YOR157C
YCR081W	YGR104C
YDR188W	YIR010W
YFR004W	YLR028C
YHR165C	YJL124C
YGL254W	YNL197C
YDL100C	YHR057C
YBL105C	YPR154W
YJL124C	YOR204W
YFR004W	YGR135W
YBR247C	YML024W
YDL113C	YDR100W
YER123W	YOL083W
YMR041C	YOL045W
YPR056W	YPR086W
YDL028C	YLR381W
YKL045W	YNR052C
YNL131W	YOR061W
YLR071C	YPR086W
YLR325C	YNR053C
YDR030C	YDR212W
YLR058C	YOR081C
YGR058W	YOR264W
YBR106W	YML012W
YBL032W	YMR135C
YDL101C	YDL200C
YKL180W	YNL330C
YHR165C	YMR125W
YDR502C	YOR117W
YKR014C	YLR148W
YDR277C	YNL073W
YDL060W	YHR089C
YGR211W	YOR009W
YLR115W	YLR277C
YKL023W	YOR294W
YPL259C	YPR159W
YDR012W	YPR016C
YIL144W	YNR035C
YOL082W	YOR351C
YCR030C	YGR220C
YGR092W	YOR362C
YJR049C	YOR009W
YFR004W	YJR109C
YLR129W	YPL012W
YFR004W	YOR220W
YBL032W	YPL063W
YGR158C	YOR076C
YDR207C	YNL330C
YJR122W	YPR067W
YNL020C	YNL243W
YBR221C	YLR345W
YDL006W	YLR148W
YDR510W	YKL104C
YBR055C	YER172C
YBL025W	YDL113C
YIL105C	YMR068W
YFR004W	YLR244C
YLR206W	YOL111C
YHR027C	YOR303W
YKL013C	YNL138W
YDR510W	YGR135W
YMR047C	YMR131C
YDR087C	YPR016C
YBL032W	YCR073C
YHL001W	YPL249C-A
YLR079W	YPL256C
YCR059C	YNL004W
YJR090C	YLL050C
YKL101W	YMR229C
YKR091W	YPL256C
YGL158W	YMR223W
YDL043C	YNR053C
YGL158W	YML091C
YER125W	YLL039C
YDR163W	YKR086W
YKL213C	YLL039C
YBL026W	YER172C
YJR047C	YKL101W
YDR202C	YKL080W
YKR065C	YPL063W
YJR093C	YML030W
YBL069W	YDR100W
YGL014W	YJR025C
YAL021C	YER068W
YNL116W	YNL154C
YCR082W	YLR315W
YER151C	YJR145C
YBL032W	YNL322C
YGR185C	YOR117W
YBR135W	YJL187C
YEL018W	YOR128C
YLR423C	YOL034W
YGL004C	YHR027C
YHR027C	YMR001C
YAL032C	YLR423C
YBL032W	YLL019C
YMR153W	YPL020C
YBR031W	YJL177W
YEL034W	YPL144W
YGL035C	YGL179C
YBL017C	YBR207W
YJR109C	YLR291C
YER095W	YPL204W
YDR237W	YKL166C
YLL023C	YLL039C
YFR028C	YMR055C
YGL120C	YLR147C
YGL048C	YNL112W
YKL180W	YNL301C
YGL147C	YOR117W
YDR044W	YGL112C
YDR054C	YPL256C
YDR146C	YPR046W
YDR012W	YJL177W
YOR117W	YPR035W
YMR291W	YNL154C
YHR195W	YOR065W
YGL237C	YKL109W
YDR238C	YIL106W
YAL043C	YGL044C
YDR364C	YNR011C
YOR061W	YOR254C
YLL026W	YNL229C
YDR381W	YMR125W
YDR334W	YGR002C
YAL041W	YGL233W
YBR200W	YPL038W
YJL187C	YPL236C
YDL213C	YDR091C
YDR259C	YLR423C
YGL173C	YLR432W
YDR101C	YNL227C
YGR037C	YMR109W
YEL051W	YOR327C
YIR010W	YPR133C
YGR205W	YMR315W
YGL179C	YKL042W
YDL015C	YIR038C
YJL014W	YOR117W
YGR253C	YJR059W
YKR018C	YLL039C
YHR027C	YPL160W
YFR034C	YOR061W
YBR106W	YNL275W
YMR109W	YNR035C
YFR004W	YJL190C
YER151C	YGL120C
YCR030C	YLR206W
YDL060W	YJR145C
YJR045C	YOR347C
YBR059C	YJR111C
YDR101C	YPL169C
YLR074C	YPR016C
YER018C	YMR213W
YHR027C	YIL109C
YIR010W	YPL226W
YGR203W	YLR397C
YCL011C	YNL004W
YOR155C	YPL070W
YAL011W	YDR510W
YMR289W	YOL083W
YGR278W	YNR011C
YCL059C	YLR222C
YKR086W	YPR101W
YAL041W	YJR066W
YJL095W	YOR294W
YMR186W	YNL124W
YLR421C	YOR117W
YFR034C	YML114C
YDL223C	YIL095W
YDR101C	YJL010C
YKR021W	YNL197C
YKR055W	YNL127W
YFL005W	YKL130C
YDR303C	YKR001C
YBR088C	YOR144C
YHR029C	YLR287C-A
YDL051W	YLR074C
YLR389C	YNL229C
YBL032W	YPL193W
YGL060W	YPL233W
YML036W	YMR319C
YER141W	YLL039C
YLR441C	YOR096W
YGL120C	YLR074C
YHR023W	YNL272C
YIL027C	YML012W
YBR059C	YGL153W
YDR293C	YNL066W
YIL139C	YKL101W
YJL187C	YMR205C
YFR050C	YNL253W
YBR059C	YPL055C
YJR042W	YKL068W
YBR196C	YDR164C
YKL019W	YKL159C
YDL200C	YKL073W
YDR244W	YNL214W
YBR112C	YIL061C
YMR140W	YPL203W
YDR510W	YLR055C
YAR018C	YPL055C
YDL051W	YNL262W
YNL175C	YPL131W
YDL060W	YFR034C
YBL045C	YMR036C
YBL050W	YLR026C
YBR143C	YDR510W
YER151C	YMR205C
YFR004W	YPL117C
YML020W	YNL197C
YAL021C	YCL028W
YEL018W	YJR082C
YDR324C	YGL011C
YDR074W	YFR004W
YDL051W	YDR365C
YBL016W	YDL153C
YFL009W	YLL039C
YCR086W	YDR082W
YGR140W	YIR010W
YDR381W	YML112W
YBR166C	YLR291C
YBR055C	YOR335C
YBR187W	YPR112C
YBR247C	YNL132W
YAL029C	YML056C
YLL001W	YLL039C
YGL158W	YIL070C
YDL153C	YDL214C
YEL051W	YJL153C
YER151C	YIR010W
YDL171C	YKL049C
YJR093C	YLR221C
YDL190C	YGR048W
YDL013W	YKL101W
YGL212W	YGR223C
YBR055C	YOR159C
YER001W	YLL039C
YEL012W	YLR291C
YLL028W	YLR326W
YGR156W	YJL033W
YDL043C	YDR381W
YAL005C	YML088W
YDR510W	YNL078W
YDR510W	YHR042W
YIL007C	YKR055W
YKR044W	YNL197C
YDR068W	YDR100W
YNL048W	YPR028W
YER019W	YLL039C
YKL074C	YPL016W
YFR004W	YOR157C
YCR014C	YFR004W
YDR490C	YML074C
YDL111C	YHR069C
YGL212W	YOR089C
YER125W	YOR322C
YDR334W	YOL090W
YKL172W	YOR156C
YPL237W	YPR152C
YER126C	YGL111W
YLR024C	YMR125W
YKL029C	YML124C
YNL222W	YPR086W
YDR155C	YER151C
YDL101C	YML083C
YJL187C	YKR094C
YGR167W	YNL243W
YBR183W	YDL212W
YJR091C	YLR059C
YGR159C	YHR089C
YPL131W	YPR152C
YIL027C	YPL058C
YER127W	YNR054C
YLR227C	YNL225C
YGR220C	YMR225C
YLR423C	YPL268W
YKL130C	YKL185W
YMR307W	YPL204W
YBL032W	YBR299W
YDL015C	YHR195W
YGR187C	YKL101W
YGL120C	YJL176C
YAL043C	YDL199C
YNL034W	YNL154C
YCR077C	YER151C
YBL032W	YKR044W
YAL024C	YLR058C
YDL132W	YOL133W
YBL032W	YHL046C
YHL004W	YOL113W
YER125W	YKR092C
YJR010C-A	YML048W
YAL027W	YCR028C-A
YGR180C	YHR027C
YBL032W	YLL049W
YHR019C	YPL226W
YGR120C	YIL144W
YGL056C	YHR094C
YBR041W	YML008C
YDR388W	YML109W
YCR086W	YOR264W
YGR255C	YNL330C
YLR450W	YPL139C
YKL042W	YPL055C
YBL032W	YMR086W
YHR027C	YOR361C
YNL132W	YPR106W
YHL009C	YKL101W
YDL147W	YOL038W
YFR014C	YKR092C
YKR014C	YOR370C
YGL173C	YNL175C
YER129W	YOR061W
YEL034W	YNL244C
YGL137W	YPL010W
YBL039C	YBR031W
YDR124W	YDR347W
YDR009W	YPL248C
YBR177C	YHR027C
YJR010C-A	YOR193W
YDR516C	YPL150W
YOL034W	YPL070W
YCR079W	YGR193C
YML092C	YOR117W
YMR199W	YPL049C
YDR324C	YOR145C
YBR127C	YLL039C
YDR510W	YHL021C
YCR046C	YMR193W
YNL048W	YPR128C
YHL048W	YML048W
YCL027W	YNL075W
YDL195W	YNL112W
YDR118W	YGL254W
YDR116C	YLR312W-A
YDR510W	YNL021W
YAL029C	YLR304C
YLL036C	YOR319W
YGR220C	YML025C
YFR034C	YML124C
YBL032W	YNL275W
YDR497C	YLL028W
YDL213C	YOR096W
YDR103W	YLR362W
YDR524C	YNL197C
YGL207W	YGR270W
YDR146C	YGR089W
YDR052C	YIR010W
YAL005C	YDL058W
YKL018W	YNL222W
YCL059C	YMR229C
YDR012W	YML072C
YBL032W	YPL014W
YBR055C	YGR204W
YKR081C	YLR074C
YDR388W	YGL026C
YGR056W	YGR275W
YDR508C	YLL039C
YDR382W	YPL131W
YLR287C-A	YOL127W
YLR223C	YMR005W
YDR113C	YOR249C
YDR381W	YIL149C
YDR405W	YGR220C
YBR251W	YIL093C
YBL039C	YGR252W
YLL039C	YOL082W
YHR167W	YLR423C
YJR062C	YLL026W
YLR266C	YPL018W
YER125W	YLR069C
YDL220C	YJL095W
YMR186W	YPR016C
YBL016W	YEL032W
YIR010W	YLR222C
YDR516C	YNL032W
YEL013W	YGR020C
YOL127W	YPL198W
YBL030C	YLR268W
YHR094C	YML048W
YHR094C	YKL051W
YJL083W	YJR066W
YDR382W	YGL030W
YHR027C	YPR118W
YER051W	YNL031C
YGL147C	YKL135C
YBL050W	YOR106W
YLR115W	YNL222W
YCL059C	YPL126W
YEL034W	YFR031C-A
YBR202W	YEL032W
YGL017W	YLR187W
YIL095W	YNR006W
YJL183W	YLR026C
YEL041W	YJR049C
YBR119W	YNL227C
YBL032W	YKL043W
YDR146C	YHR099W
YDR251W	YIR010W
YMR125W	YPR057W
YFR034C	YNL308C
YNR046W	YOL113W
YBR156C	YDL239C
YBL050W	YML001W
YER003C	YFR004W
YFR001W	YGL237C
YGL002W	YML012W
YGL014W	YJR059W
YDL207W	YFR002W
YDR347W	YER050C
YDL007W	YDR510W
YEL030W	YIL095W
YDL209C	YGL120C
YJR066W	YLR116W
YDL028C	YMR117C
YBL085W	YBR200W
YFR043C	YPR029C
YIR010W	YML063W
YBR041W	YLL039C
YDR036C	YHL004W
YBR191W	YLL039C
YDR382W	YNL118C
YBR017C	YIL124W
YEL061C	YLL039C
YBL032W	YNR044W
YEL027W	YPR201W
YLR432W	YPL131W
YDR227W	YNL186W
YAL005C	YLL036C
YGL053W	YOR059C
YIL108W	YPR154W
YGR185C	YHR027C
YGL158W	YPL058C
YJL177W	YKL180W
YER025W	YNR054C
YDR383C	YPL233W
YBR191W	YOL127W
YLL036C	YNL007C
YAL029C	YJL014W
YDR510W	YIL126W
YER125W	YOR138C
YBR088C	YMR078C
YAR003W	YBR258C
YDR052C	YEL032W
YDR388W	YER125W
YLL039C	YLR352W
YLL039C	YNL243W
YBR067C	YER151C
YGR186W	YJR017C
YCR073W-A	YOL113W
YIR010W	YPL106C
YHR027C	YJR065C
YDR171W	YNL007C
YIR010W	YJL011C
YDR369C	YMR224C
YJR123W	YLR287C-A
YBR068C	YDL212W
YLL039C	YPR079W
YAL005C	YPL012W
YLR074C	YNR053C
YGR275W	YNL133C
YAL043C	YHL001W
YMR299C	YNL183C
YDR458C	YNL154C
YMR106C	YPR160W
YFR028C	YJL095W
YLR016C	YNR011C
YNL244C	YPL144W
YDR113C	YFR014C
YGR123C	YMR186W
YDL181W	YNL154C
YIR010W	YKL180W
YBL032W	YDR052C
YEL030W	YNL250W
YGL154C	YOR128C
YER151C	YGL123W
YKL135C	YLL039C
YJR066W	YPL180W
YDR150W	YGR089W
YER164W	YGR252W
YKL129C	YOR184W
YLR245C	YPL070W
YDL082W	YGL147C
YDR510W	YKL185W
YDR295C	YGL086W
YJL033W	YLR429W
YDL043C	YGR129W
YEL027W	YGR105W
YBR110W	YHR140W
YGR104C	YOL135C
YBR207W	YLL039C
YDR479C	YLL014W
YFR014C	YOR101W
YFL010C	YHR205W
YNL154C	YOR141C
YLR144C	YPR154W
YDR510W	YLR357W
YDL082W	YGL014W
YGL212W	YLR148W
YBR017C	YDR071C
YBR177C	YIL124W
YER095W	YPR011C
YDR394W	YKL073W
YMR001C	YPL150W
YBR126C	YMR106C
YFR028C	YOR119C
YAL005C	YKL073W
YER123W	YLL039C
YDL111C	YGL120C
YJL033W	YJR093C
YHL046C	YOR355W
YGL211W	YHR111W
YGL179C	YPR083W
YBL016W	YER075C
YFR004W	YLL001W
YIR010W	YPL233W
YGL009C	YGR171C
YGL179C	YNL066W
YFR004W	YIL053W
YDL060W	YJR123W
YFL038C	YLR026C
YNL125C	YPL141C
YDR238C	YLR268W
YBL074C	YBR055C
YIR010W	YJR066W
YLL039C	YMR088C
YHR033W	YJR017C
YBL105C	YCR030C
YDR036C	YLR074C
YGL207W	YJL124C
YHR013C	YHR023W
YGR149W	YLL039C
YBL032W	YJR126C
YCR028C-A	YDR296W
YFR008W	YMR052W
YER095W	YMR186W
YDR510W	YLR048W
YAL023C	YKL130C
YGL078C	YGR159C
YHR156C	YJR010W
YJR066W	YPR149W
YKL009W	YLR009W
YER123W	YMR153W
YHR027C	YKL104C
YAL005C	YDR141C
YBR084W	YJR059W
YHR016C	YJR083C
YDR195W	YER032W
YPR020W	YPR194C
YBL050W	YGL212W
YBL032W	YPL252C
YKL049C	YKL073W
YNL230C	YOR017W
YDL077C	YGL212W
YCR033W	YMR273C
YGR092W	YNR046W
YBR260C	YOR231W
YAR007C	YKR001C
YDR118W	YDR260C
YBR107C	YIL105C
YJR050W	YLL036C
YLL023C	YOL030W
YLL049W	YPL174C
YJL010C	YNL112W
YMR193W	YNL252C
YGL120C	YPR101W
YCL014W	YDR087C
YAL032C	YLR024C
YDR052C	YDR388W
YDL101C	YMR031C
YLR074C	YNL175C
YLL039C	YML005W
YOR156C	YPL020C
YHR099W	YPL047W
YBR031W	YDL018C
YGL116W	YGR092W
YDR299W	YOR096W
YNL154C	YOR123C
YFR052W	YHR027C
YBL032W	YJL187C
YDR145W	YPR072W
YJL172W	YLL039C
YKL013C	YMR109W
YCR081W	YGL025C
YDL197C	YDR510W
YNL125C	YNR059W
YBL039C	YOR117W
YAL021C	YBR279W
YER025W	YIR010W
YBL014C	YNL154C
YCR077C	YNL118C
YER127W	YLR423C
YGL103W	YLR287C-A
YDL101C	YMR086W
YDR296W	YPL248C
YBR031W	YOR096W
YOR204W	YOR361C
YBL047C	YPL141C
YDR169C	YMR186W
YAL035W	YLL039C
YFL017W-A	YKR034W
YIR023W	YNL314W
YER151C	YKL029C
YDR381W	YLR429W
YGL120C	YOR096W
YDR260C	YML023C
YBR097W	YLR360W
YMR047C	YOR098C
YCL008C	YPL084W
YLL045C	YLR441C
YLR429W	YNL031C
YDR087C	YLR371W
YDL113C	YJL036W
YBL032W	YER179W
YNL186W	YOR061W
YHR165C	YOR159C
YPL203W	YPR133C
YDL078C	YNL113W
YIL070C	YJR059W
YBR142W	YLL039C
YIR010W	YOL127W
YER125W	YKR021W
YAR019C	YKL166C
YGL017W	YJL098W
YFR031C	YGR246C
YLL039C	YMR266W
YGR253C	YMR314W
YPL055C	YPL180W
YPL010W	YPL246C
YJR088C	YLL039C
YDR408C	YER151C
YBR031W	YGL103W
YHR185C	YIL007C
YGR077C	YKL197C
YBL102W	YDR100W
YGL112C	YGL158W
YBL032W	YNL032W
YCL028W	YLR291C
YFR001W	YGL111W
YJL187C	YPR152C
YNL131W	YNR017W
YDR247W	YFR028C
YJL187C	YOR340C
YLL034C	YOR206W
YLL039C	YNL098C
YML063W	YPL198W
YGL212W	YOR117W
YGL011C	YLR249W
YBL085W	YJR061W
YDR113C	YNL172W
YOR096W	YPL126W
YJL058C	YML098W
YFR004W	YOR335C
YGL112C	YMR061W
YFR031C-A	YPL220W
YBR031W	YGL111W
YHR089C	YOL010W
YEL034W	YPL111W
YFR031C-A	YGR204W
YIL048W	YJL124C
YKL178C	YOL113W
YHR019C	YJR123W
YBR200W	YOR129C
YGL226C-A	YML019W
YBR106W	YEL017C-A
YBL078C	YNL223W
YBR154C	YPR052C
YOL038W	YPL144W
YDR381W	YLL027W
YCR028C-A	YHR164C
YFR004W	YFR010W
YAL025C	YIR010W
YLL039C	YLR216C
YBL032W	YOR052C
YDL190C	YPL236C
YBL030C	YHR001W-A
YKL168C	YNL154C
YMR022W	YMR264W
YER125W	YMR022W
YIR010W	YPL237W
YDR103W	YLL039C
YIR010W	YLR315W
YKL194C	YPL203W
YDL209C	YHR165C
YNL301C	YOR204W
YKL209C	YLL039C
YGL030W	YKL180W
YFR008W	YKR025W
YDR127W	YER151C
YAL005C	YOL031C
YDR143C	YNL112W
YDR343C	YER171W
YBR059C	YFR021W
YKL073W	YOR360C
YKL130C	YLR413W
YDR300C	YNL265C
YJR066W	YMR215W
YCL010C	YGL112C
YDR510W	YOR270C
YLR018C	YNL197C
YKL049C	YLR249W
YAL032C	YJR050W
YCR028C-A	YNL197C
YJR123W	YNL124W
YKR081C	YPR016C
YHR112C	YLR291C
YNL154C	YNL173C
YDR388W	YGL201C
YAL005C	YNL197C
YLR238W	YMR319C
YJL163C	YNL197C
YDL209C	YOL113W
YDL082W	YLR441C
YHR105W	YML038C
YAR007C	YDR052C
YBR251W	YNR036C
YDR141C	YHR094C
YER151C	YKR094C
YDR424C	YJL061W
YAL053W	YLR330W
YER088C	YER151C
YBL032W	YKR067W
YER022W	YJL140W
YLR367W	YLR432W
YJR145C	YLL045C
YER022W	YGR186W
YKL166C	YOR163W
YDL085W	YPR054W
YGL105W	YJL095W
YBL032W	YNL158W
YFR034C	YPR086W
YJL082W	YLL039C
YDL060W	YOR096W
YBR135W	YOR362C
YBR214W	YJL124C
YIR010W	YNR053C
YDR164C	YGL233W
YER125W	YNL243W
YKL129C	YKL152C
YCR028C-A	YNL312W
YNL075W	YPL126W
YER056C-A	YIR010W
YGL030W	YJL080C
YBL032W	YOR081C
YHR128W	YPR185W
YDR188W	YLR335W
YNL265C	YOR260W
YAL029C	YDR101C
YDL007W	YPL248C
YDL126C	YOL013C
YDL069C	YKL164C
YDL223C	YMR001C
YFL023W	YIR033W
YDL123W	YEL051W
YEL012W	YJL187C
YCR077C	YNR027W
YKL073W	YNL154C
YOL013C	YPL160W
YJL138C	YNL250W
YBR251W	YDL045W-A
YDR188W	YJL042W
YGL060W	YNL031C
YLR371W	YNL127W
YGR020C	YLL039C
YNL053W	YNL197C
YGL120C	YOR252W
YGR244C	YLL039C
YML019W	YNL318C
YER052C	YOR117W
YGL116W	YJL013C
YKR028W	YNL106C
YBL032W	YIL137C
YBR175W	YHR027C
YGR065C	YKL051W
YKL049C	YNL339C
YLL019C	YOL054W
YJL041W	YPL204W
YJL222W	YOR085W
YGR005C	YPL203W
YDL015C	YHL048W
YBR200W	YJL085W
YBR126C	YNL076W
YER125W	YGR268C
YIL048W	YLR241W
YDL100C	YDR513W
YGL056C	YNL197C
YDR510W	YNL134C
YGR158C	YLR345W
YKR014C	YMR258C
YAR033W	YLL028W
YGL134W	YLR258W
YDL147W	YER007W
YOR145C	YPL012W
YBL022C	YOR136W
YER172C	YPR152C
YLR423C	YPL166W
YLR375W	YNL197C
YKR084C	YLR456W
YDR523C	YEL051W
YBR106W	YEL002C
YLR291C	YOR042W
YJR097W	YPL141C
YOR061W	YPR181C
YDR212W	YNR052C
YBL016W	YFR004W
YER151C	YML072C
YKR081C	YLL039C
YBL085W	YBR108W
YDL113C	YLR315W
YJL019W	YPR174C
YDR318W	YIL144W
YIL057C	YLL039C
YDR138W	YPL169C
YBR191W	YGL014W
YER151C	YOL061W
YER025W	YOR361C
YDR510W	YKL043W
YAL059W	YPR152C
YKL168C	YPR035W
YNL197C	YPL049C
YDL191W	YHR066W
YDR516C	YGR092W
YLR291C	YPL088W
YDL220C	YDR155C
YFR034C	YPR043W
YLL039C	YPR149W
YGR126W	YLL039C
YPL141C	YPR128C
YLR441C	YOL127W
YDR510W	YNL301C
YDL213C	YOL010W
YDR297W	YKL065C
YMR017W	YMR183C
YBR123C	YLR423C
YGR220C	YMR193W
YIR038C	YNR030W
YDL007W	YFR010W
YOR156C	YPL161C
YBL032W	YML051W
YCR073W-A	YLR028C
YDR382W	YJL190C
YFR004W	YJR045C
YDR365C	YLR432W
YHL001W	YLR287C-A
YGL105W	YGR171C
YIL046W	YLL039C
YKL139W	YNL027W
YHR205W	YJR097W
YDR381W	YJL084C
YER103W	YGL130W
YIL061C	YLR147C
YHR165C	YPR152C
YDL213C	YGR198W
YLR026C	YPR181C
YHL031C	YLR268W
YEL051W	YOR270C
YER125W	YKR018C
YEL021W	YLL039C
YDL132W	YDR054C
YDL195W	YPR043W
YFL010C	YKL139W
YGR005C	YPR187W
YDR087C	YGL111W
YDR510W	YOL123W
YBL032W	YIR041W
YIL075C	YPL233W
YFR031C-A	YPR016C
YBL032W	YOR060C
YER062C	YHR027C
YHL009C	YLR291C
YBL056W	YBR097W
YOR191W	YPR016C
YHR174W	YPR093C
YFR015C	YLL039C
YAR018C	YOL083W
YHR136C	YJL198W
YAL041W	YBL032W
YGL158W	YPR160W
YJL187C	YJR092W
YCR082W	YER022W
YDR012W	YNL124W
YMR304W	YOR204W
YMR072W	YOR136W
YBR279W	YDR138W
YHL025W	YKR001C
YDR016C	YIR010W
YCR079W	YDL214C
YLR197W	YPL012W
YJL203W	YKR090W
YDR142C	YNL214W
YML028W	YPL106C
YDR235W	YLR298C
YCL028W	YLR071C
YDR382W	YOL149W
YBR041W	YLR144C
YDL043C	YNL154C
YKL049C	YNL138W
YPL055C	YPL141C
YBR005W	YLL039C
YDR227W	YHR154W
YDR195W	YDR301W
YCR004C	YLL039C
YDR273W	YOR244W
YBL075C	YLR325C
YAL029C	YDR457W
YJR090C	YNL076W
YDL060W	YPL146C
YCL061C	YLR103C
YLL039C	YOL122C
YKL180W	YPL143W
YBL032W	YNR013C
YDL175C	YMR125W
YDL065C	YGL153W
YEL034W	YLL039C
YER125W	YKL152C
YGR033C	YLR218C
YDR502C	YLL039C
YKL168C	YMR140W
YMR314W	YNL199C
YGR104C	YJL140W
YBL016W	YOR117W
YGR211W	YLL039C
YLL039C	YNL272C
YKR028W	YPL204W
YDL100C	YKL080W
YBL055C	YNL154C
YDR388W	YNL176C
YIL114C	YMR215W
YFR004W	YMR205C
YFR004W	YPR148C
YHR027C	YJR123W
YMR240C	YNR011C
YBL032W	YPR144C
YJL016W	YNL197C
YJL187C	YKL181W
YGR017W	YPL141C
YJL095W	YKL172W
YLR206W	YNL020C
YEL002C	YML115C
YFR004W	YOR065W
YNL197C	YOR044W
YER151C	YLR249W
YFR004W	YGL048C
YDR265W	YKL197C
YKR081C	YLR009W
YML092C	YOR355W
YDR188W	YNL317W
YBL032W	YDR366C
YGL153W	YHR160C
YBL078C	YOL083W
YLL028W	YNL237W
YNL243W	YOR284W
YER125W	YLR342W
YBR156C	YGL061C
YLR216C	YOR117W
YLR234W	YPL024W
YKL018W	YNL031C
YLR116W	YML046W
YFR004W	YPR088C
YDR071C	YDR510W
YGL105W	YMR280C
YDR381W	YNL308C
YCR086W	YDL214C
YFL023W	YML114C
YBR102C	YHR165C
YGL158W	YKL012W
YGR033C	YJL143W
YHR066W	YKL172W
YOL115W	YPL146C
YER171W	YGL048C
YIL019W	YLR222C
YBR055C	YPR182W
YGL111W	YLR449W
YBL032W	YHR115C
YOL107W	YPL020C
YLL057C	YLR291C
YKL185W	YMR229C
YJL058C	YNL006W
YER125W	YNL183C
YDR205W	YNR039C
YBR017C	YDR224C
YDL175C	YOR204W
YBR102C	YIL061C
YDL190C	YFL044C
YBR177C	YGR092W
YNL172W	YPR152C
YDR388W	YKL018W
YGR185C	YMR158W
YBL075C	YER103W
YER068W	YFR004W
YDR487C	YER151C
YDL019C	YMR109W
YJR145C	YLR441C
YIL149C	YKL042W
YFR031C-A	YOL127W
YHR102W	YMR186W
YJR123W	YLR441C
YGR268C	YPL049C
YFR034C	YJL008C
YDL126C	YJL177W
YDR036C	YNL137C
YDL019C	YKL049C
YGL026C	YPR110C
YLR056W	YML008C
YDR073W	YPL248C
YER151C	YOL109W
YHR016C	YPL246C
YJR031C	YLL039C
YNL113W	YPL204W
YER017C	YPR024W
YDR226W	YJL153C
YAL021C	YMR005W
YGR156W	YLR115W
YJL187C	YOR141C
YKL049C	YPR110C
YJL177W	YLL045C
YJL218W	YPL070W
YDL051W	YNL154C
YBR059C	YNL020C
YBR055C	YDL043C
YDR212W	YGR198W
YDR394W	YJL157C
YGL130W	YPL228W
YDL043C	YMR213W
YBL039C	YDR510W
YDR465C	YGL172W
YFR034C	YLR344W
YBR218C	YLL039C
YDR238C	YHR027C
YHR019C	YIL094C
YBR082C	YER068W
YDL098C	YNL147W
YOR136W	YPR110C
YDL056W	YER018C
YFR031C-A	YIR010W
YGR136W	YLR144C
YGL179C	YMR081C
YDL015C	YLL039C
YDR280W	YLR398C
YNL175C	YOR294W
YGR260W	YMR299C
YAL005C	YPL233W
YDR244W	YMR177W
YGL145W	YPR105C
YMR047C	YPL146C
YER125W	YLR167W
YGL241W	YLL039C
YBR218C	YGL062W
YCL028W	YGR142W
YDR194C	YLR233C
YHR167W	YMR125W
YCL017C	YER048W-A
YBL032W	YML112W
YMR080C	YOL149W
YLL039C	YPL220W
YER090W	YFR004W
YGL103W	YLR325C
YDR247W	YOL010W
YHR174W	YOR098C
YAL005C	YBR251W
YGL003C	YPL256C
YLR312W-A	YNL252C
YBL032W	YBR235W
YDL078C	YDR244W
YDR324C	YGR128C
YJL085W	YPR055W
YGL158W	YPL204W
YGR159C	YOR204W
YLR335W	YMR047C
YER125W	YGR136W
YGL137W	YKL204W
YDL208W	YER151C
YBR083W	YDR224C
YEL009C	YHR099W
YDL147W	YML092C
YBR179C	YLL039C
YGR278W	YLL036C
YGL123W	YKL009W
YDL223C	YJL095W
YLR197W	YNR054C
YER105C	YKL068W
YFR052W	YIL066C
YBL032W	YPL126W
YFL038C	YGL198W
YFL017W-A	YMR240C
YBL032W	YJL027C
YHR185C	YJR093C
YLR249W	YOR249C
YBR205W	YOL018C
YHR027C	YOR369C
YDR143C	YPL012W
YLR197W	YOR096W
YHR089C	YIR010W
YDR091C	YML063W
YBR247C	YOR096W
YGL147C	YPL131W
YJL177W	YNL301C
YGL210W	YNL272C
YNL157W	YPR181C
YBL097W	YDR510W
YDL002C	YNL059C
YIL019W	YPL126W
YFR014C	YGR159C
YCL059C	YGL030W
YOR202W	YPR016C
YCR086W	YPL018W
YLR018C	YMR047C
YFL038C	YOR370C
YJR066W	YLR108C
YGR092W	YKR041W
YER092W	YFR014C
YCL028W	YGL215W
YKR027W	YLR330W
YDL077C	YOR089C
YER151C	YKL181W
YDR453C	YPR110C
YJL061W	YLR018C
YOR106W	YPL195W
YDL072C	YHR027C
YDR272W	YLR043C
YBL056W	YLL039C
YDR091C	YNL260C
YAL041W	YBR079C
YER020W	YIL105C
YLR064W	YMR123W
YGL158W	YHL025W
YER151C	YHR019C
YDL127W	YDR146C
YDL082W	YJL190C
YDL195W	YNL197C
YGR140W	YKL049C
YEL034W	YGL025C
YIR010W	YPL249C-A
YJL198W	YJR059W
YGR140W	YPL008W
YFR004W	YMR092C
YDR381W	YNL175C
YDR036C	YDR347W
YJL187C	YKL051W
YDR101C	YGL172W
YHR079C-A	YPL121C
YER151C	YPL028W
YIR025W	YKL022C
YBR142W	YOL064C
YDR382W	YNL301C
YER166W	YLR330W
YBL032W	YLR079W
YDR039C	YNL197C
YKL049C	YNL243W
YGR109C	YLR079W
YGL103W	YJL190C
YBR279W	YOR123C
YDL212W	YIL027C
YER154W	YJL143W
YJL033W	YLR197W
YLR258W	YOR244W
YIR033W	YNL219C
YGL145W	YLR268W
YJR059W	YOL130W
YBL032W	YLR120C
YFR004W	YML070W
YDR238C	YPL246C
YCR077C	YJL140W
YGR082W	YNL131W
YJL058C	YNL197C
YOR117W	YPR108W
YML043C	YNL199C
YLL039C	YLR203C
YCR073W-A	YJR059W
YFR031C-A	YKL009W
YNL197C	YOR204W
YBL026W	YLR120C
YFR031C-A	YGL103W
YBR052C	YER145C
YNL229C	YPL204W
YLR362W	YMR186W
YFR028C	YGR140W
YLR258W	YPL204W
YBR112C	YGL071W
YKR092C	YMR093W
YBL102W	YFR051C
YFR033C	YPL141C
YBR155W	YCL014W
YAL024C	YPR181C
YDL126C	YJL157C
YER125W	YOR002W
YER025W	YLR367W
YNL197C	YOR085W
YFR004W	YJR105W
YDL115C	YJL140W
YBR247C	YER017C
YMR047C	YMR080C
YFL016C	YLR203C
YJL080C	YMR125W
YBR177C	YOL113W
YFR034C	YGL078C
YMR047C	YOR112W
YLL062C	YOR081C
YGR061C	YLL039C
YBL075C	YFR004W
YLR277C	YMR061W
YML012W	YMR272C
YER126C	YOL120C
YFR004W	YML057W
YBR200W	YPR055W
YGL086W	YGL116W
YBR248C	YLR401C
YCR079W	YKL085W
YAL005C	YBR155W
YDR138W	YMR125W
YDR394W	YPR152C
YDL220C	YDR247W
YLR268W	YOR106W
YBR028C	YBR031W
YDL078C	YJR059W
YBL026W	YJL140W
YML074C	YPL204W
YKL130C	YPR020W
YBL032W	YJR004C
YEL051W	YMR054W
YDR073W	YNR023W
YGL111W	YPR016C
YBR272C	YHR027C
YCR028C-A	YML072C
YDL043C	YLR059C
YLL039C	YOR065W
YKL049C	YMR314W
YFL017W-A	YPL151C
YDR213W	YDR510W
YBR130C	YKL185W
YGR252W	YMR223W
YBR110W	YEL017C-A
YHR136C	YOL138C
YGR129W	YLR249W
YBR088C	YML056C
YAR007C	YER095W
YDR510W	YOL145C
YLL039C	YPL248C
YDL100C	YGR189C
YLL039C	YLR083C
YHR027C	YLR341W
YDL147W	YIL071C
YBR079C	YBR143C
YKL089W	YOR061W
YML025C	YNL185C
YDL222C	YDR497C
YGL123W	YGR275W
YIR010W	YNL197C
YIR007W	YLL026W
YDL084W	YNL253W
YHR171W	YNR007C
YGL016W	YOR098C
YHR066W	YPL131W
YGR104C	YLL026W
YDR189W	YPL246C
YDR510W	YLR115W
YNR011C	YPL064C
YDR143C	YPL106C
YBL045C	YFR033C
YNL070W	YOL009C
YBL078C	YDL126C
YLR048W	YNL112W
YER164W	YIR010W
YKR052C	YNL197C
YJR123W	YML063W
YLL039C	YLR278C
YJR059W	YMR140W
YOL146W	YPR135W
YDR155C	YJR090C
YHR184W	YJR059W
YDR510W	YNL039W
YDR381W	YKL023W
YMR213W	YMR240C
YKL104C	YML124C
YBL032W	YML092C
YBR108W	YJR059W
YDR206W	YMR080C
YKL049C	YMR031C
YHR171W	YOR191W
YOL013C	YOR335C
YGL103W	YNL302C
YDR381W	YHR127W
YGL078C	YLR197W
YNL206C	YPR018W
YMR216C	YOR141C
YBR031W	YML063W
YJL019W	YOR257W
YER113C	YLL039C
YGL062W	YPR110C
YDL186W	YLR452C
YML012W	YPL087W
YBL030C	YDL067C
YLR398C	YOR076C
YEL023C	YLR249W
YAL024C	YLR084C
YJR091C	YLR392C
YCL017C	YDL120W
YJR095W	YPL141C
YAL012W	YOL013C
YGL130W	YOL145C
YLL050C	YLR074C
YFR031C	YIL144W
YMR072W	YNL037C
YKL144C	YNL151C
YBR031W	YDR101C
YJL010C	YMR093W
YER125W	YFR034C
YML098W	YMR005W
YJL095W	YKR081C
YFR014C	YLR451W
YLR197W	YPR144C
YNL214W	YOL044W
YGL116W	YKL101W
YDR087C	YKL172W
YDL028C	YPL124W
YDR226W	YOR117W
YHR195W	YKL120W
YBR102C	YLR423C
YEL061C	YGR253C
YBR231C	YMR001C
YDL212W	YIL109C
YDL028C	YPL204W
YCR087C-A	YDL060W
YKL009W	YLL045C
YNL031C	YOR064C
YDL147W	YGR253C
YKL180W	YNL302C
YLL045C	YNL132W
YJL089W	YPL042C
YEL009C	YER040W
YBR082C	YDR059C
YBL032W	YLR390W
YNL154C	YOL091W
YDL120W	YPL135W
YGL207W	YOR101W
YJL085W	YKR055W
YLL039C	YNL301C
YFR004W	YJR025C
YKL047W	YLL039C
YMR229C	YNL175C
YLL039C	YOR043W
YBR106W	YER039C
YLR167W	YPR152C
YGR274C	YLR055C
YCR086W	YKL089W
YDL171C	YHR027C
YDR510W	YOR362C
YFR010W	YGL048C
YGL111W	YOL127W
YFR004W	YNL098C
YDR163W	YLL036C
YDL188C	YMR028W
YAL043C	YGR156W
YAL012W	YKL130C
YBL097W	YLL021W
YLR223C	YMR224C
YDR012W	YLL039C
YAL032C	YNR059W
YGL244W	YOR061W
YJR010C-A	YML008C
YCL027W	YDR103W
YFL005W	YHR027C
YER127W	YJL036W
YLR083C	YMR177W
YGR134W	YNR052C
YLL039C	YLR019W
YLL039C	YPL010W
YGR048W	YIL030C
YDL019C	YDR381W
YDL043C	YFL017W-A
YJR059W	YPL079W
YIL124W	YLL039C
YGL150C	YOR141C
YDR510W	YFR006W
YJR082C	YNL136W
YGL116W	YKL085W
YDL006W	YNL154C
YDL060W	YMR315W
YFR028C	YLR019W
YNL031C	YOR244W
YHR127W	YPL169C
YGR041W	YJL138C
YGL123W	YNL124W
YMR314W	YPR135W
YBR108W	YJL095W
YBL061C	YNL154C
YKL101W	YNL272C
YKL184W	YOL113W
YGR254W	YLL039C
YKL166C	YOR266W
YER151C	YOR184W
YNL154C	YPL146C
YER139C	YFR014C
YFL062W	YMR221C
YHR066W	YLR009W
YDL123W	YOL018C
YDR141C	YMR010W
YAR018C	YBL106C
YBL032W	YHR198C
YDL013W	YDR510W
YDR016C	YMR181C
YML106W	YPR052C
YDR382W	YOR096W
YDR101C	YER126C
YIR010W	YLR344W
YDR293C	YGL137W
YGR274C	YPR086W
YML025C	YNL252C
YDR280W	YGR158C
YDR071C	YKL049C
YNL186W	YOR206W
YLR449W	YML074C
YLL036C	YLR432W
YFR004W	YNL301C
YBR135W	YLR079W
YMR072W	YOR058C
YBR135W	YPL014W
YGL207W	YOL013C
YDL214C	YJL198W
YHR016C	YNL073W
YLL039C	YLR370C
YDL006W	YKL101W
YNL229C	YPL070W
YNL098C	YOR101W
YAL021C	YGR005C
YJL095W	YJR141W
YNL009W	YOL013C
YBR210W	YLL039C
YMR001C	YPR174C
YKL104C	YLR452C
YER020W	YPL058C
YDL154W	YER173W
YBR094W	YOL149W
YDR293C	YJL098W
YLR115W	YMR061W
YBR156C	YDR016C
YCR077C	YMR117C
YBL030C	YGL167C
YGR048W	YIL144W
YLR258W	YLR291C
YBL032W	YKL008C
YER028C	YIL106W
YDL043C	YJL146W
YBL079W	YDL088C
YBR106W	YLL023C
YDR330W	YLL039C
YKR071C	YPL141C
YAL005C	YKL012W
YKR081C	YPL220W
YHL048W	YOR254C
YBR059C	YKL166C
YJL140W	YPL203W
YAL043C	YJL033W
YMR047C	YOR051C
YJL084C	YNL154C
YDL139C	YHR154W
YDL106C	YML051W
YDR318W	YMR117C
YGR204W	YGR252W
YGL051W	YGR295C
YJR059W	YKL168C
YDR108W	YKR068C
YLR268W	YOR327C
YPL198W	YPR016C
YER180C	YPL049C
YOR289W	YPR016C
YBL093C	YKL129C
YML049C	YPR182W
YBR202W	YLR103C
YDR297W	YOL003C
YMR186W	YNL262W
YJL024C	YLL039C
YBR285W	YKL101W
YBL056W	YDR076W
YLL039C	YPR159W
YIR037W	YLL039C
YBR079C	YGR252W
YDL106C	YKR099W
YFR031C-A	YGL030W
YJR059W	YKL166C
YGL173C	YOR204W
YDR146C	YPR086W
YDR146C	YGL207W
YFR004W	YGL137W
YDR388W	YJL085W
YDL082W	YDR381W
YDR398W	YKR092C
YGR260W	YPL019C
YAL027W	YDR381W
YLR019W	YOR043W
YCL036W	YMR093W
YGR258C	YOL090W
YBR273C	YKL101W
YLR079W	YLR210W
YGR129W	YNR011C
YGR029W	YHR005C-A
YER145C	YKL051W
YLR456W	YNR053C
YLL039C	YPR160W
YER125W	YJL172W
YDR365C	YIR010W
YFR028C	YGR056W
YNL197C	YNR052C
YDR118W	YPR018W
YIL135C	YOR043W
YKL049C	YML072C
YHR165C	YKL012W
YBL032W	YOR382W
YGR112W	YLR203C
YGR005C	YGR186W
YGL051W	YIL109C
YIL095W	YLR251W
YMR256C	YPL117C
YLR315W	YPR083W
YBL032W	YLR026C
YGL105W	YNL154C
YDR381W	YOR204W
YDR054C	YJL157C
YBL032W	YNL012W
YGL207W	YLR357W
YML083C	YOR231W
YJR093C	YNL317W
YHR019C	YOR117W
YKR001C	YOR106W
YFR014C	YJL177W
YHR167W	YJL011C
YAL035W	YPL198W
YER172C	YMR240C
YDR127W	YKL049C
YLL039C	YML088W
YAR019C	YDL214C
YGL120C	YJL010C
YEL048C	YPL143W
YLR429W	YOR145C
YGL137W	YMR146C
YBR044C	YJR010C-A
YMR216C	YOR054C
YOR244W	YPR049C
YAL005C	YLR335W
YJR092W	YOL100W
YBR106W	YIL027C
YFL023W	YOR231W
YER151C	YOL038W
YBR059C	YIR010W
YLL039C	YPL117C
YGR167W	YNL238W
YGL172W	YMR047C
YBR088C	YNR052C
YAL005C	YKR008W
YLR009W	YOR252W
YDL209C	YJR050W
YGL014W	YNL317W
YLR129W	YNL186W
YKR038C	YML036W
YDL143W	YOR117W
YGR065C	YLR413W
YDR188W	YKL029C
YDR016C	YLR031W
YAL005C	YEL025C
YDR284C	YIR038C
YGL120C	YMR213W
YBR106W	YLL006W
YIL108W	YNL254C
YLL026W	YPR152C
YLL023C	YNR026C
YBR200W	YDR368W
YJR004C	YPL141C
YGL093W	YPL233W
YER172C	YMR288W
YGR260W	YML048W
YEL034W	YOR043W
YBR084W	YHR013C
YJL187C	YMR304W
YBL102W	YPL246C
YBR069C	YGL051W
YKL129C	YNL084C
YLR291C	YNR012W
YOL120C	YPL131W
YFR028C	YNL116W
YFR010W	YGL133W
YDL204W	YLL039C
YBR205W	YHR016C
YER075C	YMR229C
YFR004W	YGL147C
YJR101W	YMR158W
YGR278W	YML049C
YIL019W	YOR145C
YDL173W	YNL154C
YFL021W	YNL229C
YDR101C	YLR009W
YDL209C	YER172C
YDR188W	YKL139W
YCR077C	YNR053C
YBL032W	YHR218W
YGR241C	YJR059W
YAL005C	YBL067C
YML049C	YMR213W
YBL032W	YMR015C
YBL039C	YGR124W
YFR034C	YIL137C
YIR010W	YPL198W
YGR241C	YIL095W
YBR125C	YLL039C
YHR167W	YLR432W
YER025W	YIL126W
YFR028C	YOR032C
YAL053W	YLL039C
YDL051W	YPL210C
YJR059W	YMR153W
YMR047C	YOL149W
YIR008C	YKL045W
YFR004W	YOR270C
YLL036C	YOR244W
YGL103W	YKL009W
YDL043C	YPL126W
YDR510W	YNR023W
YBR127C	YDL213C
YDL147W	YDR073W
YGL112C	YML114C
YFR001W	YPR045C
YGR186W	YPL203W
YGL111W	YOR206W
YFR014C	YLL028W
YDR479C	YLR268W
YGL060W	YHR016C
YDR510W	YPL131W
YGR174C	YLL028W
YIR010W	YOL123W
YKL013C	YLR370C
YAL005C	YNL136W
YIR010W	YNL106C
YFR004W	YJR017C
YMR229C	YPR144C
YMR183C	YOR106W
YLR129W	YLR222C
YDL082W	YFR031C-A
YER151C	YLR438W
YJL014W	YKL049C
YGR096W	YOL090W
YBL030C	YER151C
YIL153W	YNL229C
YLL048C	YPL147W
YKR021W	YOR119C
YDR164C	YPR055W
YNL250W	YPR160W
YDR322W	YNL185C
YAL005C	YPL167C
YHR006W	YJR090C
YJL138C	YOL090W
YBR052C	YDR497C
YDR100W	YIL027C
YDR150W	YKL049C
YKL187C	YLL039C
YJR145C	YNL004W
YIR010W	YPR052C
YHR089C	YLR449W
YBL032W	YGL032C
YFR004W	YML008C
YFR033C	YGR092W
YAL035W	YMR146C
YKL104C	YNL229C
YER038C	YOL034W
YKL135C	YML051W
YFR004W	YJL170C
YLL039C	YPL194W
YDR324C	YMR093W
YLR323C	YMR213W
YAL032C	YMR213W
YGL071W	YJR060W
YLR423C	YML043C
YLR026C	YOR327C
YDR497C	YGL077C
YDL060W	YLR435W
YBR200W	YKR105C
YDR284C	YDR479C
YBR105C	YNL197C
YNL154C	YNR006W
YMR186W	YNR022C
YBR207W	YPR079W
YIL126W	YOR123C
YHR164C	YLR234W
YIL057C	YKL101W
YMR054W	YPR036W
YHR127W	YHR167W
YGR165W	YMR158W
YDL100C	YER150W
YFR004W	YLR432W
YFL024C	YGL048C
YLR163C	YOL021C
YGL209W	YMR239C
YAL027W	YIL095W
YBR208C	YJL098W
YBR142W	YPL131W
YDR510W	YJL014W
YFL049W	YGL158W
YEL019C	YOL034W
YGR270W	YML074C
YLR197W	YLR432W
YAL005C	YPL028W
YMR106C	YOL078W
YBR052C	YIL105C
YOR213C	YPR018W
YDR101C	YPL131W
YDR388W	YOR136W
YKL166C	YNL117W
YAR007C	YDR224C
YDL060W	YMR093W
YFR051C	YKL004W
YBR247C	YIL019W
YBR093C	YJL176C
YJL128C	YJR059W
YDR439W	YPL204W
YDR284C	YPL094C
YDR234W	YLR249W
YGL237C	YLR423C
YDL200C	YLR109W
YDR122W	YOL082W
YAL005C	YNL229C
YLR370C	YOR361C
YLR449W	YPR169W
YBL032W	YMR070W
YEL009C	YIL126W
YLR406C	YOL127W
YKL012W	YLL036C
YKL101W	YKL190W
YDR012W	YLR221C
YKL101W	YPL246C
YDL111C	YGR134W
YOR257W	YPL180W
YDL003W	YIL126W
YCR028C-A	YKL144C
YDL088C	YMR153W
YGR092W	YOR228C
YOL111C	YPL174C
YDL139C	YPR154W
YCL001W	YNR026C
YFR004W	YHR111W
YLL039C	YML008C
YMR005W	YPL248C
YKL073W	YPL020C
YGR253C	YOL038W
YLL036C	YNR011C
YGR246C	YNL039W
YDL077C	YGL210W
YJL052W	YLL039C
YDL239C	YGL153W
YKL180W	YOL127W
YDL223C	YKL101W
YBL032W	YJL016W
YAR007C	YGL150C
YLL045C	YPL220W
YLR451W	YNL118C
YFR028C	YKL150W
YBL032W	YNL230C
YFR004W	YGL157W
YFR028C	YNL078W
YBR208C	YBR221C
YEL062W	YOL138C
YGL083W	YNL272C
YBL032W	YMR201C
YDR479C	YOR377W
YBR001C	YBR127C
YGR215W	YIL093C
YDR388W	YNL154C
YNL272C	YPL204W
YJL138C	YKL168C
YJL095W	YOR201C
YDR394W	YNL250W
YDR012W	YMR229C
YGL029W	YKL172W
YAL035W	YJR145C
YHR016C	YLR144C
YLL039C	YOL109W
YDL043C	YLL036C
YKL197C	YNL214W
YDR238C	YGL051W
YNR036C	YNR037C
YGR193C	YMR106C
YJL138C	YOL100W
YKR034W	YOL054W
YKL009W	YPL131W
YJL187C	YOR257W
YGR004W	YPR028W
YNL118C	YPR160W
YBR143C	YLR429W
YDL207W	YLR018C
YLR425W	YPL256C
YDL053C	YPR106W
YLR268W	YNL279W
YBR031W	YOR117W
YGR087C	YJR090C
YBR031W	YJL033W
YER171W	YOL090W
YDR063W	YKL013C
YBR019C	YPL204W
YBL032W	YPL141C
YDL116W	YMR153W
YGL044C	YMR061W
YDR171W	YKL049C
YLR441C	YOR117W
YNL175C	YPL249C-A
YFR001W	YGL030W
YBL055C	YOR052C
YFL045C	YOR117W
YHR016C	YKR030W
YER018C	YHL025W
YJR082C	YPR031W
YCL008C	YJL172W
YBR031W	YJL187C
YBL032W	YML113W
YJR123W	YOR117W
YBL064C	YNL154C
YHR165C	YMR288W
YGL053W	YHR140W
YAL032C	YNR011C
YLR301W	YPL204W
YJR092W	YPR122W
YDL012C	YLL039C
YIL095W	YNL084C
YHR027C	YKL049C
YGR165W	YJR101W
YGL127C	YLR423C
YLR043C	YOR117W
YER145C	YML072C
YMR080C	YPL204W
YDL082W	YOL120C
YMR028W	YOR244W
YBR031W	YPL249C-A
YDL134C	YMR273C
YGL060W	YOL133W
YCL011C	YGL173C
YBL032W	YOR076C
YBL032W	YOL100W
YOR204W	YPL204W
YDR145W	YMR005W
YJL128C	YLR362W
YBR106W	YGL167C
YLR266C	YNL113W
YIR039C	YOL113W
YHR013C	YOL127W
YFR014C	YHR117W
YFR002W	YGL172W
YGL103W	YPL249C-A
YLL039C	YLR129W
YBL032W	YGL071W
YDR303C	YLL026W
YER151C	YPL143W
YMR001C	YMR055C
YDL082W	YGL103W
YGR092W	YNL241C
YDR280W	YOL021C
YDL043C	YJL203W
YGL048C	YIL075C
YDR101C	YMR047C
YCR042C	YMR227C
YDR510W	YKL032C
YGR161C	YJL098W
YML099C	YMR042W
YKL217W	YLL039C
YBL078C	YLR450W
YBR136W	YLR304C
YBR102C	YDR166C
YBR125C	YDR247W
YIL156W	YMR109W
YHL004W	YMR158W
YAR018C	YIL144W
YNL197C	YNL326C
YKL172W	YOR294W
YBR031W	YNL112W
YBR142W	YPL220W
YMR288W	YNR011C
YGR056W	YIL126W
YBL032W	YPL226W
YJR066W	YNL183C
YBL032W	YPR084W
YDL028C	YNL007C
YAL032C	YLR345W
YBR112C	YGL035C
YCL028W	YGL151W
YLR147C	YPL151C
YGR161C	YKR028W
YBL032W	YGL025C
YGL123W	YLL036C
YFL062W	YOR079C
YBR126C	YDR247W
YJR070C	YKL139W
YGR092W	YJR094W-A
YAL005C	YOR061W
YGR270W	YPR110C
YDL070W	YNL154C
YIL144W	YPL174C
YBL032W	YDL195W
YGL116W	YJL008C
YDL082W	YKL180W
YDR224C	YIR010W
YJL014W	YKL204W
YGR092W	YPL042C
YGR116W	YPR133C
YDR513W	YIR037W
YGL014W	YLR287C-A
YDR116C	YMR193W
YIR038C	YNL219C
YLR048W	YOR117W
YMR229C	YPR016C
YNR053C	YOL127W
YDR381W	YNL253W
YBR183W	YLR018C
YBL037W	YBL105C
YGL242C	YKL129C
YFR004W	YJL008C
YNL021W	YPR016C
YLR079W	YOR209C
YOR157C	YOR362C
YML056C	YNL124W
YNL197C	YOR098C
YBR068C	YML012W
YGR215W	YNR036C
YGL103W	YML063W
YER050C	YJR101W
YJL014W	YNL212W
YDR143C	YLL039C
YDL175C	YJL124C
YDL116W	YER105C
YDR293C	YFR004W
YNL112W	YPL055C
YHR008C	YMR106C
YDL209C	YGR278W
YER071C	YLR200W
YHR027C	YPL131W
YBL032W	YDL035C
YFR004W	YPR086W
YDL116W	YJL041W
YDR016C	YGL025C
YLL039C	YLR197W
YOR260W	YPL141C
YGR082W	YGR120C
YDR381W	YMR239C
YGL189C	YLL027W
YCR028C-A	YJR010C-A
YBL039C	YJR109C
YLR315W	YPR105C
YHR140W	YML048W
YFR004W	YKL126W
YBR175W	YBR258C
YLL039C	YMR028W
YBR205W	YHR181W
YMR198W	YPR141C
YDL213C	YNL132W
YLL028W	YLL039C
YHR039C	YLL039C
YLR423C	YOR361C
YAL011W	YGR002C
YDR244W	YDR329C
YBR154C	YDL115C
YIL070C	YMR036C
YLR449W	YPL131W
YBR191W	YDR510W
YFR034C	YPL131W
YLR423C	YPL077C
YBL032W	YGL139W
YDL209C	YMR288W
YEL063C	YML052W
YJL058C	YJL112W
YNL124W	YOL127W
YDR036C	YGL153W
YDL053C	YLR362W
YDR510W	YPL224C
YER018C	YPR018W
YGL139W	YLL039C
YBL032W	YGR063C
YDR224C	YER151C
YKL018W	YNL317W
YJL023C	YML091C
YCL063W	YFR021W
YBR106W	YDR046C
YER075C	YMR319C
YLL050C	YOR117W
YKL125W	YPL146C
YJR093C	YNL092W
YMR093W	YPL220W
YLR357W	YMR001C
YHL032C	YIL053W
YGL179C	YOR141C
YKL049C	YLR342W
YGR116W	YPL203W
YGR274C	YKR001C
YGL158W	YGR166W
YDR044W	YEL030W
YHR094C	YJL151C
YFR004W	YHR029C
YGR178C	YIR010W
YGR092W	YNR052C
YBR018C	YPR054W
YLR197W	YPR152C
YKL049C	YPL106C
YBR087W	YFR027W
YGL017W	YOR351C
YPL150W	YPR072W
YBR263W	YIR010W
YJL010C	YLL019C
YAL005C	YDR324C
YJR066W	YNL076W
YDR457W	YMR186W
YHR027C	YPL028W
YDL084W	YHR102W
YBL075C	YER022W
YER095W	YMR233W
YOL003C	YPL094C
YDR091C	YPL198W
YKL022C	YLR127C
YKR081C	YLR233C
YBL085W	YNL234W
YBL032W	YPR151C
YDR247W	YDR439W
YMR109W	YNL206C
YBR106W	YJL059W
YLR018C	YNL279W
YKL018W	YPL008W
YLR019W	YOR061W
YHR099W	YKL062W
YDR260C	YOR249C
YLR291C	YOL083W
YAL005C	YNL220W
YGR275W	YIL126W
YGL167C	YJL183W
YLL039C	YML048W
YBR191W	YGL103W
YFR004W	YPL028W
YCL028W	YOL123W
YDR365C	YDR510W
YHR027C	YLR354C
YER151C	YNL040W
YBL032W	YBL112C
YJL019W	YPL018W
YLR423C	YMR213W
YDR171W	YGL153W
YKL180W	YPL012W
YGR024C	YPL110C
YBR017C	YHR089C
YAL034C	YBL016W
YBR207W	YEL051W
YBL032W	YPR106W
YGL120C	YKR086W
YGR215W	YNL137C
YJL111W	YKL049C
YBL032W	YIL130W
YFR027W	YLR233C
YDR166C	YJL085W
YGR113W	YIL144W
YOR270C	YPR036W
YBL103C	YMR227C
YOR117W	YPR183W
YLL021W	YNL293W
YKL049C	YMR319C
YHR099W	YPL248C
YGL112C	YPR072W
YGL044C	YLR432W
YIL041W	YLR026C
YHR027C	YPR163C
YHL004W	YIL070C
YDR388W	YLL039C
YML106W	YMR271C
YCR101C	YGR216C
YJL124C	YLR003C
YBL093C	YCR081W
YJR123W	YLL039C
YGL011C	YMR314W
YBR079C	YPR086W
YMR186W	YPR181C
YHR048W	YNL197C
YAL019W	YBR084W
YDR260C	YLR102C
YDR092W	YMR256C
YLL003W	YOR257W
YJR144W	YLL006W
YDR224C	YPL138C
YBR126C	YMR261C
YDR106W	YLL049W
YMR093W	YPL126W
YCR028C-A	YNL339C
YKL104C	YPR106W
YER126C	YGL029W
YBL067C	YML105C
YDR405W	YER154W
YOR206W	YOR294W
YAL027W	YDR388W
YGL112C	YIR010W
YJR145C	YMR093W
YKL172W	YLL045C
YDL080C	YIR037W
YBR126C	YHR027C
YLL028W	YMR264W
YNL021W	YOR138C
YML109W	YNL216W
YBR017C	YDL015C
YAL019W	YDL147W
YBL016W	YER151C
YDR363W	YDR510W
YDL126C	YGL108C
YGL004C	YIL075C
YBL060W	YMR214W
YKL104C	YOR117W
YDL195W	YKL049C
YGR128C	YPR144C
YGL103W	YJR145C
YJL176C	YNL031C
YAL035W	YDL082W
YKL049C	YNL007C
YAR019C	YCR073C
YGR113W	YMR117C
YNL053W	YOR257W
YHL019C	YPR029C
YDR012W	YFR031C-A
YCL011C	YDL084W
YBL105C	YGR254W
YAL024C	YNL015W
YCR077C	YDL175C
YDR150W	YJL074C
YDL239C	YPL049C
YLL039C	YOR051C
YCL017C	YPL135W
YGL158W	YJR141W
YKL218C	YPR110C
YJL095W	YJR097W
YGR077C	YNL197C
YKL204W	YNL154C
YOR324C	YPR153W
YDR063W	YJR065C
YKL085W	YPL204W
YBR077C	YGR201C
YLL039C	YPL199C
YGR077C	YNL329C
YBL097W	YER164W
YKL104C	YKL161C
YER172C	YJL143W
YNL197C	YOR129C
YGL077C	YPL265W
YFR004W	YOR303W
YJL025W	YNL197C
YKL019W	YOR380W
YJR059W	YKR100C
YDR490C	YKL166C
YKL005C	YNL031C
YOR244W	YOR335C
YLR467W	YPL042C
YOL045W	YOR335C
YLR129W	YNR054C
YDL220C	YML109W
YBR127C	YOR270C
YFR004W	YOL127W
YDR101C	YPL249C-A
YDR127W	YDR260C
YKL049C	YOL038W
YDR523C	YKL126W
YEL012W	YOL054W
YCR010C	YLL039C
YGL030W	YGL103W
YGL078C	YNL308C
YHR105W	YJR059W
YDL200C	YEL024W
YDR141C	YGL077C
YCR086W	YLR274W
YJL187C	YNL197C
YML051W	YOL067C
YKR081C	YNL175C
YCL059C	YDR324C
YBL103C	YHR099W
YCR086W	YPL115C
YDR237W	YMR193W
YGR167W	YPL204W
YDR497C	YMR010W
YCL028W	YNL106C
YDR273W	YMR001C
YGL014W	YGL103W
YDR229W	YPL135W
YFL038C	YLL039C
YKL130C	YKR013W
YLL001W	YLR291C
YJR010C-A	YPL249C-A
YDR244W	YER056C-A
YDL212W	YGR295C
YAR018C	YJL098W
YGR167W	YKL104C
YDR057W	YMR307W
YCR082W	YDR016C
YDL020C	YOR117W
YDR510W	YLR406C
YGR024C	YHR112C
YKL049C	YOR086C
YJL112W	YKL049C
YFR031C-A	YJL033W
YHL035C	YOR327C
YER025W	YML063W
YLL039C	YPL174C
YDR164C	YOR327C
YNL225C	YOR177C
YKL013C	YNL243W
YBR068C	YPL265W
YBR177C	YEL051W
YNL032W	YNL099C
YDL043C	YMR240C
YBR136W	YBR143C
YBR110W	YLL028W
YDL028C	YLL003W
YIR033W	YLR268W
YPL042C	YPL248C
YMR125W	YOR250C
YBR142W	YOL127W
YBR164C	YFR004W
YDL120W	YGR207C
YDL013W	YDL147W
YDR388W	YJR083C
YGL137W	YGR142W
YNL128W	YPL164C
YBL032W	YLR446W
YGR261C	YPL195W
YGR203W	YIL061C
YLL039C	YLR417W
YJL143W	YNR017W
YHR019C	YKL104C
YGR092W	YLL039C
YDL015C	YOR324C
YLR055C	YMR223W
YJR059W	YKL062W
YBL016W	YOR362C
YLR450W	YOL013C
YDL043C	YLR058C
YBR164C	YNL297C
YER139C	YJL140W
YCL059C	YJL190C
YGL120C	YJR145C
YFL038C	YOR070C
YDL214C	YDR439W
YBR059C	YCR027C
YLL039C	YML012W
YCL044C	YMR115W
YEL060C	YNL186W
YER025W	YOR260W
YDR487C	YDR513W
YPR091C	YPR152C
YKL068W	YOL123W
YGL112C	YOR220W
YDL213C	YPL012W
YMR229C	YPL126W
YHR165C	YPR101W
YDR343C	YJR017C
YBL032W	YOR012W
YML109W	YPL115C
YDR012W	YLR441C
YBR135W	YLL050C
YJL095W	YNL133C
YLL045C	YOR096W
YIL140W	YLL034C
YGL078C	YIR010W
YFR031C-A	YPL249C-A
YER125W	YFR004W
YGR166W	YNL197C
YLR368W	YOL133W
YHR174W	YNL006W
YEL032W	YGR270W
YBL032W	YBR214W
YGR268C	YHR016C
YER071C	YIL152W
YML063W	YNL301C
YDL147W	YMR314W
YGL087C	YMR323W
YGL111W	YOR380W
YJL112W	YLR291C
YCR042C	YDR195W
YDR202C	YJR033C
YBL032W	YMR148W
YLL019C	YPL012W
YBL032W	YER163C
YMR092C	YNL138W
YCL010C	YGL262W
YDR202C	YEL051W
YDR124W	YGR165W
YDL191W	YGR275W
YDR296W	YER125W
YDL171C	YKL104C
YCL028W	YPL070W
YIR010W	YMR302C
YDL015C	YPR028W
YKL049C	YML028W
YDL060W	YML024W
YKL049C	YOR361C
YIR010W	YKR008W
YHR046C	YPR015C
YIL070C	YIL094C
YBL032W	YDR043C
YBL032W	YDR528W
YLL039C	YML024W
YGR135W	YKL206C
YDR446W	YDR510W
YDR256C	YPL070W
YBL032W	YJL209W
YDL220C	YGL158W
YGL105W	YIR010W
YMR183C	YOR327C
YHR027C	YMR109W
YBL032W	YPL075W
YDR510W	YGL009C
YFR014C	YPL203W
YDL098C	YML049C
YJL098W	YJR066W
YFL005W	YNR049C
YDL214C	YML083C
YDR510W	YJR092W
YEL032W	YOL113W
YCR082W	YGR252W
YOR185C	YOR250C
YHR027C	YOR362C
YBR216C	YFR004W
YGL014W	YGL045W
YCR077C	YHR165C
YFR004W	YOR298C-A
YMR070W	YOL109W
YBR222C	YDL006W
YGR135W	YOR362C
YLL039C	YLR398C
YBR017C	YJR077C
YDR106W	YPL174C
YDR273W	YPL204W
YDR523C	YHR033W
YDR381W	YHR066W
YNL113W	YPR187W
YEL036C	YER001W
YBR061C	YLL039C
YMR229C	YNL124W
YJL138C	YOR351C
YFR031C	YKL068W
YLL036C	YMR036C
YGL077C	YPL246C
YCL027W	YER032W
YAL035W	YBR031W
YGL004C	YGL048C
YBR031W	YDR365C
YBR091C	YNR017W
YER151C	YGL137W
YKL172W	YPR045C
YFR004W	YGL004C
YLL034C	YLR084C
YDR288W	YEL019C
YFR004W	YPR108W
YBR055C	YKL085W
YDL208W	YGR283C
YGR058W	YLL039C
YFL023W	YPL141C
YFR031C-A	YGL014W
YDR293C	YNL154C
YJR010C-A	YML067C
YFR004W	YPL237W
YLR265C	YMR106C
YGL016W	YOR361C
YDL126C	YGR048W
YCR004C	YMR031C
YNL147W	YOL149W
YDR324C	YLR186W
YHR138C	YNL197C
YER062C	YER171W
YLR245C	YLR291C
YCR028C	YGL051W
YAR018C	YNL077W
YDL005C	YHR167W
YER172C	YGR270W
YBL045C	YGL137W
YJL014W	YOL015W
YDR381W	YJL033W
YJR017C	YLL026W
YBR059C	YKR079C
YDR303C	YMR072W
YLL039C	YNR040W
YEL051W	YGR105W
YGL154C	YGL254W
YNL010W	YNL154C
YJL177W	YLR441C
YNL175C	YOR206W
YKL172W	YKR081C
YIR010W	YJR094W-A
YER151C	YOL127W
YER154W	YPL063W
YDL005C	YEL009C
YDR171W	YDR510W
YDR068W	YPL246C
YDR087C	YLL034C
YBL093C	YDL005C
YGL173C	YJL095W
YBR154C	YGR005C
YDR324C	YER151C
YCR042C	YPR065W
YJL189W	YKL168C
YBL032W	YLR064W
YDR394W	YER173W
YFR021W	YLL039C
YBL078C	YHR171W
YJR123W	YOR096W
YJL190C	YML024W
YEL009C	YFL009W
YGR270W	YLR357W
YBR251W	YOL115W
YFR004W	YJL138C
YLL021W	YLR362W
YCR077C	YPR152C
YBL032W	YDL012C
YCR030C	YGL077C
YBL032W	YGL146C
YJL190C	YPL204W
YLR138W	YML132W
YGL103W	YPR152C
YDR156W	YPR187W
YDR510W	YPL139C
YDR217C	YMR001C
YFR050C	YGR135W
YJL097W	YPL094C
YDR498C	YLR268W
YML024W	YML063W
YFR004W	YLR421C
YBL032W	YDR171W
YDR206W	YPR106W
YER068W	YPR072W
YLR129W	YNL132W
YKL049C	YMR186W
YCL027W	YPR008W
YHR027C	YML008C
YCR077C	YLL036C
YKL135C	YPR029C
YMR093W	YOR096W
YDR486C	YFR014C
YDL005C	YER022W
YDR378C	YHR165C
YGR270W	YOL006C
YBL032W	YIR001C
YFR004W	YOR361C
YIL094C	YKL104C
YKR081C	YLR449W
YBR136W	YNL312W
YBR112C	YFR004W
YGL061C	YIR010W
YFR004W	YLR134W
YER172C	YPR182W
YDL126C	YDL132W
YBL103C	YML091C
YHL009C	YNL154C
YNL007C	YNL124W
YDR039C	YPR201W
YBL032W	YOR070C
YIL105C	YLR425W
YLR007W	YOL034W
YBL032W	YHR008C
YDR188W	YKL049C
YER125W	YLR206W
YBR044C	YKL141W
YGR113W	YJR060W
YJL084C	YMR216C
YDR229W	YJR059W
YJL010C	YKL078W
YHR027C	YPR035W
YIL153W	YMR028W
YGR275W	YHL025W
YJL112W	YMR047C
YOR096W	YOR340C
YGR260W	YKL065C
YDR516C	YLL039C
YIR033W	YPR174C
YIL070C	YML054C
YAL029C	YBR119W
YDL132W	YPL256C
YDL088C	YMR047C
YBR133C	YLL039C
YBL032W	YGL021W
YNL330C	YPL143W
YBR140C	YNL098C
YDR510W	YGR178C
YIL095W	YNL186W
YGL212W	YLR423C
YGR096W	YNL197C
YJL045W	YLL039C
YIL124W	YIR038C
YLR291C	YLR423C
YLR233C	YNL132W
YHR112C	YPR110C
YCL059C	YDL208W
YER068W	YNL197C
YAL051W	YGR092W
YER151C	YML063W
YGL048C	YNL250W
YJL039C	YMR153W
YLR127C	YOR249C
YHL017W	YHR188C
YNL186W	YPL150W
YLR127C	YOL133W
YBR295W	YLL039C
YDL116W	YDL195W
YMR146C	YPR086W
YJR145C	YPL220W
YGL137W	YNL007C
YDR101C	YOR098C
YER151C	YJL014W
YAR007C	YMR072W
YKL185W	YPL139C
YDL126C	YDL147W
YBR205W	YML012W
YNR017W	YPR024W
YGR092W	YLR438W
YOR340C	YPR110C
YDR394W	YER171W
YDL236W	YLL039C
YBL032W	YPL131W
YDL143W	YFR014C
YGR124W	YOR117W
YCR030C	YER020W
YHR005C-A	YOR297C
YCL014W	YPL256C
YBR017C	YGR005C
YFL024C	YPL248C
YFR034C	YLR362W
YLR268W	YNL237W
YLR074C	YMR047C
YOR117W	YOR303W
YIR025W	YOR249C
YHL004W	YOR204W
YBR200W	YDL077C
YDL053C	YMR123W
YBR272C	YGL011C
YDR257C	YOR119C
YDR258C	YGL048C
YBL085W	YGL201C
YGL158W	YOL125W
YMR229C	YOR294W
YDR365C	YNR054C
YLR401C	YNL154C
YJL146W	YOR351C
YHR019C	YLL039C
YDR224C	YNL312W
YJL176C	YPR152C
YJR050W	YMR213W
YCR073W-A	YNL154C
YEL063C	YHR140W
YGL048C	YJR145C
YJL187C	YKL042W
YOR176W	YOR257W
YDL053C	YNL157W
YIL159W	YKL079W
YER151C	YLR058C
YBR002C	YJL151C
YLL039C	YLR026C
YER017C	YMR089C
YGL179C	YHR073W
YBR055C	YEL034W
YEL034W	YPL237W
YGL127C	YOL135C
YER173W	YLR413W
YJR123W	YPL220W
YFR034C	YKL204W
YDL194W	YDR277C
YAL053W	YDL222C
YGL051W	YGL137W
YDR298C	YER154W
YDL105W	YDR288W
YHR164C	YNL312W
YGR159C	YNL112W
YIL070C	YPR015C
YDR101C	YNR053C
YBR200W	YKL051W
YJL011C	YNL151C
YGR135W	YMR314W
YDR343C	YLR019W
YMR001C	YPR067W
YFR004W	YNL250W
YBR079C	YDR091C
YBL032W	YJL042W
YAL029C	YLR429W
YER125W	YJL025W
YKL024C	YOL013C
YFR014C	YGL210W
YGL179C	YMR140W
YER002W	YHR066W
YIR038C	YJR010C-A
YLL028W	YML048W
YBR136W	YCL061C
YDR146C	YFL009W
YHR115C	YPR169W
YDR284C	YEL013W
YIR010W	YKL172W
YBL032W	YLR459W
YAL051W	YCR087C-A
YBR154C	YPR133C
YFR014C	YNL186W
YDR212W	YNL317W
YDL013W	YKL042W
YLL036C	YPR134W
YBR055C	YDR381W
YBR087W	YLR223C
YBL105C	YOL100W
YCR077C	YOL149W
YCR046C	YDR322W
YGR159C	YLL039C
YAL041W	YLR357W
YGL009C	YMR291W
YFR050C	YOR362C
YGR104C	YPR086W
YDL113C	YER018C
YJL112W	YLL001W
YBR123C	YKL068W
YKL082C	YKL172W
YDR016C	YIL144W
YDR510W	YOL135C
YBR172C	YGL173C
YNL006W	YOL078W
YJR154W	YPR106W
YGL158W	YOR044W
YEL034W	YHR068W
YGL137W	YHR027C
YDR388W	YGR058W
YBL039C	YFR004W
YDR324C	YNL075W
YFR004W	YHR174W
YCL066W	YCL067C
YMR216C	YPL139C
YMR205C	YOL045W
YAL005C	YPR163C
YEL002C	YOR085W
YGL130W	YOL078W
YDR127W	YKL029C
YER050C	YGR215W
YPL106C	YPR016C
YDR388W	YPR055W
YIL046W	YJL058C
YGR255C	YLR201C
YIL126W	YLL039C
YDR119W	YLL039C
YGR275W	YPL016W
YDR124W	YHR155W
YKL108W	YMR303C
YBL030C	YGR254W
YAR019C	YJR047C
YNL227C	YNR053C
YDR273W	YFR052W
YBL079W	YGR037C
YEL009C	YHL025W
YIR010W	YOR369C
YJL190C	YLL039C
YEL009C	YGL112C
YBR055C	YDR353W
YGL044C	YHR174W
YJL087C	YKL108W
YHR027C	YHR104W
YBR251W	YMR158W
YJL008C	YJL159W
YDR388W	YOR204W
YGR118W	YOL127W
YJL177W	YNL302C
YKL082C	YML109W
YDR369C	YLR109W
YGR104C	YPR052C
YER068W	YGR134W
YBL039C	YDL191W
YGR261C	YOR380W
YPL246C	YPR105C
YLR249W	YOL145C
YDL043C	YGL137W
YJR045C	YNL157W
YLL039C	YOR231W
YDL123W	YER125W
YGL201C	YMR109W
YER151C	YPL061W
YFR004W	YKR001C
YBR155W	YDR216W
YCR028C-A	YOR113W
YHR184W	YMR001C
YDR206W	YLR362W
YBL016W	YJR014W
YLL039C	YPR035W
YDR405W	YML025C
YDR322W	YML025C
YDL188C	YGR253C
YCR033W	YPR152C
YIL041W	YLL039C
YGR135W	YOR157C
YBR106W	YPR194C
YLL036C	YOR204W
YDL227C	YML088W
YMR005W	YPL011C
YDL134C	YOR386W
YDR145W	YKR001C
YBR059C	YMR304W
YKL101W	YNL007C
YKL181W	YOR231W
YGL137W	YLL001W
YER090W	YJL060W
YDL101C	YDR030C
YER067W	YLL039C
YBR143C	YDR091C
YLL039C	YPR181C
YHR027C	YPR183W
YBR127C	YDR510W
YER105C	YGL092W
YGL244W	YKL049C
YBR119W	YOR159C
YGL079W	YJL187C
YGR207C	YIL108W
YDL134C	YLL039C
YNL124W	YPR110C
YCR014C	YDL147W
YBL091C	YGR142W
YDL077C	YKR014C
YKL144C	YPR110C
YJR082C	YPL204W
YER128W	YPR173C
YKL206C	YOR157C
YBR142W	YPL249C-A
YJR059W	YOR257W
YLL039C	YNL330C
YBR207W	YGR020C
YDR510W	YJL187C
YDL116W	YOR098C
YGL153W	YGL179C
YFL038C	YPL246C
YJR123W	YPL131W
YBL032W	YCL042W
YBR155W	YDR463W
YDR510W	YER154W
YBL093C	YPL042C
YJR145C	YNL308C
YJR119C	YMR216C
YER164W	YKR081C
YBR088C	YDR092W
YBL067C	YFR004W
YFL034W	YKL135C
YDR188W	YFR004W
YCR030C	YPL058C
YIR010W	YML074C
YGL207W	YNL154C
YOL120C	YOL127W
YFR004W	YHR042W
YDR113C	YJR059W
YLR147C	YOR159C
YCR027C	YOL083W
YNL183C	YPL180W
YLR048W	YLR432W
YHR133C	YML048W
YBL032W	YLR393W
YFR004W	YNR053C
YDR523C	YNL037C
YAL024C	YHL021C
YGL030W	YOL135C
YAL005C	YKL139W
YBL032W	YNR006W
YJL039C	YML063W
YGL123W	YLL039C
YLL039C	YMR171C
YIL063C	YJL080C
YER145C	YGL077C
YER151C	YGR178C
YLR274W	YMR109W
YLL039C	YLR359W
YGL137W	YLR370C
YER125W	YOL043C
YCL059C	YPR102C
YDR523C	YGL202W
YDR497C	YER125W
YGR158C	YJL124C
YLL050C	YMR092C
YFR004W	YGL125W
YDR502C	YER151C
YDL093W	YOR321W
YHR047C	YOL111C
YLL039C	YPL063W
YDR259C	YNL092W
YFR004W	YML106W
YPL106C	YPR045C
YFR034C	YOL001W
YDR288W	YNL124W
YER103W	YLL039C
YOR061W	YOR361C
YKR099W	YLR058C
YFR031C	YPL124W
YGR120C	YPL077C
YIR033W	YNR030W
YKR065C	YLL039C
YBL039C	YDR260C
YJL138C	YLR362W
YOR344C	YOR351C
YMR037C	YOR043W
YGL134W	YOR351C
YMR181C	YPR105C
YBR079C	YGL123W
YOL021C	YOR076C
YFR014C	YKR094C
YER125W	YGR186W
YBL032W	YGL209W
YMR036C	YOR061W
YMR229C	YNL132W
YBL032W	YMR019W
YKL008C	YKL065C
YBR177C	YJL151C
YDR101C	YKR081C
YGL147C	YPL198W
YFR051C	YJL151C
YFR004W	YKL104C
YER125W	YMR140W
YLL039C	YPL131W
YPL166W	YPR049C
YKL120W	YOR117W
YML012W	YML124C
YLR222C	YNL132W
YGR092W	YPR160W
YGL226C-A	YJL002C
YBR079C	YNL244C
YBR238C	YDR510W
YMR229C	YPR152C
YDL043C	YDR131C
YLR216C	YOR220W
YGL201C	YIL144W
YGR253C	YHR027C
YBR106W	YCR098C
YCR077C	YMR186W
YBR258C	YPL138C
YDL067C	YGL187C
YER151C	YPL012W
YDR184C	YNL197C
YDR324C	YMR229C
YHL021C	YJL140W
YJL095W	YOR061W
YBR154C	YKR025W
YDL191W	YNL330C
YJL147C	YLR222C
YGL116W	YPL140C
YDR235W	YLL036C
YER002W	YGL111W
YFL045C	YFR004W
YDR012W	YKL180W
YBL032W	YLR139C
YBL032W	YJR074W
YDR116C	YNL252C
YHR174W	YLL039C
YBL032W	YJR145C
YDR299W	YDR365C
YDL028C	YKL023W
YBL026W	YBR172C
YBR287W	YLL039C
YDR334W	YLL036C
YLL010C	YOR043W
YDR145W	YOL072W
YAL003W	YEL034W
YAR019C	YOR231W
YKL085W	YPL111W
YER151C	YNR052C
YJR082C	YLR223C
YLR168C	YPR024W
YAL051W	YBL032W
YNR052C	YPR072W
YBR052C	YDL222C
YAL053W	YMR307W
YDL126C	YIR033W
YMR213W	YPL064C
YDL005C	YGL025C
YGR185C	YLL029W
YGL158W	YNL186W
YHR016C	YLR206W
YIR010W	YPL180W
YDL126C	YDR295C
YBR138C	YGR092W
YMR186W	YPR093C
YDR100W	YMR079W
YGL086W	YLR423C
YBR110W	YKL065C
YCR073C	YNL250W
YKR001C	YPL016W
YDR143C	YDR227W
YIL105C	YKL126W
YLR003C	YPL204W
YDL132W	YDR306C
YKL180W	YNL132W
YIL026C	YIL126W
YML028W	YOR117W
YDL212W	YHL048W
YEL017C-A	YMR299C
YBL045C	YGL187C
YEL053C	YPR051W
YFR014C	YNL227C
YDL105W	YPL146C
YAL021C	YDR252W
YHL001W	YKL009W
YIL075C	YMR216C
YGL158W	YGR024C
YDR299W	YKL049C
YGR136W	YPL038W
YML098W	YOR061W
YKL130C	YML056C
YBL039C	YBL105C
YER126C	YGL120C
YIL106W	YKL080W
YHL021C	YJR059W
YKL161C	YMR037C
YGR140W	YIL106W
YJL095W	YML080W
YGR252W	YKL062W
YNL330C	YPL139C
YBR127C	YER151C
YLR291C	YOR260W
YIL019W	YLR186W
YDL084W	YMR314W
YDR364C	YMR125W
YDL070W	YGR092W
YCL061C	YEL032W
YBL032W	YOR178C
YDR388W	YGR268C
YDR303C	YOR156C
YDR318W	YJR060W
YDR206W	YIL106W
YER125W	YLR134W
YKL065C	YMR215W
YFL023W	YKL168C
YAL043C	YJR093C
YDR343C	YOL100W
YKR081C	YPL198W
YFR002W	YLR018C
YJL010C	YPL126W
YDR510W	YKR008W
YLL039C	YOR035C
YBL032W	YJR094W-A
YDL188C	YMR314W
YDR217C	YFR028C
YDR093W	YMR054W
YJL111W	YMR028W
YBR119W	YLR449W
YJR070C	YOR351C
YGR020C	YMR054W
YDL191W	YHR013C
YML012W	YOR165W
YPL176C	YPR071W
YHR027C	YPR181C
YBL032W	YMR181C
YKR014C	YLR249W
YAL005C	YGR198W
YBL085W	YER032W
YIR010W	YOL100W
YJL095W	YOR231W
YBL032W	YEL046C
YKL125W	YLL039C
YDL085W	YOR076C
YER052C	YFR034C
YLR449W	YPL146C
YJL138C	YLR249W
YDL002C	YGL133W
YLR268W	YOR311C
YJR059W	YLL029W
YLR249W	YNL250W
YBL032W	YLL027W
YGL030W	YLR441C
YDR394W	YOR117W
YFR014C	YLL033W
YDR390C	YDR510W
YDL105W	YML023C
YER172C	YML049C
YDR101C	YKL068W
YBR183W	YML067C
YFR014C	YGL105W
YDR247W	YIL070C
YHR066W	YNL122C
YGR270W	YPR031W
YGL238W	YLL039C
YBL032W	YER151C
YDR299W	YIL019W
YBR143C	YOR176W
YAL005C	YNL124W
YJR042W	YOR176W
YML124C	YOL120C
YGR220C	YLR312W-A
YFR001W	YLL045C
YBL039C	YIL075C
YDR288W	YOR294W
YDR388W	YLL027W
YBR052C	YER020W
YGL137W	YNL250W
YJL124C	YNL032W
YGL233W	YOR357C
YEL051W	YLR429W
YDR086C	YPL189W
YCR073W-A	YDR122W
YHR016C	YNL084C
YBR200W	YLL049W
YBR044C	YHR042W
YHR165C	YNR011C
YBL079W	YDL207W
YDR280W	YDR381W
YJR082C	YOR244W
YGL151W	YOL135C
YIR010W	YPL018W
YER028C	YNL197C
YEL013W	YHR094C
YDR510W	YNR035C
YGL143C	YOR260W
YGL158W	YLR071C
YDR227W	YNL216W
YAL005C	YPR016C
YEL048C	YPL110C
YBR052C	YGL056C
YBR251W	YOR205C
YFL023W	YOR351C
YMR314W	YOL038W
YBR079C	YFR004W
YDR508C	YMR279C
YDL116W	YNL118C
YBR079C	YER025W
YLL039C	YPR183W
YJR123W	YNL301C
YDL015C	YML048W
YGL090W	YLR109W
YBL061C	YGL073W
YGL151W	YPL042C
YDL072C	YLL039C
YNL073W	YOL130W
YCR028C-A	YNR052C
YJR093C	YOR061W
YKR021W	YLL039C
YBR205W	YLR026C
YDL222C	YGL077C
YDL098C	YHR165C
YGL179C	YKR071C
YDR453C	YMR106C
YDR212W	YPL180W
YCR075C	YFR014C
YJL124C	YPL084W
YIR010W	YJL176C
YKL139W	YML112W
YBL032W	YKL190W
YKL049C	YOL145C
YJR059W	YKR041W
YIL061C	YOR159C
YLR009W	YNR053C
YLR323C	YNR011C
YIL105C	YOL038W
YGR135W	YHR027C
YGL207W	YOR244W
YFR004W	YJR065C
YHR066W	YOR294W
YGR020C	YJL151C
YCL059C	YNL132W
YDL195W	YIL109C
YDR368W	YHR027C
YNL151C	YPR110C
YCL011C	YKL139W
YLL039C	YOR354C
YBR126C	YIL177C
YBL032W	YPR022C
YDR382W	YER151C
YOL038W	YPR154W
YNL197C	YOL036W
YBR175W	YHR029C
YER050C	YOR061W
YAL062W	YLL039C
YFR004W	YNL007C
YAL035W	YGL030W
YDR005C	YNL151C
YDL045C	YGR077C
YDR293C	YLR286C
YBR260C	YGR196C
YDR195W	YPL008W
YBR052C	YML072C
YLL036C	YPR182W
YGL137W	YOL133W
YGR156W	YPL008W
YCL028W	YLL039C
YLR074C	YMR303C
YOR361C	YPL151C
YFR004W	YIL108W
YER145C	YOR273C
YKL088W	YOR061W
YBR084W	YBR143C
YLR147C	YMR125W
YMR001C	YNL172W
YBL032W	YOL155C
YGL103W	YPL198W
YIR010W	YMR146C
YAL002W	YKR014C
YLR249W	YPR173C
YGL161C	YLL039C
YCL061C	YLL039C
YGR295C	YOR079C
YAL035W	YJL190C
YER018C	YPR022C
YNL244C	YOR362C
YIR022W	YLL039C
YJR101W	YLR423C
YDR100W	YPL246C
YKR025W	YNL151C
YBL032W	YDL037C
YFR031C-A	YNL301C
YGR113W	YGR161C
YDR353W	YFR004W
YBR207W	YDL199C
YER151C	YJR094W-A
YLL039C	YPR154W
YDR116C	YJL041W
YHR027C	YKL080W
YDR383C	YLR315W
YGR278W	YMR213W
YBR088C	YPL140C
YBR296C	YGL105W
YIR010W	YKL204W
YDR046C	YJR010C-A
YDR295C	YLR131C
YBR059C	YOR061W
YDR216W	YOL133W
YBL032W	YOL043C
YGL116W	YPL203W
YBL032W	YJL158C
YHR124W	YIL156W
YBL032W	YML025C
YDL060W	YML063W
YFL023W	YOL100W
YCR071C	YMR193W
YGL064C	YGR220C
YDR293C	YJR059W
YJR145C	YPL131W
YIL144W	YKL049C
YDR510W	YGR252W
YDL147W	YLL039C
YJR065C	YMR109W
YDR439W	YFR028C
YFL021W	YIR010W
YOR244W	YPR152C
YHR154W	YKL152C
YMR227C	YPL011C
YLL039C	YOR061W
YJL187C	YOR023C
YDR212W	YIR010W
YDR212W	YPL049C
YAL062W	YAR071W
YBL064C	YFR014C
YHR115C	YNL116W
YDR381W	YIR008C
YGR143W	YLL039C
YBR093C	YDL106C
YFL010C	YML051W
YJL097W	YPR071W
YJR010C-A	YLR342W
YJL002C	YMR146C
YGR156W	YNL222W
YGR123C	YPR046W
YDR244W	YGL153W
YDL028C	YIR010W
YGR275W	YPR043W
YJR059W	YLR362W
YML001W	YOR106W
YBR052C	YIL070C
YLL039C	YNR035C
YLL039C	YLR256W
YDR378C	YLR147C
YDL006W	YFR014C
YAL005C	YDR303C
YLR436C	YMR304W
YJR142W	YPL141C
YDR169C	YGL179C
YDR505C	YLL039C
YGL161C	YGL198W
YOL127W	YPR067W
YDL060W	YNL098C
YGR128C	YPL012W
YDR365C	YGR159C
YDR247W	YFR010W
YFR004W	YLR270W
YLR367W	YNL132W
YBL032W	YKR045C
YBL032W	YPL115C
YDR490C	YJR059W
YFR004W	YPL106C
YDL116W	YKL068W
YFR052W	YMR089C
YGR207C	YNR058W
YEL046C	YOR117W
YDR087C	YGL030W
YGR253C	YPL144W
YAL035W	YIR010W
YBL026W	YDL175C
YEL060C	YPL140C
YBR260C	YFR004W
YGR158C	YLR398C
YBR200W	YOL078W
YDR510W	YGR140W
YGL179C	YPL139C
YAL032C	YER032W
YBR177C	YLR026C
YIL093C	YNR036C
YGL137W	YGR092W
YDR188W	YER151C
YGL077C	YMR010W
YCR030C	YER166W
YER179W	YIL105C
YLL039C	YMR027W
YLR263W	YPL194W
YLL039C	YML057W
YNL183C	YPR135W
YGL116W	YPL106C
YIL070C	YLR074C
YGL111W	YKR081C
YDL139C	YKL049C
YDR490C	YOR061W
YJL095W	YNL077W
YML098W	YML114C
YBR172C	YER068W
YHR094C	YNL197C
YLR258W	YOL090W
YHR027C	YNL244C
YEL051W	YLR028C
YJR059W	YMR291W
YGL120C	YLL036C
YCL036W	YDR388W
YFL049W	YPL016W
YBL032W	YNL116W
YBR055C	YDR378C
YEL012W	YMR291W
YJR059W	YLR301W
YHR039C	YMR272C
YDL048C	YMR186W
YBR059C	YOR257W
YGL233W	YPR055W
YJR145C	YOL127W
YKR025W	YPR187W
YGL116W	YKL022C
YHL001W	YIR010W
YJL159W	YLL039C
YDR091C	YLR432W
YBL032W	YNL250W
YGL158W	YJR105W
YBR059C	YDR188W
YBL032W	YDR077W
YLL039C	YLR441C
YAL041W	YJL187C
YMR213W	YMR288W
YBR031W	YKL009W
YKL139W	YMR041C
YGR173W	YOL061W
YGL030W	YOR117W
YBL032W	YPL156C
YBR055C	YNL154C
YDR074W	YHR027C
YBL032W	YOR002W
YDR150W	YLR084C
YDR207C	YMR042W
YGR092W	YLR007W
YGL078C	YLL039C
YBL032W	YJL097W
YMR109W	YOL100W
YJL177W	YML063W
YIL126W	YKR008W
YBR140C	YPL204W
YDL209C	YPL151C
YDR348C	YER125W
YPL014W	YPL256C
YEL063C	YMR264W
YFR004W	YOR369C
YHR168W	YPL106C
YBL016W	YLR003C
YJL095W	YOR017W
YDR073W	YHL025W
YJL190C	YOR361C
YER003C	YIR001C
YCR102C	YNL134C
YLL036C	YOR369C
YML043C	YNL197C
YBR175W	YNL197C
YGR048W	YOL013C
YER151C	YMR173W
YKL104C	YPL061W
YAL024C	YDL171C
YDR497C	YOR254C
YBR102C	YKL130C
YGL241W	YPR093C
YGL158W	YOR136W
YDL035C	YER020W
YDL199C	YIL144W
YFR014C	YLR307W
YJL061W	YJR042W
YGL103W	YOL149W
YBL032W	YBL047C
YHR029C	YPL138C
YDR145W	YPL011C
YGL018C	YPL063W
YBR142W	YPL198W
YER116C	YMR072W
YNL113W	YNL151C
YLL028W	YPL265W
YIR010W	YKR001C
YBR085W	YLL039C
YBL032W	YNL009W
YBL106C	YBR102C
YAL041W	YKL172W
YHR099W	YJL098W
YOL100W	YPL077C
YLL019C	YOR017W
YLL039C	YNL134C
YDR300C	YHR164C
YBL032W	YDL048C
YFR004W	YOR117W
YCR042C	YPL042C
YDL239C	YPL070W
YCL028W	YGR104C
YDR074W	YMR261C
YBR130C	YIL138C
YDL143W	YKL029C
YGL179C	YPR135W
YLL036C	YML056C
YDR091C	YLR441C
YLR429W	YMR240C
YBL032W	YGR161C
YBL016W	YBR083W
YKR086W	YNL175C
YJL011C	YPR110C
YJL052W	YML091C
YFR050C	YMR314W
YJR049C	YOR351C
YLR024C	YMR186W
YOR273C	YPL058C
YBL032W	YNL325C
YOR096W	YPL249C-A
YBR154C	YGR104C
YJL098W	YPL012W
YAL009W	YLR342W
YPL259C	YPR029C
YJR097W	YOL100W
YER151C	YLR367W
YJL061W	YLR423C
YDR188W	YLR441C
YDR195W	YGL153W
YER151C	YLR441C
YDR369C	YGL090W
YDR141C	YPL115C
YAL043C	YDR301W
YGR200C	YJL140W
YIL061C	YPR057W
YDR394W	YLR306W
YJL138C	YJR140C
YFR004W	YPR028W
YOL054W	YPR046W
YPL174C	YPL253C
YDL021W	YLL039C
YGL158W	YJR095W
YOL127W	YPL131W
YFL017W-A	YKL012W
YDR369C	YNL250W
YDR364C	YER172C
YER151C	YML024W
YBL026W	YCR077C
YDL088C	YDL116W
YLL010C	YLR019W
YJL176C	YNL216W
YDR510W	YPL020C
YER125W	YOR042W
YGR017W	YJL187C
YBL032W	YGL056C
YLR291C	YPL124W
YJR109C	YMR106C
YIL095W	YNL243W
YAR019C	YDL028C
YDL212W	YJR010C-A
YBL032W	YML083C
YMR047C	YPR181C
YMR314W	YOR380W
YAL021C	YGL014W
YCR073C	YGL134W
YDR146C	YGR104C
YDR318W	YOL054W
YDL143W	YOR281C
YCL028W	YDL005C
YLR055C	YPL047W
YDR183W	YJL014W
YLR381W	YPL233W
YMR288W	YOR159C
YER139C	YPL203W
YBL032W	YPR154W
YJL095W	YOR177C
YLL019C	YMR229C
YDR381W	YOR294W
YFR014C	YOR257W
YDL239C	YNR012W
YBL014C	YNL197C
YGR174C	YPR201W
YFR004W	YMR109W
YBR082C	YDL013W
YIL106W	YOL123W
YDL100C	YGL153W
YBL032W	YDL006W
YGL205W	YJL095W
YFR004W	YGL009C
YBR175W	YMR186W
YFL023W	YJR145C
YEL048C	YGR166W
YLL036C	YMR240C
YCL010C	YGL158W
YFR014C	YKR071C
YER020W	YLR413W
YGR104C	YLR071C
YMR080C	YNL112W
YGL030W	YIR010W
YAL029C	YLL039C
YCR042C	YML098W
YDR345C	YER151C
YBR125C	YDR071C
YBL022C	YBR084W
YDL106C	YDL191W
YBR069C	YKL065C
YFL054C	YFR014C
YHR044C	YIL061C
YER151C	YLL039C
YAR007C	YDR499W
YJR066W	YMR028W
YGR112W	YOR065W
YER039C	YOR297C
YGL155W	YKL019W
YGL212W	YML001W
YDR459C	YNL048W
YBL030C	YJR077C
YJL036W	YLR423C
YDR381W	YNL004W
YER151C	YPR043W
YOL038W	YOR362C
YNL197C	YPL135W
YBL037W	YJL084C
YGL030W	YHR066W
YAL068C	YBL032W
YER179W	YLR134W
YBL101C	YER125W
YGL092W	YMR153W
YDR388W	YGL016W
YDL082W	YJR123W
YDR330W	YGR048W
YAL023C	YLL039C
YKL181W	YOL061W
YDR293C	YNL118C
YLL039C	YOR171C
YDR054C	YOL133W
YFR004W	YLR109W
YDL053C	YDR207C
YIL019W	YMR093W
YBR127C	YIR010W
YBL106C	YLR206W
YLL039C	YLR389C
YLL039C	YLR024C
YKL129C	YOR035C
YMR288W	YPL151C
YGL173C	YKL198C
YBR175W	YDR469W
YLR291C	YNL265C
YGR142W	YMR021C
YBL032W	YOR098C
YGL048C	YKL049C
YDR156W	YPR110C
YBR143C	YDL058W
YBL015W	YOR023C
YGR129W	YJR050W
YGR178C	YNL124W
YBR087W	YHR191C
YER151C	YNL010W
YER103W	YJL061W
YDR299W	YNL154C
YER151C	YHR027C
YBR155W	YGR274C
YBL016W	YNL293W
YDR237W	YDR322W
YFR004W	YJL111W
YHL025W	YLR438W
YKL029C	YPR054W
YDR479C	YML125C
YDR180W	YIL026C
YBR142W	YPR152C
YER020W	YLR326W
YHR112C	YLL039C
YNL118C	YOR023C
YKL089W	YPL146C
YDR012W	YGL147C
YNL020C	YNL084C
YAL025C	YDR087C
YFR001W	YKL082C
YCR098C	YPL265W
YBL105C	YOR231W
YCL056C	YDL197C
YBR112C	YBR200W
YDL143W	YJR059W
YDR127W	YMR186W
YBL026W	YDR378C
YHR089C	YMR269W
YOR206W	YPL131W
YIL105C	YJL058C
YDL191W	YFR034C
YGR092W	YHL021C
YFR004W	YLL029W
YIL109C	YOL130W
YHR199C	YNL323W
YDR091C	YOR117W
YDR510W	YPR187W
YJR123W	YLL045C
YLR277C	YOR250C
YKL213C	YNR006W
YBR106W	YEL063C
YCR042C	YPL075W
YPL131W	YPL198W
YDR422C	YDR516C
YDR381W	YOL113W
YKL046C	YLL039C
YER069W	YFR004W
YLR362W	YNL113W
YAL051W	YOR363C
YML056C	YNL308C
YBR175W	YJR094W-A
YER166W	YNL323W
YBR143C	YMR080C
YDR510W	YGR061C
YKL215C	YPL199C
YER151C	YLR354C
YDR044W	YHR013C
YBL032W	YGR241C
YER056C-A	YFR034C
YBR205W	YGL212W
YCL011C	YOR204W
YNL175C	YPR102C
YDR394W	YGL137W
YDR388W	YMR093W
YDR510W	YGR056W
YNL154C	YPL138C
YNR007C	YOR244W
YIR010W	YML056C
YGL141W	YIL075C
YPR079W	YPR201W
YAL003W	YLR249W
YDL056W	YNL154C
YNL073W	YNL154C
YER151C	YIL053W
YER125W	YML098W
YDL220C	YDR082W
YOR340C	YPR187W
YHR028C	YLL039C
YIR010W	YNL075W
YKL080W	YPL091W
YGR223C	YPR054W
YKR079C	YNL154C
YHR171W	YLL042C
YGR092W	YPR091C
YOR361C	YPL237W
YBR251W	YNL242W
YGL212W	YPL195W
YJR019C	YPR106W
YFR004W	YPR163C
YJL187C	YLR055C
YDR523C	YOR252W
YIL061C	YML049C
YLR109W	YNL312W
YPL126W	YPR144C
YFL010C	YPR054W
YDR116C	YGR220C
YIR038C	YLL014W
YBR207W	YPR036W
YCR079W	YPL160W
YHR027C	YLR421C
YJR090C	YOL133W
YJR059W	YPR091C
YGL092W	YGL172W
YGR002C	YHR099W
YDR479C	YJL183W
YGL051W	YPL141C
YLL010C	YLL039C
YGR140W	YJL074C
YLR216C	YOR154W
YDR251W	YLL039C
YGR275W	YJL014W
YGR120C	YHL004W
YDR216W	YGR252W
YOL090W	YPL055C
YJL138C	YLR429W
YDR365C	YLR441C
YCL011C	YLL019C
YML118W	YPL203W
YOR191W	YPR154W
YHR104W	YOL045W
YJR123W	YNL132W
YGR200C	YLL039C
YER125W	YPL176C
YJR105W	YPL150W
YDR235W	YKL012W
YDL035C	YPL268W
YDR207C	YPL139C
YDL082W	YOR234C
YGL030W	YNL132W
YDL132W	YOR057W
YGL016W	YPR110C
YJL190C	YPL198W
YKL049C	YPL233W
YLL045C	YLR009W
YDR194C	YGL035C
YGL009C	YLL039C
YBR084W	YPL005W
YDL098C	YDR378C
YGL014W	YLR435W
YLR342W	YNL020C
YGR092W	YKR036C
YDL060W	YJL010C
YDR106W	YLR222C
YBR079C	YKL004W
YDL123W	YPR036W
YBL032W	YKL068W
YGL103W	YNL124W
YBL032W	YOR022C
YFR014C	YNL272C
YEL018W	YOR244W
YGR159C	YJL010C
YDR296W	YDR462W
YIR010W	YLR264W
YFR001W	YLR009W
YIR038C	YOR321W
YBR041W	YMR152W
YDR260C	YLR127C
YGL016W	YOR194C
YDR293C	YJL153C
YML049C	YMR288W
YLR429W	YNL073W
YDR163W	YPR101W
YGL253W	YLL039C
YBL032W	YNR036C
YCR073C	YGR142W
YDR293C	YGL173C
YBR107C	YOL091W
YHR027C	YJL138C
YLL048C	YMR106C
YDR365C	YJL033W
YBL025W	YDR247W
YGL056C	YPL265W
YBL032W	YDR039C
YDL035C	YNL229C
YHR165C	YMR240C
YAL021C	YKR036C
YGL179C	YPL117C
YFR051C	YGL051W
YNL244C	YPL237W
YEL053C	YOR032C
YNL265C	YPR173C
YER151C	YOR096W
YFR031C-A	YLL034C
YDL098C	YER172C
YFR004W	YMR272C
YDR388W	YNL037C
YGL126W	YPL161C
YDL126C	YLR167W
YJL157C	YPL256C
YBR130C	YIL144W
YPR057W	YPR182W
YBL056W	YDL060W
YFR001W	YLR449W
YDL222C	YLR219W
YKL156W	YLL039C
YBL017C	YGR167W
YBR106W	YHR094C
YEL058W	YLL039C
YGL198W	YPL095C
YEL018W	YNL197C
YIL061C	YNL199C
YEL051W	YGR037C
YCR086W	YLL029W
YDR381W	YGL173C
YBR172C	YKL049C
YMR213W	YPL151C
YGR200C	YKL049C
YBR106W	YHL048W
YBR112C	YPR068C
YNL077W	YPL150W
YBR041W	YBR177C
YLL039C	YOR270C
Q0120	YPL160W
YBL032W	YOR147W
YJL024C	YPL195W
YBL032W	YGR143W
YKL049C	YNL233W
YFR004W	YGR185C
YKL190W	YML057W
YDR116C	YDR322W
YDR523C	YOR177C
YHL001W	YPL220W
YJL155C	YLL039C
YER164W	YKR001C
YJR059W	YKL184W
YCR046C	YKL139W
YBL026W	YLL036C
YIL075C	YML124C
YOR117W	YOR340C
YER018C	YHR167W
YGL153W	YNL329C
YLR453C	YNL216W
YKR081C	YLL045C
YDR394W	YMR001C
YCR077C	YER068W
YGR113W	YJL036W
YDR457W	YLL039C
YDR347W	YIL093C
YIL139C	YPL167C
YAL035W	YLL045C
YDL065C	YDR265W
YBR154C	YJL140W
YHR167W	YNL253W
YDL065C	YLR071C
YBR207W	YER166W
YBR127C	YPL151C
YDR299W	YJL010C
YDR510W	YOR185C
YGR109C	YOL054W
YBR222C	YER125W
YDR510W	YMR269W
YDR212W	YFR004W
YML092C	YOR362C
YBR079C	YMR186W
YER164W	YOR319W
YPL151C	YPR152C
YDR357C	YLR423C
YDR398W	YFL045C
YIR022W	YML012W
YLL039C	YPL224C
YJR144W	YNL312W
YDR462W	YGR220C
YDL177C	YDR247W
YDR101C	YGL030W
YJR059W	YPL012W
YFR004W	YHL001W
YHR068W	YPL070W
YNL197C	YOR171C
YGR261C	YLR330W
YAL021C	YNR052C
YCR086W	YFR028C
YDR188W	YDR523C
YDL208W	YNL124W
YIL144W	YJR059W
YGR135W	YPL144W
YDR315C	YLR264W
YGL086W	YIL149C
YBL026W	YDR381W
YGL173C	YNL308C
YKR001C	YNL330C
YBL032W	YJR111C
YNL132W	YPL042C
YGL120C	YLR449W
YKR081C	YPL141C
YDL126C	YDR330W
YGL030W	YJL177W
YBL032W	YJL041W
YCL056C	YDL198C
YGR156W	YKL018W
YGL025C	YGR104C
YDL222C	YJL016W
YDR237W	YLR312W-A
YFR002W	YIL149C
YKR008W	YLL039C
YAL015C	YMR146C
YBR136W	YDL220C
YGL153W	YPR105C
TL(UAA)J	YBR123C
YDR054C	YMR199W
YKR081C	YOR206W
YGL103W	YLR342W
YJL087C	YPL141C
YPL070W	YPL088W
YGL137W	YMR224C
YJR062C	YKL085W
YDR070C	YJR059W
YBL032W	YBL097W
YGL211W	YNL119W
YBR196C	YOR270C
YBL039C	YDR394W
YDR510W	YOR191W
YGR105W	YOR270C
YAL032C	YNL243W
YOL127W	YOR096W
YIR010W	YLR024C
YLR148W	YML001W
YDR235W	YML049C
YBL032W	YJR091C
YDR382W	YOL100W
YIR010W	YNL330C
YKL012W	YML046W
YDR510W	YOR194C
YDL043C	YNR011C
YIL120W	YLL023C
YGR165W	YIL070C
YDR207C	YKL185W
YDR469W	YPL138C
YML092C	YOR157C
YJR145C	YLL039C
YNL031C	YPR052C
YPL160W	YPR110C
YDR510W	YJL128C
YBR108W	YGR092W
YGL241W	YOR098C
YDR238C	YER151C
YJL039C	YPL169C
YHR016C	YPL038W
YDL013W	YGR140W
YAL053W	YKL051W
YBL032W	YNL314W
YGR126W	YNL154C
YOR244W	YOR281C
YER139C	YPR187W
YJL089W	YKL139W
YGL198W	YKR014C
YFR010W	YFR052W
YDR381W	YGR270W
YER171W	YHR027C
YKL190W	YOR315W
YDR383C	YML051W
YGL014W	YJR010C-A
YAR033W	YIL109C
YGL207W	YOR123C
YGL150C	YOR355W
YDR324C	YJL010C
YBL085W	YPL055C
YJR045C	YKL049C
YDL143W	YJL111W
YCL059C	YDR457W
YDL082W	YPL249C-A
YDR006C	YOR117W
YDR296W	YNL185C
YHR167W	YLL045C
YBR207W	YLL048C
YMR273C	YPL115C
YBR130C	YGR274C
YBL032W	YDR073W
YPL038W	YPR154W
YBR031W	YLR441C
YBR017C	YFR004W
YEL036C	YPL094C
YFR031C	YJL074C
YDL214C	YKL080W
YBL032W	YDR403W
YML054C	YNR017W
YBL032W	YLR206W
YNL197C	YNL321W
YGL077C	YGL108C
YDR224C	YJR145C
YGR003W	YOL133W
YDR252W	YPR072W
YLL039C	YLR270W
YDL078C	YKR025W
YAL043C	YBL101C
YBL032W	YDR156W
YGL179C	YJR154W
YJL013C	YNL172W
YGR129W	YKR086W
YLL039C	YOR089C
YLR304C	YMR072W
YDL208W	YJL010C
YJL074C	YKL049C
YJL080C	YKL049C
YKL088W	YMR272C
YKL009W	YNL301C
YKR055W	YPL161C
YDR227W	YLR278C
YBR091C	YOR297C
YBL032W	YKL109W
YDL065C	YPL204W
YHL001W	YNL124W
YGL209W	YJL187C
YDR043C	YHL027W
YDL207W	YPL169C
YKL178C	YPL204W
YLL039C	YOR173W
YBL032W	YDR091C
YDL239C	YHR184W
YDR388W	YOR284W
YGL112C	YPL248C
YBR298C	YMR264W
YDR388W	YMR162C
YAL024C	YDR516C
YER019W	YNL197C
YNL112W	YOR206W
YDR365C	YGL123W
YEL063C	YNL125C
YIL061C	YMR125W
YHR027C	YJR077C
YER025W	YNL312W
YOR089C	YOR370C
YGR275W	YLR357W
YLR359W	YOR361C
YBL032W	YNL321W
YCR086W	YGR126W
YDR054C	YLL039C
YGL137W	YNL037C
YJR017C	YLR438W
YGR261C	YLR423C
YJL039C	YLR018C
YHR129C	YPL174C
YFR028C	YLR079W
YDL147W	YGL141W
YDL153C	YOL113W
YDL090C	YKL019W
YER172C	YPL105C
YDR074W	YNL154C
YOR117W	YOR244W
YMR314W	YPL144W
YDR510W	YPL075W
YBR298C	YDL212W
YPL162C	YPR079W
YDR246W	YEL048C
YMR216C	YNL277W
YGL242C	YKR099W
YML001W	YOR070C
YJR082C	YOL061W
YHR027C	YOR270C
YNL131W	YPL204W
YLR211C	YLR446W
YEL018W	YHR099W
YGR158C	YOL021C
YDR510W	YJL176C
YGL120C	YNL112W
YIL009C-A	YML092C
YBR088C	YGL087C
YBL045C	YNR017W
YDR087C	YHL032C
YGL137W	YPL246C
YDR347W	YNL137C
YJL095W	YML083C
YER172C	YGR075C
YBL026W	YLR264W
YNL293W	YOR089C
YBL032W	YLR228C
YDL190C	YLL039C
YHR042W	YLL039C
YBL032W	YMR304W
YKL139W	YNL004W
YBR106W	YPL094C
YDL082W	YPL220W
YBL032W	YLR127C
YAL015C	YML105C
YBL032W	YMR090W
YBR031W	YJL190C
YBR127C	YPR036W
YCL033C	YOL082W
YER050C	YLR432W
YEL036C	YLR026C
YKL049C	YNL118C
YFR028C	YPL055C
YDR324C	YNR054C
YGR252W	YKR008W
YMR079W	YOR117W
YGL158W	YJR115W
YIR022W	YJR010C-A
YBL032W	YDR103W
YBL032W	YKL088W
YHR012W	YJL187C
YER140W	YOR154W
YLR197W	YPL126W
YER125W	YLR392C
YGL137W	YNL181W
YDL175C	YMR303C
YER154W	YGL137W
YGL244W	YLR249W
YBR155W	YLL026W
YGR156W	YLR277C
YDL204W	YNL154C
YAR007C	YIL126W
YER105C	YMR153W
YAL005C	YLL039C
YJL036W	YOR057W
YBR059C	YGL207W
YKL009W	YNR053C
YAL005C	YGR173W
YGL123W	YOR117W
YFR001W	YPL204W
YLL039C	YNL132W
YGR048W	YHR124W
YER166W	YGR241C
YBL032W	YLL051C
YDL043C	YHR165C
YHR133C	YNL279W
YGR077C	YNL214W
YER105C	YOR098C
YIR010W	YPL143W
YAR023C	YHL048W
YER069W	YLR147C
YDL209C	YGL174W
YDL084W	YMR228W
YDR510W	YMR233W
YDL111C	YNL197C
YLR287C-A	YLR441C
YGR005C	YGR104C
YDR142C	YDR188W
YJR066W	YML052W
YJR145C	YOR096W
YHR027C	YOR340C
YAL023C	YOL013C
YBL030C	YHR027C
YFR004W	YPL111W
YKR068C	YLR328W
YGL011C	YML092C
YDL070W	YGL179C
YBR069C	YML048W
YDL173W	YNL183C
YGR215W	YJR101W
YDL065C	YDR244W
YML024W	YNL124W
YCR028C-A	YPR072W
YDR388W	YLR436C
YDR381W	YOR270C
YDR388W	YNL243W
YKL101W	YPR072W
YCL011C	YIR010W
YBR031W	YOL061W
YDR002W	YFR004W
YDR318W	YLR315W
YBL032W	YKR091W
YDR497C	YPL058C
YDR087C	YGR207C
YFL009W	YKL159C
YDR510W	YPR183W
YDR101C	YLR449W
YLL006W	YOL009C
YDR092W	YHR115C
YDR490C	YHR205W
YLL039C	YPL195W
YDR399W	YLL039C
YAR018C	YDR216W
YJL187C	YKR079C
YER151C	YNL113W
YDR100W	YLL048C
YBR139W	YER062C
YMR054W	YOL018C
YLR325C	YOL127W
YBL032W	YDL197C
YDL043C	YER113C
YDR012W	YLL045C
YLR186W	YLR438W
YER172C	YKR086W
YGL103W	YML072C
YDL123W	YHR094C
YDL195W	YDR188W
YGR252W	YOR023C
YER151C	YGL207W
YFR031C-A	YLR432W
YGR274C	YHR023W
YJL140W	YOL120C
YLL039C	YMR303C
YLR291C	YNL229C
YBR131W	YOR106W
YDR142C	YIL160C
YBR258C	YKL018W
YLR072W	YNL031C
YBL075C	YLR362W
YJL098W	YOR244W
YEL036C	YLR268W
YLL021W	YOR231W
YGL112C	YOL072W
YBR200W	YDR103W
YCL027W	YPL038W
YFR002W	YKL068W
YBR154C	YER125W
YAL025C	YDR510W
YER105C	YLR018C
YFR004W	YML028W
YDR510W	YLR263W
YDL143W	YER151C
YKL049C	YPL126W
YER151C	YJL138C
YBL050W	YOR351C
YHR019C	YNL244C
YBR251W	YNL137C
YCR081W	YLR071C
YDR138W	YER125W
YDR122W	YIR004W
YBR273C	YKL213C
YGL187C	YGR033C
YHL004W	YKR085C
YFR004W	YPR036W
YLR291C	YOR095C
YDR087C	YPL170W
YDR142C	YGL153W
YGL011C	YOL146W
YBL032W	YOR260W
YBL016W	YDR171W
YOL123W	YPL140C
YGL179C	YHR028C
YAL024C	YFR028C
YHR068W	YJR047C
YKL079W	YPL203W
YNR011C	YOR159C
YDR381W	YGL237C
YLR129W	YLR197W
YGR092W	YMR229C
YDL020C	YDR394W
YPL203W	YPR187W
YOR145C	YPL263C
YGL161C	YOR357C
YBR127C	YPR116W
YDL072C	YKL065C
YGR043C	YLR354C
YLR074C	YLR397C
YGL112C	YMR005W
YBL101C	YJL203W
YDR388W	YPR093C
YOL018C	YOR327C
YNR054C	YOR096W
YER125W	YJR059W
YIL126W	YJL074C
YFR004W	YLR351C
YAL005C	YLR200W
YGL120C	YMR143W
YDR194C	YIR010W
YJL124C	YPL016W
YDR138W	YKL139W
YKL009W	YLR074C
YLR147C	YPR182W
YPL106C	YPR093C
YBR279W	YOR061W
YDL045W-A	YIL070C
YBL032W	YMR174C
YDL180W	YLR452C
YIL070C	YJL095W
YFL021W	YKL161C
YCR077C	YMR288W
YDR296W	YML025C
YML001W	YOL100W
YBL095W	YJL187C
YCR028C-A	YPL058C
YDR381W	YPL195W
YER025W	YOR117W
YAL029C	YKL185W
YHR165C	YLL039C
YGR120C	YLL039C
YFR001W	YGL147C
YMR117C	YPR083W
YBR183W	YHL048W
YFR004W	YNL108C
YDR382W	YPL220W
YLR429W	YNL244C
YDR155C	YOR319W
YDR071C	YDR247W
YFR027W	YMR078C
YBR247C	YPR144C
YHR016C	YKL109W
YJL095W	YPR152C
YDL127W	YDR388W
YMR173W	YOL109W
YLR423C	YPR049C
YBL032W	YJL094C
YLR354C	YOR117W
YDL220C	YNL154C
YLL039C	YLL048C
YLL028W	YLR056W
YBL032W	YLR268W
YEL009C	YER022W
YDR036C	YLR397C
YJL014W	YKR036C
YAL027W	YNL106C
YBR156C	YDR510W
YIL075C	YLR421C
YJR059W	YNL293W
YLL036C	YPR152C
YBR183W	YML048W
YDL143W	YGL116W
YDR012W	YMR080C
YBR191W	YER151C
YAL005C	YOR048C
YER139C	YOR231W
YPR049C	YPR110C
YDR510W	YOR295W
YNL078W	YOL070C
YJR059W	YMR068W
YJR059W	YNL125C
YGR063C	YGR116W
YGL120C	YML074C
YER018C	YPR046W
YGR092W	YKL168C
YDL147W	YGL004C
YBL032W	YLR467W
YLR227C	YOL091W
YKR081C	YPL131W
YOL120C	YPL143W
YGL086W	YMR153W
YPL029W	YPL194W
YKR085C	YMR193W
YJL187C	YNR046W
YJR014W	YLR441C
YDR381W	YKL004W
YDR012W	YEL034W
YGR253C	YML092C
YGL120C	YKL172W
YBL032W	YGL151W
YAL059W	YLR009W
YDL147W	YJL080C
YBR202W	YIL046W
YGL158W	YMR239C
YDR428C	YLR291C
YBR055C	YBR126C
YBL032W	YLR144C
YFR014C	YML030W
YFR034C	YMR131C
YJL033W	YOR294W
YGL112C	YOR257W
YDR057W	YLL039C
YGR128C	YLR197W
YBL030C	YNR017W
YIR010W	YKR025W
YER139C	YKR081C
YFR004W	YLR243W
YDR428C	YLL036C
YFL016C	YIL061C
YJR093C	YML028W
YGL147C	YHR027C
YKL049C	YNL212W
YLR268W	YPL094C
YBL032W	YHL028W
YFL009W	YPL256C
YCL028W	YER151C
YDL223C	YJR059W
YFR028C	YJR033C
YAL021C	YOR057W
YBR055C	YHR165C
YMR215W	YNL197C
YKL166C	YPL166W
YGL111W	YHR066W
YBL032W	YHL004W
YGR261C	YOR284W
YGR128C	YGR185C
YDR093W	YNL323W
YMR291W	YPL141C
YNL076W	YOR061W
YBL026W	YNL147W
YDL028C	YLR016C
YML110C	YNL154C
YFR016C	YLL021W
YDL028C	YKL042W
YDR145W	YHR099W
YFL049W	YGR275W
YBL032W	YPL158C
YAL035W	YER151C
YNL244C	YPL160W
YGR005C	YPR052C
YAL011W	YBR135W
YBL105C	YBR166C
YER151C	YGR186W
YDL060W	YPL042C
YMR005W	YMR019W
YFR031C-A	YOR048C
YFR004W	YGL026C
YLL039C	YML106W
YJR145C	YLR186W
YNL027W	YPR106W
YBR221C	YKL049C
YLR147C	YMR213W
YEL002C	YKL065C
YGR156W	YNL317W
YDR244W	YOL044W
YLR367W	YPL249C-A
YBR079C	YOL087C
YCL018W	YJL074C
YDL236W	YLR420W
YAL032C	YPL151C
YBL032W	YGR056W
YNL301C	YOR206W
YGR161C	YLL039C
YGR167W	YOL100W
YGR020C	YPR036W
YCL027W	YOR017W
YGL207W	YOR061W
YBL032W	YNL269W
YBR142W	YHR066W
YBL032W	YJR159W
YLR370C	YMR109W
YGL016W	YKL058W
YOL072W	YOR257W
YEL051W	YGR120C
YDL070W	YJL187C
YBL032W	YDL056W
YCR042C	YGL112C
YKR081C	YOL144W
YNR053C	YPL198W
YNL197C	YPR083W
YGL137W	YJL151C
YMR036C	YNL197C
YBR154C	YPR086W
YLR083C	YPL162C
YFR004W	YPR110C
YDR293C	YKR028W
YER129W	YKL042W
YLR072W	YOR141C
YBR272C	YOR117W
YDL028C	YOR257W
YBL106C	YLR423C
YBL016W	YLR342W
YJL187C	YOR101W
YFR004W	YLL026W
YBR200W	YMR183C
YDL126C	YKL213C
YMR140W	YOR351C
YLR264W	YOL149W
YBR031W	YJR145C
YJL190C	YNL124W
YER018C	YHR184W
YDR169C	YER090W
YOR244W	YPL106C
YDR380W	YIL027C
YGL120C	YMR229C
YJL190C	YOR204W
YIL159W	YOR122C
YCL011C	YJR123W
YLL036C	YOR159C
YGL061C	YGR113W
YLR148W	YOL018C
YBR035C	YFR004W
YDL198C	YDR092W
YKR034W	YPL018W
YGL003C	YKL022C
YHR027C	YJR109C
YDR224C	YGL207W
YNL117W	YOL045W
YGL077C	YLR219W
YOL145C	YOR061W
YDR284C	YLR083C
YDL153C	YJR119C
YEL017C-A	YPR079W
YBL032W	YDL013W
YDR365C	YHR089C
YGL103W	YIR010W
YJL187C	YNL277W
YBL032W	YPL198W
YJL061W	YOR098C
YBR018C	YMR106C
YAL005C	YOR136W
YFR001W	YPL198W
YLR249W	YPR180W
YJL041W	YMR047C
YBR136W	YKL085W
YDR381W	YLR249W
YLL039C	YMR243C
YHR128W	YNL197C
YLR043C	YML028W
YKL065C	YLL028W
YBR191W	YJL177W
YLR222C	YNL075W
YBL032W	YJL078C
YMR047C	YOR289W
YMR093W	YPL012W
YOR061W	YOR123C
YJR060W	YKL089W
YGL207W	YKR008W
YDR169C	YPL203W
YBR207W	YEL013W
YBR191W	YGL123W
YBR031W	YHR027C
YER125W	YOL122C
YLL039C	YPL226W
YJR017C	YNL330C
YDR299W	YNR054C
YFL024C	YGR002C
YBL032W	YOR040W
YHR111W	YPL070W
YMR215W	YOL113W
YJR059W	YLR258W
YER010C	YJR059W
YGL201C	YLR103C
YJL176C	YPR052C
YAL012W	YBR055C
YLR381W	YPR046W
YFR028C	YMR078C
YHR029C	YNL317W
YIR010W	YMR093W
YBL025W	YFR028C
YCR028C-A	YGL207W
YGR056W	YMR224C
YER125W	YIR033W
YIL041W	YOL018C
YDR510W	YLR028C
YHR027C	YMR079W
YDR227W	YER105C
YGR041W	YLR084C
YBR108W	YPR154W
YFL009W	YKL185W
YBL009W	YOR017W
YBR154C	YPR110C
YGR196C	YOR231W
YJR059W	YKR021W
YGR252W	YMR205C
YBL039C	YLL039C
YFL016C	YJR045C
YDR329C	YGL153W
YDR510W	YLL019C
YER095W	YPL121C
YGL030W	YNL175C
YBR031W	YGL030W
YDL207W	YPL020C
YMR160W	YMR304W
YDR087C	YLL039C
YKL049C	YLL026W
YCR086W	YJL095W
YJL014W	YJL176C
YEL063C	YOR161C
YKL101W	YOL125W
YDR446W	YJL036W
YBL032W	YBR084W
YKL180W	YNR053C
YDR299W	YPR144C
YJR145C	YMR229C
YDR324C	YPL160W
YBL032W	YGL084C
YBL055C	YBR059C
YBR298C	YGL051W
YAL062W	YPL160W
YDR388W	YIL106W
YBR202W	YLL039C
YGL130W	YGL207W
YDR224C	YOR244W
YBL103C	YOL067C
YDR394W	YFR052W
YER164W	YGL244W
YAL021C	YNL216W
YIR010W	YPL016W
YNL154C	YNL272C
YGL137W	YPR108W
YBR001C	YHR102W
YHR164C	YMR224C
YDR390C	YGR048W
YER022W	YLR071C
YGR072W	YLL039C
YBR200W	YGR152C
YDL060W	YOR204W
YKL085W	YLR074C
YPL131W	YPR016C
YBR142W	YDL168W
YAL029C	YLR249W
YFR004W	YOR374W
YFR004W	YKL152C
YKL042W	YNL078W
YBR247C	YLR264W
YEL062W	YOR138C
YPL210C	YPR088C
YJL203W	YMR285C
YLR144C	YLR429W
YFR004W	YNL010W
YJL124C	YOL149W
YDL007W	YGL048C
YDL100C	YLR268W
YGR135W	YIL105C
YLR197W	YNL124W
YGL025C	YOL130W
YBR247C	YLR197W
YHR027C	YHR174W
YER038C	YML023C
YBL032W	YLR425W
YBR154C	YGL207W
YCR087C-A	YIR010W
YBL037W	YNL197C
YIL109C	YLR245C
YLL039C	YOR322C
YFR015C	YPL219W
YGL161C	YGL212W
YKL058W	YMR005W
YDR171W	YOL083W
YIL153W	YNL314W
YIL042C	YJL098W
YEL051W	YKL080W
YHR023W	YMR015C
YBR247C	YKL159C
YJR065C	YLR203C
YGL120C	YLR197W
YDR260C	YML072C
YHL048W	YJL002C
YDL168W	YMR229C
YBR106W	YHR133C
YOR096W	YPL198W
YBR107C	YOL054W
YLR147C	YMR240C
YAL005C	YOR227W
YHL025W	YIR010W
YLR009W	YLR074C
YDL132W	YIL046W
YDR207C	YDR381W
YBR155W	YMR216C
YBR187W	YGL137W
YFR004W	YML092C
YDR301W	YMR061W
YKR046C	YLL039C
YML001W	YOR370C
YBL016W	YNL186W
YDL082W	YOL127W
YBR106W	YHR027C
YBR112C	YDL005C
YFR028C	YKL108W
YDR297W	YML048W
YCL008C	YHR016C
YGL179C	YJL084C
YBR273C	YDL126C
YDR324C	YDR365C
YLL039C	YOL013C
YKL166C	YOR068C
YCR081W	YER022W
YBR155W	YEL030W
YDL077C	YOR106W
YJR154W	YOR351C
YMR216C	YOL021C
YBR126C	YGR092W
YGL179C	YKR079C
YDL200C	YHR033W
YDL022W	YDR510W
YJL039C	YKL152C
YFR004W	YMR315W
YIR010W	YOR204W
YBL032W	YPR015C
YJL157C	YJR086W
YGR135W	YLL039C
YEL034W	YPL204W
YBR059C	YDR229W
YOR327C	YPL270W
YBR041W	YJL052W
YGL120C	YPL151C
YAR019C	YGR173W
YLL036C	YPL151C
YDL100C	YOL044W
YDR510W	YMR215W
YMR093W	YOR145C
YLL036C	YLR323C
YBL047C	YIL095W
YDR091C	YHR195W
YDR127W	YGL048C
YJR092W	YLL039C
YDR224C	YNL157W
YHR069C	YOL021C
YDL085W	YLR371W
YDL134C	YML109W
YBL047C	YFR031C-A
YDR510W	YML074C
YLL039C	YNL321W
YKL049C	YOR362C
YNL118C	YOL151W
YML088W	YOL133W
YEL013W	YPL180W
YEL002C	YLL028W
YER172C	YJR050W
YKL009W	YOL120C
YKL180W	YML024W
YML008C	YOR117W
YDR116C	YNL185C
YFR004W	YJR123W
YJL014W	YJR090C
YDR513W	YLL039C
YKL166C	YLR043C
YBL030C	YBR017C
YBR251W	YDR036C
YHR027C	YML092C
YDR247W	YGR200C
YER151C	YJL177W
YDR298C	YFR028C
YDR301W	YDR381W
YML098W	YPR072W
YAR062W	YBL032W
YML072C	YPL265W
YGL172W	YNL147W
YOR254C	YOR324C
YAL056W	YPL203W
YKL062W	YNL136W
YBL032W	YMR273C
YDL213C	YMR229C
YER050C	YIL093C
YNL132W	YPL012W
YKR029C	YMR273C
YEL034W	YHR027C
YBL032W	YKL204W
YDR475C	YOR289W
YCR030C	YPR152C
YCL059C	YOR096W
YDR145W	YML114C
YLL039C	YNR007C
YGR113W	YLR423C
YDR469W	YKL018W
YHL004W	YLR423C
YBL017C	YOL018C
YLR291C	YPL069C
YDL090C	YKL152C
YDR169C	YLR249W
YBR055C	YNL147W
YBR143C	YLR371W
YDR143C	YMR310C
YAL035W	YGL158W
YDL100C	YOL111C
YIR038C	YJL151C
YNL031C	YOR061W
YIL156W	YLR014C
YKL152C	YML028W
YHR089C	YOR340C
YDR092W	YNL116W
YDL207W	YJL041W
YDR334W	YDR510W
YJL163C	YLL061W
YBL016W	YNL227C
YJL052W	YLL036C
YBR298C	YKL065C
YEL032W	YGL201C
YLL039C	YOL018C
YGL025C	YPR052C
YDL028C	YOL091W
YOL006C	YOR009W
YML012W	YMR015C
YMR146C	YOL061W
YIL070C	YPL150W
YCR014C	YDR394W
YIR038C	YJR073C
YGR033C	YNL131W
YEL032W	YPR135W
YDR247W	YOR177C
YBL032W	YGR156W
YLL026W	YLR249W
YDL043C	YMR304W
YDR299W	YPR152C
YER126C	YKL009W
YDL147W	YHR027C
YCR028C-A	YGL077C
YGL050W	YJR031C
YGL172W	YJR042W
YJL124C	YLL036C
YMR118C	YPL134C
YGR275W	YKL101W
YKL009W	YPR016C
YCR042C	YML114C
YBR094W	YOR061W
YJR145C	YML056C
YDR324C	YLR197W
YFR039C	YNL006W
YFL038C	YKR068C
YLR277C	YLR429W
YLR265C	YOR244W
YDL222C	YGR065C
YBR214W	YLR079W
YDR365C	YML105C
YGR186W	YPR152C
YGR129W	YPR101W
YDL098C	YLR147C
YFR028C	YHR128W
YBR251W	YNR037C
YLR102C	YMR001C
YFR001W	YKL009W
YDL220C	YGR092W
YBR127C	YKL080W
YKL172W	YPL012W
YFR014C	YLR274W
YNL031C	YPR031W
YBR142W	YLR009W
YDR171W	YJR148W
YER145C	YOR357C
YAR007C	YNL124W
YJL187C	YPR024W
YCL010C	YDR145W
YDR227W	YIL075C
YJL041W	YMR153W
YGR260W	YKL008C
YER125W	YKL150W
YFR004W	YOR061W
YLR449W	YNL031C
YOL054W	YOR178C
YER025W	YOR360C
YHR073W	YOR294W
YBR247C	YPL204W
YCL010C	YLR055C
YIL094C	YJR123W
YBL091C-A	YOL113W
YDL239C	YKR034W
YBL017C	YJR066W
YBR084W	YGL207W
YNL172W	YOR163W
YCR028C-A	YIL109C
YBR119W	YLR147C
YDR297W	YEL002C
YDR101C	YHR085W
YHR104W	YNL154C
YCR086W	YIL152W
YAL032C	YLL036C
YCL038C	YLL039C
YCL056C	YNL131W
YDR388W	YNL206C
YDR145W	YIR010W
YDR251W	YJL095W
YDL222C	YML072C
YGR082W	YLR168C
YEL051W	YLR291C
YDL028C	YPL233W
YBL032W	YNL329C
YBL052C	YOR064C
YCL014W	YLR058C
YBR059C	YMR222C
YGR215W	YNR037C
YBR191W	YLR441C
YER145C	YLR413W
YLR233C	YOR319W
YDR216W	YPR110C
YJR049C	YJR059W
YBR017C	YMR047C
YDR188W	YGL116W
YGL120C	YKL082C
YDL132W	YFL009W
YFR031C-A	YJR123W
YNL027W	YNL154C
YLR026C	YPR105C
YCR077C	YNL147W
YGL071W	YGR211W
YDR353W	YNL244C
YDR145W	YPR086W
YDR293C	YOR204W
YDR036C	YIL093C
YJL041W	YPL169C
YPR093C	YPR187W
YAR007C	YJR144W
YHR089C	YOR204W
YCR076C	YGL137W
YDL153C	YIL019W
YPL111W	YPL160W
YDL006W	YOL113W
YFR052W	YPR108W
YCL027W	YIL159W
YGR057C	YIL109C
YEL051W	YPR036W
YBL017C	YLL039C
YAL024C	YGR254W
YEL017C-A	YNL308C
YDR510W	YLR335W
YGL105W	YNL119W
YKR081C	YPR045C
YJL112W	YKL068W
YHR099W	YKL109W
YGL179C	YGR038W
YMR210W	YOL113W
YBL102W	YBR164C
YBL032W	YIL177C
YGR082W	YMR299C
YGR065C	YML072C
YDL207W	YHR174W
YDR365C	YER127W
YDR188W	YGL083W
YBR223C	YDR510W
YER151C	YKL172W
YMR240C	YPR182W
YDR086C	YPR071W
YER151C	YFR051C
YBR196C	YHR027C
YER151C	YPR102C
YFR001W	YIR010W
YBR083W	YFL009W
YKR029C	YPR152C
YEL036C	YJL183W
YDR296W	YDR405W
YGL150C	YNL031C
YDR510W	YPR180W
YDR469W	YDR510W
YGR002C	YNL136W
YER151C	YJL190C
YMR186W	YOL013C
YDL051W	YML105C
YDR054C	YLR079W
YLL039C	YLR059C
YGL237C	YLR114C
YJR123W	YNL302C
YKR097W	YLL039C
YER025W	YLR291C
YMR125W	YMR240C
YBL026W	YGR077C
YHR027C	YML057W
YDL224C	YNL197C
YDR012W	YML063W
YBL032W	YKR013W
YEL013W	YHR195W
YBL105C	YBR059C
YBL032W	YPR183W
YDL002C	YER092W
YDR118W	YLR401C
YAR003W	YLL039C
YDL060W	YDL213C
YLL039C	YPL134C
YIL152W	YLR423C
YGR092W	YPL150W
YAL005C	YMR186W
YDL153C	YKL035W
YJL095W	YMR304W
YDR357C	YPR182W
YDR248C	YDR304C
YML025C	YMR193W
YMR303C	YPR110C
YJL010C	YPR112C
YER151C	YMR186W
YDR510W	YGR246C
YBR247C	YDR324C
YDL213C	YNL186W
YDR101C	YPR016C
YBL032W	YFR051C
YAR007C	YGR270W
YFR004W	YNL183C
YDR145W	YER164W
YDL153C	YMR117C
YJL098W	YMR005W
YFL034W	YOR351C
YHR066W	YKL082C
YAL002W	YOR089C
YBL032W	YGL036W
YDR284C	YPR071W
YHR027C	YLR432W
YDL153C	YIR010W
YEL051W	YGR020C
YDR100W	YPR079W
YFL044C	YKL213C
YFL017W-A	YPR057W
YIL108W	YLL039C
YFR014C	YJL189W
YDR163W	YNR011C
YMR304W	YOR244W
YER151C	YKL009W
YGL133W	YIR010W
YHR027C	YML070W
YLL026W	YLR216C
YGR159C	YJL187C
YDL199C	YLL039C
YFR028C	YGL086W
YJR065C	YLL039C
YDR231C	YNL197C
YKL101W	YKL152C
YHL001W	YMR052W
YDR044W	YDR077W
YIL106W	YKL101W
YGL030W	YKL029C
YGR270W	YOR204W
YBR156C	YFR028C
YHL035C	YLR115W
YBL102W	YHR027C
YBL032W	YHL027W
YAR018C	YDL214C
YLR291C	YPR105C
YIL109C	YLR268W
YHR104W	YLL039C
YIL019W	YJR123W
YCR077C	YER018C
YBL032W	YDR068W
YNL197C	YNL305C
YBR272C	YDR394W
YPR101W	YPR152C
YDR212W	YGL137W
YLR043C	YOR106W
YDR451C	YNL197C
YGL158W	YOR362C
YDL141W	YGL105W
YDR510W	YGL130W
YDL100C	YHL004W
YLL039C	YOL119C
YDL209C	YPR101W
YBR106W	YDL093W
YMR106C	YMR224C
YBL097W	YGR135W
YAL021C	YBR172C
YDL188C	YDR523C
YJR145C	YPL012W
YDL239C	YLR072W
YCL051W	YDR293C
YHL004W	YNL137C
YDL188C	YGL011C
YOL082W	YOL100W
YEL009C	YOR298C-A
YAL005C	YMR261C
YBR247C	YMR229C
YGL053W	YPR174C
YER151C	YPL249C-A
YFR028C	YNL250W
YJL190C	YPL146C
YGR223C	YPL028W
YDR430C	YGR193C
YDR155C	YOL068C
YFR014C	YOR123C
YFR028C	YLR131C
YDR315C	YLR323C
YDR195W	YGR156W
YML012W	YMR123W
YOR112W	YOR270C
YDR138W	YLR432W
YDR318W	YDR510W
YEL017C-A	YOL018C
YDR118W	YLR102C
YDR229W	YDR388W
YAL032C	YMR125W
YJL011C	YPR187W
YDL043C	YMR117C
YBL105C	YLR234W
YER151C	YLL045C
YGL016W	YGR180C
YBR200W	YOR106W
YGL053W	YPL020C
YNL082W	YOL090W
YNL073W	YPL106C
YBL032W	YLR278C
YFR052W	YGR135W
YMR117C	YOR206W
YJL112W	YKR036C
YML106W	YOR117W
YLL039C	YLR028C
YBL032W	YOL019W
YDR076W	YHR033W
YDR086C	YPL094C
YGL087C	YMR140W
YLL039C	YMR081C
YLL026W	YLL039C
YCL045C	YML051W
YDL015C	YJL002C
YHR204W	YNL312W
YBR119W	YIL061C
YGL016W	YOR185C
YGL153W	YKL197C
YBR231C	YJL187C
YGL173C	YLR398C
YAL041W	YNL118C
YFL010C	YLR291C
YFL017W-A	YJL203W
YER125W	YLR079W
YDR304C	YER050C
YGL105W	YMR216C
YOL107W	YPL141C
YKR001C	YLR357W
YBL032W	YDR303C
YGL233W	YNR049C
YDR206W	YOL149W
YLL039C	YLR258W
YAL041W	YLL039C
YJL098W	YOR204W
YGL158W	YJR119C
YBL026W	YPL249C-A
YAL035W	YFR031C-A
YDL132W	YFR028C
YKL101W	YPL203W
YGL210W	YOR070C
YIL075C	YOR117W
YBR135W	YMR199W
YBL016W	YLR362W
YIL094C	YMR106C
YMR047C	YPL012W
YHR046C	YLL039C
YDR502C	YHR027C
YDL132W	YER007W
YBL039C	YIL094C
YDL188C	YLL039C
YLR058C	YOR117W
YAL025C	YGL111W
YBR248C	YFR004W
YGL173C	YJL124C
YBR154C	YNL113W
YBL032W	YJR094C
YML012W	YMR307W
YGL127C	YGL151W
YBR097W	YDR388W
YGL207W	YJL095W
YDR318W	YGL093W
YJL008C	YKL049C
YOL021C	YPR110C
YOR117W	YOR298C-A
YDL043C	YMR288W
YNL230C	YPL012W
YCL010C	YER164W
YBR031W	YDR091C
YDR188W	YML124C
YDL043C	YLR222C
YDR247W	YMR216C
YDR288W	YLR453C
YGL212W	YOR106W
YGR187C	YLR362W
YPL018W	YPL233W
YLL019C	YLR438W
YJR140C	YNL312W
YKL197C	YOL044W
YBL085W	YOL070C
YER168C	YHR174W
YMR200W	YPR159W
YKL022C	YNL172W
YNL229C	YOL034W
YFR004W	YKR046C
YKL074C	YMR216C
YGR120C	YJR108W
YFR028C	YLR128W
YBL032W	YML049C
YDL078C	YDR304C
YDL213C	YHR099W
YLL039C	YLR149C
YDR188W	YPL106C
YBR028C	YNR046W
YCL044C	YIL136W
YDL058W	YFL038C
YMR125W	YNL330C
YBL032W	YJL118W
YKL141W	YOR065W
YML080W	YNL154C
YDL003W	YPR072W
YLR186W	YOR096W
YBL032W	YJR066W
YHR181W	YNL197C
YGL137W	YLR315W
YJL187C	YMR001C
YDR145W	YJL187C
YNL301C	YPL131W
YBL032W	YNR004W
YLL039C	YPL210C
YDR394W	YLR216C
YKL181W	YNL183C
YBR024W	YLL039C
YJL111W	YNL154C
YBR135W	YDR394W
YCR086W	YPR018W
YHR156C	YHR165C
YOR156C	YPL174C
YBL032W	YLR413W
YDR054C	YJR090C
YHR133C	YPR028W
YHL009C	YOL100W
YER038C	YHR154W
YAL005C	YIL026C
YAL043C	YLR277C
YMR117C	YNL250W
YLR233C	YOR201C
YDL053C	YIR010W
YBR142W	YMR229C
YIL070C	YJR101W
YCL008C	YLL039C
YKL152C	YNL127W
YBR136W	YNL265C
YML074C	YPL146C
YCL061C	YPR135W
YDL209C	YNR011C
YER002W	YGL237C
YJR010C-A	YKL009W
YJR115W	YNL197C
YBL032W	YOL030W
YCR086W	YLR291C
YGR186W	YGR274C
YNL124W	YPL131W
YBL032W	YDR184C
YDR365C	YKR081C
YAL041W	YDR103W
YBR175W	YPL138C
YDL065C	YPL203W
YBR106W	YOR054C
YKL101W	YNL132W
YML097C	YOR089C
YIR037W	YLR345W
YBL047C	YBL105C
YJL098W	YPR054W
YGL237C	YIL070C
YBR107C	YPR049C
YBL016W	YBR259W
YER052C	YHR027C
YGL173C	YPR106W
YFR014C	YJL124C
YBL032W	YOL036W
YBR026C	YDR054C
YBL047C	YLL039C
YLR277C	YNL208W
YLL039C	YOL120C
YGL123W	YKL180W
YDR383C	YPL018W
YDR251W	YJL052W
YER126C	YMR047C
YDL022W	YOR117W
YDR063W	YDR124W
YGR268C	YLL039C
YER139C	YOL100W
YER125W	YGL161C
YGR274C	YPL011C
YGR089W	YNL153C
YAL005C	YMR109W
YDL013W	YHR156C
YAL032C	YMR288W
YEL051W	YGR198W
YDR224C	YDR303C
YCR105W	YGR092W
YLR291C	YOR081C
YER171W	YIL053W
YBR107C	YGR161C
YIR010W	YJR060W
YIL070C	YPL141C
YLL039C	YPR036W
YGR274C	YML098W
YJL033W	YOR096W
YLR074C	YOL127W
YBL056W	YFR004W
YBL032W	YML105C
YDR330W	YGR268C
YCR095C	YHL029C
YAL064C-A	YBL032W
YBR055C	YCR077C
YDL132W	YEL060C
YDR087C	YHR066W
YAL005C	YBL075C
YKL068W	YPL169C
YAL005C	YOR117W
YHL004W	YIL093C
YFR014C	YNL027W
YEL046C	YLL039C
YFR004W	YMR186W
YGL078C	YHR089C
YDL045W-A	YJR059W
YAL005C	YDR388W
YDL070W	YJL095W
YIL144W	YMR001C
YGL105W	YNL021W
YIR010W	YLR441C
YBR126C	YNL244C
YAL032C	YPR152C
YFL046W	YMR131C
YJR142W	YPL150W
YOR294W	YPR045C
YMR131C	YPL042C
YAL021C	YGR134W
YAR028W	YML067C
YGL030W	YOR096W
YER168C	YGR128C
YMR298W	YPL094C
YLR397C	YOR244W
YDR076W	YHR154W
YHR165C	YIL061C
YMR314W	YOR362C
YBR110W	YMR215W
YBR052C	YCR004C
YDL003W	YDR510W
YFR034C	YOR096W
YDR087C	YOR061W
YLL039C	YOL130W
YBR143C	YER151C
YJL124C	YNL147W
YCL063W	YLR423C
YGL120C	YNL113W
YGR144W	YLR291C
YLL036C	YLR147C
YDR296W	YPR100W
YBL105C	YOL083W
YGL207W	YGR063C
YGL120C	YMR093W
YOR215C	YPL204W
YDR113C	YKL022C
YBL032W	YOL119C
YDL051W	YKL122C
YJR101W	YNL137C
YIL046W	YPL038W
YGL113W	YLR103C
YIR010W	YJL080C
YBR154C	YPR093C
YBL052C	YGR270W
YKL049C	YOR204W
YCR086W	YPL204W
YDL128W	YGR295C
YAL059W	YPL131W
YDR394W	YJR109C
YDR510W	YJR045C
YDR236C	YDR398W
YKL213C	YNL073W
YGR128C	YMR047C
YDR381W	YER151C
YBR247C	YPR102C
YJL095W	YJL209W
YGL202W	YLL039C
YLR221C	YOL144W
YJR145C	YLR197W
YBR069C	YDL199C
YEL017W	YNL293W
YGL093W	YIR010W
YBR079C	YJL014W
YBR052C	YKL051W
YKL078W	YNL186W
YJR062C	YPL141C
YFR004W	YMR096W
YBL022C	YKL016C
YBR298C	YEL027W
YBR142W	YLL045C
YCR081W	YOL135C
YFR004W	YJR077C
YJL095W	YMR109W
YER151C	YMR146C
YBL017C	YFL023W
YKL042W	YOL091W
YDL147W	YPR159W
YBR001C	YDR171W
YDR146C	YGR002C
YCR073C	YHR027C
YDR365C	YMR229C
YEL013W	YLL039C
YFR004W	YPL088W
YHR198C	YMR096W
YGL084C	YLL039C
YHL048W	YOL003C
YBL052C	YPR031W
YMR017W	YOR327C
YGL147C	YKL009W
YDR398W	YGR128C
YKR086W	YMR213W
YER069W	YPR046W
YJL095W	YMR229C
YER068W	YJR119C
YDR383C	YOL100W
YKL023W	YKL166C
YBL030C	YIR010W
YBL039C	YJR123W
YLR009W	YPR016C
YER151C	YLL050C
YJL039C	YLR249W
YJR105W	YPL141C
YLL039C	YOR131C
YFL017W-A	YPR101W
YNL244C	YOR177C
YBL039C	YFR034C
YLR249W	YOR086C
YLR222C	YNR054C
YFR052W	YGL095C
YAL019W	YJL124C
YHR184W	YPL018W
YMR031C	YNL154C
YGL030W	YLR367W
YGL103W	YKL180W
YDL207W	YOR361C
YDR490C	YMR109W
YNL004W	YNL112W
YLR249W	YPL226W
YAL005C	YBR017C
YDL085W	YHR204W
YLL039C	YLR354C
YMR303C	YPL150W
YLR200W	YNL153C
YHR154W	YPR052C
YAL023C	YDL093W
YBR247C	YJL010C
YDR212W	YKR036C
YGL011C	YOL038W
YDR189W	YLR268W
YLR315W	YPR072W
YFR004W	YPR149W
YFR014C	YPL146C
YJL138C	YMR205C
YJL039C	YJL061W
YAL035W	YMR106C
YER151C	YPR110C
YIL159W	YMR109W
YDL013W	YIL095W
YGL158W	YOR089C
YFR004W	YKL029C
YDR141C	YPR110C
YDL195W	YPR181C
YLL039C	YMR307W
YEL030W	YLL039C
YER179W	YHR079C-A
YBL032W	YPL051W
YDR510W	YER062C
YCR004C	YHR027C
YDR330W	YNL154C
YLR116W	YPL105C
YFR028C	YJL128C
YGR140W	YHR014W
YAR019C	YDR382W
YGR159C	YNL124W
YAL024C	YMR261C
YBL106C	YGR092W
YBL016W	YPL146C
YDR510W	YGL150C
YKL009W	YPL198W
YNL225C	YPL055C
YFR014C	YIL053W
YIL144W	YOR156C
YDL143W	YHR019C
YBL085W	YGL035C
YFR031C-A	YJL177W
YBR079C	YLR048W
YBL032W	YOR023C
YNL330C	YOL006C
YBL081W	YNL197C
YLR291C	YOL130W
YDR381W	YPL204W
YBR031W	YBR205W
YDR189W	YHL031C
YCL001W	YLL039C
YDL105W	YEL019C
YBR017C	YDR216W
YLR450W	YMR022W
YEL009C	YPR086W
YDL204W	YGL137W
YCR077C	YNL124W
YGL179C	YNL277W
YBR084W	YHR089C
YGR274C	YPL167C
YJR102C	YML101C
YHR102W	YLR368W
YBL032W	YMR206W
YDL060W	YPL012W
YDL020C	YGL048C
YGL120C	YNR054C
YBR135W	YDR334W
YDR071C	YDR365C
YBL061C	YPL131W
YDR479C	YIL030C
YGL202W	YOR117W
YDR490C	YPL005W
YIR038C	YML125C
YNL225C	YPL124W
YGR152C	YPL161C
YBL085W	YDR277C
YGR120C	YPR105C
YBL032W	YPR043W
YLL039C	YPL096W
YBL016W	YGL158W
YDL005C	YGR104C
YFR004W	YLL050C
YLR370C	YNL243W
YDL127W	YFR034C
YGL158W	YOR335C
YIL075C	YOL038W
YGR274C	YKL201C
YFR004W	YKR043C
YBR110W	YHL048W
YEL017C-A	YLR083C
YCL028W	YDR499W
YML028W	YNL249C
YDR258C	YPL138C
YHR140W	YOL003C
YDR510W	YJL138C
YCL059C	YPL198W
YAL005C	YFR004W
YGR061C	YHR027C
YKL018W	YLR115W
YFR004W	YGR123C
YJL094C	YNL197C
YDR318W	YIR010W
YGL151W	YGL158W
YDR224C	YDR334W
YGL237C	YNL063W
YBR175W	YKL018W
YDR012W	YIR010W
YCL059C	YPL259C
YBR031W	YCL059C
YOR244W	YPR135W
YDL065C	YLL034C
YEL030W	YJL138C
YBR017C	YGL172W
YGR220C	YLR189C
YNL112W	YNL186W
YBR205W	YIR038C
YGL030W	YLR074C
YBL032W	YGR057C
YDR510W	YER088C
YGL060W	YLR381W
YLR291C	YOR284W
YHR027C	YPL140C
YGL048C	YPL169C
YHR160C	YIL160C
YDL139C	YGL153W
YLL026W	YOR244W
YDL147W	YIL007C
YDR381W	YJR006W
YER172C	YMR017W
YIR010W	YPR110C
YDR194C	YNL230C
YGL116W	YGR225W
YDL181W	YLL021W
YAR028W	YJL097W
YJL190C	YOL127W
YIR010W	YOL144W
YLL039C	YLR241W
YBR055C	YMR288W
YFR034C	YGL123W
YBL093C	YER022W
YDL147W	YER151C
YDR124W	YIL093C
YBR135W	YLL039C
YDL212W	YLL061W
YGL158W	YMR229C
YGL077C	YHR094C
YIL105C	YJL095W
YGL009C	YOR117W
YDR378C	YMR221C
YKL150W	YPR154W
YGR020C	YKL080W
YIL070C	YOR119C
YGL021W	YKL049C
YGL147C	YIR010W
YLL039C	YNL208W
YBL032W	YCL044C
YFR008W	YPR046W
YGR268C	YLR206W
YGL103W	YPL220W
YBL032W	YBR019C
YJL111W	YOR117W
YGL025C	YPL248C
YHR047C	YLR148W
YDL053C	YGR178C
YDL201W	YNL154C
YBR142W	YLR398C
YDR237W	YNL252C
YHR156C	YJL187C
YBL079W	YMR153W
YBR055C	YJL203W
YGR140W	YNL078W
YBR045C	YDR103W
YBL032W	YMR215W
YGL202W	YPL106C
YDL213C	YJL138C
YKR052C	YNL275W
YBR272C	YOL054W
YBL026W	YJL157C
YBR069C	YJR077C
YAL005C	YHR117W
YCL008C	YNR006W
YBR079C	YHR027C
YFR028C	YJL149W
YBR059C	YGL105W
YBL032W	YNR030W
YDR106W	YHR129C
YGL244W	YOL145C
YDL147W	YOR362C
YLR084C	YLR353W
YML091C	YPR116W
YMR047C	YOR257W
YDL116W	YFR002W
YDL116W	YER116C
YER125W	YMR181C
YKL049C	YMR001C
YLL039C	YLR134W
YML118W	YNL197C
YDR238C	YFR004W
YHR027C	YLR058C
YBR200W	YJL157C
YDR398W	YLR336C
YDL195W	YLR268W
YDL070W	YDR381W
YER139C	YKL139W
YKL009W	YKL180W
YBL075C	YGL130W
YDL002C	YGL150C
YGL111W	YKL009W
YHR016C	YJL151C
YLR115W	YNL317W
YMR117C	YOL034W
YCL059C	YPL012W
YKL166C	YPL203W
YEL017W	YFR014C
YHR167W	YIL075C
YHR111W	YML110C
YGL083W	YKL130C
YGR118W	YJL177W
YDR189W	YDR498C
YGR223C	YPL150W
YBL032W	YFL024C
YLR335W	YOR098C
YLR330W	YMR010W
YKL122C	YKL129C
YDR388W	YLR243W
YJR109C	YOR303W
YDL212W	YGR260W
YDL065C	YKR001C
YKL042W	YNL225C
YDL099W	YOL100W
YGL090W	YLR265C
YDR381W	YMR229C
YAL005C	YIL075C
YLR315W	YLR432W
YAR007C	YER151C
YIL097W	YMR135C
YHR027C	YKL152C
YKL065C	YOR254C
YDL126C	YER151C
YHR089C	YLL039C
YER127W	YLR315W
YFR015C	YLR258W
YCR030C	YJL098W
YER103W	YNL124W
YER151C	YGR159C
YFR004W	YLR304C
YLR298C	YOR159C
YBR247C	YNL244C
YDL088C	YLR018C
YLL023C	YPL138C
YDL222C	YLL039C
YER022W	YOL135C
YGL011C	YPL144W
YFR021W	YJL187C
YDR068W	YLL001W
YOR096W	YPL131W
YDR388W	YJL102W
YDR381W	YGR170W
YJR049C	YLL039C
YEL012W	YPL141C
YAL032C	YDL209C
YBL032W	YOR344C
YGL167C	YLR026C
YIL105C	YPL058C
YDR381W	YKL018W
YDR510W	YPR031W
YBR017C	YOL123W
YDR247W	YLR003C
YGL056C	YKL051W
YKL198C	YOR298C-A
YMR239C	YOR049C
YER154W	YFR014C
YJR065C	YMR028W
YBL032W	YBL085W
YBL032W	YMR136W
YNR049C	YOR327C
YJR145C	YOR204W
YJL039C	YMR047C
YDR345C	YLL006W
YFR004W	YML072C
YER151C	YNL301C
YDR116C	YKR085C
YIR010W	YNL308C
YDL101C	YEL017W
YMR146C	YOL087C
YLR287C-A	YML063W
YLR249W	YNL059C
YKL152C	YMR109W
YML072C	YPL220W
YHR115C	YLL039C
YGL014W	YML063W
YJR105W	YPL204W
YGL207W	YNL124W
YDL147W	YDR363W
YDR224C	YKL049C
YHR092C	YPR194C
YKL049C	YPR108W
YDR459C	YGR216C
YDR494W	YNR036C
YGL103W	YJR123W
YHR133C	YNL131W
YDR390C	YPR180W
YAL005C	YMR078C
YBL085W	YBR102C
YGR270W	YKR001C
YHR027C	YOR184W
YKL180W	YLR406C
YER025W	YGL158W
YFR051C	YPL010W
YER047C	YMR109W
YGL045W	YOR253W
YGR152C	YJL014W
YJL197W	YJR031C
YBR059C	YGR135W
YKL023W	YKR092C
YER125W	YPL193W
YKL074C	YMR240C
YER179W	YPL121C
YDR303C	YLR357W
YER095W	YKL104C
YGR124W	YHR027C
YDR365C	YKL104C
YKL062W	YOR244W
YIL095W	YLR460C
YDR227W	YFL023W
YHR027C	YLR441C
YBR154C	YKL144C
YGR266W	YJR059W
YLR148W	YPL195W
YGL051W	YIL120W
YDL180W	YNL197C
YGL207W	YMR041C
YDR510W	YGR002C
YBR107C	YPL018W
YBR066C	YCR082W
YCR077C	YDR381W
YDR052C	YLR274W
YLR291C	YPL237W
YHR066W	YKR081C
YDL126C	YDR510W
YBR288C	YLL039C
YBL032W	YKR015C
YFR046C	YMR117C
YLL026W	YOL013C
YDR195W	YMR061W
YDL043C	YPL151C
YDR330W	YDR510W
YBL085W	YDR329C
YGL120C	YPR182W
YMR221C	YPR036W
YCR042C	YMR037C
YGL147C	YPL249C-A
YBR177C	YLR144C
YIL144W	YPL016W
YIL053W	YPR152C
YBL032W	YOR019W
YAL005C	YOL149W
YJR066W	YKL126W
YDR224C	YGL241W
YOR351C	YPL203W
YHR138C	YIL094C
YKL074C	YMR125W
YPL131W	YPR102C
YCR028C	YOR254C
YCL056C	YOR037W
YJR066W	YMR228W
YEL046C	YFR004W
YBL032W	YEL009C
YIL152W	YJL112W
YKL058W	YPR086W
YHL001W	YOR096W
YAL034C	YML063W
YFL017W-A	YHR165C
YDL168W	YOR206W
YJL074C	YPR068C
YOR061W	YPL204W
YOR117W	YPL204W
YDR510W	YNL015W
YAL029C	YOR035C
YJL112W	YLL039C
YBR079C	YJL140W
YBR221C	YPL151C
YBL032W	YPL250C
YDR226W	YNL154C
YLR102C	YMR092C
YGL003C	YMR304W
YAL059W	YDR101C
YBL032W	YKL201C
YCL008C	YLR417W
YDR510W	YNL007C
YDL126C	YGR104C
YGL112C	YPL047W
YNL037C	YPL140C
YGL077C	YNL197C
YGL207W	YOR117W
YPR067W	YPR110C
YDR388W	YIL063C
YDR171W	YPR144C
YHR195W	YIL048W
YEL036C	YLR342W
YHR102W	YNL197C
YAL019W	YJR119C
YBR031W	YDR382W
YBR186W	YHR104W
YGR261C	YLR429W
YDR382W	YJL177W
YDR238C	YGR037C
YCL027W	YLR291C
YBL032W	YIL152W
YML091C	YOR355W
YBL032W	YLR414C
YLR312W-A	YML025C
YLL039C	YOR112W
YDR439W	YIR010W
YER018C	YGL060W
YGR128C	YLR186W
YKL185W	YNL330C
YGL157W	YJL023C
YJR156C	YLR423C
YBL103C	YFR021W
YBR177C	YLL039C
YKR090W	YPL204W
YJL025W	YLR423C
YHR027C	YJR017C
YER126C	YLR074C
YKL049C	YLR357W
YLL039C	YLR413W
YLR197W	YNL075W
YBR285W	YNL154C
YDR388W	YHR185C
YBR031W	YIR010W
YDR113C	YDR260C
YCR042C	YJR093C
YDL212W	YHR094C
YBL032W	YDL127W
YLR197W	YNL250W
YDL126C	YLL039C
YGL063W	YLL050C
YBR017C	YOR098C
YDR087C	YLR009W
YCL008C	YGL045W
YBL078C	YOR106W
YCR077C	YDR141C
YGL237C	YPR016C
YGL048C	YKL139W
YCL059C	YGL103W
YHR027C	YLL039C
YEL024W	YGR112W
YGL137W	YLR216C
YBR247C	YPR112C
YKL104C	YOL120C
YOR117W	YPL028W
YDR146C	YML051W
YKL108W	YLR354C
YJR119C	YNL031C
YCL059C	YDL213C
YAL005C	YOR086C
YGR194C	YNL265C
YDL128W	YPL150W
YML114C	YMR005W
YBL102W	YLR453C
YJR014W	YKL009W
YDR143C	YOL155C
YDR101C	YFR031C-A
YBL032W	YOR107W
YJL138C	YOL045W
YHR027C	YIL053W
YLL045C	YPL012W
YJR060W	YPR052C
YBR130C	YNL154C
YGL189C	YLR435W
YGL179C	YKR092C
YDL132W	YER011W
YBR241C	YLL039C
YDL126C	YLL045C
YFR031C-A	YGL123W
YAR019C	YPL141C
YMR240C	YPR152C
YDR280W	YOR076C
YBL106C	YKL130C
YJR123W	YOR204W
YMR125W	YPL169C
YDR127W	YKL104C
YDR318W	YPR046W
YHR037W	YLL039C
YML072C	YPR152C
YDR365C	YOR294W
YDL188C	YML092C
YDR497C	YML072C
YFR004W	YJR070C
YLR026C	YNL238W
YDR235W	YIL061C
YLR201C	YML110C
YHR137W	YLL039C
YDR303C	YPL106C
YGL014W	YNR052C
YJL011C	YOL021C
YDL028C	YJR019C
YFR004W	YKR018C
YAR018C	YIL070C
YJL019W	YNL197C
YHR094C	YPL265W
YNL197C	YPL162C
YHR111W	YIL008W
YOL038W	YOR157C
YBR110W	YEL063C
YGL158W	YPR110C
YDR224C	YKL139W
YJR053W	YMR055C
YJL187C	YNL066W
YDR212W	YGL116W
YLL039C	YNL149C
YDR100W	YPL094C
YLL039C	YNR013C
YHR023W	YLR274W
YLR083C	YMR010W
YBR055C	YHR019C
YDR100W	YPR174C
YDR510W	YLR291C
YGL093W	YOL135C
YDR318W	YKL089W
YJL151C	YLL039C
YDR510W	YOL034W
YGL153W	YGR077C
YML098W	YMR227C
YDR510W	YJR060W
YDR381W	YOR213C
YAL014C	YLL039C
YBL032W	YNL154C
YDR510W	YER003C
YIR010W	YNL112W
YJL172W	YKL130C
YEL002C	YMR264W
YDR510W	YFR031C-A
YBR205W	YHR105W
YEL018W	YJL014W
YEL062W	YJR090C
YGL147C	YJL177W
YJR010C-A	YML072C
YNL006W	YOR370C
YJL187C	YKR092C
YDR054C	YMR080C
YJR077C	YLR342W
YDL100C	YNL199C
YEL034W	YNL197C
YLR249W	YOR123C
YBR059C	YFR004W
YJR065C	YLR370C
YGL137W	YOR362C
YJR074W	YMR314W
YBL032W	YCL027W
YJL151C	YML097C
YBL105C	YCL027W
YIL144W	YNL078W
YBR216C	YLL039C
YAR007C	YKL049C
YHR006W	YNL197C
YHR171W	YMR183C
YFR004W	YOR294W
YJR031C	YKR030W
YGL120C	YPL012W
YGR113W	YGR140W
YDR138W	YDR381W
YJL128C	YNL053W
YAL005C	YDL139C
YAR033W	YHL048W
YDR226W	YGR092W
YDR510W	YNL027W
YLL021W	YLR147C
YGR158C	YHR069C
YDL127W	YNL197C
YDR039C	YJR066W
YBR031W	YBR247C
YBR102C	YPR055W
YLR131C	YNL197C
YKL166C	YLR440C
YLL039C	YPR109W
YDR216W	YLR055C
YBL032W	YPL055C
YHR140W	YPR028W
YDR244W	YGR077C
YKL181W	YMR291W
YFR014C	YPR036W
YMR118C	YMR173W
YFR004W	YML063W
YBL064C	YLR318W
YGR254W	YNL073W
YDR510W	YLL021W
YBR247C	YLR367W
YLR223C	YLR362W
YLL034C	YLR452C
YFR034C	YOR119C
YGR200C	YPL204W
YDL113C	YGR120C
YER025W	YFR004W
YHR168W	YKL166C
YLR026C	YML012W
YDL209C	YLR323C
YBR112C	YLL039C
YDR194C	YNL175C
YKL049C	YKL104C
YBR084W	YGR204W
YBR155W	YIL144W
YBR088C	YOL090W
YDR388W	YHR042W
YIL105C	YML057W
YJL124C	YPL220W
YAL034C	YNL197C
YGR048W	YKL042W
YBL016W	YOL130W
YDR091C	YOR176W
YDR224C	YPL047W
YFR004W	YGL030W
YOL082W	YPL135W
YER125W	YHR117W
YLR048W	YNL124W
YDR054C	YOR244W
YBR106W	YDL128W
YDR113C	YDR118W
YBL030C	YGL187C
YBL045C	YGR033C
YBR018C	YER123W
YDL195W	YOR234C
YER062C	YGL090W
YDR381W	YNL112W
YBL030C	YPR152C
YCR059C	YDR400W
YDR113C	YIR025W
YAL067C	YHR042W
YBL079W	YJL061W
YBR031W	YLL039C
YDR303C	YMR186W
YAL032C	YGR270W
YJL098W	YPL180W
YOL145C	YOR123C
YCL059C	YIL019W
YGR253C	YOR362C
YLR091W	YPR116W
YLL039C	YPL265W
YBL032W	YGR227W
YBL032W	YJL157C
YMR213W	YPR182W
YGL048C	YNL244C
YKL180W	YMR031C
YER018C	YIR010W
YGR075C	YHR165C
YKR021W	YOR351C
YEL034W	YML063W
YBR200W	YMR247C
YIL167W	YJR059W
YIL094C	YPL140C
YAR028W	YLL039C
YBL055C	YDL028C
YLR345W	YMR310C
YAL043C	YCR042C
YDR497C	YLL039C
YDL082W	YLL045C
YER151C	YHR174W
YBR087W	YMR031C
YDR247W	YIL156W
YGR258C	YPL141C
YBL032W	YMR319C
YDR299W	YJL033W
YLL039C	YOL064C
YDR108W	YDR246W
YJR059W	YKL127W
YER145C	YHR094C
YBR017C	YKR046C
YBR068C	YPL010W
YFL010C	YOR351C
YNL197C	YNR039C
YAL041W	YGR152C
YBR136W	YOR260W
YEL034W	YJR070C
YJR006W	YOL100W
YGR156W	YMR061W
YPL204W	YPR016C
YDR100W	YDR238C
YAL056W	YER020W
YNR053C	YOR294W
YFR014C	YOR054C
YAL032C	YNL229C
YDR510W	YIL053W
YLR429W	YMR229C
YIL070C	YIL093C
YGR295C	YML048W
YDR296W	YDR322W
YGR178C	YNL157W
YFR031C-A	YNL302C
YBL005W	YBR200W
YJR062C	YOR231W
YDL212W	YPR181C
YBL032W	YCR105W
YDL208W	YOR206W
YGL048C	YIL007C
YBR119W	YKL130C
YMR072W	YPR052C
YDR087C	YGL103W
YIL070C	YLR429W
YGL179C	YLR030W
YEL034W	YLL045C
YKR081C	YNL230C
YER151C	YPL220W
YCR033W	YDR510W
YML056C	YPL198W
YDR510W	YMR146C
YDR087C	YOL127W
YOR117W	YPL248C
YDR381W	YJL125C
YCL028W	YGL025C
YFR004W	YGR204W
YIL075C	YLL039C
YDL239C	YMR117C
YLL028W	YLR413W
YDR171W	YLR304C
YJR082C	YPL106C
YKL139W	YNL031C
YLR345W	YMR261C
YDR260C	YNL172W
YGR024C	YLR291C
YDR326C	YIL105C
YDL100C	YJL153C
YDL019C	YGL137W
YDL085W	YLL039C
YGL071W	YNL197C
YCR081W	YGL158W
YNL154C	YOR295W
YFR002W	YGR120C
YER151C	YGL189C
YDL208W	YGL120C
YFR034C	YLR328W
YGL086W	YIR010W
YBL032W	YNL234W
YIL046W	YLR103C
YDR195W	YJR093C
YER105C	YGL201C
YOR361C	YPL051W
YHR027C	YPL226W
YEL063C	YNL197C
YDL003W	YDR180W
YBR106W	YKL008C
YJL125C	YJR066W
YBR097W	YFL053W
YHR133C	YJL187C
YLR432W	YPL220W
YBR112C	YDR043C
YGL123W	YHR027C
YER055C	YFR004W
YDL214C	YPL166W
YDL188C	YPL106C
YDR510W	YNL031C
YBL039C	YGL048C
YEL009C	YOR023C
YPL151C	YPR134W
YKL101W	YKR071C
YBR031W	YKL166C
YFR031C-A	YLR287C-A
YLR147C	YNL147W
YAL027W	YPL146C
YLL039C	YOR327C
YDL115C	YPR187W
YNL099C	YOR294W
YLR289W	YPL170W
YDR345C	YFR004W
YIL046W	YNL007C
YFR028C	YKR021W
YJL177W	YPL249C-A
YDL003W	YJL074C
YDL045W-A	YOL113W
YLL039C	YMR008C
YAL035W	YGL130W
YDR382W	YKL180W
YLL001W	YNL118C
YJL177W	YLR287C-A
YGR243W	YNL197C
YDR381W	YPR045C
YNL272C	YOL113W
YBL026W	YOR159C
YLL036C	YMR288W
YDL209C	YMR213W
YOR141C	YPL204W
YDL013W	YFR004W
YKL172W	YPL146C
YER126C	YKR081C
YDR150W	YNL197C
YKL074C	YLR357W
YKR028W	YLL039C
YDR059C	YER068W
YDR087C	YER002W
YFL049W	YNR023W
YBR087W	YIR010W
YJL177W	YOL127W
YAL015C	YEL030W
YDR224C	YKR001C
YBR222C	YFR004W
YGR161C	YJR059W
YER125W	YOR241W
YKL101W	YNL077W
YER025W	YPL237W
YAL005C	YNL078W
YER125W	YOR057W
YBL039C	YJL177W
YGL026C	YLL039C
YGL056C	YLR413W
YJL124C	YPR182W
YBR017C	YEL051W
YDL098C	YLL036C
YDR510W	YGR124W
YAL035W	YFR034C
YBR154C	YLR200W
YOL120C	YOR206W
YBR155W	YPL141C
YGL030W	YLR325C
YBL075C	YLL039C
YHR016C	YLR064W
YFR028C	YOL078W
YDL213C	YER151C
YGL226C-A	YLL039C
YFR031C-A	YOR096W
YOL082W	YOR231W
YJR066W	YKR097W
YHR027C	YNL183C
YKR029C	YPL204W
YER022W	YGL025C
YMR186W	YPL146C
YER002W	YPL150W
YEL063C	YHR133C
YLR249W	YML105C
YLR291C	YOR380W
YDL028C	YDR383C
YCR036W	YFR004W
YIR008C	YNR052C
YDL101C	YJL111W
YDR378C	YNL147W
YBL032W	YLR056W
YFR010W	YLR429W
YGL137W	YIL094C
YDL213C	YHR089C
YFR010W	YGL141W
YBL032W	YNL053W
YLR432W	YOL115W
YLL039C	YLR429W
YLR438W	YPL204W
YEL036C	YML115C
YLL039C	YPL204W
YBL093C	YLR071C
YDL060W	YOR145C
YEL018W	YGR002C
YKL019W	YOL135C
YIL095W	YPL131W
YLR222C	YPL126W
YKL180W	YLL045C
YBL032W	YHL029C
YBL032W	YGL127C
YBR119W	YLL036C
YGR253C	YPR185W
YCL028W	YIL066C
YBL075C	YNL124W
YMR140W	YMR216C
YDR259C	YIL153W
YDR150W	YML124C
YDL126C	YNL183C
YEL001C	YGR126W
YBL032W	YOR315W
YEL065W	YLL039C
YJR019C	YLL039C
YJR066W	YNL138W
YDR510W	YFR001W
YDR510W	YKR036C
YJL014W	YOR281C
YMR153W	YPL018W
YPL171C	YPL204W
YDR523C	YPL106C
YER175C	YFR014C
YLR381W	YOL054W
YAL021C	YJL112W
YJR050W	YKR086W
YHR012W	YLL039C
YNL197C	YPL089C
YJL036W	YLL039C
YDR238C	YFR051C
YIR010W	YPR187W
YDR301W	YNL317W
YDL084W	YOR117W
YNL197C	YOR049C
YBR106W	YOR165W
YDL019C	YPL139C
YBL005W	YCR081W
YDR394W	YMR216C
YEL023C	YML109W
YKR097W	YNL006W
YGR275W	YNR023W
YBR207W	YLR342W
YKL065C	YLR018C
YBL047C	YGR241C
YKL130C	YLR274W
YJR105W	YNL106C
YDR265W	YGL153W
YBR247C	YIL061C
YBR087W	YER173W
YDR194C	YPL055C
YER068W	YJR091C
YLR102C	YLR127C
YDR166C	YMR214W
YGR222W	YNR045W
YDR322W	YDR462W
YDR142C	YDR244W
YGL035C	YHR165C
YGL158W	YMR115W
YJL033W	YNR054C
YFR021W	YNR058W
YFR004W	YGR186W
YGR048W	YPL222W
YKR018C	YNR029C
YJL200C	YOL133W
YAL034C	YJR123W
YGR128C	YLL039C
YDR127W	YJL008C
YDR322W	YMR193W
YBR126C	YPR035W
YAL024C	YNL098C
YGR283C	YHR089C
YDR116C	YDR237W
YDR235W	YML046W
YLL039C	YOR206W
YDR394W	YML124C
YBL085W	YOL019W
YCR071C	YDR462W
YNL113W	YOR340C
YMR186W	YNL127W
YDR138W	YGL048C
YFL004W	YLL039C
YGL078C	YOR117W
YGR037C	YHR016C
YPL194W	YPR052C
YBL032W	YLR194C
YLL039C	YPL079W
YHR089C	YOR206W
YCR079W	YGL062W
YER032W	YPL055C
YHR066W	YIR010W
YPL143W	YPL249C-A
YBL102W	YIL048W
YBL050W	YDR189W
YLR018C	YPR028W
YBR231C	YDR334W
YBR107C	YDR383C
YCL028W	YGL127C
YDR299W	YLR186W
YLR414C	YNL197C
YFL045C	YLL039C
YAL005C	YFR010W
YGR252W	YMR227C
YJR123W	YMR093W
YBR059C	YLL039C
YBL032W	YML054C
YDR381W	YGL044C
YGL120C	YPL016W
YDL154W	YIL144W
YBR272C	YOR362C
YCR033W	YDR155C
YDR381W	YNL230C
YEL063C	YML048W
YAL005C	YER151C
YCL059C	YJR145C
YJL014W	YNL243W
YHR165C	YNL147W
YDR260C	YKL022C
YAL041W	YDR012W
YGL158W	YNL212W
YFR028C	YKL101W
YEL023C	YJL052W
YGR268C	YOR138C
YDR381W	YDR457W
YBR031W	YDR012W
YCR101C	YIL061C
YBL016W	YBR019C
YHR102W	YJL008C
YBL032W	YDR143C
YDR357C	YGL079W
YDL207W	YJL039C
YLR233C	YPL012W
YGR075C	YLL036C
YER123W	YMR036C
YDL100C	YML101C
YNL222W	YPL008W
YDR297W	YKL088W
YGL120C	YHR165C
YFR034C	YGL048C
YDR224C	YLR074C
YGL137W	YGR037C
YJL074C	YMR001C
YDL212W	YLL028W
YDR388W	YLR381W
YKR081C	YMR123W
YCL028W	YOL135C
YHL048W	YKL008C
YBL032W	YGL219C
YER020W	YPL268W
YER022W	YGL127C
YBR079C	YLL039C
YBR059C	YNL272C
YDL199C	YOR037W
YNL197C	YNR067C
YKL009W	YPL220W
YDR002W	YOR117W
YGL030W	YPL249C-A
YDR145W	YEL009C
YBR079C	YMR146C
YLR147C	YML049C
YLR452C	YOL018C
YJL155C	YLR345W
YMR109W	YNR059W
YGR186W	YNL124W
YBR085W	YER171W
YGL134W	YML091C
YDL115C	YGR140W
YOR123C	YPL141C
YBL026W	YJL124C
YCR028C-A	YCR033W
YDR244W	YLL039C
YJL011C	YKR025W
YBR041W	YKR046C
YER151C	YML098W
YMR153W	YPL204W
YJL095W	YPL140C
YJR145C	YLR432W
YLR441C	YNL301C
YLR421C	YPR108W
YFR004W	YNR001C
YBR119W	YML046W
YBL032W	YMR154C
YHR194W	YOR147W
YDR353W	YLR216C
YDL028C	YJR053W
YER151C	YFR028C
YGL030W	YPL220W
YDL188C	YFR050C
YGL103W	YNL301C
YGR104C	YPL248C
YFL024C	YHR099W
YLL039C	YPL160W
YGR180C	YOR244W
YKL172W	YNL124W
YBR156C	YIL106W
YDL111C	YGR158C
YAL005C	YPR135W
YFR034C	YPR102C
YFR031C-A	YLR367W
YGL242C	YKL035W
YHR014W	YOR136W
YLR026C	YML115C
YKL089W	YPL233W
YAL032C	YDR510W
YER151C	YMR080C
YFL047W	YOR231W
YAL005C	YOL006C
YJL033W	YKL018W
YGR189C	YNL197C
YOL123W	YPR106W
YGR131W	YNL172W
YEL002C	YGL226C-A
YGR261C	YJL024C
YER103W	YNL157W
YHR165C	YML051W
YGL048C	YOR117W
YFR031C-A	YHR085W
YIL063C	YMR047C
YBR018C	YKL108W
YJR123W	YNL308C
YCR042C	YGR274C
YLL026W	YPR062W
YHR066W	YKL180W
YBL078C	YOR100C
YLL039C	YLR421C
YBL039C	YOR388C
YIL019W	YPR144C
YGL048C	YLR421C
YBR154C	YJL011C
YDL213C	YDR224C
YER145C	YPL058C
YER151C	YOL120C
YER040W	YJR066W
YBL032W	YPL184C
YJL008C	YJL074C
YHR027C	YML124C
YLL050C	YLR429W
YDL212W	YNL238W
YBL014C	YKL125W
YDR169C	YJR059W
YBR110W	YHR133C
YLL036C	YLR298C
YAR003W	YNL031C
YIL149C	YPR144C
YGL103W	YLR441C
YFR051C	YML067C
YGR187C	YLL039C
YCL059C	YDR365C
YER020W	YKL051W
YML091C	YNL118C
YDR381W	YER103W
YKL009W	YKR081C
YBR143C	YDL207W
YJR090C	YLL039C
YBR119W	YBR130C
YAL056W	YKL166C
YDR235W	YMR125W
YDL116W	YJL039C
YDL147W	YOR209C
YBL032W	YMR109W
YDL058W	YPL117C
YHL004W	YMR186W
YGL025C	YGL127C
YER151C	YKL213C
YJL176C	YNR023W
YDR188W	YJL014W
YML051W	YPL248C
YGR223C	YMR109W
YDR166C	YNL272C
YCL028W	YEL021W
YHR027C	YOR335C
YBL032W	YHR036W
YGR204W	YLR441C
YGL123W	YMR086W
YDR216W	YHR099W
YIR010W	YOR361C
YBL032W	YPL253C
YDR394W	YIL007C
YLR342W	YML067C
YDL082W	YJR145C
YDR284C	YHL017W
YIR010W	YLR381W
YDR408C	YLL039C
YBR191W	YHR027C
YBR126C	YFR004W
YCL011C	YNL112W
YJL187C	YLL028W
YLR109W	YMR022W
YMR037C	YNL136W
YGL048C	YPL248C
YER151C	YPR016C
YDL002C	YLR357W
YFR034C	YKL156W
YHR027C	YPL061W
YDL070W	YGL158W
YDR299W	YPL126W
YOR117W	YOR335C
YGL077C	YLL039C
YHL001W	YML063W
YDR091C	YLR367W
YBL032W	YMR310C
YDR256C	YLR291C
YJL095W	YNL034W
YFR014C	YGL143C
YEL063C	YJR010C-A
YGR252W	YMR319C
YDR087C	YKR029C
YDR216W	YMR106C
YAL041W	YJL157C
YLR009W	YML074C
YGL134W	YPL204W
YJL039C	YOR098C
YDR012W	YLR398C
YBL032W	YGL014W
YDR091C	YPL220W
YLL039C	YOR337W
YAL035W	YMR229C
YCR030C	YIR010W
YDL116W	YDL207W
YGR252W	YPL047W
YBL056W	YGR205W
YGR048W	YML023C
YDL013W	YNL154C
YBL103C	YJL176C
YBR272C	YPR108W
YFR004W	YNL059C
YAL035W	YER025W
YBR272C	YDL147W
YKR065C	YNR017W
YER047C	YOL034W
YHR111W	YIR010W
YKL181W	YPL204W
YDR227W	YPL248C
YLR258W	YPL219W
YGL173C	YPR110C
YER172C	YPR101W
YAL059W	YKL009W
YBR223C	YLR429W
YGL092W	YPL169C
YBL016W	YER020W
YKL049C	YPR024W
YER129W	YPL204W
YDR510W	YGR005C
YER125W	YPL084W
YNL197C	YOR298C-A
YGL130W	YKR001C
YGL137W	YIL124W
YJR010C-A	YOR086C
YBR059C	YML048W
YER164W	YGL112C
YDL212W	YPL265W
YDL022W	YFR004W
YDL195W	YDR382W
YBR052C	YGR065C
YGL244W	YHR009C
YGL103W	YLL045C
YGR270W	YLR449W
YGR289C	YHL048W
YLL039C	YNL229C
YJR059W	YML074C
YBL030C	YLL039C
YGL103W	YNR053C
YLR129W	YOR145C
YDR381W	YPL151C
YDR381W	YLR435W
YDR280W	YLR432W
YBR031W	YLR287C-A
YLR344W	YNL124W
YDL147W	YGR135W
YDL139C	YMR109W
YAL027W	YER095W
YBR031W	YJR123W
YDL101C	YDR523C
YCL059C	YLR197W
YDR479C	YHR008C
YER052C	YJL058C
YAR003W	YDR469W
YFR031C-A	YLR441C
YLL039C	YOL073C
YCR090C	YML105C
YHR089C	YNL112W
YMR117C	YPL016W
YDR155C	YOR117W
YGR128C	YMR229C
YBR126C	YJL138C
YBR031W	YOL127W
YDL239C	YIL144W
YJL187C	YMR186W
YDL143W	YFR034C
YGR092W	YNL125C
YBR041W	YJL151C
YBR106W	YDR510W
YJL079C	YKL130C
YBL061C	YNL233W
YGL198W	YJL036W
YDR382W	YML063W
YBR059C	YHR015W
YGR048W	YPR154W
YGL179C	YNL186W
YDL100C	YNL149C
YKL029C	YKL104C
YBR143C	YOR117W
YIR010W	YLR287C-A
YGR275W	YOR156C
YDL239C	YLR423C
YKL065C	YLL061W
YER022W	YGR104C
YCR042C	YLR277C
YJL095W	YNL293W
YER047C	YPL126W
YGL150C	YIR010W
YDL101C	YKL025C
YDL088C	YER105C
YDL212W	YMR215W
YJR070C	YKL101W
YBL016W	YDR388W
YGL158W	YJR066W
YHL048W	YMR221C
YGL145W	YLR440C
YEL032W	YNL172W
YBR127C	YDR202C
YLR291C	YOR335C
YAL027W	YOR294W
YKL101W	YMR239C
YNL222W	YNL317W
YBR106W	YKL088W
YBR156C	YGR140W
YAL067C	YGR260W
YDR224C	YDR510W
YGR002C	YPR154W
YDR381W	YOR048C
YEL002C	YML019W
YOR254C	YPL094C
YCL014W	YKL049C
YDR145W	YPL047W
YGR223C	YOR089C
YDL098C	YMR288W
YFL024C	YJL098W
YKL130C	YMR314W
YBL014C	YML043C
YDL082W	YKL172W
YGL105W	YOL113W
YKL042W	YPL124W
YKR071C	YMR216C
YJR010C-A	YPL094C
YLR370C	YNR035C
YEL027W	YLL039C
YDR173C	YMR042W
YGL137W	YOR117W
YLR435W	YPL146C
YBL032W	YOR003W
YFL021W	YJR066W
YDR138W	YLR423C
YKL012W	YOR159C
YFL017W-A	YMR288W
YKL180W	YPL249C-A
YEL009C	YML098W
YKL135C	YKR021W
YDR299W	YNL132W
YBR142W	YLL019C
YKL049C	YPL018W
YFR014C	YGL172W
YIL144W	YLL019C
YGR037C	YGR136W
YDL111C	YOR076C
YBR082C	YDR244W
YBL032W	YER018C
YFR010W	YMR136W
YHR140W	YLR018C
YCL059C	YER127W
YPL106C	YPR144C
YEL030W	YNL230C
YDR188W	YKL016C
YNL059C	YOR141C
YIL153W	YLR258W
YHR111W	YNL119W
YDR381W	YLR115W
YKL206C	YOR244W
YBR106W	YGR289C
YDR322W	YHL004W
YKL056C	YOR117W
YDR087C	YIL063C
YGL003C	YJL014W
YPL253C	YPR141C
YOR357C	YPL246C
YDR394W	YHR027C
YAL024C	YIL109C
YDR068W	YKL166C
YBR106W	YHR140W
YBR035C	YOR244W
YLR330W	YPL220W
YBR052C	YGL077C
YDR224C	YML074C
YIL023C	YNL197C
YFR028C	YIL095W
YGL174W	YMR213W
YBR221C	YGL130W
YBR191W	YDL082W
YDL006W	YDR103W
YAL005C	YIR010W
YEL009C	YNR023W
YDR012W	YNR053C
YHR111W	YLR291C
YBR142W	YKL166C
YMR125W	YOR098C
YER125W	YOR385W
YJL203W	YLR147C
YJR045C	YNR017W
YCL050C	YLL039C
YDL101C	YER173W
YFR004W	YOL123W
YHR185C	YKL166C
YDR191W	YOL113W
YLR421C	YNL073W
YBR055C	YJR105W
YDR188W	YOL100W
YDR462W	YKR085C
YFR028C	YGL003C
YKR014C	YLR026C
YLR047C	YOR351C
YEL002C	YML012W
YAL043C	YNL317W
YLR423C	YOR117W
YIL109C	YLL039C
YDR300C	YER151C
YJR010C-A	YKL008C
YER125W	YNL136W
YNL113W	YPR049C
YNL118C	YPL089C
YBR106W	YPL189W
YFR004W	YJL177W
YBR247C	YPL012W
YIR010W	YKL089W
YOL034W	YPR105C
YAR003W	YKL018W
YMR093W	YNL132W
YER172C	YJL124C
YJL041W	YJL061W
YER025W	YLL045C
YDR234W	YEL034W
YFR010W	YFR014C
YKL219W	YLL061W
YBR183W	YHR140W
YGL051W	YIL095W
YJL095W	YNL175C
YBR172C	YKL074C
YKL139W	YPL077C
YFL038C	YFR004W
YDR101C	YJL041W
YBR087W	YMR181C
YJR059W	YNL077W
YLR222C	YMR319C
YNL175C	YNL308C
YGL207W	YOL006C
YKL180W	YOR096W
YGL112C	YGR274C
YAL029C	YBR130C
YER125W	YKR097W
YGR142W	YKL049C
YCR028C-A	YNL157W
YDR510W	YLR256W
YDR364C	YKR086W
YBR085W	YGL167C
YGR185C	YPR106W
YER151C	YKR092C
YLL039C	YOR117W
YKL062W	YMR172W
YHR023W	YKL079W
YFR034C	YPL249C-A
YDR267C	YHR044C
YGR005C	YPR152C
YLL039C	YOR165W
YDR303C	YOR253W
YMR215W	YPR028W
YBR221C	YIR010W
YBL032W	YGR041W
YLL039C	YOR209C
YDR383C	YPR046W
YBR082C	YLL039C
YBR247C	YJR145C
YER151C	YOR234C
YHR174W	YOR117W
YBR106W	YMR279C
YBR200W	YDR277C
YBR222C	YKL185W
YAR007C	YDL007W
YAL005C	YGL093W
YML046W	YMR288W
YDR087C	YFR001W
YNL329C	YOL044W
YAL062W	YDR388W
YJL190C	YJR123W
YIR038C	YPL246C
YJR059W	YNL186W
YFR014C	YPL156C
YDR188W	YOR281C
YBR110W	YGR105W
YDL213C	YDR194C
YER164W	YHR099W
YER020W	YOR107W
YIR010W	YPL131W
YBL075C	YKL088W
YAR007C	YLR429W
YMR216C	YNL004W
YEL002C	YHR039C
YDR207C	YOL082W
YDR358W	YLL039C
YDL170W	YLL039C
YIL075C	YNL075W
YER171W	YOR136W
YFR051C	YNL258C
YMR047C	YPR144C
YBR141C	YGL091C
YBL026W	YPL115C
YBL032W	YLR055C
YBL030C	YFR004W
YDR510W	YHR099W
YDR390C	YPL106C
YFR014C	YGL079W
YGR261C	YOR106W
YGL158W	YHL021C
YFR004W	YLR438W
YFL016C	YIR010W
YNL212W	YPL204W
YBR106W	YDR508C
YDR188W	YGL137W
YKL181W	YOR244W
YER171W	YHR042W
YDR326C	YKL130C
YGR227W	YHR016C
YKL082C	YMR143W
YAL005C	YDL116W
YFR050C	YGL011C
YML049C	YPR094W
YBL106C	YPL174C
YDL239C	YPL124W
YJR141W	YKL101W
YGL207W	YKL101W
YBR138C	YGR223C
YMR239C	YOL010W
YDR212W	YLR030W
YKR008W	YNL031C
YLR432W	YPL198W
YJR053W	YMR001C
YBR102C	YJL085W
YDR497C	YNL217W
YDL043C	YKL074C
YFR034C	YNL004W
YAL035W	YDL220C
YEL013W	YER123W
YGL120C	YOR061W
YLR031W	YMR117C
YDR322W	YNL252C
YGL044C	YOR250C
YGL212W	YPL246C
YAL032C	YDL043C
YMR022W	YOL013C
YBR079C	YKL049C
YEL030W	YJR062C
YBL079W	YPL169C
YCR030C	YOL054W
YLR009W	YOR206W
YAL041W	YBL085W
YJL095W	YNL136W
YDL060W	YPL204W
YGL207W	YJL187C
YLR222C	YPL265W
YDR005C	YOR061W
YDR213W	YHR165C
YBR068C	YDR046C
YDR138W	YNL253W
YBR200W	YOR122C
YNL197C	YPR181C
YFR046C	YPL016W
YBR142W	YJR145C
YAL023C	YDR057W
YNL037C	YOR136W
YIL023C	YLL023C
YAL035W	YPR152C
YGL078C	YHR115C
YIL007C	YOR117W
YGL009C	YPL028W
YBR088C	YDR510W
YFR004W	YPL160W
YBR172C	YLR116W
YDR237W	YML025C
YBL032W	YNL124W
YDR318W	YER018C
YBR108W	YPL141C
YGR266W	YLL039C
YGL150C	YNL059C
YBR031W	YHL001W
YBL050W	YHL031C
YBL045C	YNL118C
YBL086C	YNL154C
YBL075C	YPL042C
YFR004W	YLR452C
YJR105W	YOR117W
YGR178C	YNR014W
YHR027C	YML088W
YDR343C	YNL032W
YFR004W	YJR073C
YER166W	YLL039C
YDR510W	YPL228W
YAL029C	YHR023W
YHR140W	YNL048W
YCR005C	YLL039C
YGL056C	YJL187C
YIL097W	YPL061W
YER022W	YGL158W
YBL074C	YPR182W
YBL105C	YJL002C
YBR002C	YBR041W
YLR249W	YPR062W
YDL239C	YOR324C
YLL039C	YNL117W
YFL009W	YOR057W
YBR279W	YOL145C
YIL019W	YKL082C
YCR086W	YKR034W
YFR010W	YOR117W
YIL144W	YMR117C
YNR023W	YPL248C
YER067W	YFR004W
YBR031W	YPL198W
YDR258C	YKR008W
YDR030C	YDR188W
YDR457W	YJR017C
YJL098W	YOR061W
YJL143W	YPL063W
YIL075C	YOR362C
YGL179C	YGR126W
YGL112C	YGR270W
YDR329C	YOL044W
YBR183W	YOR254C
YHL001W	YPL198W
YAL005C	YLR398C
YHR164C	YHR165C
YHR027C	YIL075C
YKL101W	YOR252W
YGR159C	YLR197W
YLL026W	YPR173C
YKL172W	YNL230C
YMR078C	YNL262W
YJL082W	YNL197C
YFR028C	YIR010W
YDL082W	YDR012W
YFR034C	YHR008C
YCL045C	YLL039C
YDR304C	YIL063C
YHR181W	YLR026C
YGL120C	YKL042W
YCR071C	YHL004W
YBR031W	YER151C
YNL132W	YNL308C
YLR270W	YPL245W
YBR247C	YCL059C
YGL158W	YMR243C
YKL161C	YPL140C
YDR074W	YLL039C
YDL120W	YPR004C
YGL004C	YPR108W
YDL013W	YER116C
YCR087C-A	YDR398W
YKR084C	YLL039C
YGL111W	YPL131W
YGR142W	YJL036W
YHR174W	YIR010W
YIR010W	YMR117C
YNL265C	YPL237W
YBR279W	YGL244W
YDL213C	YPR016C
YJL203W	YMR240C
YML057W	YOR324C
YCR005C	YJL042W
YIL135C	YOR351C
YDR301W	YGR156W
YBL032W	YGR058W
YBL032W	YDR076W
YJL080C	YKL185W
YKR097W	YPL180W
YDR398W	YKL101W
YDR469W	YNL031C
YGL123W	YIR010W
YMR216C	YPR174C
YGL137W	YML067C
YDR087C	YKL082C
YDR381W	YER171W
YBR127C	YPR152C
YJL138C	YMR186W
YBR155W	YNL154C
YGL077C	YLL028W
YFR031C-A	YML063W
YJL080C	YJR145C
YKR001C	YNL059C
YBR059C	YFR014C
YIL177C	YKL049C
YLR432W	YNL230C
YER151C	YLR406C
YJR059W	YOR070C
YDR388W	YNL138W
YBL032W	YGL215W
YBR088C	YOR213C
YKL065C	YLL039C
YFR052W	YML092C
YBL032W	YDL106C
YDL147W	YOR157C
YJR059W	YKR090W
YAL005C	YDR510W
YIR025W	YLR127C
YBL047C	YOL087C
YMR080C	YOR076C
YIL061C	YLR213C
YLR345W	YOR244W
YHL001W	YLR441C
YGL131C	YNL127W
YDR101C	YGL103W
YIL171W	YPR028W
YLR328W	YLR438W
YCR033W	YPL055C
YKR029C	YNL031C
YBR136W	YCR004C
YDL080C	YGR196C
YMR229C	YNL154C
YDR166C	YGL233W
YDR381W	YGL112C
YER113C	YIL120W
YIL093C	YLR074C
YDR171W	YPL106C
YGL120C	YOL115W
YML049C	YMR240C
YDR510W	YGL157W
YHR019C	YIL075C
YDR330W	YKR094C
YEL061C	YGR135W
YJR058C	YOL113W
YAL015C	YEL060C
YBL032W	YLR080W
YBR068C	YPL246C
YGR048W	YGR178C
YLR291C	YPL049C
YFR034C	YJR123W
YLL034C	YLL045C
YBR127C	YGR020C
YKR092C	YLR429W
YDL222C	YOL100W
YMR036C	YPL204W
YDR091C	YNL112W
YFR004W	YJR014W
YLL039C	YPL087W
YNL154C	YOR177C
YDR127W	YOR136W
YCR005C	YLR055C
YBL032W	YKL062W
YOL045W	YPL077C
YAL060W	YDR510W
YGL158W	YPL042C
YNL154C	YOL122C
YBR107C	YGL071W
YOL082W	YPL141C
YFL011W	YJL222W
YJR059W	YKL080W
YGR180C	YKL168C
YBR154C	YKR008W
YJL008C	YLL039C
YOL127W	YPL249C-A
YBL032W	YKL215C
YER018C	YKL025C
YIR010W	YLR197W
YER179W	YOR191W
YDR469W	YLR432W
YDL100C	YPR075C
YBR069C	YDL043C
YER062C	YFR004W
YLR218C	YLR429W
YCR075C	YPL246C
YGR037C	YOL152W
YML113W	YNL197C
YEL058W	YFR004W
YJL041W	YML025C
YCR079W	YJL138C
YGR048W	YIR033W
YER164W	YMR223W
YEL060C	YJL124C
YBL032W	YLR187W
YBR041W	YDL153C
YDR388W	YFR010W
YAL041W	YNL175C
YDL007W	YFR052W
YBL105C	YMR113W
YMR143W	YNL132W
YLR147C	YLR298C
YBL032W	YPL163C
YDL212W	YDR508C
YBL032W	YGR089W
YCR046C	YCR071C
YER022W	YGR005C
YJL033W	YMR061W
YMR125W	YNR011C
YGL051W	YGR260W
YBR127C	YMR054W
YDL239C	YDR273W
YFR004W	YHR104W
YKR068C	YLL039C
YGR116W	YOR061W
YFR004W	YKL120W
YDR092W	YMR140W
YAL043C	YLL045C
YKL049C	YMR207C
YLL039C	YLR128W
YDR238C	YGL137W
YIL137C	YLL039C
YDR143C	YJL052W
YDR479C	YGR149W
YKL051W	YOR273C
YLR131C	YNL254C
YLR071C	YPR187W
YBL016W	YPL049C
YJR059W	YML118W
YDR155C	YFR004W
YBR177C	YLL012W
YAL056W	YBR140C
YGR092W	YIL135C
YDR422C	YJL124C
YDR381W	YER050C
YNL301C	YOL127W
YLL019C	YNL004W
YDR510W	YML070W
YBR247C	YOR119C
YBL030C	YEL024W
YCL011C	YGL120C
YDR510W	YFL024C
YDR510W	YLR420W
YML054C	YPL063W
YIL093C	YNR037C
YBR183W	YDR039C
YJR093C	YMR061W
YCR028C-A	YDR265W
YDL188C	YOL038W
YFR004W	YPL131W
YGL112C	YNL039W
YDR131C	YOL133W
YER018C	YGL086W
YBR082C	YDL190C
YMR109W	YPL038W
YKR035W-A	YPR173C
YBR105C	YMR135C
YEL013W	YPR185W
YDR318W	YPL018W
YNL007C	YPL106C
YLR304C	YOL006C
YDL208W	YMR310C
YLR304C	YPL204W
YDR457W	YDR463W
YFR004W	YGR118W
YGR037C	YKL130C
YGL137W	YMR291W
YAL051W	YKL172W
YBL032W	YOR388C
YGL187C	YLR203C
YJL014W	YMR288W
YHR027C	YJL190C
YDR277C	YMR109W
YFR004W	YPL143W
YLR315W	YPL018W
YDR523C	YEL060C
YCR032W	YDL147W
YAR003W	YBR175W
YAL053W	YER020W
YDR510W	YJL008C
YDR188W	YHR027C
YEL041W	YHR115C
YJR010C-A	YOR254C
YJL002C	YOR085W
YIL144W	YOL091W
YCL014W	YIL140W
YLL039C	YPL176C
YGL060W	YIL144W
YKR034W	YLR291C
YGR041W	YLR353W
YDR394W	YLR421C
YDR188W	YKL204W
YHR027C	YKL127W
YOR206W	YPR016C
YGL237C	YIL053W
YBL102W	YBR241C
YLR083C	YOR071C
YNL132W	YPR144C
YJL177W	YOR096W
YLR371W	YPL169C
YGR122W	YML099C
YDL077C	YOL013C
YDR295C	YNL154C
YHL004W	YPR100W
YEL027W	YKL065C
YIL061C	YIL070C
YIR025W	YLR102C
YLR287C	YOR231W
YFR028C	YJR066W
YGL044C	YOL123W
YBR279W	YGL207W
YCL014W	YJL052W
YJL149W	YOL133W
YDR394W	YOR136W
YEL030W	YMR214W
YGL179C	YOL072W
YKR034W	YLR132C
YNR052C	YPR046W
YDR100W	YGR223C
YER040W	YGL167C
YDR012W	YER126C
YGR056W	YOR319W
YKL185W	YOR351C
YJL146W	YPL203W
YJR042W	YLR371W
YDR388W	YGL060W
YNL265C	YNR006W
YBL032W	YDL224C
YBL032W	YLL048C
YML012W	YPL246C
YDL220C	YDR143C
YDR508C	YIL114C
YBR105C	YMR061W
YLR221C	YPL131W
YER151C	YMR143W
YDR257C	YLL039C
YJL203W	YOR319W
YBR119W	YPR182W
YBR055C	YGR075C
YJL143W	YKR065C
YMR233W	YNL154C
YFL005W	YPR028W
YBL032W	YPL049C
YJL061W	YKL068W
YBL101C	YNL225C
YDR087C	YPL131W
YBL017C	YKL049C
YFR043C	YLL039C
YBR028C	YJR059W
YAL034C	YBL032W
YBL032W	YNR002C
YCR086W	YDR224C
YDL028C	YER018C
YDR163W	YMR213W
YBL026W	YGR158C
YNR011C	YPL012W
YNL197C	YNL238W
YGR165W	YNR036C
YAL041W	YJL177W
YDR420W	YNL197C
YGR120C	YPR185W
YOR204W	YPL055C
YOR085W	YOR103C
YDL007W	YFR004W
YMR288W	YPR101W
YJL068C	YLR354C
YER151C	YPR152C
YIR010W	YPR046W
YKL042W	YNL053W
YML105C	YPL210C
YKL144C	YNL113W
YDL153C	YNL154C
YGR038W	YJR059W
YHR014W	YPL204W
YIL001W	YOL133W
YDR394W	YGR092W
YGR005C	YPR056W
YOL091W	YPL018W
YIL008W	YNL119W
YBR142W	YGL078C
YGL025C	YPL042C
YDL084W	YOL072W
YIL126W	YIR010W
YBR143C	YFR004W
YGR128C	YMR093W
YKL012W	YLR116W
YLR009W	YOL006C
YDR284C	YPR036W
YDR367W	YKL004W
YDL053C	YPL042C
YDR510W	YGR048W
YDR212W	YLL039C
YKL109W	YMR117C
YKL049C	YMR005W
YGR149W	YNL181W
YJL187C	YNL206C
YMR172W	YOR061W
YBL093C	YGL151W
YHR128W	YNR012W
YDR381W	YPR094W
YMR146C	YNL244C
YEL009C	YGL025C
YGL073W	YMR037C
YER116C	YOR156C
YJL014W	YJL111W
YDL100C	YHR027C
YAL005C	YLR357W
YDR453C	YJR085C
YDL197C	YNL124W
YGR104C	YOR141C
YCR014C	YFR052W
YJR045C	YNL078W
YJL052W	YOR117W
YNL216W	YPR052C
YFR014C	YLR030W
YJL061W	YMR047C
YML056C	YNL230C
YLR168C	YNL131W
YFR004W	YHR019C
YBL032W	YLR464W
YDR086C	YEL002C
YDR381W	YHR167W
YMR001C	YNL225C
YBR123C	YGL133W
YGR167W	YNL183C
YBL045C	YOR065W
YCR028C-A	YER151C
YDL101C	YKR097W
YDL007W	YDL020C
YMR205C	YPR152C
YBL039C	YDR388W
YBL032W	YFL021W
YGR287C	YMR216C
YNR017W	YPL063W
YDR280W	YHR069C
YHL025W	YPL016W
YFL005W	YOR117W
YGL158W	YHR099W
YKL012W	YLR147C
YGR005C	YPR086W
YFL062W	YPL141C
YFR034C	YML056C
YGR252W	YIL149C
YGL173C	YNL118C
YNL027W	YPL204W
YBL085W	YBR238C
YDL126C	YJR059W
YDR100W	YHR016C
YFR004W	YPL226W
YDL070W	YJR059W
YGL207W	YOL054W
YER172C	YOR159C
YDL113C	YPR105C
YCR073W-A	YDL214C
YBL032W	YOR355W
YLR429W	YNL106C
YJL187C	YNL227C
YDR381W	YHR185C
YJL039C	YMR205C
YDR012W	YDR101C
YDR510W	YOL043C
YEL046C	YJL074C
YJL176C	YMR224C
YBR017C	YKL120W
YDL208W	YOR340C
YOR119C	YPL146C
YMR117C	YMR224C
YLL039C	YMR015C
YBL032W	YKL164C
YGL137W	YNL274C
YBR094W	YDL015C
YDL028C	YML091C
YLR222C	YPR144C
YGL242C	YMR109W
YLR228C	YPL042C
YLR258W	YOR351C
YBR119W	YKL012W
YFR014C	YOR113W
YDL120W	YOR176W
YDR086C	YOR117W
YOR096W	YPL012W
YLL039C	YLR148W
YLR186W	YMR093W
YDL208W	YGL078C
YBL032W	YGL173C
YDR091C	YJR145C
YLR131C	YPL256C
YER028C	YJL124C
YGR142W	YJL053W
YMR183C	YNR049C
YML048W	YML067C
YBL032W	YHR139C
YDR348C	YLL039C
YGR278W	YHR165C
YMR240C	YPL151C
YGL123W	YLR441C
YGL150C	YKL049C
YLR187W	YNL197C
YGL112C	YNL216W
YDR012W	YKL009W
YFL023W	YKL101W
YLL039C	YLR249W
YGR129W	YPL151C
YBL032W	YDR492W
YAL032C	YML049C
YFL005W	YLL039C
YDL141W	YMR239C
YJR066W	YPL055C
YAL043C	YOR250C
YDR381W	YNL293W
YFL044C	YGR048W
YFR004W	YJR148W
YGL030W	YOR204W
YLR222C	YNL138W
YDR381W	YDR515W
YER151C	YKL056C
YGL030W	YJR123W
YLL016W	YOL090W
YLR216C	YMR186W
YJL014W	YKL088W
YAL021C	YGR092W
YDL224C	YIL061C
YKR084C	YOR244W
YFR004W	YJL101C
YLL045C	YOR206W
YCL027W	YLL021W
YDR188W	YGR254W
YDR071C	YFR004W
YAL005C	YLL010C
YER116C	YJL187C
YBR221C	YPL259C
YDR541C	YKL008C
YBL032W	YNL078W
YJL187C	YPL124W
YJL159W	YKL073W
YJL060W	YOR327C
YDR156W	YOR340C
YDL028C	YNL186W
YLR223C	YNL216W
YDL028C	YGL086W
YLR197W	YLR222C
YBR018C	YGL137W
YDR510W	YHR027C
YDR303C	YIR010W
YBL032W	YFR008W
YDR516C	YER125W
YGR048W	YKL213C
YEL009C	YPL038W
YDL022W	YHR027C
YBR154C	YMR015C
YHL004W	YKL138C
YMR216C	YNL112W
YOR117W	YPR163C
YJL177W	YJL190C
YBR251W	YDR347W
YGR260W	YLL039C
YBR127C	YFR004W
YGL105W	YJR059W
YDR388W	YOR357C
YDL220C	YFL029C
YIR010W	YLR325C
YDL084W	YDR143C
YBL032W	YJL139C
YOR335C	YOR351C
YCR071C	YDR405W
YJR053W	YMR319C
YMR314W	YOR157C
YJL023C	YPR116W
YOR061W	YOR294W
YBL015W	YPR110C
YMR115W	YPR024W
YGR089W	YPR141C
YAL005C	YDR301W
YJL025W	YOR380W
YBR082C	YHR115C
YDR293C	YMR304W
YEL009C	YOR117W
YGL030W	YML063W
YKL088W	YOR054C
YFL023W	YPR169W
YNL136W	YNL154C
YFL005W	YFL038C
YLL039C	YPL058C
YDL100C	YKR100C
YBL030C	YOR176W
YLR055C	YMR005W
YDL154W	YMR224C
YDL053C	YEL048C
YDR382W	YFR034C
YGR082W	YNL003C
YDR155C	YDR510W
YLR221C	YNL154C
YDR388W	YDR515W
YLL039C	YMR110C
YGL158W	YJL176C
YJR059W	YKL042W
YIL144W	YJL014W
YER179W	YPR183W
YFR031C-A	YJR145C
YGL133W	YPL016W
YLL045C	YPR016C
YER151C	YKL035W
YBL032W	YJR095W
YIL070C	YKL049C
YHR047C	YLL039C
YDR054C	YFL009W
YJL041W	YPL012W
YFR004W	YMR080C
YJR070C	YOL045W
YBL032W	YJR106W
YJL014W	YOR165W
YFR031C-A	YKL068W
YBR126C	YOL133W
YBR083W	YMR164C
YDR116C	YDR296W
YAL005C	YDL019C
YBL032W	YLR018C
YGL201C	YOR157C
YDR141C	YNL297C
YDR479C	YOL003C
YGR135W	YKR070W
YDR322W	YGR220C
YBL045C	YLR132C
YJL203W	YLL036C
YNL243W	YNR035C
YDR143C	YGL078C
YGL056C	YGL179C
YJL052W	YML056C
YML008C	YMR228W
YLR083C	YML048W
YKL166C	YMR223W
YJL190C	YML063W
YFL042C	YGR017W
YJL187C	YNL027W
YFR014C	YPR152C
YNL197C	YNR030W
YBL032W	YNR039C
YKL022C	YPR152C
YBR017C	YKL068W
YER151C	YGL103W
YML049C	YNR011C
YDL065C	YDR329C
YNL172W	YOR315W
YGL112C	YIL106W
YDL143W	YJL014W
YGL112C	YPL011C
YOL034W	YOL082W
YHR027C	YPR036W
YIR025W	YPL018W
YBR079C	YIL106W
YPR052C	YPR187W
YDR229W	YGL179C
YCL066W	YNL238W
YLR315W	YPR046W
YDR516C	YOR270C
YKL129C	YMR109W
YDL167C	YLL039C
YGL133W	YKR001C
YER025W	YHL004W
YLR393W	YNL154C
YAL041W	YBR200W
YAR018C	YJR059W
YLR048W	YPL106C
YFR004W	YMR173W
YGL053W	YIL109C
YLL039C	YMR304W
YKL049C	YPL019C
YKR036C	YMR228W
YBR079C	YGL130W
YHR140W	YMR215W
YDR054C	YJL187C
YAL027W	YIL105C
YJR045C	YLR369W
YBR279W	YGR005C
YDR388W	YPL077C
YBR069C	YDR171W
YBL032W	YDR508C
YAL035W	YOR361C
YFL009W	YLR079W
YKL022C	YLR102C
YLL036C	YNL302C
YJL041W	YMR193W
YBL032W	YNL020C
YBL039C	YKL029C
YDL147W	YDR394W
YDR497C	YER145C
YOR361C	YPR016C
YFR031C-A	YLR344W
YDL239C	YOR177C
YCL027W	YDL199C
YJL145W	YLR266C
YBL097W	YDR439W
YMR273C	YPL256C
YLR186W	YLR222C
YDL013W	YMR216C
YDR301W	YLR115W
YML049C	YOR319W
YLR268W	YPR181C
YKL101W	YLR011W
YGL016W	YML124C
YLL036C	YML046W
YCR014C	YFR010W
YCL011C	YDL213C
YNL301C	YPL249C-A
YAL005C	YNL157W
YGL147C	YLL045C
YBL093C	YGL025C
YBR135W	YEL034W
YDR280W	YMR229C
YDR068W	YMR010W
YEL046C	YHR027C
YPL220W	YPL259C
YBR077C	YMR004W
YDR227W	YER164W
YAL029C	YKL018W
YIL094C	YPR061C
YEL003W	YLR200W
YJL080C	YPL042C
YIL009C-A	YLR318W
YGR274C	YMR227C
YFR004W	YOR128C
YDR156W	YPR049C
YGL103W	YKR081C
YCR077C	YGL143C
YBR205W	YHL031C
YKL166C	YPR160W
YER062C	YHL032C
YJL068C	YOR125C
YBL032W	YBR083W
YGL030W	YLR287C-A
YHR027C	YJL111W
YGL090W	YOR061W
YPL012W	YPL141C
YBR142W	YJL095W
YFR001W	YPL131W
YDR394W	YMR314W
YOL135C	YPL248C
YDL015C	YDR502C
YBR112C	YER018C
YJL140W	YLR071C
YJR066W	YNL229C
YDL126C	YDR057W
YCL011C	YHR167W
YBL032W	YOR030W
YIR038C	YOL018C
YFR028C	YMR160W
YDR142C	YHR160C
YER052C	YFR004W
YHL048W	YKL065C
YLL045C	YPL131W
YBL032W	YBL081W
YNR023W	YPL016W
YGR135W	YOL038W
YGL173C	YKL023W
YLL039C	YMR022W
YBL016W	YFR039C
YNL031C	YOL006C
YBL032W	YKL101W
YOR178C	YPL204W
YLR197W	YMR229C
YOL120C	YPR016C
YMR047C	YMR153W
YDR326C	YOR048C
YEL013W	YIL129C
YAR018C	YKL166C
YIL095W	YML088W
YEL013W	YFR004W
YNL191W	YNL197C
YLR345W	YOR219C
YHR027C	YHR128W
YKL130C	YNL066W
YDR428C	YER123W
YBL032W	YLR265C
YML063W	YOL120C
YFR034C	YMR229C
YBR084W	YIR010W
YGL179C	YHR205W
YAL043C	YNL222W
YBR017C	YDR002W
YBL016W	YMR153W
YBL081W	YPR173C
YDR150W	YLL039C
YFR004W	YOR184W
YPL042C	YPL246C
YDR382W	YOL127W
YDL082W	YPL198W
YAL003W	YER151C
YBR106W	YFL062W
YJL128C	YNR058W
YLL039C	YMR221C
YML056C	YPL220W
YGR159C	YJR059W
YDR381W	YIR010W
YJR059W	YJR099W
YBL085W	YKL218C
YGR136W	YNL293W
YBL032W	YJR108W
YER151C	YLR344W
YMR186W	YPR152C
YGL014W	YJL177W
YFR004W	YKL213C
YDR394W	YPR108W
YKL139W	YLR432W
YDR086C	YHR027C
YBL030C	YPL063W
YLR432W	YPR152C
YER151C	YHL001W
YMR323W	YOR351C
YFR034C	YGR159C
YHR027C	YPL117C
YIL070C	YNL137C
YER141W	YJL014W
YIL105C	YPR152C
YDR382W	YLR287C-A
YOR185C	YPL226W
YDR212W	YOR117W
YFR014C	YPR035W
YDR224C	YDR365C
YGL237C	YJL138C
YFL010C	YOR231W
YDL111C	YDR280W
YLL039C	YLR079W
YBL050W	YBL078C
YGL179C	YKL206C
YDR227W	YOR191W
YBL032W	YNL197C
YDR382W	YPL249C-A
YDR005C	YHR205W
YFR004W	YOR362C
YIL124W	YPL106C
YCR081W	YGL127C
YDR216W	YOL001W
YDR394W	YPL248C
YDL214C	YOL065C
YGL202W	YHR027C
YDL126C	YKL204W
YEL002C	YGL137W
YBR143C	YJR145C
YMR314W	YNL229C
YMR072W	YOL006C
YDR364C	YIL030C
YBL032W	YER039C
YDL147W	YFR050C
YLR116W	YMR216C
YJR066W	YMR216C
YHR016C	YKL129C
YGL030W	YLL045C
YDL056W	YLL036C
YAL005C	YPL110C
YNR046W	YOL061W
YDR510W	YGR186W
YMR061W	YOR250C
YKL009W	YNL175C
YLR018C	YPL169C
YHR174W	YNL127W
YMR001C	YMR036C
YDR365C	YDR388W
YBL032W	YJL079C
YBL016W	YDR216W
YDR510W	YOL006C
YMR299C	YPL058C
YDL101C	YDR155C
YDR510W	YLR249W
YDR188W	YNL212W
YHR027C	YML106W
YBR056W	YLL039C
YBL032W	YPL140C
YDR382W	YGL103W
YGR161C	YKR027W
YER032W	YGR140W
YGR260W	YPR028W
YJR042W	YPL169C
YLR127C	YMR001C
YAR007C	YLR103C
YDR138W	YKL049C
YDR205W	YNL197C
YDL188C	YML109W
YLR429W	YMR109W
YCR042C	YDR145W
YER113C	YPL246C
YDL013W	YPR045C
YIR010W	YJL190C
YBR069C	YDL015C
YGL137W	YOR327C
YDL147W	YFR052W
YOL100W	YPR083W
YHR039C	YML012W
YDR299W	YNL308C
YDR092W	YHR137W
YBR059C	YPL223C
YMR131C	YPL144W
YDL212W	YEL017C-A
YML024W	YPL012W
YBL032W	YDL123W
YDL116W	YGL172W
YGL137W	YKL049C
YBR017C	YGL105W
YGR252W	YNL031C
YDR046C	YNL197C
YIL026C	YMR001C
YDR377W	YKL016C
YML049C	YPR101W
YBR110W	YJR010C-A
YDL006W	YFR028C
YHL004W	YLR432W
YLR274W	YPR135W
YER151C	YLR197W
YER151C	YKL104C
YGL123W	YHL001W
YER172C	YNL147W
YKL152C	YLL036C
YGL173C	YML056C
YER151C	YML028W
YDR227W	YDR365C
YDL223C	YNL154C
YFL017W-A	YLL036C
YGL120C	YOR119C
YGL103W	YLL039C
YBR083W	YPL049C
YJL187C	YNL125C
YGL210W	YMR291W
YBL032W	YDR169C
YLL039C	YML028W
YER179W	YFL016C
YER025W	YHR115C
YGL011C	YHR027C
YBR196C	YFR004W
YDL012C	YHR032W
YGR170W	YJR059W
YBR106W	YIL048W
YFL023W	YJL095W
YBL009W	YDL053C
YER092W	YNL250W
YMR258C	YOR089C
YGL198W	YML001W
YER172C	YFL017W-A
YDR510W	YPL210C
YDR076W	YER095W
YJR066W	YNL314W
YDR100W	YPL020C
YPR024W	YPR152C
YDL188C	YGR161C
YGL120C	YJL190C
YGR118W	YLR441C
YGL077C	YLR326W
YMR229C	YPL220W
YEL017W	YMR001C
YPR101W	YPR182W
YDR382W	YHL001W
YJL176C	YMR072W
YJR140C	YMR005W
YKL166C	YPL146C
YEL009C	YGR274C
YCR042C	YLL039C
YAL043C	YLL039C
YDR510W	YPL158C
YBL032W	YML115C
YPL061W	YPL226W
YHR085W	YLR074C
YHR027C	YJR105W
YLR368W	YPR093C
YKL051W	YML072C
YOR145C	YPL126W
YCR071C	YML025C
YDR510W	YLR441C
YDL002C	YNL154C
YBR288C	YGR261C
YGL014W	YNL112W
YFR031C-A	YHL001W
YGL120C	YKL009W
YBR142W	YPL141C
YFR002W	YML025C
YFR050C	YGR253C
YLL026W	YMR047C
YGL011C	YLL039C
YFL038C	YOL018C
YBL032W	YCR079W
YJR066W	YOR035C
YGL134W	YLR218C
YDR301W	YOR250C
YIR010W	YJL138C
YML019W	YOR085W
YDR100W	YGL077C
YER018C	YMR117C
YPL204W	YPR049C
YFR028C	YOR061W
YDR523C	YLR216C
YDR388W	YDR523C
YGL120C	YGR129W
YGL103W	YJL124C
YCR081W	YJL203W
YDL005C	YOL135C
YLR241W	YMR243C
YBL032W	YKR052C
YER180C	YGL026C
YGL189C	YLL039C
YNR011C	YPR094W
YER105C	YMR047C
YDL134C	YGR142W
YBR191W	YGL030W
YDR226W	YDR510W
YCL066W	YPL049C
YAL053W	YLR083C
YDR146C	YMR019W
YDR382W	YFR031C-A
YDR508C	YKL220C
YFL062W	YJL059W
YGL073W	YLL019C
YBL032W	YLR432W
YBR052C	YLL039C
YGR005C	YGR063C
YIR033W	YPL053C
YHR016C	YOR284W
YBR110W	YNL048W
YDL132W	YGR087C
YER022W	YPR056W
YDL088C	YJL039C
YDR116C	YDR405W
YLR228C	YMR070W
YAR071W	YBR093C
YHR027C	YHR094C
YBL032W	YNR067C
YGR254W	YHR013C
YBL032W	YPR141C
YDL213C	YKR081C
YDR150W	YDR295C
YDR499W	YMR303C
YBL039C	YER151C
YKL166C	YMR081C
YBL032W	YIR033W
YGL241W	YGR005C
YGR118W	YPR152C
YDR301W	YLR277C
YMR036C	YNL154C
YNL132W	YPL259C
YER125W	YGL087C
YBR119W	YFL017W-A
YDR195W	YNL222W
YDR122W	YJL187C
YKL068W	YMR080C
YFR014C	YPR187W
YDR012W	YDR382W
YMR315W	YPR152C
YJR059W	YPL077C
YDL171C	YPR086W
YJR109C	YOR117W
YBR272C	YGL048C
YHL029C	YNL099C
YAL032C	YJL112W
YDR227W	YJL019W
YIL095W	YLR206W
YER018C	YPL075W
YLL039C	YOL123W
YCR071C	YDR296W
YDL188C	YMR273C
YBL047C	YNL243W
YDL236W	YFR004W
YBL026W	YPL042C
YIL144W	YLR423C
YFR028C	YGR203W
YDR388W	YHL032C
YGR217W	YLL039C
YBL032W	YOR219C
YCL027W	YMR140W
YDR118W	YLR127C
YCR071C	YLR312W-A
YCR059C	YLL039C
YBL032W	YJL193W
YLR441C	YPL220W
YGR167W	YKL135C
YBL079W	YDL116W
YER151C	YFL045C
YIR010W	YPR088C
YDR272W	YGR223C
YER020W	YMR186W
YBL045C	YJL143W
YIL159W	YLR452C
YDR138W	YNL004W
YGR270W	YKR092C
YCR086W	YPL233W
YOR213C	YOR294W
YIL095W	YMR239C
YAR018C	YPL018W
YCR030C	YMR109W
YLL001W	YPL204W
YJR059W	YMR285C
YDR171W	YGR092W
YJR101W	YOR204W
YBR202W	YGL201C
YLR438W	YNL244C
YBR298C	YML048W
YKL126W	YLL039C
YJL111W	YNL212W
YGL210W	YLR026C
YFR034C	YLR359W
YER125W	YFR022W
YBL032W	YDR006C
YDR347W	YNR037C
YDR304C	YHR185C
YBL079W	YGR128C
YDR141C	YJL014W
YFL017W-A	YIL061C
YDL007W	YDL147W
YFR014C	YMR205C
YHR102W	YOR257W
YBL032W	YJL019W
YGR159C	YOR117W
YMR224C	YNL250W
YER172C	YPL151C
YBR200W	YGR134W
YLR074C	YPL131W
YBR094W	YLR264W
YBL032W	YER068W
YER018C	YFR046C
YDL007W	YLR421C
YJL177W	YOR234C
YBR031W	YPR144C
YBL047C	YBR059C
YHR089C	YMR310C
YFR052W	YHR102W
YKL130C	YKL168C
YBL032W	YKL051W
YAL005C	YFR031C
YJL177W	YJR123W
YKR085C	YLR312W-A
YKR076W	YLL039C
YAL005C	YOR155C
YBR251W	YHL004W
YER173W	YJL014W
YMR154C	YOR362C
YCL011C	YNL253W
YDR113C	YGR225W
YIL095W	YNL272C
YFR004W	YIL063C
YDL084W	YDR138W
YGL014W	YNL302C
YBL103C	YIR023W
YNL216W	YPL075W
YFR028C	YOR257W
YHR089C	YKR092C
YBL032W	YNL152W
YIR038C	YJL183W
YLR071C	YOL135C
YKL035W	YLL039C
YKR014C	YLL039C
YFL016C	YKL049C
YBL067C	YOL087C
YFR031C-A	YGL147C
YDR237W	YDR296W
YDR155C	YPL146C
YER105C	YFR002W
YFR034C	YNL112W
YBL032W	YDR293C
YBL032W	YJR086W
YBR079C	YIR010W
YGL084C	YPL141C
YDL084W	YDR381W
YIL144W	YPL018W
YBR126C	YLL039C
YAL043C	YLR115W
YKL018W	YPL138C
YDR378C	YJL139C
YBL079W	YLR018C
YDR009W	YML051W
YDL213C	YDR510W
YDR227W	YML109W
YIR010W	YOR202W
YCL059C	YLL039C
YDR381W	YML012W
YDR229W	YNL053W
YKR099W	YLR359W
YLL039C	YMR036C
YBL017C	YPL049C
YDR009W	YNL229C
YAR007C	YLR304C
YFR004W	YPL096W
YJL190C	YMR125W
YER172C	YML046W
YHR027C	YKL065C
YBR135W	YJL138C
YBL032W	YEL017W
YDR373W	YGL153W
YLR298C	YMR125W
YDR113C	YLR102C
YDR002W	YJL124C
YGL103W	YHL001W
YCL059C	YOL127W
YGR048W	YLR450W
YLR381W	YPL018W
YKR086W	YMR125W
YFR004W	YNL118C
YLL028W	YPL058C
YBL103C	YBR112C
YDL028C	YMR001C
YBR187W	YDR381W
YLR200W	YMR052W
YLL034C	YOL133W
YDL116W	YJR042W
YJL053W	YMR010W
YDL101C	YOL082W
YDR224C	YJL176C
YBL030C	YDL174C
YAL062W	YOR362C
YFR001W	YMR229C
YDR229W	YJL187C
YHR140W	YKL065C
YOL087C	YPR108W
YLR197W	YML012W
YDR394W	YOL038W
YCR086W	YML109W
YAR003W	YPL138C
YML112W	YNL118C
YOR270C	YPR149W
YBL074C	YDL208W
YGR008C	YJR059W
YAR019C	YMR001C
YCL010C	YMR080C
YAL055W	YDL100C
YGL120C	YMR269W
YJL190C	YLR441C
YBR031W	YPL220W
YBL029W	YKR036C
YGL025C	YOL135C
YER090W	YHR027C
YOL018C	YOR320C
YDR092W	YER061C
YFR014C	YML001W
YKL109W	YPL016W
YAR007C	YBR136W
YJL080C	YLL027W
YEL032W	YLR103C
YDR086C	YJL002C
YFR052W	YMR106C
YGL150C	YKL104C
YAL032C	YJL203W
YFR002W	YLR335W
YBR017C	YPR093C
YAL032C	YBL105C
YHR027C	YLL045C
YOL127W	YPL220W
YMR001C	YOR117W
YKL012W	YLR298C
YBR158W	YLL034C
YDL082W	YNL124W
YDL013W	YML023C
YGR167W	YJL187C
YGL026C	YHR027C
YBR200W	YOR327C
YDL105W	YPR169W
YCL044C	YER017C
YJR066W	YKR093W
YDR510W	YLR449W
YDL080C	YLL039C
YNL214W	YNL329C
YBR028C	YIL144W
YFR004W	YMR079W
YDR145W	YPL248C
YFL016C	YPR152C
YBR031W	YNL132W
YBL032W	YML027W
YEL034W	YNL302C
YGL137W	YLR268W
YMR201C	YOL090W
YGR174C	YLL039C
YAR019C	YBL032W
YGL153W	YNL214W
YHR129C	YLL049W
YMR047C	YOR145C
YDR108W	YFR010W
YAL021C	YBL032W
YBR247C	YLR186W
YLL028W	YML132W
YLL026W	YLR357W
YEL061C	YOR058C
YDR510W	YFR052W
YBR069C	YPL151C
YBR084W	YFR031C-A
YKL049C	YLR467W
YDR394W	YGL004C
YBL050W	YGL095C
YGL014W	YHL001W
YGR092W	YPL124W
YCR079W	YMR239C
YIL047C	YLL039C
YDR296W	YGR220C
YJL124C	YNL163C
YJR140C	YMR031C
YDR510W	YEL034W
YBR258C	YDR469W
YBL032W	YLR436C
YEL034W	YNL250W
YDL147W	YOR117W
YDR381W	YLL054C
YJR091C	YLL039C
YER151C	YKL152C
YMR285C	YPR110C
YGR270W	YOR340C
YNL031C	YOL054W
YKL029C	YPL220W
YDR226W	YHR027C
YDL134C	YLR429W
YGL044C	YLR115W
YGL226C-A	YOR085W
YDL195W	YDL212W
YLL048C	YNL238W
YDL239C	YOL091W
YDR256C	YPL150W
YBR175W	YDR138W
YDR510W	YEL009C
YFR004W	YOR209C
YEL060C	YNL106C
YER055C	YHR027C
YGL011C	YIL075C
YLL039C	YNL070W
YDR510W	YPR112C
YBR084W	YER123W
YDR229W	YMR047C
YER018C	YFR008W
YKL065C	YNL048W
YIR008C	YNL312W
YDR039C	YPL058C
YDL043C	YMR302C
YBL032W	YBR112C
YDR381W	YLR398C
YGR135W	YOL146W
YLL039C	YMR162C
YBR059C	YJL084C
YHR073W	YNL154C
YJR090C	YLR134W
YFR014C	YGL073W
YDR247W	YJR025C
YGL030W	YHR027C
YNL154C	YNL292W
YIL126W	YKL049C
YHR089C	YJL010C
YGR033C	YOL100W
YDR306C	YNL138W
YBR135W	YKL022C
YAL005C	YBL005W
YHR027C	YKL120W
YBR236C	YGR116W
YDL057W	YJL058C
YDR216W	YGL112C
YBR059C	YJL098W
YBL032W	YNL238W
YBL093C	YOL135C
YDL098C	YGR075C
YMR186W	YOR117W
YBR200W	YLL050C
YJR065C	YNR035C
YNR011C	YPR101W
YER141W	YGR112W
YMR005W	YNL330C
YBL032W	YDR227W
YDL171C	YFR034C
YHL025W	YNL216W
YNL138W	YOL087C
YKL197C	YNL329C
YBL042C	YBR052C
YHR165C	YPL151C
YBR055C	YLR147C
YML057W	YMR186W
YDR516C	YER123W
YFR004W	YGR180C
YGL179C	YPL236C
YCR071C	YOR361C
YBR200W	YDR166C
YBR055C	YPR160W
YKL139W	YKR018C
YER047C	YJL019W
YNL216W	YPL248C
YHR133C	YNL321W
YDL220C	YEL030W
YFL029C	YGR080W
YFL062W	YML012W
YOR117W	YPL106C
YBL032W	YPL249C-A
YGL051W	YLL028W
YDL208W	YIR010W
YMR173W	YPL141C
YFR004W	YML056C
YDR381W	YHL001W
YFR004W	YOL061W
YFR015C	YJL095W
YBR083W	YKL161C
YCL059C	YDR510W
YJR109C	YLL039C
YJR050W	YPR101W
YML001W	YPR106W
YBR135W	YDR510W
YKL082C	YPL141C
YKL051W	YLR219W
YML063W	YPR112C
YDL209C	YMR125W
YGL111W	YLR009W
YDR244W	YGL205W
YNR011C	YOR319W
YDL077C	YLR148W
YGL179C	YLL050C
YFR028C	YJL187C
YFL017W-A	YMR125W
YBR031W	YOL120C
YGL111W	YLL034C
YCR071C	YKR085C
YBL016W	YMR262W
YBL016W	YDR103W
YNL227C	YOL113W
YIR010W	YMR005W
YFR021W	YJR140C
YDR490C	YLR466W
YJL124C	YML088W
YBL032W	YPR005C
YKL074C	YMR288W
YDL222C	YPL058C
YDL213C	YNL112W
YBL032W	YKL032C
YBR207W	YDL123W
YDR388W	YPR088C
YLR406C	YLR441C
YER163C	YLL039C
YLR074C	YPL198W
YHR165C	YML046W
YBR241C	YPL087W
YFL047W	YJL095W
YEL063C	YIL114C
YDL126C	YPL256C
YER125W	YJL084C
YKL049C	YMR229C
YIL156W	YMR216C
YEL065W	YGL071W
YJL140W	YPR052C
YDR224C	YGR252W
YNL154C	YPR152C
YAL032C	YPR101W
YDL147W	YGR092W
YBL032W	YPR100W
YCR033W	YKR029C
YAR033W	YGR260W
YFR028C	YLL003W
YAR028W	YPR128C
YER050C	YNL137C
YCR081W	YPL248C
YKL135C	YPL259C
YFR004W	YLR197W
YGR063C	YGR186W
YJL098W	YLR249W
YJL014W	YMR106C
YDR364C	YMR213W
YEL009C	YLL039C
YDR343C	YJR066W
YER018C	YKR034W
YGR252W	YPL016W
YDR224C	YMR223W
YAL005C	YJL039C
YFR034C	YNL302C
YBL093C	YGL127C
YGL105W	YOR231W
YFR021W	YLR222C
YDR171W	YLL039C
YAL005C	YBR231C
YIL057C	YPL150W
YDR052C	YNL197C
YDR510W	YER090W
YDL126C	YIR010W
YBR107C	YPR046W
YBR200W	YEL013W
YCR079W	YPL110C
YDR318W	YDR383C
YDR293C	YIR010W
YBL105C	YNL154C
YDR145W	YGR252W
YBL093C	YML051W
YHR115C	YOR215C
YOL082W	YPL091W
YDL005C	YGL127C
YGL131C	YLR413W
YER007W	YFR028C
YJL033W	YLR432W
YDL207W	YJL061W
YGL095C	YOR327C
YDL116W	YPL075W
YGL123W	YNR054C
YDR188W	YJL041W
YFR004W	YGL207W
YGL044C	YPR086W
YEL017C-A	YLL023C
YGL153W	YOL145C
YDR378C	YOR320C
YDL003W	YMR001C
YBR087W	YDR171W
YMR109W	YOR035C
YDL126C	YMR001C
YBR105C	YDR171W
YMR109W	YOR227W
YGL111W	YJL010C
YFR021W	YJR025C
YDL006W	YGL158W
YEL002C	YJL002C
YLR186W	YLR197W
YER125W	YNL305C
YER127W	YOL010W
YDL222C	YKR100C
YIL149C	YOR257W
YBL093C	YMR109W
YLR330W	YPL131W
YJL172W	YNL217W
YBR087W	YLL039C
YBL032W	YPL135W
YKR071C	YNL154C
YBL037W	YJR058C
YJL011C	YKL144C
YOL091W	YOR177C
YKL184W	YPL052W
YDR296W	YNL252C
YBL032W	YOR390W
YDR365C	YPL146C
YDL082W	YMR061W
YDR012W	YDR091C
YIR010W	YNL301C
YER151C	YNL175C
YAL021C	YPR072W
YLL050C	YLR059C
YLR328W	YPL259C
YDL147W	YFR004W
YBR205W	YLL039C
YGL103W	YLR406C
YBL032W	YLR389C
YML046W	YMR125W
YDL100C	YFR004W
YBL032W	YPR185W
YBR066C	YKR015C
YBL032W	YPR149W
YKL023W	YOL061W
YGL103W	YGL147C
YOL083W	YPR049C
YER151C	YLR432W
YNL125C	YNL154C
YBR164C	YML023C
YML092C	YPL144W
YDL190C	YDR479C
YLR216C	YNL330C
YCR079W	YJR059W
YDL209C	YDR163W
YIL149C	YPL169C
YLR043C	YLR109W
YIL061C	YKL012W
YBL103C	YPL204W
YHR066W	YLR249W
YDR171W	YIL126W
YDL082W	YJL033W
YLR148W	YOR106W
YFR004W	YKL035W
YOL082W	YPL204W
YDR234W	YLL026W
YHR027C	YOL061W
YHL004W	YLR312W-A
YDR087C	YLR249W
YBL032W	YNL305C
YJL084C	YKL135C
YKL004W	YPL246C
YOR294W	YPR102C
YBR207W	YOR270C
YDR306C	YKL085W
YGL048C	YOR257W
YNL175C	YPL198W
YER020W	YER145C
YDL126C	YFR028C
YGL051W	YHL048W
YJL176C	YPL016W
YLL045C	YOL120C
YLL039C	YLR291C
YMR106C	YPR088C
YDR381W	YIL129C
YJR066W	YOL030W
YFR028C	YJR053W
YKR068C	YMR186W
YDR303C	YHR013C
YER068W	YNR052C
YFL062W	YOR071C
YAL035W	YKL049C
YBL045C	YOR125C
YIL026C	YJL074C
YFR050C	YOL038W
YKL062W	YPL203W
YFR015C	YLR369W
YIL019W	YOL010W
YDR212W	YER173W
YIL019W	YLR129W
YGL077C	YOR273C
YBL047C	YOR244W
YGR082W	YOR061W
YOR017W	YPL055C
YKR021W	YPR029C
YBR247C	YOL010W
YJR059W	YOL082W
YDR388W	YHR016C
YBR138C	YIL046W
YKL049C	YOR112W
YDR475C	YIR010W
YDL006W	YKL168C
YER105C	YGL172W
YJL151C	YPL058C
YNL301C	YOL120C
YFR010W	YLR421C
YBR288C	YPL195W
YDL208W	YDR510W
YBR154C	YFR004W
YDR297W	YHR140W
YNL317W	YOL045W
YLR336C	YPL268W
YBR172C	YHR165C
YAL043C	YBR119W
YMR186W	YOL090W
YBL079W	YMR047C
YAL015C	YDR510W
YBL026W	YLR128W
YGR092W	YJR060W
YHR120W	YLL039C
YDR510W	YGL103W
YCL017C	YHR111W
YCR046C	YNL252C
YFR004W	YLR048W
YNL154C	YOR355W
YER047C	YKL032C
YPL012W	YPL126W
YDR188W	YMR146C
YDR462W	YML025C
YMR193W	YPR086W
YBR196C	YPR029C
YCL027W	YGR289C
YEL034W	YFL023W
YBR106W	YDR297W
YKL074C	YLR116W
YOR306C	YPL204W
YBR135W	YBR295W
YDR258C	YHR165C
YMR092C	YPL106C
YBR059C	YGL172W
YDR252W	YNR052C
YGL016W	YLR335W
YMR031C	YMR086W
YBL056W	YOR086C
YDL173W	YDR381W
YHR042W	YHR140W
YGR116W	YNL118C
YBL050W	YBR200W
YDR169C	YDR510W
YGR289C	YPR028W
YER018C	YPL016W
YDR227W	YMR106C
YDR146C	YER022W
YPL077C	YPL203W
YIL135C	YNL154C
YER018C	YIL144W
YBR202W	YLR274W
YBL032W	YLR461W
YDL132W	YLR128W
YDL214C	YMR140W
YEL034W	YNL293W
YLL039C	YLR336C
YKL206C	YPL051W
YIL105C	YKL130C
YBR055C	YMR240C
YDR113C	YJL176C
YHR089C	YNL308C
YCR077C	YIR010W
YBR082C	YOR191W
YLR128W	YOL133W
YOR201C	YPL141C
YKL049C	YMR214W
YOL113W	YPL169C
YHR013C	YOR361C
YMR288W	YPR094W
YKL080W	YLL039C
YDR237W	YDR405W
YFR028C	YJR057W
YGL158W	YGR063C
YLL034C	YLR043C
YER018C	YIR025W
YCR086W	YDR439W
YDR510W	YIR038C
YCR077C	YDL139C
YOR159C	YPR182W
YER125W	YLR326W
YEL034W	YFR004W
YJL203W	YPL151C
YKR092C	YLR197W
YJL039C	YJL041W
YBR017C	YBR205W
YBL075C	YNL293W
YDR244W	YKL197C
YDR369C	YNL084C
YDR490C	YOL100W
YFL023W	YNL154C
YER171W	YPR056W
YER018C	YFR042W
YBR059C	YNL243W
YLR048W	YMR072W
YFL005W	YGL233W
YDL113C	YPR049C
YLR072W	YPR152C
YJL190C	YOR117W
YGL120C	YGR159C
YIL129C	YPL055C
YAL024C	YKL152C
YHR165C	YLL036C
YJR061W	YKL168C
YBR200W	YDL028C
YBL097W	YKL049C
YGL053W	YMR079W
YHR023W	YOR035C
YMR093W	YPR144C
YBR059C	YOL068C
YOR204W	YPL249C-A
YCL014W	YEL023C
YGR241C	YPL077C
YLR429W	YNL154C
YBL016W	YFR028C
YDR398W	YIL019W
YML074C	YOR244W
YER103W	YPL106C
YJL019W	YMR001C
YBL026W	YOL149W
YFR028C	YFR051C
YDR523C	YPL246C
YBR207W	YNL238W
YJR066W	YOL100W
YFL044C	YLL039C
YFR014C	YGL207W
YER025W	YMR117C
YBL056W	YPL204W
YDL143W	YDR188W
YAL005C	YFL044C
YIR038C	YOL003C
YDR068W	YKL004W
YLR009W	YLR387C
YIR037W	YPR035W
YGL123W	YKL139W
YDR462W	YNL252C
YJR093C	YKL018W
YHL035C	YLL039C
YDR277C	YKL129C
YJR094W-A	YOR117W
YNR054C	YOR361C
YDL069C	YJL095W
YDR145W	YML098W
YJR059W	YKL008C
YBR155W	YGR187C
YHR089C	YNL186W
YBR106W	YEL027W
YBR106W	YIL120W
YMR061W	YNL317W
YBR059C	YNL277W
YGL137W	YOR119C
YEL034W	YJR145C
YDR127W	YLR048W
YDR005C	YGR246C
YNL272C	YPL141C
YDL028C	YGL093W
YAR019C	YNL223W
YER116C	YOR058C
YDR127W	YOL013C
YDR299W	YJR145C
YDR073W	YPL016W
YGR092W	YKL104C
YGL016W	YMR047C
YHR033W	YOR351C
YKL178C	YNL154C
YLR131C	YNL157W
YAL005C	YJR073C
YDR347W	YJR101W
YKL004W	YLL039C
YLR291C	YPR062W
YBL032W	YBL103C
YJL203W	YLR011W
YGL179C	YNL021W
YHR066W	YMR239C
YKL181W	YOL100W
YGL018C	YPL135W
YIR010W	YNL113W
YFR001W	YOL127W
YLR367W	YNL175C
YJL095W	YJR092W
YAL005C	YOL021C
YEL002C	YLL039C
YDL006W	YMR001C
YBR221C	YDR430C
YDR012W	YPL220W
YIR010W	YLR432W
YDL012C	YER125W
YBR106W	YBR298C
YBL026W	YIL048W
YDR382W	YLL045C
YDR054C	YGL173C
YLR233C	YML038C
YBL032W	YJL028W
YJL033W	YNL317W
YNL197C	YPL265W
YDR101C	YGL120C
YDR322W	YLR312W-A
YLR129W	YPR144C
YDR330W	YPL018W
YDR246W	YGR166W
YBL032W	YFR034C
YFL023W	YLR200W
YPL012W	YPR144C
YDR382W	YJL124C
YHR140W	YIL114C
YKL013C	YKL129C
YBL091C-A	YDR479C
YFR004W	YLR359W
YBL032W	YJR090C
YIR010W	YOR141C
YAL035W	YPL005W
YDL006W	YDL132W
YNL197C	YOR062C
YDR091C	YFR004W
YBR106W	YDL015C
YNL084C	YNL250W
YLR227C	YOR284W
YEL065W	YNL197C
YDR510W	YGR254W
YDL208W	YNL112W
YKL085W	YNR001C
YMR080C	YNL118C
YBL032W	YNL339C
YHR027C	YLL026W
YNL292W	YOR294W
YEL034W	YJL128C
YLR216C	YMR303C
YDL134C	YIL153W
YAL024C	YDR348C
YBL032W	YKR021W
YMR109W	YNR007C
YHR027C	YKL056C
YGL137W	YKL029C
YDL013W	YER018C
YCL028W	YPL140C
YDL234C	YLL039C
YLL045C	YPL198W
YDL154W	YGL025C
YJL033W	YKR081C
YDR400W	YGL011C
YLR103C	YPR135W
YDR299W	YDR510W
YKL101W	YNL202W
YGL179C	YPR035W
YDR122W	YOL054W
YBL032W	YHR177W
YBL032W	YOR302W
YCR068W	YIR033W
YDR247W	YJR049C
YDL222C	YNL173C
YIR010W	YLL045C
YDR184C	YNL154C
YDR398W	YPL126W
YBR135W	YGR109C
YCR071C	YDR237W
YBL045C	YEL024W
YBR106W	YPR201W
YFR031C-A	YOR204W
YDR510W	YKL172W
YJL041W	YLR335W
YDR318W	YKL049C
YCR014C	YDR108W
YDR101C	YNL175C
YGR287C	YOR351C
YGR253C	YJR017C
YJL084C	YJL187C
YGL158W	YNR023W
YBR251W	YOR204W
YAL035W	YLR432W
YER172C	YLL036C
YGL173C	YKL049C
YGL198W	YLL039C
YDR383C	YOL054W
YBL032W	YPL248C
YLR432W	YNL175C
YDR012W	YGL111W
YER164W	YOR061W
YHR140W	YLL028W
YHR154W	YOL034W
YFR004W	YGR187C
YKL101W	YLL039C
YDL082W	YFR004W
YBR221C	YGR193C
YER007W	YHR027C
YFR004W	YGR092W
YHR016C	YIL156W
YJL061W	YPL204W
YBR156C	YGR113W
YHR012W	YJL053W
YCR046C	YDR116C
YLR129W	YPL126W
YDR510W	YFR028C
YGR140W	YPL268W
YCR030C	YHR016C
YIR010W	YJR045C
YCR036W	YGL153W
YJL203W	YOL091W
YNL197C	YOL078W
YKL051W	YLR326W
YDR238C	YLL039C
YBR079C	YOR061W
YKL009W	YPL249C-A
YIL094C	YOL145C
YDR510W	YMR303C
YLR059C	YNL250W
YBL021C	YGL237C
YDL051W	YPR016C
YFR004W	YGL173C
YJR059W	YLR270W
YDR510W	YER116C
YIR001C	YMR198W
YHL048W	YOR378W
YIL159W	YKL129C
YDR510W	YOR156C
YEL030W	YLR203C
YIL061C	YLR017W
YCL055W	YGL036W
YLR206W	YML051W
YEL053C	YNL183C
YKL068W	YLR335W
YFR004W	YGR124W
YHR033W	YKL166C
YDR164C	YNR049C
YGR241C	YNL084C
YOR117W	YPL160W
YGR092W	YMR001C
YDL132W	YLL039C
YNL062C	YNL244C
YCR075C	YFL062W
YAL060W	YFR004W
YDR299W	YPL042C
YKR025W	YNL113W
YBL047C	YPL204W
YDL007W	YIL007C
YCR081W	YPL042C
YHR094C	YLL028W
YFR004W	YMR261C
YDL077C	YNL304W
YNL075W	YPR144C
YBL017C	YJL053W
YBL101C	YOL122C
YLL039C	YMR315W
YFR014C	YPL139C
YCL028W	YML051W
YDR101C	YLL045C
YDR498C	YJL019W
YLR127C	YNL172W
YEL032W	YHR033W
YDR073W	YJL176C
YJL041W	YLR018C
YGR180C	YLL039C
YBR154C	YHR089C
YBL030C	YOR117W
YBL032W	YLR186W
YOR136W	YPL226W
YBR131W	YML001W
YBR044C	YKL049C
YFL062W	YML048W
YKL135C	YPL249C-A
YGL207W	YLL039C
YKL104C	YLR058C
YCL050C	YDR510W
YDL005C	YLR071C
YBR107C	YOR030W
YGL011C	YLR071C
YGL030W	YJL190C
YIL066C	YNL134C
YFR010W	YLL039C
YMR229C	YOL120C
YGL060W	YPL018W
YML072C	YOR086C
YKL049C	YNL132W
YJL203W	YMR288W
YBR222C	YLL039C
YCL011C	YLR432W
YBR155W	YMR186W
YPL204W	YPR181C
YLR450W	YPR154W
YJL151C	YPR036W
YCR030C	YKL051W
YBR059C	YGR287C
YFR004W	YNR035C
YDR388W	YMR109W
YDL105W	YOL034W
YDL053C	YER151C
YHR016C	YPR052C
YIL094C	YOR136W
YDL100C	YOR117W
YBR136W	YDR076W
YDR127W	YLL039C
YBR055C	YPL028W
YDR051C	YLR291C
YBR031W	YDL082W
YBR133C	YJL187C
YML092C	YMR314W
YLL039C	YLR206W
YJR099W	YKR094C
YJR059W	YLR397C
YDL141W	YLL039C
YML098W	YPL248C
YML109W	YOR362C
YIR023W	YJR066W
YBL032W	YGR149W
YGL147C	YJL190C
YBL074C	YHR165C
YFR014C	YOR340C
YCL017C	YGR275W
YER166W	YPL160W
YLR387C	YPR016C
YHR140W	YIR038C
YBL045C	YPR054W
YER126C	YPR016C
YAL034C	YGR274C
YGR275W	YJL176C
YNL132W	YPL198W
YOR023C	YPL248C
YML098W	YPL011C
YDR101C	YHR027C
YDL043C	YLL014W
YGL151W	YLR071C
YBR143C	YIL129C
YGR186W	YPR056W
YDR364C	YPL151C
YOR117W	YPL198W
YER172C	YHR165C
YNL176C	YNL197C
YDL098C	YMR240C
YKR036C	YPR088C
YHR156C	YIL026C
YDL176W	YMR135C
YER017C	YMR115W
YER151C	YPR035W
YFR004W	YGR254W
YEL034W	YLR074C
YBR139W	YLL039C
YKL152C	YPR152C
YBL016W	YOL127W
YPL042C	YPR181C
YGL079W	YGR113W
YGL048C	YHR027C
YKL122C	YPR088C
YHR023W	YLL021W
YFR004W	YLR354C
YDR541C	YNL197C
YJR065C	YKL013C
YHR094C	YML072C
YJL124C	YNL118C
YDL147W	YGL011C
YBL075C	YBR247C
YDL213C	YOR270C
YPL018W	YPR174C
YBR059C	YLR206W
YJL008C	YJR066W
YDR388W	YER003C
YBR059C	YPL203W
YBR055C	YGR061C
YNL197C	YOR172W
YBR079C	YPR116W
YBL032W	YDR383C
YLL016W	YNL098C
YDR101C	YOL120C
YFR034C	YGL134W
YER172C	YHR156C
YGL048C	YLL034C
YHR016C	YPR055W
YDL214C	YKL168C
YLR197W	YMR093W
YDL106C	YPR086W
YDR012W	YJR145C
YBR055C	YML049C
YFL017W-A	YLR014C
YKR081C	YOR096W
YAR007C	YGR275W
YKR097W	YOR244W
YJL033W	YNL132W
YEL046C	YGR092W
YBL005W	YBL032W
YBR127C	YOR117W
YBL016W	YNL053W
YKL172W	YNL112W
YBL032W	YOR342C
YBL032W	YJL084C
YJR066W	YMR307W
YDR091C	YML024W
YHR027C	YNL220W
YER179W	YIL144W
YAR003W	YNL317W
YJL008C	YOR281C
YDR479C	YGL053W
YBR216C	YIR037W
YAL005C	YJL084C
YGL009C	YGR207C
YAL035W	YPL237W
YKL049C	YML124C
YDR378C	YER172C
YAL032C	YGR278W
YNL151C	YPR187W
YOR351C	YPR035W
YDR224C	YPL084W
YER164W	YNL007C
YBR296C	YLL028W
YNL124W	YNL302C
YDR005C	YJR066W
YGR223C	YPL204W
YGL011C	YOR362C
YDL088C	YKL068W
YKL178C	YOL044W
YDR273W	YLL039C
YDL239C	YGR268C
YBL105C	YPL151C
YDR216W	YMR280C
YBL032W	YNL190W
YBR272C	YFR052W
YIR010W	YOL054W
YMR146C	YNL062C
YFR014C	YOR184W
YDR247W	YKR049C
YBR106W	YGR260W
YDL005C	YML051W
YHR027C	YJL014W
YDR074W	YPR152C
YBR082C	YNL197C
YLR132C	YLR423C
YEL013W	YJR091C
YBR142W	YGL030W
YDL106C	YJR123W
YOR281C	YPL141C
YOR361C	YPL126W
YBR202W	YGR270W
YAL025C	YLR009W
YJL014W	YKL198C
YDL223C	YPL141C
YIR028W	YJL183W
YGL237C	YKR028W
YKL101W	YNL136W
YHR167W	YKR086W
YEL051W	YJL151C
YLR362W	YOR089C
YLR263W	YOR351C
YDL082W	YDR382W
YDR405W	YNL185C
YJL002C	YJL198W
YDR510W	YER164W
YJL190C	YLR197W
YFR004W	YHR027C
YAL029C	YER151C
YDR092W	YLR059C
YFR004W	YGR211W
YAL051W	YNL325C
YJR099W	YLL039C
YDL043C	YMR125W
YNL225C	YOR129C
YGR128C	YGR200C
YDR446W	YGL212W
YIL071C	YOR361C
YJL036W	YPL174C
YBL032W	YIL006W
YCL059C	YJR123W
YDR127W	YFR004W
YER179W	YLR127C
YDR212W	YOR284W
YFR014C	YKL166C
YGL120C	YNL308C
YGR135W	YMR291W
YDR510W	YGL137W
YHR140W	YOR254C
YCR073C	YDL056W
YDR465C	YMR047C
YDR012W	YOL127W
YJL095W	YLL021W
YGL147C	YPR016C
YHR112C	YJR059W
YER022W	YGL048C
YER095W	YLR127C
YDR260C	YIR025W
YDL082W	YDR091C
YLL061W	YML048W
YGL090W	YNL113W
YDR301W	YMR125W
YBL039C	YFR031C-A
YJL095W	YNR006W
YHR027C	YPL143W
YFR010W	YMR314W
YEL002C	YOR103C
YBR251W	YGR170W
YDL143W	YDR087C
YLL039C	YLR017W
YPL140C	YPR108W
YGR254W	YHR027C
YPL198W	YPL220W
YFR014C	YLL039C
YGR104C	YPR187W
YCR094W	YFL047W
YJR010C-A	YMR264W
YIL053W	YPL106C
YEL002C	YOR254C
YBR107C	YLR381W
YJL190C	YMR205C
YGL137W	YKL078W
YBR031W	YKL180W
YER151C	YGL078C
YDR224C	YDR439W
YFR010W	YIL075C
YFR031C-A	YLL045C
YHR165C	YPR182W
YDR131C	YIL063C
YFR014C	YOR141C
YMR047C	YOL145C
YFL010C	YHR016C
YDR297W	YML012W
YFR034C	YLR197W
YDL084W	YFR004W
YDL106C	YDR146C
YDL195W	YML012W
YDR498C	YGL145W
YBL016W	YHR117W
YGL179C	YOL082W
YDR091C	YHR027C
YBR191W	YNL124W
YBR082C	YER018C
YLL039C	YPL061W
YKL018W	YNL197C
YBL017C	YDR100W
YDR365C	YMR280C
YGR113W	YPR046W
YCR046C	YMR098C
YLL039C	YNR006W
YER025W	YER151C
YDR145W	YGL150C
YBL032W	YPR102C
YBL016W	YDL070W
YBR084W	YER151C
YBR031W	YFR004W
YBR044C	YLR435W
YKL023W	YLR398C
YER018C	YFL024C
YJL153C	YNL138W
YGL120C	YKR092C
YKR067W	YLL039C
YOL113W	YPL088W
YIL095W	YJR092W
YER105C	YFR050C
YDL212W	YDR297W
YDR166C	YGR037C
YDR216W	YGR274C
YDR381W	YMR240C
YLR298C	YML046W
YER172C	YGL120C
YML109W	YML131W
YDL214C	YKL012W
YBL032W	YBR107C
YDR155C	YFL023W
YDL015C	YJR010C-A
YIR010W	YOR298C-A
YHR027C	YJL052W
YIL061C	YPR182W
YDL105W	YLR007W
YBL032W	YGR189C
YLR325C	YPL249C-A
YDL100C	YKL062W
YDR343C	YLL039C
YGL201C	YKL049C
YBL032W	YPR011C
YDR150W	YLL001W
YDR189W	YLR026C
YLR071C	YPL042C
YBL032W	YDL005C
YBL026W	YBR055C
YDR086C	YLR079W
YKR093W	YPR079W
YHL048W	YMR264W
YDR398W	YJL010C
YFR028C	YGL133W
YDL139C	YDR388W
YGL025C	YLR315W
YDR353W	YDR510W
YBL014C	YJL025W
YDR256C	YLL039C
YBL045C	YPL204W
YFL024C	YLR223C
YGL125W	YNL197C
YKR034W	YOL145C
YIL030C	YMR022W
YGR289C	YOL003C
YDR499W	YHR164C
YDL169C	YNL172W
YFR004W	YIR011C
YBL032W	YJR053W
YMR153W	YNL154C
YJL033W	YLR277C
YBL032W	YMR200W
YGR260W	YKR052C
YLR312W-A	YMR193W
YBR272C	YIL075C
YFR014C	YHR033W
YEL032W	YLR274W
YHR069C	YKL129C
YKL082C	YLR353W
YDR122W	YIL165C
YLR026C	YLR268W
YDR378C	YGL173C
YER171W	YLR304C
YDL220C	YIL095W
YNL031C	YPL138C
YBL079W	YOR098C
YIL070C	YOL054W
YJR059W	YLR003C
YDL209C	YML049C
YLR441C	YPL198W
YAR007C	YCR028C-A
YBL032W	YBR078W
YDR510W	YNL216W
YER151C	YLR167W
YFR034C	YLR028C
YGR056W	YLR357W
YGR092W	YNL007C
YGR173W	YKL085W
YDL015C	YHR140W
YMR146C	YOR254C
YKR036C	YLR206W
YER103W	YFR004W
YGL120C	YPL131W
YDR184C	YLR315W
YIL135C	YJR059W
YAL021C	YMR181C
YLR244C	YNR029C
YER125W	YNL157W
YFL024C	YNL136W
YDR226W	YJL095W
YGL167C	YLL039C
YIL144W	YLR456W
YER015W	YJL095W
YLR147C	YLR325C
YBL022C	YIL061C
YGL198W	YHR105W
YLR452C	YNL197C
YDL222C	YGL108C
YDR394W	YKL049C
YFR001W	YOR206W
YBL032W	YKL185W
YJR057W	YLR291C
YAR007C	YLR274W
YDL239C	YOR380W
YBL016W	YLR451W
YHR094C	YJR066W
YNL154C	YNL186W
YFL029C	YKL139W
YBL032W	YLR048W
YML114C	YMR227C
YGL207W	YMR125W
YGL014W	YKL018W
YBL032W	YJR116W
YGR056W	YKR008W
YDR428C	YJL014W
YDR347W	YIL070C
YDL043C	YLR147C
YFR004W	YKL080W
YDL201W	YDR381W
YHR027C	YOR185C
YNR006W	YPL150W
YDR523C	YNL186W
YIR010W	YJL033W
YGR200C	YOL061W
YDR381W	YHR013C
YHR027C	YOR351C
YBL032W	YLR452C
YCL063W	YEL013W
YBR125C	YPL204W
YEL058W	YIL095W
YJL010C	YLR197W
YER068W	YNL157W
YBR126C	YCR079W
YHR057C	YJR091C
YDR244W	YHR160C
YLR432W	YOR117W
YJL008C	YJL014W
YCR042C	YLR115W
YGR167W	YPL141C
YGR135W	YML092C
YNL197C	YPL141C
YDR295C	YMR117C
YER126C	YHR204W
YBL032W	YBR033W
YGL173C	YJR145C
YOR194C	YPR086W
YER173W	YHR079C-A
YLL039C	YMR186W
YBR035C	YJR059W
YDL214C	YNL227C
YDR188W	YGR187C
YBR055C	YER003C
YBR207W	YDR100W
YDR127W	YHR027C
YEL048C	YER090W
YIL070C	YKL108W
YDL101C	YDR171W
YAL041W	YLR206W
YKL198C	YMR229C
YFR051C	YLR083C
YDL139C	YJL013C
YGL153W	YOL044W
YDR237W	YNL185C
YGR215W	YIL070C
YLR186W	YOR145C
YLR249W	YOR117W
YOL045W	YPR035W
YDR092W	YLL039C
YHR027C	YJL008C
YER127W	YIL019W
YBR084W	YPL131W
YOL054W	YPL233W
YAL032C	YER172C
YMR117C	YOR177C
YDR052C	YGL201C
YJL058C	YLR423C
YAR019C	YLR258W
YOL120C	YPL249C-A
YDR388W	YOR138C
YJL187C	YOR061W
YER173W	YFR027W
YBL078C	YNR007C
YDL213C	YOR017W
YGR252W	YKL104C
YDL153C	YDR510W
YBR238C	YKL104C
YGR270W	YLR274W
YKL018W	YLR277C
YBL032W	YOR054C
YHR066W	YPR016C
YMR240C	YOR319W
YCR046C	YDR462W
YJR053W	YOR058C
YBR154C	YPR187W
YIL061C	YPL016W
YBL039C	YPL220W
YBR088C	YFL029C
YDR143C	YDR213W
YBL079W	YGL092W
YFR002W	YMR047C
YBL032W	YLR286C
YDR212W	YLR429W
YGL172W	YJL039C
YMR010W	YPL246C
YDL111C	YER068W
YNL197C	YPL256C
YER125W	YMR216C
YFR004W	YPR183W
YBL021C	YGL045W
YHR133C	YMR215W
YMR216C	YNL027W
YGR048W	YLL039C
YJL036W	YLR031W
YAL032C	YDR364C
YDL043C	YDR180W
YDR369C	YLR453C
YBL075C	YOR250C
YMR314W	YPR108W
YDL101C	YFR028C
YKR081C	YMR229C
YKL180W	YPL220W
YML074C	YOR340C
YGL173C	YLL036C
YIL006W	YNL197C
YBR136W	YDL101C
YNL020C	YNL154C
YBL032W	YPL256C
YDR303C	YHR099W
YFR010W	YMR216C
YMR272C	YOR081C
YDR296W	YKR085C
YGR092W	YMR239C
YLL021W	YMR224C
YKL172W	YOR191W
YKL004W	YPR183W
YML049C	YOR159C
