YDR143C	YER068W
YNL316C	YOL082W
YJL125C	YNL062C
YJL218W	YLR291C
YGL173C	YKL139W
YER125W	YHR135C
YEL002C	YKL008C
YDR167W	YDR392W
YOR261C	YPR103W
YDR212W	YLL019C
YDL060W	YNL207W
YHR037W	YPL240C
YDR412W	YPR143W
YIR010W	YJR009C
YJR047C	YPL141C
YCL035C	YMR059W
YBL072C	YOR078W
YKL122C	YPL210C
YLR018C	YPL075W
YER103W	YGR128C
YDR448W	YHR058C
YML001W	YOL112W
YMR121C	YPR143W
YDL181W	YNL250W
YDR383C	YIR010W
YFL023W	YOR355W
YDR392W	YOL148C
YJL052W	YOL013C
YFR004W	YFR052W
YIL118W	YKL130C
YBR191W	YFR031C-A
YGL191W	YLL039C
YDL226C	YPR183W
YBR060C	YPL008W
YBR191W	YIR010W
YDR167W	YHR099W
YDR047W	YOR361C
YLL023C	YPR028W
YDR012W	YMR194W
YIR037W	YLR216C
YER159C	YOL012C
YFR004W	YMR314W
YDL140C	YKL139W
YKL139W	YOL012C
YAL011W	YLR085C
YDR424C	YGL153W
YDR059C	YPL037C
YIL075C	YOL117W
YJL148W	YOL041C
YER177W	YPR030W
YNL250W	YOR261C
YDR100W	YJL178C
YNL125C	YNL130C
YBR106W	YML075C
YER159C	YNR065C
YKR081C	YOR294W
YML085C	YNL223W
YKL095W	YPL151C
YCR100C	YDR414C
YER131W	YGL180W
YBR031W	YEL034W
YML029W	YMR173W
YBL016W	YEL053C
YDR510W	YGR083C
YNL113W	YPR010C
YBR193C	YLR071C
YGL073W	YKL062W
YDR427W	YER012W
YER177W	YPR152C
YML096W	YNL154C
YDR347W	YGL129C
YDR097C	YIR002C
YIR010W	YJL065C
YLR291C	YNL244C
YHR196W	YMR229C
YDR176W	YHR041C
YDL140C	YNL251C
YDL116W	YML103C
YDR354W	YFR014C
YHR005C-A	YKL195W
YGL115W	YPR007C
YDL207W	YKL068W
YDR129C	YNL135C
YDL140C	YMR125W
YOL041C	YPL131W
YKL174C	YLL039C
YDR388W	YOR117W
YDR143C	YER023W
YLR029C	YNL255C
YBR106W	YCR028C
YJR002W	YLL011W
YBR202W	YDL029W
YGL116W	YJL111W
YHR081W	YNL255C
YDR364C	YLL036C
YDR224C	YDR227W
YMR106C	YMR287C
YML109W	YMR273C
YMR233W	YOL006C
YLR423C	YPR105C
YDR159W	YHR127W
YHR083W	YNL026W
YDR510W	YER047C
YDR335W	YML103C
YJR132W	YML085C
YER012W	YGL048C
YBR049C	YDR510W
YDR143C	YMR229C
YBL076C	YOR117W
YDL134C	YOR073W
YDR224C	YLL039C
YDL203C	YGR058W
YEL002C	YML075C
YDR405W	YNL255C
YDL116W	YDR192C
YMR191W	YOR261C
YDR440W	YLR429W
YGR199W	YPL026C
YML064C	YOR373W
YBR055C	YML046W
YMR229C	YOR340C
YBR049C	YOR341W
YGL244W	YOR123C
YEL009C	YHR041C
YBR183W	YOL132W
YNR046W	YOL124C
YHL018W	YNL207W
YDR043C	YOR061W
YKR093W	YOR153W
YDR101C	YDR412W
YDR216W	YER118C
YDL029W	YMR109W
YLR238W	YMR052W
YNL255C	YOL013W-A
YBL072C	YNL055C
YDR124W	YPR049C
YER165W	YML056C
YDL033C	YLR259C
YKL109W	YOR358W
YML085C	YMR048W
YJL187C	YNL272C
YJL041W	YLR312W-A
YER103W	YGR192C
YBR031W	YBR142W
YBR155W	YJR031C
YDR224C	YML112W
YBL003C	YER092W
YDR189W	YPR105C
YKL139W	YLR438W
YER036C	YOR204W
YFL038C	YPR176C
YBL023C	YDR473C
YHR058C	YNL255C
YNL027W	YPL141C
YGL025C	YHR041C
YER177W	YOR220W
YBL072C	YJR145C
YBR114W	YKR001C
YFR022W	YNL307C
YBR191W	YLR448W
YER125W	YJR051W
YBR102C	YML097C
YHR169W	YPR121W
YGR167W	YJL057C
YHR016C	YPL249C
YDL029W	YDR143C
YFR004W	YLR043C
Q0085	YKL016C
YBL003C	YBL052C
YDL132W	YLR224W
YER159C	YNL255C
YHR135C	YOR344C
YNL112W	YNL255C
YDR448W	YGL066W
YGL180W	YIL091C
YNL039W	YNL255C
YGL098W	YGL145W
YJL187C	YJR082C
YJL096W	YNL255C
YDL116W	YLR018C
YFR004W	YHR098C
YDR256C	YOL045W
YCL009C	YKL010C
YBR060C	YPR120C
YCR020W-B	YMR033W
YNL154C	YPL191C
YDR264C	YJR040W
YCL059C	YGL201C
YKL068W	YMR308C
YBR114W	YLR044C
YDR101C	YKL009W
YGR116W	YLL039C
YLR251W	YNL255C
YML008C	YNL280C
YEL011W	YLL039C
YLR435W	YNL255C
YJL106W	YMR165C
YBR106W	YNL101W
YBL051C	YNL288W
YGL180W	YJR019C
YBL030C	YLR203C
YDR080W	YGL025C
YBR056W	YFR004W
YGL150C	YNL030W
YAL005C	YFR019W
YBR194W	YPR152C
YIL019W	YNL075W
YGR038W	YJL187C
YIL035C	YPR143W
YFR014C	YNL218W
YNL092W	YOR159C
YDR246W	YKR068C
YHR007C	YHR190W
YER040W	YER118C
YER023W	YIL070C
YDR482C	YMR213W
YHR197W	YLR449W
YER165W	YHR086W
YJL052W	YLL060C
YCL054W	YKR081C
YDL075W	YGL147C
YER103W	YOR304W
YHR052W	YOL127W
YDL055C	YPR034W
YGR075C	YML051W
YBL058W	YLR291C
YHR174W	YOL135C
YMR049C	YMR229C
YBR194W	YIR006C
YKL014C	YOL127W
YLR044C	YNL127W
YLL039C	YLR039C
YKL212W	YLL039C
YDR247W	YKL193C
YER125W	YGR052W
YJR145C	YNL055C
YGL112C	YMR236W
YJL136C	YNL255C
YKL064W	YPL203W
YBR035C	YLL039C
YER122C	YIL095W
YDR170C	YER100W
YGR103W	YOR039W
YJL123C	YOL128C
YDR129C	YMR246W
YDL029W	YNL255C
YBL043W	YMR117C
YGL180W	YOL078W
YLR029C	YPL131W
YDL097C	YDR427W
YDR247W	YHL024W
YBR202W	YDL017W
YBR207W	YPL203W
YDL132W	YJL047C
YKL008C	YMR215W
YHR135C	YOL078W
YDR297W	YPL076W
YGR082W	YNL070W
YGR019W	YHR165C
YER125W	YGL144C
YDR091C	YPR041W
YDL140C	YLR115W
YDR381W	YKL212W
YDL065C	YNL214W
YIL019W	YLR441C
YIL152W	YJR092W
YKL004W	YMR010W
YDR381W	YIL070C
YDL055C	YDR510W
YER036C	YPR036W
YIR010W	YOR198C
YHR135C	YJL148W
YGR104C	YNL209W
YKL130C	YOR326W
YDR510W	YJL140W
YGL066W	YGR252W
YLR248W	YPR091C
YKR081C	YOR063W
YKR008W	YLR357W
YBL023C	YLL004W
YBR151W	YNL126W
YER086W	YML085C
YDL084W	YDR510W
YGR023W	YKL119C
YAL005C	YIL091C
YIL151C	YPL204W
YGL011C	YLR211C
YNL118C	YOR093C
YKL127W	YOL045W
YAL038W	YDL055C
YAL035W	YJR123W
YCR088W	YNL138W
YLR449W	YOL077C
YCR086W	YER086W
YDR381W	YLL039C
YBL033C	YNL255C
YBR250W	YNL012W
YMR142C	YOR063W
YDL226C	YER118C
YER171W	YMR201C
YDR388W	YMR205C
YHR020W	YNL255C
YHR007C	YLL039C
YCL043C	YLR233C
YHL003C	YOR223W
YDL148C	YOR096W
YJL059W	YLR022C
YHR161C	YNL020C
YNL255C	YPL181W
YAL038W	YLR180W
YLL039C	YLR153C
YCR077C	YDL065C
YML074C	YOR341W
YDR207C	YIL084C
YHR079C	YNL097C
YGR237C	YML056C
YFR037C	YOR116C
YDR330W	YGR003W
YDL075W	YGR085C
YBL003C	YGR252W
YBR221C	YFR004W
YML046W	YML049C
YDL140C	YGL070C
YDR424C	YIL095W
YDR394W	YEL037C
YEL034W	YPR173C
YAL005C	YGR237C
YHR052W	YPL141C
YFL039C	YLL039C
YBR289W	YMR043W
YGR120C	YLR291C
YFR004W	YIL109C
YJR009C	YNL250W
YIL115C	YLR018C
YEL054C	YHR197W
YGR180C	YOL045W
YLL039C	YOL081W
YKL143W	YPL266W
YDL100C	YDR451C
YDL207W	YDR192C
YAL013W	YMR263W
YCR012W	YLR044C
YBR196C	YLR249W
YBL058W	YNL255C
YOL083W	YPL204W
YJR095W	YLL039C
YDR135C	YIL035C
YJR053W	YNL238W
YKL049C	YOR116C
YBL093C	YGR104C
YIL113W	YNL138W
YAR002W	YDR381W
YKL135C	YLR448W
YLL039C	YOR261C
YDL097C	YLL039C
YGL173C	YLL039C
YMR049C	YOR361C
YAL032C	YBR194W
YLL039C	YPR120C
YDR093W	YLL039C
YCR088W	YOR284W
YBL061C	YDR247W
YOR157C	YPR103W
YMR117C	YOR156C
YDL065C	YOL147C
YGL151W	YLL039C
YLL039C	YOL087C
YGL140C	YKL117W
YBR183W	YPL227C
YHR135C	YPR019W
YLL039C	YPL019C
YNL124W	YOL040C
YDL075W	YPL037C
YDL209C	YPR182W
YLR249W	YOL013C
YGR103W	YHR088W
YDR238C	YOR363C
YBR289W	YKR001C
YLR342W	YNL255C
YCR069W	YLL039C
YIL125W	YKL198C
YDL165W	YKL166C
YCL059C	YGL078C
YDL130W	YLR287C
YGR279C	YNL255C
YHR030C	YMR276W
YDL075W	YPL131W
YGL073W	YHR099W
YJR097W	YNL255C
YAL026C	YKL212W
YHR065C	YMR106C
YBR234C	YLL039C
YJR009C	YKL010C
YGL245W	YLL039C
YHR169W	YHR179W
YCL011C	YMR216C
YER178W	YIR010W
YGL059W	YLR003C
YBR049C	YDR188W
YLR326W	YNL154C
YLR293C	YMR308C
YGR132C	YMR089C
YER124C	YML109W
YGR161C	YMR299C
YFR052W	YIL075C
YIR010W	YOR090C
YAL024C	YPR145W
YER035W	YPL004C
YIR010W	YML032C
YMR048W	YOR153W
YJL010C	YJR002W
YOR117W	YPL240C
YBR031W	YKR081C
YDR101C	YFR004W
YBR161W	YJL014W
YLR291C	YMR004W
YBR049C	YGL234W
YDL140C	YPR187W
YLR407W	YOR294W
YLR370C	YNL138W
YKL035W	YPL240C
YAR019C	YCL035C
YGR192C	YOR117W
YDR077W	YDR143C
YDL029W	YFL039C
YNL255C	YOL080C
YBL072C	YDL060W
YDR100W	YDR479C
YCR077C	YDR404C
YJR065C	YLR429W
YBR055C	YLR446W
YDL047W	YGR184C
YGR214W	YLL039C
YPL084W	YPR173C
YHR135C	YPR083W
YEL055C	YHR196W
YGR040W	YPL240C
YDR300C	YGR092W
YHR060W	YPR105C
YFR014C	YOR089C
YGL031C	YGR103W
YLR276C	YMR229C
YLR304C	YMR246W
YIR010W	YOR267C
YBL105C	YMR219W
YBL105C	YML109W
YCL059C	YNR054C
YGR021W	YKL139W
YCR091W	YDL006W
YDL112W	YLL039C
YCR086W	YDR247W
YHR135C	YHR179W
YBR194W	YCR030C
YBL021C	YOR358W
YBL003C	YBR202W
YIL009W	YML086C
YLR002C	YOR267C
YBL045C	YNL177C
YMR246W	YPL206C
YJR072C	YMR106C
YGR078C	YML094W
YDR233C	YOR117W
YLR268W	YOL111C
YDR394W	YIL075C
YDL042C	YLL001W
YDL101C	YHR185C
YOL005C	YPL203W
YFR036W	YLR127C
YCR077C	YDL165W
YCR020W-B	YLR321C
YDR129C	YOL013C
YFL037W	YNL212W
YHL019C	YKL135C
YGR103W	YOL127W
YDL149W	YNL242W
YDL191W	YNL255C
YBR041W	YMR313C
YDR227W	YMR273C
YBR031W	YBR191W
YGL180W	YLR192C
YDR472W	YMR218C
YDL002C	YFL039C
YNL154C	YNL267W
YFL048C	YOR316C
YBR142W	YOR063W
YFR001W	YKL130C
YDR381W	YDR510W
YIL084C	YKL185W
YDR510W	YNL220W
YFR004W	YNL044W
YBR239C	YDR388W
YIL002C	YKL166C
YER013W	YKR024C
YNL225C	YOL091W
YCR014C	YGL157W
YAL005C	YGL064C
YDR170C	YLR342W
YKL135C	YLR330W
YGL150C	YPL127C
YAL038W	YDL207W
YKR081C	YMR049C
YKR009C	YOL147C
YHR205W	YMR196W
YDR170C	YLL039C
YDR169C	YML112W
YBR188C	YLR117C
YER149C	YNL293W
YIR010W	YNL172W
YDR171W	YPL240C
YHR135C	YNL272C
YHR094C	YKL065C
YOR250C	YPL203W
YNL244C	YOR335C
YMR142C	YOR204W
YGL129C	YIL093C
YLR002C	YLR029C
YBR295W	YIL030C
YCL059C	YDL148C
YDR174W	YDR381W
YDR392W	YGR252W
YIL149C	YNL126W
YDR012W	YNL251C
YGL059W	YKR100C
YKL014C	YNL207W
YGL147C	YMR194W
YKL212W	YPR183W
YOR341W	YPR010C
YDR322W	YDR405W
YGL127C	YLR071C
YJR123W	YMR142C
YBL037W	YNL307C
YDR188W	YOR212W
YHR079C	YKR105C
YLR022C	YMR229C
YBR049C	YPR152C
YHR099W	YOL083W
YER125W	YJL140W
YIR010W	YOR061W
YDR434W	YHR007C
YNL255C	YPR191W
YGL092W	YML103C
YBR247C	YNL075W
YJL014W	YOR230W
YKL185W	YLL039C
YMR059W	YNL135C
YIR010W	YNL064C
YGR192C	YJL052W
YIL061C	YML074C
YGL105W	YJL187C
YLR175W	YPR152C
YDR493W	YNL255C
YOL041C	YOR063W
YAL005C	YOL111C
YIR010W	YJL148W
YDR471W	YKR081C
YGL040C	YML064C
YER022W	YGL151W
YKR041W	YLL039C
YGR192C	YKL152C
YIL177C	YPR034W
YEL030W	YKL191W
YKL130C	YLR249W
YGR168C	YNL154C
YBL021C	YKL109W
YKR068C	YLR342W
YBR106W	YIL171W
YLR384C	YNL272C
YBL016W	YGL082W
YAL053W	YCR030C
YKL181W	YNL255C
YIR010W	YNL059C
YGR027C	YPL004C
YDR150W	YDR247W
YER149C	YOL112W
YAR042W	YGR192C
YJL157C	YMR199W
YAL035W	YEL054C
YHR197W	YNL113W
YDR496C	YNL255C
YBR168W	YDL065C
YER177W	YNL267W
YHR174W	YNL255C
YCR088W	YPL008W
YBL016W	YHL019C
YEL055C	YGR128C
YEL061C	YER012W
YLR170C	YPR029C
YDR143C	YPR010C
YGR200C	YMR236W
YBR106W	YKR106W
YDL017W	YOR006C
YMR258C	YNL093W
YDL044C	YLR139C
YDR301W	YOL145C
YFR014C	YJL136C
YER128W	YFR014C
YDL150W	YNL255C
YGL180W	YLR423C
YIL061C	YLR153C
YER032W	YLR456W
YBR194W	YLR180W
YBL003C	YDR083W
YDR299W	YJR002W
YNL135C	YPL049C
YHR083W	YMR203W
YBR060C	YDL017W
YJL076W	YOR341W
YAL024C	YLR388W
YJL014W	YLR259C
YML001W	YMR231W
YER032W	YMR117C
YGL031C	YOL127W
YCL011C	YFR004W
YDR089W	YKL049C
YIL035C	YMR173W
YFR004W	YMR226C
YFR004W	YPR041W
YDR381W	YPL169C
YGL151W	YHR041C
YHR033W	YOR212W
YCR076C	YNL118C
YCR066W	YGL058W
YBL058W	YOL128C
YAL032C	YLR386W
YDR207C	YOR355W
YGR099W	YKL033W
YLL039C	YOR283W
YNL062C	YOR361C
YGR089W	YLL039C
YHR007C	YHR042W
YKL049C	YNL055C
YFR046C	YIR010W
YDR212W	YJL014W
YCR030C	YKL049C
YDR538W	YMR304W
YAL032C	YLR187W
YIR010W	YMR100W
YCR030C	YNR047W
YGR261C	YHR174W
YDR510W	YOR063W
YNL255C	YPR143W
YAL013W	YKL185W
YDR383C	YKL049C
YFL038C	YPR017C
YCR086W	YPR187W
YDR174W	YDR335W
YGL011C	YIR030C
YJL140W	YNL255C
YLL016W	YLR310C
YDR264C	YOR101W
YBR193C	YDR308C
YLL039C	YNL012W
YBR207W	YHR094C
YBR167C	YLR145W
YLR265C	YLR424W
YGR278W	YKR086W
YMR173W	YPL126W
YLR134W	YNL244C
YJL187C	YPR139C
YLL039C	YNL074C
YDR471W	YGL147C
YBL081W	YDL167C
YBR086C	YHR135C
YGL004C	YOR259C
YBR142W	YDR170C
YDL207W	YDR159W
YFL022C	YLR060W
YHR135C	YNL055C
YER043C	YMR059W
YGR295C	YLR343W
YGR103W	YKL009W
YER092W	YGL150C
YGR046W	YLR259C
YBR031W	YGR214W
YLR274W	YOR080W
YDR414C	YEL004W
YLR249W	YNL307C
YJL140W	YPR187W
YDR172W	YFL039C
YAR027W	YLR214W
YFR009W	YHL039W
YML001W	YPR028W
YDR238C	YER122C
YGL011C	YKR070W
YAL035W	YDR091C
YBR031W	YDR496C
YGL116W	YJL014W
YHR135C	YKL048C
YDR394W	YOL117W
YFL005W	YNL293W
YKL028W	YLR167W
YKL060C	YNL127W
YGL059W	YKL181W
YCR034W	YLR018C
YFR004W	YHR030C
YAR019C	YPL240C
YIR017C	YNL103W
YGR295C	YMR221C
YNL238W	YOL031C
YEL009C	YOL148C
YLR011W	YOR028C
YDL047W	YFR019W
YEL009C	YGL201C
YKR024C	YLR233C
YBR193C	YGL151W
YDL052C	YFR009W
YGL092W	YJL039C
YLR276C	YOL127W
YKL060C	YOR117W
YBR241C	YFL048C
YDR318W	YLR381W
YGR135W	YNL244C
YLL039C	YLR002C
YCR091W	YNL045W
YGL002W	YNL255C
YDR394W	YFR010W
YOL045W	YOR184W
YHR031C	YLR248W
YBR207W	YGL006W
YGR204W	YIR010W
YJR097W	YNL092W
YJR075W	YLL039C
YBL045C	YDR388W
YFR004W	YKL060C
YER006W	YKL014C
YIR010W	YNL262W
YOL059W	YOR117W
YDR288W	YLR007W
YBR031W	YOL077C
YER013W	YMR125W
YBR247C	YDL060W
YDR063W	YFL039C
YLL039C	YML101C
YBR107C	YDR318W
YLR380W	YLR429W
YAL038W	YOR160W
YLL039C	YNL141W
YCR012W	YEL031W
YOR153W	YPL058C
YLR075W	YOR063W
YFL037W	YKL049C
YDR080W	YNL238W
YBR055C	YHR135C
YFR011C	YOL006C
YGL174W	YGL216W
YDR100W	YDR189W
YDR471W	YOR063W
YLR455W	YOL077C
YDL002C	YGR092W
YCR004C	YMR086W
YER103W	YLR293C
YKL049C	YKR048C
YBR090C	YHR135C
YGL234W	YKL166C
YDR101C	YNL209W
YLR016C	YLR086W
YGR280C	YJL148W
YCR086W	YDL003W
YLL039C	YMR300C
YER034W	YHR135C
YDR381W	YKR086W
YJR066W	YMR011W
YDR479C	YLR324W
YKL064W	YNL307C
YLL039C	YML097C
YBL003C	YJL076W
YDR412W	YKR095W
YER171W	YMR056C
YGR130C	YNL020C
YCR091W	YGL245W
YBL016W	YPR086W
YAL038W	YDR510W
YBL051C	YPL204W
YLL039C	YOL133W
YDL097C	YFR004W
YLR029C	YPR143W
YOL040C	YOR063W
YIL115C	YMR308C
YML074C	YOR080W
YFR004W	YJL052W
YGR040W	YGR116W
YDR412W	YJL039C
YFL039C	YOR117W
YAL032C	YER013W
YNL255C	YNR032C-A
YKL082C	YOL041C
YDL239C	YKL042W
YAL005C	YDR502C
YLL039C	YOR161C
YDR388W	YHR079C
YIL050W	YJL084C
YJL014W	YOL146W
YER032W	YHR114W
YHR174W	YKL049C
YDR473C	YPL004C
YGR132C	YNL055C
YFR052W	YGL048C
YDR212W	YKL049C
YLL039C	YML130C
YCR084C	YNL025C
YJL138C	YOL013C
YBL035C	YKL045W
YFR004W	YHR068W
YAL035W	YJR007W
YDL156W	YDR510W
YBR202W	YCR086W
YHR127W	YOR294W
YDL156W	YNL030W
YIL158W	YNL255C
YGR167W	YLR330W
YIR010W	YJR144W
YOR096W	YPL220W
YMR059W	YNR008W
YMR125W	YPR182W
YBR280C	YDL132W
YCR088W	YIL095W
YDR229W	YPR152C
YGR021W	YNL255C
YDR392W	YHR099W
YCR012W	YOR117W
YGL189C	YNL255C
YNL162W	YOL097C
YMR146C	YOR361C
YMR004W	YPL204W
YLL039C	YMR261C
YGL116W	YNL024C
YHL029C	YLL039C
YER039C	YER118C
YKL206C	YPR103W
YIL016W	YPL264C
YDL060W	YDR381W
YDR129C	YNL138W
YBR267W	YDR101C
YKL195W	YMR203W
YHR023W	YKL049C
YDR475C	YFL023W
YMR314W	YPR103W
YBR154C	YGR200C
YBL023C	YGL201C
YAL053W	YLR342W
YOR039W	YOR061W
YFR031C-A	YOL040C
YDL160C	YOR204W
YNL055C	YOR117W
YGL104C	YJL133W
YFR004W	YLR044C
YBR173C	YLR199C
YDR381W	YIL095W
YGL233W	YJL036W
YDR418W	YDR471W
YLR310C	YNL025C
YDL190C	YER057C
YGR129W	YMR213W
YBR191W	YHL001W
YDL140C	YLR005W
YDR183W	YFL037W
YKL166C	YOR002W
YGL129C	YJR101W
YGL006W	YJL178C
YDL100C	YHR128W
YNL255C	YOR194C
YLR216C	YNL278W
YFL017C	YGR135W
YDR188W	YJL111W
YGL141W	YLL039C
YLR075W	YLR180W
YBR254C	YGR143W
YNL207W	YPL266W
YER002W	YGR103W
YGL234W	YOR117W
YBR278W	YNL255C
YGR058W	YGR136W
YDR418W	YNL255C
YLR075W	YOR117W
YDR143C	YPL240C
YFR004W	YLR060W
YDR496C	YLR029C
YEL018W	YFL024C
YIL061C	YML046W
YBR231C	YOL012C
YPR010C	YPR187W
YDR388W	YIL156W
YML029W	YNL294C
YGR103W	YOL077C
YDR171W	YPR010C
YML083C	YNL154C
YEL034W	YNL085W
YDR407C	YMR218C
YEL018W	YNL136W
YDL134C	YGR161C
YNL255C	YNR007C
YDR238C	YML067C
YDL207W	YGR192C
YJL010C	YMR229C
YGL134W	YOR178C
YBL016W	YDR440W
YGR111W	YLL039C
YLR180W	YMR205C
YDR471W	YFR004W
YDR382W	YOR234C
YBL002W	YPL001W
YLR044C	YLR249W
YCR020W-B	YGR056W
YDL084W	YER013W
YFL026W	YJR066W
YDR427W	YGR067C
YHR135C	YIL115C
YFL036W	YLR259C
YKL143W	YNL207W
YMR315W	YNL135C
YCR077C	YGL173C
YDL003W	YIL026C
YOL091W	YOR373W
YLL039C	YNL103W
YGL245W	YPR152C
YJL148W	YPR187W
YDR510W	YJR123W
YMR010W	YNR028W
YDR473C	YGR075C
YGR085C	YOR063W
YDR188W	YHR148W
YKL060C	YLR044C
YBR279W	YDL140C
YAL011W	YDL181W
YDR194C	YFL036W
YBL045C	YIL061C
YBR154C	YNL255C
YLR019W	YLR310C
YLL050C	YNL138W
YJR040W	YPL240C
YML051W	YOR355W
YAR027W	YHR048W
YIR010W	YKL152C
YER048W-A	YKL192C
YER006W	YFR031C-A
YMR216C	YPL204W
YNL154C	YPR091C
YNL244C	YPL028W
YDL042C	YOL017W
YAL005C	YDR143C
YJR086W	YOR212W
YGL256W	YLR182W
YBL002W	YNL030W
YDR388W	YLR144C
YCL035C	YLL039C
YJR091C	YLR156W
YDR308C	YGL025C
YDR039C	YLL039C
YDL233W	YGL216W
YHR188C	YLR088W
YDR482C	YKL095W
YKL049C	YPR091C
YLR085C	YLR259C
YBL101C	YER177W
YBR098W	YDR386W
YBL030C	YOR065W
YHR016C	YMR109W
YIR010W	YOR341W
YDR471W	YOL040C
YNL048W	YPL076W
YCL043C	YJR076C
YGR092W	YMR165C
YJR145C	YPR144C
YDL132W	YLR134W
YER165W	YHR165C
YGR129W	YNL255C
YLL039C	YLR293C
YDR312W	YFR014C
YDR510W	YOR374W
YER036C	YLL011W
YDR122W	YGR097W
YBR263W	YFR031C-A
YLL039C	YMR207C
YOR294W	YPL180W
YGL043W	YOL005C
YDL116W	YPL169C
YJR066W	YKL161C
YLR441C	YLR448W
YJR002W	YOR078W
YHR135C	YOR204W
YBR234C	YEL037C
YBL003C	YCL054W
YDR510W	YOL116W
YGL059W	YNR039C
YBR112C	YCL067C
YGR294W	YPL240C
YBR194W	YNL138W
YDR510W	YHR174W
YIR010W	YOR026W
YLR287C-A	YNL255C
YBR193C	YDL005C
YDR388W	YNL255C
YLR153C	YOR117W
YJR076C	YNL166C
YKL152C	YLL039C
YBR194W	YDL140C
YGR103W	YOR061W
YDL190C	YML100W
YJR063W	YOR340C
YFR052W	YLR421C
YKR068C	YMR218C
YDR264C	YOL018C
YFL045C	YOR212W
YER164W	YOR039W
YLR084C	YOR153W
YOL018C	YPR183W
YBR196C	YDR172W
YEL034W	YKL212W
YDL067C	YNL052W
YJL076W	YLR429W
YBR102C	YLL039C
YIL156W	YPR154W
YDL181W	YGR089W
YDR285W	YKL166C
YBL023C	YLR002C
YDR212W	YOR230W
YAL024C	YKR001C
YGL172W	YJL057C
YCR020C-A	YEL053C
YFR004W	YKL182W
YDR265W	YOL044W
YDR510W	YPL269W
YML109W	YMR109W
YBL072C	YDR510W
YEL042W	YPL240C
YJL035C	YLR316C
YNL255C	YOR204W
YDR359C	YEL018W
YJR131W	YLR083C
YEL034W	YOL133W
YGR056W	YPR034W
YBL072C	YFR004W
YKR104W	YLR214W
YOR070C	YOR089C
YFR004W	YNL141W
YLR330W	YNL045W
YBL002W	YOL006C
YDR301W	YMR033W
YKL185W	YNL097C
YDL002C	YOR304W
YDR167W	YDR448W
YDR448W	YPL181W
YDR168W	YGR123C
YGR179C	YOR026W
YCR088W	YDR388W
YBR199W	YOL018C
YKL166C	YML001W
YDR295C	YNL021W
YBR109C	YNR035C
YJR014W	YNL255C
YNL255C	YPR163C
YHR179W	YMR201C
YFL050C	YOL130W
YNL138W	YNR035C
YJR045C	YLR203C
YLR002C	YOL041C
YKL028W	YLR185W
YGR120C	YKL006C-A
YDL193W	YPL240C
YJL057C	YOL125W
YFL005W	YHR094C
YHL006C	YNL021W
YGR021W	YHR135C
YDR510W	YJL042W
YBR097W	YLR240W
YDL101C	YER125W
YBL045C	YGR112W
YDR168W	YOR061W
YOR230W	YPR165W
YGR040W	YJR105W
YBL061C	YDL044C
YLR449W	YOL127W
YCR068W	YFL062W
YBR274W	YKR010C
YFL023W	YKL081W
YIR010W	YOR096W
YLL039C	YMR280C
YHR157W	YKL166C
YFR004W	YLR029C
YBL085W	YML109W
YAL013W	YPL181W
YGR204W	YKL130C
YAL024C	YHR174W
YMR191W	YOR259C
YKL095W	YMR213W
YBR020W	YMR117C
YBR278W	YCL032W
YFR004W	YKL212W
YGL205W	YLL039C
YDR379W	YKL166C
YFR004W	YIL075C
YHR135C	YNL154C
YDL200C	YDR224C
YLL039C	YOR163W
YEL009C	YFL024C
YFL038C	YOL125W
YDR173C	YNL201C
YIL084C	YNL097C
YDL101C	YDR217C
YDR256C	YMR033W
YER012W	YPR108W
YDR364C	YGR278W
YGR133W	YOL147C
YDR227W	YDR510W
YBR072W	YLL039C
YBR108W	YIL095W
YJL179W	YLR216C
YFR004W	YLR448W
YKL009W	YOL077C
YLR175W	YNL124W
YGL173C	YLR175W
YJR005W	YKL135C
YBR279W	YLL063C
YKR048C	YPR086W
YCR011C	YNL154C
YFR004W	YPL204W
YMR227C	YNL027W
YLL039C	YLR260W
YER070W	YLR153C
YER178W	YOR090C
YCR042C	YNL222W
YER022W	YPR168W
YFR004W	YOR280C
YDL055C	YHL011C
YDR381W	YPL001W
YGR261C	YKL135C
YBR107C	YJR135C
YHR014W	YHR185C
YBR279W	YDR167W
YHR169W	YLR249W
YJR109C	YPL204W
YHR119W	YJL111W
YDR510W	YPL240C
YHR114W	YOR389W
YIL149C	YNL135C
YAL005C	YPL165C
YCL009C	YNL157W
YFR052W	YMR314W
YDL203C	YDR247W
YDR412W	YEL054C
YGR052W	YNL076W
YER023W	YFR004W
YBR253W	YPR168W
YDR247W	YGL208W
YNL052W	YOR231W
YIL051C	YIL070C
YLR115W	YPR107C
YGR040W	YPR091C
YDR510W	YER032W
YJL057C	YLR287C
YBR106W	YMR215W
YJR110W	YOL054W
YBR031W	YGL147C
YGR252W	YNL255C
YBL016W	YBL085W
YER125W	YHR165C
YDR001C	YPL240C
YHR169W	YJR002W
YIL095W	YPR152C
YDR427W	YMR191W
YLR386W	YNL325C
YDR162C	YDR277C
YMR068W	YNL207W
YBL034C	YFL037W
YBR234C	YDL029W
YFR010W	YPR108W
YLR293C	YPL009C
YLR256W	YNL064C
YIR010W	YPR163C
YDL029W	YMR216C
YDL006W	YGR040W
YDL140C	YOR117W
YKL071W	YPL157W
YBL072C	YPR152C
YFL023W	YHR135C
YPL131W	YPL249C-A
YHR148W	YPL126W
YNL255C	YOR265W
YGR120C	YNL287W
YJL138C	YLR380W
YBR273C	YLL039C
YFR004W	YHR128W
YER089C	YFR004W
YJL094C	YLL039C
YJL010C	YJL069C
YNL124W	YPL079W
YFL005W	YOL018C
YGR088W	YLR291C
YDL029W	YOR259C
YBL049W	YHL010C
YLR145W	YNL282W
YER012W	YGR232W
YER013W	YLR117C
YER164W	YOR207C
YBL003C	YOL006C
YGL180W	YMR049C
YDL111C	YOL021C
YJR066W	YNL243W
YNL255C	YPL036W
YGR252W	YHR008C
YBR196C	YLR088W
YDR342C	YMR049C
YDR100W	YML110C
YBL002W	YOL054W
YGL211W	YOR251C
YJL057C	YML121W
YIR010W	YLR044C
YHR052W	YHR088W
YDR122W	YML006C
YGL198W	YNL263C
YLR457C	YNL255C
YJR002W	YNL075W
YBL002W	YDR496C
YKL058W	YOR093C
YKR081C	YOL127W
YDR063W	YNR035C
YDL209C	YNL307C
Q0085	YML081C-A
YBL003C	YJR144W
YBL003C	YLR186W
YBL104C	YPL240C
YDR510W	YOR123C
YDL063C	YLL039C
YHR205W	YJR066W
YFL023W	YNR031C
YGL059W	YIL070C
YDR077W	YOR330C
YDR471W	YMR086W
YJR123W	YOR063W
YDR091C	YMR146C
YBL034C	YNL118C
YMR106C	YOR142W
YBL011W	YNL307C
YDR381W	YMR219W
YHR069C	YOL142W
YKR048C	YNL209W
YBR088C	YDR409W
YOR080W	YPR135W
YMR216C	YMR304W
YFR004W	YHR216W
YDR247W	YPR115W
YGL058W	YML101C
YCR073W-A	YGL059W
YFR004W	YMR219W
YDL209C	YLR117C
YFR001W	YOR063W
YDL042C	YDR233C
YAL005C	YDR188W
YBL003C	YMR223W
YER036C	YNL255C
YGL201C	YGR103W
YDR207C	YPL181W
YGR085C	YJR123W
YHR023W	YOR326W
YCR020C-A	YPR051W
YER125W	YLR017W
YJL178C	YNL255C
YKL058W	YOR194C
YDR439W	YGL180W
YHR085W	YPL131W
YKL025C	YLR291C
YAR002W	YBR194W
YGL127C	YOR128C
YDR448W	YHR030C
YGR089W	YHL010C
YLR131C	YNL135C
YGL180W	YOR340C
YCR020W-B	YFR037C
YMR125W	YPL151C
YBR194W	YGR186W
YGR136W	YPR081C
YDL097C	YKL049C
YER172C	YIL061C
YDL209C	YDR364C
YJL107C	YOR265W
YDR422C	YER129W
YBR112C	YGR252W
YLR310C	YPL100W
YJR001W	YPL203W
YGL171W	YPL204W
YJR072C	YPL203W
YBR207W	YNL255C
YKL041W	YLR025W
YDR356W	YOR373W
YHR135C	YMR229C
YJR135C	YOL054W
YGR078C	YLR200W
YDR057W	YMR297W
YLR203C	YLR429W
YDR177W	YER012W
YBR078W	YOL133W
YFL003C	YGR099W
YDL043C	YNR031C
YNL027W	YNL307C
YKL139W	YMR048W
YDR392W	YGL112C
YLR011W	YLR291C
YDR381W	YOL127W
YDR143C	YNL225C
YNL095C	YPR198W
YGR130C	YOR273C
YDL043C	YDR174W
YDR343C	YER125W
YMR263W	YPL240C
YBL105C	YNL232W
YDL006W	YPL141C
YCR091W	YMR216C
YLL013C	YPL204W
YDR510W	YOR344C
YFR004W	YLR216C
YCR088W	YDL029W
YBR020W	YML051W
YBR279W	YML069W
YBL002W	YKL139W
YDL060W	YIL095W
YER172C	YMR213W
YGL147C	YOL127W
YEL034W	YKL047W
YER165W	YOR117W
YBR274W	YOL012C
YMR291W	YOR089C
YFR014C	YMR087W
YCR084C	YDR308C
YBR107C	YGR179C
YHR118C	YOR294W
YER022W	YMR112C
YBR274W	YDR516C
YDR388W	YER129W
YMR173W	YMR216C
YDR301W	YNL222W
YIL076W	YML067C
YFR014C	YKL042W
YBL002W	YKL049C
YFL036W	YLR439W
YJR145C	YPR041W
YLR131C	YPR086W
YDR009W	YOL133W
YDR471W	YLL039C
YDL001W	YLL039C
YBR055C	YDR482C
YDR168W	YGL201C
YBR088C	YER041W
YHR185C	YPL204W
YGL180W	YLR265C
YIL019W	YOR096W
YLL013C	YOL128C
YBR098W	YHR016C
YJR132W	YLR291C
YLR117C	YPR152C
YDR167W	YER164W
YGL151W	YGR104C
YHL023C	YNL307C
YGR245C	YLR448W
YJL141C	YPL247C
YBL093C	YDR381W
YCL037C	YGL178W
YEL034W	YJR047C
YDL051W	YDR510W
YDR159W	YDR381W
YHR179W	YMR106C
YER039C	YGL070C
YJR144W	YMR137C
YIL113W	YKL161C
YAR019C	YCR091W
YNL238W	YPL076W
YDL003W	YDR174W
YOL034W	YOR284W
YDL029W	YOR117W
YGL180W	YMR140W
YOL137W	YPL240C
YDR347W	YGR165W
YGL153W	YMR267W
YHR128W	YOR117W
YHR087W	YNL255C
YDL140C	YDR463W
YBR088C	YNL206C
YBL072C	YNL255C
YGR275W	YKR008W
YGL245W	YKL081W
YER036C	YLR249W
YNR033W	YOL045W
YHR001W	YOR273C
YCL037C	YIR010W
YFR014C	YNL021W
YDL101C	YPL177C
YBL045C	YFR004W
YDL134C	YER032W
YKL049C	YNL030W
YDL017W	YPR019W
YBR058C	YFR004W
YDR364C	YJL141C
YBR173C	YGR135W
YIL027C	YMR112C
YGL256W	YNL307C
YML074C	YOR061W
YER186C	YMR117C
YKL060C	YOL135C
YLR075W	YMR194W
YDR167W	YOR207C
YBR142W	YHR052W
YDR100W	YPL100W
YDR510W	YPL049C
YDR472W	YNL118C
YBR105C	YPR010C
YHR030C	YOR123C
YDR174W	YLR455W
YDR473C	YLL036C
YIL002C	YML074C
YNL112W	YPR152C
YDR335W	YPR010C
YIL062C	YNL243W
YKL193C	YPL036W
YFL038C	YLR268W
YDR510W	YKL152C
YDR316W	YPR121W
YDL042C	YER129W
YDL150W	YNL151C
YCR030C	YIL095W
YCR086W	YDR335W
YMR194W	YNL124W
YKR008W	YMR125W
YDR153C	YHR108W
YBL031W	YLR293C
YGR082W	YML086C
YGL021W	YLL015W
YAL032C	YDR448W
YGR232W	YNL244C
YDL150W	YIR010W
YFL033C	YOL081W
YHR165C	YKL152C
YDR374C	YIL051C
YDR169C	YFR014C
YDL207W	YDR172W
YDR207C	YMR263W
YJL106W	YNL116W
YLR276C	YMR049C
YGL017W	YLR234W
YDR356W	YLL003W
YLR070C	YPL240C
YDL239C	YDR520C
YCR034W	YNL048W
YDL137W	YER122C
YDL060W	YOL041C
YLL039C	YOR329C
YFR010W	YJR066W
YIL035C	YPL181W
YAR002W	YPR152C
YDR510W	YIL149C
YER036C	YOR117W
YBR191W	YJR123W
YPL220W	YPR102C
YFR004W	YFR044C
YGR103W	YPR115W
YJL187C	YMR173W
YGL031C	YLR342W
YKL049C	YOR261C
YHR135C	YNL207W
YFL048C	YJL178C
YBR154C	YPL203W
YBR254C	YDR108W
YNL255C	YOR089C
YDL052C	YLR144C
YKL139W	YPL220W
YLR022C	YOR063W
YBR109C	YEL034W
YJR098C	YMR304W
YGL187C	YGR112W
YCR034W	YEL017C-A
YER054C	YKL166C
YKR010C	YOR061W
YDR143C	YER006W
YKL144C	YOR116C
YKR024C	YKR081C
YNL307C	YOR335C
YKL182W	YML100W
YBR211C	YPR046W
YFL034W	YHL019C
YBL072C	YCL011C
YFL037W	YHR128W
YJR105W	YKL004W
YHR016C	YPR081C
YML064C	YNL255C
YDL204W	YER118C
YGR085C	YNL255C
YBL085W	YOL135C
YDR510W	YGL244W
YOL077C	YOR063W
YER022W	YPR187W
YNL101W	YPR028W
YER075C	YHR030C
YGR155W	YMR059W
YBR018C	YGL180W
YDL045W-A	YIL093C
YGR085C	YOR204W
YGR103W	YNL255C
YDR388W	YOR057W
YKL182W	YLR044C
YBR106W	YNR055C
YDL148C	YER035W
YGR097W	YNL025C
YHR135C	YPL181W
YGR048W	YKL020C
YGL116W	YPL004C
YCR012W	YDL097C
YCL025C	YIL016W
YJL084C	YLL039C
YFL047W	YFR004W
YGR179C	YOL054W
YNL124W	YOR096W
YLL023C	YMR215W
YER171W	YGR258C
YML069W	YNL030W
YLL039C	YOR348C
YBR114W	YMR315W
YGL011C	YGR135W
YBL076C	YBR058C
YDR388W	YFR004W
YOR319W	YPR152C
YDL005C	YGL151W
YHR195W	YLL039C
YCR086W	YKR068C
YDR240C	YLR423C
YBL072C	YJR002W
YHR030C	YNL027W
YFL037W	YJR132W
YJL070C	YML035C
YDR510W	YHR187W
YIL061C	YMR319C
YKR068C	YML077W
YHR007C	YKL201C
YEL056W	YGR104C
YEL051W	YGL006W
YBL003C	YOL054W
YDR091C	YKL009W
YNL209W	YPR045C
YBR107C	YIR010W
YLL039C	YOR326W
YBR109C	YIL095W
YAL053W	YDR497C
YGR165W	YNL255C
YLR180W	YOR326W
YDL006W	YPL180W
YPL151C	YPR182W
YDR176W	YER165W
YBR188C	YLR424W
YHR169W	YIR010W
YDR381W	YIL026C
YFL039C	YLR291C
YEL047C	YFR004W
YGL104C	YHR114W
YFR004W	YIL116W
YJR014W	YKL166C
YBR086C	YJR045C
YDR347W	YKL155C
YCR084C	YGL025C
YDR001C	YLL039C
YDL029W	YDR063W
YIL075C	YMR314W
YGR092W	YGR223C
YMR304W	YOR326W
YJR002W	YPR144C
YIL034C	YIL062C
YHR015W	YPL169C
YBR112C	YPL177C
YIR035C	YLR291C
YJL106W	YMR100W
YML032C	YPL240C
YCR086W	YOR061W
YGL112C	YMR227C
YDR334W	YOL012C
YJR063W	YLR248W
YCL059C	YMR093W
YDR176W	YLR423C
YBR137W	YOL111C
YDL060W	YNR054C
YLR029C	YOR096W
YNL075W	YNL255C
YDR162C	YML109W
YGR092W	YKL140W
YNL206C	YNL255C
YBR055C	YLL036C
YDR224C	YPR019W
YEL051W	YMR106C
YPL240C	YPR128C
YDR012W	YOR096W
YER125W	YKL144C
YDR412W	YKR081C
YDR434W	YHR188C
YDR381W	YGR128C
YLR117C	YMR125W
YDR405W	YIL070C
YGR103W	YNL124W
YCR100C	YNL307C
YBR058C	YDR388W
YDR342C	YJR066W
YDR295C	YNL250W
YDL101C	YHR135C
YAL027W	YLR429W
YJL187C	YOR123C
YMR043W	YMR227C
YDR264C	YOR212W
YJL148W	YJR063W
YDR374C	YOR231W
YGL178W	YGR040W
YHR020W	YLR180W
YDR188W	YHR119W
YAL055W	YDL065C
YBR194W	YPL226W
YGR113W	YLR424W
YBR247C	YMR093W
YDR012W	YDR471W
YDL115C	YMR291W
YJR002W	YPL240C
YKL206C	YLL039C
YLR153C	YOL013C
YBL030C	YBL045C
YDR380W	YLL039C
YAL032C	YKR086W
YDR216W	YGR123C
YML127W	YPR034W
YIR010W	YOR039W
YAR042W	YDR100W
YKL049C	YKR046C
YKL049C	YOR117W
YGL017W	YNL157W
YGL048C	YGL141W
YCR034W	YFL025C
YBL052C	YNL255C
YGL006W	YLL039C
YFR004W	YOR204W
YER086W	YLR291C
YLR346C	YNL255C
YMR031C	YPL004C
YJR119C	YLL039C
YDL020C	YMR100W
YLL039C	YNL305C
YDR264C	YJR086W
YIL016W	YNL154C
YFR004W	YPR035W
YDR167W	YGR252W
YLL014W	YML029W
YKL166C	YMR120C
YDL029W	YIL062C
YNL162W	YNL255C
YDL060W	YDR224C
YAL032C	YDR176W
YGR027C	YNL255C
YLR186W	YPR144C
YCL031C	YLR310C
YAL026C	YJL034W
YGR120C	YJL036W
YDR163W	YPL240C
YBR281C	YNL119W
YKL012W	YPR182W
YLR131C	YMR308C
YFR004W	YOR234C
YJR123W	YJR145C
YHR007C	YKL008C
YDR496C	YHR052W
YBR253W	YGL025C
YAL011W	YBL003C
YER006W	YHR088W
YLR293C	YOR160W
YGR135W	YOR261C
YGL201C	YLR233C
YFR004W	YML085C
YNL209W	YPR144C
YDL140C	YDR356W
YIL035C	YKR022C
YDR381W	YHR039C
YBR264C	YNL044W
YGL025C	YLR071C
YBL002W	YMR223W
YDR364C	YLR117C
YKR086W	YLL036C
YOR117W	YOR261C
YIL016W	YPL203W
YGL073W	YJL141C
YOR117W	YPL131W
YDR510W	YKR010C
YGL070C	YGR186W
YER162C	YKL159C
YBR207W	YDR284C
YDR006C	YLL039C
YDL132W	YNL055C
YJL107C	YJL138C
YDR471W	YGR130C
YJR110W	YOR069W
YDR378C	YDR482C
YBR142W	YHR216W
YLR342W	YPR165W
YOL029C	YPL240C
YIL109C	YKL068W
YAL024C	YML064C
YMR227C	YNL255C
YAL038W	YHR169W
YDL209C	YKR086W
YDL140C	YGR097W
YBR031W	YDR471W
YLR245C	YOL111C
YGL171W	YMR093W
YBR088C	YDR097C
YDL075W	YLR075W
YER178W	YKL049C
YOR156C	YPR034W
YFR004W	YOR042W
YDL047W	YDR188W
YBL051C	YPL240C
YLR342W	YNL307C
YFR014C	YGL205W
YDR364C	YLR424W
YBR191W	YGL147C
YDR177W	YPR103W
YGL211W	YIL008W
YBR194W	YGL031C
YLL036C	YLR441C
YDR381W	YNL177C
YBR088C	YGL058W
YJL069C	YMR229C
YHR174W	YPR152C
YKL067W	YNL030W
YDR411C	YDR479C
YDL140C	YJR110W
YDL084W	YDR159W
YDR425W	YGL161C
YDL015C	YPL264C
YDR288W	YOR358W
YLR018C	YLR249W
YCR091W	YML096W
YFR004W	YGR200C
YIL091C	YMR216C
YHR135C	YOL153C
YFR004W	YKL081W
YLL019C	YLR044C
YBR082C	YOR294W
YKL065C	YKL212W
YLR259C	YPL240C
YBL072C	YLR075W
YJL057C	YNL113W
YBR253W	YLR071C
YLR387C	YOR063W
YJL088W	YOR117W
YBR193C	YBR253W
YDR247W	YNL295W
YDL055C	YPL226W
YER032W	YLR144C
YDR012W	YOL041C
YDR137W	YLR039C
YKL081W	YPR152C
YML049C	YMR117C
YLL036C	YMR125W
YAR002W	YLL039C
YJL084C	YPR029C
YJR123W	YOR361C
YDR258C	YLR380W
YLL036C	YLR016C
YBR109C	YFR014C
YDR216W	YOL148C
YFR014C	YNR033W
YKL129C	YOR247W
YBL003C	YLR449W
YJR132W	YKL049C
YHR108W	YLR170C
YDR496C	YHR197W
YDR062W	YLR342W
YDR388W	YOR329C
YKL166C	YNL227C
YDR510W	YGR214W
YML049C	YMR125W
YER172C	YGR278W
YBL072C	YLR029C
YGR097W	YNL307C
YBR279W	YNL251C
YHR114W	YLL005C
YKL049C	YPL001W
YDR381W	YJR045C
YGR108W	YOR171C
YAL005C	YDR390C
YGL058W	YNL255C
YCL037C	YNL251C
YHR187W	YKL110C
YDR502C	YHL014C
YDR330W	YOL133W
YBR289W	YPR034W
YLR423C	YPL240C
YNL207W	YOR204W
YEL051W	YJL036W
YHR190W	YLL039C
YNL098C	YOL081W
YFR004W	YOL040C
YHR135C	YNL116W
YDR394W	YOR261C
YDR335W	YDR394W
YGL025C	YHR058C
YER089C	YLL039C
YGR214W	YOR361C
YDR300C	YFR004W
YHR087W	YIL162W
YGR056W	YMR106C
YGR080W	YNL138W
YDR386W	YNL024C
YBR121C	YLR427W
YHR094C	YLL039C
YDL002C	YKR001C
YAL024C	YCL040W
YKL006W	YNL124W
YDR011W	YJR066W
YHL022C	YLR329W
YDR143C	YGR192C
YJR103W	YPL204W
YBR188C	YKR086W
YKR101W	YLL004W
YDR392W	YEL009C
YDR404C	YNL251C
YFR001W	YKR024C
YKR024C	YOR294W
YBR214W	YDL047W
YDR188W	YHR174W
YKL185W	YPL181W
YJL039C	YKL068W
YGR192C	YKL129C
YDR448W	YGR142W
YAL031C	YER172C
YLR071C	YMR112C
YCR004C	YDL101C
YDR448W	YPL122C
YER177W	YHR165C
YBR194W	YMR070W
YLL039C	YLR345W
YLR357W	YPR034W
YFR038W	YGR040W
YOR036W	YPL240C
YAR002W	YGL086W
YAL024C	YJR123W
YFL038C	YML086C
YER164W	YKL049C
YIR008C	YNL262W
YBR194W	YMR146C
YGR179C	YPL018W
YER171W	YOR142W
YBR132C	YPL240C
YGR258C	YLR005W
YDR479C	YLL039C
YLR126C	YNL255C
YJL187C	YKL160W
YGR130C	YKL049C
YDR372C	YNL287W
YER125W	YER177W
YGL061C	YIL070C
YNL227C	YPL026C
YML020W	YMR106C
YIR006C	YNL243W
YFR037C	YNL255C
YBR133C	YGL187C
YDR414C	YGR284C
YKR086W	YPL151C
YLR025W	YPR173C
YPL049C	YPR017C
YAL026C	YLL039C
YDR323C	YMR231W
YBR183W	YNL169C
YIL115C	YKL049C
YCR063W	YER172C
YGR134W	YPL268W
YGR092W	YNR006W
YDR117C	YOR204W
YFL005W	YFR004W
YGL180W	YOL091W
YDR174W	YLR022C
YJL025W	YOR284W
YDL019C	YGR092W
YAL002W	YLR148W
YHR086W	YPR182W
YPR081C	YPR154W
YLR259C	YOR020C
YJL057C	YKL130C
YCR086W	YOR281C
YBR128C	YPL240C
YGR043C	YNL222W
YEL017C-A	YGR284C
YGR097W	YJL106W
YLR449W	YOR340C
YAR027W	YGL104C
YDR100W	YHR094C
YBR055C	YBR133C
YGL238W	YGR214W
YBR018C	YDL134C
YDR448W	YHR079C
YNL255C	YPR086W
YAL027W	YBR196C
YCL031C	YDR162C
YBR264C	YJL187C
YBR106W	YLL061W
YDL140C	YIR010W
YDR170C	YML085C
YBR097W	YLL039C
YDR448W	YDR510W
YDL115C	YJL187C
YGL073W	YOR178C
YLR085C	YLR399C
YDR388W	YLR429W
YER060W	YJL106W
YLR287C	YML029W
YDL029W	YMR058W
YBR101C	YPR154W
YGL233W	YJL085W
YKL095W	YLR424W
YLR249W	YOR267C
YGL172W	YJL041W
YFR004W	YGL206C
YLR178C	YMR257C
YDR473C	YPR182W
YCL043C	YOL126C
YDR244W	YDR265W
YDR192C	YLR293C
YKL135C	YPR010C
YBR194W	YMR240C
YDR247W	YIL154C
YEL058W	YNL218W
YGR284C	YMR215W
YNL118C	YPL220W
YDL124W	YKL185W
YER171W	YFR009W
YNL065W	YPL240C
YDL029W	YDL149W
YHL011C	YOL061W
YHL035C	YHR114W
YHR165C	YML049C
YLR048W	YPR035W
YER129W	YNL225C
YDL148C	YHR052W
YDL207W	YIL115C
YAR027W	YPR128C
YBR078W	YJR066W
YGR120C	YLR423C
YHR079C	YMR165C
YBL085W	YER164W
YBR082C	YDR529C
YBR055C	YLR424W
YDR510W	YPR103W
YER164W	YLL039C
YDL130W	YDR251W
YER099C	YHR030C
YGL059W	YMR165C
YDR006C	YFR004W
YCL008C	YNL154C
YFR014C	YGR135W
YKL010C	YML085C
YGR129W	YLR117C
YDR471W	YER006W
YGR200C	YKL110C
YLR241W	YNR060W
YGL061C	YGR040W
YLR268W	YNL258C
YER141W	YJL141C
YLL039C	YLR047C
YOR361C	YPR152C
YBR191W	YLR287C-A
YHL001W	YOL127W
YHL011C	YOR090C
YPR144C	YPR163C
YBR155W	YHR135C
YDR404C	YLR071C
YMR093W	YNL075W
YBR154C	YER022W
YBR060C	YDR174W
YIR010W	YLR175W
YNL020C	YNL272C
YGL198W	YNL304W
YDL207W	YEL024W
YKL049C	YPL226W
YFL023W	YJL106W
YDR183W	YOR212W
YBR080C	YOR036W
YGL180W	YHR081W
YBL042C	YPL058C
YBR234C	YNL243W
YKR001C	YOR304W
YDR479C	YJL097W
YDR108W	YPR078C
YHL001W	YLR448W
YHR179W	YLL060C
YDL017W	YGL201C
YMR140W	YNL154C
YBR088C	YOR117W
YGL025C	YNR010W
YDL042C	YLL039C
YFR014C	YGL023C
YFL002C	YHR052W
YGL173C	YPL109C
YGR130C	YPL004C
YDR342C	YPL204W
YGR155W	YML064C
YBL061C	YJL187C
YBR234C	YLR241W
YJR076C	YMR304W
YGL147C	YGR085C
YDR482C	YMR240C
YCR017C	YGR052W
YLR423C	YPR165W
YFL037W	YKL010C
YMR196W	YPL204W
YCL052C	YLR268W
YGL095C	YOL018C
YLR083C	YPL264C
YFR001W	YOR267C
YBR247C	YJR002W
YFR004W	YJL001W
YMR314W	YOR259C
YJL068C	YOL017W
YHR135C	YOR123C
YDR135C	YDR510W
YHR058C	YOL135C
YML064C	YPL111W
YDR135C	YOR061W
YHR174W	YLR044C
YGR103W	YJL192C
YML069W	YOL054W
YGR268C	YNL255C
YCL043C	YPL141C
YGL201C	YML069W
YJR148W	YLL039C
YBR082C	YPL269W
YHR043C	YPL204W
YKL166C	YLR216C
YGL157W	YLL039C
YBR087W	YDR229W
YBL076C	YNL255C
YBR020W	YCL011C
YIL149C	YNL225C
YNL209W	YOR197W
YDL002C	YDR510W
YBR106W	YGL104C
YGR116W	YML069W
YGR040W	YJR072C
YHR161C	YIR006C
YOR113W	YPL203W
YKR097W	YPL203W
YFR004W	YNL135C
YEL037C	YGL048C
YBL003C	YIL026C
YBR109C	YLR356W
YDL160C	YGL178W
YFL033C	YNL157W
YAL005C	YJR140C
YLR424W	YMR125W
YLR287C-A	YLR448W
YGR104C	YNR010W
YDR424C	YIL115C
YHL001W	YOR117W
YFL017C	YLR438C-A
YDR471W	YHL001W
YBR154C	YLR071C
YGR186W	YKL028W
YBL064C	YHR079C
YHR114W	YKR030W
YLR438C-A	YNL118C
YER047C	YKL129C
YAR019C	YDL101C
YOR361C	YPR086W
YJL166W	YLL039C
YGR120C	YNL086W
YHR046C	YNL262W
YDR001C	YPL216W
YML091C	YMR036C
YLL039C	YPL162C
YBR106W	YHR142W
YMR216C	YNL173C
YAL042W	YML067C
YDR159W	YLR423C
YFR004W	YGL078C
YEL056W	YHR118C
YBR109C	YKL175W
YER166W	YIR006C
YBR168W	YLR324W
YDR171W	YPR035W
YDL047W	YKL080W
YER125W	YGL219C
YKR081C	YLR276C
YDR335W	YHR196W
YGL048C	YMR191W
YDR227W	YNL206C
YGL156W	YPL204W
YBR041W	YJR009C
YKL135C	YPR102C
YDR452W	YNL255C
YDR188W	YOR230W
YBR279W	YIL035C
YCL059C	YLR186W
YFL039C	YFR004W
YDR153C	YGL206C
YIL075C	YPR108W
YKL212W	YML029W
YEL037C	YGL150C
YNL225C	YNL255C
YDL239C	YPL240C
YMR109W	YNL307C
YGL059W	YOR134W
YDL239C	YNL225C
YDR158W	YOR117W
YGR278W	YKL095W
YER122C	YLR268W
YDR059C	YPR103W
YBR109C	YER023W
YCL059C	YLL011W
YBR055C	YMR205C
YDR381W	YHR118C
YER006W	YOR063W
YCR073W-A	YER064C
YLR291C	YLR438C-A
YLL015W	YLL039C
YLR039C	YOR361C
YLL039C	YNL263C
YDR510W	YFL045C
YGL112C	YMR223W
YDR167W	YGL025C
YDR216W	YPR086W
YDR026C	YNL154C
YAL005C	YBL058W
YKL161C	YPL049C
YEL031W	YMR215W
YDL209C	YGR129W
YKL049C	YPR135W
YLR005W	YNL255C
YNL209W	YOL006C
YDR510W	YOR251C
YDR062W	YDR502C
YLL039C	YLR268W
YDR414C	YGR199W
YFL005W	YOR070C
YAR002W	YJL039C
YBL085W	YJR056C
YHR165C	YMR176W
YKL161C	YNL027W
YEL051W	YMR120C
YNL255C	YOR369C
YIL085C	YJL019W
YAL042W	YML130C
YDR388W	YJR139C
YLL039C	YOL145C
YEL037C	YLL050C
YGL201C	YLR274W
YDR224C	YOL012C
YJR045C	YKR048C
YDR240C	YGL173C
YFR004W	YOL109W
YGL145W	YNL258C
YDL047W	YOL018C
YGR040W	YLR310C
YDR471W	YFR031C-A
YML051W	YMR223W
YNL099C	YNR054C
YGL105W	YGR092W
YDR170C	YFR044C
YBR086C	YJL106W
YHR069C	YOR076C
YDL134C	YHR135C
YDR427W	YOR294W
YDL019C	YPL026C
YGL112C	YLR399C
YBR273C	YDL190C
YDL116W	YLR029C
YJL084C	YOR348C
YAL034C	YNL307C
YNL232W	YOL021C
YDL029W	YLR370C
YMR068W	YOL078W
YIL125W	YLL039C
YHR079C	YHR114W
YAL024C	YMR300C
YLL039C	YPR091C
YKL062W	YPL204W
YDL015C	YKL065C
YJR053W	YKL048C
YHR142W	YIL016W
YOL006C	YPR019W
YBL058W	YNL155W
YDR258C	YOR117W
YJR076C	YNL307C
YHR088W	YHR197W
YDR407C	YKR068C
YLR427W	YOL041C
YER147C	YFL016C
YHR099W	YMR227C
YDR510W	YLR175W
YJR145C	YPL204W
YBL093C	YDR308C
YMR049C	YPR008W
YHR196W	YNL255C
YPL204W	YPR083W
YGR252W	YHR099W
YGL079W	YGL180W
YBR106W	YOL020W
YDR172W	YNL243W
YIR010W	YPL105C
YDR265W	YOL147C
YLL039C	YOR223W
YBL085W	YPL049C
YER059W	YMR311C
YJL069C	YKR096W
YGR278W	YOR361C
YER177W	YIL159W
YBL016W	YNL136W
YLR248W	YNL272C
YNL262W	YNL299W
YLL039C	YLR320W
YDR159W	YML103C
YBR005W	YER125W
YGR142W	YOL018C
YGR180C	YOR230W
YIL095W	YLR342W
YHR185C	YJL057C
YGR136W	YLL039C
YOL133W	YOR080W
YDL101C	YDR214W
YDR540C	YHR135C
YGR110W	YHR114W
YGL194C	YHR119W
YDR448W	YPL135W
YKL159C	YKL190W
YMR125W	YOR159C
YDL140C	YDR359C
YIL061C	YLR298C
YLR466W	YNL255C
YLR324W	YPR028W
YDR510W	YER125W
YBR241C	YDR479C
YMR125W	YOR204W
YDR501W	YOR273C
YLR180W	YOL128C
YHR135C	YJR089W
YKL008C	YMR058W
YCL025C	YPL227C
YAL048C	YLL039C
YDL017W	YPR007C
YGR275W	YPL249C-A
YKL010C	YLL036C
YNL255C	YOR167C
YGL194C	YMR273C
YBR196C	YLR044C
YBR173C	YMR314W
YDR002W	YMR235C
YAL005C	YBL023C
YER012W	YLR199C
YFR052W	YIR011C
YKL028W	YNR029C
YAL026C	YDR497C
YDR159W	YLR018C
YDR381W	YNL252C
YOR155C	YPL204W
YBL030C	YER053C
YBL035C	YDR082W
YJL078C	YOR153W
YDR093W	YJR066W
YMR146C	YPL105C
YJR066W	YOR326W
YLL039C	YML049C
YHR127W	YKL012W
YGR067C	YPL240C
YDR270W	YNL259C
YMR027W	YPR036W
YDL160C	YMR106C
YGL004C	YOR117W
YJL225C	YNL255C
YGR052W	YJL105W
YHR023W	YLR423C
YJR123W	YLR029C
YIL011W	YMR201C
YBL036C	YOL078W
YDR381W	YNL238W
YLR087C	YPL240C
YLL039C	YOR042W
YDL156W	YLR116W
YHR016C	YLR426W
YAR027W	YJR040W
YFR004W	YMR027W
YBL035C	YPL240C
YDR224C	YOL054W
YDL043C	YML049C
YGR207C	YOR018W
YLR048W	YLR274W
YHL001W	YJR123W
YBR173C	YOR157C
YBR055C	YMR120C
YCL059C	YHR148W
YBR088C	YFR004W
YML064C	YMR246W
YEL009C	YMR236W
YIR010W	YOR207C
YBR108W	YLR248W
YDR143C	YPR019W
YIR010W	YKL049C
YGR129W	YKR022C
YKL129C	YNL255C
YDL207W	YMR129W
YJL034W	YJL052W
YBR085W	YGL237C
YGL172W	YOR160W
YIL149C	YLL015W
YJL069C	YOR059C
YBR273C	YDR411C
YDR342C	YLR019W
YDR378C	YML049C
YDR083W	YNL255C
YLR248W	YNR047W
YNL288W	YPR035W
YBR105C	YNL085W
YBR109C	YGL141W
YKL135C	YPL240C
YKL012W	YML049C
YER044C	YML008C
YDR297W	YHR142W
YDR388W	YFL039C
YGL043W	YGR186W
YBR194W	YJR121W
YGL234W	YOR090C
YOR156C	YPR046W
YKL049C	YOR061W
YKL049C	YMR304W
YIL071C	YNL209W
YJL069C	YMR093W
YNL209W	YOR128C
YDL043C	YOR319W
YKL095W	YMR125W
YDR176W	YPL181W
YHR097C	YLL039C
YNL113W	YNL255C
YBL030C	YBR194W
YER171W	YPL122C
YLR455W	YMR229C
YEL009C	YPR046W
YFR004W	YMR308C
YNL244C	YOR361C
YBR106W	YBR287W
YNL307C	YPR115W
YNL030W	YNL157W
YFR004W	YLR293C
YDR285W	YMR117C
YGR155W	YJR045C
YLR073C	YPL084W
YBR083W	YDR510W
YDR227W	YFL045C
YFL038C	YNL044W
YDR330W	YJL187C
YBL016W	YGR200C
YFR004W	YJR139C
YER023W	YNL259C
YLR293C	YOR117W
YFR004W	YLR300W
YHR033W	YJR076C
YJR109C	YKL182W
YDR093W	YER166W
YBR112C	YMR240C
YHL018W	YOL054W
YEL051W	YNL250W
YIL070C	YNL250W
YBL078C	YFR014C
YFR014C	YJL084C
YGL112C	YGR252W
YAL005C	YDR083W
YLR310C	YNL231C
YBL085W	YNL206C
YJL140W	YNR010W
YGL011C	YIL099W
YGR252W	YPL181W
YLL039C	YLR387C
YBR082C	YFR004W
YJL052W	YLR144C
YGR085C	YPL220W
YDL074C	YOL117W
YLR145W	YNL227C
YBR291C	YLR435W
YJR076C	YKR048C
YBR106W	YOR117W
YMR229C	YNR054C
YBL099W	YCR063W
YMR307W	YPL240C
YDL074C	YLR424W
YGR103W	YPR017C
YLR259C	YNL255C
YCL011C	YMR125W
YAR068W	YNL255C
YNL030W	YOL054W
YLR259C	YPL233W
YGL180W	YKL166C
YOR096W	YPR144C
YLR399C	YOR039W
YCL067C	YCR084C
YGR056W	YLR321C
YIR010W	YJR076C
YGR104C	YMR112C
YDL112W	YJR045C
YHR014W	YJL138C
YCR105W	YNL307C
YJL041W	YKL068W
YFR004W	YPR145W
YJL076W	YOR061W
YFR001W	YPL220W
YFL039C	YLR274W
YDR100W	YMR010W
YNL209W	YOR069W
YGL180W	YGR126W
YCL011C	YCL037C
YML051W	YMR004W
YBR278W	YDR388W
YDR356W	YNL126W
YEL002C	YHR007C
YLR357W	YMR033W
YOR266W	YPL240C
YGR295C	YKL004W
YBR194W	YPL004C
YBL079W	YGL172W
YKL049C	YLR330W
YHR079C	YNL272C
YDR510W	YNL209W
YAR019C	YHR079C
YDR240C	YLR298C
YML049C	YPL151C
YAL026C	YDL019C
YAL005C	YDR214W
YEL012W	YHR205W
YGR266W	YMR106C
YGR277C	YLL061W
YJR123W	YLL036C
YER164W	YMR229C
YML049C	YPR152C
YBR279W	YPL084W
YGR155W	YJL034W
YGL136C	YGR040W
YDL160C	YOR326W
YGR113W	YPL018W
YBL016W	YDR439W
YMR028W	YNR032W
YDR411C	YML013W
YMR117C	YPR143W
YBR175W	YOL045W
YIL075C	YKL049C
YDL042C	YDR247W
YDR167W	YDR216W
YKL160W	YLR429W
YDR080W	YMR048W
YGL058W	YGR180C
YLR075W	YNL255C
YEL054C	YGR245C
YGL093W	YMR117C
YOR033C	YPL240C
YBR254C	YFL038C
YAL042W	YLL039C
YGR178C	YLL039C
YGL105W	YPL240C
YKL064W	YNL255C
YER165W	YLR298C
YGR186W	YJL140W
YDL116W	YKL186C
YBL023C	YLL039C
YDR174W	YLR320W
YLR438C-A	YMR268C
YBR168W	YHR150W
YDR422C	YMR106C
YDL075W	YHR052W
YFL045C	YMR059W
YDL029W	YDR394W
YDR510W	YOR032C
YLR170C	YNL255C
YKL006C-A	YPL240C
YER006W	YLR325C
YBR023C	YNL238W
YIL125W	YMR121C
YGR085C	YLR075W
YAR019C	YGR092W
YDL138W	YDR277C
YLL039C	YLR356W
YLR438W	YPL240C
YBR132C	YGL006W
YGR200C	YKL166C
YBR154C	YGR186W
YCR084C	YLL039C
YAL032C	YMR031C
YML091C	YPL204W
YKL052C	YNL255C
YIR010W	YMR229C
YER012W	YER177W
YBR106W	YNL125C
YBL051C	YIL151C
YLR002C	YLR274W
YBR215W	YGL078C
YMR235C	YMR300C
YDL075W	YDR418W
YAR019C	YOR267C
YML069W	YOR039W
YJL001W	YOR157C
YDR012W	YFR004W
YDR238C	YHR169W
YBR279W	YKL049C
YJR002W	YPL266W
YDL052C	YLL039C
YML067C	YPL246C
YGL245W	YPL141C
YLR342W	YML130C
YEL054C	YNL255C
YLR192C	YNL244C
YFR004W	YFR009W
YML056C	YPR152C
YBL003C	YKR024C
YBL011W	YJL187C
YDL134C	YOR176W
YDR427W	YOR261C
YJL089W	YMR280C
YFL023W	YNL255C
YJL070C	YKL166C
YBR142W	YGL059W
YDR496C	YMR049C
YLR249W	YPL131W
YBR194W	YPL151C
YLR449W	YMR049C
YIL013C	YLR083C
YDL074C	YDR295C
YMR024W	YNL252C
YMR120C	YPL203W
YAL005C	YLR256W
YEL055C	YER100W
YLL039C	YOL084W
YOL021C	YOL142W
YKL213C	YMR067C
YDR012W	YJR123W
YBR154C	YFL023W
YMR086W	YPL004C
YDL019C	YGL059W
YBR109C	YIL149C
YBR072W	YNL313C
YJL076W	YPR187W
YER012W	YPR120C
YDR224C	YNL255C
YJR066W	YLR342W
YGL147C	YJR123W
YER006W	YIL035C
YIL103W	YJL138C
YNL209W	YPL240C
YDR301W	YHR135C
YBR247C	YNL209W
YOR057W	YPL240C
YBR199W	YLL039C
YDL029W	YDR172W
YDR418W	YOR117W
YDR510W	YML085C
YDL203C	YER012W
YDR227W	YMR219W
YDR423C	YLR109W
YNL055C	YNL157W
YDR460W	YLR005W
YNL255C	YPL160W
YDL029W	YJR065C
YLR448W	YOL127W
YBL022C	YGR040W
YBL003C	YNL209W
YBR078W	YLL039C
YBR247C	YNL154C
YFL037W	YJL111W
YLL039C	YML112W
YDR528W	YPL240C
YKR001C	YLL039C
YDR086C	YFR004W
YKL034W	YLL039C
YBR106W	YFR004W
YDR003W	YLL039C
YMR052W	YNL127W
YDL226C	YDR510W
YBL016W	YJL157C
YDR388W	YNL244C
YAR027W	YML038C
YDL134C	YMR028W
YGR128C	YPL126W
YBL034C	YDR356W
YGL004C	YLR421C
YKL212W	YPR028W
YAL005C	YHR127W
YMR287C	YPL240C
YLR320W	YPR135W
YBR109C	YPL019C
YCR030C	YGR130C
YKR081C	YOL102C
YNL154C	YOR153W
YDR381W	YML056C
YPL004C	YPR173C
YDR256C	YGL153W
YLR268W	YNL287W
YBR106W	YML067C
YFR004W	YGL202W
YER177W	YIR010W
YMR159C	YPR034W
YJL069C	YOR078W
YER164W	YMR125W
YDR412W	YPL131W
YER125W	YMR120C
YBR254C	YDR246W
YIL016W	YPL076W
YGL059W	YPL203W
YJL106W	YNL272C
YDL181W	YOR159C
YIL017C	YMR135C
YLR398C	YML056C
YJR132W	YPL240C
YJR025C	YPL204W
YER006W	YFR001W
YER131W	YFR004W
YIR010W	YJL053W
YBL072C	YKL067W
YMR153W	YPL004C
YBR234C	YDR510W
YLR342W	YPR152C
YGL011C	YJL001W
YDR100W	YLR108C
YHR108W	YLR167W
YBL061C	YHR135C
YBR088C	YOR116C
YDR412W	YOR063W
YBL072C	YPL037C
YMR114C	YMR216C
YER006W	YKL009W
YIL017C	YNL255C
YHL011C	YHR030C
YGR136W	YKL117W
YDL052C	YHR007C
YGR261C	YNL255C
YFR004W	YPL079W
YCR034W	YEL002C
YDL075W	YLR029C
YHR099W	YNL136W
YDL060W	YER131W
YFL002C	YOR355W
YGR214W	YLR259C
YAL062W	YGL070C
YDR397C	YER159C
YER125W	YMR171C
YDL002C	YPL141C
YGR128C	YJL010C
YJR007W	YLR291C
YER070W	YML064C
YDR392W	YMR236W
YGR040W	YLR324W
YNL124W	YOR063W
YDR411C	YJL106W
YDL055C	YER012W
YMR224C	YNL172W
YBR274W	YDR217C
YDR299W	YPL141C
YNR023W	YPR034W
YOR227W	YPR152C
YER024W	YJL187C
YHR041C	YPL216W
YBR041W	YMR246W
YER041W	YKR081C
YCR004C	YFR004W
YDR448W	YER164W
YNL124W	YPL249C-A
YFR004W	YNL313C
YAL027W	YDR510W
YJR139C	YLL039C
YLL015W	YLL023C
YCR014C	YHR135C
YBR085W	YFR004W
YGR206W	YLL039C
YDR301W	YPR107C
YLR310C	YPL049C
YGL059W	YJR049C
YGR214W	YLR153C
YBR253W	YPR086W
YDR267C	YOL111C
YDR388W	YKL129C
YHR046C	YNL255C
YKL099C	YNL255C
YOL040C	YOR096W
YDL029W	YHR030C
YER165W	YMR213W
YJR091C	YLR420W
YGL092W	YLR429W
YDR012W	YER012W
YLR071C	YOL148C
YDR502C	YFR004W
YBR106W	YBR183W
YDR167W	YNR010W
YGR210C	YMR109W
YFR036W	YNL172W
YHR030C	YOR220W
YER165W	YKL068W
YLL039C	YOR341W
YBL002W	YMR036C
YDR382W	YOR063W
YLR274W	YLR429W
YGL174W	YMR240C
YLR175W	YMR229C
YDL076C	YLR098C
YDL055C	YNL055C
YJR063W	YPR187W
YDL223C	YFR004W
YAL010C	YMR060C
YDL047W	YGR085C
YGR104C	YPR168W
YDR496C	YOL077C
YGR184C	YIL075C
YKL049C	YOR267C
YEL030W	YMR106C
YDL149W	YGL180W
YBR142W	YKL014C
YDR427W	YGL048C
YLR025W	YLR181C
YBR253W	YOL135C
YDR412W	YML074C
YFL068W	YNL255C
YAL032C	YHR165C
YCL017C	YPL026C
YGR040W	YGR155W
YFR014C	YLR265C
YBR221C	YDR510W
YJL091C	YPL240C
YLR103C	YNL273W
YLL011W	YNL255C
YBL002W	YGL066W
YFR052W	YGL078C
YDL015C	YHR133C
YBL003C	YLR022C
YBR211C	YIR010W
YKL049C	YMR146C
YBL085W	YER158C
YJL029C	YLL039C
YDR427W	YNL244C
YBR106W	YNL048W
YHR016C	YNL243W
YGL127C	YGR104C
YML125C	YMR153W
YDR284C	YLL039C
YCR073W-A	YDR247W
YLR333C	YML056C
YNL092W	YOR329C
YBR191W	YFR004W
YCR077C	YDR378C
YPL249C	YPR154W
YBR031W	YFR031C-A
YBL002W	YBL003C
YGR214W	YNL255C
YDL132W	YPL258C
YDR427W	YFR052W
YFR052W	YOR117W
YML074C	YPR115W
YGR204W	YKL198C
YKL112W	YOR039W
YLR103C	YLR274W
YHL019C	YHR135C
YFL002C	YHR088W
YKL112W	YMR308C
YDR284C	YPR079W
YGL174W	YLR016C
YDR412W	YOL077C
YIL016W	YKL212W
YDL101C	YNL250W
YAL030W	YNR049C
YDL065C	YMR163C
YLR071C	YNL025C
YER040W	YNL103W
YBR253W	YGL127C
YCR067C	YOR128C
YBR274W	YLR438W
YIL027C	YOL005C
YLR029C	YOL127W
YDR394W	YFR004W
YIR010W	YPL127C
YDR388W	YPL249C-A
YBR237W	YNL154C
YCL055W	YGL192W
YML102W	YNL030W
YJL157C	YMR304W
YBR254C	YMR218C
YHR205W	YMR216C
YDR265W	YNL214W
YFL018C	YFR049W
YJL138C	YLL039C
YBR121C	YNL244C
YDR171W	YNL216W
YFR004W	YHR039C
YHR165C	YMR213W
YDL042C	YDR224C
YBR111C	YLR245C
YJL178C	YOR316C
YFR022W	YLR248W
YNL064C	YPL240C
YIL002C	YJL083W
YDR510W	YER039C
YFL002C	YMR049C
YBR244W	YPL058C
YDR382W	YKL166C
YGL064C	YOR260W
YAL038W	YER171W
YHR070W	YNL138W
YHR016C	YNR007C
YGL104C	YPL076W
YER064C	YHR135C
YGR092W	YMR196W
YER125W	YMR257C
YFR004W	YKL215C
YGL180W	YMR297W
YER086W	YJR109C
YHR165C	YLR117C
YLL039C	YPL001W
YCL011C	YEL034W
YDL137W	YHR108W
YDL111C	YOR326W
YJR103W	YKL117W
YAL011W	YBR231C
YCR091W	YMR205C
YLR131C	YMR304W
YDR434W	YLR088W
YAL030W	YNL255C
YDR496C	YMR121C
YNL009W	YOR089C
YAL038W	YNL307C
YBR194W	YNL172W
YDL140C	YER125W
YDR356W	YMR117C
YDR381W	YOL033W
YDR097C	YLR234W
YDR510W	YMR049C
YFR031C-A	YLR029C
YIR010W	YPL231W
YDL029W	YKL129C
YKR095W	YNL255C
YCL032W	YMR117C
YIL093C	YJR101W
YML102W	YNL255C
YER012W	YGL147C
YDR189W	YHR094C
YDR100W	YDR141C
YDR057W	YOL013C
YDR412W	YFR031C-A
YFR038W	YJL187C
YBR221C	YDL239C
YHR013C	YOR061W
YDR143C	YIL034C
YHR135C	YKL166C
YLL039C	YMR205C
YIL061C	YKR028W
YFL038C	YMR218C
YEL056W	YLL004W
YCR020W-B	YPR034W
YAL005C	YFR037C
YFL002C	YOR063W
YBR247C	YKL143W
YBR154C	YOR340C
YBL105C	YEL002C
YBL003C	YNL262W
YMR070W	YPL127C
YCL011C	YDR381W
YDR427W	YLR386W
YIL084C	YPL181W
YBR193C	YHR041C
YFR004W	YGL040C
YER068W	YIR010W
YBL033C	YFR004W
YIL121W	YPL058C
YBR158W	YML064C
YDR085C	YMR059W
YCR030C	YJR076C
YBR128C	YPL120W
YDL149W	YLR065C
YGL173C	YJL141C
YDR103W	YOR326W
YGL180W	YOR344C
YJR091C	YOR265W
YMR213W	YOR159C
YBR154C	YDL140C
YGR040W	YPR115W
YCR077C	YML109W
YGR085C	YLR448W
YFL039C	YHR016C
YHR118C	YLL004W
YHR135C	YNR019W
YLR421C	YNL255C
YHR052W	YOL040C
YDR520C	YOL116W
YLL039C	YOR320C
YDR288W	YOL034W
YMR142C	YOR096W
YBR154C	YPR010C
YBR060C	YHR118C
YER006W	YOR267C
YNL255C	YOL112W
YDR453C	YIL039W
YML069W	YOL108C
YLR263W	YLR288C
YKL182W	YPR152C
YOL054W	YPL001W
YKL049C	YOR259C
YKL014C	YLL039C
YCR094W	YLL039C
YGR165W	YIL093C
YDR188W	YFL039C
YJL076W	YPR010C
YOR011W	YPL240C
YHR086W	YLL036C
YDL191W	YDR101C
YER125W	YPR187W
YJL076W	YLR019W
YOR090C	YPL240C
YER012W	YOL145C
YMR146C	YPR152C
YFR004W	YKL127W
YJR101W	YNR037C
YOR117W	YPR145W
YBR154C	YOL005C
YAL024C	YCL017C
YNL118C	YPL204W
YDR224C	YLR357W
YHR135C	YIL156W
YAL032C	YDL116W
YHR052W	YPR103W
YBL002W	YNL201C
YHR196W	YKL014C
YDL148C	YLR441C
YIL091C	YJL187C
YKL060C	YNL255C
YDR100W	YPL135W
YDR382W	YGR252W
YKR048C	YLR441C
YEL056W	YKL049C
YIR037W	YPL058C
YLR310C	YOR156C
YIL095W	YIR006C
YBR196C	YOR117W
YER122C	YIR010W
YBR286W	YLL039C
YDR247W	YMR140W
YBR031W	YDR510W
YDR011W	YOR153W
YDL148C	YIL019W
YAL062W	YCR020W-B
YOR294W	YPL131W
YFL005W	YGL198W
YGL112C	YOL135C
YDR122W	YNL035C
YDR299W	YGR092W
YDL160C	YNL255C
YDL150W	YOL021C
YDL150W	YDR510W
YER171W	YMR112C
YAR027W	YGL225W
YHR065C	YIR010W
YMR314W	YOR117W
YNL023C	YOR326W
YFR004W	YOR317W
YIL125W	YOR005C
YDR418W	YPL131W
YDL006W	YKR048C
YDR170C	YER125W
YDR382W	YLR441C
YER006W	YGR085C
YIR037W	YML070W
YHR030C	YOR353C
YNL201C	YPR115W
YKL144C	YPR187W
YGL031C	YNL255C
YBL003C	YNL059C
YDR382W	YJR123W
YDR412W	YMR142C
YJL019W	YLR233C
YLR357W	YMR224C
YBR270C	YGL180W
YFR014C	YPR083W
YKR081C	YPR102C
YDR510W	YOR340C
YGR113W	YGR179C
YCL009C	YER012W
YAL026C	YBR023C
YDR258C	YHR023W
YGL174W	YLL036C
YJL111W	YOR281C
YDR300C	YLL039C
YAL010C	YHR083W
YBR112C	YGL025C
YEL019C	YML023C
YBR267W	YLR387C
YDL115C	YGR186W
YBL099W	YLL039C
YLR019W	YPR010C
YFR031C-A	YNL255C
YDL017W	YLR429W
YGR092W	YGR200C
YJR097W	YKL048C
YJR009C	YMR031C
YGR275W	YLR321C
YIR010W	YJL076W
YLL004W	YPL001W
YAL005C	YOR197W
YDR313C	YLL039C
YBL002W	YIL035C
YAL043C	YDL140C
YDL072C	YFR004W
YDL097C	YFR052W
YDR381W	YML103C
YDL055C	YDR170C
YLL036C	YMR213W
YDL140C	YKL058W
YBR146W	YIL070C
YAL005C	YDR168W
YDR233C	YFL038C
YKL206C	YMR314W
YIL135C	YKL088W
TL(UAA)J	YOR110W
YGR103W	YJL138C
YLL039C	YOR096W
YDR174W	YMR140W
YDL078C	YOL147C
YLR085C	YOL012C
YIL115C	YPL169C
YHR114W	YLR105C
YDL115C	YNL255C
YDR229W	YHR135C
YPL204W	YPR008W
YHR197W	YLR075W
YDR394W	YER012W
YBR257W	YGR030C
YCR086W	YIR010W
YBR055C	YDL098C
YMR246W	YOL133W
YBR278W	YMR224C
YLR248W	YOR018W
YIL016W	YLR018C
YBR108W	YHR016C
YKL035W	YOL045W
YML023C	YOL034W
YDR418W	YPL220W
YLL039C	YLR427W
YHR023W	YIL061C
YBR279W	YLR249W
YER165W	YGR178C
YGR052W	YOR341W
YAL005C	YNL255C
YLL039C	YMR125W
YFL002C	YLR449W
YFR004W	YOL097C
YCR014C	YDR427W
YBR031W	YGR103W
YER023W	YLL039C
YBL003C	YPR008W
YDL098C	YDR473C
YOR197W	YPR154W
YIL095W	YML103C
YBL088C	YGR099W
YNL112W	YOL127W
YDL150W	YNL113W
YML121W	YNL113W
YDR238C	YDR372C
YKL049C	YOR039W
YKR028W	YPL049C
YBL023C	YMR314W
YHR052W	YOL012C
YBL003C	YOR341W
YBL052C	YJR082C
YDR505C	YPR154W
YGR167W	YOR231W
YGR040W	YMR319C
YGR192C	YGR232W
YDR501W	YHR094C
YDL203C	YER125W
YGR092W	YOR117W
YHR016C	YIL095W
YJR009C	YOR368W
YKR068C	YPL240C
YEL002C	YPL227C
YMR214W	YNL255C
YFR004W	YNL055C
YMR117C	YNL291C
YAR019C	YIL095W
YIR010W	YMR031C
YGL233W	YNL272C
YBL016W	YBR055C
YER122C	YNL154C
YCR012W	YOL135C
YMR282C	YPL240C
YCR066W	YDR092W
YDR273W	YML051W
YHR135C	YNL172W
YDR323C	YPL240C
YNL151C	YOR116C
YML108W	YNL255C
YLL017W	YNL098C
YDR510W	YPL181W
YEL004W	YPL264C
YLR098C	YOL034W
YMR035W	YMR150C
YER131W	YMR194W
YDR224C	YLR133W
YER054C	YGR052W
YGL223C	YGR120C
YFR014C	YNL316C
YDL209C	YLL036C
YHR197W	YMR049C
YDR264C	YJL178C
YNL093W	YNL263C
YHR119W	YJL014W
YDL042C	YMR273C
YFR014C	YNL267W
YER125W	YNL220W
YIL075C	YKL081W
YAL061W	YMR308C
YNL255C	YPR051W
YHR033W	YMR106C
YER070W	YHR169W
YCL035C	YFR004W
YDL140C	YEL009C
YDR361C	YER086W
YDR247W	YOL116W
YBL072C	YCL059C
YML064C	YNL218W
YGR167W	YHR108W
YGL206C	YLL039C
YHR135C	YJR072C
YLR109W	YPL001W
YDR089W	YLL039C
YAL035W	YPR041W
YBL037W	YNL118C
YLR429W	YPL004C
YML046W	YMR240C
YGR178C	YPL049C
YMR235C	YPL111W
YIL061C	YLL036C
YCL035C	YKL198C
YER171W	YKL085W
YEL001C	YLR429W
YDR471W	YJR145C
YDR471W	YOL077C
YDR411C	YJL019W
YDL075W	YLR287C-A
YER164W	YML069W
YBL045C	YNL255C
YIL035C	YMR270C
YIL070C	YOL108C
YBL003C	YML103C
YHR016C	YOR042W
YAL013W	YKL049C
YDR188W	YDR212W
YLR216C	YPL240C
YKL130C	YNL244C
YLR117C	YLR438C-A
YGR052W	YMR284W
YNL154C	YOR107W
YDL217C	YHR114W
YDR424C	YLL039C
YGR284C	YLL061W
YNL059C	YOR189W
YDR171W	YNL055C
YNL151C	YOL021C
YBR154C	YOR116C
YGL244W	YLR175W
YKL216W	YNL135C
YGL201C	YPR154W
YGL245W	YMR048W
YDR439W	YJL076W
YCL052C	YJR106W
YMR304W	YPR115W
YAL008W	YML086C
YBL003C	YGL173C
YBL091C	YNL255C
YFL024C	YJR082C
YER177W	YGL078C
YGR030C	YMR117C
YEL034W	YOR361C
YDL243C	YHR135C
YGL244W	YOR039W
YIR010W	YLR249W
YBL078C	YOL082W
YHR023W	YPR188C
YDR012W	YKR081C
YDR434W	YKL008C
YBR031W	YNL124W
YDL006W	YJL106W
YGR123C	YNR032W
YGR085C	YOL040C
YJL138C	YPL141C
YMR214W	YPL233W
YBR086C	YLL039C
YBR109C	YLR304C
YBL002W	YPR019W
YLR044C	YPR152C
YHR135C	YLR256W
YLL039C	YOR086C
YOL142W	YOR076C
YAR002W	YKL186C
YBR108W	YGR136W
YAR019C	YLL019C
YLR002C	YOR204W
YDR388W	YPL249C
YFR004W	YLR441C
YJR092W	YOR231W
YBL058W	YML064C
YLL039C	YPL169C
YBR087W	YBR088C
YBR207W	YFL048C
YBL101C	YLL039C
YKL008C	YKL146W
YJL187C	YOR326W
YBR031W	YDR170C
YDR012W	YFR001W
YCR012W	YFR004W
YGR113W	YMR308C
YDL193W	YJR132W
YNL255C	YPL249C-A
YIL061C	YLR386W
YER012W	YFR004W
YFR014C	YMR173W
YLR310C	YNR037C
YHR065C	YMR227C
YDR510W	YMR227C
YBR109C	YBR229C
YDR452W	YHR161C
YBL072C	YOR361C
YBR279W	YGR104C
YLR083C	YOR036W
YBR167C	YNL255C
YMR106C	YMR226C
YCR042C	YMR236W
YCL032W	YHR135C
YGL147C	YHL001W
YGL237C	YPR069C
YHR174W	YKL060C
YOR080W	YPR019W
YIL091C	YNL154C
YBR112C	YDR510W
YDL060W	YEL054C
YFR022W	YNL154C
YDR299W	YNL207W
YJR123W	YPL266W
YOR212W	YOR281C
YCL031C	YDR388W
YHR016C	YLL005C
YDL156W	YDR097C
YER118C	YGL173C
YMR159C	YNL255C
YDL115C	YGL070C
YBL002W	YKR048C
YDR510W	YER111C
YER060W	YFL002C
YKR048C	YLR429W
YHR005C-A	YNL255C
YER164W	YMR236W
YCR012W	YNL255C
YJL187C	YNL212W
YLL039C	YNR001C
YBL016W	YGR097W
YCL059C	YNL255C
YHR030C	YPL049C
YGL153W	YNL044W
YGR167W	YIL096C
YKL152C	YOR117W
YHL011C	YLR259C
YFR031C-A	YMR142C
YFR031C-A	YLL039C
YAL005C	YHR165C
YDR289C	YIL127C
YHR079C	YIL061C
YEL043W	YGR089W
YCR091W	YMR165C
YBR172C	YER172C
YJL029C	YPL026C
YBR183W	YKL065C
YOL021C	YPR187W
YDR172W	YHR174W
YLL039C	YLR186W
YBR199W	YOL132W
YFR014C	YOL148C
YLL036C	YML049C
YNL307C	YOL054W
YAR002W	YPL169C
YNL307C	YOR028C
YBR035C	YDL101C
YBL058W	YDR381W
YDL015C	YLR343W
YDR247W	YNL210W
YLL039C	YPL206C
YDR188W	YHR135C
YBR142W	YOL041C
YKL130C	YOR247W
YGR258C	YOL044W
YGR123C	YLL039C
YFR004W	YLR017W
YKL155C	YMR158W
YLR384C	YNL255C
YBR196C	YER125W
YFL062W	YKL004W
YDR284C	YPL147W
YGL025C	YMR112C
YLL050C	YMR059W
YJL069C	YKL012W
YIL093C	YMR158W
YDR188W	YHR169W
YDR510W	YJR153W
YLL039C	YOL019W
YER086W	YMR308C
YKL166C	YLR003C
YLL036C	YOR096W
YDL203C	YPL240C
YFR004W	YNL220W
YFR014C	YNL111C
YNL020C	YOR326W
YFR004W	YGR244C
YDR091C	YLR075W
YKL166C	YNR006W
YEL051W	YJR033C
YCR100C	YPL141C
YJL178C	YMR221C
YLR144C	YML013W
YDR510W	YJR109C
YBR146W	YGL129C
YIL156W	YNL154C
YIL034C	YLR249W
YFL038C	YOR036W
YHR197W	YKL009W
YHR114W	YMR253C
YDR381W	YGL244W
YEL012W	YKL048C
YKL166C	YOR134W
YBL093C	YDL140C
YJR145C	YNL255C
YDR122W	YOL083W
YER172C	YKR022C
YLR199C	YPR103W
YAL005C	YDR381W
YDR392W	YGL066W
YOL012C	YOL075C
YFL005W	YML086C
YDR176W	YGR252W
YLL039C	YLR446W
YAL032C	YOR156C
YBL016W	YBL023C
YGR167W	YNL255C
YGR038W	YML029W
YKL009W	YLR002C
YLR178C	YOL081W
YER006W	YPL249C-A
YJR099W	YLR167W
YKL129C	YLL039C
YFR004W	YKL181W
YDL047W	YJR072C
YBR254C	YML077W
YHR058C	YMR112C
YGL105W	YGL245W
YKR081C	YLR029C
YOL054W	YPL018W
YBR072W	YPL226W
YLL039C	YMR208W
YBL099W	YOR117W
YMR205C	YOR117W
YGR134W	YNL288W
YDR510W	YOR187W
YML080W	YNL307C
YGL006W	YPR036W
YCR063W	YKL085W
YIL035C	YOL145C
YBR082C	YJR119C
YGR128C	YIL019W
YAL005C	YLR187W
YHR179W	YOL128C
YBR055C	YDL124W
YBL076C	YDR238C
YCL059C	YPR144C
YDL057W	YPL049C
YJL082W	YML086C
YGL180W	YGR130C
YBL010C	YKR022C
YBR211C	YDR318W
YDR192C	YOR160W
YBR109C	YOR035C
YGR040W	YNL077W
YHR169W	YPL240C
YHR099W	YJR082C
YDR100W	YOL018C
YHL001W	YOR063W
YFR031C-A	YHR197W
YOL133W	YPR164W
YDR422C	YLR408C
YLL039C	YMR140W
YIL113W	YLL019C
YBL037W	YFR043C
YDR510W	YLR293C
YPL004C	YPR152C
YBR207W	YDR141C
YDL015C	YKL008C
YNL255C	YOR130C
YDR378C	YLR438C-A
YDL140C	YNL124W
YBR106W	YGR224W
YMR201C	YPR135W
YGL011C	YOR078W
YDR270W	YHR114W
YGR275W	YIR010W
YBL076C	YFR004W
YAL005C	YDR192C
YDR233C	YNL044W
YIL035C	YOL054W
YGL184C	YKL166C
YGR113W	YKL049C
YDR496C	YOR061W
YBR049C	YJR123W
YFR014C	YHR135C
YDR159W	YIL149C
YGR108W	YHR135C
YGR085C	YPL249C-A
YDL207W	YGL092W
YEL021W	YMR074C
YDR238C	YKL049C
YBR105C	YIL076W
YDR388W	YIL015W
YGL011C	YOR157C
YBR188C	YDL209C
YDL075W	YPL220W
YDR002W	YNL255C
YGR052W	YJR066W
YBR194W	YNL112W
YAR028W	YPL264C
YJL057C	YJR070C
YBR060C	YLR117C
YHR052W	YIL035C
YBR055C	YPL004C
YHR052W	YPL131W
YDR135C	YDR150W
YHR099W	YPR152C
YAL005C	YER103W
YKL049C	YOR090C
YLR049C	YPL161C
YHR099W	YNL216W
YNL119W	YOR251C
YKR008W	YMR224C
YDR356W	YNL225C
YDL020C	YFR052W
YHR169W	YJL138C
YFL039C	YMR109W
YLR321C	YML127W
YER022W	YOL005C
YDL043C	YGL174W
YLR259C	YNL055C
YAR027W	YEL042W
YBR055C	YDR473C
YBR142W	YER035W
YDR264C	YOL137W
YHR099W	YMR223W
YFR004W	YNL241C
YGR085C	YJR145C
YKL049C	YKL212W
YFR004W	YPL231W
YFR038W	YGL180W
YDL149W	YLL039C
YAR042W	YDL019C
YFR004W	YNL112W
YDR510W	YMR067C
YLR029C	YLR448W
YNL138W	YPR152C
YAL005C	YIL016W
YDL078C	YKL185W
YDL148C	YLL011W
YDR422C	YGL115W
YNL165W	YNL255C
YER173W	YIL139C
YER064C	YPL026C
YDR510W	YER159C
YBL079W	YDR412W
YML046W	YPR182W
YBR106W	YPR198W
YLR310C	YPL203W
YLR200W	YML094W
YDR434W	YGR192C
YEL054C	YER036C
YDL017W	YLR274W
YGL173C	YLL019C
YHR135C	YOR260W
YGR155W	YHR007C
YCL025C	YLL039C
YFR031C-A	YNL112W
YOR319W	YPR188C
YMR294W	YPR083W
YFR052W	YGR232W
YGR136W	YMR048W
YER118C	YMR109W
YLR212C	YML094W
YBR082C	YNL116W
YFL002C	YFR001W
YBL003C	YML069W
YDL176W	YMR093W
YBL002W	YLR320W
YOL125W	YPL141C
YAL024C	YLR438W
YAR027W	YBR106W
YOR134W	YPR165W
YJL041W	YOL132W
YIR002C	YOL034W
YKR101W	YNL216W
YLL039C	YOR369C
YDR122W	YKL048C
YDR510W	YOL109W
YHR081W	YNL112W
YGL145W	YLL039C
YKL049C	YNL112W
YER144C	YLR291C
YDR496C	YIL035C
YNL232W	YNL251C
YLL039C	YLR060W
YGR116W	YKL049C
YDL227C	YDR335W
YHR135C	YLR003C
YDL019C	YKL129C
YML006C	YNL025C
YDR322C-A	YPL078C
YCL009C	YNL212W
YLR195C	YNL255C
YPL004C	YPL204W
YHR135C	YNL293W
YKL065C	YMR058W
YCR042C	YDR301W
YCR088W	YNL020C
YFR014C	YGR180C
YDR129C	YEL037C
YDR174W	YNL135C
YBR173C	YPR103W
YDR264C	YPL246C
YJL097W	YML029W
YBL058W	YPR168W
YER125W	YLR291C
YKR008W	YPR034W
YDL047W	YNL255C
YDR137W	YNL307C
YHR146W	YIR010W
YEL037C	YOR117W
YHR199C	YMR308C
YGR132C	YNL255C
YHR099W	YOL012C
YNL255C	YPR148C
YNL209W	YPL001W
YBR253W	YER022W
YBL002W	YPR010C
YAL005C	YLR310C
YBR097W	YBR128C
YDR510W	YML023C
YBL016W	YFL023W
YIL008W	YLR109W
YDR012W	YNL255C
YHR094C	YPL058C
YEL037C	YMR276W
YMR146C	YOR204W
YDR258C	YLR187W
YBL030C	YHR051W
YDR188W	YPL151C
YBL099W	YFR004W
YDL116W	YGL092W
YEL018W	YFL039C
YGR129W	YLL036C
YCL059C	YLR441C
YDL042C	YJR057W
YDL017W	YGL151W
YFL038C	YGR120C
YDR381W	YFR010W
YDR379W	YKR009C
YDR103W	YEL023C
YBL058W	YDR411C
YFL062W	YLL039C
YDR510W	YPL226W
YNL085W	YPR034W
YDR192C	YLR018C
YGL219C	YLL039C
YKL022C	YLR249W
YIL095W	YJL129C
YNL074C	YNL154C
YIL076W	YLR268W
YBL052C	YDR224C
YFL034W	YHR023W
YGR134W	YPL216W
YPL131W	YPR143W
YDR318W	YML023C
YDR070C	YNL255C
YDL056W	YIR010W
YBR080C	YNL288W
YBL025W	YMR270C
YER092W	YLR423C
YDR091C	YOR096W
YBR191W	YOR117W
YGR165W	YHR135C
YML064C	YML078W
YDR247W	YLR384C
YDL006W	YPL161C
YGR128C	YLL011W
YJR033C	YKL080W
YKL195W	YLL039C
YDL010W	YFL048C
YGL143C	YNL063W
YDR172W	YJR065C
YER164W	YNL030W
YGL025C	YGL151W
YBR108W	YDR388W
YDR322W	YJL041W
YDR483W	YOL018C
YMR095C	YMR096W
YAR027W	YKR105C
YDL137W	YGR052W
YDR394W	YGL048C
YMR194W	YPL220W
YDR496C	YER006W
YDL051W	YER125W
YGL091C	YHR135C
YIL035C	YKL082C
YGR066C	YML064C
YBL105C	YPR165W
YKL114C	YPL127C
YDL160C	YDR378C
YGL059W	YPL077C
YLR019W	YMR205C
YKL081W	YNL023C
YFL005W	YPR017C
YFR004W	YNL064C
YBR191W	YDR471W
YHR174W	YJL039C
YNL065W	YNL307C
YGL194C	YIL112W
YKL081W	YKL130C
YJR123W	YOL127W
YIR010W	YJR121W
YDR159W	YGL112C
YGL066W	YOL148C
YNL055C	YPR010C
YHR148W	YHR196W
YDR238C	YPL004C
YDL209C	YDR482C
YLR448W	YNL124W
YAL024C	YDR300C
YIL095W	YKL062W
YOL082W	YPR049C
YKL068W	YNL273W
YDR247W	YOR028C
YDR014W	YIL026C
YNL255C	YNL325C
YDR420W	YER118C
YDL149W	YNL154C
YCL011C	YJR145C
YBR154C	YNL151C
YER013W	YLL036C
YGR040W	YKL161C
YBR194W	YKL022C
YLL039C	YNL085W
YML085C	YOR160W
YER177W	YGR097W
YLR291C	YMR058W
YDL156W	YIR010W
YBR072W	YKL049C
YHR135C	YKL195W
YBR154C	YIR010W
YBR193C	YGR116W
YAL042W	YBR229C
YGL092W	YKL068W
YDR425W	YKL166C
YDR163W	YER013W
YDR143C	YLR420W
YGR092W	YNL272C
YFR004W	YJL014W
YDL226C	YFL039C
YAL038W	YKL049C
YIR010W	YLR357W
YDR427W	YFR004W
YBR041W	YDL193W
YML074C	YPL240C
YKL045W	YNL262W
YIR010W	YJR123W
YDR471W	YGR085C
YER180C	YGL070C
YDR194C	YNL255C
YFL024C	YFL039C
YLL039C	YOR304W
YGR155W	YML085C
YNL052W	YNL255C
YDL165W	YER068W
YNR054C	YOR063W
YBR211C	YPL233W
YBR080C	YLR268W
YLR117C	YOR159C
YMR093W	YOR078W
YBL079W	YKL068W
YKL166C	YPL240C
YLL039C	YOR018W
YCR091W	YDR173C
YER047C	YMR117C
YJR082C	YPR023C
YBR273C	YJL048C
YGL180W	YJL084C
YBL030C	YOR271C
YCL054W	YNL154C
YDR167W	YLR399C
YBR108W	YNL154C
YJL192C	YKL207W
YGR268C	YOR042W
YIL035C	YKR010C
YER177W	YKL081W
YFL048C	YPL246C
YIR010W	YLR342W
YDL019C	YNL154C
YNL065W	YPL026C
YFR037C	YNL030W
YFR014C	YIL010W
YJR002W	YNL255C
YDR129C	YLR330W
YPL141C	YPL240C
YAL011W	YDR334W
YIL135C	YLR248W
YFL005W	YNL272C
YJL192C	YPL058C
YBL085W	YMR244W
YDR238C	YKL004W
YFR014C	YKL127W
YER092W	YNL059C
YDR381W	YDR475C
YDR224C	YGL150C
YGR207C	YLR265C
YHR196W	YLR293C
YHR052W	YOR063W
YNL073W	YOR261C
YLR424W	YPR182W
YBL105C	YER118C
YOL135C	YPR168W
YBR172C	YPL240C
YGR128C	YMR129W
YMR229C	YPL131W
YLL039C	YLR172C
YDR208W	YLR227C
YIL035C	YKL112W
YBR109C	YDR231C
YML069W	YOL145C
YDR510W	YMR296C
YDR412W	YPL249C-A
YMR106C	YNL055C
YCL067C	YMR043W
YGR155W	YHR135C
YDR510W	YHR190W
YDR171W	YMR304W
YDL017W	YDL080C
YBR194W	YDR483W
YBR281C	YML064C
YJL214W	YPR198W
YHL014C	YPL240C
YFL022C	YMR059W
YEL034W	YOR117W
YBR133C	YDL154W
YHR135C	YLR276C
YER093C-A	YHR079C
YOR117W	YPL226W
YKL042W	YOR156C
YFL025C	YMR307W
YFR004W	YMR276W
YGL160W	YLL039C
YGL206C	YLR330W
YMR215W	YPL076W
YER012W	YPL131W
YBR215W	YNL206C
YBL079W	YLR429W
YGL031C	YPL131W
YDL003W	YDL042C
YHR008C	YNL295W
YKL014C	YLR075W
YEL022W	YHR020W
YJL001W	YLL039C
YBL105C	YHR070W
YIR010W	YNL118C
YFL037W	YFR004W
YER009W	YMR059W
YDR388W	YJL084C
YGR092W	YNR047W
YBR142W	YDR496C
YNL307C	YOL083W
YLL004W	YMR036C
YAL030W	YOR036W
YLL039C	YPR108W
YLR002C	YOL127W
YDL029W	YLL013C
YDL055C	YGL245W
YNL255C	YPL098C
YGL048C	YPR108W
YFR037C	YKR001C
YDR510W	YHR119W
YLL039C	YOL059W
YBR274W	YMR270C
YDL015C	YMR215W
YBL023C	YOR080W
YFR004W	YLR249W
YAL011W	YFL039C
YER131W	YLR435W
YHR148W	YOR078W
YGR136W	YOR197W
YJL069C	YKL099C
YMR058W	YPL227C
YER068W	YLR438C-A
YHR127W	YMR125W
YMR125W	YPR086W
YAL055W	YDR265W
YHR030C	YIL113W
YKL065C	YNL101W
YIR010W	YNL085W
YER101C	YLL039C
YJL189W	YKR048C
YAR042W	YML069W
YDR265W	YGR133W
YLL039C	YLR133W
YNL255C	YPL127C
YJL053W	YJL187C
YDR012W	YOR078W
YER172C	YMR125W
YKL193C	YML049C
YOL147C	YPL240C
YDR179W-A	YOR157C
YAL030W	YBR080C
YBL002W	YHR197W
YDR188W	YMR028W
YDR510W	YPL028W
YLR291C	YML106W
YLL062C	YOR064C
YNL030W	YOR304W
YGR214W	YLR048W
YLL039C	YOR036W
YBR211C	YJR135C
YDR258C	YMR176W
YNL099C	YNL255C
YDL130W	YDR091C
YDR424C	YJL041W
YJL138C	YOR117W
YOR028C	YPR046W
YBR274W	YOL059W
YDR382W	YDR496C
YCL037C	YML056C
YBL042C	YGR130C
YJL218W	YML064C
YDL097C	YIL075C
YAL002W	YKL193C
YLR427W	YMR319C
YDL084W	YKL139W
YGL092W	YMR308C
YAL053W	YDR501W
YDR170C	YFR009W
YGR126W	YNL293W
YLR029C	YOR063W
YJR016C	YPR165W
YKR048C	YML069W
YGR192C	YLL039C
YDL006W	YHR079C
YKL009W	YPL169C
YLR075W	YPL249C-A
YBR058C	YBR112C
YFR014C	YGL208W
YAL035W	YFR004W
YDR510W	YMR235C
YDR150W	YPL269W
YLR429W	YMR086W
YDL006W	YGR052W
YKL207W	YNL055C
YMR056C	YNL255C
YBR183W	YNL101W
YBR088C	YLL039C
YFL022C	YKL130C
YIR010W	YOL006C
YHR135C	YPR121W
YER125W	YHL024W
YGR178C	YLR216C
YKR048C	YNL255C
YDR347W	YMR158W
YBR018C	YHR030C
YGL153W	YLR291C
YHR042W	YKL049C
YDR482C	YGR129W
YDR378C	YLL036C
YIL070C	YKL009W
YDR496C	YFL002C
YKR080W	YPL204W
YBR083W	YLL039C
YGR252W	YHR174W
YKR048C	YLL002W
YDR453C	YOR031W
YGR184C	YJL141C
YBR102C	YGL233W
YBL023C	YPL008W
YER032W	YGR178C
YHR079C	YMR140W
YBR195C	YNL206C
YDR100W	YML029W
YHR114W	YMR313C
YHR165C	YKR086W
YEL034W	YJR007W
YDR379W	YNL201C
YLR048W	YMR109W
YBR221C	YER178W
YJR066W	YPL249C
YNL093W	YOR089C
YBR035C	YPL240C
YGL244W	YIL035C
YBR194W	YCR077C
YFL037W	YML085C
YKL213C	YOR116C
YGL144C	YMR070W
YBR041W	YOR059C
YER022W	YGR252W
YIL156W	YKL129C
YDL116W	YGR192C
YBR194W	YKL182W
YHR085W	YKL009W
YCR005C	YKL085W
YDL140C	YKR062W
YMR205C	YNL307C
YKL035W	YML064C
YDR247W	YKR010C
YLL039C	YOR063W
YDR169C	YHR135C
YBR274W	YNR046W
YAL044C	YNL255C
YDR335W	YGL172W
YCR011C	YLL039C
YEL031W	YLL039C
YDR381W	YML074C
YJR091C	YLR370C
YCR086W	YDR388W
YGL021W	YNR070W
YBL003C	YOL012C
YBL079W	YDR159W
YIL095W	YMR053C
YCR012W	YDR510W
YKL139W	YOL082W
YAL055W	YOL044W
YER089C	YHR079C
YDL100C	YDR304C
YGL206C	YJL084C
YFR004W	YNL138W
YGR155W	YML076C
YBL003C	YML112W
YGR040W	YGR180C
YLR384C	YPL204W
YBR055C	YDR129C
YPL226W	YPR152C
YHR197W	YOL077C
YFR039C	YIL061C
YIL114C	YNL255C
YLR186W	YPL126W
YER036C	YIL095W
YDL042C	YKR010C
YCL043C	YNL255C
YKL166C	YOR334W
YHR196W	YJR123W
YML109W	YPR165W
YGL079W	YLR408C
YER022W	YPL210C
YPL083C	YPR065W
YER024W	YLL039C
YLR320W	YPL018W
YGL011C	YMR308C
YFR004W	YLR342W
YDL017W	YLR134W
YLR060W	YOR117W
YKL065C	YLL023C
YJR057W	YNL255C
YIL135C	YJL106W
YFR014C	YLR059C
YER006W	YKL117W
YMR048W	YNL273W
YNL255C	YNR033W
YBR055C	YDL078C
YMR213W	YPR152C
YBR166C	YLL039C
YCL037C	YKL049C
YKL012W	YMR125W
YDR418W	YLR441C
YJR089W	YLR086W
YAL043C	YPL008W
YGL112C	YHR099W
YKL049C	YOL054W
YAL038W	YFR049W
YGR113W	YIR010W
YFL039C	YOL108C
YGR278W	YPL151C
YDL100C	YOL018C
YJL052W	YJR009C
YFL039C	YNL243W
YDR373W	YER177W
YER023W	YNL255C
YFL037W	YGR252W
YDR510W	YLR448W
YKR103W	YNL274C
YER122C	YFR004W
YKL127W	YLL039C
YBL030C	YHR133C
YAL035W	YOR063W
YHR081W	YHR135C
YCR077C	YER172C
YFR001W	YKL185W
YHR153C	YIL073C
YIR010W	YOR340C
YGR056W	YML127W
YGR232W	YOR117W
YHL011C	YLL039C
YJR076C	YML109W
YHR099W	YOL148C
YDR425W	YNL243W
YLL039C	YOL126C
YGL059W	YHR157W
YDR394W	YEL034W
YNL255C	YOR361C
YER111C	YML069W
YGR167W	YHR161C
YDR126W	YEL002C
YDR284C	YGL006W
YML051W	YOL148C
YGR097W	YPR115W
YOR157C	YPL144W
YKL014C	YML074C
YCR014C	YLR421C
YJL036W	YPR105C
YGR186W	YPR187W
YDL015C	YNL101W
YBR267W	YOR063W
YER086W	YLR259C
YJR110W	YLR071C
YPL240C	YPL264C
YER118C	YHR143W
YBL079W	YDR381W
YCL059C	YDR299W
YLR075W	YOR234C
YHR042W	YPL092W
YGL023C	YMR049C
YER125W	YGL206C
YFR014C	YMR140W
YIL177C	YNL255C
YGL147C	YOR096W
YDL047W	YKL110C
YOL133W	YOR319W
YLL039C	YLR342W
YBR173C	YGL048C
YIL138C	YNL255C
YHR196W	YLL011W
YOL044W	YOL147C
YDR394W	YMR284W
YBL076C	YNL244C
YFR004W	YNL208W
YDR168W	YJR076C
YLR240W	YPL120W
YHR088W	YPR143W
YDR188W	YIR010W
YJL170C	YPL240C
YER022W	YHR041C
YFR004W	YLR028C
YDR427W	YLR421C
YNL030W	YNL206C
YML013W	YOL013C
YBL105C	YPR154W
YDR501W	YER036C
YFR004W	YGR135W
YCL037C	YPL169C
YDR312W	YNL255C
YDR172W	YHR015W
YDL140C	YPL204W
YGL147C	YLR029C
YGR052W	YMR165C
YAL032C	YJR005W
YMR053C	YNL307C
YMR041C	YOL045W
YBR055C	YBR121C
YFL039C	YJR065C
YLR071C	YPR086W
YMR304W	YNL313C
YER165W	YIL095W
YBR166C	YNL209W
YIR010W	YPR010C
YDL148C	YDR299W
YDR030C	YDR212W
YAL005C	YER012W
YDR001C	YPL203W
YDL101C	YDL200C
YHR165C	YMR125W
YCR034W	YKL212W
YDR502C	YOR117W
YDR277C	YNL073W
YHR135C	YLR030W
YGR266W	YOR153W
YCR066W	YLL039C
YAL035W	YLR192C
YFR037C	YIR010W
YER012W	YLR421C
YHR196W	YJR145C
YBL034C	YKL193C
YGL153W	YNL086W
YER177W	YOL013C
YFR004W	YJR109C
YFR004W	YOR220W
YHR007C	YLR144C
YGR158C	YOR076C
YJL076W	YML102W
YNL020C	YNL243W
YOR187W	YPL083C
YBR221C	YLR345W
YDL006W	YLR148W
YDR510W	YOL077C
YAR002W	YER165W
YBR055C	YER172C
YLR186W	YPL004C
YGL244W	YML069W
YKR081C	YOR005C
YLL039C	YOR039W
YNL098C	YNL255C
YDR510W	YGR135W
YDR267C	YOR261C
YGR200C	YHR187W
YGL070C	YPL203W
YHL001W	YPL249C-A
YHL001W	YLR075W
YLR300W	YOL126C
YIL093C	YNL081C
YOR207C	YPR187W
YER164W	YLR175W
YJL010C	YPL266W
YER125W	YLL039C
YDR163W	YKR086W
YKL213C	YLL039C
YFL039C	YOR326W
YBL003C	YIL056W
YCL059C	YOR078W
YJL186W	YLL039C
YER012W	YMR247C
YJR066W	YPR165W
YBR247C	YNL207W
YBR167C	YBR257W
YBL069W	YDR100W
YDR277C	YPL240C
YDL097C	YGL004C
YDR483W	YPR152C
YNL116W	YNL154C
YDR176W	YDR208W
YEL018W	YOR128C
YLR423C	YOL034W
YFL018C	YIL125W
YGR038W	YKL212W
YAL032C	YLR423C
YBL038W	YDR322W
YGL245W	YNL045W
YHR114W	YJL180C
YHR079C	YJL034W
YKL010C	YML064C
YDR214W	YPL240C
YLR004C	YPL076W
YCR020C-A	YKL025C
YFR004W	YHL011C
YEL034W	YPL144W
YIL103W	YLR043C
YAR027W	YIL016W
YDR329C	YMR203W
YLR167W	YOL117W
YFL002C	YKR081C
YDR388W	YGL070C
YJR109C	YLR291C
YLL023C	YLL039C
YGR130C	YMR117C
YLR105C	YPL083C
YGL048C	YNL112W
YLR399C	YOR061W
YJR132W	YLL039C
YGL147C	YOR117W
YBL003C	YKL049C
YHR135C	YLL039C
YKL140W	YMR152W
YFL022C	YPL240C
YOR117W	YPR035W
YMR291W	YNL154C
YHR195W	YOR065W
YDL140C	YHR041C
YGL237C	YKL109W
YJR002W	YKL035W
YGR040W	YIL036W
YDR188W	YNL255C
YLR175W	YML051W
YIL115C	YOR160W
YDR381W	YMR125W
YDR414C	YLL023C
YDL055C	YDR394W
YER125W	YKR009C
YBL072C	YPR144C
YDR101C	YNL227C
YDR172W	YNL064C
YKR022C	YNL258C
YFR052W	YMR191W
YDR216W	YNL025C
YKL129C	YNL232W
YDR516C	YPL026C
YKL182W	YLL039C
YMR205C	YNL135C
YCL040W	YER125W
YBR207W	YDR352W
YJL014W	YOR117W
YDR440W	YLL039C
YKR018C	YLL039C
YAL005C	YIL115C
YDL165W	YPL037C
YBR106W	YNL275W
YLR457C	YPL018W
YMR109W	YNR035C
YAL040C	YLR182W
YER165W	YOR198C
YDL060W	YJR145C
YDR101C	YPL169C
YCR012W	YIR010W
YDL047W	YMR024W
YDL140C	YLR071C
YDR394W	YMR276W
YIR010W	YPL226W
YLR075W	YLR441C
YLL011W	YPR144C
YAL011W	YDR510W
YIL035C	YLR109W
YKL006W	YLR424W
YAL040C	YNL064C
YBL023C	YPR019W
YAR019C	YHR169W
YDL115C	YDR404C
YLR423C	YLR439W
YDR361C	YNL255C
YLR421C	YOR117W
YIR010W	YOR063W
YDL223C	YIL095W
YDR510W	YJR016C
YDR101C	YJL010C
YGR070W	YHR030C
YFL005W	YKL130C
YKL063C	YLL039C
YCL032W	YDR103W
YNL255C	YOR189W
YFL048C	YLL039C
YER141W	YLL039C
YHR135C	YPL100W
YLR441C	YOR096W
YCL043C	YML130C
YDL137W	YLL039C
YDR233C	YEL056W
YAL053W	YER100W
YHR023W	YNL272C
YLR421C	YOR261C
YNL255C	YPR204W
YER165W	YOR243C
YJL187C	YMR205C
YGL156W	YGL215W
YER099C	YKL181W
YGL005C	YKL159C
YKL019W	YKL159C
YBR274W	YJL076W
YJR145C	YOR063W
YDR244W	YNL214W
YBR112C	YIL061C
YMR140W	YPL203W
YCL043C	YIL035C
YDL051W	YNL262W
YBL045C	YMR036C
YBR106W	YOL132W
YDR091C	YOR063W
YDR471W	YLR029C
YEL018W	YJR082C
YDR012W	YLR438C-A
YGL244W	YNL255C
YCR086W	YDR082W
YDR381W	YML112W
YBR166C	YLR291C
YDR323C	YGL095C
YBR055C	YOR335C
YMR229C	YOL077C
YDR386W	YJR144W
YER036C	YJR145C
YAR027W	YNL263C
YDR496C	YOR063W
YHR135C	YJR076C
YMR308C	YOR117W
YLL001W	YLL039C
YDL055C	YFL037W
YGL059W	YKL062W
YGR026W	YHR135C
YCR086W	YLR086W
YKL095W	YKR086W
YLR071C	YNR010W
YCR028C	YNR065C
YGR200C	YLR384C
YDL190C	YGR048W
YDR299W	YHR148W
YBR106W	YDR414C
YER002W	YMR049C
YBR055C	YOR159C
YEL012W	YLR291C
YBR023C	YER039C
YAL032C	YLR424W
YBL043W	YPL018W
YFR014C	YLR276C
YDR356W	YMR129W
YCR034W	YLL061W
YGR227W	YHR114W
YDR308C	YER022W
YDL043C	YDR381W
YIL115C	YNL209W
YDL043C	YPR121W
YKL146W	YMR216C
YDR414C	YJL193W
YAR042W	YOR361C
YDR510W	YHR042W
YEL037C	YLR429W
YMR206W	YNL255C
YJL106W	YNL027W
YBR247C	YLR180W
YFR014C	YNL255C
YDR197W	YPL240C
YNL048W	YPR028W
YIL075C	YLR180W
YER019W	YLL039C
YOR294W	YPR115W
YFR004W	YOR157C
YCR014C	YFR004W
YBL002W	YOR116C
YDL111C	YHR069C
YDL042C	YOR061W
YBR146W	YJR113C
YGR155W	YIL109C
YER125W	YOR322C
YER012W	YGL058W
YLR248W	YMR068W
YKL049C	YKL081W
YDR412W	YJL189W
YNL222W	YPR086W
YDL101C	YML083C
YFL037W	YGL238W
YGR167W	YNL243W
YDR174W	YIR010W
YJR091C	YLR059C
YLL039C	YMR308C
YPL131W	YPR152C
YMR129W	YPL075W
YIL027C	YPL058C
YBL076C	YLR060W
YLR227C	YNL225C
YDR356W	YLR212C
YBR109C	YNL225C
YGR021W	YKL048C
YLR423C	YPL268W
YFR019W	YNL325C
YKL130C	YKL185W
YDL130W	YDR382W
YMR307W	YPL204W
YNL288W	YPR042C
YJR106W	YOR153W
YER088C	YNL091W
YDL015C	YHR195W
YER092W	YHR135C
YER149C	YNL243W
YBR106W	YJR118C
YLR181C	YPR173C
YDL101C	YKL095W
YER129W	YGL115W
YEL037C	YFR004W
YNL034W	YNL154C
YCR077C	YPL240C
YJR066W	YLR214W
YGR130C	YMR086W
YDL132W	YOL133W
YDR153C	YKL135C
YDL160C	YGR178C
YPL240C	YPR029C
YMR267W	YNL154C
YDL055C	YNL255C
YBL058W	YBR114W
YLL039C	YNL044W
YDL047W	YKL195W
YER013W	YMR213W
YDR386W	YKL022C
YDR382W	YDR418W
YIL093C	YJR113C
YLR249W	YPL266W
YBR041W	YML008C
YDR388W	YML109W
YLL050C	YLR039C
YDR159W	YDR448W
YBR289W	YNL207W
YBL093C	YHR041C
YFR014C	YKL119C
YGL048C	YHR135C
YDR188W	YGL023C
YHR179W	YLR186W
YBR060C	YGR103W
YDR471W	YOL127W
YGL127C	YPR168W
YDR510W	YGR103W
YDR496C	YLL039C
YER129W	YOR061W
YHR135C	YIL010W
YLR018C	YMR129W
YEL034W	YNL244C
YLL038C	YNL255C
YBL003C	YFL024C
YGL187C	YNL052W
YCL025C	YCR034W
YFR037C	YGR275W
YDR124W	YDR347W
YJL047C	YOL133W
YDL002C	YNL307C
YCL025C	YJR095W
YMR199W	YPL049C
YDR418W	YKL009W
YNL209W	YOL087C
YNL048W	YPR128C
YDR116C	YLR312W-A
YHL024W	YJL187C
YER053C	YLL039C
YLR178C	YNL009W
YDR510W	YNL021W
YDR062W	YHR020W
YLL036C	YOR319W
YAL026C	YPR029C
YCL037C	YKL014C
YJR113C	YKL155C
YNL135C	YOL012C
YDR247W	YGL184C
YJR039W	YMR021C
YGL048C	YPR103W
YLR117C	YPR046W
YBR273C	YPL240C
YHL022C	YHR157W
YER086W	YKL081W
YKL182W	YOR117W
YBR289W	YKL109W
YAL005C	YDL058W
YCL059C	YMR229C
YDR513W	YNL255C
YBR055C	YGR204W
YGL223C	YKL006C-A
YHR169W	YJR109C
YDL052C	YDR170C
YGR056W	YGR275W
YIR010W	YLR153C
YDR508C	YLL039C
YDR412W	YHR197W
YDR382W	YPL131W
YMR216C	YNL255C
YLR287C-A	YOL127W
YOR117W	YOR317W
YDR381W	YIL149C
YJL012C	YPR154W
YGR232W	YMR121C
YLL039C	YOL082W
YLR029C	YOL041C
YGL180W	YPR143W
YDR159W	YOL072W
YGL150C	YOR189W
YAL005C	YDR460W
YDL042C	YKR101W
YAR002W	YLR293C
YGR280C	YOR061W
YBL030C	YLR268W
YER092W	YNL255C
YNL112W	YOL077C
YJL083W	YJR066W
YFR004W	YGR085C
YGL147C	YKL135C
YER012W	YLR276C
YFL039C	YGL150C
YBR121C	YNL255C
YLR115W	YNL222W
YCL059C	YPL126W
YEL034W	YFR031C-A
YDR510W	YIL031W
YGL017W	YLR187W
YIL095W	YNR006W
YDR143C	YNL064C
YDR482C	YOR204W
YEL041W	YJR049C
YBR246W	YDR520C
YGR040W	YGR078C
YDR251W	YIR010W
YER003C	YFR004W
YKL114C	YKL166C
YFR001W	YGL237C
YEL030W	YIL095W
YLR018C	YML103C
YJR066W	YLR116W
YFR043C	YPR029C
YDR224C	YGL066W
YBR041W	YLL039C
YFL003C	YMR125W
YBR191W	YLL039C
YDR382W	YNL118C
YDR359C	YHR099W
YEL061C	YLL039C
YFL034W	YGL180W
YCL031C	YKL009W
YBR194W	YHR099W
YAL005C	YLL036C
YDR192C	YOR204W
YIL108W	YPR154W
YBR080C	YFR004W
YIR010W	YKL052C
YLR438C-A	YPL084W
YCR034W	YHR133C
YFL023W	YIR006C
YDR383C	YPL233W
YDR510W	YOR198C
YBR191W	YOL127W
YDR388W	YER125W
YLL039C	YNL243W
YKL049C	YML133C
YDR388W	YFL018C
YGR214W	YNL207W
YGL006W	YMR221C
YIL034C	YNL138W
YDL044C	YLR386W
YFR049W	YNL255C
YJR123W	YLR287C-A
YBR086C	YGR142W
YJL106W	YMR284W
YDR170C	YNL238W
YLL039C	YPR079W
YAL043C	YHL001W
YML069W	YOR061W
YNL255C	YOR374W
YFL005W	YNL263C
YBL072C	YPL126W
YNL244C	YPL144W
YNL251C	YOL021C
YCR034W	YOL132W
YDL181W	YNL154C
YER165W	YLR002C
YBR253W	YNR010W
YEL030W	YNL250W
YKL135C	YLL039C
YKL014C	YLR233C
YDR510W	YOR207C
YJR066W	YPL180W
YHR216W	YPR152C
YDR150W	YGR089W
YDR135C	YJL014W
YER164W	YGR252W
YKL129C	YOR184W
YHR114W	YOL018C
YMR146C	YPR041W
YNL255C	YNR022C
YGL105W	YGL180W
YHR197W	YKR048C
YDR510W	YKL185W
YBR194W	YHR165C
YDR295C	YGL086W
YDL043C	YGR129W
YHR115C	YNL085W
YGR104C	YOL135C
YBR207W	YLL039C
YDR479C	YLL014W
YNL263C	YNL304W
YDR167W	YGL066W
YFR014C	YOR101W
YLR144C	YPR154W
YDR510W	YLR357W
YHR088W	YOR267C
YDL047W	YJR105W
YFL023W	YMR219W
YLR002C	YOL077C
YHL046C	YOR355W
YDR448W	YGR261C
YBL003C	YBL023C
YBL016W	YER075C
YFR004W	YLL001W
YDL017W	YDR439W
YIR010W	YPL233W
YCL025C	YHL003C
YFL002C	YLR002C
YDL060W	YJR123W
YDR362C	YHR135C
YDR214W	YLR216C
YDR422C	YHR114W
YNL125C	YPL141C
YDR238C	YLR268W
YBL011W	YDL101C
YDR372C	YIL076W
YLR276C	YMR308C
YIR010W	YJR066W
YLL039C	YMR088C
YML069W	YOL013C
YBL072C	YHL001W
YKL166C	YOR187W
YBL105C	YCR030C
YHR013C	YHR023W
YGR149W	YLL039C
YGR200C	YPL026C
YEL055C	YLL019C
YJL041W	YMR024W
YDR510W	YLR048W
YBR257W	YLR145W
YGR040W	YHR216W
YDL075W	YPL249C-A
YMR031C	YNL209W
YBL045C	YML064C
YHR041C	YHR058C
YEL062W	YNL307C
YDR301W	YLR448W
YAL005C	YDR141C
YCL037C	YLL039C
YDL075W	YDR101C
YAL024C	YLR259C
YML101C	YNL255C
YGR092W	YNR046W
YGL206C	YKL135C
YGL134W	YPR115W
YLR075W	YMR086W
YLR421C	YOR259C
YBL058W	YDR295C
YGL263W	YJR095W
YJL010C	YNL112W
YDL209C	YER165W
YHL027W	YJL056C
YDL101C	YMR031C
YML085C	YOR117W
YBR031W	YDL018C
YGL116W	YGR092W
YDR299W	YOR096W
YNL154C	YOR123C
YNL125C	YNR059W
YIL034C	YNR035C
YCR084C	YGR083C
YIL035C	YOL088C
YGL208W	YNL255C
YNL157W	YOR267C
YCR077C	YNL118C
YMR270C	YPL018W
YBR108W	YJL106W
YKL045W	YPR019W
YDR404C	YPR187W
YBR274W	YHR174W
YDR372C	YFR004W
YDL101C	YMR086W
YBR031W	YOR096W
YOR204W	YOR361C
YHR023W	YKL179C
YDL140C	YHR119W
YAL035W	YLL039C
YJR005W	YLR342W
YDR172W	YNL255C
YDR381W	YLR429W
YAL002W	YNL093W
YKL048C	YLR060W
YDL074C	YGL058W
YDL044C	YFL036W
YHR030C	YLR187W
YIL035C	YNL262W
YNL255C	YOL111C
YDL047W	YJL014W
YOR061W	YOR341W
YDR260C	YML023C
YHR094C	YPL240C
YCL008C	YPL084W
YBR072W	YOR159C
YGR027C	YOL127W
YEL009C	YGL058W
YDR381W	YIL035C
YBR234C	YML069W
YGL031C	YJR123W
YDL101C	YDR158W
YML064C	YNL044W
YHR165C	YOR159C
YMR263W	YNL097C
YMR276W	YOR042W
YLR424W	YMR213W
YDL078C	YNL113W
YJR040W	YLL039C
YAL005C	YPL001W
YDL150W	YOR116C
YBR142W	YLL039C
YJL034W	YNL313C
YIR010W	YOL127W
YMR194W	YNL255C
YER125W	YKR021W
YAR019C	YKL166C
YDR057W	YJL034W
YBR286W	YDR510W
YDR026C	YJL148W
YEL022W	YNL287W
YBL079W	YMR129W
YKL213C	YPR010C
YIR010W	YKL182W
YFL002C	YHR197W
YKL191W	YLR043C
YKL160W	YOR061W
YDL148C	YIR010W
YDL140C	YPR025C
YKL006C-A	YOR036W
YDR423C	YEL051W
YJL187C	YPR152C
YER111C	YLL036C
YJL187C	YOR340C
YBR234C	YDR354W
YDR080W	YPL233W
YLL039C	YNL098C
YGL011C	YLR249W
YJL034W	YOL031C
YBR105C	YIL017C
YDR108W	YMR218C
YNL255C	YPR188C
YJL106W	YKL140W
YDR510W	YOR317W
YFL039C	YKL130C
YOR096W	YPL126W
YFR004W	YOR335C
YKR048C	YLR457C
YAL009W	YNL255C
YBL072C	YPL204W
YFR031C-A	YPL220W
YEL034W	YPL111W
YFR031C-A	YGR204W
YFL039C	YOR281C
YDR510W	YJL076W
YDL029W	YOR261C
YGR214W	YNL124W
YOR311C	YPR124W
YBR106W	YEL017C-A
YBL078C	YNL223W
YDR439W	YHR135C
YFR004W	YFR010W
YLL039C	YLR216C
YDR012W	YFL002C
YGL229C	YMR181C
YBR236C	YDL140C
YBR106W	YKL146W
YDL181W	YJL106W
YDR103W	YLL039C
YJR123W	YPR041W
YKL194C	YPL203W
YDL209C	YHR165C
YFL050C	YGL059W
YIL016W	YML067C
YFL050C	YLL061W
YBL072C	YIR010W
YDR414C	YGL259W
YNL222W	YPR107C
YKR048C	YOR090C
YBR183W	YIL016W
YBR108W	YNL307C
YAL005C	YOL031C
YDR143C	YNL112W
YDR343C	YER171W
YBR247C	YGR100W
YMR028W	YNL255C
YJR066W	YMR215W
YKL049C	YLR249W
YJL091C	YMR215W
YBL002W	YDR439W
YDR277C	YHR114W
YDR510W	YOR341W
YER147C	YMR229C
YLR002C	YOR294W
YNL209W	YPL231W
YBR264C	YNL255C
YJR123W	YNL124W
YBR279W	YDL074C
YGL245W	YHR079C
YGR052W	YML013W
YLL039C	YLR195C
YIL103W	YJL014W
YNL154C	YNL173C
YKL065C	YPR124W
YDR388W	YGL201C
YDR479C	YNR075W
YFL034W	YLR170C
YLR238W	YMR319C
YNL255C	YOL012C
YDR012W	YGR085C
YKL014C	YLR175W
YDR141C	YHR094C
YHR118C	YPL127C
YDR295C	YJL106W
YAL053W	YLR330W
YER022W	YJL140W
YBR280C	YNL141W
YER022W	YGR186W
YKL166C	YOR163W
YCR063W	YDL043C
YNL029C	YPR124W
YHR069C	YHR081W
YNL231C	YNL255C
YLR423C	YPL159C
YJL082W	YLL039C
YDL060W	YOR096W
YNL255C	YOR246C
YGR052W	YGR097W
YBL003C	YHL024W
YER125W	YNL243W
YKL129C	YKL152C
YER036C	YJL138C
YAL042W	YNL255C
YOR261C	YPR108W
YBR188C	YKL095W
YGL115W	YOR142W
YNL075W	YPL126W
YML081C-A	YPL078C
YFL018C	YHR114W
YFR014C	YJR001W
YER013W	YKR086W
YFR036W	YJR091C
YPL204W	YPL266W
YLR300W	YMR049C
YLL039C	YLR324W
YBL003C	YER165W
YJL111W	YNL255C
YFL040W	YLR214W
YHR079C	YNR047W
YGR092W	YKL146W
YEL012W	YJL187C
YOL013C	YPL160W
YJL138C	YNL250W
YDR188W	YJL042W
YGR085C	YLL039C
YBL104C	YNL307C
YBL003C	YHR099W
YBR194W	YOR319W
YLR212C	YNL126W
YGR130C	YLL039C
YGR244C	YLL039C
YBL058W	YBL078C
YBR109C	YMR109W
YMR010W	YNL287W
YDR240C	YPR182W
YOR039W	YOR361C
YKL049C	YNL339C
Q0130	YJR045C
YLR175W	YNL262W
YKL218C	YNL255C
YLL039C	YPL065W
YLL019C	YOL054W
YJL041W	YPL204W
YFL039C	YHR023W
YDR141C	YNL209W
YCR021C	YHR094C
YDR167W	YMR227C
YER125W	YGR268C
YGL178W	YLL039C
YOR227W	YPL240C
YDL100C	YDR513W
YDR464W	YDR510W
YDR510W	YNL134C
YGR158C	YLR345W
YBR279W	YGL058W
YHR052W	YKL009W
YDR176W	YGL066W
YGR121C	YOR321W
YBL003C	YDR217C
YER164W	YIL035C
YDR496C	YKL009W
YDR510W	YHR020W
YLR312W-A	YMR024W
YJL027C	YNL255C
YER172C	YPR152C
YER012W	YPR103W
YBR106W	YEL002C
YER099C	YOL061W
YLR291C	YOR042W
YML067C	YNL287W
YJR097W	YPL141C
YER177W	YLR310C
YBL002W	YBR114W
YER036C	YNL020C
YKL052C	YNR031C
YFR014C	YMR049C
YBL016W	YFR004W
YKL144C	YNL201C
YKR081C	YLL039C
YBL085W	YBR108W
YBL002W	YNL262W
YER125W	YHR097C
YIL057C	YLL039C
YDL140C	YDR167W
YKL212W	YPL099C
YGL129C	YMR158W
YGL059W	YGL105W
YDR510W	YKL043W
YGR031W	YNL255C
YBR031W	YER177W
YBL003C	YEL018W
YDR516C	YGR092W
YGR103W	YPL249C-A
YGR126W	YLL039C
YAR008W	YMR059W
YPL141C	YPR128C
YLR441C	YOL127W
YNL209W	YNL255C
YGR223C	YIL034C
YDR297W	YKL065C
YER036C	YLR175W
YLL039C	YLR075W
YDR381W	YKR095W
YOR156C	YPL161C
YCR073W-A	YLR028C
YDL124W	YFR004W
YDR167W	YOL148C
YAL010C	YMR203W
YBR072W	YML064C
YFR004W	YKR048C
YFR004W	YJR045C
YHL001W	YLR287C-A
YGL105W	YGR171C
YER013W	YGR278W
YGL245W	YJL106W
YKL139W	YNL027W
YHR205W	YJR097W
YER177W	YLR256W
YKL082C	YLR276C
YDL042C	YKR097W
YDR381W	YJL084C
YHR042W	YPL240C
YNR065C	YOR085W
YNL064C	YNL255C
YMR049C	YMR093W
YHR165C	YPR152C
YCR042C	YMR219W
YHL018W	YNL288W
YER125W	YKR018C
YEL021W	YLL039C
YDR418W	YLR075W
YIL035C	YLR399C
YJR145C	YNL207W
YDR460W	YER171W
YAL032C	YPR023C
YDR129C	YKL085W
YBR195C	YOR100C
YGR103W	YOR267C
YDR240C	YLR345W
YIL075C	YPL233W
YFR037C	YPR034W
YFL039C	YIR010W
YLR060W	YOL013C
YGL180W	YKL121W
YGL180W	YKR048C
YER131W	YIR010W
YJL187C	YJR092W
YCR082W	YER022W
YHR088W	YOL077C
YDL074C	YEL043W
YLR321C	YNR046W
YDR012W	YNL124W
YMR304W	YOR204W
YDR381W	YOL041C
YBR155W	YGL180W
YBR023C	YLR170C
YER092W	YJL141C
YDL029W	YDL047W
YLR321C	YLR345W
YKR022C	YPL160W
YLR199C	YLR249W
YBR041W	YLR144C
YDL100C	YOL126C
YBR031W	YLR438C-A
YNL243W	YPL266W
YDL043C	YNL154C
YAL026C	YEL022W
YBR193C	YMR112C
YKL049C	YNL138W
YNR033W	YPR154W
YLR048W	YLR180W
YBR005W	YLL039C
YFL039C	YKL049C
YBR114W	YLL039C
YDR394W	YNL055C
YCR004C	YLL039C
YDR070C	YGL059W
YGR052W	YPL180W
YDL053C	YNL255C
YBR274W	YDR224C
YIL103W	YNL055C
YER068W	YNL288W
YPR041W	YPR086W
YNL255C	YOL093W
YDL101C	YJL076W
YML121W	YNL255C
YGR052W	YPR030W
YJR005W	YOL062C
YNL255C	YNR029C
YJL076W	YNL307C
YDL065C	YGL153W
YMR224C	YNL023C
YEL034W	YLL039C
YER125W	YKL152C
YDR502C	YLL039C
YGR104C	YJL140W
YBL016W	YOR117W
YDR012W	YLR029C
YLL039C	YNL272C
YEL054C	YLR075W
YKR028W	YPL204W
YDL100C	YKL080W
YMR058W	YPL264C
YIL114C	YMR215W
YFR004W	YMR205C
YHR052W	YOR267C
Q0130	YBL099W
YFR004W	YPR148C
YBL038W	YLR399C
YGL092W	YMR129W
YMR216C	YPR019W
YDR080W	YMR231W
YDR171W	YLR248W
YDR482C	YHR165C
YKR048C	YLR133W
YLR180W	YOR117W
YJL187C	YKL181W
YDR011W	YIL121W
YEL002C	YML115C
YFR004W	YOR065W
YFR004W	YGL048C
YDR265W	YKL197C
YGL043W	YGR097W
YGL153W	YHR160C
YBL078C	YOL083W
YDR381W	YPR107C
YER122C	YNL307C
YLL039C	YMR121C
YNL243W	YOR284W
YER125W	YLR342W
YKL112W	YOR061W
YGL206C	YNL243W
YLR216C	YOR117W
YBL076C	YFR052W
YCR034W	YGR295C
YNL093W	YNL227C
YLL017W	YOR197W
YLR116W	YML046W
YIL075C	YNL255C
YGL105W	YMR280C
YDR392W	YNL255C
YBR102C	YHR165C
YGR179C	YIR010W
YER171W	YGL048C
YBR055C	YPR182W
YGR284C	YKL088W
YHR216W	YKL212W
YKL080W	YMR059W
YLL057C	YLR291C
YGL180W	YGR028W
YKL185W	YMR229C
YDR224C	YMR308C
YDR172W	YJL052W
YIL118W	YLL039C
YDR080W	YML001W
YDR205W	YNR039C
YBR102C	YIL061C
YGR052W	YKL010C
YNL172W	YPR152C
YNL207W	YPR143W
YER006W	YHR052W
YER068W	YFR004W
YDL019C	YMR109W
YJR145C	YLR441C
YIL149C	YKL042W
YHR079C	YNL224C
YFR031C-A	YOL127W
YHR135C	YMR049C
YFL062W	YIL016W
YNL093W	YPL240C
YDR525W-A	YLL039C
YJR123W	YLR441C
YGR268C	YPL049C
YER036C	YNL064C
YDL140C	YOR267C
YDR097C	YJR144W
YDL019C	YKL049C
YGR092W	YJR072C
YDR482C	YPL151C
YDL017W	YJR089W
YDR297W	YHR007C
YFR014C	YIL051C
YHR016C	YPL246C
YJR031C	YLL039C
YDL121C	YNL255C
YLR029C	YLR287C-A
YNL113W	YPL204W
YKL195W	YMR038C
YKL015W	YML051W
YDL160C	YER035W
YGR156W	YLR115W
YBR202W	YDL042C
YDL051W	YNL154C
YHR135C	YKL146W
YLR310C	YPR108W
YBR055C	YDL043C
YBR244W	YLR345W
YML006C	YOR267C
YDR394W	YJL157C
YJR123W	YLR448W
YDL043C	YMR213W
YER118C	YIL156W
YDL101C	YDR264C
YOR063W	YPL131W
YBR218C	YLL039C
YLL039C	YML085C
YJL076W	YJR057W
YDR012W	YDR496C
YBR082C	YER068W
YJL141C	YOR080W
YDR352W	YGL006W
YFR031C-A	YIR010W
YGR136W	YLR144C
YNL255C	YNR062C
YDR381W	YNL209W
YDL015C	YLL039C
YHR135C	YMR226C
YCR042C	YKL081W
YAL005C	YPL233W
YAL043C	YMR039C
YGL145W	YPR105C
YOL127W	YPL240C
YFL067W	YNL255C
YER125W	YLR167W
YDR381W	YOR080W
YFL039C	YNR031C
YBR193C	YOL135C
YDR194C	YLR233C
YHR161C	YPL232W
YLR462W	YNL255C
YCL017C	YER048W-A
YLL039C	YMR196W
YDL200C	YKL010C
YDL097C	YGL048C
YDR471W	YLR448W
YLL039C	YPL220W
YFL039C	YHR179W
YJL014W	YMR194W
YAR019C	YML064C
YDR206W	YHR030C
YFR004W	YOL059W
YGR135W	YLR199C
YBR106W	YPR124W
YDR011W	YPL058C
YLR312W-A	YNL252C
YBR254C	YLR342W
YDR300C	YPL240C
YBR194W	YDR299W
YDL078C	YDR244W
YER100W	YPL229W
YJL014W	YNL023C
YER125W	YGR136W
YHR030C	YJR066W
YGR092W	YNL101W
YDL047W	YJR007W
YIL139C	YLR288C
YIL035C	YOL041C
YDR062W	YLR180W
YBR083W	YDR224C
YEL009C	YHR099W
YKL048C	YKL181W
YNL255C	YPR152C
YBR179C	YLL039C
YJL012C	YLL039C
YGR252W	YOL148C
YDR192C	YJL039C
YBR155W	YPL240C
YGR278W	YLL036C
YMR049C	YPL258C
YBL072C	YML056C
YIL076W	YLR429W
YMR153W	YNL255C
YFL038C	YGL198W
YBL063W	YIL061C
YBR274W	YFL039C
YBR247C	YOR096W
YDL076C	YNL097C
YGL147C	YPL131W
YBR270C	YLR423C
YBR058C	YLL039C
YDR244W	YGR133W
YDR411C	YOL013C
YDL002C	YNL059C
YIL019W	YPL126W
YKL139W	YLR060W
YGR067C	YNL085W
YCR086W	YPL018W
YGR056W	YNL030W
YBL079W	YGR052W
YCR050C	YDL017W
YJR066W	YLR108C
YHR216W	YLR175W
YIL075C	YMR191W
YGR092W	YKR041W
YER092W	YFR014C
YGL104C	YPL270W
YBR101C	YLL039C
YDR510W	YNL035C
YDR238C	YOR197W
YDL140C	YNL222W
YBR083W	YGR040W
YDR308C	YGL127C
YDR496C	YEL055C
YDR272W	YLR043C
YKL014C	YMR229C
YLR180W	YPR152C
YGL043W	YJR132W
YFL028C	YNL255C
YLL039C	YML035C
YEL034W	YGL025C
YIR010W	YPL249C-A
YBR146W	YDR347W
YFR004W	YMR092C
YHR165C	YLR438C-A
YDL160C	YLL036C
YAL035W	YNL030W
YDR101C	YGL172W
YBL088C	YOR189W
YLR274W	YPR019W
YBR142W	YOL064C
YER166W	YLR330W
YLR320W	YOR198C
YKL049C	YNL243W
YHR085W	YHR197W
YBR279W	YOR123C
YDR397C	YNL255C
YLL039C	YPR103W
YGL145W	YLR268W
YFR004W	YPL004C
YFR004W	YML070W
YDR238C	YPL246C
YCR077C	YJL140W
YNL151C	YNL255C
YML075C	YPL264C
YOR117W	YPR108W
YDL209C	YKR022C
YLL039C	YLR203C
YCL035C	YNL255C
YDL160C	YER068W
YFR031C-A	YKL009W
YDL042C	YDR440W
YDR012W	YER006W
YGL045W	YPL216W
YNL255C	YPL157W
YBR229C	YDR188W
YBR253W	YDR308C
YHR081W	YOL021C
YER125W	YOR002W
YBR254C	YDR472W
YDR414C	YEL017C-A
Q0130	YPL078C
YCR020W-B	YLR357W
YML056C	YOL005C
YDR412W	YKL014C
YFR037C	YKL049C
YER059W	YMR165C
YFR004W	YJR105W
YDL115C	YJL140W
YFL016C	YLR203C
YAL032C	YLR117C
YGL206C	YHR108W
YNL255C	YNL282W
YDR174W	YIL076W
YDL204W	YHR007C
YJL010C	YLR175W
YLR399C	YNL030W
YGL086W	YGL116W
YHR119W	YJR119C
YJR072C	YKL014C
YAL005C	YBR155W
YDR394W	YPR152C
YLL039C	YNL268W
YML103C	YMR308C
YDR448W	YHR022C
YNL286W	YOR284W
YCL054W	YER006W
YDL165W	YNL288W
YML074C	YPL204W
YKL130C	YPR020W
YCR063W	YDR482C
YLL011W	YMR308C
YBL003C	YER036C
YDR073W	YNR023W
YBL003C	YML127W
YDR381W	YIL115C
YKR062W	YNL255C
YDL043C	YLR059C
YMR257C	YNR045W
YLL039C	YOR065W
YKL049C	YMR314W
YBL072C	YMR194W
YDR213W	YDR510W
YGR252W	YMR223W
YLR133W	YMR216C
YGR129W	YLR249W
YBR088C	YML056C
YJR005W	YLR116W
YPL204W	YPR007C
YDR510W	YOL145C
YGL230C	YOR161C
YFR004W	YIL118W
YNL255C	YPR023C
YLL039C	YLR083C
YHR119W	YPL001W
YFR031C-A	YMR194W
YDR200C	YMR319C
YMR049C	YPR115W
YLR025W	YMR154C
YHR083W	YNL255C
YHR114W	YOR355W
YBR137W	YML064C
YDL112W	YKL182W
YIR010W	YLR448W
YDR372C	YLR149C
YCR091W	YIL135C
YER036C	YOR063W
YJR101W	YNL081C
YDL084W	YNL253W
YBL023C	YPR120C
YHR171W	YNR007C
YDR189W	YPL246C
YDR510W	YLR115W
YOR036W	YPL151C
YLR048W	YNL112W
YBR114W	YDR453C
YER164W	YIR010W
YDR423C	YIR037W
YLL039C	YLR278C
YOL146W	YPR135W
YDR510W	YNL039W
YKL175W	YPR198W
YMR213W	YMR240C
YEL062W	YHL023C
YKL049C	YMR031C
YDR414C	YFL040W
YLR019W	YMR246W
YDR496C	YLR175W
YBL021C	YHR187W
YHR171W	YOR191W
YDR167W	YDR176W
YPL227C	YPR198W
YOL013C	YOR335C
YAR027W	YLL039C
YDR381W	YHR127W
YBR088C	YGR155W
YEL044W	YGL150C
YNL023C	YPL131W
YDR206W	YJL057C
YFR037C	YOR156C
YHR052W	YOR080W
YNL098C	YPL076W
YGR232W	YLR421C
YCL055W	YNL288W
YGL230C	YKL110C
YJL048C	YLR423C
YJL047C	YLR320W
YBL030C	YDL067C
YER099C	YFR004W
YLR398C	YOR076C
YDR330W	YER012W
YDR473C	YML049C
YEL023C	YLR249W
YAL024C	YLR084C
YJR095W	YPL141C
YBR237W	YNL255C
YAL012W	YOL013C
YBR109C	YEL037C
YDR159W	YIL095W
YDL047W	YNL025C
YKL144C	YNL151C
YBR031W	YDR101C
YCR088W	YPL004C
YLR044C	YOR260W
YGR103W	YGR245C
YJL010C	YMR093W
YJL148W	YPR010C
YNL214W	YOL044W
YGR232W	YPR108W
YBR194W	YPL231W
YAL020C	YKR048C
YJL187C	YMR165C
YDL115C	YOL005C
YNL123W	YOR317W
YER012W	YER099C
YBR102C	YLR423C
YLR407W	YPL216W
YDR418W	YFR031C-A
YBR109C	YLL060C
YBR031W	YDL148C
YBR182C	YER125W
YER165W	YFR004W
YHR072W	YKL140W
YHL001W	YNL255C
YGR179C	YKL049C
YER136W	YNL304W
YEL009C	YER040W
YLR167W	YMR276W
YMR048W	YNL255C
YBR082C	YDR059C
YHR052W	YLR075W
YHR030C	YNL085W
YDR404C	YJL140W
YDR510W	YPL154C
YNL154C	YOL091W
YER165W	YKL025C
YBR247C	YNL255C
YDR167W	YPR168W
YFR004W	YJR025C
YKL047W	YLL039C
YGL171W	YJR002W
YBR106W	YER039C
YJL044C	YKR048C
YIL154C	YLL039C
YBL002W	YOR207C
YER006W	YKR081C
YGL245W	YJL057C
YER165W	YGL112C
YLR167W	YPR152C
YDR192C	YMR235C
YDL042C	YNL030W
YER118C	YNL101W
YCR077C	YGL216W
YBR114W	YDR510W
YFR010W	YGL048C
YFR004W	YNL098C
YDR163W	YLL036C
YJL141C	YLR270W
YGR027C	YLR287C-A
YMR276W	YPR002W
YAL043C	YGR156W
YGL059W	YHR185C
YKL060C	YKL152C
YBR194W	YML056C
YAL012W	YKL130C
YER131W	YHR135C
YLR439W	YNL185C
YDL047W	YKR028W
YGR027C	YJR123W
YDR012W	YLL039C
YIL005W	YLL039C
YDR174W	YHR039C
YLR439W	YMR024W
YAL032C	YNR059W
YGL244W	YOR061W
YER035W	YNL118C
YDR386W	YMR049C
YGR158C	YHR081W
YNL207W	YPL204W
YFR044C	YPR165W
YHR052W	YLR325C
YLL039C	YLR019W
YDR170C	YDR238C
YGR048W	YIL030C
YDL019C	YDR381W
YLR449W	YOR267C
YDR097C	YML032C
YGR052W	YJL076W
YDR510W	YFR006W
YCL037C	YOL045W
YJL123C	YNL136W
YBL043W	YJR135C
YDL140C	YNR010W
YJL187C	YPL001W
YJR082C	YNL136W
YGL116W	YKL085W
YDL006W	YNL154C
YDL060W	YMR315W
YHR127W	YPL169C
YMR314W	YPR135W
YBL061C	YNL154C
YJL138C	YKL095W
YLR180W	YML085C
YBR234C	YMR109W
YPL076W	YPL264C
YDL017W	YDR299W
YCR014C	YOR005C
YKL166C	YOR266W
YDL015C	YDR506C
YKL143W	YPL204W
YCR063W	YIL070C
YER039C	YPL264C
YFL062W	YMR221C
YAL038W	YML103C
YBL003C	YBR087W
YDR141C	YMR010W
YAL032C	YMR176W
YDR388W	YPL181W
YDR382W	YOR096W
YDR122W	YLR310C
YDR471W	YDR496C
YGR078C	YJL179W
YAL032C	YLR320W
YIL035C	YNL030W
YER023W	YLR291C
YLR449W	YML074C
YDL017W	YLR386W
YLL013C	YMR106C
YFR010W	YOR259C
YHR016C	YNL073W
YDR510W	YJL148W
YGR103W	YKR048C
YBR031W	YLR448W
YLL039C	YLR370C
YJL138C	YPL240C
YNL098C	YOR101W
YNL009W	YOL013C
YMR121C	YNL255C
YDL047W	YMR196W
YLR287C	YNR031C
YBR175W	YGR103W
YER064C	YOR231W
YBL003C	YKL009W
YBR031W	YLR075W
YOR335C	YPR111W
YLL039C	YNL029C
YDL154W	YER173W
YER136W	YFL005W
YOR078W	YPL126W
YCL054W	YOR267C
YCR077C	YMR117C
YGR104C	YNL025C
YDL115C	YDL140C
YDR496C	YKL130C
YBR194W	YLR167W
YGR085C	YOL127W
YHL019C	YLR170C
YBR284W	YML035C
YBR109C	YHR179W
YBR106W	YLL023C
YDR330W	YLL039C
YAL005C	YKL012W
YKR081C	YPL220W
YLR449W	YNL255C
YJL057C	YOL078W
YDR460W	YPR025C
YBR194W	YIL035C
YJL140W	YPL203W
YBR109C	YJR065C
YJL084C	YNL154C
YDR318W	YMR117C
YER165W	YOL117W
YGR204W	YGR252W
YBL016W	YGL178W
YBR231C	YFL039C
YDR011W	YDR501W
YDR108W	YKR068C
YBL016W	YPR115W
YDR519W	YOL088C
YDR006C	YER177W
YDR188W	YOR063W
YER180C	YPL049C
YFL039C	YNL157W
YNL064C	YOR117W
YBL093C	YKL129C
YDR172W	YGR072W
YML049C	YPR182W
YBR202W	YLR103C
YGR116W	YNL255C
YIR037W	YLL039C
YDL097C	YFR010W
YGL173C	YOR204W
YDR388W	YJL085W
YFR004W	YOR261C
YDR359C	YFL039C
YGR103W	YIL035C
YAL027W	YDR381W
YDR381W	YER165W
YBR194W	YLR175W
YLL039C	YOL142W
YAL005C	YIL035C
YIR010W	YJR135C
YGR278W	YLR117C
YLR448W	YMR194W
YAL005C	YKL014C
YHR165C	YKL012W
YGR112W	YLR203C
YDL160C	YJL138C
YDR412W	YMR194W
YDR510W	YOL059W
YMR048W	YPR019W
YIL095W	YLR251W
YBR184W	YER171W
YHR135C	YLR429W
YGL105W	YNL154C
YDR381W	YOR204W
YDL055C	YIL075C
YBL003C	YGL150C
YJL014W	YLL011W
YFL022C	YOR117W
YML083C	YOR231W
YHR135C	YOL091W
YDR143C	YDR158W
YJL047C	YPR135W
YKL005C	YNL255C
YER172C	YMR240C
YJR051W	YOL142W
YDL148C	YKL035W
YFL050C	YGL180W
YDR381W	YLR170C
YMR074C	YNL256W
YGR040W	YLR316C
YDR516C	YGR232W
YKL081W	YNL272C
YBR106W	YIL027C
YFL023W	YOR231W
YLR044C	YOR117W
YGR167W	YNL238W
YBR088C	YCR034W
YDL029W	YDR216W
YDR372C	YLL039C
YAL005C	YKR008W
YAL038W	YBR221C
YDR212W	YKL095W
YNL255C	YPR017C
YHR088W	YLR449W
YKL190W	YNL255C
YOL082W	YOR353C
YDR174W	YHR118C
YDR388W	YHR065C
YGR206W	YLR119W
YIL108W	YNL254C
YBR194W	YDR394W
YLL023C	YNR026C
YJR004C	YPL141C
YGL093W	YPL233W
YDL149W	YKL064W
YFL040W	YPR121W
YGL129C	YIL070C
YER070W	YFR004W
YHR135C	YLR293C
YJL187C	YMR304W
YBR121C	YNL313C
YNL255C	YOR064C
YLR116W	YNL255C
YLR105C	YNL255C
Q0085	YER154W
YDL149W	YJL178C
YDR214W	YOR117W
YLR276C	YOL077C
YDL204W	YLL039C
YBR231C	YLR399C
YER075C	YMR229C
YFR004W	YGL147C
YJR101W	YMR158W
YAL009W	YMR165C
YGR278W	YML049C
YDR322W	YMR024W
YDL054C	YLL039C
YLR002C	YOR243C
YNL091W	YOR355W
YDR448W	YMR314W
YMR125W	YNL251C
YER043C	YFR004W
YER136W	YNL093W
YDL209C	YER172C
YDR174W	YFR037C
YDR188W	YKL139W
YHR148W	YJR145C
YGL180W	YKL146W
YHR052W	YOR005C
YDL060W	YKL143W
YDL097C	YER012W
YML049C	YMR213W
YAL015C	YDR214W
YDL047W	YLR310C
YCL025C	YHR133C
YIL035C	YLR002C
YER177W	YKL049C
YJL141C	YKR001C
YBR125C	YLL039C
YDR301W	YOR093C
YHR119W	YOL145C
YBR055C	YMR268C
YAL053W	YLL039C
YDL051W	YPL210C
YJL179W	YKL215C
YLL039C	YML029W
YJR053W	YML064C
YER012W	YJL001W
YIR008C	YKL045W
YBR005W	YNL255C
YDL043C	YPL126W
YGL180W	YPR019W
YDR448W	YGL151W
YDR510W	YNR023W
YEL034W	YOL117W
YIR010W	YMR236W
YHR114W	YMR109W
YKL020C	YLR233C
YKL033W	YPR085C
YFR001W	YPR045C
YDL140C	YGR104C
YGR186W	YPL203W
YDR308C	YEL009C
YAL035W	YDR496C
YHR195W	YNL255C
YDR153C	YPR029C
YDR479C	YLR268W
YHR086W	YLR249W
YFR010W	YGL180W
YNL101W	YPL076W
YDR510W	YPL131W
YLR175W	YLR398C
YGL066W	YMR236W
YCR084C	YPL228W
YKL033W	YNL020C
YAL005C	YNL136W
YGL238W	YLR293C
YMR229C	YPR144C
YBR050C	YBR109C
YFR004W	YPR037C
YLR030W	YNL307C
YJL014W	YKL049C
YIR017C	YMR117C
YLR383W	YML056C
YLR002C	YPL131W
YMR010W	YOR069W
YPL078C	YPR020W
YDL160C	YPL160W
YHR079C	YPR067W
YBL072C	YGR214W
YDR091C	YDR172W
YNL045W	YNL154C
YDR322W	YNL185C
YKL049C	YPR019W
YAL005C	YPL167C
YDR100W	YIL027C
YDR150W	YKL049C
YKL187C	YLL039C
YLR116W	YNL210W
YBR088C	YML102W
YFR004W	YML008C
YHR014W	YHR135C
YGR103W	YOR063W
YDR018C	YIL051C
YAL035W	YMR146C
YBL023C	YLR291C
YDR170C	YNL267W
YKL080W	YPL026C
YKL135C	YML051W
YFR004W	YJL170C
YAL032C	YMR213W
YHR008C	YML127W
YAR071W	YGL245W
YDL140C	YOL005C
YDL060W	YLR435W
YDR284C	YDR479C
YNL154C	YNR006W
YER006W	YJL010C
YBR207W	YPR079W
YHR164C	YLR234W
YLR448W	YOR096W
YGR165W	YMR158W
YOR063W	YOR096W
YDR180W	YER147C
YDL100C	YER150W
YGL059W	YIL042C
YJL141C	YML035C
YEL037C	YOR259C
YBR132C	YHR042W
YFL024C	YGL048C
YMR106C	YOR005C
YNL255C	YPR102C
YOR212W	YPR165W
YGR294W	YHL018W
YAL027W	YIL095W
YLR220W	YOR085W
YBR188C	YMR213W
YBR142W	YPL131W
YDL017W	YLL039C
YGR232W	YNL209W
YDR510W	YJL014W
YEL019C	YOL034W
YNR010W	YPR086W
YKL146W	YNL307C
YAL005C	YPL028W
YMR106C	YOL078W
YJR131W	YML064C
YDR362C	YDR388W
YDR101C	YPL131W
YBL030C	YNL255C
YDL060W	YMR093W
YHR122W	YNL255C
YBR247C	YIL019W
YDR439W	YPL204W
YGL237C	YLR423C
YDL200C	YLR109W
YDR122W	YOL082W
YLR370C	YOR361C
YDR510W	YOR316C
YKL012W	YLL036C
YCR086W	YPL109C
Q0085	Q0130
YLR019W	YOR341W
YDL111C	YGR134W
YGR100W	YHR135C
YOR061W	YPL181W
YHR114W	YIL156W
YBR055C	YLR153C
YHR135C	YPR152C
YGR092W	YOR228C
YDR496C	YHR088W
YLL039C	YML008C
YJR144W	YLR427W
YNL201C	YNL307C
YGL129C	YNR037C
YBR109C	YMR315W
YJL052W	YLL039C
YDL239C	YGL153W
YJL140W	YNL251C
YLR270W	YMR120C
YFL036W	YLR139C
YDL097C	YOR261C
YEL054C	YPL249C-A
YBR031W	YDL055C
YHL014C	YNL255C
YBR106W	YPL240C
YJL019W	YJL057C
YDR224C	YML069W
YLR192C	YPR041W
YCR034W	YHR142W
YDR334W	YFL039C
YFR004W	YGL157W
YDR510W	YGL066W
YBL011W	YGL180W
YGL083W	YNL272C
YBL072C	YDR091C
YDR479C	YOR377W
YNL209W	YPR163C
YER165W	YMR240C
YDL002C	YDL076C
YDL017W	YNL113W
YDR388W	YNL154C
YNL272C	YPL204W
YDR270W	YLL039C
YCR063W	YMR213W
YOL081W	YPL204W
YDR394W	YNL250W
YDR012W	YMR229C
YDR216W	YJL076W
YLR448W	YPL220W
YDL140C	YGR003W
YAL035W	YJR145C
YDR224C	YPL240C
YHR016C	YLR144C
YLL039C	YOL109W
YDL043C	YLL036C
YKL197C	YNL214W
YNR036C	YNR037C
YDR022C	YGL237C
YAL005C	YER165W
YDR378C	YNL255C
YKL009W	YPL131W
YDR386W	YDR388W
YGR180C	YLR437C
YBR106W	YDR342C
YGL180W	YNL227C
YAL043C	YBL076C
YHR098C	YIL095W
YDR172W	YDR188W
YDL207W	YLR018C
YHR030C	YOR231W
YML035C	YPL141C
YBL003C	YML074C
YOL127W	YPL037C
YHL006C	YNL255C
YLR268W	YNL279W
YCR088W	YDR129C
YBR031W	YOR117W
YCR091W	YDL002C
YBL021C	YNL255C
YDL116W	YMR153W
YDR171W	YKL049C
YLR441C	YOR117W
YNR031C	YPL240C
YFR004W	YPR191W
YFL045C	YOR117W
YHR016C	YKR030W
YHR058C	YIL027C
YLR426W	YPL151C
YJL065C	YOR304W
YBR031W	YJL187C
YBR030W	YPL240C
YBL011W	YJL057C
YJR123W	YOR117W
YBL064C	YNL154C
YGR284C	YML067C
YDR482C	YNL255C
YAL038W	YBR279W
YBR194W	YCR012W
YLR291C	YLR386W
YAR027W	YIL111W
YGR165W	YJR101W
YHR083W	YMR060C
YKL020C	YOR250C
YGL127C	YLR423C
YLR043C	YOR117W
YGL031C	YHR197W
YHR146W	YMR297W
YHR088W	YOR063W
YKR081C	YLR002C
YDR381W	YER013W
YIL035C	YPL037C
YBR031W	YPL249C-A
YDL134C	YMR273C
YDL140C	YPL203W
YCL011C	YGL173C
YDL137W	YPR095C
YKL176C	YOR080W
YAR027W	YBR042C
YOR204W	YPL204W
YLL039C	YLR029C
YOL018C	YOL132W
YHR013C	YOL127W
YJR148W	YLR259C
YFR014C	YHR117W
YKL028W	YKR062W
YBR278W	YNL262W
YDR409W	YML032C
YGR092W	YNL241C
YJR121W	YPL240C
YCL025C	YLR343W
YLR287C-A	YOR063W
YGL048C	YIL075C
YCR042C	YMR227C
YDR062W	YER177W
YDR510W	YKL032C
YDR097C	YFR037C
YDR170C	YLR330W
YEL023C	YKL216W
YKL112W	YLR082C
YKL166C	YNL280C
YJR131W	YLL039C
YER165W	YNL251C
YBR125C	YDR247W
YKL182W	YNL243W
YBR154C	YDR404C
YIL156W	YMR109W
YGL059W	YHR117W
YDR285W	YDR510W
YDR510W	YIL036W
YEL061C	YNR010W
YFR014C	YOR078W
YBR031W	YNL112W
YBR142W	YPL220W
YER070W	YOR197W
YAL032C	YLR345W
YDR308C	YML051W
YGR161C	YKR028W
YDL075W	YFR001W
YDR381W	YDR440W
YDR264C	YHR135C
YJR070C	YKL139W
YAL005C	YOR061W
YBL072C	YGL031C
YCR034W	YHR164C
YNL255C	YPL009C
YIL125W	YPL240C
YBR109C	YFL003C
YHR216W	YNL255C
YDR510W	YKL112W
YDR224C	YIR010W
YDL097C	YGR040W
YJL069C	YOR039W
YJL025W	YMR270C
YGR103W	YLR002C
YDR425W	YJL036W
YDR513W	YIR037W
YDR496C	YJR145C
YDR334W	YLR399C
YHR196W	YOR096W
YAL015C	YDL029W
YKR086W	YLR117C
YLR048W	YOR117W
YBR183W	YCR034W
YHR135C	YKR048C
YDR381W	YNL253W
YBR183W	YLR018C
YBL037W	YBL105C
YLR310C	YPL204W
YGL242C	YKL129C
YBR108W	YHR135C
YFR001W	YNL255C
YML056C	YNL124W
YHR001W	YPR173C
YDR496C	YOL127W
YER012W	YMR106C
YDL140C	YMR276W
YGR023W	YNL237W
YBR253W	YHR058C
YFR048W	YLL039C
YDR107C	YLL039C
YBR194W	YDR379W
YCL054W	YKL014C
YBR194W	YDR229W
YLL039C	YLR180W
YDL060W	YOR198C
YJL014W	YNL212W
YDR143C	YLL039C
YCR020C-A	YNL255C
YMR231W	YOR089C
YJR113C	YNR037C
YDR214W	YFL037W
YDR208W	YNL154C
YJL187C	YOR239W
YCR034W	YML067C
YLR029C	YMR194W
YDR483W	YLL039C
YHR008C	YMR106C
YDR510W	YLR321C
YDL209C	YGR278W
YBR129C	YIL095W
YDL100C	YGR028W
YFR004W	YPR086W
YDL116W	YJL041W
YJR009C	YLR144C
YAR027W	YOR273C
YOR260W	YPL141C
YER002W	YNL255C
YGR082W	YGR120C
YGR165W	YKL155C
YAL005C	YPL004C
YFR040W	YHR016C
YNL130C	YPL246C
YGR104C	YHR041C
YBR175W	YBR258C
YLL039C	YMR028W
YEL037C	YJR065C
YBR086C	YDL209C
YHR039C	YLL039C
YKL121W	YPL203W
YGR158C	YOL142W
YLR423C	YOR361C
YMR246W	YOL126C
YDR244W	YDR329C
YGR040W	YPR034W
YBR154C	YDL115C
YIL070C	YMR036C
YLR449W	YPL131W
YBR191W	YDR510W
YDR034W-B	YDR264C
YDR381W	YKL186C
YLR423C	YPL077C
YNL124W	YOL127W
YBR188C	YER013W
YAL013W	YDR510W
YER075C	YMR319C
YHR030C	YKL181W
YLL050C	YOR117W
YHR040W	YNL255C
YML085C	YNL272C
YMR093W	YPL220W
YHR094C	YOR153W
YHR196W	YLR003C
YKL049C	YLR342W
YGR116W	YPL203W
YAL005C	YDR359C
YFR014C	YGL184C
YGR178C	YIR010W
YAR019C	YBR151W
YAL032C	YDL001W
YBL003C	YJL047C
YGR057C	YKL015W
YDR192C	YDR335W
YBR109C	YKL129C
YDR129C	YLR429W
YKR048C	YPL180W
YBR263W	YIR010W
YJL010C	YLL019C
YBL003C	YPR019W
YKL014C	YKR024C
YJR066W	YNL076W
YDL084W	YHR102W
YDR427W	YGR232W
YLR002C	YOR063W
YKL022C	YLR127C
YKR081C	YLR233C
YDR247W	YDR439W
YMR109W	YNL206C
YMR236W	YOL012C
YMR227C	YMR236W
YBR106W	YJL059W
YDR412W	YER006W
YLR018C	YNL279W
YLR019W	YOR061W
YHR099W	YKL062W
YLR291C	YOL083W
YIL035C	YKR041W
YAL005C	YNL220W
YFR004W	YMR191W
YAR008W	YLR105C
YJL034W	YKL117W
YKL195W	YNL255C
YFR004W	YJR007W
YFR004W	YPL028W
YNL252C	YNL255C
YDL140C	YKL012W
YBR253W	YGL112C
YNL220W	YNL255C
YMR117C	YPR010C
YJL019W	YPL018W
YLR423C	YMR213W
YDR171W	YGL153W
YAL034C	YBL016W
YBR207W	YEL051W
YHR179W	YPL171C
YER024W	YHR135C
YJL111W	YKL049C
YDR116C	YNL255C
YBL003C	YIR010W
YOR117W	YPR183W
YLR387C	YNL255C
YKL049C	YMR319C
YER086W	YHR169W
YHR216W	YIR010W
YLR185W	YPL001W
YHR030C	YJL148W
YDR388W	YLL039C
YDR392W	YPL181W
YJR123W	YLL039C
YGL011C	YMR314W
YGR275W	YPR034W
YAL005C	YPR010C
YDL001W	YDL133W
YDR308C	YJL057C
YDR170C	YLR263W
YER006W	YHR197W
YBR049C	YLR357W
YDR200C	YPL004C
YNL201C	YOR355W
YGL070C	YKL028W
YIL084C	YMR263W
YHR169W	YNR054C
YJL157C	YNR031C
YMR093W	YPL126W
YKL082C	YKL099C
YLR291C	YPR041W
YDR405W	YER154W
YDR409W	YJR076C
YAL027W	YDR388W
YMR165C	YPL141C
YFL049W	YPR034W
YGL112C	YIR010W
YGR178C	YNL085W
YJR145C	YMR093W
YAL032C	YBR114W
YKL186C	YPL169C
YBR194W	YHR216W
YDL080C	YIR037W
YNL021W	YOL012C
YGL245W	YMR059W
YER118C	YNL331C
YOL012C	YOL077C
YBR106W	YCL025C
YML109W	YNL216W
YGL006W	YHR104W
YJL076W	YNL124W
YBR109C	YGL229C
YLR324W	YPR165W
YGL004C	YIL075C
YBR031W	YGL171W
YJL141C	YPL203W
YHR114W	YLR423C
YMR308C	YOL108C
YMR059W	YOR230W
YIR010W	YML085C
YGR128C	YPR144C
YDR116C	YIL035C
YKR009C	YLL039C
YDL137W	YHR188C
YGL004C	YOR261C
YGR113W	YMR117C
YDL140C	YDR510W
YDR510W	YOR028C
YHL019C	YPR029C
YDR012W	YFR031C-A
YCL011C	YDL084W
YDR216W	YER177W
YHR041C	YPR086W
YBR109C	YNL209W
YDL239C	YPL049C
YER036C	YJL136C
YLL039C	YOR051C
YCL017C	YPL135W
YOL133W	YOR341W
YJL057C	YPL018W
YAR019C	YGR052W
YGL031C	YPR152C
YBR055C	YER165W
YNL255C	YOR283W
YDL063C	YPL131W
YKL081W	YMR059W
YBR109C	YKL190W
YOL145C	YOR039W
YDR174W	YLR203C
YDR063W	YJR065C
YKL085W	YPL204W
YBR077C	YGR201C
YHR016C	YMR313C
YNL085W	YOR197W
YDR067C	YHL029C
YDL140C	YGR116W
YCR020W-B	YGR275W
YLL039C	YMR053C
YLR044C	YNL272C
YOL045W	YOR335C
YHR013C	YNL207W
YGL180W	YMR229C
YFR004W	YOL127W
YDR101C	YPL249C-A
YDR381W	YHR052W
YBL085W	YER124C
YBR291C	YLL005C
YEL012W	YOL054W
YDR171W	YOR197W
YAL040C	YJL157C
YNL209W	YPL009C
YDL200C	YEL024W
YGL127C	YHR058C
YCR086W	YLR274W
YDR342C	YOR153W
YBR194W	YMR205C
YML051W	YOL067C
YER009W	YOL128C
YBR106W	YNR019W
YGR167W	YPL204W
YDR497C	YMR010W
YFR001W	YMR049C
YDR208W	YHR135C
YBR279W	YOR039W
YDR229W	YPL135W
YFL038C	YLL039C
YKL130C	YKR013W
YLL001W	YLR291C
YBL076C	YBR055C
YDR504C	YNL255C
YML074C	YOR267C
YCL052C	YHR142W
YGR106C	YPR036W
YBR194W	YGR130C
YLR153C	YLR180W
YDR383C	YJR135C
YBR194W	YMR315W
YDR057W	YMR307W
YLR449W	YOR063W
YDR176W	YHR099W
YDL020C	YOR117W
YKL049C	YOR086C
YGL104C	YNL054W
YOR377W	YPL240C
YMR194W	YOL127W
YER118C	YGR295C
YDR381W	YKR024C
YEL037C	YLL039C
YER162C	YOR117W
YCR034W	YDR414C
YNL232W	YOL142W
YFL037W	YGR092W
YJR134C	YPL204W
YDR258C	YGL043W
YDL043C	YMR240C
YCR077C	YNL255C
YIR006C	YKL129C
YDR381W	YKR048C
YHR216W	YLL036C
YLR256W	YPL240C
YLR022C	YNL255C
YMR125W	YOR250C
YMR203W	YPL204W
YBR142W	YOL127W
YHR165C	YLR424W
YER064C	YKR038C
YDR394W	YGR232W
YBR194W	YPL131W
YCR076C	YPR103W
YDL076C	YPL181W
YGL105W	YOR197W
YIR010W	YLR388W
YDR176W	YDR392W
YLL039C	YPR026W
YIR008C	YKR048C
YDR240C	YNL210W
YPL266W	YPR144C
YLL039C	YNL064C
YLL039C	YLR417W
YKL117W	YMR008C
YGR092W	YLL039C
YER103W	YGL206C
YER006W	YMR049C
YDL015C	YOR324C
YBR154C	YGL043W
YMR229C	YNL307C
YJL148W	YPL240C
YER177W	YOR117W
YHR098C	YLL039C
YER118C	YGL201C
YCL025C	YPR020W
YDR378C	YLR117C
YFL038C	YOR070C
YLR224W	YOL133W
YDR487C	YDR513W
YPR091C	YPR152C
YER118C	YGR178C
YGL112C	YOR220W
YER013W	YGR129W
YER134C	YNL255C
YLR265C	YMR284W
YBL061C	YBR023C
YMR229C	YPL126W
YHR007C	YIR037W
YJL039C	YML085C
YHR058C	YNR010W
YLR310C	YNL098C
YNL255C	YOL040C
YMR017W	YPL232W
YDR012W	YLR441C
YMR049C	YOL077C
YER165W	YGL172W
YDR216W	YPL240C
YGL078C	YIR010W
YBR109C	YJL012C
YDR510W	YFL039C
YER023W	YPL169C
YFR031C-A	YPL249C-A
YDL140C	YDR188W
YER125W	YFR004W
YDL052C	YLR071C
YBR195C	YML102W
YJL036W	YNL086W
YGR268C	YHR016C
YIL088C	YLL039C
YBR133C	YCR088W
YFR004W	YOR198C
YDR394W	YMR308C
YIR010W	YNL209W
YGL048C	YGR184C
YBL034C	YKR079C
YDR170C	YER166W
YGR275W	YML127W
YAL005C	YDR338C
YMR092C	YNL138W
YDR124W	YGR165W
YDL191W	YGR275W
YGR214W	YML085C
YNL209W	YPL074W
YBL016W	YJL076W
YBR193C	YER022W
YDR159W	YMR153W
YDL015C	YPR028W
YGL031C	YLR441C
YDL063C	YDR381W
YIL095W	YOR329C
YKL049C	YOR361C
YIR010W	YKR008W
YER068W	YNL091W
YGR135W	YKL206C
YML035C	YNL307C
YDR510W	YHR196W
YLL067C	YNL255C
YAL024C	YLR044C
YGL105W	YIR010W
YER013W	YER172C
YDR381W	YLR455W
YFR019W	YLR386W
YHR197W	YKL006W
YFR014C	YPL203W
YDL098C	YML049C
YFL005W	YNR049C
YHL003C	YKL008C
YDR510W	YJR092W
YCR082W	YGR252W
YFR004W	YMR246W
YCR076C	YNL255C
YKR099W	YLR438C-A
YBR128C	YLR240W
YAL043C	YKL006W
YHR169W	YLR438W
YBL072C	YMR146C
YFR031C-A	YGL031C
YBR264C	YNL263C
YBR216C	YFR004W
YGL147C	YOL040C
YCR077C	YHR165C
YDL043C	YHR086W
YHR052W	YJL189W
YMR070W	YOL109W
YBR222C	YDL006W
YDL075W	YNL255C
YLL039C	YLR398C
YBR109C	YOL109W
YDL029W	YLL039C
YDR273W	YPL204W
YBL023C	YLR103C
YER165W	YLR293C
YDR354W	YLL039C
YER111C	YPL160W
YNL113W	YPR187W
YBL002W	YIR010W
YEL055C	YMR093W
YJR123W	YLR075W
YEL054C	YGL031C
YBR061C	YLL039C
YMR229C	YNL124W
YLL036C	YMR036C
YAL035W	YBR031W
YGL004C	YGL048C
YBR142W	YGR103W
YIR010W	YPR139C
YFR004W	YGL004C
YER064C	YLR370C
YGR040W	YLR304C
YDR288W	YEL019C
YCL009C	YGL116W
YFR004W	YPR108W
YER092W	YOR189W
YJR014W	YOR028C
YBR055C	YKL085W
YGL059W	YOR113W
YDR356W	YGR161C
YGR058W	YLL039C
YNL255C	YPL004C
YFL023W	YPL141C
YGL198W	YNL255C
YBR146W	YNL081C
YER048W-A	YGR192C
YFR037C	YML127W
YDR510W	YNL103W
YFR004W	YKL117W
YLR404W	YOR301W
YDL100C	YNL055C
YBL023C	YBR060C
YLR265C	YMR106C
YKL095W	YLL036C
YCR004C	YMR031C
YDR471W	YLR075W
YGR275W	YOL012C
YBR055C	YDR158W
YLR245C	YLR291C
YMR308C	YOR020C
YLR146C	YPR069C
YKL047W	YNL209W
YEL056W	YHR041C
YHR133C	YLR343W
YJL076W	YKL193C
YKL067W	YMR059W
YBL023C	YIR008C
YNL010W	YNL154C
YBR191W	YGR085C
YDL005C	YEL009C
YDR171W	YDR510W
YOR156C	YPL269W
YBL093C	YDL005C
YCR021C	YPR124W
YCR042C	YPR065W
YGR103W	YIL070C
YGR252W	YOL012C
YLL005C	YML075C
YDR394W	YER173W
YKL081W	YLL039C
YBL078C	YHR171W
YJR123W	YOR096W
YFL054C	YPL076W
YJR132W	YNL027W
YBR031W	YGR085C
YKL009W	YMR121C
YFR004W	YJL138C
YCR077C	YPR152C
YDL075W	YPR067W
YBR193C	YGL127C
YGL211W	YNL255C
YJR009C	YPL240C
YDL052C	YMR106C
YCL032W	YOR212W
YLR180W	YOL045W
YDR388W	YMR287C
YGR085C	YMR142C
YDR233C	YPL154C
YFR052W	YOR259C
YFR004W	YLR421C
YHR079C	YNL155W
YCR077C	YLL036C
YKL135C	YPR029C
YMR093W	YOR096W
YDL006W	YNR019W
YJL106W	YOR335C
YDL005C	YER022W
YDR378C	YHR165C
YDL017W	YEL030W
YBL072C	YHR169W
YER070W	YGR180C
YFR004W	YOR361C
YKL160W	YNL255C
YJL148W	YOR340C
YAL005C	YPL240C
YKR081C	YLR449W
YBR112C	YFR004W
YGL061C	YIR010W
YDR091C	YHR135C
YFR004W	YLR134W
YER172C	YPR182W
YLR180W	YPR010C
YJR135C	YMR198W
YML064C	YPL049C
YJR001W	YLL039C
YLR429W	YOR326W
YLR007W	YOL034W
YDR188W	YKL049C
YJL106W	YKR100C
YJL084C	YMR216C
YGL180W	YHR117W
YDL097C	YHR030C
YJL010C	YKL078W
YBR257W	YNL282W
YHR052W	YLR175W
YLR075W	YLR153C
YOR096W	YOR340C
YHL014C	YLR249W
YDR516C	YLL039C
YIL070C	YML054C
YLL039C	YMR282C
YBL072C	YPL131W
YLR249W	YNL255C
YDL042C	YDR227W
YBR133C	YLL039C
YDR181C	YKL212W
YGL115W	YKL193C
YBL079W	YHR135C
YBL023C	YMR048W
YDR510W	YGR178C
YBR086C	YDR510W
YGL151W	YMR112C
YLR291C	YLR423C
YDR418W	YGL147C
YKR010C	YOL006C
YDL186W	YNL307C
YML075C	YOL013C
YCL034W	YHR016C
YFR031C-A	YGR085C
YGR232W	YIL075C
YLL023C	YMR129W
YGL048C	YNL250W
YIR010W	YPL004C
YJL039C	YMR153W
YAL005C	YDR356W
YGR092W	YKR080W
YBL003C	YDR510W
YDR335W	YLL039C
YLR127C	YOL133W
YBR295W	YLL039C
YDR129C	YIL034C
YOL012C	YOL054W
YMR146C	YPR086W
YJR066W	YOL126C
YNL157W	YNL209W
YDR471W	YLR441C
YHR086W	YIL061C
YJR145C	YPL220W
YDR471W	YLR287C-A
YPL240C	YPR135W
YNL255C	YNR001C
YDR381W	YHR216W
YDR251W	YGL206C
YIL062C	YNR035C
YBR183W	YFL048C
YDR510W	YPR010C
YGR135W	YKR095W
YGR092W	YLR438W
YAL024C	YCL009C
YDR394W	YER171W
YBR234C	YIL034C
YDL140C	YGL043W
YIL118W	YOR061W
YGR124W	YOR117W
YNL307C	YOL091W
YKR010C	YNL030W
YIR035C	YNL232W
YDL076C	YDR207C
YHR005C-A	YOR297C
YER177W	YGL115W
YDR471W	YMR031C
YLR268W	YNL237W
YBL076C	YLL039C
YLL039C	YOR160W
YFL048C	YNL287W
YHR135C	YMR140W
YBR041W	YDL052C
YDR188W	YGR192C
YGR103W	YHR052W
YPL210C	YPL240C
YDL112W	YNL307C
YFR014C	YIL065C
YDR520C	YGR261C
YDR412W	YOR234C
YDR258C	YGL048C
YJL091C	YOL020W
YBL085W	YGL201C
YGL245W	YGR040W
YMR229C	YOR294W
YKL008C	YKL174C
YBR072W	YMR236W
YEL056W	YOL054W
YCR073W-A	YNL154C
YAL038W	YDR192C
YGL048C	YJR145C
YER154W	YPL173W
YGR128C	YJR002W
YJL187C	YKL042W
YMR203W	YNL070W
YBR194W	YOR153W
YDR335W	YGR128C
YMR306W	YPR128C
YDL053C	YNL157W
YBR211C	YOL054W
YDL131W	YDR510W
YIR010W	YJR063W
YBR055C	YEL034W
YGL201C	YGR097W
YBR194W	YLL036C
YDR381W	YLR002C
YGL127C	YOL135C
YFL033C	YLR263W
YGL172W	YNL086W
YDL239C	YDR176W
YJR123W	YPL220W
YJR002W	YKL078W
YDL194W	YDR277C
YCR021C	YOR273C
YBL099W	YPL078C
YPR135W	YPR164W
YDL105W	YDR288W
YLL036C	YLR117C
YGR103W	YPR143W
YGR135W	YMR314W
YGR040W	YJR070C
YDR343C	YLR019W
YFR004W	YNL250W
YDL029W	YIR006C
YJR007W	YPR041W
YMR284W	YPL078C
YAR002W	YNL255C
YPL126W	YPL266W
YFL002C	YKL009W
YDR073W	YPR034W
YBL076C	YBR109C
YER125W	YJL025W
YLR175W	YNL227C
YBR253W	YDL005C
YKL024C	YOL013C
YDR412W	YMR121C
YDR496C	YGL173C
YER162C	YLR167W
YDR510W	YLR029C
YLL039C	YPL036W
YKL081W	YPL226W
YEL054C	YKL009W
YJR148W	YNL209W
YGL151W	YNL025C
YAR027W	YJL093C
YHR169W	YPL226W
YIL127C	YNL255C
YML064C	YPR182W
YHR007C	YKR050W
YLR407W	YOR061W
YDL029W	YJL014W
YER006W	YPR043W
YDR483W	YFR004W
YGR112W	YNL052W
YJR009C	YPR164W
YBR055C	YDR381W
YER006W	YPL240C
YHR135C	YNL093W
YBR175W	YJR009C
YGR104C	YPR086W
YKL065C	YPL076W
YHR188C	YIL088C
YIR010W	YLR029C
YDR510W	YOL135C
YAL030W	YLL039C
YBR172C	YGL173C
YDR510W	YGR280C
YEL034W	YHR068W
YMR216C	YOR078W
YDR388W	YGR058W
YFR004W	YHR174W
YFL039C	YNL059C
YLR449W	YNL030W
YDR510W	YLR248W
YMR205C	YOL045W
YAL005C	YPR163C
YGL134W	YJL137C
YBR109C	YJL187C
YDL006W	YNL307C
YEL002C	YOR085W
YGR184C	YML051W
YAL027W	YLR044C
YDR174W	YDR176W
YGR255C	YLR201C
YFR004W	YGR214W
YIL019W	YOR078W
YBR193C	YHR058C
YDL137W	YNL255C
YDR159W	YKL186C
YDL193W	YLR293C
YAR019C	YJR047C
YBR194W	YOR361C
YGR130C	YGR192C
YDR135C	YPR115W
YDR022C	YGL180W
YOL041C	YOR080W
YLR287C-A	YOL040C
YDR423C	YNL255C
YDR273W	YFR052W
YIR010W	YOR369C
YEL009C	YGL112C
YDR362C	YOR110W
YMR059W	YPL004C
YGL151W	YPR168W
YDR388W	YOR204W
YKL138C	YNL255C
YAL032C	YDR482C
YPL026C	YPL171C
YLL039C	YMR296C
YDR247W	YGR097W
YKL082C	YML109W
YGL127C	YHR041C
YER068W	YGR134W
YCR021C	YHR001W
YHR179W	YPL204W
YKR048C	YPL141C
YPL246C	YPR105C
YLR249W	YOL145C
YJR045C	YNL157W
YFR004W	YJR009C
YLL039C	YOR231W
YBR194W	YKL152C
YGL201C	YMR109W
YBR060C	YGL086W
YFR004W	YKR001C
YBR155W	YDR216W
YFR052W	YMR048W
YGR040W	YNR006W
YDL029W	YFR004W
YGR284C	YPL076W
YBL016W	YJR014W
YFL023W	YGR040W
YLL039C	YPR035W
YHR117W	YHR135C
YJL137C	YPR034W
YIL115C	YMR235C
YJR009C	YOL013C
YGR135W	YOR157C
YCR066W	YOR368W
YLL036C	YOR204W
YDL134C	YOR386W
YGL115W	YLR291C
YKL181W	YOR231W
YKR024C	YOR204W
YDR359C	YFL024C
YER006W	YFL002C
YER059W	YJL084C
YDL098C	YNL255C
YDL101C	YDR030C
YER067W	YLL039C
YMR215W	YPL227C
YDL140C	YOL018C
YFR004W	YJL034W
YHR088W	YLR002C
YGL244W	YKL049C
YGL079W	YJL187C
YGR207C	YIL108W
YGR001C	YNL307C
YDL134C	YLL039C
YFL062W	YHR007C
YER041W	YLR449W
YLL039C	YOR080W
YBL091C	YGR142W
YHR007C	YNL070W
YBL023C	YLR274W
YJR082C	YPL204W
YIR006C	YOR329C
YER128W	YPR173C
YKL206C	YOR157C
YCR012W	YGR192C
YBR142W	YPL249C-A
YFL038C	YNL255C
YAL035W	YER036C
YDL097C	YOR259C
YHR079C	YLR361C
YDR510W	YJL187C
YBR229C	YML067C
YFL036W	YJL034W
YER012W	YGR135W
YFL038C	YPL246C
YGL005C	YPR105C
YFR014C	YLR060W
YKL049C	YOR326W
YJR123W	YPL131W
YBR031W	YNL055C
YER013W	YLR116W
YBR155W	YDR463W
YDR510W	YER154W
YJL141C	YML078W
YIR006C	YPR152C
YJR119C	YMR216C
YGR021W	YOR231W
YER164W	YKR081C
YBR088C	YDR092W
YDR123C	YML051W
YFL034W	YKL135C
YDR510W	YGR192C
YOR117W	YPL231W
YOL041C	YOL077C
YDR188W	YFR004W
YCR030C	YPL058C
YIR017C	YPR086W
YIR010W	YML074C
YFR004W	YHR042W
YAL009W	YGL059W
YDR510W	YPR143W
YDL047W	YIL061C
YMR273C	YNL255C
YOL076W	YOR063W
YBR031W	YDL075W
YCR088W	YPL204W
YHR196W	YPL126W
YBR109C	YLL050C
YAL005C	YKL139W
YER124C	YOR212W
YLL039C	YMR171C
YHR135C	YPL169C
YIL091C	YJR119C
YJR076C	YPL161C
YLR274W	YMR109W
YLL039C	YLR359W
YER125W	YFL039C
YDL140C	YMR223W
YCL059C	YPR102C
YPL264C	YPR028W
YDR497C	YER125W
YDR224C	YML034W
YDL005C	YDR308C
YLL050C	YMR092C
YFR004W	YGL125W
YFR004W	YMR235C
YFR004W	YML106W
YBL002W	YLR133W
YDR288W	YNL124W
YER103W	YLL039C
YOR061W	YOR361C
YGR120C	YPL077C
YNL030W	YNL255C
YDR323C	YOR089C
YDL006W	YML100W
YKR065C	YLL039C
YMR181C	YPR105C
YCR021C	YPL189W
YCL009C	YGR092W
YOL021C	YOR076C
YER125W	YGR186W
YMR036C	YOR061W
YKL008C	YKL065C
YDR101C	YKR081C
YDR176W	YOL148C
YEL064C	YLL039C
YGR295C	YHR007C
YER177W	YNL076W
YDR343C	YKL193C
YBR114W	YGR003W
YER125W	YMR140W
YJR063W	YNL113W
YAR019C	YDL047W
YBL093C	YBR253W
YLL039C	YPL131W
YDR247W	YER183C
YML029W	YOL013C
YML054C	YNL255C
YCR063W	YPR152C
YPL144W	YPR103W
YMR229C	YPR152C
YDR381W	YLR333C
YLR216C	YOR220W
YDR170C	YLR148W
YFR004W	YHR190W
YDR169C	YGL180W
YHR142W	YOR316C
YBR106W	YCR098C
YIL062C	YNL138W
YGR052W	YPR010C
YDL067C	YGL187C
YJR002W	YLR186W
YJL001W	YLR386W
YGR238C	YML064C
YKL048C	YML064C
YDL160C	YFR004W
YER122C	YJL187C
YBL003C	YKL139W
YDL190C	YER162C
YBR104W	YNL255C
YDR172W	YOR176W
YNL287W	YPL246C
YGR245C	YKR048C
YNL022C	YNL154C
YJL057C	YPR168W
YFL045C	YFR004W
YDR412W	YGR103W
YDR116C	YNL252C
YHR174W	YLL039C
Q0085	YLR203C
YNL136W	YNL255C
YDR122W	YGR001C
YML069W	YNL255C
YBR287W	YLL039C
YER165W	YLR175W
YDR334W	YLL036C
YDR313C	YLR083C
YAR019C	YOR231W
YKL085W	YPL111W
YNL024C	YNL255C
YJR002W	YJR145C
YLR168C	YPR024W
YAL053W	YMR307W
YMR213W	YPL064C
YDL005C	YGL025C
YBR194W	YLR117C
YOR063W	YOR294W
YIR010W	YPL180W
YFL022C	YKL049C
YDL148C	YJR145C
YIL035C	YOR361C
YHR114W	YOR059C
YDR162C	YPL161C
YNL304W	YOR326W
YGL086W	YLR423C
YDL148C	YMR093W
YFL039C	YLR429W
YKL135C	YMR308C
YBL023C	YNL273W
YAL026C	YKL010C
YDR143C	YDR227W
YLR003C	YPL204W
YMR120C	YOR212W
YHR135C	YKL160W
YHR119W	YLR288C
YER006W	YIR010W
YEL017C-A	YMR299C
YIL035C	YMR049C
YBL045C	YGL187C
YCR012W	YKL060C
YEL053C	YPR051W
YDR388W	YIL039W
YFR014C	YNL227C
YDR386W	YER006W
YHL001W	YKL009W
YOR361C	YPR041W
YIL075C	YMR216C
YBR194W	YDR289C
YGR103W	YMR229C
YDR299W	YKL049C
YLL039C	YOL117W
YKL130C	YML056C
YEL034W	YMR284W
YDL140C	YDR301W
YGR252W	YKL062W
YLR291C	YOR260W
YMR240C	YOR093C
YDR386W	YOL041C
YIL149C	YMR284W
YIL019W	YLR186W
YDL084W	YMR314W
YDR364C	YMR125W
YDR233C	YLR018C
YDR388W	YGR268C
YER125W	YLR134W
YKL065C	YMR215W
YBR289W	YER162C
YGL043W	YGR252W
YDL140C	YNL025C
YGL048C	YPL004C
YBR274W	YPL171C
YJL010C	YPL126W
YDR510W	YKR008W
YLL039C	YOR035C
YIL036W	YIL070C
YDL140C	YJL140W
YBL003C	YKL014C
YKR048C	YNL162W
YGR085C	YLR029C
YHR135C	YJL105W
YJL111W	YMR028W
YBL002W	YHR118C
YAL044C	YLR239C
YKL010C	YLR304C
YBL078C	YHR135C
YJR066W	YPR124W
YDR174W	YIL013C
YJL039C	YMR129W
YBR105C	YLR259C
YMR241W	YNL255C
YDL191W	YHR013C
YLR448W	YNL255C
YDR316W	YJL187C
YBL072C	YBR247C
YDR412W	YGR245C
YGR104C	YOL005C
YDR192C	YML103C
YDR382W	YNL255C
YDL047W	YPL049C
YKL213C	YML013W
YDL149W	YPR041W
YER122C	YHR079C
YCR063W	YDL209C
YBL085W	YER032W
YHR196W	YIL019W
YMR231W	YNL304W
YKL125W	YLL039C
YFR004W	YLR175W
YDL085W	YOR076C
YJL138C	YLR249W
YLR268W	YOR311C
YBL003C	YIL035C
YER118C	YNL112W
YLR249W	YNL250W
YNL307C	YNR006W
YDR394W	YOR117W
YFR014C	YLL033W
YDR390C	YDR510W
YGL180W	YKL114C
YDL105W	YML023C
YBR221C	YMR308C
YER172C	YML049C
YDR101C	YKL068W
YBR183W	YML067C
YFR014C	YGL105W
YDR247W	YIL070C
YDR453C	YJL141C
YGL238W	YLL039C
YDR440W	YNL030W
YDR299W	YIL019W
YFL023W	YNL135C
YDL100C	YIL065C
YBR234C	YIL062C
YAL005C	YNL124W
YBR082C	YKL010C
YDR288W	YOR294W
YDR356W	YIL149C
YDR404C	YGR186W
YGL070C	YOR116C
YNL055C	YNL093W
YDL097C	YPR108W
YEL051W	YLR429W
YDR086C	YPL189W
YGL244W	YHR030C
YCR073W-A	YDR122W
YDL029W	YPR019W
YMR129W	YMR153W
YDR510W	YJR089W
YDR129C	YIL062C
YBL079W	YDL207W
YGL151W	YOL135C
YGR085C	YOR234C
YDR356W	YER129W
YLR291C	YMR095C
YIR010W	YPL018W
YAL005C	YOR110W
YDR510W	YNR035C
YGL180W	YGR021W
YGL143C	YOR260W
YDR227W	YNL216W
YBR173C	YGL011C
YMR224C	YOR005C
YLR288C	YMR159C
YMR039C	YNL124W
YDL055C	YJR109C
YBL030C	YDR529C
YIL035C	YPR010C
YIR035C	YNL255C
YKR048C	YMR110C
YGR263C	YMR263W
YDL116W	YNL118C
YBR241C	YDR264C
YLL039C	YPR183W
YDR172W	YER165W
YBL061C	YGL073W
YDL042C	YDR448W
YDL072C	YLL039C
YNL073W	YOL130W
YLR109W	YMR059W
YKR021W	YLL039C
YBR234C	YPL004C
YNR068C	YNR069C
YCR077C	YER165W
YBR040W	YFR004W
YDL098C	YHR165C
YBL011W	YHR135C
YIL027C	YJL148W
YDR453C	YMR106C
YDR212W	YPL180W
YGR157W	YHR007C
YCR075C	YFR014C
YKL139W	YML112W
YLR424W	YPL151C
YML069W	YPR019W
YKL049C	YOL145C
YLR369W	YMR049C
YIL061C	YOR159C
YOL135C	YPL240C
YER122C	YFL048C
YLR119W	YLR417W
YBR289W	YDR073W
YDL193W	YLL039C
YLR427W	YML056C
YNR043W	YOR117W
YFR004W	YJR065C
YML056C	YOL077C
YGL134W	YNL307C
YHR135C	YNL227C
YDL005C	YMR112C
YNL255C	YOR078W
YGL048C	YOR261C
YDR174W	YMR229C
YDR407C	YJL044C
YER006W	YGR103W
YCL011C	YKL139W
YLL039C	YOR354C
YGL180W	YNL165W
YBR107C	YDR421W
YIL062C	YJR065C
YBL003C	YOL059W
YBL072C	YDR471W
YHR020W	YNL272C
YAL062W	YLL039C
YDR510W	YMR241W
YFL005W	YOL112W
YDR388W	YMR308C
YLL036C	YPR182W
YBL072C	YLR192C
YGR156W	YPL008W
YBL003C	YIL076W
YDR434W	YML085C
YML035C	YNL154C
YOR207C	YOR231W
YOR361C	YPL151C
YFR004W	YIL108W
YAL005C	YLR180W
YDL149W	YPR049C
YBR274W	YPR010C
YBL025W	YNL255C
YBL010C	YKL193C
YKL088W	YOR061W
YGL180W	YHL013C
YFR009W	YKL049C
YJL141C	YMR304W
YDL140C	YDR289C
YDR129C	YLL039C
YJL062W	YKL146W
YIR010W	YMR146C
YDR510W	YMR033W
YHR030C	YHR179W
YNL154C	YPR198W
YDL002C	YFR037C
YDR471W	YMR142C
YCL043C	YIR037W
YLR249W	YPR173C
YGL161C	YLL039C
YDR170C	YGL238W
YGL059W	YJL070C
YJR101W	YLR423C
YDR100W	YPL246C
YOR117W	YOR259C
YER103W	YJR132W
YGL157W	YGL171W
YFL002C	YGR103W
YGR113W	YGR161C
YMR308C	YOR373W
YBR154C	YOR341W
YBR234C	YFR004W
YLL039C	YPR154W
YDR116C	YJL041W
YHR030C	YJL138C
YDR192C	YGR192C
YGR278W	YMR213W
YIL121W	YLL039C
YNL124W	YNL209W
YDR295C	YLR131C
YGL180W	YNR019W
YDR216W	YOL133W
YIL103W	YKL191W
YDR176W	YMR227C
YGL116W	YPL203W
YDL075W	YDR471W
YBR253W	YGL151W
YBR031W	YOR063W
YJR145C	YPL131W
YEL002C	YGR284C
YDR510W	YGR252W
YJL148W	YOR341W
YJR065C	YMR109W
YFL021W	YIR010W
YLR075W	YLR448W
YCL043C	YGR040W
YJR135C	YPL018W
YLL039C	YOR061W
YCR004C	YNL255C
YHR179W	YJR045C
YDR101C	YPR017C
YDR212W	YIR010W
YHR007C	YML008C
YDR212W	YPL049C
YOR197W	YOR361C
YAL062W	YAR071W
YCR086W	YOL020W
YCL035C	YPL240C
YBL064C	YFR014C
YER171W	YPR025C
YDR386W	YPL127C
YHR115C	YNL116W
YIL019W	YKL099C
YDR381W	YIR008C
YDL191W	YHR052W
YJL178C	YOR069W
YBL011W	YFR014C
YBR031W	YDR412W
YLR304C	YMR059W
YGR214W	YNL023C
YGL005C	YPL240C
YGR143W	YLL039C
YFL039C	YJL014W
YGR156W	YNL222W
YGR123C	YPR046W
YDR244W	YGL153W
YFR014C	YNL307C
YLL039C	YLR248W
YLR153C	YNL244C
YJR113C	YNR036C
YHR196W	YMR093W
YBR234C	YDR063W
YNL207W	YPR164W
YEL002C	YNL287W
Q0130	YER154W
YGR275W	YPR043W
YHR135C	YLR109W
YDR192C	YIL115C
YLL039C	YNR035C
YLL039C	YLR256W
YDL006W	YFR014C
YJL014W	YOR212W
YLR192C	YOR361C
YDR267C	YHR122W
YHR052W	YMR093W
YHR196W	YIL125W
YDR153C	YNL154C
YAL038W	YNL255C
YCR073W-A	YHR135C
YDR505C	YLL039C
YKL067W	YKL095W
YGL161C	YGL198W
YIL159W	YLL017W
YOL127W	YPR067W
YBR109C	YDR356W
YDL060W	YNL098C
YLR423C	YMR059W
YDR240C	YHR099W
YDR247W	YFR010W
YFR004W	YLR270W
YDL116W	YKL068W
YFR052W	YMR089C
YGR207C	YNR058W
YAL035W	YIR010W
YBR112C	YCR084C
YAL038W	YOR123C
YLR288C	YOR326W
YHR108W	YLL039C
YDR176W	YEL009C
YGR158C	YLR398C
YCR021C	YDR497C
YDR356W	YJL187C
YFL033C	YIL116W
YBL002W	YML069W
YDL056W	YLR182W
YAL032C	YER032W
YLL039C	YOR153W
YER043C	YFL028C
YIL093C	YNR036C
YER172C	YIR017C
YCR030C	YER166W
YKR097W	YML086C
YIL084C	YLR423C
YGL112C	YOL148C
YDL075W	YJR123W
YLL039C	YMR027W
YLR248W	YMR243C
YGL078C	YKL014C
YBR111C	YFR004W
YJR056C	YNL154C
YHR030C	YPR191W
YNL243W	YOR329C
YBR172C	YER068W
YBL016W	YPR139C
YEL051W	YLR028C
YKL130C	YNL023C
YFR004W	YKL001C
YDR510W	YGR256W
YHR072W	YKL094W
YNL154C	YOR078W
YJL148W	YNL113W
YHR135C	YNL027W
YDL134C	YHR114W
YNL209W	YOL077C
YDR510W	YLR060W
YGR186W	YKR062W
YJL141C	YLR241W
YBR055C	YDR378C
YEL012W	YMR291W
YBR114W	YMR201C
YJR145C	YOL127W
YGL116W	YKL022C
YHL001W	YIR010W
YCR034W	YMR215W
YBR289W	YIR010W
YDR101C	YER006W
YBR049C	YIR010W
YDL101C	YGL256W
YGL180W	YKL042W
YAL005C	YOL033W
YDR540C	YGL180W
YCR011C	YPR079W
YLL039C	YLR441C
YGL011C	YPR103W
YBR031W	YKL009W
YJL029C	YOL018C
YKL139W	YMR041C
YOL041C	YPL141C
YBR055C	YNL154C
YAL035W	YLR427W
YDR150W	YLR084C
YDR207C	YMR042W
YDL097C	YGL095C
YGR092W	YLR007W
YDL160C	YDR170C
YGL078C	YLL039C
YJL057C	YOR335C
YGL105W	YLR247C
YOL145C	YOR326W
YDR473C	YMR240C
YDL209C	YPL151C
YKL166C	YNL263C
YDR192C	YKL068W
YFR004W	YOR369C
YOL012C	YPL240C
YNL307C	YNR047W
YBL010C	YPR046W
YBL016W	YLR003C
YLR119W	YMR235C
YDR482C	YKR022C
YDR270W	YGL105W
YJL044C	YMR218C
YFR004W	YLR259C
YGR040W	YPR010C
YBL022C	YGR132C
YGR040W	YNL288W
YER022W	YNR010W
YCR102C	YNL134C
YGL005C	YGL223C
YLL036C	YOR369C
YGR048W	YOL013C
YJR135C	YLR241W
YAL005C	YLR384C
YHR001W	YLL039C
YLR075W	YOL127W
YBR102C	YKL130C
YKL182W	YLR180W
YBL036C	YDR342C
YFR014C	YLR307W
YER086W	YJR009C
YMR229C	YNL299W
YHR197W	YPL131W
YMR216C	YPR042C
YBL076C	YDL100C
YDR330W	YNL307C
YBL058W	YDL190C
YDR510W	YIL056W
YFL039C	YNL136W
YNL113W	YNL151C
YGR092W	YNL085W
YGL206C	YKL049C
YBR055C	YLR438C-A
YGL098W	YNL258C
YIR010W	YKR001C
YBR085W	YLL039C
YGR080W	YIL034C
YDL042C	YDR216W
YGR192C	YMR109W
YNL255C	YOR304W
YIL010W	YKL117W
YER162C	YMR201C
YGR179C	YJR135C
YLL039C	YNL134C
YGL245W	YPL026C
YDR300C	YHR164C
YJL069C	YOR090C
YFR004W	YOR117W
YNL063W	YNL255C
YER125W	YNR069C
YEL056W	YOR386W
YGL229C	YJL178C
YLL036C	YML056C
YNL255C	YNL274C
YDR091C	YLR441C
YLR429W	YMR240C
YBL016W	YBR083W
YLR105C	YMR059W
YHR157W	YMR133W
YJL052W	YML091C
YOR273C	YPL058C
YGL172W	YMR308C
YIL065C	YJR091C
YDR224C	YOR116C
YOR096W	YPL249C-A
YBR154C	YGR104C
YKL068W	YML103C
YDR361C	YHR022C
YCL025C	YKL008C
YAL009W	YLR342W
YDR022C	YLR423C
YFR004W	YOR341W
YDR188W	YLR441C
YDR174W	YOL012C
YNL255C	YOR116C
YAL043C	YDR301W
YGR200C	YJL140W
YJL138C	YJR140C
YFR004W	YPR028W
YOL054W	YPR046W
YML056C	YOR243C
YLR384C	YMR236W
YDL021W	YLL039C
YOL127W	YPL131W
YFL022C	YJL014W
YHR079C	YNR006W
YOR020C	YPL240C
YDR364C	YER172C
YNL255C	YPL099C
YBL011W	YBL016W
YDR224C	YOR304W
YMR041C	YOL128C
YDR150W	YNL207W
YLR343W	YPL076W
YKL049C	YKL182W
YER125W	YOR042W
YCR020W-B	YNL255C
YBL058W	YJR098C
YCL037C	YOR096W
YDR174W	YML064C
YJR109C	YMR106C
YIL095W	YNL243W
YFL054C	YGL180W
YML008C	YNL255C
YJR121W	YPR152C
YHL013C	YHR135C
YHR108W	YPR029C
YDR318W	YOL054W
YIR002C	YLR383W
YBL076C	YOR080W
YDR135C	YLL039C
YCR034W	YIL171W
YMR142C	YNL124W
YDR183W	YJL014W
YLR381W	YPL233W
YCL031C	YHR114W
YNL307C	YPL077C
YGL059W	YLR195C
YOR340C	YOR341W
YFR004W	YNL255C
YGR078C	YJL041W
YBR114W	YOL012C
YBR188C	YBR194W
YLL019C	YMR229C
YDR381W	YOR294W
YBR031W	YNL023C
YLR108C	YML102W
YFR004W	YMR109W
YDR510W	YFR037C
YDR335W	YER103W
YHR135C	YPL258C
YDL100C	YGL153W
YBL010C	YNL154C
YBR112C	YPL181W
YDR418W	YJR123W
YFL023W	YJR145C
YER044C	YHR007C
YLL036C	YMR240C
YGR104C	YLR071C
YBR194W	YOR227W
YER036C	YIR010W
YBL016W	YNL135C
YLR424W	YNL224C
YAL026C	YKL135C
YGR028W	YML086C
YFL048C	YKL065C
YFL054C	YFR014C
YER006W	YOL077C
YIR010W	YLR276C
YDL137W	YIL051C
YBR142W	YMR049C
YBR289W	YEL009C
YER177W	YFR014C
YJR066W	YMR028W
YGR112W	YOR065W
YLR448W	YOL040C
YER039C	YOR297C
YDL003W	YER147C
YJL036W	YLR423C
YLR455W	YOR064C
YBL037W	YJL084C
YDR091C	YMR142C
YKR081C	YNL255C
YDR472W	YML077W
YBL101C	YER125W
YGL092W	YMR153W
YHL024W	YJL106W
YDR330W	YGR048W
YKL181W	YOL061W
YEL043W	YLR293C
YLL039C	YOR171C
YGL070C	YGR104C
YBL002W	YKR001C
YDL075W	YOR096W
YBR214W	YFR040W
YFR004W	YLR109W
YCR084C	YEL030W
YDL053C	YDR207C
YIL019W	YMR093W
YDR414C	YNR026C
YIL095W	YNL287W
YKL212W	YMR296C
YHR041C	YNR010W
YLR320W	YNL209W
YKL129C	YOR035C
YGL173C	YKL198C
YKL140W	YPL204W
YEL037C	YER012W
YGR142W	YMR021C
YGL048C	YKL049C
YIL035C	YJR144W
YGL031C	YLR075W
YBR058C	YMR304W
YNL255C	YOR123C
YOL012C	YOR189W
YBL036C	YGL216W
YBL031W	YGL061C
YER044C	YHR190W
YCR021C	YDR011W
YKL049C	YPL240C
YGL189C	YHR052W
YGR178C	YNL124W
YBR087W	YHR191C
YNL125C	YPL076W
YFR043C	YLR170C
YDR299W	YNL154C
YGL180W	YJL148W
YBL016W	YNL293W
YDR168W	YKL139W
YFR004W	YJL111W
YNL148C	YNL255C
YGL180W	YLL019C
YER122C	YLR248W
YJL014W	YNL155W
YDR312W	YOR080W
YIR011C	YPL240C
YDR479C	YML125C
YCL025C	YGR284C
YFR031C-A	YLR075W
YDR180W	YIL026C
YFR037C	YOR304W
YBR142W	YPR152C
YBR194W	YER177W
YDR012W	YGL147C
YBL079W	YDR192C
YHR060W	YPL019C
YFR001W	YKL082C
YBL105C	YOR231W
YHR052W	YKR081C
YGL225W	YHR114W
YBL003C	YDL019C
YHR069C	YNL232W
YGR284C	YIL027C
YGR092W	YJL076W
YIL109C	YOL130W
YDR091C	YOR117W
YDL140C	YPL228W
YDR510W	YPR187W
YJR135C	YLR381W
YOR116C	YPR187W
YKL213C	YNR006W
YGR280C	YNL207W
YHL035C	YIL035C
YCR042C	YPL075W
YKL009W	YLR075W
YAR027W	YEL041W
YER177W	YKL182W
YDR422C	YDR516C
YDL130W	YDR412W
YAR035W	YER024W
YBR234C	YDR129C
YKL046C	YLL039C
YDL047W	YKL139W
YIR010W	YML127W
YFL048C	YGR284C
YBR176W	YML064C
YDR100W	YOR069W
YAL005C	YGL206C
YKL012W	YLR117C
YPL004C	YPL155C
YJL140W	YLR192C
YMR059W	YPL037C
YDR256C	YGR040W
YBL023C	YDR122W
YAL005C	YBR101C
YDR482C	YKR086W
YDL042C	YOR341W
YCL011C	YOR204W
YDR216W	YGR052W
YKL159C	YNL255C
YER177W	YPR115W
YBL003C	YPL127C
YBL085W	YGR052W
YDR388W	YMR093W
YDL101C	YGR130C
YDR510W	YGR056W
YIL009W	YPL058C
YKL078W	YLR175W
YLR083C	YOL137W
YMR236W	YNL172W
YFR014C	YKR074W
YIR010W	YML056C
YDL060W	YPL266W
YGL141W	YIL075C
YBR182C	YLR423C
YFL005W	YOL147C
YHR135C	YJL138C
YHR098C	YPL246C
YGR116W	YLR199C
YGL180W	YIL156W
YGR067C	YGR103W
YDL056W	YNL154C
YBR129C	YNL255C
YNL073W	YNL154C
YCR077C	YDR473C
YDR091C	YEL054C
YOR340C	YPR187W
YIR010W	YNL075W
YFR014C	YJR129C
YLR274W	YNL273W
YKR079C	YNL154C
YDR471W	YGL031C
YFR031C-A	YGR103W
YGR092W	YPR091C
YFR004W	YPR163C
YKL088W	YOR039W
YGL061C	YMR308C
YIL061C	YML049C
YBR188C	YLL036C
YPL126W	YPR144C
YJL048C	YKL130C
YBR276C	YLR359W
YBL023C	YDL017W
YBR207W	YPR036W
YDL020C	YPR103W
YGL092W	YGL172W
YBR167C	YGR030C
YEL037C	YER162C
YER122C	YNL287W
YDR412W	YGL173C
YDR251W	YLL039C
YGR275W	YJL014W
YDR216W	YGR252W
YDR170C	YHR020W
YIL009W	YPL141C
YJL138C	YLR429W
YGL043W	YGL070C
YLR441C	YOL040C
YKL135C	YOR063W
YNL101W	YNL154C
YCL011C	YLL019C
YDR001C	YFR004W
YBR253W	YDL140C
YKL152C	YLR153C
YDL097C	YOR117W
YGL104C	YIL016W
YOR191W	YPR154W
YHR104W	YOL045W
YMR033W	YNR023W
YBR207W	YEL022W
YER012W	YIL075C
YLR321C	YMR033W
YGR200C	YLL039C
YMR196W	YNR031C
YMR191W	YPR108W
YGR128C	YHR196W
YCR084C	YLR071C
YGR179C	YPL233W
YDL035C	YPL268W
YBR267W	YKR048C
YFL045C	YML085C
YJR045C	YNL310C
YBR058C	YCR073W-A
YEL018W	YNL255C
YDL132W	YOR057W
YDR159W	YKL068W
YLL039C	YLR380W
YKL049C	YPL233W
YML086C	YMR300C
YCL008C	YPL065W
YAR027W	YNL125C
YDL098C	YDR378C
YLR342W	YNL020C
YDR167W	YOL135C
YLL039C	YLR386W
YDL060W	YJL010C
YHR179W	YOL013C
YDR448W	YPL077C
YDR479C	YLR082C
YFR014C	YNL272C
YDR170C	YIL109C
YBR194W	YPR024W
YGL233W	YPL240C
YCR088W	YDR342C
YPL069C	YPL240C
YBL093C	YPR168W
YCL017C	YOR251C
YBR049C	YER009W
YHL024W	YPL203W
YKR081C	YOL077C
YDR171W	YFL037W
YLR075W	YPL220W
YBR041W	YMR152W
YDL132W	YOR080W
YDR260C	YLR127C
YNL255C	YOL054W
YAL024C	YNL085W
YLR429W	YNL073W
YAR002W	YJL041W
YBR107C	YOL091W
YIL009W	YLL039C
YHR135C	YML035C
YBL085W	YDR085C
YBL072C	YCL037C
YBL025W	YDR247W
YGL180W	YOR204W
YHR165C	YMR240C
YPL004C	YPL074W
YGR027C	YIL095W
YLR199C	YPL004C
YEL053C	YOR032C
YBL016W	YLR310C
YLL050C	YML064C
YDR200C	YLR238W
YDL098C	YER172C
YER028C	YPL240C
YGL059W	YNL074C
YMR194W	YOR063W
YGL126W	YPL161C
YIL076W	YNL055C
YKL014C	YOR080W
YFR001W	YLR449W
YCR088W	YDR510W
YDR159W	YPL169C
YDR471W	YDR510W
YKL156W	YLL039C
YBR173C	YER012W
YFR004W	YLR075W
YBR106W	YHR094C
YEL058W	YLL039C
YDR141C	YPL037C
YKL080W	YML064C
YLR291C	YNL044W
YDL019C	YHR135C
YLL039C	YPL122C
YGR082W	YOR039W
YDR381W	YGL173C
YBR194W	YNL255C
YIL103W	YOL109W
YBR172C	YKL049C
YMR213W	YPL151C
YGR200C	YKL049C
YDR224C	YMR284W
YKL144C	YOR207C
YDR123C	YOL108C
YFR004W	YJR121W
YGR179C	YNL255C
YBR049C	YJR145C
YGL061C	YKL052C
YGR275W	YHR097C
YDR116C	YDR322W
YBL002W	YDL156W
YHL001W	YPL220W
YER164W	YKR001C
YML133C	YNL255C
YGR083C	YOR260W
YDL015C	YKL182W
YLR394W	YMR224C
YCR086W	YML034W
YFL002C	YPL131W
YAL038W	YFR004W
YOR117W	YOR340C
YOR204W	YPR041W
YCR086W	YLR117C
YFL037W	YOR117W
YER165W	YIL061C
YLR453C	YNL216W
YBL003C	YJR082C
YCR077C	YER068W
YGR113W	YJL036W
YLR175W	YLR233C
YDR418W	YOR063W
YHR020W	YOR117W
YDR347W	YIL093C
YIL139C	YPL167C
YDL065C	YDR265W
YBR154C	YJL140W
YOR348C	YPL240C
YDL065C	YLR071C
YBR207W	YER166W
YLR065C	YNL255C
YDR299W	YJL010C
YHR068W	YPR095C
YGL180W	YPR115W
YDR214W	YHR030C
YBR222C	YER125W
YJR006W	YNL218W
YJL019W	YPL200W
YDL043C	YKL155C
YDR394W	YOR259C
YGL237C	YPR085C
YDR212W	YFR004W
YFR011C	YNL255C
YER164W	YOR319W
YDL140C	YGL058W
YPL151C	YPR152C
YDR357C	YLR423C
YAL038W	YJL039C
YHR102W	YNL267W
YCL025C	YMR215W
YDR077W	YLR075W
YHL013C	YNL255C
YBR193C	YNR010W
YHR007C	YNL101W
YKL143W	YPL239W
YPL231W	YPR152C
YML102W	YNL206C
YGL245W	YPL144W
YER100W	YFL038C
YKL049C	YML075C
YFR004W	YHL001W
YHR148W	YNL075W
YLR103C	YMR043W
YGR261C	YLR330W
YDR471W	YOR096W
YMR191W	YOR117W
YKL048C	YMR235C
YGR135W	YPL144W
YGL086W	YIL149C
YNL135C	YOR319W
YBR088C	YIL035C
YDR057W	YDR411C
YLR119W	YPL065W
YKR081C	YPL141C
YBR072W	YDL239C
YER036C	YHR079C
YNL307C	YPL240C
YLR175W	YMR031C
YGL025C	YGR104C
YDR473C	YOR159C
YKL060C	YOR116C
YFR004W	YGR192C
YDR172W	YIR010W
YKR008W	YLL039C
YGR130C	YNR029C
YDL101C	YLR098C
YGR103W	YMR049C
YCL067C	YCR097W
YHR165C	YLR133W
YAL015C	YMR146C
YDR159W	YIL034C
YCR073W-A	YNL307C
YDR422C	YER162C
YGL153W	YPR105C
YLR075W	YMR142C
YDL029W	YNR035C
YLR117C	YNL255C
YBR279W	YHR030C
YDR335W	YKL068W
YGL098W	YHR030C
YCL037C	YPL131W
YDL042C	YMR307W
YJR062C	YKL085W
YHR197W	YKR081C
YFR004W	YOR283W
YDR389W	YJR091C
YDL029W	YDR260C
YIR010W	YPR034W
YGL211W	YNL119W
YLR424W	YPL018W
YLR417W	YPL065W
YDR510W	YOR191W
YDR418W	YOL127W
YAL032C	YNL243W
YBR072W	YOR267C
YOL127W	YOR096W
YOL117W	YOR361C
YCL037C	YLR256W
YIL070C	YML085C
YDL209C	YER013W
YLR148W	YML001W
YBL002W	YDL042C
YKL012W	YML046W
YDL006W	YDR167W
YBL003C	YDL051W
YDR386W	YMR226C
YDR510W	YOR194C
YGL129C	YJR113C
YGR165W	YIL070C
YDR207C	YKL185W
YEL034W	YOL059W
YJR145C	YLL039C
YER177W	YPL231W
YDR182W	YLL039C
YHR083W	YNL070W
YER012W	YMR314W
YBR108W	YGR092W
YHR135C	YPL071C
YJL039C	YPL169C
YBR088C	YHR031C
YKL206C	YLR199C
YGR126W	YNL154C
YIL039W	YLR429W
YLR438C-A	YMR142C
YJL089W	YKL139W
YFR010W	YFR052W
YKL190W	YOR315W
YFL025C	YLR083C
YDR383C	YML051W
YBR146W	YGR165W
YDL148C	YLL039C
YHR088W	YJR132W
YGL150C	YOR355W
YDR240C	YIL061C
YDL047W	YJL111W
YJR045C	YKL049C
YGL147C	YNL255C
YER044C	YHR072W
YLR084C	YOR301W
YDR006C	YOR117W
YDL075W	YOR063W
YDR427W	YGL201C
YLR247C	YOR028C
YHR135C	YKL121W
YKL201C	YNL255C
YBL003C	YLR175W
YBR031W	YLR441C
YHR135C	YOR070C
YBL058W	YDR388W
YDR448W	YGL112C
YCR012W	YPR152C
YDR170C	YKL049C
YDR335W	YLR293C
YML069W	YML107C
YLR175W	YMR142C
YNL255C	YPL271W
YDL072C	YML029W
YMR154C	YOR110W
YDR224C	YJR145C
YGR092W	YNL155W
YGR003W	YOL133W
YLL039C	YLR270W
YDR347W	YJR113C
YDL047W	YMR028W
YAL043C	YBL101C
YFL016C	YNL255C
YDL042C	YMR049C
YGR129W	YLR424W
YGR129W	YKR086W
YLL039C	YOR089C
YHR197W	YPR102C
YAL043C	YHR135C
YML096W	YPL026C
YBR202W	YMR043W
YER144C	YIL095W
YGL059W	YGR008C
YDR227W	YLR278C
YDR233C	YKR010C
YDL065C	YPL204W
YHL001W	YNL124W
YBL016W	YGR237C
YGR097W	YNL207W
YDL075W	YOL127W
YDR172W	YNL251C
YFL037W	YGR155W
YGL209W	YJL187C
YDR043C	YHL027W
YDL207W	YPL169C
YGL104C	YPR028W
YIL115C	YMR153W
YBR041W	YKL094W
YBR108W	YLR438C-A
YDR388W	YOR284W
YGL229C	YNL076W
YEL055C	YPL126W
YDR412W	YDR418W
YNL091W	YNL288W
YKL130C	YMR003W
YDR473C	YLR423C
YAL024C	YDR516C
YER128W	YLR181C
YGL040C	YLL039C
YLL039C	YOL137W
YAL026C	YJL042W
YNL064C	YPL233W
YNL307C	YOL130W
YIL061C	YMR125W
YGL116W	YPR007C
YBL093C	YMR112C
YER118C	YOR311C
YGL059W	YGR038W
YDR101C	YGR103W
YGR275W	YLR357W
YHL050C	YNL255C
YGR085C	YNL112W
YLR359W	YOR361C
YCR086W	YGR126W
YLR448W	YPR143W
YBR023C	YLL039C
YGR261C	YLR423C
YFL037W	YNL223W
YDL029W	YLR429W
YNL044W	YNL304W
YDR510W	YER165W
YBL072C	YNL207W
YBR060C	YER165W
YJL039C	YLR018C
YJR076C	YOR156C
YNL273W	YOL006C
YML086C	YPL004C
YLR007W	YNL255C
YER172C	YPL105C
YMR314W	YPL144W
YAR027W	YLR018C
YDR510W	YPL075W
YDR227W	YNL030W
YBR086C	YKL212W
YPL162C	YPR079W
YJL140W	YOL005C
YMR216C	YNL277W
YGL242C	YKR099W
YML001W	YOR070C
YGR252W	YHR079C
YJL123C	YOL109W
YBR194W	YKL060C
YJR082C	YOL061W
YBR097W	YPL120W
YLR211C	YLR446W
YOR361C	YPL001W
YOR057W	YPL191C
YEL018W	YHR099W
YDL131W	YPL240C
YHL001W	YMR194W
YGR158C	YOL021C
YGR214W	YLL036C
YAL005C	YCL037C
YMR114C	YNL255C
YHR060W	YNL255C
YER172C	YGR075C
YNL293W	YOR089C
YGL011C	YHR052W
YDL190C	YLL039C
YHR042W	YLL039C
YER012W	YMR276W
YDR167W	YMR236W
YBL003C	YDR496C
YDL055C	YLR048W
YGL256W	YNL244C
Q0130	YLR203C
YKL049C	YNL118C
YBR109C	YLR212C
YBL023C	YNL307C
YCR063W	YHR165C
YCR012W	YDR378C
YFR004W	YGR232W
YDL209C	YKL095W
YHR196W	YKL049C
YHR197W	YMR229C
YGR252W	YKR008W
YGL180W	YNL125C
YDR240C	YMR125W
YHR102W	YOR353C
YHR079C	YPR091C
YHR157W	YOR231W
YDR381W	YLR085C
YGR040W	YHR001W
YCL037C	YGL173C
YOR273C	YPL004C
YAL009W	YHR004C
YGL180W	YOR078W
YBR041W	YKL140W
YDL055C	YLR180W
YDR043C	YIL035C
YBL036C	YDR343C
YGL244W	YLR249W
YOR063W	YPR154W
YKL146W	YPL026C
YDL204W	YNL154C
YJL041W	YPL240C
YAL005C	YLL039C
YFR052W	YMR276W
YJL036W	YOR057W
YDR208W	YGL180W
YDR361C	YJR056C
YGR048W	YPL269W
YNL080C	YNL154C
YFR001W	YPL204W
YJL187C	YKL121W
YFL017C	YMR117C
YJR007W	YMR146C
YLL039C	YMR276W
YAL032C	YML103C
YKL186C	YMR125W
YDR299W	YNL255C
YIR010W	YKL006W
YMR087W	YNL135C
YDR510W	YLR044C
YNL263C	YPR028W
YDL043C	YHR165C
YHR030C	YOL145C
YDL165W	YNL025C
YHR133C	YNL279W
YBR270C	YMR236W
YHR079C	YNL065W
YKR081C	YOR267C
YNL255C	YPL220W
YLR439W	YNL252C
YDR381W	YLR022C
YHR022C	YOR032C
YIR008C	YPR019W
YDL209C	YGL174W
YGL059W	YKR048C
YDR510W	YMR233W
YDR123C	YKL135C
YHR058C	YLR071C
YBL002W	YGR067C
YLR287C-A	YLR441C
YGR130C	YJL106W
YDR264C	YOR036W
YNL030W	YOR064C
YBL076C	YDR510W
YCR088W	YLR429W
YBL010C	YPL018W
YJR145C	YOR096W
YJR007W	YOR260W
YFR004W	YPL111W
YFR014C	YOR271C
YBL003C	YJR145C
YFR001W	YHR052W
YDL065C	YDR244W
YLR424W	YMR229C
YBL016W	YLR259C
YNL255C	YOR042W
YFL022C	YLR293C
YBR182C	YKL062W
YDR388W	YNL243W
YBR109C	YKL122C
YDR381W	YPL227C
YGL105W	YGR040W
YCL011C	YIR010W
YBR207W	YOR316C
YBR031W	YOL061W
YDR002W	YFR004W
YDR497C	YPL058C
YHR119W	YIL112W
YDR510W	YPR183W
YDR101C	YLR449W
YKL160W	YOR039W
YDR092W	YHR115C
YDR176W	YPR008W
YDR399W	YLL039C
YDR153C	YOR036W
YJR123W	YOL040C
YJL187C	YKR079C
YLR145W	YNL255C
YML074C	YNL255C
YDR386W	YLL039C
YDR383C	YJL057C
YDR482C	YER013W
YEL055C	YOR294W
YLR029C	YPL220W
YLR325C	YOL127W
YIR017C	YLR423C
YDR412W	YKL009W
YJR057W	YMR270C
YLR186W	YLR438W
YER172C	YKR086W
YER177W	YNL209W
YGL180W	YOR239W
YBL078C	YGL180W
YDR425W	YGL198W
YGL245W	YNL307C
YDL140C	YDR448W
YBR207W	YJL178C
YFL036W	YJR045C
YDR188W	YNL209W
YBR289W	YDR510W
YGR085C	YIR010W
YGL245W	YPR010C
YLL011W	YMR093W
YJL001W	YMR314W
YHR135C	YJR092W
YDR343C	YGR040W
YKR001C	YMR033W
YER165W	YER172C
YJL141C	YOL133W
YGL112C	YOL072W
YFR040W	YMR120C
YBR154C	YER125W
YGR040W	YNR033W
YIL095W	YJL044C
YBR274W	YPR124W
YDR510W	YLR263W
YGL129C	YOR204W
YKL049C	YPL126W
YER162C	YHR165C
YFR004W	YLR192C
YHR052W	YOL077C
YHR135C	YMR153W
YEL044W	YER092W
YBR273C	YKL213C
YBR173C	YNL255C
YFR004W	YPR036W
YLR291C	YOR095C
YMR121C	YNL124W
YGL011C	YOL146W
YBL016W	YDR171W
YBR183W	YPL076W
YHR052W	YHR085W
YHR068W	YJR047C
YDL140C	YHR058C
YDR381W	YGL237C
YDR392W	YPL001W
YGR092W	YMR229C
YAR042W	YJR145C
YDR414C	YGL104C
YML023C	YMR053C
YFR014C	YLR437C
YDL020C	YDR394W
YPL203W	YPR187W
YNL124W	YPL240C
YCR088W	YJR065C
YDL072C	YKL065C
YLR439W	YNL177C
YIL062C	YMR109W
YLR002C	YMR049C
YKL117W	YNL255C
YNR054C	YOR096W
YIL103W	YKL048C
YBL045C	YMR059W
YDR361C	YLL039C
YDL148C	YNL255C
YGR070W	YLL039C
YAL005C	YLR200W
YBR194W	YER006W
YDR194C	YIR010W
YGR040W	YPL233W
YDR308C	YHR058C
YDR322C-A	YPR020W
YDL124W	YNL244C
YAR002W	YDR101C
YFR009W	YNL307C
YNL074C	YNL307C
YDL055C	YLR075W
YGR028W	YPL204W
YBR279W	YOR061W
YGL208W	YNR035C
YDL045W-A	YIL070C
YFL021W	YKL161C
YBL104C	YKL049C
YBR031W	YMR194W
YHR165C	YLL039C
YGR120C	YLL039C
YFR001W	YGL147C
YMR117C	YPR083W
YAR042W	YOR096W
YDR382W	YPL220W
YLR429W	YNL244C
YBR247C	YPR144C
YHR016C	YKL109W
YKL049C	YNL287W
YDL127W	YDR388W
YMR173W	YOL109W
YLR423C	YPR049C
YDR192C	YFR031C-A
YGL112C	YMR043W
YDL200C	YGR184C
YOR093C	YPR144C
YEL009C	YER022W
YJL076W	YOR340C
YKL064W	YKL166C
YMR203W	YNL055C
YDL065C	YGR052W
YER022W	YNL288W
YIL075C	YLR421C
YBL052C	YBR274W
YLL036C	YPR152C
YHR079C	YLR429W
YFR004W	YHR108W
YHL003C	YNL101W
YBL003C	YLR276C
YGL206C	YLR370C
YBR274W	YPL203W
YER165W	YMR229C
YDL043C	YDR482C
YDR510W	YOR295W
YCR077C	YDR389W
YIL062C	YLR370C
YDR159W	YJL041W
YDL075W	YDR412W
YER077C	YMR106C
YDR418W	YIR010W
YLR227C	YOL091W
YKR081C	YPL131W
YLR386W	YNL054W
YGL086W	YMR153W
YJL187C	YNR046W
YFR004W	YNR043W
YMR067C	YPL216W
YJR014W	YLR441C
YDR381W	YKL004W
YIL076W	YOR197W
YDR012W	YEL034W
YCL037C	YMR125W
YDR440W	YOR294W
YDR167W	YIR010W
YHR007C	YIL027C
YIL019W	YJL069C
YGL180W	YNL293W
YDR448W	YHR099W
YDR428C	YLR291C
YPL076W	YPR028W
YDR510W	YGL040C
YFL034W	YNL255C
YGL172W	YMR129W
YDR057W	YLL039C
YBR234C	YKL129C
YBL076C	YLR016C
YDR428C	YLL036C
YFL016C	YIL061C
YER177W	YFR004W
YDR414C	YML038C
YDL115C	YHR135C
YGL011C	YJL088W
YMR236W	YNL255C
YDL191W	YPL037C
YKL028W	YNL255C
YDR200C	YPL130W
YMR207C	YNL255C
YHR148W	YJL069C
YKL049C	YNL212W
YDR427W	YPR108W
YBL011W	YFL033C
YFL024C	YOL012C
YDL055C	YIL070C
YIR010W	YOR116C
YCR011C	YGL098W
YGR103W	YKR081C
YBR281C	YMR093W
YCL034W	YHR114W
YBR031W	YMR049C
YEL055C	YGL237C
YHR191C	YNL255C
YBR055C	YHR165C
YGR261C	YOR284W
YBR229C	YLL039C
YMR291W	YPL141C
YHR135C	YOR089C
YDR168W	YPL240C
YDR108W	YML069W
YNL076W	YOR061W
YIL035C	YML074C
YML110C	YNL154C
YFL049W	YGR275W
YNL244C	YPL160W
YFL023W	YGL180W
YDR097C	YKR001C
YBL105C	YBR166C
YBR247C	YHR169W
YJL218W	YJR121W
YIL061C	YML029W
YLL039C	YML106W
YJR145C	YLR186W
YBL104C	YDR316W
YGR092W	YML064C
YLR022C	YNL209W
YDL149W	YNL307C
YNL163C	YNL255C
YBR109C	YGL242C
YBR221C	YKL049C
YEL002C	YKL065C
YDR244W	YOL044W
YGR284C	YPL264C
YGR252W	YNL030W
YHR041C	YMR112C
YAL032C	YPL151C
YDR070C	YFL017C
YGR161C	YLL039C
YOR117W	YOR341W
YLR029C	YOL077C
YGL180W	YMR165C
YOR061W	YOR267C
YDR418W	YHL001W
YFR031C-A	YPL009C
YFR043C	YLR248W
YLR370C	YMR109W
YLL023C	YNL044W
YEL051W	YGR120C
YAR027W	YAR028W
YDL047W	YMR205C
YCR042C	YGL112C
YBL003C	YDR207C
YDR388W	YNL086W
YKR001C	YPR034W
YBR154C	YPR086W
YAL010C	YFL048C
YLR083C	YPL162C
YBL058W	YLL039C
YER129W	YKL042W
YDR212W	YLL011W
YBL016W	YLR342W
YJL187C	YOR101W
YBR107C	YGR052W
YBR031W	YJR145C
YIL019W	YJR002W
YFL002C	YOL077C
YHR135C	YPL171C
YJL214W	YMR243C
YGL115W	YOR267C
YGR156W	YLR448W
YGR031W	YJR089W
YDR380W	YIL027C
YDR451C	YMR043W
YCL011C	YJR123W
YDL150W	YPR187W
YLL036C	YOR159C
YGL061C	YGR113W
YLR148W	YOL018C
YGL119W	YPL026C
YBR035C	YFR004W
YJL047C	YPR164W
YDR329C	YOR326W
YER177W	YNR047W
YIL076W	YNL287W
YNL055C	YOL132W
YHR118C	YPL001W
YOL145C	YOR061W
YDR284C	YLR083C
YER022W	YHR058C
YDR258C	YOR326W
YHR114W	YPL246C
YEL017C-A	YPR079W
YBR114W	YMR226C
YDR174W	YNL255C
YML056C	YOR063W
YCL037C	YDL055C
YJL187C	YNL277W
YBR018C	YMR106C
YJL048C	YPR120C
YDL042C	YLR249W
YER103W	YOR039W
YDR168W	YFR004W
YDR381W	YLR249W
YDR382W	YJL057C
YLL039C	YMR243C
YKL191W	YLL039C
YER172C	YLR438C-A
YDR107C	YMR070W
YBR247C	YOR080W
YDR519W	YNL255C
YNL044W	YNL263C
YGR040W	YMR241W
YOR061W	YOR123C
YDR169C	YPL203W
YLL039C	YPL226W
YBR125C	YPL001W
YBL064C	YNR031C
YDR299W	YNR054C
YBL003C	YCR086W
YDR172W	YLR109W
YKL009W	YMR049C
YHR135C	YLR192C
YDR158W	YKL166C
YLR325C	YNL255C
YDR412W	YLR448W
YGL201C	YLR103C
YAL012W	YBR055C
YLR381W	YPR046W
YAL035W	YDR418W
YGR180C	YPL191C
YDL017W	YLL004W
YDL055C	YKL081W
YLR291C	YMR246W
YIR010W	YMR093W
YFL033C	YHR205W
YGR214W	YOR197W
YGR056W	YMR224C
YDR510W	YLR028C
YLR060W	YOR355W
YKL166C	YML013W
YGR184C	YPR103W
YBR108W	YPR154W
YDR172W	YFR004W
YML064C	YMR226C
YGR252W	YMR205C
YFL016C	YJR045C
YJR063W	YPR010C
YDR329C	YGL153W
YDR510W	YLL019C
YGL229C	YPL180W
YGR040W	YIL070C
YMR049C	YNL124W
YDR101C	YHR197W
YAL042W	YIR010W
YMR160W	YMR304W
YBR188C	YPL151C
YMR146C	YNL287W
YCR020W-B	YML127W
YDL160C	YNL288W
YDR299W	YPR144C
YJR145C	YMR229C
YJL014W	YLR220W
YHR007C	YJL192C
YDR168W	YFL029C
YJL157C	YLR293C
YDR482C	YPR182W
YAL062W	YPL160W
YLR029C	YNL124W
YER172C	YLR310C
YBR202W	YLL039C
YBL002W	YGR252W
YDR394W	YFR052W
YER164W	YGL244W
YDR412W	YOL127W
YHR190W	YML008C
YER100W	YLL039C
YBR106W	YJL012C
YBL003C	YHR052W
YGR214W	YKL010C
YNL154C	YNL272C
YDR510W	YKR062W
YHR164C	YMR224C
YDR390C	YGR048W
YER022W	YLR071C
YGR072W	YLL039C
YER006W	YLL039C
YGL059W	YMR086W
YDL060W	YOR204W
YHR059W	YIL070C
YDR192C	YMR153W
YDR080W	YLR148W
YBL016W	YLR192C
YBL016W	YKL081W
YFR004W	YOR374W
YBR088C	YLL002W
YLR103C	YPR019W
YFR004W	YKL152C
YHR216W	YOR250C
YGR085C	YOR198C
YKL014C	YMR049C
YHR030C	YLR216C
YDR381W	YNL255C
YLR144C	YLR429W
YFR004W	YNL010W
YNL154C	YNL218W
YDR335W	YFR014C
YDL100C	YLR268W
YGL025C	YOL130W
YJL034W	YOL081W
YHR179W	YLL039C
YAL038W	YIR010W
YBR264C	YLL039C
YKL049C	YLR384C
YDL055C	YFR031C-A
YDR188W	YLR075W
YMR223W	YOL148C
YBR088C	YCR066W
YIL109C	YLR245C
YAL005C	YNL064C
YLL039C	YOR322C
YBR101C	YDR171W
YDR171W	YOL083W
YEL051W	YKL080W
YKL006W	YKL009W
YDR418W	YFR004W
YGR111W	YHR135C
YDR289C	YPR152C
YBL030C	YNL055C
YDR162C	YMR299C
YBR247C	YKL159C
YJR065C	YLR203C
YGL178W	YHR114W
YGR156W	YPR107C
YHR196W	YJL010C
YNL023C	YNL135C
YHR135C	YNL304W
YML064C	YMR106C
YPL203W	YPL247C
YHR072W	YNL280C
YAR042W	YHR195W
YCR034W	YDL054C
YDR471W	YNL112W
YHR079C	YNL074C
YBR106W	YHR133C
YFL048C	YGR040W
YBR107C	YOL054W
YAL005C	YOR227W
YGL070C	YJL140W
YER177W	YOR063W
YDR420W	YOR153W
YDR356W	YPL180W
YFR038W	YHR135C
YBR247C	YDL148C
YDR322W	YLR439W
YGR103W	YPL131W
YIR019C	YMR284W
YDR207C	YDR381W
YBR155W	YMR216C
YDR105C	YJL178C
YBL016W	YKR080W
YKR046C	YLL039C
YCR021C	YLL039C
YGL180W	YPL100W
YBR112C	YDL005C
YBL061C	YGR214W
YDL055C	YPL249C-A
YNL058C	YNL307C
YGR040W	YGR097W
YCL008C	YHR016C
YDL148C	YPL126W
YHR041C	YOR159C
YIL093C	YNL255C
YDR246W	YDR407C
YEL009C	YPR034W
YLL039C	YOL013C
YKL166C	YOR068C
YHR187W	YLR384C
YGL156W	YLL039C
YBL035C	YPR019W
YGL171W	YLR186W
YDR497C	YDR501W
YBR155W	YEL030W
YDL052C	YHR072W
YDL131W	YFR004W
YBL045C	YPR191W
YLR131C	YNL307C
YMR216C	YOL021C
YDL015C	YML085C
YDL200C	YHR033W
YLR005W	YNL135C
YHR135C	YNL173C
YJL187C	YOR078W
YJL039C	YKL152C
YFR004W	YMR315W
YNL255C	YPR037C
YIR010W	YOR204W
YGL011C	YGR097W
YLR399C	YOL012C
YJL157C	YJR086W
YDL029W	YIL095W
YBL023C	YPL144W
YGR135W	YLL039C
YEL034W	YPL204W
YBR041W	YJL052W
YLL036C	YPL151C
YDL100C	YOL044W
YDR510W	YMR215W
YDR051C	YNL255C
YDR246W	YMR218C
YDR091C	YHR195W
YJR092W	YLL039C
YIL091C	YJL069C
YKL064W	YLL039C
YDR224C	YNL157W
YHR069C	YOL021C
YDL134C	YML109W
YDR510W	YML074C
YFL037W	YJL014W
YDR381W	YMR308C
YLL039C	YOR368W
YBL003C	YGR275W
YDR404C	YLR192C
YDR192C	YMR129W
YBL002W	YNL157W
YDR129C	YJL138C
YML008C	YOR117W
YNL232W	YOR076C
YDR116C	YNL185C
YNL255C	YOR239W
YFR004W	YJR123W
YGR252W	YHR041C
YLR175W	YPL157W
YHR052W	YLR449W
YDR513W	YLL039C
YKL166C	YLR043C
YJR002W	YKL099C
YDR247W	YGR200C
YBR215W	YDR381W
YDR301W	YDR381W
YKL062W	YNL136W
YJL052W	YLR320W
YMR120C	YNL255C
YNL255C	YOR117W
YEL017C-A	YPL227C
YDR475C	YOR289W
YLR153C	YLR259C
YGR130C	YMR031C
YCR030C	YPR152C
YCL059C	YOR096W
YLL039C	YNR007C
YGR135W	YPR103W
YDR412W	YLR075W
YBR142W	YGR085C
YGR113W	YLR423C
YLR291C	YPL069C
YDL140C	YGR186W
YHR052W	YMR229C
YDR169C	YLR249W
YOL127W	YOR063W
YDR496C	YKL014C
YFL050C	YHR135C
YDL100C	YOL111C
YJR076C	YJR092W
YBR031W	YHR197W
YAL013W	YDL076C
YDR092W	YNL116W
YDL207W	YJL041W
YDR334W	YDR510W
YIL062C	YNL255C
YJL163C	YLL061W
YBL016W	YNL227C
YCR034W	YPL076W
YJL052W	YLL036C
YLL039C	YOL018C
YMR146C	YOL061W
YCL011C	YHR196W
YDR412W	YHR088W
YCR014C	YDR394W
YNL030W	YOL012C
YLR175W	YPL009C
YKL049C	YLR044C
YDL043C	YMR304W
YDR299W	YPR152C
YBR109C	YOR326W
YJL041W	YLR293C
YCR021C	YPL058C
YGR179C	YLR381W
YCL032W	YER118C
YBL002W	YDR224C
YJR145C	YML056C
YLL013C	YML091C
YFL038C	YKR068C
YGL066W	YMR223W
YHR135C	YNL073W
YGR184C	YLL039C
YBL104C	YOR080W
YGR186W	YPR152C
YJL034W	YJR009C
YBR060C	YLL004W
YBR108W	YPL004C
YDL097C	YOL117W
YLR441C	YMR194W
YEL037C	YPL096W
YGR103W	YHR197W
YFR001W	YKL009W
YHR083W	YNL092W
YDR233C	YLL039C
YNL255C	YPR173C
YMR180C	YNL154C
YFR014C	YLR274W
YBR109C	YOR358W
YDR312W	YJL187C
YDR472W	YKR068C
YDR359C	YJR082C
YDR171W	YJR148W
YBR109C	YBR218C
YFR014C	YKL064W
YDR510W	YER041W
YJL187C	YPR024W
YDR227W	YIL075C
YDR412W	YMR049C
YJL041W	YMR153W
YEL044W	YNL255C
YDL043C	YDR409W
YKL006C-A	YMR215W
YER125W	YKL150W
YDR002W	YNL307C
YFR004W	YOR061W
YBR042C	YNL154C
YDL076C	YIL084C
YOL054W	YOR178C
YDL003W	YDR308C
YEL037C	YOR157C
YHR135C	YMR297W
YBR247C	YPL204W
YDL190C	YMR276W
YGR245C	YKL009W
YNR010W	YPR168W
YJL106W	YPR115W
YDL055C	YFR004W
YNL172W	YOR163W
YGR085C	YLR441C
YHR076W	YJL076W
YFR004W	YPL240C
YPL161C	YPR165W
YPL028W	YPR165W
YDR297W	YEL002C
YDR101C	YHR085W
YHR104W	YNL154C
YFL005W	YGR100W
YCR086W	YIL152W
YAL032C	YLL036C
YDR388W	YNL206C
YDL075W	YIR010W
YGL031C	YLL039C
YCR063W	YML049C
YEL031W	YHR174W
YGR082W	YLR168C
YEL051W	YLR291C
YFL011W	YGR040W
YML096W	YOR267C
YGL116W	YOR026W
YBL052C	YOR064C
YDR414C	YPL264C
YBR191W	YLR441C
YGL059W	YMR196W
YDL065C	YLR324W
YLR233C	YOR319W
YJR006W	YOR080W
YGR128C	YIL091C
YFR014C	YGR130C
YLR455W	YOR294W
YGR089W	YLR086W
YDR188W	YGL116W
YFR031C-A	YJR123W
YNL027W	YNL154C
YDL015C	YGR284C
YML001W	YPL240C
YJL041W	YPL169C
YNL307C	YOL125W
YJR009C	YML053C
YCL059C	YNL207W
YJR049C	YPL026C
YPL111W	YPL160W
YGR186W	YOL005C
YFR052W	YPR108W
YGR057C	YIL109C
YEL051W	YPR036W
YGL237C	YMR308C
YGR082W	YHR060W
YKL049C	YNR065C
YDR247W	YJL076W
YLR423C	YOR353C
YGL105W	YNL119W
YKR081C	YPR045C
YHR135C	YLR134W
YHR099W	YKL109W
YBR194W	YGL245W
YKL053C-A	YNL255C
YBL072C	YHR196W
YCR073W-A	YNL255C
YGR082W	YMR299C
YDL020C	YGL058W
YDL207W	YHR174W
YBL072C	YLR441C
YBR107C	YBR211C
YDR188W	YGL083W
YDR418W	YMR194W
YBR223C	YDR510W
YDL015C	YDL206W
YMR240C	YPR182W
YHR076W	YIR010W
YJL106W	YMR229C
YKL067W	YPR010C
YER057C	YFR004W
YNL279W	YOL108C
YDR356W	YFL037W
YER043C	YMR049C
YGR130C	YMR142C
YBL022C	YLR180W
YLL039C	YPL240C
YIL155C	YLL039C
Q0085	YPL078C
YDR412W	YHR052W
YPL078C	YPL271W
YDL051W	YGL180W
YIL026C	YPR007C
YFR001W	YIR010W
YER012W	YFR010W
YDR174W	YIL036W
YNL255C	YOR021C
YAL038W	YDL116W
YER043C	YKL161C
YDR463W	YJL156C
YER165W	YIR010W
YBR146W	YKL155C
YGL180W	YMR173W
YFL036W	YIR010W
YDL130W	YNL255C
YHR023W	YNL166C
YLL039C	YLR059C
YLL039C	YNL045W
YKR097W	YLL039C
YIR010W	YJR007W
YDR170C	YKR021W
YBR234C	YJR065C
YDL149W	YOR061W
YMR125W	YMR240C
YHR135C	YJR001W
YHR060W	YKL119C
YKL185W	YMR263W
YDL002C	YER092W
YDR411C	YGR048W
YBR060C	YKR101W
YAL038W	YDR335W
YAL005C	YBR215W
YDL223C	YGL059W
YLR312W-A	YPL173W
YDL047W	YOR259C
YDR159W	YER118C
YDR318W	YJR135C
YLL019C	YOL041C
YIL152W	YLR423C
YJL141C	YLL001W
YBL003C	YDR463W
YDR510W	YOR189W
YBL038W	YMR024W
YHR007C	YHR094C
YDR357C	YPR182W
YDR248C	YDR304C
TL(UAA)J	YDR362C
YGR040W	YOL078W
YBL031W	YDR318W
YFR009W	YJL189W
YCR077C	YLR438C-A
YDR510W	YJR076C
YAL002W	YOR089C
YDR011W	YLL039C
YIL071C	YOL117W
YBL002W	YLL039C
YDL160C	YGL173C
YDR100W	YPR079W
YBL099W	YDR322C-A
YIL108W	YLL039C
YCL059C	YGL171W
YFR014C	YJL189W
YDL111C	YFR019W
YFL026W	YOR212W
YHL011C	YKL181W
YDR414C	YOL075C
YHR135C	YJR019C
YDR217C	YOR368W
YCL037C	YNL064C
YML077W	YMR218C
YDR316W	YFL053W
YBL072C	YOR096W
YDL226C	YJL036W
YDR382W	YLR029C
YBR080C	YDR427W
YDR418W	YOR096W
YJR065C	YLL039C
YHL001W	YMR052W
YNL255C	YOL077C
YGR277C	YNL255C
YHL035C	YLR115W
YKL033W-A	YNL255C
YLR291C	YPR105C
YIL109C	YLR268W
YHR104W	YLL039C
YDL055C	YOR117W
YDR159W	YKR095W
YKL166C	YLR044C
YIL019W	YJR123W
YLL039C	YNL224C
YGR184C	YNL307C
YGL201C	YNL273W
YDL140C	YGL194C
YHR052W	YOR294W
YFL037W	YMR304W
YDR453C	YMR059W
YGL129C	YGR165W
YDL141W	YGL105W
YBR253W	YGR104C
YGL156W	YOL083W
YHR033W	YML064C
YMR106C	YMR224C
YHR135C	YLR098C
YDR388W	YPR081C
YDR418W	YGR085C
YBR106W	YNL130C
YKL049C	YNL064C
YMR049C	YOR267C
YAL024C	YGR238C
YDR170C	YLR180W
YKR024C	YMR229C
YGR217W	YNL291C
YER012W	YKL206C
YAL005C	YMR261C
YHR052W	YKL006W
YBR247C	YMR229C
YIL121W	YOR153W
YCL025C	YPL076W
YER122C	YPL246C
YGR245C	YOR063W
YGR223C	YPL028W
YFR014C	YOR123C
YBL030C	YLL041C
YAR062W	YNL255C
YDL055C	YKR048C
YKL020C	YKL213C
YBR202W	YMR048W
YBR004C	YIL027C
YAL026C	YML069W
YDR318W	YDR510W
YEL017C-A	YOL018C
YDR229W	YDR388W
YAL032C	YMR125W
YDR412W	YLR449W
YBL003C	YNL255C
YIL075C	YOR259C
YDL043C	YMR117C
YMR033W	YPR034W
YAL005C	YIR002C
YBL105C	YLR234W
YLL039C	YOL076W
YLR383W	YOL034W
YFR019W	YPL004C
YHR086W	YKL012W
YOL126C	YPL180W
YAL030W	YGR142W
YFR052W	YGR135W
YDR176W	YMR223W
YDR101C	YIL115C
YDR460W	YPL122C
YLL039C	YOR142W
YML106W	YOR117W
YMR048W	YMR308C
YGR284C	YHR142W
YLL039C	YLR028C
YBL051C	YKR096W
YGL059W	YKL064W
YDR076W	YHR033W
YDR129C	YFR004W
YAL053W	YOR153W
YER100W	YPL240C
YBR031W	YLR029C
YOR259C	YOR261C
YGL153W	YKL197C
YBR231C	YJL187C
YGL173C	YLR398C
YBL002W	YML034W
YDL140C	YGL244W
YNL313C	YOR117W
YDR496C	YLR002C
YDL010W	YOL062C
YGL180W	YLR276C
YDR270W	YHR016C
YGL105W	YMR216C
YCR034W	YFL048C
YKR001C	YLR357W
YGL233W	YNR049C
YHR098C	YIL109C
YHR196W	YLR186W
YER178W	YIL042C
YNL085W	YNL250W
YDR129C	YFL039C
YAL035W	YFR031C-A
YCR063W	YKR086W
YGR146C	YML051W
YIL075C	YOR117W
YGR100W	YJL187C
YHR046C	YLL039C
YBR049C	YBR194W
YDR192C	YGL092W
YDR153C	YHR135C
YEL056W	YNL030W
YGL180W	YPR049C
YER165W	YKL012W
YGR128C	YNL209W
YBR248C	YFR004W
YBR154C	YNL113W
YAL005C	YGL043W
YGL127C	YGL151W
YBR097W	YDR388W
YLR117C	YNL286W
YHL001W	YOL040C
YKL042W	YPR120C
YDL075W	YOR234C
YDR318W	YGL093W
YDR297W	YPL264C
YER059W	YLL039C
YER171W	YPR121W
YER086W	YOR160W
YER043C	YNL157W
YCR084C	YJL156C
YCR097W	YNL255C
YBR031W	YDR091C
YDR247W	YMR216C
YLR017W	YPR017C
YDR288W	YLR453C
YOR267C	YOR294W
YFR001W	YLR002C
YMR049C	YOL127W
YPL018W	YPL233W
YLR438C-A	YNL255C
YLL019C	YLR438W
YKL197C	YOL044W
YDR335W	YNL027W
YHR135C	YOR078W
YKL022C	YNL172W
YFR004W	YKR046C
YDR062W	YGR038W
YHR052W	YNL112W
YMR229C	YOL041C
YFL037W	YPR010C
YAL026C	YDR238C
YLL039C	YOR316C
YKL067W	YMR203W
YGR021W	YHR165C
YBL023C	YNL262W
YGL115W	YGL216W
YGR030C	YLR145W
YDL078C	YDR304C
YGR167W	YKL069W
YLL039C	YLR149C
YDL058W	YFL038C
YER012W	YLR290C
YML080W	YNL154C
YLR186W	YOR096W
YIR010W	YMR049C
YER036C	YKL049C
YGR275W	YNL255C
YBL036C	YNL255C
YDL055C	YNL259C
YNL207W	YPR115W
YAR002W	YML103C
YBR082C	YPR103W
YLL039C	YPL210C
YDL054C	YOR315W
YDR394W	YLR216C
YDL097C	YDR394W
YDR418W	YGL031C
YJL076W	YPL240C
YDR057W	YFL048C
YAL015C	YNL255C
YHR179W	YMR059W
YJL111W	YNL154C
YJR072C	YNL255C
YHR099W	YPR023C
YJR045C	YKL191W
YBR106W	YJR160C
YHR133C	YPR028W
YDR216W	YDR448W
YGR067C	YGR135W
YAL005C	YIL026C
YAL015C	YMR058W
YMR117C	YNL250W
YER043C	YHR135C
YDL053C	YIR010W
YBR055C	YDL160C
YBR142W	YMR229C
YIL070C	YJR101W
YCL008C	YLL039C
YBR101C	YNL209W
YKL152C	YNL127W
YFL045C	YMR049C
YCR012W	YPL240C
YER002W	YGL237C
YDR510W	YLR192C
YGL129C	YNL255C
YHR157W	YLR329W
YDL055C	YJL034W
YBR273C	YJL141C
YGR040W	YOL033W
YGL245W	YPL074W
YFR004W	YLL013C
YAL005C	YNL209W
YBR155W	YKL117W
YGR256W	YLL039C
YCR086W	YLR291C
YCL011C	YFL039C
YNL124W	YPL131W
YLR022C	YLR424W
YBR211C	YDR394W
YGR184C	YKL049C
YJL107C	YJR091C
YHL032C	YPL004C
YDL065C	YPL203W
YHR041C	YPR168W
YML097C	YOR089C
YIR037W	YLR345W
YBR137W	YDR335W
YJL012C	YNL255C
YEL019C	YLR383W
YGL237C	YIL070C
YBR107C	YPR049C
YGL147C	YOR063W
YMR280C	YNL307C
YAL005C	YDL140C
YHR099W	YPL181W
YMR308C	YMR314W
YDR129C	YGL092W
YHR102W	YLR180W
YDR383C	YPL018W
YDR251W	YJL052W
YCR034W	YHR007C
YDR233C	YDR510W
YDL140C	YFR004W
YIL091C	YJR002W
YDR063W	YDR124W
YGR268C	YLL039C
YDR418W	YPL249C-A
YER125W	YGL161C
YDL075W	YDR382W
YFR004W	YGL234W
YDL098C	YMR268C
YBL003C	YDR381W
YER009W	YLR293C
YAL005C	YMR109W
YDR409W	YGR126W
YLR025W	YNL255C
YDR529C	YHR114W
YCR105W	YGR092W
YNL154C	YNR019W
YHR135C	YJL039C
YBR107C	YGR161C
YIL070C	YPL141C
YDR427W	YMR276W
YCR012W	YLR438C-A
YDR264C	YNL154C
YIL035C	YMR229C
YLL039C	YPR036W
YLR192C	YMR146C
YBL104C	YEL062W
YER039C	YNL130C
YDR330W	YGR268C
YER177W	YPR008W
YBR267W	YNL255C
YBR055C	YCR077C
YKL012W	YNL255C
YNR049C	YPL232W
YHR098C	YPL204W
YHR169W	YIL125W
YKL068W	YPL169C
YER131W	YLR333C
YAL005C	YOR117W
YFR014C	YNL027W
YCR063W	YER013W
YLR182W	YMR227C
YGR192C	YKL060C
YGR085C	YOR096W
YGR056W	YMR033W
YAL005C	YDR388W
YHR114W	YLR324W
YDR473C	YER172C
YKL195W	YLL018C-A
YER057C	YJL148W
YNL255C	YPL131W
YGL105W	YNL021W
YIR010W	YLR441C
YAL032C	YPR152C
YHR079C	YOR107W
YEL009C	YPR025C
YFR004W	YNL209W
YOR294W	YPR045C
YGR284C	YHR039C
YAR028W	YML067C
YJL069C	YOR061W
YBL104C	YIR010W
YHR165C	YIL061C
YIL017C	YLL039C
YLR448W	YMR142C
YBR109C	YOR061W
YML103C	YPL169C
YDL003W	YDR510W
YMR276W	YOR117W
YGL237C	YGR155W
YLL039C	YOL130W
YNL209W	YPR105C
YDR381W	YJL141C
YDL076C	YKL185W
YJR001W	YNR075W
YDL203C	YLL039C
YBL105C	YOL083W
YOR215C	YPL204W
YJL076W	YOL012C
YDL051W	YKL122C
YMR236W	YOR128C
YDR103W	YGR040W
YBL088C	YLR453C
YDL101C	YPL269W
YDL047W	YDL140C
YKL049C	YOR204W
YCR086W	YPL204W
YDR394W	YJR109C
YGL237C	YOR358W
YDR510W	YJR045C
YKL213C	YNL073W
YGL104C	YIL035C
YDL111C	YOL142W
YBR247C	YPR102C
YEL037C	YPL141C
YGR116W	YIL035C
YMR319C	YOR153W
YGL202W	YLL039C
YHR013C	YOR063W
YBL003C	YER006W
YJR123W	YNL055C
YGL093W	YIR010W
YDL057W	YLR098C
YCR084C	YPR168W
YJR062C	YPL141C
YDL017W	YJR082C
YFR004W	YMR096W
YBL022C	YKL016C
YDR335W	YPR008W
YKL042W	YOL091W
YDL055C	YPR010C
YIL034C	YLR274W
YFR010W	YGR232W
YJL039C	YNL209W
YDL097C	YGR232W
YFR004W	YHR020W
YDL045W-A	YJR113C
YGL147C	YKL009W
YKR086W	YMR213W
YER068W	YJR119C
YBL030C	YIR010W
YKL181W	YOL128C
YDR176W	YDR510W
YJL039C	YLR249W
YJL084C	YNL307C
YKL125W	YNL255C
YJR105W	YPL141C
YLL039C	YOR131C
YGL031C	YKL009W
YKL014C	YOR063W
YLL039C	YNL209W
YLR273C	YNL025C
YAL035W	YBR194W
YLR249W	YOR086C
YFR052W	YGL095C
YDR200C	YMR052W
YMR031C	YNL154C
YBR109C	YNL202W
YBR231C	YLR085C
YDR100W	YGL006W
YKR022C	YMR213W
YDL207W	YOR361C
YKL053C-A	YLR168C
YIR010W	YNL166C
YLR249W	YPL226W
YOR063W	YPR051W
YDL075W	YDR510W
YBR247C	YJL010C
YJR002W	YNR054C
YDR189W	YLR268W
YHR069C	YNL251C
YJL138C	YMR205C
YHR114W	YJL010C
YKL078W	YOL041C
YDR173C	YMR043W
YAL035W	YMR106C
YOL013C	YPR069C
YML001W	YNL263C
YIL159W	YMR109W
YNL044W	YNL093W
YDL148C	YOR078W
YLR003C	YNL255C
YDR392W	YER164W
YLL039C	YMR307W
YEL030W	YLL039C
YJR101W	YJR113C
YOR035C	YOR326W
YBL035C	YPR135W
YDR330W	YNL154C
YDR212W	YGL208W
YDR510W	YNR021W
YJL057C	YLR181C
YDR012W	YOR063W
YLR116W	YPL105C
YGL031C	YNL124W
YJR135C	YPR046W
YDR189W	YGL098W
YDR101C	YKL186C
YAR019C	YDR382W
YAL024C	YMR261C
YDL017W	YEL023C
YDR212W	YJL106W
YDR510W	YGL150C
YIL149C	YML107C
YIL035C	YMR036C
YNL255C	YPL240C
YBR223C	YGL082W
YDR026C	YNL113W
YDL002C	YFL033C
YKR081C	YLR427W
YBR121C	YDR510W
YBR035C	YFL033C
YER177W	YLL013C
YGL059W	YGL205W
YNR043W	YOR057W
YGL066W	YHR099W
YLR291C	YOL130W
YEL023C	YOR368W
YDR381W	YPL204W
YER177W	YJL141C
YDL105W	YEL019C
YJL057C	YPL233W
YFL045C	YOL062C
YDL051W	YNL255C
YEL009C	YPR086W
YCR012W	YFL023W
YCR077C	YNL124W
YDL047W	YLR384C
YBL058W	YFR004W
YDR116C	YLR439W
YGR142W	YNL263C
YAL026C	YAL053W
YML064C	YMR153W
YJR076C	YPL018W
YCL054W	YHR052W
YBR278W	YDR381W
YMR056C	YNR056C
YDL020C	YGL048C
YDR297W	YIL016W
YHR078W	YMR150C
YBR072W	YDR510W
YBL061C	YPL131W
YDR479C	YIL030C
YDR135C	YLR425W
YGL202W	YOR117W
YJL001W	YPR103W
YBR264C	YER136W
YBR239C	YHR016C
YNL154C	YPL181W
YBL085W	YDR277C
YGR245C	YOL127W
YGR120C	YPR105C
YLL039C	YPL096W
YFR001W	YPR143W
YDR170C	YJL091C
YHR041C	YKR062W
YJL157C	YPR120C
YGL245W	YIL095W
YAR028W	YGL104C
YDL005C	YGR104C
YFR004W	YLL050C
YLR370C	YNL243W
YDR224C	YKR048C
YLR175W	YNL255C
YNL255C	YOL096C
YDL060W	YDL148C
YDL101C	YER064C
YBR194W	YHR174W
YKR022C	YML106W
YEL017C-A	YLR083C
YDL017W	YGR099W
YDR510W	YJL138C
YNR019W	YPL240C
YBR077C	YML121W
YAL005C	YFR004W
YOR187W	YPL204W
YNL135C	YOR117W
YFR004W	YGR123C
YDR318W	YIR010W
YDR188W	YPL240C
YGL048C	YOR259C
YDL053C	YHR135C
YDR224C	YDR334W
YDL005C	YPR168W
YJL107C	YNL255C
YGL237C	YNL063W
YDR012W	YIR010W
YBR031W	YCL059C
YGR263C	YMR070W
YIL070C	YKL155C
YJR002W	YMR229C
YEL030W	YJL138C
YHR114W	YNL154C
YBR154C	YGL070C
YAL038W	YGL244W
YGR040W	YPR035W
YDR510W	YER088C
YCR086W	YER144C
YLR291C	YOR284W
YER064C	YMR068W
YER041W	YPR120C
YAL026C	YER166W
YHR188C	YPL076W
YGL048C	YPL169C
YHR160C	YIL160C
YDR381W	YJR006W
YER172C	YMR017W
YDR214W	YML085C
YGR179C	YPR046W
YAR028W	YJL097W
YGL180W	YNL027W
YNL272C	YNL307C
YLL039C	YLR241W
YBR267W	YFR014C
YER178W	YFR004W
YBL093C	YER022W
YJR002W	YMR093W
YML035C	YPL204W
YKR048C	YOR032C
YDR012W	YLR448W
YDR124W	YIL093C
YGL048C	YNL255C
YDR411C	YIL030C
YGR275W	YMR194W
YJL141C	YLR256W
YDL140C	YHR030C
YBR194W	YGR132C
YDR378C	YMR221C
YKL150W	YPR154W
YIL118W	YOR326W
YHR079C	YOR207C
YAL027W	YML032C
YJR129C	YNL307C
YDR308C	YGL151W
YNL112W	YOR063W
YDL148C	YHR196W
YGL021W	YKL049C
YFL039C	YMR092C
YLR248W	YNL074C
YGL147C	YIR010W
YLL039C	YNL208W
YKR048C	YOL012C
YJL111W	YOR117W
YDL053C	YGR178C
YMR109W	YNL025C
YDR334W	YLR085C
YBL016W	YMR235C
YAL032C	YKL095W
YHR135C	YNL125C
YEL002C	YHL003C
YFR004W	YOR251C
YER136W	YFL038C
YMR201C	YNL255C
YBR142W	YLR398C
YHR142W	YJL187C
YBL079W	YMR153W
YCR034W	YNL101W
YGL171W	YJL010C
YNL130C	YNL336W
YCR020C-A	YIL119C
YDR192C	YER165W
YAL030W	YPL232W
YBL034C	YER177W
YAL005C	YHR117W
YBL003C	YOR116C
YCL008C	YNR006W
YDR285W	YLR394W
YBR114W	YOL097C
YHR052W	YHR197W
YGR275W	YMR033W
YDR212W	YOR212W
YMR229C	YOR341W
YGL244W	YOL145C
YGL180W	YKL160W
YML006C	YPL204W
YER172C	YLR117C
YER125W	YMR181C
YLR117C	YMR213W
YDL200C	YDR214W
YLL039C	YLR134W
YHR197W	YLR002C
YDR238C	YFR004W
YCL009C	YFR004W
YIL075C	YJL001W
YDR439W	YML034W
YER022W	YGL070C
YGR016W	YGR040W
YBR031W	YDR418W
YDL002C	YGL150C
YDL227C	YLL013C
YIL016W	YMR215W
YMR117C	YOL034W
YLL039C	YNR043W
YLR310C	YNL116W
YKL166C	YPL203W
YLL036C	YNL286W
YDL133W	YNL255C
YDR497C	YHR076W
YGL083W	YKL130C
YDR273W	YJL057C
YNL263C	YOR069W
YDR427W	YGL004C
YLR330W	YMR010W
YKL122C	YKL129C
YOL012C	YPL127C
YDR062W	YMR296C
YCR034W	YOL020W
YFL039C	YPL240C
YDL065C	YKR001C
YEL034W	YNL209W
YKL042W	YNL225C
YDL075W	YDR012W
YBR191W	YOR063W
YDR381W	YMR229C
YHR079C	YOR113W
YAL005C	YIL075C
YKR081C	YPR143W
YNR047W	YOR353C
YDL052C	YML115C
YDR471W	YPL249C-A
YIL159W	YLR310C
YDR510W	YJL034W
YJL048C	YKL213C
YDR364C	YER013W
YLR448W	YPL249C-A
YER103W	YNL124W
YDL099W	YHR135C
YGR135W	YJL001W
YGR187C	YNL255C
YLR423C	YLR424W
YKL049C	YML085C
YFR004W	YLR304C
YAL055W	YGR133W
YLR298C	YOR159C
YIL035C	YIL118W
YBL022C	YML029W
YBR247C	YNL244C
YLR175W	YPL240C
YDR217C	YML032C
YER177W	YOR176W
YBR106W	YHR007C
YER022W	YOL135C
YGL011C	YPL144W
YBL072C	YOR063W
YNR022C	YPL240C
YOR096W	YPL131W
YDR388W	YJL102W
YDR381W	YGR170W
YDL156W	YJL014W
YJR049C	YLL039C
YKR095W	YLL039C
YEL012W	YPL141C
YAL032C	YDL209C
YDR167W	YMR223W
YDR404C	YER022W
YDR247W	YLR003C
YDR394W	YMR191W
YBR173C	YPL144W
YER154W	YFR014C
YJR065C	YMR028W
YJR145C	YOR204W
YFR001W	YMR142C
YML085C	YMR308C
YLR250W	YNL255C
YDL140C	YPR152C
YDR501W	YLR248W
YDR162C	YKL049C
YBR082C	YPL037C
YER118C	YLR425W
YMR146C	YOL087C
YGR126W	YNL307C
YLR249W	YNL059C
YKL152C	YMR109W
YIR010W	YLR321C
YHR115C	YLL039C
YDR381W	YLR386W
YLL039C	YMR033W
YHR081W	YOR076C
YJR105W	YPL204W
YFL005W	YNL255C
YDR174W	YDR510W
YGR245C	YHR085W
YKL216W	YNL255C
YDR224C	YKL049C
YKL049C	YPR108W
YDR510W	YKL060C
YCL037C	YJR145C
YFL021W	YPL240C
YGR097W	YMR304W
YGR123C	YPL240C
YMR117C	YOR358W
YBL085W	YBR102C
YER047C	YMR109W
YDR101C	YHR052W
YLR075W	YNL124W
YGL031C	YPL249C-A
YDR158W	YFR004W
YER002W	YOL077C
YMR042W	YMR043W
YHR148W	YLL011W
YLR075W	YOR096W
YEL062W	YKL048C
YFL005W	YOR326W
YGR027C	YOR117W
YNL112W	YNL209W
YDL097C	YKL027W
YHR086W	YML046W
YMR024W	YNL185C
YBL035C	YBR087W
YER171W	YLR005W
Q0130	YKL016C
YGL115W	YIL035C
YBL003C	YPL001W
YIL095W	YLR460C
YDR227W	YFL023W
YGR232W	YOR261C
YBR154C	YKL144C
YCL054W	YGR103W
YER136W	YNL135C
YCL025C	YPR198W
YPL240C	YPR002W
YLL039C	YMR087W
YBR107C	YPL018W
YBR066C	YCR082W
YCR077C	YDR381W
YLR029C	YLR075W
YNL224C	YNL255C
YDR224C	YGL058W
YGR003W	YOR326W
YDR240C	YML046W
YKL049C	YKL052C
YBR288C	YLL039C
YAL038W	YFL045C
YFR046C	YMR117C
YBL072C	YLR448W
YDL043C	YPL151C
YDR002W	YLR293C
YDR330W	YDR510W
YBL085W	YDR329C
YJL106W	YNL073W
YMR221C	YPR036W
YBR247C	YHR148W
YNL288W	YOR095C
YGL147C	YPL249C-A
YDR224C	YNL201C
YDL111C	YNL232W
YJR145C	YLR029C
YBR274W	YOR341W
YDL140C	YPR086W
YAL043C	YPR107C
YCR034W	YFL062W
YDR412W	YOL041C
YBR253W	YGR252W
YEL061C	YNR069C
YPL131W	YPR102C
YER136W	YML001W
YBL052C	YLR455W
YDR143C	YER009W
YKL058W	YPR086W
YJR091C	YPL159C
YHL001W	YOR096W
YLR248W	YNL267W
YOR061W	YPL204W
YOR117W	YPL204W
YIR010W	YNL232W
YIR010W	YMR033W
YBR221C	YPL151C
YDR412W	YLR059C
YIL071C	YJR007W
YCL008C	YLR417W
YBR031W	YLR175W
YDR103W	YDR335W
YDR471W	YFR014C
YDR171W	YPR144C
YOR095C	YOR160W
YBR237W	YHR059W
YBR031W	YDR382W
YLR175W	YOR340C
YBR186W	YHR104W
YGR261C	YLR429W
YKL166C	YPL232W
YBR211C	YLR381W
YHR122W	YHR164C
YML091C	YOR355W
YDR207C	YOR304W
YIR010W	YOL040C
YDR439W	YIR010W
YIL115C	YLR249W
YKL114C	YNL255C
YGR128C	YLR186W
YBR289W	YGR275W
YHR135C	YML103C
YLL001W	YML085C
YDR448W	YOL148C
YJL025W	YLR423C
YBL002W	YGR275W
YDR381W	YER035W
YKL049C	YLR357W
YKL010C	YLL039C
YHR007C	YJR118C
YKL028W	YLL039C
YDR388W	YHR185C
YBR031W	YIR010W
YFR036W	YKL022C
YIL115C	YLR293C
YML081C-A	YPR020W
YJR121W	YNL313C
YGL063W	YLL050C
YCL008C	YGL045W
YCR077C	YDR141C
YDR479C	YMR024W
YGL048C	YKL139W
YEL024W	YGR112W
YGL070C	YOL005C
YLR441C	YOR063W
YAL043C	YOR063W
YBR109C	YLR288C
YOR117W	YPL028W
YLL013C	YLL039C
YGR040W	YNL272C
YBL003C	YLR274W
YBR289W	YMR033W
YML064C	YOR284W
YGL058W	YGR184C
YAL005C	YOR086C
YMR058W	YOR161C
YBR023C	YLR330W
YFL026W	YGL206C
YBR173C	YKL206C
YJR014W	YKL009W
YDR143C	YOL155C
YDR101C	YFR031C-A
YJL138C	YOL045W
YGL189C	YLR435W
YDR174W	YLR429W
YJL057C	YJR076C
YBR194W	YML049C
YHR013C	YMR049C
YBR241C	YLL039C
YDR137W	YNL044W
YDL055C	YKL067W
YDR382W	YMR194W
YAR019C	YPL141C
YMR240C	YPR152C
YDR510W	YJR007W
YDR085C	YDR381W
YFR049W	YIL125W
YAL053W	YKL028W
YJR123W	YOR204W
YMR125W	YPL169C
YBL003C	YBR247C
YER036C	YGR204W
YDR318W	YPR046W
YAR019C	YOR018W
YDL055C	YGR204W
YCR088W	YHR199C
YHR037W	YLL039C
YKL166C	YNL093W
YDR510W	YOR116C
YGL059W	YGR266W
YFR004W	YJR070C
YAR027W	YJL097W
YFR036W	YGL116W
YMR024W	YNL255C
YBR289W	YDR224C
YLR201C	YML110C
YBR203W	YKR048C
YGL092W	YKL186C
YCR066W	YLR438C-A
YDR162C	YKR048C
YDL047W	YFR040W
YGL180W	YJR089W
YNL044W	YOR089C
YJR002W	YOR096W
YFR004W	YKR018C
YDL137W	YFR004W
YEL054C	YER012W
YBR106W	YMR058W
YDR246W	YML077W
YLR117C	YMR240C
YER054C	YKL085W
YGL031C	YGR085C
YDR224C	YKL139W
YDR212W	YGL116W
YJL034W	YKL049C
YIL035C	YOR039W
YBR270C	YNL154C
YNL030W	YOR039W
YDR073W	YMR033W
YCL037C	YDR510W
YBR060C	YPL001W
YKR080W	YLL039C
YGL059W	YNL263C
YDL067C	YHR051W
YHR023W	YLR274W
YLR083C	YMR010W
YJL148W	YOL006C
YDR404C	YOL005C
YHL018W	YNL113W
YDR404C	YJL014W
YDR510W	YLR291C
YGL061C	YKR048C
YJL091C	YPL076W
YDL132W	YER012W
YER125W	YGR068C
YDR448W	YMR236W
YGL093W	YOL135C
YHR146W	YPL154C
YDR224C	YER012W
YBL003C	YMR284W
YBR179C	YDR470C
YGL058W	YPR103W
YDR510W	YOL034W
YJR009C	YNL262W
YCR012W	YLL039C
YGR082W	YMR203W
YDR510W	YER003C
YBR270C	YHR135C
YER100W	YPL078C
YIR010W	YNL112W
YER043C	YOR117W
YDR510W	YFR031C-A
YER006W	YNL255C
YEL018W	YJL014W
YHR196W	YLR175W
YIL075C	YJL057C
YLR423C	YPL173W
YBR038W	YNL307C
YHL006C	YHR007C
YER122C	YIL035C
YLR249W	YOR123C
YHR197W	YLR423C
YDL239C	YLR098C
YAR035W	YLL039C
YJR065C	YLR370C
YPL078C	YPL204W
YFR037C	YOR207C
YJR123W	YMR194W
YBR216C	YLL039C
YBR274W	YGR200C
YFR004W	YOR294W
YJR031C	YKR030W
YFR037C	YLR321C
YGL059W	YJR001W
YDR510W	YNL027W
YDL160C	YNL157W
YKL125W	YOR341W
YBL002W	YOL012C
YBR202W	YPR019W
YJL029C	YKR020W
YGR158C	YHR069C
YBL072C	YDL148C
YER013W	YNL154C
YFL028C	YGR040W
YKL140W	YLR144C
YDR039C	YJR066W
YBR031W	YBR247C
YER034W	YGL180W
YKL215C	YNL126W
YDR183W	YPL026C
YDL140C	YHR135C
YJR056C	YPL018W
YIL114C	YMR203W
YBR041W	YHR072W
YCL037C	YDL140C
YGR040W	YMR041C
YLL013C	YPR152C
YDR100W	YER101C
YGR244C	YOR142W
YDL150W	YKL144C
YFR004W	YJR072C
YER164W	YOL148C
YHR216W	YLR427W
YKL181W	YMR291W
YFR014C	YPR036W
YBR253W	YDR448W
YGR238C	YJL187C
YMR118C	YMR173W
YJL162C	YNL154C
YKR022C	YLR424W
YGR200C	YPL204W
YHR168W	YKL166C
YDL223C	YHR135C
YJL029C	YJL034W
YJL053W	YOR069W
YBR112C	YLL039C
YCL048W	YPL240C
YLR293C	YMR235C
YPL227C	YPL264C
YBR194W	YKL081W
YBR154C	YDL150W
YIL016W	YKL008C
YDR012W	YPR143W
YGR222W	YMR257C
YJL036W	YLR424W
YKL110C	YLR384C
YLR399C	YMR227C
YBR146W	YMR158W
YDR383C	YGR179C
YLR312W-A	YLR439W
YLR321C	YPR034W
YBR267W	YNL227C
YGL216W	YMR233W
YHR161C	YPL077C
YDR388W	YHR042W
YBR109C	YOR039W
YBR086C	YKL130C
YNL027W	YOL128C
YDR510W	YJR063W
YBL059W	YGL070C
YGR048W	YKL042W
YBL016W	YOL130W
YMR142C	YNL255C
YOL021C	YOR116C
YDR091C	YOR176W
YMR236W	YOL148C
YOL082W	YPL135W
YBR191W	YNL255C
YDR080W	YLR248W
YER125W	YHR117W
YLR048W	YNL124W
YOR071C	YOR153W
YHR013C	YKR048C
YIR006C	YNL020C
YLR441C	YNL255C
YDR378C	YMR268C
YBL030C	YGL187C
YDR381W	YNL112W
YGR167W	YLR170C
YBL030C	YPR152C
YER131W	YIL070C
YBR031W	YLL039C
YER101C	YER125W
YHR135C	YML096W
YNL263C	YOR089C
YOL145C	YOR123C
YBR237W	YDR073W
YDR170C	YOR061W
YHR133C	YIL016W
YJL044C	YKR068C
YCL059C	YIL019W
YLL039C	YNL313C
YDR129C	YDR388W
YDR264C	YMR010W
YMR213W	YPR182W
YGL048C	YNL244C
YIL016W	YNL101W
YJR101W	YKL155C
YBR193C	YPR168W
YKL186C	YLL039C
YGR075C	YHR165C
YDR159W	YMR125W
YGR092W	YOL012C
YMR163C	YOR326W
Q0085	YBL099W
YGR214W	YNL297C
YAR028W	YLL039C
YAL043C	YCR042C
YDR497C	YLL039C
YNL097C	YNL154C
YML051W	YOR197W
YKR048C	YOR230W
YER118C	YFL062W
YFL002C	YOL127W
YKL081W	YOR117W
YLL039C	YMR059W
YER012W	YGL096W
YFL039C	YGR080W
YBR087W	YMR031C
YLR398C	YNL255C
YDR247W	YIL156W
YHR086W	YLR298C
YDR159W	YDR427W
YDL042C	YGL201C
YGR258C	YPL141C
YEL054C	YPR102C
YBL104C	YPL204W
YML110C	YNL263C
YDL001W	YIL095W
YLL039C	YOL064C
YDR108W	YDR246W
YHR165C	YKR022C
YBR023C	YDR153C
YLR182W	YPL204W
YHR135C	YPL240C
YHR135C	YNL025C
YCR084C	YKL181W
YIL135C	YPL026C
YDR101C	YER036C
YLL039C	YMR120C
YFR014C	YJR072C
YDR153C	YGL180W
YER178W	YMR308C
YKL130C	YMR296C
YGR113W	YKL052C
YGR130C	YHR135C
YEL034W	YJR070C
YDR100W	YDR238C
YIR037W	YJR009C
YNL086W	YOR069W
YDR174W	YFL024C
YLL039C	YLR220W
YLR429W	YMR229C
YDR216W	YKL117W
YIL070C	YIL093C
YDR214W	YLL039C
YDR375C	YMR203W
YGR178C	YNL157W
YKL006C-A	YLR268W
YER162C	YGL150C
YDL065C	YJL057C
YKL082C	YNL255C
YDR172W	YPR152C
YGL127C	YNR010W
YJR062C	YOR231W
YDL097C	YEL009C
YLR438C-A	YOR159C
YIL115C	YJL041W
YER171W	YML085C
YDL060W	YER006W
YIL070C	YLR429W
YGR040W	YJL089W
YHR135C	YKR022C
YGL147C	YGR232W
YNL138W	YOR087W
YDR510W	YMR146C
YJL106W	YPR067W
YDR381W	YJL125C
YEL034W	YHR135C
YFR004W	YGR204W
YDL042C	YLR274W
YHR135C	YPR115W
YIL075C	YLL039C
YBL002W	YGL150C
YGL031C	YMR194W
YDL239C	YMR117C
YAL027W	YPL004C
YLR216C	YNR032W
YDR258C	YLR180W
YDR171W	YLR304C
YNL118C	YNL288W
YGR167W	YNR031C
YLR117C	YPL151C
YBR121C	YFR004W
YFR004W	YOR026W
YNL048W	YPL078C
YLR345W	YMR261C
YIL095W	YOR093C
YML085C	YMR296C
YDR260C	YNL172W
YDL226C	YLL039C
YNL255C	YPL266W
YDL085W	YLL039C
YBR086C	YGL180W
YNL154C	YOR295W
YGL086W	YIR010W
YDL075W	YFR031C-A
YDR412W	YDR471W
YGR245C	YPL220W
YLR304C	YOR005C
YFR004W	YOR239W
YGL223C	YLR423C
YOR361C	YPL051W
YDR129C	YJR066W
YDL003W	YDR180W
YAL035W	YHR052W
YFR004W	YNL287W
YMR297W	YOL013C
YBR106W	YKL008C
YJL125C	YJR066W
YDL154W	YLR394W
YBR097W	YFL053W
YIL135C	YNL307C
YHR133C	YJL187C
YDL043C	YDR240C
YAR002W	YDR159W
YCL037C	YLR369W
YKL014C	YLR276C
YGR097W	YPR152C
YCL059C	YJR002W
YBR112C	YDR043C
YBL003C	YLR357W
YBR031W	YKL166C
YFR031C-A	YLR287C-A
YBL010C	YNL255C
YAL020C	YDR354W
YER125W	YOR018W
YJR056C	YML064C
YDL115C	YPR187W
YNL099C	YOR294W
YMR049C	YOL012C
YBL030C	YMR056C
YDL148C	YLR429W
YBL016W	YLR394W
YLR109W	YOL059W
YGR103W	YLR029C
YDL055C	YLR153C
YLL039C	YMR008C
YLL001W	YNL118C
YBR023C	YHR142W
YDR174W	YKR001C
YDR381W	YPR045C
YBR211C	YPL018W
YHR065C	YNR054C
YDL005C	YHR041C
YDR439W	YKR010C
YDR510W	YLR117C
YDL209C	YMR213W
YGL173C	YPL004C
YBL003C	YDR224C
YKR028W	YLL039C
YAR027W	YGR284C
YDR386W	YKR081C
YDR059C	YER068W
YOR035C	YPL240C
YFL049W	YNR023W
YBR087W	YIR010W
YDL144C	YLR291C
YHR135C	YOL130W
YAL015C	YEL030W
YDR224C	YKR001C
YDL140C	YEL037C
YGR245C	YPL131W
YLR029C	YOR294W
YBR222C	YFR004W
YER125W	YOR241W
YAL048C	YOR284W
YER125W	YOR057W
YLR180W	YLR304C
YDR448W	YLR424W
YMR263W	YNL255C
YDR380W	YIL034C
YNL044W	YOL018C
YGR078C	YKL130C
YDL098C	YLL036C
YDR510W	YGR124W
YBR154C	YLR200W
YGR103W	YOR234C
YBR155W	YPL141C
YBR049C	YOL006C
YGL092W	YOR160W
YDR427W	YIL075C
YDR047W	YER125W
YIL035C	YMR154C
YFR031C-A	YOR096W
YEL054C	YFR031C-A
YOL082W	YOR231W
YJR066W	YKR097W
YDR171W	YOL147C
YML113W	YNL255C
YGL180W	YPR091C
YFR004W	YFR037C
YER022W	YGL025C
YDR510W	YLL004W
YEL051W	YNL255C
YLR293C	YOL021C
YGL124C	YLR148W
YLR175W	YMR205C
YCL031C	YIL035C
YIL062C	YNL073W
YHR007C	YKL088W
YFL039C	YNL272C
YLR333C	YNL255C
YGL223C	YJL036W
YLR291C	YLR321C
YMR112C	YOL135C
YBR072W	YNL064C
YCR036W	YFR004W
YML094W	YOL076W
YJR047C	YOL128C
YDL101C	YJL111W
YGL237C	YGR146C
YFL022C	YMR284W
YGL031C	YGR214W
YBR031W	YGL031C
YFR010W	YLR429W
YDL140C	YMR201C
YFR010W	YGL141W
YLL039C	YLR429W
YIL070C	YOR326W
YLR438W	YPL204W
YNL113W	YOR207C
YLL039C	YPL204W
YBL093C	YLR071C
YKL015W	YOR231W
YDR335W	YJL157C
YKL019W	YOL135C
YDR207C	YNL307C
YIL095W	YPL131W
YHR114W	YLR127C
YIR035C	YPL001W
YBL099W	YIR010W
YMR140W	YMR216C
YEL001C	YGR126W
YJR019C	YLL039C
YJR066W	YNL138W
YDR388W	YEL037C
YDR510W	YFR001W
YLR276C	YNL255C
YML100W	YMR261C
YGR192C	YNL255C
YJL014W	YOR281C
YMR153W	YPL018W
YGR237C	YIL154C
YPL171C	YPL204W
YIL035C	YOR295W
YHR081W	YNL232W
YDR510W	YLR394W
YDL029W	YEL037C
YBR193C	YGL025C
YLR381W	YOL054W
YLR002C	YLR449W
YKL049C	YOR069W
YLR029C	YOR117W
YIL035C	YIL084C
YGL245W	YGR207C
YJL036W	YLL039C
YDR510W	YLR383W
YBR049C	YKR001C
YIR010W	YPR187W
YLR449W	YOL012C
YDL084W	YOR117W
YDR412W	YML103C
YNL255C	YOR234C
YAL030W	YDR189W
YNL255C	YOR095C
YDR394W	YMR216C
YEL023C	YML109W
YDL075W	YMR194W
YDL051W	YHR135C
YBL072C	YLL039C
YCR063W	YNL252C
YAL005C	YAR002W
YGL229C	YJR066W
YGR275W	YNR023W
YBR207W	YLR342W
YKL095W	YLR117C
YKL065C	YLR018C
YAL038W	YPR010C
YMR117C	YPR145W
YKL130C	YLR274W
YDR265W	YGL153W
YBL023C	YBR202W
YBR247C	YIL061C
YBR087W	YER173W
YHR196W	YPL266W
YER068W	YJR091C
YER089C	YOR230W
YDL217C	YOR297C
YBR215W	YDR510W
YGR120C	YPR191W
YGR222W	YNR045W
YBL038W	YOR204W
YGL124C	YPL240C
YJR113C	YNL081C
YBL016W	YNR019W
YHR199C	YLR427W
YFR004W	YGR186W
YGR048W	YPL222W
YKL081W	YML064C
YKL009W	YLR029C
YBR031W	YNL255C
YKR018C	YNR029C
YAL034C	YJR123W
YBR237W	YMR125W
YGR128C	YLL039C
YAL024C	YNL098C
YGR128C	YLR293C
YHR135C	YML080W
YLL039C	YML100W
YHL010C	YKR017C
YER002W	YHR052W
YGL105W	YHR135C
YJL179W	YLR424W
YBL085W	YOL019W
YDR308C	YNL255C
YNL022C	YNL255C
YHR148W	YMR093W
YNL113W	YOR340C
YER122C	YPL141C
YHR013C	YNL209W
YGL078C	YOR117W
YFR004W	YPR010C
YOR191W	YPL269W
YLL039C	YPL079W
YDR496C	YPR144C
YLR018C	YPR028W
YBR231C	YDR334W
YHR148W	YLR186W
YHR148W	YOR096W
YBR107C	YDR383C
YER012W	YER103W
YDR116C	YMR024W
YDR299W	YLR186W
YFL045C	YLL039C
YKL010C	YOR259C
YJL047C	YPL216W
YGL105W	YMR059W
YHR030C	YHR102W
YJL057C	YNL112W
YBL085W	YNL025C
YAL005C	YFR010W
YGR252W	YMR227C
YJR123W	YMR093W
YDL003W	YGR184C
YIL125W	YMR235C
YHR169W	YLR180W
YKL174C	YPL240C
YFL034W	YHR135C
YGR256W	YMR059W
YKR048C	YLR330W
YOR340C	YPR010C
YDR300C	YNL255C
YAL053W	YMR238W
YDR448W	YEL009C
YCL059C	YJR145C
YBL002W	YOR304W
YCL008C	YGR206W
YJL014W	YNL243W
YJL178C	YPL246C
YDR260C	YKL022C
YIR017C	YNL255C
YEL023C	YJL052W
YGR092W	YOR317W
YBR031W	YDR012W
YGR192C	YLR039C
YIL111W	YNL255C
YDR357C	YGL079W
YDR158W	YKL130C
YDL207W	YJL039C
YER012W	YHR174W
YBR121C	YDR388W
YGR075C	YLL036C
YDR479C	YNL263C
YDR378C	YLR053C
YKL006W	YNL255C
YGL206C	YGR167W
YDL100C	YML101C
YNL222W	YPL008W
YBR193C	YER012W
YGR027C	YIR010W
YDR297W	YKL088W
YKL114C	YLR248W
YHR196W	YPR144C
YLR333C	YPL004C
YDR388W	YLR381W
YIL115C	YKL186C
YGL180W	YGL208W
YGR083C	YJR007W
YDL148C	YLR186W
YGL124C	YMR231W
YNL029C	YPR041W
YER022W	YGL127C
YDL207W	YML103C
YKL009W	YPL220W
YDR002W	YOR117W
YHR216W	YML056C
YBL002W	YNL255C
YBL061C	YGL180W
YBR049C	YOR340C
YGR245C	YMR049C
YMR109W	YNR059W
YGR186W	YNL124W
YML064C	YOR020C
YER006W	YOL127W
YDR308C	YMR112C
YBR253W	YNL025C
YKL068W	YMR129W
YGL237C	YNR031C
YBR199W	YPL240C
YBR085W	YER171W
YDR381W	YKL114C
YER165W	YLL013C
YGL134W	YML091C
YOR123C	YPL141C
YDR510W	YER013W
YDR244W	YLL039C
YBR041W	YKR046C
YMR153W	YPL204W
YKL009W	YNL255C
YDR288W	YOR352W
YER134C	YHR171W
YLR421C	YPR108W
YDL226C	YGL198W
YFR004W	YNR001C
YJL019W	YNL029C
YDR300C	YNL177C
YCL031C	YER118C
YJR076C	YOR191W
YDR162C	YPL180W
YDL076C	YMR263W
YER006W	YLR276C
YGR181W	YKL195W
YLR007W	YLR383W
YGL059W	YPL240C
YFR004W	YKL112W
YKL049C	YOR207C
YFL024C	YHR099W
YLL039C	YPL160W
YDR137W	YMR146C
YOL040C	YOL127W
YGR252W	YLR333C
YIL084C	YJL036W
YDL111C	YGR158C
YBR109C	YFR004W
YAL005C	YPR135W
YGL242C	YKL035W
YNL076W	YOR326W
YAL032C	YDR510W
YDR240C	YHR086W
YBR042C	YLR170C
YFL047W	YOR231W
YAL005C	YOL006C
YNL208W	YNL255C
YEL037C	YMR201C
YAR002W	YMR129W
YGR131W	YNL172W
YDR388W	YNL103W
YCR063W	YER165W
YLL039C	YML013W
YBL016W	YER122C
YJL076W	YKL001C
YER103W	YNL157W
YBR194W	YMR246W
YHR165C	YML051W
YDR162C	YNL255C
YBL038W	YGR093W
YGL048C	YOR117W
YFR031C-A	YHR085W
YHR016C	YOR247W
YJR110W	YMR049C
YDR412W	YFL002C
YMR194W	YOR096W
YBL078C	YOR100C
YLL039C	YLR421C
YBL099W	YJR121W
YIL019W	YPR144C
YHR094C	YJL012C
YHR196W	YJR002W
YGL048C	YLR421C
YER040W	YJR066W
YDR100W	YMR024W
YGR085C	YMR194W
YBR031W	YER012W
YKL135C	YLR170C
YCL032W	YLR423C
YLL050C	YLR429W
YBR109C	YFL039C
YGR040W	YHR033W
YDR335W	YLR182W
YGL153W	YOL147C
YDR108W	YDR407C
YER070W	YOR117W
YFR018C	YNL255C
YLL036C	YLR298C
YIL149C	YPR144C
YFL039C	YNL218W
YGR187C	YLL039C
YML091C	YNL118C
YLR424W	YML049C
YDR381W	YER103W
YKL009W	YKR081C
YOL108C	YOR344C
YFR052W	YOR261C
YDL116W	YJL039C
YNL022C	YPL026C
YAL038W	YLR153C
YBR247C	YPL266W
YJR063W	YNL154C
YDR405W	YMR024W
YFL024C	YFR037C
YGR085C	YOR294W
YGL025C	YGL127C
YIL035C	YJL076W
YGL031C	YOR063W
YDL209C	YFL039C
YDR188W	YJL014W
YKL067W	YML064C
YIL076W	YLR259C
YGR223C	YMR109W
YGL048C	YKL010C
YDR265W	YPL240C
YGR204W	YLR441C
YJL041W	YKL186C
YFR011C	YNL113W
YDR216W	YHR099W
YIR010W	YOR361C
YEL056W	YPL001W
YBR109C	YGL063W
YER013W	YPL151C
YLR342W	YML067C
YLR022C	YNL163C
YIR010W	YLR381W
YER006W	YPL131W
YCR082W	YDR448W
YHR072W	YLR144C
YCL011C	YNL112W
YLR325C	YOR063W
YGR252W	YKL060C
YDL002C	YLR357W
YDL075W	YGR103W
YLL039C	YMR235C
YGR092W	YKR022C
YDR299W	YPL126W
YGR126W	YHR135C
YOR117W	YOR335C
YLR408C	YNL086W
YDR256C	YLR291C
YEL054C	YHR052W
YGL059W	YLL038C
YFR014C	YGL143C
YNL064C	YOR197W
YGR252W	YMR319C
YDR216W	YMR106C
YGR092W	YNL288W
YIR006C	YJR065C
YBR273C	YNL307C
YGL134W	YPL204W
YBL003C	YER147C
YDR012W	YLR398C
YBR247C	YLL011W
YDR062W	YML085C
YBR146W	YJR101W
YGR284C	YLL023C
YCL037C	YLR175W
YDR091C	YPL220W
YAL035W	YMR229C
YCR030C	YIR010W
YDL116W	YDL207W
YDL055C	YER086W
YMR246W	YPR152C
YGR048W	YML023C
YFR004W	YNL059C
YLL039C	YPL026C
YKL065C	YPR198W
YAL032C	YHR161C
YER047C	YOL034W
YKL181W	YPL204W
YBR167C	YNL282W
YML074C	YOL012C
YNL097C	YPR023C
YAL035W	YNL255C
YDL148C	YJR002W
YBR086C	YOR267C
YGL151W	YNR010W
YBR274W	YKL181W
YDR002W	YKR048C
YNL055C	YNL085W
YBR223C	YLR429W
YDL002C	YOR189W
YJL138C	YMR059W
YDR361C	YMR021C
YGL092W	YPL169C
YKL049C	YPR024W
YIL112W	YMR273C
YER129W	YPL204W
YER125W	YPL084W
YHR080C	YPL240C
YNL103W	YNL272C
YGR099W	YKL068W
YER164W	YGL112C
YDR364C	YDR482C
YLR276C	YOR063W
YBR072W	YJL047C
YDR392W	YDR448W
YGL206C	YKR021W
YJL084C	YJR005W
YBR142W	YLR276C
YFL049W	YMR033W
YIL035C	YOR061W
YBL030C	YLL039C
YNL255C	YOL005C
YLR028C	YMR120C
YDL148C	YPL240C
YDR381W	YPL151C
YDR381W	YLR435W
YDR412W	YGL147C
YBR031W	YLR287C-A
YPL269W	YPR120C
YDR335W	YFL037W
YFR004W	YGL245W
YFL039C	YLL050C
YBR031W	YJR123W
YDL150W	YOR207C
YGL201C	YPR019W
YDR479C	YHR008C
YFR031C-A	YLR441C
YMR223W	YMR236W
YLL039C	YOL073C
YDL006W	YDR162C
YDR057W	YML013W
YHR072W	YML008C
YGR128C	YMR229C
YBR031W	YOL127W
YGR092W	YNL125C
YBR106W	YDR510W
YKL042W	YOR373W
YGL198W	YJL036W
YGR048W	YPR154W
YDR086C	YNL255C
YHR135C	YJL166W
YBR279W	YER012W
YIR010W	YLR287C-A
YBR258C	YHR119W
YLR304C	YMR049C
YGR275W	YOR156C
YDL239C	YLR423C
YJL138C	YJR007W
YKL065C	YLL061W
YER022W	YGR104C
YNL113W	YOR341W
YMR235C	YNL255C
YER047C	YPL126W
YGL150C	YIR010W
YDL101C	YKL025C
YKL016C	YPL078C
YBL016W	YDR388W
YOL133W	YPL036W
YKL213C	YNL255C
YHR001W	YKL212W
YBR258C	YDL140C
YLR029C	YOR204W
YLR291C	YOR335C
YAL027W	YOR294W
YIL035C	YPR103W
YML069W	YOL006C
YDL149W	YLR423C
YBR106W	YKL088W
YIL149C	YKR095W
YDR224C	YDR510W
YDR356W	YML085C
YBR106W	YPL076W
YLR245C	YNL288W
YFR004W	YLR248W
YGR223C	YOR089C
YIL035C	YJL044C
YLR248W	YMR319C
YCR091W	YGR223C
YKL130C	YMR314W
YDR323C	YOR036W
YKL001C	YPL240C
YDR176W	YER164W
YLR370C	YNR035C
YGR237C	YKR081C
YDL047W	YDL219W
YHR030C	YPL077C
YHR031C	YNL262W
YDR173C	YMR042W
YHL011C	YML085C
YFL021W	YJR066W
YGR279C	YLR291C
YKL012W	YOR159C
YKL135C	YKR021W
YDR173C	YNL255C
YBR142W	YLL019C
YKL049C	YPL018W
YFR014C	YGL172W
YBR211C	YDR383C
YDR356W	YHR076W
YHR088W	YKL009W
YDL111C	YOR076C
YIL035C	YLR345W
YBR082C	YDR244W
YIL027C	YJL192C
YFR010W	YMR136W
YDR502C	YLR180W
YDR412W	YPL220W
YBL099W	YJL180C
YBL037W	YOL062C
YDR256C	YNR031C
YDR188W	YKL016C
YBR234C	YDR388W
YDR381W	YLR115W
YKL049C	YMR246W
YDL015C	YLR259C
YGR103W	YKL014C
YBR154C	YJR063W
YDL042C	YJL076W
YDR212W	YHR119W
YMR300C	YNL255C
YBR248C	YNL255C
YLR310C	YPR023C
YAL024C	YIL109C
YDL116W	YMR129W
YDL191W	YHR197W
YLR330W	YPL220W
YDL075W	YER006W
YBR108W	YGL180W
YDR224C	YML074C
YGR142W	YLR424W
YBR247C	YLR175W
YGL174W	YMR213W
YDL047W	YNL101W
YBR253W	YDR167W
YLR029C	YMR229C
YDL006W	YDR103W
YIR037W	YML086C
YAL005C	YIR010W
YEL009C	YNR023W
YDR496C	YKR081C
YHR079C	YMR229C
YBR142W	YKL166C
YGR043C	YJL057C
YDR123C	YPR086W
YBR244W	YLR117C
YFL002C	YPL220W
YDL101C	YER173W
YHR185C	YKL166C
YBL063W	YDR356W
YGL045W	YPL065W
YLR248W	YMR178W
YER165W	YMR125W
YLR421C	YNL073W
YBR055C	YJR105W
YBR222C	YLR240W
YDR135C	YOR039W
YMR036C	YNL307C
YLR423C	YOR117W
YIL109C	YLL039C
YER125W	YNL136W
YNL113W	YPR049C
YGR252W	YKL193C
YBR106W	YPL189W
YDL044C	YMR257C
YEL022W	YKR030W
YKL049C	YMR308C
YDR246W	YDR472W
YOL034W	YPR105C
YER164W	YOR304W
YER006W	YLR449W
YHR169W	YOR063W
YFR010W	YFR014C
YMR216C	YOR239W
YKL219W	YLL061W
YMR142C	YPL249C-A
YFR004W	YMR300C
YHR161C	YIL095W
YKL064W	YMR216C
YLR291C	YPR010C
YKL139W	YPL077C
YLL039C	YPL269W
YFL038C	YFR004W
YHR079C	YML075C
YDR090C	YLL039C
YDR101C	YJL041W
YHR114W	YPL049C
YLR249W	YNL201C
YHL024W	YHR135C
YIR010W	YMR246W
YKR048C	YPL220W
YIL103W	YLR429W
YBR087W	YMR181C
YBR223C	YPL181W
YKL081W	YLR249W
YGR112W	YPR191W
YHR118C	YKR081C
YER125W	YKR097W
YGR142W	YKL049C
YML008C	YMR059W
YDR510W	YLR256W
YKL198C	YOR198C
YDR364C	YKR086W
YHR088W	YOL127W
YMR235C	YPL141C
YDL047W	YLL039C
YDR364C	YKL095W
YLL039C	YOR117W
YNL255C	YPL079W
YDR510W	YPR034W
YMR203W	YNL026W
YNL307C	YNR033W
YGL079W	YHR135C
YMR215W	YPR028W
YBR221C	YIR010W
YLR268W	YPL232W
YBR023C	YER166W
YMR049C	YOR061W
YDR510W	YLR259C
YLL004W	YPR120C
YDR383C	YPR046W
YBR082C	YLL039C
YBR247C	YJR145C
YDR264C	YOR171C
YHR174W	YOR117W
YBR222C	YKL185W
YAL005C	YGL093W
YIL035C	YJL069C
YLR320W	YPR164W
YGL059W	YOR002W
YAL062W	YDR388W
YEL019C	YMR284W
YER012W	YLL039C
YDR188W	YOR281C
YBL003C	YOR061W
YDR510W	YLR455W
YER164W	YHR099W
YIR010W	YPL131W
YEL002C	YHR039C
YDR207C	YOL082W
YDL170W	YLL039C
YIL075C	YNL075W
YGL256W	YHR135C
YER171W	YNL064C
YDR101C	YDR192C
YDL137W	YDR100W
YFR004W	YKL191W
YBL030C	YFR004W
YDR510W	YHR099W
YFR014C	YGL079W
YBR108W	YHR114W
YCL054W	YOR080W
YFR004W	YLR438W
YFL016C	YIR010W
YNL212W	YPL204W
YBR106W	YDR508C
YER154W	YPL078C
YHR030C	YOR080W
YER171W	YHR042W
YGR227W	YHR016C
YAL005C	YDL116W
YDR108W	YDR472W
YLL002W	YNL030W
YDL116W	YDR412W
YDR212W	YLR030W
YGR256W	YPL126W
YHR007C	YOR273C
YLR417W	YPL240C
YBR102C	YJL085W
YAR019C	YGL245W
YHR007C	YHR072W
YHL024W	YHR205W
YJL141C	YLR342W
YDR247W	YMR270C
YDR322W	YNL252C
YFR031C-A	YOR063W
YDR359C	YDR510W
YAL032C	YDL043C
YGL115W	YOR018W
YKL009W	YOR267C
YMR125W	YNL255C
YEL030W	YJR062C
YBL079W	YPL169C
YCR030C	YOL054W
YKL095W	YKR048C
YDL131W	YHR079C
YDL060W	YPL204W
YBL030C	YGL191W
YNL055C	YPR164W
YDL148C	YMR229C
YDR213W	YHR165C
YCL011C	YNL255C
YJL034W	YMR214W
YCR004C	YGR130C
YNL251C	YPR187W
YEL054C	YOR063W
YBR142W	YJR145C
YDR308C	YGR104C
YDR496C	YLR276C
YDL100C	YDL121C
YJR031C	YNL287W
YMR276W	YNL268W
YDR452W	YKL028W
YHL001W	YMR142C
YFR010W	YHR135C
YAL035W	YPR152C
YGL078C	YHR115C
YHR118C	YPR120C
YKL152C	YLR180W
YOR020C	YOR110W
YKL008C	YPL076W
YCL054W	YFR001W
YBR088C	YDR510W
YFR004W	YPL160W
YBR172C	YLR116W
YDR101C	YGL031C
YDR176W	YGL112C
YIL093C	YKL155C
YLR287C-A	YMR194W
YER125W	YKL020C
YGL156W	YOL082W
YBR108W	YPL141C
YGR266W	YLL039C
YDR496C	YMR229C
YGL150C	YNL059C
YBR031W	YHL001W
YLR178C	YMR297W
YHR135C	YMR173W
YBL045C	YNL118C
YBL086C	YNL154C
YBL002W	YCR086W
YBL002W	YOL087C
YIL037C	YMR059W
YJR105W	YOR117W
YDL055C	YDR335W
YGR178C	YNR014W
YCL017C	YJL141C
YDR510W	YMR219W
YFR004W	YJR073C
YBR162W-A	YNL255C
YER166W	YLL039C
YDR510W	YPL228W
YBR247C	YGR214W
YDR301W	YPL240C
YCR005C	YLL039C
YHR052W	YNL227C
YFL003C	YLR394W
YHR128W	YML085C
YDL239C	YOR324C
YML013W	YML029W
YBR279W	YOL145C
YIL019W	YKL082C
YFR010W	YOR117W
YBR082C	YKL034W
YBR173C	YJL001W
YER067W	YFR004W
YOR197W	YPL131W
YLL036C	YLR438C-A
YLL039C	YNL255C
YDR258C	YKR008W
YDR030C	YDR188W
YLR153C	YLR249W
YHR001W	YPL058C
YAL027W	YDR174W
YBR060C	YDR227W
YFR010W	YOR261C
YDL150W	YKL179C
YFR031C-A	YLR448W
YGR123C	YKL117W
YDR448W	YPR173C
YDR329C	YOL044W
YLR274W	YOR326W
YAL005C	YLR398C
YHR164C	YHR165C
YAR027W	YDR411C
YGL209W	YHR135C
YKL146W	YLL039C
YAL012W	YMR300C
YNL255C	YPL028W
YIL084C	YPR023C
YKR066C	YOR065W
YLL039C	YPR042C
YER012W	YHR033W
YDR308C	YLR071C
YEL022W	YNL267W
YLR148W	YMR231W
YDR105C	YGL006W
YCL059C	YGR214W
YBR086C	YNL154C
YDR372C	YDR483W
YER144C	YOR157C
YDR188W	YFR009W
YDR394W	YDR427W
YGL086W	YKR095W
YDR214W	YPR010C
YML121W	YPL180W
YGR130C	YPR152C
YLR071C	YPR168W
YBR194W	YER172C
YBR247C	YCL059C
YGL004C	YPR108W
YDR323C	YLR148W
YEL037C	YNR031C
YDR214W	YOR212W
YBL072C	YFR031C-A
YGR142W	YJL036W
YHR174W	YIR010W
YIR010W	YMR117C
YGR040W	YKR048C
YHR007C	YNL130C
YDR098C	YLL039C
YGR245C	YNL255C
YBR279W	YGL244W
YJR091C	YMR067C
YDL140C	YLR384C
YGL059W	YMR120C
YBR194W	YMR213W
YCR005C	YJL042W
YDL029W	YOR212W
YDR301W	YGR156W
YKL008C	YML064C
YDR425W	YJR110W
YKR097W	YPL180W
YER067W	YNL255C
YBR060C	YMR036C
YLR343W	YMR215W
YDR412W	YER002W
YER006W	YFR004W
YFR004W	YOR259C
YHR052W	YLR276C
YDR381W	YER171W
YBR155W	YNL154C
YDL047W	YOR267C
YLL039C	YPL232W
YDR062W	YLL039C
YFR014C	YKR009C
YER099C	YLL039C
YKR001C	YNL059C
YIL177C	YKL049C
YDR388W	YNL138W
YMR039C	YPR086W
YKL065C	YLL039C
YAL005C	YOL097C
YBL052C	YOL012C
YCR020W-B	YKR008W
YAL005C	YDR510W
YJL057C	YMR129W
YDR330W	YGL180W
YNL207W	YOR039W
YCR034W	YMR058W
YBR106W	YFL025C
YOL147C	YPR128C
YJL057C	YMR276W
YLL039C	YPR155C
YFR004W	YPR103W
YJR002W	YPL126W
YKL053C-A	YLR193C
YGR158C	YNL232W
YDR057W	YML029W
YHL001W	YLR441C
YBL035C	YIR008C
YGL131C	YNL127W
YIL171W	YPR028W
YGR097W	YOR061W
YOR063W	YPL220W
YDR162C	YER086W
YDR312W	YHR052W
YHR135C	YOR239W
YBR274W	YMR146C
YMR229C	YNL154C
YDR381W	YGL112C
YBR121C	YGR128C
YML049C	YMR240C
YDR510W	YGL157W
YBR072W	YDR213W
YEL061C	YGR135W
YDL017W	YDR168W
YGR048W	YGR178C
YLR291C	YPL049C
YGR048W	YML013W
YER177W	YMR086W
YBR175W	YNL255C
YGL178W	YNL288W
YGR128C	YHR148W
YKL004W	YNR028W
YDR091C	YLR192C
YMR049C	YMR100W
YAL013W	YIL084C
YMR036C	YPL204W
YDR091C	YNL112W
YBR234C	YNL138W
YFR004W	YJR014W
YDR171W	YNL085W
YMR112C	YPR168W
YCL037C	YKL139W
YBR072W	YNL255C
YOL045W	YPL077C
YLR310C	YNL307C
YKL117W	YLR216C
YCR077C	YDL160C
YFL062W	YMR306W
YLR029C	YOL040C
YDL047W	YLR248W
YOL082W	YPL141C
YBR154C	YKR008W
YOL127W	YPL249C-A
YIL035C	YOR052C
YER012W	YJL132W
YDR308C	YOL135C
YBL034C	YMR117C
YDR159W	YGL172W
YMR074C	YNL255C
YNL052W	YPL216W
YLR321C	YLR357W
YKL095W	YPR191W
YCR075C	YPL246C
YBR109C	YKL042W
YDR448W	YMR223W
YBR125C	YGL206C
YCR088W	YOR116C
YEL058W	YFR004W
YGL237C	YHR052W
YER164W	YMR223W
YGL006W	YHR094C
YBR031W	YLR424W
YBR234C	YIR006C
YGL104C	YML075C
YDR388W	YFR010W
YFR014C	YJR076C
YJL065C	YNR029C
YBL105C	YMR113W
YBR194W	YPR091C
YCL037C	YKR048C
YCR012W	YCR077C
YNL136W	YPR023C
YIL035C	YLR019W
YKL009W	YLR448W
YHR030C	YNR031C
YDL239C	YDR273W
YKR080W	YPL026C
YDR322C-A	YLL039C
YFR004W	YHR104W
YHR197W	YOL041C
YDL131W	YDR143C
YKR068C	YLL039C
YGR116W	YOR061W
YJR103W	YLL039C
YDR092W	YMR140W
YKL049C	YMR207C
YKR008W	YMR033W
YBR289W	YFL049W
YDL074C	YPL141C
YKL060C	YPR152C
YBL023C	YKL049C
YER012W	YOR261C
YDR143C	YJL052W
YDR479C	YGR149W
YER012W	YGL244W
YBR108W	YHR079C
YBR234C	YIL095W
YLR131C	YNL254C
YLR071C	YPR187W
YBL016W	YPL049C
YPL155C	YPL269W
YBR234C	YNR035C
YFL033C	YPL204W
YHR118C	YPL008W
YBL035C	YDL058W
YIL076W	YNL258C
YKL065C	YPL264C
YGR092W	YIL135C
YMR165C	YNL307C
YDR168W	YGR040W
YDR502C	YHR169W
YIR010W	YMR039C
YDR479C	YEL042W
YDR143C	YJR009C
YDR510W	YML070W
YBL030C	YEL024W
YDR510W	YFL024C
YGL180W	YKL048C
YDR510W	YLR420W
YIL093C	YNR037C
YBR183W	YDR039C
YBL003C	YJL138C
YDR515W	YPR188C
YBR244W	YCR086W
YHR052W	YOL041C
YFR004W	YPL131W
YBL036C	YMR319C
YDR188W	YMR049C
YGL112C	YNL039W
YBR082C	YDL190C
YNL055C	YOL087C
YBR146W	YOR204W
YDR264C	YLL039C
YGR284C	YOL132W
YKL095W	YPL037C
YBR105C	YMR135C
YDR318W	YPL018W
YLR304C	YOL006C
YFL011W	YPL240C
YLR304C	YPL204W
YOR326W	YPL249C
YAL010C	YNL026W
YJR066W	YNL135C
YHR135C	YPR143W
YGR040W	YPL049C
YIR037W	YKL028W
YDR374C	YLR423C
YDR382W	YGR085C
YGL187C	YLR203C
YDR277C	YMR109W
YER186C	YNL255C
YJL186W	YOL018C
YGR245C	YPL249C-A
YEL041W	YHR115C
YLR291C	YNL307C
YDL186W	YHR079C
YDR437W	YPL076W
YEL034W	YOR063W
YDR394W	YLR421C
YGL234W	YJR123W
YFR009W	YNL272C
YFR040W	YHR114W
YDR510W	YKL216W
YDR386W	YML074C
YJL138C	YNL255C
YHR135C	YKL042W
YEL037C	YOR261C
YNL225C	YOR373W
YBL093C	YBR193C
YCL032W	YGL157W
YDR158W	YLL039C
YDR409W	YDR510W
YLR083C	YOR071C
YDL217C	YHR005C-A
YDR247W	YPR010C
YIR010W	YOR304W
YFR019W	YNL135C
YDR295C	YNL154C
YLR435W	YNL207W
YHR079C	YOL082W
YIL061C	YIL070C
YLR287C	YOR231W
YBR154C	YNL251C
YGR068C	YGR080W
YKR008W	YLR321C
YDR240C	YKL012W
YDR381W	YKL155C
YBL104C	YER172C
YEL030W	YMR214W
YGR245C	YHR052W
YDR100W	YGR223C
YGR056W	YOR319W
YDR392W	YMR223W
YCL032W	YIL118W
YLL039C	YLR276C
YKR008W	YML127W
YBL003C	YOR304W
YDR510W	YGL206C
YER162C	YLL039C
YER177W	YPL204W
YMR194W	YOL040C
YDR382W	YDR471W
YNL085W	YOL133W
YGR245C	YKR081C
YDR508C	YIL114C
YCL025C	YML038C
YKL110C	YPL204W
YAR019C	YNL307C
YJR063W	YOR341W
YGL151W	YHR058C
YBR055C	YGR075C
YMR233W	YNL154C
YFL005W	YPR028W
YBL038W	YDR116C
YBL101C	YNL225C
YFR043C	YLL039C
YBR106W	YJR124C
YGL086W	YOR026W
YLR320W	YNL055C
YER092W	YGL180W
YBR109C	YFL014W
YCR086W	YDR224C
YKR066C	YNL299W
YDR163W	YMR213W
YGR056W	YNL307C
YNL255C	YOL133W
YGR165W	YNR036C
YCR084C	YNL021W
Q0085	YJR121W
YMR049C	YOR063W
YIL035C	YNL207W
YNR054C	YPL240C
YDR062W	YEL022W
YBL093C	YHR058C
YLR429W	YOL012C
YIR010W	YPR046W
YER006W	YPL204W
YHR030C	YLR175W
YLR248W	YPL078C
YMR017W	YOR036W
YBL051C	YDL165W
YKL144C	YNL113W
YJR121W	YKL016C
YHR014W	YPL204W
YDR394W	YGR092W
YOL091W	YPL018W
YIL008W	YNL119W
YBR142W	YGL078C
YDL084W	YOL072W
YGR128C	YMR093W
YBR193C	YDL140C
YKL012W	YLR116W
YHR052W	YIR010W
YDR284C	YPR036W
YDR510W	YGR048W
YLR438W	YMR059W
YDR212W	YLL039C
YKL109W	YMR117C
YGL059W	YKL008C
YGR149W	YNL181W
YGR232W	YNL255C
YDL140C	YKL130C
YGL059W	YIL135C
YJL187C	YNL206C
YOR063W	YPL226W
YER023W	YKR048C
YBL093C	YGL151W
YLR324W	YMR153W
YDR001C	YER177W
YMR311C	YNL255C
YMR146C	YNL244C
YEL009C	YGL025C
YJL014W	YJL111W
YNL097C	YPL181W
YBL072C	YOL127W
YDL075W	YOL040C
YAL005C	YLR357W
YLR249W	YML069W
YDR496C	YKL185W
YCR014C	YFR052W
YJL052W	YOR117W
YDL227C	YMR308C
YGR192C	YPL240C
YFR014C	YLR030W
YFR014C	YPL100W
YGL115W	YGL208W
YDR086C	YEL002C
YBL045C	YOR065W
YDL101C	YKR097W
YBL003C	YNL030W
YMR205C	YPR152C
YDR143C	YOL117W
YNL207W	YOL078W
YER009W	YKL130C
YLL011W	YPL126W
YMR238W	YNL307C
YIL115C	YPL204W
YCR084C	YCR088W
YHR007C	YNL280C
YFL005W	YOR117W
YER036C	YNL185C
YDR159W	YIL115C
YNL300W	YPL076W
YGR179C	YML109W
YJR002W	YJR123W
YFL062W	YPL141C
YGR252W	YIL149C
YGL173C	YNL118C
YHR135C	YPL078C
YOL054W	YPR120C
YNL027W	YPL204W
YFL024C	YNL030W
YNL263C	YPL203W
YFL039C	YOR189W
YCR038C	YLR293C
YDR100W	YHR016C
YDR194C	YHR052W
YDR101C	YMR308C
YGR141W	YNL255C
YBR215W	YJR140C
YAL042W	YPL240C
YNL162W	YPR144C
YFR004W	YPL226W
YKL049C	YLR259C
YBL003C	YOL077C
YER172C	YOR159C
YDR471W	YPL220W
YDR510W	YLR086W
YDR502C	YLR153C
YHR108W	YKL135C
YJL187C	YNL227C
YML067C	YML130C
YDR381W	YHR185C
YJL039C	YMR205C
YDR012W	YDR101C
YAL005C	YNL025C
YDR059C	YJL106W
YDR168W	YDR463W
YNR007C	YOR160W
YMR117C	YMR224C
YJL148W	YNL255C
YGL031C	YIR010W
YGL242C	YMR109W
YFR014C	YOR113W
YBL038W	YNL252C
YDR086C	YOR117W
YHR179W	YLR427W
YDL075W	YHR197W
YCR012W	YGR252W
YOR239W	YPL141C
YEL002C	YIL016W
YBL003C	YBR060C
YLL039C	YLR148W
YLR186W	YMR093W
YCR084C	YDL005C
YDR289C	YOL077C
YHR197W	YOL127W
YDR091C	YJR145C
YGR142W	YJL053W
YCR023C	YLL039C
YLR175W	YOR063W
YDL190C	YPL240C
YDR006C	YLR192C
YDR414C	YER118C
YCL048W	YNL255C
YDR153C	YNR006W
YGR278W	YHR165C
YMR240C	YPL151C
YJR091C	YOR317W
YGL150C	YKL049C
YFL039C	YOL012C
YGL112C	YNL216W
YDR012W	YKL009W
YLL039C	YLR249W
YGR129W	YPL151C
YAL032C	YML049C
YLL039C	YOR026W
YFL005W	YLL039C
YGL059W	YKL166C
YDR159W	YMR304W
YDL017W	YIR010W
YAL043C	YOR250C
YDR381W	YNL293W
YER054C	YFR014C
YBR041W	YGR192C
YFR004W	YJR148W
YNL255C	YPL067C
YDR381W	YDR515W
YHR094C	YIL121W
YDL003W	YLR399C
YJL014W	YKL088W
YDL042C	YML109W
YML086C	YMR120C
YKL041W	YPR173C
YJR009C	YML056C
YDR172W	YOR069W
YBR253W	YHR041C
YGL095C	YOR036W
YHR135C	YKR079C
YAL013W	YNL255C
YBL016W	YOL023W
YDL078C	YPL240C
YGL098W	YLR268W
YOR116C	YOR304W
YDR510W	YFL037W
YCR042C	YDR167W
YJL225C	YKL049C
YGR183C	YML086C
YDR386W	YFR001W
YDL148C	YGR100W
YLR200W	YLR212C
YBL023C	YGR040W
YNL064C	YOL006C
YBR193C	YGR104C
YER177W	YOR326W
YBL016W	YMR120C
YJR132W	YLR293C
YPR034W	YPR081C
YCL040W	YFR004W
YDR086C	YLR288C
YDR427W	YEL037C
YKL006C-A	YLL039C
YNL268W	YPL240C
YKL088W	YNL255C
YIL035C	YOR057W
YDR516C	YER125W
YGR048W	YKL213C
YGL206C	YHR161C
YJR053W	YOR373W
YLL039C	YOL096C
YHR216W	YMR142C
YNL064C	YNL073W
YMR216C	YNL112W
YOR117W	YPR163C
YAL002W	YMR231W
YHR135C	YLR438W
YBR155W	YNL209W
YFL036W	YMR136W
YIR010W	YLR325C
YDL084W	YDR143C
YDR412W	YFR001W
YGL173C	YNL255C
YAL043C	YNL313C
YGR103W	YPR041W
YLL039C	YLR407W
YJR053W	YMR319C
YJL180C	YJR121W
YMR314W	YOR157C
YBL072C	YDR418W
YOR061W	YOR294W
YCR063W	YLR117C
YDR170C	YNL287W
YGR040W	YNL085W
YAL005C	YDR301W
YBR082C	YHR115C
YGR155W	YLL039C
YIL034C	YJL187C
YJL034W	YLL039C
YEL009C	YOR117W
YLR388W	YNL255C
YGR255C	YOL096C
YDR011W	YHR094C
YLR438C-A	YPR182W
YDL055C	YLR259C
YIL030C	YML013W
YLR423C	YML064C
YFR004W	YIR035C
YNL136W	YNL154C
YDR479C	YGR284C
YFL005W	YFL038C
YLL039C	YPL058C
YDL100C	YKR100C
YBL030C	YOR176W
YJR121W	YPL271W
YJR134C	YOR326W
YDR322C-A	YOR335C
YDL154W	YMR224C
YDR510W	YPR041W
YLR182W	YML069W
YDR388W	YDR515W
YLL039C	YMR110C
YBR109C	YKL067W
YLR265C	YOR005C
YDR335W	YGL092W
YBR142W	YLR029C
YFR031C-A	YJR145C
YGR252W	YMR236W
YAR027W	YGL129C
YIL070C	YKL049C
YDL097C	YEL037C
YKR068C	YNL255C
YJR070C	YOL045W
YFR031C-A	YKL068W
YML085C	YOL111C
YJL085W	YLR247C
YAL005C	YDL019C
YDR233C	YIR010W
YGL201C	YOR157C
YDR448W	YOL072W
YCL037C	YDL160C
YDR141C	YNL297C
YDR312W	YHR135C
YDL055C	YDR135C
YOL067C	YOL108C
YDR427W	YMR314W
YJR007W	YLR199C
YGL043W	YPR008W
YGR135W	YKR070W
YNL243W	YNR035C
YDR143C	YGL078C
YFR052W	YGL178W
YCR063W	YPL151C
YNL255C	YPL196W
YCL032W	YHL024W
YBL085W	YDR372C
YJL052W	YML056C
YKL166C	YMR223W
YJL187C	YNL027W
YFR014C	YPR152C
YDR159W	YDR264C
YKL022C	YPR152C
YHR135C	YMR165C
YDL065C	YDR329C
YNL172W	YOR315W
YCL057W	YNL307C
YEL051W	YML121W
YFL054C	YHR135C
YOL034W	YOL082W
YBL045C	YKL095W
YBR188C	YGR129W
YIL035C	YOR123C
YER036C	YHR169W
YNL124W	YPL036W
YCL031C	YJL010C
YJR144W	YNL255C
YGL180W	YNL304W
YDL116W	YDR335W
YLR386W	YPL268W
YDR122W	YGR238C
YFL039C	YLR399C
YNL125C	YPL240C
YJL187C	YPL181W
YBL049W	YMR135C
YER177W	YLR028C
YHR081W	YOL142W
YKL129C	YMR109W
YDR308C	YNR010W
YDR412W	YHL001W
YDL167C	YLL039C
YNL209W	YOR117W
YFR037C	YMR033W
YHR052W	YLR002C
YDR159W	YPR152C
YGR130C	YKL193C
YFR004W	YMR173W
YDL055C	YHR128W
YLR083C	YPL240C
YIR010W	YOL041C
YDL042C	YPR010C
YLL039C	YMR304W
YKL049C	YPL019C
YBR191W	YDR418W
YDR405W	YPL173W
YGL216W	YGL254W
YAR019C	YPL026C
YJR045C	YLR369W
YDR177W	YPL269W
YDR388W	YPL077C
YAL035W	YOR361C
YDR304C	YHR097C
YIL008W	YNL255C
YAL013W	YNL097C
YDR171W	YDR448W
YDR012W	YHR052W
YBR114W	YPL154C
YDL075W	YLR448W
YDR301W	YLR115W
YML049C	YOR319W
YBR221C	YKL117W
YGR284C	YMR058W
YDR285W	YLR263W
YLL036C	YML046W
YCR014C	YFR010W
YDL140C	YGR200C
YDL043C	YNL286W
YKR096W	YPL204W
YAL005C	YNL157W
YBL093C	YGL025C
YML051W	YNR010W
YDL140C	YHR088W
YAL024C	YER177W
YOL041C	YOL127W
YGL096W	YOR319W
YDR482C	YER172C
YIL035C	YLR387C
YGL180W	YOR123C
YGL245W	YMR049C
YDR359C	YNL136W
YGR245C	YLR325C
YMR039C	YNL039W
YBR077C	YMR004W
YDR227W	YER164W
YER177W	YJL076W
YNL307C	YOR207C
YKL207W	YMR176W
YLR357W	YML127W
YFR004W	YOR128C
YFR001W	YOL077C
YGR155W	YOR117W
YNL030W	YPL001W
YGL223C	YPR105C
YCR077C	YGL143C
YJR007W	YOR361C
YER077C	YLR233C
YER054C	YGL134W
YNL151C	YOR207C
YCL037C	YNL255C
YFR001W	YPL131W
YDR394W	YMR314W
YDL015C	YDR502C
YJL140W	YLR071C
YDR471W	YJR123W
YJR076C	YML085C
YJL187C	YMR049C
YDL140C	YDR059C
YGR128C	YJL069C
YIL035C	YIR010W
YCR088W	YDR277C
YNL154C	YNR047W
YCR014C	YOR259C
YGL112C	YHR041C
YGL238W	YHR114W
YDL065C	YMR284W
YFR014C	YGR028W
YGR097W	YJL036W
YGL180W	YJR072C
YDR158W	YDR510W
YDR388W	YMR003W
YJR009C	YNL273W
YDR284C	YNL111C
YDR172W	YEL037C
YCR073W-A	YPL026C
YBR188C	YKR022C
YBR142W	YMR163C
YFR004W	YHR179W
YBR161W	YEL042W
YBL016W	YFR039C
YIR010W	YPL037C
YNL255C	YOL006C
YDL140C	YGL048C
YOR178C	YPL204W
YAL011W	YOL012C
YHR148W	YPR144C
YDR381W	YDR386W
YER125W	YGL180W
YDL140C	YOL135C
YGL234W	YPR154W
YDR315C	YOR078W
YCL043C	YMR291W
YFL048C	YLR268W
YEL044W	YOR189W
YMR146C	YNL255C
YKL155C	YOR204W
YPL008W	YPL240C
YLR345W	YOR219C
YAL038W	YOR117W
YJR009C	YLL039C
YHR135C	YMR039C
YHR079C	YPR198W
YMR109W	YOR247W
YFL036W	YJR144W
YCR068W	YNL111C
YAL043C	YNL222W
YGR040W	YLR307W
YBL016W	YMR153W
YBL081W	YPR173C
YDL209C	YLR424W
YDR150W	YLL039C
YFR004W	YOR184W
YDR382W	YOL127W
YBR106W	YFL062W
YLL039C	YMR221C
YKL125W	YPR010C
YAL024C	YCR012W
YML056C	YPL220W
YKL144C	YNL255C
YGR052W	YGR180C
YBR109C	YLR429W
YDR381W	YIR010W
YFL016C	YFR019W
YBL085W	YKL218C
YER006W	YGR245C
YGR136W	YNL293W
YMR112C	YNR010W
YFR004W	YKL213C
YDR394W	YPR108W
YDL203C	YNL154C
YHR030C	YJL001W
YFR004W	YLR180W
YIR010W	YLR075W
YDL140C	YER012W
YER141W	YJL014W
YBL058W	YBR223C
YLR028C	YPL004C
YER118C	YJL062W
YDR382W	YLR287C-A
YDR212W	YOR117W
YFR014C	YPR035W
YER172C	YFR019W
YGL237C	YJL138C
YBR221C	YFL018C
YDR356W	YGL093W
YDR227W	YOR191W
YGR186W	YNL255C
YBR161W	YJR001W
YDR382W	YPL249C-A
YDL116W	YIL115C
YKL009W	YKL014C
YHR114W	YLR426W
YDL140C	YDR404C
YDR510W	YNL030W
YLL011W	YPL240C
YDR382W	YLR075W
YCL054W	YDR412W
YIL035C	YKL064W
YNL255C	YOR159C
YJL034W	YMR307W
YDR100W	YDR501W
YNL209W	YOR061W
YIL035C	YKL160W
YLR259C	YLR320W
YGR155W	YPL204W
YDR394W	YNL085W
YLL039C	YOR197W
YDR129C	YLR203C
YDR364C	YIL030C
YDL209C	YNL255C
YDR394W	YHR030C
YDL140C	YLL039C
YLR116W	YMR216C
YJR066W	YMR216C
YHR016C	YKL129C
YAL005C	YMR165C
YDL056W	YLL036C
YMR140W	YPL037C
YNR046W	YOL061W
YDR510W	YGR186W
YOL077C	YPL131W
YKL152C	YNL255C
YHR169W	YLR153C
YLR018C	YPL169C
YHR174W	YNL127W
YDR260C	YFR036W
YGL059W	YJL084C
YDR176W	YDR448W
YGL023C	YML121W
YGR092W	YOL059W
YBL072C	YGL147C
YCR036W	YNL255C
YBL016W	YDR216W
YLL036C	YLR182W
YDR510W	YOL006C
YER006W	YPR102C
YMR299C	YPL058C
YEL001C	YNL255C
YBR031W	YPR143W
YDR510W	YLR249W
YJL031C	YPR176C
YBR086C	YNL307C
YDR188W	YNL212W
YOL005C	YPR187W
YDL140C	YKL049C
YER136W	YOR089C
YBR056W	YLL039C
YJR076C	YKL048C
YDL002C	YNL255C
YJL141C	YLR109W
YBR195C	YLR017W
YFL026W	YNL307C
YLR098C	YPR049C
YCR084C	YGR104C
YGR192C	YJL039C
YDR167W	YOL012C
YLR004C	YML067C
YLR429W	YMR109W
YBR040W	YCL040W
YDL043C	YNL023C
YGL180W	YJR092W
YNL272C	YOR267C
YFR014C	YJL137C
YOR117W	YPR010C
YDR001C	YPL026C
YNL255C	YOR061W
YBL072C	YMR229C
YDL116W	YGL172W
YGR126W	YJL106W
YCL040W	YLL039C
YLR060W	YOR231W
YDR238C	YNL287W
YAL038W	YPL203W
YBR207W	YOL132W
YGL180W	YNL272C
YDR174W	YGR275W
YIL159W	YPL240C
YDR510W	YLR276C
YAL053W	YBR023C
YLR274W	YPR135W
YDL055C	YMR142C
YGL091C	YNL255C
YDL190C	YEL037C
YBR253W	YMR112C
YCR086W	YIL031W
YBL038W	YNL255C
YLR438C-A	YOR096W
YKL152C	YLL036C
YGL173C	YML056C
YDL223C	YNL154C
YGR280C	YNL255C
YBL003C	YDL105W
YDR473C	YHR165C
YMR106C	YMR284W
YIL035C	YKL088W
YJL076W	YKR010C
YJR110W	YLR002C
YLR185W	YNL255C
YBR083W	YPL049C
YJL187C	YNL125C
YDR347W	YNL255C
YGR135W	YNL255C
YBR080C	YLR043C
YDR176W	YMR236W
YNL091W	YNL162W
YEL044W	YNL059C
YER111C	YGR192C
YBR196C	YFR004W
YLR448W	YPL131W
YDR518W	YNL307C
YGR103W	YOR005C
YDL002C	YGR192C
YER092W	YNL250W
YMR258C	YOR089C
YGL198W	YML001W
YDR471W	YMR194W
YGL173C	YHR086W
YDR510W	YPL210C
YOL133W	YOR326W
YER036C	YFR004W
YIR010W	YKL060C
YCR084C	YDR510W
YBL002W	YDR334W
YPR024W	YPR152C
YKR095W	YPL169C
YJL106W	YNL074C
YDR496C	YPL220W
YBR105C	YEL054C
YBR194W	YHR020W
YMR229C	YPL220W
YDR382W	YHL001W
YCR042C	YLL039C
YJL187C	YPL240C
YAL043C	YLL039C
YLR288C	YOR368W
YLR115W	YPL240C
YDR412W	YIL149C
YBR274W	YDR439W
YGR103W	YLL039C
YGR052W	YLL013C
YBR247C	YNL055C
YDR167W	YPR086W
YDR510W	YLR441C
YDL002C	YNL154C
YBR288C	YGR261C
YKR022C	YNL255C
YFR031C-A	YHL001W
YHR070W	YPL240C
YBR142W	YPL141C
YDL100C	YJR040W
YEL042W	YLL039C
YGL011C	YLL039C
YNL255C	YNL293W
YFL038C	YOL018C
YJR066W	YOR035C
YDL140C	YER022W
YDL075W	YHL001W
YDR167W	YGL112C
YHR135C	YIL091C
YDR301W	YOR250C
YIR010W	YJL138C
YDR267C	YNL255C
YPL204W	YPR049C
YFL045C	YML064C
YKR009C	YMR216C
YER111C	YIL050W
YGR232W	YOL117W
YDL005C	YOL135C
YER086W	YJL052W
YLR241W	YMR243C
YLL039C	YOR207C
YDR414C	YNL044W
YGL189C	YLL039C
YEL055C	YPL141C
YKL129C	YNL025C
YBR218C	YHR135C
YDL160C	YNL118C
YDR247W	YGR237C
YBR267W	YDR288W
YDL134C	YGR142W
YBR106W	YNL336W
YDR510W	YML069W
YBL085W	YCL031C
YAL053W	YLR083C
YLL039C	YPL231W
YGL124C	YLL039C
YCR088W	YGL206C
YDL148C	YGR128C
YDR382W	YFR031C-A
YML085C	YNL148C
YFL062W	YJL059W
YGL073W	YLL019C
YLR025W	YPL084W
YHR016C	YOR284W
YOL133W	YOR261C
YNL255C	YNL307C
YHR059W	YNL255C
YJR113C	YNL255C
YBR194W	YLR044C
YGL180W	YPL181W
YFR052W	YNL103W
YFR001W	YGR103W
YDR116C	YDR405W
YAL013W	YDR207C
YLR228C	YMR070W
YHR094C	YMR011W
YER036C	YKL182W
YOR063W	YPL249C-A
YIL076W	YLL039C
YNL244C	YPR041W
YDR150W	YDR295C
YDR108W	YML077W
YKL049C	YML069W
YDL042C	YPL240C
YCL059C	YGR100W
YMR036C	YNL154C
YJR007W	YNL244C
YPL204W	YPR145W
YBL072C	YLR287C-A
YKR020W	YNL255C
YBR194W	YLR342W
YDR170C	YDR388W
YAL030W	YJL036W
YHR058C	YPR168W
YDR122W	YJL187C
YFR014C	YPR187W
YOL013C	YPL240C
YDR012W	YDR382W
YMR315W	YPR152C
YJR109C	YOR117W
YLL039C	YOR353C
YBR058C	YOL006C
YCR084C	YKL213C
YHL029C	YNL099C
YDR244W	YNL044W
YGR252W	YKR095W
YDR227W	YJL019W
YNL255C	YPR103W
YDR356W	YKL042W
YDL047W	YPL204W
YBR106W	YPL264C
YDR388W	YHL032C
YJL106W	YLR457C
YDL052C	YNL138W
YDR510W	YER064C
YGR217W	YLL039C
YBL072C	YBR031W
YDR329C	YOL147C
YFR004W	YJL088W
YDL156W	YNL307C
YDL140C	YKL110C
YDR001C	YFR014C
YIL127C	YJR105W
YLR441C	YPL220W
YGR167W	YKL135C
YDR510W	YKL094W
YAL042W	YDL097C
YBL079W	YDL116W
YER006W	YPR152C
YIL016W	YPR198W
YEL054C	YJR145C
YDR272W	YGR223C
YGL180W	YHL019C
YCL057W	YNL064C
YGR124W	YPR145W
YCR086W	YPL233W
YGR046W	YKL130C
YJR145C	YLR175W
YCR030C	YMR109W
YLL001W	YPL204W
YDL115C	YGL180W
YGL189C	YHR114W
YDR171W	YGR092W
YFL039C	YNL138W
YFR004W	YPR069C
YDR405W	YLR439W
YBL072C	YMR093W
YJR101W	YOR204W
YBR202W	YGL201C
YLR438W	YNL244C
YBL049W	YIL017C
YDR312W	YPR143W
YKL092C	YLR182W
YJL111W	YNL212W
YER111C	YLR182W
YER125W	YFR022W
YJL010C	YMR049C
YDR347W	YNR037C
YDR174W	YDR362C
YDR304C	YHR185C
YBL079W	YGR128C
YDR141C	YJL014W
YFR014C	YMR205C
YHR114W	YIL013C
YDR502C	YNL255C
YJR082C	YLR455W
YMR224C	YNL250W
YJL041W	YMR308C
YER172C	YPL151C
YDL047W	YOR317W
YJL069C	YJR002W
YCR091W	YNL155W
YBR031W	YPR144C
YFR052W	YHR102W
YDR404C	YPL228W
YCR012W	YDR188W
YDR101C	YOR063W
YDR504C	YJL070C
YAL005C	YOR155C
YER173W	YJL014W
YAL048C	YJR009C
YGR082W	YIL035C
YCL011C	YNL253W
YIL095W	YNL272C
YDL156W	YPL220W
YIL016W	YML075C
YDR397C	YJL057C
YBL003C	YOR207C
YCR020W-B	YDR520C
YNL216W	YPL075W
YGR085C	YOR117W
YHR117W	YPL240C
YHR114W	YLR081W
YLR071C	YOL135C
YEL055C	YGL043W
YBR060C	YOR294W
YLR167W	YNL255C
YPR019W	YPR135W
YKL035W	YLL039C
YFL016C	YKL049C
YGR038W	YMR296C
YGL216W	YGR223C
YFR031C-A	YGL147C
YGR085C	YKR081C
YIL035C	YPR152C
YDL084W	YDR381W
YBL030C	YPR191W
YAL043C	YLR115W
YNL039W	YOR116C
YBL079W	YLR018C
YML127W	YMR033W
YFR044C	YOL013C
YHR088W	YPL131W
YDR009W	YML051W
YLR168C	YNL255C
YJL138C	YML064C
YDR227W	YML109W
YCL059C	YLL039C
YLR259C	YPL247C
YIL051C	YKR048C
YDL148C	YFR052W
YIL035C	YML069W
YIL108W	YOL126C
YKR099W	YLR359W
YLL039C	YMR036C
YER129W	YOR373W
YOL077C	YOL127W
YKL092C	YLL039C
YKL014C	YLR249W
YFR004W	YPL096W
YDR227W	YLR293C
YER172C	YML046W
YBR146W	YIL093C
YMR106C	YOR110W
YGL180W	YLR429W
YMR036C	YPR191W
YGR040W	YMR229C
YDR411C	YFR004W
YDR497C	YGR130C
YBR146W	YNL255C
YDR373W	YGL153W
YLR298C	YMR125W
YJL141C	YNL250W
YDR101C	YGR245C
YDL154W	YFL003C
YCL059C	YOL127W
YLR381W	YPL018W
YKR086W	YMR125W
YFR004W	YNL118C
YLR200W	YMR052W
YBR112C	YGL194C
YJL053W	YMR010W
YDL101C	YOL082W
YFR001W	YMR229C
YDR229W	YJL187C
YAL035W	YKR024C
YOL087C	YPR108W
YDR473C	YLR438C-A
YBR247C	YOR078W
YCR086W	YML109W
YER111C	YHR030C
YIL118W	YJL085W
YML112W	YNL118C
YDR335W	YML085C
YAL055W	YDL100C
YBR031W	YPL220W
YJL076W	YPR152C
YMR229C	YOR078W
YDL111C	YDL165W
YGL025C	YOL135C
YOL018C	YOR320C
YER012W	YGL011C
YJR007W	YMR093W
YEL037C	YIL075C
YDR092W	YER061C
YDR482C	YLL036C
YGR180C	YPL240C
YGR184C	YPL177C
YFR014C	YML001W
YBR090C	YNL255C
YFR052W	YMR106C
YAL035W	YMR194W
YER165W	YNL255C
YNL173C	YNL255C
YFR019W	YOL135C
YAL032C	YBL105C
YFR014C	YLR457C
YOL127W	YPL220W
YKL012W	YLR298C
YFL038C	YNL263C
YGR167W	YJL187C
YBL093C	YNR010W
YBL072C	YOR117W
YFL037W	YOR265W
YGL180W	YHR014W
YGR200C	YIL096C
YIL070C	YOR090C
YJR066W	YKR093W
YIL070C	YJR113C
YDR510W	YLR449W
YEL018W	YPR023C
YDL080C	YLL039C
YGL124C	YKL025C
YBR109C	YLR274W
YMR070W	YPL240C
YLL060C	YLR043C
YFL037W	YIR010W
YDR103W	YOR212W
YDR137W	YNL209W
YDL144C	YNL255C
YFL039C	YIL159W
YFL016C	YPR152C
YER032W	YJR089W
YHR004C	YMR165C
YDL055C	YFR040W
YDR381W	YOR267C
YJR124C	YPL141C
YMR142C	YOL127W
YGL153W	YNL214W
YDR174W	YJL076W
YER162C	YHR039C
YDR108W	YFR010W
YBR247C	YLR186W
YDR510W	YFR052W
YCR091W	YML083C
YNL255C	YNL339C
YJL179W	YLR200W
YER162C	YKL005C
YPL258C	YPR154W
YOR197W	YPL240C
YDR394W	YGL004C
YNL255C	YOR252W
YGL036W	YPR041W
YLR117C	YML049C
YOL117W	YPL096W
YHR135C	YPL203W
YER012W	YOR123C
YJL010C	YKL117W
YJL062W	YPL076W
YBL072C	YLR186W
YOR341W	YPR187W
YJR140C	YMR031C
YGL058W	YMR100W
YDR510W	YEL034W
YDR189W	YKL006C-A
YER068W	YPL037C
YEL034W	YNL250W
YJR091C	YLL039C
YBL037W	YJR005W
YLR310C	YPL240C
YFL016C	YPL026C
YLR203C	YPL004C
YNL255C	YOR006C
YDL134C	YLR429W
YNL255C	YOR223W
YOR116C	YOR207C
YDL239C	YOL091W
YBR188C	YPR152C
YDR510W	YEL009C
YGR142W	YNL255C
YGR112W	YHR051W
YBR082C	YER012W
YGL011C	YIL075C
YDL203C	YLR248W
YLL039C	YNL070W
YDR108W	YOR259C
YFR004W	YML100W
YER043C	YLL039C
YLR181C	YNL255C
YBR183W	YGR284C
YDR200C	YNL127W
YKL065C	YNL048W
YER136W	YFR004W
YER012W	YFR052W
YDR039C	YPL058C
YHR187W	YMR236W
YDR381W	YLR398C
YGR135W	YOL146W
YFL022C	YFR004W
YER165W	YHR197W
YAR042W	YLR119W
YDL223C	YNR032C-A
YAL061W	YNL255C
YFR014C	YGL073W
YDR247W	YJR025C
YDR510W	YOR153W
YDR412W	YLR002C
YKL182W	YPL231W
YER122C	YHR135C
YJR132W	YOR326W
YBL003C	YPR010C
YDR362C	YGL180W
YBR236C	YGR116W
YDR216W	YGL112C
YGL237C	YJR132W
YDR085C	YLR423C
YBL093C	YOL135C
YDL226C	YFR004W
YDL098C	YGR075C
YAL035W	YHR216W
YJR065C	YNR035C
YGR085C	YHL001W
YHR052W	YOR061W
YER141W	YGR112W
YKL143W	YML121W
YBR281C	YFR044C
YIL016W	YLL061W
YBR146W	YNR037C
YLR342W	YNL025C
YNL138W	YOL087C
YDR356W	YNL030W
YHR135C	YKL114C
YIL036W	YIR010W
YHR165C	YPL151C
YBR254C	YDR407C
YFR004W	YGR180C
YCR088W	YHR016C
YCR088W	YFL039C
YBR253W	YKR095W
YKL139W	YKR018C
YER047C	YJL019W
YDL055C	YMR229C
YBR106W	YDL054C
YMR142C	YMR194W
YHR135C	YOR340C
YJL123C	YNL255C
YFL029C	YGR080W
YMR173W	YPL141C
YFR004W	YML056C
YGL004C	YGR232W
YDR381W	YHL001W
YDR312W	YGL180W
YFR004W	YOL061W
YOR096W	YPR041W
YMR165C	YNL154C
YBR083W	YKL161C
YCL059C	YDR510W
YJR109C	YLL039C
YKL082C	YPL141C
YGL112C	YNL255C
YLR075W	YPL226W
YDL043C	YNL210W
YFR038W	YHR030C
YDL209C	YMR125W
YIL035C	YKL049C
Q0085	YPL271W
YER131W	YNL255C
YBL049W	YJL014W
YER012W	YOR157C
YDR244W	YGL205W
YBL003C	YDR194C
YDL160C	YLL039C
YDL053C	YJL057C
YBL038W	YLR439W
YBR247C	YLR075W
YAR019C	YJL057C
YHR197W	YOR063W
YLR151C	YNL255C
YFR004W	YMR241W
YBL016W	YDR103W
YHR041C	YLR071C
YBL085W	YER165W
YMR233W	YNL255C
YDR427W	YOR117W
YDR427W	YFR010W
YLL039C	YLR448W
YBR139W	YBR280C
YJL057C	YMR153W
YDR322C-A	YNL255C
YBR279W	YNL255C
YHR165C	YML046W
YFL048C	YML067C
YHR020W	YPR152C
YDR143C	YLR044C
YER125W	YJL084C
YKL049C	YMR229C
YIL156W	YMR216C
YBL002W	YDR510W
YDR224C	YGR252W
YFR004W	YLR153C
YCR021C	YDR479C
YNL154C	YPR152C
YIL061C	YLR439W
YDR501W	YIL121W
YCL008C	YLR119W
YAR028W	YPR128C
YJL123C	YKL049C
YDL055C	YDR238C
YKL016C	YNL255C
YEL023C	YJR009C
YHL024W	YLR429W
YJL014W	YMR106C
YDR192C	YJL041W
YDR364C	YMR213W
YEL009C	YLL039C
YDR343C	YJR066W
YAR027W	YDR100W
YIL075C	YOR261C
YDL042C	YIL035C
YDR192C	YLR131C
YDR224C	YMR223W
YAL005C	YJL039C
YBL093C	YGL127C
YGL105W	YOR231W
YHR144C	YMR201C
YGL059W	YGL180W
YDR288W	YLR383W
YER086W	YGL245W
YDR171W	YLL039C
YAL005C	YBR231C
YFL033C	YOL147C
YGL104C	YGL225W
YDR427W	YOR259C
YDR192C	YOR250C
YBL003C	YHR118C
YDR240C	YLL036C
YER036C	YKL006W
YBR107C	YPR046W
YBR132C	YLL039C
YDR318W	YDR383C
YDL047W	YDR212W
YGR214W	YHL011C
YGL234W	YIR010W
YJL039C	YLR044C
YNL273W	YPR019W
YDL052C	YKL094W
YKL008C	YPL264C
YBL105C	YNL154C
YBL093C	YML051W
YNL288W	YOR284W
YHR115C	YOR215C
YMR263W	YPL181W
YDL005C	YGL127C
YER044C	YNL280C
YDR520C	YPR034W
YLL039C	YMR246W
YGL078C	YLR175W
YDL116W	YPL075W
YEL031W	YFR004W
YGL134W	YKR096W
YDR188W	YJL041W
YEL017C-A	YLL023C
YGL153W	YOL145C
YDR378C	YOR320C
YJR123W	YNL255C
YIL016W	YLL023C
YBR087W	YDR171W
YMR109W	YOR035C
YDL078C	YOR207C
YBR105C	YDR171W
YML130C	YOL088C
YBR114W	YGR192C
YBR183W	YDR506C
YMR109W	YOR227W
YLL060C	YLR429W
YOL146W	YPR019W
YER125W	YNL305C
YDR104C	YMR117C
YIL114C	YNL130C
YLR144C	YLR175W
YJL019W	YNR031C
YLL039C	YML086C
YLR153C	YML085C
YBL093C	YMR109W
YLR330W	YPL131W
YKL085W	YOL128C
YBR087W	YLL039C
YGR214W	YOR117W
YGL098W	YNL255C
YDR214W	YFR004W
YDR448W	YOL135C
YMR101C	YPL240C
YDR012W	YDR091C
YDR510W	YNL097C
YDR388W	YNL287W
YLL050C	YLR059C
YLR291C	YNL025C
YKL160W	YPL141C
YLR085C	YLR187W
YML046W	YMR125W
YDL100C	YFR004W
YHR114W	YKL129C
YBL003C	YNL201C
YBL088C	YLR025W
YGR040W	YLL039C
YBR066C	YKR015C
YDL165W	YDR448W
YDR238C	YIL076W
YFL024C	YPR023C
YOL083W	YPR049C
YDR427W	YLL039C
YNL125C	YNL154C
YDL190C	YDR479C
YDR359C	YPR023C
YHR083W	YML086C
YBR086C	YPR086W
YDL209C	YDR163W
YIL149C	YPL169C
YLR043C	YLR109W
YLL036C	YLR424W
YIL061C	YKL012W
YBR154C	YJL148W
YHR088W	YMR049C
YKR022C	YLL062C
YLR005W	YPR025C
YDL140C	YLR103C
YFR004W	YKL035W
YDR001C	YDR381W
YOL082W	YPL204W
YIL115C	YKL068W
YNL177C	YPR191W
YBL072C	YLL011W
YDL105W	YDL148C
YJL084C	YKL135C
YKL004W	YPL246C
YOR294W	YPR102C
YDR425W	YGL059W
YML056C	YNL255C
YGR082W	YNL055C
YOR259C	YPR108W
YBR191W	YMR194W
YDL097C	YDR180W
YDL131W	YOR117W
YDR159W	YJL039C
YLL039C	YLR291C
YJL056C	YPR154W
YFL062W	YOR071C
YAL035W	YKL049C
YDL148C	YHR148W
YKL062W	YPL203W
YDR129C	YOR117W
YNL293W	YPR165W
YDR212W	YER173W
YLL039C	YOL088C
YLR448W	YOL041C
YHR076W	YLL039C
YDR200C	YNL154C
YDR412W	YLR325C
YHR065C	YJR002W
YDR167W	YDR308C
YKL016C	YML081C-A
YGL245W	YGR092W
YGR082W	YOR061W
YKR021W	YPR029C
YDL200C	YLL011W
YDR388W	YHR016C
YAR071W	YCR038C
YGR232W	YLR029C
YJR132W	YLR310C
YDR475C	YIR010W
YEL037C	YFR052W
YLR259C	YNL085W
YHR030C	YPL240C
YFR010W	YLR421C
YBR154C	YFR004W
YFR014C	YLR259C
YLR336C	YPL268W
YBR172C	YHR165C
YFL005W	YNL044W
YAL015C	YDR510W
YFR014C	YMR165C
YML101C	YPL240C
YEL037C	YPL122C
YDR482C	YLR117C
YDL116W	YDR159W
YDR169C	YLR248W
YDR510W	YLR180W
YFR004W	YLR048W
YNL154C	YOR355W
YAL038W	YHR128W
YER047C	YKL032C
YDR188W	YMR146C
YGR248W	YOR018W
YDR188W	YLL011W
YDR312W	YGR040W
YBR196C	YPR029C
YLL013C	YLR423C
YFL039C	YIL138C
YBR211C	YGR179C
YEL034W	YFL023W
YBR106W	YDR297W
YOR306C	YPL204W
YDL140C	YOL145C
YDR258C	YHR165C
YKL014C	YPL131W
YMR031C	YMR086W
YBL003C	YKR048C
YGR116W	YNL118C
YDR169C	YDR510W
YGR106C	YNL190W
YDR227W	YMR106C
YGL201C	YHR114W
YPL077C	YPL203W
YIL135C	YNL154C
YIL061C	YPR191W
YDR011W	YOR157C
YBR202W	YLR274W
YGR178C	YNL255C
YDR496C	YLR233C
YDR350C	YOR110W
YEL034W	YNL293W
YLL039C	YLR336C
YKL206C	YPL051W
YGR284C	YLR018C
YGL059W	YMR140W
YBR055C	YMR240C
YFR004W	YJR016C
YDR318W	YGR179C
YEL022W	YLL039C
YCR077C	YIR010W
YBR082C	YOR191W
YDL047W	YMR246W
YDL017W	YJL088W
YHR135C	YIL075C
YJL179W	YML094W
YKL049C	YMR214W
YOR197W	YOR204W
YHR013C	YOR361C
YBR155W	YKR048C
YJL178C	YOL018C
YKL080W	YLL039C
YCR034W	YDR297W
YBR173C	YGL096W
YER012W	YOR259C
YDR308C	YPR168W
YCR086W	YDR439W
YOR159C	YPR182W
YER125W	YLR326W
YNL091W	YPL229W
YKL133C	YNL118C
YEL034W	YFR004W
YJL039C	YJL041W
YHR068W	YNL255C
YDR244W	YKL197C
YER177W	YNL255C
YDR407C	YML077W
YFL023W	YNL154C
YKL213C	YOR341W
YBL003C	YOR204W
YER125W	YOL005C
YFL005W	YGL233W
YKR066C	YPL004C
YAL024C	YKL152C
YNL307C	YOR266W
YHR165C	YLL036C
YDR386W	YNL085W
YFL023W	YMR048W
YHR023W	YOR035C
YMR093W	YPR144C
YOR204W	YPL249C-A
YNL154C	YNL155W
YLR429W	YNL154C
YDR471W	YIR010W
YLL039C	YNL287W
YFL017C	YNL255C
YBR207W	YNL238W
YNL307C	YOL147C
YHR135C	YMR268C
YKL109W	YPR034W
YLR175W	YOR267C
YLR421C	YMR191W
YDR378C	YDR473C
YBL002W	YBR274W
YIR037W	YPR035W
YMR319C	YNL255C
YGL180W	YNL173C
YHR135C	YMR036C
YHL035C	YLL039C
YDR277C	YKL129C
YBR041W	YOR317W
YBR231C	YIL035C
YDR519W	YOR261C
YNR054C	YOR361C
YGL070C	YPR187W
YBR155W	YGR187C
YHR114W	YKR103W
YDL017W	YDL160C
YEL034W	YJR145C
YDR227W	YMR284W
YJR001W	YKL166C
YEL002C	YPL076W
YBL016W	YBR072W
YNL272C	YPL141C
YDL219W	YNL255C
YGL245W	YML064C
YIL076W	YJR045C
YAR019C	YNL223W
YBL002W	YOL108C
YMR241W	YOL132W
YMR196W	YNL020C
YJR135C	YPL233W
YDR299W	YJR145C
YGR295C	YNL130C
YDR510W	YLR082C
YBL104C	YHL023C
YJL034W	YNL255C
YER129W	YIL035C
YLR131C	YNL157W
YER178W	YOR117W
YBR193C	YEL037C
YHR052W	YPL249C-A
YAL005C	YJR073C
YHR135C	YJL041W
YCL054W	YHR197W
YDR347W	YJR101W
YKL004W	YLL039C
YGL180W	YOL130W
YFR004W	YOR187W
YCR088W	YOR231W
YGL025C	YPR168W
YBR072W	YER070W
YIR010W	YNL113W
YFR001W	YOL127W
YDL015C	YLR060W
YNL255C	YNL313C
YBR231C	YNL255C
YAL005C	YOL021C
YHR094C	YOR316C
YLR117C	YPR182W
YER006W	YLR002C
YEL002C	YLL039C
YBR080C	YLR291C
YDR264C	YKL004W
YIR037W	YOL147C
YKL008C	YPL227C
YGL180W	YKR041W
YDR012W	YPL220W
YIL115C	YJR132W
YDL042C	YGR192C
YDL055C	YFR009W
YDL042C	YOR116C
YNL085W	YPR111W
YLR233C	YML038C
YGL245W	YHR135C
YLR109W	YNL209W
YDR080W	YEL022W
YIL125W	YML064C
YDR496C	YPL131W
YOR153W	YPR152C
YDR322W	YLR312W-A
YDL076C	YER088C
YGL171W	YHR148W
YBL002W	YGL112C
YDR330W	YPL018W
YLR134W	YLR175W
YDR227W	YKR101W
YBL072C	YGR085C
YKL155C	YNR037C
YFL023W	YLR200W
YDL042C	YGR052W
YDL017W	YFR057W
YFR004W	YLR359W
YBL003C	YDL002C
YMR215W	YNL044W
YAL005C	YLR424W
YDR404C	YER125W
YGL059W	YGR179C
YAL035W	YPL005W
YDL006W	YDL132W
YLR448W	YOR063W
YKR077W	YLL004W
YBR128C	YGL105W
YBL003C	YMR049C
YER006W	YJR110W
YDR091C	YFR004W
YNL220W	YOR187W
YBR106W	YDL015C
YJL019W	YOL012C
YLR227C	YOR284W
YJL010C	YLL011W
YGL180W	YGL209W
YKL085W	YNR001C
YBR058C	YEL030W
YGL254W	YOR039W
YIR010W	YJL034W
YNL255C	YPR187W
YDL100C	YLR297W
YNL255C	YPR043W
YBR274W	YDL042C
YMR109W	YNR007C
YHR076W	YMR137C
YBR121C	YOR117W
YDL140C	YER171W
YHR086W	YMR125W
YDR224C	YOL108C
YBR234C	YNL020C
YBR211C	YKL049C
YDL154W	YGL025C
YGL023C	YNL255C
YDR159W	YOR250C
YLR087C	YNL255C
YDR440W	YHR135C
YKL049C	YPL231W
YKR048C	YOL059W
YLR103C	YPR135W
YLR117C	YLR424W
YDR299W	YDR510W
YGR092W	YML035C
YAL005C	YLR293C
YDR122W	YOL054W
YLL011W	YLR186W
YFR037C	YKR008W
YDR247W	YJR049C
YKL028W	YOL012C
YLR153C	YPR165W
YJR121W	YKL049C
YER012W	YNL209W
YLL039C	YOR087W
YDL239C	YOR373W
YBL045C	YEL024W
YFR031C-A	YOR204W
YDL101C	YLR437C
YLL039C	YLR175W
YBR087W	YNL255C
YDR318W	YKL049C
YCR014C	YDR108W
YER086W	YPL240C
YDR214W	YKL010C
YJL084C	YJL187C
YDR207C	YNL097C
YDL247W	YPL240C
YLR075W	YNL112W
YER172C	YLL036C
YGL173C	YKL049C
YGL198W	YLL039C
YGL180W	YLR098C
YGL216W	YPL075W
YDR383C	YOL054W
YDL140C	YOL072W
YML103C	YMR153W
YER164W	YOR061W
YFR004W	YGR187C
YOR101W	YPL240C
YMR314W	YOR261C
YDR411C	YML029W
YBL003C	YPL126W
YBR234C	YLR370C
YDR289C	YNL255C
YGL048C	YGR232W
YFR004W	YGR092W
YHR016C	YIL156W
YJL041W	YKL014C
YAL038W	YOL145C
YNL255C	YOR182C
YCR091W	YJL089W
YHR169W	YLR029C
YCR030C	YHR016C
YBL030C	YNL052W
YLR274W	YOR153W
YIR010W	YJR045C
YCR036W	YGL153W
YDR418W	YLR448W
YGR103W	YPL141C
YGL129C	YKL155C
YHL012W	YML051W
YDR381W	YGR245C
YDR238C	YLL039C
YKL009W	YPL249C-A
YER122C	YGL180W
YDR404C	YPL203W
YBL016W	YKL064W
YLR059C	YNL250W
YBL021C	YGL237C
YCR077C	YMR268C
YGR027C	YLL039C
YDL005C	YHR058C
YFR004W	YGL173C
YGR097W	YMR049C
YDL042C	YNL113W
YGR165W	YJR113C
YKR048C	YKR079C
YDR471W	YNL255C
YDR497C	YNL307C
YIL159W	YKL129C
YDR510W	YOR156C
YHR088W	YNL255C
YEL030W	YLR203C
YJL141C	YJL206C
YIL061C	YLR017W
YCL055W	YGL036W
YDR103W	YGR179C
YFR009W	YFR040W
YFR004W	YGR124W
YHR033W	YKL166C
YER173W	YJR072C
YJR118C	YML101C
YIL035C	YNL112W
YOR117W	YPL160W
YHR052W	YMR049C
YDL132W	YLL039C
YNL062C	YNL244C
YCR075C	YFL062W
YAL005C	YDR172W
YHR079C	YOL148C
YBR031W	YHR169W
YAL024C	YFL018C
YDL055C	YGR130C
YFR004W	YMR261C
YNL135C	YOR335C
YDL165W	YGR092W
YNL075W	YPR144C
YLL039C	YMR315W
YAL035W	YLR175W
YLR127C	YNL172W
YBR274W	YDR168W
YKL143W	YNL255C
YBR281C	YNL287W
YGL005C	YGR120C
YML069W	YOR123C
YNL255C	YPL071C
YJL041W	YLR018C
YJL083W	YPL109C
YDR308C	YHR041C
YFR014C	YJL148W
YGR180C	YLL039C
YNL255C	YPL037C
YBR175W	YHR119W
YBL030C	YOR117W
YMR067C	YNL154C
YGR284C	YHR007C
YKL135C	YPL249C-A
YIR010W	YPL266W
YDL181W	YPL078C
YDL005C	YLR071C
YGL011C	YLR071C
YJL069C	YPL126W
YFR010W	YLL039C
YJL100W	YPL100W
YDR172W	YNL124W
YER172C	YLR424W
YBR222C	YLL039C
YOL077C	YPR143W
YLL039C	YPR030W
YFR037C	YGR056W
YER012W	YOR117W
YCR012W	YHR174W
YBR254C	YKR068C
YGR083C	YLR291C
YER125W	YPR030W
YDR407C	YDR472W
YNL255C	YPL064C
YFR004W	YNR035C
YDR388W	YMR109W
YDL105W	YOL034W
YDL100C	YOR117W
YGL173C	YHR052W
YLR423C	YNL288W
YBR055C	YPL028W
YDR051C	YLR291C
YBR133C	YJL187C
YMR153W	YMR308C
YDL141W	YLL039C
YCL054W	YNL255C
YDL101C	YMR226C
YJL187C	YMR039C
YHR135C	YPR091C
YDL149W	YPR105C
YDR101C	YDR168W
YFR014C	YOR340C
YCL017C	YGR275W
YER166W	YPL160W
YFR004W	YNL123W
YER171W	YOR261C
YBR023C	YNL255C
YCR034W	YDL015C
YCR088W	YLL039C
YDL043C	YLL014W
YER054C	YPL203W
YGL151W	YLR071C
YDR233C	YLL023C
YIR006C	YMR109W
YDL101C	YHR067W
YBR247C	YDR174W
YBR038W	YLL039C
YMR244C-A	YNL255C
YDR364C	YPL151C
YER172C	YHR165C
YDR122W	YPR115W
YDR003W	YER125W
YKL148C	YLL041C
YDL098C	YMR240C
YGL066W	YGL112C
YDL176W	YMR135C
YFR004W	YGR155W
YBR139W	YLL039C
YCL025C	YKL065C
YKL152C	YPR152C
YBL016W	YOL127W
YGL147C	YHR197W
YHR099W	YMR236W
YGL079W	YGR113W
YDL190C	YML013W
YDL134C	YPL004C
YGL045W	YNL294C
YGL206C	YLR170C
YGL127C	YMR112C
YDR520C	YLR291C
YDR414C	YJL133W
YBL051C	YER068W
YBR264C	YGL198W
YCL040W	YOR117W
YHL010C	YLL039C
YGL206C	YNR006W
YMR140W	YNR031C
YGR245C	YHR197W
YGR284C	YNL101W
YJL106W	YOR239W
YER013W	YHR165C
YDL111C	YHR081W
YDR012W	YDR418W
YDR388W	YER003C
YDR510W	YML032C
YDR001C	YLR270W
YBR194W	YDR172W
YGL006W	YOR316C
YAL026C	YCR094W
YDL100C	YIL162W
YLL016W	YNL098C
YER003C	YER013W
YIL070C	YNL255C
YDL160C	YLR438C-A
YDL017W	YDL132W
YDR153C	YLR398C
YDR496C	YLR449W
YBR114W	YDR097C
YDR012W	YJR145C
YBR055C	YML049C
YHR118C	YMR036C
YKR081C	YOR096W
YKL135C	YOL108C
YNL273W	YPR037C
YGL104C	YKL065C
YDR135C	YFR019W
YBL016W	YDR153C
YHR135C	YNL165W
YBL023C	YPL001W
YHR135C	YJL084C
YCL059C	YLR175W
YER006W	YNL227C
YJR066W	YMR307W
YDL017W	YMR146C
YHR135C	YOR042W
YLL004W	YPL008W
YBR216C	YIR037W
YAL005C	YJL084C
YDR421W	YKR080W
YDR105C	YOR153W
YBL105C	YER165W
YDR378C	YER172C
YAL032C	YGR278W
YNL151C	YPR187W
YGR128C	YOR078W
YFL054C	YML006C
YDL140C	YHR187W
YCR034W	YHR094C
YDR214W	YER173W
YDR224C	YPL084W
YAL042W	YFR052W
YGR103W	YLL004W
YDR233C	YFR004W
YDR240C	YHR165C
YAL035W	YMR142C
YGR223C	YPL204W
YDR496C	YPR143W
YDR273W	YLL039C
YBR289W	YNR023W
YDL239C	YGR268C
YFR037C	YLR357W
YBL105C	YPL151C
YDR216W	YMR280C
YDR501W	YPL058C
YIL013C	YPL240C
YKR038C	YNL255C
YAL035W	YLR075W
YIR010W	YOL054W
YJL076W	YPL126W
YCR021C	YGR130C
YMR146C	YNL062C
YDR122W	YDR162C
YFR014C	YOR184W
YBL011W	YOR267C
YKL156W	YNL255C
YDL005C	YML051W
YHR104W	YML086C
YDR382W	YLR448W
YDR373W	YNL267W
YDL148C	YPR144C
YBR195C	YMR178W
YCR063W	YMR024W
YBR280C	YOL133W
YDR342C	YLL039C
YHR133C	YML075C
YFR001W	YHR088W
YDL204W	YDR233C
YOR281C	YPL141C
YOR361C	YPL126W
YGL147C	YLR448W
YKL009W	YOR063W
YJL014W	YKL198C
YBR142W	YBR194W
YDR479C	YGL104C
YJL083W	YPL004C
YDL223C	YPL141C
YIR010W	YMR142C
YGL237C	YKR028W
YKL139W	YLR424W
YLR438W	YPR165W
YDR405W	YNL185C
YHL018W	YLR291C
YNL055C	YNR010W
YDR510W	YER164W
YCR034W	YPL264C
YBR274W	YJR082C
YCR086W	YNL218W
YDR448W	YHR041C
YDR092W	YLR059C
YGR224W	YKL020C
YNL207W	YOR061W
YJR099W	YLL039C
YDL043C	YMR125W
YGR128C	YGR200C
YFL014W	YFR004W
YBR088C	YDR181C
YDR100W	YDR264C
YIL071C	YOR361C
YCL059C	YJR123W
YHR133C	YPL227C
YLR310C	YOR101W
YKL009W	YNL209W
YDR212W	YOR284W
YFR014C	YKL166C
YLR048W	YNL255C
YER178W	YNL255C
YGR135W	YMR291W
YLR276C	YMR216C
YDR510W	YLR399C
YDR012W	YOL127W
YGL206C	YPR029C
YHR135C	YKR041W
YDR379W	YPR152C
YMR049C	YPL141C
YBR072W	YFR004W
YBL025W	YBR274W
YER022W	YGL048C
YNL064C	YOR361C
YPR105C	YPR191W
YNL255C	YOR086C
YGL161C	YPL240C
YHR135C	YNL022C
YLL039C	YNL307C
YNL255C	YOL127W
YPL026C	YPL028W
YDR301W	YMR125W
YDR012W	YHR088W
YGR192C	YMR086W
YGR204W	YNL135C
YGR214W	YNL112W
YFR010W	YMR314W
YFR004W	YML086C
YLL039C	YLR017W
YER043C	YGL237C
YHL022C	YPR007C
YDR330W	YHR135C
YDR244W	YOL147C
YHR202W	YPL240C
YFR014C	YLL039C
YGR104C	YPR187W
YER177W	YKL140W
YCR094W	YFL047W
YJL041W	YMR129W
YLR227C	YOR373W
YDL140C	YHR099W
YHR030C	YLR182W
YHR135C	YLR265C
YIL065C	YLL001W
YFR004W	YLR384C
YHR007C	YPL076W
YBR107C	YLR381W
YOR326W	YPL269W
YNL024C	YOR093C
YBR194W	YLL013C
YBR278W	YOL077C
YDR224C	YDR439W
YHR196W	YJL076W
YFR010W	YIL075C
YHR165C	YPR182W
YIL035C	YOR341W
YHR079C	YIL135C
YDR143C	YGR279C
YMR308C	YOL127W
YDL084W	YFR004W
YGR232W	YOR259C
YBL016W	YHR117W
YNR035C	YPL004C
YDR338C	YLL039C
YBL072C	YBR194W
YER111C	YKR077W
YJL088W	YPL111W
YCL034W	YNL255C
YDR334W	YLR438C-A
YGL073W	YNL209W
YBR191W	YNL124W
YER165W	YPL169C
YGL245W	YOL012C
YBR234C	YLR429W
YIR037W	YMR120C
YGL078C	YKR024C
YCR086W	YGR155W
YIL016W	YNL255C
YCR077C	YFR036W
YGR113W	YPR046W
YBL003C	YKR001C
YLL039C	YNR006W
YDR098C	YNL255C
YGR103W	YOR294W
YNL086W	YOL130W
YFR009W	YLR180W
YJR109C	YOL128C
YBL002W	YLR455W
YFL017C	YOL059W
YMR093W	YPL266W
YOR095C	YOR265W
YBL030C	YLR038C
YLL039C	YPR165W
YBR031W	YFR004W
YJR121W	YPL078C
YJL185C	YPL018W
YIL095W	YJR092W
YGL180W	YLR003C
YCR063W	YLL036C
YHR148W	YJR002W
YDR381W	YMR240C
YLR298C	YML046W
YBR196C	YGL229C
YOL133W	YPR019W
YCL031C	YPR154W
YKR077W	YLR182W
YBL058W	YKL213C
YMR060C	YNL026W
YDR404C	YGL070C
YIL061C	YPR182W
YDL105W	YLR007W
YGR180C	YJL057C
YLR325C	YPL249C-A
YCR021C	YJR076C
YGR067C	YOL116W
YNL255C	YOR039W
YDL100C	YKL062W
YDR343C	YLL039C
YGL201C	YKL049C
YNL288W	YPL037C
YDR150W	YLL001W
YNL255C	YOR063W
YBR085W	YHR135C
YCR063W	YOL135C
YKR093W	YPR079W
YER131W	YFR014C
YBL003C	YJL034W
YDL047W	YGR161C
YDR256C	YLL039C
YBL045C	YPL204W
YBR154C	YOR207C
YDR510W	YNL055C
YNL255C	YOR051C
YNL113W	YOR116C
YDL042C	YHR119W
YBR274W	YPR145W
YDL169C	YNL172W
YFR004W	YIR011C
YMR153W	YNL154C
YHL003C	YHR142W
YAL038W	YKL110C
YIL016W	YMR058W
YKL150W	YML086C
YDL005C	YNR010W
YFR014C	YHR033W
YHR069C	YKL129C
YNR019W	YOR267C
YDR122W	YIL165C
YHR114W	YNL092W
YDR378C	YGL173C
YER171W	YLR304C
YEL034W	YOR261C
YFR004W	YPR165W
YIL070C	YOL054W
YER118C	YPL240C
YLL039C	YNL115C
YDL209C	YML049C
YOR157C	YOR261C
YGL245W	YIR010W
YHR041C	YOL135C
YOR020C	YPL026C
YJR113C	YMR158W
YDR510W	YNL216W
YBL002W	YBR060C
YGR056W	YLR357W
YER013W	YNL253W
YER103W	YFR004W
YFL045C	YGL208W
YAL010C	YLL039C
YER125W	YNL157W
YLR180W	YNL255C
YJL052W	YNL255C
YDL055C	YLR435W
YHR052W	YKL014C
YGR104C	YHR058C
YNL255C	YOL155C
YDL097C	YLR421C
YDL055C	YNL045W
YIL076W	YKL049C
YFL024C	YNL136W
YLL039C	YPR010C
YJR007W	YOR117W
YDL003W	YMR129W
YBL002W	YIL076W
YBL022C	YIL061C
YNL255C	YOL088C
YPL161C	YPR198W
YDR356W	YLR127C
YDR394W	YKL049C
YMR246W	YPR017C
YBL003C	YDR174W
YJR057W	YLR291C
YHR094C	YJR066W
YBL003C	YBR049C
YJR076C	YLL019C
YFL029C	YKL139W
YGR056W	YKR008W
YLR075W	YLR287C-A
YDR428C	YJL014W
YDR389W	YPR165W
YBR191W	YDL075W
YDR347W	YIL070C
YFR004W	YKL080W
YNL255C	YOR096W
YGL115W	YML110C
YER086W	YFR040W
YGR085C	YPL131W
YKL028W	YNL112W
YGR200C	YOL061W
YDR381W	YHR013C
YBR265W	YLR075W
YBR125C	YPL204W
YDR379W	YNL307C
YEL058W	YIL095W
YNL255C	YPL239W
YER068W	YNL157W
YDR244W	YHR160C
YOL147C	YPL203W
YOR267C	YPR143W
YCR042C	YLR115W
YER036C	YOR234C
YGR167W	YPL141C
YFL002C	YMR097C
YDR295C	YMR117C
YGL173C	YJR145C
YOR194C	YPR086W
YJL014W	YJR076C
YGL245W	YNL154C
YDR188W	YGR187C
YDR448W	YGR252W
YBL088C	YDL101C
YBR055C	YER003C
YDR167W	YOL145C
YKR022C	YLR117C
YBR207W	YDR100W
YCR091W	YNR047W
YHR052W	YPL220W
YDR472W	YOL018C
YER022W	YKL117W
YDL101C	YDR171W
YDL101C	YJR056C
YGR132C	YPR152C
YBL033C	YPR172W
YJL141C	YLL039C
YKL198C	YMR229C
YER002W	YPR143W
YHR196W	YLR441C
YAL010C	YNL070W
YCL043C	YKL049C
YBR194W	YGR097W
YGL153W	YOL044W
YHR030C	YLL039C
YLR249W	YOR117W
YGR027C	YGR252W
YOL045W	YPR035W
YBL003C	YLR002C
YDR092W	YLL039C
YGL173C	YLR438C-A
YBR114W	YKL112W
YGR052W	YLR127C
YKL092C	YNL113W
YOL054W	YPL233W
YAL032C	YER172C
YFL026W	YPL189W
YKL117W	YPL240C
YJL187C	YOR061W
YBL078C	YNR007C
YCR020W-B	YOL012C
YJR009C	YNL255C
YBR106W	YJL192C
YGR078C	YLR212C
YCR088W	YFR004W
YNL272C	YNL287W
YMR240C	YOR319W
YNL185C	YNL255C
YGL124C	YNL286W
YBR154C	YPR187W
YJL157C	YOR212W
YBR088C	YFL029C
YDR143C	YDR213W
YHR148W	YIL019W
YBL079W	YGL092W
YBL038W	YLR312W-A
YGL115W	YMR291W
YDR212W	YLR429W
YGL172W	YJL039C
YMR010W	YPL246C
YDL111C	YER068W
YLR201C	YPL240C
YER009W	YJL041W
YER125W	YMR216C
YFR004W	YPR183W
YBL021C	YGL045W
YHR133C	YMR215W
YMR216C	YNL027W
YGR048W	YLL039C
YAL032C	YDR364C
YBL003C	YEL012W
YDL043C	YDR180W
YMR314W	YPR108W
YNL255C	YNR036C
YGL237C	YKR048C
YIL019W	YLL011W
YKR081C	YMR229C
YNL154C	YOR239W
YMR308C	YNL030W
YML074C	YOR340C
YGL173C	YLL036C
YCR086W	YKR010C
YCR066W	YOR128C
YNL020C	YNL154C
YNL091W	YNL164C
YLL050C	YOR080W
YFR010W	YMR216C
YDR026C	YDR510W
YBR109C	YJR073C
YNR010W	YOL135C
YGL173C	YNL251C
YGR120C	YOR353C
YLL011W	YMR229C
YKL004W	YPR183W
YML049C	YOR159C
YBL072C	YJR123W
