YIL135C	YMR139W
YJL125C	YNL062C
YJL218W	YLR291C
YLR075W	YNL110C
YHR135C	YNL199C
YER125W	YHR135C
YJL019W	YOL104C
YDR212W	YLL019C
YNL301C	YOR096W
YCR021C	YJL151C
YDR412W	YPR143W
YCR038C	YPR122W
YKL113C	YOR144C
YJR047C	YPL141C
YMR004W	YPL031C
YDR507C	YMR086W
YLR018C	YPL075W
YKL059C	YNL255C
YGL190C	YNL255C
YGL137W	YJR070C
YBL027W	YDR412W
YDR320C	YJR135C
YMR121C	YPR143W
YGR252W	YOR290C
YDL060W	YNL308C
YMR047C	YOR160W
YKL126W	YNR047W
YBR160W	YLR455W
YDR383C	YIR010W
YDR392W	YOL148C
YJL052W	YOL013C
YBR191W	YFR031C-A
YDR356W	YPL255W
YBR191W	YIR010W
YHR099W	YOL051W
YDR303C	YML065W
YAL038W	YPL031C
YBR031W	YJL109C
YKL180W	YLR075W
YDR283C	YER172C
YFR004W	YOL038W
YDR392W	YLR113W
YDR047W	YOR361C
YLL023C	YPR028W
YER159C	YOL012C
YFR004W	YMR314W
YDR429C	YGL137W
YDR424C	YGL153W
YCR073C	YMR117C
YIL075C	YOL117W
YBR052C	YLL028W
YIR010W	YJL109C
YJL148W	YOL041C
YBR142W	YNL110C
YDL014W	YPR143W
YNL250W	YOR261C
YER036C	YKL180W
YER012W	YMR116C
YBL007C	YDL206W
YCR012W	YGL137W
YBR279W	YLR418C
YKR081C	YOR294W
YML085C	YNL223W
YBL072C	YNL308C
YDR324C	YEL055C
YDR224C	YKL103C
YGL112C	YML098W
YKL095W	YPL151C
YCR100C	YDR414C
YBR031W	YEL034W
YKL079W	YNL154C
YIR010W	YKR083C
YDR194C	YML065W
YDR427W	YER012W
YML123C	YOR016C
YFR010W	YLR246W
YIR010W	YJL065C
YBR290W	YNL255C
YDR176W	YHR041C
YHL034C	YJL190C
YLL028W	YLR332W
YDL207W	YKL068W
YDR129C	YNL135C
YNL230C	YPL004C
YHR188C	YJR015W
YDL116W	YDR113C
YDL014W	YHR052W
YDR388W	YOR117W
YBR106W	YCR028C
YDR364C	YLL036C
YGR224W	YLR080W
YDR224C	YDR227W
YER022W	YOL051W
YDR116C	YKR006C
YNL251C	YOR001W
YMR233W	YOL006C
YMR168C	YPL018W
YHR083W	YNL026W
YDR318W	YJR112W
YDR365C	YJL010C
YJL177W	YOR204W
YJR132W	YML085C
YHR129C	YPL070W
YDR143C	YMR229C
YKR018C	YPR106W
YEL032W	YNL273W
YDR407C	YOR115C
YMR191W	YOR261C
YCL024W	YKL181W
YLR208W	YPR181C
YGR054W	YKR048C
YIR010W	YOL051W
YDR440W	YLR429W
YGR199W	YPL026C
YEL009C	YHR041C
YDR388W	YPR110C
YBR183W	YOL132W
YEL034W	YJL177W
YDR101C	YDR412W
YKR062W	YPL106C
YBL039C	YJL138C
YAL029C	YMR139W
YLR238W	YMR052W
YNL255C	YOL013W-A
YDR124W	YPR049C
YER165W	YML056C
YML085C	YMR048W
YJL187C	YNL272C
YER013W	YPR101W
YGR084C	YNL175C
YBR031W	YBR142W
YDR331W	YDR456W
YGL003C	YPR119W
YDR224C	YML112W
YDR130C	YHL034C
YER036C	YOR204W
YFL038C	YPR176C
YBL023C	YDR473C
YBR187W	YOR294W
YHR058C	YNL255C
YDL200C	YGL137W
YBL072C	YJR145C
YLR377C	YNL059C
YLR208W	YNL307C
YFR022W	YNL307C
YEL034W	YNL004W
YBR102C	YML097C
YHR142W	YJL117W
YEL039C	YGL078C
YHR016C	YPL249C
YDL015C	YJL117W
YFR004W	YLR043C
Q0085	YKL016C
YBL003C	YBL052C
YDL132W	YLR224W
YHR010W	YMR086W
YER159C	YNL255C
YER165W	YML065W
YHR135C	YOR344C
YNL112W	YNL255C
YNL039W	YNL255C
YGL098W	YGL145W
YJL187C	YJR082C
YDL116W	YLR018C
YCR020W-B	YMR033W
YJR135C	YLR315W
YDR264C	YJR040W
YGL179C	YMR304W
YBR198C	YHR099W
YBR170C	YKL213C
YJL148W	YNR051C
YDR101C	YKL009W
YLR251W	YNL255C
YLR435W	YNL255C
YJL106W	YMR165C
YLR330W	YMR116C
YBL023C	YEL032W
YER091C	YMR049C
YBR079C	YJR045C
YOR117W	YPL031C
YGL245W	YOR014W
YCL056C	YDR142C
YGR038W	YJL187C
YDR224C	YIL126W
YIL035C	YPR143W
YDR142C	YGR077C
YNL092W	YOR159C
YDR246W	YKR068C
YBR171W	YJL034W
YHR007C	YHR190W
YJL187C	YLR132C
YER040W	YER118C
YFR004W	YOR168W
YHR197W	YLR449W
YCL054W	YKR081C
YMR242C	YOL120C
YAR007C	YIR010W
YHR052W	YOL127W
YIL074C	YLR291C
YLR350W	YMR238W
YDR264C	YOR233W
YDL055C	YPR034W
YDL008W	YOR249C
YBR154C	YER139C
YNL015W	YOR168W
YBL058W	YLR291C
YDR381W	YML065W
YMR049C	YMR229C
YBR152W	YLL036C
YBR194W	YIR006C
YKL014C	YOL127W
YLR044C	YNL127W
YFR030W	YIL094C
YER125W	YGR052W
YAL005C	YPL106C
YMR020W	YNL246W
YBL039C	YDL055C
YER122C	YIL095W
YDR129C	YMR246W
YDR374C	YNR052C
YNR010W	YPL031C
YDL212W	YJR015W
YOL120C	YPL198W
YDR174W	YGR270W
YDL222C	YHR094C
YBR010W	YNL054W
YHR135C	YKL093W
YHL009C	YPL141C
YGL146C	YOR005C
YFL017W-A	YMR213W
YDL132W	YJL047C
YBR198C	YJR072C
YDR297W	YPL076W
YGR082W	YNL070W
YGR019W	YHR165C
YGL181W	YNL243W
YGL076C	YHR085W
YGL031C	YMR242C
YDL065C	YNL214W
YIL152W	YJR092W
YBR160W	YOR066W
YNL230C	YOL041C
YFR034C	YML085C
YIL035C	YLR079W
YDR381W	YIL070C
YFR031C-A	YNL175C
YGL105W	YLR138W
YHR135C	YJL148W
YGL066W	YGR252W
YBR200W	YLR318W
YBL023C	YLL004W
YHR161C	YMR183C
YAL005C	YIL091C
YDL175C	YPR191W
YGL011C	YLR211C
YAL038W	YDL055C
YBR152W	YER172C
YAL005C	YOR027W
YDR028C	YGR252W
YBL033C	YNL255C
YBR250W	YNL012W
YDR164C	YOR204W
YKL151C	YPL070W
YER171W	YMR201C
YDR388W	YMR205C
YBR160W	YPR030W
YGR284C	YOR016C
YDR471W	YNL096C
YHL003C	YOR223W
YGR233C	YIL050W
YNL255C	YPL181W
YDL074C	YOR195W
YDR121W	YER165W
YML074C	YOR341W
YGR237C	YML056C
YBL003C	YGR252W
YBR221C	YFR004W
YLR258W	YPL141C
YML046W	YML049C
YDR424C	YIL095W
YEL034W	YPR173C
YAL005C	YGR237C
YHR052W	YPL141C
YML010W	YNL201C
YJL109C	YMR093W
YMR285C	YNL154C
YGR120C	YLR291C
YFR004W	YIL109C
YEL054C	YHR197W
YKL143W	YPL266W
YCL011C	YJL006C
YLR075W	YML065W
YLL024C	YPL106C
YAL013W	YMR263W
YCR012W	YLR044C
YBR196C	YLR249W
YBL058W	YNL255C
YJL173C	YMR105C
YGR173W	YLL024C
YML057W	YPR115W
YBR247C	YNL096C
YDR135C	YIL035C
YNL066W	YNL154C
YGR152C	YOR127W
YIL126W	YPR034W
YJL176C	YPR034W
YIL113W	YNL138W
YAR002W	YDR381W
YIR010W	YPR129W
YOR064C	YPL129W
YMR049C	YOR361C
YDR307W	YKL065C
YAL032C	YBR194W
YDR323C	YPL031C
YBL061C	YDR247W
YGR233C	YNL138W
YDL065C	YOL147C
YCR073C	YMR165C
YIL139C	YPL194W
YGL140C	YKL117W
YEL009C	YPL042C
YBR183W	YPL227C
YHR139C	YPL026C
YBR282W	YNL005C
YDR324C	YNR051C
YNL124W	YOL040C
YAL038W	YNR051C
YLR249W	YOL013C
YBL007C	YPR030W
YML010W	YOL145C
YER154W	YHL034C
YLR342W	YNL255C
YMR153W	YOL016C
YIL125W	YKL198C
YDL165W	YKL166C
YAR007C	YOR304W
YDL130W	YLR287C
YGL073W	YHR099W
YGL058W	YLR377C
YBL003C	YDL031W
YEL062W	YPL255W
YKL068W	YKR082W
YCL011C	YMR216C
YER178W	YIR010W
YCL027W	YLR117C
YDR335W	YGL003C
YER062C	YJL173C
YLR326W	YNL154C
YBR290W	YPL132W
YNL069C	YNL110C
YAR031W	YDL054C
YBL039C	YGL137W
YER124C	YML109W
YMR129W	YPR080W
YJR007W	YPL237W
YGL059W	YLL028W
YDL188C	YNL085W
YIR010W	YOR090C
YDR212W	YOR119C
YIR010W	YML032C
YLR191W	YNL025C
YML071C	YNL265C
YDR036C	YJR113C
YMR048W	YOR153W
YLR351C	YNL255C
YJL010C	YJR002W
YBR031W	YKR081C
YAR031W	YBR069C
YDR101C	YFR004W
YLR291C	YMR004W
YDR118W	YMR134W
YLR370C	YNL138W
YGR192C	YOR117W
YNL255C	YOL080C
YBL072C	YDL060W
YDR195W	YML010W
YDR100W	YDR479C
YML065W	YPR122W
YDL083C	YJL190C
YDR293C	YMR105C
YJR065C	YLR429W
YPL084W	YPR173C
YHR135C	YPR083W
YBL003C	YIL126W
YGL002W	YOR016C
YAR007C	YLR086W
YBR160W	YNL339C
YBR152W	YHR165C
YLR276C	YMR229C
YLR304C	YMR246W
YBL105C	YMR219W
YBL105C	YML109W
YDR501W	YJL151C
YMR196W	YPL042C
YFR004W	YMR285C
YBR194W	YCR030C
YLR148W	YMR197C
YEL039C	YNL154C
YIL009W	YML086C
YLR332W	YPR138C
YBL045C	YNL177C
YEL034W	YNR051C
YJR072C	YMR106C
YDR233C	YOR117W
YDR394W	YIL075C
YHR099W	YJL081C
YDL101C	YHR185C
YIL094C	YKR048C
YIL061C	YMR009W
YGR234W	YML085C
YKL079W	YPR049C
YDR129C	YOL013C
YBR106W	YHR123W
YIL034C	YOR181W
YDR101C	YHR010W
YER118C	YLR452C
YFR004W	YJR133W
YGL137W	YHR018C
YNL002C	YPL141C
YDL083C	YJL177W
YBR031W	YBR191W
YDR472W	YMR218C
YCR020W-B	YIL126W
YDR113C	YFR036W
YBL005W	YDR176W
YER109C	YMR164C
YBL008W	YJL176C
YGL227W	YLR377C
YFR024C-A	YMR192W
YLR291C	YNL333W
YBR239C	YDR388W
YOR187W	YPL259C
YAL005C	YGL064C
YDR170C	YLR342W
YKL089W	YOL054W
YGL150C	YPL127C
YAL038W	YDL207W
YBR160W	YPL269W
YKR081C	YMR049C
YBR194W	YKR006C
YFR031C-A	YGL076C
YDR169C	YML112W
YGR156W	YKL059C
YAL038W	YDR130C
YBR127C	YNR051C
YHR135C	YNL272C
YHR094C	YKL065C
YGL059W	YOR083W
YBR102C	YBR200W
YMR165C	YPL031C
YBR127C	YEL051W
YDR174W	YDR381W
YDR392W	YGR252W
YIL149C	YNL126W
YDR012W	YNL251C
YGL059W	YKR100C
YER105C	YKR082W
YGR220C	YMR098C
YGR159C	YML065W
YBL027W	YBR191W
YBL037W	YNL307C
YDR188W	YOR212W
YKL161C	YPL031C
YHR079C	YKR105C
YMR059W	YMR266W
YHR099W	YOL083W
YER125W	YJL140W
YDR434W	YHR007C
YNL255C	YPR191W
YBR247C	YNL075W
YJL092W	YKR048C
YML074C	YNR051C
YMR059W	YNL135C
YDL236W	YNL154C
YGR192C	YJL052W
YBR194W	YML010W
YIL061C	YML074C
YGL105W	YJL187C
YDL132W	YLR368W
YAL009W	YJL176C
YDR398W	YHR084W
YBR194W	YOL016C
YIR010W	YJL148W
YDR471W	YKR081C
YGL137W	YJL153C
YDL014W	YDR507C
YDL053C	YPL140C
YGR192C	YKL152C
YGR047C	YPL008W
YIL177C	YPR034W
YDR113C	YGL003C
YKR068C	YLR342W
YMR139W	YMR205C
YHL015W	YJL190C
YBR079C	YPL001W
YLR384C	YNL272C
YDR212W	YKL089W
YAR018C	YLR342W
YDL212W	YDR307W
YAL053W	YCR030C
YLR075W	YMR242C
YGL123W	YJL177W
YKL181W	YNL255C
YIR010W	YNL059C
YDR150W	YDR247W
YDR456W	YNR056C
YDR496C	YNL255C
YBR168W	YDL065C
YDR086C	YOR254C
YHR174W	YNL255C
YEL061C	YER012W
YBR106W	YCL038C
YER072W	YGL179C
YBR106W	YKR106W
YKL152C	YOR098C
YMR258C	YNL093W
YDR301W	YOL145C
YER032W	YLR456W
YJL020C	YLR191W
YDR299W	YJR002W
YNL135C	YPL049C
YHR058C	YOL051W
YDR324C	YOL108C
YDL207W	YMR255W
YMR047C	YOL144W
YER032W	YMR117C
YGL031C	YOL127W
YDL127W	YPL031C
YCL011C	YFR004W
YGR152C	YNL255C
YFR004W	YMR226C
YBL090W	YJR101W
YGL123W	YNL255C
YDR381W	YPL169C
YHR033W	YOR212W
YDR129C	YDR353W
YFR010W	YLR106C
YER098W	YKL171W
YDR207C	YOR355W
YJL019W	YKR034W
YGR099W	YKL033W
YNL062C	YOR361C
YJL092W	YOL104C
YKL048C	YLR096W
YDR012W	YML065W
YHR007C	YHR042W
YFR046C	YIR010W
YER059W	YLR079W
YDR244W	YNL329C
YDR212W	YJL014W
YDR538W	YMR304W
YDL123W	YLL048C
YAL032C	YLR187W
YIR010W	YMR100W
YCR030C	YNR047W
YNR022C	YPR119W
YFR022W	YPL031C
YBL038W	YJL063C
YNL255C	YPR143W
YDR412W	YGL111W
YDL123W	YGR163W
YLR096W	YOR093C
YAL013W	YKL185W
YDR174W	YDR335W
YDL171C	YLR075W
YIL079C	YML056C
YJR042W	YKR082W
YJL080C	YOL013C
YDR100W	YGL137W
YJL140W	YNL255C
YGR159C	YOL016C
YDR264C	YOR101W
YBR207W	YHR094C
YCL011C	YDL014W
YDR280W	YOR145C
YDR062W	YLR350W
YLR265C	YLR424W
YGR278W	YKR086W
YBR198C	YNL216W
YDR254W	YOL054W
YDR224C	YPR052C
YDR471W	YGL147C
YBR142W	YDR170C
YHR152W	YLR132C
YDL081C	YPR086W
YHL048W	YPR028W
YIR035C	YLR401C
YBR031W	YGR214W
YHR135C	YLR125W
YDR298C	YKL016C
YLR249W	YNL307C
YDR172W	YFL039C
YDR504C	YMR168C
YKR086W	YPL178W
YAR027W	YLR214W
YFR009W	YHL039W
YGL011C	YKR070W
YER091C	YMR059W
YBR031W	YDR496C
YJL189W	YML065W
YKR003W	YPR173C
YHR135C	YKL048C
YDR394W	YOL117W
YGR270W	YMR049C
YBR160W	YML091C
YKL028W	YLR167W
YGL051W	YJL106W
YFL017W-A	YML049C
YGL059W	YKL181W
YBL008W	YNL206C
YGR295C	YMR221C
YEL009C	YOL148C
YDR224C	YIL066C
YLR011W	YOR028C
YEL009C	YGL201C
YER139C	YOL005C
YKL159C	YLR433C
YDL052C	YFR009W
YDL065C	YMR047C
YLR276C	YOL127W
YDR318W	YLR381W
YBL061C	YMR242C
YEL061C	YMR124W
YGL002W	YNL255C
YDR394W	YFR010W
YDR296W	YLR312W-A
YGL115W	YPL046C
YGL123W	YNR051C
YBL045C	YDR388W
YDL168W	YFR004W
YER006W	YKL014C
YFL009W	YOL133W
YIR010W	YNL262W
YDR240C	YPL178W
YOL059W	YOR117W
YDR434W	YLR459W
YDR130C	YGR159C
YDR012W	YPR189W
YMR229C	YNL308C
YER013W	YMR125W
YBR247C	YDL060W
YDR063W	YFL039C
YBR107C	YDR318W
YDR012W	YPL198W
YBR079C	YOR361C
YAL038W	YOR160W
YNL175C	YPL220W
YBR020W	YPL248C
YAL001C	YDR381W
YOR153W	YPL058C
YBR023C	YKR027W
YJR113C	YPL013C
YHL001W	YJL190C
YFR011C	YOL006C
YAR018C	YOL054W
YMR071C	YOL016C
YLR332W	YMR299C
YNL255C	YPL140C
YKL216W	YNR051C
YJL117W	YLR018C
YER022W	YOR151C
YCR004C	YMR086W
YBL007C	YGR227W
YBR090C	YHR135C
YGL234W	YKL166C
YLL028W	YOR254C
YDR414C	YFR024C-A
YJL092W	YKR027W
YHL009C	YMR314W
YBR010W	YDR469W
YLR016C	YLR086W
YKL185W	YPL031C
YBR218C	YPR110C
YGR280C	YJL148W
YGL198W	YGL210W
YLL024C	YMR229C
YER034W	YHR135C
YDR381W	YKR086W
YHL048W	YHR142W
YPR112C	YPR154W
YAR007C	YDR129C
YDR479C	YLR324W
YER171W	YMR056C
YER012W	YJL130C
TL(UAA)J	YAL001C
YCR091W	YGL245W
YHL011C	YOR133W
YFR013W	YIR010W
YGL181W	YHR161C
YCL037C	YGL014W
YER172C	YJR068W
YIL126W	YOR290C
YFR004W	YJL052W
YJL020C	YJR115W
YCL054W	YDL014W
YDR412W	YJL039C
YFL039C	YOR117W
YAL032C	YER013W
YFR004W	YMR202W
YOR233W	YOR294W
YBL042C	YDL222C
YKL082C	YOL041C
YDL239C	YKL042W
YNR007C	YPL031C
YDR388W	YHR079C
YIL050W	YJL084C
YER032W	YHR114W
YDR473C	YPL004C
YJL138C	YOL013C
YOL004W	YPL139C
YER165W	YOR098C
YFR004W	YHR068W
YDR303C	YIL126W
YHR127W	YOR294W
YGR167W	YLR330W
YIR010W	YJR144W
YOR096W	YPL220W
YOR285W	YPR183W
YBR280C	YDL132W
YJL117W	YMR134W
YMR047C	YNL078W
YGL023C	YNL183C
YAR007C	YER078C
YGR021W	YNL255C
YDR392W	YHR099W
YCR012W	YOR117W
YGL189C	YNL255C
YHR089C	YML065W
YNL162W	YOL097C
YMR146C	YOR361C
YLR093C	YPL031C
YFL049W	YJL176C
YDR100W	YFR024C-A
YGL003C	YJL106W
YDL060W	YDR381W
YDR129C	YNL138W
YDL060W	YJL190C
YLL024C	YLR189C
YBR154C	YGR200C
YDR388W	YPL031C
YBL023C	YGL201C
YAL053W	YLR342W
YFL040W	YMR266W
YFR031C-A	YOL040C
YGR052W	YNL006W
YDL160C	YOR204W
YIR010W	YOR195W
YML065W	YPL220W
YFR004W	YLR044C
YBR247C	YGR090W
YBR173C	YLR199C
YDR381W	YIL095W
YDR418W	YDR471W
YDL190C	YER057C
YGR129W	YMR213W
YHR010W	YKL009W
YBR191W	YHL001W
YDL171C	YFR004W
YNL124W	YPL198W
YFL017C	YGR135W
YIR010W	YJR112W
YDR188W	YJL111W
YGL234W	YOR117W
YBR010W	YER147C
YGR090W	YOL021C
YKL028W	YPR052C
YDR418W	YNL255C
YLR075W	YOR117W
YHR058C	YPL042C
YJL081C	YNL059C
YIL061C	YML046W
YHL001W	YJL177W
YEL034W	YNL085W
YDR407C	YMR218C
YNL255C	YNR007C
YFL017W-A	YLR298C
YBL072C	YNR051C
YDL207W	YGR192C
YJL010C	YMR229C
YFR037C	YOL004W
YHR052W	YJL190C
YDR471W	YFR004W
YLR044C	YLR249W
YGL179C	YGR135W
YCR020W-B	YGR056W
YFL038C	YOR115C
YBR285W	YHR079C
YDL159W	YDR356W
YDR427W	YGR067C
YMR315W	YNL135C
YKL089W	YPR018W
YJL080C	YNR051C
YDR430C	YER178W
YBR173C	YPL031C
YMR109W	YOR181W
YBR010W	YOR290C
YBR160W	YCL063W
YBR010W	YJR119C
YLR447C	YNL255C
YIL094C	YLR048W
YAL013W	YPL139C
YDR131C	YOL025W
YMR010W	YNR028W
YBR109C	YER098W
YDR296W	YPL049C
YOL016C	YPL138C
YDR194C	YFL036W
YMR116C	YOR361C
YGL234W	YJR068W
YBL045C	YIL061C
YBR154C	YNL255C
YBR251W	YJR101W
YDL083C	YOL040C
YLL050C	YNL138W
YML051W	YOR355W
YHR064C	YJR145C
YAR027W	YHR048W
YBR031W	YDL083C
YIR010W	YKL152C
YER048W-A	YKL192C
YER006W	YFR031C-A
YKL079W	YNL272C
YNL154C	YPR091C
YDL083C	YPL249C-A
YDL159W	YGR287C
YDR100W	YML018C
YAL005C	YDR143C
YJR086W	YOR212W
YIL070C	YLR332W
YKL109W	YOR290C
YHL003C	YOR092W
YLR315W	YML056C
YOL120C	YOR361C
YIL035C	YPR110C
YNL255C	YNL301C
YBR098W	YDR386W
YHR016C	YMR109W
YDR224C	YHL007C
YIR010W	YOR341W
YDR471W	YOL040C
YPL248C	YPR086W
YKL009W	YNL002C
YML051W	YPL047W
YAL038W	YPR129W
YHR024C	YLR172C
YJR145C	YPR144C
YJL020C	YPL031C
YBR010W	YLL004W
YDL132W	YLR134W
YER165W	YHR165C
YLR015W	YPL138C
YGR129W	YNL255C
YCL014W	YPR119W
YAL005C	YOR098C
YDR118W	YOR249C
YBR198C	YDR176W
YBR263W	YFR031C-A
YOR294W	YPL180W
YGL043W	YOL005C
YMR139W	YOL061W
YDL116W	YPL169C
YDL083C	YNL110C
YDR388W	YIL094C
YHR135C	YOR204W
YBL003C	YCL054W
YBL007C	YOR008C
YBL054W	YIR010W
YGL059W	YNR039C
YBL075C	YNL255C
YHR111W	YPL031C
YBR194W	YNL138W
YBL039C	YGL081W
YIR010W	YOR026W
YDR357C	YKL061W
YLR287C-A	YNL255C
YJL092W	YLR384C
YOR181W	YPL246C
YDR388W	YNL255C
YDR028C	YER129W
YLR117C	YPR101W
YDR296W	YPL183W-A
YKR068C	YMR218C
YDR264C	YOL018C
YJL177W	YPL198W
YGL189C	YML065W
YLR084C	YOR153W
YGR054W	YNR051C
YOL018C	YPR183W
YBR196C	YDR172W
YDL067C	YNL052W
YDR285W	YKL166C
YDR381W	YIR001C
YER062C	YKL069W
YBL023C	YLR002C
YFR027W	YPL008W
YDL111C	YHR010W
YML109W	YMR109W
YKL009W	YPR080W
YLR249W	YOR081C
YFR034C	YLR388W
YNL255C	YOR204W
YAL032C	YNL078W
YDR359C	YEL018W
YEL034W	YOL133W
YGR056W	YPR034W
YDL218W	YGL044C
YIL142W	YJL014W
YBL072C	YFR004W
YGL076C	YJR145C
YFR004W	YNL141W
YDR404C	YER139C
YDR388W	YPL140C
YDR301W	YMR033W
YBL085W	YFR034C
YFR024C-A	YOL107W
YHR114W	YPR171W
YDL055C	YOR133W
YNL255C	YPR163C
YJL173C	YMR234W
YJR045C	YLR203C
YLR002C	YOL041C
YIR010W	YMR116C
YGR120C	YKL006C-A
YDR101C	YLR397C
YHR062C	YNL282W
YDR195W	YDR381W
YGL111W	YNL002C
YBR031W	YNL301C
YFL005W	YHR094C
YGR021W	YHR135C
YDL239C	YOR304C-A
YCL028W	YER125W
YDL101C	YER125W
YAL005C	YOR185C
YFR034C	YLR325C
YIR017C	YJR112W
YLR449W	YOL127W
YBR200W	YJL187C
YCR068W	YFL062W
YNL216W	YPL106C
YHR135C	YOR119C
YDR381W	YDR398W
YGL190C	YPR154W
YIR010W	YOR096W
YHR157W	YKL166C
YML010W	YOL005C
YJR089W	YMR168C
YNL153C	YNL255C
YBL085W	YML109W
YAL013W	YPL181W
YKL180W	YPL198W
YLR467W	YNL255C
YHR085W	YLR106C
YDR359C	YJL081C
YGL179C	YLR276C
YKL095W	YMR213W
YBR020W	YMR117C
YFR027W	YJL019W
YDR379W	YKL166C
YDR247W	YIL033C
YFR004W	YIL075C
YHR135C	YNL154C
YDL200C	YDR224C
YDR498C	YML058W
YJL151C	YKL140W
YFL038C	YOL125W
YDR173C	YNL201C
YJL109C	YLR186W
YGR097W	YKL116C
YJR084W	YOL117W
YBR160W	YKL145W
YDR364C	YGR278W
YDL055C	YPL106C
YDR258C	YLR418C
YLR175W	YNL124W
YKR048C	YPR086W
YDR012W	YNL301C
YBR171W	YOR254C
YER178W	YOR090C
YER022W	YPR168W
YDL055C	YHL011C
YCR012W	YNR051C
YGR195W	YHR069C
YDR381W	YPL001W
YCR038C	YLR353W
YBR079C	YJR145C
YDR213W	YML111W
YBR052C	YDR039C
YJR112W	YKR022C
YBR107C	YJR135C
YHR014W	YHR185C
YHR169W	YLR249W
YHR152W	YJL138C
YIL149C	YNL135C
YMR161W	YNL255C
YBR247C	YOR145C
YFR042W	YPR159W
YDR412W	YEL054C
YJL084C	YNL183C
YGR052W	YNL076W
YDL115C	YGL179C
YBR253W	YPR168W
YHR025W	YNR051C
YDR247W	YGL208W
YFR004W	YMR116C
YDR303C	YGR270W
YBL003C	YMR116C
YJL063C	YKR006C
YBR106W	YMR215W
YBR031W	YGL147C
YGR252W	YNL255C
YER125W	YHR165C
YDR388W	YLR355C
YBL007C	YBR160W
YHR169W	YJR002W
YDR427W	YMR191W
YBR160W	YER032W
YGR031W	YIL107C
YGL076C	YOL120C
YLR293C	YPL009C
YFL039C	YNL110C
YGL223C	YML071C
YIR010W	YPR163C
YJL092W	YLL019C
YKR083C	YMR083W
YKL116C	YPR013C
YGR284C	YHL048W
YGR258C	YPL248C
YNL255C	YOR265W
YGR120C	YNL287W
YIR010W	YMR212C
YDR264C	YKR088C
YFR004W	YHR128W
YER089C	YFR004W
YJL010C	YJL069C
YOR327C	YPL232W
YNL124W	YPL079W
YDR272W	YOR081C
YBR158W	YGR163W
YKL145W	YOL117W
YFL005W	YOL018C
YMR109W	YPR159W
YLR330W	YOR299W
YER012W	YGR232W
YER013W	YLR117C
YBL003C	YOL006C
YDL111C	YOL021C
YPL031C	YPL201C
YBL072C	YDL014W
YNL255C	YPL036W
YJL189W	YMR139W
YGR252W	YHR008C
YKL142W	YNL063W
YBL003C	YPL090C
YDR342C	YMR049C
YDR100W	YML110C
YGL211W	YOR251C
YIR010W	YLR044C
YLR384C	YNL107W
YGL198W	YNL263C
YDR301W	YGL044C
YIL130W	YLR116W
YLR457C	YNL255C
YJR002W	YNL075W
YBL072C	YJL177W
YKL058W	YOR093C
YKL116C	YOL125W
YKR081C	YOL127W
YDL209C	YNL307C
YDR398W	YJR070C
Q0085	YML081C-A
YBL003C	YJR144W
YFR004W	YGR173W
YLR429W	YPR093C
YBL008W	YJR140C
YDL207W	YPR080W
YBL003C	YLR186W
YKR088C	YOL018C
YAL005C	YGL181W
YDL115C	YOR151C
YGL137W	YKL166C
YGL059W	YIL070C
YJR145C	YOL120C
YDR471W	YMR086W
YLL028W	YOR153W
YGR220C	YPL183W-A
YBL011W	YNL307C
YGR195W	YKR034W
YDR381W	YMR219W
YHR069C	YOL142W
YHR094C	YLR332W
YMR216C	YMR304W
YFR004W	YHR216W
YDR247W	YPR115W
YGL058W	YML101C
YDR092W	YGL087C
YCR073W-A	YGL059W
YDR171W	YOR181W
YFR004W	YMR219W
YDL209C	YLR117C
YDL014W	YDR117C
YAL005C	YDR188W
YBL003C	YMR223W
YER036C	YNL255C
YOL049W	YPL031C
YDL089W	YPR028W
YIR010W	YOR004W
YNR019W	YPL031C
YMR106C	YNL006W
YPL031C	YPR091C
YDR207C	YPL181W
YDR368W	YFR004W
YER125W	YLR017W
YDR507C	YPR083W
YKL025C	YLR291C
YAR002W	YBR194W
YGR089W	YHL010C
YBL003C	YGL227W
YLR131C	YNL135C
YLR452C	YMR004W
YMR121C	YMR139W
YCR020W-B	YFR037C
YMR125W	YPL151C
YBR194W	YGR186W
YIL150C	YJR112W
YFR031C-A	YKL180W
YER172C	YIL061C
YDL209C	YDR364C
YJL107C	YOR265W
YGL112C	YPR070W
YGR017W	YLR072W
YGR220C	YNL252C
YDR171W	YOR151C
YBR207W	YNL255C
YGL014W	YOL127W
YHR135C	YMR229C
YJR135C	YOL054W
YGR078C	YLR200W
YFR049W	YOR047C
YDR398W	YNL255C
YER173W	YPL194W
YDR057W	YMR297W
YLR203C	YLR429W
YDL031W	YHR197W
YDR177W	YER012W
YBR078W	YOL133W
YFL003C	YGR099W
YDR392W	YGL112C
YER105C	YJR042W
YLR011W	YLR291C
YDR381W	YOL127W
YDR143C	YNL225C
YDL043C	YDR174W
YDR343C	YER125W
YCR091W	YMR216C
YLR276C	YNL110C
YBR020W	YML051W
YNR051C	YPR043W
YGL181W	YPL049C
YDL060W	YIL095W
YER172C	YMR213W
YNL308C	YPR110C
YGL147C	YOL127W
YEL034W	YKL047W
YDR228C	YKL059C
YER165W	YOR117W
YDR430C	YFL018C
YDR142C	YJL014W
YDL014W	YNL308C
YJL177W	YOL016C
YDR388W	YER129W
YGR252W	YPL031C
YDR012W	YDR245W
YMR106C	YPR175W
YFL036W	YLR439W
YLR131C	YPR086W
YDR009W	YOL133W
YDL116W	YKR082W
YKL181W	YPL031C
YBR200W	YDR379W
YGR080W	YKL007W
YAR031W	YGL053W
YML010W	YPL228W
YDR174W	YMR242C
YDL171C	YGR214W
YGL111W	YPR143W
YGL076C	YMR086W
YBR098W	YHR016C
YJR132W	YLR291C
YHL023C	YNL307C
YEL034W	YJR047C
YAL041W	YGR221C
YHR135C	YHR156C
YJR144W	YMR137C
YBR010W	YGR270W
YIL113W	YKL161C
YJR132W	YPR093C
YDR324C	YPR137W
YPL085W	YPR181C
YBL079W	YPR080W
YGL153W	YMR267W
YLR332W	YNL283C
YHR128W	YOR117W
YGL150C	YPL129W
YHR087W	YNL255C
YBL072C	YNL255C
YGR275W	YKR008W
YBR098W	YKL113C
YER036C	YLR249W
YGR084C	YNR037C
YCL037C	YIR010W
YDL101C	YPL177C
YBL045C	YFR004W
YKL093W	YKL166C
YBR173C	YGR135W
YGL179C	YJR092W
YIL135C	YLR096W
YOL066C	YPL031C
YBR142W	YHR052W
YDR100W	YPL100W
YGL147C	YKL180W
YDR174W	YLR455W
YAL032C	YOR023C
YDR473C	YLL036C
YCL029C	YHR135C
YIL062C	YNL243W
YFL038C	YLR268W
YOR204W	YPL090C
YCR030C	YIL095W
YBL007C	YFR024C-A
YKR008W	YMR125W
YDR113C	YIL005W
YGR017W	YNL255C
YDR388W	YJR043C
YCL024W	YJL187C
YBL031W	YLR293C
YLR096W	YNR039C
YGR082W	YML086C
YBR106W	YGL051W
YGR090W	YPL266W
YGL021W	YLL015W
YGL076C	YPL198W
YIL068C	YJL085W
YBR183W	YJL117W
YHR165C	YKL152C
YDL207W	YDR172W
YBR194W	YLL026W
YDR207C	YMR263W
YJL106W	YNL116W
YLR276C	YMR049C
YDL239C	YDR520C
YDL137W	YER122C
YDL060W	YOL041C
YGL181W	YPL031C
YGL030W	YHR010W
YDR479C	YOL065C
YIL035C	YPL181W
YHR194W	YPL117C
YER036C	YOR117W
YLR328W	YML064C
YPL220W	YPR102C
YIR010W	YNL006W
YFR004W	YFR044C
YFR037C	YOR290C
YGL031C	YLR342W
YGR186W	YPL129W
YLR332W	YMR212C
YDR381W	YJL098W
YAL005C	YNL004W
YGL123W	YJR002W
YIL033C	YKL166C
YBR171W	YNL255C
YDL060W	YML010W
YCL064C	YNR051C
YBL058W	YJL006C
YNL255C	YOR168W
YDR484W	YKR020W
YBR109C	YEL034W
YJR098C	YMR304W
YLR460C	YPL031C
YER054C	YKL166C
YBL084C	YDL008W
YDR143C	YER006W
YCL028W	YDR260C
YGL137W	YNL287W
YBR191W	YKL180W
YDL031W	YML010W
YDR478W	YHR062C
YDR468C	YGL095C
YBL072C	YCL011C
YBR198C	YGR220C
YJL020C	YOR047C
YMR242C	YOR204W
YGL212W	YNL263C
YML064C	YNL255C
YDL204W	YER118C
YGR085C	YNL255C
YGL179C	YJL146W
YLR306W	YPL003W
YDL175C	YIL079C
YBL007C	YKR030W
YDL207W	YER105C
YJR092W	YLR096W
YCL061C	YNL262W
YJL054W	YNR017W
YGR085C	YOR204W
YDL005C	YPL042C
YDR388W	YOR057W
YBR106W	YNR055C
YGR097W	YNL025C
YHR135C	YPL181W
YFR031C-A	YNL096C
YBR160W	YOR014W
YFR001W	YNL230C
YDR412W	YJL177W
YDR101C	YLR074C
YBR258C	YLR015W
YDR169C	YPR080W
YNL124W	YOR096W
YIL150C	YKL089W
YDR335W	YKR082W
YLL023C	YMR215W
YGL099W	YKL180W
YKL171W	YOL104C
YER171W	YGR258C
YDR430C	YNL255C
YDR418W	YFR034C
YDR130C	YNL062C
YKR011C	YKR048C
YLR291C	YPL070W
YAL005C	YLR189C
YGL011C	YGR135W
YDR388W	YFR004W
YHR052W	YNL230C
YMR116C	YOL012C
YDR240C	YLR423C
YBL072C	YJR002W
YIR001C	YNL138W
YJL070C	YML035C
YJL138C	YMR083W
YDR130C	YOR204W
YDR260C	YEL060C
YLR074C	YOL041C
YDR472W	YOR115C
YKR068C	YML077W
YHR007C	YKL201C
YEL056W	YGR104C
YBR247C	YPL217C
YBL003C	YOL054W
YDL165W	YPL042C
YGL233W	YGR152C
YBR107C	YIR010W
YGR284C	YHR110W
YEL054C	YML065W
YBR109C	YIL095W
YAL053W	YDR497C
YGR165W	YNL255C
YBR079C	YER036C
YFR013W	YNR047W
YDR176W	YER165W
YHR169W	YIR010W
YER006W	YML065W
YDR381W	YIL026C
YFL039C	YLR291C
YNL002C	YPL249C-A
YDR381W	YPL178W
YAL009W	YDR211W
YGR097W	YLR113W
YLR315W	YOL054W
YIL075C	YMR314W
YJR002W	YPR144C
YBL085W	YNL078W
YIL034C	YIL062C
YHR015W	YPL169C
YIR035C	YLR291C
YJL106W	YMR100W
YLR439W	YML065W
YGL076C	YNL175C
YBL003C	YPL032C
YPL049C	YPL070W
YDR334W	YOL012C
YGR090W	YMR229C
YBR160W	YLR131C
YDR176W	YLR423C
YNL075W	YNL255C
YGR052W	YIL045W
YDR507C	YIL010W
YHR152W	YLR044C
YDR162C	YML109W
YNL206C	YNL255C
YKR088C	YPL053C
YEL051W	YMR106C
YBR160W	YML065W
YDR012W	YOR096W
YGR148C	YNR051C
YBR031W	YNR051C
YDR412W	YKR081C
YDR434W	YHR188C
YAL038W	YLR418C
YDR176W	YOR023C
YLR117C	YMR125W
YDR036C	YJR101W
YIL103W	YMR083W
YCR100C	YNL307C
YCL014W	YHR135C
YNL110C	YPL266W
YDL101C	YHR135C
YGL212W	YPL232W
YBR198C	YJL011C
YBR129C	YOL016C
YJL140W	YPR093C
YGR028W	YPL031C
YJL187C	YOR123C
YDR264C	YOR212W
YMR240C	YPR094W
YNL006W	YPL180W
YBR079C	YOR052C
YDR331W	YOL003C
YLR332W	YOR014W
YAL055W	YDL065C
YGR252W	YLR418C
YJL190C	YOR096W
YGR113W	YLR424W
YDL123W	YML121W
YDR412W	YPL125W
YJL187C	YPR119W
YBR247C	YMR093W
YDR012W	YDR471W
YML065W	YPL249C-A
YIL075C	YKL145W
YGR159C	YNL154C
YDL115C	YMR291W
YKR096W	YPR129W
YLR143W	YMR170C
YFR031C-A	YNL069C
YBR290W	YMR215W
YBL105C	YFR024C-A
YFR053C	YOR081C
YBR160W	YHL050C
YAL032C	YKR086W
YJL130C	YLR436C
YER165W	YML010W
YOR145C	YPL266W
YHR152W	YJR105W
YAL041W	YOL021C
YIL159W	YKR055W
YMR106C	YOR027W
YGL076C	YNL110C
YBL052C	YNL255C
YDL236W	YPR080W
YBR160W	YNL272C
YLR449W	YPL198W
YFR004W	YOR204W
YFR034C	YLR330W
YLR346C	YNL255C
YMR031C	YPL004C
YER061C	YPL031C
YMR215W	YOR016C
YDR264C	YJR086W
YIL016W	YNL154C
YHL015W	YHL034C
YFR004W	YPR035W
YHR152W	YOR369C
YHR133C	YLR450W
YDR012W	YOL120C
YKR027W	YLR191W
YBR160W	YLR425W
YBR183W	YOR016C
YNL162W	YNL255C
YDR412W	YNL002C
YDL060W	YDR224C
YAL032C	YDR176W
YBR109C	YPL031C
YHR010W	YNL069C
YBL084C	YPL174C
YLR186W	YPR144C
YCR067C	YPL085W
YEL026W	YER172C
YAL060W	YAL061W
YJL006C	YNR064C
YDR316W	YLR447C
YDR496C	YHR052W
YJR145C	YPL217C
YFR034C	YOR369C
YLR293C	YOR160W
YGR135W	YOR261C
YGL201C	YLR233C
YDL159W	YLR113W
YFR004W	YML085C
YDR057W	YKL145W
YIL035C	YKR022C
YAL005C	YLL024C
YDR364C	YLR117C
YKR086W	YLL036C
YOR117W	YOR261C
YJL187C	YLR215C
YAL003W	YNL255C
YIR003W	YPL031C
YAL001C	YDR362C
YPL117C	YPR168W
YER098W	YHL007C
YLR086W	YPR129W
YBR207W	YDR284C
YGL190C	YNL154C
YLR128W	YLR306W
YJL107C	YJL138C
YGR081C	YNL255C
YBR142W	YHR216W
YBL075C	YGR104C
YKL126W	YLR429W
YJL034W	YPR181C
YBR160W	YJR033C
YIL109C	YKL068W
YKR083C	YNL255C
YCR030C	YOR181W
YAL038W	YHR169W
YDL209C	YKR086W
YBR031W	YDR471W
YJL092W	YMR219W
YGR254W	YJR045C
YNL308C	YPL259C
YFR031C-A	YOL120C
YML065W	YNL069C
YDR229W	YOR181W
YDR135C	YOR233W
YFR024C-A	YGL201C
YBR136W	YJL173C
YFR004W	YOR042W
YDL047W	YDR188W
YBR221C	YLR418C
YMR116C	YOR096W
YLR342W	YNL307C
YBR127C	YJR033C
YDR364C	YLR424W
YDL052C	YDL143W
YGR258C	YJL092W
YBR191W	YGL147C
YJL011C	YPR055W
YGR214W	YPR129W
YBR194W	YGL031C
YGR234W	YNL085W
YDR381W	YNL177C
YDL212W	YML132W
YGL111W	YOR005C
YBR251W	YGR165W
YAL053W	YNL283C
YJL069C	YMR229C
YDR297W	YLL028W
YAR031W	YCR030C
YDR411C	YDR479C
YJL019W	YPR018W
YBR072W	YIL126W
YAL047C	YLR212C
YDR194C	YDR365C
YOR014W	YOR073W
YLR018C	YLR249W
YBR200W	YMR212C
YFR004W	YGR200C
YIL091C	YMR216C
YLL019C	YLR044C
YAL015C	YPR110C
YCL056C	YNL255C
YBL072C	YLR075W
YDR171W	YML065W
YDR247W	YNL295W
YCR021C	YPL221W
YDR012W	YOL041C
YDL012C	YOR355W
YML049C	YMR117C
YLL036C	YMR125W
YJL084C	YPR029C
YAR007C	YCR012W
YLR219W	YOR181W
YLL036C	YLR016C
YBR023C	YBR180W
YBL003C	YLR449W
YCR012W	YNL006W
YPL018W	YPR018W
YDR496C	YHR197W
YIL061C	YJL098W
YIL126W	YNL116W
YDR062W	YLR342W
YDL008W	YKL079W
YDR388W	YOR329C
YKL166C	YNL227C
YML049C	YMR125W
YER172C	YGR278W
YDR520C	YKR034W
YGR097W	YNL307C
YBR279W	YNL251C
YGR077C	YOL044W
YDL171C	YOR133W
YDR381W	YJR045C
YBL007C	YBR250W
YAL005C	YDR390C
YGL058W	YNL255C
YGR054W	YML010W
YCL037C	YNL251C
YHR187W	YKL110C
YDR164C	YMR183C
YDR330W	YOL133W
YMR105C	YMR199W
YGL194C	YKR029C
YFR004W	YOL040C
YHR135C	YNL116W
YIL107C	YPL026C
YGL059W	YLR258W
YDR394W	YOR261C
YDR335W	YDR394W
YGR214W	YOR361C
YDR300C	YFR004W
YML056C	YOR360C
YHR087W	YIL162W
YGR056W	YMR106C
YCR021C	YLR138W
YKL180W	YMR086W
YGR080W	YNL138W
YGL179C	YMR205C
YGR104C	YPL042C
YLR075W	YNR051C
YJL177W	YNL110C
YHL022C	YLR329W
YDR143C	YGR192C
YBL085W	YDR036C
YGR270W	YKR008W
YFR031C-A	YPL198W
YBL027W	YHL001W
YDR392W	YEL009C
YER098W	YNL307C
YGR207C	YPL217C
YDR404C	YNL251C
YBR214W	YDL047W
YBR139W	YHR064C
YBR200W	YGL233W
YDR188W	YHR174W
YLR264W	YOR361C
YKL185W	YPL181W
YDR331W	YDR343C
YJL039C	YKL068W
YDL053C	YNR051C
YCR004C	YDL101C
YDR296W	YIL104C
YBR154C	YML065W
YMR197C	YOR327C
YER165W	YPR080W
YFL038C	YML086C
YIR008C	YNL262W
YLR191W	YNL329C
YBR194W	YMR146C
YLL024C	YPR144C
YAR027W	YGR014W
YHR041C	YPR070W
YBR260C	YKR055W
YKR082W	YLR429W
YOL088C	YPR117W
YGL061C	YIL070C
YNL227C	YPL026C
YML020W	YMR106C
YPL011C	YPL129W
YDL074C	YPR080W
YPL221W	YPR138C
YIR006C	YNL243W
YFR037C	YNL255C
YOL148C	YPL047W
YBR133C	YGL187C
YDR414C	YGR284C
YKR086W	YPL151C
YLR025W	YPR173C
YBR160W	YLR187W
YIR007W	YMR205C
YBR160W	YDR501W
YDL175C	YGR165W
YCR063W	YER172C
YGR134W	YPL268W
YGR200C	YNL078W
YDR117C	YOR204W
YFL005W	YFR004W
YCL028W	YOL051W
YCL027W	YLR330W
YLL004W	YPL138C
YAL002W	YLR148W
YLR074C	YNL110C
YHR010W	YOR096W
YDR080W	YLR093C
YAL043C	YGR047C
YBR142W	YGL111W
YER033C	YPL031C
YER139C	YJL006C
YGR097W	YJL106W
YLR125W	YMR030W
YDR301W	YJR093C
YDR100W	YHR094C
YGL238W	YGR214W
YDL222C	YPL032C
YNL255C	YPR086W
YKL145W	YPR080W
YIL070C	YPL032C
YBR264C	YJL187C
YBR106W	YLL061W
YDR170C	YML085C
YDL115C	YJL187C
YLR025W	YNL265C
YDR388W	YLR429W
YER060W	YJL106W
YDR211W	YLR291C
YGL233W	YJL085W
YJR015W	YOR016C
YKL095W	YLR424W
YFR034C	YOR133W
YFR004W	YGL206C
YIL131C	YPL237W
YKL009W	YNR051C
YFR004W	YIL041W
YJL098W	YPL049C
YFL042C	YPR110C
YBR194W	YMR240C
YBR072W	YLL024C
YBR079C	YPL237W
YDR247W	YIL154C
YJR132W	YOR098C
YGR284C	YMR215W
YER105C	YMR129W
YER171W	YFR009W
YGR156W	YJR093C
YOR098C	YPL169C
YHL011C	YOL061W
YER105C	YIL061C
YHR165C	YML049C
YBL085W	YHL007C
YLR048W	YPR035W
YDR142C	YKL103C
YER129W	YNL225C
YBL075C	YOR027W
YDL014W	YGR085C
YAR027W	YPR128C
YGR120C	YLR423C
YHR079C	YMR165C
YKL009W	YNL110C
YBL085W	YER164W
YLR134W	YPL031C
YJL176C	YOR290C
YOR290C	YPL249C-A
YGL059W	YMR165C
YKL145W	YPL248C
YDR006C	YFR004W
YKL207W	YKR076W
YNL002C	YNL110C
YCL008C	YNL154C
YBR160W	YLR096W
YGR129W	YLR117C
YDR224C	YML065W
YDR471W	YER006W
YGR200C	YKL110C
YGR209C	YHR152W
YLR268W	YNL258C
YNL206C	YNR052C
YBR191W	YLR287C-A
YJL098W	YNL006W
YIL109C	YKL171W
YHL001W	YOL127W
YFL039C	YOR367W
YHL011C	YOR090C
YPR144C	YPR163C
YBL007C	YCR100C
YOL041C	YPL198W
YMR093W	YNL075W
YBR154C	YER022W
YER173W	YPL178W
YIR010W	YLR175W
YDR496C	YHR010W
YHR114W	YMR162C
YGL198W	YNL304W
YDL207W	YEL024W
YDR174W	YDR283C
YDR343C	YOR181W
YDR183W	YOR212W
YBL042C	YPL058C
YBR234C	YNL243W
YDR479C	YJL097W
YFR004W	YNR017W
YGL190C	YLR191W
YLR175W	YPL198W
YBL072C	YGR054W
YBR170C	YLR044C
YDL160C	YGL137W
YMR140W	YNL154C
YER125W	YHR131C
YHR084W	YPR080W
YBL061C	YJL187C
YBR234C	YLR241W
YGL003C	YKR048C
YJR076C	YMR304W
YGL111W	YNL110C
YGL147C	YGR085C
YCR017C	YGR052W
YDR074W	YER178W
YML058W	YNL310C
YCL052C	YLR268W
YFR004W	YJL020C
YGL095C	YOL018C
YGR059W	YMR065W
YBR247C	YJR002W
YFR004W	YJL001W
YMR105C	YOR327C
YDR392W	YPL047W
YMR213W	YPR101W
YHR135C	YOR123C
YGL061C	YLR045C
YML064C	YPL111W
YHR174W	YLR044C
YBR160W	YOR188W
YGR268C	YNL255C
YJR144W	YLR074C
YBR020W	YCL011C
YDR246W	YOR115C
YFR016C	YLL050C
YIL149C	YNL225C
YBR079C	YNL255C
YKL171W	YMR184W
YDL014W	YLR186W
YGL076C	YNL069C
YGR090W	YPR175W
YOL004W	YPL181W
YHR161C	YIR006C
YHR127W	YMR047C
YBL074C	YDR283C
YDR297W	YOR016C
YKR031C	YOR242C
YGL147C	YHL015W
YNL069C	YPL090C
YDL051W	YHR089C
YFR004W	YNL135C
YNL110C	YNL175C
YBL003C	YIL026C
YBR109C	YLR356W
YAL005C	YJR140C
YLR424W	YMR125W
YGR104C	YNR010W
YLL024C	YPL181W
YHL001W	YOR117W
YBR160W	YBR200W
YBR107C	YDR254W
YGL030W	YNL110C
YDR471W	YHL001W
YLL021W	YLL026W
YMR242C	YNL175C
YGR186W	YKL028W
YBL064C	YHR079C
YHR114W	YKR030W
YDL222C	YGR138C
YDR211W	YPL140C
YHR111W	YKL048C
YOR361C	YPR086W
YGR120C	YNL086W
YBR083W	YKL126W
YHR046C	YNL262W
YBR010W	YDR457W
YBR106W	YHR142W
YJL020C	YMR162C
YBR160W	YOL058W
YMR216C	YNL173C
YBL072C	YNL096C
YBL003C	YKL089W
YHR025W	YKR081C
YFR004W	YGL078C
YMR165C	YOL016C
YER020W	YMR116C
YBR290W	YPL176C
YBR109C	YKL175W
YER166W	YIR006C
YBR168W	YLR324W
YDR171W	YPR035W
YIL109C	YPR181C
YDL047W	YKL080W
YNL069C	YPL143W
YDR324C	YPL266W
YKR081C	YLR276C
YDR254W	YLR315W
YIL112W	YKR029C
YLR137W	YNL255C
YDL190C	YJL030W
YDR227W	YNL206C
YBR010W	YMR176W
YHR110W	YKL065C
YBR106W	YJR015W
YBR279W	YIL035C
YFL039C	YFR004W
YDR153C	YGL206C
YHR058C	YPL129W
YDL167C	YPR080W
YCR042C	YPL011C
YNR051C	YOL040C
YER012W	YLL054C
YNL225C	YNL255C
YJL098W	YNL076W
YNR051C	YOL120C
YKL145W	YNL255C
YMR109W	YNL307C
YGL059W	YOR134W
YDL239C	YNL225C
YGR278W	YKL095W
YJL187C	YKR071C
YER122C	YLR268W
YBL075C	YPL117C
YDR150W	YJR112W
YNL255C	YOL002C
YDR330W	YHL007C
YMR242C	YNL002C
YER118C	YOR127W
YER165W	YPL178W
YBR198C	YPL248C
YER067W	YPL031C
YBL090W	YPL013C
YGL112C	YMR223W
YGR084C	YJR113C
YAL005C	YBL058W
YBR200W	YGL212W
YLR355C	YOR117W
YKL161C	YPL049C
YBR239C	YFR024C-A
YDR171W	YDR430C
YDL209C	YGR129W
YPL106C	YPR140W
YMR246W	YNR051C
YHR058C	YPL248C
YAR007C	YEL030W
YKL080W	YOR270C
YLR238W	YPL031C
YBR253W	YPR070W
YDR118W	YGL240W
YDR414C	YGR199W
YBL074C	YER172C
YFL005W	YOR070C
YAR002W	YJL039C
YBL085W	YJR056C
YHR165C	YMR176W
YNL255C	YOR369C
YMR068W	YOR181W
YIL130W	YIR010W
YIL085C	YJL019W
YAL042W	YML130C
YDR388W	YJR139C
YDR224C	YOL012C
YJR045C	YKR048C
YBR176W	YOR119C
YDR283C	YGL190C
YBR042C	YPL031C
YAR007C	YDR335W
YFR004W	YOL109W
YGL145W	YNL258C
YDL031W	YNL002C
YDL047W	YOL018C
YDR471W	YFR031C-A
YML051W	YMR223W
YGL212W	YJR040W
YGL179C	YGR167W
YDR170C	YFR044C
YHR069C	YOR076C
YFR004W	YJL080C
YDR427W	YOR294W
YBR273C	YDL190C
YNR051C	YOR182C
YHL015W	YML065W
YJL084C	YOR348C
YHR068W	YPL031C
YNL183C	YOL066C
YHR089C	YNL124W
YHR079C	YHR114W
YKL065C	YML123C
YDL083C	YLL036C
YFR031C-A	YLR074C
YGL137W	YNL138W
YDL015C	YKL065C
YJR053W	YKL048C
YHR142W	YIL016W
YBL058W	YNL155W
YDR258C	YOR117W
YJR076C	YNL307C
YBL039C	YJL030W
YDR407C	YKR068C
YIR010W	YML010W
YLR264W	YPL031C
YBL027W	YNR051C
YJL190C	YNL069C
YMR049C	YPR008W
YGL210W	YOL018C
YMR047C	YPL169C
YDR429C	YJL190C
YGR252W	YHR099W
YDL031W	YIL035C
YBR106W	YOL020W
YOR290C	YPL248C
YDR468C	YJL029C
YDR172W	YNL243W
YJL019W	YJL073W
YBL085W	YPL049C
YJL151C	YNL204C
YGL044C	YML010W
YJL069C	YKR096W
YGR278W	YOR361C
YBR010W	YEL056W
YNL262W	YNL299W
YDL083C	YOL127W
YER091C	YOR117W
YBR005W	YER125W
YKR082W	YPR080W
YFR024C-A	YMR109W
YIL095W	YLR342W
YJR112W	YNL250W
YJR045C	YOR081C
YHR016C	YLR243W
YDL101C	YDR214W
YLR072W	YLR249W
YDR540C	YHR135C
YGR110W	YHR114W
YDR381W	YNL051W
YDR212W	YNL323W
YMR125W	YOR159C
YBR106W	YBR290W
YHR135C	YNL334C
YHR079C	YOR162C
YIL061C	YLR298C
YBR200W	YNR047W
YMR116C	YOL120C
YLR324W	YPR028W
YML010W	YNR051C
YMR125W	YOR204W
YHR135C	YJR089W
YCL011C	YHL034C
YBR106W	YLR350W
YIL151C	YKL171W
YBL003C	YJL081C
YAR007C	YBL023C
YDL014W	YMR093W
YDL143W	YNR051C
YGR275W	YPL249C-A
YHR089C	YNL255C
YBR196C	YLR044C
YBR173C	YMR314W
YAL005C	YBL023C
YNL002C	YPR115W
YER012W	YLR199C
YBR154C	YPL129W
YKL028W	YNR029C
YHL015W	YKL180W
YDR381W	YNL252C
YHL015W	YNL308C
YMR229C	YOR233W
YJL078C	YOR153W
YDR388W	YER116C
YJL063C	YMR024W
YHL001W	YNL110C
YCR073W-A	YNR051C
YBL009W	YOR233W
YBR187W	YNL255C
YFR004W	YFR050C
YDL160C	YMR106C
YCR043C	YJL151C
YGL234W	YNR051C
YBL011W	YHL007C
YGR052W	YJL105W
YIL011W	YMR201C
YNL110C	YOR294W
YJR072C	YOR151C
YMR162C	YPR154W
YDL156W	YLR116W
YHR016C	YLR426W
YIL034C	YPL031C
YCL029C	YLR045C
YAR027W	YJR040W
YBL027W	YGL147C
YFR004W	YMR027W
YGL014W	YOL040C
YDR224C	YOL054W
YDL043C	YML049C
YGR207C	YOR018W
YBR200W	YMR197C
YER020W	YJL016W
YCL024W	YKR048C
YHL007C	YOL112W
YML064C	YMR246W
YDR479C	YLR036C
YGR129W	YKR022C
YGL030W	YGL147C
YDL207W	YMR129W
YJL034W	YJL052W
YJL109C	YPL217C
YGL156W	YPR110C
YDR411C	YLR207W
YCL024W	YNL206C
YDL014W	YGR090W
YIL149C	YLL015W
YJL069C	YOR059C
YBR273C	YDR411C
YOL127W	YPL143W
YBR109C	YGL141W
YER044C	YML008C
YDR297W	YHR142W
YBL007C	YHR135C
YDR388W	YFL039C
YBL003C	YOL004W
YGL043W	YGR186W
YNL138W	YOR122C
YGL234W	YOR090C
YER165W	YIR001C
YJL069C	YMR093W
YGR037C	YLL019C
YDL043C	YOR319W
YKL095W	YMR125W
YBR160W	YIR023W
YBL007C	YDR172W
YDR176W	YPL181W
YLR293C	YPL125W
YBR251W	YDR124W
YLR455W	YMR229C
YGR270W	YMR033W
YJL098W	YOR187W
YBR106W	YBR287W
YNL307C	YPR115W
YFR004W	YLR293C
YDR312W	YNL110C
YDR285W	YMR117C
YNL227C	YPL031C
YNL096C	YOR361C
YDL160C	YGR054W
YDR330W	YJL187C
YFR004W	YJR139C
YLR293C	YOR117W
YBR160W	YJR091C
YFR004W	YLR300W
YFL033C	YOL001W
YBR260C	YPL140C
YHR033W	YJR076C
YDR093W	YER166W
YDR381W	YGL030W
YBR010W	YDL200C
YEL051W	YNL250W
YIL070C	YNL250W
YCR047C	YNL255C
YGL112C	YGR252W
YDR429C	YFL017C
YDR283C	YJR043C
YOR341W	YPR110C
YDR073W	YOL051W
YBL085W	YNL206C
YJL140W	YNR010W
YGL011C	YIL099W
YGR252W	YPL181W
YFR004W	YPR181C
YBR136W	YML058W
YGR085C	YPL220W
YBR107C	YLR315W
YDL074C	YOL117W
YJR076C	YKR048C
YCL029C	YPL155C
YBR106W	YOR117W
YJR094C	YMR139W
YBL020W	YDL085W
YKL108W	YLR191W
YCR020W-B	YOR115C
YLR423C	YPL174C
YGL030W	YHL001W
YBR194W	YMR072W
YLR315W	YOR023C
YBR052C	YLL024C
YJL130C	YOR027W
YDL074C	YLR424W
YBR079C	YNR051C
YNL287W	YPR117W
YJR101W	YPL013C
YJL099W	YMR116C
YER022W	YPL042C
YLR433C	YML057W
YML065W	YOR096W
YCL011C	YMR125W
YER006W	YGL030W
YOR096W	YPR144C
YDR130C	YGR085C
YAR007C	YBL088C
YIR010W	YJR076C
YGR270W	YIR010W
YBL003C	YHR167W
YHR014W	YJL138C
YER012W	YLL024C
YBL088C	YNL265C
YBR109C	YMR071C
YNL069C	YOR096W
YGL238W	YOR185C
YFR001W	YPL220W
YGR220C	YNL307C
YDR100W	YMR010W
YCL011C	YCL037C
YML051W	YMR004W
YDR356W	YNL126W
YKR058W	YLR258W
YBR160W	YPR086W
YBR194W	YPL004C
YHR079C	YNL272C
YDR335W	YOR098C
YDR240C	YLR298C
YFR004W	YHR064C
YML049C	YPL151C
YJL112W	YJR003C
YAL005C	YDR214W
YJL109C	YPR144C
YKL051W	YLL028W
YIL094C	YNL304W
YGR266W	YMR106C
YGR277C	YLL061W
YER164W	YMR229C
YBR279W	YPL084W
YAR007C	YFL009W
YBL080C	YGR102C
YDL014W	YOR096W
YGR113W	YPL018W
YDR034W-B	YLL028W
YMR117C	YPR143W
YGL240W	YKR048C
YLL024C	YOR090C
YLR082C	YOL138C
YDR080W	YMR048W
YMR263W	YPL139C
YGL058W	YGR180C
YPL141C	YPL201C
YLR075W	YNL255C
YDR036C	YDR337W
YAL043C	YDR195W
YBR254C	YFL038C
YDL212W	YLR018C
YDL083C	YJR145C
YJR050W	YLR117C
YGR090W	YJL190C
YER165W	YLR298C
YHR169W	YPR080W
YHR135C	YOR254C
YKL103C	YNL107W
YBL007C	YNL138W
YGR186W	YJL140W
YDL116W	YKL186C
YDR174W	YLR320W
YJL092W	YJR132W
YBR168W	YHR150W
YNL069C	YOR204W
YPL004C	YPL164C
YDR131C	YPR093C
YHR084W	YPL220W
YER006W	YLR325C
YIL125W	YMR121C
YGR085C	YLR075W
YJL190C	YKL180W
YNL255C	YPL106C
YDL143W	YIL142W
YDL065C	YLR191W
YBR247C	YNL308C
YGR200C	YKL166C
YBR154C	YGR186W
YAL032C	YMR031C
YDR414C	YDR503C
YKL093W	YNL307C
YIR010W	YMR229C
YAL005C	YLR418C
YBL027W	YJL177W
YBL051C	YIL151C
YGL111W	YKL082C
YER118C	YLL048C
YLL036C	YPR101W
YBR211C	YNL289W
YJL034W	YNR051C
YFR004W	YGL037C
YDL159W	YIL113W
YIL126W	YOR304W
YDR012W	YFR004W
YJR002W	YPL266W
YGL245W	YPL141C
YBL084C	YPL106C
YBR223C	YCL028W
YKR069W	YMR109W
YLR342W	YML130C
YFR050C	YJL047C
YAL032C	YBL084C
YEL054C	YNL255C
YGR159C	YPL237W
YFR004W	YFR009W
YBL011W	YJL187C
YDR427W	YOR261C
YJL148W	YPR110C
YGR220C	YLR439W
YJL070C	YKL166C
YBR142W	YGL059W
YIR003W	YJL020C
YDR496C	YMR049C
YBR194W	YPL151C
YHR010W	YIL125W
YLR449W	YMR049C
YMR024W	YNL252C
YML065W	YMR072W
YAL005C	YLR256W
YJR050W	YPL151C
YOL021C	YOL142W
YGR084C	YMR158W
YDR331W	YKL006C-A
YKL108W	YPR175W
YBL037W	YNL265C
YMR242C	YPR189W
YLL028W	YLR219W
YMR086W	YPL004C
YAL041W	YPR129W
YBR296C	YHR133C
YBR109C	YIL149C
YBR072W	YNL313C
YOR038C	YOR290C
YER012W	YPR120C
YDR307W	YJL091C
YDR457W	YLL021W
YDR224C	YNL255C
YER006W	YIL035C
YIL131C	YIR002C
YIL103W	YJL138C
YDR301W	YHR135C
YER165W	YNR051C
YGR181W	YNR017W
YFR031C-A	YNR051C
YCR087C-A	YLL004W
YJR072C	YLR243W
YDR418W	YOR117W
YDR254W	YLR381W
YDL171C	YMR117C
YDR227W	YMR219W
YDR423C	YLR109W
YBR079C	YNL243W
YBR152W	YDL043C
YDR498C	YNL258C
YBR079C	YML085C
YBR247C	YNL154C
YBR200W	YHL007C
YDR086C	YFR004W
YEL034W	YJL190C
YBR106W	YFR004W
YHR128W	YPL031C
YGR225W	YNL210W
YMR052W	YNL127W
YFL062W	YOR092W
YAR002W	YBR160W
YAR027W	YML038C
YAL005C	YHR127W
YBR109C	YPL019C
YNL154C	YOR153W
YDR381W	YML056C
YPL004C	YPR173C
YLR268W	YNL287W
YIL068C	YNR049C
YHR010W	YML065W
YFR034C	YLR333C
YFR024C-A	YGL181W
YFR004W	YGL202W
YFR034C	YPR181C
YCL011C	YNL308C
YGL043W	YPL042C
YJR050W	YML046W
YMR159C	YPR034W
YGL087C	YOR220W
YER164W	YMR125W
YJL010C	YPL217C
YDL227C	YGL014W
YBR254C	YDR246W
YHR128W	YNR051C
YLL036C	YLR132C
YIL016W	YPL076W
YJL106W	YNL272C
YDR207C	YJR094C
YDL083C	YGL031C
YIL033C	YKL048C
YMR049C	YNL230C
YCL014W	YPL106C
YDL012C	YFR024C-A
YER006W	YFR001W
YER131W	YFR004W
YBR251W	YGR215W
YHR181W	YJL186W
YKR034W	YNL021W
YFR027W	YIL026C
YBL072C	YKL067W
YMR153W	YPL004C
YGL011C	YJL001W
YDR100W	YLR108C
YLR433C	YMR205C
YER006W	YMR047C
YDL015C	YOR016C
YBL061C	YHR135C
YMR242C	YPL249C-A
YMR114C	YMR216C
YER006W	YKL009W
YBR160W	YGL003C
YAL001C	YIR010W
YDL052C	YHR007C
YMR280C	YOR047C
YFR004W	YPL079W
YDL060W	YER131W
YKL188C	YPL147W
YLR131C	YOR185C
YDR397C	YER159C
YER125W	YMR171C
YCL028W	YIR010W
YJR007W	YLR291C
YDR365C	YDR381W
YHL015W	YOR096W
YDR411C	YJL106W
YDL055C	YER012W
YKL103C	YOL001W
YDR299W	YPL141C
YNR023W	YPR034W
YLL021W	YPL140C
YDR501W	YGL137W
YER041W	YKR081C
YCR004C	YFR004W
YKL150W	YPL031C
YNL124W	YPL249C-A
YFR004W	YNL313C
YJL151C	YKL094W
YDR468C	YLL043W
YLL015W	YLL023C
YHL007C	YPL161C
YGL059W	YJR049C
YBR253W	YPR086W
YFL033C	YOR162C
YDR059C	YPR093C
YDR063W	YKR034W
YHR046C	YNL255C
YOL040C	YOR096W
YGL035C	YJL020C
YER165W	YMR213W
YBL084C	YDR260C
YJR091C	YLR420W
YBR127C	YFL039C
YDR012W	YER012W
YGR270W	YIL126W
YHL009C	YMR216C
YBR106W	YBR183W
YDL207W	YMR047C
YJL109C	YNR051C
YER165W	YKL068W
YOR049C	YOR127W
YFR004W	YGL123W
YNR051C	YOR151C
YLR175W	YMR229C
YOR110W	YPL031C
YDL222C	YOR153W
YFR034C	YPL198W
YDL223C	YFR004W
YDR143C	YGL037C
YAL010C	YMR060C
YDL047W	YGR085C
YGR104C	YPR168W
YHR167W	YNL004W
YHR052W	YKR057W
YEL030W	YMR106C
YOL120C	YOR133W
YBR142W	YKL014C
YFR024C-A	YPL031C
YDR398W	YNR051C
YLR025W	YLR181C
YDL132W	YDR131C
YDR412W	YML074C
YOR181W	YOR317W
YFL068W	YNL255C
YAL032C	YHR165C
YER139C	YMR291W
YHL009C	YPL018W
YMR071C	YOL018C
YIL050W	YML065W
YLR417W	YLR452C
YDL015C	YHR133C
YBR211C	YIR010W
YHL034C	YMR229C
YBL085W	YJL155C
YDL116W	YJL117W
YDL056W	YIL131C
YDL083C	YOR204W
YDL171C	YPL031C
YGR159C	YLR175W
YDR427W	YIL066C
YHR016C	YNL243W
YBR010W	YPL181W
YDR412W	YGL076C
YML125C	YMR153W
YHR135C	YLL043W
YCR073W-A	YDR247W
YLR333C	YML056C
YNL092W	YOR329C
YBR180W	YKL117W
YBR191W	YFR004W
YBR031W	YKL116C
YPL249C	YPR154W
YHL034C	YKL185W
YBR031W	YFR031C-A
YGR214W	YNL255C
YBR160W	YGL216W
YOR027W	YPR106W
YKL103C	YOL145C
YML074C	YPR115W
YLR284C	YML064C
YDL031W	YHR052W
YML065W	YMR121C
YGL238W	YIL094C
YDL101C	YNL250W
YJL190C	YJR145C
YCR067C	YOR128C
YGL123W	YKL014C
YJR042W	YMR047C
YDL143W	YHR169W
YGL212W	YOL129W
YFR009W	YLR452C
YDR394W	YFR004W
YIR010W	YPL127C
YDR388W	YPL249C-A
YCL055W	YGL192W
YDL160C	YPR129W
YBR254C	YMR218C
YBL084C	YOR249C
YMR167W	YOR155C
YFL018C	YFR049W
YLR403W	YNL006W
YDR171W	YNL216W
YDL188C	YHR152W
YPL031C	YPR119W
YHR165C	YMR213W
YDR012W	YJL080C
YFR034C	YMR109W
YLL024C	YPL031C
YIL068C	YPR055W
YGL147C	YNL175C
YBR111C	YLR245C
YNL069C	YPR102C
YHR052W	YMR047C
YBR079C	YOR096W
YAL038W	YER171W
YOR014W	YPL106C
YAL062W	YIL033C
YHR070W	YNL138W
YHR016C	YNR007C
YIL131C	YJR144W
YFR004W	YIL142W
YDR507C	YGL187C
YDR303C	YKR008W
YHR135C	YKR045C
YGL134W	YKR058W
YER165W	YJL080C
YFR004W	YOL016C
YBR273C	YHL007C
YHR165C	YLR117C
YEL026W	YNL255C
YBL075C	YPR119W
YCL011C	YEL034W
YGL210W	YNL255C
YJR103W	YKL117W
YNL199C	YPL075W
YCR091W	YMR205C
YLR131C	YMR304W
YJR021C	YNL210W
YGL115W	YJL112W
YJL173C	YLR086W
YHR135C	YLR355C
YDR496C	YMR121C
YJR112W	YLR200W
YAL038W	YNL307C
YDR356W	YMR117C
YDR381W	YOL033W
YDR255C	YIL097W
YGL179C	YHR137W
YML102W	YNL255C
YER012W	YGL147C
YBL039C	YOR151C
YDR057W	YOL013C
YDR412W	YFR031C-A
YFR038W	YJL187C
YBR010W	YLR449W
YML065W	YPL008W
YBR221C	YDL239C
YMR223W	YPL047W
YDR143C	YIL034C
YJL019W	YJR068W
YHR135C	YKL166C
YHR052W	YNL175C
YIL061C	YKR028W
YFL038C	YMR218C
YOR001W	YPR110C
YEL056W	YLL004W
YGR090W	YLR409C
YCR020W-B	YPR034W
YDR418W	YGR148C
YAL005C	YFR037C
YCR030C	YML098W
YER012W	YPR080W
YCR021C	YKR003W
YGR081C	YGR214W
YBR247C	YKL143W
YBL003C	YNL262W
YDL031W	YPL198W
YCL011C	YDR381W
YDR386W	YGR090W
YKL192C	YML065W
YBR010W	YIL035C
YJL109C	YOR294W
YER125W	YJL151C
YDR188W	YOR098C
YAL032C	YIL068C
YGR167W	YJL006C
YBL007C	YJL106W
YBL033C	YFR004W
YLL018C-A	YPL031C
YMR071C	YNL255C
YBR158W	YML064C
YDR085C	YMR059W
YCR030C	YJR076C
YDL043C	YDR226W
YDR386W	YNL308C
YGL153W	YLR191W
YBR128C	YPL120W
YDL149W	YLR065C
YBR160W	YOR249C
YBL003C	YHR089C
YJR091C	YOR265W
YMR213W	YOR159C
YIL094C	YKR003W
YFL039C	YHR016C
YPL151C	YPR101W
YDR174W	YGR090W
YGL037C	YPL070W
YHR135C	YNR019W
YHR052W	YOL040C
YFR024C-A	YNL243W
YDL031W	YNL110C
YJR145C	YPR189W
YNL255C	YOL112W
YDR453C	YIL039W
YFR004W	YHL015W
YOL054W	YPL001W
YBL007C	YMR147W
YBR010W	YGR081C
YDR188W	YFL039C
YDL014W	YJR002W
YMR153W	YPL031C
YER165W	YPL259C
YCL027W	YGR070W
YFR024C-A	YIR010W
YER012W	YOL145C
YIL104C	YLR175W
YDR226W	YFR004W
YDL083C	YDR418W
YFR004W	YKL127W
YJR101W	YNR037C
YJR072C	YOR262W
YOR042W	YPL042C
YBR154C	YOL005C
YDR164C	YNL272C
YAL032C	YDL116W
YNL069C	YPL249C-A
YGR252W	YPL248C
YIR007W	YPR080W
YIL074C	YOR117W
YDL031W	YGL111W
YBL072C	YGL076C
YIL091C	YJL187C
YFL039C	YOR181W
YDR100W	YPL135W
YFR013W	YOL004W
YDR381W	YLL024C
YEL051W	YLR447C
YIR037W	YPL058C
YIL095W	YIR006C
YLR270W	YOR173W
YBR196C	YOR117W
YER122C	YIR010W
YDR247W	YMR140W
YBR130C	YHL007C
YIL079C	YNL299W
YEL025C	YLR452C
YGL053W	YNL315C
YAL062W	YCR020W-B
YCL029C	YGL245W
YFL005W	YGL198W
YDR388W	YJR115W
YDL160C	YNL255C
YDR170C	YPR181C
YAR027W	YGL225W
YFR031C-A	YHR010W
YMR314W	YOR117W
YFR004W	YOR317W
YER036C	YGL099W
YPR032W	YPR055W
YIL125W	YOR005C
YCR044C	YDR331W
YGR195W	YOR076C
YDR170C	YER125W
YFR004W	YGL014W
YER006W	YGR085C
YDR296W	YNL255C
YIR037W	YML070W
YNL201C	YPR115W
YGL031C	YNL255C
YBL003C	YNL059C
YJL019W	YLR233C
YKR081C	YPR102C
YFR035C	YPL031C
YCR073C	YDR524C
YBR247C	YCR073C
YDR398W	YJR002W
YJL092W	YOR355W
YBR160W	YLR394W
YIL050W	YLR190W
YBR052C	YIR037W
YLR080W	YPR181C
YBR170C	YGL059W
YAL010C	YHR083W
YCL014W	YDR388W
YDL115C	YGR186W
YAR007C	YDL156W
YGR138C	YLL028W
YFR031C-A	YNL255C
YAL032C	YPR189W
YBR173C	YOL038W
YDR247W	YDR257C
YGR209C	YLR109W
YFR004W	YOL158C
YKL117W	YOR262W
YDL188C	YGR135W
YLL004W	YPL001W
YAL005C	YOR197W
YDR324C	YDR398W
YGR012W	YNL307C
YER118C	YGR014W
YDL072C	YFR004W
YBR282W	YNL255C
YBL075C	YLR345W
YDL055C	YDR170C
YLL036C	YMR213W
YIR010W	YJL130C
YNR051C	YPR110C
YDR028C	YPL031C
YGR159C	YOL006C
YBL090W	YNL255C
YIL107C	YMR139W
YDR233C	YFL038C
YIL135C	YKL088W
TL(UAA)J	YOR110W
YDR174W	YMR140W
YDL078C	YOL147C
YLR215C	YOL117W
YBL072C	YGR090W
YDR473C	YFL017W-A
YHR114W	YLR105C
YDL081C	YKL166C
YDL115C	YNL255C
YDR229W	YHR135C
YDL212W	YML038C
YHR197W	YLR075W
YDR394W	YER012W
YOR319W	YPR094W
YMR246W	YOL133W
YDR309C	YKL007W
YJL176C	YMR033W
YIL016W	YLR018C
YGR148C	YML065W
YDL014W	YKL035W
YBL075C	YOR181W
YNL078W	YPL269W
YDR418W	YPL220W
YLR186W	YPR137W
YLR079W	YLR345W
YBR265W	YJL151C
YBR160W	YJL187C
YBR279W	YLR249W
YGR052W	YOR341W
YFL039C	YKL007W
YHL009C	YML102W
YAL005C	YNL255C
YLR325C	YNL110C
YIR010W	YMR242C
YGL030W	YGR232W
YFR004W	YOL097C
YHR052W	YMR242C
YDR050C	YOR117W
YOR204W	YPL013C
YML110C	YMR071C
YBL003C	YPR008W
YBR052C	YGR138C
YDL098C	YDR473C
YOR197W	YPR154W
YGR090W	YJR145C
YGR234W	YOR133W
YIL033C	YIL061C
YBL088C	YGR099W
YNL112W	YOL127W
YHL007C	YNL272C
YKR028W	YPL049C
YHR114W	YPL032C
YKL166C	YPL138C
YBL023C	YMR314W
YHR052W	YOL012C
YBL003C	YOR341W
YBL052C	YJR082C
YDR505C	YPR154W
YJL034W	YOR008C
YDL165W	YGR014W
YGR192C	YGR232W
YDR501W	YHR094C
YOL051W	YPR086W
YHR016C	YIL095W
YNR010W	YOL051W
YAL041W	YOR212W
YBL075C	YNL250W
YGR159C	YIR010W
YIR010W	YMR031C
YGL233W	YNL272C
YKL180W	YNL069C
YDR283C	YHR165C
YER122C	YNL154C
YBR251W	YDR337W
YJL084C	YPL265W
YCL037C	YNR051C
YCL024W	YJR062C
YGL179C	YPL222W
YDR273W	YML051W
YER022W	YPL248C
YBL007C	YGL206C
YGL003C	YHR135C
YDR229W	YPL031C
YML108W	YNL255C
YDL143W	YFR004W
YNL307C	YPR159W
YPR106W	YPR115W
YLL036C	YMR116C
YER034W	YPL031C
YER054C	YGR052W
YGL223C	YGR120C
YDL209C	YLL036C
YHR197W	YMR049C
YNL093W	YNL263C
YKL180W	YLR287C-A
YER125W	YNL220W
YIL126W	YJR094C
YHR033W	YMR106C
YLL026W	YOR117W
YOR181W	YPL180W
YDR418W	YNL069C
YDR028C	YDR172W
YBR171W	YKL065C
YGL227W	YJL106W
YGL035C	YMR240C
YML064C	YNL218W
YMR125W	YPR101W
YBR194W	YDR293C
YHR135C	YJR072C
YLR109W	YPL001W
YDL014W	YKL078W
YJL177W	YPL220W
YJR145C	YPL198W
YLR429W	YPL004C
YAL005C	YOR151C
YML046W	YMR240C
YHR010W	YPL249C-A
YDL014W	YLR075W
YIL061C	YLL036C
YEL001C	YLR429W
YDR471W	YJR145C
YBL054W	YDR130C
YFR004W	YKR082W
YDR411C	YJL019W
YFR031C-A	YPL143W
YBL052C	YPL129W
YBL045C	YNL255C
YIL035C	YMR270C
YIL070C	YOL108C
YHR016C	YOR042W
YDR188W	YDR212W
YEL061C	YOL038W
YGR052W	YMR284W
YJL098W	YOR048C
YMR242C	YOL041C
YGR284C	YLL061W
YIR010W	YPL032C
YKL180W	YNL096C
YER178W	YNR051C
YGL051W	YHR135C
YNL243W	YOR181W
YKL216W	YNL135C
YGL201C	YPR154W
YGL245W	YMR048W
YDL116W	YMR047C
YKL171W	YKR097W
YGR158C	YPR189W
YGR090W	YKL088W
YCR043C	YFL062W
YGR085C	YKL180W
YDL175C	YFR010W
YMR304W	YPR115W
YER129W	YGL035C
YBL091C	YNL255C
YMR106C	YPL140C
YDR507C	YNL246W
YEL034W	YOR361C
YDL243C	YHR135C
YIR010W	YLR249W
YDL047W	YJL098W
YBL008W	YOR290C
YDR012W	YKR081C
YBR031W	YNL124W
YFR024C-A	YPR055W
YJR144W	YNR051C
YGL212W	YJL151C
YCL028W	YER022W
YGR085C	YOL040C
YJL138C	YPL141C
YNL070W	YNL131W
YBR109C	YLR304C
YDR479C	YPL020C
YKR086W	YNR051C
YHR135C	YLR256W
YOL142W	YOR076C
YAR002W	YKL186C
YBR221C	YML065W
YOL127W	YPL090C
YBR247C	YNL110C
YDR496C	YNR051C
YLR002C	YOR204W
YDR388W	YPL249C
YGR017W	YLR403W
YER036C	YMR242C
YAR007C	YHR164C
YJL176C	YPL248C
YBL058W	YML064C
YNL096C	YOR096W
YHR178W	YOL004W
YBR162C	YDR143C
YBR207W	YFL048C
YGL043W	YOR151C
YBR031W	YDR170C
YDR228C	YPR049C
YDL160C	YDR151C
YGL051W	YML018C
YCR030C	YLR332W
YAL001C	YDL074C
YDR012W	YFR001W
YCR012W	YFR004W
YDL193W	YJR132W
YNL255C	YPL249C-A
YGR090W	YML111W
YKR006C	YLR439W
YLL026W	YLR072W
YER012W	YFR004W
YBR109C	YBR229C
YBL072C	YOR361C
YBR279W	YGR104C
YMR106C	YMR226C
YNL077W	YPL031C
YGL137W	YOR197W
YGL147C	YHL001W
YDR365C	YOL041C
YDL053C	YPR175W
YBR079C	YIL071C
YDR211W	YFL039C
YEL009C	YOL051W
YIL091C	YNL154C
YHL034C	YNR051C
YDL060W	YEL054C
YFR022W	YNL154C
YPR154W	YPR171W
YJL100W	YOR181W
YKR088C	YLR080W
YAR007C	YMR234W
YMR159C	YNL255C
YHL048W	YJL091C
YLR268W	YMR183C
YER048C	YPL031C
YKR048C	YLR429W
YER091C	YFR004W
YCR012W	YNL255C
YJL187C	YNL212W
YER105C	YNR047W
YDR388W	YML011C
YBR109C	YPR171W
YGR108W	YGR225W
YLR233C	YLR318W
YGR167W	YIL096C
YKL152C	YOR117W
YNL272C	YPR055W
YGR180C	YPR106W
YGR192C	YKL142W
YNL107W	YOL012C
YAL005C	YHR165C
YHR079C	YIL061C
YCR091W	YMR165C
YJL029C	YPL026C
YDL160C	YNR052C
YBR183W	YKL065C
YBL007C	YHR079C
YKL007W	YPR171W
YKL093W	YMR139W
YDL222C	YKL051W
YDR172W	YHR174W
YMR071C	YNL315C
YBL090W	YNR037C
YGR138C	YHR094C
YBR207W	YML018C
YGL137W	YPL004C
YLL036C	YML049C
YDR386W	YPR119W
YJL063C	YLR439W
YML077W	YOR115C
YDR388W	YGR159C
YHR064C	YNL135C
YBR247C	YKL180W
YNL307C	YOL054W
YAR002W	YPL169C
YNL307C	YOR028C
YBR035C	YDL101C
YER118C	YOR181W
YAR031W	YLL028W
YNL006W	YNL183C
YBL058W	YDR381W
YDR247W	YNL210W
YDR188W	YHR135C
YBR142W	YOL041C
YGR258C	YOL044W
YLR326W	YNL323W
YFR004W	YLR017W
YLR384C	YNL255C
YBR196C	YER125W
YGL078C	YNR051C
YNL246W	YPL141C
YLR215C	YPR080W
YDR284C	YPL147W
YLL050C	YMR059W
YDR188W	YHR169W
YGL091C	YPL031C
YGR215W	YMR158W
YDL014W	YDL083C
YLL036C	YOR096W
YCL018W	YPL031C
YFR004W	YNL220W
YFR016C	YIL034C
YDR357C	YEL005C
YFR004W	YGR244C
YLR043C	YLR093C
YBL027W	YNL301C
YML065W	YPR102C
YDR224C	YNL246W
YEL051W	YJR033C
YHR115C	YPL085W
YCR100C	YPL141C
YGL123W	YOL040C
YGL076C	YML056C
YKL145W	YOR261C
YDL031W	YPL004C
YDR424C	YPR119W
YDR471W	YKL180W
YIL034C	YLR249W
YPL126W	YPL217C
YHR197W	YKL009W
YHR114W	YMR253C
YHL034C	YMR143W
YBR251W	YGR084C
YKL166C	YOR134W
YJR145C	YNL255C
YER172C	YKR022C
YAL005C	YDR381W
YDR392W	YGL066W
YOL012C	YOL075C
YFL005W	YML086C
YGR165W	YJL063C
YDR176W	YGR252W
YMR205C	YNR051C
YDR364C	YPR101W
YGR167W	YNL255C
YKL009W	YLR002C
YDL055C	YGL016W
YER006W	YPL249C-A
YCL028W	YOR212W
YJR099W	YLR167W
YFR004W	YKL181W
YDL047W	YJR072C
YGR090W	YLR186W
YBR254C	YML077W
YGL105W	YGL245W
YMR146C	YNR051C
YOL054W	YPL018W
YBR160W	YOL125W
YBR079C	YDL005C
YDR507C	YMR139W
YAL041W	YPL161C
YMR205C	YOR117W
YEL060C	YGL137W
YEL032W	YPR119W
YDR293C	YNL289W
YGR180C	YJL006C
YIL035C	YOL145C
YDL212W	YLR208W
YER125W	YLL024C
YAL005C	YLR187W
YJL092W	YPL092W
YER047C	YOR181W
YHR169W	YOR133W
YER059W	YJL020C
YBR160W	YJR076C
YBR194W	YPL032C
YDL212W	YOL020W
YJL082W	YML086C
YDL222C	YLL028W
YBL010C	YKR022C
YBR211C	YDR318W
YJL052W	YJR093C
YMR197C	YOL018C
YKR081C	YOR233W
YLL024C	YMR047C
YPL018W	YPL174C
YJL014W	YNR051C
YBR109C	YOR035C
YHR099W	YJR082C
YBR180W	YHR042W
YDR100W	YOL018C
YFR031C-A	YHR197W
YIL113W	YLL019C
YBL037W	YFR043C
YDL022W	YDR142C
YBR253W	YCL028W
YCL055W	YDR118W
YFL017W-A	YOR159C
YNL255C	YOR130C
YCL024W	YKR071C
YJR145C	YMR116C
YBR106W	YGR224W
YGR275W	YIR010W
YJL177W	YNL255C
YNL021W	YPL031C
YIL035C	YOL054W
YGR275W	YLR258W
YDR365C	YNL255C
YDR398W	YMR093W
YNL255C	YOL016C
YML065W	YPR120C
YDR388W	YML123C
YLR096W	YNL054W
YDL083C	YNL069C
YGR108W	YHR135C
YGR085C	YPL249C-A
YIR001C	YMR229C
YBL007C	YHR114W
YDR283C	YGL043W
YDL055C	YPR119W
YEL021W	YMR074C
YGL237C	YOR047C
YDR388W	YIL015W
YOL120C	YOR204W
YDR002W	YNL255C
YBR194W	YNL112W
YAL051W	YDR412W
YHR052W	YIL035C
YJL080C	YMR116C
YDR496C	YPL198W
YER062C	YIL045W
YMR242C	YPL090C
YBR160W	YKL108W
YDR135C	YDR150W
YGL105W	YJL092W
YMR240C	YPR101W
YLR049C	YPL161C
YHR099W	YNL216W
YDR356W	YNL225C
YHR169W	YJL138C
YFL039C	YMR109W
YMR294W	YPL031C
YER022W	YOL005C
YDR457W	YLR249W
YBR160W	YOR008C
YGL051W	YNL154C
YKR021W	YPL031C
YJR112W	YNL255C
YEL024W	YPL063W
YLR409C	YPL217C
YHR099W	YMR223W
YFR004W	YNL241C
YER013W	YNR051C
YGR085C	YJR145C
YER164W	YGR270W
YNR051C	YOL117W
YFR004W	YNL112W
YGR056W	YMR047C
YHR135C	YOR162C
YLR452C	YML038C
YDR324C	YPR144C
YAL005C	YIL016W
YDL078C	YKL185W
YAL047C	YOR233W
YBL007C	YMR109W
YNL165W	YNL255C
YKL170W	YNL255C
YHR099W	YPR070W
YER173W	YIL139C
YLR074C	YLR325C
YBL079W	YDR412W
YDR174W	YLR074C
YAL054C	YLR049C
YDR434W	YGR192C
YEL054C	YER036C
YDR429C	YIR010W
YFR031C-A	YNL112W
YHR131C	YIL035C
YBR194W	YDR050C
YOR319W	YPR188C
YMR294W	YPR083W
YGR048W	YJL020C
YER118C	YMR109W
YDR324C	YJL109C
YKL068W	YMR047C
YJL130C	YOR117W
YDL176W	YMR093W
YOL125W	YPL141C
YGR090W	YJL098W
YAR027W	YBR106W
YAL003W	YGL137W
YBR102C	YHL007C
YER144C	YLR291C
YDR496C	YIL035C
YDL227C	YDR335W
YHR012W	YIR010W
YKR027W	YOR299W
YLR315W	YPL255W
YIL142W	YIR010W
YCR042C	YDR301W
YAL003W	YFR004W
YBR198C	YJL014W
YDR174W	YNL135C
YJL144W	YNL255C
YCL014W	YGR220C
YDR264C	YPL246C
YKL019W	YPL031C
YDR484W	YJL034W
YKR071C	YMR304W
YBL058W	YPR168W
YNL255C	YPR112C
YMR068W	YNL006W
YNL096C	YNL255C
YDL037C	YOL138C
YIL048W	YNL297C
YER125W	YLR291C
YBL084C	YBR160W
YCL014W	YHR197W
YKR008W	YPR034W
YDL047W	YNL255C
YML010W	YOR262W
YHR168W	YPL031C
YER105C	YPL169C
YGR132C	YNL255C
YHR099W	YOL012C
YBR253W	YER022W
YFR024C-A	YMR253C
YBR109C	YLR443W
YBR097W	YBR128C
YNL255C	YPR075C
YGR238C	YJL030W
YDR012W	YNL255C
YGR163W	YNL255C
YHR094C	YPL058C
YMR146C	YOR204W
YDR258C	YLR187W
YHR009C	YHR135C
YJL187C	YOR254C
YDR130C	YNL096C
YDR283C	YNL025C
YNL230C	YPL001W
YDR188W	YPL151C
YDR324C	YPL126W
YDR143C	YLL026W
YEL018W	YFL039C
YBL027W	YLR075W
YGR129W	YLL036C
YGR090W	YMR093W
YFL038C	YGR120C
YGR278W	YPR101W
YDR381W	YFR010W
YDR309C	YML109W
YBL058W	YDR411C
YCL027W	YKL092C
YNL085W	YPR034W
YGR234W	YHR152W
YBR106W	YDL212W
YGR233C	YJL025W
YDR296W	YMR024W
YBL052C	YDR224C
YDL072C	YOR254C
YGL076C	YGR085C
YML058W	YOL006C
YDR070C	YNL255C
YGL245W	YOR081C
YDL056W	YIR010W
YBR023C	YJL099W
YDR254W	YNR062C
YBL025W	YMR270C
YNL154C	YOL104C
YBR191W	YOR117W
YBR127C	YLR447C
YDR036C	YGR084C
YBR130C	YIL095W
YGR165W	YHR135C
YKL166C	YKL171W
YDR247W	YLR384C
YJR033C	YKL080W
YGL143C	YNL063W
YDR172W	YJR065C
YDR303C	YGR056W
YDR483W	YOL018C
YAR027W	YKR105C
YER125W	YML010W
YFR034C	YNL015W
YAR007C	YNR051C
YDL137W	YGR052W
YBR282W	YNL252C
YGL076C	YIR010W
YGL147C	YNL069C
YBR160W	YPR119W
YDL089W	YLR324W
YDR496C	YER006W
YDL051W	YER125W
YGL091C	YHR135C
YLL028W	YLR018C
YIL035C	YKL082C
YDR100W	YNL204C
YDR365C	YML010W
YBR052C	YHR094C
YJL063C	YJR113C
YLR447C	YOR047C
YKL114C	YPL127C
YER164W	YNL004W
YIR010W	YMR072W
YBR191W	YDR471W
YHR174W	YJL039C
YGL194C	YIL112W
YGL066W	YOL148C
YFR034C	YPL049C
YHL034C	YLR175W
YDR388W	YLR096W
YBL084C	YPR018W
YIL142W	YOR212W
YDR211W	YPL237W
YLL028W	YMR215W
YBL090W	YBR251W
YDR331W	YPL076W
YMR049C	YMR242C
YKL068W	YNL273W
YMR093W	YPR137W
YDR247W	YOR028C
YHR123W	YPL227C
YOL065C	YPL026C
YDR014W	YIL026C
YNL255C	YNL325C
YDR420W	YER118C
YDL149W	YNL154C
YBL011W	YKL116C
YCL011C	YJR145C
YHR133C	YOR181W
YER013W	YLL036C
YNL255C	YPL198W
YBR160W	YIL112W
YER007W	YER012W
YHR128W	YJL130C
YDR012W	YPR129W
YJL177W	YLR075W
YML085C	YOR160W
YDL156W	YIR010W
YGL061C	YOR304C-A
YBR154C	YIR010W
YDR244W	YLR377C
YFR004W	YNL096C
YHR135C	YJR093C
YAL042W	YBR229C
YKL103C	YPR049C
YBR106W	YLL028W
YLR249W	YPR080W
YDR143C	YLR420W
YFR004W	YJL014W
YNL255C	YPL047W
YMR129W	YOR098C
YBR130C	YFL039C
YDR427W	YFR004W
YBL085W	YPL038W
YKL045W	YNL262W
YDR471W	YGR085C
YDR194C	YNL255C
YDR335W	YOR083W
YKL171W	YNL307C
YCL014W	YFR053C
YOR173W	YPL245W
YNL052W	YNL255C
YDR028C	YFR004W
YGL137W	YPR110C
YCR073W-A	YHL007C
YIL035C	YIL131C
YLR117C	YOR159C
YDR334W	YJL081C
YBL079W	YKL068W
YJL034W	YLR207W
YCR091W	YDR173C
YER047C	YMR117C
YJR070C	YPL031C
YBL003C	YNL002C
YGL137W	YIL035C
YCL054W	YNL154C
YBR072W	YDR507C
YGR268C	YOR042W
YCL054W	YNL002C
YJR145C	YPR175W
YAL067C	YER118C
YJL155C	YNL255C
YFL048C	YPL246C
YIR010W	YLR342W
YGR159C	YHL007C
YCL024W	YKL048C
YJL185C	YOR127W
YJR002W	YNL255C
YDR129C	YLR330W
YLR295C	YPL141C
YFL005W	YNL272C
YDL014W	YNL124W
YBL085W	YMR244W
YAR018C	YBL084C
YER154W	YNR017W
YKL166C	YLR113W
YMR242C	YOL127W
YIR007W	YOR133W
YDR224C	YGL150C
YGR270W	YPL126W
YGR207C	YLR265C
YLR355C	YML065W
YNL073W	YOR261C
YBL105C	YER118C
YGL031C	YML065W
YFR034C	YGL031C
YIL035C	YKL112W
YHR114W	YML002W
YKR081C	YNL110C
YDR412W	YPL249C-A
YGL099W	YKL009W
YDR412W	YOL120C
YDR171W	YMR304W
YGL014W	YNL301C
YDR247W	YHR063C
YBR290W	YPL076W
YNL133C	YNL154C
YBR194W	YDR483W
YDR307W	YOR016C
YDL014W	YFR034C
YFR001W	YHR089C
YEL034W	YOR117W
YBR133C	YDL154W
YHR135C	YLR276C
YER093C-A	YHR079C
YDR334W	YHR129C
YGR084C	YJR101W
YFR004W	YMR276W
YLR075W	YNL069C
YGL206C	YLR330W
YBR109C	YDR195W
YMR215W	YPL076W
YGL147C	YNL096C
YHR089C	YNL262W
YKR003W	YPR113W
YOR027W	YPL106C
YBL079W	YLR429W
YHR058C	YOR151C
YHR008C	YNL295W
YKL014C	YLR075W
YAL001C	YOR110W
YPL106C	YPR171W
YIL126W	YPR052C
YAL005C	YJR112W
YBL105C	YHR070W
YMR304W	YPL031C
YHR135C	YKR071C
YKR057W	YNL124W
YDR388W	YJL084C
YBR142W	YDR496C
YNL307C	YOL083W
YLR002C	YOL127W
YDL008W	YNL255C
YDL055C	YGL245W
YNL255C	YPL098C
YBR194W	YPR101W
YHL001W	YKL180W
YDL015C	YMR215W
YFR004W	YLR249W
YER131W	YLR435W
YNL004W	YPL127C
YCL024W	YNL289W
YHR188C	YLL028W
YDR309C	YJR076C
YHR127W	YMR125W
YMR125W	YPR086W
YFR031C-A	YJL190C
YJL010C	YJL109C
YER036C	YGR054W
YIR010W	YNL085W
YGR097W	YLR096W
YJL189W	YKR048C
YIR012W	YOR261C
YNL255C	YPL127C
YHL011C	YNR051C
YHR090C	YHR099W
YER172C	YMR125W
YDR188W	YMR028W
YNL251C	YOR151C
YLR291C	YML106W
YER059W	YPL031C
YAL047C	YGL212W
YJL092W	YJL170C
YLL062C	YOR064C
YAR027W	YPR113W
YGR186W	YML010W
YGR214W	YLR048W
YBR211C	YJR135C
YDR258C	YMR176W
YJL138C	YOR117W
YHR064C	YPR189W
YCL037C	YML056C
YJL218W	YML064C
YGR049W	YGR278W
YLR429W	YPR171W
YAL053W	YDR501W
YDR170C	YFR009W
YBR133C	YHL007C
YKR082W	YPL169C
YKL009W	YPL169C
YJR154W	YPL141C
YLR075W	YPL249C-A
YJL020C	YLR258W
YDR150W	YPL269W
YDR195W	YFR031C-A
YLR429W	YMR086W
YBR079C	YEL034W
YGR283C	YLR175W
YMR056C	YNL255C
YIR010W	YOL006C
YMR199W	YPL031C
YKR048C	YNL255C
YKL134C	YPL109C
YER170W	YGL061C
YGL147C	YMR242C
YGL153W	YLR291C
YDR173C	YLR096W
YNL326C	YPL031C
YDR062W	YIL094C
YIL070C	YKL009W
YFR024C-A	YMR304W
YBL007C	YML097C
YDR501W	YPL265W
YER164W	YMR072W
YGR252W	YHR174W
YDL031W	YDR496C
YBR102C	YGL233W
YJR082C	YPL248C
YBR010W	YJL176C
YBL023C	YPL008W
YHR079C	YMR140W
YLR307W	YOL016C
YJR112W	YOR195W
YBR130C	YJL106W
YHR114W	YMR313C
YDR188W	YGL076C
YHR165C	YKR086W
YKL205W	YLR291C
YEL034W	YJR007W
YDR379W	YNL201C
YLR048W	YMR109W
YBR221C	YER178W
YDL014W	YER131W
YER012W	YFL009W
YJR093C	YKL059C
YBR160W	YDR309C
YBL084C	YOR242C
YJL176C	YOR038C
YBL027W	YGL014W
YER022W	YGR252W
YDL116W	YGR192C
YHR085W	YKL009W
YAL046C	YKR034W
YLL024C	YNL255C
YMR205C	YNL307C
YJL190C	YKL014C
YKL035W	YML064C
YDR169C	YHR135C
YAL044C	YNL255C
YKL051W	YPL058C
YDR381W	YML074C
YNL263C	YPL031C
YEL046C	YFR034C
YJR091C	YLR370C
YAR007C	YKL113C
YGL021W	YNR070W
YBL003C	YOL012C
YDR519W	YGL014W
YAL055W	YOL044W
YER089C	YHR079C
YDR293C	YPL004C
YHR174W	YKL142W
YGL206C	YJL084C
YFR004W	YNL138W
YGL030W	YOL127W
YBL003C	YML112W
YDR303C	YGR275W
YFR039C	YIL061C
YLR186W	YPL126W
YER036C	YIL095W
YLR191W	YNL214W
YOR204W	YPR175W
YHR052W	YOL038W
YML098W	YNL255C
YEL026W	YMR047C
YEL039C	YPL144W
YDR427W	YOL038W
YDL222C	YLR326W
YGL059W	YKL116C
YLR320W	YPL018W
YFR004W	YLR342W
YGL227W	YMR135C
YKL065C	YLL023C
YJR057W	YNL255C
YMR049C	YNL002C
YIL135C	YJL106W
YER006W	YKL117W
YMR048W	YNL273W
YER007W	YML085C
YDL014W	YPR137W
YNL255C	YNR033W
YMR242C	YOL040C
YBL052C	YDR121W
YJR089W	YLR086W
YGL156W	YKL103C
YAL043C	YPL008W
YGL112C	YHR099W
YAL038W	YFR049W
YBR160W	YOR195W
YGR113W	YIR010W
YGL003C	YGL240W
YBL090W	YJL063C
YGL035C	YOL041C
YFL039C	YOL108C
YGR278W	YPL151C
YFL039C	YNL243W
YBL084C	YDR113C
YER122C	YFR004W
YML065W	YPL129W
YFR001W	YKL185W
YGR232W	YOR117W
YGR211W	YOR117W
YLR238W	YPR110C
YNR051C	YOL127W
YHL034C	YPL031C
YJR076C	YML109W
YFL039C	YHR090C
YMR276W	YPL031C
YLR191W	YNL131W
YGL099W	YNR051C
YHR099W	YOL148C
YDR245W	YNL255C
YLR258W	YPL031C
YCL014W	YKR048C
YOR133W	YPR080W
YML065W	YNL162W
YGR277C	YPL060W
YGL059W	YHR157W
YDR394W	YEL034W
YNL255C	YOR361C
YGR167W	YHR161C
YDR320C	YGL206C
YML051W	YOL148C
YGR097W	YPR115W
YBL007C	YPR102C
YKL014C	YML074C
YDR287W	YNL255C
YDR471W	YPL090C
YIL091C	YLR409C
YCR073C	YHR157W
YBL058W	YPL031C
YKL145W	YPR119W
YDR113C	YHR079C
YGL206C	YOR181W
YBL079W	YDR381W
YKL035W	YNL289W
YHR042W	YPL092W
YGL023C	YMR049C
YER125W	YGL206C
YJR072C	YPL031C
YIL177C	YNL255C
YGL147C	YOR096W
YDL047W	YKL110C
YOL133W	YOR319W
YKL116C	YMR284W
YIL138C	YNL255C
YFL005W	YPR032W
YOL044W	YOL147C
YDR394W	YMR284W
YLL021W	YOR181W
YPL058C	YPL265W
YDR283C	YNL213C
YBR160W	YHL022C
YBR010W	YGL150C
YDR188W	YIR010W
YER022W	YHR041C
YHR064C	YOR048C
YFR004W	YLR028C
YJL190C	YMR242C
YHR001W	YKR003W
YBL105C	YPR154W
YDR501W	YER036C
YFR004W	YGR135W
YCL037C	YPL169C
YBL007C	YKR022C
YDR312W	YNL255C
YDR172W	YHR015W
YGR052W	YMR165C
YAL032C	YJR005W
YKL045W	YNR052C
YDR386W	YJL020C
YFL039C	YJR065C
YMR304W	YNL313C
YDR342C	YNL323W
YER165W	YIL095W
YHR001W	YLR332W
YAL005C	YER012W
YOR098C	YOR160W
YGR058W	YOR264W
YLR079W	YLR113W
YER032W	YJL092W
YDL101C	YDL200C
YHR165C	YMR125W
YNR002C	YOR130C
YHR135C	YLR030W
YGR266W	YOR153W
YDL055C	YLR106C
YER062C	YPL201C
YFR037C	YIR010W
YDL060W	YHR089C
YGR211W	YOR009W
YGL014W	YOR195W
YBL023C	YDL171C
YPL259C	YPR159W
YCR030C	YGR220C
YDR280W	YNL251C
YGL153W	YNL086W
YDR228C	YGL044C
YJR049C	YOR009W
YFR004W	YJR109C
YFR004W	YOR220W
YML058W	YPR083W
YLR268W	YOR164C
YGR158C	YOR076C
YPL232W	YPR032W
YHR007C	YPR113W
YLR096W	YMR196W
YBR221C	YLR345W
YAR002W	YER165W
YML010W	YOR123C
YLR249W	YNR051C
YEL056W	YML065W
YLR186W	YPL004C
YGR215W	YJR113C
YKR081C	YOR005C
YGR200C	YHR187W
YBR160W	YEL032W
YLR418C	YOL145C
YHL001W	YPL249C-A
YHR187W	YMR312W
YBR198C	YML098W
YHL001W	YLR075W
YBL038W	YGR220C
YLR300W	YOL126C
YJL030W	YPR176C
YMR031C	YOR181W
YFR010W	YKL145W
YER164W	YLR175W
YJL010C	YPL266W
YDR254W	YKL089W
YHR001W	YNL283C
YML065W	YMR263W
YDR130C	YER131W
YDL005C	YPL129W
YDR036C	YPL013C
YDR331W	YGL051W
YGR167W	YOR181W
YBL069W	YDR100W
YGL014W	YJR025C
YNL116W	YNL154C
YBR160W	YHR164C
YGL123W	YGR085C
YFR024C-A	YJL151C
YEL018W	YOR128C
YDL143W	YPL004C
YFL018C	YIL125W
YPL129W	YPR034W
YLR429W	YPL032C
YBR234C	YHR064C
YAL032C	YLR423C
YBL038W	YDR322W
YHR079C	YJL034W
YFR004W	YHL011C
YMR153W	YPL020C
YDR045C	YOL021C
YBR031W	YJL177W
YEL034W	YPL144W
YIL103W	YLR043C
YML065W	YPL176C
YJL034W	YKL145W
YAR027W	YIL016W
YGL035C	YGL179C
YNL255C	YPL217C
YHL007C	YPR032W
YLR167W	YOL117W
YDR398W	YMR246W
YJR109C	YLR291C
YDR418W	YGL030W
YKL156W	YNR051C
YIL150C	YKL045W
YKL180W	YNL301C
YGL147C	YOR117W
YML058W	YPL031C
YBL061C	YPR080W
YDR012W	YJL177W
YOR117W	YPR035W
YGL051W	YNL287W
YMR291W	YNL154C
YGL237C	YKL109W
YJR002W	YKL035W
YDL083C	YHL001W
YDR188W	YNL255C
YAL043C	YGL044C
YFR050C	YGR067C
YDL083C	YHL015W
YLR175W	YML051W
YGL231C	YNL255C
YML065W	YNR021W
YDR381W	YMR125W
YAL041W	YGL233W
YBR106W	YDR307W
YDR414C	YLL023C
YBR200W	YPL038W
YBR127C	YER036C
YDL055C	YDR394W
YJL187C	YPL236C
YBL072C	YPR144C
YDR101C	YNL227C
YNR051C	YPR080W
YGR037C	YMR109W
YKR022C	YNL258C
YEL051W	YOR327C
YJR045C	YML065W
YDR331W	YHL003C
YDR516C	YPL026C
YGR205W	YMR315W
YMR205C	YNL135C
YCL040W	YER125W
YGL179C	YKL042W
YBR207W	YDR352W
YBR023C	YOR299W
YGR224W	YHR152W
YJL014W	YOR117W
YFR003C	YGR252W
YJL020C	YKL025C
YIL070C	YNL168C
YBR106W	YNL275W
YLR457C	YPL018W
YFR004W	YJL190C
YDL060W	YJR145C
YJL106W	YLR295C
YDR233C	YOR285W
YDR101C	YPL169C
YCR012W	YIR010W
YDL047W	YMR024W
YDR394W	YMR276W
YBL020W	YPL117C
YCL011C	YNL004W
YGR054W	YNL255C
YOR155C	YPL070W
YIL035C	YLR109W
YDL015C	YDR331W
YDL132W	YLR267W
YMR289W	YOL083W
YKR086W	YPR101W
YJR112W	YMR168C
YDL188C	YOL005C
YDL115C	YDR404C
YDR254W	YJR135C
YLR423C	YLR439W
YDL223C	YIL095W
YHR010W	YNL110C
YBR273C	YMR139W
YDR101C	YJL010C
YKR055W	YNL127W
YDL051W	YLR074C
YFR010W	YPL031C
YHR052W	YPL143W
YHR135C	YPL100W
YDR471W	YNL069C
YFR037C	YIL126W
YDR233C	YEL056W
YFR004W	YKL145W
YBR010W	YCR087C-A
YER165W	YOR243C
YDR293C	YNL066W
YGR090W	YMR116C
YJL187C	YMR205C
YHL009C	YOR153W
YJR042W	YKL068W
YLR191W	YML035C
YBR196C	YDR164C
YKL019W	YKL159C
YNR051C	YPL090C
YDR244W	YNL214W
YHR007C	YKR003W
YDL051W	YNL262W
YDL060W	YFR034C
YKL134C	YNL021W
YLR048W	YNR051C
YOR028C	YPL046C
YFR004W	YPL117C
YBR106W	YOL132W
YBL061C	YPL031C
YEL018W	YJR082C
YBR290W	YHR133C
YDR324C	YGL011C
YDR074W	YFR004W
YDL051W	YDR365C
YDL083C	YLR287C-A
YPL031C	YPL117C
YDR381W	YML112W
YDR323C	YGL095C
YBR187W	YPR112C
YDR386W	YJR144W
YGL099W	YLR075W
YML065W	YOL041C
YFL039C	YML065W
YGR280C	YHR089C
YER036C	YJR145C
YAR027W	YNL263C
YGL030W	YMR242C
YHR135C	YJR076C
YAL029C	YML056C
YDL014W	YLR403W
YDR228C	YDR381W
YKL095W	YKR086W
YEL051W	YJL153C
YGR200C	YLR384C
YDL190C	YGR048W
YBR106W	YDR414C
YLL028W	YLR326W
YAL032C	YLR424W
YGR270W	YNL333W
YDR356W	YMR129W
YJL011C	YKL015W
YGR227W	YHR114W
YDR498C	YGL098W
YDL043C	YDR381W
YKR083C	YLR423C
YDR414C	YJL193W
YHR064C	YMR116C
YMR206W	YNL255C
YJR092W	YPL242C
YDR068W	YDR100W
YBR251W	YHR197W
YNL313C	YPL106C
YBL007C	YGL035C
YOR294W	YPR115W
YGL179C	YHR090C
YDL111C	YHR069C
YHR135C	YPR013C
YER012W	YGL058W
YNL069C	YNL255C
YLR075W	YPL090C
YDR412W	YJL189W
YCR030C	YPR119W
YDL014W	YNL069C
YEL055C	YJL109C
YGR167W	YNL243W
YBR183W	YDL212W
YDR174W	YIR010W
YJR091C	YLR059C
YGR159C	YHR089C
YNL069C	YNL301C
YMR129W	YPL075W
YLR227C	YNL225C
YFR004W	YJL130C
YGR085C	YNL301C
YDR356W	YLR212C
YGR220C	YMR225C
YBR109C	YNL225C
YGR266W	YOR181W
YGR021W	YKL048C
YLR423C	YPL268W
YJL187C	YLR125W
YJL187C	YLL043W
YER088C	YNL091W
YLR181C	YPR173C
YDL101C	YKL095W
YER129W	YGL115W
YKL152C	YNR051C
YFR024C-A	YKR030W
YNL034W	YNL154C
YNL096C	YOL127W
YDL132W	YOL133W
YMR267W	YNL154C
YDL055C	YNL255C
YFR004W	YLR447C
YER013W	YMR213W
YCR015C	YGR163W
YLR249W	YPL266W
YDR388W	YML109W
YLR450W	YPL139C
YDR188W	YGL023C
YIL035C	YLR418C
YGL030W	YLR075W
YDR471W	YOL127W
YHR135C	YIL010W
YLR018C	YMR129W
YLL038C	YNL255C
YGL187C	YNL052W
YBL039C	YBR031W
YFR037C	YGR275W
YDR293C	YER033C
YJL047C	YOL133W
YBR290W	YDR297W
YDR009W	YPL248C
YNL255C	YNL323W
YCR073C	YLR006C
YGL003C	YPR120C
YBL084C	YGL003C
YCL028W	YML058W
YMR199W	YPL049C
YAL062W	YLR267W
YDR324C	YOR145C
YDR418W	YKL009W
YGR078C	YNL153C
YCL027W	YNL075W
YDR118W	YGL254W
YDR116C	YLR312W-A
YNR051C	YOL041C
YAL029C	YLR304C
YLL036C	YOR319W
YIL035C	YJR093C
YCL037C	YKL014C
YDR497C	YLL028W
YNL135C	YOL012C
YOR016C	YPR201W
YBL104C	YOL138C
YJR039W	YMR021C
YFL048C	YGL212W
YHL022C	YHR157W
YDR513W	YNL255C
YKR081C	YLR074C
YGL223C	YKL006C-A
YEL026W	YMR304W
YHR169W	YJR109C
YMR047C	YPL125W
YDL052C	YDR170C
YGR056W	YGR275W
YAR027W	YPL020C
YDR412W	YHR197W
YMR216C	YNL255C
YLR287C-A	YOL127W
YOR117W	YOR317W
YDR113C	YOR249C
YDR381W	YIL149C
YER141W	YPL172C
YIL050W	YPL031C
YBL039C	YGR252W
YGR232W	YMR121C
YHR167W	YLR423C
YJR062C	YLL026W
YLR266C	YPL018W
YBR160W	YOR127W
YLR377C	YPL180W
YGL091C	YIL003W
YKL180W	YMR242C
YAR002W	YLR293C
YOL127W	YPL198W
YHR094C	YKL051W
YIL035C	YKL108W
YFR004W	YGR085C
YER012W	YLR276C
YFL039C	YGL150C
YBR121C	YNL255C
YEL034W	YFR031C-A
YDR247W	YKL093W
YPL031C	YPR089W
YEL041W	YJR049C
YGR270W	YOR151C
YIL094C	YOR133W
YFR034C	YNL308C
YHR089C	YLR175W
YER006W	YPL198W
YER003C	YFR004W
YKL114C	YKL166C
YFR001W	YGL237C
YLL024C	YML065W
YEL030W	YIL095W
YBR285W	YCR091W
YBL085W	YBR200W
YFR043C	YPR029C
YMR139W	YPR106W
YDR224C	YGL066W
YFL003C	YMR125W
YLR332W	YMR266W
YDR359C	YHR099W
YDR280W	YOR001W
YER089C	YLR113W
YBR194W	YHR099W
YIL035C	YOR119C
YAL005C	YLL036C
YGL053W	YOR059C
YBL007C	YGR268C
YGL212W	YMR197C
YNL005C	YOR249C
YJL177W	YKL180W
YDR068W	YDR483W
YBR191W	YOL127W
YAL029C	YJL014W
YDR388W	YER125W
YCR042C	YKL059C
YDR342C	YOR181W
YFL017W-A	YLR424W
YDR130C	YMR242C
YDR388W	YFL018C
YBL007C	YEL054C
YIR010W	YPL106C
YIR010W	YJL011C
YIL034C	YNL138W
YFR049W	YNL255C
YJL106W	YMR284W
YGR275W	YNL133C
YAL043C	YHL001W
YMR299C	YNL183C
YBL007C	YBL088C
YGL148W	YNR051C
YDR458C	YNL154C
YFL005W	YNL263C
YBL072C	YPL126W
YGL153W	YIR034C
YNL251C	YOL021C
YBR069C	YLR044C
YIR010W	YKL180W
YER165W	YLR002C
YBR253W	YNR010W
YEL030W	YNL250W
YGL154C	YOR128C
YKL014C	YLR233C
YMR047C	YMR129W
YDR150W	YGR089W
YBL072C	YNL110C
YDR135C	YJL014W
YKL089W	YLR320W
YER164W	YGR252W
YHR114W	YOL018C
YNL255C	YNR022C
YLR245C	YPL070W
YHR197W	YKR048C
YBR121C	YOR001W
YBR194W	YHR165C
YCL014W	YEL026W
YBR170C	YKL117W
YDL043C	YGR129W
YHR115C	YNL085W
YDR479C	YLL014W
YHL001W	YMR242C
YNL263C	YNL304W
YGL212W	YLR148W
YDL047W	YJR105W
YLR079W	YPL031C
YHL046C	YOR355W
YML065W	YOL136C
YCL037C	YJL190C
YGL211W	YHR111W
YGL179C	YPR083W
YBR038W	YBR160W
YGL201C	YIL150C
YBL003C	YBL023C
YCR012W	YHR152W
YGL179C	YNL066W
YDR362C	YHR135C
YBL011W	YDL101C
YFL039C	YOR304C-A
YBL072C	YHL001W
YKL166C	YOR187W
YNL110C	YPL249C-A
YBL105C	YCR030C
YDR036C	YLR074C
YGR200C	YPL026C
YFR008W	YMR052W
YEL055C	YLL019C
YDR496C	YLR074C
YBR106W	YDR456W
YGL078C	YGR159C
YBL045C	YML064C
YHR041C	YHR058C
YEL062W	YNL307C
YAL041W	YDR309C
YIL062C	YOR181W
YHR016C	YJR083C
YDR195W	YER032W
YPR020W	YPR194C
YNR010W	YPL042C
YER006W	YGR220C
YML101C	YNL255C
YGR153W	YNL255C
YGL134W	YPR115W
YLR075W	YMR086W
YDR118W	YDR260C
YOR153W	YPL265W
YJR050W	YLL036C
YJL010C	YNL112W
YER006W	YGL111W
YDR254W	YDR318W
YDL209C	YER165W
YIL066C	YNL085W
YDL101C	YMR031C
YLR074C	YNL175C
YHR099W	YPL047W
YDR496C	YHR089C
YML085C	YOR117W
YBR031W	YDL018C
YHR062C	YOL013C
YDR299W	YOR096W
YNL154C	YOR123C
YDR303C	YGR054W
YBL039C	YOR117W
YLR113W	YNL162W
YIL035C	YOL088C
YGL208W	YNL255C
YMR270C	YPL018W
YDL101C	YMR086W
YDR106W	YMR294W
YLR450W	YPL031C
YDR296W	YPL248C
YBL039C	YOR261C
YBR031W	YOR096W
YHR152W	YNL138W
YOR204W	YOR361C
YNL154C	YOR181W
YJR005W	YLR342W
YFL017W-A	YKR034W
YDR172W	YNL255C
YDR381W	YLR429W
YAL002W	YNL093W
YDL074C	YGL058W
YIL035C	YNL262W
YGR209C	YIL107C
YDL047W	YJL014W
YBR097W	YLR360W
YMR047C	YOR098C
YCL008C	YPL084W
YBR072W	YOR159C
YEL009C	YGL058W
YDR239C	YHR135C
YDR381W	YIL035C
YJL069C	YJL109C
YHR165C	YOR159C
YMR276W	YOR042W
YJR042W	YLR208W
YLR424W	YMR213W
YFR034C	YGR233C
YBR010W	YKR029C
YAL005C	YPL001W
YJL034W	YNL313C
YIR010W	YOL127W
YER166W	YIL068C
YDR226W	YPL031C
YER125W	YKR021W
YDR293C	YHL007C
YDR057W	YJL034W
YGL190C	YLR373C
YDR280W	YGR090W
YEL022W	YNL287W
YBL079W	YMR129W
YGR080W	YOR181W
YMR096W	YNL334C
YML064C	YNL333W
YBR079C	YGR214W
YCL028W	YLR291C
YFR001W	YGL111W
YDR423C	YEL051W
YNL131W	YNR017W
YBL091C	YML010W
YER111C	YLL036C
YGL212W	YOR117W
YGR234W	YLR304C
YKR082W	YMR109W
YHR197W	YNL002C
YGL011C	YLR249W
YJL034W	YOL031C
YBR236C	YOR151C
YDL129W	YJL020C
YHR010W	YJR145C
YNL255C	YPR188C
YJL106W	YKL140W
YOR096W	YPL126W
YCR021C	YGR138C
YKR048C	YLR457C
YAL009W	YNL255C
YFR031C-A	YPL220W
YBR031W	YGL111W
YEL034W	YPL111W
YIL079C	YNL004W
YNL091W	YNR052C
YBL090W	YDR036C
YGR214W	YNL124W
YOR311C	YPR124W
YDL053C	YOR290C
YLL043W	YNL154C
YBR154C	YPR052C
YBL054W	YFR010W
YOL038W	YPL144W
YER006W	YLR074C
YBR031W	YPL090C
YHR152W	YLR016C
YIL079C	YML065W
YFR004W	YFR010W
YDL190C	YPL236C
YFR034C	YNL096C
YER125W	YMR022W
YIR010W	YPL237W
YIR010W	YLR315W
YJL092W	YJR043C
YDL209C	YHR165C
YNL301C	YOR204W
YDR264C	YHR175W
YKL180W	YNR051C
YBL072C	YIR010W
YGL030W	YKL180W
YJR084W	YPR045C
YKR048C	YOR090C
YDR247W	YJR130C
YBR160W	YDR212W
YBR183W	YIL016W
YAL005C	YOL031C
YBL072C	YHL034C
YDR143C	YNL112W
YDR343C	YER171W
YMR028W	YNL255C
YDR418W	YJL177W
YDR300C	YNL265C
YJL091C	YMR215W
YER147C	YMR229C
YAL032C	YJR050W
YLR002C	YOR294W
YBR264C	YNL255C
YCL028W	YPR070W
YBR279W	YDL074C
YKL048C	YKL142W
YGL245W	YHR079C
YDR507C	YKL048C
YIL103W	YJL014W
YNL154C	YNL173C
YNL307C	YOR290C
YKL065C	YPR124W
YDR388W	YGL201C
YDR479C	YNR075W
YLR208W	YPR080W
YCR043C	YNL255C
YNL255C	YOL012C
YAL041W	YER118C
YDR012W	YGR085C
YGR192C	YPR129W
YLL024C	YPR171W
YKL014C	YLR175W
YBR251W	YNR036C
YGL043W	YML010W
YAL053W	YLR330W
YJL173C	YJR089W
YER022W	YJL140W
YBR280C	YNL141W
YHR131C	YNL255C
YER022W	YGR186W
YGL095C	YMR197C
YCR063W	YDL043C
YJL019W	YPR113W
YNL029C	YPR124W
YBR098W	YFR024C-A
YFR034C	YPR086W
YDL060W	YOR096W
YNL255C	YOR246C
YGR052W	YGR097W
YLR132C	YPR191W
YDR164C	YGL233W
YER125W	YNL243W
YBR072W	YMR083W
YER036C	YJL138C
YAL042W	YNL255C
YKL145W	YOR254C
YNL075W	YPL126W
YBR196C	YHR152W
YDL083C	YGL147C
YGL030W	YJL080C
YFL018C	YHR114W
YBR160W	YPL194W
YER013W	YKR086W
YPR070W	YPR168W
YFR036W	YJR091C
YKL116C	YNL255C
YAL029C	YDR101C
YLR300W	YMR049C
YBL003C	YER165W
YJL111W	YNL255C
YFL040W	YLR214W
YGL179C	YPR115W
YDR307W	YFL062W
YDL123W	YEL051W
YHR079C	YNR047W
YKL180W	YPR143W
YOR027W	YOR057W
YJL138C	YNL250W
YDR188W	YJL042W
YBL104C	YNL307C
YBL003C	YHR099W
YBR194W	YOR319W
YLR212C	YNL126W
YDL193W	YOR185C
YKL014C	YOR133W
YEL026W	YOL012C
YML065W	YOR204W
YBR160W	YLR006C
YGL112C	YML065W
YJL130C	YLR106C
YBR109C	YMR109W
YGL058W	YLR015W
YEL054C	YNR051C
YMR010W	YNL287W
Q0130	YJR045C
YLR175W	YNL262W
YKL218C	YNL255C
YLL019C	YOL054W
YDL015C	YHL048W
YDR392W	YNL175C
YCR021C	YHR094C
YAL041W	YDR379W
YBR200W	YJL085W
YER125W	YGR268C
YBL007C	YNL144C
YIL048W	YLR241W
YLR075W	YOL120C
YBR130C	YHR135C
YBR200W	YGR238C
YDL236W	YJL106W
YGR158C	YLR345W
YDR312W	YGL111W
YLR258W	YLR273C
YBR279W	YGL058W
YHR052W	YKL009W
YDR176W	YGL066W
YER164W	YIL035C
YGL134W	YLR258W
YDR496C	YKL009W
YLR312W-A	YMR024W
YBR271W	YNL255C
YGL023C	YGR163W
YDL156W	YIL142W
YBR194W	YGR148C
YGL078C	YML010W
YGL076C	YNL301C
YLR291C	YOR042W
YDL111C	YOR001W
YDR322W	YNL005C
YDR212W	YNR052C
YFR004W	YMR242C
YBR142W	YDL014W
YDR388W	YOR195W
YGL099W	YPL169C
YER125W	YHR097C
YBR191W	YGL014W
YGL059W	YGL105W
YGR031W	YNL255C
YNR051C	YOR204W
YBL003C	YEL018W
YFR034C	YPR043W
YHL011C	YMR139W
YPL141C	YPR128C
YLR258W	YNL307C
YGL030W	YIL125W
YDR297W	YKL065C
YER036C	YLR175W
YEL018W	YNL107W
YHR152W	YOR133W
YCR073W-A	YLR028C
YIR010W	YOR151C
YBR072W	YML064C
YDR207C	YMR139W
YFR004W	YKR048C
YFL005W	YMR192W
YFR004W	YJR045C
YHL001W	YLR287C-A
YER013W	YGR278W
YGL245W	YJL106W
YHR175W	YPL246C
YKL082C	YLR276C
YDR381W	YJL084C
YJL177W	YOL040C
YMR049C	YMR093W
YCL014W	YPL031C
YNL002C	YNL255C
YEL051W	YOR270C
YCR042C	YMR219W
YER125W	YKR018C
YDR418W	YLR075W
YNR047W	YPL031C
YHL007C	YLR293C
YDR240C	YLR345W
YFR037C	YPR034W
YHL009C	YLR291C
YGL031C	YGL076C
YHR174W	YPR093C
YFL039C	YIR010W
YAR018C	YOL083W
YMR205C	YPL031C
YBR109C	YOR233W
YML086C	YPL031C
YKL142W	YLR287C
YGR173W	YPR080W
YDL014W	YDL060W
YER131W	YIR010W
YJL187C	YJR092W
YJL146W	YPL031C
YDR012W	YNL124W
YMR304W	YOR204W
YDR381W	YOL041C
YDR142C	YNL214W
YLR199C	YLR249W
YDR174W	YDR303C
YDR388W	YNL289W
YCL024W	YJR112W
YKL108W	YPR120C
YBR079C	YDR429C
YNL243W	YPL266W
YDL043C	YNL154C
YFR004W	YOL058W
YJL052W	YML065W
YBR154C	YHL007C
YNR033W	YPR154W
YJL109C	YJR002W
YDR195W	YDR301W
YBL075C	YLR325C
YDR070C	YGL059W
YBL007C	YMR313C
YGR052W	YPL180W
YDL053C	YNL255C
YAL029C	YDR457W
YLR249W	YOR133W
YKL180W	YPL143W
YKL142W	YMR243C
YML058W	YMR083W
YNL255C	YOL093W
YML121W	YNL255C
YGR052W	YPR030W
YNL255C	YNR029C
YDL175C	YMR125W
YDL065C	YGL153W
YMR242C	YNL069C
YER125W	YKL152C
YMR314W	YNL199C
YGR104C	YJL140W
YOL001W	YPL031C
YBR109C	YOL016C
YMR139W	YOL059W
YEL054C	YLR075W
YFR004W	YMR205C
YNL165W	YPL031C
YLR238W	YML123C
YFR004W	YGR032W
YJL187C	YKL181W
YGR017W	YPL141C
YFR004W	YOR065W
YFL026W	YKL178C
YGL043W	YGR097W
YDR412W	YMR047C
YER122C	YNL307C
YLL028W	YNL237W
YCR030C	YNL283C
YER125W	YLR342W
YBR198C	YDR392W
YFR034C	YOR290C
YGL206C	YNL243W
YNL289W	YNR047W
YHR099W	YNL107W
YHR152W	YPL174C
YNL093W	YNL227C
YLL017W	YOR197W
YLR190W	YPL031C
YLR116W	YML046W
YIL075C	YNL255C
YGL105W	YMR280C
YDR381W	YNL308C
YDR392W	YNL255C
YBR102C	YHR165C
YCL040W	YFR034C
YFR030W	YOR361C
YGL111W	YLR449W
YGR284C	YKL088W
YOL107W	YPL020C
YKL080W	YMR059W
YKL185W	YMR229C
YDR172W	YJL052W
YJL080C	YLR075W
YDR078C	YJL092W
YBR160W	YFR030W
YER125W	YNL183C
YDL175C	YOR204W
YAL029C	YOR290C
YBR102C	YIL061C
YHL048W	YKR088C
YFR024C-A	YGR227W
YBL090W	YDR337W
YBR253W	YJL177W
YJL176C	YPL129W
YER006W	YHR052W
YIL149C	YKL042W
YFR031C-A	YOL127W
YHR135C	YMR049C
YFL062W	YIL016W
YNL154C	YPL217C
YDR171W	YLL024C
YGR268C	YPL049C
YDR073W	YPL248C
YDR297W	YHR007C
YGR153W	YMR055C
YHR016C	YPL246C
YPL106C	YPR189W
YBL039C	YOR133W
YDR101C	YNL002C
YKL015W	YML051W
YDR226W	YJL153C
YJL218W	YPL070W
YFL039C	YKL079W
YBL023C	YPL031C
YCL024W	YJR092W
YDL051W	YNL154C
YGR052W	YNL117W
YHL007C	YOR092W
YDR212W	YGR198W
YDL043C	YMR213W
YBR010W	YGL194C
YDL101C	YDR264C
YBR290W	YDL212W
YDR386W	YPL129W
YML010W	YOR151C
YDL055C	YGR234W
YDR012W	YDR496C
YHR024C	YIL066C
YLR370C	YOL016C
YDR404C	YPL129W
YGL030W	YKL067W
YCL054W	YGL111W
YDR028C	YHR052W
YFR031C-A	YIR010W
YLL026W	YOR027W
YNL255C	YNR062C
YNL175C	YOR294W
YHR135C	YMR226C
YDR244W	YMR177W
YKL109W	YPL129W
YFL067W	YNL255C
YER125W	YLR167W
YDL031W	YKR081C
YDR194C	YLR233C
YHR161C	YPL232W
YHR167W	YMR125W
YJR132W	YNL323W
YCR073C	YOR018W
YLR320W	YMR187C
YCR073C	YPL217C
YDR418W	YKL180W
YFR004W	YOL059W
YGR135W	YLR199C
YBR106W	YPR124W
YHR174W	YOR098C
YAL005C	YBR251W
YDR468C	YDR484W
YLR312W-A	YNL252C
YBR254C	YLR342W
YBR194W	YDR299W
YDL078C	YDR244W
YBR038W	YPR106W
YJL085W	YPR055W
YGR159C	YOR204W
YOL004W	YOR160W
YBR160W	YOR001W
YDL047W	YJR007W
YDL014W	YNL075W
YIL035C	YOL041C
YBR083W	YDR224C
YEL009C	YHR099W
YKL048C	YKL181W
YDR283C	YEL009C
YGR252W	YOL148C
YGR278W	YLL036C
YGL123W	YKL009W
YER105C	YKL068W
YBL072C	YML056C
YDR429C	YNR051C
YMR153W	YNL255C
YFL038C	YGL198W
YFL017W-A	YMR240C
YBL063W	YIL061C
YHR185C	YJR093C
YFR027W	YPR119W
YER089C	YIL104C
YDL014W	YGR159C
YLR249W	YOR249C
YHR089C	YIR010W
YBR247C	YOR096W
YGL210W	YML065W
YJR050W	YLR424W
YJL177W	YNL301C
YHR115C	YPL031C
YGL210W	YNL272C
YDR411C	YOL013C
YGR067C	YNL085W
YJR159W	YPL031C
YLR018C	YMR047C
YBL079W	YGR052W
YKL140W	YNL001W
YHR216W	YLR175W
YIL075C	YMR191W
YMR116C	YOL127W
YBR191W	YNR051C
YKR027W	YLR330W
YJL098W	YNL025C
YDR453C	YPR110C
YDR496C	YEL055C
YBR010W	YGL112C
YDR272W	YLR043C
YKL014C	YMR229C
YAL041W	YBR079C
YGL043W	YJR132W
YFL028C	YNL255C
YIR010W	YPL249C-A
YFR004W	YMR092C
YDR381W	YNL175C
YDL160C	YLL036C
YDL054C	YGL051W
YJL187C	YKL051W
YKL051W	YPL221W
YFR032C	YKL058W
YJR042W	YLR293C
YOL051W	YPL042C
YER166W	YLR330W
YLR191W	YPL049C
YML065W	YNL075W
YHR085W	YHR197W
YBR279W	YOR123C
YDL014W	YDR299W
YDR397C	YNL255C
YLR096W	YPR159W
YGL145W	YLR268W
YFR004W	YPL004C
YIL107C	YNL154C
YFR004W	YML070W
YDR162C	YDR507C
YGR082W	YNL131W
YHL048W	YPL076W
YFR034C	YNL255C
YDL209C	YKR022C
YFR031C-A	YKL009W
YLR106C	YNL002C
YER040W	YMR139W
YBR260C	YIL118W
YDR012W	YER006W
YGR234W	YPL106C
YBR229C	YDR188W
YBR098W	YBR160W
YBR254C	YDR472W
YOR001W	YOR145C
YFR004W	YPL032C
YML056C	YOL005C
YDR412W	YKL014C
YER059W	YMR165C
YFR004W	YJR105W
YDL115C	YJL140W
YLR287C-A	YNR051C
YBR247C	YER017C
YFR024C-A	YJR083C
YAL032C	YLR117C
YJL080C	YMR125W
YFR034C	YGL078C
YLL062C	YOR081C
YBL075C	YFR004W
YNL255C	YNL282W
YGL212W	YMR071C
YHR071W	YPL031C
YBL085W	YLR096W
YDL204W	YHR007C
YGR234W	YML064C
YJL010C	YLR175W
YFR004W	YML057W
YBR200W	YPR055W
YHR090C	YJL187C
YHL034C	YPR032W
YBR248C	YLR401C
YJR072C	YKL014C
YBR010W	YDR227W
YDR283C	YPR052C
YCL054W	YER006W
YDR296W	YJL063C
YAR028W	YDR331W
YBL003C	YER036C
YDR073W	YNR023W
YDL188C	YOR073W
YAR002W	YER105C
YKR062W	YNL255C
YDL043C	YLR059C
YAL010C	YNL131W
YFL017W-A	YPL151C
YBR130C	YKL185W
YGR252W	YMR223W
YBL075C	YNL025C
YGR129W	YLR249W
YJR005W	YLR116W
YGL230C	YOR161C
YFR004W	YIL118W
YDR479C	YPR113W
YOR251C	YPL031C
YHL007C	YLR353W
YMR049C	YPR115W
YLR025W	YMR154C
YHR083W	YNL255C
YHR114W	YOR355W
YDL222C	YDR497C
YCR021C	YER020W
YGL123W	YGR275W
YCR091W	YIL135C
YJR101W	YNL081C
YIR007W	YLL026W
YBL023C	YPR120C
YGL229C	YJL030W
YGL016W	YOR098C
YGR104C	YLL026W
YDR143C	YPL106C
YGL245W	YKL108W
YLR048W	YNL112W
YDL089W	YDR233C
YER164W	YIR010W
YDR423C	YIR037W
YKL113C	YMR229C
YGL044C	YMR270C
YDL083C	YDR130C
YMR213W	YMR240C
YDR322W	YML065W
YEL062W	YHL023C
YGL181W	YNL124W
YAL003W	YPR080W
YHR012W	YNR051C
YMR116C	YPL106C
YLR002C	YML065W
YDR414C	YFL040W
YDR496C	YLR175W
YGL076C	YLR449W
YHR135C	YLR132C
YDL065C	YPL112C
YDR381W	YHR127W
YBR160W	YLR045C
YLR397C	YOL012C
YEL044W	YGL150C
YNL206C	YPR018W
YBR207W	YHR175W
YFR024C-A	YMR216C
YGL230C	YKL110C
YJL047C	YLR320W
YNL333W	YNL334C
YDR330W	YER012W
YDR473C	YML049C
YEL023C	YLR249W
YJR091C	YLR392C
YDR226W	YER078C
YLL050C	YLR074C
YHR063C	YOR117W
YDL047W	YNL025C
YBR031W	YDR101C
YEL054C	YGL030W
YKR062W	YOL051W
YFL034W	YPL031C
YJL010C	YMR093W
YNL110C	YPR137W
YDR100W	YOL129W
YER125W	YFR034C
YDR381W	YNR051C
YNL214W	YOL044W
YJL187C	YMR165C
YDL115C	YOL005C
YDR226W	YOR117W
YBR102C	YLR423C
YER165W	YNR052C
YJL109C	YLR175W
YHR052W	YPL259C
YLL024C	YOR057W
YDR418W	YFR031C-A
YBR182C	YER125W
YER165W	YFR004W
YDL212W	YIL109C
YCR087C-A	YDL060W
YHL001W	YNL255C
YFR036W	YPL031C
YER136W	YNL304W
YEL009C	YER040W
YLR167W	YMR276W
YMR048W	YNL255C
YHL015W	YOL040C
YBR154C	YDR283C
YBR117C	YML102W
YHR052W	YLR075W
YBR279W	YOL051W
YAR007C	YDR121W
YJL020C	YJR047C
YDR404C	YJL140W
YBL003C	YFR013W
YBL044W	YLR074C
YBR102C	YBR160W
YER165W	YKL025C
YGL111W	YML010W
YJL085W	YKR055W
YBR200W	YDL159W
YBR247C	YNL255C
YFR004W	YJR025C
YMR229C	YNL175C
YLL024C	YOR117W
YER006W	YKR081C
YDR113C	YGL240W
YBR160W	YLR307W
YER165W	YGL112C
YGL179C	YMR165C
YGL111W	YOL127W
YML065W	YPL198W
YDL188C	YMR028W
YMR276W	YPR002W
YAL043C	YGR156W
YGL059W	YHR185C
YEL018W	YHR090C
YBR194W	YML056C
YOR151C	YPL129W
YGR085C	YJL177W
YLR167W	YML065W
YER125W	YPL031C
YFR031C-A	YPL090C
YBR194W	YGL030W
YER131W	YHR135C
YDL047W	YKR028W
YLR439W	YMR024W
YER165W	YMR047C
YDR386W	YMR049C
YGR012W	YML086C
YGR192C	YNR051C
YFL056C	YNL201C
YLL021W	YOL112W
YHR052W	YLR325C
YGR134W	YNR052C
YNL255C	YPR001W
YMR184W	YNL154C
YGL210W	YNL263C
YGL059W	YKL093W
YGL035C	YLR096W
YDL043C	YFL017W-A
YGR159C	YNL110C
YDR260C	YGL240W
YDR507C	YNL272C
YHR025W	YOR117W
YDR101C	YLR106C
YJL187C	YPL001W
YEL034W	YPL207W
YDL060W	YMR315W
YHR127W	YPL169C
YOR058C	YPL001W
YGL123W	YNL124W
YBL061C	YNL154C
YGL099W	YNL002C
YER020W	YLR332W
YJL138C	YKL095W
YBR234C	YMR109W
YDR196C	YHR135C
YDR214W	YOR133W
YLR175W	YNL110C
YDL015C	YDR506C
YBR160W	YLR079W
YBR160W	YJR082C
YCR063W	YIL070C
YHR135C	YIL107C
YFL062W	YMR221C
YBR268W	YNL255C
YDR331W	YJL117W
YDL123W	YOL018C
YAL032C	YMR176W
YJR103W	YPL031C
YDR388W	YPL181W
YBL003C	YMR072W
YML106W	YPR052C
YDR471W	YDR496C
YBR176W	YPR080W
YHR164C	YJL173C
YDR293C	YGL137W
YAL032C	YLR320W
YBR269C	YNL255C
YBL007C	YML109W
YDR280W	YGR158C
YLR449W	YML074C
YFR004W	YNL301C
YDR174W	YER116C
YMR072W	YOR058C
YLL013C	YMR106C
YHR016C	YNL073W
YJR068W	YOR144C
YBL007C	YJR115W
YMR105C	YPR015C
YML098W	YOL051W
YDR050C	YNL127W
YDR304C	YFR030W
YNL009W	YOL013C
YMR121C	YNL255C
YDL047W	YMR196W
YER020W	YPL058C
YBL003C	YKL009W
YIL034C	YKL007W
YGL206C	YOR027W
YBR031W	YLR075W
YDL154W	YER173W
YNL110C	YPL220W
YDR293C	YJL098W
YER136W	YFL005W
YLR258W	YOR026W
YDR359C	YHR090C
YGR104C	YNL025C
YDR028C	YGL115W
YLR258W	YLR291C
YBR194W	YLR167W
YGR085C	YOL127W
YAL001C	YMR093W
YDL146W	YHR016C
YDL043C	YJL146W
YBR284W	YML035C
YBR106W	YLL023C
YGL076C	YMR229C
YJL006C	YJL138C
YBR160W	YDR389W
YKR071C	YPL141C
YKR081C	YPL220W
YLR449W	YNL255C
YHL048W	YOR254C
YDR121W	YJL065C
YHR216W	YNL175C
YBR194W	YIL035C
YBR109C	YJR065C
YDR283C	YGR167W
YMR047C	YOR051C
YJL084C	YNL154C
YDR318W	YMR117C
YER165W	YOL117W
YDR171W	YHR152W
YGL051W	YGR295C
YLR449W	YNL110C
YLR452C	YLR457C
YLR268W	YOR327C
YMR072W	YOL004W
YML065W	YOL012C
YDR519W	YOL088C
YDL031W	YFR001W
YDR172W	YGR072W
YDR297W	YOL003C
YLR418C	YNL126W
YBL104C	YLR096W
YBR079C	YGR252W
YJR002W	YOR145C
YFR031C-A	YGL030W
YCR021C	YHL007C
YJL190C	YNR051C
YJL034W	YJL073W
YFR004W	YGL137W
YDR388W	YJL085W
YBR290W	YKL065C
YFR004W	YOR261C
YDR359C	YFL039C
YDR381W	YER165W
YGL105W	YHR131C
YBR194W	YLR175W
YCL036W	YMR093W
YHR157W	YPL031C
YAL005C	YIL035C
YIR010W	YJR135C
YER125W	YJL172W
YDR283C	YEL053C
YDR365C	YIR010W
YGR278W	YLR117C
YBR160W	YML109W
YLR418C	YOL051W
YAL005C	YKL014C
YDR296W	YLR439W
YDR105C	YPR113W
YDR118W	YPR018W
YMR229C	YPR137W
YDL160C	YJL138C
YGR058W	YLR113W
YBL007C	YIR006C
YGL051W	YIL109C
YIL095W	YLR251W
YDR507C	YMR153W
YDR228C	YIL035C
YHR135C	YLR429W
YDR121W	YPR175W
YLR315W	YPR083W
YGL105W	YNL154C
YDR381W	YOR204W
YLR409C	YPR144C
YDL055C	YIL075C
YBL003C	YGL150C
YBL027W	YDR471W
YKL005C	YNL255C
YFR004W	YGL148W
YHR167W	YJL011C
YER172C	YMR240C
YLR429W	YOR145C
YGL137W	YMR146C
YBR083W	YER109C
YDL014W	YML065W
YMR074C	YNL256W
YFR050C	YHR052W
YDR516C	YGR232W
YLR044C	YOR117W
YAL005C	YKR008W
YLR412W	YNL255C
YAL038W	YBR221C
YDR212W	YKL095W
YDL209C	YJR050W
YDL083C	YMR242C
YDL143W	YOR117W
YAL005C	YEL025C
YJL098W	YNL107W
YER118C	YLR096W
YBR251W	YHR059W
YBR194W	YDR394W
YIL061C	YOL004W
YBL084C	YFR036W
YBR200W	YDR368W
YGL240W	YOR249C
YIL034C	YIR003W
YHR135C	YLR293C
YJL187C	YMR304W
YBR121C	YNL313C
YNL255C	YOR064C
YLR116W	YNL255C
YBR069C	YGL051W
YLR105C	YNL255C
Q0085	YER154W
YDR214W	YOR117W
YLR291C	YNR012W
YCL024W	YPR013C
YER075C	YMR229C
YFR004W	YGL147C
YJR101W	YMR158W
YAL009W	YMR165C
YGR278W	YML049C
YCL033C	YKL103C
YDR322W	YMR024W
YDR224C	YNR051C
YLR002C	YOR243C
YBR198C	YMR223W
YDL173W	YNL154C
YNL091W	YOR355W
YDL014W	YOR341W
YHR064C	YPR102C
YMR125W	YNL251C
YMR192W	YNL112W
YER136W	YNL093W
YBR052C	YPR138C
YDL209C	YER172C
YLR006C	YMR022W
YDR174W	YFR037C
YIL079C	YLR423C
YHR052W	YOR005C
YDL060W	YKL143W
YAL005C	YBL067C
YML049C	YMR213W
YAL015C	YDR214W
YHR064C	YJL190C
YHR010W	YMR229C
YBL039C	YGR124W
YIL035C	YLR002C
YIR010W	YPL198W
YDR301W	YOR093C
YER036C	YKR057W
YDR479C	YJL117W
YHR090C	YHR135C
YCL027W	YNL054W
YJR053W	YML064C
YER012W	YJL001W
YIR008C	YKL045W
YFR004W	YOR270C
YBR005W	YNL255C
YKL145W	YMR314W
YDL083C	YFR004W
YGR148C	YKL009W
YDL043C	YPL126W
YBR160W	YMR129W
YEL034W	YOL117W
YCL054W	YNL110C
YHR114W	YMR109W
YNL175C	YNR051C
YFR001W	YPR045C
YDL132W	YOL025W
YDR153C	YPR029C
YDR479C	YLR268W
YJR003C	YPL049C
YHL034C	YOR096W
YDL060W	YGR090W
YKR048C	YMR139W
YJR068W	YMR105C
YDR188W	YLL024C
YGL238W	YLR293C
YKL061W	YNL086W
YMR229C	YPR144C
YBR050C	YBR109C
YAL013W	YOL004W
YFR004W	YPR037C
YLR030W	YNL307C
YGL210W	YKL116C
YNL002C	YOL041C
YIR017C	YMR117C
YLR383W	YML056C
YPL217C	YPR137W
YDR363W	YJL047C
YDL085W	YKL093W
YLL048C	YPL147W
YBL072C	YGR214W
YDR121W	YIL126W
YDL146W	YFR024C-A
YKR021W	YOR119C
YDR164C	YPR055W
YHR007C	YJL117W
YBR247C	YGR081C
YAL005C	YPL167C
YBR052C	YDR497C
YDL014W	YHL034C
YLR116W	YNL210W
YJR145C	YNL004W
YIR010W	YPR052C
YHR089C	YLR449W
YML065W	YMR093W
YLR190W	YMR117C
YDL014W	YMR049C
YFR004W	YML008C
YHR014W	YHR135C
YFR024C-A	YML011C
YHR089C	YOR004W
YBL023C	YLR291C
YGR252W	YOR133W
YKL080W	YPL026C
YML010W	YPL266W
YBL058W	YOR342C
YFR004W	YJL170C
YBR160W	YMR291W
YHR131C	YKL171W
YDR324C	YMR093W
YLR323C	YMR213W
YAL032C	YMR213W
YDL123W	YGL023C
YAR071W	YGL245W
YDL060W	YLR435W
YBR200W	YKR105C
YDR284C	YDR479C
YFR030W	YLR291C
YAR007C	YPR175W
YIR010W	YNL069C
YER006W	YJL010C
YGR090W	YPL031C
YDR211W	YJL080C
YIL126W	YOR123C
YHR127W	YHR167W
YGR165W	YMR158W
YDR180W	YER147C
YGL059W	YIL042C
YML065W	YPR043W
YBR132C	YHR042W
YCL029C	YER139C
YMR106C	YOR005C
YNL255C	YPR102C
YGR047C	YNL039W
YGR104C	YPR080W
YJL098W	YPL031C
YNR010W	YPR086W
YGR270W	YML074C
YDL083C	YLR075W
YAL005C	YPL028W
YDR362C	YDR388W
YFR004W	YGR054W
YKL166C	YNL117W
YOL051W	YPL248C
YAR007C	YDR224C
YDL060W	YMR093W
YGL059W	YNL117W
YHR122W	YNL255C
YGL076C	YPR181C
YDR012W	YPL090C
YGL237C	YLR423C
YDL200C	YLR109W
YLR370C	YOR361C
YEL009C	YIL126W
YNR051C	YPL237W
YIL142W	YJL106W
YBL027W	YNL069C
Q0085	Q0130
YDL111C	YGR134W
YKL082C	YNL110C
YBR290W	YJL117W
YLL050C	YOR181W
YBR069C	YHR114W
YDR471W	YHL015W
YGR084C	YNR036C
YFR004W	YHR111W
YPL090C	YPL198W
YER165W	YFR034C
YGR148C	YNL110C
YNL201C	YNL307C
YBR109C	YMR315W
YAL005C	YGR090W
YDL239C	YGL153W
YJL140W	YNL251C
YKL180W	YOL127W
YAR007C	YGL150C
YFR034C	YJL020C
YEL054C	YPL249C-A
YBR031W	YDL055C
YHL014C	YNL255C
YER036C	YLL024C
YBR282W	YDR322W
YBL007C	YIL095W
YLL024C	YOR027W
YDR334W	YFL039C
YEL062W	YOL138C
YDR130C	YOL127W
YIL142W	YNL212W
YGL076C	YKR081C
YNL304W	YPL031C
YJL081C	YML065W
YDR479C	YOR377W
YBL007C	YOR329C
YER165W	YMR240C
YBR247C	YMR116C
YDR388W	YNL154C
YHL001W	YML065W
YJR002W	YNL110C
YCR063W	YMR213W
YDR394W	YNL250W
YDR012W	YMR229C
YDL043C	YLL036C
YNR036C	YNR037C
YAL005C	YER165W
YKR034W	YOL054W
YFL026W	YNL217W
YDR386W	YDR388W
YDR142C	YIL142W
YBL007C	YGL238W
YGR180C	YLR437C
YGR004W	YPR028W
YBR106W	YDR342C
YBR160W	YDL174C
YDR172W	YDR188W
YDL207W	YLR018C
YML035C	YPL141C
YDR162C	YPL038W
YBL003C	YML074C
YDL188C	YER012W
YDL053C	YPR106W
YLR268W	YNL279W
YBR031W	YOR117W
YDL116W	YMR153W
YNL175C	YPL249C-A
YKL119C	YOR270C
YML010W	YPL129W
YFR001W	YGL030W
YNL110C	YPL143W
YFR004W	YPR191W
YHR016C	YKR030W
YCL008C	YJL172W
YJL099W	YOR299W
YLR426W	YPL151C
YJL065C	YOR304W
YBR031W	YJL187C
YKL185W	YOL004W
YBR160W	YOL092W
YHR123W	YNL130C
YBL064C	YNL154C
YAL038W	YBR279W
YGR234W	YGR252W
YLR264W	YNL096C
YBR194W	YCR012W
YJR092W	YPR122W
YGR254W	YJL030W
YGR165W	YJR101W
YHR083W	YMR060C
YLR043C	YOR117W
YGL031C	YHR197W
YBR160W	YGR238C
YML121W	YOL144W
YKR081C	YLR002C
YDR381W	YER013W
YBR031W	YPL249C-A
YBR069C	YHR110W
YAR027W	YBR042C
YKL178C	YPL026C
YBR194W	YJL130C
YOL018C	YOL132W
YBR160W	YKL048C
YKL028W	YKR062W
YDR303C	YLL026W
YGL111W	YMR049C
YHR064C	YNR051C
YDL173W	YNL255C
YGR090W	YJR002W
YFR024C-A	YHR016C
YDR280W	YOL021C
YCL028W	YHR114W
YLR096W	YPL106C
YDR101C	YMR047C
YDR170C	YLR330W
YEL023C	YKL216W
YBL085W	YMR124W
YKL112W	YLR082C
YBR136W	YLR304C
YER165W	YNL251C
YBR125C	YDR247W
YBR154C	YDR404C
YGL059W	YHR117W
YDL083C	YHL034C
YEL061C	YNR010W
YBR031W	YNL112W
YBR142W	YPL220W
YNL104C	YPR106W
YLR207W	YMR297W
YGR056W	YIL126W
YGL111W	YHR197W
YAL032C	YLR345W
YGL073W	YOL016C
YGL123W	YLL036C
YDR381W	YDR440W
YDR264C	YHR135C
YGR270W	YPR110C
YNL272C	YOR233W
YBL072C	YGL031C
YNL255C	YPL009C
YBR109C	YFL003C
YGL099W	YGL123W
YHR216W	YNL255C
YDR224C	YIR010W
YBR162C	YNL287W
YDR188W	YNR051C
YBL085W	YMR139W
YJL025W	YMR270C
YDR513W	YIR037W
YDR496C	YJR145C
YJR130C	YKL048C
YGR090W	YKL078W
YGL014W	YLR287C-A
YER047C	YJL092W
YKL142W	YPL004C
YKR086W	YLR117C
YLR048W	YOR117W
YHL007C	YNL173C
YHR135C	YKR048C
YGR214W	YNL308C
YLR044C	YNR051C
YBR183W	YLR018C
YBL037W	YBL105C
YNL268W	YPL265W
YFR024C-A	YHR135C
YNL299W	YPR175W
YFR001W	YNL255C
YML056C	YNL124W
YHR001W	YPR173C
YDR496C	YOL127W
YER012W	YMR106C
YHL007C	YMR165C
YFR024C-A	YPL038W
YFL048C	YPR003C
YBR253W	YHR058C
YGR215W	YNR036C
YBR194W	YDR379W
YCL054W	YKL014C
YBR194W	YDR229W
YBR171W	YML064C
YJL014W	YNL212W
YDL116W	YER105C
YLL036C	YPL257W
YER048W-A	YML065W
YDR142C	YIL068C
YJR113C	YNR037C
YDR293C	YFR004W
YDR496C	YML010W
YJL187C	YOR239W
YHR008C	YMR106C
YDL209C	YGR278W
YBR129C	YIL095W
YEL054C	YHR010W
YFR004W	YPR086W
YDL072C	YFR024C-A
YER006W	YGL081W
YGR082W	YGR120C
YGR090W	YPL217C
YAL005C	YPL004C
YAL003W	YHR064C
YBL039C	YJR109C
YCL061C	YPR175W
YNL255C	YPR110C
YGR275W	YPL129W
YER091C	YPL013C
YNL130C	YPL246C
YGR104C	YHR041C
YFR004W	YKL126W
YBR290W	YDL015C
YGL031C	YJL177W
YEL026W	YNR051C
YGR158C	YOL142W
YLR423C	YOR361C
YMR246W	YOL126C
YDR244W	YDR329C
YAL041W	YHL007C
YBR154C	YDL115C
YDR034W-B	YDR264C
YDR381W	YKL186C
YGR158C	YGR195W
YNL124W	YOL127W
YDR036C	YGL153W
YAL029C	YOR181W
YAL043C	YKL059C
YMR228W	YOR348C
YJL081C	YOL012C
YGL030W	YGL076C
YLL050C	YOR117W
YJR093C	YNL092W
YHR040W	YNL255C
YDR283C	YDR381W
YML085C	YNL272C
YMR093W	YPL220W
YHR094C	YOR153W
YGR200C	YOR151C
YBR234C	YJL020C
YLR030W	YPL031C
YGL112C	YMR255W
YBR160W	YHR159W
YAL005C	YDR359C
YHR094C	YJL151C
YAL032C	YDL001W
YBL003C	YJL047C
YDL212W	YJL117W
YGR057C	YKL015W
YFR016C	YOR181W
YBL027W	YOL127W
YDR129C	YLR429W
YKR048C	YPL180W
YBR247C	YGR054W
YBR263W	YIR010W
YER017C	YGR132C
YJL010C	YLL019C
YAL005C	YDR324C
YDR427W	YGR232W
YBL075C	YER022W
YDR254W	YPL018W
YKR081C	YLR233C
YBL085W	YNL234W
YMR109W	YNL206C
YDL014W	YLR409C
YML065W	YPL001W
YDR412W	YER006W
YLR018C	YNL279W
YLL024C	YLL029W
YDR412W	YJL190C
YDR260C	YOR249C
YLR291C	YOL083W
YAL005C	YNL220W
YGR275W	YIL126W
YFR004W	YMR191W
YJL034W	YKL117W
YFR034C	YGL076C
YGL099W	YOR294W
YFR004W	YJR007W
YFR004W	YPL028W
YNL252C	YNL255C
YBR106W	YML123C
YBR194W	YKR029C
YLR072W	YPR113W
YBR253W	YGL112C
YNL220W	YNL255C
YJL019W	YPL018W
YLR423C	YMR213W
YDR171W	YGL153W
YCR021C	YDL222C
YHR152W	YHR174W
YBR207W	YEL051W
YBL064C	YPL031C
YDR116C	YNL255C
YFR027W	YLR233C
YBL003C	YIR010W
YNL110C	YNL307C
YDR337W	YNR037C
YOR117W	YPR183W
YHR099W	YPL248C
YDR255C	YLR199C
YHR216W	YIR010W
YML106W	YMR271C
YDR392W	YPL181W
YLL024C	YPL167C
YGL011C	YMR314W
YGR275W	YPR034W
YBR079C	YPR086W
YKL166C	YLR443W
YER006W	YHR197W
YDR200C	YPL004C
YBL085W	YGL190C
YNL201C	YOR355W
YJL177W	YNL069C
YDR224C	YPL138C
YGL153W	YPL031C
YMR093W	YPL126W
YDL175C	YNL299W
YFL026W	YIL068C
YBR200W	YFL039C
YMR165C	YPL141C
YGR138C	YKL051W
YBR198C	YPL011C
YFL049W	YPR034W
YGL112C	YIR010W
YJR145C	YMR093W
YLL028W	YPR138C
YKL186C	YPL169C
YBR194W	YHR216W
YNL021W	YOL012C
YGL245W	YMR059W
YMR184W	YNL307C
YDL014W	YHR089C
YBL072C	YPL090C
YML109W	YNL216W
YBL027W	YHR114W
YDR303C	YFR037C
YIL035C	YML010W
YMR192W	YPL031C
YBR109C	YGL229C
YKL171W	YPL180W
YDL188C	YPL003W
YGR047C	YOR110W
YDR186C	YOR127W
YHR114W	YLR423C
YIR010W	YML085C
YGR085C	YNL069C
YDR116C	YIL035C
YJL189W	YNR051C
YIL150C	YLR045C
YDL137W	YHR188C
YER136W	YGL210W
YGR113W	YMR117C
YDR012W	YFR031C-A
YGL190C	YHR135C
YER006W	YNL175C
YBL105C	YGR254W
YHR041C	YPR086W
YDL239C	YPL049C
YDR164C	YPL232W
YJR003C	YPR173C
YMR143W	YNR051C
YBR160W	YKR080W
YOL133W	YOR341W
YBL105C	YJL020C
YKL218C	YPR110C
YNL255C	YOR283W
YML065W	YMR049C
YGR047C	YGR156W
YDR174W	YLR203C
YMR314W	YNR051C
YDR063W	YJR065C
YML065W	YNL002C
YHR016C	YMR313C
YGR077C	YNL329C
YGR270W	YML065W
YNL085W	YOR197W
YDR067C	YHL029C
YLR418C	YOR151C
YDR381W	YFR030W
YHR007C	YHR123W
YCR020W-B	YGR275W
YBR160W	YFR046C
YGL076C	YGL147C
YLR044C	YNL272C
YLR467W	YPL042C
YNL096C	YPL090C
YBR127C	YOR270C
YFR004W	YOL127W
YDR101C	YPL249C-A
YDR381W	YHR052W
YBL085W	YER124C
YJL092W	YPR181C
YGL229C	YNL006W
YGR085C	YJL190C
YDR171W	YOR197W
YGL078C	YNL308C
YDL200C	YEL024W
YDR342C	YOR153W
YBR194W	YMR205C
YML051W	YOL067C
YKR081C	YNL175C
YBR106W	YNR019W
YDR283C	YPR115W
YDR497C	YMR010W
YFR001W	YMR049C
YEL026W	YIR010W
YJR135C	YPL255W
YDR229W	YPL135W
YDR314C	YDR388W
YNL255C	YPL020C
YDR504C	YNL255C
YHL048W	YIL016W
YCL052C	YHR142W
YDL212W	YGR295C
YAR018C	YJL098W
YKL171W	YOL125W
YKL213C	YPR175W
YDR383C	YJR135C
YBR194W	YMR315W
YDR541C	YLR025W
YHR089C	YKL014C
YGR085C	YPL090C
YDR176W	YHR099W
YMR165C	YOR233W
YER118C	YGR295C
YDR164C	YOR327C
YDR258C	YGL043W
YDL083C	YER131W
YDL043C	YMR240C
YLR332W	YPL058C
YDR381W	YKR048C
YHR216W	YLL036C
YBR160W	YLR219W
YDR130C	YOL080C
YPL042C	YPL248C
YBL038W	YJL176C
YML065W	YPR029C
YBR142W	YOL127W
YDR101C	YNL110C
YHR165C	YLR424W
YDR388W	YJR083C
YDR394W	YGR232W
YHR169W	YJL190C
YGL105W	YOR197W
YDL014W	YDR365C
YIR010W	YLR388W
YDR176W	YDR392W
YER116C	YPL031C
YKR100C	YLR096W
YIR008C	YKR048C
YDR240C	YNL210W
YPL266W	YPR144C
YGR159C	YHR135C
YHR161C	YLR106C
YDL083C	YDR471W
YKL117W	YMR008C
YER006W	YMR049C
YDL014W	YDR324C
YER048C	YFR004W
YBR154C	YGL043W
YLR450W	YOL013C
YBR251W	YJR113C
YMR229C	YNL307C
YER118C	YGL201C
YER139C	YJL140W
YFL038C	YOR070C
YNL110C	YPR144C
YLR224W	YOL133W
YDR247W	YIL107C
YDR487C	YDR513W
YGR017W	YIL131C
YBR194W	YMR047C
YGL112C	YOR220W
YER013W	YGR129W
YLR265C	YMR284W
YBL061C	YBR023C
YMR229C	YPL126W
YHR165C	YPR101W
YHR007C	YIR037W
YJL039C	YML085C
YHR058C	YNR010W
YMR049C	YNL110C
YKL180W	YNL255C
YNL255C	YOL040C
YGL190C	YOR162C
YBR170C	YLR207W
YLL024C	YMR027W
YDR244W	YLR284C
YBR183W	YBR290W
YOL051W	YPR034W
YGL078C	YIR010W
YFR031C-A	YPL249C-A
YBR010W	YOR038C
YER125W	YFR004W
YHR085W	YNL002C
YLR368W	YOL133W
YHR174W	YNL006W
YLR002C	YNL110C
YEL032W	YGR270W
YGR220C	YNL255C
YGR268C	YHR016C
YDR419W	YEL026W
YJL112W	YLR291C
YCR042C	YDR195W
YDR170C	YER166W
YDR028C	YNL220W
YMR092C	YNL138W
YDR124W	YGR165W
YJL190C	YNL096C
YGR214W	YML085C
YDL014W	YEL026W
YBL007C	YOR047C
YDR296W	YER125W
YDR356W	YLR006C
YLR106C	YMR047C
YNL255C	YNL260C
YCL028W	YPL070W
YDR239C	YJL138C
YNR051C	YPL220W
YDL015C	YPR028W
YKL103C	YMR218C
YDR457W	YML010W
YBL009W	YOL041C
YLR175W	YNL308C
YIL095W	YOR329C
YIR010W	YKR008W
YLR191W	YPL084W
YHR046C	YPR015C
YJL106W	YJR094C
YIL070C	YIL094C
YHR011W	YJL069C
YMR139W	YNL272C
YML035C	YNL307C
YGL105W	YIR010W
YLR332W	YOL109W
YER013W	YER172C
YDR381W	YLR455W
YOR117W	YOR168W
YMR183C	YOR327C
YDL054C	YMR013C
YJR132W	YLR106C
YML010W	YNL251C
YDR418W	YNR051C
YDL098C	YML049C
YBR160W	YDR113C
YFL005W	YNR049C
YDR381W	YGL190C
YDR471W	YNR051C
YGR258C	YOL016C
YFR004W	YMR246W
YBR160W	YKL185W
YLR293C	YOR185C
YCR076C	YNL255C
YBL072C	YMR146C
YCR043C	YDR264C
YFR031C-A	YGL031C
YDR211W	YJR007W
YDR388W	YIR003W
YAR027W	YJL117W
YBR264C	YNL263C
YHR041C	YOL051W
YER019W	YLR350W
YGL147C	YOL040C
YHR052W	YJL189W
YBR109C	YOL109W
YDR106W	YPL174C
YGR047C	YLR096W
YLL024C	YNL004W
YER165W	YLR293C
YDL014W	YNL230C
YEL055C	YMR093W
YBR198C	YGL066W
YEL054C	YGL031C
YLR131C	YPR119W
YMR229C	YNL124W
YBR196C	YNR051C
YCL027W	YER032W
YBR198C	YIR010W
YBR031W	YDR365C
YKL116C	YLR015W
YJR145C	YPR137W
YNR010W	YPL129W
YGL179C	YIL107C
YLR081W	YOR181W
YNL255C	YPL004C
YFR024C-A	YML010W
YAR071W	YFR055W
YGL198W	YNL255C
YER048W-A	YGR192C
YKL180W	YML065W
YLL024C	YLR187W
YFR004W	YKL117W
YFR031C-A	YGL014W
YBR160W	YGL235W
YDR293C	YNL154C
YLR212C	YOL016C
YFR004W	YPL237W
YLR265C	YMR106C
YIL094C	YLR075W
YGL016W	YOR361C
YKL095W	YLL036C
YCR004C	YMR031C
YDR471W	YLR075W
YDR324C	YLR186W
YER062C	YER171W
YGR275W	YOL012C
YLR245C	YLR291C
YCR028C	YGL051W
YHL034C	YMR242C
YAR018C	YNL077W
YNL096C	YNR051C
YBL037W	YKL103C
YEL056W	YHR041C
YDL005C	YHR167W
YER172C	YGR270W
YBL045C	YGL137W
YKL067W	YMR059W
YDR303C	YMR072W
YBL023C	YIR008C
YDR309C	YKL082C
YGL154C	YGL254W
YNL010W	YNL154C
YBR191W	YGR085C
YLR464W	YNL255C
YER154W	YPL063W
YDL005C	YEL009C
YNL246W	YNL255C
YDR068W	YPL246C
YBR083W	YHR084W
YCR021C	YPR124W
YBR031W	YNL110C
YCR042C	YPR065W
YGR252W	YOL012C
YDR394W	YER173W
YFL054C	YPL076W
YEL009C	YFL009W
YBR031W	YGR085C
YKL009W	YMR121C
YOL013C	YOR027W
YFR004W	YJL138C
YDR264C	YPL242C
YIL057C	YPL031C
YLR138W	YML132W
YGL211W	YNL255C
YDL052C	YMR106C
YFR050C	YGR135W
YBR290W	YGL051W
YGL059W	YOL016C
YDR498C	YLR268W
YLR079W	YPR119W
YDR337W	YJR113C
YIL119C	YNL107W
YHR079C	YNL155W
YCL027W	YPR008W
YGR270W	YPL127C
YMR093W	YOR096W
YGL099W	YHR010W
YDL005C	YER022W
YCL061C	YMR048W
YGR270W	YOL006C
YBL072C	YHR169W
YFR004W	YOR361C
YBR211C	YLR315W
YBR198C	YIL142W
YKR081C	YLR449W
YGL061C	YIR010W
YFR004W	YLR134W
YJR135C	YMR198W
YML064C	YPL049C
YHL009C	YNL154C
YNR010W	YPR070W
YDR039C	YPR201W
YPL058C	YPR138C
YJL106W	YKR100C
YDR356W	YLR045C
YJL084C	YMR216C
YBR002C	YNL255C
YFR001W	YNL002C
YJL010C	YKL078W
YJL020C	YNL199C
YDR507C	YGR017W
YHR052W	YLR175W
YJL112W	YMR047C
YEL026W	YGL078C
YDL165W	YPR112C
YER118C	YMR065W
YBL007C	YCL045C
YCR020C	YLR291C
YHL014C	YLR249W
YJL083W	YOR181W
YAL001C	YGR047C
YGL210W	YLR096W
YDR113C	YGR224W
YLR249W	YNL255C
YBR160W	YLR401C
YJL208C	YML065W
YHL009C	YHR135C
YBL079W	YHR135C
YBL023C	YMR048W
YGL212W	YLR423C
YIL142W	YJL111W
YLR291C	YLR423C
YKL009W	YML010W
YFR034C	YIL033C
YDR496C	YNL110C
YDR418W	YGL147C
YCL034W	YHR016C
YFR031C-A	YGR085C
YGR232W	YIL075C
YLL023C	YMR129W
YIR010W	YPL004C
YJL039C	YMR153W
YBR290W	YCL052C
YIR010W	YOR290C
YAL005C	YDR356W
YAR066W	YDR074W
YDR129C	YIL034C
YOL012C	YOL054W
YDR471W	YJL177W
YMR146C	YPR086W
YJL148W	YML010W
YBR194W	YKR003W
YJR145C	YPL220W
YDR471W	YLR287C-A
YNL255C	YNR001C
YDR101C	YOR098C
YDR381W	YHR216W
YHR152W	YPR118W
YAR007C	YMR072W
YKL185W	YPL139C
YBR183W	YFL048C
YDR293C	YGL059W
YDR394W	YER171W
YCR043C	YMR010W
YJL034W	YML065W
YPL031C	YPL222W
YBR234C	YIL034C
YDR176W	YPL047W
YGR124W	YOR117W
YGR220C	YJL063C
YCR030C	YER020W
YFL017W-A	YGL059W
YBL090W	YJR113C
YBR253W	YGL030W
YJL081C	YPL129W
YMR106C	YPL031C
YDR471W	YMR031C
YLR268W	YNL237W
YFR024C-A	YGR268C
YLR096W	YLR345W
YLR074C	YMR047C
YFL048C	YNL287W
YHR135C	YMR140W
YBR176W	YPL070W
YGL066W	YPL011C
YDR188W	YGR192C
YHR010W	YNR051C
YGL037C	YNR051C
YDR214W	YIL094C
YBR010W	YPL138C
YDR257C	YOR119C
YDL207W	YDR429C
YJL091C	YOL020W
YBL085W	YGL201C
YPR080W	YPR119W
YDR381W	YJR084W
YMR229C	YOR294W
YLR401C	YNL154C
YHL015W	YHR064C
YDR496C	YGL111W
YEL056W	YOL054W
YJR050W	YMR213W
YCR073W-A	YNL154C
YER154W	YPL173W
YBR160W	YOR081C
YJL190C	YNL255C
YJL187C	YKL042W
YIR003W	YLR074C
YBR194W	YOR153W
YMR306W	YPR128C
YLL024C	YNL124W
YIL159W	YKL079W
YDR301W	YGR047C
YBR211C	YOL054W
YER013W	YJR050W
YIL131C	YJR007W
YBR002C	YJL151C
YGL201C	YGR097W
YEL034W	YPL237W
YBR194W	YLL036C
YDR381W	YLR002C
YDL239C	YDR176W
YJR002W	YKL078W
YAL053W	YDL222C
YGL051W	YGL137W
YFR004W	YHR025W
YDR298C	YER154W
YHL015W	YLL036C
YGR159C	YNL112W
YIL070C	YPR015C
YLL036C	YLR117C
YBR200W	YKL051W
YGR135W	YMR314W
YFR004W	YNL250W
YAR002W	YNL255C
YPL126W	YPL266W
YBR251W	YGR090W
YBR260C	YOR181W
YBR010W	YIL070C
YDR073W	YPR034W
YAL029C	YLR429W
YER125W	YJL025W
YLR175W	YNL227C
YBR253W	YDL005C
YDR412W	YMR121C
YMR158W	YPL013C
YDL060W	YGR054W
YGL179C	YMR140W
YDR028C	YLR377C
YDR113C	YLR175W
YDR100W	YKR088C
YKL142W	YMR165C
YEL054C	YKL009W
YBR136W	YCL061C
YJR148W	YLR418C
YOR185C	YPL125W
YAL051W	YCR087C-A
YDR320C	YJL092W
YDR129C	YJL092W
YIL127C	YNL255C
YDL014W	YGL112C
YER006W	YPR043W
YDR483W	YFR004W
YBL027W	YDR012W
YBR010W	YKL005C
YER020W	YPL036W
YAL005C	YPR119W
YLR249W	YLR418C
YHR135C	YNL093W
YBR234C	YGR037C
YGR104C	YPR086W
YKL065C	YPL076W
YBL003C	YNR051C
YDR057W	YLR207W
YMR086W	YOR181W
YJR154W	YPR106W
YER105C	YPR080W
YEL034W	YHR068W
YDL005C	YOL051W
YJL106W	YLR079W
YDR388W	YGR058W
YBL039C	YFR004W
YDR381W	YJL109C
YDR324C	YNL075W
YFR004W	YHR174W
YFL039C	YNL059C
YMR216C	YPL139C
YGL119W	YPL031C
YJR083C	YLR295C
YAL005C	YPR163C
YBR109C	YJL187C
YLR447C	YOR181W
YGR209C	YKL069W
YDR331W	YHR188C
YGL181W	YHR016C
YDL083C	YGL076C
YFR016C	YIL125W
YDR388W	YPR055W
YDR174W	YDR176W
YGR255C	YLR201C
YFR004W	YGR214W
YHL015W	YNR051C
YBR198C	YPL129W
YFR004W	YNL069C
YDR507C	YLR332W
YDL137W	YNL255C
YDL193W	YLR293C
YBR194W	YOR361C
YLR132C	YNL286W
YDR135C	YPR115W
YLR287C-A	YOL040C
YDR423C	YNL255C
YBL079W	YGR037C
YIR010W	YOR369C
YEL009C	YGL112C
YBR079C	YER165W
YJR076C	YPL031C
YDR362C	YOR110W
YMR059W	YPL004C
YBL027W	YDR388W
YGL044C	YHR174W
YIL035C	YLR403W
YCR091W	YPR119W
YJL092W	YPR018W
YBR251W	YMR158W
YDR388W	YOR204W
YLR096W	YLR191W
YLR074C	YLR106C
YKL138C	YNL255C
YPL026C	YPL171C
YHR197W	YKL180W
YDR247W	YGR097W
YKL082C	YML109W
YGR104C	YPR052C
YCR021C	YHR001W
YDR388W	YKR011C
YKR048C	YPL141C
YJL030W	YLR044C
YLR175W	YNR051C
YER118C	YHL048W
YLR249W	YOL145C
YDL043C	YGL137W
YGR032W	YNL255C
YLR106C	YOL133W
YBR194W	YKL152C
YDL123W	YER125W
YGL201C	YMR109W
YDR264C	YKL178C
YBL061C	YMR116C
YBR160W	YDR093W
YGR284C	YPL076W
YHR117W	YHR135C
YBL027W	YFR031C-A
YIR034C	YNL255C
YBR106W	YPR194C
YLL036C	YOR204W
YDR479C	YMR071C
YGL115W	YLR291C
YDR419W	YMR161W
YLR368W	YMR048W
YBL007C	YPL246C
YMR229C	YNL002C
YJL218W	YPL031C
YER059W	YJL084C
YDL098C	YNL255C
YER118C	YPR171W
YMR215W	YPL227C
YML065W	YPR110C
YFR004W	YJL034W
YGL179C	YLR350W
YFL062W	YHR007C
YNL124W	YPR110C
YER041W	YLR449W
YHR007C	YNL070W
YGL248W	YHR135C
YGR233C	YLR186W
YHR135C	YOR092W
YDR398W	YEL055C
YBR160W	YDR239C
YIR006C	YOR329C
YER128W	YPR173C
YDR468C	YMR197C
YLR113W	YNL255C
YCR012W	YGR192C
YBR142W	YPL249C-A
YFL038C	YNL255C
YDR264C	YMR197C
YHR079C	YLR361C
YHR007C	YLL048C
YDL116W	YOR098C
YHL001W	YNL069C
YFL036W	YJL034W
YGL153W	YGL179C
YER012W	YGR135W
YFL038C	YPL246C
YER013W	YLR116W
YER072W	YMR216C
YBL023C	YIL150C
YJR145C	YNL308C
YJR119C	YMR216C
YER164W	YKR081C
YBR198C	YPL047W
YFR030W	YJL123C
YJL109C	YLR233C
YBL067C	YFR004W
YDR123C	YML051W
YNL289W	YPR106W
YBR069C	YFR024C-A
YBL090W	YGR084C
YER118C	YHL007C
YJL006C	YPR035W
YDR188W	YFR004W
YCR030C	YPL058C
YCR030C	YFR024C-A
YIR017C	YPR086W
YIR010W	YML074C
YOL120C	YOL127W
YGR090W	YPL126W
YFR004W	YHR042W
YGL076C	YPL249C-A
YAL009W	YGL059W
YNL183C	YPL180W
YDL047W	YIL061C
YBR160W	YLR238W
YCL028W	YLR403W
YBR211C	YDR254W
YBR052C	YNL283C
YLR429W	YOR181W
YBR109C	YLL050C
YJL151C	YNL287W
YER124C	YOR212W
YHR135C	YPL169C
YIL091C	YJR119C
YJR076C	YPL161C
YLR191W	YOL147C
YGL240W	YNL193W
YDR503C	YPL246C
YGL137W	YLR370C
YER125W	YFL039C
YDR497C	YER125W
YLL050C	YMR092C
YDL083C	YFR031C-A
YBL003C	YBR010W
YFL039C	YMR072W
YDL031W	YDR388W
YFR004W	YML106W
YNR051C	YOL038W
YLL024C	YMR167W
YPL106C	YPR045C
YFR034C	YOL001W
YBR010W	YJL081C
YGR158C	YJL109C
YGL030W	YNL069C
YJL006C	YML112W
YBL039C	YDR260C
YFL054C	YKL142W
YBR079C	YGL123W
YCR021C	YPL189W
YOL021C	YOR076C
YER125W	YGR186W
YBL011W	YOR233W
YKL103C	YLR450W
YDR101C	YKR081C
YDR176W	YOL148C
YGR037C	YML086C
YEL009C	YPL129W
YGR295C	YHR007C
YIR010W	YJL173C
YBR290W	YPL227C
YHR131C	YNL154C
YGL147C	YPL198W
YFR001W	YML010W
YBR127C	YHR084W
YNL255C	YNL308C
YER125W	YMR140W
YML010W	YML056C
YGR233C	YOL145C
YGL035C	YOL051W
YGR085C	YMR242C
YDR130C	YOR361C
YNL025C	YPL031C
YFL017W-A	YJR084W
YDR381W	YLR333C
YDL043C	YDR131C
YDR170C	YLR148W
YFR004W	YHR190W
YFR034C	YGR148C
YBR010W	YLR015W
YBR023C	YPL221W
YIL062C	YNL138W
YFL025C	YGL053W
YBR258C	YPL138C
YDL067C	YGL187C
YJR002W	YLR186W
YDR324C	YMR229C
YHL021C	YJL140W
YGR238C	YML064C
YOL104C	YPL200W
YKL048C	YML064C
YDL160C	YFR004W
YIR010W	YPL217C
YER122C	YJL187C
YBR104W	YNL255C
YNL287W	YPL246C
YNL022C	YNL154C
YBR160W	YMR165C
YDR012W	YKL180W
YDR116C	YNL252C
YJL080C	YNL255C
Q0085	YLR203C
YDR299W	YDR365C
YER165W	YLR175W
YDR334W	YLL036C
YDL014W	YGL030W
YDR507C	YLR175W
YDR130C	YNL069C
YGL030W	YLR175W
YDR100W	YMR071C
YDR468C	YOL018C
YAL003W	YEL034W
YPL051W	YPR080W
YJR002W	YJR145C
YBR052C	YDL222C
YER105C	YPL004C
YBR194W	YLR117C
YBL027W	YNL110C
YBL027W	YGL123W
YIR010W	YPL180W
YIL035C	YOR361C
YBL085W	YBR003W
YFR004W	YKL103C
YHR114W	YOR059C
YDR162C	YPL161C
YDR257C	YNL255C
YJL054W	YOR297C
YCL037C	YDL014W
YIL126W	YOR341W
YGL134W	YPL031C
YAL038W	YNL289W
YBR221C	YJL131C
YFL039C	YLR429W
YCR073C	YNL250W
YBL023C	YNL273W
YER118C	YJR115W
YBR260C	YGR221C
YDR143C	YDR227W
YGL206C	YGR234W
YAL003W	YML064C
YLR370C	YOR181W
YIL026C	YIL126W
YJR082C	YNL107W
YDL212W	YHL048W
YER006W	YIR010W
YDR200C	YFR008W
YIL035C	YMR049C
YBL045C	YGL187C
YBR109C	YBR130C
YDR388W	YIL039W
YDR386W	YER006W
YHL001W	YKL009W
YIL075C	YMR216C
YDL176W	YGL227W
YGR104C	YOR151C
YBL039C	YBL105C
YEL034W	YMR284W
YLR287C-A	YMR242C
YMR240C	YOR093C
YKL067W	YPL090C
YDR386W	YOL041C
YIL149C	YMR284W
YDR364C	YMR125W
YDR233C	YLR018C
YCL061C	YEL032W
YGL234W	YPL031C
YDR388W	YGR268C
YGL254W	YPL031C
YER125W	YOR151C
YER125W	YLR134W
YKL065C	YMR215W
YGL043W	YGR252W
YNL255C	YPL199C
YMR168C	YNL255C
YAL043C	YJR093C
YKR081C	YPL198W
YDR211W	YNL124W
YJL010C	YPL126W
YDL188C	YMR314W
YBL003C	YKL014C
YKR048C	YNL162W
YHR135C	YJL105W
YJL111W	YMR028W
YAL044C	YLR239C
YGR138C	YPL058C
YDR174W	YIL013C
YJL039C	YMR129W
YMR124W	YPR119W
YDR316W	YJL187C
YBL072C	YBR247C
YKL205W	YLR293C
YGR104C	YOL005C
YDL047W	YPL049C
YGL181W	YLL024C
YDR293C	YNL307C
YDR314C	YGL014W
YER122C	YHR079C
YCR063W	YDL209C
YMR167W	YOR033C
YAL005C	YGR198W
YBL085W	YER032W
YHR064C	YLR249W
YCL027W	YER118C
YFR004W	YLR175W
YML058W	YNL307C
YDL085W	YOR076C
YJL138C	YLR249W
YLR268W	YOR311C
YBL003C	YIL035C
YER118C	YNL112W
YLR249W	YNL250W
YDR394W	YOR117W
YJL065C	YNL230C
YER172C	YML049C
YDR101C	YKL068W
YDR247W	YIL070C
YBR198C	YOL148C
YHR010W	YPL009C
YBR234C	YIL062C
YAL005C	YNL124W
YGR220C	YLR312W-A
YBL039C	YIL075C
YDR356W	YIL149C
YBR052C	YER020W
YFL039C	YHR152W
YDR404C	YGR186W
YFR004W	YKR003W
YGL137W	YNL250W
YDR162C	YGL190C
YEL051W	YLR429W
YGL115W	YGL179C
YDR086C	YPL189W
YOL005C	YOR151C
YKL082C	YOR233W
YHR007C	YLR350W
YIL070C	YML065W
YMR129W	YMR153W
YMR116C	YNR051C
YDR129C	YIL062C
YBL079W	YDL207W
YDR280W	YDR381W
YBR191W	YNL096C
YDR356W	YER129W
YGR084C	YGR165W
YIR010W	YPL018W
YBL003C	YHL034C
YAL005C	YOR110W
YEL054C	YFR034C
YHR010W	YNL124W
YDR496C	YMR242C
YDR227W	YNL216W
YGR108W	YHL007C
YBR173C	YGL011C
YMR169C	YMR170C
YBR251W	YOR205C
YMR314W	YOL038W
YBR079C	YFR004W
YDL055C	YJR109C
YGR270W	YMR116C
YHL048W	YHR007C
YGR233C	YHR071W
YML098W	YPL129W
YIR035C	YNL255C
YDR172W	YNL069C
YHR079C	YOR181W
YDR172W	YER165W
YBR198C	YER164W
YBR102C	YPR032W
YBL061C	YGL073W
YHL007C	YNL022C
YJL030W	YOR283W
YBL007C	YGL181W
YLR109W	YMR059W
YBR234C	YPL004C
YNR068C	YNR069C
YBR040W	YFR004W
YDL098C	YHR165C
YBL011W	YHR135C
YGL179C	YKR071C
YER020W	YKR003W
YDR453C	YMR106C
YDR212W	YPL180W
YIR010W	YJL176C
YLR424W	YPL151C
YHR128W	YHR152W
YHR152W	YLR109W
YJL020C	YOR081C
YJL106W	YPR013C
YLR369W	YMR049C
YIL061C	YOR159C
YER122C	YFL048C
YLR119W	YLR417W
YGL240W	YKL109W
YHR052W	YKL145W
YNR043W	YOR117W
YFR004W	YJR065C
YJL010C	YNL110C
YGL134W	YNL307C
YHR135C	YNL227C
YGL105W	YKL171W
YBR079C	YOL117W
YDR174W	YMR229C
YDR331W	YGL053W
YGL189C	YNR051C
YBR142W	YDL031W
YER072W	YPL031C
YGL179C	YJR076C
YBR107C	YDR421W
YFR034C	YOL004W
YIL062C	YJR065C
YBL003C	YOL059W
YBL072C	YDR471W
YOL038W	YPR154W
YER062C	YML058W
YDL212W	YPR113W
YDR388W	YGL190C
YDL045C	YGR077C
YDR293C	YLR286C
YBR160W	YLR086W
YFL005W	YOL112W
YDR195W	YPL008W
YGL137W	YOL133W
YGR156W	YPL008W
YDR434W	YML085C
YML035C	YNL154C
YDR012W	YNL069C
YBR260C	YER144C
YOR361C	YPL151C
YGL229C	YOR062C
YDL149W	YPR049C
YBL025W	YNL255C
YFR034C	YIL035C
YML018C	YPL246C
YBR136W	YGR099W
YHR079C	YPR032W
YDR245W	YDR414C
YLR191W	YOR355W
YIR010W	YMR146C
YER131W	YNR051C
YIL062C	YJL020C
YLR249W	YPR173C
YAR007C	YMR116C
YER131W	YJL109C
YDL159W	YPL201C
YDR170C	YGL238W
YGL059W	YJL070C
YJR101W	YLR423C
YDR100W	YPL246C
YDR388W	YFR024C-A
YFR031C-A	YNL301C
YDR050C	YFR004W
YGL192W	YJL092W
YDR353W	YFR004W
YBR154C	YOR341W
YBR234C	YFR004W
YDR129C	YKL126W
YDR383C	YLR315W
YGR278W	YMR213W
YJL084C	YPL031C
YMR105C	YOR090C
YBR296C	YGL105W
YDR300C	YPR137W
YDR283C	YNR051C
YBL039C	YML085C
YBL039C	YMR024W
YDR414C	YLL056C
YGL064C	YGR220C
YDR169C	YOL004W
YJL148W	YOR341W
YJR065C	YMR109W
YFL021W	YIR010W
YMR183C	YPL232W
YBR023C	YOL003C
YDR418W	YGL123W
YER048C	YOR181W
YGL030W	YGR085C
YJR135C	YPL018W
YGR134W	YGR195W
YCR004C	YNL255C
YJL187C	YOR023C
YDR212W	YIR010W
YHR007C	YML008C
YNL096C	YNL301C
YDR212W	YPL049C
YOR197W	YOR361C
YBR154C	YML010W
YAL062W	YAR071W
YDR073W	YOR290C
YDR386W	YPL127C
YHR115C	YNL116W
YDR381W	YIR008C
YHL001W	YNR051C
YBR031W	YDR412W
YLR304C	YMR059W
YBR160W	YDL239C
YJL177W	YNL096C
YDR086C	YML065W
YFL039C	YJL014W
YDR244W	YGL153W
YDR169C	YPL031C
YJR113C	YNR036C
YAL060W	YNL255C
YIL157C	YLR203C
YBR010W	YMR284W
YBR234C	YDR063W
YDR131C	YHR197W
Q0130	YER154W
YDR335W	YMR047C
YGR275W	YPR043W
YHR135C	YLR109W
YBR052C	YIL070C
YAL005C	YDR303C
YJL014W	YOR212W
YCL061C	YJL091C
YJL098W	YPL129W
YHR052W	YMR093W
YBR160W	YER111C
YDR153C	YNL154C
YDR130C	YML010W
YAL038W	YNL255C
YLR436C	YMR304W
YCR073W-A	YHR135C
YJR142W	YPL141C
YDR169C	YGL179C
YOL021C	YOR001W
YKL067W	YKL095W
YIL159W	YLL017W
YHR135C	YIL033C
YBR109C	YDR356W
YBR010W	YKR048C
YLR423C	YMR059W
YDR240C	YHR099W
YLR113W	YPR175W
YDR365C	YGR159C
YDR247W	YFR010W
YKL080W	YLR447C
YFR004W	YLR270W
YFR004W	YPL106C
YDL116W	YKL068W
YML065W	YNL255C
YEL046C	YOR117W
YDR184C	YLR433C
YEL060C	YPL140C
YAL038W	YOR123C
YGL073W	YOR290C
YBR260C	YFR004W
YDR176W	YEL009C
YIL035C	YNL131W
YCR021C	YDR497C
YDL014W	YLR455W
YDR356W	YJL187C
YGL179C	YPL139C
YAL032C	YER032W
YER172C	YIR017C
YML065W	YMR242C
YCR030C	YER166W
YKR097W	YML086C
YGL137W	YOR027W
YGL112C	YOL148C
YBR130C	YPL031C
YNL104C	YNL307C
YIL070C	YLR074C
YGL078C	YKL014C
YGL111W	YKR081C
YBR111C	YFR004W
YJR056C	YNL154C
YNL243W	YOR329C
YDR412W	YOR048C
YHR135C	YIR034C
YCL024W	YMR139W
YDL146W	YHR114W
YDR388W	YLR272C
YEL051W	YLR028C
YHR062C	YNL110C
YKL014C	YPL237W
YCL036W	YDR388W
YCR043C	YLR429W
YGR186W	YKR062W
YBR031W	YDR130C
YDL159W	YIR010W
YBR010W	YJL047C
YCL029C	YMR019W
YBR133C	YPL031C
YGL233W	YPR055W
YOL051W	YOR290C
YJR145C	YOL127W
YBL075C	YLR320W
YHL001W	YIR010W
YIR015W	YLR345W
YDR101C	YER006W
YDL101C	YML058W
YAL005C	YOL033W
YDR245W	YLR342W
YLR106C	YOR151C
YAL041W	YJL187C
YBL007C	YPL141C
YBR031W	YKL009W
YJL029C	YOL018C
YIL109C	YMR124W
YDL065C	YJL006C
YGR173W	YOL061W
YOL041C	YPL141C
YGL030W	YOR117W
YFL036W	YMR228W
YBR160W	YIL131C
YBL027W	YJL020C
YNL110C	YPR102C
YGL237C	YLR191W
YDR150W	YLR084C
YDR207C	YMR042W
YBR152W	YMR240C
YDL160C	YDR170C
YIL126W	YKR008W
YDR211W	YJL010C
YDR473C	YMR240C
YDL209C	YPL151C
YDR320C	YPR045C
YBL084C	YKL028W
YKL166C	YNL263C
YGR255C	YML058W
YFR004W	YOR369C
YNL307C	YNR047W
YHR168W	YPL106C
YIL033C	YIL035C
YDR507C	YJR083C
YNL154C	YPR032W
YBL022C	YGR132C
YDR429C	YPR086W
YMR229C	YNL110C
YJL190C	YOR361C
YER022W	YNR010W
YER003C	YIR001C
YLL036C	YOR369C
YIR010W	YML123C
YJL109C	YLR409C
YGR048W	YOL013C
YJR135C	YLR241W
YAL005C	YLR384C
YLR075W	YOL127W
YDR497C	YOR254C
YDL035C	YER020W
YHL007C	YPL217C
YDL008W	YGL240W
YBL003C	YPR052C
YMR229C	YNL299W
YMR216C	YPR042C
YDR330W	YNL307C
YBL058W	YDL190C
YBR142W	YPL198W
YER116C	YMR072W
YGR232W	YKL145W
YER122C	YHL007C
YIL167W	YOL016C
YGL105W	YPL031C
YLR059C	YPL031C
YLL028W	YPL265W
YGL098W	YNL258C
YDR471W	YNL110C
YPL004C	YPL221W
YGR080W	YIL034C
YGR192C	YMR109W
YOR018W	YPR113W
YNL255C	YOR304W
YIL010W	YKL117W
YHR099W	YJL098W
YDL014W	YPL217C
YIL094C	YJL130C
YJR112W	YLR086W
YGL245W	YPL026C
YDL165W	YGR195W
YDR300C	YHR164C
YJL069C	YOR090C
YFR004W	YOR117W
YCR042C	YPL042C
YNL063W	YNL255C
YDL239C	YPL070W
YLR093C	YPL195W
YCL028W	YGR104C
YER125W	YNR069C
YPL106C	YPR129W
YOR083W	YPL031C
YBR130C	YIL138C
YEL056W	YOR386W
YLL036C	YML056C
YNL255C	YNL274C
YLR429W	YMR240C
YLR105C	YMR059W
YHR157W	YMR133W
YKR086W	YNL175C
YJL011C	YPR110C
YJL052W	YML091C
YFR050C	YMR314W
YNL262W	YPR175W
YOR096W	YPL249C-A
YBR154C	YGR104C
YCL014W	YHR064C
YAL009W	YLR342W
YDR286C	YNL255C
YPL259C	YPR029C
YKL087C	YNL255C
YFR004W	YOR341W
YDR195W	YGL153W
YDR174W	YOL012C
YAL043C	YDR301W
YGR200C	YJL140W
YDR394W	YLR306W
YGL076C	YNL124W
YJL138C	YJR140C
YFR004W	YPR028W
YML056C	YOR243C
YPL174C	YPL253C
YKL007W	YMR229C
YBL027W	YMR242C
YDR364C	YER172C
YNL255C	YPL099C
YCR043C	YDR174W
YHR169W	YMR242C
YLR093C	YMR197C
YDR224C	YOR304W
YLR355C	YOR098C
YBR234C	YOR181W
YIR007W	YPR074C
YJL176C	YNL216W
YER125W	YOR042W
YGR017W	YJL187C
YCR020W-B	YNL255C
YLL024C	YPR129W
YBL058W	YJR098C
YCL037C	YOR096W
YDR174W	YML064C
YHL034C	YPL090C
YJR109C	YMR106C
YIL095W	YNL243W
YML008C	YNL255C
YMR047C	YPR181C
YDR142C	YLR105C
YGR085C	YNL096C
YCR073C	YGL134W
YDR318W	YOL054W
YIR002C	YLR383W
YCL028W	YDL005C
YDL008W	YDR118W
YBL007C	YOR181W
YJL020C	YLR429W
YDR183W	YJL014W
YHL034C	YPL198W
YMR115W	YNL307C
YBR160W	YHR216W
YIL150C	YML065W
YGL212W	YNL255C
YBR200W	YNL025C
YGR148C	YNL255C
YFR004W	YNL255C
YLL019C	YMR229C
YDR381W	YOR294W
YLR108C	YML102W
YDL239C	YNR012W
YFR004W	YMR109W
YBL010C	YNL154C
YLR418C	YML010W
YBR149W	YFR004W
YDL222C	YMR011W
YER044C	YHR007C
YLL036C	YMR240C
YDL014W	YLR369W
YER032W	YJL020C
YGL030W	YIR010W
YER036C	YIR010W
YCR042C	YML098W
YPL070W	YPR119W
YDR188W	YGL190C
YGR028W	YML086C
YFL048C	YKL065C
YAL047C	YIL061C
YCL037C	YGR054W
YML065W	YOL040C
YBR069C	YKL065C
YHR044C	YIL061C
YJL187C	YLR096W
YDR085C	YPL242C
YIR010W	YLR276C
YBR142W	YMR049C
YKL171W	YNL006W
YGL076C	YLR002C
YGL155W	YKL019W
YJL109C	YOR153W
YAL005C	YLR377C
YFR004W	YNL104C
YDR381W	YNL004W
YLR455W	YOR064C
YBL037W	YJL084C
YNR010W	YOR151C
YKL216W	YKR055W
YKR081C	YNL255C
YER179W	YLR134W
YDR472W	YML077W
YBL101C	YER125W
YPR080W	YPR129W
YBL003C	YNL246W
YDR388W	YGL016W
YDR330W	YGR048W
YKL181W	YOL061W
YGL076C	YOL127W
YBR010W	YOL004W
YGL245W	YHL007C
YJL130C	YMR304W
YBR109C	YMR200W
YLR096W	YML057W
YFR004W	YLR109W
YDL053C	YDR207C
YIL095W	YNL287W
YCR087C-A	YML065W
YBR127C	YIR010W
YCL033C	YNL255C
YDR303C	YMR033W
YNL255C	YOR164C
YML123C	YOR254C
YHR041C	YNR010W
YLR291C	YNL265C
YGR220C	YML009C
YDL111C	YPR189W
YDL015C	YDR307W
YIL035C	YJR144W
YGL031C	YLR075W
YNL255C	YOR123C
YOR133W	YOR151C
YBL031W	YGL061C
YER044C	YHR190W
YGR129W	YJR050W
YGL189C	YHR052W
YDR162C	YGL035C
YNL110C	YOR048C
YDR299W	YNL154C
YFR004W	YJL111W
YEL044W	YPL129W
YNR051C	YOR369C
YBR010W	YML065W
YJL014W	YNL155W
YIL035C	YLR113W
YGL043W	YNR051C
YDR479C	YML125C
YFR031C-A	YLR075W
YBL007C	YCL008C
YDR180W	YIL026C
YFR037C	YOR304W
YER020W	YLR326W
YBL052C	YBR010W
YJL091C	YOR254C
YER059W	YKL103C
YDR012W	YGL147C
YFR001W	YKL082C
YHR052W	YKR081C
YGL225W	YHR114W
YJL117W	YKL065C
YER013W	YHR167W
YFR004W	YLL029W
YGL099W	YPR102C
YJR135C	YLR381W
YDL159W	YLL021W
YFL034W	YKL103C
YJL106W	YNL006W
YCR042C	YPL075W
YKL009W	YLR075W
YJL109C	YLR075W
YAR027W	YEL041W
YDL130W	YDR412W
YNL206C	YOR038C
YBR234C	YDR129C
YFL048C	YGR284C
YBR176W	YML064C
YNL255C	YPR080W
YAL051W	YOR363C
YML056C	YNL308C
YER166W	YNL323W
YAL005C	YGL206C
YOR096W	YPL090C
YEL026W	YMR059W
YPL004C	YPL155C
YBR279W	YLR113W
YCL011C	YOR204W
YKL159C	YNL255C
YBL003C	YPL127C
YNL175C	YPR102C
YDR394W	YGL137W
YBL085W	YGR052W
YDR388W	YMR093W
YIL009W	YPL058C
YKL078W	YLR175W
YNL154C	YPL138C
YIR010W	YML056C
YDL060W	YPL266W
YGL141W	YIL075C
YBL090W	YIL070C
YBR182C	YLR423C
YDR045C	YJL011C
YFL005W	YOL147C
YHR135C	YJL138C
YAL003W	YLR249W
YDL056W	YNL154C
YER147C	YGR090W
YLR287C-A	YNL096C
YBR129C	YNL255C
YDR068W	YGL059W
YML065W	YPL127C
YNL073W	YNL154C
YER125W	YML098W
YIR010W	YNL075W
YDR471W	YGL031C
YOR361C	YPL237W
YGL212W	YPL195W
YJR019C	YPR106W
YFR004W	YPR163C
YGL156W	YOL001W
YIL061C	YML049C
YIL035C	YOL004W
YPL126W	YPR144C
YDR496C	YHL034C
YDR116C	YGR220C
YIL107C	YOR296W
YDR130C	YLL024C
YDR296W	YNL177C
YDR501W	YPR138C
YDR211W	YGR052W
YLR276C	YPL031C
YBR031W	YML065W
YBR183W	YDR331W
YLR096W	YMR124W
YGL051W	YPL141C
YER122C	YNL287W
YFR034C	YHR135C
YBR106W	YPR113W
YGR275W	YJL014W
YGL190C	YHR114W
YMR192W	YPL249C-A
YIL009W	YPL141C
YJL138C	YLR429W
YDR381W	YJL006C
YCL011C	YLL019C
YKR048C	YPR119W
YDR001C	YFR004W
YOR191W	YPR154W
YMR033W	YNR023W
YBR207W	YEL022W
YGR270W	YOL012C
YER012W	YIL075C
YER125W	YPL176C
YDL035C	YPL268W
YDR207C	YPL139C
YHL014C	YOR133W
YDR365C	YLR075W
YJR045C	YNL310C
YEL018W	YNL255C
YER020W	YPR138C
YDL132W	YOR057W
YGL016W	YPR110C
YDR334W	YNL107W
YDR322W	YJL063C
YJL190C	YPL198W
YMR168C	YPL268W
YDR194C	YGL035C
YBR010W	YNL246W
YBR079C	YPL031C
YFR004W	YMR083W
YBR109C	YNL066W
YGL014W	YLR435W
YDL060W	YJL010C
YLR447C	YNR051C
YDR479C	YLR082C
YDR170C	YIL109C
YGR159C	YJL010C
YKR068C	YOR115C
YOL051W	YPR168W
YGR220C	YKR006C
YIR010W	YLR264W
YHR012W	YPL031C
YLR075W	YPL220W
YGR085C	YNR051C
YDR293C	YJL153C
YNL255C	YOL054W
YLR074C	YNL255C
YER165W	YHL034C
YKL090W	YMR168C
YLR429W	YNL073W
YFR009W	YGR234W
YBR130C	YOR181W
YLL048C	YMR106C
YHR135C	YML035C
YDR151C	YLR096W
YBL085W	YDR085C
YBR154C	YOR151C
YBL072C	YCL037C
YBL025W	YDR247W
YHR165C	YMR240C
YGL179C	YPL117C
YNL002C	YNL175C
YLR199C	YPL004C
YEL053C	YOR032C
YKL149C	YOL016C
YNL265C	YPR173C
YLL050C	YML064C
YDR283C	YJR132W
YDR200C	YLR238W
YDL098C	YER172C
YGL126W	YPL161C
YFR001W	YLR449W
YDL222C	YLR219W
YHR064C	YPR173C
YBR173C	YER012W
YFR004W	YLR075W
YBL072C	YMR116C
YBR106W	YHR094C
YKR034W	YLR424W
YKL080W	YML064C
YNL255C	YNR051C
YNL308C	YNR051C
YIL061C	YNL199C
YBR010W	YGL163C
YEL051W	YGR037C
YML086C	YOR327C
YFR016C	YKL007W
YLR325C	YML065W
YLR449W	YML065W
YBR194W	YNL255C
YIL103W	YOL109W
YML065W	YPR104C
YMR213W	YPL151C
YBR106W	YHL048W
YIL104C	YNL124W
YDL083C	YNL096C
YJL187C	YLR350W
YJL034W	YOR254C
YJL024C	YPL195W
YDR224C	YMR284W
YOL041C	YPR175W
YDR228C	YLR423C
YDL014W	YNL110C
YDR123C	YOL108C
YGR275W	YHR097C
YDR335W	YOL016C
YDR116C	YDR322W
YHL001W	YPL220W
YML133C	YNL255C
YLR079W	YNL180C
YBR010W	YIR010W
YHR069C	YOR001W
YAL038W	YFR004W
YFR004W	YIL074C
YER165W	YIL061C
YAL047C	YIL149C
YGL153W	YNL329C
YLR453C	YNL216W
YBL007C	YHR016C
YCR007C	YDR107C
YNL277W	YPL031C
YLR096W	YLR342W
YBL003C	YJR082C
YLR175W	YLR233C
YMR139W	YNL078W
YIL139C	YPL167C
YGR054W	YOR204W
YER044C	YMR202W
YGR090W	YPR144C
YLR418C	YOR123C
YBR154C	YJL140W
YKL025C	YPL031C
YBR207W	YER166W
YLR065C	YNL255C
YBR127C	YPL151C
YHR133C	YJL117W
YDR303C	YLR113W
YDR299W	YJL010C
YDR364C	YPL178W
YJL019W	YPL200W
YDR212W	YFR004W
YFR011C	YNL255C
YOL005C	YPL248C
YER164W	YOR319W
YDR335W	YFR034C
YDR357C	YLR423C
YAL038W	YJL039C
YDR412W	YGR148C
YFL039C	YLL026W
YML102W	YNL206C
YGL245W	YPL144W
YDR424C	YKR082W
YDR101C	YGL030W
YFR004W	YHL001W
YHR068W	YPL070W
YJL020C	YNL206C
YDR471W	YOR096W
YMR191W	YOR117W
YGR135W	YPL144W
YDR315C	YLR264W
YNL135C	YOR319W
YGL179C	YIR003W
YDR057W	YDR411C
YGR167W	YPL031C
YKR081C	YPL141C
YIL075C	YPL031C
YBR072W	YDL239C
YGL030W	YJL177W
YER036C	YHR079C
YBR187W	YDR412W
YLR175W	YMR031C
YKL059C	YOR344C
YKL171W	YPL177C
YDR473C	YOR159C
YDL222C	YJL016W
YFR004W	YGR192C
YDR172W	YIR010W
YDL014W	YML010W
YDL101C	YLR098C
YAL015C	YMR146C
YCR073W-A	YNL307C
YNL255C	YNL333W
YHR016C	YMR192W
YLR117C	YNL255C
YBL007C	YBL105C
YKL051W	YOR153W
YDR335W	YKL068W
YNL005C	YOR204W
YHR197W	YKR081C
YHR079C	YLR006C
YCR020W-B	YIL033C
YBR010W	YDL159W
YFR004W	YOR283W
YDR389W	YJR091C
YIR010W	YPR034W
YGR104C	YLR418C
YLR424W	YPL018W
YBR196C	YOR270C
YBL039C	YDR394W
YDR418W	YOL127W
YAL032C	YNL243W
YOL127W	YOR096W
YMR313C	YPL031C
YOL117W	YOR361C
YCL037C	YLR256W
YHR016C	YPR171W
YIL070C	YML085C
YDL209C	YER013W
YDR240C	YFL017W-A
YKR048C	YPL031C
YDR331W	YPR028W
YDR207C	YOL004W
YKL171W	YPL172C
YER125W	YOR181W
YBL003C	YDL051W
YDR386W	YMR226C
YFR009W	YNR051C
YHR016C	YMR255W
YMR242C	YOR117W
YGR165W	YIL070C
YNL004W	YNL255C
YDR207C	YKL185W
YDR469W	YPL138C
YEL034W	YOL059W
YHR064C	YLR075W
YHR083W	YNL070W
YBR010W	YGL058W
YER012W	YMR314W
YHR135C	YPL071C
YJL039C	YPL169C
YGL051W	YPL076W
YHR016C	YPL038W
YAL053W	YKL051W
YIL039W	YLR429W
YEL026W	YMR031C
YDR381W	YGR270W
YDR283C	YML010W
YDR383C	YML051W
YJR068W	YOL126C
YFL039C	YJL081C
YJL098W	YNL255C
YGL150C	YOR355W
YDR324C	YJL010C
YDR240C	YIL061C
YEL026W	YJL010C
YDL047W	YJL111W
YDL143W	YJL111W
YGL147C	YNL255C
YDR006C	YOR117W
YAR007C	YBR010W
YDR427W	YGL201C
YBR207W	YLL048C
YBR290W	YER125W
YLR075W	YPR181C
YKL201C	YNL255C
YBL003C	YLR175W
YPL038W	YPR154W
YHR135C	YOR070C
YBL058W	YDR388W
YAL022C	YDR497C
YKL119C	YLR447C
YDR324C	YJL069C
YDR280W	YOL142W
YDR045C	YNL255C
YDR335W	YLR293C
YNL255C	YPL271W
YMR154C	YOR110W
YNL217W	YNL307C
YDR224C	YJR145C
YNL075W	YNR051C
YAR027W	YLR350W
YML010W	YPR086W
YDL047W	YMR028W
YAL043C	YBL101C
YDL031W	YOL127W
YGL179C	YJR154W
YLR332W	YMR109W
YGR129W	YLR424W
YGR129W	YKR086W
YLR304C	YMR072W
YBR282W	YDR116C
YHR197W	YPR102C
YAL043C	YHR135C
YCR068W	YDR331W
YEL026W	YNL155W
YGR148C	YIR010W
YIL107C	YJL187C
YNR051C	YPR035W
YDL014W	YFR004W
YFL039C	YPR171W
YER144C	YIL095W
YKL009W	YNL301C
YGL059W	YGR008C
YKR055W	YPL161C
YDL055C	YIL094C
YHL034C	YIL070C
YOR181W	YPR154W
YHL001W	YNL124W
YDR172W	YNL251C
YGL209W	YJL187C
YDL207W	YPL169C
YDR224C	YJL081C
YBR198C	YGR252W
YBR152W	YDL098C
YIL142W	YJR070C
YDL239C	YHR184W
YGL229C	YNL076W
YEL055C	YPL126W
YGL112C	YPL248C
YIL131C	YLR291C
YBR160W	YOR315W
YDR412W	YDR418W
YNL201C	YPL031C
YER172C	YHR152W
YDL014W	YDR195W
YDR388W	YMR162C
YDR473C	YLR423C
YDR174W	YGL099W
YKL028W	YOL051W
YER128W	YLR181C
YDR365C	YGL123W
YJL030W	YPL058C
YIL061C	YMR125W
YER118C	YOR311C
YGL059W	YGR038W
YDR469W	YLR015W
YPL031C	YPL049C
YHL050C	YNL255C
YGR085C	YNL112W
YGL076C	YLR075W
YOL040C	YPL090C
YHL034C	YMR125W
YJL039C	YLR018C
YNL273W	YOL006C
YHR129C	YPL174C
YOR290C	YOR369C
YML086C	YPL004C
YDL090C	YKL019W
YLR007W	YNL255C
YDR074W	YNL154C
YMR314W	YPL144W
YAR027W	YLR018C
YDL236W	YNL255C
YJL140W	YOL005C
YMR216C	YNL277W
YGL242C	YKR099W
YOR254C	YPL076W
YHR084W	YML065W
YGR252W	YHR079C
YJL123C	YOL109W
YJR082C	YOL061W
YML065W	YPR052C
YBR109C	YLR433C
YBR097W	YPL120W
YOR361C	YPL001W
YDR174W	YPR175W
YCR087C-A	YNL255C
YEL018W	YHR099W
YGR158C	YOL021C
YGR214W	YLL036C
YAL005C	YCL037C
YMR114C	YNL255C
YBL045C	YNR017W
YBL085W	YDR239C
YGL137W	YPL246C
YLR350W	YOR016C
YGL011C	YHR052W
YDR174W	YNR051C
YER012W	YMR276W
YNL289W	YPL031C
YBL003C	YDR496C
YDR164C	YLR208W
YDR101C	YGL076C
YBR031W	YJL190C
YBR251W	YGR150C
YDL055C	YLR048W
YKL143W	YMR047C
YBL007C	YDR423C
Q0130	YLR203C
YGR233C	YPR049C
YDL031W	YER006W
YBR109C	YLR212C
YBL023C	YNL307C
YHL007C	YMR153W
YCR063W	YHR165C
YFR004W	YGR232W
YDR301W	YKL059C
YJL030W	YOR026W
YDL209C	YKL095W
YHR197W	YMR229C
YGR252W	YKR008W
YKR048C	YNL078W
YNR023W	YOR290C
YGL059W	YIL107C
YML065W	YPL090C
YDR240C	YMR125W
YDR272W	YEL040W
YBR010W	YDR440W
YHR079C	YPR091C
YBL038W	YCL014W
YAL009W	YHR004C
YHR012W	YJL187C
YER140W	YOR154W
YER125W	YLR392C
YGL137W	YNL181W
YER154W	YGL137W
YDL014W	YPL220W
YDL204W	YNL154C
YAR007C	YIL126W
YGR195W	YOR001W
YER105C	YMR153W
YBR160W	YGR270W
YDR035W	YLR355C
YBR117C	YPR074C
YNL265C	YOL142W
YGR048W	YPL269W
YER125W	YMR182C
YAL005C	YGR173W
YGL123W	YOR117W
YBL085W	YCL024W
YJL109C	YMR229C
YFL017C	YMR117C
YJR007W	YMR146C
YJR159W	YML064C
YBL060W	YJL047C
YFR004W	YPL031C
YGL051W	YMR011W
YKL186C	YMR125W
YDR299W	YNL255C
YGL076C	YPL085W
YMR087W	YNL135C
YNL263C	YPR028W
YDL043C	YHR165C
YDL165W	YNL025C
YHR133C	YNL279W
YGR077C	YNL214W
YER105C	YOR098C
YIR010W	YPL143W
YNL255C	YPL220W
YJL081C	YJL098W
YLR439W	YNL252C
YHR022C	YOR032C
YAR023C	YHL048W
YGL076C	YKL180W
YGL059W	YKR048C
YBL010C	YPL018W
YDR142C	YDR188W
YLR449W	YNR051C
YJR145C	YOR096W
YIL107C	YML065W
YKL171W	YPR181C
YFR004W	YPL111W
YNL255C	YPL139C
YKR068C	YLR328W
YBL003C	YJR145C
YFR001W	YHR052W
YDL173W	YNL183C
YDR264C	YOL016C
YIL126W	YNL255C
YGR215W	YJR101W
YDR335W	YOL051W
YDL065C	YDR244W
YLR424W	YMR229C
YNL255C	YOR042W
YDR388W	YLR436C
YIR002C	YJL092W
YDR381W	YOR270C
YDR388W	YNL243W
YBR109C	YKL122C
YDR381W	YPL227C
YBR286W	YFR034C
YCL011C	YIR010W
YBR031W	YOL061W
YDR002W	YFR004W
YDR318W	YLR315W
YJL010C	YPR137W
YDR497C	YPL058C
YAR007C	YFR013W
YDR293C	YHR135C
YFL009W	YKL159C
YDR101C	YLR449W
YDR092W	YHR115C
YDR176W	YPR008W
YBR220C	YOL016C
YNL069C	YOR117W
YML074C	YNL255C
YDR100W	YLL048C
YDR174W	YML065W
YBR139W	YER062C
YLR264W	YNL255C
YIL010W	YPL031C
YEL055C	YOR294W
YLR325C	YOL127W
YIR017C	YLR423C
YFR004W	YFR053C
YDL043C	YER113C
YBR136W	YOR181W
YDR412W	YKL009W
YJR057W	YMR270C
YJL020C	YLR332W
YER172C	YKR086W
YDL123W	YHR094C
YGR252W	YOR023C
YGL245W	YNL307C
YJL140W	YOL120C
YGR148C	YHR197W
YFL036W	YJR045C
YDR142C	YIL160C
YGR085C	YIR010W
YJL001W	YMR314W
YHR135C	YJR092W
YER017C	YFL018C
YJL073W	YML065W
YMR106C	YPR003C
YER165W	YER172C
YCL027W	YPL038W
YDR002W	YOR233W
YBR154C	YER125W
YER105C	YLR018C
YDL083C	YGL030W
YKL095W	YPR101W
YPL042C	YPR168W
YHR135C	YMR153W
YHR010W	YNL175C
YBR273C	YKL213C
YBR173C	YNL255C
YHL015W	YKL014C
YLR291C	YOR095C
YMR121C	YNL124W
YDR142C	YGL153W
YBR183W	YPL076W
YHR052W	YHR085W
YHR068W	YJR047C
YHR064C	YJL080C
YBR094W	YPL031C
YBL003C	YGR159C
YBR170C	YOL013C
YLR433C	YMR246W
YDR381W	YGL237C
YGL023C	YPL031C
YDR392W	YPL001W
YDR388W	YOL058W
YBR111C	YPL070W
YER006W	YLR106C
YOL041C	YOR233W
YER020W	YNL283C
YAL005C	YJL006C
YBR127C	YPR116W
YDL072C	YKL065C
YML091C	YML111W
YLR074C	YLR397C
YLR439W	YNL177C
YDR388W	YPR093C
YIL062C	YMR109W
YLR002C	YMR049C
YKL117W	YNL255C
YOL018C	YOR327C
YIL103W	YKL048C
YBL045C	YMR059W
YDR507C	YKR048C
YML010W	YMR229C
YFL049W	YOR290C
YFR004W	YLR351C
YAL005C	YLR200W
YBR194W	YER006W
YIL035C	YPL042C
YDR194C	YIR010W
YDR113C	YNL255C
YKL009W	YLR074C
YKL171W	YNL022C
YDR322C-A	YPR020W
YAR002W	YDR101C
YFR009W	YNL307C
YDL055C	YLR075W
YDR204W	YLR201C
YPL106C	YPR093C
YDR174W	YGL035C
YCL027W	YNL058C
YDL180W	YLR452C
YNL021W	YPR179C
YDR121W	YNL262W
YFL021W	YKL161C
YOR290C	YPR034W
YLR096W	YOR100C
YDR381W	YPL195W
YBL007C	YGL237C
YAL029C	YKL185W
YFR001W	YGL147C
YMR117C	YPR083W
YBR183W	YHL048W
YBL011W	YBR002C
YBL007C	YLR106C
YDR171W	YJL130C
YBR247C	YPR144C
YHR016C	YKL109W
YDR496C	YNL230C
YDL127W	YDR388W
YDR283C	YNL183C
YJL098W	YNL289W
YKL025C	YNL289W
YLR423C	YPR049C
YGL112C	YMR043W
YOR093C	YPR144C
YEL009C	YER022W
YDR036C	YLR397C
YDL065C	YGR052W
YGL190C	YJL111W
YLR191W	YOR181W
YBR253W	YPL129W
YHR079C	YLR429W
YBL084C	YGL016W
YJL138C	YNR051C
YAL005C	YOR048C
YBL003C	YLR276C
YGL206C	YLR370C
YGR287C	YLR096W
YMR294W	YPL174C
YER165W	YMR229C
YPR049C	YPR110C
YDL081C	YGR209C
YIL062C	YLR370C
YOL058W	YOR117W
YLR079W	YNL255C
YDR418W	YIR010W
YGL223C	YNL051W
YBR251W	YNL022C
YAL041W	YIL079C
YOL120C	YPL143W
YOL001W	YPR115W
YGL123W	YNL110C
YFR004W	YNR043W
YHL015W	YIR010W
YBR010W	YNL206C
YDR012W	YEL034W
YDL005C	YPR070W
YCL037C	YMR125W
YDR440W	YOR294W
YGL137W	YNL255C
YGL212W	YPR171W
YGR138C	YOR153W
YPL076W	YPR028W
YDR337W	YPL013C
YMR171C	YPL031C
YFL034W	YNL255C
YLR002C	YNL002C
YJL034W	YPL085W
YGR254W	YHR152W
YER139C	YKR081C
YFR004W	YLR243W
YOR027W	YOR117W
YKL051W	YNL283C
YDR414C	YML038C
YDL115C	YHR135C
YHR123W	YPL246C
YBR282W	YLR439W
YKL028W	YNL255C
YDR200C	YPL130W
YBL011W	YFL033C
YBL027W	YOR096W
YDL055C	YIL070C
YCL034W	YHR114W
YDR427W	YKL145W
YBR031W	YMR049C
YBL023C	YGR270W
YEL055C	YGL237C
YNL096C	YOL040C
YGR056W	YJL092W
YBR109C	YML057W
YBL027W	YGL031C
YDR012W	YMR242C
YDR093W	YNL323W
YMR291W	YPL141C
YIL035C	YML074C
YML110C	YNL154C
YFR016C	YLL021W
YFL049W	YGR275W
YBR247C	YHR169W
YDL060W	YPL042C
YIL131C	YNL272C
YBL007C	YMR253C
YFR031C-A	YOR048C
YNL255C	YOR115C
YJR145C	YLR186W
YBL104C	YDR316W
YDR130C	YFR024C-A
YDL149W	YNL307C
YNL163C	YNL255C
YBR109C	YGL242C
YDR244W	YOL044W
YDR324C	YLR409C
YBR079C	YOL087C
YDR303C	YLL024C
YDL236W	YLR420W
YAL032C	YPL151C
YDL008W	YDR260C
YDR070C	YFL017C
YBL039C	YPL031C
YOR117W	YOR341W
YDR418W	YHL001W
YFR031C-A	YPL009C
YHR010W	YKL180W
YML098W	YNR051C
YLR370C	YMR109W
YGL016W	YKL058W
YDL168W	YLR002C
YEL051W	YGR120C
YAR027W	YAR028W
YDL047W	YMR205C
YCR042C	YGL112C
YBL003C	YDR207C
YKR081C	YOL144W
YGL137W	YJL151C
YDR388W	YNL086W
YBR154C	YPR086W
YAL010C	YFL048C
YFR004W	YPR110C
YDR293C	YKR028W
YBR002C	YKL140W
YER129W	YKL042W
YIL126W	YLR113W
YML065W	YNL110C
YJL187C	YOR101W
YFR004W	YLL026W
YBR200W	YMR183C
YBR107C	YGR052W
YBR031W	YJR145C
YDR228C	YNL069C
YDR121W	YGR270W
YJL190C	YNL124W
YLR360W	YPL120W
YHR135C	YPL171C
YBL084C	YIR023W
YER164W	YML010W
YDR130C	YOL040C
YGR031W	YJR089W
YDR451C	YMR043W
YJL190C	YOR204W
YIL159W	YOR122C
YER173W	YJR068W
YLL036C	YOR159C
YGL061C	YGR113W
YLR148W	YOL018C
YGL119W	YPL026C
YBR035C	YFR004W
YKR034W	YPL018W
YHR174W	YJL030W
YBL072C	YBR079C
YLR080W	YNL287W
YDR412W	YMR242C
YLR291C	YLR377C
YDR412W	YNL301C
YLR312W-A	YNL005C
YDL031W	YIR010W
YDR418W	YGL076C
YBR136W	YOR027W
YKR081C	YML065W
YNL255C	YPL143W
YER022W	YHR058C
YNL255C	YPR137W
YHR114W	YPL246C
YDR174W	YNL255C
YDR365C	YHR089C
YCL037C	YDL055C
YJL187C	YNL277W
YBR160W	YGR014W
YDR080W	YGL212W
YFR001W	YPL198W
YDR381W	YLR249W
YNL307C	YPR089W
YGL066W	YPR070W
YDR519W	YNL255C
YKL065C	YLL028W
YBL003C	YER116C
YBR191W	YJL177W
YER059W	YLR190W
YKL159C	YMR139W
YNL069C	YNL124W
YDR412W	YNL110C
YBR191W	YGL123W
YDR429C	YMR146C
YGL076C	YJL190C
YBR125C	YPL001W
YGR159C	YKL014C
YDR172W	YLR109W
YKL009W	YMR049C
YJR050W	YNL255C
YHR111W	YPL070W
YDR324C	YLR175W
YDR479C	YLR350W
YDR130C	YGL076C
YLR325C	YNL255C
YJL176C	YPR052C
YFR024C-A	YLR422W
YCR043C	YDR100W
YLR291C	YMR246W
YIR010W	YMR093W
YIL109C	YLR208W
YGR214W	YOR197W
YEL046C	YPL249C
YNL255C	YOR173W
YIL041W	YOL018C
YDR227W	YER105C
YDL031W	YNL175C
YDR143C	YMR116C
YFL009W	YKL185W
YDR172W	YFR004W
YCL024W	YDR162C
YBR154C	YPR110C
YBL072C	YDR429C
YBL090W	YGR215W
YML064C	YMR226C
YGR252W	YMR205C
YBR162C	YOR233W
YCL024W	YNL272C
YDR329C	YGL153W
YDL031W	YLR449W
YMR093W	YPL217C
YGL229C	YPL180W
YGR014W	YJL030W
YGL030W	YNL175C
YMR049C	YNL124W
YDR101C	YHR197W
YBR031W	YGL030W
YDL207W	YPL020C
YAL042W	YIR010W
YLL024C	YLR384C
YMR160W	YMR304W
YDR412W	YPL143W
YLR096W	YOL054W
YFR010W	YLR096W
YFL054C	YPL031C
YMR205C	YPR080W
YLR018C	YPL031C
YMR146C	YNL287W
YHR197W	YOL120C
YJL014W	YJL176C
YJL030W	YNL218W
YDR299W	YPR144C
YJR145C	YMR229C
YJL014W	YLR220W
YER078C	YGL059W
YHL048W	YPL092W
YGL003C	YIL142W
YDR412W	YOL127W
YDR507C	YFR027W
YAL015C	YJR068W
YLL024C	YOL006C
YHR190W	YML008C
YBL003C	YHR052W
YNL154C	YNL272C
YDR153C	YPR189W
YBL105C	YGR221C
YDR390C	YGR048W
YBR200W	YGR152C
YGL059W	YMR086W
YPL031C	YPL139C
YDL060W	YOR204W
YBR160W	YLL021W
YHR059W	YIL070C
YDR080W	YLR148W
YBR142W	YDL168W
YAL029C	YLR249W
YIL035C	YJL080C
YDR028C	YNL009W
YFR004W	YKL152C
YKL042W	YNL078W
YGL210W	YML086C
YBR247C	YLR264W
YKL014C	YMR049C
YER020W	YGL245W
YNR051C	YPL249C-A
YDR381W	YNL255C
YHR010W	YMR031C
YFR004W	YNL010W
YNL154C	YNL218W
YDR172W	YPL106C
YOR181W	YPL085W
YJL099W	YPR080W
YGL137W	YIL142W
YBL027W	YFR004W
YAL038W	YIR010W
YKR081C	YMR242C
YDL055C	YFR031C-A
YDR188W	YLR075W
YCR087C-A	YIR010W
YMR223W	YOL148C
YOR042W	YOR181W
YDR429C	YHL015W
YIL109C	YLR245C
YIL094C	YNL313C
YGR192C	YOR014W
YDR171W	YOL083W
YIL042C	YJL098W
YEL051W	YKL080W
YDR418W	YFR004W
YDL083C	YKL082C
YGR111W	YHR135C
YDL083C	YGL123W
YDR162C	YMR299C
YBR247C	YKL159C
YJR065C	YLR203C
YGR054W	YOL117W
YHL034C	YOL041C
YDR381W	YML010W
YHR135C	YNL304W
YML064C	YMR106C
YGL240W	YNL025C
YBR031W	YNL069C
YBR247C	YJL109C
YDR471W	YNL112W
YDL168W	YMR229C
YCL024W	YGR021W
YBR106W	YHR133C
YOR096W	YPL198W
YJL039C	YPR080W
YER139C	YLR293C
YBR107C	YOL054W
YMR116C	YPR189W
YDR420W	YOR153W
YBL007C	YDR520C
YDR356W	YPL180W
YFR038W	YHR135C
YDR322W	YLR439W
YIR019C	YMR284W
YDR207C	YDR381W
YBL007C	YER118C
YBR187W	YGL137W
YKR006C	YML065W
YKR081C	YNL002C
YBL061C	YGR214W
YBL105C	YBR160W
YDL055C	YPL249C-A
YNL058C	YNL307C
YBR253W	YPL248C
YDR388W	YHL008C
YCL008C	YHR016C
YKL014C	YNL110C
YGL030W	YPR189W
YGL179C	YJL084C
YHR041C	YOR159C
YDR324C	YDR365C
YDR246W	YDR407C
YLR075W	YPL198W
YEL009C	YPR034W
YKL166C	YOR068C
YBR160W	YER129W
YHR187W	YLR384C
YDR429C	YNL255C
YKL145W	YMR276W
YNL307C	YPR013C
YDR497C	YDR501W
YDL131W	YFR004W
YDR130C	YPR163C
YBL045C	YPR191W
YLR131C	YNL307C
YMR216C	YOL021C
YDL015C	YML085C
YDL200C	YHR033W
YHR135C	YNL173C
YJL039C	YKL152C
YFR004W	YMR315W
YNL255C	YPR037C
YIR010W	YOR204W
YGL011C	YGR097W
YOR204W	YPR119W
YBL023C	YPL144W
YLR191W	YNL206C
YFR004W	YML010W
YBL027W	YOL040C
YOR327C	YPL270W
YDR365C	YKL015W
YLL036C	YPL151C
YMR093W	YOR145C
YDR051C	YNL255C
YDR246W	YMR218C
YLL036C	YLR323C
YIL125W	YMR242C
YGL076C	YNL255C
YGL179C	YOR251C
YIL091C	YJL069C
YGL066W	YPL047W
YLL024C	YOL033W
YDR501W	YKL051W
YHR069C	YOL021C
YBR160W	YER075C
YBL003C	YGR275W
YDR129C	YJL138C
YER172C	YJR050W
YKL009W	YOL120C
YML008C	YOR117W
YNL255C	YOR239W
YGR252W	YHR041C
YJR002W	YNL096C
YHR052W	YLR449W
YKR048C	YPL090C
YKL166C	YLR043C
YBR251W	YDR036C
YDR247W	YGR200C
YCR007C	YPL020C
YDR301W	YDR381W
YBL013W	YBR160W
YKR042W	YNL255C
YDL031W	YKL009W
YJL052W	YLR320W
YNL255C	YOR117W
YOL025W	YOL133W
YKL068W	YPR119W
YBL020W	YDR479C
YDR412W	YLR075W
YBR142W	YGR085C
YIR010W	YOR127W
YGR113W	YLR423C
YOL005C	YPL129W
YMR242C	YNL255C
YHR052W	YMR229C
YNL289W	YOR032C
YDL090C	YKL152C
YDR169C	YLR249W
YCR021C	YLR332W
YDR496C	YKL014C
YOR193W	YPL112C
YLR457C	YPL255W
YGR233C	YLL050C
YDL146W	YKL070W
YJR076C	YJR092W
YBR031W	YHR197W
YHR064C	YKL116C
YKL186C	YOR098C
YKL142W	YOL016C
YDR092W	YNL116W
YIL062C	YNL255C
YKL058W	YOL051W
YJL052W	YLL036C
YEL032W	YGL201C
YOL006C	YOR009W
YMR146C	YOL061W
YLR175W	YPL009C
YHR152W	YPR018W
YKL068W	YPL125W
YLL026W	YLR249W
YGL076C	YOL041C
YDL043C	YMR304W
YBR010W	YNL255C
YCR021C	YPL058C
YER059W	YPL046C
YLR096W	YOL083W
YLR422W	YOL108C
YER118C	YKL221W
YJR145C	YML056C
YLL013C	YML091C
YFR039C	YNL006W
YFL038C	YKR068C
YGL066W	YMR223W
YHR135C	YNL073W
YLR113W	YOL148C
YBR214W	YLR079W
YDR143C	YLR106C
YJR072C	YNL289W
YBR106W	YGR138C
YKL061W	YNL255C
YGR129W	YPR101W
YBR290W	YPR028W
YML065W	YPL079W
YER141W	YJL092W
YBR160W	YDL056W
YBR251W	YNR037C
YFR001W	YKL009W
YHR083W	YNL092W
YNL255C	YPR173C
YBR127C	YKL080W
YMR180C	YNL154C
YIR010W	YJL081C
YDR312W	YJL187C
YGL111W	YGR097W
YBL027W	YLR287C-A
YDR472W	YKR068C
YDR359C	YJR082C
YDR171W	YJR148W
YBR109C	YBR218C
YDL083C	YNR051C
YGL066W	YLL026W
YAR007C	YNL124W
YDR227W	YIL075C
YDR412W	YMR049C
YEL044W	YNL255C
YKL006C-A	YMR215W
YER125W	YKL150W
YDR002W	YNL307C
YBR042C	YNL154C
YDL031W	YLR002C
YHR135C	YMR297W
YCL061C	YNL273W
YDL190C	YMR276W
YHR090C	YJR082C
YNL255C	YOL129W
YHL009C	YPL031C
YDL239C	YKR034W
YNR010W	YPR168W
YJL106W	YPR115W
YDL055C	YFR004W
YAL054C	YAR035W
YER006W	YNL110C
YDR101C	YHR085W
YCL037C	YDR293C
YHR104W	YNL154C
YDL165W	YML098W
YAL032C	YLL036C
YDR130C	YIR010W
YCL056C	YNL131W
YDR388W	YNL206C
YPL129W	YPR168W
YCR063W	YML049C
YEL051W	YLR291C
YLR016C	YPL031C
YBL052C	YOR064C
YBR127C	YGL227W
YGR085C	YHL015W
YGR215W	YNR037C
YGL059W	YMR196W
YOL016C	YOR057W
YDL065C	YLR324W
YLR233C	YOR319W
YJL190C	YLR075W
YLR455W	YOR294W
YIL126W	YMR033W
YGR089W	YLR086W
YML111W	YMR229C
YDL132W	YFL009W
YDL015C	YGR284C
YAL043C	YDR228C
YLR377C	YML050W
YDL060W	YGR081C
YDR293C	YOR204W
YAR007C	YJR144W
YNL307C	YOL125W
YHR089C	YOR204W
YCR076C	YGL137W
YBL038W	YOR290C
YGR052W	YLR258W
YJR049C	YPL026C
YGR186W	YOL005C
YHR042W	YNL289W
YCL027W	YIL159W
YGR057C	YIL109C
YDR386W	YGL163C
YFL039C	YPL129W
YLR423C	YOR353C
YKR081C	YPR045C
YHR135C	YLR134W
YJL112W	YKL068W
YHR099W	YKL109W
YGL179C	YGR038W
YIL095W	YLR191W
YCR042C	YOL051W
YBR194W	YGL245W
YKL053C-A	YNL255C
YJL109C	YPR137W
YCR073W-A	YNL255C
YDR280W	YPR189W
YGR082W	YMR299C
YDL207W	YHR174W
YBR107C	YBR211C
YBR106W	YDR331W
YDL165W	YNR051C
YDL015C	YDL206W
YGR084C	YGR215W
YJL106W	YMR229C
YER057C	YFR004W
YNL279W	YOL108C
YDR229W	YJR068W
YDR412W	YHR052W
YIL035C	YML065W
YBR160W	YPR175W
YFR001W	YIR010W
YBR083W	YFL009W
YER012W	YFR010W
YAL038W	YDL116W
YBR160W	YNL278W
YNL255C	YOL038W
YER165W	YIR010W
YPL031C	YPR106W
YFL036W	YIR010W
YGL245W	YPR110C
YDL130W	YNL255C
YPL266W	YPR137W
YGL237C	YLR114C
YIL159W	YJL020C
YGR215W	YNL255C
YIR010W	YJR007W
YDR170C	YKR021W
YBR234C	YJR065C
YOL051W	YPR070W
YMR125W	YMR240C
YJL092W	YPL121C
YKL166C	YMR184W
YJR140C	YOR038C
YKL185W	YMR263W
YAL005C	YPR140W
YDR411C	YGR048W
YAL038W	YDR335W
YDR118W	YLR401C
YDR135C	YGL181W
YDL223C	YGL059W
YLR312W-A	YPL173W
YBR106W	YJL117W
YDL137W	YPR110C
YDR318W	YJR135C
YLL019C	YOL041C
YJL063C	YLR312W-A
YIL152W	YLR423C
YBL003C	YDR463W
YBL038W	YMR024W
YBR160W	YGR221C
YHR007C	YHR094C
YJL010C	YPR112C
YJL138C	YPL125W
YKL059C	YPL008W
TL(UAA)J	YDR362C
YBR247C	YDR324C
YLR138W	YNL255C
YBR136W	YGL245W
YBL031W	YDR318W
YAR007C	YGR270W
YJL001W	YOL038W
YFR004W	YNL183C
YFR009W	YJL189W
YNR051C	YOR361C
YIL125W	YMR072W
YDR471W	YJL190C
YIL071C	YOL117W
YKR006C	YLR312W-A
YFR034C	YKL145W
YNL110C	YPR143W
YEL026W	YLL036C
YCL036W	YNL255C
YDL130W	YNR051C
YNL301C	YNR051C
YFL026W	YOR212W
YKL142W	YOL059W
YHL011C	YKL181W
YDR414C	YOL075C
YHR135C	YJR019C
YML077W	YMR218C
YGR159C	YJL187C
YDR316W	YFL053W
YBL072C	YOR096W
YHR135C	YIR003W
YDL031W	YLR276C
YBR282W	YPL173W
YBR160W	YCL014W
YDR418W	YOR096W
YHL001W	YMR052W
YBL072C	YHL015W
YKL007W	YOR181W
YGR277C	YNL255C
YGR270W	YOR204W
YPL217C	YPR112C
YKL033W-A	YNL255C
YER118C	YKR027W
YIL109C	YLR268W
YDL055C	YOR117W
YKL166C	YLR044C
YBR160W	YIR031C
YDR293C	YDR501W
YDR458C	YJL092W
YGL201C	YNL273W
YDR212W	YGL137W
YHR052W	YOR294W
YNL025C	YPL248C
YDR453C	YMR059W
YDL141W	YGL105W
YBR253W	YGR104C
YJR145C	YMR242C
YER006W	YNL002C
YGL156W	YOL083W
YLR106C	YOL108C
YHR033W	YML064C
YDL209C	YPR101W
YBR106W	YDL093W
YJL014W	YPL112C
YHR135C	YLR098C
YDR429C	YPR163C
YDL239C	YLR072W
YDR418W	YGR085C
YBR106W	YNL130C
YLR384C	YMR312W
YEL009C	YOR290C
YDL188C	YGL011C
YBL027W	YNL096C
YBR247C	YMR229C
YMR116C	YNL308C
YER122C	YPL246C
YDR315C	YLR323C
YDR195W	YGR156W
YIL142W	YNR051C
YAR062W	YNL255C
YDL055C	YKR048C
YDR365C	YLR175W
YBR010W	YOL012C
YDR229W	YDR388W
YAL032C	YMR125W
YNR051C	YPL106C
YDR412W	YLR449W
YBL003C	YNL255C
YGL190C	YLR249W
YDR471W	YGL030W
YDL043C	YMR117C
YMR033W	YPR034W
YAL005C	YIR002C
YPL090C	YPR175W
YHR008C	YOL016C
YGL016W	YGR180C
YBR002C	YPR113W
YGL053W	YPL020C
YNL073W	YPL106C
YOL126C	YPL180W
YHR174W	YPL031C
YNL180C	YNL183C
YDR176W	YMR223W
YML106W	YOR117W
YGR284C	YHR142W
YBR069C	YGR284C
YHR010W	YLR074C
YBL051C	YKR096W
YML056C	YNR051C
YDL014W	YIR010W
YFL026W	YPL187W
YDR076W	YHR033W
YKR018C	YPL031C
YDR129C	YFR004W
YAL053W	YOR153W
YBL027W	YNL255C
YGL087C	YMR140W
YBR142W	YNL002C
YCL045C	YML051W
YDR264C	YIL048W
YGL263W	YLR272C
YMR167W	YPL164C
YDR296W	YNL005C
YDR028C	YNL289W
YBL007C	YCL034W
YBL003C	YJL006C
YGL016W	YOR185C
YOR001W	YOR076C
YNL313C	YOR117W
YDR496C	YLR002C
YDR429C	YOL087C
YDR130C	YDR418W
YER125W	YLR079W
YGL105W	YMR216C
YOL107W	YPL141C
YER139C	YOR151C
YML010W	YPL032C
YBR069C	YDR427W
YGL233W	YNR049C
YJL098W	YOR204W
YER178W	YIL042C
YNL085W	YNL250W
YDR129C	YFL039C
YCR063W	YKR086W
YGL210W	YOR070C
YGR146C	YML051W
YIL075C	YOR117W
YBR136W	YHR114W
YIL094C	YMR106C
YGL031C	YNR051C
YGL111W	YML065W
YDR153C	YHR135C
YGR090W	YNL230C
YDL132W	YER007W
YNL255C	YPL207W
YBL039C	YIL094C
YKR088C	YPL246C
YNL001W	YNL154C
YBR248C	YFR004W
YAL005C	YGL043W
YAR007C	YOL012C
YFR053C	YPR042C
YMR165C	YOL001W
YBR097W	YDR388W
YLR117C	YNL286W
YHL001W	YOL040C
YKL042W	YPR120C
YBR010W	YHR090C
YCL024W	YGL245W
YOL021C	YPR110C
YCR097W	YNL255C
YDL056W	YMR197C
YDR356W	YJR042W
YDR247W	YMR216C
YFR001W	YLR002C
YMR049C	YOL127W
YGL076C	YMR242C
YLR377C	YML064C
YMR200W	YPR159W
YBR160W	YER041W
YKL014C	YNL308C
YBL027W	YKL180W
YDR062W	YGR038W
YHR052W	YNL112W
YMR229C	YOL041C
YGR120C	YJR108W
YGR021W	YHR165C
YBL023C	YNL262W
YGL115W	YGL216W
YDL078C	YDR304C
YMR182C	YNL255C
YHR135C	YOR083W
YGR167W	YKL069W
YDR418W	YHR010W
YIL066C	YML058W
YKR062W	YPR052C
YIL035C	YOL016C
YDR188W	YPL106C
YBL075C	YCR043C
YER012W	YLR290C
YGR153W	YJL187C
YHL003C	YHL048W
YDL188C	YGL190C
YOR181W	YOR239W
YLR186W	YOR096W
YGL137W	YLR315W
YIR010W	YMR049C
YBL007C	YLR435W
YGL245W	YPL245W
YGL059W	YKL079W
YGR275W	YNL255C
YER139C	YKL048C
YER139C	YJL130C
YDL055C	YNL259C
YHR152W	YKR069W
YDL054C	YOR315W
YBR069C	YHR064C
YDR418W	YGL031C
YJL109C	YJR145C
YDR057W	YFL048C
YAL015C	YNL255C
YKL181W	YNL183C
YDL090C	YKR048C
YJL111W	YNL154C
YJR072C	YNL255C
YER091C	YJR093C
YHR156C	YHR165C
YGL245W	YKR083C
YDL083C	YOR096W
YKL048C	YOR233W
YBL003C	YDL014W
YGL031C	YNL069C
YBR010W	YDR059C
YHR133C	YPR028W
YFR024C-A	YPR097W
YBL003C	YGR270W
YGR067C	YGR135W
YAL005C	YIL026C
YCR091W	YOL104C
YMR117C	YNL250W
YDL053C	YIR010W
YBR142W	YMR229C
YIL070C	YJR101W
YKL152C	YNL127W
YBR136W	YNL265C
YDR381W	YHR090C
YHR157W	YLR329W
Q0085	YLR295C
YLR287C-A	YNL069C
YDL014W	YJR145C
YGL044C	YGR047C
YDL055C	YJL034W
YKR022C	YPR101W
YAR018C	YHR064C
YHR197W	YNL110C
YFR004W	YLL013C
YLR212C	YNL153C
YOL051W	YPL129W
YMR297W	YPL031C
YDR039C	YLR332W
YDL131W	YFR034C
YCL011C	YFL039C
YDR331W	YJR158W
YBR072W	YBR127C
YBR211C	YDR394W
YHR052W	YKL180W
YJL107C	YJR091C
YDR365C	YKR081C
YHL032C	YPL004C
YHR041C	YPR168W
YIR037W	YLR345W
YEL019C	YLR383W
YDL014W	YER164W
YGL237C	YIL070C
YBR107C	YPR049C
YIR006C	YLL021W
YMR280C	YNL307C
YDR195W	YMR242C
YHR099W	YPL181W
YGL190C	YJL014W
YDR280W	YHR010W
YGL137W	YPR124W
YGL123W	YKL180W
YDR383C	YPL018W
YIL091C	YJR002W
YDL022W	YOR117W
YDR063W	YDR124W
YDR418W	YPL249C-A
YFR004W	YGL234W
YBL003C	YDR381W
YJL080C	YOR153W
YGR089W	YNL153C
YFR010W	YKL007W
YAL005C	YMR109W
YEL051W	YGR198W
YLR025W	YNL255C
YDR529C	YHR114W
YDR224C	YDR303C
YDR214W	YOR027W
YFR034C	YLR418C
YLR291C	YOR081C
YNR051C	YPR102C
YHL048W	YNL130C
YNL154C	YNR019W
YHR135C	YJL039C
YDR130C	YJL177W
YIL070C	YPL141C
YDR427W	YMR276W
YDR264C	YNL154C
YIL035C	YMR229C
YDR381W	YEL026W
YJL084C	YMR139W
YBL104C	YEL062W
YCL008C	YFR024C-A
YLR074C	YOL127W
YDR330W	YGR268C
YKL116C	YPL031C
YDL132W	YEL060C
YAL005C	YBL075C
YNR049C	YPL232W
YBR031W	YHL034C
YHR169W	YIL125W
YPL242C	YPR171W
YKL068W	YPL169C
YER131W	YLR333C
YAL005C	YOR117W
YCR063W	YER013W
YGL078C	YHR089C
YGR085C	YOR096W
YGR056W	YMR033W
YAL005C	YDR388W
YHR114W	YLR324W
YDR473C	YER172C
YER057C	YJL148W
YGL105W	YNL021W
YDL008W	YDR113C
YDR418W	YJL190C
YOR294W	YPR045C
YGR270W	YLR455W
YGL030W	YOR096W
YBL104C	YIR010W
YHR165C	YIL061C
YBR052C	YCR004C
YMR276W	YOR117W
YFR034C	YOR096W
YMR068W	YOR233W
YFR037C	YMR072W
YCL063W	YLR423C
YER012W	YFR050C
YBL105C	YOL083W
YDL051W	YKL122C
YGL003C	YPL242C
YLL043W	YLR332W
YGL030W	YKL014C
YBL088C	YLR453C
YIR010W	YJL080C
YGR154C	YHR135C
YDL101C	YPL269W
YBR154C	YPR093C
YBL052C	YGR270W
YEL030W	YML058W
YPL164C	YPR191W
YDR394W	YJR109C
YKL213C	YNL073W
YJL173C	YML032C
YDL111C	YOL142W
YBR247C	YPR102C
YIR007W	YJL130C
YLR045C	YPL269W
YMR129W	YPL106C
YBR160W	YDR123C
YDL014W	YDR496C
YBL003C	YER006W
YDR412W	YPL198W
YBR079C	YJL014W
YBR031W	YBR160W
YBR052C	YKL051W
YJR062C	YPL141C
YFR004W	YMR096W
YBL022C	YKL016C
YDR335W	YPR008W
YFR010W	YGR232W
YGR090W	YIR010W
YDR365C	YMR229C
YDL031W	YPL106C
YAR027W	YML002W
YHL048W	YOL003C
YGL147C	YKL009W
YKR086W	YMR213W
YIL035C	YJR130C
YBR290W	YLR018C
YBL007C	YLR325C
YJL092W	YMR201C
YJR112W	YKL089W
YJL039C	YLR249W
YJL084C	YNL307C
YJR105W	YPL141C
YGL031C	YKL009W
YFL017W-A	YPR101W
YDR130C	YHL015W
YML010W	YNL255C
YBL039C	YFR034C
YLR273C	YNL025C
YJR082C	YPL031C
YLR249W	YOR086C
YDR200C	YMR052W
YHR184W	YPL018W
YMR031C	YNL154C
YBR160W	YDR507C
YJR145C	YNR051C
YDR172W	YPL237W
YBR109C	YNL202W
YKR022C	YMR213W
YDL207W	YOR361C
YMR047C	YPL217C
TL(UAA)J	YGR047C
YNL004W	YNL112W
YHR135C	YMR184W
YNL255C	YPR189W
YLR200W	YNL153C
YBR247C	YJL010C
YGL011C	YOL038W
YJL130C	YOL120C
YGR054W	YPL004C
YHR069C	YNL251C
YDR293C	YNL201C
YJL138C	YMR205C
YHR114W	YJL010C
YNL006W	YOL126C
YKL078W	YOL041C
YDR173C	YMR043W
YER118C	YNL315C
YFR034C	YJL148W
YJL140W	YOR151C
YIL159W	YMR109W
YDR101C	YGL099W
YJL105W	YPL031C
YBR191W	YMR242C
YDR392W	YER164W
YOR181W	YPL106C
YJR101W	YJR113C
YDR330W	YNL154C
YDR212W	YGL208W
YDR507C	YPL058C
YGL031C	YNL124W
YDL014W	YJL069C
YGR085C	YPL198W
YHR052W	YML065W
YLR333C	YML065W
YDR101C	YKL186C
YNL002C	YPR143W
YBL003C	YJR068W
YGR159C	YNL124W
YCR021C	YKL051W
YML010W	YPR163C
YDR212W	YJL106W
YKL009W	YPL198W
YJR093C	YPR074C
YBL023C	YLR096W
YIL149C	YML107C
YGL237C	YJL081C
YHR059W	YLR074C
YBR223C	YGL082W
YFR024C-A	YPL249C
YGL181W	YNL289W
YOR181W	YPR171W
YDR414C	YOR254C
YBR160W	YDR293C
YDR299W	YPL217C
YBL085W	YGL035C
YBR010W	YKL103C
YFR031C-A	YJL177W
YBR035C	YFL033C
YBR079C	YLR048W
YDL012C	YJL065C
YGL059W	YGL205W
YDR412W	YKR082W
YNR043W	YOR057W
YGL066W	YHR099W
YDR297W	YJL117W
YHR115C	YLR215C
YBR109C	YLL051C
YDL143W	YDR214W
YHR152W	YNL134C
YNL144C	YNL255C
YHR114W	YPR052C
YLR450W	YMR022W
YDL051W	YNL255C
YER122C	YLR096W
YLR132C	YNL307C
YEL009C	YPR086W
YHL034C	YNL175C
YDL204W	YGL137W
YGL179C	YNL277W
YDL047W	YLR384C
YDR233C	YIL068C
YKL067W	YMR143W
YDL074C	YNL153C
YBL058W	YFR004W
YDR116C	YLR439W
YLR096W	YPR115W
YML064C	YMR153W
YJR076C	YPL018W
YCL054W	YHR052W
YDR359C	YNL107W
YMR056C	YNR056C
YDR297W	YIL016W
YCL014W	YML010W
YBR010W	YGR056W
YJL080C	YMR059W
YFR004W	YPR074C
YDR135C	YLR425W
YGL202W	YOR117W
YHR064C	YKR038C
YGR152C	YPL161C
YBR264C	YER136W
YBR239C	YHR016C
YNL154C	YPL181W
YGL061C	YKR083C
YFR001W	YPR143W
YDR170C	YJL091C
YHR041C	YKR062W
YMR049C	YOR233W
YGL245W	YIL095W
YDL005C	YGR104C
YFR004W	YLL050C
YLR370C	YNL243W
YDL127W	YFR034C
YDR224C	YKR048C
YLR175W	YNL255C
YIL075C	YOL038W
YGR108W	YPR119W
YGR158C	YOR001W
YBR194W	YHR174W
YKR022C	YML106W
YDR258C	YPL138C
YBL007C	YBR234C
YGL030W	YML065W
YAL005C	YFR004W
YHL034C	YNL255C
YER118C	YOR254C
YCR091W	YDL039C
YNL135C	YOR117W
YFR004W	YGR123C
YDR318W	YIR010W
YDL053C	YHR135C
YDR224C	YDR334W
YDL005C	YPR168W
YFL033C	YIL126W
YHL007C	YMR116C
YJL107C	YNL255C
YGL237C	YNL063W
YMR242C	YNR051C
YDR012W	YIR010W
YGR090W	YOR294W
YML035C	YPL070W
YJR002W	YMR229C
YDL060W	YPL090C
YEL030W	YJL138C
YHR114W	YNL154C
YGR220C	YLR189C
YAL029C	YBR109C
YHR084W	YPL042C
YBR010W	YDR174W
YGL030W	YLR074C
YLR148W	YML058W
YER041W	YPR120C
YDR228C	YHR216W
YHR188C	YPL076W
YER113C	YER118C
YIR010W	YPR110C
YDR194C	YNL230C
YDR214W	YML085C
YAR028W	YJL097W
YJL190C	YOL127W
YIR010W	YOL144W
YNL272C	YNL307C
YBR160W	YJL084C
YBR160W	YJR083C
YHR010W	YKR081C
YFR034C	YGL123W
YER178W	YFR004W
YJR002W	YMR093W
YFR024C-A	YOR042W
YKR048C	YOR032C
YNR012W	YPL031C
YJL092W	YLR429W
YGR037C	YLR191W
YCR043C	YDR381W
YDL212W	YLL061W
YGR104C	YOL051W
YER022W	YPL129W
YDR314C	YLR429W
YBR194W	YGR132C
YKL150W	YPR154W
YBR031W	YPR129W
YIL070C	YOR119C
YFL039C	YMR092C
YGL147C	YIR010W
YDR174W	YOL004W
YKR048C	YOL012C
YEL005C	YNL086W
YJL111W	YOR117W
YMR109W	YNL025C
YAL032C	YKL095W
YFR004W	YOR251C
YER136W	YFL038C
YMR201C	YNL255C
YHR142W	YJL187C
YHR156C	YJL187C
YBL079W	YMR153W
YBR023C	YHR123W
YBR127C	YOR181W
YNL130C	YNL336W
YHR084W	YMR164C
YGL202W	YPL106C
YLR045C	YML085C
YDR130C	YML123C
YDR507C	YLR345W
YAL005C	YHR117W
YDR388W	YFR030W
YNL069C	YPL198W
YDR285W	YLR394W
YGL233W	YIL068C
YHR052W	YHR197W
YER012W	YOL038W
YGR275W	YMR033W
YDR212W	YOR212W
YDR479C	YGL065C
YMR229C	YOR341W
YDR106W	YHR129C
YLR258W	YMR139W
YER091C	YOL013C
YLR084C	YLR353W
YML091C	YPR116W
YBR160W	YCL027W
YBR160W	YJR045C
YDL116W	YER116C
YER172C	YLR117C
YLR117C	YMR213W
YDL200C	YDR214W
YOR290C	YPL129W
YHR197W	YLR002C
YBR282W	YDR296W
YEL054C	YGL099W
YIL075C	YJL001W
YDR196C	YNL255C
YKL009W	YKL180W
YBR160W	YDR130C
YBR031W	YDR418W
YGL111W	YKL009W
YDL227C	YLL013C
YIL016W	YMR215W
YHR016C	YJL151C
YDR471W	YMR242C
YFR001W	YNL110C
YDR386W	YPR181C
YLL036C	YNL286W
YHR167W	YIL075C
YHR111W	YML110C
YDR162C	YHL007C
YKL007W	YLR429W
YGR052W	YLR072W
YGL099W	YOR096W
YML074C	YNL110C
YLR330W	YMR010W
YIL096C	YKL171W
YOL012C	YPL127C
YGR192C	YGR270W
YGR054W	YIR010W
YDL101C	YJL092W
YDR388W	YLR243W
YGR090W	YJL069C
YIL150C	YPL018W
YKL042W	YNL225C
YNL104C	YPL031C
YJL109C	YJL190C
YDR244W	YLR191W
YDR381W	YMR229C
YKL116C	YMR052W
YAL005C	YIL075C
YDR296W	YKR006C
YIL097W	YMR135C
YKR081C	YPR143W
YKL065C	YOR254C
YNR047W	YOR353C
YDL052C	YML115C
YDR471W	YPL249C-A
YOR016C	YPL076W
YDR364C	YER013W
YCR030C	YJL098W
YDL099W	YHR135C
YGR135W	YJL001W
YBR079C	YLR199C
YDR507C	YIR008C
YGR187C	YNL255C
YLR423C	YLR424W
YGR084C	YPL013C
YFR004W	YLR304C
YLR312W-A	YML065W
YBR010W	YML102W
YLR298C	YOR159C
YDR507C	YNL078W
YIL035C	YIL118W
YCL045C	YKL207W
YER178W	YGL137W
YLL023C	YPL138C
YIR011C	YKL145W
YHR010W	YPR189W
YBR106W	YHR007C
YGL011C	YPL144W
YDL074C	YOR365C
YDR388W	YJL102W
YDR381W	YGR170W
YDL156W	YJL014W
YAL032C	YDL209C
YNL255C	YOL120C
YDR404C	YER022W
YDR394W	YMR191W
YBR173C	YPL144W
YGL179C	YGR153W
YCL024W	YPL031C
YOR181W	YPR159W
YJR065C	YMR028W
YNR049C	YOR327C
YJR145C	YOR204W
YJL039C	YMR047C
YLR250W	YNL255C
YER118C	YLR425W
YIR010W	YNL308C
YMR146C	YOL087C
YLR249W	YNL059C
YKL152C	YMR109W
YDR412W	YHR010W
YIR010W	YOR038C
YOR187W	YPR052C
YFL005W	YNL255C
YKL216W	YNL255C
YLR452C	YML085C
YCL037C	YJR145C
YHR133C	YNL131W
YGR097W	YMR304W
YBL085W	YBR102C
YMR154C	YOL016C
YER047C	YMR109W
YCL056C	YDL157C
YDR101C	YHR052W
YLR075W	YNL124W
YGL031C	YPL249C-A
YGR152C	YJL014W
YMR042W	YMR043W
YLR075W	YOR096W
YEL062W	YKL048C
YBR160W	YHL007C
YBR253W	YPL042C
YER179W	YPL121C
YNL175C	YNL255C
YEL009C	YPL031C
Q0130	YKL016C
YGL115W	YIL035C
YBL003C	YPL001W
YIL095W	YLR460C
YPL031C	YPL106C
YGR232W	YOR261C
YLR148W	YPL195W
YER136W	YNL135C
YLR106C	YNL255C
YLR355C	YMR072W
YHR010W	YOL120C
YIL142W	YKL198C
YBR107C	YPL018W
YDR224C	YGL058W
YDR240C	YML046W
YLR291C	YPL237W
YHR174W	YNR051C
YFR046C	YMR117C
YLL026W	YOL013C
YDL043C	YPL151C
YDR002W	YLR293C
YER075C	YLR113W
YBL085W	YDR329C
YER101C	YPL031C
YJL106W	YNL073W
YGL147C	YPL249C-A
YBR140C	YMR139W
YFL028C	YPL031C
YLR191W	YOR057W
YDR224C	YNL201C
YNL069C	YNL096C
YJL117W	YML123C
YJL190C	YMR116C
YDR412W	YOL041C
YDR188W	YLR045C
YGR209C	YOR117W
YBR253W	YGR252W
YDR388W	YMR192W
YBR127C	YBR194W
YKL088W	YPR113W
YEL061C	YNR069C
YBR109C	YKL007W
YCR028C	YOR254C
YDL111C	YGR195W
YBL052C	YLR455W
YEL046C	YFR004W
YIL152W	YJL112W
YKL058W	YPR086W
YHL001W	YOR096W
YBL027W	YPL090C
YFL017W-A	YHR165C
YFR004W	YGR234W
YDL101C	YMR105C
YAL029C	YOR035C
YBL020W	YGL011C
YBR079C	YJL140W
YIR010W	YMR033W
YBR221C	YPL151C
YCL028W	YNL025C
YDR226W	YNL154C
YGL003C	YMR304W
YDL014W	YDL168W
YDR211W	YNL265C
YDR412W	YLR059C
YIL071C	YJR007W
YCL008C	YLR417W
YNL135C	YPR119W
YBR031W	YLR175W
YHL007C	YOR028C
YGL076C	YOR096W
YBR128C	YLR360W
YGL112C	YPL047W
YDR388W	YOR181W
YHR064C	YOR081C
YGL059W	YLL029W
YDR171W	YPR144C
YER165W	YGL044C
YBR160W	YPL255W
YOR095C	YOR160W
YBR186W	YHR104W
YGL123W	YML065W
YKL166C	YPL232W
YBR211C	YLR381W
YDR429C	YOR096W
YHR122W	YHR164C
YKL171W	YOL006C
YCL027W	YLR291C
YML091C	YOR355W
YER179W	YLR044C
YDR207C	YOR304W
YIR010W	YOL040C
YKL114C	YNL255C
YJR156C	YLR423C
YJL106W	YPR032W
YJL025W	YLR423C
YDL159W	YDR162C
YBR160W	YKL116C
YBR285W	YNL154C
YDR388W	YHR185C
YBR031W	YIR010W
YMR229C	YMR242C
YDR337W	YIL070C
YDR113C	YDR260C
YML081C-A	YPR020W
YCR042C	YJR093C
YDL212W	YHR094C
YBR010W	YGL035C
YMR024W	YNL005C
YBR198C	YGL112C
YGL063W	YLL050C
YHR041C	YPL042C
YDR479C	YMR024W
YBR247C	YPR112C
YOR117W	YPL028W
YAL005C	YOR086C
YBR023C	YLR330W
YGR194C	YNL265C
YFL026W	YGL206C
YDR143C	YOL155C
YDR101C	YFR031C-A
YPL127C	YPL248C
YBR130C	YNL154C
YGL189C	YLR435W
YDR174W	YLR429W
YDR224C	YJL006C
YFR003C	YNL255C
YBR160W	YGR108W
YBL010C	YKL171W
YBR194W	YML049C
YDR381W	YHL034C
YAL060W	YPL031C
YDL055C	YKL067W
YFR031C-A	YGL123W
YDR085C	YDR381W
YFR049W	YIL125W
YDR331W	YKL065C
YJR056C	YLR096W
YDR280W	YOR076C
YAL053W	YKL028W
YMR125W	YPL169C
YBL003C	YBR247C
YDR359C	YIR001C
YDR172W	YOL011W
YKL166C	YNL093W
YBR160W	YMR199W
YDR365C	YOR294W
YBR142W	YMR242C
YGL059W	YGR266W
YFR004W	YJR070C
YAR027W	YJL097W
YMR024W	YNL255C
YDR381W	YOL004W
YDL031W	YMR049C
YGR192C	YIR001C
YLR201C	YML110C
YFL039C	YPL242C
YDR303C	YPL106C
YBR160W	YLR190W
YBR203W	YKR048C
YGL014W	YNR052C
YHR135C	YKL079W
YJL020C	YML010W
YDR162C	YKR048C
YJL011C	YOL021C
YGR195W	YOL142W
YHR089C	YPL127C
YER033C	YLR096W
YHL007C	YMR049C
YJR002W	YOR096W
YFR004W	YKR018C
YDL137W	YFR004W
YKL161C	YLR096W
YAR018C	YIL070C
YHR094C	YPL265W
YEL054C	YER012W
YBR253W	YOL051W
YDR246W	YML077W
YLR117C	YMR240C
YLR271W	YMR106C
YGL031C	YGR085C
YJR053W	YMR055C
YBL072C	YDL083C
YJL187C	YNL066W
YMR033W	YMR072W
YLR015W	YLR429W
YJL020C	YNL025C
YDR381W	YOR001W
YHR127W	YML065W
YDR073W	YMR033W
YDR130C	YGR192C
YGL059W	YNL263C
YDL212W	YPL076W
YJL148W	YOL006C
YDR404C	YOL005C
YDR404C	YJL014W
YGR084C	YIL067C
YGL061C	YKR048C
YGL254W	YGR047C
YJL091C	YPL076W
YDL132W	YER012W
YDR224C	YER012W
YBL003C	YMR284W
YDR318W	YKL089W
YDR507C	YJR076C
YGL153W	YGR077C
YKL145W	YOR123C
YPL127C	YPR052C
YIR010W	YNL112W
YER006W	YNL255C
YNR051C	YOR096W
YEL018W	YJL014W
YBR160W	YER098W
YDR293C	YGR054W
YGL147C	YJL177W
YLR423C	YPL173W
YJR091C	YOR014W
YBR038W	YNL307C
YIL094C	YML085C
YER122C	YIL035C
YLR249W	YOR123C
YER098W	YOL087C
YDL047W	YDR468C
YHR197W	YLR423C
YDL239C	YLR098C
YJR065C	YLR370C
YNL110C	YNL255C
YJL151C	YML097C
YBL105C	YCL027W
YFR004W	YOR294W
YJR031C	YKR030W
YJL140W	YML010W
YDR404C	YOR151C
YJR016C	YNR051C
YKL145W	YMR191W
YJL029C	YKR020W
YCR073C	YDR170C
YGR158C	YHR069C
YER013W	YNL154C
YDR379W	YPL031C
YER032W	YHR152W
YBR031W	YBR247C
YDR183W	YPL026C
YJR056C	YPL018W
YBR102C	YPR055W
YEL026W	YNL110C
YFR034C	YNL289W
YMR229C	YNR051C
YBL027W	YDR130C
YDR100W	YER101C
YDR244W	YGR077C
YFR004W	YJR072C
YIL033C	YPL031C
YGR004W	YLR324W
YER164W	YOL148C
YGL190C	YKL042W
YKL181W	YMR291W
YGR238C	YJL187C
YBL064C	YLR318W
YGR254W	YNL073W
YDL014W	YDR130C
YEL039C	YFR004W
YFR034C	YOR119C
YBR299W	YPL031C
YKR022C	YLR424W
YHR010W	YKL014C
YPL169C	YPL178W
YHR168W	YKL166C
YDL223C	YHR135C
YDL209C	YLR323C
YAL005C	YOR164C
YJL029C	YJL034W
YLR086W	YLR272C
YAL029C	YFL039C
YCL034W	YOR181W
YDR194C	YNL175C
YBR170C	YNL155W
YDR012W	YPR143W
YKL110C	YLR384C
YLR312W-A	YLR439W
YBL027W	YIR010W
YGL216W	YMR233W
YKL116C	YMR184W
YDL141W	YEL026W
YDR388W	YHR042W
YBL072C	YKL180W
YLR093C	YLR268W
YML065W	YPL036W
YGR048W	YKL042W
YDR130C	YDR318W
YDR224C	YPL047W
YBR109C	YPL242C
YFR004W	YGL030W
YBR191W	YNL255C
YER125W	YHR117W
YLR048W	YNL124W
YOR071C	YOR153W
YGL076C	YLR074C
YDL083C	YKL180W
YDR113C	YDR118W
YOL016C	YPR013C
YDR381W	YNL112W
YLR447C	YOL018C
YER131W	YIL070C
YAL067C	YHR042W
YDR129C	YOR181W
YAL032C	YGR270W
YER101C	YER125W
YKR006C	YNL005C
YJL098W	YPL180W
YOL145C	YOR123C
YDL054C	YOR016C
YHR133C	YIL016W
YGL076C	YHR052W
YLR091W	YPR116W
YDR129C	YDR388W
YDR264C	YMR010W
YKL180W	YMR031C
YBL007C	YLR315W
YBR160W	YIL031W
YER089C	YPL031C
YDR418W	YNL110C
YDL175C	YNL251C
YIL045W	YIL070C
YIL094C	YPL140C
YGR214W	YNL297C
YAL043C	YCR042C
YKL142W	YNL210W
YML051W	YOR197W
YDR496C	YGL076C
YER118C	YFL062W
YNL255C	YPL138C
YER012W	YGL096W
YFL039C	YGR080W
YDL159W	YLR313C
YDR174W	YFR013W
YCL028W	YNR051C
YDR123C	YPL248C
YJL153C	YML086C
YGR258C	YPL141C
YEL054C	YPR102C
YDL055C	YNR051C
YML110C	YNL263C
YDL001W	YIL095W
YDR028C	YLR028C
YHR165C	YKR022C
YBR023C	YDR153C
YPL085W	YPL227C
YGR007W	YNL255C
YHR135C	YNL025C
YHR197W	YMR242C
YIL135C	YPL026C
YDR101C	YER036C
YKL072W	YOL004W
YCL061C	YOL016C
YJL130C	YJR109C
YKL103C	YML064C
YBL067C	YNL255C
YAL041W	YGR152C
YEL034W	YJR070C
YAL056W	YER020W
YLR429W	YMR229C
YNL001W	YOL041C
YDR296W	YDR322W
YDL047W	YDL143W
YKL006C-A	YLR268W
YJR002W	YLR409C
YPL026C	YPR013C
YDL143W	YNL255C
YKL082C	YNL255C
YHL015W	YNL255C
YBL005W	YBR200W
YER089C	YIL033C
YDL212W	YPR181C
YCL028W	YPR168W
YER171W	YML085C
YDL060W	YER006W
YMR072W	YPR052C
YIL070C	YLR429W
YGL148W	YIL035C
YGR187C	YOR133W
YGL179C	YLR030W
YBL023C	YCL061C
YLR096W	YPR181C
YHR135C	YKR022C
YGL147C	YGR232W
YKR081C	YNL230C
YML056C	YPL198W
YBL086C	YLR045C
YOR117W	YPL248C
YDR381W	YJL125C
YEL034W	YHR135C
YHR135C	YPR115W
YDL239C	YMR117C
YDR171W	YLR304C
YJR082C	YPL106C
YLR117C	YPL151C
YBR121C	YFR004W
YFR004W	YOR026W
YGL099W	YLR325C
YIL095W	YOR093C
YER072W	YPL019C
YBR160W	YGR186W
YNL255C	YPL266W
YNL154C	YOR295W
YLR433C	YNL255C
YFR034C	YLR328W
YDR412W	YDR471W
YNL112W	YNR051C
YDR195W	YJR093C
YLR304C	YOR005C
YFR004W	YOR239W
YER105C	YGL201C
YGL223C	YLR423C
YOR361C	YPL051W
YFR004W	YNL287W
YMR297W	YOL013C
YDR429C	YEL034W
YDL154W	YLR394W
YBR097W	YFL053W
YIL135C	YNL307C
YHR133C	YJL187C
YDL043C	YDR240C
YCL037C	YLR369W
YKL014C	YLR276C
YDR297W	YLR350W
YDL083C	YGR085C
YLL004W	YPR018W
YDR255C	YGL227W
YDL188C	YPL106C
YEL009C	YOR023C
YDR501W	YLL028W
YBR280C	YEL060C
YBR031W	YKL166C
YFR031C-A	YLR287C-A
YBL010C	YNL255C
YER125W	YOR018W
YJR056C	YML064C
YMR049C	YOL012C
YDR388W	YGL181W
YHR169W	YMR105C
YHR044C	YLR096W
YJL177W	YPL249C-A
YJR003C	YLR423C
YDR172W	YML005W
YLR109W	YOL059W
YLR048W	YPR129W
YER165W	YGR159C
YPL139C	YPL181W
YBR023C	YHR142W
YJL177W	YLR287C-A
YDR381W	YPR045C
YBR211C	YPL018W
YDL005C	YHR041C
YGR200C	YMR312W
YDR506C	YPR201W
YDL209C	YMR213W
YDR188W	YIL142W
YDR164C	YER036C
YJR053W	YOR233W
YGL115W	YNL183C
YBL003C	YDR224C
YIR037W	YPL031C
YFR027W	YJR068W
YAR027W	YGR284C
YDR386W	YKR081C
YFL049W	YNR023W
YLR186W	YLR409C
YJL177W	YOL127W
YDR283C	YLR409C
YHR135C	YLR323C
YAL015C	YEL030W
YDL222C	YNL283C
YHR135C	YPR129W
YHL001W	YPL090C
YER125W	YOR241W
YAL005C	YNL078W
YER125W	YOR057W
YGL111W	YHR052W
YBL039C	YJL177W
YMR263W	YNL255C
YML123C	YNR075W
YDR380W	YIL034C
YDL098C	YLL036C
YBR154C	YLR200W
YER165W	YPR175W
YJL176C	YNL255C
YGL030W	YLR325C
YDR427W	YIL075C
YDR047W	YER125W
YGL146C	YPR137W
YIL035C	YMR154C
YHR016C	YLR064W
YER171W	YMR116C
YDR379W	YGR152C
YFR031C-A	YOR096W
YBR010W	YOL006C
YHR114W	YLR064W
YBR160W	YKL161C
YDR394W	YOR027W
YEL054C	YFR031C-A
YDR171W	YOL147C
YML113W	YNL255C
YDR359C	YLR113W
YFR004W	YFR037C
YEL051W	YNL255C
YLR293C	YOL021C
YLR175W	YMR205C
YIL062C	YNL073W
YHR007C	YKL088W
YFL039C	YNL272C
YLR333C	YNL255C
YCR036W	YFR004W
YIR008C	YNR052C
YDL101C	YJL111W
YDL110C	YKL015W
YGL237C	YGR146C
YGL031C	YGR214W
YCR007C	YKR066C
YBR170C	YDL190C
YDL222C	YLR332W
YBR031W	YGL031C
YFR010W	YLR429W
YGL137W	YIL094C
YHR058C	YPR070W
YFR010W	YGL141W
YFR027W	YPR120C
YBL003C	YPL217C
YLR075W	YNL301C
YDL060W	YOR145C
YFR037C	YLL026W
YJL020C	YKL109W
YDR207C	YNL307C
YIR035C	YPL001W
YLR079W	YLR361C
YCL028W	YIL066C
YAL005C	YPR129W
YBL075C	YNL124W
YMR140W	YMR216C
YCR021C	YLL043W
YML010W	YNL262W
YPL129W	YPR070W
YLR276C	YNL255C
YER111C	YOR066W
YGR192C	YNL255C
YMR153W	YPL018W
YGR237C	YIL154C
YIL035C	YOR295W
YBL084C	YPL031C
YMR116C	YOR197W
YLR381W	YOL054W
YLR002C	YLR449W
YGL245W	YGR207C
YJR050W	YKR086W
YJL069C	YLR409C
YGL035C	YMR139W
YLR449W	YOL012C
YEL064C	YGL212W
YNL255C	YOR095C
YDR394W	YMR216C
YEL023C	YML109W
YPR032W	YPR110C
YKR097W	YNL006W
YDL051W	YHR135C
YML010W	YOR341W
YNL069C	YNR051C
YCR063W	YNL252C
YAL005C	YAR002W
YGR275W	YNR023W
YBR207W	YLR342W
YKL095W	YLR117C
YKL065C	YLR018C
YBL072C	YPL198W
YBL027W	YBR031W
YBR247C	YIL061C
YGR120C	YNL051W
YFL048C	YLR080W
YGR120C	YPR191W
YDR394W	YLR106C
YGR222W	YNR045W
YBL038W	YOR204W
YNL069C	YOL120C
YDR228C	YLR424W
YJR113C	YNL081C
YDR142C	YDR244W
YGL035C	YHR165C
YBR236C	YML010W
YDR496C	YNL175C
YFR004W	YGR186W
YGR048W	YPL222W
YDR331W	YGR284C
YBR200W	YIL068C
YBR031W	YNL255C
YKR018C	YNR029C
YDR381W	YGL099W
YGR283C	YHR089C
YGR108W	YLR079W
YHL010C	YKR017C
YNL002C	YOL127W
YGL105W	YHR135C
YBL085W	YOL019W
YDR035W	YFR004W
YNL022C	YNL255C
YER122C	YPL141C
YGL078C	YOR117W
YGR037C	YHR016C
YBL038W	YLR189C
YOR191W	YPL269W
YER006W	YOL120C
YPL194W	YPR052C
YER101C	YMR071C
YPL143W	YPL249C-A
YBR152W	YNL255C
YDR496C	YPR144C
YDR386W	YER078C
YLR018C	YPR028W
YLR086W	YPR110C
YBR107C	YDR383C
YDR116C	YMR024W
YDR299W	YLR186W
YKL103C	YLL013C
YGL105W	YMR059W
YBL007C	YGL201C
YBL085W	YNL025C
YAL005C	YFR010W
YJR002W	YPL217C
YHR052W	YNL002C
YMR143W	YNL255C
YFL034W	YHR135C
YDR381W	YGL044C
YNL201C	YOL016C
YAR007C	YJL173C
YKR048C	YLR330W
YHR090C	YNL154C
YDR300C	YNL255C
YDR381W	YNL230C
YAL053W	YMR238W
YGL076C	YPL220W
YJL014W	YNL243W
YMR022W	YNL255C
YAL041W	YDR012W
YDR174W	YIL150C
YIR017C	YNL255C
YDR412W	YPR119W
YNL154C	YPR013C
YDL131W	YPL031C
YJL034W	YMR200W
YEL023C	YJL052W
YJL092W	YLR265C
YDR200C	YML123C
YDR381W	YDR457W
YAL001C	YDL078C
YBR031W	YDR012W
YML065W	YMR143W
YDL207W	YJL039C
YER012W	YHR174W
YFR050C	YOR261C
YBR121C	YDR388W
YMR033W	YOL051W
YDR479C	YNL263C
YJR065C	YOR181W
YGL206C	YGR167W
YDR297W	YKL088W
YHL015W	YMR242C
YDR224C	YLR074C
YGL137W	YGR037C
YDL212W	YLL028W
YLR333C	YPL004C
YDR388W	YLR381W
YOL005C	YPR093C
YBL003C	YJL176C
YER020W	YPL268W
YNL255C	YPL090C
YDL047W	YDL171C
YKL009W	YPL220W
YDR002W	YOR117W
YHR216W	YML056C
YGL030W	YPL249C-A
YKL145W	YLR048W
YDR012W	YHL034C
YBR079C	YMR146C
YLR452C	YOL018C
YJL155C	YLR345W
YBL072C	YDR324C
YJL010C	YLR409C
YJR050W	YKL095W
YGR186W	YNL124W
YER006W	YOL127W
YBR253W	YNL025C
YKL068W	YMR129W
YJR154W	YPL001W
YDR184C	YKR083C
YLL031C	YLR350W
YDR381W	YKL114C
YOR110W	YPL117C
YDR331W	YHR133C
YER165W	YLL013C
YGL134W	YML091C
YOR123C	YPL141C
YHL034C	YPR080W
YKL009W	YNL255C
YDR457W	YGR052W
YFR004W	YNR001C
YGL150C	YML065W
YJL019W	YNL029C
YDR300C	YNL177C
YHR194W	YOR147W
YJR076C	YOR191W
YDR162C	YPL180W
YFR053C	YLL013C
YER006W	YLR276C
YGL030W	YPL220W
YAR027W	YMR071C
YDL188C	YFR050C
YDL222C	YPL221W
YCL028W	YHR041C
YDL089W	YML008C
YLR007W	YLR383W
YFR004W	YKL112W
YCR030C	YOL016C
YGR104C	YPL248C
YBL090W	YGR165W
YOL040C	YOL127W
YDR143C	YLL024C
YGR252W	YLR333C
YJR076C	YPR106W
YDL111C	YGR158C
YIL131C	YIR010W
YIR012W	YLR075W
YPL031C	YPR188C
YBR109C	YFR004W
YFR034C	YPR102C
YGL242C	YKL035W
YLR096W	YNR052C
YGL190C	YIL142W
YAL005C	YOL006C
YBL084C	YLR424W
YMR242C	YOR096W
YIL103W	YOR133W
YAR002W	YMR129W
YCL029C	YKL103C
YCR063W	YER165W
YBR194W	YMR246W
YHR165C	YML051W
YDR162C	YNL255C
YDR337W	YMR158W
YFR031C-A	YHR085W
YIL035C	YML098W
YBR154C	YJL011C
YDR388W	YOR047C
YBL072C	YJL190C
YDR100W	YMR024W
YJL034W	YPR159W
YBR031W	YER012W
YLL050C	YLR429W
YBR109C	YFL039C
YEL026W	YHR161C
YGL153W	YOL147C
YBL007C	YJL151C
YLL036C	YLR298C
YBR079C	YBR194W
YIL149C	YPR144C
YOR117W	YPR074C
YFL039C	YNL218W
YER020W	YKL051W
YLR424W	YML049C
YLL026W	YLR418C
YKL009W	YKR081C
YEL062W	YLR096W
YOL108C	YOR344C
YGR238C	YLR096W
YAL056W	YKL166C
YER165W	YPR129W
YKL090W	YOL117W
YDL116W	YJL039C
YLR377C	YNL006W
YLL026W	YLR096W
YNL022C	YPL026C
YBR247C	YPL266W
YDR130C	YPR120C
YBR109C	YOR127W
YMR212C	YOR181W
YGR085C	YOR294W
YGL058W	YPL248C
YBR010W	YPR018W
YBR234C	YOR327C
YGR085C	YPL143W
YJL176C	YNR023W
YDL209C	YFL039C
YBR171W	YER053C
YHR085W	YMR242C
YDR171W	YLR106C
YDR188W	YJL014W
YOR168W	YOR352W
YKL067W	YML064C
YML051W	YPL248C
YCL028W	YEL021W
YJR068W	YJR109C
YDR365C	YNL002C
YER111C	YPR119W
YGL123W	YMR086W
YHR052W	YNL110C
YIR010W	YOR361C
YEL056W	YPL001W
YBR109C	YGL063W
YER013W	YPL151C
YDR501W	YPL221W
YJL001W	YKL145W
YIR010W	YLR381W
YDR284C	YKR088C
YLR433C	YNL085W
YBR136W	YLR025W
YCL011C	YNL112W
YGL190C	YJL020C
YJL187C	YLL028W
YLR109W	YMR022W
YLR409C	YMR093W
YDR388W	YIL033C
YBR171W	YPL076W
YFR034C	YKL156W
YDR172W	YPR119W
YBR194W	YLR072W
YGL209W	YPL031C
YDR212W	YNR051C
YDR118W	YFR036W
YDL143W	YOL016C
YDR299W	YPL126W
YEL054C	YHR052W
YGL059W	YLL038C
YDL083C	YNL255C
YHR114W	YIR023W
YBR170C	YDR411C
YJL130C	YPL020C
YIR006C	YJR065C
YHR110W	YOR016C
YBR273C	YNL307C
YHR110W	YNL130C
YJL039C	YOR098C
YBL003C	YER147C
YDR062W	YML085C
YGR284C	YLL023C
YJL006C	YKL091C
YCL037C	YLR175W
YDL239C	YKL103C
YCR030C	YIR010W
YHR197W	YLR074C
YDL116W	YDL207W
YBR160W	YKL042W
YGR252W	YPL047W
YFR004W	YNL059C
YDL083C	YNL301C
YAL032C	YHR161C
YLR109W	YNR051C
YDR254W	YJL105W
YHR111W	YIR010W
YBR211C	YPL031C
YML074C	YOL012C
YBL003C	YJL130C
YDR227W	YPL248C
YLR258W	YPL219W
YBR247C	YDL014W
YDR002W	YKR048C
YER172C	YPR101W
YBR223C	YLR429W
YJL138C	YMR059W
YDL014W	YIL131C
YER125W	YPL084W
YNR033W	YPL031C
YLR096W	YPR032W
YKL014C	YOL144W
YGR099W	YKL068W
YHR084W	YMR043W
YGR085C	YOR290C
YER164W	YGL112C
YDL212W	YPL265W
YBR031W	YNL096C
YBL084C	YPL255W
YDL022W	YFR004W
YBR072W	YJL047C
YLR424W	YPR101W
YGL206C	YKR021W
YJL084C	YJR005W
YBR160W	YNL225C
YDL188C	YHR135C
YGR270W	YLR449W
YBR142W	YLR276C
YFL049W	YMR033W
YNL230C	YPL046C
YNL255C	YOL005C
YDR381W	YPL151C
YAR007C	YOR038C
YDR381W	YLR435W
YNL154C	YOR084W
YNR051C	YPL143W
YBL007C	YFR013W
YDR412W	YGL147C
YBR031W	YLR287C-A
YPL269W	YPR120C
YLR449W	YMR242C
YFR004W	YGL245W
YBL009W	YGR090W
YFL039C	YLL050C
YMR004W	YOR047C
YCL008C	YLR191W
YDR479C	YHR008C
YCR020W-B	YDR303C
YHR089C	YNL112W
YDL014W	YPL198W
YFR024C-A	YPR171W
YPL126W	YPR137W
YIL142W	YLR105C
YER013W	YPL178W
YBR031W	YOL127W
YDR412W	YOR001W
YGR113W	YKR083C
YBR194W	YKL145W
YDL143W	YFR034C
YGR048W	YPR154W
YDR086C	YNL255C
YIR012W	YOR181W
YHR135C	YJL166W
YBR279W	YER012W
YIR010W	YLR287C-A
YLR304C	YMR049C
YDL239C	YLR423C
YJL138C	YJR007W
YKL065C	YLL061W
YIL125W	YNL069C
YER022W	YGR104C
YER047C	YPL126W
YGL150C	YIR010W
YGR234W	YLL013C
YDL101C	YKL025C
YDL212W	YMR215W
YNL201C	YOR047C
YOL133W	YPL036W
YDR497C	YLR332W
YKL213C	YNL255C
YHL048W	YMR221C
YNL002C	YOL012C
YDL149W	YLR423C
YBR106W	YKL088W
YIR010W	YNL096C
YJL030W	YPR029C
YDR324C	YPL217C
YDL055C	YOL120C
YDR381W	YOR048C
YDR356W	YML085C
YBR106W	YPL076W
YHR084W	YKL161C
YFR031C-A	YPR129W
YLR074C	YPL013C
YDR176W	YER164W
YJL070C	YPL031C
YGL179C	YIL091C
YKR071C	YMR216C
YGR237C	YKR081C
YDR173C	YMR042W
YFR034C	YOL108C
YGL137W	YOR117W
YOL013C	YOR133W
YHL011C	YML085C
YBR154C	YDR045C
YNL154C	YOR168W
YJL069C	YOR145C
YKL180W	YPL249C-A
YEL009C	YML098W
YDR365C	YNR051C
YBL039C	YPL090C
YDR173C	YNL255C
YBR142W	YLL019C
YBR211C	YDR383C
YDL111C	YOR076C
YIL035C	YLR345W
YBR160W	YDR379W
YBR170C	YDR330W
YDR412W	YPL220W
YER054C	YLR258W
YLR075W	YPL085W
YPL106C	YPR144C
YEL030W	YNL230C
YDR188W	YKL016C
YBR234C	YDR388W
YLR096W	YNR064C
YCL029C	YJR112W
YNR051C	YPL028W
YHR174W	YPR129W
YGR111W	YPL031C
YBR173C	YKL145W
YGL003C	YJL014W
YBR248C	YNL255C
YDR068W	YKL166C
YNL110C	YOL127W
YDL116W	YMR129W
YLR330W	YPL220W
YDR224C	YML074C
YBR247C	YLR175W
YNL075W	YNL110C
YLR418C	YMR113W
YGL245W	YNR051C
YIL159W	YLR191W
YIR037W	YML086C
YAL005C	YIR010W
YKL100C	YMR170C
YEL009C	YNR023W
YDR496C	YKR081C
YNR051C	YPL184C
YHR111W	YLR291C
YHR079C	YMR229C
YBR142W	YKL166C
YAL005C	YDR337W
YMR125W	YOR098C
YDR123C	YPR086W
YJR068W	YNL255C
YJR045C	YNR017W
YBR251W	YOR243C
YLR096W	YOL138C
YDL101C	YER173W
YBR160W	YIL135C
YHR185C	YKL166C
YBL063W	YDR356W
YKL068W	YLL024C
YJL006C	YNR033W
YER165W	YMR125W
YER125W	YML123C
YDL116W	YPR080W
YLR423C	YOR117W
YML049C	YPL178W
YDR468C	YOR327C
YBR106W	YPL189W
YFR004W	YJL177W
YLL024C	YOL021C
YEL022W	YKR030W
YIR010W	YKL089W
YDR246W	YDR472W
YOL016C	YPL031C
YER164W	YOR304W
YER020W	YGR138C
YER006W	YLR449W
YBR109C	YOR181W
YFR013W	YFR037C
YNL251C	YPL178W
YHR165C	YPL178W
YMR216C	YOR239W
YML032C	YPL194W
YKL219W	YLL061W
YBR194W	YJL176C
YGL051W	YIL095W
YHR161C	YIL095W
YKL091C	YNL154C
YLL066C	YNL255C
YGR090W	YPR112C
YFL038C	YFR004W
YHR114W	YPL049C
YLR249W	YNL201C
YIR010W	YMR246W
YKR048C	YPL220W
YIL103W	YLR429W
YHR114W	YOR181W
YFR034C	YKR062W
YBR223C	YPL181W
YNL175C	YNL308C
YMR049C	YNL175C
YKL180W	YOR096W
YAL029C	YBR130C
YER125W	YKR097W
YML008C	YMR059W
YHR090C	YNL107W
YDR364C	YKR086W
YDR364C	YKL095W
YGL216W	YOL001W
YBL007C	YPR171W
YDR172W	YLL026W
YNL255C	YPL079W
YFR034C	YPL249C-A
YHR052W	YJL109C
YGR090W	YJL109C
YDR303C	YOR253W
YNL307C	YNR033W
YBR042C	YJL092W
YMR215W	YPR028W
YBR221C	YIR010W
YLR268W	YPL232W
YJL159W	YML085C
YBR023C	YER166W
YLL004W	YPR120C
YBR247C	YJR145C
YHR174W	YOR117W
YGL051W	YNL307C
YIL035C	YJL069C
YNL329C	YOL044W
YIL131C	YMR144W
YAL062W	YDR388W
YEL019C	YMR284W
YBR010W	YOR064C
YER164W	YHR099W
YGR215W	YML065W
YBL075C	YKL088W
YMR242C	YNL301C
YLR113W	YLR138W
YHR089C	YOR341W
YAR007C	YLR429W
YMR216C	YNL004W
YML123C	YNL116W
YIL075C	YNL075W
YBR171W	YPL227C
YLR116W	YMR065W
YDR283C	YML057W
YMR047C	YPR144C
YFR004W	YLR355C
YBL007C	YDL146W
YDL137W	YDR100W
YJL030W	YJL206C
YDR390C	YPL106C
YDR204W	YML065W
YOR160W	YOR185C
YFR037C	YML065W
YBR106W	YDR508C
YDR188W	YGL137W
YER171W	YHR042W
YNR064C	YPL031C
YGR227W	YHR016C
YKL082C	YMR143W
YAL005C	YDL116W
YFR050C	YGL011C
YER047C	YLR191W
YDL116W	YDR412W
YML049C	YPR094W
YFR050C	YJL001W
YFR024C-A	YHR178W
YLL026W	YOR164C
YDR212W	YLR030W
YDR247W	YPL217C
YBR102C	YJL085W
YDR497C	YNL217W
YBL003C	YGL035C
YDR247W	YMR270C
YFR034C	YNL004W
YGR209C	YOR181W
YMR139W	YNL199C
YDR050C	YNR051C
YDR322W	YNL252C
YGL212W	YPL246C
YFR004W	YGL076C
YAL032C	YDL043C
YGL115W	YOR018W
YMR022W	YOL013C
YMR125W	YNL255C
YEL030W	YJR062C
YBL079W	YPL169C
YML065W	YMR065W
YCR030C	YOL054W
YNL110C	YNL301C
YAL041W	YBL085W
YBR046C	YNL255C
YKL095W	YKR048C
YDL131W	YHR079C
YDR213W	YHR165C
YCL037C	YGR081C
YHR064C	YOR096W
YCL011C	YNL255C
YIR010W	YMR255W
YBR200W	YOR122C
YBR142W	YJR145C
YER012W	YJL092W
YDR496C	YLR276C
YJR031C	YNL287W
YMR276W	YNL268W
YIL023C	YLL023C
YFR010W	YHR135C
YGL078C	YHR115C
YGL038C	YNL287W
YCL054W	YFR001W
YNL066W	YNL307C
YDR101C	YGL031C
YDR176W	YGL112C
YNL069C	YOL040C
YGL147C	YNR051C
YIL035C	YKL093W
YDR496C	YMR229C
YGL150C	YNL059C
YBR031W	YHL001W
YBL086C	YNL154C
YBL075C	YPL042C
YFR004W	YLR452C
YIL037C	YMR059W
YJR105W	YOR117W
YDL055C	YDR335W
YHR115C	YNL289W
YCL028W	YPL129W
YFR004W	YJR073C
YBR162W-A	YNL255C
YHR123W	YKL065C
YBR247C	YGR214W
YDR280W	YMR242C
YJL106W	YOL104C
YHR052W	YNL227C
YER159C	YML065W
YDR362C	YGR047C
YBL003C	YPR110C
YFL003C	YLR394W
YHR128W	YML085C
YKL186C	YMR047C
YLR377C	YNL214W
YHL039W	YLR208W
YFL009W	YOR057W
YBR279W	YOL145C
YFR010W	YOR117W
YNR023W	YPL248C
YBR173C	YJL001W
YER067W	YFR004W
YBR031W	YPL198W
YBR127C	YML121W
YDR258C	YKR008W
YLR409C	YPR137W
YHR001W	YPL058C
YDR398W	YIL127C
YLL054C	YPR119W
YDR388W	YFR013W
YDR331W	YHR007C
YFR010W	YOR261C
YGL112C	YGR270W
YGR123C	YKL117W
YKR031C	YOR255W
YHR197W	YLR106C
YDR329C	YOL044W
YBR183W	YOR254C
YHL001W	YPL198W
YHR164C	YHR165C
YAR027W	YDR411C
YGL209W	YHR135C
YGL043W	YLR113W
YNL255C	YPL028W
YKR066C	YOR065W
YDR012W	YNL110C
YER012W	YHR033W
YBR191W	YDL083C
YDL083C	YEL026W
YLL026W	YPR173C
YMR096W	YNL333W
YDR188W	YFR009W
YMR255W	YNL255C
YFR034C	YHR008C
YDR394W	YDR427W
YDR229W	YPR119W
YML121W	YPL180W
YBR194W	YER172C
YLR270W	YPL245W
YKL161C	YPL140C
YDR323C	YLR148W
YCR087C-A	YDR398W
YDR214W	YOR212W
YBL072C	YFR031C-A
YHR174W	YIR010W
YHR012W	YNL255C
YIR010W	YMR117C
YNL265C	YPL237W
YHR007C	YNL130C
YJR021C	YMR133W
YBR194W	YMR213W
YCR005C	YJL042W
YML065W	YOL120C
YDR301W	YGR156W
YGL234W	YLR258W
YJL080C	YKL185W
YDR412W	YLR106C
YKR097W	YPL180W
YER067W	YNL255C
YMR242C	YNL110C
YJL140W	YPL129W
YER006W	YFR004W
YFR024C-A	YOR181W
YGL123W	YIR010W
YJR130C	YPL042C
YHR052W	YLR276C
YDR381W	YER171W
YGR195W	YOL021C
YGR165W	YPL013C
YJL080C	YJR145C
YGR090W	YIR001C
YCL018W	YLR086W
YLL024C	YLR418C
YDR388W	YNL138W
YJL092W	YOR160W
YAL005C	YOL097C
YBL052C	YOL012C
YBR160W	YDR227W
YCR020W-B	YKR008W
YHR114W	YJL151C
YNL004W	YOR160W
YBR106W	YFL025C
YOL147C	YPR128C
YDL212W	YHR007C
YIL109C	YKL103C
YGL111W	YLR002C
YJR002W	YPL126W
YKL053C-A	YLR193C
YNL307C	YOL138C
YGL059W	YKL171W
YGL030W	YNL255C
YBR290W	YIL016W
YDR312W	YHR052W
YBR136W	YCR004C
YHR135C	YOR239W
YMR229C	YNL154C
YML010W	YPR052C
YDR381W	YGL112C
YDR171W	YPL106C
YDR331W	YDR434W
YML049C	YMR240C
YER036C	YPL031C
YBR072W	YDR213W
YDL227C	YPL125W
YEL061C	YGR135W
YDL047W	YIL142W
YAL015C	YEL060C
YOL148C	YPL248C
YLR291C	YPL049C
YLR403W	YPL180W
YLR006C	YLR233C
YCL024W	YJR076C
YMR049C	YMR100W
YDR303C	YPR034W
YBL038W	YKR006C
YBR234C	YNL138W
YGL030W	YNL002C
YJL099W	YLR330W
YMR072W	YOL012C
YPR137W	YPR144C
YGL111W	YLR276C
YDR171W	YNL085W
YBR072W	YNL255C
YBR160W	YDR356W
YCL052C	YEL060C
YFL062W	YMR306W
YDL101C	YLR001C
YBR154C	YKR008W
YOL127W	YPL249C-A
YIL035C	YOR052C
YDL053C	YFR013W
YER012W	YJL132W
YMR074C	YNL255C
YER179W	YOR191W
YLL024C	YOR133W
YBR069C	YDL043C
YER062C	YFR004W
YKL095W	YPR191W
YDR507C	YIR010W
YCR075C	YPL246C
YGR037C	YOL152W
YBR109C	YKL042W
YBR125C	YGL206C
YGL237C	YHR052W
YKL116C	YNL272C
YER164W	YMR223W
YJR091C	YKL113C
YBR031W	YLR424W
YBL003C	YDL188C
YCR043C	YDL053C
YBR234C	YIR006C
YDR388W	YFR010W
YGR047C	YKR034W
YDL081C	YDL130W
YAL041W	YNL175C
YJL065C	YNR029C
YBL105C	YMR113W
YIL031W	YJL092W
YNL069C	YPL220W
YER118C	YLR113W
YBR194W	YPR091C
YDL212W	YDR508C
YMR139W	YMR291W
YMR263W	YOL004W
YMR072W	YPL001W
YCL037C	YKR048C
YCR012W	YOR098C
YIR015W	YNL282W
YLR377C	YOL126C
YDL239C	YDR273W
YKR080W	YPL026C
YFR004W	YHR104W
YDL160C	YNR051C
YHR197W	YOL041C
YDL131W	YDR143C
YER012W	YKL145W
YDR092W	YMR140W
YHR137W	YPL031C
YBL005W	YOL051W
YLR333C	YNR051C
YKR008W	YMR033W
YDL074C	YPL141C
YER012W	YOR261C
YDR143C	YJL052W
YIR001C	YPL031C
YDR479C	YGR149W
YBR234C	YIL095W
YDR329C	YLR191W
YPL155C	YPL269W
YDR073W	YPL129W
YHL034C	YMR116C
YAL056W	YBR140C
YBL084C	YDR118W
YMR165C	YNL307C
YGL112C	YML010W
YEL009C	YHR090C
YNL301C	YOL127W
YLL019C	YNL004W
YLR072W	YNL307C
YLR208W	YOL138C
YBR200W	YGL190C
YBR247C	YOR119C
YOL021C	YPL031C
YBR183W	YDR039C
YPR080W	YPR116W
YBL003C	YJL138C
YGR104C	YPR070W
YDR515W	YPR188C
YBR160W	YOR058C
YDL188C	YOL038W
YHR052W	YOL041C
YDR188W	YMR049C
YDR080W	YPL195W
YGL112C	YNL039W
YDR131C	YOL133W
YIL035C	YNL308C
YMR109W	YPL038W
YGR284C	YOL132W
YDR318W	YPL018W
YKL145W	YOL038W
YLR304C	YOL006C
YBR010W	YFR034C
YDR457W	YDR463W
YAL010C	YNL026W
YGL137W	YMR291W
YDL014W	YEL054C
YHR135C	YPR143W
YDR130C	YER165W
YIR037W	YKL028W
YDR374C	YLR423C
YIR010W	YLR096W
YKL171W	YMR229C
YGL187C	YLR203C
YFR004W	YPL143W
YGL066W	YPL042C
YHR156C	YOR181W
YLR315W	YPL018W
YLR418C	YPR086W
YGR192C	YGR254W
YLR191W	YOL044W
YJL186W	YOL018C
YAL053W	YER020W
YEL041W	YHR115C
YLR291C	YNL307C
YFL039C	YNL107W
YDR419W	YGL115W
YDR437W	YPL076W
YKR034W	YLR291C
YFR009W	YNL272C
YDR386W	YML074C
YHR062C	YIR015W
YJL138C	YNL255C
YFR053C	YLR131C
YHR135C	YKL042W
YBR234C	YMR105C
YDR172W	YLL024C
YML071C	YNL051W
YAR018C	YMR116C
YBR010W	YKR008W
YBR160W	YFR004W
YBR072W	YJR043C
YBR010W	YMR031C
YIR010W	YOR304W
YGL245W	YPL201C
YJL177W	YOR096W
YBL003C	YHR090C
YGR163W	YML121W
YIL061C	YIL070C
YMR192W	YPR154W
YBR154C	YNL251C
YBR198C	YKL058W
YJL117W	YMR215W
YGL076C	YIL125W
YCL014W	YJL052W
YBL104C	YER172C
YKR034W	YLR132C
YNR051C	YOL005C
YGR056W	YOR319W
YFR004W	YPL129W
YDR392W	YMR223W
YJR112W	YMR198W
YKL116C	YNL022C
YBL003C	YOR304W
YNL085W	YOL133W
YDL207W	YKR082W
YBR198C	YCR042C
YNL272C	YOR115C
YDR427W	YGL016W
YDL052C	YJL151C
YER006W	YHR010W
YKR006C	YNL252C
YDR036C	YKL142W
YMR233W	YNL154C
YFL005W	YPR028W
YBL038W	YDR116C
YBL007C	YBL037W
YBL101C	YNL225C
YCL037C	YDR296W
YKR066C	YNL299W
YGR056W	YNL307C
YNL255C	YOL133W
YGR165W	YNR036C
YAL041W	YJL177W
YKL142W	YNL255C
YBR200W	YOR181W
YDR415C	YNR051C
YHL034C	YNL183C
YDR062W	YEL022W
YDR337W	YJL063C
YLR429W	YOL012C
YBL104C	YPL259C
YGR077C	YLR191W
YOR290C	YPR102C
YDR507C	YEL053C
YBL051C	YDL165W
YBR142W	YGL078C
YIL126W	YIR010W
YHR010W	YNL255C
YHR052W	YIR010W
YDL053C	YPL042C
YBL044W	YMR304W
YHR079C	YMR184W
YKL109W	YMR117C
YGR149W	YNL181W
YGR232W	YNL255C
YGL059W	YIL135C
YJL187C	YNL206C
YLR324W	YMR153W
YHR128W	YNR012W
YDR381W	YPR094W
YJL014W	YJL111W
YGL030W	YGR090W
YBL072C	YOL127W
YBR251W	YML065W
YER166W	YFR024C-A
YDR496C	YKL185W
YDR453C	YJR085C
YJR045C	YNL078W
YJL052W	YOR117W
YNL216W	YPR052C
YDR224C	YJL208C
YML056C	YNL230C
YGL115W	YGL208W
YDR381W	YHR167W
YKL166C	YOL016C
YGR167W	YNL183C
YBL045C	YOR065W
YDL101C	YKR097W
YDR143C	YOL117W
YBL039C	YDR388W
YHR090C	YJL081C
YBR194W	YPL237W
YGR287C	YMR216C
YMR238W	YNL307C
YNR017W	YPL063W
YAL067C	YNL162W
YDR280W	YHR069C
YCR100C	YHL007C
YLR006C	YNL307C
YFL005W	YOR117W
YER091C	YER125W
YNL300W	YPL076W
YDR283C	YLR096W
YJR140C	YML058W
YFL062W	YPL141C
YJR043C	YNL307C
YFR034C	YML056C
YGR252W	YIL149C
YOL054W	YPR120C
YDR496C	YGL030W
YDR226W	YML064C
YIL091C	YPR137W
YFL039C	YGL240W
YCR038C	YLR293C
YDR329C	YPL112C
YDR100W	YHR016C
YDR194C	YHR052W
YBL085W	YOR047C
YGR141W	YNL255C
YNL162W	YPR144C
YHR010W	YJL080C
YMR010W	YOR233W
YER172C	YOR159C
YDR471W	YPL220W
YDR194C	YNR051C
YGL206C	YIL094C
YDR283C	YMR255W
YJL187C	YNL227C
YDR176W	YPL011C
YDR381W	YHR185C
YJL039C	YMR205C
YPL031C	YPL100W
YFR049W	YPL031C
YDR012W	YDR101C
YAL005C	YNL025C
YDR059C	YJL106W
YNR007C	YOR160W
YJR145C	YML065W
YJL148W	YNL255C
YDL143W	YKL142W
YGL137W	YNL274C
YDL173W	YPL031C
YBR094W	YDL015C
YGL031C	YIR010W
YBR152W	YML049C
YGL242C	YMR109W
YLR228C	YPL042C
YDR404C	YML010W
YBL038W	YNL252C
YBR200W	YPL232W
YDR388W	YPR171W
YCL024W	YNL078W
YDR086C	YOR117W
YCR012W	YGR252W
YOR239W	YPL141C
YML065W	YPL195W
YEL032W	YIL150C
YLR186W	YMR093W
YGL245W	YHR111W
YBR287W	YPL031C
YJL092W	YJR119C
YHR197W	YOL127W
YDR337W	YGR165W
YER163C	YNL255C
YJL173C	YNL255C
YEL018W	YJL081C
YBR187W	YPL217C
YMR183C	YNR049C
YLL028W	YOR016C
YDR414C	YER118C
YGR278W	YHR165C
YMR240C	YPL151C
YJR091C	YOR317W
YHR016C	YOR181W
YFL039C	YOL012C
YDL188C	YOR014W
YGL112C	YNL216W
YDR012W	YKL009W
YGR129W	YPL151C
YAL032C	YML049C
YGL059W	YKL166C
YHR216W	YNL308C
YDR113C	YHR135C
YBR052C	YBR132C
YFR004W	YJR148W
YGL030W	YOR204W
YDR381W	YDR515W
YAL047C	YEL061C
YJL014W	YKL088W
YBL005W	YBR149W
YGL240W	YGR270W
YGL112C	YPL129W
YCL027W	YLL021W
YBR253W	YHR041C
YDR188W	YGR254W
YMR218C	YOR115C
YDR245W	YGR132C
YER116C	YJL187C
YAL013W	YNL255C
YBR221C	YPL259C
YGL098W	YLR268W
YGR183C	YML086C
YBL007C	YNL154C
YDR471W	YGL076C
YCL011C	YGR090W
YDR386W	YFR001W
YLR200W	YLR212C
YGR135W	YPL031C
YJR132W	YLR293C
YMR165C	YOR119C
YDR303C	YIR010W
YCL040W	YFR004W
YDR324C	YJR002W
YKL088W	YNL255C
YIL035C	YOR057W
YDR516C	YER125W
YGR048W	YKL213C
YGL206C	YHR161C
YDR028C	YDR188W
YNL255C	YPL178W
YEL009C	YPL038W
YJL099W	YKR027W
YPL031C	YPR035W
YMR216C	YNL112W
YOR117W	YPR163C
YJL177W	YJL190C
YLR330W	YOR290C
YBR191W	YDR130C
YBR127C	YFR004W
YGL030W	YHL011C
YJR068W	YLR048W
YEL039C	YOR117W
YIR010W	YLR325C
YGL076C	YHL001W
YBL084C	YGL240W
YDR412W	YFR001W
YAL043C	YNL313C
YJR002W	YPL090C
YNL301C	YPL090C
YFL048C	YPR181C
YBL072C	YDR418W
YCR063W	YLR117C
YDL014W	YIR001C
YAL005C	YOR133W
YDR170C	YNL287W
YAL005C	YDR301W
YIL034C	YJL187C
YDR293C	YMR304W
YEL009C	YOR117W
YLR388W	YNL255C
YHL007C	YNR019W
YBR194W	YPL070W
YER105C	YLR208W
YIL107C	YML106W
YLR423C	YML064C
YER131W	YPL031C
YFR004W	YIR035C
YGR043C	YLR418C
YDR479C	YGR284C
YFL005W	YFL038C
YDL014W	YER147C
YFL021W	YML065W
YGR082W	YNL003C
YHL014C	YPR074C
YKL103C	YLR291C
YDR388W	YDR515W
YBR109C	YKL067W
YLR265C	YOR005C
YBR127C	YNL255C
YER179W	YPR183W
YFR031C-A	YJR145C
YKR068C	YNL255C
YDR170C	YNL183C
YDR513W	YPL031C
YBR010W	YPL001W
YFR031C-A	YKL068W
YHR025W	YML064C
YBR083W	YMR164C
YDR116C	YDR296W
YFR009W	YOR151C
YDR233C	YIR010W
YCL037C	YDL160C
YKL145W	YOL013C
YDR479C	YOL003C
YDR312W	YHR135C
YDL055C	YDR135C
YOL067C	YOL108C
YGL137W	YGL245W
YDR427W	YMR314W
YDR398W	YJL109C
YOR151C	YPR093C
YJR007W	YLR199C
YGL043W	YPR008W
YGR135W	YKR070W
YDR322W	YGR220C
YBL045C	YLR132C
YDR143C	YGL078C
YCR063W	YPL151C
YNL255C	YPL196W
YFR034C	YPL031C
YGR090W	YJL010C
YJL052W	YML056C
YML008C	YMR228W
YKL166C	YMR223W
YBR125C	YDR186C
YFL042C	YGR017W
YDR293C	YML064C
YER179W	YML064C
YHR135C	YMR165C
YCL029C	YML085C
YDL065C	YDR329C
YER017C	YNL255C
YCL057W	YNL307C
YHL003C	YHR110W
YNL283C	YPL058C
YJL006C	YJR076C
YDL143W	YJL014W
YGL112C	YPL011C
YEL051W	YML121W
YFL054C	YHR135C
YHR042W	YPR113W
YBR251W	YPL013C
YBL045C	YKL095W
YIL035C	YOR123C
YCL056C	YJL185C
YBR160W	YJR092W
YML065W	YPR137W
YER036C	YHR169W
YNL124W	YPL036W
YDL069C	YPR175W
YJR144W	YNL255C
YKL042W	YPL031C
YBR160W	YER012W
YJL020C	YOL133W
YDR229W	YGL179C
YDL116W	YDR335W
YDR388W	YLR015W
YNL010W	YNR051C
YFL033C	YLR096W
YJL187C	YPL181W
YDL143W	YGL190C
YDR516C	YOR270C
YFR024C-A	YPL246C
YHL023C	YLR096W
YFL033C	YPL031C
YDR412W	YHL001W
YFR037C	YMR033W
YOL041C	YPL031C
YHR052W	YLR002C
YAL041W	YBR200W
YBR194W	YHL015W
YLR048W	YPL106C
YDL055C	YHR128W
YGL053W	YIL109C
YIR010W	YOL041C
YDR255C	YMR135C
YDR468C	YKR020W
YGL181W	YGR167W
YBR191W	YDR418W
YGL216W	YGL254W
YJR045C	YLR369W
YDR177W	YPL269W
YBR069C	YDR171W
YGL137W	YMR105C
YFL009W	YLR079W
YJR093C	YLR044C
YDR304C	YHR097C
YBR140C	YML058W
YBL011W	YCL024W
YDL055C	YGL076C
YDR012W	YHR052W
YFR034C	YGR085C
YHR010W	YPL198W
YML049C	YOR319W
YBR221C	YKL117W
YLR268W	YPR181C
YBR160W	YLR457C
YDR365C	YGR090W
YLL036C	YML046W
YDR501W	YGR138C
YDL043C	YNL286W
YDL143W	YGL119W
YNL301C	YPL249C-A
YLR048W	YML065W
YBR069C	YJL117W
YML051W	YNR010W
YLR377C	YOR070C
YJL092W	YNL078W
YHL023C	YOL138C
YOL041C	YOL127W
YGL096W	YOR319W
YDR280W	YMR229C
YDR068W	YMR010W
YGR081C	YJR145C
YPL220W	YPL259C
YGL245W	YMR049C
YBL003C	YOR290C
YDR227W	YER164W
YJL080C	YPL042C
YGL190C	YHR016C
YKL207W	YMR176W
YFR004W	YOR128C
YDR468C	YLR330W
YGR159C	YLR113W
YER072W	YNL255C
YDR283C	YMR216C
YJR007W	YOR361C
YGL190C	YML109W
YER054C	YGL134W
YER062C	YHL032C
YGL030W	YLR287C-A
YCL037C	YNL255C
YLR074C	YNL002C
YNL255C	YPL237W
YBR042C	YHL007C
YDR394W	YMR314W
YJR076C	YOR084W
YJL177W	YPL090C
YJR076C	YML085C
YJL187C	YMR049C
YLR325C	YNR051C
YJL063C	YNL005C
YML102W	YPR018W
YBR194W	YGR254W
YBR187W	YOL041C
YIL035C	YIR010W
YCL011C	YHR167W
YNL154C	YNR047W
YGL112C	YHR041C
YGL238W	YHR114W
YDL055C	YKL145W
YDL065C	YMR284W
YHL048W	YKL065C
YBR010W	YFR037C
YFR004W	YLR208W
YFR024C-A	YMR162C
YKL007W	YKL028W
YDR284C	YNL111C
YHR079C	YLL043W
YGR135W	YOL038W
YCR073W-A	YPL026C
YNL255C	YPL013C
YNL255C	YOL006C
YDR188W	YGR234W
YNR051C	YOR261C
YMR109W	YOR047C
YCL037C	YDL083C
YDR379W	YHL007C
YBR160W	YPR171W
YDR381W	YDR386W
YMR071C	YPL020C
YGL234W	YPR154W
YMR047C	YMR153W
YFL048C	YLR268W
YBR079C	YIL035C
YAR018C	YKL166C
YMR146C	YNL255C
YDL081C	YNL255C
YGR081C	YJL130C
YAL038W	YOR117W
YHR084W	YPL049C
YFR034C	YMR229C
YBR002C	YDL052C
YBR160W	YPL155C
YJL020C	YMR109W
YFL036W	YJR144W
YML058W	YMR100W
YCR068W	YNL111C
YFL009W	YOL025W
YGR090W	YLL019C
YDL209C	YLR424W
YAR018C	YGR032W
YPL042C	YPL246C
YLR079W	YPR120C
YBR106W	YFL062W
YNL255C	YOR327C
YML056C	YPL220W
YGR052W	YGR180C
YBR109C	YLR429W
YIL126W	YPL129W
YDR381W	YIR010W
YDR113C	YPL031C
YBL085W	YKL218C
YBR218C	YJL092W
YGL014W	YJL177W
YFR004W	YKL213C
YML010W	YPR110C
YIR010W	YJR068W
YHR041C	YPL129W
YIR010W	YLR075W
YFR034C	YGR159C
YER141W	YJL014W
YDR471W	YPL198W
YBL058W	YBR223C
YLR028C	YPL004C
YJL039C	YLL024C
YER118C	YJL062W
YNL005C	YNL252C
YDR212W	YOR117W
YCL037C	YHL034C
YDR224C	YDR365C
YGL237C	YJL138C
YML010W	YML035C
YBR221C	YFL018C
YDL111C	YDR280W
YMR139W	YPL141C
YDR227W	YOR191W
YGR186W	YNL255C
YLR423C	YMR124W
YBL038W	YDR164C
YHR111W	YOR251C
YKL009W	YKL014C
YDR394W	YPL248C
YHR114W	YLR426W
YGR104C	YPL129W
YBR142W	YGL076C
YCL054W	YDR412W
YJR112W	YOL054W
YNL255C	YOR159C
YGR252W	YPR070W
YDR100W	YDR501W
YFR004W	YGR209C
YER022W	YPR070W
YMR072W	YOL006C
YDR394W	YNL085W
YGR067C	YJL080C
YDR129C	YLR203C
YDL209C	YNL255C
YFR030W	YGL150C
YLR116W	YMR216C
YDR337W	YGR215W
YAL005C	YMR165C
YDL056W	YLL036C
YIR010W	YPL129W
YKL152C	YNL255C
YKL009W	YNL175C
YLR018C	YPL169C
YHR174W	YNL127W
YDR260C	YFR036W
YGL059W	YJL084C
YDR365C	YDR388W
YML065W	YPR175W
YGL023C	YML121W
YDR309C	YOR127W
YBL072C	YGL147C
YCR036W	YNL255C
YDR068W	YDR264C
YMR184W	YNL255C
YER006W	YPR102C
YMR299C	YPL058C
YEL001C	YNL255C
YBR031W	YPR143W
YLR186W	YPL217C
YNL117W	YOL147C
YDR188W	YNL212W
YGR233C	YNL255C
YCL028W	YHR058C
YJR076C	YKL048C
YDR224C	YIL131C
YDL165W	YNL315C
YGR270W	YJR068W
YFL026W	YNL307C
YLR098C	YPR049C
YJR042W	YPL169C
YAR007C	YJR089W
YDR177W	YPR093C
YGL212W	YLR093C
YGR192C	YJL039C
YFR004W	YIL033C
YDL188C	YML109W
YMR072W	YNL255C
YLR429W	YMR109W
YIR010W	YLL024C
YLR044C	YOR270C
YER113C	YPL246C
YDL014W	YPR144C
YGR004W	YHR114W
YBR040W	YCL040W
YFL026W	YGR037C
YBL019W	YCR020W-B
YIR010W	YJL190C
YBR069C	YDL015C
YGL137W	YOR327C
YGL076C	YHL034C
YDR299W	YNL308C
YDR092W	YHR137W
YDR001C	YPL026C
YBL072C	YMR229C
YDR429C	YOR204W
YBR207W	YOL132W
YNL005C	YNL255C
YIL118W	YPL031C
YDR174W	YGR275W
YDL188C	YKL028W
YML049C	YPR101W
YAL053W	YBR023C
YGL091C	YNL255C
YML065W	YPL143W
YBL038W	YNL255C
YGL123W	YHL001W
YKL152C	YLL036C
YIL070C	YKL151C
YDR227W	YDR365C
YJL063C	YNL252C
YDL223C	YNL154C
YGR280C	YNL255C
YFL017W-A	YLL036C
YDR473C	YHR165C
YMR106C	YMR284W
YIL035C	YKL088W
YBR083W	YPL049C
YGL210W	YMR291W
YDR356W	YNL001W
YGR135W	YNL255C
YIL061C	YPL178W
YNL091W	YNL162W
YCR012W	YPR093C
YEL044W	YNL059C
YER111C	YGR192C
YBR196C	YFR004W
YDL012C	YHR032W
YDL014W	YLR175W
YBR106W	YIL048W
YDR394W	YKL145W
YDR518W	YNL307C
YDL014W	YKL014C
YBL009W	YDL053C
YBL007C	YLR064W
YER172C	YFL017W-A
YDR047W	YGL137W
YCL024W	YKL091C
YGL066W	YHR064C
YER036C	YFR004W
YJL092W	YLR401C
YDR100W	YPL020C
YDL018C	YHR110W
YHL048W	YJL117W
YKL007W	YPR093C
YDR496C	YPL220W
YBR182C	YER062C
YMR229C	YPL220W
YGL245W	YKL116C
YJL176C	YMR072W
YDL212W	YLR350W
YDR412W	YIL149C
YHR085W	YLR074C
YOR299W	YPR080W
YLR368W	YPR093C
YGR052W	YLL013C
YJR092W	YPL031C
YOR145C	YPL126W
YDR293C	YPL031C
YFR001W	YGL076C
YDL014W	YLL036C
YBR254C	YOR115C
YGL014W	YNL112W
YKR022C	YNL255C
YFR031C-A	YHL001W
YHR041C	YPL248C
YER058W	YNL255C
YBR142W	YPL141C
YNL135C	YPR093C
YLL026W	YMR047C
YFL038C	YOL018C
YGR252W	YOL051W
YHR135C	YIL091C
YDL156W	YJL173C
YIR010W	YJL138C
YDL014W	YJL010C
YJL111W	YNR051C
YBR160W	YPR120C
YJL081C	YNL107W
YER111C	YIL050W
YGR232W	YOL117W
YLR241W	YMR243C
YLL024C	YOR341W
YAL047C	YDR356W
YFL039C	YNL004W
YJL006C	YJR070C
YGR090W	YIL035C
YEL055C	YPL141C
YER105C	YMR047C
YBR218C	YHR135C
YDR042C	YGL059W
YDR247W	YGR237C
YBR106W	YNL336W
YDR293C	YNR051C
YBR191W	YGL030W
YLL024C	YMR129W
YHR152W	YJR148W
YGL073W	YLL019C
YLR025W	YPL084W
YDR068W	YNL255C
YMR049C	YNR051C
YNR051C	YOR294W
YOL133W	YOR261C
YNL255C	YNL307C
YHR059W	YNL255C
YJR113C	YNL255C
YBR194W	YLR044C
YBL058W	YLR377C
YAL013W	YDR207C
YBR160W	YDR285W
YHR094C	YMR011W
YBR158W	YHR064C
YLL024C	YOL145C
YMR125W	YPL178W
YDR359C	YJL098W
YFR004W	YIR012W
YER125W	YGL087C
YBL072C	YLR287C-A
YKR020W	YNL255C
YBR194W	YLR342W
YBR200W	YLR093C
YDR170C	YDR388W
YDR319C	YLR452C
YER139C	YHR135C
YHR058C	YPR168W
YLL036C	YOR290C
YAL005C	YNR051C
YDL212W	YHR142W
YDL171C	YPR086W
YJR109C	YOR117W
YER006W	YNR051C
YAL032C	YJL112W
YDR227W	YJL019W
YDR356W	YKL042W
YKL093W	YLR273C
YBR290W	YOR016C
YDL236W	YFR004W
YDR388W	YHL032C
YGL115W	YJR083C
YLR207W	YOL013C
YJL106W	YLR457C
YDL052C	YNL138W
YLR208W	YNR051C
YBL072C	YBR031W
YDR329C	YOL147C
YDL156W	YNL307C
YCL027W	YMR140W
YER125W	YML111W
YIL127C	YJR105W
YBL079W	YDL116W
YCL016C	YDL008W
YEL054C	YJR145C
YGR090W	YOR096W
YPL031C	YPL266W
YIL159W	YLR452C
YLR293C	YPL031C
YFR031C-A	YMR242C
YAR018C	YPL018W
YBR010W	YPR052C
YJR145C	YLR175W
YKL051W	YLR332W
YFL039C	YLR093C
YCR030C	YMR109W
YGL189C	YHR114W
YJR002W	YPR137W
YFL039C	YNL138W
YBL072C	YMR093W
YDR212W	YGL190C
YJR101W	YOR204W
YDR312W	YPR143W
YJL111W	YNL212W
YML065W	YOL127W
YER125W	YFR022W
YJL010C	YMR049C
YJR148W	YPL031C
YEL034W	YPR080W
YGL030W	YGL031C
YGL014W	YNL096C
YDR174W	YDR362C
YDR304C	YHR185C
YFL017W-A	YIL061C
YER122C	YPL031C
YLR106C	YNL110C
YHR114W	YIL013C
YJR082C	YLR455W
YBR152W	YDR473C
YDL159W	YMR276W
YKR082W	YMR047C
YGR159C	YOR117W
YER172C	YPL151C
YAR027W	YNL315C
YBR200W	YGR134W
YBR094W	YLR264W
YDL047W	YOR317W
YJL069C	YJR002W
YGL014W	YMR242C
YCR091W	YNL155W
YBR109C	YMR105C
YBR031W	YPR144C
YKR057W	YNR051C
YHR104W	YOL016C
YDR404C	YPL228W
YLL024C	YPR119W
YDR484W	YJL029C
YCR012W	YDR188W
YGL030W	YHR052W
YMR105C	YOR212W
YDR504C	YJL070C
YHR069C	YPR189W
YAL005C	YOR155C
YER173W	YJL014W
YGR082W	YIL035C
YDR331W	YPL227C
YDR113C	YGR225W
YIL095W	YNL272C
YDL156W	YPL220W
YCR020W-B	YDR520C
YBL011W	YPL031C
YFR031C-A	YGL099W
YNL216W	YPL075W
YGR085C	YOR117W
YHR114W	YLR081W
YEL055C	YGL043W
YLR167W	YNL255C
YHR052W	YLR106C
YBL067C	YOL087C
YFR031C-A	YGL147C
YGR085C	YKR081C
YDL014W	YMR229C
YLR409C	YPL126W
YFR034C	YNL112W
YJR112W	YOR360C
YDL014W	YGL078C
YBR079C	YIR010W
YDL239C	YPL255W
YCR042C	YPL129W
YFL039C	YOR122C
YGR234W	YLR106C
YBL007C	YNL116W
YBL079W	YLR018C
YFR044C	YOL013C
YDR337W	YGR084C
YDR009W	YML051W
YJL138C	YML064C
YDR227W	YML109W
YDR320C	YGR167W
YLR332W	YPL004C
YAR007C	YLR304C
YKL014C	YLR249W
YFR004W	YPL096W
YJL190C	YMR125W
YDR227W	YLR293C
YER172C	YML046W
YMR106C	YOR110W
YDR411C	YFR004W
YLR298C	YMR125W
YDL154W	YFL003C
YDL014W	YPL126W
YGR048W	YLR450W
YLR381W	YPL018W
YKR086W	YMR125W
YLL028W	YPL058C
YBR187W	YDR381W
YNL075W	YPR137W
YLR200W	YMR052W
YDL137W	YPL031C
YGL014W	YPL031C
YHR089C	YNL005C
YDL116W	YJR042W
YHL007C	YHR131C
YAR007C	YBL003C
YBL058W	YHR064C
YDR224C	YJL176C
YDR320C	YEL032W
YFR001W	YMR229C
YAL005C	YJL109C
YDR229W	YJL187C
YDR394W	YOL038W
YHR152W	YKL152C
YHL048W	YOR016C
YOR162C	YPL031C
YIL118W	YJL085W
YCL054W	YDL031W
YFR004W	YLR113W
YOR361C	YPR175W
YDR335W	YML085C
YGR233C	YPL031C
YBR031W	YPL220W
YDL111C	YDL165W
YBL003C	YDR303C
YHL007C	YPL201C
YOL018C	YOR320C
YER012W	YGL011C
YJR007W	YMR093W
YIR003W	YKL007W
YJL109C	YNL075W
YGL181W	YPL013C
YDR092W	YER061C
YHL010C	YLR138W
YDR457W	YHR064C
YAR007C	YBR136W
YBR090C	YNL255C
YNL025C	YPL042C
YDL240W	YJL020C
YDR212W	YIL142W
YGL123W	YOR290C
YER165W	YNL255C
YNL173C	YNL255C
YCR075C	YDR456W
YKL009W	YLR106C
YAL032C	YBL105C
YOL127W	YPL220W
YFL038C	YNL263C
YBR102C	YIL068C
YGR167W	YJL187C
YBL072C	YOR117W
YDL014W	YNL255C
YDL083C	YIR010W
YBR200W	YOR327C
YGR200C	YIL096C
YNR064C	YOL108C
YDR293C	YLR190W
YBR160W	YFR027W
YIL070C	YOR090C
YJL092W	YKL077W
YHR011W	YNL292W
YIL070C	YJR113C
YOR181W	YOR367W
YNL214W	YNL329C
YDR365C	YJL109C
YFL039C	YIL159W
YER032W	YJR089W
YGL222C	YNL255C
YHR004C	YMR165C
YOR197W	YPR080W
YGL137W	YLR268W
YMR048W	YPL031C
YMR033W	YPL129W
YGL153W	YNL214W
YKL007W	YOL065C
YBR160W	YEL061C
YDR080W	YMR197C
YMR047C	YOR145C
YBR247C	YLR186W
YLL028W	YML132W
YEL061C	YOR058C
YBR069C	YPL151C
YNL255C	YNL339C
YGL014W	YHL001W
YHR167W	YPL178W
YJL020C	YOR181W
YLR117C	YML049C
YOL117W	YPL096W
YBL104C	YDR130C
YER012W	YOR123C
YJL010C	YKL117W
YPL031C	YPL219W
YHR064C	YMR121C
YDR296W	YGR220C
YJL062W	YPL076W
YGL179C	YKR096W
YBL072C	YLR186W
YJR140C	YMR031C
YGL058W	YMR100W
YBR258C	YDR469W
YGR220C	YNL005C
YBL007C	YCR030C
YEL034W	YNL250W
YAL047C	YLR045C
YDR381W	YLL054C
YBL037W	YJR005W
YMR285C	YPR110C
YML065W	YPR183W
YBL027W	YGR085C
YJL014W	YOR162C
YLR203C	YPL004C
YNL255C	YOR223W
YMR182C	YPL031C
YLR418C	YPL042C
YJR002W	YOR004W
YAL038W	YKR082W
YGL011C	YIL075C
YLR215C	YNL116W
YDR211W	YFR004W
YGR090W	YPR104C
YAL043C	YAL046C
YLR181C	YNL255C
YDR229W	YMR047C
YBR183W	YGR284C
YDR200C	YNL127W
YJR145C	YPR129W
YEL060C	YOR168W
YER136W	YFR004W
YBR125C	YDR507C
YHR114W	YNL078W
YDR039C	YPL058C
YBL003C	YOR058C
YKL180W	YOL040C
YDR188W	YDR507C
YML065W	YNL301C
YER165W	YHR197W
YFR034C	YGL148W
YBL063W	YBR160W
YNL110C	YOR005C
YAL061W	YNL255C
YBL038W	YNL005C
YDR247W	YJR025C
YNL154C	YNL292W
YDR412W	YLR002C
YHR175W	YNL255C
YER122C	YHR135C
YHR089C	YJL010C
YHR097C	YLR377C
YAL005C	YBL005W
YLR276C	YML010W
YGL237C	YJR132W
YDR085C	YLR423C
YBR200W	YLL050C
YHR010W	YLR175W
YGR085C	YHL001W
YDR254W	YIR010W
YKL143W	YML121W
YDL171C	YFR034C
YIL016W	YLL061W
YLR342W	YNL025C
YNL138W	YOL087C
YDR304C	YHL008C
YBL042C	YBR052C
YHR135C	YKL114C
YHR135C	YKL077W
YHR165C	YPL151C
YBR254C	YDR407C
YFR004W	YGR180C
YMR072W	YMR167W
YGL179C	YPL236C
YIL112W	YPL031C
YER047C	YJL019W
YBR160W	YPR018W
YNL216W	YPL248C
YDL055C	YMR229C
YBR106W	YDL054C
YLR113W	YPR115W
YJL123C	YNL255C
YFR004W	YFR030W
YBL007C	YDR388W
YHR164C	YKL113C
YJR076C	YNL078W
YOR117W	YPL106C
YGL051W	YLL028W
YDR130C	YLR075W
YFR004W	YML056C
YLR002C	YPL198W
YDR381W	YHL001W
YFR004W	YOL061W
YMR165C	YNL154C
YBR083W	YKL161C
YDR414C	YNL326C
YDR171W	YJL092W
YJR050W	YPR101W
YKL082C	YPL141C
YBR194W	YDR074W
YGL112C	YNL255C
YGR198W	YMR212C
YKL051W	YLR219W
YDL043C	YNL210W
YDL209C	YMR125W
YFR004W	YOR151C
Q0085	YPL271W
YER131W	YNL255C
YAR027W	YOL129W
YDR244W	YGL205W
YLR219W	YPL004C
YBL003C	YDR194C
YGL179C	YLL050C
YDR297W	YDR331W
YGR038W	YLR350W
YFL017W-A	YMR125W
YBR031W	YOL120C
YBL038W	YLR439W
YBR247C	YLR075W
YLR151C	YNL255C
YGR120C	YML071C
YDR501W	YNL283C
YKL014C	YPR080W
YBL085W	YER165W
YMR233W	YNL255C
YKL145W	YOR117W
YDR427W	YOR117W
YDR427W	YFR010W
YBR139W	YBR280C
YDL222C	YPL058C
YDR322C-A	YNL255C
YBR207W	YDL123W
YBR279W	YNL255C
YLR074C	YPL198W
YHR165C	YML046W
YDR143C	YLR044C
YBR160W	YDL089W
YJR154W	YPL031C
YBR010W	YIL126W
YLR125W	YPL031C
YNL110C	YNR051C
YER125W	YJL084C
YGR080W	YNL110C
YJL140W	YPR052C
YDR224C	YGR252W
YGR270W	YOR341W
YLR207W	YLR450W
YNL059C	YPL129W
YDL165W	YNR052C
YCR021C	YDR479C
YAL032C	YPR101W
YIL061C	YLR439W
YML009C	YNL252C
YMR242C	YPL198W
YCL008C	YLR119W
YDR381W	YPL217C
YAR028W	YPR128C
YKL016C	YNL255C
YBL003C	YML065W
YMR049C	YPL042C
YJL098W	YLR249W
YJL014W	YMR106C
YDR364C	YMR213W
YBR200W	YOR047C
YOR076C	YPR189W
YGR209C	YJL030W
YAR027W	YDR100W
YIL075C	YOR261C
YDR224C	YMR223W
YAL005C	YJL039C
YDL194W	YOR047C
YNL110C	YPL090C
YFL033C	YOL147C
YDL056W	YOR066W
YBR010W	YDR463W
YGR090W	YOR145C
YHR114W	YJL020C
YDR240C	YLL036C
YOR181W	YPL004C
YBR279W	YML010W
YLR075W	YNL096C
YDL008W	YER047C
YDR318W	YDR383C
YDL047W	YDR212W
YGR214W	YHL011C
YGL234W	YIR010W
YJL039C	YLR044C
YDL052C	YKL094W
YJR089W	YLR272C
YDR293C	YIR010W
YDR331W	YJL091C
YBL105C	YNL154C
YHR115C	YOR215C
YMR263W	YPL181W
YJR042W	YKL186C
YDR520C	YPR034W
YGL095C	YOR327C
YDR172W	YNR051C
YGL078C	YLR175W
YDL116W	YPL075W
YGL134W	YKR096W
YGL031C	YKL180W
YGL044C	YPR086W
YGL153W	YOL145C
YIL016W	YLL023C
YMR109W	YOR035C
YML130C	YOL088C
YDR331W	YLR018C
YBR183W	YDR506C
YGL111W	YJL010C
YER125W	YNL305C
YLR447C	YOR270C
YAL047C	YLR429W
YBR160W	YDR042C
YHR090C	YMR216C
YIL045W	YLR258W
YAL047C	YNL126W
YKR006C	YPL173W
YDL222C	YKR100C
YPL042C	YPR070W
YJL172W	YNL217W
YMR242C	YPL220W
YJL190C	YLR175W
YKR006C	YNL255C
YKR071C	YNL154C
YGR214W	YOR117W
YGL098W	YNL255C
YFR004W	YHR063C
YDR214W	YFR004W
YKL186C	YPL138C
YDR296W	YNL252C
YCL037C	YIR001C
YFR037C	YPL106C
YPL031C	YPL249C
YHR122W	YNL240C
YIR010W	YNL301C
YDR388W	YNL287W
YLR276C	YNL002C
YDR226W	YLL004W
YLL050C	YLR059C
YLR291C	YNL025C
YLR328W	YPL259C
YOL147C	YPL112C
YDL143W	YOL004W
YAR031W	YJR015W
YML046W	YMR125W
YDR280W	YJL109C
YBL003C	YNL201C
YBL088C	YLR025W
YEL044W	YJL081C
YBR066C	YKR015C
YBL027W	YDL083C
YOL083W	YPR049C
YBR160W	YOR083W
YGL123W	YMR242C
YML065W	YML074C
YDL190C	YDR479C
YHR083W	YML086C
YIL149C	YPL169C
YLR043C	YLR109W
YLL036C	YLR424W
YER036C	YJL080C
YBR154C	YJL148W
YDR171W	YIL126W
YDR142C	YLR191W
YKR022C	YLL062C
YNR051C	YPL049C
YFR004W	YKL035W
YDR001C	YDR381W
YJL117W	YPL076W
YDR320C	YHR165C
YNL177C	YPR191W
YAR031W	YHR110W
YHR007C	YLR332W
YOR294W	YPR102C
YBR207W	YOR270C
YKL051W	YPR138C
YIL109C	YPL031C
YNL175C	YPL198W
YML056C	YNL255C
YGL051W	YHL048W
YLR208W	YML130C
YDL131W	YOR117W
YBL027W	YPL249C-A
YFL062W	YOR071C
YFR050C	YOL038W
YDR129C	YOR117W
YDR212W	YER173W
YDR200C	YNL154C
YDR412W	YLR325C
YKL016C	YML081C-A
YHL034C	YJR145C
YJL006C	YKR018C
YMR202W	YOR117W
YKR021W	YPR029C
YBR160W	YJL092W
YMR242C	YNL096C
YDR388W	YHR016C
YLR172C	YOR133W
YAR071W	YCR038C
YGL181W	YMR182C
YDL014W	YLR320W
YJL151C	YPL058C
YNL301C	YOL120C
YOR042W	YPR119W
YBR154C	YFR004W
YBL072C	YMR242C
YFR044C	YNL191W
YBL079W	YMR047C
YPL031C	YPR042C
YJR040W	YOR092W
YBR160W	YKR097W
YMR192W	YPL249C
YFR004W	YLR048W
YNL154C	YOR355W
YAL038W	YHR128W
YDR226W	YPL026C
YDR188W	YMR146C
YGR248W	YOR018W
YGL179C	YKL093W
YBR196C	YPR029C
YLL024C	YNR051C
YLL013C	YLR423C
YDL054C	YDR307W
YFL039C	YIL138C
YDR324C	YGR090W
YBR106W	YDR297W
YNR051C	YOR133W
YDR258C	YHR165C
YMR092C	YPL106C
YBL008W	YOR038C
YMR031C	YMR086W
YCL056C	YFR025C
YML008C	YMR202W
YDL173W	YDR381W
YBL003C	YKR048C
YHR052W	YLR074C
YDR227W	YMR106C
YDR093W	YLR332W
YGL201C	YHR114W
YLR208W	YPL085W
YAR002W	YMR047C
YIL135C	YNL154C
YDR342C	YJL173C
YIL061C	YPR191W
YBR160W	YIL050W
YER012W	YNR051C
YDR496C	YLR233C
YDR350C	YOR110W
YDL132W	YLR128W
YFR053C	YJR091C
YDR418W	YMR242C
YOL003C	YPL076W
YGR165W	YML065W
YDL081C	YFR034C
YKL171W	YML051W
YIL109C	YPL085W
YGR284C	YLR018C
YGL059W	YMR140W
YFR004W	YJR016C
YDR113C	YJL176C
YHR089C	YNL110C
YHR089C	YNL308C
YDL047W	YMR246W
YMR033W	YOR290C
YLR128W	YOL133W
YDR214W	YPR110C
YIL062C	YPR093C
YHR135C	YIL075C
YIL074C	YPL031C
YOR197W	YOR204W
YCR063W	YPR101W
YFL048C	YOL129W
YBR173C	YGL096W
YGL227W	YIL097W
YNL078W	YNL307C
YDR300C	YNR051C
YER125W	YLR326W
YDL083C	YOR117W
YEL034W	YFR004W
YBR290W	YGR284C
YLR113W	YMR276W
YHR068W	YNL255C
YDL188C	YKR062W
YCR043C	YPL246C
YGR186W	YOR151C
YMR116C	YOR117W
YDR407C	YML077W
YLR075W	YOL011W
YKL213C	YOR341W
YBL003C	YOR204W
YER125W	YOL005C
YDR322W	YKR006C
YLR048W	YMR072W
YLR018C	YPR080W
YCL029C	YJL187C
YBR198C	YEL009C
YFL005W	YGL233W
YDL116W	YLR208W
YJL190C	YOR117W
YKR066C	YPL004C
YFL038C	YJL030W
YBL104C	YGL190C
YHR165C	YLL036C
YDR211W	YNL255C
YDR386W	YNL085W
YBL008W	YBR010W
YMR093W	YPR144C
YBR010W	YDR224C
YOR204W	YPL249C-A
YCR043C	YHR123W
YNL154C	YNL155W
YHR114W	YMR232W
YNL313C	YOR133W
YCL014W	YEL023C
YER131W	YGL179C
YBR198C	YDR212W
YDR365C	YIL142W
YLR429W	YNL154C
YJL117W	YMR106C
YDR471W	YIR010W
YOL016C	YOR264W
YAR066W	YNL255C
YBL003C	YOL051W
YFL017C	YNL255C
YBR211C	YJR112W
YKL183W	YNL104C
YNL307C	YOL147C
YBR260C	YDR239C
YGL206C	YPL106C
YKL109W	YPR034W
YJL109C	YNL110C
YDL143W	YDR188W
YML065W	YPR080W
YIR037W	YPR035W
YER006W	YPR175W
YJR132W	YLR113W
YJL109C	YPL126W
YER122C	YGL137W
YDR519W	YOR261C
YER020W	YPL221W
YGL137W	YOR119C
YEL034W	YJR145C
YDR227W	YMR284W
YNL110C	YOR145C
YGR234W	YPL031C
YNL272C	YPL141C
YGL245W	YML064C
YGR254W	YNL255C
YDL014W	YOL144W
YER116C	YOR058C
YPL220W	YPR080W
YDR299W	YJR145C
YDR254W	YDR383C
YGR295C	YNL130C
YLR409C	YNL255C
YGL016W	YMR047C
YKL178C	YNL154C
YBL104C	YHL023C
YJL034W	YNL255C
YER129W	YIL035C
YER178W	YOR117W
YHR052W	YPL249C-A
YAL005C	YJR073C
YKR082W	YMR153W
YCL054W	YHR197W
YFR004W	YOR187W
YGL179C	YNL021W
YFR001W	YOL127W
YHR007C	YMR202W
YJR050W	YKR022C
YNL255C	YNL313C
YDR353W	YNL180C
YAL005C	YOL021C
YGL115W	YNR051C
YIL033C	YMR022W
YLR330W	YPR080W
YER006W	YLR002C
YIR037W	YOL147C
YDR507C	YLR208W
YBR221C	YDR430C
YJL177W	YMR242C
YDR012W	YPL220W
YDL055C	YFR009W
YDL012C	YER125W
YER125W	YPR074C
YLR233C	YML038C
YAR007C	YIR002C
YGL245W	YHR135C
YDR386W	YGR234W
YDR080W	YEL022W
YIL125W	YML064C
YDR322W	YLR312W-A
YER048C	YLR429W
YDR330W	YPL018W
YLR134W	YLR175W
YBR160W	YER059W
YBL072C	YGR085C
YEL023C	YFR053C
YIL095W	YOR181W
YBR010W	YLR320W
YER088C	YML010W
YAL005C	YLR424W
YDR404C	YER125W
YER098W	YNL154C
YBR182C	YLR113W
YBL038W	YDR296W
YBR130C	YLR092W
YBR128C	YGL105W
YBL003C	YMR049C
YNL220W	YOR187W
YBR106W	YDL015C
YJL019W	YOL012C
YNL216W	YOR290C
YDR365C	YDR507C
YHR010W	YHR064C
YIR010W	YJL034W
YOL142W	YOR001W
YGR195W	YJL109C
YHL007C	YOR212W
YNL292W	YOR294W
YNR023W	YPL129W
YNL255C	YPR043W
YGR275W	YML065W
YDR293C	YHR079C
YMR109W	YNR007C
YCL028W	YPL140C
YBR121C	YOR117W
YDR224C	YOL108C
YGL023C	YNL255C
YNL216W	YPR104C
YDR440W	YHR135C
YCR043C	YDR503C
YEL025C	YMR276W
YDR195W	YKL059C
YKR048C	YOL059W
YLR117C	YLR424W
YGL179C	YPR035W
YHL007C	YPR091C
YBL007C	YNL243W
YAL005C	YLR293C
YER109C	YHR084W
YIR010W	YLR045C
YCR043C	YDR388W
YER105C	YJL030W
YNL002C	YNR051C
YFR037C	YKR008W
YDR247W	YJR049C
YDL222C	YNL173C
YKL028W	YOL012C
YDR184C	YNL154C
YDR398W	YPL126W
YAR007C	YML032C
YBL045C	YEL024W
YDR337W	YJR101W
YBR106W	YPR201W
YFR031C-A	YOR204W
YDL101C	YLR437C
YDR471W	YGL014W
YIL016W	YLL028W
YDR101C	YNL175C
YJL084C	YJL187C
YOL147C	YPL031C
YGR123C	YOR014W
YBR251W	YOR204W
YLR075W	YNL112W
YDR331W	YMR215W
YER172C	YLL036C
YKL009W	YMR242C
YDR365C	YIL035C
YGL216W	YPL075W
YDR383C	YOL054W
YBR170C	YGR048W
YBR069C	YOR016C
YER165W	YOR290C
YCL028W	YNR010W
YDR012W	YGL111W
YOL012C	YPR052C
YFR004W	YGR187C
YGL206C	YJL153C
YMR314W	YOR261C
YBL003C	YPL126W
YFR004W	YOR027W
YBR234C	YLR370C
YAL038W	YOL145C
YNL130C	YOR016C
YLR384C	YML010W
YNL255C	YOR182C
YDR100W	YNL315C
YDR257C	YPL031C
YCR030C	YHR016C
YGR205W	YOL016C
YIR010W	YJR045C
YCR036W	YGL153W
YKR048C	YOR081C
YNL255C	YOR133W
YDR086C	YKL145W
YDL055C	YGL137W
YHL012W	YML051W
YKL051W	YLR326W
YKL009W	YPL249C-A
YIL094C	YOL145C
YLR059C	YNL250W
YDR353W	YGR099W
YDL005C	YHR058C
YGR097W	YMR049C
YDL051W	YPL031C
YBR160W	YNR047W
YGR165W	YJR113C
YAR018C	YJL092W
YAR007C	YDR174W
YDR471W	YNL255C
YJL081C	YJR082C
YIR001C	YMR198W
YDR497C	YNL307C
YHL048W	YOR378W
YNL154C	YOR092W
YEL030W	YLR203C
YIL061C	YLR017W
YCL055W	YGL036W
YBL061C	YHR010W
YEL053C	YNL183C
YFR004W	YGR124W
YDL039C	YNL154C
YHR033W	YKL166C
YER173W	YJR072C
YBR259W	YOL005C
YLL023C	YLL056C
YHL007C	YHR042W
YDR456W	YPL092W
YKL145W	YPL096W
YDR164C	YNR049C
YCL029C	YPL269W
YIL035C	YNL112W
YHR052W	YMR049C
YKL145W	YOL145C
YBR010W	YGR252W
YCR075C	YFL062W
YEL054C	YHR064C
YDR496C	YNL002C
YAL005C	YDR172W
YHR079C	YOL148C
YAL060W	YFR004W
YDR299W	YPL042C
YBR031W	YHR169W
YHR094C	YLL028W
YNL075W	YPR144C
YDR507C	YKL093W
YML065W	YMR024W
YDR101C	YMR242C
YCL028W	YML051W
YDR498C	YJL019W
YEL032W	YHR033W
YKL143W	YNL255C
YDL160C	YPR110C
YDR073W	YJL176C
YNL255C	YPL071C
YJR089W	YJR112W
YJL083W	YPL109C
YBR154C	YHR089C
YHR197W	YML010W
YLR447C	YOR028C
YGR284C	YHR007C
YIR010W	YPL266W
YAL042W	YHL007C
YDR314C	YML011C
YCR030C	YPL221W
YDR507C	YJR047C
YBR107C	YOR030W
YGL030W	YJL190C
YIL066C	YNL134C
YJL069C	YPL126W
YBR247C	YOR290C
YMR229C	YOL120C
YJL100W	YPL100W
YDR172W	YNL124W
YER172C	YLR424W
YFR037C	YGR056W
YLR450W	YPR154W
YER012W	YOR117W
YCR012W	YHR174W
YBR254C	YKR068C
YDL014W	YJL109C
YER125W	YPR030W
YDR407C	YDR472W
YCR030C	YKL051W
YBL007C	YER125W
YDR388W	YMR109W
YHR016C	YPR052C
YBR136W	YDR076W
YBR279W	YKL145W
YDR051C	YLR291C
YBR133C	YJL187C
YGL181W	YHR177W
YHR099W	YLR403W
YML098W	YPL248C
YCL054W	YNL255C
YDL101C	YMR226C
YHR135C	YPR091C
YGL147C	YJL190C
YGL181W	YPR171W
YBL074C	YHR165C
YGL115W	YNL153C
YGR275W	YJL176C
YER171W	YOR261C
YCR075C	YOL016C
YBR023C	YNL255C
YBR079C	YNL289W
YMR139W	YMR165C
YOR023C	YPL248C
YML098W	YPL011C
YBR160W	YJL111W
YER118C	YLR353W
YDL043C	YLL014W
YDR233C	YLL023C
YIR006C	YMR109W
YDL222C	YKL094W
YBR247C	YDR174W
YDR375C	YNL131W
YMR244C-A	YNL255C
YDR224C	YFR013W
YDR364C	YPL151C
YOR117W	YPL198W
YER172C	YHR165C
YEL051W	YMR105C
YLL043W	YLR113W
YDL098C	YMR240C
YHR156C	YIL026C
YGL066W	YGL112C
YDL176W	YMR135C
YER017C	YMR115W
YML123C	YOR181W
YJL034W	YOR081C
YFR004W	YGR254W
YEL034W	YLR074C
YPL042C	YPR181C
YGL147C	YHR197W
YDL031W	YGL245W
YIL016W	YML065W
YGL076C	YGL111W
YNL130C	YOR067C
YDL149W	YHL007C
YDR520C	YLR291C
YBR247C	YPL090C
YBR138C	YBR160W
YBR264C	YGL198W
YBR010W	YOL054W
YCL040W	YOR117W
YFR024C-A	YNL255C
YBR129C	YOR181W
YDR353W	YGR209C
YJL106W	YOR239W
YBL075C	YBR247C
YER013W	YHR165C
YLR429W	YML011C
YIL095W	YLR015W
YGR214W	YPR112C
YDR012W	YDR418W
YDR388W	YER003C
YDR283C	YFR009W
YLL024C	YOR197W
YER128W	YOL016C
YGR090W	YPR137W
YDR001C	YLR270W
YBR194W	YDR172W
YBR079C	YPR116W
YFR004W	YGL099W
YDR101C	YOL120C
YER003C	YER013W
YIL070C	YNL255C
YFR034C	YGL134W
YER172C	YHR156C
YHR016C	YPR055W
YDR496C	YLR449W
YDR012W	YJR145C
YKR081C	YOR096W
YAR007C	YGR275W
YNL273W	YPR037C
YGR037C	YOR181W
YBR127C	YOR117W
YHR135C	YNL165W
YBL023C	YPL001W
YHR135C	YJL084C
YDR121W	YML065W
YNL255C	YOL144W
YER006W	YNL227C
YBL003C	YNL308C
YFR024C-A	YKL068W
YHR135C	YOR042W
YJR134C	YMR047C
YKL009W	YNL069C
YLL004W	YPL008W
YBL104C	YLR208W
YER111C	YOR083W
YDR479C	YGL053W
YAL005C	YJL084C
YHR010W	YHR052W
YDR421W	YKR080W
YDR105C	YOR153W
YBL105C	YER165W
YLR025W	YLR191W
YAL032C	YGR278W
YPL112C	YPR154W
YDR214W	YER173W
YDR224C	YPL084W
YDR233C	YFR004W
YBR296C	YLL028W
YDR240C	YHR165C
YGL035C	YIL162W
YLR181C	YNL265C
YKL178C	YOL044W
YDR496C	YPR143W
YDL239C	YGR268C
YBL105C	YPL151C
YDR501W	YPL058C
YKR038C	YNL255C
YDR116C	YNL005C
YDR121W	YOR304W
YIR010W	YOL054W
YAL005C	YMR167W
YMR146C	YNL062C
YLR175W	YML010W
YNL251C	YPR080W
YKL156W	YNL255C
YDL005C	YML051W
YHR104W	YML086C
YLR132C	YLR423C
YCR063W	YMR024W
YFR001W	YML065W
YBR280C	YOL133W
YDR283C	YFR010W
YCL014W	YGL245W
YBR142W	YGL030W
YJL130C	YNR051C
YDL204W	YDR233C
YOR361C	YPL126W
YLL004W	YML065W
YJL014W	YKL198C
YBR142W	YBR194W
YJL083W	YPL004C
YDL223C	YPL141C
YGL237C	YKR028W
YHR167W	YKR086W
YDL160C	YGL014W
YEL051W	YJL151C
YBR160W	YDR001C
YFR024C-A	YGL238W
YLR439W	YNL005C
YDR457W	YOL025W
YIR003W	YJL187C
YDR092W	YLR059C
YFR004W	YGR211W
YAL051W	YNL325C
YDL043C	YMR125W
YDR446W	YGL212W
YDR100W	YDR264C
YIL071C	YOR361C
YHR133C	YPL227C
YOL127W	YPR189W
YCL029C	YMR134W
YGL016W	YLR293C
YLR048W	YNL255C
YER178W	YNL255C
YGR135W	YMR291W
YLR276C	YMR216C
YDR239C	YLR096W
YKL171W	YLR455W
YCR073C	YDL056W
YDR012W	YOL127W
YGL206C	YPR029C
YDR174W	YPR104C
YMR049C	YPL141C
YDR331W	YIL016W
YIL013C	YJL092W
YBR072W	YFR004W
YCL054W	YNL175C
YNL255C	YOR086C
YPL217C	YPR144C
YER020W	YHR001W
YHR135C	YNL022C
YIL079C	YOR204W
YNL255C	YOL127W
YPL026C	YPL028W
YNL069C	YPR143W
YJL052W	YKR042W
YDR301W	YMR125W
YGR192C	YMR086W
YGR233C	YOL001W
YFR004W	YLL024C
YGR099W	YMR047C
YBL039C	YFR031C-A
YGR214W	YNL112W
YKR082W	YLR208W
YOL132W	YOR016C
YFR010W	YMR314W
YFR004W	YML086C
YBR251W	YGR170W
YDL143W	YKL145W
YPL198W	YPL220W
YHR064C	YHR069C
YDR330W	YHR135C
YDR365C	YDR496C
YDR244W	YOL147C
YKL178C	YNL255C
YHR135C	YLR265C
YMR047C	YPR119W
YFR004W	YLR384C
YHR007C	YPL076W
YBR107C	YLR381W
YJL190C	YMR205C
YGL137W	YKL078W
YBR031W	YKL180W
YBR194W	YLL013C
YHR129C	YMR294W
YFR010W	YIL075C
YMR047C	YOL145C
YML064C	YMR055C
YIL035C	YOR341W
YHR079C	YIL135C
YBR031W	YMR242C
YHR009C	YPL031C
YDR498C	YGL145W
YBL061C	YJL020C
YBR207W	YGR163W
YBL072C	YBR194W
YCL034W	YNL255C
YGL181W	YIR006C
YFR001W	YMR242C
YBR191W	YNL124W
YER116C	YML032C
YER165W	YPL169C
YGL245W	YOL012C
YBR234C	YLR429W
YBR198C	YHR041C
YIL016W	YNL255C
YDR365C	YMR280C
YAL005C	YOR038C
YBR079C	YJR007W
YGL066W	YMR168C
YNL110C	YOL041C
YDR335W	YGL035C
YDR419W	YGL064C
YDL031W	YDR101C
YML035C	YPL031C
YJR112W	YPL018W
YCR012W	YJL030W
YDR118W	YGL115W
YJL130C	YMR246W
YFL017C	YOL059W
YMR093W	YPL266W
YBL007C	YPR159W
YDL054C	YDL212W
YOR095C	YOR265W
YJR072C	YPL140C
YHR090C	YPL031C
YFL017W-A	YLR117C
YBR031W	YFR004W
YGL190C	YMR109W
YDR423C	YMR047C
YBL112C	YNL255C
YJL153C	YNL138W
YJL185C	YPL018W
YER006W	YJL130C
YIL095W	YJR092W
YER105C	YFR050C
YDL212W	YDR297W
YHL034C	YIR010W
YCR063W	YLL036C
YGR152C	YKL092C
YDR381W	YMR240C
YLR298C	YML046W
YBR196C	YGL229C
YAR002W	YJL130C
YBL058W	YKL213C
YMR060C	YNL026W
YDR176W	YDR457W
YDR177W	YDR226W
YIL131C	YOL004W
YLR325C	YPL249C-A
YHR133C	YOR016C
YCR021C	YJR076C
YDR121W	YOL012C
YMR019W	YOL004W
YGR054W	YJL092W
YIL033C	YNL093W
YGR138C	YLR332W
YDR392W	YPL248C
YDR086C	YLR079W
YDR228C	YDR301W
YDR398W	YJL010C
YBL003C	YJL034W
YBL003C	YCR087C-A
YDR299W	YGR090W
YKL127W	YPL031C
YNL069C	YOL127W
YGL076C	YJL177W
YBR194W	YPL085W
YGL038C	YHR181W
YNL255C	YOR051C
YKR034W	YOL145C
YFR004W	YIR011C
YDR507C	YLR258W
YDR280W	YGR195W
YFR036W	YGL240W
YMR153W	YNL154C
YML064C	YPL242C
YHL003C	YHR142W
YAL038W	YKL110C
YGR198W	YOR181W
YKL150W	YML086C
YDL005C	YNR010W
YJL190C	YPR189W
YKL082C	YLR353W
YLL024C	YOR191W
YHR114W	YNL092W
YDR471W	YNL301C
YGL096W	YJL011C
YER171W	YLR304C
YFR004W	YFR024C-A
YEL034W	YOR261C
YBL079W	YOR098C
YHR135C	YLR350W
YIL070C	YOL054W
YJR112W	YLR045C
YDL209C	YML049C
YDR507C	YLL054C
YBR160W	YNL058C
YGL245W	YIR010W
YBL027W	YGL030W
YBR194W	YGL099W
YJR113C	YMR158W
YCL024W	YDR507C
YFR034C	YLR028C
YMR146C	YOR254C
YDR184C	YLR315W
YDR412W	YER105C
YAL032C	YNL246W
YGL099W	YMR229C
YOL038W	YOR261C
YJL052W	YNL255C
YDL055C	YLR435W
YHR052W	YKL014C
YGR104C	YHR058C
YGR180C	YPL031C
YNL033W	YNL154C
YOR096W	YPL217C
YNL255C	YOL155C
YDR174W	YJL177W
YJR007W	YOR117W
YBR160W	YOR032C
YBL022C	YIL061C
YNL255C	YOL088C
YBR191W	YNL069C
YBL003C	YDR174W
YJR057W	YLR291C
YJL190C	YJR002W
YLR208W	YMR047C
YJR076C	YLL019C
YGR056W	YKR008W
YLR075W	YLR287C-A
YBL007C	YBR136W
YHR010W	YHR197W
YFR004W	YKL080W
YNL255C	YOR096W
YGL115W	YML110C
YBR020W	YNL004W
YDR130C	YGR113W
YKL028W	YNL112W
YIL095W	YMR184W
YGR200C	YOL061W
YBR265W	YLR075W
YDR379W	YNL307C
YBL039C	YJR103W
YER020W	YJL106W
YGR167W	YPL141C
YLR313C	YPL140C
YCL024W	YMR140W
YAR007C	YPL129W
YER072W	YOR270C
YKL035W	YPL031C
YNL225C	YPL031C
YJL014W	YJR076C
YGL245W	YNL154C
YER154W	YOL016C
YHR014W	YPL031C
YBR160W	YDR330W
YDR188W	YGR187C
YNL255C	YPR101W
YBL088C	YDL101C
YKR022C	YLR117C
YBR207W	YDR100W
YGR234W	YOR117W
YER171W	YML065W
YGL181W	YGR192C
YCR091W	YNR047W
YHR052W	YPL220W
YDR472W	YOL018C
YIL070C	YKL108W
YER022W	YKL117W
YDL101C	YDR171W
YDL101C	YJR056C
YLR015W	YLR246W
YKL198C	YMR229C
YAL010C	YNL070W
YBR194W	YGR097W
YGL153W	YOL044W
YGR215W	YIL070C
YLR186W	YOR145C
YLR249W	YOR117W
YBL003C	YLR002C
YJR145C	YPL090C
YDL014W	YNR051C
YAL032C	YER172C
YLL036C	YPR080W
YBL090W	YMR158W
YKR006C	YMR024W
YBL072C	YGR081C
YJL080C	YMR242C
YDR116C	YJL063C
YBR282W	YMR024W
YCR091W	YMR184W
YFL026W	YPL189W
YOL120C	YPL249C-A
YER173W	YFR027W
YCR020W-B	YOL012C
YGR078C	YLR212C
YMR144W	YNL154C
YNL272C	YNL287W
YMR240C	YOR319W
YLL024C	YPR140W
YLL019C	YOL016C
YJR053W	YOR058C
YGL150C	YJL081C
YBL039C	YPL220W
YGL190C	YHR033W
YIL016W	YML123C
YJL047C	YOL063C
YHR001W	YPL221W
YDL090C	YMR139W
YDR143C	YDR213W
YBL038W	YLR312W-A
YGL115W	YMR291W
YDR212W	YLR429W
YMR010W	YPL246C
YGR214W	YGR234W
YGL190C	YMR304W
YER125W	YMR216C
YFR004W	YPR183W
YHR133C	YMR215W
YHR142W	YJR015W
YKL205W	YOR185C
YFR024C-A	YMR232W
YDR503C	YER113C
YAR007C	YFR037C
YAL032C	YDR364C
YDL043C	YDR180W
YNL255C	YNR036C
YJR101W	YML065W
YGL237C	YKR048C
YKR081C	YMR229C
YNL154C	YOR239W
YKL180W	YPL220W
YDR362C	YPL106C
YBR136W	YDL101C
YDR214W	YJL030W
YDL014W	YJL190C
YDR303C	YHR099W
YNL091W	YNL164C
YFR010W	YMR216C
YDR429C	YOR361C
YJR145C	YNL069C
YBR109C	YJR073C
YGR275W	YOR290C
YLR191W	YNL138W
YGR120C	YOR353C
YBL086C	YPL031C
YOL092W	YPL042C
YML049C	YOR159C
YHR010W	YOL127W
