YNL316C	YOL082W
YJL125C	YNL062C
YJL092W	YOR281C
YPL115C	YPL161C
YJL019W	YOL104C
YDR167W	YDR392W
YOR261C	YPR103W
YDR212W	YLL019C
YHR165C	YNR053C
YHR037W	YPL240C
YNL301C	YOR096W
YCR021C	YJL151C
YJR047C	YPL141C
YDR507C	YMR086W
YKL122C	YPL210C
YLR018C	YPL075W
YGL190C	YNL255C
YGL137W	YJR070C
YHR085W	YNR053C
YDR320C	YJR135C
YGR252W	YOR290C
YGR281W	YHR114W
YDR383C	YIR010W
YDR392W	YOL148C
YJL052W	YOL013C
YFR004W	YFR052W
YGL191W	YLL039C
YDL226C	YPR183W
YBR048W	YJL177W
YDR303C	YML065W
YML005W	YNR046W
YIR026C	YPR029C
YKL180W	YLR075W
YDR167W	YHR099W
YDR047W	YOR361C
YHR060W	YLR447C
YLL023C	YPR028W
YDR012W	YMR194W
YER159C	YOL012C
YFR004W	YMR314W
YAL018C	YCL025C
YER094C	YOR157C
YDR429C	YGL137W
YCR073C	YMR117C
YDR059C	YPL037C
YIL075C	YOL117W
YJL148W	YOL041C
YGL207W	YGR116W
YDR326C	YIR010W
YDR100W	YJL178C
YER036C	YKL180W
YNL125C	YNL130C
YBL007C	YDL206W
YBR106W	YML075C
YFR014C	YIL167W
YCR012W	YGL137W
YKR081C	YOR294W
YDR324C	YEL055C
YGR012W	YPR161C
YKL095W	YPL151C
YER131W	YGL180W
YBR031W	YEL034W
YBL016W	YEL053C
YNL113W	YPR010C
YOR047C	YOR358W
YBR193C	YLR071C
YBL050W	YPL232W
YDR194C	YML065W
YGL073W	YKL062W
YDR427W	YER012W
YPL086C	YPL101W
YDR097C	YIR002C
YIR010W	YJL065C
YHR196W	YMR229C
YNL007C	YNL255C
YDR176W	YHR041C
YDL207W	YKL068W
YHR188C	YJR015W
YGL200C	YLL039C
YDL014W	YHR052W
YBR106W	YCR028C
YJR002W	YLL011W
YDL031W	YLL045C
YAR007C	YCR066W
YIR033W	YLL039C
YGL150C	YGR274C
YGL116W	YJL111W
YCL014W	YMR186W
YHR081W	YNL255C
YDR364C	YLL036C
YDR224C	YDR227W
YCL011C	YLL045C
YDR116C	YKR006C
YMR233W	YOL006C
YMR168C	YPL018W
YHR083W	YNL026W
YDR318W	YJR112W
YJL177W	YOR204W
YHL009C	YLR336C
YEL039C	YLL039C
YDR224C	YLL039C
YDL203C	YGR058W
YEL002C	YML075C
YNR064C	YOL045W
YDR405W	YNL255C
YEL032W	YNL273W
YDR407C	YOR115C
YGR054W	YKR048C
YBR010W	YJL168C
YER012W	YLR058C
YOL021C	YPR190C
YDR440W	YLR429W
YGR199W	YPL026C
YFL045C	YJL092W
YML064C	YOR373W
YMR229C	YOR340C
YBR049C	YOR341W
YEL009C	YHR041C
YBR183W	YOL132W
YEL034W	YJL177W
YNR046W	YOL124C
YAL034W-A	YNL154C
YKR093W	YOR153W
YDR101C	YDR412W
YIR005W	YMR240C
YBL039C	YJL138C
YLR238W	YMR052W
YBL072C	YNL055C
YDR124W	YPR049C
YER165W	YML056C
YGR013W	YPL178W
YKL109W	YOR358W
YNL121C	YOL045W
YER103W	YGR192C
YER013W	YPR101W
YBR031W	YBR142W
YGL246C	YKL180W
YBR031W	YLL045C
YLL060C	YOR074C
YER036C	YOR204W
YFL038C	YPR176C
YHR058C	YNL255C
YNL027W	YPL141C
YBL003C	YDL208W
YDL200C	YGL137W
YBL072C	YJR145C
YJL081C	YLR399C
YLR208W	YNL307C
YFR022W	YNL307C
YEL034W	YNL004W
YEL039C	YGL078C
YHR169W	YPR121W
YGR167W	YJL057C
YHR016C	YPL249C
YFR004W	YLR043C
Q0085	YKL016C
YBL003C	YBL052C
YHR020W	YKL104C
YDR032C	YHR135C
YER159C	YNL255C
YER165W	YML065W
YHR135C	YOR344C
YNL112W	YNL255C
YGL180W	YIL091C
YDR244W	YML042W
YNL039W	YNL255C
YGL098W	YGL145W
YJL187C	YJR082C
YJL096W	YNL255C
YDL116W	YLR018C
YFR004W	YHR098C
YDR256C	YOL045W
YCR020W-B	YMR033W
YGL179C	YMR304W
YKL068W	YMR308C
YBR198C	YHR099W
YGR116W	YLL039C
YLR251W	YNL255C
YML008C	YNL280C
YEL011W	YLL039C
YLR435W	YNL255C
YJL106W	YMR165C
YGL180W	YJR019C
YBL023C	YEL032W
YBR056W	YFR004W
YAL005C	YFR019W
YDL168W	YNL061W
YBR194W	YPR152C
YIL019W	YNL075W
YCL056C	YDR142C
YGR038W	YJL187C
YGL246C	YNL069C
YFR014C	YNL218W
YDR142C	YGR077C
YNL092W	YOR159C
YDR246W	YKR068C
YHR007C	YHR190W
YJL187C	YLR132C
YER040W	YER118C
YHR197W	YLR449W
YER165W	YHR086W
YJL052W	YLL060C
YCL054W	YKR081C
YMR242C	YOL120C
YAR007C	YIR010W
YDL075W	YGL147C
YER103W	YOR304W
YHR052W	YOL127W
YMR146C	YPL081W
YLR350W	YMR238W
YDL055C	YPR034W
YHR174W	YOL135C
YMR049C	YMR229C
YKL014C	YOL127W
YLR044C	YNL127W
YFR030W	YIL094C
YLL039C	YLR039C
YDR247W	YKL193C
YMR020W	YNL246W
YJR145C	YNL055C
YGL112C	YMR236W
YBR035C	YLL039C
YBL039C	YDL055C
YGR060W	YHR190W
YER122C	YIL095W
YJL123C	YOL128C
YDR129C	YMR246W
YBL043W	YMR117C
YDL212W	YJR015W
YDL097C	YDR427W
YCR106W	YEL072W
YDR247W	YHL024W
YBR010W	YNL054W
YGR281W	YJR066W
YHL009C	YPL141C
YEL003W	YJL179W
YGL031C	YGR281W
YBR198C	YJR072C
YDR297W	YPL076W
YGR082W	YNL070W
YGR019W	YHR165C
YGL181W	YNL243W
YDR091C	YPR041W
YGL076C	YHR085W
YNL007C	YNL229C
YGL031C	YMR242C
YDL065C	YNL214W
YIL019W	YLR441C
YBR189W	YDR418W
YGL181W	YGR241C
YFR031C-A	YNL175C
YGL105W	YLR138W
YGR132C	YJL183W
YHR135C	YJL148W
YGR104C	YNL209W
YGL076C	YMR142C
YGL200C	YGR284C
YGL066W	YGR252W
YBR200W	YLR318W
YLR248W	YPR091C
YKR081C	YOR063W
YKR008W	YLR357W
YBL023C	YLL004W
YHR161C	YMR183C
YBR151W	YNL126W
YGR023W	YKL119C
YAL005C	YIL091C
YCL014W	YPR161C
YDL175C	YPR191W
YKL127W	YOL045W
YAL038W	YDL055C
YMR142C	YOL120C
YAL035W	YJR123W
YCR088W	YNL138W
YDR028C	YGR252W
YBL033C	YNL255C
YDR087C	YKL180W
YMR142C	YOR063W
YDL226C	YER118C
YMR110C	YNL121C
YHR020W	YNL255C
YDR471W	YNL096C
YHR007C	YLL039C
YDL088C	YNL154C
YJL059W	YLR022C
YHR161C	YNL020C
YNL255C	YPL181W
YDR121W	YER165W
YKL180W	YLR441C
YML074C	YOR341W
YDR207C	YIL084C
YHR079C	YNL097C
YGR237C	YML056C
YDR330W	YGR003W
YDL075W	YGR085C
YNL131W	YOR039W
YBL003C	YGR252W
YBR221C	YFR004W
YML046W	YML049C
YDR424C	YIL095W
YGR054W	YOR276W
YEL034W	YPR173C
YDL125C	YNL154C
YAL005C	YGR237C
YHR052W	YPL141C
YML010W	YNL201C
YFL039C	YLL039C
YMR285C	YNL154C
YEL017C-A	YNL194C
YFR014C	YLR102C
YFR004W	YIL109C
YEL054C	YHR197W
YGR180C	YOL045W
YLL039C	YOL081W
YKL143W	YPL266W
YKL057C	YLL039C
YDL100C	YDR451C
YLR075W	YML065W
YGR280C	YPL110C
YLL045C	YNL112W
YDR190C	YPL240C
YCR012W	YLR044C
YGR126W	YJR084W
YBR196C	YLR249W
YJL173C	YMR105C
YGR173W	YLL024C
YJR095W	YLL039C
YML057W	YPR115W
YBR247C	YNL096C
YDR135C	YIL035C
YNL066W	YNL154C
YJR053W	YNL238W
YBL093C	YGR104C
YIL113W	YNL138W
YAL035W	YMR242C
YBL002W	YER030W
YHR035W	YPR119W
YLL039C	YOR261C
YDL097C	YLL039C
YJR109C	YKL104C
YMR049C	YOR361C
YDR364C	YDR523C
YLL026W	YOL111C
YDR307W	YKL065C
YLL039C	YPR120C
YDR093W	YLL039C
YCR088W	YOR284W
YBL061C	YDR247W
YBR059C	YHR161C
YOR157C	YPR103W
YDL065C	YOL147C
YCR073C	YMR165C
YGL090W	YPR120C
YDR486C	YLR181C
YLL039C	YOL087C
YGL140C	YKL117W
YBR183W	YPL227C
YHR139C	YPL026C
YHR135C	YPR019W
YLL039C	YPL019C
YNL124W	YOL040C
YDL075W	YPL037C
YLR249W	YOL013C
YBL007C	YPR030W
YDR238C	YOR363C
YML010W	YOL145C
YLR342W	YNL255C
YCR069W	YLL039C
YIL125W	YKL198C
YDL165W	YKL166C
YAR007C	YOR304W
YCR024C-A	YLL023C
YBR048W	YOR096W
YDL130W	YLR287C
YDL200C	YGL121C
YNL209W	YPR119W
YGR279C	YNL255C
YGL073W	YHR099W
YJR097W	YNL255C
YHR065C	YMR106C
YGL058W	YLR377C
YDR100W	YGR177C
YBR234C	YLL039C
YBL003C	YDL031W
YGL245W	YLL039C
YHR169W	YHR179W
YCL011C	YMR216C
YER178W	YIR010W
YCL027W	YLR117C
YDR303C	YMR091C
YGL059W	YLR003C
YBR161W	YMR091C
YLR326W	YNL154C
YLR293C	YMR308C
YBL039C	YGL137W
YIR015W	YNL221C
YMR129W	YPR080W
YGR161C	YMR299C
YFR052W	YIL075C
YJR007W	YPL237W
YIR010W	YOR090C
YAL024C	YPR145W
YDR212W	YOR119C
YJR076C	YLR027C
YBL002W	YPR161C
YER035W	YPL004C
YIR010W	YML032C
YDR036C	YJR113C
YDL125C	YDR388W
YIL033C	YNL027W
YMR048W	YOR153W
YNL126W	YOR043W
YBR059C	YML014W
YBR031W	YKR081C
YHR001W-A	YLL039C
YDR101C	YFR004W
YBR161W	YJL014W
YDR190C	YPR152C
YBR049C	YGL234W
YDR118W	YMR134W
YLR370C	YNL138W
YKL035W	YPL240C
YBL072C	YDL060W
YDR100W	YDR479C
YKL116C	YMR203W
YDR293C	YMR105C
YGL147C	YLR406C
YJR065C	YLR429W
YDL047W	YGR184C
YGR214W	YLL039C
YPL084W	YPR173C
YHR135C	YPR083W
YEL055C	YHR196W
YAR007C	YLR086W
YDR300C	YGR092W
YFR014C	YOR089C
YLR276C	YMR229C
YLR304C	YMR246W
YDR501W	YJL151C
YKL104C	YNL313C
YDL088C	YGR229C
YCR091W	YDL006W
YFR004W	YMR285C
YHR135C	YHR179W
YBR194W	YCR030C
YEL039C	YNL154C
YBL021C	YOR358W
YBL003C	YBR202W
YER020W	YOR371C
YIL009W	YML086C
YGL259W	YHL042W
YMR246W	YPL206C
YBR130C	YLR274W
YJR072C	YMR106C
YGR078C	YML094W
YLR268W	YOL111C
YDR394W	YIL075C
YHR099W	YJL081C
YIL094C	YKR048C
YCR020W-B	YLR321C
YDR129C	YOL013C
YFL037W	YNL212W
YHL019C	YKL135C
YIL034C	YOR181W
YBR274W	YLR152C
YMR041C	YOL100W
YFR004W	YNL302C
YFR004W	YJR133W
YNL002C	YPL141C
YBR198C	YMR227C
YDL083C	YJL177W
YGL180W	YLR192C
YDR472W	YMR218C
YDR224C	YER030W
YDL002C	YFL039C
YBL005W	YDR176W
YLL045C	YOL041C
YBR142W	YOR063W
YIL084C	YKL185W
YGL227W	YLR377C
YFR004W	YNL044W
YBR239C	YDR388W
YGR274C	YLR399C
YOR187W	YPL259C
YML065W	YMR194W
YBR146W	YGR215W
YNL225C	YOL091W
YAL005C	YGL064C
YDR170C	YLR342W
YKL135C	YLR330W
YKL089W	YOL054W
YGL150C	YPL127C
YAL038W	YDL207W
YKR081C	YMR049C
YBR194W	YKR006C
YAL005C	YNL007C
YFR031C-A	YGL076C
YDR412W	YNL229C
YDR170C	YLL039C
YER149C	YNL293W
YAL038W	YDR130C
YIR010W	YNL172W
YDR171W	YPL240C
YHR094C	YKL065C
YGL059W	YOR083W
YMR142C	YOR204W
YBR102C	YBR200W
YGR013W	YPR182W
YGL129C	YIL093C
YGR241C	YHR016C
YNL209W	YPL020C
YBR295W	YIL030C
YDR392W	YGR252W
YIL149C	YNL126W
YDR012W	YNL251C
YGL147C	YMR194W
YGR159C	YML065W
YDL207W	YKL057C
YOR341W	YPR010C
YDR322W	YDR405W
YGL127C	YLR071C
YFL039C	YGR229C
YBL007C	YNL152W
YJR123W	YMR142C
YBL037W	YNL307C
YCL010C	YMR236W
YHR079C	YKR105C
YJL069C	YLR222C
YDR026C	YPL174C
YLR022C	YMR229C
YBR049C	YPR152C
YHR099W	YOL083W
YDR434W	YHR007C
YNL255C	YPR191W
YBR247C	YNL075W
YJL092W	YKR048C
YJL014W	YOR230W
YKL185W	YLL039C
YIR010W	YNL064C
YGR192C	YJL052W
YBR194W	YML010W
YGL105W	YJL187C
YOL041C	YOR063W
YAL005C	YOL111C
YBR194W	YOL016C
YIR010W	YJL148W
YDR471W	YKR081C
YGL040C	YML064C
YIL078W	YKL198C
YGL207W	YPL141C
YBL101C	YOR124C
YHR137W	YLR278C
YDL014W	YDR507C
YGR192C	YKL152C
YNR054C	YOL120C
YEL030W	YKL191W
YOR124C	YPR030W
YBL021C	YKL109W
YHL007C	YMR053C
YKR068C	YLR342W
YDR523C	YOR157C
YJR066W	YMR183C
YGR184C	YJL092W
YBR079C	YPL001W
YDR212W	YKL089W
YDR405W	YNL005C
YAR018C	YLR342W
YBL016W	YGL082W
YDL212W	YDR307W
YOR083W	YPL240C
YAL053W	YCR030C
YLR075W	YMR242C
YDR150W	YDR247W
YER149C	YOL112W
YJL157C	YMR199W
YGL180W	YHR009C
YAL035W	YEL054C
YHR197W	YNL113W
YDR496C	YNL255C
YBR168W	YDL065C
YDR207C	YOR337W
YNL124W	YOL149W
YDR086C	YOR254C
YHR174W	YNL255C
YCR088W	YPL008W
YBL016W	YHL019C
YEL061C	YER012W
YFR040W	YLR222C
YLR170C	YPR029C
YGR200C	YMR236W
YER072W	YGL179C
YBR106W	YKR106W
YKL152C	YOR098C
YDL044C	YLR139C
YDR301W	YOL145C
YER128W	YFR014C
YBL007C	YCR088W
YGL180W	YLR423C
YBR059C	YNL227C
YDR299W	YJR002W
YGR229C	YKR099W
YHR083W	YMR203W
YLR318W	YPL240C
YJL076W	YOR341W
YDR324C	YOL108C
YAL024C	YLR388W
YJL014W	YLR259C
YDL207W	YMR255W
YAL030W	YPR032W
YER032W	YMR117C
YGL031C	YOL127W
YCR046C	YLR312W-A
YCL011C	YFR004W
YJR070C	YOL100W
YFR004W	YMR226C
YFR004W	YPR041W
YER105C	YLL039C
YBL092W	YOL040C
YBR189W	YJR145C
YCR066W	YGL058W
YDR207C	YOR355W
YDR087C	YOR063W
YLL039C	YOR283W
YNL062C	YOR361C
YBR130C	YLL039C
YJL092W	YOL104C
YGR089W	YLL039C
YDR012W	YML065W
YHR007C	YHR042W
YFR046C	YIR010W
YDR212W	YJL014W
YDR538W	YMR304W
YDL123W	YLL048C
YIR010W	YMR100W
YCR030C	YNR047W
YNR022C	YPR119W
YDR412W	YGL111W
YAL013W	YKL185W
YDR174W	YDR335W
YIL079C	YML056C
YDR100W	YGL137W
YJL140W	YNL255C
YHL042W	YLR018C
YLL016W	YLR310C
YGR159C	YOL016C
YDR408C	YOR361C
YBR193C	YDR308C
YLL039C	YNL012W
YBR207W	YHR094C
YBL092W	YJR123W
YCL011C	YDL014W
YDR062W	YLR350W
YLR265C	YLR424W
YLR312W-A	YOL027C
YNL251C	YNL330C
YGR278W	YKR086W
YBR198C	YNL216W
YDR224C	YPR052C
YJL187C	YPR139C
YLL039C	YNL074C
YDL075W	YNL301C
YDR471W	YGL147C
YBL092W	YLR287C-A
YBR142W	YDR170C
YFL022C	YLR060W
YHR135C	YNL055C
YCR082W	YGL207W
YGR295C	YLR343W
YHL048W	YPR028W
YIR035C	YLR401C
YGR046W	YLR259C
YBR031W	YGR214W
YHR135C	YLR125W
YDR414C	YEL004W
YLR249W	YNL307C
YDR172W	YFL039C
YKR086W	YPL178W
YAR027W	YLR214W
YFR009W	YHL039W
YDR238C	YER122C
YGL011C	YKR070W
YAR007C	YBR049C
YAL035W	YDR091C
YBR031W	YDR496C
YJL189W	YML065W
YKR003W	YPR173C
YGL116W	YJL014W
YHR135C	YKL048C
YDR394W	YOL117W
YMR055C	YNL335W
YFL005W	YNL293W
YBR031W	YBR189W
YKL028W	YLR167W
YGL051W	YJL106W
YKL060C	YNL127W
YLL039C	YLR219W
YIR017C	YNL103W
YBL008W	YNL206C
YGR295C	YMR221C
YGL200C	YPL227C
YDR044W	YOR093C
YNL238W	YOL031C
YEL009C	YOL148C
YDR265W	YMR026C
YLR011W	YOR028C
YDL047W	YFR019W
YEL009C	YGL201C
YKL104C	YLL039C
YKL159C	YLR433C
YDL052C	YFR009W
YGL092W	YJL039C
YLR276C	YOL127W
YML127W	YMR091C
YDR318W	YLR381W
YDR310C	YPR152C
YBL061C	YMR242C
YCR091W	YNL045W
YDR394W	YFR010W
YDR190C	YIR010W
YGL006W	YML018C
YBR207W	YGL006W
YJR097W	YNL092W
YJR075W	YLL039C
YBL045C	YDR388W
YDL168W	YFR004W
YFR004W	YKL060C
YDR295C	YJR112W
YHR191C	YNL290W
YER146W	YLR058C
YBL003C	YKR092C
YFL009W	YOL133W
YIR010W	YNL262W
YDR240C	YPL178W
YDR130C	YGR159C
YDR080W	YGR013W
YDR288W	YLR007W
YER013W	YMR125W
YBR247C	YDL060W
YDR063W	YFL039C
YLL039C	YML101C
YBR107C	YDR318W
YLR380W	YLR429W
YFR004W	YGL039W
YBR079C	YOR361C
YAL038W	YOR160W
YNL175C	YPL220W
YLL039C	YNL141W
YCR012W	YEL031W
YOR153W	YPL058C
YLR075W	YOR063W
YDR080W	YNL238W
YDR174W	YER095W
YJR123W	YPR137W
YBR193C	YGL253W
YBL003C	YPL235W
YFR011C	YOL006C
YAR018C	YOL054W
YGL174W	YGL216W
YBL002W	YPL047W
YOR275C	YPR173C
YMR227C	YPL248C
YMR071C	YOL016C
YDR471W	YOR063W
YLR332W	YMR299C
YER047C	YER095W
YDL002C	YGR092W
YGL076C	YLR441C
YCR004C	YMR086W
YER103W	YLR293C
YBL007C	YGR227W
YDR091C	YLL045C
YBR090C	YHR135C
YGL234W	YKL166C
YDR101C	YNL209W
YHL009C	YMR314W
YBR010W	YDR469W
YLR016C	YLR086W
YGR280C	YJL148W
YLL024C	YMR229C
YGL206C	YGR241C
YER034W	YHR135C
YJR066W	YMR011W
YPR112C	YPR154W
YAR007C	YDR129C
YJL081C	YLR085C
YBL003C	YJL076W
YER012W	YJL130C
YCR091W	YGL245W
YHL011C	YOR133W
YGL087C	YOL081W
YFR013W	YIR010W
YBL016W	YPR086W
YGL181W	YHR161C
YLL039C	YOL133W
YDL097C	YFR004W
YCL037C	YGL014W
YER172C	YJR068W
YOL040C	YOR063W
YFR004W	YJL052W
YCL054W	YDL014W
YDR412W	YJL039C
YER146W	YHR165C
YOR233W	YOR294W
YNL255C	YNR032C-A
YDR190C	YLL039C
YKL082C	YOL041C
YDL239C	YKL042W
YDR388W	YHR079C
YIL050W	YJL084C
YJL014W	YOL146W
YER032W	YHR114W
YGR132C	YNL055C
YDR130C	YMR194W
YLL039C	YML130C
YCR084C	YNL025C
YJL138C	YOL013C
YER165W	YOR098C
YFR004W	YHR068W
YAL035W	YJR007W
YLL006W	YNL070W
YBR109C	YKR025W
YIL158W	YNL255C
YGR167W	YLR330W
YIR010W	YJR144W
YOR096W	YPL220W
YCL010C	YGR252W
YMR125W	YPR182W
YOR285W	YPR183W
YCR088W	YIL095W
YGL023C	YNL183C
YGR021W	YNL255C
YDR392W	YHR099W
YGL189C	YNL255C
YNL162W	YOL097C
YMR146C	YOR361C
YLL039C	YMR261C
YHL029C	YLL039C
YIL016W	YPL264C
YDR129C	YNL138W
YBR267W	YDR101C
YDL083C	YLL045C
YMR314W	YPR103W
YBR154C	YGR200C
YBL023C	YGL201C
YAL053W	YLR342W
YFR031C-A	YOL040C
YCR053W	YFR004W
YDL160C	YOR204W
YML065W	YPL220W
YFR004W	YLR044C
YGL233W	YJL036W
YDR418W	YDR471W
YLR310C	YNL025C
YDL190C	YER057C
YER040W	YNL229C
YBR059C	YIL095W
YBR011C	YPL111W
YBL002W	YGR054W
YGR030C	YIR015W
YKL166C	YOR002W
YJL098W	YNL055C
YGL129C	YJR101W
YGL006W	YJL178C
YBL072C	YLL045C
YDL100C	YHR128W
YDL030W	YOR159C
YGR253C	YOR157C
YFL017C	YGR135W
YIR010W	YJR112W
YGL141W	YLL039C
YBR254C	YGR143W
YGL179C	YNL293W
YBR010W	YER147C
YBR278W	YNL255C
YKL028W	YPR052C
YGL066W	YMR186W
YDR418W	YNL255C
YCL054W	YPR161C
YFR004W	YLR060W
YGL011C	YGR253C
YEL018W	YFL024C
YDR388W	YIL156W
YML029W	YNL294C
YDR171W	YPR010C
YML083C	YNL154C
YEL034W	YNL085W
YDR407C	YMR218C
YEL018W	YNL136W
YNL255C	YNR007C
YDL014W	YPR152C
YDL207W	YGR192C
YGL207W	YHL007C
YBL016W	YDR440W
YBR109C	YNL281W
YGR111W	YLL039C
YDR471W	YFR004W
YBL002W	YPL001W
YLR044C	YLR249W
YGL179C	YGR135W
YCR020W-B	YGR056W
YFL038C	YOR115C
YBR285W	YHR079C
YDL159W	YDR356W
YFL026W	YJR066W
YDR427W	YGR067C
YGL200C	YNL130C
YGL058W	YPR161C
YKL089W	YPR018W
YDR430C	YER178W
YOL091W	YOR373W
YMR109W	YOR181W
YBR010W	YOR290C
YBR010W	YJR119C
YLL039C	YNL103W
YLR447C	YNL255C
YGL245W	YPR152C
YIL094C	YLR048W
YDR131C	YOL025W
YJR091C	YNR048W
YOR039W	YPL235W
YMR010W	YNR028W
YBR166C	YNL317W
YGR085C	YOR063W
YOR127W	YOR326W
YKL060C	YLR044C
YIL048W	YLL039C
YGL234W	YJR068W
YBR154C	YNL255C
YLR019W	YLR310C
YBR251W	YJR101W
YDL083C	YOL040C
YJR040W	YPL240C
YAR027W	YHR048W
YBR031W	YDL083C
YIR010W	YKL152C
YER048W-A	YKL192C
YNL154C	YPR091C
YDL083C	YPL249C-A
YDR100W	YML018C
YDL030W	YDR421W
YGL256W	YLR182W
YKR008W	YMR091C
YDR388W	YLR144C
YNL041C	YOR304C-A
YBR154C	YLR223C
YDL101C	YJR104C
YIL070C	YLR332W
YKL109W	YOR290C
YJR091C	YLR156W
YDL233W	YGL216W
YHR188C	YLR088W
YDR482C	YKL095W
YOL120C	YOR361C
YBR059C	YHR063C
YBL092W	YGL014W
YNL255C	YNL301C
YLR085C	YLR259C
YHR016C	YMR109W
YDR224C	YHL007C
YIR010W	YOR341W
YDR471W	YOL040C
YPL248C	YPR086W
YNL048W	YPL076W
YGR092W	YMR165C
YGR092W	YKL077W
YHR024C	YLR172C
YBR010W	YLL004W
YER165W	YHR165C
YGR129W	YNL255C
YLL039C	YLR293C
YCL014W	YPR119W
YDR312W	YFR014C
YAL005C	YOR098C
YER036C	YLL011W
YBR198C	YDR176W
YDR122W	YGR097W
YBR263W	YFR031C-A
YLL039C	YMR207C
YOR294W	YPL180W
YJR066W	YKL161C
YDR388W	YIL094C
YLR222C	YMR093W
YHR135C	YOR204W
YBL003C	YCL054W
YIL107C	YLL039C
YGL059W	YNR039C
YBL075C	YNL255C
YBR112C	YCL067C
YGR294W	YPL240C
YBR194W	YNL138W
YIR010W	YOR026W
YDR357C	YKL061W
YLR287C-A	YNL255C
YJL092W	YLR384C
YBR193C	YDL005C
YOR181W	YPL246C
YDR388W	YNL255C
YJR076C	YNL166C
YBL092W	YJL177W
YKL152C	YLL039C
YDR028C	YER129W
YLR117C	YPR101W
YDL190C	YML100W
YFR052W	YLR421C
YKR068C	YMR218C
YFL013C	YGL150C
YER164W	YOR039W
YGL189C	YML065W
YLR084C	YOR153W
YBR079C	YDL019C
YOL018C	YPR183W
YGR281W	YOR273C
YBR196C	YDR172W
YDL067C	YNL052W
YGL014W	YGL070C
YDR032C	YMR106C
YJL076W	YLR429W
YBR102C	YLL039C
YIL156W	YPR154W
YDR285W	YKL166C
YEL002C	YOL003C
YDR212W	YOR230W
YGL246C	YOL120C
YFR004W	YKL182W
YDR265W	YOL044W
YEL017C-A	YJR117W
YER015W	YLR098C
YEL042W	YPL240C
YLR249W	YOR081C
YJL035C	YLR316C
YNL255C	YOR204W
YDR359C	YEL018W
YEL034W	YOL133W
YGR056W	YPR034W
YIL142W	YJL014W
YBL072C	YFR004W
YGL076C	YJR145C
YKR104W	YLR214W
YOR070C	YOR089C
YFR004W	YNL141W
YLR330W	YNL045W
YBL002W	YOL006C
YDR301W	YMR033W
YKL185W	YNL097C
YOR133W	YPL235W
YDL002C	YOR304W
YDR168W	YGR123C
YGR179C	YOR026W
YLL039C	YPR080W
YCR088W	YDR388W
YBR199W	YOL018C
YBR105C	YIL097W
YDR295C	YNL021W
YDL055C	YOR133W
YJR014W	YNL255C
YHR179W	YMR201C
YFL050C	YOL130W
YDR107C	YGL200C
YLR375W	YNL154C
YDR101C	YLR397C
YDL193W	YPL240C
YGL111W	YNL002C
YJL057C	YOL125W
YBR031W	YNL301C
YFL005W	YHR094C
YGR021W	YHR135C
YDL239C	YOR304C-A
YBL045C	YGR112W
YLR425W	YPL066W
YGL180W	YLR375W
YGR030C	YHR062C
YIR017C	YJR112W
YHR007C	YLL006W
YFR052W	YOR181W
YBL061C	YDL044C
YBL050W	YLR268W
YLR449W	YOL127W
YBR200W	YJL187C
YJL177W	YMR194W
YHL024W	YOL100W
YCR068W	YFL062W
YLR103C	YNL330C
YHR135C	YOR119C
YGL190C	YPR154W
YIR010W	YOR096W
YLR223C	YOR039W
YHR157W	YKL166C
YKR025W	YOL021C
YAL013W	YPL181W
YAL024C	YHR174W
YJL081C	YPL235W
YLR467W	YNL255C
YML065W	YMR142C
YBL092W	YGL031C
YDR359C	YJL081C
YGL179C	YLR276C
YBR253W	YHL033C
YBR278W	YCL032W
YDL014W	YOR063W
YDR379W	YKL166C
YDR247W	YIL033C
YFR004W	YIL075C
YHR135C	YNL154C
YDL200C	YDR224C
YMR048W	YOR124C
YJL151C	YKL140W
YLL039C	YOR163W
YEL009C	YFL024C
YFL038C	YOL125W
YDR173C	YNL201C
YIL084C	YNL097C
YDL101C	YDR217C
YGR097W	YKL116C
YDR256C	YMR033W
YDR032C	YHR001W
YJR084W	YOL117W
YCL010C	YHR099W
YDR364C	YGR278W
YGR133W	YOL147C
YBR072W	YLL039C
YDR087C	YMR229C
YCL014W	YNL209W
YJR005W	YKL135C
YKR048C	YPR086W
YCR011C	YNL154C
YDR012W	YNL301C
YBR106W	YMR292W
YMR227C	YNL027W
YLL039C	YLR260W
YHL011C	YMR186W
YMR186W	YNR031C
YER178W	YOR090C
YGR253C	YPR103W
YER022W	YPR168W
YFR004W	YOR280C
YDL055C	YHL011C
YGR195W	YHR069C
YCR038C	YLR353W
YBR079C	YJR145C
YDR213W	YML111W
YJR112W	YKR022C
YBR107C	YJR135C
YHR169W	YLR249W
YOL027C	YPL173W
YHR119W	YJL111W
YAR007C	YNL312W
YHR114W	YOR389W
YAL005C	YPL165C
YFR052W	YMR314W
YMR192W	YNL209W
YDL203C	YDR247W
YDR412W	YEL054C
YBR189W	YML056C
YJL084C	YNL183C
YBR048W	YDR130C
YGR052W	YNL076W
YCR030C	YGR241C
YDL115C	YGL179C
YBR253W	YPR168W
YDR247W	YGL208W
YNL052W	YOR231W
YIL051C	YIL070C
YMR172W	YOR039W
YJL057C	YLR287C
YBR106W	YMR215W
YBR031W	YGL147C
YGR252W	YNL255C
YDR388W	YLR355C
YDR001C	YPL240C
YHR169W	YJR002W
YIL095W	YPR152C
YAR007C	YPR161C
YBL034C	YFL037W
YGL076C	YOL120C
YLR293C	YPL009C
YLR256W	YNL064C
YJL092W	YLL019C
YDR087C	YNL061W
YGR284C	YHL048W
YDL030W	YER172C
YBL072C	YPR152C
YGR258C	YPL248C
YNL255C	YOR265W
YGR120C	YNL287W
YJL138C	YLR380W
YBR077C	YKR007W
YBR273C	YLL039C
YFR004W	YHR128W
YER089C	YFR004W
YGL137W	YLL039C
YNL124W	YPL079W
YBL092W	YDL083C
YFL005W	YOL018C
YER012W	YGR232W
YER013W	YLR117C
YBL003C	YOL006C
YNL154C	YOR276W
YGL180W	YMR049C
YDL111C	YOL021C
YJR066W	YNL243W
YBL072C	YDL014W
YGR252W	YHR008C
YBL003C	YPL090C
YBR196C	YLR088W
YDR342C	YMR049C
YDR100W	YML110C
YBL002W	YOL054W
YGL211W	YOR251C
YIR010W	YLR044C
YGL198W	YNL263C
YIL130W	YLR116W
YLR457C	YNL255C
YJR002W	YNL075W
YBL072C	YJL177W
YBL002W	YDR496C
YKL058W	YOR093C
YKL116C	YOL125W
YKR081C	YOL127W
Q0085	YML081C-A
YBL003C	YJR144W
YFR004W	YGR173W
YLR429W	YPR093C
YBL008W	YJR140C
YDL207W	YPR080W
YBL003C	YLR186W
YBL104C	YPL240C
YBR119W	YLR298C
YKR088C	YOL018C
YBR167C	YIR015W
YAL005C	YGL181W
YPR052C	YPR056W
YGL137W	YKL166C
YGL059W	YIL070C
YJR145C	YOL120C
YGL116W	YPR119W
YDR471W	YMR086W
YJR123W	YOR063W
YDR091C	YMR146C
YMR106C	YOR142W
YLL011W	YPR137W
YBL011W	YNL307C
YHR069C	YOL142W
YKR048C	YNL209W
YBL092W	YGR085C
YHR094C	YLR332W
YMR216C	YMR304W
YFR004W	YHR216W
YDR247W	YPR115W
YGL058W	YML101C
YDR092W	YGL087C
YCR073W-A	YGL059W
YDR171W	YOR181W
YFR001W	YOR063W
YAL053W	YER145C
YDL014W	YDR117C
YBL003C	YMR223W
YER036C	YNL255C
YDL030W	YHR165C
YER095W	YNL085W
YIR010W	YOR004W
YLL039C	YNL326C
YDR207C	YPL181W
YGR085C	YJR123W
YDR368W	YFR004W
YHR023W	YOR326W
YDR412W	YGL246C
YJL178C	YNL255C
YDR507C	YPR083W
YDR439W	YGL180W
YAR002W	YBR194W
YGL127C	YOR128C
YGR089W	YHL010C
YBL003C	YGL227W
YGL180W	YOR340C
YMR125W	YPL151C
YBR194W	YGR186W
YFR031C-A	YKL180W
YJL107C	YOR265W
YDR422C	YER129W
YML086C	YNL007C
YBR112C	YGR252W
YLR310C	YPL100W
YGL116W	YIL142W
YGR017W	YLR072W
YBR207W	YNL255C
YGL014W	YOL127W
YDR356W	YOR373W
YHR135C	YMR229C
YJR135C	YOL054W
YBL076C	YPL235W
YMR292W	YPL246C
YFR049W	YOR047C
YLR203C	YLR429W
YDL031W	YHR197W
YDR177W	YER012W
YBR078W	YOL133W
YDR419W	YPR160W
YNL027W	YNL307C
YAL034W-A	YGR179C
YDR392W	YGL112C
YDL199C	YMR243C
YJR139C	YMR186W
YNL095C	YPR198W
YBR048W	YOL127W
YGL070C	YPR093C
YFR004W	YLR058C
YDL006W	YPL141C
YCR091W	YMR216C
YGL137W	YKR007W
YDL030W	YGR179C
YGL181W	YPL049C
YDL060W	YIL095W
YGL147C	YOL127W
YDR174W	YMR123W
YBL018C	YBR167C
YEL034W	YKL047W
YNL258C	YOR075W
YBR274W	YOL012C
YDR430C	YFL018C
YMR291W	YOR089C
YLR148W	YPL045W
YDR142C	YJL014W
YFR014C	YMR087W
YCR084C	YDR308C
YBR107C	YGR179C
YJL177W	YOL016C
YHR118C	YOR294W
YER022W	YMR112C
YBR274W	YDR516C
YDR388W	YER129W
YFL034W	YPL110C
YLR438C-A	YPR080W
YFR014C	YKL042W
YJL222W	YKL065C
YER020W	YLL039C
YJR145C	YPR041W
YLR131C	YPR086W
YDR009W	YOL133W
YDR471W	YLL039C
YDL001W	YLL039C
YBR200W	YDR379W
YDR168W	YGL201C
YML010W	YPL228W
YDR174W	YMR242C
YGR284C	YPL218W
YFR032C-A	YNL255C
YGL180W	YLR265C
YIL019W	YOR096W
YGL076C	YMR086W
YLL013C	YOL128C
YBR098W	YHR016C
YLR117C	YPR152C
YGR092W	YJR142W
YDR167W	YER164W
YHL023C	YNL307C
YBL075C	YLR310C
YGR060W	YML075C
YEL034W	YJR047C
YLL039C	YMR183C
YHR179W	YMR106C
YIL142W	YNL317W
YHR135C	YHR156C
YJR144W	YMR137C
YAL016W	YHR135C
YIL113W	YKL161C
YJR132W	YPR093C
YNL238W	YPL076W
YOL034W	YOR284W
YDR324C	YPR137W
YGL180W	YMR140W
YOL137W	YPL240C
YBL079W	YPR080W
YGR029W	YLR424W
YHR087W	YNL255C
YBL072C	YNL255C
YGR275W	YKR008W
YJR123W	YKL180W
YER036C	YLR249W
YNR033W	YOL045W
YHR001W	YOR273C
YCL037C	YIR010W
YFR014C	YNL021W
YDL101C	YPL177C
YBL045C	YFR004W
YDR463W	YJR090C
YBR058C	YFR004W
YDR486C	YLR025W
YLR085C	YPL235W
YIL027C	YMR112C
YGL256W	YNL307C
YER186C	YMR117C
YKL060C	YOL135C
YLR075W	YMR194W
YBR142W	YHR052W
YDR100W	YPL100W
YGL147C	YKL180W
YBR105C	YPR010C
YGL206C	YNL007C
YDR174W	YLR455W
YBL075C	YDR044W
YNL112W	YPR152C
YGL180W	YLR125W
YGL129C	YOL027C
YDR335W	YPR010C
YLL045C	YPL249C-A
YIL062C	YNL243W
YFL038C	YLR268W
YOR204W	YPL090C
YGR081C	YPL240C
YCR030C	YIL095W
YMR194W	YNL124W
YKR008W	YMR125W
YGR017W	YNL255C
YDR388W	YJR043C
YCL024W	YJL187C
YBL031W	YLR293C
YGR082W	YML086C
YBR106W	YGL051W
YGL021W	YLL015W
YIL068C	YJL085W
YFL033C	YOL081W
YDL015C	YGR060W
YHR165C	YKL152C
YDR374C	YIL051C
YDL207W	YDR172W
YFR004W	YLL045C
YBR194W	YLL026W
YDR032C	YDR369C
YJL106W	YNL116W
YLR276C	YMR049C
YFL014W	YNL312W
YHL033C	YKL180W
YDL137W	YER122C
YDL060W	YOL041C
YLL039C	YOR329C
YDR087C	YMR048W
YFR010W	YJR066W
YGR229C	YPL240C
YIL035C	YPL181W
YAR002W	YPR152C
YBR189W	YBR194W
YDR087C	YML065W
YPL220W	YPR102C
YCL025C	YDL212W
YFR004W	YFR044C
YDR087C	YKR081C
YGL031C	YLR342W
YCL010C	YDR392W
YAL005C	YNL004W
YLL024C	YLL039C
YNL255C	YOR089C
YIL033C	YKL166C
YFR001W	YNL061W
YDL060W	YML010W
YDL052C	YLR144C
YJR109C	YPL235W
YLR022C	YOR063W
YDR484W	YKR020W
YBR109C	YEL034W
YJR098C	YMR304W
YGL187C	YGR112W
YER054C	YKL166C
YJL151C	YMR152W
YKL144C	YOR116C
YBR048W	YDR299W
YKL182W	YML100W
YGL137W	YNL287W
YDL031W	YML010W
YFL034W	YHL019C
YBL072C	YCL011C
YLL039C	YLR377C
YFL037W	YHR128W
YLL045C	YLR075W
YHR016C	YPR081C
YBR105C	YGR054W
YMR242C	YOR204W
YKL054C	YKL117W
YGL212W	YNL263C
YML064C	YNL255C
YDL204W	YER118C
YGR085C	YNL255C
YDL175C	YIL079C
YMR194W	YNL302C
YDL207W	YER105C
YHR007C	YJR117W
YBR018C	YGL180W
YIL095W	YPR160W
YJL076W	YPL110C
YGR085C	YOR204W
YKL182W	YLR044C
YBR106W	YNR055C
YGR097W	YNL025C
YHR135C	YPL181W
YGL116W	YPL004C
YCR012W	YDL097C
YFR031C-A	YNL096C
YCL025C	YIL016W
YJL084C	YLL039C
YDR412W	YJL177W
YGR179C	YOL054W
YBR258C	YLR015W
YGR281W	YHR007C
YNL124W	YOR096W
YGR215W	YOL027C
YKL180W	YOR063W
YDR482C	YER146W
YLL023C	YMR215W
YGL200C	YHR110W
YDR430C	YNL255C
YLL039C	YOR348C
YNL209W	YOR133W
YDR130C	YNL062C
YCR073C	YJL089W
YER035W	YOL149W
YGL011C	YGR135W
YBL076C	YBR058C
YDR388W	YFR004W
YOR319W	YPR152C
YHR195W	YLL039C
YDR240C	YLR423C
YBL072C	YJR002W
YFL037W	YJR132W
YJL070C	YML035C
YJL138C	YMR083W
YDR130C	YOR204W
YDR260C	YEL060C
YMR106C	YMR108W
YDR472W	YOR115C
YKR068C	YML077W
YHR007C	YKL201C
YNL229C	YNL307C
YEL056W	YGR104C
YJR123W	YML065W
YEL051W	YGL006W
YBL003C	YOL054W
YNL209W	YPR045C
YBR107C	YIR010W
YGL147C	YGL246C
YLL039C	YOR326W
YGR284C	YHR110W
YEL054C	YML065W
YBR109C	YIL095W
YAL053W	YDR497C
YBR079C	YER036C
YFR013W	YNR047W
YDL006W	YPL180W
YPL151C	YPR182W
YEL002C	YLR350W
YDR176W	YER165W
YHR169W	YIR010W
YNL002C	YPL249C-A
YGL104C	YHR114W
YJR014W	YKL166C
YAL009W	YDR211W
YDR001C	YLL039C
YIL075C	YMR314W
YMR304W	YOR326W
YHR094C	YLL006W
YIL034C	YIL062C
YBR112C	YPL177C
YGL179C	YIL156W
YJL106W	YMR100W
YML032C	YPL240C
YKL006W	YML065W
YLR439W	YML065W
YDR324C	YLL011W
YGL112C	YMR227C
YGL076C	YNL175C
YBL003C	YPL032C
YDR334W	YOL012C
YDR176W	YLR423C
YBR137W	YOL111C
YJL092W	YOR174W
YDL060W	YNR054C
YNL075W	YNL255C
YGR052W	YIL045W
YDR507C	YIL010W
YGR092W	YKL140W
YNL206C	YNL255C
YGR185C	YNL255C
YDR224C	YPR019W
YNL209W	YOR081C
YEL051W	YMR106C
YPL240C	YPR128C
YDR012W	YOR096W
YDR412W	YKR081C
YDR434W	YHR188C
YGR092W	YJL098W
YDR176W	YOR023C
YJL036W	YPL201C
YLR117C	YMR125W
YDR036C	YJR101W
YKR081C	YNR053C
YDR405W	YIL070C
YER172C	YNR053C
YBR058C	YDR388W
YDR342C	YJR066W
YMR142C	YNL069C
YCL014W	YHR135C
YDL101C	YHR135C
YAL027W	YLR429W
YDL056W	YNR009W
YGL212W	YPL232W
YBL050W	YGL098W
YJL140W	YPR093C
YJL187C	YOR123C
YMR043W	YMR227C
YBR189W	YLR441C
YGL116W	YMR179W
YDR374C	YOR231W
YBR059C	YNL027W
YBR112C	YNL330C
YDR331W	YOL003C
YER094C	YNL255C
YBR267W	YMR242C
YGR113W	YLR424W
YDR412W	YPL125W
YJL187C	YPR119W
YBR247C	YMR093W
YDR012W	YDR471W
YML065W	YPL249C-A
YKL129C	YOR047C
YGR159C	YNL154C
YDL115C	YMR291W
YLR143W	YMR170C
YJR002W	YPL240C
YFR031C-A	YNL069C
YDR380W	YLL039C
YDL064W	YMR117C
YER165W	YML010W
YML127W	YPR034W
YIR010W	YOR039W
YMR099C	YPL231W
YGL092W	YOR098C
YDL002C	YJR112W
YFR014C	YHR112C
YDR388W	YGL090W
YBL052C	YNL255C
YGL006W	YLL039C
YLR259C	YML065W
YFR004W	YOR204W
YLR346C	YNL255C
YMR031C	YPL004C
YML069W	YPR052C
YJR119C	YLL039C
YDL020C	YMR100W
YLL039C	YNL305C
YIL016W	YNL154C
YFR004W	YPR035W
YDR167W	YGR252W
YLL014W	YML029W
YDR012W	YOL120C
YLL039C	YLR058C
YNL162W	YNL255C
YDR412W	YNL002C
YDL060W	YDR224C
YKR092C	YNL112W
YGR120C	YJL036W
YDR163W	YPL240C
YGL090W	YLR424W
YKL012W	YPR182W
YLR131C	YMR308C
YFR004W	YOR234C
YJR123W	YJR145C
YLL039C	YPL218W
YDL075W	YNL096C
YEL026W	YER172C
YAL060W	YAL061W
YDR496C	YHR052W
YGR195W	YLL039C
YLR293C	YOR160W
YGR135W	YOR261C
YBL038W	YOL027C
YCL025C	YCL027W
YIL035C	YKR022C
YAL005C	YLL024C
YDR026C	YKL089W
YBR264C	YNL044W
YBR010W	YPR019W
YBL002W	YMR223W
YDR364C	YLR117C
YKR086W	YLL036C
YAL003W	YNL255C
YBR167C	YNL221C
YMR193W	YOL027C
YGL070C	YGR186W
YDL208W	YGR280C
YER162C	YKL159C
YBR207W	YDR284C
YGL190C	YNL154C
YNL183C	YPL077C
YDR006C	YLL039C
YPL125W	YPR160W
YJL107C	YJL138C
YGR081C	YNL255C
YBL050W	YNL255C
YJL130C	YPR152C
YDR378C	YDR482C
YBR142W	YHR216W
YBL075C	YGR104C
YGL127C	YOR047C
YOL029C	YPL240C
YIL109C	YKL068W
YAL024C	YML064C
YNR053C	YPL249C-A
YHL029C	YNL032W
YER105C	YKL057C
YCR030C	YOR181W
YMR227C	YNL255C
YAL038W	YHR169W
YBR031W	YDR471W
YER030W	YJL125C
YGL171W	YMR093W
YGR085C	YNL061W
YFR031C-A	YOL120C
YML065W	YNL069C
YDL075W	YLR075W
YDR135C	YOR233W
YFR004W	YOR042W
YBL051C	YPL240C
YLR342W	YNL307C
YBR059C	YMR297W
YJR121W	YML065W
YDR364C	YLR424W
YGR258C	YJL092W
YIR033W	YNL263C
YER052C	YLL039C
YDR177W	YPR103W
YDR429C	YLR192C
YBR059C	YGR159C
YDR388W	YDR416W
YBR194W	YGL031C
YGR234W	YNL085W
YLL036C	YLR441C
YGL111W	YOR005C
YJL069C	YMR229C
YHR174W	YPR152C
YMR026C	YOL147C
YDR411C	YDR479C
YER095W	YJL092W
YBR059C	YMR004W
YCL010C	YPL047W
YJL019W	YPR018W
YDL015C	YPL264C
YAL047C	YLR212C
YDR288W	YOR358W
YDR194C	YDR365C
YLR018C	YLR249W
YDL006W	YDR507C
YFR004W	YGR200C
YBR167C	YNL246W
YIL091C	YMR216C
YHR135C	YOL153C
YLL019C	YLR044C
YCR024C-A	YLR241W
YCL056C	YNL255C
YLR259C	YPL240C
YBL072C	YLR075W
YJL057C	YNL113W
YBR253W	YLR071C
YLR387C	YOR063W
YDR049W	YGR048W
YBR189W	YLR186W
YDR171W	YML065W
YBR193C	YBR253W
YDR247W	YNL295W
YER032W	YLR144C
YDR012W	YOL041C
YDR137W	YLR039C
YDR243C	YLR117C
YDL012C	YOR355W
YML049C	YMR117C
YLL036C	YMR125W
YAR002W	YLL039C
YJL084C	YPR029C
YAR007C	YCR012W
YJR123W	YOR361C
YDR258C	YLR380W
YBR189W	YLL045C
YLR219W	YOR181W
YLL036C	YLR016C
YBR109C	YFR014C
YFR014C	YNR033W
YBL003C	YLR449W
YPL018W	YPR018W
YDR496C	YHR197W
YDR062W	YLR342W
YGR229C	YLR332W
YDR388W	YOR329C
YKL166C	YNL227C
YML049C	YMR125W
YER172C	YGR278W
YGR097W	YNL307C
YHR036W	YJL183W
YGR077C	YOL044W
YEL051W	YKR026C
YER164W	YGL207W
YAL005C	YDR390C
YGL246C	YMR194W
YGL058W	YNL255C
YGR054W	YML010W
YLR438C-A	YOL149W
YCL037C	YNL251C
YHR187W	YKL110C
YDL044C	YMR083W
YDR330W	YOL133W
YLR423C	YPL240C
YMR105C	YMR199W
YEL051W	YJL036W
Q0130	YOL027C
YHR190W	YLL039C
YFR004W	YOL040C
YHR135C	YNL116W
YIL107C	YPL026C
YDR394W	YOR261C
YDR335W	YDR394W
YDR364C	YDR416W
YER089C	YLL039C
YGR214W	YOR361C
YDR300C	YFR004W
YML056C	YOR360C
YML086C	YNL121C
YHR087W	YIL162W
YGR056W	YMR106C
YCR021C	YLR138W
YKL180W	YMR086W
YGR080W	YNL138W
YHR094C	YLL039C
YAL024C	YCL040W
YKL006W	YNL124W
YGL207W	YOL088C
YAL024C	YIL033C
YDR392W	YEL009C
YGR179C	YHR166C
YHL033C	YNL255C
YKL114C	YKL164C
YDR404C	YNL251C
YBR214W	YDL047W
YOL120C	YPL240C
YBR200W	YGL233W
YLR264W	YOR361C
YKL185W	YPL181W
YJL039C	YKL068W
YGR192C	YKL129C
YLR071C	YMR112C
YCR004C	YDL101C
YBR194W	YMR070W
YLL039C	YLR345W
YLR357W	YPR034W
YOR036W	YPL240C
YBR154C	YML065W
YAR002W	YGL086W
YAL024C	YJR123W
YAL047C	YOR373W
YER165W	YPR080W
YGR274C	YJR140C
YFL038C	YML086C
YMR236W	YPL047W
YFR014C	YNL121C
YIR008C	YNL262W
YBL092W	YOL127W
YLR268W	YPL218W
YBR194W	YMR146C
YGR179C	YPL018W
YDR479C	YLL039C
YJL187C	YKL160W
YDR372C	YNL287W
YDR087C	YML010W
YNL227C	YPL026C
YDL074C	YPR080W
YER173W	YNL290W
YOL148C	YPL047W
YBR133C	YGL187C
YDR414C	YGR284C
YKR086W	YPL151C
YLR025W	YPR173C
YDR323C	YMR231W
YBR183W	YNL169C
YDL075W	YJL177W
YCR063W	YER172C
YGR134W	YPL268W
YDR117C	YOR204W
YFL005W	YFR004W
YBL037W	YKR026C
YGL180W	YOL091W
YDR174W	YLR022C
YBR189W	YBR247C
YCL027W	YLR330W
YJL025W	YOR284W
YDL019C	YGR092W
YHR086W	YPR182W
YPR081C	YPR154W
YHR196W	YLL026W
YBR142W	YGL111W
YBR128C	YPL240C
YEL017C-A	YGR284C
YEL009C	YOR174W
YGR097W	YJL106W
YLR125W	YMR030W
YLL039C	YOR254C
YLR449W	YOR340C
YAR027W	YGL104C
YIL084C	YML065W
YDR100W	YHR094C
YGL238W	YGR214W
YNL255C	YPR086W
YAL027W	YBR196C
YIL070C	YPL032C
YBR264C	YJL187C
YCR088W	YDR523C
YBL050W	YOL018C
YBR106W	YLL061W
YBR097W	YLL039C
YDL115C	YJL187C
YHR092C	YJR066W
YLR085C	YLR399C
YLR025W	YNL265C
YDR388W	YLR429W
YNL255C	YOR276W
YER060W	YJL106W
YLR287C	YML029W
YBR101C	YPR154W
YGL233W	YJL085W
YKL095W	YLR424W
YLL039C	YOL027C
YLL039C	YLR034C
YFR004W	YGL206C
YDR156W	YNL113W
YFR004W	YIL041W
YMR242C	YNL302C
YJL098W	YPL049C
YDR244W	YDR265W
YKL135C	YPR010C
YBR194W	YMR240C
YBR072W	YLL024C
YBR079C	YPL237W
YJR132W	YOR098C
YGR284C	YMR215W
YER105C	YMR129W
YNL065W	YPL240C
YDR293C	YGR092W
YHL011C	YOL061W
YFR014C	YLL024C
YHR165C	YML049C
YLR048W	YPR035W
YER129W	YNL225C
YGL200C	YMR307W
YDL014W	YGR085C
YAR027W	YPR128C
YBR078W	YJR066W
YGR120C	YLR423C
YHR079C	YMR165C
YER164W	YLL039C
YDL130W	YDR251W
YOR290C	YPL249C-A
YGL059W	YMR165C
YLL045C	YPL090C
YDR006C	YFR004W
YKL207W	YKR076W
YCL008C	YNL154C
YFR014C	YGR135W
YGR129W	YLR117C
YDR224C	YML065W
YGR200C	YKL110C
YLR268W	YNL258C
YLL039C	YLR047C
YOR361C	YPR152C
YDL065C	YMR026C
YDR130C	YHL033C
YGR060W	YJR117W
YDR405W	YKR006C
YHL011C	YOR090C
YDR404C	YLR071C
YMR093W	YNL075W
YBR154C	YER022W
YER173W	YPL178W
YDR087C	YPL141C
YHR114W	YMR162C
YEL003W	YML094W
YGL198W	YNL304W
YDL207W	YEL024W
YBL007C	YDL203C
YOL016C	YOL100W
YBR080C	YOR036W
YGL180W	YHR081W
YBL042C	YPL058C
YBR234C	YNL243W
YDR479C	YJL097W
YDR453C	YGR185C
YKL085W	YKL108W
YBL072C	YGR054W
YCR066W	YNL312W
YHR179W	YLL060C
YBR106W	YGL200C
YDL160C	YGL137W
YMR140W	YNL154C
YFR014C	YGL023C
YGL180W	YLR257W
YGR155W	YML064C
YBL061C	YJL187C
YBR234C	YLR241W
YGL105W	YOR017W
YJR076C	YMR304W
YJR090C	YOR344C
YLR148W	YOR323C
YGL147C	YGR085C
YJR112W	YPL233W
YDR482C	YMR240C
YCR017C	YGR052W
YFL037W	YKL010C
YAL016W	YFR004W
YCL052C	YLR268W
YGL095C	YOL018C
YGL055W	YLR332W
YBR247C	YJR002W
YAL060W	YLL039C
YDR392W	YPL047W
YHR135C	YOR123C
YHR058C	YOL135C
YML064C	YPL111W
YHR174W	YLR044C
YHR007C	YMR123W
YML069W	YOL054W
YGR268C	YNL255C
YGL201C	YML069W
YJR148W	YLL039C
YHR079C	YLR257W
YBL076C	YNL255C
YDR246W	YOR115C
YIL149C	YNL225C
YNL209W	YOR197W
YBR106W	YGL104C
YBR079C	YNL255C
YGR116W	YML069W
YDL014W	YLR186W
YGL076C	YNL069C
YML065W	YOR063W
YLL045C	YNL175C
YIL027C	YLR350W
YNL069C	YPL090C
YDR172W	YMR186W
YNL330C	YOR083W
YJR123W	YNL004W
YBL003C	YIL026C
YBR109C	YLR356W
YAL005C	YJR140C
YLR424W	YMR125W
YGL127C	YOR174W
YGR104C	YNR010W
YDL014W	YLL011W
YLL024C	YPL181W
YFL017C	YLR438C-A
YDR130C	YNL209W
YMR242C	YNL175C
YBR154C	YLR071C
YGR186W	YKL028W
YBL064C	YHR079C
YER047C	YKL129C
YER146W	YLR117C
YNR053C	YOL120C
YOR361C	YPR086W
YJL166W	YLL039C
YGR120C	YNL086W
YGL092W	YLR208W
YHR046C	YNL262W
YBR010W	YDR457W
YDR001C	YPL216W
YML091C	YMR036C
YBL072C	YNL096C
YIL142W	YOR281C
YBL003C	YKL089W
YFR004W	YGL078C
YMR165C	YOL016C
YEL056W	YHR118C
YBL092W	YKL180W
YGL005C	YNL041C
YBR109C	YKL175W
YDR171W	YPR035W
YDL047W	YKL080W
YDR324C	YPL266W
YKR081C	YLR276C
YDR335W	YHR196W
YDR293C	YPR152C
YDL190C	YJL030W
YDR227W	YNL206C
YBR010W	YMR176W
YBR031W	YHL033C
YHR110W	YKL065C
YBR106W	YJR015W
YKL135C	YPR102C
YDR452W	YNL255C
YFL039C	YFR004W
YDR153C	YGL206C
YDL167C	YPR080W
YER012W	YLL054C
YNL225C	YNL255C
YDL239C	YPL240C
YJL098W	YNL076W
YEL039C	YGR029W
YGR060W	YHR007C
YMR109W	YNL307C
YGL059W	YOR134W
YDL239C	YNL225C
YEL051W	YOR174W
YGR278W	YKL095W
YLR008C	YPL063W
YER122C	YLR268W
YBL075C	YLL060C
YDR150W	YJR112W
YNL255C	YOL002C
YDR330W	YHL007C
YDR059C	YPR103W
YDL141W	YDR087C
YMR242C	YNL002C
YCR073W-A	YER064C
YER118C	YOR127W
YHR196W	YML065W
YER165W	YPL178W
YBR198C	YPL248C
YLL015W	YLL039C
YLR039C	YOR361C
YLL039C	YNL263C
YKL144C	YKR025W
YGL112C	YMR223W
YBL102W	YLL039C
YDR026C	YNL154C
YGL223C	YNL041C
YAL010C	YLL006W
YAR007C	YGL207W
YBR200W	YGL212W
YKL161C	YPL049C
YEL031W	YMR215W
YDL075W	YGL014W
YDR171W	YDR430C
YNL209W	YOL006C
YHR058C	YPL248C
YAR007C	YEL030W
YGR274C	YKL117W
YLL039C	YLR268W
YDR414C	YGR199W
YFL005W	YOR070C
YAR002W	YJL039C
YHR165C	YMR176W
YFL033C	YOR380W
YBR079C	YPR041W
YKL161C	YNL027W
YDL075W	YFR032C-A
YNL255C	YOR369C
YDR152W	YNL154C
YMR068W	YOR181W
YIL130W	YIR010W
YIL085C	YJL019W
YAL042W	YML130C
YDR388W	YJR139C
YER012W	YGL026C
YGL246C	YPL090C
YDL014W	YPL066W
YLL039C	YOL145C
YGL201C	YLR274W
YDR224C	YOL012C
YBR176W	YOR119C
YAR007C	YDR335W
YFR004W	YOL109W
YBR048W	YCL011C
YGL145W	YNL258C
YDL031W	YNL002C
YDL047W	YOL018C
YDR471W	YFR031C-A
YGL212W	YJR040W
YNL099C	YNR054C
YGL179C	YGR167W
YGL105W	YGR092W
YDR170C	YFR044C
YHR069C	YOR076C
YOL100W	YOR260W
YDR427W	YOR294W
YBR048W	YBR189W
YDL019C	YPL026C
YGL112C	YLR399C
YBR273C	YDL190C
YJL084C	YOR348C
YAL034C	YNL307C
YDR190C	YEL044W
YIL125W	YLL039C
YHR079C	YHR114W
YBL010C	YNL317W
YLL039C	YPR091C
YDL083C	YLL036C
YGL137W	YNL138W
YDL015C	YKL065C
YJR053W	YKL048C
YDR174W	YKR092C
YOL006C	YPR019W
YJR076C	YNL307C
YBL039C	YJL030W
YDR407C	YKR068C
YLR427W	YOL041C
YIR010W	YML010W
YHR099W	YMR227C
YDR434W	YIR033W
YBR010W	YNL097C
YBL093C	YDR308C
YMR049C	YPR008W
YHR196W	YNL255C
YGR252W	YHR099W
YGL079W	YGL180W
YDL031W	YIL035C
YOR290C	YPL248C
YDL212W	YEL002C
YDR172W	YNL243W
YIR010W	YPL105C
YBL002W	YKL089W
YDR265W	YOL147C
YDL075W	YLL045C
YLL039C	YOR223W
YKL065C	YLR034C
YJL069C	YKR096W
YGR278W	YOR361C
YIL033C	YOL128C
YBL016W	YNL136W
YBR010W	YEL056W
YNL262W	YNL299W
YDL083C	YOL127W
YLL039C	YLR320W
YAL054C	YLL039C
YNL002C	YOR063W
YGR142W	YOL018C
YGR180C	YOR230W
YIL095W	YLR342W
YGR089W	YOR269W
YDR118W	YNL172W
YLR429W	YNL032W
YDL101C	YDR214W
YLR072W	YLR249W
YDR540C	YHR135C
YGR110W	YHR114W
YGL194C	YHR119W
YKL159C	YKL190W
YMR125W	YOR159C
YMR193W	YNR022C
YLR353W	YOR301W
YHR079C	YOR162C
YBR200W	YNR047W
YLR466W	YNL255C
YBR241C	YDR479C
YMR125W	YOR204W
YDR501W	YOR273C
YCL025C	YPL227C
YLL039C	YML010W
YBL016W	YMR186W
YBR106W	YLR350W
YAL048C	YLL039C
YML065W	YNL209W
YDR172W	YOL149W
YBL003C	YJL081C
YAR007C	YBL023C
YDL014W	YMR093W
YLR268W	YOR037W
YGR275W	YPL249C-A
YKL010C	YLL036C
YNL255C	YOR167C
YBR196C	YLR044C
YDR002W	YMR235C
YAL005C	YBL023C
YNL002C	YPR115W
YER012W	YLR199C
YFR052W	YIR011C
YKL028W	YNR029C
YDL030W	YLR424W
YCL025C	YGR060W
YMR229C	YOR233W
YDR496C	YLL045C
YJL078C	YOR153W
YDR093W	YJR066W
YMR146C	YPL105C
YJR066W	YOR326W
YLL039C	YML049C
YDL190C	YDR049W
YGR067C	YPL240C
YDL160C	YMR106C
YBR048W	YDL014W
YBL011W	YHL007C
YJL225C	YNL255C
YGR052W	YJL105W
YDL014W	YLL045C
YHR023W	YLR423C
YFR004W	YNL281W
YIL011W	YMR201C
YMR162C	YPR154W
YLL039C	YOR042W
YDL156W	YLR116W
YBR059C	YGL059W
YLL039C	YMR115W
YAR027W	YJR040W
YFR004W	YMR027W
YGL014W	YOL040C
YDR224C	YOL054W
YLL045C	YNL301C
YLR048W	YLR274W
YBL092W	YOR063W
YCL024W	YKR048C
YGR274C	YPR052C
YLR208W	YMR017W
YHL007C	YOL112W
YML064C	YMR246W
YEL009C	YMR236W
YDR479C	YLR036C
YBL003C	YGL207W
YGR129W	YKR022C
YKL129C	YNL255C
YDL207W	YMR129W
YJL034W	YJL052W
YBR085W	YGL237C
YDR411C	YLR207W
YCL024W	YNL206C
YIL149C	YLL015W
YJL069C	YOR059C
YBR273C	YDR411C
YDR342C	YLR019W
YDR378C	YML049C
YLR248W	YNR047W
YMR142C	YNL301C
YBR105C	YNL085W
YBR109C	YGL141W
YKL135C	YPL240C
YKL012W	YML049C
YER044C	YML008C
YBL007C	YHR135C
YDR388W	YFL039C
YGL043W	YGR186W
YBR194W	YJR121W
YGL234W	YOR090C
YIL071C	YNL209W
YJL069C	YMR093W
YNL209W	YOR128C
YKL095W	YMR125W
YBL007C	YDR172W
YDR176W	YPL181W
YHR097C	YLL039C
YNL113W	YNL255C
YLR293C	YPL125W
YBR251W	YDR124W
YLR455W	YMR229C
YDR087C	YLR131C
YFR004W	YMR308C
YGL190C	YMR036C
YJL098W	YOR187W
YBR106W	YBR287W
YNL307C	YPR115W
YFR004W	YLR293C
YDR285W	YMR117C
YNL096C	YOR361C
YDR227W	YFL045C
YDL160C	YGR054W
YFL038C	YNL044W
YDR330W	YJL187C
YBL016W	YGR200C
YFR004W	YJR139C
YFR004W	YLR300W
YHR033W	YJR076C
YJR109C	YKL182W
YDR093W	YER166W
YBR112C	YMR240C
YBR010W	YDL200C
YBL078C	YFR014C
YCR047C	YNL255C
YFR014C	YJL084C
YDR279W	YNL072W
YGL112C	YGR252W
YMR186W	YPL051W
YDR429C	YFL017C
YLR257W	YNL255C
YJL151C	YLR144C
YJL140W	YNR010W
YGL011C	YIL099W
YGR252W	YPL181W
YLL039C	YLR387C
YJL052W	YLR144C
YFR004W	YGR253C
YGR085C	YPL220W
YDL074C	YOL117W
YDL123W	YLL039C
YBR291C	YLR435W
YJR076C	YKR048C
YBL020W	YDL085W
YMR229C	YNR054C
YCR046C	YDR237W
YCR020W-B	YOR115C
YMR307W	YPL240C
YLR423C	YPL174C
YDR097C	YJL173C
YER131W	YER146W
YDL074C	YLR424W
YGL147C	YHL033C
YLR433C	YML057W
YML065W	YOR096W
YLR259C	YNL255C
YCL011C	YMR125W
YDR205W	YKL221W
YLR259C	YPL233W
YGL180W	YKL166C
YDR130C	YGR085C
YAR007C	YBL088C
YLR399C	YOR039W
YCL067C	YCR084C
YGR056W	YLR321C
YIR010W	YJR076C
YGR104C	YMR112C
YHR014W	YJL138C
YER012W	YLL024C
YBL088C	YNL265C
YBR109C	YMR071C
YNL069C	YOR096W
YFR004W	YPR145W
YFR001W	YPL220W
YFL039C	YLR274W
YDR100W	YMR010W
YGL180W	YGR126W
YCL011C	YCL037C
YBR278W	YDR388W
YDR356W	YNL126W
YMR229C	YPR161C
YIL045W	YLL039C
YEL002C	YHR007C
YLR357W	YMR033W
YKL002W	YNL255C
YBR194W	YPL004C
YLL039C	YPL125W
YDR247W	YGL207W
YDR335W	YOR098C
YKL150W	YNL121C
YDR240C	YLR298C
YML049C	YPL151C
YCL025C	YER026C
YAL005C	YDR214W
YIL094C	YNL304W
YGR266W	YMR106C
YGR277C	YLL061W
YJR123W	YLL036C
YER164W	YMR229C
YML049C	YPR152C
YGR155W	YJL034W
YBR059C	YIL091C
YAR007C	YFL009W
YDL160C	YOR326W
YDL014W	YOR096W
YBL002W	YPR052C
YCR082W	YOR023C
YGR113W	YPL018W
YBL016W	YDR439W
YMR028W	YNR032W
YDR411C	YML013W
YBR175W	YOL045W
YLL024C	YOR090C
YKL160W	YLR429W
YDR080W	YMR048W
YGL058W	YGR180C
YGL179C	YOL130W
YPL141C	YPL201C
YLR075W	YNL255C
YGR286C	YMR070W
YOR033C	YPL240C
YBR254C	YFL038C
YDL212W	YLR018C
YMR142C	YNL061W
YAL042W	YLL039C
YDL083C	YJR145C
YGL105W	YPL240C
YER165W	YLR298C
YHR169W	YPR080W
YHR135C	YOR254C
YGR077C	YMR026C
YBL007C	YNL138W
YGR186W	YJL140W
YDL116W	YKL186C
YBL023C	YLL039C
YDR174W	YLR320W
YJL092W	YJR132W
YLR214W	YMR026C
YLR438C-A	YMR268C
YBR168W	YHR150W
YDR422C	YMR106C
YDL075W	YHR052W
YNL069C	YOR204W
YDR131C	YPR093C
YLR170C	YNL255C
YBR023C	YNL238W
YDL030W	YPR152C
YLL045C	YNL002C
YIL125W	YMR121C
YGR085C	YLR075W
YLL039C	YLR356W
YLR438W	YPL240C
YGR234W	YJL057C
YGR200C	YKL166C
YBR154C	YGR186W
YCR084C	YLL039C
YKL052C	YNL255C
YBR200W	YGL116W
YDR414C	YDR503C
YIR010W	YMR229C
YLR167W	YOR124C
YBR106W	YNL125C
YBL051C	YIL151C
YGL111W	YKL082C
YER118C	YLL048C
YLL036C	YPR101W
YBR112C	YGL181W
YBR211C	YNL289W
YDL075W	YDR418W
YDR297W	YGL200C
YDL159W	YIL113W
YML069W	YOR039W
YDR012W	YFR004W
YDR238C	YHR169W
YJR002W	YPL266W
YDL052C	YLL039C
YGL245W	YPL141C
YLR342W	YML130C
YEL054C	YNL255C
YGR159C	YPL237W
YFR004W	YFR009W
YML056C	YPR152C
YBL011W	YJL187C
YAL034W-A	YGR120C
YLL039C	YOR133W
YDR427W	YOR261C
YIR010W	YMR091C
YJL070C	YKL166C
YBR142W	YGL059W
YDR496C	YMR049C
YBR194W	YPL151C
YJR125C	YPR029C
YLR449W	YMR049C
YDL074C	YDR295C
YFL022C	YKR026C
YMR024W	YNL252C
YAL005C	YLR256W
YLL039C	YOL084W
YOL021C	YOL142W
YKL213C	YMR067C
YFR004W	YMR108W
YDR012W	YJR123W
YMR106C	YNR053C
YDL005C	YDR443C
YBL037W	YNL265C
YGL219C	YLR368W
YMR086W	YPL004C
YDL019C	YGL059W
YBR109C	YIL149C
YBR072W	YNL313C
YOR038C	YOR290C
YER012W	YPR120C
YDR307W	YJL091C
YDR224C	YNL255C
YJR066W	YLR342W
YJL081C	YKL104C
YGL147C	YJR123W
YLL026W	YNL041C
YNL209W	YPL240C
YNL081C	YOL027C
YDR301W	YHR135C
YBR247C	YNL209W
YKL117W	YMR186W
YDR307W	YJR117W
YBR199W	YLL039C
YDR307W	YER026C
YDL203C	YER012W
YDR423C	YLR109W
YBR079C	YNL243W
YNL255C	YPL160W
YBL003C	YNL209W
YCL032W	YDR507C
YBR078W	YLL039C
YBR247C	YNL154C
YBR200W	YHL007C
YFL037W	YJL111W
YDR528W	YPL240C
YGR274C	YOL148C
YDR086C	YFR004W
YKL034W	YLL039C
YBR106W	YFR004W
YGR225W	YNL210W
YDR003W	YLL039C
YMR052W	YNL127W
YBL016W	YJL157C
YGR159C	YKL193C
YAR027W	YML038C
YGL038C	YGL055W
YHR118C	YJL092W
YBL034C	YDR356W
YLR320W	YPR135W
YBR109C	YPL019C
YGR155W	YKL108W
YKR081C	YOL102C
YNL154C	YOR153W
YBR059C	YLR392C
YPL004C	YPR173C
YLR268W	YNL287W
YIL068C	YNR049C
YPL235W	YPR010C
YBR175W	YLR015W
YDR416W	YKR022C
YMR159C	YPR034W
YGL087C	YOR220W
YER164W	YMR125W
YDL227C	YGL014W
YBR254C	YDR246W
YLL036C	YLR132C
YIL016W	YPL076W
YOR260W	YPL237W
YLR060W	YOL100W
YCL037C	YKL054C
YDR207C	YJR094C
YDL083C	YGL031C
YIL033C	YKL048C
YBL102W	YGL006W
YJR132W	YPL240C
YGL006W	YKR007W
YER131W	YFR004W
YBR251W	YGR215W
YIR010W	YJL053W
YGL246C	YOR063W
YDL075W	YNL069C
YBL072C	YKL067W
YLR342W	YPR152C
YDR100W	YLR108C
YBL061C	YHR135C
YMR242C	YPL249C-A
YDR412W	YOR063W
YDR484W	YNL209W
YBL072C	YPL037C
YMR114C	YMR216C
YBR189W	YHR196W
YDL052C	YHR007C
YFR004W	YPL079W
YDR091C	YML010W
YKR007W	YNL326C
YHR099W	YNL136W
YDL060W	YER131W
YGL246C	YML010W
YGR214W	YLR259C
YAL062W	YGL070C
YDR397C	YER159C
YJL002C	YLL039C
YDL002C	YPL141C
YER070W	YML064C
YDR392W	YMR236W
YNL124W	YOR063W
YDR411C	YJL106W
YDL055C	YER012W
YBR274W	YDR217C
YDR299W	YPL141C
YBL016W	YBR200W
YNR023W	YPR034W
YOR227W	YPR152C
YER024W	YJL187C
YDR501W	YGL137W
YHR041C	YPL216W
YBR041W	YMR246W
YER041W	YKR081C
YCR004C	YFR004W
YBL022C	YMR091C
YNL124W	YPL249C-A
YFR004W	YNL313C
YGR081C	YMR308C
YJL151C	YKL094W
YJR139C	YLL039C
YLL015W	YLL023C
YCR014C	YHR135C
YHL007C	YPL161C
YDR471W	YLR406C
YBR085W	YFR004W
YGR206W	YLL039C
YBR059C	YGL234W
YML065W	YOR324C
YLR310C	YPL049C
YBR253W	YPR086W
YFL033C	YOR162C
YDR059C	YPR093C
YHR119W	YLR015W
YJL168C	YML065W
YDR388W	YKL129C
YHR046C	YNL255C
YKL099C	YNL255C
YOL040C	YOR096W
YGR281W	YLR447C
YDR032C	YLR326W
YGL092W	YLR429W
YDR012W	YER012W
YLR071C	YOL148C
YIL117C	YLL039C
YHL009C	YMR216C
YBR106W	YBR183W
YDR167W	YNR010W
YGR210C	YMR109W
YFR036W	YNL172W
YGL200C	YIL109C
YOR326W	YPR032W
YER165W	YKL068W
YLL039C	YOR341W
YBL002W	YMR036C
YLR274W	YLR429W
YGR179C	YJR112W
YDR211W	YPR041W
YER093C	YMR068W
YGL174W	YMR240C
YBL052C	YGL207W
YDL055C	YNL055C
YDL223C	YFR004W
YAL010C	YMR060C
YDL047W	YGR085C
YGR104C	YPR168W
YBR189W	YOR063W
YGR184C	YIL075C
YEL030W	YMR106C
YDL149W	YGL180W
YOL120C	YOR133W
YBR142W	YKL014C
YLR025W	YLR181C
YBR253W	YOL135C
YDR412W	YML074C
YOR181W	YOR317W
YFL068W	YNL255C
YGL076C	YOR063W
YAL034W-A	YNL307C
YFR014C	YLR265C
YJL091C	YPL240C
YHL009C	YPL018W
YLR103C	YNL273W
YLL011W	YNL255C
YMR071C	YOL018C
YBL002W	YGL066W
YIL050W	YML065W
YDR122W	YML065W
YFR052W	YGL078C
YBL003C	YLR022C
YBR211C	YIR010W
YER146W	YPL090C
YJL029C	YLL039C
YAL024C	YNL312W
YDL083C	YOR204W
YDR412W	YNR053C
YDR416W	YGR278W
YBR106W	YNL048W
YCL010C	YMR223W
YAR007C	YGL116W
YHR016C	YNL243W
YBR010W	YPL181W
YGL127C	YGR104C
YDR412W	YGL076C
YDR284C	YLL039C
YNL004W	YNL253W
YCR073W-A	YDR247W
YLR333C	YML056C
YNL092W	YOR329C
YBR031W	YKL116C
YPL249C	YPR154W
YBR031W	YFR031C-A
YGR060W	YIL027C
YJL106W	YNL312W
YBL002W	YBL003C
YGR214W	YNL255C
YLL045C	YMR194W
YIL094C	YLR103C
YDR427W	YFR052W
YBR193C	YOR174W
YML074C	YPR115W
YLR284C	YML064C
YKL112W	YOR039W
YLR103C	YLR274W
YDL031W	YHR052W
YHL019C	YHR135C
YKL112W	YMR308C
YML065W	YMR121C
YGL174W	YLR016C
YGL238W	YIL094C
YAL030W	YNR049C
YCL014W	YLL039C
YLR071C	YNL025C
YHL042W	YIL016W
YER040W	YNL103W
YBR253W	YGL127C
YCR067C	YOR128C
YBR274W	YLR438W
YGL212W	YOL129W
YDR471W	YHL033C
YDR394W	YFR004W
YIR010W	YPL127C
YDR388W	YPL249C-A
YBR237W	YNL154C
YGR116W	YML010W
YCL055W	YGL192W
YLL039C	YLR450W
YLR223C	YLR455W
YHL033C	YNL069C
YJL157C	YMR304W
YBR254C	YMR218C
YDR265W	YNL214W
YDR238C	YPL010W
YFL018C	YFR049W
YKR026C	YOR260W
YJL138C	YLL039C
YJL092W	YMR136W
YDR171W	YNL216W
YDR190C	YIL094C
YMR186W	YNR032W
YIL068C	YPR055W
YGL147C	YNL175C
YNL069C	YPR102C
YFR022W	YLR248W
YNL064C	YPL240C
YBR079C	YOR096W
YDR324C	YIL019W
YGL064C	YOR260W
YAL062W	YIL033C
YHR070W	YNL138W
YHR016C	YNR007C
YGL104C	YPL076W
YFR004W	YIL142W
YDR507C	YGL187C
YER064C	YHR135C
YGR092W	YMR196W
YCL037C	YDL208W
YDR303C	YKR008W
YDR405W	YML065W
YFR004W	YOL016C
YBR273C	YHL007C
YGL180W	YMR297W
YJL002C	YJR015W
YHR165C	YLR117C
YEL026W	YNL255C
YBL075C	YPR119W
YLL039C	YPL001W
YHR119W	YIL142W
YCL011C	YEL034W
YDL111C	YOR326W
YJR103W	YKL117W
YLR131C	YMR304W
YDR434W	YLR088W
YJL173C	YLR086W
YAL030W	YNL255C
YHR135C	YLR355C
YDR496C	YMR121C
YNL009W	YOR089C
YAL038W	YNL307C
YBL016W	YGL055W
YBR194W	YNL172W
YDR356W	YMR117C
YOR116C	YPR190C
YML014W	YNL255C
YIR010W	YPL231W
YDR174W	YGR274C
YGL179C	YHR137W
YBR059C	YDR130C
YCL032W	YMR117C
YIL093C	YJR101W
YML102W	YNL255C
YER012W	YGL147C
YLR287C-A	YNL302C
YDR324C	YLR222C
YDR394W	YER095W
YDR100W	YDR141C
YDR412W	YFR031C-A
YFR038W	YJL187C
YBR010W	YLR449W
YML065W	YPL008W
YBR221C	YDL239C
YBR257W	YHR062C
YMR223W	YPL047W
YJL019W	YJR068W
YHR135C	YKL166C
YHR052W	YNL175C
YJR015W	YOR036W
YFL038C	YMR218C
YEL056W	YLL004W
YNL209W	YPL212C
YCR020W-B	YPR034W
YDR418W	YGR148C
YER012W	YPR080W
YCR021C	YKR003W
YGR081C	YGR214W
YBR247C	YKL143W
YBR154C	YOR340C
YBL105C	YEL002C
YBL003C	YNL262W
YER052C	YGL190C
YMR070W	YPL127C
YIL084C	YPL181W
YBR193C	YHR041C
YBR257W	YNL221C
YFR004W	YGL040C
YKL192C	YML065W
YBR010W	YIL035C
YCL042W	YNL290W
YDR087C	YOR231W
YMR201C	YNL312W
YBL007C	YJL106W
YBL033C	YFR004W
YNL136W	YPL066W
YIL121W	YPL058C
YMR071C	YNL255C
YCR030C	YJR076C
YBR059C	YIL160C
YBR128C	YPL120W
YDL149W	YLR065C
YGL180W	YOR344C
YJR091C	YOR265W
YLL024C	YLR357W
YIL094C	YKR003W
YBL050W	YFR004W
YFL039C	YHR016C
YPL151C	YPR101W
YHR118C	YLL004W
YHR135C	YNR019W
YLR421C	YNL255C
YHR052W	YOL040C
YLL039C	YOR320C
YDR288W	YOL034W
YMR142C	YOR096W
YBR154C	YPR010C
YNL255C	YOL112W
YBL102W	YDR414C
YML069W	YOL108C
YLR263W	YLR288C
YKL182W	YPR152C
YER146W	YOL149W
YOL054W	YPL001W
YKL014C	YLL039C
YCR094W	YLL039C
YLL039C	YMR210W
YBR010W	YGR081C
YGR177C	YNL263C
YJL076W	YPR010C
YDL014W	YJR002W
YOR011W	YPL240C
YHR086W	YLL036C
YER165W	YPL259C
YDL018C	YGL200C
YJL076W	YLR019W
YOR090C	YPL240C
YBL092W	YNL124W
YER012W	YOL145C
YMR146C	YPR152C
YDR226W	YFR004W
YDL083C	YDR418W
YFR004W	YKL127W
YJR101W	YNR037C
YDR224C	YLR357W
YHR135C	YIL156W
YGL200C	YPL218W
YHR052W	YPR103W
YNL069C	YPL249C-A
YGR252W	YPL248C
YIR007W	YPR080W
YBL002W	YNL201C
YBL088C	YNL312W
YHR196W	YKL014C
YDL031W	YGL111W
YBL072C	YGL076C
YIL091C	YJL187C
YFL039C	YOR181W
YKL060C	YNL255C
YDR100W	YPL135W
YKR048C	YLR441C
YBL007C	YIL156W
YEL051W	YLR447C
YIR037W	YPL058C
YLR270W	YOR173W
YER122C	YIR010W
YBR286W	YLL039C
YDR247W	YMR140W
YBR130C	YHL007C
YKL061W	YLR408C
YIL079C	YNL299W
YDR190C	YJL081C
YAL062W	YCR020W-B
YFL005W	YGL198W
YGL112C	YOL135C
YDR122W	YNL035C
YDR299W	YGR092W
YDL160C	YNL255C
YOL012C	YPL235W
YJL151C	YPR139C
YAR027W	YGL225W
YHR065C	YIR010W
YFR004W	YOR317W
YPR032W	YPR055W
YPL248C	YPR056W
YIL125W	YOR005C
YCR044C	YDR331W
YGR195W	YOR076C
YDL006W	YKR048C
YFR004W	YGL014W
YIR037W	YML070W
YNL201C	YPR115W
YHR112C	YHR135C
YGL031C	YNL255C
YDR412W	YMR142C
YJL151C	YML013W
YFR014C	YPR083W
YKR081C	YPR102C
YCR073C	YDR524C
YBR247C	YCR073C
YGR113W	YGR179C
YJL092W	YOR355W
YDR258C	YHR023W
YGL174W	YLL036C
YGR060W	YLR343W
YIL050W	YLR190W
YJL111W	YOR281C
YDR300C	YLL039C
YAL010C	YHR083W
YEL019C	YML023C
YBR267W	YLR387C
YCL014W	YDR388W
YDL115C	YGR186W
YKR026C	YMR267W
YER095W	YHR058C
YAR007C	YDL156W
YDR032C	YLR429W
YLR019W	YPR010C
YFR031C-A	YNL255C
YGR092W	YGR200C
YJR097W	YKL048C
YDR247W	YDR257C
YGR275W	YLR321C
YDL064W	YDR363W
YIR010W	YJL076W
YMR162C	YNR048W
YLL004W	YPL001W
YAL005C	YOR197W
YDR313C	YLL039C
YBL002W	YIL035C
YGR012W	YNL307C
YDR238C	YJL151C
YDL072C	YFR004W
YDR190C	YLR399C
YDL097C	YFR052W
YBL075C	YLR345W
YDL055C	YDR170C
YIR010W	YJL130C
YBR146W	YIL070C
YAL005C	YDR168W
YMR186W	YNL281W
YGR159C	YOL006C
YDR233C	YFL038C
TL(UAA)J	YOR110W
YLL039C	YOR096W
YDR174W	YMR140W
YDL078C	YOL147C
YIL027C	YJL151C
YBR189W	YLL039C
YLR085C	YOL012C
YHR114W	YLR105C
YCR088W	YOR047C
YDL115C	YNL255C
YDL212W	YML038C
YHR197W	YLR075W
YDR394W	YER012W
YBR257W	YGR030C
YMR246W	YOL133W
YIL016W	YLR018C
YGR148C	YML065W
YLR249W	YMR186W
YDL014W	YKL035W
YKL035W	YOL045W
YBL075C	YOR181W
YML023C	YOL034W
YDR418W	YPL220W
YLR186W	YPR137W
YLL039C	YLR427W
YBR265W	YJL151C
YGR052W	YOR341W
YHL009C	YML102W
YAL005C	YNL255C
YLL039C	YMR125W
YIR010W	YMR242C
YFR004W	YOL097C
YHR052W	YMR242C
YCR014C	YDR427W
YML110C	YMR071C
YBL003C	YPR008W
YNL330C	YOR039W
YOR197W	YPR154W
YGR234W	YOR133W
YNL112W	YOL127W
YGR135W	YGR253C
YLL039C	YPR073C
YDR238C	YDR372C
YKR028W	YPL049C
YJL044C	YLR262C
YHR114W	YPL032C
YAL034W-A	YDR318W
YBR011C	YKL108W
YBL023C	YMR314W
YHR052W	YOL012C
YBL003C	YOR341W
YBL052C	YJR082C
YDR505C	YPR154W
YCR073C	YDL125C
YGR167W	YOR231W
YHR086W	YPR080W
YGR192C	YGR232W
YDR501W	YHR094C
YHR016C	YIL095W
YKR068C	YPL240C
YEL002C	YPL227C
YFR004W	YNL055C
YGR159C	YIR010W
YIR010W	YMR031C
YKL180W	YNL069C
YFR032C-A	YOL127W
YER122C	YNL154C
YCR012W	YOL135C
YJL084C	YPL265W
YGL179C	YPL222W
YMR282C	YPL240C
YCR066W	YDR092W
YLR223C	YNR023W
YHR135C	YNL172W
YER022W	YPL248C
YDR323C	YPL240C
YNL151C	YOR116C
YBL007C	YGL206C
YML108W	YNL255C
YGL076C	YPR041W
YEL004W	YPL264C
YLR098C	YOL034W
YBR234C	YOR269W
YMR035W	YMR150C
YER131W	YMR194W
YNL175C	YNL209W
YER054C	YGR052W
YGL223C	YGR120C
YFR014C	YNL316C
YHR197W	YMR049C
YNL093W	YNL263C
YKL180W	YLR287C-A
YHR119W	YJL014W
YAL024C	YJR104C
YAL061W	YMR308C
YNL255C	YPR051W
YHR033W	YMR106C
YGR274C	YNL216W
YOR181W	YPL180W
YER070W	YHR169W
YDR418W	YNL069C
YDR028C	YDR172W
YGL227W	YJL106W
YLL032C	YML119W
YDR247W	YOL116W
YER095W	YJR109C
YML064C	YNL218W
YMR125W	YPR101W
YGL206C	YLL039C
YIR026C	YOL147C
YBR194W	YDR293C
YHR135C	YJR072C
YLR109W	YPL001W
YDR089W	YLL039C
YGR013W	YLL036C
YBR241C	YGR060W
YAL035W	YPR041W
YJL177W	YPL220W
YBR189W	YDL014W
YLR429W	YPL004C
YML046W	YMR240C
YMR235C	YPL111W
YDL014W	YLR075W
YEL001C	YLR429W
YCR026C	YLL039C
YDR471W	YJR145C
YDR411C	YJL019W
YDL075W	YLR287C-A
YER164W	YML069W
YBL045C	YNL255C
YIL035C	YMR270C
YIL070C	YOL108C
YHR016C	YOR042W
YLR117C	YLR438C-A
YGR052W	YMR284W
YNL154C	YOR107W
YDL217C	YHR114W
YDR424C	YLL039C
YMR242C	YOL041C
YGR284C	YLL061W
YIR010W	YPL032C
YKL180W	YNL096C
YFR048W	YMR186W
YGL051W	YHR135C
YDR171W	YNL055C
YNL151C	YOL021C
YNL243W	YOR181W
YBR154C	YOR116C
YGL207W	YIR010W
YGL201C	YPR154W
YGL245W	YMR048W
YDR439W	YJL076W
YIL121W	YLR332W
YGR085C	YKL180W
YCL052C	YJR106W
YDL175C	YFR010W
YMR304W	YPR115W
YAL008W	YML086C
YFL024C	YJR082C
YDR172W	YML068W
YGR030C	YMR117C
YDR507C	YNL246W
YEL034W	YOR361C
YBL088C	YPL110C
YIR010W	YLR249W
YIL130W	YLL039C
YBL078C	YOL082W
YDL047W	YJL098W
YBL008W	YOR290C
YDR012W	YKR081C
YBR031W	YNL124W
YDL006W	YJL106W
YGR123C	YNR032W
YGL212W	YJL151C
YGR085C	YOL040C
YJL138C	YPL141C
YNL070W	YNL131W
YOL149W	YPL220W
YBR109C	YLR304C
YBL002W	YPR019W
YDR479C	YPL020C
YCR024C-A	YGR284C
YLR044C	YPR152C
YHR135C	YLR256W
YLL039C	YOR086C
YOL142W	YOR076C
YAR002W	YKL186C
YBR221C	YML065W
YOL127W	YPL090C
YDR388W	YPL249C
YGR017W	YLR403W
YER036C	YMR242C
YAR007C	YHR164C
YER146W	YLR438C-A
YFR004W	YLR441C
YNL096C	YOR096W
YBL101C	YLL039C
YJL187C	YOR326W
YLL055W	YPR062W
YBR031W	YDR170C
YDL160C	YDR151C
YGL051W	YML018C
YCR030C	YLR332W
YAL027W	YDR507C
YDR012W	YFR001W
YER103W	YIL094C
YDR012W	YJL183W
YCR012W	YFR004W
YGR113W	YMR308C
YDL193W	YJR132W
YFR014C	YGL055W
YNL255C	YPL249C-A
YDL199C	YJL004C
YKR006C	YLR439W
YLL026W	YLR072W
YER145C	YLR326W
YER012W	YFR004W
YLR310C	YNR037C
YHR065C	YMR227C
YBR109C	YBR229C
YDR452W	YHR161C
YBL072C	YOR361C
YBR167C	YNL255C
YMR106C	YMR226C
YGR185C	YLL039C
YGL137W	YOR197W
YCR042C	YMR236W
YBR106W	YGR060W
YCL032W	YHR135C
YDR365C	YOL041C
YBR059C	YKR092C
YHR174W	YKL060C
YBR079C	YIL071C
YDR211W	YFL039C
YGR092W	YLR058C
YIL091C	YNL154C
YDL060W	YEL054C
YFR022W	YNL154C
YJR123W	YPL266W
YJL100W	YOR181W
YDL156W	YDR097C
YMR159C	YNL255C
YHL048W	YJL091C
YLR268W	YMR183C
YDL115C	YGL070C
YBL002W	YKR048C
YKR048C	YLR429W
YHR005C-A	YNL255C
YER164W	YMR236W
YCR012W	YNL255C
YJL187C	YNL212W
YLL039C	YNR001C
YER105C	YNR047W
YBL016W	YGR097W
YER064C	YGL039W
YGR108W	YGR225W
YGR167W	YIL096C
YHL011C	YLR259C
YFR031C-A	YMR142C
YBR059C	YLR377C
YFR031C-A	YLL039C
YAL005C	YHR165C
YBR154C	YDR156W
YDR190C	YNL255C
YCR091W	YMR165C
YJL029C	YPL026C
YBR183W	YKL065C
YBL007C	YHR079C
YGL051W	YGL129C
YDR172W	YHR174W
YLL039C	YLR186W
YBR199W	YOL132W
YGR138C	YHR094C
YBR207W	YML018C
YGL137W	YPL004C
YFR014C	YOL148C
YBR010W	YML069W
YBR140C	YLR310C
YLL036C	YML049C
YML077W	YOR115C
YGL180W	YHR156C
YDR388W	YGR159C
YBR247C	YKL180W
YNL307C	YOL054W
YBR139W	YDR087C
YNL307C	YOR028C
YBR035C	YDL101C
YER118C	YOR181W
YFL062W	YPR192W
YER036C	YHL033C
YBL002W	YMR091C
YDL015C	YLR343W
YDR247W	YNL210W
YLL039C	YPL206C
YBR142W	YOL041C
YGR258C	YOL044W
YGR123C	YLL039C
YFR004W	YLR017W
YGL121C	YJR053W
YLR384C	YNL255C
YNL246W	YPL141C
YGR013W	YHR086W
YJL069C	YKL012W
YIL093C	YMR158W
YGR215W	YMR158W
YLL039C	YOL019W
YLR058C	YOL054W
YDL014W	YDL083C
YDR365C	YHR196W
YAL035W	YBR079C
YKL166C	YLR003C
YLL036C	YOR096W
YDL203C	YPL240C
YFR004W	YNL220W
Q0085	YCR106W
YNL020C	YOR326W
YNL002C	YNL061W
YFR004W	YGR244C
YDR091C	YLR075W
YER103W	YPR119W
YML065W	YPR102C
YLL045C	YOL127W
YDR224C	YNL246W
YJL178C	YMR221C
YLR144C	YML013W
YGL076C	YML056C
YBR146W	YGL129C
YDL031W	YPL004C
YDR424C	YPR119W
YIL156W	YNL154C
YDR471W	YKL180W
YIL034C	YLR249W
YFL038C	YOR036W
YHR114W	YMR253C
YEL012W	YKL048C
YFR004W	YPL110C
YKL166C	YOR134W
YJR145C	YNL255C
YDR122W	YOL083W
YER172C	YKR022C
YLR199C	YPR103W
YDR392W	YGL066W
YOL012C	YOL075C
YFL005W	YML086C
YDR176W	YGR252W
YLL039C	YLR446W
YDR364C	YPR101W
YBL016W	YBL023C
YGR167W	YNL255C
YGR038W	YML029W
YNR010W	YOR174W
YJR099W	YLR167W
YKL129C	YLL039C
YBL043W	YKL089W
YDL047W	YJR072C
YBR254C	YML077W
YNL027W	YOL100W
YHR058C	YMR112C
YGL105W	YGL245W
YOL054W	YPL018W
YBR079C	YDL005C
YEL060C	YGL137W
YEL032W	YPR119W
YBR047W	YDR238C
YDR293C	YNL289W
YCR063W	YKL085W
YIL035C	YOL145C
YDL212W	YLR208W
YAL005C	YLR187W
YJL092W	YPL092W
YBR106W	YLR034C
YHR179W	YOL128C
YER047C	YOR181W
YBL076C	YDR238C
YHR169W	YOR133W
YDR443C	YOL135C
YBR194W	YPL032C
YDL057W	YPL049C
YJL082W	YML086C
YNL116W	YPL110C
YBL010C	YKR022C
YBR211C	YDR318W
YKR081C	YOR233W
YPL018W	YPL174C
YBR109C	YOR035C
YHR169W	YPL240C
YJL069C	YPL086C
YHR099W	YJR082C
YDR100W	YOL018C
YFR031C-A	YHR197W
YDR168W	YHR166C
YDR507C	YLR003C
YDR422C	YLR408C
YLL039C	YMR140W
YNL255C	YPR056W
YIL113W	YLL019C
YBL037W	YFR043C
YDL022W	YDR142C
YPL004C	YPR152C
YCL055W	YDR118W
YMR242C	YOR063W
YDR408C	YGL127C
YBR207W	YDR141C
YNL255C	YOR130C
YDR378C	YLR438C-A
YBR106W	YGR224W
YDL014W	YIL019W
YMR201C	YPR135W
YGR275W	YIR010W
YBL076C	YFR004W
YMR026C	YNL214W
YHL042W	YPR028W
YJL177W	YNL255C
YGR185C	YGR229C
YDR233C	YNL044W
YIL035C	YOL054W
YGL184C	YKL166C
YGR059W	YHR023W
YDR365C	YNL255C
YBR119W	YMR125W
YBR049C	YJR123W
YFR014C	YHR135C
YNL255C	YOL016C
YML065W	YPR120C
YKL060C	YOR133W
YDL083C	YNL069C
YGR108W	YHR135C
YGR085C	YPL249C-A
YDR418W	YHL033C
YBL007C	YHR114W
YER094C	YGL011C
YDL055C	YPR119W
YDL207W	YGL092W
YEL021W	YMR074C
YGL237C	YOR047C
YDR388W	YIL015W
YGL011C	YOR157C
YDR395W	YNL069C
YOL120C	YOR204W
YDL075W	YPL220W
YDR002W	YNL255C
YGR052W	YJR066W
YBR194W	YNL112W
YHR058C	YLR223C
YJL057C	YJR070C
YHR052W	YIL035C
YMR242C	YPL090C
YKL010C	YOR233W
YDR156W	YNL172W
YDR135C	YDR150W
YHR099W	YPR152C
YGL105W	YJL092W
YAL005C	YER103W
YMR240C	YPR101W
YLR049C	YPL161C
YDR484W	YLR262C
YHR099W	YNL216W
YNL119W	YOR251C
YDR356W	YNL225C
YDL020C	YFR052W
YHR169W	YJL138C
YFL039C	YMR109W
YGL207W	YOL128C
YGL180W	YIL107C
YLR321C	YML127W
YBR196C	YMR186W
YFR004W	YIL078W
YDR457W	YLR249W
YBL092W	YDR471W
YGR241C	YNL020C
YGL051W	YNL154C
YJR112W	YNL255C
YNL209W	YPR161C
YLR259C	YNL055C
YAR027W	YEL042W
YEL024W	YPL063W
YBR142W	YER035W
YHR099W	YMR223W
YFR004W	YNL241C
YCL011C	YPR161C
YBR031W	YGR281W
YGR085C	YJR145C
YFR004W	YPL231W
YFR038W	YGL180W
YDL149W	YLL039C
YFR004W	YNL112W
YHR135C	YOR162C
YNL138W	YPR152C
YAL005C	YIL016W
YEL034W	YHL033C
YLL039C	YPR055W
YER020W	YOR273C
YDL078C	YKL185W
YAL047C	YOR233W
YBL007C	YMR109W
YNL165W	YNL255C
YKL170W	YNL255C
YER064C	YPL026C
YBL079W	YDR412W
YML046W	YPR182W
YBR106W	YPR198W
YBR189W	YPR041W
YAL054C	YLR049C
YDR434W	YGR192C
YEL054C	YER036C
YDR429C	YIR010W
YHR135C	YOR260W
YGR155W	YHR007C
YCL025C	YLL039C
YFR031C-A	YNL112W
YHR131C	YIL035C
YMR242C	YNR054C
YMR294W	YPR083W
YFR052W	YGR232W
YER118C	YMR109W
YLR212C	YML094W
YBL003C	YML069W
YDL176W	YMR093W
YIL095W	YPR161C
YBL002W	YLR320W
YCR091W	YPR160W
YOL125W	YPL141C
YAL024C	YLR438W
YFL038C	YNL041C
YAR027W	YBR106W
YAL003W	YGL137W
YMR091C	YPR034W
YJR065C	YNR053C
YIR002C	YOL034W
YLL039C	YOR369C
YDR122W	YKL048C
YHR081W	YNL112W
YGL145W	YLL039C
YBR102C	YHL007C
YDR496C	YIL035C
YLL039C	YLR060W
YDL227C	YDR335W
YHR135C	YLR003C
YDL019C	YKL129C
YLR195C	YNL255C
YIL142W	YIR010W
YHR135C	YNL293W
YCR042C	YDR301W
YCR088W	YNL020C
YAL003W	YFR004W
YOR079C	YPR198W
YFR014C	YGR180C
YBR198C	YJL014W
YBR059C	YDR247W
YDR484W	YJL034W
YJL097W	YML029W
YNL255C	YPR112C
YNL096C	YNL255C
YIL048W	YNL297C
YCL014W	YHR197W
YKR008W	YPR034W
YDL047W	YNL255C
YDR137W	YNL307C
YHR199C	YMR308C
YGR132C	YNL255C
YHR099W	YOL012C
YNL255C	YPR148C
YNL209W	YPL001W
YBR253W	YER022W
YBL002W	YPR010C
YAL005C	YLR310C
YBR109C	YLR443W
YDR190C	YHR135C
YBR097W	YBR128C
YBL018C	YBR257W
YDR012W	YNL255C
YFR004W	YPR062W
YHR094C	YPL058C
YIR007W	YMR186W
YMR146C	YOR204W
YDR258C	YLR187W
YHR009C	YHR135C
YJL187C	YOR254C
YDR130C	YNL096C
YHR166C	YLR102C
YDR324C	YPL126W
YBL036C	YDR523C
YDL116W	YGL092W
YDR141C	YIL048W
YEL018W	YFL039C
YGR129W	YLL036C
YFL038C	YGR120C
YGR278W	YPR101W
YFL062W	YLL039C
YCL027W	YKL092C
YNL085W	YPR034W
YFL045C	YPL235W
YKL002W	YLR423C
YGL219C	YLL039C
YIL095W	YJL129C
YBR106W	YDL212W
YOL111C	YOR164C
YNL074C	YNL154C
YBL052C	YDR224C
YFL034W	YHR023W
YDL072C	YOR254C
YGR134W	YPL216W
YGL076C	YGR085C
YDR318W	YML023C
YDR070C	YNL255C
YAR007C	YDR013W
YGL245W	YOR081C
YDL056W	YIR010W
YKR081C	YNL061W
YBL025W	YMR270C
YBL043W	YJR112W
YDR091C	YOR096W
YDL168W	YLR077W
YNL154C	YOL104C
YBR130C	YIL095W
YDR247W	YLR384C
YDL006W	YPL161C
YJR123W	YMR242C
YDR172W	YJR065C
YDR303C	YGR056W
YDR087C	YNL002C
YDR483W	YOL018C
YAR027W	YKR105C
YLR450W	YML013W
YDL137W	YGR052W
YGL076C	YIR010W
YMR194W	YPL220W
YGL147C	YNL069C
YGL091C	YHR135C
YGR104C	YPR056W
YIL035C	YKL082C
YGR066C	YML064C
YGR060W	YKR088C
YDR365C	YML010W
YDL116W	YKL057C
YLR447C	YOR047C
YBR010W	YMR308C
YKL114C	YPL127C
YER164W	YNL004W
YDL160C	YDR378C
YGL059W	YPL077C
YFR004W	YNL064C
YHR174W	YJL039C
YNL065W	YNL307C
YJR123W	YOL127W
YLR262C	YPR028W
YIR010W	YJR121W
YGL066W	YOL148C
YBR079C	YPR152C
YNL055C	YPR010C
YDR238C	YPL004C
YDL031W	YOR063W
YDR211W	YPL237W
YAL024C	YDR300C
YDR013W	YOL146W
YDR331W	YPL076W
YMR049C	YMR242C
YIL095W	YKL062W
YOL082W	YPR049C
YER020W	YGR121C
YKL068W	YNL273W
YMR093W	YPR137W
YDR247W	YOR028C
YDR014W	YIL026C
YNL255C	YNL325C
YDR420W	YER118C
YDL149W	YNL154C
YBL011W	YKL116C
YCL011C	YJR145C
YNL255C	YOR174W
YBR154C	YNL151C
YER013W	YLL036C
YHR128W	YJL130C
YNL061W	YOR063W
YJL177W	YLR075W
YLL039C	YNL085W
YDL075W	YNL002C
YDL156W	YIR010W
YLR222C	YMR105C
YHR128W	YPL235W
YEL002C	YER026C
YBR154C	YIR010W
YDR244W	YLR377C
YFR004W	YNL096C
YBR193C	YGR116W
YAL042W	YBR229C
YGL105W	YIR033W
YGL092W	YKL068W
YLR249W	YPR080W
YMR049C	YNL061W
YDR163W	YER013W
YFR004W	YJL014W
YNL255C	YPL047W
YMR129W	YOR098C
YDL226C	YFL039C
YBR130C	YFL039C
YIR010W	YLR357W
YDR427W	YFR004W
YBR041W	YDL193W
YML074C	YPL240C
YKL045W	YNL262W
YIR010W	YJR123W
YDR471W	YGR085C
YDR194C	YNL255C
YDR335W	YOR083W
YFL024C	YFL039C
YLL039C	YOR304W
YCR005C	YOR323C
YGL207W	YPR052C
YNL052W	YNL255C
YDR028C	YFR004W
YNR054C	YOR063W
YCR073W-A	YHL007C
YBR211C	YPL233W
YBR080C	YLR268W
YLR117C	YOR159C
YDR334W	YJL081C
YBL079W	YKL068W
YJL034W	YLR207W
YKL166C	YPL240C
YCR091W	YDR173C
YGR177C	YMR071C
YER047C	YMR117C
YGL179C	YHL024W
YBL003C	YNL002C
YDR378C	YOL149W
YBR273C	YJL048C
YGL137W	YIL035C
YGL180W	YJL084C
YCL054W	YNL154C
YDR167W	YLR399C
YBR072W	YDR507C
YGR268C	YOR042W
YCL054W	YNL002C
YER122C	YGL200C
YBR241C	YIR033W
YIR010W	YLR342W
YDL019C	YNL154C
YDL002C	YJL081C
YER146W	YHL008C
YGL190C	YJR066W
YGR159C	YHL007C
YCR046C	YML065W
YNL065W	YPL026C
YCL024W	YKL048C
YJL185C	YOR127W
YDR395W	YOR098C
YFR014C	YIL010W
YJR002W	YNL255C
YDR129C	YLR330W
YLR008C	YNL131W
YPL141C	YPL240C
YIL135C	YLR248W
YDL014W	YNL124W
YLR262C	YNL293W
YBR274W	YKL104C
YMR242C	YOL127W
YFR014C	YKL127W
YIR007W	YOR133W
YGR187C	YNL317W
YLL039C	YNL217W
YDR224C	YGL150C
YER146W	YJL084C
YHR196W	YLR293C
YLR355C	YML065W
YHR052W	YOR063W
YNL073W	YOR261C
YLR424W	YPR182W
YBL105C	YER118C
YOL135C	YPR168W
YFL037W	YPL235W
YGL031C	YML065W
YLL039C	YLR172C
YIL035C	YKL112W
YOR063W	YPL090C
YML069W	YOL145C
YDR412W	YPL249C-A
YMR106C	YNL055C
YCL067C	YMR043W
YGR155W	YHR135C
YDR412W	YOL120C
YDR171W	YMR304W
YGL014W	YNL301C
YDR247W	YHR063C
YBR194W	YDR483W
YMR036C	YPR161C
YHL014C	YPL240C
YHR135C	YLR276C
YER093C-A	YHR079C
YDR334W	YHR129C
YER095W	YKL182W
YGL160W	YLL039C
YLR075W	YNL069C
YGL206C	YLR330W
YDL030W	YKL089W
YMR215W	YPL076W
YGL147C	YNL096C
YBL079W	YLR429W
YHR008C	YNL295W
YHL033C	YOL127W
YKL014C	YLR075W
YDL014W	YNL061W
YAL005C	YJR112W
YBL105C	YHR070W
YGL253W	YNL206C
YFL037W	YFR004W
YDR388W	YJL084C
YGR092W	YNR047W
YBR142W	YDR496C
YNL307C	YOL083W
YNR026C	YPL218W
YLL004W	YMR036C
YBL075C	YMR123W
YAL030W	YOR036W
YCR042C	YPR056W
YDL055C	YGL245W
YNL255C	YPL098C
YBR194W	YPR101W
YLL039C	YOL059W
YBR274W	YMR270C
YDL015C	YMR215W
YFR004W	YLR249W
YER131W	YLR435W
YKL089W	YOL091W
YBL007C	YKL054C
YNL004W	YPL127C
YJL069C	YKL099C
YCL024W	YNL289W
YKL104C	YPL111W
YGL207W	YOL145C
YMR125W	YPR086W
YDL226C	YOL129W
YCR046C	YKR006C
YKL124W	YLL039C
YER036C	YGR054W
YIR010W	YNL085W
YER101C	YLL039C
YJL189W	YKR048C
YDR265W	YGR133W
YNL255C	YPL127C
YJL053W	YJL187C
YER172C	YMR125W
YKL193C	YML049C
YOL147C	YPL240C
YDR179W-A	YOR157C
YAL030W	YBR080C
YBL002W	YHR197W
YAL047C	YGL212W
YJL092W	YJL170C
YJL183W	YLL039C
YLL062C	YOR064C
YBL007C	YDL002C
YGR186W	YML010W
YGR214W	YLR048W
YLL039C	YOR036W
YBR211C	YJR135C
YDR258C	YMR176W
YER030W	YNL255C
YCR028C	YJL004C
YNL099C	YNL255C
YBR011C	YMR142C
YDL130W	YDR091C
YDR167W	YOR174W
YBR274W	YOL059W
YCL037C	YML056C
YDL097C	YIL075C
YGR049W	YGR278W
YGL092W	YMR308C
YAL053W	YDR501W
YDR170C	YFR009W
YGR126W	YNL293W
YCL014W	YGR229C
YNL229C	YNL255C
YKR048C	YML069W
YBR133C	YHL007C
YGR192C	YLL039C
YDL006W	YHR079C
YJR154W	YPL141C
YLR075W	YPL249C-A
YBL007C	YNL229C
YBR058C	YBR112C
YFR014C	YGL208W
YAL035W	YFR004W
YDR150W	YPL269W
YLR429W	YMR086W
YFR032C-A	YMR194W
YDL006W	YGR052W
YBR079C	YEL034W
YMR308C	YPR093C
YKL207W	YNL055C
YMR056C	YNL255C
YDR297W	YER026C
YIR010W	YOL006C
YHR135C	YPR121W
YBR048W	YLL039C
YKR048C	YNL255C
YIL064W	YPR080W
YGL147C	YMR242C
YNL096C	YOR063W
YDR062W	YIL094C
YDR482C	YGR129W
YDR378C	YLL036C
YBL050W	YBR080C
YGR253C	YIL075C
YDL014W	YGL200C
YBR189W	YOR096W
YDR501W	YPL265W
YIL109C	YJL004C
YEL003W	YGR078C
YBR083W	YLL039C
YGR252W	YHR174W
YDR453C	YOR031W
YFR004W	YGL253W
YDL031W	YDR496C
YBR102C	YGL233W
YDR172W	YNL007C
YJR082C	YPL248C
YBL023C	YPL008W
YHR079C	YMR140W
YLR307W	YOL016C
YMR186W	YOR181W
YDR100W	YML029W
YBR130C	YJL106W
YBR189W	YDL060W
YBR285W	YGR092W
YHR165C	YKR086W
YEL034W	YJR007W
YDR379W	YNL201C
YLR048W	YMR109W
YNL055C	YNL131W
YBR221C	YER178W
YJR066W	YPL249C
YNL093W	YOR089C
YBR035C	YPL240C
YDL014W	YER131W
YAL030W	YMR183C
YER012W	YFL009W
YKL213C	YOR116C
YBR041W	YOR059C
YER022W	YGR252W
YIL156W	YKL129C
YDL116W	YGR192C
YBR194W	YKL182W
YAL005C	YGL207W
YCR005C	YKL085W
YLL024C	YNL255C
YKL035W	YML064C
YLL039C	YOR063W
YBR274W	YNR046W
YAL044C	YNL255C
YCR011C	YLL039C
YEL031W	YLL039C
YJR091C	YLR370C
YMR106C	YNL007C
YGL021W	YNR070W
YBL003C	YOL012C
YDR519W	YGL014W
YIL095W	YMR053C
YOL135C	YOR174W
YER089C	YHR079C
YDR293C	YPL004C
YDL100C	YDR304C
YGL206C	YJL084C
YFR004W	YNL138W
YDR176W	YGR274C
YGR155W	YML076C
YEL039C	YHR195W
YBR189W	YLR264W
YDR303C	YGR275W
YIL114C	YNL255C
YLR186W	YPL126W
YER036C	YIL095W
YKL166C	YOR334W
YDL055C	YER095W
YDR335W	YKL104C
YHR196W	YJR123W
YBR193C	YDR443C
YGL079W	YLR408C
YER022W	YPL210C
YPL083C	YPR065W
YEL039C	YPL144W
YER024W	YLL039C
YGL059W	YKL116C
YLR320W	YPL018W
YGL011C	YMR308C
YFR004W	YLR342W
YGL227W	YMR135C
YKL065C	YLL023C
YJR057W	YNL255C
YCL024W	YNL027W
YMR049C	YNL002C
YIL135C	YJL106W
YFR014C	YLR059C
YOL100W	YPL004C
YMR048W	YNL273W
YFL013C	YOR123C
YDL014W	YPR137W
YGR167W	YGR241C
YNL255C	YNR033W
YDR479C	YJL134W
YDR482C	YGL028C
YBR166C	YLL039C
YMR242C	YOL040C
YKL012W	YMR125W
YBL052C	YDR121W
YDR418W	YLR441C
YGL112C	YHR099W
YAL038W	YFR049W
YGR113W	YIR010W
YFL039C	YOL108C
YGR278W	YPL151C
YDL100C	YOL018C
YFL039C	YNL243W
YFL037W	YGR252W
YKR103W	YNL274C
YIR010W	YNL302C
YER122C	YFR004W
YKL127W	YLL039C
YAL035W	YOR063W
YHR081W	YHR135C
YFR001W	YKL185W
YIR010W	YOR340C
YGR056W	YML127W
YHL011C	YLL039C
YJL098W	YLR274W
YGL179C	YNL027W
YHR099W	YOL148C
YLR336C	YPR137W
YCL014W	YKR048C
YOR133W	YPR080W
YML065W	YNL162W
YLL039C	YOL126C
YGL059W	YHR157W
YDR394W	YEL034W
YNL255C	YOR361C
YER111C	YML069W
YGR167W	YHR161C
YDR126W	YEL002C
YDR284C	YGL006W
YDR320C	YGL206C
YGR097W	YPR115W
YOR157C	YPL144W
YHR191C	YJR068W
YBL082C	YGL070C
YBL007C	YPR102C
YKL014C	YML074C
YDR471W	YPL090C
YCR014C	YLR421C
YBR138C	YOR231W
YBR267W	YOR063W
YCR073C	YHR157W
YCR106W	YGR081C
YPL240C	YPL264C
YLL039C	YNR053C
YER118C	YHR143W
YGL206C	YOR181W
YDR190C	YER164W
YLR075W	YOR234C
YKL035W	YNL289W
YHR042W	YPL092W
YGL023C	YMR049C
YFR014C	YMR140W
YNL287W	YPL010W
YGL147C	YOR096W
YDL047W	YKL110C
YOL133W	YOR319W
YLL039C	YLR342W
YKL116C	YMR284W
YIL138C	YNL255C
YFL005W	YPR032W
YHR196W	YLL011W
YOL044W	YOL147C
YDR394W	YMR284W
YPL058C	YPL265W
YCR060W	YPL235W
YFR004W	YNL208W
YBL002W	YML065W
YDR168W	YJR076C
YBL072C	YGL246C
YBR010W	YGL150C
YLL039C	YMR292W
YJL170C	YPL240C
YER022W	YHR041C
YFR004W	YLR028C
YDR427W	YLR421C
YHR001W	YKR003W
YML013W	YOL013C
YBL105C	YPR154W
YDR501W	YER036C
YFR004W	YGR135W
YJL029C	YLR262C
YBL007C	YKR022C
YDR312W	YNL255C
YDR172W	YHR015W
YGR052W	YMR165C
YER123W	YOL083W
YMR053C	YNL307C
YMR041C	YOL045W
YPR056W	YPR086W
YBR189W	YNL301C
YFL039C	YJR065C
YLR071C	YPR086W
YMR304W	YNL313C
YER165W	YIL095W
YHR001W	YLR332W
YBR166C	YNL209W
YIR010W	YPR010C
YML065W	YNL113W
YDR030C	YDR212W
YAL005C	YER012W
YLR058C	YOR081C
YOR098C	YOR160W
YLR384C	YPL101W
YER032W	YJL092W
YDL101C	YDL200C
YKL180W	YNL330C
YHR165C	YMR125W
YHR135C	YLR030W
YGR266W	YOR153W
YCR066W	YLL039C
YAL035W	YLR192C
YER012W	YLR421C
YHR196W	YJR145C
YBL034C	YKL193C
YFR004W	YJR109C
YFR004W	YOR220W
YHR007C	YLR144C
YLR268W	YOR164C
YGR158C	YOR076C
YPL232W	YPR032W
YDR207C	YNL330C
YDR523C	YOR261C
YJL076W	YML102W
YGL207W	YPR019W
YDR471W	YNL061W
YDR036C	YGL129C
YNL020C	YNL243W
YBR198C	YPR190C
YOR187W	YPL083C
YBR221C	YLR345W
YDL006W	YLR148W
YAR002W	YER165W
YML010W	YOR123C
YBR189W	YLL036C
YEL056W	YML065W
YLR186W	YPL004C
YGR215W	YJR113C
YAL016W	YGR281W
YKR081C	YOR005C
YLL039C	YOR039W
YGR200C	YHR187W
YLR300W	YOL126C
YIL093C	YNL081C
YJL030W	YPR176C
YMR031C	YOR181W
YDR163W	YKR086W
YGR281W	YPL058C
YKL213C	YLL039C
YDR130C	YER131W
YFL039C	YOR326W
YDR038C	YNL217W
YJL186W	YLL039C
YGL137W	YGR229C
YDR331W	YGL051W
YGL121C	YLR278C
YGR167W	YOR181W
YBR167C	YBR257W
YBL069W	YDR100W
YDR483W	YPR152C
YNL116W	YNL154C
YER146W	YPR010C
YDR176W	YDR208W
YEL018W	YOR128C
YLR423C	YOL034W
YBL020W	YLL039C
YFL018C	YIL125W
YLR429W	YPL032C
YLR039C	YLR262C
YLR433C	YOR324C
YBL038W	YDR322W
YMR091C	YNL255C
YGL245W	YNL045W
YLL039C	YML111W
YHR114W	YJL180C
YHR079C	YJL034W
YKL010C	YML064C
YDR214W	YPL240C
YNL061W	YOR294W
YFR004W	YHL011C
YBR031W	YJL177W
YER022W	YOR174W
YEL034W	YPL144W
YJR121W	YMR186W
YAR027W	YIL016W
YDR329C	YMR203W
YHL007C	YPR032W
YLR167W	YOL117W
YDR388W	YGL070C
YFR004W	YLR027C
YBR048W	YMR194W
YDR237W	YKL166C
YLL023C	YLL039C
YDL005C	YOR174W
YLR105C	YPL083C
YJR132W	YLL039C
YKL180W	YNL301C
YKL010C	YPR080W
YDR044W	YGL112C
YHR135C	YLL039C
YBL061C	YPR080W
YDR012W	YJL177W
YKL140W	YMR152W
YNL064C	YNL229C
YKR026C	YNL255C
YFL022C	YPL240C
YGL051W	YNL287W
YMR291W	YNL154C
YHR195W	YOR065W
YDR130C	YKL052C
YGL237C	YKL109W
YJR002W	YKL035W
YAL005C	YMR091C
YAL034W-A	YIR010W
YLL026W	YNL229C
YML065W	YNR021W
YBR106W	YDR307W
YDR414C	YLL023C
YDL055C	YDR394W
YDR101C	YNL227C
YDR172W	YNL064C
YLR141W	YML065W
YKR022C	YNL258C
YDR516C	YPL026C
YKL182W	YLL039C
YGL179C	YKL042W
YBR207W	YDR352W
YBR175W	YLR403W
YDR440W	YLL039C
YKR018C	YLL039C
YBR198C	YLL039C
YDL165W	YPL037C
YLR457C	YPL018W
YDR152W	YIL152W
YDR507C	YNL166C
YDL060W	YJR145C
YMR142C	YPL090C
YDR233C	YOR285W
YCR012W	YIR010W
YDL047W	YMR024W
YLR075W	YLR441C
YCL011C	YNL004W
YGR054W	YNL255C
YIL035C	YLR109W
YDL015C	YDR331W
YKL006W	YLR424W
YKR086W	YPR101W
YBL023C	YPR019W
YJR112W	YMR168C
YDL115C	YDR404C
YMR186W	YNL124W
YLR423C	YLR439W
YDR361C	YNL255C
YIR010W	YOR063W
YDL223C	YIL095W
YDR087C	YNL255C
YDR190C	YFR013W
YKL063C	YLL039C
YER141W	YLL039C
YGL150C	YPL235W
YHR135C	YPL100W
YLR441C	YOR096W
YDL055C	YKL104C
YDR471W	YNL069C
YDL137W	YLL039C
YDR233C	YEL056W
YLR421C	YOR261C
YNL255C	YPR204W
YER165W	YOR243C
YDR293C	YNL066W
YHL009C	YOR153W
YGL005C	YKL159C
YIL142W	YOR230W
YKL019W	YKL159C
YBR274W	YJL076W
YJR145C	YOR063W
YDR244W	YNL214W
YHR007C	YKR003W
YBL045C	YMR036C
YOR028C	YPL046C
YHR052W	YLL045C
YBR106W	YOL132W
YDR091C	YOR063W
YEL018W	YJR082C
YJL057C	YNL007C
YDR324C	YGL011C
YDR012W	YLR438C-A
YFL009W	YLL039C
YDL083C	YLR287C-A
YBR274W	YMR255W
YGL145W	YOR075W
YDR323C	YGL095C
YJR066W	YLR377C
YML065W	YOL041C
YFL039C	YML065W
YER036C	YJR145C
YAR027W	YNL263C
YDR496C	YOR063W
YHR135C	YJR076C
YDL055C	YFL037W
YGL059W	YKL062W
YDL014W	YLR403W
YGR026W	YHR135C
YDL123W	YKR007W
YKL095W	YKR086W
YLR071C	YNR010W
YBR146W	YDR036C
YGR200C	YLR384C
YGR013W	YKL012W
YDL190C	YGR048W
YBL092W	YLR441C
YBL018C	YNL255C
YBR106W	YDR414C
YBL092W	YDR087C
YER002W	YMR049C
YGR230W	YJL092W
YBL043W	YPL018W
YFR014C	YLR276C
YDR013W	YPR135W
YDR356W	YMR129W
YHR098C	YNL289W
YGR227W	YHR114W
YDR308C	YER022W
YEL061C	YGR229C
YKL146W	YMR216C
YDR414C	YJL193W
YMR206W	YNL255C
YJL106W	YNL027W
YFR014C	YNL255C
YDR068W	YDR100W
YBR251W	YHR197W
YNL096C	YPR041W
YNL048W	YPR028W
YLL039C	YLR350W
YER019W	YLL039C
YOR294W	YPR115W
YFR004W	YOR157C
YCR014C	YFR004W
YBL002W	YOR116C
YDL111C	YHR069C
YGL212W	YOR089C
YER012W	YGR253C
YBR146W	YJR113C
YGR195W	YHR081W
YGR155W	YIL109C
YER012W	YGL058W
YFL013C	YJL081C
YNL069C	YNL255C
YPL237W	YPR152C
YLR075W	YPL090C
YLR248W	YMR068W
YDR412W	YJL189W
YCR030C	YPR119W
YDL101C	YML083C
YFL037W	YGL238W
YDL014W	YNL069C
YGR167W	YNL243W
YBR183W	YDL212W
YDR174W	YIR010W
YJR091C	YLR059C
YLL039C	YMR308C
YNL069C	YNL301C
YMR129W	YPL075W
YIL027C	YPL058C
YBL076C	YLR060W
YGL137W	YOR323C
YFR004W	YJL130C
YGR085C	YNL301C
YDR356W	YLR212C
YBR109C	YNL225C
YGR266W	YOR181W
YGR021W	YKL048C
YLR423C	YPL268W
YJL187C	YLR125W
YFR019W	YNL325C
YJR106W	YOR153W
YER088C	YNL091W
YMR194W	YNL096C
YDL015C	YHR195W
YER149C	YNL243W
YLR181C	YPR173C
YDR190C	YML065W
YDL101C	YKL095W
YAL024C	YLR058C
YNL096C	YOL127W
YJR066W	YLR214W
YDR153C	YKL135C
YPL240C	YPR029C
YMR267W	YNL154C
YDL055C	YNL255C
YFR004W	YLR447C
YLL039C	YNL044W
YIL093C	YJR113C
YLR249W	YPL266W
YBR041W	YML008C
YGR255C	YNL330C
YBL093C	YHR041C
YFR014C	YKL119C
YFR014C	YKR092C
YDR073W	YML068W
YHR179W	YLR186W
YBL092W	YDL075W
YDR471W	YOL127W
YGL127C	YPR168W
YDR496C	YLL039C
YHR135C	YIL010W
YLR018C	YMR129W
YLL038C	YNL255C
YGL137W	YPL010W
YBL003C	YFL024C
YGL187C	YNL052W
YBL039C	YBR031W
YPL090C	YPR041W
YJL047C	YOL133W
YDR293C	YGL180W
YPL004C	YPR161C
YDR009W	YPL248C
YNL255C	YNL330C
YDL002C	YNL307C
YCL025C	YJR095W
YMR199W	YPL049C
YDR523C	YMR235C
YCR046C	YMR193W
YHL033C	YPL220W
YNL209W	YOL087C
YNL048W	YPR128C
YCL027W	YNL075W
YLR332W	YOR273C
YDR118W	YGL254W
YDR116C	YLR312W-A
YHL024W	YJL187C
YER053C	YLL039C
YDR369C	YOL108C
YDR062W	YHR020W
YML057W	YPL235W
YLL036C	YOR319W
YCL037C	YKL014C
YBL003C	YPR161C
YBL075C	YPL240C
YDR418W	YLL045C
YDR167W	YPL047W
YBL007C	YBR059C
YDR247W	YGL184C
YJR039W	YMR021C
YKR051W	YMR106C
YBR273C	YPL240C
YJL092W	YLR223C
YHL007C	YHL024W
YBR011C	YDL203C
YJL130C	YLL039C
YAL005C	YDL058W
YDR513W	YNL255C
YEL026W	YMR304W
YHR169W	YJR109C
YDL052C	YDR170C
YDR388W	YGL026C
YGR056W	YGR275W
YDR508C	YLL039C
YAR027W	YPL020C
YDR412W	YHR197W
YMR216C	YNL255C
YAL053W	YOL105C
YLR287C-A	YOL127W
YBR251W	YIL093C
YBL039C	YGR252W
YGR232W	YMR121C
YLL039C	YOL082W
YLR399C	YPL235W
YER030W	YOL012C
YLR266C	YPL018W
YBL016W	YEL032W
YIR010W	YLR222C
YIL094C	YMR308C
YLR377C	YPL180W
YDR516C	YNL032W
YKL180W	YMR242C
YAR002W	YLR293C
YIL035C	YKL108W
YJL083W	YJR066W
YER119C	YOL016C
YFR004W	YGR085C
YGL147C	YKL135C
YDR211W	YKR026C
YER012W	YLR276C
YFL039C	YGL150C
YEL034W	YFR031C-A
YBR202W	YEL032W
YGL017W	YLR187W
YDR482C	YOR204W
YBR278W	YDR121W
YBR119W	YNL227C
YBR189W	YOR204W
YIL094C	YOR133W
YDR251W	YIR010W
YLL045C	YOR063W
YBR048W	YHL033C
YFR029W	YGL180W
YKL114C	YKL166C
YFR001W	YGL237C
YLL024C	YML065W
YEL030W	YIL095W
YJR066W	YLR116W
YBR285W	YCR091W
YFR043C	YPR029C
YDR224C	YGL066W
YBR041W	YLL039C
YFL003C	YMR125W
YDR359C	YHR099W
YEL061C	YLL039C
YFL034W	YGL180W
YBR194W	YHR099W
YIL035C	YOR119C
YAL005C	YLL036C
YBL007C	YGR268C
YIL108W	YPR154W
YNL151C	YPR190C
YBR080C	YFR004W
YIR010W	YKL052C
YLR438C-A	YPL084W
YJL177W	YKL180W
YDR383C	YPL233W
YDR068W	YDR483W
YLL036C	YNL007C
YLL039C	YLR352W
YJR145C	YPL081W
YDR342C	YOR181W
YLL039C	YNL243W
YDR130C	YMR242C
YDR388W	YFL018C
YBL007C	YEL054C
YDR171W	YNL007C
YOR204W	YPL081W
YGL006W	YMR221C
YIL034C	YNL138W
YFR049W	YNL255C
YJR123W	YLR287C-A
YJL106W	YMR284W
YDR170C	YNL238W
YMR299C	YNL183C
YBL007C	YBL088C
YDR458C	YNL154C
YNL255C	YOR374W
YMR106C	YPR160W
YFL005W	YNL263C
YBL072C	YPL126W
YGR123C	YMR186W
YNL251C	YOL021C
YIR010W	YKL180W
YHR024C	YHR120W
YBR253W	YNR010W
YKL135C	YLL039C
YNL061W	YOL041C
YJR066W	YPL180W
YHR216W	YPR152C
YDR150W	YGR089W
YDR135C	YJL014W
YKL089W	YLR320W
YER164W	YGR252W
YHR114W	YOL018C
YMR146C	YPR041W
YNL255C	YNR022C
YCL047C	YKR022C
YGL105W	YGL180W
YLL039C	YNL121C
YHR197W	YKR048C
YBR194W	YHR165C
YCR066W	YJL092W
YDR295C	YGL086W
YCL014W	YEL026W
YHR115C	YNL085W
YGR104C	YOL135C
YBR207W	YLL039C
YDR479C	YLL014W
YNL263C	YNL304W
YDR167W	YGL066W
YFR014C	YOR101W
YGL086W	YJL030W
YLR144C	YPR154W
YGL212W	YLR148W
YKR026C	YNL265C
YLL039C	YPR032W
YBL007C	YLL039C
YBR010W	YHR119W
YDL047W	YJR105W
YER123W	YLL039C
YGL014W	YKL054C
YHL046C	YOR355W
YML065W	YOL136C
YGL179C	YPR083W
YBL003C	YBL023C
YBL016W	YER075C
YIR010W	YPL233W
YGL179C	YNL066W
YDL060W	YJR123W
YDR422C	YHR114W
YNL125C	YPL141C
YDR238C	YLR268W
YBL011W	YDL101C
YLR276C	YMR308C
YIR010W	YJR066W
YLL039C	YMR088C
YFL039C	YOR304C-A
YML069W	YOL013C
YKL166C	YOR187W
YBL105C	YCR030C
YFR052W	YJR133W
YGR149W	YLL039C
YGR200C	YPL026C
YEL055C	YLL019C
YER095W	YMR186W
YGL078C	YGR159C
YDL075W	YPL249C-A
YMR031C	YNL209W
YBL045C	YML064C
YHR041C	YHR058C
YEL062W	YNL307C
YLL039C	YMR071C
YIL062C	YOR181W
YAL005C	YDR141C
YCL037C	YLL039C
YDL075W	YDR101C
YAL024C	YLR259C
YBL050W	YGL212W
YLR450W	YML075C
YML101C	YNL255C
YGR153W	YNL255C
YGR092W	YNR046W
YGL206C	YKL135C
YGL134W	YPR115W
YHR135C	YLR257W
YLR075W	YMR086W
YBR011C	YPL066W
YDR118W	YDR260C
YOR153W	YPL265W
YGL263W	YJR095W
YMR193W	YNL252C
YCL014W	YDR087C
YDL101C	YMR031C
YLL039C	YML005W
YGR054W	YOR063W
YHR099W	YPL047W
YDL199C	YPL240C
YBR031W	YDL018C
YGL116W	YGR092W
YHR062C	YOL013C
YDR299W	YOR096W
YNL154C	YOR123C
YIL142W	YNR032W
YNL125C	YNR059W
YDR303C	YGR054W
YIL035C	YOL088C
YGL208W	YNL255C
YHL036W	YPL240C
YMR270C	YPL018W
YKL045W	YPR019W
YBR274W	YHR174W
YDR372C	YFR004W
YDL101C	YMR086W
YBL016W	YOL016C
YKL065C	YPR192W
YDR106W	YMR294W
YBL039C	YOR261C
YBR031W	YOR096W
YOR204W	YOR361C
YNL154C	YOR181W
YHR023W	YKL179C
YAL035W	YLL039C
YJR005W	YLR342W
YLR110C	YLR350W
YDL014W	YOR340C
YDR172W	YNL255C
YKL048C	YLR060W
YDL074C	YGL058W
YLR276C	YNL061W
YIL035C	YNL262W
YBR189W	YOL040C
YNL255C	YOL111C
YDL047W	YJL014W
YDR260C	YML023C
YHR094C	YPL240C
YCL008C	YPL084W
YLL045C	YLR441C
YBR072W	YOR159C
YEL009C	YGL058W
YBR234C	YML069W
YGL031C	YJR123W
YDL101C	YDR158W
YML064C	YNL044W
YHR165C	YOR159C
YDL078C	YNL113W
YJR040W	YLL039C
YAL005C	YPL001W
YDL080C	YIL142W
YBR142W	YLL039C
YJL034W	YNL313C
YIR010W	YOL127W
YMR194W	YNL255C
YER166W	YIL068C
YDR293C	YHL007C
YDR026C	YJL148W
YGL017W	YJL098W
YGL190C	YLR373C
YGR253C	YMR314W
YBL079W	YMR129W
YPL010W	YPL246C
YKL213C	YPR010C
YMR194W	YNL301C
YIR010W	YKL182W
YFR032C-A	YLR287C-A
YGR080W	YOR181W
YKL191W	YLR043C
YBL102W	YDR100W
YGL171W	YMR242C
YBR079C	YGR214W
YDL208W	YNL255C
YFR001W	YGL111W
YDR423C	YEL051W
YOR063W	YPL259C
YJL187C	YPR152C
YER111C	YLL036C
YGR085C	YHL033C
YJL187C	YOR340C
YDR080W	YPL233W
YML065W	YNL064C
YGR234W	YLR304C
YHR197W	YNL002C
YGL011C	YLR249W
YJL034W	YOL031C
YJL106W	YKL140W
YMR142C	YMR242C
YGL207W	YHR035W
YJL134W	YML029W
YOR096W	YPL126W
YCR021C	YGR138C
YKR048C	YLR457C
YAL009W	YNL255C
YFR031C-A	YPL220W
YBR031W	YGL111W
YEL034W	YPL111W
YFL039C	YOR281C
YIL079C	YNL004W
YBR011C	YGL237C
YGR214W	YNL124W
YLR276C	YPR161C
YOR311C	YPR124W
YDL053C	YOR290C
YBR106W	YEL017C-A
YBL078C	YNL223W
YDR439W	YHR135C
YBR154C	YPR052C
YBR031W	YPL090C
YIL079C	YML065W
YDL083C	YHL033C
YFR004W	YFR010W
YBR106W	YKL146W
YOL012C	YPL086C
YBR048W	YOR204W
YIR010W	YPL237W
YJL092W	YJR043C
YJR123W	YPR041W
YNL301C	YOR204W
YFL050C	YGL059W
YDL014W	YOL076W
YFL050C	YLL061W
YGR295C	YPR192W
YBL072C	YIR010W
YJR084W	YPR045C
YDR414C	YGL259W
YDR507C	YEL012W
YGR060W	YPL264C
YKR048C	YOR090C
YBR183W	YIL016W
YBL093C	YOR174W
YAL005C	YOL031C
YER020W	YGR281W
YMR028W	YNL255C
YDR418W	YJL177W
YDR300C	YNL265C
YJR066W	YMR215W
YCL010C	YGL112C
YJL091C	YMR215W
YBL002W	YDR439W
YER147C	YMR229C
YNL209W	YPL231W
YDL014W	YPR161C
YBR264C	YNL255C
YHR196W	YPR137W
YJR123W	YNL124W
YGL245W	YHR079C
YDR507C	YKL048C
YGR052W	YML013W
YLL039C	YLR195C
YNL307C	YOR290C
YKL065C	YPR124W
YDR388W	YGL201C
YDR479C	YNR075W
YLR208W	YPR080W
YFL034W	YLR170C
YBR048W	YPL090C
YBL092W	YNL069C
YNL255C	YOL012C
YDR012W	YGR085C
YBR251W	YNR036C
YDR141C	YHR094C
YHR118C	YPL127C
YDR295C	YJL106W
YGL043W	YML010W
YGR068C	YIL094C
YAL053W	YLR330W
YER022W	YJL140W
YBR280C	YNL141W
YHR131C	YNL255C
YJR145C	YLL045C
YER022W	YGR186W
YKL166C	YOR163W
YNL029C	YPR124W
YHR069C	YHR081W
YJL082W	YLL039C
YDL060W	YOR096W
YGR052W	YGR097W
YBL003C	YHL024W
YIR010W	YNR053C
YLR132C	YPR191W
YKL129C	YKL152C
YBR072W	YMR083W
YER036C	YJL138C
YAL042W	YNL255C
YEL002C	YJR117W
YNL075W	YPL126W
YGL129C	YHL048W
YDL083C	YGL147C
YFL018C	YHR114W
YER013W	YKR086W
YFR036W	YJR091C
YKL116C	YNL255C
YNL265C	YOR260W
YLR300W	YMR049C
YBL003C	YER165W
YJL111W	YNL255C
YBL002W	YGL207W
YFL040W	YLR214W
YGL179C	YPR115W
YDR307W	YFL062W
YDL123W	YEL051W
YHR079C	YNR047W
YGR092W	YKL146W
YEL012W	YJL187C
YOL013C	YPL160W
YGR085C	YLL039C
YBL104C	YNL307C
YBL003C	YHR099W
YBR194W	YOR319W
YDR334W	YKR072C
YLR212C	YNL126W
YER043C	YJR090C
YBR140C	YOL081W
YJL180C	YKL054C
YGR244C	YLL039C
YKL014C	YOR133W
YEL026W	YOL012C
YML065W	YOR204W
YGL112C	YML065W
YBR109C	YMR109W
YGL058W	YLR015W
YMR010W	YNL287W
YDR240C	YPR182W
YOR039W	YOR361C
YKL218C	YNL255C
YLL039C	YPL065W
YLL019C	YOL054W
YFL039C	YHR023W
YBR059C	YOR329C
YDR141C	YNL209W
YDL015C	YHL048W
YDR392W	YNL175C
YCR021C	YHR094C
YDR167W	YMR227C
YBR200W	YJL085W
YBR253W	YDR443C
YIL048W	YLR241W
YLR075W	YOL120C
YBR130C	YHR135C
YOR227W	YPL240C
YDL100C	YDR513W
YGR158C	YLR345W
YDR312W	YGL111W
YDR176W	YGL066W
YGR121C	YOR321W
YBL003C	YDR217C
YER164W	YIL035C
YBR048W	YNR054C
YLR312W-A	YMR024W
YBR271W	YNL255C
YDR087C	YGR085C
YJL027C	YNL255C
YIR005W	YOR319W
YDL156W	YIL142W
YER172C	YPR152C
YBR194W	YGR148C
YER012W	YPR103W
YDR443C	YJL187C
YDR523C	YEL051W
YGL078C	YML010W
YBR106W	YEL002C
YGL076C	YNL301C
YAL016W	YJL057C
YJR097W	YPL141C
YDR322W	YNL005C
YER036C	YNL020C
YKL052C	YNR031C
YFR014C	YMR049C
YBL016W	YFR004W
YKL144C	YNL201C
YKR081C	YLL039C
YFR004W	YMR242C
YBR142W	YDL014W
YML010W	YPR152C
YBL002W	YNL262W
YDL031W	YNL061W
YIL057C	YLL039C
YGL129C	YMR158W
YGL059W	YGL105W
YKR006C	YOL027C
YLL039C	YOR074C
YDR365C	YHR065C
YBL092W	YNL255C
YFR001W	YPR161C
YBL003C	YEL018W
YDR516C	YGR092W
YGR126W	YLL039C
YPL141C	YPR128C
YLR441C	YOL127W
YNL209W	YNL255C
YJL106W	YNL007C
YDR297W	YKL065C
YMR017W	YMR183C
YGR234W	YKL104C
YLL039C	YLR075W
YMR193W	YNL255C
YCR073W-A	YLR028C
YDR167W	YOL148C
YAL010C	YMR203W
YBR072W	YML064C
YFR004W	YKR048C
YFL005W	YMR192W
YGL105W	YGR171C
YER013W	YGR278W
YKL010C	YMR022W
YGL245W	YJL106W
YGL212W	YMR053C
YKL082C	YLR276C
YNL113W	YPR190C
YJL177W	YOL040C
YHR042W	YPL240C
YNL064C	YNL255C
YMR049C	YMR093W
YLR199C	YMR186W
YNL002C	YNL255C
YHR165C	YPR152C
YEL021W	YLL039C
YKR003W	YOR273C
YDR418W	YLR075W
YIL035C	YLR399C
YGL179C	YIL084C
YDR087C	YGL111W
YDR129C	YKL085W
YHL007C	YLR293C
YDR240C	YLR345W
YIL075C	YPL233W
YGL031C	YGL076C
YHR174W	YPR093C
YFL039C	YIR010W
YAR018C	YOL083W
YLR060W	YOL013C
YGL180W	YKL121W
YBR109C	YOR233W
YGL180W	YKR048C
YGR173W	YPR080W
YDL014W	YDL060W
YER131W	YIR010W
YCR082W	YER022W
YKR028W	YPR161C
YLR321C	YNR046W
YKL060C	YOR098C
YDR012W	YNL124W
YMR304W	YOR204W
YAR007C	YBR137W
YBR023C	YLR170C
YLR321C	YLR345W
YDL212W	YHL042W
YMR193W	YNL005C
YKR022C	YPL160W
YDR142C	YNL214W
YLR199C	YLR249W
YDR174W	YDR303C
YDR388W	YNL289W
YBR041W	YLR144C
YCL024W	YJR112W
YDL100C	YOL126C
YKL108W	YPR120C
YBR031W	YLR438C-A
YBR079C	YDR429C
YNL243W	YPL266W
YGR054W	YLL039C
YML074C	YPR073C
YFR004W	YOL058W
YJL052W	YML065W
YBR193C	YMR112C
YBR154C	YHL007C
YNR033W	YPR154W
YBR005W	YLL039C
YDR394W	YNL055C
YCR004C	YLL039C
YDR070C	YGL059W
YGR052W	YPL180W
YDL053C	YNL255C
YBR274W	YDR224C
YLR249W	YOR133W
YJR090C	YNL076W
YPR041W	YPR086W
YNL255C	YOL093W
YDL101C	YJL076W
YGR052W	YPR030W
YJR005W	YOL062C
YNL255C	YNR029C
YDL175C	YMR125W
YJL076W	YNL307C
YMR242C	YNL069C
YEL034W	YLL039C
YGR104C	YJL140W
YGR211W	YLL039C
YBR109C	YOL016C
YEL054C	YLR075W
YDL100C	YKL080W
YMR229C	YNL061W
YIL114C	YMR215W
YFR004W	YPR148C
YBL038W	YLR399C
YGL092W	YMR129W
YMR216C	YPR019W
YDR080W	YMR231W
YDR171W	YLR248W
YDR482C	YHR165C
YFR004W	YGR032W
YGR017W	YPL141C
YEL002C	YML115C
YFR004W	YOR065W
YGR092W	YOR276W
YGL043W	YGR097W
YHR118C	YOL100W
YBL078C	YOL083W
YER122C	YNL307C
YLL039C	YMR121C
YNL243W	YOR284W
YBR198C	YDR392W
YDR190C	YFL039C
YGL206C	YNL243W
YNL289W	YNR047W
YBR267W	YIR026C
YHR058C	YOR174W
YBL076C	YFR052W
YNL093W	YNL227C
YLR116W	YML046W
YDR232W	YLL039C
YIL075C	YNL255C
YDR392W	YNL255C
YBR102C	YHR165C
YGR179C	YIR010W
YKL104C	YPR010C
YAL034C	YBR198C
YFR030W	YOR361C
YIL019W	YLR222C
YGL111W	YLR449W
YOL107W	YPL020C
YKL185W	YMR229C
YDR224C	YMR308C
YDR172W	YJL052W
YDR078C	YJL092W
YOL081W	YOR371C
YIL118W	YLL039C
YDR205W	YNR039C
YDL175C	YOR204W
YLR262C	YNL044W
YHL048W	YKR088C
YGR052W	YKL010C
YDR501W	YGR281W
YNL172W	YPR152C
YBR253W	YJL177W
YGR185C	YMR158W
YBL075C	YER103W
YDL019C	YMR109W
YJR145C	YLR441C
YIL149C	YKL042W
YFR031C-A	YOL127W
YHR135C	YMR049C
YFL062W	YIL016W
YHR102W	YMR186W
YNL093W	YPL240C
YDR171W	YLL024C
YDR525W-A	YLL039C
YJR123W	YLR441C
YGR268C	YPL049C
YER036C	YNL064C
YDR097C	YJR144W
YDR170C	YKL104C
YGR092W	YJR072C
YDR482C	YPL151C
YDR073W	YPL248C
YDR297W	YHR007C
YGR153W	YMR055C
YFR014C	YIL051C
YHR016C	YPL246C
YJR031C	YLL039C
YDL121C	YNL255C
YBL039C	YOR133W
YDR101C	YNL002C
YNL255C	YOL149W
YDL160C	YER035W
YJL177W	YLL045C
YBR198C	YDR167W
YGR085C	YLL045C
YHR135C	YKL146W
YBR059C	YNL020C
YGR052W	YNL117W
YPL127C	YPR161C
YDR394W	YJL157C
YER118C	YIL156W
YBR010W	YGL194C
YJR066W	YLR403W
YDL055C	YGR234W
YBR218C	YLL039C
YJL076W	YJR057W
YDR012W	YDR496C
YLR370C	YOL016C
YDR190C	YKL193C
YCL054W	YGL111W
YDR352W	YGL006W
YDR028C	YHR052W
YFR031C-A	YIR010W
YNL255C	YNR062C
YDL015C	YLL039C
YHR062C	YNL221C
YGR148C	YLL039C
YNL175C	YOR294W
YHR135C	YMR226C
YAL005C	YPL233W
YOL127W	YPL240C
YFL067W	YNL255C
YFL039C	YNR031C
YBR193C	YOL135C
YDL031W	YKR081C
YHR161C	YPL232W
YLL039C	YMR196W
YDL200C	YKL010C
YJR091C	YKL002W
YML057W	YNL290W
YER146W	YNL092W
YLL039C	YPL220W
YLR320W	YMR187C
YFL039C	YHR179W
YLR262C	YNL255C
YJL014W	YMR194W
YDR418W	YKL180W
YDL208W	YDR174W
YNL229C	YPL235W
YDR416W	YGR195W
YFR004W	YOL059W
YGR135W	YLR199C
YBR106W	YPR124W
YHR174W	YOR098C
YAL005C	YBR251W
YLR312W-A	YNL252C
YBR254C	YLR342W
YDR300C	YPL240C
YBR194W	YDR299W
YDL078C	YDR244W
YJL085W	YPR055W
YGR159C	YOR204W
YDL047W	YJR007W
YOL101C	YPL240C
YDL014W	YNL075W
YIL035C	YOL041C
YBR083W	YDR224C
YBR189W	YFR004W
YEL009C	YHR099W
YNL255C	YPR152C
YGR252W	YOL148C
YGR278W	YLL036C
YER105C	YKL068W
YBL072C	YML056C
YBR011C	YML056C
YFL038C	YGL198W
YDL014W	YGR159C
YER012W	YPL110C
YBL018C	YIR015W
YBR274W	YFL039C
YDL064W	YPL269W
YBR247C	YOR096W
YJL177W	YNL301C
YBR058C	YLL039C
YDR244W	YGR133W
YDR411C	YOL013C
YIL019W	YPL126W
YOR181W	YPL074W
YGR067C	YNL085W
YFR014C	YGR159C
YBR059C	YMR196W
YBL079W	YGR052W
YJR066W	YLR108C
YGL104C	YPL270W
YDR190C	YFR004W
YBR101C	YLL039C
YDR238C	YOR197W
YJL098W	YNL025C
YLR207W	YML013W
YDR308C	YGL127C
YDR496C	YEL055C
YGR013W	YNL210W
YBR010W	YGL112C
YKL014C	YMR229C
YGL043W	YJR132W
YLR064W	YMR123W
YFL028C	YNL255C
YLL039C	YML035C
YLL024C	YOR043W
YIR010W	YPL249C-A
YJR117W	YNL048W
YHR165C	YLR438C-A
YDL160C	YLL036C
YDL054C	YGL051W
YOL003C	YPL264C
YCR084C	YNL330C
YDR012W	YHL033C
YLR274W	YPR019W
YER166W	YLR330W
YML065W	YNL075W
YHR085W	YHR197W
YDL212W	YIL027C
YDL014W	YDR299W
YDR397C	YNL255C
YLL039C	YPR103W
YIR033W	YNL219C
YGL145W	YLR268W
YKR006C	YPR152C
YFR004W	YPL004C
YIL107C	YNL154C
YBL092W	YHR052W
YGL111W	YOR063W
YFR004W	YML070W
YDR162C	YDR507C
YDR238C	YPL246C
YLR207W	YML029W
YNL151C	YNL255C
YML075C	YPL264C
YGR082W	YNL131W
YHL048W	YPL076W
YLL039C	YLR203C
YBR112C	YJL168C
YKR092C	YMR093W
YBR253W	YDR308C
YMR308C	YOR380W
YHR081W	YOL021C
YBR254C	YDR472W
YDR414C	YEL017C-A
YCR020W-B	YLR357W
YFR004W	YPL032C
YDR412W	YKL014C
YER059W	YMR165C
YFR004W	YJR105W
YDL115C	YJL140W
YBL102W	YML018C
YLR207W	YML075C
YLL062C	YOR081C
YBL075C	YFR004W
YMR194W	YMR242C
YGR003W	YPL046C
YGL212W	YMR071C
YDL204W	YHR007C
YGR234W	YML064C
YFR004W	YML057W
YBR200W	YPR055W
YGL086W	YGL116W
YEL051W	YKR007W
YHR119W	YJR119C
YJR072C	YKL014C
YDR394W	YPR152C
YNL286W	YOR284W
YBR010W	YDR227W
YDR237W	YLR439W
YCR063W	YDR482C
YLL011W	YMR308C
YBL003C	YER036C
YDR073W	YNR023W
YDR416W	YLR424W
YBR189W	YNL096C
YAR002W	YER105C
YBL003C	YML127W
YKR062W	YNL255C
YLL039C	YOR065W
YBL072C	YMR194W
YAL010C	YNL131W
YBR130C	YKL185W
YGR252W	YMR223W
YBL075C	YNL025C
YGR129W	YLR249W
YJR005W	YLR116W
YHL042W	YPL076W
YAR007C	YER095W
YFR004W	YIL118W
YLL039C	YPL248C
YHR119W	YPL001W
YFR031C-A	YMR194W
YHL007C	YLR353W
YMR049C	YPR115W
YLR025W	YMR154C
YHR083W	YNL255C
YHR114W	YOR355W
YKR026C	YNL085W
YCR021C	YER020W
YBR137W	YML064C
YDR372C	YLR149C
YCR091W	YIL135C
YAL027W	YCL024W
YER036C	YOR063W
YJR101W	YNL081C
YDL053C	YGL200C
YIR007W	YLL026W
YBL023C	YPR120C
YHR171W	YNR007C
YDR211W	YPR161C
YGR104C	YLL026W
YNL097C	YNL330C
YGL245W	YKL108W
YOR036W	YPL151C
YLR048W	YNL112W
YER164W	YIR010W
YDR423C	YIR037W
YLL039C	YLR278C
YOL146W	YPR135W
YKL175W	YPR198W
YDL083C	YDR130C
YDR322W	YML065W
YEL062W	YHL023C
YGL181W	YNL124W
YAL003W	YPR080W
YDR414C	YFL040W
YLR019W	YMR246W
YBL021C	YHR187W
YHR171W	YOR191W
YDR167W	YDR176W
YPL227C	YPR198W
YHR196W	YPR160W
YGL076C	YLR449W
YHR135C	YLR132C
YDR405W	YOL027C
YBL092W	YML065W
YAR027W	YLL039C
YLR397C	YOL012C
YEL044W	YGL150C
YNL206C	YPR018W
YGR232W	YLR421C
YDL064W	YML023C
YCL024W	YDR098C
YDL014W	YKR092C
YGL230C	YKL110C
YER178W	YGR229C
YJL048C	YLR423C
YJL047C	YLR320W
YDR330W	YER012W
YEL023C	YLR249W
YAL024C	YLR084C
YJR091C	YLR392C
YJR095W	YPL141C
YBR237W	YNL255C
YDR174W	YGL200C
YDL047W	YNL025C
YKL144C	YNL151C
YBR031W	YDR101C
YCR088W	YPL004C
YLR044C	YOR260W
YDR100W	YOL129W
YCR106W	YMR060C
YJL148W	YPR010C
YNL214W	YOL044W
YER095W	YNL255C
YBR194W	YPL231W
YAL020C	YKR048C
YJL187C	YMR165C
YFR004W	YHR074W
YBR102C	YLR423C
YHR052W	YPL259C
YDR418W	YFR031C-A
YBR109C	YLL060C
YEL061C	YGR253C
YER165W	YFR004W
YDL212W	YIL109C
YMR022W	YNR031C
YER136W	YNL304W
YKL180W	YNL302C
YEL009C	YER040W
YMR048W	YNL255C
YHR052W	YLR075W
YAR007C	YDR121W
YDR404C	YJL140W
YBL003C	YFR013W
YNL154C	YOL091W
YGL207W	YOR101W
YDR251W	YNL289W
YEL031W	YLR207W
YER165W	YKL025C
YGL111W	YML010W
YLL039C	YNL301C
YBR200W	YDL159W
YHR062C	YMR236W
YBR247C	YNL255C
YDR167W	YPR168W
YKL047W	YLL039C
YMR229C	YNL175C
YLL039C	YOR043W
YGL171W	YJR002W
YJL044C	YKR048C
YIR005W	YLR016C
YGL245W	YJL057C
YER165W	YGL112C
YLR167W	YPR152C
YFR032C-A	YGL189C
YGL179C	YMR165C
YLR248W	YPR160W
YGL111W	YOL127W
YDR163W	YLL036C
YKL060C	YKL152C
YBR194W	YML056C
YHR041C	YPR056W
YGR085C	YJL177W
YLR167W	YML065W
YDR507C	YMR235C
YFR031C-A	YPL090C
YER131W	YHR135C
YLR439W	YNL185C
YDL047W	YKR028W
YDR012W	YLL039C
YLR439W	YMR024W
YGR012W	YML086C
YGR158C	YHR081W
YDR190C	YMR284W
YLL039C	YLR019W
YNL255C	YPR001W
YDR170C	YDR238C
YLL039C	YPL010W
YGR048W	YIL030C
YDR097C	YML032C
YCR053W	YLL039C
YGR052W	YJL076W
YDR419W	YLL039C
YCL037C	YOL045W
YGL174W	YIR005W
YJL123C	YNL136W
YBL043W	YJR135C
YJL187C	YPL001W
YJR082C	YNL136W
YGL116W	YKL085W
YDL006W	YNL154C
YMR314W	YPR135W
YBL061C	YNL154C
YLR429W	YPL218W
YAL035W	YDR429C
YER020W	YLR332W
YJL138C	YKL095W
YBR234C	YMR109W
YDR214W	YOR133W
YPL076W	YPL264C
YNR039C	YOR174W
YLR141W	YPL240C
YCR014C	YOR005C
YDL015C	YDR506C
YHL033C	YPL090C
YCR063W	YIL070C
YHR135C	YIL107C
YFL062W	YMR221C
YCR091W	YPR063C
YDL123W	YOL018C
YDR141C	YMR010W
YDR388W	YPL181W
YML106W	YPR052C
YDR122W	YLR310C
YDR471W	YDR496C
YBR176W	YPR080W
YGR078C	YJL179W
YHR164C	YJL173C
YDR293C	YGL137W
YAL053W	YGR229C
YBR269C	YNL255C
YGR274C	YPR086W
YAL005C	YMR099C
YLR449W	YML074C
YFR004W	YNL301C
YLL013C	YMR106C
YGL207W	YOL013C
YHR016C	YNL073W
YAL034W-A	YPL233W
YDR331W	YGL104C
YDR395W	YLL039C
YLL039C	YLR370C
YDR304C	YFR030W
YJL138C	YPL240C
YBR048W	YDR418W
YNL009W	YOL013C
YMR121C	YNL255C
YDL047W	YMR196W
YLR287C	YNR031C
YER020W	YPL058C
YER064C	YOR231W
YBR146W	YML065W
YBR031W	YLR075W
YLL039C	YNL029C
YBR094W	YOL149W
YDR293C	YJL098W
YER136W	YFL005W
YFR004W	YPL235W
YGR104C	YNL025C
YDL014W	YDR439W
YLR262C	YNL041C
YBR194W	YLR167W
YGR085C	YOL127W
YDL146W	YHR016C
YHL019C	YLR170C
YBR284W	YML035C
YBR109C	YHR179W
YBL079W	YDL088C
YBR106W	YLL023C
YDR330W	YLL039C
YGL076C	YMR229C
YAL005C	YKL012W
YKR081C	YPL220W
YLR449W	YNL255C
YHL048W	YOR254C
YBR059C	YKL166C
YNL061W	YOR005C
YDR121W	YJL065C
YHR216W	YNL175C
YBR194W	YIL035C
YBR109C	YJR065C
YBR251W	YOL027C
YJL084C	YNL154C
YDR318W	YMR117C
YJL098W	YLR310C
YER165W	YOL117W
YGL051W	YGR295C
YGR060W	YJL129C
YBL016W	YPR115W
YML065W	YOL012C
YDR519W	YOL088C
YDL031W	YFR001W
YBL093C	YKL129C
YDR172W	YGR072W
YML049C	YPR182W
YBR202W	YLR103C
YFL013C	YLR249W
YDR297W	YOL003C
YMR186W	YNL262W
YGR116W	YNL255C
YIR037W	YLL039C
YDL097C	YFR010W
YBR079C	YGR252W
YCR021C	YHL007C
YFR004W	YGL137W
YDR388W	YJL085W
YFR004W	YOR261C
YDR359C	YFL039C
YGL105W	YHR131C
YLR019W	YOR043W
YLR075W	YNR053C
YLL039C	YOL142W
YGR029W	YHR005C-A
YAL005C	YIL035C
YIR010W	YJR135C
YKR025W	YNL255C
YLL039C	YPR160W
YDR365C	YIR010W
YGR278W	YLR117C
YAL005C	YKL014C
YGL006W	YOL129W
YDR118W	YPR018W
YIL135C	YOR043W
YLR027C	YPL004C
YFL001W	YMR216C
YMR229C	YPR137W
YHR165C	YKL012W
YGR112W	YLR203C
YDL160C	YJL138C
YDR412W	YMR194W
YMR048W	YPR019W
YGL051W	YIL109C
YIL095W	YLR251W
YJR132W	YMR186W
YHR135C	YLR429W
YGL105W	YNL154C
YDL055C	YIL075C
YBL003C	YGL150C
YJL014W	YLL011W
YDR214W	YNL281W
YGL207W	YLR357W
YML083C	YOR231W
YHR135C	YOL091W
YJL047C	YPR135W
YKL005C	YNL255C
YFR014C	YJL177W
YER172C	YMR240C
YHL032C	YKR026C
YGL137W	YMR146C
YGL180W	YKR092C
YFL050C	YGL180W
YDL014W	YML065W
YMR074C	YNL256W
YDR516C	YGR232W
YML056C	YPR161C
YBR106W	YIL027C
YAR027W	YIR033W
YBR059C	YIR010W
YGR167W	YNL238W
YDR372C	YLL039C
YAL005C	YKR008W
YDR062W	YKL104C
YLR412W	YNL255C
YBR085W	YOR181W
YAL038W	YBR221C
YDR212W	YKL095W
YER146W	YIL048W
YGL014W	YNL317W
YDL083C	YMR242C
YNL255C	YPL086C
YKL190W	YNL255C
YAL005C	YEL025C
YOL082W	YOR353C
YBR251W	YHR059W
YDR174W	YHR118C
YAL047C	YNL209W
YDR388W	YHR065C
YBR106W	YLL006W
YCR046C	YMR024W
YIL108W	YNL254C
YFR032C-A	YKL046C
YMR194W	YNL069C
YBR194W	YDR394W
YJL130C	YPL235W
YLL026W	YPR152C
YLL023C	YNR026C
YBR200W	YDR368W
YJR004C	YPL141C
YFL040W	YPR121W
YGL129C	YIL070C
YEL034W	YOR043W
YER070W	YFR004W
YHR135C	YLR293C
YJL187C	YMR304W
YNL255C	YOR064C
YBL102W	YPL246C
YLR116W	YNL255C
YLR105C	YNL255C
YDL149W	YJL178C
YLL045C	YMR142C
YAL035W	YDL014W
YDL204W	YLL039C
YER075C	YMR229C
YGR104C	YOR174W
YFR004W	YGL147C
YDR117C	YPR161C
YJR101W	YMR158W
YAL009W	YMR165C
YGR278W	YML049C
YDR279W	YIR010W
YDR322W	YMR024W
YJR131W	YKR072C
YDL054C	YLL039C
YBR198C	YMR223W
YNL091W	YOR355W
YFL021W	YNL229C
YDL014W	YOR341W
YMR125W	YNL251C
YER043C	YFR004W
YJR006W	YJR043C
YMR192W	YNL112W
YER136W	YNL093W
YIL079C	YLR423C
YGL180W	YKL146W
YHR052W	YOR005C
YGL190C	YGR161C
YDL060W	YKL143W
YDL097C	YER012W
YAL005C	YBL067C
YAL015C	YDR214W
YDL047W	YLR310C
YBL039C	YGR124W
YGR241C	YIL095W
YBR125C	YLL039C
YDR301W	YOR093C
YHR119W	YOL145C
YAL053W	YLL039C
YMR308C	YOR098C
YLL039C	YML029W
YCL027W	YNL054W
YJR053W	YML064C
YIR008C	YKL045W
YBR005W	YNL255C
YDL083C	YFR004W
YGL180W	YPR019W
YEL034W	YOL117W
YIR010W	YMR236W
YHR114W	YMR109W
YGR060W	YNL280C
YKL033W	YPR085C
YFR001W	YPR045C
YDR308C	YEL009C
YAL035W	YDR496C
YHR195W	YNL255C
YDR153C	YPR029C
YDR479C	YLR268W
YJR003C	YPL049C
YHR086W	YLR249W
YKR007W	YNL255C
YBR278W	YDL102W
YFR010W	YGL180W
YGL066W	YMR236W
YCR084C	YPL228W
YJR068W	YMR105C
YKL033W	YNL020C
YAL005C	YNL136W
YGL238W	YLR293C
YKL061W	YNL086W
YER026C	YLR214W
YBR050C	YBR109C
YAL042W	YPL218W
YFR004W	YPR037C
YLR030W	YNL307C
YNL002C	YOL041C
YIR017C	YMR117C
YLR383W	YML056C
YDR363W	YJL047C
YDL160C	YPL160W
YHR079C	YPR067W
YBL072C	YGR214W
YDR091C	YDR172W
YNL045W	YNL154C
YDR322W	YNL185C
YBR247C	YGR081C
YAL005C	YPL167C
YBL043W	YDR118W
YDR100W	YIL027C
YLR116W	YNL210W
YJR145C	YNL004W
YIR010W	YPR052C
YML065W	YMR093W
YDR412W	YNL061W
YLR190W	YMR117C
YGL186C	YNL307C
YDL014W	YMR049C
YBR139W	YDR416W
YFR004W	YML008C
YHR014W	YHR135C
YDR018C	YIL051C
YBR048W	YIR010W
YAL035W	YMR146C
YKL104C	YNL229C
YHL007C	YML083C
YGR252W	YOR133W
YKL080W	YPL026C
YML010W	YPL266W
YFR004W	YJL170C
YDR324C	YMR093W
YDL030W	YFR052W
YHR008C	YML127W
YDL123W	YGL023C
YDL060W	YLR435W
YBR200W	YKR105C
YDR284C	YDR479C
YIR010W	YNL069C
YMR186W	YNR022C
YGL207W	YKR048C
YDR237W	YNL005C
YOR063W	YOR096W
YDR180W	YER147C
YDL100C	YER150W
YML065W	YPR043W
YMR106C	YOR005C
YNL255C	YPR102C
YAL027W	YIL095W
YGR104C	YPR080W
YGR232W	YNL209W
YGL055W	YLL039C
YEL019C	YOL034W
YNR010W	YPR086W
YKL146W	YNL307C
YDL083C	YLR075W
YAL005C	YPL028W
YJR131W	YML064C
YFR004W	YGR054W
YKL166C	YNL117W
YAR007C	YDR224C
YDL060W	YMR093W
YGL059W	YNL117W
YDR190C	YJL130C
YDR012W	YPL090C
YBR247C	YIL019W
YGL237C	YLR423C
YDL200C	YLR109W
YDR122W	YOL082W
YAL005C	YNL229C
YFR013W	YGR274C
YLR370C	YOR361C
YLR406C	YOL127W
YKL012W	YLL036C
YIL142W	YJL106W
Q0085	Q0130
YLR019W	YOR341W
YDL111C	YGR134W
YHR114W	YIL156W
YHR135C	YPR152C
YGR092W	YOR228C
YOL111C	YPL174C
YLL039C	YML008C
YJR144W	YLR427W
YDR080W	YER123W
YNL201C	YNL307C
YGL129C	YNR037C
YJL052W	YLL039C
YJL140W	YNL251C
YGL180W	YOR083W
YKL180W	YOL127W
YAR007C	YGL150C
YDL097C	YOR261C
YLL045C	YPL220W
YEL054C	YPL249C-A
YDL083C	YDR091C
YBR031W	YDL055C
YHL014C	YNL255C
YBR106W	YPL240C
YER036C	YLL024C
YHR197W	YNL061W
YJL019W	YJL057C
YDR224C	YML069W
YLR192C	YPR041W
YFL013C	YPL235W
YBL007C	YIL095W
YHR187W	YPL101W
YDR334W	YFL039C
YDR168W	YMR186W
YBL011W	YGL180W
YDR130C	YOL127W
YIL142W	YNL212W
YGL076C	YKR081C
YGR060W	YMR215W
YJL081C	YML065W
YBL072C	YDR091C
YBL007C	YOR329C
YER165W	YMR240C
YGR215W	YIL093C
YFL062W	YLR034C
YDR388W	YNL154C
YDL030W	YLL036C
YNL330C	YPL181W
YER095W	YOR133W
YDR012W	YMR229C
YAL035W	YJR145C
YDR224C	YPL240C
YHR016C	YLR144C
YLR170C	YPL235W
YLL039C	YOL109W
YML065W	YPL081W
YDR238C	YGL051W
YNR036C	YNR037C
YDR022C	YGL237C
YAL005C	YER165W
YDR378C	YNL255C
YJL138C	YOL100W
YIL019W	YPR137W
YFL026W	YNL217W
YDR142C	YIL142W
YBL007C	YGL238W
YGR180C	YLR437C
YBR106W	YDR342C
YGL180W	YNL227C
YHR098C	YIL095W
YDL207W	YLR018C
YML035C	YPL141C
YBL003C	YML074C
YOL127W	YPL037C
YLR268W	YNL279W
YCR088W	YDR129C
YCR091W	YDL002C
YBL021C	YNL255C
YNL175C	YPL249C-A
YDL055C	YPL235W
YDL014W	YGR274C
YNR031C	YPL240C
YFR004W	YPR191W
YHR058C	YIL027C
YBR189W	YOL127W
YJL065C	YOR304W
YBR031W	YJL187C
YBR030W	YPL240C
YBL011W	YJL057C
YBL064C	YNL154C
YDR482C	YNL255C
YGR234W	YGR252W
YLR264W	YNL096C
YBR194W	YCR012W
YLL039C	YMR099C
YDL012C	YLL039C
YBR198C	YGR274C
YHR083W	YMR060C
YGL127C	YLR423C
YGL031C	YHR197W
YIL035C	YPL037C
YBR031W	YPL249C-A
YDL014W	YLL039C
YDL137W	YPR095C
YDR028C	YJR090C
YAR027W	YBR042C
YLR266C	YNL113W
YBR194W	YJL130C
YOL018C	YOL132W
YJR148W	YLR259C
YKL028W	YKR062W
YDR303C	YLL026W
YGL111W	YMR049C
YER179W	YPL235W
YBR278W	YNL262W
YGR092W	YNL241C
YJR121W	YPL240C
YCL025C	YLR343W
YLR287C-A	YOR063W
YCR042C	YMR227C
YGR161C	YJL098W
YDR170C	YLR330W
YEL023C	YKL216W
YKL112W	YLR082C
YKL166C	YNL280C
YJR131W	YLL039C
YBL078C	YLR450W
YER165W	YNL251C
YBR125C	YDR247W
YKL182W	YNL243W
YBR079C	YLR259C
YFL013C	YLL036C
YBR154C	YDR404C
YIL156W	YMR109W
YEL061C	YNR010W
YBR031W	YNL112W
YBR142W	YPL220W
YLR207W	YMR297W
YJR066W	YNL183C
YGL111W	YHR197W
YER070W	YOR197W
YGL073W	YOL016C
YGR161C	YKR028W
YFL062W	YOR079C
YDL075W	YFR001W
YBL072C	YGL031C
YNL255C	YPL009C
YIL125W	YPL240C
YBR109C	YFL003C
YHR216W	YNL255C
YDR224C	YIR010W
YJR084W	YPR182W
YBR162C	YNL287W
YJL069C	YOR039W
YJL025W	YMR270C
YDR513W	YIR037W
YDL102W	YJR006W
YDR496C	YJR145C
YDR334W	YLR399C
YGL014W	YLR287C-A
YDR116C	YMR193W
YBR048W	YJR145C
YHR196W	YOR096W
YDR310C	YJL106W
YER047C	YJL092W
YKR086W	YLR117C
YNR053C	YOL127W
YGR120C	YLR262C
YHR135C	YKR048C
YBR183W	YLR018C
YBL037W	YBL105C
YGL242C	YKL129C
YFR001W	YNL255C
YML056C	YNL124W
YHR001W	YPR173C
YDR496C	YOL127W
YER012W	YMR106C
YHL007C	YMR165C
YBR194W	YDR190C
YGR023W	YNL237W
YBR253W	YHR058C
YGR215W	YNR036C
YFR048W	YLL039C
YDR107C	YLL039C
YBR194W	YDR379W
YCL054W	YKL014C
YJL014W	YNL212W
YER026C	YHL042W
YDL116W	YER105C
YLL036C	YPL257W
YMR231W	YOR089C
YER048W-A	YML065W
YDR142C	YIL068C
YJR113C	YNR037C
YDR293C	YFR004W
YDR496C	YML010W
YDR214W	YFL037W
YDR208W	YNL154C
YJL187C	YOR239W
YKL052C	YKL180W
YDR483W	YLL039C
YHR008C	YMR106C
YLL024C	YPR135W
YFR004W	YPR086W
YAR027W	YOR273C
YOR260W	YPL141C
YER002W	YNL255C
YGR082W	YGR120C
YAL005C	YPL004C
YFR040W	YHR016C
YBL039C	YJR109C
YNL130C	YPL246C
YGR104C	YHR041C
YBR175W	YBR258C
YLL039C	YMR028W
YGL031C	YJL177W
YAL016W	YDR482C
YLL045C	YNL255C
YGR158C	YOL142W
YLR423C	YOR361C
YCR106W	YDR222W
YMR246W	YOL126C
YDR244W	YDR329C
YBR154C	YDL115C
YIL070C	YMR036C
YLR423C	YPL077C
YGR158C	YGR195W
YBR049C	YCR047C
YNL124W	YOL127W
YBR189W	YLR075W
YJL081C	YOL012C
YDR174W	YDR190C
YHR040W	YNL255C
YMR093W	YPL220W
YHR094C	YOR153W
YHR196W	YLR003C
YGL112C	YMR255W
YAL005C	YDR359C
YFR014C	YGL184C
YDR044W	YEL030W
YHR094C	YJL151C
YBL003C	YJL047C
YGR057C	YKL015W
YBR109C	YKL129C
YDR129C	YLR429W
YKR048C	YPL180W
YBR247C	YGR054W
YBR263W	YIR010W
YAL005C	YDR324C
YDR416W	YER013W
YBL003C	YPR019W
YJR066W	YNL076W
YDR101C	YIR026C
YDR457W	YMR186W
YJR090C	YNL055C
YDR427W	YGR232W
YBL075C	YER022W
YER095W	YMR233W
YBR189W	YKL180W
YDR247W	YDR439W
YMR109W	YNL206C
YKL054C	YNL281W
YMR236W	YOL012C
YML065W	YPL001W
YMR227C	YMR236W
YBR106W	YJL059W
YLR018C	YNL279W
YLL024C	YLL029W
YHR099W	YKL062W
YER166W	YGL200C
YAL005C	YNL220W
YAR008W	YLR105C
YJL034W	YKL117W
YLL024C	YPL233W
YGL031C	YHL033C
YFR004W	YJR007W
YFR004W	YPL028W
YNL252C	YNL255C
YDR299W	YPR161C
YBR253W	YGL112C
YNL220W	YNL255C
YDR118W	YHR166C
YMR117C	YPR010C
YJL019W	YPL018W
YAL034C	YBL016W
YML042W	YPL240C
YAL016W	YOR073W
YBR207W	YEL051W
YHR179W	YPL171C
YER024W	YHR135C
YDR116C	YNL255C
YEL017W	YHR135C
YBL003C	YIR010W
YLR387C	YNL255C
YHR099W	YPL248C
YHR216W	YIR010W
YGL246C	YJR145C
YDR388W	YLL039C
YNL061W	YPL249C-A
YML106W	YMR271C
YDR392W	YPL181W
YJL140W	YJL168C
YJR123W	YLL039C
YLL024C	YPL167C
YGL011C	YMR314W
YGR275W	YPR034W
YAL005C	YPR010C
YDL001W	YDL133W
YBR079C	YPR086W
YDR308C	YJL057C
YDR170C	YLR263W
YKL166C	YLR443W
YBR049C	YLR357W
YDR200C	YPL004C
YNL201C	YOR355W
YGL070C	YKL028W
YDR260C	YLR102C
YJR144W	YLL006W
YJL177W	YNL069C
YHR169W	YNR054C
YJL157C	YNR031C
YMR093W	YPL126W
YKL082C	YKL099C
YDL175C	YNL299W
YFL026W	YIL068C
YDR395W	YPR093C
YBR200W	YFL039C
YAL027W	YDR388W
YMR165C	YPL141C
YFL049W	YPR034W
YGL112C	YIR010W
YJR145C	YMR093W
YBR194W	YHR216W
YDL080C	YIR037W
YBR194W	YMR186W
YNL021W	YOL012C
YBR106W	YCL025C
YBL072C	YPL090C
YBL002W	YDR044W
YGL006W	YHR104W
YJL076W	YNL124W
YIL035C	YML010W
YHL033C	YJR123W
YBR140C	YOR371C
YDR507C	YOR260W
YBR031W	YGL171W
YHR114W	YLR423C
YMR308C	YOL108C
YGL031C	YNR053C
YGR085C	YNL069C
YDR116C	YIL035C
YMR308C	YPL020C
YCR024C-A	YJL004C
YDL137W	YHR188C
YGR113W	YMR117C
YHL019C	YPR029C
YDR012W	YFR031C-A
YGL190C	YHR135C
YKL104C	YMR308C
YHR041C	YPR086W
YBR109C	YNL209W
YDL239C	YPL049C
YJR003C	YPR173C
YDR087C	YMR049C
YOL133W	YOR341W
YJL057C	YPL018W
YBR137W	YOR164C
YGL031C	YPR152C
YNL255C	YOR283W
YML065W	YMR049C
YBR189W	YIR010W
YBR109C	YKL190W
YOL145C	YOR039W
YDR174W	YLR203C
YDR063W	YJR065C
YML065W	YNL002C
YLL039C	YPL199C
YER095W	YLR394W
YKL104C	YKL161C
YNL085W	YOR197W
YDR067C	YHL029C
YBL075C	YNL064C
YML010W	YPR161C
YCR020W-B	YGR275W
YKL019W	YOR380W
YLL039C	YMR053C
YGL076C	YGL147C
YNL096C	YPL090C
YGL180W	YMR229C
YFR004W	YOL127W
YDR101C	YPL249C-A
YBR189W	YNL069C
YCR046C	YLR439W
YMR203W	YNL131W
YEL012W	YOL054W
YDR171W	YOR197W
YNL209W	YPL009C
YDL200C	YEL024W
YGL127C	YHR058C
YDR342C	YOR153W
YKR081C	YNL175C
YBR106W	YNR019W
YDR237W	YMR193W
YDR497C	YMR010W
YFR001W	YMR049C
YEL026W	YIR010W
YDR208W	YHR135C
YFL038C	YLL039C
YDR314C	YDR388W
YNL255C	YPL020C
YHR074W	YLL039C
YCR073W-A	YLR257W
YHL048W	YIL016W
YDL212W	YGR295C
YAR018C	YJL098W
YIR026C	YPR115W
YGR167W	YKL104C
YDL014W	YNR054C
YDR383C	YJR135C
YMR108W	YNL255C
YGR085C	YPL090C
YLR449W	YOR063W
YDR176W	YHR099W
YIL109C	YPL218W
YLR262C	YPL240C
YAL034W-A	YMR117C
YGL104C	YNL054W
YMR165C	YOR233W
YMR194W	YOL127W
YDR156W	YJL148W
YLL039C	YPL174C
YER118C	YGR295C
YER095W	YLR259C
YGL246C	YOL040C
YFL037W	YGR092W
YNL032W	YNL099C
YDR258C	YGL043W
YDL083C	YER131W
YLR332W	YPL058C
YHR216W	YLL036C
YIR033W	YLR268W
YBR085W	YJL173C
YLR256W	YPL240C
YLR022C	YNL255C
YML065W	YPR029C
YIL045W	YPR160W
YBR142W	YOL127W
YHR165C	YLR424W
YER064C	YKR038C
YDR394W	YGR232W
YGL137W	YGR142W
YCR076C	YPR103W
YGL105W	YOR197W
YDL014W	YDR365C
YIR010W	YLR388W
YDR176W	YDR392W
YIR008C	YKR048C
YDL075W	YKL180W
YDR240C	YNL210W
YLL039C	YNL064C
YDR372C	YGL137W
YGR159C	YHR135C
YDL083C	YDR471W
YLL039C	YLR417W
YKL117W	YMR008C
YGR092W	YLL039C
YER103W	YGL206C
YDR308C	YDR443C
YNL061W	YOR191W
YDL014W	YDR324C
YER048C	YFR004W
YDL015C	YOR324C
YBR154C	YGL043W
YLR450W	YOL013C
YBR251W	YJR113C
YMR229C	YNL307C
YFL045C	YJL130C
YJL148W	YPL240C
YHR098C	YLL039C
YER118C	YGL201C
YCL025C	YPR020W
YDR378C	YLR117C
YFL038C	YOR070C
YBR048W	YDR012W
YLR224W	YOL133W
YIL035C	YLR223C
YKR048C	YMR172W
YDR247W	YIL107C
YPR091C	YPR152C
YGL112C	YOR220W
YER013W	YGR129W
YER134C	YNL255C
YLR265C	YMR284W
YJL151C	YKR007W
YBL061C	YBR023C
YMR229C	YPL126W
YHR165C	YPR101W
YHR007C	YIR037W
YHR058C	YNR010W
YKL180W	YNL255C
YNL255C	YOL040C
YMR017W	YPL232W
YNL032W	YNL255C
YGL190C	YOR162C
YDR012W	YLR441C
YLL024C	YMR027W
YKR072C	YPL141C
YDR244W	YLR284C
YDR260C	YHR166C
YGL051W	YGL200C
YLL045C	YOR096W
YGL078C	YIR010W
YFR031C-A	YPL249C-A
YBR010W	YOR038C
YDL176W	YJR104C
YHR085W	YNL002C
YLR368W	YOL133W
YDL052C	YLR071C
YJL036W	YNL086W
YGR268C	YHR016C
YER071C	YIL152W
YBR112C	YOR174W
YBR133C	YCR088W
YDR419W	YEL026W
YML032C	YPR161C
YDR394W	YMR308C
YGL111W	YOR380W
YIR010W	YNL209W
YDR130C	YNL074C
YBL034C	YKR079C
YDR170C	YER166W
YDR028C	YNL220W
YGR275W	YML127W
YAL005C	YDR338C
YMR236W	YNL221C
YCL010C	YGL262W
YFR032C-A	YGL031C
YDR416W	YDR420W
YDL014W	YEL026W
YBL007C	YOR047C
YER103W	YLL024C
YNL209W	YPL074W
YIR005W	YLR438W
YBL016W	YJL076W
YBR193C	YER022W
YEL034W	YFL013C
YDL015C	YPR028W
YGL031C	YLR441C
YDR457W	YML010W
YJL004C	YNL044W
YIL095W	YOR329C
YIR010W	YKR008W
YJL106W	YJR094C
YIL070C	YIL094C
YHR135C	YKR092C
YDR190C	YOR304W
YML035C	YNL307C
YAL024C	YLR044C
YGL105W	YIR010W
YLR332W	YOL109W
YER013W	YER172C
YDR152W	YDR365C
YML010W	YNL251C
YDR032C	YER020W
YHR197W	YKL006W
YDL098C	YML049C
YJL098W	YJR066W
YFL005W	YNR049C
YCR082W	YGR252W
YBR189W	YJR002W
YGR258C	YOL016C
YFR004W	YMR246W
YCR076C	YNL255C
YKR099W	YLR438C-A
YHR169W	YLR438W
YBL072C	YMR146C
YFR031C-A	YGL031C
YDR211W	YJR007W
YBR264C	YNL263C
YBR216C	YFR004W
YER019W	YLR350W
YGL147C	YOL040C
YHR052W	YJL189W
YMR070W	YOL109W
YBR222C	YDL006W
YDL075W	YNL255C
YBR106W	YJR117W
YBR109C	YOL109W
YDR106W	YPL174C
YLL024C	YNL004W
YDR523C	YHR033W
YBR049C	YML065W
YBL023C	YLR103C
YER165W	YLR293C
YER111C	YPL160W
YBL002W	YIR010W
YEL055C	YMR093W
YBR198C	YGL066W
YJR123W	YLR075W
YEL054C	YGL031C
YLR131C	YPR119W
YMR229C	YNL124W
YKL110C	YPL086C
YLL036C	YMR036C
YCL027W	YER032W
YAL035W	YBR031W
YBR198C	YIR010W
YBR031W	YDR365C
YKL116C	YLR015W
YIR010W	YPR139C
YJR145C	YPR137W
YER064C	YLR370C
YLR257W	YNL154C
YDR288W	YEL019C
YGL179C	YIL107C
YLR081W	YOR181W
YJR014W	YOR028C
YGL059W	YOR113W
YDR356W	YGR161C
YGR058W	YLL039C
YNL255C	YPL004C
YGR060W	YMR134W
YGL198W	YNL255C
YBR146W	YNL081C
YER048W-A	YGR192C
YKL180W	YML065W
YLL024C	YLR187W
YGL070C	YML010W
YFR004W	YKL117W
YFR031C-A	YGL014W
YDR293C	YNL154C
YLR212C	YOL016C
YLR404W	YOR301W
YGR148C	YHL033C
YDL100C	YNL055C
YKL054C	YLR438C-A
YFR004W	YPL237W
YLR265C	YMR106C
YIL094C	YLR075W
YNL131W	YPL240C
YKL095W	YLL036C
YCR004C	YMR031C
YDR471W	YLR075W
YDR324C	YLR186W
YGR275W	YOL012C
YCR028C	YGL051W
YDL065C	YMR108W
YKL047W	YNL209W
YAR018C	YNL077W
YEL056W	YHR041C
YBL045C	YGL137W
YJL076W	YKL193C
YBR059C	YKR079C
YBL023C	YIR008C
YLL039C	YNR040W
YNL010W	YNL154C
YJL177W	YLR441C
YDL005C	YEL009C
YNL246W	YNL255C
YGL212W	YMR231W
YDR068W	YPL246C
YBL093C	YDL005C
YCR021C	YPR124W
YCR042C	YPR065W
YLL039C	YOR124C
YGR252W	YOL012C
YDR394W	YER173W
YBL078C	YHR171W
YJR123W	YOR096W
YFL054C	YPL076W
YJR132W	YNL027W
YEL009C	YFL009W
YBR031W	YGR085C
YFR004W	YJL138C
YDL075W	YPR067W
YBR193C	YGL127C
YGL211W	YNL255C
YJL004C	YNL121C
YDL052C	YMR106C
YGL059W	YOL016C
YBR031W	YGL246C
YNL286W	YOR148C
YGR085C	YMR142C
YGL207W	YLR399C
YDR233C	YPL154C
YFR004W	YLR421C
YGL207W	YMR049C
YHR079C	YNL155W
YCL027W	YPR008W
YKL135C	YPR029C
YMR093W	YOR096W
YDR486C	YFR014C
YHR118C	YPR018W
YDL006W	YNR019W
YDL005C	YER022W
YDR378C	YHR165C
YBL072C	YHR169W
YER070W	YGR180C
YFR004W	YOR361C
YJL096W	YOL027C
YDR416W	YMR125W
YKL160W	YNL255C
YBR198C	YIL142W
YIL094C	YKL104C
YJL148W	YOR340C
YAL005C	YPL240C
YKR081C	YLR449W
YBR112C	YFR004W
YJL096W	YML065W
YDR091C	YHR135C
YFR004W	YLR134W
YDR443C	YGL043W
YER172C	YPR182W
YJR135C	YMR198W
YML064C	YPL049C
YLR429W	YOR124C
YLR429W	YOR326W
YHL009C	YNL154C
YNL007C	YNL124W
YLR007W	YOL034W
YJL084C	YMR216C
YBR002C	YNL255C
YGL207W	YLR182W
YFR001W	YNL002C
YDR507C	YGR017W
YNL121C	YPR128C
YOR096W	YOR340C
YEL026W	YGL078C
YDL165W	YPR112C
YBL007C	YCL045C
YHL014C	YLR249W
YDR516C	YLL039C
YCR063W	YDR408C
YJL083W	YOR181W
YAR027W	YJL002C
YLR441C	YNL096C
YIL070C	YML054C
YNL061W	YNL175C
YLL039C	YMR282C
YOR005C	YPL110C
YLR249W	YNL255C
YBR133C	YLL039C
YHL009C	YHR135C
YBL079W	YHR135C
YBL023C	YMR048W
YGL212W	YLR423C
YIL142W	YJL111W
YDR418W	YGL147C
YML075C	YOL013C
YCL034W	YHR016C
YFR031C-A	YGR085C
YGR232W	YIL075C
YLL023C	YMR129W
YIR010W	YPL004C
YDL015C	YJR117W
YIR010W	YOR290C
YAL005C	YDR356W
YGR092W	YKR080W
YDR335W	YLL039C
YBR295W	YLL039C
YDR129C	YIL034C
YOL012C	YOL054W
YDR471W	YJL177W
YFR032C-A	YNL096C
YMR146C	YPR086W
YJR066W	YOL126C
YDR471W	YLR441C
YJL148W	YML010W
YBR194W	YKR003W
YJR145C	YPL220W
YDR471W	YLR287C-A
YGL137W	YNL007C
YPL240C	YPR135W
YNL255C	YNR001C
YDR101C	YOR098C
YDR251W	YGL206C
YDR293C	YGL059W
YLR274W	YMR192W
YGR092W	YLR438W
YML065W	YOR234C
YIR033W	YOL126C
YJL034W	YML065W
YBR234C	YIL034C
YDR176W	YPL047W
YIL155C	YNL121C
YLR321C	YMR091C
YNL307C	YOL091W
YCR030C	YER020W
YHR005C-A	YOR297C
YFL024C	YPL248C
YBL007C	YLR248W
YDR471W	YMR031C
YLR268W	YNL237W
YHL007C	YIL156W
YIR010W	YKL054C
YBL076C	YLL039C
YLL039C	YOR160W
YBR011C	YLR425W
YCL024W	YNL166C
YHR135C	YMR140W
YBR041W	YDL052C
YPL210C	YPL240C
YDL053C	YMR123W
YDR214W	YIL094C
YKL054C	YPR152C
YER020W	YGL121C
YDR412W	YOR234C
YDR257C	YOR119C
YDL207W	YDR429C
YPR080W	YPR119W
YMR229C	YOR294W
YDR365C	YNR054C
YLR401C	YNL154C
YGL190C	YKL129C
YDR496C	YGL111W
YBR072W	YMR236W
YDR224C	YNL312W
YEL056W	YOL054W
YCR073W-A	YNL154C
YLR406C	YOR063W
YJL187C	YKL042W
YMR203W	YNL070W
YBR194W	YOR153W
YLR207W	YNL095C
YMR306W	YPR128C
YLL024C	YNL124W
YBR211C	YOL054W
YBR002C	YJL151C
YGL207W	YKL028W
YGL201C	YGR097W
YEL034W	YPL237W
YBR194W	YLL036C
YGL127C	YOL135C
YFL033C	YLR263W
YDL239C	YDR176W
YIR026C	YPL058C
YJR123W	YPL220W
YCR021C	YOR273C
YGL051W	YGL137W
YDR091C	YGL076C
YDL105W	YDR288W
YHR164C	YNL312W
YGR159C	YNL112W
YDR101C	YNR053C
YLL036C	YLR117C
YGR135W	YMR314W
YJR007W	YPR041W
YBR079C	YPL081W
YAR002W	YNL255C
YBR130C	YLR310C
YPL126W	YPL266W
YBR079C	YDR091C
YBR010W	YIL070C
YDR073W	YPR034W
YLR406C	YML065W
YDR141C	YGR138C
YBL076C	YBR109C
YBR253W	YDL005C
YDR412W	YMR121C
YDL060W	YGR054W
YGL179C	YMR140W
YER162C	YLR167W
YDR028C	YLR377C
YDR100W	YKR088C
YJR148W	YNL209W
YDR310C	YIR010W
YBR189W	YCL037C
YKR048C	YOR276W
YGL246C	YLL035W
YDR320C	YJL092W
YHL042W	YIL006W
YDR129C	YJL092W
YIL127C	YNL255C
YML064C	YPR182W
YHR007C	YKR050W
YDL014W	YGL112C
YDR483W	YFR004W
YDR212W	YNL317W
YGR112W	YNL052W
YBL105C	YOL100W
YBR010W	YKL005C
YCR046C	YDR322W
YAL005C	YPR119W
YDR190C	YPL235W
YGR159C	YLL039C
YHR135C	YNL093W
YGR104C	YPR086W
YKL065C	YPL076W
YAL030W	YLL039C
YMR086W	YOR181W
YER105C	YPR080W
YEL034W	YHR068W
YDR388W	YGR058W
YBL039C	YFR004W
YDR324C	YNL075W
YFR004W	YHR174W
YFR014C	YIL074C
YGL134W	YJL137C
YBR109C	YJL187C
YDL006W	YNL307C
YGL207W	YIL035C
YLR447C	YOR181W
YDR331W	YHR188C
YAL027W	YLR044C
YGL181W	YHR016C
YDL083C	YGL076C
YDR388W	YPR055W
YDR174W	YDR176W
YEL044W	YPL235W
YGR255C	YLR201C
YFR004W	YGR214W
YFR004W	YNL069C
YBR193C	YHR058C
YDR507C	YLR332W
YDL137W	YNL255C
YDL193W	YLR293C
YBR194W	YOR361C
YBL002W	YBR010W
YLR132C	YNL286W
YDR135C	YPR115W
YDR022C	YGL180W
YLR287C-A	YOL040C
YNL227C	YNR053C
YDR423C	YNL255C
YDR273W	YFR052W
YJL004C	YML038C
YAR007C	YBL002W
YIR010W	YOR369C
YEL009C	YGL112C
YBR079C	YER165W
YIL035C	YLR403W
YJL076W	YOR119C
YGR060W	YGR284C
YCR091W	YPR119W
YFR032C-A	YGR085C
YJL092W	YPR018W
YBR251W	YMR158W
YER165W	YOL149W
YDR388W	YOR204W
YKL138C	YNL255C
YPL026C	YPL171C
YHR197W	YKL180W
YFR031C-A	YNL061W
YDR247W	YGR097W
YJL177W	YNL302C
YDR369C	YLR109W
YGL127C	YHR041C
YGR104C	YPR052C
YCR021C	YHR001W
YKL104C	YPL235W
YKR048C	YPL141C
YGL207W	YNL162W
YJL030W	YLR044C
YCL027W	YKL105C
YER118C	YHL048W
YLR249W	YOL145C
YKL135C	YPL090C
YGR032W	YNL255C
YLL039C	YOR231W
YBR194W	YKL152C
YGL201C	YMR109W
YBR189W	YDR471W
YFR052W	YMR048W
YFR009W	YKL104C
YGR284C	YPL076W
YBL016W	YJR014W
YLL039C	YPR035W
YJL137C	YPR034W
YDL075W	YPL090C
YIL041W	YLL039C
YGR135W	YOR157C
YLR284C	YPL240C
YLL036C	YOR204W
YDR479C	YMR071C
YLR368W	YMR048W
YBR059C	YMR304W
YKL135C	YNL069C
YBL007C	YPL246C
YDR359C	YFL024C
YMR229C	YNL002C
YER059W	YJL084C
YDL098C	YNL255C
YDR395W	YKL068W
YLL039C	YMR192W
YDL101C	YDR030C
YER067W	YLL039C
YMR215W	YPL227C
YKL222C	YML065W
YMR055C	YOR373W
YDR204W	YOL096C
YFR004W	YJL034W
YDR243C	YDR260C
YER105C	YGL092W
YGL179C	YLR350W
YBR119W	YOR159C
YGL079W	YJL187C
YGR001C	YNL307C
YFL062W	YHR007C
YDR243C	YPL235W
YER041W	YLR449W
YHR007C	YNL070W
YBL023C	YLR274W
YDR240C	YGR013W
YER128W	YPR173C
YCR012W	YGR192C
YBR142W	YPL249C-A
YHL042W	YPL264C
YFL038C	YNL255C
YER146W	YKR026C
YAL035W	YER036C
YLL039C	YNL330C
YHR079C	YLR361C
YHR007C	YLL048C
YDL116W	YOR098C
YER012W	YGR135W
YFL038C	YPL246C
YGL079W	YKL061W
YFR014C	YLR060W
YBR031W	YNL055C
YER013W	YLR116W
YER072W	YMR216C
YJR119C	YMR216C
YAL034W-A	YPL026C
YGR021W	YOR231W
YER164W	YKR081C
YBR198C	YPL047W
YFR030W	YJL123C
YBL067C	YFR004W
YFL034W	YKL135C
YER118C	YHL007C
YCR030C	YPL058C
YIR017C	YPR086W
YIR010W	YML074C
YGL207W	YNL154C
YOL120C	YOL127W
YFR004W	YHR042W
YGL076C	YPL249C-A
YAL009W	YGL059W
YNL183C	YPL180W
YOL076W	YOR063W
YBR031W	YDL075W
YKL104C	YKL116C
YFR004W	YNR053C
YLR429W	YOR181W
YAL024C	YHL021C
YHR196W	YPL126W
YDL088C	YMR129W
YJL151C	YNL287W
YGL180W	YGL207W
YHL033C	YHR197W
YLL039C	YMR171C
YIL091C	YJR119C
YJR076C	YPL161C
YLR274W	YMR109W
YLL039C	YLR359W
YDR503C	YPL246C
YGL137W	YLR370C
YGL207W	YGR097W
YPL264C	YPR028W
YDR224C	YML034W
YDL005C	YDR308C
YFR004W	YGL125W
YDL083C	YFR031C-A
YBL003C	YBR010W
YDL031W	YDR388W
YFR004W	YMR235C
YLL039C	YPL063W
YFR004W	YML106W
YDR288W	YNL124W
YER103W	YLL039C
YBR010W	YJL081C
YKR099W	YLR058C
YGR120C	YPL077C
YDR323C	YOR089C
YJL004C	YPL264C
YDL006W	YML100W
YBL039C	YDR260C
YOL021C	YOR076C
YBL011W	YOR233W
YDR101C	YKR081C
YDR176W	YOL148C
YEL064C	YLL039C
YGR295C	YHR007C
YIR010W	YJL173C
YHR131C	YNL154C
YFR001W	YML010W
YFR004W	YKL104C
YDL064W	YMR168C
YML010W	YML056C
YBL093C	YBR253W
YDR012W	YNL061W
YKL190W	YLR433C
YMR186W	YPL235W
YML029W	YOL013C
YGR092W	YPR160W
YGR085C	YMR242C
YDR130C	YOR361C
YML054C	YNL255C
YCR063W	YPR152C
YDL233W	YJR112W
YPL144W	YPR103W
YMR229C	YPR152C
YDR170C	YLR148W
YFR004W	YHR190W
YDR443C	YHR058C
YBR010W	YLR015W
YIL062C	YNL138W
YGR052W	YPR010C
YDL067C	YGL187C
YJR002W	YLR186W
YDR416W	YER172C
YDR324C	YMR229C
YHL021C	YJL140W
YOL104C	YPL200W
YKL048C	YML064C
YDL160C	YFR004W
YBR154C	YKR025W
YGL180W	YGL190C
YJL147C	YLR222C
YJL002C	YLR208W
YER122C	YJL187C
YDL190C	YER162C
YER002W	YGL111W
YBR104W	YNL255C
YJL002C	YML130C
YDR172W	YOR176W
YNL287W	YPL246C
YNL022C	YNL154C
YJL057C	YPR168W
YFL045C	YFR004W
YDR012W	YKL180W
YDR116C	YNL252C
YHR174W	YLL039C
Q0085	YLR203C
YNL136W	YNL255C
YDR299W	YDR365C
YGR060W	YIL016W
YDR122W	YGR001C
YKL089W	YOR039W
YML069W	YNL255C
YBR287W	YLL039C
YDR334W	YLL036C
YDR130C	YNL069C
YDR100W	YMR071C
YAL003W	YEL034W
YDL014W	YMR308C
YBR251W	YGL129C
YKL085W	YPL111W
YPL051W	YPR080W
YJR002W	YJR145C
YJR082C	YLR223C
YLR168C	YPR024W
YAL053W	YMR307W
YDR122W	YIL107C
YER105C	YPL004C
YBR194W	YLR117C
YGR185C	YLL029W
YOR063W	YOR294W
YIR010W	YPL180W
YIL035C	YOR361C
YHL042W	YPL265W
YHR114W	YOR059C
YBR138C	YGR092W
YDR162C	YPL161C
YDR257C	YNL255C
YCL037C	YDL014W
YMR186W	YPR093C
YHR118C	YML065W
YAL038W	YNL289W
YNL304W	YOR326W
YGL086W	YLR423C
YBR221C	YJL131C
YIL146C	YPR049C
YFL039C	YLR429W
YKL135C	YMR308C
YLL024C	YOL149W
YBL023C	YNL273W
YDR395W	YOL127W
YGL206C	YGR234W
YAL003W	YML064C
YLR370C	YOR181W
YHR135C	YKL160W
YHR119W	YLR288C
YDL212W	YHL048W
YEL017C-A	YMR299C
YIL035C	YMR049C
YBL045C	YGL187C
YKL180W	YMR194W
YCR012W	YKL060C
YBR109C	YBR130C
YEL053C	YPR051W
YFR014C	YNL227C
YOR361C	YPR041W
YIL075C	YMR216C
YDL176W	YGL227W
YLL039C	YOL117W
YBL039C	YBL105C
YEL034W	YMR284W
YER094C	YMR106C
YGR252W	YKL062W
YLR287C-A	YMR242C
YMR240C	YOR093C
YKL067W	YPL090C
YIL149C	YMR284W
YIL019W	YLR186W
YDR364C	YMR125W
YDR233C	YLR018C
YJL178C	YPL045W
YDR388W	YGR268C
YDL208W	YKL014C
YKL065C	YMR215W
YGL043W	YGR252W
YNL255C	YPL199C
YMR168C	YNL255C
YGR068C	YOR119C
YBR274W	YPL171C
YDR211W	YNL124W
YLL039C	YOR035C
YAL035W	YGL076C
YER123W	YHR135C
YBL003C	YKL014C
YKR048C	YNL162W
YLR403W	YPR190C
YHR135C	YJL105W
YJL111W	YMR028W
YBL002W	YHR118C
YAL044C	YLR239C
YKL010C	YLR304C
YBR119W	YLR449W
YGR138C	YPL058C
YBL078C	YHR135C
YER043C	YIR005W
YJR066W	YPR124W
YDR174W	YIL013C
YJL039C	YMR129W
YBR105C	YLR259C
YDR523C	YKL193C
YMR241W	YNL255C
YMR048W	YOL100W
YBL072C	YBR247C
YOL149W	YOR167C
YDL047W	YPL049C
YKL213C	YML013W
YDL149W	YPR041W
YGL181W	YLL024C
YDR293C	YNL307C
YDR314C	YGL014W
YER122C	YHR079C
YIR010W	YOL100W
YHR196W	YIL019W
YGL200C	YGR060W
YDR443C	YLL039C
YMR231W	YNL304W
YCL027W	YER118C
YDL085W	YOR076C
YJL138C	YLR249W
YLR268W	YOR311C
YBL003C	YIL035C
YER118C	YNL112W
YFR014C	YLL033W
YGL180W	YKL114C
YDL105W	YML023C
YBR221C	YMR308C
YER172C	YML049C
YDR101C	YKL068W
YFR014C	YGL105W
YDR247W	YIL070C
YBR198C	YOL148C
YGL238W	YLL039C
YDR299W	YIL019W
YBR234C	YIL062C
YAL005C	YNL124W
YGR229C	YKL047W
YFR001W	YLL045C
YBL039C	YIL075C
YDR288W	YOR294W
YDR356W	YIL149C
YDR404C	YGR186W
YFR004W	YKR003W
YGL070C	YOR116C
YNL055C	YNL093W
YBL016W	YHR131C
YBL002W	YNL246W
YNL255C	YOL026C
YDR162C	YGL190C
YEL051W	YLR429W
YCR073W-A	YDR122W
YKL082C	YOR233W
YHR007C	YLR350W
YBL050W	YOR075W
YER095W	YML032C
YIL070C	YML065W
YDR129C	YIL062C
YBL079W	YDL207W
YGR173W	YPL235W
YGR085C	YOR234C
YDR356W	YER129W
YEL017C-A	YHL042W
YIR010W	YPL018W
YAL005C	YOR110W
YNL312W	YPR161C
YGL180W	YGR021W
YFR014C	YKL149C
YGL143C	YOR260W
YDR395W	YFR004W
YDR496C	YMR242C
YDR227W	YNL216W
YJL217W	YPR118W
YGR108W	YHL007C
YMR024W	YOL027C
YJL057C	YJL092W
YBR079C	YFR004W
YLR288C	YMR159C
YDL055C	YJR109C
YNL255C	YOR269W
YHL048W	YHR007C
YIL035C	YPR010C
YIR035C	YNL255C
YKR048C	YMR110C
YDR172W	YNL069C
YHR079C	YOR181W
YLL039C	YPR183W
YDR172W	YER165W
YJR123W	YNL301C
YBR198C	YER164W
YGL090W	YLR109W
YDL030W	YML046W
YBR102C	YPR032W
YBL061C	YGL073W
YHL007C	YNL022C
YJL030W	YOR283W
YDL072C	YLL039C
YER064C	YOL016C
YBL007C	YGL181W
YNL073W	YOL130W
YGL055W	YHR007C
YBR234C	YPL004C
YNR068C	YNR069C
YIL035C	YMR172W
YBR040W	YFR004W
YDL098C	YHR165C
YBL011W	YHR135C
YJR117W	YNR019W
YIL027C	YJL148W
YER020W	YKR003W
YDR453C	YMR106C
YDR212W	YPL180W
YCR075C	YFR014C
YMR186W	YPL240C
YLR424W	YPL151C
YML069W	YPR019W
YLR369W	YMR049C
YOL135C	YPL240C
YDL193W	YLL039C
YLR427W	YML056C
YJR007W	YKR026C
YFR004W	YJR065C
YGL134W	YNL307C
YHR135C	YNL227C
YDL005C	YMR112C
YBR079C	YOL117W
YDR174W	YMR229C
YDR407C	YJL044C
YBR142W	YDL031W
YGL179C	YJR076C
YLL039C	YOR354C
YGL180W	YNL165W
YBR107C	YDR421W
YIL062C	YJR065C
YBL003C	YOL059W
YBL072C	YDR471W
YAL062W	YLL039C
YFR004W	YNL007C
YDR198C	YOR005C
YDR388W	YGL190C
YDL045C	YGR077C
YDR293C	YLR286C
YFL005W	YOL112W
YDR388W	YMR308C
YLL036C	YPR182W
YGL137W	YOL133W
YBL072C	YLR192C
YGR156W	YPL008W
YML035C	YNL154C
YDR012W	YNL069C
YGL207W	YOL012C
YOR361C	YPL151C
YFR004W	YIL108W
YDL149W	YPR049C
YBR274W	YPR010C
YBL025W	YNL255C
YER145C	YOR273C
YBL010C	YKL193C
YML018C	YPL246C
YFL037W	YOL120C
YDR129C	YLL039C
YHR079C	YPR032W
YJL062W	YKL146W
YIR010W	YMR146C
YNL154C	YPR198W
YDR471W	YMR142C
YLR249W	YPR173C
YGR295C	YOR079C
YDL159W	YPL201C
YBL105C	YGR229C
YDR170C	YGL238W
YGL059W	YJL070C
YJR101W	YLR423C
YDR100W	YPL246C
YKR025W	YNL151C
YER103W	YJR132W
YFR031C-A	YNL301C
YGR113W	YGR161C
YMR308C	YOR373W
YGL076C	YGL246C
YGL192W	YJL092W
YBR154C	YOR341W
YBR207W	YDL199C
YDR416W	YML049C
YBR234C	YFR004W
YLL039C	YPR154W
YIL121W	YLL039C
YMR105C	YOR090C
YCL010C	YDR167W
YDR087C	YDR496C
YDR300C	YPR137W
YNL124W	YNL209W
YDR295C	YLR131C
YGL200C	YKL065C
YGL180W	YNR019W
YHL011C	YKL104C
YDR176W	YMR227C
YGL104C	YJR117W
YDL014W	YJL076W
YBR189W	YMR194W
YDL075W	YDR471W
YBL039C	YMR024W
YBR059C	YLR276C
YDR414C	YLL056C
YBL079W	YKL057C
YBR031W	YOR063W
YEL002C	YGR284C
YJL148W	YOR341W
YJR065C	YMR109W
YDR388W	YGR229C
YFL021W	YIR010W
YMR183C	YPL232W
YBR023C	YOL003C
YAR027W	YDR406W
YER048C	YOR181W
YEL023C	YOR269W
YJR135C	YPL018W
YGR134W	YGR195W
YCR004C	YNL255C
YJL187C	YOR023C
YDR212W	YIR010W
YHR007C	YML008C
YNL096C	YNL301C
YDR212W	YPL049C
YOR197W	YOR361C
YBR154C	YML010W
YDL226C	YKR088C
YBL064C	YFR014C
YGL180W	YLR350W
YDR073W	YOR290C
YHR115C	YNL116W
YGL171W	YML010W
YIL019W	YKL099C
YGL206C	YJR125C
YBL011W	YFR014C
YBR031W	YDR412W
YGL005C	YPL240C
YGR143W	YLL039C
YJL002C	YMR146C
YDR087C	YJL044C
YJL177W	YNL096C
YDR086C	YML065W
YFL039C	YJL014W
YFR014C	YNL307C
YLL039C	YLR248W
YGL026C	YKR026C
YJR113C	YNR036C
YER036C	YNL302C
YAL060W	YNL255C
YHR196W	YMR093W
YIL157C	YLR203C
YBR010W	YMR284W
YBR234C	YDR063W
YEL002C	YNL287W
YDR131C	YHR197W
YGR275W	YPR043W
YHR135C	YLR109W
YCL025C	YJR117W
YLL039C	YLR256W
YDL006W	YFR014C
YAL005C	YDR303C
YLR192C	YOR361C
YHR052W	YMR093W
YHR196W	YIL125W
YDR153C	YNL154C
YDR130C	YML010W
YAL038W	YNL255C
YCR073W-A	YHR135C
YJR142W	YPL141C
YBR011C	YPR080W
YDR505C	YLL039C
YIL035C	YPL110C
YKL067W	YKL095W
YOL127W	YPR067W
YHR135C	YIL033C
YBL072C	YHL033C
YBR109C	YDR356W
YBR010W	YKR048C
YDR240C	YHR099W
YDR365C	YGR159C
YDR247W	YFR010W
YKL080W	YLR447C
YFR004W	YLR270W
YDR038C	YLL039C
YDL116W	YKL068W
YML065W	YNL255C
YGR253C	YPL144W
YDR184C	YLR433C
YAL035W	YIR010W
YBR112C	YCR084C
YAL038W	YOR123C
YGL073W	YOR290C
YLR288C	YOR326W
YDR176W	YEL009C
YIL035C	YNL131W
YCR021C	YDR497C
YDL014W	YLR455W
YDR356W	YJL187C
YBL002W	YML069W
YDL056W	YLR182W
YLL039C	YOR153W
YER043C	YFL028C
YIL093C	YNR036C
YGL137W	YGR092W
YER172C	YIR017C
YML065W	YMR242C
YCR030C	YER166W
YKR097W	YML086C
YIL084C	YLR423C
YGL112C	YOL148C
YDL075W	YJR123W
YLL039C	YMR027W
YDR142C	YKL054C
YLL039C	YML057W
YLR248W	YMR243C
YNL183C	YPR135W
YNL104C	YNL307C
YGL078C	YKL014C
YGL111W	YKR081C
YBR111C	YFR004W
YJR056C	YNL154C
YNL243W	YOR329C
YBL016W	YPR139C
YDL146W	YHR114W
YAL016W	YDR162C
YEL051W	YLR028C
YFR004W	YKL001C
YIR010W	YPL086C
YKL014C	YPL237W
YHR187W	YPL086C
YJL148W	YNL113W
YHR135C	YNL027W
YGR186W	YKR062W
YBR031W	YDR130C
YDL159W	YIR010W
YBR010W	YJL047C
YEL012W	YMR291W
YDL048C	YMR186W
YDL156W	YNL312W
YGL233W	YPR055W
YJR145C	YOL127W
YBL075C	YLR320W
YDL030W	YPL018W
YML023C	YOR269W
YIR015W	YLR345W
YBR189W	YPL090C
YML034W	YOL100W
YBR049C	YIR010W
YDL101C	YGL256W
YLL039C	YPL086C
YGL180W	YKL042W
YAL005C	YOL033W
YDR540C	YGL180W
YLL039C	YLR441C
YGL011C	YPR103W
YBL007C	YPL141C
YJL029C	YOL018C
YGR173W	YOL061W
YOL041C	YPL141C
YMR108W	YNL209W
YNL069C	YPR041W
YAL035W	YLR427W
YDR150W	YLR084C
YDL097C	YGL095C
YGR092W	YLR007W
YDL160C	YDR170C
YGL078C	YLL039C
YDR443C	YNR010W
YMR109W	YOL100W
YGL105W	YLR247C
YOL145C	YOR326W
YDR320C	YPR045C
YKL166C	YNL263C
YFR004W	YOR369C
YOL012C	YPL240C
YNL307C	YNR047W
YGR280C	YKR092C
YBL016W	YLR003C
YIL033C	YIL035C
YDR482C	YKR022C
YBR162C	YDR238C
YNL154C	YPR032W
YJL044C	YMR218C
YFR004W	YLR259C
YBL022C	YGR132C
YDR429C	YPR086W
YER022W	YNR010W
YCR102C	YNL134C
YGL005C	YGL223C
YLL036C	YOR369C
YGR048W	YOL013C
YJR135C	YLR241W
YAL005C	YLR384C
YHR001W	YLL039C
YLR075W	YOL127W
YDR497C	YOR254C
YJL076W	YPR119W
YDL035C	YER020W
YBL003C	YPR052C
YBL036C	YDR342C
YFR014C	YLR307W
YMR229C	YNL299W
YMR216C	YPR042C
YBL076C	YDL100C
YDR330W	YNL307C
YFL039C	YNL136W
YJL092W	YOL034W
YNL113W	YNL151C
YGR092W	YNL085W
YDR443C	YLR071C
YER122C	YHL007C
YIL167W	YOL016C
YGL098W	YNL258C
YBR085W	YLL039C
YGR080W	YIL034C
YGR192C	YMR109W
YNL255C	YOR304W
YGR234W	YPR010C
YIL010W	YKL117W
YHR099W	YJL098W
YER162C	YMR201C
YGR179C	YJR135C
YOL100W	YPL077C
YLL019C	YOR017W
YIL094C	YJL130C
YJR112W	YLR086W
YLL039C	YNL134C
YGL245W	YPL026C
YDL165W	YGR195W
YDR300C	YHR164C
YHR020W	YIL094C
YJL069C	YOR090C
YFR004W	YHL033C
YBR130C	YIL138C
YBL092W	YHR197W
YEL056W	YOR386W
YGL179C	YPR135W
YLL036C	YML056C
YNL255C	YNL274C
YDR091C	YLR441C
YLR429W	YMR240C
YHR086W	YPL178W
YBL016W	YBR083W
YGR229C	YOR028C
YHR157W	YMR133W
YKR086W	YNL175C
YJL052W	YML091C
YOR273C	YPL058C
YDR224C	YOR116C
YOR096W	YPL249C-A
YBR154C	YGR104C
YDR361C	YHR022C
YAL009W	YLR342W
YDR286C	YNL255C
YPL259C	YPR029C
YJR097W	YOL100W
YDR022C	YLR423C
YIL078W	YOL120C
YFR004W	YOR341W
YDR174W	YOL012C
YDR369C	YGL090W
YDR141C	YPL115C
YLR025W	YOR275C
YNL255C	YOR116C
YGR200C	YJL140W
YGL076C	YNL124W
YDR361C	YJL130C
YJL138C	YJR140C
YFR004W	YPR028W
YML056C	YOR243C
YPL174C	YPL253C
YLR384C	YMR236W
YDL021W	YLL039C
YFL022C	YJL014W
YBL092W	YOR096W
YDL160C	YOL149W
YKR003W	YPR152C
YDR364C	YER172C
YNL255C	YPL099C
YHR169W	YMR242C
YDL088C	YDL116W
YBL011W	YBL016W
YDR224C	YOR304W
YMR041C	YOL128C
YLR355C	YOR098C
YBR234C	YOR181W
YDL083C	YMR142C
YLR343W	YPL076W
YIR007W	YPR074C
YER093C	YOR181W
YLR058C	YNL290W
YGR017W	YJL187C
YCR020W-B	YNL255C
YCL037C	YOR096W
YLL045C	YNL069C
YDR174W	YML064C
YDL055C	YGR288W
YJR109C	YMR106C
YIL095W	YNL243W
YFL054C	YGL180W
YML008C	YNL255C
YJR121W	YPR152C
YDR142C	YLR105C
YLR085C	YLR377C
YGR085C	YNL096C
YMR314W	YOR380W
YBL092W	YKL014C
YCR073C	YGL134W
YDR318W	YOL054W
YIR002C	YLR383W
YDR135C	YLL039C
YBL007C	YOR181W
YMR142C	YNL124W
YLR381W	YPL233W
YMR115W	YNL307C
YNL307C	YPL077C
YGL212W	YNL255C
YGL059W	YLR195C
YOR340C	YOR341W
YBR200W	YNL025C
YGR148C	YNL255C
YFR004W	YNL255C
YLL019C	YMR229C
YLR108C	YML102W
YFR004W	YMR109W
YDR335W	YER103W
YGR013W	YLR298C
YBL092W	YFR032C-A
YBL010C	YNL154C
YBR112C	YPL181W
YDR418W	YJR123W
YAR064W	YBR109C
YBR175W	YMR186W
YER044C	YHR007C
YLL036C	YMR240C
YDL014W	YLR369W
YGR104C	YLR071C
YBL002W	YJR090C
YBR194W	YOR227W
YER036C	YIR010W
YNL004W	YPR161C
YCL037C	YGR054W
YML065W	YOL040C
YFL054C	YFR014C
YHR129C	YJR008W
YJL004C	YPL051W
YIR010W	YLR276C
YFR019W	YKL054C
YDL137W	YIL051C
YBR142W	YMR049C
YJR066W	YMR028W
YGR112W	YOR065W
YAL005C	YLR377C
YJL036W	YLR423C
YDR200C	YML068W
YFR004W	YNL104C
YLR455W	YOR064C
YAL024C	YPR119W
YBL018C	YHR062C
YBL037W	YJL084C
YDR091C	YMR142C
YKR081C	YNL255C
YER179W	YLR134W
YGR155W	YPR080W
YDR472W	YML077W
YBL003C	YNL246W
YDR261C	YHR016C
YHL024W	YJL106W
YDR330W	YGR048W
YGL076C	YOL127W
YBR048W	YLL045C
YOR039W	YOR119C
YBR257W	YIR015W
YGL070C	YGR104C
YDL075W	YOR096W
YGL245W	YHL007C
YJL130C	YMR304W
YBR214W	YFR040W
YFR004W	YLR109W
YCR084C	YEL030W
YDL053C	YDR207C
YIL019W	YMR093W
YDR414C	YNR026C
YIL095W	YNL287W
YCL033C	YNL255C
YDR303C	YMR033W
YNL255C	YOR164C
YKR056W	YKR072C
YHR041C	YNR010W
YLR320W	YNL209W
YDR244W	YMR026C
YKL129C	YOR035C
YBR175W	YDR469W
YGR142W	YMR021C
YDL015C	YDR307W
YIL035C	YJR144W
YGL031C	YLR075W
YBR058C	YMR304W
YNL255C	YOR123C
YBL036C	YGL216W
YER044C	YHR190W
YGL189C	YHR052W
YAL034W-A	YNL255C
YNL125C	YPL076W
YFR043C	YLR170C
YCR063W	YDL030W
YDR299W	YNL154C
YLR248W	YLR257W
YGL180W	YJL148W
YBL016W	YNL293W
YDR237W	YDR322W
YFR004W	YJL111W
YNL148C	YNL255C
YGL180W	YLL019C
YBR010W	YML065W
YER122C	YLR248W
YJL014W	YNL155W
YIR011C	YPL240C
YDR479C	YML125C
YCL025C	YGR284C
YFR031C-A	YLR075W
YBL007C	YCL008C
YDR180W	YIL026C
YBR142W	YPR152C
YER020W	YLR326W
YBL052C	YBR010W
YER095W	YFR009W
YJL091C	YOR254C
YHR112C	YLL039C
YDR012W	YGL147C
YHR060W	YPL019C
YFR001W	YKL082C
YBL105C	YOR231W
YHR052W	YKR081C
YGL225W	YHR114W
YCL056C	YDL197C
YBR112C	YBR200W
YGL051W	YPL264C
YGR021W	YOL100W
YBL003C	YDL019C
YER179W	YPR007C
YGR092W	YHL021C
YGR284C	YIL027C
YFR004W	YLL029W
YGR092W	YJL076W
YIL109C	YOL130W
YGL200C	YMR215W
YJR135C	YLR381W
YJR123W	YLL045C
YCR042C	YPL075W
YDR422C	YDR516C
YDL130W	YDR412W
YNL206C	YOR038C
YBR234C	YDR129C
YKL046C	YLL039C
YIR010W	YML127W
YGL051W	YPR198W
YBR176W	YML064C
YNL255C	YPR080W
YAL005C	YGL206C
YOR096W	YPL090C
YKL012W	YLR117C
YBL007C	YOR284W
YJL140W	YLR192C
YBL023C	YDR122W
YAL005C	YBR101C
YDR482C	YKR086W
YCL011C	YOR204W
YKL159C	YNL255C
YBL003C	YPL127C
YNL175C	YPR102C
YDR394W	YGL137W
YDR388W	YMR093W
YIL009W	YPL058C
YMR236W	YNL172W
YFR014C	YKR074W
YIR010W	YML056C
YDL060W	YPL266W
YGL141W	YIL075C
YFL005W	YOL147C
YHR135C	YJL138C
YHR098C	YPL246C
YAL003W	YLR249W
YGR116W	YLR199C
YGL180W	YIL156W
YDL056W	YNL154C
YLR287C-A	YNL096C
YDR068W	YGL059W
YML065W	YPL127C
YBL092W	YIR010W
YNL073W	YNL154C
YDR091C	YEL054C
YIR010W	YNL075W
YLR274W	YNL273W
YKR079C	YNL154C
YDR471W	YGL031C
YGR092W	YPR091C
YOR361C	YPL237W
YDR523C	YOR252W
YBL104C	YMR186W
YLR109W	YNL312W
YOR231W	YPL201C
YBR276C	YLR359W
YDR130C	YLL024C
YDR211W	YGR052W
YDL020C	YPR103W
YJR090C	YOL133W
YLR257W	YLR345W
YBR031W	YML065W
YBR167C	YGR030C
YBR183W	YDR331W
YDR479C	YJL183W
YGL051W	YPL141C
YCL011C	YPL081W
YER122C	YNL287W
YJL004C	YKR088C
YDR251W	YLL039C
YGR275W	YJL014W
YGL190C	YHR114W
YMR192W	YPL249C-A
YDR170C	YHR020W
YIL009W	YPL141C
YJL138C	YLR429W
YGL043W	YGL070C
YLR441C	YOL040C
YKL135C	YOR063W
YDR365C	YLR441C
YMR192W	YPL240C
YCL011C	YLL019C
YKR048C	YPR119W
YDR001C	YFR004W
YGL104C	YIL016W
YOR191W	YPR154W
YDR452W	YKR092C
YHR104W	YOL045W
YMR033W	YNR023W
YER012W	YIL075C
YLR321C	YMR033W
YGR200C	YLL039C
YDR523C	YJR132W
YMR196W	YNR031C
YGL090W	YLR288C
YCR084C	YLR071C
YGR179C	YPL233W
YDL035C	YPL268W
YBR267W	YKR048C
YHL014C	YOR133W
YDR365C	YLR075W
YBR058C	YCR073W-A
YEL018W	YNL255C
YFL001W	YGL180W
YLL039C	YLR380W
YMR168C	YPL268W
YBR011C	YLL060C
YCL008C	YPL065W
YAR027W	YNL125C
YBR010W	YNL246W
YDL098C	YDR378C
YFR004W	YMR083W
YBR109C	YNL066W
YGL014W	YLR435W
YLR342W	YNL020C
YDR167W	YOL135C
YDR106W	YLR222C
YHR179W	YOL013C
YGL253W	YOL097C
YBR049C	YGR274C
YDR479C	YLR082C
YDR170C	YIL109C
YBR194W	YPR024W
YKR068C	YOR115C
YIL084C	YNL330C
YHR196W	YPR112C
YGL233W	YPL240C
YCR088W	YDR342C
YPL069C	YPL240C
YBR059C	YOR239W
YBL093C	YPR168W
YIR010W	YLR264W
YDR171W	YFL037W
YLR075W	YPL220W
YBR041W	YMR152W
YLR262C	YNL263C
YNL255C	YOL054W
YAL024C	YNL085W
YLR429W	YNL073W
YDR163W	YPR101W
YGL253W	YLL039C
YCR073C	YGR142W
YDL002C	YPL235W
YBR107C	YOL091W
YFR009W	YGR234W
YBR130C	YOR181W
YLL048C	YMR106C
YIL009W	YLL039C
YLL045C	YML029W
YHR135C	YML035C
YBL072C	YCL037C
YBL025W	YDR247W
YGL180W	YOR204W
YDL035C	YNL229C
YHR165C	YMR240C
YPL004C	YPL074W
YBR207W	YKR007W
YNL002C	YNL175C
YLR199C	YPL004C
YEL053C	YOR032C
YKL149C	YOL016C
YBL016W	YLR310C
YNL265C	YPR173C
YDR200C	YLR238W
YDL098C	YER172C
YER028C	YPL240C
YGL059W	YNL074C
YMR194W	YOR063W
YGL126W	YPL161C
YGL090W	YOR005C
YDR443C	YFL028C
YFR001W	YLR449W
YDL160C	YKL054C
YHL007C	YNL027W
YKL156W	YLL039C
YFR004W	YLR075W
YBR106W	YHR094C
YDR141C	YPL037C
YCL016C	YHR191C
YKL080W	YML064C
YBR010W	YGL163C
YDL019C	YHR135C
YLL039C	YPL122C
YGR082W	YOR039W
YLR449W	YML065W
YBR189W	YNL124W
YBR194W	YNL255C
YBR106W	YHL048W
YDR032C	YGR121C
YDL083C	YNL096C
YBL007C	YGL215W
YJL187C	YLR350W
YJL034W	YOR254C
YDR224C	YMR284W
YLR357W	YMR091C
YML029W	YNL219C
YDL014W	YDL208W
YFR004W	YGR185C
YDR123C	YOL108C
YKL190W	YML057W
YFR004W	YJR121W
YGR179C	YNL255C
YHL033C	YMR142C
YBR049C	YJR145C
YGR275W	YHR097C
YDR335W	YOL016C
YDR116C	YDR322W
YBL002W	YDL156W
YML133C	YNL255C
YBR010W	YIR010W
YDL015C	YKL182W
YAL038W	YFR004W
YFR004W	YIL074C
YAL034W-A	YML032C
YOR204W	YPR041W
YGL121C	YOR371C
YBL016W	YDR152W
YDL030W	YPL151C
YAL047C	YIL149C
YLR453C	YNL216W
YKR081C	YLL045C
YBL007C	YHR016C
YDL100C	YOR164C
YCR007C	YDR107C
YBR183W	YGR060W
YBL003C	YJR082C
YGR113W	YJL036W
YDR457W	YLL039C
YDR418W	YOR063W
YAL035W	YLL045C
YGR054W	YOR204W
YMR026C	YOL044W
YDL065C	YDR265W
YBR154C	YJL140W
YOR348C	YPL240C
YDL065C	YLR071C
YBR207W	YER166W
YDL083C	YOR063W
YLR065C	YNL255C
YHR068W	YPR095C
YGL180W	YPR115W
YDR443C	YKL166C
YDR364C	YPL178W
YIR010W	YPL235W
YJR006W	YNL218W
YJL019W	YPL200W
YGL237C	YPR085C
YDR212W	YFR004W
YFR011C	YNL255C
YBR079C	YMR186W
YER164W	YOR319W
YPL151C	YPR152C
YDR357C	YLR423C
YAL038W	YJL039C
YCL025C	YMR215W
YBR193C	YNR010W
YDR412W	YGR148C
YFL039C	YLL026W
YKL143W	YPL239W
YJR144W	YNL312W
YPL231W	YPR152C
YML102W	YNL206C
YGL245W	YPL144W
YBR105C	YGL227W
YLR103C	YMR043W
YDR471W	YOR096W
YDL208W	YNL124W
YKL048C	YMR235C
YGR135W	YPL144W
YGL086W	YIL149C
YDL064W	YKL042W
YBL082C	YBR193C
YKR081C	YPL141C
YBR072W	YDL239C
YER036C	YHR079C
YNL307C	YPL240C
YCR046C	YOL027C
YAL034W-A	YBR107C
YDR237W	YLR312W-A
YKL060C	YOR116C
YFR004W	YGR192C
YDR172W	YIR010W
YKR008W	YLL039C
YDL014W	YML010W
YBR023C	YJR117W
YDL101C	YLR098C
YCL067C	YCR097W
YAL015C	YMR146C
YCR073W-A	YNL307C
YHR016C	YMR192W
YDR422C	YER162C
YLR075W	YMR142C
YDL060W	YKL054C
YLR117C	YNL255C
YCR067C	YPL218W
YBL007C	YBL105C
YDR335W	YKL068W
YNL005C	YOR204W
YDL030W	YMR125W
YHR197W	YKR081C
YCR020W-B	YIL033C
YBR010W	YDL159W
YFR004W	YOR283W
YIR010W	YPR034W
YGL211W	YNL119W
YLR424W	YPL018W
YLR417W	YPL065W
YBL039C	YDR394W
YDR418W	YOL127W
YOL127W	YOR096W
YOL117W	YOR361C
YCL037C	YLR256W
YBR010W	YBR175W
YIR010W	YNL330C
YDR331W	YPR028W
YKL012W	YML046W
YDL006W	YDR167W
YHR016C	YMR255W
YGL180W	YHL009C
YGL129C	YJR113C
YNL004W	YNL255C
YDR207C	YKL185W
YDR507C	YNL027W
YEL034W	YOL059W
YJR145C	YLL039C
YDR182W	YLL039C
YHR083W	YNL070W
YBR010W	YGL058W
YBR119W	YPL178W
YER012W	YMR314W
YBR189W	YGL031C
YHR135C	YPL071C
YGL051W	YPL076W
YFR004W	YNL290W
YGR126W	YNL154C
YLR438C-A	YMR142C
YEL026W	YMR031C
YFR010W	YFR052W
YKL190W	YOR315W
YNL255C	YPL110C
YER095W	YML075C
YDL030W	YDR482C
YJR068W	YOL126C
YER094C	YLL039C
YFL039C	YJL081C
YGL207W	YOR123C
YJL098W	YNL255C
YGL150C	YOR355W
YAL030W	YBR200W
YDL047W	YJL111W
YGL147C	YNL255C
YLR084C	YOR301W
YGL005C	YMR186W
YAR007C	YBR010W
YDL075W	YOR063W
YDR427W	YGL201C
YLR247C	YOR028C
YHR135C	YKL121W
YBR207W	YLL048C
YBR130C	YGR274C
YKL201C	YNL255C
YBR031W	YLR441C
YHR135C	YOR070C
YKL119C	YLR447C
YDR324C	YJL069C
YCR012W	YPR152C
YBR062C	YNL255C
YDR335W	YLR293C
YDR388W	YPL235W
YML069W	YML107C
YNL255C	YPL271W
YDL072C	YML029W
YMR154C	YOR110W
YNL217W	YNL307C
YDR224C	YJR145C
YGR092W	YNL155W
YGR003W	YOL133W
YLL039C	YLR270W
YAR027W	YLR350W
YML010W	YPR086W
YDL047W	YMR028W
YDL078C	YKR025W
YDL031W	YOL127W
YGL179C	YJR154W
YLR332W	YMR109W
YGR129W	YLR424W
YNL055C	YNL121C
YGR129W	YKR086W
YLL039C	YOR089C
YGL200C	YGR138C
YHR197W	YPR102C
YCR068W	YDR331W
YKL192C	YOR124C
YEL026W	YNL155W
YGR148C	YIR010W
YIL107C	YJL187C
YDR097C	YPL235W
YBR202W	YMR043W
YDL014W	YFR004W
YER144C	YIL095W
YGL059W	YGR008C
YDR227W	YLR278C
YDL055C	YIL094C
YOR181W	YPR154W
YBL016W	YGR237C
YDL075W	YOL127W
YDR172W	YNL251C
YJL076W	YOR173W
YFL037W	YGR155W
YGL209W	YJL187C
YGL104C	YPR028W
YDR224C	YJL081C
YBR198C	YGR252W
YIL142W	YJR070C
YBR041W	YKL094W
YJR066W	YOR181W
YLL039C	YOR173W
YDR388W	YOR284W
YEL055C	YPL126W
YBR048W	YLR441C
YGL112C	YPL248C
YDR412W	YDR418W
YMR024W	YMR193W
YDR388W	YMR162C
YAL024C	YDR516C
YER128W	YLR181C
YGL040C	YLL039C
YLL039C	YOL137W
YNL064C	YPL233W
YNL307C	YOL130W
YJL030W	YPL058C
YGL116W	YPR007C
YBL093C	YMR112C
YER118C	YOR311C
YDR013W	YHR118C
YGL059W	YGR038W
YDR469W	YLR015W
YGR275W	YLR357W
YHL050C	YNL255C
YGR085C	YNL112W
YLR359W	YOR361C
YGL076C	YLR075W
YBR023C	YLL039C
YOL040C	YPL090C
YFL037W	YNL223W
YNL044W	YNL304W
YHL007C	YKL129C
YJL039C	YLR018C
YNL273W	YOL006C
YHR129C	YPL174C
YOR290C	YOR369C
YML086C	YPL004C
YLR007W	YNL255C
YER172C	YPL105C
YBL005W	YPL240C
YMR314W	YPL144W
YAR027W	YLR018C
YHL033C	YJL177W
YMR216C	YNL277W
YGL242C	YKR099W
YOR254C	YPL076W
YGR252W	YHR079C
YAL024C	YDR232W
YJL123C	YOL109W
YBR194W	YKL060C
YJR082C	YOL061W
YML065W	YPR052C
YBR109C	YLR433C
YBR097W	YPL120W
YKL002W	YMR117C
YOR361C	YPL001W
YDR443C	YPR168W
YEL018W	YHR099W
YCR073C	YNR031C
YHL042W	YOR127W
YGR158C	YOL021C
YIR005W	YMR105C
YGR214W	YLL036C
YAL005C	YCL037C
YMR114C	YNL255C
YHR060W	YNL255C
YDR087C	YHL032C
YGL137W	YPL246C
YER172C	YGR075C
YNL293W	YOR089C
YGL011C	YHR052W
YDL190C	YLL039C
YGR060W	YKL065C
YHR042W	YLL039C
YDR167W	YMR236W
YDR261C	YPL240C
YML083C	YOR233W
YBL003C	YDR496C
YDR101C	YGL076C
YDL055C	YLR048W
YBL007C	YDR423C
YCL033C	YOL082W
Q0130	YLR203C
YCL024W	YLL039C
YER030W	YPL090C
YBR109C	YLR212C
YBL023C	YNL307C
YCR063W	YHR165C
YDR324C	YNR054C
YCR012W	YDR378C
YFR004W	YGR232W
YJL030W	YOR026W
YHR197W	YMR229C
YGR252W	YKR008W
YNR023W	YOR290C
YHL033C	YIR026C
YGL059W	YIL107C
YGL180W	YNL125C
YML065W	YPL090C
YBL072C	YBR189W
YDR240C	YMR125W
YHR102W	YOR353C
YGL066W	YGR274C
YBR010W	YDR440W
YHR079C	YPR091C
YHR157W	YOR231W
YBL038W	YCL014W
YOR273C	YPL004C
YAL009W	YHR004C
YBR041W	YKL140W
YAL016W	YOR081C
YGL137W	YNL181W
YOR063W	YPR154W
YDL014W	YPL220W
YKL146W	YPL026C
YDL204W	YNL154C
YGL055W	YPL240C
YHL048W	YPR192W
YAL005C	YLL039C
YDR208W	YGL180W
YBR059C	YGL207W
YDR035W	YLR355C
YNL265C	YOL142W
YDR361C	YJR056C
YGR048W	YPL269W
YNL080C	YNL154C
YAL005C	YGR173W
YER166W	YGR241C
YJL187C	YKL121W
YER026C	YGR060W
YFL017C	YMR117C
YJR007W	YMR146C
YGL051W	YMR011W
YKL186C	YMR125W
YDR299W	YNL255C
YIR010W	YKL006W
YNL263C	YPR028W
YDR156W	YPR010C
YDL165W	YNL025C
YGR077C	YNL214W
YER105C	YOR098C
YHR079C	YNL065W
YNL255C	YPL220W
YJL081C	YJL098W
YLR439W	YNL252C
YGL092W	YKL057C
YHR022C	YOR032C
YIR008C	YPR019W
YGL076C	YKL180W
YGL059W	YKR048C
YDR123C	YKL135C
YHR058C	YLR071C
YBL092W	YMR194W
YBL002W	YGR067C
YLR287C-A	YLR441C
YDR443C	YER022W
YCR088W	YLR429W
YBL010C	YPL018W
YDR414C	YMR292W
YER095W	YGR234W
YJR145C	YOR096W
YIL107C	YML065W
YJR007W	YOR260W
YFR004W	YPL111W
YFR014C	YOR271C
YBL003C	YJR145C
YFR001W	YHR052W
YGR215W	YJR101W
YDL065C	YDR244W
YLR424W	YMR229C
YDL075W	YDL083C
YBL016W	YLR259C
YNL255C	YOR042W
YFL022C	YLR293C
YIR002C	YJL092W
YDR388W	YNL243W
YBR109C	YKL122C
YCL011C	YIR010W
YJL057C	YOR162C
YBR031W	YOL061W
YDR002W	YFR004W
YBL036C	YDR226W
YDR497C	YPL058C
YAR007C	YFR013W
YDR293C	YHR135C
YFL009W	YKL159C
YDR101C	YLR449W
YMR186W	YOL029C
YKL160W	YOR039W
YDR092W	YHR115C
YDR176W	YPR008W
YDR153C	YOR036W
YBR220C	YOL016C
YJR123W	YOL040C
YJL187C	YKR079C
YML074C	YNL255C
YDR100W	YLL048C
YDR174W	YML065W
YDR416W	YPL151C
YLR125W	YLR288C
YLR264W	YNL255C
YDR383C	YJL057C
YDR482C	YER013W
YEL055C	YOR294W
YOL026C	YOR039W
YDL156W	YPR161C
YIR017C	YLR423C
YER095W	YGL245W
YDR012W	YLL045C
YJR057W	YMR270C
YLR186W	YLR438W
YER172C	YKR086W
YGL180W	YOR239W
YBL078C	YGL180W
YDL123W	YHR094C
YNL255C	YPR062W
YGR252W	YOR023C
YGL245W	YNL307C
YGR274C	YHR023W
YJL140W	YOL120C
YBR207W	YJL178C
YGR148C	YHR197W
YJR090C	YOL136C
YDR142C	YIL160C
YGR085C	YIR010W
YGL245W	YPR010C
YLL011W	YMR093W
YML010W	YNL061W
YDL052C	YKR026C
YMR106C	YPR003C
YER165W	YER172C
YML065W	YNR053C
YDR002W	YOR233W
YIL095W	YJL044C
YBR274W	YPR124W
YER105C	YLR018C
YFR013W	YPL235W
YGL129C	YOR204W
YER162C	YHR165C
YKL095W	YPR101W
YFR004W	YLR192C
YBR273C	YKL213C
YMR121C	YNL124W
YGL011C	YOL146W
YBL016W	YDR171W
YBR183W	YPL076W
YHR052W	YHR085W
YHR068W	YJR047C
YBL003C	YGR159C
YLR433C	YMR246W
YDR392W	YPL001W
YDR388W	YOL058W
YGR092W	YMR229C
YDR414C	YGL104C
YOL041C	YOR233W
YML023C	YMR053C
YFR014C	YLR437C
YDL020C	YDR394W
YNL124W	YPL240C
YCR088W	YJR065C
YDL072C	YKL065C
YML091C	YML111W
YER071C	YNL209W
YBR189W	YDR130C
YLL024C	YLR195C
YDR388W	YPR093C
YIL062C	YMR109W
YKL117W	YNL255C
YNR054C	YOR096W
YDR507C	YKR048C
YDR361C	YLL039C
YML010W	YMR229C
YFL049W	YOR290C
YDR194C	YIR010W
YDR308C	YHR058C
YDR322C-A	YPR020W
YAR002W	YDR101C
YFR009W	YNL307C
YNL074C	YNL307C
YDL055C	YLR075W
YGL256W	YKL108W
YDR204W	YLR201C
YIR010W	YNL290W
YCL027W	YNL058C
YDR121W	YNL262W
YFL021W	YKL161C
YOR290C	YPR034W
YBL095W	YJL187C
YBL003C	YPR190C
YDL064W	YJR076C
YBR031W	YMR194W
YBR048W	YDL083C
YOR047C	YPR103W
YBL007C	YGL237C
YHR165C	YLL039C
YGR120C	YLL039C
YFR001W	YGL147C
YMR117C	YPR083W
YBR183W	YHL048W
YBL011W	YBR002C
YDR171W	YJL130C
YLR429W	YPR161C
YHR016C	YKL109W
YIL142W	YLL011W
YDR131C	YPL240C
YDL127W	YDR388W
YKR006C	YMR193W
YBR211C	YOR269W
YJL098W	YNL289W
YKL025C	YNL289W
YGL076C	YMR194W
YLR423C	YPR049C
YLL039C	YLL048C
YGL112C	YMR043W
YDL200C	YGR184C
YEL009C	YER022W
YJL076W	YOR340C
YER146W	YMR268C
YDR036C	YLR397C
YMR203W	YNL055C
YDL065C	YGR052W
YGL190C	YJL111W
YIL075C	YLR421C
YLR034C	YPL076W
YBL052C	YBR274W
YBR189W	YML065W
YLL036C	YPR152C
YHR079C	YLR429W
YBL003C	YLR276C
YGL206C	YLR370C
YMR294W	YPL174C
YER165W	YMR229C
YDR395W	YPR102C
YKR025W	YML065W
YIL062C	YLR370C
YER030W	YOR361C
YDL075W	YDR412W
YDR418W	YIR010W
YBR251W	YNL022C
YJL187C	YNR046W
YFR004W	YNR043W
YMR067C	YPL216W
YJR014W	YLR441C
YBR010W	YNL206C
YDR012W	YEL034W
YCL037C	YMR125W
YDR440W	YOR294W
YDR167W	YIR010W
YHR007C	YIL027C
YIL019W	YJL069C
YGL180W	YNL293W
YGL137W	YNL255C
YKR050W	YKR088C
YGR138C	YOR153W
YPL076W	YPR028W
YFL034W	YNL255C
YFR032C-A	YOL040C
YBR234C	YKL129C
YIR010W	YKR025W
YKL002W	YOL100W
YBL076C	YLR016C
YDR428C	YLL036C
YLR262C	YMR235C
YDR414C	YML038C
YDL115C	YHR135C
YGL011C	YJL088W
YMR236W	YNL255C
YKL028W	YNL255C
YDR200C	YPL130W
YMR207C	YNL255C
YBL011W	YFL033C
YBL002W	YDR121W
YFL024C	YOL012C
YDL055C	YIL070C
YIR010W	YOR116C
YKR072C	YNL255C
YCR011C	YGL098W
YCL034W	YHR114W
YHL042W	YOR254C
YBR031W	YMR049C
YEL055C	YGL237C
YNL096C	YOL040C
YHR191C	YNL255C
YDL030W	YMR240C
YGR056W	YJL092W
YDR032C	YFR004W
YBR109C	YML057W
YBR229C	YLL039C
YDR012W	YMR242C
YKL060C	YML065W
YMR291W	YPL141C
YHR135C	YOR089C
YDR168W	YPL240C
YDR322W	YOL027C
YAR062W	YMR108W
YGL017W	YPL090C
YIL035C	YML074C
YML110C	YNL154C
YFL049W	YGR275W
YBL105C	YBR166C
YBR247C	YHR169W
YOR043W	YPR030W
YBL007C	YMR253C
YGR229C	YMR294W
YFR004W	YGL026C
YNL255C	YOR115C
YLL039C	YML106W
YJR145C	YLR186W
YGR092W	YML064C
YJL057C	YNL121C
YLR022C	YNL209W
YDL149W	YNL307C
YNL163C	YNL255C
YBR109C	YGL242C
YEL002C	YKL065C
YGR156W	YNL317W
YDR244W	YOL044W
YGR284C	YPL264C
YBL007C	YIR033W
YBR079C	YOL087C
YHR041C	YMR112C
YDR303C	YLL024C
YFR036W	YHR166C
YDR070C	YFL017C
YGR161C	YLL039C
YGR167W	YOL100W
YCL027W	YOR017W
YGL180W	YMR165C
YBR194W	YPL235W
YFR031C-A	YPL009C
YFR043C	YLR248W
YLR370C	YMR109W
YLL023C	YNL044W
YEL051W	YGR120C
YCR042C	YGL112C
YBL003C	YDR207C
YGL137W	YJL151C
YDR388W	YNL086W
YNL061W	YOR227W
YBR154C	YPR086W
YDR293C	YKR028W
YBR002C	YKL140W
YER129W	YKL042W
YOR174W	YPR168W
YDR212W	YLL011W
YGR199W	YHL042W
YBL016W	YLR342W
YJL187C	YOR101W
YFR004W	YLL026W
YBR200W	YMR183C
YLR264W	YOL149W
YBR107C	YGR052W
YBR031W	YJR145C
YIL019W	YJR002W
YLR384C	YPL086C
YHR135C	YPL171C
YER164W	YML010W
YKR026C	YOR317W
YDR130C	YOL040C
YGR253C	YOR261C
YDR380W	YIL027C
YDR451C	YMR043W
YCL011C	YJR123W
YER173W	YJR068W
YLL036C	YOR159C
YLR148W	YOL018C
YBL007C	YLR088W
YGL119W	YPL026C
YHR094C	YIR026C
YBR035C	YFR004W
YHR174W	YJL030W
YBL072C	YBR079C
YDR329C	YOR326W
YNL055C	YOL132W
YHR118C	YPL001W
YDR224C	YGL207W
YDR412W	YMR242C
YNL117W	YOL045W
YDR412W	YNL301C
YLR312W-A	YNL005C
YDL031W	YIR010W
YDR418W	YGL076C
YKR081C	YML065W
YER022W	YHR058C
YDR258C	YOR326W
YNL255C	YPR137W
YHR114W	YPL246C
YNL032W	YNL093W
YDR174W	YNL255C
YML056C	YOR063W
YCL037C	YDL055C
YJL187C	YNL277W
YDR080W	YGL212W
YBR018C	YMR106C
YJL048C	YPR120C
YER103W	YOR039W
YDR168W	YFR004W
YAR007C	YML069W
YLL039C	YMR243C
YKL191W	YLL039C
YER172C	YLR438C-A
YDR107C	YMR070W
YDR519W	YNL255C
YER059W	YLR190W
YNL044W	YNL263C
YLR222C	YNL075W
YGL207W	YKR008W
YCR076C	YER094C
YJL081C	YNL136W
YNL069C	YNL124W
YDR429C	YMR146C
YBR125C	YPL001W
YGR159C	YKL014C
YBL064C	YNR031C
YDR299W	YNR054C
YDR172W	YLR109W
YDL002C	YDR190C
YHR135C	YLR192C
YDR479C	YLR350W
YDR395W	YER165W
YDR130C	YGL076C
YDR158W	YKL166C
YGL201C	YLR103C
YAL035W	YDR418W
YIR010W	YMR093W
YIL109C	YLR208W
YGR214W	YOR197W
YNL255C	YOR173W
YIL041W	YOL018C
YDR227W	YER105C
YDL031W	YNL175C
YLR060W	YOR355W
YKL166C	YML013W
YGR184C	YPR103W
YFL009W	YKL185W
YDR172W	YFR004W
YCL024W	YDR162C
YBL072C	YDR429C
YML064C	YMR226C
YBR162C	YOR233W
YDR416W	YLR117C
YBL039C	YLL039C
YGR284C	YMR292W
YDL031W	YLR449W
YER095W	YPL121C
YMR049C	YNL124W
YER015W	YER070W
YDR101C	YHR197W
YBR119W	YDR240C
YDL207W	YPL020C
YAL042W	YIR010W
YLL024C	YLR384C
YMR160W	YMR304W
YDR087C	YLL039C
YMR146C	YNL287W
YFL013C	YIR010W
YHR197W	YOL120C
YCR020W-B	YML127W
YJL030W	YNL218W
YKL180W	YNR053C
YGL207W	YML010W
YJR145C	YMR229C
YMR172W	YNL255C
YJL014W	YLR220W
YDR324C	YPL160W
YDR168W	YFL029C
YJL157C	YLR293C
YDR482C	YPR182W
YAL062W	YPL160W
YHL048W	YPL092W
YER172C	YLR310C
YBR202W	YLL039C
YBL002W	YGR252W
YIR005W	YLL036C
YDR394W	YFR052W
YBR048W	YPL081W
YDR032C	YIL070C
YDR412W	YOL127W
YAL015C	YJR068W
YLL024C	YOL006C
YHR190W	YML008C
YBL003C	YHR052W
YGR214W	YKL010C
YOL045W	YOR276W
YNL121C	YPL063W
YDR390C	YGR048W
YJL130C	YMR308C
YER022W	YLR071C
YGR072W	YLL039C
YGL059W	YMR086W
YDL060W	YOR204W
YHR059W	YIL070C
YDR080W	YLR148W
YBL016W	YLR192C
YBR142W	YDL168W
YFR004W	YOR374W
YDR028C	YNL009W
YLR103C	YPR019W
YFR004W	YKL152C
YBR247C	YLR264W
YKL014C	YMR049C
YER020W	YGL245W
YBL075C	YKR072C
YLR144C	YLR429W
YFR004W	YNL010W
YNL154C	YNL218W
YFR029W	YHR135C
YDR335W	YFR014C
YDL100C	YLR268W
YLR141W	YOR295W
YGL137W	YIL142W
YJL034W	YOL081W
YHR179W	YLL039C
YAL038W	YIR010W
YBR264C	YLL039C
YKR081C	YMR242C
YDR013W	YKL108W
YDL055C	YFR031C-A
YBR154C	YGL207W
YMR223W	YOL148C
YDR156W	YOR341W
YOR042W	YOR181W
YAL005C	YNL064C
YIL094C	YNL313C
YBR101C	YDR171W
YDR171W	YOL083W
YEL051W	YKL080W
YDR418W	YFR004W
YDL083C	YKL082C
YGR111W	YHR135C
YDR162C	YMR299C
YBR247C	YKL159C
YJR065C	YLR203C
YGR054W	YOL117W
YHR135C	YNL304W
YML064C	YMR106C
YBR031W	YNL069C
YDL030W	YML049C
YER052C	YLR310C
YJL131C	YPR161C
YDR471W	YNL112W
YGR013W	YML049C
YHL048W	YJL002C
YHR079C	YNL074C
YDL168W	YMR229C
YCL024W	YGR021W
YJL039C	YPR080W
YBR107C	YOL054W
YAL005C	YOR227W
YGL070C	YJL140W
YDR324C	YHR196W
YDR420W	YOR153W
YDR356W	YPL180W
YFR038W	YHR135C
YDR322W	YLR439W
YIR019C	YMR284W
YBR048W	YNL096C
YDR087C	YER147C
YBL007C	YER118C
YDR105C	YJL178C
YBL016W	YKR080W
YCR021C	YLL039C
YKR006C	YML065W
YGL180W	YPL100W
YBR112C	YDL005C
YKR081C	YNL002C
YBL061C	YGR214W
YJR104C	YKL095W
YDL055C	YPL249C-A
YNL058C	YNL307C
YJL048C	YLR368W
YBR253W	YPL248C
YDR388W	YHL008C
YCL008C	YHR016C
YGL179C	YJL084C
YHR041C	YOR159C
YDR324C	YDR365C
YIL093C	YNL255C
YDR246W	YDR407C
YEL009C	YPR034W
YLL039C	YOL013C
YHR187W	YLR384C
YDR429C	YNL255C
YGL171W	YLR186W
YDR497C	YDR501W
YJL177W	YOR063W
YBL045C	YPR191W
YLR131C	YNL307C
YAL016W	YBR079C
YMR216C	YOL021C
YGL179C	YKR079C
YDL200C	YHR033W
YFR014C	YIL107C
YDR331W	YNL044W
YJL039C	YKL152C
YNL255C	YPR037C
YIR010W	YOR204W
YGL011C	YGR097W
YLR399C	YOL012C
YJL157C	YJR086W
YJR117W	YPL076W
YOR204W	YPR119W
YBL023C	YPL144W
YGR135W	YLL039C
YFR004W	YML010W
YBR041W	YJL052W
YMR186W	YNL041C
YBR189W	YGR214W
YDR365C	YKL015W
YLL036C	YPL151C
YDL100C	YOL044W
YDR051C	YNL255C
YDR246W	YMR218C
YBR011C	YJL098W
YIL125W	YMR242C
YDR091C	YHR195W
YGL076C	YNL255C
YGL179C	YOR251C
YIL091C	YJL069C
YNL229C	YPL240C
YGL066W	YPL047W
YLL024C	YOL033W
YKL129C	YOR181W
YHR069C	YOL021C
YMR226C	YNL290W
YDR310C	YLL004W
YFL037W	YJL014W
YBL003C	YGR275W
YDR404C	YLR192C
YDR129C	YJL138C
YDR116C	YNL185C
YNL255C	YOR239W
YFR004W	YJR123W
YGR252W	YHR041C
YJR002W	YNL096C
YHR052W	YLR449W
YJL014W	YJR090C
YDR513W	YLL039C
YKR048C	YPL090C
YKL166C	YLR043C
YJR002W	YKL099C
YBR251W	YDR036C
YBR189W	YJR123W
YDR247W	YGR200C
YCR007C	YPL020C
YOR254C	YOR324C
YKL062W	YNL136W
YJL052W	YLR320W
YNL061W	YPR102C
YOL025W	YOL133W
YKL068W	YPR119W
YEL017C-A	YPL227C
YAL024C	YGR234W
YCR030C	YPR152C
YBL020W	YDR479C
YLL039C	YNR007C
YGR135W	YPR103W
YDR412W	YLR075W
YBR142W	YGR085C
YIR010W	YOR127W
YGR113W	YLR423C
YMR242C	YNL255C
YHR052W	YMR229C
YNL289W	YOR032C
YBR200W	YPL045W
YOL127W	YOR063W
YCR021C	YLR332W
YDR496C	YKL014C
YFL050C	YHR135C
YDL100C	YOL111C
YGL055W	YIL016W
YDL146W	YKL070W
YGR281W	YLL039C
YBR031W	YHR197W
YKL186C	YOR098C
YDR092W	YNL116W
YDR443C	YMR112C
YIL062C	YNL255C
YJL163C	YLL061W
YBL016W	YNL227C
YJL052W	YLL036C
YBL039C	YLR027C
YEL032W	YGL201C
YLL039C	YOL018C
YMR146C	YOL061W
YCL011C	YHR196W
YCR014C	YDR394W
YEL032W	YPR135W
YKL068W	YPL125W
YLL026W	YLR249W
YGL076C	YOL041C
YDR299W	YPR152C
YBR109C	YOR326W
YER036C	YMR108W
YBR010W	YNL255C
YCR021C	YPL058C
YER059W	YPL046C
YGR179C	YLR381W
YMR118C	YPL134C
YCL032W	YER118C
YBL002W	YDR224C
YER118C	YKL221W
YJR145C	YML056C
YLL013C	YML091C
YFL038C	YKR068C
YGL066W	YMR223W
YHR135C	YNL073W
YGR184C	YLL039C
YGR186W	YPR152C
YJR072C	YNL289W
YBR106W	YGR138C
YKL061W	YNL255C
YGR129W	YPR101W
YDL097C	YOL117W
YML065W	YPL079W
YPL240C	YPR003C
YER141W	YJL092W
YLR441C	YMR194W
YBR251W	YNR037C
YDR100W	YPL218W
YHR083W	YNL092W
YDR233C	YLL039C
YNL255C	YPR173C
YMR180C	YNL154C
YIR010W	YJL081C
YFR014C	YLR274W
YBR109C	YOR358W
YDR312W	YJL187C
YGL111W	YGR097W
YDR472W	YKR068C
YDR359C	YJR082C
YDR171W	YJR148W
YBR109C	YBR218C
YER121W	YKL002W
YGL066W	YLL026W
YAR007C	YNL124W
YJL187C	YPR024W
YDR227W	YIL075C
YDR412W	YMR049C
YCL010C	YOL148C
YEL044W	YNL255C
YDR002W	YNL307C
YGR156W	YHL033C
YBL007C	YML075C
YBR042C	YNL154C
YHR135C	YMR297W
YGR253C	YKL014C
YIL094C	YJR123W
YNL255C	YOL129W
YNR010W	YPR168W
YJL106W	YPR115W
YDL055C	YFR004W
YNL172W	YOR163W
YGR085C	YLR441C
YHR076W	YJL076W
YFR004W	YPL240C
YDR297W	YEL002C
YDR101C	YHR085W
YCL037C	YDR293C
YHR104W	YNL154C
YDR130C	YIR010W
YCL056C	YNL131W
YDR388W	YNL206C
YDL075W	YIR010W
YGL031C	YLL039C
YCR063W	YML049C
YEL031W	YHR174W
YGR082W	YLR168C
YJL178C	YML018C
YGL116W	YOR026W
YBL052C	YOR064C
YCL014W	YLR058C
YBR059C	YMR222C
YCL024W	YER064C
YGR215W	YNR037C
YDR414C	YPL264C
YGL059W	YMR196W
YDR408C	YOR174W
YLR455W	YOR294W
YGR089W	YLR086W
YML111W	YMR229C
YFR031C-A	YJR123W
YNL027W	YNL154C
YDL015C	YGR284C
YDL060W	YGR081C
YDR293C	YOR204W
YDR036C	YIL093C
YAR007C	YJR144W
YNL307C	YOL125W
YDR121W	YFL013C
YCR076C	YGL137W
YBL038W	YOR290C
YPL111W	YPL160W
YHR042W	YNL289W
YCL027W	YIL159W
YGR057C	YIL109C
YGL237C	YMR308C
YGR082W	YHR060W
YKR081C	YPR161C
YJL036W	YNL041C
YDR247W	YJL076W
YLR423C	YOR353C
YGL105W	YNL119W
YKR081C	YPR045C
YHR135C	YLR134W
YHR099W	YKL109W
YGL179C	YGR038W
YBR194W	YGL245W
YBL003C	YNL290W
YKL053C-A	YNL255C
YBL072C	YHR196W
YKL095W	YNL229C
YCR073W-A	YNL255C
YGR082W	YMR299C
YDL020C	YGL058W
YDL207W	YHR174W
YBL072C	YLR441C
YBR107C	YBR211C
YDR418W	YMR194W
YBR106W	YDR331W
YDL015C	YDL206W
YMR240C	YPR182W
YHR076W	YIR010W
YDL097C	YDR142C
YJL106W	YMR229C
YKL067W	YPR010C
YER057C	YFR004W
YNL279W	YOL108C
YDR356W	YFL037W
YER043C	YMR049C
YLL039C	YPL240C
YIL155C	YLL039C
YDR412W	YHR052W
YIL026C	YPR007C
YLL039C	YPR074C
YIL035C	YML065W
YFR001W	YIR010W
YBR083W	YFL009W
YER012W	YFR010W
YNL255C	YOR021C
YAL038W	YDL116W
YER043C	YKL161C
YDR463W	YJL156C
YER165W	YIR010W
YIL035C	YNL061W
YMR186W	YOL013C
YDL130W	YNL255C
YHR023W	YNL166C
YLL039C	YLR059C
YLL039C	YNL045W
YPL266W	YPR137W
YJR123W	YNL302C
YKR097W	YLL039C
YGR215W	YNL255C
YIR010W	YJR007W
YBR234C	YJR065C
YLR249W	YNL041C
YMR125W	YMR240C
YJL092W	YPL121C
YHR060W	YKL119C
YER014W	YJL092W
YER012W	YER094C
YJR140C	YOR038C
YBL105C	YBR059C
YJR144W	YPR161C
YDR411C	YGR048W
YAL038W	YDR335W
YDR118W	YLR401C
YBL102W	YJL178C
YDR135C	YGL181W
YDL223C	YGL059W
YLR312W-A	YPL173W
YBL102W	YMR292W
YLL039C	YPL134C
YDR318W	YJR135C
YLL019C	YOL041C
YIL152W	YLR423C
YBL003C	YDR463W
YBL038W	YMR024W
YAL005C	YMR186W
YHR007C	YHR094C
YMR091C	YNL041C
YDR357C	YPR182W
YDR248C	YDR304C
YDL083C	YMR194W
YJL138C	YPL125W
YLR439W	YMR193W
YBR031W	YBR048W
YBR247C	YDR324C
YLR138W	YNL255C
YBL093C	YDR443C
YBL031W	YDR318W
YFR004W	YNL183C
YFR009W	YJL189W
YGL245W	YPL235W
YIL071C	YOL117W
YKR006C	YLR312W-A
YBL002W	YLL039C
YEL026W	YLL036C
YDR211W	YJR090C
YLR071C	YOR174W
YIL108W	YLL039C
YFR014C	YJL189W
YDL111C	YFR019W
YDR414C	YOL075C
YHR135C	YJR019C
YCL037C	YNL064C
YML077W	YMR218C
YGR159C	YJL187C
YML010W	YPR010C
YDL199C	YLL039C
YBL072C	YOR096W
YDL226C	YJL036W
YDL031W	YLR276C
YBR080C	YDR427W
YKL164C	YOL016C
YDR418W	YOR096W
YJR065C	YLL039C
YGR277C	YNL255C
YER044C	YGR060W
YKL033W-A	YNL255C
YIL109C	YLR268W
YHR104W	YLL039C
YKL166C	YLR044C
YIL019W	YJR123W
YDR293C	YDR501W
YDR458C	YJL092W
YGR184C	YNL307C
YGL201C	YNL273W
YPR101W	YPR152C
YDR212W	YGL137W
YHR052W	YOR294W
YFL037W	YMR304W
YNL025C	YPL248C
YDL141W	YGL105W
YBR253W	YGR104C
YJR145C	YMR242C
YLL039C	YOL119C
YHL033C	YHR169W
YHR033W	YML064C
YHR135C	YLR098C
YDR388W	YPR081C
YDL239C	YLR072W
YDR418W	YGR085C
YBR106W	YNL130C
YDR443C	YOR174W
YGR200C	YPL086C
YEL009C	YOR290C
YOL082W	YOL100W
YAL005C	YMR261C
YHR052W	YKL006W
YBR247C	YMR229C
YIL121W	YOR153W
YCL025C	YPL076W
YER122C	YPL246C
YFR014C	YOR123C
YAR062W	YNL255C
YGL207W	YJL106W
YDL055C	YKR048C
YBR059C	YDR312W
YBR202W	YMR048W
YBR004C	YIL027C
YBR010W	YOL012C
YEL017C-A	YOL018C
YDR118W	YLR102C
YDR412W	YLR449W
YBL003C	YNL255C
YGL190C	YLR249W
YJR123W	YNL069C
YMR033W	YPR034W
YAL005C	YIR002C
YLL039C	YOL076W
YLR383W	YOL034W
YJR121W	YNL004W
YHR008C	YOL016C
YFR019W	YPL004C
YHR086W	YKL012W
YDR026C	YHR166C
YOL126C	YPL180W
YAL030W	YGR142W
YFR052W	YGR135W
YDR176W	YMR223W
YLL039C	YOR142W
YMR048W	YMR308C
YLL039C	YLR028C
YIR010W	YJL168C
YBL051C	YKR096W
YDR044W	YDR174W
YDL014W	YIR010W
YDR129C	YFR004W
YAL053W	YOR153W
YBL007C	YJL004C
YGL087C	YMR140W
YBR142W	YNL002C
YLL026W	YLL039C
YDL015C	YJL002C
YLR449W	YNL061W
YJR123W	YNL096C
YDR028C	YNL289W
YFL039C	YPL235W
YBL007C	YCL034W
YGR179C	YMR168C
YJR121W	YNL131W
YBL002W	YML034W
YFR029W	YJL187C
YDR429C	YOL087C
YDR130C	YDR418W
YDL010W	YOL062C
YGL180W	YLR276C
YGL105W	YMR216C
YOL107W	YPL141C
YML010W	YPL032C
YGL233W	YNR049C
YHR098C	YIL109C
YHR196W	YLR186W
YJL098W	YOR204W
YDR129C	YFL039C
YDR392W	YGR274C
YEL032W	YPR019W
YAL035W	YFR031C-A
YCR063W	YKR086W
YDR523C	YMR196W
YJL178C	YOL129W
YIL094C	YMR106C
YAL034W-A	YOL054W
YHR046C	YLL039C
YBR049C	YBR194W
YGL111W	YML065W
YDR153C	YHR135C
YBL039C	YIL094C
YGL180W	YPR049C
YKR088C	YPL246C
YER165W	YKL012W
YBR154C	YNL113W
YAL005C	YGL043W
YAR007C	YOL012C
YDL030W	YOR023C
YBR097W	YDR388W
YLR117C	YNL286W
YKL042W	YPR120C
YCL024W	YGL245W
YDL075W	YOR234C
YDR297W	YPL264C
YER059W	YLL039C
YDR237W	YMR024W
YCR084C	YJL156C
YCL010C	YER164W
YCR097W	YNL255C
YBR031W	YDR091C
YDR247W	YMR216C
YDR288W	YLR453C
YMR049C	YOL127W
YPL018W	YPL233W
YLR438C-A	YNL255C
YLL019C	YLR438W
YJR140C	YNL312W
YGL076C	YMR242C
YEL039C	YNL229C
YDR335W	YNL027W
YLR377C	YML064C
YNL229C	YOL034W
YDR062W	YGR038W
YHR052W	YNL112W
YMR229C	YOL041C
YFL037W	YPR010C
YKL067W	YMR203W
YAR007C	YDR190C
YGR120C	YJR108W
YGR021W	YHR165C
YBL023C	YNL262W
YML009C	YMR193W
YDL078C	YDR304C
YHR135C	YOR083W
YLL039C	YLR149C
YKR062W	YPR052C
YIL035C	YOL016C
YDL058W	YFL038C
YCR030C	YDR032C
YER012W	YLR290C
YGR153W	YJL187C
YMR125W	YNL330C
YOR181W	YOR239W
YLR186W	YOR096W
YGR281W	YLR332W
YIR010W	YMR049C
YBL007C	YLR435W
YGR275W	YNL255C
YBL036C	YNL255C
YDL055C	YNL259C
YFR009W	YLR058C
YLL039C	YPL210C
YDL054C	YOR315W
YDR174W	YPR161C
YHR020W	YLR222C
YDL097C	YDR394W
YDR418W	YGL031C
YJL076W	YPL240C
YAL015C	YNL255C
YJL111W	YNL154C
YJR072C	YNL255C
YLR441C	YMR242C
YIR005W	YML049C
YHR156C	YHR165C
YCR106W	YPL240C
YDL083C	YOR096W
YKL048C	YOR233W
YBL003C	YDL014W
YGL031C	YNL069C
YBR048W	YKL180W
YBL092W	YBR031W
YBR010W	YDR059C
YHL009C	YOL100W
YHL033C	YIR010W
YGR067C	YGR135W
YAL005C	YIL026C
YCR091W	YOL104C
YER043C	YHR135C
YDL053C	YIR010W
YBR142W	YMR229C
YIL070C	YJR101W
YCL008C	YLL039C
YBR101C	YNL209W
YKL152C	YNL127W
YCR024C-A	YPL227C
YFL045C	YMR049C
YCR012W	YPL240C
YGR167W	YJR125C
YER002W	YGL237C
YGL129C	YNL255C
YHR157W	YLR329W
YLR287C-A	YNL069C
YDL014W	YJR145C
YDL055C	YJL034W
YKR022C	YPR101W
YGL245W	YPL074W
YFR004W	YLL013C
YAL005C	YNL209W
YNL183C	YPL239W
YGR256W	YLL039C
YCL011C	YFL039C
YGR186W	YGR274C
YDR331W	YJR158W
YLR022C	YLR424W
YKR026C	YMR241W
YBR211C	YDR394W
YHR052W	YKL180W
YJL107C	YJR091C
YDR365C	YKR081C
YHL032C	YPL004C
YOR358W	YPL248C
YGR274C	YPL235W
YHR041C	YPR168W
YIR037W	YLR345W
YBR137W	YDR335W
YNR053C	YOR063W
YEL019C	YLR383W
YDR429C	YER071C
YDL014W	YER164W
YGL237C	YIL070C
YBR107C	YPR049C
YGL147C	YOR063W
YKR092C	YOL012C
YHR099W	YPL181W
YGL190C	YJL014W
YGL207W	YHR135C
YMR308C	YMR314W
YDR129C	YGL092W
YDL064W	YJL092W
YAL053W	YDR032C
YLL039C	YOL120C
YGL137W	YPR124W
YDR383C	YPL018W
YDR251W	YJL052W
YIL091C	YJR002W
YDR063W	YDR124W
YGR268C	YLL039C
YDR418W	YPL249C-A
YDR247W	YDR416W
YFR004W	YGL234W
YDL098C	YMR268C
YAL005C	YMR109W
YLR025W	YNL255C
YDR529C	YHR114W
YDR224C	YDR303C
YBR142W	YNL061W
YMR203W	YNL121C
YHL048W	YNL130C
YNL154C	YNR019W
YHR135C	YJL039C
YBR107C	YGR161C
YDR130C	YJL177W
YIL070C	YPL141C
YCR012W	YLR438C-A
YIL035C	YMR229C
YLR192C	YMR146C
YGR056W	YMR091C
YBL104C	YEL062W
YGL222C	YOL149W
YDR330W	YGR268C
YBR267W	YNL255C
YKL012W	YNL255C
YIR010W	YPR190C
YAL005C	YBL075C
YNR049C	YPL232W
YHR169W	YIL125W
YHL007C	YOR113W
YER131W	YLR333C
YCR024C-A	YDR414C
YFR014C	YNL027W
YCR063W	YER013W
YFR004W	YMR186W
YIR026C	YPL265W
YLR182W	YMR227C
YGR192C	YKL060C
YGR085C	YOR096W
YGR056W	YMR033W
YAL005C	YDR388W
YER057C	YJL148W
YGL105W	YNL021W
YIR010W	YLR441C
YHR079C	YOR107W
YFR004W	YNL209W
YOR294W	YPR045C
YBL104C	YIR010W
YGR013W	YML046W
YGL237C	YGR155W
YMR068W	YOR233W
YLL039C	YOL130W
YKL012W	YML010W
YAL018C	YLR034C
YDL203C	YLL039C
YBL105C	YOL083W
YJL076W	YOL012C
YMR236W	YOR128C
YLL039C	YOR164C
YDL075W	YMR242C
YBL088C	YLR453C
YDL101C	YPL269W
YBR154C	YPR093C
YBR189W	YPR152C
YDR394W	YJR109C
YGL237C	YOR358W
YKL213C	YNL073W
YGL104C	YIL035C
YJL173C	YML032C
YDL111C	YOL142W
YBR247C	YPR102C
YIR007W	YJL130C
YGR116W	YIL035C
YGR274C	YMR236W
YDL014W	YDR496C
YJR123W	YNL055C
YEL017W	YNL293W
YBL051C	YPL235W
YBR079C	YJL014W
YDL057W	YLR098C
YCR084C	YPR168W
YBL022C	YKL016C
YBR142W	YLL045C
YBL045C	YLR008C
YDR335W	YPR008W
YKL042W	YOL091W
YDL055C	YPR010C
YIL034C	YLR274W
YJR104C	YNL020C
YFR010W	YGR232W
YJL039C	YNL209W
YGL076C	YLL045C
YDL097C	YGR232W
YDR365C	YMR229C
YFR004W	YHR020W
YGL014W	YOR276W
YIL035C	YNL330C
YHL048W	YOL003C
YJL092W	YMR201C
YDR383C	YOL100W
YBL039C	YJR123W
YKL057C	YOR098C
YJR112W	YKL089W
YJL039C	YLR249W
YJL084C	YNL307C
YJR105W	YPL141C
YML010W	YNL255C
YKL014C	YOR063W
YLL039C	YNL209W
YEL017C-A	YGR060W
YLR273C	YNL025C
YAL035W	YBR194W
YLR249W	YOR086C
YGR013W	YHR165C
YML057W	YPL240C
YLR222C	YNR054C
YFR052W	YGL095C
YDR200C	YMR052W
YHL033C	YOR096W
YMR031C	YNL154C
YDR172W	YPL237W
YBR109C	YNL202W
YDR100W	YGL006W
YKL170W	YOL027C
YDL207W	YOR361C
YNL004W	YNL112W
YKL053C-A	YLR168C
YIR010W	YNL166C
YOR063W	YPR051W
YDR190C	YOL012C
YDL014W	YER162C
YIL167W	YPL240C
YJR002W	YNR054C
YJL130C	YOL120C
YGR054W	YPL004C
YKR003W	YPL240C
YDR443C	YHR041C
YHR069C	YNL251C
YDR293C	YNL201C
YLL024C	YNR053C
YDR173C	YMR043W
YAL035W	YMR106C
YML032C	YNL312W
YIL159W	YMR109W
YNL044W	YNL093W
YBL102W	YGR068C
YLR003C	YNL255C
YDR392W	YER164W
YLL039C	YMR307W
YEL030W	YLL039C
YJR101W	YJR113C
YOR035C	YOR326W
YDR330W	YNL154C
YDR212W	YGL208W
YJL057C	YLR181C
YDR012W	YOR063W
YDR331W	YLR088W
YDR507C	YPL058C
YLR116W	YPL105C
YGL031C	YNL124W
YDL014W	YJL069C
YNL002C	YNR053C
YHR052W	YML065W
YLR333C	YML065W
YDR101C	YKL186C
YBL003C	YJR068W
YGR159C	YNL124W
YAL024C	YMR261C
YDR212W	YJL106W
YIL149C	YML107C
YIL035C	YMR036C
YNL255C	YPL240C
YGL237C	YJL081C
YBR223C	YGL082W
YDR026C	YNL113W
YGL181W	YNL289W
YDL002C	YFL033C
YDR414C	YOR254C
YKR081C	YLR427W
YFR031C-A	YJL177W
YGL198W	YLR262C
YBR035C	YFL033C
YBR079C	YLR048W
YDL012C	YJL065C
YNL330C	YOL006C
YGL066W	YHR099W
YGR185C	YNR043W
YDL105W	YEL019C
YJL057C	YPL233W
YFL045C	YOL062C
YHR114W	YPR052C
YLR450W	YMR022W
YDR507C	YMR110C
YLR132C	YNL307C
YEL009C	YPR086W
YDL204W	YGL137W
YGL179C	YNL277W
YDL047W	YLR384C
YDR233C	YIL068C
YKL067W	YMR143W
YDR116C	YLR439W
YGR274C	YPL167C
YGR142W	YNL263C
YHR102W	YLR368W
YDR142C	YGR184C
YJR076C	YPL018W
YCL054W	YHR052W
YCR012W	YER146W
YMR056C	YNR056C
YAR007C	YFL013C
YDR297W	YIL016W
YCL014W	YML010W
YDL101C	YDR032C
YBR010W	YGR056W
YHR078W	YMR150C
YFR004W	YPR074C
YBL042C	YNL121C
YDR479C	YIL030C
YDR135C	YLR425W
YEL034W	YHR166C
YBR264C	YER136W
YBR239C	YHR016C
YNL154C	YPL181W
YBL003C	YDR190C
YDR170C	YJL091C
YHR041C	YKR062W
YJL157C	YPR120C
YMR049C	YOR233W
YAL034W-A	YHR135C
YGL245W	YIL095W
YDL005C	YGR104C
YLR370C	YNL243W
YDR224C	YKR048C
YGR274C	YKL201C
YNL255C	YOL096C
YGR108W	YPR119W
YDL101C	YER064C
YBR194W	YHR174W
YKR022C	YML106W
YDR308C	YPL248C
YBL007C	YBR234C
YNR019W	YPL240C
YAL005C	YFR004W
YER118C	YOR254C
YCR091W	YDL039C
YFR004W	YGR123C
YDR318W	YIR010W
YDL053C	YHR135C
YDR224C	YDR334W
YDL005C	YPR168W
YJL107C	YNL255C
YDR012W	YIR010W
YGR263C	YMR070W
YJR002W	YMR229C
YHR166C	YPR119W
YDL060W	YPL090C
YEL030W	YJL138C
YOR174W	YPL248C
YDR342C	YKR026C
YHR114W	YNL154C
YBR154C	YGL070C
YBR010W	YDR174W
YER179W	YNL055C
YER094C	YMR314W
YER064C	YMR068W
YER041W	YPR120C
YHR188C	YPL076W
YLR182W	YOR083W
YER172C	YMR017W
YGL116W	YGR225W
YGL180W	YNL027W
YLL039C	YLR241W
YBR267W	YFR014C
YER178W	YFR004W
YBL093C	YER022W
YJR002W	YMR093W
YKR048C	YOR032C
YDR124W	YIL093C
YJL092W	YLR429W
YKL160W	YLR219W
YDR411C	YIL030C
YGR275W	YMR194W
YHR135C	YNL007C
YDL212W	YLL061W
YKL193C	YPL174C
YDR032C	YLL024C
YBR109C	YDR032C
YDL006W	YHL007C
YDR314C	YLR429W
YBR194W	YGR132C
YDR378C	YMR221C
YDR087C	YGR068C
YKL150W	YPR154W
YIL118W	YOR326W
YFL024C	YJL081C
YAL027W	YML032C
YIL070C	YOR119C
YNL112W	YOR063W
YLR248W	YNL074C
YGL147C	YIR010W
YLL039C	YNL208W
YKR048C	YOL012C
YBR154C	YPR190C
YMR109W	YNL025C
YDR334W	YLR085C
YBL016W	YMR235C
YHR135C	YNL125C
YFR004W	YOR251C
YER136W	YFL038C
YMR201C	YNL255C
YDR237W	YNL252C
YHR156C	YJL187C
YDR471W	YLL045C
YNL130C	YNL336W
YBR010W	YLR141W
YJL030W	YOR276W
YBL005W	YCR088W
YAL030W	YPL232W
YDR507C	YLR345W
YCR060W	YPL240C
YFR031C-A	YHL033C
YBL003C	YOR116C
YDR170C	YGR229C
YDR388W	YFR030W
YDR285W	YLR394W
YBR059C	YGL105W
YGL233W	YIL068C
YDL165W	YDR443C
YHR052W	YHR197W
YGR185C	YHR196W
YGR275W	YMR033W
YDR479C	YGL065C
YMR229C	YOR341W
YDR106W	YHR129C
YLR170C	YPL259C
YGL180W	YKL160W
YLR084C	YLR353W
YER172C	YLR117C
YDL200C	YDR214W
YLL039C	YLR134W
YBL092W	YGL147C
YDR238C	YFR004W
YBR200W	YJL157C
YLR075W	YPR161C
YDR439W	YML034W
YER022W	YGL070C
YBR031W	YDR418W
YDL002C	YGL150C
YDL227C	YLL013C
YIL016W	YMR215W
YHR016C	YJL151C
YMR117C	YOL034W
YDR471W	YMR242C
YDR372C	YDR523C
YLL039C	YNR043W
YLR310C	YNL116W
YEL017W	YFR014C
YLL036C	YNL286W
YDL133W	YNL255C
YDR497C	YHR076W
YDR273W	YJL057C
YDR162C	YHL007C
YGR052W	YLR072W
YLR330W	YMR010W
YKL122C	YKL129C
YOL012C	YPL127C
YNL096C	YPL240C
YGR054W	YIR010W
YDL101C	YJL092W
YFL039C	YPL240C
YEL034W	YNL209W
YKL042W	YNL225C
YDL075W	YDR012W
YDL099W	YOL100W
YGL090W	YLR265C
YBR048W	YGL076C
YHR079C	YOR113W
YKL116C	YMR052W
YAL005C	YIL075C
YBR048W	YMR229C
YIL097W	YMR135C
YKL065C	YOR254C
YNR047W	YOR353C
YDL052C	YML115C
YDR471W	YPL249C-A
YIL159W	YLR310C
YNL255C	YPL134C
YJL048C	YKL213C
YDR364C	YER013W
YCR030C	YJL098W
YAL024C	YOR133W
YER103W	YNL124W
YDL099W	YHR135C
YBR079C	YLR199C
YDR507C	YIR008C
YGR187C	YNL255C
YLR423C	YLR424W
YFR004W	YLR304C
YLR312W-A	YML065W
YKL054C	YOL012C
YBR010W	YML102W
YLR298C	YOR159C
YDR028C	YKL193C
YIL035C	YIL118W
YCL045C	YKL207W
YBL022C	YML029W
YDL088C	YLR018C
YER178W	YGL137W
YIR010W	YPL081W
YDR217C	YML032C
YBR106W	YHR007C
YER022W	YOL135C
YGL011C	YPL144W
YBL072C	YOR063W
YDL074C	YOR365C
YNR022C	YPL240C
YOL128C	YPL201C
YLL045C	YML065W
YGL207W	YJL047C
YDR388W	YJL102W
YGL121C	YMR048W
YDL156W	YJL014W
YLL039C	YOR038C
YEL012W	YPL141C
YDR167W	YMR223W
YNL255C	YOL120C
YDR404C	YER022W
YDR247W	YLR003C
YGL179C	YGR153W
YJR065C	YMR028W
YJR145C	YOR204W
YFR001W	YMR142C
YDR501W	YLR248W
YBL038W	YDR237W
YER118C	YLR425W
YDL101C	YEL017W
YDR331W	YPR192W
YMR146C	YOL087C
YGR126W	YNL307C
YKL152C	YMR109W
YIR010W	YLR321C
YIL107C	YOR116C
YHR115C	YLL039C
YIR010W	YOR038C
YLL039C	YMR033W
YAL034W-A	YGL086W
YHR081W	YOR076C
YOR187W	YPR052C
YFL005W	YNL255C
YCL014W	YGL180W
YGL207W	YNL124W
YKL216W	YNL255C
YCR004C	YDR032C
YKL014C	YNL061W
YCL037C	YJR145C
YFL021W	YPL240C
YGR097W	YMR304W
YGR123C	YPL240C
YDR026C	YHL007C
YMR117C	YOR358W
YKL180W	YLR406C
YMR154C	YOL016C
YBR119W	YHR086W
YBL038W	YMR193W
YER047C	YMR109W
YCL056C	YDL157C
YDR101C	YHR052W
YLR075W	YNL124W
YGL031C	YPL249C-A
YDR158W	YFR004W
YLR075W	YOR096W
YEL062W	YKL048C
YBR059C	YGR135W
YFL005W	YOR326W
YNL112W	YNL209W
YER179W	YPL121C
YNL175C	YNL255C
YDR303C	YLR357W
YER095W	YKL104C
YHR086W	YML046W
YMR024W	YNL185C
YFR009W	YPL235W
YDR365C	YKL104C
Q0130	YKL016C
YBL003C	YPL001W
YIL095W	YLR460C
YGR232W	YOR261C
YBR154C	YKL144C
YAL010C	YPL235W
YCL025C	YPR198W
YBR189W	YNL255C
YGL207W	YMR041C
YLL039C	YMR087W
YMR143W	YMR194W
YIL142W	YKL198C
YBR107C	YPL018W
YBR066C	YCR082W
YJR068W	YNL290W
YDR224C	YGL058W
YPL237W	YPR041W
YGR003W	YOR326W
YDR240C	YML046W
YBR288C	YLL039C
YAL038W	YFL045C
YFR046C	YMR117C
YLL026W	YOL013C
YDR002W	YLR293C
YJL106W	YNL073W
YLL039C	YMR105C
YGL147C	YPL249C-A
YDR224C	YNL201C
YNL069C	YNL096C
YBR274W	YOR341W
YAL013W	YNL330C
YDR412W	YOL041C
YBR253W	YGR252W
YDR388W	YMR192W
YAL005C	YOL149W
YCR053W	YJR007W
YGR060W	YPR192W
YEL061C	YNR069C
YCR028C	YOR254C
YDL111C	YGR195W
YBL052C	YLR455W
YCL056C	YOR037W
YKL058W	YPR086W
YJL057C	YMR192W
YFR004W	YGR234W
YDL101C	YMR105C
YER026C	YMR215W
YBL020W	YGL011C
YHR041C	YOR174W
YBR079C	YJL140W
YIR010W	YMR033W
YBR221C	YPL151C
YDR226W	YNL154C
YDL014W	YDL168W
YDR211W	YNL265C
YDR412W	YLR059C
YIL071C	YJR007W
YCL008C	YLR417W
YHL007C	YOR028C
YGL076C	YOR096W
YGL112C	YPL047W
YDR388W	YOR181W
YDR471W	YFR014C
YIL027C	YJR117W
YGL059W	YLL029W
YHR195W	YIL048W
YOR095C	YOR160W
YBR237W	YHR059W
YBR186W	YHR104W
YKL166C	YPL232W
YBR211C	YLR381W
YDR429C	YOR096W
YML091C	YOR355W
YER179W	YLR044C
YDR207C	YOR304W
YIR010W	YOL040C
YDR439W	YIR010W
YKL114C	YNL255C
YKL185W	YNL330C
YGR013W	YMR125W
YDR214W	YDR523C
YDR429C	YPL105C
YNL069C	YOR063W
YCR060W	YNL255C
YJL106W	YPR032W
YJL025W	YLR423C
YBL002W	YGR275W
YDL159W	YDR162C
YKL010C	YLL039C
YBR285W	YNL154C
YKL028W	YLL039C
YBR031W	YIR010W
YKL057C	YLR208W
YMR229C	YMR242C
YML081C-A	YPR020W
YDL212W	YHR094C
YMR024W	YNL005C
YBR198C	YGL112C
YJR121W	YNL313C
YDR479C	YMR024W
YEL024W	YGR112W
YBR247C	YPR112C
YLR441C	YOR063W
YKL104C	YOL120C
YBR109C	YLR288C
YLL013C	YLL039C
YBR189W	YDL083C
YBL003C	YLR274W
YML064C	YOR284W
YGL058W	YGR184C
YAL005C	YOR086C
YBR023C	YLR330W
YGR194C	YNL265C
YFL026W	YGL206C
YBL102W	YLR453C
YDR190C	YML064C
YDR101C	YFR031C-A
YJL138C	YOL045W
YPL127C	YPL248C
YBR130C	YNL154C
YGL189C	YLR435W
YGL179C	YKR092C
YDR174W	YLR429W
YJL057C	YJR076C
YBR194W	YML049C
YBR241C	YLL039C
YOR254C	YPL264C
YDR137W	YNL044W
YDL055C	YKL067W
YMR240C	YPR152C
YFR049W	YIL125W
YDR331W	YKL065C
YAL053W	YKL028W
YOL016C	YOL128C
YJR123W	YOR204W
YBL003C	YBR247C
YDL055C	YLL045C
YKR026C	YPL237W
YBR109C	YGR253C
YCR088W	YHR199C
YDR416W	YGR129W
YDR172W	YOL011W
YHR037W	YLL039C
YGL104C	YGL212W
YKL166C	YNL093W
YAL034W-A	YPL125W
YDR365C	YOR294W
YBR142W	YMR242C
YFR014C	YGL039W
YKL166C	YKR072C
YGL059W	YGR266W
YFR004W	YJR070C
YAR027W	YJL097W
YFR036W	YGL116W
YMR024W	YNL255C
YDL031W	YMR049C
YLR201C	YML110C
YHR137W	YLL039C
YBR106W	YGL055W
YBR203W	YKR048C
YGL092W	YKL186C
YCR066W	YLR438C-A
YDR162C	YKR048C
YGR195W	YOL142W
YHL007C	YMR049C
YDL047W	YFR040W
YNL044W	YOR089C
YJR002W	YOR096W
YFR004W	YKR018C
YDL137W	YFR004W
YAR018C	YIL070C
YHR094C	YPL265W
YEL054C	YER012W
YDR246W	YML077W
YLR117C	YMR240C
YLR271W	YMR106C
YDL226C	YJL151C
YER054C	YKL085W
YGL031C	YGR085C
YJR053W	YMR055C
YBL072C	YDL083C
YJL187C	YNL066W
YDR212W	YGL116W
YLR015W	YLR429W
YBR010W	YLR399C
YCR024C-A	YDR331W
YIL035C	YOR039W
YDR123C	YJL168C
YDR073W	YMR033W
YDR130C	YGR192C
YKR080W	YLL039C
YGL059W	YNL263C
YDL212W	YPL076W
YDL067C	YHR051W
YHR023W	YLR274W
YJL148W	YOL006C
YDR404C	YJL014W
YJL091C	YPL076W
YDR224C	YER012W
YBL003C	YMR284W
YDR318W	YKL089W
YGL058W	YPR103W
YDR507C	YJR076C
YJL151C	YLL039C
YCR012W	YLL039C
YLR406C	YNL255C
YPL127C	YPR052C
YGR082W	YMR203W
YDL030W	YNL210W
YER094C	YGR135W
YIR010W	YNL112W
YEL018W	YJL014W
YHR119W	YML065W
YDR293C	YGR054W
YEL062W	YJR090C
YGL147C	YJL177W
YIL075C	YJL057C
YLR423C	YPL173W
YJL187C	YKR092C
YBR038W	YNL307C
YER122C	YIL035C
YLR249W	YOR123C
YHR197W	YLR423C
YDL239C	YLR098C
YBR059C	YFR004W
YJR065C	YLR370C
YBL105C	YCL027W
YJR123W	YMR194W
YBR216C	YLL039C
YBR274W	YGR200C
YDR097C	YFL013C
YHR171W	YMR183C
YFR004W	YOR294W
YJL140W	YML010W
YDR226W	YGR092W
YBL002W	YOL012C
YBR202W	YPR019W
YJL029C	YKR020W
YCR073C	YDR170C
YGR158C	YHR069C
YER013W	YNL154C
YKL140W	YLR144C
YBR031W	YBR247C
YER034W	YGL180W
YGL200C	YLR208W
YJR056C	YPL018W
YBR102C	YPR055W
YIL114C	YMR203W
YLL039C	YPR109W
YLL013C	YPR152C
YDR100W	YER101C
YGR244C	YOR142W
YDR244W	YGR077C
YFR004W	YJR072C
YER164W	YOL148C
YHR216W	YLR427W
YGL190C	YKL042W
YCR088W	YPL115C
YBL064C	YLR318W
YJL162C	YNL154C
YDL014W	YDR130C
YEL039C	YFR004W
YKR022C	YLR424W
YDR035W	YOR230W
YHR168W	YKL166C
YDL223C	YHR135C
YAL005C	YOR164C
YJL029C	YJL034W
YDR416W	YPR101W
YBR189W	YCL011C
YBR112C	YLL039C
YCL048W	YPL240C
YLR293C	YMR235C
YPL227C	YPL264C
YLL036C	YOR148C
YBR010W	YGL131C
YGL163C	YKL085W
YCL034W	YOR181W
YHL008C	YLL039C
YDR194C	YNL175C
YLL039C	YNL281W
YJL036W	YLR424W
YKL110C	YLR384C
YLR399C	YMR227C
YBR146W	YMR158W
YDR383C	YGR179C
YGL116W	YHR166C
YLR312W-A	YLR439W
YLR321C	YPR034W
YAL005C	YMR066W
YBL002W	YPR190C
YBR267W	YNL227C
YGL216W	YMR233W
YHR161C	YPL077C
YDL141W	YEL026W
YDR388W	YHR042W
YBR109C	YOR039W
YBL072C	YKL180W
YNL027W	YOL128C
YGR078C	YOL100W
YBL059W	YGL070C
YGR048W	YKL042W
YDR130C	YDR318W
YBL016W	YOL130W
YMR142C	YNL255C
YOL021C	YOR116C
YDR482C	YPR101W
YDR091C	YOR176W
YDR224C	YPL047W
YMR236W	YOL148C
YOL082W	YPL135W
YDR080W	YLR248W
YLR048W	YNL124W
YBR059C	YER144C
YOR071C	YOR153W
YDL083C	YKL180W
YLR441C	YNL255C
YDR378C	YMR268C
YBR018C	YER123W
YLR447C	YOL018C
YGR167W	YLR170C
YER131W	YIL070C
YCR053W	YOL013C
YDL237W	YLL039C
YBL102W	YOR036W
YDR129C	YOR181W
YBR031W	YLL039C
YDR303C	YMR186W
YKR006C	YNL005C
YJL098W	YPL180W
YNL263C	YOR089C
YOL145C	YOR123C
YBR237W	YDR073W
YGL076C	YHR052W
YJL044C	YKR068C
YLL039C	YNL313C
YLL039C	YPL265W
YDR129C	YDR388W
YGL207W	YKR062W
YGR195W	YOR326W
YKL180W	YMR031C
YBR193C	YPR168W
YKL186C	YLL039C
YGR075C	YHR165C
YGL055W	YML065W
YGR092W	YOL012C
YLL039C	YPL045W
YDL175C	YNL251C
YIL045W	YIL070C
YGR214W	YNL297C
YDR497C	YLL039C
YNL097C	YNL154C
YKR048C	YOR230W
YDR496C	YGL076C
YER118C	YFL062W
YAL047C	YDR439W
YER012W	YGL096W
YFL039C	YGR080W
YLR377C	YMR186W
YDR174W	YFR013W
YDR123C	YPL248C
YDR247W	YIL156W
YHR086W	YLR298C
YGR258C	YPL141C
YEL054C	YPR102C
YML110C	YNL263C
YDL001W	YIL095W
YDR028C	YLR028C
YAL016W	YPL090C
YHR165C	YKR022C
YDL014W	YOL102C
YBR023C	YDR153C
YER145C	YHR094C
YGL187C	YML042W
YGR007W	YNL255C
YHR135C	YPL240C
YEL026W	YMR014W
YHR135C	YNL025C
YJL129C	YNL175C
YHR197W	YMR242C
YIL135C	YPL026C
YDR101C	YER036C
YFR014C	YJR072C
YNL255C	YNL290W
YDR153C	YGL180W
YJL130C	YJR109C
YER178W	YMR308C
YBL067C	YNL255C
YGR113W	YKL052C
YEL034W	YJR070C
YBR230C	YNL121C
YGR148C	YLL045C
YBR048W	YFR031C-A
YJR006W	YOL100W
YDR100W	YDR238C
YNR053C	YOR294W
YDR174W	YFL024C
YLL039C	YLR220W
YLR429W	YMR229C
YIL070C	YIL093C
YDL064W	YLR394W
YDR214W	YLL039C
YDR375C	YMR203W
YER162C	YGL150C
YFR031C-A	YNL302C
YDL065C	YJL057C
YKL082C	YNL255C
YDR172W	YPR152C
YBL005W	YBR200W
YGL127C	YNR010W
YER089C	YIL033C
YDL097C	YEL009C
YDR388W	YPR161C
YIL078W	YNL255C
YGL137W	YLR260W
YLR438C-A	YOR159C
YIL070C	YLR429W
YGR187C	YOR133W
YGL179C	YLR030W
YHR135C	YKR022C
YEL034W	YLL045C
YGL147C	YGR232W
YGL006W	YLL048C
YNL138W	YOR087W
YDR087C	YOL127W
YJL106W	YPR067W
YEL034W	YHR135C
YHR135C	YPR115W
YIL075C	YLL039C
YBL002W	YGL150C
YGL031C	YMR194W
YDL239C	YMR117C
YAL027W	YPL004C
YDR171W	YLR304C
YGR167W	YNR031C
YBR227C	YML064C
YLR117C	YPL151C
YFR004W	YOR026W
YBR010W	YBR274W
YLR345W	YMR261C
YIL095W	YOR093C
YOL006C	YPR190C
YDR260C	YNL172W
YER072W	YPL019C
YDL226C	YLL039C
YNL255C	YPL266W
YDL019C	YGL137W
YGL206C	YKR026C
YDL085W	YLL039C
YNL154C	YOR295W
YLR433C	YNL255C
YGL086W	YIR010W
YDL075W	YFR031C-A
YDR412W	YDR471W
YLR304C	YOR005C
YFR004W	YOR239W
YER105C	YGL201C
YGL223C	YLR423C
YOR361C	YPL051W
YBR079C	YOR039W
YDR129C	YJR066W
YAL035W	YHR052W
YFR004W	YNL287W
YMR297W	YOL013C
YJL125C	YJR066W
YDR429C	YEL034W
YPL240C	YPR112C
YBR097W	YFL053W
YIL135C	YNL307C
YCL037C	YLR369W
YKL014C	YLR276C
YDR297W	YLR350W
YGR097W	YPR152C
YDL083C	YGR085C
YLL004W	YPR018W
YBL003C	YLR357W
YEL009C	YOR023C
YBR280C	YEL060C
YBR031W	YKL166C
YER054C	YPR160W
YFR031C-A	YLR287C-A
YBL010C	YNL255C
YJR056C	YML064C
YNL099C	YOR294W
YMR049C	YOL012C
YDR388W	YGL181W
YHR169W	YMR105C
YJL177W	YPL249C-A
YBL016W	YLR394W
YJR003C	YLR423C
YDR172W	YML005W
YLR109W	YOL059W
YER165W	YGR159C
YLL039C	YMR008C
YJL177W	YLR287C-A
YHR052W	YNR053C
YBR211C	YPL018W
YHR065C	YNR054C
YDL005C	YHR041C
YJR053W	YOR233W
YGR155W	YJL173C
YBL003C	YDR224C
YKR028W	YLL039C
YAR027W	YGR284C
YOR035C	YPL240C
YDR087C	YER002W
YFL049W	YNR023W
YJL177W	YOL127W
YHR135C	YOL130W
YAL015C	YEL030W
YJL092W	YJL157C
YBR222C	YFR004W
YAL048C	YOR284W
YGL111W	YHR052W
YBL039C	YJL177W
YGL026C	YLL039C
YMR242C	YOR234C
YDR380W	YIL034C
YNL044W	YOL018C
YFR004W	YMR099C
YDL098C	YLL036C
YBR049C	YOL006C
YBL075C	YLL039C
YGL092W	YOR160W
YDR427W	YIL075C
YIL035C	YMR154C
YHR016C	YLR064W
YFR031C-A	YOR096W
YBR010W	YOL006C
YHR114W	YLR064W
YEL054C	YFR031C-A
YOL082W	YOR231W
YJR066W	YKR097W
YKR025W	YOR116C
YDR171W	YOL147C
YMR071C	YOR326W
YML113W	YNL255C
YGL180W	YPR091C
YEL051W	YNL255C
YLR293C	YOL021C
YIL062C	YNL073W
YDR482C	YOR148C
YLR333C	YNL255C
YGL223C	YJL036W
YBR267W	YGR148C
YMR112C	YOL135C
YBR072W	YNL064C
YML094W	YOL076W
YJR047C	YOL128C
YDL101C	YJL111W
YDL110C	YKL015W
YFL022C	YMR284W
YGL031C	YGR214W
YCR007C	YKR066C
YBR031W	YGL031C
YFR010W	YLR429W
YGL137W	YIL094C
YFR010W	YGL141W
YLL039C	YLR429W
YIL070C	YOR326W
YDR038C	YJR066W
YLR075W	YNL301C
YBL093C	YLR071C
YKL015W	YOR231W
YDR335W	YJL157C
YKL019W	YOL135C
YDR207C	YNL307C
YLR222C	YPL126W
YKL180W	YLL045C
YIR035C	YPL001W
YBR119W	YLL036C
YGR200C	YPL101W
YBL075C	YNL124W
YMR140W	YMR216C
YEL001C	YGR126W
YML010W	YNL262W
YJR019C	YLL039C
YJR066W	YNL138W
YLR276C	YNL255C
YML100W	YMR261C
YGR192C	YNL255C
YGR268C	YOR124C
YJL014W	YOR281C
YGR060W	YPR028W
YIL035C	YOR295W
YLL023C	YMR292W
YLR381W	YOL054W
YIL035C	YIL084C
YJL036W	YLL039C
YDR301W	YNL317W
YLL024C	YPL240C
YLR449W	YOL012C
YNL255C	YOR234C
YEL064C	YGL212W
YNL255C	YOR095C
YDR394W	YMR216C
YDL075W	YMR194W
YML010W	YOR341W
YBL072C	YLL039C
YDL047W	YGL246C
YCR063W	YNL252C
YAL005C	YAR002W
YGR275W	YNR023W
YBR207W	YLR342W
YKL095W	YLR117C
YKL065C	YLR018C
YAL038W	YPR010C
YMR117C	YPR145W
YBL023C	YBR202W
YHR196W	YPL266W
YER089C	YOR230W
YDL217C	YOR297C
YGR120C	YPR191W
YGR222W	YNR045W
YBL038W	YOR204W
YNL069C	YOL120C
YJR113C	YNL081C
YBL016W	YNR019W
YDR142C	YDR244W
YHR199C	YLR427W
YGL225W	YIR033W
YHR190W	YOR075W
YBR236C	YML010W
YDR496C	YNL175C
YFR004W	YGR186W
YGR048W	YPL222W
YDR331W	YGR284C
YBR200W	YIL068C
YBR031W	YNL255C
YKR018C	YNR029C
YAL034C	YJR123W
YBR237W	YMR125W
YDR322W	YMR193W
YDR116C	YDR237W
YLL039C	YML100W
YHL010C	YKR017C
YNL002C	YOL127W
YER002W	YHR052W
YGL105W	YHR135C
YJL179W	YLR424W
YDR035W	YFR004W
YDR308C	YNL255C
YNL022C	YNL255C
YNL113W	YOR340C
YER122C	YPL141C
YMR186W	YNL127W
YFR004W	YPR010C
YCL010C	YNL255C
YOR191W	YPL269W
YGR202C	YOR181W
YER146W	YGR210C
YER101C	YMR071C
YLL039C	YPL079W
YBR011C	YFR031C-A
YGL116W	YJL030W
YAL027W	YDL014W
YBL102W	YIL048W
YGL212W	YPL045W
YLR018C	YPR028W
YGL180W	YGR159C
YBL007C	YGL104C
YBR107C	YDR383C
YER012W	YER103W
YDR116C	YMR024W
YDR299W	YLR186W
YFL045C	YLL039C
YJL047C	YPL216W
YBL007C	YGL201C
YJL057C	YNL112W
YDR032C	YKR003W
YDR177W	YGR229C
YAL005C	YFR010W
YGR252W	YMR227C
YJR123W	YMR093W
YER002W	YML065W
YBR059C	YLL039C
YHR052W	YNL002C
YIL125W	YMR235C
YMR143W	YNL255C
YFL034W	YHR135C
YNL201C	YOL016C
YAR007C	YJL173C
YKR048C	YLR330W
YJR117W	YMR215W
YOR340C	YPR010C
YDR300C	YNL255C
YAL053W	YMR238W
YGL076C	YPL220W
YBL002W	YOR304W
YCL008C	YGR206W
YJL014W	YNL243W
YGR229C	YNL238W
YMR022W	YNL255C
YJL178C	YPL246C
YDR293C	YLR022C
YIR017C	YNL255C
YDR167W	YGR274C
Q0085	YOL027C
YDR412W	YPR119W
YEL023C	YJL052W
YGR092W	YOR317W
YAL018C	YDR331W
YJL092W	YLR265C
YDR416W	YKR086W
YBR031W	YDR012W
YGR192C	YLR039C
YML065W	YMR143W
YDR357C	YGL079W
YDL207W	YJL039C
YER012W	YHR174W
YGR075C	YLL036C
YAL016W	YNR032W
YDR479C	YNL263C
YDR378C	YLR053C
YJR065C	YOR181W
YKL006W	YNL255C
YGL206C	YGR167W
YER123W	YMR036C
YDL100C	YML101C
YBR193C	YER012W
YKL114C	YLR248W
YLR333C	YPL004C
YDR388W	YLR381W
YKR081C	YMR123W
YGL180W	YGL208W
YBL023C	YDR013W
YNL029C	YPR041W
YER020W	YPL268W
YER022W	YGL127C
YBR079C	YLL039C
YDR028C	YNL209W
YDL199C	YOR037W
YNL255C	YPL090C
YDR361C	YNL289W
YHR216W	YML056C
YBL002W	YNL255C
YFR004W	YPL218W
YBR079C	YMR146C
YBL061C	YGL180W
YBR049C	YOR340C
YBL072C	YDR324C
YJL030W	YOL116W
YMR109W	YNR059W
YGR186W	YNL124W
YDR308C	YMR112C
YBR253W	YNL025C
YKL068W	YMR129W
YGL237C	YNR031C
YJR154W	YPL001W
YBR199W	YPL240C
YLL031C	YLR350W
YER165W	YLL013C
YGL134W	YML091C
YOR123C	YPL141C
YDR244W	YLL039C
YHL033C	YLR075W
YDR457W	YGR052W
YDR288W	YOR352W
YER134C	YHR171W
YLR441C	YNL301C
YDL226C	YGL198W
YFR004W	YNR001C
YGL150C	YML065W
YBR119W	YML046W
YJL019W	YNL029C
YJR076C	YOR191W
YDR162C	YPL180W
YAR027W	YMR071C
YLR007W	YLR383W
YGL059W	YPL240C
YFR004W	YKL112W
YCR030C	YOL016C
YGR104C	YPL248C
YFL024C	YHR099W
YLL039C	YPL160W
YDR137W	YMR146C
YOL040C	YOL127W
YGR252W	YLR333C
YIL084C	YJL036W
YDL111C	YGR158C
YLR439W	YOL027C
YBR109C	YFR004W
YAL005C	YPR135W
YGL242C	YKL035W
YAL034W-A	YPL018W
YNL076W	YOR326W
YKL089W	YPL233W
YDR240C	YHR086W
YGL190C	YIL142W
YBR042C	YLR170C
YGR214W	YPL235W
YAL005C	YOL006C
YDL102W	YJR043C
YNL208W	YNL255C
YMR242C	YOR096W
YAR002W	YMR129W
YGR131W	YNL172W
YDR388W	YNL103W
YCR063W	YER165W
YLL039C	YML013W
YBL016W	YER122C
YJL076W	YKL001C
YBR194W	YMR246W
YDR162C	YNL255C
YFR031C-A	YHR085W
YBR018C	YKL108W
YCR042C	YGR274C
YLL026W	YPR062W
YMR194W	YOR096W
YBR079C	YLR192C
YBL078C	YOR100C
YLL039C	YLR421C
YHR196W	YJR002W
YDR388W	YOR047C
YER145C	YPL058C
YER040W	YJR066W
YBR237W	YGL181W
YHR063C	YLL039C
YDR100W	YMR024W
YGR085C	YMR194W
YBR031W	YER012W
YKL135C	YLR170C
YNL148C	YNL183C
YCL032W	YLR423C
YBR109C	YFL039C
YEL026W	YHR161C
YHL042W	YNL003C
YDR335W	YLR182W
YDL212W	YNL238W
YBL007C	YJL151C
YLL036C	YLR298C
YBR079C	YBR194W
YDL014W	YHR196W
YFL039C	YNL218W
YFR004W	YNL121C
YGR187C	YLL039C
YLR424W	YML049C
YJR112W	YOR326W
YLL039C	YOL016C
YJR090C	YLL039C
YOL108C	YOR344C
YBR119W	YBR130C
YBL003C	YMR091C
YFR052W	YOR261C
YER095W	YPR010C
YBL007C	YNL020C
YDL116W	YJL039C
YNL022C	YPL026C
YBR247C	YPL266W
YER026C	YFR004W
YDR405W	YMR024W
YDR130C	YPR120C
YBR109C	YOR127W
YIL094C	YKL010C
YGR085C	YOR294W
YGL058W	YPL248C
YBR010W	YPR018W
YIL035C	YJL076W
YGL031C	YOR063W
YHR085W	YMR242C
YKL067W	YML064C
YBR080C	YGL137W
YDR265W	YPL240C
YJR068W	YJR109C
YHL033C	YLR441C
YDR365C	YNL002C
YER111C	YPR119W
YFR011C	YNL113W
YIR010W	YOR361C
YGL200C	YIL016W
YEL056W	YPL001W
YBR109C	YGL063W
YER013W	YPL151C
YBR058C	YLR377C
YLR022C	YNL163C
YIR010W	YLR381W
YDR408C	YLL039C
YDR284C	YKR088C
YBR254C	YPL235W
YLR433C	YNL085W
YCL011C	YNL112W
YLR109W	YMR022W
YGL179C	YLR257W
YFL013C	YLR399C
YDR388W	YIL033C
YGR252W	YKL060C
YDL002C	YLR357W
YLL039C	YMR235C
YDR172W	YPR119W
YBR194W	YLR072W
YDR118W	YFR036W
YGR092W	YKR022C
YDR299W	YPL126W
YGR126W	YHR135C
YLR408C	YNL086W
YBR106W	YHL042W
YNL061W	YPL009C
YEL054C	YHR052W
YGL059W	YLL038C
YDL083C	YNL255C
YFR014C	YGL143C
YHR114W	YIR023W
YJL130C	YPL020C
YNL064C	YOR197W
YLR441C	YML065W
YBR273C	YNL307C
YHR110W	YNL130C
YJL039C	YOR098C
YBL003C	YER147C
YBR247C	YLL011W
YBR146W	YJR101W
YGR284C	YLL023C
YDR091C	YPL220W
YLL039C	YOR337W
YAL035W	YMR229C
YCR030C	YIR010W
YNL255C	YOR148C
YDL116W	YDL207W
YGR252W	YPL047W
YBR130C	YGL180W
YMR246W	YPR152C
YGR048W	YML023C
YNL136W	YNL246W
YLL024C	YMR186W
YLL039C	YPL026C
YDL083C	YNL301C
YKL065C	YPR198W
YLL024C	YMR091C
YER047C	YOL034W
YCL014W	YPL240C
YBR048W	YLR287C-A
YML074C	YOL012C
YBL003C	YJL130C
YKL002W	YLR025W
YDR227W	YPL248C
YAL035W	YNL255C
YBR247C	YDL014W
YBR048W	YJR123W
YDR002W	YKR048C
YNL055C	YNL085W
YER172C	YPR101W
YBR223C	YLR429W
YDR361C	YMR021C
YBL016W	YER020W
YHR080C	YPL240C
YGL059W	YKR092C
YGR085C	YOR290C
YGL051W	YGR060W
YER164W	YGL112C
YDR364C	YDR482C
YDL212W	YPL265W
YLR276C	YOR063W
YBR031W	YNL096C
YDL022W	YFR004W
YBR072W	YJL047C
YLR424W	YPR101W
YJL084C	YJR005W
YOL120C	YPR041W
YBR142W	YLR276C
YFL049W	YMR033W
YLL039C	YNL229C
YDR237W	YNL255C
YGR275W	YMR091C
YAR007C	YOR038C
YBL007C	YFR013W
YDR412W	YGL147C
YBR031W	YLR287C-A
YER123W	YLL024C
YPL269W	YPR120C
YDR335W	YFL037W
YLR449W	YMR242C
YDR152W	YGR173W
YFR004W	YGL245W
YAL027W	YER095W
YBR031W	YJR123W
YBR010W	YGL207W
YDL101C	YDR523C
YMR004W	YOR047C
YGL201C	YPR019W
YDR479C	YHR008C
YFR031C-A	YLR441C
YMR223W	YMR236W
YLL039C	YOL073C
YCR020W-B	YDR303C
YPL126W	YPR137W
YDR137W	YPR080W
YDL006W	YDR162C
YIL142W	YLR105C
YGL207W	YOR039W
YER013W	YPL178W
YDR507C	YOR231W
YBR031W	YOL127W
YJL187C	YMR186W
YGR092W	YNL125C
YBR041W	YJL151C
YLL039C	YML068W
YKL042W	YOR373W
YGL198W	YJL036W
YBR059C	YHR015W
YGR048W	YPR154W
YDR086C	YNL255C
YHR135C	YJL166W
YIR010W	YLR287C-A
YBR258C	YHR119W
YLR304C	YMR049C
YDL239C	YLR423C
YJL138C	YJR007W
YKL065C	YLL061W
YIL125W	YNL069C
YER022W	YGR104C
YNL113W	YOR341W
YMR235C	YNL255C
YER047C	YPL126W
YGL150C	YIR010W
YGR234W	YLL013C
YDL101C	YKL025C
YDL088C	YER105C
YDL212W	YMR215W
YNL201C	YOR047C
YBL016W	YDR388W
YDR497C	YLR332W
YAL016W	YNL209W
YKL213C	YNL255C
YHL048W	YMR221C
YEL032W	YNL172W
YAL027W	YOR294W
YIL035C	YPR103W
YNL002C	YOL012C
YML069W	YOL006C
YDL149W	YLR423C
YIR010W	YNL096C
YJL030W	YPR029C
YDL055C	YOL120C
YBR106W	YPL076W
YDR013W	YPR019W
YFR004W	YLR248W
YIL035C	YJL044C
YMR231W	YPL045W
YGR112W	YIL157C
YFL024C	YJL098W
YDR323C	YOR036W
YKL001C	YPL240C
YDR176W	YER164W
YGL179C	YIL091C
YDR457W	YOR326W
YGR237C	YKR081C
YOL013C	YOR133W
YAL034W-A	YJR112W
YFL021W	YJR066W
YGR229C	YLR433C
YKL012W	YOR159C
YMR125W	YPR161C
YKL180W	YPL249C-A
YBL039C	YPL090C
YGL111W	YNL061W
YDR173C	YNL255C
YBR142W	YLL019C
YBR211C	YDR383C
YDR356W	YHR076W
YDL111C	YOR076C
YGR060W	YOL003C
YIL035C	YLR345W
YNL002C	YNR054C
YFR010W	YMR136W
YDR412W	YPL220W
YBL037W	YOL062C
YDR256C	YNR031C
YBR234C	YDR388W
YBR059C	YGR021W
YKL054C	YMR106C
YDL015C	YLR259C
YDR212W	YHR119W
YAL024C	YIL109C
YDR068W	YKL166C
YDL116W	YMR129W
YLR330W	YPL220W
YDR224C	YML074C
YCR066W	YDL064W
YGR142W	YLR424W
YBR253W	YDR167W
YIR037W	YML086C
YAL005C	YIR010W
YKL100C	YMR170C
YEL009C	YNR023W
YDR496C	YKR081C
YBL002W	YHL007C
YDR012W	YNR053C
YER094C	YPR103W
YHR079C	YMR229C
YBR142W	YKL166C
YGR043C	YJL057C
YMR125W	YOR098C
YDR303C	YML127W
YDR123C	YPR086W
YJR068W	YNL255C
YBR251W	YOR243C
YBR194W	YDR310C
YDL101C	YER173W
YKL068W	YLL024C
YLR248W	YMR178W
YER165W	YMR125W
YLR421C	YNL073W
YDR135C	YOR039W
YMR036C	YNL307C
YDL116W	YPR080W
YIL109C	YLL039C
YML049C	YPL178W
YGL246C	YMR242C
YAL030W	YBL050W
YNL113W	YPR049C
YBR146W	YOL027C
YGR060W	YPL227C
YGR252W	YKL193C
YJR101W	YOL027C
YJR123W	YPL090C
YMR014W	YPL240C
YFR004W	YJL177W
YLL024C	YOL021C
YFR032C-A	YGL014W
YIR010W	YKL089W
YDR246W	YDR472W
YER164W	YOR304W
YER020W	YGR138C
YHR169W	YOR063W
YBR109C	YOR181W
YLR332W	YOL105C
YNL251C	YPL178W
YHR165C	YPL178W
YFR010W	YFR014C
YMR216C	YOR239W
YKL219W	YLL061W
YGL051W	YIL095W
YMR142C	YPL249C-A
YHL033C	YLL039C
YHR161C	YIL095W
YLL045C	YNL061W
YFL040W	YHL042W
YLL039C	YPL269W
YFL038C	YFR004W
YDR523C	YLL041C
YHR079C	YML075C
YDR090C	YLL039C
YLR182W	YNR009W
YJR002W	YPL081W
YLR182W	YOL131W
YHR114W	YPL049C
YLR249W	YNL201C
YHL024W	YHR135C
YIR010W	YMR246W
YKR048C	YPL220W
YHR114W	YOR181W
YBR223C	YPL181W
YMR049C	YNL175C
YGR112W	YPR191W
YHR118C	YKR081C
YGL207W	YOL006C
YKL180W	YOR096W
YGL112C	YGR274C
YDR364C	YKR086W
YMR235C	YPL141C
YLR310C	YNL229C
YDL047W	YLL039C
YDR364C	YKL095W
YKL062W	YMR172W
YDR172W	YLL026W
YNL255C	YPL079W
YMR203W	YNL026W
YNL307C	YNR033W
YBR042C	YJL092W
YGL079W	YHR135C
YMR215W	YPR028W
YBR221C	YIR010W
YLR268W	YPL232W
YDR251W	YHL007C
YBR023C	YER166W
YLL004W	YPR120C
YBR247C	YJR145C
YJL183W	YJR075W
YGR082W	YNL121C
YDR429C	YJR123W
YGL051W	YNL307C
YBR222C	YKL185W
YIL035C	YJL069C
YDR365C	YOR063W
YDR087C	YFR001W
YGL059W	YOR002W
YAL062W	YDR388W
YEL019C	YMR284W
YER012W	YLL039C
YBR010W	YOR064C
YER164W	YHR099W
YER020W	YOR107W
YGR215W	YML065W
YMR242C	YNL301C
YML065W	YMR091C
YAR007C	YLR429W
YMR216C	YNL004W
YDR207C	YOL082W
YDL170W	YLL039C
YIL075C	YNL075W
YGL256W	YHR135C
YJR066W	YPR032W
YFR004W	YLR355C
YBL007C	YDL146W
YDL137W	YDR100W
YFR004W	YKL191W
YFR014C	YGL079W
YDR204W	YML065W
YFR004W	YLR438W
YBR106W	YDR508C
YGR227W	YHR016C
YIR010W	YNL061W
YKL082C	YMR143W
YAL005C	YDL116W
YDL116W	YDR412W
YBL018C	YGR030C
YLL026W	YOR164C
YDR212W	YLR030W
YGR256W	YPL126W
YHR007C	YOR273C
YLR417W	YPL240C
YBR102C	YJL085W
YDR497C	YNL217W
YDR247W	YMR270C
YDR247W	YPL086C
YDR418W	YIR026C
YDR322W	YNL252C
YGL212W	YPL246C
YFR031C-A	YOR063W
YFR004W	YGL076C
YMR022W	YOL013C
YMR125W	YNL255C
YCR030C	YOL054W
YKL095W	YKR048C
YJL004C	YLR241W
YGL207W	YJL187C
YLR222C	YPL265W
YDL083C	YFR032C-A
YDR213W	YHR165C
YCL037C	YGR081C
YCL011C	YNL255C
YIR010W	YMR255W
YBR029C	YIR033W
YEL054C	YOR063W
YER043C	YIR007W
YBR142W	YJR145C
YDR308C	YGR104C
YER012W	YJL092W
YDR496C	YLR276C
YDL100C	YDL121C
YJR031C	YNL287W
YDR452W	YKL028W
YIL023C	YLL023C
YFR010W	YHR135C
YAL035W	YPR152C
YGL078C	YHR115C
YHR118C	YPR120C
YGL038C	YNL287W
YCL054W	YFR001W
YNL066W	YNL307C
YFR004W	YPL160W
YGL200C	YJR117W
YDR101C	YGL031C
YDR176W	YGL112C
YAL016W	YNL127W
YLR287C-A	YMR194W
YNL069C	YOL040C
YGR266W	YLL039C
YDR496C	YMR229C
YKL057C	YKL068W
YBL086C	YNL154C
YDR414C	YJL004C
YBL002W	YOL087C
YDL055C	YDR335W
YHR115C	YNL289W
YBR194W	YKL054C
YFR004W	YJR073C
YBR162W-A	YNL255C
YER166W	YLL039C
YBR247C	YGR214W
YDR301W	YPL240C
YJL106W	YOL104C
YCR005C	YLL039C
YHR052W	YNL227C
YER159C	YML065W
YBL105C	YJL002C
YFL003C	YLR394W
YCL024W	YDL006W
YLR377C	YNL214W
YBR002C	YBR041W
YLR249W	YPR062W
YDL239C	YOR324C
YBR011C	YBR109C
YLL039C	YNL117W
YML013W	YML029W
YHL039W	YLR208W
YIL019W	YKL082C
YGL246C	YHL033C
YNR023W	YPL248C
YER067W	YFR004W
YLL036C	YLR438C-A
YLL039C	YNL255C
YMR194W	YOR290C
YDR258C	YKR008W
YBR059C	YNL104C
YHR001W	YPL058C
YAL027W	YDR174W
YLL054C	YPR119W
YDR388W	YFR013W
YGL179C	YGR126W
YDR331W	YHR007C
YER026C	YLL039C
YFR010W	YOR261C
YGR123C	YKL117W
YAR007C	YDR097C
YDR329C	YOL044W
YBR183W	YOR254C
YBL092W	YFR031C-A
YEL061C	YOR174W
YLR274W	YOR326W
YHR164C	YHR165C
YAR027W	YDR411C
YGL209W	YHR135C
YKL146W	YLL039C
YNL255C	YPL028W
YKR066C	YOR065W
YLL039C	YPR042C
YER012W	YHR033W
YDR308C	YLR071C
YDL083C	YEL026W
YDL165W	YKL002W
YLL026W	YPR173C
YLR148W	YMR231W
YDR105C	YGL006W
YDR372C	YDR483W
YDR496C	YNL061W
YER144C	YOR157C
YBL003C	YDR044W
YMR255W	YNL255C
YDR394W	YDR427W
YCL045C	YLL039C
YDR214W	YPR010C
YLR071C	YPR168W
YBR194W	YER172C
YDR323C	YLR148W
YDL212W	YGR060W
YER131W	YPR161C
YBL072C	YFR031C-A
YGR142W	YJL036W
YHR174W	YIR010W
YIR010W	YMR117C
YNL265C	YPL237W
YHR007C	YNL130C
YDR098C	YLL039C
YDR469W	YHR060W
YJR091C	YMR067C
YBR253W	YPR056W
YCR088W	YOR181W
YML057W	YOR324C
YCR005C	YJL042W
YML065W	YOL120C
YDR301W	YGR156W
YDL030W	YOR319W
YGR060W	YLR350W
YDR395W	YLR293C
YKR097W	YPL180W
YNL255C	YNL302C
YER067W	YNL255C
YLR343W	YMR215W
YDR412W	YER002W
YDR087C	YKL082C
YHR052W	YLR276C
YJL138C	YMR186W
YDR416W	YHR165C
YGR195W	YOL021C
YLL039C	YPL232W
YDR062W	YLL039C
YBR059C	YFR014C
YDR388W	YNL138W
YJL092W	YOR160W
YKL065C	YLL039C
YAL005C	YOL097C
YBL052C	YOL012C
YCR020W-B	YKR008W
YJL057C	YMR129W
YDR330W	YGL180W
YHR114W	YJL151C
YNL004W	YOR160W
YOL147C	YPR128C
YDL212W	YHR007C
YFR004W	YPR103W
YBR048W	YDR365C
YJR002W	YPL126W
YKL053C-A	YLR193C
YNL005C	YNL185C
YGL131C	YNL127W
YOR063W	YPL220W
YDR312W	YHR052W
YBR059C	YKR006C
YHR135C	YOR239W
YBR274W	YMR146C
YMR229C	YNL154C
YML010W	YPR052C
YDR416W	YLL036C
YDR331W	YDR434W
YML049C	YMR240C
YBR072W	YDR213W
YDL227C	YPL125W
YEL061C	YGR135W
YDL047W	YIL142W
YAL015C	YEL060C
YOL148C	YPL248C
YLR403W	YPL180W
YLR222C	YNL055C
YGR048W	YML013W
YBR175W	YNL255C
YEL054C	YIR026C
YIL156W	YOR181W
YKR092C	YLR429W
YDR091C	YLR192C
YCL024W	YJR076C
YMR049C	YMR100W
YAL013W	YIL084C
YDR303C	YPR034W
YDR091C	YNL112W
YBL038W	YKR006C
YBR234C	YNL138W
YDR049W	YER036C
YFR004W	YJR014W
YGL111W	YLR276C
YDR171W	YNL085W
YMR112C	YPR168W
YBR072W	YNL255C
YOL045W	YPL077C
YCL052C	YEL060C
YLR310C	YNL307C
YFL062W	YMR306W
YDL047W	YLR248W
YOL082W	YPL141C
YFL011W	YJL222W
YAL016W	YNL255C
YBR154C	YKR008W
YDR211W	YPR010C
YOL127W	YPL249C-A
YDL053C	YFR013W
YER012W	YJL132W
YDR308C	YOL135C
YBL034C	YMR117C
YMR074C	YNL255C
YNL052W	YPL216W
YER179W	YOR191W
YLL024C	YOR133W
YLR321C	YLR357W
YKL095W	YPR191W
YDR507C	YIR010W
YCR075C	YPL246C
YLR182W	YPL125W
YBR109C	YKL042W
YBR125C	YGL206C
YCR088W	YOR116C
YGL237C	YHR052W
YDR310C	YHR119W
YGR048W	YIR033W
YER164W	YMR223W
YGL180W	YOR119C
YGL006W	YHR094C
YBR031W	YLR424W
YBR189W	YPL081W
YGL104C	YML075C
YDR388W	YFR010W
YFR014C	YJR076C
YJL065C	YNR029C
YBL105C	YMR113W
YNL069C	YPL220W
YBR194W	YPR091C
YDL212W	YDR508C
YCL037C	YKR048C
YCR012W	YOR098C
YLR141W	YMR270C
YIL035C	YLR019W
YLR377C	YOL126C
YDL239C	YDR273W
YKR080W	YPL026C
YDR322C-A	YLL039C
YFR004W	YHR104W
YHR197W	YOL041C
YKL010C	YPL259C
YKR068C	YLL039C
YDR032C	YGR281W
YJR103W	YLL039C
YDR092W	YMR140W
YKR008W	YMR033W
YFL013C	YPL240C
YDR032C	YKL108W
YLL039C	YLR128W
YDL074C	YPL141C
YKL060C	YPR152C
YDR238C	YGL137W
YER012W	YOR261C
YHR135C	YJR104C
YDR479C	YGR149W
YBR234C	YIL095W
YLR131C	YNL254C
YBL016W	YPL049C
YHR118C	YPL008W
YKL065C	YPL264C
YGR092W	YIL135C
YMR165C	YNL307C
YGL112C	YML010W
YDL030W	YLR117C
YDR479C	YEL042W
YNL301C	YOL127W
YLL019C	YNL004W
YLR072W	YNL307C
YBR200W	YGL190C
YDR080W	YPL045W
YBR247C	YOR119C
YDR032C	YER145C
YGL180W	YKL048C
YML054C	YPL063W
YIL093C	YNR037C
YBL016W	YDL159W
YBL003C	YJL138C
YHR052W	YOL041C
YHR076W	YKL108W
YGL112C	YNL039W
YDR131C	YOL133W
YNL055C	YOL087C
YBR146W	YOR204W
YGR284C	YOL132W
YKL095W	YPL037C
YDR032C	YPL058C
YBR105C	YMR135C
YDR318W	YPL018W
YLR304C	YOL006C
YFL011W	YPL240C
YDR457W	YDR463W
YOR326W	YPL249C
YAL010C	YNL026W
YGL137W	YMR291W
YDL014W	YEL054C
YDR208W	YOR181W
YDR130C	YER165W
YIR037W	YKL028W
YDR374C	YLR423C
YGL187C	YLR203C
YHR156C	YOR181W
YER186C	YNL255C
YFR004W	YGL055W
YDR523C	YEL060C
YJL186W	YOL018C
YAL053W	YER020W
YLL024C	YPL110C
YDR437W	YPL076W
YEL034W	YOR063W
YDR394W	YLR421C
YGL234W	YJR123W
YDL019C	YOR181W
YDR342C	YOL100W
YFR040W	YHR114W
YER030W	YLR186W
YHR062C	YIR015W
YCR024C-A	YDL212W
YJL138C	YNL255C
YHR135C	YKL042W
YAL020C	YHL007C
YDR030C	YIL142W
YBR234C	YMR105C
YNL225C	YOR373W
YBL093C	YBR193C
YDR158W	YLL039C
YDR172W	YLL024C
YBL102W	YBR241C
YBR010W	YKR008W
YDL217C	YHR005C-A
YDR247W	YPR010C
YBR072W	YJR043C
YBR010W	YMR031C
YIR010W	YOR304W
YGL245W	YPL201C
YJL177W	YOR096W
YHR052W	YNL061W
YDR295C	YNL154C
YKL180W	YMR142C
YBR198C	YMR236W
YHR079C	YOL082W
YBR048W	YOR063W
YLR287C	YOR231W
YMR192W	YPR154W
YBR154C	YNL251C
YBR198C	YKL058W
YGR068C	YGR080W
YKR008W	YLR321C
YDR240C	YKL012W
YGL076C	YIL125W
YCL014W	YJL052W
YBL104C	YER172C
YCR046C	YNL005C
YGR056W	YOR319W
YDR416W	YKL095W
YDR392W	YMR223W
YBL075C	YNL209W
YJR112W	YMR198W
YCL032W	YIL118W
YKL116C	YNL022C
YLL039C	YLR276C
YKR008W	YML127W
YBL003C	YOR304W
YER162C	YLL039C
YMR194W	YOL040C
YNL085W	YOL133W
YBR198C	YCR042C
YDR508C	YIL114C
YCL025C	YML038C
YDR257C	YLL039C
YDL052C	YJL151C
YKR006C	YNL252C
YJR002W	YLR222C
YBR119W	YPR182W
YMR233W	YNL154C
YFL005W	YPR028W
YBL038W	YDR116C
YBL007C	YBL037W
YBL101C	YNL225C
YFR043C	YLL039C
YGL086W	YOR026W
YLR320W	YNL055C
YKL124W	YOR326W
YBR109C	YFL014W
YKR066C	YNL299W
YGR056W	YNL307C
YJL168C	YKR081C
YNL255C	YOL133W
YBR048W	YNL255C
YCR084C	YNL021W
YBR200W	YOR181W
Q0085	YJR121W
YMR049C	YOR063W
YDL030W	YPR182W
YNR054C	YPL240C
YBR080C	YBR200W
YBL093C	YHR058C
YLR429W	YOL012C
YBL104C	YPL259C
YOR290C	YPR102C
YMR017W	YOR036W
YDR507C	YEL053C
YBL051C	YDL165W
YKL144C	YNL113W
YJR121W	YKL016C
YIL001W	YOL133W
YDR394W	YGR092W
YOL091W	YPL018W
YBR142W	YGL078C
YKL012W	YLR116W
YHR052W	YIR010W
YDR212W	YLL039C
YKL109W	YMR117C
YGR149W	YNL181W
YGR232W	YNL255C
YGL059W	YIL135C
YJL187C	YNL206C
YJL014W	YJL111W
YNL097C	YPL181W
YBL072C	YOL127W
YBR251W	YML065W
YDL075W	YOL040C
YAL005C	YLR357W
YLR249W	YML069W
YDR496C	YKL185W
YDR453C	YJR085C
YDL197C	YNL124W
YCR014C	YFR052W
YDL227C	YMR308C
YNL216W	YPR052C
YGR192C	YPL240C
YFR014C	YLR030W
YMR236W	YPL101W
YFR014C	YPL100W
YLR168C	YNL131W
YDR086C	YEL002C
YKL166C	YOL016C
YGR167W	YNL183C
YBL045C	YOR065W
YDL101C	YKR097W
YGL246C	YLR075W
YBL039C	YDR388W
YBR194W	YPL237W
YLL011W	YPL126W
YMR238W	YNL307C
YCR084C	YCR088W
YHR007C	YNL280C
YER036C	YNL185C
YNL300W	YPL076W
YJR002W	YJR123W
YFR004W	YOR323C
YFL062W	YPL141C
YJR043C	YNL307C
YGR252W	YIL149C
YOL054W	YPR120C
YDR226W	YML064C
YIL091C	YPR137W
YLR034C	YMR215W
YCR038C	YLR293C
YDR100W	YHR016C
YDR194C	YHR052W
YBR011C	YMR267W
YDR101C	YMR308C
YGR141W	YNL255C
YAL042W	YPL240C
YMR010W	YOR233W
YGL207W	YOL054W
YER172C	YOR159C
YDR471W	YPL220W
YGL206C	YIL094C
YER119C	YPL240C
YBL092W	YNL301C
YJL187C	YNL227C
YDR012W	YDR101C
YGR060W	YPL076W
YAL005C	YNL025C
YDR059C	YJL106W
YDL208W	YOR340C
YDR168W	YDR463W
YNR007C	YOR160W
YJR145C	YML065W
YJL148W	YNL255C
YGL137W	YNL274C
YBR094W	YDL015C
YGL031C	YIR010W
YGL242C	YMR109W
YBR119W	YKL012W
YDR404C	YML010W
YFR014C	YOR113W
YBL038W	YNL252C
YBR200W	YPL232W
YHR179W	YLR427W
YDL075W	YHR197W
YCR012W	YGR252W
YOR239W	YPL141C
YEL002C	YIL016W
YIR026C	YMR049C
YLL039C	YLR148W
YLR186W	YMR093W
YCR084C	YDL005C
YDL208W	YGL078C
YFR014C	YNR064C
YJL092W	YJR119C
YGR234W	YLL039C
YHR197W	YOL127W
YDR091C	YJR145C
YJL173C	YNL255C
YEL018W	YJL081C
YLR262C	YLR304C
YGR142W	YJL053W
YMR183C	YNR049C
YDL190C	YPL240C
YDR006C	YLR192C
YDR414C	YER118C
YCL048W	YNL255C
YNL281W	YPL240C
YGR278W	YHR165C
YMR240C	YPL151C
YJR091C	YOR317W
YML065W	YMR241W
YDR152W	YPL141C
YHR016C	YOR181W
YFL039C	YOL012C
YGL112C	YNL216W
YLL039C	YLR249W
YGR129W	YPL151C
YLL039C	YOR026W
YFL005W	YLL039C
YGL059W	YKL166C
YER054C	YFR014C
YHL033C	YML029W
YBR041W	YGR192C
YFR004W	YJR148W
YLR222C	YNL138W
YHR094C	YIL121W
YAL047C	YEL061C
YBR253W	YHR041C
YMR218C	YOR115C
YGL095C	YOR036W
YHR135C	YKR079C
YOR294W	YPR161C
YAL013W	YNL255C
YBR221C	YPL259C
YBL016W	YOL023W
YDL078C	YPL240C
YDL208W	YJL148W
YGL098W	YLR268W
YOR116C	YOR304W
YOR181W	YPL240C
YCR042C	YDR167W
YER111C	YGL207W
YDR087C	YHR052W
YBR189W	YGR081C
YGR183C	YML086C
YDR156W	YOR340C
YBL007C	YNL154C
YDR471W	YGL076C
YNL064C	YOL006C
YBR193C	YGR104C
YLR223C	YNL216W
YBR018C	YGL137W
YOL016C	YPR152C
YJR132W	YLR293C
YMR165C	YOR119C
YPR034W	YPR081C
YDR303C	YIR010W
YCL040W	YFR004W
YDR324C	YJR002W
YDR086C	YLR288C
YAL034W-A	YJL057C
YGR048W	YKL213C
YGL206C	YHR161C
YJR053W	YOR373W
YLL039C	YOL096C
YNL255C	YPL178W
YHR216W	YMR142C
YNL064C	YNL073W
YDL075W	YNR053C
YMR216C	YNL112W
YHL033C	YMR242C
YLR330W	YOR290C
YHR042W	YJR117W
YJR068W	YLR048W
YHR135C	YLR438W
YDR412W	YFR001W
YJR002W	YPL090C
YER145C	YGR138C
YNL301C	YPL090C
YGR229C	YLR330W
YJL180C	YJR121W
YMR314W	YOR157C
YBL072C	YDR418W
YHL042W	YJR117W
YMR115W	YPR024W
YCR063W	YLR117C
YAL005C	YOR133W
YOL041C	YPR161C
YDR170C	YNL287W
YAL005C	YDR301W
YJL025W	YOR380W
YGR155W	YLL039C
YIL034C	YJL187C
YNL252C	YOL027C
YJL034W	YLL039C
YDR293C	YMR304W
YLR388W	YNL255C
YHL007C	YNR019W
YGR255C	YOL096C
YGL070C	YJL168C
YER105C	YLR208W
YLR438C-A	YPR182W
YDL055C	YLR259C
YIL030C	YML013W
YIL107C	YML106W
YLR423C	YML064C
YFR004W	YIR035C
YNL136W	YNL154C
YDR479C	YGR284C
YFL005W	YFL038C
YLL039C	YPL058C
YJR121W	YPL271W
YDL014W	YER147C
YFL021W	YML065W
YGR082W	YNL003C
YHL014C	YPR074C
YLR182W	YML069W
YLL039C	YMR110C
YBR109C	YKL067W
YLR265C	YOR005C
YDR335W	YGL092W
YER179W	YPR183W
YFR031C-A	YJR145C
YGR252W	YMR236W
YAR027W	YGL129C
YKR068C	YNL255C
YDR170C	YNL183C
YCL054W	YNL061W
YBR010W	YPL001W
YJR070C	YOL045W
YFR031C-A	YKL068W
YJL085W	YLR247C
YBR083W	YMR164C
YAL005C	YDL019C
YDR233C	YIR010W
YGL201C	YOR157C
YCL037C	YDL160C
YDR141C	YNL297C
YDR479C	YOL003C
YDR312W	YHR135C
YDL055C	YDR135C
YGL137W	YGL245W
YDR427W	YMR314W
YJR007W	YLR199C
YGL043W	YPR008W
YGR135W	YKR070W
YBL045C	YLR132C
YER094C	YFR004W
YCR063W	YPL151C
YNL255C	YPL196W
YCL032W	YHL024W
YJL052W	YML056C
YKL166C	YMR223W
YDR227W	YDR310C
YFL042C	YGR017W
YJL187C	YNL027W
YFR014C	YPR152C
YDR293C	YML064C
YER179W	YML064C
YHR135C	YMR165C
YDL065C	YDR329C
YOL082W	YOR115C
YNL172W	YOR315W
YCL057W	YNL307C
YFL054C	YHR135C
YML010W	YPR041W
YHL007C	YLL039C
YOL034W	YOL082W
YBL045C	YKL095W
YBR146W	YBR251W
YIL035C	YOR123C
YCL056C	YJL185C
YHR007C	YKR072C
YML065W	YPR137W
YER036C	YHR169W
YDL226C	YOR181W
YNL121C	YNL131W
YJR144W	YNL255C
YGL180W	YNL304W
YJR117W	YLR018C
YDL116W	YDR335W
YDR388W	YLR015W
YFL039C	YLR399C
YNL125C	YPL240C
YJL187C	YPL181W
YHR081W	YOL142W
YKL129C	YMR109W
YJL177W	YMR142C
YDR308C	YNR010W
YKL060C	YPR093C
YDL167C	YLL039C
YDL055C	YHR128W
YDR412W	YHL033C
YIR010W	YOL041C
YGL181W	YGR167W
YLL039C	YMR304W
YDR405W	YPL173W
YGL216W	YGL254W
YBR189W	YMR242C
YDR177W	YPL269W
YDR388W	YPL077C
YDR137W	YLR262C
YAL035W	YOR361C
YGL137W	YMR105C
YDR304C	YHR097C
YLL036C	YNL302C
YJL123C	YNL330C
YNL096C	YPR067W
YBL011W	YCL024W
YDR497C	YER145C
YDL055C	YGL076C
YAL013W	YNL097C
YDR012W	YHR052W
YCL027W	YDL199C
YJL145W	YLR266C
YLR186W	YLR222C
YML049C	YOR319W
YBR221C	YKL117W
YDR285W	YLR263W
YLL036C	YML046W
YCR014C	YFR010W
YDR501W	YGR138C
YNL301C	YPL249C-A
YLR048W	YML065W
YGL147C	YLL045C
YLR377C	YOR070C
YOL041C	YOL127W
YBR059C	YER131W
YLL024C	YNL007C
YGL096W	YOR319W
YDR068W	YMR010W
YDR482C	YER172C
YBR048W	YLR075W
YIL035C	YLR387C
YGR081C	YJR145C
YGR263C	YLR433C
YGL180W	YOR123C
YPL220W	YPL259C
YGL245W	YMR049C
YDR359C	YNL136W
YBL003C	YOR290C
YBR077C	YMR004W
YDR227W	YER164W
YGL190C	YHR016C
YDL030W	YDL098C
YKL207W	YMR176W
YGR274C	YMR227C
YLR357W	YML127W
YFR004W	YOR128C
YDR156W	YPR049C
YBR287W	YPL235W
YGL023C	YKR007W
YER072W	YNL255C
YJR007W	YOR361C
YKL166C	YPR160W
YHL042W	YKL065C
YER054C	YGL134W
YCL037C	YNL255C
YDR211W	YOL128C
YNL255C	YPL237W
YBR042C	YHL007C
YDR394W	YMR314W
YCR020W-B	YGL207W
YBL025W	YLR141W
YOL135C	YPL248C
YJL140W	YLR071C
YJR066W	YNL229C
YJL177W	YPL090C
YDR471W	YJR123W
YJL187C	YMR049C
YER146W	YOR320C
YML102W	YPR018W
YIL035C	YIR010W
YPL122C	YPR056W
YNL154C	YNR047W
YGL112C	YHR041C
YGL238W	YHR114W
YDL065C	YMR284W
YER052C	YFR004W
YHL048W	YKL065C
YGR097W	YJL036W
YFR004W	YLR208W
YGL180W	YJR072C
YDR406W	YLL039C
YCR073W-A	YPL026C
YFR004W	YHR179W
YBR161W	YEL042W
YLL039C	YMR022W
YBL016W	YFR039C
YGR092W	YOL104C
YIR010W	YPL037C
YNL255C	YOL006C
YMR109W	YOR047C
YCL037C	YDL083C
YDR379W	YHL007C
YMR071C	YPL020C
YGL234W	YPR154W
YBR079C	YIL035C
YAR018C	YKL166C
YMR146C	YNL255C
YPL008W	YPL240C
YGR081C	YJL130C
YDR428C	YER123W
YHR079C	YPR198W
YBR002C	YDL052C
YDR416W	YOL016C
YDL030W	YOR191W
YFL009W	YOL025W
YBL072C	YBR048W
YAR018C	YGR032W
YDR150W	YLL039C
YBR106W	YFL062W
YLL039C	YMR221C
YAL024C	YCR012W
YML056C	YPL220W
YKL144C	YNL255C
YGR052W	YGR180C
YBR109C	YLR429W
YBR218C	YJL092W
YMR186W	YPR152C
YGL014W	YJL177W
YMR112C	YNR010W
YFR004W	YKL213C
YDR378C	YER146W
YDL203C	YNL154C
YIR010W	YJR068W
YIR010W	YLR075W
YER052C	YLR293C
YER141W	YJL014W
YLR028C	YPL004C
YJL039C	YLL024C
YER118C	YJL062W
YNL005C	YNL252C
YFR014C	YPR035W
YER172C	YFR019W
YDR224C	YDR365C
YGL237C	YJL138C
YGL207W	YML069W
YML010W	YML035C
YBR221C	YFL018C
YBL050W	YBL078C
YDR227W	YOR191W
YLL024C	YLR310C
YGR186W	YNL255C
YDR452W	YNL217W
YDR394W	YPL248C
YBL018C	YNL221C
YLL011W	YPL240C
YGL137W	YGR202C
YBR142W	YGL076C
YCL054W	YDR412W
YJR112W	YOL054W
YNL255C	YOR159C
YJR117W	YLL039C
YLL039C	YOL025W
YJL034W	YMR307W
YMR193W	YPL173W
YEL002C	YGL137W
YDR100W	YDR501W
YMR314W	YNL229C
YIL035C	YKL160W
YLR259C	YLR320W
YDR394W	YNL085W
YLL039C	YOR197W
YDR129C	YLR203C
YDR364C	YIL030C
YFR030W	YGL150C
YLR116W	YMR216C
YJR066W	YMR216C
YHR016C	YKL129C
YAL005C	YMR165C
YDL056W	YLL036C
YMR140W	YPL037C
YAL005C	YPL110C
YNR046W	YOL061W
YLL024C	YPR010C
YKL152C	YNL255C
YHR174W	YNL127W
YDR260C	YFR036W
YGL059W	YJL084C
YGR148C	YPR152C
YDR365C	YDR388W
YHR052W	YIR026C
YGR092W	YOL059W
YBL072C	YGL147C
YLL036C	YLR182W
YAR007C	YGL256W
YMR299C	YPL058C
YEL001C	YNL255C
YGL055W	YIL027C
YNL117W	YOL147C
YER136W	YOR089C
YBR056W	YLL039C
YJR076C	YKL048C
YDL002C	YNL255C
YGL076C	YHL033C
YFL026W	YNL307C
YLR098C	YPR049C
YBR253W	YOR174W
YDR177W	YPR093C
YAR007C	YLR103C
YCR084C	YGR104C
YFL013C	YML065W
YGR192C	YJL039C
YFR004W	YIL033C
YDR167W	YOL012C
YDR190C	YDR334W
YBL003C	YFL013C
YLR429W	YMR109W
YIR010W	YLL024C
YBR040W	YCL040W
YGR229C	YIL041W
YDL064W	YLR263W
YOL100W	YPR083W
YFR014C	YJL137C
YDR092W	YHR137W
YBL078C	YIL146C
YBR059C	YPL223C
YDR001C	YPL026C
YDL212W	YEL017C-A
YBL072C	YMR229C
YDR130C	YPR010C
YDR429C	YOR204W
YGR126W	YJL106W
YCL040W	YLL039C
YLR060W	YOR231W
YDR238C	YNL287W
YBR207W	YOL132W
YNL005C	YNL255C
YDR174W	YGR275W
YDR237W	YOL027C
YCL010C	YGL066W
YIL159W	YPL240C
YML049C	YPR101W
YBR048W	YHR196W
YAL053W	YBR023C
YLR274W	YPR135W
YDL055C	YMR142C
YGL091C	YNL255C
YBR253W	YMR112C
YBL038W	YNL255C
YLR438C-A	YOR096W
YLR262C	YMR186W
YKL152C	YLL036C
YIL070C	YKL151C
YDR227W	YDR365C
YDL223C	YNL154C
YGR280C	YNL255C
YBL003C	YDL105W
YMR106C	YMR284W
YPL032C	YPR152C
YBR083W	YPL049C
YJL187C	YNL125C
YDR190C	YLR085C
YDL075W	YNL175C
YGR135W	YNL255C
YBR080C	YLR043C
YDR176W	YMR236W
YNL091W	YNL162W
YCR012W	YPR093C
YER111C	YGR192C
YBR196C	YFR004W
YBR106W	YIL048W
YDR518W	YNL307C
YBR183W	YJR117W
YJL002C	YPL076W
YDL014W	YKL014C
YDL002C	YGR192C
YBL007C	YLR064W
YDR471W	YMR194W
YJL130C	YPR010C
YDR047W	YGL137W
YBR080C	YJL030W
YAL034W-A	YBR211C
YHR197W	YNR053C
YOL133W	YOR326W
YER036C	YFR004W
YIR010W	YKL060C
YBL002W	YDR334W
YJL092W	YLR401C
YDR100W	YPL020C
YDL018C	YHR110W
YPR024W	YPR152C
YJL106W	YNL074C
YDL073W	YER118C
YGR092W	YPR119W
YDR496C	YPL220W
YBR105C	YEL054C
YDR142C	YOR326W
YBR194W	YHR020W
YMR229C	YPL220W
YGL245W	YKL116C
YPR101W	YPR182W
YEL009C	YGR274C
YCR042C	YLL039C
YJL187C	YPL240C
YDL212W	YLR350W
YDR412W	YIL149C
YBR274W	YDR439W
YLR368W	YPR093C
YGR052W	YLL013C
YDR303C	YNL041C
YBR247C	YNL055C
YDR167W	YPR086W
YFR001W	YGL076C
YDL014W	YLL036C
YBR254C	YOR115C
YDL002C	YNL154C
YGL014W	YNL112W
YKR022C	YNL255C
YHR041C	YPL248C
YHR070W	YPL240C
YER058W	YNL255C
YBR142W	YPL141C
YDL100C	YJR040W
YEL042W	YLL039C
YGL011C	YLL039C
YNL255C	YNL293W
YFL038C	YOL018C
YDR130C	YKL054C
YJR066W	YOR035C
YDR167W	YGL112C
YHR135C	YIL091C
YDL156W	YJL173C
YJR014W	YML010W
YIR010W	YJL138C
YFL045C	YML064C
YDR208W	YPR052C
YDR388W	YDR523C
YHL007C	YOL091W
YER111C	YIL050W
YBR048W	YBR247C
YGR232W	YOL117W
YDL005C	YOL135C
YLR241W	YMR243C
YLL024C	YOR341W
YAL047C	YDR356W
YDL083C	YLR441C
YFL039C	YNL004W
YDR414C	YNL044W
YGL189C	YLL039C
YEL055C	YPL141C
YKL129C	YNL025C
YBR218C	YHR135C
YDR042C	YGL059W
YDR247W	YGR237C
YBR267W	YDR288W
YBR059C	YGR256W
YBR106W	YNL336W
YLL024C	YMR129W
YLL039C	YPL231W
YHR131C	YLR248W
YCR088W	YGL206C
YJL173C	YNL312W
YFL062W	YJL059W
YGL073W	YLL019C
YLR025W	YPL084W
YDR068W	YNL255C
YBR094W	YPL240C
YBR106W	YPR192W
YHR016C	YOR284W
YGL098W	YOR075W
YOL133W	YOR261C
YNL255C	YNL307C
YHR059W	YNL255C
YJR113C	YNL255C
YER022W	YPR056W
YBR194W	YLR044C
YGL180W	YPL181W
YFR052W	YNL103W
YDL088C	YJL039C
YDR116C	YDR405W
YAL013W	YDR207C
YLR228C	YMR070W
YHR094C	YMR011W
YBR048W	YDR471W
YER036C	YKL182W
YOR063W	YPL249C-A
YLL024C	YOL145C
YCL025C	YPL265W
YMR125W	YPL178W
YDR150W	YDR295C
YGR032W	YLL039C
YDR359C	YJL098W
YLR190W	YOR326W
YIR026C	YMR229C
YGL101W	YJL092W
YMR036C	YNL154C
YBL072C	YLR287C-A
YKR020W	YNL255C
YBR194W	YLR342W
YDR170C	YDR388W
YDR116C	YOL027C
YAL030W	YJL036W
YHR058C	YPR168W
YDR122W	YJL187C
YOL013C	YPL240C
YNL061W	YOL127W
YDL208W	YMR049C
YLL036C	YOR290C
YHL048W	YJR117W
YLL039C	YOR353C
YBR058C	YOL006C
YCR084C	YKL213C
YHL029C	YNL099C
YDR244W	YNL044W
YDR227W	YJL019W
YNL113W	YPR161C
YNL255C	YPR103W
YGL206C	YIL044C
YDR356W	YKL042W
YBR106W	YPL264C
YDR388W	YHL032C
YLR207W	YOL013C
YJL106W	YLR457C
YDL052C	YNL138W
YGR217W	YLL039C
YBL072C	YBR031W
YDR329C	YOL147C
YFR004W	YJL088W
YDR320C	YGR155W
YDL156W	YNL307C
YCL027W	YMR140W
YDR001C	YFR014C
YMR236W	YPL086C
YIL127C	YJR105W
YHL033C	YOR294W
YLR441C	YPL220W
YGR167W	YKL135C
YAL042W	YDL097C
YBL079W	YDL116W
YIL016W	YPR198W
YEL054C	YJR145C
YER020W	YMR186W
YGR032W	YJR066W
YGL180W	YHL019C
YCL057W	YNL064C
YGR124W	YPR145W
YFR031C-A	YMR242C
YAR018C	YPL018W
YBR010W	YPR052C
YAL005C	YOR124C
YMR203W	YPL063W
YCR030C	YMR109W
YDL115C	YGL180W
YDR097C	YNL312W
YGL189C	YHR114W
YJR002W	YPR137W
YDR171W	YGR092W
YFL039C	YNL138W
YDR405W	YLR439W
YEL017W	YGL180W
YBL072C	YMR093W
YDR212W	YGL190C
YJR101W	YOR204W
YBR202W	YGL201C
YGL200C	YJR132W
YKL092C	YLR182W
YJL111W	YNL212W
YER111C	YLR182W
YML065W	YOL127W
YFR014C	YKL151C
YFR032C-A	YMR242C
YEL034W	YPR080W
YGL014W	YNL096C
YML009C	YOL027C
YDR141C	YJL014W
YLR222C	YPR137W
YHR114W	YIL013C
YJR082C	YLR455W
YER172C	YPL151C
YBR200W	YGR134W
YBR094W	YLR264W
YDL047W	YOR317W
YJL069C	YJR002W
YGL014W	YMR242C
YCR091W	YNL155W
YBR267W	YDR507C
YJL177W	YOR234C
YBR109C	YMR105C
YHR104W	YOL016C
YFR052W	YHR102W
YDR404C	YPL228W
YLL024C	YPR119W
YDR484W	YJL029C
YJL177W	YJR123W
YDR101C	YOR063W
YKR076W	YLL039C
YAL005C	YOR155C
YER173W	YJL014W
YGR082W	YIL035C
YCL011C	YNL253W
YDR331W	YPL227C
YDL156W	YPL220W
YIL016W	YML075C
YDR397C	YJL057C
YGL014W	YNL302C
YBR048W	YGR085C
YNL216W	YPL075W
YHR114W	YLR081W
YLR071C	YOL135C
YEL055C	YGL043W
YLR167W	YNL255C
YPR019W	YPR135W
YKL035W	YLL039C
YBL067C	YOL087C
YGL076C	YJR123W
YFR031C-A	YGL147C
YGR085C	YKR081C
YDL014W	YMR229C
YIL035C	YPR152C
YJL130C	YKL010C
YJR112W	YOR360C
YDL014W	YGL078C
YBR079C	YIR010W
YDL212W	YGL200C
YBL007C	YNL116W
YNL039W	YOR116C
YBL079W	YLR018C
YML127W	YMR033W
YFR044C	YOL013C
YAL016W	YGL190C
YGL212W	YOR036W
YLR168C	YNL255C
YJL138C	YML064C
YIL051C	YKR048C
YHR114W	YJL134W
YDR320C	YGR167W
YNL255C	YOR074C
YIL035C	YML069W
YIL108W	YOL126C
YHR114W	YJR090C
YKR099W	YLR359W
YLL039C	YMR036C
YER129W	YOR373W
YLR332W	YPL004C
YDR009W	YNL229C
YKL092C	YLL039C
YAR007C	YLR304C
YKL014C	YLR249W
YDR227W	YLR293C
YER172C	YML046W
YBR146W	YIL093C
YMR106C	YOR110W
YGL180W	YLR429W
YMR036C	YPR191W
YDR411C	YFR004W
YBR146W	YNL255C
YLR298C	YMR125W
YBR119W	YHR065C
YDL014W	YPL126W
YGR048W	YLR450W
YLR381W	YPL018W
YKR086W	YMR125W
YNL075W	YPR137W
YBR112C	YGL194C
YMR186W	YOR197W
YHL007C	YHR131C
YAR007C	YBL003C
YJL053W	YMR010W
YBR056W	YFR007W
YDL101C	YOL082W
YDR320C	YEL032W
YFR001W	YMR229C
YDR153C	YJR125C
YIL118W	YJL085W
YCL054W	YDL031W
YBR109C	YJR104C
YGL137W	YPL240C
YMR091C	YPL240C
YBR031W	YPL220W
YJL076W	YPR152C
YDL111C	YDL165W
YBL003C	YDR303C
YHL007C	YPL201C
YOL018C	YOR320C
YER012W	YGL011C
YJR007W	YMR093W
YDR469W	YHR119W
YDR092W	YER061C
YHL010C	YLR138W
YAR007C	YFL014W
YDR482C	YLL036C
YGR180C	YPL240C
YGR184C	YPL177C
YAL016W	YKL080W
YBR090C	YNL255C
YEL032W	YLR103C
YDR086C	YJL002C
YDR303C	YLR321C
YFR052W	YMR106C
YDR212W	YIL142W
YAL035W	YMR194W
YER165W	YNL255C
YGL150C	YKL104C
YFR019W	YOL135C
YDR429C	YOR039W
YFR014C	YLR457C
YOL127W	YPL220W
YKL012W	YLR298C
YFL038C	YNL263C
YNL061W	YNL255C
YBR102C	YIL068C
YOL018C	YPL218W
YGR167W	YJL187C
YBL093C	YNR010W
YGR274C	YKR062W
YDL014W	YNL255C
YFL037W	YOR265W
YGL180W	YHR014W
YDL083C	YIR010W
YGR200C	YIL096C
YNR064C	YOL108C
YDR293C	YLR190W
YIL070C	YOR090C
YJR066W	YKR093W
YJL092W	YKL077W
YIL070C	YJR113C
YLR249W	YLR262C
YDR414C	YHL042W
YML065W	YMR108W
YDL080C	YLL039C
YBR109C	YLR274W
YMR070W	YPL240C
YLL060C	YLR043C
YFL037W	YIR010W
YDR137W	YNL209W
YFL039C	YIL159W
YGL222C	YNL255C
YHR004C	YMR165C
YOR197W	YPR080W
YNL086W	YOR174W
YEL034W	YNL302C
YHR051W	YNL061W
YDL055C	YFR040W
YGL137W	YLR268W
YDR523C	YEL039C
YMR142C	YOL127W
YGR060W	YPL246C
YDR174W	YJL076W
YBR247C	YLR186W
YLL026W	YLR357W
YKR079C	YMR099C
YCR091W	YML083C
YNL255C	YNL339C
YDL239C	YML042W
YER162C	YKL005C
YOR197W	YPL240C
YBL050W	YGL095C
YNL255C	YOR252W
YGL036W	YPR041W
YCL052C	YGR281W
YLR117C	YML049C
YBL104C	YDR130C
YER012W	YOR123C
YNL209W	YPR074C
YJL062W	YPL076W
YPL235W	YPR152C
YNL124W	YPL081W
YCL024W	YJR097W
YGL179C	YKR096W
YBL072C	YLR186W
YJR140C	YMR031C
YGL058W	YMR100W
YJR112W	YOL100W
YBR258C	YDR469W
YBL007C	YCR030C
YJR091C	YLL039C
YBL037W	YJR005W
YLR310C	YPL240C
YML065W	YPR183W
YJL014W	YOR162C
YLR203C	YPL004C
YLR268W	YOR075W
YDR152W	YNL255C
YNL255C	YOR223W
YLL048C	YNL238W
YDL239C	YOL091W
YAL018C	YHR114W
YCL024W	YPL240C
YGR142W	YNL255C
YJR002W	YOR004W
YGR112W	YHR051W
YGL011C	YIL075C
YDL203C	YLR248W
YDR211W	YFR004W
YLL039C	YNL070W
YIL033C	YKL062W
YFR004W	YML100W
YKL110C	YPL101W
YER043C	YLL039C
YLR181C	YNL255C
YBR183W	YGR284C
YBR251W	YPL240C
YDR200C	YNL127W
YKL065C	YNL048W
YER136W	YFR004W
YBR125C	YDR507C
YIR008C	YNL312W
YER012W	YFR052W
YKL180W	YOL040C
YHR187W	YMR236W
YGR135W	YOL146W
YFL022C	YFR004W
YML065W	YNL301C
YLL039C	YMR162C
YCR073C	YIL051C
YER165W	YHR197W
YBR059C	YJL084C
YDL223C	YNR032C-A
YAL061W	YNL255C
YBL038W	YNL005C
YJR090C	YLR134W
YFR014C	YGL073W
YER026C	YPL076W
YEL017C-A	YGL200C
YKL182W	YPL231W
YER122C	YHR135C
YJR132W	YOR326W
YAL016W	YMR105C
YBL003C	YPR010C
YHR097C	YLR377C
YAL005C	YBL005W
YDR523C	YGL245W
YLR276C	YML010W
YBR236C	YGR116W
YBR059C	YJL098W
YGL237C	YJR132W
YDR085C	YLR423C
YBL093C	YOL135C
YDL226C	YFR004W
YDL098C	YGR075C
YAL035W	YHR216W
YKR007W	YLL039C
YBR154C	YJL168C
YDR032C	YLR332W
YER141W	YGR112W
YAL016W	YOR162C
YJL057C	YNL117W
YAL016W	YLL039C
YIL016W	YLL061W
YBR146W	YNR037C
YLR342W	YNL025C
YNL138W	YOL087C
YDR304C	YHL008C
YHR135C	YKL114C
YHR135C	YKL077W
YHR165C	YPL151C
YML057W	YMR186W
YBR254C	YDR407C
YDR516C	YER123W
YFR004W	YGR180C
YCR088W	YHR016C
YCR088W	YFL039C
YBR167C	YHR062C
YER047C	YJL019W
YNL216W	YPL248C
YDL055C	YMR229C
YBR106W	YDL054C
YMR142C	YMR194W
YHR135C	YOR340C
YJL123C	YNL255C
YFR004W	YFR030W
YBL007C	YDR388W
YFL029C	YGR080W
YKL014C	YNL007C
YKL116C	YPR135W
YBL088C	YDR369C
YDL208W	YIR010W
YDR130C	YLR075W
YFR004W	YML056C
YDR312W	YGL180W
YFR004W	YOL061W
YOR096W	YPR041W
YMR165C	YNL154C
YBR083W	YKL161C
YDR414C	YNL326C
YDR171W	YJL092W
YJR109C	YLL039C
YKL082C	YPL141C
YGL112C	YNL255C
YDL030W	YOR017W
Q0085	YPL271W
YER131W	YNL255C
YAR027W	YOL129W
YIL078W	YMR099C
YER012W	YOR157C
YDL197C	YPL240C
YLR219W	YPL004C
YGR120C	YNL041C
YHL009C	YPL240C
YBL003C	YDR194C
YDL160C	YLL039C
YDL053C	YJL057C
YDR297W	YDR331W
YGR038W	YLR350W
YBR031W	YOL120C
YBL038W	YLR439W
YOL105C	YPL058C
YDL002C	YML065W
YBR247C	YLR075W
YHR197W	YOR063W
YLR151C	YNL255C
YFR004W	YMR241W
YBR062C	YMR083W
YHR041C	YLR071C
YKL014C	YPR080W
YMR233W	YNL255C
YDR427W	YFR010W
YBR139W	YBR280C
YGL246C	YJR123W
YDR322C-A	YNL255C
YBR207W	YDL123W
YLR406C	YLR441C
YHR165C	YML046W
YDL064W	YER095W
YHR020W	YPR152C
YIL156W	YMR216C
YDR356W	YPR161C
YAL024C	YOR276W
YDR190C	YFL013C
YJL140W	YPR052C
YJL130C	YMR235C
YDR224C	YGR252W
YLR207W	YLR450W
YDR237W	YKR006C
YCR021C	YDR479C
YFL039C	YGL015C
YNL154C	YPR152C
YML009C	YNL252C
YDR501W	YIL121W
YDL055C	YDR238C
YKL016C	YNL255C
YHL033C	YJR145C
YBL003C	YML065W
YDR443C	YNL025C
YKL135C	YPL259C
YGL190C	YNR032W
YKR025W	YPR190C
YHL024W	YLR429W
YJL098W	YLR249W
YGR012W	YLL039C
YJL014W	YMR106C
YEL009C	YLL039C
YCR020W-B	YMR091C
YBR200W	YOR047C
YAR027W	YDR100W
YIL075C	YOR261C
YDR130C	YHR020W
YDR224C	YMR223W
YAL005C	YJL039C
YDL194W	YOR047C
YBL093C	YGL127C
YDR324C	YNL209W
YGL105W	YOR231W
YDL060W	YPR161C
YGL059W	YGL180W
YDR288W	YLR383W
YDR171W	YLL039C
YKL149C	YLL039C
YFL033C	YOL147C
YGL104C	YGL225W
YBR010W	YDR463W
YBL003C	YHR118C
YDR240C	YLL036C
YER036C	YKL006W
YOR181W	YPL004C
YLR075W	YNL096C
YDR318W	YDR383C
YDL047W	YDR212W
YGR214W	YHL011C
YGL234W	YIR010W
YML010W	YOR039W
YJL039C	YLR044C
YNL273W	YPR019W
YDL052C	YKL094W
YDR293C	YIR010W
YDR331W	YJL091C
YBL105C	YNL154C
YHR115C	YOR215C
YDL005C	YGL127C
YER172C	YGR013W
YER044C	YNL280C
YLL039C	YMR246W
YDL116W	YPL075W
YEL031W	YFR004W
YGL134W	YKR096W
YGL031C	YKL180W
YFR004W	YGL207W
YEL017C-A	YLL023C
YDR378C	YOR320C
YJR123W	YNL255C
YIL016W	YLL023C
YMR109W	YOR035C
YEL066W	YML064C
YBR105C	YDR171W
YML130C	YOL088C
YDR331W	YLR018C
YBR183W	YDR506C
YMR109W	YOR227W
YLL060C	YLR429W
YOL146W	YPR019W
YEL002C	YJL002C
YIL114C	YNL130C
YAL047C	YLR429W
YJL019W	YNR031C
YLL039C	YML086C
YAL047C	YNL126W
YKR006C	YPL173W
YML065W	YPL235W
YBR010W	YCR084C
YBL093C	YMR109W
YKL085W	YOL128C
YMR242C	YPL220W
YBR011C	YFR004W
YKR006C	YNL255C
YGL098W	YNL255C
YFR004W	YHR063C
YDR214W	YFR004W
YFL037W	YIL094C
YBR189W	YPR161C
YDR012W	YDR091C
YIR010W	YNL301C
YDR388W	YNL287W
YLR276C	YNL002C
YDR226W	YLL004W
YKL160W	YPL141C
YLR085C	YLR187W
YER056C	YOL132W
YML046W	YMR125W
YDL100C	YFR004W
YHR114W	YKL129C
YGR281W	YLR075W
YBL003C	YNL201C
YBL088C	YLR025W
YEL044W	YJL081C
YBR066C	YKR015C
YOL083W	YPR049C
YGR060W	YML008C
YCL010C	YDR176W
YDR427W	YLL039C
YML065W	YML074C
YNL125C	YNL154C
YDL190C	YDR479C
YLR441C	YPL090C
YHR083W	YML086C
YAR007C	YDR310C
YLR043C	YLR109W
YLR058C	YLR085C
YLL036C	YLR424W
YBR154C	YJL148W
YKR022C	YLL062C
YFR004W	YKL035W
YDR320C	YHR165C
YBL072C	YLL011W
YDR087C	YLR249W
YHR007C	YLR332W
YJL084C	YKL135C
YOR294W	YPR102C
YJL034W	YJR104C
YML056C	YNL255C
YER020W	YER145C
YGR082W	YNL055C
YGL051W	YHL048W
YLR208W	YML130C
YDL097C	YDR180W
YLL045C	YOL120C
YKR068C	YMR186W
YJL056C	YPR154W
YFL062W	YOR071C
YBR140C	YPL240C
YDR212W	YER173W
YLL039C	YOL088C
YHR076W	YLL039C
YDR200C	YNL154C
YHR065C	YJR002W
YDR167W	YDR308C
YKL016C	YML081C-A
YGL245W	YGR092W
YDR032C	YLL039C
YFR010W	YOR124C
YER012W	YMR186W
YDL200C	YLL011W
YMR242C	YNL096C
YDR388W	YHR016C
YLR172C	YOR133W
YFR029W	YIR037W
YJR132W	YLR310C
YDL014W	YLR320W
YLR259C	YNL085W
YLL024C	YLR071C
YHL033C	YMR194W
YJL151C	YPL058C
YNL301C	YOL120C
YFR010W	YLR421C
YOR042W	YPR119W
YBR154C	YFR004W
YFR014C	YLR259C
YNL317W	YOL045W
YLR336C	YPL268W
YDL031W	YDR087C
YBL072C	YMR242C
YFL005W	YNL044W
YFR014C	YMR165C
YHR120W	YLL039C
YML101C	YPL240C
YML065W	YOR039W
YDR482C	YLR117C
YMR192W	YPL249C
YDR334W	YPL235W
YCR046C	YNL252C
YFR004W	YLR048W
YNL154C	YOR355W
YAL038W	YHR128W
YER047C	YKL032C
YDR226W	YPL026C
YGL051W	YKL146W
YIL035C	YOL026C
YMR193W	YPR086W
YER166W	YGR229C
YBR196C	YPR029C
YLL013C	YLR423C
YDL054C	YDR307W
YFL039C	YIL138C
YBR211C	YGR179C
YFL005W	YPL045W
YLR262C	YOL112W
YBR106W	YDR297W
YDR258C	YHR165C
YBL008W	YOR038C
YMR031C	YMR086W
YCL056C	YFR025C
YBL003C	YKR048C
YBL050W	YBR200W
YGR177C	YNL044W
YDR227W	YMR106C
YDR093W	YLR332W
YGL201C	YHR114W
YIL135C	YNL154C
YDR342C	YJL173C
YBR202W	YLR274W
YDR418W	YMR242C
YBR189W	YPL266W
YOL003C	YPL076W
YEL034W	YNL293W
YCL024W	YNL113W
YLL039C	YLR336C
YGR284C	YLR018C
YGL059W	YMR140W
YFR004W	YJR016C
YDR318W	YGR179C
YDL047W	YMR246W
YML014W	YNR046W
YMR033W	YOR290C
YLR128W	YOL133W
YIL062C	YPR093C
YHR135C	YIL075C
YJL179W	YML094W
YOR197W	YOR204W
YJL178C	YOL018C
YKL080W	YLL039C
YCR063W	YPR101W
YDR237W	YDR405W
YDR308C	YPR168W
YGL227W	YIL097W
YOR159C	YPR182W
YEL034W	YFR004W
YHR068W	YNL255C
YBL075C	YNL293W
YBR048W	YNL069C
YDR407C	YML077W
YLR075W	YOL011W
YKL213C	YOR341W
YBL003C	YOR204W
YDR322W	YKR006C
YBR059C	YNL243W
YLR018C	YPR080W
YBR198C	YEL009C
YFL005W	YGL233W
YDL116W	YLR208W
YLR072W	YPR152C
YDL030W	YDR416W
YKR066C	YPL004C
YFL038C	YJL030W
YBL104C	YGL190C
YAL024C	YKL152C
YHR165C	YLL036C
YGR030C	YNL221C
YDR211W	YNL255C
YBL008W	YBR010W
YHR023W	YOR035C
YBR010W	YDR224C
YOR204W	YPL249C-A
YNL154C	YNL155W
YNL313C	YOR133W
YCL014W	YEL023C
YER131W	YGL179C
YGR241C	YPL077C
YCR060W	YKL117W
YBR198C	YDR212W
YDR365C	YIL142W
YLR429W	YNL154C
YJR112W	YOR269W
YBL036C	YGR185C
YDR471W	YIR010W
YAR066W	YNL255C
YLL039C	YNL287W
YDR523C	YPL246C
YFL017C	YNL255C
YBR211C	YJR112W
YBR207W	YNL238W
YKL183W	YNL104C
YNL307C	YOL147C
YJR066W	YOL100W
YFR014C	YGL207W
YHR135C	YMR268C
YKL109W	YPR034W
YML065W	YPR190C
YML065W	YPR080W
YIL094C	YPL240C
YDL014W	YLR222C
YBL002W	YBR274W
YIR037W	YPR035W
YGL129C	YGR215W
YHR135C	YMR036C
YEL066W	YNL255C
YER122C	YGL137W
YBR041W	YOR317W
YDR519W	YOR261C
YNR054C	YOR361C
YCL024W	YLR060W
YHR114W	YKR103W
YAL016W	YGR161C
YBR059C	YNL277W
YGL137W	YOR119C
YEL034W	YJR145C
YDR227W	YMR284W
YBL016W	YNL246W
YEL002C	YPL076W
YBL016W	YBR072W
YDR238C	YGR229C
YGL245W	YML064C
YBL002W	YOL108C
YMR241W	YOL132W
YPL220W	YPR080W
YMR196W	YNL020C
YJR135C	YPL233W
YDR299W	YJR145C
YGR295C	YNL130C
YGR092W	YKL104C
YLR281C	YLR438C-A
YBL104C	YHL023C
YJL034W	YNL255C
YER129W	YIL035C
YHR052W	YPL249C-A
YDL075W	YDR130C
YAL005C	YJR073C
YCL054W	YHR197W
YGL180W	YOL130W
YFR004W	YOR187W
YCR088W	YOR231W
YIL117C	YNL307C
YGL179C	YNL021W
YBR072W	YER070W
YIR010W	YNL113W
YFR001W	YOL127W
YDL015C	YLR060W
YNL255C	YNL313C
YAL005C	YOL021C
YIL033C	YMR022W
YLR330W	YPR080W
YLR117C	YPR182W
YEL002C	YLL039C
YIR037W	YOL147C
YDR507C	YLR208W
YBR221C	YDR430C
YJL177W	YMR242C
YDR012W	YPL220W
YDL055C	YFR009W
YHL033C	YOR063W
YLL039C	YPL090C
YDR167W	YIR023W
YAR007C	YIR002C
YGL245W	YHR135C
YLR109W	YNL209W
YIL125W	YML064C
YOR153W	YPR152C
YBL016W	YOR276W
YDR322W	YLR312W-A
YER048C	YLR429W
YBL002W	YGL112C
YMR033W	YMR091C
YDR330W	YPL018W
YDR214W	YMR186W
YBL072C	YGR085C
YER146W	YER172C
YIL095W	YOR181W
YBR010W	YLR320W
YFR004W	YLR359W
YER088C	YML010W
YBL003C	YDL002C
YMR215W	YNL044W
YAL005C	YLR424W
YGL059W	YGR179C
YAL035W	YPL005W
YDL125C	YPL240C
YFR004W	YJR104C
YKR077W	YLL004W
YBR128C	YGL105W
YBL003C	YMR049C
YDR091C	YFR004W
YNL220W	YOR187W
YBR106W	YDL015C
YJL019W	YOL012C
YNL216W	YOR290C
YBR130C	YPL240C
YKL002W	YOR047C
YIL078W	YLL039C
YGL180W	YGL209W
YDL208W	YNL112W
YDR365C	YDR507C
YKL085W	YNR001C
YBR058C	YEL030W
YGL254W	YOR039W
YIR010W	YJL034W
YDL100C	YLR297W
YNL255C	YPR043W
YGR275W	YML065W
YDR293C	YHR079C
YMR109W	YNR007C
YDR087C	YKL014C
YHR076W	YMR137C
YDL083C	YPL081W
YHR086W	YMR125W
YDR224C	YOL108C
YBR234C	YNL020C
YGL023C	YNL255C
YDR440W	YHR135C
YKR048C	YOL059W
YLR103C	YPR135W
YLR117C	YLR424W
YGL179C	YPR035W
YGR092W	YML035C
YHL007C	YPR091C
YDL030W	YDR026C
YBL007C	YNL243W
YDR429C	YPR041W
YAL005C	YLR293C
YDR122W	YOL054W
YLL011W	YLR186W
YCR068W	YIR033W
YER105C	YJL030W
YKL028W	YOL012C
YDR308C	YOR174W
YIR010W	YLL045C
YDR184C	YNL154C
YCL032W	YDR032C
YER012W	YNL209W
YER094C	YGR253C
YLL039C	YOR087W
YDL239C	YOR373W
YAR007C	YML032C
YBL045C	YEL024W
YFR031C-A	YOR204W
YLL026W	YMR091C
YDL101C	YLR437C
YDR471W	YGL014W
YDR101C	YNL175C
YDR214W	YKL010C
YJL084C	YJL187C
YBR251W	YOR204W
YDR207C	YNL097C
YBL003C	YMR186W
YIR026C	YLL045C
YDL247W	YPL240C
YLR075W	YNL112W
YDR331W	YMR215W
YER172C	YLL036C
YDR471W	YFR032C-A
YDR365C	YIL035C
YGL198W	YLL039C
YNL255C	YPL081W
YGL180W	YLR098C
YGL216W	YPL075W
YDR383C	YOL054W
YER165W	YOR290C
YDR012W	YGL111W
YOL012C	YPR052C
YFR004W	YGR187C
YOR101W	YPL240C
YER093C	YIR010W
YMR314W	YOR261C
YLL045C	YMR242C
YDR411C	YML029W
YHR135C	YLR375W
YBL003C	YPL126W
YBR234C	YLR370C
YGL246C	YLL045C
YOL041C	YOL100W
YFR004W	YGR092W
YHR016C	YIL156W
YMR112C	YOR174W
YDL015C	YGL200C
YAL038W	YOL145C
YCR046C	YDR116C
YLR384C	YML010W
YDL237W	YPR148C
YNL255C	YOR182C
YDL002C	YFL013C
YCR091W	YJL089W
YCR030C	YHR016C
YLR274W	YOR153W
YKR048C	YOR081C
YNL255C	YOR133W
YDL055C	YGL137W
YDR238C	YLL039C
YIL094C	YOL145C
YER122C	YGL180W
YCR060W	YMR186W
YBL021C	YGL237C
YCL027W	YER149C
YDL005C	YHR058C
YER095W	YGL163C
YGR097W	YMR049C
YAR018C	YJL092W
YDL123W	YGL006W
YAR007C	YDR174W
YKR048C	YKR079C
YDR471W	YNL255C
YJL081C	YJR082C
YDR497C	YNL307C
YHL048W	YOR378W
YIL159W	YKL129C
YEL030W	YLR203C
YCL055W	YGL036W
YEL053C	YNL183C
YFR009W	YFR040W
YGR281W	YHR001W
YNL301C	YOR063W
YFR004W	YGR124W
YHL033C	YLL045C
YLR278C	YOR181W
YDL039C	YNL154C
YHR033W	YKL166C
YER173W	YJR072C
YDL160C	YGR253C
YLL023C	YLL056C
YHL007C	YHR042W
YIL035C	YNL112W
YHR052W	YMR049C
YBR010W	YGR252W
YCR075C	YFL062W
YDR496C	YNL002C
YAL005C	YDR172W
YHR079C	YOL148C
YAL060W	YFR004W
YBR031W	YHR169W
YAL024C	YFL018C
YKR025W	YNL113W
YDR211W	YLL039C
YFR004W	YMR261C
YDL165W	YGR092W
YDR457W	YPL240C
YML065W	YMR024W
YDR101C	YMR242C
YDR101C	YLL045C
YBR274W	YDR168W
YEL032W	YHR033W
YKL143W	YNL255C
YGL005C	YGR120C
YML069W	YOR123C
YNL255C	YPL071C
YJL083W	YPL109C
YDR308C	YHR041C
YFR014C	YJL148W
YGR180C	YLL039C
YNL255C	YPL037C
YBR175W	YHR119W
YHR197W	YML010W
YMR067C	YNL154C
YLR447C	YOR028C
YGR284C	YHR007C
YKL135C	YPL249C-A
YGL207W	YLL039C
YGL014W	YMR194W
YKL104C	YLR058C
YIR010W	YPL266W
YAL042W	YHL007C
YAL016W	YAL024C
YDR507C	YJR047C
YDL005C	YLR071C
YBR107C	YOR030W
YGL011C	YLR071C
YJL069C	YPL126W
YMR186W	YPL001W
YFR010W	YLL039C
YBR247C	YOR290C
YMR229C	YOL120C
YGR253C	YOR148C
YMR091C	YMR186W
YJL100W	YPL100W
YFR014C	YJL160C
YDR172W	YNL124W
YER172C	YLR424W
YDR032C	YML064C
YBR222C	YLL039C
YLL039C	YPR030W
YDL030W	YPR101W
YLR450W	YPR154W
YCR012W	YHR174W
YBR254C	YKR068C
YDR407C	YDR472W
YAL034W-A	YKL089W
YNL255C	YPL064C
YDR388W	YMR109W
YDL105W	YOL034W
YER145C	YLR332W
YHR016C	YPR052C
YER020W	YOL105C
YBR133C	YJL187C
YGL181W	YHR177W
YHR099W	YLR403W
YDL141W	YLL039C
YLR441C	YNL069C
YKR051W	YLL039C
YLL039C	YNL096C
YCL054W	YNL255C
YIR023W	YJR066W
YDL101C	YMR226C
YHR135C	YPR091C
YDR101C	YDR168W
YFR014C	YOR340C
YER166W	YPL160W
YBR198C	YCL010C
YAL034C	YGR274C
YCR075C	YOL016C
YBR023C	YNL255C
YDR331W	YER026C
YER036C	YLL045C
YBR079C	YNL289W
YLR257W	YNL183C
YCR088W	YLL039C
YOR023C	YPL248C
YGR253C	YNL255C
YER118C	YLR353W
YDR233C	YLL023C
YBL007C	YNL238W
YKL144C	YPR190C
YBR247C	YDR174W
YBR038W	YLL039C
YDR375C	YNL131W
YHR016C	YJL004C
YMR244C-A	YNL255C
YGR186W	YPR056W
YDR224C	YFR013W
YDR364C	YPL151C
YER172C	YHR165C
YEL051W	YMR105C
YDR122W	YPR115W
YKL148C	YLL041C
YDL098C	YMR240C
YDR361C	YPL125W
YHR156C	YIL026C
YGL066W	YGL112C
YDL176W	YMR135C
YFR004W	YGR155W
YJL034W	YOR081C
YBR139W	YLL039C
YCL025C	YKL065C
YKL152C	YPR152C
YBL016W	YOL127W
YGL147C	YHR197W
YDL031W	YGL245W
YIL016W	YML065W
YHR099W	YMR236W
YGL076C	YGL111W
YGL079W	YGR113W
YER146W	YNL255C
YDL190C	YML013W
YNL061W	YPL220W
YDL149W	YHL007C
YGL206C	YLR170C
YGL127C	YMR112C
YBR247C	YPL090C
YBR264C	YGL198W
YBR010W	YOL054W
YHL010C	YLL039C
YMR140W	YNR031C
YJL106W	YOR239W
YBL075C	YBR247C
YER013W	YHR165C
YKL105C	YOR181W
YIR010W	YPR161C
YIL095W	YLR015W
YGR214W	YPR112C
YFR030W	YPR010C
YDL111C	YHR081W
YDR012W	YDR418W
YER118C	YNL152W
YBR048W	YFR004W
YBR119W	YGR013W
YDL014W	YMR014W
YLL024C	YOR197W
YER128W	YOL016C
YDR001C	YLR270W
YBR194W	YDR172W
YDL100C	YIL162W
YLR219W	YLR427W
YDR101C	YOL120C
YIL070C	YNL255C
YDL160C	YLR438C-A
YER172C	YHR156C
YHR016C	YPR055W
YDR496C	YLR449W
YDR012W	YJR145C
YHR118C	YMR036C
YDR496C	YGR274C
YKR081C	YOR096W
YAR007C	YGR275W
YBL038W	YCR046C
YFL013C	YFL039C
YKL135C	YOL108C
YNL273W	YPR037C
YGL104C	YKL065C
YDR135C	YFR019W
YBL016W	YDR153C
YHR135C	YNL165W
YBL023C	YPL001W
YHR135C	YJL084C
YDR243C	YDR388W
YDR121W	YML065W
YDR130C	YNR053C
YJR066W	YMR307W
YML010W	YML069W
YHR135C	YOR042W
YDL075W	YGL076C
YER146W	YPL220W
YLL004W	YPL008W
YBL104C	YLR208W
YDR443C	YGR104C
YER111C	YOR083W
YBR216C	YIR037W
YAL005C	YJL084C
YDR421W	YKR080W
YDR395W	YNL255C
YDR105C	YOR153W
YAL035W	YPL237W
YBL105C	YER165W
YDR378C	YER172C
YDR214W	YER173W
YDR224C	YPL084W
YAL042W	YFR052W
YFR029W	YJL156C
YDR233C	YFR004W
YER164W	YNL007C
YDR240C	YHR165C
YAL035W	YMR142C
YNL124W	YNL302C
YLR181C	YNL265C
YDL088C	YKL068W
YDR273W	YLL039C
YDL239C	YGR268C
YBL105C	YPL151C
YDR501W	YPL058C
YIL013C	YPL240C
YKR038C	YNL255C
YDR116C	YNL005C
YDR121W	YOR304W
YDR190C	YGL150C
YAL035W	YLR075W
YIR010W	YOL054W
YJL076W	YPL126W
YJR125C	YOR036W
YMR146C	YNL062C
YDR122W	YDR162C
YNL251C	YPR080W
YKL156W	YNL255C
YHR104W	YML086C
YLR132C	YLR423C
YGR202C	YOR098C
YCR063W	YMR024W
YFR001W	YML065W
YBR280C	YOL133W
YDR342C	YLL039C
YCL014W	YGL245W
YCR024C-A	YOL132W
YHR202W	YJL092W
YDL204W	YDR233C
YOR281C	YPL141C
YOR361C	YPL126W
YLL004W	YML065W
YJL014W	YKL198C
YBR142W	YBR194W
YDR479C	YGL104C
YJL083W	YPL004C
YDL223C	YPL141C
YIR010W	YMR142C
YGL237C	YKR028W
YJL076W	YOL016C
YDL160C	YGL014W
YEL051W	YJL151C
YDR211W	YOR260W
YDR405W	YNL185C
YLR439W	YNL005C
YNL055C	YNR010W
YDR457W	YOL025W
YBR274W	YJR082C
YDR092W	YLR059C
YFR004W	YGR211W
YBR023C	YJR125C
YJR099W	YLL039C
YBL007C	YJL145W
YFL014W	YFR004W
YIL071C	YOR361C
YJL036W	YPL174C
YKL116C	YLR257W
YNL007C	YPL004C
YLR310C	YOR101W
YDR212W	YOR284W
YFR014C	YKL166C
YLR048W	YNL255C
YER178W	YNL255C
YGR135W	YMR291W
YLR276C	YMR216C
YCR073C	YDL056W
YDR012W	YOL127W
YGL206C	YPR029C
YDR379W	YPR152C
YGR281W	YLR441C
YBR048W	YMR242C
YMR049C	YPL141C
YDR331W	YIL016W
YIL013C	YJL092W
YBR072W	YFR004W
YBL025W	YBR274W
YNL064C	YOR361C
YCL054W	YNL175C
YAL035W	YHL033C
YNL255C	YOR086C
YDR214W	YKL104C
YDL075W	YDR395W
YER020W	YHR001W
YHR135C	YNL022C
YLL029W	YPL240C
YIL079C	YOR204W
YGL090W	YNL113W
YLL039C	YNL307C
YNL255C	YOL127W
YPL026C	YPL028W
YBL092W	YNL096C
YDR301W	YMR125W
YBR049C	YDR303C
YGR192C	YMR086W
YFR004W	YLL024C
YBL039C	YFR031C-A
YGR214W	YNL112W
YFR010W	YMR314W
YFR004W	YML086C
YBR251W	YGR170W
YLL039C	YLR017W
YER043C	YGL237C
YDR330W	YHR135C
YDR365C	YDR496C
YDR244W	YOL147C
YHR202W	YPL240C
YFR014C	YLL039C
YEL002C	YOR254C
YHR135C	YLR265C
YHR041C	YKL054C
YFR004W	YLR384C
YHR007C	YPL076W
YBR107C	YLR381W
YOR326W	YPL269W
YJL092W	YKL057C
YBR031W	YKL180W
YBR194W	YLL013C
YHR129C	YMR294W
YAL034W-A	YCL024W
YDR224C	YDR439W
YHR196W	YJL076W
YFR010W	YIL075C
YFR031C-A	YLL045C
YHR165C	YPR182W
YBL067C	YER030W
YML064C	YMR055C
YIL035C	YOR341W
YFR032C-A	YJL177W
YHR079C	YIL135C
YMR308C	YOL127W
YBR031W	YMR242C
YDR338C	YLL039C
YBL072C	YBR194W
YER111C	YKR077W
YBR227C	YKR026C
YJL088W	YPL111W
YCL034W	YNL255C
YGL179C	YOL082W
YDR334W	YLR438C-A
YGL073W	YNL209W
YFR001W	YMR242C
YGL245W	YOL012C
YBR234C	YLR429W
YBR189W	YGR085C
YBR198C	YHR041C
YCR088W	YDR303C
YIL016W	YNL255C
YAL005C	YOR038C
YBR079C	YJR007W
YEL054C	YGL246C
YGL066W	YMR168C
YDR098C	YNL255C
YDR419W	YGL064C
YDL031W	YDR101C
YNL086W	YOL130W
YJR112W	YPL018W
YCR012W	YJL030W
YJR109C	YOL128C
YBL002W	YLR455W
YJL130C	YMR246W
YFL017C	YOL059W
YMR093W	YPL266W
YDL054C	YDL212W
YOR095C	YOR265W
YBR031W	YFR004W
YGL190C	YMR109W
YBL112C	YNL255C
YJL185C	YPL018W
YGL180W	YLR003C
YDL212W	YDR297W
YDR152W	YHR060W
YCR063W	YLL036C
YLR298C	YML046W
YOL133W	YPR019W
YAR002W	YJL130C
YKR077W	YLR182W
YMR060C	YNL026W
YDR176W	YDR457W
YAR027W	YNL219C
YDR523C	YKL114C
YDR177W	YDR226W
YBL092W	YLL039C
YDR404C	YGL070C
YDL105W	YLR007W
YGR180C	YJL057C
YBR049C	YMR242C
YML064C	YPL218W
YCR021C	YJR076C
YDR121W	YOL012C
YGR067C	YOL116W
YOL062C	YPL259C
YHR166C	YNL172W
YNL255C	YOR039W
YFL038C	YOR075W
YGR054W	YJL092W
YDL100C	YKL062W
YDL102W	YLL039C
YIL033C	YNL093W
YGR138C	YLR332W
YKL191W	YOR133W
YNL255C	YOR063W
YBR085W	YHR135C
YDR392W	YPL248C
YCR063W	YOL135C
YHL033C	YNR031C
YER131W	YFR014C
YBL003C	YJL034W
YDL047W	YGR161C
YBR072W	YPR161C
YNL069C	YOL127W
YGL076C	YJL177W
YDR256C	YLL039C
YJR072C	YKR026C
YFL024C	YLR223C
YNL113W	YOR116C
YIL030C	YMR022W
YOL120C	YOR063W
YBR274W	YPR145W
YDL169C	YNL172W
YFR004W	YIR011C
YBR106W	YER056C
YAL038W	YKL110C
YKL002W	YPR173C
YKL150W	YML086C
YDL005C	YNR010W
YLR312W-A	YMR193W
YER136W	YLR262C
YFR014C	YHR033W
YEL032W	YLR274W
YDR091C	YDR429C
YHR069C	YKL129C
YKL082C	YLR353W
YLL024C	YOR191W
YDR122W	YIL165C
YHR114W	YNL092W
YDR471W	YNL301C
YDR482C	YOR276W
YEL034W	YOR261C
YBL079W	YOR098C
YHR135C	YLR350W
YIL070C	YOL054W
YBR274W	YNL234W
YER118C	YPL240C
YLL039C	YNL115C
YDR523C	YGL066W
YDR507C	YLL054C
YOR157C	YOR261C
YGL245W	YIR010W
YHR041C	YOL135C
YJR113C	YMR158W
YCL024W	YDR507C
YGR056W	YLR357W
YGR092W	YNL007C
YGR173W	YKL085W
YMR146C	YOR254C
YER013W	YNL253W
YER103W	YFR004W
YFL045C	YGL208W
YAL010C	YLL039C
YAL016W	YJR066W
YDR412W	YER105C
YJL052W	YNL255C
YDL055C	YLR435W
YHR052W	YKL014C
YGR104C	YHR058C
YNL255C	YOL155C
YDL097C	YLR421C
YDR167W	YPL248C
YDL055C	YNL045W
YMR186W	YOL012C
YFL024C	YNL136W
YLL039C	YPR010C
YDR174W	YJL177W
YOR096W	YPL081W
YBR049C	YMR091C
YNL255C	YOL088C
YPL161C	YPR198W
YBL003C	YDR174W
YAR007C	YLR274W
YDL239C	YOR380W
YHR094C	YJR066W
YBL003C	YBR049C
YJR076C	YLL019C
YGL207W	YMR125W
YGR056W	YKR008W
YLR075W	YLR287C-A
YDR428C	YJL014W
YDR416W	YIL068C
YFR004W	YKL080W
YNL255C	YOR096W
YDR130C	YGR113W
YKL028W	YNL112W
YGR200C	YOL061W
YBR265W	YLR075W
YDR379W	YNL307C
YBL039C	YJR103W
YNL255C	YPL239W
YDL083C	YJR123W
YER020W	YJL106W
YER036C	YOR234C
YGR167W	YPL141C
YCL024W	YMR140W
YDR295C	YMR117C
YJL014W	YJR076C
YLL039C	YMR186W
YGL245W	YNL154C
YPR052C	YPR161C
YNL255C	YPR101W
YJR002W	YMR091C
YBL088C	YDL101C
YDR167W	YOL145C
YKR022C	YLR117C
YBR207W	YDR100W
YIR026C	YJL083W
YGL181W	YGR192C
YCR091W	YNR047W
YGL031C	YLL045C
YHR052W	YPL220W
YDR472W	YOL018C
YIL070C	YKL108W
YER022W	YKL117W
YDL101C	YDR171W
YDL101C	YJR056C
YDR331W	YJR117W
YGR132C	YPR152C
YBL033C	YPR172W
YKL198C	YMR229C
YHR196W	YLR441C
YAL010C	YNL070W
YBR194W	YGR097W
YDR237W	YNL185C
YGR215W	YIL070C
YOL045W	YPR035W
YDR092W	YLL039C
YJR145C	YPL090C
YKL092C	YNL113W
YOL054W	YPL233W
YLL036C	YPR080W
YKR006C	YMR024W
YLL011W	YLR222C
YBL072C	YGR081C
YDR394W	YNL290W
YOL120C	YPL249C-A
YBR072W	YPR056W
YKL117W	YPL240C
YBL078C	YNR007C
YGR252W	YKL104C
YCR020W-B	YOL012C
YBR048W	YDL060W
YGR078C	YLR212C
YCR088W	YFR004W
YDR443C	YGL127C
YBR189W	YGL147C
YMR240C	YOR319W
YNL185C	YNL255C
YLL019C	YOL016C
YMR241W	YOR181W
YGL150C	YJL081C
YBL039C	YPL220W
YGL190C	YHR033W
YBL079W	YGL092W
YBL038W	YLR312W-A
YDR212W	YLR429W
YAR027W	YGR060W
YMR010W	YPL246C
YLR027C	YOL147C
YGR214W	YGR234W
YLR201C	YPL240C
YGL190C	YMR304W
YFR004W	YPR183W
YMR216C	YNL027W
YGR048W	YLL039C
YGL179C	YKL121W
YCR060W	YDR190C
YBL003C	YEL012W
YDR369C	YLR453C
YNL255C	YNR036C
YJR101W	YML065W
YGL237C	YKR048C
YIL019W	YLL011W
YKR081C	YMR229C
YNL154C	YOR239W
YKL180W	YPL220W
YDR404C	YJL168C
YML074C	YOR340C
YCR066W	YOR128C
YNL020C	YNL154C
YDR214W	YJL030W
YDR303C	YHR099W
YFR010W	YMR216C
YDR429C	YOR361C
YJR145C	YNL069C
YBR109C	YJR073C
YGR275W	YOR290C
YNR010W	YOL135C
YGR120C	YOR353C
YLL011W	YMR229C
YML049C	YOR159C
YBL072C	YJR123W
