YMR207C	YNR016C
YIL135C	YMR139W
YNL316C	YOL082W
YLR075W	YNL110C
YGL173C	YKL139W
YPL115C	YPL161C
YEL002C	YKL008C
YML009C	YNL284C
YDR167W	YDR392W
YDR212W	YLL019C
YDL060W	YNL207W
YLL039C	YLR113W
YMR004W	YPL031C
YGR055W	YPL058C
YBL072C	YOR078W
YKL059C	YNL255C
YGL122C	YJR138W
YBL032W	YCL028W
YML001W	YOL112W
YDL181W	YNL250W
YEL039C	YJL164C
YAL017W	YOL045W
YKL126W	YNR047W
YGR281W	YHR114W
YBR160W	YLR455W
YDR383C	YIR010W
YHR027C	YOL133W
YJL164C	YKL079W
YGL091C	YIL129C
YNL255C	YOR210W
YGL191W	YLL039C
YDL226C	YPR183W
YFR014C	YJL146W
YGL122C	YKL016C
YGL106W	YLR274W
YGL122C	YIR010W
YDR392W	YLR113W
YBR159W	YIL005W
YDR047W	YOR361C
YGL122C	YOR221C
YIR037W	YLR216C
YGR105W	YML012W
YKL139W	YOL012C
YDR059C	YPL037C
YIL075C	YOL117W
YBR052C	YLL028W
YBR142W	YNL110C
YNL250W	YOR261C
YDR100W	YJL178C
YGL076C	YNL178W
YJL128C	YMR319C
YNL125C	YNL130C
YBL007C	YDL206W
YFR014C	YIL167W
YKR081C	YOR294W
YML085C	YNL223W
YJR048W	YKL195W
YJR032W	YNL330C
YGR026W	YPL031C
YDL088C	YDR159W
YER131W	YGL180W
YBR031W	YEL034W
YKL079W	YNL154C
YNL113W	YPR010C
YOR047C	YOR358W
YBR193C	YLR071C
YBL050W	YPL232W
YDR225W	YDR510W
YDR427W	YER012W
YML096W	YNL154C
YFR010W	YLR246W
YHR196W	YMR229C
YBL032W	YKL198C
YBR234C	YNL040W
YMR202W	YNL280C
YLL028W	YLR332W
YHR005C-A	YKL195W
YGL122C	YPL211W
YHR188C	YJR015W
YBL079W	YFR002W
YOL041C	YPL131W
YHR027C	YMR186W
YDL116W	YDR113C
YDR388W	YOR117W
YBR202W	YDL029W
YDR225W	YOR005C
YIR033W	YLL039C
YGL150C	YGR274C
YBR095C	YNL097C
YGL116W	YJL111W
YIL021W	YOR210W
YHR081W	YNL255C
YDR224C	YDR227W
YJL041W	YJL063C
YBR002C	YBR177C
YFL004W	YNL255C
YBL050W	YGL122C
YDR116C	YKR006C
YBR177C	YJL153C
YHL009C	YLR336C
YFL017W-A	YGR091W
YBR049C	YDR510W
YER022W	YGL122C
YDR143C	YMR229C
YEL039C	YLL039C
YGL123W	YMR131C
YAL001C	YDR510W
YDL134C	YOR073W
YDL191W	YNR051C
YGL122C	YLR172C
YDR224C	YLL039C
YDL203C	YGR058W
YNR064C	YOL045W
YDL116W	YDR192C
YBR048W	YDR064W
YKR018C	YPR106W
YDR407C	YOR115C
YCL024W	YKL181W
YMR317W	YNL255C
YLR129W	YMR093W
YGL122C	YKL210W
YOL021C	YPR190C
YDR440W	YLR429W
YGR199W	YPL026C
YGL122C	YHR083W
YDR418W	YHR027C
YGL122C	YPR188C
YMR229C	YOR340C
YBR049C	YOR341W
YBR183W	YOL132W
YBR120C	YNL255C
YAL034W-A	YNL154C
YML131W	YOL154W
YKR093W	YOR153W
YBL032W	YLR466W
YGL122C	YNL032W
YKR062W	YPL106C
YDL029W	YMR109W
YBL039C	YJL138C
YAL029C	YMR139W
YNL255C	YOL013W-A
YBL072C	YNL055C
YER165W	YML056C
YOR056C	YPL031C
YLR432W	YNL255C
YKL109W	YOR358W
YML085C	YMR048W
YBR031W	YBR142W
YNL059C	YPL235W
YDR224C	YML112W
YHR058C	YNL255C
YGR091W	YLR438C-A
YBL072C	YJR145C
YLR377C	YNL059C
YBR114W	YKR001C
YDR312W	YJL164C
YFR022W	YNL307C
YBR080C	YBR261C
YDL219W	YGL122C
YDL045W-A	YNL306W
YEL034W	YNL004W
YPL256C	YPL267W
YBR102C	YML097C
YHR169W	YPR121W
YGR167W	YJL057C
YGL122C	YNR007C
YDL029W	YDR143C
YBR208C	YOL133W
YFR004W	YLR043C
YGL122C	YNL091W
YDL132W	YLR224W
YDR032C	YHR135C
YHR135C	YOR344C
YNL112W	YNL255C
YDR407C	YGR166W
YLR310C	YPL038W
YDL082W	YDR064W
YNL039W	YNL255C
YGL098W	YGL145W
YJL187C	YJR082C
YNL084C	YPL153C
YDL116W	YLR018C
YFR004W	YHR098C
YDR256C	YOL045W
YCR020W-B	YMR033W
YNL154C	YPL191C
YEL034W	YLR069C
YDR064W	YLR129W
YIL131C	YJL197W
YJL014W	YLR196W
YBR114W	YLR044C
YDR101C	YKL009W
YDL243C	YGL122C
YGR116W	YLL039C
YLR251W	YNL255C
YML008C	YNL280C
YEL011W	YLL039C
YGL180W	YJR019C
YBL032W	YML109W
YBR261C	YMR021C
YBL007C	YLR337C
YBL042C	YGR055W
YGL122C	YLR330W
YDR080W	YGL025C
YJL164C	YKR094C
YBR056W	YFR004W
YOR117W	YPL031C
YBR112C	YNL167C
YBL032W	YGL035C
YDR142C	YPL226W
YCL056C	YDR142C
YGR038W	YJL187C
YGL246C	YNL069C
YJL151C	YMR296C
YMR264W	YOR045W
YNL092W	YOR159C
YJR145C	YNL132W
YDR064W	YHR027C
YJL187C	YLR132C
YDR473C	YNL229C
YAL028W	YLR233C
YHR197W	YLR449W
YER165W	YHR086W
YJL052W	YLL060C
YCL054W	YKR081C
YMR242C	YOL120C
YBR274W	YLR258W
YER103W	YOR304W
YHR052W	YOL127W
YGR075C	YML051W
YER133W	YGL122C
YBR194W	YIR006C
YLR044C	YNL127W
YDR328C	YGL122C
YGL253W	YOR117W
YKL212W	YLL039C
YDR247W	YKL193C
YJR145C	YNL055C
YCR009C	YNL209W
YBR017C	YBR189W
YHR102W	YIL129C
YBR035C	YLL039C
YER122C	YIL095W
YNR017W	YOR232W
YDL239C	YGL075C
YDR129C	YMR246W
YDR374C	YNR052C
YBL074C	YDL214C
YDL029W	YNL255C
YBL043W	YMR117C
YIR024C	YNL255C
YGL122C	YPR045C
YDR174W	YGR270W
YDL192W	YEL022W
YGL122C	YGR105W
YIR014W	YNL118C
YDR247W	YHL024W
YHR135C	YKL093W
YGR281W	YJR066W
YHL009C	YPL141C
YGL146C	YOR005C
YFL017W-A	YMR213W
YGL031C	YGR281W
YBR207W	YPL203W
YDL132W	YJL047C
YBR198C	YJR072C
YBL032W	YOR028C
YDR091C	YPR041W
YBR193C	YGL122C
YEL047C	YGL122C
YGL031C	YMR242C
YDR381W	YKL212W
YDL065C	YNL214W
YCR092C	YGL122C
YLR427W	YPL031C
YML131W	YPL001W
YGL105W	YLR166C
YGL215W	YPL031C
YBR189W	YDR418W
YGL181W	YGR241C
YML131W	YOR092W
YDR493W	YGL122C
YGL105W	YLR138W
YCL024W	YGR231C
YBR036C	YPR198W
YBL032W	YGR021W
YGL122C	YLR287C-A
YBR080C	YIL004C
YDR510W	YJL140W
YGL066W	YGR252W
YDR510W	YPL011C
YKR081C	YOR063W
YCR065W	YML051W
YIL034C	YLR196W
YAL028W	YLR378C
YGL011C	YLR211C
YNL118C	YOR093C
YKL127W	YOL045W
YCR061W	YIL134W
YLR449W	YOL077C
YGL122C	YHR059W
YGL077C	YPL058C
YDR381W	YLL039C
YBL032W	YPL011C
YDR028C	YGR252W
YDR016C	YDR201W
YBR250W	YNL012W
YDL139C	YOL091W
YER171W	YMR201C
YBR160W	YPR030W
YIL095W	YLR196W
YDR238C	YKL145W
YDL088C	YNL154C
YHR161C	YNL020C
YBR275C	YLR453C
YLL039C	YLR153C
YDR207C	YIL084C
YDR188W	YKR036C
YGR237C	YML056C
YBR183W	YFL041W
YIL027C	YPL070W
YDR330W	YGR003W
YBR221C	YFR004W
YHR205W	YPL031C
YHR196W	YLR129W
YLR258W	YPL141C
YCL054W	YER133W
YBR025C	YJR121W
YDR424C	YIL095W
YEL034W	YPR173C
YDL125C	YNL154C
YHR052W	YPL141C
YGL122C	YMR206W
YHR027C	YLR048W
YDR510W	YLL032C
YPL106C	YPR108W
YMR285C	YNL154C
YEL017C-A	YNL194C
YJR002W	YLR129W
YIL115C	YLR018C
YER133W	YKL166C
YEL054C	YHR197W
YGR180C	YOL045W
YCL011C	YJL006C
YLR153C	YNL178W
YJL173C	YMR105C
YJR095W	YLL039C
YIL021W	YPL203W
YKL145W	YOR259C
YJR053W	YNL238W
YJL176C	YPR034W
YIL113W	YNL138W
YAR002W	YDR381W
YGL059W	YOL070C
YHR035W	YPR119W
YLL039C	YOR261C
YGL173C	YLL039C
YGL122C	YIL130W
YLL026W	YOL111C
YIL124W	YJL151C
YBR169C	YDR171W
YDR109C	YNL154C
YAL032C	YBR194W
YGL122C	YHR138C
YKL029C	YOR181W
YDR237W	YDR462W
YDR093W	YLL039C
YDR323C	YPL031C
YBL061C	YDR247W
YBR059C	YHR161C
YGR274C	YNL178W
YEL013W	YFR035C
YDR016C	YGL061C
YDL065C	YOL147C
YGL151W	YLL039C
YGL142C	YML012W
YNL161W	YPL032C
YLL039C	YOL087C
YHR208W	YLR259C
YBR183W	YPL227C
YHR139C	YPL026C
YGR055W	YOL105C
YHR135C	YPR019W
YBR052C	YOL105C
YDR324C	YNR051C
YIL020C	YPL031C
YLL039C	YPL019C
YBL007C	YPR030W
YDR238C	YOR363C
YFR004W	YGL054C
YCR069W	YLL039C
YMR153W	YOL016C
YIL125W	YKL198C
YDL165W	YKL166C
YBL072C	YMR309C
YCR024C-A	YLL023C
YBL032W	YOL135C
YDL200C	YGL121C
YNL209W	YPR119W
YML035C	YPL153C
YJR097W	YNL255C
YGL058W	YLR377C
YDR100W	YGR177C
YBR234C	YLL039C
YGR105W	YMR123W
YER119C	YPL031C
YHR169W	YHR179W
YDL130W-A	YDL181W
YCL011C	YMR216C
YER178W	YIR010W
YCL027W	YLR117C
YBL032W	YOR064C
YBL032W	YBR082C
YGL059W	YLR003C
YBR161W	YMR091C
YBR049C	YDR188W
YLR326W	YNL154C
YBR169C	YKL049C
YIL077C	YPL031C
YNL069C	YNL110C
YBR159W	YFL062W
YBL032W	YNL186W
YGL178W	YNL016W
YBL032W	YGR166W
YHR027C	YJL001W
YGL122C	YOL014W
YBL032W	YJL141C
YIL065C	YKR036C
YGL059W	YLL028W
YIR010W	YOR090C
YAL024C	YPR145W
YDR212W	YOR119C
YBR160W	YML119W
YBL002W	YPR161C
YIR010W	YML032C
YDL139C	YDR172W
YBL032W	YOL070C
YDL125C	YDR388W
YDL143W	YKL049C
YMR048W	YOR153W
YLR351C	YNL255C
YOR117W	YPL240C
YFL010C	YPL141C
YBR172C	YNR052C
YBR031W	YKR081C
YER038C	YIR002C
YDR101C	YFR004W
YNL149C	YNL154C
YBR161W	YJL014W
YLR407W	YOR294W
YKL035W	YPL240C
YDR045C	YPR190C
YDR077W	YDR143C
YNL255C	YOL080C
YBL072C	YDL060W
YDR128W	YER182W
YDR100W	YDR479C
YFL013C	YNL215W
YDR293C	YMR105C
YGL122C	YGL125W
YGR284C	YLR378C
YBL032W	YLR116W
YJR065C	YLR429W
YBL032W	YLR318W
YGR214W	YLL039C
YPL084W	YPR173C
YCL026C-A	YNL016W
YBR159W	YLR083C
YDR300C	YGR092W
YBR152W	YHR165C
YDR101C	YPL211W
YGL122C	YOR163W
YIR010W	YOR267C
YBL105C	YMR219W
YBL105C	YML109W
YDL070W	YER133W
YGR021W	YKL139W
YBL032W	YJR151C
YJR104C	YPL031C
YDL088C	YGR229C
YGL122C	YJL031C
YFR004W	YMR285C
YGL122C	YGR056W
YHR135C	YHR179W
YBR194W	YCR030C
YLR148W	YMR197C
YEL039C	YNL154C
YML056C	YMR061W
YMR246W	YPL206C
YDL213C	YJR144W
YEL034W	YNR051C
YLR166C	YLR432W
YDR233C	YOR117W
YLR268W	YOL111C
YDR394W	YIL075C
YDL082W	YNL178W
YDL101C	YHR185C
YKR014C	YOR375C
YAL014C	YMR197C
YCR020W-B	YLR321C
YKL029C	YPL235W
YGL050W	YGL122C
YHL019C	YKL135C
YIL034C	YOR181W
YAR061W	YBL032W
YFR004W	YJR133W
YDR174W	YPL082C
YDL082W	YDR130C
YHL025W	YNR023W
YDL029W	YNL161W
YDL191W	YNL255C
YDR092W	YGL122C
YBR198C	YMR227C
YJL006C	YPL240C
YCR017C	YGL122C
YGL180W	YLR192C
YBR002C	YKR067W
YDR113C	YFR036W
YJL063C	YOL027C
YBR142W	YOR063W
YJL164C	YOR056C
YDR381W	YDR510W
YIL084C	YKL185W
YLR196W	YMR229C
YDR510W	YNL220W
YGL227W	YLR377C
YFR004W	YNL044W
YBR239C	YDR388W
YOR187W	YPL259C
YCL011C	YDR138W
YNL225C	YOL091W
YLL039C	YML072C
YKL135C	YLR330W
YBR283C	YPR113W
YKL089W	YOL054W
YGL150C	YPL127C
YFL005W	YOR370C
YBR160W	YPL269W
YBR217W	YNR007C
YOL077C	YPL211W
YCL050C	YJR022W
YBR194W	YKR006C
YKR009C	YOL147C
YHR205W	YMR196W
YDR170C	YLL039C
YDR169C	YML112W
YHR209W	YLL039C
YGR156W	YKL059C
YBL032W	YNL183C
YDR171W	YPL240C
YGL122C	YOR042W
YHR094C	YKL065C
YOR250C	YPL203W
YBL032W	YGL237C
YGL122C	YOR230W
YGL129C	YIL093C
YNR027W	YPL106C
YHR186C	YLL039C
YPL031C	YPR019W
YBL032W	YCL068C
YDR174W	YDR381W
YDR392W	YGR252W
YDR012W	YNL251C
YKL212W	YPR183W
YGR220C	YMR098C
YOR341W	YPR010C
YCR034W	YEL063C
YJL063C	YNL306W
YDR138W	YEL060C
YDL066W	YGL187C
YGL058W	YKL210W
YJL164C	YOR134W
YDR188W	YOR212W
YKL161C	YPL031C
YLR022C	YMR229C
YCR009C	YMR229C
YIR010W	YOR061W
YGL122C	YHR001W
YNL059C	YNL215W
YJL014W	YOR230W
YKL185W	YLL039C
YKL145W	YLR421C
YGL105W	YJL187C
YDL132W	YLR368W
YAL009W	YJL176C
YML072C	YPL058C
YDR493W	YNL255C
YDR225W	YNL255C
YOL041C	YOR063W
YBR194W	YOL016C
YDR471W	YKR081C
YGR094W	YIL095W
YER022W	YGL151W
YBR194W	YLR196W
YPL077C	YPR106W
YBL101C	YOR124C
YHR137W	YLR278C
YDL053C	YPL140C
YNR054C	YOL120C
YIL177C	YPR034W
YOR124C	YPR030W
YJR091C	YKL204W
YBR095C	YCR009C
YBR106W	YIL171W
YBR079C	YPL001W
YDR212W	YKL089W
YGL122C	YJL043W
YLR075W	YMR242C
YBL032W	YJL128C
YBR126C	YLL019C
YFL041W	YOL044W
YKL181W	YNL255C
YGL122C	YNR021W
YIR010W	YNL059C
YCR091W	YJL198W
YDR150W	YDR247W
YBR160W	YLR278C
YGL180W	YHR009C
YDL099W	YGL122C
YDR456W	YNR056C
YGL122C	YNL020C
YFR015C	YGL134W
YHR197W	YNL113W
YDR496C	YNL255C
YBR168W	YDL065C
YBL032W	YER085C
YDR207C	YOR337W
YCR057C	YMR229C
YDR086C	YOR254C
YEL061C	YER012W
YGL122C	YKL060C
YDR143C	YPR010C
YGR200C	YMR236W
YBR106W	YCL038C
YER072W	YGL179C
YBR106W	YKR106W
YLR259C	YNR051C
YDL044C	YLR139C
YDR301W	YOL145C
YER128W	YFR014C
YBR059C	YNL227C
YER032W	YLR456W
YHR165C	YLR147C
YDR299W	YJR002W
YGR229C	YKR099W
YHR083W	YMR203W
YDR246W	YGL122C
YLR318W	YPL240C
YDR324C	YOL108C
YHL033C	YJL164C
YJL014W	YLR259C
YGR250C	YPL210C
YCR030C	YDL225W
YER032W	YMR117C
YDR301W	YER133W
YGL031C	YOL127W
YDL127W	YPL031C
YCL011C	YFR004W
YGR159C	YJL164C
YEL027W	YGL122C
YGR152C	YNL255C
YLR196W	YOL041C
YFR004W	YMR226C
YGL123W	YNL255C
YFR004W	YPR041W
YER105C	YLL039C
YDR032C	YGL122C
YHR033W	YOR212W
YBR189W	YJR145C
YCR076C	YNL118C
YHR089C	YJR022W
YGL031C	YGL122C
YDR207C	YOR355W
YGR099W	YKL033W
YDR166C	YLL039C
YKL049C	YNL055C
YFR046C	YIR010W
YER059W	YLR079W
YLL039C	YMR295C
YGL122C	YMR017W
YDR244W	YNL329C
YDR212W	YJL014W
YDL043C	YER029C
YCR030C	YKL049C
YDL123W	YLL048C
YIR010W	YMR100W
YLL039C	YMR054W
YGL122C	YJL217W
YCR030C	YNR047W
YML037C	YNL154C
YNR022C	YPR119W
YFR022W	YPL031C
YFR021W	YGL179C
YBL038W	YJL063C
YDR510W	YOR063W
YNL255C	YPR143W
YBL007C	YOR109W
YGL122C	YGR150C
YER133W	YGR156W
YDR383C	YKL049C
YDR174W	YDR335W
YBR159W	YNL279W
YGL016W	YJR121W
YIL079C	YML056C
YJL140W	YNL255C
YHR027C	YIL074C
YIL021W	YOL135C
YJL128C	YKR048C
YLL016W	YLR310C
YER106W	YKL109W
YGR159C	YOL016C
YDR408C	YOR361C
YGL122C	YJR149W
YJL164C	YNL125C
YLL039C	YNL012W
YBR207W	YHR094C
YKL119C	YLR292C
YGL122C	YOR341W
YNL251C	YNL330C
YGR278W	YKR086W
YBR198C	YNL216W
YML096W	YOL016C
YMR173W	YPL126W
YBR193C	YOR192C
YDR224C	YPR052C
YJL187C	YPR139C
YLL039C	YNL074C
YGL122C	YKL025C
YER010C	YGL122C
YBR086C	YHR135C
YDR212W	YJL164C
YBR142W	YDR170C
YHR152W	YLR132C
YGL122C	YML032C
YDL025C	YGL122C
YHR135C	YNL055C
YER043C	YMR059W
YLL039C	YOR145C
YBR031W	YGR214W
YLR274W	YOR080W
YJL140W	YPR187W
YGL122C	YLR421C
YDR225W	YOR141C
YKR086W	YPL178W
YFR009W	YHL039W
YDR238C	YER122C
YGL011C	YKR070W
YAL021C	YDR443C
YER091C	YMR059W
YBR031W	YDR496C
YKR003W	YPR173C
YGL116W	YJL014W
YHR135C	YKL048C
YDL202W	YNL255C
YDR394W	YOL117W
YFL005W	YNL293W
YBL032W	YMR317W
YBR031W	YBR189W
YGL122C	YNL208W
YBL032W	YLR394W
YGL122C	YGR055W
YJL164C	YLR003C
YKL060C	YNL127W
YFL017W-A	YML049C
YGL059W	YKL181W
YCR034W	YLR018C
YLL039C	YLR219W
YER165W	YGR250C
YGR295C	YMR221C
YHR091C	YOL088C
YDR044W	YOR093C
YNL238W	YOL031C
YDR224C	YIL066C
YLR011W	YOR028C
YEL009C	YGL201C
YKR024C	YLR233C
YNR051C	YOR063W
YBR160W	YER115C
YML052W	YOR153W
YBR193C	YGL151W
YDL052C	YFR009W
YDL065C	YMR047C
YKL060C	YOR117W
YML127W	YMR091C
YDL128W	YNL154C
YGR099W	YPL235W
YBL061C	YMR242C
YBL032W	YLR089C
YPL082C	YPL235W
YCR091W	YNL045W
YBR177C	YOL045W
YBR160W	YFR015C
YDR394W	YFR010W
YGL122C	YPR199C
YLR075W	YNL132W
YGL122C	YKL026C
YDR328C	YLR267W
YJR097W	YNL092W
YBL032W	YBR230C
YJR002W	YMR128W
YGL123W	YNR051C
YJR075W	YLL039C
YBL045C	YDR388W
YFR004W	YKL060C
YBR160W	YDL153C
YHR191C	YNL290W
YFL009W	YOL133W
YDR240C	YPL178W
YOL059W	YOR117W
YDR130C	YGR159C
YDR288W	YLR007W
YDR012W	YPR189W
YBR031W	YOL077C
YBR261C	YJL151C
YCR034W	YJL222W
YBR159W	YFR004W
YLL039C	YML101C
YHR027C	YPR108W
YBR079C	YOR361C
YNL175C	YPL220W
YGL035C	YPL240C
YAL001C	YDR381W
YGL122C	YJL222W
YAL028W	YPL153C
YGL122C	YKL160W
YOR153W	YPL058C
YLR075W	YOR063W
YFL037W	YKL049C
YDR080W	YNL238W
YDR016C	YLR117C
YJR123W	YPR137W
YBR193C	YGL253W
YAR018C	YOL054W
YGL174W	YGL216W
YBL002W	YPL047W
YGL122C	YJR118C
YMR071C	YOL016C
YDR471W	YOR063W
YLR332W	YMR299C
YDR011W	YGL077C
YNL255C	YPL140C
YDR064W	YFR004W
YLR455W	YOL077C
YBL032W	YLL010C
YDL002C	YGR092W
YCR004C	YMR086W
YBL007C	YGR227W
YKL049C	YKR048C
YBR090C	YHR135C
YDR101C	YNL209W
YDR527W	YOR210W
YLL028W	YOR254C
YGR196C	YIL131C
YGL122C	YMR256C
YKL185W	YPL031C
YBR283C	YKL065C
YGL198W	YGL210W
YGL206C	YGR241C
YBR217W	YHR033W
YER034W	YHR135C
YDR381W	YKR086W
YGL122C	YGL210W
YGL122C	YMR187C
YDL230W	YOL041C
YEL005C	YLR408C
YJR022W	YNL227C
YBR217W	YKL145W
YFR002W	YGL122C
YLL039C	YML097C
TL(UAA)J	YAL001C
YGL181W	YHR161C
YLL039C	YOL133W
YAL028W	YOR254C
YFR001W	YNL186W
YPR187W	YPR190C
YBL032W	YMR195W
YCL037C	YGL014W
YLR332W	YMR296C
YBR017C	YKL009W
YFR004W	YJL052W
YBR050C	YGL122C
YHR135C	YNL167C
YGL122C	YIR032C
YFR004W	YMR202W
YGL122C	YOR319W
YNL255C	YNR032C-A
YDL239C	YKL042W
YOR209C	YOR261C
YIL121W	YLL028W
YNR007C	YPL031C
YAL027W	YER049W
YJL014W	YOL146W
YER032W	YHR114W
YDR473C	YPL004C
YHR027C	YMR099C
YBL103C	YJR066W
YDR119W	YGR041W
YGR132C	YNL055C
YDL029W	YLR337C
YDR388W	YLR166C
YDR212W	YKL049C
YBR082C	YPL153C
YCR057C	YGR210C
YCR084C	YNL025C
YBR150C	YNL255C
YDR381W	YFR002W
YLL006W	YNL070W
YDL156W	YDR510W
YEL063C	YJL091C
YGR092W	YGR220C
YDL058W	YPL106C
YGR167W	YLR330W
YIR010W	YJR144W
YDR510W	YMR186W
YMR059W	YNR008W
YOR285W	YPR183W
YBR280C	YDL132W
YGR092W	YML037C
YER133W	YFR004W
YGL023C	YNL183C
YDR045C	YDR328C
YGR021W	YNL255C
YDR440W	YGL122C
YGL189C	YNL255C
YNL178W	YOR117W
YGL116W	YNL024C
YFL049W	YJL176C
YMR159C	YPL149W
YER166W	YOL115W
YDL060W	YDR381W
YBR087W	YMR078C
YDR129C	YNL138W
YKL195W	YMR203W
YGL122C	YPL106C
YBR217W	YGL122C
YGR214W	YKL029C
YBR154C	YGR200C
YDR388W	YPL031C
YAL027W	YOL086C
YOR039W	YOR061W
YCR087C-A	YKR092C
YNL055C	YOR117W
YFR004W	YLR044C
YBR173C	YLR199C
YDR381W	YIL095W
YGL233W	YJL036W
YJR069C	YPL240C
YDR418W	YDR471W
YLR310C	YNL025C
YGL122C	YOR065W
YER040W	YNL229C
YBR059C	YIL095W
YGR129W	YMR213W
YGL122C	YHR143W-A
YDR267C	YNL240C
YBR011C	YPL111W
YDR183W	YFL037W
YEL013W	YOR316C
YKL166C	YOR002W
YJL098W	YNL055C
YDL100C	YHR128W
YNL255C	YOR194C
YGL122C	YMR115W
YLR216C	YNL278W
YGL122C	YPR020W
YBL032W	YIL156W
YFL017C	YGR135W
YIR010W	YJR112W
YDR188W	YJL111W
YGL141W	YLL039C
YBR254C	YGR143W
YFR004W	YGR285C
YNL207W	YPL266W
YGL179C	YNL293W
YDR439W	YER106W
YBL032W	YPR119W
YKL028W	YPR052C
YGL066W	YMR186W
YNL074C	YPL256C
YDR418W	YNL255C
YCL054W	YPR161C
YML037C	YNL307C
YAL025C	YOR267C
YLR075W	YOR117W
YDR143C	YPL240C
YFR004W	YLR060W
YJL081C	YNL059C
YBR052C	YGR281W
YBR231C	YOL012C
YPR010C	YPR187W
YDR388W	YIL156W
YGL122C	YJR048W
YDR171W	YPR010C
YHR027C	YOR374W
YNL255C	YNR007C
YHR186C	YJL098W
YFL017W-A	YLR298C
YBL072C	YNR051C
YBR217W	YGR120C
YGL009C	YHR027C
YFL005W	YGL122C
YGL134W	YOR178C
YGR111W	YLL039C
YDR471W	YFR004W
YDR016C	YGR113W
YGL122C	YHR081W
YBL002W	YPL001W
YDR378C	YJR022W
YDR064W	YNR051C
YBR106W	YLR378C
YGL179C	YGR135W
YCR020W-B	YGR056W
YEL017C-A	YLR292C
YIR010W	YJL008C
YGL122C	YKL190W
YDL159W	YDR356W
YFL026W	YJR066W
YDR427W	YGR067C
YHR135C	YIL115C
YFL036W	YLR259C
YGL122C	YJL083W
YGL058W	YPR161C
YNL178W	YPR041W
YDR430C	YER178W
YOL091W	YOR373W
YBR173C	YPL031C
YMR109W	YOR181W
YMR235C	YPL209C
YDR100W	YPL095C
YDL233W	YGL122C
YDR510W	YJR123W
YDR131C	YOL025W
YOR039W	YPL235W
YDL070W	YLR227C
YMR010W	YNR028W
YDR473C	YGR075C
YGR085C	YOR063W
YDR195W	YLR115W
YDL134C	YPL235W
YKL060C	YLR044C
YBL032W	YOR267C
YGR275W	YMR131C
YEL063C	YKL065C
YDR194C	YFL036W
YBR235W	YNR047W
YBR154C	YNL255C
YKR048C	YPL209C
YJL014W	YML061C
YJR040W	YPL240C
YML051W	YOR355W
YDR381W	YMR123W
YGL122C	YLR228C
YHR114W	YIL132C
YDR096W	YIR006C
YNL154C	YPR091C
YJL164C	YNR019W
YJR086W	YOR212W
YBR048W	YDR510W
YGL122C	YGR133W
YDL101C	YJR104C
YHR143W-A	YIR024C
YDR328C	YOR057W
YBL032W	YKL025C
YJR091C	YLR156W
YDR039C	YLL039C
YDL233W	YGL216W
YOR061W	YOR119C
YHR188C	YLR088W
YOL120C	YOR361C
YCR057C	YLR003C
YKL049C	YPR091C
YGL043W	YJL164C
YER049W	YML131W
YGL122C	YLR224W
YBR098W	YDR386W
YIR010W	YOR341W
YGL122C	YNL036W
YML051W	YPL047W
YOR189W	YPL235W
YBL032W	YOR221C
YHR024C	YLR172C
YDL110C	YOR078W
YLR163C	YOR133W
YBL032W	YDR534C
YDR129C	YHR027C
YDL132W	YLR134W
YER165W	YHR165C
YBL032W	YHR205W
YGL180W	YKL023W
YBL032W	YKL112W
YGR129W	YNL255C
YGL122C	YJL140W
YCR063W	YGL128C
YML057W	YPR108W
YDR312W	YFR014C
YDR510W	YOR374W
YLL039C	YMR207C
YOR294W	YPL180W
YJL039C	YOL086C
YAL003W	YGR285C
YMR139W	YOL061W
YEL063C	YGL051W
YGL122C	YOR192C
YJR066W	YKL161C
YNL069C	YNL178W
YJR002W	YOR078W
YBL032W	YDL020C
YBR079C	YGL106W
YHR027C	YOR117W
YGL059W	YNR039C
YBL075C	YNL255C
YBL032W	YCL037C
YBR112C	YCL067C
YBL032W	YDR512C
YGR294W	YPL240C
YDR473C	YLR147C
YHR111W	YPL031C
YBR194W	YNL138W
YBL039C	YGL081W
YDR201W	YDR356W
YLR287C-A	YNL255C
YBR193C	YDL005C
YOR181W	YPL246C
YDR388W	YNL255C
YLR153C	YOR117W
YJL128C	YNL110C
YOL086C	YOR357C
YNL178W	YOR253W
YLR320W	YLR432W
YDR028C	YER129W
YKR036C	YLL001W
YFL013C	YGL150C
YFL045C	YOR212W
YJL164C	YLR173W
YBR108W	YCR009C
YBR035C	YDL214C
YBR079C	YDL019C
YOL018C	YPR183W
YGR281W	YOR273C
YBR196C	YDR172W
YEL034W	YKL212W
YDR376W	YIR024C
YGL014W	YGL070C
YJR022W	YOL031C
YNL110C	YNL132W
YBR102C	YLL039C
YIL156W	YPR154W
YDR285W	YKL166C
YKR071C	YLL039C
YEL039C	YGL122C
YDR212W	YOR230W
YAL024C	YKR001C
YGL246C	YOL120C
YCR020C-A	YEL053C
YER006W	YPR161C
YDR510W	YPL269W
YHR165C	YJR022W
YML109W	YMR109W
YBL032W	YMR069W
YBL072C	YDR510W
YGL122C	YMR219W
YKL009W	YPR080W
YHR098C	YJR048W
YJL035C	YLR316C
YBR262C	YLL039C
YEL034W	YOL133W
YGR056W	YPR034W
YBR017C	YOR185C
YBL072C	YFR004W
YGL076C	YJR145C
YLR330W	YNL045W
YDR388W	YPL140C
YDR301W	YMR033W
YKL185W	YNL097C
YAL021C	YGL178W
YGL122C	YLR233C
YOR133W	YPL235W
YDL002C	YOR304W
YAR050W	YGL122C
YLL039C	YPR080W
YBR199W	YOL018C
YKL166C	YML001W
YBR011C	YDR510W
YDR510W	YIL021W
YAL036C	YNR051C
YHR179W	YMR201C
YNL138W	YNR035C
YBL032W	YLR421C
YBR126C	YDR028C
YBR160W	YCR065W
YGR120C	YKL006C-A
YDR101C	YLR397C
YDL193W	YPL240C
YDR195W	YDR381W
YER090W	YOR117W
YGL016W	YLL039C
YFL005W	YHR094C
YHL006C	YNL021W
YBR286W	YGL122C
YGR021W	YHR135C
YDR510W	YJL042W
YDL128W	YER005W
YIL075C	YKL029C
YBL045C	YGR112W
YLR425W	YPL066W
YDR201W	YHR083W
YDR168W	YOR061W
YBR059C	YLR258W
YJL164C	YKL062W
YKL211C	YLL039C
YMR219W	YPL153C
YGR214W	YLR432W
YMR186W	YNL186W
YBL061C	YDL044C
YBL050W	YLR268W
YLR449W	YOL127W
YGL051W	YGL122C
YDR510W	YGL122C
YCR068W	YFL062W
YNL216W	YPL106C
YBR261C	YCR007C
YLR103C	YNL330C
YBR288C	YPL016W
YHR135C	YOR119C
YBR274W	YKR010C
YDR381W	YDR398W
YLL039C	YMR280C
YHR157W	YKL166C
YBR280C	YDR328C
YBL085W	YML109W
YDR225W	YMR125W
YJL081C	YPL235W
YDR359C	YJL081C
YJR022W	YLR438C-A
YKL095W	YMR213W
YGL241W	YOL012C
YGR055W	YIL121W
YFR004W	YKL212W
YBL039C	YHR027C
YFR015C	YIL045W
YLR206W	YPL115C
YDR247W	YIL033C
YAL017W	YCR020W-B
YFR004W	YIL075C
YBL032W	YJL140W
YHR135C	YNL154C
YDL200C	YDR224C
YGL122C	YNL255C
YMR048W	YOR124C
YLL039C	YOR163W
YDR173C	YNL201C
YIL084C	YNL097C
YDL100C	YOR007C
YDR256C	YMR033W
YDR032C	YHR001W
YJR084W	YOL117W
YER012W	YPR108W
YBR160W	YKL145W
YDR364C	YGR278W
YGR133W	YOL147C
YDR011W	YGL056C
YDR064W	YLR287C-A
YDR227W	YDR510W
YBR072W	YLL039C
YAL017W	YMR184W
YBR108W	YIL095W
YBL032W	YKR092C
YOR210W	YPR190C
YKL009W	YOL077C
YGL122C	YGL242C
YDR064W	YJR123W
YBL032W	YJR093C
YGL122C	YOR128C
YDL225W	YHR033W
YKR048C	YPR086W
YJL138C	YNL106C
YCR011C	YNL154C
YGR055W	YMR010W
YDL043C	YGR250C
YLL039C	YLR260W
YBR160W	YPL267W
YBR059C	YPL106C
YGL122C	YJR121W
YMR186W	YNR031C
YGL105W	YPL209C
YER178W	YOR090C
YER022W	YPR168W
YFR004W	YOR280C
YDR381W	YPL001W
YGL122C	YNR075W
YKL215C	YLL026W
YBL032W	YBR108W
YBR079C	YJR145C
YDR213W	YML111W
YBR052C	YDR039C
YGR261C	YKL135C
YJR112W	YKR022C
YHR014W	YHR185C
YGL077C	YIL121W
YDR127W	YKL145W
YDR510W	YPL240C
YBR177C	YFR004W
YLL039C	YMR275C
YHR114W	YOR389W
YHR152W	YJL138C
YDR240C	YKL074C
YMR192W	YNL209W
YAL043C	YBL032W
YMR161W	YNL255C
YDL203C	YDR247W
YBR189W	YML056C
YGL122C	YNL274C
YJL084C	YNL183C
YBR048W	YDR130C
YBR086C	YNL194C
YCR030C	YGR241C
YBL032W	YER075C
YDR247W	YGL208W
YLR115W	YPR107C
YMR172W	YOR039W
YBR017C	YOR374W
YDR510W	YER032W
YBL032W	YLL066C
YBR048W	YNL178W
YJL057C	YLR287C
YJL063C	YKR006C
YDL153C	YIL095W
YGL122C	YPL051W
YGR252W	YNL255C
YDR388W	YLR355C
YBL007C	YBR160W
YHR169W	YJR002W
YDR480W	YNL154C
YKL209C	YLR292C
YBR160W	YER032W
YAL021C	YDR188W
YMR068W	YNL207W
YBL034C	YFL037W
YBR234C	YDL029W
YGL076C	YOL120C
YBR042C	YGL122C
YFR010W	YPR108W
YER133W	YLR134W
YDR116C	YGL122C
YBR088C	YJR068W
YDL029W	YMR216C
YER029C	YMR213W
YBR225W	YNL307C
YLR337C	YNL084C
YDR443C	YNR052C
YGL122C	YPL240C
YPL131W	YPL249C-A
YEL027W	YLL028W
YNL255C	YOR265W
YBL032W	YNL024C
YDR073W	YGL122C
YBR234C	YLR337C
YGL122C	YNR019W
YIR010W	YMR212C
YFR004W	YHR128W
YER089C	YFR004W
YJL094C	YLL039C
YNL124W	YPL079W
YGL122C	YKL142W
YDL155W	YLR310C
YKL145W	YOL117W
YFL005W	YOL018C
YDL029W	YOR259C
YEL048C	YKL033W
YDR388W	YOR196C
YDL111C	YOL021C
YBR046C	YLL039C
YGL122C	YPL064C
YPL031C	YPL201C
YNL255C	YPL036W
YJL189W	YMR139W
YGR270W	YPL115C
YGR252W	YHR008C
YKL142W	YNL063W
YBR196C	YLR088W
YGL056C	YPL058C
YBL002W	YOL054W
YDR028C	YOR267C
YIR010W	YLR044C
YJL191W	YNL255C
YGL198W	YNL263C
YFR004W	YMR037C
YIL130W	YLR116W
YJR002W	YNL075W
YBL002W	YDR496C
YKL058W	YOR093C
YKR081C	YOL127W
YDL209C	YNL307C
YFR037C	YGL122C
YKL059C	YPR107C
YDR510W	YOR123C
YHR205W	YJR066W
YDL209C	YLR147C
YOL072W	YPL031C
YDR122W	YPL256C
YJR145C	YOL120C
YGL116W	YPR119W
YDR077W	YOR330C
YDR471W	YMR086W
YJR123W	YOR063W
YLL028W	YOR153W
YGR220C	YPL183W-A
YJR066W	YLR378C
YBL034C	YNL118C
YGL122C	YNR031C
YDR483W	YLR166C
YBL011W	YNL307C
YER133W	YOR117W
YDR381W	YMR219W
YHR069C	YOL142W
YKR048C	YNL209W
YOR080W	YPR135W
YHR094C	YLR332W
YGL058W	YML101C
YCR073W-A	YGL059W
YDR171W	YOR181W
YBL032W	YNL145W
YFR004W	YMR219W
YDL209C	YLR117C
YFR001W	YOR063W
YNL097C	YPL082C
YBR095C	YIL084C
YLL039C	YML052W
YAL028W	YPL026C
YDR293C	YNL016W
YBR160W	YGL116W
YLR113W	YML127W
YGL122C	YML001W
YNR019W	YPL031C
YPL031C	YPR091C
YLL039C	YNL326C
YGR085C	YJR123W
YDR368W	YFR004W
YGR055W	YLL028W
YDR127W	YJR022W
YGL035C	YKL074C
YJL004C	YJR022W
YCR020C-A	YPR051W
YJL178C	YNL255C
YKL058W	YOR194C
YBL032W	YNL003C
YDR439W	YGL180W
YAR002W	YBR194W
YLR166C	YPL004C
YIR024C	YNL118C
YGL180W	YOR340C
YGL180W	YPR185W
YCR020W-B	YFR037C
YDL088C	YJL041W
YBR194W	YGR186W
YLR109W	YNL079C
YGL122C	YNL326C
YDL209C	YDR364C
YDR422C	YER129W
YBR112C	YGR252W
YGL122C	YKL011C
YJR001W	YPL203W
YJR072C	YPL203W
YJL036W	YOR132W
YBR207W	YNL255C
YGL014W	YOL127W
YDR356W	YOR373W
YHR135C	YMR229C
YGR078C	YLR200W
YDR510W	YOR144C
YER178W	YLR166C
YDR398W	YNL255C
YDR177W	YER012W
YLR147C	YMR088C
YFL003C	YGR099W
YDL043C	YNR031C
YAL034W-A	YGR179C
YKL139W	YMR048W
YER105C	YJR042W
YKL148C	YOL071W
YJR139C	YMR186W
YDR381W	YOL127W
YNL044W	YNL315C
YDR143C	YNL225C
YGL122C	YLL060C
YNL095C	YPR198W
YBR048W	YOL127W
YDL043C	YDR174W
YBL105C	YNL232W
YER057C	YGL122C
YCR091W	YMR216C
YDL082W	YLR287C-A
YDR510W	YOR344C
YDR484W	YGL122C
YFR004W	YLR216C
YDR104C	YGL122C
YNR051C	YPR043W
YBL002W	YKL139W
YDL060W	YIL095W
YGL122C	YLR086W
YDR174W	YMR123W
YNL255C	YOR007C
YER165W	YOR117W
YBL032W	YHR208W
YJL164C	YNL093W
YBR274W	YOL012C
YBR095C	YDR207C
YDR142C	YJL014W
YPL146C	YPR161C
YBR107C	YGR179C
YKL016C	YLR166C
YHR118C	YOR294W
YER022W	YMR112C
YBR274W	YDR516C
YDR388W	YER129W
YMR173W	YMR216C
YLR438C-A	YPR080W
YGR252W	YPL031C
YFR014C	YKL042W
YBR160W	YEL065W
YBL002W	YKL049C
YGL122C	YPL228W
YGL122C	YGR110W
YOR191W	YPL082C
YJL222W	YKL065C
YLL028W	YML072C
YFL036W	YLR439W
YJR145C	YPR041W
YAR018C	YGR285C
YLR131C	YPR086W
YEL023C	YJR022W
YDR422C	YER029C
YLR310C	YPL256C
YDR009W	YOL133W
YDR471W	YLL039C
YDL001W	YLL039C
YKL181W	YPL031C
YDR168W	YGL201C
YGR080W	YKL007W
YDR174W	YMR242C
YGR284C	YPL218W
YDR192C	YJR042W
YIL033C	YPL149W
YGL180W	YLR265C
YGL111W	YPR143W
YLR116W	YPL016W
YGL212W	YOR292C
YGL076C	YMR086W
YPL115C	YPL256C
YGL122C	YIL033C
YHL023C	YNL307C
YBL075C	YLR310C
YGL106W	YPL004C
YCL037C	YGL178W
YBR159W	YLL023C
YDR159W	YDR381W
YER039C	YGL070C
YMR094W	YPL240C
YHR135C	YHR156C
YJR144W	YMR137C
YIL113W	YKL161C
YDR113C	YMR023C
YBR011C	YBR217W
YOL034W	YOR284W
YDL029W	YOR117W
YDR324C	YPR137W
YOL137W	YPL240C
YBL079W	YPR080W
YHR128W	YOR117W
YHR087W	YNL255C
YDR456W	YGL122C
YBR088C	YNL206C
YBL072C	YNL255C
YHR001W	YOR273C
YCL037C	YIR010W
YER132C	YPL203W
YFR014C	YNL021W
YGR220C	YLR371W
YBL045C	YFR004W
YGL122C	YPL004C
YDL134C	YER032W
YBL032W	YMR291W
YKL093W	YKL166C
YBR058C	YFR004W
YBL032W	YNL112W
YDR364C	YJL141C
YBR173C	YGR135W
YIL027C	YMR112C
YBL032W	YBL101C
YGL179C	YJR092W
YER186C	YMR117C
YKL060C	YOL135C
YOL066C	YPL031C
YBR142W	YHR052W
YDR363W-A	YKL145W
YDL082W	YPL090C
YBL022C	YGR231C
YGL122C	YGR124W
YJL164C	YKL008C
YBR105C	YPR010C
YDR174W	YLR455W
YBL075C	YDR044W
YDR276C	YEL002C
YBR189W	YNL207W
YLR061W	YNL255C
YGL129C	YOL027C
YDR335W	YPR010C
YBL032W	YPR089W
YGR231C	YHR135C
YKL193C	YPL036W
YKR009C	YPL209C
YGR180C	YOR229W
YCR030C	YIL095W
YDR113C	YIL005W
YGL122C	YIL079C
YCL024W	YJL187C
YCR057C	YPL240C
YGL122C	YKL063C
YBR106W	YGL051W
YDR496C	YGL122C
YGL122C	YLR450W
YDR359C	YGL122C
YHR193C	YKR081C
YHL020C	YOR061W
YOL041C	YOR287C
YDR169C	YFR014C
YDR381W	YDR462W
YBR194W	YLL026W
YDR356W	YLL003W
YGL122C	YOR194C
YFL014W	YNL312W
YLR070C	YPL240C
YGR250C	YKL049C
YCR034W	YNL048W
YBR182C	YMR172W
YNL215W	YNL255C
YBR048W	YPL131W
YDL060W	YOL041C
YGL181W	YPL031C
YBR159W	YNR019W
YFR010W	YJR066W
YGR229C	YPL240C
YBR025C	YBR198C
YDR510W	YIL149C
YBR189W	YBR194W
YGL122C	YPL111W
YFR004W	YFR044C
YDR028C	YER133W
YJL187C	YMR173W
YKL095W	YLR147C
YKL049C	YOR261C
YHR135C	YNL207W
YLR332W	YMR212C
YBL032W	YDR078C
YDR381W	YJL098W
YAL021C	YNL278W
YBR154C	YPL203W
YBR254C	YDR108W
YGL123W	YJR002W
YIL033C	YKL166C
YMR250W	YPL031C
YJR048W	YNL154C
YCL064C	YNR051C
YKL139W	YPL220W
YDR011W	YGR055W
YJR109C	YPL235W
YLR022C	YOR063W
YDR484W	YKR020W
YGL187C	YGR112W
YJR093C	YOR039W
YCR034W	YEL017C-A
YDL015C	YLR411W
YLR460C	YPL031C
YKR010C	YOR061W
YIL072W	YNL154C
YKR014C	YOL018C
YJL151C	YMR152W
YDL200C	YGL122C
YER069W	YHR027C
YDR143C	YER006W
YKR024C	YKR081C
YBR048W	YDR299W
YBR079C	YGL122C
YBR211C	YPR046W
YDR324C	YGL122C
YNL132W	YNR054C
YBL072C	YCL011C
YLL039C	YLR377C
YBR198C	YGR220C
YFL037W	YHR128W
YGL212W	YNL263C
YGR085C	YNL255C
YGL179C	YJL146W
YBL085W	YOL135C
YDR473C	YER029C
YOL077C	YOR063W
YDL175C	YIL079C
YCR092C	YDR224C
YDL192W	YLR268W
YGL122C	YNL297C
YER022W	YPR187W
YML056C	YOL115W
YBL007C	YKR030W
YKL074C	YNL210W
YBR114W	YOL086C
YBR018C	YGL180W
YDL045W-A	YIL093C
YLR257W	YPL153C
YKL144C	YOR210W
YDR388W	YOR057W
YBR106W	YNR055C
YGL122C	YLR259C
YHR143W-A	YOR340C
YGL122C	YPL196W
YGL116W	YPL004C
YDR297W	YGL122C
YGR270W	YML069W
YJL084C	YLL039C
YFL047W	YFR004W
YIL053W	YOR117W
YHL020C	YKL166C
YDR101C	YLR074C
YBR126C	YJR138W
YBL032W	YDL231C
YGR179C	YOL054W
YDR169C	YPR080W
YGR215W	YOL027C
YDR510W	YKL142W
YBR159W	YML123C
YER171W	YGR258C
YPL240C	YPR054W
YDR430C	YNL255C
YLL039C	YOR348C
YNL209W	YOR133W
YBR114W	YMR315W
YBR159W	YPR198W
YKR011C	YKR048C
YGL011C	YGR135W
YDR388W	YFR004W
YDL005C	YGL151W
YBL072C	YJR002W
YHR027C	YLR153C
YGL122C	YIL001W
YJL070C	YML035C
YFL005W	YGL106W
YDR510W	YHR187W
YJL138C	YMR083W
YLR074C	YOL041C
YBR054W	YLL039C
YFL001W	YJL164C
YNL229C	YNL307C
YER166W	YML072C
YGL246C	YNL110C
YDR143C	YGL122C
YBL032W	YHR186C
YDR091C	YKL009W
YGL233W	YGR152C
YJR066W	YPR185W
YNL209W	YPR045C
YBR107C	YIR010W
YLR432W	YML056C
YPL016W	YPL240C
YLR439W	YNL284C
YLR244C	YNL255C
YDL020C	YIL007C
YJL008C	YOR117W
YGR165W	YNL255C
YBR150C	YOL089C
YBR229C	YGL122C
YHR169W	YIR010W
YGL122C	YMR257C
YDR381W	YIL026C
YEL047C	YFR004W
YDR381W	YPL178W
YBL032W	YOL161C
YBL032W	YDL233W
YCR084C	YGL025C
YAL009W	YDR211W
YBL032W	YOR273C
YGR092W	YGR223C
YBL032W	YBL051C
YHR094C	YLL006W
YIL034C	YIL062C
YGL179C	YIL156W
YAL017W	YOR196C
YDR195W	YLR277C
YGL122C	YJR107W
YML032C	YPL240C
YER049W	YFR004W
YDL227C	YHR027C
YER132C	YGR135W
YDL214C	YHR139C
YGL076C	YNL175C
YBR160W	YLR131C
YBR137W	YOL111C
YDL060W	YNR054C
YNL075W	YNL255C
YHR152W	YLR044C
YIR010W	YOL086C
YNL132W	YPL220W
YNL206C	YNL255C
YER133W	YHL033C
YGR185C	YNL255C
YGL122C	YMR196W
YDR224C	YPR019W
YGR170W	YNL264C
YNL209W	YOR081C
YPL240C	YPR128C
YFL045C	YNR051C
YGR148C	YNR051C
YDR169C	YGL122C
YBR031W	YNR051C
YBL032W	YOR085W
YGR092W	YJL098W
YDL053C	YPL209C
YOL027C	YPR166C
YGL179C	YKL197C
YJL036W	YPL201C
YBL085W	YGL122C
YLR117C	YMR125W
YDL225W	YNL154C
YBR028C	YJR082C
YBR058C	YDR388W
YDR342C	YJR066W
YGL122C	YLR209C
YBR017C	YNR069C
YNL110C	YPL266W
YDL101C	YHR135C
YAL027W	YLR429W
YGL212W	YPL232W
YBL050W	YGL098W
YBR129C	YOL016C
YCR057C	YHR196W
YJL187C	YOR123C
YMR043W	YMR227C
YLR079W	YOR039W
YOR063W	YPL211W
YBR283C	YGL122C
YCL024W	YOR141C
YBR112C	YNL330C
YBR217W	YMR159C
YAL055W	YDL065C
YBR177C	YFR014C
YBR194W	YPL226W
YJL197W	YNL255C
YEL030W	YPL256C
YGL122C	YJR123W
YJL187C	YPR119W
YNR051C	YPR161C
YDR012W	YDR471W
YBR126C	YMR229C
YJL060W	YLL039C
YIL075C	YKL145W
YGR159C	YNL154C
YBL032W	YCL004W
YLR143W	YMR170C
YJR002W	YPL240C
YBR189W	YGL173C
YMR037C	YMR172W
YDR380W	YLL039C
YBR160W	YHL050C
YGR148C	YGR285C
YOR124C	YOR138C
YBR251W	YNL186W
YAL032C	YKR086W
YOR145C	YPL266W
YML127W	YPR034W
YDR500C	YGL122C
YDR510W	YER029C
YIR010W	YOR039W
YHR152W	YJR105W
YEL013W	YJL151C
YIL159W	YKR055W
YKL049C	YKR046C
YGL122C	YKL124W
YMR099C	YPL231W
YKL049C	YOR117W
YBL032W	YMR041C
YDL002C	YJR112W
YGL076C	YNL110C
YFR014C	YHR112C
YDR388W	YGL090W
YCR034W	YFL025C
YAL017W	YKL035W
YHR027C	YKL029C
YBL052C	YNL255C
YMR031C	YPL004C
YML069W	YPR052C
YDR407C	YGL122C
YER061C	YPL031C
YJR119C	YLL039C
YDL020C	YMR100W
YER131W	YHR027C
YHR152W	YOR369C
YDR167W	YGR252W
YDL029W	YIL062C
YHR133C	YLR450W
YDR012W	YOL120C
YBR160W	YLR425W
YDL060W	YDR224C
YML082W	YNL255C
YKR092C	YNL112W
YHR191C	YMR078C
YBL072C	YDL213C
YCR014C	YKL145W
YGR120C	YJL036W
YDR163W	YPL240C
YBR081C	YDR510W
YJL164C	YNL098C
YJR123W	YJR145C
YLL039C	YPL218W
YJL006C	YNR064C
YDR496C	YHR052W
YGL122C	YKR070W
YLR113W	YPL254W
YDR185C	YKL053C-A
YGR135W	YOR261C
YBL038W	YOL027C
YGL122C	YOR210W
YGL201C	YLR233C
YDL159W	YLR113W
YFR004W	YML085C
YBL032W	YBL079W
YDR057W	YKL145W
YOR117W	YPL218W
YJL173C	YPL082C
YGL122C	YPL038W
YCL025C	YCL027W
YBR241C	YML012W
YDR381W	YHR039C
YBR264C	YNL044W
YGL122C	YOL016C
YGL025C	YLR071C
YLR354C	YNL053W
YBL002W	YMR223W
YDR364C	YLR117C
YOR117W	YOR261C
YAL003W	YNL255C
YKR092C	YOR267C
YDR200C	YGL122C
YMR186W	YOR007C
YOR117W	YPL131W
YIR010W	YML072C
YDR510W	YKR010C
YGL070C	YGR186W
YJL164C	YOR386W
YER162C	YKL159C
YLR090W	YMR240C
YAL030W	YGL122C
YNL183C	YPL077C
YBL007C	YLR206W
YDL132W	YNL055C
YGL122C	YKL218C
YGL122C	YLR292C
YJL187C	YPL023C
YFR002W	YJL039C
YBR017C	YEL022W
YBL050W	YNL255C
YGL056C	YML072C
YDL192W	YLR330W
YBL032W	YOR227W
YKL126W	YLR429W
YER031C	YGL198W
YBL032W	YER165W
YOL029C	YPL240C
YBR160W	YJR033C
YDR363W-A	YJR084W
YCR030C	YOR181W
YMR227C	YNL255C
YDL201W	YPL031C
YGR270W	YPR190C
YLR196W	YLR429W
YDL209C	YKR086W
YKL210W	YPR080W
YBR031W	YDR471W
YDR324C	YNL132W
YLR245C	YOL111C
YDR471W	YPL211W
YHR158C	YPR119W
YBR028C	YGL122C
YER178W	YKL049C
YDR323C	YGL122C
YFR004W	YOR042W
YBL051C	YPL240C
YFR004W	YHR193C
YER165W	YGL122C
YBL007C	YOL028C
YDL052C	YDL143W
YIR033W	YNL263C
YGL122C	YKR094C
YBR059C	YGR159C
YBL103C	YDR212W
YBL032W	YGL178W
YHR178W	YLR147C
YBR194W	YGL031C
YGL122C	YHR197W
YDR462W	YNL284C
YGL111W	YOR005C
YBR088C	YGL058W
YBR251W	YGR165W
YGL082W	YLR166C
YFL047W	YGL122C
YER133W	YLR449W
YDL153C	YJL164C
YDR297W	YLL028W
YDR064W	YNL110C
YDR411C	YDR479C
YMR309C	YOL087C
YDR425W	YGL161C
YBR059C	YMR004W
YDL015C	YPL264C
YDR288W	YOR358W
YDR194C	YDR365C
YGL122C	YNR016C
YDR456W	YIR022W
YCR091W	YML096W
YFR004W	YGR200C
YOL086C	YOR304W
YFR021W	YOL086C
YBR160W	YOR043W
YLL019C	YLR044C
YCR024C-A	YLR241W
YBR194W	YGL122C
YBR082C	YOR294W
YKL065C	YKL212W
YCL056C	YNL255C
YLR259C	YPL240C
YBL072C	YLR075W
YJL057C	YNL113W
YLR387C	YOR063W
YGL122C	YOR274W
YJL088W	YOR117W
YBR189W	YLR186W
YJR138W	YLR438C-A
YKL126W	YPL153C
YDR012W	YOL041C
YKL029C	YOR133W
YDL012C	YOR355W
YML049C	YMR117C
YCR004C	YGL122C
YAR002W	YLL039C
YDR363W-A	YLR421C
YGL122C	YOR045W
YBL032W	YJL083W
YJR123W	YOR361C
YLR219W	YOR181W
YDL035C	YGL122C
YER170W	YGL122C
YOL086C	YPR180W
YGL122C	YLR119W
YGR055W	YJL151C
YDR496C	YHR197W
YGR229C	YLR332W
YBR048W	YOR117W
YBR217W	YLR216C
YKL166C	YNL227C
YDR510W	YGR214W
YML049C	YMR125W
YKL049C	YPL001W
YLR337C	YMR109W
YBL007C	YBR250W
YDR150W	YGL122C
YGL122C	YMR071C
YBR025C	YLL039C
YGL058W	YNL255C
YCL037C	YNL251C
YDR212W	YHR027C
YHR187W	YKL110C
YDL044C	YMR083W
YDR330W	YOL133W
YGL122C	YGR021W
YEL051W	YJL036W
YHR190W	YLL039C
YGL122C	YNL009W
YGL173C	YJR022W
YGR091W	YPL235W
YGL059W	YLR258W
YDR394W	YOR261C
YHR135C	YIL077C
YDR335W	YDR394W
YGL025C	YHR058C
YER089C	YLL039C
YGR214W	YOR361C
YDR300C	YFR004W
YML056C	YOR360C
YGR080W	YNL138W
YGL122C	YHR161C
YDR386W	YNL024C
YHR094C	YLL039C
YBL032W	YGR170W
YDR452W	YGL122C
YDL002C	YKR001C
YNL175C	YPL211W
YAL024C	YCL040W
YDR011W	YJR066W
YAL024C	YIL033C
YLR075W	YNR051C
YHL022C	YLR329W
YBR160W	YML034W
YBR159W	YPR124W
YDR392W	YEL009C
YHL033C	YNL255C
YGL035C	YGL122C
YGL122C	YOL111C
YBR217W	YNL208W
YFR001W	YKR024C
YKR024C	YOR294W
YOL120C	YPL240C
YLR264W	YOR361C
YDR064W	YLR264W
YDL213C	YDR324C
YJL039C	YKL068W
YFR002W	YHR135C
YLR071C	YMR112C
YDL053C	YNR051C
YCR004C	YDL101C
YBR194W	YMR070W
YLR357W	YPR034W
YOR036W	YPL240C
YLR406C	YNR051C
YBL007C	YKR001C
YAL024C	YJR123W
YAL047C	YOR373W
YER165W	YPR080W
YGR274C	YJR140C
YCR009C	YDR381W
YMR236W	YPL047W
YLR268W	YPL218W
YGR179C	YPL018W
YBR260C	YKR055W
YDR479C	YLL039C
YLR126C	YNL255C
YJL187C	YKL160W
YDL002C	YOR141C
YAL021C	YML098W
YBR126C	YCL040W
YNL227C	YPL026C
YDL074C	YPR080W
YML051W	YOR370C
YBL032W	YPR008W
YER173W	YNL290W
YFR037C	YNL255C
YDR388W	YGL106W
YBR133C	YGL187C
YDR414C	YGR284C
YGL080W	YGL122C
YBL002W	YGL122C
YIL115C	YKL049C
YDL175C	YGR165W
YBL032W	YML053C
YGR134W	YPL268W
YGR092W	YNR006W
YFL005W	YFR004W
YGL180W	YOL091W
YDR174W	YLR022C
YCL027W	YLR330W
YJL025W	YOR284W
YDL019C	YGR092W
YAL002W	YLR148W
YLR074C	YNL110C
YPR081C	YPR154W
YHR196W	YLL026W
YER022W	YOR210W
YBR142W	YGL111W
YGL122C	YHR159W
YKL009W	YPL211W
YEL017C-A	YGR284C
YBL099W	YNL315C
YMR186W	YOR057W
YLL039C	YOR254C
YDR301W	YJR093C
YLR449W	YOR340C
YAR033W	YGL051W
YDR100W	YHR094C
YGL238W	YGR214W
YBR018C	YDL134C
YNL255C	YPR086W
YKL145W	YPR080W
YAL027W	YBR196C
YBR264C	YJL187C
YBL050W	YOL018C
YGL122C	YKL207W
YDR170C	YML085C
YBR194W	YLR432W
YBR097W	YLL039C
YHR092C	YJR066W
YDR388W	YLR429W
YJR092W	YPL153C
YNL110C	YPL146C
YGL233W	YJL085W
YKR035W-A	YNL265C
YLL039C	YOL027C
YLL039C	YLR034C
YLL039C	YLR056W
YFR004W	YGL206C
YDR156W	YNL113W
YLR178C	YMR257C
YKL009W	YNR051C
YKL135C	YPR010C
YBR194W	YMR240C
YBR274W	YKL210W
YDR247W	YIL154C
YIR010W	YOL094C
YNL118C	YPL220W
YBR189W	YPL131W
YHR027C	YOR375C
YDL124W	YKL185W
YER171W	YFR009W
YNL065W	YPL240C
YGR156W	YJR093C
YDR293C	YGR092W
YHR165C	YML049C
YER129W	YNL225C
YIL004C	YNL255C
YDR225W	YGL241W
YBR169C	YPL004C
YBR276C	YGL122C
YKL009W	YNL110C
YGL122C	YGR270W
YGL122C	YHR078W
YHR027C	YOR056C
YDR207C	YGL122C
YDR381W	YKR092C
YLR134W	YPL031C
YKL207W	YKR076W
YFR014C	YGR135W
YKL010C	YML085C
YGR129W	YLR117C
YGL051W	YOR267C
YDL082W	YHL033C
YDL213C	YHL038C
YDR471W	YER006W
YGR200C	YKL110C
YBL032W	YIL135C
YER141W	YJL141C
YML012W	YNL307C
YNL206C	YNR052C
YBR172C	YKL204W
YDR130C	YHL033C
YGL122C	YKL110C
YMR093W	YNL075W
YBR154C	YER022W
YER173W	YPL178W
YDL203C	YPL031C
YHR114W	YMR162C
YGL198W	YNL304W
YDR460W	YGR274C
YBL007C	YDL203C
YKL049C	YPL226W
YBR169C	YNL209W
YDR183W	YOR212W
YBR080C	YOR036W
YGL180W	YHR081W
YBL042C	YPL058C
YKR001C	YOR304W
YDR479C	YJL097W
YER081W	YLL039C
YFR004W	YNR017W
YDR108W	YPR078C
YDL132W	YLR352W
YDR096W	YIR033W
YHR179W	YLL060C
YBR088C	YOR117W
YBL085W	YJR138W
YFR014C	YGL023C
YBL072C	YNL178W
YGL173C	YPL109C
YGL180W	YLR257W
YBL061C	YJL187C
YBR234C	YLR241W
YLR148W	YOR323C
YGL111W	YNL110C
YER128W	YGL122C
YFL037W	YKL010C
YBR080C	YNL015W
YGL095C	YOL018C
YDL155W	YGR092W
YLR083C	YPL264C
YBR179C	YDR142C
YBR035C	YGL122C
YFR001W	YOR267C
YGL077C	YPL240C
YLR378C	YOR085W
YFR004W	YJL001W
YDR392W	YPL047W
YDL191W	YNL110C
YHR135C	YOR123C
YDR135C	YDR510W
YGL061C	YLR045C
YHR058C	YOL135C
YGL122C	YMR207C
YDR227W	YGL122C
YDR135C	YOR061W
YBR160W	YOR188W
YML069W	YOL054W
YGR268C	YNL255C
YBR126C	YML100W
YGL201C	YML069W
YJR144W	YLR074C
YJR148W	YLL039C
YBR082C	YPL269W
YJR022W	YNL118C
YIL066C	YLR163C
YKL166C	YLR216C
YDR246W	YOR115C
YFR014C	YHR116W
YIL149C	YNL225C
YNL209W	YOR197W
YDL002C	YDR510W
YBR079C	YNL255C
YGR116W	YML069W
YGL076C	YNL069C
YGL122C	YLR390W
YHR161C	YIR006C
YGL033W	YNL255C
YNL069C	YPL090C
YKR097W	YPL203W
YDR172W	YMR186W
YDR138W	YGR005C
YBR080C	YPL070W
YNL110C	YNL175C
YJR123W	YNL004W
YGR250C	YJL052W
YDL160C	YGL178W
YAL021C	YLR438C-A
YBL032W	YPL259C
YDR324C	YLR129W
YGL122C	YNL227C
YDR424C	YIL115C
YFL017C	YLR438C-A
YLL021W	YLL026W
YGL122C	YPL028W
YDR130C	YNL209W
YMR242C	YNL175C
YBR154C	YLR071C
YGR186W	YKL028W
YGR005C	YOR210W
YHR114W	YKR030W
YOR188W	YPL216W
YLR438C-A	YNL118C
YGL122C	YNL059C
YDR211W	YPL140C
YHR111W	YKL048C
YOR361C	YPR086W
YGL122C	YHR155W
YJL166W	YLL039C
YGR120C	YNL086W
YBR036C	YDL015C
YGL210W	YNL044W
YLL039C	YPL162C
YBL032W	YPR023C
YBR160W	YOL058W
YDL213C	YJR145C
YKL145W	YPR108W
YMR125W	YNL016W
YBR090C	YGL122C
YHR182W	YNR031C
YER166W	YIR006C
YJL191W	YNR051C
YER006W	YPL146C
YBL032W	YDR207C
YDR324C	YPL266W
YGL241W	YPR086W
YDR335W	YHR196W
YLR137W	YNL255C
YDR388W	YGL226W
YDR227W	YNL206C
YDL213C	YLR432W
YBR031W	YHL033C
YDR016C	YKL052C
YBR106W	YJR015W
YDR188W	YML093W
YDR452W	YNL255C
YER096W	YPL031C
YGR109C	YPL256C
YDR188W	YOR230W
YGL009C	YKL049C
YBL002W	YNR051C
YIL075C	YPR108W
YNL255C	YOR196C
YCR042C	YPL011C
YDR473C	YGL122C
YNL225C	YNL255C
YDR225W	YGL122C
YDL239C	YPL240C
YBR189W	YOR145C
YAL021C	YDR138W
YNR051C	YOL120C
YEL039C	YGR029W
YKL145W	YNL255C
YMR109W	YNL307C
YGL059W	YOR134W
YDL239C	YNL225C
YDR158W	YOR117W
YGR278W	YKL095W
YJL187C	YKR071C
YER122C	YLR268W
YBL075C	YLL060C
YBL032W	YER169W
YDR150W	YJR112W
YGL180W	YNL186W
YGL060W	YGL122C
YJL164C	YKR084C
YDR381W	YHR118C
YER006W	YOR063W
YER165W	YPL178W
YDR381W	YOL115W
YGL122C	YMR208W
YLL015W	YLL039C
YLL039C	YNL263C
YDR510W	YFL045C
YBL032W	YLR462W
YDR167W	YGL025C
YFL041W	YHR133C
YBL102W	YLL039C
YAL010C	YLL006W
YLR355C	YOR117W
YDR386W	YPL153C
YDR171W	YDR430C
YDL209C	YGR129W
YNR046W	YPR054W
YMR246W	YNR051C
YGL122C	YIL027C
YKL049C	YPR135W
YDR510W	YOR251C
YBL061C	YIL007C
YGR270W	YML127W
YLL039C	YLR268W
YDR414C	YGR199W
YFL005W	YOR070C
YAR002W	YJL039C
YBL085W	YJR056C
YDL066W	YJL098W
YBR017C	YMR105C
YBR079C	YPR041W
YDR392W	YPL254W
YNL255C	YOR369C
YMR068W	YOR181W
YIL130W	YIR010W
YJL008C	YKL010C
YBR087W	YJR068W
YDR388W	YJR139C
YMR128W	YNL097C
YGL246C	YPL090C
YLL039C	YOL145C
YBR230C	YGL122C
YIL077C	YNL154C
YGL201C	YLR274W
YDR224C	YOL012C
YCR014C	YHR027C
YDR240C	YGL173C
YBR042C	YPL031C
YBR048W	YCL011C
YIL095W	YLR337C
YDR201W	YGR113W
YGL122C	YGL201C
YBL002W	YJL176C
YML051W	YMR223W
YGL212W	YJR040W
YJL063C	YOR150W
YNL099C	YNR054C
YGL179C	YGR167W
YGL105W	YGR092W
YJL164C	YKL160W
YDR170C	YFR044C
YDL134C	YHR135C
YJL210W	YLR083C
YBL029W	YGL122C
YDR427W	YOR294W
YBR048W	YBR189W
YDL019C	YPL026C
YNR051C	YOR182C
YJL084C	YOR348C
YNL232W	YOL021C
YNL183C	YOL066C
YIL125W	YLL039C
YHR089C	YNL124W
YKL065C	YML123C
YGR092W	YJL213W
YLL039C	YPR091C
YDR086C	YLR378C
YHR135C	YNL186W
YDL015C	YKL065C
YJR053W	YKL048C
YBL032W	YNR046W
YDR174W	YKR092C
YDR258C	YOR117W
YLR427W	YOL041C
YBL103C	YNR023W
YLR264W	YPL031C
YJL164C	YPR091C
YCR084C	YNL167C
YDR363W-A	YGL122C
YFR021W	YGL180W
YHR196W	YNL255C
YGL212W	YLR166C
YGL210W	YOL018C
YMR078C	YNL290W
YHR027C	YMR217W
YAL028W	YMR186W
YIR010W	YPL105C
YBL002W	YKL089W
YPL082C	YPR023C
YBR217W	YEL060C
YGL122C	YPL239W
YBL032W	YBR283C
YKL065C	YLR034C
YGR278W	YOR361C
YLL039C	YLR320W
YJR022W	YOR261C
YER091C	YOR117W
YBL032W	YMR047C
YDL184C	YNL255C
YNL207W	YPL031C
YBR059C	YGL122C
YDR510W	YLR244C
YGR180C	YOR230W
YGL111W	YPL211W
YJR112W	YNL250W
YHR185C	YJL057C
YGL070C	YGR005C
YOL133W	YOR080W
YGL122C	YMR022W
YJR044C	YPL240C
YBR210W	YGL122C
YLR429W	YNL032W
YOL086C	YPL082C
YDR540C	YHR135C
YGR110W	YHR114W
YGL122C	YPL070W
YHR027C	YPL259C
YDR381W	YNL051W
YKL159C	YKL190W
YMR125W	YOR159C
YER141W	YGL122C
YGL122C	YMR053C
YLR466W	YNL255C
YDR116C	YDR462W
YGL122C	YJL164C
YDR513W	YGL122C
YBR241C	YDR479C
YGR251W	YNL255C
YCL025C	YPL227C
YDR398W	YLR216C
YKL049C	YOR254C
YHR027C	YLR075W
YJR025C	YPR054W
YIL121W	YML072C
YGL122C	YJL111W
YDL143W	YNR051C
YLR268W	YOR037W
YGR275W	YPL249C-A
YHR089C	YNL255C
YDR045C	YIL122W
YBR196C	YLR044C
YDR002W	YMR235C
YLR072W	YLR173W
YDR192C	YER081W
YDL082W	YNL069C
YER012W	YLR199C
YBR049C	YPL082C
YJL164C	YMR229C
YKL028W	YNR029C
YDR159W	YLR018C
YJL078C	YOR153W
YDR388W	YER116C
YDR093W	YJR066W
YJL063C	YMR024W
YJR093C	YLR115W
YDL192W	YML086C
YCR073W-A	YNR051C
YLL039C	YML049C
YGR067C	YPL240C
YDR485C	YPL235W
YDR046C	YPL240C
YIL076W	YPL010W
YKL145W	YLL039C
YDL200C	YOR232W
YIL011W	YMR201C
YDR381W	YNL238W
YNL110C	YOR294W
YGL122C	YIL149C
YMR162C	YPR154W
YLL039C	YOR042W
YDL156W	YLR116W
YBR059C	YGL059W
YIL034C	YPL031C
YLL039C	YMR115W
YFR004W	YMR027W
YDR224C	YOL054W
YDL043C	YML049C
YFR002W	YMR153W
YDR007W	YNL154C
YDR392W	YPL082C
YLR048W	YLR274W
YCL024W	YKR048C
YGR274C	YPR052C
YHR027C	YJR007W
YBR173C	YOR157C
YFL037W	YKL029C
YBL032W	YDR233C
YFR002W	YJL041W
YBR088C	YFR004W
YEL009C	YMR236W
YDR381W	YJL128C
YDR143C	YPR019W
YHL025W	YMR033W
YIR010W	YKL049C
YGR129W	YKR022C
YKL126W	YNL106C
YDR328C	YJR123W
YBR196C	YDR328C
YDL225W	YNR016C
YJL222W	YKL049C
YBR085W	YGL237C
YDR411C	YLR207W
YCL024W	YNL206C
YBL032W	YGL066W
YBL032W	YPL064C
YGL099W	YPL131W
YIL149C	YLL015W
YBR214W	YBR243C
YMR236W	YNL167C
YDR378C	YML049C
YDR083W	YNL255C
YJR078W	YLL039C
YDL225W	YPL153C
YKL135C	YPL240C
YDR158W	YHR027C
YIL007C	YIL075C
YER044C	YML008C
YKR048C	YOL115W
YBL007C	YHR135C
YGL043W	YGR186W
YBR194W	YJR121W
YBR251W	YGR091W
YKL049C	YOR061W
YLR432W	YOR360C
YGR037C	YLL019C
YBL045C	YDR339C
YNL209W	YOR128C
YDL043C	YOR319W
YKL009W	YLR061W
YKL095W	YMR125W
YBL103C	YHR186C
YBR160W	YIR023W
YBL007C	YDR172W
YHR097C	YLL039C
YNL113W	YNL255C
YDR177W	YKL210W
YDR510W	YPL106C
YER171W	YPL122C
YLR455W	YMR229C
YEL009C	YPR046W
YLL039C	YMR061W
YHR158C	YNL084C
YGR270W	YMR033W
YMR075W	YPR023C
YJL098W	YOR187W
YBR106W	YBR287W
YDR312W	YNL110C
YDR285W	YMR117C
YNL227C	YPL031C
YGL122C	YKR074W
YLR073C	YPL084W
YDR227W	YFL045C
YDR330W	YJL187C
YBL032W	YDL054C
YFR004W	YJR139C
YDR078C	YHL006C
YBR160W	YJR091C
YAL027W	YMR128W
YGR092W	YKL211C
YBL032W	YJL159W
YBR260C	YPL140C
YHR058C	YIL021W
YDR093W	YER166W
YNL112W	YOR056C
YDL184C	YDR378C
YBR112C	YMR240C
YEL051W	YNL250W
YCR009C	YPL140C
YFR014C	YJL084C
YMR186W	YPL051W
YBR059C	YKR094C
YJL164C	YNL149C
YDR237W	YGR220C
YLR257W	YNL255C
YLR310C	YNL231C
YBL085W	YNL206C
YGL011C	YIL099W
YDR479C	YGL122C
YLL039C	YLR387C
YDR130C	YNL161W
YBR082C	YFR004W
YBR081C	YGL066W
YGR085C	YPL220W
YDL074C	YOL117W
YDL123W	YLL039C
YIL021W	YOL145C
YAL024C	YGR152C
YBR106W	YOR117W
YJR094C	YMR139W
YBL032W	YPL162C
YMR229C	YNR054C
YCR020W-B	YOR115C
YBL099W	YCR063W
YLL028W	YNL238W
YGR186W	YJL164C
YBR079C	YNR051C
YGL077C	YGR055W
YOL072W	YPR080W
YLR259C	YNL255C
YCL011C	YMR125W
YDR510W	YJR104C
YDR205W	YKL221W
YAR068W	YNL255C
YBL032W	YPL058C
YGL180W	YKL166C
YDR130C	YGR085C
YHL025W	YJL176C
YCL067C	YCR084C
YGR056W	YLR321C
YAL021C	YNR051C
YGR270W	YIR010W
YGL122C	YMR083W
YHR014W	YJL138C
YNR051C	YOL086C
YJL041W	YKL068W
YBL088C	YNL265C
YFR004W	YPR145W
YGL238W	YOR185C
YER012W	YNR016C
YGL122C	YNL211C
YDL155W	YKL068W
YFR001W	YPL220W
YGR220C	YNL307C
YKR006C	YLR166C
YBR234C	YER090W
YDR100W	YMR010W
YBL032W	YDL199C
YCL011C	YCL037C
YML051W	YMR004W
YNL124W	YNL178W
YMR229C	YPR161C
YIL045W	YLL039C
YLR357W	YMR033W
YDR167W	YPL011C
YBR160W	YPR086W
YBR194W	YPL004C
YKL049C	YLR330W
YLL039C	YPL125W
YBL028C	YGL122C
YDR510W	YNL209W
YGR285C	YNL209W
YGL123W	YJR123W
YDR240C	YLR298C
YLR018C	YMR264W
YAL028W	YBL032W
YDR225W	YML069W
YGR075C	YGR091W
YJL210W	YNL214W
YHR027C	YOR261C
YGL122C	YOR036W
YBL080C	YGR102C
YHR027C	YMR246W
YBL002W	YPR052C
YGR113W	YPL018W
YER168C	YKL166C
YMR028W	YNR032W
YGR091W	YLR439W
YMR117C	YPR143W
YIL075C	YKL049C
YGL240W	YKR048C
YKL160W	YLR429W
YDR080W	YMR048W
YBR169C	YLL039C
YGL058W	YGR180C
YDR019C	YFR014C
YPL141C	YPL201C
YLR075W	YNL255C
YDR510W	YIR033W
YGR286C	YMR070W
YDR011W	YML072C
YEL065W	YKL166C
YAL043C	YDR195W
YBR160W	YDL155W
YGR055W	YPL240C
YBL045C	YHR027C
YJR050W	YLR117C
YGL105W	YPL240C
YER165W	YLR298C
YDL066W	YNL250W
YHR169W	YPR080W
YHR135C	YOR254C
YBL007C	YNL138W
YGR186W	YJL140W
YDR174W	YLR320W
YGR270W	YPR019W
YDR174W	YGL122C
YDL143W	YLL039C
YBR168W	YHR150W
YMR309C	YOR081C
YOL086C	YOR123C
YFL045C	YMR059W
YDL029W	YDR394W
YGL077C	YOL105C
YDR510W	YOR032C
YLR170C	YNL255C
YKL006C-A	YPL240C
YAR002W	YPL153C
YBR179C	YLR368W
YAL029C	YMR186W
YGR085C	YLR075W
YLL039C	YLR356W
YDL155W	YOR372C
YNL255C	YPL106C
YGR250C	YML056C
YDR258C	YGR094W
YEL048C	YOR115C
YIL066C	YKL011C
YGR200C	YKL166C
YBR251W	YGL122C
YBR154C	YGR186W
YCR084C	YLL039C
YAL032C	YMR031C
YKL009W	YLR406C
YBR221C	YCR079W
YKL052C	YNL255C
YEL034W	YGL122C
YDL138W	YGL122C
YKL093W	YNL307C
YIR010W	YMR229C
YDR138W	YJR032W
YER006W	YLR406C
YBR106W	YNL125C
YAL062W	YOR375C
YBR241C	YDL192W
YDL065C	YJL210W
YBR112C	YGL181W
YBR211C	YNL289W
YGL122C	YOR182C
YFR004W	YGL037C
YBR011C	YJL191W
YHR158C	YKL166C
YDL159W	YIL113W
YDR166C	YJL138C
YML069W	YOR039W
YJL001W	YOR157C
YDR427W	YGL122C
YKL011C	YMR201C
YJL128C	YNR031C
YGL122C	YLR148W
YER031C	YNL044W
YDR012W	YFR004W
YER136W	YKR014C
YDR238C	YHR169W
YJR002W	YPL266W
YDL052C	YLL039C
YER005W	YGR284C
YBR223C	YCL028W
YBR095C	YMR075W
YGL099W	YPR041W
YEL054C	YNL255C
YCL054W	YPL211W
YBR017C	YOR259C
YHR135C	YOL070C
YJL187C	YNL186W
YFR004W	YFR009W
YBL011W	YJL187C
YAL034W-A	YGR120C
YLL039C	YOR133W
YDR427W	YOR261C
YIR010W	YMR091C
YBR126C	YNL209W
YHR027C	YKL035W
YBL032W	YNL122C
YGR220C	YLR439W
YDL192W	YPL010W
YJL070C	YKL166C
YBR142W	YGL059W
YDR119W	YJL178C
YLL039C	YOL084W
YOL021C	YOL142W
YKL213C	YMR067C
YDR012W	YJR123W
YFR037C	YPL082C
YIL077C	YOL135C
YER029C	YLR438C-A
YDL005C	YDR443C
YHR135C	YKL210W
YBL032W	YGL013C
YGL219C	YLR368W
YMR242C	YPR189W
YLL028W	YLR219W
YMR086W	YPL004C
YAL021C	YIR010W
YJL164C	YOR141C
YDL019C	YGL059W
YBR216C	YGL122C
YBR072W	YNL313C
YNL149C	YPL031C
YDR224C	YNL255C
YBR198C	YPL254W
YGR250C	YNL025C
YIL131C	YIR002C
YNL209W	YPL240C
YDR301W	YHR135C
YER165W	YNR051C
YGR181W	YNR017W
YOR057W	YPL240C
YBR199W	YLL039C
YDL029W	YDR172W
YGL210W	YNL161W
YHR205W	YIL153W
YDR418W	YOR117W
YDR510W	YML085C
YDL203C	YER012W
YDR227W	YMR219W
YIL004C	YPL010W
YER107C	YJL041W
YDR423C	YLR109W
YBR152W	YDL043C
YDL029W	YJR065C
YDL175C	YGL122C
YHR186C	YIR010W
YEL041W	YNL229C
YBR079C	YML085C
YDR510W	YJL081C
YFL037W	YJL111W
YBL032W	YBR172C
YLL039C	YML112W
YDR138W	YNR031C
YKR001C	YLL039C
YDR086C	YFR004W
YKL034W	YLL039C
YBR106W	YFR004W
YKL139W	YLR196W
YHR128W	YPL031C
YGR225W	YNL210W
YDR003W	YLL039C
YMR052W	YNL127W
YDL226C	YDR510W
YFL062W	YOR092W
YAR002W	YBR160W
YGR159C	YKL193C
YNL209W	YNR051C
YDL134C	YMR028W
YBL034C	YDR356W
YMR287C	YPL240C
YDR101C	YPL146C
YFL001W	YPL031C
YBR011C	YGL122C
YLR320W	YPR135W
YDR208W	YJL164C
YDR328C	YNL093W
YNL154C	YOR153W
YDR381W	YML056C
YBR059C	YLR392C
YPL004C	YPR173C
YBR087W	YNL290W
YGL122C	YKR020W
YFR004W	YGL202W
YJR123W	YNR051C
YDR510W	YLR277C
YPL235W	YPR010C
YDR111C	YEL030W
YMR159C	YPR034W
YDL227C	YGL014W
YBR254C	YDR246W
YHR128W	YNR051C
YHR027C	YLR134W
YGL059W	YPL203W
YGL122C	YOR280C
YDL181W	YOR159C
YDR207C	YJR094C
YDR174W	YPL153C
YLR398C	YML056C
YIL033C	YKL048C
YHR196W	YOR145C
YHR069C	YLR163C
YDL214C	YKR092C
YER006W	YFR001W
YER131W	YFR004W
YBL032W	YCR063W
YBR251W	YGR215W
YIR010W	YJL053W
YGL246C	YOR063W
YBR036C	YDR276C
YMR153W	YPL004C
YBL032W	YDR093W
YBR120C	YGL122C
YBR234C	YDR510W
YGL011C	YJL001W
YDR100W	YLR108C
YER006W	YMR047C
YCR065W	YPL106C
YGL106W	YLR429W
YGL081W	YMR309C
YBL061C	YHR135C
YMR242C	YPL249C-A
YDR064W	YGR085C
YGL122C	YKL091C
YGL122C	YGL151W
YMR075W	YNL330C
YGL122C	YLR151C
YDR484W	YNL209W
YBL072C	YPL037C
YMR114C	YMR216C
YBR283C	YKL008C
YBR189W	YHR196W
YER006W	YKL009W
YAL001C	YIR010W
YDL191W	YGL099W
YMR280C	YOR047C
YBR036C	YEL027W
YGR261C	YNL255C
YDL214C	YNR006W
YFR004W	YPL079W
YGL122C	YGR250C
YCR034W	YEL002C
YJL164C	YNL227C
YDL144C	YGL122C
YBR194W	YGL106W
YBL032W	YMR061W
YDL060W	YER131W
YLR131C	YOR185C
YGR214W	YLR259C
YKL041W	YMR077C
YAL062W	YGL070C
YDL082W	YGL076C
YJL002C	YLL039C
YDL002C	YPL141C
YCL028W	YIR010W
YBR150C	YGL122C
YBR177C	YMR109W
YDR365C	YDR381W
YDR392W	YMR236W
YNL124W	YOR063W
YDR299W	YPL141C
YER162C	YGL167C
YNR023W	YPR034W
YBR194W	YGR005C
YER024W	YJL187C
YLL021W	YPL140C
YDR378C	YGR091W
YCR004C	YFR004W
YBL022C	YMR091C
YNL124W	YPL249C-A
YFR004W	YNL313C
YAL027W	YDR510W
YJR139C	YLL039C
YLL015W	YLL023C
YCR014C	YHR135C
YDR471W	YLR406C
YBR085W	YFR004W
YGR206W	YLL039C
YDR301W	YPR107C
YGL059W	YJR049C
YGL122C	YKR018C
YOR078W	YPR137W
YGR214W	YLR153C
YER031C	YER136W
YFL033C	YOR162C
YDR267C	YOL111C
YDR172W	YGL122C
YKL049C	YNR016C
YHR046C	YNL255C
YKL099C	YNL255C
YGL122C	YNL322C
YER133W	YGR252W
YER165W	YMR213W
YDL099W	YJL164C
YDR032C	YLR326W
YBR217W	YJR109C
YDR012W	YER012W
YJR093C	YLR277C
YKL059C	YMR061W
YHR135C	YJR044C
YBL032W	YDR158W
YHL009C	YMR216C
YBR106W	YBR183W
YGR210C	YMR109W
YER029C	YLR220W
YER165W	YKL068W
YLL039C	YOR341W
YBL002W	YMR036C
YGL122C	YNL077W
YFR004W	YGL123W
YLR274W	YLR429W
YGR179C	YJR112W
YDR211W	YPR041W
YGL174W	YMR240C
YDL192W	YHR188C
YMR317W	YOL108C
YDL223C	YFR004W
YGR252W	YLR277C
YOR334W	YPL060W
YDR143C	YGL037C
YER133W	YLR258W
YAL010C	YMR060C
YDR496C	YOL077C
YBR189W	YOR063W
YGR184C	YIL075C
YHR052W	YKR057W
YBL032W	YER154W
YKL049C	YOR267C
YBR177C	YHR114W
YLR368W	YPR078C
YOL120C	YOR133W
YDR398W	YNR051C
YDL132W	YDR131C
YOR181W	YOR317W
YAL032C	YHR165C
YGL076C	YOR063W
YAL034W-A	YNL307C
YCL011C	YDR064W
YDL116W	YER107C
YFR014C	YLR265C
YBR221C	YDR510W
YJL091C	YPL240C
YHL009C	YPL018W
YMR071C	YOL018C
YBL002W	YGL066W
YBL032W	YNR035C
YBL032W	YLR091W
YJL070C	YJL164C
YGL122C	YOR232W
YDL015C	YHR133C
YBR221C	YLR166C
YBR211C	YIR010W
YGL122C	YPR166C
YBR017C	YLL039C
YBL085W	YJL155C
YAL024C	YNL312W
YBR106W	YNL048W
YGR094W	YPR154W
YDR427W	YIL066C
YBL032W	YLR151C
YFR004W	YJL060W
YMR131C	YOR319W
YML125C	YMR153W
YCR073W-A	YDR247W
YBL032W	YGL105W
YLR333C	YML056C
YPL082C	YPR073C
YLR086W	YLR163C
YGL122C	YKL010C
YPL249C	YPR154W
YLR233C	YNL229C
YGR214W	YNL255C
YBR160W	YGL216W
YJL186W	YLR166C
YDL192W	YKL135C
YLR369W	YOR232W
YDL239C	YGL122C
YGL122C	YLR395C
YIL153W	YNL021W
YKL112W	YOR039W
YDL124W	YGL122C
YLR103C	YLR274W
YMR131C	YNL178W
YGL122C	YPR067W
YHL019C	YHR135C
YDR487C	YGL122C
YDR328C	YPL240C
YDL101C	YNL250W
YAL030W	YNR049C
YGR179C	YPL209C
YLR071C	YNL025C
YNL021W	YOL090W
YBL032W	YBR117C
YCR067C	YOR128C
YJR042W	YMR047C
YGL122C	YPL122C
YDL143W	YHR169W
YDR471W	YHL033C
YKL049C	YMR309C
YMR216C	YNL186W
YGL122C	YKL035W
YBL032W	YMR296C
YBR105C	YDL082W
YDR394W	YFR004W
YIR010W	YPL127C
YDR388W	YPL249C-A
YHR052W	YPL211W
YBR237W	YNL154C
YLL039C	YLR450W
YDR373W	YGL122C
YOL053W	YPL031C
YHL033C	YNL069C
YLR113W	YPR019W
YDR224C	YOR141C
YHR205W	YMR216C
YBR085W	YGL122C
YDR238C	YPL010W
YMR167W	YOR155C
YBL032W	YPL031C
YJL138C	YLL039C
YJL164C	YLR259C
YDR171W	YNL216W
YFR004W	YHR039C
YEL048C	YPL031C
YPL031C	YPR119W
YGR091W	YOR159C
YHR165C	YMR213W
YDR240C	YIL129C
YGL122C	YMR184W
YGL122C	YOR063W
YML098W	YPL101W
YMR186W	YNR032W
YHR052W	YMR047C
YJL178C	YOR316C
YDL088C	YIL115C
YDR510W	YER039C
YBL032W	YBR238C
YBR196C	YOL086C
YNL151C	YOR210W
YJL001W	YPR180W
YAL062W	YIL033C
YHR070W	YNL138W
YFR008W	YOL135C
YGL122C	YLR164W
YIL131C	YJR144W
YGR092W	YMR196W
YHR135C	YKR045C
YGL122C	YOL115W
YFR004W	YKL215C
YFR004W	YOL016C
YHR039C	YPR113W
YDR113C	YGL116W
YJL002C	YJR015W
YHR165C	YLR117C
YBL075C	YPR119W
YBL032W	YGL122C
YGL122C	YOR261C
YBL032W	YOR291W
YLL039C	YPL001W
YCL011C	YEL034W
YGL210W	YNL255C
YDR078C	YGL122C
YGL122C	YOR212W
YDR172W	YJL164C
YJL173C	YLR086W
YAL030W	YNL255C
YHR135C	YLR355C
YJR112W	YLR200W
YDR267C	YHR152W
YBL032W	YOL045W
YDR356W	YMR117C
YAL027W	YOL090W
YIR010W	YPL231W
YDR174W	YGR274C
YGL179C	YHR137W
YBR059C	YDR130C
YDR064W	YOR063W
YCL032W	YMR117C
YNL132W	YOR078W
YJL164C	YMR316W
YML102W	YNL255C
YBL032W	YPL016W
YBL032W	YGR268C
YDR115W	YGR220C
YDR100W	YDR141C
YBR221C	YDL239C
YBR257W	YHR062C
YMR223W	YPL047W
YNL251C	YOL115W
YDR143C	YIL034C
YHR135C	YKL166C
YHR052W	YNL175C
YJR015W	YOR036W
YCL040W	YHR027C
YCR020W-B	YPR034W
YDR418W	YGR148C
YDR192C	YFR002W
YCR030C	YML098W
YER012W	YPR080W
YDR293C	YJL164C
YGL122C	YMR241W
YAL028W	YGL180W
YBR154C	YOR340C
YKL139W	YNL132W
YBL105C	YEL002C
YMR070W	YPL127C
YCL011C	YDR381W
YKL059C	YLR115W
YFR004W	YGL040C
YCR009C	YNL255C
YKL049C	YMR091C
YGL223C	YIL004C
YDR092W	YGR005C
YER065C	YHR186C
YBL032W	YHL050C
YGR167W	YJL006C
YMR201C	YNL312W
YLL018C-A	YPL031C
YIL121W	YPL058C
YMR071C	YNL255C
YDR085C	YMR059W
YAL021C	YER165W
YBL002W	YER091C
YGL122C	YIL026C
YEL063C	YJL002C
YGL173C	YJL141C
YBR160W	YOR249C
YGL180W	YOR344C
YHR207C	YJL164C
YJR091C	YOR265W
YMR213W	YOR159C
YIL132C	YLR376C
YBL032W	YCR030C
YDR166C	YPR055W
YAL028W	YNL154C
YBL050W	YFR004W
YGL122C	YPL259C
YCR057C	YOR078W
YGL037C	YPL070W
YDR532C	YFR008W
YHR135C	YNR019W
YLR421C	YNL255C
YLL039C	YOR320C
YDR288W	YOL034W
YGL122C	YIL125W
YBR154C	YPR010C
YDR130C	YDR201W
YGL106W	YLR288C
YLL026W	YNL271C
YER006W	YOR267C
YJR145C	YPR189W
YNL255C	YOL112W
YBL102W	YDR414C
YGL122C	YGR213C
YML069W	YOL108C
YOL054W	YPL001W
YKL049C	YOR259C
YLL039C	YMR210W
YGR165W	YIL093C
YBR261C	YDR256C
YGR177C	YNL263C
YMR153W	YPL031C
YDR510W	YKL126W
YDL191W	YDR101C
YAL029C	YKL124W
YER165W	YPL259C
YCL027W	YGR070W
YBR137W	YOR007C
YMR117C	YOL028C
YBR159W	YNL055C
YOR090C	YPL240C
YGL056C	YGL077C
YER012W	YOL145C
YEL009C	YPL016W
YGR029W	YJR048W
YFR004W	YKL127W
YOR117W	YPR145W
YBL061C	YLR432W
YIL021W	YKL028W
YDR224C	YLR357W
YHR135C	YIL156W
YAL032C	YDL116W
YNL069C	YPL249C-A
YEL060C	YNL161W
YIL074C	YOR117W
YBL002W	YNL201C
YBL088C	YNL312W
YBL072C	YGL076C
YIL021W	YMR186W
YKL060C	YNL255C
YDR100W	YPL135W
YBL007C	YIL156W
YLL039C	YOR109W
YIR037W	YPL058C
YIL095W	YIR006C
YBR196C	YOR117W
YER122C	YIR010W
YBR286W	YLL039C
YCR061W	YLL048C
YBR031W	YDR510W
YDR011W	YOR153W
YGL053W	YNL315C
YGL122C	YMR109W
YGR129W	YJL164C
YAL062W	YCR020W-B
YOR294W	YPL131W
YHR027C	YOR271C
YFL005W	YGL198W
YDR388W	YJR115W
YDR299W	YGR092W
YDL160C	YNL255C
YJL081C	YPR023C
YOL012C	YPL235W
YJL070C	YMR131C
YER171W	YMR112C
YHR027C	YKL157W
YJL151C	YPR139C
YHR205W	YLR113W
YFR004W	YOR317W
YBR177C	YOL018C
YGL122C	YGL141W
YBR225W	YPL203W
YHR027C	YPR145W
YIL125W	YOR005C
YDR418W	YPL131W
YFR004W	YGL014W
YDR064W	YPL081W
YER006W	YGR085C
YMR197C	YOR036W
YIR037W	YML070W
YHR112C	YHR135C
YKL144C	YPR187W
YGL031C	YNL255C
YKL210W	YPL209C
YBR159W	YDR381W
YDR510W	YOR340C
YFR035C	YPL031C
YGR113W	YGR179C
YDR398W	YJR002W
YDR064W	YNL069C
YBR160W	YLR394W
YBR052C	YIR037W
YDL120W	YDR100W
YJL111W	YOR281C
YDR300C	YLL039C
YAL010C	YHR083W
YJL164C	YLL038C
YBR112C	YGL025C
YBL099W	YLL039C
YDR032C	YLR429W
YBL032W	YLR439W
YHR027C	YJL060W
YER106W	YER130C
YGR092W	YGR200C
YJR097W	YKL048C
YAL032C	YPR189W
YDR247W	YDR257C
YGR275W	YLR321C
YGL167C	YIL146C
YKL074C	YPL105C
YDR313C	YLL039C
YDR324C	YDR398W
YKL007W	YLR274W
YGL014W	YNL118C
YDR238C	YJL151C
YGR285C	YPR189W
YGL122C	YMR143W
YDR028C	YPL031C
YER005W	YJL004C
YLL039C	YPL082C
YDL078C	YOL147C
YIL027C	YJL151C
YBR189W	YLL039C
YDR473C	YFL017W-A
YBL032W	YHR188C
YGL122C	YOL108C
YHR114W	YLR105C
YHR066W	YOR080W
YGL122C	YGR194C
YAL056W	YJL164C
YBL032W	YML106W
YHR197W	YLR075W
YDR394W	YER012W
YDR395W	YMR047C
YMR246W	YOL133W
YJL176C	YMR033W
YGL122C	YMR024W
YKL035W	YOL045W
YBL075C	YOR181W
YDR418W	YPL220W
YLR186W	YPR137W
YLL039C	YLR427W
YBR160W	YJL187C
YAL043C	YMR061W
YHL009C	YML102W
YLL039C	YMR125W
YDR388W	YPL209C
YBL032W	YKL037W
YIR010W	YMR242C
YGL035C	YGL253W
YHR052W	YMR242C
YCR014C	YDR427W
YDL192W	YIL121W
YNL330C	YOR039W
YBR085W	YDR328C
YCR009C	YDL044C
YDL098C	YDR473C
YOR197W	YPR154W
YBR217W	YGL016W
YBL088C	YGR099W
YDL153C	YGR092W
YNL112W	YOL127W
YGL122C	YIL076W
YHR143W-A	YIR010W
YBL032W	YER144C
YBR138C	YGL122C
YLL039C	YPR073C
YKL049C	YOR039W
YGR062C	YML056C
YHR114W	YPL032C
YBR011C	YKL108W
YBL032W	YNR055C
YDR443C	YGL122C
YHR052W	YOL012C
YGL122C	YNR004W
YGL077C	YML072C
YML127W	YPL082C
YBL052C	YJR082C
YHR086W	YPR080W
YBL032W	YBR229C
YOR181W	YPL153C
YDR328C	YMR186W
YGR092W	YOR117W
YDR395W	YKL049C
YBR283C	YJL138C
YEL002C	YPL227C
YDR510W	YPL082C
YLR432W	YOR243C
YBL075C	YNL250W
YFR004W	YNL055C
YMR117C	YNL291C
YGR159C	YIR010W
YIR010W	YMR031C
YER122C	YNL154C
YBL032W	YIR010W
YCL037C	YNR051C
YCL024W	YJR062C
YGL179C	YPL222W
YDR064W	YNL132W
YGL116W	YPL267W
YDR323C	YPL240C
YBL007C	YGL206C
YML108W	YNL255C
YGL076C	YPR041W
YDL143W	YFR004W
YLR098C	YOL034W
YAL029C	YGL106W
YMR035W	YMR150C
YNL175C	YNL209W
YDR224C	YLR133W
YER034W	YPL031C
YHR098C	YPL031C
YBR079C	YDR064W
YGL223C	YGR120C
YFR014C	YNL316C
YNL093W	YNL263C
YOL077C	YPL259C
YAL024C	YJR104C
YNL255C	YPR051W
YBL032W	YMR125W
YGR274C	YNL216W
YLL026W	YOR117W
YOR181W	YPL180W
YDR418W	YNL069C
YDR028C	YDR172W
YAL029C	YLR274W
YGR005C	YGR072W
YGL035C	YMR240C
YLL032C	YML119W
YCR024C-A	YEL063C
YJR145C	YOR056C
YGL206C	YLL039C
YDR080W	YKR014C
YBR194W	YDR293C
YHR135C	YJR072C
YLR109W	YPL001W
YJL041W	YPR119W
YDR238C	YLR051C
YGL122C	YKR022C
YLL039C	YNL178W
YLR429W	YPL004C
YDR077W	YEL065W
YMR235C	YPL111W
YDL143W	YPL240C
YBL032W	YPL276W
YDR078C	YLR376C
YBR049C	YNL178W
YCR026C	YLL039C
YDR471W	YJR145C
YDR471W	YOL077C
YBL045C	YNL255C
YDR188W	YDR212W
YGL122C	YIL115C
YLR216C	YPL240C
YBR025C	YGL122C
YLR117C	YLR438C-A
YDR127W	YJL173C
YNL154C	YOR107W
YFL017W-A	YLR147C
YDR424C	YLL039C
YGL122C	YPL263C
YMR242C	YOL041C
YIR010W	YPL032C
YNL059C	YOR189W
YGL122C	YPL071C
YER178W	YNR051C
YGL106W	YKR010C
YGL051W	YHR135C
YDR171W	YNL055C
YIL153W	YLL001W
YNL151C	YOL021C
YBR261C	YNL255C
YGL201C	YPR154W
YDL116W	YMR047C
YBR208C	YOR117W
YLR186W	YNL132W
YGR158C	YPR189W
YIL121W	YLR332W
YDL175C	YFR010W
YDR045C	YNL113W
YMR128W	YNL075W
YER129W	YGL035C
YMR225C	YNL284C
YER081W	YFR004W
YHR052W	YNL186W
YDR141C	YGR055W
YEL034W	YOR361C
YDL192W	YNL255C
YDL243C	YHR135C
YDL060W	YOR056C
YIL130W	YLL039C
YDR012W	YKR081C
YBR031W	YNL124W
YJR144W	YNR051C
YGL212W	YJL151C
YCL028W	YER022W
YGL122C	YGR184C
YJL138C	YPL141C
YGL122C	YLR070C
YBR086C	YLL039C
YBL002W	YPR019W
YGL122C	YKL023W
YCR024C-A	YGR284C
YKR086W	YNR051C
YHR066W	YOR063W
YOL127W	YPL090C
YCR095C	YNL032W
YDR496C	YNR051C
YDR388W	YPL249C
YNL178W	YPL090C
YBL032W	YPL202C
YGL123W	YOR063W
YBR087W	YBR088C
YGL122C	YIL124W
YEL013W	YLR246W
YGL122C	YOL086C
YBL101C	YLL039C
YOR117W	YOR375C
YOL016C	YPL203W
YBR031W	YDR170C
YCR030C	YLR332W
YAL001C	YDL074C
YDR012W	YFR001W
YDR184C	YJR022W
YER009W	YGL122C
YGL060W	YPR046W
YBR058C	YKR049C
YNL255C	YPL249C-A
YDL199C	YJL004C
YKR006C	YLR439W
YLL026W	YLR072W
YGL122C	YGL191W
YEL013W	YNL326C
YDR128W	YDR188W
YGL122C	YOL082W
YER012W	YFR004W
YFR014C	YMR173W
YDL098C	YGR091W
YBR264C	YGL122C
YDR510W	YMR227C
YDR452W	YHR161C
YBL072C	YOR361C
YLR083C	YOR036W
YNL077W	YPL031C
YGR185C	YLL039C
YCR042C	YMR236W
YCL032W	YHR135C
YDR365C	YOL041C
YBR059C	YKR092C
YOR080W	YPR019W
YBR112C	YDR510W
YDL060W	YEL054C
YFR022W	YNL154C
YBL032W	YLR378C
YDR299W	YNL207W
YJR123W	YPL266W
YOR212W	YOR281C
YJL100W	YOR181W
YDR064W	YDR471W
YMR159C	YNL255C
YER048C	YPL031C
YHR143W-A	YKL025C
YDR462W	YKR006C
YBL002W	YKR048C
YBL032W	YDR208W
YKR048C	YLR429W
YHR005C-A	YNL255C
YIL045W	YOR178C
YER091C	YFR004W
YLL039C	YNR001C
YER105C	YNR047W
YMR309C	YPR086W
YLR233C	YLR318W
YGR180C	YPR106W
YBR059C	YLR377C
YBR154C	YDR156W
YCR057C	YNL132W
YDL160C	YNR052C
YBR183W	YKL065C
YGL051W	YGL129C
YKL093W	YMR139W
YOL021C	YPR187W
YLL039C	YLR186W
YMR071C	YNL315C
YER006W	YNL284C
YBR199W	YOL132W
YHL006C	YIL132C
YDR225W	YNR051C
YER031C	YML086C
YKL193C	YMR139W
YBR140C	YLR310C
YDL213C	YDR381W
YDR386W	YPR119W
YKR079C	YPR106W
YIR010W	YNL306W
YGL122C	YHR118C
YJL063C	YLR439W
YGL180W	YHR156C
YDR388W	YGR159C
YNL307C	YOL054W
YNL307C	YOR028C
YDL175C	YOL115W
YBR035C	YDL101C
YDR064W	YPR137W
YGL059W	YGL122C
YBL002W	YMR091C
YDR247W	YNL210W
YLL039C	YPL206C
YDR188W	YHR135C
YBR142W	YOL041C
YIR010W	YPL082C
YGR258C	YOL044W
YHR186C	YLR403W
YFR004W	YLR017W
YGL121C	YJR053W
YLR384C	YNL255C
YGL025C	YMR112C
YIR010W	YNL132W
YNL059C	YPL082C
YIL093C	YMR158W
YLR196W	YPR161C
YDR188W	YHR169W
YDR510W	YJR153W
YGL091C	YPL031C
YGR215W	YMR158W
YLL039C	YOL019W
YDR365C	YHR196W
YER133W	YGL111W
YKL166C	YLR003C
YLR192C	YMR309C
YGL084C	YJL012C
YDL203C	YPL240C
YFR004W	YNL220W
YDL123W	YEL013W
YFR014C	YNL111C
YDR357C	YEL005C
YFR004W	YGR244C
YDR091C	YLR075W
YER103W	YPR119W
YCR095C	YNL099C
YKL166C	YNR006W
YEL051W	YJR033C
YGL122C	YKR087C
YJL178C	YMR221C
YGL076C	YML056C
YDR510W	YJR109C
YKL126W	YPR111W
YKL145W	YOR261C
YDR424C	YPR119W
YIL156W	YNL154C
YBL032W	YIL115C
YHR197W	YKL009W
YHR193C	YPR111W
YKL166C	YOR134W
YJR145C	YNL255C
YDR122W	YOL083W
YDR392W	YGL066W
YBR261C	YGL037C
YFL005W	YML086C
YDR363W-A	YDR394W
YBR081C	YGL043W
YGR165W	YJL063C
YDL067C	YGL122C
YGR270W	YKR010C
YGR167W	YNL255C
YER006W	YPL249C-A
YCL028W	YOR212W
YBL002W	YPL082C
YBL043W	YKL089W
YFR004W	YKL181W
YCR073W-A	YJL164C
YDR238C	YNL284C
YHR058C	YMR112C
YGL122C	YLR043C
YGL122C	YLR427W
YOL054W	YPL018W
YHR165C	YPL016W
YBR072W	YPL226W
YLL039C	YMR208W
YBL032W	YER128W
YBR079C	YDL005C
YBL099W	YOR117W
YMR291W	YOR141C
YDR365C	YOR061W
YGR285C	YNL255C
YGL009C	YGR250C
YEL032W	YPR119W
YGL106W	YMR173W
YDR510W	YOR187W
YBR047W	YDR238C
YDR293C	YNL289W
YDL143W	YGL122C
YDL192W	YNR028W
YGR180C	YJL006C
YBR082C	YJR119C
YBR087W	YOR144C
YBR106W	YLR034C
YDL191W	YGL111W
YHR169W	YOR133W
YDR443C	YOL135C
YCL040W	YGL122C
YGR005C	YJL140W
YGL253W	YHR152W
YNL093W	YOR357C
YBR194W	YPL032C
YDR054C	YDR328C
YJL082W	YML086C
YER029C	YHR165C
YBR173C	YGL122C
YLR056W	YLR292C
YBR202W	YDR052C
YOR141C	YPL141C
YBL010C	YKR022C
YGL122C	YPL010W
YJL052W	YJR093C
YER133W	YIR006C
YGL122C	YML078W
YER133W	YKL193C
YMR197C	YOL018C
YJL014W	YNR051C
YGL077C	YGR229C
YCR020C-A	YGL122C
YHR066W	YPR143W
YHR169W	YPL240C
YIL053W	YIL095W
YDR100W	YOL018C
YLL021W	YNR031C
YDR422C	YLR408C
YIL113W	YLL019C
YBL032W	YIR034C
YBL032W	YNR052C
YER133W	YHR158C
YBR133C	YPL209C
YLR075W	YNL178W
YFL017W-A	YOR159C
YMR242C	YOR063W
YBR207W	YDR141C
YDL015C	YKL008C
YER031C	YKR030W
YJL060W	YJL153C
YDR378C	YLR438C-A
YCL024W	YKR071C
YCR061W	YNL318C
YHR135C	YKR094C
YIL065C	YOR007C
YMR201C	YPR135W
YGL122C	YPL216W
YGL011C	YOR078W
YKL023W	YMR216C
YGR275W	YIR010W
YDL153C	YPR161C
YFR014C	YHR090C
YDR224C	YDR225W
YBL032W	YDL223C
YGR185C	YGR229C
YNL021W	YPL031C
YDR233C	YNL044W
YNL207W	YOR056C
YGR275W	YLR258W
YDR365C	YNL255C
YGR113W	YKL049C
YDR496C	YOR061W
YBR049C	YJR123W
YER133W	YOR061W
YFR014C	YHR135C
YDR398W	YMR093W
YNL255C	YOL016C
YKL060C	YOR133W
YKL049C	YKL089W
YDR388W	YML123C
YDR159W	YIL149C
YGL077C	YOR153W
YNL132W	YPL090C
YGR085C	YPL249C-A
YDR418W	YHL033C
YER107C	YMR047C
YBL007C	YHR114W
YBR031W	YML072C
YAL024C	YEL046C
YDR238C	YKL049C
YGL237C	YOR047C
YBR105C	YIL076W
YDR388W	YIL015W
YGL011C	YOR157C
YDR395W	YNL069C
YDL205C	YGL122C
YEL003W	YGL122C
YDR002W	YNL255C
YHR089C	YMR239C
YCL056C	YCR092C
YLR031W	YOR357C
YCR034W	YDR456W
YBR194W	YNL112W
YBL032W	YBR086C
YBL032W	YNL277W
YDR356W	YFR002W
YKR081C	YMR128W
YHR052W	YPL131W
YMR242C	YPL090C
YBR160W	YKL108W
YGL122C	YLR200W
YDR135C	YDR150W
YKL049C	YOR090C
YLR049C	YPL161C
YDR484W	YLR262C
YGL253W	YHR027C
YNL119W	YOR251C
YHR027C	YLR060W
YDR356W	YNL225C
YDR299W	YGL122C
YHR169W	YJL138C
YBL032W	YBR105C
YLR321C	YML127W
YMR294W	YPL031C
YBR196C	YMR186W
YKR057W	YNL207W
YBR038W	YGL122C
YJR032W	YLL039C
YHR066W	YNL110C
YDL043C	YGL174W
YMR075W	YPL240C
YGR241C	YNL020C
YGL051W	YNL154C
YKR021W	YPL031C
YDR225W	YPR052C
YJR112W	YNL255C
YNL209W	YPR161C
YLR259C	YNL055C
YGL122C	YLR013W
YBL032W	YLR246W
YCL011C	YPR161C
YBR031W	YGR281W
YGR085C	YJR145C
YKL049C	YKL212W
YFR004W	YPL231W
YGL122C	YNR022C
YNR051C	YOL117W
YFR004W	YNL112W
YGR056W	YMR047C
YHR135C	YOR162C
YJR121W	YNL315C
YIL139C	YLR147C
YDR510W	YMR067C
YEL034W	YHL033C
YLL039C	YPR055W
YDL078C	YKL185W
YBL007C	YMR109W
YNL165W	YNL255C
YER173W	YIL139C
YJR112W	YLR031W
YGL122C	YOL073C
YGL122C	YKR010C
YDR174W	YLR074C
YBR217W	YIL125W
YBR106W	YPR198W
YBR189W	YPR041W
YLR310C	YPL203W
YJL053W	YOR132W
YCL028W	YOL111C
YEL063C	YOR254C
YBL032W	YIL080W
YGR210C	YPR106W
YGL173C	YLL019C
YBL032W	YDR406W
YCL025C	YLL039C
YGL122C	YGL123W
YGL023C	YJL164C
YMR242C	YNR054C
YOR319W	YPR188C
YBR018C	YNL161W
YBL032W	YLR239C
YBR080C	YHR027C
YNL178W	YOL127W
YAL021C	YLL013C
YKL068W	YMR047C
YDL176W	YMR093W
YIL095W	YPR161C
YBL002W	YLR320W
YMR091C	YPR034W
YJL041W	YOL132W
YBL074C	YER029C
YIR002C	YOL034W
YLL039C	YOR369C
YDR122W	YKL048C
YHR081W	YNL112W
YGL145W	YLL039C
YKL049C	YNL112W
YNL232W	YNL251C
YOL111C	YOR007C
YLL039C	YLR060W
YGR116W	YKL049C
YDL227C	YDR335W
YHR135C	YLR003C
YCR057C	YGR135W
YFL037W	YLR045C
YHR135C	YNL293W
YCR042C	YDR301W
YAL003W	YFR004W
YNR051C	YOL077C
YFR014C	YGR180C
YBR198C	YJL014W
YBR059C	YDR247W
YNL284C	YOL027C
YHR027C	YNL255C
YBL032W	YPL137C
YHR027C	YMR241W
YOL070C	YPL031C
YHR186C	YJR066W
YDR410C	YNL098C
YHR146W	YIR010W
YGR132C	YNL255C
YER031C	YNL255C
YNL209W	YPL001W
YBL002W	YPR010C
YGR250C	YPL178W
YEL005C	YGL122C
YBL018C	YBR257W
YDL110C	YGL122C
YDR306C	YOL133W
YLR258W	YOR178C
YIL008W	YLR109W
YDR012W	YNL255C
YHR094C	YPL058C
YHR009C	YHR135C
YCR057C	YNL255C
YJL187C	YOR254C
YER031C	YNL293W
YBL099W	YFR004W
YDR324C	YPL126W
YEL022W	YKL029C
YFR002W	YLL039C
YDR143C	YLL026W
YGL122C	YLR268W
YDR064W	YMR086W
YDR381W	YFR010W
YDR139C	YGL122C
YDR103W	YEL023C
YFL062W	YLL039C
YDR510W	YPL226W
YBL032W	YGL090W
YCL027W	YKL092C
YFL045C	YPL235W
YDR192C	YLR018C
YDR510W	YPR080W
YDR103W	YER132C
YGL219C	YLL039C
YGL122C	YLR332W
YNL074C	YNL154C
YIL076W	YLR268W
YBL052C	YDR224C
YGR134W	YPL216W
YPL131W	YPR143W
YGL076C	YGR085C
YJL141C	YMR037C
YBR088C	YOL094C
YDR070C	YNL255C
YGL122C	YOL047C
YDL210W	YGL122C
YDL120W	YMR071C
YAL025C	YHR066W
YBL043W	YJR112W
YCR003W	YDR322W
YBL032W	YHR165C
YGL122C	YKL087C
YFR012W	YGL122C
YFR010W	YHR027C
YGL122C	YPR008W
YGR165W	YHR135C
YBL032W	YDR213W
YDR247W	YLR384C
YBL102W	YLR083C
YDR100W	YLR393W
YJR123W	YMR242C
YMR078C	YOL094C
YKL195W	YLL039C
YBL032W	YDL088C
YFR004W	YJR048W
YIL026C	YPR068C
YGL143C	YNL063W
YLR056W	YML012W
YDR172W	YJR065C
YGL122C	YML056C
YML093W	YNL255C
YGL025C	YGL151W
YBR108W	YDR388W
YDR322W	YJL041W
YDR483W	YOL018C
YBL002W	YGL241W
YKL161C	YNL053W
YGL076C	YIR010W
YMR239C	YNL251C
YHR135C	YMR275C
YGR091W	YJR022W
YBR160W	YPR119W
YDR496C	YER006W
YGL091C	YHR135C
YLL028W	YLR018C
YDL210W	YLR292C
YBR182C	YIL053W
YBR087W	YOL016C
YBL032W	YPR065W
YDR127W	YOR375C
YBR052C	YHR094C
YJL063C	YJR113C
YBL032W	YIL101C
YNL084C	YOR181W
YGL122C	YPL199C
YDL160C	YDR378C
YGL059W	YPL077C
YCR030C	YLR337C
YCR084C	YPR068C
YNL065W	YNL307C
YGL194C	YIL112W
YJR123W	YOL127W
YIR010W	YJR121W
YNL055C	YPR010C
YDR238C	YPL004C
YGL122C	YMR075W
YHR066W	YOL077C
YAL024C	YDR300C
YJL146W	YLL039C
YIL095W	YKL062W
YMR093W	YPR137W
YDR247W	YOR028C
YJL138C	YLR023C
YJL191W	YNL178W
YDR014W	YIL026C
YJL008C	YMR128W
YCL011C	YJR145C
YHR133C	YOR181W
YBR154C	YNL151C
YBR160W	YIL112W
YBL032W	YER040W
YDR225W	YFL013C
YHR186C	YKL193C
YER133W	YMR242C
YDL156W	YIR010W
YHR128W	YPL235W
YBR072W	YKL049C
YGL106W	YGL122C
YHR135C	YKL195W
YGR133W	YJL210W
YBR154C	YIR010W
YDR244W	YLR377C
YIL021W	YNL113W
YBR193C	YGR116W
YHR135C	YJR093C
YGL105W	YIR033W
YGL122C	YPL178W
YBR106W	YLL028W
YER069W	YGL122C
YGR285C	YHR052W
YDR425W	YKL166C
YFR004W	YJL014W
YNL255C	YPL047W
YDL088C	YFR002W
YIR010W	YLR357W
YDR427W	YFR004W
YER032W	YNL161W
YBL011W	YPL209C
YBL085W	YPL038W
YIR010W	YJR123W
YDR471W	YGR085C
YDR194C	YNL255C
YLL039C	YOR304W
YGL122C	YPL109C
YCR009C	YFR004W
YML119W	YPL031C
YDR028C	YFR004W
YNR054C	YOR063W
YFL010C	YLL039C
YOL127W	YPL211W
YBR080C	YLR268W
YLR117C	YOR159C
YMR093W	YOR078W
YDR381W	YPL209C
YGR285C	YOR063W
YER029C	YJR022W
YBL079W	YKL068W
YKL166C	YPL240C
YLL039C	YOR018W
YCR091W	YDR173C
YGR177C	YMR071C
YJR082C	YPR023C
YBR048W	YNL132W
YGL179C	YHL024W
YGL180W	YJL084C
YCL054W	YNL154C
YMR309C	YNR051C
YBR108W	YNL154C
YGR268C	YOR042W
YJR032W	YPL161C
YJL155C	YNL255C
YBR241C	YIR033W
YDL019C	YNL154C
YDL002C	YJL081C
YDR300C	YER107C
YGL105W	YJL164C
YNL065W	YPL026C
YCL024W	YKL048C
YFL041W	YPL264C
YFR014C	YIL010W
YJR002W	YNL255C
YDR129C	YLR330W
YPL141C	YPL240C
YGL123W	YNL178W
YDR007W	YLL039C
YLR262C	YNL293W
YER154W	YNR017W
YKL166C	YLR113W
YMR242C	YOL127W
YFR014C	YKL127W
YCR079W	YLR192C
YLL039C	YNL217W
YDR224C	YGL150C
YDR225W	YMR061W
YGR270W	YPL126W
YDR159W	YER105C
YHR052W	YOR063W
YBL032W	YOR192C
YGL122C	YGR284C
YLR113W	YOL072W
YKL145W	YLR292C
YDR172W	YOR150W
YOL135C	YPR168W
YFL037W	YPL235W
YBR172C	YPL240C
YMR229C	YPL131W
YMR240C	YPL016W
YLL039C	YLR172C
YDR208W	YLR227C
YBR126C	YIR032C
YOR063W	YPL090C
YKR081C	YNL110C
YML069W	YOL145C
YDR510W	YMR296C
YBL032W	YGL179C
YGL099W	YKL009W
YCL067C	YMR043W
YDR510W	YHR190W
YLR129W	YLR186W
YBR194W	YDR483W
YDL201W	YFR004W
YFR015C	YPL031C
YFR001W	YHR089C
YKL141W	YLL039C
YMR036C	YPR161C
YEL034W	YOR117W
YBR133C	YDL154W
YOR117W	YPL226W
YLR079W	YOR061W
YGL122C	YMR060C
YDR135C	YPL209C
YMR229C	YPL209C
YCR057C	YPL220W
YFR004W	YMR276W
YGL160W	YLL039C
YLR075W	YNL069C
YGL206C	YLR330W
YGR092W	YMR184W
YER012W	YPL131W
YNL149C	YNL255C
YKR003W	YPR113W
YBL079W	YLR429W
YGL031C	YPL131W
YHL033C	YOL127W
YML069W	YPL082C
YCR057C	YPL266W
YEL022W	YGR231C
YBR152W	YER029C
YJL001W	YLL039C
YDR064W	YKL009W
YBL105C	YHR070W
YBR263W	YGL122C
YGL253W	YNL206C
YIR010W	YNL118C
YFL037W	YFR004W
YER009W	YMR059W
YHR135C	YKR071C
YJR112W	YKL049C
YKR057W	YNL124W
YDR388W	YJL084C
YGR092W	YNR047W
YBR142W	YDR496C
YLL039C	YMR256C
YNL307C	YOL083W
YNR026C	YPL218W
YBL075C	YMR123W
YAL030W	YOR036W
YLL039C	YPR108W
YDL029W	YLL013C
YNL255C	YPL098C
YGL122C	YKL007W
YDR225W	YKR048C
YFR037C	YKR001C
YLR274W	YPL153C
YLL039C	YOL059W
YGL106W	YNR051C
YKL089W	YOL091W
YNL004W	YPL127C
YBL032W	YDR542W
YCL024W	YNL289W
YHR188C	YLL028W
YJL085W	YLR166C
YLL039C	YPL256C
YMR125W	YPR086W
YLR022C	YPL211W
YBL007C	YNL161W
YKL124W	YLL039C
YER101C	YLL039C
YJL189W	YKR048C
YGL056C	YOR153W
YLL039C	YLR133W
YGL241W	YKR048C
YNL255C	YPL127C
YJL053W	YJL187C
YDR012W	YOR078W
YGL122C	YML049C
YKL193C	YML049C
YDR116C	YOR150W
YOL147C	YPL240C
YDR179W-A	YOR157C
YJL164C	YPL232W
YAL030W	YBR080C
YBL002W	YHR197W
YDR188W	YMR028W
YBL032W	YKL028W
YDR510W	YPL028W
YER059W	YPL031C
YDR138W	YKR086W
YGL122C	YMR107W
YAL047C	YGL212W
YJR022W	YLR147C
YBL032W	YOR370C
YBL007C	YDL002C
YGR214W	YLR048W
YLL039C	YOR036W
YDL159W	YDR103W
YNL099C	YNL255C
YGL122C	YMR054W
YDR424C	YJL041W
YER133W	YGR237C
YJL138C	YOR117W
YOR028C	YPR046W
YBR151W	YPL031C
YBR274W	YOL059W
YGL056C	YIL121W
YCL037C	YML056C
YAL002W	YKL193C
YGL122C	YLR266C
YLR427W	YMR319C
YDR170C	YFR009W
YCL050C	YFR004W
YLR326W	YML072C
YDR497C	YGR055W
YNL229C	YNL255C
YKR048C	YML069W
YJL066C	YMR048W
YJR154W	YPL141C
YGR055W	YHR094C
YLR075W	YPL249C-A
YLR061W	YNR051C
YLR056W	YNL280C
YGR185C	YNL306W
YBL007C	YNL229C
YBR058C	YBR112C
YDL225W	YOR259C
YFR014C	YGL208W
YDR510W	YMR235C
YDR064W	YKL139W
YDR150W	YPL269W
YLR429W	YMR086W
YBR079C	YEL034W
YKL207W	YNL055C
YBR088C	YLL039C
YHR135C	YPR121W
YBR048W	YLL039C
YDR174W	YGR250C
YKR048C	YNL255C
YKL134C	YPL109C
YNL132W	YPL126W
YJL164C	YOR123C
YER170W	YGL061C
YFL042C	YMR303C
YGL016W	YOR230W
YNL326C	YPL031C
YER132C	YMR139W
YBL050W	YBR080C
YER178W	YGL122C
YBL032W	YMR164C
YBL007C	YML097C
YKL029C	YML085C
YEL003W	YGR078C
YFR030W	YGL122C
YKR048C	YLL002W
YLR403W	YOR061W
YBR189W	YDR064W
YGR184C	YJL141C
YFR004W	YGL253W
YBR102C	YGL233W
YBR159W	YPL189W
YIL130W	YLR337C
YDR150W	YNL271C
YBL032W	YLR371W
YBL032W	YGL128C
YLR307W	YOL016C
YMR186W	YOR181W
YAR066W	YBL032W
YHR114W	YMR313C
YBR189W	YDL060W
YDR188W	YGL076C
YBL014C	YBR160W
YHR165C	YKR086W
YEL034W	YJR007W
YLR048W	YMR109W
YBR221C	YER178W
YJR066W	YPL249C
YBR035C	YPL240C
YER012W	YFL009W
YJR093C	YKL059C
YCR010C	YJR040W
YFL037W	YML085C
YJL187C	YKL211C
YJL176C	YOR038C
YGL122C	YPL037C
YER022W	YGR252W
YCR010C	YEL063C
YBR059C	YHR207C
YDR247W	YKR010C
YLL039C	YOR063W
YDR169C	YHR135C
YBR274W	YNR046W
YBR208C	YLL039C
YDR138W	YOR191W
YCR011C	YLL039C
YNL263C	YPL031C
YBL079W	YDR159W
YGL122C	YGR248W
YGR165W	YNL271C
YIL095W	YMR053C
YEL003W	YJL041W
YKL139W	YOL082W
YBL032W	YDR425W
YAL055W	YOL044W
YDR293C	YPL004C
YDL100C	YDR304C
YGL206C	YJL084C
YAL028W	YHR135C
YER133W	YKL035W
YFR004W	YNL138W
YGL122C	YPL180W
YEL073C	YGL122C
YFL010C	YNL161W
YAL061W	YGL122C
YBR189W	YLR264W
YGL099W	YHL033C
YHR197W	YOL077C
YJR145C	YNL178W
YLR186W	YPL126W
YER103W	YGL122C
YIL154C	YPR161C
YKL166C	YOR334W
YHR196W	YJR123W
YBR193C	YDR443C
YER022W	YPL210C
YJL181W	YPL031C
YML098W	YNL255C
YEL039C	YPL144W
YER024W	YLL039C
YGL060W	YKL049C
YBR254C	YGR166W
YGL122C	YNL055C
YKL157W	YKL166C
YLR320W	YPL018W
YJL128C	YKR055W
YGL122C	YOR196C
YML012W	YMR054W
YLR060W	YOR117W
YGL122C	YPR073C
YKL065C	YLL023C
YGR092W	YKL126W
YJR057W	YNL255C
YBR108W	YPL153C
YLR274W	YPL031C
YKL065C	YLR378C
YFR014C	YLR059C
YLL039C	YNR051C
YFL013C	YOR123C
YER107C	YPR119W
YGR167W	YGR241C
YDR383C	YGL122C
YFL049W	YHL025W
YBR166C	YLL039C
YCL037C	YKL049C
YER024W	YGL122C
YML093W	YNL110C
YAL043C	YPL008W
YKL049C	YOL054W
YGR113W	YIR010W
YGL035C	YOL041C
YDL100C	YOL018C
YFL037W	YGR252W
YJL164C	YLR363C
YBL032W	YMR242C
YKR103W	YNL274C
YBL032W	YDL247W
YER122C	YFR004W
YKL127W	YLL039C
YHR081W	YHR135C
YBR036C	YLL039C
YFR001W	YKL185W
YHR153C	YIL073C
YIR010W	YOR340C
YGR056W	YML127W
YOL027C	YOR150W
YBR261C	YHR111W
YNR051C	YOL127W
YDR130C	YDR510W
YIL065C	YLR292C
YJL098W	YLR274W
YER133W	YOR341W
YER029C	YOR319W
YMR276W	YPL031C
YGL122C	YML081C-A
YGL099W	YNR051C
YLR336C	YPR137W
YGL122C	YLR257W
YDR064W	YPL126W
YLR258W	YPL031C
YNL255C	YPR180W
YOR133W	YPR080W
YMR239C	YNL138W
YLL039C	YOL126C
YGL122C	YNL224C
YGR277C	YPL060W
YGL059W	YHR157W
YDR394W	YEL034W
YNL255C	YOR361C
YGR167W	YHR161C
YBR006W	YKL023W
YOR157C	YPL144W
YHR191C	YJR068W
YDR128W	YJL173C
YDR287W	YNL255C
YDR471W	YPL090C
YCR014C	YLR421C
YGR186W	YPR187W
YDL070W	YMR227C
YDL192W	YDL226C
YGL122C	YOL013W-A
YGL180W	YOR056C
YKR097W	YNL079C
YKR024C	YNL175C
YKL145W	YPR119W
YPL240C	YPL264C
YHR027C	YML100W
YGL206C	YOR181W
YBL079W	YDR381W
YBL032W	YJR107W
YKL035W	YNL289W
YJL141C	YJL164C
YGR252W	YOL086C
YBR168W	YGL122C
YDR225W	YPR019W
YJR072C	YPL031C
YIL177C	YNL255C
YBL075C	YGL122C
YGL033W	YGL183C
YPL146C	YPL211W
YOL133W	YOR319W
YBR036C	YBR159W
YNL110C	YPL131W
YOL044W	YOL147C
YGL122C	YML069W
YLL021W	YOR181W
YDR510W	YMR189W
YFR004W	YNL208W
YGL122C	YMR271C
YBL072C	YGL246C
YBR160W	YHL022C
YDR188W	YIR010W
YJL170C	YPL240C
YDR363W-A	YOR117W
YFR004W	YLR028C
YGL037C	YGR092W
YDR427W	YLR421C
YHR001W	YKR003W
YKL195W	YNR017W
YGL180W	YPL031C
YBL105C	YPR154W
YFR004W	YGR135W
YBL007C	YKR022C
YDR312W	YNL255C
YBR169C	YDL005C
YER123W	YOL083W
YMR053C	YNL307C
YMR041C	YOL045W
YKL045W	YNR052C
YGL122C	YJR049C
YLR071C	YPR086W
YGL122C	YKL058W
YER165W	YIL095W
YHR001W	YLR332W
YBR166C	YNL209W
YIR010W	YPR010C
YER133W	YKR081C
YBL103C	YPL240C
YDR030C	YDR212W
YCR057C	YJR145C
YBR106W	YML012W
YLR079W	YLR113W
YDR306C	YMR105C
YLR384C	YPL101W
YAR003W	YJL141C
YDL101C	YDL200C
YHR165C	YMR125W
YCR034W	YKL212W
YKR014C	YLR148W
YGL122C	YOR037W
YGR266W	YOR153W
YBL032W	YOR018W
YER029C	YLR298C
YGL122C	YHR051W
YIR006C	YOL101C
YFR037C	YIR010W
YAL065C	YBL032W
YGL122C	YLR129W
YGL122C	YNL306W
YER012W	YLR421C
YNL249C	YPL125W
YDL060W	YHR089C
YLR115W	YLR277C
YBR159W	YJR015W
YKL023W	YOR294W
YHR196W	YJR145C
YBL034C	YKL193C
YCR030C	YGR220C
YBR047W	YGL122C
YER133W	YLR028C
YFL031W	YNL330C
YFR004W	YJR109C
YDR207C	YNL330C
YOR061W	YOR287C
YBR198C	YPR190C
YBL032W	YCR091W
YBR222C	YPL209C
YDL210W	YNL279W
YHR086W	YLR147C
YDR510W	YOL077C
YAR002W	YER165W
YGL206C	YNL106C
YLR186W	YPL004C
YDL213C	YHR052W
YGR215W	YJR113C
YDL029W	YNL271C
YKR081C	YOR005C
YFR004W	YLR244C
YLL039C	YOR039W
YGL122C	YOR249C
YNL098C	YNL255C
YLR206W	YOL111C
YDR510W	YGR135W
YDR267C	YOR261C
YGR200C	YHR187W
YBR160W	YEL032W
YMR047C	YMR131C
YGL070C	YPL203W
YLR079W	YPL256C
YJL081C	YOR189W
YHR187W	YMR312W
YBR198C	YML098W
YIL004C	YIL076W
YDR062W	YGL122C
YBL038W	YGR220C
YIL021W	YMR075W
YMR031C	YOR181W
YFR010W	YKL145W
YGL070C	YIL021W
YGL122C	YIL122W
YDR163W	YKR086W
YGR281W	YPL058C
YKL213C	YLL039C
YDR130C	YER131W
YER171W	YGL122C
YDR038C	YNL217W
YJL186W	YLL039C
YER105C	YIL115C
YJL210W	YOL044W
YER012W	YMR247C
YGL121C	YLR278C
YGR167W	YOR181W
YHR027C	YHR098C
YBL069W	YDR100W
YGL014W	YJR025C
YBL032W	YPR078C
YGL122C	YKL119C
YBL032W	YNL194C
YDR427W	YHR027C
YGL123W	YGR085C
YBL032W	YNL322C
YGR185C	YOR117W
YGL076C	YPL209C
YKL195W	YOL086C
YBR017C	YNL255C
YER133W	YPR107C
YBL020W	YLL039C
YDL143W	YPL004C
YGR038W	YKL212W
YLR429W	YPL032C
YBL038W	YDR322W
YMR091C	YNL255C
YLL039C	YML111W
YBL032W	YLL019C
YMR069W	YNL178W
YGL122C	YMR264W
YGL122C	YMR236W
YCR020C-A	YKL025C
YDR045C	YOL021C
YBR114W	YLR147C
YEL034W	YPL144W
YJR121W	YMR186W
YGL035C	YGL179C
YDR398W	YMR246W
YDR388W	YGL070C
YDR128W	YEL062W
YDR237W	YKL166C
YLL023C	YLL039C
YBL032W	YLR455W
YKL156W	YNR051C
YBR283C	YMR264W
YJL164C	YPL203W
YGL122C	YPR185W
YBR159W	YCR024C-A
YBR159W	YLR080W
YKL010C	YPR080W
YDR054C	YPL256C
YHR135C	YLL039C
YBL061C	YPR080W
YGL122C	YGR289C
YMR291W	YNL154C
YDR130C	YKL052C
YGL122C	YPR025C
YGL237C	YKL109W
YJR002W	YKL035W
YBL032W	YLL013C
YDR188W	YNL255C
YAL034W-A	YIR010W
YOR061W	YOR254C
YNL255C	YNL306W
YLL026W	YNL229C
YDR381W	YMR125W
YDR414C	YLL023C
YGL122C	YML004C
YDL213C	YDR091C
YGL173C	YLR432W
YDR101C	YNL227C
YNR051C	YPR080W
YER133W	YJL187C
YGR037C	YMR109W
YBL032W	YOR134W
YBL067C	YGL122C
YDR516C	YPL026C
YBR194W	YNL271C
YBL032W	YNL306W
YIL123W	YLL039C
YGL179C	YKL042W
YMR242C	YNL132W
YJL014W	YOR117W
YDR440W	YLL039C
YKR018C	YLL039C
YBR198C	YLL039C
YER006W	YER133W
YER133W	YLL013C
YDR244W	YGL122C
YDL165W	YPL037C
YBR106W	YNL275W
YMR109W	YNR035C
YJL164C	YKR048C
YCR030C	YLR206W
YDL060W	YJR145C
YBR059C	YJR111C
YDR233C	YOR285W
YDR064W	YGL246C
YFL041W	YML123C
YCR061W	YDL035C
YDR394W	YMR276W
YHR089C	YNL016W
YIR010W	YPL226W
YGL076C	YLR432W
YCL011C	YNL004W
YOR155C	YPL070W
YBR095C	YDR510W
YDL132W	YLR267W
YDR398W	YOR259C
YMR289W	YOL083W
YMR186W	YNL124W
YLR421C	YOR117W
YDR159W	YLR277C
YIR010W	YOR063W
YDL223C	YIL095W
YKR055W	YNL127W
YBR088C	YOR144C
YKL063C	YLL039C
YCL032W	YDR103W
YNL255C	YOR189W
YFR010W	YPL031C
YDR414C	YER005W
YGL122C	YHR005C-A
YER141W	YLL039C
YGL150C	YPL235W
YDR471W	YNL069C
YBL007C	YNL084C
YDL192W	YOL137W
YLR421C	YOR261C
YCR091W	YDL153C
YFR004W	YKL145W
YIL027C	YML012W
YER165W	YOR243C
YER099C	YKL181W
YHL009C	YOR153W
YHL033C	YHR027C
YJR042W	YKL068W
YGL005C	YKL159C
YCL050C	YNR051C
YJR145C	YOR063W
YGL122C	YGR057C
YNR051C	YPL090C
YDR244W	YNL214W
YNL175C	YPL131W
YGL122C	YGL180W
YKL134C	YNL021W
YGR055W	YOR273C
YBL045C	YMR036C
YLR048W	YNR051C
YOR028C	YPL046C
YBR189W	YNR051C
YGL014W	YGL122C
YBR106W	YOL132W
YDR091C	YOR063W
YHR143W-A	YOR210W
YBL061C	YPL031C
YBR126C	YGL122C
YAL021C	YCL028W
YJL164C	YLR192C
YGL122C	YGR251W
YDR324C	YGL011C
YDR012W	YLR438C-A
YFL009W	YLL039C
YDR381W	YML112W
YBR050C	YER133W
YBR208C	YDL029W
YDR323C	YGL095C
YMR229C	YOL077C
YER178W	YJL128C
YJR066W	YLR377C
YDR386W	YJR144W
YGL099W	YLR075W
YFR004W	YHR209W
YDR496C	YOR063W
YGR055W	YMR299C
YAL029C	YML056C
YLL001W	YLL039C
YGL059W	YKL062W
YGR026W	YHR135C
YDL153C	YDL214C
YKL095W	YKR086W
YEL051W	YJL153C
YGL122C	YNL223W
YGR200C	YLR384C
YDL235C	YKL161C
YDR159W	YJL197W
YBR054W	YPL263C
YBL018C	YNL255C
YGR148C	YPL131W
YGL212W	YGR223C
YBR106W	YDR414C
YCR057C	YNR054C
YJL140W	YJL164C
YLL028W	YLR326W
YDR328C	YJR053W
YBL043W	YPL018W
YHR098C	YNL289W
YGR227W	YHR114W
YGR200C	YIL021W
YDR498C	YGL098W
YAL014C	YAL030W
YBR159W	YJL097W
YDL043C	YDR381W
YEL061C	YGR229C
YIL115C	YNL209W
YDL043C	YPR121W
YDR414C	YJL193W
YMR206W	YNL255C
YGL122C	YMR036C
YIL007C	YKR055W
YFR014C	YNL255C
YBR251W	YHR197W
YNL313C	YPL106C
YBL007C	YGL035C
YER019W	YLL039C
YKL074C	YPL016W
YFR004W	YOR157C
YCR014C	YFR004W
YGL122C	YHR116W
YGL179C	YHR090C
YGL122C	YNL231C
YDL111C	YHR069C
YHR135C	YPR013C
YER012W	YGL058W
YFL013C	YJL081C
YNL069C	YNL255C
YLR075W	YPL090C
YGL122C	YMR004W
YCR030C	YPR119W
YFL037W	YGL238W
YHR182W	YKL168C
YJL187C	YKR094C
YDR052C	YPR019W
YCR057C	YDR299W
YGL122C	YHR090C
YDR174W	YIR010W
YJR091C	YLR059C
YGR159C	YHR089C
YIL027C	YPL058C
YLR227C	YNL225C
YCR083W	YNL255C
YBR211C	YGL060W
YER131W	YGL122C
YGR220C	YMR225C
YGR266W	YOR181W
YGR021W	YKL048C
YLR439W	YOR150W
YJR106W	YOR153W
YER088C	YNL091W
YHR050W	YLL039C
YBR106W	YJR118C
YFR004W	YMR217W
YCL027W	YPR023C
YIL156W	YPL209C
YAL043C	YDL199C
YDL101C	YKL095W
YNL034W	YNL154C
YJR022W	YLR133W
YGL122C	YJL173C
YDL132W	YOL133W
YBL032W	YHL046C
YBR160W	YOR037W
YGR180C	YHR027C
YER107C	YIL115C
YDR059C	YHR193C
YGL128C	YMR213W
YLL039C	YNL044W
YJL164C	YOR210W
YGL056C	YHR094C
YFR008W	YOR111W
YIL093C	YJR113C
YDR388W	YML109W
YGR255C	YNL330C
YKL145W	YKL210W
YBL032W	YMR086W
YHR027C	YOR361C
YFR014C	YKL119C
YMR094W	YOR057W
YNL132W	YPR106W
YGL122C	YGR134W
YDL155W	YER040W
YBR194W	YCR009C
YFR014C	YKR092C
YDR188W	YGL023C
YHR179W	YLR186W
YCR057C	YPR137W
YKR014C	YOR370C
YDR471W	YOL127W
YDR496C	YLL039C
YGL173C	YNL175C
YER129W	YOR061W
YHR135C	YIL010W
YJL140W	YOR210W
YLL038C	YNL255C
YFR014C	YGL122C
YHR186C	YNL118C
YBL039C	YBR031W
YCL025C	YCR034W
YFR037C	YGR275W
YPL090C	YPR041W
YJL047C	YOL133W
YDR293C	YGL180W
YPL004C	YPR161C
YDR054C	YNL255C
YNL255C	YNL330C
YBR177C	YHR027C
YOL034W	YPL070W
YDL002C	YNL307C
YCL025C	YJR095W
YAL062W	YLR267W
YDR324C	YOR145C
YDR510W	YHL021C
YDR418W	YKL009W
YHL033C	YPL220W
YNL209W	YOL087C
YGL122C	YKR030W
YBR234C	YMR309C
YNL048W	YPR128C
YCL027W	YNL075W
YBR059C	YMR250W
YLR332W	YOR273C
YHL024W	YJL187C
YER053C	YLL039C
YNR051C	YOL041C
YLR178C	YNL009W
YDR510W	YNL021W
YML057W	YPL235W
YDR244W	YJL210W
YBL075C	YPL240C
YBR159W	YPL264C
YBL032W	YNL275W
YMR075W	YPL082C
YDR497C	YLL028W
YDR167W	YPL047W
YHR027C	YPL240C
YBL007C	YBR059C
YDL192W	YOR216C
YDL082W	YNL110C
YLR117C	YPR046W
YHL022C	YHR157W
YIL033C	YPL203W
YIR034C	YOR138C
YBR011C	YDL203C
YDR052C	YIR010W
YDR012W	YML072C
YFR004W	YGL122C
YBL032W	YPL014W
YDR513W	YNL255C
YKR081C	YLR074C
YDR276C	YKL212W
YKL049C	YPL218W
YGL223C	YKL006C-A
YHR169W	YJR109C
YMR047C	YPL125W
YEL030W	YOR232W
YDL052C	YDR170C
YGR056W	YGR275W
YNL178W	YOR063W
YIR010W	YLR153C
YBL032W	YFL025C
YDR508C	YLL039C
YMR216C	YNL255C
YLR287C-A	YOL127W
YOR117W	YOR317W
YDR113C	YOR249C
YDR381W	YIL149C
YGL106W	YKL124W
YER141W	YPL172C
YJL012C	YPR154W
YBR251W	YIL093C
YBL039C	YGR252W
YGL122C	YKR048C
YBR154C	YOR210W
YLL039C	YOL082W
YDR473C	YJR022W
YHR193C	YLL039C
YDR427W	YKL029C
YGL180W	YPR143W
YJR062C	YLL026W
YDR159W	YOL072W
YLR266C	YPL018W
YLR377C	YPL180W
YGL150C	YOR189W
YDR516C	YNL032W
YCR057C	YMR093W
YNL112W	YOL077C
YJL083W	YJR066W
YER119C	YOL016C
YFR004W	YGR085C
YHR027C	YPR118W
YBR217W	YDR127W
YKL023W	YPL026C
YBR202W	YEL032W
YIL095W	YNR006W
YDR247W	YKL093W
YPL031C	YPR089W
YEL041W	YJR049C
YGR091W	YMR024W
YMR309C	YPL004C
YBL032W	YKL043W
YDR251W	YIR010W
YKL211C	YOL061W
YBR048W	YHL033C
YBL050W	YML001W
YFR001W	YGL237C
YDL181W	YPL031C
YEL030W	YIL095W
YBR160W	YLL039C
YJR066W	YLR116W
YMR139W	YPR106W
YDR224C	YGL066W
YGL122C	YMR291W
YFL003C	YMR125W
YGL122C	YHR177W
YBR017C	YIL124W
YEL061C	YLL039C
YGL025C	YIL021W
YER089C	YLR113W
YLR432W	YPL131W
YDR096W	YIL045W
YDR227W	YNL186W
YKR094C	YOR124C
YBR189W	YHR027C
YGL053W	YOR059C
YOR210W	YPR111W
YBL007C	YGR268C
YIL108W	YPR154W
YGL212W	YMR197C
YGR185C	YHR027C
YFR004W	YPL211W
YNL151C	YPR190C
YBR080C	YFR004W
YIR010W	YKL052C
YLR438C-A	YPL084W
YGL122C	YIR022W
YCR034W	YHR133C
YML085C	YPL235W
YNL255C	YPL146C
YBR160W	YGR092W
YAL029C	YJL014W
YBR275C	YKL005C
YDR188W	YLR196W
YBR088C	YMR078C
YIL115C	YPR119W
YFL041W	YML102W
YDL174C	YGL122C
YDR052C	YEL032W
YLL039C	YLR352W
YCR042C	YKL059C
YJR145C	YPL081W
YDR342C	YOR181W
YGL122C	YLR168C
YDR130C	YMR242C
YDL225W	YIR010W
YKL049C	YML133C
YBL007C	YEL054C
YIR010W	YPL106C
YHR027C	YJR065C
YGR214W	YNL207W
YIL034C	YNL138W
YJR123W	YLR287C-A
YAL024C	YMR217W
YDR170C	YNL238W
YMR299C	YNL183C
YDR132C	YFL009W
YBL007C	YBL088C
YML069W	YOR061W
YNR051C	YPL218W
YNL255C	YOR374W
YGL122C	YML072C
YFL005W	YNL263C
YBL072C	YPL126W
YDR168W	YGL122C
YDR113C	YFR014C
YNL251C	YOL021C
YCR034W	YOL132W
YDL181W	YNL154C
YMR262W	YPL031C
YBL032W	YDR052C
YEL030W	YNL250W
YGL154C	YOR128C
YKL135C	YLL039C
YMR125W	YPL082C
YJR066W	YPL180W
YBL072C	YNL110C
YDR135C	YJL014W
YKL089W	YLR320W
YGL122C	YMR139W
YHR114W	YOL018C
YNL255C	YNR022C
YCL047C	YKR022C
YLR245C	YPL070W
YGL105W	YGL180W
YHR197W	YKR048C
YDR510W	YKL185W
YBR194W	YHR165C
YKL009W	YOR287C
YDL043C	YGR129W
YEL027W	YGR105W
YBR207W	YLL039C
YDR479C	YLL014W
YHR027C	YKL212W
YDL213C	YGR150C
YNL263C	YNL304W
YDR167W	YGL066W
YGL154C	YPL240C
YFL010C	YHR205W
YNL154C	YOR141C
YDR510W	YLR357W
YDL082W	YGL014W
YER065C	YLL039C
YGL212W	YLR148W
YHR135C	YMR316W
YBL007C	YLL039C
YBR177C	YIL124W
YER123W	YLL039C
YBR098W	YGL122C
YGL122C	YKL033W
YLR079W	YPL031C
YHL046C	YOR355W
YGL122C	YKR014C
YFL013C	YNL059C
YBR038W	YBR160W
YCR079W	YOR317W
YFR004W	YLL001W
YGL009C	YGR171C
YJL164C	YLL028W
YFR004W	YIL053W
YBR072W	YGL122C
YER044C	YLR056W
YDL060W	YJR123W
YDR422C	YHR114W
YNL125C	YPL141C
YDR238C	YLR268W
YBL011W	YDL101C
YIR010W	YJR066W
YLL039C	YMR088C
YDR138W	YDR159W
YLR044C	YOL086C
YKL166C	YOR187W
YNL110C	YPL249C-A
YBL105C	YCR030C
YGL122C	YGR206W
YGR149W	YLL039C
YBL032W	YJR126C
YGR200C	YPL026C
YFR008W	YMR052W
YBR088C	YNL290W
YJL041W	YMR024W
YDR510W	YLR048W
YDR496C	YLR074C
YER029C	YGL128C
YBR106W	YDR456W
YMR031C	YNL209W
YEL062W	YNL307C
YER123W	YMR153W
YLL039C	YMR071C
YIL062C	YOR181W
YCL037C	YLL039C
YDL225W	YLL021W
YDR195W	YER032W
YAL024C	YLR259C
YBL050W	YGL212W
YDR166C	YGL122C
YCR091W	YDL192W
YOR056C	YOR145C
YER006W	YGR220C
YML101C	YNL255C
YBR261C	YPR113W
YGL122C	YNL084C
YDR184C	YDR328C
YDR064W	YOL127W
YGR153W	YNL255C
YGR092W	YNR046W
YBR052C	YGR055W
YGL206C	YKL135C
YDR225W	YGR252W
YGL122C	YOR178C
YHR135C	YLR257W
YLR075W	YMR086W
YBR011C	YPL066W
YDR122W	YJL164C
YNR016C	YPL240C
YLR421C	YOR259C
YLR003C	YPL031C
YAL017W	YER133W
YER006W	YGL111W
YDL209C	YER165W
YDR052C	YDR388W
YDL101C	YMR031C
YLR074C	YNL175C
YOR141C	YPL209C
YDL199C	YPL240C
YGL122C	YMR086W
YFR001W	YGL122C
YDR496C	YHR089C
YML085C	YOR117W
YGL116W	YGR092W
YNL154C	YOR123C
YBL032W	YJL187C
YDL192W	YIL004C
YNL125C	YNR059W
YBL039C	YOR117W
YIL034C	YNR035C
YGL208W	YNL255C
YBL014C	YNL154C
YGR165W	YNL306W
YDR064W	YIR010W
YGL122C	YJL039C
YPL120W	YPL153C
YKL045W	YPR019W
YGL122C	YLR098C
YDL101C	YMR086W
YDR106W	YMR294W
YNL255C	YOR209C
YLR450W	YPL031C
YBL039C	YOR261C
YHR152W	YNL138W
YNL154C	YOR181W
YDR169C	YMR186W
YNL178W	YOR185C
YHL033C	YLR115W
YAL043C	YER133W
YGL122C	YKL127W
YFR015C	YJL137C
YDR172W	YNL255C
YDR381W	YLR429W
YAL002W	YNL093W
YAL036C	YNL209W
YBL032W	YDR038C
YKL048C	YLR060W
YDL074C	YGL058W
YDL044C	YFL036W
YGL122C	YGL219C
YGL122C	YMR180C
YNL255C	YOL111C
YOR061W	YOR341W
YHR094C	YPL240C
YBR072W	YOR159C
YBR017C	YEL054C
YDR328C	YLR352W
YEL009C	YGL058W
YHR146W	YPL153C
YDR342C	YOR045W
YNL132W	YOR063W
YBR234C	YML069W
YNL186W	YOR061W
YGL031C	YJR123W
YDL101C	YDR158W
YLR268W	YOR007C
YHR165C	YOR159C
YDR256C	YPL031C
YBL072C	YOR056C
YJL060W	YPL004C
YMR276W	YOR042W
YDL078C	YNL113W
YJR040W	YLL039C
YDL225W	YNL289W
YDL213C	YLR196W
YBR142W	YLL039C
YKR094C	YOL117W
YIR010W	YOL127W
YBL007C	YPL153C
YGL122C	YGR180C
YBR286W	YDR510W
YML072C	YNL271C
YGL017W	YJL098W
YCL028W	YDR443C
YMR128W	YPL126W
YKL204W	YNL161W
YPL010W	YPL246C
YKL213C	YPR010C
YHR185C	YIL007C
YGR080W	YOR181W
YBL102W	YDR100W
YKL160W	YOR061W
YBL032W	YNL032W
YIL004C	YLR268W
YER123W	YKL210W
YBR079C	YGR214W
YFR001W	YGL111W
YKL006C-A	YOR036W
YDR423C	YEL051W
YOR063W	YPL259C
YGR085C	YHL033C
YJL187C	YOR340C
YEL013W	YJR138W
YLL039C	YNL098C
YFR015C	YGL081W
YGL212W	YOR117W
YIL021W	YPL240C
YNL255C	YPR188C
YDR510W	YOR317W
YDR510W	YNL167C
YDR510W	YHR193C
YGR165W	YOL027C
YGL122C	YNL178W
YAL009W	YNL255C
YBR031W	YGL111W
YGL122C	YOR153W
YEL034W	YPL111W
YIL079C	YNL004W
YBL032W	YML133C
YFL037W	YGL016W
YDL029W	YOR261C
YBR011C	YGL237C
YNL091W	YNR052C
YGR214W	YNL124W
YGL040C	YHR027C
YOR311C	YPR124W
YBR106W	YEL017C-A
YGL122C	YLR270W
YGL098W	YLR378C
YMR075W	YMR186W
YDR439W	YHR135C
YBR154C	YPR052C
YER144C	YGL122C
YER006W	YLR074C
YBR031W	YPL090C
YFR004W	YFR010W
YAL025C	YIR010W
YLL039C	YLR216C
YKL210W	YPL026C
YKL168C	YNL154C
YAL024C	YMR250W
YMR022W	YMR264W
YDR103W	YLL039C
YCL024W	YML096W
YJR123W	YPR041W
YDL209C	YHR165C
YFL050C	YGL059W
YBR239C	YGL122C
YKL209C	YLL039C
YBR112C	YGL122C
YBL072C	YIR010W
YJR084W	YPR045C
YDR414C	YGL259W
YKR048C	YOR090C
YDR247W	YJR130C
YBR160W	YDR212W
YBR108W	YNL307C
YDR143C	YNL112W
YGL075C	YJR112W
YMR028W	YNL255C
YBR017C	YNL016W
YBR059C	YFR021W
YGL122C	YOR007C
YBL032W	YGL180W
YDR300C	YNL265C
YDR363W-A	YPL031C
YBR160W	YLL003W
YBL002W	YDR439W
YDR510W	YOR341W
YBR159W	YDL054C
YDL101C	YPL153C
YER147C	YMR229C
YAL032C	YJR050W
YNL209W	YPL231W
YBR264C	YNL255C
YHR196W	YPR137W
YJR123W	YNL124W
YKL048C	YKL142W
YLR089C	YLR259C
YEL013W	YJR068W
YBL032W	YOR188W
YKL065C	YPR124W
YDR388W	YGL201C
YDR479C	YNR075W
YBR048W	YPL090C
YER184C	YHR158C
YNL255C	YOL012C
YDR012W	YGR085C
YHR058C	YPL082C
YER165W	YPL263C
YBR194W	YIL053W
YDL191W	YNL069C
YBR251W	YNR036C
YDR141C	YHR094C
YHR118C	YPL127C
YDR363W-A	YNL255C
YBL032W	YKR067W
YER022W	YJL140W
YGL121C	YGL122C
YER022W	YGR186W
YGL095C	YMR197C
YKL166C	YOR163W
YCR063W	YDL043C
YNL029C	YPR124W
YGL122C	YOR109W
YBL032W	YDR159W
YHR069C	YHR081W
YNL231C	YNL255C
YDL029W	YKL211C
YJL082W	YLL039C
YML109W	YNL271C
YER122C	YPL153C
YBR072W	YMR083W
YHR209W	YOR319W
YOR261C	YPR108W
YGL122C	YLR054C
YGL122C	YPR043W
YKL145W	YOR254C
YNL075W	YPL126W
YBR196C	YHR152W
YJR145C	YPL082C
YBR194W	YNR016C
YFR014C	YJR001W
YBL032W	YOR081C
YHR128W	YPR185W
YFR036W	YJR091C
YGR113W	YPL209C
YAL029C	YDR101C
YJL111W	YNL255C
YLR186W	YMR128W
YDL123W	YEL051W
YLR373C	YPL153C
YBL032W	YPL196W
YJL138C	YNL250W
YBR251W	YDL045W-A
YDR188W	YJL042W
YGR085C	YLL039C
YER178W	YHR027C
YBR194W	YOR319W
YLR371W	YNL127W
YLR056W	YNL255C
YDL193W	YOR185C
YGR244C	YLL039C
YCR057C	YDR324C
YDL153C	YPL153C
YEL054C	YNR051C
YKR028W	YNL106C
YMR128W	YMR229C
YGL181W	YIL122W
YOR039W	YOR361C
YBR088C	YMR167W
YBL079W	YGL106W
YKL218C	YNL255C
YLL019C	YOL054W
YLR196W	YMR109W
YDL192W	YER122C
YJL222W	YOR085W
YKR009C	YPL031C
YDR141C	YNL209W
YGR005C	YPL203W
YDR392W	YNL175C
YDR167W	YMR227C
YGL178W	YLL039C
YLR075W	YOL120C
YOR227W	YPL240C
YDL100C	YDR513W
YCR009C	YOR181W
YDR464W	YDR510W
YDR510W	YNL134C
YDR312W	YGL111W
YLR258W	YLR273C
YHR052W	YKL009W
YAR033W	YLL028W
YBR274W	YKL211C
YBR160W	YGR109C
YGL134W	YLR258W
YBR048W	YNR054C
YDR496C	YKL009W
YGL075C	YMR117C
YBR271W	YNL255C
YJL027C	YNL255C
YMR309C	YOR361C
YBR194W	YGR148C
YDR443C	YJL187C
YKR084C	YLR456W
YBR106W	YEL002C
YER099C	YOL061W
YJR097W	YPL141C
YBL002W	YBR114W
YPL131W	YPL211W
YMR242C	YNL178W
YDR158W	YJL164C
YBL032W	YCR067C
YDR212W	YNR052C
YKL052C	YNR031C
YEL063C	YFL041W
YKL144C	YNL201C
YKR081C	YLL039C
YBL085W	YBR108W
YFR004W	YMR242C
YGL122C	YHR027C
YIL057C	YLL039C
YGL122C	YNL129W
YGL129C	YMR158W
YGL059W	YGL105W
YDR510W	YKL043W
YKR006C	YOL027C
YGR031W	YNL255C
YML012W	YNL255C
YDR483W	YGL122C
YFR001W	YPR161C
YDL191W	YHR066W
YGL122C	YHR008C
YMR235C	YOR185C
YDR516C	YGR092W
YBR028C	YJL164C
YPL141C	YPR128C
YLR258W	YNL307C
YGL122C	YNL220W
YNL209W	YNL255C
YGR223C	YIL034C
YBL032W	YBR043C
YDR297W	YKL065C
YLL039C	YLR075W
YGL122C	YOL133W
YBL032W	YML051W
YHR152W	YOR133W
YCR073W-A	YLR028C
YDL124W	YFR004W
YAL010C	YMR203W
YGL122C	YIL020C
YDR342C	YGL122C
YDR207C	YMR139W
YFR004W	YKR048C
YFL005W	YMR192W
YDR365C	YLR432W
YGL105W	YGR171C
YJL084C	YPL153C
YCR020W-B	YPL082C
YKL010C	YMR022W
YGL054C	YPL132W
YGL037C	YGL122C
YGL212W	YMR053C
YEL051W	YGL122C
YDR150W	YDR201W
YHR205W	YJR097W
YDR381W	YJL084C
YNL113W	YPR190C
YBR056W	YGL122C
YIL131C	YOR061W
YKL010C	YLL028W
YLR199C	YMR186W
YBR274W	YGL037C
YCR042C	YMR219W
YKR003W	YOR273C
YDL132W	YDR054C
YDR418W	YLR075W
YJR145C	YNL207W
YFR010W	YJL164C
YNR047W	YPL031C
YGL179C	YIL084C
YDR460W	YER171W
YHR193C	YPL037C
YFL010C	YKL139W
YAL032C	YPR023C
YGR005C	YPR187W
YFR037C	YPR034W
YBL032W	YOR060C
YGL031C	YGL076C
YFR015C	YLL039C
YAR018C	YOL083W
YHR136C	YJL198W
YGL180W	YKR048C
YML086C	YPL031C
YKL142W	YLR287C
YIL007C	YKR022C
YBL032W	YMR287C
YER131W	YIR010W
YJL187C	YJR092W
YJL146W	YPL031C
YCR082W	YER022W
YKR028W	YPR161C
YLR321C	YNR046W
YDR012W	YNL124W
YDR381W	YOL041C
YGR167W	YLR166C
YDR054C	YJL047C
YEL034W	YGR285C
YHL025W	YKR001C
YDR016C	YIR010W
YER133W	YJL042W
YCR079W	YDL214C
YDR142C	YNL214W
YGL016W	YOR229W
YCL028W	YLR071C
YDR388W	YNL289W
YCL024W	YJR112W
YDL100C	YOL126C
YGL122C	YNL010W
YBR031W	YLR438C-A
YDL043C	YNL154C
YFR004W	YOL058W
YBR193C	YMR112C
YKL049C	YNL138W
YBR005W	YLL039C
YDR195W	YDR301W
YBR114W	YLL039C
YDR394W	YNL055C
YCR004C	YLL039C
YDR070C	YGL059W
YBL007C	YMR313C
YMR236W	YPL011C
YDL053C	YNL255C
YBR274W	YDR224C
YAL024C	YBR160W
YJR145C	YMR128W
YDL060W	YPL146C
YBL075C	YNL215W
YPR041W	YPR086W
YER049W	YLR429W
YNL255C	YOL093W
YBR108W	YJL164C
YNL255C	YNR029C
YDL175C	YMR125W
YMR242C	YNL069C
YGL122C	YNL117W
YEL034W	YLL039C
YDR056C	YNL255C
YGL122C	YJR044C
YMR139W	YOL059W
YDL131W	YHR027C
YBR054W	YOR254C
YEL054C	YLR075W
YFR004W	YLR378C
YHR052W	YOR267C
YHR027C	YJR123W
YNL165W	YPL031C
YMR216C	YPR019W
YCR057C	YLR186W
YKR048C	YLR133W
YFR004W	YGR032W
YJL187C	YKL181W
YDL192W	YDR238C
YDR011W	YIL121W
YLR206W	YNL020C
YDR322C-A	YGL122C
YEL002C	YML115C
YFR004W	YOR065W
YCR079W	YOR323C
YCR009C	YDR388W
YHR027C	YJL088W
YGL122C	YLR354C
YBL032W	YDR366C
YDR381W	YPR107C
YER122C	YNL307C
YHR186C	YKR097W
YLL028W	YNL237W
YLR226W	YNL312W
YKL112W	YOR061W
YBR198C	YDR392W
YNL289W	YNR047W
YLR216C	YOR117W
YCR034W	YGR295C
YNL093W	YNL227C
YJR138W	YNL307C
YDR232W	YLL039C
YJL164C	YLR258W
YIL075C	YNL255C
YGL105W	YMR280C
YDR392W	YNL255C
YBR102C	YHR165C
YGR179C	YIR010W
YHR027C	YHR169W
YOL115W	YPL146C
YFR030W	YOR361C
YDL088C	YDR192C
YGL111W	YLR449W
YBL032W	YHR115C
YDR238C	YGL122C
YBR251W	YMR128W
YKL185W	YMR229C
YDR172W	YJL052W
YBR160W	YFR030W
YIL118W	YLL039C
YDR080W	YML001W
YDR205W	YNR039C
YBR017C	YDR224C
YLR262C	YNL044W
YBR177C	YGR092W
YNL207W	YPR143W
YBL032W	YNR009W
YER006W	YHR052W
YBL049W	YGL122C
YGR185C	YMR158W
YBL075C	YER103W
YGL122C	YGL238W
YDL153C	YJR002W
YPL082C	YPL254W
YDL019C	YMR109W
YIL149C	YKL042W
YGL206C	YLR206W
YKL108W	YOR232W
YGL122C	YNL286W
YGL122C	YGR080W
YHR102W	YMR186W
YNL093W	YPL240C
YGL122C	YHR207C
YDL019C	YKL049C
YBR014C	YGL122C
YGR092W	YJR072C
YBL032W	YBR239C
YLR056W	YML008C
YBR017C	YDR062W
YPL106C	YPR189W
YBL039C	YOR133W
YKL015W	YML051W
YGR156W	YLR115W
YJL187C	YOR141C
YBR198C	YDR167W
YJL164C	YLR098C
YCL024W	YJR092W
YBR059C	YNL020C
YLR310C	YPR108W
YPL127C	YPR161C
YNL330C	YPL082C
YDR225W	YOR038C
YBR194W	YGL013C
YPL106C	YPL137C
YDL043C	YMR213W
YBR159W	YEL063C
YOR063W	YPL131W
YBL039C	YDR510W
YJR066W	YLR403W
YLL039C	YML085C
YDR012W	YDR496C
YDR238C	YHR027C
YHR024C	YIL066C
YJL141C	YOR080W
YCL054W	YGL111W
YBL032W	YDR096W
YDR028C	YHR052W
YDR381W	YNL209W
YDL015C	YLL039C
YGR148C	YLL039C
YNL175C	YOR294W
YHR135C	YMR226C
YOL127W	YPL240C
YMR047C	YPL146C
YFL067W	YNL255C
YDR381W	YOR080W
YGL241W	YLL039C
YMR316W	YPL031C
YGL122C	YNL165W
YBR193C	YOL135C
YDR194C	YLR233C
YHR161C	YPL232W
YLR462W	YNL255C
YLL039C	YMR196W
YDL200C	YKL010C
YML057W	YNL290W
YBL032W	YML112W
YLL039C	YPL220W
YLR320W	YMR187C
YLR262C	YNL255C
YER090W	YFR004W
YNL229C	YPL235W
YFR004W	YOL059W
YDL082W	YJL191W
YGR135W	YLR199C
YBR106W	YPR124W
YDR011W	YPL058C
YDR300C	YPL240C
YBL032W	YBR235W
YBR194W	YDR299W
YDL078C	YDR244W
YBR038W	YPR106W
YJL085W	YPR055W
YBL032W	YPL216W
YHL033C	YNL110C
YGL106W	YKL160W
YDL214C	YML037C
YHR092C	YLR292C
YIL139C	YLR288C
YOL101C	YPL240C
YBR189W	YFR004W
YKL048C	YKL181W
YBR160W	YHR118C
YMR075W	YNL097C
YBR179C	YLL039C
YJL012C	YLL039C
YDR192C	YJL039C
YGL123W	YKL009W
YER105C	YKL068W
YBL072C	YML056C
YBR011C	YML056C
YIL076W	YLR429W
YMR153W	YNL255C
YBL032W	YPL126W
YHR027C	YMR202W
YFL017W-A	YMR240C
YBL032W	YJL027C
YHR185C	YJR093C
YFR009W	YNL186W
YHR027C	YOR369C
YAL017W	YLR258W
YHR052W	YPL146C
YBR036C	YBR106W
YHR089C	YIR010W
YJL191W	YJR002W
YHR115C	YPL031C
YHR135C	YLR277C
YBR058C	YLL039C
YDR244W	YGR133W
YBR217W	YDR394W
YDL002C	YNL059C
YKL139W	YLR060W
YFR014C	YGR159C
YNL209W	YPL137C
YBR059C	YMR196W
YLR018C	YMR047C
YJR066W	YLR108C
YDR123C	YHL020C
YCL028W	YGL215W
YDR081C	YGL122C
YBL007C	YIL076W
YDR238C	YOR197W
YJL098W	YNL025C
YGR270W	YNL290W
YNL290W	YOR144C
YBL032W	YMR074C
YBR159W	YLL039C
YDR091C	YNL260C
YFL028C	YNL255C
YLL039C	YML035C
YEL034W	YGL025C
YIR010W	YPL249C-A
YNL132W	YNL207W
YGL122C	YMR195W
YFR004W	YOR007C
YHR165C	YLR438C-A
YDR381W	YNL175C
YDL213C	YMR128W
YHR186C	YKL119C
YDL054C	YGL051W
YFR032C	YKL058W
YCR084C	YNL330C
YDR012W	YHL033C
YBL088C	YOR189W
YDR035W	YGL122C
YJR068W	YLR371W
YLR310C	YMR275C
YLR274W	YPR019W
YER166W	YLR330W
YBL032W	YLR079W
YFR009W	YKL029C
YNL186W	YPL153C
YGR109C	YLR079W
YER049W	YPL141C
YDR122W	YGL122C
YDR397C	YNL255C
YGL122C	YGR281W
YJL164C	YJR001W
YIR033W	YNL219C
YGL122C	YGL124C
YDL139C	YGL059W
YGL145W	YLR268W
YFR004W	YPL004C
YBR031W	YNL178W
YBL032W	YLR120C
YBR160W	YPR111W
YGL111W	YOR063W
YFR004W	YML070W
YDR238C	YPL246C
YGR135W	YJL164C
YNL151C	YNL255C
YDR435C	YGL122C
YOR117W	YPR108W
YML012W	YOR259C
YDL209C	YKR022C
YML012W	YPR113W
YER040W	YMR139W
YBR260C	YIL118W
YDR012W	YER006W
YGL045W	YPL216W
YDL155W	YLR079W
YKR092C	YMR093W
YGL173C	YNR051C
YBR229C	YDR188W
YGL122C	YHL021C
YGR281W	YPL131W
YAL027W	YCR092C
YHR081W	YOL021C
YBR098W	YBR160W
YDL239C	YDR201W
YGL122C	YJR008W
YGL122C	YJR042W
YEL005C	YEL013W
YDR414C	YEL017C-A
YKL157W	YLL039C
YCR020W-B	YLR357W
YFR004W	YPL032C
YBR256C	YNL255C
YBR095C	YKL185W
YFR037C	YKL049C
YFR004W	YJR105W
YLR287C-A	YNR051C
YBR054W	YNR017W
YGL122C	YLR411W
YAL032C	YLR117C
YBL001C	YNL255C
YBL075C	YFR004W
YGR003W	YPL046C
YGL122C	YLR199C
YGL212W	YMR071C
YDL070W	YGL122C
YLR277C	YMR061W
YDR174W	YIL076W
YFR004W	YML057W
YHR090C	YJL187C
YDR138W	YMR125W
YLL039C	YNL268W
YLR119W	YMR077C
YBR028C	YBR031W
YNL286W	YOR284W
YNL271C	YOL112W
YCL054W	YER006W
YDR322C-A	YLR166C
YDR237W	YLR439W
YEL063C	YPL227C
YEL051W	YMR054W
YKR048C	YOL070C
YDR073W	YNR023W
YAR002W	YER105C
YDR381W	YIL115C
YGL167C	YGR132C
YKR062W	YNL255C
YDL043C	YLR059C
YDR456W	YKR050W
YMR257C	YNR045W
YLL039C	YOR065W
YKL145W	YLR378C
YGL043W	YIL021W
YDR213W	YDR510W
YGR252W	YMR223W
YBL032W	YLR117C
YBL075C	YNL025C
YER081W	YOR117W
YLR133W	YMR216C
YBL032W	YPR013C
YBR088C	YML056C
YBR199W	YDR384C
YDR510W	YOL145C
YFR004W	YIL118W
YBR079C	YMR309C
YDR479C	YPR113W
YOR251C	YPL031C
YNL255C	YPR023C
YLL039C	YLR083C
YDR200C	YMR319C
YKL089W	YOR061W
YHR083W	YNL255C
YHR114W	YOR355W
YGL123W	YGR275W
YCR091W	YIL135C
YAL027W	YCL024W
YDR211W	YPR161C
YDR127W	YPL235W
YHR066W	YPL131W
YGL122C	YGR186W
YDR510W	YLR115W
YNL097C	YNL330C
YDR143C	YPL106C
YNR051C	YPL231W
YGL167C	YLR075W
YLR048W	YNL112W
YDR423C	YIR037W
YPL031C	YPL146C
YLL039C	YLR278C
YOL146W	YPR135W
YDR510W	YNL039W
YDR381W	YKL023W
YKL175W	YPR198W
YMR213W	YMR240C
YLR403W	YPL082C
YEL062W	YHL023C
YGL181W	YNL124W
YAL003W	YPR080W
YKL049C	YMR031C
YDR414C	YFL040W
YDR462W	YGR091W
YDR115W	YKL142W
YPL227C	YPR198W
YGL076C	YLR449W
YHR135C	YLR132C
YBR160W	YLR045C
YLR397C	YOL012C
YDL155W	YGL122C
YHR052W	YOR080W
YAL028W	YOL034W
YMR216C	YOR141C
YDL066W	YPL109C
YER178W	YGR229C
YJL047C	YLR320W
YER133W	YLR259C
YER099C	YFR004W
YDR330W	YER012W
YDR473C	YML049C
YJR091C	YLR392C
YJL164C	YOL070C
YGL122C	YGR094W
YJR095W	YPL141C
YBR237W	YNL255C
YER133W	YLR109W
YGL122C	YJL146W
YDR159W	YIL095W
YKL144C	YNL151C
YBR031W	YDR101C
YBR025C	YOL117W
YDL155W	YKR010C
YKL139W	YLR403W
YNL110C	YPR137W
YDR381W	YNR051C
YBL032W	YPL269W
YNL214W	YOL044W
YDR395W	YIL115C
YBR194W	YPL231W
YFR004W	YHR208W
YER012W	YER099C
YER133W	YOL091W
YER165W	YNR052C
YHR052W	YPL259C
YLR407W	YPL216W
YBR261C	YLL001W
YDL133W	YGL122C
YER165W	YFR004W
YGL105W	YPL153C
YMR022W	YNR031C
YCR087C-A	YDL060W
YLR166C	YPR055W
YFR036W	YPL031C
YGR179C	YKL049C
YER136W	YNL304W
YDR240C	YOL090W
YEL009C	YER040W
YIL159W	YNL271C
YMR048W	YNL255C
YBR082C	YDR059C
YBL032W	YLR390W
YBR117C	YML102W
YHR052W	YLR075W
YNL154C	YOL091W
YDL120W	YPL135W
YDR251W	YNL289W
YBR102C	YBR160W
YER165W	YKL025C
YJL085W	YKR055W
YHR062C	YMR236W
YDR167W	YPR168W
YFR004W	YJR025C
YMR229C	YNL175C
YLL039C	YOR043W
YBR106W	YER039C
YIL154C	YLL039C
YER006W	YKR081C
YDR113C	YGL240W
YBR160W	YLR307W
YDR192C	YMR235C
YBL032W	YML076C
YBL032W	YJL162C
YGR270W	YPR010C
YBR114W	YDR510W
YNL127W	YOL086C
YGL111W	YOL127W
YFR004W	YNL098C
YJL141C	YLR270W
YAL043C	YGR156W
YER096W	YHR114W
YGL059W	YHR185C
YLR405W	YPL108W
YKL007W	YLR196W
YBR194W	YML056C
YDR276C	YGL122C
YCR057C	YLR129W
YER131W	YHR135C
YDR012W	YLL039C
YIL005W	YLL039C
YDR174W	YHR039C
YDR139C	YOL025W
YLR439W	YMR024W
YAL032C	YNR059W
YER165W	YMR047C
YHR027C	YPR080W
YAL029C	YBR081C
YCL027W	YDR103W
YGR158C	YHR081W
YJL099W	YOL086C
YFL005W	YHR027C
YLL021W	YOL112W
YGR134W	YNR052C
YNL255C	YPR001W
YDR170C	YDR238C
YMR184W	YNL154C
YGL210W	YNL263C
YGL059W	YKL093W
YLL039C	YPL010W
YDR096W	YMR219W
YDL019C	YDR381W
YBR169C	YPL240C
YDL043C	YFL017W-A
YLR449W	YOR267C
YIL124W	YLL039C
YGL150C	YOR141C
YGR159C	YNL110C
YLR196W	YNL255C
YDR510W	YFR006W
YDR419W	YLL039C
YCL037C	YOL045W
YDR328C	YHR135C
YJL187C	YPL001W
YDR422C	YJL066C
YDR356W	YGL075C
YDL060W	YMR315W
YJL141C	YKL091C
YGR041W	YJL138C
YGL123W	YNL124W
YBL061C	YNL154C
YGL005C	YNL051W
YLR429W	YPL218W
YJL138C	YKL095W
YGL122C	YOL112W
YBR234C	YMR109W
YDR196C	YHR135C
YCR014C	YOR005C
YDL015C	YDR506C
YBR160W	YLR079W
YHL033C	YPL090C
YBR160W	YJR082C
YNL154C	YPL146C
YER039C	YPL264C
YDR201W	YKL042W
YFL062W	YMR221C
YDL123W	YOL018C
YDR141C	YMR010W
YDR128W	YJR138W
YDR156W	YOR210W
YBL032W	YHR198C
YML106W	YPR052C
YDR122W	YLR310C
YDR471W	YDR496C
YIR010W	YOR132W
YLR417W	YMR077C
YAL032C	YLR320W
YBR269C	YNL255C
YGR274C	YPR086W
YGL122C	YHR060W
YBL007C	YML109W
YDR174W	YER116C
YKL052C	YMR077C
YBR088C	YCR092C
YDL214C	YJL198W
YDR511W	YGL122C
YFR010W	YOR259C
YJR068W	YOR144C
YBL007C	YJR115W
YDR395W	YLL039C
YDR304C	YFR030W
YNL229C	YPL070W
YJL138C	YPL240C
YBR048W	YDR418W
YAL021C	YGR005C
YOR141C	YPL235W
YGL122C	YMR220W
YBR210W	YLL039C
YLR287C	YNR031C
YLR034C	YLR056W
YGL105W	YKL050C
YFR004W	YKL210W
YIL034C	YKL007W
YBR031W	YLR075W
YLL039C	YNL029C
YDL154W	YER173W
YNL110C	YPL220W
YLR378C	YML012W
YDR293C	YJL098W
YLR115W	YMR061W
YER136W	YFL005W
YOR078W	YPL126W
YFR004W	YPL235W
YCL054W	YOR267C
YDR359C	YHR090C
YFR014C	YOR092W
YGR085C	YOL127W
YAL001C	YMR093W
YDR363W-A	YOR261C
YBL032W	YKL008C
YMR033W	YPL082C
YDL043C	YJL146W
YHL019C	YLR170C
YBR284W	YML035C
YBL079W	YDL088C
YBR106W	YLL023C
YDR330W	YLL039C
YGL076C	YMR229C
YJL006C	YJL138C
YBR160W	YDR389W
YKR071C	YPL141C
YKR081C	YPL220W
YLR449W	YNL255C
YBR059C	YKL166C
YDR460W	YPR025C
YJL140W	YPL203W
YGL166W	YKR011C
YBR251W	YOL027C
YBR169C	YKL139W
YJL084C	YNL154C
YGL122C	YPL095C
YJL098W	YLR310C
YER165W	YOL117W
YDR171W	YHR152W
YGL051W	YGR295C
YLR449W	YNL110C
YGL181W	YLL003W
YDR188W	YOR063W
YDR172W	YGR072W
YBR202W	YLR103C
YDR012W	YNL178W
YGR116W	YNL255C
YJL024C	YLL039C
YCL055W	YGL122C
YBR160W	YNL257C
YBR189W	YGL167C
YIR037W	YLL039C
YBR079C	YGR252W
YJR002W	YOR145C
YDR388W	YJL085W
YAL017W	YML037C
YGL122C	YNL079C
YFR004W	YOR261C
YDL082W	YDR381W
YNL201C	YPL153C
YDR398W	YKR092C
YAL027W	YDR381W
YDR381W	YER165W
YDL080C	YDR081C
YGR258C	YOL090W
YDL202W	YGL122C
YHR157W	YPL031C
YDR510W	YKL211C
YLL039C	YOL142W
YGR029W	YHR005C-A
YPL240C	YPR089W
YIL021W	YOL086C
YDR365C	YIR010W
YGR278W	YLR117C
YBR160W	YML109W
YJL164C	YMR067C
YAL025C	YOR005C
YCR091W	YGL122C
YIL135C	YOR043W
YFL001W	YMR216C
YKL049C	YML072C
YMR229C	YPR137W
YBL032W	YOR382W
YDL160C	YJL138C
YGR058W	YLR113W
YBL007C	YIR006C
YGR005C	YGR186W
YDR510W	YOL059W
YMR048W	YPR019W
YIL095W	YLR251W
YNR051C	YPL226W
YCR083W	YGL122C
YBR184W	YER171W
YHR135C	YLR429W
YGL105W	YNL154C
YJL187C	YML037C
YBL032W	YNL012W
YKL060C	YOL086C
YHR135C	YOL091W
YDR143C	YDR158W
YJL047C	YPR135W
YDR256C	YGL122C
YKL005C	YNL255C
YDR127W	YKL049C
YLR429W	YOR145C
YGL180W	YKR092C
YFL050C	YGL180W
YDR381W	YLR170C
YMR074C	YNL256W
YLR262C	YPL031C
YLR337C	YNL020C
YGL122C	YMR148W
YML056C	YPR161C
YBR106W	YIL027C
YJL081C	YNL215W
YBR059C	YIR010W
YGL122C	YGR102C
YDR335W	YGL122C
YLR044C	YOR117W
YDR339C	YJR002W
YGR167W	YNL238W
YBR088C	YCR034W
YBR088C	YNR052C
YJR138W	YOL145C
YPL031C	YPL050C
YBR085W	YOR181W
YDL225W	YJL014W
YDR212W	YKL095W
YDL209C	YJR050W
YLR129W	YNL186W
YDL143W	YOR117W
YKL060C	YNR051C
YDR188W	YKL029C
YBR159W	YLR056W
YLR044C	YPL082C
YDR016C	YLR031W
YKL190W	YNL255C
YOL082W	YOR353C
YBR251W	YHR059W
YDR174W	YHR118C
YAL047C	YNL209W
YBR106W	YLL006W
YGL122C	YPR180W
YGR206W	YLR119W
YIL108W	YNL254C
YBR194W	YDR394W
YBR177C	YML086C
YLL023C	YNR026C
YGL240W	YOR249C
YDL143W	YGL121C
YFL040W	YPR121W
YEL034W	YOR043W
YER099C	YMR139W
YNL255C	YOR064C
YBL102W	YPL246C
YNL290W	YOL094C
YLR116W	YNL255C
YLR105C	YNL255C
YLR113W	YOR039W
YJL164C	YOR162C
YOL120C	YPL131W
YCL024W	YPR013C
YER075C	YMR229C
YGR278W	YML049C
YGL122C	YLR414C
YDR322W	YMR024W
YDR224C	YNR051C
YDL054C	YLL039C
YBR198C	YMR223W
YNL091W	YOR355W
YFL021W	YNL229C
YMR125W	YNL251C
YGL122C	YJL141C
YER043C	YFR004W
YBL038W	YOR150W
YMR192W	YNL112W
YER136W	YNL093W
YDR174W	YFR037C
YDR188W	YKL139W
YDR363W-A	YOR259C
YGL246C	YNL178W
YBR283C	YIL076W
YJL164C	YKL127W
YAL028W	YOR267C
YHR052W	YOR005C
YML049C	YMR213W
YDR167W	YML098W
YBL039C	YGR124W
YCL025C	YHR133C
YBL002W	YLR074C
YDR233C	YLR166C
YJL141C	YKR001C
YGR241C	YIL095W
YBR125C	YLL039C
YDR301W	YOR093C
YNL016W	YNL251C
YNL215W	YOR141C
YHR090C	YHR135C
YER012W	YJL001W
YBR005W	YNL255C
YGR148C	YKL009W
YDR480W	YKL161C
YDL043C	YPL126W
YGL180W	YPR019W
YDR510W	YNR023W
YEL034W	YOL117W
YCL054W	YNL110C
YIR010W	YMR236W
YHR114W	YMR109W
YNL175C	YNR051C
YFR001W	YPR045C
YGR186W	YPL203W
YGL122C	YHR097C
YFR014C	YLL028W
YDL132W	YOL025W
YJL164C	YML037C
YDR471W	YGL122C
YDR479C	YLR268W
YBR025C	YMR047C
YFR010W	YGL180W
YDR510W	YPL131W
YGL066W	YMR236W
YAL017W	YDR293C
YDR381W	YGL166W
YCR084C	YPL228W
YKR048C	YMR139W
YJR068W	YMR105C
YHR158C	YOR047C
YKL033W	YNL020C
YGL122C	YLR333C
YAL029C	YMR075W
YIL115C	YMR047C
YIR010W	YNL106C
YPL047W	YPL082C
YFR004W	YPR037C
YER133W	YOR227W
YJL014W	YKL049C
YGR096W	YOL090W
YLR383W	YML056C
YGL122C	YNL265C
YDR363W	YJL047C
YIL153W	YNL229C
YLL048C	YPL147W
YBL072C	YGR214W
YDR091C	YDR172W
YKR021W	YOR119C
YNL045W	YNL154C
YKL049C	YPR019W
YJL138C	YOL090W
YBR052C	YDR497C
YDR100W	YIL027C
YKL029C	YNL045W
YHR135C	YOR141C
YDR150W	YKL049C
YLR116W	YNL210W
YJR145C	YNL004W
YIR010W	YPR052C
YHR089C	YLR449W
YBR088C	YML102W
YBL032W	YGL032C
YFR004W	YML008C
YHR014W	YHR135C
YBR048W	YIR010W
YGR252W	YOR133W
YER038C	YOL034W
YKL135C	YML051W
YFR004W	YJL170C
YBR160W	YMR291W
YDR324C	YMR093W
YDR201W	YNL255C
YAL032C	YMR213W
YDR510W	YMR091C
YHR008C	YML127W
YDL123W	YGL023C
YDR497C	YGL077C
YDR378C	YGL122C
YNL154C	YNR006W
YIR010W	YNL069C
YMR186W	YNR022C
YGL122C	YGL131C
YGR165W	YMR158W
YGR285C	YLR406C
YGL122C	YOR111W
YDR180W	YER147C
YFR004W	YLR432W
YGL059W	YIL042C
YJL141C	YML035C
YLR163C	YOL021C
YAL027W	YIL095W
YLR220W	YOR085W
YBR208C	YJL098W
YBR142W	YPL131W
YBL007C	YBR108W
YMR094W	YOL133W
YDR510W	YJL014W
YJL006C	YPL077C
YJL098W	YPL031C
YDL192W	YDR100W
YEL019C	YOL034W
YER031C	YPL240C
YDL020C	YGL122C
YAL021C	YFL028C
YCR057C	YNL069C
YDR101C	YPL131W
YKL210W	YMR059W
YKL166C	YNL117W
YGL122C	YJL003W
YDL060W	YMR093W
YGL059W	YNL117W
YDR012W	YPL090C
YDL200C	YLR109W
YDR122W	YOL082W
YBL032W	YMR070W
YGL122C	YKR062W
YDR510W	YOR316C
YLR406C	YOL127W
YMR275C	YPL140C
YDL111C	YGR134W
YBL032W	YOL059W
YHR114W	YIL156W
YDL088C	YMR153W
YGR092W	YOR228C
YDL139C	YPR154W
YGL122C	YKL086W
YFR004W	YHR111W
YGL208W	YGR231C
YLL039C	YML008C
YGR148C	YNL110C
YJR144W	YLR427W
YDR080W	YER123W
YNL201C	YNL307C
YGL122C	YOL088C
YCR057C	YPL131W
YML072C	YPR113W
YJL052W	YLL039C
YFL041W	YLL028W
YIL075C	YJL164C
YDR394W	YKL211C
YJL140W	YNL251C
YFL036W	YLR139C
YEL054C	YPL249C-A
YBR106W	YPL240C
YDR224C	YML069W
YLR192C	YPR041W
YFL013C	YPL235W
YKL059C	YLR277C
YNL186W	YPL031C
YGR220C	YOL027C
YBL007C	YIL095W
YHR187W	YPL101W
YDL052C	YIL124W
YDR510W	YGL066W
YBR208C	YBR221C
YDR168W	YMR186W
YDL213C	YDR496C
YBL011W	YGL180W
YDR130C	YOL127W
YGL076C	YKR081C
YNL304W	YPL031C
YGL122C	YPR004C
YDL184C	YLR438C-A
YBL032W	YMR201C
YBL072C	YDR091C
YDR479C	YOR377W
YMR242C	YPL131W
YBR036C	YDR062W
YER165W	YMR240C
YDL225W	YDR510W
YGR215W	YIL093C
YFL062W	YLR034C
YDR388W	YNL154C
YJR002W	YNL110C
YJL138C	YKL168C
YDR100W	YOR109W
YCR063W	YMR213W
YDR394W	YNL250W
YDR012W	YMR229C
YGL122C	YGL142C
YDR224C	YPL240C
YGL122C	YPL077C
YLR170C	YPL235W
YKL197C	YNL214W
YDR238C	YGL051W
YDR022C	YGL237C
YDR378C	YNL255C
YKL009W	YPL131W
YFL026W	YNL217W
YIL021W	YNL251C
YBR217W	YLR059C
YDR386W	YDR388W
YBL007C	YGL238W
YBR106W	YDR342C
YGL180W	YNL227C
YHR098C	YIL095W
YBR160W	YDL174C
YGL122C	YMR025W
YGL122C	YML079W
YDR172W	YDR188W
YGR091W	YLR147C
YLR425W	YPL256C
YML035C	YPL141C
YOL127W	YPL037C
YHL006C	YNL255C
YDL053C	YPR106W
YLR268W	YNL279W
YBR031W	YOR117W
YCR091W	YDL002C
YER171W	YOL090W
YBL032W	YPL141C
YDL116W	YMR153W
YDR171W	YKL049C
YNL175C	YPL249C-A
YBR169C	YNL161W
YBR025C	YHR027C
YNR031C	YPL240C
YBR264C	YOR370C
YFL045C	YOR117W
YHR058C	YIL027C
YGL122C	YOR043W
YBR189W	YOL127W
YBR031W	YJL187C
YBL032W	YML113W
YBL011W	YJL057C
YJR123W	YOR117W
YBL064C	YNL154C
YLR103C	YPL153C
YLL039C	YMR099C
YDL012C	YLL039C
YGL122C	YOR115C
YIL095W	YNL084C
YCR057C	YDR064W
YHR027C	YKL049C
YBR198C	YGR274C
YGL084C	YGL122C
YHR083W	YMR060C
YLR043C	YOR117W
YGL031C	YHR197W
YGL122C	YLR022C
YIL004C	YLL039C
YDL082W	YOL120C
YBR031W	YPL249C-A
YGL122C	YMR125W
YGL060W	YOL133W
YCL011C	YGL173C
YBR017C	YML085C
YKL176C	YOR080W
YBR106W	YGL167C
YGL122C	YMR059W
YLR266C	YNL113W
YJL164C	YJR049C
YKR067W	YPL227C
YOL018C	YOL132W
YBR160W	YKL048C
YJR148W	YLR259C
YKL028W	YKR062W
YLL039C	YLR129W
YBR221C	YGL122C
YPL031C	YPR135W
YJR022W	YOR319W
YJR121W	YPL240C
YGL122C	YKL079W
YCL028W	YHR114W
YLR287C-A	YOR063W
YMR236W	YMR312W
YKR094C	YMR276W
YDR101C	YMR047C
YCR042C	YMR227C
YDR510W	YKL032C
YDR170C	YLR330W
YBL075C	YDR128W
YDR483W	YHR027C
YBR160W	YJL060W
YGL122C	YOR254C
YKL112W	YLR082C
YKL166C	YNL280C
YER165W	YNL251C
YBR102C	YDR166C
YBL032W	YMR274C
YBR125C	YDR247W
YBR079C	YLR259C
YIL156W	YMR109W
YDR285W	YDR510W
YGL166W	YLL028W
YFR014C	YOR078W
YBR031W	YNL112W
YBR142W	YPL220W
YNL104C	YPR106W
YML004C	YPL031C
YDR171W	YOR007C
YBL032W	YPL226W
YJR066W	YNL183C
YGL111W	YHR197W
YBR112C	YGL035C
YCL028W	YGL151W
YGL059W	YNL186W
YER004W	YOR249C
YBL032W	YGL025C
YBR025C	YOR117W
YBR129C	YGL122C
YDR381W	YDR440W
YBR126C	YDR247W
YIL095W	YNL271C
YBL072C	YGL031C
YNL255C	YPL009C
YDL070W	YNL154C
YIL125W	YPL240C
YGL116W	YJL008C
YGL099W	YGL123W
YDR510W	YKL112W
YDR224C	YIR010W
YJL014W	YKL204W
YDR188W	YNR051C
YGL150C	YNL215W
YBL085W	YMR139W
YDR425W	YJL036W
YLR337C	YML001W
YDR513W	YIR037W
YDR496C	YJR145C
YJR130C	YKL048C
YGL014W	YLR287C-A
YBR048W	YJR145C
YGL122C	YKL139W
YKL142W	YPL004C
YKR086W	YLR117C
YLR048W	YOR117W
YGR120C	YLR262C
YBR183W	YCR034W
YHR135C	YKR048C
YLR044C	YNR051C
YBR183W	YLR018C
YML012W	YOL012C
YDR172W	YHR027C
YIL098C	YNL255C
YDL213C	YNL255C
YFR004W	YJL008C
YLR079W	YOR209C
YBR108W	YHR135C
YGL122C	YPR161C
YFR001W	YNL255C
YML056C	YNL124W
YHR001W	YPR173C
YDR496C	YOL127W
YGL122C	YPR098C
YBL032W	YNL284C
YGR215W	YNR036C
YDR107C	YLL039C
YBR169C	YPL141C
YGL122C	YLR192C
YBR048W	YHR027C
YDR143C	YLL039C
YKL198C	YNR016C
YCR020C-A	YNL255C
YDL116W	YER105C
YDR293C	YFR004W
YDR208W	YNL154C
YDR483W	YLL039C
YDR510W	YLR321C
YDL209C	YGR278W
YBR129C	YIL095W
YAL039C	YPL031C
YHR027C	YPL131W
YBL032W	YDL035C
YFR004W	YPR086W
YDL116W	YJL041W
YFR021W	YHR070W
YDR016C	YGL025C
YBR160W	YGL075C
YER122C	YIL004C
YDR324C	YOR078W
YER006W	YGL081W
YDR381W	YMR239C
YBL050W	YMR197C
YMR033W	YPL016W
YBL039C	YJR109C
YGL122C	YHR104W
YNL130C	YPL246C
YFR004W	YKL126W
YLL039C	YMR028W
YDL213C	YNL132W
YBR086C	YDL209C
YLL028W	YLL039C
YHR039C	YLL039C
YGL122C	YPR172W
YGR158C	YOL142W
YBR261C	YIL074C
YKL197C	YPL031C
YMR246W	YOL126C
YGR284C	YML012W
YDL223C	YJL164C
YAL032C	YGL128C
YLR449W	YPL131W
YEL063C	YML052W
YNL124W	YOL127W
YHR143W-A	YPR010C
YDR174W	YML131W
YPL082C	YPR034W
YDR328C	YFR014C
YBR189W	YLR075W
YGL122C	YMR101C
YAL029C	YOR181W
YAL043C	YKL059C
YBR203W	YGL122C
YJL081C	YOL012C
YCL025C	YFL041W
YGL122C	YLR226W
YBR106W	YDR046C
YER075C	YMR319C
YHR052W	YNL132W
YBL032W	YNL300W
YJR093C	YNL092W
YHR040W	YNL255C
YMR093W	YPL220W
YHR094C	YOR153W
YHL032C	YIL053W
YHR196W	YLR003C
YGL179C	YOR141C
YCR009C	YPL249C
YGR116W	YPL203W
YBR160W	YHR159W
YGR274C	YKR001C
YDR044W	YEL030W
YHR094C	YJL151C
YGR092W	YNR052C
YBR018C	YPR054W
YAL032C	YNL271C
YKL049C	YPL106C
YAL032C	YDL001W
YGR057C	YKL015W
YDR192C	YDR335W
YLR226W	YPR161C
YDR129C	YLR429W
YFR004W	YOR375C
YKR048C	YPL180W
YBR263W	YIR010W
YJL140W	YMR309C
YGR024C	YNL255C
YFR004W	YGR094W
YBR159W	YEL002C
YEL034W	YJL191W
YHR027C	YPL028W
YBL075C	YER022W
YOL108C	YPL211W
YKR081C	YLR233C
YBR160W	YNL271C
YDR247W	YDR439W
YMR109W	YNL206C
YGL179C	YKR009C
YDL025C	YHR135C
YMR236W	YOL012C
YMR227C	YMR236W
YLR018C	YNL279W
YGL122C	YOR253W
YGL031C	YHL033C
YKL195W	YNL255C
YGL099W	YOR294W
YLR432W	YMR309C
YBR189W	YLR432W
YFL017W-A	YJL164C
YFR004W	YJR007W
YFR004W	YPL028W
YBR106W	YML123C
YDR299W	YPR161C
YDR365C	YDR510W
YBL007C	YKL074C
YHR027C	YLR354C
YLR072W	YPR113W
YER107C	YJL039C
YNL220W	YNL255C
YMR117C	YPR010C
YBR017C	YHR089C
YAL017W	YKL168C
YBR207W	YEL051W
YBL032W	YPR106W
YHR179W	YPL171C
YER024W	YHR135C
YBL064C	YPL031C
YJL111W	YKL049C
YDR116C	YNL255C
YBL032W	YIL130W
YEL017W	YHR135C
YNL110C	YNL307C
YDR166C	YJL085W
YBL103C	YMR227C
YBR048W	YGL122C
YOR117W	YPR183W
YLL021W	YNL293W
YLR387C	YNL255C
YKL049C	YMR319C
YBL032W	YHR135C
YGL122C	YHR009C
YGL246C	YJR145C
YDR388W	YLL039C
YML106W	YMR271C
YOR304W	YPL016W
YJR123W	YLL039C
YGR275W	YPR034W
YDL001W	YDL133W
YDR322W	YNL284C
YBR079C	YPR086W
YKL166C	YLR443W
YER006W	YHR197W
YBR049C	YLR357W
YJR022W	YLR264W
YDR200C	YPL004C
YGL122C	YPL008W
YIL122W	YPL031C
YNL201C	YOR355W
YGL070C	YKL028W
YDL225W	YPL031C
YDR092W	YMR256C
YHR182W	YKL166C
YJR144W	YLL006W
YDR064W	YJR145C
YHL033C	YHR205W
YJL081C	YOR141C
YHR169W	YNR054C
YDR139C	YOR216C
YML012W	YNL130C
YMR093W	YPL126W
YGL122C	YNL318C
YLL039C	YOR375C
YAL027W	YDR388W
YBR169C	YBR194W
YBR017C	YDR192C
YGR134W	YHR193C
YBR198C	YPL011C
YFL049W	YPR034W
YJR145C	YMR093W
YAL032C	YBR114W
YDL080C	YIR037W
YBR194W	YMR186W
YBR114W	YPL046C
YNL021W	YOL012C
YBR126C	YHR027C
YLL028W	YMR264W
YMR184W	YNL307C
YJL164C	YNL074C
YMR158W	YNL306W
YOL012C	YOL077C
YBR106W	YCL025C
YBL072C	YPL090C
YBL002W	YDR044W
YKL049C	YPR080W
YNL021W	YOR138C
YML109W	YNL216W
YBR017C	YDL015C
YMR192W	YPL031C
YDR363W	YDR510W
YHL033C	YJR123W
YBL032W	YFL067W
YNR016C	YPL026C
YCR061W	YGR055W
YJL141C	YPL203W
YBR052C	YIL121W
YMR059W	YOR230W
YIR010W	YML085C
YGR085C	YNL069C
YNL113W	YOR210W
YKR009C	YLL039C
YJL189W	YNR051C
YKL091C	YKL168C
YBR261C	YGL122C
YBL064C	YKL086W
YCR024C-A	YJL004C
YAL017W	YGL122C
YFR006W	YGL122C
YER136W	YGL210W
YGR113W	YMR117C
YDR510W	YOR028C
YER006W	YNL175C
YAL024C	YNL015W
YDR471W	YHR027C
YJR003C	YPR173C
YMR143W	YNR051C
YBR160W	YKR080W
YOL133W	YOR341W
YJL057C	YPL018W
YOR229W	YOR230W
YDL066W	YPL220W
YBR189W	YIR010W
YOL145C	YOR039W
YKL204W	YNL154C
YDR129C	YGL122C
YGL122C	YPL101W
YLL039C	YPL199C
YER022W	YPL082C
YHR027C	YJR072C
YDL192W	YDL200C
YHR027C	YHR190W
YDR381W	YFR030W
YBR159W	YBR283C
YCR020W-B	YGR275W
YLL039C	YMR053C
YHR066W	YPL211W
YMR262W	YPL209C
YGL122C	YKL065C
YBR160W	YFR046C
YGL122C	YMR150C
YLR129W	YNR054C
YBR054W	YCL038C
YGL180W	YMR229C
YAL047C	YHR158C
YFR004W	YOL127W
YDR101C	YPL249C-A
YDR381W	YHR052W
YBR189W	YNL069C
YCR010C	YLL039C
YDR171W	YOR197W
YNL209W	YPL009C
YJL004C	YLR083C
YJL008C	YOR375C
YNL178W	YNL207W
YDR141C	YGL077C
YDR342C	YOR153W
YKR081C	YNL175C
YBR106W	YNR019W
YDR497C	YMR010W
YDR208W	YHR135C
YCL028W	YNL106C
YDR314C	YDR388W
YER121W	YGL122C
YDR177W	YKL168C
YDR504C	YNL255C
YLR044C	YML072C
YFL041W	YKL175W
YCR073W-A	YLR257W
YAR018C	YJL098W
YCL037C	YDR138W
YER162C	YHL025W
YGL122C	YMR090W
YFL001W	YPL209C
YBR194W	YMR315W
YCR082W	YDR016C
YDL192W	YER165W
YDR032C	YGR055W
YGR085C	YPL090C
YLR449W	YOR063W
YDL020C	YOR117W
YDR510W	YLR406C
YGR024C	YHR112C
YNL178W	YPR051W
YLR262C	YPL240C
YAL034W-A	YMR117C
YOR377W	YPL240C
YBL032W	YGL028C
YBR036C	YKL065C
YHR135C	YJL198W
YDR381W	YKR024C
YER162C	YOR117W
YCR034W	YDR414C
YNL232W	YOL142W
YFL037W	YGR092W
YJR069C	YNL255C
YDR201W	YKL179C
YBR177C	YEL051W
YNL032W	YNL099C
YDR258C	YGL043W
YDL043C	YMR240C
YBR106W	YBR243C
YLR332W	YPL058C
YDR381W	YKR048C
YBR159W	YLR378C
YIR033W	YLR268W
YBR160W	YLR219W
YGL122C	YOL091W
YDR130C	YOL080C
YML037C	YNL092W
YBR085W	YJL173C
YLR022C	YNL255C
YBL038W	YJL176C
YMR125W	YOR250C
YBR142W	YOL127W
YIL062C	YLR337C
YDR101C	YNL110C
YGL122C	YOR259C
YBR160W	YMR036C
YBR194W	YPL131W
YGL105W	YOR197W
YER116C	YPL031C
YLL039C	YPR026W
YBR283C	YGR284C
YDR240C	YNL210W
YDR443C	YHR067W
YNL178W	YNR054C
YGR159C	YHR135C
YLL039C	YLR417W
YGR092W	YLL039C
YDR127W	YGR214W
YER103W	YGL206C
YAL027W	YGL106W
YJR068W	YOL094C
YER048C	YFR004W
YGL122C	YOR361C
YBR154C	YGL043W
YBR251W	YJR113C
YNL110C	YOR063W
YMR229C	YNL307C
YHR098C	YLL039C
YCL025C	YPR020W
YGR005C	YPL240C
YDR378C	YLR117C
YDL214C	YDR439W
YBR048W	YDR012W
YLR224W	YOL133W
YLL039C	YML012W
YKR048C	YMR172W
YEL060C	YNL186W
YLL001W	YPR080W
YDR487C	YDR513W
YKR092C	YNR051C
YDR530C	YGL122C
YBR194W	YMR047C
YGL194C	YOL068C
YGL122C	YJR145C
YNL178W	YNR051C
YER029C	YOR159C
YGL122C	YPL249C-A
YGR184C	YKL145W
YMR229C	YPL126W
YDL230W	YGR032W
YJL039C	YML085C
YDR225W	YLR074C
YLR310C	YNL098C
YMR017W	YPL232W
YNL032W	YNL255C
YML109W	YPL115C
YDL192W	YOL147C
YDL176W	YJR104C
YLR368W	YOL133W
YDL052C	YLR071C
YEL032W	YGR270W
YDR480W	YMR186W
YGR220C	YNL255C
YBL032W	YBR214W
YJL036W	YNL086W
YDR532C	YIR010W
YCR003W	YGL122C
YML032C	YPR161C
YIR010W	YNL209W
YCR042C	YDR195W
YGL122C	YNL163C
YDR130C	YNL074C
YBL034C	YKR079C
YDR170C	YER166W
YDR028C	YNL220W
YGR275W	YML127W
YBL032W	YMR148W
YER132C	YNL025C
YDL191W	YGR275W
YGR214W	YML085C
YBL007C	YOR047C
YNL255C	YNL260C
YGL122C	YPL232W
YCL028W	YPL070W
YJL060W	YPL031C
YNR051C	YPL220W
YBR193C	YER022W
YDR381W	YIL021W
YEL034W	YFL013C
YIR010W	YMR302C
YDR159W	YMR153W
YLR069C	YPL240C
YBR261C	YNL044W
YNR051C	YPL211W
YJL004C	YNL044W
YKL049C	YOR361C
YHR135C	YKR092C
YLR398C	YPR189W
YIR034C	YLL039C
YML035C	YNL307C
YDR510W	YHR196W
YDR446W	YDR510W
YLL067C	YNL255C
YAL024C	YLR044C
YDR256C	YPL070W
YBL032W	YJL209W
YGL105W	YIR010W
YJL164C	YNL186W
YDR381W	YLR455W
YLR051C	YNL255C
YIL122W	YKL161C
YHR027C	YMR109W
YEL063C	YOL132W
YPL082C	YPL178W
YNL022C	YOR209C
YER133W	YFR001W
YKL135C	YOR109W
YDR510W	YGL009C
YDR418W	YNR051C
YFR014C	YPL203W
YDL098C	YML049C
YJL098W	YJR066W
YBR160W	YDR113C
YFL005W	YNR049C
YDR386W	YMR303C
YDR510W	YJR092W
YKL108W	YMR287C
YCR082W	YGR252W
YBR189W	YJR002W
YDR471W	YNR051C
YBL032W	YMR075W
YGR258C	YOL016C
YIL033C	YJL164C
YFR004W	YMR246W
YBR160W	YKL185W
YOR185C	YOR250C
YCR076C	YNL255C
YER006W	YPL211W
YKR099W	YLR438C-A
YMR295C	YNL307C
YDR211W	YJR007W
YBR264C	YNL263C
YBR216C	YFR004W
YJR129C	YPL031C
YGL014W	YGL045W
YOL077C	YPR161C
YLL039C	YLR173W
YDL043C	YHR086W
YHR052W	YJL189W
YKL041W	YKR035W-A
YLL039C	YLR398C
YDL029W	YLL039C
YGR285C	YKL166C
YDR381W	YHR066W
YNL113W	YPR187W
YBL002W	YIR010W
YBR198C	YGL066W
YJR123W	YLR075W
YEL054C	YGL031C
YLR131C	YPR119W
YHR052W	YLR196W
YMR229C	YNL124W
YBR196C	YNR051C
YGL077C	YPL246C
YCL027W	YER032W
YBR198C	YIR010W
YIL112W	YOL068C
YGL122C	YOL056W
YBR031W	YDR365C
YIR010W	YPR139C
YJR145C	YPR137W
YLR257W	YNL154C
YDR288W	YEL019C
YFR004W	YPR108W
YHR158C	YMR036C
YMR227C	YPL254W
YGR058W	YLL039C
YNL255C	YPL004C
YGL198W	YNL255C
YFR037C	YML127W
YDR116C	YNL284C
YBR095C	YPR023C
YGL122C	YLR408C
YDR293C	YNL154C
YGR237C	YLR432W
YGR148C	YHL033C
YDL100C	YNL055C
YGL016W	YOR361C
YCR004C	YMR031C
YDR471W	YLR075W
YEL017C-A	YER005W
YDR324C	YLR186W
YGR275W	YOL012C
YGL091C	YGL122C
YGR251W	YNL186W
YIL033C	YJL128C
YAR018C	YNL077W
YFR037C	YOL090W
YBR059C	YKR079C
YFL033C	YJL164C
YEL051W	YGR105W
YDR201W	YIR010W
YKL049C	YKL145W
YNL010W	YNL154C
YDL005C	YEL009C
YDR171W	YDR510W
YBR154C	YGR005C
YBR031W	YNL110C
YCR042C	YPR065W
YGL122C	YLR456W
YAR033W	YPR113W
YLL039C	YOR124C
YJL189W	YKL168C
YGR252W	YOL012C
YDR394W	YER173W
YFR021W	YLL039C
YGR032W	YPR054W
YGL240W	YOR358W
YAL025C	YNR051C
YEL009C	YFL009W
YBR031W	YGR085C
YGR270W	YLR357W
YBR251W	YOL115W
YFR004W	YJL138C
YIL057C	YPL031C
YDR127W	YPL240C
YBL032W	YDL012C
YCR030C	YGL077C
YGL122C	YNL149C
YBL032W	YGL146C
YDR156W	YPR187W
YGL059W	YOL016C
YBR031W	YGL246C
YGL122C	YML131W
YJL164C	YKR009C
YDR498C	YLR268W
YCL032W	YOR212W
YDR388W	YMR287C
YLR079W	YPR119W
YFR004W	YLR421C
YBL032W	YDR171W
YGL122C	YOR060C
YLR129W	YNL132W
YKL049C	YMR186W
YCL027W	YPR008W
YHR027C	YML008C
YGR270W	YPL127C
YGL096W	YJR022W
YOL028C	YPR054W
YBL050W	YER133W
YDL005C	YER022W
YIL021W	YJL164C
YGL122C	YMR227C
YDR378C	YHR165C
YBL072C	YHR169W
YFR004W	YOR361C
YKL160W	YNL255C
YLL039C	YLR327C
YKR081C	YLR449W
YBR112C	YFR004W
YGL061C	YIR010W
YDR091C	YHR135C
YMR128W	YPL240C
YDR381W	YMR128W
YFR004W	YLR134W
YDR443C	YGL043W
YLR429W	YOR124C
YJR001W	YLL039C
YHL009C	YNL154C
YBL032W	YOR070C
YLR007W	YOL034W
YBL032W	YHR008C
YDR188W	YKL049C
YBR251W	YNL306W
YDR356W	YLR045C
YJL084C	YMR216C
YBR002C	YNL255C
YIL153W	YMR028W
YGR275W	YHL025W
YLR075W	YLR153C
YBL007C	YCL045C
YER029C	YNL255C
YDR516C	YLL039C
YCR063W	YDR408C
YJL083W	YOR181W
YGL173C	YNL110C
YDL132W	YPL256C
YBL072C	YPL131W
YBL032W	YLR327C
YDL088C	YMR047C
YCR057C	YOR145C
YBR133C	YLL039C
YDR130C	YNL178W
YHL009C	YHR135C
YBR140C	YNL098C
YBL079W	YHR135C
YHR027C	YHR179W
YIL095W	YNL186W
YBR086C	YDR510W
YDR424C	YGL122C
YBL032W	YDR080W
YGL151W	YMR112C
YLR233C	YNL132W
YDR496C	YNL110C
YIR010W	YPL004C
YJL039C	YMR153W
YHL017W	YHR188C
YGR092W	YKR080W
YDR335W	YLL039C
YBR295W	YLL039C
YDR129C	YIL034C
YKL168C	YMR196W
YGL122C	YMR114C
YOL012C	YOL054W
YBR072W	YBR261C
YEL039C	YKL195W
YJR066W	YOL126C
YGL216W	YOL028C
YGL122C	YGR099W
YBR194W	YKR003W
YJR145C	YPL220W
YDR471W	YLR287C-A
YPL240C	YPR135W
YNL255C	YNR001C
YHR152W	YPR118W
YDR251W	YGL206C
YIL062C	YNR035C
YDR510W	YPR010C
YDR293C	YGL059W
YLR274W	YMR192W
YDR394W	YER171W
YIR033W	YOL126C
YBL032W	YPL131W
YDL143W	YFR014C
YPL031C	YPL222W
YGL122C	YJR082C
YBR234C	YIL034C
YIL118W	YOR061W
YLR321C	YMR091C
YGR124W	YOR117W
YNL307C	YOL091W
YGR220C	YJL063C
YGL131C	YIL101C
YIR010W	YMR309C
YFL017W-A	YGL059W
YIR035C	YNL232W
YGL122C	YOL093W
YGL180W	YKL093W
YBR017C	YGR005C
YGL122C	YGL226W
YMR128W	YNR046W
YBL032W	YGR237C
YDR471W	YMR031C
YLR268W	YNL237W
YBL032W	YIL034C
YLR074C	YMR047C
YGL116W	YIL021W
YBR011C	YLR425W
YBL032W	YLR403W
YDR180W	YGL122C
YBL032W	YKL192C
YGL066W	YPL011C
YPL153C	YPR091C
YGL037C	YNR051C
YPL210C	YPL240C
YDL053C	YMR123W
YFR014C	YIL065C
YBR081C	YPR025C
YGL122C	YLR376C
YDR257C	YOR119C
YOL082W	YPL031C
YBL085W	YGL201C
YPR080W	YPR119W
YBL061C	YJL164C
YDR381W	YJR084W
YMR229C	YOR294W
YDR365C	YNR054C
YDR328C	YFL009W
YMR217W	YOR117W
YDR496C	YGL111W
YBR072W	YMR236W
YDR224C	YNL312W
YJR050W	YMR213W
YCR073W-A	YNL154C
YBR160W	YOR081C
YDR045C	YPR046W
YLR406C	YOR063W
YHL023C	YJR138W
YJL187C	YKL042W
YGL056C	YGR055W
YMR203W	YNL070W
YBR194W	YOR153W
YGR252W	YPL254W
YLR207W	YNL095C
YMR306W	YPR128C
YIL159W	YKL079W
YBR211C	YOL054W
YDL131W	YDR510W
YIL131C	YJR007W
YHR027C	YPL231W
YDL153C	YGL180W
YBR002C	YJL151C
YGL043W	YGR005C
YBR160W	YKL168C
YJR123W	YPL220W
YDR091C	YGL076C
YDL105W	YDR288W
YGR159C	YNL112W
YGL122C	YOL084W
YBR283C	YCR034W
YDR147W	YJL057C
YFR004W	YNL250W
YDL029W	YIR006C
YJR007W	YPR041W
YBR079C	YPL081W
YAR002W	YNL255C
YPL126W	YPL266W
YHR132C	YLL039C
YBR079C	YDR091C
YIL124W	YPR113W
YNL263C	YOR132W
YBR260C	YOR181W
YBL032W	YJL042W
YDR073W	YPR034W
YAL029C	YLR429W
YFR014C	YGL210W
YDR496C	YGL173C
YIR010W	YML093W
YDR028C	YLR377C
YGL122C	YJR001W
YLL039C	YPL036W
YEL002C	YLR378C
YAL028W	YMR139W
YEL054C	YKL009W
YJR148W	YNL209W
YGL151W	YNL025C
YBL032W	YLR459W
YBR189W	YCL037C
YGL122C	YNL260C
YOR185C	YPL125W
YGL122C	YJL132W
YHR169W	YPL226W
YDR322W	YGR091W
YCR057C	YJL191W
YDR289C	YLR166C
YGL122C	YNL215W
YLR407W	YOR061W
YDL029W	YJL014W
YER006W	YPR043W
YFR014C	YNL186W
YDR483W	YFR004W
YBR059C	YKR009C
YER006W	YPL240C
YJL070C	YNR016C
YGR159C	YLL039C
YDR328C	YOL133W
YHR135C	YNL093W
YGL009C	YMR291W
YBR231C	YJL081C
YBR234C	YGR037C
YGR196C	YPL153C
YDR510W	YOL135C
YAL030W	YLL039C
YBR172C	YGL173C
YDR057W	YLR207W
YMR086W	YOR181W
YJR154W	YPR106W
YER105C	YPR080W
YMR216C	YOR078W
YDR388W	YGR058W
YBL039C	YFR004W
YDR324C	YNL075W
YFR014C	YIL074C
YER009W	YPL031C
YGL134W	YJL137C
YEL002C	YOR085W
YGR184C	YML051W
YDR127W	YKL029C
YAL027W	YLR044C
YJR053W	YPL209C
YBR173C	YMR037C
YBL079W	YGL122C
YDR388W	YPR055W
YFR004W	YGR214W
YFR004W	YNL069C
YBR159W	YNL048W
YBR193C	YHR058C
YDR119W	YLL039C
YGR275W	YPL016W
YDL045W-A	YJL063C
YBL032W	YGL129C
YKL108W	YMR303C
YBR194W	YOR361C
YLR132C	YNL286W
YDR022C	YGL180W
YOL041C	YOR080W
YHR090C	YPR023C
YDR423C	YNL255C
YER154W	YGL122C
YBL079W	YGR037C
YEL009C	YHL025W
YIR010W	YOR369C
YLR074C	YLR196W
YBR079C	YER165W
YJL164C	YKL193C
YMR059W	YPL004C
YJL087C	YKL108W
YHR027C	YHR104W
YCR091W	YPR119W
YGL151W	YPR168W
YBR251W	YMR158W
YJL008C	YJL159W
YGL122C	YOL090W
YBR159W	YLL028W
YJR022W	YLL015W
YKL138C	YNL255C
YPL026C	YPL171C
YLL039C	YMR296C
YGR252W	YKL211C
YBR036C	YNL044W
YDL155W	YNL161W
YDR388W	YKR011C
YGL070C	YOR210W
YBL039C	YDL191W
YKR048C	YPL141C
YNL132W	YNL178W
YDR064W	YJL191W
YNL255C	YNR057C
YAL036C	YHR027C
YKL135C	YPL090C
YGR032W	YNL255C
YDR225W	YJL006C
YGL201C	YMR109W
YGL122C	YLL001W
YBR159W	YNL130C
YDL125C	YGL122C
YFR004W	YKR001C
YBR189W	YDR471W
YCR057C	YJR123W
YDL029W	YFR004W
YBR160W	YDR093W
YJL137C	YPR034W
YIL101C	YPL216W
YDL192W	YDR170C
YIR034C	YNL255C
YCR092C	YOL090W
YIL115C	YMR235C
YGR135W	YOR157C
YCR009C	YOR216C
YDL134C	YOR386W
YDR479C	YMR071C
YKL050C	YNL255C
YDR419W	YMR161W
YLR368W	YMR048W
YKL135C	YNL069C
YFR004W	YOL086C
YBL007C	YPL246C
YHR027C	YOR341W
YBL031W	YBL032W
YER059W	YJL084C
YDL098C	YNL255C
YAL034W-A	YPR046W
YDR395W	YKL068W
YBL072C	YGL122C
YLL039C	YMR192W
YBR160W	YHR158C
YER090W	YJL060W
YDL101C	YDR030C
YHR027C	YPR183W
YDL134C	YLL039C
YDR022C	YGL122C
YER005W	YPL264C
YLL039C	YOR080W
YGL122C	YGR247W
YHR135C	YOR092W
YER128W	YPR173C
YDR188W	YNL178W
YLR113W	YNL255C
YBR142W	YPL249C-A
YBR198C	YPL082C
YBR095C	YKL049C
YLL039C	YNL330C
YDR510W	YJL187C
YER012W	YGR135W
YFR014C	YLR060W
YJR123W	YPL131W
YBR031W	YNL055C
YDR510W	YER154W
YER072W	YMR216C
YJL141C	YML078W
YJR119C	YMR216C
YAL034W-A	YPL026C
YBR269C	YGL122C
YBR198C	YPL047W
YBR088C	YDR092W
YFR030W	YJL123C
YER031C	YLL039C
YBL067C	YFR004W
YDR123C	YML051W
YNL289W	YPR106W
YOR117W	YPL231W
YJR002W	YNL132W
YJL210W	YNL255C
YOL041C	YOL077C
YDR188W	YFR004W
YCR030C	YPL058C
YOL120C	YOL127W
YBR080C	YDR363W-A
YER081W	YIL074C
YGL076C	YPL249C-A
YAL009W	YGL059W
YDR510W	YPR143W
YLR147C	YOR159C
YNL183C	YPL180W
YJR123W	YNL178W
YLR048W	YLR432W
YBR025C	YHR169W
YGL122C	YJR025C
YOL076W	YOR063W
YCL028W	YLR403W
YBL032W	YLR393W
YLR429W	YOR181W
YAL024C	YHL021C
YHR196W	YPL126W
YJR093C	YPR107C
YBL032W	YNR006W
YDR225W	YGL150C
YNR051C	YPL210C
YNL079C	YPL240C
YDL070W	YJL164C
YGL123W	YLL039C
YHL033C	YHR197W
YGL106W	YKR048C
YLL039C	YMR171C
YJR134C	YOR216C
YLR274W	YMR109W
YBR087W	YOL094C
YCR057C	YHR169W
YGL246C	YPL031C
YDR224C	YML034W
YGL122C	YMR074C
YDR306C	YDR328C
YFR004W	YGL125W
YKL015W	YLL010C
YFR004W	YMR235C
YBR028C	YOL041C
YFR004W	YML106W
YBL002W	YLR133W
YPL106C	YPR045C
YDR288W	YNL124W
YER103W	YLL039C
YOR061W	YOR361C
YGR120C	YPL077C
YJL004C	YPL264C
YJL006C	YML112W
YGL122C	YOR317W
YMR037C	YOR043W
YFL054C	YKL142W
YBR079C	YGL123W
YFR014C	YKR094C
YGR285C	YNL178W
YMR036C	YOR061W
YMR229C	YNL132W
YHL021C	YOR210W
YBL032W	YMR019W
YKL008C	YKL065C
YBR177C	YJL151C
YDR101C	YKR081C
YDR052C	YHR118C
YGR037C	YML086C
YEL064C	YLL039C
YIR010W	YJL173C
YGL066W	YPL082C
YBL032W	YJR044C
YBR114W	YGR003W
YBR160W	YOR045W
YCR079W	YGL070C
YLL039C	YPL131W
YBL032W	YDR200C
YDR178W	YOR065W
YMR186W	YPL235W
YGR085C	YMR242C
YDR194C	YER081W
YDR130C	YOR361C
YMR309C	YOR039W
YML054C	YNL255C
YNL025C	YPL031C
YDL233W	YJR112W
YFL017W-A	YJR084W
YBR238C	YDR510W
YDR381W	YLR333C
YDL043C	YDR131C
YDR170C	YLR148W
YFR004W	YHR190W
YLR074C	YOR063W
YDR169C	YGL180W
YDR443C	YHR058C
YDL160C	YNL016W
YBR106W	YCR098C
YIL062C	YNL138W
YFL025C	YGL053W
YBL103C	YMR033W
YDL067C	YGL187C
YJR002W	YLR186W
YER029C	YLR117C
YDR324C	YMR229C
YHL021C	YJL140W
YDL160C	YFR004W
YDL191W	YNL330C
YER122C	YJL187C
YGL122C	YJL047C
YGR186W	YOR210W
YGL116W	YPL140C
YDL213C	YKR024C
YGL122C	YML106W
YBR104W	YNL255C
YAL017W	YKL049C
YDR225W	YPR034W
YML037C	YPL141C
YNL022C	YNL154C
YJL057C	YPR168W
YFL045C	YFR004W
YBL032W	YLR139C
YBL032W	YJR145C
YDR299W	YDR365C
YKL089W	YOR039W
YML069W	YNL255C
YBR287W	YLL039C
YLL010C	YOR043W
YDR130C	YNL069C
YGR250C	YML051W
YDR132C	YNL161W
YDR100W	YMR071C
YJL164C	YOR070C
YAL003W	YEL034W
YBR251W	YGL129C
YDR313C	YLR083C
YNL024C	YNL255C
YPL051W	YPR080W
YJR002W	YJR145C
YHR135C	YPL146C
YGL077C	YLR332W
YMR213W	YPL064C
YDL005C	YGL025C
YER105C	YPL004C
YBR194W	YLR117C
YOR063W	YOR294W
YIR010W	YPL180W
YHL033C	YLR074C
YHR114W	YOR059C
YBR138C	YGR092W
YDR085C	YER133W
YDR257C	YNL255C
YGL122C	YOR059C
YGL122C	YIL062C
YGL134W	YPL031C
YER022W	YIL021W
YGL122C	YMR033W
YDR395W	YOL127W
YKR001C	YPL016W
YBL032W	YKL160W
YDR143C	YDR227W
YDL132W	YDR306C
YHR135C	YKL160W
YDR510W	YOL058W
YER006W	YIR010W
YEL017C-A	YMR299C
YDR200C	YFR008W
YBL045C	YGL187C
YEL053C	YPR051W
YFR014C	YNL227C
YDL105W	YPL146C
YDR443C	YKR036C
YDR386W	YER006W
YOR361C	YPR041W
YIL075C	YMR216C
YBL032W	YHR078W
YBR194W	YDR289C
YDL176W	YGL227W
YDR299W	YKL049C
YML098W	YOR061W
YLL039C	YOL117W
YBL039C	YBL105C
YGL122C	YNR008W
YKL161C	YMR037C
YGR252W	YKL062W
YLR287C-A	YMR242C
YHL025W	YNL255C
YMR240C	YOR093C
YDR386W	YOL041C
YDR364C	YMR125W
YEL046C	YJL141C
YDL070W	YGR092W
YDR233C	YLR018C
YBL032W	YOR178C
YDR388W	YGR268C
YGL043W	YGR252W
YNL255C	YPL199C
YGL122C	YJL151C
YAL043C	YJR093C
YGR068C	YOR119C
YFR002W	YLR018C
YBR274W	YPL171C
YDR211W	YNL124W
YLL039C	YOR035C
YER123W	YHR135C
YDR093W	YMR054W
YLR403W	YPR190C
YJL164C	YMR210W
YBL032W	YIL123W
YGL180W	YKR094C
YJL111W	YMR028W
YBL002W	YHR118C
YFR030W	YHR027C
YDL213C	YER006W
YMR274C	YOL132W
YJR066W	YPR124W
YBR105C	YLR259C
YMR241W	YNL255C
YLR103C	YLR113W
YDR293C	YNL307C
YDR314C	YGL014W
YCR063W	YDL209C
YBL085W	YER032W
YBL032W	YEL046C
YDR443C	YLL039C
YDR167W	YPL254W
YDR143C	YIL021W
YGL122C	YHL024W
YGL122C	YOL151W
YLR449W	YPL146C
YLR268W	YOR311C
YBR142W	YPL211W
YNL307C	YNR006W
YDR394W	YOR117W
YFR014C	YLL033W
YDR390C	YDR510W
YDR101C	YKL068W
YFR014C	YGL105W
YBL075C	YJR032W
YHR066W	YNL122C
YER012W	YNL016W
YGL238W	YLL039C
YGR085C	YNL132W
YBR106W	YMR274C
YDL100C	YIL065C
YBR234C	YIL062C
YBR082C	YKL010C
YJL031C	YOR370C
YBL039C	YIL075C
YDR288W	YOR294W
YDR356W	YIL149C
YFR004W	YKR003W
YNL055C	YNL093W
YGL122C	YHR135C
YGL233W	YOR357C
YGL122C	YLR267W
YEL051W	YLR429W
YDR086C	YPL189W
YCR073W-A	YDR122W
YDL029W	YPR019W
YBL049W	YGL227W
YDL001W	YGL122C
YDR129C	YIL062C
YLR321C	YPL070W
YBR106W	YGL054C
YGL151W	YOL135C
YDR356W	YER129W
YJL164C	YLR022C
YBL014C	YMR236W
YIR010W	YPL018W
YCR007C	YDL120W
YNL312W	YPR161C
YBL072C	YDR064W
YDR091C	YMR309C
YEL013W	YHR094C
YDR510W	YNR035C
YGL180W	YGR021W
YFR014C	YKL149C
YDR480W	YHR039C
YBR043C	YNL307C
YMR203W	YNR017W
YDL025C	YJR129C
YDR395W	YFR004W
YDR496C	YMR242C
YDR227W	YNL216W
YJL217W	YPR118W
YBR173C	YGL011C
YBR052C	YGL056C
YBR251W	YOR205C
YMR024W	YOL027C
YBR079C	YFR004W
YLR288C	YMR159C
YGL122C	YOR363C
YER022W	YHR143W-A
YGL122C	YLR109W
YBL002W	YDR225W
YIR035C	YNL255C
YKR048C	YMR110C
YDR172W	YNL069C
YDL116W	YNL118C
YLL039C	YPR183W
YDR172W	YER165W
YNL132W	YOR080W
YGL090W	YLR109W
YBL007C	YGL181W
YNL255C	YNL284C
YLR109W	YMR059W
YJR093C	YOR061W
YKR021W	YLL039C
YBR234C	YPL004C
YNR068C	YNR069C
YBR040W	YFR004W
YDL098C	YHR165C
YBL011W	YHR135C
YGL179C	YKR071C
YDR212W	YPL180W
YCR075C	YFR014C
YIR010W	YJL176C
YKL139W	YML112W
YMR186W	YPL240C
YML069W	YPR019W
YBL032W	YKL190W
YHR128W	YHR152W
YHR152W	YLR109W
YKL049C	YOL145C
YDR159W	YPL178W
YER133W	YJR093C
YOL135C	YPL240C
YLR119W	YLR417W
YGL240W	YKL109W
YGR135W	YHR027C
YJL178C	YOR357C
YDR011W	YLL028W
YDL193W	YLL039C
YLR427W	YML056C
YHR052W	YKL145W
YFR004W	YJR065C
YHR066W	YOR294W
YMR309C	YPL081W
YGL122C	YJL035C
YDR368W	YHR027C
YML056C	YOL077C
YGL134W	YNL307C
YHR135C	YNL227C
YDL005C	YMR112C
YNL255C	YOR078W
YBR079C	YOL117W
YDR174W	YMR229C
YGL189C	YNR051C
YDR192C	YGL122C
YCL011C	YKL139W
YER072W	YPL031C
YGL180W	YNL165W
YBR126C	YIL177C
YBR107C	YDR421W
YIL062C	YJR065C
YBL032W	YKL041W
YBL072C	YDR471W
YBR081C	YGR274C
YAL062W	YLL039C
YDR510W	YMR241W
YDR293C	YLR286C
YBR160W	YLR086W
YFL005W	YOL112W
YBR260C	YGR196C
YDR195W	YPL008W
YBR052C	YML072C
YBL072C	YLR192C
YGR156W	YPL008W
YBR276C	YER081W
YCL028W	YLL039C
YML035C	YNL154C
YLR074C	YMR303C
YDR012W	YNL069C
YBR260C	YER144C
YFR004W	YIL108W
YBL002W	YGR270W
YBR274W	YPR010C
YBL025W	YNL255C
YJL057C	YPR013C
YBL032W	YHL023C
YBL010C	YKL193C
YEL011W	YGL122C
YCR057C	YLL039C
YDR286C	YGL122C
YFR009W	YKL049C
YFL037W	YOL120C
YFR037C	YMR091C
YDR129C	YLL039C
YLR147C	YMR125W
YBR169C	YPL106C
YER131W	YNR051C
YDL192W	YML012W
YDR510W	YMR033W
YAL002W	YKR014C
YNL154C	YPR198W
YGL122C	YOR190W
YDL002C	YFR037C
YGL161C	YLL039C
YDR510W	YPR190C
YGL059W	YGR285C
YDL155W	YOR210W
YDL159W	YPL201C
YDR225W	YNL201C
YBL105C	YGR229C
YIR022W	YLL039C
YBL072C	YCR057C
YGL122C	YNR035C
YDR170C	YGL238W
YGL059W	YJL070C
YDR100W	YPL246C
YOR117W	YOR259C
YDL155W	YMR047C
YGL076C	YGL246C
YBR154C	YOR341W
YBR207W	YDL199C
YGL122C	YLR262C
YBR234C	YFR004W
YLL039C	YPR154W
YDR116C	YJL041W
YDR129C	YKL126W
YJL164C	YMR099C
YDR219C	YDR328C
YDR408C	YGL122C
YGR278W	YMR213W
YDL066W	YFR004W
YMR004W	YOR132W
YBL072C	YNL132W
YJL084C	YPL031C
YIL121W	YLL039C
YMR105C	YOR090C
YIR022W	YOL132W
YDR462W	YMR024W
YBR088C	YPL140C
YKR014C	YNL093W
YDR300C	YPR137W
YIR010W	YKL204W
YNL124W	YNL209W
YBR160W	YGL178W
YBR059C	YOR061W
YGL180W	YNR019W
YBL039C	YML085C
YGL116W	YPL203W
YBL032W	YJL158C
YBL039C	YMR024W
YLR060W	YPL031C
YBR031W	YOR063W
YJR145C	YPL131W
YEL002C	YGR284C
YDR510W	YGR252W
YGL122C	YMR223W
YJR065C	YMR109W
YDR388W	YGR229C
YFL021W	YIR010W
YGL233W	YLR166C
YDR476C	YDR479C
YDR418W	YGL123W
YER048C	YOR181W
YMR227C	YPL011C
YLL039C	YOR061W
YCR004C	YNL255C
YGL122C	YLR193C
YDR212W	YIR010W
YOR197W	YOR361C
YGL180W	YKR045C
YBL064C	YFR014C
YER171W	YPR025C
YDL209C	YGL128C
YNL161W	YOR007C
YDR386W	YPL127C
YDL191W	YHR052W
YBL011W	YFR014C
YBR160W	YDL239C
YGL005C	YPL240C
YGR252W	YPL082C
YGR143W	YLL039C
YFL010C	YML051W
YGL122C	YJL036W
YGL122C	YNL280C
YNL132W	YNR051C
YFR014C	YNL307C
YDR169C	YPL031C
YJR113C	YNR036C
YIL156W	YJL164C
YJL164C	YMR182C
YHR196W	YMR093W
YDR131C	YHR197W
YDR335W	YMR047C
YGR275W	YPR043W
YHR135C	YLR109W
YDR192C	YIL115C
YCR057C	YGR154C
YCR090C	YGL122C
YJL164C	YKR021W
YLL039C	YNR035C
YDL192W	YJL099W
YDL053C	YGL122C
YDR378C	YLR147C
YJL014W	YOR212W
YGR109C	YPL153C
YLR192C	YOR361C
YGL122C	YKL006C-A
YHR052W	YMR093W
YHR196W	YIL125W
YCR073W-A	YHR135C
YBR011C	YPR080W
YDR169C	YGL179C
YGL161C	YGL198W
YBR126C	YMR139W
YOL127W	YPR067W
YHR135C	YIL033C
YBL072C	YHL033C
YDL060W	YNL098C
YGL122C	YPR113W
YDR365C	YGR159C
YDR247W	YFR010W
YFR004W	YLR270W
YDR038C	YLL039C
YNL215W	YOR189W
YBL032W	YKR045C
YBL032W	YPL115C
YFR004W	YPL106C
YDL116W	YKL068W
YGL122C	YGR210C
YEL046C	YOR117W
YDR170C	YOL086C
YGL122C	YGL189C
YBR112C	YCR084C
YEL060C	YPL140C
YBR260C	YFR004W
YBR159W	YDL206W
YGR158C	YLR398C
YBR251W	YKL003C
YDR356W	YJL187C
YBL032W	YNL091W
YBL002W	YML069W
YAL032C	YER032W
YLL039C	YOR153W
YDR328C	YOR080W
YER043C	YFL028C
YIL093C	YNR036C
YBR154C	YJR138W
YGL077C	YMR010W
YCR030C	YER166W
YKR097W	YML086C
YLL039C	YMR027W
YLL039C	YML057W
YNL183C	YPR135W
YNL104C	YNL307C
YGL116W	YPL106C
YGL122C	YJR111C
YGL151W	YPL254W
YGL111W	YKR081C
YJR056C	YNL154C
YDL019C	YPL153C
YGR037C	YLR310C
YDL139C	YKL049C
YGL122C	YPL090C
YHR135C	YIR034C
YLR258W	YOL090W
YCL024W	YMR139W
YGL122C	YML070W
YDL146W	YHR114W
YBR283C	YLL039C
YER065C	YLR270W
YBL032W	YOR092W
YEL051W	YLR028C
YBR159W	YEL017C-A
YDR108W	YOR115C
YHR062C	YNL110C
YGL005C	YGL122C
YBR169C	YGL206C
YNL154C	YOR078W
YFL049W	YPL016W
YDL134C	YHR114W
YGR005C	YIL021W
YCL032W	YMR139W
YDR064W	YOR361C
YNL209W	YOL077C
YDR510W	YLR060W
YGR186W	YKR062W
YBR031W	YDR130C
YDL159W	YIR010W
YJL141C	YLR241W
YKL049C	YOL086C
YJL164C	YLR310C
YDR496C	YPL211W
YDR135C	YJR022W
YBR114W	YMR201C
YBR133C	YPL031C
YDL156W	YNL312W
YGL233W	YPR055W
YHR102W	YLR113W
YDR194C	YGL122C
YJR145C	YOL127W
YBL075C	YLR320W
YGL180W	YKR098C
YJL084C	YJL164C
YJL159W	YLL039C
YDR091C	YLR432W
YBL032W	YLR310C
YDR101C	YER006W
YBL032W	YNL250W
YBR189W	YPL090C
YBR059C	YDR188W
YBR049C	YIR010W
YGL122C	YLR038C
YBL032W	YDR077W
YGL180W	YKL042W
YDR159W	YPL047W
YDR540C	YGL180W
YER133W	YOR078W
YBL007C	YPL141C
YBR031W	YKL009W
YKL139W	YMR041C
YDL065C	YJL006C
YOL041C	YPL141C
YGL122C	YPR052C
YBR160W	YIL131C
YNL069C	YPR041W
YDL100C	YGL122C
YBL032W	YOR002W
YDR207C	YMR042W
YBR152W	YMR240C
YHR027C	YMR309C
YGR092W	YLR007W
YDL160C	YDR170C
YBL032W	YJL097W
YGL105W	YLR247C
YDR473C	YMR240C
YKL166C	YNL263C
YDR192C	YKL068W
YBL032W	YKL050C
YPL014W	YPL256C
YEL063C	YMR264W
YFR004W	YOR369C
YOL012C	YPL240C
YNL307C	YNR047W
YBL010C	YPR046W
YGL122C	YPL141C
YLR119W	YMR235C
YAR033W	YGL122C
YPL023C	YPL031C
YFR004W	YLR259C
YDR174W	YHR193C
YDR056C	YGL122C
YBL022C	YGR132C
YDL192W	YPL246C
YDR073W	YHL025W
YMR229C	YNL110C
YBR159W	YDR297W
YGL106W	YJL187C
YGL005C	YGL223C
YIR010W	YML123C
YHR001W	YLL039C
YLR075W	YOL127W
YDR497C	YOR254C
YGL122C	YPL019C
YBL036C	YDR342C
YFR014C	YLR307W
YGL122C	YHL020C
YDL082W	YMR242C
YHR197W	YPL131W
YGL122C	YLR247C
YGL122C	YIL118W
YDR330W	YNL307C
YBL032W	YHR161C
YNL113W	YNL151C
YGL206C	YKL049C
YDR443C	YLR071C
YIL167W	YOL016C
YGL105W	YPL031C
YLR059C	YPL031C
YDL230W	YJL187C
YDL201W	YGL122C
YCR057C	YPL126W
YDR471W	YNL110C
YIR010W	YKR001C
YIR010W	YOR375C
YBR085W	YLL039C
YBL032W	YNL009W
YGR080W	YIL034C
YOR018W	YPR113W
YNL255C	YOR304W
YER162C	YMR201C
YGR105W	YNL255C
YJR112W	YLR086W
YLL039C	YNL134C
YKL049C	YOR124C
YFR004W	YOR117W
YNL063W	YNL255C
YFR004W	YHL033C
YDL239C	YPL070W
YDR195W	YGL122C
YDR328C	YOR185C
YDL143W	YKL029C
YBR154C	YGL122C
YGL179C	YPR135W
YFR015C	YNL255C
YNL255C	YNL274C
YLR429W	YMR240C
YBR081C	YPL082C
YHR086W	YPL178W
YBL032W	YIR035C
YGR229C	YOR028C
YLR196W	YLR449W
YLR105C	YMR059W
YJL164C	YMR203W
YKR086W	YNL175C
YNL110C	YPL240C
YOL076W	YPR131C
YDL209C	YER029C
YOR273C	YPL058C
YGL122C	YMR294W
YIL065C	YJR091C
YBL032W	YOR090C
YBL032W	YPL066W
YCL025C	YKL008C
YDR286C	YNL255C
YKL087C	YNL255C
YFR004W	YOR341W
YDR174W	YOL012C
YGL081W	YGR184C
YDR141C	YPL115C
YAL043C	YDR301W
YGR200C	YJL140W
YAL021C	YDL165W
YGL122C	YIL008W
YMR069W	YOR063W
YGL076C	YNL124W
YJL138C	YJR140C
YOL054W	YPR046W
YML056C	YOR243C
YLR310C	YPL082C
YLR384C	YMR236W
YKL007W	YMR229C
YOL127W	YPL131W
YGL122C	YJL178C
YAL010C	YJL066C
YGL099W	YOR063W
YBR059C	YIR006C
YHR169W	YMR242C
YDL088C	YDL116W
YPL011C	YPL254W
YDR224C	YOR304W
YDR150W	YNL207W
YBR234C	YOR181W
YJL176C	YNL216W
YCR020W-B	YNL255C
YBL032W	YGL056C
YGL122C	YHR152W
YGL122C	YJL052W
YKL023W	YPL209C
YFL054C	YGL180W
YML008C	YNL255C
YDR142C	YLR105C
YAL021C	YGL014W
YIR002C	YLR383W
YDR135C	YLL039C
YDL143W	YOR281C
YCL028W	YDL005C
YGL122C	YPR107C
YBL007C	YOR181W
YCR034W	YIL171W
YGL122C	YLR028C
YDR183W	YJL014W
YMR264W	YNL255C
YMR115W	YNL307C
YNL307C	YPL077C
YLR003C	YNR051C
YGL212W	YNL255C
YGR285C	YOL127W
YGR132C	YPL263C
YOR340C	YOR341W
YGR148C	YNL255C
YHR089C	YOL077C
YFR004W	YNL255C
YGR078C	YJL041W
YBR114W	YOL012C
YBL032W	YPR154W
YLL019C	YMR229C
YDR381W	YOR294W
YIR010W	YLR061W
YLR108C	YML102W
YFR004W	YMR109W
YDR510W	YFR037C
YBL032W	YLR086W
YJL164C	YLR301W
YDR335W	YER103W
YGL122C	YGL129C
YBL010C	YNL154C
YDR418W	YJR123W
YFR004W	YGL009C
YLR147C	YNL016W
YGL122C	YLR355C
YEL048C	YGR166W
YFR014C	YKR071C
YDR287W	YGL122C
YBR194W	YOR227W
YAL029C	YLL039C
YBL032W	YKR010C
YCR042C	YML098W
YPL070W	YPR119W
YMR105C	YNR035C
YNL004W	YPR161C
YBL032W	YDR172W
YER133W	YHR052W
YFL054C	YFR014C
YBR159W	YNR035C
YER006W	YOL077C
YJL004C	YPL051W
YBR052C	YDR032C
YBL001C	YML102W
YJR066W	YMR028W
YGR112W	YOR065W
YGL122C	YOR087W
YGL212W	YML001W
YGR252W	YPL137C
YFR004W	YNL104C
YDR381W	YNL004W
YLR455W	YOR064C
YAL024C	YPR119W
YDL054C	YEL027W
YER133W	YNL255C
YBL018C	YHR062C
YGL122C	YJL126W
YPL047W	YPL254W
YGL122C	YJR058C
YAL068C	YBL032W
YCR009C	YER116C
YKR081C	YNL255C
YLR337C	YNR035C
YDR388W	YGL016W
YDL082W	YJR123W
YFR004W	YNL079C
YKL181W	YOL061W
YGL076C	YOL127W
YOR039W	YOR119C
YBR025C	YDR398W
YDR293C	YNL118C
YDR054C	YOL133W
YBL002W	YKR001C
YFR004W	YLR109W
YCR084C	YEL030W
YDL053C	YDR207C
YDR414C	YNR026C
YDR096W	YER032W
YKL212W	YMR296C
YBR159W	YDR414C
YNL106C	YPR161C
YCL033C	YNL255C
YML123C	YOR254C
YLR320W	YNL209W
YGL122C	YNL015W
YGL173C	YKL198C
YBL032W	YNL316C
YGR220C	YML009C
YDL111C	YPR189W
YGL031C	YLR075W
YNL255C	YOR123C
YOL012C	YOR189W
YBL036C	YGL216W
YBL032W	YPL026C
YBL031W	YGL061C
YDL119C	YGL122C
YER044C	YHR190W
YGR129W	YJR050W
YKL049C	YPL240C
YGL189C	YHR052W
YBR150C	YDR388W
YAL034W-A	YNL255C
YNL079C	YOL068C
YBR087W	YHR191C
YBR042C	YJL164C
YDR299W	YNL154C
YDR237W	YDR322W
YDR168W	YKL139W
YFR004W	YJL111W
YBL032W	YDL159W
YGL180W	YLL019C
YNR051C	YOR369C
YJL014W	YNL155W
YPL240C	YPR189W
YDR312W	YOR080W
YNL306W	YOL027C
YIL135C	YPL153C
YGL173C	YPR161C
YEL020W-A	YKL195W
YKL029C	YPR054W
YGL043W	YNR051C
YIR011C	YPL240C
YML100W	YMR139W
YDR479C	YML125C
YCL025C	YGR284C
YDR180W	YIL026C
YFR037C	YOR304W
YGR271W	YMR036C
YHR027C	YNL044W
YJL091C	YOR254C
YHR112C	YLL039C
YKL089W	YPL146C
YNL020C	YNL084C
YBL079W	YDR192C
YHR060W	YPL019C
YHR052W	YKR081C
YBR106W	YGL122C
YGL225W	YHR114W
YGL051W	YPL264C
YBL072C	YMR128W
YAL027W	YCR009C
YDR127W	YMR186W
YDL214C	YHR060W
YGL122C	YNR028W
YBR189W	YDR510W
YHR069C	YNL232W
YER133W	YIL154C
YGR092W	YHL021C
YGR284C	YIL027C
YDR091C	YOR117W
YDR510W	YPR187W
YDL159W	YLL021W
YDR064W	YNL178W
YLR277C	YOR250C
YKL213C	YNR006W
YDR328C	YEL060C
YBR106W	YEL063C
YKL009W	YLR075W
YDR422C	YDR516C
YNL206C	YOR038C
YBR234C	YDR129C
YER069W	YFR004W
YIR010W	YML127W
YGL051W	YPR198W
YDR306C	YGL122C
YNL255C	YPR080W
YLR051C	YNL110C
YKL215C	YPL199C
YDL181W	YGL122C
YDR079W	YGL122C
YBR014C	YDL100C
YGL122C	YKR092C
YBL007C	YOR284W
YBL032W	YGR241C
YJL140W	YLR192C
YMR059W	YPL037C
YKL159C	YNL255C
YDR388W	YMR093W
YDR510W	YGR056W
YLR083C	YOL137W
YFR014C	YKR074W
YBR217W	YMR319C
YIR010W	YML056C
YDL060W	YPL266W
YGL141W	YIL075C
YJL164C	YPL240C
YFL005W	YOL147C
YHR135C	YJL138C
YHR098C	YPL246C
YGR116W	YLR199C
YGL180W	YIL156W
YBR129C	YNL255C
YER029C	YER165W
YDR091C	YEL054C
YEL020W-A	YGL122C
YOR340C	YPR187W
YIR010W	YNL075W
YDR139C	YOR100C
YFR014C	YJR129C
YGR223C	YPR054W
YKR079C	YNL154C
YDR471W	YGL031C
YGR092W	YPR091C
YMR236W	YPL254W
YJL008C	YPL240C
YDR131C	YDR328C
YJR019C	YPR106W
YCR068W	YGL122C
YLR109W	YNL312W
YDR423C	YER133W
YER044C	YGL122C
YFL010C	YPR054W
YDR116C	YGR220C
YBR160W	YOR178C
YHR027C	YLR421C
YGL122C	YOL070C
YGL051W	YPL141C
YCL011C	YPL081W
YBR106W	YPR113W
YLL010C	YLL039C
YDR251W	YLL039C
YGR275W	YJL014W
YMR192W	YPL249C-A
YJL138C	YLR429W
YGL043W	YGL070C
YKL135C	YOR063W
YDR381W	YJL006C
YLR332W	YML072C
YMR192W	YPL240C
YCL011C	YLL019C
YKR048C	YPR119W
YGL028C	YJR022W
YHR196W	YNR051C
YOR191W	YPR154W
YDR452W	YKR092C
YHR104W	YOL045W
YDR128W	YGL122C
YBR159W	YLR241W
YMR033W	YNR023W
YBR207W	YEL022W
YGR270W	YOL012C
YDR045C	YGL122C
YJR123W	YNL132W
YER012W	YIL075C
YLR321C	YMR033W
YGR200C	YLL039C
YMR196W	YNR031C
YGL090W	YLR288C
YCR084C	YLR071C
YDL035C	YPL268W
YBL032W	YJR153W
YFL045C	YML085C
YDR365C	YLR075W
YBR058C	YCR073W-A
YGL122C	YJL161W
YFL001W	YGL180W
YDL132W	YOR057W
YDR159W	YKL068W
YDR322W	YJL063C
YBR011C	YLL060C
YDR194C	YGL035C
YGL009C	YLL039C
YDL098C	YDR378C
YBR079C	YPL031C
YCR009C	YNL055C
YFR004W	YMR083W
YBR112C	YHL020C
YDR167W	YOL135C
YGR092W	YKR036C
YJR062C	YOR232W
YBL032W	YKL068W
YBL032W	YOR022C
YBR049C	YGR274C
YDR479C	YLR082C
YHR186C	YOL126C
YGL122C	YOR286W
YGR085C	YNL178W
YIL084C	YNL330C
YGL122C	YLR044C
YGL233W	YPL240C
YKR014C	YNL044W
YGR220C	YKR006C
YLR292C	YML123C
YBR049C	YER009W
YHL024W	YPL203W
YIR010W	YLR264W
YKR081C	YOL077C
YDR171W	YFL037W
YLR075W	YPL220W
YDL082W	YOL041C
YDL132W	YOR080W
YGR085C	YNR051C
YGL016W	YOR194C
YDR293C	YJL153C
YLR262C	YNL263C
YNL255C	YOL054W
YGL122C	YNL100W
YLR074C	YNL255C
YAR002W	YJL041W
YGL253W	YLL039C
YBR177C	YER136W
YBL032W	YNR036C
YDR293C	YGL173C
YDL002C	YPL235W
YBR107C	YOL091W
YHR027C	YJL138C
YHR135C	YML035C
YBL085W	YDR085C
YBL072C	YCL037C
YBL025W	YDR247W
YBL032W	YDR039C
YBR189W	YPR189W
YDL035C	YNL229C
YHR165C	YMR240C
YAL021C	YKR036C
YGL122C	YHR035W
YBR261C	YOR095C
YLR199C	YPL004C
YEL053C	YOR032C
YKL149C	YOL016C
YNL265C	YPR173C
YER028C	YPL240C
YGL059W	YNL074C
YDR035W	YJL164C
YIL076W	YNL055C
YEL032W	YOR080W
YNL255C	YOR141C
YGL090W	YOR005C
YDR443C	YFL028C
YGL122C	YLR246W
YFR001W	YLR449W
YNL110C	YOL077C
YBL038W	YGL122C
YDR471W	YDR510W
YKL156W	YLL039C
YBR173C	YER012W
YFR004W	YLR075W
YBR106W	YHR094C
YKL210W	YPR054W
YEL058W	YLL039C
YGL198W	YPL095C
YDR141C	YPL037C
YNL255C	YNR051C
YGL122C	YKR028W
YDL019C	YHR135C
YEL051W	YGR037C
YLL039C	YPL122C
YDR381W	YGL173C
YBR189W	YNL124W
YBR194W	YNL255C
YBR172C	YKL049C
YGL122C	YLR239C
YGR200C	YKL049C
YBR112C	YPR068C
YBL007C	YGL215W
YBL032W	YGR143W
YLR357W	YMR091C
YNL051W	YPL240C
YGL122C	YLL023C
YFR004W	YGR185C
YDR123C	YOL108C
YKL190W	YML057W
YFR004W	YJR121W
YGR179C	YNL255C
YBR049C	YJR145C
YGL061C	YKL052C
YGR275W	YHR097C
YGL122C	YOR150W
YDR335W	YOL016C
YDR116C	YDR322W
YBL002W	YDL156W
YJL155C	YLL039C
YDL029W	YGL122C
YLR061W	YNL110C
YML133C	YNL255C
YDL025C	YPR019W
YER090W	YGL122C
YDR500C	YNL255C
YFR004W	YIL074C
YOR117W	YOR340C
YAL034W-A	YML032C
YGL122C	YIL010W
YBR160W	YDR052C
YFL037W	YOR117W
YAL047C	YIL149C
YLR453C	YNL216W
YER049W	YER165W
YCR007C	YDR107C
YNL277W	YPL031C
YJL164C	YPL077C
YGR113W	YJL036W
YDR418W	YOR063W
YIL139C	YPL167C
YFR022W	YGL122C
YER044C	YMR202W
YBR154C	YJL140W
YKL025C	YPL031C
YOR348C	YPL240C
YDL065C	YLR071C
YBR207W	YER166W
YLR065C	YNL255C
YDL169C	YGL122C
YDR510W	YOR185C
YGR109C	YOL054W
YDR443C	YKL166C
YDR364C	YPL178W
YGL122C	YGR237C
YBL032W	YMR192W
YIR010W	YPL235W
YDR394W	YOR259C
YDR212W	YFR004W
YFR011C	YNL255C
YMR236W	YPL082C
YMR024W	YNL284C
YBR079C	YMR186W
YDR077W	YLR075W
YDR398W	YFL045C
YIR022W	YML012W
YJR144W	YNL312W
YML102W	YNL206C
YDR462W	YGR220C
YGR032W	YNL161W
YMR186W	YNL051W
YHL020C	YNL255C
YAL036C	YNL255C
YBR105C	YGL227W
YLR103C	YMR043W
YGR261C	YLR330W
YAL021C	YNR052C
YGL122C	YNR064C
YGL122C	YMR280C
YBR160W	YGL166W
YKL048C	YMR235C
YBR231C	YDR485C
YGR135W	YPL144W
YDR315C	YLR264W
YDR225W	YML112W
YKR001C	YNL330C
YDR057W	YDR411C
YAL027W	YGL122C
YBL032W	YJR111C
YGR167W	YPL031C
YNL016W	YPL016W
YKR081C	YPL141C
YIL005W	YIL166C
YIL075C	YPL031C
YER091C	YPL240C
YBR072W	YDL239C
YBL032W	YJL041W
YNL307C	YPL240C
YOL054W	YOR056C
YLR166C	YPL106C
YKL059C	YOR344C
YDR473C	YOR159C
YAL034W-A	YBR107C
YFR002W	YIL149C
YDR172W	YIR010W
YDL101C	YLR098C
YCL067C	YCR097W
YHR165C	YLR133W
YDR159W	YIL034C
YCR073W-A	YNL307C
YBR080C	YBR217W
YDR422C	YER162C
YDL029W	YNR035C
YLR117C	YNL255C
YCR067C	YPL218W
YDR414C	YLR411W
YBL007C	YBL105C
YDR335W	YKL068W
YJL087C	YPL141C
YCL037C	YPL131W
YHR197W	YKR081C
YGL122C	YLR406C
YCR020W-B	YIL033C
YBR261C	YLR438C-A
YEL062W	YJR138W
YDR389W	YJR091C
YIR010W	YPR034W
YBL039C	YDR394W
YDR510W	YOR191W
YDR418W	YOL127W
YML093W	YPR067W
YGL122C	YLR089C
YBR072W	YOR267C
YMR313C	YPL031C
YOL117W	YOR361C
YLR148W	YML001W
YBL032W	YJR091C
YBL072C	YHR027C
YDR240C	YFL017W-A
YKR048C	YPL031C
YIR010W	YNL330C
YHR039C	YNR051C
YDR386W	YMR226C
YFR009W	YNR051C
YMR242C	YOR117W
YHR193C	YNR052C
YGL180W	YHL009C
YDR510W	YOR194C
YGL129C	YJR113C
YNL004W	YNL255C
YDR207C	YKL185W
YNL255C	YOL086C
YEL034W	YOL059W
YGR166W	YOR115C
YDR096W	YPR154W
YJR145C	YLL039C
YDR182W	YLL039C
YHR083W	YNL070W
YBR189W	YGL031C
YDR510W	YJL128C
YBR108W	YGR092W
YHR135C	YPL071C
YBR108W	YOR181W
YFR004W	YNL290W
YGL198W	YKR014C
YER093C-A	YGL122C
YJL164C	YLR244C
YDR381W	YGR270W
YER171W	YHR027C
YFL025C	YLR083C
YDR383C	YML051W
YDL082W	YDR471W
YJR068W	YOL126C
YJL098W	YNL255C
YGL150C	YOR355W
YGL122C	YOR124C
YDL143W	YJL111W
YDL082W	YPL249C-A
YGL005C	YMR186W
YDR427W	YGL201C
YLR247C	YOR028C
YKR001C	YNR051C
YBR207W	YLL048C
YKL201C	YNL255C
YGL056C	YPL031C
YBL032W	YDR073W
YPL038W	YPR154W
YBR017C	YFR004W
YHR135C	YOR070C
YHR102W	YNL161W
YBR058C	YGL106W
YFL037W	YJL159W
YDR170C	YKL049C
YDR045C	YNL255C
YBR062C	YNL255C
YBL032W	YDR403W
YDR388W	YPL235W
YML054C	YNR017W
YNL255C	YPL271W
YBR081C	YKL049C
YBL032W	YLR206W
YNL217W	YNL307C
YDR224C	YJR145C
YGR092W	YNL155W
YGR003W	YOL133W
YHR052W	YHR066W
YNL075W	YNR051C
YLL039C	YLR270W
YDR443C	YGL025C
YBL032W	YGL080W
YDL070W	YPL031C
YAL043C	YBL101C
YBR153W	YGL122C
YDR510W	YOR038C
YBL032W	YDR156W
YGL179C	YJR154W
YKL145W	YOR056C
YLR332W	YMR109W
YDL203C	YOR372C
YGR129W	YKR086W
YAL043C	YHR135C
YGL122C	YNL275W
YKL192C	YOR124C
YDR398W	YNR016C
YGR148C	YIR010W
YIL084C	YMR075W
YML096W	YPL026C
YBR202W	YMR043W
YER144C	YIL095W
YKR055W	YPL161C
YDR227W	YLR278C
YDR233C	YKR010C
YBL032W	YKL109W
YOR181W	YPR154W
YAL043C	YGL122C
YDR172W	YNL251C
YNL209W	YPR189W
YCR057C	YPL081W
YIL115C	YMR153W
YDR224C	YJL081C
YBL032W	YNL074C
YGL122C	YKL168C
YBR198C	YGR252W
YBR152W	YDL098C
YBR108W	YLR438C-A
YJR066W	YOR181W
YBL032W	YDR091C
YDL239C	YHR184W
YDL060W	YDR064W
YIL079C	YOL115W
YDR388W	YOR284W
YBR160W	YDL025C
YNL201C	YPL031C
YDR388W	YMR162C
YAL024C	YDR516C
YDR174W	YGL099W
YGL040C	YLL039C
YLL039C	YOL137W
YDR365C	YGL123W
YEL063C	YNL125C
YGL122C	YGR156W
YCL056C	YGL122C
YGL161C	YPL031C
YGL059W	YGR038W
YBR017C	YKL212W
YGR275W	YLR357W
YHL050C	YNL255C
YGR085C	YNL112W
YGL076C	YLR075W
YDR054C	YLL039C
YFL037W	YNL223W
YDL029W	YLR429W
YNL044W	YNL304W
YDR510W	YER165W
YBL072C	YNL207W
YDR481C	YJR066W
YJL039C	YLR018C
YBR036C	YGL051W
YOR141C	YOR189W
YGL122C	YOR370C
YHR027C	YJR121W
YML086C	YPL004C
YLR007W	YNL255C
YGL099W	YNL178W
YBR086C	YKL212W
YDR246W	YEL048C
YMR216C	YNL277W
YGL242C	YKR099W
YML001W	YOR070C
YEL017W	YPL031C
YKL210W	YLL039C
YAL024C	YDR232W
YCR034W	YIR022W
YBR095C	YPL149W
YBR194W	YKL060C
YGL122C	YOR175C
YJR082C	YOL061W
YDR444W	YGL122C
YBR097W	YPL120W
YOR361C	YPL001W
YDR443C	YPR168W
YGL122C	YGL134W
YBR160W	YOR372C
YCR087C-A	YNL255C
YOR057W	YPL191C
YDL131W	YPL240C
YGR158C	YOL021C
YDR510W	YJL176C
YDR276C	YLR241W
YDR335W	YKL029C
YDR127W	YML085C
YMR114C	YNL255C
YBL045C	YNR017W
YHR060W	YNL255C
YEL032W	YJL164C
YGR285C	YOL059W
YGL011C	YHR052W
YDR174W	YNR051C
YBL032W	YLR228C
YER012W	YMR276W
YDR167W	YMR236W
YGR285C	YLR262C
YKL139W	YNL004W
YDL082W	YPL220W
YBL079W	YER107C
YDR261C	YPL240C
YNL289W	YPL031C
YDR101C	YGL076C
YBL032W	YMR090W
YKR079C	YNL161W
YBR251W	YGR150C
YER116C	YPL082C
YBL007C	YDR423C
YCL033C	YOL082W
YBR160W	YMR241W
YCL024W	YLL039C
YKL049C	YNL118C
YCR063W	YHR165C
YDR324C	YNR054C
YDR301W	YKL059C
YBR058C	YOL086C
YDL209C	YKL095W
YHR196W	YKL049C
YHR197W	YMR229C
YGL180W	YNL125C
YBL032W	YDR103W
YBL072C	YBR189W
YKL142W	YMR210W
YDR240C	YMR125W
YJL178C	YLR431C
YHR102W	YOR353C
YGL066W	YGR274C
YGL122C	YOR374W
YCR009C	YGL122C
YCL037C	YGL173C
YOR273C	YPL004C
YGL180W	YOR078W
YDL175C	YMR303C
YGR156W	YLR277C
YOR063W	YPR154W
YJL041W	YPL240C
YER105C	YMR153W
YBR160W	YGR270W
YGL122C	YGR277C
YJL036W	YOR057W
YDR208W	YGL180W
YDR035W	YLR355C
YNL265C	YOL142W
YGL123W	YOR117W
YCR009C	YPL004C
YLL039C	YNL132W
YBL085W	YCL024W
YER166W	YGR241C
YHR027C	YNL069C
YFL017C	YMR117C
YLR196W	YPL131W
YLL039C	YMR276W
YBL060W	YJL047C
YFR004W	YPL031C
YDR299W	YNL255C
YFL013C	YGR285C
YDR510W	YLR044C
YER132C	YLR310C
YJL006C	YKL139W
YDL043C	YHR165C
YDR156W	YPR010C
YDL165W	YNL025C
YHL020C	YKL065C
YGL122C	YNL045W
YHR133C	YNL279W
YKR081C	YOR267C
YNL255C	YPL220W
YLR196W	YPL141C
YJL081C	YJL098W
YAL021C	YGL122C
YDR381W	YLR022C
YHR022C	YOR032C
YER069W	YLR147C
YDL209C	YGL174W
YGL059W	YKR048C
YDR510W	YMR233W
YDL025C	YGL180W
YDR123C	YKL135C
YHR058C	YLR071C
YBL002W	YGR067C
YGL122C	YGL202W
YDR443C	YER022W
YBL010C	YPL018W
YDR142C	YDR188W
YLR449W	YNR051C
YNL209W	YOR196C
YMR186W	YNR051C
YJR066W	YML052W
YHR027C	YOR340C
YGL122C	YLR216C
YFR004W	YPL111W
YFR014C	YOR271C
YDL070W	YGL179C
YGL122C	YGR005C
YFR001W	YHR052W
YKL029C	YNR051C
YDL155W	YER107C
YDL065C	YDR244W
YDR113C	YJL164C
YFL050C	YJL164C
YNL255C	YOR042W
YBR182C	YKL062W
YHR197W	YPL211W
YFL031W	YGR252W
YDR381W	YPL227C
YCL011C	YIR010W
YJL057C	YOR162C
YBR160W	YPL115C
YBR207W	YOR316C
YBR031W	YOL061W
YDR002W	YFR004W
YGL122C	YGR274C
YGR289C	YPL240C
YDR497C	YPL058C
YJL001W	YPR054W
YDR293C	YHR135C
YFL009W	YKL159C
YBL032W	YOR372C
YDR510W	YPR183W
YDR101C	YLR449W
YMR186W	YOL029C
YKL160W	YOR039W
YDR092W	YHR115C
YGL122C	YHL009C
YJL187C	YKR079C
YAL036C	YGR250C
YDR064W	YMR242C
YNL069C	YOR117W
YDR100W	YLL048C
YMR109W	YNR016C
YDR386W	YLL039C
YLR264W	YNL255C
YDR383C	YJL057C
YIL010W	YPL031C
YMR054W	YOL018C
YDL156W	YPR161C
YHR161C	YIL122W
YDR335W	YFR002W
YDR425W	YGL198W
YDL123W	YHR094C
YDL025C	YPL240C
YGL122C	YKL192C
YGL122C	YJR056C
YJL140W	YOL120C
YLL039C	YMR303C
YBR207W	YJL178C
YGR148C	YHR197W
YDR188W	YNL209W
YGL122C	YNR059W
YGR085C	YIR010W
YBR036C	YGR284C
YBR217W	YGL105W
YHR135C	YJR092W
YBR160W	YKL023W
YKR001C	YMR033W
YJL141C	YOL133W
YCL027W	YPL038W
YGL122C	YJL166W
YFR002W	YKL068W
YGL122C	YKL138C
YBR139W	YLR166C
YAL025C	YDR510W
YBR274W	YPR124W
YIL077C	YJL187C
YGL076C	YNL132W
YER105C	YLR018C
YGL122C	YNR055C
YNL132W	YPR137W
YKL049C	YPL126W
YER162C	YHR165C
YFR004W	YLR192C
YKL211C	YPR010C
YHR052W	YOL077C
YHR135C	YMR153W
YBR173C	YNL255C
YGL011C	YOL146W
YOL090W	YOR323C
YBL103C	YOL108C
YKL079W	YPL203W
YDR381W	YGL237C
YBL032W	YER053C
YGL023C	YPL031C
YDR392W	YPL001W
YDR388W	YOL058W
YGR092W	YMR229C
YKL023W	YPR189W
YBL032W	YDR081C
YGL122C	YGR075C
YDL226C	YPR113W
YDL020C	YDR394W
YJL164C	YLR133W
YPL203W	YPR187W
YER005W	YNL044W
YNL124W	YPL240C
YOR145C	YPL263C
YGL161C	YOR357C
YGL122C	YGL187C
YBR189W	YDR130C
YLR074C	YLR397C
YDR293C	YGL122C
YIL062C	YMR109W
YJL164C	YKL166C
YBL007C	YBR150C
YAL028W	YFR014C
YBL045C	YMR059W
YFR004W	YLR351C
YGR070W	YLL039C
YBR194W	YER006W
YGL122C	YPR154W
YDR194C	YIR010W
YDL131W	YGL122C
YDR113C	YNL255C
YDR138W	YKL139W
YDR440W	YNL106C
YKL009W	YLR074C
YDR322C-A	YPR020W
YAR002W	YDR101C
YFR009W	YNL307C
YIR010W	YNR016C
YNL074C	YNL307C
YIR010W	YNL290W
YBL007C	YBL032W
YGL208W	YNR035C
YDR174W	YGL035C
YBL032W	YMR174C
YMR303C	YOL094C
YDR293C	YGL178W
YFL021W	YKL161C
YBL102W	YFL041W
YBL007C	YGL237C
YAL029C	YKL185W
YHR165C	YLL039C
YGR120C	YLL039C
YBL011W	YBR002C
YER122C	YML012W
YDR363W-A	YDR427W
YLR429W	YPR161C
YCR009C	YDR395W
YDR131C	YPL240C
YDL127W	YDR388W
YJL098W	YNL289W
YGL014W	YJL164C
YKL025C	YNL289W
YBL032W	YJL094C
YLR354C	YOR117W
YJL164C	YMR153W
YLL039C	YLL048C
YLL028W	YLR056W
YBL032W	YLR268W
YDR092W	YKL210W
YDL200C	YGR184C
YEL009C	YER022W
YNL186W	YPR137W
YJL014W	YKR036C
YAL027W	YNL106C
YMR203W	YNL055C
YIL075C	YLR421C
YOR063W	YOR253W
YGL066W	YPL254W
YBL052C	YBR274W
YDL143W	YGL116W
YJL138C	YNR051C
YBR274W	YPL203W
YER165W	YMR229C
YBL032W	YGR055W
YDR510W	YOR295W
YDR064W	YOR145C
YGR092W	YHR182W
YDR159W	YJL041W
YOL058W	YOR117W
YLR079W	YNL255C
YDR418W	YIR010W
YGR092W	YKL168C
YGL223C	YNL051W
YBR251W	YNL022C
YLR227C	YOL091W
YKR081C	YPL131W
YGL122C	YLR206W
YGL122C	YKR017C
YJL187C	YNR046W
YDR127W	YDR427W
YGL123W	YNL110C
YKR001C	YMR091C
YMR067C	YPL216W
YGR210C	YPL153C
YAL014C	YOR036W
YIL076W	YOR197W
YDR012W	YEL034W
YCL037C	YMR125W
YDR440W	YOR294W
YDR167W	YIR010W
YGL180W	YNL293W
YJL002C	YLR378C
YBL032W	YGL151W
YBR160W	YDL225W
YDR510W	YGL040C
YMR171C	YPL031C
YIL156W	YPL031C
YDR192C	YER107C
YDR057W	YLL039C
YDR132C	YHL009C
YDR363W-A	YOR209C
YLR153C	YOR133W
YLR262C	YMR235C
YMR309C	YOR284W
YER130C	YML051W
YBR225W	YNL154C
YGL011C	YJL088W
YMR236W	YNL255C
YDL191W	YPL037C
YKL028W	YNL255C
YDR225W	YLR247C
YDR200C	YPL130W
YMR207C	YNL255C
YDR427W	YPR108W
YBR017C	YMR241W
YBL011W	YFL033C
YCR011C	YGL098W
YBR081C	YPL254W
YER058W	YGL122C
YGL122C	YKL219W
YDL045C	YGL122C
YFL009W	YPL256C
YDR427W	YKL145W
YCR034W	YLL028W
YHR191C	YNL255C
YAL021C	YOR057W
YGR271W	YPL220W
YGL150C	YPL082C
YDR288W	YGL122C
YGL111W	YHR066W
YDR032C	YFR004W
YGR261C	YOR284W
YBR229C	YLL039C
YDR012W	YMR242C
YCL033C	YGL122C
YOR063W	YPL146C
YBL032W	YGL223C
YMR291W	YPL141C
YDR168W	YPL240C
YDR108W	YML069W
YDR322W	YOL027C
YJL164C	YKL093W
YCR034W	YLL006W
YGL017W	YPL090C
YDR322W	YOR150W
YFL049W	YGR275W
YGR005C	YPR052C
YBL105C	YBR166C
YOR043W	YPR030W
YGR229C	YMR294W
YNL255C	YOR115C
YLL039C	YML106W
YJR145C	YLR186W
YLR022C	YNL209W
YNL163C	YNL255C
YBR221C	YKL049C
YJR075W	YPL031C
YGL122C	YIL159W
YLR147C	YMR213W
YDR395W	YGR005C
YEL002C	YKL065C
YDR244W	YOL044W
YGR284C	YPL264C
YER165W	YLR432W
YBL007C	YIR033W
YBR079C	YOL087C
YBL032W	YGR056W
YBR082C	YKL210W
YDR070C	YFL017C
YGL122C	YMR098C
YBL039C	YPL031C
YOR117W	YOR341W
YOR061W	YOR267C
YBR194W	YPL235W
YBR261C	YLR098C
YGL122C	YJL081C
YDR251W	YPL031C
YDR532C	YLR031W
YGL129C	YKL003C
YML098W	YNR051C
YBR142W	YHR066W
YER029C	YGR075C
YDR211W	YGL122C
YGL016W	YKL058W
YLL023C	YNL044W
YEL051W	YGR120C
YDR240C	YER029C
YDL070W	YJL187C
YHR196W	YNL132W
YDR388W	YNL086W
YKR001C	YPR034W
YBR154C	YPR086W
YDL131W	YDL214C
YLR083C	YPL162C
YDR293C	YKR028W
YDR174W	YML012W
YER129W	YKL042W
YLR072W	YOR141C
YAL014C	YER133W
YDL029W	YHR027C
YHR027C	YKL145W
YFR004W	YLL026W
YGL122C	YKL045W
YBR031W	YJR145C
YCR061W	YLR138W
YGL180W	YML037C
YBL002W	YDL213C
YHR135C	YPL171C
YDR169C	YER090W
YGL045W	YGL122C
YJR068W	YLR432W
YDR380W	YIL027C
YCL011C	YJR123W
YER173W	YJR068W
YGL061C	YGR113W
YLR148W	YOL018C
YBL007C	YLR088W
YKL029C	YNR016C
YBR035C	YFR004W
YBL072C	YBR079C
YHR027C	YJR109C
YNL055C	YOL132W
YHR118C	YPL001W
YNL117W	YOL045W
YGL077C	YLR219W
YOL145C	YOR061W
YDL153C	YJR119C
YDR418W	YGL076C
YER022W	YHR058C
YNL255C	YPR137W
YHR114W	YPL246C
YBR114W	YMR226C
YNL032W	YNL093W
YDR174W	YNL255C
YML056C	YOR063W
YDR365C	YHR089C
YCR057C	YGL011C
YJL187C	YNL277W
YGL122C	YOR064C
YDR080W	YGL212W
YCR092C	YJL173C
YGR285C	YJR145C
YIL033C	YMR239C
YER103W	YOR039W
YJL041W	YMR047C
YDR168W	YFR004W
YNL307C	YPR089W
YDR107C	YMR070W
YKL145W	YMR264W
YKL065C	YLL028W
YMR077C	YPR173C
YNL044W	YNL263C
YGL122C	YMR174C
YKL159C	YMR139W
YER088C	YJL164C
YBL032W	YJL078C
YGL122C	YIL095W
YOR061W	YOR123C
YDR128W	YLR216C
YDR169C	YPL203W
YNL069C	YNL124W
YBR207W	YEL013W
YBR194W	YOL086C
YBR031W	YHR027C
YOR210W	YPL141C
YGL122C	YLR031W
YLL039C	YPL226W
YBR125C	YPL001W
YBL064C	YNR031C
YDR238C	YNR051C
YDR299W	YNR054C
YDR172W	YLR109W
YDR247W	YER133W
YBR011C	YNR051C
YLR113W	YNL330C
YJR050W	YNL255C
YHR111W	YPL070W
YHR135C	YLR192C
YDR395W	YER165W
YDR130C	YGL076C
YDR158W	YKL166C
YGL201C	YLR103C
YBL043W	YGL240W
YJL176C	YPR052C
YGR180C	YPL191C
YIR010W	YMR093W
YFL033C	YHR205W
YGL122C	YML061C
YGR214W	YOR197W
YEL046C	YPL249C
YGL122C	YGR141W
YGL122C	YNL122C
YDR510W	YLR028C
YBR261C	YHR112C
YDR227W	YER105C
YGL122C	YNL217W
YLR060W	YOR355W
YBR108W	YPR154W
YFL009W	YKL185W
YDR172W	YFR004W
YGL075C	YKL109W
YBL032W	YER162C
YGL122C	YNL118C
YBR036C	YEL063C
YBL039C	YLL039C
YDR510W	YLL019C
YDR101C	YHR197W
YGR215W	YKL003C
YGL122C	YLR147C
YDL002C	YGL122C
YGL122C	YNL268W
YKL049C	YLL026W
YFL054C	YPL031C
YLR018C	YPL031C
YDR397C	YPL082C
YFL013C	YIR010W
YIL118W	YNL271C
YHR197W	YOL120C
YCR020W-B	YML127W
YJL014W	YJL176C
YBL007C	YDL139C
YGL122C	YKL089W
YDR446W	YJL036W
YIL010W	YPL209C
YAL029C	YMR309C
YJR145C	YMR229C
YMR172W	YNL255C
YJL014W	YLR220W
YBL032W	YGL084C
YBR202W	YLL039C
YBL002W	YGR252W
YBL032W	YPR188C
YBR048W	YPL081W
YDR388W	YGR250C
YER133W	YOR294W
YHR190W	YML008C
YAL021C	YNL216W
YGL122C	YNL070W
YBR106W	YJL012C
YIR010W	YPL016W
YGR214W	YKL010C
YDR473C	YGR091W
YDR510W	YKR062W
YER022W	YLR071C
YGR072W	YLL039C
YER006W	YLL039C
YGL059W	YMR086W
YGL122C	YPR109W
YBR217W	YFR004W
YHR193C	YNL255C
YBR160W	YLL021W
YDR192C	YMR153W
YDR080W	YLR148W
YNL044W	YPL070W
YBL032W	YKL110C
YGL122C	YNL316C
YFR004W	YOR374W
YBR088C	YLL002W
YDR028C	YNL009W
YLR103C	YPR019W
YGL122C	YNL229C
YGL210W	YML086C
YEL062W	YOR138C
YGL122C	YOR265W
YBL032W	YBR173C
YNR051C	YPL249C-A
YDR381W	YNL255C
YFR004W	YNL010W
YBL032W	YDR186C
YBR169C	YFR014C
YDR172W	YPL106C
YDR335W	YFR014C
YDL100C	YLR268W
YJL099W	YPR080W
YHR179W	YLL039C
YBR264C	YLL039C
YKR081C	YMR242C
YKL049C	YLR384C
YBL032W	YLR425W
YDR188W	YLR075W
YCR087C-A	YIR010W
YDR156W	YOR341W
YOR042W	YOR181W
YBL032W	YCR061W
YIL153W	YNL201C
YJL066C	YMR203W
YFR015C	YPL219W
YGL161C	YGL212W
YDR171W	YOL083W
YIL042C	YJL098W
YDL082W	YDR418W
YDR418W	YFR004W
YGR111W	YHR135C
YGL178W	YHR114W
YDL020C	YDR363W-A
YGR156W	YPR107C
YGL122C	YOL146W
YDL192W	YFR004W
YHR135C	YNL304W
YGL240W	YNL025C
YBR031W	YNL069C
YCR034W	YDL054C
YDR471W	YNL112W
YCL024W	YGR021W
YBR106W	YHR133C
YJL039C	YPR080W
YBR107C	YOL054W
YLR147C	YMR240C
YGL070C	YJL140W
YDR324C	YHR196W
YBL032W	YOR210W
YBR036C	YMR306W
YDR356W	YPL180W
YHR135C	YOR056C
YHL025W	YIR010W
YBL034C	YGL122C
YDR322W	YLR439W
YGL122C	YOR228C
YML115C	YPL050C
YDR207C	YDR381W
YDR301W	YMR061W
YHR027C	YNL055C
YKR046C	YLL039C
YML001W	YOR370C
YAL063C	YBL032W
YDR064W	YDR418W
YNL093W	YOR132W
YDL082W	YOL127W
YBR106W	YHR027C
YGL122C	YNL263C
YJL189W	YOR229W
YBR112C	YDL005C
YBL061C	YGR214W
YBL105C	YBR160W
YJR104C	YKL095W
YJL048C	YLR368W
YGL122C	YNL115C
YDR388W	YHL008C
YHR089C	YLR196W
YGL179C	YJL084C
YAR003W	YBR160W
YBL043W	YGL075C
YBL032W	YDL138W
YDR324C	YDR365C
YIL093C	YNL255C
YDR246W	YDR407C
YLR131C	YNL161W
YEL009C	YPR034W
YKL166C	YOR068C
YBR160W	YER129W
YJL164C	YOR216C
YHR187W	YLR384C
YHL033C	YKL009W
YJL141C	YNR052C
YKL145W	YMR276W
YGL122C	YLR003C
YFR001W	YLR196W
YGR132C	YGR231C
YNL307C	YPR013C
YMR131C	YOR063W
YGL122C	YOR285W
YDL131W	YFR004W
YLR131C	YNL307C
YMR216C	YOL021C
YBR126C	YGR092W
YDL015C	YML085C
YGL179C	YKR079C
YDL200C	YHR033W
YDR159W	YMR047C
YJL187C	YOR078W
YFR004W	YMR315W
YNL255C	YPR037C
YGL122C	YPL257W
YDL029W	YIL095W
YGR250C	YLR216C
YGL059W	YJL164C
YGR135W	YLL039C
YGL122C	YLR356W
YGR250C	YJL057C
YBR189W	YGR214W
YDR365C	YKL015W
YDL100C	YOL044W
YMR093W	YOR145C
YDR051C	YNL255C
YBR011C	YJL098W
YGL129C	YNL306W
YIL125W	YMR242C
YGL070C	YHR143W-A
YJR092W	YLL039C
YGL076C	YNL255C
YGL179C	YOR251C
YDR462W	YLR439W
YNL229C	YPL240C
YGL066W	YPL047W
YHR069C	YOL021C
YDL134C	YML109W
YMR226C	YNL290W
YBR160W	YER075C
YFL037W	YJL014W
YNL118C	YOL151W
YEL013W	YPL180W
YEL002C	YLL028W
YDR129C	YJL138C
YKL009W	YOL120C
YML008C	YOR117W
YFR004W	YJR123W
YCR079W	YIL125W
YHR052W	YLR449W
YDR513W	YLL039C
YKR048C	YPL090C
YKL166C	YLR043C
YJR002W	YKL099C
YBR189W	YJR123W
YDR289C	YGL246C
YDR247W	YGR200C
YBL032W	YJL056C
YGL122C	YHR193C
YDR301W	YDR381W
YBL013W	YBR160W
YKR042W	YNL255C
YAR062W	YBL032W
YAL056W	YPL203W
YDL213C	YMR229C
YJL052W	YLR320W
YBR036C	YLR018C
YNL255C	YOR117W
YLL039C	YMR197C
YOL025W	YOL133W
YEL034W	YHR027C
YBL032W	YKL204W
YKL068W	YPR119W
YEL017C-A	YPL227C
YDL132W	YMR094W
YLR153C	YLR259C
YDR064W	YNL207W
YBL020W	YDR479C
YHR027C	YOL086C
YBL099W	YGR281W
YLL039C	YNR007C
YBR142W	YGR085C
YMR242C	YNL255C
YHR052W	YMR229C
YNL289W	YOR032C
YGL122C	YLR429W
YOL127W	YOR063W
YOL086C	YOL145C
YFL050C	YHR135C
YDL100C	YOL111C
YBR159W	YIR022W
YGR281W	YLL039C
YHR089C	YOR340C
YBR031W	YHR197W
YDR132C	YPL031C
YBL051C	YPL153C
YKL142W	YOL016C
YDR443C	YMR112C
YIL062C	YNL255C
YDR330W	YGL122C
YJR075W	YPL050C
YNL255C	YNR027W
YEL032W	YGL201C
YFL014W	YHR152W
YLL039C	YOL018C
YGL025C	YPR052C
YCL011C	YHR196W
YCR014C	YDR394W
YKL049C	YLR044C
YEL032W	YPR135W
YBR159W	YLR292C
YER133W	YOR063W
YBL032W	YGR156W
YKL068W	YPL125W
YGL076C	YOL041C
YIR010W	YNL215W
YER059W	YPL046C
YDR512C	YGL122C
YGL122C	YLR018C
YCR009C	YGL060W
YBL002W	YDR224C
YJR145C	YML056C
YGL066W	YMR223W
YLR277C	YLR429W
YBR214W	YLR079W
YGR184C	YLL039C
YBL032W	YMR305C
YJR072C	YNL289W
YDL098C	YLR147C
YBR108W	YPL004C
YGL122C	YKL028W
YHR081W	YHR089C
YDR100W	YPL218W
YFR001W	YKL009W
YHR083W	YNL092W
YDR233C	YLL039C
YNL255C	YPR173C
YMR180C	YNL154C
YIR010W	YJL081C
YFR014C	YLR274W
YDR312W	YJL187C
YDR510W	YMR083W
YIL095W	YML037C
YDL210W	YKL065C
YGL098W	YOL086C
YBR275C	YLR382C
YDR359C	YJR082C
YPL016W	YPR034W
YDR171W	YJR148W
YCR057C	YJR002W
YGL066W	YLL026W
YGL099W	YLR387C
YDR227W	YIL075C
YJL041W	YMR153W
YMR025W	YOL117W
YBL032W	YMR182C
YDR002W	YNL307C
YGR156W	YHL033C
YFR004W	YOR061W
YNL055C	YNR017W
YBR042C	YNL154C
YDR191W	YGL122C
YGL122C	YNL093W
YOL054W	YOR178C
YPL222W	YPL254W
YHR090C	YJR082C
YHL009C	YPL031C
YBL105C	YGL122C
YGL122C	YMR299C
YFR004W	YPL240C
YER006W	YNL110C
YLL039C	YMR250W
YHR114W	YNR016C
YDR297W	YEL002C
YCL037C	YDR293C
YHR104W	YNL154C
YLR003C	YPL209C
YAL028W	YIL095W
YDL165W	YML098W
YCL038C	YLL039C
YDR130C	YIR010W
YDR388W	YNL206C
YGL031C	YLL039C
YBR234C	YCR009C
YCR063W	YML049C
YDR471W	YNL178W
YBR079C	YNL178W
YBL032W	YNL329C
YML096W	YOR267C
YBL052C	YOR064C
YBR059C	YMR222C
YDL192W	YMR059W
YDR414C	YPL264C
YGL059W	YMR196W
YOL016C	YOR057W
YLR233C	YOR319W
YDR201W	YNL084C
Q0115	YGL122C
YJR006W	YOR080W
YDL132W	YDL155W
YBR160W	YDR439W
YHR208W	YJR148W
YDR064W	YGL122C
YLR455W	YOR294W
YBR017C	YMR047C
YDR188W	YGL116W
YML111W	YMR229C
YGL122C	YMR164C
YDL132W	YFL009W
YGL122C	YPL231W
YDL015C	YGR284C
YDR233C	YHR027C
YML001W	YPL240C
YBL032W	YDR460W
YDL123W	YGL122C
YGL122C	YLR227C
YJR049C	YPL026C
YCL027W	YIL159W
YJL164C	YOR092W
YKR081C	YPR161C
YLR196W	YPL126W
YER081W	YMR047C
YGL105W	YNL119W
YKR081C	YPR045C
YBR261C	YCL028W
YHR135C	YLR134W
YLR287C-A	YNL178W
YGL179C	YGR038W
YKL053C-A	YNL255C
YKL049C	YOR133W
YBL072C	YHR196W
YDR313C	YGL122C
YBL032W	YIL177C
YKL095W	YNL229C
YCR073W-A	YNL255C
YDL020C	YGL058W
YBR107C	YBR211C
YDL165W	YNR051C
YBR223C	YDR510W
YGL122C	YGL179C
YDL015C	YDL206W
YER057C	YFR004W
YNL279W	YOL108C
YDR356W	YFL037W
YDL025C	YMR216C
YBR196C	YHR027C
YLL039C	YPL240C
YGR055W	YPL004C
YIL155C	YLL039C
YNL161W	YOR353C
YFR001W	YIR010W
YER012W	YFR010W
YNL255C	YOR021C
YKL074C	YLR117C
YER043C	YKL161C
YHR169W	YNL178W
YBR160W	YNL278W
YNL263C	YOR357C
YER165W	YIR010W
YDR510W	YPR180W
YMR019W	YPL082C
YGL180W	YMR173W
YHR001W	YKR036C
YPL031C	YPR106W
YDR064W	YGR285C
YFL036W	YIR010W
YIL135C	YJL164C
YDR054C	YLR079W
YLL039C	YLR059C
YBL032W	YNL055C
YLL039C	YNL045W
YPL266W	YPR137W
YKR097W	YLL039C
YGL122C	YKR057W
YGR215W	YNL255C
YIR010W	YJR007W
YDR170C	YKR021W
YBR234C	YJR065C
YDR388W	YER049W
YCR057C	YOL077C
YMR125W	YMR240C
YHR135C	YJR001W
YHR027C	YML057W
YHR060W	YKL119C
YBL032W	YKR013W
YKL166C	YMR184W
YJR140C	YOR038C
YBL105C	YBR059C
YBL032W	YPR183W
YJR144W	YPR161C
YDR128W	YOR093C
YBL102W	YJL178C
YDR135C	YGL181W
YGR113W	YMR094W
YOR375C	YPL228W
YDL223C	YGL059W
YNL178W	YPL239W
YAR003W	YLL039C
YDL060W	YDL213C
YLL039C	YPL134C
YER029C	YJR084W
YLL019C	YOL041C
YJL141C	YLL001W
YDR510W	YOR189W
YBL038W	YMR024W
YGL122C	YOR062C
YDL153C	YKL035W
YJL138C	YPL125W
YKL003C	YOL027C
YKL059C	YPL008W
YFR037C	YMR186W
YBR031W	YBR048W
YDL201W	YNL255C
YLR138W	YNL255C
YDL213C	YNL186W
YFR004W	YNL183C
YNL093W	YOR370C
YFR009W	YJL189W
YNR051C	YOR361C
YGL122C	YMR229C
YDL153C	YMR117C
YGL122C	YHL043W
YDL082W	YHR052W
YBL032W	YGL036W
YDR011W	YLL039C
YBL002W	YLL039C
YDL160C	YGL173C
YNL110C	YPR143W
YHR027C	YLR432W
YDL153C	YIR010W
YBL099W	YDR322C-A
YIL108W	YLL039C
YFR014C	YJL189W
YOR080W	YPL211W
YFL026W	YOR212W
YLR292C	YNL003C
YKL142W	YOL059W
YDR018C	YGL122C
YGL122C	YGR029W
YHR027C	YML070W
YLL026W	YLR216C
YHR135C	YJR019C
YBR236C	YGL122C
YGR159C	YJL187C
YDL199C	YLL039C
YDL226C	YJL036W
YBL085W	YER081W
YBR080C	YDR427W
YDR064W	YLR075W
YJR065C	YLL039C
YBR160W	YDL070W
YBL032W	YMR203W
YCR057C	YGR085C
YNL255C	YOL077C
YDR044W	YDR077W
YKL007W	YOR181W
YGR277C	YNL255C
YBL102W	YHR027C
YBR283C	YML012W
YAR018C	YDL214C
YKL033W-A	YNL255C
YGL180W	YJR044C
YDR143C	YOL094C
YHR104W	YLL039C
YKL166C	YLR044C
YBR160W	YIR031C
YLL039C	YNL224C
YDR064W	YLR186W
YGR184C	YNL307C
YHR052W	YOR294W
YGL129C	YGR165W
YDL141W	YGL105W
YGL122C	YJR086W
YJR145C	YMR242C
YOR047C	YOR302W
YHL033C	YHR169W
YDL029W	YDL225W
YHR135C	YLR098C
YAL021C	YBR172C
YDR388W	YPR081C
YDL239C	YLR072W
YDR418W	YGR085C
YBR106W	YNL130C
YLR384C	YMR312W
YGL122C	YMR009W
YKR024C	YMR229C
YDR171W	YGL106W
YDR406W	YGL122C
YBL032W	YML108W
YIL121W	YOR153W
YER122C	YPL246C
YGR223C	YPL028W
YBR189W	YOR056C
YFR014C	YOR123C
YDR195W	YGR156W
YML012W	YMR123W
YAR062W	YNL255C
YDR138W	YLR432W
YBR059C	YDR312W
YBR202W	YMR048W
YBL032W	YFL026W
YGL122C	YKR009C
YBL032W	YDL039C
YEL017C-A	YOL018C
YAL032C	YMR125W
YNR051C	YPL106C
YIL075C	YOR259C
YDL043C	YMR117C
YJR123W	YNL069C
YMR033W	YPR034W
YOR192C	YPL240C
YLL039C	YOL076W
YGL240W	YPR187W
YHR182W	YJL164C
YLR383W	YOL034W
YBR283C	YOR254C
YMR229C	YOR056C
YJR121W	YNL004W
YHR008C	YOL016C
YGL016W	YGR180C
YBR002C	YPR113W
YER065C	YJR066W
YDR462W	YNL255C
YBL032W	YLR278C
YGL122C	YKL003C
YOL126C	YPL180W
YGL180W	YOR141C
YDR101C	YIL115C
YDR460W	YPL122C
YHR191C	YOL094C
YML106W	YOR117W
YLL039C	YLR028C
YBL032W	YOL019W
YML056C	YNR051C
YDR044W	YDR174W
YFL026W	YPL187W
YKL092C	YPL256C
YKR018C	YPL031C
YDR325W	YLR086W
YDR129C	YFR004W
YBL007C	YJL004C
YIL084C	YPL031C
YDR328C	YLR429W
YOR259C	YOR261C
YLL026W	YLL039C
YCL045C	YML051W
YDL157C	YGL122C
YDL015C	YJL002C
YHR204W	YNL312W
YDR014W	YGL122C
YOR210W	YOR341W
YMR128W	YNL132W
YHR182W	YPL031C
YDR028C	YNL289W
YGL016W	YOR185C
YGL122C	YMR061W
YBR231C	YJL187C
YBR159W	YJL123C
YDR130C	YPL226W
YGL173C	YLR398C
YBL002W	YML034W
YNL313C	YOR117W
YDR237W	YOR150W
YDR130C	YDR418W
YGL105W	YMR216C
YOL107W	YPL141C
YKR001C	YLR357W
YHR135C	YML037C
YFR004W	YMR189W
YGL233W	YNR049C
YHR196W	YLR186W
YLL039C	YLR258W
YKL210W	YML112W
YER178W	YIL042C
YHR114W	YNL084C
YDR392W	YGR274C
YDR052C	YPL153C
YBR159W	YCR011C
YEL032W	YPR019W
YCR063W	YKR086W
YGL210W	YOR070C
YIL075C	YOR117W
YBR154C	YIL021W
YER031C	YOL018C
YAL034W-A	YOL054W
YHR046C	YLL039C
YBR049C	YBR194W
YGL031C	YNR051C
YBL102W	YDL192W
YBR217W	YHR027C
YLR226W	YMR125W
YAL025C	YGL111W
YBR248C	YFR004W
YDR225W	YOL012C
YBR154C	YNL113W
YDL116W	YOL086C
YBL032W	YJR094C
YCL028W	YOL094C
YBR097W	YDR388W
YLR117C	YNL286W
YDR514C	YOL012C
TL(UAA)J	YPL007C
YGR281W	YML072C
YGL122C	YPR135W
YDR297W	YPL264C
YJL008C	YKL049C
YGL122C	YGR167W
YER059W	YLL039C
YDR237W	YMR024W
YER171W	YPR121W
YCR084C	YJL156C
YCR097W	YNL255C
YBR031W	YDR091C
YDR356W	YJR042W
YDR247W	YMR216C
YDR167W	YLR432W
YDR288W	YLR453C
YOR267C	YOR294W
YBR137W	YGL122C
YLR438C-A	YNL255C
YJR140C	YNL312W
YKL197C	YOL044W
YGL076C	YMR242C
YDL039C	YDL214C
YEL039C	YNL229C
YBL085W	YOL070C
YHR135C	YOR078W
YMR309C	YPR041W
YNL229C	YOL034W
YFR004W	YKR046C
YDR062W	YGR038W
YHR052W	YNL112W
YMR229C	YOL041C
YKL074C	YMR216C
YFL037W	YPR010C
YLL039C	YOR316C
YGR021W	YHR165C
YDR192C	YMR047C
YER029C	YMR240C
YBL032W	YML049C
YDL078C	YDR304C
YMR182C	YNL255C
YKR062W	YPR052C
YDR188W	YPL106C
YBR028C	YNR046W
YHR152W	YLR288C
YCR030C	YDR032C
YER147C	YLR432W
YGR153W	YJL187C
YMR125W	YNL330C
YKL141W	YOR065W
YHR027C	YOL058W
YBL032W	YJR066W
YGR281W	YLR332W
YBR160W	YML027W
YGL059W	YKL079W
YGR275W	YNL255C
YDR363W-A	YFR004W
YBL036C	YNL255C
YGL122C	YMR316W
YBL032W	YNR004W
YLL039C	YPL210C
YBR223C	YGL122C
YBR234C	YGL122C
YGL128C	YHR165C
YDR174W	YPR161C
YDR394W	YLR216C
YDR418W	YGL031C
YKL181W	YNL183C
YDL090C	YKR048C
YHR179W	YMR059W
YJL111W	YNL154C
YJR072C	YNL255C
YER091C	YJR093C
YGR005C	YPL125W
YHR156C	YHR165C
YER059W	YGR109C
YGL122C	YOL018C
YGR285C	YKR057W
YGL031C	YNL069C
YGL122C	YMR099C
YCL028W	YDR128W
YGL122C	YMR171C
YDL025C	YOR061W
YHL033C	YIR010W
YGR067C	YGR135W
YGL122C	YMR008C
YAL043C	YLR277C
YMR117C	YNL250W
YER043C	YHR135C
YER031C	YFR004W
YDL053C	YIR010W
YBR142W	YMR229C
YCR024C-A	YPL227C
YDR381W	YHR090C
YDR064W	YPL220W
YGL122C	YNL134C
YHR112C	YPL031C
YDR510W	YLR192C
YGL129C	YNL255C
YHR157W	YLR329W
YLR287C-A	YNL069C
YBR025C	YLR153C
YHR197W	YNL110C
YJL164C	YKL042W
YFR004W	YLL013C
YNL183C	YPL239W
YDR039C	YLR332W
YGR186W	YGR274C
YNL124W	YPL131W
YBL032W	YDR184C
YBR211C	YDR394W
YFL013C	YOR189W
YGR184C	YKL049C
YDR365C	YKR081C
YHL032C	YPL004C
YLR357W	YPL082C
YDL065C	YPL203W
YDR127W	YOR133W
YGR274C	YPL235W
YBR137W	YDR335W
YJL066C	YKL049C
YJL012C	YNL255C
YNL086W	YPR185W
YEL019C	YLR383W
YJL098W	YPR054W
YIR006C	YLL021W
YKR092C	YOL012C
YKR094C	YPL031C
YGL173C	YPR106W
YMR280C	YNL307C
YDR195W	YMR242C
YBR026C	YDR054C
YLR277C	YNL208W
YLL039C	YOL120C
YDR383C	YPL018W
YLR133W	YMR139W
YDR251W	YJL052W
YDR233C	YDR510W
YGL122C	YLL057C
YGR268C	YLL039C
YDR418W	YPL249C-A
YGR274C	YPL011C
YOR210W	YPL203W
YFR010W	YKL007W
YDR439W	YJL164C
YBL032W	YOL101C
YNL154C	YNR019W
YHR135C	YJL039C
YER171W	YIL053W
YDR427W	YMR276W
YDR378C	YER029C
YJR022W	YNL329C
YGR274C	YML098W
YJL084C	YMR139W
YGR056W	YMR091C
YER039C	YNL130C
YLR074C	YOL127W
YDR330W	YGR268C
YDR427W	YOR209C
YDL132W	YEL060C
YIR010W	YPR190C
YNR049C	YPL232W
YHR169W	YIL125W
YDR178W	YGL122C
YER131W	YLR333C
YLR264W	YNL207W
YCR024C-A	YDR414C
YEL046C	YLL039C
YFR004W	YMR186W
YGL122C	YGR148C
YGR056W	YMR033W
YGR029W	YKL195W
YKL195W	YLL018C-A
YNL255C	YPL131W
YGL105W	YNL021W
YEL009C	YPR025C
YMR229C	YNL284C
YFR004W	YNL209W
YOR294W	YPR045C
YAL021C	YGR134W
YGR284C	YHR039C
YGR270W	YLR455W
YGL122C	YPR187W
YGL122C	YOR295W
YNL178W	YNL255C
YGR250C	YGR281W
YBR052C	YCR004C
YMR276W	YOR117W
YBR049C	YPL106C
YDR381W	YJL141C
YJR001W	YNR075W
YDL203C	YLL039C
YBL105C	YOL083W
YGL122C	YNL113W
YAL047C	YNL224C
YCR065W	YPL240C
YMR236W	YOR128C
YBL088C	YLR453C
YGR154C	YHR135C
YDL101C	YPL269W
YBL052C	YGR270W
YEL013W	YMR197C
YDL128W	YGR295C
YBR160W	YGL124C
YDR394W	YJR109C
YGL237C	YOR358W
YHR027C	YKL010C
YJL173C	YML032C
YDL111C	YOL142W
YLR045C	YPL269W
YMR319C	YOR153W
YGL202W	YLL039C
YBR160W	YDR123C
YGR274C	YMR236W
YJR123W	YNL055C
YEL017W	YNL293W
YBL051C	YPL235W
YBR079C	YJL014W
YBR031W	YBR160W
YBR081C	YMR223W
YDL213C	YOL041C
YHR143W-A	YOR341W
YDL057W	YLR098C
YCR084C	YPR168W
YNL110C	YPL211W
YJR062C	YPL141C
YBL022C	YKL016C
YLR277C	YPL240C
YDR335W	YPR008W
YKL042W	YOL091W
YIL034C	YLR274W
YJR104C	YNL020C
YJL039C	YNL209W
YDL184C	YKR048C
YDR365C	YMR229C
YEL013W	YLL039C
YBR017C	YDR064W
YDL045W-A	YJR113C
YGL084C	YLL039C
YBR095C	YDR143C
YNL255C	YPL263C
YKL139W	YPL081W
YKR086W	YMR213W
YER069W	YPR046W
YKL023W	YKL166C
YBL039C	YJR123W
YBR160W	YNL161W
YJR112W	YKL089W
YDR058C	YML106W
YIL053W	YNR051C
YLR376C	YNL255C
YJL084C	YNL307C
YJR105W	YPL141C
YLL039C	YOR131C
YBR207W	YOL086C
YGL031C	YKL009W
YLL039C	YNL209W
YLR273C	YNL025C
YJR082C	YPL031C
YGL122C	YLR459W
YDR064W	YPL131W
YER072W	YGL122C
YML057W	YPL240C
YBR159W	YDR174W
YGR120C	YIL004C
YDR200C	YMR052W
YAL034W-A	YKL049C
YHR184W	YPL018W
YMR031C	YNL154C
YJR145C	YNR051C
YER115C	YML109W
YKR022C	YMR213W
YNL004W	YNL112W
YKL053C-A	YLR168C
YOR063W	YPR051W
YHR135C	YMR184W
YBR106W	YBR283C
YLL039C	YLR354C
YNL255C	YPR189W
YLL019C	YPL209C
YJL141C	YKL023W
YFL037W	YHR027C
YER165W	YIL123W
YDR212W	YKR036C
YIL167W	YPL240C
YJR002W	YNR054C
YHL025W	YMR043W
YKR003W	YPL240C
YGL122C	YLR079W
YFR014C	YPL146C
YHR069C	YNL251C
YDR293C	YNL201C
YDR173C	YMR043W
YGL122C	YIL077C
YML032C	YNL312W
YMR167W	YOR232W
YML001W	YNL263C
YIL159W	YMR109W
YNL044W	YNL093W
YDR101C	YGL099W
YFR004W	YKL029C
YBL102W	YGR068C
YLR003C	YNL255C
YOR181W	YPL106C
YEL030W	YLL039C
YBL032W	YPL051W
YCR004C	YHR027C
YDR330W	YNL154C
YDR212W	YGL208W
YDR510W	YNR021W
YDR012W	YOR063W
YLR116W	YPL105C
YGL031C	YNL124W
YGR159C	YNL124W
YDR510W	YGL150C
YNL255C	YPL240C
YGL237C	YJL081C
YER029C	YPL178W
YFR014C	YIL053W
YHR059W	YLR074C
YBR223C	YGL082W
YGL181W	YNL289W
YDL002C	YFL033C
YDR414C	YOR254C
YKR081C	YLR427W
YBR160W	YDR293C
YOR141C	YPL031C
YBL085W	YGL035C
YCL028W	YOR007C
YGL198W	YLR262C
YBR035C	YFL033C
YBR079C	YLR048W
YDR122W	YER133W
YBL032W	YJL091C
YDR046C	YIL005W
YGL122C	YHR114W
YGL122C	YLL014W
YGL122C	YJR104C
YDL105W	YEL019C
YER029C	YHR086W
YFR021W	YHR135C
YGR220C	YOR150W
YHR152W	YNL134C
YHL033C	YNL178W
YKL145W	YPL235W
YHR114W	YPR052C
YGL122C	YNL271C
YLR450W	YMR022W
YLR132C	YNL307C
YEL009C	YPR086W
YGL179C	YNL277W
YGL122C	YGR044C
YGL122C	YMR197C
YGL025C	YPL031C
YDR116C	YLR439W
YGR274C	YPL167C
YBL038W	YNL284C
YGL122C	YOR035C
YHR102W	YLR368W
YDR142C	YGR184C
YCL054W	YHR052W
YBL032W	YPL090C
YBL032W	YMR206W
YGL122C	YPR037C
YGL122C	YKR006C
YDL101C	YDR032C
YHR078W	YMR150C
YBR072W	YDR510W
YBL061C	YPL131W
YGR055W	YNL268W
YBL007C	YNL106C
YDR135C	YLR425W
YGL202W	YOR117W
YGR152C	YPL161C
YBR264C	YER136W
YGL122C	YGR241C
YBL032W	YPR043W
YBR217W	YJL138C
YFR001W	YPR143W
YDR170C	YJL091C
YAL034W-A	YHR135C
YDR224C	YKR048C
YGL122C	YNL259C
YBR160W	YPL209C
YGR274C	YKL201C
YDL192W	YGL122C
YNR051C	YOR267C
YIR010W	YML061C
YKR022C	YML106W
YEL017C-A	YLR083C
YNL178W	YOR056C
YDR363W-A	YFR010W
YDR510W	YJL138C
YBL007C	YBR234C
YML012W	YPL227C
YNR019W	YPL240C
YDR032C	YGL077C
YGL122C	YLR074C
YCR091W	YDL039C
YGL122C	YOR227W
YDL029W	YMR105C
YDR188W	YPL240C
YDR185C	YGL122C
YDL053C	YHR135C
YDL005C	YPR168W
YDR012W	YPL050C
YBL032W	YKR042W
YGL237C	YNL063W
YMR242C	YNR051C
YBR261C	YOR284W
YDR012W	YIR010W
YDR425W	YGL122C
YDR115W	YGL122C
YGR263C	YMR070W
YML035C	YPL070W
YJR002W	YMR229C
YDL060W	YPL090C
YEL030W	YJL138C
YHR114W	YNL154C
YNL112W	YNL186W
YBR154C	YGL070C
YDR397C	YGL122C
YBL032W	YGR057C
YDR510W	YER088C
YDL120W	YKL148C
YHR027C	YPL140C
YBL032W	YBR203W
YDR381W	YJR006W
YBR193C	YIL021W
YNL209W	YNL284C
YGL116W	YGR225W
YGR179C	YPR046W
YDL181W	YLL021W
YBR160W	YJL084C
YLL039C	YLR241W
YKR081C	YPL211W
YER178W	YFR004W
YJR002W	YMR093W
YKR048C	YOR032C
YKL160W	YLR219W
YLR060W	YNR051C
YLR196W	YOR267C
YGL077C	YHR094C
YGL009C	YOR117W
YBR160W	YIL122W
YDR314C	YLR429W
YBR194W	YGR132C
YDL082W	YLR075W
YDR378C	YMR221C
YBR172C	YGL122C
YAL027W	YML032C
YJR129C	YNL307C
YNL112W	YOR063W
YBR275C	YDL230W
YLL039C	YNL208W
YER090W	YKL211C
YFR008W	YPR046W
YGR268C	YLR206W
YKR048C	YOL012C
YGL178W	YNR052C
YBR154C	YPR190C
YEL005C	YNL086W
YJL111W	YOR117W
YDL201W	YNL154C
YMR109W	YNL025C
YAL032C	YKL095W
YHR135C	YNL125C
YFR004W	YOR251C
YMR201C	YNL255C
YBR142W	YLR398C
YHR156C	YJL187C
YBL079W	YMR153W
YLR332W	YLR371W
YHR027C	YOR181W
YGL122C	YOR292C
YCR082W	YGL122C
YNL130C	YNL336W
YCR020C-A	YIL119C
YGL202W	YPL106C
YDR192C	YER165W
YLR045C	YML085C
YDL213C	YJL138C
YDR130C	YML123C
YAL030W	YPL232W
YHL033C	YPR143W
YIL076W	YNL161W
YGL122C	YGL237C
YDR170C	YGR229C
YDR388W	YFR030W
YBR079C	YHR027C
YDR285W	YLR394W
YDR064W	YLR432W
YBR059C	YGL105W
YDR096W	YMR048W
YDR398W	YHR196W
YDL165W	YDR443C
YOL028C	YPL153C
YHR052W	YHR197W
YGR185C	YHR196W
YGR275W	YMR033W
YDR212W	YOR212W
YGR120C	YMR025W
YDR479C	YGL065C
YMR229C	YOR341W
YLR170C	YPL259C
YDL025C	YDR510W
YLR258W	YMR139W
YGL180W	YKL160W
YBR160W	YCL027W
YDL116W	YFR002W
YDL116W	YER116C
YLR117C	YMR213W
YLL039C	YLR134W
YEL054C	YGL099W
YDR238C	YFR004W
YIL075C	YJL001W
YDR139C	YJL047C
YDR398W	YLR336C
YLR075W	YPR161C
YDR196C	YNL255C
YDL070W	YDR381W
YDR439W	YML034W
YER022W	YGL070C
YBR160W	YDR130C
YBR031W	YDR418W
YDL002C	YGL150C
YGL111W	YKL009W
YDL227C	YLL013C
YDR317W	YGL122C
YMR117C	YOL034W
YDR471W	YMR242C
YFR001W	YNL110C
YGL106W	YLR356W
YJR032W	YMR186W
YKL166C	YPL203W
YEL017W	YFR014C
YDL133W	YNL255C
YBR011C	YJR062C
YBR169C	YNL127W
YDL165W	YGL122C
YKL007W	YLR429W
YLR330W	YMR010W
YOL012C	YPL127C
YDR062W	YMR296C
YDL065C	YKR001C
YEL034W	YNL209W
YGL060W	YGR179C
YKL042W	YNL225C
YNL104C	YPL031C
YEL030W	YNL161W
YHR190W	YLR056W
YGL090W	YLR265C
YDR381W	YMR229C
YBR048W	YGL076C
YBR048W	YMR229C
YMR128W	YPR137W
YBR081C	YEL009C
YKR081C	YPR143W
YKL065C	YOR254C
YAL028W	YBR160W
YNR047W	YOR353C
YDL052C	YML115C
YDR471W	YPL249C-A
YJR022W	YLR143W
YHR089C	YLL039C
YIL159W	YLR310C
YFR015C	YLR258W
YNL255C	YPL134C
YJL048C	YKL213C
YCR030C	YJL098W
YAL024C	YOR133W
YER103W	YNL124W
YDL099W	YHR135C
YGR135W	YJL001W
YBR079C	YLR199C
YBL032W	YNL278W
YGR187C	YNL255C
YLR153C	YPR080W
YKL049C	YML085C
YBR159W	YCL025C
YAL055W	YGR133W
YLR298C	YOR159C
YDR028C	YKL193C
YCL045C	YKL207W
YER043C	YHR027C
YDL088C	YLR018C
YDR510W	YFL013C
YIR010W	YPL081W
YIR011C	YKL145W
YER022W	YOL135C
YGL011C	YPL144W
YFR021W	YJL187C
YBL072C	YOR063W
YDR138W	YGL122C
YNR022C	YPL240C
YDR388W	YJL102W
YGL122C	YGL173C
YGL121C	YMR048W
YDR381W	YGR170W
YDL156W	YJL014W
YJR049C	YLL039C
YLL039C	YOR038C
YAL032C	YDL209C
YBL032W	YOR344C
YDR167W	YMR223W
YNL255C	YOL120C
YGR085C	YHR027C
YDR247W	YLR003C
YBR173C	YPL144W
YCL024W	YDL225W
YGL179C	YGR153W
YER154W	YFR014C
YCL024W	YPL031C
YJR065C	YMR028W
YBL032W	YBL085W
YAL062W	YCR009C
YBL032W	YMR136W
YJL039C	YMR047C
YDR312W	YGL122C
YDL025C	YHR009C
YFR004W	YML072C
YFR010W	YGL122C
YBR082C	YPL037C
YBL038W	YDR237W
YDL101C	YEL017W
YML072C	YPL220W
YIR010W	YLR321C
YHR115C	YLL039C
YIR010W	YOR038C
YLL039C	YMR033W
YOL086C	YOR056C
YOR187W	YPR052C
YJL006C	YMR041C
YGL122C	YJR022W
YFL005W	YNL255C
YDR064W	YMR093W
YDR425W	YJL164C
YDR174W	YDR510W
YDR339C	YGL122C
YFL013C	YGL122C
YDR224C	YKL049C
YKL049C	YPR108W
YDL153C	YPL026C
YCR004C	YDR032C
YDR510W	YKL060C
YCL037C	YJR145C
YFL021W	YPL240C
YDR390C	YPR180W
YMR117C	YOR358W
YBL085W	YBR102C
YGR270W	YKR001C
YMR154C	YOL016C
YCL056C	YDL157C
YDR101C	YHR052W
YLR075W	YNL124W
YGL031C	YPL249C-A
YGL122C	YGL215W
YDR158W	YFR004W
YGL045W	YOR253W
YGR152C	YJL014W
YMR042W	YMR043W
YEL062W	YKL048C
YBR059C	YGR135W
YKL023W	YKR092C
YGL122C	YIL052C
YKL074C	YMR240C
YGL122C	YLR205C
YNL112W	YNL209W
YDR363W-A	YIL075C
YNL175C	YNL255C
YHR027C	YKL210W
YDR480W	YJR003C
YGR124W	YHR027C
YDR178W	YPL132W
YFR009W	YPL235W
YEL009C	YPL031C
YBR145W	YGL122C
YIL095W	YLR460C
YDL078C	YPL209C
YPL031C	YPL106C
YBR154C	YKL144C
YML012W	YPL186C
YAL010C	YPL235W
YGL122C	YLR443W
YGL122C	YGR070W
YCL025C	YPR198W
YBR081C	YPL011C
YBR028C	YGL059W
YBL007C	YPL027W
YBR189W	YNL255C
YNL055C	YNL260C
YJL164C	YKL181W
YBR107C	YPL018W
YAL029C	YOL086C
YJR068W	YNL290W
YNL224C	YNL255C
YDR224C	YGL058W
YDR052C	YLR274W
YAL017W	YDL100C
YGL122C	YLR117C
YGL122C	YLR073C
YKL049C	YKL052C
YHR066W	YKR081C
YBR288C	YLL039C
YFR015C	YGL122C
YFR046C	YMR117C
YDR195W	YMR061W
YER075C	YLR113W
YDR330W	YDR510W
YER101C	YPL031C
YGL122C	YKL053C-A
YLL039C	YMR105C
YCR042C	YMR037C
YDR480W	YLR310C
YBR140C	YMR139W
YFL028C	YPL031C
YDR224C	YNL201C
YDL111C	YNL232W
YBR274W	YOR341W
YAL043C	YPR107C
YCR034W	YFL062W
YDR188W	YLR045C
YKL210W	YNL232W
YAR002W	YLR166C
YCL032W	YLR113W
YGL122C	YJL042W
YDR388W	YMR192W
YHR158C	YLL021W
YJR066W	YKL126W
YEL061C	YNR069C
YDR224C	YGL241W
YKL074C	YMR125W
YHL019C	YJL164C
YER136W	YML001W
YBL052C	YLR455W
YDR143C	YER009W
YCL056C	YOR037W
YEL046C	YFR004W
YBL032W	YEL009C
YDR516C	YGL122C
YKL058W	YPR086W
YJR091C	YPL159C
YJL057C	YMR192W
YFL017W-A	YHR165C
YBL032W	YNR031C
YDR485C	YOL012C
YDR510W	YNL015W
YDL101C	YMR105C
YER182W	YGL122C
YIR010W	YNL232W
YAL029C	YOR035C
YBL020W	YGL011C
YBR079C	YJL140W
YIR010W	YMR033W
YCL028W	YNL025C
YCR057C	YGL122C
YFR014C	YIL052C
YDR211W	YNL265C
YBL032W	YKL201C
YHR135C	YLR244C
YDR103W	YDR335W
YDR388W	YOR181W
YDR471W	YFR014C
YBL032W	YPL004C
YBL072C	YDR328C
YBR237W	YHR059W
YGR261C	YLR429W
YKL166C	YPL232W
YDR238C	YGR037C
YBL032W	YLR414C
YDR207C	YOR304W
YER038C	YGL122C
YDR439W	YIR010W
YCR057C	YMR143W
YHL020C	YLL039C
YKL185W	YNL330C
YGL050W	YNL255C
YLR377C	YOR141C
YIR010W	YPL209C
YLL001W	YML085C
YNL069C	YOR063W
YBL103C	YFR021W
YBR177C	YLL039C
YDR328C	YLR224W
YCR091W	YML037C
YBL002W	YGR275W
YBR081C	YPL047W
YKL049C	YLR357W
YKL010C	YLL039C
YKL028W	YLL039C
YDR388W	YHR185C
YBR031W	YIR010W
YDR328C	YIL053W
YMR229C	YMR242C
YDR480W	YPL256C
YML081C-A	YPR020W
YBR025C	YOL090W
YER005W	YGL122C
YGL180W	YHR090C
YCR042C	YJR093C
YBL032W	YDL127W
YJR121W	YNL313C
YMR131C	YNL255C
YDR479C	YMR024W
YGL122C	YPR080W
YHR027C	YLL039C
YAL043C	YOR063W
YDR315C	YGL122C
YOR117W	YPL028W
YIL084C	YPL082C
YFL013C	YOR141C
YLL013C	YLL039C
YKL108W	YLR354C
YOR056C	YPL266W
YGL058W	YGR184C
YGR194C	YNL265C
YGL122C	YNR049C
YNL255C	YOR357C
YFL026W	YGL206C
YBL102W	YLR453C
YBL032W	YOR107W
YJL138C	YOL045W
YHR027C	YIL053W
YGL179C	YKR092C
YDR174W	YLR429W
YDR224C	YJL006C
YBR194W	YML049C
YBR241C	YLL039C
YOR254C	YPL264C
YDR510W	YJR007W
YDR085C	YDR381W
YBL032W	YGL225W
YER043C	YNR051C
YAL024C	YHR158C
YGR241C	YIR006C
YKL166C	YNL093W
YAL034W-A	YPL125W
YMR025W	YNR052C
YDR256C	YJL006C
YER081W	YGL122C
YDR365C	YOR294W
YBR142W	YMR242C
YEL020W-A	YHR005C-A
YGL059W	YGR266W
YDR497C	YML072C
YFR036W	YGL116W
YMR024W	YNL255C
YHR137W	YLL039C
YER040W	YPL153C
YBR203W	YKR048C
YMR048W	YOL154W
YGL122C	YML086C
YGL014W	YNR052C
YHR135C	YKL079W
YHR089C	YPL127C
YHL033C	YOR117W
YFR004W	YKR018C
YEL054C	YER012W
YHR111W	YIL008W
YDL199C	YGL122C
YLR117C	YMR240C
YDL226C	YJL151C
YGL031C	YGR085C
YDR224C	YKL139W
YDR212W	YGL116W
YLL039C	YNL149C
YGL122C	YHR156C
YCR036W	YGL122C
YDR073W	YMR033W
YCL037C	YDR510W
YFR022W	YPL153C
YKR080W	YLL039C
YGL059W	YNL263C
YDL067C	YHR051W
YLR083C	YMR010W
YLR090W	YPR189W
YGL122C	YMR037C
YGL061C	YKR048C
YDL132W	YER012W
YDR402C	YGL122C
YDL002C	YNL215W
YAL017W	YDL153C
YDR381W	YHR193C
YDR224C	YER012W
YBR179C	YDR470C
YJL151C	YLL039C
YDR510W	YOL034W
YKL145W	YOR123C
YLR406C	YNL255C
YML098W	YMR227C
YPL127C	YPR052C
YAL014C	YLL039C
YGR223C	YJL164C
YBL032W	YNL154C
YIR010W	YNL112W
YER043C	YOR117W
YEL002C	YMR264W
YER006W	YNL255C
YNL178W	YPL082C
YJR138W	YNL016W
YIL075C	YJL057C
YNL207W	YPL081W
YBR028C	YHR135C
YJL187C	YKR092C
YBR038W	YNL307C
YGL122C	YMR100W
YDL239C	YLR098C
YDL044C	YDR400W
YBR059C	YFR004W
YDL155W	YIL115C
YNL110C	YNL255C
YBL032W	YCL027W
YHR027C	YOR317W
YJL151C	YML097C
YBL105C	YCL027W
YBR216C	YLL039C
YBR274W	YGR200C
YDL088C	YER107C
YOR141C	YPL082C
YFR004W	YOR294W
YGL180W	YMR316W
YFR037C	YLR321C
YJR138W	YPL240C
YDR138W	YDR381W
YJL128C	YNL053W
YGL059W	YJR001W
YBL002W	YOL012C
YBR202W	YPR019W
YLL021W	YLR147C
YGR158C	YHR069C
YER032W	YHR152W
YDR039C	YJR066W
YER034W	YGL180W
YDR183W	YPL026C
YJR056C	YPL018W
YBR102C	YPR055W
YMR229C	YNR051C
YHR027C	YLR044C
YLL039C	YPR109W
YGL122C	YKR003W
YJR092W	YKL157W
YDR100W	YER101C
YCR057C	YNL075W
YFR004W	YJR072C
YIL033C	YPL031C
YKL181W	YMR291W
YLR310C	YMR084W
YIL052C	YLL039C
YPL082C	YPR086W
YBL064C	YLR318W
YDR510W	YLL021W
YJL162C	YNL154C
YEL039C	YFR004W
YDR035W	YOR230W
YGL180W	YPL146C
YDR150W	YPL153C
YBL032W	YDL025C
YDL223C	YHR135C
YBR189W	YCL011C
YJL164C	YPL201C
YBL032W	YIL011W
YBR112C	YLL039C
YPL227C	YPL264C
YKR001C	YPL082C
YHL008C	YLL039C
YDR194C	YNL175C
YDR012W	YPR143W
YKL110C	YLR384C
YDR383C	YGR179C
YGL122C	YPL147W
YLR321C	YPR034W
YBL002W	YPR190C
YGL216W	YMR233W
YHR161C	YPL077C
YGL111W	YOL077C
YDL153C	YHR135C
YDL155W	YLR131C
YBR088C	YOL090W
YML001W	YPL031C
YDR168W	YLR113W
YDR224C	YPL047W
YOL082W	YPL135W
YIL131C	YNL229C
YLR048W	YNL124W
YGL122C	YNL284C
YBR059C	YER144C
YGL076C	YLR074C
YBR106W	YDL128W
YIR006C	YNL020C
YBL085W	YDL155W
YNL055C	YNR051C
YGL122C	YKL032C
YLR129W	YPR137W
YBR018C	YER123W
YOL016C	YPR013C
YDR381W	YNL112W
YGR167W	YLR170C
YBL102W	YOR036W
YDR129C	YOR181W
YBR031W	YLL039C
YNL161W	YNL255C
YAL032C	YGR270W
YHR135C	YML096W
YJL098W	YPL180W
YOL145C	YOR123C
YBR237W	YDR073W
YDR170C	YOR061W
YGL076C	YHR052W
YDR394W	YOL094C
YLL039C	YNL313C
YBL032W	YGR227W
YDR129C	YDR388W
YBR193C	YPR168W
YGR075C	YHR165C
YDR159W	YMR125W
YDR171W	YGL122C
YER089C	YPL031C
YGR092W	YOL012C
YIL093C	YNL306W
YDR418W	YNL110C
YDL175C	YNL251C
YDL066W	YNL207W
YBR261C	YLR245C
YGR214W	YNL297C
YAL043C	YCR042C
YDR497C	YLL039C
YKL142W	YNL210W
YNL097C	YNL154C
YML051W	YOR197W
YKR048C	YOR230W
YDR496C	YGL076C
YAL047C	YDR439W
YLL039C	YMR059W
YER012W	YGL096W
YGL111W	YOR267C
YLR377C	YMR186W
YCL028W	YNR051C
YBR087W	YMR031C
YJL153C	YML086C
YMR217W	YNR051C
YLR398C	YNL255C
YDR247W	YIL156W
YHR086W	YLR298C
YDR159W	YDR427W
YGR258C	YPL141C
YBL032W	YMR319C
YDL001W	YIL095W
YDR108W	YDR246W
YDR028C	YLR028C
YPL226W	YPR080W
YHR165C	YKR022C
YDL029W	YJL153C
YGR007W	YNL255C
YHR135C	YPL240C
YJL164C	YPL123C
YHR135C	YNL025C
YBR017C	YKR046C
YCR084C	YKL181W
YDR510W	YGL076C
YHR197W	YMR242C
YIL135C	YPL026C
YER004W	YIR010W
YFR014C	YJR072C
YNL255C	YNL290W
YGL122C	YMR212C
YBL067C	YNL255C
YGR113W	YKL052C
YBR036C	YGL122C
YGR156W	YMR061W
YDR100W	YDR238C
YAL032C	YNL229C
YBL085W	YDR480W
YDR510W	YIL053W
YLL039C	YLR220W
YCR032W	YOL057W
YLR429W	YMR229C
YML027W	YMR043W
YDR375C	YMR203W
YKL006C-A	YLR268W
YER162C	YGL150C
YPL026C	YPR013C
YDL065C	YJL057C
YDL143W	YNL255C
YPL031C	YPR139C
YHR066W	YLR075W
YER089C	YIL033C
YDR388W	YPR161C
YCL028W	YPR168W
YGL122C	YPL009C
YER072W	YFL004W
YLR438C-A	YOR159C
YNL132W	YPL081W
YIL115C	YJL041W
YER171W	YML085C
YDL060W	YER006W
YGR187C	YOR133W
YDR381W	YGL122C
YBL032W	YMR312W
YKL126W	YPR041W
YHR135C	YKR022C
YHR186C	YPL180W
YNL138W	YOR087W
YBL086C	YLR045C
YDR381W	YJL125C
YEL034W	YHR135C
YCL028W	YGL025C
YIR006C	YNL084C
YIL075C	YLL039C
YBL002W	YGL150C
YDL239C	YMR117C
YAL027W	YPL004C
YMR295C	YNL154C
YLR216C	YNR032W
YGL122C	YGR143W
YGR167W	YNR031C
YJR082C	YPL106C
YHR158C	YJL187C
YJL164C	YPL023C
YGL122C	YKL148C
YDR127W	YKL211C
YIL095W	YOR093C
YML085C	YMR296C
YER072W	YPL019C
YDL226C	YLL039C
YNL178W	YPL131W
YDL100C	YJL153C
YBR160W	YGR186W
YNL255C	YPL266W
YIL021W	YLR071C
YBR086C	YGL180W
YNL154C	YOR295W
YFR002W	YGR120C
YNL112W	YNR051C
YDR195W	YJR093C
YER105C	YGL201C
YOR361C	YPL051W
YHR027C	YPL226W
YBR079C	YOR039W
YDR129C	YJR066W
YLR153C	YPL106C
YBR025C	YOL142W
YBR106W	YKL008C
YJL125C	YJR066W
YLR310C	YMR139W
YGL122C	YNR056C
YDL154W	YLR394W
YBR097W	YFL053W
YIL135C	YNL307C
YHR133C	YJL187C
YBL032W	YBR225W
YDL043C	YDR240C
YAR002W	YDR159W
YIL131C	YOR039W
YCL037C	YLR369W
YAL025C	YNL110C
YLR432W	YPL220W
YBR054W	YNL048W
YJL164C	YLR265C
YGL123W	YHR027C
YHL024W	YJL164C
YLL021W	YNL271C
YDR365C	YNL178W
YDR237W	YNL284C
YBR280C	YEL060C
YDL025C	YOR294W
YBR031W	YKL166C
YDR395W	YJL041W
YAL027W	YPL146C
YBL010C	YNL255C
YNL099C	YOR294W
YDR391C	YGL122C
YDR388W	YGL181W
YHR169W	YMR105C
YLR109W	YOL059W
YMR128W	YOR078W
YBR095C	YMR159C
YER165W	YGR159C
YLL039C	YMR008C
YLL001W	YNL118C
YDR111C	YER147C
YDR174W	YKR001C
YDR381W	YPR045C
YBR211C	YPL018W
YMR037C	YPL082C
YGL122C	YIR035C
YGL082W	YGL122C
YGL122C	YKR049C
YDR439W	YKR010C
YGR200C	YMR312W
YDR510W	YLR117C
YDL209C	YMR213W
YGL173C	YPL004C
YER049W	YMR047C
YDR188W	YOR229W
YPL106C	YPL231W
YGL077C	YPL004C
YJL164C	YMR319C
YIR037W	YPL031C
YKL074C	YLR357W
YKR028W	YLL039C
YDR386W	YKR081C
YOR035C	YPL240C
YFL049W	YNR023W
YBR087W	YIR010W
YDR051C	YGL122C
YGL122C	YGL241W
YLR113W	YOR061W
YDR224C	YKR001C
YGL122C	YIR037W
YBR222C	YFR004W
YGL122C	YHR136C
YBL032W	YDL206W
YGL067W	YJL164C
YGL111W	YHR052W
YML123C	YNR075W
YDR380W	YIL034C
YNL044W	YOL018C
YFR004W	YMR099C
YBR017C	YEL051W
YDR510W	YGR124W
YBR154C	YLR200W
YCL004W	YOL028C
YNR016C	YPL004C
YJL176C	YNL255C
YJL137C	YLR258W
YGL122C	YLR327C
YBL075C	YLL039C
YDR427W	YIL075C
YGL146C	YPR137W
YGL122C	YGR230W
YCR010C	YFL055W
YBR160W	YKL161C
YBL032W	YDL210W
YJR066W	YKR097W
YHR027C	YNL183C
YDR171W	YOL147C
YML113W	YNL255C
YBR054W	YGL122C
YDR510W	YNL178W
YGL180W	YPR091C
YDR359C	YLR113W
YFR004W	YFR037C
YER022W	YGL025C
YMR186W	YPL146C
YPL106C	YPL240C
YEL051W	YNL255C
YGL167C	YPL235W
YBL032W	YOR190W
YGL124C	YLR148W
YEL063C	YHR133C
YLR333C	YNL255C
YHL024W	YPL031C
YGL223C	YJL036W
YDR224C	YGL122C
YMR112C	YOL135C
YCR036W	YFR004W
YDL101C	YJL111W
YDL110C	YKL015W
YGL031C	YGR214W
YBL032W	YLR056W
YBR031W	YGL031C
YFR010W	YLR429W
YDL213C	YHR089C
YFR010W	YGL141W
YBL032W	YNL053W
YDL005C	YIL021W
YLR432W	YOL115W
YLL039C	YLR429W
YDR038C	YJR066W
YBR054W	YDR381W
YDL060W	YOR145C
YFR037C	YLL026W
YIL052C	YNR051C
YDR207C	YNL307C
YDR064W	YPL249C-A
YIL095W	YPL131W
YGL122C	YOL101C
YIR035C	YPL001W
YLR079W	YLR361C
YGR200C	YPL101W
YBL099W	YIR010W
YCL028W	YIL066C
YBL075C	YNL124W
YBR025C	YNR051C
YNL178W	YOL120C
YAL028W	YNL307C
YEL065W	YLL039C
YJR019C	YLL039C
YJR066W	YNL138W
YDR510W	YFR001W
YDR510W	YKR036C
YCL027W	YNL271C
YGR268C	YOR124C
YJL014W	YOR281C
YMR153W	YPL018W
YGR237C	YIL154C
YHR081W	YNL232W
YGL122C	YNR045W
YDL192W	YJL151C
YDR510W	YLR394W
YBR193C	YGL025C
YJR050W	YKR086W
YJL036W	YLL039C
YDR510W	YLR383W
YBR049C	YKR001C
YIR010W	YPR187W
YGL035C	YMR139W
YLR449W	YOL012C
YEL064C	YGL212W
YNL255C	YOR095C
YDR394W	YMR216C
YEL023C	YML109W
YGL122C	YLR163C
YBL072C	YLL039C
YNL069C	YNR051C
YGL122C	YGR283C
YGR275W	YNR023W
YKL095W	YLR117C
YKL065C	YLR018C
YMR117C	YPR145W
YDL203C	YLR371W
YBR043C	YPL058C
YJR105W	YNL106C
YMR242C	YOL077C
YNL271C	YOR188W
YLR262C	YOR370C
YGR120C	YNL051W
YBR087W	YER173W
YHR196W	YPL266W
YER105C	YER107C
YER089C	YOR230W
YNL069C	YOL120C
YGL124C	YPL240C
YDR322W	YDR462W
YGL122C	YGR215W
YGL122C	YGR135W
YDR142C	YDR244W
YHR199C	YLR427W
YGL035C	YHR165C
YGL225W	YIR033W
YDR496C	YNL175C
YFR004W	YGR186W
YFL033C	YGL122C
YBR031W	YNL255C
YKR018C	YNR029C
YDR381W	YGL099W
YBR237W	YMR125W
YBR160W	YNL186W
YDR127W	YJL008C
YAL024C	YNL098C
YGR283C	YHR089C
YDR116C	YDR237W
YGL122C	YKL195W
YLL039C	YML100W
YBR081C	YLL039C
YLR226W	YML032C
YGL122C	YIL153W
YGL105W	YHR135C
YER029C	YML049C
YBL085W	YOL019W
YLL026W	YOL094C
YDR035W	YFR004W
YNL022C	YNL255C
YAR050W	YBL032W
YDL213C	YOR210W
YDL128W	YPR124W
YNL113W	YOR340C
YER122C	YPL141C
YMR186W	YNL127W
YDR064W	YPL090C
YFL004W	YLL039C
YGR270W	YPL082C
YDR064W	YDR130C
YFR004W	YPR010C
YOR191W	YPL269W
YER006W	YOL120C
YKL028W	YMR075W
YBL032W	YLR194C
YER101C	YMR071C
YLL039C	YPL079W
YGL122C	YLR265C
YHR066W	YIR010W
YGL106W	YOR249C
YBR152W	YNL255C
YNL255C	YOR111W
YGL180W	YGR159C
YBR107C	YDR383C
YER012W	YER103W
YDR116C	YMR024W
YDR299W	YLR186W
YFL045C	YLL039C
YKL010C	YOR259C
YJL047C	YPL216W
YGL105W	YMR059W
YBL007C	YGL201C
YER031C	YOR036W
YJL057C	YNL112W
YBL085W	YNL025C
YDR032C	YKR003W
YDR177W	YGR229C
YGR252W	YMR227C
YJR123W	YMR093W
YBR059C	YLL039C
YBL032W	YMR180C
YBL032W	YML054C
YIL125W	YMR235C
YGL122C	YML054C
YMR143W	YNL255C
YBL032W	YLR073C
YMR167W	YOL090W
YNL201C	YOL016C
YKR048C	YLR330W
YHR090C	YNL154C
YOR340C	YPR010C
YDR300C	YNL255C
YGL122C	YLR432W
YGL076C	YPL220W
YBL002W	YOR304W
YIL074C	YJL164C
YGR229C	YNL238W
YMR022W	YNL255C
YJL178C	YPL246C
YDR293C	YLR022C
YDR128W	YHR033W
YDR167W	YGR274C
YNL154C	YPR013C
YDL131W	YPL031C
YDR247W	YGL122C
YEL023C	YJL052W
YGR092W	YOR317W
YGR268C	YOR138C
YDL155W	YHR033W
YDR200C	YML123C
YGL122C	YOR215C
YJL164C	YNL167C
YAL001C	YDL078C
YBR031W	YDR012W
YBL032W	YBR007C
YHR102W	YJL008C
YDR122W	YNL161W
YBL032W	YDR143C
YMR091C	YPL082C
YDR479C	YNL263C
YIL129C	YNL161W
YDR378C	YLR053C
YJR065C	YOR181W
YJR032W	YPL240C
YGL206C	YGR167W
YER123W	YMR036C
YDL100C	YML101C
YBR193C	YER012W
YBL032W	YHR182W
YDR224C	YLR074C
YLR333C	YPL004C
YKR081C	YMR123W
YGL180W	YGL208W
YCL028W	YOL135C
YBL032W	YGL219C
YGL122C	YGR295C
YBR283C	YGL051W
YBL007C	YKL049C
YBR217W	YFR030W
YNL029C	YPR041W
YBR079C	YLL039C
YDR414C	YGL122C
YDR028C	YNL209W
YDR328C	YOL025W
YGL122C	YMR233W
YDL199C	YOR037W
YNL255C	YPL090C
YKL009W	YPL220W
YDR002W	YOR117W
YGR055W	YLR326W
YBR217W	YDL029W
YBL002W	YNL255C
YKL145W	YLR048W
YFR004W	YPL218W
YBL061C	YGL180W
YLR147C	YML049C
YBR049C	YOR340C
YKR014C	YNL263C
YBL072C	YDR324C
YMR109W	YNR059W
YJR050W	YKL095W
YGR186W	YNL124W
YER006W	YOL127W
YGL237C	YNR031C
YDR159W	YFR002W
YJR154W	YPL001W
YBR199W	YPL240C
YBR085W	YER171W
YER165W	YLL013C
YJL164C	YNL045W
YOR123C	YPL141C
YDR244W	YLL039C
YHL033C	YLR075W
YDR510W	YPL235W
YKL009W	YNL255C
YBR211C	YGL122C
YGL056C	YLR332W
YJR145C	YLR432W
YDR064W	YDR510W
YBL032W	YIR006C
YER029C	YMR125W
YLR421C	YPR108W
YDL226C	YGL198W
YFR004W	YNR001C
YER031C	YNL263C
YGR285C	YLR336C
YMR275C	YNL183C
YBR159W	YJL219W
YBL032W	YMR154C
YBR036C	YBR161W
YDR054C	YKR009C
YGR181W	YKL195W
YBR208C	YDR328C
YBL052C	YGL122C
YBR159W	YDL210W
YLR007W	YLR383W
YBR159W	YBR183W
YGL059W	YPL240C
YFR004W	YKL112W
YCR030C	YOL016C
YBR159W	YJL222W
YBR275C	YOL012C
YDR032C	YPL106C
YGR252W	YLR333C
YGL122C	YKL059C
YIL084C	YJL036W
YDL111C	YGR158C
YLR439W	YOL027C
YIL131C	YIR010W
YPL031C	YPR188C
YGL242C	YKL035W
YAL034W-A	YPL018W
YMR112C	YPL082C
YAL032C	YDR510W
YGL122C	YJR126C
YDR240C	YHR086W
YBL064C	YGL122C
YBR042C	YLR170C
YGR214W	YPL235W
YNL208W	YNL255C
YCR063W	YER165W
YGR261C	YJL024C
YBR194W	YMR246W
YHR165C	YML051W
YBR018C	YKL108W
YCR042C	YGR274C
YBR079C	YLR192C
YLL039C	YLR421C
YGL122C	YOR281C
YBL099W	YJR121W
YGL122C	YOR028C
YHR094C	YJL012C
YHR196W	YJR002W
YDR388W	YOR047C
YGL122C	YMR035W
YMR223W	YPL254W
YDL213C	YDR224C
YER040W	YJR066W
YBR237W	YGL181W
YDR100W	YMR024W
YBR031W	YER012W
YBL032W	YPL184C
YKL135C	YLR170C
YDR456W	YIL171W
YDR395W	YOL070C
YBL007C	YJL151C
YDR108W	YDR407C
YGL066W	YGL122C
YBR079C	YBR194W
YBL069W	YNL161W
YBL032W	YJL213W
YBR275C	YNL216W
YGR187C	YLL039C
YDR030C	YGL122C
YIL004C	YPL218W
YDR085C	YGL122C
YDR386W	YHR143W-A
YDR381W	YER103W
YKL009W	YKR081C
YLL039C	YOL016C
YOL108C	YOR344C
YAL056W	YKL166C
YBL007C	YNL020C
YDL116W	YJL039C
YCR020W-B	YOL070C
YNL022C	YPL026C
YBL032W	YMR109W
YHR114W	YPL277C
YGR055W	YLL039C
YLL039C	YML123C
YMR212C	YOR181W
YDR016C	YNL255C
YOL028C	YPR046W
YGR085C	YOR294W
YJL191W	YJR123W
YJL176C	YNR023W
YGL031C	YOR063W
YGL122C	YJL209W
YDR188W	YJL014W
YIL076W	YLR259C
YDR046C	YGL122C
YGR158C	YJR022W
YGR223C	YMR109W
YGL122C	YLL039C
YBL032W	YNL016W
YJR068W	YJR109C
YBL032W	YHR036W
YDR064W	YNL255C
YFR011C	YNL113W
YGL123W	YMR086W
YHR052W	YNL110C
YIR010W	YOR361C
YBL032W	YPL253C
YDR394W	YIL007C
YDR159W	YJR042W
YBR058C	YLR377C
YLR022C	YNL163C
YDL082W	YJR145C
YGL122C	YJR068W
YJL001W	YKL145W
YDR408C	YLL039C
YER006W	YPL131W
YBR112C	YIL021W
YBR254C	YPL235W
YDL130W-A	YGL122C
YBR126C	YFR004W
YCL011C	YNL112W
YHL006C	YLR376C
YJL187C	YLL028W
YLR109W	YMR022W
YFR004W	YKL211C
YGL179C	YLR257W
YGL122C	YOL145C
YDR388W	YIL033C
YDL082W	YEL054C
YGR252W	YKL060C
YDL002C	YLR357W
YLL039C	YMR235C
YDR172W	YPR119W
YBR194W	YLR072W
YDL153C	YNL280C
YBL007C	YDL214C
YDR212W	YNR051C
YGR092W	YKR022C
YDL143W	YOL016C
YDR299W	YPL126W
YBR159W	YKR106W
YGL077C	YLL039C
YLR408C	YNL086W
YEL054C	YHR052W
YGL059W	YLL038C
YFR014C	YGL143C
YHR114W	YIR023W
YGR252W	YMR319C
YDR224C	YPL082C
YJL128C	YOL016C
YIR006C	YJR065C
YDR012W	YLR398C
YDR062W	YML085C
YBL032W	YGL014W
YGR284C	YLL023C
YBR231C	YPL235W
YJL006C	YKL091C
YDR135C	YGL122C
YDR091C	YPL220W
YLL039C	YOR337W
YCR030C	YIR010W
YHR197W	YLR074C
YBR160W	YKL042W
YDR225W	YPR190C
YGR252W	YPL047W
YDR328C	YMR291W
YBL103C	YJL176C
YFR004W	YNL059C
YLL039C	YPL026C
YKL065C	YPR198W
YAL032C	YHR161C
YLR109W	YNR051C
YHR111W	YIR010W
YER031C	YER133W
YBR211C	YPL031C
YJL141C	YOR056C
YBR048W	YLR287C-A
YKL049C	YMR212C
YMR184W	YPL203W
YNL097C	YPR023C
YLR258W	YPL219W
YLR371W	YNL289W
YBR086C	YOR267C
YBR048W	YJR123W
YBR274W	YKL181W
YDR002W	YKR048C
YDR418W	YNL178W
YDL066W	YNR051C
YFR021W	YLR094C
YGL122C	YOR038C
YBR262C	YGL122C
YBR223C	YLR429W
YDL002C	YOR189W
YFR004W	YPR131C
YKL093W	YPL203W
YJL138C	YMR059W
YGL128C	YML049C
YDR510W	YGR005C
YHR080C	YPL240C
YGL059W	YKR092C
YBL032W	YNL036W
YGR099W	YKL068W
YNL255C	YOR286W
YGL122C	YJL100W
YNR035C	YOR181W
YER029C	YGL122C
YBR072W	YJL047C
YJL164C	YOL018C
YPL031C	YPR025C
YDL181W	YGL106W
YGL122C	YNL099C
YGL206C	YKR021W
YBR160W	YNL225C
YOL120C	YPR041W
YHR197W	YPL146C
YGR270W	YLR449W
YFL049W	YMR033W
YLL039C	YNL229C
YLR129W	YOR145C
YDR237W	YNL255C
YGR275W	YMR091C
YIL021W	YPL178W
YKL023W	YNL255C
YBL075C	YIL004C
YBR031W	YLR287C-A
YGL106W	YOR035C
YDR159W	YER107C
YLL039C	YNR016C
YGL122C	YNL206C
YDR335W	YFL037W
YKL142W	YKL157W
YLR449W	YMR242C
YDL139C	YMR109W
YBR031W	YJR123W
YMR173W	YPL031C
YCL025C	YDR276C
YMR004W	YOR047C
YDR096W	YDR227W
YDR166C	YLR166C
YJR002W	YML093W
YFL003C	YGL122C
YGL201C	YPR019W
YDR479C	YHR008C
YCR009C	YJR066W
YDL088C	YGL122C
YMR223W	YMR236W
YLL039C	YOL073C
YGL122C	YML009C
YHR027C	YMR091C
YHR089C	YNL112W
YPL126W	YPR137W
YDR368W	YGL122C
YMR117C	YPL016W
YBR126C	YJL138C
YBR031W	YOL127W
YJL187C	YMR186W
YBR194W	YKL145W
YGR092W	YNL125C
YER133W	YKL059C
YBR106W	YDR510W
YKL042W	YOR373W
YGL198W	YJL036W
YGL179C	YNL186W
YDR086C	YNL255C
YIR010W	YOR109W
YDL100C	YNL149C
YHR135C	YJL166W
YIR010W	YLR287C-A
YJL138C	YJR007W
YIL125W	YNL069C
YOL086C	YOR117W
YGL122C	YNL201C
YCR042C	YLR277C
YNL113W	YOR341W
YMR235C	YNL255C
YGL150C	YIR010W
YLR166C	YMR186W
YDL101C	YKL025C
YDL088C	YER105C
YDL074C	YGL122C
YNL201C	YOR047C
YDR201W	YGL122C
YOL133W	YPL036W
YDR497C	YLR332W
YKL213C	YNL255C
YDL082W	YOL077C
YDR293C	YPL153C
YHR001W	YKL212W
YAL027W	YOR294W
YDR224C	YDR510W
YER133W	YKL049C
YDR356W	YML085C
YAL025C	YGL122C
YHR186C	YNL183C
YFL004W	YGL122C
YCR091W	YGR223C
YGL122C	YJL038C
YGR270W	YMR091C
YDR323C	YOR036W
YJL070C	YPL031C
YBL007C	YFL010C
YBL032W	YLL067C
YKR071C	YMR216C
YGR237C	YKR081C
YEL027W	YLL039C
YNL330C	YPR023C
YDR173C	YMR042W
YAL034W-A	YJR112W
YFL021W	YJR066W
YBR154C	YDR045C
YMR125W	YPR161C
YEL009C	YML098W
YDR365C	YNR051C
YBL039C	YPL090C
YKL135C	YKR021W
YDR299W	YNL132W
YDR173C	YNL255C
YBR142W	YLL019C
YKL049C	YPL018W
YBR211C	YDR383C
YBR042C	YER081W
YBR082C	YDR244W
YBL025W	YGL122C
YHR152W	YOR358W
YGL122C	YGR271W
YFR010W	YMR136W
YDR256C	YNR031C
YGL122C	YKR076W
YEL009C	YGL122C
YDR188W	YKL016C
YBR234C	YDR388W
YBR059C	YGR021W
YNL059C	YOR141C
YIL153W	YLR258W
YHR111W	YNL119W
YDR381W	YLR115W
YKL049C	YMR246W
YFL054C	YGL122C
YDL015C	YLR259C
YBR106W	YGR289C
YAR033W	YPR198W
YNR051C	YPL028W
YGL122C	YIL101C
YGR111W	YPL031C
YDL029W	YOR181W
YNL255C	YOL071W
YDR064W	YMR128W
YBR173C	YKL145W
YBR248C	YNL255C
YLR310C	YPR023C
YOR357C	YPL246C
YDR394W	YHR027C
YNL110C	YOL127W
YDL191W	YHR197W
YHR152W	YIL053W
YLR330W	YPL220W
YDR356W	YGL122C
YBR108W	YGL180W
YBR052C	YGL077C
YDL025C	YDR132C
YIL076W	YNR051C
YNL075W	YNL110C
YGL174W	YMR213W
YBR217W	YPL149W
YGR223C	YLR377C
YIR037W	YML086C
YKL100C	YMR170C
YEL009C	YNR023W
YDR496C	YKR081C
YNR051C	YPL184C
YBR202W	YGL122C
YBR142W	YKL166C
YDR123C	YPR086W
YJR068W	YNL255C
YBR251W	YOR243C
YBL032W	YIL122W
YCL050C	YLL039C
YDL101C	YER173W
YBR160W	YIL135C
YHR185C	YKL166C
YGL122C	YOL058W
YER165W	YMR125W
YDR135C	YOR039W
YGL122C	YIL034C
YMR036C	YNL307C
YEL002C	YML012W
YDL116W	YPR080W
YML049C	YPL178W
YGL246C	YMR242C
YAL030W	YBL050W
YGR252W	YKL193C
YJR123W	YPL090C
YBR106W	YPL189W
YDL044C	YMR257C
YEL022W	YKR030W
YJR134C	YLR262C
YER132C	YOL108C
YIR010W	YKL089W
YOL016C	YPL031C
YLR060W	YPR106W
YMR093W	YNL132W
YER006W	YLR449W
YHR169W	YOR063W
YLR332W	YOL105C
YIR034C	YLR354C
YNL251C	YPL178W
YHR165C	YPL178W
YFR010W	YFR014C
YBR194W	YJL176C
YGL051W	YIL095W
YER133W	YLL039C
YJR119C	YKL210W
YHL033C	YLL039C
YHR161C	YIL095W
YBR172C	YKL074C
YKL091C	YNL154C
YKL139W	YPL077C
YOR210W	YOR340C
YLL066C	YNL255C
YLL039C	YPL269W
YDR414C	YFL041W
YDR090C	YLL039C
YDR101C	YJL041W
YDL025C	YOL041C
YNL178W	YOL076W
YJR002W	YPL081W
YHL024W	YHR135C
YIR010W	YMR246W
YKR048C	YPL220W
YAL036C	YIR010W
YHR114W	YOR181W
YHR118C	YKR081C
YML008C	YMR059W
YDR364C	YKR086W
YMR235C	YPL141C
YLR310C	YNL229C
YBR085W	YGL167C
YBR152W	YGR091W
YGL122C	YJR133W
YDR364C	YKL095W
YGR185C	YPR106W
YLL039C	YOR117W
YKL062W	YMR172W
YDR172W	YLL026W
YDR070C	YGL122C
YNL255C	YPL079W
YDR510W	YPR034W
YDR267C	YHR044C
YKL211C	YMR186W
YBR221C	YIR010W
YLR268W	YPL232W
YJL159W	YML085C
YBL032W	YGR041W
YLL039C	YOR209C
YDR510W	YLR259C
YDR383C	YPR046W
YBR082C	YLL039C
YHR027C	YML086C
YGL051W	YNL307C
YBR222C	YKL185W
YBR207W	YFL041W
YDR365C	YOR063W
YNL329C	YOL044W
YEL009C	YHR143W-A
YJL191W	YOR063W
YGL059W	YOR002W
YBR126C	YFL033C
YGL122C	YLL026W
YAL062W	YDR388W
YER012W	YLL039C
YDR188W	YOR281C
YER105C	YGL122C
YDL213C	YDR194C
YDR510W	YLR455W
YIR010W	YPL131W
YLR113W	YLR138W
YHR089C	YOR341W
YGL122C	YPL256C
YMR216C	YNL004W
YEL002C	YHR039C
YDR207C	YOL082W
YDL029W	YNR051C
YDL170W	YLL039C
YIL075C	YNL075W
YDR388W	YGL122C
YBR036C	YPL264C
YGL122C	YOL012C
YFR004W	YLR355C
YGL095C	YGL122C
YDR101C	YDR192C
YDR328C	YKR014C
YBL007C	YDL146W
YDR390C	YPL106C
YBR108W	YHR114W
YBL038W	YJR138W
YNL255C	YOR232W
YGL122C	YGR165W
YCL054W	YOR080W
YBR011C	YHR027C
YGR091W	YMR240C
YBR106W	YDR508C
YNR064C	YPL031C
YBR160W	YKL043W
YBR025C	YNL154C
YLR371W	YPL031C
YBR138C	YGR223C
YGR055W	YML072C
YBR159W	YDR046C
YHR027C	YHR193C
YLR417W	YPL240C
YBR102C	YJL085W
YHR027C	YHR208W
YHL024W	YHR205W
YDR497C	YNL217W
YDL043C	YKL074C
YEL013W	YER123W
YEL027W	YLR034C
YGL013C	YPL016W
YIR022W	YNL255C
YBL032W	YGR150C
YLR031W	YMR117C
YCR009C	YJR032W
YGL212W	YPL246C
YFR004W	YGL076C
YDR359C	YDR510W
YAL032C	YDL043C
YKL009W	YOR267C
YBR079C	YKL049C
YMR125W	YNL255C
YEL030W	YJR062C
YCR030C	YOL054W
YBR046C	YNL255C
YGL122C	YPL144W
YDL191W	YGL122C
YKL095W	YKR048C
YJL004C	YLR241W
YBR080C	YGL122C
YGL122C	YGL154C
YHR186C	YLR377C
YGL037C	YGL116W
YDR213W	YHR165C
YGL106W	YNL255C
YAL017W	YNR047W
YCL011C	YNL255C
YNL251C	YPR187W
YGL105W	YGL122C
YDR167W	YGL122C
YEL054C	YOR063W
YFR046C	YPL016W
YBR142W	YJR145C
YDR363W-A	YHR027C
YBR189W	YCR057C
YMR276W	YNL268W
YDR452W	YKL028W
YFR010W	YHR135C
YGL122C	YPL005W
YIL007C	YOR117W
YCL054W	YFR001W
YGL009C	YPL028W
YBR088C	YDR510W
YBR172C	YLR116W
YDR101C	YGL031C
YGL122C	YPL018W
YBL032W	YNL124W
YBR036C	YPL227C
YBR108W	YPL141C
YGR266W	YLL039C
YDR496C	YMR229C
YGL150C	YNL059C
YBL060W	YBR159W
YBL032W	YMR002W
YHR135C	YMR173W
YBL045C	YNL118C
YBL086C	YNL154C
YDR414C	YJL004C
YBL002W	YOL087C
YIL037C	YMR059W
YJR105W	YOR117W
YHR115C	YNL289W
YDR510W	YMR219W
YGL122C	YNL127W
YER166W	YLL039C
YDR510W	YPL228W
YBR006W	YGL122C
YDR301W	YPL240C
YBR048W	YNR051C
YBR261C	YDR032C
YGL056C	YJL187C
YHR052W	YNL227C
YPR080W	YPR107C
YBL105C	YJL002C
YFL003C	YLR394W
YER184C	YGL122C
YBL032W	YJL212C
YHR128W	YML085C
YLR377C	YNL214W
YDR357C	YGL122C
YLR321C	YPL082C
YLL039C	YNL117W
YFL009W	YOR057W
YGL246C	YHL033C
YFR010W	YOR117W
YBR082C	YKL034W
YBR173C	YJL001W
YOR197W	YPL131W
YDL029W	YIL066C
YDL225W	YDR188W
YLL039C	YNL255C
YDR030C	YDR188W
YJL098W	YOR061W
YNL255C	YPL211W
YBR059C	YNL104C
YHR001W	YPL058C
YAL027W	YDR174W
YBL014C	YHR135C
YFR010W	YOR261C
YGR270W	YOR039W
YER115C	YLR310C
YAL025C	YNL255C
YBR183W	YOR254C
YFL037W	YGL122C
YHR027C	YIL075C
YGL043W	YLR113W
YNL255C	YPL028W
YIL084C	YPR023C
YDR012W	YNL110C
YGR144W	YPL031C
YER012W	YHR033W
YLL026W	YPR173C
YBR086C	YNL154C
YER144C	YOR157C
YLR129W	YNL255C
YMR004W	YPL209C
YDR188W	YFR009W
YDL082W	YDR012W
YDR394W	YDR427W
YBR203W	YDR328C
YDL132W	YDR139C
YCL045C	YLL039C
YLR071C	YPR168W
YDR462W	YOR150W
YGL122C	YMR178W
YLR270W	YPL245W
YKL161C	YPL140C
YDL120W	YPR004C
YGL122C	YOR189W
YDR323C	YLR148W
YIL101C	YNL330C
YGL011C	YGL122C
YER131W	YPR161C
YCR087C-A	YDR398W
YKR084C	YLL039C
YGL111W	YPL131W
YIR010W	YMR117C
YNR052C	YPL037C
YIL052C	YNL255C
YBR183W	YDR276C
YLR196W	YLR233C
YJR091C	YMR067C
YBR194W	YMR213W
YDL029W	YOR212W
YDR301W	YGR156W
YBL032W	YGR058W
YKR097W	YPL180W
YGL122C	YHR187W
YMR242C	YNL110C
YER006W	YFR004W
YGL123W	YIR010W
YIL053W	YJL173C
YFR004W	YOR259C
YNL118C	YNL145W
YDR381W	YER171W
YNL045W	YPL031C
YJL138C	YMR186W
YLL039C	YMR309C
YGL122C	YLL002W
YGL077C	YLL028W
YLL039C	YPL232W
YDR062W	YLL039C
YFR014C	YKR009C
YER099C	YLL039C
YBL032W	YDR485C
YKR001C	YNL059C
YBR059C	YFR014C
YIL177C	YKL049C
YDR388W	YNL138W
YBL032W	YGL215W
YBR169C	YGL122C
YKL065C	YLL039C
YBL052C	YOL012C
YBR160W	YDR227W
YDR330W	YGL180W
YHR114W	YJL151C
YNL207W	YOR039W
YBR106W	YFL025C
YOL147C	YPR128C
YJL057C	YMR276W
YGL122C	YHR182W
YDR225W	YJL081C
YAL028W	YLR292C
YBR048W	YDR365C
YJR002W	YPL126W
YKL053C-A	YLR193C
YGR158C	YNL232W
YBR058C	YMR309C
YHR152W	YKL211C
YGL122C	YMR186W
YGL131C	YNL127W
YOR063W	YPL220W
YDR312W	YHR052W
YBR059C	YKR006C
YBL032W	YNR070W
YDL080C	YGR196C
YGR210C	YJL164C
YMR229C	YNL154C
YDR166C	YGL233W
YCR057C	YDR365C
YIL093C	YLR074C
YDR171W	YPL106C
YDR470C	YGL122C
YDR240C	YLR147C
YKL049C	YNL290W
YML049C	YMR240C
YDR330W	YKR094C
YCR007C	YCR061W
YGR124W	YLR196W
YBR072W	YDR213W
YDL227C	YPL125W
YEL061C	YGR135W
YOL094C	YOR144C
YDL082W	YOR063W
YBL032W	YLR080W
YLR403W	YPL180W
YDL082W	YNL255C
YIL156W	YOR181W
YGL122C	YNL075W
YBR159W	YDL015C
YKR092C	YLR429W
YDL213C	YFR032C
YDR091C	YLR192C
YDR091C	YNL112W
YGL122C	YJL159W
YBL038W	YKR006C
YBR234C	YNL138W
YER173W	YOL094C
YJL099W	YLR330W
YDL155W	YMR036C
YLR337C	YOR181W
YBR160W	YKL211C
YMR112C	YPR168W
YCL037C	YKL139W
YBR072W	YNL255C
YCL045C	YGL122C
YBL032W	YKL062W
YBR160W	YDR356W
YOL045W	YPL077C
YLR310C	YNL307C
YFL062W	YMR306W
YGL122C	YOL127W
YOL082W	YPL141C
YFL011W	YJL222W
YGL128C	YKR022C
YGR180C	YKL168C
YJL008C	YLL039C
YDR002W	YGL122C
YDR211W	YPR010C
YOL127W	YPL249C-A
YBL032W	YKL215C
YER012W	YJL132W
YBL038W	YDR462W
YBL034C	YMR117C
YMR074C	YNL255C
YDR328C	YJL187C
YMR024W	YOR150W
YDR032C	YML072C
YLR321C	YLR357W
YCR075C	YPL246C
YBR125C	YGL206C
YEL058W	YFR004W
YBL032W	YGL160W
YGL237C	YHR052W
YDR328C	YOL117W
YCR079W	YJL138C
YGL180W	YOR119C
YDR428C	YGL122C
YGL122C	YOL044W
YGL122C	YPR023C
YBR189W	YPL081W
YBR234C	YIR006C
YDR388W	YFR010W
YGR284C	YGR289C
YBR234C	YNL106C
YBR081C	YMR227C
YMR143W	YNL132W
YDL155W	YFL009W
YLR147C	YLR298C
YNL069C	YPL220W
YBL032W	YPL163C
YBR194W	YPR091C
YGL053W	YGR177C
YMR139W	YMR291W
YER022W	YGR005C
YCL037C	YKR048C
YAL028W	YCR091W
YGL122C	YLR297W
YLR377C	YOL126C
YKL139W	YMR242C
YKR080W	YPL026C
YDR322C-A	YLL039C
YFR004W	YHR104W
YDL160C	YNR051C
YHR197W	YOL041C
YDL131W	YDR143C
YKL010C	YPL259C
YGR116W	YOR061W
YDR032C	YGR281W
YKL179C	YOR216C
YER012W	YKL145W
YPL153C	YPR013C
YKL049C	YMR207C
YKL142W	YNL161W
YHR137W	YPL031C
YDR086C	YGL122C
YLR333C	YNR051C
YFL013C	YPL240C
YDR032C	YKL108W
YDL074C	YPL141C
YER012W	YOR261C
YDR143C	YJL052W
YHR135C	YJR104C
YDR479C	YGR149W
YDR328C	YLR368W
YBR234C	YIL095W
YLR131C	YNL254C
YLR071C	YPR187W
YIL053W	YPL031C
YBR234C	YNR035C
YPL090C	YPR025C
YDR304C	YGL122C
YIL112W	YJL164C
YHR118C	YPL008W
YAL056W	YBR140C
YBL032W	YKL093W
YBR159W	YDR508C
YKL065C	YPL264C
YGR092W	YIL135C
YLR113W	YPL240C
YEL009C	YHR090C
YGL098W	YGL122C
YLL019C	YNL004W
YLR072W	YNL307C
YGL122C	YIL139C
YDR510W	YML070W
YGL122C	YHR179W
YOL021C	YPL031C
YGL122C	YML012W
YGL180W	YKL048C
YBR183W	YDR039C
YBR025C	YNL255C
YJR093C	YMR061W
YBR182C	YNL167C
YGL122C	YOR090C
YHR052W	YOL041C
YFR004W	YPL131W
YBL036C	YMR319C
YDR131C	YOL133W
YDR462W	YOL027C
YMR109W	YPL038W
YNL055C	YOL087C
YAL017W	YCL027W
YER133W	YIR010W
YGL122C	YLR244C
YGR284C	YOL132W
YKR035W-A	YPR173C
YDR481C	YGL122C
YAL028W	YDL239C
YKL095W	YPL037C
YDR032C	YPL058C
YEL013W	YPR185W
YBR193C	YCL028W
YGL122C	YNL194C
YFL011W	YPL240C
YLR153C	YNR051C
YDL082W	YPR041W
YCL027W	YNL291C
YGL122C	YOL117W
YDR208W	YOR181W
YCR034W	YJL219W
YHR135C	YPR143W
YDR130C	YER165W
YIR037W	YKL028W
YER186C	YGL122C
YHR156C	YOR181W
YER186C	YNL255C
YJL186W	YOL018C
YDR510W	YJL008C
YDR188W	YHR027C
YEL041W	YHR115C
YJL002C	YOR085W
YEL034W	YOR063W
YDR394W	YLR421C
YDL019C	YOR181W
YGL122C	YOR369C
YJL057C	YJR032W
YDR188W	YKL204W
YHR027C	YKL127W
YJL138C	YNL255C
YHR135C	YKL042W
YML079W	YNL255C
YGL122C	YNR069C
YKR080W	YLR147C
YBR234C	YMR105C
YNL225C	YOR373W
YJL213W	YNL255C
YBR036C	YLL048C
YDR158W	YLL039C
YGL237C	YIL053W
YBL102W	YBR241C
YBR160W	YFR004W
YLR333C	YNL132W
YDR247W	YPR010C
YOR039W	YOR287C
YIR010W	YOR304W
YGL122C	YJR084W
YGL180W	YOL070C
YHR193C	YIR010W
YJL128C	YLR113W
YBL007C	YJL191W
YBR198C	YMR236W
YEL027W	YKL065C
YBR048W	YOR063W
YOR210W	YPR187W
YGL167C	YGR231C
YMR192W	YPR154W
YBR254C	YEL048C
YBR154C	YNL251C
YBR198C	YKL058W
YGR068C	YGR080W
YHR027C	YLR355C
YGL166W	YNL255C
YDL098C	YER029C
YGL076C	YIL125W
YBR054W	YBR159W
YNL207W	YOR145C
YGL179C	YOL072W
YLR427W	YNL132W
YNR052C	YPR046W
YDR100W	YGR223C
YER040W	YGL167C
YKL168C	YNL307C
YGR056W	YOR319W
YDR392W	YMR223W
YBL075C	YNL209W
YJR112W	YMR198W
YCL032W	YIL118W
YJL146W	YPL203W
YJR042W	YLR371W
YDR388W	YGL060W
YNL265C	YNR006W
YDR510W	YGL206C
YER162C	YLL039C
YBL032W	YHR152W
YAL028W	YJL187C
YBL032W	YLL048C
YML012W	YPL246C
YBR198C	YCR042C
YBR105C	YMR061W
YHL020C	YOL108C
YDR139C	YGR003W
YDR257C	YLL039C
YDR427W	YGL016W
YDL052C	YJL151C
YGL151W	YHR058C
YEL047C	YMR091C
YER170W	YJL141C
YNL255C	YPL108W
YMR233W	YNL154C
YBL038W	YDR116C
YBL101C	YNL225C
YDR128W	YNL307C
YBR106W	YJR124C
YFR004W	YOR109W
YLR320W	YNL055C
YDL070W	YHR135C
YBL032W	YMR276W
YGL122C	YHR087W
YBR088C	YDR419W
YDR163W	YMR213W
YGR056W	YNL307C
YNL255C	YOL133W
YGR165W	YNR036C
YBR048W	YNL255C
YGR215W	YNL306W
YDR132C	YDR395W
YPL050C	YPR154W
YGR120C	YPR185W
YKL142W	YNL255C
YBR159W	YOL132W
YCR084C	YNL021W
YNR054C	YPL240C
YDR062W	YEL022W
YJL068C	YLR354C
YLR429W	YOL012C
YIR010W	YPR046W
YGL198W	YOR132W
YMR017W	YOR036W
YKL042W	YNL053W
YBL051C	YDL165W
YKL144C	YNL113W
YDL153C	YNL154C
YJR121W	YKL016C
YDL170W	YGL122C
YIL001W	YOL133W
YDR394W	YGR092W
YDL111C	YJR022W
YOL091W	YPL018W
YIL008W	YNL119W
YBR225W	YLR310C
YGL122C	YOR092W
YDL184C	YNL118C
YDL029W	YGL016W
YHR052W	YIR010W
YJL141C	YMR295C
YDR212W	YLL039C
YKL109W	YMR117C
YBR274W	YDR113C
YGL059W	YKL008C
YCR009C	YPR161C
YGL059W	YIL135C
YJL187C	YNL206C
YOR063W	YPL226W
YMR172W	YOR061W
YGL145W	YOL086C
YEL009C	YGL025C
YOR210W	YPR010C
YJL014W	YJL111W
YBL072C	YOL127W
YDL100C	YHR027C
YGL167C	YNL055C
YCR009C	YPL249C-A
YDR496C	YKL185W
YJL052W	YOR117W
YNL216W	YPR052C
YDR195W	YER133W
YMR236W	YPL101W
YDR328C	YNL255C
YDR086C	YEL002C
YGL122C	YHR199C
YDR183W	YGL122C
YKL166C	YOL016C
YLR192C	YPL209C
YHR143W-A	YPL203W
YER115C	YGL122C
YGR167W	YNL183C
YBL045C	YOR065W
YDL101C	YKR097W
YGL246C	YLR075W
YDR143C	YOL117W
YBL039C	YDR388W
YGL106W	YMR071C
YBL032W	YFL021W
YHR090C	YJL081C
YMR238W	YNL307C
YHL025W	YPL016W
YFL005W	YOR117W
YDR159W	YIL115C
YBR159W	YNL255C
YBR159W	YGR295C
YGR179C	YML109W
YJR002W	YJR123W
YFR004W	YOR323C
YGR005C	YPR086W
YFL062W	YPL141C
YGR252W	YIL149C
YGL173C	YNL118C
YGL122C	YJL070C
YBL085W	YBR238C
YNL263C	YPL203W
YDR194C	YHR052W
YDR064W	YOR117W
YBL085W	YOR047C
YGR141W	YNL255C
YLR196W	YLR455W
YHL017W	YJL004C
YNL186W	YPL240C
YJL041W	YOR181W
YFR004W	YPL226W
YKL049C	YLR259C
YGL122C	YNL098C
YDL029W	YDR032C
YGL122C	YOR061W
YDR471W	YPL220W
YDR194C	YNR051C
YDR510W	YLR086W
YER119C	YPL240C
YCR073W-A	YDL214C
YBL032W	YOR355W
YLR429W	YNL106C
YJL187C	YNL227C
YDR381W	YHR185C
YDR012W	YDR101C
YDR225W	YGR275W
YGL122C	YGR171C
YOR119C	YPL146C
YDR418W	YGL122C
YER133W	YLR277C
YDR258C	YGL122C
YDR481C	YDR510W
YDL143W	YKL142W
YDR378C	YNL145W
YGL031C	YIR010W
YGL009C	YPL240C
YDR159W	YDR363W-A
YLR432W	YNL178W
YBR152W	YML049C
YGL242C	YMR109W
YDR479C	YLR089C
YDL160C	YHR027C
YDL025C	YGL105W
YDR086C	YOR117W
YHR179W	YLR427W
YJR058C	YNL255C
YDR366C	YGL122C
YGL122C	YOR081C
YLL039C	YLR148W
YLR186W	YMR093W
YGL122C	YKL033W-A
YBR287W	YPL031C
YCR084C	YDL005C
YDR289C	YOL077C
YFR014C	YNR064C
YJR032W	YLL026W
YHR197W	YOL127W
YBL032W	YGL173C
YDR091C	YJR145C
YLR131C	YPL256C
YJL173C	YNL255C
YBR062C	YGL122C
YGL122C	YJL102W
YGL122C	YOR185C
YBR256C	YGL122C
YGR055W	YHR001W
YBL032W	YHR139C
YGR278W	YHR165C
YDR064W	YMR031C
YHR027C	YMR242C
YJR091C	YOR317W
YDR386W	YNL132W
YBL032W	YNL167C
YGL075C	YKL166C
YGL150C	YKL049C
YDL202W	YOL027C
YDR012W	YKL009W
YBL032W	YDR492W
YDR376W	YGL122C
YAL032C	YML049C
YFL005W	YLL039C
YDL141W	YMR239C
YGL059W	YKL166C
YDR113C	YHR135C
YAL043C	YOR250C
YDR381W	YNL293W
YFR004W	YJR148W
YFR004W	YKL157W
YBL032W	YIL119C
YER053C	YGL122C
YHR094C	YIL121W
YAL047C	YEL061C
YLL016W	YOL090W
YLR216C	YMR186W
YHR186C	YOR181W
YAL021C	YGR092W
YGL240W	YGR270W
YKL041W	YPR173C
YCL027W	YLL021W
YGL095C	YOR036W
YHR135C	YKR079C
YOR294W	YPR161C
YER116C	YJL187C
YDR225W	YJL176C
YBR194W	YML072C
YBR221C	YPL259C
YDR541C	YKL008C
YDL078C	YPL240C
YDR178W	YKL141W
YFR021W	YPL031C
YGL098W	YLR268W
YDR462W	YGL122C
YDR510W	YFL037W
YGL122C	YGR129W
YOR181W	YPL240C
YCR042C	YDR167W
YIL098C	YKL192C
YGR183C	YML086C
YDL160C	YGR091W
YDR156W	YOR340C
YBL007C	YNL154C
YDR471W	YGL076C
YDR386W	YFR001W
YGR135W	YPL031C
YGL122C	YJR148W
YDR510W	YHR027C
YPR034W	YPR081C
YBL032W	YMR134W
YCL040W	YFR004W
YDR324C	YJR002W
YDR086C	YLR288C
YBL032W	YFR008W
YKL006C-A	YLL039C
YDR510W	YOL086C
YNL268W	YPL240C
YGR266W	YJL164C
YAL034W-A	YJL057C
YGL206C	YHR161C
YDR028C	YDR188W
YDR130C	YMR319C
YJR053W	YOR373W
YNL255C	YPL178W
YEL009C	YPL038W
YMR216C	YNL112W
YDR374C	YGL122C
YHL033C	YMR242C
YDR388W	YOR357C
YJR068W	YLR048W
YGL122C	YMR182C
YEL039C	YOR117W
YFL036W	YMR136W
YGL173C	YNL255C
YAL043C	YNL313C
YLL039C	YLR407W
YJR002W	YPL090C
YJR053W	YMR319C
YGR229C	YLR330W
YGL122C	YNL154C
YBL072C	YDR418W
YLR196W	YNL112W
YOR061W	YOR294W
YCR063W	YLR117C
YOL041C	YPR161C
YHR143W-A	YPR187W
YBR082C	YHR115C
YIL034C	YJL187C
YEL009C	YOR117W
YAR003W	YJR113C
YDR011W	YHR094C
YBR194W	YPL070W
YBR160W	YOL070C
YDR225W	YKL139W
YER131W	YPL031C
YFR004W	YIR035C
YDR479C	YGR284C
YLL039C	YPL058C
YJR121W	YPL271W
YDL053C	YEL048C
YDR510W	YPR041W
YLL039C	YMR110C
YLR265C	YOR005C
YGR252W	YMR236W
YBR189W	YNL178W
YDR064W	YJR002W
YBL032W	YJR095W
YBR126C	YLR411W
YGL122C	YNR036C
YDR054C	YFL009W
YDR170C	YNL183C
YDR513W	YPL031C
YER029C	YFL017W-A
YBL032W	YJR106W
YML085C	YOL111C
YDR381W	YJR032W
YJL085W	YLR247C
YBR126C	YOL133W
YBL032W	YLR018C
YBR160W	YGL122C
YDR233C	YIR010W
YGL201C	YOR157C
YCL037C	YDL160C
YDR141C	YNL297C
YDR312W	YHR135C
YER133W	YHR097C
YJR007W	YLR199C
YGL043W	YPR008W
YGR135W	YKR070W
YDR322W	YGR220C
YBL045C	YLR132C
YBR085W	YBR217W
YGL122C	YLR273C
YPL031C	YPR026W
YNL255C	YPL196W
YGL056C	YGL179C
YCL032W	YHL024W
YDR324C	YMR128W
YJL052W	YML056C
YKL166C	YMR223W
YBR125C	YDR186C
YBL032W	YOL136C
YBL032W	YNR039C
YML086C	YPL186C
YKL049C	YPL235W
YBR017C	YKL068W
YOL082W	YOR115C
YDL143W	YJL014W
YFL054C	YHR135C
YOL034W	YOL082W
YBL045C	YKL095W
YLR449W	YPL211W
YEL063C	YGR284C
YBR160W	YJR092W
YBL032W	YPL082C
YNL124W	YPL036W
YDL226C	YOR181W
YBR159W	YNR070W
YDR064W	YPR189W
YPR052C	YPR187W
YJR144W	YNL255C
YGL180W	YNL304W
YKL042W	YPL031C
YBR160W	YER012W
YDL116W	YDR335W
YBR237W	YGL122C
YNL010W	YNR051C
YKL211C	YPL026C
YNL125C	YPL240C
YHR081W	YOL142W
YFL033C	YPL031C
YNL209W	YOR117W
YFR037C	YMR033W
YLR393W	YNL154C
YOL041C	YPL031C
YLR048W	YPL106C
YFR004W	YMR173W
YGL122C	YGR285C
YLR083C	YPL240C
YIR010W	YOL041C
YGL181W	YGR167W
YDR108W	YDR363W-A
YKL049C	YPL019C
YER133W	YJR007W
YGL122C	YGR058W
YDR054C	YJL187C
YBR261C	YFR004W
YBR189W	YMR242C
YDR177W	YPL269W
YDR388W	YPL077C
YBL032W	YDR508C
YGL122C	YHL032C
YFL009W	YLR079W
YJR093C	YLR044C
YHR027C	YPL218W
YAL039C	YJL164C
YDR304C	YHR097C
YJL123C	YNL330C
YBL032W	YNL020C
YBL039C	YKL029C
YIL008W	YNL255C
YBL011W	YCL024W
YDR012W	YHR052W
YCL027W	YDL199C
YGR250C	YJL088W
YGL122C	YMR112C
YDL128W	YNL307C
YDR301W	YLR115W
YGL122C	YNR070W
YML049C	YOR319W
YJL178C	YOR132W
YGL122C	YGR091W
YGL180W	YLR244C
YGL122C	YOR222W
YBL072C	YLR129W
YCR014C	YFR010W
YCL011C	YDL213C
YDL043C	YNL286W
YGL122C	YMR027W
YLR377C	YOR070C
YOL041C	YOL127W
YBR059C	YER131W
YGL096W	YOR319W
YEL046C	YHR027C
YBR048W	YLR075W
YFR001W	YPL211W
YBR280C	YDR054C
YGL180W	YOR123C
YPL220W	YPL259C
YEL003W	YLR200W
YIL009C-A	YLR318W
YGR274C	YMR227C
YLR357W	YML127W
YFR004W	YOR128C
YFR001W	YOL077C
YDR328C	YHR102W
YGL122C	YJL098W
YBR287W	YPL235W
YGL116W	YJL164C
YGR159C	YLR113W
YER072W	YNL255C
YJR007W	YOR361C
YGL128C	YLR117C
YGL122C	YPR158W
YBR102C	YLR166C
YHR027C	YJL111W
YGL090W	YOR061W
YCL037C	YNL255C
YGR055W	YLR219W
YNL215W	YPL235W
YFR001W	YPL131W
YJR068W	YMR078C
YJL140W	YLR071C
YJR066W	YNL229C
YDR471W	YJR123W
YIL007C	YOR259C
YMR021C	YOR111W
YNL154C	YNR047W
YER005W	YGL212W
YCR014C	YOR259C
YGL238W	YHR114W
YLR098C	YPL149W
YBL032W	YBL081W
YGL180W	YJR072C
YDR158W	YDR510W
YBR025C	YMR059W
YKL007W	YKL028W
YDR406W	YLL039C
YDR462W	YJL063C
YIL053W	YPL201C
YNR023W	YPL016W
YAL029C	YLR196W
YBR275C	YER133W
YCR073W-A	YPL026C
YOR038C	YPL082C
YFR004W	YHR179W
YGL173C	YKL023W
YLL039C	YMR022W
YIR010W	YPL037C
YDR032C	YHR027C
YNR051C	YOR261C
YMR109W	YOR047C
YDR381W	YDR386W
YBL032W	YOR373W
YMR047C	YMR153W
YDR315C	YOR078W
YGL122C	YOR039W
YEL013W	YIL129C
YAR018C	YKL166C
YGL122C	YLR178C
YBL032W	YPL108W
YEL013W	YFR004W
YPL008W	YPL240C
YHR027C	YHR128W
YDR428C	YER123W
YBR169C	YKL210W
YKR103W	YLR292C
YBL032W	YLR265C
YBR159W	YKL212W
YBR002C	YDL052C
YGL122C	YJR007W
YFL036W	YJR144W
YGL179C	YHR205W
YCR068W	YNL111C
YBR017C	YDR002W
YFL009W	YOL025W
YER024W	YPL031C
YBR160W	YIL101C
YBL072C	YBR048W
YBL081W	YPR173C
YAR018C	YGR032W
YDR150W	YLL039C
YDR485C	YJL081C
YCR061W	YEL063C
YBR106W	YFL062W
YLL039C	YMR221C
YML056C	YPL220W
YKL144C	YNL255C
YDR381W	YIR010W
YMR303C	YOL086C
YDR113C	YPL031C
YBL085W	YKL218C
YBR189W	YNL132W
YFR004W	YKL213C
YDR394W	YPR108W
YKL139W	YLR432W
YDR086C	YHR027C
YAL017W	YLR257W
YNL178W	YOR197W
YDL203C	YNL154C
YIR010W	YJR068W
YIR010W	YLR075W
YER141W	YJL014W
YBR081C	YGR252W
YLR028C	YPL004C
YOR185C	YPL226W
YDR212W	YOR117W
YDR224C	YDR365C
YGL237C	YJL138C
YLL039C	YLR079W
YMR139W	YPL141C
YML072C	YOL105C
YDR227W	YOR191W
YBR152W	YGR075C
YGR186W	YNL255C
YBR161W	YJR001W
YDR452W	YNL217W
YDL116W	YIL115C
YIL124W	YPL106C
YHR111W	YOR251C
YGL180W	YIL077C
YNL207W	YOR119C
YEL030W	YGL122C
YMR128W	YNL255C
YCR073W-A	YER133W
YGL014W	YNL016W
YBR142W	YGL076C
YGL202W	YHR027C
YLR431C	YNL255C
YJR112W	YOL054W
YNL255C	YOR159C
YLL039C	YOL025W
YGL206C	YOR109W
YGL122C	YIL098C
YNL209W	YOR061W
YGL122C	YLR404W
YDL132W	YDR328C
YLL026W	YOR007C
YLR259C	YLR320W
YLL039C	YOR197W
YDL209C	YNL255C
YBL032W	YER039C
YFR030W	YGL150C
YLR116W	YMR216C
YJR066W	YMR216C
YOR304W	YPL082C
YBR159W	YHR133C
YHR027C	YPR010C
YNR046W	YOL061W
YDR510W	YGR186W
YOL077C	YPL131W
YJL176C	YNL207W
YGL054C	YPL218W
YHR169W	YLR153C
YMR061W	YOR250C
YKL009W	YNL175C
YGL059W	YJL084C
YDR106W	YGL122C
YDR365C	YDR388W
YBL032W	YJL079C
YGR092W	YOL059W
YCR036W	YNL255C
YMR184W	YNL255C
YBR183W	YGL122C
YMR299C	YPL058C
YBL099W	YHR027C
YBR031W	YPR143W
YBR086C	YNL307C
YNL117W	YOL147C
YDL070W	YNL307C
YHR179W	YLR074C
YHR027C	YML106W
YBR056W	YLL039C
YDR204W	YGL122C
YBL032W	YPL140C
YCL028W	YHR058C
YDL002C	YNL255C
YDR224C	YIL131C
YLR166C	YNL138W
YJL141C	YLR109W
YDL165W	YNL315C
YGL076C	YHL033C
YGR270W	YJR068W
YFL026W	YNL307C
YBR159W	YJR065C
YFR004W	YIL033C
YDR138W	YKL049C
YDR167W	YOL012C
YLR429W	YMR109W
YMR139W	YOL053W
YGL081W	YOL094C
YBR040W	YCL040W
YFL026W	YGR037C
YGL180W	YJR092W
YDR064W	YPL266W
YJL164C	YNR039C
YDL214C	YJL066C
YHR039C	YML012W
YFR014C	YJL137C
YDR092W	YHR137W
YGL122C	YGR244C
YMR131C	YPL144W
YOR117W	YPR010C
YNL255C	YOR061W
YBL032W	YDL123W
YBL072C	YMR229C
YDR130C	YPR010C
YCL040W	YLL039C
YBR017C	YGL105W
YDR167W	YPL031C
YDR159W	YGL122C
YBR207W	YOL132W
YIL118W	YPL031C
YDR174W	YGR275W
YDR237W	YOL027C
YJL164C	YMR196W
YIL159W	YPL240C
YHR050W	YJR015W
YBR048W	YHR196W
YOL086C	YOL135C
YLR274W	YPR135W
YBR085W	YCR061W
YGL091C	YNL255C
YAL021C	YGR184C
YJL098W	YPR111W
YGL122C	YJL024C
YBL038W	YNL255C
YGL077C	YHR001W
YLR262C	YMR186W
YBR082C	YGL122C
YGL173C	YML056C
YLL039C	YNL036W
YIR010W	YOR210W
YDR227W	YDR365C
YDL223C	YNL154C
YDR473C	YHR165C
YGL122C	YJL099W
YBL032W	YPL032C
YDL082W	YGL246C
YGL059W	YHR207C
YDL025C	YPL220W
YJL187C	YNL125C
YGL210W	YMR291W
YLR438C-A	YNL145W
YBL032W	YDR169C
YLR117C	YLR147C
YGR135W	YNL255C
YBR080C	YLR043C
YGL011C	YHR027C
YEL063C	YPL240C
YBR196C	YFR004W
YDL192W	YOR117W
YHR205W	YNL167C
YDR394W	YKL145W
YBR225W	YER133W
YGL173C	YNL284C
YFL009W	YFL031W
YGL198W	YML001W
YDR011W	YGL122C
YCL024W	YKL091C
YGL173C	YHR086W
YAL021C	YER133W
YDR510W	YPL210C
YAL034W-A	YBR211C
YIR010W	YKL060C
YBR217W	YLL042C
YCR084C	YDR510W
YGR055W	YGR281W
YLR427W	YLR432W
YGR092W	YPR119W
YDR496C	YPL220W
YBR105C	YEL054C
YGL106W	YPR188C
YGL077C	YLR326W
YLR166C	YPR080W
YMR229C	YPL220W
YAL036C	YJL138C
YKL166C	YPL146C
YEL009C	YGR274C
YCR042C	YLL039C
YJL187C	YPL240C
YAL043C	YLL039C
YLR115W	YPL240C
YBL032W	YML115C
YBR274W	YDR439W
YHR027C	YJR105W
YKL091C	YPL209C
YJR092W	YPL031C
YOR145C	YPL126W
YFL031W	YGL122C
YDR293C	YPL031C
YHR143W-A	YOL090W
YDR167W	YPR086W
YFR001W	YGL076C
YER029C	YGR091W
YBR254C	YOR115C
YDL002C	YNL154C
YBR288C	YGR261C
YGL014W	YNL112W
YGL122C	YKL009W
YOR229W	YPL240C
YKR022C	YNL255C
YHR070W	YPL240C
YER058W	YNL255C
YBR142W	YPL141C
YDL100C	YJR040W
YLL026W	YMR047C
YGL011C	YLL039C
YNL255C	YNL293W
YDR386W	YLR196W
YBL032W	YCR079W
YJR066W	YOR035C
YDL156W	YJL173C
YDR301W	YOR250C
YIR010W	YJL138C
YDR267C	YNL255C
YDR100W	YGL077C
YJL111W	YNR051C
YDR064W	YGL014W
YDR208W	YPR052C
YKR009C	YMR216C
YJR097W	YPL031C
YDL005C	YOL135C
YAL047C	YDR356W
YOL086C	YOR133W
YDR414C	YNL044W
YGL189C	YLL039C
YER105C	YMR047C
YHR114W	YOR109W
YBR235W	YLR034C
YDL160C	YNL118C
YDR042C	YGL059W
YMR078C	YNL065W
YDR247W	YGR237C
YBR106W	YNL336W
YDR293C	YNR051C
YDR510W	YML069W
YCR079W	YER178W
YLL039C	YPL231W
YGL124C	YLL039C
YHR152W	YJR148W
YJL173C	YNL312W
YBL032W	YOR181W
YDR139C	YNL255C
YBL032W	YLR432W
YBR052C	YLL039C
YGL031C	YGR285C
YJL081C	YPL082C
YNR051C	YOR294W
YOL133W	YOR261C
YNL255C	YNL307C
YHR059W	YNL255C
YJR113C	YNL255C
YGL122C	YGR072W
YBR194W	YLR044C
YDL088C	YJL039C
YMR109W	YNL271C
YGL122C	YPL210C
YLR228C	YMR070W
YBR160W	YDR285W
YHR027C	YHR094C
YBL032W	YPR198W
YBR048W	YDR471W
YOR063W	YPL249C-A
YIL076W	YLL039C
YMR125W	YPL178W
YDL213C	YKR081C
YGR032W	YLL039C
YGL106W	YML034W
YDR359C	YJL098W
YKL049C	YML069W
YJL164C	YNL112W
YGL122C	YMR031C
YBL032W	YIR033W
YBL032W	YCR065W
YGL241W	YGR005C
YDR301W	YLR277C
YMR036C	YNL154C
YGL173C	YML111W
YNL132W	YPL259C
YBL072C	YLR287C-A
YHR135C	YKL023W
YKR020W	YNL255C
YDR170C	YDR388W
YDR116C	YOL027C
YAL030W	YJL036W
YHR058C	YPR168W
YDR122W	YJL187C
YFR014C	YPR187W
YBL032W	YPR161C
YLR196W	YPL259C
YDR064W	YHR196W
YJR109C	YOR117W
YLL039C	YOR353C
YAL028W	YGL122C
YCR084C	YKL213C
YDR244W	YNL044W
YER006W	YNR051C
YGR231C	YPL050C
YNL113W	YPR161C
YDR032C	YPL031C
YER162C	YFR021W
YDR356W	YKL042W
YIL095W	YLR206W
YNL271C	YPR080W
YKL093W	YLR273C
YBR106W	YPL264C
YBR106W	YCR061W
YDR388W	YHL032C
YDL052C	YNL138W
YBL072C	YBR031W
YFR004W	YJL088W
YDL156W	YNL307C
YGL122C	YOR355W
YMR083W	YOL086C
YHL033C	YOR294W
YBL032W	YJL193W
YGR167W	YKL135C
YBL079W	YDL116W
YEL054C	YJR145C
YPL031C	YPL266W
YGR032W	YJR066W
YFR004W	YMR309C
YGL180W	YHL019C
YDR138W	YNL004W
YGR124W	YPR145W
YGR270W	YKR092C
YGL122C	YLR371W
YIL095W	YMR239C
YGL005C	YPL031C
YAR018C	YPL018W
YDR195W	YPR107C
YCR030C	YMR109W
YDL001W	YJL164C
YGL189C	YHR114W
YJR002W	YPR137W
YIL007C	YKL145W
YDR171W	YGR092W
YEL017W	YGL180W
YBR011C	YPL153C
YBL072C	YMR093W
YBR202W	YGL201C
YKL126W	YLL039C
YDR312W	YPR143W
YJR148W	YPL031C
YCR057C	YMR128W
YEL034W	YPR080W
YDL155W	YPR010C
YDR304C	YHR185C
YHR027C	YNL178W
YML009C	YOL027C
YDR141C	YJL014W
YER122C	YPL031C
YJR082C	YLR455W
YBR152W	YDR473C
YDL159W	YMR276W
YGR159C	YOR117W
YLR074C	YPL131W
YCR020C-A	YJR022W
YGL014W	YMR242C
YCR091W	YNL155W
YKR057W	YNR051C
YHR104W	YOL016C
YGL122C	YPL187W
YDR101C	YOR063W
YDR201W	YGL061C
YKR076W	YLL039C
YGL122C	YOL087C
YMR105C	YOR212W
YDR504C	YJL070C
YHR069C	YPR189W
YGL106W	YOR181W
YGR270W	YPL153C
YER173W	YJL014W
YDR113C	YGR225W
YDL156W	YPL220W
YDR397C	YJL057C
YBL011W	YPL031C
YBR048W	YGR085C
YBL103C	YIR023W
YGL122C	YOR373W
YGR085C	YOR117W
YHR089C	YKR092C
YLR071C	YOL135C
YPR019W	YPR135W
YKL035W	YLL039C
YKR014C	YLL039C
YBL067C	YOL087C
YGR038W	YMR296C
YGL216W	YGR223C
YGL076C	YJR123W
YDR363W-A	YOL072W
YGR085C	YKR081C
YER105C	YFR002W
YBL032W	YDR293C
YJR112W	YOR360C
YBL032W	YJR086W
YBR079C	YIR010W
YGL084C	YPL141C
YBR126C	YLL039C
YAL043C	YLR115W
YDR168W	YJR032W
YBR262C	YNL255C
YBL079W	YLR018C
YML127W	YMR033W
YDR009W	YML051W
YGL122C	YNL092W
YBL032W	YIR019C
YGL212W	YOR036W
YLR168C	YNL255C
YDL213C	YDR510W
YDR227W	YML109W
YDR381W	YML012W
YIL108W	YOL126C
YAL021C	YPL037C
YLL039C	YMR036C
YER129W	YOR373W
YLR332W	YPL004C
YOL077C	YOL127W
YDR009W	YNL229C
YKL092C	YLL039C
YHR027C	YKL065C
YGL180W	YLR429W
YDR411C	YFR004W
YBL032W	YEL017W
YLR298C	YMR125W
YJL141C	YNL250W
YNL161W	YOL070C
YDL154W	YFL003C
YKR086W	YMR125W
YHR135C	YMR303C
YFR004W	YNL118C
YLL028W	YPL058C
YBL103C	YBR112C
YNL075W	YPR137W
YLR200W	YMR052W
YGL014W	YPL031C
YDL116W	YJR042W
YBR112C	YGL194C
YMR186W	YOR197W
YJL053W	YMR010W
YHR027C	YJR104C
YNR051C	YPR010C
YDL101C	YOL082W
YDR224C	YJL176C
YGL122C	YOL083W
YDR359C	YEL013W
YFR001W	YMR229C
YGL122C	YPL245W
YOL087C	YPR108W
YDR473C	YLR438C-A
YER065C	YPL180W
YOR162C	YPL031C
YIL118W	YJL085W
YML112W	YNL118C
YFR004W	YLR113W
YDR335W	YML085C
YAL055W	YDL100C
YMR091C	YPL240C
YER012W	YGL122C
YBR031W	YPL220W
YMR229C	YOR078W
YBL029W	YKR036C
YDL111C	YDL165W
YGL025C	YOL135C
YER090W	YHR027C
YOL018C	YOR320C
YER012W	YGL011C
YJR007W	YMR093W
YLR129W	YPL266W
YDL225W	YPL235W
YDR092W	YER061C
YGR180C	YPL240C
YFR014C	YML001W
YKL109W	YPL016W
YGL122C	YGL150C
YLR129W	YMR128W
YBR090C	YNL255C
YEL032W	YLR103C
YDR086C	YJL002C
YCL028W	YNL290W
YCR010C	YCR061W
YER165W	YNL255C
YFR014C	YHR182W
YCR075C	YDR456W
YAL032C	YBL105C
YOL127W	YPL220W
YDR293C	YNL161W
YCR014C	YDR363W-A
YDL082W	YNL124W
YOL018C	YPL218W
YGR167W	YJL187C
YBL072C	YOR117W
YGR274C	YKR062W
YBL032W	YBL072C
YFL037W	YOR265W
YGL180W	YHR014W
YIR033W	YNL111C
YOR370C	YOR375C
YNR064C	YOL108C
YJR066W	YKR093W
YBL032W	YOL105C
YER122C	YJL164C
YDR510W	YLR449W
YOR181W	YOR367W
YDL192W	YLR083C
YDL080C	YLL039C
YGL124C	YKL025C
YNL214W	YNL329C
YMR070W	YPL240C
YLL060C	YLR043C
YFL037W	YIR010W
YDR103W	YOR212W
YGL122C	YMR154C
YDL144C	YNL255C
YBR031W	YNL132W
YER029C	YNL092W
YER133W	YIL045W
YOR197W	YPR080W
YBL032W	YML027W
YDR381W	YOR267C
YGR220C	YNL284C
YMR048W	YPL031C
YGL122C	YLR310C
YMR201C	YOL090W
YJR124C	YPL141C
YGL122C	YHR209W
YBR160W	YEL061C
YDR080W	YMR197C
YGL058W	YGL122C
YMR047C	YOR145C
YER162C	YHR039C
YDR108W	YFR010W
YAL021C	YBL032W
YLL026W	YLR357W
YJR084W	YMR025W
YBR189W	YOR117W
YKR079C	YMR099C
YER162C	YKL005C
YOR197W	YPL240C
YBL050W	YGL095C
YDR096W	YOR355W
YGL036W	YPR041W
YDL029W	YJL008C
YBR160W	YPL256C
YLR117C	YML049C
YCR079W	YMR239C
YDR394W	YGL122C
YHR135C	YPL203W
YBL032W	YNL294C
YER012W	YOR123C
YDR119W	YHR078W
YPL031C	YPL219W
YNL124W	YPL081W
YCL024W	YJR097W
YBL072C	YLR186W
YOR341W	YPR187W
YJR140C	YMR031C
YGL058W	YMR100W
YDR510W	YEL034W
YBL007C	YCR030C
YEL034W	YNL250W
YBR017C	YPL266W
YAL047C	YLR045C
YGL122C	YOR005C
YDL139C	YGL122C
YJR091C	YLL039C
YDL213C	YKL193C
YLR310C	YPL240C
YGR270W	YOR340C
YKL029C	YPL220W
YBR284W	YDR328C
YJL014W	YOR162C
YDR064W	YLL039C
YDL134C	YLR429W
YLL048C	YNL238W
YDL239C	YOL091W
YMR182C	YPL031C
YER133W	YLR115W
YDR192C	YER105C
YGL076C	YHR027C
YDR510W	YEL009C
YGL122C	YPR131C
YFR004W	YOR209C
YCL024W	YPL240C
YGR112W	YHR051W
YEL060C	YNL106C
YBR082C	YER012W
YGL011C	YIL075C
YDR211W	YFR004W
YLL039C	YNL070W
YIL033C	YKL062W
YDR108W	YOR259C
YFR004W	YML100W
YKL110C	YPL101W
YER043C	YLL039C
YBL032W	YNR047W
YDR470C	YML131W
YBR183W	YGR284C
YBR251W	YPL240C
YDR200C	YNL127W
YKL065C	YNL048W
YBR017C	YOR317W
YER136W	YFR004W
YDR039C	YPL058C
YDR328C	YOR133W
YDL043C	YMR302C
YDR363W-A	YER012W
YBL032W	YBR112C
YHR187W	YMR236W
YDR381W	YLR398C
YGR135W	YOL146W
YGL122C	YOL089C
YLL039C	YMR162C
YGL122C	YMR105C
YER165W	YHR197W
YGR094W	YHR027C
YBR059C	YJL084C
YDL223C	YNR032C-A
YNL110C	YOR005C
YAL061W	YNL255C
YGL023C	YLR166C
YDR247W	YJR025C
YDR510W	YOR153W
YBL032W	YKR098C
YDR128W	YHL023C
YER122C	YHR135C
YDR306C	YNL138W
YDR312W	YHR066W
YDL025C	YJL164C
YMR075W	YNL209W
YGL013C	YHR178W
YER136W	YGL122C
YHR097C	YLR377C
YBR236C	YGR116W
YBR059C	YJL098W
YBL032W	YNL238W
YDL226C	YFR004W
YDL098C	YGR075C
YMR186W	YOR117W
YER133W	YLR044C
YJR065C	YNR035C
YDL025C	YNL175C
YHR052W	YOR061W
YHR182W	YJL187C
YDR032C	YLR332W
YER141W	YGR112W
YJL057C	YNL117W
YBL032W	YDR227W
YGL122C	YJR032W
YHL025W	YNL216W
YNL138W	YOL087C
YBR260C	YOR109W
YKL197C	YNL329C
YDR304C	YHL008C
YBL042C	YBR052C
YIR034C	YNL055C
YML057W	YMR186W
YBR254C	YDR407C
YDR516C	YER123W
YFR004W	YGR180C
YMR239C	YNL255C
YIL112W	YPL031C
YKL139W	YKR018C
YBR106W	YDL054C
YHR135C	YOR340C
YJL123C	YNL255C
YFR004W	YFR030W
YBL007C	YDR388W
YMR093W	YMR128W
YFL062W	YML012W
YOR117W	YPL106C
YBL032W	YPL249C-A
YGL051W	YLL028W
YMR173W	YPL141C
YDR130C	YLR075W
YNL055C	YNL106C
YFR004W	YML056C
YKL029C	YPR080W
YGL122C	YMR250W
YDR312W	YGL180W
YFR004W	YOL061W
YHR027C	YOR259C
YDR414C	YNL326C
YBR082C	YHR193C
YJR109C	YLL039C
YGL122C	YMR153W
YKL166C	YOL052C
YML001W	YPR106W
YLR075W	YPL226W
YDL043C	YNL210W
YDR443C	YGL151W
YGL122C	YJL041W
YDL209C	YMR125W
YJL098W	YOR267C
YGL122C	YNL012W
YER131W	YNL255C
YBL049W	YJL014W
YER012W	YOR157C
YBL032W	YNL251C
YNL284C	YOR150W
YLR219W	YPL004C
YDR172W	YNL084C
YBR059C	YMR139W
YHL009C	YPL240C
YDL160C	YLL039C
YDL053C	YJL057C
YDR421W	YGL122C
YFL017W-A	YMR125W
YBR031W	YOL120C
YBL038W	YLR439W
YOL105C	YPL058C
YBR133C	YDR225W
YHR197W	YOR063W
YLR151C	YNL255C
YFR004W	YMR241W
YBR062C	YMR083W
YBL085W	YER165W
YFR021W	YJR140C
YMR233W	YNL255C
YKL145W	YOR117W
YDR427W	YOR117W
YDR427W	YFR010W
YBL032W	YPR005C
YBR139W	YBR280C
YBR160W	YHR098C
YJL057C	YMR153W
YDL213C	YNL112W
YBL032W	YKL032C
YGL246C	YJR123W
YGL181W	YMR239C
YDR322C-A	YNL255C
YBR207W	YDL123W
YDR143C	YLR044C
YJL128C	YPL153C
YJR154W	YPL031C
YGL122C	YMR123W
YNL110C	YNR051C
YKL049C	YMR229C
YIL156W	YMR216C
YDR356W	YPR161C
YBL002W	YDR510W
YGR080W	YNL110C
YJL140W	YPR052C
YDR224C	YGR252W
YGR270W	YOR341W
YLR207W	YLR450W
YFR004W	YLR153C
YDR237W	YKR006C
YDL165W	YNR052C
YHR027C	YMR235C
YGL122C	YGR231C
YJL123C	YKL049C
YKL016C	YNL255C
YGL122C	YJR065C
YDR058C	YGL122C
YHL033C	YJR145C
YLR196W	YOL077C
YDR443C	YNL025C
YBL032W	YNL161W
YKL135C	YPL259C
YHL024W	YLR429W
YGL054C	YOR216C
YDR192C	YJL041W
YDR364C	YMR213W
YEL009C	YLL039C
YCR020W-B	YMR091C
YDR328C	YFR004W
YGL122C	YNL072W
YBR160W	YHR027C
YIL075C	YOR261C
YDR192C	YLR131C
YGR252W	YPL016W
YDR224C	YMR223W
YNL110C	YPL090C
YDR324C	YNL209W
YHR144C	YMR201C
YDL060W	YPR161C
YGL059W	YGL180W
YJL164C	YPL146C
YDR288W	YLR383W
YDR171W	YLL039C
YKL149C	YLL039C
YJR123W	YOR056C
YFL033C	YOL147C
YDR427W	YOR259C
YDR192C	YOR250C
YGL122C	YOR131C
YDR510W	YER090W
YGL122C	YPL186C
YOR181W	YPL004C
YGR091W	YML049C
YBR107C	YPR046W
YGL122C	YLR017W
YHR135C	YNL149C
YLR277C	YPR107C
YBR017C	YGL122C
YJL039C	YLR044C
YDL153C	YNL255C
YDR293C	YIR010W
YHL024W	YPR106W
YKL008C	YPL264C
YBL105C	YNL154C
YHR115C	YOR215C
YER044C	YNL280C
YLL039C	YMR246W
YGL075C	YIL149C
YBL032W	YPL036W
YDR172W	YNR051C
YGL123W	YNR054C
YDR188W	YJL041W
YEL017C-A	YLL023C
YDR378C	YOR320C
YJR123W	YNL255C
YCR009C	YMR192W
YGL122C	YOR132W
YGL122C	YGR252W
YBR087W	YDR171W
YMR109W	YOR035C
YDR306C	YER043C
YBR105C	YDR171W
YBR183W	YDR506C
YMR109W	YOR227W
YLL060C	YLR429W
YFR021W	YJR025C
YOL146W	YPR019W
YEL002C	YJL002C
YAL030W	YDL192W
YDR104C	YMR117C
YML034W	YPL153C
YIL021W	YKL049C
YGL122C	YPL218W
YAL047C	YLR429W
YLL039C	YML086C
YML012W	YPL218W
YBR160W	YDR042C
YLR153C	YML085C
YHR090C	YMR216C
YIL045W	YLR258W
YIL027C	YPR113W
YJR007W	YMR309C
YLR330W	YPL131W
YDL240W	YLR438C-A
YMR242C	YPL220W
YBR011C	YFR004W
YBR087W	YLL039C
YBL032W	YPL135W
YKR006C	YNL255C
YKR071C	YNL154C
YGR214W	YOR117W
YGL098W	YNL255C
YMR101C	YPL240C
YBL032W	YOR390W
YLL039C	YOL086C
YML098W	YMR275C
YDR365C	YPL146C
YCL028W	YMR112C
YBR189W	YPR161C
YDL082W	YMR061W
YBR025C	YFR004W
YGR094W	YLL039C
YFR037C	YPL106C
YPL031C	YPL249C
YDR012W	YDR091C
YDR510W	YNL097C
YNR016C	YNR051C
YDL029W	YPL140C
YKL160W	YPL141C
YDL100C	YFR004W
YBL032W	YPR185W
YGR281W	YLR075W
YGL122C	YKR016W
YKL023W	YOL061W
YDR238C	YIL076W
YGL123W	YMR242C
YJL146W	YJL164C
YDR427W	YLL039C
YNL125C	YNL154C
YLR216C	YNL330C
YDR359C	YPR023C
YIL095W	YOR196C
YGL122C	YKL132C
YHR083W	YML086C
YHR193C	YNL112W
YBR086C	YPR086W
YAL024C	YGL037C
YDL209C	YDR163W
YLR043C	YLR109W
YIL095W	YOR210W
YIR010W	YNL178W
YCR009C	YLR429W
YFR004W	YKL035W
YIL115C	YKL068W
YHR027C	YOL061W
YDR496C	YHR066W
YGL122C	YGR079W
YGL122C	YMR262W
YJL084C	YKL135C
YDR425W	YGL059W
YGL122C	YHR191C
YGL122C	YPL149W
YML056C	YNL255C
YOR259C	YPR108W
YER133W	YPL137C
YJL176C	YPL016W
YDL131W	YOR117W
YDR159W	YJL039C
YDL235C	YLR113W
YDR381W	YIL129C
YOR063W	YPR189W
YBL072C	YDL082W
YGL122C	YLR438C-A
YJL056C	YPR154W
YBR140C	YPL240C
YGL122C	YML093W
YKL062W	YPL203W
YFR015C	YLR369W
YGL122C	YGR062C
YDR129C	YOR117W
YDR212W	YER173W
YGL077C	YOR273C
YLL039C	YOL088C
YDR200C	YNL154C
YKL016C	YML081C-A
YJL164C	YPR143W
YDR032C	YLL039C
YJL006C	YKR018C
YMR202W	YOR117W
YDR381W	YGL067W
YFR010W	YOR124C
YER012W	YMR186W
YDR342C	YGL167C
YLR172C	YOR133W
YBL085W	YNR016C
YGL181W	YMR182C
YLR406C	YNL110C
YAR002W	YGL122C
YGL123W	YLR192C
YJL151C	YPL058C
YKL049C	YML123C
YFR010W	YLR421C
YOR042W	YPR119W
YHR114W	YLR337C
YER133W	YKL112W
YBR154C	YFR004W
YFR014C	YLR259C
YLL019C	YLR196W
YGR094W	YOR117W
YIL053W	YOL016C
YLR336C	YPL268W
YBR172C	YHR165C
YGL122C	YJR072C
YBL072C	YMR242C
YGL122C	YGR037C
YGR285C	YJR123W
YMR186W	YOL090W
YFL005W	YNL044W
YBL079W	YMR047C
YMR309C	YPL001W
YGR091W	YHR165C
YKL212W	YMR083W
YJR040W	YOR092W
YML101C	YPL240C
YBR160W	YKR097W
YDL116W	YDR159W
YMR192W	YPL249C
YFR004W	YLR048W
YNL154C	YOR355W
YGR248W	YOR018W
YBR159W	YKL008C
YGL179C	YKL093W
YER166W	YGR229C
YBR211C	YGR179C
YCL027W	YGR289C
YLR262C	YOL112W
YBR210W	YGR284C
YBR106W	YDR297W
YKL074C	YLR116W
YDR130C	YPL209C
YMR312W	YPL101W
YNR051C	YOR133W
YDR258C	YHR165C
YMR031C	YMR086W
YCL056C	YFR025C
YGR181W	YLR166C
YML008C	YMR202W
YGR116W	YNL118C
YHR052W	YLR074C
YDR169C	YDR510W
YGR177C	YNL044W
YDR093W	YLR332W
YGL201C	YHR114W
YPL077C	YPL203W
YAR002W	YMR047C
YBR160W	YDR168W
YIL135C	YNL154C
YDR342C	YJL173C
YER133W	YOR178C
YDR011W	YOR157C
YBR202W	YLR274W
YER012W	YNR051C
YDR496C	YLR233C
YDR418W	YMR242C
YBR189W	YPL266W
YBL032W	YDL160C
YFL031W	YHR135C
YEL034W	YNL293W
YCL024W	YNL113W
YLL039C	YLR336C
YBR052C	YGL122C
YGR284C	YLR018C
YLR292C	YML008C
YDR113C	YJL176C
YGL061C	YPL209C
YHR089C	YNL110C
YEL022W	YLL039C
YBR082C	YOR191W
YLR259C	YNR017W
YHR135C	YIL075C
YIL074C	YPL031C
YGL122C	YHR198C
YJL178C	YOL018C
YCR034W	YDR297W
YBR173C	YGL096W
YER012W	YOR259C
YCR034W	YDR276C
YDR300C	YNR051C
YBL050W	YIL004C
YEL034W	YFR004W
YBL045C	YGL122C
YDR225W	YDR227W
YJL039C	YJL041W
YLR113W	YMR276W
YBL075C	YNL293W
YDR244W	YKL197C
YCL056C	YIL065C
YGL122C	YMR225C
YBR048W	YNL069C
YKL213C	YOR341W
YGR058W	YJL164C
YDR322W	YKR006C
YER029C	YLR147C
YLR018C	YPR080W
YBR198C	YEL009C
YFL005W	YGL233W
YDR211W	YNL255C
YDR363W-A	YPR045C
YBR059C	YOL068C
YNL154C	YNL155W
YNL313C	YOR133W
YER131W	YGL179C
YGR241C	YPL077C
YBR198C	YDR212W
YHR143W-A	YIL021W
YLR429W	YNL154C
YBL036C	YGR185C
YDR471W	YIR010W
YER103W	YPL106C
YCR007C	YGL122C
YAR066W	YNL255C
YDL192W	YPL232W
YFL017C	YNL255C
YBR211C	YJR112W
YBR207W	YNL238W
YAL062W	YGL122C
YKL183W	YNL104C
YNL307C	YOL147C
YGL206C	YPL106C
YKL109W	YPR034W
YDR328C	YEL051W
YDL143W	YDR188W
YDR325W	YLL039C
YDR378C	YDR473C
YGL122C	YMR315W
YER012W	YHR027C
YJR022W	YKR021W
YBL002W	YBR274W
YGL123W	YKL139W
YGL122C	YHR092C
YMR319C	YNL255C
YGL129C	YGR215W
YHR135C	YMR036C
YNR054C	YOR361C
YGL070C	YPR187W
YCL024W	YLR060W
YHR114W	YKR103W
YHR089C	YNL186W
YBR106W	YEL027W
YBR059C	YNL277W
YEL034W	YJR145C
YEL039C	YHR027C
YNL110C	YOR145C
YJR001W	YKL166C
YDR127W	YLR048W
YDR147W	YHR087W
YDR238C	YGR229C
YDL219W	YNL255C
YDL213C	YDR174W
YDR446W	YML037C
YBL002W	YOL108C
YMR241W	YOL132W
YPL220W	YPR080W
YDL155W	YPL267W
YMR196W	YNL020C
YDR173C	YGL122C
YDR299W	YJR145C
YGR295C	YNL130C
YDR073W	YPL016W
YDR510W	YLR082C
YGL016W	YMR047C
YER178W	YOR117W
YHR052W	YPL249C-A
YGL122C	YGR111W
YHR135C	YJL041W
YCL054W	YHR197W
YBR261C	YDR100W
YBL032W	YBL103C
YFR004W	YOR187W
YGL179C	YNL021W
YGL025C	YPR168W
YHR066W	YMR239C
YIR010W	YNL113W
YFR001W	YOL127W
YKL007W	YML069W
YML037C	YOL016C
YBL032W	YMR306W
YBR011C	YNL079C
YJR050W	YKR022C
YBL085W	YJL164C
YDL015C	YLR060W
YNL255C	YNL313C
YBR231C	YNL255C
YIL033C	YMR022W
YHR094C	YOR316C
YLR330W	YPR080W
YEL002C	YLL039C
YDR016C	YGL122C
YKL210W	YOR117W
YIR037W	YOL147C
YKL008C	YPL227C
YHR202W	YPL153C
YBR221C	YDR430C
YBL032W	YMR275C
YDR012W	YPL220W
YIR010W	YLR432W
YHL033C	YOR063W
YLL039C	YPL090C
YDL153C	YOR267C
YDR054C	YGL173C
YDR167W	YIR023W
YKL157W	YLR259C
YOL082W	YPL153C
YLR109W	YNL209W
YDR080W	YEL022W
YDR496C	YPL131W
YER048C	YLR429W
YIL021W	YPR187W
YIL021W	YJL140W
YMR033W	YMR091C
YDR330W	YPL018W
YBR160W	YER059W
YBL072C	YGR085C
YDR246W	YGR166W
YAL003W	YGL122C
YER133W	YFR015C
YDL192W	YGR284C
YDR485C	YDR510W
YIL095W	YOR181W
YLR061W	YPL240C
YIR010W	YOR141C
YFL041W	YLR083C
YKL052C	YPL209C
YGL059W	YGR179C
YBR182C	YLR113W
YDL125C	YPL240C
YFR004W	YJR104C
YBR160W	YLR321C
YJL187C	YNL145W
YDR091C	YFR004W
YBR082C	YJL210W
YNL220W	YOR187W
YBR106W	YDL015C
YNL084C	YNL250W
YLR227C	YOR284W
YGR270W	YPL235W
YGL076C	YGL122C
YDL153C	YNL307C
YJR001W	YPL031C
YBR058C	YEL030W
YCR034W	YGR289C
YNL255C	YPR187W
YHR027C	YLL026W
YDL100C	YLR297W
YEL034W	YJL128C
YLR216C	YMR303C
YNL255C	YPR043W
YDL134C	YIL153W
YNL118C	YOR124C
YGL122C	YJR139C
YBL032W	YKR021W
YMR109W	YNR007C
YCL028W	YPL140C
YHR086W	YMR125W
YDR224C	YOL108C
YBR234C	YNL020C
YBR211C	YKL049C
YDL154W	YGL025C
YHR024C	YLR163C
YGL023C	YNL255C
YNL209W	YPL106C
YGL125W	YPL023C
YDR159W	YOR250C
YDR440W	YHR135C
YDR195W	YKL059C
YKL049C	YPL231W
YDR400W	YGL011C
YKR048C	YOL059W
YLR103C	YPR135W
YDR299W	YDR510W
YGR092W	YML035C
YDR130C	YER133W
YHR027C	YIL118W
YDR122W	YOL054W
YIR010W	YLR045C
YJL008C	YNR051C
YDR225W	YOL054W
YBL032W	YHR177W
YBL032W	YOR302W
YCR068W	YIR033W
YDL082W	YER012W
YDR247W	YJR049C
YKL028W	YOL012C
YGL122C	YOR159C
YGL122C	YGR127W
YDR184C	YNL154C
YDL045W-A	YGL122C
YJR121W	YKL049C
YCL032W	YDR032C
YDR398W	YPL126W
YER012W	YNL209W
YLL039C	YOR087W
YDL239C	YOR373W
YKL058W	YNL306W
YDL230W	YNL307C
YLL026W	YMR091C
YDR471W	YGL014W
YBR087W	YNL255C
YCR014C	YDR108W
YDR101C	YNL175C
YBL032W	YOR073W
YBL032W	YOR078W
YMR088C	YPL050C
YJL084C	YJL187C
YDL192W	YHR094C
YDL225W	YJR092W
YOL147C	YPL031C
YDR207C	YNL097C
YBR172C	YNR051C
YDL247W	YPL240C
YBR011C	YLR371W
YLR075W	YNL112W
YGL173C	YKL049C
YKL009W	YMR242C
YDR177W	YGL122C
YBR022W	YGL122C
YLR207W	YLR378C
YGL198W	YLL039C
YNL255C	YPL081W
YGL016W	YGR231C
YGL122C	YIL166C
YGL180W	YLR098C
YDR383C	YOL054W
YDR212W	YLR196W
YLR432W	YNL175C
YDR012W	YGL111W
YOL012C	YPR052C
YFR004W	YGR187C
YGL206C	YJL153C
YDL082W	YFR004W
YGL122C	YNL110C
YDR289C	YNL255C
YFR004W	YGR092W
YDR328C	YKL156W
YPL031C	YPL203W
YNL255C	YOR182C
YDL002C	YFL013C
YDR100W	YNL315C
YCR009C	YOR232W
YDR257C	YPL031C
YLR129W	YPL126W
YGL122C	YHR024C
YBR194W	YER029C
YLR274W	YOR153W
YGL106W	YMR309C
YKR048C	YOR081C
YNL255C	YOR133W
YDR086C	YKL145W
YBL032W	YNL025C
YDR238C	YLL039C
YBR079C	YOR061W
YKL009W	YPL249C-A
YER122C	YGL180W
YDR510W	YMR303C
YLR059C	YNL250W
YDR169C	YJL164C
YDR081C	YIR010W
YDL005C	YHR058C
YDR411C	YHR027C
YFR004W	YGL173C
YHR035W	YJR022W
YDR510W	YER116C
YBR160W	YNR047W
YGR165W	YJR113C
YKR048C	YKR079C
YDR471W	YNL255C
YJL081C	YJR082C
YDR497C	YNL307C
YAL032C	YDR532C
YNL154C	YOR092W
YGL122C	YPR124W
YCL055W	YGL036W
YGL122C	YMR201C
YLR206W	YML051W
YDR103W	YGR179C
YGL122C	YOR385W
YEL053C	YNL183C
YBR166C	YBR217W
YGR281W	YHR001W
YFR004W	YGR124W
YLR278C	YOR181W
YDL039C	YNL154C
YHR033W	YKL166C
YER173W	YJR072C
YJR118C	YML101C
YGR241C	YNL084C
YDL132W	YLL039C
YKL145W	YOL145C
YCR075C	YFL062W
YOL016C	YPR187W
YBR031W	YHR169W
YDR314C	YGL122C
YJL164C	YPR019W
YDR211W	YLL039C
YHR094C	YLL028W
YDL165W	YGR092W
YLR292C	YOR254C
YBL032W	YLR373C
YLL039C	YMR315W
YDR101C	YMR242C
YCL028W	YML051W
YBR274W	YDR168W
YEL032W	YHR033W
YGL005C	YGR120C
YML069W	YOR123C
YDR073W	YJL176C
YNL255C	YPL071C
YJL041W	YLR018C
YJL083W	YPL109C
YGR180C	YLL039C
YBR154C	YHR089C
YNL255C	YPL037C
YBL032W	YLR186W
YMR067C	YNL154C
YDL070W	YGL180W
YGL122C	YIR024C
YKL135C	YPL249C-A
YIR010W	YPL266W
YDR388W	YLR337C
YGL122C	YNL249C
YCL050C	YDR510W
YDL005C	YLR071C
YGL011C	YLR071C
YIL066C	YNL134C
YMR186W	YPL001W
YFR010W	YLL039C
YMR229C	YOL120C
YGL060W	YPL018W
YMR091C	YMR186W
YKL049C	YNL132W
YGR285C	YOR081C
YDR172W	YNL124W
YBR222C	YLL039C
YOL077C	YPR143W
YLL039C	YPR030W
YCL011C	YLR432W
YDR225W	YKL049C
YFR037C	YGR056W
YLR450W	YPR154W
YER012W	YOR117W
YBR095C	YNL330C
YJR134C	YNL271C
YAL034W-A	YKL089W
YNL255C	YPL064C
YFR004W	YNR035C
YDR388W	YMR109W
YDL105W	YOL034W
YDL100C	YOR117W
YGL173C	YHR052W
YBR095C	YGL122C
YDR127W	YLL039C
YBR031W	YDL082W
YBR133C	YJL187C
YGL181W	YHR177W
YLL039C	YLR206W
YJL164C	YLR216C
YDL141W	YLL039C
YCL054W	YNL255C
YBL007C	YER133W
YIR023W	YJR066W
YDL101C	YMR226C
YDR207C	YJL164C
YHR135C	YPR091C
YBL032W	YGR149W
YFR037C	YNL312W
YDR101C	YDR168W
YLL039C	YPL186C
YBL074C	YHR165C
YDR306C	YOL025W
YFR014C	YOR340C
YBL032W	YDR504C
YBL045C	YPR054W
YGR275W	YJL176C
YER171W	YOR261C
YCR075C	YOL016C
YCR034W	YDL015C
YBR079C	YNL289W
YGL122C	YML097C
YLR257W	YNL183C
YML098W	YPL011C
YBR160W	YJL111W
YER133W	YPL211W
YDR101C	YHR027C
YDR253C	YGL122C
YDL043C	YLL014W
YGL151W	YLR071C
YDR233C	YLL023C
YIR006C	YMR109W
YBL007C	YNL238W
YBL050W	YNR051C
YKL144C	YPR190C
YBL014C	YGL122C
YDL101C	YHR067W
YER010C	YJL164C
YBR038W	YLL039C
YMR244C-A	YNL255C
YEL051W	YMR105C
YBR159W	YLR429W
YDL002C	YPL082C
YDR003W	YGL122C
YDL098C	YMR240C
YGL025C	YPL082C
YHR156C	YIL026C
YER081W	YHR027C
YML123C	YOR181W
YEL034W	YLR074C
YBR017C	YDR225W
YGL122C	YPL268W
YDL066W	YMR173W
YBR139W	YLL039C
YCL025C	YKL065C
YGL076C	YGL111W
YNL130C	YOR067C
YDL134C	YPL004C
YGL045W	YNL294C
YGL206C	YLR170C
YFR004W	YLR354C
YBR138C	YBR160W
YCR057C	YKL099C
YHR094C	YML072C
YDL155W	YOR341W
YBR264C	YGL198W
YDL192W	YMR094W
YGR055W	YLR332W
YCL040W	YOR117W
YDR328C	YER103W
YBR225W	YOR157C
YGL206C	YNR006W
YMR223W	YPL082C
YBR129C	YOR181W
YIL079C	YNL016W
YHR207C	YNL154C
YBL032W	YLR384C
YIR010W	YPR161C
YFR030W	YPR010C
YBR059C	YLR206W
YDL111C	YHR081W
YDR012W	YDR418W
YGL122C	YNL216W
YBR048W	YFR004W
YJL008C	YJR066W
YJL191W	YNL124W
YDR510W	YML032C
YER128W	YOL016C
YBR059C	YPL203W
YDL025C	YGL077C
YBR194W	YDR172W
YBL032W	YDR383C
YFR004W	YGL099W
YBL002W	YGL035C
YLL016W	YNL098C
YLR219W	YLR427W
YGL122C	YNL016W
YDR101C	YOL120C
YDL192W	YHR027C
YDL225W	YNR035C
YDL160C	YLR438C-A
YLL013C	YNL016W
YDL214C	YKL168C
YDL082W	YGL031C
YDR225W	YLR357W
YDR496C	YLR449W
YDR012W	YJR145C
YFL014W	YGL122C
YHR118C	YMR036C
YDR496C	YGR274C
YJL052W	YJR032W
YDL192W	YMR010W
YAL017W	YPR034W
YBR005W	YGL122C
YKL135C	YOL108C
YGR037C	YOR181W
YEL046C	YGR092W
YHR135C	YNL165W
YER182W	YKL142W
YHR135C	YJL084C
YJR113C	YNL306W
YGL180W	YKR071C
YER006W	YNL227C
YBL032W	YJL084C
YDR113C	YGL180W
YHR027C	YNL220W
YGL122C	YLR034C
YJL008C	YOR281C
YHR135C	YOR042W
YDR122W	YHR158C
YML098W	YMR236W
YJR134C	YMR047C
YKL009W	YNL069C
YDR479C	YGL053W
YDL099W	YKL050C
YBR216C	YIR037W
YGR270W	YNR016C
YDR421W	YKR080W
YDR395W	YNL255C
YGL122C	YNL219C
YBL105C	YER165W
YAL032C	YGR278W
YNL151C	YPR187W
YDR328C	YJR033C
YNL271C	YNL293W
YCR034W	YHR094C
YMR186W	YOL086C
YDR224C	YPL084W
YGL122C	YJL181W
YDR233C	YFR004W
YDR510W	YLR355C
YDR240C	YHR165C
YGL122C	YMR152W
YDR328C	YPL256C
YDR201W	YKL052C
YDL088C	YKL068W
YDR496C	YPR143W
YDL239C	YGR268C
YFR037C	YLR357W
YBL032W	YNL190W
YIR010W	YOL054W
YOR007C	YPL106C
YIL084C	YMR128W
YDR247W	YKR049C
YBL011W	YOR267C
YNL251C	YPR080W
YKL156W	YNL255C
YDL005C	YML051W
YHR027C	YJL014W
YHR104W	YML086C
YGL122C	YGR236C
YEL013W	YJR091C
YCR063W	YMR024W
YDR163W	YGL122C
YEL020C	YGL122C
YBR280C	YOL133W
YDR342C	YLL039C
YCR024C-A	YOL132W
YOR281C	YPL141C
YDL192W	YOL018C
YOR361C	YPL126W
YBR202W	YGR270W
YFR004W	YNL178W
YGL122C	YMR158W
YDR481C	YLL039C
YKL009W	YOR063W
YJL014W	YKL198C
YGL122C	YNL315C
YBR142W	YBR194W
YJL083W	YPL004C
YCR057C	YDL213C
YDL223C	YPL141C
YGL237C	YKR028W
YDL160C	YGL014W
YBR017C	YBR120C
YEL051W	YJL151C
YGR186W	YIL021W
YDR103W	YNL161W
YGL009C	YOL086C
YJL002C	YJL198W
YCR034W	YPL264C
YBR274W	YJR082C
YFR004W	YHR027C
YDR092W	YLR059C
YGL122C	YKR106W
YNL207W	YOR061W
YDL043C	YMR125W
YDR446W	YGL212W
YHR090C	YPL209C
YFL014W	YFR004W
YER107C	YGL122C
YBL032W	YIL006W
YDR127W	YFR004W
YHR133C	YPL227C
YOL127W	YPR189W
YGR085C	YLR432W
YGR132C	YPL050C
YKL009W	YNL209W
YLR090W	YNL255C
YDL155W	YOR081C
YDR212W	YOR284W
YFR014C	YKL166C
YLR048W	YNL255C
YER178W	YNL255C
YGR135W	YMR291W
YDR056C	YKL207W
YDR441C	YGL122C
YDR012W	YOL127W
YGL122C	YJL001W
YDR363W-A	YPR108W
YIL021W	YNL255C
YBR048W	YMR242C
YGL122C	YMR094W
YBR072W	YFR004W
YBL025W	YBR274W
YCL054W	YNL175C
YCL050C	YPL031C
YER165W	YNL161W
YCR061W	YLL039C
YDL082W	YDR091C
YGL161C	YPL240C
YHR135C	YNL022C
YGL090W	YNL113W
YLL039C	YNL307C
YNL255C	YOL127W
YPL026C	YPL028W
YNL069C	YPR143W
YJL052W	YKR042W
YDR301W	YMR125W
YBL032W	YNL093W
YGR099W	YMR047C
YPL127C	YPL153C
YGR214W	YNL112W
YFR004W	YML086C
YBR251W	YGR170W
YLL039C	YLR017W
YDL143W	YKL145W
YER043C	YGL237C
YJR123W	YPR189W
YPL140C	YPR108W
YBL032W	YLR332W
YDR330W	YHR135C
YDR365C	YDR496C
YDR244W	YOL147C
YHR202W	YPL240C
YFR014C	YLL039C
YMR128W	YPL153C
YIL053W	YPL106C
YLR227C	YOR373W
YEL002C	YOR254C
YHR135C	YLR265C
YMR047C	YPR119W
YIL065C	YLL001W
YFR004W	YLR384C
YLR411W	YNL255C
YNL024C	YOR093C
YBR194W	YLL013C
YGL122C	YLR107W
YDR430C	YGL122C
YLR403W	YOR370C
YGL166W	YOR210W
YAL034W-A	YCL024W
YDR224C	YDR439W
YFR010W	YIL075C
YFR014C	YOR141C
YBL002W	YMR075W
YMR047C	YOL145C
YDR297W	YML012W
YBR036C	YCR034W
YCL024W	YFL010C
YDL082W	YGR085C
YGL122C	YKL157W
YBR031W	YMR242C
YHR009C	YPL031C
YDL020C	YKL145W
YDR498C	YGL145W
YNR035C	YPL004C
YDR338C	YLL039C
YBL072C	YBR194W
YER072W	YJL012C
YJL088W	YPL111W
YAL001C	YPL007C
YDR356W	YNL053W
YGL179C	YOL082W
YGL181W	YIR006C
YFR001W	YMR242C
YCL032W	YNL161W
YDR091C	YHR027C
YER116C	YML032C
YBR227C	YGL122C
YBR234C	YLR429W
YMR139W	YPL077C
YKR024C	YPR131C
YCR057C	YNL178W
YBR189W	YGR085C
YDL235C	YGL122C
YGL122C	YIL045W
YBR182C	YMR037C
YDR365C	YMR280C
YGR113W	YPR046W
YBL032W	YDL235C
YBR079C	YJR007W
YLL039C	YNR006W
YEL054C	YGL246C
YLR166C	YOR065W
YNL110C	YOL041C
YJL164C	YMR184W
YDR335W	YGL035C
YBR081C	YMR236W
YER106W	YLR320W
YJL164C	YKR022C
YML035C	YPL031C
YJR112W	YPL018W
YDR064W	YOR056C
YHR169W	YKL029C
YBL002W	YLR455W
YFL017C	YOL059W
YMR093W	YPL266W
YDR045C	YNL151C
YBR142W	YGL122C
YOR095C	YOR265W
YJR072C	YPL140C
YHR090C	YPL031C
YGL122C	YGL160W
YFL017W-A	YLR117C
YBL007C	YDL191W
YBR031W	YFR004W
YBR169C	YOR007C
YDR423C	YMR047C
YLR246W	YNL098C
YDR394W	YPR131C
YKL023W	YLR398C
YJL153C	YNL138W
YKR067W	YLL039C
YIL095W	YJR092W
YGL180W	YLR003C
YDR166C	YGR037C
YGR152C	YKL092C
YDR381W	YMR240C
YBR081C	YDR167W
YOL133W	YPR019W
YML109W	YML131W
YEL047C	YPL031C
YBR217W	YPR108W
YBL032W	YBR107C
YGL122C	YGR258C
YDL176W	YGL122C
YBR081C	YBR198C
YEL054C	YGR285C
YHR027C	YJL052W
YDL105W	YLR007W
YGR180C	YJL057C
YBR049C	YMR242C
YGL122C	YOL053W
YNL255C	YOR039W
YDR138W	YNR047W
YDL100C	YKL062W
YLR113W	YNL167C
YDR070C	YJL164C
YGL201C	YKL049C
YIL033C	YNL093W
YNL079C	YNL255C
YDR150W	YLL001W
YNL255C	YOR063W
YBL032W	YDL005C
YBR085W	YHR135C
YDR086C	YLR079W
YCR063W	YOL135C
YCR018C	YGL122C
YHL033C	YNR031C
YER131W	YFR014C
YBL032W	YDR232W
YDL139C	YDR388W
YGL122C	YOL071W
YKL127W	YPL031C
YBR072W	YPR161C
YNR051C	YPL131W
YNL069C	YOL127W
YJL137C	YPL031C
YBL014C	YJL025W
YDR256C	YLL039C
YGR250C	YJL008C
YER132C	YNL307C
YAL056W	YGL121C
YER089C	YPL153C
YDR510W	YNL055C
YOL120C	YOR063W
YBR274W	YPR145W
YFR004W	YIR011C
YBR177C	YBR274W
YFR036W	YGL240W
YBL032W	YJR053W
YMR153W	YNL154C
YGR038W	YJL164C
YBR081C	YDR392W
YER136W	YLR262C
YFR014C	YHR033W
YEL032W	YLR274W
YDR407C	YEL048C
YDR363W-A	YMR173W
YBR059C	YOL066C
YGL122C	YLR254C
YNR019W	YOR267C
YDR122W	YIL165C
YHR114W	YNL092W
YDR378C	YGL173C
YEL034W	YOR261C
YMR309C	YOR117W
YJR112W	YLR045C
YLL039C	YNL115C
YHL025W	YPR034W
YDR480W	YHR114W
YDL209C	YML049C
YBR137W	YMR047C
YOR157C	YOR261C
YBR194W	YGL099W
YJR113C	YMR158W
YDR510W	YNL216W
YKR014C	YNL255C
YGR056W	YLR357W
YJR104C	YMR059W
YKR036C	YLR206W
YER103W	YFR004W
YFL045C	YGL208W
YAL010C	YLL039C
YLR244C	YNR029C
YGL099W	YMR229C
YGL122C	YGL194C
YJL052W	YNL255C
YGR180C	YPL031C
YMR186W	YOL012C
YIL076W	YKL049C
YBR229C	YDL210W
YGL167C	YLL039C
YLL039C	YPR010C
YJR007W	YOR117W
YBR049C	YMR091C
YBL002W	YIL076W
YBR160W	YOR032C
YBR214W	YGL122C
YER006W	YLR371W
YNL255C	YOL088C
YPL161C	YPR198W
YGL122C	YML101C
YDR394W	YKL049C
YDR237W	YJL063C
YBL032W	YKL185W
YGR091W	YJL063C
YHR094C	YJR066W
YGL122C	YIL057C
YDL025C	YMR196W
YNL154C	YNL186W
YBL032W	YLR048W
YDR045C	YKL144C
YAL017W	YHL024W
YBL032W	YJR116W
YLR075W	YLR287C-A
YDR428C	YJL014W
YDR132C	YPL018W
YDL043C	YLR147C
YDL201W	YDR381W
YGL122C	YKL145W
YHR027C	YOR185C
YGR085C	YPL131W
YDR130C	YGR113W
YKL028W	YNL112W
YIL095W	YMR184W
YGL180W	YNL149C
YGR200C	YOL061W
YLR378C	YOR254C
YEL058W	YIL095W
YNL255C	YPL239W
YKL193C	YLR079W
YBR126C	YCR079W
YLR432W	YOR117W
YDR328C	YER012W
YOL147C	YPL203W
YJL008C	YJL014W
YOR267C	YPR143W
YBL032W	YBR081C
YCR042C	YLR115W
YGL122C	YGR042W
YHR027C	YKL211C
YGR167W	YPL141C
YLR166C	YLR259C
YER107C	YFR002W
YLR292C	YLR301W
YKL035W	YPL031C
YNL225C	YPL031C
YGL173C	YJR145C
YOR194C	YPR086W
YLL039C	YMR186W
YHR001W	YML072C
YGL099W	YLL039C
YDL214C	YNL227C
YER154W	YOL016C
YHR014W	YPL031C
YBR160W	YDR330W
YDR188W	YGR187C
YMR239C	YNL307C
YPR052C	YPR161C
YJR002W	YMR091C
YBL088C	YDL101C
YDR167W	YOL145C
YKR022C	YLR117C
YBR207W	YDR100W
YDR127W	YHR027C
YFL010C	YMR276W
YEL041W	YGL122C
YCR091W	YNR047W
YBL032W	YBL043W
YHR052W	YPL220W
YER133W	YMR037C
YEL048C	YER090W
YBR169C	YMR186W
YDL101C	YDR171W
YDR257C	YJL164C
YDL101C	YJR056C
YDL074C	YLR196W
YJL141C	YLL039C
YGL122C	YGR154C
YKL198C	YMR229C
YBL001C	YGL122C
YAL010C	YNL070W
YMR128W	YOR294W
YLR186W	YOR145C
YDR092W	YLL039C
YHR027C	YJL008C
YGL173C	YLR438C-A
YJR145C	YPL090C
YBR114W	YKL112W
YBR140C	YGL122C
YKL092C	YNL113W
YKR006C	YMR024W
YDR052C	YGL201C
YDR394W	YNL290W
YDR116C	YJL063C
YCR091W	YMR184W
YFL026W	YPL189W
YOL120C	YPL249C-A
YDR388W	YOR138C
YJL187C	YOR061W
YDL153C	YDR510W
YCR020W-B	YOL012C
YBR048W	YDL060W
YGR270W	YLR274W
YGL122C	YML098W
YDR139C	YDR328C
YMR240C	YOR319W
YLL019C	YOL016C
YGL124C	YNL286W
YMR241W	YOR181W
YBR154C	YPR187W
YDR182W	YGL122C
YGL150C	YJL081C
YBL039C	YPL220W
YDR196C	YGL122C
YDL090C	YMR139W
YMR128W	YNR054C
YGL122C	YKL193C
YDR143C	YDR213W
YFR002W	YMR047C
YGL226W	YNL255C
YBL032W	YLR286C
YDR212W	YLR429W
YMR010W	YPL246C
YER009W	YJL041W
YFR004W	YPR183W
YEL020W-A	YGR029W
YDR328C	YMR094W
YJL036W	YLR031W
YAL032C	YDR364C
YDL043C	YDR180W
YBL075C	YOR250C
YNL255C	YNR036C
YGL237C	YKR048C
YKR081C	YMR229C
YCR091W	YDR007W
YNL020C	YNL154C
YBL032W	YPL256C
YLR113W	YMR172W
YNL091W	YNL164C
YGL122C	YPL271W
YFR010W	YMR216C
YJR145C	YNL069C
YGR092W	YMR239C
YGL173C	YNL251C
YGR120C	YOR353C
YBL086C	YPL031C
YML049C	YOR159C
YBL072C	YJR123W
