YGL173C	YKL139W
YJR047C	YPL141C
YMR004W	YPL031C
YDR477W	YLR132C
YEL039C	YJL164C
YKL126W	YNR047W
YBR160W	YLR455W
YJL052W	YOL013C
YFR004W	YFR052W
YDR356W	YPL255W
YGL191W	YLL039C
YHR099W	YOL051W
YDR303C	YML065W
YIR026C	YPR029C
YBR103W	YCR033W
YBL072C	YPL012W
YGL106W	YLR274W
YEL034W	YIL148W
YFR004W	YOL038W
YDR059C	YNL031C
YBR159W	YIL005W
YDR047W	YOR361C
YGL001C	YGR060W
Q0085	YDL004W
YFR004W	YMR314W
YER094C	YOR157C
YDR059C	YPL037C
YGL130W	YMR309C
YER177W	YPR030W
YNL125C	YNL130C
YML123C	YNR041C
YBL007C	YDL206W
YCR031C	YLR340W
YML085C	YNL223W
YBL072C	YNL308C
YGL112C	YML098W
YKL095W	YPL151C
YCR100C	YDR414C
YHR135C	YLR410W
YOR244W	YPL004C
YML029W	YMR173W
YGR092W	YJL005W
YJR045C	YLR166C
YLR097C	YMR303C
YHR099W	YOR244W
YBR212W	YPL037C
YBL050W	YPL232W
YER118C	YHR140W
YGR214W	YGR240C
YDR225W	YDR510W
YDR427W	YER012W
YER177W	YPR152C
YML096W	YNL154C
YBR195C	YNL031C
YHR082C	YKL197C
YBL079W	YML031W
YLR419W	YMR117C
YMR202W	YNL280C
YDL207W	YKL068W
YDR466W	YLR196W
YNL230C	YPL004C
YHR188C	YJR015W
YMR005W	YNR011C
YBR225W	YJL095W
YDR406W	YLR055C
YCL043C	YIR001C
YML095C	YPL022W
YER021W	YOR128C
YIR033W	YLL039C
YBR095C	YNL097C
YBR126C	YDR074W
YGR224W	YLR080W
YER177W	YPR080W
YBR002C	YBR177C
YBR218C	YLR430W
YMR081C	YPL203W
YBR081C	YPL129W
YJL095W	YPL012W
YLL039C	YOR014W
YDR510W	YER047C
YJR132W	YML085C
YNL197C	YOR149C
YJL164C	YJL218W
YER012W	YGL048C
YEL039C	YLL039C
YDL134C	YOR073W
YDL203C	YGR058W
YNR064C	YOL045W
YDL153C	YHR082C
YGL134W	YJL165C
YCL024W	YKL181W
YLR208W	YPR181C
YJL095W	YKL129C
YER026C	YPL274W
YBR055C	YML046W
YPL070W	YPR152C
YJR017C	YLR216C
YDR388W	YPR110C
YBR183W	YOL132W
YAL034W-A	YNL154C
YML131W	YOL154W
YDL087C	YML049C
YLL008W	YPL211W
YKR062W	YPL106C
YDR216W	YER118C
YLR238W	YMR052W
YCL043C	YDL095W
YBL072C	YNL055C
YDL232W	YER019C-A
YDR155C	YIL112W
YGR183C	YNL197C
YDR124W	YPR049C
YDL033C	YLR259C
YKL104C	YMR213W
YOR056C	YPL031C
YGR013W	YPL178W
YNL121C	YOL045W
YER013W	YPR101W
YGR084C	YNL175C
YER089C	YPL061W
YDR498C	YLR440C
YGL003C	YPR119W
YBL003C	YER092W
YML058W	YNL291C
YKL139W	YLR438W
YKL203C	YOR035C
YNL027W	YPL141C
YBR114W	YKR001C
YOL127W	YPR016C
YLR208W	YNL307C
YPL213W	YPR178W
YHR169W	YPR121W
YHR016C	YPL249C
YDL015C	YJL117W
YDR457W	YNL031C
YLR237W	YML132W
YDL217C	YGR033C
YJR059W	YKR092C
YGL106W	YMR304W
YDR032C	YHR135C
YAL020C	YBR160W
YDR448W	YGL066W
YLR310C	YPL038W
YGR235C	YJL164C
YDL028C	YDL203C
YDR256C	YOL045W
YBR160W	YDR027C
YNL154C	YPL191C
YDR264C	YJR040W
YKL104C	YPR110C
YEL034W	YLR069C
YEL015W	YPR080W
YGL179C	YMR304W
YJL014W	YLR196W
YBR170C	YKL213C
YKR027W	YLL039C
YML008C	YNL280C
YEL011W	YLL039C
YJL106W	YMR165C
YGR284C	YNL197C
YGL180W	YJR019C
YBL007C	YLR337C
YBR159W	YML067C
YDR080W	YGL025C
YBR056W	YFR004W
YER040W	YER118C
YDR043C	YDR477W
YJL052W	YLL060C
YCL054W	YKR081C
YBR274W	YLR258W
YOR132W	YPR171W
YDR381W	YML065W
YLL039C	YLR039C
YGR060W	YHR190W
YDR129C	YMR246W
YNR010W	YPL031C
YDL212W	YJR015W
YGL180W	YOL078W
YDL192W	YEL022W
YLL008W	YOR231W
YDL222C	YHR094C
YDR247W	YHL024W
YHR135C	YKL093W
YHR135C	YOL078W
YDL065C	YNL214W
YGR072W	YMR080C
YML131W	YPL001W
YIL152W	YJR092W
YFR017C	YNL197C
YDL055C	YDR510W
YHR135C	YJL148W
YIL153W	YLR423C
YJL042W	YOL069W
YDR510W	YJL140W
YGR225W	YKL022C
YDR510W	YPL011C
YHR161C	YMR183C
YDR477W	YLR265C
YER086W	YML085C
YIL034C	YLR196W
YER105C	YML031W
YGL011C	YLR211C
YNL118C	YOR093C
YEL054C	YLR097C
YDR381W	YLL039C
YBR239C	YNL197C
YER177W	YFR017C
YBR250W	YNL012W
YKL151C	YPL070W
YMR110C	YNL121C
YBR160W	YPR030W
YHR090C	YOR244W
YKR035W-A	YML065W
YCL043C	YLR233C
YHR161C	YNL020C
YIL051C	YKL142W
YHR169W	YKL075C
YLL039C	YLR153C
YDR207C	YIL084C
YHR079C	YNL097C
YGR237C	YML056C
YLR258W	YPL141C
YML046W	YML049C
YJL084C	YMR032W
YCR031C	YPL143W
YEL034W	YPR173C
YDL125C	YNL154C
YHR099W	YLR055C
YDL055C	YNR016C
YFL039C	YLL039C
YPL106C	YPR108W
YBR122C	YPL132W
YEL017C-A	YNL194C
YFR004W	YIL109C
YPR010C	YPR016C
YGR240C	YMR032W
YIL115C	YLR018C
YEL054C	YHR197W
YGR180C	YOL045W
YKL057C	YLL039C
YDL100C	YDR451C
YBL007C	YBR205W
YLL024C	YPL106C
YDL207W	YDR192C
YML117W	YPL031C
YJR095W	YLL039C
YML057W	YPR115W
YIL021W	YPL203W
YML117W	YNL016W
YNL066W	YNL154C
YGR152C	YOR127W
YBL093C	YGR104C
YGL030W	YPR016C
YGL055W	YKL088W
YLR413W	YML072C
YOR064C	YPL129W
YGL173C	YLL039C
YMR049C	YOR361C
YGL094C	YKL054C
YOR244W	YPL260W
YDR307W	YKL065C
YNL197C	YOR147W
YLL039C	YPR120C
YJR046W	YML065W
YCR098C	YPL274W
YER068W	YIL038C
YDL012C	YFR047C
YDR093W	YLL039C
YDR323C	YPL031C
YER179W	YNR016C
YMR117C	YOR156C
YIL139C	YPL194W
YBR183W	YPL227C
YDL064W	YLR045C
YLL008W	YMR216C
YKL203C	YMR011W
YLR208W	YOL086C
YMR031C	YMR111C
YDL209C	YPR182W
YML015C	YPL011C
YBL007C	YPR030W
YFR004W	YGL054C
YBR289W	YKR001C
YCR069W	YLL039C
YMR153W	YOL016C
YBL072C	YMR309C
YDL212W	YHR140W
YLR430W	YNL073W
YDL200C	YGL121C
YLR278C	YLR442C
YKL103C	YOL082W
YGL073W	YHR099W
YGL058W	YLR377C
YAL036C	YLR423C
YER119C	YPL031C
YJR009C	YKL010C
YKL068W	YKR082W
YHR169W	YHR179W
YDL130W-A	YDL181W
YBL084C	YPR056W
YBR290W	YPL132W
YIL077C	YPL031C
YOR347C	YPL203W
YER021W	YOL018C
YAR031W	YDL054C
YBR159W	YFL062W
YFR004W	YPL262W
YGR238C	YIL144W
YHR027C	YJL001W
YMR129W	YPR080W
YKL129C	YPL038W
YAL024C	YPR145W
YDR510W	YML126C
YBR160W	YML119W
YDR036C	YJR113C
YDL125C	YDR388W
YBR160W	YKR091W
YDL035C	YHR082C
YIL033C	YNL027W
YFL010C	YPL141C
YDR225W	YHR099W
YBR136W	YPR010C
YHR001W-A	YLL039C
YDR101C	YFR004W
YDL012C	YHR140W
YNL149C	YNL154C
YHR156C	YOR156C
YCR042C	YKR002W
YLR056W	YMR015C
YDR128W	YER182W
YDR195W	YML010W
YBR055C	YJR059W
YFR021W	YFR040W
YBR159W	YHR026W
YBR055C	YLR446W
YGR214W	YLL039C
YPL084W	YPR173C
YBL003C	YIL126W
YBR159W	YLR083C
YBR160W	YNL339C
YLR031W	YOL069W
YLR304C	YMR246W
YDR101C	YPL211W
YGR060W	YML012W
YMR196W	YPL042C
YDL112W	YLL039C
YHR135C	YHR179W
YLR148W	YMR197C
YEL039C	YNL154C
YBL003C	YBR202W
YBL084C	YLR005W
YMR246W	YPL206C
YLR166C	YLR432W
YGR175C	YMR202W
YHR099W	YJL081C
YKR014C	YOR375C
YGL161C	YJL095W
YML065W	YPR016C
YFL039C	YKL196C
YDR129C	YOL013C
YJR059W	YMR081C
YIL034C	YOR181W
YBR274W	YLR152C
YEL037C	YHR027C
YER118C	YLR452C
YDL149W	YNL242W
YHL025W	YNR023W
YNL002C	YPL141C
YBR041W	YMR313C
YGL180W	YLR192C
YDL002C	YFL039C
YLR342W	YPL094C
YNL154C	YNL267W
YFL048C	YOR316C
YFR024C-A	YPR081C
YDR088C	YHR023W
YER109C	YMR164C
YGL120C	YLL019C
YJL164C	YOR056C
YDR381W	YDR510W
YKL203C	YPL249C
YKL203C	YMR183C
YGL227W	YLR377C
YFR004W	YNL044W
YBR239C	YDR388W
YLL039C	YML072C
YNL118C	YOL149W
YKR081C	YMR049C
YDR168W	YJL165C
YBR188C	YLR117C
YKL203C	YNL183C
YHR094C	YKL065C
YJR066W	YKR034W
YBR093C	YGR282C
YMR290C	YPL131W
YMR165C	YPL031C
YNL197C	YPR129W
YGR013W	YPR182W
YLL039C	YPL094C
YNR027W	YPL106C
YGR033C	YPL063W
YGL180W	YPR129W
YBR295W	YIL030C
YBR233W	YHR082C
YLR312C	YOL088C
YER105C	YKR082W
YDL207W	YKL057C
YGR268C	YHL002W
YEL040W	YNL197C
YDR138W	YEL060C
YDR206W	YOL139C
YGL058W	YKL210W
YBL007C	YNL152W
YBL037W	YNL307C
YBR160W	YMR005W
YJL184W	YPL174C
YGR192C	YJL052W
YKR054C	YNL118C
YNL025C	YNL236W
YBR162C	YER086W
YDL025C	YHR082C
YDL028C	YJL084C
YBL101C	YOR124C
YHR137W	YLR278C
YLL039C	YNL180C
YHR140W	YNL044W
YJR059W	YML031W
YOR124C	YPR030W
YGR168C	YNL154C
YJR091C	YKL204W
YDR384C	YNR060W
YBR095C	YCR009C
YKR068C	YLR342W
YKL172W	YOL127W
YDR345C	YLL039C
YJR066W	YMR183C
YAR018C	YLR342W
YDL212W	YDR307W
YAL053W	YCR030C
YNL197C	YOR288C
YJL165C	YPR058W
YBR126C	YLL019C
YGR084C	YNL306W
YDR388W	YJL033W
YCR091W	YJL198W
YAR042W	YGR192C
YBR160W	YLR278C
YGL180W	YHR009C
YDR456W	YNR056C
YFR015C	YGL134W
YBR168W	YDL065C
YNL124W	YOL149W
YHR082C	YOR107W
YER177W	YNL267W
YDL207W	YER107C
YLR170C	YPR029C
YLL039C	YPR075C
YDL044C	YLR139C
YGL180W	YLR423C
YJR064W	YPL151C
YLR006C	YNR031C
YFL023W	YPR080W
YDR145W	YHR023W
YKL013C	YNR035C
YLL008W	YNL002C
YAL024C	YLR388W
YJL014W	YLR259C
YDL207W	YMR255W
YLL024C	YLR035C
YIL109C	YML012W
YAL030W	YPR032W
YER032W	YMR117C
YGL031C	YOL127W
YDR240C	YGR074W
YFR004W	YMR226C
YOR244W	YPL110C
YER105C	YLL039C
YLR201C	YOR125C
YGL222C	YNL118C
YDR381W	YPL169C
YCR093W	YDR293C
YLL039C	YOR283W
YJL129C	YKL142W
YKR099W	YNL197C
YDR244W	YNL329C
YDR086C	YGR175C
YLL039C	YMR054W
YCR030C	YNR047W
YML037C	YNL154C
YNR022C	YPR119W
YGR261C	YHR174W
YFR021W	YGL179C
YBL007C	YOR109W
YBR159W	YNL279W
YDR477W	YKL091C
YJR042W	YKR082W
YHR027C	YMR145C
YFR004W	YPL192C
YJR034W	YOR162C
YHL042W	YLR018C
YLL016W	YLR310C
YDL087C	YDR240C
YJL164C	YNL125C
YLL039C	YNL012W
YBR167C	YLR145W
YDR280W	YOR145C
YDR062W	YLR350W
YLR265C	YLR424W
YML096W	YOL016C
YDR254W	YOL054W
YLL039C	YNL074C
YBR086C	YHR135C
YKL051W	YLR413W
YHR152W	YLR132C
YDL207W	YDR159W
YHR135C	YNL055C
YLL039C	YOR145C
YGR295C	YLR343W
YJR041C	YLR347C
YGR046W	YLR259C
YDR477W	YHL024W
YBR105C	YOR151C
YDR414C	YEL004W
YER020W	YNL197C
YMR079W	YPR171W
YPL031C	YPL118W
YDR225W	YOR141C
YGL011C	YKR070W
YKL172W	YML065W
YBR135W	YLR109W
YKR003W	YPR173C
YJL101C	YML056C
YAR019C	YJL095W
YLR259C	YPR016C
YDR388W	YER127W
YKL028W	YLR167W
YGR142W	YMR197C
YDR252W	YPL037C
YLL039C	YLR219W
YIR017C	YNL103W
YGR295C	YMR221C
YHR091C	YOL088C
YLL008W	YPL141C
YFL039C	YLR337C
YKL104C	YLL039C
YGR215W	YHL004W
YLR276C	YOL127W
YBR241C	YFL048C
YGR135W	YNL244C
YLR313C	YLR319C
YDR310C	YPR152C
YJL095W	YNL186W
YBL102W	YDR264C
YBR177C	YOL045W
YBR160W	YFR015C
YDR021W	YNL271C
YOL045W	YOR184W
YLL040C	YML085C
YCR081W	YNR010W
YLR009W	YMR290C
YBR160W	YDL153C
YBL003C	YKR092C
YJL005W	YOL139C
YDR240C	YPL178W
YDR080W	YGR013W
YDR288W	YLR007W
YDR138W	YDR280W
YJL014W	YKR054C
YBR159W	YFR004W
YDR063W	YFL039C
YLL039C	YML101C
YHR027C	YPR108W
YFR052W	YOR362C
YGL240W	YLR102C
YHL002W	YMR109W
YBL003C	YPL235W
YBR055C	YHR135C
YAR018C	YOL054W
YGR084C	YPL118W
YDR011W	YGL077C
YER047C	YER095W
YGL141W	YJR059W
YDL002C	YGR092W
YJL117W	YLR018C
YCR004C	YMR086W
YAL013W	YBR095C
YDR414C	YFR024C-A
YNL197C	YOR058C
YBR218C	YPR110C
YDR069C	YMR304W
YBR126C	YBR265W
YBR217W	YHR033W
YER034W	YHR135C
YJR066W	YMR011W
YJL165C	YMR153W
YDR479C	YLR324W
YJL081C	YLR085C
YDR510W	YPL129W
YGL181W	YHR161C
YGL055W	YML012W
YGL120C	YGL130W
YCL037C	YGL014W
YFR004W	YJL052W
YHR135C	YNL167C
YFR004W	YMR202W
YBL042C	YDL222C
YDR388W	YHR079C
YIL050W	YJL084C
YER032W	YHR114W
YHR027C	YOL038W
YGR132C	YNL055C
YDR388W	YLR166C
YFR052W	YGL048C
YDL055C	YNL271C
YER179W	YMR224C
YDR303C	YIL126W
YDL207W	YDR017C
YGR092W	YML037C
YGL023C	YNL183C
YOL038W	YPR108W
YIL004C	YLR093C
YGR009C	YPL232W
YLR093C	YPL031C
YMR159C	YPL149W
YDR510W	YOR099W
YER039C	YER118C
YGL003C	YJL106W
YIL016W	YPL264C
YCR061W	YNL197C
YBR267W	YDR101C
YDR475C	YFL023W
YKL085W	YPR110C
YDR388W	YPL031C
YBL023C	YGL201C
YAL027W	YOL086C
YAL053W	YLR342W
YFR024C-A	YJL004C
YBR010W	YER142C
YJR125C	YOR111W
YBR173C	YLR199C
YGR060W	YML055W
YGL233W	YJL036W
YLR310C	YNL025C
YBR011C	YPL111W
YJL098W	YNL055C
YIL007C	YLR304C
YDL171C	YFR004W
YJR059W	YKL181W
YLR216C	YNL278W
YFL023W	YNL007C
YGR253C	YOR157C
YGL141W	YLL039C
YGL048C	YML012W
YFR004W	YGR285C
YGL179C	YNL293W
YDR439W	YER106W
YBR010W	YER147C
YDR022C	YJL165C
YKL028W	YPR052C
YCL054W	YPR161C
YML037C	YNL307C
YAL025C	YOR267C
YJR113C	YPL118W
YFR004W	YLR060W
YGL011C	YGR253C
YBL072C	YOL123W
YML083C	YNL154C
YHR027C	YOR374W
YDL134C	YGR161C
YDR238C	YML067C
YLR147C	YPR101W
YDL207W	YGR192C
YGL134W	YOR178C
YGR111W	YLL039C
YER179W	YLR067C
YGL179C	YGR135W
YDL159W	YDR356W
YFL026W	YJR066W
YDR427W	YGR067C
YHL018W	YPL070W
YHR135C	YIL115C
YJL013C	YJL030W
YFL036W	YLR259C
YGL058W	YPR161C
YBR173C	YPL031C
YMR109W	YOR181W
YDL028C	YIL144W
YDL095W	YFR004W
YLL039C	YNL103W
YDR131C	YOL025W
YOR039W	YPL235W
YFR017C	YPL203W
YBR010W	YNL031C
YMR179W	YNL197C
YDL134C	YPL235W
YOL016C	YPL138C
YGR275W	YMR131C
YBR235W	YNR047W
YLR019W	YLR310C
YER110C	YMR031C
YAR027W	YHR048W
YDR096W	YIR006C
YNL154C	YPR091C
YNL244C	YPL028W
YDR427W	YER021W
YDR328C	YOR057W
YJR091C	YLR156W
YLR315W	YML056C
YDR308C	YGL025C
YDR039C	YLL039C
YFR004W	YNL071W
YER167W	YER177W
YKL061W	YNL122C
YGR238C	YOL069W
YDL224C	YIL038C
YLR085C	YLR259C
YDR502C	YPL125W
YBL101C	YER177W
YHR016C	YMR109W
YAL034W-A	YOL069W
YHL031C	YKL006C-A
YNL048W	YPL076W
YDR510W	YKR025W
YGR092W	YMR165C
YDL028C	YNL116W
YGR092W	YLL008W
YDR129C	YHR027C
YGL180W	YKL023W
YLR015W	YPL138C
YLL039C	YLR293C
YML057W	YPR108W
YDR510W	YOR374W
YDR122W	YGR097W
YAL059W	YOL086C
YAL027W	YPR171W
YGR142W	YJR127C
YOR151C	YPL137C
YEL037C	YER021W
YER021W	YGL004C
YBL003C	YCL054W
YBL007C	YOR008C
YDR510W	YOL116W
YBR122C	YGR211W
YDR510W	YHR174W
YOR181W	YPL246C
YIL021W	YOL051W
YCR093W	YDR378C
YLR320W	YLR432W
YDR308C	YPR070W
YLR117C	YPR101W
YBR135W	YKR091W
YGR092W	YGR264C
YDR264C	YOL018C
YGL189C	YML065W
YJL164C	YLR173W
YLR440C	YNL258C
YDR466W	YML037C
YBR108W	YCR009C
YDR074W	YHR082C
YBR102C	YLL039C
YKR071C	YLL039C
YDR381W	YIR001C
YER062C	YKL069W
YER092W	YLR052W
YAL024C	YKR001C
YER006W	YPR161C
YBL072C	YDR510W
YML027W	YNL197C
YBR262C	YLL039C
YDR477W	YHR189W
YBL072C	YFR004W
YGR240C	YML085C
YML012W	YPR181C
YDL002C	YOR304W
YDR088C	YGR074W
YDR168W	YGR123C
YLL039C	YPR080W
YBR199W	YOL018C
YBR105C	YIL097W
YHR114W	YPR171W
YBR011C	YDR510W
YDR510W	YIL021W
YLL043W	YMR104C
YKL068W	YPL012W
YHR179W	YMR201C
YFL050C	YOL130W
YGR100W	YJR059W
YFR004W	YHL030W
YDL139C	YJL030W
YDR088C	YMR213W
YBR126C	YDR028C
YDR283C	YLL005C
YER074W	YFR004W
YLL039C	YPL225W
YDR195W	YDR381W
YJL101C	YPL226W
YDL239C	YOR304C-A
YDR510W	YJL042W
YCR009C	YPR152C
YLR425W	YPL066W
YFR052W	YOR181W
YLL024C	YLR209C
YGR214W	YLR432W
YBL050W	YLR268W
YNL197C	YOR052C
YCR068W	YFL062W
YNL216W	YPL106C
YCR009C	YKL203C
YHR135C	YOR119C
YBR274W	YKR010C
YLL039C	YML055W
YLR223C	YOR039W
YLL039C	YMR280C
YBR280C	YDR328C
YKR025W	YOL021C
YAL024C	YHR174W
YJL081C	YPL235W
YGR074W	YLR147C
YLR413W	YNL197C
YDR359C	YJL081C
YGL179C	YLR276C
YKL095W	YMR213W
YDL215C	YLL039C
YBR278W	YCL032W
YDL192W	YKR027W
YFR015C	YIL045W
YGL205W	YLL039C
YBL050W	YLR093C
YDR247W	YIL033C
YCL054W	YLL008W
YHR135C	YNL154C
YDR498C	YML058W
YLL039C	YOR163W
YIL084C	YNL097C
YDL100C	YOR007C
YLL039C	YLR305C
YGR097W	YKL116C
YLR147C	YML046W
YLR109W	YMR138W
YDR032C	YHR001W
YER012W	YPR108W
YDR011W	YGL056C
YDL055C	YPL106C
YBR072W	YLL039C
YBL046W	YPR040W
YMR196W	YOR244W
YBR279W	YLL063C
YDR310C	YFR024C-A
YCR011C	YNL154C
YDL134C	YPL152W
YDR225W	YDR243C
YAL029C	YER110C
YER178W	YOR090C
YCR042C	YNL222W
YDR381W	YPL001W
YDR138W	YHR167W
YCR038C	YLR353W
YDR295C	YOL090W
YDR265W	YPL031C
YBR177C	YFR004W
YHR114W	YOR389W
YFR052W	YMR314W
YBR247C	YOR145C
YDR206W	YPR129W
YKL203C	YML052W
YDL203C	YDR247W
YJL084C	YNL183C
YBR086C	YNL194C
YDL115C	YGL179C
YBR253W	YPR168W
YBL015W	YJR035W
YDR247W	YGL208W
YNL052W	YOR231W
YEL044W	YLR052W
YDR510W	YER032W
YJR110W	YOL054W
YDR179C	YDR328C
YMR155W	YPL031C
YDR388W	YLR355C
YBR164C	YPL031C
YBL007C	YBR160W
YDR162C	YDR277C
YBR160W	YER032W
YDR277C	YJR090C
YLR293C	YPL009C
YDR309C	YLR319C
YBL007C	YER027C
YLR196W	YPR152C
YBR225W	YNL307C
YBL072C	YPR152C
YFL023W	YHR135C
YDL064W	YJR089W
YCL032W	YCR027C
YDR379W	YER021W
YGR258C	YPL248C
YBR077C	YKR007W
YHR082C	YLR293C
YBR273C	YLL039C
YDR264C	YKR088C
YDR466W	YOL082W
YIL115C	YML031W
YER089C	YFR004W
YOR327C	YPL232W
YNL124W	YPL079W
YMR109W	YPR159W
YLR145W	YNL282W
YER013W	YLR117C
YIL105C	YKL051W
YBL003C	YOL006C
YNR011C	YOR148C
YGL180W	YMR049C
YBR046C	YLL039C
YPL031C	YPL201C
YPL259C	YPR016C
YBR138C	YHR082C
YER177W	YGL181W
YDR446W	YJL194W
YMR032W	YOR181W
YHR082C	YNL155W
YDR028C	YOR267C
YDR122W	YML006C
YER021W	YKR101W
YFR024C-A	YMR259C
YFR004W	YMR037C
YKR081C	YOL127W
YDR063W	YNR035C
YGR276C	YNL154C
YDL209C	YNL307C
Q0085	YML081C-A
YDL207W	YPR080W
YIL109C	YJR059W
YDL063C	YLL039C
YKR088C	YOL018C
YHR082C	YOR141C
YFL023W	YNR031C
YJL095W	YOR107W
YPR052C	YPR056W
YDL115C	YOR151C
YDR145W	YGL112C
YDL209C	YLR147C
YDR145W	YNR010W
YER012W	YML092C
YDR077W	YOR330C
YIL021W	YPR093C
YDR483W	YLR166C
YJR064W	YKL095W
YKL126W	YOL078W
YMR216C	YMR304W
YDR247W	YPR115W
YGL058W	YML101C
YDR092W	YGL087C
YDL209C	YLR117C
YBR095C	YIL084C
YDL222C	YIL105C
YLL039C	YML052W
YGR260W	YHR048W
YDR293C	YNL016W
YPL031C	YPR091C
YLL039C	YNL326C
YDR477W	YJR111C
YIL062C	YKL013C
YDR439W	YGL180W
YBR103W	YMR155W
YBL003C	YGL227W
YLR166C	YPL004C
YLR452C	YMR004W
YIR024C	YNL118C
YJL117W	YPL264C
YGL112C	YPR070W
YGR208W	YLR226W
YDR195W	YJL033W
YML086C	YNL007C
YHR156C	YOR238W
YLR310C	YPL100W
YJL036W	YOR132W
YGL014W	YOL127W
YKL041W	YLR025W
YOR267C	YPR016C
YGR095C	YOR145C
YER178W	YLR166C
YDR510W	YML010W
YFR049W	YOR047C
YER173W	YPL194W
YDR057W	YMR297W
YLR147C	YMR088C
YNL027W	YNL307C
YCL032W	YDR309C
YER105C	YJR042W
YER027C	YER162C
YDR189W	YOR327C
YBR159W	YGL055W
YDR381W	YOL127W
YNL044W	YNL315C
YBL015W	YLL039C
YFR024C-A	YMR302C
YDR122W	YGR009C
YCR091W	YMR216C
YFR004W	YLR216C
YBR279W	YML069W
YGL141W	YKR064W
YDR477W	YNL218W
YDR127W	YDR214W
YGL181W	YPL049C
YLR313C	YNR032C-A
YNL308C	YPR110C
YEL034W	YKL047W
YNL258C	YOR075W
YBR095C	YDR207C
YPL006W	YPR032W
YPL146C	YPR161C
YDR228C	YLR432W
YBR274W	YDR516C
YMR173W	YMR216C
YIL076W	YML067C
YMR005W	YNL216W
YKL203C	YMR104C
YJL222W	YKL065C
YER020W	YLL039C
YFL036W	YLR439W
YAR018C	YGR285C
YKL181W	YPL031C
YDR168W	YGL201C
YDR192C	YJR042W
YIL033C	YPL149W
YDL171C	YGR214W
YGL180W	YLR265C
YFR021W	YNL242W
YBR098W	YHR016C
YLR117C	YPR152C
YLR117C	YNR011C
YMR049C	YPR016C
YBL075C	YLR310C
YGL106W	YPL004C
YJR102C	YMR077C
YBL093C	YDR381W
YDL004W	YMR173W
YEL034W	YJR047C
YDR159W	YDR381W
YLL039C	YMR183C
YLR005W	YPR056W
YHR135C	YHR156C
YJR132W	YPR093C
YBL067C	YHR082C
YAR019C	YCR091W
YJR009C	YML065W
YBR011C	YBR217W
YDR324C	YPR137W
YGL180W	YMR140W
YBL079W	YPR080W
YGL153W	YMR267W
YHR082C	YLR055C
YGR275W	YKR008W
YIL056W	YNL197C
YHR001W	YOR273C
YBR290W	YLL039C
YCL054W	YMR290C
YLL039C	YNL308C
YDL134C	YER032W
YJR062C	YOR332W
YEL037C	YHL030W
YML114C	YPL011C
YDR463W	YJR090C
YBL093C	YPR070W
YDR486C	YLR025W
YLR085C	YPL235W
YBR173C	YGR135W
YGL179C	YJR092W
YOL066C	YPL031C
YMR182C	YNL197C
YDR318W	YGL060W
YER020W	YGL077C
YDR510W	YPL049C
YIL114C	YPL274W
YGL237C	YPL166W
YBR105C	YPR010C
YDL065C	YKL189W
YGL206C	YNL007C
YBL046W	YDR533C
YOL078W	YPR137W
YBR063C	YDR369C
YBR233W	YNL154C
YDR092W	YLR032W
YGR125W	YLL039C
YER021W	YKL100C
YBL007C	YFR024C-A
YBL091C-A	YNL197C
YHL031C	YOL018C
YDR254W	YPR046W
YBL031W	YLR293C
YKL130C	YLR196W
YBR188C	YKR034W
YIR026C	YPL169C
YDL055C	YHR027C
YMR209C	YNL197C
YDL064W	YIL144W
YBR183W	YJL117W
YDL015C	YGR060W
YDR374C	YIL051C
YNR011C	YPL151C
YDR032C	YDR369C
YJL106W	YNL116W
YLR276C	YMR049C
YFL014W	YNL312W
YMR140W	YOR244W
YFR037C	YLR340W
YGL181W	YPL031C
YLL039C	YOR329C
YGL173C	YGR086C
YDR479C	YOL065C
YGL077C	YKL051W
YER042W	YFR004W
YJR059W	YML096W
YFR004W	YFR044C
YKL095W	YLR147C
YGL031C	YLR342W
YGR186W	YPL129W
YGL004C	YIL007C
YDR381W	YJL098W
YJR017C	YML010W
YAL021C	YNL278W
YGL173C	YMR076C
YBR254C	YDR108W
YLL024C	YLL039C
YFL039C	YLR319C
YKL172W	YNL002C
YCL028W	YNL007C
YDR328C	YJR090C
YBL058W	YJL006C
YLR460C	YPL031C
YIL072W	YNL154C
YKR014C	YOL018C
YKL160W	YOR244W
YER069W	YHR027C
YBR211C	YPR046W
YCL028W	YDR260C
YBR191W	YKL180W
YMR165C	YNL197C
YLL039C	YLR377C
YBR267W	YLR009W
YHR016C	YPR081C
YLR410W	YML069W
YDL204W	YER118C
YKR081C	YLR340W
YDL192W	YLR268W
YGR240C	YJL106W
YML008C	YMR015C
YDL207W	YER105C
YBR114W	YOL086C
YBR018C	YGL180W
YDL005C	YPL042C
YDR388W	YOR057W
YGR097W	YNL025C
YBL084C	YLR432W
YGR048W	YKL020C
YBR217W	YLR423C
YOR058C	YPL146C
YER177W	YLR177W
YJL084C	YLL039C
YGL093W	YIL144W
YBR160W	YOR014W
YDR214W	YER110C
YHR113W	YML064C
YDR101C	YLR074C
YDL027C	YHR082C
YBR258C	YLR015W
YDR169C	YPR080W
YDR510W	YKL142W
YBR159W	YML123C
YOR267C	YPL260W
YER095W	YGR240C
YLL039C	YOR348C
YBR114W	YMR315W
YGL011C	YGR135W
YDR388W	YFR004W
YCR093W	YDR145W
YPL012W	YPL131W
YDR240C	YLR423C
YJR059W	YNR013C
YIL144W	YPL260W
YHR027C	YLR153C
YJL070C	YML035C
YDR260C	YEL060C
YER021W	YPR110C
YER166W	YML072C
YBL003C	YOL054W
YDL165W	YPL042C
YNL081C	YNL197C
YHR018C	YLL039C
YGL233W	YGR152C
YLR432W	YML056C
YAR023C	YDL217C
YGR284C	YHR110W
YEL054C	YML065W
YAL053W	YDR497C
YDR448W	YPL011C
YJL164C	YPL100W
YPL151C	YPR182W
YBR188C	YLR424W
YER006W	YML065W
YDL025C	YMR049C
YEL047C	YFR004W
YDR381W	YPL178W
YBR001C	YLL039C
YGL104C	YHR114W
YFR004W	YIL116W
YBR086C	YJR045C
YLR315W	YOL054W
YGR092W	YGR223C
YJR153W	YNL197C
YIL034C	YIL062C
YDR501W	YGL077C
YHR015W	YPL169C
YDR195W	YLR277C
YIL104C	YJL095W
YLR439W	YML065W
YDL227C	YHR027C
YPL049C	YPL070W
YHR073W	YJL164C
YDR308C	YNL236W
YDL181W	YKR054C
YDR176W	YLR423C
YGR092W	YKL140W
YBR160W	YML065W
YLR106C	YMR131C
YDR345C	YHR027C
YGR092W	YJL098W
YDR176W	YOR023C
YGL179C	YKL197C
YNL236W	YPL042C
YJL036W	YPL201C
YLR166C	YOR332W
YCR100C	YNL307C
YBL042C	YNL197C
YHR082C	YNR047W
YBL050W	YGL098W
YJL140W	YPR093C
YLL039C	YOR099W
YJL148W	YJR063W
YDR374C	YOR231W
YCL024W	YOR141C
YCL032W	YGL133W
YGL205W	YJR059W
YBR217W	YMR159C
YPL012W	YPL266W
YGR113W	YLR424W
YFR050C	YML092C
YKL129C	YOR047C
YDL115C	YMR291W
YBR160W	YKL022C
YKL206C	YLL039C
YLR153C	YOL013C
YNL136W	YOR244W
YFR024C-A	YJL194W
YDR380W	YLL039C
YBR160W	YHL050C
YOR124C	YOR138C
YDL064W	YMR117C
YDR216W	YGR123C
YOR145C	YPL266W
YKR072C	YMR149W
YHR096C	YPR138C
YGL048C	YGL141W
YHR113W	YPL129W
YGL006W	YLL039C
YLR259C	YML065W
YDR243C	YNL197C
YFR004W	YPL061W
YMR031C	YPL004C
YAR014C	YDR107C
YML069W	YPR052C
YDR013W	YJL090C
YER061C	YPL031C
YLL039C	YNL305C
YDR264C	YJR086W
YIL016W	YNL154C
YFR004W	YPR035W
YMR032W	YMR109W
YHR152W	YOR369C
YGR086C	YNL073W
YHR082C	YNL073W
YFR004W	YML126C
YBR160W	YLR425W
YDR161W	YDR466W
YBR217W	YDR214W
YDR258C	YPL190C
YBL084C	YPL174C
YLL008W	YLR276C
YML057W	YNL037C
YBR081C	YDR510W
YJL164C	YNL098C
YAL060W	YAL061W
YGL001C	YML008C
YJL006C	YNR064C
YBR253W	YGL025C
YGL201C	YLR233C
YFR004W	YML085C
YLL008W	YPL131W
YBR241C	YML012W
YBR264C	YNL044W
YIL016W	YPL203W
YFL023W	YIL045W
YIR003W	YPL031C
YKR092C	YOR267C
YER092W	YOR141C
YNL186W	YOL113W
YFR021W	YML059C
YDR510W	YKR010C
YJL164C	YOR386W
YMR080C	YOL123W
YER062C	YLL039C
YDR006C	YLL039C
YPL125W	YPR160W
YCR081W	YMR112C
YGL056C	YML072C
YBL075C	YGR104C
YDL192W	YLR330W
YJL005W	YPR152C
YAR014C	YJL042W
YDL087C	YLR298C
YBR160W	YJR033C
YIL109C	YKL068W
YAL024C	YML064C
YER105C	YKL057C
YCR030C	YOR181W
YKL210W	YPR080W
YDR324C	YNL132W
YJR047C	YNL197C
YNL308C	YPL259C
YKL065C	YMR149W
YAL027W	YPL022W
YHR140W	YPL076W
YDR155C	YNL244C
YDR466W	YHL024W
YBL093C	YOL051W
YBR160W	YGL048C
YFR024C-A	YGL201C
YBR010W	YBR081C
YFR004W	YKL056C
YBR289W	YNL031C
YLR342W	YNL307C
YBR127C	YJR033C
YKL190W	YPR159W
YBR188C	YGL120C
YIR033W	YNL263C
YNR011C	YPR178W
YER052C	YLL039C
YGR239C	YMR267W
YGR214W	YPR129W
YDR138W	YER013W
YJL095W	YLR196W
YBR159W	YGL104C
YDL212W	YML132W
YAL053W	YNL283C
YBL040C	YDR414C
YHR174W	YPR152C
YFR024C-A	YGL104C
YDL153C	YJL164C
YAR031W	YCR030C
YIL115C	YLR347C
YHR082C	YPL031C
YLR432W	YOL139C
YDL015C	YPL264C
YBR072W	YIL126W
YBR272C	YGL004C
YBR135W	YFR050C
YOR014W	YOR073W
YCR091W	YML096W
YCR031C	YNL124W
YDR247W	YGR249W
YOR267C	YPR160W
YBR167C	YNL246W
YOL086C	YOR304W
YMR072W	YOR374W
YFR021W	YOL086C
YHR135C	YOL153C
YCR024C-A	YLR241W
YJL127C	YOL110W
YBR082C	YNL031C
YDR049W	YGR048W
YMR080C	YPL106C
YOR091W	YPR161C
YGR264C	YLL039C
YDL215C	YMR304W
YDL055C	YPL226W
YDR137W	YLR039C
YBL050W	YKL196C
YDR243C	YLR117C
YDR192C	YKR082W
YML049C	YMR117C
YJL084C	YPR029C
YLR219W	YOR181W
YOL086C	YPR180W
YHR027C	YPR058W
YBL104C	YDR128W
YIL126W	YNL116W
YDR062W	YLR342W
YGL006W	YPL006W
YDR388W	YOR329C
YBR217W	YLR216C
YDR510W	YGR214W
YLL039C	YMR080C
YGR097W	YNL307C
YDR054C	YFL029C
YBL007C	YHL002W
YHR114W	YLL005C
YBL006C	YIL126W
YHR082C	YML037C
YLR337C	YMR109W
YDR381W	YJR045C
YBL007C	YBR250W
YDL095W	YOR093C
YHR079C	YPL128C
YJL095W	YNL125C
YIL105C	YLR423C
YMR268C	YPR082C
YHR190W	YLL039C
YBR279W	YIL021W
YIL126W	YLR176C
YDR283C	YLL039C
YHR135C	YNL116W
YHR135C	YIL077C
YAL053W	YML072C
YER089C	YLL039C
YGR214W	YOR361C
YML086C	YNL121C
YNL197C	YPL128C
YGL120C	YIL033C
YKL180W	YMR086W
YLL024C	YPL022W
YCR093W	YGL014W
YHR094C	YLL039C
YGR104C	YPL042C
YKR001C	YMR072W
YDL002C	YKR001C
YNL175C	YPL211W
YAL024C	YCL040W
YIL150C	YLR103C
YDR011W	YJR066W
YAL024C	YIL033C
YBL102W	YFL048C
YOR119C	YPR082C
YJL001W	YML092C
YKL104C	YOR151C
YBR160W	YML034W
YBL085W	YDR036C
YGL197W	YNL025C
Q0120	YLR382C
YDR308C	YLR315W
YER006W	YGL120C
YGL006W	YHR175W
YKL114C	YKL164C
YDL095W	YLL039C
YBR217W	YNL208W
YGR192C	YKL129C
YDR448W	YGR142W
YLL039C	YLR345W
YGR260W	YHR026W
YBL007C	YKR001C
YMR197C	YOR327C
YJL033W	YMR216C
YGL120C	YPL146C
YCR009C	YDR381W
YGR092W	YPL242C
YJL165C	YMR076C
YLL024C	YPR144C
YBR260C	YKR055W
YDL215C	YLR432W
YGR258C	YLR005W
YDR479C	YLL039C
YGL112C	YGR264C
YDL002C	YOR141C
YOL088C	YPR117W
YAL021C	YML098W
YNL308C	YPL012W
YBR126C	YCL040W
YPL011C	YPL129W
YDR049W	YOL139C
YDR388W	YGL106W
YLR102C	YPL031C
YDR414C	YGR284C
YLR025W	YPR173C
YPL049C	YPR017C
YBR183W	YNL169C
YBR279W	YOL086C
YBR160W	YDR501W
YGL112C	YGL120C
YGR092W	YNR006W
YDR477W	YLR242C
YCL028W	YOL051W
YGL055W	YJR059W
YDL019C	YGR092W
YPR081C	YPR154W
YGL055W	YNL197C
YDR080W	YLR093C
YDR028C	YHR005C
YER033C	YPL031C
YBR159W	YIL105C
YEL017C-A	YGR284C
YNL197C	YPL069C
YGR097W	YJL106W
YAR027W	YGL104C
YIL084C	YML065W
YBR055C	YBR133C
YBR018C	YDL134C
YDR448W	YHR079C
YLR440C	YOR075W
YDL192W	YPR095C
YBL050W	YOL018C
YDR448W	YDR510W
YHR092C	YJR066W
YGL073W	YOR178C
YDR477W	YOL069W
YLR025W	YNL265C
YJR073C	YNL197C
YDR225W	YML065W
YHR152W	YPR152C
YFR024C-A	YMR127C
YER060W	YJL106W
YLR287C	YML029W
YKL095W	YLR424W
YKR035W-A	YNL265C
YJL090C	YLR072W
YLL039C	YLR034C
YLL039C	YLR056W
YBR170C	YFL044C
YFR004W	YGL206C
YFR004W	YIL041W
YJL098W	YPL049C
YCL043C	YOL126C
YFL042C	YPR110C
YDR244W	YDR265W
YDR192C	YLR293C
YBR103W	YDL112W
YGR260W	YNL044W
YJR017C	YOR151C
YBR072W	YLL024C
YBR274W	YKL210W
YGL134W	YOL113W
YBL085W	YIL144W
YJR063W	YPR110C
YEL058W	YNL218W
YER105C	YMR129W
YGL013C	YMR072W
YHR027C	YOR375C
YLR350W	YML055W
YDR293C	YGR092W
YDL206W	YNL197C
YHL035C	YHR114W
YDR225W	YGL241W
YDL207W	YIL115C
YHR079C	YMR165C
YDR075W	YJL014W
YBR055C	YLR424W
YHR027C	YOR056C
YDR381W	YKR092C
YAL021C	YPL042C
YDR006C	YFR004W
YDR138W	YOR151C
YCL008C	YNL154C
YKL010C	YML085C
YDR510W	YML114C
YNL197C	YNL322C
YGL077C	YIL105C
YLR241W	YNR060W
YLR268W	YNL258C
YML012W	YNL307C
YLL039C	YLR047C
YOR361C	YPR152C
YBR191W	YLR287C-A
YBR010W	YER110C
YHR197W	YLL008W
YFL039C	YOR367W
YBL007C	YCR100C
YER173W	YPL178W
YDL203C	YPL031C
YHR114W	YMR162C
YCR031C	YGL030W
YBL007C	YDL203C
YFL023W	YJL106W
YDR343C	YOR181W
YHR155W	YNL197C
YKR001C	YOR304W
YDR108W	YPR078C
YKL085W	YKL108W
YGL153W	YJL210W
YPL049C	YPR082C
YDR096W	YIR033W
YHR179W	YLL060C
YHL018W	YJL098W
YMR140W	YNL154C
YGL025C	YNR010W
YBL056W	YBR247C
YDR074W	YER178W
YDR345C	YKL203C
YLR083C	YPL264C
YFR004W	YJL001W
YAL060W	YLL039C
YGR013W	YPR178W
YMR213W	YPR101W
YCL032W	YNL180C
YDR466W	YFL023W
YML064C	YPL111W
YML069W	YOL054W
YCL043C	YPL141C
YBR126C	YML100W
YGL201C	YML069W
YJR148W	YLL039C
YKL189W	YMR303C
YDL153C	YML065W
YGR086C	YMR086W
YGR240C	YHR027C
YDL002C	YDR510W
YER110C	YKL028W
YHL027W	YMR032W
YBL031W	YKR037C
YBL007C	YPL012W
YHR161C	YIR006C
YGR086C	YPR152C
YBR041W	YIL124W
YOR113W	YPL203W
YFL036W	YML025C
YEL037C	YGL048C
YGR250C	YJL052W
YCL043C	YHR082C
YGR104C	YNR010W
YDR145W	YGL013C
YLL021W	YLL026W
YIL033C	YJR017C
YGL184C	YJL164C
YGR186W	YKL028W
YBL064C	YHR079C
YDL222C	YGR138C
YER047C	YKL129C
YAR028W	YBR159W
YGR086C	YPL074W
YBR083W	YKL126W
YGL210W	YNL044W
YBR010W	YDR457W
YMR216C	YNL173C
YAL042W	YML067C
YDR159W	YLR423C
YMR165C	YOL016C
YJR090C	YML006C
YBR290W	YPL176C
YER166W	YIR006C
YBR168W	YLR324W
YER006W	YPL146C
YGR247W	YKR034W
YHR005C	YLL039C
YIL109C	YPR181C
YDR324C	YPL266W
YGL167C	YLR342W
YKR081C	YLR276C
YDR254W	YLR315W
YDR293C	YPR152C
YFR052W	YHL030W
YGR260W	YJL117W
YBR010W	YMR176W
YKR025W	YPR110C
YHR110W	YKL065C
YBR041W	YJR009C
YDR283C	YOR056C
YER096W	YPL031C
YHR031C	YKL054C
YHR082C	YOR181W
YFL039C	YFR004W
YKL203C	YNL076W
YGL120C	YLR432W
YBR093C	YCL043C
YGL180W	YLL008W
YCR042C	YPL011C
YAL021C	YDR138W
YCR031C	YKL180W
YJL098W	YNL076W
YMR109W	YNL307C
YGR278W	YKL095W
YBL075C	YLL060C
YGL180W	YNL186W
YJR059W	YLL043W
YER118C	YOR127W
YHL002W	YIL144W
YLL015W	YLL039C
YER095W	YOR151C
YLR039C	YOR361C
YER067W	YPL031C
YLL039C	YNL263C
YDR005C	YPR110C
YGR084C	YJR113C
YBL102W	YLL039C
YJR042W	YKL057C
YBR239C	YFR024C-A
YDR062W	YDR502C
YLR238W	YPL031C
YBR253W	YPR070W
YHR034C	YPR137W
YFL023W	YHR082C
YDR118W	YGL240W
YLL039C	YLR268W
YDR310C	YDR510W
YBL085W	YJR056C
YDL066W	YJL098W
YFL033C	YOR380W
YMR068W	YOR181W
YOL051W	YPR025C
YGR086C	YMR309C
YEL044W	YOR141C
YHL004W	YPR080W
YIL077C	YNL154C
YGL201C	YLR274W
YHR027C	YLR342W
YBR176W	YOR119C
YDR240C	YGL173C
YAR014C	YDR277C
YKR014C	YPR028W
YJL164C	YKL160W
YGL001C	YLR350W
YBR086C	YJL106W
YMR256C	YPL190C
YHR069C	YOR076C
YDL134C	YHR135C
YJL210W	YLR083C
YJL084C	YOR348C
YNL183C	YOL066C
YMR068W	YOL078W
YML010W	YML088W
YHR079C	YHR114W
YKL065C	YML123C
YLL039C	YPR091C
YER177W	YLR403W
YHR135C	YNL186W
YDL015C	YKL065C
YBL058W	YNL155W
YGL133W	YIL126W
YER027C	YOL136C
YDR407C	YKR068C
YGR056W	YNL031C
YDL028C	YPR115W
YJL164C	YPR091C
YBR010W	YNL097C
YBL093C	YDR308C
YMR049C	YPR008W
YFR021W	YGL180W
YGL210W	YOL018C
YBR095C	YML065W
YIL019W	YNL132W
YBR034C	YHR027C
YBR217W	YEL060C
YBL085W	YPL049C
YER059W	YMR311C
YKL065C	YLR034C
YJL084C	YJR059W
YMR037C	YPL042C
YDR510W	YPR110C
YAR014C	YGR092W
YGR278W	YOR361C
YLL039C	YLR320W
YAL054C	YLL039C
YNL197C	YPL165C
YBR159W	YBR290W
YGL055W	YMR015C
YGR142W	YOL018C
YKR082W	YPR080W
YFR024C-A	YMR109W
YLL062C	YOL143C
YDR477W	YOR267C
YBR279W	YLR430W
YHR016C	YLR243W
YBR160W	YOL036W
YJR036C	YLL039C
YDR540C	YHR135C
YHR027C	YPL259C
YDR381W	YNL051W
YGL030W	YPR152C
YHR079C	YOR162C
YLR324W	YPR028W
YBR241C	YDR479C
YBR055C	YDR283C
YDR501W	YOR273C
YHR135C	YJR089W
YJL164C	YKL061W
YIR026C	YPR016C
YLL024C	YML088W
YLL039C	YML010W
YCL028W	YKL040C
YHR096C	YJR066W
YBL003C	YJL081C
YLR268W	YOR037W
YHL030W	YMR314W
YGL194C	YMR273C
YJL164C	YLL043W
YBR173C	YMR314W
YDR002W	YMR235C
YLR072W	YLR173W
YNL002C	YPR115W
YER012W	YLR199C
YFR052W	YIR011C
YKL028W	YNR029C
YDR159W	YLR018C
YDL135C	YPL141C
YBL035C	YDR082W
YER094C	YFR050C
YDR388W	YER116C
YDR093W	YJR066W
YBR160W	YLL008W
YAL027W	YML095C
YDL195W	YIL004C
YDL192W	YML086C
YBR010W	YBR195C
YBR055C	YGR074W
YLL039C	YML049C
YBL007C	YIL144W
YFR004W	YFR050C
YIL076W	YPL010W
YMR213W	YNR011C
YBR182C	YPL089C
YHR023W	YLR423C
YFR004W	YNL281W
YER100W	YKL056C
YBL036C	YOL078W
YLR005W	YLR432W
YMR162C	YPR154W
YHR016C	YLR426W
YIL034C	YPL031C
YLL039C	YMR115W
YAR027W	YJR040W
YFR004W	YMR027W
YDR148C	YDR510W
YDR007W	YNL154C
YER020W	YJL016W
YJR059W	YLL038C
YGR086C	YHR027C
YEL015W	YPR152C
YHR027C	YJR007W
YBR173C	YOR157C
YML064C	YMR246W
YLL008W	YPR016C
YDR479C	YLR036C
YLR277C	YNL222W
YLR355C	YLR442C
YDR155C	YLL039C
YHR027C	YNR043W
YKL126W	YNL106C
YDL207W	YMR129W
YDR128W	YGL205W
YKL104C	YLL040C
YGL156W	YPR110C
YBR019C	YBR274W
YGR185C	YNL247W
YMR138W	YOR070C
YDR378C	YML049C
YJR078W	YLL039C
YOL127W	YPL143W
YER142C	YOL016C
YBL007C	YHR135C
YDR388W	YFL039C
YFL023W	YJL164C
YOR156C	YPR046W
YOR014W	YPL152W
YGR037C	YLL019C
YBR160W	YIR023W
YHR097C	YLL039C
YLR293C	YPL125W
YDR510W	YPL106C
YMR290C	YOR056C
YNL244C	YOR361C
YNL307C	YPR115W
YFR004W	YLR293C
YDR285W	YMR117C
YNL227C	YPL031C
YLR073C	YPL084W
YBR083W	YDR510W
YKL130C	YPR119W
YBR160W	YJR091C
YDR093W	YER166W
YDR381W	YGL030W
YBR055C	YBR149W
YBR010W	YDL200C
YHL018W	YOL054W
YJL164C	YNL149C
YDR073W	YOL051W
YER021W	YLL039C
YGR086C	YJL095W
YJL140W	YNR010W
YBR082C	YFR004W
YFR004W	YPR181C
YBR136W	YML058W
YFR004W	YGR253C
YBR081C	YGL066W
YLR145W	YNL227C
YDR140W	YIL151C
YDL025C	YOR177C
YGR092W	YOL143C
YAL024C	YGR152C
YLR347C	YNL282W
YDL200C	YDR155C
YBR019C	YLR170C
YGR186W	YJL164C
YLR423C	YPL174C
YLR315W	YOR023C
YFR037C	YLR347C
YLR347C	YOR001W
YGR074W	YMR213W
YBL046W	YDL112W
YFL039C	YGL106W
YLR259C	YPL233W
YER006W	YGL030W
YGL001C	YMR202W
YGR056W	YLR321C
YBL003C	YHR167W
YGR104C	YMR112C
YDL112W	YJR045C
YGL112C	YLR055C
YDR264C	YKL196C
YER012W	YLL024C
YBL088C	YNL265C
YFR004W	YPR145W
YER012W	YNR016C
YKL057C	YKR082W
YDL019C	YJL095W
YFL039C	YLR274W
YDR148C	YDR388W
YER104W	YNL312W
YGL180W	YGR126W
YBR278W	YDR388W
YIL045W	YLL039C
YLL039C	YPL125W
YHR027C	YPL262W
YDR118W	YKL022C
YAR019C	YHR079C
YKL150W	YNL121C
YDR240C	YLR298C
YML049C	YPL151C
YLR147C	YPR082C
YLL024C	YNL082W
YDR225W	YML069W
YEL023C	YMR104C
YML049C	YPR152C
YBR279W	YPL084W
YJL210W	YNL214W
YKR023W	YLL039C
YHR027C	YMR246W
YGR113W	YPL018W
YDR381W	YGL120C
YHL002W	YNR016C
YFL050C	YJR059W
YAR018C	YOL113W
YLL024C	YOR090C
YJL164C	YNL007C
YGL058W	YGR180C
YGL179C	YOL130W
YPL141C	YPL201C
YDR510W	YIR033W
YGL093W	YMR117C
YML102W	YNL031C
YDR011W	YML072C
YDL212W	YLR018C
YAL042W	YLL039C
YHR169W	YPR080W
YGR186W	YJL140W
YER021W	YGL048C
YBL023C	YLL039C
YDR005C	YKR025W
YBR168W	YHR150W
YKL172W	YPL131W
YDR254W	YGL060W
YGL001C	YHR190W
YPL004C	YPL164C
YDR131C	YPR093C
YGL077C	YOL105C
YDR510W	YOR032C
YBR170C	YML013W
YKL150W	YLR166C
YCR031C	YLR287C-A
YNL197C	YNL281W
YJL164C	YLL029W
YJL165C	YPR160W
YAR019C	YGR092W
YDL138W	YDR277C
YLL039C	YLR356W
YGR250C	YML056C
YBL023C	YJR046W
YBR247C	YNL308C
YCR031C	YHL034C
YDR414C	YDR503C
YKL093W	YNL307C
YKL080W	YMR054W
YLR167W	YOR124C
YER012W	YER177W
YDL095W	YOL013C
YBR241C	YDL192W
YER118C	YLL048C
YDL065C	YJL210W
YBR211C	YNL289W
YFR004W	YGL037C
YAR019C	YOR267C
YNL125C	YNL197C
YML069W	YOR039W
YIL126W	YOR304W
YJL001W	YOR157C
YBR108W	YJL165C
YKL011C	YMR201C
YDR104C	YMR032W
YER136W	YKR014C
YDR238C	YHR169W
YML067C	YPL246C
YBL084C	YPL106C
YBR223C	YCL028W
YFR050C	YJL047C
YCL054W	YPL211W
YLR192C	YNL244C
YIL030C	YKL209C
YHR135C	YOL070C
YBR127C	YNL239W
YJL033W	YLR340W
YDR465C	YKL068W
YML056C	YPR152C
YDR096W	YML114C
YJL148W	YPR110C
YHR082C	YJL095W
YHR027C	YKL035W
YDL192W	YPL010W
YDL134C	YPR110C
YJR125C	YPR029C
YDR254W	YPL233W
YDR011W	YHR096C
YIL013C	YLR083C
YBR010W	YGL097W
YML065W	YMR072W
YGR084C	YMR158W
YHR135C	YKL210W
YBL037W	YNL265C
YMR086W	YPL004C
YJL164C	YOR141C
YNL149C	YPL031C
YDL232W	YOL132W
YLR330W	YOR244W
YER012W	YPR120C
YDR307W	YJL091C
YDL209C	YGR074W
YDR457W	YLL021W
YJR066W	YLR342W
YNR011C	YPL213W
YJL081C	YKL104C
YLR347C	YPR025C
YGR250C	YNL025C
YOR324C	YPL094C
YJL164C	YJR014W
YML015C	YPL248C
YGR249W	YJR059W
YML046W	YPR082C
YBR199W	YLL039C
YDR427W	YHL030W
YDR510W	YML085C
YDL171C	YMR117C
YDR456W	YJL044C
YDR307W	YER026C
YDL203C	YER012W
YIL004C	YPL010W
YDR460W	YLR005W
YLR009W	YLR276C
YDR498C	YNL258C
YEL054C	YGL120C
YDR510W	YJL081C
YBR247C	YNL154C
YCR023C	YJR059W
YDR145W	YLR055C
YDR138W	YNR031C
YKR001C	YLL039C
YDR086C	YFR004W
YKL034W	YLL039C
YKL139W	YLR196W
YMR052W	YNL127W
YDR388W	YNL244C
YJR059W	YOR113W
YER020W	YNL037C
YAR027W	YML038C
YGL038C	YGL055W
YDR101C	YPL146C
YBR083W	YNL197C
YDR208W	YJL164C
YKR081C	YOL102C
YDR381W	YML056C
YPL004C	YPR173C
YDR256C	YGL153W
YML028W	YML065W
YFR024C-A	YGL181W
YDR189W	YOR075W
YDR510W	YLR277C
YPL235W	YPR010C
YDL227C	YGL014W
YIL016W	YPL076W
YCL037C	YKL054C
YDR207C	YJR094C
YIL017C	YMR135C
YMR049C	YNL230C
YBL102W	YGL006W
YDR155C	YPR120C
YGL006W	YKR007W
YHR069C	YLR163C
YDL012C	YFR024C-A
YGR138C	YLR413W
YBR055C	YOR120W
YBL072C	YKL067W
YMR153W	YPL004C
YDR379W	YJL164C
YLR342W	YPR152C
YGL011C	YJL001W
YJL164C	YMR290C
YGL081W	YMR309C
YAR014C	YFR040W
YBL072C	YPL037C
YBR160W	YGL003C
YMR280C	YOR047C
YCR033W	YOL068C
YLR298C	YPL213W
YFR004W	YPL079W
YIL105C	YNL307C
YJL164C	YNL227C
YDR091C	YML010W
YKR007W	YNL326C
YHR099W	YNL136W
YGR214W	YLR259C
YKL041W	YMR077C
YDR088C	YER013W
YDL002C	YPL141C
YBR177C	YMR109W
YDL200C	YKL056C
YNL308C	YPR161C
YNL197C	YPR149W
YDL055C	YER012W
YER162C	YGL167C
YOR227W	YPR152C
YBR041W	YMR246W
YCR004C	YFR004W
YKL150W	YPL031C
YAL027W	YDR510W
YDR414C	YMR155W
YAL024C	YOL143C
YDR414C	YLR242C
YGR206W	YLL039C
YML065W	YOR324C
YLR310C	YPL049C
YGR214W	YLR153C
YFL033C	YOR162C
YDR059C	YPR093C
YDR063W	YKR034W
YDR356W	YIL144W
YDR155C	YMR036C
YDR388W	YKL129C
YJL164C	YPR115W
YBL084C	YDR260C
YBR127C	YFL039C
YDR502C	YFR004W
YJR059W	YOR028C
YNL074C	YNL197C
YDR436W	YLL039C
YOR049C	YOR127W
YNL175C	YPR016C
YEL015W	YJL014W
YBR135W	YGR108W
YDL192W	YHR188C
YNL071W	YNL197C
YDL055C	YNL055C
YGR104C	YPR168W
YKL013C	YOR181W
YAL049C	YDL025C
YBR177C	YHR114W
YDL149W	YGL180W
YHR197W	YMR290C
YFR024C-A	YPL031C
YDR427W	YGL048C
YGL133W	YJL065C
YBR055C	YDL064W
YAL034W-A	YNL307C
YAL024C	YOL139C
YMR032W	YPL084W
YIL050W	YML065W
YJL070C	YJL164C
YLR417W	YLR452C
YDR122W	YML065W
YDR477W	YNL236W
YBL085W	YJL155C
YKL130C	YNL283C
YBR164C	YDR141C
YOL123W	YPL081W
YJL029C	YLL039C
YAL024C	YNL312W
YDL171C	YPL031C
YIL144W	YLL021W
YDR427W	YNL244C
YAL029C	YKL130C
YGL220W	YLL029W
YML125C	YMR153W
YGR175C	YMR015C
YHR135C	YLL043W
YHR082C	YPL041C
YBR191W	YFR004W
YPL249C	YPR154W
YJL106W	YNL312W
YKR001C	YMR204C
YJL186W	YLR166C
YDR427W	YFR052W
YNL031C	YPL001W
YLR284C	YML064C
YLR103C	YLR274W
YHL019C	YHR135C
YHR082C	YMR302C
YGL173C	YOL149W
YBR086C	YHR082C
YDR225W	YOR207C
YML065W	YMR121C
YBR103W	YOL068C
YDL065C	YMR163C
YHL042W	YIL016W
YER040W	YNL103W
YAR014C	YER032W
YAR014C	YNL044W
YBL042C	YER021W
YBR274W	YLR438W
YGL131C	YNL031C
YGL179C	YLR055C
YJL136C	YJR059W
YMR216C	YNL186W
YLR347C	YOR361C
YDR214W	YHL030W
YCL055W	YGL192W
YLR223C	YLR455W
YOL053W	YPL031C
YDR265W	YNL214W
YDR238C	YPL010W
YJL164C	YLR259C
YER177W	YNL031C
YBR274W	YNL031C
YPL031C	YPR119W
YJL095W	YJR063W
YLL024C	YPL031C
YIL068C	YPR055W
YLL039C	YLR340W
YKL090W	YLL039C
YIL002C	YJL083W
YDR510W	YER039C
YDR324C	YIL019W
YDR510W	YHL031C
YOR014W	YPL106C
YJL001W	YPR180W
YGL104C	YPL076W
YLR147C	YLR430W
YER064C	YHR135C
YGR092W	YMR196W
YDR303C	YKR008W
YFR004W	YOL016C
YGL180W	YMR297W
YBL075C	YPR119W
YLL039C	YPL001W
YGL201C	YJR046W
YLR347C	YOR124C
YJR059W	YLL008W
YHR082C	YPL203W
YCR098C	YNL008C
YHR135C	YLR355C
YBR122C	YHR147C
YER118C	YMR079W
YDR356W	YMR117C
YAL027W	YOL090W
YDR510W	YMR049C
YDR255C	YIL097W
YIL016W	YMR005W
YGL179C	YHR137W
YCL032W	YMR117C
YDR189W	YHR094C
YBR173C	YOR362C
YDR057W	YOL013C
YML065W	YPL008W
YDL079C	YJL014W
YOR001W	YPR110C
YCL040W	YHR027C
YML095C	YOL090W
YCR030C	YML098W
YER012W	YPR080W
YDR293C	YJL164C
YKL139W	YNL132W
YCR042C	YMR005W
YGR208W	YPR161C
YJR059W	YPR160W
YLL039C	YPL006W
YBR299W	YLL039C
YMR201C	YNL312W
YBL007C	YJL106W
YBL033C	YFR004W
YLL018C-A	YPL031C
YNL136W	YPL066W
YDL195W	YOL127W
YBR128C	YPL120W
YDL149W	YLR065C
YDR510W	YPL128C
YDL095W	YPL226W
YHR207C	YJL164C
YBR010W	YNL167C
YLR055C	YOL051W
YBL007C	YOR211C
YBL050W	YFR004W
YFL039C	YHR016C
YPL151C	YPR101W
YGL037C	YPL070W
YHL004W	YPL255W
YLL039C	YOR320C
YDR466W	YPL246C
YLL026W	YNL271C
YER006W	YOR267C
YBR039W	YJR007W
YJL164C	YML010W
YBL102W	YDR414C
YER110C	YPR093C
YGR086C	YNL244C
YOL054W	YPL001W
YCR094W	YLL039C
YBL007C	YMR147W
YIR033W	YML055W
YGR240C	YHR169W
YMR153W	YPL031C
YBR197C	YHR079C
YDR510W	YKL126W
YBR010W	YER169W
YER012W	YOR362C
YKL172W	YMR290C
YBR137W	YOR007C
YBR159W	YNL055C
YGL056C	YGL077C
YIL021W	YKL028W
YGR074W	YPR178W
YML072C	YMR011W
YIL105C	YOR181W
YIR007W	YPR080W
YBL088C	YNL312W
YFL039C	YOR181W
YPL178W	YPL190C
YDR381W	YLL024C
YLL039C	YOR109W
YHR096C	YKL051W
YLR310C	YOR156C
YFR024C-A	YOR284W
YBR286W	YLL039C
YDR247W	YMR140W
YCR061W	YLL048C
YGR006W	YPL016W
YDR388W	YJR115W
YHL004W	YOR284W
YJL070C	YMR131C
YBR177C	YOL018C
YBR225W	YPL203W
YHR027C	YPR145W
YPR032W	YPR055W
YPL248C	YPR056W
YFR004W	YGL014W
YLR350W	YML012W
YEL039C	YNL197C
YHR152W	YPL061W
YBR159W	YDR381W
YEL043W	YNL197C
YER021W	YIR025W
YDR258C	YHR023W
YBL003C	YLR442C
YGR060W	YLR343W
YIL050W	YLR190W
YHL042W	YNL329C
YLR080W	YPR181C
YHR167W	YPR046W
YJL164C	YLL038C
YBR177C	YKL140W
YDL115C	YGR186W
YML092C	YOL038W
YLR019W	YPR010C
YDL210W	YJL106W
YJR009C	YMR031C
YBR173C	YOL038W
YHR005C	YLR240W
YGR275W	YLR321C
YGL167C	YIL146C
YDL064W	YDR363W
YFR004W	YOL158C
YDR313C	YLL039C
YGL014W	YNL118C
YDL072C	YFR004W
YHR152W	YIL105C
YIL072W	YPR007C
YBL075C	YLR345W
YIR026C	YKL051W
YDR028C	YPL031C
YKL206C	YMR314W
YDR192C	YMR255W
YAL024C	YGL148W
YIL115C	YPL169C
YAL056W	YJL164C
YDL212W	YML038C
YDL087C	YGL173C
YJR041C	YPL178W
YML010W	YNL132W
YER062C	YNL281W
YML012W	YML055W
YMR032W	YOR264W
YBR278W	YMR224C
YIL016W	YLR018C
YBR108W	YHR016C
YKL035W	YOL045W
YBL075C	YOR181W
YIR017C	YOL069W
YDR477W	YGL208W
YBR126C	YLR215C
YFR004W	YMR015C
YBL003C	YPR008W
YCR009C	YDL044C
YDR510W	YGL148W
YDL153C	YGR092W
YGR135W	YGR253C
YKL104C	YLR052W
YLL039C	YLR440C
YBL056W	YMR246W
YER021W	YPR119W
YAL034W-A	YDR318W
YBR011C	YKL108W
YGR109C	YNL197C
YBL023C	YMR314W
YGL077C	YML072C
YCR081W	YNL236W
YDR501W	YHR094C
YHR090C	YNL031C
YNR010W	YOL051W
YML088W	YPL231W
YOR001W	YPL190C
YGR289C	YIL016W
YFR004W	YNL055C
YMR117C	YNL291C
YDR137W	YJR059W
YCL024W	YJR062C
YPL031C	YPR017C
YLR223C	YNR023W
YBL007C	YGL206C
YGL003C	YHR135C
YLL017W	YNL098C
YEL004W	YPL264C
YAL029C	YGL106W
YNL307C	YPR159W
YDR510W	YOR001W
YER034W	YPL031C
YHR197W	YMR049C
YKL180W	YLR287C-A
YDR216W	YDR477W
YIL126W	YJR094C
YGL173C	YPL190C
YDR501W	YML072C
YDR510W	YNL121C
YDR369C	YKL022C
YKL130C	YLR353W
YAL029C	YLR274W
YGL227W	YJL106W
YKL203C	YMR068W
YLL063C	YMR015C
YDR247W	YOL116W
YML064C	YNL218W
YGL206C	YLL039C
YBR159W	YGR060W
YFR004W	YPR058W
YDR080W	YKR014C
YLR109W	YPL001W
YDR207C	YJR059W
YBR241C	YGR060W
YGR142W	YOR327C
YBL037W	YNL118C
YDR195W	YOR179C
YJL106W	YNL186W
YMR235C	YPL111W
YIL038C	YML098W
YDR477W	YEL060C
YDL018C	YML012W
YCR026C	YLL039C
YFR004W	YKR082W
YKL080W	YOR332W
YLL008W	YNL073W
YKL130C	YNL244C
YNL154C	YOR107W
YDL217C	YHR114W
YGL106W	YKR010C
YBR055C	YLR432W
YGL201C	YPR154W
YMR304W	YPR115W
YBL003C	YGL173C
YFL024C	YJR082C
YBR160W	YLR182W
YEL034W	YOR361C
YNL186W	YPL042C
YDL015C	YHR026W
YBL088C	YPL110C
YGR016W	YMR104C
YHR023W	YPR188C
YBR195C	YNL183C
YDR477W	YNL025C
YFR024C-A	YPR055W
YOR244W	YPR160W
YBR086C	YLL039C
YCR024C-A	YGR284C
YLR430W	YPR148C
YLL039C	YOR086C
YJL033W	YML065W
YDR192C	YPR181C
YAR019C	YLL019C
YDR388W	YPL249C
YDL212W	YPL094C
YGL077C	YLR413W
YLR231C	YPL203W
YJR092W	YOR231W
YBL058W	YML064C
YLL039C	YPL169C
YBL101C	YLL039C
YAL021C	YCR093W
YDR074W	YML100W
YOL016C	YPL203W
YDR101C	YLR340W
YDR228C	YPR049C
YNR011C	YPR182W
YCR012W	YFR004W
YGL060W	YPR046W
YCL028W	YCR081W
YDL199C	YJL004C
YLL026W	YLR072W
YGL120C	YGL173C
YER012W	YFR004W
YNL132W	YNL230C
YIL126W	YKR001C
YLR347C	YNL197C
YDR452W	YHR161C
YGL120C	YNL175C
YBL072C	YOR361C
YBR279W	YGR104C
YGR185C	YLL039C
YBR170C	YDR049W
YGL073W	YLR419W
YJL095W	YPR058W
YCL032W	YHR135C
YGL197W	YNL197C
YGL060W	YGL093W
YER027C	YNL183C
YPR154W	YPR171W
YJL100W	YOR181W
YHR016C	YLL005C
YER118C	YGL173C
YKR088C	YLR080W
YBR272C	YML065W
YLR268W	YMR183C
YER048C	YPL031C
YLR347C	YML031W
YCR059C	YIL071C
YML029W	YNL329C
YIL045W	YOR178C
YLL039C	YNR001C
YER105C	YNR047W
YMR290C	YPR016C
YCR069W	YMR149W
YGL153W	YNL044W
YGL179C	YGR276C
YGR108W	YGR225W
YBR041W	YGR175C
YDR075W	YDR293C
YML008C	YOR097C
YGR192C	YKL142W
YDR388W	YGR098C
YJR102C	YLR417W
YBR202W	YGL001C
YCR091W	YMR165C
YBR289W	YMR072W
YBR183W	YKL065C
YBL007C	YHR079C
YJL033W	YPR161C
YDL222C	YKL051W
YBR199W	YOL132W
YGR138C	YHR094C
YHL031C	YKL196C
YBR010W	YML069W
YDR477W	YJL103C
YLL049W	YLR423C
YGL180W	YHR156C
YDR378C	YNR011C
YBR247C	YKL180W
YNL307C	YOL054W
YKL126W	YMR104C
YNL307C	YOR028C
YLR319C	YOR304C-A
YER118C	YOR181W
YBL058W	YDR381W
YDL015C	YLR343W
YLL039C	YPL206C
YNL197C	YNL278W
YDR189W	YLR440C
YGR123C	YLL039C
YBL093C	YCL028W
YNL246W	YPL141C
YLR215C	YPR080W
YGL025C	YMR112C
YKL067W	YLR347C
YHL039W	YMR111C
YLR196W	YPR161C
YDR510W	YJR153W
YGR215W	YMR158W
YLL039C	YPL012W
YLR192C	YMR309C
YHR082C	YLL039C
Q0085	YCR106W
YFR004W	YGR244C
YCR100C	YPL141C
YGR284C	YHR026W
YCR081W	YDL005C
YIL068C	YPL022W
YKL126W	YPR111W
YHR082C	YNL289W
YHR114W	YMR253C
YHL034C	YMR143W
YFR004W	YPL110C
YBR160W	YOR075W
YDL028C	YDR168W
YDR510W	YLR223C
YBR173C	YKR054C
YKR027W	YMR237W
YDL103C	YJL006C
YLL039C	YLR446W
YGL120C	YPL081W
YGR038W	YML029W
YFL054C	YJR059W
YGL030W	YGR285C
YCL039W	YDR255C
YJR099W	YLR167W
YGR276C	YOR267C
YKL129C	YLL039C
YFR004W	YKL181W
YER021W	YHL030W
YOL054W	YPL018W
YBR072W	YPL226W
YMR291W	YOR141C
YNL116W	YPL022W
YDR446W	YOR156C
YGL106W	YMR173W
YDR293C	YNL289W
YDL192W	YNR028W
YGR180C	YJL006C
YCR063W	YKL085W
YBR034C	YGL240W
YDL212W	YLR208W
YGL112C	YMR127C
YER047C	YOR181W
YDL039C	YJL165C
YDR054C	YDR328C
YDL057W	YPL049C
YJL082W	YML086C
YGR284C	YPL274W
YNL116W	YPL110C
YOR141C	YPL141C
YBR211C	YDR318W
YMR197C	YOL018C
YPL018W	YPL174C
YHR099W	YJR082C
YGR138C	YIL105C
YDR155C	YLR074C
YLL021W	YNR031C
YLL039C	YMR140W
YER177W	YOR244W
YBL091C-A	YPL094C
YDR510W	YLR293C
YBR253W	YCL028W
YPL004C	YPR152C
YCL055W	YDR118W
YJL106W	YPR058W
YDR477W	YKR071C
YLR330W	YMR237W
YDR285W	YOL069W
YCL024W	YKR071C
YCR061W	YNL318C
YIL065C	YOR007C
YKL023W	YMR216C
YDL153C	YPR161C
YHL042W	YPR028W
YLR031W	YLR315W
YCR093W	YLL039C
YLR347C	YMR153W
YDR233C	YNL044W
YBR227C	YPL129W
YGR275W	YLR258W
YML065W	YPR120C
YDR388W	YML123C
YGR108W	YHR135C
YBL007C	YHR114W
YHR027C	YMR314W
YER094C	YGL011C
YDL055C	YPR119W
YGL237C	YOR047C
YBR105C	YIL076W
YGL011C	YOR157C
YBR188C	YDL209C
YLR073C	YNL197C
YAR028W	YPL264C
YBR055C	YPL004C
YDL028C	YIL151C
YER062C	YIL045W
YLL039C	YLR093C
YBR160W	YKL108W
YHR099W	YPR152C
YJR041C	YPL131W
YNL306W	YPL118W
YHR099W	YNL216W
YKR008W	YMR224C
YHR027C	YLR060W
YGR086C	YPL004C
YFL039C	YMR109W
YDL212W	YML012W
YBR160W	YOR008C
YKR021W	YPL031C
YDR225W	YPR052C
YLR259C	YNL055C
YDR027C	YGL233W
YDL215C	YML131W
YDR324C	YPL022W
YFR024C-A	YFR040W
YFR004W	YNL241C
YFR004W	YPL231W
YDL149W	YLL039C
YAR042W	YDL019C
YHR135C	YOR162C
YLR452C	YML038C
YDR324C	YPR144C
YIL139C	YLR147C
YCL039W	YMR135C
YHR082C	YNL136W
YLL039C	YPR055W
YER020W	YOR273C
YBR225W	YLR293C
YBR272C	YFR004W
YBL007C	YMR109W
YGR260W	YGR284C
YHR099W	YPR070W
YER173W	YIL139C
YDR006C	YGR285C
YDR027C	YLR166C
YGL120C	YLR424W
YML046W	YPR182W
YLR310C	YPL203W
YJL053W	YOR132W
YDR265W	YJL210W
YGL173C	YLL019C
YJR059W	YOR083W
YGL023C	YJL164C
YBL091C-A	YML029W
YBR019C	YPL031C
YGL106W	YOR127W
YAL021C	YLL013C
YER118C	YMR109W
YDR088C	YPR101W
YBR082C	YNL116W
YBL003C	YML069W
YCR091W	YPR160W
YAL024C	YLR438W
YKR101W	YNL216W
YLL039C	YOR369C
YGR074W	YJR033C
YLL039C	YLR060W
YER136W	YJR035W
YDL019C	YKL129C
YML006C	YNL025C
YLR315W	YPL255W
YHR135C	YNL293W
YLL031C	YNL197C
YDL153C	YHR079C
YNL308C	YOR244W
YBR055C	YNR011C
YDR129C	YEL037C
YDR264C	YPL246C
YKR071C	YMR304W
YBL058W	YPR168W
YBL084C	YBR160W
YOL070C	YPL031C
YNL154C	YOR362C
YDR137W	YNL307C
YER105C	YPL169C
YDR328C	YOR332W
YAL021C	YIL038C
YFR024C-A	YMR253C
YGR250C	YPL178W
YLR018C	YLR347C
YGR238C	YJL030W
YDR510W	YML023C
YLR258W	YOR178C
YFR004W	YPR062W
YGR276C	YNL307C
YEL037C	YMR276W
YHR009C	YHR135C
YDR283C	YNL025C
YDL061C	YGR275W
YNL230C	YPL001W
YMR072W	YPR152C
YAR014C	YCL028W
YGR278W	YPR101W
YDR379W	YKR009C
YDR103W	YEL023C
YFL062W	YLL039C
YDR510W	YPL226W
YDR118W	YDR477W
YMR112C	YPR070W
YDR192C	YLR018C
YDR510W	YPR080W
YMR237W	YOL086C
YNL074C	YNL154C
YIL076W	YLR268W
YML058W	YOL006C
YDR318W	YML023C
YDR054C	YNL236W
YDR254W	YNR062C
YBL025W	YMR270C
YER092W	YLR423C
YDR345C	YJR066W
YIR025W	YJL058C
YNL154C	YOL104C
YBR127C	YLR447C
YDR036C	YGR084C
YDR388W	YOR362C
YML064C	YML078W
YBL102W	YLR083C
YGL237C	YOL139C
YDR127W	YER095W
YLR284C	YOR180C
YGR267C	YHR135C
YJR033C	YKL080W
YLR056W	YML012W
YDR303C	YGR056W
YBR108W	YDR388W
YDR483W	YOL018C
YBR160W	YPR119W
YJR059W	YKL013C
YLL039C	YMR290C
YGL106W	YKL130C
YDR499W	YNL312W
YGR104C	YPR056W
YPL213W	YPR182W
YKL130C	YLR190W
YBR001C	YGL106W
YGR066C	YML064C
YLR009W	YNL002C
YHR027C	YPL233W
YDR127W	YOR375C
YGR060W	YKR088C
YDR479C	YHL031C
YLR447C	YOR047C
YDL103C	YFR004W
YGR276C	YJL164C
YCR030C	YLR337C
YGL194C	YIL112W
YBR157C	YJR059W
YDR159W	YGL112C
YNL055C	YPR010C
YDR238C	YPL004C
YBL007C	YNL176C
YCR081W	YDR308C
YAR014C	YMR258C
YDR314C	YIL105C
YBR160W	YLR009W
YOL082W	YPR049C
YGL097W	YOR304W
YDR247W	YOR028C
YCR093W	YDL224C
YDL149W	YNL154C
YDR477W	YMR290C
YBR160W	YIL112W
YGL167C	YKR039W
YDR225W	YFL013C
YLR196W	YNL002C
YHR135C	YOR177C
YOL060C	YPL031C
YER177W	YGR097W
YDR225W	YLR442C
YNL049C	YPR181C
YGL077C	YMR011W
YDR244W	YLR377C
YAL042W	YBR229C
YKL103C	YPR049C
YFR004W	YJL014W
YPR082C	YPR178W
YDR427W	YFR004W
YBL085W	YPL038W
YFL024C	YFL039C
YLL039C	YOR304W
YCR009C	YFR004W
YHR026W	YLR034C
YGR074W	YML046W
YML119W	YPL031C
YER074W	YOL127W
YDR028C	YFR004W
YDL165W	YER068W
YFL010C	YLL039C
YOL127W	YPL211W
YBR211C	YPL233W
YKL196C	YLR093C
YDR334W	YJL081C
YBL079W	YKL068W
YCR091W	YDR173C
YER047C	YMR117C
YGL179C	YHL024W
YBL003C	YNL002C
YDR378C	YOL149W
YBR273C	YJL048C
YGL180W	YJL084C
YCL054W	YNL154C
YBR108W	YNL154C
YCL054W	YNL002C
YAL067C	YER118C
YBR241C	YIR033W
YDR225W	YDR448W
YNL027W	YPL031C
YFL048C	YPL246C
YDL019C	YNL154C
YDL002C	YJL081C
YDR225W	YLR347C
YDR510W	YGR211W
YJL185C	YOR127W
YDL028C	YDR356W
YDR129C	YLR330W
YDL159W	YMR322C
YKL196C	YLR268W
YDR007W	YLL039C
YBR108W	YGR086C
YBL085W	YMR244W
YAR018C	YBL084C
YBR274W	YKL104C
YGL120C	YNL132W
YCR079W	YLR192C
YDR381W	YDR475C
YLR355C	YML065W
YDR159W	YER105C
YLR424W	YPR182W
YGL031C	YML065W
YLL039C	YLR172C
YBR126C	YIR032C
YAR031W	YBR217W
YDR265W	YNL329C
YDR510W	YHR190W
YBR290W	YPL076W
YFR015C	YPL031C
YKL141W	YLL039C
YMR036C	YPR161C
YHR135C	YLR276C
YER093C-A	YHR079C
YFR004W	YMR276W
YCR044C	YHR140W
YGL160W	YLL039C
YGL206C	YLR330W
YGR092W	YMR184W
YEL015W	YJL164C
YER012W	YPL131W
YGL031C	YPL131W
YPL106C	YPR171W
YHR135C	YJL033W
YLR360W	YPR079W
YDR240C	YLR347C
YIL126W	YPR052C
YJL001W	YLL039C
YGL120C	YML056C
YMR304W	YPL031C
YHR135C	YKR071C
YDR091C	YLR340W
YKR057W	YNL124W
YDR388W	YJL084C
YGR092W	YNR047W
YMR138W	YNR035C
YDL055C	YNL149C
YLL039C	YMR256C
YDR310C	YHR152W
YKL164C	YNL197C
YLL039C	YPR108W
YCR042C	YPR056W
YGL048C	YPR108W
YFR037C	YKR001C
YDL064W	YOR156C
YBR274W	YMR270C
YIL105C	YLL039C
YBL007C	YKL054C
YDR477W	YJL033W
YLR052W	YOR304W
YCL024W	YNL289W
YKL104C	YPL111W
YER110C	YGL097W
YDR118W	YIR025W
YER101C	YLL039C
YAR042W	YML069W
YHR090C	YHR099W
YDL120W	YER048W-A
YDR179W-A	YOR157C
YJL164C	YPL232W
YDR510W	YPL028W
YER059W	YPL031C
YJL164C	YPR171W
YKL172W	YNL175C
YLL039C	YOL065C
YLL062C	YOR064C
YBL007C	YDL002C
YGR186W	YML010W
YDL159W	YDR103W
YDR258C	YMR176W
YCR028C	YJL004C
YER086W	YLR355C
YBR068C	YHR094C
YOR028C	YPR046W
YBR151W	YPL031C
YCL037C	YML056C
YJL218W	YML064C
YGL094C	YKL025C
YBR108W	YMR032W
YAL053W	YDR501W
YCL050C	YFR004W
YGR126W	YNL293W
YDR343C	YKL203C
YDR145W	YOR244W
YBR265W	YHR082C
YFL039C	YGR240C
YGR192C	YLL039C
YKR082W	YPL169C
YLR056W	YNL280C
YGR185C	YNL306W
YDR510W	YMR235C
YPR082C	YPR182W
YHR135C	YPR121W
YJR056C	YNL197C
YFL042C	YMR303C
YJR025C	YOL113W
YNL326C	YPL031C
YDR510W	YMR079W
YAL030W	YGR009C
YFR024C-A	YMR304W
YDR328C	YNL103W
YIL109C	YJL004C
YBR083W	YLL039C
YFR004W	YKR002W
YGR084C	YNL132W
YHR140W	YPL227C
YBR102C	YGL233W
YBR159W	YPL189W
YJR082C	YPL248C
YBL023C	YPL008W
YBR136W	YDR499W
YHR079C	YMR140W
YLR307W	YOL016C
YGL014W	YNL197C
YPL059W	YPL106C
YHR114W	YMR313C
YBL014C	YBR160W
YEL034W	YJR007W
YJR066W	YPL249C
YLR182W	YML114C
YHR090C	YNL136W
YAL030W	YMR183C
YCR009C	YFL039C
YDR280W	YGR095C
YBR160W	YDR309C
YBR041W	YOR059C
YBR159W	YBR298C
YHR079C-A	YNL312W
YCR005C	YKL085W
YKL035W	YML064C
YDR247W	YKR010C
YDR169C	YHR135C
YBR208C	YLL039C
YKR089C	YLL039C
YCR011C	YLL039C
YNL263C	YPL031C
YHL036W	YNL197C
YHR079C	YML037C
YJL056C	YML058W
YBL079W	YDR159W
YGR092W	YPR181C
YHL031C	YPL094C
YCR012W	YDR510W
YMR246W	YOL139C
YKL139W	YOL082W
YHL042W	YHR032W
YER089C	YHR079C
YDR293C	YPL004C
YDL100C	YDR304C
YHR174W	YKL142W
YGL206C	YJL084C
YDL087C	YGR013W
YGL030W	YOL127W
YBR055C	YDR129C
YPL226W	YPR152C
YDR303C	YGR275W
YNR065C	YOR181W
YBR034C	YOL123W
YFL024C	YOR244W
YGL120C	YIL002C
YDL055C	YER095W
YGR282C	YLL039C
YLL029W	YOR138C
YJR004C	YNL197C
YLR347C	YPL106C
YER024W	YLL039C
YDR427W	YOL038W
YBR235W	YNL197C
YLR320W	YPL018W
YML012W	YMR054W
YFR004W	YLR342W
YJR007W	YOL139C
YGL227W	YMR135C
YGR092W	YKL126W
YCL024W	YNL027W
YMR049C	YNL002C
YLR274W	YPL031C
YBR019C	YLR055C
YDR069C	YOR177C
YER107C	YPR119W
YGL001C	YLR056W
YDL195W	YHR027C
YMR213W	YPR152C
YBR166C	YLL039C
YGL156W	YKL103C
YGL112C	YHR099W
YGL003C	YGL240W
YDR510W	YML028W
YGL192W	YOR125C
YGR278W	YPL151C
YDL100C	YOL018C
YJL052W	YJR009C
YDR373W	YER177W
YDL100C	YER017C
YJL164C	YLR363C
YJR082C	YOL113W
YGR086C	YPL235W
YGL120C	YNL224C
YML065W	YPL129W
YDR145W	YNL216W
YLR238W	YPR110C
YHL034C	YPL031C
YJL098W	YLR274W
YFL039C	YHR090C
YGL179C	YNL027W
YMR276W	YPL031C
YHL024W	YPR129W
YLR258W	YPL031C
YBR233W	YJL095W
YBR173C	YER094C
YML065W	YNL162W
YLL039C	YOL126C
YBR006W	YKL023W
YGR097W	YPR115W
YAL053W	YGL077C
YLR430W	YPR080W
YFL039C	YML126C
YBR138C	YOR231W
YDR499W	YJR096W
YHL004W	YNR022C
YER086W	YLR259C
YLR196W	YPL012W
YGL180W	YOR056C
YBL058W	YPL031C
YHR027C	YML100W
YDL095W	YJL117W
YGL206C	YOR181W
YBL079W	YDR381W
YKL035W	YNL289W
YGL023C	YMR049C
YPL146C	YPL211W
YLL039C	YLR342W
YKL116C	YMR284W
YBR173C	YGL048C
YDR255C	YNL197C
YLL021W	YOR181W
YFR004W	YNL208W
YFR050C	YOR157C
YBR160W	YHL022C
YCR081W	YGR104C
YLR240W	YPL120W
YHR034C	YLR323C
YFR004W	YLR028C
YGL037C	YGR092W
YHR001W	YKR003W
YML013W	YOL013C
YGL180W	YPL031C
YFR004W	YGR135W
YCL037C	YPL169C
YMR053C	YNL307C
YMR041C	YOL045W
YAR027W	YIL004C
YKR054C	YML085C
YDR328C	YNL121C
YGR058W	YOR264W
YBR055C	YGR013W
YHR009C	YOR359W
YKR014C	YLR148W
YDR277C	YNL073W
YDR381W	YER110C
YDL055C	YLR106C
YDL235C	YKL114C
YER062C	YPL201C
YIR006C	YOL101C
YNL249C	YPL125W
YBL023C	YDL171C
YBR159W	YJR015W
YPL259C	YPR159W
YIL144W	YNR035C
YGL153W	YNL086W
YGR092W	YOR362C
YER177W	YOL013C
YPL232W	YPR032W
YJR122W	YPR067W
YGR086C	YNL230C
YDL210W	YNL279W
YDR510W	YKL104C
YGL206C	YNL106C
YIL105C	YMR068W
YGR215W	YJR113C
YLL039C	YOR039W
YJL005W	YLR310C
YDR510W	YGR135W
YML065W	YPL131W
YBR114W	YOR332W
YIL004C	YIL076W
YMR031C	YOR181W
YHR001W	YNL283C
YKL213C	YLL039C
YDL005C	YPL129W
YBL003C	YIL056W
YJL186W	YLL039C
YER105C	YIL115C
YGL121C	YLR278C
YBR167C	YBR257W
YGL014W	YJR025C
YDR483W	YPR152C
YAL021C	YER068W
YNL116W	YNL154C
YCR031C	YGL031C
YDR427W	YHR027C
YDR176W	YDR208W
YHL002W	YLL039C
YGL004C	YHR027C
YNL002C	YPL211W
YJL164C	YMR165C
YKL010C	YML064C
YGR240C	YJR090C
YBR114W	YLR147C
YML065W	YPL176C
YAR027W	YIL016W
YGL035C	YGL179C
YCR031C	YNL308C
YGL120C	YLR147C
YJL164C	YPL203W
YBR176W	YLR347C
YJR132W	YLL039C
YBR159W	YCR024C-A
YBR159W	YLR080W
YKL010C	YPR080W
YML058W	YPL031C
YHR135C	YLL039C
YKL140W	YMR152W
YGR095C	YOR001W
YMR291W	YNL154C
YDR501W	YLR413W
YBR159W	YPR003C
YFR050C	YGR067C
YBR160W	YKR089C
YML065W	YNR021W
YER006W	YKL172W
YGL180W	YLR410W
YKL189W	YPL049C
YBL072C	YPR144C
YGL173C	YLR432W
YDR101C	YNL227C
YGR037C	YMR109W
YJR045C	YML065W
YDR216W	YNL025C
YML088W	YOR151C
YDL159W	YOL123W
YGR224W	YHR152W
YGR253C	YJR059W
YKR018C	YLL039C
YDL165W	YPL037C
YMR109W	YNR035C
YJR045C	YOR347C
YDR233C	YOR285W
YDR101C	YPL169C
YLR074C	YPR016C
YHL002W	YPR171W
YCR061W	YDL035C
YHR027C	YIL109C
YDL171C	YER110C
YDR103W	YDR148C
YOR155C	YPL070W
YBR095C	YDR510W
YGR278W	YNR011C
YER021W	YOR362C
YAR019C	YHR169W
YKR037C	YKR083C
YLR423C	YLR439W
YDR159W	YLR277C
YLR347C	YOL051W
YKR021W	YNL197C
YKR055W	YNL127W
YDR303C	YKR001C
YCL032W	YDR103W
YGL060W	YPL233W
YFL048C	YLL039C
YER141W	YLL039C
YHR135C	YPL100W
YDL055C	YKL104C
YFR037C	YIL126W
YDL137W	YLL039C
YAL053W	YER100W
YGL120C	YLR074C
YCR091W	YDL153C
YDR293C	YNL066W
YKL054C	YNL118C
YJR042W	YKL068W
YBR159W	YHR140W
YDR244W	YNL214W
YFR040W	YPR040W
YMR140W	YPL203W
YDR510W	YLR055C
YNL175C	YPL131W
YOR028C	YPL046C
YKR007W	YOR316C
YAL021C	YCL028W
YJL164C	YLR192C
YDR324C	YGL011C
YDR074W	YFR004W
YHL034C	YLR432W
YBR274W	YMR255W
YBL058W	YJL164C
YJR066W	YLR377C
YNL055C	YOR151C
YJL095W	YPL004C
YFL039C	YML065W
YAR027W	YNL263C
YBR247C	YNL132W
YAL029C	YML056C
YFR052W	YKL203C
YDR510W	YLR231C
YDR228C	YDR381W
YCR028C	YNR065C
YDR159W	YJL197W
YDR448W	YHL004W
YLL024C	YMR273C
YML017W	YOL139C
YDR096W	YER033C
YJL140W	YJL164C
YDR356W	YMR129W
YDR498C	YGL098W
YMR290C	YPL031C
YKR083C	YLR423C
YKL146W	YMR216C
YKL203C	YOR181W
YAR042W	YOR361C
YJL106W	YNL027W
YIL007C	YKR055W
YJR092W	YPL242C
YKR044W	YNL197C
YNL048W	YPR028W
YLL039C	YLR350W
YBL007C	YGL035C
YER019W	YLL039C
YFR004W	YOR157C
YGL179C	YHR090C
YFR004W	YIL148W
YER012W	YGR253C
YDR334W	YOL090W
YER012W	YGL058W
YFL013C	YJL081C
YKL172W	YOR156C
YBL085W	YLL040C
YCR030C	YPR119W
YBR183W	YDL212W
YPL131W	YPR152C
YBR211C	YGL060W
YGR266W	YOR181W
YGL077C	YMR149W
YER092W	YHR135C
YGR060W	YHR140W
YGR046W	YNL236W
YEL037C	YFR004W
YLR438W	YPL031C
YAR014C	YML131W
YHL004W	YOL113W
YBR160W	YOR037W
YGR180C	YHR027C
YMR267W	YNL154C
YER107C	YIL115C
YBL058W	YBR114W
YFR004W	YLR447C
YLL039C	YNL044W
YER013W	YMR213W
YKL116C	YML037C
YGL056C	YHR094C
YBR041W	YML008C
YDR159W	YDR448W
YDR253C	YNL103W
YMR176W	YNL031C
YHR027C	YOR361C
YLL008W	YPL031C
YGL048C	YHR135C
YBR160W	YDR223W
YGL173C	YNL175C
YHR135C	YIL010W
YLR018C	YMR129W
YEL034W	YNL244C
YBL003C	YFL024C
YFR037C	YGR275W
YDR293C	YER033C
YDR293C	YGL180W
YPL004C	YPR161C
YDR009W	YPL248C
YGL003C	YPR120C
YBR177C	YHR027C
YBL084C	YGL003C
YDL002C	YNL307C
YCL028W	YML058W
YDR324C	YOR145C
YBR127C	YLL039C
YAR027W	YBR159W
YLR178C	YNL009W
YML057W	YPL235W
YAL029C	YLR304C
YGR197C	YNL020C
YDR244W	YJL210W
YBL003C	YPR161C
YBR159W	YPL264C
YPL004C	YPL022W
YGR175C	YPR080W
YGR264C	YLR258W
YDR448W	YPL248C
YBL006C	YGR275W
YDR247W	YGL184C
YGR086C	YOR181W
YFR004W	YLR225C
YLR117C	YPR046W
YHR082C	YML057W
YHL022C	YHR157W
YIL033C	YPL203W
YBR011C	YDL203C
YGL106W	YJL033W
YLL039C	YLR066W
YKR081C	YLR074C
YAR042W	YNL197C
YGR056W	YGR275W
YLL008W	YNL175C
YKL203C	YLR342W
YAL053W	YOL105C
YLR287C-A	YOL127W
YLR223C	YMR005W
YIL050W	YPL031C
YER142C	YML056C
YLL039C	YOL082W
YHR167W	YLR423C
YML064C	YOL139C
YJR062C	YLL026W
YNL197C	YPR119W
YBR160W	YOR127W
YHR094C	YKL051W
YJL083W	YJR066W
YER119C	YOL016C
YER051W	YNL031C
YBR217W	YDR127W
YER012W	YLR276C
YLR347C	YPR093C
YDR510W	YIL031W
YDR247W	YKL093W
YEL041W	YJR049C
YLL039C	YLR347C
YMR309C	YPL004C
YGL097W	YOL021C
YAL018C	YHR026W
YAL020C	YHR082C
YDR179C	YLR259C
YGL002W	YML012W
YGL014W	YJR059W
YDL181W	YPL031C
YLL024C	YML065W
YKL054C	YNL016W
YAR027W	YKL196C
YLR176C	YOR304W
YBR188C	YPR101W
YDL209C	YGL120C
YBR160W	YLL039C
YDL028C	YMR117C
YKL172W	YPR161C
YHL030W	YPR108W
YBR041W	YLL039C
YDR036C	YHL004W
YKR039W	YLL039C
YBR191W	YLL039C
YDR359C	YHR099W
YDR280W	YOR001W
YGL025C	YIL021W
YLR432W	YPL131W
YDR096W	YIL045W
YBL007C	YIL002C
YBL007C	YGR268C
YGR185C	YHR027C
YFR004W	YPL211W
YDR510W	YGL250W
YML085C	YPL235W
YFL023W	YIR006C
YDR383C	YPL233W
YJR035W	YOL139C
YML012W	YMR149W
YBR191W	YOL127W
YDR466W	YLR228C
YDL039C	YNL197C
YBR160W	YGR092W
YAL029C	YJL014W
YDR510W	YIL126W
YMR309C	YPR016C
YIL115C	YPR119W
YLL039C	YLR352W
YER177W	YPL110C
YGR276C	YJR059W
YGR186W	YJR017C
YBL007C	YEL054C
YGL120C	YLR117C
YML117W	YPL178W
YKR035W-A	YLR025W
YGL006W	YMR221C
YDR369C	YMR224C
YBR086C	YGR142W
YJL106W	YMR284W
YBR068C	YDL212W
YLL039C	YPR079W
YDR277C	YDR456W
YBL007C	YBL088C
YDR206W	YER027C
YLL024C	YMR237W
YDR192C	YLR347C
YDL181W	YNL154C
YBR253W	YNR010W
YDR510W	YOR207C
YKL129C	YOR184W
YHR114W	YOL018C
YLR245C	YPL070W
YLL039C	YNL121C
YNL197C	YPL125W
YNL263C	YNL304W
YNL154C	YOR141C
YLL039C	YPR032W
YBL007C	YLL039C
YBR177C	YIL124W
YGL001C	YML012W
YDR510W	YGR264C
YBR160W	YER167W
YGL014W	YKL054C
YML065W	YOL136C
YDL087C	YPL213W
YBR038W	YBR160W
YDR448W	YGR261C
YKL196C	YMR197C
YGL201C	YIL150C
YIL105C	YPL059W
YBL003C	YBL023C
YCR012W	YHR152W
YGL179C	YNL066W
YIL096C	YLR009W
YLR347C	YPL169C
YDR214W	YLR216C
YNL125C	YPL141C
YDR238C	YLR268W
YLL039C	YMR088C
YFL039C	YOR304C-A
YML046W	YPL213W
YDR138W	YDR159W
YHR033W	YJR017C
YML069W	YOL013C
YDR283C	YJR110W
YDR036C	YLR074C
YJL164C	YNL027W
YLR258W	YPR184W
YBR257W	YLR145W
YJR066W	YPR149W
YEL015W	YML064C
YFR037C	YGL097W
YHR027C	YKL104C
YIL062C	YOR181W
YCL037C	YLL039C
YHR016C	YJR083C
YDR195W	YER032W
YAL024C	YLR259C
YNR010W	YPL042C
YDR206W	YOR047C
YCR091W	YDL192W
YOR056C	YOR145C
YCR033W	YMR273C
YGL134W	YPR115W
YBR260C	YOR231W
YCR093W	YGL048C
YBR011C	YPL066W
YDR122W	YJL164C
YBR260C	YMR032W
YBL058W	YDR295C
YDR118W	YDR260C
YLL049W	YPL174C
YDR254W	YDR318W
YJL033W	YNL016W
YHL027W	YJL056C
YGL120C	YPR101W
YLR074C	YNL175C
YHR099W	YPL047W
YCR079W	YNL071W
YFR052W	YHR027C
YDL192W	YIL004C
YJL172W	YLL039C
YKL013C	YMR109W
YCR081W	YGL025C
YDL197C	YDR510W
YNL125C	YNR059W
YDL222C	YDR032C
YMR149W	YPL186C
YAL021C	YBR279W
YIL034C	YNR035C
YBL014C	YNL154C
YER127W	YLR423C
YMR270C	YPL018W
YBR108W	YJL106W
YBR274W	YHR174W
YGL220W	YLR052W
YLR442C	YNL216W
YBR290W	YCR024C-A
YNL154C	YOR181W
YHR023W	YKL179C
YLR110C	YLR350W
YFR015C	YJL137C
YDL044C	YFL036W
YDR260C	YML023C
YAR014C	YLR108C
YCL008C	YPL084W
YDR328C	YLR352W
YDR448W	YLR055C
YML064C	YNL044W
YLR268W	YOR007C
YDR256C	YPL031C
YBL072C	YOR056C
YJR042W	YLR208W
YLR424W	YMR213W
YEL060C	YMR104C
YJR040W	YLL039C
YOL017W	YOL051W
YML031W	YMR129W
YBR142W	YLL039C
YBR142W	YMR290C
YER166W	YIL068C
YBR286W	YDR510W
YML072C	YNL271C
YGL017W	YJL098W
YKL056C	YPL031C
YLL013C	YLR067C
YGR253C	YMR314W
YBL079W	YMR129W
YPL010W	YPL246C
YJR088C	YLL039C
YKL213C	YPR010C
YDR151C	YPL059W
YHR169W	YLR340W
YDR477W	YPR115W
YHR185C	YIL007C
YGR080W	YOR181W
YGR077C	YKL197C
YBR123C	YPL007C
YIL004C	YLR268W
YER107C	YPL169C
YDR080W	YPL233W
YLL039C	YNL098C
YOR083W	YOR244W
YFR015C	YGL081W
YKR082W	YMR109W
YHR197W	YNL002C
YBR236C	YOR151C
YBR105C	YIL017C
YAR014C	YDR085C
YBL085W	YJR061W
YBL046W	YML010W
YJL106W	YKL140W
YDR510W	YNL167C
YFL039C	YKL130C
YJL058C	YML098W
YOR287C	YPR178W
YHL002W	YHL034C
YEL034W	YPL111W
YFL039C	YOR281C
YBR011C	YGL237C
YMR155W	YPL141C
YGR214W	YNL124W
YLR276C	YPR161C
YDR264C	YKR007W
YLL043W	YNL154C
YDR439W	YHR135C
YER006W	YLR074C
YLL039C	YLR216C
YEL022W	YER110C
YDL181W	YJL106W
YDR103W	YLL039C
YCL024W	YML096W
YKL194C	YPL203W
YDR264C	YHR175W
YGL077C	YIR026C
YKL209C	YLL039C
YIL016W	YML067C
YCL054W	YKL172W
YGL030W	YKL180W
YNL222W	YPR107C
YBR160W	YLR223C
YAL029C	YDR448W
YGR060W	YPL264C
YBR183W	YIL016W
YBR108W	YNL307C
YBL072C	YHL034C
YDR162C	YOL113W
YBR247C	YGR100W
YKL130C	YLR413W
YLR018C	YNL197C
YER078C	YJR059W
YDR277C	YHR114W
YBR159W	YDL054C
YCL028W	YPR070W
YKR081C	YPR016C
YER110C	YNL031C
YDR477W	YMR140W
YIL004C	YPR181C
YNL154C	YNL173C
YDR388W	YGL201C
YDR479C	YNR075W
YJR056C	YJR059W
YLR208W	YPR080W
YDL209C	YOL113W
YPR016C	YPR025C
YGR192C	YPR129W
YLL024C	YPR171W
YDR141C	YHR094C
YDR295C	YJL106W
YAL053W	YLR330W
YBR098W	YFR024C-A
YJL082W	YLL039C
YBR135W	YOR362C
YBL003C	YHL024W
YLR132C	YPR191W
YBR188C	YKL095W
YBR034C	YFR004W
YBR202W	YJR046W
YKL203C	YLL039C
YBR160W	YPL194W
YPR070W	YPR168W
YFR036W	YJR091C
YDR028C	YDR477W
YDR200C	YGR086C
YAL029C	YDR101C
YGL001C	YNL280C
YLL039C	YLR324W
YGL179C	YPR115W
YFL023W	YIR033W
YDR390C	YKR002W
YDR307W	YFL062W
YHR079C	YNR047W
YGR092W	YKL146W
YHR135C	YMR290C
YDR498C	YOR075W
YGL060W	YNL031C
YBL104C	YNL307C
YBL003C	YHR099W
YCR083W	YDR448W
YER178W	YHR027C
YDR334W	YKR072C
YER043C	YJR090C
YGR250C	YIR001C
YGR244C	YLL039C
YBR160W	YLR006C
YGL112C	YML065W
YGL058W	YLR015W
YDL144C	YKR025W
YDR309C	YJL164C
YGL181W	YIL122W
YDR240C	YPR182W
YOR039W	YOR361C
YHR174W	YLR196W
Q0130	YJR045C
YBL079W	YGL106W
YLL019C	YOL054W
YLR196W	YMR109W
YFL039C	YHR023W
YJL222W	YOR085W
YKR009C	YPL031C
YNL002C	YNL186W
YPR129W	YPR184W
YBR126C	YNL076W
YDR503C	YKL130C
YBL007C	YNL144C
YGL056C	YNL197C
YCR009C	YOR181W
YDR464W	YDR510W
YLR258W	YLR273C
YBR279W	YGL058W
YKR014C	YMR258C
YDR176W	YGL066W
YBR160W	YGR109C
YGL134W	YLR258W
YBR289W	YGL120C
YMR309C	YOR361C
YOR145C	YPL012W
YFR004W	YLR340W
YLR423C	YPL166W
YER177W	YLR310C
YPL131W	YPL211W
YLR347C	YOR057W
YKR081C	YLL039C
YBL085W	YBR108W
YDL028C	YIL072W
YCR093W	YDL149W
YML010W	YPR152C
YDR318W	YIL144W
YMR149W	YNL125C
YIL057C	YLL039C
YDR283C	YPR178W
YDR138W	YPL169C
YML065W	YOR288C
YGL180W	YOL123W
YBR191W	YGL014W
YER019C-A	YML055W
YBR183W	YMR149W
YAL059W	YPR152C
YDR308C	YPL042C
YDR510W	YLL024C
YNL197C	YPL049C
YDR516C	YGR092W
YFR004W	YOR332W
YLL039C	YPR149W
YGR126W	YLL039C
YER013W	YGL120C
YLR258W	YNL307C
YJL106W	YNL007C
YGR223C	YIL034C
YBR123C	YLR423C
YDR381W	YKR095W
YGL120C	YPR010C
YFR036W	YIR025W
YOR156C	YPL161C
YBR072W	YML064C
YCR012W	YML072C
YFR004W	YJR045C
YER013W	YGR278W
YGL054C	YPL132W
YKL139W	YNL027W
YLR094C	YNL197C
YHR175W	YPL246C
YDR381W	YJL084C
YAL034W-A	YLR052W
YNR065C	YOR085W
YDR477W	YPL146C
YBR142W	YLL008W
YHL031C	YLR268W
YBR274W	YGL037C
YEL021W	YLL039C
YKR003W	YOR273C
YNR047W	YPL031C
YGL179C	YIL084C
YFL010C	YKL139W
YDR129C	YKL085W
YBR195C	YOR100C
YDR510W	YOL123W
YDR240C	YLR345W
YER062C	YHR027C
YBR081C	YGL120C
YHR174W	YPR093C
YBR188C	YPL031C
YFR015C	YLL039C
YLR060W	YOL013C
YHR136C	YJL198W
YGL180W	YKL121W
YML086C	YPL031C
YKL142W	YLR287C
YLR430W	YPL190C
YBL093C	YHR147C
YNL236W	YNR010W
YDR155C	YML064C
YGR013W	YGR074W
YDR054C	YJL047C
YBR279W	YDR138W
YEL034W	YGR285C
YHL025W	YKR001C
YLR321C	YLR345W
YDL212W	YHL042W
YML028W	YPL106C
YJL164C	YPR152C
YDR388W	YNL289W
YDL197C	YLR442C
YDL100C	YOL126C
YKL108W	YPR120C
YCR093W	YNL025C
YIR026C	YPL131W
YBR135W	YLR085C
YJL052W	YML065W
YBR005W	YLL039C
YHR027C	YLR340W
YBR114W	YLL039C
YCR004C	YLL039C
YBL007C	YMR313C
YAL029C	YDR457W
YJL164C	YOR347C
YJR090C	YNL076W
YAL024C	YBR160W
YFR017C	YJL164C
YKL180W	YPL143W
YHL025W	YOL051W
YBR108W	YJL164C
YLR009W	YML065W
YGL173C	YHL034C
YDL065C	YGL153W
YDR533C	YMR322C
YEL034W	YLL039C
YDR502C	YLL039C
YGR104C	YJL140W
YGR211W	YLL039C
YBR191W	YER074W
YAR027W	YML055W
YLR340W	YPR016C
YFR004W	YLR410W
YDL100C	YKL080W
YJL165C	YMR165C
YDR388W	YNL176C
YFR004W	YPR148C
YNL165W	YPL031C
YBL003C	YDL095W
YJL016W	YNL197C
YLR238W	YML123C
YDL192W	YDR238C
YJL095W	YKL172W
YFR004W	YOR065W
YNL197C	YOR044W
YER040W	YKL203C
YLR110C	YMR149W
YBR160W	YLR430W
YDR310C	YNL197C
YFR004W	YGL048C
YDR265W	YKL197C
YCR009C	YDR388W
YHR027C	YJL088W
YKR081C	YLR009W
YGL153W	YHR160C
YIL124W	YKL140W
YDR381W	YPR107C
YDR034C	YGR113W
YCR030C	YNL283C
YLR226W	YNL312W
YLL039C	YMR121C
YGL106W	YHR023W
YNL289W	YNR047W
YBR267W	YIR026C
YGR284C	YML031W
YDR499W	YLR355C
YHR152W	YPL174C
YDR477W	YER024W
YLR190W	YPL031C
YJL164C	YLR258W
YDR381W	YNL308C
YFL023W	YML114C
YKL104C	YPR010C
YHR027C	YHR169W
YBR055C	YPR182W
YGR284C	YKL088W
YBR217W	YOR086C
YBR177C	YGR092W
YGR185C	YMR158W
YER068W	YFR004W
YDL019C	YMR109W
YMR112C	YPL129W
YHR079C	YNL224C
YHR135C	YMR049C
YAR014C	YGL179C
YBR011C	YJL033W
YFL023W	YJL006C
YFL062W	YIL016W
YDR436W	YKR072C
YGR268C	YPL049C
YKL091C	YMR079W
YLR056W	YML008C
YDR073W	YPL248C
YHR016C	YPL246C
YDR247W	YJL005W
YDR101C	YNL002C
YAL021C	YMR005W
YJL029C	YKR002W
YDR328C	YLL024C
YJL218W	YPL070W
YJR059W	YPR040W
YAR014C	YOR329C
YBL023C	YPL031C
YCL024W	YJR092W
YBL003C	YJR041C
YHR135C	YKL146W
YLR310C	YPR108W
YML006C	YOR267C
YPL106C	YPL137C
YBL093C	YPL129W
YBR010W	YGL194C
YBR290W	YDL212W
YDR381W	YMR237W
YML010W	YOR151C
YJR066W	YLR403W
YBR218C	YLL039C
YLL039C	YML085C
YDR238C	YHR027C
YBR081C	YBR253W
YBR082C	YER068W
YGL030W	YKL067W
YDR352W	YGL006W
YHL002W	YOR227W
YGL179C	YMR081C
YDL015C	YLL039C
YBR077C	YKR039W
YHR135C	YMR226C
YGL241W	YLL039C
YFL039C	YNR031C
YCL028W	YGR142W
YLL039C	YNL239W
YDR328C	YHR079C
YAR014C	YDR195W
YHR161C	YPL232W
YBR142W	YJL005W
YJL164C	YKL206C
YLL039C	YMR196W
YDL200C	YKL010C
YMR080C	YOL149W
YLR320W	YMR187C
YFL039C	YHR179W
YDR477W	YOL136C
YBR197C	YLR423C
YAR019C	YML064C
YGR135W	YLR199C
YBR254C	YLR342W
YDR054C	YPR138C
YBR160W	YOR001W
YGL106W	YKL160W
YLR231C	YPL031C
YKR001C	YLR052W
YMR065W	YPL192C
YGL180W	YPL190C
YOL013C	YOR375C
YER105C	YKL068W
YBL072C	YML056C
YBR011C	YML056C
YGL060W	YOL069W
YHR027C	YMR202W
YDR148C	YGL030W
YFR004W	YNL239W
YER089C	YIL104C
YBR205W	YOL018C
YER012W	YPL110C
YPL070W	YPR193C
YHR027C	YOR369C
YJL056C	YNL197C
YDR477W	YNR013C
YBR274W	YFL039C
YLR196W	YLR410W
YDL095W	YJR009C
YGL210W	YML065W
YDL076C	YNL097C
YHR135C	YLR277C
YOR181W	YPL074W
YKL139W	YLR060W
YOR202W	YPR016C
YJR066W	YLR108C
YNL121C	YOR008C
YGL104C	YPL270W
YBL007C	YIL076W
YKR027W	YLR330W
YDR510W	YMR290C
YJL098W	YNL025C
YLR207W	YML013W
YDL072C	YHR027C
YBR010W	YGL112C
YBL056W	YLL039C
YBR159W	YLL039C
YER020W	YIL105C
YLL039C	YML035C
YDL195W	YNL197C
YEL034W	YGL025C
YJL198W	YJR059W
YFR004W	YMR092C
YFR004W	YOR007C
YAR014C	YOR284W
YDR381W	YNL175C
YDR162C	YOL070C
YBR081C	YDR145W
YJR042W	YLR293C
YER032W	YKR002W
YOL051W	YPL042C
YIR025W	YKL022C
YGL250W	YMR068W
YER166W	YLR330W
YDR039C	YNL197C
YLR258W	YOR244W
YJR059W	YOL130W
YFR004W	YPL004C
YHR140W	YJL117W
YBR160W	YPR111W
YDR179C	YIL071C
YFR004W	YML070W
YPL190C	YPR080W
YDR238C	YPL246C
YGR135W	YJL164C
YLR207W	YML029W
YJL058C	YNL197C
YLR106C	YNL002C
YHR026W	YML132W
YBR253W	YDR308C
YDL210W	YDL212W
YAL024C	YPR181C
YOL139C	YPR171W
YBR098W	YBR160W
YOR001W	YOR145C
YGR104C	YLR340W
YDR414C	YEL017C-A
YNL197C	YOR085W
YML049C	YPR082C
YER059W	YMR165C
YJR059W	YKL094W
YDL115C	YJL140W
YBR247C	YER017C
YFR024C-A	YJR083C
YBR177C	YOL113W
YBL075C	YFR004W
YFR004W	YML057W
YFR004W	YJR064W
YHL034C	YPR032W
YCR079W	YKL085W
YJL164C	YNR013C
YBR081C	YNL031C
YFR004W	YGL001C
YLR119W	YMR077C
YDR283C	YPR052C
YNL271C	YOL112W
YCL054W	YER006W
YJR034W	YNL236W
YCR012W	YOL086C
YKL130C	YPR020W
YBR247C	YOR056C
YDR073W	YNR023W
YBR272C	YHR027C
YDR381W	YIL115C
YGL167C	YGR132C
YDR456W	YKR050W
YLL039C	YOR065W
YBL075C	YNL025C
YLR324W	YMR204C
YLR052W	YPL235W
YDL103C	YOL045W
YBR199W	YDR384C
YHL042W	YPL076W
YLL039C	YPL248C
YLL039C	YLR083C
YMR049C	YPR115W
YDL025C	YGR240C
YLR025W	YMR154C
YDL222C	YDR497C
YDR381W	YIL038C
YBR137W	YML064C
YAL027W	YCL024W
YDL025C	YPL260W
YIR007W	YLL026W
YBL023C	YPR120C
YGL229C	YJL030W
YDR127W	YPL235W
YGR104C	YLL026W
YDR189W	YPL246C
YLL039C	YPL022W
YJL095W	YMR155W
YNR011C	YPL064C
YGL077C	YPL076W
YCR093W	YDL165W
YLR276C	YMR290C
YPL031C	YPL146C
YLL039C	YLR278C
YJR059W	YMR140W
YDR155C	YJR090C
YDR510W	YNL039W
YDR381W	YKL023W
YAR014C	YOR062C
YDR322W	YML065W
YBR108W	YJR059W
YGL181W	YNL124W
YDR206W	YMR080C
YLR019W	YMR246W
YHR135C	YLR132C
YNL168C	YPL037C
YAR027W	YLL039C
YBR160W	YLR045C
YDR457W	YGL106W
YKL203C	YPR032W
YJL164C	YKR068C
YFR037C	YOR156C
YDR436W	YKL088W
YMR216C	YOR141C
YNL098C	YPL076W
YDL064W	YML023C
YFR024C-A	YMR216C
YDL186W	YLR452C
YJL048C	YLR423C
YJL047C	YLR320W
YDR330W	YER012W
YAL024C	YLR084C
YJR091C	YLR392C
YJL164C	YOL070C
YJL144W	YNL197C
YFR004W	YGR276C
YJR095W	YPL141C
YMR069W	YNL241C
YMR072W	YNL037C
YEL054C	YGL030W
YKR062W	YOL051W
YKL139W	YLR403W
YML102W	YPL054W
YML098W	YMR005W
YJL095W	YKR081C
YJL148W	YPR010C
YGR276C	YPL141C
YDR477W	YIL112W
YBR102C	YLR423C
YMR055C	YPL040C
YLL024C	YOR057W
YDL212W	YIL109C
YDR192C	YNL049C
YLR166C	YPR055W
YFR036W	YPL031C
YIL004C	YKL196C
YNL031C	YOR064C
YHR082C	YMR155W
YER136W	YNL304W
YOL086C	YOR075W
YDR240C	YOL090W
YLR167W	YMR276W
YKL103C	YMR104C
YBR082C	YDR059C
YBR117C	YML102W
YBR279W	YOL051W
YER043C	YLR442C
YBR102C	YBR160W
YFR004W	YJR025C
YKL047W	YLL039C
YDL002C	YHR082C
YER006W	YKR081C
YBR160W	YLR307W
YKR031C	YNL118C
YLR167W	YPR152C
YDR192C	YMR235C
YDL171C	YHR027C
YGL179C	YMR165C
YDR510W	YOR362C
YBR114W	YDR510W
YNL127W	YOL086C
YDR477W	YKR009C
YFR004W	YNL098C
YBR102C	YDR027C
YCR093W	YPL235W
YER096W	YHR114W
YLR405W	YPL108W
YOR151C	YPL129W
YLR167W	YML065W
YML029W	YOR288C
YBR205W	YHR114W
YLR223C	YMR224C
YIL005W	YLL039C
YML010W	YPL203W
YCR091W	YHR082C
YHR027C	YPR080W
YAL029C	YBR081C
YBL093C	YNL236W
YDR477W	YER177W
YHR005C	YOR107W
YBL003C	YGL133W
YLL021W	YOL112W
YER127W	YJL036W
YLL039C	YLR019W
YMR184W	YNL154C
YGL210W	YNL263C
YLL039C	YPL010W
YGR048W	YIL030C
YDL019C	YDR381W
YJR059W	YPL079W
YIL124W	YLL039C
YDL079C	YPL235W
YNL233W	YNL289W
YDR510W	YFR006W
YDR260C	YGL240W
YKL204W	YOL017W
YCL037C	YOL045W
YDR328C	YHR135C
YDR101C	YLR106C
YJR082C	YNL136W
YDR456W	YPR079W
YNL031C	YOR244W
YOR058C	YPL001W
YBR108W	YJL095W
YGL005C	YNL051W
YPL076W	YPL264C
YBR160W	YJR082C
YOL090W	YPL022W
YFL039C	YOR244W
YCL024W	YEL037C
YNL154C	YPL146C
YER039C	YPL264C
YJL101C	YPR080W
YFL062W	YMR221C
YDR310C	YOL068C
YGL229C	YJL013C
YER021W	YKL126W
YBL003C	YMR072W
YDR122W	YLR310C
YBR176W	YPR080W
YLR417W	YMR077C
YMR005W	YOL051W
YDR510W	YJR024C
YMR072W	YOR058C
YHR016C	YNL073W
YAL034W-A	YPL233W
YDR510W	YJL148W
YBL007C	YJR115W
YML098W	YOL051W
YOR141C	YPL235W
YNL009W	YOL013C
YHL002W	YOR124C
YDL159W	YDR206W
YBR210W	YLL039C
YLR287C	YNR031C
YKL104C	YLR452C
YLR034C	YLR056W
YFR004W	YKL210W
YER064C	YOR231W
YKL057C	YMR153W
YLL039C	YNL029C
YBR094W	YOL149W
YDR293C	YJL098W
YFR004W	YPL235W
YCL054W	YOR267C
YDR359C	YHR090C
YGR104C	YNL025C
YGR048W	YIL144W
YHL019C	YLR170C
YHR140W	YKL006C-A
YJR125C	YMR197C
YDR330W	YLL039C
YBR170C	YHR082C
YKR071C	YPL141C
YBR173C	YGR253C
YDR460W	YPR025C
YJL140W	YPL203W
YJL084C	YNL154C
YGR097W	YNL197C
YDR318W	YMR117C
YJL098W	YLR310C
YBR231C	YFL039C
YDR011W	YDR501W
YGR060W	YJL129C
YDR108W	YKR068C
YLR268W	YOR327C
YDR006C	YER177W
YER180C	YPL049C
YDR510W	YIL148W
YOR289W	YPR016C
YBL093C	YKL129C
YML049C	YPR182W
YBR202W	YLR103C
YJL024C	YLL039C
YLL039C	YPR159W
YHL002W	YKL213C
YDL106C	YKR099W
YBR290W	YKL065C
YDR359C	YFL039C
YAL027W	YDR381W
YHR082C	YNL007C
YGR258C	YOL090W
YHR157W	YPL031C
YKL051W	YNL055C
YLL039C	YPR160W
YIL021W	YOL086C
YBR016W	YGL120C
YGR278W	YLR117C
YJR009C	YPL106C
YGL006W	YOL129W
YBR135W	YER021W
YBL007C	YIR006C
YDR456W	YIL030C
YKR002W	YLR277C
YDR069C	YPL084W
YDR214W	YNL281W
YML083C	YOR231W
YAR014C	YMR104C
YBR151W	YHR082C
YBR272C	YER021W
YFR004W	YGL148W
YBR217W	YGR240C
YLL039C	YML088W
YGL180W	YKR092C
YFL050C	YGL180W
YDR381W	YLR170C
YBR083W	YER109C
YOR244W	YPR049C
YLR337C	YNL020C
YGL141W	YOL069W
YML056C	YPR161C
YKR037C	YLR045C
YFL023W	YOR231W
YAR027W	YIR033W
YGR240C	YLR259C
YDR062W	YKL104C
YPL031C	YPL050C
YBR159W	YLR056W
YGL120C	YMR213W
YKR083C	YMR112C
YGR206W	YLR119W
YBR177C	YML086C
YLL026W	YPR152C
YBL084C	YFR036W
YCR009C	YEL037C
YJR004C	YPL141C
YGL093W	YPL233W
YGL048C	YPL235W
YIL034C	YIR003W
YHR135C	YLR293C
YBL102W	YPL246C
YML031W	YNL304W
YJR059W	YKL121W
YJL164C	YOR162C
YOL078W	YOR181W
YDL204W	YLL039C
YBR205W	YHR016C
YML117W	YPR080W
YGR278W	YML049C
YIL019W	YOR145C
YDL054C	YLL039C
YDL173W	YNL154C
YDR101C	YLR009W
YDR448W	YMR314W
YER043C	YFR004W
YJL081C	YLR052W
YDR176W	YLR055C
YER177W	YML065W
YGL180W	YKL146W
YDR477W	YHR073W
YOR083W	YPR068C
YML049C	YMR213W
YDR233C	YLR166C
YPL213W	YPR152C
YHR167W	YLR432W
YBR055C	YMR268C
YAL053W	YLL039C
YDR479C	YJL117W
YHR090C	YHR135C
YLL039C	YML029W
YER012W	YJL001W
YJR059W	YMR153W
YEL040W	YKL203C
YDR510W	YNR023W
YBR160W	YMR129W
YHR114W	YMR109W
YKL020C	YLR233C
YGR060W	YNL280C
YGL112C	YML114C
YGR186W	YPL203W
YJL164C	YML037C
YDL232W	YMR149W
YDR479C	YLR268W
YGL060W	YHR016C
YMR005W	YOR148C
YJL118W	YKL093W
YDR510W	YPL131W
YKL061W	YNL086W
YFR004W	YJR017C
YBR081C	YGL112C
YER177W	YGL003C
YFR004W	YPR037C
YGL210W	YKL116C
YDL055C	YLL040C
YGR096W	YOL090W
YIR017C	YMR117C
YDR363W	YJL047C
YER110C	YKL068W
YDL085W	YKL093W
YLL048C	YPL147W
YHR079C	YPR067W
YBL072C	YGR214W
YKR021W	YOR119C
YBR071W	YOL016C
YHR027C	YLR293C
YHR135C	YOR141C
YKL187C	YLL039C
YLR190W	YMR117C
YHR207C	YJR059W
YFR004W	YML008C
YDR018C	YIL051C
YGR197C	YOR327C
YML010W	YPL266W
YBL058W	YOR342C
YFR004W	YJL170C
YBR160W	YMR291W
YLL039C	YPL194W
YLR323C	YMR213W
YFL013C	YPL129W
YLR423C	YML043C
YDR497C	YGL077C
YBR105C	YNL197C
YNL154C	YNR006W
YAR014C	YOR178C
YHR082C	YKL146W
YFR004W	YLR432W
YIL038C	YNL197C
YER074W	YKL180W
YFL024C	YGL048C
YLR163C	YOL021C
YLL039C	YLR225C
YGR104C	YPR080W
YLR220W	YOR085W
YBR188C	YMR213W
YBR208C	YJL098W
YBR142W	YPL131W
YBL007C	YBR108W
YDR318W	YGR006W
YDR510W	YJL014W
YGL055W	YLL039C
YJL098W	YPL031C
YGR138C	YHR096C
YKL146W	YNL307C
YDR101C	YPL131W
YOL051W	YPL248C
YDR308C	YOL051W
YBR160W	YPR160W
YBR247C	YIL019W
YGL237C	YLR423C
YDL200C	YLR109W
YDR122W	YOL082W
YDR510W	YOR316C
YGL250W	YMR111C
YDL232W	YHR026W
YML065W	YPR100W
Q0085	Q0130
YGR100W	YHR135C
YBR290W	YJL117W
YBR055C	YLR153C
YHR135C	YPR152C
YKL054C	YPL106C
YML055W	YMR149W
YDL139C	YPR154W
YBL003C	YLR196W
YGR097W	YMR005W
YLL039C	YML008C
YMR005W	YPL248C
YGR253C	YOL038W
YJL052W	YLL039C
YDL239C	YGL153W
YDR280W	YJR125C
YGL180W	YOR083W
YKR021W	YKR039W
YKL180W	YOL127W
YFL036W	YLR139C
YGR260W	YPL076W
YGL197W	YMR117C
YJR042W	YMR209C
YDR228C	YKR002W
YMR158W	YOR158W
YOR158W	YPL118W
YGR086C	YLR166C
YFL013C	YPL235W
YNL186W	YPL031C
YLR442C	YMR273C
YDR334W	YFL039C
YDR510W	YGL066W
YNL304W	YPL031C
YJL081C	YML065W
YBL072C	YDR091C
YGR240C	YML064C
YBL007C	YOR329C
YBR094W	YEL015W
YDL002C	YDL076C
YBR001C	YBR127C
YFL062W	YLR034C
YDR388W	YNL154C
YNL002C	YPL131W
YCR063W	YMR213W
YCR081W	YPR168W
YLR170C	YPL235W
YML065W	YPL081W
YKL197C	YNL214W
YFR024C-A	YHR082C
YDR022C	YGL237C
YFR004W	YGR264C
YIL019W	YPR137W
YKR034W	YOL054W
YDR080W	YKL196C
YGR004W	YPR028W
YGL180W	YNL227C
YNL118C	YPR160W
YDL207W	YLR018C
YML035C	YPL141C
YDR162C	YPL038W
YOL127W	YPL037C
YLR268W	YNL279W
YCR091W	YDL002C
YDR063W	YKL013C
YBR168W	YER021W
YDL055C	YPL235W
YML010W	YPL129W
YFR004W	YPR191W
YCL008C	YJL172W
YLR426W	YPL151C
YJL065C	YOR304W
YBL064C	YNL154C
YGR284C	YML067C
YHR082C	YMR053C
YDL012C	YLL039C
YLR015W	YNL031C
YGL197W	YPL203W
YJR035W	YKL054C
YGL031C	YHR197W
YBR160W	YGR238C
YLR340W	YLR432W
YFR004W	YJL167W
YDR381W	YER013W
YIL004C	YLL039C
YDL134C	YMR273C
YBR010W	YOR244W
YDL137W	YPR095C
YDR028C	YJR090C
YDR145W	YMR005W
YGR086C	YGR237C
YJL164C	YJR049C
YBR135W	YLR226W
YIR039C	YOL113W
YOL018C	YOL132W
YMR290C	YPL012W
YJR148W	YLR259C
YKL028W	YKR062W
YDR303C	YLL026W
YER179W	YPL235W
YKL103C	YOR332W
YDR409W	YML032C
YFR024C-A	YNL176C
YGR092W	YNL241C
YFR024C-A	YHR016C
YDR280W	YOL021C
YDR159W	YKL057C
YCL028W	YHR114W
YBR289W	YPL129W
YDR062W	YER177W
YDR510W	YKL032C
YGR161C	YJL098W
YBL075C	YDR128W
YDR483W	YHR027C
YMR290C	YNL308C
YGR282C	YOL113W
YDL064W	YMR080C
YBR136W	YLR304C
YDR054C	YIL148W
YDR049W	YKL204W
YDR285W	YDR510W
YHL004W	YMR158W
YDR510W	YIL036W
YAR018C	YIL144W
YCR079W	YPL022W
YNL197C	YNL326C
YLR207W	YMR297W
YGR056W	YIL126W
YJR066W	YNL183C
YDL028C	YNL007C
YGL073W	YOL016C
YLR147C	YPL151C
YOR184W	YPL031C
YFL062W	YOR079C
YKL196C	YPL232W
YBR126C	YDR247W
YDR264C	YHR135C
YDR379W	YKL172W
YBL072C	YGL031C
YDR145W	YNL236W
YGL097W	YNL247W
YIL144W	YPL174C
YJL014W	YKL204W
YGR092W	YPL042C
YGR037C	YHL002W
YGL014W	YLR287C-A
YDR334W	YGR086C
YDR436W	YMR311C
YDR310C	YJL106W
YKL142W	YPL004C
YGR214W	YNL308C
YBR183W	YLR018C
YFR024C-A	YHR135C
YGR267C	YJL164C
YDL232W	YOR085W
YBR108W	YHR135C
YOR157C	YOR362C
YML056C	YNL124W
YHR001W	YPR173C
YFR024C-A	YPL038W
YBR068C	YML012W
YFL048C	YPR003C
YDR122W	YGR249W
YDR107C	YLL039C
YJL014W	YNL212W
YER026C	YHL042W
YKL198C	YNR016C
YER048W-A	YML065W
YDR293C	YFR004W
YDR208W	YNL154C
YLL039C	YOR151C
YDR483W	YLL039C
YDR510W	YLR321C
YDL209C	YGR278W
YLR347C	YPL089C
YMR104C	YOL082W
YOR332W	YPR110C
YHR027C	YPL131W
YFR021W	YHR070W
YDL072C	YFR024C-A
YAR027W	YOR273C
YER006W	YGL081W
YFR040W	YHR016C
YBL050W	YMR197C
YDR328C	YDR502C
YGR275W	YPL129W
YNL130C	YPL246C
YFR004W	YKL126W
YBR290W	YDL015C
YBR086C	YDL209C
YKL121W	YPL203W
YGR138C	YML072C
YLR423C	YOR361C
YCR106W	YDR222W
YKL197C	YPL031C
YMR246W	YOL126C
YGR284C	YML012W
YLR305C	YOR047C
YBR191W	YDR510W
YJL084C	YKR039W
YDR381W	YKL186C
YGR222W	YLR067C
YNL124W	YOL127W
YDR036C	YGL153W
YBR188C	YER013W
YAL013W	YDR510W
YAL029C	YOR181W
YMR228W	YOR348C
YJR009C	YPL003W
YOR151C	YPR010C
YDR283C	YDR381W
YGL179C	YOR141C
YCR009C	YPL249C
YGL112C	YMR255W
YBR160W	YHR159W
YAR019C	YBR151W
YBL003C	YJL047C
YDL212W	YJL117W
YLR226W	YPR161C
YGL013C	YOL051W
YFR004W	YOR375C
YER017C	YGR132C
YJL140W	YMR309C
YEL030W	YJR035W
YJL098W	YMR209C
YJR066W	YNL076W
YDR101C	YIR026C
YJR090C	YNL055C
YHR027C	YPL028W
YBL075C	YEL037C
YDR254W	YPL018W
YKR081C	YLR233C
YBR160W	YNL271C
YDR247W	YDR439W
YGL179C	YKR009C
YKL054C	YNL281W
YLR410W	YMR072W
YDL025C	YHR135C
YER169W	YNL031C
YML065W	YPL001W
YLR018C	YNL279W
YLL024C	YLL029W
YJL095W	YLR305C
YGR275W	YIL126W
YLL024C	YPL233W
YGL093W	YOL069W
YLR432W	YMR309C
YFR004W	YJR007W
YFR004W	YPL028W
YCL028W	YOL123W
YJL164C	YKL146W
YBR253W	YGL112C
YMR117C	YPR010C
YLR423C	YMR213W
YKL180W	YPL012W
YHR152W	YHR174W
YHR179W	YPL171C
YER024W	YHR135C
YBL064C	YPL031C
YEL017W	YHR135C
YGR113W	YIL144W
YAR014C	YLR245C
YLL021W	YNL293W
YHR099W	YPL248C
YDR255C	YLR199C
YER086W	YHR169W
YLR340W	YPL009C
YNL197C	YPL113C
YDR388W	YLL039C
YLR315W	YNL097C
YCR101C	YGR216C
YOR304W	YPL016W
YDR381W	YKL075C
YBL093C	YCR081W
YLL024C	YPL167C
YGL011C	YMR314W
YHR048W	YNL197C
YER006W	YHR197W
YDR200C	YPL004C
YJL164C	YLR350W
YDR277C	YHL002W
YIL122W	YPL031C
YBR170C	YLL039C
YDR260C	YLR102C
YDR092W	YMR256C
YJL081C	YOR141C
YLR196W	YPR191W
YGL153W	YPL031C
YML012W	YNL130C
YJR017C	YLR106C
YFL026W	YIL068C
YDR277C	YLR447C
YLL039C	YOR375C
YBR160W	YHL035C
YAL027W	YDR388W
YDR192C	YER110C
YMR165C	YPL141C
YGR138C	YKL051W
YKL186C	YPL169C
YBL058W	YDR466W
YBR114W	YPL046C
YCR007C	YMR079W
YGR284C	YHR140W
YBR126C	YHR027C
YMR184W	YNL307C
YJL164C	YNL074C
YBR298C	YNL008C
YMR158W	YNL306W
YDR381W	YLR430W
YGL006W	YHR104W
YDR303C	YFR037C
YKL116C	YOL086C
YDR363W	YDR510W
YJR064W	YNL212W
YDR186C	YOR127W
YHR114W	YLR423C
YDR161W	YFR004W
YKR009C	YLL039C
YBL064C	YKL086W
YIL150C	YLR045C
YCR024C-A	YJL004C
YDL137W	YHR188C
YER136W	YGL210W
YFL036W	YLR067C
YGR113W	YMR117C
YDR510W	YOR028C
YHL019C	YPR029C
YER006W	YNL175C
YIL162W	YPL094C
YAL024C	YNL015W
YDR216W	YER177W
YDL239C	YPL049C
YAR019C	YPL201C
YBR160W	YKR080W
YKL218C	YPR110C
YKR002W	YPR107C
YGL031C	YPR152C
YML065W	YMR049C
YDL063C	YPL131W
YGR077C	YNL197C
YKL204W	YNL154C
YOR324C	YPR153W
YML065W	YNL002C
YHR016C	YMR313C
YGR077C	YNL329C
YML010W	YPR161C
YNL197C	YOR129C
YDL192W	YDL200C
YHR027C	YHR190W
YDR381W	YPL022W
YBR160W	YJR059W
YBR212W	YNL016W
YAR014C	YGL237C
YER012W	YMR076C
YLL039C	YMR053C
YEL037C	YPR032W
YFR004W	YOL127W
YDR127W	YDR260C
YEL012W	YOL054W
YBR233W	YDR381W
YJL004C	YLR083C
YDR141C	YGL077C
YJL098W	YOL139C
YLR109W	YLR340W
YKR081C	YNL175C
YBR039W	YHR197W
YDR283C	YPR115W
YBL072C	YER074W
YDR208W	YHR135C
YBR279W	YOR039W
YCL028W	YNL106C
YKL103C	YLL039C
YDR314C	YDR388W
YGR086C	YML065W
YHL034C	YPL131W
YDL212W	YGR295C
YAR018C	YJL098W
YCL037C	YDR138W
YER162C	YHL025W
YIR026C	YPR115W
YNL152W	YPL242C
YGL087C	YNR065C
YDR176W	YHR099W
YAL034W-A	YMR117C
YHL035C	YOR327C
YMR054W	YOR332W
YLL039C	YPL174C
YER118C	YGR295C
YHR135C	YJL198W
YER095W	YLR259C
YEL037C	YLL039C
YJL194W	YPR119W
YIR006C	YKL129C
YIR033W	YLR268W
YBR160W	YLR219W
YPL042C	YPL248C
YML065W	YPR029C
YIL045W	YPR160W
YBR142W	YOL127W
YIL062C	YLR337C
YBR164C	YFR004W
YER074W	YLR287C-A
YDR388W	YJR083C
YBR160W	YMR036C
YNL128W	YPL164C
YER116C	YPL031C
YLL039C	YPR026W
YGL097W	YPL235W
YPL266W	YPR144C
YHR161C	YLR106C
YLL039C	YLR417W
YGR092W	YLL039C
YDR127W	YGR214W
YER006W	YMR049C
YAL027W	YGL106W
YER048C	YFR004W
YDR258C	YGR240C
YDL015C	YOR324C
YKL189W	YLR423C
YER118C	YGL201C
YGL106W	YNL267W
YBR212W	YDR304C
YBR164C	YNL297C
YDR378C	YLR117C
YLL039C	YML012W
YEL060C	YNL186W
YPR091C	YPR152C
YGL194C	YOL068C
YKL068W	YOL123W
YLR265C	YMR284W
YDR225W	YLR074C
YDR225W	YNL031C
YDR343C	YJR017C
YLR310C	YNL098C
YBR170C	YLR207W
YLL024C	YMR027W
YKR072C	YPL141C
YCR031C	YDL055C
YDR244W	YLR284C
YBR081C	YDR216W
YBR183W	YBR290W
YOL126C	YOR347C
YDR510W	YFL039C
YDR214W	YOL139C
YBR217W	YLR438W
YDL233W	YOL069W
YCR081W	YOL051W
YLR182W	YOL113W
YBR195C	YML102W
YJL036W	YNL086W
YGR268C	YHR016C
YDL095W	YPL004C
YIR032C	YNL197C
YGL087C	YMR323W
YML032C	YPR161C
YJL013C	YNL236W
YCR042C	YDR195W
YLL019C	YPL012W
YGL106W	YGR086C
YGR214W	YML085C
YBL007C	YOR047C
YDR328C	YER177W
YDR356W	YLR006C
YDL171C	YKL104C
YDL215C	YLR320W
YDR181C	YMR127C
YCL028W	YPL070W
YDR258C	YGL197W
YDR381W	YIL021W
YEL034W	YFL013C
YDR159W	YMR153W
YDL015C	YPR028W
YDR457W	YML010W
YDL063C	YDR381W
YJL004C	YNL044W
YJL106W	YJR094C
YHR135C	YKR092C
YGR135W	YKL206C
YML035C	YNL307C
YDR225W	YOR244W
YDR446W	YDR510W
YDR256C	YPL070W
YPR010C	YPR110C
YJL164C	YNL186W
YHR082C	YML083C
YDR381W	YLR455W
YMR183C	YOR327C
YHR027C	YMR109W
YCR031C	YFR004W
YJR132W	YLR106C
YDR032C	YER020W
YJL098W	YJR066W
YML064C	YMR290C
YJR059W	YKL093W
YDR510W	YJR092W
YLL040C	YOR181W
YGR258C	YOL016C
YIL033C	YJL164C
YFR004W	YMR246W
YDL064W	YDR510W
YHR082C	YML035C
YDR214W	YGR240C
YDR027C	YJR066W
YER006W	YPL211W
YBR128C	YLR240W
YHR169W	YLR438W
YHR027C	YOR362C
YDR388W	YIR003W
YAR027W	YJL117W
YGL093W	YIL150C
YBR264C	YNL263C
YBR216C	YFR004W
YER019W	YLR350W
YLL039C	YLR173W
YFR004W	YOR298C-A
YGR135W	YOR362C
YGR240C	YLL039C
YKL041W	YKR035W-A
YER006W	YPR016C
YBL023C	YLR103C
YDR354W	YLL039C
YNL283C	YOL105C
YEL054C	YGL031C
YGL077C	YPL246C
YGL004C	YGL048C
YDL210W	YGL230C
YIL112W	YOL068C
YLR423C	YOR158W
YKL116C	YLR015W
YKL172W	YPR045C
YFR004W	YGL004C
YNR010W	YPL129W
YFR004W	YPR108W
YLR081W	YOR181W
YBR039W	YGL237C
YJR059W	YLR350W
YOL123W	YPL031C
YJR014W	YOR028C
YBR055C	YKL085W
YDR356W	YGR161C
YGR058W	YLL039C
YFL023W	YPL141C
YFR024C-A	YML010W
YER048W-A	YGR192C
YBR055C	YPR178W
YKL180W	YML065W
YDR510W	YNL103W
YDR293C	YNL154C
YDL215C	YOR057W
YHR147C	YLR439W
YGR237C	YLR432W
YJR035W	YLR304C
YJL095W	YLR067C
YDL100C	YNL055C
YCR004C	YMR031C
YHR138C	YNL197C
YPL016W	YPL129W
YBL037W	YKL103C
YDL005C	YHR167W
YPL031C	YPR147C
YDR381W	YJL033W
YJR017C	YLL026W
YBR055C	YJL167W
YFR037C	YOL090W
YFL033C	YJL164C
YDR303C	YMR072W
YAR027W	YMR149W
YDL055C	YLR166C
YKL172W	YKR081C
YBL093C	YDL005C
YGL173C	YJL095W
YHL034C	YJR059W
YCR042C	YPR065W
YLL039C	YOR124C
YFR021W	YLL039C
YFL054C	YPL076W
YJR132W	YNL027W
YDR264C	YPL242C
YFR024C-A	YOR109W
YIL057C	YPL031C
YCR030C	YGL077C
YLR138W	YML132W
YJL004C	YNL121C
YFR050C	YGR135W
YJL164C	YKR009C
YDR498C	YLR268W
YKL126W	YML006C
YHR079C	YNL155W
YHR027C	YML008C
YIL021W	YJL164C
YBL072C	YHR169W
YFR004W	YOR361C
YBR211C	YLR315W
YLL039C	YLR327C
YBR136W	YNL312W
YDR091C	YHR135C
YML064C	YPL049C
YNL007C	YNL124W
YNR010W	YPR070W
YIL105C	YLR425W
YML049C	YPR178W
YDR510W	YKL096W
YBL072C	YOL139C
YDR356W	YLR045C
YJL084C	YMR216C
YHR027C	YPR035W
YBR257W	YNL282W
YGR275W	YHL025W
YDR243C	YOR125C
YGR260W	YKL065C
YGR261C	YLR093C
YER118C	YMR065W
YML015C	YMR077C
YDR516C	YLL039C
YJL083W	YOR181W
YDR533C	YHR079C
YHR082C	YNL154C
YDL239C	YDR148C
YLL039C	YMR282C
YDL153C	YJL106W
YBL072C	YPL131W
YGL120C	YKL095W
YBR133C	YLL039C
YJR009C	YPR080W
YBL079W	YHR135C
YHR027C	YHR179W
YBR086C	YDR510W
YEL015W	YPL031C
YGR096W	YNL197C
YBL035C	YDR054C
YBR039W	YGR250C
YLR233C	YNL132W
YKR010C	YOL006C
YER068W	YNL197C
YDL186W	YNL307C
YCL034W	YHR016C
YHL017W	YHR188C
YGR092W	YKR080W
YBL003C	YDR510W
YAR066W	YDR074W
YNL132W	YOL102C
YBR295W	YLL039C
YDR129C	YIL034C
YJR066W	YOL126C
YJL148W	YML010W
YKL196C	YOL018C
YLR438W	YPL022W
YKR088C	YPR079W
YLR340W	YOL127W
YIL062C	YNR035C
YBR183W	YFL048C
YDR510W	YPR010C
YGR135W	YKR095W
YDR028C	YER027C
YBR205W	YML012W
YGR092W	YLR438W
YIR033W	YOL126C
YDR176W	YPL047W
YIL155C	YNL121C
YLR410W	YML010W
YLL039C	YML126C
YLR146C	YPL031C
YCR030C	YER020W
YDL076C	YDR207C
YBR253W	YGL030W
YJL081C	YPL129W
YGL180W	YKL093W
YFL024C	YPL248C
YLR268W	YNL237W
YFR024C-A	YGR268C
YBR011C	YLR425W
YHR135C	YMR140W
YBR176W	YPL070W
YGL066W	YPL011C
YKR054C	YPL263C
YDL112W	YNL307C
YBR081C	YPR025C
YKR081C	YLL008W
YBL007C	YLL005C
YKL054C	YPR152C
YBR010W	YPL138C
YER020W	YGL121C
YER064C	YNL197C
YBR272C	YGL011C
YKL172W	YOR287C
YOL082W	YPL031C
YDR258C	YGL048C
YBL085W	YGL201C
YPR080W	YPR119W
YLR117C	YPL213W
YKL129C	YNL271C
YIR003W	YLR074C
YDL165W	YIL038C
YDR021W	YJR007W
YLL024C	YNL124W
YBR211C	YOL054W
YHR027C	YPL231W
YDL153C	YGL180W
YLR340W	YNL132W
YGL179C	YHR073W
YBR055C	YEL034W
YGL201C	YGR097W
YDL239C	YDR176W
YER173W	YLR413W
YAL053W	YDL222C
YAL018C	YBR290W
YGR135W	YMR314W
YDR343C	YLR019W
YDL025C	YDR477W
YFR017C	YJR059W
YJL167W	YPL031C
YHR132C	YLL039C
YNL263C	YOR132W
YBR260C	YOR181W
YDR141C	YGR138C
YBR253W	YDL005C
YDL019C	YHR082C
YGL179C	YMR140W
YER162C	YLR167W
YDR028C	YLR377C
YLL039C	YPL036W
YJR059W	YNL167C
YKL142W	YMR165C
YCL039W	YGL227W
YDR275W	YER021W
YHR169W	YPL226W
YHL042W	YIL006W
YML064C	YPR182W
YDR069C	YEL041W
YDR483W	YFR004W
YBR055C	YDR381W
YDL137W	YDL192W
YNL016W	YPL190C
YML114C	YPL129W
YER020W	YPL036W
YER074W	YGL014W
YJL070C	YNR016C
YFR050C	YOR362C
YBR231C	YJL081C
YER134C	YOR244W
YKL065C	YPL076W
YBR123C	YKL068W
YAL030W	YLL039C
YDR057W	YLR207W
YMR086W	YOR181W
YER105C	YPR080W
YDL005C	YOL051W
YDR103W	YLR305C
YDR388W	YGR058W
YFR004W	YHR174W
YPL129W	YPR056W
YGL134W	YJL137C
YLR447C	YOR181W
YGL130W	YOL078W
YPL106C	YPR016C
YGL181W	YHR016C
YBR173C	YMR037C
YDR388W	YPR055W
YEL044W	YPL235W
YGR255C	YLR201C
YFR004W	YGR214W
YBR159W	YNL048W
YDR027C	YJL029C
YIL126W	YLL039C
YGR275W	YPL016W
YDR124W	YHR155W
YKL108W	YMR303C
YDR159W	YKL186C
YAR019C	YJR047C
YDR022C	YGL180W
YJR059W	YKL146W
YBL079W	YGR037C
YJL004C	YML038C
YLR074C	YLR196W
YGR060W	YGR284C
YHR027C	YHR104W
YCR091W	YPR119W
YLR305C	YOR181W
YLR074C	YLR106C
YHR197W	YKL180W
YDR247W	YGR097W
YDR369C	YLR109W
YGR104C	YPR052C
YGR261C	YOR380W
YKL104C	YPL235W
YAL036C	YHR027C
YDR225W	YJL006C
YFR004W	YJR009C
YLL039C	YOR231W
YMR112C	YNL236W
YGL201C	YMR109W
YBR159W	YNL130C
YEL012W	YLR410W
YFR004W	YKR001C
YBR160W	YDR093W
YGR284C	YPL076W
YHR026W	YJR091C
YLL039C	YPR035W
YGL197W	YLR377C
YGR086C	YMR031C
YDR322W	YML025C
YIL115C	YMR235C
YGL120C	YMR049C
YCR033W	YPR152C
YJR009C	YOL013C
YIL041W	YLL039C
YGR135W	YOR157C
YFR004W	YGR086C
YBR135W	YPR120C
YDL227C	YML088W
YMR005W	YPL011C
YDL134C	YOR386W
YDR145W	YKR001C
YKL181W	YOR231W
YFR004W	YOL086C
YHR082C	YMR165C
YBL007C	YPL246C
YDR359C	YFL024C
YDR011W	YKL203C
YJL218W	YPL031C
YER059W	YJL084C
YLR340W	YPR129W
YAL034W-A	YPR046W
YER118C	YPR171W
YER067W	YLL039C
YHL034C	YNL132W
YML065W	YPR110C
YBL006C	YDR510W
YLL039C	YPR181C
YER110C	YIL115C
YDR243C	YDR260C
YBR127C	YDR510W
YGL179C	YLR350W
YDR148C	YKL010C
YDL134C	YLL039C
YNL124W	YPR110C
YDR243C	YPL235W
YBL023C	YLR274W
YDR240C	YGR013W
YIR006C	YOR329C
YER128W	YPR173C
YKL206C	YOR157C
YCR012W	YGR192C
YGL120C	YOR056C
YHL042W	YPL264C
YBR108W	YHR082C
YDR264C	YMR197C
YHR079C	YLR361C
YBR229C	YML067C
YPL147W	YPL274W
YMR213W	YPL213W
YGL153W	YGL179C
YER012W	YGR135W
YHR082C	YOR362C
YER118C	YIL144W
YBL023C	YIL150C
YBL093C	YPL042C
YIR006C	YPR152C
YBR205W	YPR107C
YER006W	YOR349W
YBL067C	YFR004W
YDR510W	YGR192C
YHR016C	YJL194W
YJL006C	YPR035W
YCR030C	YFR024C-A
YBR160W	YLR238W
YCL028W	YLR403W
YBR211C	YDR254W
YKL104C	YKL116C
YBR289W	YOL051W
YBR279W	YHL002W
YDL044C	YLR067C
YLL039C	YMR171C
YHR135C	YPL169C
YLR274W	YMR109W
YGL240W	YNL193W
YDR518W	YHR113W
YDR503C	YPL246C
YDL095W	YDR129C
YPL264C	YPR028W
YDL005C	YDR308C
YDL066W	YMR304W
YDR306C	YDR328C
YBL046W	YDR075W
YBL003C	YBR010W
YDL134C	YKL203C
YFL039C	YMR072W
YFR004W	YMR235C
YLL039C	YPL063W
YPL106C	YPR045C
YDR288W	YNL124W
YBR010W	YJL081C
YCL037C	YOL139C
YNL002C	YOR267C
YJL004C	YPL264C
YFL054C	YKL142W
YLL008W	YOR267C
YOL021C	YOR076C
YLL039C	YPL260W
YER127W	YJL164C
YDR101C	YKR081C
YKR081C	YMR290C
YGR037C	YML086C
YBR290W	YPL227C
YHR131C	YNL154C
YER177W	YNL076W
YFR004W	YKL104C
YML010W	YML056C
YBL093C	YBR253W
YLL039C	YPL131W
YPL166W	YPR049C
YDR178W	YOR065W
YML029W	YOL013C
YGL035C	YOL051W
YGR092W	YPR160W
YMR309C	YOR039W
YNL025C	YPL031C
YCR063W	YPR152C
YBR238C	YDR510W
YGL201C	YIL144W
YFR004W	YHR190W
YDR169C	YGL180W
YGR253C	YHR027C
YBR010W	YLR015W
YBR258C	YPL138C
YGR238C	YML064C
YOL104C	YPL200W
YMR049C	YMR290C
YBL003C	YKL139W
YBR253W	YNL236W
YML037C	YPL141C
YBR160W	YMR165C
YHR174W	YLL039C
YDL028C	YKL023W
YGR060W	YIL016W
YDR477W	YLL024C
YJL164C	YOR070C
YDR313C	YLR083C
YAR019C	YOR231W
YER086W	YPL070W
YKL085W	YPL111W
YBR272C	YDR427W
YJR082C	YLR223C
YGL025C	YPR070W
YHR135C	YPL146C
YBR160W	YJL194W
YMR213W	YPL064C
YDL005C	YGL025C
YER105C	YPL004C
YGR185C	YLL029W
YFR004W	YKL103C
YHR114W	YOR059C
YBR138C	YGR092W
YDR162C	YPL161C
YBR039W	YGR104C
YNL156C	YNL197C
YGL134W	YPL031C
YGR276C	YHR082C
YIL146C	YPR049C
YLL024C	YOL149W
YDL002C	YPL129W
YKR001C	YPL016W
YER118C	YJR115W
YBR260C	YGR221C
YIL105C	YKL126W
YML069W	YPR171W
YKL180W	YNL132W
YHR135C	YKL160W
YDL079C	YKL210W
YAL021C	YDR252W
YDR161W	YHR174W
YDR032C	YLR413W
YGR104C	YOR151C
YKL130C	YML056C
YML064C	YPL192C
YBR108W	YFR024C-A
YBR247C	YCR031C
YEL034W	YMR284W
YOR298C-A	YPL031C
YDR233C	YLR018C
YGR276C	YOL113W
YDR388W	YGR268C
YDR303C	YOR156C
YBR103W	YDR155C
YDL025C	YDL183C
YBR289W	YER162C
YDL207W	YOL086C
YDR328C	YJR089W
YGR068C	YOR119C
YGL048C	YPL004C
YBR274W	YPL171C
YFL048C	YML012W
YDR510W	YKR008W
YLL039C	YOR035C
YDR093W	YMR054W
YHR135C	YJL105W
YKL010C	YLR304C
YBR105C	YLR259C
YCR031C	YDR381W
YBL072C	YBR247C
YDL192W	YDR264C
YPL176C	YPR071W
YHR027C	YPR181C
YKL213C	YML013W
YHR147C	YML025C
YDR477W	YMR165C
YGL181W	YLL024C
YDR293C	YNL307C
YLR052W	YOR141C
YDR314C	YGL014W
YCR063W	YDL209C
YBL085W	YER032W
YJL095W	YOR231W
YJR110W	YOR151C
YML058W	YNL307C
YDL085W	YOR076C
YDL002C	YGL133W
YJR059W	YLL029W
YBR142W	YPL211W
YNL307C	YNR006W
YJL065C	YNL230C
YER026C	YIL171W
YDR390C	YDR510W
YBR103W	YLR347C
YGL180W	YKL114C
YDR101C	YKL068W
YBR183W	YML067C
YJL194W	YNL197C
YDR448W	YPR070W
YHR140W	YLR343W
YER012W	YNL016W
YDR477W	YMR037C
YDL100C	YIL065C
YBR082C	YKL010C
YDR159W	YLR208W
YBL040C	YGR060W
YBR136W	YJL090C
YFL039C	YHR152W
YFR004W	YKR003W
YHL002W	YPR115W
YDL054C	YHR026W
YLR119W	YMR032W
YDR086C	YPL189W
YBL064C	YHR082C
YML065W	YNR016C
YBL050W	YOR075W
YER095W	YML032C
YCR098C	YHR110W
YMR129W	YMR153W
YDR510W	YJR089W
YBR053C	YLR310C
YDR129C	YIL062C
YHR082C	YPR032W
YBL079W	YDL207W
YDR280W	YDR381W
YLR321C	YPL070W
YJR082C	YOR244W
YDR032C	YIL105C
YGL250W	YLR442C
YEL017C-A	YHL042W
YGL173C	YMR290C
YDR138W	YDR214W
YBL003C	YHL034C
YCR007C	YDL120W
YER028C	YNL197C
YNL312W	YPR161C
YDR091C	YMR309C
YDR510W	YNR035C
YFR024C-A	YNR031C
YGL120C	YLR005W
YBR173C	YGL011C
YMR169C	YMR170C
YGR240C	YPR152C
YMR314W	YOL038W
YDR477W	YOL066C
YJL095W	YNL155W
YML098W	YPL129W
YHR079C	YOR181W
YBR241C	YDR264C
YBR102C	YPR032W
YJL030W	YOR283W
YDL072C	YLL039C
YER064C	YOL016C
YBL007C	YGL181W
YNL073W	YOL130W
YKR021W	YLL039C
YDL222C	YGL077C
YGL179C	YKR071C
YER020W	YKR003W
YDR013W	YIL150C
YLR424W	YPL151C
YHR152W	YLR109W
YGR060W	YMR202W
YDR159W	YPL178W
YLR369W	YMR049C
YBL003C	YBL046W
YLR323C	YNR011C
YIL105C	YOL038W
YLR119W	YLR417W
YGL197W	YLR310C
YGR135W	YHR027C
YBR289W	YDR073W
YGR276C	YJL106W
YBR055C	YKL210W
YLR319C	YOL112W
YMR309C	YPL081W
YDL195W	YIL109C
YDR318W	YOL069W
YGL134W	YNL307C
YHR135C	YNL227C
YDL005C	YMR112C
YDR407C	YJL044C
YLR430W	YPL022W
YBL035C	YDR013W
YGL180W	YNL165W
YML072C	YNL283C
YER094C	YOR362C
YPR025C	YPR056W
YNL031C	YNL097C
YOL038W	YPR154W
YNL197C	YOL036W
YER062C	YML058W
YJR045C	YPR161C
YFR004W	YNL007C
YDR328C	YLR167W
YLL024C	YNL197C
YBR260C	YGR196C
YDR195W	YPL008W
YNL197C	YNL328C
YBL072C	YLR192C
YBL007C	YDR277C
YBL003C	YIL076W
YCL028W	YLL039C
YML035C	YNL154C
YLR074C	YMR303C
YBR053C	YPL141C
YOR207C	YOR231W
YOR361C	YPL151C
YGL229C	YOR062C
YJR035W	YKL085W
YDL149W	YPR049C
YBR274W	YPR010C
YDR075W	YIL153W
YDL134C	YPR040W
YEL037C	YGL106W
YGL098W	YKL196C
YDR129C	YLL039C
YHR079C	YPR032W
YJL164C	YLR345W
YBL072C	YCR031C
YDL192W	YML012W
YDL002C	YFR037C
YNL154C	YOL139C
YGL161C	YLL039C
YGR295C	YOR079C
YKL130C	YMR202W
YDL159W	YPL201C
YEL015W	YLR340W
YNL002C	YPR016C
YNL244C	YOR362C
YDR388W	YFR024C-A
YGR113W	YGR161C
YJL164C	YMR304W
YLL039C	YPR154W
YDL028C	YOR056C
YDR192C	YML058W
YDR192C	YGR192C
YDR129C	YKL126W
YHR027C	YKL080W
YDR383C	YLR315W
YDR219C	YDR328C
YGR278W	YMR213W
YDL066W	YFR004W
YMR004W	YOR132W
YAL036C	YOR091W
YBL072C	YNL132W
YJL084C	YPL031C
YDR369C	YJL167W
YLR018C	YML031W
YDR155C	YML095C
YDL235C	YLR006C
YLR060W	YPL031C
YBL072C	YGL120C
YDL212W	YPL274W
YGL077C	YKL094W
YBL079W	YKL057C
YDR293C	YJR059W
YMR183C	YPL232W
YGL233W	YLR166C
YAR027W	YDR406W
YOR244W	YPR152C
YDR476C	YDR479C
YER048C	YOR181W
YKL010C	YOL038W
YMR117C	YOL069W
YHR179W	YJR045C
YDR101C	YPR017C
YML095C	YPL262W
YDR129C	YKL203C
YHL030W	YJL001W
YGL180W	YLR350W
YOL139C	YPR152C
YHR096C	YML072C
YGL206C	YJR125C
YDR308C	YPL129W
YKL129C	YLR337C
YBR160W	YDL239C
YDR088C	YLR117C
YBR093C	YDL106C
YDR086C	YML065W
YFL039C	YJL014W
YGR123C	YPR046W
YDR244W	YGL153W
YLR153C	YNL244C
YDR169C	YPL031C
YAL036C	YBR279W
YJL164C	YMR182C
YBR010W	YMR284W
YDR131C	YHR197W
YHR135C	YLR109W
YDR192C	YIL115C
YDR283C	YDR477W
YLR447C	YMR054W
YJL164C	YKR021W
YLL039C	YNR035C
YGR060W	YJL117W
YDR378C	YLR147C
YIL122W	YNL197C
YLR192C	YOR361C
YJL098W	YPL129W
YLR436C	YMR304W
YBR011C	YPR080W
YDR169C	YGL179C
YOL021C	YOR001W
YKL067W	YKL095W
YOL127W	YPR067W
YHR135C	YIL033C
YJL167W	YNL244C
YDR240C	YHR099W
YKL080W	YLR447C
YFR004W	YLR270W
YHL002W	YKR009C
YFR004W	YPL106C
YJL014W	YJR064W
YBR260C	YFR004W
YER021W	YJL084C
YDR228C	YNL222W
YBR159W	YDL206W
YFL033C	YIL116W
YJL164C	YMR081C
YCR030C	YER166W
YER179W	YIL105C
YIL084C	YLR423C
YLL039C	YMR027W
YKL203C	YPR149W
YLL039C	YML057W
YNL104C	YNL307C
YJR056C	YNL154C
YGR037C	YLR310C
YML065W	YNL071W
YML098W	YML114C
YJL030W	YKL204W
YGL025C	YPL129W
YHR094C	YNL197C
YLR258W	YOL090W
YHR027C	YNL244C
YJR059W	YMR291W
YGR247W	YOR327C
YFR004W	YKL001C
YBR159W	YEL017C-A
YIL021W	YPL129W
YEL043W	YKL142W
YBR021W	YML052W
YDR294C	YLL039C
YCL036W	YDR388W
YER027C	YGL208W
YHR135C	YNL027W
YDL134C	YHR114W
YDR510W	YLR060W
YGR186W	YKR062W
YBR055C	YDR378C
YBR010W	YJL047C
YJL164C	YLR310C
YEL012W	YMR291W
YJR059W	YLR301W
YDR388W	YOL139C
YBR114W	YMR201C
YBR133C	YPL031C
YHR082C	YLR258W
YGL233W	YPR055W
YDR477W	YLR182W
YBL075C	YLR320W
YKR002W	YML010W
YJL084C	YJL164C
YJL159W	YLL039C
YDR091C	YLR432W
YDR101C	YER006W
YDR159W	YPL047W
YDR540C	YGL180W
YCR011C	YPR079W
YLR106C	YOR151C
YBL007C	YPL141C
YJL029C	YOL018C
YKL139W	YMR041C
YHL004W	YNL306W
YDL065C	YJL006C
YFL036W	YMR228W
YBR055C	YNL154C
YDR074W	YHR027C
YDR145W	YDR448W
YHR082C	YPL094C
YHR027C	YMR309C
YGR092W	YLR007W
YDL195W	YLR208W
YIL126W	YKR008W
YDL209C	YPL151C
YBL084C	YKL028W
YDR192C	YKL068W
YGR255C	YML058W
YFR004W	YOR369C
YNL307C	YNR047W
YBL010C	YPR046W
YBR164C	YPR095C
YLR119W	YMR235C
YBR162C	YDR238C
YNL154C	YPR032W
YHR197W	YPR016C
YFR004W	YLR259C
YDL192W	YPL246C
YDR073W	YHL025W
YEL015W	YMR109W
YIL105C	YPR161C
YML043C	YNL197C
YGR048W	YOL013C
YKL104C	YPL061W
YAL024C	YDL171C
YHR001W	YLL039C
YBR102C	YKL130C
YGL241W	YPR093C
YBR002C	YMR149W
YDL035C	YER020W
YBL003C	YPR052C
YDL199C	YIL144W
YER086W	YJR009C
YHR197W	YPL131W
YDR330W	YNL307C
YDR145W	YPL011C
YDR510W	YIL056W
YDL103C	YDR288W
YFL039C	YNL136W
YER116C	YMR072W
YGL098W	YNL258C
YGR080W	YIL034C
YGR192C	YMR109W
YHR099W	YJL098W
YER162C	YMR201C
YJR059W	YML037C
YCR042C	YPL042C
YHL004W	YPR025C
YDL239C	YPL070W
YCL028W	YGR104C
YPL106C	YPR129W
YDR032C	YOR014W
YOR083W	YPL031C
YDR307W	YHR140W
YBR011C	YGL120C
YFR050C	YMR314W
YGR180C	YHR082C
YIL065C	YJR091C
YJL098W	YPL012W
YPL259C	YPR029C
YDR022C	YLR423C
YGL180W	YLR323C
YDR195W	YGL153W
YDL004W	YHR082C
YAL021C	YDL165W
YFR004W	YPR028W
YOL054W	YPR046W
YPL174C	YPL253C
YOL127W	YPL131W
YHR079C	YNR006W
YKR003W	YPR152C
YHL027W	YPL031C
YLR093C	YMR197C
YLR343W	YPL076W
YLL010C	YLR019W
YGL168W	YJL164C
YLL024C	YPR129W
YLR377C	YNR065C
YDL055C	YGR288W
YAR019C	YDL028C
YDR054C	YJL194W
YFL054C	YGL180W
YDL159W	YGR240C
YLL024C	YPR016C
YGL106W	YLR304C
YLR085C	YLR377C
YMR314W	YOR380W
YAL021C	YGL014W
YDR318W	YOL054W
YKL090W	YPL128C
YCL028W	YDL005C
YER047C	YGR086C
YBL007C	YOR181W
YLR055C	YPL047W
YML117W	YPL190C
YDR183W	YJL014W
YMR115W	YNL307C
YIL150C	YML065W
YGR285C	YOL127W
YGR132C	YPL263C
YJL095W	YOR177C
YLR108C	YML102W
YBL014C	YNL197C
YFR004W	YMR109W
YDR510W	YFR037C
YDL095W	YML029W
YJL164C	YLR301W
YGR013W	YLR298C
YDL100C	YGL153W
YBL010C	YNL154C
YGL205W	YJL095W
YBR149W	YFR004W
YDR356W	YKR037C
YDL222C	YMR011W
YKL146W	YLR246W
YFR040W	YOL069W
YLR147C	YNL016W
YBR218C	YGL106W
YER020W	YLR413W
YAL029C	YLL039C
YCR042C	YML098W
YLR424W	YNL224C
YPL070W	YPR119W
YFL048C	YKL065C
YKL075C	YNL164C
YJL164C	YMR140W
YBR159W	YNR035C
YHR090C	YLR347C
YDR085C	YPL242C
YNL306W	YOR158W
YLR067C	YPR129W
YDL137W	YIL051C
YEL015W	YNL118C
YBR142W	YMR049C
YEL015W	YNL307C
YJL036W	YLR423C
YFR004W	YNL104C
YLR455W	YOR064C
YAL024C	YPR119W
YOL038W	YOR362C
YBL037W	YJL084C
YHR027C	YML126C
YNR010W	YOR151C
YLR196W	YMR121C
YCR012W	YHR027C
YGR249W	YPL031C
YCR009C	YER116C
YLR337C	YNR035C
YPR080W	YPR129W
YBL003C	YNL246W
YHL024W	YJL106W
YDR330W	YGR048W
YKL181W	YOL061W
YOR039W	YOR119C
YLR410W	YPL031C
YDR293C	YNL118C
YEL043W	YLR293C
YBR214W	YFR040W
YKL038W	YPL203W
YFR004W	YLR109W
YDR477W	YNL007C
YDR414C	YNR026C
YDR096W	YER032W
YBR159W	YDR414C
YNL106C	YPR161C
YGL097W	YNL031C
YKR056W	YKR072C
YKL129C	YOR035C
YGL173C	YKL198C
YEL037C	YER012W
YDL015C	YDR307W
YBL015W	YOR023C
YDR477W	YKL121W
YDR162C	YGL035C
YNL125C	YPL076W
YGL180W	YJL148W
YBR081C	YGL048C
YJR059W	YMR184W
YDR168W	YKL139W
YEL044W	YPL129W
YGL180W	YLL019C
YBR010W	YML065W
YJL014W	YNL155W
YHL025W	YLR438W
YER021W	YOL038W
YGL173C	YPR161C
YBR145W	YDR499W
YDR323C	YHR082C
YBR135W	YJL194W
YDR479C	YML125C
YBL007C	YCL008C
YFR037C	YOR304W
YBR142W	YPR152C
YHR027C	YNL044W
YNL118C	YOR023C
YER059W	YKL103C
YBL079W	YDR192C
YAL027W	YCR009C
YBL003C	YDL019C
YJL117W	YKL065C
YER179W	YPR007C
YER013W	YHR167W
YJL127C	YMR179W
YIL105C	YJL058C
YFR004W	YLL029W
YIL109C	YOL130W
YDL159W	YLL021W
YKL213C	YNR006W
YDR328C	YEL060C
YDR027C	YOL018C
YAR027W	YEL041W
YDR381W	YOL113W
YER069W	YFR004W
YIL148W	YKL010C
YBR149W	YDR510W
YFL048C	YGR284C
YBR176W	YML064C
YML056C	YNL308C
YMR127C	YOR213C
YER178W	YNL071W
YFL039C	YJL005W
YBL007C	YOR284W
YGR060W	YLL005C
YCR033W	YIL112W
YJL140W	YLR192C
YIR001C	YNL016W
YBL023C	YDR122W
YHR005C	YJR086W
YER177W	YPR115W
YDR510W	YGR056W
YNL154C	YPL138C
YBR182C	YLR423C
YBL015W	YJR068W
YGL173C	YPR178W
YNL073W	YNL154C
YKR031C	YPL050C
YDR091C	YEL054C
YKL080W	YPL091W
YGR092W	YPR091C
YGL185C	YPL031C
YDR131C	YDR328C
YKL088W	YOR039W
YLR109W	YNL312W
YOR231W	YPL201C
YJL048C	YKL130C
YEL023C	YHL002W
YDR501W	YPR138C
YBR160W	YOR178C
YJR059W	YPR091C
YLR276C	YPL031C
YEL037C	YER162C
YBL084C	YBR135W
YGR249W	YJL164C
YLL010C	YLL039C
YJL004C	YKR088C
YGR275W	YJL014W
YBR159W	YJR161C
YDR381W	YJL006C
YGL104C	YIL016W
YML118W	YPL203W
YDR452W	YKR092C
YHR104W	YOL045W
YBR159W	YLR241W
YJR066W	YKL203C
YMR196W	YNR031C
YER020W	YPR138C
YGL030W	YNL132W
YDR159W	YKL068W
YBR011C	YLL060C
YAR027W	YNL125C
YBR010W	YNL246W
YNL197C	YOR316C
YCR009C	YNL055C
YLR342W	YNL020C
YJR033C	YOR332W
YNL236W	YPR168W
YHR179W	YOL013C
YDL215C	YGR084C
YOL051W	YPR168W
YKR014C	YNL044W
YBL093C	YPR168W
YHL024W	YPL203W
YBR041W	YMR152W
YBL084C	YIR025W
YHR033W	YPL022W
YJL165C	YML037C
YBR177C	YER136W
YLL024C	YPL012W
YDR293C	YGL173C
YDL002C	YPL235W
YLR208W	YML012W
YFL033C	YGL185C
YHR082C	YNL027W
YHR135C	YML035C
YBR160W	YJL095W
YBL085W	YDR085C
YBL072C	YCL037C
YBL025W	YDR247W
YPL004C	YPL074W
YDR132C	YJL218W
YNL002C	YNL175C
YLR199C	YPL004C
YNL265C	YPR173C
YDR283C	YJR132W
YDR200C	YLR238W
YDR088C	YGR006W
YIL068C	YLR166C
YDL005C	YNL236W
YDR388W	YNL037C
YGL126W	YPL161C
YIL076W	YNL055C
YCL028W	YHR034C
YKL013C	YLR337C
YMR149W	YNL130C
YBR164C	YDR027C
YGL004C	YPL235W
YDR159W	YPL169C
YDL222C	YLR219W
YBR173C	YER012W
YEL058W	YLL039C
YKR034W	YLR424W
YDR141C	YPL037C
YKL080W	YML064C
YML065W	YMR290C
YOR109W	YPR029C
YDL019C	YHR135C
YML086C	YOR327C
YGL120C	YJL148W
YDR381W	YGL173C
YDR002W	YGL097W
YHR135C	YOL123W
YGL013C	YMR297W
YMR213W	YPL151C
YDR243C	YDR381W
YIL104C	YNL124W
YBR041W	YBR177C
YDR096W	YDR475C
YDR228C	YLR423C
YCL037C	YMR290C
YDR477W	YOR047C
YBL007C	YOR322C
YBR135W	YGL066W
YFR004W	YGR185C
YIL115C	YLL024C
YKL190W	YML057W
YHL004W	YOR158W
YGR180C	YLR347C
YGR275W	YHR097C
YBR202W	YJL194W
YMR104C	YOL139C
YJL155C	YLL039C
YHR069C	YOR001W
YAL034W-A	YML032C
YGL153W	YNL329C
YBL007C	YHR016C
YCR007C	YDR107C
YLL039C	YMR259C
YBR183W	YGR060W
YBL003C	YJR082C
YGR113W	YJL036W
YDR457W	YLL039C
YIL139C	YPL167C
YDR466W	YOL139C
YDL065C	YDR265W
YAL059W	YGR285C
YKL025C	YPL031C
YER006W	YMR290C
YBR039W	YBR093C
YBR122C	YHL004W
YBR127C	YPL151C
YDR228C	YLR277C
YIL115C	YKR082W
YGL180W	YPR115W
YGR109C	YOL054W
YBR016W	YLL039C
YJR006W	YNL218W
YGL237C	YPR085C
YML092C	YOR362C
YPL151C	YPR152C
YFL039C	YLL026W
YPL231W	YPR152C
YBR105C	YGL227W
YDR460W	YPR056W
YDR101C	YGL030W
YJR059W	YPL012W
YGR261C	YLR330W
YNL016W	YNL197C
YBR010W	YOR141C
YIL144W	YJR059W
YGL173C	YNL308C
YGL179C	YIR003W
YNL132W	YPL042C
YNL016W	YPL016W
YKR081C	YPL141C
YHL025W	YPL129W
YEL057C	YER021W
YIL005W	YIL166C
YBR160W	YNL197C
YER021W	YJR009C
YBR072W	YDL239C
YOL054W	YOR056C
YLR166C	YPL106C
YBR019C	YDL079C
YGL025C	YGR104C
YBL003C	YOR244W
YDL222C	YJL016W
YCR031C	YER074W
YFR004W	YGR192C
YKR008W	YLL039C
YDR159W	YIL034C
YFL039C	YGL097W
YDR069C	YLR073C
YCL037C	YPL131W
YJR062C	YKL085W
YHR197W	YKR081C
YHR079C	YLR006C
YDR070C	YJR059W
YBR010W	YDL159W
YFR004W	YOR283W
YLR424W	YPL018W
YBR072W	YOR267C
YMR313C	YPL031C
YHR016C	YPR171W
YEL040W	YJR066W
YDL209C	YER013W
YBL072C	YHR027C
YIL004C	YOR327C
YGL180W	YJL033W
YGL001C	YLL039C
YHR016C	YMR255W
YML092C	YOR157C
YDR096W	YPR154W
YNL031C	YPR052C
YER177W	YPL231W
YDR510W	YOR151C
YBR010W	YGL058W
YER012W	YMR314W
YER177W	YLR258W
YDR155C	YGL194C
YBR108W	YGR092W
YHR135C	YPL071C
YHR016C	YPL038W
YBR108W	YOR181W
YKL206C	YLR199C
YAL053W	YKL051W
YGR126W	YNL154C
YOR244W	YOR281C
YGR282C	YPR152C
YDR283C	YML010W
YJL165C	YPR119W
YJR068W	YOL126C
YER094C	YLL039C
YFL039C	YJL081C
YJL103C	YPL031C
YBL007C	YPL022W
YDR427W	YGL201C
YHR135C	YKL121W
YGR086C	YOL045W
YBR160W	YDL189W
YMR112C	YOL051W
YCR093W	YIL038C
YGL056C	YPL031C
YOL149W	YPR129W
YPL038W	YPR154W
YKL068W	YLR347C
YHR135C	YOR070C
YBL058W	YDR388W
YBR160W	YKR095W
YDR448W	YGL112C
YCR012W	YPR152C
YCR106W	YJL006C
YDR388W	YPL235W
YCR059C	YFL039C
YLR440C	YOL086C
YDL072C	YML029W
YNL197C	YNL321W
YDL087C	YGR074W
YLR196W	YNL230C
YGR092W	YNL155W
YLL039C	YLR270W
YAR027W	YLR350W
YMR034C	YPL211W
YNL055C	YNL121C
YLR304C	YMR072W
YAL034W-A	YIL144W
YFL039C	YPR171W
YER177W	YHR027C
YKR055W	YPL161C
YDR148C	YER110C
YDR233C	YKR010C
YOR181W	YPR154W
YDR043C	YHL027W
YDL207W	YPL169C
YGL104C	YPR028W
YIL115C	YMR153W
YBR041W	YKL094W
YJR066W	YOR181W
YDR388W	YOR284W
YGL229C	YNL076W
YBR160W	YDL025C
YHR026W	YKL065C
YDR510W	YOL051W
YGL112C	YPL248C
YAR014C	YJR115W
YDL232W	YNL279W
YJL164C	YLL040C
YDR388W	YMR162C
YAL024C	YDR516C
YDR481C	YNL197C
YKL028W	YOL051W
YER019W	YNL197C
YBR160W	YLR319C
YBR010W	YNL016W
YNL307C	YOL130W
YDR127W	YFR024C-A
YDR328C	YML088W
YGL161C	YPL031C
YIL105C	YPR119W
YBL093C	YMR112C
YPL031C	YPL049C
YHR138C	YMR049C
YJR059W	YMR196W
YDR054C	YLL039C
YJR017C	YLR438W
YAR014C	YGR225W
YGR261C	YLR423C
YNL044W	YNL304W
YDR477W	YJL148W
YDL103C	YPL031C
YDR481C	YJR066W
YML086C	YPL004C
YHR197W	YKL172W
YDL153C	YOL113W
YDR074W	YNL154C
YBR039W	YML058W
YHR082C	YMR143W
YAR027W	YLR018C
YBR298C	YDL212W
YEL017W	YPL031C
YKL210W	YLL039C
YJL164C	YKL038W
YBR095C	YPL149W
YJR082C	YOL061W
YML065W	YPR052C
YLR211C	YLR446W
YOR361C	YPL001W
YOR057W	YPL191C
YLR208W	YPR107C
YHL042W	YOR127W
YDR127W	YML085C
YGR086C	YGR267C
YKR104W	YOL143C
YJL095W	YML083C
YGR060W	YKL065C
YER012W	YMR276W
YBL079W	YER107C
YNL289W	YPL031C
YKL038W	YOR047C
YDR219C	YNL121C
YDR477W	YER027C
YMR119W	YNL008C
YCL024W	YLL039C
YBL023C	YNL307C
YCL040W	YOR244W
YCR012W	YDR378C
YDL209C	YKL095W
YGL180W	YNL125C
YDR466W	YMR109W
YDR272W	YEL040W
YHR079C	YPR091C
YHR157W	YOR231W
YDR381W	YLR085C
YCL037C	YGL173C
YHR140W	YPL264C
YOR273C	YPL004C
YBR041W	YKL140W
YGR074W	YLR117C
YBL036C	YDR343C
YLR246W	YOL110W
YDL204W	YNL154C
YER105C	YMR153W
YFR052W	YMR276W
YJL036W	YOR057W
YDR208W	YGL180W
YCR009C	YPL004C
YLL039C	YNL132W
YBL085W	YCL024W
YBR010W	YDR510W
YER026C	YGR060W
YAL054C	YDR216W
YLR196W	YPL131W
YLL039C	YMR276W
YBL060W	YJL047C
YFR004W	YPL031C
YFL013C	YGR285C
YGL197W	YNL307C
YNL263C	YPR028W
YJL006C	YKL139W
YDL165W	YNL025C
YHL020C	YKL065C
YGR077C	YNL214W
YKR081C	YOR267C
YER110C	YLR347C
YJL164C	YKL116C
YLR196W	YPL141C
YJL081C	YJL098W
YBR170C	YKL020C
YER069W	YLR147C
YDR388W	YPL022W
YDL025C	YGL180W
YMR032W	YNL152W
YNL246W	YOR244W
YBR103W	YGL194C
YBL010C	YPL018W
YER021W	YJL165C
YJR066W	YML052W
YFR004W	YPL111W
YDR124W	YOR158W
YGL011C	YML092C
YGR060W	YGR175C
YJR035W	YPR191W
YDL173W	YNL183C
YDR264C	YOL016C
YDL065C	YDR244W
YDL125C	YHL018W
YFL050C	YJL164C
YGR215W	YPL118W
YDR388W	YLR436C
YHR197W	YPL211W
YDR381W	YPL227C
YDR002W	YFR004W
YDR318W	YLR315W
YDL186W	YPL031C
YDR293C	YHR135C
YGL179C	YLL008W
YHR113W	YPL201C
YKL160W	YOR039W
YDR176W	YPR008W
YAR018C	YDR216W
YAL036C	YGR250C
YMR109W	YNR016C
YBR139W	YER062C
YIL010W	YPL031C
YMR054W	YOL018C
YOL026C	YOR039W
YIR017C	YLR423C
YHR161C	YIL122W
YBR136W	YOR181W
YHL034C	YPL012W
YMR032W	YOL036W
YBR010W	YBR034C
YGR253C	YJL001W
YML015C	YML098W
YLL039C	YMR303C
YFL036W	YJR045C
YBR289W	YDR510W
YJR090C	YOL136C
YLR072W	YNL031C
YMR290C	YOR267C
YGR203W	YIL119C
YJL098W	YOR244W
YIL144W	YOL069W
YJL001W	YMR314W
YHR135C	YJR092W
YLL021W	YOR231W
YBR160W	YKL023W
YDR477W	YLR192C
YBR139W	YLR166C
YER012W	YER021W
YAL025C	YDR510W
YER105C	YLR018C
YFR004W	YML028W
YNL132W	YPR137W
YKL095W	YPR101W
YFR004W	YLR192C
YPL042C	YPR168W
YCL039W	YIL017C
YMR255W	YMR273C
YHR135C	YMR153W
YEL044W	YER092W
YBR273C	YKL213C
YMR121C	YNL124W
YDR477W	YNL186W
YCR009C	YIL148W
YBR183W	YPL076W
YJL033W	YOR287C
YBR094W	YPL031C
YBR170C	YOL013C
YDR381W	YGL237C
YER094C	YJL001W
YGL023C	YPL031C
YDR214W	YHR027C
YDR414C	YGL104C
YER006W	YLR106C
YER020W	YNL283C
YML023C	YMR053C
YOR145C	YPL263C
YDL072C	YKL065C
YGL112C	YMR005W
YDR388W	YPR093C
YIL062C	YMR109W
YOL018C	YOR327C
YBR071W	YLL039C
YGR070W	YLL039C
YCR059C	YPR080W
YGL120C	YMR143W
YDR138W	YKL139W
YNL074C	YNL307C
YLR147C	YPR182W
YPL106C	YPR093C
YGL208W	YNR035C
YDL180W	YLR452C
YBR247C	YHR082C
YBL007C	YKR095W
YBL007C	YGL237C
YBL007C	YLR106C
YBR247C	YPR144C
YJL095W	YPR152C
YKR031C	YPL027W
YDR283C	YNL183C
YJL098W	YNL289W
YGL014W	YJL164C
YKL025C	YNL289W
YJL194W	YLR440C
YLR423C	YPR049C
YJL164C	YMR153W
YLL039C	YLL048C
YMR290C	YPL009C
YDR092W	YKL210W
YOR093C	YPR144C
YNL186W	YPR137W
YAL027W	YNL106C
YNR013C	YPL031C
YLR034C	YPL076W
YBR253W	YPL129W
YJR059W	YNL293W
YBL003C	YLR276C
YBR274W	YPL203W
YPR049C	YPR110C
YAL030W	YDR027C
YKR025W	YML065W
YJR059W	YMR068W
YJR059W	YNL125C
YER030W	YOR361C
YKR081C	YPL131W
YCL024W	YLR055C
YPL029W	YPL194W
YDR127W	YDR427W
YFR004W	YNR043W
YDL149W	YFR021W
YGR253C	YML092C
YDL005C	YPR070W
YBR160W	YMR155W
YGL120C	YKL172W
YGL180W	YNL293W
YKR050W	YKR088C
YAL059W	YLR009W
YDR448W	YHR099W
YPL076W	YPR028W
YMR171C	YPL031C
YBR055C	YBR126C
YFR004W	YJR137C
YAR014C	YLR273C
YDR192C	YER107C
YIL045W	YLR347C
YDR057W	YLL039C
YFR004W	YLR243W
YLR293C	YLR347C
YKL051W	YNL283C
YER177W	YFR004W
YMR309C	YOR284W
YBR225W	YNL154C
YDR414C	YML038C
YDL115C	YHR135C
YGL011C	YJL088W
YDR510W	YMR076C
YDR200C	YPL130W
YLR268W	YPL094C
YDR427W	YPR108W
YDR122W	YER167W
YBL003C	YNL132W
YLR130C	YNL197C
YCR011C	YGL098W
YBR160W	YGR276C
YPR178W	YPR182W
YCL034W	YHR114W
YAL021C	YOR057W
YJL095W	YLL008W
YBR127C	YOR332W
YDR032C	YFR004W
YGR261C	YOR284W
YBR229C	YLL039C
YKR001C	YLR176C
YMR291W	YPL141C
YDR108W	YML069W
YHL002W	YNL239W
YEL015W	YOL149W
YJL164C	YKL093W
YML110C	YNL154C
YDR145W	YHR099W
YER107C	YLR106C
YFL023W	YGL180W
YBR247C	YHR169W
YGR192C	YHR027C
YBL007C	YMR253C
YJL117W	YLL039C
YGR092W	YML064C
YDL149W	YNL307C
YLR147C	YMR213W
YML126C	YOL127W
YGR284C	YPL264C
YBL007C	YIR033W
YDR303C	YLL024C
YER067W	YLR340W
YBR082C	YKL210W
YGR161C	YLL039C
YGR267C	YKL210W
YBL007C	YGR240C
YGL180W	YMR165C
YJL164C	YKL121W
YAR027W	YPL094C
YGL240W	YIR025W
YAR027W	YAR028W
YDL055C	YDR127W
YCR042C	YGL112C
YBL003C	YDR207C
YMR309C	YOR052C
YMR036C	YNL197C
YDR388W	YNL086W
YER086W	YER095W
YLL039C	YMR145C
YCR093W	YDR252W
YBL058W	YLL039C
YFR004W	YPR110C
YDR011W	YKL051W
YBR002C	YKL140W
YLR072W	YOR141C
YFR004W	YLL026W
YLR276C	YPL211W
YFR024C-A	YHL004W
YCR061W	YLR138W
YLR360W	YPL120W
YGL180W	YML037C
YHR135C	YPL171C
YBL084C	YIR023W
YOR244W	YPL106C
YJL194W	YML065W
YJR068W	YLR432W
YER173W	YJR068W
YBL046W	YDR293C
YGL097W	YML065W
YLR148W	YOL018C
YLR276C	YPL012W
YHR094C	YIR026C
YKR034W	YPL018W
YHR174W	YJL030W
YGL003C	YKL022C
YER177W	YNR047W
YLR106C	YLR153C
YNL055C	YOL132W
YKR002W	YPL031C
YNL117W	YOL045W
YGL077C	YLR219W
YCR093W	YER068W
YDR293C	YDR477W
YKR081C	YML065W
YGL084C	YHL042W
YDR148C	YLR410W
YHR114W	YPL246C
YEL017C-A	YPR079W
YBR114W	YMR226C
YCL037C	YDL055C
YGR295C	YLR237W
YBR159W	YDR307W
YHR135C	YLL008W
YJL048C	YPR120C
YBR136W	YKL085W
YDR168W	YFR004W
YGL066W	YPR070W
YBL003C	YER116C
YMR077C	YPR173C
YER059W	YLR190W
YNL044W	YNL263C
YER088C	YJL164C
YDR128W	YLR216C
YDR169C	YPL203W
YJL081C	YNL136W
YLL039C	YPL226W
YBL064C	YNR031C
YMR282C	YOL123W
YGL250W	YOR028C
YHR135C	YLR192C
YJR059W	YLR258W
YDR479C	YLR350W
YER010C	YJR059W
YGL201C	YLR103C
YGR180C	YPL191C
YER021W	YOR127W
YMR032W	YMR162C
YDL087C	YML102W
YIL109C	YLR208W
YHL002W	YOR138C
YGR056W	YMR224C
YIL041W	YOL018C
YDR510W	YLR028C
YHR027C	YMR079W
YBR108W	YPR154W
YCL024W	YDR162C
YKL129C	YMR032W
YGR196C	YOR231W
YJR059W	YKR021W
YML064C	YMR226C
YGL097W	YPL037C
YDL207W	YLR347C
YIL038C	YPL231W
YBR205W	YFR024C-A
YJR063W	YPR010C
YDR510W	YLL019C
YGL030W	YNL175C
YAR014C	YER167W
YMR049C	YNL124W
YDR101C	YHR197W
YPL211W	YPR016C
YMR160W	YMR304W
YFL054C	YPL031C
YLR018C	YPL031C
YBR188C	YPL151C
YBL007C	YDL139C
YJL030W	YNL218W
YDR446W	YJL036W
YDR032C	YJL016W
YAL029C	YMR309C
YJL014W	YLR220W
YJL033W	YPR080W
YEL054C	YLR340W
YDR168W	YFL029C
YBR202W	YLL039C
YOL018C	YOR099W
YJL164C	YLR319C
YDR388W	YGR250C
YLL024C	YOL006C
YHR190W	YML008C
YER100W	YLL039C
YAL021C	YNL216W
YMR297W	YOR137C
YGR214W	YKL010C
YJR059W	YLR319C
YNL121C	YPL063W
YDR510W	YKR062W
YPL081W	YPR144C
YBR160W	YMR273C
YDR390C	YGR048W
YGR072W	YLL039C
YER006W	YLL039C
YBR217W	YFR004W
YBR160W	YLL021W
YDR192C	YMR153W
YKL085W	YLR074C
YDR080W	YLR148W
YPL131W	YPR016C
YNL044W	YPL070W
YDR310C	YDR328C
YMR149W	YNL322C
YFR004W	YOR374W
YDR028C	YNL009W
YGL210W	YML086C
YLR005W	YOL051W
YBL075C	YKR072C
YNL154C	YNL218W
YDL100C	YLR268W
YGR135W	YIL105C
YGL025C	YOL130W
YHR027C	YHR174W
YHR179W	YLL039C
YBR264C	YLL039C
YDR013W	YKL108W
YBL037W	YNL197C
YIL109C	YLR245C
YLL039C	YOR322C
YGR192C	YOR014W
YIL042C	YJL098W
YHR023W	YMR015C
YGR111W	YHR135C
YLL021W	YLR319C
YDL192W	YFR004W
YDR381W	YML010W
YHR135C	YNL304W
YDL173W	YHR082C
YGL240W	YNL025C
YDR260C	YML072C
YER052C	YLR310C
YJL131C	YPR161C
YGR013W	YML049C
YHR079C	YNL074C
YBR010W	YDR477W
YMR005W	YPL129W
YHR135C	YOR056C
YLR009W	YLR074C
YDR328C	YOR244W
YDR322W	YLR439W
YGR267C	YJR059W
YIR019C	YMR284W
YDR207C	YDR381W
YBL007C	YER118C
YJR059W	YNL074C
YFR004W	YML092C
YJR059W	YLR410W
YHR027C	YNL055C
YGL180W	YPL100W
YFR024C-A	YOR039W
YBR217W	YMR056C
YKR081C	YNL002C
YNL058C	YNL307C
YBR253W	YPL248C
YCL008C	YHR016C
YFL044C	YKL020C
YIL112W	YJR059W
YGL179C	YJL084C
YLL039C	YOL013C
YGL156W	YLL039C
YLL024C	YPR025C
YDR497C	YDR501W
YML065W	YPL190C
YMR216C	YOL021C
YBR126C	YGR092W
YDL015C	YML085C
YDL200C	YHR033W
YEL037C	YIL148W
YDL022W	YDR510W
YHR135C	YNL173C
YGL133W	YLR176C
YFR004W	YMR315W
YLR192C	YOR244W
YGL011C	YGR097W
YGR250C	YLR216C
YGR135W	YLL039C
YFR004W	YML010W
YOR327C	YPL270W
YBR041W	YJL052W
YGL120C	YPL151C
YBR011C	YJL098W
YDR127W	YGL048C
YJR092W	YLL039C
YDL072C	YHL020C
YGL066W	YPL047W
YDR501W	YKL051W
YKL129C	YOR181W
YMR290C	YOL127W
YHR069C	YOL021C
YDR062W	YHL030W
YLL039C	YNL321W
YBR160W	YER075C
YBL003C	YGR275W
YNL118C	YOL151W
YDR192C	YMR129W
YJL014W	YJR090C
YHR135C	YPL190C
YNL007C	YOR007C
YHR027C	YML092C
YBL013W	YBR160W
YGR098C	YMR273C
YAL056W	YPL203W
YJL052W	YLR320W
YNL132W	YPL012W
YLR298C	YLR347C
YLL039C	YMR197C
YHR082C	YNL240C
YJR008W	YNL197C
YOL016C	YPL166W
YEL034W	YHR027C
YKL068W	YPR119W
YEL017C-A	YPL227C
YDR475C	YOR289W
YKL037W	YML058W
YLR153C	YLR259C
YJR046W	YMR111C
YCR030C	YPR152C
YHR027C	YOL086C
YDR145W	YML114C
YGR113W	YLR423C
YDR328C	YIL071C
YHL004W	YLR423C
YDL095W	YHR096C
YNL289W	YOR032C
YER106W	YER177W
YDR027C	YFR024C-A
YIL105C	YKL203C
YFL050C	YHR135C
YGL055W	YIL016W
YDR132C	YPL031C
YKL142W	YOL016C
YAL013W	YDL076C
YDR092W	YNL116W
YDR334W	YDR510W
YBR298C	YKL065C
YBR272C	YPL001W
YFL014W	YHR152W
YLL039C	YOL018C
YGL025C	YPR052C
YML012W	YMR015C
YBR159W	YHR082C
YDR247W	YOR177C
YKL068W	YPL125W
YKL088W	YKR072C
YGR108W	YNL197C
YER059W	YPL046C
YCL054W	YGL120C
YOL086C	YOR244W
YCR009C	YGL060W
YCR042C	YML114C
YCL032W	YER118C
YBR225W	YGL197W
YLR265C	YOR244W
YHR135C	YNL073W
YGR186W	YPR152C
YBR108W	YPL004C
YBR290W	YPR028W
YML065W	YPL079W
YHR082C	YNL186W
YDR448W	YML015C
YHR073W	YPR191W
YDR233C	YLL039C
YJL001W	YOR362C
YBR127C	YKL080W
YMR180C	YNL154C
YKL172W	YPL012W
YBR159W	YLL043W
YDR388W	YHL030W
YHR027C	YLR447C
YDL210W	YKL065C
YGL098W	YOL086C
YBR142W	YLR009W
YDR359C	YJR082C
YGL066W	YLL026W
YBL084C	YLR102C
YDR002W	YNL307C
YHR082C	YMR281W
YDL076C	YIL084C
YOL054W	YOR178C
YEL037C	YOR157C
YER079W	YHR135C
YHR135C	YMR297W
YHR090C	YJR082C
YBL091C-A	YOL113W
YDL239C	YKR034W
YDR477W	YNL183C
YNR010W	YPR168W
YJL106W	YPR115W
YDL055C	YFR004W
YBR108W	YHL002W
YHR114W	YNR016C
YCL037C	YDR293C
YHR104W	YNL154C
YDL165W	YML098W
YGL031C	YLL039C
YPL129W	YPR168W
YDL222C	YML072C
YCR063W	YML049C
YDL028C	YPL233W
YML096W	YOR267C
YBR217W	YPR049C
YBR127C	YGL227W
YCL024W	YER064C
YDR414C	YPL264C
YOL016C	YOR057W
YDL065C	YLR324W
YJL030W	YMR131C
YGR175C	YGR289C
YBR160W	YDR439W
YDR216W	YPR110C
YJR049C	YJR059W
YNL027W	YNL154C
YGR077C	YJL210W
YDL015C	YGR284C
YDL192W	YPR110C
YDR233C	YHR027C
YDL153C	YIL019W
YFR052W	YPR108W
YBR103W	YHL004W
YEL017C-A	YNL308C
YHR023W	YPR184W
YKR081C	YPR161C
YDL232W	YDR086C
YFL039C	YPL129W
YKR081C	YPR045C
YNL197C	YOR359W
YDR069C	YKL028W
YGL179C	YGR038W
YCR042C	YOL051W
YCL028W	YDR308C
YBL102W	YBR164C
YCL039W	YPL018W
YDL207W	YHR174W
YER100W	YKL210W
YJL167W	YJR059W
YFR024C-A	YGR240C
YOL132W	YOR099W
YBR223C	YDR510W
YDL015C	YDL206W
YGR084C	YGR215W
YKL067W	YPR010C
YGR122W	YLR025W
YML065W	YPL118W
YDR086C	YPR071W
YDL025C	YMR216C
YER043C	YMR049C
YPL129W	YPL203W
YIL155C	YLL039C
YBR081C	YML015C
YFR052W	YOR056C
YDR427W	YPR040W
YBR160W	YNL278W
YJR059W	YKL061W
YDR510W	YPR180W
YGL180W	YMR173W
YCL039W	YIL097W
YPL266W	YPR137W
YGL237C	YLR114C
YOL051W	YPR070W
YHR027C	YML057W
YJR059W	YKL116C
YDL224C	YNL197C
YER012W	YER094C
YDL002C	YER092W
YDR128W	YOR093C
YCR063W	YGL120C
YFR004W	YGR240C
YDL137W	YPR110C
YLL039C	YPL134C
YDR159W	YER118C
YIL152W	YLR423C
YBL003C	YDR463W
YBR160W	YGR221C
YHR082C	YMR184W
YDR145W	YML015C
YDL153C	YKL035W
YJL095W	YMR304W
YMR303C	YPR110C
YBR247C	YDR324C
YDR181C	YOR213C
YDR101C	YPR016C
YKL196C	YLR440C
YBL031W	YDR318W
YJL001W	YOL038W
YFR004W	YNL183C
YDL153C	YMR117C
YJL098W	YMR005W
YDR011W	YLL039C
YHR023W	YPL242C
YCR083W	YHR106W
YGL066W	YML015C
YHR027C	YLR432W
YGL066W	YLR055C
YFL044C	YKL213C
YDL189W	YPL049C
YMR304W	YOR244W
YNL194C	YPR079W
YEL034W	YLR340W
YPL061W	YPR080W
YHR027C	YML070W
YLL026W	YLR216C
YHR135C	YJR019C
YML010W	YPR010C
YDL199C	YLL039C
YHR135C	YIR003W
YKL164C	YOL016C
YCR042C	YML015C
YDR231C	YNL197C
YBL102W	YHR027C
YIL021W	YJR035W
YER118C	YKR027W
YIL109C	YLR268W
YHR104W	YLL039C
YDR159W	YKR095W
YBR122C	YML025C
YJL117W	YOR099W
YER013W	YPL213W
YJL164C	YOL130W
YNL197C	YNL305C
YDR293C	YDR501W
YBR159W	YML132W
YDR075W	YGR192C
YLL039C	YNL224C
YPR101W	YPR152C
YDR451C	YNL197C
YDR096W	YFL023W
YLR166C	YNL071W
YNL025C	YPL248C
YBR253W	YGR104C
YDR510W	YGL130W
YLR452C	YNL327W
YDL100C	YHL004W
YER006W	YNL002C
YLL039C	YOL119C
YHR033W	YML064C
YDL209C	YPR101W
YLR009W	YMR049C
YDR388W	YPR081C
YGL130W	YIL021W
YDL087C	YML046W
YDL239C	YLR072W
YBR164C	YJL164C
YMR049C	YOR267C
YAL024C	YGR238C
YER012W	YKL206C
YGR223C	YPL028W
YGL120C	YPL213W
YDR155C	YOL068C
YDR315C	YLR323C
YKL020C	YKL213C
YDR138W	YLR432W
YDR318W	YDR510W
YEL017C-A	YOL018C
YDR118W	YLR102C
YJL095W	YKL203C
YLL039C	YOL076W
YNL082W	YOL090W
YNL073W	YPL106C
YGL180W	YOR141C
YHR174W	YPL031C
YAL030W	YGR142W
YNL180C	YNL183C
YFR052W	YGR135W
YDR101C	YIL115C
YLL039C	YOR142W
YLL039C	YLR028C
YKL203C	YMR036C
YDR007W	YJL165C
YDL033C	YHR082C
YKR018C	YPL031C
YDR129C	YFR004W
YDL028C	YGL106W
YBL007C	YJL004C
YMR129W	YNL197C
YDR086C	YPL094C
YDR378C	YPL213W
YIL084C	YPL031C
YGL087C	YMR140W
YBR142W	YNL002C
YLL039C	YMR081C
YLL026W	YLL039C
YJL005W	YOR057W
YDL192W	YDR477W
YKL172W	YPL211W
YDR028C	YNL289W
YLR337C	YMR032W
YFL039C	YPL235W
YBL007C	YCL034W
YBL003C	YJL006C
YGL153W	YKL197C
YDR448W	YOR023C
YJL165C	YKL038W
YKR008W	YLR410W
YOR001W	YOR076C
YGL180W	YLR276C
YBR081C	YML114C
YHR135C	YML037C
YDR206W	YOL149W
YLL039C	YLR258W
YFL026W	YHR005C
YER178W	YIL042C
YGR074W	YLR298C
YDR129C	YFL039C
YBR159W	YCR011C
YER079W	YNL154C
YLL008W	YMR049C
YGL210W	YOR070C
YBL007C	YJL095W
YBR136W	YHR114W
YLR442C	YNL031C
YAL034W-A	YOL054W
YIL038C	YPL203W
YGL112C	YNL236W
YBL102W	YDL192W
YDR502C	YHR027C
YNL197C	YPL006W
YLR240W	YLR360W
YBR217W	YHR027C
YGL180W	YPR049C
YJR113C	YOR158W
YKR088C	YPL246C
YFL026W	YKL203C
YDR225W	YNL246W
YBR248C	YFR004W
YBR010W	YHR090C
YDR318W	YGL093W
YER059W	YLL039C
YOL021C	YPR110C
YNL230C	YPL012W
YBR096W	YDR477W
YDR356W	YJR042W
YDR247W	YMR216C
YCL008C	YDR069C
YDR448W	YJL058C
YMR049C	YOL127W
YPL018W	YPL233W
YLL019C	YLR438W
YBL085W	YOL070C
YLR377C	YML064C
YDR062W	YGR038W
YLL039C	YOR316C
YDR017C	YMR196W
YGR249W	YHR135C
YDR466W	YKL181W
YHR135C	YOR083W
YGR276C	YHR135C
YLL039C	YLR149C
YKR062W	YPR052C
YHR027C	YJR009C
YCR030C	YDR032C
YER147C	YLR432W
YKL141W	YOR065W
YNL086W	YOL069W
YBR160W	YML027W
YBR289W	YML065W
YDR039C	YKL203C
YKL006C-A	YKL196C
YDR129C	YPL022W
YGL030W	YML126C
YDR057W	YFL048C
YKL181W	YNL183C
YBR024W	YLL039C
YHR082C	YNR006W
YML096W	YOL113W
YOR156C	YPL174C
YER059W	YGR109C
YDR054C	YJR090C
YGR285C	YKR057W
YCL028W	YDR128W
YBR010W	YDR059C
YFR024C-A	YPR097W
YDR216W	YDR448W
YGR067C	YGR135W
YCR091W	YOL104C
YER043C	YHR135C
YCL008C	YLL039C
YBR136W	YNL265C
YCR024C-A	YPL227C
YDL209C	YNR011C
YDR381W	YHR090C
YBL007C	YPL157W
YDR510W	YLR192C
YDR359C	YGR208W
YGL130W	YOR375C
YKL172W	YLR276C
YFR004W	YLL013C
YJR115W	YNL197C
YOL051W	YPL129W
YMR297W	YPL031C
YNL183C	YPL239W
YBR072W	YBR127C
YNL124W	YPL131W
YJL107C	YJR091C
YHL032C	YPL004C
YDL065C	YPL203W
YDL192W	YMR149W
YGR006W	YPR046W
YGL153W	YOL105C
YIR006C	YLL021W
YER052C	YHR027C
YMR280C	YNL307C
YBR026C	YDR054C
YLR277C	YNL208W
YAL053W	YDR032C
YDR028C	YER177W
YDR383C	YPL018W
YFL024C	YHR090C
YDL095W	YNL055C
YDR233C	YDR510W
YDR063W	YDR124W
YGR268C	YLL039C
YBL003C	YDR381W
YDR439W	YJL164C
YDR409W	YGR126W
YCR093W	YPL037C
YDR427W	YMR276W
YDR264C	YNL154C
YBL035C	YKL210W
YMR149W	YOR085W
YGL222C	YOL149W
YGR074W	YPR082C
YCL008C	YFR024C-A
YER039C	YNL130C
YLR074C	YOL127W
YBL056W	YFR004W
YDR330W	YGR268C
YKL116C	YPL031C
YER177W	YPR008W
YPL242C	YPR171W
YKL068W	YPL169C
YLL039C	YLR237W
YCR024C-A	YDR414C
YCR063W	YER013W
YDR510W	YLR442C
YLR430W	YML010W
YHR114W	YLR324W
YOR207C	YPR110C
YDL209C	YDR088C
YDR027C	YDR484W
YBR126C	YNL244C
YHR079C	YOR107W
YDL025C	YJL033W
YJR036C	YNL307C
YFL046W	YMR131C
YMR131C	YPL042C
YAR028W	YML067C
YMR298W	YPL094C
YHR140W	YIL016W
YMR314W	YOR362C
YIL017C	YLL039C
YGR013W	YML046W
YMR290C	YNL002C
YER118C	YHL002W
YLL039C	YOL130W
YFR037C	YMR072W
YAL018C	YLR034C
YCR033W	YGL194C
YLL039C	YOR091W
YGL098W	YLR440C
YER012W	YFR050C
YDL203C	YLL039C
YGL003C	YPL242C
YGR154C	YHR135C
YEL030W	YML058W
YPL164C	YPR191W
YER107C	YMR129W
YAL059W	YPL131W
YDR510W	YJR045C
YHR027C	YKL010C
YKL213C	YNL073W
YAL021C	YDL149W
YEL037C	YPL141C
YMR129W	YPL106C
YGL106W	YPL242C
YBL003C	YER006W
YEL017W	YNL293W
YEL043W	YOL069W
YKL078W	YNL186W
YJR062C	YPL141C
YJL095W	YMR109W
YML015C	YMR005W
YOL086C	YPR152C
YDL055C	YPR010C
YIL034C	YLR274W
YDR075W	YHR033W
YGL084C	YLL039C
YKL139W	YPL081W
YBR290W	YLR018C
YER069W	YPR046W
YHL030W	YNL132W
YLR009W	YPR016C
YDR176W	YDR510W
YCL008C	YHL002W
YJL084C	YNL307C
YDR155C	YKL103C
YNL154C	YPR058W
YOL129W	YOR316C
YHL034C	YPL081W
YGR104C	YIL021W
YEL017C-A	YGR060W
YNL244C	YOR177C
YLR273C	YNL025C
YLR014C	YNL164C
YJR082C	YPL031C
YDL210W	YHR082C
YDR075W	YPR040W
YDR200C	YMR052W
YPR161C	YPR171W
YGR013W	YLR147C
YMR031C	YNL154C
YBR231C	YLR085C
YDL207W	YOR361C
YHR135C	YMR184W
YCR031C	YNL132W
YHL004W	YML065W
YDL087C	YPL178W
YDL173W	YLR382C
YGL011C	YOL038W
YDR189W	YLR268W
YBL072C	YMR290C
YFR004W	YPR149W
YOR362C	YPL031C
YER118C	YNL315C
YDR367W	YDR483W
YJL140W	YOR151C
YML032C	YNL312W
YJL105W	YPL031C
YDR141C	YPR110C
YBL102W	YGR068C
YDL195W	YPR181C
YDR255C	YIL017C
YOR181W	YPL106C
YEL030W	YLL039C
YER179W	YHR079C-A
YDR510W	YER062C
YCR004C	YHR027C
YDR330W	YNL154C
YML031W	YMR153W
YGL097W	YLR293C
YDR510W	YNR021W
YJL165C	YOR292C
YGL031C	YNL124W
YDR189W	YGL098W
YHR082C	YHR099W
YDR101C	YKL186C
YBL003C	YJR068W
YEL017C-A	YJL117W
YDR381W	YNL049C
YMR201C	YPL022W
YGL237C	YJL081C
YIL144W	YOR156C
YHR082C	YNL293W
YFR024C-A	YPL249C
YGL181W	YNL289W
YDL002C	YFL033C
YOR181W	YPR171W
YBR160W	YDR293C
YOR141C	YPL031C
YBL085W	YGL035C
YBR173C	YML092C
YBR010W	YKL103C
YCL028W	YOR007C
YDL012C	YJL065C
YER177W	YLL013C
YNR043W	YOR057W
YBL081W	YNL197C
YGL066W	YHR099W
YGR185C	YNR043W
YDR189W	YHL031C
YHR082C	YOR035C
YFR021W	YHR135C
YHR114W	YPR052C
YLR132C	YNL307C
YHL034C	YNL175C
YCR012W	YFL023W
YDR233C	YIL068C
YKL067W	YMR143W
YBL058W	YFR004W
YGL025C	YPL031C
YDL192W	YMR237W
YGR142W	YNL263C
YJR102C	YML101C
YML064C	YMR153W
YER021W	YPL106C
YBR278W	YDR381W
YLR097C	YNL037C
YMR056C	YNR056C
YBR157C	YJL164C
YBR010W	YGR056W
YBR135W	YDR334W
YBR072W	YDR510W
YBL042C	YNL121C
YDR479C	YIL030C
YBL007C	YNL106C
YPL031C	YPR160W
YGR152C	YPL161C
YDL027C	YFR024C-A
YPL151C	YPL213W
YBR264C	YER136W
YBR239C	YHR016C
YBL085W	YDR277C
YAL034W-A	YHR135C
YAR028W	YGL104C
YBL003C	YER110C
YDL005C	YGR104C
YBR212W	YHR082C
YKL172W	YLR196W
YGR108W	YPR119W
YEL017C-A	YLR083C
YCL028W	YDR499W
YML028W	YNL249C
YIL148W	YKL104C
YDR258C	YPL138C
YDR308C	YPL248C
YDR011W	YNL197C
YDR138W	YOR001W
YML012W	YPL227C
YDR295C	YOL069W
YGL030W	YML065W
YJR046W	YPL008W
YDR032C	YGL077C
YBR191W	YCR031C
YJL081C	YOR244W
YCR091W	YDL039C
YFR004W	YGR123C
YDL087C	YDR080W
YDL005C	YPR168W
YFL033C	YIL126W
YER110C	YLR293C
YLR347C	YMR121C
YML035C	YPL070W
YAR019C	YBR162C
YDR145W	YOL051W
YHR114W	YNL154C
YBR010W	YLR442C
YBL003C	YDR075W
YER179W	YNL055C
YGL030W	YLR074C
YDR510W	YER088C
YDL120W	YKL148C
YLR148W	YML058W
YER094C	YMR314W
YER064C	YMR068W
YDR309C	YMR273C
YHR188C	YPL076W
YLR182W	YOR083W
YGL048C	YPL169C
YDL139C	YGL153W
YLL026W	YOR244W
YDR381W	YJR006W
YDR214W	YML085C
YDL181W	YLL021W
YGL180W	YNL027W
YBR053C	YFR004W
YBR160W	YJL084C
YBR160W	YJR083C
YLL039C	YLR241W
YKR081C	YPL211W
YER178W	YFR004W
YHR005C	YLR452C
YHR082C	YOL104C
YKL203C	YKR093W
YKL160W	YLR219W
YJR041C	YLR276C
YBR135W	YLL039C
YHR135C	YNL007C
YDR032C	YLL024C
YCL037C	YGL120C
YGR104C	YOL051W
YDL095W	YHR027C
YLR424W	YPL213W
YLR196W	YOR267C
YGL077C	YHR094C
YIL105C	YJL095W
YBL003C	YLR432W
YBR160W	YIL122W
YDR378C	YMR221C
YKL150W	YPR154W
YFL024C	YJL081C
YHR079C	YOR207C
YAL027W	YML032C
YFL039C	YMR092C
YAL059W	YER110C
YLL039C	YNL208W
YEL005C	YNL086W
YHR082C	YOR162C
YGL025C	YPL248C
YHR047C	YLR148W
YMR109W	YNL025C
YDR334W	YLR085C
YHR135C	YNL125C
YER021W	YMR314W
YBL079W	YMR153W
YHR027C	YOR181W
YBL075C	YDL095W
YBR127C	YOR181W
YBR045C	YDR103W
YBL072C	YLR340W
YLR045C	YML085C
YLL039C	YMR237W
YAL030W	YPL232W
YBR272C	YOL054W
YKL210W	YKR082W
YCL008C	YNR006W
YGL233W	YIL068C
YLR319C	YNL293W
YER012W	YOL038W
YDR479C	YGL065C
YAR014C	YIL144W
YLR170C	YPL259C
YDL025C	YDR510W
YGL180W	YKL160W
YLR084C	YLR353W
YBR160W	YJR045C
YLR117C	YMR213W
YDL200C	YDR214W
YML118W	YNL197C
YDR238C	YFR004W
YBR298C	YHL042W
YDL195W	YLR268W
YDR439W	YML034W
YBL075C	YGL130W
YDL227C	YLL013C
YLL039C	YNR043W
YGL106W	YLR356W
YLR310C	YNL116W
YBR011C	YJR062C
YLR337C	YNL197C
YDR457W	YIL148W
YDR189W	YDR498C
YDR145W	YKL038W
YDR427W	YGL004C
YKL122C	YKL129C
YDR388W	YLR243W
YDL022W	YPL022W
YDL212W	YGR260W
YDL065C	YKR001C
YNL307C	YPR058W
YIL150C	YPL018W
YLR424W	YOR158W
YCR033W	YIL068C
YNL104C	YPL031C
YHR190W	YLR056W
YHR079C	YOR113W
YKL116C	YMR052W
YLR315W	YLR432W
YIL097W	YMR135C
YGR095C	YNL265C
YER127W	YLR315W
YFR015C	YLR258W
YJL048C	YKL213C
YCR030C	YJL098W
YAL025C	YML065W
YGR135W	YJL001W
YLR423C	YLR424W
YLR153C	YPR080W
YFR004W	YLR304C
YCR101C	YHL042W
YBR010W	YML102W
YBR247C	YNL244C
YER043C	YHR027C
YDL095W	YNL074C
YDR510W	YFL013C
YDL222C	YLL039C
YDL230W	YLR342W
YAL036C	YLL024C
YJR049C	YLL039C
YKR095W	YLL039C
YEL012W	YPL141C
YFL039C	YLR166C
YGR215W	YOR158W
YJL070C	YJR059W
YGL056C	YKL051W
YKL198C	YOR298C-A
YPR016C	YPR080W
YHL004W	YJR113C
YCL024W	YPL031C
YOR181W	YPR159W
YDL025C	YHR009C
YDL079C	YKL103C
YFR004W	YML072C
YBR082C	YPL037C
YER118C	YLR425W
YGR126W	YNL307C
YOL086C	YOR056C
YJL006C	YMR041C
YLR452C	YML085C
YCR004C	YDR032C
YLR254C	YNL103W
YDR390C	YPR180W
YGR097W	YMR304W
YBL085W	YBR102C
YGL106W	YLR319C
YHR027C	YOR184W
YMR154C	YOL016C
YMR032W	YOL070C
YER047C	YMR109W
YBR159W	YKR039W
YGR152C	YJL014W
YKL023W	YKR092C
YFL030W	YPL031C
YBR253W	YPL042C
YKL054C	YNL197C
YER095W	YKL104C
YHR027C	YKL210W
YIL021W	YJR017C
YHL024W	YHR082C
YHR005C	YMR069W
YDR178W	YPL132W
YBL003C	YPL001W
YPL031C	YPL106C
YGR266W	YJR059W
YML012W	YPL186C
YDL180W	YNL197C
YDR074W	YER019C-A
YLR355C	YMR072W
YBR081C	YPL011C
YLR350W	YMR149W
YBL007C	YPL027W
YLL039C	YMR087W
YJL164C	YKL181W
YDR477W	YLR439W
YAL029C	YOL086C
YFL023W	YKL054C
YDR240C	YML046W
YAR014C	YDR477W
YER086W	YPL235W
YBR135W	YBR160W
YLL026W	YOL013C
YDR002W	YLR293C
YDR330W	YDR510W
YER101C	YPL031C
YJL106W	YNL073W
YGL120C	YPR182W
YDR477W	YKL023W
YCR042C	YMR037C
YJL117W	YML123C
YIL144W	YPL016W
YBR159W	YMR149W
YJR066W	YKL126W
YGL120C	YLR293C
YHL019C	YJL164C
YHL030W	YML092C
YJR066W	YMR228W
YDR388W	YJL194W
YDL232W	YGR260W
YML065W	YMR005W
YDR510W	YNL015W
YAL029C	YOR035C
YGR108W	YMR259C
YCL028W	YNL025C
YEL015W	YER105C
YLR102C	YMR092C
YGL003C	YMR304W
YAL059W	YDR101C
YCL043C	YGL179C
YIL071C	YJR007W
YCL008C	YLR417W
YDR510W	YNL007C
YBR128C	YLR360W
YGL112C	YPL047W
YDR388W	YOR181W
YGL077C	YNL197C
YPR067W	YPR110C
YDR356W	YOL069W
YBL072C	YDR328C
YLR439W	YML025C
YBR160W	YPL255W
YGR086C	YPL022W
YDR238C	YGR037C
YDR207C	YOR304W
YHR082C	YMR291W
YDR069C	YLR025W
YHR027C	YKR039W
YHL020C	YLL039C
YGL179C	YLR231C
YLR377C	YOR141C
YML006C	YNL183C
YBR289W	YGR275W
YDL199C	YER021W
YJL106W	YPR032W
YBR177C	YLL039C
YLL039C	YLR097C
YCR091W	YML037C
YHR027C	YJR017C
YDL159W	YDR162C
YBR081C	YPL047W
YKL088W	YMR149W
YKL010C	YLL039C
YBR160W	YKL116C
YLL039C	YLR413W
YKL028W	YLL039C
YDR388W	YHR185C
YFR036W	YKL022C
YKL057C	YLR208W
YIL115C	YLR293C
YML081C-A	YPR020W
YGL180W	YHR090C
YDL212W	YHR094C
YBR010W	YGL035C
YGL237C	YPR016C
YGL133W	YML065W
YGL048C	YKL139W
YHR027C	YLL039C
YGR095C	YOR076C
YDL055C	YML028W
YFL013C	YOR141C
YLL013C	YLL039C
YBL003C	YLR274W
YOR056C	YPL266W
YML064C	YOR284W
YGR194C	YNL265C
YFL026W	YGL206C
YML114C	YMR005W
YBR173C	YKL206C
YGL179C	YKR092C
YBR160W	YGR108W
YBR241C	YLL039C
YDR381W	YHL034C
YAL060W	YPL031C
YDR137W	YNL044W
YDL055C	YKL067W
YAR019C	YPL141C
YDR510W	YJR007W
YDR085C	YDR381W
YDR280W	YOR076C
YAL053W	YKL028W
YHL002W	YPL038W
YBL003C	YBR247C
YDR127W	YKL104C
YDR318W	YPR046W
YDR359C	YIR001C
YML072C	YPR152C
YAL034W-A	YPL125W
YDR256C	YJL006C
YDR228C	YDR448W
YDR497C	YML072C
YDL222C	YDR011W
YGR192C	YIR001C
YLR201C	YML110C
YHR137W	YLL039C
YFL039C	YPL242C
YDR303C	YPL106C
YDL086W	YHR169W
YBR160W	YLR190W
YGR009C	YPR032W
YDL028C	YJR019C
YGL180W	YJR089W
YFR004W	YKR018C
YDL137W	YFR004W
YML069W	YNL031C
YEL054C	YER012W
YBR253W	YOL051W
YHR082C	YNL181W
YOL038W	YOR157C
YHR023W	YLR196W
YIL038C	YIL148W
YCR093W	YNL197C
YDR510W	YMR111C
YGL030W	YPL235W
YLL039C	YNL149C
YLL039C	YNR013C
YDR381W	YOR001W
YMR290C	YPL211W
YCL037C	YDR510W
YKR080W	YLL039C
YHL034C	YML100W
YDL212W	YPL076W
YHR023W	YLR274W
YJL148W	YOL006C
YDR466W	YLL008W
YGL180W	YPL166W
YGR084C	YIL067C
YJL091C	YPL076W
YER110C	YNL122C
YBL003C	YMR284W
YGR249W	YPL203W
YGL153W	YGR077C
YCR012W	YLL039C
YDR381W	YOR213C
YGR223C	YJL164C
YER094C	YGR135W
YJL172W	YKL130C
YDR456W	YHL042W
YDR054C	YMR080C
YJR091C	YOR014W
YBR038W	YNL307C
YEL034W	YNL197C
YHR197W	YLR423C
YFR037C	YOR207C
YBR216C	YLL039C
YAL034W-A	YIL150C
YHR171W	YMR183C
YGL120C	YPL012W
YFR037C	YLR321C
YJL140W	YML010W
YDR138W	YDR381W
YDR510W	YNL027W
YLL021W	YLR147C
YER013W	YNL154C
YDR379W	YPL031C
YER032W	YHR152W
YDR039C	YJR066W
YER034W	YGL180W
YJR056C	YPL018W
YBR102C	YPR055W
YGL077C	YGR138C
YDR216W	YLR055C
YLL013C	YPR152C
YAR014C	YOR047C
YHR140W	YPR028W
YGR244C	YOR142W
YDR244W	YGR077C
YER092W	YFL013C
YIL033C	YPL031C
YGR004W	YLR324W
YKL181W	YMR291W
YBR253W	YDR448W
YDL028C	YDR162C
YJL164C	YNL136W
YDR510W	YLL021W
YEL039C	YFR004W
YBR299W	YPL031C
YJL058C	YKL203C
YGL180W	YPL146C
YPL169C	YPL178W
YDL002C	YLR052W
YMR291W	YPL262W
YDL209C	YLR323C
YJL164C	YPL201C
YLR293C	YMR235C
YPL227C	YPL264C
YAL029C	YFL039C
YBR010W	YGL131C
YCL034W	YOR181W
YLL039C	YNL281W
YBR170C	YNL155W
YBR185C	YCL032W
YJL036W	YLR424W
YBR127C	YDR328C
YBR267W	YNL227C
YKL116C	YMR184W
YDL153C	YHR135C
YIL105C	YML057W
YBL072C	YKL180W
YLR093C	YLR268W
YBR086C	YKL130C
YDR510W	YJR063W
YBR142W	YLR340W
YML065W	YPL036W
YBL003C	YMR290C
YFR004W	YGL030W
YOR267C	YPR032W
YDR054C	YOR244W
YKR054C	YMR117C
YIR006C	YNL020C
YDR378C	YMR268C
YLR447C	YOL018C
YDL237W	YLL039C
YBL003C	YIL148W
YDR129C	YOR181W
YDR510W	YJL005W
YHR135C	YML096W
YJL044C	YKR068C
YGR253C	YOR362C
YDR129C	YDR388W
YDL134C	YOR014W
YMR213W	YPR182W
YGL048C	YNL244C
YKL180W	YMR031C
YKL186C	YLL039C
YBL007C	YLR315W
YBR160W	YIL031W
YER089C	YPL031C
YGL055W	YML065W
YGR214W	YNL297C
YAR028W	YLL039C
YDR497C	YLL039C
YNL097C	YNL154C
YJL004C	YPR181C
YER118C	YFL062W
YFL039C	YGR080W
YDL159W	YLR313C
YGL120C	YMR290C
YDR159W	YDR427W
YIL021W	YOR151C
YGR258C	YPL141C
YML110C	YNL263C
YOR244W	YPL190C
YDR028C	YLR028C
YPL226W	YPR080W
YHR135C	YNL025C
YJL129C	YNL175C
YAL036C	YDR448W
YBR068C	YPL010W
YKL172W	YLR455W
YDL212W	YJL165C
YBL003C	YGL120C
YDR381W	YLR340W
YKL103C	YML064C
YDL215C	YDR054C
YBR230C	YNL121C
YKR101W	YML065W
YAL056W	YER020W
YAL034W-A	YDR254W
YLL039C	YLR220W
YHR135C	YMR081C
YDR378C	YPR082C
YDR214W	YLL039C
YDL028C	YOL069W
YKL006C-A	YLR268W
YMR111C	YNL154C
YML126C	YPR080W
YJR062C	YOR231W
YPL031C	YPR139C
YER089C	YIL033C
YDL212W	YPR181C
YDR388W	YPR161C
YCL028W	YPR168W
YGL048C	YIL007C
YNL132W	YPL081W
YMR072W	YPR052C
YKR081C	YNL230C
YGL006W	YLL048C
YCR033W	YDR510W
YGL180W	YMR290C
YBL086C	YLR045C
YJL106W	YPR067W
YEL034W	YHR135C
YCL028W	YGL025C
YHR135C	YPR115W
YDL239C	YMR117C
YAL027W	YPL004C
YJL058C	YOR181W
YJR082C	YPL106C
YBR227C	YML064C
YGL025C	YOL051W
YKL139W	YNL031C
YLR117C	YPL151C
YBR159W	YFL048C
YBR010W	YBR274W
YDL095W	YOR321W
YGL241W	YLR293C
YBR160W	YGR186W
YDL085W	YLL039C
YBR086C	YGL180W
YER105C	YGL201C
YHR110W	YML012W
YHR027C	YPL226W
YDR129C	YJR066W
YLR153C	YPL106C
YMR297W	YOL013C
YBR157C	YKR083C
YCL037C	YLR369W
YGR097W	YPR152C
YJL164C	YLR265C
YFR024C-A	YGL060W
YHL024W	YJL164C
YDR255C	YGL227W
YDR225W	YNL308C
YLL021W	YNL271C
YDR510W	YNL031C
YPL151C	YPR134W
YIL004C	YLR208W
YBR280C	YEL060C
YMR131C	YNL002C
YAL027W	YPL146C
YFL039C	YLR052W
YLL039C	YOR327C
YAL020C	YDR354W
YJR056C	YML064C
YLR289W	YPL170W
YDR345C	YFR004W
YDR388W	YGL181W
YHL018W	YMR111C
YBR290W	YIL114C
YBR095C	YMR159C
YHR092C	YKL203C
YDL055C	YLR153C
YCL028W	YNL236W
YGR243W	YNL197C
YDR381W	YPR045C
YGL120C	YML065W
YBR211C	YPL018W
YDR439W	YKR010C
YDR510W	YLR117C
YDL209C	YMR213W
YGR074W	YML049C
YGL173C	YPL004C
YAR018C	YML006C
YDR477W	YML006C
YDR477W	YGR092W
YBR160W	YLR102C
YPL106C	YPL231W
YKL172W	YPL146C
YGL077C	YPL004C
YLR340W	YML072C
YAR027W	YGR284C
YDL192W	YLR052W
YDR059C	YER068W
YDR161W	YPL031C
YLR199C	YML092C
YDR228C	YNL197C
YHR135C	YOL130W
YJL103C	YLR377C
YHR135C	YLR323C
YDL192W	YFL048C
YDL222C	YNL283C
YHR197W	YLR009W
YHR135C	YPR129W
YGR161C	YJR059W
YGL173C	YOL139C
YBR160W	YJL013C
YGL056C	YLR413W
YDR448W	YLR424W
YML123C	YNR075W
YDR380W	YIL034C
YNL044W	YOL018C
YNR016C	YPL004C
YDR488C	YPL174C
YJL137C	YLR258W
YLR305C	YMR212C
YBL075C	YLL039C
YGL146C	YPR137W
YHR016C	YLR064W
YDR379W	YGR152C
YBR010W	YOL006C
YHR114W	YLR064W
YHR034C	YPL235W
YOL082W	YOR231W
YHR027C	YNL183C
YPR137W	YPR178W
YGL180W	YPR091C
YER021W	YHR027C
YFR004W	YFR037C
YGL167C	YPL235W
YLR293C	YOL021C
YDL212W	YMR149W
YIL062C	YNL073W
YHL024W	YPL031C
YLR259C	YMR127C
YDL028C	YDR383C
YDR466W	YLR060W
YCR036W	YFR004W
YGL237C	YGR146C
YGL031C	YGR214W
YCR007C	YKR066C
YBL056W	YLR240W
YDR145W	YLR182W
YDL005C	YIL021W
YFR037C	YLL026W
YER086W	YPR080W
YGR113W	YKR037C
YDR207C	YNL307C
YHR114W	YJL095W
YHR082C	YML054C
YBL075C	YNL124W
YMR140W	YMR216C
YPL129W	YPR070W
YJR019C	YLL039C
YDR388W	YEL037C
YGR268C	YOR124C
YJL014W	YOR281C
YMR153W	YPL018W
YGR060W	YPR028W
YDR477W	YGL035C
YBL084C	YPL031C
YGR240C	YML058W
YIL004C	YIL109C
YNL197C	YPL089C
YJL036W	YLL039C
YNL197C	YOR049C
YCL054W	YPR016C
YAL030W	YDR189W
YJL033W	YJL164C
YPR032W	YPR110C
YBL072C	YLL039C
YGL106W	YPR171W
YGL229C	YJR066W
YGR275W	YNR023W
YER167W	YGR238C
YDR254W	YNR013C
YKL095W	YLR117C
YKL065C	YLR018C
YMR117C	YPR145W
YKL130C	YLR274W
YDR448W	YNL236W
YDR265W	YGL153W
YBL023C	YBR202W
YER105C	YER107C
YHR073W	YHR152W
YER068W	YJR091C
YFL048C	YLR080W
YBL085W	YMR032W
YGR222W	YNR045W
YDR228C	YLR424W
YJR113C	YNL081C
YBR103W	YIL112W
YFL039C	YNL271C
YDR032C	YLR237W
YHR190W	YOR075W
YBR236C	YML010W
YFR004W	YGR186W
YNL136W	YPL031C
YML095C	YMR201C
YKR018C	YNR029C
YBR160W	YNL186W
YBR126C	YPR035W
YAL024C	YNL098C
YLL039C	YML100W
YBR081C	YLL039C
YLR226W	YML032C
YNL236W	YOL051W
YHL010C	YKR017C
YNL002C	YOL127W
YDR189W	YKL196C
YER021W	YPR108W
YHL006C	YLR046C
YDR138W	YGL048C
YGR037C	YHR016C
YNL197C	YPL137C
YFR004W	YPR010C
YPL194W	YPR052C
YLL039C	YPL079W
YHR027C	YJL167W
YBL064C	YDR069C
YDR162C	YJL095W
YBL050W	YDR189W
YER027C	YJL217W
YLR018C	YPR028W
YBR231C	YDR334W
YBL007C	YGL104C
YKL103C	YLL013C
YBL007C	YGL201C
YBL085W	YNL025C
YDR032C	YKR003W
YLR330W	YMR076C
YJL167W	YJR035W
YGL120C	YPL016W
YBR272C	YOR362C
YCR033W	YDR155C
YHR090C	YNL154C
YJL030W	YNL236W
YDR381W	YNL230C
YJL090C	YNL197C
YCL008C	YGR206W
YDR260C	YKL022C
YDR128W	YHR033W
YEL023C	YJL052W
YGR268C	YOR138C
YDR200C	YML123C
YJL164C	YNL167C
YDR381W	YDR457W
YBR122C	YDR322W
YIR033W	YJL117W
YGR192C	YLR039C
YML065W	YMR143W
YER012W	YHR174W
YLR233C	YPL012W
YDR479C	YNL263C
YDR378C	YLR053C
YHR005C	YJL197W
YDL100C	YML101C
YNL222W	YPL008W
YML058W	YPR160W
YDR127W	YHR082C
YBL064C	YDR488C
YIL115C	YKL186C
YGL180W	YGL208W
YBR135W	YPR119W
YBL023C	YDR013W
YER127W	YGL180W
YDR328C	YOL025W
YDL199C	YOR037W
YKL126W	YKL203C
YER110C	YHR027C
YPL227C	YPL274W
YLR147C	YML049C
YLR452C	YOL018C
YJL155C	YLR345W
YKR014C	YNL263C
YBL072C	YDR324C
YJL030W	YOL116W
YMR109W	YNR059W
YGR186W	YNL124W
YER006W	YOL127W
YDR308C	YMR112C
YBR253W	YNL025C
YKL068W	YMR129W
YGL237C	YNR031C
YGR267C	YLL039C
YJL033W	YMR290C
YLL031C	YLR350W
YDR381W	YKL114C
YDR510W	YER013W
YDR244W	YLL039C
YHL034C	YPR080W
YDR510W	YPL235W
YDR330W	YHR082C
YDR288W	YOR352W
YER134C	YHR171W
YFR004W	YNR001C
YBR159W	YJL219W
YLR102C	YML058W
YHR194W	YOR147W
YDR510W	YLR215C
YDR085C	YNL197C
YER006W	YLR276C
YDR054C	YKR009C
YGR010W	YLR438W
YBR208C	YDR328C
YBR159W	YDL210W
YBR159W	YBR183W
YJL164C	YOR113W
YCR030C	YOL016C
YGR104C	YPL248C
YBR159W	YJL222W
YGL194C	YNL031C
YFL024C	YHR099W
YGR180C	YOR244W
YDR032C	YPL106C
YKL172W	YNL124W
YIL084C	YJL036W
YAL059W	YJL194W
YPL031C	YPR188C
YAL034W-A	YPL018W
YDR477W	YGL073W
YGR214W	YPL235W
YFL023W	YOR332W
YBL010C	YHR082C
YBL084C	YLR424W
YEL037C	YMR201C
YDR388W	YNL103W
YER142C	YLR432W
YGR261C	YJL024C
YLL039C	YML013W
YER032W	YMR032W
YGL130W	YML010W
YBR018C	YKL108W
YLL026W	YPR062W
YJR110W	YMR049C
YIL019W	YPR144C
YDR388W	YOR047C
YER040W	YJR066W
YLR327C	YPL042C
YDR456W	YIL171W
YNL148C	YNL183C
YCL032W	YLR423C
YGL197W	YIL051C
YDR108W	YDR407C
YDR169C	YJR059W
YFL039C	YNL218W
YFR004W	YNL121C
YDR086C	YMR149W
YER020W	YKL051W
YLR196W	YPR115W
YLR424W	YML049C
YDR381W	YMR138W
YOR001W	YPL146C
YLL039C	YOL016C
YJR090C	YLL039C
YER095W	YPR010C
YBL007C	YNL020C
YBR247C	YPL266W
YJR063W	YNL154C
YER026C	YFR004W
YLL039C	YML123C
YFL024C	YFR037C
YBR211C	YDL028C
YMR212C	YOR181W
YGL058W	YPL248C
YER074W	YLR340W
YDL209C	YFL039C
YHL034C	YOL139C
YLL008W	YOL127W
YKL067W	YML064C
YIL076W	YLR259C
YGR223C	YMR109W
YCL028W	YEL021W
YGL048C	YKL010C
YAL034W-A	YGL093W
YDR216W	YHR099W
YHL002W	YOR181W
YDR159W	YJR042W
YER013W	YPL151C
YLR342W	YML067C
YFL029C	YLL008W
YHL030W	YLL039C
YJR059W	YPR107C
YER006W	YPL131W
YBR191W	YHR027C
YBR254C	YPL235W
YBL023C	YBR126C
YBR126C	YFR004W
YBR136W	YLR025W
YDL025C	YOL139C
YHL006C	YLR376C
YDR328C	YPR181C
YMR037C	YNL136W
YDR388W	YIL033C
YGL048C	YPL248C
YBL028C	YKL172W
YLL039C	YMR235C
YHR027C	YPL061W
YDL153C	YNL280C
YDL209C	YPL213W
YDR118W	YFR036W
YHL003C	YPL094C
YGR126W	YHR135C
YGL077C	YLL039C
YMR131C	YOR001W
YHR114W	YIR023W
YHL003C	YMR298W
YLL039C	YLR032W
YMR112C	YPL042C
YBR273C	YNL307C
YHR110W	YNL130C
YLR319C	YNL271C
YBL003C	YER147C
YDL076C	YKL180W
YGR098C	YHL025W
YDR062W	YML085C
YBR231C	YPL235W
YJL006C	YKL091C
YDL239C	YKL103C
YHR197W	YLR074C
YER006W	YLR340W
YER095W	YPL031C
YDR225W	YDR303C
YDL055C	YER086W
YMR246W	YPR152C
YGR048W	YML023C
YNL136W	YNL246W
YDR328C	YMR291W
YFL010C	YFR024C-A
YBR272C	YPR108W
YBR217W	YKL104C
YDR254W	YJL105W
YKL095W	YPL213W
YBR211C	YPL031C
YER030W	YOR244W
YBR167C	YNL282W
YMR184W	YPL203W
YDL215C	YDR240C
YGL173C	YPR110C
YBR086C	YOR267C
YMR237W	YPL131W
YBR274W	YKL181W
YLR432W	YMR290C
YGL006W	YNL328C
YFR021W	YLR094C
YBR159W	YKL146W
YKL093W	YPL203W
YIL112W	YMR273C
YBL056W	YHL030W
YNL197C	YOR298C-A
YGL130W	YKR001C
YNR035C	YOR181W
YLR313C	YOR231W
YBL084C	YPL255W
YDL022W	YFR004W
YBR072W	YJL047C
YJL164C	YOL018C
YLR424W	YPR101W
YPL031C	YPR025C
YDL181W	YGL106W
YGL206C	YKR021W
YHR197W	YPL146C
YBR142W	YLR276C
YNL230C	YPL046C
YLR340W	YML065W
YIL021W	YPL178W
YDR381W	YPL151C
YNL154C	YOR084W
YBL075C	YIL004C
YDR280W	YLR432W
YGL106W	YOR035C
YDR159W	YER107C
YLL039C	YNR016C
YFR017C	YPL031C
YDL139C	YMR109W
YAL027W	YER095W
YBR068C	YDL192W
YMR173W	YPL031C
YMR004W	YOR047C
YER052C	YJL058C
YCR009C	YJR066W
YLL039C	YOL073C
YBR217W	YER021W
YDR017C	YER177W
YFR024C-A	YPR171W
YDR137W	YPR080W
YMR117C	YPL016W
YML012W	YML065W
YER013W	YPL178W
YDR057W	YML013W
YDL239C	YIL144W
YGR113W	YKR083C
YGR092W	YNL125C
YLR442C	YMR226C
YJL079C	YKL130C
YGR048W	YPR154W
YGL179C	YNL186W
YNL197C	YOR137C
YDL100C	YNL149C
YBR279W	YER012W
YLR304C	YMR049C
YGR275W	YOR156C
YDL239C	YLR423C
YER110C	YOR213C
YCR042C	YLR277C
YJL095W	YNL293W
YDR032C	YNL283C
YDR192C	YKL057C
YML069W	YOL006C
YDL149W	YLR423C
YLR009W	YNL246W
YAL067C	YGR260W
YJL030W	YPR029C
YDR356W	YML085C
YBL067C	YHL002W
YDR145W	YPL047W
YBR160W	YOR177C
YFL024C	YJL098W
YCR091W	YGR223C
YKL130C	YMR314W
YBL014C	YML043C
YBL056W	YCR009C
YJL070C	YPL031C
YBL007C	YFL010C
YBR195C	YPL022W
YGR060W	YHL003C
YKR071C	YMR216C
YGR237C	YKR081C
YDR179C	YER013W
YGR095C	YHR069C
YDR138W	YLR423C
YIL124W	YMR149W
YBR142W	YLL019C
YKL054C	YLR216C
YIL144W	YLL019C
YBR211C	YDR383C
YLL024C	YOR091W
YBR170C	YIR033W
YBR082C	YDR244W
YBR160W	YDR379W
YBR170C	YDR330W
YHR140W	YLR018C
YDR148C	YFR049W
YDR256C	YNR031C
YAR028W	YJL219W
YIL148W	YMR276W
YPL106C	YPR144C
YEL030W	YNL230C
YIL153W	YLR258W
YDL002C	YOL069W
YKL206C	YOR244W
YDL015C	YLR259C
YDR322W	YHL004W
YHR174W	YPR129W
YFL062W	YLR237W
YGR111W	YPL031C
YBR010W	YER177W
YGL003C	YJL014W
YAL024C	YIL109C
YGR175C	YLR056W
YBR108W	YGL180W
YGR142W	YLR424W
YDL025C	YDR132C
YDR499W	YJL090C
YKL051W	YLR305C
YBR217W	YPL149W
YGR223C	YLR377C
YKL100C	YMR170C
YDR140W	YIL050W
YBR068C	YFR024C-A
YHL003C	YMR149W
YKL172W	YOR267C
YCL050C	YLL039C
YFR004W	YOL123W
YIL126W	YLR321C
YBL063W	YDR356W
YKL068W	YLL024C
YJR091C	YKR037C
YDL212W	YKR039W
YML035C	YNL197C
YBL007C	YNR041C
YMR037C	YOL051W
YDL239C	YOL069W
YMR036C	YNL307C
YIL109C	YLL039C
YML049C	YPL178W
YAL030W	YBL050W
YNL118C	YPL089C
YGR060W	YPL227C
YHR096C	YLL039C
YLL024C	YOL021C
YBR247C	YPL012W
YOL016C	YPL031C
YER020W	YGR138C
YDR448W	YLR223C
YML032C	YPL194W
YBR183W	YHR140W
YJL095W	YNL175C
YKL091C	YNL154C
YLR182W	YOL131W
YHR114W	YPL049C
YHL024W	YHR135C
YKL196C	YNL258C
YDL022W	YDL095W
YHR114W	YOR181W
YNL175C	YNL308C
YMR049C	YNL175C
YBR103W	YMR273C
YMR235C	YPL141C
YML046W	YPR178W
YDR378C	YPR178W
YBL007C	YPR171W
YNL222W	YOR151C
YMR076C	YPR007C
YLR268W	YPL232W
YDL095W	YGR266W
YJL159W	YML085C
YDR510W	YLR259C
YDR383C	YPR046W
YBR082C	YLL039C
YHL004W	YPL118W
YHR027C	YML086C
YCR031C	YOL127W
YBR126C	YFL033C
YER127W	YHR135C
YNL197C	YNL327W
YER012W	YLL039C
YJR059W	YNL186W
YBL003C	YGR250C
YGL031C	YLR340W
YNL222W	YOR179C
YDR510W	YLR455W
YBR010W	YOR064C
YGL180W	YLL043W
YER020W	YOR107W
YGR215W	YML065W
YBL075C	YKL088W
YGL006W	YLR093C
YDR207C	YOL082W
YML123C	YNL116W
YPL248C	YPR025C
YJR066W	YPR032W
YDR283C	YML057W
YLR347C	YOR304W
YFR004W	YLR355C
YDR101C	YDR192C
YDR328C	YKR014C
YBR039W	YDR168W
YGL073W	YJL194W
YER092W	YJL081C
YDR510W	YHR099W
YJL030W	YJL206C
YDR390C	YPL106C
YBR108W	YHR114W
YFR037C	YML065W
YGL025C	YNL236W
YFR004W	YLR438W
YBR011C	YHR027C
YKL203C	YOL078W
YKL181W	YOR244W
YNR064C	YPL031C
YBR253W	YCR081W
YFR050C	YGL011C
YAL024C	YPR132W
YFR050C	YJL001W
YBR138C	YGR223C
YJR090C	YMR032W
YJR059W	YMR165C
YKR008W	YNL031C
YDR446W	YOL069W
YBL003C	YGL035C
YDR247W	YMR270C
YCR079W	YKL054C
YJR137C	YPL106C
YGL013C	YPL016W
YLR031W	YMR117C
YDR359C	YDR510W
YEL030W	YJR062C
YBL079W	YPL169C
YJL164C	YPL056C
YDR502C	YLR347C
YML065W	YMR065W
YCR030C	YOL054W
YJL164C	YOR151C
YBL104C	YNL197C
YKR075C	YNL197C
YJL004C	YLR241W
YJL095W	YNL136W
YDR477W	YMR015C
YDR510W	YLR350W
YPL031C	YPL190C
YDR477W	YGL184C
YNL197C	YPR181C
YHR082C	YOR207C
YER043C	YIR007W
YDR308C	YGR104C
YDL100C	YDL121C
YHR082C	YNL197C
YDL222C	YOL105C
YDR452W	YKL028W
YHR082C	YML025C
YJR091C	YML015C
YNL066W	YNL307C
YJL164C	YPR040W
YDR101C	YGL031C
YDR176W	YGL112C
YGL156W	YOL082W
YBR108W	YPL141C
YGR266W	YLL039C
YBL060W	YBR159W
YLR178C	YMR297W
YKL057C	YKL068W
YHR135C	YMR173W
YBL050W	YHL031C
YBL086C	YNL154C
YBL075C	YPL042C
YFR004W	YLR452C
YDR414C	YJL004C
YHR027C	YML088W
YCL028W	YPL129W
YFR004W	YJR073C
YER166W	YLL039C
YBR247C	YGR214W
YJL137C	YNL197C
YJL106W	YOL104C
YAL029C	YHR023W
YHR140W	YNL048W
YCR005C	YLL039C
YIL097W	YPL061W
YPR080W	YPR107C
YBL003C	YPR110C
YLR377C	YNL214W
YBR002C	YBR041W
YDL239C	YOR324C
YLL039C	YNL117W
YML013W	YML029W
YHL039W	YLR208W
YBR082C	YKL034W
YIL144W	YMR117C
YNR023W	YPL248C
YGR258C	YLR430W
YBR173C	YJL001W
YER067W	YFR004W
YDR258C	YKR008W
YFL023W	YGR175C
YDR457W	YJR017C
YDR477W	YKL139W
YDR017C	YLR377C
YGL179C	YGR126W
YBL014C	YHR135C
YER026C	YLL039C
YHL030W	YOL038W
YDL159W	YPR082C
YBR026C	YIL148W
YHR197W	YLR106C
YDR448W	YPR173C
YKL146W	YLL039C
YKR066C	YOR065W
YER012W	YHR033W
YDR036C	YPL118W
YLL026W	YPR173C
YEL022W	YNL267W
YKL172W	YNL230C
YDR105C	YGL006W
YBR086C	YNL154C
YLL040C	YML092C
YJL082W	YNL197C
YBR229C	YDR221W
YBR203W	YDR328C
YDR225W	YER110C
YDR214W	YPR010C
YBL003C	YPL128C
YNL132W	YNL308C
YDR074W	YLL039C
YDL120W	YPR004C
YGL004C	YPR108W
YDR323C	YLR148W
YDL212W	YGR060W
YEL037C	YNR031C
YGR142W	YJL036W
YLR196W	YLR233C
YHL030W	YPR110C
YDR027C	YFL029C
YBR253W	YPR056W
YML057W	YOR324C
YCR005C	YJL042W
YLL039C	YPR184W
YDR062W	YER110C
YOL139C	YPL141C
YGR060W	YLR350W
YNL271C	YPR152C
YJL140W	YPL129W
YER006W	YFR004W
YFR024C-A	YOR181W
YBR170C	YIL030C
YDR128W	YLR208W
YJR035W	YMR226C
YBR127C	YPR152C
YBR024W	YHL042W
YHR073W	YHR135C
YLL039C	YMR309C
YJL058C	YML064C
YLR347C	YLR377C
YDR161W	YGL180W
YLL039C	YPL232W
YDR062W	YLL039C
YLR432W	YNL230C
YJR059W	YOR070C
YKL065C	YLL039C
YFR052W	YML092C
YDR330W	YGL180W
YHR026W	YMR149W
YIL109C	YKL103C
YNL106C	YPR171W
YLL039C	YPR155C
YDR225W	YJL081C
YMR080C	YOR076C
YDR057W	YML029W
YLR345W	YOR244W
YBR290W	YIL016W
YDL106C	YKR062W
YER013W	YGR006W
YGL131C	YNL127W
YIL171W	YPR028W
YDR381W	YPR178W
YDR162C	YER086W
YBR136W	YCR004C
YJL167W	YPL149W
YDL080C	YGR196C
YML010W	YPR052C
YDR381W	YGL112C
YDR332W	YJL107C
YDR240C	YLR147C
YIL148W	YLL060C
YOR109W	YPR171W
YJL095W	YML037C
YGL208W	YOR244W
YCR007C	YCR061W
YDR221W	YPL037C
YDL227C	YPL125W
YBR068C	YPL246C
YJR059W	YPR115W
YGR048W	YML013W
YLR006C	YLR233C
YER177W	YMR086W
YEL054C	YIR026C
YNL236W	YPL129W
YBR159W	YDL015C
YGR060W	YMR015C
YDR132C	YJR102C
YDR091C	YLR192C
YAL013W	YIL084C
YML015C	YML114C
YFR004W	YJR014W
YGL030W	YNL002C
YJL185C	YMR204C
YEL037C	YER095W
YPR137W	YPR144C
YLR337C	YOR181W
YNL154C	YOR177C
YMR112C	YPR168W
YCL037C	YKL139W
YCR005C	YLR055C
YBR160W	YDR356W
YAL060W	YDR510W
YFR004W	YGR175C
YLR310C	YNL307C
YOL082W	YPL141C
YIL021W	YNR010W
YJR059W	YKL080W
YBL003C	YDR225W
YBR298C	YNL121C
YDR005C	YOR207C
YDL100C	YPR075C
YDR032C	YML072C
YER062C	YFR004W
YKL095W	YPR191W
YLR182W	YPL125W
YBR217W	YHR171W
YPR111W	YPR160W
YBR010W	YER051W
YEL058W	YFR004W
YGR074W	YLR440C
YGR048W	YIR033W
YGL180W	YOR119C
YBR010W	YGL060W
YGL006W	YHR094C
YMR158W	YPL118W
YBR041W	YDL153C
YDL144C	YDR088C
YBR273C	YHR082C
YLR034C	YNL197C
YGR284C	YGR289C
YJL065C	YNR029C
YBL007C	YER110C
YMR143W	YNL132W
YLR147C	YLR298C
YMR072W	YPL001W
YDR328C	YJL149W
YLR377C	YOL126C
YBR127C	YMR054W
YFR004W	YHR104W
YKL010C	YPL259C
YKR068C	YLL039C
YDL025C	YJL105W
YDR092W	YMR140W
YHR137W	YPL031C
YDR032C	YKL108W
YLL039C	YLR128W
YIR001C	YPL031C
YKL051W	YOR273C
YBR108W	YHR079C
YHL002W	YOR076C
YJR059W	YML118W
YDR155C	YFR004W
YIL112W	YJL164C
YDR073W	YPL129W
YCR061W	YPR058W
YIL076W	YNL258C
YKL065C	YPL264C
YBL084C	YDR118W
YMR165C	YNL307C
YCR081W	YNL025C
YDR502C	YHR169W
YGL112C	YML010W
YLR072W	YNL307C
YDR510W	YML070W
YBR247C	YOR119C
YOL021C	YPL031C
YJL164C	YPR160W
YDR510W	YFL024C
YML054C	YPL063W
YBR183W	YDR039C
YGR104C	YPR070W
YBR182C	YNL167C
YDR477W	YPL042C
YBR160W	YOR058C
YFR004W	YPL131W
YBL007C	YLR430W
YGL112C	YNL039W
YMR109W	YPL038W
YML015C	YPL129W
YDR264C	YLL039C
YGR284C	YOL132W
YKR035W-A	YPR173C
YKL095W	YPL037C
YBR105C	YMR135C
YDR318W	YPL018W
YNL007C	YPL106C
YLR304C	YOL006C
YDR448W	YPL047W
YDR457W	YDR463W
YGR037C	YKL130C
YDR208W	YOR181W
YER177W	YLL024C
YDL087C	YLR147C
YEL015W	YGL173C
YER021W	YGL205W
YDR374C	YLR423C
YKL172W	YMR049C
YDL064W	YDR409W
YER094C	YML092C
YDR277C	YMR109W
YFR004W	YPL143W
YER110C	YPL235W
YGL066W	YPL042C
YIL151C	YLR121C
YHR156C	YOR181W
YFR004W	YGL055W
YBL046W	YDR225W
YLR315W	YPL018W
YFR004W	YKL196C
YJL186W	YOL018C
YAL053W	YER020W
YLL024C	YPL110C
YDL186W	YHR079C
YOL132W	YPL274W
YDR293C	YJL165C
YJR125C	YNR006W
YLL039C	YPL176C
YGL060W	YIL144W
YDL019C	YOR181W
YFR040W	YHR114W
YCR024C-A	YDL212W
YKR080W	YLR147C
YFR017C	YNL289W
YDR477W	YPR171W
YDR409W	YDR510W
YBR081C	YDR448W
YBL102W	YBR241C
YLR083C	YOR071C
YBR010W	YKR008W
YBR160W	YFR004W
YNL132W	YPR144C
YBR160W	YGL097W
YDR247W	YPR010C
YOR039W	YOR287C
YBR010W	YMR031C
YGL180W	YOL070C
YDR295C	YNL154C
YBL003C	YHR090C
YHL004W	YPR100W
YHR079C	YOL082W
YBR142W	YDR466W
YJL219W	YJR161C
YIR025W	YLR102C
YLR287C	YOR231W
YFR036W	YNL197C
YOR141C	YPL129W
YGR068C	YGR080W
YKR008W	YLR321C
YHR027C	YLR355C
YER021W	YKL132C
YKR034W	YLR132C
YER040W	YGL167C
YDR465C	YEL054C
YFR004W	YPL129W
YDR388W	YGL060W
YNL265C	YNR006W
YLL039C	YLR276C
YBL003C	YOR304W
YDR510W	YGL206C
YER162C	YLL039C
YML012W	YPL246C
YDL207W	YKR082W
YFR004W	YLR097C
YAL013W	YHR082C
YDR280W	YPR010C
YER094C	YOL038W
YDR036C	YKL142W
YAR019C	YNL307C
YLL043W	YOL123W
YFR037C	YGL133W
YBL007C	YBL037W
YDR128W	YNL307C
YFR004W	YOR109W
YLR320W	YNL055C
YER092W	YGL180W
YMR237W	YPR080W
YHR082C	YPR091C
YAR014C	YGR037C
YNR011C	YPL012W
YGR056W	YNL307C
YFR004W	YNL247W
YGR215W	YNL306W
YPL050C	YPR154W
YBR159W	YOL132W
YHL034C	YNL183C
YDR062W	YEL022W
YDR240C	YPL213W
YDR036C	YNL306W
YBL104C	YPL259C
YDL153C	YNL154C
YGR038W	YJR059W
YKL010C	YKL189W
YGL025C	YPL042C
YBR225W	YLR310C
YLR009W	YOL006C
YDR017C	YGL106W
YDR510W	YGR048W
YHR079C	YMR184W
YLL039C	YLL040C
YCR009C	YPR161C
YLR324W	YMR153W
YFR004W	YOR099W
YHL004W	YHR147C
YBR010W	YKL139W
YGL073W	YMR037C
YER116C	YOR156C
YKR025W	YOR207C
YBL072C	YOL127W
YDL100C	YHR027C
YGL167C	YNL055C
YER166W	YFR024C-A
YDL197C	YNL124W
YGR104C	YOR141C
YDL222C	YHR096C
YNL216W	YPR052C
YML056C	YNL230C
YDR381W	YHR167W
YBR123C	YGL133W
YDR294C	YHR027C
YHR113W	YNL222W
YHR094C	YKL203C
YHR090C	YJL081C
YER020W	YHR005C
YAL067C	YNL162W
YDR280W	YHR069C
YLR006C	YNL307C
YHL025W	YPL016W
YDR159W	YIL115C
YBR159W	YGR295C
YFL062W	YPL141C
YGL173C	YNL118C
YOL054W	YPR120C
YGL081W	YKL104C
YDR145W	YDR176W
YBL085W	YBR238C
YNL263C	YPL203W
YML031W	YPR080W
YFL039C	YGL240W
YCR038C	YLR293C
YCL054W	YOR244W
YBL023C	YJL194W
YBR011C	YMR267W
YBL085W	YOR047C
YLR196W	YLR455W
YHL017W	YJL004C
YNL162W	YPR144C
YFR004W	YPL226W
YHL030W	YHR027C
YDR283C	YMR255W
YER078C	YJL164C
YDR502C	YLR153C
YDR176W	YPL011C
YDR381W	YHR185C
YPL031C	YPL100W
YFR049W	YPL031C
YDR225W	YGR275W
YDR510W	YOL043C
YGR060W	YPL076W
YDR059C	YJL106W
YDR168W	YDR463W
YOR119C	YPL146C
YDR195W	YKR002W
YMR117C	YMR224C
YJR015W	YMR149W
YLL039C	YMR015C
YDR481C	YDR510W
YDL173W	YPL031C
YBR094W	YDL015C
YLR228C	YPL042C
YDR388W	YPR171W
YBR159W	YNR013C
YBR289W	YHL025W
YBR081C	YHR099W
YGR267C	YJR090C
YIR026C	YMR049C
YGL227W	YIL017C
YGR286C	YKR064W
YLL039C	YLR148W
YBR159W	YHL042W
YHR197W	YOL127W
YFR037C	YLR176C
YDR477W	YHR207C
YGR142W	YJL053W
YBL003C	YJL033W
YCR023C	YLL039C
YJL090C	YPL194W
YDR006C	YLR192C
YDR414C	YER118C
YDR075W	YDR225W
YPL213W	YPR101W
YHR016C	YOR181W
YNL236W	YPR070W
YLR319C	YMR117C
YCR091W	YGR276C
YGL112C	YNL216W
YHR016C	YOR109W
YDR159W	YMR304W
YDR381W	YNL293W
YDR477W	YJR019C
YFL044C	YGR048W
YFR004W	YPL225W
YBR041W	YGR192C
YFR004W	YJR148W
YLL016W	YOL090W
YJL014W	YKL088W
YAL021C	YGR092W
YFR004W	YJL101C
YKL041W	YPR173C
YNL118C	YPR129W
YJR009C	YML056C
YGL112C	YPL129W
YNL007C	YPL031C
YCR063W	YNR011C
YDR178W	YKL141W
YDL095W	YDR388W
YFR021W	YPL031C
YGL098W	YLR268W
YGR074W	YPR182W
YBR160W	YFL029C
YGR183C	YML086C
YNL031C	YNL246W
YBL007C	YNL154C
YCR081W	YPR070W
YDL028C	YNL186W
YLR223C	YNL216W
YGR135W	YPL031C
YOL016C	YPR152C
YJR132W	YLR293C
YMR165C	YOR119C
YDR510W	YHR027C
YCL040W	YFR004W
YDR427W	YEL037C
YKL006C-A	YLL039C
YDR510W	YOL086C
YGR266W	YJL164C
YGR048W	YKL213C
YGL206C	YHR161C
YFR017C	YPR184W
YDL022W	YHR027C
YPL031C	YPR035W
YJL005W	YNL098C
YGR260W	YLL039C
YBR127C	YFR004W
YHR135C	YLR438W
YFL036W	YMR136W
YBL084C	YGL240W
YGL106W	YPR152C
YMR314W	YOR157C
YFL048C	YPR181C
YLR350W	YML031W
YCR012W	YDR161W
YBL015W	YPR110C
YCR063W	YLR117C
YDR328C	YLR293C
YDR293C	YMR304W
YDR011W	YHR094C
YBR160W	YOL070C
YER105C	YLR208W
YDL055C	YLR259C
YDR225W	YKL139W
YIL030C	YML013W
YLR423C	YML064C
YNL136W	YNL154C
YDR479C	YGR284C
YLR055C	YMR005W
YLR182W	YML069W
YDR155C	YDR510W
YHR113W	YKL103C
YDR466W	YMR049C
YLL039C	YMR110C
YIL144W	YJL014W
YGL133W	YPL016W
YDR466W	YJL095W
YHR047C	YLL039C
YFR004W	YMR080C
YBR010W	YPL001W
YFR024C-A	YGL180W
YBR083W	YMR164C
YIR001C	YPR161C
YGL201C	YOR157C
YDR141C	YNL297C
YDR427W	YMR314W
YOR151C	YPR093C
YJR007W	YLR199C
YGR135W	YKR070W
YPL031C	YPR026W
YER094C	YFR004W
YCR063W	YPL151C
YGL056C	YGL179C
YCL032W	YHL024W
YJL052W	YML056C
YML008C	YMR228W
YDR159W	YDR264C
YDR293C	YML064C
YER179W	YML064C
YML086C	YPL186C
YKL022C	YPR152C
YML049C	YNR011C
YHR135C	YMR165C
YGR009C	YOR327C
YCL057W	YNL307C
YHL003C	YHR110W
YGL112C	YPL011C
YGL112C	YML015C
YFL054C	YHR135C
YGR260W	YIL016W
YIR025W	YPL018W
YKL020C	YOR124C
YBR160W	YJR092W
YML065W	YPR137W
YNL124W	YPL036W
YBL056W	YBR039W
YGL180W	YNL304W
YBR160W	YER012W
YCL008C	YMR032W
YDR122W	YGR238C
YAR014C	YML052W
YDR388W	YLR015W
YLR315W	YPR046W
Q0085	YBR039W
YER177W	YLR028C
YFR024C-A	YPL246C
YKL129C	YMR109W
YDR308C	YNR010W
YDR022C	YPL166W
YFL033C	YPL031C
YDR225W	YGL097W
YGL133W	YKR001C
YAR018C	YJR059W
YDR159W	YPR152C
YBR105C	YCL039W
YFR004W	YMR173W
YDR255C	YMR135C
YLL039C	YMR304W
YLR242C	YNL154C
YAL027W	YIL105C
YDR314C	YEL037C
YJR045C	YLR369W
YDR206W	YJL030W
YKL022C	YLR102C
YDR304C	YHR097C
YOR361C	YPR016C
YAL013W	YNL097C
YDL239C	YOR177C
YGR250C	YJL088W
YMR268C	YPR178W
YBR021W	YLL039C
YAR014C	YGR285C
YLR268W	YPR181C
YDR501W	YGR138C
YBL093C	YGL025C
YBR135W	YEL034W
YLR377C	YOR070C
YER095W	YJR009C
YAL024C	YER177W
YLL024C	YNL007C
YBL058W	YFL044C
YHR034C	YLL039C
YBR280C	YDR054C
YDR359C	YNL136W
YBR077C	YMR004W
YGR092W	YOL139C
YNL307C	YOR207C
YFR004W	YOR128C
YGL023C	YKR007W
YBR205W	YHL031C
YDR283C	YMR216C
YJR007W	YOR361C
YHL042W	YKL065C
YER062C	YHL032C
YBR102C	YLR166C
YGL030W	YLR287C-A
YLR074C	YNL002C
YPL012W	YPL141C
YBR142W	YJL095W
YHR027C	YIL148W
YDL015C	YDR502C
YLR410W	YNL154C
YFL039C	YHR027C
YNL154C	YNR047W
YGR095C	YOL021C
YBR289W	YPL016W
YDL065C	YMR284W
YER052C	YFR004W
YBR010W	YFR037C
YGR097W	YJL036W
YFR004W	YLR208W
YFR024C-A	YMR162C
YDR406W	YLL039C
YHR079C	YLL043W
YNR023W	YPL016W
YAL029C	YLR196W
YGR135W	YOL038W
YGL031C	YML126C
YGL181W	YPL213W
YBR142W	YMR163C
YFR004W	YHR179W
YGL173C	YKL023W
YNL031C	YOL006C
YGR092W	YOL104C
YDR032C	YHR027C
YMR032W	YNL271C
YMR109W	YOR047C
YBR160W	YPR171W
YLR305C	YNL281W
YKL210W	YLR084C
YCL043C	YMR291W
YFL048C	YLR268W
YNL191W	YNL197C
YKL130C	YNL066W
YNR011C	YPL178W
YGL240W	YKL022C
YJR009C	YLL039C
YBR225W	YHR082C
YLR147C	YPR178W
YMR309C	YNL244C
YCR068W	YNL111C
YER024W	YPL031C
YDL153C	YPR178W
YJL098W	YPR040W
YBL081W	YPR173C
YDL209C	YLR424W
YFR004W	YOR184W
YPL042C	YPL246C
YLR005W	YLR347C
YLL039C	YMR221C
YAL024C	YCR012W
YIL126W	YPL129W
YMR303C	YOL086C
YJR059W	YJR099W
YBL085W	YKL218C
YMR080C	YNL016W
YDR096W	YOR156C
YMR112C	YNR010W
YFR004W	YKL213C
YKL139W	YLR432W
YDR086C	YHR027C
YML010W	YPR110C
YLR432W	YPR152C
YDL203C	YNL154C
YIL036W	YIL150C
YER052C	YLR293C
YER141W	YJL014W
YBL058W	YBR223C
YLR028C	YPL004C
YIL105C	YPR152C
YCL037C	YHL034C
YFL010C	YOR231W
YML010W	YML035C
YBR159W	YHR110W
YER110C	YLL039C
YGL179C	YKL206C
YDR356W	YGL093W
YML072C	YOL105C
YLL024C	YLR310C
YFR004W	YOR362C
YIL124W	YPL106C
YHR114W	YLR426W
YGL180W	YIL077C
YGL014W	YNL016W
YGR104C	YPL129W
YPR082C	YPR101W
YLL039C	YOL025W
YLR147C	YPL213W
YDR124W	YPL118W
YER021W	YJL001W
YKL196C	YMR183C
YGL206C	YOR109W
YGR104C	YNL236W
YER118C	YMR032W
YMR072W	YOL006C
YAL034W-A	YDL028C
YLL026W	YOR007C
YLR259C	YLR320W
YJL164C	YOR083W
YFL039C	YLR196W
YJR066W	YMR216C
YHR016C	YKL129C
YMR140W	YPL037C
YHR027C	YPR010C
YLL024C	YPR010C
YDR510W	YGR186W
YHR169W	YLR153C
YLR018C	YPL169C
YHR174W	YNL127W
YGR060W	YLR056W
YDR260C	YFR036W
YDR176W	YDR448W
YDR309C	YOR127W
YDR510W	YOL006C
YBR086C	YNL307C
YBL035C	YLR432W
YDR456W	YOR125C
YAL024C	YDL061C
YHR179W	YLR074C
YDR328C	YIL148W
YBR056W	YLL039C
YHR113W	YJL030W
YDL165W	YNL315C
YGR161C	YKR027W
YFL026W	YNL307C
YGR260W	YPR028W
YJR042W	YPL169C
YIL136W	YNL121C
YER092W	YPL235W
YFL013C	YML065W
YFR004W	YIL033C
YBL003C	YFL013C
YDR155C	YFL014W
YCR042C	YDR145W
YGR004W	YHR114W
YFL026W	YGR037C
YJL014W	YOR356W
YGL180W	YJR092W
YJL095W	YMR111C
YDR128W	YOL139C
YBL035C	YIL150C
YDR092W	YHR137W
YDL212W	YEL017C-A
YGR126W	YJL106W
YCL040W	YLL039C
YLR060W	YOR231W
YJL164C	YMR196W
YML049C	YPR101W
YHL004W	YLR432W
YDR510W	YLR276C
YJL014W	YKR037C
YDR328C	YLR097C
YML065W	YPL143W
YLL008W	YMR290C
YJL098W	YPR111W
YBR253W	YMR112C
YDR159W	YLR347C
YGL077C	YHR001W
YKR002W	YLL039C
YDL212W	YHR026W
YGL173C	YML056C
YDR477W	YER040W
YGL120C	YOR119C
YGL097W	YGL133W
YBR083W	YPL049C
YGL210W	YMR291W
YLL039C	YML028W
YDR176W	YGL013C
YLR117C	YLR147C
YER021W	YFR052W
YJL164C	YJL167W
YDR127W	YGR240C
YDR178W	YMR032W
YGL011C	YHR027C
YCR012W	YPR093C
YDL012C	YHR032W
YDR518W	YNL307C
YFL023W	YJL095W
YDR439W	YLR347C
YHL002W	YNR006W
YDL002C	YGR192C
YBL007C	YLR064W
YCL024W	YKL091C
YAL034W-A	YBR211C
YDL095W	YML012W
YDL018C	YHR110W
YGL015C	YLR319C
YBR188C	YNR011C
YKR095W	YPL169C
YDR477W	YJL084C
YJL106W	YNL074C
YGR092W	YPR119W
YBR105C	YEL054C
YBR182C	YER062C
YGL106W	YPR188C
YLR166C	YPR080W
YPR101W	YPR182W
YCR042C	YLL039C
YMR072W	YPR161C
YDL212W	YLR350W
YBR274W	YDR439W
YPL061W	YPL226W
YKL051W	YML072C
YJR092W	YPL031C
YDR293C	YPL031C
YKL172W	YLL008W
YBR247C	YNL055C
YDL002C	YNL154C
YGL229C	YPR040W
YCL024W	YLR319C
YER021W	YFR004W
YGR240C	YOL013C
YBR142W	YPL141C
YFR050C	YGR253C
YDL100C	YJR040W
YGL011C	YLL039C
YKL210W	YOR184W
YJR066W	YOR035C
YJR014W	YML010W
YDR208W	YPR052C
YBR160W	YPR120C
YKR009C	YMR216C
YER086W	YJL052W
YLL039C	YOR207C
YJL033W	YML010W
YDR414C	YNL044W
YGL189C	YLL039C
YHR114W	YOR109W
YKL129C	YNL025C
YBR218C	YHR135C
YBR235W	YLR034C
YDR247W	YGR237C
YBR267W	YDR288W
YDL134C	YGR142W
YGL106W	YOL139C
YML017W	YPR152C
YBR191W	YGL030W
YDR510W	YML069W
YJL095W	YMR290C
YLL024C	YMR129W
YCL066W	YPL049C
YAL053W	YLR083C
YCR079W	YER178W
YLL039C	YPL231W
YHR152W	YJR148W
YML085C	YNL148C
YGL073W	YLL019C
YLR025W	YPL084W
YGL031C	YGR285C
YHR016C	YOR284W
YDR328C	YMR258C
YGL098W	YOR075W
YFR052W	YNL103W
YMR109W	YNL271C
YDL100C	YHR005C
YBL058W	YLR377C
YDR032C	YKL051W
YAL013W	YDR207C
YBR160W	YDR285W
YHR094C	YMR011W
YAR071W	YBR093C
YHR027C	YHR094C
YIL076W	YLL039C
YIL017C	YIL097W
YBL003C	YGL241W
YGL106W	YML034W
YDR499W	YMR303C
YDR359C	YJL098W
YMR036C	YNL154C
YNL132W	YPL259C
YJR007W	YNL244C
YBL072C	YLR287C-A
YHR135C	YKL023W
YDR381W	YJR041C
YAL030W	YJL036W
YDR195W	YNL222W
YKL068W	YMR080C
YLR196W	YPL259C
YMR315W	YPR152C
YDL209C	YOR148C
YDR477W	YER028C
YBR272C	YGL048C
YDR244W	YNL044W
YGL112C	YLR176C
YDL135C	YHR135C
YGL077C	YPR138C
YDR032C	YPL031C
YER033C	YFL023W
YER162C	YFR021W
YNL271C	YPR080W
YLL039C	YLR106C
YLL039C	YOL123W
YKL093W	YLR273C
YIL144W	YLR423C
YDR388W	YHL032C
YLR207W	YOL013C
YDR510W	YER064C
YIR026C	YKL023W
YFR004W	YJL088W
YOR034C	YOR132W
YDR477W	YGL023C
YAL034W-A	YKL103C
YCR059C	YLL039C
YGL001C	YGR175C
YDR510W	YKL094W
YJL014W	YMR237W
YER006W	YPR152C
YDR272W	YGR223C
YPL031C	YPL266W
YFR004W	YMR309C
YLR032W	YML065W
YGL180W	YHL019C
YAL037W	YHR135C
YLR293C	YPL031C
YGL133W	YPL190C
YGR046W	YKL130C
YGL005C	YPL031C
YAR018C	YPL018W
YBR010W	YPR052C
YFL039C	YLR093C
YDR195W	YPR107C
YCR030C	YMR109W
YBR290W	YCR011C
YDL115C	YGL180W
YGL189C	YHR114W
YEL017W	YGL180W
YBR202W	YGL201C
YLR438W	YNL244C
YKL126W	YLL039C
YML065W	YOL127W
YJR148W	YPL031C
YEL034W	YPR080W
YGL030W	YGL031C
YEL037C	YHL025W
YDR304C	YHR185C
YDR141C	YJL014W
YNL197C	YPR120C
YHR114W	YIL013C
YHR082C	YMR111C
YJR082C	YLR455W
YDL159W	YMR276W
YAR027W	YNL315C
YLR074C	YPL131W
YCR091W	YNL155W
YHR104W	YOL016C
YLL024C	YPR119W
YDR484W	YJL029C
YDR504C	YJL070C
YGL106W	YOR181W
YBR086C	YOL113W
YHL031C	YIL004C
YER173W	YJL014W
YBR055C	YPL213W
YMR154C	YOR362C
YHR005C	YHR194W
YBL003C	YOR207C
YDR225W	YDR334W
YDR436W	YFR003C
YHR114W	YLR081W
YGL180W	YHR073W
YGL237C	YGR267C
YKL035W	YLL039C
YKR014C	YLL039C
YDR155C	YPL146C
YER177W	YHR152W
YGR285C	YNL103W
YKL057C	YPL169C
YDL239C	YPL255W
YGL084C	YPL141C
YCR042C	YPL129W
YFL039C	YOR122C
YIL144W	YPL018W
YBR126C	YLL039C
YBL007C	YNL116W
YBR010W	YDR225W
YDR378C	YJL139C
YBL079W	YLR018C
YFR044C	YOL013C
YDR356W	YHR005C
YDR381W	YML012W
YFL013C	YLR052W
YHR114W	YJR090C
YAL021C	YPL037C
YLL039C	YMR036C
YIL033C	YMR273C
YBR267W	YPR016C
YHR027C	YKL065C
YJL149W	YOL025W
YMR036C	YPR191W
YDR373W	YGL153W
YBL050W	YGR009C
YHR135C	YMR303C
YFR004W	YNL118C
YDL137W	YPL031C
YGL014W	YPL031C
YCR031C	YHR027C
YIL148W	YPR152C
YHR140W	YKL065C
YOR162C	YPL031C
YKR002W	YOR001W
YDR145W	YML065W
YBL003C	YDR303C
YOL018C	YOR320C
YBL003C	YGL097W
YER012W	YGL011C
YDR092W	YER061C
YHL010C	YLR138W
YNL025C	YPL042C
YDR303C	YLR321C
YKR101W	YLR442C
YBR102C	YIL068C
YBL093C	YNR010W
YHR082C	YMR290C
YIR033W	YNL111C
YDR293C	YLR190W
YJR066W	YKR093W
YOR181W	YOR367W
YDL192W	YLR083C
YDR414C	YHL042W
YDL080C	YLL039C
YNL214W	YNL329C
YFR004W	YMR079W
YDR145W	YPL248C
YER032W	YJR089W
YHR004C	YMR165C
YDL055C	YFR040W
YDR381W	YOR267C
YMR201C	YOL090W
YGL153W	YNL214W
YGR060W	YPL246C
YDR080W	YMR197C
YJR046W	YLR274W
YDL192W	YKL196C
YMR149W	YPL227C
YLR455W	YMR290C
YDR510W	YFR052W
YCR091W	YML083C
YHL032C	YLR305C
YGL025C	YKR083C
YNL197C	YNR047W
YHR167W	YPL178W
YLR117C	YML049C
YHR135C	YPL203W
YDR091C	YHR082C
YPL235W	YPR152C
YDR466W	YGR180C
YNL124W	YPL081W
YBL056W	YGR240C
YDR510W	YEL034W
YDR189W	YKL006C-A
YBL007C	YCR030C
YER068W	YPL037C
YAR014C	YKR075C
YJR091C	YLL039C
YNL031C	YOL054W
YBR164C	YJL029C
YBR159W	YGR260W
YJL014W	YOR162C
YLR268W	YOR075W
YDR466W	YOR141C
YBR160W	YKL129C
YDL195W	YDL212W
YMR182C	YPL031C
YAL018C	YHR114W
YDR192C	YER105C
YEL004W	YNL197C
YJL164C	YOR288C
YDR477W	YMR086W
YHR082C	YKR070W
YBR188C	YPR152C
YEL060C	YNL106C
YBR082C	YER012W
YDR477W	YFL054C
YLR215C	YNL116W
YGL153W	YOR180C
YML049C	YPL213W
YFR004W	YML100W
YER043C	YLL039C
YCR106W	YPR046W
YDR470C	YML131W
YBR183W	YGR284C
YDR200C	YNL127W
YKL065C	YNL048W
YER136W	YFR004W
YER012W	YFR052W
YBL003C	YOR058C
YDR343C	YGR060W
YLL039C	YMR162C
YAR042W	YLR119W
YHL025W	YLR347C
YBL063W	YBR160W
YNR016C	YPR110C
YHR073W	YNL154C
YGL023C	YLR166C
YER026C	YPL076W
YDR247W	YJR025C
YGL030W	YHR027C
YDL025C	YJL164C
YBL003C	YPR010C
YBR135W	YKL022C
YHR097C	YLR377C
YFR004W	YIR036C
YLR276C	YML010W
YDL057W	YJL058C
YDR216W	YGL112C
YGL237C	YJR132W
YDR085C	YLR423C
YGR009C	YMR183C
YDL025C	YNL175C
YDL087C	YOL139C
YNR011C	YPR101W
YKR007W	YLL039C
YHL025W	YNL216W
YLR342W	YNL025C
YBR260C	YOR109W
YKL197C	YNL329C
YHR135C	YKL114C
YGR086C	YKL142W
YBR055C	YLR147C
YBR254C	YDR407C
YFR004W	YGR180C
YIL112W	YPL031C
YBR055C	YPR160W
YBR253W	YKR095W
YKL139W	YKR018C
YMR290C	YNL132W
YNL216W	YPL248C
YKR054C	YNL271C
YBL007C	YDR388W
YFL029C	YGR080W
YMR080C	YPR080W
YFL062W	YML012W
YBL088C	YDR369C
YMR173W	YPL141C
YNL055C	YNL106C
YFR004W	YML056C
YBL007C	YDL028C
YDR091C	YJL005W
YCR093W	YPL042C
YGL077C	YHR096C
YFR024C-A	YNL106C
YFR004W	YOL061W
YFR015C	YJL095W
YLR147C	YLR424W
YMR165C	YNL154C
YDR011W	YGR138C
YDR414C	YNL326C
YHL034C	YPR161C
YGL180W	YIR003W
YJR009C	YMR259C
YBR135W	YDR510W
YKL051W	YLR219W
YER142C	YOR207C
YGL197W	YJL098W
YFR004W	YOR151C
YJL098W	YOR267C
Q0085	YPL271W
YAR027W	YOL129W
YER012W	YOR157C
YDR244W	YGL205W
YLR219W	YPL004C
YGR038W	YLR350W
YDR479C	YML055W
YDL002C	YML065W
YBR133C	YDR225W
YNL271C	YOR122C
YNL227C	YOL113W
YDR501W	YNL283C
YDR189W	YPL031C
YBR139W	YBR280C
YDR145W	YGL066W
YAR014C	YDL240W
YGR009C	YIL068C
YAR019C	YML037C
YDL064W	YER095W
YFL048C	YML067C
YDL171C	YLR166C
YBR010W	YIL126W
YDR356W	YPR161C
YBR053C	YNL339C
YDL189W	YIL122W
YLR040C	YNL197C
YJL140W	YPR052C
YFR004W	YLR153C
YFL039C	YGL015C
YNL154C	YPR152C
YDR436W	YFR040W
YHR027C	YMR235C
YGR084C	YOR158W
YCL008C	YLR119W
YDL055C	YDR238C
YHR018C	YNL244C
YEL023C	YJR009C
YCR081W	YPL248C
YBL003C	YKL172W
YBL003C	YML065W
YPL129W	YPL235W
YDL025C	YJL095W
YMR049C	YPL042C
YDR436W	YPR005C
YDR328C	YFR004W
YDR343C	YJR066W
YBR160W	YHR027C
YAL018C	YIL171W
YCR009C	YPR062W
YAR028W	YHR026W
YJL164C	YPL146C
YLL039C	YOL060C
YBR010W	YDR463W
YHR113W	YOL082W
YDR214W	YIL038C
YOR181W	YPL004C
YBR279W	YML010W
YOR380W	YPL031C
YHR135C	YNL149C
YJL164C	YLL008W
YLR277C	YPR107C
YCR079W	YPL110C
YIL150C	YLR442C
YDR318W	YDR383C
YML010W	YOR039W
YGR074W	YPL213W
YJR042W	YKL186C
YOL082W	YPL091W
YGL131C	YLR413W
YJL033W	YLR432W
YLL039C	YMR246W
YER064C	YHR082C
YGL031C	YKL180W
YDR225W	YPL248C
YDR378C	YOR320C
YMR109W	YOR035C
YEL066W	YML064C
YDR306C	YER043C
YBR114W	YGR192C
YMR109W	YOR227W
YFR021W	YJR025C
YAL030W	YDL192W
YDR104C	YMR117C
YIL114C	YNL130C
YLL039C	YML086C
YOR177C	YPL031C
YLR153C	YML085C
YHR090C	YMR216C
YIL045W	YLR258W
YML065W	YPL235W
YPL042C	YPR070W
YLR052W	YPL129W
YJR007W	YMR309C
YBL093C	YMR109W
YLR330W	YPL131W
YBR011C	YFR004W
YGL055W	YHR027C
YKR071C	YNL154C
YDR214W	YFR004W
YKL186C	YPL138C
YLL039C	YOL086C
YCL028W	YMR112C
YCL037C	YIR001C
YFR037C	YPL106C
YPL031C	YPL249C
YDR510W	YNL097C
YLR276C	YNL002C
YKL160W	YPL141C
YAR031W	YJR015W
YBR205W	YLL039C
YML056C	YOL139C
YDL100C	YFR004W
YLR347C	YPL178W
YHR114W	YKL129C
YBL088C	YLR025W
YEL044W	YJL081C
YDL165W	YDR448W
YKL023W	YOL061W
YDR238C	YIL076W
YDL215C	YGR104C
YGR060W	YML008C
YBR160W	YOR083W
YDR427W	YLL039C
YNL125C	YNL154C
YBR164C	YML023C
YBL003C	YNL031C
YCR079W	YJR059W
YHR083W	YML086C
YAL024C	YGL037C
YFL039C	YOR141C
YDR354W	YPL031C
YLR005W	YPR025C
YFR004W	YKL035W
YJL117W	YPL076W
YMR104C	YMR109W
YIL115C	YKL068W
YHR027C	YOL061W
YGL013C	YPR152C
YAR031W	YHR110W
YER110C	YOL127W
YKL051W	YPR138C
YDR306C	YKL085W
YMR297W	YOL086C
YIL109C	YPL031C
YBR034C	YHL034C
YIL033C	YPR040W
YJR066W	YOR008C
YHR082C	YKL210W
YJL056C	YPR154W
YFL062W	YOR071C
YGR260W	YHR110W
YFR050C	YOL038W
YFR015C	YLR369W
YGL077C	YOR273C
YLL039C	YOL088C
YCR079W	YPL118W
YDR200C	YNL154C
YDR032C	YLL039C
YJL006C	YKR018C
YKR021W	YPR029C
YER110C	YMR127C
YJR059W	YOL082W
YDR388W	YHR016C
YAR071W	YCR038C
YBL085W	YNR016C
YJR132W	YLR310C
YGL181W	YMR182C
YEL037C	YFR052W
YHR114W	YLR337C
YLL019C	YLR196W
YFR044C	YNL191W
YMR309C	YPL001W
YML065W	YOR039W
YIL021W	YML010W
YDL232W	YJR015W
YDR334W	YPL235W
YBR081C	YDR176W
YOR090C	YPR016C
YER047C	YKL032C
YAR014C	YPL049C
YER004W	YJL148W
YGL179C	YKL093W
YLL013C	YLR423C
YDL054C	YDR307W
YML065W	YPR132W
YFL039C	YIL138C
YEL034W	YFL023W
YBR210W	YGR284C
YBR135W	YBR295W
YMR092C	YPL106C
YLR287C	YLR340W
YMR031C	YMR086W
YML008C	YMR202W
YBL056W	YOR086C
YDL173W	YDR381W
YBR122C	YLR439W
YDR169C	YDR510W
YGR289C	YPR028W
YGL201C	YHR114W
YBR160W	YDR168W
YDR011W	YOR157C
YJL095W	YPL191C
YBR202W	YLR274W
YBR160W	YIL050W
YEL034W	YNL293W
YIL105C	YKL130C
YGR284C	YLR018C
YEL022W	YLL039C
YDR214W	YPR110C
YIL062C	YPR093C
YOL113W	YPL169C
YKL080W	YLL039C
YCR063W	YPR101W
YDL064W	YER116C
YFL048C	YOL129W
YDR308C	YPR168W
YGL227W	YIL097W
YBL050W	YIL004C
YKL133C	YNL118C
YEL034W	YFR004W
YDR034C	YER043C
YBR290W	YGR284C
YBL075C	YNL293W
YDR244W	YKL197C
YGR186W	YOR151C
YNR010W	YOL139C
YFL023W	YNL154C
YGR058W	YJL164C
YJL106W	YJL194W
YFR024C-A	YNL020C
YLR018C	YPR080W
YLR072W	YPR152C
YDR075W	YML010W
YGL048C	YHL030W
YKR066C	YPL004C
YER095W	YER110C
YHR023W	YOR035C
YGR240C	YPL151C
YHR027C	YIR036C
YNL154C	YNL155W
YML064C	YNL197C
YBR136W	YMR259C
YBL036C	YGR185C
YOL016C	YOR264W
YDL192W	YPL232W
YBL003C	YOL051W
YGL206C	YPL106C
YFL044C	YLL039C
YPL022W	YPL146C
YHR135C	YMR268C
YGR048W	YKR002W
YML065W	YPR080W
YER012W	YHR027C
YDR477W	YLL039C
YBR094W	YKR009C
YGL180W	YNL173C
YHR135C	YMR036C
YHL035C	YLL039C
YDR277C	YKL129C
YDL192W	YMR183C
YBR034C	YLR315W
YKL130C	YPR032W
YDR145W	YML098W
YCL024W	YLR060W
YER006W	YLL008W
YEL039C	YHR027C
YDL028C	YGL093W
YIL076W	YJR045C
YAR019C	YNL223W
YDR446W	YML037C
YOR359W	YPL031C
YER116C	YOR058C
YDR127W	YOL013C
YMR196W	YNL020C
YDR254W	YDR383C
YGR295C	YNL130C
YDR073W	YPL016W
YGR092W	YKL104C
YJL095W	YPR032W
YDL087C	YPR182W
YEL015W	YER032W
YKR082W	YMR153W
YGL201C	YMR032W
YCL054W	YHR197W
YGL180W	YOL130W
YGL025C	YPR168W
YGL060W	YMR032W
YML037C	YOL016C
YJL095W	YJR092W
YBL085W	YJL164C
YDL015C	YLR060W
YHR082C	YJR066W
YHR094C	YOR316C
YLR330W	YPR080W
YLR117C	YPR182W
YHR114W	YIL144W
YIL115C	YJR132W
YDR359C	YOR244W
YBR247C	YER074W
YLL039C	YPL152W
YDL153C	YOR267C
YDR054C	YGL173C
YLR233C	YML038C
YDR477W	YPL248C
YDR080W	YEL022W
YGR084C	YHL004W
YDL103C	YKL139W
YDR101C	YGL120C
YDL076C	YER088C
YIL021W	YJL140W
YDR330W	YPL018W
YBR160W	YER059W
YER047C	YMR032W
YDL192W	YGR284C
YPL012W	YPR144C
YHR034C	YPL146C
YDR477W	YNL227C
YHR140W	YIL114C
YKL013C	YKL129C
YBL091C-A	YDR479C
YBR160W	YNL321W
YBR010W	YLR320W
YER088C	YML010W
YJR059W	YKL140W
YDL015C	YDL232W
YJL090C	YKL108W
YBL003C	YDL002C
YPL141C	YPL190C
YKL196C	YLL039C
YNL197C	YOR062C
YBL003C	YMR049C
YER006W	YJR110W
YBR160W	YLR321C
YDR155C	YPL235W
YDR091C	YFR004W
YBR082C	YJL210W
YDL153C	YNL307C
YKL085W	YNR001C
YMR080C	YNL118C
YHR027C	YLL026W
YNR023W	YPL129W
YLR216C	YMR303C
YGR275W	YML065W
YDL134C	YIL153W
YNL118C	YOR124C
YDR293C	YHR079C
YBR160W	YML083C
YBR126C	YHL034C
YHR027C	YKL056C
YDR483W	YHR096C
YDL234C	YLL039C
YJL033W	YKR081C
YLR117C	YLR424W
YGL179C	YPR035W
YGR092W	YML035C
YJL164C	YML118W
YDR122W	YOL054W
YDR225W	YOL054W
YCR068W	YIR033W
YER105C	YJL030W
YML065W	YNL031C
YFR037C	YKR008W
YLL039C	YMR104C
YDR247W	YJR049C
YML058W	YNL197C
YDL222C	YNL173C
YDR321W	YFR004W
YBR039W	YJR068W
YDR328C	YER062C
YDR409W	YLL029W
YCL032W	YDR032C
YPL094C	YPR037C
YER094C	YGR253C
YDR145W	YPL129W
YBR135W	YGR109C
YDL230W	YNL307C
YDR510W	YKL172W
YDR088C	YLR430W
YDR101C	YNL175C
YGR253C	YJR017C
YHR096C	YNL197C
YDR214W	YKL010C
YMR088C	YPL050C
YKL204W	YOL139C
YGL205W	YJL164C
YDR322W	YHR147C
YDL192W	YHR094C
YGR123C	YOR014W
YJL194W	YLR274W
YDR207C	YNL097C
YMR311C	YPL031C
YLR347C	YNL136W
YBR160W	YDL106C
YDR383C	YOL054W
YBR170C	YGR048W
YGR175C	YNL280C
YHR033W	YHR082C
YCL028W	YNR010W
YLR432W	YNL175C
YGL133W	YOR304W
YFR004W	YGR092W
YDL237W	YPR148C
YPL031C	YPL203W
YDL002C	YFL013C
YCR030C	YHR016C
YGL106W	YMR309C
YCR036W	YGL153W
YIL002C	YKR019C
YER110C	YFR004W
YNL197C	YOL078W
YDR238C	YLL039C
YKL196C	YOR075W
YDR510W	YMR303C
YIL148W	YKL080W
YDR169C	YJL164C
YDR388W	YGR240C
YDR277C	YKL038W
YFR004W	YGL173C
YJR059W	YLR270W
YGR097W	YMR049C
YDR510W	YER116C
YBR160W	YNR047W
YJL081C	YJR082C
YDR497C	YNL307C
YDR510W	YOR156C
YLR447C	YOR332W
YGL001C	YLR106C
YDR225W	YOL006C
YBR105C	YLR340W
YPL213W	YPR082C
YIL051C	YJL165C
YBR166C	YBR217W
YLR278C	YOR181W
YDL039C	YNL154C
YPL003W	YPR066W
YDR456W	YPL092W
YIL016W	YPL274W
YML055W	YPL094C
YAL060W	YFR004W
YDL192W	YOL129W
YCR081W	YPL042C
YDL165W	YGR092W
YLL039C	YMR315W
YBR274W	YDR168W
YHR082C	YKL051W
YDL238C	YHR047C
YGR180C	YLL039C
YHR197W	YML010W
YLL024C	YLR442C
YLR447C	YOR028C
YDR456W	YGR216C
YDR388W	YLR337C
YCL050C	YDR510W
YMR290C	YNL154C
YGR253C	YOR148C
YGL060W	YPL018W
YJL100W	YPL100W
YML072C	YOR086C
YBR081C	YLR055C
YDR032C	YML064C
YLL039C	YPR030W
YFR037C	YGR056W
YDR181C	YDR283C
YJL165C	YNL116W
YCR012W	YHR174W
YBR254C	YKR068C
YDL025C	YMR290C
YCR030C	YKL051W
YFR004W	YNR035C
YDR388W	YMR109W
YJR064W	YNR016C
YHR016C	YPR052C
YDR127W	YLL039C
YBR055C	YPL028W
YER020W	YOL105C
YLR106C	YML029W
YML092C	YMR314W
YJL164C	YLR216C
YHR099W	YLR403W
YML098W	YPL248C
YKR051W	YLL039C
YIR023W	YJR066W
YFR004W	YJL165C
YDR207C	YJL164C
YHR135C	YPR091C
YFR037C	YNL312W
YDR101C	YDR168W
YLL039C	YPL186C
YGL181W	YPR171W
YBL058W	YJR059W
YDR306C	YOL025W
YLR424W	YPR082C
YOR023C	YPL248C
YML098W	YPL011C
YDR101C	YHR027C
YER118C	YLR353W
YIR006C	YMR109W
YDL222C	YKL094W
YER010C	YJL164C
YBR038W	YLL039C
YHR016C	YJL004C
YGR186W	YPR056W
YNL176C	YNL197C
YDR122W	YPR115W
YDR470C	YOR211C
YJL033W	YKR002W
YGL066W	YGL112C
YER017C	YMR115W
YML123C	YOR181W
YEL034W	YLR074C
YBR053C	YLL039C
YDL066W	YMR173W
YDR303C	YLR176C
YBR139W	YLL039C
YBR010W	YDR448W
YPL042C	YPR181C
YIL016W	YML065W
YLR424W	YNL167C
YDL134C	YPL004C
YGL048C	YHR027C
YGL206C	YLR170C
YHR023W	YLL021W
YBR138C	YBR160W
YHR094C	YML072C
YBR010W	YOL054W
YKL054C	YKL204W
YBR225W	YOR157C
YHL010C	YLL039C
YGL206C	YNR006W
YMR140W	YNR031C
YDR477W	YMR104C
YAR014C	YNL025C
YBL075C	YBR247C
YHR207C	YNL154C
YGR267C	YLR132C
YER118C	YNL152W
YDR510W	YML032C
YER128W	YOL016C
YER095W	YLR337C
YDL025C	YGL077C
YNL197C	YOR172W
YGL006W	YOR316C
YDL100C	YIL162W
YLL016W	YNL098C
YDR381W	YKR037C
YKR037C	YLR423C
YER142C	YOL090W
YLR147C	YOR097C
YDL192W	YHR027C
YML078W	YPR184W
YLL013C	YNL016W
YHR016C	YPR055W
YIL148W	YKR001C
YDR159W	YKR082W
YHR082C	YOR211C
YHR034C	YMR309C
YBR055C	YML049C
YFL013C	YFL039C
YIL122W	YJL030W
YGL104C	YKL065C
YGR037C	YOR181W
YGL120C	YHL034C
YJL033W	YNL132W
YLR293C	YPL012W
YHR135C	YNL165W
YBL023C	YPL001W
YER182W	YKL142W
YHR135C	YJL084C
YDR243C	YDR388W
YJR113C	YNL306W
YER110C	YPL001W
YGL180W	YKR071C
YER006W	YNL227C
YML010W	YML069W
YBL003C	YNL308C
YAL031C	YBR160W
YER179W	YIL144W
YFR024C-A	YKL068W
YAR014C	YDR122W
YBL104C	YLR208W
YLR025W	YMR077C
YDR421W	YKR080W
YDL103C	YPL106C
YDR328C	YJR033C
YFL054C	YML006C
YNL271C	YNL293W
YDR214W	YER173W
YAL042W	YFR052W
YDR233C	YFR004W
YDR510W	YLR355C
YGL035C	YIL162W
YDR005C	YJR066W
YER006W	YLR009W
YGL011C	YOR362C
YBR289W	YNR023W
YDL239C	YGR268C
YHR140W	YOL132W
YDR216W	YMR280C
YBR177C	YKL094W
YBR272C	YFR052W
YAR066W	YNL197C
YOR007C	YPL106C
YDR122W	YDR162C
YDR247W	YKR049C
YFL026W	YNL197C
YHR027C	YJL014W
YHR104W	YML086C
YDR074W	YPR152C
YDR373W	YNL267W
YBR082C	YNL197C
YLR132C	YLR423C
YBR195C	YMR178W
YGR013W	YPL213W
YLL024C	YLR410W
YNR016C	YPR152C
YCR024C-A	YOL132W
YBR142W	YGL030W
YGL106W	YPL040C
YDL204W	YDR233C
YOR281C	YPL141C
YDL192W	YOL018C
YDR481C	YLL039C
YAL025C	YLR009W
YJL014W	YKL198C
YDL224C	YER059W
YDR479C	YGL104C
YJL083W	YPL004C
YKL139W	YLR424W
YGR186W	YIL021W
YNL055C	YNR010W
YDR457W	YOL025W
YLL008W	YLR106C
YDR225W	YGL112C
YBR274W	YJR082C
YFR004W	YHR027C
YER026C	YHR140W
YCR009C	YGR086C
YGR224W	YKL020C
YFR004W	YGR211W
YJR099W	YLL039C
YFL014W	YFR004W
YIL071C	YOR361C
YJL036W	YPL174C
YDR127W	YFR004W
YLR413W	YPR138C
YHL042W	YJL117W
YNL007C	YPL004C
YDL079C	YJL098W
YGR132C	YPL050C
YER068W	YKL054C
YFL033C	YGR276C
YDR208W	YJR059W
YGL120C	YNL308C
YGR135W	YMR291W
YLR276C	YMR216C
YGL206C	YPR029C
YJL095W	YLL021W
YDR379W	YPR152C
YBL003C	YGR086C
YMR049C	YPL141C
YBR072W	YFR004W
YBL025W	YBR274W
YCL054W	YNL175C
YCL050C	YPL031C
YDR260C	YIR025W
YDR214W	YKL104C
YCR061W	YLL039C
YER020W	YHR001W
YHL034C	YLR196W
YLL039C	YNL307C
YGR192C	YMR086W
YFR004W	YLL024C
YKR082W	YLR208W
YJL095W	YNR006W
YHR027C	YPL143W
YFR004W	YML086C
YJL164C	YPR029C
YER043C	YGL237C
YHL022C	YPR007C
YDR330W	YHR135C
YFL033C	YMR155W
YGL005C	YNL197C
YJL106W	YML037C
YBR289W	YMR228W
YER177W	YKL140W
YHR135C	YLR265C
YAR014C	YIL045W
YOL113W	YPR032W
YEL015W	YPR129W
YAL034W-A	YCL024W
YLL039C	YOR238W
YLR347C	YMR273C
YDR328C	YMR056C
YGL180W	YGR249W
YBL067C	YER030W
YML064C	YMR055C
YFL010C	YHR016C
YBR159W	YPL076W
YEL037C	YGL179C
YCL024W	YFL010C
YHR009C	YPL031C
YDL195W	YML012W
YHR096C	YKL203C
YOR151C	YPL203W
YNR035C	YPL004C
YHR005C	YML104C
YJL088W	YPL111W
YGL179C	YOL082W
YGL181W	YIR006C
YJR064W	YNL148C
YDR091C	YHR027C
YBR191W	YNL124W
YER116C	YML032C
YCL032W	YPR075C
YLL039C	YPL061W
YBR182C	YMR037C
YGR113W	YPR046W
YAR042W	YPR080W
YDR247W	YPR082C
YBL003C	YKR001C
YLL039C	YNR006W
YLR166C	YOR065W
YJL164C	YMR184W
YDL115C	YIL021W
YER106W	YLR320W
YCL037C	YJL033W
YJR064W	YLR196W
YNL086W	YOL130W
YML035C	YPL031C
YKR095W	YPR052C
YCR012W	YJL030W
YBL007C	YPR159W
YDL054C	YDL212W
YDR510W	YER074W
YHR090C	YPL031C
YLR246W	YNL098C
YDR189W	YIL004C
YGR175C	YLL039C
YJL185C	YPL018W
YGL120C	YKR092C
YAL021C	YGR086C
YER105C	YFR050C
YDL149W	YHR082C
YLR298C	YML046W
YEL047C	YPL031C
YBR217W	YPR108W
YKL180W	YLR340W
YDR155C	YFL023W
YBL058W	YKL213C
YDR176W	YDR457W
YBR202W	YIL150C
YEL054C	YGR285C
YHR027C	YJL052W
YDR388W	YIL148W
YGR067C	YOL116W
YDR138W	YNR047W
YDR343C	YLL039C
YDR070C	YJL164C
YAR014C	YHR135C
YIL148W	YNL111C
YER092W	YPL129W
YKR093W	YPR079W
YDL139C	YDR388W
YBR072W	YPR161C
YGL025C	YLR315W
YJR059W	YPL100W
YJL137C	YPL031C
YDR256C	YLL039C
YAL056W	YGL121C
YFL024C	YLR223C
YDR510W	YNL055C
YNL103W	YPL038W
YJR092W	YMR032W
YBR274W	YPR145W
YFR004W	YIR011C
YBR177C	YBR274W
YFR036W	YGL240W
YMR153W	YNL154C
YML064C	YPL242C
YJL033W	YLR277C
YIL038C	YPL037C
YGR038W	YJL164C
YKL150W	YML086C
YDL005C	YNR010W
YHR069C	YKL129C
YML123C	YNL197C
YGR009C	YLR268W
YDR378C	YGL173C
YNL031C	YPL138C
YFR004W	YFR024C-A
YHR135C	YLR350W
YLL039C	YNL115C
YER020W	YJL005W
YBR160W	YER021W
YKL180W	YML126C
YDL209C	YML049C
YBR160W	YNL058C
YJR113C	YMR158W
YDR510W	YNL216W
YJR161C	YLL039C
YLR097C	YLR289W
YGR092W	YNL007C
YML028W	YOR031W
YDL015C	YHR140W
YFR021W	YFR024C-A
YGL120C	YPL131W
YKR002W	YNL222W
YIL148W	YLR347C
YGR180C	YPL031C
YFL024C	YNL136W
YJL164C	YNL121C
YBR229C	YDL210W
YGR086C	YPR080W
YGL167C	YLL039C
YDR457W	YGR285C
YLL039C	YPR010C
YER015W	YJL095W
YBR160W	YOR032C
YLR452C	YNL197C
YDR477W	YDR510W
YMR246W	YPR017C
YDL239C	YOR380W
YHR094C	YJR066W
YDL025C	YMR196W
YNL154C	YNL186W
YFL029C	YKL139W
YHR082C	YLR220W
YGR056W	YKR008W
YNL197C	YPR138C
YBL007C	YBR136W
YER177W	YIR003W
YDR132C	YPL018W
YER043C	YML095C
YFR004W	YKL080W
YER086W	YFR040W
YER074W	YGL030W
YGL180W	YNL149C
YGR086C	YPR115W
YGR146C	YNL197C
YLR340W	YOL123W
YDR379W	YNL307C
YJR059W	YNR047W
YBR185C	YLR439W
YBR126C	YCR079W
YDR244W	YHR160C
YDR328C	YER012W
YER020W	YJL106W
YJL164C	YLR410W
YML065W	YPL146C
YLR166C	YLR259C
YCL024W	YMR140W
YGR135W	YML092C
YNL197C	YPL141C
YDR295C	YMR117C
YKL035W	YPL031C
YDL064W	YLR032W
YER173W	YHR079C-A
YHR001W	YML072C
YBR160W	YDR330W
YPR052C	YPR161C
YDR127W	YHR027C
YFL010C	YMR276W
YIR026C	YJL083W
YGL181W	YGR192C
YCR091W	YNR047W
YDL025C	YGR016W
YDR318W	YDR328C
YLR015W	YLR246W
YAL024C	YER109C
YGR132C	YPR152C
YBL033C	YPR172W
YDR148C	YML065W
YDL139C	YJL013C
YBR159W	YPL274W
YOL045W	YPR035W
YDR092W	YLL039C
YER127W	YIL019W
YKL203C	YOR008C
YOL054W	YPL233W
YMR117C	YOR177C
YCR091W	YMR184W
YJL058C	YLR423C
YFL026W	YPL189W
YAR019C	YLR258W
YDR388W	YOR138C
YBR072W	YPR056W
YBL084C	YKL022C
YDL153C	YDR510W
YBR238C	YKL104C
YLL019C	YOL016C
YIL016W	YML123C
YJR059W	YLR259C
YAR027W	YGR060W
YBR095C	YDL076C
YGR086C	YLL039C
YAR014C	YLR430W
YMR216C	YNL027W
YBR055C	YPR082C
YGR048W	YLL039C
YJL036W	YLR031W
YGL179C	YKL121W
YBL003C	YEL012W
YMR314W	YPR108W
YDR488C	YOR172W
YIL006W	YNL197C
YCR091W	YDR007W
YNL020C	YNL154C
YDR093W	YKL203C
YDR214W	YJL030W
YDR303C	YHR099W
YMR049C	YPL211W
YLL021W	YMR224C
YBL086C	YPL031C
YML037C	YOL113W
