YGL173C	YKL139W
YEL002C	YKL008C
YJL019W	YOL104C
YML009C	YNL284C
YMR240C	YOR308C
YDR477W	YOR027W
YIR010W	YJR009C
YMR102C	YOR174W
YLL039C	YLR113W
YDR507C	YMR086W
YKL104C	YKL211C
YDR448W	YHR058C
YLR197W	YOR078W
YGR140W	YOR156C
YHR085W	YNR053C
YAL017W	YOL045W
YGR252W	YOR290C
YCR072C	YPR016C
YMR047C	YOR160W
YLR113W	YNL236W
YJR009C	YMR186W
YER142C	YOL041C
YBR221C	YML059C
YJL052W	YOL013C
YFR004W	YFR052W
YBR191W	YFR031C-A
YDL117W	YKR009C
YBR191W	YIR010W
YCR072C	YER006W
YML005W	YNR046W
YBR103W	YCR033W
YEL034W	YIL148W
YFL007W	YLL039C
YBR159W	YIL005W
YDR448W	YOR257W
YER159C	YOL012C
YDL140C	YKL139W
YKL139W	YOL012C
YAL011W	YLR085C
YML024W	YOR096W
YJL148W	YOL041C
YGL207W	YGR116W
YDL014W	YPR143W
YHL003C	YJR010C-A
YDR100W	YJL178C
YDR060W	YOR206W
YNL125C	YNL130C
YDL148C	YDR449C
YIL046W	YML082W
YJR032W	YNL330C
YCR034W	YMR149W
YGR092W	YJL005W
YNL113W	YPR010C
YBL050W	YPL232W
YGL073W	YKL062W
YER177W	YPR152C
YBR122C	YOL027C
YIR010W	YJL065C
YHR198C	YML064C
YDL179W	YOR083W
YDR176W	YHR041C
YBR234C	YNL040W
YDL140C	YNL251C
YDR466W	YLR196W
YNL230C	YPL004C
YHR188C	YJR015W
YDL140C	YMR125W
YKL174C	YLL039C
YHR027C	YMR186W
YDR406W	YLR055C
YGL003C	YKL101W
YER021W	YOR128C
YBR202W	YDL029W
YIR033W	YLL039C
YBR095C	YNL097C
YBR126C	YDR074W
YGR224W	YLR080W
YER177W	YPR080W
YMR081C	YPL203W
YNL251C	YOR001W
YHR029C	YJL146W
YJL013C	YPL209C
YLL039C	YOR014W
YFL017W-A	YGR091W
YML063W	YNL124W
YGR103W	YMR290C
YEL039C	YLL039C
YDL134C	YOR073W
YIR010W	YLR430W
YDR190C	YGR086C
YEL002C	YML075C
YNR064C	YOL045W
YDL116W	YDR192C
YGL134W	YJL165C
YCR057C	YLR448W
YLR430W	YMR125W
YOL021C	YPR190C
YEL009C	YHR041C
YBR183W	YOL132W
YNR046W	YOL124C
YDL087C	YML049C
YDL029W	YMR109W
YIR005W	YMR240C
YBL039C	YJL138C
YDL232W	YER019C-A
YKL104C	YMR213W
YNL121C	YOL045W
YER103W	YGR192C
YGR084C	YNL175C
YER089C	YPL061W
YLR350W	YMR272C
YGR055W	YML016C
YDR331W	YDR456W
YDR145W	YMR227C
YBR155W	YJR031C
YJR022W	YNL147W
YKL161C	YPL089C
YDR280W	YPR190C
YBL003C	YER092W
YJR145C	YMR290C
YKL139W	YLR438W
YBL023C	YDR473C
YKL203C	YOR035C
YNL027W	YPL141C
YGL025C	YHR041C
YFR022W	YNL307C
YBR080C	YBR261C
YBR191W	YLR448W
YHR142W	YJL117W
YEL039C	YGL078C
YHR169W	YPR121W
YFR004W	YLR043C
YKL101W	YNR006W
YLL039C	YML063W
YDR407C	YGR166W
YLR215C	YLR386W
YCR061W	YNR066C
YFR004W	YHR098C
YCR020W-B	YMR033W
YNL075W	YNL102W
YBR103W	YDR227W
YJL014W	YLR196W
YBR170C	YKL213C
YGR116W	YLL039C
YML008C	YNL280C
YER016W	YPL269W
YBL042C	YGR055W
YER091C	YMR049C
YBR159W	YML067C
YDR080W	YGL025C
YGL245W	YOR014W
YIL019W	YNL075W
YKL018W	YLR448W
YHR206W	YIL147C
YDR142C	YPL226W
YDR060W	YLL034C
YCL056C	YDR142C
YGL246C	YNL069C
YDR142C	YGR077C
YJR145C	YNL132W
YHR197W	YLR449W
YBR150C	YOR174W
YCL054W	YKR081C
YBR274W	YLR258W
YER103W	YOR304W
YGL207W	YGR163W
YDR252W	YGR134W
YBR152W	YLL036C
YHR200W	YPL240C
YLL039C	YLR039C
YKL210W	YOR339C
YDL108W	YOR151C
YJR145C	YNL055C
YKL064W	YPL203W
YGR060W	YHR190W
YMR001C	YPL192C
YGR103W	YOR039W
YDL212W	YJR015W
YDL097C	YDR427W
YDL222C	YHR094C
YDR247W	YHL024W
YGR281W	YJR066W
YHL009C	YPL141C
YFL017W-A	YMR213W
YGL031C	YGR281W
YBR207W	YPL203W
YDR523C	YGL062W
YGR166W	YMR218C
YDL140C	YLR115W
YGL031C	YMR242C
YDL065C	YNL214W
YIL019W	YLR441C
YGL105W	YLR166C
YNL230C	YOL041C
YER036C	YPR036W
YIR010W	YOR198C
YGL031C	YML063W
YFR031C-A	YNL175C
YGL105W	YLR138W
YLL034C	YPL043W
YGR132C	YJL183W
YDR266C	YMR012W
YJL042W	YOL069W
YLR448W	YMR061W
YBR080C	YIL004C
YKR008W	YLR357W
YCR034W	YHR140W
YLR150W	YOR096W
YDR477W	YLR265C
YGR023W	YKL119C
YIL034C	YLR196W
YAL028W	YLR378C
YGL011C	YLR211C
YLR449W	YOL077C
YKL145W	YOL098C
YDR195W	YKL018W
YDR028C	YGR252W
YAR002C-A	YEL002C
YER177W	YFR017C
YDR171W	YGL120C
YER171W	YMR201C
YIL095W	YLR196W
YHL003C	YOR223W
YDL148C	YOR096W
YJL059W	YLR022C
YAL038W	YLR180W
YGR237C	YML056C
YDR330W	YGR003W
YNL131W	YOR039W
YBL003C	YGR252W
YBR221C	YFR004W
YGR121C	YHR140W
YLR258W	YPL141C
YBR025C	YJR121W
YDL140C	YGL070C
YEL034W	YPR173C
YOR106W	YPL045W
YHR027C	YLR048W
YFL039C	YLL039C
YBR289W	YMR043W
YEL017C-A	YNL194C
YGR090W	YHR148W
YFR004W	YIL109C
YPR010C	YPR016C
YJR009C	YNL250W
YJL122W	YPR017C
YEL054C	YHR197W
YGR180C	YOL045W
YLL039C	YOL081W
YKL057C	YLL039C
YGR280C	YPL110C
YDR190C	YPL240C
YGR126W	YJR084W
YDR276C	YJL117W
YAL041W	YNL298W
YKL145W	YOR259C
YIL113W	YNL138W
YJL171C	YLL039C
YDR060W	YHR066W
YIR010W	YPR129W
YBR084W	YER036C
YDL097C	YLL039C
YER090W	YJR070C
YJR109C	YKL104C
YGL173C	YLL039C
YLL034C	YLR449W
YHL030W	YHR019C
YDR307W	YKL065C
YJR046W	YML065W
YER068W	YIL038C
YER179W	YNR016C
YOR157C	YPR103W
YDL065C	YOL147C
YKL064W	YLR138W
YLL039C	YOL087C
YBR183W	YPL227C
YBR282W	YNL005C
YDR099W	YLR177W
YLR249W	YOL013C
YGR103W	YHR088W
YNL236W	YOR174W
YDL031W	YHR066W
YFR004W	YGL054C
YIR010W	YPL043W
YCR069W	YLL039C
YMR153W	YOL016C
YDL165W	YKL166C
YDL212W	YHR140W
YLR430W	YNL073W
YCL059C	YGL078C
YBR048W	YOR096W
YGR209C	YML007W
YLR278C	YLR442C
YBR234C	YLL039C
YBL003C	YDL031W
YJR009C	YKL010C
YGL245W	YLL039C
YGR252W	YMR012W
YHR169W	YHR179W
YER178W	YIR010W
YCL027W	YLR117C
YGL059W	YLR003C
YBR200W	YEL043W
YHR200W	YNL055C
YER021W	YOL018C
YLR197W	YNL132W
YAR031W	YDL054C
YBR159W	YFL062W
YJR010C-A	YKL065C
YHR077C	YIR010W
YBR207W	YER021W
YGR161C	YMR299C
YIL065C	YKR036C
YER120W	YHR027C
YIR010W	YML032C
Q0130	YLR393W
YIL033C	YNL027W
YOR117W	YPL240C
YBR136W	YPR010C
YHR001W-A	YLL039C
YBR161W	YJL014W
YDR190C	YPR152C
YKR043C	YOR117W
YCR042C	YKR002W
YGR192C	YOR117W
YDL029W	YFL039C
YDR128W	YER182W
YBR141C	YDR372C
YKL203C	YNL135C
YBR055C	YJR059W
YGR284C	YLR378C
YBR159W	YHR026W
YBR055C	YLR446W
YDL047W	YGR184C
YGR214W	YLL039C
YPL084W	YPR173C
YDR300C	YGR092W
YDL025C	YGR103W
YGL031C	YGR103W
YLR031W	YOL069W
YHR027C	YLL050C
YER049W	YLR249W
YDR477W	YMR102C
YOR027W	YPL240C
YCL059C	YNR054C
YGR060W	YML012W
YCR091W	YDL006W
YLR180W	YOR257W
YHR200W	YJL138C
YLR148W	YMR197C
YGL161C	YHR105W
YBL003C	YBR202W
YML056C	YMR061W
YLR332W	YPR138C
YMR246W	YPL206C
YBR130C	YLR274W
YHR021C	YOR117W
YDR233C	YOR117W
YIL027C	YMR149W
YEL037C	YHR200W
YDR110W	YML064C
YML065W	YPR016C
YFL039C	YKL196C
YCR020W-B	YLR321C
YKL079W	YPR049C
YJR059W	YMR081C
YIL034C	YOR181W
YBR274W	YLR152C
YMR041C	YOL100W
YEL037C	YHR027C
YHL025W	YNR023W
YNL002C	YPL141C
YBR198C	YMR227C
YJL006C	YPL240C
YBR200W	YDR306C
YDL047W	YER155C
YBR216C	YML007W
YFR024C-A	YPR081C
YLR196W	YOR206W
YBR171W	YLR292C
YGL120C	YLL019C
YKL203C	YPL249C
YDR259C	YKL071W
YGL227W	YLR377C
YIL002C	YKL166C
YNL225C	YOL091W
YDR477W	YKL079W
YKL089W	YOL054W
YOL077C	YPL211W
YKR081C	YMR049C
YGL147C	YML063W
YCL050C	YJR022W
YBL041W	YGR253C
YKR009C	YOL147C
YDR168W	YJL165C
YDR169C	YML112W
YBR188C	YLR117C
YIR010W	YNL172W
YDR171W	YPL240C
YHR094C	YKL065C
YGL059W	YOR083W
YPL210C	YPL243W
YLL039C	YPL094C
YCL059C	YDL148C
YOR341W	YPR010C
YGL127C	YLR071C
YDR206W	YOL139C
YNL014W	YOR117W
YGL190C	YML024W
YER021W	YHR200W
YIL047C	YOR212W
YNR053C	YPR016C
YBR247C	YNL075W
YMR059W	YNL135C
YIR010W	YNL064C
YJL184W	YPL174C
YGR192C	YJL052W
YDL035C	YPL087W
YHR058C	YNL236W
YKR054C	YNL118C
YAL009W	YJL176C
YJL148W	YMR269W
YDR398W	YHR084W
YBR162C	YER086W
YIR010W	YJL148W
YGL207W	YPL141C
YKR041W	YLL039C
YHR137W	YLR278C
YDL014W	YDR507C
YHR193C	YHR200W
YLR371W	YOL139C
YDR422C	YOR027W
YDR477W	YNL257C
YDR384C	YNR060W
YOR151C	YPR133C
YBR095C	YCR009C
YDR523C	YOR157C
YDR345C	YLL039C
YDL212W	YDR307W
YOR083W	YPL240C
YBR126C	YLL019C
YDR311W	YOL082W
YCR091W	YJL198W
YLL033W	YPR116W
YHR197W	YNL113W
YOL147C	YOR094W
YLR170C	YPR029C
YLR385C	YOL012C
YER155C	YPL210C
YHR088W	YMR290C
YMR258C	YNL093W
YDR301W	YOL145C
YKL013C	YNR035C
YDL140C	YOR174W
YIL109C	YML012W
YGR250C	YPL210C
YML001W	YMR231W
YJR070C	YOL100W
YLR196W	YOL041C
YFR004W	YMR226C
YER120W	YGR086C
YER105C	YLL039C
YGL222C	YNL118C
YHR033W	YOR212W
YCR093W	YDR293C
YHR089C	YJR022W
YLL011W	YML093W
YJL033W	YLR043C
YFR010W	YLR106C
YAL032C	YLR386W
YER146W	YPR184W
YBR130C	YLL039C
YER059W	YLR079W
YBR057C	YJL085W
TD(GUC)J1	YDR341C
YDR538W	YMR304W
YDL123W	YLL048C
YAL032C	YLR187W
YFR017C	YGL059W
YDR086C	YGR175C
YLL039C	YMR054W
YNL061W	YPL211W
YKR043C	YLL039C
YDL123W	YGR163W
YFL038C	YPR017C
YBR159W	YNL279W
YGL016W	YJR121W
YDR477W	YKL091C
YHL034C	YOL077C
YFR004W	YPL192C
YLL016W	YLR310C
YKL210W	YOR027W
YBR207W	YHR094C
YKL018W	YLR015W
YDR280W	YOR145C
YKL119C	YLR292C
YNL251C	YNL330C
YKL166C	YPL056C
YLL039C	YNL074C
YGL004C	YOR259C
YKL051W	YLR413W
YDL081C	YPR086W
YCR082W	YGL207W
YLL039C	YOR145C
YIR035C	YLR401C
YGR103W	YKL009W
YDR477W	YHL024W
YBR105C	YOR151C
YLR249W	YNL307C
YIL027C	YJL117W
YDR225W	YOR141C
YFR009W	YHL039W
YML001W	YPR028W
YAL021C	YDR443C
YER091C	YMR059W
YKR003W	YPR173C
YGL116W	YJL014W
YGR103W	YOR206W
YGR270W	YMR049C
YDR099W	YOR117W
YGL051W	YJL106W
YHR066W	YMR290C
YKL060C	YNL127W
YFL017W-A	YML049C
YAR019C	YPL240C
YGR142W	YMR197C
YOR206W	YPR131C
YLL039C	YLR219W
YGR295C	YMR221C
YEL009C	YOL148C
YER120W	YOR117W
YLR011W	YOR028C
YML063W	YOR096W
YFL039C	YLR337C
YKL104C	YLL039C
YML063W	YMR142C
YDL065C	YMR047C
YDL108W	YER171W
YKL060C	YOR117W
YGL147C	YMR290C
YLR313C	YLR319C
YCR091W	YNL045W
YDR190C	YIR010W
YLL034C	YPL211W
YDR021W	YNL271C
YOL045W	YOR184W
YCR081W	YNR010W
YKL101W	YMR115W
YFR004W	YKL060C
YER006W	YKL014C
YJL005W	YOL139C
YNL251C	YPL190C
YOR078W	YPR178W
YER013W	YMR125W
YJL014W	YKR054C
YCR034W	YJL222W
YBR247C	YDL060W
YBR159W	YFR004W
YDR145W	YJR060W
YLL039C	YML101C
YBL038W	YBR122C
YAL038W	YOR160W
YGL035C	YPL240C
YLL039C	YNL141W
YCR012W	YEL031W
YGL240W	YLR102C
YDR016C	YLR117C
YAR018C	YOL054W
YMR186W	YOR027W
YMR071C	YOL016C
YLR332W	YMR299C
YER047C	YER095W
YGL141W	YJR059W
YCR004C	YMR086W
YAL013W	YBR095C
YLR196W	YNR038W
YGR280C	YJL148W
YDR069C	YMR304W
YDR490C	YKL126W
YBR126C	YBR265W
YER114C	YER177W
YJL165C	YMR153W
YEL013W	YFL039C
YFL038C	YHR027C
YJL081C	YLR085C
YKL064W	YNL307C
YDR099W	YPR080W
YBR136W	YIR009W
YER171W	YMR056C
YML007W	YOR174W
YCR091W	YGL245W
YGL087C	YOL081W
YER006W	YLL034C
YFR004W	YHR200W
YDL097C	YFR004W
YCL037C	YGL014W
YFR004W	YJL052W
YCL054W	YDL014W
YFL039C	YOR117W
YAL032C	YER013W
YBL042C	YDL222C
YDR190C	YLL039C
YHR006W	YLL039C
YLL039C	YOR161C
YAL027W	YER049W
YDR473C	YPL004C
YBL103C	YJR066W
YDR119W	YGR041W
YGR132C	YNL055C
YDL029W	YLR337C
YNR053C	YOR308C
YFR052W	YGL048C
YJL138C	YOL013C
YAR002C-A	YPL227C
YGR167W	YLR330W
YCL010C	YGR252W
YGL207W	YJR089W
YDL029W	YDR523C
YGR055W	YGR121C
YMR047C	YNL078W
YDR229W	YPR152C
YDR054C	YIL046W
YCR012W	YOR117W
YHR089C	YML065W
YIL004C	YLR093C
YGL120C	YLR150W
YLL039C	YMR261C
YFL049W	YJL176C
YER120W	YFR004W
YER124C	YHR200W
YDR100W	YFR024C-A
YKL206C	YPR103W
YGL003C	YJL106W
YIL016W	YPL264C
YAL011W	YLR385C
YCR106W	YPL034W
YLL024C	YLR189C
YFR024C-A	YJL004C
YJR125C	YOR111W
YIR010W	YOR195W
YNL055C	YOR117W
YGL104C	YJL133W
YFL008W	YOL069W
YDR110W	YDR225W
YBR247C	YGR090W
YBR173C	YLR199C
YNL061W	YPL217C
YGL233W	YJL036W
YJR069C	YPL240C
YBR059C	YIL095W
YLR223C	YPR104C
YGR030C	YIR015W
YKL166C	YOR002W
YDR314C	YHR029C
YGL097W	YOL012C
YNL124W	YPL198W
YGR253C	YOR157C
YFR024C-A	YPL240C
YGL141W	YLL039C
YGL048C	YML012W
YDR022C	YJL165C
YGR090W	YOL021C
YGL250W	YLR082C
YGL011C	YGR253C
YBR052C	YGR281W
YBR231C	YOL012C
YGR103W	YOL077C
YDR171W	YPR010C
YHR027C	YOR374W
YDR407C	YMR218C
YDL134C	YGR161C
YFL017W-A	YLR298C
YBR200W	YLR362W
YDL014W	YPR152C
YDR225W	YPL043W
YGL134W	YOR178C
YGR111W	YLL039C
YCR020W-B	YGR056W
YEL017C-A	YLR292C
YDL159W	YDR356W
YFL026W	YJR066W
YDR427W	YGR067C
YJL013C	YJL030W
YNL175C	YPL043W
YHR200W	YLL039C
YMR109W	YOR181W
YDL095W	YFR004W
YLL039C	YNL103W
YGL245W	YPR152C
YDL070W	YLR227C
YFR017C	YPL203W
YDL140C	YOR124C
YDR195W	YLR115W
YIL048W	YLL039C
YIL014W	YPL240C
YKR048C	YPL209C
YLR019W	YLR310C
YLL050C	YNL138W
YJR040W	YPL240C
YER006W	YFR031C-A
YDL159W	YGR287C
YJR086W	YOR212W
YDR427W	YER021W
YHR143W-A	YIR024C
YJR122W	YNL295W
YGL120C	YGR130C
YLR315W	YML056C
YDR308C	YGL025C
YML007W	YPR152C
YHR188C	YLR088W
YER167W	YER177W
YCR057C	YLR003C
YDL224C	YIL038C
YGL127C	YPR070W
YIR010W	YJL165C
YLR150W	YML063W
YIR010W	YOR341W
YBL074C	YOR308C
YKL009W	YNL002C
YNL048W	YPL076W
YAL038W	YPR129W
YHR019C	YHR027C
YER155C	YOL087C
YJR145C	YPR144C
YGL071W	YPR052C
YER036C	YLL011W
YBR198C	YDR176W
YBR263W	YFR031C-A
YDR099W	YJL141C
YDL116W	YPL169C
YJR022W	YLL036C
YJR066W	YKL161C
YLR441C	YLR448W
YGR142W	YJR127C
YBR152W	YPR178W
YEL037C	YER021W
YER021W	YGL004C
YDR054C	YPR164W
YHR027C	YOR117W
YBR234C	YEL037C
YBL003C	YCL054W
YIL107C	YLL039C
YBL054W	YIR010W
YGL059W	YNR039C
YMR012W	YMR059W
YLL050C	YLR319C
YGR294W	YPL240C
YHR027C	YLR249W
YBL039C	YGL081W
YAL051W	YPL146C
YDR308C	YPR070W
YJL146W	YPL154C
YKR036C	YLL001W
YGR092W	YGR264C
YER164W	YOR039W
YGL189C	YML065W
YLR440C	YNL258C
YBR108W	YCR009C
YNL113W	YNL248C
YGR281W	YOR273C
YGL014W	YGL070C
YER047C	YGR140W
YKR071C	YLL039C
YER062C	YKL069W
YER092W	YLR052W
YEL002C	YOL003C
YGR060W	YKL008C
YGR270W	YNL248C
YDL183C	YPL209C
YFR004W	YKL182W
YDR265W	YOL044W
YHR088W	YPL198W
YKL009W	YPR080W
YAL032C	YNL078W
YDR477W	YHR189W
YDL218W	YGL044C
YIL142W	YJL014W
YOR070C	YOR089C
YFR004W	YNL141W
YLR330W	YNL045W
YAL038W	YHR027C
YDR301W	YMR033W
YAL021C	YGL178W
YDL014W	YNL023C
YFR024C-A	YOL107W
YLL039C	YPR080W
YBR199W	YOL018C
YKL166C	YML001W
YBR105C	YIL097W
YGR086C	YMR059W
YKL068W	YPL012W
YHR179W	YMR201C
YFL050C	YOL130W
YNL138W	YNR035C
YFR004W	YHL030W
YBR126C	YDR028C
YDR283C	YLL005C
YDR331W	YHR026W
YMR186W	YNL157W
YLL039C	YPL225W
YER090W	YOR117W
YGL016W	YLL039C
YMR174C	YPL154C
YLL049W	YMR294W
YBR097W	YLR240W
YCR009C	YPR152C
YDL097C	YHR200W
YBR059C	YLR258W
YKL211C	YLL039C
YDR475C	YML016C
YFR052W	YOR181W
YMR186W	YNL186W
YHL024W	YOL100W
YHR121W	YPR152C
YCR068W	YFL062W
YKL168C	YOR335C
YCR009C	YKL203C
YBR261C	YCR007C
YGL190C	YPR154W
YGR205W	YKL168C
YIR010W	YOR096W
YLR223C	YOR039W
YLL039C	YMR280C
YHR157W	YKL166C
YBR280C	YDR328C
YHR197W	YPL043W
YDR225W	YMR125W
YBR272C	YDR363W-A
YMR191W	YOR259C
YDR260C	YOR303W
YML065W	YMR142C
YHR085W	YLR106C
YDR359C	YJL081C
YHR140W	YJL214W
YBR278W	YCL032W
YBL039C	YHR027C
YFR010W	YHL030W
YGL205W	YLL039C
YBL050W	YLR093C
YDR247W	YIL033C
YAL017W	YCR020W-B
YER155C	YIR010W
YLL019C	YMR102C
YDR259C	YER114C
YEL009C	YFL024C
YGR140W	YPL018W
YLL039C	YLR305C
YJR084W	YOL117W
YHR200W	YOR176W
YGR133W	YOL147C
YHR134W	YLL039C
YBR072W	YLL039C
YBR108W	YIL095W
YFR004W	YLR448W
YKL009W	YOL077C
YKR048C	YPR086W
YJL138C	YNL106C
YHR190W	YHR200W
YMR227C	YNL027W
YLL039C	YLR260W
YMR186W	YNR031C
YGL105W	YPL209C
YKL171W	YPL240C
YGR253C	YPR103W
YCR042C	YNL222W
YFR004W	YOR280C
YCL059C	YGR090W
YGL173C	YNL147W
YHR169W	YLR249W
YLL039C	YMR275C
YHR152W	YJL138C
YIL149C	YNL135C
YBR247C	YOR145C
YDR206W	YPR129W
YDL203C	YDR247W
YGR052W	YNL076W
YBR086C	YNL194C
YCR030C	YGR241C
YFR050C	YPR103W
YJL153C	YOR120W
YBL015W	YJR035W
YDR247W	YGL208W
YLR115W	YPR107C
YMR172W	YOR039W
YML024W	YPR144C
YKR081C	YLL034C
YJR110W	YOL054W
YDR245W	YJL183W
YDR179C	YDR328C
YIL095W	YPR152C
YDR427W	YMR191W
YGR232W	YHR027C
YKL209C	YLR292C
YJL183W	YPL094C
YGR031W	YIL107C
YBR234C	YDL029W
YDR277C	YJR090C
YIR010W	YPR163C
YDL140C	YOR117W
YER029C	YMR213W
YKL071W	YPL157W
YLR196W	YPR152C
YBR225W	YNL307C
YDR060W	YJL033W
YLR337C	YNL084C
YLR258W	YOL100W
YLR448W	YML063W
YBR234C	YLR337C
YDL134C	YDR523C
YJL148W	YMR239C
YBR273C	YLL039C
YDR466W	YOL082W
YER089C	YFR004W
YJL094C	YLL039C
YOR327C	YPL232W
YBR158W	YGR163W
YDR507C	YHR088W
YKL145W	YOL117W
YKL145W	YMR001C
YJL122W	YPR016C
YDL029W	YOR259C
YBL049W	YHL010C
YER013W	YLR117C
YOR257W	YOR259C
YIL105C	YKL051W
YDL111C	YOL021C
YGR252W	YHR008C
YDR100W	YML110C
YHR018C	YPL240C
YER021W	YKR101W
YDR301W	YGL044C
YFR024C-A	YMR259C
YBR200W	YNR071C
YOR110W	YPL007C
YJL033W	YLR150W
YDL209C	YNL307C
YDR398W	YJR070C
YMR111C	YPL240C
YIL109C	YJR059W
YDL031W	YOR206W
YBR167C	YIR015W
YDL115C	YOR151C
YDR145W	YGL112C
YDR145W	YNR010W
YDR077W	YOR330C
YJR066W	YLR378C
YBL011W	YNL307C
YLL036C	YOR308C
YDL077C	YML001W
YHR094C	YLR332W
YDR092W	YGL087C
YCR073W-A	YGL059W
YHR027C	YKR043C
YDR171W	YOR181W
YFR004W	YMR219W
YDL209C	YLR117C
YDL222C	YIL105C
YDL014W	YDR117C
YLR113W	YML127W
YBL041W	YER105C
YIR010W	YOR004W
YBL054W	YNL118C
YDL014W	YDR449C
YLR386W	YNR016C
YLL039C	YNL326C
YDR368W	YFR004W
YGL035C	YKL074C
YJL004C	YJR022W
YDR477W	YJR111C
YDR507C	YPR083W
YIL062C	YKL013C
YGL127C	YOR128C
YBL003C	YGL227W
YGR130C	YJL165C
YLR166C	YPL004C
YLR131C	YNL135C
YIR024C	YNL118C
YJL117W	YPL264C
YGL112C	YPR070W
YDR195W	YJL033W
YAL021C	YDR190C
YLR310C	YPL100W
YGL116W	YIL142W
YDL095W	YHR200W
YDR473C	YER146W
YDR171W	YOR151C
YBL087C	YGL227W
YJL036W	YOR132W
YHR200W	YLR438W
YIL105C	YLR332W
YER178W	YLR166C
YMR001C	YNL175C
YBR055C	YOR308C
YDL031W	YHR197W
YPL201C	YPR036W
YGR214W	YHR200W
YNL027W	YNL307C
YKL148C	YOL071W
YBR167C	YDR478W
YDL199C	YMR243C
YER042W	YIR037W
YLR113W	YOR198C
YBL015W	YLL039C
YGR130C	YOR273C
YFR022W	YJR010C-A
YGL070C	YPR093C
YGR281W	YKL203C
YDR168W	YOR027W
YDL006W	YPL141C
YGL141W	YKR064W
YDR477W	YNL218W
YAL032C	YJL103C
YDL060W	YIL095W
YEL034W	YKL047W
YNL258C	YOR075W
YBR274W	YOL012C
YDR277C	YJR022W
YLR148W	YPL045W
YDR142C	YJL014W
YCR084C	YDR308C
YBR274W	YDR516C
YDR301W	YNL222W
YFR004W	YJL055W
YKL203C	YMR104C
YJL222W	YKL065C
YKR048C	YLR410W
YNL132W	YPL217C
YLR131C	YPR086W
YEL023C	YJR022W
YDR422C	YER029C
YCR057C	YML024W
YGR080W	YKL007W
YAR031W	YGL053W
YGR284C	YPL218W
YDR060W	YOL041C
YOR119C	YOR198C
YIL019W	YOR096W
YER016W	YER177W
YFR021W	YNL242W
YFR031C-A	YJL191W
YLR117C	YPR152C
YMR049C	YPR016C
YGR092W	YJR142W
YKL008C	YMR298W
YHL023C	YNL307C
YGR245C	YLR448W
YBL075C	YLR310C
YJR102C	YMR077C
YGR060W	YML075C
YCL037C	YGL178W
YER120W	YML065W
YER039C	YGL070C
YKR008W	YLR033W
YIL142W	YNL317W
YIL113W	YKL161C
YAR019C	YCR091W
YJR009C	YML065W
YDL029W	YOR117W
YOL137W	YPL240C
YDR280W	YNL248C
YDL140C	YDR463W
YKL171W	YNL027W
YGR275W	YKR008W
YER036C	YLR249W
YNR033W	YOL045W
YHR001W	YOR273C
YCL037C	YIR010W
YLR150W	YOL068C
YCL054W	YMR290C
YBL045C	YFR004W
YER155C	YPL240C
YDL117W	YER177W
YEL037C	YHL030W
YDR463W	YJR090C
YKL093W	YKL166C
YBR065C	YLR117C
YGR091W	YHR034C
YIL027C	YMR112C
YGL256W	YNL307C
YDL047W	YNR016C
YDR100W	YPL100W
YDR363W-A	YKL145W
YHR200W	YOR341W
YBR105C	YPR010C
YDL065C	YKL189W
YDR155C	YNL330C
YAL032C	YOR023C
YDR473C	YLL036C
YGL120C	YHR121W
YDR276C	YEL002C
YNL112W	YPR152C
YIL036W	YNL094W
YKR009C	YPL209C
YGR081C	YPL240C
YCR030C	YIL095W
YLR150W	YOL012C
YKR008W	YMR125W
YDR153C	YHR108W
YCR057C	YPL240C
YGR090W	YPL266W
YGL021W	YLL015W
YAL032C	YDR448W
YHR193C	YKR081C
YBR183W	YJL117W
YHR088W	YNL002C
YOL041C	YOR287C
YLR276C	YMR049C
YDR356W	YLL003W
YBL003C	YHR193C
YFL014W	YNL312W
YDL239C	YDR520C
YCR034W	YNL048W
YCR106W	YGL247W
YBR182C	YMR172W
YDL060W	YOL041C
YLL039C	YOR329C
YFR010W	YJR066W
YGL173C	YGR086C
YBR025C	YBR198C
YER036C	YOR117W
YHR019C	YKL010C
YER042W	YFR004W
YCL052C	YHR140W
YFR004W	YFR044C
YCR093W	YIR010W
YGL004C	YIL007C
YGL173C	YMR076C
YLL024C	YLL039C
YIL033C	YKL166C
YFL039C	YLR319C
YDR328C	YJR090C
YCR034W	YEL017C-A
YGR284C	YML016C
YER054C	YKL166C
YGR090W	YIL019W
YML007W	YNR010W
YER069W	YHR027C
YNL307C	YOR335C
YLR449W	YOR206W
YNL132W	YNR054C
YLL039C	YLR377C
YLR410W	YML069W
YKR081C	YLR340W
YLR306W	YPL003W
YDR473C	YER029C
YML008C	YMR015C
YLL034C	YMR142C
YKL014C	YOR206W
YER114C	YNL078W
YFL008W	YLL050C
YDR477W	YIL107C
YHR143W-A	YOR340C
YBR236C	YGR063C
YER006W	YNL061W
YML016C	YOR308C
YOR039W	YOR303W
YGL116W	YPL004C
YOR058C	YPL146C
YCR012W	YDL097C
YGR270W	YML069W
YER177W	YLR177W
YGL093W	YIL144W
YFL047W	YFR004W
YHL020C	YKL166C
YBR126C	YJR138W
YDL014W	YPR016C
YBR028C	YBR084W
YDR169C	YPR080W
YNL124W	YOR096W
YGR215W	YOL027C
YIL150C	YKL089W
YBR159W	YML123C
YKL171W	YOL104C
YER171W	YGR258C
YKR002W	YNL317W
YPL240C	YPR054W
YLL039C	YOR348C
YCR073C	YJL089W
YNL248C	YOR341W
YCR093W	YDR145W
YML007W	YMR112C
YHR195W	YLL039C
YJR104C	YNL135C
YBR054W	YLL039C
YBR247C	YPL217C
YBL003C	YOL054W
YHR018C	YLL039C
YGL233W	YGR152C
YGL147C	YGL246C
YGR284C	YHR110W
YEL054C	YML065W
YLR117C	YNL147W
YBL103C	YNL076W
YBR150C	YOL089C
YDL006W	YPL180W
YEL002C	YLR350W
YHR169W	YIR010W
YER006W	YML065W
YHL025W	YOR290C
YIR010W	YLR095C
YDR328C	YHR021C
YDL025C	YMR049C
YBR001C	YLL039C
YFR004W	YIL116W
YJR014W	YKL166C
YDR060W	YMR242C
YAL028W	YBR171W
YPL012W	YPL198W
YCR084C	YGL025C
YAL009W	YDR211W
YLR315W	YOL054W
YIL034C	YIL062C
YKR072C	YML016C
YOR273C	YPL221W
YAL017W	YOR196C
YML032C	YPL240C
YER049W	YFR004W
YDR324C	YLL011W
YGL112C	YMR227C
YDR334W	YOL012C
YDR308C	YNL236W
YDR081C	YEL037C
YDL060W	YNR054C
YDR507C	YIL010W
YDL014W	YNL132W
YGR092W	YKL140W
YBR055C	YLL036C
YGR170W	YNL264C
YPL240C	YPR128C
YEL034W	YMR012W
YDR345C	YHR027C
YDR176W	YOR023C
YOL027C	YPR166C
YFL013C	YPR133C
YJL036W	YPL201C
YLR117C	YMR125W
YDR036C	YJR101W
YKR081C	YNR053C
YBR028C	YJR082C
YGR103W	YNL124W
YCR100C	YNL307C
YHR105W	YOR292C
YDR295C	YNL250W
YMR142C	YNL069C
YMR043W	YMR227C
YLR079W	YOR039W
YMR240C	YPR094W
YCL024W	YOR141C
YBR059C	YNL027W
YGR244C	YKL101W
YDR331W	YOL003C
YGL205W	YJR059W
YPL012W	YPL266W
YLR332W	YOR014W
YAL055W	YDL065C
YAL025C	YGR103W
YJL060W	YLL039C
YER142C	YPR190C
YLR143W	YMR170C
YJL106W	YMR001C
YKL206C	YLL039C
YDL014W	YOR206W
YDR377W	YML081C-A
YFR031C-A	YNL069C
YDR449C	YGR090W
YAL011W	YGR086C
YDR380W	YLL039C
YOR124C	YOR138C
YBR243C	YGL047W
YAL011W	YDR485C
YOR145C	YPL266W
YKR072C	YMR149W
YML064C	YMR001C
YIR010W	YOR039W
YHR096C	YPR138C
YAL041W	YOL021C
YGL048C	YGL141W
YCR034W	YFL025C
YCR009C	YNL094W
YLR449W	YPL198W
YFR004W	YPL061W
YML069W	YPR052C
YBR122C	YNL005C
YOR117W	YPL061W
YJR119C	YLL039C
YFR004W	YPR035W
YEL046C	YHR200W
YHR152W	YOR369C
YGR086C	YNL073W
YFR004W	YML126C
YDL029W	YIL062C
YDR161W	YDR466W
YAL032C	YDR176W
YCL031C	YLR310C
YDL077C	YMR231W
YCR014C	YKL145W
YDR163W	YPL240C
YGL207W	YHR200W
YCR009C	YOL100W
YGL120C	YOR290C
YBR143C	YPL237W
YLL039C	YPL218W
YJL006C	YNR064C
YBR253W	YGL025C
YAL017W	YDR259C
YLR113W	YPL254W
YAL011W	YBL003C
YER006W	YHR088W
YJR145C	YPL217C
YBL038W	YOL027C
YGL207W	YLR196W
YDL159W	YLR113W
YOR117W	YPL218W
YDL140C	YDR356W
YGL025C	YLR071C
YIL016W	YPL203W
YER092W	YOR141C
YFR021W	YML059C
YGL073W	YJL141C
YGL070C	YGR186W
YBR207W	YDR284C
YER062C	YLL039C
YDR006C	YLL039C
YLR128W	YLR306W
YCR081W	YMR112C
YDL031W	YPR016C
YJR110W	YOR069W
YLR071C	YPR070W
YBL075C	YGR104C
YGL127C	YOR047C
YLR378C	YMR149W
YJL005W	YPR152C
YDL087C	YLR298C
YIL109C	YKL068W
YDR363W-A	YJR084W
YER105C	YKL057C
YCR030C	YOR181W
YGR270W	YPR190C
YAL038W	YHR169W
YJR121W	YLR052W
YKL210W	YPR080W
YDR324C	YNL132W
YLR245C	YOL111C
YKL065C	YMR149W
YHR140W	YPL076W
YML065W	YNL069C
YDR229W	YOR181W
YDR466W	YHL024W
YFR004W	YOR042W
YNL248C	YOR340C
YBL051C	YPL240C
YBR059C	YMR297W
YFR004W	YHR193C
YJR121W	YML065W
YCR057C	YDL014W
YBR127C	YJR033C
YBR188C	YGL120C
YHR200W	YLR113W
YBR191W	YGL147C
YDR177W	YPR103W
YDR485C	YFL039C
YGR214W	YPR129W
YLL036C	YLR441C
YBR159W	YGL104C
YFR024C-A	YGL104C
YAR031W	YCR030C
YDL140C	YJR110W
YDR425W	YGL161C
YBR059C	YMR004W
YAL047C	YLR212C
YBR272C	YGL004C
YOR014W	YOR073W
YDR456W	YIR022W
YDL140C	YLR015W
YDL006W	YDR507C
YDR171W	YHR121W
YCR024C-A	YLR241W
YER177W	YLR433C
YBR253W	YLR071C
YJL088W	YOR117W
YDR171W	YML065W
YGR264C	YLL039C
YDR247W	YNL295W
YDR137W	YLR039C
YBL050W	YKL196C
YIR009W	YLL036C
YLL036C	YMR125W
YDL060W	YLR150W
YLR219W	YOR181W
YBR023C	YBR180W
YBL003C	YLR449W
YDL140C	YOR166C
YHR108W	YLR170C
YGL048C	YMR001C
YBR152W	YDL030W
YBR048W	YOR117W
YDL014W	YOL077C
YLL039C	YMR080C
YML049C	YMR125W
YHR036W	YJL183W
YDR054C	YFL029C
YGR077C	YOL044W
YGL037C	YHR200W
YER164W	YGL207W
YFR031C-A	YPL043W
YLR337C	YMR109W
YBR155W	YKL101W
YBR025C	YLL039C
YCL037C	YNL251C
YGR121C	YPR138C
YAL021C	YOR027W
Q0130	YOL027C
YHR190W	YLL039C
YBR155W	YDR477W
YGL173C	YJR022W
YDR283C	YLL039C
YGL059W	YLR258W
YJR145C	YLR150W
YGL025C	YHR058C
YGL105W	YKL101W
YER089C	YLL039C
YDR300C	YFR004W
YAL042W	YJR010C-A
YML056C	YOR360C
YBL003C	YJR010C-A
YDR190C	YER092W
YGL120C	YIL033C
YGR080W	YNL138W
YCR093W	YGL014W
YHR094C	YLL039C
YNL175C	YPL211W
YPL012W	YPL217C
YKL104C	YOR151C
YDL031W	YOL077C
YGR270W	YKR008W
Q0120	YLR382C
YDR308C	YLR315W
YER006W	YGL120C
YFR031C-A	YPL198W
YGR207C	YPL217C
YBR298C	YGR041W
YDL095W	YLL039C
YBR214W	YDL047W
YBR200W	YGL233W
YDR448W	YGR142W
YLR071C	YMR112C
YHR041C	YML007W
YLL039C	YLR345W
YOR036W	YPL240C
YMR197C	YOR327C
YHR200W	YPL160W
YGL120C	YPL146C
YJL165C	YMR076C
YDR099W	YHR027C
YLL024C	YPR144C
YER171W	YOR142W
YDL134C	YDL188C
YHR041C	YPR070W
YJL191W	YMR142C
YBR132C	YPL240C
YGL112C	YGR264C
YBR126C	YCL040W
YBR198C	YML015C
YPL221W	YPR138C
YJR031C	YNL186W
YER173W	YNL290W
YGL112C	YGL120C
YGR134W	YPL268W
YGL120C	YHR088W
YGR092W	YNR006W
YCL027W	YLR330W
YAL002W	YLR148W
YCR051W	YFR004W
YPR081C	YPR154W
YDR080W	YLR093C
YKL009W	YPL211W
YBR128C	YPL240C
YBR200W	YML001W
YJL106W	YLR221C
YBR159W	YIL105C
YER139C	YJL006C
YGR043C	YNL222W
YEL017C-A	YGR284C
YEL009C	YOR174W
YLR125W	YMR030W
YLR362W	YPL201C
YBR080C	YGR209C
YLR449W	YOR340C
YDR100W	YHR094C
YCL059C	YGL120C
YBR018C	YDL134C
YKL145W	YPR080W
YLR440C	YOR075W
YBL050W	YOL018C
YDL140C	YIR010W
YLR071C	YOR151C
YBR097W	YLL039C
YHR092C	YJR066W
YDL140C	YGR063C
YGL073W	YOR178C
YDR477W	YOL069W
YDR225W	YML065W
YHR152W	YPR152C
YER060W	YJL106W
YHR200W	YOR027W
YGL233W	YJL085W
YLL039C	YOL027C
YBR170C	YFL044C
YFR004W	YIL041W
YDL031W	YDR060W
YBR072W	YLL024C
YBR274W	YKL210W
YDR247W	YIL154C
YIR010W	YOL094C
YEL058W	YNL218W
YMR049C	YOR206W
YHR027C	YOR375C
YER171W	YFR009W
YDR293C	YGR092W
YBR231C	YLR385C
YLR048W	YPR035W
YBL075C	YOR027W
YER177W	YNL330C
YDR075W	YJL014W
YBR143C	YJL016W
YIR010W	YOR206W
YER164W	YLL039C
YBR289W	YOR290C
YDR060W	YPL012W
YJL176C	YOR290C
YDR006C	YFR004W
YDR060W	YOL077C
YLR241W	YNR060W
YGL120C	YGR090W
YGR209C	YHR152W
YML012W	YNL307C
YLL039C	YLR047C
YHR206W	YNL027W
YBR191W	YLR287C-A
YIL109C	YKL171W
YGR270W	YLR197W
YFL039C	YOR367W
YPR144C	YPR163C
YOL041C	YPL198W
YHR084W	YLR180W
YOL016C	YOL100W
YBR080C	YOR036W
YDL232W	YEL002C
YNL248C	YPR178W
YDR453C	YGR185C
YDR051C	YLR024C
YHR200W	YLR109W
YGL025C	YNR010W
YBR152W	YOR308C
YGL173C	YPL109C
YGR130C	YPL004C
YOR069W	YOR132W
YHR084W	YPR080W
YJL141C	YJR059W
YBR234C	YLR241W
YGL003C	YKR048C
YJR090C	YOR344C
YLR148W	YOR323C
YAL032C	YGL120C
YBL056W	YBR247C
YDR074W	YER178W
YGL003C	YGL116W
YHR200W	YMR012W
YBR080C	YNL015W
YDR345C	YKL203C
YBR179C	YDR142C
YAL060W	YLL039C
YDR477W	YPR143W
YML069W	YOL054W
YJR148W	YLL039C
YKL189W	YMR303C
YBR082C	YPL269W
YGR086C	YMR086W
YJR022W	YNL118C
YIL149C	YNL225C
YGR116W	YML069W
YGL048C	YHR200W
YHL030W	YHR200W
YDR190C	YDR485C
YBL074C	YDR283C
YGR086C	YPR152C
YOR113W	YPL203W
YIL027C	YLR350W
YDR229W	YMR001C
YFR004W	YNL135C
YNL330C	YOR083W
YEL037C	YGL048C
YGR250C	YJL052W
YDL160C	YGL178W
YER143W	YOR327C
YGL127C	YOR174W
YLR287C-A	YLR448W
YGR104C	YNR010W
YDL014W	YLL011W
YDR145W	YGL013C
YDR080W	YOR106W
YMR242C	YNL175C
YER120W	YMR049C
YBR247C	YML063W
YMR259C	YOR042W
YER146W	YLR117C
YDR211W	YPL140C
YLL039C	YOR027W
YAR028W	YBR159W
YJL166W	YLL039C
YNL132W	YOR096W
YBR083W	YKL126W
YGL127C	YNL236W
YBL003C	YKL089W
YAL042W	YML067C
YFR004W	YGL078C
YBR055C	YFL017W-A
YER006W	YPL146C
YDR171W	YPR035W
YDL047W	YKL080W
YNL069C	YPL143W
YDR324C	YPL266W
YKR081C	YLR276C
YGL048C	YMR191W
YDR293C	YPR152C
YHR066W	YLR325C
YFR052W	YHL030W
YCL010C	YDR448W
YLL039C	YLR454W
YHR110W	YKL065C
YDR016C	YKL052C
YBL017C	YDL097C
YDR301W	YKL018W
YFL039C	YFR004W
YKL203C	YNL076W
YHR121W	YPL240C
YDL239C	YPL240C
YBR130C	YLR196W
YMR109W	YNL307C
YDL239C	YNL225C
YDR059C	YPR103W
YDR100W	YHR105W
YCL059C	YLL011W
YGL120C	YGR270W
YMR242C	YNL002C
YAL032C	YJL149W
YLL034C	YLR039C
YLL015W	YLL039C
YER095W	YOR151C
YBL102W	YLL039C
YLR355C	YOR117W
YBR126C	YOR089C
YBR239C	YFR024C-A
YML063W	YPL012W
YGL112C	YML007W
YNR046W	YPR054W
YLR071C	YNL236W
YAL021C	YMR124W
YBR253W	YPR070W
YBR054W	YHR072W
YCR072C	YML093W
YGR270W	YML127W
YDR118W	YGL240W
YHR200W	YKR039W
YKL161C	YNL027W
YMR068W	YOR181W
YHR200W	YJL014W
YIL085C	YJL019W
YLL039C	YOL145C
YEL037C	YLL050C
YMR294W	YOL069W
YGR090W	YPL012W
YBR176W	YOR119C
YDR283C	YGL190C
YCR014C	YHR027C
YFR004W	YOL109W
YGL145W	YNL258C
YDL031W	YNL002C
YBR270C	YJR059W
YIL095W	YLR337C
YDL047W	YOL018C
YBL023C	YDR099W
YBR127C	YLR088W
YGL105W	YGR092W
YBR086C	YJL106W
YHR069C	YOR076C
YOL148C	YPL254W
YIR010W	YLR033W
YIL125W	YLL039C
YHR089C	YNL124W
YBL041W	YDL188C
YKL065C	YML123C
YDR060W	YIR010W
YER177W	YLR403W
YDR086C	YLR378C
YHR142W	YIL016W
YER027C	YOL136C
YHR088W	YHR197W
YBL039C	YJL030W
YLR427W	YOL041C
YBL103C	YNR023W
YCR084C	YNL167C
YMR049C	YPR008W
YMR047C	YPL169C
YDR060W	YGL120C
YBR095C	YML065W
YDL212W	YEL002C
YAL028W	YMR186W
YIL019W	YNL132W
YLL039C	YPL234C
YBR034C	YHR027C
YDR265W	YOL147C
YLL039C	YOR223W
YER059W	YMR311C
YKL051W	YML016C
YER029C	YNL147W
YLL039C	YLR320W
YER091C	YOR117W
YAL054C	YLL039C
YDL222C	YGR121C
YGR142W	YOL018C
YFR024C-A	YMR109W
YLL062C	YOL143C
YDL134C	YGL190C
YDR118W	YNL172W
YOL041C	YOR208W
YDL030W	YPL146C
YJR036C	YLL039C
YJR010C-A	YPL227C
YDL140C	YDR359C
YLR353W	YOR301W
YDL054C	YGR174C
YKL211C	YLR180W
YBR114W	YIR009W
YLR324W	YPR028W
YBR055C	YDR283C
YLR106C	YMR012W
YAL028W	YNL298W
YLL024C	YML088W
YHR096C	YJR066W
YAL048C	YLL039C
YJR025C	YPR054W
YAL051W	YLR197W
YBL003C	YJL081C
YHR027C	YML063W
YKL010C	YLL036C
YDR099W	YLR345W
YHR200W	YPR074C
YJL165C	YPR013C
YDL135C	YPL141C
YGR103W	YML065W
YAL027W	YML095C
YDL195W	YIL004C
YLR197W	YPR178W
YLL039C	YML049C
YGR067C	YPL240C
YFR004W	YFR050C
YAL059W	YMR124W
YKL145W	YLL039C
YBR048W	YDL014W
YGL004C	YOR117W
YBR182C	YPL089C
YGR052W	YJL105W
YFR004W	YNL281W
YIL011W	YMR201C
YNL061W	YOR206W
YLR087C	YPL240C
YLL039C	YOR042W
YBR059C	YGL059W
YDL148C	YML093W
YLL039C	YMR115W
YER008C	YPR055W
YFR002W	YMR153W
YGR207C	YOR018W
YBR200W	YMR197C
YBR210W	YGL207W
YLR048W	YLR274W
YJR059W	YLL038C
YBR034C	YHR089C
YGR086C	YHR027C
YCL024W	YKR048C
YNR071C	YPL240C
YBL055C	YDR280W
YBR173C	YOR157C
YCL059C	YHR148W
YHL030W	YPR103W
YML064C	YMR246W
YLL040C	YLR180W
YLR355C	YLR442C
YBL003C	YGL207W
YHL025W	YMR033W
YDR155C	YLL039C
YHR027C	YNR043W
YKL126W	YNL106C
YDR128W	YGL205W
YBR084W	YLR340W
YDL161W	YLL039C
YDL140C	YGL207W
YKL104C	YLL040C
YDL014W	YGR090W
YDR449C	YLR441C
YIL149C	YLL015W
YBR214W	YBR243C
YJL069C	YOR059C
YBR273C	YDR411C
YFL047W	YKL171W
YER142C	YOL016C
YER044C	YML008C
YBL014C	YCL048W
YNL138W	YOR122C
YDR060W	YGR270W
YDR145W	YOL148C
YHR097C	YLL039C
YDR177W	YKL210W
YGL213C	YOR076C
YLL039C	YMR061W
YGR270W	YMR033W
YDL161W	YLR116W
YDR078C	YHL006C
YGR092W	YKL211C
YDR110W	YML065W
YBR272C	YDL097C
YJR109C	YKL182W
YBR055C	YBR149W
YCR009C	YPL140C
YGL011C	YHR200W
YGL112C	YGR252W
YDR283C	YJR043C
YJL005W	YNL138W
YER021W	YLL039C
YGL011C	YIL099W
YBR082C	YFR004W
YJL052W	YLR144C
YHR134W	YPL269W
YFR004W	YGR253C
YDL123W	YLL039C
YAL028W	YKL171W
YDL025C	YOR177C
YBR291C	YLR435W
YGR092W	YOL143C
YLR315W	YOR023C
YDR477W	YGR252W
YBR084W	YML063W
YBR052C	YLL024C
YGR103W	YPR017C
YFL016C	YKL171W
YOL072W	YPR080W
YMR047C	YNR053C
YLR433C	YML057W
YML065W	YOR096W
YDR205W	YKL221W
YHR077C	YIR009W
YOR096W	YPR144C
YHL025W	YJL176C
YCL067C	YCR084C
YGR056W	YLR321C
YGR270W	YIR010W
YGR245C	YPL146C
YGR104C	YMR112C
YGL112C	YLR055C
YHR200W	YKL145W
YDR195W	YNL317W
YHR027C	YPR074C
YNL069C	YOR096W
YBL087C	YPL211W
YKL009W	YOR206W
YBR234C	YER090W
YFL039C	YLR274W
YCR072C	YJL122W
YER104W	YNL312W
YDR099W	YNL199C
YDR448W	YOR290C
YKL145W	YPR152C
YLR357W	YMR033W
YGR295C	YKL004W
YBR048W	YGR090W
YDL004W	YJR121W
YDR247W	YGL207W
YKL150W	YNL121C
YDR225W	YML069W
YGR277C	YLL061W
YEL023C	YMR104C
YML049C	YPR152C
YGR130C	YOR181W
YDL014W	YOR096W
YHR027C	YMR246W
YCR082W	YOR023C
YFL050C	YJR059W
YDL030W	YDR485C
YHR200W	YLR043C
YDR411C	YML013W
YGL240W	YKR048C
YLR082C	YOL138C
YCR093W	YDR443C
YLR197W	YMR304W
YER050C	YOL027C
YPL141C	YPL201C
YEL054C	YGR245C
YGR286C	YMR070W
YGR055W	YPL240C
YMR142C	YNL061W
YBL045C	YHR027C
YAL042W	YLL039C
YJR050W	YLR117C
YML007W	YNL236W
YGL105W	YPL240C
YHR200W	YLL050C
YHR169W	YPR080W
YER146W	YFL017W-A
YDL116W	YKL186C
YER021W	YGL048C
YBL023C	YLL039C
YBR207W	YIL047C
YPL004C	YPL164C
YDR145W	YER029C
YBR170C	YML013W
YLR136C	YNL230C
YKL150W	YLR166C
YER006W	YLR325C
YER093C	YKL126W
YDL030W	YPR152C
TR(UCU)M2	YDR341C
YAR019C	YGR092W
YDL138W	YDR277C
YDR506C	YJR010C-A
YLL039C	YLR356W
YGR250C	YML056C
YLR438W	YPL240C
YBL023C	YJR046W
YIL066C	YKL011C
YHR143W-A	YPR093C
YMR149W	YNR055C
YCR084C	YLL039C
YDR490C	YPL240C
YBR221C	YCR079W
YBR200W	YGL116W
YKL093W	YNL307C
YDR356W	YMR001C
YKL080W	YMR054W
YGR090W	YLL039C
YDL095W	YOL013C
YAL062W	YOR375C
YFR004W	YGL037C
YDL159W	YIL113W
YML069W	YOR039W
YBR108W	YJL165C
YKL011C	YMR201C
YDR478W	YLL033W
YDL077C	YNL147W
YGL245W	YPL141C
YDR443C	YML007W
YGR090W	YPL146C
YMR290C	YOL077C
YFR050C	YJL047C
YLR441C	YML063W
YCL054W	YPL211W
YJL033W	YLR340W
YFR004W	YFR009W
YML056C	YPR152C
YDL134C	YOR176W
YDR099W	YER027C
YJL089W	YMR280C
YJR125C	YPR029C
YLR449W	YMR049C
YDR119W	YJL178C
YKL213C	YMR067C
YBR059C	YOR054C
YDL005C	YDR443C
YGR198W	YLL039C
YMR086W	YPL004C
YAL021C	YIR010W
YHR088W	YNL061W
YAL041W	YPR129W
YML065W	YOL077C
YDR478W	YGR030C
YDL232W	YOL132W
YDR307W	YJL091C
YBR198C	YPL254W
YJL081C	YKL104C
YGR245C	YNR053C
YGR063C	YML095C
YNL081C	YOL027C
YCL059C	YMR047C
YER139C	YGL070C
YBL106C	YFL013C
YBR199W	YLL039C
YDR427W	YHL030W
YDR443C	YNL236W
YDR456W	YJL044C
YDR307W	YER026C
YLR106C	YLR180W
YEL013W	YOR106W
YDR227W	YMR219W
YDR423C	YLR109W
YNL055C	YNL157W
YEL054C	YGL120C
YDL029W	YJR065C
YCL032W	YDR507C
YCR023C	YJR059W
YCR072C	YNR053C
YDR145W	YLR055C
YLL039C	YML112W
YDR086C	YFR004W
YKL034W	YLL039C
YDR448W	YLR113W
YKL139W	YLR196W
YMR052W	YNL127W
YDL212W	YDR276C
YJR059W	YOR113W
YDL134C	YMR028W
YMR287C	YPL240C
YCR030C	YGR130C
YDR328C	YNL093W
YHR200W	YPR118W
YPL004C	YPR173C
YGR103W	YMR076C
YHR200W	YMR226C
YLR448W	YML065W
YER177W	YIR010W
YDR111C	YEL030W
YMR047C	YOR206W
YJL069C	YOR078W
YER164W	YMR125W
YIL016W	YPL076W
YGL059W	YPL203W
YIL033C	YKL048C
YMR049C	YNL230C
YBR055C	YOR120W
YNR054C	YPL217C
YMR153W	YPL004C
YKL018W	YLL039C
YDR100W	YLR108C
YER006W	YMR047C
YFL029C	YPR054W
YJR059W	YNR039C
YER006W	YKL009W
YER155C	YKL203C
YDL140C	YML088W
YMR280C	YOR047C
YCR033W	YOL068C
YIL105C	YNL307C
YDR099W	YHR200W
YCR034W	YEL002C
YHR066W	YNL061W
YLR131C	YOR185C
YIR009W	YML049C
YAL062W	YGL070C
YDR397C	YER159C
YHR034C	YPL240C
YBR055C	YBR152W
YDR411C	YJL106W
YCR089W	YNR044W
YOR227W	YPR152C
YHR200W	YOR298C-A
YCR004C	YFR004W
YDR449C	YLR197W
YDR448W	YER164W
YHR200W	YPL226W
YHR088W	YMR242C
YLL039C	YNL014W
YKL171W	YNL167C
YDL029W	YKL104C
YGR206W	YLL039C
YDR301W	YPR107C
YGL059W	YJR049C
YBR253W	YPR086W
YDR059C	YPR093C
YDR356W	YIL144W
YER171W	YMR012W
YGR281W	YLR447C
YBR127C	YFL039C
YLR071C	YOL148C
YGR270W	YJL167W
YJR059W	YOR028C
YFR036W	YNL172W
YLR150W	YPL245W
YER029C	YLR220W
YLL039C	YOR341W
YNL175C	YPR016C
YER093C	YMR068W
YDL223C	YFR004W
YFR021W	YPL258C
YKL013C	YOR181W
YAL049C	YDL025C
YAL041W	YKL203C
YHR197W	YMR290C
YBR143C	YPR010C
YIL071C	YMR025W
YDR427W	YGL048C
YER142C	YGR090W
YJL091C	YPL240C
YHL009C	YPL018W
YMR071C	YOL018C
YIL050W	YML065W
YDR122W	YML065W
YFR052W	YGL078C
YDR477W	YNL236W
YLR243W	YOR258W
YBR221C	YLR166C
YBL003C	YLR022C
YDL116W	YJL117W
YJL029C	YLL039C
YMR059W	YNL014W
YFR002W	YKL057C
YDR427W	YIL066C
YGL127C	YGR104C
YEL037C	YER143W
YFR004W	YJL060W
YJL033W	YLR115W
YGR175C	YMR015C
YDR284C	YLL039C
YCR073W-A	YDR247W
YLR333C	YML056C
YKL014C	YNL132W
YBR191W	YFR004W
YPL249C	YPR154W
YGR060W	YIL027C
YJL106W	YNL312W
YBR247C	YDR449C
YDR427W	YFR052W
YFR052W	YOR117W
YIL147C	YNR031C
YKL112W	YOR039W
YML065W	YPR166C
YDR328C	YPL240C
YDR284C	YPR079W
YBR103W	YOL068C
YKL101W	YOR141C
YER143W	YHR027C
YDL065C	YMR163C
YER040W	YNL103W
YBR253W	YGL127C
YGL120C	YLR022C
YCR067C	YOR128C
YBL042C	YER021W
YBR274W	YLR438W
YDR099W	YLL024C
YEL013W	YPR149W
YCL055W	YGL192W
YLL039C	YOR208W
YGR252W	YLR055C
YDL160C	YPR129W
YJL157C	YMR304W
YDR265W	YNL214W
YJL138C	YLL039C
YBL087C	YHR027C
YDL188C	YHR152W
YBL087C	YFR004W
YER178W	YHR200W
YGL147C	YNL175C
YLL039C	YLR340W
YBR111C	YLR245C
YKL090W	YLL039C
YNL064C	YPL240C
YGR254W	YHR200W
YIL002C	YJL083W
YDR324C	YIL019W
YBR028C	YER015W
YAL038W	YER171W
YAL062W	YIL033C
YHR070W	YNL138W
YFR010W	YHR200W
YGL104C	YPL076W
YFR004W	YIL142W
YDR507C	YGL187C
YFR004W	YOL016C
YER086W	YJR109C
YLL039C	YPL001W
YAL011W	YBR231C
YDR074W	YHR200W
YLR131C	YMR304W
YFL026W	YGL089C
YJL141C	YNL014W
YGR254W	YPR152C
YNL009W	YOR089C
YAL038W	YNL307C
YDL025C	YGR090W
YML007W	YPL254W
YDR097C	YLR234W
YDR255C	YIL097W
YIR010W	YPL231W
YNL132W	YOR078W
YBL039C	YOR151C
YGL120C	YHR089C
YBR188C	YJR050W
YDR100W	YDR141C
YBL087C	YMR290C
YDR099W	YOR298C-A
YBR221C	YDL239C
YDL079C	YJL014W
YJR015W	YOR036W
YDR283C	YGR091W
YFL038C	YMR218C
YBL106C	YIL033C
YCL040W	YHR027C
YDR192C	YFR002W
YBR130C	YBR143C
YGR081C	YGR214W
YKL139W	YNL132W
YGR091W	YPR178W
YDL031W	YPL198W
YDR427W	YLR386W
YDR099W	YJR090C
YBR249C	YGR275W
YBR159W	YJR010C-A
YGL223C	YIL004C
YLL039C	YPL006W
YCR093W	YHR206W
YBR155W	YLR355C
YGR167W	YJL006C
YER068W	YIR010W
YMR201C	YNL312W
YBR158W	YML064C
YBR059C	YIL160C
YBR128C	YPL120W
YGL173C	YJL141C
YBL003C	YHR089C
YFL008W	YJR065C
YDL095W	YPL226W
YDR331W	YKL008C
YLL024C	YLR357W
YHR027C	YIL078W
YBL050W	YFR004W
YCR057C	YOR078W
YBR130C	YKL101W
YDR520C	YOL116W
YMR142C	YOR096W
YJR138W	YMR304W
YBR103W	YMR061W
YOL100W	YOR117W
YKL182W	YPR152C
YOL054W	YPL001W
YKL014C	YLL039C
YER016W	YOR151C
YOR011W	YPL240C
YDR060W	YKL014C
YDR099W	YML065W
YJR059W	YNL045W
YHR066W	YOR206W
YFR024C-A	YIR010W
YBR159W	YNL055C
YLL034C	YPL198W
YAL032C	YDL116W
YIL105C	YOR181W
YIR007W	YPR080W
YBL088C	YNL312W
YDL148C	YLR441C
YKL101W	YPR036W
YFL039C	YOR181W
YKR048C	YLR441C
YHR096C	YKL051W
YLR310C	YOR156C
YIL095W	YIR006C
YDR247W	YMR140W
YCR061W	YLL048C
YOL077C	YOL100W
YGL187C	YGL213C
YGL245W	YGR264C
YGL053W	YNL315C
YDR190C	YJL081C
YLR221C	YNR038W
YDL148C	YIL019W
YBR054W	YKR039W
YAL062W	YCR020W-B
YHL021C	YKL101W
YDR122W	YNL035C
YJL081C	YPR023C
YER171W	YMR112C
YDR050C	YLL039C
YHR065C	YIR010W
YHR121W	YPR007C
YBR225W	YPL203W
YDR028C	YDR099W
YDL006W	YKR048C
YFR004W	YGL014W
YBR002C	YHR072W
YMR197C	YOR036W
YLR350W	YML012W
YHR152W	YPL061W
YKL210W	YPL209C
YMR054W	YMR243C
YBR247C	YCR073C
YML012W	YOR054C
YER021W	YIR025W
YBL003C	YLR442C
YBR052C	YIR037W
YAL059W	YMR186W
YBR170C	YGL059W
YDR300C	YLL039C
YDR490C	YHR207C
YEL019C	YML023C
YBR034C	YDL014W
YDL115C	YGR186W
YER095W	YHR058C
YHR200W	YJL088W
YLR019W	YPR010C
YHR027C	YJL060W
YDL210W	YJL106W
YGR275W	YLR321C
YGR209C	YLR109W
YGR063C	YLR113W
YDR324C	YDR398W
YKL007W	YLR274W
YGL014W	YNL118C
YDL072C	YFR004W
YHR152W	YIL105C
YIL072W	YPR007C
YCR048W	YPL240C
YIL144W	YIR010W
YDL097C	YFR052W
YBL075C	YLR345W
YDR190C	YER100W
YLL036C	YNL147W
YLL036C	YMR213W
YGR063C	YPR133C
YDR054C	YGR140W
YMR186W	YNL281W
YDR233C	YFL038C
YHR029C	YKL018W
TL(UAA)J	YOR110W
YGR103W	YJL138C
YLL039C	YOR096W
YDR192C	YMR255W
YOR206W	YPL211W
YLR215C	YOL117W
YDR473C	YFL017W-A
YLR085C	YOL012C
YDL081C	YKL166C
YHR197W	YOR206W
YBR126C	YMR251W
YER050C	YJR031C
YDL087C	YGL173C
YBR257W	YGR030C
YBL038W	YER155C
YER062C	YNL281W
YDL014W	YDR060W
YNL093W	YOL139C
YJL176C	YMR033W
YGR148C	YML065W
YLR249W	YMR186W
YBL075C	YOR181W
YNL078W	YPL269W
YLL039C	YLR427W
YLR079W	YLR345W
YGR052W	YOR341W
YFL039C	YKL007W
YDR477W	YGL208W
YLL039C	YMR125W
YIR010W	YMR242C
YBR272C	YKL145W
YBR126C	YLR215C
YDR050C	YOR117W
YCR014C	YDR427W
YML110C	YMR071C
YFR004W	YMR015C
YBL003C	YPR008W
YNL330C	YOR039W
YGR090W	YJR145C
YHR200W	YLR180W
YFR002W	YLL024C
YHR143W-A	YIR010W
YKL104C	YLR052W
YDL140C	YOR001W
YDL030W	YDR473C
YLL039C	YLR440C
YBL056W	YMR246W
YDR485C	YNL107W
YDR490C	YGR086C
YBL003C	YOR341W
YCR081W	YNL236W
YDR145W	YOR174W
YGR192C	YGR232W
YDR328C	YMR186W
YGR092W	YOR117W
YAL041W	YOR212W
YML088W	YPL231W
YOR001W	YPL190C
YEL002C	YPL227C
YBL075C	YNL250W
YFR004W	YNL055C
YAR019C	YIL095W
YBR272C	YHR200W
YER156C	YFR004W
YDR137W	YJR059W
YLR223C	YNR023W
YHL030W	YKL145W
YLR340W	YLR441C
YEL004W	YPL264C
YMR035W	YMR150C
YER021W	YHR084W
YLR197W	YMR290C
YDL014W	YLR221C
YER054C	YGR052W
YDL209C	YLL036C
YHR197W	YMR049C
YLR106C	YNR053C
YGL173C	YPL190C
YOR181W	YPL180W
YDL140C	YEL009C
YBR171W	YKL065C
YGL227W	YJL106W
YKL203C	YMR068W
YGL035C	YMR240C
YLL063C	YMR015C
YDR361C	YER086W
YDR247W	YOL116W
YER095W	YJR109C
YML064C	YNL218W
YGR167W	YHR108W
YFR002W	YPL169C
YBR159W	YGR060W
YLR109W	YPL001W
YDR118W	YMR001C
YDL014W	YKL078W
YGR142W	YOR327C
YJR145C	YPL198W
YDR195W	YOR179C
YJL106W	YNL186W
YDL018C	YML012W
YCR026C	YLL039C
YDR411C	YJL019W
YFR031C-A	YPL143W
YER164W	YML069W
YHR172W	YLR045C
YJR041C	YMR125W
YBR143C	YPL083C
YFR052W	YOR257W
YCR072C	YDR477W
YGR052W	YMR284W
YMR242C	YOL041C
YGR284C	YLL061W
YCR093W	YDR190C
YDR171W	YNL055C
YIL153W	YLL001W
YNL147W	YOL139C
YIL144W	YPR163C
YGL207W	YIR010W
YDL116W	YMR047C
YBR208C	YOR117W
YAL032C	YKR054C
YDL188C	YOR157C
YCL052C	YJR106W
YDL175C	YFR010W
YBL003C	YGL173C
YFL024C	YJR082C
YDR517W	YPR080W
YDR141C	YGR055W
YER177W	YGL078C
YBL088C	YPL110C
YDR499W	YOR176W
YIR010W	YLR249W
YDL006W	YJL106W
YFR024C-A	YPR055W
YGL120C	YOR185C
YJL138C	YPL141C
YMR214W	YPL233W
YBR086C	YLL039C
YCR024C-A	YGR284C
YNL061W	YPL043W
YLR430W	YPR148C
YBR221C	YML065W
YJL033W	YML065W
YAR019C	YLL019C
YIL016W	YJR010C-A
YER036C	YMR242C
YDL212W	YPL094C
YFR004W	YLR441C
YLR231C	YPL203W
YLL039C	YPL169C
YAL021C	YCR093W
YKL008C	YKL146W
YOR117W	YOR375C
YOL016C	YPL203W
YJL033W	YJR145C
YCR030C	YLR332W
YAL027W	YDR507C
YGR084C	YKL003C
YCR012W	YFR004W
YDR184C	YJR022W
YLR180W	YOR151C
YDL199C	YJL004C
YJL122W	YPR152C
YER029C	YOL139C
YDR449C	YNL132W
YGL120C	YGL173C
YHR089C	YMR290C
YEL013W	YNL326C
YNL132W	YNL230C
YHR065C	YMR227C
YGL120C	YNL175C
YGR185C	YLL039C
YDR211W	YFL039C
YDL117W	YNL078W
YDL060W	YEL054C
YGR203W	YNL314W
YBR272C	YML065W
YDL115C	YGL070C
YDL006W	YLR113W
YER091C	YFR004W
YDR324C	YHR148W
YER016W	YPL209C
YCL059C	YOR287C
YBR261C	YPL069C
YMR290C	YPR016C
YER021W	YGR232W
YCR069W	YMR149W
YDR075W	YDR293C
YGR167W	YIL096C
YBR115C	YGL154C
YML008C	YOR097C
YFR031C-A	YMR142C
YAL051W	YIL036W
YBR059C	YLR377C
YFR031C-A	YLL039C
YNL107W	YOL012C
YJR102C	YLR417W
YCR057C	YNL132W
YCR057C	YLR441C
YBR183W	YKL065C
YMR012W	YOL117W
YIL027C	YMR272C
YDL222C	YKL051W
YMR071C	YNL315C
YER006W	YNL284C
YBR199W	YOL132W
YER016W	YOR156C
YDR477W	YJL103C
YBL057C	YMR276W
YLL036C	YML049C
YGL173C	YLR150W
YNL307C	YOL054W
YKL126W	YMR104C
YNL307C	YOR028C
YDR283C	YKL101W
YFL062W	YPR192W
YLL039C	YPL206C
YGR258C	YOL044W
YLR326W	YNL323W
YDR341C	YFR004W
YLR033W	YLR321C
YFL062W	YKL004W
YIR009W	YOR011W
YLR215C	YPR080W
YGL025C	YMR112C
YIR010W	YNL132W
YLL050C	YMR059W
YDR155C	YMR038C
YHL039W	YMR111C
YHR121W	YLR408C
YLL039C	YOL019W
YBL045C	YHR200W
YKL166C	YLR003C
YLL039C	YPL012W
YLL036C	YOR096W
YDL203C	YPL240C
YKL104C	YLR180W
YDL123W	YEL013W
YNL002C	YNL061W
YFR004W	YGR244C
YLR043C	YLR093C
YKL166C	YNR006W
YCR100C	YPL141C
YJL178C	YMR221C
YGR284C	YHR026W
YLR144C	YML013W
YCR081W	YDL005C
YKL126W	YPR111W
YDL031W	YPL004C
YAL059W	YBR115C
YIL034C	YLR249W
YHR089C	YPL012W
YDL140C	YER139C
YFL038C	YOR036W
YHR197W	YKL009W
YHL034C	YMR143W
YLR150W	YPL209C
YEL012W	YKL048C
YHR193C	YPR111W
YFR004W	YPL110C
YDR155C	YNL157W
YDR122W	YOL083W
YLR199C	YPR103W
YGL014W	YHR029C
YBR291C	YHR096C
YBR261C	YGL037C
YCR072C	YLR106C
YBR173C	YKR054C
YDR176W	YGR252W
YDL103C	YJL006C
YLL039C	YLR446W
YCR081W	YML007W
YGL120C	YPL081W
YAL032C	YOR156C
YFL054C	YJR059W
YNR010W	YOR174W
YBL043W	YKL089W
YJR022W	YOL140W
YNL027W	YOL100W
YCL040W	YHR200W
YHR058C	YMR112C
YGL105W	YGL245W
YER021W	YHL030W
YOL054W	YPL018W
YBR072W	YPL226W
YKL048C	YPL128C
YJL122W	YLR397C
YAL041W	YPL161C
YAL062W	YHR200W
YCL031C	YPR104C
YGR180C	YJL006C
YBR034C	YGL240W
YDL148C	YPL217C
YBR082C	YJR119C
YDL014W	YOL139C
YBR055C	YDL124W
YER047C	YOR181W
YBR143C	YOR096W
YDR499W	YIL027C
YCL059C	YPR144C
YNL093W	YOR357C
YDR054C	YDR328C
YDL212W	YOL020W
YOR141C	YPL141C
YDR192C	YOR160W
YMR197C	YOL018C
YLL024C	YMR047C
YPL018W	YPL174C
YHR066W	YPR143W
YHR169W	YPL240C
YDR100W	YOL018C
YML063W	YPR129W
YFR031C-A	YHR197W
YDR507C	YLR003C
YDR422C	YLR408C
YLL039C	YMR140W
YBL091C-A	YPL094C
YIL113W	YLL019C
YPL004C	YPR152C
YCL055W	YDR118W
YBR207W	YDR141C
YDR477W	YKR071C
YJL060W	YJL153C
YDL047W	YHR096C
YCL024W	YKR071C
YDL140C	YNL124W
YCR061W	YNL318C
YDL014W	YIL019W
YGL011C	YOR078W
YGR275W	YIR010W
YLR031W	YLR315W
YCR093W	YLL039C
YGL070C	YGR063C
YGL184C	YKL166C
YDR341C	YHR200W
YGR275W	YLR258W
YBL055C	YDL025C
YBL051C	YCR093W
YGL208W	YML007W
YGL011C	YOR157C
YBR188C	YDL209C
YFR021W	YGL190C
YGL003C	YMR001C
YHR089C	YMR239C
YGR052W	YJR066W
YLR031W	YOR357C
YCR034W	YDR456W
YAR028W	YPL264C
YHR058C	YLR223C
YDR276C	YDR331W
YDR356W	YFR002W
YBR055C	YPL004C
YLL039C	YLR093C
YCR084C	YMR012W
YGR086C	YPL004C
YJL214W	YLR093C
YDR356W	YNL225C
YHR169W	YJL138C
YBR136W	YDR097C
YFL039C	YMR109W
YER090W	YHR200W
YLR321C	YML127W
YFR004W	YIL078W
YDL212W	YML012W
YJR032W	YLL039C
YGR098C	YMR001C
YDR225W	YPR052C
YBR055C	YDR473C
YIR010W	YPR016C
YFR004W	YNL241C
YNL061W	YPL143W
YOR119C	YPR036W
YFR004W	YPL231W
YER164W	YGR270W
YFR004W	YNL112W
YGR056W	YMR047C
YDR324C	YPR144C
YJR121W	YNL315C
YNL138W	YPR152C
YLL039C	YPR055W
YDL148C	YLL011W
YGR140W	YJR060W
YDR490C	YPL004C
YBR272C	YFR004W
YDR145W	YIR021W
YML016C	YOR273C
YLR310C	YPL203W
YEL054C	YER036C
YGR191W	YLL039C
YML063W	YNL132W
YGL173C	YLL019C
YJR059W	YOR083W
YFR031C-A	YNL112W
YLR055C	YOL148C
YMR242C	YNR054C
YMR294W	YPR083W
YBR080C	YHR027C
YFR052W	YGR232W
YMR142C	YPL198W
YCR061W	YMR243C
YDL131W	YHR200W
YKL068W	YMR047C
YOL041C	YOR206W
YBL003C	YML069W
YKL018W	YMR061W
YBL074C	YER029C
YJR065C	YNR053C
YLL039C	YOR369C
YDR122W	YKL048C
YHR081W	YNL112W
YGL145W	YLL039C
YNL002C	YPL043W
YDL029W	YPR178W
YER136W	YJR035W
YFR004W	YMR012W
YDR477W	YMR001C
YIL142W	YIR010W
YCR042C	YDR301W
YBR198C	YJL014W
YBR059C	YDR247W
YNL284C	YOL027C
YBL003C	YOR206W
YBR173C	YPR103W
YDL195W	YLR150W
YKR071C	YMR304W
YDL037C	YOL138C
YDR300C	YML095C
YDR137W	YNL307C
YER105C	YPL169C
YEL037C	YOR117W
YAL021C	YIL038C
YCL059C	YCR057C
YFR024C-A	YMR253C
YBR097W	YBR128C
YLR258W	YOR178C
YFR004W	YPR062W
YIR007W	YMR186W
YEL037C	YMR276W
YER044C-A	YLR329W
YDL061C	YGR275W
YNL230C	YPL001W
YML067C	YPL234C
YFR002W	YLL039C
YDR141C	YIL048W
YBL056W	YNL250W
YCL059C	YLR441C
YDR103W	YEL023C
YFL062W	YLL039C
YKL101W	YKR048C
YJL184W	YOR117W
YCL027W	YKL092C
YDR118W	YDR477W
YMR112C	YPR070W
YGL219C	YLL039C
YOR069W	YOR181W
YOL111C	YOR164C
YMR239C	YPL190C
YHR200W	YJL191W
YBR059C	YJR059W
YDR318W	YML023C
YMR290C	YOL041C
YKR081C	YNL061W
YER139C	YJL141C
YDR054C	YNL236W
YAL025C	YHR066W
YIR009W	YLR433C
YDR345C	YJR066W
YGL120C	YNR053C
YCR093W	YJL141C
YBR191W	YOR117W
YBR127C	YLR447C
YFR010W	YHR027C
YDR036C	YGR084C
YBR130C	YIL095W
YML064C	YML078W
YKL166C	YKL171W
YDR100W	YLR393W
YGR284C	YMR272C
YDL006W	YPL161C
YJR033C	YKL080W
YKL195W	YLL039C
YBR084W	YML065W
YDL072C	YLR378C
YNL172W	YPL209C
YLL039C	YNL323W
YHR148W	YLR197W
YKL161C	YNL053W
YGL173C	YPL043W
YMR239C	YNL251C
YGL147C	YNL069C
YGR091W	YJR022W
YJR059W	YKL013C
YLL039C	YMR290C
YDR099W	YOR257W
YDR499W	YNL312W
YAL002W	YDL077C
YDL210W	YLR292C
YGR066C	YML064C
YHR027C	YPL233W
YLR340W	YML063W
YER029C	YGL120C
YDL116W	YKL057C
YBR052C	YHR094C
YLR447C	YOR047C
YDL103C	YFR004W
YNL084C	YOR181W
YCR030C	YLR337C
YFR004W	YNL064C
YIR010W	YJR121W
YNL055C	YPR010C
YDR155C	YOR290C
YCR081W	YDR308C
YIR010W	YNL102W
YDR314C	YIL105C
YLR448W	YNL124W
YIL142W	YOR212W
YDR211W	YPL237W
YHR066W	YOL077C
YDR331W	YPL076W
YJL146W	YLL039C
YMR049C	YMR242C
YBR080C	YHR200W
YIL095W	YKL062W
YIR025W	YNL172W
YOL082W	YPR049C
YGL097W	YOR304W
YDL097C	YKL145W
YBL017C	YPL154C
YDR247W	YOR028C
YCR093W	YDL224C
YDR477W	YMR290C
YER013W	YLL036C
YDR225W	YFL013C
YLR196W	YNL002C
YML007W	YMR047C
YBR127C	YDR289C
YMR012W	YNL234W
YDR225W	YLR442C
YEL002C	YER026C
YHR089C	YPR178W
YAL042W	YBR229C
YGL105W	YIR033W
YCR057C	YPR144C
YBR143C	YDR140W
YDR425W	YKL166C
YLR249W	YPR080W
YHR200W	YJL060W
YGR280C	YMR269W
YMR049C	YNL061W
YDR163W	YER013W
YFR004W	YJL014W
YGR252W	YJR059W
YBR130C	YFL039C
YDR190C	YNL107W
YIR010W	YLR357W
YDR427W	YFR004W
YFR009W	YHR200W
YLR180W	YPL140C
YBL011W	YPL209C
YGR245C	YJL122W
YKL171W	YNL307C
YFL024C	YFL039C
YDL148C	YPL012W
YLL039C	YOR304W
YCR009C	YFR004W
YCR079W	YFL018C
YGL207W	YPR052C
YHR148W	YOR145C
YDR028C	YFR004W
YDL165W	YER068W
YER029C	YJR022W
YKL196C	YLR093C
YDR334W	YJL081C
YKL166C	YPL240C
YLL039C	YOR018W
YCR091W	YDR173C
YJR082C	YPR023C
YBR048W	YNL132W
YBR231C	YNL107W
YBL003C	YNL002C
YBR273C	YJL048C
YBR072W	YDR507C
YGR268C	YOR042W
YJR032W	YPL161C
YCL054W	YNL002C
YDR225W	YDR448W
YDR195W	YLR448W
YGL190C	YJR066W
YCL024W	YKL048C
YHR200W	YIL078W
YPL141C	YPL240C
YAL011W	YDR334W
YLR295C	YPL141C
YDR312W	YGL120C
YDL014W	YNL124W
YDR007W	YLL039C
YBR108W	YGR086C
YBR274W	YKL104C
YGR090W	YNL132W
YGL120C	YNL132W
YKL166C	YLR113W
YCR079W	YLR192C
YGR187C	YNL317W
YEL050C	YOL027C
YLL039C	YNL217W
YDR225W	YMR061W
YGR207C	YLR265C
YLR355C	YML065W
YLR113W	YOL072W
YKL145W	YLR292C
YKL079W	YLR309C
YGL031C	YML065W
YLL039C	YLR172C
YDR208W	YLR227C
YOL065C	YPL240C
YML069W	YOL145C
YDR265W	YNL329C
YER146W	YJR022W
YDL025C	YDL097C
YCL067C	YMR043W
YHR108W	YJR125C
YDR171W	YMR304W
YDL201W	YFR004W
YKL141W	YLL039C
YEL034W	YOR117W
YLR055C	YMR227C
YOR117W	YPL226W
YHR121W	YIL036W
YGR084C	YJR101W
YFR004W	YMR276W
YER095W	YKL182W
YGL160W	YLL039C
YER021W	YNL075W
YDL030W	YKL089W
YGR270W	YLR033W
YHR058C	YOR151C
YHR008C	YNL295W
YHR019C	YLR180W
YDL014W	YNL061W
YLR360W	YPR079W
YBR080C	YOR106W
YCR057C	YPL266W
YBR152W	YER029C
YBR289W	YJL176C
YLR362W	YOL016C
YGL120C	YML056C
YIR010W	YNL118C
YJL055W	YLL039C
YMR290C	YPL043W
YNL307C	YOL083W
YNR026C	YPL218W
YBL075C	YMR123W
YAL030W	YOR036W
YDR422C	YER027C
YDR225W	YKR048C
YEL037C	YGL207W
YGL120C	YOR206W
YIL147C	YJR066W
YFR004W	YLR249W
YAL011W	YFL039C
YDR060W	YNL061W
YIL105C	YLL039C
YHR148W	YOR078W
YKL089W	YOL091W
YDR477W	YJL033W
YLR052W	YOR304W
YML016C	YPL221W
YDL160C	YOR308C
YJL085W	YLR166C
YGL207W	YOL145C
YER029C	YOR308C
YAR002C-A	YOR054C
YDR021W	YJL138C
YMR125W	YPR086W
YAL055W	YDR265W
YHR089C	YPL043W
YLR022C	YPL211W
YKL124W	YLL039C
YDR118W	YIR025W
YKL101W	YPL201C
YDR265W	YGR133W
YJR096W	YKL101W
YOL147C	YPL240C
YHR200W	YMR186W
YDR179W-A	YOR157C
YAL030W	YBR080C
YNL251C	YOR151C
YHR019C	YMR012W
YGR103W	YNL230C
YLL039C	YOL065C
YJL183W	YLL039C
YGR214W	YLR048W
YLL039C	YOR036W
YDL159W	YDR103W
YDL222C	YLR454W
YCR028C	YJL004C
YER086W	YLR355C
YBR068C	YHR094C
YJL138C	YOR117W
YCL037C	YML056C
YBL042C	YGR130C
YGR049W	YGR278W
YEL037C	YHR134W
YLR427W	YMR319C
YBL009W	YER155C
YHR200W	YML126C
YCL050C	YFR004W
YKR048C	YML069W
YGL048C	YGL207W
YDR060W	YHR088W
YGR192C	YLL039C
YKL009W	YPL169C
YJR154W	YPL141C
YGR055W	YHR094C
YDR195W	YFR031C-A
YLR340W	YNR053C
YDL006W	YGR052W
YDR311W	YER171W
YBR048W	YLL039C
YIL064W	YPR080W
YGL147C	YMR242C
YKR063C	YLR403W
YFL042C	YMR303C
YFR024C-A	YMR304W
YHR200W	YPR163C
YBL050W	YBR080C
YDR328C	YNL103W
YIL109C	YJL004C
YBR083W	YLL039C
YHR200W	YLR344W
YKR048C	YLL002W
YFR004W	YKR002W
YGR084C	YNL132W
YHR140W	YPL227C
YGR184C	YJL141C
YBR159W	YPL189W
YBR136W	YDR499W
YMR186W	YOR181W
YBR130C	YJL106W
YBR285W	YGR092W
YGL097W	YHR088W
YLR048W	YMR109W
YNL055C	YNL131W
YBR221C	YER178W
YJR066W	YPL249C
YKL009W	YMR290C
YNL093W	YOR089C
YHR077C	YOR076C
YBR045C	YMR001C
YCR009C	YFL039C
YCR010C	YJR040W
YFR004W	YLR150W
YBR159W	YBR298C
YHR140W	YIL023C
YDL116W	YGR192C
YHR079C-A	YNL312W
YHR085W	YKL009W
YBR059C	YHR207C
YBR274W	YNR046W
YBR208C	YLL039C
YEL031W	YLL039C
YGL021W	YNR070W
YBL003C	YOL012C
YER006W	YPL043W
YIL095W	YMR053C
YMR246W	YOL139C
YKL139W	YOL082W
YAL055W	YOL044W
YDR293C	YPL004C
YFR004W	YNL138W
YBL003C	YML112W
YPL226W	YPR152C
YEL039C	YHR195W
YNL005C	YNL284C
YDR190C	YGL097W
YHR197W	YOL077C
YCL050C	YHR200W
YER036C	YIL095W
YHR169W	YML024W
YDL030W	YOR308C
YAL059W	YNR053C
YGL120C	YIL002C
YAR002C-A	YGR284C
YGR282C	YLL039C
YGL079W	YLR408C
YHR200W	YJR137C
YER024W	YLL039C
YDL222C	YLR326W
YDL014W	YLR197W
YLR320W	YPL018W
YML012W	YMR054W
YIL027C	YOR151C
YBR298C	YDR284C
YBR024W	YBR037C
YGR092W	YKL126W
YCL024W	YNL027W
YMR049C	YNL002C
YIL135C	YJL106W
YKL065C	YLR378C
YOL100W	YPL004C
YGL105W	YGR264C
YDL188C	YJR009C
YDR069C	YOR177C
YGR167W	YGR241C
YFL049W	YHL025W
YDL188C	YMR214W
YDL195W	YHR027C
YMR213W	YPR152C
YLR448W	YNL132W
YJR145C	YML063W
YGL003C	YGL240W
YGL035C	YOL041C
YJL052W	YJR009C
YDR373W	YER177W
YKL101W	YOR335C
YAL041W	YLR340W
YGL120C	YNL224C
YHR153C	YIL073C
YIR010W	YOR340C
YGR056W	YML127W
YGR232W	YOR117W
YDR477W	YNL225C
YIL065C	YLR292C
YHL024W	YPR129W
YJL146W	YJR059W
YFL016C	YOR181W
YGL221C	YML064C
YMR239C	YNL138W
YLL039C	YOL126C
YGR277C	YPL060W
YGL059W	YHR157W
YER111C	YML069W
YDR126W	YEL002C
YLR430W	YPR080W
YBL024W	YDR247W
YFL039C	YML126C
YDR499W	YJR096W
YDL070W	YMR227C
YNL107W	YNL136W
YCR073C	YHR157W
YJR110W	YLR071C
YCR106W	YGR081C
YLR196W	YPL012W
YPL240C	YPL264C
YDR523C	YML123C
YLL039C	YNR053C
YDL095W	YJL117W
YDR190C	YER164W
YDL004W	YPL160W
YBL087C	YCL059C
YJL033W	YOL041C
YBR115C	YLL039C
YGL147C	YOR096W
YPL146C	YPL211W
YGL051W	YHR140W
YBR173C	YGL048C
YML063W	YMR242C
YOL044W	YOL147C
YLR197W	YPR143W
YFR004W	YNL208W
YFR050C	YOR157C
YCR081W	YGR104C
YLR240W	YPL120W
YHR088W	YPR143W
YLL039C	YMR292W
YDR363W-A	YOR117W
YFR004W	YLR028C
YDL047W	YIL153W
YHR152W	YNL172W
YGL037C	YGR092W
YHR001W	YKR003W
YML013W	YOL013C
YCL037C	YPL169C
YDR139C	YLR128W
YEL013W	YKL196C
YBR247C	YML024W
YMR053C	YNL307C
YMR041C	YOL045W
YBR115C	YJR145C
YFL039C	YJR065C
YLR071C	YPR086W
YHR001W	YLR332W
YIL154C	YML016C
YIR010W	YPR010C
YBL103C	YPL240C
YLR325C	YNR053C
YML065W	YNL113W
YCR057C	YJR145C
YDR328C	YNL121C
YFL007W	YFR050C
YDL148C	YER179W
YBR261C	YML042W
YLR079W	YLR113W
YDR277C	YNL073W
YER029C	YLR298C
YER062C	YPL201C
YJL167W	YOR117W
YDL060W	YHR089C
YGL014W	YOR195W
YBR159W	YJR015W
YIR005W	YPR094W
YIL144W	YNR035C
YJL191W	YML065W
YDR280W	YNL251C
YER177W	YOL013C
YFR004W	YJR109C
YDR218C	YPL161C
YBR198C	YPR190C
YGR086C	YNL230C
YDL210W	YNL279W
YBR221C	YLR345W
YDL006W	YLR148W
YIL105C	YMR068W
YJL117W	YKL008C
YDL029W	YNL271C
YLL039C	YOR039W
YLR206W	YOL111C
YJL005W	YLR310C
YHR027C	YOR303W
YKL013C	YNL138W
YLR397C	YPR017C
YGR086C	YLR079W
YGL070C	YPL203W
YJR090C	YLL050C
YGR032W	YKL203C
YKL145W	YOR257W
YFR010W	YKL145W
YGR091W	YLL036C
YKL213C	YLL039C
YBR065C	YMR186W
YDR311W	YGR258C
YCL059C	YOR078W
YDR331W	YGL051W
YGR167W	YOR181W
YHR027C	YHR098C
YBR167C	YBR257W
YBL069W	YDR100W
YGL014W	YJR025C
YDR277C	YPL240C
YDL097C	YGL004C
YAL021C	YER068W
YER146W	YPR010C
YDR427W	YHR027C
YDR060W	YGR103W
YDL061C	YGR252W
YCR082W	YLR315W
YDR176W	YDR208W
YDR448W	YML007W
YDR276C	YLL061W
YGR185C	YOR117W
YER073W	YML032C
YGR086C	YJR156C
YFL018C	YIL125W
YDR331W	YKR039W
YGL004C	YHR027C
YHR027C	YMR001C
YNL002C	YPL211W
YGL245W	YNL045W
YGR090W	YML024W
YKL010C	YML064C
YOR078W	YPL217C
YKL018W	YKR002W
YJR121W	YMR186W
YDR398W	YMR246W
YBL017C	YBR207W
YDR128W	YEL062W
YDL005C	YOR174W
YGL048C	YNL112W
YBR159W	YCR024C-A
YGL147C	YOR117W
YBR159W	YLR080W
YDR179C	YOL117W
YBR055C	YJR022W
YKL010C	YPR080W
YJR159W	YPL240C
YLR287C-A	YOL039W
YKL140W	YMR152W
YHR200W	YOR096W
YOR117W	YPR035W
YDL140C	YHR041C
YFR050C	YGR067C
YAL041W	YGL233W
YBR127C	YER036C
YJL117W	YPL240C
YMR012W	YNR053C
YLR141W	YML065W
YDR485C	YLR385C
YFR052W	YMR191W
YHR200W	YPR043W
YDR331W	YHL003C
YER073W	YFR004W
YKL182W	YLL039C
YIR010W	YPR133C
YML088W	YOR151C
YMR242C	YNL132W
YGR224W	YHR152W
YJL014W	YOR117W
YFR003C	YGR252W
YBR191W	YGL246C
YGR253C	YJR059W
YBR198C	YLL039C
YHR027C	YPL160W
YMR109W	YNR035C
YCR030C	YLR206W
YDL060W	YJR145C
YJL106W	YLR295C
YGR140W	YPL209C
YBR059C	YJR111C
YDR233C	YOR285W
YCR012W	YIR010W
YCR061W	YDL035C
YLR454W	YPL180W
YGL245W	YOR097C
YDL140C	YLR071C
YHR027C	YIL109C
YIR010W	YPL226W
YLL011W	YPR144C
YGR203W	YLR397C
YDR099W	YNL042W
YDR398W	YOR259C
YAL040C	YNL064C
YAL041W	YJR066W
YAR019C	YHR169W
YMR186W	YNL124W
YDL223C	YIL095W
YKL190W	YMR211W
YER143W	YLL039C
YHR029C	YLR287C-A
YCL032W	YDR103W
YLR441C	YOR096W
YBR261C	YHR074W
YFR004W	YKL145W
YIL027C	YML012W
YLR022C	YLR150W
YBR059C	YGL153W
YDR293C	YNL066W
YDR276C	YOR211C
YBR159W	YHR140W
YGR287C	YNR031C
YMR140W	YPL203W
YGR055W	YOR273C
YOR028C	YPL046C
YNL236W	YPL254W
YDR060W	YLR221C
YBL075C	YDR449C
YMR290C	YNL069C
YNL249C	YNR033W
YDR324C	YGL011C
YDR074W	YFR004W
YFL009W	YLL039C
YGR140W	YIR010W
YBR274W	YMR255W
YBR208C	YDL029W
YLL024C	YNL157W
YGL145W	YOR075W
YBR055C	YOR335C
YJR066W	YLR377C
YNL055C	YOR151C
YML065W	YOL041C
YFL039C	YML065W
YGR280C	YHR089C
YER036C	YJR145C
YGR055W	YMR299C
YBR247C	YNL132W
YFR052W	YKL203C
YLL001W	YLL039C
YGL059W	YKL062W
YDL014W	YLR403W
YLR071C	YNR010W
YBR054W	YPL263C
YCR057C	YNR054C
YCR072C	YNL186W
YBR023C	YER039C
YBL043W	YPL018W
YGR270W	YNL333W
YDR523C	YOR094W
YCR034W	YLL061W
YNL094W	YOR181W
YBR159W	YJL097W
YKL203C	YOR181W
YJL106W	YNL027W
YBR247C	YLR180W
YDR068W	YDR100W
YDR197W	YPL240C
YNL048W	YPR028W
YLL039C	YLR350W
YFR004W	YOR157C
YLL034C	YNL061W
YCR014C	YFR004W
YDL111C	YHR069C
YFR004W	YIL148W
YHR021C	YIR010W
YLR430W	YNL251C
YFL013C	YJL081C
YPL237W	YPR152C
YLR024C	YMR125W
YNL222W	YPR086W
YDL014W	YNL069C
YBR183W	YDL212W
YER127W	YNR054C
YDR292C	YLL039C
YLR227C	YNL225C
YDR356W	YLR212C
YGR266W	YOR181W
YFL008W	YMR076C
YCR057C	YPL143W
YER088C	YNL091W
YMR012W	YOR151C
YMR012W	YOR014W
YGR187C	YKL101W
YGL120C	YJL176C
YGR060W	YHR140W
YCL027W	YPR023C
YDR190C	YML065W
YEL037C	YFR004W
YOL077C	YPL043W
YGR130C	YMR086W
YLR045C	YMR001C
YGR180C	YHR027C
YPL240C	YPR029C
YHR019C	YPL226W
YDR059C	YHR193C
YFR004W	YLR447C
YDL047W	YKL195W
YER013W	YMR213W
YGL056C	YHR094C
YFR008W	YOR111W
YCR015C	YGR163W
YGR121C	YKL051W
YCL010C	YPL254W
YER099C	YOL069W
YLR249W	YPL266W
YDR099W	YPL110C
YLL050C	YLR039C
YKL145W	YKL210W
YDL108W	YJR092W
YDR179C	YKL168C
YDL047W	YKL203C
YHL009C	YKL101W
YGL173C	YNL175C
YDL014W	YGL213C
YBL003C	YFL024C
YDL108W	YKR071C
YDR293C	YER033C
YJR010C-A	YOR193W
YGR024C	YKL090W
YDR153C	YJL033W
YDR324C	YOR145C
YBR127C	YLL039C
YLR033W	YLR410W
YML016C	YOR181W
YNL048W	YPR128C
YCL027W	YNL075W
YBR059C	YMR250W
YDL195W	YNL112W
YLR332W	YOR273C
YER053C	YLL039C
YCL037C	YKL014C
YBL075C	YPL240C
YBR159W	YPL264C
YHR027C	YPL240C
YGR175C	YPR080W
YGR264C	YLR258W
YNL135C	YOL012C
YBR257W	YDR478W
YBL006C	YGR275W
YER155C	YIL113W
YDR247W	YGL184C
YDR103W	YLR362W
YGL048C	YPR103W
YDR507C	YOL069W
YGR086C	YOR181W
YLR430W	YMR239C
YFR004W	YLR225C
YGL207W	YGR270W
YBR273C	YPL240C
YKL182W	YOR117W
YIL033C	YPL203W
YLR033W	YLR357W
YKL018W	YNL222W
YHR169W	YJR109C
YGR056W	YGR275W
YDL030W	YIR009W
YER142C	YML056C
YBL039C	YGR252W
YLR150W	YNL112W
YLL039C	YOL082W
YDR473C	YJR022W
YML064C	YOL139C
YHR193C	YLL039C
YDL097C	YHL030W
YLR150W	YNL317W
YMR186W	YPR016C
YLR377C	YPL180W
YDR516C	YNL032W
YMR242C	YOR206W
YNL112W	YOL077C
YBL041W	YBR173C
YHR094C	YKL051W
YJL083W	YJR066W
YHR027C	YPR118W
YBL050W	YOR106W
YLR115W	YNL222W
YEL034W	YFR031C-A
YIL095W	YNR006W
YDR247W	YKL093W
YEL041W	YJR049C
YGR270W	YOR151C
YMR125W	YPR057W
YGL097W	YOL021C
YAL018C	YHR026W
YER006W	YPL198W
YBL050W	YML001W
YGL014W	YJR059W
YLL024C	YML065W
YEL030W	YIL095W
YDL209C	YGL120C
YJR066W	YLR116W
YBR285W	YCR091W
YFR043C	YPR029C
YNL147W	YOR308C
YIR010W	YML063W
YBR059C	YER177W
YJR104C	YMR038C
YKR039W	YLL039C
YBR191W	YLL039C
YDR280W	YOR001W
YER089C	YLR113W
YCL031C	YKL009W
YER021W	YFR010W
YDR227W	YNL186W
YGL053W	YOR059C
YGR185C	YHR027C
YBR188C	YMR124W
YFR004W	YPL211W
YBR080C	YFR004W
YIR010W	YKL052C
YJR035W	YOL139C
YML012W	YMR149W
YCR057C	YNR043W
YLL039C	YLR352W
YER114C	YMR124W
YJR145C	YPL081W
YHR021C	YLL039C
YER177W	YPL110C
YML016C	YOR329C
YML016C	YML106W
YHR027C	YJR065C
YGL120C	YLR117C
YBL087C	YIR010W
YIL034C	YNL138W
YBR086C	YGR142W
YJL106W	YMR284W
YBR068C	YDL212W
YHR200W	YPR010C
YLL039C	YPR079W
YDR277C	YDR456W
YDR206W	YER027C
YKL101W	YNL307C
YBL039C	YKL196C
YBR171W	YPL094C
YNL251C	YOL021C
YCR034W	YOL132W
YBR253W	YNR010W
YEL030W	YNL250W
YGL154C	YOR128C
YNL061W	YOL041C
YDL140C	YPR133C
YDL179W	YGR275W
YJR066W	YPL180W
YKL089W	YLR320W
YER164W	YGR252W
YDR523C	YLL005C
YLL039C	YNL121C
YHR197W	YKR048C
YHR019C	YMR142C
YKL009W	YOR287C
YBL087C	YJR010C-A
YBR207W	YLL039C
YER027C	YJL089W
YAR002C-A	YML012W
YKL014C	YNR038W
YGL154C	YPL240C
YLR144C	YPR154W
YGR103W	YLR340W
YML065W	YNL284C
YLR454W	YMR065W
YDL111C	YGL120C
YHL046C	YOR355W
YML065W	YOL136C
YKL196C	YMR197C
YIL105C	YPL059W
YBL003C	YBL023C
YFR004W	YLL001W
YIR010W	YPL233W
YCR012W	YHR152W
YGR060W	YLR378C
YIL078W	YNL135C
YNL125C	YPL141C
YBR282W	YNL284C
YBL074C	YBR055C
YLL024C	YNL102W
YIR010W	YJR066W
YLL039C	YMR088C
YJL033W	YLR448W
YAL059W	YNL135C
YML069W	YOL013C
YDR283C	YJR110W
YBL038W	YJL200C
YGR149W	YLL039C
YLR258W	YPR184W
YFR008W	YMR052W
YER095W	YMR186W
YJR066W	YPR149W
YDR060W	YFR031C-A
YBL045C	YML064C
YHR041C	YHR058C
YEL062W	YNL307C
YHR027C	YKL104C
YDR301W	YLR448W
YLL039C	YMR071C
YIL062C	YOR181W
YBR084W	YJR059W
YCL037C	YLL039C
YJR009C	YNL102W
YDR206W	YOR047C
YDR184C	YDR328C
YER069W	YHR121W
YGR092W	YNR046W
YBR052C	YGR055W
YDR225W	YGR252W
YCR093W	YGL048C
YNR016C	YPL240C
YGL213C	YHR069C
YML069W	YNL102W
YDR118W	YDR260C
YJR050W	YLL036C
YLL049W	YPL174C
YHL027W	YJL056C
YAL032C	YLR024C
YKL101W	YLL024C
YLL039C	YML005W
YOR141C	YPL209C
YDL199C	YPL240C
YGR090W	YOR078W
YDR050C	YPR152C
YGL116W	YGR092W
YFR052W	YHR027C
YJL172W	YLL039C
YKL013C	YMR109W
YCR081W	YGL025C
YBL039C	YOR117W
YMR149W	YPL186C
YCL066W	YMR043W
YIL034C	YNR035C
YKL014C	YMR290C
YCR084C	YGR083C
YHL036W	YPL240C
YML063W	YMR290C
YBR108W	YJL106W
YHR200W	YLR150W
YDR372C	YFR004W
YEL009C	YHR200W
YKL065C	YPR192W
YDR106W	YMR294W
YDL175C	YLR430W
YHR152W	YNL138W
YDR169C	YMR186W
YAR002C-A	YMR292W
YDR145W	YHR041C
YDL014W	YOR340C
YGL120C	YOR096W
YAL002W	YNL093W
YLR276C	YNL061W
YBR006W	YOR089C
YGR209C	YIL107C
YDL047W	YJL014W
YDR260C	YML023C
YHR094C	YPL240C
YBR097W	YLR360W
YDR328C	YLR352W
YDR448W	YLR055C
YBR234C	YML069W
YBL003C	YDR110W
YCR079W	YNL014W
YHR200W	YMR246W
YDR311W	YMR201C
YJL060W	YPL004C
YPL203W	YPR133C
YMR276W	YOR042W
YJR040W	YLL039C
YDL080C	YIL142W
YAR019C	YKL166C
YDR280W	YGR090W
YJR088C	YLL039C
YKL213C	YPR010C
YHR169W	YLR340W
YIR010W	YKL182W
YHR185C	YIL007C
YGR080W	YOR181W
YBL102W	YDR100W
YML064C	YNL333W
YDL148C	YIR010W
YML067C	YPL218W
YER111C	YLL036C
YEL013W	YJR138W
YLL034C	YOR206W
YDR080W	YPL233W
YML065W	YNL064C
YML063W	YPL198W
YHR197W	YNL002C
YGL011C	YLR249W
YBR236C	YOR151C
YJL106W	YKL140W
YMR142C	YMR242C
YGL207W	YHR035W
YFR004W	YOR335C
YOR287C	YPR178W
YGL112C	YMR061W
YLR150W	YLR330W
YGR214W	YNL124W
YAR002C-A	YHR027C
YBL054W	YDR363W-A
YBL054W	YFR010W
YDR142C	YJR012C
YGR245C	YMR242C
YFR004W	YFR010W
YAL025C	YIR010W
YGL229C	YMR181C
YLR385C	YOR174W
YBR236C	YDL140C
YBL049W	YDR255C
YER016W	YFR050C
YMR022W	YMR264W
YIR010W	YPL237W
YDR103W	YLL039C
YIR010W	YLR315W
YFL050C	YGL059W
YKL209C	YLL039C
YIL016W	YML067C
YHR172W	YMR001C
YFL050C	YLL061W
YGR295C	YPR192W
YJR084W	YPR045C
YNL222W	YPR107C
YDR507C	YEL012W
YGR060W	YPL264C
YCR093W	YGR134W
YDR247W	YJR130C
YBR183W	YIL016W
YBR108W	YNL307C
YBR059C	YFR021W
YDR225W	YGL207W
YCL010C	YGL112C
YBR200W	YNL298W
YBR159W	YDL054C
YER026C	YJR010C-A
YAL032C	YJR050W
YIL078W	YOR001W
YDL108W	YLR287C
YKR081C	YPR016C
YDR099W	YLL039C
YDR507C	YKL048C
YDR477W	YMR140W
YGR052W	YML013W
YLR448W	YNL069C
YNL307C	YOR290C
YLL039C	YPL030W
YJR056C	YJR059W
YIL107C	YJR059W
YGR192C	YPR129W
YBL017C	YJR125C
YDR141C	YHR094C
YDR295C	YJL106W
YBR280C	YNL141W
YHR069C	YHR081W
YDL248W	YFL004W
YDL029W	YKL211C
YJL082W	YLL039C
YDL060W	YOR096W
YBL003C	YHL024W
YIR010W	YNR053C
YDL014W	YGL173C
YER036C	YJL138C
YLR150W	YNR053C
YBR034C	YFR004W
YBR202W	YJR046W
YKL126W	YKL182W
YKL203C	YLL039C
YDR028C	YDR477W
YLL039C	YLR324W
YDL223C	YMR001C
YDR390C	YKR002W
YDR307W	YFL062W
YCR072C	YGR245C
YGR092W	YKL146W
YOL013C	YPL160W
YJL138C	YNL250W
YCR083W	YDR448W
YER178W	YHR027C
YLR371W	YNL127W
YJL122W	YKL009W
YDR334W	YKR072C
YLL034C	YOL077C
YGL120C	YOR252W
YGR130C	YLL039C
YGR244C	YLL039C
YCR057C	YDR324C
YGL112C	YML065W
YGL116W	YJL013C
YKR028W	YNL106C
YCR073C	YHL020C
YDL175C	YPL190C
YLL019C	YOL054W
YLR196W	YMR109W
YER021W	YGL178W
YBR059C	YOR329C
YNL002C	YNL186W
YGR063C	YML069W
YPR129W	YPR184W
YBR200W	YJL085W
YBR126C	YNL076W
YGL178W	YLL039C
YBR253W	YDR443C
YIL048W	YLR241W
YOR227W	YPL240C
YDR080W	YOR094W
YCR009C	YOR181W
YGR121C	YOR321W
YBR274W	YKL211C
YGL134W	YLR258W
YBR048W	YNR054C
YBR289W	YGL120C
YCR004C	YHR200W
YOR145C	YPL012W
YFR004W	YLR340W
YHR200W	YNL135C
YDL111C	YOR001W
YER177W	YLR310C
YKL052C	YNR031C
YKR081C	YLL039C
YFR004W	YMR242C
YDR318W	YIL144W
YDR060W	YPL141C
YMR149W	YNL125C
YKL014C	YPL043W
YDL031W	YNL061W
YIL057C	YLL039C
YDR283C	YPR178W
YBR191W	YGL014W
YGL059W	YGL105W
YHR172W	YIL149C
YDR276C	YDR307W
YBR183W	YMR149W
YAL059W	YPR152C
YKL168C	YPR035W
YGR006W	YLR433C
YDR516C	YGR092W
YLL039C	YPR149W
YGR126W	YLL039C
YER013W	YGL120C
YPL141C	YPR128C
YLR258W	YNL307C
YMR290C	YPL198W
YML063W	YNL069C
YER021W	YOR117W
YGL120C	YPR010C
YFR036W	YIR025W
YJR082C	YNL298W
YOR156C	YPL161C
YCR073W-A	YLR028C
YDL124W	YFR004W
YIR010W	YOR151C
YBR072W	YML064C
YBL049W	YIL097W
YFR004W	YKR048C
YDR449C	YLL011W
YDL095W	YGL245W
YER013W	YGR278W
YIL046W	YLL039C
YKL010C	YMR022W
YGL245W	YJL106W
YKL139W	YNL027W
YNL113W	YPR190C
YLR199C	YMR186W
YDR477W	YPL146C
YBR274W	YGL037C
YCR042C	YMR219W
YKR003W	YOR273C
YDL195W	YPR043W
YAL032C	YPR023C
YGL120C	YOL077C
YFR031C-A	YPR016C
YER062C	YHR027C
YBL056W	YBR097W
YOR191W	YPR016C
YFL039C	YIR010W
YAR018C	YOL083W
YHR136C	YJL198W
YDL014W	YDL060W
YDR060W	YEL054C
YHR088W	YOL077C
YLR430W	YPL190C
YLR321C	YNR046W
YNL236W	YNR010W
YDR155C	YML064C
YGR167W	YLR166C
YDR054C	YJL047C
YBR023C	YLR170C
YER092W	YJL141C
YDR016C	YIR010W
YDL029W	YDL047W
YLR321C	YLR345W
YLR197W	YPL012W
YDR142C	YNL214W
YBL024W	YKL101W
YLR199C	YLR249W
YDL197C	YLR442C
YJL052W	YML065W
YBR055C	YGR091W
YBR173C	YFL007W
YNR033W	YPR154W
YLR048W	YLR180W
YBR005W	YLL039C
YHR027C	YLR340W
YDR195W	YDR301W
YBR114W	YLL039C
YCR004C	YLL039C
YBL075C	YLR325C
YGR275W	YLR033W
YGR052W	YPL180W
YJR090C	YNL076W
YKL203C	YMR028W
YER036C	YOL039W
YKL101W	YNL064C
YDL060W	YPL146C
YCR020W-B	YLR033W
YGL173C	YHL034C
YDL175C	YMR125W
YDL065C	YGL153W
YMR242C	YNL069C
YEL034W	YLL039C
YKL168C	YMR140W
YLR340W	YPR016C
YJR043C	YNL102W
YDL131W	YHR027C
YFR004W	YLR410W
YOL077C	YPL198W
YLR197W	YML065W
YFL039C	YMR061W
YFR004W	YLR378C
YBL039C	YLR180W
YFR004W	YPR148C
YBL003C	YDL095W
YDR080W	YMR231W
YLR180W	YOR117W
YFR004W	YGR032W
YMR240C	YPR178W
YER040W	YKL203C
YCR079W	YOR323C
YFL026W	YKL178C
YFR004W	YGL048C
YHR027C	YJL088W
YER114C	YOR370C
YIR010W	YNL087W
YGL153W	YHR160C
YIL124W	YKL140W
YDR179C	YJR121W
YDR190C	YFL039C
YGR067C	YMR012W
YGR203W	YKL171W
YHR058C	YOR174W
YDR499W	YLR355C
YCR034W	YGR295C
YHR152W	YPL174C
YDR477W	YER024W
YJR138W	YNL307C
YDR190C	YGR091W
YGL105W	YMR280C
YBR065C	YLL036C
YKL104C	YPR010C
YHR027C	YHR169W
YER171W	YGL048C
YIL038C	YIR010W
YKL080W	YMR059W
YIL118W	YLL039C
YGR209C	YLL039C
YDR080W	YML001W
YDR205W	YNR039C
YGR052W	YKL010C
YNL172W	YPR152C
YBL075C	YER103W
YER068W	YFR004W
YLR197W	YNL061W
YJR145C	YLR441C
YDR099W	YGL003C
YLR055C	YPL254W
YFL062W	YIL016W
YNL093W	YPL240C
YDR171W	YLL024C
YDR525W-A	YLL039C
YER036C	YNL064C
YGR090W	YNL061W
YKL014C	YLR340W
YHR084W	YLR310C
YJR031C	YLL039C
YDR247W	YJL005W
YKL195W	YMR038C
YLR150W	YMR240C
YJL029C	YKR002W
YDR328C	YLL024C
YJR059W	YPR040W
YFL039C	YKL079W
YBR050C	YDR099W
YCL024W	YJR092W
YBL003C	YJR041C
YGR052W	YNL117W
YBR143C	YLR386W
YJR066W	YLR403W
YBR082C	YER068W
YIL148W	YJL138C
YGR055W	YOR322C
YGR052W	YKL203C
YFR031C-A	YIR010W
YPL189W	YPR192W
YER044C-A	YJR021C
YHR200W	YPL237W
YBR130C	YDR477W
YBR077C	YKR039W
YGR148C	YLL039C
YHR200W	YPL061W
YMR047C	YPL146C
YFL039C	YNR031C
YDL031W	YKR081C
YDR099W	YLR197W
YCR073C	YOR018W
YHR206W	YLR433C
YDL097C	YGL048C
YML057W	YNL290W
YFL039C	YHR179W
YDR477W	YOL136C
YCR073C	YPL217C
YAR019C	YML064C
YER090W	YFR004W
YML016C	YMR149W
YBR048W	YMR290C
YDR300C	YPL240C
YJL085W	YPR055W
YLL039C	YMR012W
YAL038W	YHR200W
YGR086C	YLR144C
YAR019C	YPL209C
YDR054C	YPR138C
YBR122C	YLR203C
YJL014W	YNL023C
YCR072C	YHR085W
YHR092C	YLR292C
YIL107C	YPL203W
YDL014W	YNL075W
YDR283C	YEL009C
YBR179C	YLL039C
YGR252W	YOL148C
YBR155W	YPL240C
YGR278W	YLL036C
YMR049C	YPL258C
YMR065W	YPL192C
YOL013C	YOR375C
YLR197W	YNR054C
YER105C	YKL068W
YFR052W	YIL066C
YFL017W-A	YMR240C
YFR009W	YNL186W
YHR027C	YOR369C
YAL017W	YLR258W
YLR197W	YOR096W
YBR274W	YFL039C
YHR089C	YIR010W
YLR196W	YLR410W
YBR247C	YOR096W
YDL095W	YJR009C
YDL076C	YNL097C
YDR411C	YOL013C
YHR152W	YMR181C
YHR200W	YMR242C
YFL038C	YOR370C
YKL140W	YNL001W
YJR066W	YLR108C
YNL121C	YOR008C
YGR092W	YKR041W
YDR190C	YFR004W
YCR106W	YGR140W
YDR266C	YIR010W
YDL077C	YOR089C
YGR270W	YNL290W
YDL140C	YNL222W
YDL031W	YLL034C
YDL072C	YHR027C
YDR308C	YGL127C
YBL056W	YLL039C
YBR159W	YLL039C
YLR180W	YPR152C
YDR466W	YER139C
YGR086C	YGR130C
YEL034W	YGL025C
YJL198W	YJR059W
YFR004W	YMR092C
YBR024W	YDL108W
YDL160C	YLL036C
YDL054C	YGL051W
YOL003C	YPL264C
YKL051W	YPL221W
YCR084C	YNL330C
YBR048W	YLR448W
YIL142W	YKR036C
YLR310C	YMR275C
YFR004W	YNL014W
YML007W	YOR290C
YGL250W	YMR068W
YLR320W	YOR198C
YER049W	YPL141C
YML065W	YNL075W
YHR085W	YHR197W
YDL212W	YIL027C
YLL039C	YPR103W
YJL033W	YLR197W
YER029C	YIR009W
YJR059W	YOL130W
YFR004W	YPL004C
YHR140W	YJL117W
YDR179C	YIL071C
YDR110W	YGR270W
YPL190C	YPR080W
YFL038C	YIL148W
YML075C	YPL264C
YML012W	YOR259C
YLL039C	YLR203C
YDL160C	YER068W
YCR073W-A	YJR059W
YFR031C-A	YKL009W
YLR106C	YNL002C
YLR362W	YMR186W
YBR253W	YDR308C
YLR362W	YNL064C
YER111C	YER167W
YDL210W	YDL212W
YHR081W	YOL021C
YDL081C	YLR340W
YOR001W	YOR145C
YGR104C	YLR340W
YCR020W-B	YLR357W
YBR247C	YER017C
YFR024C-A	YJR083C
YMR047C	YMR080C
YFL016C	YLR203C
YAL032C	YLR117C
YMR047C	YOR112W
YBL075C	YFR004W
YBR136W	YMR012W
YGR003W	YPL046C
YML012W	YMR272C
YFR004W	YML057W
YBR200W	YPR055W
YBR282W	YOL027C
YBR248C	YLR401C
YLR119W	YMR077C
YDR448W	YHR022C
YDR283C	YPR052C
YCL054W	YER006W
YBL106C	YNL094W
YAR028W	YDR331W
YBL003C	YER036C
YDR073W	YNR023W
YDL188C	YOR073W
YBL003C	YML127W
YBR272C	YHR027C
YKL145W	YLR378C
YAL010C	YNL131W
YHR136C	YOL138C
YDL103C	YOL045W
YBR199W	YDR384C
YFR004W	YIL118W
YGR282C	YIR010W
YDL087C	YER029C
YGR163W	YKR039W
YIR010W	YLR448W
YGR103W	YMR047C
YDR372C	YLR149C
YCR091W	YIL135C
YAL027W	YCL024W
YGR103W	YLL034C
YJR101W	YNL081C
YGR103W	YNR053C
YGL229C	YJL030W
YKL196C	YOR106W
YGL051W	YMR149W
YNL097C	YNL330C
YCR093W	YDL165W
YLR048W	YNL112W
YLR276C	YMR290C
YBR114W	YDR453C
YER164W	YIR010W
YDR423C	YIR037W
YBL003C	YLR197W
YML001W	YPL045W
YLL039C	YLR278C
YJR059W	YMR140W
YDR155C	YJR090C
YMR213W	YMR240C
YBR108W	YJR059W
YDR155C	YHR200W
YEL062W	YHL023C
YDR206W	YMR080C
YLR019W	YMR246W
YHR171W	YOR191W
YDR448W	YPL254W
YEL043W	YOR164C
YOL013C	YOR335C
YLR397C	YOL012C
YGL078C	YLR197W
YBR143C	YHR200W
YMR290C	YNL061W
YEL013W	YNL168C
YJL019W	YOR257W
YJL047C	YLR320W
YML012W	YPL087W
YER099C	YFR004W
YDR473C	YML049C
YEL023C	YLR249W
YDL029W	YDR190C
YDR190C	YGR163W
YHL030W	YOR259C
YJR022W	YNR053C
YMR069W	YNL241C
YAL011W	YNL107W
YBR025C	YOL117W
YGR103W	YGR245C
YKL139W	YLR403W
YLR197W	YPR144C
YJL148W	YPR010C
YDL140C	YGL044C
YNL214W	YOL044W
YDR449C	YLR340W
YGL116W	YKL101W
YAL020C	YKR048C
YFR004W	YHR074W
YER171W	YHR200W
YBR261C	YLL001W
YNR003C	YPR010C
YBR231C	YMR001C
YDL212W	YIL109C
YHR072W	YKL140W
YMR022W	YNR031C
YLR166C	YPR055W
YIL004C	YKL196C
YER136W	YNL304W
YEL009C	YER040W
YBR082C	YDR059C
YEL054C	YER016W
YBR186W	YBR261C
YGL207W	YOR101W
YBR200W	YDL159W
YCR057C	YJL069C
YBR200W	YER008C
YFR004W	YJR025C
YGR090W	YLR427W
YKL047W	YLL039C
YLL024C	YOR117W
YJL081C	YLR385C
YJL044C	YKR048C
YIL154C	YLL039C
YER006W	YKR081C
YGR270W	YPR010C
YFR010W	YGL048C
YDR477W	YKR009C
YDR163W	YLL036C
YML065W	YPL198W
YJL141C	YLR270W
YDL188C	YMR028W
YDL234C	YIL078W
YMR276W	YPR002W
YGL059W	YHR185C
YLL034C	YOR341W
YKL007W	YLR196W
YDL047W	YKR028W
YIL005W	YLL039C
YER062C	YHR200W
YNL069C	YOR179C
YER036C	YHR121W
YHR027C	YPR080W
YBR059C	YIL148W
YJR010C-A	YML008C
YCL027W	YDR103W
YDR477W	YER177W
YJR022W	YPR016C
YER127W	YJL036W
YIL144W	YOR174W
YDR190C	YMR284W
YLR150W	YNL069C
YLL039C	YLR019W
YGL059W	YKL093W
YIL124W	YLL039C
YJL176C	YML007W
YDR097C	YML032C
YDR260C	YGL240W
YCL037C	YOL045W
YDL140C	YNR010W
YCR051W	YLL039C
YCR009C	YOL098C
YJR082C	YNL136W
YJL141C	YKL091C
YDR456W	YPR079W
YOR058C	YPL001W
YGR041W	YJL138C
YHR200W	YPR103W
YGR254W	YLL039C
YBR234C	YMR109W
YPL076W	YPL264C
YNR039C	YOR174W
YLR141W	YPL240C
YBL003C	YLR033W
YCL024W	YEL037C
YER039C	YPL264C
YFL062W	YMR221C
YDR331W	YJL117W
YDL123W	YOL018C
YAL032C	YMR176W
YAR018C	YBL106C
YGL229C	YJL013C
YDR128W	YJR138W
YER021W	YKL126W
YDR016C	YMR181C
YML106W	YPR052C
YDR122W	YLR310C
YBR176W	YPR080W
YDR523C	YNL001W
YIR010W	YLR344W
YIR010W	YOR132W
YLR417W	YMR077C
YAL032C	YLR320W
YHR097C	YMR001C
YNL186W	YOR206W
YLR095C	YOL012C
YKL052C	YMR077C
YGL207W	YOL013C
YFR010W	YOR259C
YDR331W	YGL104C
YFL008W	YKR054C
YGR103W	YKR048C
YDR050C	YNL127W
YDL006W	YKL101W
YJL138C	YPL240C
YNL113W	YNR003C
YNL009W	YOL013C
YDL159W	YDR206W
YBR210W	YLL039C
YLR287C	YNR031C
YFR004W	YKL210W
YLR085C	YLR385C
YBL003C	YKL009W
YIL034C	YKL007W
YKL057C	YMR153W
YOR335C	YPR111W
YLR378C	YML012W
YLR115W	YMR061W
YDL115C	YDL140C
YHL019C	YLR170C
YJR125C	YMR197C
YDR330W	YLL039C
YFL024C	YNL107W
YJL006C	YJL138C
YGR052W	YHR200W
YKR071C	YPL141C
YJR059W	YPR074C
YBR173C	YGR253C
YBR059C	YKL166C
YJR059W	YKL064W
YLR448W	YMR290C
YAL047C	YHR172W
YDR283C	YGR167W
YER177W	YHR200W
YDL108W	YDL140C
YDR171W	YHR152W
YBR231C	YFL039C
YBL038W	YJL005W
YGL051W	YGR295C
YJR059W	YKL168C
YPL198W	YPR016C
YML065W	YOL012C
YDL140C	YMR061W
YJR059W	YMR102C
YDR006C	YER177W
YFL039C	YNL157W
YNL064C	YOR117W
YFL013C	YLR249W
YMR001C	YOR195W
YBR285W	YKL101W
YBL056W	YDR076W
YIR037W	YLL039C
YDL097C	YFR010W
YDL031W	YGL120C
YJR059W	YKL166C
YDR359C	YFL039C
YGL105W	YHR131C
YLR055C	YLR113W
YDL080C	YDR081C
YBR273C	YKL101W
YLR079W	YLR210W
YER179W	YKL211C
YPL240C	YPR089W
YKL051W	YNL055C
YLR456W	YNR053C
YDR477W	YLR003C
YBR016W	YGL120C
YGR278W	YLR117C
YEL037C	YLR079W
YDL160C	YJL138C
YGL051W	YIL109C
YDR507C	YMR153W
YBR184W	YER171W
YLR315W	YPR083W
YDR069C	YPL084W
YDR054C	YJL157C
YJL014W	YLL011W
YGL207W	YLR357W
YBR272C	YER021W
YFR004W	YGL148W
YHR019C	YOR117W
YCR073C	YDR179C
YLL039C	YML088W
YDL121C	YMR047C
YJL138C	YOL139C
YER114C	YER158C
YDL014W	YML065W
YHR019C	YJL091C
YDR516C	YGR232W
YGL141W	YOL069W
YJR092W	YOL100W
YBR059C	YIR010W
YDR372C	YLL039C
YJR138W	YOL145C
YAL038W	YBR221C
YDL209C	YJR050W
YER146W	YIL048W
YGL014W	YNL317W
YHR088W	YLR449W
YDL140C	YLR113W
YDR153C	YGL213C
YDR016C	YLR031W
YGL120C	YMR213W
YGR206W	YLR119W
YIR010W	YLR410W
YCR009C	YEL037C
YBR200W	YDR368W
YJR004C	YPL141C
YGL093W	YPL233W
YIL034C	YIR003W
YGR264C	YOR117W
YDR473C	YOR308C
YNL290W	YOL094C
YJR059W	YKL121W
YLR113W	YOR039W
YLR276C	YOL077C
YDL204W	YLL039C
YCL024W	YPR013C
YGR104C	YOR174W
YFR004W	YGL147C
YGR278W	YML049C
YJR131W	YKR072C
YIL019W	YOR145C
YDL054C	YLL039C
YNL091W	YOR355W
YNL330C	YPL059W
YDL014W	YOR341W
YMR125W	YNL251C
YER136W	YNL093W
YBR052C	YPR138C
YJL081C	YLR052W
YCR034W	YPR192W
YDR176W	YLR055C
YDR363W-A	YOR259C
YHR148W	YJR145C
YER177W	YML065W
YHR193C	YMR140W
YGR241C	YJR059W
YGL190C	YGR161C
YML049C	YMR213W
YDL047W	YLR310C
YDR233C	YLR166C
YIR010W	YPL198W
YGR241C	YIL095W
YGL059W	YPL056C
YCL027W	YNL054W
YJR059W	YMR153W
YDR363W	YPR164W
YGR148C	YKL009W
YDR060W	YPR016C
YEL034W	YOL117W
YGL004C	YKL145W
YGR060W	YNL280C
YKL033W	YPR085C
YDR161W	YKL060C
YDL140C	YGR104C
YGR186W	YPL203W
YDR308C	YEL009C
YBR159W	YGR191W
YDL108W	YOL012C
YDR153C	YPR029C
YDL232W	YMR149W
YBR025C	YMR047C
YHL034C	YOR096W
YBR065C	YDL209C
YDL060W	YGR090W
YAL017W	YDR293C
YKL038W	YKL166C
YIR010W	YNL106C
YBL087C	YER103W
YGR281W	YPL198W
YAL042W	YPL218W
YER177W	YGL003C
YFR004W	YPR037C
YNL002C	YOL041C
YIR008C	YNL102W
YDR363W	YJL047C
YDL160C	YPL160W
YBL003C	YOL094C
YDL146W	YFR024C-A
YKR021W	YOR119C
YDL160C	YMR080C
YGR130C	YPL094C
YBR247C	YGR081C
YDL117W	YJR138W
YHR006W	YJR090C
YBL043W	YDR118W
YDR128W	YPL258C
YDR100W	YIL027C
YDL014W	YHL034C
YKL187C	YLL039C
YJL106W	YKL168C
YIR010W	YPR052C
YHR089C	YLR449W
YHR207C	YJR059W
YDL014W	YMR049C
YFR004W	YML008C
YFR024C-A	YML011C
YHR089C	YOR004W
YGR197C	YOR327C
YBR048W	YIR010W
YIL142W	YPL226W
YHR131C	YKL171W
YDL030W	YFR052W
YAL032C	YMR213W
YGL071W	YJR060W
YHR008C	YML127W
YAR071W	YGL245W
YKL166C	YLR410W
YDL060W	YLR435W
YIR010W	YNL069C
YBR207W	YPR079W
YDR485C	YGR086C
YGL207W	YKR048C
YIL057C	YKL101W
YMR054W	YPR036W
YLR448W	YOR096W
YCR072C	YHR197W
YGL059W	YIL042C
YML065W	YPR043W
YEL037C	YOR259C
YFL024C	YGL048C
YAL027W	YIL095W
YLL039C	YLR225C
YGR104C	YPR080W
YBR188C	YMR213W
YDR318W	YGR006W
YNR010W	YPR086W
YKL146W	YNL307C
YBR052C	YIL105C
YCR057C	YNL069C
YBR298C	YDR276C
YJR131W	YML064C
YKL210W	YMR059W
YKL166C	YNL117W
YJL165C	YOL103W
YGR192C	YHR200W
YGL059W	YNL117W
YLR113W	YOR208W
YBR247C	YIL019W
YDL103C	YKL168C
YDR284C	YPL094C
YDR234W	YLR249W
YGR103W	YNL002C
YDR122W	YOL082W
YGL250W	YMR111C
YDL232W	YHR026W
YMR275C	YPL140C
YKL101W	YKL190W
YIL142W	YJL106W
YML065W	YPR100W
YLR019W	YOR341W
YDL111C	YGR134W
YNL298W	YOL039W
YLL050C	YOR181W
YDL108W	YLR113W
YOR257W	YPL180W
YGR092W	YOR228C
YOL111C	YPL174C
YGR084C	YNR036C
YBL003C	YLR196W
YLL039C	YML008C
YKL018W	YPR107C
YCR037C	YHR136C
YJL052W	YLL039C
YDL239C	YGL153W
YDR280W	YJR125C
YKR021W	YKR039W
YCR072C	YLR325C
YLR150W	YLR320W
YDL223C	YKL101W
YDR359C	YML007W
YER114C	YIL144W
YML065W	YOR206W
YDR466W	YJL089W
YER036C	YLL024C
YLR449W	YMR290C
YHR197W	YNL061W
YGR103W	YPR016C
YGR086C	YLR166C
YER008C	YGL233W
YIL078W	YMR059W
YGL240W	YNL172W
YCR034W	YHR142W
YCR057C	YPL012W
YLL024C	YOR027W
YDR334W	YFL039C
YBR208C	YBR221C
YDR168W	YMR186W
YIR010W	YMR290C
YEL062W	YOL138C
YER090W	YOL139C
YJL081C	YML065W
YGL097W	YGL207W
YBR001C	YBR127C
YDL030W	YLL036C
YJL138C	YKL168C
YCR063W	YMR213W
YBR234C	YKL013C
YDL140C	YGR003W
YLL039C	YOL109W
YML065W	YPL081W
YKL009W	YNL061W
YDL140C	YDR293C
YFR004W	YGR264C
YJL138C	YOL100W
YFL026W	YNL217W
YDR080W	YKL196C
YDR179C	YER090W
YDR142C	YIL142W
YGL070C	YOR151C
YHR098C	YIL095W
YBR001C	YDR099W
YGR087C	YJR090C
YDL116W	YMR153W
YGL044C	YMR061W
YLR441C	YOR117W
YBR025C	YHR027C
YLR093C	YOR106W
YNR031C	YPL240C
YBR264C	YOR370C
YJR082C	YPR031W
YHR058C	YIL027C
YBR127C	YGR281W
YJL065C	YOR304W
YBR030W	YPL240C
YGR284C	YML067C
YGL053W	YHR140W
YBR171W	YJR160C
YIL095W	YNL084C
YGR254W	YJL030W
YGL197W	YPL203W
YMR142C	YPR016C
YLR043C	YOR117W
YIL038C	YNL091W
YGL031C	YHR197W
YFR004W	YJL167W
YHR121W	YNL136W
YIL004C	YLL039C
YDL140C	YPL203W
YDL014W	YLL039C
YDR028C	YJR090C
YCR091W	YLL034C
YGR086C	YGR237C
YLR371W	YOR008C
YER016W	YOR191W
YOL018C	YOL132W
YMR290C	YPL012W
YJR041C	YNR038W
YJL005W	YLL050C
YDR409W	YML032C
YGR092W	YNL241C
YJR121W	YPL240C
YDR280W	YOL021C
YGR121C	YKL101W
YCR081W	YHR041C
YCR042C	YMR227C
YJR110W	YOR206W
YBL075C	YDR128W
YKL112W	YLR082C
YKL166C	YNL280C
YJR131W	YLL039C
YJR145C	YOL139C
YFL013C	YLL036C
YDR054C	YIL148W
YAR018C	YIL144W
YIL148W	YOL117W
YAL032C	YLR345W
YGL073W	YOL016C
YDR184C	YIR009W
YGL059W	YNL186W
YGR161C	YKR028W
YLR180W	YMR186W
YGR209C	YLR039C
YKR002W	YMR061W
YBR025C	YOR117W
YKL196C	YPL232W
YBR126C	YDR247W
YJR070C	YKL139W
YIL095W	YNL271C
YBR221C	YDR069C
YDR145W	YNL236W
YIL125W	YPL240C
YIL144W	YPL174C
YJL069C	YOR039W
YGR116W	YPR133C
YDR425W	YJL036W
YLR337C	YML001W
YJR130C	YKL048C
YGR090W	YKL078W
YGL014W	YLR287C-A
YBR048W	YJR145C
YDR334W	YGR086C
YAL015C	YDL029W
YLR048W	YOR117W
YBR183W	YCR034W
YML012W	YOL012C
YIL147C	YMR104C
YML056C	YNL124W
YHR001W	YPR173C
YDL140C	YMR276W
YDL212W	YML016C
YBR068C	YML012W
YBR057C	YLL040C
YBR253W	YHR058C
YGR215W	YNR036C
YER050C	YJR101W
YDR107C	YLL039C
YCL054W	YKL014C
YLL039C	YLR180W
YDL060W	YOR198C
YBR048W	YHR027C
YBR171W	YML064C
YJR022W	YLR430W
YGL097W	YOR185C
YDL116W	YER105C
YLL036C	YPL257W
YMR231W	YOR089C
YER048W-A	YML065W
YDR293C	YFR004W
YCR034W	YML067C
YLL039C	YOR151C
YDL209C	YGR278W
YDR099W	YPL231W
YMR104C	YOL082W
YFR004W	YPR086W
YGL256W	YJR035W
YFR021W	YHR070W
YDR016C	YGL025C
YBR200W	YMR287C
YGL027C	YNR002C
YDL072C	YFR024C-A
YJR009C	YLR144C
YDR324C	YOR078W
YLL039C	YLR197W
YER006W	YGL081W
YKL203C	YPL268W
YGR090W	YPL217C
YBL050W	YMR197C
YBL039C	YJR109C
YGR104C	YHR041C
YFR004W	YKL126W
YLL039C	YMR028W
YEL037C	YJR065C
YBR086C	YDL209C
YKL121W	YPL203W
YFL008W	YLR196W
YMR246W	YOL126C
YGR284C	YML012W
YLR305C	YOR047C
YDR036C	YGL153W
YBR188C	YER013W
YHR143W-A	YPR010C
YKL018W	YNL317W
YJR009C	YPL003W
YJL081C	YOL012C
YLL050C	YOR117W
YOR151C	YPR010C
YLR357W	YMR001C
YGR103W	YML059C
YCR009C	YPL249C
YGL112C	YMR255W
YER120W	YLR305C
YHR148W	YNL132W
YGR116W	YPL203W
YFR004W	YHR029C
YBR018C	YPR054W
YAL032C	YNL271C
YLR197W	YPR152C
YDL148C	YMR047C
YBL003C	YJL047C
YBL045C	YLR442C
YDL212W	YJL117W
YGR057C	YKL015W
YFR004W	YOR375C
YKR048C	YPL180W
YBR263W	YIR010W
YER017C	YGR132C
YEL030W	YJR035W
YJR066W	YNL076W
YBR159W	YEL002C
YEL034W	YJL191W
YJR090C	YNL055C
YHR027C	YPL028W
YDR427W	YGR232W
YBL075C	YEL037C
YOL003C	YPL094C
YML065W	YPL001W
YFR004W	YMR191W
YCR072C	YGL120C
YLL024C	YPL233W
YGL093W	YOL069W
YFR004W	YPL028W
YBR253W	YGL112C
YDL148C	YDR324C
YJL019W	YPL018W
YDR171W	YGL153W
YGR024C	YPL110C
YAL017W	YKL168C
YML042W	YPL240C
YBL003C	YIR010W
YBL103C	YMR227C
YDR255C	YLR199C
YER086W	YHR169W
YMR197C	YPL045W
YLR340W	YPL009C
YHR027C	YPR163C
YGL246C	YJR145C
YER054C	YML016C
YLR315W	YNL097C
YML106W	YMR271C
YBR159W	YBR293W
YDR311W	YLR288C
YKL166C	YLR443W
YER006W	YHR197W
YJR022W	YLR264W
YBR170C	YLL039C
YDR260C	YLR102C
YLL003W	YOR257W
YOL077C	YPL012W
YJL081C	YOR141C
YHR169W	YNR054C
YBR126C	YMR261C
YDR106W	YLL049W
YML012W	YNL130C
YJL157C	YNR031C
YDL175C	YNL299W
YJR010C-A	YPL076W
YIR021W	YOL052C
YDR277C	YLR447C
YLL039C	YOR375C
YBR200W	YFL039C
YGR134W	YHR193C
YGL112C	YIR010W
YDL014W	YMR239C
YAL032C	YBR114W
YDL148C	YNL132W
YKL186C	YPL169C
YDL080C	YIR037W
YBR114W	YPL046C
YGR284C	YHR140W
YBR126C	YHR027C
YGL245W	YMR059W
YDL014W	YHR089C
YBR298C	YNL008C
YOL012C	YOL077C
YBL011W	YDL108W
YCR093W	YJR022W
YKL171W	YPL180W
YDL188C	YPL003W
YLR427W	YOR206W
YBL060W	YMR214W
YCR061W	YGR055W
YJL141C	YPL203W
YKL104C	YOR117W
YGL031C	YNR053C
YBR059C	YGL213C
YDR161W	YFR004W
YKR009C	YLL039C
YKL091C	YKL168C
YIL150C	YLR045C
YCR024C-A	YJL004C
YAR019C	YCR073C
YNL053W	YOR257W
YHL019C	YPR029C
YER006W	YNL175C
YHR041C	YPR086W
YJR003C	YPR173C
YAR019C	YPL201C
YKR002W	YPR107C
YAR019C	YGR052W
YGL031C	YPR152C
YML065W	YMR049C
YOL145C	YOR039W
YIL047C	YLR039C
YHR200W	YML024W
YML065W	YNL002C
YGR077C	YNL329C
YGR270W	YML065W
YKL104C	YKL161C
YBL075C	YNL064C
YHR027C	YHR190W
YDL140C	YGR116W
YFR004W	YOR303W
YCR020W-B	YGR275W
YKL019W	YOR380W
YLL039C	YMR053C
YHR066W	YPL211W
YMR262W	YPL209C
YDR490C	YKL166C
YIR010W	YLR150W
YOL045W	YOR335C
YAL017W	YDR099W
YBR291C	YLL005C
YAR002C-A	YNL130C
YGR055W	YPL221W
YBL049W	YIL142W
YDR523C	YKL126W
YEL012W	YOL054W
YAR002C-A	YMR149W
YCR010C	YLL039C
YAL040C	YJL157C
YHR105W	YJR059W
YDR296W	YLR386W
YGL127C	YHR058C
YLR109W	YLR340W
YKR081C	YNL175C
YCL059C	YDR324C
YJR041C	YLR221C
YLL039C	YOL063C
YFL038C	YLL039C
YGR086C	YML065W
YDR177W	YKL168C
YHR074W	YLL039C
YCL052C	YHR142W
YDL212W	YGR295C
YFR021W	YLR386W
YGR167W	YKL104C
YDL014W	YNR054C
YCR082W	YDR016C
YHR089C	YKL014C
YIL109C	YPL218W
YKL196C	YOR036W
YFR031C-A	YJL033W
YGL104C	YNL054W
YOR377W	YPL240C
YHL035C	YOR327C
YNL061W	YPR016C
YLL039C	YPL174C
YNL225C	YOR177C
YDR372C	YHR200W
YEL037C	YLL039C
YGL014W	YLR448W
YLR197W	YPL240C
YHR088W	YML065W
YBL041W	YHR200W
YBR136W	YBR143C
YBR159W	YLR378C
YLR362W	YNL298W
YDL140C	YGR270W
YBL038W	YJL176C
YML065W	YPR029C
YIL062C	YLR337C
YER146W	YIL038C
YKL018W	YOR179C
YDR225W	YPR104C
YGR060W	YML016C
YDR476C	YJL019W
YLL050C	YNL094W
YIR008C	YKR048C
YHR019C	YOR151C
YDR443C	YHR067W
YPL266W	YPR144C
YLL039C	YNL064C
YLL039C	YLR417W
YHR019C	YKL104C
YGR092W	YLL039C
YDR308C	YDR443C
YER006W	YMR049C
YNL061W	YOR191W
YDL014W	YDR324C
YER048C	YFR004W
YNL032W	YNL056W
YBL009W	YKL203C
YJR059W	YKL062W
YER120W	YHL020C
YBR270C	YFR050C
YJL148W	YPL240C
YER177W	YOR117W
YHR098C	YLL039C
YER016W	YGR161C
YLR150W	YNL186W
YHR088W	YPL211W
YBR057C	YGL192W
YGL120C	YJR145C
YFL038C	YOR070C
YLL039C	YML012W
YHR200W	YNL112W
YGR168C	YPL209C
YKR048C	YMR172W
YDR075W	YGR063C
YLL001W	YPR080W
YDR247W	YIL107C
YDR072C	YNL307C
YDL188C	YHR075C
YDR259C	YLR447C
YLR265C	YMR284W
YGR184C	YKL145W
YDR060W	YER006W
YER021W	YKL145W
YHR058C	YNR010W
YGL190C	YOR162C
YKR072C	YPL141C
YMR049C	YOL077C
YKL014C	YPL211W
YGL078C	YIR010W
YDL233W	YOL069W
YDL176W	YJR104C
YHR085W	YNL002C
YDR331W	YHR140W
YIL088C	YLL039C
YDL095W	YPL004C
YFR004W	YOR198C
YJL013C	YNL236W
YCR042C	YDR195W
YGL048C	YGR184C
YGR275W	YML127W
YLL019C	YPL012W
YAL002W	YPL045W
YMR092C	YNL138W
YCL010C	YGL262W
YDR328C	YER177W
YDR449C	YPL266W
YLR106C	YMR047C
YER103W	YLL024C
YDR239C	YJL138C
YIR005W	YLR438W
YHR200W	YPR035W
YEL034W	YFL013C
YFL008W	YPR007C
YGL031C	YLR441C
YER086W	YMR186W
YBL009W	YOL041C
YBR065C	YKR048C
YDL060W	YML024W
YIL095W	YOR329C
YIR010W	YKR008W
YDR190C	YOR304W
YER068W	YNL091W
YLL039C	YML024W
YBL009W	YHR121W
YGL120C	YOR341W
YGL105W	YIR010W
YLR332W	YOL109W
YIL122W	YKL161C
YHR027C	YMR109W
YDR363W-A	YGL048C
YML064C	YMR290C
YJR059W	YKL093W
YHL003C	YKL008C
YCR082W	YGR252W
YLL040C	YOR181W
YGR258C	YOL016C
YFR004W	YMR246W
YDR485C	YLR085C
YER006W	YPL211W
YBR128C	YLR240W
YHR169W	YLR438W
YFR031C-A	YGL031C
YGL093W	YIL150C
YBR216C	YFR004W
YBL041W	YFR004W
YGL014W	YGL045W
YBL087C	YHR084W
YLL039C	YLR173W
YFR004W	YOR298C-A
YMR070W	YOL109W
YER006W	YPR016C
YDL029W	YLL039C
YDR106W	YPL174C
YDR523C	YHR033W
YDR473C	YLR305C
YGL120C	YMR033W
YER111C	YPL160W
YDL140C	YKL210W
YDL014W	YNL230C
YEL054C	YGL031C
YBR061C	YLL039C
YGL004C	YGL048C
YBR198C	YIR010W
YIR010W	YPR139C
YJL138C	YJR035W
YFR004W	YGL004C
YLR081W	YOR181W
YJR059W	YLR350W
YJR014W	YOR028C
YGL059W	YOR113W
YDR356W	YGR161C
YMR227C	YPL254W
YER048W-A	YGR192C
YBR055C	YPR178W
YLL024C	YLR187W
YFR031C-A	YGL014W
YBR095C	YPR023C
YLR212C	YOL016C
YHR026W	YKL221W
YJR010C-A	YML067C
YFR004W	YPL237W
YNL131W	YPL240C
YDR387C	YLR292C
YMR001C	YMR076C
YER062C	YER171W
YDR099W	YDR490C
YGR275W	YOL012C
YBR034C	YJR022W
YCR028C	YGL051W
YHL034C	YMR242C
YAR018C	YNL077W
YJL014W	YOL015W
YBR055C	YJL167W
YBL023C	YIR008C
YHR200W	YNL064C
YNL175C	YOR206W
YDR341C	YLL039C
YDL005C	YEL009C
YOR156C	YPL269W
YBR083W	YHR084W
YJL117W	YJR010C-A
YHL034C	YJR059W
YBL017C	YLR310C
YLL039C	YOR124C
YGR252W	YOL012C
YLL005C	YML075C
YFR021W	YLL039C
YGR032W	YPR054W
YDR523C	YPL254W
YDR060W	YNL002C
YFL054C	YPL076W
YEL009C	YFL009W
YGR270W	YLR357W
YOL013C	YOR027W
YBR152W	YIR009W
YFR004W	YJL138C
YJR059W	YOL041C
YJL004C	YNL121C
YJR009C	YPL240C
YGL059W	YOL016C
YJL097W	YPL094C
YPL234C	YPL264C
YCL032W	YOR212W
YNL248C	YPR152C
YLR180W	YOL045W
YDL097C	YHR027C
YML024W	YML063W
YDR233C	YPL154C
YFR052W	YOR259C
YIL119C	YNL107W
YGL207W	YMR049C
YCL027W	YPR008W
YKL171W	YMR053C
YHR027C	YML008C
YJL106W	YOR335C
YBR198C	YIL142W
YJL148W	YOR340C
YKR081C	YLR449W
YBR136W	YNL312W
YLR180W	YPR010C
YNR010W	YPR070W
YIL105C	YLR425W
YML049C	YPR178W
YCL010C	YML007W
YDR356W	YLR045C
YDR229W	YJR059W
YHR027C	YPR035W
YIL153W	YMR028W
YGR275W	YHL025W
YNL121C	YPR128C
YOR096W	YOR340C
YML015C	YMR077C
YDR516C	YLL039C
YJL083W	YOR181W
YNL061W	YNL175C
YCR057C	YOR145C
YNL002C	YOR206W
YNL330C	YPL143W
YJR009C	YPR080W
YHR027C	YHR179W
YIL095W	YNL186W
YDR099W	YKL168C
YJL045W	YLL039C
YBR289W	YML007W
YDL070W	YDR477W
YAL051W	YGR092W
YML075C	YOL013C
YGL048C	YNL250W
YIR010W	YPL004C
YDL201W	YDR165W
YIR010W	YOR290C
YHL017W	YHR188C
YAR066W	YDR074W
YDL116W	YDL195W
YOL012C	YOL054W
YGL025C	YOR174W
YBR072W	YBR261C
YEL039C	YKL195W
YJR066W	YOL126C
YKL196C	YOL018C
YER036C	YHR027C
YHR152W	YPR118W
YIL062C	YNR035C
YDR028C	YER027C
YMR264W	YPL076W
YDR293C	YGL059W
YGR092W	YLR438W
YIR033W	YOL126C
YGR090W	YLR223C
YBR234C	YIL034C
YIL155C	YNL121C
YML007W	YPR070W
YNL307C	YOL091W
YLL039C	YML126C
YML063W	YML065W
YFL017W-A	YGL059W
YGR281W	YPL221W
YFR024C-A	YGR268C
YHR140W	YPR192W
YLL039C	YOR160W
YER016W	YNL078W
YOR117W	YOR303W
YKR054C	YPL263C
YBR200W	YDL077C
YPL210C	YPL240C
YER054C	YML088W
YBR272C	YGL011C
YJL091C	YOL020W
YDL188C	YDR190C
YDR328C	YFL009W
YKL008C	YKL174C
YHR019C	YLL039C
YJL176C	YPR152C
YJR050W	YMR213W
YDL014W	YHR148W
YAL038W	YDR192C
YGL048C	YJR145C
YHL023C	YJR138W
YGL056C	YGR055W
YOR176W	YOR257W
YGR252W	YPL254W
YDL165W	YIL038C
YMR306W	YPR128C
YLL024C	YNL124W
YER013W	YJR050W
YHR027C	YPL231W
YGR090W	YLR371W
YLR340W	YNL132W
YBR055C	YEL034W
YEL034W	YPL237W
YDL239C	YDR176W
YER173W	YLR413W
YDL194W	YDR277C
YGL141W	YHR200W
YLL036C	YLR117C
YGR103W	YPR143W
YBR200W	YKL051W
YER006W	YJL122W
YDL025C	YDR477W
YFR017C	YJR059W
YFR004W	YNL250W
YDL029W	YIR006C
YNL132W	YPL043W
YGL004C	YHR200W
YBR130C	YLR310C
YHR132C	YLL039C
YBR122C	YDR296W
YBR253W	YDL005C
YKL024C	YOL013C
YKR008W	YOR094W
YIR010W	YML093W
YDR028C	YLR377C
YJR059W	YNL167C
YEL002C	YLR378C
YEL054C	YKL009W
YDR284C	YEL013W
YDR275W	YER021W
YHR169W	YPL226W
YCR057C	YJL191W
YDR289C	YLR166C
YDL014W	YGL112C
YDR069C	YEL041W
YDL029W	YJL014W
YER006W	YPR043W
YBR059C	YKR009C
YLL036C	YPR134W
YJR009C	YPR164W
YGR103W	YPL211W
YIR009W	YMR240C
YER006W	YPL240C
YAL041W	YLR357W
YKL101W	YLR113W
YGR090W	YOR287C
YBR231C	YJL081C
YGR104C	YPR086W
YKL065C	YPL076W
YHR188C	YIL088C
YDR016C	YIL144W
YAL030W	YLL039C
YMR086W	YOR181W
YER105C	YPR080W
YDR103W	YLR305C
YJL106W	YLR079W
YBL039C	YFR004W
YDR324C	YNL075W
YCL066W	YCL067C
YJR083C	YLR295C
YBR155W	YPL209C
YDL006W	YNL307C
YLR447C	YOR181W
YGR209C	YKL069W
YDR331W	YHR188C
YDL076C	YOR174W
YER050C	YGR215W
YFR004W	YGR214W
YBL006C	YML127W
YIL019W	YOR078W
YFR004W	YNL069C
YBR159W	YNL048W
YDR507C	YLR332W
YDR119W	YLL039C
YGR130C	YGR192C
YJR059W	YKL146W
YEL009C	YHL025W
YIR010W	YOR369C
YEL009C	YGL112C
YMR059W	YPL004C
YMR242C	YMR290C
YGR060W	YGR284C
YHR027C	YHR104W
YJR022W	YLL015W
YDR341C	YNL135C
YLR305C	YOR181W
YGR252W	YKL211C
YFR031C-A	YNL061W
YGR090W	YPR152C
YGL127C	YHR041C
YGR104C	YPR052C
YER068W	YGR134W
YLR043C	YLR231C
YKR048C	YPL141C
YCL027W	YKL105C
YLR249W	YOL145C
YDR225W	YJL006C
YFR004W	YJR009C
YMR112C	YNL236W
YBR159W	YNL130C
YDR227W	YNL102W
YEL012W	YLR410W
YJR022W	YOR076C
YDR206W	YLR362W
YDL029W	YFR004W
YFR009W	YKL104C
YGR284C	YPL076W
YLL039C	YPR035W
YJL033W	YMR142C
YGL197W	YLR377C
YDL188C	YGR253C
YGL120C	YMR049C
YCR033W	YPR152C
YJR009C	YOL013C
YIL041W	YLL039C
YFR004W	YGR086C
YDL134C	YOR386W
YBR059C	YMR304W
YDR359C	YFL024C
YHR027C	YOR341W
YLR340W	YPR129W
YGR083C	YPL237W
YER090W	YJL060W
YER067W	YLL039C
YHL034C	YNL132W
YBR231C	YDR190C
YKL222C	YML065W
YGR098C	YOR195W
YDL140C	YOL018C
YGR001C	YNL307C
YDL134C	YLL039C
YBL023C	YLR274W
YIR006C	YOR329C
YER128W	YPR173C
YKL206C	YOR157C
YCR012W	YGR192C
YJR059W	YOR257W
YLR033W	YOR156C
YDL097C	YOR259C
YLL039C	YNL330C
YDL160C	YPR178W
YBR229C	YML067C
YGR203W	YOR341W
YER013W	YLR116W
YBR155W	YDR463W
YBL023C	YIL150C
YJL141C	YML078W
YHR027C	YHR200W
YIR006C	YPR152C
YER036C	YJR059W
YER164W	YKR081C
YBL067C	YFR004W
YOR117W	YPL231W
YJR059W	YJR130C
YOL041C	YOL077C
YJL006C	YPR035W
YCR030C	YFR024C-A
YDR345C	YHR200W
YBR080C	YDR363W-A
YAL009W	YGL059W
YAR002C-A	YMR123W
YLR340W	YOL039W
YBR025C	YHR169W
YBR065C	YPR080W
YLL039C	YML016C
YFR004W	YNR053C
YDL222C	YOR094W
YER124C	YOR212W
YLL039C	YMR171C
YLR274W	YMR109W
YCR057C	YHR169W
YAL042W	YAR002C-A
YPL264C	YPR028W
YDL005C	YDR308C
YMR319C	YNL061W
YDR306C	YDR328C
YLL050C	YMR092C
YFR004W	YGL125W
YKL015W	YLL010C
YDL134C	YKL203C
YBR028C	YOL041C
YFR004W	YML106W
YGR086C	YOL100W
YER103W	YLL039C
YLL007C	YPL240C
YCL037C	YOL139C
YIR033W	YNR030W
YJL004C	YPL264C
YJL006C	YML112W
TR(UCU)M1	YDR341C
YKR065C	YLL039C
YBL039C	YDR260C
YJL138C	YLR362W
YOL021C	YOR076C
YKL008C	YKL065C
YDR176W	YOL148C
YKR081C	YMR290C
YGL147C	YPL198W
YER177W	YNL076W
YFR004W	YKL104C
YBR127C	YHR084W
YBR114W	YGR003W
YCR079W	YGL070C
YAR019C	YDL047W
YLR197W	YPL043W
YAR002C-A	YMR272C
YKL190W	YLR433C
YBR048W	YPL198W
YDR075W	YHR084W
YCR063W	YPR152C
YFL017W-A	YJR084W
YFR004W	YHR190W
YDR443C	YHR058C
YGR253C	YHR027C
YBR023C	YPL221W
YIL062C	YNL138W
YFL025C	YGL053W
YBL103C	YMR033W
YGR052W	YPR010C
YER029C	YLR117C
YOL104C	YPL200W
YKL048C	YML064C
YDL160C	YFR004W
YIR010W	YPL217C
YMR049C	YMR290C
YBL003C	YKL139W
YBR253W	YNL236W
YGL116W	YPL140C
YGR245C	YKR048C
YDL108W	YDR168W
YGR103W	YHR066W
YGR060W	YIL016W
YDR122W	YGR001C
YKL089W	YOR039W
YDL179W	YLR357W
YDR334W	YLL036C
YDR477W	YLL024C
YDR145W	YOL072W
YDR100W	YMR071C
YBR272C	YDR427W
YJR082C	YLR223C
YGL025C	YPR070W
YBR052C	YDL222C
YDR122W	YIL107C
YMR213W	YPL064C
YDL005C	YGL025C
YER105C	YPL004C
YIR010W	YPL180W
YDL148C	YJR145C
YDR368W	YHR200W
YBR138C	YGR092W
YCL037C	YDL014W
YMR186W	YPR093C
YIL146C	YPR049C
YCR073C	YNL250W
YIL105C	YKL126W
YDL079C	YKL210W
YGR117C	YNL236W
YJR082C	YNL107W
YDR155C	YMR059W
YER006W	YIR010W
YEL017C-A	YMR299C
YBL045C	YGL187C
YIL144W	YNL054W
YCR012W	YKL060C
YDL105W	YPL146C
YDR443C	YKR036C
YAL021C	YDR252W
YDL176W	YGL227W
YHR152W	YML007W
YGR104C	YOR151C
YLL039C	YOL117W
YML064C	YPL192C
YBR108W	YFR024C-A
YEL034W	YMR284W
YHL021C	YJR059W
YDL140C	YDR301W
YGR252W	YKL062W
YLR287C-A	YMR242C
YIL149C	YMR284W
YEL046C	YJL141C
YDL070W	YGR092W
YJL178C	YPL045W
YGL173C	YPR140W
YGL256W	YOR094W
YDR318W	YJR060W
YDR122W	YMR124W
YBR103W	YDR155C
YDL025C	YDL183C
YDL095W	YGR184C
YDR328C	YJR089W
YFR010W	YLR033W
YKR081C	YPL198W
YGL048C	YPL004C
YDR211W	YNL124W
YLL039C	YOR035C
YBL003C	YKL014C
YLR403W	YPR190C
YER120W	YLL039C
YLL049W	YNR069C
YLR427W	YOL139C
YKL213C	YML013W
YDR293C	YNL307C
YLR052W	YOR141C
YDR314C	YGL014W
YCR063W	YDL209C
YIR010W	YOL100W
YDR289C	YOR151C
YDR443C	YLL039C
YMR231W	YNL304W
YJR110W	YOR151C
YLR449W	YPL146C
YJL138C	YLR249W
YLR249W	YNL250W
YNL307C	YNR006W
YJL065C	YNL230C
YDL105W	YML023C
YBR183W	YML067C
YDR448W	YPR070W
YBL075C	YJR032W
YBR198C	YOL148C
YHR066W	YNL122C
YDR453C	YJL141C
YGR270W	YPR031W
YBR234C	YIL062C
YBR143C	YOR176W
YBR082C	YKL010C
YGL120C	YNL248C
YDL061C	YIR010W
YAR002C-A	YLR350W
YDR356W	YIL149C
YFL039C	YHR152W
YFR004W	YKR003W
YNL055C	YNL093W
YDL054C	YHR026W
YGL233W	YOR357C
YDR086C	YPL189W
YCR073W-A	YDR122W
YML065W	YNR016C
YBL050W	YOR075W
YER095W	YML032C
YBR200W	YLL049W
YBL049W	YGL227W
YGR103W	YNL175C
YBL006C	YMR033W
YLR319C	YLR362W
YGL250W	YLR442C
YIR010W	YPL018W
YGL173C	YMR290C
YBL003C	YHL034C
YEL013W	YHR094C
YDL014W	YJL033W
YFR024C-A	YNR031C
YDR448W	YJR003C
YJL217W	YPR118W
YBR173C	YGL011C
YBR052C	YGL056C
YMR169C	YMR170C
YIL142W	YLR196W
YBL017C	YOR181W
YLR288C	YMR159C
YDL116W	YNL118C
YGR101W	YKR066C
YGR252W	YNL236W
YAR002C-A	YJR010C-A
YBR198C	YER164W
YDL072C	YLL039C
YNL073W	YOL130W
YJL005W	YMR059W
YLR109W	YMR059W
YKR021W	YLL039C
YBR234C	YPL004C
YNR068C	YNR069C
YIL027C	YJL148W
YAR019C	YNL298W
YIR010W	YJL176C
YKL139W	YML112W
YMR186W	YPL240C
YHR152W	YLR109W
YGR090W	YKL139W
YJL106W	YPR013C
YJR059W	YKR041W
YLR369W	YMR049C
YLR119W	YLR417W
YGL197W	YLR310C
YJL178C	YOR357C
YBR289W	YDR073W
YLR427W	YML056C
YNR043W	YOR117W
YFR004W	YJR065C
YCL059C	YNL132W
YBR055C	YKL210W
YPL043W	YPL198W
YDL195W	YIL109C
YDR368W	YHR027C
YML056C	YOL077C
YDR318W	YOL069W
YGL134W	YNL307C
YDR520C	YJR046W
YDL005C	YMR112C
YGL105W	YKL171W
YLR427W	YPL043W
YDR331W	YGL053W
YDR407C	YJL044C
YER006W	YGR103W
YBR228W	YLR028C
YFL024C	YML007W
YIL062C	YJR065C
YAL062W	YLL039C
YDR259C	YNL307C
YBR048W	YHR200W
YHR084W	YNL248C
YDL045C	YGR077C
YDR293C	YLR286C
YJR010C-A	YLR350W
YFR052W	YHR200W
YDR060W	YPL211W
YML064C	YMR012W
YGL207W	YOL012C
YGL229C	YOR062C
YBR274W	YPR010C
YDR075W	YIL153W
YDL134C	YPR040W
YCR057C	YLL039C
YGR041W	YOR301W
YGL247W	YHR036W
YJL141C	YMR304W
YDL140C	YDR289C
YHR200W	YLR028C
YGL245W	YOL094C
YBR084W	YBR143C
YMR001C	YNL172W
YLR249W	YPR173C
YGL161C	YLL039C
YDL159W	YPL201C
YNL002C	YPR016C
YIR022W	YLL039C
YBR159W	YML075C
YOR117W	YOR259C
YBR115C	YCR020W-B
YDR477W	YLR150W
YDR050C	YFR004W
YGR055W	YGR130C
YBR207W	YDL199C
YBR234C	YFR004W
YLL039C	YPR154W
YDR192C	YGR192C
YNL094W	YPL004C
YHR027C	YKL080W
YGR278W	YMR213W
YMR004W	YOR132W
YIR022W	YOL132W
YBR296C	YGL105W
YDR295C	YLR131C
YAR002C-A	YML067C
YDR176W	YMR227C
YGL116W	YPL203W
YDR155C	YML095C
YDR005C	YPR190C
YDR179C	YMR025W
YDL060W	YML063W
YBR059C	YLR276C
YOR078W	YPL012W
YDR293C	YJR059W
YEL002C	YGR284C
YJL148W	YOR341W
YLR430W	YNL199C
YJR065C	YMR109W
YFL021W	YIR010W
YBR023C	YOL003C
YGL233W	YLR166C
YEL034W	YNL248C
YER048C	YOR181W
YNL248C	YPR010C
YGL213C	YHR157W
YAR002C-A	YDL095W
YGL105W	YML095C
YLL039C	YLR001C
YAL062W	YAR071W
YDR190C	YOR141C
YDR073W	YOR290C
YOL139C	YPR152C
YJL178C	YOR069W
YGR214W	YNL023C
YGL005C	YPL240C
YGR143W	YLL039C
YGR180C	YHR200W
YJL097W	YPR071W
YDR086C	YML065W
YFL039C	YJL014W
YBR065C	YPL004C
YER008C	YJL085W
YLR055C	YPL209C
YGR275W	YPR043W
YJR059W	YLR362W
YML001W	YOR106W
YHR200W	YMR276W
YDR283C	YDR477W
YLL024C	YLR180W
YLR447C	YMR054W
YLL039C	YNR035C
YGR060W	YJL117W
YAL017W	YER054C
YJL141C	YNL230C
YJL014W	YOR212W
YER054C	YPR184W
YDR179C	YJR084W
YLR436C	YMR304W
YJR142W	YPL141C
YOL021C	YOR001W
YDR195W	YMR142C
YMR001C	YPR007C
YDR247W	YFR010W
YKL080W	YLR447C
YFR004W	YLR270W
YIL135C	YML016C
YDR490C	YJR059W
YDL116W	YKL068W
YDL047W	YFR021W
YEL046C	YOR117W
YDR184C	YLR433C
YGR101W	YOR211C
YGL073W	YOR290C
YHR108W	YLL039C
YDR176W	YEL009C
YGR052W	YJR138W
YGL170C	YMR047C
YML065W	YMR242C
YJR010C-A	YLR150W
YDL108W	YPR013C
YER179W	YIL105C
YLR448W	YPL043W
YGL112C	YOL148C
YKL203C	YPR149W
YLL039C	YML057W
YGL078C	YKL014C
YBR111C	YFR004W
YJR060W	YOR304W
YBR159W	YEL017C-A
YGL120C	YLL036C
YKL014C	YPL237W
YLR166C	YOL039W
YER114C	YER124C
YER027C	YGL208W
YJL148W	YNL113W
YAL040C	YGL120C
YBR253W	YML007W
YDL159W	YIR010W
YJL141C	YLR241W
YGL127C	YLR150W
YDL031W	YGR103W
YHR143W-A	YML065W
YBR114W	YMR201C
YBR059C	YOR257W
YGL233W	YPR055W
YKL014C	YLR221C
YBL075C	YLR320W
YDL030W	YPL018W
YBR289W	YIR010W
YIR015W	YLR345W
YGL050W	YIL050W
YML034W	YOL100W
YKL057C	YMR047C
YLR106C	YOR151C
YLL039C	YLR441C
YFL008W	YOL091W
YGL011C	YPR103W
YDR449C	YHR148W
YJL029C	YOL018C
YBR055C	YER146W
YBL041W	YOR157C
YIL109C	YMR124W
YKL139W	YMR041C
YDL065C	YJL006C
YOL041C	YPL141C
YDR477W	YOR340C
YOL027C	YPR100W
YDR074W	YHR027C
YEL002C	YJL117W
YDR145W	YDR448W
YDR466W	YOL041C
YBR152W	YMR240C
YGR092W	YLR007W
YGL078C	YLL039C
YDR443C	YNR010W
YMR109W	YOL100W
YDR473C	YMR240C
YDR320C	YPR045C
YJL138C	YML095C
YDR192C	YKL068W
YFR004W	YOR369C
YOL012C	YPL240C
YDR363W-A	YGL094C
YER155C	YGL207W
YGL226C-A	YLR378C
YDR507C	YJR083C
YDR184C	YOL069W
YHR197W	YPR016C
YJL044C	YMR218C
YDR073W	YHL025W
YCR009C	YLR218C
YBR080C	YKL196C
YGR175C	YMR186W
YDL030W	YPR178W
YGL005C	YGL223C
YLL036C	YOR369C
YIR010W	YML123C
YKL104C	YPL061W
YHR001W	YLL039C
YBR002C	YMR149W
YKL182W	YLR180W
YBL003C	YPR052C
YDL199C	YIL144W
YER086W	YJR009C
YER029C	YLL036C
YDR330W	YNL307C
YFL039C	YNL136W
YHL030W	YOR117W
YDR443C	YLR071C
YHR066W	YHR088W
YGR232W	YKL145W
YPL004C	YPL221W
YIR010W	YOR375C
YGR080W	YIL034C
YGR192C	YMR109W
YDR155C	YLR299W
YDR295C	YPR179C
YDL014W	YPL217C
YHR027C	YLR180W
YLL039C	YNL134C
YFR004W	YOR117W
YDR074W	YMR261C
YBR130C	YIL138C
YDR307W	YHR140W
YJL033W	YNL069C
YDR292C	YJL106W
YDR328C	YOR185C
YCL032W	YLR362W
YGL229C	YJL178C
YLL036C	YML056C
YGR284C	YJR010C-A
YLR196W	YLR449W
YDR099W	YKL182W
YDL209C	YIR009W
YDL209C	YER029C
YLR024C	YMR186W
YDR361C	YHR022C
YFR004W	YOR341W
YDR195W	YGL153W
YGL081W	YGR184C
YAL021C	YDL165W
YDR050C	YHR200W
YJL138C	YJR140C
YFR004W	YPR028W
YDL021W	YLL039C
YOR020C	YPL240C
YKR003W	YPR152C
YBR059C	YIR006C
YHR169W	YMR242C
YLR093C	YMR197C
YER049W	YPL089C
YBR234C	YOR181W
YIR007W	YPR074C
YER093C	YOR181W
YLL010C	YLR019W
YLL024C	YPR129W
YCL037C	YOR096W
YDL212W	YJR010C-A
YLL024C	YPR016C
YJR121W	YPR152C
YHR108W	YPR029C
YLR085C	YLR377C
YAL021C	YGL014W
YCR073C	YGL134W
YDR318W	YOL054W
YKL090W	YPL128C
YCL059C	YPL217C
YER047C	YGR086C
YMR142C	YNL124W
YKR078W	YMR019W
YHL034C	YPL198W
YMR115W	YNL307C
YIL150C	YML065W
YGR132C	YPL263C
YOR340C	YOR341W
YHR089C	YOL077C
YER139C	YPL203W
YIL038C	YJR032W
YBR114W	YOL012C
YBR048W	YCL059C
YFR004W	YMR109W
YDL014W	YNL222W
YBR149W	YFR004W
YER044C	YGR175C
YDL006W	YNL298W
YLL036C	YMR240C
YDL014W	YLR369W
YGR104C	YLR071C
YMR080C	YNL112W
YER036C	YIR010W
YBR159W	YNR035C
YER006W	YOL077C
YIR010W	YLR276C
YBR289W	YEL009C
YJR066W	YMR028W
YIR009W	YKR099W
YGL155W	YKL019W
YDR449C	YOR145C
YHR027C	YML126C
YNR010W	YOR151C
YCR012W	YHR027C
YLR337C	YNR035C
YPR080W	YPR129W
YHL024W	YJL106W
YOR039W	YOR119C
YDR477W	YOR198C
YBR025C	YDR398W
YDR155C	YNL094W
YDR293C	YNL118C
YBR257W	YIR015W
YGL070C	YGR104C
YKL038W	YPL203W
YER146W	YNL147W
YDR069C	YKL145W
YFR004W	YLR109W
YCR084C	YEL030W
YGL170C	YOL091W
YLR071C	YML007W
YBR127C	YIR010W
YBL106C	YLR206W
YHR041C	YNR010W
YLL039C	YLR024C
YBL015W	YOR023C
YER044C	YHR190W
YBL057C	YER021W
YDR477W	YKL121W
YNL125C	YPL076W
YFR043C	YLR170C
YCR063W	YDL030W
YDR168W	YKL139W
YAL038W	YJR059W
YJL014W	YNL155W
YHL025W	YLR438W
YKL107W	YLR288C
YDR111C	YMR304W
YDL108W	YDR311W
YER095W	YFR009W
YNL118C	YOR023C
YKL089W	YPL146C
YGR140W	YJR089W
YCL056C	YDL197C
YGL051W	YPL264C
YAL027W	YCR009C
YHR200W	YNL103W
YJL117W	YKL065C
YER179W	YPR007C
YHR089C	YMR269W
YJL122W	YNR053C
YGR092W	YHL021C
YGR284C	YIL027C
YIL109C	YOL130W
YDR363W-A	YMR191W
YHR200W	YOR375C
YKL213C	YNR006W
YER177W	YKL182W
YDR422C	YDR516C
YER069W	YFR004W
YLR362W	YNL113W
YDL047W	YKL139W
YIR010W	YML127W
YDL077C	YMR197C
YIR037W	YML007W
YIL148W	YKL010C
YBR200W	YKL196C
YBR176W	YML064C
YLR019W	YMR012W
YBR143C	YMR080C
YDR100W	YOR069W
YJL047C	YLR150W
YFL039C	YJL005W
YGR060W	YLL005C
YDR139C	YNL281W
YML126C	YOR117W
YBL023C	YDR122W
YCR012W	YHR200W
YIR010W	YML056C
YDL060W	YPL266W
YPL240C	YPR016C
YGL173C	YPR178W
YGR116W	YLR199C
YGR067C	YGR103W
YDR068W	YGL059W
YHL034C	YMR142C
YIR010W	YNL075W
YDR139C	YOR100C
YKL080W	YPL091W
YFR031C-A	YGR103W
YPL198W	YPL211W
YDR341C	YHR027C
YFR004W	YPR163C
YDR523C	YOR252W
YBR188C	YLL036C
YJR022W	YPR017C
YLR109W	YNL312W
YBR207W	YPR036W
YDR211W	YGR052W
YCR079W	YPL160W
YCR057C	YLL011W
YBR167C	YGR030C
YBR183W	YDR331W
YGL051W	YPL141C
YLL010C	YLL039C
YGR275W	YJL014W
YBR159W	YJR161C
YGL028C	YJR022W
YBR253W	YDL140C
YDL097C	YOR117W
YGL104C	YIL016W
YBR225W	YNL298W
YML118W	YPL203W
YOR191W	YPR154W
YIL148W	YNL084C
YHR104W	YOL045W
YBR159W	YLR241W
YMR033W	YNR023W
YGR270W	YOL012C
YLR321C	YMR033W
YHR169W	YLR309C
YJR066W	YKL203C
YDL014W	YGR103W
YCR084C	YLR071C
YDL035C	YPL268W
YDR334W	YNL107W
YCL024W	YKL101W
YDR099W	YIL095W
YCR009C	YNL055C
YAL030W	YER143W
YGL014W	YLR435W
YGR092W	YKR036C
YLL039C	YLR386W
YHR179W	YOL013C
YDL123W	YPR036W
YGR163W	YGR203W
YGL233W	YPL240C
YPL069C	YPL240C
YGR090W	YOR039W
YLR292C	YML123C
YHL024W	YPL203W
YIR010W	YLR264W
YKR081C	YOL077C
YDR293C	YJL153C
YDR293C	YPL119C
YLL024C	YPL012W
YCR073C	YGR142W
YDR293C	YGL173C
YGR140W	YNL307C
YBR130C	YOR181W
YBR025C	YHR200W
YHR027C	YJL138C
YDL077C	YKL196C
YBL039C	YMR012W
YAL021C	YKR036C
YBR243C	YOR151C
YNL002C	YNL175C
YLR199C	YPL004C
YDR060W	YMR142C
YLL050C	YML064C
YFR031C-A	YLL034C
YFR004W	YMR272C
YGL059W	YNL074C
YDL005C	YNL236W
YDR060W	YLR448W
YKL013C	YLR337C
YBR130C	YIL144W
YMR149W	YNL130C
YBL056W	YDL060W
YDR245W	YLL039C
YDL222C	YLR219W
YDL047W	YGL197W
YBL017C	YGR167W
YCR093W	YGL178W
YKL210W	YPR054W
YEL058W	YLL039C
YLL034C	YPR010C
YKL080W	YML064C
YML065W	YMR290C
YGL120C	YJL148W
YGL013C	YMR297W
YLR325C	YML065W
YLR449W	YML065W
YML065W	YPR104C
Q0120	YPL160W
YBL041W	YFL007W
YCR057C	YPL217C
YFL007W	YMR186W
YCL037C	YMR290C
YDR477W	YOR047C
YFR004W	YGR185C
YKL190W	YML057W
YFR004W	YJR121W
YHR200W	YOR185C
YGR275W	YHR097C
YDR523C	YOR177C
YMR104C	YOL139C
YJL155C	YLL039C
YHR089C	YNL061W
YBR270C	YIL105C
YHR069C	YOR001W
YJR121W	YLR295C
YAL038W	YFR004W
YOR117W	YOR340C
YAL047C	YIL149C
YGL153W	YNL329C
YCR007C	YDR107C
YLL039C	YMR259C
YBR183W	YGR060W
YBL003C	YJR082C
YFR024C-A	YLR144C
YDR466W	YOL139C
YGR090W	YPR144C
YDL065C	YDR265W
YER006W	YMR290C
YOR348C	YPL240C
YDL065C	YLR071C
YDL179W	YKL166C
YDR443C	YKL166C
YBR016W	YLL039C
YJL019W	YPL200W
YBL003C	YLR095C
YIR022W	YML012W
YDL148C	YLR197W
YPL231W	YPR152C
YER100W	YFL038C
YBR105C	YGL227W
YJR059W	YPL012W
YHR148W	YNL075W
YMR191W	YOR117W
YIL144W	YJR059W
YBR231C	YDR485C
YDR315C	YLR264W
YBR159W	YDR331W
YDR225W	YML112W
YGL120C	YLR449W
YKR081C	YPL141C
YIL005W	YIL166C
YER021W	YJR009C
YBR247C	YCR057C
YDR099W	YDR373W
YER091C	YPL240C
YBR072W	YDL239C
YIL105C	YLR433C
YNL307C	YPL240C
YKL171W	YPL177C
YGL025C	YGR104C
YDL222C	YJL016W
YFR002W	YIL149C
YFR004W	YGR192C
YKR008W	YLL039C
YIR010W	YML007W
YGR103W	YMR049C
YCR073W-A	YNL307C
YFL008W	YNL250W
YFL039C	YGL097W
YKR081C	YOR206W
YDL029W	YNR035C
YCR067C	YPL218W
YCR073C	YDR007W
YMR290C	YPL209C
YJL087C	YPL141C
YDL030W	YMR125W
YHR197W	YKR081C
YCR020W-B	YIL033C
YDR140W	YNR046W
YEL062W	YJR138W
YDL029W	YDR260C
YER155C	YGR081C
YAL011W	YDR190C
YCR106W	YPL243W
YIR010W	YLR024C
YDL209C	YER013W
YLR148W	YML001W
YIL004C	YOR327C
YIR010W	YNL330C
YDR331W	YPR028W
YMR242C	YOR117W
YHR169W	YNL014W
YDR507C	YNL027W
YJR145C	YLL039C
YER177W	YPL231W
YDR182W	YLL039C
YER177W	YLR258W
YBR108W	YGR092W
YGL051W	YPL076W
YBR108W	YOR181W
YKL206C	YLR199C
YFR004W	YNL290W
YJL089W	YKL139W
YGR282C	YPR152C
YFR010W	YFR052W
YER171W	YHR027C
YCR012W	YNL147W
YGL014W	YJR010C-A
YBL095W	YPL209C
YER095W	YML075C
YDR331W	YGR174C
YFL039C	YJL081C
YDL148C	YLL039C
YDR259C	YJL106W
YAL030W	YBR200W
YER044C	YHR072W
YGL005C	YMR186W
YDR006C	YOR117W
YDR296W	YNL185C
YGR086C	YOL045W
YBR207W	YLL048C
YDR145W	YPL254W
YCR093W	YIL038C
YOR290C	YPR133C
YKL119C	YLR447C
YDR324C	YJL069C
YDR448W	YGL112C
YCR012W	YPR152C
YCR106W	YJL006C
YDL047W	YDR477W
YHL003C	YJL183W
YDL014W	YNR038W
YNL217W	YNL307C
YLR196W	YNL230C
YGR092W	YNL155W
YLL039C	YLR270W
YDR443C	YGL025C
YDL047W	YMR028W
YMR034C	YPL211W
YJL013C	YNL172W
YDR490C	YMR104C
YLR332W	YMR109W
YNL055C	YNL121C
YLL039C	YOR089C
YCR068W	YDR331W
YDR398W	YNR016C
YGR148C	YIR010W
YNL248C	YPR052C
YBR202W	YMR043W
YDL014W	YFR004W
YER144C	YIL095W
YER177W	YHR027C
YDR227W	YLR278C
YOR181W	YPR154W
YGL104C	YPR028W
YCR057C	YPL081W
YDL160C	YHR121W
YIR009W	YMR213W
YBR198C	YGR252W
YIL142W	YJR070C
YJR066W	YOR181W
YGL229C	YNL076W
YHR026W	YKL065C
YBR048W	YLR441C
YLR024C	YMR049C
YBR298C	YMR264W
YDL232W	YNL279W
YDL014W	YDR195W
YCR009C	YML011C
YLR350W	YOR054C
YGR198W	YLR305C
YNL112W	YOR206W
YLL039C	YOL137W
YGR090W	YLR150W
YNL064C	YPL233W
YNL307C	YOL130W
YDR328C	YML088W
YGL116W	YPR007C
YGL059W	YGR038W
YOL041C	YPL043W
YOR089C	YOR370C
YGR275W	YLR357W
YLL019C	YPL043W
YDR099W	YOR176W
YLR448W	YPR143W
YDR054C	YLL039C
YBR023C	YLL039C
YDR060W	YMR143W
YDR477W	YJL148W
YHL034C	YMR125W
YOR290C	YOR369C
YHR027C	YJR121W
YDL090C	YKL019W
YGR246C	YNR003C
YBR298C	YDL212W
YEL034W	YHR200W
YHR197W	YLR344W
YGR232W	YHL030W
YML001W	YOR070C
YHR084W	YML065W
YKL210W	YLL039C
YCR034W	YIR022W
YFR031C-A	YLR340W
YML065W	YPR052C
YBR097W	YPL120W
YLR211C	YLR446W
YML016C	YOR054C
YDR334W	YDR485C
YCR073C	YNR031C
YDL131W	YPL240C
YDR276C	YLR241W
YGL120C	YNL112W
YDL232W	YLR378C
YML024W	YML065W
YGR214W	YLL036C
YKR104W	YOL143C
YGR060W	YKL065C
YER016W	YLR333C
YCR057C	YFR031C-A
YDL108W	YNL113W
YKL038W	YOR047C
YDR477W	YER027C
YBR127C	YPR036W
YER086W	YOR257W
YCL033C	YOL082W
Q0130	YLR203C
YHR008C	YML095C
YCL024W	YLL039C
YDL031W	YER006W
YBL023C	YNL307C
YDR324C	YNR054C
YFR004W	YGR232W
YGR252W	YKR008W
YKR048C	YNL078W
YNR023W	YOR290C
YGL059W	YIL107C
YIR022W	YJR010C-A
YDR466W	YMR109W
YAR002C-A	YIL027C
YCL037C	YGL173C
YHR140W	YPL264C
YOR273C	YPL004C
YAL009W	YHR004C
YBL024W	YBR084W
YDL175C	YMR303C
YGL213C	YLR150W
YJL141C	YPR184W
YER105C	YMR153W
YFR052W	YMR276W
YBR059C	YGL207W
YDR035W	YLR355C
YBR117C	YPR074C
YKL009W	YNR053C
YDR361C	YJR056C
YCR009C	YPL004C
YLL039C	YNL132W
YHR027C	YNL069C
YER026C	YGR060W
YJR159W	YML064C
YLL039C	YMR276W
YAR002C-A	YPL186C
YBL060W	YJL047C
YKL186C	YMR125W
YGL197W	YNL307C
YMR087W	YNL135C
YJL006C	YKL139W
YMR287C	YOR174W
YHL020C	YKL065C
YGR077C	YNL214W
YIR010W	YPL143W
YLR196W	YPL141C
YBR170C	YKL020C
YHR022C	YOR032C
YGL059W	YKR048C
YHR058C	YLR071C
YGR086C	YNL107W
YLR287C-A	YLR441C
YGR130C	YJL106W
YIL095W	YJL184W
YDL029W	YLR309C
YER021W	YJL165C
YJR145C	YOR096W
YHR027C	YOR340C
YHR200W	YOR117W
YIL107C	YML065W
YDL161W	YIL095W
YGR060W	YGR175C
YBL003C	YJR145C
YDR523C	YJL141C
YGR215W	YJR101W
YML024W	YNL124W
YCR093W	YOR110W
YBR182C	YKL062W
YHR197W	YPL211W
YDR318W	YLR315W
YBL038W	YPR100W
YHR200W	YJL167W
YDR092W	YHR115C
YDR176W	YPR008W
YDR399W	YLL039C
YDR153C	YOR036W
YDR060W	YKR081C
YAL018C	YMR001C
YNL069C	YOR117W
YDR100W	YLL048C
YMR109W	YNR016C
YCR048W	YLR427W
YLR125W	YLR288C
YCR057C	YHR148W
YMR054W	YOL018C
YOL026C	YOR039W
YGL190C	YGR098C
YER095W	YGL245W
YBR136W	YOR181W
YHL034C	YPL012W
YIR010W	YMR012W
YER029C	YHR004C
YDL123W	YHR094C
YAL017W	YAR019C
YDL025C	YPL240C
YGR252W	YOR023C
YGL245W	YNL307C
YDL140C	YDR448W
YLL039C	YMR303C
YHR066W	YMR049C
YBR207W	YJL178C
YGR148C	YHR197W
YJR090C	YOL136C
YDR142C	YIL160C
YBL075C	YLR362W
YGR203W	YIL119C
YGL245W	YPR010C
YIL144W	YOL069W
YDL148C	YMR290C
YCR093W	YNL091W
YER017C	YFL018C
YDR449C	YPL217C
YGL112C	YOL072W
YBR200W	YDR103W
YBR048W	YLR340W
YCR034W	YJR010C-A
YDR477W	YLR192C
YFR002W	YKL068W
YML065W	YNR053C
YIL095W	YJL044C
YDR331W	YOR307C
YFR004W	YLR192C
YKL211C	YPR010C
YCL059C	YML065W
YCR081W	YLR071C
YBR273C	YKL213C
YFR004W	YPR036W
YFR050C	YHR200W
YDR142C	YGL153W
YDR477W	YNL186W
YCR009C	YIL148W
YBR183W	YPL076W
YJL033W	YOR287C
YKL079W	YPL203W
YBR170C	YOL013C
YLR433C	YMR246W
YDR473C	YNL147W
YDL140C	YHR058C
YBR198C	YOR308C
YFL007W	YGR253C
YHR200W	YPL231W
YER006W	YLR106C
YML023C	YMR053C
YNL124W	YPL240C
YOR145C	YPL263C
YGL161C	YOR357C
YBR127C	YPR116W
YDL072C	YKL065C
YIL062C	YMR109W
YOL018C	YOR327C
YNR054C	YOR096W
YBL045C	YMR059W
YDR507C	YKR048C
YDR361C	YLL039C
YFL049W	YOR290C
YFR004W	YLR351C
YER177W	YKL168C
YGL120C	YMR143W
YDR308C	YHR058C
YDL030W	YDR363W-A
YFR009W	YNL307C
YIR010W	YNR016C
YNL074C	YNL307C
YIR010W	YNL290W
YDR443C	YPR070W
YGL208W	YNR035C
YCL027W	YNL058C
YMR303C	YOL094C
YDR293C	YGL178W
YFL021W	YKL161C
YML001W	YOL100W
YBL003C	YPR190C
YOR047C	YPR103W
YBL011W	YBR002C
YDR363W-A	YDR427W
YBR247C	YPR144C
YFL007W	YPR103W
YIL142W	YLL011W
YHR197W	YJL122W
YDR223W	YJL141C
YLL039C	YLL048C
YMR290C	YPL009C
YDR092W	YKL210W
YDR192C	YFR031C-A
YGL112C	YMR043W
YKL064W	YKL166C
YDR036C	YLR397C
YJL014W	YKR036C
YAL027W	YNL106C
YDL065C	YGR052W
YER093C	YKL203C
YLL036C	YPR152C
YFR004W	YHR108W
YJR041C	YKL014C
YBL003C	YLR276C
YBR274W	YPL203W
YMR294W	YPL174C
YJL167W	YJR140C
YDL081C	YGR209C
YJR059W	YMR068W
YJR059W	YNL125C
YGR063C	YGR116W
YGR092W	YKL168C
YLR227C	YOL091W
YLR386W	YNL054W
YCL024W	YLR055C
YFR004W	YNR043W
YAL017W	YLR150W
YJR014W	YLR441C
YDR328C	YLL050C
YDL005C	YPR070W
YCL037C	YMR125W
YIL019W	YJL069C
YKL203C	YNL138W
YBR202W	YIL046W
YPL076W	YPR028W
YBR055C	YBR126C
YFR004W	YJR137C
YGL112C	YOR257W
YGR254W	YHR152W
YLL011W	YNL132W
YER139C	YKR081C
YFR004W	YLR243W
YOR027W	YOR117W
YHR198C	YLL005C
YER177W	YFR004W
YGL011C	YJL088W
YPR016C	YPR143W
YMR043W	YNL042W
YGL147C	YHR027C
YHR148W	YJL069C
YDR122W	YER167W
YBL003C	YNL132W
YCR081W	YHR058C
YFL024C	YOL012C
YIR024C	YNL248C
YDL179W	YKR048C
YGR103W	YKR081C
YGR090W	YMR290C
YDR427W	YKL145W
YBL087C	YJL014W
YBL023C	YGR270W
YNR003C	YPR190C
YDL223C	YJR059W
YPL012W	YPL043W
YDL030W	YMR240C
YBR229C	YLL039C
YKR064W	YPL240C
YKL060C	YML065W
YDR168W	YPL240C
YBR198C	YDR145W
YFL049W	YGR275W
YBR247C	YHR169W
YER139C	YHR143W-A
YGR192C	YHR027C
YJL117W	YLL039C
YLL039C	YML106W
YGR092W	YML064C
YDL140C	YIL153W
YBR159W	YJL214W
YEL002C	YKL065C
YGR284C	YPL264C
YHR041C	YMR112C
YER067W	YLR340W
YBR082C	YKL210W
YGR161C	YLL039C
YGR167W	YOL100W
YOR117W	YOR341W
YFR031C-A	YPL009C
YGL240W	YIR025W
YOL072W	YOR257W
YCR042C	YGL112C
YNR053C	YPL198W
YNL061W	YOR227W
YER086W	YER095W
YCR093W	YDR252W
YHR027C	YKL014C
YDR293C	YKR028W
YBR002C	YKL140W
YBR272C	YOR117W
YDL029W	YHR027C
YHR027C	YKL145W
YDR276C	YJR010C-A
YLR276C	YPL211W
YEL031W	YHR027C
YCR061W	YLR138W
YER153C	YJR059W
YLR360W	YPL120W
YDR169C	YER090W
YJL214W	YMR243C
YGR031W	YJR089W
YDR380W	YIL027C
YDR451C	YMR043W
YGL097W	YML065W
YLR148W	YOL018C
YLR276C	YPL012W
YML016C	YOL091W
YJL047C	YPR164W
YHR027C	YJR109C
YKL145W	YPR036W
YDR507C	YOR141C
YNL055C	YOL132W
YNL117W	YOL045W
YCR093W	YER068W
YDL031W	YIR010W
YDR293C	YDR477W
YBR136W	YOR027W
YKR081C	YML065W
YEL017C-A	YPR079W
YBR114W	YMR226C
YNL032W	YNL093W
YCR057C	YGL011C
YBR159W	YDR307W
YIL033C	YMR239C
YLR150W	YLR448W
YER103W	YOR039W
YDR168W	YFR004W
YNL307C	YPR089W
YLL039C	YMR243C
YDR107C	YMR070W
YKL145W	YMR264W
YMR077C	YPR173C
YJR060W	YKL089W
YGL207W	YKR008W
YDR169C	YPL203W
YJL081C	YNL136W
YNL069C	YNL124W
YLL034C	YMR242C
YBR207W	YEL013W
YLL039C	YPL226W
YBR057C	YIL144W
YBL055C	YDR477W
YLR113W	YNL330C
YKL009W	YMR049C
YLR196W	YOR176W
YGL250W	YOR028C
YJR059W	YLR258W
YER010C	YJR059W
YBL043W	YGL240W
YJL176C	YPR052C
YFR024C-A	YLR422W
YHR029C	YNL317W
YEL046C	YPL249C
YIL041W	YOL018C
YDR227W	YER105C
YDL031W	YNL175C
YKL166C	YML013W
YGR184C	YPR103W
YBR108W	YPR154W
YJR059W	YKR021W
YML064C	YMR226C
YEL037C	YML011C
YIL038C	YPL231W
YBL039C	YLL039C
YHR200W	YPR036W
YGR284C	YMR292W
YDR329C	YGL153W
YDL031W	YLR449W
YDR280W	YHR081W
YGL229C	YPL180W
YMR049C	YNL124W
YGR215W	YKL003C
YPL211W	YPR016C
YAL042W	YIR010W
YDL095W	YLR150W
YJL157C	YMR012W
YFL013C	YIR010W
YIL118W	YNL271C
YCR020W-B	YML127W
YJL014W	YJL176C
YJL030W	YNL218W
YIL010W	YPL209C
YJL014W	YLR220W
YJL033W	YPR080W
YEL054C	YLR340W
YDR324C	YPL160W
YDR168W	YFL029C
YBL055C	YBR059C
YBR298C	YGL051W
YAL062W	YPL160W
YBR202W	YLL039C
YIR005W	YLL036C
YBL103C	YOL067C
YBR048W	YPL081W
YGL003C	YIL142W
YGR091W	YNL005C
YHR190W	YML008C
YER100W	YLL039C
YGL051W	YKR039W
YMR297W	YOR137C
YGR214W	YKL010C
YDR473C	YGR091W
YJR059W	YLR319C
YPL081W	YPR144C
YLL039C	YPL043W
YER006W	YLL039C
YBR200W	YGR152C
YGL059W	YMR086W
YDR192C	YMR153W
YDR080W	YLR148W
YMR149W	YNL322C
YFR004W	YOR374W
YDR028C	YNL009W
YBR247C	YLR264W
YEL062W	YOR138C
YKL014C	YMR049C
YBL075C	YKR072C
YLR197W	YNL124W
YGL025C	YOL130W
YBR247C	YLR197W
YHR179W	YLL039C
YAL038W	YIR010W
YBR264C	YLL039C
YKR081C	YMR242C
YLL034C	YNL002C
YBL055C	YDR283C
YGR103W	YNL061W
YOR042W	YOR181W
YIL109C	YLR245C
YLL039C	YOR322C
YGR192C	YOR014W
YDR171W	YOL083W
YIL153W	YNL314W
YDR289C	YPR152C
YDL030W	YDL209C
YJR065C	YLR203C
YGR103W	YLR196W
YHL034C	YOL041C
YGL120C	YLR197W
YNL023C	YNL135C
YHR072W	YNL280C
YDL030W	YML049C
YER036C	YHR200W
YCR034W	YDL054C
YOR096W	YPL198W
YMR231W	YOR106W
YHL034C	YHR193C
YDR356W	YPL180W
YBR247C	YDL148C
YHL025W	YIR010W
YIR019C	YMR284W
YDL222C	YGR130C
YDR105C	YJL178C
YGR055W	YIL105C
YJR059W	YNL074C
YDR301W	YMR061W
YJR059W	YLR410W
YHR027C	YNL055C
YML001W	YOR370C
YLL034C	YNL307C
YNL093W	YOR132W
YBL041W	YFR050C
YFR024C-A	YOR039W
YKR081C	YNL002C
YNL058C	YNL307C
YFL044C	YKL020C
YHR089C	YLR196W
YDR190C	YLR385C
YLL039C	YOL013C
YDR099W	YGL035C
YGL156W	YLL039C
YKL145W	YMR276W
YNL307C	YPR013C
YBR155W	YEL030W
YGL059W	YLR319C
YDL077C	YOR106W
YBR122C	YNL284C
YHR081W	YLR197W
YDL131W	YFR004W
YML065W	YPL190C
YLR131C	YNL307C
YBR126C	YGR092W
YEL037C	YIL148W
YDR363W-A	YNL087W
YGR098C	YGR163W
YDR060W	YLL039C
YJL157C	YJR086W
YDL029W	YIL095W
YCR057C	YIL019W
YBR059C	YDR229W
YEL002C	YMR149W
YIL125W	YMR242C
YGL070C	YHR143W-A
YJR092W	YLL039C
YKL064W	YLL039C
YDL072C	YHL020C
YHR069C	YOL021C
YMR226C	YNL290W
YLL039C	YNL321W
YBL003C	YGR275W
YEL013W	YPL180W
YMR214W	YPR129W
YKR078W	YLL005C
YML008C	YOR117W
YGR252W	YHR041C
YCR079W	YIL125W
YJL014W	YJR090C
YKL166C	YLR043C
YDL108W	YHR041C
YGL120C	YOL041C
YDR289C	YGL246C
YKL062W	YNL136W
YDL031W	YKL009W
YJL052W	YLR320W
YGL190C	YNL222W
YDL188C	YML126C
YNL132W	YPL012W
YDR227W	YGR010W
YLL039C	YMR197C
YEL034W	YHR027C
YEL017C-A	YPL227C
YJR046W	YMR111C
YCR030C	YPR152C
YCL059C	YOR096W
YDR328C	YIL071C
YFR024C-A	YGR241C
YBL017C	YOL018C
YDL095W	YHR096C
YBR080C	YIL046W
YDL140C	YGR186W
YBR055C	YDL030W
YBR200W	YPL045W
YDR169C	YLR249W
YBR055C	YNL147W
YBR143C	YLR371W
YIL105C	YKL203C
YBR159W	YIR022W
YBR048W	YPL012W
YGR281W	YLL039C
YHR089C	YOR340C
YBL039C	YDL108W
YAL013W	YDL076C
YDR443C	YMR112C
YCR034W	YPL076W
YCR009C	YMR232W
YJL052W	YLL036C
YBR298C	YKL065C
YBR272C	YPL001W
YFL014W	YHR152W
YLL039C	YOL018C
YGL025C	YPR052C
YML012W	YMR015C
YEL037C	YOR257W
YBR159W	YLR292C
YDR247W	YOR177C
YGL246C	YLR340W
YER059W	YPL046C
YGL050W	YJR031C
YCL054W	YGL120C
YGR275W	YKL101W
YKL009W	YPR016C
YDR060W	YPL043W
YJR145C	YML056C
YDR324C	YLR197W
YBR225W	YGL197W
YLR113W	YOL148C
YBR214W	YLR079W
YGR184C	YLL039C
YGR186W	YPR152C
YCL052C	YJR010C-A
YBR048W	YPL217C
YBR108W	YPL004C
YDL097C	YOL117W
YDR448W	YML015C
YDR466W	YGR078C
YHR081W	YHR089C
YGR103W	YHR197W
YLR102C	YMR001C
YDR100W	YPL218W
YDR233C	YLL039C
YBR127C	YKL080W
YIR010W	YJL081C
YHR027C	YLR447C
YDL210W	YKL065C
YDR359C	YJR082C
YDR171W	YJR148W
YCL010C	YDR145W
YMR025W	YOL117W
YCL010C	YOL148C
YBR261C	YOL143C
YOL054W	YOR178C
YEL037C	YOR157C
YPL222W	YPL254W
YCL010C	YLR055C
YGR253C	YKL014C
YGR245C	YKL009W
YBL017C	YJR066W
YBR084W	YGL207W
YJL030W	YOR370C
YFR004W	YPL240C
YLL039C	YMR250W
YCL037C	YDR293C
YLR003C	YPL209C
YAL028W	YIL095W
YAL032C	YLL036C
YER143W	YFR004W
YCL056C	YNL131W
YDR334W	YLR385C
YDR145W	YIR010W
YGL031C	YLL039C
YBR234C	YCR009C
YCR063W	YML049C
YFL008W	YGR130C
YBR127C	YGL227W
YBR191W	YLR441C
YDL065C	YLR324W
YHR200W	YKL060C
YJR049C	YJR059W
YER091C	YHR200W
YGR209C	YHR200W
YDL060W	YGR081C
YDR233C	YHR027C
YDR283C	YOR308C
YDL014W	YDL148C
YDL030W	YML104C
YML001W	YPL240C
YDR145W	YPR086W
YJR009C	YML053C
YBL038W	YOR290C
YGR052W	YLR258W
YGR057C	YIL109C
YDL014W	YMR290C
YBL017C	YLL039C
YHR027C	YKL182W
YMR239C	YNL248C
YDR176W	YPL254W
YDL232W	YDR086C
YKR081C	YPR045C
YGL105W	YJL165C
YBL003C	YNL290W
YLR378C	YPL094C
YBR055C	YJR104C
YER100W	YKL210W
YJL167W	YJR059W
YFL007W	YGL048C
YDL070W	YNL298W
YGR084C	YGR215W
YDL097C	YDR142C
YDL140C	YHR143W-A
YJR022W	YKR104W
YDR086C	YPR071W
YDR075W	YIL142W
YBR065C	YER013W
YGR130C	YMR142C
YLL039C	YPL240C
YGR055W	YPL004C
YIL155C	YLL039C
YER120W	YHR200W
YLL039C	YPR074C
YPL043W	YPL211W
YDR119W	YKL188C
YBR083W	YFL009W
YAL038W	YDL116W
YBR200W	YER114C
YDR427W	YPR040W
YKL074C	YLR117C
YOR206W	YPL043W
YHR001W	YKR036C
YMR186W	YOL013C
YBL024W	YGR092W
YDR054C	YLR079W
YLL039C	YLR059C
YLL039C	YNL045W
YBR234C	YJR065C
YCR057C	YOL077C
YMR125W	YMR240C
YFR009W	YLL040C
YHR027C	YML057W
YEL013W	YHR195W
YLR052W	YPL218W
YDR118W	YLR401C
YCR063W	YGL120C
YBL102W	YJL178C
YDL223C	YGL059W
YDL047W	YOR259C
YBL102W	YMR292W
YMR059W	YOL139C
YLL039C	YPL134C
YER029C	YJR084W
YLL019C	YOL041C
YJL141C	YLL001W
YBL003C	YDR463W
YBR084W	YDR466W
YNL250W	YOL069W
YER050C	YGR084C
YDR145W	YML015C
YER021W	YGL027C
YJR012C	YLL061W
YDR248C	YDR304C
YKL003C	YOL027C
YBR247C	YDR324C
YKL196C	YLR440C
YBR136W	YGL245W
YNL093W	YOR370C
YDR145W	YER164W
YDL031W	YPL043W
YAL002W	YOR089C
YIL071C	YOL117W
YDR284C	YPR071W
YCL027W	YKR101W
YGR001C	YJL006C
YDL160C	YGL173C
YDR100W	YPR079W
YFL044C	YKL213C
YDR211W	YJR090C
YFL017W-A	YPR057W
YLR071C	YOR174W
YER013W	YIR009W
YDL160C	YNL147W
YFL026W	YOR212W
YNL194C	YPR079W
YEL034W	YLR340W
YPL061W	YPR080W
YCL037C	YNL064C
YDL199C	YLL039C
YDL031W	YLR276C
YBR080C	YDR427W
YCR042C	YML015C
YJR065C	YLL039C
YDR006C	YHR200W
YBR055C	YER029C
YKL007W	YOR181W
YHL035C	YLR115W
YER044C	YGR060W
YDL108W	YOR141C
YBL102W	YHR027C
YHL024W	YHR077C
YHR104W	YLL039C
YDR099W	YGL059W
YBL024W	YDL014W
YKL101W	YOL139C
YJR138W	YOL138C
YMR197C	YOR106W
YDR075W	YGR192C
YLL039C	YNL224C
YGR184C	YNL307C
YLR043C	YOR106W
YDL195W	YHR200W
YDR453C	YMR059W
YBR253W	YGR104C
YJR145C	YMR242C
YER006W	YNL002C
YOR047C	YOR302W
YGL156W	YOL083W
YLL039C	YOL119C
YHR033W	YML064C
YKL052C	YML024W
YDL188C	YDR523C
YCR057C	YJL033W
YJR145C	YPL012W
YGR090W	YNL186W
YDR443C	YOR174W
YLL034C	YLR288C
YEL009C	YOR290C
YDL188C	YGL011C
YOL082W	YOL100W
YGR090W	YLR197W
YEL009C	YOR298C-A
YDR155C	YOL068C
YML012W	YMR123W
YAL017W	YGL245W
YGL207W	YJL106W
YKL020C	YKL213C
YBR059C	YDR312W
YEL017C-A	YOL018C
YDR118W	YLR102C
YAL032C	YMR125W
YGL190C	YLR249W
YOR192C	YPL240C
YHR008C	YOL016C
YGL016W	YGR180C
YBR200W	YOR106W
YOL126C	YPL180W
YAL030W	YGR142W
YDR449C	YJL069C
YLL039C	YOR142W
YML106W	YOR117W
YGR284C	YHR142W
YLL039C	YLR028C
YDR007W	YJL165C
YDL014W	YIR010W
YFL026W	YPL187W
YGL059W	YKL064W
YDR076W	YHR033W
YER100W	YPL240C
YDR086C	YPL094C
YGL087C	YMR140W
YHR027C	YNL064C
YLL039C	YMR081C
YLR449W	YNL061W
YDR296W	YNL005C
YBL003C	YJL006C
YGL016W	YOR185C
YDR448W	YOR023C
YJL165C	YKL038W
YJR121W	YNL131W
YKR008W	YLR410W
YOR001W	YOR076C
YAL041W	YNL118C
YDR304C	YER050C
YOL107W	YPL141C
YER139C	YOR151C
YHR098C	YIL109C
YLL039C	YLR258W
YAL041W	YLL039C
YKL210W	YML112W
YER178W	YIL042C
YDL014W	YKL018W
YKL101W	YPL203W
YMR047C	YPL012W
YIL038C	YPL203W
YHR066W	YNL002C
YGL112C	YNL236W
YLR240W	YLR360W
YGR090W	YNL230C
YDL188C	YLL039C
YDR320C	YPL226W
YFL026W	YKL203C
YBR248C	YFR004W
YDR225W	YOL012C
YDL030W	YOR023C
TL(UAA)J	YPL007C
YBL087C	YOR117W
YBR293W	YGR174C
YCL024W	YGL245W
YDR318W	YGL093W
YER059W	YLL039C
YOR117W	YOR298C-A
YNL230C	YPL012W
YER171W	YPR121W
YER086W	YOR160W
YCL010C	YER164W
YGR187C	YLR362W
YPL018W	YPL233W
YLL019C	YLR438W
YJR140C	YNL312W
YLR377C	YML064C
YLR344W	YML065W
YDR192C	YMR047C
YER029C	YMR240C
YGR167W	YKL069W
YLL039C	YLR149C
YBR028C	YNR046W
YGL104C	YMR264W
YHR027C	YJR009C
YJL148W	YNL248C
YHR152W	YLR288C
YMR125W	YNL330C
YDL188C	YGL190C
YDL014W	YGL120C
YGR281W	YLR332W
YOR027W	YPR178W
YBR289W	YML065W
YIR010W	YMR049C
YGL245W	YPL245W
YGL059W	YKL079W
YDR363W-A	YFR004W
YER139C	YKL048C
YDR311W	YPR052C
YAL041W	YER114C
YBR082C	YPR103W
YLL039C	YPL210C
YBR024W	YLL039C
YDL090C	YKR048C
YHR179W	YMR059W
YCR061W	YIL147C
YLR441C	YMR242C
YIR005W	YML049C
YOR156C	YPL174C
YCR106W	YPL240C
YEL002C	YPL234C
YDR054C	YJR090C
YBL045C	YDL179W
YKL196C	YLR150W
YBL003C	YDL014W
YGL031C	YNL069C
YFR024C-A	YPR097W
YBL003C	YGR270W
YHL009C	YOL100W
YCR091W	YOL104C
YBR055C	YDL160C
YCR024C-A	YPL227C
YCR012W	YPL240C
YGR167W	YJR125C
YER008C	YIL118W
YHR096C	YPL240C
YHR157W	YLR329W
YLR287C-A	YNL069C
YGR090W	YOL077C
YDL091C	YLL039C
YDL014W	YJR145C
YJR010C-A	YKL009W
YBR273C	YJL141C
YBR072W	YBR127C
YHR088W	YPR016C
YHL032C	YPL004C
YAL041W	YDR103W
YDL065C	YPL203W
YNL135C	YPR166C
YKL101W	YNL132W
YIR037W	YLR345W
YDL014W	YER164W
YMR280C	YNL307C
YDR195W	YMR242C
YGL190C	YJL014W
YBR026C	YDR054C
YDR028C	YER177W
YDR312W	YDR477W
YDL095W	YNL055C
YDL140C	YFR004W
YHR084W	YNL064C
YGR268C	YLL039C
YER139C	YOL100W
YFR010W	YKL007W
YER120W	YKL065C
YHR027C	YOL022C
YDR409W	YGR126W
YIR010W	YJR060W
YDR427W	YMR276W
YLL039C	YPR036W
YJR022W	YNL329C
YIR010W	YLR340W
YJL033W	YOR096W
YER039C	YNL130C
YBL056W	YFR004W
YDR330W	YGR268C
YGR055W	YKL051W
YER177W	YPR008W
YIR010W	YPR190C
YHR169W	YIL125W
YKL068W	YPL169C
YCR057C	YGR090W
YGR055W	YLR413W
YLR427W	YMR290C
YAL038W	YLR166C
YCR063W	YER013W
YEL046C	YLL039C
YFR004W	YMR186W
YGL078C	YHR089C
YLR085C	YNL107W
YGR192C	YKL060C
YGR056W	YMR033W
YIL144W	YMR001C
YIR010W	YLR441C
YAL032C	YPR152C
YDL025C	YJL033W
YJR036C	YNL307C
YAL021C	YGR134W
YAR028W	YML067C
YMR298W	YPL094C
YDR153C	YJR059W
YHR140W	YIL016W
YLR448W	YMR142C
YGR250C	YGR281W
YBR052C	YCR004C
YMR290C	YNL002C
YMR276W	YOR117W
YNL107W	YPR023C
YDL047W	YGR282C
YLL039C	YOL130W
YGL120C	YNL113W
YDR296W	YPR100W
YDL203C	YLL039C
YGL207W	YGR063C
YAL047C	YNL224C
YLL039C	YOR164C
YDL047W	YDL140C
YEL013W	YMR197C
YDL128W	YGR295C
YHR027C	YKL010C
YKL213C	YNL073W
YDR427W	YHR019C
YEL037C	YPL141C
YLR045C	YPL269W
YBL003C	YER006W
YJR145C	YLR197W
YGL093W	YIR010W
YHR143W-A	YOR341W
YEL043W	YOL069W
YBR052C	YKL051W
YKL078W	YNL186W
YBR001C	YDR171W
YIL034C	YLR274W
YCR073C	YHR027C
YFR010W	YGR232W
YDR075W	YHR033W
YGR090W	YIR010W
YDL097C	YGR232W
YER124C	YLR362W
YEL013W	YLL039C
YMR012W	YPR152C
YGL084C	YLL039C
YFR024C-A	YNL094W
YGL147C	YKL009W
YKL139W	YPL081W
YCL052C	YHR026W
YDL108W	YOR174W
YBR243C	YML075C
YER068W	YJR119C
YHL030W	YNL132W
YGR245C	YPR016C
YOL016C	YPR036W
YGL031C	YKL009W
YHL034C	YPL081W
YEL017C-A	YGR060W
YGR103W	YPL043W
YGL059W	YHR105W
YML057W	YPL240C
YDR075W	YPR040W
YBR231C	YLR085C
YDR490C	YMR109W
YMR047C	YPL217C
YLR249W	YPL226W
YDR190C	YOL012C
YLL019C	YPL209C
YHL025W	YMR043W
YKR003W	YPL240C
YDR099W	YPR049C
YDR443C	YHR041C
YFR004W	YPR149W
YBL024W	YLR150W
YHR069C	YNL251C
YLL024C	YNR053C
YKL078W	YOL041C
YDR173C	YMR043W
YDL117W	YDR211W
YML032C	YNL312W
YBR272C	YOR259C
YDL148C	YOR078W
YBR191W	YMR242C
YEL030W	YLL039C
YER179W	YHR079C-A
YCR004C	YHR027C
YJL165C	YOR292C
YDR331W	YLR088W
YGL031C	YNL124W
YDL014W	YJL069C
YNL002C	YNR053C
YLR333C	YML065W
YNL002C	YPR143W
YEL017C-A	YJL117W
YBL106C	YGR092W
YKL009W	YPL198W
YDR227W	YFL007W
YIL144W	YOR156C
YFR024C-A	YPL249C
YKR081C	YLR427W
YLL034C	YLR309C
YGL059W	YGL205W
YHR115C	YLR215C
YGR185C	YNR043W
YIR009W	YNL036W
YER177W	YJL141C
YDL105W	YEL019C
YGR063C	YPR010C
YHR152W	YNL134C
YEL009C	YPR086W
YHL034C	YNL175C
YBR084W	YHR089C
YBR272C	YGR232W
YBL038W	YNL284C
YJR102C	YML101C
YML064C	YMR153W
YDR142C	YGR184C
YDR359C	YNL107W
YCR012W	YER146W
YDL060W	YPL012W
YGL120C	YNR054C
YHR078W	YMR150C
YBR159W	YLL050C
YFR004W	YPR074C
YBL042C	YNL121C
YGR152C	YPL161C
YBR264C	YER136W
YDL148C	YGR250C
YBL003C	YDR190C
YGL245W	YIL095W
YAR028W	YGL104C
YDL005C	YGR104C
YFR004W	YLL050C
YLR150W	YPL001W
YKL051W	YOR094W
YDL060W	YDL148C
YFR004W	YKR043C
YGL213C	YKR081C
YDL070W	YJL106W
YIL148W	YKL104C
YDR363W-A	YFR010W
YHR140W	YOL003C
YLR106C	YPL043W
YCL059C	YPL198W
YML012W	YPL227C
YDR295C	YOL069W
YML016C	YPR005C
YER029C	YNR053C
YNL135C	YOR117W
YKL018W	YLR115W
YBL017C	YJL029C
YDR318W	YIR010W
YDL087C	YDR080W
YGL048C	YOR259C
YBR057C	YDR206W
YDL065C	YLL034C
YAR019C	YBR162C
YEL030W	YJL138C
YBL003C	YDR075W
YNL112W	YNL186W
YDR477W	YIL160C
YDL025C	YOR094W
YCL059C	YLR340W
YER179W	YNL055C
YLL011W	YLR197W
YDR050C	YMR186W
YDL160C	YIL148W
YGR117C	YPL240C
YHR188C	YPL076W
YHR027C	YPL140C
YGL048C	YPL169C
YHR160C	YIL160C
YGR056W	YLR033W
YCR034W	YJR161C
YGL116W	YGR225W
YAR028W	YJL097W
YLL039C	YLR241W
YKR081C	YPL211W
YER178W	YFR004W
YBR261C	YER086W
YGR091W	YNL147W
YDR507C	YKL101W
YFR024C-A	YOR042W
YBL060W	YOR094W
YKR048C	YOR032C
YKL203C	YKR093W
YJR041C	YLR276C
YDR477W	YGR043C
YDL212W	YLL061W
YCL037C	YGL120C
YHR087W	YLR340W
YDL095W	YHR027C
YKL150W	YPR154W
YDL014W	YOR287C
YFL024C	YJL081C
YAL027W	YML032C
YFL039C	YMR092C
YGL147C	YIR010W
YLL039C	YNL208W
YER090W	YKL211C
YER008C	YLR166C
YGR268C	YLR206W
YKR048C	YOL012C
YER069W	YHR200W
YER006W	YNR053C
YDR334W	YLR085C
YEL002C	YHL003C
YER136W	YFL038C
YAR028W	YGR055W
YLR332W	YLR371W
YHR027C	YOR181W
YGR140W	YNL078W
YBL075C	YDL095W
YBR127C	YOR181W
YBR045C	YDR103W
YNL130C	YNL336W
YHR084W	YMR164C
YFL017W-A	YPR178W
YAL030W	YPL232W
YBR272C	YOL054W
YLL040C	YOR257W
YDR507C	YLR345W
YOR308C	YPL240C
YNL069C	YPL198W
YCL031C	YLR223C
YBR059C	YGL105W
YDL165W	YDR443C
YFL039C	YHR200W
YGR275W	YMR033W
YAL011W	YJL081C
YER091C	YOL013C
YGL147C	YLR340W
YMR047C	YOR257W
YDL116W	YFR002W
YLR117C	YMR213W
YBR282W	YDR296W
YIL144W	YMR294W
YBR200W	YJL157C
YAR002C-A	YGR060W
YDR139C	YJL047C
YNL069C	YOL039W
YER139C	YKL139W
YDR099W	YLR403W
YER042W	YGR209C
YLR115W	YNL317W
YCL059C	YPL012W
YDR372C	YDR523C
YLL039C	YNR043W
YJR032W	YMR186W
YKL166C	YPL203W
YKR002W	YLR115W
YLR362W	YPL240C
YDR145W	YKL038W
YDR427W	YGL004C
YIL096C	YKL171W
YGR192C	YGR270W
YDR283C	YLR150W
YCR034W	YOL020W
YGR090W	YJL069C
YJR109C	YOR303W
YFL039C	YPL240C
YIL150C	YPL018W
YDL099W	YOL100W
YFR024C-A	YJL201W
YKR081C	YPR143W
YJR022W	YLR143W
YHR089C	YLL039C
YER127W	YLR315W
YJL048C	YKL213C
YER103W	YNL124W
YAL025C	YML065W
YDR507C	YIR008C
YBR057C	YCL055W
YDR060W	YNL118C
YAL055W	YGR133W
YDR507C	YNL078W
YDL095W	YNL074C
YIR010W	YPL081W
YDL222C	YLL039C
YER177W	YOR176W
YJL141C	YOL143C
YDR068W	YLL001W
YGL207W	YJL047C
YJR049C	YLL039C
YKR095W	YLL039C
YEL012W	YPL141C
YAL032C	YDL209C
YFL039C	YLR166C
YDR247W	YLR003C
YGL056C	YKL051W
YPR016C	YPR080W
YMR239C	YOR049C
YJR065C	YMR028W
YBL024W	YNL307C
YAL062W	YCR009C
YDL140C	YPR152C
YDR331W	YPR192W
YLR287C-A	YML063W
YGR126W	YNL307C
YIR010W	YLR321C
YHR115C	YLL039C
YLL039C	YMR033W
YGL014W	YML063W
YHR081W	YOR076C
YJL006C	YMR041C
YGR245C	YHR085W
YGL207W	YNL124W
YDR449C	YGR198W
YML042W	YPL209C
YKL014C	YNL061W
YLR254C	YNL103W
YCL037C	YJR145C
YFL021W	YPL240C
YHR027C	YOR184W
YER047C	YMR109W
YDL087C	YMR125W
YHR105W	YOR034C
YNL236W	YOR355W
YGR090W	YML063W
YBR159W	YKR039W
YGL045W	YOR253W
YGR152C	YJL014W
YJL197W	YJR031C
YFR003C	YML016C
YHR148W	YLL011W
YEL062W	YKL048C
YKL074C	YMR240C
YML123C	YNL061W
YER095W	YKL104C
YHR027C	YKL210W
YBL003C	YPL001W
YHR027C	YLR441C
YGR266W	YJR059W
YML012W	YPL186C
YCL054W	YGR103W
YER136W	YNL135C
YGL051W	YIL120W
YPL240C	YPR002W
YDR074W	YER019C-A
YBR028C	YGL059W
YBR059C	YOR027W
YLR350W	YMR149W
YGL207W	YMR041C
YLL039C	YMR087W
YML126C	YMR142C
YHR066W	YKR081C
YBR288C	YLL039C
YCR061W	YKL004W
YLR048W	YLR410W
YDR195W	YMR061W
YGR052W	YNL186W
YJL106W	YNL073W
YMR221C	YPR036W
YML016C	YNL130C
YBR247C	YHR148W
YDR320C	YHR027C
YJL176C	YOL069W
YAL015C	YMR012W
YBR274W	YOR341W
YJL117W	YML123C
YAL013W	YNL330C
YDL140C	YPR086W
YMR290C	YNR054C
YCR034W	YFL062W
YBR159W	YMR149W
YGR209C	YOR117W
YCL032W	YLR113W
YBR253W	YGR252W
YJR066W	YKL126W
YGR060W	YPR192W
YKL074C	YMR125W
YER136W	YML001W
YGR185C	YHR200W
YDR225W	YGR103W
YEL046C	YFR004W
YIL150C	YNL102W
YDL140C	YPL046C
YDR485C	YOL012C
YHR041C	YOR174W
YIR010W	YMR033W
YGR252W	YML007W
YLR102C	YMR092C
YGL003C	YMR304W
YBR128C	YLR360W
YJR022W	YOR308C
YGL207W	YOR117W
YDR356W	YOL069W
YDR171W	YPR144C
YHR195W	YIL048W
YBR186W	YHR104W
YDR028C	YER155C
YKL166C	YPL232W
YBL041W	YCR073C
YLL039C	YOR112W
YCR057C	YMR143W
YCR057C	YEL050C
YHR027C	YKR039W
YHL020C	YLL039C
YDR128W	YOL138C
YLR377C	YOR141C
YIR010W	YPL209C
YBR289W	YGR275W
YDL199C	YER021W
YBL103C	YFR021W
YDR448W	YOL148C
YER006W	YOR206W
YKL010C	YLL039C
YHR200W	YLR340W
YLL039C	YLR413W
YBL087C	YGR103W
YLR197W	YNL075W
YDR466W	YJR154W
YDL212W	YHR094C
YLR197W	YNL250W
YJR021C	YLR386W
YBR198C	YGL112C
YNL102W	YOR341W
YGL048C	YKL139W
YHR027C	YLL039C
YOR117W	YPL028W
YFL013C	YOR141C
YBL003C	YLR274W
YBR289W	YMR033W
YBR023C	YLR330W
YBL087C	YKL104C
YBR173C	YKL206C
YDR190C	YML064C
YJR014W	YKL009W
YDR477W	YKL008C
YJL138C	YOL045W
YJR060W	YPR052C
YGL189C	YLR435W
YML016C	YPR138C
YAR019C	YPL141C
YIL144W	YPL209C
YMR240C	YPR152C
YJR066W	YKL171W
YDR331W	YKL065C
YDR280W	YOR076C
YMR125W	YPL169C
YBL003C	YBR247C
YAR019C	YOR018W
YGR241C	YIR006C
YKL166C	YNL093W
YKL166C	YKR072C
YGL059W	YGR266W
YFR004W	YJR070C
YFR036W	YGL116W
YDL031W	YMR049C
YLR201C	YML110C
YHR137W	YLL039C
YHR026W	YPL234C
YDL086W	YHR169W
YBR203W	YKR048C
YHR084W	YLR441C
YMR001C	YOR259C
YDR259C	YDR311W
YDR190C	YPL140C
YIL078W	YKL101W
YLR117C	YMR240C
YIL038C	YIL148W
YGR090W	YOR206W
YLL039C	YNL149C
YCR057C	YDR449C
YDR100W	YPL094C
YCR024C-A	YDR331W
YDR073W	YMR033W
YMR290C	YPL211W
YDL212W	YPL076W
YBR055C	YHR019C
YGR084C	YIL067C
YJL091C	YPL076W
YGL013C	YNL087W
YER164W	YPL254W
YPL087W	YPL227C
YBL003C	YMR284W
YDR318W	YKL089W
YGL153W	YGR077C
YCR012W	YLL039C
YDR523C	YER100W
YBR059C	YDR239C
YIR010W	YNL112W
YEL002C	YMR264W
YEL062W	YJR090C
YER171W	YHL030W
YDR054C	YMR080C
YBR038W	YNL307C
YDR422C	YDR477W
YGR209C	YLL034C
YBR059C	YFR004W
YIL144W	YNL078W
YHR121W	YMR001C
YBR216C	YLL039C
YDR097C	YFL013C
YGL120C	YPL012W
YJR138W	YPL240C
YKL145W	YMR191W
YDL160C	YNL157W
YKL140W	YLR144C
YJR056C	YPL018W
YKL166C	YLR440C
YCL037C	YDL140C
YHR140W	YPR028W
YCR057C	YNL075W
YGR244C	YOR142W
YGL073W	YHR206W
YER092W	YFL013C
YGR130C	YOR014W
YER164W	YOL148C
YBR253W	YDR448W
YBR143C	YHL030W
YFR004W	YML063W
YGR254W	YNL073W
YLR223C	YLR362W
YEL039C	YFR004W
YMR125W	YOL139C
YIL046W	YLR082C
YCL048W	YPL240C
YPL227C	YPL264C
YLL036C	YOR148C
YGR087C	YLR427W
YAR002C-A	YIL124W
YCL034W	YOR181W
YLL039C	YNL281W
YBR170C	YNL155W
YIL016W	YKL008C
YBR155W	YIL144W
YBR127C	YDR328C
YIL105C	YML057W
YGR078C	YOL100W
YJL006C	YOR335C
YBL003C	YMR290C
YDR168W	YLR113W
YER036C	YMR012W
YLR048W	YNL124W
YBR059C	YER144C
YGR103W	YLR106C
YOL016C	YPR013C
YCR057C	YGL120C
YLR447C	YOL018C
YGR167W	YLR170C
YDL237W	YLL039C
YBL003C	YIL148W
YBL102W	YOR036W
YAL032C	YGR270W
YHR200W	YKL210W
YCL059C	YIL019W
YML016C	YMR311C
YFR004W	YHR021C
YLR091W	YPR116W
YDL134C	YOR014W
YDL117W	YNL152W
YKL186C	YLL039C
YGL246C	YLR448W
YEL034W	YML063W
YGR092W	YOL012C
YBL024W	YIL095W
YLL039C	YPL045W
YBR200W	YMR247C
YDL175C	YNL251C
YBR261C	YLR245C
YDR099W	YDR477W
YAR028W	YLL039C
YLL039C	YMR059W
YFL039C	YGR080W
YDL159W	YLR313C
YLR377C	YMR186W
YGL120C	YMR290C
YEL037C	YKL145W
YGR258C	YPL141C
YDR028C	YLR028C
YPL226W	YPR080W
YBR023C	YDR153C
YDL029W	YJL153C
YGL187C	YML042W
YBL003C	YDL070W
YBR061C	YMR259C
YLR276C	YOR206W
YHR197W	YMR242C
YDL212W	YJL165C
YBL003C	YGL120C
YAL041W	YGR152C
YEL034W	YJR070C
YBR230C	YNL121C
YBR048W	YFR031C-A
YKR101W	YML065W
YIR037W	YJR009C
YGR213C	YHR134W
YLL039C	YLR220W
YDR060W	YMR290C
YNL001W	YOL041C
YDR099W	YGR214W
YBR179C	YOR211C
YHR041C	YNL236W
YDR477W	YFR022W
YML126C	YPR080W
YGL127C	YNR010W
YER089C	YIL033C
YDL097C	YEL009C
YGL048C	YIL007C
YNL132W	YPL081W
YDL060W	YER006W
YGL147C	YGR232W
YKR081C	YNL230C
YNL138W	YOR087W
YML056C	YPL198W
YDL103C	YGL245W
YIR006C	YNL084C
YNL061W	YPL146C
YBL023C	YNL102W
YAL027W	YPL004C
YGL207W	YNL102W
YGR167W	YNR031C
YBR227C	YML064C
YHR193C	YMR049C
YLR345W	YMR261C
YDL095W	YOR321W
YDR260C	YNL172W
YHR110W	YML012W
YHR027C	YPL226W
YMR297W	YOL013C
YBR097W	YFL053W
YIL135C	YNL307C
YCL037C	YLR369W
YKL014C	YLR276C
YBR054W	YNL048W
YIL041W	YJR032W
YDR255C	YGL227W
YBL003C	YLR357W
YHR121W	YOR058C
YBL039C	YGL048C
YEL009C	YOR023C
YKL101W	YKR071C
YER114C	YMR244W
YFR031C-A	YLR287C-A
YAL027W	YPL146C
YFL039C	YLR052W
YLL039C	YOR327C
YJR056C	YML064C
YDR345C	YFR004W
YHR153C	YJR059W
YIR007W	YNL023C
YMR049C	YOL012C
YLR180W	YMR012W
YLR048W	YPR129W
YBR095C	YMR159C
YHR092C	YKL203C
YLL001W	YNL118C
YBR023C	YHR142W
YGL120C	YML065W
YHR065C	YNR054C
YDR356W	YOR257W
YDL005C	YHR041C
YDL209C	YMR213W
YGL173C	YPL004C
YKL171W	YKL203C
YER049W	YMR047C
YDR477W	YGR092W
YKL074C	YLR357W
YKR028W	YLL039C
YDR059C	YER068W
YOR035C	YPL240C
YFL049W	YNR023W
YDL108W	YEL037C
YJL103C	YLR377C
YAL015C	YEL030W
YCL059C	YDR449C
YGR191W	YPL218W
YDL140C	YEL037C
YGR161C	YJR059W
YGL173C	YOL139C
YKL101W	YNL077W
YHL017W	YIL111W
TR(UCU)K	YDR341C
YER177W	YLR197W
YGL056C	YLR413W
YML123C	YNR075W
YDR380W	YIL034C
YNR016C	YPL004C
YLR150W	YOR257W
YBR155W	YPL141C
YBL075C	YLL039C
YLR210W	YPL269W
YCR010C	YFL055W
YGL226C-A	YLL039C
YFR031C-A	YOR096W
YEL054C	YFR031C-A
YDR171W	YOL147C
YER021W	YHR027C
YDR359C	YLR113W
YER156C	YPL209C
YBL041W	YIL007C
YMR186W	YPL146C
YDL212W	YMR149W
YIL062C	YNL073W
YDL030W	YFL017W-A
YGL223C	YJL036W
YBR072W	YNL064C
YGL031C	YGR214W
YCR007C	YKR066C
YBL056W	YLR240W
YDL222C	YLR332W
YDL140C	YMR201C
YHR058C	YPR070W
YFR010W	YGL141W
YBL003C	YPL217C
YBR298C	YCR034W
YBR274W	YMR102C
YDL060W	YOR145C
YER086W	YPR080W
YIR035C	YPL001W
YBL075C	YNL124W
YDR259C	YIL153W
YBR059C	YFR024C-A
YEL001C	YGR126W
YAL028W	YNL307C
YJR066W	YNL138W
YBR084W	YLR448W
YER155C	YGR080W
YER111C	YOR066W
YCL027W	YNL271C
YGR268C	YOR124C
YMR153W	YPL018W
YGR237C	YIL154C
YGR060W	YPR028W
YDR477W	YGL035C
YFR024C-A	YLR206W
YJR010C-A	YOL041C
YIL004C	YIL109C
YDL029W	YEL037C
YHR084W	YML063W
YLR340W	YLR448W
YGL245W	YGR207C
YGR081C	YPL012W
YJL036W	YLL039C
YDR301W	YNL317W
YLL024C	YPL240C
YLR449W	YOL012C
YCL054W	YPR016C
YGL025C	YML007W
YER021W	YOR259C
YDR324C	YDR449C
YDL047W	YGL246C
YGL229C	YJR066W
YGR275W	YNR023W
YAL038W	YPR010C
YDL203C	YLR371W
YBR061C	YNL298W
YDR448W	YNL236W
YMR242C	YOL077C
YDR265W	YGL153W
YGL120C	YPL217C
YBL023C	YBR202W
YDL117W	YJL155C
YFL039C	YNL271C
YJL033W	YNR054C
YHR190W	YOR075W
YFR004W	YGR186W
YDR331W	YGR284C
YML095C	YMR201C
YBL043W	YDR099W
YBR126C	YPR035W
YLL039C	YOR206W
YEL013W	YEL043W
YER029C	YML049C
YDR035W	YFR004W
YKL007W	YOR236W
YNL113W	YOR340C
YMR186W	YNL127W
YFL004W	YLL039C
YGL078C	YOR117W
YBL038W	YLR189C
YFR004W	YPR010C
YOR191W	YPL269W
YHR089C	YOR206W
YGL116W	YJL030W
YDL188C	YPR040W
YCR079W	YGL062W
YHR027C	YJL167W
YHR066W	YIR010W
YIL148W	YOR117W
YAL027W	YDL014W
YBL102W	YIL048W
YER027C	YJL217W
YBR231C	YDR334W
YHR148W	YOR096W
YKL010C	YOR259C
YBR284W	YDL238C
YLR197W	YLR320W
YGL105W	YMR059W
YLR330W	YMR076C
YGR252W	YMR227C
YBR059C	YLL039C
YJL167W	YJR035W
YHR169W	YLR180W
YKL174C	YPL240C
YKR048C	YLR330W
YCR033W	YDR155C
YOR340C	YPR010C
YJL030W	YNL236W
YDR448W	YEL009C
YCL059C	YJR145C
YBL087C	YOR206W
YDR293C	YLR022C
YDR128W	YHR033W
YGL120C	YOL012C
YEL023C	YJL052W
YAL018C	YDR331W
YGR268C	YOR138C
YIR033W	YJL117W
YGR192C	YLR039C
YML065W	YMR143W
YDR357C	YGL079W
YAR002C-A	YIL004C
YJR065C	YOR181W
YJR032W	YPL240C
YLR333C	YPL004C
YKR081C	YMR123W
YGR130C	YPL209C
YBL003C	YJL176C
YEL031W	YHR200W
YDR356W	YER016W
YGR055W	YLR326W
YKL126W	YKL203C
YKL145W	YLR048W
YDR145W	YEL009C
YFR004W	YPL218W
YJL155C	YLR345W
YJL030W	YOL116W
YGR245C	YMR049C
YGR186W	YNL124W
YML064C	YOR020C
YDR308C	YMR112C
YJR154W	YPL001W
YDR099W	YFR004W
YBR199W	YPL240C
YJL033W	YMR290C
YDL115C	YGR140W
YHL034C	YPR080W
YDR449C	YJR145C
YBR198C	YDR448W
YGL056C	YLR332W
YER029C	YMR125W
YER143W	YFR052W
YBR159W	YJL219W
YER006W	YLR276C
YDR054C	YKR009C
YGR010W	YLR438W
YDL188C	YFR050C
YBR208C	YDR328C
YFL007W	YGL011C
YDL222C	YPL221W
YBR159W	YDL210W
YBR159W	YBR183W
YGL059W	YPL240C
YFR004W	YKL112W
YCR030C	YOL016C
YBR159W	YJL222W
YOR198C	YPL209C
YMR142C	YPL143W
YLL039C	YPL160W
YGR252W	YLR333C
YER026C	YLR292C
YMR047C	YMR290C
YGL117W	YJR022W
YCR081W	YDR443C
YKL089W	YPL233W
YDR477W	YGL073W
YBL087C	YOL098C
YGL190C	YIL142W
YJL033W	YKL018W
YEL037C	YMR201C
YMR242C	YOR096W
YEL002C	YGL226C-A
YLR150W	YLR435W
YLL039C	YML013W
YER103W	YNL157W
YBL038W	YGR093W
YGL048C	YOR117W
YIL038C	YLR180W
YFR031C-A	YHR085W
YJR136C	YKL033W
YJR110W	YMR049C
YIL019W	YPR144C
YDR176W	YGL221C
YJL148W	YLR197W
YER040W	YJR066W
YDR211W	YGR083C
YOR078W	YPL198W
YGL153W	YOL147C
YHR179W	YHR200W
YLR313C	YLR362W
YER155C	YNL061W
YDL014W	YML063W
YDR169C	YJR059W
YLL036C	YLR298C
YER036C	YLR197W
YJL069C	YNL132W
YIL149C	YPR144C
YER153C	YNL274C
YOR117W	YPR074C
YFL039C	YNL218W
YFR004W	YNL121C
YGR187C	YLL039C
YDR086C	YMR149W
YIL004C	YPL218W
YCR057C	YMR290C
YHR200W	YOR335C
YDL212W	YGR191W
YKL009W	YKR081C
YOR001W	YPL146C
YLL039C	YOL016C
YJR090C	YLL039C
YIL120W	YPL240C
YKL090W	YOL117W
YER095W	YPR010C
YBR247C	YPL266W
YER026C	YFR004W
YGR055W	YLL039C
YLL039C	YML123C
YBR234C	YOR327C
YGL025C	YGL127C
YJL176C	YNR023W
YDL209C	YFL039C
YBR171W	YER053C
YHR085W	YMR242C
YHL034C	YOL139C
YDR171W	YLR106C
YGL048C	YKL010C
YDR265W	YPL240C
YHR027C	YOR335C
YLR150W	YPR116W
YLR022C	YNL163C
YHL030W	YLL039C
YJR059W	YPR107C
YDR284C	YHL017W
YCR082W	YDR448W
YBR191W	YHR027C
YHR072W	YLR144C
YBL023C	YBR126C
YBR126C	YFR004W
YAL047C	YMR001C
YDL025C	YOL139C
YLR109W	YMR022W
YFR004W	YKL211C
YGR252W	YKL060C
YBR171W	YPL076W
YHR027C	YPL061W
YDR118W	YFR036W
YHL003C	YPL094C
YDL087C	YFL017W-A
YOR117W	YOR335C
YHR200W	YIL118W
YNL061W	YPL009C
YGL059W	YLL038C
YDR190C	YML112W
YER114C	YPL158C
YBR170C	YDR411C
YGR252W	YMR319C
YHL003C	YMR298W
YLR441C	YML065W
YAL041W	YJL157C
YIR006C	YJR065C
YBR273C	YNL307C
YHR110W	YNL130C
YLR319C	YNL271C
YGR098C	YHL025W
YBR247C	YLL011W
YJL006C	YKL091C
YCR030C	YIR010W
YER006W	YLR340W
YDR225W	YPR190C
YMR246W	YPR152C
YBL056W	YGR205W
YLL024C	YMR186W
YBL103C	YJL176C
YBR143C	YMR012W
YGR060W	YHR072W
YBR048W	YLR287C-A
YNL097C	YPR023C
YBR247C	YDL014W
YNL094W	YPR154W
YGL059W	YJR059W
YDR477W	YOR054C
YOL041C	YPL012W
YAL059W	YKL009W
YBR159W	YKL146W
YFR004W	YPR131C
YKL093W	YPL203W
YJL138C	YMR059W
YDR223W	YPR104C
YHR080C	YPL240C
YBL056W	YHL030W
YHR200W	YJR109C
YNL248C	YNR003C
YDR311W	YNL135C
YHR084W	YMR043W
YGL051W	YGR060W
YDR128W	YFL016C
YNR035C	YOR181W
YER146W	YPR178W
YER164W	YGL112C
YBR072W	YJL047C
YDR139C	YLR306W
YCL034W	YOR094W
YKL014C	YLR197W
YHR197W	YPL146C
YGR270W	YLR449W
YFL049W	YMR033W
YNL230C	YPL046C
YDR190C	YLR052W
YLR340W	YML065W
YBR291C	YJR010C-A
YGR086C	YNL251C
YDL148C	YPL240C
YBL075C	YIL004C
YLL039C	YNR016C
YIL148W	YOR042W
YLR344W	YNL124W
YLR449W	YMR242C
YFR004W	YGL245W
YBL009W	YGR090W
YAL027W	YER095W
YFL039C	YLL050C
YMR004W	YOR047C
YCL059C	YLR197W
YCR009C	YJR066W
YBR025C	YBR055C
YFR031C-A	YLR441C
YLL039C	YOL073C
YLR340W	YNL023C
YHR089C	YNL112W
YDL014W	YPL198W
YDR137W	YPR080W
YDR155C	YOR117W
YML012W	YML065W
YGL207W	YOR039W
YHR072W	YML008C
YBR126C	YJL138C
YJL191W	YOR096W
YDL239C	YIL144W
YGR092W	YNL125C
YLR442C	YMR226C
YML012W	YML016C
YFL062W	YGR191W
YBR143C	YOR117W
YIR010W	YLR287C-A
YGR275W	YOR156C
YKL065C	YLL061W
YDL188C	YPR103W
YIL125W	YNL069C
YNL113W	YOR341W
YLR166C	YMR186W
YJR070C	YKL101W
YBR084W	YOR014W
YDR192C	YKL057C
YGR091W	YPL193W
YGL145W	YLR440C
YNL002C	YOL012C
YKL101W	YMR239C
YNL222W	YNL317W
YIL149C	YKR095W
YJL030W	YPR029C
YDR324C	YPL217C
YOR039W	YPR104C
YJL191W	YML063W
YHR084W	YKL161C
YMR231W	YPL045W
YDL140C	YOR151C
YBL056W	YCR009C
YFR031C-A	YPR129W
YDR176W	YER164W
YDL210W	YKL171W
YGR060W	YHL003C
YHR200W	YNR035C
YJR010C-A	YPL094C
YGR237C	YKR081C
YNL330C	YPR023C
YLR435W	YPL146C
YDR292C	YMR163C
YDR179C	YER013W
YHR066W	YPL043W
YFL021W	YJR066W
YJL069C	YOR145C
YIL124W	YMR149W
YAL028W	YPL094C
YBR065C	YMR213W
YDL030W	YMR213W
YER156C	YHR200W
YIL144W	YLL019C
YHR088W	YKL009W
YDL111C	YOR076C
YGL120C	YJL122W
YBR170C	YIR033W
YGR060W	YOL003C
YNL002C	YNR054C
YGR091W	YOR308C
YBR170C	YDR330W
YCL059C	YER127W
YAR028W	YJL219W
YER054C	YLR258W
YIL148W	YMR276W
YEL030W	YNL230C
YIL153W	YLR258W
YGR103W	YKL014C
YDL029W	YOR181W
YFL017W-A	YOR308C
YBR173C	YKL145W
YGL003C	YJL014W
YBR270C	YIL046W
YLR310C	YPR023C
YDL123W	YOR069W
YDR068W	YKL166C
YKL051W	YLR305C
YDR363W-A	YGR232W
YDL006W	YDR103W
YEL009C	YNR023W
YDR140W	YIL050W
YLR197W	YLR448W
YBR068C	YFR024C-A
YHL003C	YMR149W
YMR049C	YPL043W
YHR200W	YLR048W
YCL050C	YLL039C
YHR185C	YKL166C
YBL063W	YDR356W
YKL068W	YLL024C
YJL006C	YNR033W
YDL212W	YKR039W
YDL239C	YOL069W
YEL002C	YML012W
YDL116W	YPR080W
YIL109C	YLL039C
YJR010C-A	YKL008C
YGL120C	YML093W
YGL246C	YMR242C
YAL030W	YBL050W
YNL113W	YPR049C
YNL118C	YPL089C
YGR060W	YPL227C
YHR096C	YLL039C
YJR101W	YOL027C
YLL024C	YOL021C
YBR247C	YPL012W
YIR010W	YKL089W
YCL031C	YCR057C
YCL031C	YNL186W
YER164W	YOR304W
YDR448W	YLR223C
YER006W	YLR449W
YDR311W	YGR098C
YDR234W	YEL034W
YHR134W	YKL145W
YBR183W	YHR140W
YGL051W	YIL095W
YJR119C	YKL210W
YMR125W	YPL190C
YLL039C	YPL269W
YFL038C	YFR004W
YDL025C	YOL041C
YHL034C	YPL043W
YKL196C	YNL258C
YIR010W	YMR246W
YER016W	YHR134W
YJR059W	YNL077W
YFR036W	YMR001C
YKL101W	YML042W
YMR049C	YNL175C
YML008C	YMR059W
YMR290C	YPR143W
YDL047W	YLL039C
YBR152W	YGR091W
YLL039C	YOR117W
YKL062W	YMR172W
YNL222W	YOR151C
YKL211C	YMR186W
YNL307C	YNR033W
YMR076C	YPR007C
YBR221C	YIR010W
YDL095W	YGR266W
YBR082C	YLL039C
YBR247C	YJR145C
YLL034C	YMR290C
YCR034W	YDR331W
YGL051W	YNL307C
YBR200W	YDR277C
YNL329C	YOL044W
YLR344W	YOR290C
YLR320W	YPR164W
YEL009C	YHR143W-A
YGL059W	YOR002W
YEL019C	YMR284W
YJR059W	YNL186W
YDL030W	YGR091W
YBL003C	YGR250C
YGL031C	YLR340W
YNL222W	YOR179C
YFR017C	YKL166C
YML123C	YOR307C
YGR215W	YML065W
YLR113W	YLR138W
YHR089C	YOR341W
YDR358W	YLL039C
YDL170W	YLL039C
YBR171W	YPL227C
YLR116W	YMR065W
YDR283C	YML057W
YMR047C	YPR144C
YER171W	YNL064C
YHR200W	YJR104C
YBR141C	YGL091C
YFR004W	YLR355C
YER092W	YJL081C
YJL030W	YJL206C
YDL081C	YJR010C-A
YBL038W	YJR138W
YOR160W	YOR185C
YGL025C	YNL236W
YFR004W	YLR438W
YDR517W	YIL109C
YFL016C	YIR010W
YGR091W	YMR240C
YIR010W	YNL061W
YBR253W	YCR081W
YFR050C	YGL011C
YML049C	YPR094W
YBL106C	YPL174C
YFR024C-A	YHR178W
YGL207W	YKL101W
YDR266C	YLL039C
YDR266C	YPR114W
YDR247W	YPL217C
YHR027C	YHR193C
YLR417W	YPL240C
YAR019C	YGL245W
YBL003C	YGL035C
YDR060W	YPR144C
YML065W	YOR020C
YGR209C	YOR181W
YCR009C	YJR032W
YJR084W	YLR150W
YMR022W	YOL013C
YML065W	YMR065W
YCR030C	YOL054W
YHR105W	YIL004C
YJL004C	YLR241W
YDR477W	YMR015C
YNL055C	YPR164W
YAR002C-A	YMR015C
YGL037C	YGL116W
YCL037C	YGR081C
YBR159W	YHR142W
YIR010W	YMR255W
YDR477W	YGL184C
YBR200W	YOR122C
YCR004C	YGR130C
YGL120C	YGR280C
YDR308C	YGR104C
YDR363W-A	YHR027C
YBL024W	YNL284C
YBR200W	YCL031C
YGL078C	YHR115C
YOR020C	YOR110W
YKL008C	YPL076W
YIL007C	YOR117W
YNL066W	YNL307C
YDR363W-A	YHR200W
YFR004W	YPL160W
YDL014W	YOR381W
YDR176W	YGL112C
YGL156W	YOL082W
YBL017C	YHR108W
YBR108W	YPL141C
YGR266W	YLL039C
YBL060W	YBR159W
YKL057C	YKL068W
YBL045C	YNL118C
YIL037C	YMR059W
YDR427W	YHR200W
YHR027C	YML088W
YFR004W	YJR073C
YBR247C	YGR214W
YDR301W	YPL240C
YDR280W	YMR242C
YJL106W	YOL104C
YBR249C	YMR076C
YHR140W	YNL048W
YIL097W	YPL061W
YDL161W	YOR181W
YLR305C	YOR355W
YPR080W	YPR107C
YER159C	YML065W
YAL017W	YLL061W
YKL186C	YMR047C
YCL024W	YDL006W
YLR377C	YNL214W
YLR292C	YPL094C
YLR249W	YPR062W
YLL039C	YNL117W
YFR010W	YOR117W
YBR082C	YKL034W
YGR086C	YIR010W
YGR258C	YLR430W
YER067W	YFR004W
YDL029W	YIL066C
YDR477W	YKL139W
YER026C	YLL039C
YDR449C	YPR144C
YGL112C	YGR270W
YDR139C	YIL046W
YGR270W	YOR039W
YFR031C-A	YLR448W
YER115C	YLR310C
YBR026C	YIL148W
YHR197W	YLR106C
YDR448W	YPR173C
YDR329C	YOL044W
YLR150W	YNL136W
YKL146W	YLL039C
YKL101W	YOR252W
YBR072W	YOL039W
YLL039C	YPR042C
YDR308C	YLR071C
YLR113W	YLR362W
YLR148W	YMR231W
YCL059C	YGR214W
YER144C	YOR157C
YDL077C	YDR080W
YMR004W	YPL209C
YBR203W	YDR328C
YGR090W	YNR054C
YGR130C	YPR152C
YBL003C	YPL128C
YLR270W	YPL245W
YBR247C	YCL059C
YKL161C	YPL140C
YDR074W	YLL039C
YDL212W	YGR060W
YEL037C	YNR031C
YKL104C	YNL298W
YGR142W	YJL036W
YBR183W	YDR276C
YHR058C	YML007W
YLL039C	YPR184W
YDL029W	YOR212W
YEL058W	YHR200W
YKL008C	YML064C
YDR425W	YJR110W
YOL139C	YPL141C
YGR060W	YLR350W
YDR227W	YLR442C
YNL271C	YPR152C
YDR398W	YKL101W
YER006W	YFR004W
YFR024C-A	YOR181W
YFR004W	YOR259C
YJR035W	YMR226C
YER029C	YPR152C
YBR127C	YPR152C
YJL138C	YMR186W
YHR200W	YPL081W
YFR041C	YGL256W
YLL039C	YPL232W
YFR031C-A	YML063W
YER099C	YLL039C
YJR059W	YOR070C
YKL065C	YLL039C
YLR213C	YLR260W
YGR055W	YPR138C
YCR020W-B	YKR008W
YDR356W	YHR172W
YHR026W	YMR149W
YOL147C	YPR128C
YDR081C	YKL104C
YDR225W	YJL081C
YFR004W	YPR103W
YAL028W	YLR292C
YMR080C	YOR076C
YNL307C	YOL138C
YHR152W	YKL211C
YNL005C	YNL185C
YGL059W	YKL171W
YER013W	YGR006W
YGL131C	YNL127W
YBR136W	YCR004C
YER143W	YOL018C
YGL116W	YNL014W
YML049C	YMR240C
YCR007C	YCR061W
YBR072W	YDR213W
YDL047W	YIL142W
YBL041W	YGL011C
YLR403W	YPL180W
YER177W	YMR086W
YLR150W	YOR206W
YGR060W	YMR015C
YDL222C	YOL100W
YKL004W	YNR028W
YBR234C	YNL138W
YER173W	YOL094C
YFR004W	YJR014W
YEL037C	YER095W
YLL039C	YPL087W
YBL057C	YEL037C
YLR337C	YOR181W
YCL037C	YKL139W
YFR004W	YGR175C
YLR310C	YNL307C
YFL062W	YMR306W
YOL082W	YPL141C
YHR084W	YPR152C
YJR059W	YKL080W
YDL031W	YPL211W
YBL003C	YDR225W
YGR180C	YKL168C
YDR211W	YPR010C
YBR298C	YNL121C
YIR010W	YLR197W
YER179W	YOR191W
YER062C	YFR004W
YLR321C	YLR357W
YDR507C	YIR010W
YEL058W	YFR004W
YJR060W	YNL103W
YKL101W	YOR181W
YDR328C	YOL117W
YCR079W	YJL138C
YBL003C	YDL188C
YBR234C	YIR006C
YGL104C	YML075C
YDL097C	YER021W
YBR234C	YNL106C
YAL041W	YNL175C
YMR143W	YNL132W
YCL037C	YKR048C
YAL028W	YCR091W
YJL033W	YMR061W
YNL136W	YPR023C
YDR328C	YJL149W
YLR377C	YOL126C
YKL139W	YMR242C
YKL009W	YLR448W
YBR127C	YMR054W
YDL134C	YHR075C
YBL003C	YLR385C
YFR004W	YHR104W
YHR197W	YOL041C
YDR517W	YHR098C
YDL025C	YJL105W
YDR092W	YMR140W
YKR008W	YMR033W
YBR289W	YFL049W
YFL013C	YPL240C
YCR034W	YHR110W
YLL039C	YLR128W
YLL040C	YPR103W
YKL060C	YPR152C
YGL093W	YOR195W
YLR375W	YML059C
YKL051W	YOR273C
YBR234C	YIL095W
YLR131C	YNL254C
YJR059W	YML118W
YBR234C	YNR035C
YHL030W	YIL095W
YML126C	YMR059W
YDR155C	YFR004W
YKL065C	YPL264C
YGR092W	YIL135C
YLR113W	YPL240C
YDL030W	YLR117C
YMR012W	YMR246W
YBR200W	YGL190C
YAL017W	YGL112C
YDR080W	YPL045W
YBR247C	YOR119C
YPR080W	YPR116W
YBL003C	YJL138C
YGR104C	YPR070W
YBR077C	YGR163W
YBR182C	YNL167C
YNL055C	YOL087C
YAL017W	YCL027W
YDR233C	YHR200W
YGR284C	YOL132W
YAL028W	YDL239C
YHR193C	YLR146C
YDR318W	YPL018W
YJR066W	YNL135C
YDL014W	YEL054C
YDR208W	YOR181W
YER177W	YLL024C
YCR034W	YJL219W
YDR276C	YMR149W
YER021W	YGL205W
YER090W	YLR180W
YGL187C	YLR203C
YDR277C	YMR109W
YFR004W	YPL143W
YDL025C	YER155C
YLR315W	YPL018W
YFR004W	YKL196C
YGR192C	YGR254W
YER029C	YPR178W
YLL024C	YPL110C
YDR099W	YDR328C
YEL041W	YHR115C
YFL039C	YNL107W
YML016C	YPL004C
YDR293C	YJL165C
YIL144W	YOL091W
YJR125C	YNR006W
YBR127C	YHR200W
YGR041W	YLR353W
YCR024C-A	YDL212W
YJL106W	YPL254W
YOR206W	YPR016C
YDR030C	YIL142W
YLR333C	YNL132W
YNL132W	YPR144C
YHR027C	YKL171W
YDR247W	YPR010C
YOR039W	YOR287C
YBR072W	YJR043C
YIR010W	YOR304W
YGL245W	YPL201C
YKL145W	YPL094C
YLR371W	YPL169C
YHR193C	YIR010W
YDL077C	YOL013C
YHR200W	YKL182W
YBR065C	YNL250W
YFR031C-A	YLR150W
YJL219W	YJR161C
YIR025W	YLR102C
YHR121W	YNL157W
YDR099W	YLR433C
YKR008W	YLR321C
YHR027C	YLR355C
YBR054W	YBR159W
YDR069C	YPR103W
YEL030W	YMR214W
YER021W	YKL132C
YLR427W	YNL132W
YKL168C	YNL307C
YCL032W	YIL118W
YJL146W	YPL203W
YLL039C	YLR276C
YKR008W	YML127W
YBL003C	YOR304W
YOR034C	YOR357C
YGR245C	YKR081C
YBR198C	YCR042C
YDR280W	YPR010C
YBR105C	YMR061W
YGR270W	YLR095C
YDR139C	YGR003W
YDR427W	YGL016W
YAR019C	YNL307C
YGR275W	YNL298W
YDR128W	YNL307C
YFR043C	YLL039C
YLR320W	YNL055C
YBR028C	YJR059W
YCL037C	YDR296W
YKR066C	YNL299W
YDR163W	YMR213W
YGR056W	YNL307C
YMR012W	YOR117W
YBR159W	YOL132W
YBR200W	YOR181W
YBL003C	YDR060W
YNR054C	YPL240C
YBR080C	YBR200W
YCL031C	YGR090W
YBL051C	YDL165W
YGR038W	YJR059W
YKL010C	YKL189W
YDL111C	YJR022W
YOL091W	YPL018W
YBR225W	YLR310C
YBR143C	YFR004W
YDL029W	YGL016W
YDR284C	YPR036W
YBL044W	YMR304W
YLR438W	YMR059W
YGL059W	YKL008C
YLL039C	YLL040C
YGL059W	YIL135C
YLR324W	YMR153W
YEL009C	YGL025C
YLR249W	YML069W
YDR453C	YJR085C
YDL197C	YNL124W
YGR104C	YOR141C
YCR014C	YFR052W
YJL052W	YOR117W
YDL222C	YHR096C
YDR110W	YHR152W
YGR192C	YPL240C
YML056C	YNL230C
YFR004W	YHR019C
YDR341C	YIR005W
YDR086C	YEL002C
YMR001C	YNL225C
YER016W	YLR045C
YKL166C	YOL016C
YLR192C	YPL209C
YHR143W-A	YPL203W
YHR094C	YKL203C
YCR045C	YOR348C
YCL059C	YDL014W
YDR328C	YIL046W
YBL041W	YER021W
YER127W	YJL069C
YDR280W	YHR069C
YER036C	YNL185C
YBR159W	YGR295C
YNL300W	YPL076W
YJR089W	YPL209C
YFR004W	YOR323C
YFL062W	YPL141C
YJR043C	YNL307C
YGR252W	YIL149C
YGL173C	YNL118C
YGL081W	YKL104C
YDR145W	YDR176W
YFL039C	YGL240W
YMR272C	YPL227C
YLR180W	YML126C
YDR296W	YNL284C
YHL017W	YJL004C
YAL042W	YPL240C
YNL186W	YPL240C
YFR004W	YPL226W
YBL003C	YOL077C
YDL070W	YJR059W
YGL190C	YML063W
YGL207W	YOL054W
YHR200W	YIL109C
YHL030W	YHR027C
YDR283C	YMR255W
YDR225W	YGR275W
YML007W	YNR023W
YGR060W	YPL076W
YDR060W	YHR197W
YDR059C	YJL106W
YLL039C	YNL102W
YDR168W	YDR463W
YOR119C	YPL146C
YDR195W	YKR002W
YJR015W	YMR149W
YLL039C	YMR015C
YJR145C	YML065W
YMR001C	YPL154C
YGL031C	YIR010W
YBR152W	YML049C
YML007W	YOL148C
YBR023C	YHR077C
YBR200W	YPL232W
YDL160C	YHR027C
YDL025C	YGL105W
YCL024W	YNL078W
YDR086C	YOR117W
YHR179W	YLR427W
YBR289W	YHL025W
YCR012W	YGR252W
YEL002C	YIL016W
YGR286C	YKR064W
YOR096W	YPL012W
YBR054W	YJR010C-A
YLL039C	YLR148W
YCR084C	YDL005C
YDR289C	YOL077C
YDR477W	YHR207C
YBL003C	YJL033W
YCR023C	YLL039C
YDR006C	YLR192C
YGR055W	YHR001W
YNL281W	YPL240C
YDR153C	YNR006W
YHR027C	YMR242C
YDR075W	YDR225W
YNL236W	YPR070W
YFL039C	YOL012C
YDL188C	YOR014W
YCR082W	YFL008W
YLL039C	YLR249W
YAL032C	YML049C
YIR009W	YNL091W
YGL059W	YKL166C
YBR052C	YBR132C
YGR060W	YMR264W
YFR004W	YPL225W
YFR004W	YJR148W
YDR190C	YDR225W
YAL021C	YGR092W
YFL007W	YKL168C
YGL240W	YGR270W
YNL118C	YPR129W
YHR200W	YLR249W
YJR009C	YML056C
YIL046W	YJR131W
YBR253W	YHR041C
YDR245W	YGR132C
YDR225W	YJL176C
YDR178W	YKL141W
YLL039C	YNL248C
YOR181W	YPL240C
YER111C	YGL207W
YDL160C	YGR091W
YJL060W	YOR327C
YCR081W	YPR070W
YML065W	YNR003C
YOL016C	YPR152C
YCL040W	YFR004W
YDR086C	YLR288C
YDR427W	YEL037C
YFR017C	YPR184W
YNL064C	YNL073W
YIR009W	YLR456W
YOR117W	YPR163C
YLR330W	YOR290C
YBR127C	YFR004W
YAL002W	YMR231W
YGL105W	YJR059W
YDL097C	YIL007C
YEL039C	YOR117W
YIR010W	YLR325C
YDL077C	YLR093C
YOR257W	YPR103W
YAL028W	YJL106W
YCR012W	YDR161W
YLR196W	YNL112W
YCR063W	YLR117C
YBR082C	YHR115C
YJL141C	YLR410W
YDL030W	YDR328C
YDR293C	YMR304W
YEL009C	YOR117W
YGR252W	YOL039W
YDR225W	YKL139W
YIL107C	YML106W
YLR447C	YPR036W
YFR004W	YIR035C
YBL024W	YFR004W
YFL021W	YML065W
YDR466W	YMR049C
YIL144W	YJL014W
YOR027W	YPR054W
YFR031C-A	YJR145C
YBR126C	YLR411W
YDL097C	YEL037C
YDR054C	YFL009W
YER029C	YFL017W-A
YCL054W	YNL061W
YFR004W	YMR080C
YJR070C	YOL045W
YFR031C-A	YKL068W
YBR083W	YMR164C
YCR034W	YDR307W
YFR009W	YOR151C
YDR233C	YIR010W
YDR448W	YOL072W
YCL037C	YDL160C
YKL145W	YOL013C
YHR019C	YLR106C
YOR151C	YPR093C
YLL039C	YPL119C
YFR052W	YGL178W
YCL032W	YHL024W
YJL052W	YML056C
YER155C	YJR066W
YDR293C	YML064C
YER179W	YML064C
YCR072C	YKL009W
YDL014W	YHR200W
YDL065C	YDR329C
YER177W	YHR121W
YHL003C	YHR110W
YAL049C	YNL094W
YHR200W	YML008C
YGL112C	YML015C
YLR449W	YPL211W
YHR027C	YPR036W
YIR025W	YPL018W
YKL020C	YOR124C
YGL213C	YKL015W
YER036C	YHR169W
YGR103W	YJL122W
YBR159W	YNR070W
YNL121C	YNL131W
YLR386W	YPL268W
YER146W	YJR138W
YNL125C	YPL240C
YER177W	YLR028C
YCR057C	YOR096W
YLR033W	YPL227C
YDR308C	YNR010W
YCL016C	YPL023C
YKL060C	YPR093C
YDR225W	YGL097W
YAL031C	YCL027W
YAL041W	YBR200W
YAR018C	YJR059W
YLR197W	YPL217C
YGL053W	YIL109C
YIR010W	YOL041C
YHR104W	YHR200W
YLL039C	YMR304W
YFL021W	YPL190C
YDR259C	YGR066C
YBR261C	YFR004W
YAL027W	YIL105C
YBR272C	YPR103W
YDR314C	YEL037C
YDR177W	YPL269W
YDR206W	YJL030W
YFL009W	YLR079W
YHR027C	YPL218W
YDR304C	YHR097C
YDL108W	YNL222W
YBL011W	YCL024W
YAL013W	YNL097C
YDR171W	YDR448W
YFR031C-A	YLR344W
YDL239C	YOR177C
YCL027W	YDL199C
YBR114W	YPL154C
YGR250C	YJL088W
YDR377W	YJR121W
YDL128W	YNL307C
YDR301W	YLR115W
YBR261C	YKL151C
YFL008W	YMR001C
YJL178C	YOR132W
YLR448W	YPL198W
YKL101W	YLR011W
YCR014C	YFR010W
YLR048W	YML065W
YLR385C	YNL107W
YHR088W	YPL043W
YLR377C	YOR070C
YHL023C	YOL138C
YER095W	YJR009C
YDL140C	YHR088W
YDL030W	YER029C
YEL046C	YHR027C
YGR081C	YJR145C
YHR034C	YLL039C
YBR280C	YDR054C
YGL245W	YMR049C
YDR359C	YNL136W
YGR245C	YLR325C
YBL003C	YOR290C
YBR077C	YMR004W
YDR227W	YER164W
YGR092W	YOL139C
YLR357W	YML127W
YFR004W	YOR128C
YHR121W	YJL044C
YJL044C	YLR150W
YER054C	YGL134W
YER062C	YHL032C
YDL031W	YHR088W
YHR200W	YJR009C
YGR055W	YLR219W
YPL012W	YPL141C
YHR027C	YIL148W
YBR247C	YJL191W
YCR020W-B	YGL207W
YDL140C	YDR059C
YFL039C	YHR027C
YIL007C	YOR259C
YCR014C	YOR259C
YDR142C	YHR160C
YGL112C	YHR041C
YDL065C	YMR284W
YDR190C	YGR270W
YMR001C	YPR013C
YBR025C	YMR059W
YBR159W	YIL120W
YDL087C	YLL036C
YDR284C	YNL111C
YDR406W	YLL039C
YHR026W	YIL088C
YGL031C	YML126C
YFR004W	YHR179W
YLL039C	YMR022W
YGR092W	YOL104C
YDL140C	YGL048C
YMR109W	YOR047C
YHR200W	YNR043W
YAL011W	YOL012C
YLR305C	YNL281W
YHR034C	YPL193W
YHR148W	YPR144C
YHR200W	YLL024C
YMR047C	YMR153W
YDR315C	YOR078W
YDR054C	YOL063C
YDL070W	YGR086C
YAR018C	YKL166C
YIL095W	YML088W
YEL013W	YFR004W
YAL038W	YOR117W
YHR088W	YLL034C
YJR009C	YLL039C
YBR084W	YIR010W
YDL030W	YOR191W
YCR068W	YNL111C
YDR311W	YMR294W
YGR090W	YLL019C
YAR018C	YGR032W
YDR485C	YJL081C
YFR004W	YOR184W
YCR034W	YGR060W
YLL039C	YMR221C
YGR052W	YGR180C
YJR059W	YJR099W
YER006W	YGR245C
YMR186W	YPR152C
YMR112C	YNR010W
YFR004W	YKL213C
YDR086C	YHR027C
YHR077C	YMR080C
YIL036W	YIL150C
YFR004W	YLR180W
YLR028C	YPL004C
YIL105C	YPR152C
YGL078C	YLR196W
YOR185C	YPL226W
YCL037C	YHL034C
YGL207W	YML069W
YBR159W	YHR110W
YBR221C	YFL018C
YDL111C	YDR280W
YLL039C	YLR079W
YIL078W	YOR117W
YDR356W	YGL093W
YDR227W	YOR191W
YLL024C	YLR310C
YDR452W	YNL217W
YCR081W	YGL127C
YKL009W	YKL014C
YLL011W	YPL240C
YDL188C	YPR010C
YGR252W	YPR070W
YBR176W	YKL101W
YHR027C	YMR191W
YFR004W	YGR209C
YGR104C	YNL236W
YBR143C	YJR145C
YHR197W	YLL034C
YBL087C	YOL077C
YAL031C	YNL317W
YHR200W	YML063W
YFL039C	YLR196W
YDL140C	YLL039C
YER156C	YHR027C
YHR027C	YPR010C
YLL024C	YPR010C
YGL054C	YPL218W
YHR200W	YJR065C
YKL009W	YNL175C
YDR260C	YFR036W
YGR148C	YPR152C
YDR176W	YDR448W
YLL011W	YNL186W
YHR081W	YOR001W
YBR086C	YNL307C
YNL117W	YOL147C
YDL070W	YNL307C
YDR328C	YIL148W
YHR027C	YML106W
YER136W	YOR089C
YER127W	YJL141C
YLR166C	YNL138W
YJL141C	YLR109W
YDL165W	YNL315C
YKR039W	YPL218W
YFL026W	YNL307C
YBR253W	YOR174W
YBR159W	YJR065C
YDL014W	YHR066W
YDR177W	YPR093C
YCR084C	YGR104C
YFL013C	YML065W
YFR004W	YIL033C
YDR190C	YDR334W
YBL003C	YFL013C
YDR155C	YFL014W
YIR010W	YLL024C
YCR042C	YDR145W
YBR270C	YER093C
YGL081W	YOL094C
YDL014W	YPR144C
YNL157W	YPR080W
YDL005C	YML007W
YDR128W	YOL139C
YOL100W	YPR083W
YDR092W	YHR137W
YDR005C	YNR003C
YOR117W	YPR010C
YDL212W	YEL017C-A
YML024W	YPL012W
YGR126W	YJL106W
YCL040W	YLL039C
YAL038W	YPL203W
YBR207W	YOL132W
YNL042W	YOR014W
YNL061W	YPL198W
YJL069C	YML093W
YJR022W	YPR178W
YCR057C	YLR197W
YML065W	YPL143W
YAL021C	YGR184C
YBR253W	YMR112C
YHR121W	YLR325C
YKR002W	YLL039C
YDL212W	YHR026W
YGR032W	YNL298W
YGL173C	YML056C
YLL039C	YNL036W
YHR200W	YPL028W
YDR477W	YER040W
YFL017W-A	YLL036C
YBL003C	YDL105W
YGL120C	YOR119C
YGL059W	YHR207C
YDR190C	YLR085C
YDR356W	YNL001W
YDR245W	YPL094C
YDR176W	YGL013C
YER021W	YFR052W
YER179W	YFL016C
YBR080C	YLR043C
YGL011C	YHR027C
YCR012W	YPR093C
YER111C	YGR192C
YGR170W	YJR059W
YGR087C	YLR199C
YDR518W	YNL307C
YDL014W	YKL014C
YGL173C	YNL284C
YER092W	YNL250W
YMR258C	YOR089C
YAL017W	YDR190C
YDL030W	YHR152W
YBR080C	YJL030W
YCL024W	YKL091C
YHR197W	YNR053C
YDL095W	YML012W
YBL009W	YLR196W
YDR507C	YIR022W
YER036C	YFR004W
YDR076W	YER095W
YIR010W	YKL060C
YJR066W	YNL314W
YDL018C	YHR110W
YGR055W	YGR281W
YGL015C	YLR319C
YKR095W	YPL169C
YJL106W	YNL074C
YDL188C	YGR161C
YKL007W	YPR093C
YBR105C	YEL054C
YBR182C	YER062C
YDR050C	YDR161W
YKL203C	YPL180W
YLR166C	YPR080W
YEL017W	YMR001C
YKL166C	YPL146C
YCR042C	YLL039C
YAL040C	YJL013C
YGR245C	YLR106C
YDL212W	YLR350W
YLR115W	YPL240C
YDR477W	YJL089W
YGR103W	YLL039C
YPL061W	YPL226W
YGR270W	YHR121W
YKL091C	YPL209C
YLR276C	YPL043W
YBR247C	YNL055C
YDL014W	YER021W
YDL014W	YLL036C
YER029C	YGR091W
YGL229C	YPR040W
YCL024W	YLR319C
YGL014W	YNL112W
YER021W	YFR004W
YER114C	YNL298W
YGL120C	YKL009W
YHR070W	YPL240C
YNL135C	YPR093C
YFR050C	YGR253C
YGL011C	YLL039C
YFL038C	YOL018C
YCL066W	YHR084W
YKL210W	YOR184W
YJR066W	YOR035C
YGL134W	YLR218C
YGR245C	YNL002C
YNL147W	YPR178W
YCR089W	YGR084C
YIR010W	YJL138C
YER036C	YPR016C
YDR208W	YPR052C
YJL081C	YNL107W
YER111C	YIL050W
YBR048W	YBR247C
YGR232W	YOL117W
YER086W	YJL052W
YLR241W	YMR243C
YLL024C	YOR341W
YAL047C	YDR356W
YJL006C	YJR070C
YGL189C	YLL039C
YER105C	YMR047C
YDR155C	YIR005W
YDL160C	YNL118C
YDR042C	YGL059W
YER044C-A	YHR157W
YDR247W	YGR237C
YDL134C	YGR142W
YBL041W	YPR103W
YCR079W	YER178W
YLL039C	YPL231W
YHR152W	YJR148W
YFL062W	YJL059W
YGL073W	YLL019C
YBR052C	YLL039C
YBR094W	YPL240C
YDR328C	YMR258C
YGL145W	YKL196C
YFR052W	YNL103W
YMR109W	YNL271C
YHR027C	YHR094C
YLR403W	YNL157W
YER036C	YKL182W
YLL024C	YOL145C
YHR200W	YNL069C
YGR032W	YLL039C
YDR499W	YMR303C
YER095W	YMR012W
YKL166C	YMR081C
YGR254W	YNL055C
YDR247W	YOR094W
YBR200W	YLR093C
YDR466W	YHR088W
YAL030W	YJL036W
YDR195W	YNL222W
YKL068W	YMR080C
YOL013C	YPL240C
YOR141C	YOR290C
YLL036C	YOR290C
YDL212W	YHR142W
YDL209C	YOR148C
YNL172W	YOR179C
YJR109C	YOR117W
YBR272C	YGL048C
YCR084C	YKL213C
YNL084C	YNL103W
YGR252W	YKR095W
YBR171W	YLR378C
YDR227W	YJL019W
YCR009C	YLR144C
YIL095W	YLR206W
YNL271C	YPR080W
YLL039C	YLR106C
YNL002C	YOL077C
YAR002C-A	YGR132C
YDR139C	YJR099W
YKL171W	YOL163W
YDR329C	YOL147C
YFR004W	YJL088W
YNL317W	YPR107C
YOR034C	YOR132W
YCL027W	YMR140W
YDR477W	YOR018W
YAL042W	YDL097C
YDL161W	YIR006C
YER006W	YPR152C
YEL054C	YJR145C
YGR090W	YOR096W
YGR032W	YJR066W
YLR340W	YMR242C
YGR060W	YJR010C-A
YFR031C-A	YMR242C
YIL095W	YMR239C
YAR018C	YPL018W
YDL097C	YDR363W-A
YKL051W	YLR332W
YCR084C	YLR313C
YFL039C	YLR093C
YDR195W	YPR107C
YCR030C	YMR109W
YDR097C	YNL312W
YIL007C	YKL145W
YDR171W	YGR092W
YFL039C	YNL138W
YAL051W	YDR060W
YLR033W	YMR033W
YKL126W	YLL039C
YDR312W	YPR143W
YGR281W	YLR340W
YGR281W	YPR138C
YEL034W	YPR080W
YEL037C	YHL025W
YDR304C	YHR185C
YML009C	YOL027C
YDR141C	YJL014W
YGL221C	YJR059W
YHR066W	YLR276C
YBR152W	YDR473C
YDL159W	YMR276W
YBR200W	YGR134W
YBR094W	YLR264W
YDR190C	YPL193W
YGL014W	YMR242C
YCR091W	YNL155W
YHR104W	YOL016C
YDL014W	YPL012W
YER173W	YJL014W
YAL048C	YJR009C
YDR331W	YPL227C
YAL058W	YIL120W
YBR198C	YLR055C
YIL016W	YML075C
YDR060W	YLR276C
YML049C	YOR308C
YDR225W	YDR334W
YCR020W-B	YDR520C
YMR001C	YNL102W
YLR150W	YPL146C
YBL067C	YOL087C
YFR031C-A	YGL147C
YDR155C	YPL146C
YDR363W-A	YOL072W
YER105C	YFR002W
YER177W	YHR152W
YGR232W	YHR200W
YDL014W	YGL078C
YKL057C	YPL169C
YGR103W	YPL143W
YGL084C	YPL141C
YFL039C	YOR122C
YIL144W	YPL018W
YDR099W	YNL330C
YBR126C	YLL039C
YDR168W	YJR032W
YBR253W	YJL191W
YML127W	YMR033W
YFR044C	YOL013C
YJL138C	YML064C
YCL059C	YLL039C
YDL148C	YFR052W
YFL013C	YLR052W
YDR320C	YGR167W
YDR229W	YNL053W
YLR332W	YPL004C
YKL092C	YLL039C
YBR127C	YJR069C
YKL014C	YLR249W
YDL108W	YGL134W
YHR027C	YKL065C
YDR411C	YFR004W
YML065W	YPL043W
YDR373W	YGL153W
YLR298C	YMR125W
YJL141C	YNL250W
YDL077C	YPL045W
YCR072C	YPL209C
YFR004W	YNL118C
YHR089C	YNL005C
YIR010W	YNL248C
YHR027C	YJR104C
YDR359C	YEL013W
YDR449C	YNL075W
YIL148W	YPR152C
YHR140W	YKL065C
YDR153C	YJR125C
YLR197W	YML012W
YBR247C	YOR078W
YKR002W	YOR001W
YIL118W	YJL085W
YDR145W	YML065W
YML112W	YNL118C
YCL054W	YDL031W
YFR004W	YLR113W
YAR019C	YMR001C
YCL010C	YMR080C
YGL120C	YMR269W
YDL111C	YDL165W
YER090W	YHR027C
YBL003C	YGL097W
YIR003W	YKL007W
YHL010C	YLR138W
YGR180C	YPL240C
YGR184C	YPL177C
YCR010C	YCR061W
YKR101W	YLR442C
YCR075C	YDR456W
YKL009W	YLR106C
YMR001C	YOR117W
YBR158W	YLL034C
YCR014C	YDR363W-A
YOL018C	YPL218W
YIR033W	YNL111C
YBR200W	YOR327C
YDR099W	YER177W
YBR037C	YPR079W
YOR370C	YOR375C
YJR066W	YKR093W
YOR181W	YOR367W
YFR052W	YKL145W
YDR477W	YFR010W
YDL080C	YLL039C
YNL214W	YNL329C
YMR070W	YPL240C
YBR028C	YIL144W
YDR103W	YOR212W
YFL016C	YPR152C
YER155C	YLR340W
YKL139W	YNL102W
YCR099C	YJL165C
YDR523C	YEL039C
YJR124C	YPL141C
YHR105W	YOR036W
YGR174C	YLL039C
YAL047C	YDR179C
YGL153W	YNL214W
YKL007W	YOL065C
YDR080W	YMR197C
YEL054C	YML063W
YMR047C	YOR145C
YJR046W	YLR274W
YCR093W	YKR036C
YMR149W	YPL227C
YJR084W	YMR025W
YCR091W	YML083C
YHL032C	YLR305C
YBR084W	YFR031C-A
YDL239C	YML042W
YLR150W	YOR058C
YPL258C	YPR154W
YLR340W	YNL069C
YOL077C	YOR206W
YCL052C	YGR281W
YLR117C	YML049C
YCR079W	YMR239C
YIL047C	YLL039C
YDR119W	YHR078W
YDR466W	YGR180C
YNL124W	YPL081W
YMR102C	YNL218W
YBR208C	YHR200W
YBR126C	YHR200W
YEL034W	YNL250W
YAL047C	YLR045C
YLR310C	YPL240C
YGR270W	YOR340C
YBR284W	YDR328C
YCR081W	YOR174W
YJL014W	YOR162C
YLR203C	YPL004C
YGL112C	YPL254W
YDR466W	YOR141C
YGL044C	YLR115W
YDL195W	YDL212W
YDL239C	YOL091W
YDR192C	YER105C
YDR477W	YMR086W
YBR188C	YPR152C
YCL024W	YPL240C
YDR477W	YFL054C
YER143W	YML088W
YDR363W-A	YFR052W
YDR211W	YFR004W
YGL153W	YOR180C
YIL033C	YKL062W
YIL148W	YMR186W
YGR090W	YPR104C
YDR229W	YMR047C
YBR183W	YGR284C
YJR145C	YPR129W
YKL065C	YNL048W
YER136W	YFR004W
YIR008C	YNL312W
YLR031W	YMR124W
YBL003C	YOR058C
YML065W	YOR078W
YBL038W	YNL005C
YLL034C	YMR049C
YER026C	YPL076W
YDR247W	YJR025C
YJL081C	YML007W
YKL182W	YPL231W
YDR128W	YHL023C
YGR055W	YHR096C
YDR306C	YNL138W
YDR312W	YHR066W
YBL003C	YPR010C
YGL013C	YHR178W
YHR097C	YLR377C
YFR004W	YIR036C
YDR523C	YGL245W
YBR236C	YGR116W
YMR186W	YOR117W
YBR200W	YLL050C
YJR065C	YNR035C
YDL025C	YNL175C
YDL087C	YOL139C
YCR057C	YML063W
YIL016W	YLL061W
YIL047C	YOL132W
YNL138W	YOL087C
YBL042C	YBR052C
YGR168C	YKL101W
YER036C	YKL101W
YIL036W	YIR010W
YML057W	YMR186W
YFR004W	YGR180C
YBR253W	YKR095W
YER047C	YJL019W
YMR290C	YNL132W
YKR054C	YNL271C
YFL014W	YKL171W
YIL095W	YJR137C
YCR037C	YLL039C
YDR075W	YMR028W
YER019C-A	YJR010C-A
YFL029C	YGR080W
YMR080C	YPR080W
YFL062W	YML012W
YNL055C	YNL106C
YFR004W	YML056C
YGL004C	YGR232W
YFR024C-A	YNL106C
YHR027C	YOR259C
YBR083W	YKL161C
YJR009C	YMR259C
YBR082C	YHR193C
YJR109C	YLL039C
YKL166C	YOL052C
YLL036C	YPR178W
YKL051W	YLR219W
YDL138W	YLL034C
YDL209C	YMR125W
YFR004W	YOR151C
YBL049W	YJL014W
YDL197C	YPL240C
YLR219W	YPL004C
YDL077C	YLR148W
YHL009C	YPL240C
YDL160C	YLL039C
YGR038W	YLR350W
YFL017W-A	YMR125W
YNL271C	YOR122C
YDR449C	YOR096W
YHR041C	YLR071C
YKL014C	YPR080W
YFR021W	YJR140C
YFL009W	YGL170C
YKL145W	YOR117W
YDR427W	YOR117W
YDR427W	YFR010W
YFR052W	YJR022W
YLL039C	YLR448W
YBR207W	YDL123W
YGR101W	YHL021C
YHR172W	YLR212C
YDR190C	YFL013C
YGR270W	YOR341W
YFL039C	YGL015C
YMR242C	YPL198W
YHR121W	YPR173C
YAR028W	YPR128C
YEL023C	YJR009C
YBL003C	YML065W
YLR196W	YOL077C
YDR283C	YPL240C
YFR004W	YLR197W
YGR063C	YGR186W
YDL140C	YPR093C
YEL009C	YLL039C
YDR328C	YFR004W
YBR200W	YOR047C
YGR209C	YJL030W
YDR192C	YLR131C
YDL194W	YOR047C
YCR009C	YPR062W
YAR028W	YHR026W
YHR144C	YMR201C
YER086W	YGL245W
YDR171W	YLL039C
YDR328C	YGR140W
YGR090W	YOR145C
YDR427W	YOR259C
YGR214W	YHR019C
YDL161W	YOR111W
YBL017C	YOR069W
YOR181W	YPL004C
YGR091W	YML049C
YBR200W	YEL013W
YCR079W	YPL110C
YBR132C	YLL039C
YIL150C	YLR442C
YIL038C	YKL101W
YHR019C	YHR200W
YDR293C	YIR010W
YKL008C	YPL264C
YDR331W	YJL091C
YDL148C	YGR090W
YDR145W	YGR252W
YER177W	YKL171W
YOL082W	YPL091W
YDL005C	YGL127C
YGL131C	YLR413W
YER044C	YNL280C
YLL039C	YMR246W
YEL031W	YFR004W
YFR004W	YGL207W
YGL044C	YPR086W
YGL153W	YOL145C
YMR109W	YOR035C
YBR105C	YDR171W
YBR114W	YGR192C
YBR183W	YDR506C
YMR109W	YOR227W
YFR021W	YJR025C
YIL114C	YNL130C
YJL019W	YNR031C
YML012W	YPL218W
YIL149C	YOR257W
YJL172W	YNL217W
YGR214W	YOR117W
YDR363W-A	YER021W
YOL091W	YOR177C
YMR101C	YPL240C
YBR025C	YFR004W
YLR276C	YNL002C
YLL050C	YLR059C
YDL029W	YPL140C
YLR085C	YLR187W
YAR031W	YJR015W
YML056C	YOL139C
YDL165W	YDR448W
YHR094C	YHR200W
YFL024C	YPR023C
YOL083W	YPR049C
YGR060W	YML008C
YCL010C	YDR176W
YDR427W	YLL039C
YBL003C	YCR057C
YDR359C	YPR023C
YIL095W	YOR196C
YCR079W	YJR059W
Q0115	YIR021W
YER050C	YHR121W
YHR193C	YNL112W
YBR086C	YPR086W
YDL209C	YDR163W
YIL149C	YPL169C
YLR043C	YLR109W
YFL039C	YOR141C
YDR301W	YKR002W
YHR066W	YLR249W
YDR287W	YNL035C
YHR088W	YMR049C
YLR148W	YOR106W
YJL117W	YPL076W
YMR104C	YMR109W
YGL013C	YPR152C
YAR031W	YHR110W
YDL105W	YDL148C
YHR206W	YKL161C
YDL025C	YGL245W
YDR425W	YGL059W
YKL051W	YPR138C
YER146W	YKL209C
YGL048C	YOR257W
YNL175C	YPL198W
YBR034C	YHL034C
YDL131W	YOR117W
YIL033C	YPR040W
YJR066W	YOR008C
YJL056C	YPR154W
YDL148C	YHR148W
YKL062W	YPL203W
YER146W	YGL173C
YLR448W	YOL041C
YHL034C	YJR145C
YGL245W	YGR092W
YFR010W	YOR124C
YKR021W	YPR029C
YGR104C	YHR143W-A
YJR059W	YOL082W
YBL017C	YJL178C
YBR138C	YIL046W
YHR105W	YLL040C
YDR475C	YIR010W
YDL014W	YLR320W
YOR174W	YPR070W
YEL037C	YFR052W
YLL024C	YLR071C
YDL006W	YKL168C
YNL317W	YOL045W
YLL019C	YLR196W
YNL084C	YOR329C
YGR092W	YJR060W
YML101C	YPL240C
YML065W	YOR039W
YJR022W	YNL242W
YOL117W	YOL139C
YDL232W	YJR015W
YDR060W	YGR281W
YHR022C	YJR059W
YFR004W	YLR048W
YGL051W	YKL146W
YIL148W	YPL240C
YGR248W	YOR018W
YBR159W	YKL008C
YDL054C	YDR307W
YFL039C	YIL138C
YDR324C	YGR090W
YBR210W	YGR284C
YKL074C	YLR116W
YDL140C	YOL145C
YLR287C	YLR340W
YCL031C	YFR024C-A
YBL003C	YKR048C
YGR116W	YNL118C
YBL050W	YBR200W
YER114C	YGL190C
YJR035W	YNL084C
YBR202W	YLR274W
YHL034C	YKL182W
YDR350C	YOR110W
YDL148C	YML024W
YOL003C	YPL076W
YCL024W	YNL113W
YGL059W	YMR140W
YBR055C	YMR240C
YLR292C	YML008C
YBR082C	YOR191W
YDL047W	YMR246W
YMR033W	YOR290C
YIL062C	YPR093C
YBR155W	YKR048C
YJL178C	YOL018C
YKL080W	YLL039C
YLL034C	YLR043C
YGL227W	YIL097W
YCR034W	YDR276C
YNL078W	YNL307C
YBL050W	YIL004C
YKL133C	YNL118C
YEL034W	YFR004W
YDR225W	YDR227W
YBR048W	YML063W
YLR113W	YMR276W
YCL056C	YIL065C
YGR186W	YOR151C
YNR010W	YOL139C
YDL072C	YER120W
YBR048W	YNL069C
YDR490C	YOL100W
YKL213C	YOR341W
YBR198C	YEL009C
YBR200W	YLR166C
YGL048C	YHL030W
YKR066C	YPL004C
YFL038C	YJL030W
YDR363W-A	YPR045C
YBR059C	YOL068C
YHR027C	YIR036C
YBR198C	YGL048C
YBR136W	YMR259C
YDR398W	YIL019W
YJL019W	YMR001C
YLR180W	YPL061W
YBR288C	YLR093C
YNL307C	YOL147C
YBR234C	YPL043W
YJR066W	YOL100W
YFL044C	YLL039C
YBR048W	YDL148C
YGL059W	YPL006W
YER008C	YMR304W
YGL059W	YML063W
YDL095W	YEL002C
YDR068W	YKL004W
YML065W	YPR190C
YML065W	YPR080W
YJR022W	YKR021W
YDR477W	YLL039C
YIR037W	YPR035W
YBR094W	YKR009C
YHL035C	YLL039C
YBR034C	YLR315W
YJR059W	YKL008C
YBR155W	YGR187C
YHR089C	YNL186W
YMR061W	YNL317W
YEL034W	YJR145C
YEL039C	YHR027C
YDR227W	YMR284W
YEL002C	YPL076W
YER114C	YMR080C
YDR005C	YGR246C
YER073W	YOR117W
YGL245W	YML064C
YAR019C	YNL223W
YDR328C	YOR089C
YLL001W	YOR014W
YGR295C	YNL130C
YAR002C-A	YGL054C
YGR092W	YKL104C
YGL016W	YMR047C
YLR131C	YNL157W
YBL074C	YPR178W
YER178W	YOR117W
YDL076C	YNL330C
YCL054W	YHR197W
YKL004W	YLL039C
YBR261C	YDR100W
YGR084C	YMR012W
YLR340W	YOR117W
YHR066W	YMR239C
YGR090W	YLR003C
YIR010W	YNL113W
YKL007W	YML069W
YIL033C	YMR022W
YLR330W	YPR080W
YEL002C	YLL039C
YDL006W	YMR001C
YKL210W	YOR117W
YIR037W	YOL147C
YKL008C	YPL227C
YBL039C	YHR200W
YIL148W	YIR010W
YDR054C	YGL173C
YDL222C	YGR055W
YMR001C	YMR012W
YJL033W	YNL317W
YIL125W	YML064C
YDL103C	YKL139W
YJL172W	YPL240C
YDL076C	YER088C
YCR057C	YDL148C
YER029C	YPL157W
YDR330W	YPL018W
YDR227W	YKR101W
YGR130C	YKL051W
YER143W	YPL232W
YPL012W	YPR144C
YER136W	YLR362W
YHR034C	YPL146C
YIL095W	YOR181W
YHR140W	YIL114C
YJR059W	YKL140W
YIR010W	YOR141C
YPL141C	YPL190C
YKL052C	YPL209C
YKL196C	YLL039C
YBR182C	YLR113W
YBL038W	YDR296W
YFR004W	YJR104C
YBR128C	YGL105W
YBL003C	YMR049C
YER006W	YJR110W
YJL019W	YOL012C
YNL084C	YNL250W
YBR130C	YPL240C
YIL078W	YLL039C
YLR241W	YOR307C
YMR080C	YNL118C
YBR171W	YDL095W
YGR275W	YML065W
YDL134C	YIL153W
YNL118C	YOR124C
YBR126C	YHL034C
YBR159W	YLL061W
YGL173C	YGL213C
YLL024C	YLR386W
YDL140C	YER171W
YDL234C	YLL039C
YAL020C	YDL108W
YGL125W	YPL023C
YGL189C	YLR150W
YEL025C	YMR276W
YJL033W	YKR081C
YKL101W	YNL202W
YHR027C	YIL118W
YBL103C	YDR448W
YDR122W	YOL054W
YIR010W	YLR045C
YDR225W	YOL054W
YCR068W	YIR033W
YER105C	YJL030W
YLL039C	YMR104C
YDR247W	YJR049C
YDL222C	YNL173C
YBR162C	YMR214W
YDR308C	YOR174W
YDR321W	YFR004W
YDR328C	YER062C
YPL094C	YPR037C
YLL039C	YOR087W
YLR332W	YML016C
YBL045C	YEL024W
YER086W	YPL240C
YHR021C	YHR027C
YBL003C	YMR186W
YJR089W	YKL101W
YDL247W	YPL240C
YKL009W	YMR242C
YER050C	YNL081C
YMR012W	YNL157W
YDL140C	YOL072W
YGR175C	YNL280C
YDL099W	YDR517W
YOL012C	YPR052C
YFR004W	YGR187C
YDR060W	YMR049C
YOR101W	YPL240C
YKL101W	YLL039C
YER093C	YIR010W
YFR004W	YOR027W
YOL041C	YOL100W
YGL048C	YGR232W
YFR004W	YGR092W
YMR112C	YOR174W
YBL087C	YDR361C
YAL038W	YOL145C
YBR055C	YMR012W
YDL237W	YPR148C
YDR100W	YNL315C
YCR091W	YJL089W
YGR140W	YPL268W
YGR205W	YOL016C
YGR103W	YPL141C
YDR086C	YKL145W
YIL002C	YKR019C
YKL051W	YLR326W
YKL196C	YOR075W
YLR059C	YNL250W
YIL148W	YKL080W
YDR081C	YIR010W
YML012W	YMR292W
YDL005C	YHR058C
YDR411C	YHR027C
YDR277C	YKL038W
YFR004W	YGL173C
YHR035W	YJR022W
YJR059W	YLR270W
YMR065W	YNL084C
YJL081C	YJR082C
YER103W	YOR027W
YLR033W	YML127W
YEL030W	YLR203C
YER006W	YGL213C
YJL141C	YJL206C
YNL061W	YOL077C
YBR105C	YLR340W
YGR281W	YHR001W
YDL108W	YLR071C
YLR278C	YOR181W
YDL160C	YLR136C
YHR033W	YKL166C
YDL160C	YGR253C
YLR377C	YML016C
YDR456W	YPL092W
YGR241C	YNL084C
YCR093W	YDL160C
YOR117W	YPL160W
YGR092W	YMR001C
YHR148W	YPL217C
YKL145W	YOL145C
YCR075C	YFL062W
YAL060W	YFR004W
YDR211W	YLL039C
YFR004W	YMR261C
YNL135C	YOR335C
YDL165W	YGR092W
YDL077C	YNL304W
YNL075W	YPR144C
YDR507C	YKL093W
YBR274W	YDR168W
YML015C	YMR227C
YDR073W	YJL176C
YNL186W	YNL248C
YMR028W	YPR040W
YIL019W	YLR051C
YJL083W	YPL109C
YDR308C	YHR041C
YGR180C	YLL039C
YLR150W	YLR333C
YDR311W	YEL037C
YLL024C	YLR442C
YLR447C	YOR028C
YHR179W	YNL094W
YCR057C	YMR142C
YGL207W	YLL039C
YIR010W	YPL266W
YBL055C	YPL209C
YDR314C	YML011C
YCR030C	YPL221W
YDL005C	YLR071C
YGL011C	YLR071C
YIL066C	YNL134C
YMR186W	YPL001W
YFR010W	YLL039C
YBR247C	YOR290C
YGR253C	YOR148C
YOL077C	YPR143W
YBR155W	YMR186W
YHR200W	YOR259C
YBR095C	YNL330C
YDL025C	YMR290C
YMR242C	YOL139C
YCR030C	YKL051W
YBR059C	YGR287C
YFR004W	YNR035C
YDR473C	YPR178W
YBR136W	YDR076W
YIR010W	YOL139C
YDL232W	YGL226C-A
YBR055C	YPL028W
YLL039C	YLR206W
YJR059W	YLR397C
YLR441C	YNL069C
YLR150W	YMR242C
YFR004W	YJL165C
YIL046W	YJR130C
YLL039C	YPL186C
YDR363W-A	YEL037C
YBR198C	YCL010C
YCR034W	YJL117W
YDR110W	YER146W
YBL045C	YPR054W
YGR275W	YJL176C
YCR075C	YOL016C
YDR331W	YER026C
YNL132W	YPL198W
YKR048C	YOR112W
YHR200W	YOR303W
YER054C	YPL203W
YIR006C	YMR109W
YBR038W	YLL039C
YOR117W	YPL198W
YER093C	YIL105C
YHR072W	YMR015C
YJL033W	YKR002W
YHR066W	YKL014C
YLL011W	YPL217C
YER017C	YMR115W
YML123C	YOR181W
YFR004W	YGR254W
YLR138W	YML016C
YHR200W	YKL104C
YGL147C	YHR197W
YDL031W	YGL245W
YIL016W	YML065W
YDL134C	YPL004C
YGL048C	YHR027C
YGL127C	YMR112C
YJR065C	YKL013C
YBL051C	YER068W
YGR055W	YLR332W
YCL040W	YOR117W
YDR328C	YER103W
YBR225W	YOR157C
YHL010C	YLL039C
YMR140W	YNR031C
YLR150W	YPL198W
YGR245C	YHR197W
YDR477W	YMR104C
YBL075C	YBR247C
YKL105C	YOR181W
YIL095W	YLR015W
YBR059C	YLR206W
YGL245W	YLR166C
YDL111C	YHR081W
YBL003C	YNL248C
YBR048W	YFR004W
YJL191W	YNL124W
YDR283C	YFR009W
YER128W	YOL016C
YBR059C	YPL203W
YER095W	YLR337C
YHR200W	YIL148W
YLR219W	YLR427W
YML078W	YPR184W
YGL048C	YLL034C
YDR225W	YLR357W
YBR114W	YDR097C
YBR055C	YML049C
YJL052W	YJR032W
YKR081C	YOR096W
YBR249C	YFR004W
YFL013C	YFL039C
YIL122W	YJL030W
YGL104C	YKL065C
YGL120C	YHL034C
YJL033W	YNL132W
YEL002C	YER019C-A
YEL046C	YGR092W
YBL015W	YMR059W
YBR127C	YOR117W
YBL023C	YPL001W
YER179W	YIL144W
YFR024C-A	YKL068W
YDR477W	YGL207W
YKL009W	YNL069C
YDR443C	YGR104C
YER111C	YOR083W
YGL207W	YOR259C
YGR281W	YKL051W
YHR200W	YMR191W
YBR216C	YIR037W
YGR270W	YNR016C
YOL077C	YPR016C
YAL032C	YGR278W
YDR328C	YJR033C
YER155C	YIL095W
YDL140C	YHR187W
YCR034W	YHR094C
YGL190C	YJR138W
YAL042W	YFR052W
YCR084C	YNL236W
YBR150C	YLR106C
YDR233C	YFR004W
YHR088W	YOR206W
YDR005C	YJR066W
YKL178C	YOL044W
YBR289W	YNR023W
YDL239C	YGR268C
YCR034W	YGR191W
YHR140W	YOL132W
YBR272C	YFR052W
YIR010W	YOL054W
YIL125W	YML063W
YJR125C	YOR036W
YDR247W	YKR049C
YNL251C	YPR080W
YHR027C	YJL014W
YDR074W	YPR152C
YDL148C	YPR144C
YLL024C	YLR410W
YNR016C	YPR152C
YDR283C	YFR010W
YCR024C-A	YOL132W
YDL204W	YDR233C
YBR202W	YGR270W
YGL147C	YLR448W
YJR012C	YNR055C
YDL224C	YER059W
YJL083W	YPL004C
YGL048C	YKL145W
YDL223C	YPL141C
YIR010W	YMR142C
YDR190C	YHR034C
YIR028W	YJL183W
YKL101W	YNL136W
YNL298W	YPL198W
YDL160C	YGL014W
YLR362W	YOR089C
YNL055C	YNR010W
YHR200W	YNL014W
YCR034W	YPL264C
YDR225W	YGL112C
YBR274W	YJR082C
YFR004W	YHR027C
YER026C	YHR140W
YDR363W-A	YOR257W
YDR448W	YHR041C
YDR092W	YLR059C
YCR009C	YGR086C
YGR224W	YKL020C
YBR023C	YJR125C
YGR130C	YLR219W
YJR099W	YLL039C
YFL014W	YFR004W
YJL036W	YPL174C
YLR413W	YPR138C
YLR310C	YOR101W
YJL122W	YPL146C
YDR145W	YGR130C
YDR208W	YJR059W
YGL147C	YPR016C
YGR281W	YLR441C
YBL003C	YGR086C
YBR048W	YMR242C
YMR049C	YPL141C
YDR331W	YIL016W
YBR072W	YFR004W
YDL029W	YKL013C
YCL054W	YNL175C
YDR260C	YIR025W
YLL034C	YOL136C
YCR061W	YLL039C
YGR232W	YIL007C
YPL217C	YPR144C
YGL161C	YPL240C
YDR097C	YDR499W
YHL034C	YLR196W
YLL039C	YNL307C
YNL069C	YPR143W
YDR301W	YMR125W
YGR192C	YMR086W
YFR004W	YLL024C
YBL039C	YFR031C-A
YGR214W	YNL112W
YHR027C	YPL143W
YGR254W	YHR027C
YHR202W	YPL240C
YDL159W	YLR362W
YER177W	YKL140W
YJR010C-A	YMR264W
YIL065C	YLL001W
YLR448W	YMR242C
YLR403W	YOR370C
YBR278W	YOL077C
YLL039C	YOR238W
YDR328C	YMR056C
YGL246C	YKR063C
YMR047C	YOL145C
YBR159W	YPL076W
YDR341C	YOR117W
YBR065C	YPL240C
YDL195W	YML012W
YHR096C	YKL203C
YOR151C	YPL203W
YGR232W	YOR259C
YBR207W	YGR163W
YNR035C	YPL004C
YDR356W	YNL053W
YDL140C	YLR430W
YBR191W	YNL124W
YGL245W	YOL012C
YLL039C	YPL061W
YGL207W	YLR150W
YIL041W	YNL298W
YBL017C	YDR100W
YER171W	YJR035W
YBR198C	YHR041C
YDR099W	YNL076W
YLL039C	YNR006W
YEL054C	YGL246C
YDL117W	YNR016C
YFL008W	YHL020C
YIR010W	YOL069W
YCL037C	YJL033W
YKR095W	YPR052C
YFR009W	YLR180W
YCR012W	YJL030W
YDL054C	YDL212W
YDL117W	YJR059W
YFL017W-A	YLR117C
YGL190C	YMR109W
YDR423C	YMR047C
YGR175C	YLL039C
YJL153C	YNL138W
YER042W	YLR043C
YAL021C	YGR086C
YIL095W	YJR092W
YER105C	YFR050C
YHL034C	YIR010W
YCR063W	YLL036C
YGR152C	YKL092C
YCL031C	YPR154W
YIR010W	YOR298C-A
YBL055C	YJL141C
YBR202W	YIL150C
YHR027C	YJL052W
YDL105W	YLR007W
YGR063C	YOR151C
YML064C	YPL218W
YGR067C	YOL116W
YFL038C	YOR075W
YLR113W	YNL167C
YIL148W	YNL111C
YIL033C	YNL093W
YDL031W	YMR290C
YMR290C	YOR206W
YDR086C	YLR079W
YDR168W	YLR362W
YKR093W	YPR079W
YKL168C	YNR033W
YDL047W	YGR161C
YGL025C	YLR315W
YJR059W	YPL100W
YFL024C	YLR223C
YBR155W	YJR032W
YDL169C	YNL172W
YDR507C	YLR258W
YFR036W	YGL240W
YHL003C	YHR142W
YGR198W	YOR181W
YDL005C	YNR010W
YLL024C	YOR191W
YFR004W	YFR024C-A
YHR027C	YMR012W
YBR274W	YNL234W
YLL039C	YNL115C
YGL051W	YKL174C
YJR059W	YLR003C
YDL209C	YML049C
YLR441C	YPL198W
YGL245W	YIR010W
YBR270C	YDR259C
YJR161C	YLL039C
YCL024W	YDR507C
YGR056W	YLR357W
YJR104C	YMR059W
YIR010W	YOL039W
YFR021W	YFR024C-A
YKR036C	YLR206W
YER103W	YFR004W
YAL010C	YLL039C
YDR184C	YLR315W
YIL135C	YJR059W
YAL021C	YMR181C
YKR002W	YNL222W
YHR121W	YML032C
YGR104C	YHR058C
YOR096W	YPL217C
YMR186W	YOL012C
YFL024C	YNL136W
YBR229C	YDL210W
YGR086C	YPR080W
YIL144W	YLR456W
YLL039C	YPR010C
YOR096W	YPL081W
YER006W	YLR371W
YFR009W	YHR019C
YIL019W	YPL217C
YBR191W	YNL069C
YMR246W	YPR017C
YDL239C	YOR380W
YHR094C	YJR066W
YGL035C	YOR308C
YFL029C	YKL139W
YGL207W	YMR125W
YAL017W	YHL024W
YGL014W	YKL018W
YGR056W	YKR008W
YER114C	YJR138W
YOR335C	YPL209C
YER177W	YIR003W
YDL014W	YPR178W
YFR004W	YKL080W
YHR027C	YOR185C
YDL117W	YPL158C
YDR523C	YNL186W
YER050C	YMR290C
YIR010W	YJL033W
YCL059C	YMR290C
YJR022W	YOR167C
YEL058W	YIL095W
YGL120C	YKL014C
YER068W	YNL157W
YBR126C	YCR079W
YLR385C	YOL052C
YOL147C	YPL203W
YML065W	YPL146C
YCR042C	YLR115W
YHR027C	YKL211C
YGR167W	YPL141C
YLR313C	YPL140C
YCL024W	YMR140W
YDR306C	YOR027W
YGL173C	YJR145C
YIR005W	YMR213W
YER173W	YHR079C-A
YLL039C	YMR186W
YJL069C	YLR197W
YMR239C	YNL307C
YDR448W	YGR252W
YBR207W	YDR100W
YER171W	YML065W
YOR308C	YPR178W
YHR034C	YJR022W
YDR190C	YMR047C
YDR318W	YDR328C
YDL108W	YFL029C
YGR132C	YPR152C
YAL041W	YLR206W
YHR197W	YIR009W
YJL141C	YLL039C
YIR005W	YKL074C
YPL059W	YPL240C
YGL153W	YOL044W
YLR249W	YOR117W
YOL045W	YPR035W
YDR092W	YLL039C
YER127W	YIL019W
YBR114W	YKL112W
YKL203C	YOR008C
YKL092C	YNL113W
YOL054W	YPL233W
YLL036C	YPR080W
YFL026W	YPL189W
YAR019C	YLR258W
YGL213C	YIL033C
YGR252W	YKL104C
YCR020W-B	YOL012C
YBR238C	YKL104C
YBR048W	YDL060W
YGR270W	YLR274W
YGR078C	YLR212C
YDR139C	YDR328C
YDR443C	YGL127C
YLR427W	YPL012W
YDR050C	YKL060C
YHR066W	YPR016C
YLL024C	YPR140W
YLL019C	YOL016C
YJL157C	YOR212W
YGL190C	YHR033W
YIL016W	YML123C
YJL047C	YOL063C
YHR001W	YPL221W
YHR148W	YIL019W
YFR002W	YMR047C
YBR095C	YDL076C
YMR290C	YOR096W
YGR086C	YLL039C
YDL111C	YER068W
YLR201C	YPL240C
YGL190C	YMR304W
YAL038W	YOL098C
YHR142W	YJR015W
YFR024C-A	YMR232W
YJL036W	YLR031W
YBL003C	YEL012W
YIL046W	YNL103W
YER021W	YMR191W
YJR101W	YML065W
YIL019W	YLL011W
YGL173C	YLL036C
YHR200W	YKL080W
YFR024C-A	YJL045W
YHR019C	YIR005W
YCR091W	YDR007W
YLR150W	YLR340W
YLR113W	YMR172W
YMR049C	YPL211W
YJR145C	YNL069C
YGR275W	YOR290C
YGR092W	YMR239C
YGL173C	YNL251C
YMR197C	YMR231W
