YIL135C	YMR139W
YER125W	YHR135C
YEL002C	YKL008C
YJL019W	YOL104C
YML009C	YNL284C
YHL047C	YHR079C
YOR261C	YPR103W
YMR240C	YOR308C
YIR010W	YJR009C
YMR102C	YOR174W
YMR004W	YPL031C
YDR477W	YLR132C
YDR507C	YMR086W
YKL059C	YNL255C
YGL190C	YNL255C
YGL137W	YJR070C
YDL181W	YNL250W
YGR252W	YOR290C
YDR145W	YGL158W
YGR281W	YHR114W
YDR383C	YIR010W
YJR009C	YMR186W
YDL028C	YMR114C
YFR004W	YFR052W
YDR409W	YLR303W
YHR027C	YOL133W
YDR423C	YGL158W
YGL191W	YLL039C
YIR038C	YKL008C
YER133W	YLR002C
YER018C	YPR083W
YML005W	YNR046W
YGL106W	YLR274W
YFL007W	YLL039C
YER112W	YER124C
YER151C	YLR208W
YDR059C	YNL031C
YNR051C	YPL061W
YDR481C	YNL006W
YJL129C	YML016C
YCR002C	YNL233W
YGL001C	YGR060W
Q0085	YDL004W
YFR004W	YMR314W
YDR059C	YPL037C
YGL207W	YGR116W
YER177W	YPR030W
YNL250W	YOR261C
YDR100W	YJL178C
YER074W	YNL255C
YDR482C	YLR275W
YDR062W	YJR077C
YFR014C	YIL167W
YGL158W	YOR018W
YCR012W	YGL137W
YLR197W	YNR024W
YGR026W	YPL031C
YJR045C	YLR166C
YOR275C	YPL031C
YLR097C	YMR303C
YBR212W	YPL037C
YBL050W	YPL232W
YDR427W	YER012W
YER177W	YPR152C
YBR195C	YNL031C
YBL055C	YGL180W
YIR010W	YJL065C
YHR198C	YML064C
YDL140C	YNL251C
YDR354W	YFR014C
YGL115W	YPR007C
YNL230C	YPL004C
YHR027C	YMR186W
YDR388W	YOR117W
YLR029C	YNL255C
YNL037C	YNL255C
YDR225W	YOR005C
YGL150C	YGR274C
YBR095C	YNL097C
YGL116W	YJL111W
YCL014W	YMR186W
YBR126C	YDR074W
YER177W	YPR080W
YMR081C	YPL203W
YMR233W	YOL006C
YBR177C	YJL153C
YDR159W	YHR127W
YHR083W	YNL026W
YDR318W	YJR112W
YER012W	YGL048C
YDL134C	YOR073W
YEL002C	YML075C
YDR405W	YNL255C
YMR191W	YOR261C
YCL024W	YKL181W
YMR317W	YNL255C
YGL158W	YOR290C
YBR055C	YLR275W
YIR010W	YOL051W
YER026C	YPL274W
YML064C	YOR373W
YBR055C	YML046W
YLR197W	YNL308C
YPL070W	YPR152C
YJR017C	YLR216C
YBR120C	YNL255C
YNR046W	YOL124C
YCR093W	YOL133W
YKL207W	YML048W
YDR155C	YIL112W
YDR124W	YPR049C
YDL215C	YLL001W
YER103W	YGR192C
YDR130C	YHL034C
YKL203C	YOR035C
YNL027W	YPL141C
YER177W	YOR220W
YJL081C	YLR399C
YLR208W	YNL307C
YFR022W	YNL307C
YDL045W-A	YNL306W
YHR114W	YLR078C
YER125W	YJR051W
YBR102C	YML097C
Q0085	YKL016C
YBL003C	YBL052C
YHR020W	YKL104C
YDR032C	YHR135C
YBR069C	YPR198W
YFR004W	YHR098C
YBL087C	YFR034C
YGR116W	YLL039C
YLR251W	YNL255C
YEL011W	YLL039C
YLR435W	YNL255C
YJL106W	YMR165C
YGL180W	YJR019C
YDR328C	YLR399C
YBL030C	YLR203C
YDR080W	YGL025C
YBR079C	YJR045C
YOR117W	YPL031C
YGL150C	YNL030W
YCR030C	YHR107C
YBR194W	YPR152C
YBR010W	YNL030W
YJL124C	YPL152W
YDR142C	YGR077C
YJL151C	YMR296C
YBR171W	YJL034W
YDR130C	YGL093W
YAL028W	YLR233C
YDR043C	YDR477W
YFR004W	YOR168W
YHR197W	YLR449W
YBR150C	YOR174W
YDL055C	YPR034W
YGR075C	YML051W
YNL015W	YOR168W
YER133W	YJL130C
YCR073W-A	YER151C
YMR049C	YMR229C
YLL039C	YLR039C
YDR247W	YKL193C
YER125W	YGR052W
YKL064W	YPL203W
YBR035C	YLL039C
YER151C	YJR045C
YGR060W	YHR190W
YGL130W	YNL030W
YNL030W	YPR052C
YHR193C	YKL180W
YJL123C	YOL128C
YGL158W	YGR276C
YNR010W	YPL031C
YGL180W	YOL078W
YBR065C	YNR011C
YDL222C	YHR094C
YIR014W	YNL118C
YGR281W	YJR066W
YDR189W	YIL107C
YGL146C	YOR005C
YBR207W	YPL203W
YHR135C	YOL078W
YDL140C	YLR115W
YDL065C	YNL214W
YGR072W	YMR080C
YIL152W	YJR092W
YGL215W	YPL031C
YER098W	YOR267C
YIR010W	YOR198C
YER133W	YKL203C
YIL153W	YLR423C
YKL130C	YOR326W
YBR036C	YPR198W
YGR225W	YKL022C
YGL066W	YGR252W
YHR161C	YMR183C
YDR477W	YLR265C
YDR071C	YER151C
YAL028W	YLR378C
YNL118C	YOR093C
YLR449W	YOL077C
YGL203C	YPR067W
YEL054C	YLR097C
YBL033C	YNL255C
YER177W	YFR017C
YBR250W	YNL012W
YDR171W	YGL120C
YER018C	YJL061W
YHR027C	YOR326W
YKL151C	YPL070W
YMR110C	YNL121C
YDR388W	YMR205C
YHR020W	YNL255C
YLR197W	YOL115W
YJR045C	YOR232W
YJL059W	YLR022C
YHR161C	YNL020C
YIL051C	YKL142W
YGL022W	YMR149W
YCR077C	YDL065C
YKL180W	YLR441C
YDR155C	YNL030W
YHR079C	YNL097C
YGR237C	YML056C
YER125W	YGR005C
YBL003C	YGR252W
YBR221C	YFR004W
YCL032W	YNL090W
YDR404C	YGR063C
YDL055C	YNR016C
YOR106W	YPL045W
YFL039C	YLL039C
YEL017C-A	YNL194C
YFR014C	YLR102C
YDL155W	YNL076W
YDL028C	YJR112W
YJR009C	YNL250W
YDL006W	YPL031C
YEL054C	YHR197W
YLL039C	YOL081W
YML117W	YPL031C
YDR276C	YJL117W
YER125W	YHR200W
YJR095W	YLL039C
YJL057C	YML117W
YML057W	YPR115W
YJL222W	YML048W
YLR056W	YLR100W
YJL176C	YPR034W
YER151C	YOR361C
YGL059W	YOL070C
YIR010W	YPR129W
YLL039C	YOR261C
YER090W	YJR070C
YLL034C	YLR449W
YMR049C	YOR361C
YDR307W	YKL065C
YBR169C	YDR171W
YAL032C	YBR194W
YLR423C	YOR357C
YDR093W	YLL039C
YCR088W	YOR284W
YDR323C	YPL031C
YER112W	YGL180W
YDL233W	YER018C
YKL064W	YLR138W
YGL151W	YLL039C
YBR207W	YGL203C
YGL076C	YHR200W
YCR073C	YMR165C
YLL039C	YOL087C
YEL009C	YPL042C
YNL255C	YPL170W
YBR052C	YOL105C
YLL008W	YMR216C
YDR432W	YJL124C
YLL039C	YPL019C
YKL203C	YMR011W
YER025W	YHR200W
YML010W	YOL145C
YER154W	YHL034C
YCR069W	YLL039C
YDL212W	YHR140W
YGR279C	YNL255C
YFR037C	YLR033W
YGL058W	YLR377C
YBL003C	YDL031W
YER119C	YPL031C
YDL130W-A	YDL181W
YER178W	YIR010W
YHR200W	YNL055C
YIL077C	YPL031C
YBR196C	YER151C
YNL069C	YNL110C
YOR347C	YPL203W
YML132W	YOR192C
YJR010C-A	YKL065C
YFR004W	YPL262W
YLL034C	YNL110C
YHR077C	YIR010W
YDL235C	YOR301W
YIR015W	YNL221C
YHR027C	YJL001W
YMR129W	YPR080W
YKL129C	YPL038W
YER120W	YHR027C
YJR076C	YLR027C
YIR010W	YML032C
YDL007W	YLL039C
YMR229C	YNL090W
YLR303W	YLR377C
YBR031W	YKR081C
YER038C	YIR002C
YIL035C	YMR290C
YJL081C	YML041C
YCR042C	YKR002W
YLR056W	YMR015C
YGR192C	YOR117W
YDR128W	YER182W
YDR195W	YML010W
YDR100W	YDR479C
YCR024C	YER125W
YDR293C	YMR105C
YCR077C	YDR404C
YJR065C	YLR429W
YHR135C	YPR083W
YFR014C	YOR089C
YHR027C	YLL050C
YLR304C	YMR246W
YDR477W	YMR102C
YIR010W	YOR267C
YJR104C	YPL031C
YKL104C	YNL313C
YMR196W	YPL042C
YCR091W	YDL006W
YDL112W	YLL039C
YHR135C	YHR179W
YBR194W	YCR030C
YLR148W	YMR197C
YLR002C	YOR267C
YDR432W	YPL031C
YMR246W	YPL206C
YBR130C	YLR274W
YDL147W	YPR103W
YDL042C	YLL001W
YKR014C	YOR375C
YAL014C	YMR197C
YFL039C	YKL196C
YKL079W	YPR049C
YIL034C	YOR181W
YDL149W	YNL242W
YGL137W	YHR018C
YNL002C	YPL141C
YBR041W	YMR313C
YDR227W	YMR273C
YGL180W	YLR192C
YJR077C	YOR117W
YDL002C	YFL039C
YAL032C	YGL026C
YFR024C-A	YPR081C
YCR028C-A	YML032C
YDR088C	YHR023W
YER109C	YMR164C
YGR074W	YLR275W
YGL120C	YLL019C
YKL203C	YPL249C
YDR259C	YKL071W
YKL203C	YMR183C
YGL227W	YLR377C
YFR024C-A	YMR192W
YFR004W	YNL044W
YGR274C	YLR399C
YBL031W	YGL158W
YER013W	YKR024C
YDR477W	YKL079W
YNL118C	YOL149W
YKL135C	YLR330W
YKR081C	YMR049C
YFR031C-A	YGL076C
YDR169C	YML112W
YHR209W	YLL039C
YGR156W	YKL059C
YER149C	YNL293W
YCR012W	YER151C
YIR010W	YNL172W
YHR135C	YNL272C
YHR094C	YKL065C
YBR093C	YGR282C
YMR165C	YPL031C
YLR002C	YLR029C
YGR033C	YPL063W
YDL092W	YML105C
YHR186C	YLL039C
YGL180W	YPR129W
YBR295W	YIL030C
YDR012W	YNL251C
YGR268C	YHL002W
YBR130C	YKL130C
YGL058W	YKL210W
YAL016W	YPL152W
YDR465C	YGR119C
YCR071C	YNL284C
YKL161C	YPL031C
YAL032C	YGR071C
YHR079C	YKR105C
YGL190C	YML024W
YNL037C	YOL133W
YLR022C	YMR229C
YNL255C	YPR191W
YDR432W	YNL030W
YKL145W	YLR421C
YBR194W	YML010W
YDL035C	YPL087W
YKR054C	YNL118C
YAL009W	YJL176C
YLR175W	YPR152C
YDR493W	YNL255C
YDR225W	YNL255C
YHR200W	YPR069C
YBR194W	YOL016C
YDL028C	YJL084C
YIL078W	YKL198C
YGL137W	YJL153C
YGL207W	YPL141C
YKR041W	YLL039C
YBL101C	YOR124C
YNR054C	YOL120C
YLL039C	YNL180C
YLR097C	YNL255C
YHR140W	YNL044W
YHR193C	YHR200W
YHR027C	YLR370C
YHR200W	YIR026C
YOR124C	YPR030W
YDR477W	YNL257C
YJR091C	YKL204W
YBR023C	YLR242C
YMR139W	YMR205C
YJR066W	YMR183C
YBR079C	YPL001W
YLR384C	YNL272C
YDR032C	YML016C
YDL212W	YDR307W
YAL053W	YCR030C
YBR126C	YLL019C
YKL181W	YNL255C
YGR027C	YPL004C
YDR150W	YDR247W
YJL157C	YMR199W
YBR253W	YDR146C
YAL035W	YEL054C
YFR015C	YGL134W
YHR197W	YNL113W
YBR168W	YDL065C
YNL124W	YOL149W
YCR002C	YDR085C
YEL061C	YER012W
YER072W	YGL179C
YHL030W	YOL133W
YDL122W	YNL255C
YER074W	YNR051C
YGL099W	YGL120C
YLL039C	YPR075C
YHR088W	YMR290C
YGR116W	YML058W
YCR028C-A	YOR147W
YER128W	YFR014C
YDL150W	YNL255C
YGL180W	YLR423C
YLR006C	YNR031C
YDR145W	YHR023W
YLL008W	YNL002C
YDL020C	YHR200W
YDL140C	YOR174W
YGL158W	YIL004C
YGR250C	YPL210C
YJL061W	YPL169C
YGL137W	YLR100W
YDR240C	YGR074W
YDL127W	YPL031C
YFR004W	YMR226C
YBL030C	YER182W
YER105C	YLL039C
YGL222C	YNL118C
YHR033W	YOR212W
YIL143C	YOL090W
YCR093W	YDR293C
YCR076C	YNL118C
YCR066W	YGL058W
YHR094C	YIR038C
YDR207C	YOR355W
YGR156W	YKR002W
YBR130C	YLL039C
YPL116W	YPL220W
YGR089W	YLL039C
YDR166C	YLL039C
YJL129C	YKL142W
YBR057C	YJL085W
YFR017C	YGL059W
YDL092W	YER151C
YDR086C	YGR175C
YLL039C	YMR054W
YFR022W	YPL031C
YFR021W	YGL179C
YER151C	YNL281W
YER151C	YOR136W
YLR175W	YML024W
YER133W	YGR156W
YDR100W	YGL137W
YHL034C	YOL077C
YGR159C	YOL016C
YAL035W	YIR001C
YKL173W	YML046W
YDR432W	YIR010W
YLL039C	YNL012W
YBR207W	YHR094C
YLR265C	YLR424W
YML096W	YOL016C
YBR193C	YOR192C
YER133W	YMR140W
YLL039C	YNL074C
YHR135C	YNL055C
YER125W	YKL023W
YKL021C	YMR229C
YBR060C	YNL031C
YLR100W	YNL255C
YDR298C	YKL016C
YPL031C	YPL118W
YDR225W	YOR141C
YEL043W	YJL074C
YAL021C	YDR443C
YCR028C-A	YNL031C
YGR270W	YMR049C
YGL059W	YKL181W
YDR388W	YML016C
YLL008W	YPL141C
YEL009C	YOL148C
YER120W	YOR117W
YLR011W	YOR028C
YFL039C	YLR337C
YEL009C	YGL201C
YKR024C	YLR233C
YKL104C	YLL039C
YGR215W	YHL004W
YBR193C	YGL151W
YKL060C	YOR117W
YDR318W	YLR381W
YLR313C	YLR319C
YGR099W	YPL235W
YLL039C	YLR002C
YGL002W	YNL255C
YLL008W	YLR002C
YER151C	YML056C
YBL102W	YDR264C
YDR021W	YNL271C
YDR145W	YNL272C
YBL106C	YKL117W
YDR328C	YLR267W
YML058W	YOR351C
YFR004W	YKL060C
YDR295C	YJR112W
YDR130C	YGR159C
YMR229C	YNL308C
YBR031W	YOL077C
YDR063W	YFL039C
YDR145W	YJR060W
YLL039C	YML101C
YBR107C	YDR318W
YHR027C	YPR108W
YBR079C	YOR361C
YER133W	YHR100C
YBL003C	YPL235W
YBR055C	YHR135C
YFR011C	YOL006C
YOR275C	YPR173C
YDR100W	YDR189W
YLR455W	YOL077C
YDL002C	YGR092W
YGL076C	YLR441C
YJL117W	YLR018C
YCR004C	YMR086W
YHR200W	YJR077C
YBR090C	YHR135C
YHR200W	YKL006W
YIL106W	YPR191W
YER034W	YHR135C
YJR066W	YMR011W
YEL013W	YFL039C
YEL005C	YLR408C
YCR028C-A	YIL107C
YFL038C	YHR027C
YBR017C	YHR200W
YKL064W	YPL031C
YKL064W	YNL307C
YLL039C	YML097C
YOR054C	YPL031C
YER012W	YJL130C
YGR130C	YNL020C
YGL087C	YOL081W
YGL181W	YHR161C
YER006W	YLL034C
YFR004W	YHR200W
YLL039C	YOL133W
YGL120C	YGL130W
YGR020C	YGR037C
YGL207W	YOR052C
YBR017C	YKL009W
YFL039C	YOR117W
YAL032C	YER013W
YHR200W	YNL239W
YNL255C	YNR032C-A
YDL239C	YKL042W
YNR007C	YPL031C
YLL039C	YOR161C
YER043C	YHR200W
YDR388W	YHR079C
YER032W	YHR114W
YHR027C	YMR099C
YDR388W	YLR166C
YFR052W	YGL048C
YDL055C	YNL271C
YLL039C	YML130C
YBR150C	YNL255C
YER151C	YLR447C
YER050C	YPL118W
YCL010C	YGR252W
YGL207W	YJR089W
YER133W	YFR004W
YCR012W	YOR117W
YGL189C	YNL255C
YBL097W	YHL002W
YMR146C	YOR361C
YIL004C	YLR093C
YGL120C	YLR150W
YLR093C	YPL031C
YFL049W	YJL176C
YER120W	YFR004W
YER124C	YHR200W
YDR100W	YFR024C-A
YKL206C	YPR103W
YGL003C	YJL106W
YDR353W	YOL128C
YMR314W	YPR103W
YDR388W	YPL031C
YBL023C	YGL201C
YHL004W	YPL013C
YFR024C-A	YJL004C
YGR052W	YNL006W
YJR125C	YOR111W
YNL055C	YOR117W
YGL104C	YJL133W
YGL233W	YJL036W
YCL039W	YPL139C
YDL140C	YLR005W
YEL013W	YOR316C
YJL098W	YNL055C
YLR175W	YPL146C
YIR010W	YJR112W
YNL306W	YPL013C
YGL179C	YNL293W
YDR439W	YER106W
YDL092W	YLR452C
YBR010W	YER147C
YFR014C	YML048W
YBR278W	YNL255C
YKL028W	YPR052C
YGL250W	YLR082C
YGR058W	YGR136W
YGL066W	YMR186W
YJR077C	YMR186W
YGR033C	YIL022W
YGL137W	YIL136W
YAL025C	YOR267C
YBR052C	YGR281W
YLR018C	YML048W
YNL255C	YNR007C
YHR186C	YJL098W
YHR107C	YNL166C
YGL134W	YOR178C
YEL017C-A	YML048W
YJR122W	YLL027W
YDL159W	YDR356W
YDR427W	YGR067C
YHL018W	YPL070W
YDR146C	YER015W
YGL026C	YOR117W
YHR200W	YLL039C
YDL003W	YIL026C
YDR430C	YER178W
YOL091W	YOR373W
YIR010W	YOR224C
YBR010W	YOR290C
YDR100W	YPL095C
YLR447C	YNL255C
YFR017C	YPL203W
YDL140C	YOR124C
YLR396C	YMR197C
YDR195W	YLR115W
YOR127W	YOR326W
YBR010W	YNL031C
YDL134C	YPL235W
YBR279W	YDL140C
YMR165C	YOR351C
YML051W	YOR355W
YHR114W	YIL132C
YER006W	YFR031C-A
YKL079W	YNL272C
YDL042C	YOL017W
YDL159W	YGR287C
YKR008W	YMR091C
YNL041C	YOR304C-A
YCL035C	YLL039C
YHL004W	YJR060W
YDL101C	YJR104C
YDR328C	YOR057W
YER151C	YOL077C
YJR091C	YLR156W
YGL120C	YGR130C
YLR315W	YML056C
YDR039C	YLL039C
YFR004W	YNL071W
YOL120C	YOR361C
YNL255C	YNL301C
YBL101C	YER177W
YBL074C	YOR308C
YKL009W	YNL002C
YHL031C	YKL006C-A
YGR092W	YMR165C
YHR024C	YLR172C
YGR092W	YLL008W
YJL020C	YPL031C
YGL180W	YKL023W
YAL053W	YGL203C
YML057W	YPR108W
YBR263W	YFR031C-A
YAL027W	YPR171W
YLR027C	YPL031C
YJR066W	YKL161C
YDL235C	YJR074W
YBR152W	YPR178W
YBR079C	YGL106W
YHR027C	YOR117W
YIL107C	YLL039C
YBL054W	YIR010W
YBL075C	YNL255C
YBL087C	YNL110C
YLL050C	YLR319C
YIR010W	YOR026W
YDR337W	YOR158W
YBR193C	YDL005C
YCR073W-A	YOR351C
YDR388W	YNL255C
YJR076C	YNL166C
YBR194W	YDL140C
YFR052W	YLR421C
YJR074W	YOR185C
YDR264C	YOL018C
YBR079C	YDL019C
YDL003W	YFL008W
YDL007W	YKL145W
YDR239C	YGL180W
YNL031C	YPR023C
YBR102C	YLL039C
YBR079C	YHL004W
YDL181W	YGR089W
YER062C	YKL069W
YBL023C	YLR002C
YGR060W	YKL008C
YFR004W	YKL182W
YKL009W	YPR080W
YAL032C	YNL078W
YDL115C	YOR224C
YGR056W	YPR034W
YDR477W	YHR189W
YBR017C	YOR185C
YOR070C	YOR089C
YKL058W	YML015C
YGL076C	YMR290C
YDR088C	YGR074W
YLL039C	YPR080W
YCR088W	YDR388W
YCR077C	YKL173W
YBR105C	YIL097W
YHR114W	YPR171W
YDL147W	YHR200W
YLL043W	YMR104C
YJR014W	YNL255C
YNL255C	YPR163C
YHR179W	YMR201C
YJR045C	YLR203C
YFR004W	YHL030W
YMR186W	YNL157W
YER074W	YFR004W
YGL111W	YNL002C
YER090W	YOR117W
YBR031W	YNL301C
YDL239C	YOR304C-A
YMR174C	YPL154C
YLL049W	YMR294W
YBR097W	YLR240W
YDL101C	YER125W
YLR425W	YPL066W
YGR209C	YLL060C
YDR475C	YML016C
YFR052W	YOR181W
YEL054C	YER151C
YMR186W	YNL186W
YGR205W	YKL168C
YBR280C	YDR328C
YFR051C	YGL137W
YFR004W	YLR029C
YBR241C	YIR038C
YJL081C	YPL235W
YLR467W	YNL255C
YBR272C	YDR363W-A
YDR359C	YJL081C
YHR140W	YJL214W
YDL215C	YLL039C
YBR278W	YCL032W
YGL205W	YLL039C
YBL050W	YLR093C
YLL039C	YLR078C
YLL019C	YMR102C
YJL124C	YOR147W
YGR075C	YOR308C
YDR498C	YML058W
YJL151C	YKL140W
YLL039C	YOR163W
YHR088W	YKL021C
YDL061C	YFR034C
YAL059W	YJL039C
YDR032C	YHR001W
YER012W	YPR108W
YLR438W	YPL150W
YKL009W	YOL077C
YLR175W	YNL124W
YJR005W	YKL135C
YBR279W	YLL063C
YDR012W	YNL301C
YDL007W	YGL004C
YCR093W	YGR274C
YHR190W	YHR200W
YDL043C	YGR250C
YDL134C	YPL152W
YMR167W	YMR190C
YNL090W	YOR089C
YMR186W	YNR031C
YFR004W	YOR280C
YCR012W	YNR051C
YBR052C	YDR039C
YGR261C	YKL135C
YDR295C	YOL090W
YHR119W	YJL111W
YBR177C	YFR004W
YLL039C	YMR275C
YHR114W	YOR389W
YER151C	YGL076C
YCL009C	YNL157W
YFR052W	YMR314W
YKL203C	YML052W
YGR052W	YNL076W
YER023W	YFR004W
YDL115C	YGL179C
YJL153C	YOR120W
YDR247W	YGL208W
YKR081C	YLL034C
YGR252W	YNL255C
YMR155W	YPL031C
YDR427W	YMR191W
YGR232W	YHR027C
YDR162C	YDR277C
YGR031W	YIL107C
YGL076C	YOL120C
YLR055C	YNL255C
YER133W	YLR134W
YFL039C	YNL110C
YIR010W	YPR163C
YER112W	YJL124C
YDL140C	YOR117W
YBR225W	YNL307C
YLR337C	YNL084C
YGR258C	YPL248C
YNL255C	YOR265W
YDR436W	YOR054C
YBR273C	YLL039C
YGL137W	YLL039C
YJL094C	YLL039C
YDL055C	YJL074C
YNL124W	YPL079W
YDR272W	YOR081C
YDR507C	YHR088W
YKL145W	YOL117W
YGL137W	YGL203C
YFR051C	YNL304W
YBL055C	YFR014C
YER012W	YGR232W
YER013W	YLR117C
YDR388W	YOR196C
YHR020W	YHR200W
YBL003C	YOL006C
YNR011C	YOR148C
YGL180W	YMR049C
YBR046C	YLL039C
YER151C	YPR080W
YPL031C	YPL201C
YNL255C	YPL036W
YER177W	YGL181W
YKL142W	YNL063W
YDR100W	YML110C
YDR122W	YML006C
YLR384C	YNL107W
YBR057C	YHL004W
YLR457C	YNL255C
YKL058W	YOR093C
YDR398W	YJR070C
Q0085	YML081C-A
YLR429W	YPR093C
YLL011W	YNL110C
YDL063C	YLL039C
YBR167C	YIR015W
YDR145W	YNR010W
YER012W	YML092C
YDR077W	YOR330C
YJR066W	YLR378C
YDR432W	YER125W
YDR483W	YLR166C
YLL011W	YPR137W
YBL011W	YNL307C
YER133W	YOR117W
YDR247W	YPR115W
YGL058W	YML101C
YDR092W	YGL087C
YCR073W-A	YGL059W
YDR171W	YOR181W
YBL030C	YGL137W
YLL039C	YML052W
YBL054W	YNL118C
YNR019W	YPL031C
YDR368W	YFR004W
YHR023W	YOR326W
YDR155C	YHR119W
YER125W	YLR017W
YJL178C	YNL255C
YDR507C	YPR083W
YDR439W	YGL180W
YGR089W	YHL010C
YBL003C	YGL227W
YLR166C	YPL004C
YLR452C	YMR004W
YBR194W	YGR186W
YGR136W	YPR081C
YFR031C-A	YKL180W
YJL107C	YOR265W
YDR422C	YER129W
YGL116W	YIL142W
YJR001W	YPL203W
YJL154C	YMR004W
YBL087C	YGL227W
YBR207W	YNL255C
YDR356W	YOR373W
YGL158W	YPR072W
YHR135C	YMR229C
YHR200W	YLR438W
YER178W	YLR166C
YBR055C	YOR308C
YDR398W	YNL255C
YLR203C	YLR429W
YDL031W	YHR197W
YDR419W	YPR160W
YDL043C	YNR031C
YNL027W	YNL307C
YDR477W	YGL158W
YER105C	YJR042W
YNL044W	YNL315C
YGR109C	YJL157C
YJR035W	YNR058W
YFR022W	YJR010C-A
YDR343C	YER125W
YGR281W	YKL203C
YER151C	YMR229C
YER133W	YPR160W
YDL006W	YPL141C
YCR091W	YMR216C
YFR004W	YLR216C
YBR279W	YML069W
YGL181W	YPL049C
YLR313C	YNR032C-A
YJL012C	YJR152W
YBL018C	YBR167C
YNL255C	YOR007C
YMR291W	YOR089C
YBR095C	YDR207C
YLR148W	YPL045W
YBR036C	YJL214W
YFR014C	YMR087W
YKL016C	YLR166C
YDR388W	YER129W
YBR194W	YML017W
YFL034W	YPL110C
YGR252W	YPL031C
YFR014C	YKL042W
YFR004W	YJL055W
YKL203C	YMR104C
YJL222W	YKL065C
YER020W	YLL039C
YDR009W	YOL133W
YDR323C	YOR351C
YKL181W	YPL031C
YBR055C	YDR482C
YDR168W	YGL201C
YBL087C	YKL117W
YGL180W	YLR265C
YGL076C	YMR086W
YLL013C	YOL128C
YFR021W	YNL242W
YLR117C	YPR152C
YLR117C	YNR011C
YGR092W	YJR142W
YGL151W	YGR104C
YKL008C	YMR298W
YHL023C	YNL307C
YGL106W	YPL004C
YGR060W	YML075C
YDR490C	YIR044C
YLL039C	YMR183C
YKR008W	YLR033W
YGR092W	YIL106W
YAL016W	YHR135C
YDR180W	YJL074C
YBR010W	YGR270W
YIL113W	YKL161C
YGL180W	YMR140W
YGR029W	YLR424W
YHR087W	YNL255C
YDL140C	YDR463W
YGR275W	YKR008W
YDL101C	YPL177C
YLL039C	YNL308C
YDL134C	YER032W
YBR065C	YLR117C
YGL158W	YPL016W
YGL256W	YNL307C
YGL179C	YJR092W
YDL115C	YGR005C
YDR100W	YPL100W
YER025W	YER133W
YDR363W-A	YKL145W
YDR318W	YGL060W
YIL114C	YPL274W
YDL065C	YKL189W
YDR146C	YPL031C
YAL032C	YOR023C
YBR172C	YDR432W
YDR276C	YEL002C
YOL078W	YPR137W
YKL193C	YPL036W
YDL042C	YER129W
YDL150W	YNL151C
YLR150W	YPL150W
YDR225W	YNL030W
YHL031C	YOL018C
YDR388W	YJR043C
YBR079C	YER151C
YIR026C	YPL169C
YDL055C	YHR027C
YHR193C	YKR081C
YDL150W	YIR010W
YIL068C	YJL085W
YFL033C	YOL081W
YBR183W	YJL117W
YBR087W	YML105C
YJR125C	YOR351C
YHR088W	YNL002C
YDR169C	YFR014C
YDR032C	YDR369C
YDR356W	YLL003W
YFL008W	YJR112W
YBL003C	YHR193C
YDL239C	YDR520C
YGL181W	YPL031C
YLL039C	YOR329C
YLR328W	YML064C
YIR010W	YNL006W
YCL052C	YHR140W
YMR054W	YOR270C
YFR037C	YOR290C
YCR093W	YIR010W
YFL038C	YLR396C
YJR017C	YML010W
YER151C	YFR004W
YNL255C	YOR089C
YBR171W	YNL255C
YFL039C	YLR319C
YNL255C	YOR168W
YDR484W	YKR020W
YFR014C	YMR290C
YLR460C	YPL031C
YKR014C	YOL018C
YJL151C	YMR152W
YKR024C	YKR081C
YDR277C	YJL020C
YGL048C	YNR051C
YKL182W	YML100W
YHR135C	YNL314W
YDL031W	YML010W
YML048W	YMR149W
YLL039C	YLR377C
YGL203C	YJL053W
YML064C	YNL255C
YER151C	YIL051C
YJL104W	YNL255C
YLR306W	YPL003W
YML056C	YOL115W
YGL151W	YPR070W
YBR018C	YGL180W
YDL045W-A	YIL093C
YFL008W	YLL050C
YDL005C	YPL042C
YDR388W	YOR057W
YCL032W	YFR034C
YDR477W	YIL107C
YML016C	YOR308C
YER151C	YKL182W
YGL116W	YPL004C
YOR058C	YPL146C
YGR270W	YML069W
YHR072W	YLR056W
YJL084C	YLL039C
YGL137W	YKR067W
YFL047W	YFR004W
YHR113W	YML064C
YER151C	YLR449W
YDR169C	YPR080W
YGL099W	YKL180W
YML069W	YNL030W
YDR430C	YNL255C
YLL039C	YOR348C
YCR073C	YJL089W
YCR077C	YPR178W
YDR388W	YFR004W
YCR093W	YDR145W
YDL005C	YGL151W
YHR195W	YLL039C
YDR240C	YLR423C
YDR477W	YLL027W
YKL173W	YLR117C
YLR176C	YOR290C
YGR270W	YNL031C
YHR018C	YLL039C
YBR107C	YIR010W
YLL039C	YOR326W
YKL039W	YLL039C
YLR244C	YNL255C
YAL053W	YDR497C
YCR028C-A	YER020W
YDL006W	YPL180W
YIR010W	YLR095C
YEL047C	YFR004W
YGL104C	YHR114W
YFR004W	YIL116W
YGL111W	YNL082W
YAL028W	YBR171W
YAL009W	YDR211W
YGL158W	YLR055C
YIL034C	YIL062C
YKR072C	YML016C
YJL154C	YLL039C
YBR017C	YDL204W
YAL017W	YOR196C
YDL227C	YHR027C
YER151C	YLR109W
YPL049C	YPL070W
YDL181W	YKR054C
YBR137W	YOL111C
YGR092W	YKL140W
YCR061W	YOR266W
YNL206C	YNL255C
YGR185C	YNL255C
YBR031W	YNR051C
YGR092W	YJL098W
YGL179C	YKL197C
YJL036W	YPL201C
YCR100C	YNL307C
YDR295C	YNL250W
YCL014W	YHR135C
YBR017C	YNR069C
YDL101C	YHR135C
YAL027W	YLR429W
YBR129C	YOL016C
YBR152W	YKL173W
YDR264C	YOR212W
YGL158W	YML048W
YNL006W	YPL180W
YML010W	YMR039C
YCL024W	YOR141C
YBR079C	YOR052C
YCL032W	YGL133W
YER094C	YNL255C
YBR177C	YFR014C
YOR351C	YPL100W
YJL197W	YNL255C
YGR113W	YLR424W
YFR024C-A	YOR247W
YBR126C	YMR229C
YJL060W	YLL039C
YDR337W	YNL306W
YCR077C	YDL184C
YDL115C	YMR291W
YKL206C	YLL039C
YFR031C-A	YNL069C
YFR053C	YOR081C
YBR043C	YGR074W
YDR380W	YLL039C
YOR124C	YOR138C
YJL130C	YLR436C
YKR072C	YMR149W
YEL013W	YJL151C
YBR272C	YDL007W
YDL002C	YJR112W
YGL076C	YNL110C
YAL017W	YKL035W
YBL052C	YNL255C
YFR034C	YLR330W
YFR004W	YPL061W
YLR346C	YNL255C
YMR031C	YPL004C
YML069W	YPR052C
YOR117W	YPL061W
YLL039C	YNL305C
YEL046C	YHR200W
YDR012W	YOL120C
YGL156W	YJL074C
YGR027C	YNL255C
YML057W	YNL037C
YGL207W	YHR200W
YGL120C	YOR290C
YJL006C	YNR064C
YBR253W	YGL025C
YAL017W	YDR259C
YER006W	YHR088W
YGR195W	YLL039C
YDR185C	YKL053C-A
YGL201C	YLR233C
YGL158W	YHL027W
YJL124C	YOR375C
YDL140C	YDR356W
YBR264C	YNL044W
YCR077C	YJL124C
YOR117W	YOR261C
YIL016W	YPL203W
YIR003W	YPL031C
YBR167C	YNL221C
YMR186W	YOR007C
YKL196C	YNL255C
YDR432W	YOR267C
YBR207W	YDR284C
YER062C	YLL039C
YDR006C	YLL039C
YLR128W	YLR306W
YBL050W	YNL255C
YAL034W-A	YER018C
YJL130C	YPR152C
YBL075C	YGR104C
YDL192W	YLR330W
YLR378C	YMR149W
YBL097W	YDR388W
YCR030C	YOR181W
YKL210W	YPR080W
YNL308C	YPL259C
YKL065C	YMR149W
YFR031C-A	YOL120C
YAL059W	YNL255C
YFR024C-A	YGL201C
YER050C	YHL004W
YFR004W	YHR193C
YFR014C	YGL205W
YBR069C	YLR343W
YNR011C	YPR178W
YIL038C	YOR351C
YDL031W	YLR029C
YGL211W	YIL008W
YCL035C	YDR507C
YDL212W	YML132W
YGL111W	YOR005C
YCR028C-A	YER112W
YBL087C	YDR130C
YKL067W	YNL030W
YFR024C-A	YGL104C
YER133W	YLR449W
YDR411C	YDR479C
YDL140C	YJR110W
YDR432W	YJL006C
YBR272C	YGL004C
YCR091W	YML096W
YDL140C	YLR015W
YAL032C	YKL173W
YER025W	YMR146C
YDR247W	YGR249W
YOR267C	YPR160W
YDL006W	YDR507C
YFR004W	YGR200C
YBR167C	YNL246W
YHR135C	YOL153C
YJL127C	YOL110W
YER177W	YLR433C
YJL057C	YNL113W
YLR033W	YPL139C
YDR049W	YGR048W
YBR193C	YBR253W
YBL050W	YKL196C
YDR363W-A	YLR421C
YDR216W	YOL148C
YKL129C	YOR247W
YHR027C	YPR058W
YBL003C	YLR449W
YDL140C	YOR166C
YCR012W	YNL006W
YDL007W	YOR117W
YDR388W	YOR329C
YER112W	YNR051C
YLL039C	YMR080C
YDR054C	YFL029C
YBR279W	YNL251C
YGL037C	YHR200W
YER164W	YGL207W
YGR108W	YOR171C
YGL058W	YNL255C
YGR195W	YNR024W
YDL155W	YIL106W
YDR330W	YOL133W
YMR105C	YMR199W
YEL051W	YJL036W
YHR190W	YLL039C
YHR135C	YIL077C
YAL042W	YJR010C-A
YML056C	YOR360C
YBL003C	YJR010C-A
YHR087W	YIL162W
YKL180W	YMR086W
YBL056W	YDR071C
YER151C	YJR014W
YGL179C	YMR205C
YHR094C	YLL039C
YGR104C	YPL042C
YKL006W	YNL124W
YCL009C	YNR051C
YJL219W	YML048W
YJL001W	YML092C
YLR150W	YML006C
YDL031W	YOL077C
YGR270W	YKR008W
Q0120	YLR382C
YER006W	YGL120C
YER098W	YNL307C
YBR298C	YGR041W
YDR404C	YNL251C
YDR386W	YER112W
YJL039C	YKL068W
YGR192C	YKL129C
YCR004C	YDL101C
YLL039C	YLR345W
YLR406C	YNR051C
YDR254W	YOL091W
YGR274C	YJR140C
YGL120C	YPL146C
YGR092W	YPL242C
YFR014C	YNL121C
YBR194W	YMR146C
YER151C	YNL030W
YGR258C	YLR005W
YDR479C	YLL039C
YJL124C	YMR080C
YDL002C	YOR141C
YBR126C	YCL040W
YER125W	YER177W
YJR031C	YNL186W
YFR037C	YNL255C
YDR388W	YGL106W
YLR102C	YPL031C
YER133W	YNL002C
YGL120C	YHR088W
YGR200C	YNL078W
YDR477W	YLR242C
YGL180W	YOL091W
YJL025W	YOR284W
YDL019C	YGR092W
YAL002W	YLR148W
YJL057C	YKL130C
YDR080W	YLR093C
YER033C	YPL031C
YEL009C	YOR174W
YJR096W	YPL150W
YMR186W	YOR057W
YDR100W	YHR094C
YDL007W	YMR314W
YBR018C	YDL134C
YKL145W	YPR080W
YAL027W	YBR196C
YCL031C	YDR162C
YER133W	YKR002W
YML041C	YNL107W
YFR034C	YGL180W
YBL050W	YOL018C
YNL211C	YPL150W
YDL140C	YIR010W
YLR314C	YNL078W
YBR097W	YLL039C
YHR092C	YJR066W
YDL140C	YGR063C
YDR388W	YLR429W
YFR024C-A	YMR127C
YNL110C	YPL146C
YJL020C	YLR206W
YBR036C	YHR026W
YGL233W	YJL085W
YLL039C	YLR034C
YLL039C	YLR056W
YBR170C	YFL044C
YFR004W	YGL206C
YDR156W	YNL113W
YKL009W	YNR051C
YFR004W	YIL041W
YER120W	YMR216C
YJL098W	YPL049C
YBR194W	YMR240C
YBR079C	YPL237W
YER105C	YMR129W
YNL118C	YPL220W
YHR027C	YOR375C
YGR136W	YOR181W
YDR404C	YGR005C
YGR156W	YJR093C
YDR084C	YOL018C
YIL004C	YLR078C
YDR293C	YGR092W
YDL140C	YML010W
YDR142C	YKL103C
YIL004C	YNL255C
YBR169C	YPL004C
YHR079C	YMR165C
YKL009W	YNL110C
YBR055C	YLR424W
YER164W	YLL039C
YML024W	YNR051C
YLR134W	YPL031C
YJL176C	YOR290C
YGL059W	YMR165C
YAL021C	YPL042C
YKL145W	YPL248C
YDR006C	YFR004W
YNL002C	YNL110C
YLL039C	YLR047C
YOR361C	YPR152C
YBR172C	YKL204W
YHR197W	YLL008W
YJL098W	YNL006W
YDL065C	YMR026C
YGR270W	YLR197W
YFL039C	YOR367W
YER093C	YER125W
YIR038C	YJL117W
YCR002C	YNL078W
YBR193C	YLR150W
YIR010W	YLR175W
YHR114W	YMR162C
YNL020C	YNL272C
YOR308C	YPL215W
YER133W	YER177W
YFL007W	YML092C
YDR343C	YOR181W
YDL232W	YEL002C
YDR453C	YGR185C
YBR069C	YJR010C-A
YHR179W	YLL060C
YHL018W	YJL098W
YHR200W	YLR109W
YDL160C	YGL137W
YGL025C	YNR010W
YDL042C	YLL039C
YFR014C	YGL023C
YBR152W	YOR308C
YGR130C	YPL004C
YER125W	YHR131C
YIL035C	YJR096W
YDL140C	YIL143C
YGL111W	YNL110C
YDR482C	YMR240C
YAL032C	YGL120C
YDR074W	YER178W
YGL003C	YGL116W
YAL016W	YFR004W
YFL008W	YPL155C
YFR004W	YJL020C
YDL155W	YGR092W
YBR179C	YDR142C
YGL166W	YJL154C
YLR378C	YOR085W
YFR004W	YJL001W
YKL203C	YOL030W
YJL068C	YOL017W
YCL032W	YNL180C
YGR268C	YNL255C
YBR126C	YML100W
YGL201C	YML069W
YJR148W	YLL039C
YKL189W	YMR303C
YBL055C	YHR135C
YFR016C	YLL050C
YMR080C	YNR051C
YMR290C	YPL220W
YBR079C	YNL255C
YGR116W	YML069W
YGL076C	YNL069C
YGL048C	YHR200W
YHL030W	YHR200W
YDL184C	YJL124C
YAL056W	YOL081W
YBL003C	YIL026C
YFL033C	YNL157W
YFL007W	YJL001W
YGR104C	YNR010W
YGL076C	YLL034C
YDR284C	YGL203C
YDR080W	YOR106W
YBR107C	YDR254W
YER120W	YMR049C
YGR186W	YKL028W
YKL039W	YOL018C
YER047C	YKL129C
YJL020C	YMR162C
YIL142W	YOR281C
YKL145W	YPR108W
YDR159W	YLR423C
YGL076C	YHR088W
YMR165C	YOL016C
YER006W	YPL146C
YGR258C	YIL143C
YER125W	YGL219C
YDR254W	YLR315W
YGL048C	YMR191W
YDR293C	YPR152C
YFR052W	YHL030W
YLR137W	YNL255C
YGR038W	YIR038C
YDL042C	YGR282C
YDR227W	YNL206C
YBR010W	YMR176W
YBR041W	YJR009C
YDR452W	YNL255C
YBR279W	YIL035C
YFL039C	YFR004W
YKL203C	YNL076W
YDL101C	YDR531W
YGL180W	YLL008W
YDL167C	YPR080W
YNL255C	YOR196C
YHL004W	YKL170W
YER012W	YLL054C
YJL098W	YNL076W
YNR051C	YOL120C
YKL145W	YNL255C
YGL059W	YOR134W
YEL051W	YOR174W
YBL075C	YLL060C
YDR150W	YJR112W
YGL180W	YNL186W
YDR059C	YPR103W
YBR055C	YMR205C
YDR477W	YHR117W
YGL120C	YGR270W
YLL034C	YLR039C
YLR039C	YOR361C
YDR494W	YER050C
YER067W	YPL031C
YBL102W	YLL039C
YHR079C	YKL168C
YBR126C	YOR089C
YKL161C	YPL049C
YDR171W	YDR430C
YNR046W	YPR054W
YMR246W	YNR051C
YLR005W	YNL255C
YLR238W	YPL031C
YBR253W	YPR070W
YHR034C	YPR137W
YGR274C	YKL117W
YDR432W	YER133W
YML019W	YOR103C
YBR017C	YMR105C
YFL033C	YOR380W
YKL161C	YNL027W
YMR068W	YOR181W
YOL051W	YPR025C
YIL085C	YJL019W
YHL004W	YPR080W
YAL042W	YML130C
YBR087W	YJR068W
YKR014C	YOR089C
YDR142C	YMR095C
YER012W	YGL026C
YFR003C	YKL193C
YLL039C	YOL145C
YGL201C	YLR274W
YFR004W	YOL109W
YDL031W	YNL002C
YKR014C	YPR028W
YDL134C	YHR135C
YBR023C	YMR237W
YBL087C	YDR012W
YNR051C	YOR182C
YIR010W	YLR033W
YJL084C	YOR348C
YDL140C	YGR005C
YMR068W	YOL078W
YHR079C	YHR114W
YGR074W	YMR240C
YJR009C	YLR027C
YER177W	YLR403W
YDR086C	YLR378C
YHR135C	YNL186W
YDR258C	YOR117W
YJR076C	YNL307C
YHR088W	YHR197W
YER125W	YPL146C
YGR056W	YNL031C
YDL028C	YPR115W
YER147C	YFL016C
YIR010W	YML010W
YBR010W	YNL097C
YFR021W	YGL180W
YDL007W	YPR108W
YDL031W	YIL035C
YOR290C	YPL248C
YDL212W	YEL002C
YAL028W	YMR186W
YLL039C	YPL234C
YER151C	YHR020W
YLL039C	YOR223W
YKL065C	YLR034C
YGR278W	YOR361C
YLL039C	YLR320W
YBR005W	YER125W
YIL108W	YML105C
YAL014C	YKL196C
YDL184C	YNL255C
YBL017C	YGL203C
YJR112W	YNL250W
YAL016W	YIL065C
YGL190C	YNL030W
YDL134C	YGL190C
YDR477W	YOR267C
YDR118W	YNL172W
YGR136W	YLL039C
YER094C	YHR200W
YJR045C	YOR081C
YNL074C	YOR351C
YDR359C	YGL158W
YJR036C	YLL039C
YGR110W	YHR114W
YHR027C	YPL259C
YDL140C	YDR359C
YLR353W	YOR301W
YDL054C	YGR174C
YLR466W	YNL255C
YML010W	YNR051C
YBR241C	YDR479C
YHR135C	YJR089W
YDR398W	YLR216C
YLL039C	YML010W
YHR096C	YJR066W
YJR025C	YPR054W
YBL003C	YJL081C
YHL030W	YMR314W
YDR031W	YNL255C
YNL255C	YPL061W
YNL002C	YPR115W
YFR052W	YIR011C
YDR159W	YLR018C
YBL030C	YER053C
YNL255C	YPR178W
YCR028C-A	YLR326W
YDR388W	YER116C
YDR093W	YJR066W
YAL027W	YML095C
YJR093C	YLR115W
YBR010W	YBR195C
YCR073W-A	YNR051C
YLR197W	YPR178W
YJR066W	YOR326W
YBR055C	YGR074W
YDL160C	YKL173W
YKL145W	YLL039C
YGL004C	YOR117W
YGR052W	YJL105W
YHR023W	YLR423C
YFR004W	YNL281W
YDR162C	YOL028C
YLR002C	YLR150W
YIL034C	YPL031C
YLL039C	YMR115W
YFR004W	YMR027W
YBR210W	YGL207W
YKL203C	YOR326W
YGR274C	YPR052C
YLR208W	YMR017W
YAL035W	YHR200W
YKL021C	YMR290C
YHL030W	YPR103W
YML064C	YMR246W
YBL003C	YGL207W
YDR155C	YLL039C
YKL129C	YNL255C
YBR196C	YDR328C
YDR128W	YGL205W
YDL161W	YLL039C
YDL140C	YGL207W
YKL104C	YLL040C
YLR150W	YNR051C
YBR172C	YPR072W
YCL024W	YNL206C
YBR273C	YDR411C
YER074W	YGL076C
YLR035C	YMR167W
YGL158W	YNL117W
YDR388W	YFL039C
YDR146C	YOR290C
YJR077C	YLL039C
YGR037C	YLL019C
YGR186W	YOR224C
YDR145W	YOL148C
YHR097C	YLL039C
YNL113W	YNL255C
YBL030C	YBR194W
YLR455W	YMR229C
YGL190C	YMR036C
YHR158C	YNL084C
YOR158W	YPL013C
YMR075W	YPR023C
YNL307C	YPR115W
YNL030W	YNL157W
YNL227C	YPL031C
YDR130C	YLR029C
YFL038C	YNL044W
YFR053C	YLL039C
YHR072W	YLR100W
YML048W	YOR351C
YHR033W	YJR076C
YEL051W	YNL250W
YCR047C	YNL255C
YFR014C	YJL084C
YDR073W	YOL051W
YNR032C-A	YOR308C
YBR107C	YLR315W
YGR092W	YOL143C
YFR051C	YKR067W
YJR094C	YMR139W
YBR019C	YLR170C
YMR229C	YNR054C
YDL155W	YGL003C
YLR423C	YPL174C
YBR194W	YMR072W
YLR315W	YOR023C
YDR477W	YGR252W
YBR079C	YNR051C
YLR433C	YML057W
YFL039C	YGL106W
YGR056W	YLR321C
YAL021C	YNR051C
YIR010W	YJR076C
YGR270W	YIR010W
YGR245C	YPL146C
YGR104C	YMR112C
YDL112W	YJR045C
YGL207W	YNL031C
YHR200W	YKL145W
YDR264C	YKL196C
YBL088C	YNL265C
YIR026C	YIR038C
YGL238W	YOR185C
YER012W	YNR016C
YDL155W	YKL068W
YFL039C	YLR274W
YKL182W	YNR051C
YGL180W	YGR126W
YML051W	YMR004W
YBR278W	YDR388W
YKL145W	YPR152C
YKL002W	YNL255C
YBR194W	YPL004C
YDR247W	YGL207W
YHR027C	YPL262W
YHR079C	YNL272C
YDR118W	YKL022C
YKL150W	YNL121C
YDR225W	YML069W
YER151C	YPL237W
YER164W	YMR229C
YER025W	YNL255C
YBR194W	YLR275W
YGR130C	YOR181W
YHR027C	YOR261C
YDL160C	YOR326W
YHR027C	YMR246W
YAL043C	YKR002W
YDL147W	YLR421C
YHL002W	YNR016C
YDR411C	YML013W
YPL139C	YPR023C
YDL042C	YDR247W
YNL031C	YOR025W
YHR079C	YJL108C
YKL160W	YLR429W
YLR082C	YOL138C
YCR093W	YDR443C
YBR169C	YLL039C
YDR019C	YFR014C
YPL141C	YPL201C
YEL054C	YGR245C
YDR036C	YDR337W
YAL043C	YDR195W
YDL212W	YLR018C
YGL203C	YLR330W
YAL042W	YLL039C
YFR014C	YFR017C
YKL064W	YNL255C
YHR200W	YLL050C
YKL103C	YNL107W
YGR077C	YMR026C
YBL023C	YLL039C
YDR005C	YKR025W
YJL106W	YJL108C
YBR168W	YHR150W
YDR254W	YGL060W
YGL001C	YHR190W
YER090W	YGL137W
YPL004C	YPL164C
YBR170C	YML013W
YLR170C	YNL255C
YKL150W	YLR166C
YBR179C	YLR368W
YDL138W	YDR277C
YDR506C	YJR010C-A
YLL039C	YLR356W
YGR250C	YML056C
YER050C	YMR158W
YGR234W	YJL057C
YKL021C	YLR175W
YHR117W	YNL121C
YMR149W	YNR055C
YAL032C	YMR031C
YKL009W	YLR406C
YDR207C	YOR351C
YIR010W	YMR229C
YER006W	YLR406C
YER012W	YER177W
YBR241C	YDL192W
YJL124C	YPR080W
YLR002C	YLR274W
YJL034W	YNR051C
YFR004W	YGL037C
YDL159W	YIL113W
YDL147W	YGL048C
YDL092W	YPR052C
YDR012W	YFR004W
YBR095C	YMR075W
YMR290C	YOL077C
YLR343W	YML019W
YEL054C	YNL255C
YHR135C	YOL070C
YGR159C	YPL237W
YDR465C	YKL068W
YML056C	YPR152C
YBL003C	YKR024C
YDR427W	YOR261C
YIR010W	YMR091C
YNL031C	YNL206C
YHR027C	YKL035W
YIR003W	YJL020C
YLR449W	YMR049C
YDR477W	YGL115W
YDL147W	YJR091C
YCR028C-A	YDL222C
YLL039C	YOL084W
YJL074C	YML010W
YDL005C	YDR443C
YHR135C	YKL210W
YGL219C	YLR368W
YDR258C	YER151C
YMR086W	YPL004C
YAL021C	YIR010W
YDL019C	YGL059W
YNL149C	YPL031C
YOR038C	YOR290C
YDR307W	YJL091C
YJL081C	YKL104C
YGL104C	YML048W
YER006W	YIL035C
YGR250C	YNL025C
YML015C	YPL248C
YGR063C	YML095C
YFR031C-A	YNR051C
YKL117W	YMR186W
YDR427W	YHL030W
YDR254W	YLR381W
YDR456W	YJL044C
YDR307W	YER026C
YEL013W	YOR106W
YER098W	YGL180W
YDR423C	YLR109W
YNL055C	YNL157W
YBR152W	YDL043C
YDR498C	YNL258C
YEL054C	YGL120C
YHR186C	YIR010W
YCL032W	YDR507C
YFR004W	YOR136W
YDR145W	YLR055C
YLL039C	YML112W
YBR010W	YOR025W
YGR274C	YOL148C
YDR086C	YFR004W
YKL034W	YLL039C
YNL166C	YPL031C
YLL008W	YPL150W
YGR225W	YNL210W
YDR003W	YLL039C
YDL212W	YDR276C
YGR159C	YKL193C
YER020W	YNL037C
YGL004C	YLR421C
YJL124C	YNL255C
YDR465C	YNL255C
YKL204W	YPR042C
YCR030C	YGR130C
YDL147W	YPR108W
YHR200W	YPR118W
YBR069C	YPR108W
YPL004C	YPR173C
YKL173W	YNR011C
YBR055C	YKL173W
YDL051W	YPR088C
YFR024C-A	YGL181W
YHR200W	YMR226C
YER177W	YIR010W
YBL030C	YBR024W
YGL087C	YOR220W
YBR043C	YGR157W
YGL137W	YKR046C
YHR027C	YLR134W
YGL059W	YPL203W
YJL106W	YNL272C
YDR207C	YJR094C
YLR398C	YML056C
YMR049C	YNL230C
YBR055C	YOR120W
YGL203C	YHR094C
YIR010W	YJL053W
YBR036C	YDR276C
YKL173W	YNL186W
YDR100W	YLR108C
YLR433C	YMR205C
YFL029C	YPR054W
YGL106W	YLR429W
YMR114C	YMR216C
YER006W	YKL009W
YGR136W	YKL117W
YGR261C	YNL255C
YFR004W	YPL079W
YBR194W	YGL106W
YKL188C	YPL147W
YLR131C	YOR185C
YDR088C	YER013W
YBR055C	YBR152W
YDL002C	YPL141C
YDR497C	YGL203C
YDR411C	YJL106W
YDL055C	YER012W
YHR027C	YNL301C
YNR023W	YPR034W
YBR194W	YGR005C
YLR403W	YOR025W
YBR041W	YMR246W
YCR004C	YFR004W
YBL022C	YMR091C
YKL150W	YPL031C
YHR186C	YJL106W
YFR004W	YNL313C
YJL151C	YKL094W
YFL038C	YLR078C
YGL059W	YJR049C
YDR059C	YPR093C
YHR119W	YLR015W
YDR155C	YMR036C
YDR388W	YKL129C
YER133W	YGR252W
YGR281W	YLR447C
YDR032C	YLR326W
YDR012W	YER012W
YGR270W	YJL167W
YFR036W	YNL172W
YDR436W	YLL039C
YDR146C	YER018C
YBL003C	YER151C
YOR049C	YOR127W
YLR274W	YLR429W
YKR058W	YPL170W
YER093C	YMR068W
YLR175W	YMR229C
YER151C	YNR051C
YMR277W	YOL117W
YBL052C	YGL207W
YDL055C	YNL055C
YHR200W	YOR270C
YIL073C	YJL074C
YER133W	YMR049C
YBR177C	YHR114W
YDL149W	YGL180W
YHR197W	YMR290C
YFR024C-A	YPL031C
YDR398W	YNR051C
YDR427W	YGL048C
YGL133W	YJL065C
YOR181W	YOR317W
YFL068W	YNL255C
YAL034W-A	YNL307C
YER044C	YLR100W
YFR014C	YLR265C
YBR044C	YBR221C
YLL011W	YNL255C
YBR221C	YLR166C
YBL003C	YLR022C
YBR017C	YLL039C
YHL034C	YMR229C
YJL029C	YLL039C
YGR159C	YLR175W
YDR427W	YIL066C
YFR004W	YJL060W
YGR175C	YMR015C
YDR284C	YLL039C
YHR135C	YLL043W
YCR073W-A	YDR247W
YHL021C	YPL150W
YBR031W	YFR031C-A
YGL158W	YNL272C
YER151C	YJL111W
YDL192W	YKL135C
YLR369W	YOR232W
YDR427W	YFR052W
YNL031C	YPL001W
YBR193C	YOR174W
YFR052W	YOR117W
YKL103C	YOL145C
YLR284C	YML064C
YIL147C	YNR031C
YDL051W	YPR178W
YDR284C	YPR079W
YER151C	YNL308C
YDL101C	YNL250W
YCL014W	YLL039C
YGR249W	YMR139W
YDR145W	YGR274C
YGL120C	YLR022C
YGL179C	YLR055C
YMR216C	YNL186W
YGR075C	YPR178W
YGR116W	YML010W
YLL039C	YOR208W
YGR252W	YLR055C
YDL160C	YPR129W
YDR443C	YPL042C
YOL053W	YPL031C
YMR167W	YOR155C
YLR403W	YNL006W
YBL087C	YHR027C
YDR171W	YNL216W
YER177W	YNL031C
YBR069C	YLL039C
YGR005C	YOL051W
YEL048C	YPL031C
YKL006C-A	YOR106W
YBL087C	YFR004W
YER178W	YHR200W
YMR186W	YNR032W
YIL068C	YPR055W
YJL178C	YOR316C
YJL020C	YLR337C
YGR119C	YJR042W
YHR148W	YNL110C
YIL002C	YJL083W
YER151C	YNL069C
YJL001W	YPR180W
YGL158W	YOL070C
YFR004W	YIL142W
YGR092W	YMR196W
YGL134W	YKR058W
YFR004W	YKL215C
YFR004W	YOL016C
YGL180W	YMR297W
YER018C	YPL174C
YBR055C	YJL124C
YLL039C	YPL001W
YHR119W	YIL142W
YDL111C	YOR326W
YJR103W	YKL117W
YDR074W	YHR200W
YCR091W	YMR205C
YJR021C	YNL210W
YNL009W	YOR089C
YJR112W	YLR200W
YJR066W	YNL006W
YBR194W	YNL172W
YDL140C	YER125W
YAL027W	YOL090W
YFR031C-A	YLR029C
YML014W	YNL255C
YGL179C	YHR137W
YKR095W	YNL255C
YDR189W	YHR094C
YBL087C	YMR290C
YBR010W	YLR449W
YNL107W	YPL235W
YBR221C	YDL239C
YNL251C	YOL115W
YJL019W	YJR068W
YDR227W	YNL031C
YLL039C	YMR205C
YCL040W	YHR027C
YML095C	YOL090W
YER012W	YPR080W
YAL028W	YGL180W
YLR029C	YNL002C
YKL059C	YLR115W
YBR010W	YIL035C
YER125W	YJL151C
YDR092W	YGR005C
YGL093W	YJR112W
YAL032C	YIL068C
YBL033C	YFR004W
YLL018C-A	YPL031C
YNL136W	YPL066W
YCR030C	YJR076C
YDR386W	YNL308C
YBR128C	YPL120W
YDR202C	YDR328C
YFL008W	YJR065C
YJR091C	YOR265W
YLR055C	YOL051W
YBL018C	YNL282W
YDR166C	YPR055W
YHR027C	YIL078W
YBL050W	YFR004W
YGL037C	YPL070W
YHR135C	YNR019W
YJR010C-A	YLR066W
YDL028C	YOR373W
YLR421C	YNL255C
YDL031W	YNL110C
YBR060C	YHR118C
YER006W	YOR267C
YKL182W	YPR152C
YCR094W	YLL039C
YLL039C	YMR210W
YBR010W	YER169W
YGL207W	YNL282W
YDR507C	YLR242C
YBR137W	YOR007C
YAL032C	YJR061W
YDL028C	YIL106W
YFR024C-A	YIR010W
YDR432W	YNL251C
YER012W	YOL145C
YEL009C	YPL016W
YMR146C	YPR152C
YFR004W	YKL127W
YDL043C	YPR160W
YGR074W	YPR178W
YGR252W	YPL248C
YDL031W	YGL111W
YFL039C	YOR181W
YKL060C	YNL255C
YDR100W	YPL135W
YBR055C	YMR105C
YLL039C	YOR109W
YEL051W	YLR447C
YFR024C-A	YOR284W
YBR196C	YOR117W
YDR247W	YMR140W
YER151C	YNL009W
YGR006W	YPL016W
YHR027C	YOR271C
YDL160C	YNL255C
YHL004W	YOR284W
YJL081C	YPR023C
YHR027C	YKL157W
YJL151C	YPR139C
YDR050C	YLL039C
YMR314W	YOR117W
YFR004W	YOR317W
YBR177C	YOL018C
YBR225W	YPL203W
YGR195W	YOR076C
YMR197C	YOR036W
YER151C	YKL145W
YJL151C	YML013W
YJL019W	YLR233C
YFR014C	YPR083W
YER151C	YNL255C
YCL009C	YER012W
YDR258C	YHR023W
YBL003C	YLR442C
YGR060W	YLR343W
YAL059W	YMR186W
YJL111W	YOR281C
YBR170C	YGL059W
YDR490C	YHR207C
YCL014W	YDR388W
YBR177C	YKL140W
YDL115C	YGR186W
YDL150W	YOR224C
YML105C	YPR088C
YDR032C	YLR429W
YFR031C-A	YNL255C
YDR358W	YGL206C
YHR027C	YJL060W
YGR092W	YGR200C
YJR009C	YMR031C
YDR247W	YDR257C
YGR275W	YLR321C
YGR209C	YLR109W
YFR004W	YOL158C
YDR313C	YLL039C
YAL043C	YDL140C
YDL072C	YFR004W
YGR270W	YPL116W
YBL075C	YLR345W
YIR010W	YJL130C
YDL140C	YKL058W
YMR186W	YNL281W
YGR159C	YOL006C
YIL107C	YMR139W
YKL206C	YMR314W
YIL135C	YKL088W
YGL179C	YLR150W
YHR114W	YLR105C
YDL115C	YNL255C
YER050C	YJR031C
YDL212W	YML038C
YGL158W	YJR142W
YER062C	YNL281W
YMR246W	YOL133W
YKL173W	YPR152C
YIL016W	YLR018C
YBL075C	YOR181W
YNL078W	YPL269W
YGL099W	YIR026C
YDR477W	YGL208W
YDR443C	YOL051W
YBR272C	YKL145W
YDR050C	YOR117W
YNL314W	YOR304C-A
YFR004W	YMR015C
YER023W	YLL039C
YBL088C	YGR099W
YLR029C	YMR290C
YDL153C	YGR092W
YDL150W	YNL113W
YJL054W	YJL104W
YLL039C	YPR073C
YBL056W	YMR246W
YAL034W-A	YDR318W
YBL023C	YMR314W
YBR263W	YER151C
YCR012W	YER133W
YJL034W	YOR008C
YDR145W	YOR174W
YGR192C	YGR232W
YDR328C	YMR186W
YDR328C	YGR234W
YGR092W	YOR117W
YHR090C	YNL031C
YNR010W	YOL051W
YGR289C	YIL016W
YBL075C	YNL250W
YFR004W	YNL055C
YGR159C	YIR010W
YBR272C	YHR200W
YIR010W	YMR031C
YGL233W	YNL272C
YKL180W	YNL069C
YCL024W	YJR062C
YGL179C	YPL222W
YCR066W	YDR092W
YHR135C	YNL172W
YHL030W	YKL145W
YGL003C	YHR135C
YAL014C	YJR125C
YCR068W	YIR038C
YGR192C	YKL039W
YLR197W	YMR290C
YER034W	YPL031C
YHR098C	YPL031C
YBR195C	YOR308C
YHR197W	YMR049C
YDR264C	YJL178C
YDL042C	YMR273C
YOL077C	YPL259C
YDR216W	YDR477W
YJL124C	YPR178W
YGR274C	YNL216W
YOR181W	YPL180W
YCL035C	YFR004W
YER018C	YMR294W
YDL140C	YEL009C
YDR369C	YKL022C
YBR171W	YKL065C
YBL023C	YNL261W
YKL130C	YLR353W
YGR005C	YGR072W
YGL227W	YJL106W
YKL203C	YMR068W
YLL063C	YMR015C
YGL206C	YLL039C
YFR004W	YPR058W
YDR080W	YKR014C
YBR194W	YDR293C
YLR109W	YPL001W
YBR241C	YGR060W
YGL158W	YPL031C
YLR429W	YPL004C
YML046W	YMR240C
YJL106W	YNL186W
YDR477W	YEL060C
YCL035C	YKL198C
YDL007W	YHR027C
YCR026C	YLL039C
YDL153C	YDR507C
YBL054W	YDR130C
YDR411C	YJL019W
YER164W	YML069W
YIL035C	YMR270C
YLL008W	YNL073W
YGR052W	YMR284W
YER178W	YNR051C
YDR171W	YNL055C
YIL153W	YLL001W
YGL207W	YIR010W
YCR033W	YDR432W
YBR017C	YGL256W
YAL032C	YKR054C
YCL052C	YJR106W
YBL091C	YNL255C
YDR507C	YNL246W
YBR045C	YER133W
YDL192W	YNL255C
YNL186W	YPL042C
YCR002C	YDR168W
YBL088C	YPL110C
YGR016W	YMR104C
YHR023W	YPR188C
YDR477W	YNL025C
YDR012W	YKR081C
YBR031W	YNL124W
YDL006W	YJL106W
YFR024C-A	YPR055W
YLR319C	YOR351C
YGL120C	YOR185C
YOL149W	YPL220W
YHR135C	YLR256W
YLL039C	YOR086C
YOL142W	YOR076C
YBR108W	YGR136W
YHL031C	YHR181W
YIL016W	YJR010C-A
YDR388W	YPL249C
YJL176C	YPL248C
YFR004W	YLR441C
YLR231C	YPL203W
YLL039C	YPL169C
YEL013W	YLR246W
YBL101C	YLL039C
YAL021C	YCR093W
YOR117W	YOR375C
YDR074W	YML100W
YOL016C	YPL203W
YDL160C	YDR151C
YAL027W	YDR507C
YGR203W	YNL255C
YCR012W	YFR004W
YDL092W	YPL210C
YDL150W	YNL084C
YGR060W	YLR100W
YDL199C	YJL004C
YER012W	YFR004W
YDR452W	YHR161C
YBR279W	YGR104C
YLR083C	YOR036W
YBR167C	YNL255C
YGR185C	YLL039C
YBR170C	YDR049W
YIL030C	YLR378C
YDL076C	YPL139C
YCL032W	YHR135C
YMR075W	YNL031C
YKL180W	YLR150W
YGL060W	YGL093W
YDR211W	YFL039C
YEL009C	YOL051W
YHL034C	YNR051C
YGR203W	YNL314W
YER048W-A	YOR232W
YDL153C	YGL158W
YOR212W	YOR281C
YCL031C	YDR388W
YER048C	YPL031C
YCR012W	YNL255C
YLL039C	YNR001C
YER151C	YFR031C-A
YCR077C	YDR293C
YCR069W	YMR149W
YGL179C	YGR276C
YGR108W	YGR225W
YBR041W	YGR175C
YLR233C	YLR318W
YDR075W	YDR293C
YHR200W	YPL262W
YDL140C	YPL248C
YHL004W	YNL177C
YNL272C	YPR055W
YBR169C	YMR176W
YGR192C	YKL142W
YFR031C-A	YLL039C
YDR388W	YGR098C
YEL043W	YGR089W
YCR091W	YMR165C
YBR183W	YKL065C
YCR093W	YNR051C
YHR026W	YIR038C
YER006W	YNL284C
YGL137W	YPL004C
YHL031C	YKL196C
YFR014C	YOL148C
YBR010W	YML069W
YDL028C	YJL089W
YDR225W	YNR051C
YKL193C	YMR139W
YLL049W	YLR423C
YIR010W	YNL306W
YDR388W	YGR159C
YNL307C	YOR028C
YBR035C	YDL101C
YLR319C	YOR304C-A
YDL140C	YNL246W
YDR247W	YNL210W
YLL039C	YPL206C
YKL130C	YOR247W
YHR186C	YLR403W
YFR004W	YLR017W
YLR384C	YNL255C
YLR033W	YLR321C
YBR196C	YER125W
YNL246W	YPL141C
YDR284C	YPL147W
YGL025C	YMR112C
YIL093C	YMR158W
YJL057C	YLR452C
YGR020C	YOR270C
YGL091C	YPL031C
YGR215W	YMR158W
YLL039C	YOL019W
YER133W	YGL111W
YAL035W	YBR079C
YML048W	YPL031C
YFR016C	YIL034C
Q0085	YCR106W
YNL020C	YOR326W
YDR357C	YEL005C
YGL158W	YGR252W
YOR136W	YPL061W
YEL051W	YJR033C
YCR100C	YPL141C
YGL076C	YML056C
YKL145W	YOR261C
YDL031W	YPL004C
YFL038C	YOR036W
YML058W	YNL172W
YHR197W	YKL009W
YHR114W	YMR253C
YFR004W	YPL110C
YDL028C	YDR168W
YDR155C	YNL157W
YDR122W	YOL083W
YDL106C	YFR034C
YMR205C	YNR051C
YJL154C	YPL070W
YKL009W	YLR002C
YLR178C	YOL081W
YNR010W	YOR174W
YGR276C	YOR267C
YKL129C	YLL039C
YFR004W	YKL181W
YCL040W	YHR200W
YKR081C	YLR029C
YMR146C	YNR051C
YBR079C	YDL005C
YOL090W	YPR179C
YDR507C	YMR139W
YMR205C	YOR117W
YMR291W	YOR141C
YEL060C	YGL137W
YCL031C	YPR104C
YDR293C	YNL289W
YDL192W	YNR028W
YIL035C	YOL145C
YDR189W	YJL151C
YDL212W	YLR208W
YIL022W	YPR152C
YDR150W	YER151C
YNL030W	YNL246W
YMR008C	YMR127C
YHR179W	YOL128C
YBR055C	YDL124W
YER047C	YOR181W
YER059W	YJL020C
YDR054C	YDR328C
YGL180W	YGR130C
YOR141C	YPL141C
YBR172C	YCR093W
YER133W	YKL193C
YMR197C	YOL018C
YMR167W	YNL082W
YDR100W	YOL018C
YFR031C-A	YHR197W
YNL117W	YOR351C
YDR422C	YLR408C
YLL039C	YMR140W
YIL113W	YLL019C
YDL022W	YDR142C
YER133W	YHR158C
YPL004C	YPR152C
YJL130C	YLL040C
YJL106W	YPR058W
YBR036C	YER026C
YLR330W	YMR237W
YJL039C	YJR077C
YJL060W	YJL153C
YDL140C	YNL124W
YCR061W	YNL318C
YIL065C	YOR007C
YKL023W	YMR216C
YDR270W	YHR114W
YGR275W	YIR010W
YMR026C	YNL214W
YER112W	YGR074W
YFR014C	YHR090C
YCR093W	YLL039C
YIL143C	YPL122C
YDR365C	YNL255C
YFR014C	YHR135C
YNL255C	YOL016C
YGR108W	YHR135C
YIR001C	YMR229C
YER055C	YNL255C
YHR027C	YMR314W
YDR388W	YIL015W
YFR021W	YGL190C
YGR052W	YJR066W
YJL057C	YJR070C
YBR060C	YLR117C
YBR055C	YPL004C
YDL140C	YMR075W
YDL232W	YML019W
YLL039C	YLR093C
YDR156W	YNL172W
YLR049C	YPL161C
YNL306W	YPL118W
YJL214W	YLR093C
YDL020C	YFR052W
YGL207W	YOL128C
YGL180W	YIL107C
YER090W	YHR200W
YMR294W	YPL031C
YBR196C	YMR186W
YFR004W	YIL078W
YKR021W	YPL031C
YDR225W	YPR052C
YJR112W	YNL255C
YER013W	YNR051C
YBR031W	YGR281W
YDL149W	YLL039C
YER164W	YGR270W
YNR051C	YOL117W
YLR452C	YML038C
YCL039W	YMR135C
YLL039C	YPR055W
YDR490C	YPL004C
YDR422C	YGL115W
YBR272C	YFR004W
YNL165W	YNL255C
YKL170W	YNL255C
YGL120C	YLR424W
YIL042C	YJL124C
YNL281W	YNR051C
YGR191W	YLL039C
YDR227W	YER151C
YFR019W	YFR021W
YDR100W	YGL203C
YHR131C	YIL035C
YLR055C	YOL148C
YBR194W	YDR050C
YHR200W	YLR421C
YMR294W	YPR083W
YGR048W	YJL020C
YBR019C	YPL031C
YFR052W	YGR232W
YGL106W	YOR127W
YAL021C	YLL013C
YJL130C	YOR117W
YBL003C	YML069W
YCR091W	YPR160W
YFL038C	YNL041C
YMR091C	YPR034W
YNL050C	YNL255C
YGR074W	YJR033C
YBR017C	YGR282C
YNL232W	YNL251C
YOL111C	YOR007C
YDL019C	YKL129C
YML006C	YNL025C
YIL142W	YIR010W
YHR135C	YNL293W
YCR088W	YNL020C
YDL153C	YHR079C
YNR051C	YOL077C
YBR055C	YNR011C
YHR027C	YLR303W
YJL144W	YNL255C
YHR027C	YNL255C
YDR484W	YJL034W
YNL255C	YPR112C
YOR219C	YOR357C
YMR068W	YNL006W
YDL037C	YOL138C
YCL014W	YHR197W
YKR008W	YPR034W
YOL070C	YPL031C
YHR186C	YJR066W
YER105C	YPL169C
YHR146W	YIR010W
YAL021C	YIL038C
YFR024C-A	YMR253C
YGR145W	YNL255C
YBL017C	YOL129W
YBR097W	YBR128C
YOL096C	YOR125C
YIR038C	YML038C
YNL255C	YPR075C
YDR306C	YOL133W
YIL008W	YLR109W
YDR012W	YNL255C
YFR004W	YPR062W
YGR276C	YNL307C
YDR346C	YGL207W
YDR150W	YER120W
YGL120C	YLR175W
YBL030C	YHR051W
YDL061C	YGR275W
YNL230C	YPL001W
YBL056W	YNL250W
YMR072W	YPR152C
YDL042C	YJR057W
YJL124C	YKL173W
YBL017C	YNL006W
YBR057C	YER018C
YDR379W	YKR009C
YDR118W	YDR477W
YGL059W	YGR267C
YMR112C	YPR070W
YKL002W	YLR423C
YGL219C	YLL039C
YFL034W	YHR023W
YML058W	YOL006C
YDR070C	YNL255C
YBR023C	YJL099W
YBL025W	YMR270C
YDR481C	YHR181W
YDR247W	YLR384C
YBL102W	YLR083C
YDL006W	YPL161C
YGR267C	YHR135C
YDL072C	YLR378C
YIL026C	YPR068C
YER164W	YNL030W
YGL025C	YGL151W
YBR108W	YDR388W
YHR148W	YLR197W
YDR483W	YOL018C
YER125W	YML010W
YFR034C	YNL015W
YKL161C	YNL053W
YGL076C	YIR010W
YHR135C	YMR275C
YLL039C	YMR290C
YDL051W	YER125W
YGL106W	YKL130C
YGL091C	YHR135C
YKL130C	YLR190W
YBR087W	YOL016C
YDR479C	YHL031C
YDR365C	YML010W
YBR052C	YHR094C
YDL061C	YNL255C
YER164W	YNL004W
YNL084C	YOR181W
YIR010W	YMR072W
YLR273C	YNR034W
YCR030C	YLR337C
YGL066W	YOL148C
YBR079C	YPR152C
YFR034C	YPL049C
YDR155C	YOR290C
YHL034C	YLR175W
YIL142W	YOR212W
YDR211W	YPL237W
YIR025W	YNL172W
YBL017C	YPL154C
YDR247W	YOR028C
YNL255C	YNL325C
YNL255C	YOR174W
YDR477W	YMR290C
YHR186C	YKL193C
YHR135C	YOR177C
YDR012W	YPR129W
YBR194W	YKL022C
YDR225W	YLR442C
YEL002C	YER026C
YCR028C-A	YNL255C
YDR244W	YLR377C
YBR193C	YGR116W
YHR135C	YJR093C
YAL042W	YBR229C
YKL103C	YPR049C
YHR200W	YJL060W
YAL064C-A	YNL255C
YGR092W	YNL272C
YBR130C	YFL039C
YDR427W	YFR004W
YBR041W	YDL193W
YCL014W	YFR053C
YDL147W	YLL040C
YHR026W	YLR034C
YGR074W	YML046W
YGL207W	YPR052C
YML119W	YPL031C
YNL052W	YNL255C
YKL196C	YLR093C
YDR334W	YJL081C
YLL039C	YOR018W
YCR091W	YDR173C
YJR070C	YPL031C
YBL003C	YNL002C
YBR273C	YJL048C
YGL137W	YIL035C
YGL180W	YJL084C
YBL030C	YOR271C
YJL192C	YKL207W
YNL027W	YPL031C
YDL002C	YJL081C
YGL190C	YJR066W
YHR200W	YIL078W
YDL028C	YDR356W
YFR037C	YNL030W
YGR005C	YOR224C
YDL159W	YMR322C
YGL158W	YOR193W
YER151C	YNL110C
YHR026W	YNL255C
YDR007W	YLL039C
YCR048W	YHL002W
YFR014C	YKL127W
YCR077C	YPR129W
YDR159W	YER105C
YNL073W	YOR261C
YKL079W	YLR309C
YMR240C	YPL016W
YLL039C	YLR172C
YDR432W	YMR216C
YHR114W	YML002W
YKR081C	YNL110C
YML069W	YOL145C
YGL099W	YKL009W
YBR194W	YDR483W
YFR015C	YPL031C
YKL141W	YLL039C
YJL214W	YPR198W
YDL192W	YHR200W
YFR004W	YMR276W
YCR044C	YHR140W
YGL160W	YLL039C
YGL206C	YLR330W
YGR175C	YLR100W
YLR203C	YPL118W
YGR270W	YLR033W
YNL149C	YNL255C
YDL003W	YDL042C
YJL025W	YML043C
YLR360W	YPR079W
YJL001W	YLL039C
YGL120C	YML056C
YIR010W	YNL118C
YJL055W	YLL039C
YKR057W	YNL124W
YDR388W	YJL084C
YLR348C	YOR297C
YDL055C	YNL149C
YLL039C	YMR256C
YNL307C	YOL083W
YBL075C	YMR123W
YLL039C	YPR108W
YBR023C	YGL203C
YNL255C	YPL098C
YGL048C	YPR108W
YNR051C	YPR072W
YIL147C	YJR066W
YGL106W	YNR051C
YML016C	YPL221W
YDL160C	YOR308C
YDL043C	YLR275W
YCL024W	YNL289W
YJL085W	YLR166C
YGL207W	YOL145C
YER023W	YNR051C
YGR145W	YLL011W
YKL124W	YLL039C
YDR118W	YIR025W
YER101C	YLL039C
YLL039C	YLR133W
YHR200W	YMR186W
YBR293W	YLR083C
YER059W	YPL031C
YGL137W	YHR200W
YAL022C	YHR140W
YDR477W	YOR216C
YGR186W	YML010W
YHR027C	YMR205C
YLL039C	YOR036W
YDR258C	YMR176W
YER133W	YGR237C
YBR068C	YHR094C
YDL043C	YER112W
YER025W	YHR027C
YAL002W	YKL193C
YLR429W	YPR171W
YEL002C	YML048W
YGR126W	YNL293W
YDR343C	YKL203C
YDL092W	YOL026C
YGL048C	YGL207W
YGR192C	YLL039C
YDL006W	YHR079C
YKL009W	YPL169C
YGR185C	YNL306W
YFR014C	YGL208W
YAL035W	YFR004W
YDR150W	YPL269W
YDR195W	YFR031C-A
YLR429W	YMR086W
YDL006W	YGR052W
YGR283C	YLR175W
YKL207W	YNL055C
YIR010W	YOL006C
YMR199W	YPL031C
YLR399C	YPL042C
YKL134C	YPL109C
YFL042C	YMR303C
YHR200W	YPR163C
YFL016C	YOR232W
YIR038C	YPL053C
YER013W	YKL173W
YER164W	YMR072W
YFR004W	YKR002W
YBR102C	YGL233W
YDR150W	YNL271C
YBR010W	YJL176C
YHR079C	YMR140W
YBR195C	YNL206C
YLR307W	YOL016C
YMR186W	YOR181W
YBR130C	YJL106W
YHR114W	YMR313C
YBR221C	YER178W
YJR066W	YPL249C
YKL009W	YMR290C
YER133W	YFR003C
YHR090C	YNL136W
YHR077C	YOR076C
YJR093C	YKL059C
YBR194W	YCR077C
YCR002C	YCR030C
YFR004W	YLR150W
YBR041W	YOR059C
YJL176C	YOR038C
YFR051C	YNL284C
YBR194W	YKL182W
YGL232W	YNL177C
YCR005C	YKL085W
YDL140C	YKR062W
YMR205C	YNL307C
YKL035W	YML064C
YDR169C	YHR135C
YDR404C	YPR180W
YCR011C	YLL039C
YEL046C	YFR034C
YJR091C	YLR370C
YJL056C	YML058W
YPL203W	YPR072W
YDR293C	YPL004C
YKL021C	YLR449W
YGL206C	YJL084C
YAL028W	YHR135C
YER133W	YKL035W
YBL003C	YML112W
YNR065C	YOR181W
YHR197W	YOL077C
YIL114C	YNL255C
YGL120C	YIL002C
YGR282C	YLL039C
YBR193C	YDR443C
YJL181W	YPL031C
YDL159W	YER151C
YER024W	YLL039C
YER151C	YKL180W
YDL222C	YLR326W
YBR298C	YDR284C
YGL227W	YMR135C
YJR057W	YNL255C
YCL024W	YNL027W
YHR107C	YNL078W
YMR049C	YNL002C
YIL135C	YJL106W
YLR274W	YPL031C
YKL065C	YLR378C
YBR019C	YLR055C
YER006W	YKL117W
YLL039C	YNR051C
YDR069C	YOR177C
YGL001C	YLR056W
YGL156W	YKL103C
YGR113W	YIR010W
YGL192W	YOR125C
YDR373W	YER177W
YER023W	YNL255C
YKL127W	YLL039C
YHL004W	YNR036C
YGL120C	YNL224C
YBR036C	YLL039C
YIR026C	YOL063C
YDR145W	YNL216W
YGR232W	YOR117W
YHL034C	YPL031C
YJL098W	YLR274W
YFL039C	YHR090C
YGL179C	YNL027W
YMR276W	YPL031C
YGL099W	YNR051C
YFL016C	YOR181W
YFL008W	YGR089W
YNL255C	YPR180W
YLL039C	YOL126C
YNL255C	YOR361C
YML092C	YPR103W
YDR126W	YEL002C
YDR320C	YGL206C
YML051W	YOL148C
YHR191C	YJR068W
YCR088W	YCR099C
YKR041W	YPL031C
YDL007W	YNL255C
YML105C	YOR196C
YDR404C	YOR224C
YDR499W	YJR096W
YNL107W	YNL136W
YDR159W	YDR432W
YHR027C	YML100W
YGL206C	YOR181W
YKL035W	YNL289W
YGL023C	YMR049C
YAL042W	YGL158W
YER125W	YGL206C
YFR014C	YMR140W
YBL017C	YDR432W
YJL020C	YPR184W
YDR168W	YJR076C
YLR240W	YPL120W
YBR010W	YGL150C
YJL053W	YJL154C
YDR363W-A	YOR117W
YGL037C	YGR092W
YER050C	YOR158W
YDR427W	YLR421C
YNL030W	YNL206C
YGL180W	YPL031C
YEL013W	YKL196C
YGR052W	YMR165C
YDL113C	YDR100W
YBR169C	YDL005C
YAL032C	YJR005W
YKR054C	YOR326W
YDL028C	YLR381W
YDR386W	YJL020C
YFL039C	YJR065C
YJR077C	YML016C
YER133W	YKR081C
YDR328C	YNL121C
YGR058W	YOR264W
YDR306C	YMR105C
YKR014C	YLR148W
YDR277C	YNL073W
YHR135C	YLR030W
YDR436W	YML016C
YAL043C	YLR303W
YER062C	YPL201C
YJL167W	YOR117W
YER112W	YPR178W
YCR066W	YLL039C
YAL035W	YLR192C
YFR037C	YIR010W
YER012W	YLR421C
YFR004W	YOR220W
YML058W	YPR083W
YJR122W	YPR067W
YBR221C	YLR345W
YDL006W	YLR148W
YGL206C	YNL106C
YBL025W	YDL113C
YJL117W	YKL008C
YAL016W	YGR281W
YKR081C	YOR005C
YFR004W	YLR244C
YDR337W	YHL004W
YLR206W	YOL111C
YGR200C	YHR187W
YIL093C	YNL081C
YMR031C	YOR181W
YER164W	YLR175W
YER125W	YLL039C
YFL039C	YOR326W
YBR065C	YMR186W
YDR036C	YPL013C
YHR027C	YHR098C
YJR093C	YML030W
YBL069W	YDR100W
YGL106W	YLR203C
YDR483W	YPR152C
YDR427W	YHR027C
YDL061C	YGR252W
YHL002W	YLL039C
YLL049W	YNL255C
YFR024C-A	YJL151C
YGR185C	YOR117W
YBR017C	YNL255C
YGL004C	YHR027C
YLR433C	YOR324C
YNL307C	YOR224C
YAL032C	YLR423C
YMR091C	YNL255C
YHR079C	YJL034W
YIL022W	YLR166C
YJL034W	YKL145W
YDR398W	YMR246W
YMR139W	YOR326W
YBL017C	YBR207W
YFR004W	YLR027C
YDL005C	YOR174W
YLR105C	YPL083C
YLL034C	YLR002C
YKL180W	YNL301C
YML058W	YPL031C
YHR135C	YLL039C
YGR119C	YLR423C
YKL140W	YMR152W
YAL034W-A	YIR010W
YNL255C	YNL306W
YLR175W	YML051W
YBR091C	YNL255C
YDL147W	YDR320C
YNL221C	YOR359W
YER125W	YKR009C
YKL189W	YPL049C
YDR259C	YLR423C
YNR051C	YPR080W
YFR052W	YMR191W
YGR145W	YIL035C
YDR216W	YNL025C
YKL129C	YNL232W
YBR177C	YHR072W
YKL182W	YLL039C
YBR194W	YNL271C
YCL040W	YER125W
YGL179C	YKL042W
YGR071C	YML069W
YFR003C	YGR252W
YER006W	YER133W
YER133W	YLL013C
YLR396C	YMR291W
YNL030W	YOR025W
YDR507C	YNL166C
YER151C	YGL120C
YCR030C	YLR206W
YJR045C	YOR347C
YCR012W	YIR010W
YHL002W	YPR171W
YCR061W	YDL035C
YER023W	YGL137W
YDR346C	YHR135C
YOR155C	YPL070W
YAL042W	YDL147W
YIL035C	YLR109W
YKL006W	YLR424W
YGR063C	YNL255C
YMR289W	YOL083W
YGR278W	YNR011C
YHL004W	YJL130C
YDL115C	YDR404C
YMR186W	YNL124W
YLR421C	YOR117W
YBR273C	YMR139W
YKL063C	YLL039C
YDR211W	YER025W
YGL150C	YPL235W
YHR135C	YPL100W
YDL055C	YKL104C
YBR036C	YCL052C
YHR023W	YNL272C
YLR421C	YOR261C
YNL255C	YPR204W
YCR091W	YDL153C
YFR004W	YKL145W
YLR022C	YLR150W
YDR293C	YNL066W
YGL156W	YGL215W
YER099C	YKL181W
YJR042W	YKL068W
YIL142W	YOR230W
YDR276C	YOR211C
YGR287C	YNR031C
YDR244W	YNL214W
YNL030W	YOR290C
YMR140W	YPL203W
YER133W	YMR290C
YER151C	YMR205C
YMR290C	YNL069C
YDR074W	YFR004W
YDL051W	YDR365C
YBR050C	YER133W
YMR229C	YOL077C
YJR066W	YLR377C
YFR004W	YHR209W
YHR135C	YJR076C
YFR052W	YKL203C
YLL001W	YLL039C
YGL059W	YKL062W
YGR026W	YHR135C
YEL051W	YJL153C
YER151C	YIR010W
YGR200C	YLR384C
YDL235C	YKL161C
YDR159W	YJL197W
YBL018C	YNL255C
YDR096W	YER033C
YBR023C	YER039C
YAL032C	YLR424W
YGR270W	YNL333W
YDR356W	YMR129W
YHR098C	YNL289W
YMR290C	YPL031C
YKL203C	YOR181W
YMR206W	YNL255C
YJL106W	YNL027W
YJR092W	YPL242C
YFR014C	YNL255C
YDR068W	YDR100W
YBL030C	YHR200W
YGR001C	YPL031C
YER019W	YLL039C
YDL189W	YOL138C
YGL179C	YHR090C
YDL232W	YGL022W
YDL161W	YDR379W
YER125W	YOR322C
YDR334W	YOL090W
YER012W	YGL058W
YNL069C	YNL255C
YPL237W	YPR152C
YDR155C	YER151C
YDL101C	YML083C
YBR183W	YDL212W
YNL069C	YNL301C
YFR004W	YJL130C
YCR083W	YNL255C
YGR266W	YOR181W
YFR019W	YNL325C
YGL120C	YJL176C
YGR060W	YHR140W
YHR200W	YPL031C
YKL180W	YLR029C
YAL043C	YDL199C
YER129W	YGL115W
YLR438W	YPL031C
YCR077C	YER151C
YGR130C	YMR086W
YJR010C-A	YML048W
YAL027W	YCR028C-A
YDL055C	YNL255C
YDR059C	YHR193C
YFR004W	YLR447C
YLL039C	YNL044W
YDR386W	YKL022C
YGL056C	YHR094C
YER023W	YER151C
YGL120C	YNR051C
YLL050C	YLR039C
YNR065C	YPL087W
YKL145W	YKL210W
YMR176W	YNL031C
YHR027C	YOR361C
YLL008W	YPL031C
YDL155W	YER040W
YGL048C	YHR135C
YLR018C	YMR129W
YHR186C	YNL118C
YFR037C	YGR275W
YGL158W	YIL078W
YDR293C	YER033C
YJL047C	YOL133W
YDR293C	YGL180W
YDR054C	YNL255C
YDR009W	YPL248C
YCR073C	YLR006C
YBR177C	YHR027C
YJR010C-A	YOR193W
YLR378C	YML019W
YDR516C	YPL150W
YDL002C	YNL307C
YML092C	YOR117W
YMR199W	YPL049C
YKL196C	YLR396C
YML016C	YOR181W
YGR063C	YIL035C
YER053C	YLL039C
YLR178C	YNL009W
YDR062W	YHR020W
YML057W	YPL235W
YIL035C	YJR093C
YGR197C	YNL020C
YGL180W	YOR054C
YGL158W	YOL051W
YGR276C	YIL035C
YKL021C	YNL002C
YGR175C	YPR080W
YHR200W	YJR103W
YDL192W	YOR216C
YER112W	YOR308C
YGL048C	YPR103W
YFR034C	YGR027C
YFR004W	YLR225C
YGL207W	YGR270W
YKL182W	YOR117W
YDR146C	YGR089W
YJL130C	YLL039C
YJR010C-A	YNR021W
YLL039C	YLR066W
YDR388W	YGL026C
YGR056W	YGR275W
YDR508C	YLL039C
YMR216C	YNL255C
YAL053W	YOL105C
YOR117W	YOR317W
YGL106W	YKL124W
YHR193C	YLL039C
YLR399C	YPL235W
YLR442C	YNL030W
YLR377C	YPL180W
YGL091C	YIL003W
YEL013W	YGR020C
YJL074C	YMR129W
YER133W	YKL085W
YHR094C	YML048W
YJL083W	YJR066W
YER119C	YOL016C
YHR114W	YPL179W
YHR027C	YPR118W
YFL039C	YGL150C
YLR175W	YLR197W
YBL050W	YOR106W
YBR246W	YDR520C
YFR034C	YNL308C
YAL018C	YHR026W
YHR028C	YPL031C
YFR029W	YGL180W
YER003C	YFR004W
YDL181W	YPL031C
YIL101C	YPL139C
YER151C	YOR375C
YHL030W	YPR108W
YBR041W	YLL039C
YDR036C	YHL004W
YEL061C	YLL039C
YFL034W	YGL180W
YCL031C	YKL009W
YDR227W	YNL186W
YGR185C	YHR027C
YBL040C	YJR010C-A
YER025W	YNR054C
YDR068W	YDR483W
YNL255C	YPL146C
YDR466W	YLR228C
YER125W	YOR138C
YDR388W	YER125W
YCR042C	YKL059C
YER177W	YPL110C
YBR067C	YER151C
YGR186W	YJR017C
YML016C	YOR329C
YDR146C	YPR034W
YHR027C	YJR065C
YGL120C	YLR117C
YBL087C	YIR010W
YJL106W	YMR284W
YBR068C	YDL212W
YLL039C	YPR079W
YDR277C	YDR456W
YER023W	YHR027C
YBR169C	YDR349C
YIR010W	YKL180W
YBR253W	YNR010W
YMR262W	YPL031C
YKL135C	YLL039C
YJR066W	YPL180W
YDR150W	YGR089W
YER164W	YGR252W
YHR114W	YOL018C
YCR028C-A	YPL004C
YLL039C	YNL121C
YGR191W	YJL012C
YBR170C	YKL117W
YBL087C	YJR010C-A
YBR207W	YLL039C
YKL196C	YLR078C
YDR479C	YLL014W
YBR017C	YDR071C
YBR010W	YHR119W
YHR088W	YOR267C
YDL111C	YGL120C
YLR002C	YOL077C
YHL046C	YOR355W
YJL054W	YPR024W
YGL179C	YPR083W
YKL196C	YMR197C
YBL003C	YBL023C
YFR004W	YLL001W
YGR060W	YLR378C
YGL179C	YNL066W
YER044C	YLR056W
YDR422C	YHR114W
YNL125C	YPL141C
YGL111W	YLL008W
YBL074C	YBR055C
YBL011W	YDL101C
YIR010W	YJR066W
YFL039C	YOR304C-A
YHR033W	YJR017C
YGL207W	YJL124C
YJL051W	YKL130C
YGL229C	YHR186C
YHR027C	YKL104C
YIL062C	YOR181W
YDR195W	YER032W
YNR010W	YPL042C
YGL099W	YMR290C
YCR091W	YDL192W
YML101C	YNL255C
YCR033W	YMR273C
YGR092W	YNR046W
YGL206C	YKL135C
YGL134W	YPR115W
YDR225W	YGR252W
YCR093W	YGL048C
YGR005C	YNR010W
YBR011C	YPL066W
YGL263W	YJR095W
YAL017W	YER133W
YLL049W	YPL174C
YER006W	YGL111W
YDR254W	YDR318W
YHL027W	YJL056C
YNL087W	YOR086C
YDL101C	YMR031C
YLL039C	YML005W
YDR050C	YPR152C
YBR031W	YDL018C
YGL116W	YGR092W
YFR052W	YHR027C
YIL142W	YNR032W
YDR145W	YPR072W
YDL192W	YIL004C
YJL172W	YLL039C
YNL125C	YNR059W
YDL222C	YDR032C
YAL021C	YBR279W
YER025W	YIR010W
YGL208W	YNL255C
YNL157W	YOR267C
YCR077C	YNL118C
YBR108W	YJL106W
YHR200W	YLR150W
YEL009C	YHR200W
YDL101C	YMR086W
YKL065C	YPR192W
YDR106W	YMR294W
YLR442C	YNL216W
YDR169C	YMR186W
YDL140C	YHR119W
YAL035W	YLL039C
YAL043C	YER133W
YLR378C	YOR103C
YGR209C	YIL107C
YNL255C	YOL111C
YBR097W	YLR360W
YBR017C	YEL054C
YLR429W	YNL031C
YDL113C	YJL036W
YEL009C	YGL058W
YDR239C	YHR135C
YHR027C	YHR107C
YML064C	YNL044W
YAL035W	YGR102C
YHR200W	YMR246W
YJL060W	YPL004C
YJR042W	YLR208W
YEL060C	YMR104C
YOL017W	YOL051W
YDL080C	YIL142W
YOR177C	YOR373W
YJL034W	YNL313C
YER125W	YKR021W
YHR186C	YNL076W
YGL190C	YLR373C
YDL065C	YGR119C
YJR088C	YLL039C
YGL059W	YHR028C
YIR010W	YKL182W
YDR477W	YPR115W
YGR080W	YOR181W
YGR077C	YKL197C
YBL102W	YDR100W
YML064C	YNL333W
YDL140C	YPR025C
YKL006C-A	YOR036W
YDR423C	YEL051W
YBL091C	YML010W
YLR033W	YMR091C
YIL022W	YLR369W
YGR234W	YLR304C
YHR197W	YNL002C
YNL255C	YPR188C
YJL106W	YKL140W
YER055C	YHR200W
YGL207W	YHR035W
YFL039C	YKL130C
YNR024W	YOL142W
YHL002W	YHL034C
YAL009W	YNL255C
YLR150W	YLR330W
YFR031C-A	YPL220W
YBR031W	YGL111W
YER018C	YGL066W
YFL039C	YOR281C
YMR155W	YPL141C
YMR075W	YMR186W
YDR439W	YHR135C
YBL054W	YDR363W-A
YBL097W	YDR325W
YER151C	YMR049C
YCR028C-A	YHR164C
YAL025C	YIR010W
YLL039C	YLR216C
YDL181W	YJL106W
YIR010W	YPL237W
YIR010W	YLR315W
YCL024W	YML096W
YKL180W	YNR051C
YDR389W	YGR074W
YDR247W	YJR130C
YBR183W	YIL016W
YHR200W	YML092C
YBR108W	YNL307C
YER020W	YGR281W
YER151C	YML026C
YDR363W-A	YER151C
YDR225W	YGL207W
YDR363W-A	YPL031C
YCR012W	YER112W
YDR277C	YHR114W
YER026C	YJR010C-A
YER147C	YMR229C
YGR074W	YKL173W
YBR264C	YNL255C
YDL007W	YMR191W
YEL013W	YJR068W
YFR051C	YIL004C
YDR477W	YMR140W
YGR052W	YML013W
YNL307C	YOR290C
YDR388W	YGL201C
YDR479C	YNR075W
YLR208W	YPR080W
YFL034W	YLR170C
YLR238W	YMR319C
YNL113W	YOR224C
YGR192C	YPR129W
YBL017C	YJR125C
YDR295C	YJL106W
YBR177C	YML016C
YAL053W	YLR330W
YDR363W-A	YNL255C
YER088C	YER151C
YHR131C	YNL255C
YDL085W	YPR054W
YJL082W	YLL039C
YNL255C	YOR246C
YLR132C	YPR191W
YAL042W	YNL255C
YOR261C	YPR108W
YGL115W	YOR142W
YBR194W	YNR016C
YKL203C	YLL039C
YFR014C	YJR001W
YFR036W	YJR091C
YDL007W	YPL248C
YJL111W	YNL255C
YGL179C	YPR115W
YDR390C	YKR002W
YJL034W	YLR166C
YHR135C	YMR290C
YCR077C	YNR027W
YGL060W	YNL031C
YER178W	YHR027C
YDR334W	YKR072C
YGR020C	YLL039C
YLL034C	YOL077C
YLR056W	YNL255C
YGR250C	YIR001C
YGR130C	YLL039C
YDL193W	YOR185C
YDL003W	YGR098C
YML019W	YNL318C
YGL058W	YLR015W
YGL116W	YJL013C
YEL054C	YNR051C
YGL181W	YIL122W
YCR073C	YHL020C
YFL008W	YOL115W
Q0130	YJR045C
YKL218C	YNL255C
YFL039C	YHR023W
YJL222W	YOR085W
YKR009C	YPL031C
YGR005C	YPL203W
YNL002C	YNL186W
YGR063C	YML069W
YPR129W	YPR184W
YBR126C	YNL076W
YER125W	YGR268C
YBR253W	YDR443C
YBR130C	YHR135C
YDR084C	YLL039C
YBR279W	YGL058W
YML041C	YPL235W
YER164W	YIL035C
YCR004C	YHR200W
YGL158W	YJR089W
YBL022C	YOR136W
YLR423C	YPL166W
YER012W	YPR103W
YML024W	YNL255C
YGL076C	YNL301C
YAL016W	YJL057C
YHR079C	YJL051W
YFR014C	YMR049C
YKR081C	YLL039C
YDL113C	YLR315W
YCR093W	YDL149W
YML010W	YPR152C
YGL158W	YHL020C
YGL099W	YPL169C
YMR149W	YNL125C
YER125W	YHR097C
YIL057C	YLL039C
YGR071C	YLR373C
YER025W	YOR361C
YDR276C	YDR307W
YGR031W	YNL255C
YBR183W	YMR149W
YAL059W	YPR152C
YJL124C	YOR308C
YBR031W	YER177W
YGR006W	YLR433C
YDR516C	YGR092W
YGL111W	YKL021C
YER087W	YOL128C
YDL134C	YGL251C
YGR126W	YLL039C
YER013W	YGL120C
YMR017W	YMR183C
YGR234W	YKL104C
YFR036W	YIR025W
YDL124W	YFR004W
YDR207C	YMR139W
YFR004W	YJR045C
YER013W	YGR278W
YER177W	YLR256W
YER103W	YGL130W
YNR065C	YOR085W
YCL014W	YPL031C
YNL002C	YNL255C
YDR477W	YPL146C
YEL051W	YOR270C
YIL035C	YLR399C
YHR193C	YPL037C
YAL032C	YPR023C
YGL120C	YOL077C
YBR195C	YOR100C
YDR240C	YLR345W
YFR037C	YPR034W
YER062C	YHR027C
YDR012W	YHR200W
YBL056W	YBR097W
YFL039C	YIR010W
YFR015C	YLL039C
YAR018C	YOL083W
YBL054W	YDL147W
YMR205C	YPL031C
YGL158W	YPR160W
YHR118C	YNL261W
YHR088W	YOL077C
YLR321C	YNR046W
YDR012W	YNL124W
YFR053C	YLR231C
YAL016W	YHR027C
YDR155C	YML064C
YMR072W	YOR136W
YDR054C	YJL047C
YBR023C	YLR170C
YER133W	YJL042W
YLR321C	YLR345W
YDR142C	YNL214W
YER062C	YMR091C
YDR388W	YNL289W
YDL197C	YLR442C
YCL024W	YJR112W
YCR093W	YNL025C
YBR193C	YMR112C
YBR005W	YLL039C
YBR114W	YLL039C
YDR477W	YER125W
YCR004C	YLL039C
YDR070C	YGL059W
YGR275W	YLR033W
YGR052W	YPL180W
YLL039C	YOL122C
YOR181W	YPL150W
YDL160C	YER112W
YGR052W	YPR030W
YHR107C	YLR314C
YLR166C	YNL272C
YKL168C	YMR140W
YDR012W	YLR029C
YDR056C	YNL255C
YLL039C	YNL272C
YFR004W	YLR378C
YFR004W	YMR205C
YNL165W	YPL031C
YMR240C	YNR011C
YLR206W	YNL020C
YMR240C	YPR178W
YBL068W	YKL181W
YER040W	YKL203C
YLR110C	YMR149W
YFR004W	YGL048C
YML092C	YOR355W
YIR010W	YNL087W
YBR071W	YHR200W
YGL106W	YHR023W
YFR034C	YOR290C
YLR216C	YOR117W
YLR234W	YPL024W
YDR477W	YER024W
YLR190W	YPL031C
YDR232W	YLL039C
YFR004W	YPR088C
YJR009C	YNR051C
YCL040W	YFR034C
YOL115W	YPL146C
YGL111W	YLR449W
YIL038C	YIR010W
YDR477W	YMR205C
YGR209C	YLL039C
YML048W	YMR011W
YBR177C	YGR092W
YNL172W	YPR152C
YGR185C	YMR158W
YJL214W	YML048W
YBL075C	YER103W
YGL206C	YLR206W
YHR079C	YNL224C
YHR135C	YMR049C
YDR436W	YKR072C
YGR268C	YPL049C
YDL140C	YOR267C
YBR017C	YDR062W
YDR073W	YPL248C
YMR095C	YPL070W
YER151C	YOL109W
YDR388W	YIL147C
YFR014C	YIL051C
YGL158W	YOR271C
YJR031C	YLL039C
YAL032C	YMR190C
YER017C	YPR024W
YNL255C	YOL149W
YLR150W	YMR240C
YGR156W	YLR115W
YJL029C	YKR002W
YLR234W	YMR190C
YFL039C	YKL079W
YBL023C	YPL031C
YCL024W	YJR092W
YBL003C	YJR041C
YHR107C	YLL039C
YGR052W	YNL117W
YBR055C	YDL043C
YML006C	YOR267C
YDR225W	YOR038C
YLR314C	YNL166C
YDL101C	YDR264C
YER151C	YGR282C
YJR066W	YLR403W
YDL055C	YGR234W
YHR024C	YIL066C
YLR370C	YOL016C
YER112W	YOR219C
YGR052W	YKL203C
YFR031C-A	YIR010W
YGL179C	YMR081C
YGR270W	YHR020W
YHR200W	YPL237W
YBR130C	YDR477W
YHR135C	YMR226C
YAL043C	YMR039C
YHR200W	YPL061W
YFL039C	YNR031C
YLL039C	YNL239W
YDL031W	YKR081C
YDR328C	YHR079C
YHR161C	YPL232W
YNL177C	YNR016C
YCR073C	YOR018W
YLL039C	YMR196W
YJR091C	YKL002W
YMR080C	YOL149W
YLL039C	YPL220W
YLL008W	YLL034C
YAL017W	YPR160W
YFL039C	YHR179W
YDR477W	YOL136C
YER090W	YFR004W
YML016C	YMR149W
YJL085W	YPR055W
YHR096C	YIR038C
YGR185C	YPL013C
YLL039C	YLR100W
YER125W	YGR136W
YGL106W	YKL160W
YGL137W	YKL204W
YIL107C	YPL203W
YLR231C	YPL031C
YER074W	YNL069C
YDL147W	YML092C
YMR075W	YNL097C
YNL255C	YPR152C
YBR179C	YLL039C
YJL012C	YLL039C
YGR252W	YOL148C
YLR197W	YNR054C
YER105C	YKL068W
YBR011C	YML056C
YFR052W	YIL066C
YFR004W	YNL239W
YER012W	YPL110C
YBL018C	YIR015W
YPL070W	YPR193C
YDL076C	YNL097C
YDR244W	YGR133W
YLR275W	YOR308C
YFR014C	YGR159C
YBR194W	YDR432W
YJR159W	YPL031C
YGR056W	YNL030W
YIL143C	YLL039C
YJR066W	YLR108C
YNL121C	YOR008C
YGR092W	YKR041W
YHL002W	YMR275C
YLR399C	YNL031C
YER151C	YKL181W
YJL098W	YNL025C
YJL061W	YLR018C
YDL031W	YLL034C
YDL072C	YHR027C
YDR259C	YGL181W
YBL056W	YLL039C
YDL127W	YDR146C
YFR004W	YOR007C
YDR162C	YOL070C
YDL101C	YFL030W
YFR032C	YKL058W
YAL035W	YNL030W
YER032W	YKR002W
YER151C	YPL028W
YEL047C	YPL150W
YOL051W	YPL042C
YIR025W	YKL022C
YGL250W	YMR068W
YLR320W	YOR198C
YLL039C	YPR103W
YER112W	YPR129W
YCR024C	YJL124C
YFR004W	YPL004C
YHR140W	YJL117W
YPL037C	YPR072W
YFR004W	YML070W
YDR162C	YDR507C
YLR441C	YNR051C
YNL151C	YNL255C
YFR034C	YNL255C
YOR117W	YPR108W
YLL039C	YLR203C
YBR114W	YJR077C
YCL035C	YNL255C
YFR031C-A	YKL009W
YER040W	YMR139W
YDR012W	YER006W
YHR026W	YML132W
YBL102W	YFR051C
YNL030W	YNR051C
YEL005C	YEL013W
YKL157W	YLL039C
YBR256C	YNL255C
YER059W	YMR165C
YFR024C-A	YJR083C
YCR002C	YLR314C
YFL016C	YLR203C
YAL032C	YLR117C
YBL001C	YNL255C
YJL196C	YKL065C
YBL075C	YFR004W
YHR158C	YML064C
YNL255C	YNL282W
YGR234W	YML064C
YFR004W	YML057W
YLR399C	YNL030W
YBL023C	YPL150W
YFR004W	YGL001C
YBR017C	YGR119C
YBR010W	YDR227W
YKL130C	YPR020W
YEL051W	YMR054W
YDR073W	YNR023W
YBR272C	YHR027C
YKR062W	YNL255C
YDR456W	YKR050W
YJL130C	YLR216C
YKL145W	YLR378C
YBL075C	YNL025C
YLR133W	YMR216C
YHR136C	YOL138C
YGR281W	YOR270C
YLL039C	YPL248C
YNL255C	YPR023C
YLL039C	YLR083C
YHR027C	YLR341W
YHR119W	YPL001W
YGR282C	YIR010W
YMR049C	YPR115W
YHR083W	YNL255C
YHR114W	YOR355W
YDL222C	YDR497C
YBR137W	YML064C
YDL112W	YKL182W
YCR091W	YIL135C
YAL027W	YCL024W
YER074W	YLR029C
YHR171W	YNR007C
YKL196C	YOR106W
YHR107C	YJR076C
YBR114W	YDR453C
YER164W	YIR010W
YPL031C	YPL146C
YER151C	YGL106W
YBL003C	YLR197W
YDR155C	YHR200W
YGL181W	YNL124W
YLR097C	YOL133W
YHR171W	YOR191W
YGL076C	YLR449W
YHR135C	YLR132C
YJL154C	YOR357C
YDR436W	YKL088W
YMR216C	YOR141C
YGR232W	YLR421C
YFR024C-A	YMR216C
YDL186W	YLR452C
YJL048C	YLR423C
YJL047C	YLR320W
YER099C	YFR004W
YLR398C	YOR076C
YDR330W	YER012W
YJR091C	YLR392C
YFR004W	YGR276C
YDR356W	YER018C
YJR095W	YPL141C
YHR158C	YJR122W
YGL130W	YOL145C
YER133W	YLR109W
YMR072W	YNL037C
YGR130C	YKL180W
YCR088W	YPL004C
YKR062W	YOL051W
YFL034W	YPL031C
YNL110C	YPR137W
YDR100W	YOL129W
YER125W	YFR034C
YGR232W	YPR108W
YGR276C	YPL141C
YER012W	YER099C
YDR477W	YIL112W
YER133W	YOL091W
YBR102C	YLR423C
YMR055C	YPL040C
YHR072W	YKL140W
YLR166C	YPR055W
YFR036W	YPL031C
YIL004C	YKL196C
YNL031C	YOR064C
YIL035C	YLL008W
YDR240C	YOL090W
YJL089W	YPL042C
YEL009C	YER040W
YKL193C	YPL179W
YKL103C	YMR104C
YIL162W	YLR378C
YBR279W	YOL051W
YER043C	YLR442C
YLR046C	YNL255C
YGL111W	YML010W
YJL085W	YKR055W
YLL039C	YNL301C
YFR004W	YJR025C
YKL047W	YLL039C
YLL039C	YOR043W
YER006W	YKR081C
YGR274C	YLR055C
YDL042C	YNL030W
YGL179C	YMR165C
YDR477W	YKR009C
YMR276W	YPR002W
YCR093W	YPL235W
YBR057C	YPL135W
YAL043C	YGR156W
YBR194W	YML056C
YER125W	YPL031C
YBR194W	YKL173W
YDR012W	YLL039C
YML010W	YPL203W
YER062C	YHR200W
YAL032C	YNR059W
YHR027C	YPR080W
YDR386W	YMR049C
YDR477W	YER177W
YGR192C	YNR051C
YBL003C	YGL133W
YLR150W	YNL069C
YNL255C	YPR001W
YER018C	YNL097C
YGR048W	YIL030C
YLR449W	YOR267C
YGL150C	YOR141C
YGR159C	YNL110C
YNL233W	YNL289W
YDR419W	YLL039C
YKL204W	YOL017W
YDR507C	YNL272C
YJL123C	YNL136W
YDR328C	YHR135C
YDL140C	YNR010W
YGR027C	YHR027C
YDR422C	YJL066C
YGL116W	YKL085W
YDR456W	YPR079W
YHR127W	YPL169C
YOR058C	YPL001W
YHR200W	YPR103W
YGL099W	YNL002C
YLR175W	YNL110C
YBL003C	YLR033W
YHR135C	YIL107C
YBL003C	YBR087W
YGL163C	YOR232W
YAL032C	YMR176W
YHR200W	YLR406C
YJR103W	YPL031C
YAR018C	YBL106C
YGL229C	YJL013C
YBL003C	YMR072W
YBR176W	YPR080W
YDR293C	YGL137W
YAL032C	YLR320W
YIL035C	YNL030W
YFR004W	YNL301C
YMR072W	YOR058C
YFL008W	YKR054C
YLL039C	YLR370C
YAL021C	YGR005C
YOR141C	YPL235W
YHL002W	YOR124C
YBR210W	YLL039C
YDL192W	YFR051C
YKL104C	YLR452C
YLR034C	YLR056W
YFR004W	YKL210W
YBL003C	YKL009W
YLL039C	YNL029C
YNL110C	YPL220W
YDR293C	YJL098W
YFR004W	YPL235W
YDR359C	YHR090C
YGR104C	YNL025C
YDL115C	YDL140C
YLR197W	YNL110C
YDR363W-A	YOR261C
YHR140W	YKL006C-A
YJR125C	YMR197C
YDR330W	YLL039C
YGL076C	YMR229C
YGR052W	YHR200W
YNL255C	YOR158W
YKR081C	YPL220W
YLR449W	YNL255C
YHR135C	YJL108C
YJL057C	YOL078W
YBR194W	YIL035C
YGL166W	YKR011C
YER177W	YHR200W
YDL106C	YML051W
YBR193C	YPL042C
YGR060W	YJL129C
YLR449W	YNL110C
YLR452C	YLR457C
YDR006C	YER177W
YGL181W	YLL003W
YLR029C	YNL301C
YFL039C	YNL157W
YGR116W	YNL255C
YBR079C	YGR252W
YDL031W	YGL120C
YDR146C	YGL207W
YFR004W	YGL137W
YDR388W	YJL085W
YFR004W	YOR261C
YDR359C	YFL039C
YBR194W	YLR175W
YDL080C	YDR081C
YGR258C	YOL090W
YLL039C	YOL142W
YDR071C	YGR234W
YKR025W	YNL255C
YLR033W	YPR034W
YLL039C	YPR160W
YER125W	YJL172W
YDR365C	YIR010W
YBR016W	YGL120C
YGR278W	YLR117C
YAL025C	YOR005C
YIL135C	YOR043W
YLR027C	YPL004C
YMR229C	YPR137W
YGR112W	YLR203C
YMR190C	YPL164C
YGR005C	YGR186W
YDR456W	YIL030C
YHR135C	YLR429W
YLR315W	YPR083W
YDR054C	YJL157C
YLL008W	YNL255C
YBL003C	YGL150C
YHR135C	YOL091W
YER149C	YLR319C
YBL068W	YER099C
YJR051W	YOL142W
YGL137W	YMR146C
YBR044C	YJR010C-A
YMR216C	YOR054C
YLR337C	YNL020C
YDR516C	YGR232W
YGL215W	YKL103C
YDL140C	YOL051W
YDR062W	YKL104C
YHR088W	YLR449W
YKL060C	YNR051C
YKL190W	YNL255C
YNL232W	YNR024W
YDR284C	YIR038C
YJL098W	YNL107W
YIL108W	YNL254C
YJL130C	YPL235W
YJR004C	YPL141C
YGL048C	YPL235W
YIL034C	YIR003W
YDL149W	YKL064W
YER099C	YMR139W
YNL255C	YOR064C
YLR105C	YNL255C
Q0085	YER154W
YDL149W	YJL178C
YKL129C	YNL084C
YOL078W	YOR181W
YDL204W	YLL039C
YER075C	YMR229C
YGR104C	YOR174W
YML117W	YPR080W
YAL009W	YMR165C
YCL033C	YKL103C
YDL054C	YLL039C
YER043C	YFR004W
YDR477W	YHR073W
YHR193C	YMR140W
YAL028W	YOR267C
YIL035C	YLR002C
YDR240C	YLR275W
YHR119W	YOL145C
YGL059W	YPL056C
YAL053W	YLL039C
YDL051W	YPL210C
YDR479C	YJL117W
YHR090C	YHR135C
YDR012W	YER074W
YHR200W	YJL130C
YER012W	YJL001W
YGL111W	YMR290C
YFR004W	YOR270C
YHR027C	YJL130C
YBR005W	YNL255C
YKL145W	YMR314W
YDL007W	YHL030W
YDL147W	YDR073W
YGL004C	YKL145W
YDL140C	YGR104C
YGR186W	YPL203W
YHR195W	YNL255C
YLL039C	YML026C
YDL232W	YMR149W
YDR130C	YLR150W
YKL104C	YNR051C
YLR175W	YLR398C
YAL017W	YDR293C
YJR068W	YMR105C
YIR010W	YNL106C
YFR004W	YJR017C
YBL087C	YER103W
YMR183C	YOR106W
YER177W	YGL003C
YFR004W	YPR037C
YLR030W	YNL307C
YGR145W	YNR054C
YER151C	YLR438W
YDL055C	YLL040C
YGR096W	YOL090W
YIL038C	YPR072W
YCR002C	YDR507C
YBL030C	YER151C
YHR079C	YPR067W
YDL160C	YMR080C
YNL250W	YPR160W
YBR052C	YDR497C
YBR071W	YOL016C
YHR135C	YOR141C
YDL140C	YPL042C
YKL189W	YOR353C
YJL106W	YKL168C
YIR010W	YPR052C
YDR018C	YIL051C
YAL035W	YMR146C
YCR077C	YER112W
YKL135C	YML051W
YFR004W	YJL170C
YLL039C	YPL194W
YGL124C	YOR106W
YLR423C	YML043C
YKL006W	YNL110C
YDR284C	YDR479C
YIR010W	YNL069C
YBR207W	YPR079W
YER151C	YPL009C
YHR164C	YLR234W
YDR180W	YER147C
YGL059W	YIL042C
YER074W	YKL180W
YGR294W	YHL018W
YDL232W	YOR103C
YLL039C	YLR225C
YGR104C	YPR080W
YLR220W	YOR085W
YDR318W	YGR006W
YFL049W	YGL158W
YJL098W	YPL031C
YER151C	YOL143C
YDL192W	YDR100W
YBR298C	YDR276C
YDR388W	YOR136W
YOL051W	YPL248C
YBL030C	YNL255C
YGR192C	YHR200W
YGL059W	YNL117W
YBR130C	YHR107C
YHR122W	YNL255C
YBR093C	YJL176C
YLR370C	YOR361C
YNR051C	YPL237W
YDR365C	YGR145W
YDL232W	YHR026W
YIL142W	YJL106W
Q0085	Q0130
YHR135C	YPR152C
YLL050C	YOR181W
YDL031W	YLL008W
YGR092W	YOR228C
YOL111C	YPL174C
YBR069C	YHR114W
YGL076C	YLR029C
YMR075W	YPL139C
YLR150W	YLR320W
YFR034C	YJL020C
YDR466W	YJL089W
YBR031W	YDL055C
YMR158W	YOR158W
YLR449W	YMR290C
YOR158W	YPL118W
YJL019W	YJL057C
YDR477W	YKL193C
YNL186W	YPL031C
YLR442C	YMR273C
YDR334W	YFL039C
YDR168W	YMR186W
YIR010W	YMR290C
YBL011W	YGL180W
YGL076C	YKR081C
YNL304W	YPL031C
YDR479C	YOR377W
YCR028C-A	YIR002C
YBR036C	YDR062W
YDL002C	YDL076C
YGR215W	YIL093C
YDR270W	YLL039C
YDR100W	YOR109W
YDR432W	YOL145C
YDR012W	YMR229C
YLR170C	YPL235W
YLL039C	YOL109W
YKL197C	YNL214W
YML026C	YNR051C
YDL140C	YDR293C
YDR080W	YKL196C
YDR386W	YDR388W
YDR142C	YIL142W
YGR004W	YPR028W
YGL180W	YNL227C
YNL118C	YPR160W
YLL008W	YMR229C
YDL042C	YKL023W
YDR162C	YPL038W
YBR031W	YOR117W
YCL031C	YJL020C
YCR091W	YDL002C
YLR441C	YOR117W
YDL055C	YPL235W
YLR093C	YOR106W
YFR004W	YPR191W
YBL055C	YOR052C
YDR166C	YIL068C
YBL074C	YKL173W
YBL011W	YJL057C
YDR482C	YNL255C
YGR234W	YGR252W
YAL032C	YNR011C
YBR194W	YCR012W
YLL039C	YMR099C
YLR015W	YNL031C
YIL035C	YNL031C
YHR146W	YMR297W
YFR004W	YJL167W
YDR288W	YER098W
YKR081C	YLR002C
YIL035C	YPL037C
YIL004C	YLL039C
YOR174W	YPL042C
YDL134C	YMR273C
YDL140C	YPL203W
YGL060W	YOL133W
YDR432W	YPR152C
YCR091W	YLL034C
YBR194W	YJL130C
YLL039C	YLR029C
YFR014C	YHR117W
YKL028W	YKR062W
YGL111W	YMR049C
YDR409W	YML032C
YDL173W	YNL255C
YDR062W	YER177W
YBL075C	YDR128W
YDR483W	YHR027C
YMR290C	YNL308C
YBR102C	YDR166C
YDR049W	YKL204W
YDR168W	YHR107C
YGL059W	YHR117W
YHL004W	YMR158W
YEL061C	YNR010W
YML004C	YPL031C
YDR171W	YOR007C
YGL111W	YHR197W
YAL032C	YLR345W
YFR034C	YMR237W
YNL071W	YNL255C
YMR036C	YNL261W
YGL059W	YNL186W
YGR209C	YLR039C
YNL008C	YNL260C
YKL196C	YPL232W
YBR126C	YDR247W
YDR264C	YHR135C
YBR221C	YDR069C
YNL255C	YPL009C
YGL120C	YNL110C
YGR092W	YPL042C
YJL025W	YMR270C
YDR425W	YJL036W
YGR037C	YHL002W
YDR334W	YLR399C
YKL142W	YPL004C
YHR135C	YOR054C
YBR183W	YLR018C
YIL098C	YNL255C
YFR024C-A	YHR135C
YDL232W	YOR085W
YBR108W	YHR135C
YIL147C	YMR104C
YML056C	YNL124W
YHR001W	YPR173C
YDL140C	YMR276W
YDL212W	YML016C
YFR024C-A	YPL038W
YBR057C	YLL040C
YGR215W	YNR036C
YDR122W	YGR249W
YBR194W	YDR379W
YBR169C	YPL141C
YBR171W	YML064C
YKL198C	YNR016C
YAL028W	YHR079C
YDR142C	YIL068C
YBR091C	YJL054W
YDR293C	YFR004W
YDL007W	YGR232W
YDR346C	YDR479C
YDR483W	YLL039C
YGL256W	YJR035W
YDL072C	YFR024C-A
YLL039C	YLR197W
YCR028C-A	YIL038C
YBL050W	YMR197C
YGL189C	YLL027W
YCR028C-A	YJR010C-A
YER112W	YLR275W
YHR140W	YML048W
YMR198W	YPR141C
YDR050C	YER151C
YAL016W	YDR482C
YLR423C	YOR361C
YCR106W	YDR222W
YKL197C	YPL031C
YMR246W	YOL126C
YAL032C	YGL128C
YDR034W-B	YDR264C
YDL042C	YDR225W
YDR328C	YFR014C
YGL139W	YLL039C
YAL043C	YKL059C
YIL035C	YOR054C
YJR009C	YPL003W
YLR150W	YOR359W
YCL063W	YFR021W
YER075C	YMR319C
YLL050C	YOR117W
YGL179C	YOR141C
YLR030W	YPL031C
YGR116W	YPL203W
YHR094C	YJL151C
YBR018C	YPR054W
YAL032C	YNL271C
YLR197W	YPR152C
YBL003C	YJL047C
YDL212W	YJL117W
YFR016C	YOR181W
YFR004W	YOR375C
YPL150W	YPR072W
YBR263W	YIR010W
YJR066W	YNL076W
YHR027C	YPL028W
YDR427W	YGR232W
YBR069C	YHR020W
YKR081C	YLR233C
YDR247W	YDR439W
YGL137W	YIL004C
YGL179C	YKR009C
YER169W	YNL031C
YFR014C	YGR249W
YHR186C	YNL006W
YIL035C	YKR041W
YFR004W	YMR191W
YAR008W	YLR105C
YJL034W	YKL117W
YLL039C	YML048W
YFR034C	YGL076C
YFR004W	YPL028W
YER125W	YHL002W
YAL017W	YKL168C
YBR041W	YLR100W
YAL016W	YOR073W
YBR207W	YEL051W
YER024W	YHR135C
YBL003C	YIR010W
YNL110C	YNL307C
YDR166C	YJL085W
YMR197C	YPL045W
YKL006C-A	YLR078C
YHR027C	YPR163C
YDR388W	YLL039C
YLR315W	YNL097C
YCR101C	YGR216C
YGR275W	YPR034W
YER006W	YHR197W
YDR277C	YHL002W
YIL122W	YPL031C
YBR170C	YLL039C
YDR092W	YMR256C
YJL081C	YOR141C
YDR106W	YLL049W
YJL157C	YNR031C
YLR204W	YNL255C
YDR328C	YJL034W
YER153C	YGR222W
YDR096W	YMR190C
YBL067C	YML105C
YDR405W	YER154W
YDR277C	YLR447C
YDR409W	YJR076C
YLL039C	YOR375C
YAL027W	YDR388W
YBR169C	YBR194W
YMR165C	YPL141C
YFL049W	YPR034W
YDL028C	YMR139W
YAL032C	YBR114W
YBR194W	YMR186W
YBR126C	YHR027C
YBR298C	YNL008C
YMR158W	YNL306W
YIL035C	YML010W
YMR192W	YPL031C
YBR031W	YGL171W
YKL104C	YOR117W
YDR186C	YOR127W
YKL088W	YML016C
YHR114W	YLR423C
YJL176C	YNL031C
YKR009C	YLL039C
YCR024C-A	YJL004C
YGL004C	YOR261C
YNR051C	YPR069C
YDR012W	YFR031C-A
YGL190C	YHR135C
YBR253W	YGR005C
YDR216W	YER177W
YDR150W	YJL074C
YDL239C	YPL049C
YLL039C	YOR051C
YER056C	YER120W
YMR314W	YNR051C
YDR063W	YJR065C
YHR200W	YML024W
YBL097W	YER164W
YKL104C	YKL161C
YHR027C	YHR190W
YDL140C	YGR116W
YIR010W	YLR150W
YFL008W	YJL074C
YDR346C	YGL180W
YGL066W	YGL158W
YLR467W	YPL042C
YGL180W	YMR229C
YHR148W	YNR051C
YGL229C	YNL006W
YCR083W	YDR353W
YCR010C	YLL039C
YBR093C	YJL066C
YJL004C	YLR083C
YKL021C	YLR002C
YBR194W	YMR205C
YML051W	YOL067C
YJR076C	YKL168C
YLL039C	YOL063C
YMR167W	YOL043C
YKL103C	YLL039C
YFL038C	YLL039C
YML092C	YOR261C
YDR314C	YDR388W
YDR504C	YNL255C
YGL026C	YHR200W
YAR018C	YJL098W
YBR194W	YGR130C
YIR026C	YPR115W
YNL152W	YPL242C
YGL087C	YNR065C
YKL196C	YOR036W
YDL020C	YOR117W
YLL039C	YPL174C
YBL074C	YLR275W
YBR036C	YKL065C
YHR158C	YLR452C
YLR314C	YOR191W
YNL232W	YOL142W
YBR177C	YEL051W
YLR175W	YNL186W
YDL043C	YMR240C
YDL028C	YLL003W
YCR077C	YNL255C
YPL042C	YPL248C
YDL140C	YGR270W
YLR022C	YNL255C
YHR135C	YMR102C
YIL062C	YLR337C
YDR388W	YJR083C
YDR225W	YPR104C
YGR060W	YML016C
YCR076C	YPR103W
YDR476C	YJL019W
YER116C	YPL031C
YLL039C	YPR026W
YDR240C	YNL210W
YKL009W	YLL008W
YDR443C	YHR067W
YGR159C	YHR135C
YKL117W	YMR008C
YGR092W	YLL039C
YER103W	YGL206C
YER006W	YMR049C
YAL027W	YGL106W
YER048C	YFR004W
YBL009W	YKL203C
YKL189W	YLR423C
YLR068W	YNL255C
YER120W	YHL020C
YMR229C	YNL307C
YER177W	YOR117W
YHR098C	YLL039C
YLR150W	YNL186W
YBL017C	YDR484W
YBR057C	YGL192W
YFL038C	YOR070C
YDL130W-A	YER125W
YEL060C	YNL186W
YMR290C	YNL110C
YDR075W	YGR063C
YLL001W	YPR080W
YDR247W	YIL107C
YDR211W	YER151C
YDR259C	YLR447C
YER134C	YNL255C
YLR265C	YMR284W
YGR184C	YKL145W
YDR225W	YNL031C
YMR049C	YNL110C
YDR343C	YJR017C
YKL180W	YNL255C
YER125W	YLR027C
YMR017W	YPL232W
YDR012W	YLR441C
YCR002C	YJR076C
YKR072C	YPL141C
YMR049C	YOL077C
YDR244W	YLR284C
YMR139W	YOL128C
YOL051W	YPR034W
YOL126C	YOR347C
YNL232W	YPR072W
YER023W	YPL169C
YDL055C	YHR200W
YBR010W	YOR038C
YDL176W	YJR104C
YER125W	YFR004W
YLR368W	YOL133W
YLR002C	YNL110C
YJL036W	YNL086W
YJL106W	YPL150W
YCR073C	YJL108C
YDL147W	YMR314W
YGL087C	YMR323W
YFR004W	YOR198C
YGL111W	YOR380W
YCR042C	YDR195W
YGL048C	YGR184C
YDR130C	YNL074C
YKL130C	YLR150W
YDR202C	YJR033C
YAL002W	YPL045W
YDR202C	YEL051W
YDR328C	YER177W
YDR356W	YLR006C
YDL215C	YLR320W
YNL255C	YNL260C
YDR181C	YMR127C
YJL060W	YPL031C
YNR051C	YPL220W
YAL016W	YML024W
YFL008W	YPR007C
YLR175W	YNL308C
YJL004C	YNL044W
YLR309C	YOR216C
YIR010W	YKR008W
YJL106W	YJR094C
YLL039C	YML024W
YMR139W	YNL272C
YLL067C	YNL255C
YOR117W	YOR168W
YIL122W	YKL161C
YDR363W-A	YGL048C
YML010W	YNL251C
YDR032C	YER020W
YKL135C	YOR109W
YHR197W	YKL006W
YER112W	YER151C
YFR014C	YPL203W
YJL098W	YJR066W
YML064C	YMR290C
YDR386W	YMR303C
YLL040C	YOR181W
YGR258C	YOL016C
YFR004W	YMR246W
YCR076C	YNL255C
YBR128C	YLR240W
YAL043C	YKL006W
YDR388W	YIR003W
YBR216C	YFR004W
YLL039C	YLR398C
YBR017C	YJR077C
YDR106W	YPL174C
YDR354W	YLL039C
YMR095C	YNL333W
YDL140C	YKL210W
YBR061C	YLL039C
YMR229C	YNL124W
YBR196C	YNR051C
YAL035W	YBR031W
YGL004C	YGL048C
YLR423C	YOR158W
YBR031W	YDR365C
YDR482C	YKL173W
YER151C	YGL137W
YIR010W	YPR139C
YKL021C	YLL008W
YFR004W	YGL004C
YLL034C	YLR084C
YCL009C	YGL116W
YGL179C	YIL107C
YFR004W	YPR108W
YHR158C	YMR036C
YDR130C	YMR039C
YJR014W	YOR028C
YBR055C	YKL085W
YGR058W	YLL039C
YNL255C	YPL004C
YFR024C-A	YML010W
YDL147W	YDR363W-A
YER048W-A	YGR192C
YBR055C	YPR178W
YFR004W	YKL117W
YBR095C	YPR023C
YDL215C	YOR057W
YJR035W	YLR304C
YLR404W	YOR301W
YHR026W	YKL221W
YBL023C	YBR060C
YFR004W	YPL237W
YCR004C	YMR031C
YDR507C	YLR314C
YGL207W	YNR065C
YPL031C	YPR147C
YBR055C	YJL167W
YFR037C	YOL090W
YBL023C	YIR008C
YDL055C	YLR166C
YER154W	YPL063W
YDL005C	YEL009C
YNL246W	YNL255C
YJL117W	YJR010C-A
YBR031W	YNL110C
YDR325W	YJR089W
YLL039C	YOR124C
YFR021W	YLL039C
YAL025C	YNR051C
YDR264C	YPL242C
YFR024C-A	YOR109W
YCR077C	YPR152C
YIL057C	YPL031C
YLR138W	YML132W
YFR014C	YLR319C
YGL211W	YNL255C
YJL004C	YNL121C
YGL059W	YOL016C
YCL032W	YOR212W
YDR388W	YMR287C
YGL207W	YLR399C
YFR004W	YLR421C
YGL207W	YMR049C
YHR079C	YNL155W
YDR486C	YFR014C
YDL006W	YNR019W
YOL028C	YPR054W
YBL050W	YER133W
YDR356W	YPR141C
YDR432W	YGR116W
YGR270W	YOL006C
YFR004W	YOR361C
YKL160W	YNL255C
YLL039C	YLR327C
YKR081C	YLR449W
YFR004W	YLR134W
YML064C	YPL049C
YLR429W	YOR124C
YJR001W	YLL039C
YLR429W	YOR326W
YNR010W	YPR070W
YER125W	YLR206W
YBR044C	YKL141W
YGR113W	YJR060W
YJL084C	YMR216C
YGL180W	YHR117W
YJL020C	YNR016C
YGR261C	YLR093C
YIL030C	YKL145W
YLR441C	YNL110C
YDR516C	YLL039C
YJL083W	YOR181W
YOR005C	YPL110C
YDL153C	YJL106W
YDL042C	YDR227W
YGL115W	YKL193C
YGL203C	YPL221W
YJR009C	YPR080W
YHR027C	YHR179W
YBL074C	YGR074W
YIL142W	YJL111W
YJL045W	YLL039C
YGL151W	YMR112C
YKL009W	YML010W
YDL186W	YNL307C
YGL048C	YNL250W
YIR010W	YPL004C
YIR010W	YOR290C
YNL186W	YPL150W
YAR066W	YDR074W
YBR295W	YLL039C
YKL168C	YMR196W
YGL025C	YOR174W
YJR066W	YOL126C
YKL196C	YOL018C
YNL255C	YNR001C
YAL018C	YBR036C
YGR234W	YHR200W
YML010W	YOR224C
YDR293C	YGL059W
YLR274W	YMR192W
YGR092W	YLR438W
YJL057C	YLR309C
YPL031C	YPL222W
YLR321C	YMR091C
YNL307C	YOL091W
YCR030C	YER020W
YGR281W	YPL221W
YIR035C	YNL232W
YDL076C	YDR207C
YER151C	YLR384C
YBR017C	YGR005C
YER177W	YGL115W
YFR024C-A	YGR268C
YHR140W	YPR192W
YBR011C	YLR425W
YCL024W	YNL166C
YHR135C	YMR140W
YBR176W	YPL070W
YGL037C	YNR051C
YDL112W	YNL307C
YFR014C	YIL065C
YKR081C	YLL008W
YDR520C	YGR261C
YDR258C	YGL048C
YBR194W	YGR282C
YDR365C	YNR054C
YGL190C	YKL129C
YJL176C	YPR152C
YKL129C	YNL271C
YER133W	YNR034W
YDR130C	YER177W
YDL153C	YGL180W
YGL179C	YHR073W
YGL207W	YKL028W
YFR034C	YKL204W
YIL106W	YMR276W
YDL194W	YDR277C
YAL053W	YDL222C
YDR298C	YER154W
YDR147W	YJL057C
YHR075C	YLR368W
YFR004W	YNL250W
YGL004C	YHR200W
YJL167W	YPL031C
YBL068W	YLL039C
YHR132C	YLL039C
YDR073W	YPR034W
YER125W	YJL025W
YLR175W	YNL227C
YBR253W	YDL005C
YMR158W	YPL013C
YGL179C	YMR140W
YLL039C	YPL036W
YEL002C	YLR378C
YAL028W	YMR139W
YCR071C	YNL255C
YKL142W	YMR165C
YEL054C	YKL009W
YIR038C	YJR010C-A
YGL151W	YNL025C
YCL039W	YGL227W
YDR284C	YEL013W
YDR289C	YLR166C
YFR014C	YNL186W
YDR483W	YFR004W
YGR112W	YNL052W
YCR077C	YOL149W
YER020W	YPL036W
YJL070C	YNR016C
YGR159C	YLL039C
YDR328C	YOL133W
YDL113C	YER018C
YBL003C	YNR051C
YIR010W	YLR029C
YNL006W	YOL078W
YMR086W	YOR181W
YER105C	YPR080W
YDL005C	YOL051W
YGL137W	YHR027C
YDR388W	YGR058W
YMR216C	YPL139C
YLR449W	YNL030W
YDL006W	YNL307C
YGL207W	YIL035C
YHR027C	YOR168W
YEL002C	YOR085W
YLR447C	YOR181W
YGR184C	YML051W
YGR209C	YKL069W
YGL130W	YOL078W
YCL009C	YER151C
YDL076C	YOR174W
YER050C	YGR215W
YDR388W	YPR055W
YDR225W	YER151C
YFR004W	YNL069C
YGR275W	YPL016W
YBR194W	YOR361C
YGR130C	YGR192C
YHR090C	YPR023C
YDR423C	YNL255C
YJL004C	YML038C
YHR027C	YLR027C
YJR076C	YPL031C
YBR055C	YDR353W
YIL035C	YLR403W
YAL032C	YDR482C
YLL039C	YMR296C
YHR197W	YKL180W
YBR036C	YNL044W
YDR369C	YLR109W
YGR104C	YPR052C
YDR388W	YKR011C
YGR261C	YOR380W
YKL104C	YPL235W
YLR175W	YNR051C
YDL043C	YGL137W
YJR045C	YNL157W
YDR225W	YJL006C
YFR004W	YJR009C
YDR293C	YER112W
YER151C	YPL061W
YJL124C	YOR326W
YNL090W	YNL255C
YHR026W	YJR091C
YHR117W	YHR135C
YDR405W	YML025C
YGL120C	YMR049C
YCR033W	YPR152C
YIL041W	YLL039C
YDL134C	YOR386W
YKL135C	YNL069C
YGL137W	YLL001W
YMR229C	YNL002C
YER059W	YJL084C
YLL039C	YMR192W
YER090W	YJL060W
YDL101C	YDR030C
YER067W	YLL039C
YMR055C	YOR373W
YDL140C	YOL018C
YDR204W	YOL096C
YFR004W	YJL034W
YHR088W	YLR002C
YGR001C	YNL307C
YDL134C	YLL039C
YMR290C	YOL120C
YBL023C	YLR274W
YER128W	YPR173C
YCR012W	YGR192C
YFL038C	YNL255C
YBR194W	YOR136W
YER153C	YFR014C
YDR264C	YMR197C
YCR002C	YIR010W
YBR207W	YGR020C
YDL043C	YKL173W
YHR079C	YLR361C
YDL160C	YPR178W
YPL147W	YPL274W
YBR031W	YNL055C
YER072W	YMR216C
YHR027C	YHR200W
YER164W	YKR081C
YBL067C	YFR004W
YFL034W	YKL135C
YBR069C	YFR024C-A
YCR030C	YFR024C-A
YAL009W	YGL059W
YOR198C	YPL042C
YIL016W	YJL196C
YMR273C	YNL255C
YBR065C	YPR080W
YLL039C	YML016C
YLR429W	YOR181W
YJL130C	YJR077C
YBR279W	YHL002W
YDR225W	YGL150C
YNR051C	YPL210C
YGL180W	YGL207W
YER124C	YOR212W
YJR134C	YOR216C
YHR135C	YPL169C
YJR076C	YPL161C
YDR518W	YHR113W
YGL137W	YLR370C
YER125W	YFL039C
YER125W	YOL043C
YDR497C	YER125W
YDR306C	YDR328C
YJL196C	YNL044W
YFR004W	YGL125W
YBL003C	YBR010W
YDL134C	YKL203C
YFL039C	YMR072W
YDL031W	YDR388W
YHR047C	YOL111C
YLL039C	YPL063W
YNL090W	YNL210W
YDR288W	YNL124W
YER103W	YLL039C
YBR010W	YJL081C
YNL030W	YNL255C
YDR323C	YOR089C
YNL002C	YOR267C
YDL006W	YML100W
YJL006C	YML112W
YFL054C	YKL142W
YGL134W	YOR351C
YLL008W	YOR267C
YCL009C	YGR092W
YER125W	YGR186W
YGL232W	YNL255C
YKL008C	YKL065C
YHL030W	YOR261C
YBR177C	YJL151C
YKR081C	YMR290C
YBR108W	YJL020C
YFR051C	YJL151C
YER177W	YNL076W
YFR004W	YKL104C
YDR343C	YKL193C
YNL255C	YNL308C
YER125W	YMR140W
YML010W	YML056C
YPL166W	YPR049C
YKL190W	YLR433C
YMR186W	YPL235W
YGR092W	YPR160W
YDR130C	YOR361C
YGR092W	YHR107C
YNL025C	YPL031C
YCR002C	YHR107C
YDL233W	YJR112W
YMR229C	YPR152C
YLR216C	YOR220W
YFR004W	YHR190W
YDR169C	YGL180W
YBR010W	YLR015W
YBR023C	YPL221W
YCR077C	YMR186W
YOL104C	YPL200W
YDL160C	YFR004W
YMR049C	YMR290C
YGL180W	YGL190C
YDR225W	YPR034W
YDR012W	YKL180W
Q0085	YLR203C
YNL136W	YNL255C
YDL028C	YKL023W
YGR060W	YIL016W
YDR122W	YGR001C
YML069W	YNL255C
YDR507C	YLR175W
YDR130C	YNL069C
YGR250C	YML051W
YDR313C	YLR083C
YBR272C	YDR427W
YGL025C	YPR070W
YHR135C	YPL146C
YCR028C-A	YNR051C
YBR052C	YDL222C
YDR122W	YIL107C
YDL005C	YGL025C
YER105C	YPL004C
YBR194W	YLR117C
YGL158W	YNL186W
YIR010W	YPL180W
YIL035C	YOR361C
YFR004W	YKL103C
YHR114W	YOR059C
YDR368W	YHR200W
YBR138C	YGR092W
YDR162C	YPL161C
YDR085C	YER133W
YDR257C	YNL255C
YJL054W	YOR297C
YGL164C	YOR185C
YMR186W	YPR093C
YDL215C	YLR027C
YDR432W	YER164W
YGL134W	YPL031C
YNL304W	YOR326W
YFL039C	YLR429W
YCR073C	YNL250W
YHR146W	YML010W
YDR145W	YLR399C
YGL206C	YGR234W
YML069W	YPR171W
YLR370C	YOR181W
YHR135C	YKL160W
YHR107C	YMR198W
YER006W	YIR010W
YEL017C-A	YMR299C
YIL035C	YMR049C
YGR092W	YLR303W
YCR012W	YKL060C
YFR014C	YNL227C
YDR386W	YER006W
YBR194W	YDR289C
YDL176W	YGL227W
YGR136W	YPL038W
YLL039C	YOL117W
YKR055W	YOL128C
YKL130C	YML056C
YBR108W	YFR024C-A
YFR004W	YHR107C
YGR252W	YKL062W
YDR477W	YGR256W
YMR240C	YOR093C
YJL178C	YPL045W
YDR388W	YGR268C
YDR318W	YJR060W
YFR015C	YKR058W
YER125W	YLR134W
YDR328C	YJR089W
YAL043C	YJR093C
YDL140C	YNL025C
YGL048C	YPL004C
YDR211W	YNL124W
YDR432W	YHL034C
YLL039C	YOR035C
YAL035W	YGL076C
YDR093W	YMR054W
YHR135C	YJL105W
YBR107C	YHR113W
YER120W	YLL039C
YJR070C	YOR351C
YGR020C	YMR054W
YJL039C	YMR129W
YLL049W	YNR069C
YDL192W	YDR264C
YDR477W	YMR165C
YDR293C	YNL307C
YER151C	YMR290C
YDR443C	YLL039C
YFR004W	YLR175W
YML058W	YNL307C
YDL085W	YOR076C
YLR449W	YPL146C
YDL002C	YGL133W
YBL003C	YIL035C
YJL065C	YNL230C
YHR140W	YLR343W
YGL238W	YLL039C
YGR060W	YML048W
YDL061C	YIR010W
YDR159W	YLR208W
YBL040C	YGR060W
YDR388W	YLL027W
YBR052C	YER020W
YDR404C	YGR186W
YHL002W	YPR115W
YHR077C	YNL255C
YGL137W	YNL250W
YDL054C	YHR026W
YGL233W	YOR357C
YNL255C	YOL026C
YDR162C	YGL190C
YEL051W	YLR429W
YGL115W	YGL179C
YCR073W-A	YDR122W
YLR027C	YLR314C
YLR321C	YPL070W
YGL158W	YJL081C
YDR356W	YER129W
YGL250W	YLR442C
YBL003C	YHL034C
YHR107C	YNL073W
YEL054C	YFR034C
YEL013W	YHR094C
YFR024C-A	YNR031C
YFR014C	YKL149C
YBR043C	YNL307C
YDR227W	YNL216W
YJL217W	YPR118W
YEL048C	YPL110C
YGL120C	YLR005W
YBR052C	YGL056C
YBL017C	YOR181W
YBR079C	YFR004W
YLR452C	YOR036W
YHR027C	YJR076C
YMR039C	YNL124W
YKR011C	YLR314C
YIR035C	YNL255C
YHR079C	YOR181W
YBR079C	YER025W
YBR241C	YDR264C
YNL031C	YOR290C
YGL151W	YPL042C
YDL072C	YLL039C
YNL255C	YNL284C
YKR021W	YLL039C
YDR180W	YFL008W
YNR068C	YNR069C
YBR040W	YFR004W
YBL011W	YHR135C
YKL173W	YOR308C
YCR075C	YFR014C
YIR010W	YJL176C
YJL020C	YOR081C
YLR369W	YMR049C
YER133W	YJR093C
YJL178C	YOR357C
YDL193W	YLL039C
YHR200W	YMR205C
YFR004W	YJR065C
YGR276C	YJL106W
YGR020C	YJL151C
YBR055C	YKL210W
YDR368W	YHR027C
YML056C	YOL077C
YGL134W	YNL307C
YHR135C	YNL227C
YDL005C	YMR112C
YGL048C	YOR261C
YBR079C	YOL117W
YDR407C	YJL044C
YGL189C	YNR051C
YER072W	YPL031C
YGL179C	YJR076C
YLL039C	YOR354C
YGL180W	YNL165W
YBR107C	YDR421W
YNL031C	YNL097C
YIL062C	YJR065C
YER062C	YML058W
YHR020W	YNL272C
YDR346C	YPL031C
YDR259C	YNL307C
YDR198C	YOR005C
YDR388W	YGL190C
YDR005C	YNL151C
YDL045C	YGR077C
YLL008W	YNL110C
YGL137W	YOL133W
YFR052W	YHR200W
YDR012W	YNL069C
YBR053C	YPL141C
YFR004W	YIL108W
YGL229C	YOR062C
YJR035W	YKL085W
YDL149W	YPR049C
YBL025W	YNL255C
YDR075W	YIL153W
YFR034C	YIL035C
YLR396C	YOR106W
YGL180W	YHL013C
YGR041W	YOR301W
YFR037C	YMR091C
YDL140C	YDR289C
YDR432W	YPL169C
YIR010W	YMR146C
YAL002W	YKR014C
YDL002C	YFR037C
YIL062C	YJL020C
YGL171W	YGR145W
YDL159W	YPL201C
YGL059W	YJL070C
YDR388W	YFR024C-A
YKR025W	YNL151C
YDR477W	YLR150W
YFR031C-A	YNL301C
YDR050C	YFR004W
YGR282C	YNR051C
YDR353W	YFR004W
YBR207W	YDL199C
YDR383C	YLR315W
YDL235C	YIL147C
YJL084C	YPL031C
YDR369C	YJL167W
YIR010W	YKL204W
YDR295C	YLR131C
YFR014C	YIR003W
YGL180W	YNR019W
YDR216W	YOL133W
YML048W	YPR198W
YGL116W	YPL203W
YDR155C	YML095C
YDL235C	YLR006C
YDL212W	YPL274W
YBR253W	YGL151W
YDL147W	YLL039C
YDL036C	YHR200W
YDR477W	YFR034C
YFL021W	YIR010W
YMR183C	YPL232W
YGL233W	YLR166C
YDR476C	YDR479C
YER048C	YOR181W
YIL147C	YLR006C
YBL087C	YGL111W
YCR004C	YNL255C
YHR179W	YJR045C
YML095C	YPL262W
YLL039C	YLR001C
YGL120C	YGL128C
YHL030W	YJL001W
YER151C	YGL115W
YDR073W	YOR290C
YER006W	YER151C
YER125W	YOR224C
YGL171W	YML010W
YGL206C	YJR125C
YBL011W	YFR014C
YKL129C	YLR337C
YDR088C	YLR117C
YGR143W	YLL039C
YBR093C	YDL106C
YBR065C	YPL004C
YFR014C	YNL307C
YDR169C	YPL031C
YBR010W	YMR284W
Q0130	YER154W
YDL028C	YIR010W
YLR275W	YPR178W
YHR135C	YLR109W
YHR200W	YMR276W
YLR447C	YMR054W
YGR060W	YJL117W
YLL039C	YLR256W
YDL192W	YJL099W
YDL006W	YFR014C
YLR192C	YOR361C
YDR130C	YML010W
YGL001C	YHR072W
YCR073W-A	YHR135C
YJR142W	YPL141C
YBR011C	YPR080W
YDR169C	YGL179C
YJL124C	YOL016C
YGR005C	YLR005W
YIL035C	YPL110C
YBR126C	YMR139W
YDR365C	YGR159C
YFR004W	YLR270W
YHL002W	YKR009C
YIL135C	YML016C
YEL046C	YOR117W
YAL035W	YIR010W
YFL033C	YIL116W
YJL034W	YLR378C
YGL179C	YPL139C
YAL032C	YER032W
YIL093C	YNR036C
YGL137W	YGR092W
YJR010C-A	YLR150W
YLL039C	YMR027W
YLL039C	YML057W
YBR130C	YPL031C
YNL104C	YNL307C
YCR088W	YHR200W
YMR190C	YPL024W
YGL111W	YKR081C
YGR074W	YKL183W
YBR111C	YFR004W
YCL024W	YMR139W
YAL016W	YDR162C
YDL147W	YMR191W
YLR050C	YPL031C
YER012W	YGR193C
YEL043W	YKL142W
YBR169C	YGL206C
YDR294C	YLL039C
YCL036W	YDR388W
YHR072W	YKL094W
YFL049W	YPL016W
YHR135C	YNL027W
YDL134C	YHR114W
YCL032W	YMR139W
YGR186W	YKR062W
YBR031W	YDR130C
YDL159W	YIR010W
YBR010W	YJL047C
YBR114W	YMR201C
YGL233W	YPR055W
YOL051W	YOR290C
YGL116W	YKL022C
YBL075C	YLR320W
YKR002W	YML010W
YIR015W	YLR345W
YDL101C	YML058W
YDL101C	YGL256W
YGL180W	YKL042W
YCR011C	YPR079W
YLL039C	YLR441C
YFL008W	YOL091W
YBR031W	YKL009W
YJL029C	YOL018C
YHL004W	YNL306W
YDL065C	YJL006C
YIL143C	YMR105C
YDR074W	YHR027C
YEL002C	YJL117W
YDL189W	YDR419W
YDR150W	YLR084C
YDR207C	YMR042W
YHR024C	YNL242W
YBR152W	YMR240C
YDR443C	YNR010W
YOL145C	YOR326W
YDR320C	YPR045C
YDR507C	YJR083C
YMR229C	YNL110C
YBR194W	YIL022W
YKL173W	YLR424W
YGR175C	YMR186W
YER003C	YIR001C
YKL104C	YPL061W
YHR001W	YLL039C
YBR102C	YKL130C
YGL158W	YOR136W
YDL035C	YER020W
YBL003C	YPR052C
YFR014C	YLR307W
YLR029C	YNR051C
YBL050W	YLR078C
YJL061W	YJR042W
YMR216C	YPR042C
YDR330W	YNL307C
YFL039C	YNL136W
YBR017C	YJL130C
YER116C	YMR072W
YHL030W	YOR117W
YNL113W	YNL151C
YGR232W	YKL145W
YIL167W	YOL016C
YML017W	YPL119C
YPL004C	YPL221W
YIR010W	YOR375C
YGR080W	YIL034C
YDL042C	YDR216W
YBL106C	YBR102C
YDR155C	YLR299W
YDR295C	YPR179C
YGL137W	YIL143C
YFR004W	YOR117W
YCR042C	YPL042C
YNL063W	YNL255C
YHL004W	YPR025C
YDL239C	YPL070W
YER125W	YNR069C
YDR307W	YHR140W
YDR328C	YOR185C
YGL229C	YJL178C
YFR015C	YNL255C
YLR429W	YMR240C
YBR011C	YGL120C
YJR049C	YOR351C
YIL065C	YJR091C
YDR286C	YNL255C
YJL061W	YLR423C
YIL078W	YOL120C
YER151C	YJR009C
YER151C	YLR441C
YDR050C	YHR200W
YGL076C	YNL124W
YFR004W	YPR028W
YPL174C	YPL253C
YGL158W	YJR095W
YDR369C	YNL250W
YDL160C	YOL149W
YER151C	YML024W
YNL255C	YPL099C
YHL027W	YPL031C
YLR093C	YMR197C
YER093C	YOR181W
YJL176C	YNL216W
YKL173W	YPR178W
YLR378C	YNL006W
YLR377C	YNR065C
YDL055C	YGR288W
YFL054C	YGL180W
YDL212W	YJR010C-A
YML117W	YNR051C
YHL013C	YHR135C
YGL106W	YLR304C
YDR142C	YLR105C
YMR314W	YOR380W
YCR073C	YGL134W
YDR146C	YGR104C
YER151C	YNR016C
YDR443C	YGL158W
YJL020C	YLR429W
YMR115W	YNL307C
YCL031C	YHR114W
YDR432W	YNL289W
YFR004W	YNL255C
YLL019C	YMR229C
YBR193C	YKL038W
YER044C	YGR175C
YDL222C	YMR011W
YCL010C	YGL158W
YER032W	YJL020C
YLR424W	YNL224C
YKL130C	YNL087W
YBR069C	YKL065C
YFL054C	YFR014C
YER151C	YLL039C
YDR085C	YPL242C
YER006W	YOL077C
YDL160C	YJL124C
YBR052C	YDR032C
YNL306W	YOR158W
YER177W	YFR014C
YGL076C	YLR002C
YER039C	YOR297C
YDL003W	YER147C
YCL024W	YCR002C
YBL030C	YJR077C
YJL036W	YLR423C
YFR004W	YNL104C
YLR455W	YOR064C
YER133W	YNL255C
YCR012W	YHR027C
YLR319C	YOR326W
YGR249W	YPL031C
YKR081C	YNL255C
YBL101C	YER125W
YPR080W	YPR129W
YBL003C	YNL246W
YNL031C	YNL255C
YDR330W	YGR048W
YDR477W	YOR198C
YDR293C	YNL118C
YLL039C	YOR171C
YDR054C	YOL133W
YER151C	YKL006W
YKL038W	YPL203W
YDR069C	YKL145W
YFR004W	YLR109W
YJL057C	YLR315W
YGL170C	YOL091W
YDR096W	YER032W
YBL106C	YLR206W
YCL033C	YNL255C
YKR056W	YKR072C
YDR244W	YMR026C
YKL129C	YOR035C
YDR071C	YNR051C
YER044C	YHR190W
YBR150C	YDR388W
YAL034W-A	YNL255C
YBR087W	YHR191C
YER151C	YNL010W
YER103W	YJL061W
YER151C	YHR027C
YER018C	YJR112W
YER018C	YPL257W
YFR004W	YJL111W
YNL148C	YNL255C
YGL180W	YLL019C
YDR012W	YMR290C
YML100W	YMR139W
YDR479C	YML125C
YDR180W	YIL026C
YER020W	YLR326W
YBR194W	YER177W
YBL052C	YBR010W
YHR200W	YNL044W
YGR271W	YMR036C
YHR027C	YNL044W
YNL118C	YOR023C
YER059W	YKL103C
YNL020C	YNL084C
YHR200W	YMR314W
YBR057C	YJL025W
YBL003C	YDL019C
YJL117W	YKL065C
YNR051C	YOR198C
YGR092W	YHL021C
YDR363W-A	YMR191W
YFL034W	YKL103C
YHR200W	YOR375C
YDR328C	YEL060C
YJL106W	YNL006W
YER177W	YKL182W
YDR422C	YDR516C
YAR035W	YER024W
YNL206C	YOR038C
YGL099W	YPR152C
YBR176W	YML064C
YNL255C	YPR080W
YML056C	YNL308C
YMR127C	YOR213C
YER178W	YNL071W
YJL047C	YLR150W
YPL004C	YPL155C
YCR033W	YIL112W
YBL023C	YDR122W
YDR216W	YGR052W
YCR012W	YHR200W
YER177W	YPR115W
YDL101C	YGR130C
YHL030W	YJR077C
YIR010W	YML056C
YDL248W	YDR479C
YDR488C	YNR058W
YBR129C	YNL255C
YDR068W	YGL059W
YHR028C	YLL039C
YHR171W	YLL042C
YOR361C	YPL237W
YFR004W	YPR163C
YDR423C	YER133W
YJL048C	YKL130C
YIR038C	YLL014W
YDR211W	YGR052W
YDL020C	YPR103W
YHR027C	YLR421C
YFR034C	YHR135C
YBR031W	YER074W
YGL190C	YHR114W
YDR216W	YGR252W
YDR365C	YLR441C
YBR253W	YDL140C
YGL104C	YIL016W
YGR200C	YLL039C
YJR066W	YKL203C
YMR196W	YNR031C
YMR191W	YPR108W
YDR207C	YPL139C
YDR477W	YNL272C
YDR159W	YKL068W
YDR334W	YNL107W
YBR011C	YLL060C
YBR010W	YNL246W
YBR079C	YPL031C
YJR062C	YOR232W
YLR447C	YNR051C
YDR479C	YLR082C
YHR186C	YOL126C
YFR014C	YNL272C
YBR194W	YPR024W
YDL147W	YER094C
YKR014C	YNL044W
YKR081C	YOL077C
YML025C	YNL177C
YBR041W	YMR152W
YKR025W	YOR224C
YDR293C	YJL153C
YDR293C	YPL119C
YJL151C	YJL154C
YLR429W	YNL073W
YDL002C	YPL235W
YBR107C	YOL091W
YBR130C	YOR181W
YDR150W	YDR488C
YDR432W	YIR001C
YBL025W	YDR247W
YGL128C	YLR424W
YFR034C	YPL122C
YKL149C	YOL016C
YNL265C	YPR173C
YDL028C	YHR209W
YLL050C	YML064C
YFR031C-A	YLL034C
YGL059W	YNL074C
YDR088C	YGR006W
YIL068C	YLR166C
YDR388W	YNL037C
YNL255C	YOR141C
YGL004C	YPL235W
YNL110C	YOL077C
YDR159W	YPL169C
YMR229C	YNR024W
YKL210W	YPR054W
YNL255C	YNR051C
YNL308C	YNR051C
YBR010W	YGL163C
YDL019C	YHR135C
YEL051W	YGR037C
YLL039C	YPL122C
YBR194W	YNL255C
YHL027W	YOR275C
YBR041W	YBR177C
YLL039C	YOR270C
YDR096W	YDR475C
YFL007W	YMR186W
YFR004W	YGR185C
YKL190W	YML057W
YHR200W	YOR185C
YDR432W	YFR004W
YHL004W	YOR158W
YGR275W	YHR097C
YML133C	YNL255C
YBR010W	YIR010W
YDR146C	YML069W
YAL034W-A	YML032C
YBR183W	YGR060W
YGR113W	YJL036W
YBR036C	YJL196C
YLR175W	YLR233C
YMR139W	YNL078W
YHR020W	YOR117W
YDR432W	YER112W
YDL153C	YGR052W
YER006W	YMR290C
YGL180W	YPR115W
YBR016W	YLL039C
YIR010W	YPL235W
YJL019W	YPL200W
YFR011C	YNL255C
YBR079C	YMR186W
YDL140C	YGL058W
YDR357C	YLR423C
YBL003C	YLR095C
YHL013C	YNL255C
YBR193C	YNR010W
YHL020C	YNL255C
YER012W	YHR200W
YBR105C	YGL227W
YLL027W	YNL255C
YJL020C	YNL206C
YGR261C	YLR330W
YBR010W	YOR141C
YMR191W	YOR117W
YGL179C	YIR003W
YDR225W	YML112W
YGL120C	YLR449W
YKR081C	YPL141C
YLR175W	YMR031C
YGL025C	YGR104C
YAL034W-A	YBR107C
YDR096W	YNL078W
YFR004W	YGR192C
YKR008W	YLL039C
YBR036C	YML048W
YGL022W	YML019W
YDR159W	YIL034C
YCR073W-A	YNL307C
YNL255C	YNL333W
YFL008W	YNL250W
YDR054C	YMR199W
YER133W	YGL256W
YLR117C	YNL255C
YGL171W	YKL021C
YCR073C	YDR007W
YJR062C	YKL085W
YHR197W	YKR081C
YHR079C	YLR006C
YBR010W	YDL159W
YDR389W	YJR091C
YIR010W	YPR034W
YBR196C	YOR270C
YDL043C	YLR150W
YMR313C	YPL031C
YIR025W	YNL255C
YOL117W	YOR361C
YGL001C	YLL039C
YER125W	YOR181W
YBL003C	YDL051W
YDR386W	YMR226C
YDL043C	YNR011C
YNL004W	YNL255C
YDR507C	YNL027W
YNL031C	YPR052C
YDR182W	YLL039C
YBR010W	YGL058W
YER012W	YMR314W
YBR108W	YGR092W
YJL039C	YPL169C
YDL092W	YPR088C
YBR108W	YOR181W
YDR432W	YNL004W
YHR096C	YML048W
YGR282C	YPR152C
YKL190W	YOR315W
YNL255C	YPL110C
YDR383C	YML051W
YDR432W	YDR482C
YJR068W	YOL126C
YER094C	YLL039C
YFL039C	YJL081C
YCR093W	YGL137W
YJL098W	YNL255C
YGL150C	YOR355W
YDR452W	YER112W
YDR259C	YJL106W
YDR409W	YLR314C
YER044C	YHR072W
YLR084C	YOR301W
YDR006C	YOR117W
YDR427W	YGL201C
YLR247C	YOR028C
YBR130C	YGR274C
YMR112C	YOL051W
YCR093W	YIL038C
YKL201C	YNL255C
YGL056C	YPL031C
YBL003C	YLR175W
YOL149W	YPR129W
YBR031W	YLR441C
YBR017C	YFR004W
YHR135C	YOR070C
YAL022C	YDR497C
YCR012W	YPR152C
YCR106W	YJL006C
YBR062C	YNL255C
YDR388W	YPL235W
YNL255C	YPL271W
YGR092W	YNL155W
YLL039C	YLR270W
YDR443C	YGL025C
YLL008W	YOL077C
YAL043C	YBL101C
YJL013C	YNL172W
YFL016C	YNL255C
YDL042C	YMR049C
YDR490C	YMR104C
YGL190C	YMR273C
YNL055C	YNL121C
YLL039C	YOR089C
YLR304C	YMR072W
YAL043C	YHR135C
YDR398W	YNR016C
YER151C	YGL206C
YDL007W	YDR427W
YFL039C	YPR171W
YKL009W	YNL301C
YER177W	YHR027C
YKR055W	YPL161C
YBR091C	YOR297C
YDR043C	YHL027W
YGL104C	YPR028W
YIL142W	YJR070C
YBR041W	YKL094W
YJR066W	YOR181W
YDR388W	YOR284W
YGL229C	YNL076W
YHR026W	YKL065C
YLR117C	YLR275W
YDR388W	YMR162C
YKL028W	YOL051W
YHR027C	YJR077C
YGL116W	YPR007C
YGL059W	YGR038W
YKL059C	YKR002W
YPL031C	YPL049C
YDR054C	YLL039C
YGL137W	YNL037C
YJR017C	YLR438W
YJL061W	YOR224C
YBR023C	YLL039C
YGR261C	YLR423C
YNL044W	YNL304W
YDR481C	YJR066W
YDL161W	YOR127W
YJL039C	YLR018C
YBR010W	YPR023C
YDR155C	YJL020C
YGL076C	YNL049C
YDR227W	YNL030W
YBR298C	YDL212W
YGR232W	YHL030W
YGR252W	YHR079C
YKL210W	YLL039C
YJL123C	YOL109W
YBR194W	YKL060C
YHR027C	YOR270C
YCR077C	YNR051C
YBR097W	YPL120W
YER169W	YNL030W
YML016C	YOR054C
YOR361C	YPL001W
YOR057W	YPL191C
YCR073C	YNR031C
YDL232W	YLR378C
YLR150W	YLR455W
YMR114C	YNL255C
YKR104W	YOL143C
YNL293W	YOR089C
YGR060W	YKL065C
YCR077C	YLR275W
YER012W	YMR276W
YLR303W	YOL128C
YNL289W	YPL031C
YLR197W	YNR051C
Q0130	YLR203C
YMR119W	YNL008C
YCL024W	YLL039C
YDL031W	YER006W
YBL023C	YNL307C
YFR004W	YGR232W
YHR197W	YMR229C
YGR252W	YKR008W
YNR023W	YOR290C
YGL059W	YIL107C
YGL180W	YNL125C
YKL142W	YMR210W
YGL066W	YGR274C
YJL077C	YNL255C
YLR315W	YOR275C
YAL009W	YHR004C
YBR041W	YKL140W
YGR074W	YLR117C
YDR043C	YIL035C
YER125W	YLR392C
YAL016W	YOR081C
YGL137W	YNL181W
YER154W	YGL137W
YLR197W	YLR455W
YDR032C	YGR130C
YLR246W	YOL110W
YFR052W	YMR276W
YJL036W	YOR057W
YLR119W	YPL002C
YKL203C	YNL006W
YNL265C	YOL142W
YGR048W	YPL269W
YFR003C	YOR232W
YER125W	YMR182C
YGR074W	YKL188C
YHR027C	YNL069C
YER026C	YGR060W
YJR159W	YML064C
YLL039C	YMR276W
YDL007W	YER012W
YBL060W	YJL047C
YGR245C	YPL259C
YFR004W	YPL031C
YIR010W	YKL006W
YMR287C	YOR174W
YHL020C	YKL065C
YGR077C	YNL214W
YKR081C	YOR267C
YNL255C	YPL220W
YJL081C	YJL098W
YGL076C	YKL180W
YBR194W	YLR197W
YGR130C	YJL106W
YDR264C	YOR036W
YNL030W	YOR064C
YCR088W	YLR429W
YGR005C	YGR104C
YLR449W	YNR051C
YMR186W	YNR051C
YJR066W	YML052W
YHR200W	YOR117W
YBL030C	YHR027C
YNL255C	YPL139C
YFR014C	YOR271C
YCR024C-A	YJL124C
YDR124W	YOR158W
YGR060W	YGR175C
YBR069C	YML048W
YJR035W	YPR191W
YCL024W	YLR314C
YDR264C	YOL016C
YDL065C	YDR244W
YLR424W	YMR229C
YML024W	YNL124W
YHR200W	YLR175W
YGL203C	YOR357C
YGR215W	YPL118W
YCR028C-A	YPR072W
YDR388W	YLR436C
YBR207W	YOR316C
YDR318W	YLR315W
YJL001W	YPR054W
YHR119W	YIL112W
YDL186W	YPL031C
YDR293C	YHR135C
YGL179C	YLL008W
YHR113W	YPL201C
YMR186W	YOL029C
YHR200W	YJL167W
YAR018C	YDR216W
YER151C	YNL113W
YNL069C	YOR117W
YER151C	YPR069C
YDR386W	YLL039C
YBR139W	YER062C
YDR383C	YJL057C
YDR482C	YER013W
YLR029C	YPL220W
YMR054W	YOL018C
YGL190C	YGR098C
YFR004W	YFR053C
YHR161C	YIL122W
YHL002W	YOL117W
YNR051C	YOL149W
YJR057W	YMR270C
YGL180W	YOR239W
YNL255C	YPR062W
YGR252W	YOR023C
YER151C	YGL207W
YGR274C	YHR023W
YLR398C	YMR290C
YLL039C	YMR303C
YBR207W	YJL178C
YLR072W	YNL031C
YMR290C	YOR267C
YJL001W	YMR314W
YHR135C	YJR092W
YEL048C	YML077W
YLR314C	YMR055C
YBR060C	YNL261W
YDR477W	YLR192C
YBR139W	YLR166C
YER105C	YLR018C
YKL028W	YLR150W
YBL050W	YOR351C
YFR004W	YLR192C
YCR073C	YML096W
YDR477W	YNL186W
YGL179C	YHR028C
YCR012W	YGL158W
YKL079W	YPL203W
YBL003C	YGR159C
YLR433C	YMR246W
YER094C	YJL001W
YGL023C	YPL031C
YGR092W	YMR229C
YBR111C	YPL070W
YCR088W	YJR065C
YDL072C	YKL065C
YAL016W	YJL020C
YDR388W	YPR093C
YLR002C	YMR049C
YKL117W	YNL255C
YCR003W	YER017C
YAL028W	YFR014C
YBR071W	YLL039C
YML010W	YMR229C
YFL049W	YOR290C
YGR070W	YLL039C
YBR194W	YER006W
YIL035C	YPL042C
YHR164C	YMR190C
YER177W	YKL168C
YJL124C	YPL016W
YIR010W	YNR016C
YDR325W	YJL074C
YNL074C	YNL307C
YDR443C	YPR070W
YDL180W	YLR452C
YFL021W	YKL161C
YOR290C	YPR034W
YER025W	YOR117W
YJL093C	YNL121C
YHR090C	YLR150W
YDR363W-A	YDR427W
YDR171W	YJL130C
YDR071C	YDR247W
YLR150W	YLR398C
YFL007W	YPR103W
YIL142W	YLL011W
YDL127W	YDR388W
YDR482C	YGR074W
YJL098W	YNL289W
YLR423C	YPR049C
YDR432W	YKL009W
YMR290C	YPL009C
YDR092W	YKL210W
YNL186W	YPR137W
YAL027W	YNL106C
YDL065C	YGR052W
YGL190C	YJL111W
YER093C	YKL203C
YGR033C	YNL255C
YDL107W	YNL255C
YBR183W	YML048W
YHR079C	YLR429W
YDR012W	YMR080C
YBR196C	YHR200W
YGL206C	YLR370C
YHR200W	YNL010W
YMR294W	YPL174C
YDL043C	YDR482C
YJL167W	YJR140C
YNL078W	YOL070C
YGR063C	YGR116W
YCR077C	YDR389W
YIL062C	YLR370C
YGR092W	YKL168C
YDL147W	YGL004C
YLR227C	YOL091W
YCL024W	YLR055C
YAL017W	YLR150W
YJR014W	YLR441C
YDL149W	YFR021W
YBR010W	YNL206C
YAL014C	YOR036W
YDR328C	YLL050C
YDL005C	YPR070W
YGL180W	YNL293W
YGL137W	YNL255C
YDR337W	YPL013C
YFL034W	YNL255C
YLR002C	YNL002C
YBR055C	YBR126C
YFR014C	YML030W
YIR010W	YKR025W
YER177W	YFR004W
YDL115C	YHR135C
YKL028W	YNL255C
YDR225W	YLR247C
YDR427W	YPR108W
YBL011W	YFL033C
YKR072C	YNL255C
YGL076C	YGR245C
YHR179W	YPL150W
YDR427W	YKL145W
YER093C	YOL078W
YBR031W	YMR049C
YBL023C	YGR270W
YHR191C	YNL255C
YJR009C	YML041C
YAL021C	YOR057W
YGR271W	YPL220W
YDR032C	YFR004W
YGR261C	YOR284W
YBR229C	YLL039C
YDL147W	YHL030W
YMR291W	YPL141C
YHR135C	YOR089C
YDR432W	YNL255C
YHL002W	YNL239W
YHR190W	YLR100W
YDL092W	YNL255C
YDL028C	YKL042W
YFL049W	YGR275W
YER151C	YGR192C
YAL035W	YER151C
YFR037C	YGL207W
YBR065C	YMR146C
YGR005C	YPR052C
YER151C	YGR186W
YOR043W	YPR030W
YGR192C	YHR027C
YJL117W	YLL039C
YFR004W	YGL026C
YGR092W	YML064C
YJL057C	YNL121C
YDR130C	YFR024C-A
YDR084C	YDR419W
YGL115W	YGL158W
YDL149W	YNL307C
YDL140C	YIL153W
YNL163C	YNL255C
YEL002C	YKL065C
YGR252W	YNL030W
YBR079C	YOL087C
YGR267C	YKL210W
YLR029C	YOL077C
YGL180W	YMR165C
YBR194W	YPL235W
YFR031C-A	YPL009C
YBL003C	YDR207C
YGL137W	YJL151C
YDR388W	YNL086W
YKL203C	YNL255C
YER133W	YOR329C
YER129W	YKL042W
YLR072W	YOR141C
YAL014C	YER133W
YBR272C	YOR117W
YIL022W	YNL255C
YHR027C	YKL145W
YDR276C	YJR010C-A
YBL106C	YLR423C
YMR140W	YOR351C
YFR024C-A	YHL004W
YBR107C	YGR052W
YCR061W	YLR138W
YLR360W	YPL120W
YER164W	YML010W
YDR169C	YER090W
YER177W	YNR051C
YGL115W	YOR267C
YGR031W	YJR089W
YGL120C	YMR229C
YJL108C	YNL307C
YLR148W	YOL018C
YHR094C	YIR026C
YER020W	YGR130C
YBR035C	YFR004W
YML016C	YOL091W
YGL003C	YKL022C
YGL022W	YOR085W
YDR507C	YOR141C
YHR118C	YPL001W
YKR002W	YPL031C
YDL031W	YIR010W
YBR114W	YMR190C
YDR284C	YLR083C
YDR293C	YDR477W
YJL151C	YLR100W
YDR258C	YOR326W
YNL255C	YPR137W
YEL017C-A	YPR079W
YBR114W	YMR226C
YER074W	YNL110C
YHR135C	YLL008W
YDR168W	YFR004W
YGL066W	YPR070W
YBL003C	YER116C
YJL012C	YML048W
YER059W	YLR190W
YDR159W	YGR119C
YDR128W	YLR216C
YGL207W	YKR008W
YCR076C	YER094C
YDR169C	YPL203W
YJL081C	YNL136W
YNL069C	YNL124W
YBR207W	YEL013W
YBR031W	YHR027C
YER125W	YOL122C
YHR200W	YOR168W
YDR247W	YER133W
YBR011C	YNR051C
YBL055C	YDR477W
YKL009W	YMR049C
YGL250W	YOR028C
YBR169C	YPR152C
YHR135C	YLR192C
YDR130C	YGL076C
YJL176C	YPR052C
YCR028C-A	YGL207W
YHL002W	YOR138C
YEL046C	YPL249C
YIL041W	YOL018C
YDR227W	YER105C
YGR005C	YML010W
YGR041W	YLR084C
YGR184C	YPR103W
YCL024W	YDR162C
YHR026W	YOR270C
YML064C	YMR226C
YGR252W	YMR205C
YFL016C	YJR045C
YCL024W	YNL272C
YDL031W	YLR449W
YGL229C	YPL180W
YMR049C	YNL124W
YAL042W	YIR010W
YFL054C	YPL031C
YCR073W-A	YNR034W
YMR205C	YPR080W
YLR018C	YPL031C
YHR197W	YOL120C
YGL207W	YML010W
YLR150W	YNL110C
YDR168W	YFL029C
YLR029C	YNL124W
YDR388W	YIL106W
YGL130W	YGL207W
YKL173W	YLL039C
YGL003C	YIL142W
YDR388W	YGR250C
YAL021C	YNL216W
YMR297W	YOR137C
YIR010W	YPL016W
YNL121C	YPL063W
YGL137W	YPR108W
YFR034C	YLR337C
YDR390C	YGR048W
YGR072W	YLL039C
YER006W	YLL039C
YGL059W	YMR086W
YPL031C	YPL139C
YHR193C	YNL255C
YDR080W	YLR148W
YNL044W	YPL070W
YMR149W	YNL322C
YKL042W	YNL078W
YLR005W	YOL051W
YPL210C	YPR088C
YIL022W	YIR010W
YBL075C	YKR072C
YFR004W	YNL010W
YJL124C	YOL149W
YBR169C	YFR014C
YFR029W	YHR135C
YDL007W	YGL048C
YLR197W	YNL124W
YJL099W	YPR080W
YGL137W	YIL142W
YJL034W	YOL081W
YHR179W	YLL039C
YBR264C	YLL039C
YLL034C	YNL002C
YDL055C	YFR031C-A
YLL039C	YOR322C
YDR171W	YOL083W
YIL153W	YNL314W
YIL042C	YJL098W
YHR023W	YMR015C
YKL006W	YKL009W
YDR289C	YPR152C
YDL106C	YLR384C
YBL030C	YNL055C
YDR162C	YMR299C
YJR065C	YLR203C
YDR145W	YNL255C
YDL020C	YDR363W-A
YDL192W	YFR004W
YGL120C	YLR197W
YHR135C	YNL304W
YPL203W	YPL247C
YBR031W	YNL069C
YHR079C	YNL074C
YBR010W	YDR477W
YJL039C	YPR080W
YHL034C	YHR193C
YDR356W	YPL180W
YKL009W	YKL021C
YDL222C	YGR130C
YDR105C	YJL178C
YFR004W	YML092C
YHR027C	YNL055C
YKR046C	YLL039C
YLL034C	YNL307C
YGL180W	YPL100W
YKR081C	YNL002C
YNL058C	YNL307C
YJL048C	YLR368W
YBR253W	YPL248C
YGL179C	YJL084C
YJL074C	YPR007C
YIL093C	YNL255C
YGR116W	YNL049C
YEL009C	YPR034W
YHR158C	YPL155C
YFR014C	YLL043W
YHR187W	YLR384C
YGL156W	YLL039C
YKL145W	YMR276W
YGL059W	YLR319C
YDR130C	YPR163C
YLR131C	YNL307C
YAL016W	YBR079C
YBR126C	YGR092W
YFR014C	YIL107C
YGL133W	YLR176C
YDR363W-A	YNL087W
YNL255C	YPR037C
YGR250C	YLR216C
YPR054W	YPR191W
YFR004W	YML010W
YGR250C	YJL057C
YMR186W	YNL041C
YOR224C	YPL203W
YKL145W	YML092C
YDR051C	YNL255C
YHL004W	YPR166C
YBR011C	YJL098W
YEL002C	YMR149W
YJR092W	YLL039C
YGL076C	YNL255C
YKL064W	YLL039C
YDL072C	YHL020C
YKL129C	YOR181W
YDR062W	YHL030W
YLL039C	YNL321W
YBL003C	YGR275W
YNL118C	YOL151W
YEL013W	YPL180W
YDR404C	YLR192C
YKL009W	YOL120C
YKL180W	YML024W
YNL232W	YOR076C
YNL255C	YOR239W
YDR189W	YLR078C
YJL061W	YMR129W
YBL030C	YBR017C
YHR027C	YML092C
YDR247W	YGR200C
YKR042W	YNL255C
YGR098C	YMR273C
YGL124C	YLR396C
YAL056W	YPL203W
YKL062W	YNL136W
YDL031W	YKL009W
YER050C	YIL093C
YBR036C	YLR018C
YNL255C	YOR117W
YDR227W	YGR010W
YLL039C	YMR197C
YOL025W	YOL133W
YOL016C	YPL166W
YGL158W	YLL008W
YJL124C	YOR109W
YDR475C	YOR289W
YKL037W	YML058W
YGR130C	YMR031C
YCR030C	YPR152C
YLL039C	YNR007C
YIR010W	YOR127W
YGR113W	YLR423C
YIL051C	YIL147C
YHL004W	YLR423C
YBL017C	YOL018C
YDL140C	YGR186W
YER106W	YER177W
YAL035W	YGL158W
YIR038C	YJL151C
YGR281W	YLL039C
YJR076C	YJR092W
YBR031W	YHR197W
YKL142W	YOL016C
YDR443C	YMR112C
YIL062C	YNL255C
YGL104C	YIR038C
YKL058W	YOL051W
YBR298C	YKL065C
YBR272C	YPL001W
YNL255C	YNR027W
YLL039C	YOL018C
YGL025C	YPR052C
YDL028C	YOL091W
YLR175W	YPL009C
YIR038C	YJR073C
YDR247W	YOR177C
YKL021C	YKR024C
YKL088W	YKR072C
YDL147W	YHR027C
YBR010W	YNL255C
YNL187W	YNL307C
YFR039C	YNL006W
YHR135C	YNL073W
YDR365C	YML105C
YGR184C	YLL039C
YGR186W	YPR152C
YCL052C	YJR010C-A
YJL034W	YJR009C
YBR108W	YPL004C
YHR073W	YPR191W
YNL255C	YPR173C
YIR010W	YJL081C
YFR014C	YLR274W
YCR028C-A	YMR275C
YDR388W	YHL030W
YDL147W	YDR069C
YHR027C	YLR447C
YPL016W	YPR034W
YDR171W	YJR148W
YFR014C	YKL064W
YCL010C	YDR145W
YIL022W	YOR232W
YCL010C	YOL148C
YDL043C	YDR409W
YER125W	YKL150W
YLR449W	YNL031C
YER025W	YOR360C
YDL031W	YLR002C
YHR135C	YMR297W
YCL010C	YLR055C
YGR245C	YKL009W
YJR077C	YPR184W
YNL255C	YOL129W
YBL017C	YJR066W
YJL106W	YPR115W
YDL055C	YFR004W
YNL172W	YOR163W
YER006W	YNL110C
YHR114W	YHR172W
YBR108W	YHL002W
YHR114W	YNR016C
YCL038C	YLL039C
YDR130C	YIR010W
YDR388W	YNL206C
YJR152W	YPR003C
YDR145W	YIR010W
YGL133W	YNL255C
YDL192W	YFL038C
YFL008W	YGR130C
YML096W	YOR267C
YGL116W	YOR026W
YBL052C	YOR064C
YDL212W	YJL192C
YGL059W	YMR196W
YOL016C	YOR057W
YHR200W	YKL060C
YFR014C	YGR130C
YER150W	YPL031C
YGR175C	YGR289C
YGR209C	YHR200W
YLR377C	YML050W
YER147C	YJL074C
YDR036C	YIL093C
YCR076C	YGL137W
YBR114W	YGR193C
YFR052W	YPR108W
YBL017C	YLL039C
YHR027C	YKL182W
YEL017C-A	YNL308C
YHR023W	YPR184W
YDR386W	YGL163C
YDL232W	YDR086C
YJL036W	YNL041C
YLR423C	YOR353C
YKR081C	YPR045C
YHR135C	YLR134W
YDR069C	YKL028W
YGR052W	YHR186C
YGL179C	YGR038W
YCR042C	YOL051W
YKL053C-A	YNL255C
YBR055C	YJR104C
YCR073W-A	YNL255C
YDL020C	YGL058W
YBR171W	YPR088C
YFL007W	YGL048C
YJL106W	YMR229C
YJL074C	YPL235W
YCR077C	YOR308C
YDR075W	YIL142W
YBR065C	YER013W
YLR176C	YNL030W
YER151C	YFR051C
YBR196C	YHR027C
YER043C	YMR049C
YGL001C	YLR100W
YER120W	YHR200W
YDL051W	YGL180W
YIL026C	YPR007C
YNL255C	YOR021C
YER025W	YNR051C
YER043C	YKL161C
YGL150C	YNL031C
YCL039W	YIL097W
YDL130W	YNL255C
YDL051W	YML105C
YHR023W	YNL166C
YGR215W	YNL255C
YOL051W	YPR070W
YHR135C	YJR001W
YHR027C	YML057W
YER012W	YER094C
YEL013W	YHR195W
YJR140C	YOR038C
YDR128W	YOR093C
YDR411C	YGR048W
YBL102W	YJL178C
YIL152W	YLR423C
YGR092W	YPL150W
YBL003C	YDR463W
YDR145W	YML015C
YDL153C	YKL035W
YMR091C	YNL041C
YER151C	YMR186W
YML017W	YNL255C
YFR037C	YMR186W
YER151C	YLR002C
YDR181C	YOR213C
YLR138W	YNL255C
YBL031W	YDR318W
YDR145W	YER164W
YNR051C	YOR361C
YGR130C	YPL031C
YFL034W	YOR351C
YAL002W	YOR089C
YHR023W	YPL242C
YGR001C	YJL006C
YFR034C	YKL145W
YGL066W	YML015C
YGL066W	YLR055C
YDL153C	YIR010W
YEL051W	YGR020C
YCL036W	YNL255C
YDR100W	YPR079W
YDL189W	YPL049C
YDL130W	YNR051C
YIL108W	YLL039C
YNL301C	YNR051C
YCR024C	YPL031C
YDL111C	YFR019W
YNL194C	YPR079W
YPL061W	YPR080W
YER151C	YKL009W
YGL133W	YIR010W
YHR200W	YLR027C
YHR027C	YML070W
YHR135C	YJR019C
YDL199C	YLL039C
YHR135C	YIR003W
YER112W	YIR010W
YOL128C	YOR185C
YCR042C	YML015C
YJR065C	YLL039C
YDR006C	YHR200W
YNL255C	YOL077C
YER044C	YGR060W
YBL102W	YHR027C
YDL155W	YDR216W
YPL031C	YPR103W
YDL055C	YOR117W
YDR159W	YKR095W
YCR077C	YER018C
YMR197C	YOR106W
YDR075W	YGR192C
YLL039C	YNL224C
YGR184C	YNL307C
YLR166C	YNL071W
YNL025C	YPL248C
YBR253W	YGR104C
YER006W	YNL002C
YGL156W	YOL083W
YHR033W	YML064C
YAL021C	YBR172C
YDR388W	YPR081C
YDL239C	YLR072W
YDR443C	YOR174W
YDL043C	YGR074W
YMR049C	YOR267C
YKR024C	YMR229C
YDR171W	YGL106W
YEL009C	YOR290C
YER012W	YKL206C
YBL087C	YER151C
YDR430C	YGR193C
YDR195W	YGR156W
YIL142W	YNR051C
YBL030C	YLL041C
YGL207W	YJL106W
YDR365C	YLR175W
YEL017C-A	YOL018C
YDR118W	YLR102C
YBL003C	YNL255C
YJL035C	YLR275W
YGR130C	YOL120C
YNL151C	YOR224C
YBR055C	YCR002C
YFR019W	YPL004C
YNL082W	YOL090W
YLL009C	YNL255C
YOL126C	YPL180W
YGL180W	YOR141C
YLL039C	YOR142W
YKL203C	YMR036C
YML056C	YNR051C
YGL059W	YKL064W
YDL028C	YGL106W
YGR267C	YOL087C
YBR031W	YLR029C
YDR328C	YLR429W
YGL087C	YMR140W
YLL039C	YMR081C
YCL045C	YML051W
YDL192W	YDR477W
YMR167W	YPL164C
YFL039C	YPL235W
YBL003C	YJL006C
YCR002C	YNL166C
YHL020C	YIL035C
YNL313C	YOR117W
YDL184C	YER112W
YBR069C	YDR427W
YKL210W	YML112W
YER178W	YIL042C
YHR114W	YNL084C
YAL035W	YFR031C-A
YBL030C	YDR328C
YLL008W	YMR049C
YJL178C	YOL129W
YLR442C	YNL031C
YIL038C	YPL203W
YBL102W	YDL192W
YLR240W	YLR360W
YGL180W	YPR049C
YDR225W	YNL246W
YAL025C	YGL111W
YHR077C	YML052W
YBR031W	YNR024W
YFR053C	YPR042C
YBR097W	YDR388W
YBR193C	YPR070W
YBL087C	YOR117W
YBR293W	YGR174C
YBR010W	YHR090C
YDR318W	YGL093W
YER059W	YLL039C
YER043C	YNL157W
YJR077C	YKL182W
YCL010C	YER164W
YDR356W	YJR042W
YDR247W	YMR216C
YDR405W	YNL284C
YLL019C	YLR438W
YLR377C	YML064C
YKL022C	YNL172W
YFR004W	YKR046C
YDR062W	YGR038W
YJL066C	YJL157C
YLL039C	YOR316C
YBR023C	YFR051C
YGR249W	YHR135C
YDL140C	YJR017C
YLR197W	YNL255C
YDR466W	YKL181W
YMR182C	YNL255C
YDL192W	YGL203C
YGR276C	YHR135C
YIL066C	YML058W
YKR062W	YPR052C
YIL035C	YOL016C
YHR027C	YJR009C
YCR030C	YDR032C
YBR007C	YMR127C
YER012W	YLR290C
YOR181W	YOR239W
YDL003W	YPR072W
YGL137W	YLR315W
YIR010W	YMR049C
YDR039C	YKL203C
YKL006C-A	YKL196C
YBR148W	YER006W
YGL059W	YKL079W
YKL040C	YNL255C
YGR275W	YNL255C
YDR363W-A	YFR004W
YGR245C	YNL110C
YLL039C	YPL210C
YHR023W	YNL110C
YDL054C	YOR315W
YBR024W	YLL039C
YCR061W	YIL147C
YEL002C	YPL234C
YER059W	YGR109C
YDL147W	YPL242C
YKL196C	YLR150W
YHR200W	YML070W
YBR010W	YDR059C
YFR024C-A	YPR097W
YBL003C	YGR270W
YCR091W	YOL104C
YER043C	YHR135C
YBR055C	YDL160C
YNL221C	YNL282W
YDL091C	YLL039C
YGL130W	YOR375C
YDL055C	YJL034W
YJR010C-A	YKL009W
YHR197W	YNL110C
YFR004W	YLL013C
YMR297W	YPL031C
YGR256W	YLL039C
YGR186W	YGR274C
YLR022C	YLR424W
YJL107C	YJR091C
YDR365C	YKR081C
YDL065C	YPL203W
YGR274C	YPL235W
YDL192W	YMR149W
YML097C	YOR089C
YJL012C	YNL255C
YJL098W	YPR054W
YBR107C	YPR049C
YFL039C	YML041C
YFR014C	YJL124C
YGL207W	YHR135C
YER112W	YNL118C
YBR026C	YDR054C
YDL007W	YDR363W-A
YCL014W	YCR002C
YAL053W	YDR032C
YLL039C	YOL120C
YLR133W	YMR139W
YGL158W	YOL148C
YML030W	YNL255C
YDL140C	YFR004W
YDL022W	YOR117W
YJR005W	YJR058C
YDR063W	YDR124W
YGR268C	YLL039C
YER120W	YKL065C
YDR409W	YGR126W
YCR093W	YPL037C
YHR135C	YJL039C
YIR010W	YJR060W
YDR427W	YMR276W
YIL035C	YMR229C
YMR190C	YPL141C
YBR031W	YMR290C
YMR149W	YOR085W
YBR095C	YPL139C
YJL084C	YMR139W
YLR192C	YMR146C
YGR056W	YMR091C
YGL222C	YOL149W
YBL056W	YFR004W
YDR330W	YGR268C
YKL085W	YKL157W
YBR055C	YCR077C
YBR031W	YHL034C
YPL242C	YPR171W
YKL068W	YPL169C
YLR035C	YPR034W
YHL004W	YIL093C
YFR014C	YNL027W
YEL046C	YLL039C
YFR004W	YMR186W
YGR192C	YKL060C
YIR010W	YLR441C
YAL032C	YPR152C
YEL009C	YPR025C
YDL155W	YDR146C
YMR229C	YNL284C
YJR036C	YNL307C
YJR142W	YPL150W
YGR270W	YLR455W
YHR140W	YIL016W
YGR250C	YGR281W
YBR052C	YCR004C
YMR290C	YNL002C
YMR276W	YOR117W
YNL107W	YPR023C
YFR037C	YMR072W
YAL018C	YLR034C
YCL063W	YLR423C
YGL120C	YNL113W
YDL147W	YPR003C
YGL158W	YPR070W
YJR001W	YNR075W
YGL207W	YGR063C
YGL003C	YPL242C
YFR003C	YPL179W
YGR154C	YHR135C
YDL101C	YPL269W
YBL052C	YGR270W
YEL013W	YMR197C
YPL164C	YPR191W
YGL104C	YIL035C
YAL021C	YDL149W
YDL111C	YOL142W
YGR116W	YIL035C
YGL106W	YPL242C
YBL003C	YER006W
YBR069C	YDL199C
YGL093W	YIR010W
YDL147W	YNL255C
YGL128C	YKL173W
YJR062C	YPL141C
YBL022C	YKL016C
YFR004W	YJR077C
YER151C	YMR146C
YKL042W	YOL091W
YIL034C	YLR274W
YJR104C	YNL020C
YCR073C	YHR027C
YDR075W	YHR033W
YDR365C	YMR229C
YFR004W	YHR020W
YEL013W	YLL039C
YNL314W	YPL031C
YCL052C	YHR026W
YIL035C	YJR130C
YBL030C	YNR051C
YBL030C	YIR010W
YBR017C	YDL063C
YKL181W	YOL128C
YER151C	YLL050C
YJL084C	YNL307C
YDR155C	YKL103C
YOL129W	YOR316C
YML010W	YNL255C
YEL017C-A	YGR060W
YLR273C	YNL025C
YAL035W	YBR194W
YJL129C	YOR196C
YER083C	YGL020C
YIR010W	YNL166C
YDR379W	YLR206W
YMR303C	YPL150W
YKL157W	YLR304C
YGR075C	YKL173W
YDL173W	YLR382C
YJL130C	YOL120C
YLR315W	YPR072W
YFR014C	YPL146C
YNL006W	YOL126C
YJL039C	YJL061W
YMR167W	YOR232W
YJL105W	YPL031C
YGL166W	YOR220W
YGL158W	YOR089C
YFR015C	YGR052W
YOR035C	YOR326W
YCR004C	YHR027C
YDL192W	YGL137W
YDR130C	YER074W
YBL003C	YJR068W
YGR159C	YNL124W
YEL017C-A	YJL117W
YML010W	YPR163C
YBL106C	YGR092W
YER151C	YKL060C
YIL035C	YMR036C
YDR227W	YFL007W
YML064C	YOR351C
YFR024C-A	YPL249C
YGL181W	YNL289W
YDL002C	YFL033C
YOR181W	YPR171W
YKR014C	YPL045W
YOR141C	YPL031C
YFR051C	YPL057C
YBR010W	YKL103C
YDR432W	YML010W
YBR035C	YFL033C
YER177W	YLL013C
YDR122W	YER133W
YLL034C	YLR309C
YGL059W	YGL205W
YDR189W	YHL031C
YBL068W	YNL124W
YDL140C	YGL130W
YBR017C	YDR216W
YFR021W	YHR135C
YHL031C	YLR078C
YNL144C	YNL255C
YKL145W	YPL235W
YHR114W	YPR052C
YGL158W	YMR155W
YDR507C	YMR110C
YDL051W	YNL255C
YLR132C	YNL307C
YDR147W	YGL158W
YDL204W	YGL137W
YCR077C	YNL124W
YGL025C	YPL031C
YBR272C	YGR232W
YDL192W	YMR237W
YJR102C	YML101C
YDR142C	YGR184C
YDR359C	YNL107W
YLR097C	YNL037C
YDL020C	YGL048C
YCL014W	YML010W
YDL101C	YDR032C
YBR010W	YGR056W
YGL120C	YNR054C
YDR071C	YDR365C
YMR192W	YNR065C
YDR479C	YIL030C
YPL031C	YPR160W
YDR490C	YPL005W
YJL001W	YPR103W
YIR038C	YML125C
YDL027C	YFR024C-A
YLL039C	YPL096W
YAL034W-A	YHR135C
YDL005C	YGR104C
YFR004W	YLL050C
YDL127W	YFR034C
YLR175W	YNL255C
YGR274C	YKL201C
YLR150W	YPL001W
YNR051C	YOR267C
YNL255C	YOL096C
YLR035C	YOR261C
YIR010W	YML061C
YEL017C-A	YLR083C
YAL016W	YKL203C
YGR186W	YMR277W
YGL158W	YJR096W
YHL034C	YNL255C
YML016C	YPR005C
YCR091W	YDL039C
YBL017C	YJL029C
YDR318W	YIR010W
YGL151W	YGL158W
YJL107C	YNL255C
YDR012W	YIR010W
YAL016W	YMR273C
YKL137W	YNL255C
YDL065C	YLL034C
YOR174W	YPL248C
YDR145W	YOL051W
YBR010W	YLR442C
YBL003C	YDR075W
YGL060W	YLR381W
YLL011W	YLR197W
YOR224C	YPR093C
YGL022W	YOR103C
YLR148W	YML058W
YDR050C	YMR186W
YER094C	YMR314W
YGL048C	YPL169C
YER133W	YIL035C
YGR056W	YLR033W
YGL116W	YGR225W
YHR020W	YHR027C
YGL180W	YNL027W
YBR053C	YFR004W
YNL272C	YNL307C
YDR146C	YJL081C
YHR200W	YJL111W
YLR175W	YMR290C
YDR264C	YGL203C
YER178W	YFR004W
YCR033W	YHR119W
YDL147W	YER151C
YDR124W	YIL093C
YHR107C	YIR010W
YKL203C	YKR093W
YGL048C	YNL255C
YDR411C	YIL030C
YER151C	YIL078W
YKL193C	YPL174C
YGR104C	YOL051W
YGL203C	YPR075C
YGL158W	YMR229C
YDR314C	YLR429W
YAL027W	YML032C
YBR031W	YPR129W
YGR268C	YLR206W
YEL005C	YNL086W
YJL111W	YOR117W
YGL025C	YPL248C
YHR047C	YLR148W
YHR135C	YNL125C
YMR201C	YNL255C
YHR027C	YOR181W
YLL039C	YMR237W
YDR507C	YLR345W
YIL143C	YJL153C
YBR069C	YJR077C
YBR079C	YHR027C
YJR088C	YNL255C
YGL233W	YIL068C
YBR170C	YFR014C
YFL039C	YHR200W
YLR319C	YNL293W
YDR479C	YGL065C
YLR170C	YPL259C
YGL180W	YKL160W
YLR084C	YLR353W
YBR130C	YGL106W
YKR067W	YOR174W
YLL039C	YLR134W
YHR197W	YLR002C
YEL054C	YGL099W
YCL009C	YFR004W
YKL009W	YKL180W
YDR439W	YML034W
YBL075C	YGL130W
YDL002C	YGL150C
YGL111W	YKL009W
YDL227C	YLL013C
YGL106W	YLR356W
YKR002W	YLR115W
YBR141C	YNL255C
YBR011C	YJR062C
YDR189W	YDR498C
YGR052W	YLR072W
YDR145W	YKL038W
YDR427W	YGL004C
YGR192C	YGR270W
YDR062W	YMR296C
YBR065C	YDR088C
YDR337W	YIL093C
YNL307C	YPR058W
YLR424W	YOR158W
YCR033W	YIL068C
YNL104C	YPL031C
YHR190W	YLR056W
YGL158W	YLR303W
YIL097W	YMR135C
YGL111W	YHR088W
YDL161W	YGL206C
YCR030C	YJL098W
YER103W	YNL124W
YDL099W	YHR135C
YDR507C	YIR008C
YDL007W	YHR200W
YER151C	YGR159C
YLR423C	YLR424W
YFR004W	YLR304C
YDR507C	YNL078W
YCL045C	YKL207W
YER043C	YHR027C
YKL040C	YLL027W
YER178W	YGL137W
YDL222C	YLL039C
YIR011C	YKL145W
YDR068W	YLL001W
YOL128C	YPL201C
YGL207W	YJL047C
YJR049C	YLL039C
YKR095W	YLL039C
YLL039C	YOR038C
YGR001C	YOR351C
YFL039C	YLR166C
YDR221W	YHR193C
YNL255C	YOL120C
YGR215W	YOR158W
YBR010W	YMR075W
YER154W	YFR014C
YCL024W	YPL031C
YER151C	YNL301C
YLR250W	YNL255C
YDL140C	YPR152C
YIR010W	YNL308C
YMR146C	YOL087C
YGR126W	YNL307C
YIR010W	YLR321C
YIR010W	YOR038C
YCL014W	YER177W
YGR063C	YML010W
YCL014W	YGL180W
YER125W	YKL203C
YGL207W	YNL124W
YCR004C	YDR032C
YBR171W	YML105C
YDR494W	YNR036C
YDR390C	YPR180W
YBR272C	YNL030W
YGL106W	YLR319C
YKL180W	YLR406C
YMR154C	YOL016C
YER025W	YGL158W
YCR012W	YJL124C
YJL060W	YLR314C
YJL197W	YJR031C
YFR003C	YML016C
YHR148W	YLL011W
YFL030W	YPL031C
YGR027C	YOR117W
YBR253W	YPL042C
YHR045W	YPL170W
YHL002W	YOR355W
YHR027C	YKL210W
YDR178W	YPL132W
YEL009C	YPL031C
YDR365C	YKL104C
Q0130	YKL016C
YGL115W	YIL035C
YBL003C	YPL001W
YGR232W	YOR261C
YHR027C	YLR441C
YER012W	YFL007W
YDL022W	YHR200W
YNL055C	YNL260C
YMR139W	YOL081W
YLL039C	YMR087W
YIL142W	YKL198C
YJR039W	YOR111W
YNL224C	YNL255C
YDR240C	YML046W
YKL079W	YOR326W
YGL166W	YML006C
YAL035W	YNR051C
YLR115W	YML010W
YER101C	YPL031C
YGR052W	YNL186W
YJL106W	YNL073W
YDR320C	YHR027C
YLL039C	YMR105C
YDR477W	YKL023W
YDL111C	YNL232W
YLR423C	YML041C
YMR290C	YNR054C
YKL210W	YNL232W
YGR209C	YOR117W
YER151C	YMR105C
YBR253W	YGR252W
YDR388W	YMR192W
YGR060W	YPR192W
YEL061C	YNR069C
YOR351C	YPL203W
YHL030W	YML092C
YDL111C	YGR195W
YBL052C	YLR455W
YGR185C	YHR200W
YEL046C	YFR004W
YJL057C	YMR192W
YDL147W	YOR261C
YFR004W	YGR234W
YAL016W	YFR024C-A
YJL074C	YPR068C
YDL101C	YMR105C
YIR010W	YNL232W
YDR211W	YNL265C
YBR031W	YLR175W
YLR100W	YMR015C
YHR135C	YLR244C
YBR128C	YLR360W
YDR388W	YOR181W
YJR036C	YOL115W
YGL207W	YOR117W
YGR261C	YLR429W
YHR122W	YHR164C
YGR274C	YML015C
YDR439W	YIR010W
YER018C	YGL060W
YHL020C	YLL039C
YGL179C	YLR231C
YDR128W	YOL138C
YLR377C	YOR141C
YDR100W	YJL104W
YJR156C	YLR423C
YBR177C	YLL039C
YJL025W	YLR423C
YLL039C	YLR097C
YHR027C	YJR017C
YDL159W	YDR162C
YHL030W	YLR421C
YKL088W	YMR149W
YKL028W	YLL039C
YBR031W	YIR010W
YFR024C-A	YLR078C
YFR036W	YKL022C
YML081C-A	YPR020W
YGL180W	YHR090C
YCR042C	YJR093C
YDL212W	YHR094C
YLR197W	YNL250W
YHR027C	YLL039C
YGL137W	YLR216C
YKL104C	YOL120C
YOR117W	YPL028W
YDR146C	YML051W
YLL013C	YLL039C
YBL003C	YLR274W
YML064C	YOR284W
YGL058W	YGR184C
YBR023C	YLR330W
YGR194C	YNL265C
YBL087C	YKL104C
YNL255C	YOR357C
YOR326W	YPL040C
YJR014W	YKL009W
YDR477W	YKL008C
YJR060W	YPR052C
YGL189C	YLR435W
YJL057C	YJR076C
YFR003C	YNL255C
YBR241C	YLL039C
YDR466W	YNL232W
YDL055C	YKL067W
YBR212W	YDL167C
YMR240C	YPR152C
YAL053W	YKL028W
YOL016C	YOL128C
YBL106C	YKL130C
YHL002W	YPL038W
YER043C	YNR051C
YDR080W	YLR396C
YDR359C	YIR001C
YGL133W	YNL030W
YGL059W	YGR266W
YFR004W	YJR070C
YFR036W	YGL116W
YDL031W	YMR049C
YDR404C	YGL130W
YGR192C	YIR001C
YHR137W	YLL039C
YFL039C	YPL242C
YJL047C	YNL261W
YHR026W	YPL234C
YDL122W	YER013W
YHR135C	YKL079W
YJL020C	YML010W
YDR032C	YPL221W
YLR150W	YOR051C
YGR195W	YOL142W
YDL028C	YJR019C
YGL180W	YJR089W
YNL044W	YOR089C
YML069W	YNL031C
YDR475C	YER133W
YBR055C	YER112W
YEL054C	YER012W
YBR253W	YOL051W
YLR117C	YMR240C
YCL014W	YHR107C
YLR015W	YLR429W
YLL039C	YNL149C
YBR010W	YLR399C
YJL020C	YNL025C
YDR130C	YGR192C
YBR060C	YPL001W
YCR088W	YNL106C
YHL034C	YML100W
YHR023W	YLR274W
YDR466W	YLL008W
YGL180W	YPL166W
YHL018W	YNL113W
YAL017W	YDL153C
YHR146W	YPL154C
YER074W	YIR010W
YBL003C	YMR284W
YBR179C	YDR470C
YGR249W	YPL203W
YGL058W	YPR103W
YDR507C	YJR076C
YJL151C	YLL039C
YCR012W	YLL039C
YLR406C	YNL255C
YJL167W	YLR256W
YAL014C	YLL039C
YER043C	YOR117W
YJL172W	YKL130C
YER006W	YNL255C
YDR054C	YMR080C
YER098W	YOL087C
YDR422C	YDR477W
YHR197W	YLR423C
YAR035W	YLL039C
YGR209C	YLL034C
YJR065C	YLR370C
YNL110C	YNL255C
YJR074W	YMR314W
YHR027C	YOR317W
YJL151C	YML097C
YBR216C	YLL039C
YHR171W	YMR183C
YNR034W	YNR051C
YFR037C	YLR321C
YGL059W	YJR001W
YKL145W	YMR191W
YDL160C	YNL157W
YJR093C	YKR002W
YJL029C	YKR020W
YDR379W	YPL031C
YDR039C	YJR066W
YER034W	YGL180W
YDL140C	YHR135C
YDR337W	YPL118W
YBR102C	YPR055W
YFR034C	YNL289W
YMR229C	YNR051C
YBR041W	YHR072W
YLL039C	YPR109W
YDR216W	YLR055C
YLL013C	YPR152C
YHR140W	YPR028W
YJR092W	YKL157W
YDR100W	YER101C
YOR386W	YPL104W
YDR244W	YGR077C
YER164W	YOL148C
YGL190C	YKL042W
YKL181W	YMR291W
YDL028C	YDR162C
YGR174C	YPL215W
YLL034C	YLR452C
YDR035W	YOR230W
YGL180W	YPL146C
YHR200W	YLR134W
YER125W	YOR124C
YIR010W	YLR314C
YER025W	YFR004W
YBR017C	YHL030W
YMR291W	YPL262W
YJL029C	YJL034W
YGL163C	YKL085W
YLL039C	YNL281W
YBR170C	YNL155W
YIL016W	YKL008C
YHR088W	YLL008W
YJL036W	YLR424W
YLR321C	YPR034W
YGL111W	YOL077C
YDL153C	YHR135C
YDL155W	YLR131C
YJL124C	YPL220W
YNL027W	YOL128C
YGR048W	YKL042W
YDR130C	YDR318W
YBL003C	YMR290C
YER125W	YHR117W
YLR441C	YNL255C
YNL055C	YNR051C
YBR221C	YNL071W
YLR447C	YOL018C
YBL030C	YPR152C
YDL237W	YLL039C
YBL102W	YOR036W
YDL130W	YER151C
YBR031W	YLL039C
YAL032C	YGR270W
YER101C	YER125W
YHR135C	YML096W
YJL098W	YPL180W
YHR200W	YKL210W
YLL039C	YNL313C
YGL207W	YKR062W
YGR195W	YOR326W
YKL180W	YMR031C
YER018C	YIR010W
YKR021W	YOR351C
YIL093C	YNL306W
YLL039C	YPL045W
YGR092W	YJL108C
YBL055C	YDL028C
YJR112W	YPR141C
YAL043C	YCR042C
YDR497C	YLL039C
YKL142W	YNL210W
YJL124C	YLR275W
YAL028W	YOR324C
YFL039C	YGR080W
YGL111W	YOR267C
YDL159W	YLR313C
YLR377C	YMR186W
YGL120C	YMR290C
YBR087W	YMR031C
YLR398C	YNL255C
YIL108W	YMR149W
YDR159W	YDR427W
YDL042C	YGL201C
YGR258C	YPL141C
YDL055C	YNR051C
YLL039C	YOL064C
YHR135C	YNL025C
YBR017C	YKR046C
YBR010W	YBR087W
YER004W	YIR010W
YBL003C	YGL120C
YKL103C	YML064C
YBL067C	YNL255C
YKL130C	YMR296C
YGR130C	YHR135C
YDL215C	YDR054C
YBR230C	YNL121C
YAL056W	YER020W
YCR093W	YER151C
YFR014C	YOR054C
YAL034W-A	YDR254W
YLL039C	YLR220W
YLR429W	YMR229C
YDR216W	YKL117W
YHR135C	YMR081C
YDL065C	YJL057C
YBR179C	YOR211C
YDR477W	YFR022W
YPL031C	YPR139C
YIL078W	YNL255C
YHR088W	YNL110C
YMR072W	YPR052C
YGL179C	YLR030W
YKR081C	YNL230C
YHR186C	YPL180W
YER151C	YPL220W
YGL180W	YMR290C
YJL106W	YPR067W
YDR419W	YDR477W
YOR117W	YPL248C
YDL042C	YLR274W
YHR135C	YPR115W
YAL027W	YPL004C
YLR216C	YNR032W
YDR171W	YLR304C
YGL025C	YOL051W
YHR193C	YMR049C
YFR004W	YOR026W
YER072W	YPL019C
YDL019C	YGL137W
YDL085W	YLL039C
YER151C	YGL189C
YLR433C	YNL255C
YFR034C	YLR328W
YGR245C	YPL220W
YDR195W	YJR093C
YLR304C	YOR005C
YFR004W	YOR239W
YER105C	YGL201C
YDL003W	YDR180W
YJL125C	YJR066W
YIL135C	YNL307C
YGL059W	YML048W
YDL043C	YDR240C
YAL025C	YNL110C
YFR024C-A	YGL060W
YER055C	YFR004W
YDR225W	YNL308C
YER125W	YMR275C
YEL009C	YOR023C
YIL004C	YLR208W
YBR280C	YEL060C
YGL158W	YMR284W
YKL021C	YOL077C
YAL027W	YPL146C
YER125W	YOR018W
YJR056C	YML064C
YDR388W	YGL181W
YDL003W	YJL074C
YDR432W	YML112W
YHR092C	YKL203C
YLL039C	YMR008C
YAL035W	YGL130W
YLL001W	YNL118C
YAL064W-B	YNL255C
YDR111C	YER147C
YDR477W	YML048W
YAL002W	YLR396C
YAR018C	YML006C
YDR328C	YMR277W
YDR477W	YML006C
YDR477W	YGR092W
YDR386W	YKR081C
YFL049W	YNR023W
YBR087W	YIR010W
YHR135C	YPR129W
YER025W	YPL237W
YER125W	YOR057W
YFR021W	YFR029W
YGL026C	YLL039C
YER177W	YLR197W
YDR380W	YIL034C
YNL044W	YOL018C
YFR004W	YMR099C
YBR017C	YEL051W
YAL035W	YFR034C
YNR016C	YPL004C
YJL176C	YNL255C
YER125W	YHR193C
YDR488C	YPL174C
YBL075C	YLL039C
YGL146C	YPR137W
YIL035C	YMR154C
YCR010C	YFL055W
YBR010W	YOL006C
YLR150W	YMR216C
YHR034C	YPL235W
YEL054C	YFR031C-A
YPR137W	YPR178W
YML113W	YNL255C
YGR119C	YMR129W
YFR004W	YFR037C
YMR186W	YPL146C
YEL051W	YNL255C
YGL124C	YLR148W
YDL212W	YMR149W
YLR175W	YMR205C
YCL031C	YIL035C
YIL062C	YNL073W
YFL039C	YNL272C
YDR482C	YOR148C
YDL028C	YDR383C
YGL203C	YMR011W
YDL101C	YJL111W
YBL056W	YLR240W
YDL140C	YMR201C
YLL039C	YLR429W
YDL007W	YDL036C
YDR207C	YNL307C
YIR035C	YPL001W
YBL075C	YNL124W
YLR314C	YNL255C
YMR140W	YMR216C
YDR259C	YIL153W
YAL028W	YNL307C
YJR019C	YLL039C
YGR192C	YNL255C
YGR268C	YOR124C
YGR060W	YPR028W
YFR024C-A	YLR206W
YDL192W	YJL151C
YBR193C	YGL025C
YER175C	YFR014C
YLR002C	YLR449W
YLR029C	YOR117W
YJL036W	YLL039C
YDL019C	YPL139C
YER074W	YER151C
YER056C	YJL192C
YDL051W	YHR135C
YNL069C	YNR051C
YLL039C	YPL057C
YGL106W	YPR171W
YGL229C	YJR066W
YGR275W	YNR023W
YKL065C	YLR018C
YNL251C	YNR024W
YKL130C	YLR274W
YDR166C	YOR174W
YGR222W	YNR045W
YNL069C	YOL120C
YDR142C	YDR244W
YGL158W	YMR115W
YFL039C	YNL271C
YFR021W	YNR058W
YFR004W	YGR186W
YGR048W	YPL222W
YKL009W	YLR029C
YNL136W	YPL031C
YML095C	YMR201C
YBR031W	YNL255C
YLL039C	YML100W
YEL013W	YEL043W
YHL010C	YKR017C
YDR189W	YKL196C
YDR035W	YFR004W
YNL022C	YNL255C
YDR204W	YOR125C
YGL158W	YNL107W
YGR099W	YJR136C
YCL010C	YNL255C
YOR191W	YPL269W
YER006W	YOL120C
YKL028W	YMR075W
YPL194W	YPR052C
YLL039C	YPL079W
YBR011C	YFR031C-A
YHR027C	YJL167W
YDL111C	YNR024W
YBR152W	YNL255C
YBL050W	YDR189W
YNL255C	YOR111W
YHR200W	YPR108W
YLR018C	YPR028W
YGL180W	YGR159C
YBR107C	YDR383C
YER012W	YER103W
YDR436W	YKL193C
YBR284W	YDL238C
YLR197W	YLR320W
YKL103C	YLL013C
YDL003W	YGR184C
YJL167W	YJR035W
YFL034W	YHR135C
YMR167W	YOL090W
YKR014C	YLR396C
YGL120C	YPL016W
YCR033W	YDR155C
YER018C	YKR054C
YAL053W	YMR238W
YGL076C	YPL220W
YER093C	YNL006W
YDR293C	YLR022C
YDR128W	YHR033W
YGR092W	YOR317W
YGR268C	YOR138C
YBR010W	YBR060C
YDL155W	YHR033W
YDR369C	YJR021C
YBR031W	YDR012W
YLR275W	YMR240C
YGR192C	YLR039C
YIL111W	YNL255C
YAL016W	YNR032W
YJR065C	YOR181W
YKL006W	YNL255C
YER025W	YOR212W
YML058W	YPR160W
YBR193C	YER012W
YGR027C	YIR010W
YFR034C	YGL048C
YGL137W	YGR037C
YDR388W	YLR381W
YKR081C	YMR123W
YGL180W	YGL208W
YBL003C	YJL176C
YBR079C	YLL039C
YDR328C	YOL025W
YHR200W	YKL127W
YKL009W	YPL220W
YDR012W	YHL034C
YDR145W	YEL009C
YBR079C	YMR146C
YLR452C	YOL018C
YMR127C	YNL030W
YGR245C	YMR049C
YGR186W	YNL124W
YBR036C	YDR307W
YBR253W	YNL025C
YKL068W	YMR129W
YGR267C	YLL039C
YCR028C-A	YCR033W
YDR244W	YLL039C
YHL034C	YPR080W
YBR041W	YKR046C
YKL009W	YNL255C
YER134C	YHR171W
YLR441C	YNL301C
YLR421C	YPR108W
YFR004W	YNR001C
YJL019W	YNL029C
YLR102C	YML058W
YHR194W	YOR147W
YDR353W	YLR216C
YJR076C	YOR191W
YLR396C	YOR036W
YDR162C	YPL180W
YFR053C	YLL013C
YDR054C	YKR009C
YGR010W	YLR438W
YDL222C	YPL221W
YCR030C	YOL016C
YGR104C	YPL248C
YHR107C	YPL161C
YHR072W	YJL151C
YOR270C	YPL234C
YPL031C	YPR188C
YNL076W	YOR326W
YGL190C	YIL142W
YER151C	YMR080C
YBR068C	YJR001W
YLR150W	YLR435W
YLL039C	YML013W
YER103W	YNL157W
YGL130W	YML010W
YBR194W	YMR246W
YDR162C	YNL255C
YGL048C	YOR117W
YDR337W	YMR158W
YDL160C	YER151C
YCR042C	YGR274C
YAL016W	YDL134C
YJR110W	YMR049C
YBR079C	YLR192C
YLL039C	YLR421C
YHR094C	YJL012C
YGL048C	YLR421C
YER151C	YOL120C
YER040W	YJR066W
YLR150W	YNL255C
YBR031W	YER012W
YDR247W	YNR034W
YKL135C	YLR170C
YLR327C	YPL042C
YGR027C	YHR200W
YCL032W	YLR423C
YLL050C	YLR429W
YNL261W	YPL001W
YHR179W	YHR200W
YFR018C	YNL255C
YDL147W	YER112W
YBR079C	YBR194W
YLL034C	YNL255C
YFR004W	YNL121C
YDR086C	YMR149W
YDL212W	YGR191W
YKL009W	YKR081C
YJR112W	YOR326W
YLL039C	YOL016C
YJL104W	YPL063W
YBL003C	YMR091C
YFR052W	YOR261C
YLR377C	YNL006W
YER026C	YFR004W
YHL004W	YMR186W
YGL058W	YPL248C
YJL176C	YNR023W
YBR171W	YER053C
YKL067W	YML064C
YML051W	YPL248C
YDR069C	YJL130C
YDR166C	YNL272C
YAL034W-A	YGL093W
YDR365C	YNL002C
YFR011C	YNL113W
YIR010W	YOR361C
YFL008W	YPR141C
YHL002W	YOR181W
YDR159W	YJR042W
YLR022C	YNL163C
YFL029C	YLL008W
YHL030W	YLL039C
YJL001W	YKL145W
YIR010W	YLR381W
YBL023C	YBR126C
YBR126C	YFR004W
YGL190C	YJL020C
YGR252W	YKL060C
YJL020C	YKL129C
YGL048C	YPL248C
YHR027C	YPL061W
YBR194W	YLR072W
YGL209W	YPL031C
YDR118W	YFR036W
YGR126W	YHR135C
YBR126C	YER112W
YJL099W	YMR237W
YLR408C	YNL086W
YDL147W	YGR232W
YHR107C	YML056C
YBR170C	YDR411C
YGR252W	YMR319C
YMR112C	YPL042C
YBR273C	YNL307C
YLR319C	YNL271C
YBL003C	YER147C
YDL076C	YKL180W
YDR012W	YLR398C
YDL239C	YKL103C
YAL035W	YMR229C
YCR030C	YIR010W
YNL255C	YOR148C
YBR130C	YGL180W
YMR246W	YPR152C
YBL056W	YGR205W
YNL136W	YNL246W
YDR328C	YMR291W
YLL040C	YOL133W
YBR272C	YPR108W
YAL035W	YER025W
YBR272C	YDL147W
YKL065C	YPR198W
YAL032C	YHR161C
YLR109W	YNR051C
YDR254W	YJL105W
YGR060W	YHR072W
YBR167C	YNL282W
YBL003C	YJL130C
YDR227W	YPL248C
YNL097C	YPR023C
YDL215C	YDR240C
YAL035W	YNL255C
YGL151W	YNR010W
YDR477W	YOR054C
YAL059W	YKL009W
YFR021W	YLR094C
YBR223C	YLR429W
YDR223W	YPR104C
YIL112W	YMR273C
YBL030C	YIL022W
YBL056W	YHL030W
YGR099W	YKL068W
YJR010C-A	YOR086C
YNL255C	YOR286W
YDR128W	YFL016C
YDL022W	YFR004W
YML025C	YNL255C
YGL203C	YNL041C
YDR069C	YJR001W
YPL031C	YPR025C
YDL181W	YGL106W
YGL206C	YKR021W
YJL084C	YJR005W
YHR197W	YPL146C
YGR270W	YLR449W
YBL030C	YLL039C
YGR275W	YMR091C
YKL023W	YNL255C
YBL075C	YIL004C
YGL106W	YOR035C
YFL008W	YKL042W
YLL039C	YNR016C
YFR017C	YPL031C
YDR432W	YKR095W
YKL142W	YKL157W
YBR068C	YDL192W
YFL039C	YLL050C
YBR010W	YGL207W
YDR096W	YDR227W
YDR166C	YLR166C
YFR031C-A	YLR441C
YLL039C	YOL073C
YHR027C	YMR091C
YBL102W	YGL203C
YFR024C-A	YPR171W
YDL006W	YDR162C
YDR155C	YOR117W
YLR424W	YOR357C
YIL142W	YLR105C
YBR194W	YKL145W
YGR092W	YNL125C
YBR041W	YJL151C
YER133W	YKL059C
YLR442C	YMR226C
YKL042W	YOR373W
YGL179C	YNL186W
YDR086C	YNL255C
YIR010W	YOR109W
YNL090W	YPL161C
YBR279W	YER012W
YLR304C	YMR049C
YDL239C	YLR423C
YGL150C	YIR010W
YGR234W	YLL013C
YLR166C	YMR186W
YDL051W	YDR477W
YOL133W	YPL036W
YGL158W	YJR066W
YER043C	YER151C
YIL035C	YPR103W
YML069W	YOL006C
YDR259C	YHR079C
YDL149W	YLR423C
YDL055C	YOL120C
YGL250W	YJL020C
YEL002C	YML019W
YBL067C	YHL002W
YIL035C	YJL044C
YKL130C	YMR314W
YFR031C-A	YPR129W
YGR270W	YMR091C
YDR323C	YOR036W
YJL070C	YPL031C
YIL106W	YJL066C
YGR200C	YJR127C
YGR237C	YKR081C
YDR173C	YMR042W
YGL137W	YOR117W
YLR435W	YPL146C
YGR175C	YNL272C
YAL034W-A	YJR112W
YFL021W	YJR066W
YCR028C-A	YPR129W
YDR365C	YNR051C
YKL135C	YKR021W
YDR173C	YNL255C
YGR033C	YJL104W
YGR037C	YGR136W
YHR088W	YKL009W
YDL111C	YOR076C
YIL035C	YLR345W
YNL002C	YNR054C
YBR170C	YDR330W
YHR140W	YLR018C
YDL140C	YOR224C
YAR033W	YPR198W
YNR051C	YPL028W
YNL255C	YOL071W
YBR010W	YER177W
YPL253C	YPR141C
YGR175C	YLR056W
YGL151W	YOL051W
YLR330W	YPL220W
YBR108W	YGL180W
YDR363W-A	YGR232W
YLR029C	YMR229C
YBR221C	YGL130W
YEL009C	YNR023W
YBR068C	YFR024C-A
YER094C	YPR103W
YHR079C	YMR229C
YJR068W	YNL255C
YBL063W	YDR356W
YLR421C	YNL073W
YMR036C	YNL307C
YLR047C	YOR351C
YLR423C	YOR117W
YJR010C-A	YKL008C
YER125W	YNL136W
YNL113W	YPR049C
YHR096C	YLL039C
YGR252W	YKL193C
YDR482C	YNR011C
YOL016C	YPL031C
YCL031C	YNL186W
YER006W	YLR449W
YMR216C	YOR239W
YML032C	YPL194W
YBR194W	YJL176C
YBR183W	YHR140W
YER133W	YLL039C
YKL064W	YMR216C
YAL031C	YER133W
YLL066C	YNL255C
YLL039C	YPL269W
YFL038C	YFR004W
YHR079C	YML075C
YHR114W	YPL049C
YGR195W	YPR072W
YKL196C	YNL258C
YIR010W	YMR246W
YHR114W	YOR181W
YFR034C	YKR062W
YJL012C	YOR270C
YGL106W	YOR326W
YGR112W	YPR191W
YHR118C	YKR081C
YGL207W	YOL006C
YHR090C	YNL107W
YCR028C-A	YNL157W
YKL198C	YOR198C
YML046W	YPR178W
YLL039C	YOR117W
YHR023W	YKL079W
YNL255C	YPL079W
YGR005C	YPR152C
YBR221C	YIR010W
YHL004W	YPL118W
YDR264C	YOR171C
YLL034C	YMR290C
YDR307W	YJL196C
YBR126C	YFL033C
YER012W	YLL039C
YBL003C	YGR250C
YGL158W	YIL051C
YBR010W	YOR064C
YGL180W	YLL043W
YDL192W	YLR078C
YBL075C	YKL088W
YDL140C	YER151C
YMR216C	YNL004W
YNL104C	YOR351C
YDR358W	YLL039C
YGL256W	YHR135C
YPL248C	YPR025C
YER151C	YLL013C
YFR051C	YNL258C
YHR200W	YJR104C
YBR141C	YGL091C
YDR328C	YKR014C
YBL030C	YFR004W
YGR261C	YOR106W
YGL158W	YHL021C
YBR108W	YHR114W
YNL255C	YOR232W
YFR004W	YLR438W
YBR011C	YHR027C
YFL016C	YIR010W
YKL203C	YOL078W
YDR477W	YER133W
YNR064C	YPL031C
YFL008W	YPL016W
YLR275W	YML046W
YBL106C	YPL174C
YFR024C-A	YHR178W
YKR008W	YNL031C
YHR027C	YHR193C
YBR102C	YJL085W
YDR247W	YMR270C
YHR200W	YLR303W
YFR034C	YNL004W
YGR209C	YOR181W
YDR050C	YNR051C
YFR004W	YGL076C
YAL032C	YDL043C
YGL115W	YOR018W
YKL009W	YOR267C
YNL110C	YNL301C
YDR432W	YGR159C
YBR046C	YNL255C
YHR186C	YLR377C
YBL030C	YGL191W
YDR477W	YMR015C
YGL037C	YGL116W
YGL106W	YNL255C
YER098W	YGL158W
YBR011C	YHR200W
YCR004C	YGR130C
YDR363W-A	YHR027C
YNL037C	YOR136W
YDL222C	YOL105C
YDR452W	YKL028W
YAL035W	YPR152C
YJR091C	YML015C
YNL066W	YNL307C
YDR363W-A	YHR200W
YDL147W	YFL007W
YGR234W	YJL074C
YDR318W	YER018C
YBR108W	YPL141C
YGR266W	YLL039C
YLR178C	YMR297W
YBL050W	YHL031C
YBL075C	YPL042C
YFR004W	YLR452C
YDR427W	YHR200W
YFR004W	YJR073C
YJL106W	YOL104C
YCR005C	YLL039C
YIL097W	YPL061W
YDL161W	YOR181W
YCL024W	YDL006W
YLR377C	YNL214W
YGL158W	YOR261C
YDL239C	YOR324C
YLL039C	YNL117W
YBR279W	YOL145C
YNR023W	YPL248C
YER067W	YFR004W
YDR168W	YML041C
YLL039C	YNL255C
YLR197W	YPR137W
YDR258C	YKR008W
YDR216W	YOR208W
YGL179C	YGR126W
YBR060C	YDR227W
YER026C	YLL039C
YAL025C	YNL255C
YGR250C	YML002W
YEL061C	YOR174W
YLR150W	YNL136W
YLR274W	YOR326W
YGL209W	YHR135C
YNL255C	YPL028W
YNL097C	YPL139C
YDR012W	YNL110C
YLL039C	YPR042C
YER012W	YHR033W
YDR036C	YPL118W
YGR159C	YLR197W
YPR024W	YPR140W
YNL255C	YNR041C
YLL040C	YML092C
YDR146C	YOL051W
YBR229C	YDR221W
YBR203W	YDR328C
YCL045C	YLL039C
YGL120C	YKL042W
YCR071C	YHL004W
YBR031W	YER151C
YGR130C	YPR152C
YDR074W	YLL039C
YGL004C	YPR108W
YDR323C	YLR148W
YDL212W	YGR060W
YIL035C	YNL149C
YNL265C	YPL237W
YJR014W	YNR051C
YBR183W	YDR276C
YGR245C	YNL255C
YDL140C	YLR384C
YBL003C	YPL116W
YCR088W	YOR181W
YML057W	YOR324C
YCR005C	YJL042W
YLL039C	YPR184W
YIL135C	YOR351C
YKL008C	YML064C
YDR425W	YJR110W
YFR034C	YKL182W
YDR227W	YLR442C
YER067W	YNL255C
YNL271C	YPR152C
YBR060C	YMR036C
YNL090W	YPL174C
YER006W	YFR004W
YFR024C-A	YOR181W
YBR170C	YIL030C
YJR130C	YPL042C
YDR128W	YLR208W
YJR035W	YMR226C
YHR073W	YHR135C
YLL039C	YPL232W
YDR062W	YLL039C
YFR014C	YKR009C
YFR014C	YJL167W
YER099C	YLL039C
YER151C	YLR406C
YKL065C	YLL039C
YFR052W	YML092C
YLL043W	YML016C
YJL057C	YMR129W
YDR330W	YGL180W
YHR114W	YJL151C
YDR356W	YHR172W
YHR026W	YMR149W
YBR087W	YLR150W
YDR081C	YKL104C
YNL106C	YPR171W
YJL057C	YMR276W
YGL111W	YLR002C
YLL039C	YPR155C
YDR225W	YJL081C
YFR004W	YPR103W
YKL053C-A	YLR193C
YMR080C	YOR076C
YNL307C	YOL138C
YDL106C	YKR062W
YER013W	YGR006W
YLR328W	YLR438W
YHR135C	YOR239W
YML010W	YPR052C
YDR166C	YGL233W
YDR332W	YJL107C
YOR109W	YPR171W
YGL120C	YOL115W
YDR221W	YPL037C
YDL051W	YDL092W
YOL148C	YPL248C
YLR403W	YPL180W
YGR048W	YML013W
YLR006C	YLR233C
YER177W	YMR086W
YEL054C	YIR026C
YGR060W	YMR015C
YCL024W	YJR076C
YFR004W	YJR014W
YJL099W	YLR330W
YCL024W	YHR107C
YLL039C	YPL087W
YDL155W	YMR036C
YLR337C	YOR181W
YCR005C	YLR055C
YKL103C	YOR136W
YDL085W	YNL187W
YFR004W	YGR175C
YCL052C	YEL060C
YGL158W	YPL042C
YKL117W	YLR216C
YCR077C	YDL160C
YDL101C	YLR001C
YFL011W	YJL222W
YGL163C	YOR351C
YAL016W	YNL255C
YBL003C	YDR225W
YBR298C	YNL121C
YIL035C	YOR052C
YER012W	YJL132W
YMR074C	YNL255C
YIR010W	YLR197W
YBR069C	YDL043C
YER062C	YFR004W
YDR507C	YIR010W
YCR088W	YFR024C-A
YDR328C	YOL117W
YEL060C	YJL124C
YBR010W	YGL060W
YBR031W	YLR424W
YMR158W	YPL118W
YBR041W	YDL153C
YMR322C	YNL333W
YGL104C	YML075C
YFR014C	YJR076C
YDL007W	YFR052W
YNL069C	YPL220W
YDL212W	YDR508C
YMR139W	YMR291W
YMR072W	YPL001W
YAL028W	YCR091W
YCR012W	YCR077C
YNL136W	YPR023C
YIR015W	YNL282W
YLR377C	YOL126C
YDL134C	YHR075C
YDL147W	YOL126C
YDL160C	YNR051C
YLR029C	YOL120C
YDR032C	YGR281W
YJR103W	YLL039C
YER012W	YKL145W
YDR092W	YMR140W
YHR137W	YPL031C
YLL039C	YLR128W
YLL040C	YPR103W
YKL060C	YPR152C
YER012W	YOR261C
YHR135C	YJR104C
YIR001C	YPL031C
YDR328C	YLR368W
YBR108W	YHR079C
YHL002W	YOR076C
YLR131C	YNL254C
YPL155C	YPL269W
YHL031C	YOR036W
YDR155C	YFR004W
YCR061W	YPR058W
YGR092W	YIL135C
YMR165C	YNL307C
YIR010W	YMR039C
YEL009C	YHR090C
YDR422C	YJL124C
YLL019C	YNL004W
YLR072W	YNL307C
YLR208W	YOL138C
YDR080W	YPL045W
YNL172W	YPR171W
YBR183W	YDR039C
YJR088C	YKL207W
YGR104C	YPR070W
YDR515W	YPR188C
YBR031W	YHR200W
YER025W	YML064C
YDR477W	YPL042C
YIL035C	YNL308C
YNL055C	YOL087C
YER133W	YIR010W
YDR264C	YLL039C
YAL028W	YDL239C
YBR105C	YMR135C
YLR304C	YOL006C
YBR010W	YFR034C
YGR037C	YKL130C
YOR326W	YPL249C
YGL137W	YMR291W
YBL087C	YNL255C
YBR045C	YBR148W
YDR276C	YMR149W
YER094C	YML092C
YGL066W	YPL042C
YFR004W	YKL196C
YAL053W	YER020W
YDL186W	YHR079C
YFL039C	YNL107W
YML016C	YPL004C
YDR419W	YGL115W
YGR041W	YLR353W
YDL019C	YOR181W
YHR027C	YKL127W
YCR024C-A	YDL212W
YFR053C	YLR131C
YHR135C	YKL042W
YML079W	YNL255C
YFR017C	YNL289W
YDR030C	YIL142W
YGR089W	YOR224C
YDR477W	YPR171W
YBL102W	YBR241C
YER151C	YLR150W
YBR010W	YKR008W
YBR010W	YMR031C
YER151C	YLR029C
YGL180W	YOL070C
YHR193C	YIR010W
YHR200W	YKL182W
YBL003C	YHR090C
YBR065C	YNL250W
YFR031C-A	YLR150W
YJL219W	YJR161C
YGL151W	YOR174W
YOR136W	YPR080W
YIR025W	YLR102C
YKR008W	YLR321C
YGL166W	YNL255C
YBR279W	YGL207W
YDR069C	YPR103W
YDL147W	YJL001W
YDL192W	YDR358W
YDR465C	YEL054C
YKL168C	YNL307C
YDL043C	YPL215W
YJR112W	YMR198W
YDR388W	YGL060W
YGR245C	YKR081C
YFR004W	YLR097C
YDR508C	YIL114C
YGR270W	YLR095C
YDR257C	YLL039C
YDR036C	YKL142W
YBR055C	YGR075C
YEL047C	YMR091C
YNL255C	YPL108W
YFR037C	YGL133W
YJL061W	YKL068W
YER116C	YLR150W
YDR128W	YNL307C
YFR004W	YOR109W
YLR320W	YNL055C
YGL099W	YGR245C
YKL124W	YOR326W
YMR237W	YPR080W
YML019W	YMR149W
YDL028C	YER018C
YDR334W	YER133W
YGR056W	YNL307C
YNL255C	YOL133W
YJR102C	YPL002C
YGR215W	YNL306W
YKL142W	YNL255C
YBR036C	YIL016W
YOR085W	YOR103C
YDL007W	YFR004W
YER151C	YPR152C
YDR036C	YNL306W
YMR017W	YOR036W
YDR507C	YEL053C
YKL042W	YNL053W
YML105C	YPL210C
YIL001W	YOL133W
YGL025C	YPL042C
YDL184C	YNL118C
YBR193C	YDL140C
YGL059W	YKL008C
YLL039C	YLL040C
YGR232W	YNL255C
YDL140C	YKL130C
YDL140C	YMR277W
YGL059W	YIL135C
YEL009C	YGL025C
YJR041C	YKR024C
YGL128C	YLR275W
YDR453C	YJR085C
YDL197C	YNL124W
YGR104C	YOR141C
YHR079C	YPL150W
YDR337W	YER050C
YJR045C	YNL078W
YDL222C	YHR096C
YNL216W	YPR052C
YDR195W	YER133W
YFR014C	YLR030W
YFR014C	YPL100W
YDR328C	YNL255C
YML056C	YNL230C
YGL115W	YGL208W
YDR086C	YEL002C
YCR028C-A	YER151C
YBL003C	YNL030W
YDL007W	YDL020C
YMR205C	YPR152C
YDR294C	YHR027C
YHR094C	YKL203C
YHR090C	YJL081C
YBR194W	YPL237W
YGR287C	YMR216C
YMR238W	YNL307C
YHR028C	YNL255C
YLR006C	YNL307C
YJR140C	YML058W
YJR043C	YNL307C
YFR034C	YML056C
YGR234W	YNL106C
YBR011C	YMR267W
YBL003C	YOL077C
YDR225W	YIL035C
YER151C	YFL033C
YHL030W	YHR027C
YNR034W	YOR178C
YLR429W	YNL106C
YJL039C	YMR205C
YPL031C	YPL100W
YDR225W	YGR275W
YEL046C	YJL074C
YDR059C	YJL106W
YIR038C	YMR149W
YDR168W	YDR463W
YDR195W	YKR002W
YNL255C	YOR054C
YLL039C	YMR015C
YDL173W	YPL031C
YDR159W	YDR363W-A
YLR228C	YPL042C
YEL054C	YER025W
YDR404C	YML010W
YBR023C	YHR077C
YJR042W	YPL215W
YDR388W	YPR171W
YDL160C	YHR027C
YCL024W	YNL078W
YDR086C	YOR117W
YJR058C	YNL255C
YCR088W	YOR367W
YCR012W	YGR252W
YOR239W	YPL141C
YEL002C	YIL016W
YBL003C	YBR060C
YIR026C	YMR049C
YNL055C	YNL090W
YLL039C	YLR148W
YDR289C	YOL077C
YFR014C	YNR064C
YGR234W	YLL039C
YFR037C	YLR176C
YGR104C	YOR224C
YDR477W	YHR207C
YCR023C	YLL039C
YDR006C	YLR192C
YCL048W	YNL255C
YLR303W	YOR117W
YDR075W	YDR225W
YJR091C	YOR317W
YCR091W	YGR276C
YDR353W	YHR200W
YDR012W	YKL009W
YLL039C	YOR026W
YDR477W	YJR019C
YFL044C	YGR048W
YBR041W	YGR192C
YFR004W	YJR148W
YFR004W	YKL157W
YAL022C	YLL039C
YDL003W	YLR399C
YLL016W	YOL090W
YLR216C	YMR186W
YHR186C	YOR181W
YAL021C	YGR092W
YOR106W	YPL057C
YFL007W	YKL168C
YGR027C	YKL180W
YNL118C	YPR129W
YJR009C	YML056C
YER151C	YIL142W
YDR071C	YFR004W
YDR225W	YJL176C
YBR221C	YPL259C
YDR178W	YKL141W
YFR021W	YPL031C
YNR064C	YOR351C
YML016C	YPL031C
YNL031C	YNL246W
YDL028C	YNL186W
YBR193C	YGR104C
YER177W	YOR326W
YDR477W	YER129W
YDL147W	YKL145W
YBR018C	YGL137W
YOL016C	YPR152C
YPR034W	YPR081C
YCL040W	YFR004W
YKL006C-A	YLL039C
YKL088W	YNL255C
YIL035C	YOR057W
YAL034W-A	YJL057C
YDR516C	YER125W
YGL206C	YHR161C
YDR130C	YMR319C
YFR017C	YPR184W
YBR011C	YER151C
YLL039C	YOL096C
YEL009C	YPL038W
YDL022W	YHR027C
YOR117W	YPR163C
YLR330W	YOR290C
YDR388W	YOR357C
YHR135C	YLR438W
YGL106W	YPR152C
YAL043C	YNL313C
YLL039C	YLR407W
YCR071C	YDR405W
YAL028W	YJL106W
YLR002C	YMR290C
YMR115W	YPR024W
YGR089W	YPR141C
YER151C	YML010W
YJL025W	YOR380W
YJL034W	YLL039C
YEL009C	YOR117W
YBR194W	YPL070W
YKL088W	YOR054C
YER105C	YLR208W
YIL030C	YML013W
YLR423C	YML064C
YBL066C	YDR247W
YFR004W	YIR035C
YJR134C	YOR326W
YHR113W	YKL103C
YDR388W	YDR515W
YDR466W	YMR049C
YLL039C	YMR110C
YGL158W	YJL176C
YER074W	YHR119W
YLR265C	YOR005C
YGL133W	YPL016W
YER151C	YKL035W
YBR126C	YLR411W
YHR047C	YLL039C
YFR004W	YMR080C
YBR010W	YPL001W
YFR031C-A	YKL068W
YJL085W	YLR247C
YBR126C	YOL133W
YFR024C-A	YGL180W
YER133W	YHR097C
YNL031C	YPL116W
YDR427W	YMR314W
YLL039C	YPL119C
YER151C	YOR326W
YML048W	YNL300W
YPL031C	YPR026W
YER094C	YFR004W
YNL255C	YPL196W
YGL056C	YGL179C
YFR034C	YPL031C
YLR083C	YML048W
YFR014C	YPR152C
YDR159W	YDR264C
YDR293C	YML064C
YKL022C	YPR152C
YBR017C	YKL068W
YHR135C	YMR165C
YNL172W	YOR315W
YER017C	YNL255C
YCL052C	YJL108C
YJL006C	YJR076C
YFL054C	YHR135C
YNL124W	YPL036W
YBR079C	YIL106W
YGL180W	YNL304W
YKL042W	YPL031C
YJL020C	YOL133W
YFL046W	YNL255C
YDR388W	YLR015W
YNL010W	YNR051C
YFL039C	YLR399C
YDR516C	YOR270C
YFL033C	YPL031C
YKL060C	YPR093C
YDL167C	YLL039C
YER025W	YHL004W
YDR159W	YPR152C
YBR105C	YCL039W
YEL002C	YGL022W
YGR130C	YKL193C
YGR052W	YJL051W
YBR079C	YGL130W
YBR272C	YPR103W
YJR045C	YLR369W
YBR279W	YGR005C
YBR069C	YDR171W
YAL035W	YOR361C
YGL137W	YMR105C
YGR145W	YHR148W
YER151C	YNR034W
YKL022C	YLR102C
YDR032C	YGL115W
YIL008W	YNL255C
YBL011W	YCL024W
YDL055C	YGL076C
YGR274C	YLR176C
YDL239C	YOR177C
YBL097W	YDR439W
YBR114W	YPL154C
YBR221C	YKL117W
YNL255C	YOL143C
YGL180W	YLR244C
YDL140C	YGR200C
YBR069C	YJL117W
YML051W	YNR010W
YLR377C	YOR070C
YHL023C	YOL138C
YDL140C	YHR088W
YEL046C	YHR027C
YBR010W	YDL042C
YHR034C	YLL039C
YBR280C	YDR054C
YGR263C	YLR433C
YPL220W	YPL259C
YDR359C	YNL136W
YBL003C	YOR290C
YDR227W	YER164W
YEL003W	YLR200W
YKL207W	YMR176W
YNL030W	YPL001W
YDR156W	YPR049C
YER072W	YNL255C
YGL128C	YLR117C
YBL087C	YJL130C
YJL044C	YLR150W
YJL068C	YOR125C
YBR102C	YLR166C
YHR027C	YJL111W
YDL031W	YHR088W
YHR200W	YJR009C
YDR211W	YOL128C
YNL255C	YPL237W
YER025W	YGR052W
YKL021C	YNL110C
YDL140C	YDR059C
YFL039C	YHR027C
YIL035C	YIR010W
YIR038C	YOL018C
YCR088W	YDR277C
YBR068C	YJL192C
YGL238W	YHR114W
YDL055C	YKL145W
YDL065C	YMR284W
YBR010W	YFR037C
YBR065C	YLR424W
YFR004W	YLR208W
YBR036C	YIL114C
YFR024C-A	YMR162C
YIL093C	YPL013C
YHR079C	YLL043W
YNR023W	YPL016W
YDL042C	YLR442C
YFR004W	YHR179W
YNL255C	YPL013C
YNL031C	YOL006C
YAL059W	YBR194W
YGR092W	YOL104C
YIR010W	YPL037C
YDR032C	YHR027C
YNL255C	YOL006C
YDL140C	YGL048C
YNL255C	YNL261W
YNR051C	YOR261C
YLR197W	YMR229C
YKL210W	YLR084C
YER125W	YGL180W
YDR054C	YOL063C
YBR079C	YIL035C
YLR148W	YLR396C
YEL013W	YFR004W
YMR146C	YNL255C
YLR345W	YOR219C
YKL130C	YNL066W
YBR169C	YKL210W
YHR088W	YLL034C
YJR009C	YLL039C
YHR135C	YMR039C
YFL008W	YLR424W
YFR034C	YMR229C
YHR079C	YPR198W
YER024W	YPL031C
YDL153C	YPR178W
YJL074C	YKR009C
YHR148W	YPR137W
YDR150W	YLL039C
YML056C	YPL220W
YFL016C	YFR019W
YER006W	YGR245C
YGR136W	YNL293W
YMR186W	YPR152C
YMR112C	YNR010W
YDR086C	YHR027C
YBL030C	YPL063W
YLR399C	YNL107W
YHR077C	YMR080C
YIR010W	YJL154C
YIR010W	YJR068W
YGL203C	YLL039C
YMR323W	YOR351C
YFR034C	YGR159C
YDL140C	YER012W
YBR010W	YPL116W
YFR034C	YHL002W
YGL207W	YML069W
YIL078W	YOR117W
YMR139W	YPL141C
YGL179C	YKL206C
YDR356W	YGL093W
YDR227W	YOR191W
YBR152W	YGR075C
YGR186W	YNL255C
YGL180W	YNL314W
YDL042C	YNL031C
YGL180W	YIL077C
YDL140C	YDR404C
YBL018C	YNL221C
YIR010W	YLL008W
YCR073W-A	YER133W
YIL147C	YJR074W
YIL035C	YKL064W
YLR378C	YOR324C
YGR252W	YPR070W
YLL039C	YOL025W
YDR124W	YPL118W
YEL002C	YGL137W
YHR027C	YMR191W
YKL196C	YMR183C
YFR004W	YGR209C
YGL206C	YOR109W
YHR197W	YLL034C
YMR072W	YOL006C
YIL035C	YKL160W
YAL034W-A	YDL028C
YBL087C	YOL077C
YGL137W	YNL284C
YDL140C	YLL039C
YJR066W	YMR216C
YDR337W	YGR215W
YLR093C	YLR396C
YDR334W	YML041C
YMR140W	YPL037C
YHR200W	YJR065C
YLR018C	YPL169C
YGR060W	YLR056W
YGL059W	YJL084C
YDR365C	YDR388W
YLL011W	YNL186W
YDR068W	YDR264C
YER112W	YPR080W
YDL101C	YDR155C
YDL019C	YER120W
YDR456W	YOR125C
YDL002C	YNL255C
YBR195C	YLR017W
YGR270W	YJR068W
YBR253W	YOR174W
YJR042W	YPL169C
YIL136W	YNL121C
YGR192C	YJL039C
YCR002C	YJR092W
YMR072W	YNL255C
YDR155C	YFL014W
YMR139W	YOL053W
YCR042C	YDR145W
YGR004W	YHR114W
YBR040W	YCL040W
YNL157W	YPR080W
YGL076C	YHL034C
YGL180W	YJR092W
YNL272C	YOR267C
YDL147W	YFR052W
YDR092W	YHR137W
YDL212W	YEL017C-A
YGR126W	YJL106W
YCL040W	YLL039C
YGR252W	YNL031C
YGL180W	YNL272C
YCL010C	YGL066W
YER112W	YIL029C
YAL053W	YBR023C
YDR328C	YLR097C
YGL091C	YNL255C
YLL008W	YMR290C
YAL021C	YGR184C
YBR253W	YMR112C
YER151C	YLR197W
YER151C	YKL104C
YKR002W	YLL039C
YER151C	YER177W
YDL212W	YHR026W
YLL039C	YNL036W
YHR200W	YPL028W
YDR227W	YDR365C
YDR477W	YER040W
YIL035C	YKL088W
YJR110W	YLR002C
YER133W	YNL233W
YBR114W	YCR028C-A
YGL059W	YHR207C
YCR012W	YPR093C
YBR196C	YFR004W
YDL192W	YOR117W
YDR518W	YNL307C
YBR225W	YER133W
YDL002C	YGR192C
YAL021C	YER133W
YOL133W	YOR326W
YDL003W	YOR232W
YIR010W	YKL060C
YOR136W	YPL235W
YJR066W	YNL314W
YGL015C	YLR319C
YPR024W	YPR152C
YKR095W	YPL169C
YDR477W	YJL084C
YJL106W	YNL074C
YBR105C	YEL054C
YBR207W	YJL154C
YGL106W	YPR188C
YDR142C	YOR326W
YKL203C	YPL180W
YBR194W	YHR020W
YLR166C	YPR080W
YMR229C	YPL220W
YJL176C	YMR072W
YCL063W	YOR326W
YEL009C	YGR274C
YCR042C	YLL039C
YAL043C	YLL039C
YDR477W	YJL089W
YLR368W	YPR093C
YGR052W	YLL013C
YJR092W	YPL031C
YDR293C	YPL031C
YCR071C	YML025C
YCL024W	YLR319C
YGL120C	YKL009W
YER058W	YNL255C
YNL255C	YNL293W
YFL038C	YOL018C
YGR252W	YOL051W
YJR066W	YOR035C
YJR014W	YML010W
YGR245C	YNL002C
YML019W	YOR085W
YJL111W	YNR051C
YBR171W	YOR324C
YKR009C	YMR216C
YJL081C	YNL107W
YGR232W	YOL117W
YBL097W	YJR089W
YFL039C	YNL004W
YJL006C	YJR070C
YGL189C	YLL039C
YHR114W	YOR109W
YKL129C	YNL025C
YBR235W	YLR034C
YDL160C	YNL118C
YDR247W	YGR237C
YDR293C	YNR051C
YML017W	YPR152C
YHR200W	YOR261C
YAL053W	YLR083C
YGL124C	YLL039C
YCR088W	YGL206C
YDR508C	YKL220C
YBR052C	YLL039C
YDR068W	YNL255C
YMR049C	YNR051C
YGR005C	YGR063C
YER133W	YKL006W
YOL133W	YOR261C
YNL255C	YNL307C
YJL154C	YJR110W
YIL022W	YJL104W
YHR094C	YMR011W
YAR071W	YBR093C
YHR027C	YHR094C
YLR403W	YNL157W
YKL022C	YKL145W
YDR150W	YDR295C
YHR200W	YNL069C
YGL106W	YML034W
YDR499W	YMR303C
YDR359C	YJL098W
YLR190W	YOR326W
YER151C	YOL117W
YIR026C	YMR229C
YER125W	YGL087C
YHR135C	YKL023W
YKR020W	YNL255C
YDR466W	YHR088W
YDR319C	YLR452C
YKL068W	YMR080C
YBR036C	YHR140W
YOR141C	YOR290C
YGR174C	YNL255C
YLL039C	YOR353C
YBR272C	YGL048C
YDR244W	YNL044W
YER006W	YNR051C
YGR252W	YKR095W
YBR171W	YLR378C
YER050C	YPL013C
YDR227W	YJL019W
YDR032C	YPL031C
YNL255C	YPR103W
YDR356W	YKL042W
YER133W	YGR052W
YNL271C	YPR080W
YNL002C	YOL077C
YDR130C	YER025W
YGL115W	YJR083C
YJL106W	YLR457C
YIR026C	YKL023W
YLR208W	YNR051C
YGR217W	YLL039C
YDR477W	YGL023C
YDR477W	YOR018W
YAL034W-A	YKL103C
YLR441C	YPL220W
YGL001C	YGR175C
YIR010W	YPR088C
YER006W	YPR152C
YIL016W	YPR198W
YER020W	YMR186W
YGR060W	YJR010C-A
YBR010W	YPR052C
YFL039C	YLR093C
YDL115C	YGL180W
YGL189C	YHR114W
YDR171W	YGR092W
YFR004W	YPR069C
YGL120C	YLR275W
YBR298C	YML048W
YDL055C	YER151C
YFR014C	YKL151C
YER125W	YFR022W
YJR148W	YPL031C
YDL007W	YDL147W
YFR014C	YMR205C
YDL159W	YMR276W
YGR159C	YOR117W
YDL007W	YLR421C
YCR091W	YNL155W
YKR057W	YNR051C
YKL130C	YKL168C
YDR484W	YJL029C
YMR105C	YOR212W
YDR504C	YJL070C
YGL106W	YOR181W
YHL031C	YIL004C
YPL013C	YPL118W
YBL030C	YJL104W
YGL163C	YNL031C
YIL016W	YML075C
YDR225W	YDR334W
YBL011W	YPL031C
YFR031C-A	YGL099W
YDR436W	YFR003C
YGR119C	YPL169C
YGL180W	YHR073W
YKL035W	YLL039C
YFL047W	YNL180C
YKR014C	YLL039C
YDR346C	YIL035C
YDR240C	YDR432W
YLR150W	YPL146C
YBL067C	YOL087C
YGR038W	YMR296C
YCR077C	YMR002W
YDR155C	YPL146C
YIL035C	YPR152C
YJR112W	YOR360C
YGR232W	YHR200W
YBR079C	YIR010W
YBL030C	YPR191W
YFL039C	YOR122C
YKL173W	YMR240C
YBR126C	YLL039C
YNL255C	YPL158C
YBR010W	YDR225W
YAL043C	YLR115W
YCR094W	YGL203C
YDR009W	YML051W
YAL016W	YGL190C
YIL035C	YML069W
YIL108W	YOL126C
YAL021C	YPL037C
YLL039C	YMR036C
YER129W	YOR373W
YOL051W	YOR224C
YBL017C	YPL049C
YFR004W	YPL096W
YHR027C	YKL065C
YDR088C	YLR433C
YGL180W	YLR429W
YER074W	YNL301C
YMR036C	YPR191W
YDR411C	YFR004W
YDR497C	YGR130C
YIL035C	YLR197W
YBR036C	YPL057C
YHR135C	YMR303C
YFR004W	YNL118C
YLL034C	YOL133W
YHR027C	YJR104C
YDR359C	YEL013W
YGL203C	YML038C
YAL035W	YKR024C
YHR164C	YLR442C
YHR140W	YKL065C
YOL087C	YPR108W
YAL025C	YKL021C
YML112W	YNL118C
YCL010C	YMR080C
YLR029C	YNL069C
YBR031W	YPL220W
YER090W	YHR027C
YGL181W	YPL013C
YLR423C	YNL090W
YHL010C	YLR138W
YGR184C	YPL177C
YBR090C	YNL255C
YNL025C	YPL042C
YCR010C	YCR061W
YGL150C	YKL104C
YCR075C	YDR456W
YBR017C	YPR093C
YFR014C	YLR457C
YCR093W	YER112W
YBR102C	YIL068C
YGL026C	YHR027C
YGR274C	YKR062W
YKL173W	YLR275W
YDR293C	YLR190W
YJR066W	YKR093W
YGR020C	YLR447C
YOR181W	YOR367W
YFR052W	YKL145W
YHR020W	YJR077C
YDL192W	YLR083C
YDL080C	YLL039C
YBR036C	YDL212W
YLR399C	YML041C
YDR145W	YPL248C
YJR076C	YLR314C
YFL016C	YPR152C
YER032W	YJR089W
YGL222C	YNL255C
YHR004C	YMR165C
YNL086W	YOR174W
YMR201C	YOL090W
YGR174C	YLL039C
YDR080W	YMR197C
YOR290C	YPL016W
YDL192W	YKL196C
YLR455W	YMR290C
YEL061C	YOR058C
YCR091W	YML083C
YLR150W	YOR058C
YDR096W	YOR355W
YJL020C	YOR181W
YCL052C	YGR281W
YOL117W	YPL096W
YHR135C	YPL203W
YGL158W	YHR001W
YPL235W	YPR152C
YJL124C	YNL163C
YJR140C	YMR031C
YDR189W	YKL006C-A
YER151C	YJL130C
YKL039W	YNL255C
YBR126C	YHR200W
YDL147W	YOR117W
YJR091C	YLL039C
YFR051C	YGL203C
YBR284W	YDR328C
YLR203C	YPL004C
YNL255C	YOR006C
YDR466W	YOR141C
YDL134C	YLR429W
YNL255C	YOR223W
YDL239C	YOL091W
YMR182C	YPL031C
YAL018C	YHR114W
YER133W	YLR115W
YGL076C	YHR027C
YDR477W	YMR086W
YGR112W	YHR051W
YEL060C	YNL106C
YER055C	YHR027C
YDR477W	YFL054C
YER133W	YOR315W
YDR363W-A	YFR052W
YDR211W	YFR004W
YFR004W	YML100W
YER043C	YLL039C
YAL043C	YAL046C
YEL060C	YOR168W
YBR017C	YOR317W
YHR114W	YNL078W
YER012W	YFR052W
YDR363W-A	YER012W
YBL003C	YOR058C
YDR343C	YGR060W
YLL039C	YMR162C
YCR073C	YIL051C
YNL110C	YOR005C
YLL034C	YMR049C
YBR126C	YLR002C
YGL023C	YLR166C
YDR247W	YJR025C
YDR128W	YHL023C
YAL016W	YMR105C
YHR097C	YLR377C
YDR005C	YHR186C
YDR085C	YLR423C
YMR186W	YOR117W
YER112W	YNL255C
YDR254W	YIR010W
YNL255C	YPL119C
YJL057C	YNL117W
YAL016W	YLL039C
YDR356W	YNL030W
YIL036W	YIR010W
YML057W	YMR186W
YMR072W	YMR167W
YCR071C	YOR361C
YCR088W	YFL039C
YIL112W	YPL031C
YBR055C	YPR160W
YBR253W	YKR095W
YER047C	YJL019W
YGR119C	YJL039C
YNL216W	YPL248C
YDL055C	YMR229C
YKR054C	YNL271C
YJL123C	YNL255C
YGL207W	YNL030W
YFL029C	YGR080W
YMR080C	YPR080W
YJR076C	YNL078W
YBL088C	YDR369C
YNL055C	YNL106C
YFR004W	YML056C
YGL004C	YGR232W
YCR093W	YPL042C
YFR024C-A	YNL106C
YDL147W	YOL117W
YDR227W	YML041C
YGL180W	YIR003W
YBR194W	YDR074W
YDL028C	YDR211W
YJL153C	YLR027C
YDL043C	YNL210W
YDL138W	YLL034C
YDR443C	YGL151W
YDL147W	YDR427W
YJL098W	YOR267C
Q0085	YPL271W
YIL078W	YMR099C
YDR244W	YGL205W
YDL160C	YLL039C
YGL179C	YLL050C
YBR031W	YOL120C
YGL111W	YLL034C
YNL271C	YOR122C
YFR021W	YJR140C
YDR490C	YLR466W
YMR233W	YNL255C
YDR189W	YPL031C
YKL145W	YOR117W
YDR427W	YOR117W
YBR139W	YBR280C
YDR145W	YGL066W
YAL028W	YOR351C
YDR388W	YPR088C
YLR406C	YLR441C
YBR279W	YNL255C
YBR241C	YPL087W
YHR020W	YPR152C
YNL110C	YNR051C
YER125W	YJL084C
YGR080W	YNL110C
YDL189W	YIL122W
YNL255C	YPR088C
YFL039C	YGL015C
YDL147W	YGR092W
YCR093W	YPR072W
YKL016C	YNL255C
YDR443C	YNL025C
YKL135C	YPL259C
YFR004W	YLR197W
YGR063C	YGR186W
YGL190C	YNR032W
YMR049C	YPL042C
YDR436W	YPR005C
YDL140C	YPR093C
YEL009C	YLL039C
YDR328C	YFR004W
YDR343C	YJR066W
YGL120C	YKL173W
YDR130C	YHR020W
YDL042C	YIL035C
YGR252W	YPL016W
YGL059W	YGL180W
YDR171W	YLL039C
YKL149C	YLL039C
YML051W	YOR359W
YBR010W	YDR463W
YHR114W	YJL020C
YIL057C	YPL150W
YDL161W	YOR111W
YBL003C	YHR118C
YOR181W	YPL004C
YBR279W	YML010W
YOR380W	YPL031C
YER074W	YLR441C
YHR135C	YNL149C
YDR318W	YDR383C
YDL153C	YNL255C
YDR293C	YIR010W
YER151C	YLR175W
YDR145W	YGR252W
YDR520C	YPR034W
YLL039C	YMR246W
YDR225W	YPL248C
YFR004W	YGL207W
YBR044C	YLL041C
YBR087W	YDR171W
YDR306C	YER043C
YBR105C	YDR171W
YBR114W	YGR192C
YER112W	YKL173W
YBR183W	YDR506C
YLL060C	YLR429W
YFR021W	YJR025C
YDL006W	YGL158W
YER125W	YNL305C
YKL021C	YMR049C
YLR447C	YOR270C
YJL019W	YNR031C
YOR177C	YPL031C
YHR090C	YMR216C
YER151C	YPR137W
YPL042C	YPR070W
YKL085W	YOL128C
YBR011C	YFR004W
YPL004C	YPL150W
YBR087W	YLL039C
YGR175C	YHR020W
YOL091W	YOR177C
YDL192W	YOR106W
YDR365C	YPL146C
YPL031C	YPL249C
YHR122W	YNL240C
YIR010W	YNL301C
YNR016C	YNR051C
YAL021C	YPR072W
YLR328W	YPL259C
YKL160W	YPL141C
YDL147W	YFR004W
YHR114W	YKL129C
YHR094C	YHR200W
YDL215C	YGR104C
YOL083W	YPR049C
YDR427W	YLL039C
YBL003C	YNL031C
YDR359C	YPR023C
YFL039C	YOR141C
YHR088W	YMR049C
YDR354W	YPL031C
YGR250C	YML105C
YGR074W	YOR308C
YDL140C	YGR274C
YLR005W	YPR025C
YLR148W	YOR106W
YNR051C	YPL049C
YFR004W	YKL035W
YNL177C	YPR191W
YJL084C	YKL135C
YDR425W	YGL059W
YBR207W	YOR270C
YDR306C	YKL085W
YJL034W	YJR104C
YDR289C	YER112W
YML056C	YNL255C
YLR208W	YML130C
YJL176C	YPL016W
YIL106W	YJR089W
YDR159W	YJL039C
YJR066W	YOR008C
YJR066W	YOL030W
YIL026C	YJL074C
YKL062W	YPL203W
YFR015C	YLR369W
YBR194W	YER151C
YGL208W	YOR136W
YKL016C	YML081C-A
YGL206C	YHR200W
YDR032C	YLL039C
YER012W	YMR186W
YBL017C	YJL178C
YIL051C	YNR051C
YER133W	YLR441C
YGR232W	YLR029C
YDR475C	YIR010W
YGL181W	YMR182C
YLR406C	YNL110C
YOR174W	YPR070W
YDL140C	YDR432W
YDL006W	YKL168C
YER133W	YPL237W
YCL024W	YCL035C
YNL301C	YOL120C
YHR114W	YLR337C
YDL092W	YNR051C
YML017W	YNL157W
YMR186W	YOL090W
YFR014C	YMR165C
YNL084C	YOR329C
YLR396C	YPL045W
YGR092W	YJR060W
YPL031C	YPR042C
YDR482C	YLR117C
YMR039C	YPL031C
YDR432W	YGL207W
YMR192W	YPL249C
YDR334W	YPL235W
YER047C	YKL032C
YLR314C	YLR356W
YDR436W	YGR252W
YIL035C	YOL026C
YLL013C	YLR423C
YDL147W	YMR294W
YDL054C	YDR307W
YML117W	YNL251C
YDL140C	YOL145C
YCL031C	YFR024C-A
YMR031C	YMR086W
YGR181W	YLR166C
YBL056W	YOR086C
YGR116W	YNL118C
YBL003C	YBR017C
YGR289C	YPR028W
YER018C	YPL016W
YGL201C	YHR114W
YJR035W	YNL084C
YER133W	YOR178C
YCL048W	YCR024C
YER012W	YNR051C
YHL034C	YKL182W
YFR053C	YJR091C
YCL024W	YNL113W
YHR140W	YJL196C
YGL059W	YMR140W
YBR055C	YMR240C
YCR077C	YIR010W
YML014W	YNR046W
YLR128W	YOL133W
YIL062C	YPR093C
YJL178C	YOL018C
YGL158W	YGR063C
YBL017C	YGL206C
YER018C	YIR025W
YGL227W	YIL097W
YNL078W	YNL307C
YER125W	YLR326W
YBL050W	YIL004C
YKL133C	YNL118C
YDR225W	YDR227W
YBL075C	YNL293W
YDR244W	YKL197C
YDR369C	YNL084C
YDL072C	YER120W
YER177W	YNL255C
YBR193C	YOL051W
YDR407C	YML077W
YFR024C-A	YNL020C
YLR018C	YPR080W
YDL113C	YPR049C
YLR072W	YPR152C
YDR075W	YML010W
YGL048C	YHL030W
YGL120C	YGR159C
YKR066C	YPL004C
YNL307C	YOR266W
YJR061W	YKL168C
YDR211W	YNL255C
YJL020C	YPR072W
YHR023W	YOR035C
YDR363W-A	YPR045C
YHR114W	YMR232W
YDR365C	YIL142W
YOL016C	YOR264W
YAR066W	YNL255C
YDL192W	YPL232W
YBL003C	YOL051W
YHR020W	YLR452C
YKL183W	YNL104C
YFL044C	YLL039C
YER151C	YNL055C
YFR014C	YGL207W
YBL106C	YHR161C
YDR328C	YEL051W
YLR175W	YOR267C
YLR421C	YMR191W
YDR325W	YLL039C
YGL203C	YGR020C
YGR048W	YKR002W
YDR159W	YJL061W
YER012W	YHR027C
YDR477W	YLL039C
YMR319C	YNL255C
YHR135C	YMR036C
YDR277C	YKL129C
YBR041W	YOR317W
YDL192W	YMR183C
YNR054C	YOR361C
YER020W	YPL221W
YER006W	YLL008W
YDR227W	YMR284W
YGR234W	YKL157W
YDR147W	YHR087W
YDR005C	YGR246C
YGR234W	YPL031C
YNL272C	YPL141C
YDL219W	YNL255C
YDL028C	YGL093W
YDR328C	YOR089C
YOR359W	YPL031C
YER116C	YOR058C
YPL220W	YPR080W
YMR196W	YNL020C
YDR254W	YDR383C
YDR073W	YPL016W
YGR092W	YKL104C
YHR033W	YOR351C
YCR028C-A	YGR130C
YJL034W	YNL255C
YER129W	YIL035C
YLR131C	YNL157W
YBL074C	YPR178W
YER178W	YOR117W
YIL093C	YPL118W
YFR014C	YPR171W
YIR010W	YNL113W
YNL255C	YNL313C
YDR353W	YNL180C
YGL115W	YNR051C
YHR094C	YOR316C
YLR330W	YPR080W
YER006W	YLR002C
YEL002C	YLL039C
YER074W	YLR150W
YKL210W	YOR117W
YDR507C	YLR208W
YGL180W	YKR041W
YBR221C	YDR430C
YDR012W	YPL220W
YDR346C	YPR118W
YHR027C	YLR029C
YDL042C	YGR192C
YLL039C	YPL152W
YDL153C	YOR267C
YLR233C	YML038C
YGR020C	YPL201C
YDR477W	YPL248C
YDR386W	YGR234W
YER048C	YLR429W
YDL076C	YER088C
YGL171W	YHR148W
YLR134W	YLR175W
YER133W	YFR015C
YDL042C	YGR052W
YHR034C	YPL146C
YDR477W	YNL227C
YHR140W	YIL114C
YBR010W	YLR320W
YER088C	YML010W
YBR272C	YOR261C
YBL003C	YDL002C
YIR010W	YOR141C
YGL059W	YGR249W
YDR404C	YER125W
YAL035W	YPL005W
YKL196C	YLL039C
YGL022W	YLR378C
YFR004W	YJR104C
YBL003C	YMR049C
YER006W	YJR110W
YDR155C	YPL235W
YNL084C	YNL250W
YLR227C	YOR284W
YGR270W	YPL235W
YCR088W	YIR003W
YNL216W	YOR290C
YIL078W	YLL039C
YGL180W	YGL209W
YDR365C	YDR507C
YHR135C	YJL061W
YDL153C	YNL307C
YER094C	YFL007W
YJR001W	YPL031C
YKL085W	YNR001C
YER074W	YFR031C-A
YMR080C	YNL118C
YIR010W	YJL034W
YHR200W	YOR007C
YLR216C	YMR303C
YKL006W	YNR051C
YDL134C	YIL153W
YNL118C	YOR124C
YDR293C	YHR079C
YBR126C	YHL034C
YDR483W	YHR096C
YGL023C	YNL255C
YLR087C	YNL255C
YNL216W	YPR104C
YGR195W	YNL232W
YGL189C	YLR150W
YDR195W	YKL059C
YLR117C	YLR424W
YDR005C	YIL035C
YDR130C	YER133W
YGR278W	YKL173W
YNL002C	YNR051C
YFR037C	YKR008W
YLL039C	YMR104C
YDR247W	YJR049C
YDR328C	YER062C
YCL032W	YDR032C
YLL039C	YOR087W
YDL239C	YOR373W
YKL058W	YNL306W
YDL230W	YNL307C
YLL039C	YLR175W
YBR087W	YNL255C
YGR287C	YOR351C
YDL192W	YHR094C
YGL158W	YNR023W
YDR207C	YNL097C
YBR172C	YNR051C
YBL003C	YMR186W
YDR365C	YIL035C
YER050C	YNL081C
YBR170C	YGR048W
YDR012W	YGL111W
YGL206C	YJL153C
YER093C	YIR010W
YMR314W	YOR261C
YBR221C	YGR193C
YDR289C	YNL255C
YCL031C	YHL002W
YGL048C	YGR232W
YFR004W	YGR092W
YMR112C	YOR174W
YLR384C	YML010W
YPL031C	YPL203W
YNL255C	YOR182C
YBL087C	YNR051C
YDR100W	YNL315C
YER112W	YOL149W
YDR257C	YPL031C
YCR091W	YJL089W
YBL030C	YNL052W
YGR205W	YOL016C
YIR010W	YJR045C
YDR086C	YKL145W
YDL055C	YGL137W
YFL007W	YMR314W
YHL012W	YML051W
YBR046C	YNL172W
YDR404C	YPL203W
YIL022W	YPL063W
YDR081C	YIR010W
YDR353W	YGR099W
YGR027C	YLL039C
YDR411C	YHR027C
YDR277C	YKL038W
YDL051W	YPL031C
YDL042C	YNL113W
YAL016W	YHR158C
YIR001C	YMR198W
YDR497C	YNL307C
YHR088W	YNL255C
YDR225W	YOL006C
YLR206W	YML051W
YBR055C	YKL157W
YGR281W	YHR001W
YLR377C	YML016C
YPL003W	YPR066W
YDR456W	YPL092W
YKL145W	YPL096W
YDR354W	YHR200W
YCR093W	YDL160C
YNL255C	YOR236W
YKL145W	YOL145C
YBR010W	YGR252W
YIL016W	YPL274W
YHR079C	YOL148C
YDL192W	YOL129W
YKR025W	YNL113W
YBL003C	YCR028C-A
YDL055C	YGR130C
YKL021C	YLR197W
YDR211W	YLL039C
YBL017C	YJL053W
YBL101C	YOL122C
YFR014C	YPL139C
YDR498C	YJL019W
YAL035W	YLR175W
YCR028C-A	YCR093W
YDR073W	YJL176C
YJR089W	YJR112W
YJL083W	YPL109C
YDL238C	YHR047C
YNL255C	YPL037C
YBL030C	YOR117W
YER018C	YNR069C
YHR197W	YML010W
YLR447C	YOR028C
YGL207W	YLL039C
YDR456W	YGR216C
YDR388W	YLR337C
YCR030C	YPL221W
YBR107C	YOR030W
YMR186W	YPL001W
YMR229C	YOL120C
YMR091C	YMR186W
YFR014C	YJL160C
YGL164C	YNL255C
YDR032C	YML064C
YLL039C	YPR030W
YFR037C	YGR056W
YER012W	YOR117W
YER125W	YPR030W
YJR134C	YNL271C
YDR264C	YFR051C
YBR279W	YKL145W
YBR055C	YPL028W
YER020W	YOL105C
YER013W	YER151C
YML092C	YMR314W
YLL039C	YLR206W
YLR441C	YNL069C
YDL101C	YMR226C
YGL181W	YPR171W
YDR306C	YOL025W
YHR140W	YIR038C
YGR275W	YJL176C
YCR075C	YOL016C
YBR023C	YNL255C
YBR079C	YNL289W
YMR139W	YMR165C
YCR088W	YLL039C
YOR023C	YPL248C
YDL043C	YLL014W
YBL050W	YNR051C
YDL101C	YHR067W
YDL222C	YKL094W
YMR244C-A	YNL255C
YEL051W	YMR105C
YDR122W	YPR115W
YDR470C	YOR211C
YIL078W	YNR051C
YHR072W	YMR015C
YDR003W	YER125W
YJL074C	YNL030W
YLR194C	YNL050C
YDL176W	YMR135C
YHR158C	YPR179C
YER017C	YMR115W
YJL034W	YOR081C
YLR138W	YML016C
YBR053C	YLL039C
YBR017C	YDR225W
YBR139W	YLL039C
YHR200W	YKL104C
YGL076C	YGL111W
YDL134C	YPL004C
YGL048C	YHR027C
YGL206C	YLR170C
YJL124C	YNL118C
YCL040W	YOR117W
YDR328C	YER103W
YFR024C-A	YNL255C
YHL010C	YLL039C
YMR140W	YNR031C
YGR245C	YHR197W
YDR477W	YMR104C
YBR129C	YOR181W
YDR353W	YGR209C
YJL106W	YOR239W
YGR267C	YLR132C
YEL017C-A	YJL108C
YDR388W	YER003C
YER128W	YOL016C
YBR010W	YBR017C
YLR275W	YPR152C
YFR004W	YGL099W
YER003C	YER013W
YDL192W	YHR027C
YFR034C	YGL134W
YGL048C	YLL034C
YHR118C	YMR036C
YAL017W	YPR034W
YJL196C	YPR028W
YGL104C	YKL065C
YGR037C	YOR181W
YGL120C	YHL034C
YEL046C	YGR092W
YHR135C	YNL165W
YBL023C	YPL001W
YER182W	YKL142W
YHR135C	YJL084C
YER006W	YNL227C
YML010W	YML069W
YBL003C	YNL308C
YFR024C-A	YKL068W
YDR477W	YGL207W
YDR122W	YHR158C
YKL009W	YNL069C
YDR443C	YGR104C
YDL122W	YDR291W
YHR200W	YMR191W
YGR270W	YNR016C
YAL035W	YPL237W
YAL032C	YGR278W
YDR328C	YJR033C
YFL054C	YML006C
YNL271C	YNL293W
YDL122W	YMR049C
YDL140C	YHR187W
YAL042W	YFR052W
YDR005C	YJR066W
YDL239C	YGR268C
YBR177C	YKL094W
YKR038C	YNL255C
YBR272C	YFR052W
YJR125C	YOR036W
YDR307W	YML048W
YDR430C	YNL071W
YDR122W	YDR162C
YDR247W	YKR049C
YBL011W	YOR267C
YLR175W	YML010W
YGL115W	YPR160W
YNL251C	YPR080W
YDL005C	YML051W
YDR074W	YPR152C
YLR132C	YLR423C
YEL013W	YJR091C
YBR280C	YOL133W
YNR016C	YPR152C
YGL106W	YPL040C
YJL130C	YNR051C
YOR281C	YPL141C
YDL192W	YOL018C
YDR481C	YLL039C
YLR166C	YPL053C
YDR479C	YGL104C
YJL083W	YPL004C
YJL176C	YNL030W
YGL048C	YKL145W
YBR017C	YBR120C
YEL051W	YJL151C
YFR024C-A	YGL238W
YHR119W	YNL031C
YNL055C	YNR010W
YFR004W	YHR027C
YER026C	YHR140W
YBR023C	YJR125C
YFL014W	YFR004W
YDR100W	YDR264C
YOL051W	YOR174W
YJL036W	YPL174C
YFL033C	YGR276C
YDR145W	YGR130C
YNL255C	YPL091W
YDL155W	YOR081C
YER178W	YNL255C
YGL120C	YNL308C
YDR056C	YKL207W
YGR010W	YLR328W
YHR135C	YKR041W
YDR379W	YPR152C
YGR281W	YLR441C
YDR363W-A	YPR108W
YER151C	YNL002C
YMR049C	YPL141C
YDR328C	YKL006W
YLL034C	YOL136C
YNL255C	YOR086C
YFL008W	YIL026C
YCR061W	YLL039C
YER020W	YHR001W
YHR135C	YNL022C
YHR026W	YPR198W
YLL039C	YNL307C
YDR012W	YHR088W
YGR192C	YMR086W
YEL002C	YOR103C
YLL039C	YLR017W
YHL022C	YPR007C
YDR330W	YHR135C
YBL017C	YJL154C
YFL033C	YMR155W
YFR014C	YLL039C
YER177W	YKL140W
YCR094W	YFL047W
YLR227C	YOR373W
YHR135C	YLR265C
YIL065C	YLL001W
YFR004W	YLR384C
YBR107C	YLR381W
YLR411W	YNL255C
YLL009C	YLL013C
YOR326W	YPL269W
YBR031W	YKL180W
YBR194W	YLL013C
YDR507C	YHR107C
YBR278W	YOL077C
YAL034W-A	YCL024W
YDL147W	YER012W
YHR158C	YKR054C
YGL180W	YGR249W
YFR014C	YOR141C
YML064C	YMR055C
YFR034C	YLR197W
YHR079C	YIL135C
YDL106C	YDR146C
YDL020C	YKL145W
YHR096C	YKL203C
YDR338C	YLL039C
YER072W	YJL012C
YGR072W	YHR077C
YDR356W	YNL053W
YER116C	YML032C
YCL032W	YPR075C
YLL039C	YPL061W
YGL207W	YLR150W
YOR301W	YPL031C
YBL017C	YDR100W
YIL016W	YNL255C
YCR077C	YFR036W
YER025W	YER151C
YML048W	YPL274W
YFL008W	YHL020C
YER106W	YLR320W
YDR145W	YGL150C
YER151C	YGR027C
YKR095W	YPR052C
YDR118W	YGL115W
YIL022W	YJR045C
YIR038C	YOL126C
YJL130C	YMR246W
YDL054C	YDL212W
YBL030C	YLR038C
YHR090C	YPL031C
YFR004W	YLR303W
YBR031W	YFR004W
YBR169C	YOR007C
YDL230W	YGL158W
YBR044C	YLR435W
YDR189W	YIL004C
YKL023W	YLR398C
YGR175C	YLL039C
YER006W	YJL130C
YKR067W	YLL039C
YHL034C	YIR010W
YDR166C	YGR037C
YDR216W	YGR274C
YGL022W	YLL039C
YBR196C	YGL229C
YLR254C	YLR314C
YEL047C	YPL031C
YDR409W	YJL020C
YDR343C	YLL039C
YDL031W	YMR290C
YDR150W	YLL001W
YKR093W	YPR079W
YMR127C	YOL030W
YBL003C	YJL034W
YKL127W	YPL031C
YGL025C	YLR315W
YJL130C	YOR136W
YGL038C	YHR181W
YNL255C	YOR051C
YJL013C	YOR026W
YDL042C	YHR119W
YDR499W	YHR164C
YDL169C	YNL172W
YFR004W	YIR011C
YML064C	YPL242C
YIL038C	YPL037C
YKL002W	YPR173C
YDL005C	YNR010W
YFR014C	YHR033W
YDR407C	YEL048C
YNR019W	YOR267C
YFR004W	YFR024C-A
YDL160C	YIL106W
YDL043C	YPR178W
YHR186C	YPR129W
YJL196C	YJR010C-A
YDR507C	YLL054C
YGR027C	YNR051C
YBR194W	YGL099W
YKR014C	YNL255C
YJR161C	YLL039C
YCL024W	YDR507C
YDR085C	YHR107C
YFR021W	YFR024C-A
YER103W	YFR004W
YAL016W	YJR066W
YAL032C	YNL246W
YGL099W	YMR229C
YER125W	YNL157W
YIL093C	YOR158W
YAL016W	YIL153W
YNR024W	YOL115W
YDL055C	YLR435W
YNL255C	YOL155C
YDL003W	YMR129W
YPL161C	YPR198W
YDL239C	YOR380W
YHR094C	YJR066W
YJR076C	YLL019C
YGR056W	YKR008W
YER177W	YIR003W
YKL193C	YML016C
YER043C	YML095C
YHR027C	YOR185C
YGL115W	YML110C
YER050C	YMR290C
YDR130C	YGR113W
YDR476C	YIR038C
YGL180W	YNL149C
YHR027C	YOR351C
YHR020W	YNR051C
YCL063W	YEL013W
YDR379W	YNL307C
YDR346C	YNL255C
YDR328C	YER012W
YER020W	YJL106W
YCR042C	YLR115W
YGL158W	YOR174W
YMR229C	YMR290C
YCL024W	YMR140W
YER072W	YOR270C
YKL035W	YPL031C
YNL030W	YNL031C
YLL039C	YMR186W
YGL099W	YLL039C
YER154W	YOL016C
YHR195W	YJL108C
YBL088C	YDL101C
YBR055C	YER003C
YBR207W	YDR100W
YGR234W	YOR117W
YER044C	YGL001C
YIR026C	YJL083W
YGL181W	YGR192C
YOR308C	YPR178W
YEL048C	YER090W
YBR169C	YMR186W
YDL101C	YDR171W
YDR318W	YDR328C
YDL101C	YJR056C
YLR015W	YLR246W
YDL007W	YOR261C
YKL198C	YMR229C
YDL150W	YKR025W
YFR051C	YLR083C
YBR255W	YIL106W
YGR027C	YGR252W
YBL003C	YLR002C
YDR092W	YLL039C
YKL203C	YOR008C
YBL030C	YLR348C
YDR388W	YOR138C
YER149C	YJL074C
YGR252W	YKL104C
YJR009C	YNL255C
YGR270W	YLR274W
YCR088W	YFR004W
YDR050C	YKL060C
YLL019C	YOL016C
YJL157C	YOR212W
YGL150C	YJL081C
YGL190C	YHR033W
YJL047C	YOL063C
YHR001W	YPL221W
YDL090C	YMR139W
YGL115W	YMR291W
YBR095C	YDL076C
YML026C	YNL255C
YER125W	YMR216C
YFR024C-A	YMR232W
YMR216C	YNL027W
YGR048W	YLL039C
YDL043C	YDR180W
YMR314W	YPR108W
YNL255C	YNR036C
YKR081C	YMR229C
YKL180W	YPL220W
YNL041C	YNR011C
YFR024C-A	YJL045W
YCR091W	YDR007W
YDR093W	YKL203C
YGR275W	YOR290C
YLL011W	YMR229C
YDL155W	YDR507C
