YIL135C	YMR139W
YER125W	YHR135C
YPL115C	YPL161C
YML009C	YNL284C
YHR037W	YPL240C
YIR010W	YJR009C
YJR047C	YPL141C
YDR477W	YLR132C
YCL035C	YMR059W
YBL072C	YOR078W
YKL059C	YNL255C
YGL120C	YGR220C
YDL126C	YER012W
YDR448W	YHR058C
YBL032W	YCL028W
YDR320C	YJR135C
YCR028C-A	YKL114C
YDR383C	YIR010W
YDR392W	YOL148C
YER142C	YOL041C
YJL052W	YOL013C
YHR027C	YOL133W
YJL164C	YKL079W
YGR238C	YHR158C
YBL072C	YPL012W
YGL158W	YHR185C
YDR113C	YHR166C
YER151C	YLR208W
YER018C	YHR058C
Q0085	YDL004W
YIR037W	YLR216C
YDR448W	YOR257W
YFR004W	YMR314W
YKL139W	YOL012C
YER094C	YOR157C
YDL126C	YDL190C
YIL075C	YOL117W
YBR052C	YLL028W
YIR010W	YJL109C
YER177W	YPR030W
YDR326C	YIR010W
YML123C	YNR041C
YBR106W	YML075C
YGL158W	YOR018W
YCR031C	YLR340W
YML085C	YNL223W
YBL032W	YBR215W
YDR224C	YKL103C
YBL026W	YDR473C
YHR135C	YLR410W
YDL088C	YDR159W
YDR432W	YPL055C
YKL079W	YNL154C
YIR010W	YKR083C
YJL154C	YKL171W
YBL050W	YPL232W
YER118C	YHR140W
YGL073W	YKL062W
YML123C	YOR016C
YER177W	YPR152C
YIR010W	YJL065C
YHR198C	YML064C
YBL032W	YKL198C
YLR419W	YMR117C
YDL185W	YKL029C
YKR014C	YMR231W
YER151C	YIL109C
YDR129C	YNL135C
YNL230C	YPL004C
YBR106W	YCR028C
YDR406W	YLR055C
YCL043C	YIR001C
YDL031W	YLL045C
YDR225W	YOR005C
YDR364C	YLL036C
YDR224C	YDR227W
YDR251W	YJR059W
YFL004W	YNL255C
YMR081C	YPL203W
YMR233W	YOL006C
YMR168C	YPL018W
YJL013C	YPL209C
YDR159W	YHR127W
YHR083W	YNL026W
YNL197C	YOR149C
YDL134C	YOR073W
YIR010W	YLR430W
YDR190C	YGR086C
YEL002C	YML075C
YKR018C	YPR106W
YLR208W	YPR181C
YMR317W	YNL255C
YER012W	YLR058C
YML064C	YOR373W
YPL070W	YPR152C
YJR017C	YLR216C
YER151C	YOL082W
YAL034W-A	YNL154C
YAL005C	YBR115C
YCR093W	YOL133W
YBL032W	YLR466W
YDR216W	YER118C
YAL029C	YMR139W
YLR238W	YMR052W
YHL004W	YNL005C
YNL255C	YOL013W-A
YGR183C	YNL197C
YGR013W	YPL178W
YLR432W	YNL255C
YJL041W	YLR312W-A
YKL161C	YPL089C
YKL139W	YLR438W
YEL048C	YGR040W
YBL023C	YDR473C
YKL203C	YOR035C
YHR058C	YNL255C
YGR040W	YNL186W
YJL164C	YKL171W
YDR130C	YLR340W
YJL081C	YLR399C
YLL045C	YLR432W
YIL133C	YOL041C
YGR167W	YJL057C
YBR208C	YOL133W
YFR004W	YLR043C
Q0085	YKL016C
YDR457W	YNL031C
YJR059W	YKR092C
YDR032C	YHR135C
YHR135C	YOR344C
YDR244W	YML042W
YGR235C	YJL164C
YDL028C	YDL203C
YER151C	YJR123W
YNL154C	YPL191C
YJR135C	YLR315W
YDR264C	YJR040W
YGL209W	YNL197C
YPL012W	YPL216W
YMR001C	YOR372C
YJL014W	YLR196W
YLR435W	YNL255C
YBR106W	YNL101W
YGR284C	YNL197C
YEL071W	YKL103C
YDR328C	YLR399C
YBL032W	YML109W
YBL030C	YLR203C
YBR056W	YFR004W
YAL005C	YFR019W
YBR194W	YPR152C
YCL056C	YDR142C
YDR142C	YGR077C
YNL092W	YOR159C
YDL155W	YGR086C
YDR392W	YLR055C
YDR130C	YGL093W
YKL214C	YMR004W
YBL032W	YLR328W
YFR004W	YOR168W
YDL164C	YDR100W
YNL015W	YOR168W
YCR073W-A	YER151C
YBR194W	YIR006C
YHR200W	YPL240C
YDR247W	YKL193C
YBL105C	YER151C
YER125W	YGR052W
YJL136C	YNL255C
YER151C	YJR045C
YER122C	YIL095W
YMR001C	YPL192C
YGL158W	YGR276C
YDR129C	YMR246W
YKL145W	YOR362C
YDL222C	YHR094C
YDR247W	YHL024W
YHR135C	YKL093W
YGL146C	YOR005C
YBR207W	YPL203W
YBL032W	YGR097W
YDR381W	YKL212W
YGR072W	YMR080C
YNL230C	YOL041C
YFR017C	YNL197C
YER172C	YNR011C
YGL105W	YLR138W
YGR132C	YJL183W
YBL032W	YOR247W
YIL153W	YLR423C
YGL200C	YGR284C
YCL024W	YGR231C
YBR036C	YPR198W
YJL042W	YOL069W
YBR080C	YIL004C
YGR225W	YKL022C
YLR248W	YPR091C
YMR072W	YPL082C
YBL023C	YLL004W
YBR151W	YNL126W
YDR071C	YER151C
YIL034C	YLR196W
YDL175C	YPR191W
YOR224C	YPL225W
YAR035W	YBL032W
YBL032W	YPL011C
YDL107W	YGR062C
YBL033C	YNL255C
YBR239C	YNL197C
YER177W	YFR017C
YDR016C	YDR201W
YKL151C	YPL070W
YBL105C	YIL143C
YGR284C	YOR016C
YIL095W	YLR196W
YJR045C	YOR232W
YDL102W	YJR059W
YHL003C	YOR223W
YDR228C	YJR022W
YDL088C	YNL154C
YHR161C	YNL020C
YGL022W	YMR149W
YCR077C	YDL065C
YIL027C	YPL070W
YNL131W	YOR039W
YNL197C	YNL268W
YGR121C	YHR140W
YDR424C	YIL095W
YDR381W	YDR432W
YGR027C	YGR086C
YDL125C	YNL154C
YGL158W	YGR223C
YDL214C	YGR276C
YOR106W	YPL045W
YGR090W	YHR148W
YDL155W	YNL076W
YFR004W	YIL109C
YDR190C	YPL240C
YBL032W	YDR438W
YGR195W	YNL189W
YHR027C	YPR165W
YER125W	YHR200W
YJL057C	YML117W
YIL021W	YPL203W
YNL066W	YNL154C
YJL176C	YPR034W
YIL113W	YNL138W
YER151C	YOR361C
YDL214C	YGL115W
YBL002W	YER030W
YGL053W	YML029W
YIR010W	YPR129W
YGL055W	YKL088W
YMR049C	YOR361C
YDR364C	YDR523C
YKR002W	YNL189W
YLL026W	YOL111C
YLR423C	YOR357C
YBL061C	YDR247W
YDL233W	YER018C
YDR016C	YGL061C
YDL065C	YOL147C
YDR486C	YLR181C
YNL255C	YPL170W
YHR135C	YPR019W
YBR052C	YOL105C
YNL124W	YOL040C
YML015C	YPL011C
YBR114W	YJR052W
YFR004W	YGL054C
YER151C	YJR064W
YJR045C	YLR362W
YIL125W	YKL198C
YAL005C	YCR009C
YLR430W	YNL073W
YKL049C	YNL246W
YGR279C	YNL255C
YKL103C	YOL082W
YKL013C	YNL255C
YOR224C	YPL129W
YER161C	YLR389C
YAR003W	YBL026W
YGL158W	YLL057C
YCL027W	YLR117C
YBL032W	YDR523C
YBR161W	YMR091C
YLL028W	YLR221C
YAR031W	YDL054C
YBL032W	YNL186W
YNL154C	YOR208W
YFR004W	YPL262W
YAL040C	YNL189W
YHR027C	YJL001W
YGR161C	YMR299C
YDL191W	YER151C
YER120W	YHR027C
YGL059W	YLL028W
YDL188C	YNL085W
YLL019C	YNL189W
YIR010W	YML032C
YOR117W	YPL240C
YBR161W	YJL014W
YDR190C	YPR152C
YCR042C	YKR002W
YLR370C	YNL138W
YKL035W	YPL240C
YAR019C	YCL035C
YGR192C	YOR117W
YBL072C	YDL060W
YDR128W	YER182W
YDR195W	YML010W
YDR100W	YDR479C
YCR024C	YER125W
YKL203C	YNL135C
YDR293C	YMR105C
YFR021W	YFR040W
YJR065C	YLR429W
YDL047W	YGR184C
YBL032W	YER172C
YPL084W	YPR173C
YGR040W	YPL240C
YGL002W	YOR016C
YHR027C	YLL050C
YLR304C	YMR246W
YGR262C	YHR027C
YIR010W	YOR267C
YBL105C	YMR219W
YBL105C	YML109W
YBL032W	YJR151C
YBL002W	YDR110W
YLR148W	YMR197C
YDR052C	YMR001C
YIL027C	YMR149W
YDL101C	YHR185C
YKR014C	YOR375C
YAL014C	YMR197C
YCR077C	YDL165W
YDR110W	YML064C
YFL039C	YKL196C
YKL029C	YPL235W
YKL079W	YPR049C
YDR328C	YMR168C
YDR129C	YOL013C
YBR106W	YHR123W
YJR059W	YMR081C
YBR274W	YLR152C
YFR004W	YNL302C
YHL025W	YNR023W
YDL191W	YNL255C
YJL006C	YPL240C
YDR424C	YKR054C
YDR224C	YER030W
YDL002C	YFL039C
YNL197C	YOR269W
YBR200W	YDR306C
YDL047W	YER155C
YGR017W	YLR410W
YDR113C	YFR036W
YBL026W	YOR017W
YDR432W	YLL036C
YDR259C	YNL154C
YCR028C-A	YML032C
YDR088C	YHR023W
YLL045C	YOL041C
YGL120C	YLL019C
YKL203C	YPL249C
YBR260C	YHR107C
YHR107C	YPL240C
YBL031W	YGL158W
YDR477W	YKL079W
YCR014C	YGL157W
YBR217W	YNR007C
YBL041W	YGR253C
YIR011C	YNL189W
YGR156W	YKL059C
YDR190C	YPL129W
YIR010W	YNL172W
YHR135C	YNL272C
YDL185W	YDR328C
YOR250C	YPL203W
YGL059W	YOR083W
YBR102C	YBR200W
YBL026W	YMR268C
YPL210C	YPL243W
YNL197C	YPR129W
YGR013W	YPR182W
YGL129C	YIL093C
YBR295W	YIL030C
YNL255C	YOR257W
YLR312C	YOL088C
YIL149C	YNL126W
YGR220C	YMR098C
YGR268C	YHL002W
YDR138W	YEL060C
YNL014W	YOR117W
YLR328W	YNL189W
YBL032W	YPR040W
YAL016W	YPL152W
YDL037C	YNL197C
YDR432W	YOR151C
YDR501W	YFR051C
YDR026C	YPL174C
YER125W	YJL140W
YNL255C	YPR191W
YJL014W	YOR230W
YMR059W	YNL135C
YGR192C	YJL052W
YBR194W	YML010W
YDR225W	YNL255C
YMR008C	YNL197C
YAL005C	YOL111C
YBR194W	YOL016C
YGR094W	YIL095W
YER022W	YGL151W
YBR194W	YLR196W
YDL053C	YPL140C
YHR193C	YHR200W
YHR027C	YLR370C
YBL032W	YBR289W
YDR477W	YNL257C
YGR168C	YNL154C
YJR091C	YKL204W
YBR023C	YLR242C
YDR523C	YOR157C
YER161C	YLL022C
YOR083W	YPL240C
YGR027C	YPL004C
YAR042W	YGR192C
YBL032W	YPR132W
YFR015C	YGL134W
YBR168W	YDL065C
YBL032W	YER085C
YGL067W	YJR059W
YNL124W	YOL149W
YCR002C	YDR085C
YHR174W	YNL255C
YLR385C	YOL012C
YER155C	YPL210C
YHL030W	YOL133W
YBR106W	YKR106W
YER032W	YLR456W
YLR006C	YNR031C
YBR133C	YKL101W
YNL135C	YPL049C
YHR083W	YMR203W
YKL013C	YNR035C
YJL076W	YOR341W
YDL020C	YHR200W
YJL014W	YLR259C
YGL158W	YIL004C
YIL109C	YML012W
YER032W	YMR117C
YDL019C	YJL207C
YCR046C	YLR312W-A
YDL025C	YJL076W
YGL120C	YPL055C
YGR152C	YNL255C
YLR196W	YOL041C
YFR004W	YMR226C
YLL028W	YNL197C
YER120W	YGR086C
YLR212C	YNL188W
YBL030C	YER182W
YBR106W	YNL321W
YCR093W	YDR293C
YDR228C	YLR115W
YHR140W	YOR016C
YHR094C	YIR038C
YGR156W	YKR002W
YDL214C	YJL051W
YIL033C	YPL048W
YDL195W	YLR429W
YDR244W	YNL329C
YKL212W	YPL145C
YFR017C	YGL059W
YML037C	YNL154C
YBR194W	YJL122W
YFR021W	YGL179C
YDR326C	YER007C-A
YNL197C	YPL188W
YER151C	YOR136W
YDR383C	YKL049C
YDR477W	YKL091C
YJL140W	YNL255C
YIL143C	YOR352W
YHR027C	YMR145C
YFR004W	YPL192C
YLL016W	YLR310C
YBR193C	YDR308C
YJL164C	YNL125C
YDR432W	YIR010W
YBR207W	YHR094C
YER151C	YNL132W
YDR280W	YOR145C
YDR224C	YPR052C
YBR086C	YHR135C
YKL051W	YLR413W
YHR152W	YLR132C
YDL195W	YGL019W
YDR477W	YHL024W
YHR148W	YJL109C
YBR105C	YOR151C
YHR135C	YLR125W
YLR100W	YNL255C
YDR298C	YKL016C
YDR504C	YMR168C
YAL021C	YDR443C
YKR003W	YPR173C
YGL097W	YPL127C
YCR028C-A	YNL031C
YBL026W	YLR117C
YGR270W	YMR049C
YBL032W	YMR317W
YKL060C	YNL127W
YAR019C	YPL240C
YIL143C	YNL085W
YHR091C	YOL088C
YER120W	YOR117W
YDL047W	YFR019W
YFL039C	YLR337C
YDL007W	YIL075C
YKL159C	YLR433C
YBR193C	YGL151W
YDL065C	YMR047C
YKL060C	YOR117W
YDL128W	YNL154C
YDR310C	YPR152C
YPL082C	YPL235W
YGL002W	YNL255C
YBL102W	YDR264C
YDR190C	YIR010W
YBR207W	YGL006W
YDR328C	YLR267W
YIR038C	YML012W
YBL032W	YBR230C
YKL101W	YMR115W
YHR123W	YPL240C
YFR004W	YKL060C
YDR288W	YLR007W
YNL271C	YPR165W
YDR138W	YDR280W
YJL014W	YKR054C
YDR063W	YFL039C
YLR289W	YOL133W
YBR020W	YPL248C
YDL007W	YKL049C
YGL141W	YKL021C
YFL037W	YKL049C
YBR023C	YKR027W
YHL002W	YMR109W
YDR016C	YLR117C
YBL032W	YKL129C
YBL002W	YPL047W
YDR100W	YDR189W
YMR071C	YOL016C
YDR011W	YGL077C
YNL255C	YPL140C
YGL141W	YJR059W
YBL032W	YLL010C
YER022W	YOR151C
YKL049C	YKR048C
YBR090C	YHR135C
YGL252C	YNL208W
YNL197C	YOR058C
YLR196W	YNR038W
YIL147C	YOL113W
YGL198W	YGL210W
YGL206C	YGR241C
YBR217W	YHR033W
YDL230W	YOL041C
YEL048C	YGR155W
YFL038C	YHR027C
YJR022W	YNL227C
YJL081C	YLR085C
YBR217W	YKL145W
YBR136W	YIR009W
YDL188C	YPL235W
YFR004W	YHR200W
YGL055W	YML012W
YER172C	YJR068W
YDR011W	YPR156C
YFR004W	YJL052W
YBL032W	YOR322C
YHR135C	YNL167C
YFL039C	YOR117W
YHR183W	YHR200W
YHR200W	YNL239W
YNL255C	YNR032C-A
YJL014W	YOL146W
YHR174W	YKL049C
YDR473C	YPL004C
YER112W	YER172C
YDR130C	YMR194W
YCR084C	YNL025C
YER179W	YMR224C
YDR381W	YFR002W
YER050C	YPL118W
YHR127W	YOR294W
YIL158W	YNL255C
YGR167W	YLR330W
YMR059W	YNR008W
YMR047C	YNL078W
YDR229W	YPR152C
YDR045C	YDR328C
YGL189C	YNL255C
YBL097W	YHL002W
YMR146C	YOR361C
YER120W	YFR004W
YER039C	YER118C
YFR004W	YLR229C
YHR193C	YJR011C
YDL060W	YDR381W
YDR129C	YNL138W
YCR061W	YNL197C
YIL003W	YPL240C
YKL195W	YMR203W
YHR023W	YKL049C
YBL023C	YGL201C
YHL004W	YPL013C
YCR046C	YGR220C
YDL164C	YKL113C
YER166W	YOR104W
YFL008W	YOL069W
YDR110W	YDR225W
YDR381W	YIL095W
YLR310C	YNL025C
YDL190C	YER057C
YER151C	YHR183W
YNR011C	YPL240C
YGR030C	YIR015W
YIL007C	YLR304C
YBL072C	YLL045C
YDL171C	YFR004W
YLR216C	YNL278W
YDL030W	YOR159C
YGL097W	YOL012C
YGR253C	YOR157C
YBR254C	YGR143W
YGL179C	YNL293W
YBR278W	YNL255C
YBL032W	YML059C
YDL185W	YOR270C
YGR033C	YIL022W
YDR143C	YPL240C
YHR200W	YNL302C
YHR058C	YPL042C
YBL072C	YOL123W
YDL101C	YER079W
YDL134C	YGR161C
YNL255C	YNR007C
YBR200W	YLR362W
YDL014W	YPR152C
YAL005C	YJR064W
YBL002W	YPL001W
YGL179C	YGR135W
YIR010W	YJL008C
YFR004W	YIL133C
YHL018W	YPL070W
YHR135C	YIL115C
YJL013C	YJL030W
YDR146C	YER015W
YMR315W	YNL135C
YIR010W	YOR224C
YDR100W	YPL095C
YDR131C	YOL025W
YOR039W	YPL235W
YFR017C	YPL203W
YMR010W	YNR028W
YDR195W	YLR115W
YPL048W	YPL240C
YMR179W	YNL197C
YGL179C	YPL133C
YDL134C	YPL235W
YBL032W	YOR267C
YKR048C	YPL209C
YDR432W	YKL185W
YLL050C	YNL138W
YJR040W	YPL240C
YER048W-A	YKL192C
YKL079W	YNL272C
YDR096W	YIR006C
YNL154C	YPR091C
YDL159W	YGR287C
YAL005C	YDR143C
YDL030W	YDR421W
YHL004W	YJR060W
YDL101C	YJR104C
YHL003C	YOR092W
YJR091C	YLR156W
YLR385C	YPL235W
YDR308C	YGL025C
YER167W	YER177W
YKL061W	YNL122C
YGR238C	YOL069W
YER125W	YJL164C
YKL049C	YPR091C
YDL224C	YIL038C
YLR085C	YLR259C
YAL023C	YML012W
YBL030C	YOR065W
YIR010W	YOR341W
YAL034W-A	YOL069W
YML051W	YPL047W
YBL032W	YOR221C
YDL110C	YOR078W
YBL032W	YDR534C
YDR129C	YHR027C
YBL032W	YHR205W
YBL032W	YKL112W
YBL032W	YGR014W
YDR122W	YGR097W
YLR457C	YMR001C
YDR027C	YOR036W
YJR022W	YLL036C
YOR151C	YPL137C
YDR054C	YPR164W
YBL032W	YDL020C
YHR027C	YOR117W
YIR010W	YMR145C
YBL054W	YIR010W
YER151C	YKL049C
YBL075C	YNL255C
YBL032W	YPR153W
YBL032W	YDR512C
YML085C	YOR136W
YBR194W	YNL138W
YBL039C	YGL081W
YBR193C	YDL005C
YDR432W	YPL263C
YER054C	YJL164C
YNL189W	YOR380W
YDL135C	YPR165W
YDL188C	YOR362C
YDR028C	YER129W
YBR283C	YPL234C
YJL164C	YLR173W
YLR440C	YNL258C
YBR108W	YCR009C
YBR035C	YDL214C
YEL071W	YHR027C
YDL003W	YFL008W
YDL075W	YPL012W
YDL067C	YNL052W
YDL007W	YKL145W
YGL014W	YGL070C
YJR022W	YOL031C
YHL004W	YOR150W
YJL076W	YLR429W
YDR381W	YIR001C
YER062C	YKL069W
YDL183C	YPL209C
YIL133C	YLR410W
YER015W	YLR098C
YML109W	YMR109W
YPL240C	YPR181C
YDL115C	YOR224C
YBL027W	YMR194W
YGR013W	YPR057W
YIL142W	YJL014W
YBL072C	YFR004W
YOR070C	YOR089C
YFR004W	YNL141W
YLR330W	YNL045W
YBL002W	YOL006C
YML012W	YPR181C
YDL002C	YOR304W
YDR168W	YGR123C
YBR105C	YIL097W
YGR086C	YMR059W
YDL147W	YHR200W
YNL255C	YPR163C
YNL138W	YNR035C
YDR107C	YGL200C
YJR045C	YLR203C
YFR004W	YHL030W
YDL139C	YJL030W
YJR060W	YMR168C
YBL032W	YJR147W
YGL252C	YNL132W
YDR195W	YDR381W
YCL028W	YER125W
YCR009C	YPR152C
YDL101C	YER125W
YIL075C	YKL029C
YDR201W	YHR083W
YOR230W	YPR165W
YCR076C	YNL189W
YJL164C	YKL062W
YBL032W	YFR017C
YAL005C	YOR185C
YCR009C	YKL203C
YBR280C	YDR328C
YJR089W	YMR168C
YBL085W	YML109W
YGR193C	YJL014W
YJL081C	YPL235W
YBR272C	YDR363W-A
YLR413W	YNL197C
YBL032W	YMR064W
YDR359C	YJL081C
YBR020W	YMR117C
YGL241W	YOL012C
YBR278W	YCL032W
YFR004W	YKL212W
YBL039C	YHR027C
YFR015C	YIL045W
YDR247W	YIL033C
YFR004W	YIL075C
YER155C	YIR010W
YBL032W	YJL140W
YHR135C	YNL154C
YAL021C	YGR155W
YIR010W	YNL189W
YDR235W	YPR182W
YAL005C	YFL008W
YDR439W	YMR001C
YDR032C	YHR001W
YJR084W	YOL117W
YHR200W	YOR176W
YDR011W	YGL056C
YLR438W	YPL150W
YBR108W	YIL095W
YBL032W	YKR092C
YGR040W	YNL053W
YCR011C	YNL154C
YDL185W	YKL080W
YHR190W	YHR200W
YDL134C	YPL152W
YCR028C-A	YLR413W
YGL105W	YPL209C
YKL171W	YPL240C
YDR225W	YDR243C
YCR042C	YNL222W
YGR195W	YHR069C
YDR381W	YPL001W
YER151C	YPR181C
YBL032W	YBR108W
YBR052C	YDR039C
YDR127W	YKL145W
YIL149C	YNL135C
YAL005C	YPL165C
YLR314C	YNL298W
YMR161W	YNL255C
YDR206W	YPR129W
YDL203C	YDR247W
YGR052W	YNL076W
YDL115C	YGL179C
YJL153C	YOR120W
YBL015W	YJR035W
YDR247W	YGL208W
YLR229C	YMR303C
YLR115W	YPR107C
YMR172W	YOR039W
YGR040W	YPR091C
YJR022W	YOL149W
YJR053W	YLR389C
YER112W	YMR268C
YDR001C	YPL240C
YIL095W	YPR152C
YGR232W	YHR027C
YDR162C	YDR277C
YJL183W	YPL094C
YBL034C	YFL037W
YBL032W	YOR009W
YDR277C	YJR090C
YLR293C	YPL009C
YLR055C	YNL255C
YIR010W	YPR163C
YDL006W	YGR040W
YKR083C	YMR083W
YLR196W	YPR152C
YDL030W	YER172C
YBL072C	YPR152C
YDR443C	YNR052C
YKL203C	YNL243W
YEL027W	YLL028W
YGR258C	YPL248C
YNL255C	YOR265W
YDR436W	YOR054C
YBL032W	YNL024C
YDL134C	YDR523C
YIR010W	YMR212C
YFR004W	YHR128W
YER089C	YFR004W
YNL124W	YPL079W
YER029C	YPR182W
YDL155W	YLR310C
YGL049C	YKL059C
YBR158W	YGR163W
YKL145W	YOL117W
YKL145W	YMR001C
YMR109W	YPR159W
YER008C	YLR293C
YFR051C	YNL304W
YER012W	YGR232W
YFR033C	YNL255C
YIL105C	YKL051W
YNL154C	YOR276W
YNR011C	YOR148C
YCL044C	YPR024W
YBL072C	YDL014W
YGR270W	YPL115C
YDR100W	YML110C
YDR028C	YOR267C
YDR122W	YML006C
YDR432W	YPL178W
YGL198W	YNL263C
YFR004W	YMR037C
YCL061C	YKL049C
YLR457C	YNL255C
YER122C	YKL101W
YDR063W	YNR035C
YGR276C	YNL154C
YFR004W	YGR173W
YLR429W	YPR093C
YIL109C	YJR059W
YBL104C	YPL240C
YKL059C	YPR107C
YBR167C	YIR015W
YDL115C	YOR151C
YGR202C	YNL189W
YJL143W	YJR045C
YIL021W	YPR093C
YDR432W	YER125W
YCR046C	YML025C
YDR381W	YMR219W
YDL171C	YER151C
YFR004W	YHR216W
YCR073W-A	YGL059W
YBL032W	YNL145W
YFR004W	YMR219W
YAL053W	YER145C
YDL222C	YIL105C
YER095W	YNL085W
YBL041W	YER105C
YDR368W	YFR004W
YDR127W	YJR022W
YJL004C	YJR022W
YIL062C	YKL013C
YBL032W	YNL003C
YIL075C	YMR001C
YNL145W	YOL149W
YDL088C	YJL041W
YBR194W	YGR186W
YGR136W	YPR081C
YDR004W	YDR076W
YDL014W	YER161C
YJL107C	YOR265W
YAL021C	YDR190C
YCR028C-A	YOR273C
YBL032W	YOR106W
YGR017W	YLR072W
YJL154C	YMR004W
YGR220C	YNL252C
YBR207W	YNL255C
YGL158W	YPR072W
YHR200W	YLR438W
YBL032W	YOR137C
YER173W	YPL194W
YDR057W	YMR297W
YLR203C	YLR429W
YBR078W	YOL133W
YDR477W	YGL158W
YER105C	YJR042W
YKL148C	YOL071W
YER027C	YER162C
YGR109C	YJL157C
YBL032W	YKL163W
YJR035W	YNR058W
YGL070C	YPR093C
YDR343C	YER125W
YMR263W	YPL240C
YFR004W	YLR058C
YBR041W	YPL145C
YDL006W	YPL141C
YDL126C	YKL049C
YFR004W	YLR216C
YBR020W	YML051W
YBL002W	YKL139W
YDL060W	YIL095W
YLR313C	YNR032C-A
YDR228C	YKL059C
YBR274W	YOL012C
YDR430C	YFL018C
YDR277C	YJR022W
YLR148W	YPL045W
YDR142C	YJL014W
YCR084C	YDR308C
YDR228C	YLR432W
YHR118C	YOR294W
YER022W	YMR112C
YBR274W	YDR516C
YFL034W	YPL110C
YFR004W	YJL055W
YBL002W	YKL049C
YKR048C	YLR410W
YNL132W	YPL217C
YEL023C	YJR022W
YDR009W	YOL133W
YDR168W	YGL201C
YGR080W	YKL007W
YNR037C	YPL118W
YAR031W	YGL053W
YBL032W	YPR129W
YIL033C	YPL149W
YGL212W	YOR292C
YFR021W	YNL242W
YLR117C	YPR152C
YLR117C	YNR011C
YBL075C	YLR310C
YDR224C	YGL097W
YDR159W	YDR381W
YER039C	YGL070C
YBR091C	YKL195W
YAL016W	YHR135C
YDR180W	YJL074C
YIL113W	YKL161C
YPL085W	YPR181C
YOL137W	YPL240C
YHR128W	YOR117W
YHR087W	YNL255C
YBL072C	YNL255C
YBR098W	YKL113C
YHR001W	YOR273C
YER132C	YPL203W
YGR220C	YLR371W
YBL045C	YFR004W
YER155C	YPL240C
YDL134C	YER032W
YDL117W	YER177W
YMR059W	YOR332W
YBR058C	YFR004W
YDR486C	YLR025W
YDR075W	YDR224C
YLR085C	YPL235W
YBR173C	YGR135W
YGL158W	YPL016W
YGR091W	YHR034C
YIL027C	YMR112C
YGL179C	YJR092W
YER186C	YMR117C
YMR182C	YNL197C
YBR251W	YER155C
YDR363W-A	YKL145W
YDL126C	YPR152C
YDR318W	YGL060W
YBL022C	YGR231C
YHR200W	YOR341W
YDL065C	YKL189W
YBL032W	YJR043C
YDR473C	YLL036C
YDR276C	YEL002C
YGR231C	YHR135C
YIL062C	YNL243W
YBR233W	YNL154C
YDR316W	YPR121W
YMR194W	YNL124W
YBL091C-A	YNL197C
YGR017W	YNL255C
YDR254W	YPR046W
YBL031W	YLR293C
YFR004W	YJR094W-A
YHR142W	YJL196C
YER008C	YIL068C
YGL021W	YLL015W
YMR209C	YNL197C
YIL068C	YJL085W
YOL041C	YOR287C
YFR004W	YLL045C
YBR194W	YLL026W
YDR032C	YDR369C
YBL032W	YPR182W
YGL017W	YLR234W
YDR201W	YFL008W
YLR070C	YPL240C
YKL154W	YNL255C
YBR182C	YMR172W
YAL018C	YLL028W
YDL137W	YER122C
YDL060W	YOL041C
YDR479C	YOL065C
YLR328W	YML064C
YGL077C	YKL051W
YCL052C	YHR140W
YFR004W	YFR044C
YMR054W	YOR270C
YCR093W	YIR010W
YGR186W	YPL129W
YJL180C	YNL315C
YCL010C	YDR392W
YJR017C	YML010W
YER151C	YFR004W
YAL021C	YNL278W
YNL255C	YOR089C
YDL060W	YML010W
YDR328C	YJR090C
YNL255C	YOR168W
YBL032W	YBR071W
YDR130C	YOL069W
YGL060W	YJR135C
YER069W	YHR027C
YCL028W	YDR260C
YDL031W	YML010W
YNL132W	YNR054C
YFL034W	YHL019C
YFL037W	YHR128W
YGL212W	YNL263C
YML064C	YNL255C
YGL129C	YPL013C
YDR473C	YER029C
YMR194W	YNL302C
YBR106W	YNR013C
YGR155W	YMR059W
YJL076W	YPL110C
YFL008W	YLL050C
YDL005C	YPL042C
YGR097W	YNL025C
YGR048W	YKL020C
YBR217W	YLR423C
YOR058C	YPL146C
YFL045C	YJR035W
YER177W	YLR177W
YDR162C	YKL101W
YER151C	YLR449W
YOR267C	YPL260W
YPL240C	YPR054W
YGL200C	YHR110W
YDR430C	YNL255C
YBR114W	YMR315W
YAL005C	YLR189C
YOR319W	YPR152C
YKL029C	YOR151C
YDL005C	YGL151W
YDR477W	YLL027W
YJR059W	YNR013C
YJR104C	YNL135C
YIR001C	YNL138W
YJL070C	YML035C
YDR260C	YEL060C
YGR270W	YNL031C
YBL032W	YHR186C
YDL165W	YPL042C
YDL155W	YJL076W
YGL233W	YGR152C
YBL032W	YBR233W
YNL132W	YPL055C
YPL016W	YPL240C
YGR284C	YHR110W
YAL053W	YDR497C
YDL020C	YIL007C
YDR448W	YPL011C
YKL132C	YPR022C
YJL008C	YOR117W
YGR165W	YNL255C
YBL032W	YKL002W
YDL025C	YMR049C
YEL047C	YFR004W
YDR381W	YPL178W
YBL032W	YOL161C
YNL197C	YPR166C
YBL032W	YDL233W
YBR086C	YJR045C
YCR084C	YGL025C
YBL032W	YOR273C
YBL032W	YGL192W
YIL075C	YMR314W
YGL158W	YLR055C
YJR153W	YNL197C
YBL085W	YNL078W
YIL034C	YIL062C
YOR273C	YPL221W
YDR501W	YGL077C
YJL026W	YOR229W
YML032C	YPL240C
YDL227C	YHR027C
YER132C	YGR135W
YAR042W	YER120W
YER151C	YLR109W
YPL049C	YPL070W
YDR334W	YOL012C
YHR073W	YJL164C
YBR137W	YOL111C
YDL060W	YNR054C
YGR052W	YIL045W
YDL014W	YNL132W
YBL032W	YOR008C
YDR162C	YML109W
YKL154W	YKL212W
YER142C	YHR216W
YDR224C	YPR019W
YPL240C	YPR128C
YER125W	YKL144C
YBL032W	YOR085W
YDL053C	YPL209C
YGL179C	YKL197C
YBR028C	YJR082C
YBL032W	YDR505C
YDL113C	YFR040W
YCL014W	YHR135C
Q0085	YML129C
YDL101C	YHR135C
YGL212W	YPL232W
YJL140W	YPR093C
YGL083W	YGR173W
YLR079W	YOR039W
YDR142C	YJR064W
YER094C	YNL255C
YKL067W	YNL189W
YAL055W	YDL065C
YJL197W	YNL255C
YBL032W	YGR077C
YIL075C	YKL145W
YCR077C	YDL184C
YKR096W	YPR129W
YJL106W	YMR001C
YMR037C	YMR172W
YDR235W	YER029C
YMR001C	YNL189W
YBL030C	YBL045C
YBR251W	YNL186W
YDR216W	YGR123C
YML064C	YMR001C
YIR010W	YOR039W
YBL032W	YML104C
YAR042W	YDR100W
YCR009C	YHR042W
YBR272C	YDL007W
YKL049C	YOR117W
YBL032W	YMR041C
YBL032W	YMR179W
YHR200W	YJL026W
YHR027C	YKL029C
YBL052C	YNL255C
YDR243C	YNL197C
YLR346C	YNL255C
YBR106W	YCR037C
YMR032W	YMR109W
YIL133C	YLL045C
YGR086C	YNL073W
YLL014W	YML029W
YFR004W	YML126C
YDL060W	YDR224C
YML082W	YNL255C
YGR027C	YNL255C
YBL072C	YDL213C
YCL031C	YLR310C
YCR067C	YPL085W
YCR014C	YKL145W
YMR155W	YPL240C
YKL012W	YPR182W
YJL164C	YNL098C
YAL060W	YAL061W
YDR377W	YPL078C
YFR004W	YML085C
YGL158W	YHL027W
YDR057W	YKL145W
YDR381W	YHR039C
YBL002W	YMR223W
YDR364C	YLR117C
YKR092C	YOR267C
YHR158C	YJR059W
YDR110W	YER161C
YNL186W	YOL113W
YFR021W	YML059C
YDR190C	YGL167C
YML109W	YNL298W
YGL070C	YGR186W
YDR175C	YHL004W
YBL032W	YMR124W
YKL196C	YNL255C
YJL164C	YOR386W
YER162C	YKL159C
YDR432W	YOR267C
YBR207W	YDR284C
YMR080C	YOL123W
YFR002W	YJL039C
YBL050W	YNL255C
YAL034W-A	YER018C
YLR032W	YOR346W
YLL022C	YPL001W
YBL032W	YOR227W
YKL126W	YLR429W
YBL032W	YOR149C
YDR363W-A	YJR084W
YKR083C	YNL255C
YER105C	YKL057C
YLR196W	YLR429W
YDL185W	YFR004W
YGR254W	YJR045C
YER030W	YJL125C
YJR047C	YNL197C
YBL104C	YER029C
YAL023C	YCL043C
YNL255C	YOR179C
YFR004W	YOR042W
YBR289W	YNL031C
YER050C	YHL004W
YFR004W	YHR193C
YHR174W	YHR200W
YDR485C	YFL039C
YGR276C	YKL171W
YOR362C	YPL150W
YCR046C	YHL004W
YCR028C-A	YER112W
YBR251W	YGR165W
YAL053W	YNL283C
YHR174W	YPR152C
YDR411C	YDR479C
YDR432W	YJL006C
YCL010C	YPL047W
YBL027W	YJR123W
YCR031C	YNL124W
YDR247W	YGR249W
YBR200W	YMR212C
YFR004W	YGR200C
YBR167C	YNL246W
YOL010W	YPL217C
YHR135C	YOL153C
YCL056C	YNL255C
YER177W	YLR433C
YLR259C	YPL240C
YDL106C	YLR359W
YJL057C	YNL113W
YGL238W	YNL189W
YLR033W	YPL139C
YDR247W	YNL295W
YBL032W	YMR040W
YCR021C	YPL221W
YBL050W	YKL196C
YDR243C	YLR117C
YML049C	YMR117C
YIR009W	YLL036C
YBL032W	YJL083W
YJR123W	YOR361C
YDR216W	YOL148C
YKL129C	YOR247W
YHR027C	YPR058W
YBL104C	YDR128W
YDL007W	YOR117W
YLR340W	YNL255C
YGL006W	YPL006W
YBR217W	YLR216C
YHR036W	YJL183W
YGR077C	YOL044W
YFL007W	YOR362C
YGL037C	YHR200W
YKL049C	YPL001W
YLR337C	YMR109W
YDR381W	YJR045C
YDR027C	YLR262C
YBL032W	YCL008C
YGR195W	YNR024W
YGR121C	YPR138C
YDR330W	YOL133W
YBR289W	YPR034W
YIL105C	YLR423C
YLR423C	YPL240C
YDL185W	YHR200W
YFR004W	YOL040C
YGR091W	YPL235W
YGL025C	YHR058C
YGL105W	YKL101W
YHR149C	YML109W
YGL158W	YHR044C
YNL197C	YPL128C
YGL120C	YIL033C
YCR021C	YLR138W
YGR080W	YNL138W
YBL056W	YDR071C
YCR093W	YGL014W
YER050C	YGR165W
YBL032W	YGR170W
YBR251W	YER050C
YPL012W	YPL217C
YHL022C	YLR329W
YDR143C	YGR192C
YKL104C	YOR151C
YBR272C	YLL022C
YHR027C	YPL048W
YKR101W	YLL004W
YGL197W	YNL025C
YDR119W	YGL006W
YDR308C	YLR315W
YCR002C	YFL018C
YGL006W	YHR175W
YBR217W	YNL208W
YBR214W	YDL047W
YGR165W	YHL004W
YBR200W	YGL233W
YGR192C	YKL129C
YFR002W	YHR135C
YAL031C	YER172C
YDL126C	YLR450W
YBR194W	YMR070W
YLR357W	YPR034W
YOR036W	YPL240C
YBL032W	YHR134W
YDL185W	YER151C
YGL120C	YPL146C
YOR016C	YOR211C
YCR009C	YDR381W
YBR194W	YMR146C
YDL134C	YDL188C
YDR148C	YNL255C
YGR258C	YLR005W
YBL032W	YDR259C
YOL088C	YPR117W
YER125W	YER177W
YGL158W	YKR048C
YAL016W	YOL113W
YPL011C	YPL129W
YPL221W	YPR138C
YIR006C	YNL243W
YJR031C	YNL186W
YBL032W	YPR008W
YOL148C	YPL047W
YBR133C	YGL187C
YLR025W	YPR173C
YDR323C	YMR231W
YIL115C	YKL049C
YDL175C	YGR165W
YBL032W	YML053C
YGR200C	YNL078W
YDR477W	YLR242C
YDL222C	YER145C
YDL126C	YKL039W
YGL055W	YJR059W
YCL027W	YLR330W
YKL049C	YPR159W
YAL002W	YLR148W
YCR051W	YFR004W
YPR081C	YPR154W
YGL055W	YNL197C
YBR128C	YPL240C
YDR028C	YHR005C
YJL106W	YLR221C
YGL108C	YKL051W
YER139C	YJL006C
YGR043C	YNL222W
YBL099W	YNL315C
YJR096W	YPL150W
YHL004W	YNR037C
YGR097W	YJL106W
YLR125W	YMR030W
YLR362W	YPL201C
YDR100W	YHR094C
YDL007W	YMR314W
YLR362W	YMR139W
YCL031C	YDR162C
YJR052W	YKL112W
YBR106W	YLL061W
YGR172C	YOR357C
YDR170C	YML085C
YHL018W	YNL189W
YBR194W	YLR432W
YLR314C	YNL078W
YLR085C	YLR399C
YDR477W	YOL069W
YJR073C	YNL197C
YHR152W	YPR152C
YNL255C	YOR276W
YER060W	YJL106W
YAL034W-A	YBR073W
YGL233W	YJL085W
YDL074C	YOL069W
YFR004W	YGL206C
YDR156W	YNL113W
YDR473C	YPR182W
YFR004W	YIL041W
YJR130C	YNL197C
YCL043C	YOL126C
YJR017C	YOR151C
YBR274W	YKL210W
YGL134W	YOL113W
YHR027C	YOR375C
YDL124W	YKL185W
YDR432W	YJL140W
YNL065W	YPL240C
YDL206W	YNL197C
YDR142C	YKL103C
YIL004C	YNL255C
YJL109C	YKL049C
YDR225W	YGL241W
YJL164C	YOR276W
YJL196C	YNL101W
YER112W	YLL036C
YDR075W	YJL014W
YDR505C	YJR059W
YDL130W	YDR251W
YDR381W	YKR092C
YAL021C	YPL042C
YKL145W	YPL248C
YDR457W	YKL029C
YDR138W	YOR151C
YCL008C	YNL154C
YNL197C	YNL322C
YGL077C	YIL105C
YBL032W	YIL135C
YKL022C	YMR001C
YGL061C	YGR040W
YGL120C	YGR090W
YOR361C	YPR152C
YIL109C	YKL171W
YHR140W	YKL154W
YER173W	YPL178W
YCR002C	YNL078W
YNL020C	YNL272C
YGL198W	YNL304W
YHR155W	YNL197C
YDL126C	YFL044C
YBR080C	YOR036W
YBR106W	YGL200C
YHR200W	YLR109W
YGL100W	YJR042W
YGL158W	YHL003C
YGL025C	YNR010W
YBL085W	YJR138W
YBL032W	YML006C
YER125W	YHR131C
YGR155W	YML064C
YGL105W	YOR017W
YCR014C	YDL007W
YJR090C	YOR344C
YMR239C	YNL189W
YCR017C	YGR052W
YLR423C	YPR165W
YAL016W	YFR004W
YFL008W	YPL155C
YBR080C	YNL015W
YIL031W	YMR001C
YDL135C	YLR229C
YGL077C	YPL240C
YGL166W	YJL154C
YFR004W	YJL001W
YKL203C	YOL030W
YAL028W	YNL197C
YGR040W	YLR430W
YDR392W	YPL047W
YGL054C	YIR038C
YML064C	YPL111W
YER151C	YNL302C
YGR268C	YNL255C
YCL043C	YPL141C
YKL189W	YMR303C
YBL032W	YIL031W
YDL185W	YEL027W
YBR087W	YDR229W
YJL051W	YNL154C
YHL027W	YMR032W
YBR106W	YGL104C
YCR084C	YDL126C
YKL171W	YMR184W
YHL030W	YHR200W
YDR190C	YDR485C
YHR161C	YIR006C
YHR127W	YMR047C
YGL033W	YNL255C
YGR086C	YPR152C
YBR041W	YIL124W
YAL005C	YPR131C
YDR229W	YMR001C
YKR097W	YPL203W
YFR004W	YNL135C
YBR080C	YPL070W
YFL007W	YJL001W
YDR424C	YIL115C
YLL021W	YLL026W
YER120W	YMR049C
YIL033C	YJR017C
YER161C	YLR293C
YAR019C	YDL101C
YGR086C	YPL074W
YDR001C	YPL216W
YBR106W	YHR142W
YDR159W	YLR423C
YFR004W	YGL078C
YJR090C	YML006C
YJL207C	YLR330W
YER166W	YIR006C
YGR258C	YIL143C
YIL109C	YPR181C
YDL047W	YKL080W
YGR040W	YIL142W
YDR254W	YLR315W
YGR275W	YJR094W-A
YDR293C	YPR152C
YGR038W	YIR038C
YCL010C	YDR448W
YDL190C	YJL030W
YDL213C	YLR432W
YBR041W	YJR009C
YER122C	YJR059W
YFL039C	YFR004W
YKL203C	YNL076W
YGL120C	YLR432W
YDL101C	YDR531W
YDR153C	YGL206C
YKL114C	YNL189W
YHR058C	YPL129W
YCR042C	YPL011C
YKL212W	YML029W
YDL239C	YPL240C
YAL021C	YDR138W
YDL126C	YLR377C
YLR229C	YNL293W
YKL145W	YNL255C
YBL032W	YER169W
YDL213C	YGL120C
YER112W	YJL155C
YGR017W	YKL101W
YJR059W	YLL043W
YGL120C	YGR270W
YDR381W	YHR118C
YDR190C	YKL049C
YER095W	YOR151C
YDR494W	YER050C
YLR293C	YOR112W
YKL144C	YKR025W
YDR026C	YNL154C
YJR042W	YKL057C
YDL130W	YOL039W
YBR200W	YGL212W
YKL161C	YPL049C
YDL075W	YGL014W
YGR200C	YOL113W
YLR005W	YNL255C
YHR058C	YPL248C
YKL080W	YOR270C
YAL021C	YMR124W
YBL061C	YIL007C
YMR194W	YNL132W
YBL085W	YJR056C
YFL033C	YOR380W
YHR200W	YKR039W
YDR152W	YNL154C
YHR200W	YJL014W
YGL019W	YKL112W
YBR087W	YJR068W
YKR014C	YOR089C
YFR003C	YKL193C
YDR224C	YOL012C
YGR090W	YPL012W
YJR045C	YKR048C
YCR014C	YHR027C
YGL145W	YNL258C
YIL095W	YLR337C
YGR040W	YLR310C
YBL002W	YJL176C
YML051W	YMR223W
YGL212W	YJR040W
YDR190C	YPL082C
YGL179C	YGR167W
YJL164C	YKL160W
YDR170C	YFR044C
YBR086C	YJL106W
YHR069C	YOR076C
YDL134C	YHR135C
YBR023C	YMR237W
YBR273C	YDL190C
YIR010W	YLR033W
YDR190C	YEL044W
YBL041W	YDL188C
YER177W	YLR403W
YHR135C	YNL186W
YBL091C-A	YIR038C
YOL006C	YPR019W
YKL129C	YNL298W
YER027C	YOL136C
YER125W	YPL146C
YBL039C	YJL030W
YLR427W	YOL041C
YER147C	YFL016C
YIR010W	YML010W
YJL164C	YPR091C
YCR084C	YNL167C
YMR049C	YPR008W
YDL075W	YLL045C
YGR270W	YJL076W
YBR217W	YEL060C
YBL085W	YPL049C
YGL100W	YKL057C
YBL032W	YBR283C
YMR037C	YPL042C
YJL069C	YKR096W
YLR248W	YNL272C
YNL197C	YPL165C
YDL222C	YGR121C
YBR005W	YER125W
YBL032W	YMR047C
YAL014C	YKL196C
YDL184C	YNL255C
YBL032W	YPL237W
YOR016C	YPR198W
YAL016W	YIL065C
YHR185C	YJL057C
YDR477W	YOR267C
YDR118W	YNL172W
YGR262C	YOR073W
YOL041C	YOR208W
YER094C	YHR200W
YDL030W	YPL146C
YJR044C	YPL240C
YDR359C	YGL158W
YLR429W	YNL032W
YDR540C	YHR135C
YDR448W	YPL135W
YER151C	YIL133C
YLR466W	YNL255C
YBR114W	YIR009W
YDR501W	YOR273C
YHR135C	YJR089W
YAL028W	YNL298W
YJL164C	YKL061W
YDR224C	YPL128C
YBL027W	YCR031C
YJR025C	YPR054W
YHL030W	YMR314W
YGL105W	YNR013C
YDR031W	YNL255C
YNL255C	YOR167C
YDR045C	YIL122W
YDR001C	YJL164C
YJL164C	YLL043W
YBR173C	YMR314W
YAL005C	YBL023C
YLR072W	YLR173W
YLL022C	YLR429W
YOR224C	YOR341W
YDR381W	YNL252C
YBL030C	YER053C
YDL135C	YPL141C
YER094C	YFR050C
YLR229C	YPL115C
YDL014W	YER151C
YDL195W	YIL004C
YHR127W	YKL012W
YGR067C	YPL240C
YDR485C	YPL235W
YFR004W	YFR050C
YBR182C	YPL089C
YGR052W	YJL105W
YDL014W	YLL045C
YHR023W	YLR423C
YDR162C	YOL028C
YLR005W	YLR432W
YLR087C	YPL240C
YMR162C	YPR154W
YER008C	YPR055W
YFR004W	YMR027W
YGL014W	YOL040C
YBR200W	YMR197C
YDR392W	YPL082C
YLR340W	YOR197W
YGR086C	YHR027C
YCL024W	YKR048C
YLR208W	YMR017W
YBR173C	YOR157C
YFL037W	YKL029C
YFR002W	YJL041W
YGR172C	YPL095C
YKL021C	YMR290C
YML064C	YMR246W
YBR108W	YLR248W
YDR479C	YLR036C
YLR248W	YMR184W
YDR143C	YPR019W
YIR010W	YKL049C
YKL129C	YNL255C
YHR027C	YNR043W
YDR328C	YJR123W
YJL109C	YPL217C
YJL106W	YPL267W
YDR411C	YLR207W
YDL014W	YGR090W
YIL149C	YLL015W
YJL069C	YOR059C
YBR273C	YDR411C
YBR105C	YNL085W
YBL002W	YDR075W
YKL012W	YML049C
YGL158W	YNL117W
YER142C	YOL016C
YIL007C	YIL075C
YDR381W	YGL200C
YNL138W	YOR122C
YBR251W	YGR091W
YLR432W	YOR360C
YGR037C	YLL019C
YGR186W	YOR224C
YIR038C	YNL217W
YNL113W	YNL255C
YLR293C	YPL125W
YBL030C	YBR194W
YGL213C	YOR076C
YBR106W	YBR287W
YFR004W	YLR293C
YDR285W	YMR117C
YGR155W	YJR045C
YDR227W	YFL045C
YBL032W	YDL054C
YFR004W	YJR139C
YNL189W	YPL089C
YLR293C	YOR117W
YFR004W	YLR300W
YBR260C	YPL140C
YHR072W	YLR100W
YGR178C	YGR270W
YHR058C	YIL021W
YDL014W	YOR267C
YDR093W	YER166W
YCR009C	YPL140C
YJL140W	YNR010W
YBL030C	YMR145C
YHR134W	YPL269W
YFR004W	YPR181C
YDL030W	YNR011C
YBR136W	YML058W
YFR004W	YGR253C
YDL074C	YOL117W
YDR071C	YER089C
YAL028W	YKL171W
YDL025C	YOR177C
YFR051C	YKR067W
YBR106W	YOR117W
YJR094C	YMR139W
YBL020W	YDL085W
YBL032W	YPL162C
YLR248W	YPL209C
YDR432W	YOL123W
YGR186W	YJL164C
YLR423C	YPL174C
YBR194W	YMR072W
YLR315W	YOR023C
YDL101C	YOL123W
YFL016C	YKL171W
YER022W	YPL042C
YLR259C	YNL255C
YAR068W	YNL255C
YJL164C	YOR054C
YHL025W	YJL176C
YLR399C	YOR039W
YGR270W	YIR010W
YHR200W	YKL145W
YDR264C	YKL196C
YFR004W	YNL189W
YLL028W	YMR149W
YGL238W	YOR185C
YDR100W	YMR010W
YML051W	YMR004W
YKL145W	YPR152C
YKL002W	YNL255C
YBR194W	YPL004C
YKL049C	YLR330W
YHR027C	YPL262W
YDR118W	YKL022C
YBR200W	YCL005W
YAL028W	YBL032W
YEL012W	YHR205W
YKL051W	YLL028W
YER161C	YGR155W
YER151C	YPL237W
YJR123W	YLL036C
YBR039W	YDL047W
YML049C	YPR152C
YDL126C	YDR411C
YGL136C	YGR040W
YHR027C	YMR246W
YBL002W	YPR052C
YCR082W	YOR023C
YDR381W	YGL120C
YDL030W	YDR485C
YHR200W	YLR043C
YIL075C	YKL049C
YNL031C	YOR025W
YKL160W	YLR429W
YCR093W	YDR443C
YCR051W	YNL255C
YMR263W	YPL139C
YGL179C	YOL130W
YPL141C	YPL201C
YGL093W	YMR117C
YOR033C	YPL240C
YBR254C	YFL038C
YBL045C	YHR027C
YGL105W	YPL240C
YHR200W	YLL050C
YKL103C	YNL107W
YGR186W	YJL140W
YGR270W	YPR019W
YFR051C	YPL246C
YDR254W	YGL060W
YBR207W	YIL047C
YFL045C	YMR059W
YBL026W	YMR207C
YDR131C	YPR093C
YGL077C	YOL105C
YLR136C	YNL230C
YKL006C-A	YPL240C
YDL030W	YPR152C
YDL138W	YDR277C
YIR038C	YPL240C
YDL155W	YOR372C
YLR438W	YPL240C
YKL080W	YMR054W
YBL041W	YJL001W
YER012W	YER177W
YBR106W	YNL125C
YAL062W	YOR375C
YBL032W	YOL165C
YER118C	YLL048C
YDL065C	YJL210W
YBR215W	YGL078C
YFR004W	YGL037C
YAR019C	YOR267C
YDL159W	YIL113W
YNL125C	YNL197C
YJL001W	YOR157C
YBL105C	YGL022W
YER136W	YKR014C
YGR090W	YPL146C
YGL019W	YLR399C
YDL134C	YOR176W
YIR010W	YMR091C
YHR027C	YKL035W
YBL032W	YNL122C
YJR125C	YPR029C
YLR449W	YMR049C
YDL074C	YDR295C
YDR477W	YGL115W
YDL147W	YJR091C
YCR028C-A	YDL222C
YFR004W	YMR108W
YJL074C	YML010W
YBL032W	YDL211C
YDL005C	YDR443C
YDR432W	YKL139W
YHR135C	YKL210W
YLL028W	YLR219W
YAL021C	YIR010W
YDL019C	YGL059W
YER012W	YPR120C
YDR457W	YLL021W
YDR224C	YNL255C
YJL081C	YKL104C
YOR324C	YPL094C
YML015C	YPL248C
YDL185W	YEL023C
YBL030C	YJL143W
YGR249W	YJR059W
YER139C	YGL070C
YBL002W	YMR072W
YBL032W	YIL105C
YHR205W	YIL153W
YDL171C	YMR117C
YIL047C	YJL164C
YDL203C	YER012W
YDR227W	YMR219W
YER107C	YJL041W
YDR460W	YLR005W
YGR262C	YLR216C
YBL022C	YGR040W
YHR186C	YIR010W
YFR004W	YOR136W
YCR023C	YJR059W
YFL037W	YJL111W
YDR138W	YNR031C
YCR093W	YKL049C
YBR106W	YFR004W
YGL019W	YOR361C
YKL139W	YLR196W
YMR052W	YNL127W
YGL038C	YGL055W
YAL005C	YHR127W
YDR465C	YNL255C
YHR200W	YPR118W
YGR262C	YKR048C
YPL004C	YPR173C
YBL032W	YDL079C
YIL068C	YNR049C
YHR200W	YMR226C
YER177W	YIR010W
YBL032W	YER112W
YBL030C	YBR024W
YDR111C	YEL030W
YBL006C	YPL082C
YJL069C	YOR078W
YDL227C	YGL014W
YBR254C	YDR246W
YHR027C	YLR134W
YLL036C	YLR132C
YGL059W	YPL203W
YJL106W	YNL272C
YOR260W	YPL237W
YMR049C	YNL230C
YBL102W	YGL006W
YGL158W	YGR220C
YHR069C	YLR163C
YDL214C	YKR092C
YIR010W	YJL053W
YDL126C	YOR117W
YBR036C	YDR276C
YDL075W	YNL069C
YNR054C	YPL217C
YBL072C	YKL067W
YBL032W	YDR093W
YDR100W	YLR108C
YJL164C	YMR290C
YBR272C	YGR040W
YBL061C	YHR135C
YNL197C	YOL063C
YER155C	YKL203C
YBR036C	YEL027W
YFR004W	YPL079W
YJL164C	YNL227C
YDR318W	YNL189W
YBL032W	YDR420W
YDR517W	YJL099W
YIR009W	YML049C
YAL062W	YGL070C
YHR034C	YPL240C
YDR004W	YER173W
YER125W	YMR171C
YDL002C	YPL141C
YCL028W	YIR010W
YNL197C	YPR149W
YDR411C	YJL106W
YMR224C	YNL172W
YER162C	YGL167C
YNR023W	YPR034W
YDR033W	YHR027C
YBL026W	YJR022W
YOR227W	YPR152C
YLL021W	YPL140C
YLR403W	YOR025W
YDR156W	YNL197C
YHR200W	YOR298C-A
YBR041W	YMR246W
YAL023C	YDL126C
YBL022C	YMR091C
YHR186C	YJL106W
YLL015W	YLL023C
YCR014C	YHR135C
YKL171W	YNL167C
YDR477W	YOR269W
YEL059C-A	YMR150C
YLR310C	YPL049C
YGL059W	YJR049C
YFL033C	YOR162C
YDL099W	YJL164C
YHR135C	YJR044C
YGR270W	YJL167W
YNL074C	YNL197C
YFR036W	YNL172W
YGL200C	YIL109C
YDR146C	YER018C
YDL185W	YOR117W
YKR058W	YPL170W
YDL185W	YNR052C
YEL071W	YFR004W
YDL076C	YLR098C
YDL223C	YFR004W
YDR143C	YGL037C
YHR200W	YOR270C
YFR021W	YPL258C
YGR184C	YIL075C
YIL073C	YJL074C
YAL049C	YDL025C
YKL049C	YOR267C
YBL026W	YDL160C
YLR025W	YLR181C
YFL068W	YNL255C
YER142C	YGR090W
YGR040W	YGR155W
YMR032W	YPL084W
YBL032W	YNR035C
YBL032W	YLR091W
YJL070C	YJL164C
YBL085W	YJL155C
YKL049C	YMR146C
YDL148C	YML010W
YBL032W	YDR033W
YBR106W	YNL048W
YMR059W	YNL014W
YFR002W	YKL057C
YCL010C	YMR223W
YGR094W	YPR154W
YBL032W	YLR151C
YFR004W	YJL060W
YHR135C	YLL043W
YCR073W-A	YDR247W
YBL032W	YGL105W
YKL185W	YMR080C
YPL249C	YPR154W
YAL005C	YER132C
YGL158W	YNL272C
YLR055C	YPL082C
YLL045C	YMR194W
YER151C	YJL111W
YLR369W	YOR232W
YNL031C	YPL001W
YLR284C	YML064C
YIL147C	YNR031C
YKL112W	YOR039W
YHL019C	YHR135C
YDL195W	YHR216W
YDR328C	YPL240C
YHR200W	YPL048W
YDL147W	YGR262C
YBL032W	YBR117C
YGR249W	YMR139W
YJR042W	YMR047C
YBR274W	YLR438W
YDL191W	YML126C
YGL212W	YOL129W
YGL179C	YLR055C
YNL197C	YNR044W
YJL136C	YJR059W
YER151C	YGR254W
YIR010W	YPL127C
YBL032W	YPR155C
YDL160C	YPR129W
YDR443C	YPL042C
YJL164C	YLR259C
YER177W	YNL031C
YDL188C	YHR152W
YDL074C	YHR149C
YBR274W	YNL031C
YFR004W	YHR039C
YKL006C-A	YOR106W
YGR091W	YOR159C
YIL068C	YPR055W
YNL069C	YPR102C
YFR022W	YLR248W
YGR254W	YHR200W
YDL088C	YIL115C
YER151C	YNL069C
YBR028C	YER015W
YAL062W	YIL033C
YHR070W	YNL138W
YFR004W	YIL142W
YGL134W	YKR058W
YER125W	YMR257C
YFR004W	YOL016C
YER018C	YPL174C
YER089C	YGL019W
YGL210W	YNL255C
YNL126W	YPL055C
YDR074W	YHR200W
YGR254W	YPR152C
YCR098C	YNL008C
YDL025C	YGR090W
YBR194W	YNL172W
YIR010W	YPL231W
YKL049C	YLR410W
YKR095W	YNL255C
YBL064C	YKL101W
YCL032W	YMR117C
YNL132W	YOR078W
YBL039C	YOR151C
YFR004W	YPL048W
YBL032W	YPL016W
YBL032W	YGR268C
YDR189W	YHR094C
YFL007W	YLL026W
YDR115W	YGR220C
YDR100W	YDR141C
YBR173C	YOR362C
YDR057W	YOL013C
YKL185W	YOR120W
YNL107W	YPL235W
YMR223W	YPL047W
YDR143C	YIL034C
YDR227W	YNL031C
YDL079C	YJL014W
YLR340W	YMR194W
YBL106C	YIL033C
YCL040W	YHR027C
YGL200C	YPR201W
YDR293C	YJL164C
YCR021C	YKR003W
YKL139W	YNL132W
YBL105C	YEL002C
YCR031C	YNL069C
YMR070W	YPL127C
YFL008W	YMR117C
YKL059C	YLR115W
YDL185W	YHR027C
YBL032W	YCR033W
YBR249C	YGR275W
YCR009C	YNL255C
YKL049C	YMR091C
YJL109C	YOR294W
YGL223C	YIL004C
YBL032W	YNL066W
YLR314C	YNL154C
YER065C	YHR186C
YBL032W	YHL050C
YGR167W	YJL006C
YJL026W	YPR054W
YBL033C	YFR004W
YMR071C	YNL255C
YBR158W	YML064C
YDR085C	YMR059W
YHL030W	YKL029C
YDL126C	YNL031C
YBR128C	YPL120W
YFL008W	YJR065C
YHR207C	YJL164C
YJR091C	YOR265W
YCR077C	YML109W
YAL028W	YNL154C
YBL050W	YFR004W
YHR118C	YLL004W
YGL037C	YPL070W
YDL028C	YOR373W
YML012W	YOR016C
YHL004W	YPL255W
YDR130C	YDR201W
YLL026W	YNL271C
YGR091W	YML025C
YNL255C	YOL112W
YJL164C	YML010W
YNL160W	YOL133W
YNR052C	YOL149W
YGR165W	YIL093C
YCR031C	YIL133C
YOR011W	YPL240C
YAL029C	YKL124W
YDL002C	YKL101W
YCL027W	YGR070W
YDL018C	YGL200C
YER012W	YOR362C
YJR059W	YNL045W
YMR117C	YOL028C
YMR070W	YNL197C
YGL056C	YGL077C
YMR146C	YPR152C
YGR090W	YKL021C
YFR004W	YKL127W
YOR042W	YPL042C
YBL061C	YLR432W
YDR224C	YLR357W
YDL126C	YIL030C
YKL060C	YNL255C
YDR100W	YPL135W
YIL095W	YIR006C
YER122C	YIR010W
YCR061W	YLL048C
YKL061W	YLR408C
YGL187C	YGL213C
YGL053W	YNL315C
YDR190C	YJL081C
YLR221C	YNR038W
YHR027C	YOR271C
YDL160C	YNL255C
YOL012C	YPL235W
YDR170C	YPR181C
YHR027C	YKL157W
YGR086C	YPL150W
YMR314W	YOR117W
YKL101W	YMR184W
YML064C	YOR229W
YBL032W	YGL083W
YIL125W	YOR005C
YGR195W	YOR076C
YBL032W	YNR010W
YJL026W	YLR437C
YDL006W	YKR048C
YDR170C	YER125W
YFR004W	YGL014W
YMR197C	YOR036W
YIR037W	YML070W
YBL032W	YJL172W
YHR112C	YHR135C
YKL210W	YPL209C
YER151C	YKL145W
YGL019W	YPL042C
YLR357W	YMR224C
YML012W	YOR054C
YER151C	YNL255C
YCL009C	YER012W
YHL042W	YNL329C
YBR052C	YIR037W
YLR080W	YPR181C
YDL120W	YDR100W
YER029C	YKL012W
YAL010C	YHR083W
YEL019C	YML023C
YDL115C	YGR186W
YER095W	YHR058C
YDR032C	YLR429W
YHR027C	YJL060W
YDL210W	YJL106W
YIR010W	YJL076W
YDL188C	YGR135W
YDR477W	YHR205W
YLL004W	YPL001W
YAL005C	YOR197W
YER118C	YGR014W
YDL072C	YFR004W
YHR152W	YIL105C
YGR270W	YPL116W
YDR190C	YLR399C
YBL075C	YLR345W
YDL148C	YOL010W
YAL005C	YDR168W
YKL206C	YMR314W
YIL135C	YKL088W
YDL078C	YOL147C
YBL072C	YGR090W
YBR106W	YHR200W
YLR085C	YOL012C
YAL056W	YJL164C
YDL115C	YNL255C
YDR229W	YHR135C
YER050C	YJR031C
YBR039W	YPL078C
YGL158W	YJR142W
YML010W	YNL132W
YMR246W	YOL133W
YMR032W	YOR264W
YBR278W	YMR224C
YLR248W	YOR018W
YGL049C	YPR152C
YDL014W	YKL035W
YHR183W	YKL085W
YNL078W	YPL269W
YLR079W	YLR345W
YGR052W	YOR341W
YFL039C	YKL007W
YAL005C	YNL255C
YDR477W	YGL208W
YBL032W	YKL037W
YBR272C	YKL145W
YBL034C	YBL097W
YDR050C	YOR117W
YML110C	YMR071C
YOR197W	YPR154W
YGR135W	YGR253C
YDL030W	YDR473C
YKL049C	YOR039W
YBL056W	YMR246W
YDR485C	YNL107W
YAL034W-A	YDR318W
YFR051C	YGR284C
YGR109C	YNL197C
YBR194W	YDL126C
YBL023C	YMR314W
YKL154W	YPR198W
YDL126C	YML029W
YBL052C	YJR082C
YDR505C	YPR154W
YDR453C	YML028W
YBL032W	YBR229C
YGR040W	YMR319C
YDL165W	YGR014W
YGR192C	YGR232W
YER172C	YGL100W
YDR501W	YHR094C
YDL203C	YER125W
YHR090C	YNL031C
YDR159W	YOR257W
YAR019C	YIL095W
YBR272C	YHR200W
YGL233W	YNL272C
YER122C	YNL154C
YBL032W	YIR010W
YMR282C	YPL240C
YDR273W	YML051W
YHR135C	YNL172W
YER022W	YPL248C
YHL030W	YKL145W
YDR323C	YPL240C
YPL133C	YPL209C
YML108W	YNL255C
YAL014C	YJR125C
YGR192C	YKL039W
YDR224C	YLR133W
YDL014W	YLR221C
YER054C	YGR052W
YBL085W	YPL158C
YDR216W	YDR477W
YGR178C	YLR340W
YLL026W	YOR117W
YCL035C	YFR004W
YDR369C	YKL022C
YBL023C	YNL261W
YKL203C	YMR068W
YHL004W	YNL252C
YLL032C	YML119W
YFR004W	YPR058W
YBR194W	YDR293C
YLR109W	YPL001W
YGR013W	YLL036C
YDR118W	YMR001C
YDL014W	YKL078W
YDR052C	YLR423C
YLR429W	YPL004C
YAL005C	YOR151C
YDR195W	YOR179C
YGR178C	YPL049C
YJL106W	YNL186W
YBL032W	YLR437C
YDR477W	YEL060C
YBL032W	YPL276W
YCL035C	YKL198C
YER151C	YGL105W
YDL018C	YML012W
YDL007W	YHR027C
YBL054W	YDR130C
YLR154C	YNL072W
YFR050C	YKL049C
YBL052C	YPL129W
YKL080W	YOR332W
YBL045C	YNL255C
YFL037W	YKL039W
YLR216C	YPL240C
YBL032W	YMR081C
YGR284C	YLL061W
YCR093W	YDR190C
YBL032W	YGR121C
YDR143C	YNL197C
YCR033W	YDR432W
YGL201C	YPR154W
YHR183W	YMR049C
YKL171W	YKR097W
YBR208C	YOR117W
YGR090W	YKL088W
YDL188C	YOR157C
YGL162W	YNL298W
YDR439W	YJL076W
YCL052C	YJR106W
YDR045C	YNL113W
YMR225C	YNL284C
YER177W	YGL078C
YDL074C	YKL101W
YJL109C	YOL010W
YGR030C	YMR117C
YNL186W	YPL042C
YCR002C	YDR168W
YHR023W	YPR188C
YDR477W	YNL025C
YDL006W	YJL106W
YGR123C	YNR032W
YCL028W	YER022W
YGL120C	YOR185C
YBL002W	YPR019W
YGR188C	YNL255C
YIL101C	YNL197C
YKL049C	YKL057C
YLR430W	YPR148C
YBR108W	YGR136W
YCR095C	YNL032W
YAR019C	YLL019C
YGR017W	YLR403W
YGL077C	YLR413W
YJL176C	YPL248C
YAL021C	YCR093W
YOR117W	YOR375C
YOL016C	YPL203W
YDR228C	YPR049C
YDL160C	YDR151C
YNR011C	YPR182W
YGR203W	YNL255C
YGL060W	YPR046W
YBR058C	YKR049C
YJL122W	YPR152C
YBL032W	YBR029C
YLL026W	YLR072W
YER012W	YFR004W
YNL132W	YNL230C
YLR310C	YNR037C
YBL072C	YOR361C
YBR167C	YNL255C
YGL073W	YLR419W
YDL076C	YPL139C
YCL032W	YHR135C
YJL109C	YMR290C
YCR046C	YNL284C
YHR174W	YKL060C
YGL197W	YNL197C
YGL060W	YGL093W
YMR047C	YOL123W
YDL117W	YNL078W
YDL213C	YLL027W
YER048W-A	YOR232W
YFR022W	YNL154C
YDL115C	YGL070C
YBL002W	YKR048C
YML029W	YNL329C
YKR048C	YLR429W
YBR194W	YIL105C
YCR077C	YDR293C
YCR069W	YMR149W
YGL179C	YGR276C
YBR041W	YGR175C
YDR075W	YDR293C
YHR200W	YPL262W
YNL272C	YPR055W
YDL147W	YIL075C
YGR192C	YKL142W
YER151C	YJL008C
YNL107W	YOL012C
YJR102C	YLR417W
YDR190C	YNL255C
YKL061W	YLR362W
YBR289W	YMR072W
YDL160C	YNR052C
YDR175C	YPL118W
YKL093W	YMR139W
YDL222C	YKL051W
YMR071C	YNL315C
YHL006C	YIL132C
YBL032W	YER167W
YKL193C	YMR139W
YDL213C	YDR381W
YLL036C	YML049C
YGR253C	YLR021W
YBR035C	YDL101C
YAR031W	YLL028W
YER139C	YOR224C
YBL002W	YMR091C
YNL197C	YNL278W
YDR189W	YLR440C
YIR010W	YPL082C
YGR258C	YOL044W
YHR186C	YLR403W
YGL121C	YJR053W
YIR009W	YOR011W
YNL246W	YPL141C
YDR284C	YPL147W
YGL025C	YMR112C
YIR010W	YNL132W
YLL050C	YMR059W
YJL069C	YKL012W
YDL126C	YGR270W
YBL045C	YHR200W
YDL203C	YPL240C
Q0085	YCR106W
YEL027W	YOR016C
YDR224C	YNL246W
YHR115C	YPL085W
YCR100C	YPL141C
YGL220W	YNL255C
YKL126W	YPR111W
YBL032W	YNL148C
YER151C	YOR341W
YDL031W	YPL004C
YBR239C	YPL133C
YBL032W	YIL115C
YDL160C	YNL197C
YFL038C	YOR036W
YML058W	YNL172W
YHR193C	YPR111W
YFR004W	YPL110C
YDL028C	YDR168W
YDR122W	YOL083W
YAL005C	YDR381W
YBR173C	YKR054C
YDL214C	YDR216W
YKR027W	YMR237W
YGR086C	YNL255C
YJL154C	YPL070W
YGR167W	YNL255C
YGR038W	YML029W
YFL054C	YJR059W
YER161C	YER172C
YBL002W	YPL082C
YGR276C	YOR267C
YCR073W-A	YJL164C
YBR254C	YML077W
YCL040W	YHR200W
YHR058C	YMR112C
YBL032W	YER128W
YBL099W	YOR117W
YAL062W	YHR200W
YER094C	YKL049C
YJR044C	YOL129W
YIL022W	YPR152C
YDL148C	YPL217C
YAL005C	YLR187W
YDR045C	YDR448W
YBR106W	YLR034C
YGR262C	YHR205W
YDR054C	YDR328C
YDL057W	YPL049C
YDL222C	YLL028W
YBR202W	YDR052C
YPL018W	YPL174C
YGR040W	YNL077W
YLL021W	YNR031C
YOL133W	YPR164W
YDR168W	YHR166C
YBL091C-A	YPL094C
YIL113W	YLL019C
YLR229C	YOL113W
YDL022W	YDR142C
YBL032W	YNR052C
YKR048C	YPL150W
YBR133C	YPL209C
YPL004C	YPR152C
YJL106W	YPR058W
YBR207W	YDR141C
YDR477W	YKR071C
YLR330W	YMR237W
YJL060W	YJL153C
YDR285W	YOL069W
YCL024W	YKR071C
YBR036C	YOR016C
YGR275W	YIR010W
YDR224C	YDR225W
YBL032W	YDL223C
YLR187W	YLR432W
YLL004W	YNL261W
YNL255C	YOL016C
YDR159W	YIL149C
YGL157W	YMR034C
YER107C	YMR047C
YHR027C	YMR314W
YCL043C	YKL171W
YJL051W	YLR248W
YDR002W	YNL255C
YAR028W	YPL264C
YBL032W	YBR086C
YER062C	YIL045W
YDR156W	YNL172W
YLR450W	YOL113W
YDR484W	YLR262C
YDL126C	YDR028C
YGR086C	YPL004C
YBL032W	YBR105C
YFL039C	YMR109W
YGR241C	YNL020C
YGR098C	YMR001C
YBL032W	YDL072C
YDR225W	YPR052C
YDR027C	YGL233W
YGR253C	YKL049C
YBL032W	YLR246W
YDR264C	YOL137W
YGR147C	YNL255C
YFR004W	YNL241C
YKL049C	YKL212W
YFR004W	YPL231W
YAR042W	YDL019C
YDR016C	YJR135C
YHR135C	YOR162C
YBL085W	YER008C
YNL138W	YPR152C
YGR172C	YOR132W
YDL078C	YKL185W
YBR272C	YFR004W
YNL298W	YOL113W
YGR094W	YHR200W
YGL049C	YML117W
YBR217W	YIL125W
YBR106W	YPR198W
YLR310C	YPL203W
YJL053W	YOR132W
YCL028W	YOL111C
YDR227W	YER151C
YBL032W	YIL080W
YFR019W	YFR021W
YHR135C	YOR260W
YBL032W	YDR406W
YJR059W	YOR083W
YLR055C	YOL148C
YGL023C	YJL164C
YBR194W	YDR050C
YOR319W	YPR188C
YBL091C-A	YML029W
YDL186W	YMR001C
YBR080C	YHR027C
YDR289C	YNL189W
YER118C	YMR109W
YDL131W	YHR200W
YGL006W	YGR163W
YER018C	YKR048C
YMR091C	YPR034W
YJL041W	YOL132W
YKR101W	YNL216W
YBL032W	YPL179W
YER136W	YJR035W
YDL019C	YKL129C
YDR477W	YMR001C
YML006C	YNL025C
YLR315W	YPL255W
YIL142W	YIR010W
YHR135C	YNL293W
YAL005C	YPL137C
YDL171C	YJR123W
YJL144W	YNL255C
YCL014W	YGR220C
YHR027C	YNL255C
YDR264C	YPL246C
YBL032W	YPL137C
YOR219C	YOR357C
YHR027C	YMR241W
YDR293C	YPL055C
YDL047W	YNL255C
YNL154C	YOR362C
YDR328C	YOR332W
YHR146W	YIR010W
YAL021C	YIL038C
YGR132C	YNL255C
YNL255C	YPR148C
YAL005C	YLR310C
YDR190C	YHR135C
YBR097W	YBR128C
YIR038C	YML038C
YGR238C	YJL030W
YBL023C	YDR052C
YBL032W	YPL056C
YDR306C	YOL133W
YIL008W	YLR109W
YDL074C	YJL074C
YFR004W	YPR062W
YGR163W	YNL255C
YBL030C	YHR051W
YNL230C	YPL001W
YBL099W	YFR004W
YHR166C	YLR102C
YDR143C	YLL026W
YBL036C	YDR523C
YMR072W	YPR152C
YBL032W	YNL058C
YDR103W	YEL023C
YKL101W	YKR048C
YCL027W	YKL092C
YNL085W	YPR034W
YDR118W	YDR477W
YFL045C	YPL235W
YDR103W	YER132C
YKL002W	YLR423C
YBR106W	YOL030W
YCR028C-A	YNL298W
YNL074C	YNL154C
YBL052C	YDR224C
YFL034W	YHR023W
YML058W	YOL006C
YDR318W	YML023C
YDR070C	YNL255C
YER161C	YNL189W
YMR290C	YOL041C
YDL120W	YMR071C
YBR023C	YJL099W
YDR254W	YNR062C
YBL025W	YMR270C
YIR009W	YLR433C
YIR025W	YJL058C
YDL047W	YPL152W
YGR165W	YHR135C
YML064C	YML078W
YDL006W	YPL161C
YDR127W	YER095W
YLR284C	YOR180C
YBL032W	YDL088C
YNL172W	YPL209C
YBL026W	YPR184W
YGL025C	YGL151W
YBL032W	YPL089C
YER125W	YML010W
YBL002W	YGL241W
YDL137W	YGR052W
YKL161C	YNL053W
YIL022W	YJL143W
YGR091W	YJR022W
YJR059W	YKL013C
YOR257W	YPL055C
YAL005C	YHR200W
YER161C	YIR001C
YDL091C	YDL126C
YBR087W	YOL016C
YDR127W	YOR375C
YBL105C	YPR165W
YER029C	YGL120C
YBR052C	YHR094C
YKL114C	YPL127C
YBL032W	YIL101C
YIR010W	YMR072W
YGR276C	YJL164C
YHR174W	YJL039C
YBR157C	YJR059W
YBR080C	YHR200W
YIL095W	YKL062W
YIR025W	YNL172W
YDL240W	YLR229C
YOL082W	YPR049C
YGL097W	YOR304W
YCR093W	YDL224C
YNL255C	YNL325C
YDR420W	YER118C
YDR508C	YNL197C
YDR477W	YMR290C
YGL167C	YKR039W
YGR040W	YKL161C
YHR186C	YKL193C
YHR135C	YOR177C
YBR194W	YKL022C
YER177W	YGR097W
YDL156W	YIR010W
YHR128W	YPL235W
YBR072W	YKL049C
YHR135C	YKL195W
YCR028C-A	YNL255C
YDR244W	YLR377C
YIL021W	YNL113W
YKL103C	YPR049C
YBR106W	YLL028W
YHR039C	YOR054C
YHR200W	YJL060W
YBL026W	YIL038C
YLL036C	YPR066W
YFR004W	YJL014W
YNL255C	YPL047W
YDL088C	YFR002W
YDR190C	YNL107W
YIR010W	YLR357W
YER151C	YOL039W
YIR010W	YJR123W
YDR194C	YNL255C
YCL014W	YFR053C
YDL148C	YPL012W
YGR155W	YML085C
YCR009C	YFR004W
YHR148W	YOR145C
YNL052W	YNL255C
YDR028C	YFR004W
YDL213C	YMR290C
YLR117C	YOR159C
YDR381W	YPL209C
YER029C	YJR022W
YDR334W	YJL081C
YHR120W	YLR163C
YGL179C	YHL024W
YBL026W	YOL102C
YBR273C	YJL048C
YBL030C	YOR271C
YBR108W	YNL154C
YGR268C	YOR042W
YER122C	YGL200C
YJL155C	YNL255C
YDR225W	YDR448W
YBR194W	YGL049C
YDL019C	YNL154C
YDL002C	YJL081C
YGL105W	YJL164C
YJL109C	YOR078W
YGL213C	YML108W
YDR129C	YLR330W
YPL141C	YPL240C
YGL158W	YOR193W
YIL135C	YLR248W
YDL014W	YNL124W
YLR262C	YNL293W
YBR108W	YGR086C
YBL085W	YMR244W
YBR274W	YKL104C
YGR090W	YNL132W
YGL120C	YNL132W
YCR077C	YPR129W
YDR381W	YDR475C
YDR159W	YER105C
YBL105C	YER118C
YDL075W	YIL133C
YJL074C	YOL069W
YFL037W	YPL235W
YJR047C	YLR362W
YAR031W	YBR217W
YOL065C	YPL240C
YBL032W	YGL179C
YER151C	YER155C
YGR155W	YHR135C
YDR146C	YNL189W
YBL032W	YDR223W
YCR005C	YGL252C
YBR194W	YDR483W
YDR307W	YOR016C
YDL201W	YFR004W
YDR280W	YNL189W
YEL027W	YOR270C
YHR200W	YJL008C
YFR004W	YMR276W
YCR044C	YHR140W
YGL206C	YLR330W
YGR175C	YLR100W
YLR203C	YPL118W
YGR270W	YLR033W
YHR058C	YOR151C
YBR080C	YOR106W
YDL185W	YMR054W
YGL252C	YLR085C
YBL105C	YHR070W
YBR289W	YJL176C
YLR362W	YOL016C
YFL037W	YFR004W
YER009W	YMR059W
YHR135C	YKR071C
YGL241W	YLL050C
YLR348C	YOR297C
YNL255C	YOL039W
YBR106W	YJL196C
YDR310C	YHR152W
YNL255C	YPL098C
YDR225W	YKR048C
YHR186C	YPL055C
YBR274W	YMR270C
YGR037C	YLR359W
YHR216W	YJL101C
YHR148W	YOR078W
YGR136W	YOR197W
YBL032W	YDR542W
YNL014W	YNL255C
YKL104C	YPL111W
YIR038C	YJR118C
YGL158W	YJR094W-A
YGR284C	YOR165W
YDR148C	YNL092W
YIR010W	YNL085W
YDR118W	YIR025W
YKL101W	YPL201C
YGL241W	YKR048C
YJR096W	YKL101W
YNL255C	YPL127C
YDL120W	YER048W-A
YDL126C	YKL145W
YKL193C	YML049C
YOL147C	YPL240C
YJL164C	YPL232W
YBL032W	YER045C
YAL040C	YBL032W
YGR186W	YML010W
YDL159W	YDR103W
YDL222C	YLR454W
YDR146C	YER179W
YER030W	YNL255C
YCR028C	YJL004C
YHR027C	YJL026W
YKL154W	YML075C
YDR424C	YJL041W
YBR068C	YHR094C
YGR090W	YKR060W
YAL002W	YKL193C
YLR427W	YMR319C
YBR108W	YMR032W
YAL053W	YDR501W
YHR200W	YML126C
YDR343C	YKL203C
YDL195W	YOR250C
YCR093W	YIL075C
YFR004W	YJL026W
YDL006W	YGR052W
YBL040C	YPR156C
YIR010W	YOL006C
YJR043C	YOR346W
YHR135C	YPR121W
YER125W	YHL024W
YJR056C	YNL197C
YLR399C	YPL042C
YGR178C	YLR216C
YKR048C	YNL255C
YKL134C	YPL109C
YAL005C	YFL007W
YBL032W	YNL005C
YFL042C	YMR303C
YJR025C	YOL113W
YER132C	YMR139W
YHR042W	YKL049C
YCR028C-A	YKL051W
YHR200W	YKL029C
YHR200W	YPR163C
YBL050W	YBR080C
YDR328C	YNL103W
YGR253C	YIL075C
YDL014W	YGL200C
YFL016C	YOR232W
YKL029C	YML085C
YIR038C	YPL053C
YIL109C	YJL004C
YBL032W	YNL241C
YFR004W	YKR002W
YDR453C	YOR031W
YBR102C	YGL233W
YJR082C	YPL248C
YBL032W	YLR371W
YBL032W	YGL128C
YER032W	YGR178C
YLR307W	YOL016C
YDR100W	YML029W
YAR066W	YBL032W
YGL014W	YNL197C
YBR035C	YPL240C
YHR090C	YNL136W
YBR045C	YMR001C
YBR194W	YCR077C
YCR009C	YFL039C
YCR010C	YJR040W
YFL037W	YML085C
YBL032W	YHR042W
YDL188C	YGL121C
YBR041W	YOR059C
YJL176C	YOR038C
YBL027W	YGL014W
YKL210W	YMR108W
YFR051C	YNL284C
YCR005C	YKL085W
YKL035W	YML064C
YDR169C	YHR135C
YBL032W	YGR023W
YJR091C	YLR370C
YJL056C	YML058W
YAL053W	YBL032W
YPL203W	YPR072W
YGR165W	YNL271C
YGL019W	YOR039W
YIL095W	YMR053C
YKL139W	YOL082W
YHL042W	YHR032W
YAL055W	YOL044W
YCR024C	YNL154C
YDR293C	YPL004C
YKL021C	YLR449W
YHR174W	YKL142W
YAL028W	YHR135C
YFR004W	YNL138W
YBL032W	YPL013C
YNL005C	YNL284C
YDR190C	YGL097W
YIL114C	YNL255C
YPL112C	YPR165W
YER018C	YKL012W
YCL043C	YNL255C
YML109W	YPR165W
YBR193C	YDR443C
YER022W	YPL210C
YJR004C	YNL197C
YDL159W	YER151C
YGL060W	YKL049C
YBR235W	YNL197C
YML012W	YMR054W
YIL027C	YOR151C
YBR024W	YBR037C
YHR107C	YNL078W
YIL135C	YJL106W
YDR175C	YIL093C
YDL188C	YJR009C
YER151C	YGR086C
YGR167W	YGR241C
YNL255C	YNR033W
YER122C	YHR200W
YER007C-A	YFR004W
YDL175C	YDR432W
YDL195W	YHR027C
YBL032W	YPR181C
YFR033C	YNL197C
YJL052W	YJR009C
YFL039C	YNL243W
YDR373W	YER177W
YNL136W	YNL189W
YGR262C	YHR033W
YJR082C	YOL113W
YGR086C	YPL235W
YIR010W	YNL302C
YBL032W	YDL247W
YER122C	YFR004W
YHL004W	YNR036C
YCR077C	YER172C
YHR153C	YIL073C
YGR232W	YOR117W
YFL039C	YHR090C
YER029C	YOR319W
YLR034C	YPL217C
YHL024W	YPR129W
YCL014W	YKR048C
YBR173C	YER094C
YGL221C	YML064C
YDR045C	YKR025W
YMR239C	YNL138W
YBL104C	YPL055C
YGL059W	YHR157W
YNL255C	YOR361C
YGR167W	YHR161C
YDR126W	YEL002C
YDR284C	YGL006W
YDR320C	YGL206C
YML051W	YOL148C
YAL053W	YGL077C
YDR287W	YNL255C
YFL039C	YML126C
YDL007W	YNL255C
YGL100W	YHR174W
YNL107W	YNL136W
YDR159W	YDR432W
YLR196W	YPL012W
YPL240C	YPL264C
YKL214C	YML010W
YDR523C	YML123C
YER118C	YHR143W
YBL032W	YJR107W
YJL109C	YPL012W
YHR042W	YPL092W
YGL023C	YMR049C
YER125W	YGL206C
YDR225W	YPR019W
YGL033W	YGL183C
YOL133W	YOR319W
YBR106W	YMR149W
YOL044W	YOL147C
YFR004W	YNL208W
YDL060W	YOL123W
YDL126C	YFR004W
YFR050C	YOR157C
YJL053W	YJL154C
YJL170C	YPL240C
YDR363W-A	YOR117W
YFR004W	YLR028C
YDL047W	YIL153W
YDR432W	YLR427W
YHR152W	YNL172W
YHR001W	YKR003W
YBL105C	YPR154W
YDR432W	YNL189W
YFR004W	YGR135W
YJL029C	YLR262C
YDL113C	YDR100W
YFL039C	YJR065C
YKR054C	YML085C
YGL100W	YJL039C
YAL005C	YER012W
YBR039W	YPR106W
YDR001C	YPL203W
YFL007W	YFR050C
YDL148C	YER179W
YBR106W	YML012W
YDR306C	YMR105C
YBL032W	YMR135C
YBL072C	YHR200W
YKR014C	YLR148W
YDR277C	YNL073W
YBL032W	YOR018W
YOR332W	YPL240C
YDL235C	YKL114C
YER062C	YPL201C
YJL167W	YOR117W
YIR006C	YOL101C
YAL065C	YBL032W
YBL023C	YDL171C
YBL034C	YKL193C
YER177W	YOL013C
YJR049C	YOR009W
YDR218C	YPL161C
YNL020C	YNL243W
YBL032W	YGL049C
YOR187W	YPL083C
YGR086C	YNL230C
YDL006W	YLR148W
YBL025W	YDL113C
YIL105C	YMR068W
YER122C	YOL113W
YLR419W	YNL255C
YER155C	YLR229C
YNL098C	YNL255C
YGR091W	YPR182W
YKL013C	YNL138W
YGR200C	YHR187W
YDR350C	YOL123W
YGR086C	YLR079W
YER151C	YOR078W
YGL070C	YPL203W
YBR114W	YOR332W
YJR090C	YLL050C
YKL145W	YOR257W
YLR300W	YOL126C
YGL158W	YMR223W
YHR001W	YNL283C
YGL070C	YIL021W
YGR091W	YLL036C
YDL005C	YPL129W
YBL026W	YER172C
YJR047C	YKL101W
YER105C	YIL115C
YJL210W	YOL044W
YER012W	YMR247C
YGL121C	YLR278C
YBL069W	YDR100W
YGL014W	YJR025C
YLL045C	YNR024W
YDR277C	YPL240C
YHR216W	YLR432W
YGL179C	YNL192W
YDR483W	YPR152C
YCR082W	YLR315W
YDL030W	YKL049C
YBL032W	YNL322C
YDR276C	YLL061W
YGR086C	YJR156C
YFL018C	YIL125W
YPL129W	YPR034W
YGR038W	YKL212W
YHR027C	YMR001C
YLR433C	YOR324C
YMR091C	YNL255C
YBL032W	YLL019C
YDL147W	YPR040W
YOR078W	YPL217C
YNL255C	YPL217C
YDR139C	YPR066W
YJL164C	YPL203W
YDL147W	YGL200C
YJR159W	YPL240C
YDR146C	YPR046W
YKL140W	YMR152W
YER161C	YNL255C
YDR501W	YLR413W
YHR195W	YOR065W
YGR040W	YIL036W
YAL005C	YMR091C
YAL034W-A	YIR010W
YFR050C	YGR067C
YDR364C	YNR011C
YGL231C	YNL255C
YBR091C	YNL255C
YDL147W	YDR320C
YBR106W	YDR307W
YKL189W	YPL049C
YDR259C	YLR423C
YBR036C	YHL003C
YDR485C	YLR385C
YGR037C	YMR109W
YDR216W	YNL025C
YBR194W	YNL271C
YGR205W	YMR315W
YCL040W	YER125W
YGL198W	YGR172C
YDL159W	YOL123W
YJL014W	YOR117W
YGR253C	YJR059W
YAL005C	YIL115C
YBR106W	YNL275W
YLR457C	YPL018W
YMR109W	YNR035C
YJL164C	YKR048C
YER151C	YGL120C
YHR027C	YIL109C
YER118C	YOR208W
YDR103W	YDR148C
YOR155C	YPL070W
YDL185W	YGL201C
YBL023C	YPR019W
YDR254W	YJR135C
YDL223C	YIL095W
YBR273C	YMR139W
YCL032W	YDR103W
YBR173C	YLR021W
YML036W	YMR319C
YKL049C	YLR208W
YCL043C	YML130C
YBR036C	YCL052C
YHR023W	YNL272C
YFR004W	YKL145W
YIL027C	YML012W
YDR293C	YNL066W
YFR050C	YNL253W
YGL005C	YKL159C
YIL142W	YOR230W
YBL002W	YGL097W
YKL019W	YKL159C
YDR276C	YOR211C
YBR274W	YJL076W
YGR287C	YNR031C
YFR040W	YPR040W
YDL126C	YOR197W
YBR106W	YOL132W
YMR290C	YNL069C
YML020W	YNL197C
YAL021C	YCL028W
YJL164C	YLR192C
YDR074W	YFR004W
YBR274W	YMR255W
YDR323C	YGL095C
YDR228C	YOR250C
YFR004W	YHR209W
YGL049C	YGR013W
YGL059W	YKL062W
YDL014W	YLR403W
YDR228C	YDR381W
YHR186C	YKL171W
YDR153C	YJL164C
YDR119W	YPR058W
YER151C	YIR010W
YDL235C	YKL161C
YDL171C	YKL049C
YGR013W	YKL012W
YDR159W	YJL197W
YDR448W	YHL004W
YDL190C	YGR048W
YGL212W	YGR223C
YKL021C	YOL041C
YBR023C	YER039C
YJL140W	YJL164C
YDR328C	YJR053W
YGR200C	YIL021W
YDR308C	YER022W
YKR083C	YLR423C
YAR042W	YOR361C
YMR206W	YNL255C
YKR044W	YNL197C
YBL030C	YHR200W
YFR004W	YOR157C
YKR060W	YNL132W
YCR014C	YFR004W
YGL179C	YHR090C
YDL111C	YHR069C
YGL212W	YOR089C
YER012W	YGR253C
YGR155W	YIL109C
YER125W	YOR322C
YNL069C	YNL255C
YPL237W	YPR152C
YLR248W	YMR068W
YFL037W	YGL238W
YDL014W	YNL069C
YDR052C	YPR019W
YGR167W	YNL243W
YJR091C	YLR059C
YER155C	YPL042C
YDR084C	YPL240C
YCR083W	YNL255C
YGR220C	YMR225C
YFR019W	YNL325C
YGL077C	YMR149W
YGL120C	YJL176C
YBR106W	YJR118C
YLR181C	YPR173C
YER145C	YPL221W
YER129W	YGL115W
YCR077C	YPL240C
YCR077C	YER151C
YBL032W	YKR044W
YJR022W	YLR133W
YBL032W	YHL046C
YHL004W	YOL113W
YDL160C	YGR178C
YER125W	YKR092C
YPL240C	YPR029C
YER107C	YIL115C
YDL047W	YKL195W
YGL056C	YHR094C
YGR121C	YKL051W
YER099C	YOL069W
YBR041W	YML008C
YLR450W	YPL139C
YDR159W	YDR448W
YKL145W	YKL210W
YDL047W	YKL203C
YHR027C	YOR361C
YNL132W	YPR106W
YPL145C	YPL147W
YBR194W	YCR009C
YER041W	YHR027C
YDR298C	YPL078C
YHR135C	YIL010W
YDL014W	YGL213C
YGL187C	YNL052W
YDR054C	YNL255C
YDR009W	YPL248C
YDR516C	YPL150W
YGR024C	YKL090W
YCL028W	YML058W
YAL062W	YLR267W
YLR033W	YLR410W
YNL048W	YPR128C
YBL032W	YGL220W
YCR077C	YGL121C
YAL029C	YLR304C
YLL036C	YOR319W
YCR031C	YJR123W
YDR244W	YJL210W
YGR220C	YML025C
YBL075C	YPL240C
YBL032W	YNL275W
YDR497C	YLL028W
YHR027C	YPL240C
YNL135C	YOL012C
YDR448W	YPL248C
YHR200W	YJR103W
YBL006C	YGR275W
YER155C	YIL113W
YOR016C	YPR201W
YJR039W	YMR021C
YDR103W	YLR362W
YDR524C	YNL197C
YLR430W	YMR239C
YLR117C	YPR046W
YBL032W	YPL065W
YMR064W	YOL123W
YBR273C	YPL240C
YHL022C	YHR157W
YIL033C	YPL203W
YLR033W	YLR357W
YDR052C	YIR010W
YDR513W	YNL255C
YDR276C	YKL212W
YGL223C	YKL006C-A
YAR042W	YNL197C
YMR047C	YPL125W
YEL030W	YOR232W
YDL030W	YIR009W
YAL053W	YOL105C
YDR381W	YIL149C
YBR251W	YIL093C
YDR473C	YJR022W
YLR399C	YPL235W
YER030W	YOL012C
YLR266C	YPL018W
YER125W	YLR069C
YAL005C	YDR460W
YDR516C	YNL032W
YER151C	YPL243W
YBL041W	YBR173C
YHR094C	YKL051W
YER119C	YOL016C
YHR027C	YPR118W
YER051W	YNL031C
YBR217W	YDR127W
YBL050W	YOR106W
YLR115W	YNL222W
YGR040W	YGR276C
YGL017W	YLR187W
YDR247W	YKL093W
YEL041W	YJR049C
YGL158W	YIL021W
YGR270W	YOR151C
YGR040W	YJR142W
YKL154W	YPL264C
YBL032W	YKL043W
YDR251W	YIR010W
YDR392W	YGL158W
YGL002W	YML012W
YGL014W	YJR059W
YIL101C	YPL139C
YEL030W	YIL095W
YDL028C	YMR117C
YBL085W	YBR200W
YMR139W	YPR106W
YER151C	YOR375C
YCR031C	YLL045C
YGL056C	YPR156C
YGR144W	YNL189W
YGL025C	YIL021W
YBL032W	YNR044W
YEL027W	YPR201W
YDR096W	YIL045W
YDR227W	YNL186W
YAL005C	YLL036C
YGL053W	YOR059C
YIL108W	YPR154W
YGL212W	YMR197C
YBR080C	YFR004W
YML085C	YPL235W
YNL255C	YPL146C
YML012W	YMR149W
YDL039C	YNL197C
YAL029C	YJL014W
YER125W	YOR138C
YER155C	YPL055C
YCR042C	YKL059C
YER177W	YPL110C
YGR276C	YJR059W
YBR067C	YER151C
YGR186W	YJR017C
YDR146C	YPR034W
YCR073W-A	YOL113W
YHR027C	YJR065C
YGL120C	YLR117C
YML117W	YPL178W
YGL006W	YMR221C
YIL034C	YNL138W
YDR369C	YMR224C
YDL141W	YHR200W
YGL019W	YLR079W
YAL005C	YPL012W
YDR148C	YIL125W
YBR249C	YPL150W
YDR206W	YER027C
YDR458C	YNL154C
YBL039C	YKL196C
YBL032W	YDR052C
YHR216W	YPR152C
YBL032W	YOR011W
YCR028C-A	YPL004C
YNL197C	YPL125W
YHR115C	YNL085W
YDR479C	YLL014W
YHR027C	YKL212W
YDL213C	YGR150C
YNL263C	YNL304W
YGL212W	YLR148W
YCR031C	YLL036C
YMR001C	YPL150W
YLR454W	YMR065W
YDL111C	YGL120C
YDR175C	YGR165W
YML025C	YNL005C
YKL196C	YMR197C
YIL105C	YPL059W
YJL164C	YLL028W
YGL179C	YNL066W
YDL060W	YJR123W
YDR362C	YHR135C
YDR138W	YKL214C
YNL125C	YPL141C
YDR138W	YDR159W
YHR033W	YJR017C
YDR477W	YHR103W
YER151C	YPL127C
YFR008W	YMR052W
YER018C	YGR097W
YGR040W	YHR216W
YER029C	YGL128C
YBL045C	YML064C
YHR027C	YKL104C
YAL005C	YDR141C
YDR195W	YER032W
YNR010W	YPL042C
YBL050W	YGL212W
YLR450W	YML075C
YDL159W	YGR040W
YNL230C	YOR017W
YGR153W	YNL255C
YDL126C	YLL022C
YDR122W	YJL164C
YGL213C	YHR069C
YBR260C	YMR032W
YDR118W	YDR260C
YGL263W	YJR095W
YLL023C	YOL030W
YDR254W	YDR318W
YHL027W	YJL056C
YGR090W	YOR078W
YDR050C	YPR152C
YML085C	YOR117W
YIL142W	YNR032W
YMR032W	YNL078W
YKL013C	YMR109W
YBL039C	YOR117W
YDL222C	YDR032C
YIL034C	YNR035C
YGL208W	YNL255C
YMR270C	YPL018W
YBR108W	YJL106W
YDR122W	YPL133C
YBR274W	YHR174W
YDL175C	YLR430W
YHR152W	YNL138W
YHR023W	YKL179C
YFR015C	YJL137C
YER151C	YKL029C
YDR381W	YLR429W
YBR006W	YOR089C
YBR080C	YNL189W
YNL255C	YOL111C
YDL047W	YJL014W
YDR260C	YML023C
YHR094C	YPL240C
YBR097W	YLR360W
YCL008C	YPL084W
YBR072W	YOR159C
YLR429W	YNL031C
YDR328C	YLR352W
YDR448W	YLR055C
YHR027C	YHR107C
YBL032W	YER179W
YJL069C	YJL109C
YHR200W	YMR246W
YJL060W	YPL004C
YML060W	YNL189W
YMR276W	YOR042W
YJR042W	YLR208W
YDL078C	YNL113W
YDL213C	YLR196W
YAL005C	YPL001W
YOR177C	YOR373W
YMR194W	YNL255C
YER166W	YIL068C
YHR186C	YNL076W
YCL028W	YDR443C
YDR280W	YGR090W
YGR253C	YMR314W
YDR151C	YPL059W
YHR185C	YIL007C
YGR077C	YKL197C
YBL102W	YDR100W
YDL148C	YIR010W
YCR077C	YJR022W
YBL032W	YNL032W
YKL006C-A	YOR036W
YLR033W	YMR091C
YHR166C	YKL145W
YFR015C	YGL081W
YIL022W	YLR369W
YGL212W	YOR117W
YBL032W	YKR075C
YIL021W	YPL240C
YDR113C	YNL172W
YNL255C	YPR188C
YJL106W	YKL140W
YKR048C	YLR457C
YBR283C	YOR054C
YMR155W	YPL141C
YDL030W	YGL128C
YLL043W	YNL154C
YDR439W	YHR135C
YBL054W	YDR363W-A
YDR381W	YLL027W
YER151C	YMR049C
YDL190C	YPL236C
YBR106W	YKL146W
YBL020W	YIR038C
YIR010W	YPL237W
YIR010W	YLR315W
YDR264C	YHR175W
YDL014W	YOL076W
YBL072C	YIR010W
YNR032W	YPR040W
YJR084W	YPR045C
YFR008W	YKR025W
YHL003C	YPL150W
YDR127W	YER151C
YNL222W	YPR107C
YAL029C	YDR448W
YDR247W	YJR130C
YAL005C	YOL031C
YPL085W	YPR152C
YDR162C	YOL113W
YDR363W-A	YER151C
YBR200W	YNL298W
YBL002W	YDR439W
YCR028C-A	YNL197C
YER151C	YJL076W
YBR264C	YNL255C
YDL007W	YMR191W
YJR123W	YNL124W
YFR051C	YIL004C
YIL004C	YPR181C
YAR003W	YLR015W
YNL154C	YNL173C
YDR479C	YNR075W
YJR056C	YJR059W
YAL005C	YNL197C
YLR238W	YMR319C
YNL113W	YOR224C
YER184C	YHR158C
YNL255C	YOL012C
YHR058C	YPL082C
YGR192C	YPR129W
YGR086C	YNR052C
YDL191W	YNL069C
YBR251W	YNR036C
YDR141C	YHR094C
YHR118C	YPL127C
YDR295C	YJL106W
YAL053W	YLR330W
YDR363W-A	YNL255C
YER088C	YER151C
YBL032W	YKR067W
YER022W	YJL140W
YBR280C	YNL141W
YHR131C	YNL255C
YDR143C	YGL221C
YER022W	YGR186W
YGL095C	YMR197C
YDL085W	YPR054W
YBL032W	YDR159W
YLR423C	YPL159C
YGR052W	YGR097W
YLR132C	YPR191W
YML109W	YNL271C
YER125W	YNL243W
YBL032W	YOL060C
YBR072W	YMR083W
YHR209W	YOR319W
YCR024C	YNL243W
YGL115W	YOR142W
YGR040W	YHR200W
YFR036W	YJR091C
YDR028C	YDR477W
YDR200C	YGR086C
YDL007W	YPL248C
YLR300W	YMR049C
YJL111W	YNL255C
YDL126C	YOL013C
YDL223C	YMR001C
YHR135C	YMR290C
YCR077C	YNR027W
YBL032W	YPL196W
YER120W	YKL049C
YDR096W	YPL217C
YGL060W	YNL031C
YCR083W	YDR448W
YBR194W	YOR319W
YLR371W	YNL127W
YLR212C	YNL126W
YNL053W	YNL197C
YDL003W	YGR098C
YKL049C	YML117W
YDL144C	YKR025W
YGR040W	YKL142W
YOR039W	YOR361C
YHR174W	YLR196W
YGL053W	YJL196C
YKL218C	YNL255C
YLR196W	YMR109W
YBL032W	YMR006C
YHR166C	YKL022C
YFL039C	YHR023W
YPR129W	YPR184W
YCR021C	YHR094C
YBR200W	YJL085W
YER125W	YGR268C
YOR227W	YPL240C
YBR200W	YGR238C
YCR077C	YGR091W
YGL056C	YNL197C
YGR121C	YOR321W
YBR289W	YGL120C
YGL158W	YJR089W
YJL027C	YNL255C
YMR149W	YOR016C
YGL023C	YGR163W
YOR145C	YPL012W
YDL156W	YIL142W
YBL022C	YOR136W
YER172C	YPR152C
YFR004W	YLR340W
YLR423C	YPL166W
YJL026W	YML064C
YGL078C	YML010W
YHR200W	YNL135C
YBR106W	YEL002C
YAL016W	YJL057C
YER177W	YLR310C
YBL002W	YBR114W
YBL032W	YCR067C
YBL032W	YKL020C
YBL085W	YBR108W
YDL113C	YLR315W
YML010W	YPR152C
YMR149W	YNL125C
YER125W	YHR097C
YKL212W	YPL099C
YDR146C	YDR448W
YGL059W	YGL105W
YDR276C	YDR307W
YML012W	YNL255C
YDR308C	YPL042C
YDL014W	YIL133C
YNL197C	YPL049C
YFR004W	YOR332W
YBR028C	YJL164C
YPL141C	YPR128C
YGR223C	YIL034C
YDL213C	YOL010W
YBR123C	YLR423C
YDR381W	YKR095W
YFR036W	YIR025W
YJR082C	YNL298W
YBL032W	YML051W
YCR073W-A	YLR028C
YDL124W	YFR004W
YAL010C	YMR203W
YIR010W	YOR151C
YBR072W	YML064C
YGL019W	YGL115W
YFR004W	YKR048C
YFR004W	YJR045C
YHR027C	YHR183W
YGL054C	YPL132W
YGL212W	YMR053C
YLR094C	YNL197C
YHR175W	YPL246C
YHR042W	YPL240C
YKL203C	YNL192W
YIL009W	YPR156C
YDR477W	YPL146C
YBR274W	YGL037C
YCR042C	YMR219W
YBL072C	YER151C
YER125W	YKR018C
YKR003W	YOR273C
YBR252W	YML064C
YDR129C	YKL085W
YBL032W	YIR041W
YER062C	YHR027C
YBL056W	YBR097W
YHR174W	YPR093C
YFL039C	YIR010W
YMR064W	YMR098C
YBL054W	YDL147W
YDL014W	YDL060W
YHR118C	YNL261W
YCR082W	YER022W
YBL032W	YCL031C
YDR381W	YOL041C
YAL016W	YHR027C
YMR072W	YOR136W
YDR016C	YIR010W
YER062C	YMR091C
YJL164C	YPR152C
YCR093W	YNL025C
YGL200C	YPR181C
YBR193C	YMR112C
YBR173C	YFL007W
YKL049C	YNL138W
YPL055C	YPL141C
YNR033W	YPR154W
YHR027C	YLR340W
YFL039C	YKL049C
YDR477W	YER125W
YDR070C	YGL059W
YGR275W	YLR033W
YDL053C	YNL255C
YAL029C	YDR457W
YBR274W	YDR224C
YJR090C	YNL076W
YKL101W	YLR314C
YFR017C	YJL164C
YDL060W	YPL146C
YBL032W	YNR013C
YML058W	YMR083W
YNL255C	YOL093W
YDL160C	YER112W
YDL101C	YJL076W
YGR052W	YPR030W
YBR108W	YJL164C
YHR107C	YLR314C
YGR033C	YLR218C
YDR056C	YNL255C
YDL131W	YHR027C
YBR283C	YKL154W
YFR004W	YLR410W
YDL164C	YDR054C
YDL110C	YNL197C
YGR172C	YKR014C
YDR127W	YHR200W
YGR027C	YML126C
YFR004W	YPR148C
YHR027C	YJR123W
YJL016W	YNL197C
YKR048C	YLR133W
YLR238W	YML123C
YGR017W	YPL141C
YEL002C	YML115C
YLL022C	YMR233W
YFR004W	YOR065W
YLR110C	YMR149W
YDR310C	YNL197C
YBL032W	YDR366C
YIL124W	YKL140W
YDR381W	YPR107C
YBR071W	YHR200W
YHR186C	YKR097W
YLL028W	YNL237W
YGL070C	YPL129W
YBL032W	YPR184W
YDR190C	YFL039C
YGL206C	YNL243W
YGR203W	YKL171W
YLR216C	YOR117W
YHR152W	YPL174C
YDR477W	YER024W
YDR190C	YGR091W
YCL028W	YNL189W
YGL252C	YMR223W
YIL075C	YNL255C
YGL105W	YMR280C
YDR392W	YNL255C
YGL158W	YKL012W
YGR033C	YJL143W
YIL038C	YIR010W
YGR284C	YKL088W
YBL032W	YHR115C
YHR216W	YKL212W
YKL080W	YMR059W
YDL190C	YFL044C
YNL172W	YPR152C
YJL176C	YPL129W
YBL032W	YNR009W
YGL019W	YJL069C
YDR487C	YER151C
YDL019C	YMR109W
YMR112C	YPL129W
YHR135C	YMR049C
YNL154C	YPL217C
YGR268C	YPL049C
YDL019C	YKL049C
YDR170C	YKL104C
YBL032W	YBR239C
YDR073W	YPL248C
YMR290C	YNL189W
YGL158W	YOR271C
YKL015W	YML051W
YNL255C	YOL149W
YGR156W	YLR115W
YJL029C	YKR002W
YJR059W	YPR040W
YJL164C	YLR098C
YFL039C	YKL079W
YCL024W	YJR092W
YGR165W	YPL118W
YHR135C	YKL146W
YGR052W	YNL117W
YML006C	YOR267C
YDR225W	YOR038C
YDL101C	YDR264C
YDR381W	YMR237W
YER151C	YGR282C
YML010W	YOR151C
YAL053W	YNL192W
YLR370C	YOL016C
YER112W	YOR219C
YDR190C	YKL193C
YGR052W	YKL203C
YBL032W	YDR096W
YHL002W	YOR227W
YNL255C	YNR062C
YGL179C	YMR081C
YHR200W	YPL237W
YBR077C	YKR039W
YHR135C	YMR226C
YMR047C	YPL146C
YFL067W	YNL255C
YGL108C	YNL283C
YFL039C	YNR031C
YHR161C	YPL232W
YDL126C	YNL271C
YJL164C	YKL206C
YJR091C	YKL002W
YMR080C	YOL149W
YLR262C	YNL255C
YJL014W	YMR194W
YDR477W	YOL136C
YAR019C	YML064C
YLR229C	YNL298W
YDR247W	YOL010W
YAL005C	YBR251W
YLR312W-A	YNL252C
YBL032W	YBR235W
YDL078C	YDR244W
YBR038W	YPR106W
YJL085W	YPR055W
YBL032W	YPL216W
YAR019C	YPL209C
YDR054C	YPR138C
YER125W	YGR136W
YDL214C	YML037C
YOL101C	YPL240C
YOR270C	YOR332W
YNL255C	YPR152C
YGR040W	YMR239C
YMR049C	YPL258C
YMR065W	YPL192C
YOL013C	YOR375C
YGL060W	YOL069W
YFL038C	YGL198W
YBL032W	YJL027C
YFR004W	YNL239W
YDL117W	YNL197C
YER012W	YPL110C
YJL056C	YNL197C
YDR143C	YPL012W
YDR477W	YNR013C
YBR036C	YBR106W
YBR274W	YFL039C
YLR196W	YLR410W
YGL210W	YNL272C
YER112W	YGL014W
YDR411C	YOL013C
YGR067C	YNL085W
YBR194W	YDR432W
YIL075C	YMR191W
YDR190C	YFR004W
YLR399C	YNL031C
YGR090W	YJR017C
YKR027W	YLR330W
YBL032W	YNL033W
YDR138W	YNL189W
YDL072C	YHR027C
YBL032W	YMR074C
YGL158W	YHL025W
YDL195W	YNL197C
YFR004W	YMR092C
YDL101C	YFL030W
YDL160C	YLL036C
YKL051W	YPL221W
YJR042W	YLR293C
YML129C	YOR065W
YER032W	YKR002W
YHR079C-A	YPL121C
YER151C	YPL028W
YJR068W	YLR371W
YEL047C	YPL150W
YFR004W	YNL014W
YIR025W	YKL022C
YER166W	YLR330W
YBL032W	YLR079W
YDR039C	YNL197C
YKL049C	YNL243W
YGR109C	YLR079W
YNL197C	YOR226C
YHR135C	YNL189W
YDR397C	YNL255C
YER112W	YPR129W
YER029C	YIR009W
YDL139C	YGL059W
YJR059W	YOL130W
YFR004W	YPL004C
YEL024W	YML129C
YJL069C	YKR060W
YBL032W	YLR120C
YFR004W	YML070W
YDR110W	YGR270W
YCR077C	YJL140W
YGR135W	YJL164C
YLR207W	YML029W
YML075C	YPL264C
YJL058C	YNL197C
YCL035C	YNL255C
YCR073W-A	YJR059W
YHR200W	YJR123W
YBL026W	YLR120C
YBR052C	YER145C
YDL155W	YLR079W
YBL102W	YFR051C
YFR033C	YPL141C
YDL126C	YJL157C
YDL239C	YDR201W
YNL197C	YOR085W
YBL006C	YNL255C
YJR059W	YKL094W
YDL115C	YJL140W
YCR077C	YHR166C
YDR033W	YFR004W
YCR002C	YLR314C
YMR047C	YMR080C
YFL016C	YLR203C
YBL001C	YNL255C
YLR207W	YML075C
YMR047C	YOR112W
YBL075C	YFR004W
YHR158C	YML064C
YGL212W	YMR071C
YFR004W	YJR064W
YBR200W	YPR055W
YJL164C	YNR013C
YDR052C	YNL261W
YBL023C	YPL150W
YDL078C	YJR059W
YNL271C	YOL112W
YBL026W	YJL140W
YBL032W	YJR004C
YDR073W	YNR023W
YDL188C	YOR073W
YBR272C	YHR027C
YDR381W	YIL115C
YGL167C	YGR132C
YMR257C	YNR045W
YKL049C	YMR314W
YBL072C	YMR194W
YAL010C	YNL131W
YBL032W	YLR117C
YBL075C	YNL025C
YDR200C	YMR319C
YGR282C	YIR010W
YLR025W	YMR154C
YHR083W	YNL255C
YDL222C	YDR497C
YGR163W	YKR039W
YDR381W	YIL038C
YBR137W	YML064C
YIR010W	YNL197C
YDL025C	YPL260W
YMR032W	YPL115C
YDL053C	YGL200C
YBL023C	YPR120C
YHR171W	YNR007C
YKL196C	YOR106W
YDR127W	YPL235W
YDR189W	YPL246C
YBL045C	YFR033C
YCR093W	YDL165W
YBR114W	YDR453C
YDR432W	YMR001C
YKL175W	YPR198W
YLR403W	YPL082C
YBR108W	YJR059W
YDR206W	YMR080C
YJL164C	YNL101W
YDR115W	YKL142W
YER118C	YLR362W
YHR135C	YLR132C
YDL065C	YPL112C
YGL100W	YGR192C
YDR381W	YHR127W
YLR340W	YOR294W
YJL154C	YOR357C
YDR206W	YJL057C
YDR436W	YKL088W
YDR235W	YGR013W
YBR207W	YHR175W
YDL014W	YKR092C
YJL048C	YLR423C
YML012W	YPL087W
YBL030C	YDL067C
YER099C	YFR004W
YER011W	YPL178W
YDR330W	YER012W
YDR473C	YML049C
YJR091C	YLR392C
YGL162W	YOL113W
YJL144W	YNL197C
YFR004W	YGR276C
YDR190C	YGR163W
YJR095W	YPL141C
YDR159W	YIL095W
YDL047W	YNL025C
YKL139W	YLR403W
YDR100W	YOL129W
YBL032W	YPL269W
YER095W	YNL255C
YBR194W	YPL231W
YGR276C	YPL141C
YFR004W	YHR074W
YER012W	YER099C
YBR102C	YLR423C
YDL030W	YER018C
YJR044C	YJR059W
YBR182C	YER125W
YHR072W	YKL140W
YBL041W	YGR135W
YGL128C	YLL036C
YGL100W	YJR138W
YIL004C	YKL196C
YDL147W	YGR253C
YGL022W	YPL240C
YER136W	YNL304W
YLL045C	YNL132W
YHR140W	YNL101W
YER161C	YHR166C
YKL193C	YPL179W
YDL120W	YPL135W
YBR200W	YDL159W
YBR200W	YER008C
YFR004W	YJR025C
YGR090W	YLR427W
YGR033C	YMR203W
YBR106W	YER039C
YJL081C	YLR385C
YBL032W	YJL162C
YDR088C	YER172C
YER118C	YNL101W
YDL171C	YHR027C
YJL109C	YNL132W
YFR004W	YNL098C
YBR102C	YDR027C
YCR093W	YPL235W
YGL059W	YHR185C
YKL007W	YLR196W
YDL185W	YJL069C
YOR151C	YPL129W
YBL097W	YLL021W
YJR068W	YNL189W
YGR027C	YJR123W
YML010W	YPL203W
YDR139C	YOL025W
YER062C	YHR200W
YNL069C	YOR179C
YCL027W	YDR103W
YDR477W	YER177W
YLL021W	YOL112W
YFR044C	YPR165W
YNL255C	YPR001W
YMR184W	YNL154C
YGL210W	YNL263C
YGL059W	YKL093W
YDR096W	YMR219W
YGR048W	YIL030C
YDL019C	YDR381W
YJR059W	YPL079W
YLR449W	YOR267C
YDL079C	YPL235W
YLR196W	YNL255C
YGR052W	YJL076W
YJL123C	YNL136W
YDR328C	YHR135C
YGR027C	YHR027C
YJR082C	YNL136W
YDL006W	YNL154C
YDL060W	YMR315W
YCL014W	YJL164C
YOR058C	YPL001W
YBL061C	YNL154C
YKL101W	YNL272C
YDR196C	YHR135C
YLR141W	YPL240C
YCR014C	YOR005C
YGL119W	YJL167W
YNL154C	YPL146C
YER039C	YPL264C
YER161C	YGR090W
YDR141C	YMR010W
YGL163C	YOR232W
YDR128W	YJR138W
YBL032W	YHR198C
YGL006W	YOR270C
YDR122W	YLR310C
YIR010W	YOR132W
YBR269C	YNL255C
YML025C	YNL252C
YBR249C	YER018C
YHR097C	YMR001C
YDR071C	YKL049C
YLL036C	YLR432W
YMR072W	YOR058C
YOR159C	YOR305W
YFL008W	YKR054C
YDR143C	YLR229C
YDR050C	YNL127W
YDL006W	YKL101W
YDL159W	YDR206W
YFR004W	YKL210W
YLR085C	YLR385C
YIL034C	YKL007W
YBR094W	YOL149W
YFR004W	YPL235W
YDR359C	YHR090C
YCR077C	YMR117C
YDL014W	YDR439W
YDR028C	YGL115W
YBL030C	YGL167C
YBR106W	YPR156C
YHR140W	YKL006C-A
YBR284W	YML035C
YJR125C	YMR197C
YBR106W	YLL023C
YGR052W	YHR200W
YKR071C	YPL141C
YAL005C	YKL012W
YLR449W	YNL255C
YBR173C	YGR253C
YJL140W	YPL203W
YER177W	YHR200W
YDL014W	YKR060W
YDL106C	YML051W
YGR097W	YNL197C
YDR318W	YMR117C
YBR193C	YPL042C
YLL026W	YPL048W
YCR051W	YER184C
YDR011W	YDR501W
YML049C	YPR182W
YBR285W	YKL101W
YBL056W	YDR076W
YGR262C	YLR174W
YDL031W	YGL120C
YHL002W	YKL213C
YDR359C	YFL039C
YBL104C	YJR138W
YGL105W	YHR131C
YHR090C	YNL189W
YBR273C	YKL101W
YER145C	YKL051W
YIR010W	YJR135C
YKR025W	YNL255C
YLR033W	YPR034W
YBL026W	YOR167C
YER125W	YJL172W
YHR183W	YPL150W
YPL152W	YPL240C
YGL006W	YOL129W
YNL197C	YNR052C
YDL003W	YOL069W
YDR138W	YKL171W
YHR135C	YLR429W
YGL105W	YNL154C
YDR054C	YJL157C
YBL032W	YNL012W
YDR016C	YKR083C
YDR127W	YKL049C
YBR252W	YNL255C
YAR019C	YDL214C
YDL148C	YKL035W
YLR429W	YOR145C
YLR337C	YNL020C
YDR516C	YGR232W
YGL141W	YOL069W
YBR106W	YIL027C
YKL012W	YOL069W
YHR128W	YHR200W
YIL007C	YPR165W
YDL030W	YER112W
YDR153C	YGL213C
YER151C	YOL041C
YAL005C	YEL025C
YDR284C	YIR038C
YOL082W	YOR353C
YKR083C	YMR112C
YGR135W	YLR021W
YIR010W	YLR410W
YMR194W	YNL069C
YLL026W	YPR152C
YBR200W	YDR368W
YJR004C	YPL141C
YIL034C	YIR003W
YFL040W	YPR121W
YHR135C	YLR293C
YER099C	YMR139W
YBL102W	YPL246C
YJR059W	YKL121W
YJL164C	YOR162C
YGR284C	YIR038C
YCL033C	YKL103C
YDL014W	YHR039C
YDL173W	YNL154C
YBL061C	YDR477W
YDL014W	YOR341W
YDR448W	YMR314W
YGR256W	YHR183W
YBR052C	YPR138C
YDR477W	YHR073W
YGR241C	YJR059W
YNL189W	YPL235W
YJL164C	YKL127W
YAL028W	YOR267C
YAL005C	YBL067C
YDL047W	YLR310C
YBL039C	YGR124W
YER177W	YKL049C
YGR241C	YIL095W
YGL059W	YPL056C
YHR090C	YHR135C
YJR053W	YML064C
YER012W	YJL001W
YMR047C	YOL149W
YFR004W	YOR270C
YBR005W	YNL255C
YKL145W	YMR314W
YDL007W	YHL030W
YDR448W	YGL151W
YBL032W	YJL106W
YDL147W	YDR073W
YDR161W	YKL060C
YGR186W	YPL203W
YHR195W	YNL255C
YJL164C	YML037C
YDR153C	YPR029C
YGR276C	YIL095W
YBR278W	YDL102W
YDL060W	YGR090W
YIR010W	YOL123W
YDR381W	YGL166W
YKR048C	YMR139W
YJR068W	YMR105C
YKL013C	YLR370C
YAL005C	YNL136W
YGL238W	YLR293C
YIL115C	YMR047C
YFR004W	YJR017C
YPL047W	YPL082C
YER151C	YLR438W
YJL014W	YKL049C
YIL038C	YPR072W
YPL078C	YPR020W
YBL030C	YER151C
YDL085W	YKL093W
YHR027C	YLR300W
YLL048C	YPL147W
YDL160C	YMR080C
YJL164C	YNL131W
YNL045W	YNL154C
YKL049C	YPR019W
YDL117W	YJR138W
YGL100W	YIL115C
YAL005C	YPL167C
YHR006W	YJR090C
YBR052C	YDR497C
YDR128W	YPL258C
YBR071W	YOL016C
YDR100W	YIL027C
YKL029C	YNL045W
YHR027C	YLR293C
YIL133C	YNL069C
YKL189W	YOR353C
YIR010W	YPR052C
YBL032W	YGL032C
YLR190W	YMR117C
YHR207C	YJR059W
YDL014W	YMR049C
YER161C	YPL016W
YFR004W	YML008C
YGL162W	YLR035C
YBL032W	YGR086C
YGL049C	YLR427W
YCR077C	YER112W
YFR004W	YJL170C
YHR131C	YKL171W
YBR194W	YDL185W
YDR201W	YNL255C
YLR423C	YML043C
YDR033W	YER151C
YMR032W	YPL140C
YKL015W	YNL197C
YDR497C	YGL077C
YBL034C	YGR188C
YDL060W	YLR435W
YBR200W	YKR105C
YDR284C	YDR479C
YBR105C	YNL197C
YIR010W	YNL069C
YDR485C	YGR086C
YER151C	YPL009C
YDR180W	YER147C
YFR004W	YLR432W
YIL038C	YNL197C
YNL255C	YPR102C
YGL209W	YMR239C
YDL185W	YPL201C
YML042W	YNL189W
YER151C	YOL143C
YAL005C	YPL028W
YBR052C	YIL105C
YAL028W	YGR040W
YKL210W	YMR059W
YFR019W	YGR086C
YBL030C	YNL255C
YGR192C	YHR200W
YGL059W	YNL117W
YDR284C	YPL094C
YDR122W	YOL082W
YLR370C	YOR361C
YBL032W	YMR070W
YKL012W	YLL036C
YIL142W	YJL106W
YBL027W	YNL069C
YKL101W	YPL246C
YKL154W	YLL023C
YDL185W	YJR035W
YHR135C	YPR152C
YNL298W	YOL039W
YCR028C-A	YKL144C
YOL111C	YPL174C
YDR033W	YIR010W
YDL139C	YPR154W
YFR004W	YHR111W
YGL208W	YGR231C
YGR172C	YOR089C
YBL026W	YMR066W
YCR037C	YHR136C
YLL036C	YNR011C
YGL129C	YNR037C
YAL005C	YGR090W
YIL075C	YJL164C
YDR280W	YJR125C
YDL223C	YKL101W
YBL032W	YJL016W
YGL197W	YMR117C
YJR042W	YMR209C
YBL032W	YNL230C
YDR228C	YKR002W
YBR106W	YPL240C
YLR449W	YMR290C
YGL213C	YHL022C
YDR477W	YKL193C
YER008C	YGL233W
YDR334W	YFL039C
YFR004W	YGL157W
YIR010W	YMR290C
YGL083W	YNL272C
YDR479C	YOR377W
YDL002C	YDL076C
YDL030W	YLL036C
YDR100W	YOR109W
YDR216W	YJL076W
YDR224C	YPL240C
YNL189W	YPL178W
YNR036C	YNR037C
YMR274C	YNL197C
YBR217W	YLR059C
YDR142C	YIL142W
YNL189W	YPL049C
YGL070C	YOR151C
YML035C	YPL141C
YDL188C	YER012W
YHL006C	YNL255C
YDL053C	YPR106W
YFR040W	YKL029C
YDR063W	YKL013C
YBL032W	YPL141C
YML010W	YPL129W
YNR031C	YPL240C
YFR004W	YPR191W
YFL045C	YOR117W
YER018C	YHL025W
YJR082C	YPR031W
YCL008C	YJL172W
YHR058C	YIL027C
YJL065C	YOR304W
YBL032W	YML113W
YJR123W	YOR117W
YBL064C	YNL154C
YBL032W	YFL068W
YGL053W	YHR140W
YLR015W	YNL031C
YDL131W	YOL113W
YGR254W	YJL030W
YHR027C	YKL049C
YGL197W	YPL203W
YKL020C	YOR250C
YLR043C	YOR117W
YHR146W	YMR297W
YLR340W	YLR432W
YFR004W	YJL167W
YBL032W	YBL054W
YGL213C	YOR267C
YGL060W	YOL133W
YBR173C	YDL147W
YDR028C	YJR090C
YDR432W	YPR152C
YBL032W	YOR076C
YBR106W	YGL167C
YLR266C	YNL113W
YJL164C	YJR049C
YLR371W	YOR008C
YMR290C	YPL012W
YER179W	YPL235W
YKL103C	YOR332W
YJR022W	YOR319W
YDR409W	YML032C
YBR072W	YNL189W
YDL173W	YNL255C
YDR159W	YKL057C
YGR121C	YKL101W
YBR289W	YPL129W
YDR170C	YLR330W
YBL075C	YDR128W
YDR483W	YHR027C
YBL085W	YMR124W
YGR282C	YOL113W
YBR136W	YLR304C
YBL032W	YMR274C
YHR123W	YIR038C
YKL029C	YLR106C
YGR231C	YJL183W
YDR168W	YHR107C
YGL166W	YLL028W
YLR207W	YMR297W
YBL032W	YLR419W
YGL073W	YOL016C
YCL028W	YGL151W
YDR308C	YML051W
YGL059W	YNL186W
YBL032W	YGL025C
YKL196C	YPL232W
YDR264C	YHR135C
YIL095W	YNL271C
YNL255C	YPL009C
YIL125W	YPL240C
YBL032W	YDL195W
YHR216W	YNL255C
YDR224C	YIR010W
YJR084W	YPR182W
YJL014W	YKL204W
YJL069C	YOR039W
YDL195W	YPL085W
YBL085W	YMR139W
YGR037C	YHL002W
YDR513W	YIR037W
YDR334W	YLR399C
YDL165W	YPR072W
YGR090W	YKL078W
YDR334W	YGR086C
YDR436W	YMR311C
YDR310C	YJL106W
YKL142W	YPL004C
YDL148C	YKR060W
YHR135C	YOR054C
YHR135C	YKR048C
YDR381W	YNL253W
YML012W	YOL012C
YGL115W	YPL149W
YDL213C	YNL255C
YBR087W	YDL164C
YFR004W	YJL008C
YBR108W	YHR135C
YOR157C	YOR362C
YHR001W	YPR173C
YBR194W	YDR190C
YGR023W	YNL237W
YBR068C	YML012W
YBL085W	YLR229C
YBL032W	YNL284C
YDR122W	YGR249W
YBR194W	YDR229W
YJR022W	YLR430W
YGL097W	YOR185C
YLL036C	YPL257W
YMR231W	YOR089C
YDR142C	YIL068C
YDR293C	YFR004W
YDL007W	YGR232W
YER139C	YJL057C
YGL256W	YJR035W
YFR021W	YHR070W
YDR016C	YGL025C
YER122C	YIL004C
YOR260W	YPL141C
YGR090W	YPL217C
YDR381W	YMR239C
YAL005C	YPL004C
YCR028C-A	YIL038C
YBL050W	YMR197C
YGL189C	YLL027W
YGR275W	YPL129W
YFR004W	YKL126W
YDL213C	YNL132W
YDR050C	YER151C
YKL121W	YPL203W
YGR172C	YLR262C
YLL045C	YNL255C
YLR423C	YOR361C
YCR106W	YDR222W
YFL008W	YLR196W
YMR246W	YOL126C
YGR284C	YML012W
YGR040W	YPR034W
YDL223C	YJL164C
YBL032W	YGL139W
YPL082C	YPR034W
YDL053C	YLR362W
YDR224C	YER151C
YGL158W	YPR063C
YJR009C	YPL003W
YJL081C	YOL012C
YDR001C	YHR027C
YLL050C	YOR117W
YHR040W	YNL255C
YML085C	YNL272C
YLR357W	YMR001C
YGR200C	YOR151C
YCR009C	YPL249C
YHR148W	YNL132W
YAL005C	YDR359C
YGR178C	YIR010W
YAR019C	YBR151W
YDL148C	YMR047C
YGR057C	YKL015W
YDR129C	YLR429W
YFR004W	YOR375C
YBL099W	YER151C
YPL150W	YPR072W
YGR024C	YNL255C
YIL133C	YMR194W
YEL030W	YJR035W
YFR004W	YGR094W
YHR027C	YPL028W
YBL075C	YER022W
YER095W	YMR233W
YDR254W	YPL018W
YDR247W	YDR439W
YLR410W	YMR072W
YDL025C	YHR135C
YER169W	YNL031C
YBR106W	YJL059W
YER166W	YGL200C
YFR004W	YMR191W
YHR135C	YJL207C
YGL093W	YOL069W
YGL167C	YJL183W
YKL195W	YNL255C
YFR004W	YPL028W
YNL252C	YNL255C
YCL028W	YOL123W
YBR106W	YML123C
YER125W	YHL002W
YBR194W	YKR029C
YJL164C	YKL146W
YER107C	YJL039C
YDR118W	YHR166C
YGR024C	YPL110C
YCR021C	YDL222C
YHR152W	YHR174W
YBR041W	YLR100W
YML042W	YPL240C
YAL016W	YOR073W
YBL032W	YPR106W
YER024W	YHR135C
YJL111W	YKL049C
YEL017W	YHR135C
YLL021W	YNL293W
YKL049C	YMR319C
YHR216W	YIR010W
YBL032W	YHR135C
YLR185W	YPL001W
YMR197C	YPL045W
YLR340W	YPL009C
YHR027C	YPR163C
YOR304W	YPL016W
YER029C	YGR013W
YGR275W	YPR034W
YER151C	YLR340W
YDR308C	YJL057C
YHR048W	YNL197C
YDR200C	YPL004C
YDR277C	YHL002W
YDR260C	YLR102C
YLL003W	YOR257W
YDR517W	YPL246C
YLR196W	YPR191W
YLR423C	YOR226C
YJL157C	YNR031C
YJR017C	YLR106C
YLR204W	YNL255C
YKL104C	YPR106W
YER022W	YOR224C
YBR200W	YFL039C
YDR143C	YGR282C
YGR178C	YNL085W
YDL014W	YMR239C
YDL028C	YMR139W
YML010W	YPL055C
YLL028W	YPR138C
YDL148C	YNL132W
YBR194W	YHR216W
YGR284C	YHR140W
YDL137W	YHR200W
YJL164C	YNL074C
YDR381W	YLR430W
YML109W	YNL216W
YJL076W	YNL124W
YCR093W	YJR022W
YDL188C	YPL003W
YDL126C	YGL108C
YDL130W	YLR340W
YBL032W	YFL067W
YKL104C	YOR117W
YBL032W	YKL203C
YMR059W	YOR230W
YDL195W	YKL049C
YIR010W	YML085C
YJL176C	YNL031C
YDR161W	YFR004W
YLR297W	YNL197C
YBR251W	YPL118W
YER136W	YGL210W
YNL053W	YOR257W
YHL019C	YPR029C
YBL105C	YGR254W
YDR216W	YER177W
YCR077C	YDL175C
YDL239C	YPL049C
YAR019C	YPL201C
YOL133W	YOR341W
YJL057C	YPL018W
YOR229W	YOR230W
YKR002W	YPR107C
YAR019C	YGR052W
YGR077C	YNL197C
YKL204W	YNL154C
YOR324C	YPR153W
YDR063W	YJR065C
YBR077C	YGR201C
YGR077C	YNL329C
YKL104C	YKL161C
YNL085W	YOR197W
YER022W	YPL082C
YER172C	YJL143W
YHR027C	YHR190W
YKL019W	YOR380W
YMR262W	YPL209C
YFL008W	YJL074C
YDR127W	YDR260C
YBL027W	YMR032W
YDR523C	YKL126W
YMR203W	YNL131W
YMR286W	YNL255C
YAL023C	YHR200W
YAL040C	YJL157C
YBR233W	YDR381W
YJL008C	YOR375C
YDR141C	YGL077C
YER139C	YIL021W
YDR460W	YIL143C
YLR109W	YLR340W
YBL032W	YLR036C
YDR497C	YMR010W
YJR135C	YPL255W
YDR273W	YMR001C
YDL102W	YKL022C
YDR229W	YPL135W
YGL166W	YNL189W
YDR504C	YNL255C
YCL052C	YHR142W
YER162C	YHL025W
YGR167W	YKL104C
YDL014W	YNR054C
YDR383C	YJR135C
YBR194W	YMR315W
YDR541C	YLR025W
YCR082W	YDR016C
YMR108W	YNL255C
YBL026W	YMR237W
YKL196C	YOR036W
YDL020C	YOR117W
YGR024C	YHR112C
YLR262C	YPL240C
YAL034W-A	YMR117C
YOR377W	YPL240C
YMR054W	YOR332W
YBL032W	YGL028C
YBR176W	YNL189W
YER095W	YLR259C
YDR432W	YGR013W
YKL013C	YNL243W
YER162C	YOR117W
YDR201W	YKL179C
YBL041W	YHR200W
YDL028C	YLL003W
YCR077C	YNL255C
YIR006C	YKL129C
YDR381W	YKR048C
YHR216W	YLL036C
YML037C	YNL092W
YPL042C	YPL248C
YLR362W	YNL298W
YIL143C	YPL240C
YIL062C	YLR337C
YGL105W	YOR197W
YGL097W	YPL235W
YBR283C	YGR284C
YDR443C	YHR067W
YHR161C	YLR106C
YIL142W	YKL049C
YDR308C	YDR443C
YER048C	YFR004W
YKL189W	YLR423C
YLR055C	YMR223W
YJR059W	YKL062W
YLR068W	YNL255C
YLR450W	YOL013C
YER177W	YOR117W
YER118C	YGL201C
YER139C	YJL140W
YGR262C	YHR216W
YFL038C	YOR070C
YDL214C	YDR439W
YGL187C	YML129C
YDL130W-A	YER125W
YCL044C	YMR115W
YGR168C	YPL209C
YKR048C	YMR172W
YEL060C	YNL186W
YER018C	YOL069W
YDR487C	YDR513W
YBR194W	YMR047C
YPR091C	YPR152C
YER118C	YGR178C
YGL120C	YJL109C
YER029C	YOR159C
YDL079C	YPR019W
YDL213C	YPL012W
YER134C	YNL255C
YGR184C	YKL145W
YBL061C	YBR023C
YJL039C	YML085C
YDR225W	YNL031C
YHR058C	YNR010W
YDR343C	YJR017C
YLR310C	YNL098C
YNL255C	YOL040C
YMR017W	YPL232W
YBL032W	YOR012W
YNL032W	YNL255C
YML109W	YPL115C
YBL032W	YOR208W
YDR244W	YLR284C
YDR260C	YHR166C
YER161C	YHR183W
YDR216W	YPL240C
YGL078C	YIR010W
YBR217W	YLR438W
YDL233W	YOL069W
YER125W	YFR004W
YER161C	YHL025W
YGR220C	YNL255C
YBL032W	YBR214W
YJL106W	YPL150W
YDL147W	YMR314W
YCR042C	YDR195W
YDR130C	YNL074C
YDR170C	YER166W
YBL032W	YMR148W
YER132C	YNL025C
YAL005C	YDR338C
YLL019C	YPL012W
YAL002W	YPL045W
YMR092C	YNL138W
YCL010C	YGL262W
YDL191W	YGR275W
YDR328C	YER177W
YDL171C	YKL104C
YLR106C	YMR047C
YDL210W	YGL200C
YCL028W	YPL070W
YBR193C	YER022W
YDR381W	YIL021W
YIR010W	YMR302C
YLR069C	YPL240C
YKL049C	YML028W
YDR457W	YML010W
YKL049C	YOR361C
YJL106W	YJR094C
YHR135C	YKR092C
YDR190C	YOR304W
YAL005C	YDR477W
YMR139W	YNL272C
YGR135W	YKL206C
YBL032W	YJL209W
YGL120C	YOR341W
YGL105W	YIR010W
YJL164C	YNL186W
YOR117W	YOR168W
YIL122W	YKL161C
YNL189W	YPL139C
YHR027C	YMR109W
YCR031C	YFR004W
YDL054C	YMR013C
YPL082C	YPL178W
YER112W	YER151C
YML064C	YMR290C
YJR059W	YKL093W
YGR258C	YOL016C
YIL033C	YJL164C
YFR004W	YMR246W
YDR485C	YLR085C
YLR293C	YOR185C
YOR185C	YOR250C
YCR076C	YNL255C
YBL072C	YMR146C
YHR027C	YOR362C
YBR264C	YNL263C
YJL057C	YOL123W
YBL041W	YFR004W
YFR004W	YOR298C-A
YGR135W	YOR362C
YDL075W	YNL255C
YDL213C	YNL189W
YDR106W	YPL174C
YDR523C	YHR033W
YDL188C	YPL152W
YFL007W	YKL049C
YGR040W	YNL117W
YBL002W	YIR010W
YDL014W	YNL230C
YNL283C	YOL105C
YGL077C	YPL246C
YCL027W	YER032W
YAR003W	YDR140W
YIR010W	YPR139C
YDR175C	YER050C
YNR010W	YPL129W
YGR040W	YLR304C
YDR288W	YEL019C
YGR040W	YPR072W
YHR200W	YJR139C
YNL255C	YPL004C
YGL198W	YNL255C
YDL147W	YDR363W-A
YER048W-A	YGR192C
YGL070C	YML010W
YDR293C	YNL154C
YLR212C	YOL016C
YJR035W	YLR304C
YFR004W	YPL237W
YNL131W	YPL240C
YDL126C	YGR048W
YHR138C	YNL197C
YPL016W	YPL129W
YGR275W	YOL012C
YJR123W	YLR340W
YDL065C	YMR108W
YDR432W	YKL049C
YER172C	YGR270W
YBL032W	YNL101W
YJL076W	YKL193C
YJR017C	YLL026W
YKL067W	YMR059W
YFL033C	YJL164C
YDL185W	YOR332W
YDR201W	YIR010W
YKL049C	YKL145W
YCR061W	YHR103W
YIR010W	YJR094W-A
YNL246W	YNL255C
YGL212W	YMR231W
YML129C	YNL255C
YBL032W	YLR064W
YGR270W	YLR357W
YLL021W	YLR362W
YCR077C	YPR152C
YJR059W	YOL041C
YDR127W	YPL240C
YDL075W	YPR067W
YBL032W	YGL146C
YLR138W	YML132W
YJR009C	YPL240C
YFR050C	YGR135W
YGL059W	YOL016C
YDR084C	YGL198W
YPL234C	YPL264C
YKL126W	YML006C
YDR206W	YPR106W
YIL119C	YNL107W
YCL027W	YPR008W
YKL171W	YMR053C
YHR027C	YML008C
YCR077C	YLL036C
YGR270W	YPL127C
YGL019W	YMR172W
YOL028C	YPR054W
YDL005C	YER022W
YIL021W	YJL164C
YGR270W	YOL006C
YBL032W	YIR001C
YFR004W	YOR361C
YJL207C	YPR029C
YKL160W	YNL255C
YAL005C	YPL240C
YGL061C	YIR010W
YFR004W	YLR134W
YER172C	YPR182W
YML064C	YPL049C
YDR039C	YPR201W
YBL032W	YOR070C
YBR044C	YKL141W
YDR229W	YJR059W
YGR275W	YHL025W
YIL030C	YKL145W
YER118C	YMR065W
YER029C	YNL255C
YDL239C	YDR148C
YOR005C	YPL110C
YDL088C	YMR047C
YGL019W	YGR270W
YBL032W	YGL021W
YCR031C	YNL302C
YDR181C	YKL212W
YGL115W	YKL193C
YBL039C	YGR262C
YIL095W	YNL186W
YGL212W	YLR423C
YIL142W	YJL111W
YIL124W	YIR038C
YGL151W	YMR112C
YER012W	YHR134W
YML075C	YOL013C
YGR232W	YIL075C
YIR010W	YPL004C
YIL133C	YLR340W
YNL186W	YPL150W
YAR066W	YDR074W
YNL132W	YOL102C
YDR129C	YIL034C
YDR088C	YLL036C
YBR194W	YKR003W
YKL049C	YLL022C
YMR290C	YOR294W
YNL255C	YNR001C
YAL018C	YBR036C
YIL038C	YNR052C
YDR381W	YHR216W
YHR152W	YPR118W
YER151C	YJL014W
YDR251W	YGL206C
YKL185W	YPL139C
YIL062C	YNR035C
YDL126C	YDL147W
YGR135W	YKR095W
YDR028C	YER027C
YML010W	YOR224C
YBL032W	YDR254W
YDR293C	YGL059W
YBL002W	YER142C
YGR152C	YLR229C
YGR124W	YOR117W
YLR410W	YML010W
YJL081C	YPL129W
YER177W	YGL115W
YBL032W	YIL034C
YBL032W	YLR403W
YBL032W	YKL192C
YBR176W	YPL070W
YKR054C	YPL263C
YPL210C	YPL240C
YGR262C	YNL014W
YDL074C	YPL055C
YDL053C	YFL007W
YBL085W	YGL201C
YBL061C	YJL164C
YDR381W	YJR084W
YBR194W	YGR282C
YDL188C	YDR190C
YJL176C	YPR152C
YDL014W	YHR148W
YCR073W-A	YNL154C
YKL129C	YNL271C
YDR045C	YPR046W
YHL023C	YJR138W
YOR176W	YOR257W
YDR130C	YER177W
YDL165W	YIL038C
YER151C	YLR058C
YHR027C	YPL231W
YGR090W	YLR371W
YLR340W	YNL132W
YGL179C	YHR073W
YGL201C	YGR097W
YGR040W	YJR108W
YBR194W	YLL036C
YER173W	YLR413W
YDL194W	YDR277C
YCR021C	YOR273C
YBL099W	YPL078C
YAL053W	YDL222C
YHR142W	YNR013C
YGL141W	YHR200W
YDL105W	YDR288W
YLL036C	YLR117C
YBR200W	YKL051W
YDR147W	YJL057C
YGR135W	YMR314W
YBL026W	YCR093W
YDL025C	YDR477W
YFR017C	YJR059W
YMR001C	YPR067W
YBR251W	YGR090W
YNL263C	YOR132W
YBL032W	YJL042W
YDR073W	YPR034W
YAL029C	YLR429W
YHR158C	YOR269W
YBR078W	YKL203C
YDR028C	YLR377C
YJR059W	YNL167C
YAL028W	YMR139W
YBR136W	YCL061C
YGL151W	YNL025C
YDR310C	YIR010W
YOR185C	YPL125W
YKR048C	YOR276W
YML064C	YPR182W
YGL151W	YPL129W
YDR483W	YFR004W
YDR122W	YGL019W
YLL036C	YPR134W
YGR284C	YPR156C
YJR009C	YPR164W
YCR077C	YOL149W
YDR190C	YPL235W
YCR067C	YNL197C
YDR328C	YOL133W
YFR050C	YOR362C
YGL077C	YPR156C
YGR090W	YOR287C
YDL113C	YER018C
YDL230W	YGR040W
YDR057W	YLR207W
YJL106W	YLR079W
YBL039C	YFR004W
YDR381W	YJL109C
YFR004W	YHR174W
YJL074C	YOL041C
YAL005C	YPR163C
YDL185W	YLR337C
YGL134W	YJL137C
YHR027C	YOR168W
YEL002C	YOR085W
YGR184C	YML051W
YCL009C	YER151C
YDR127W	YKL029C
YJR053W	YPL209C
YBR173C	YMR037C
YBL104C	YGL100W
YEL044W	YPL235W
YGR255C	YLR201C
YDR225W	YER151C
YFR004W	YNL069C
YGL252C	YLR429W
YBR193C	YHR058C
YDR027C	YJL029C
YGR275W	YPL016W
YDL137W	YNL255C
YBL032W	YGL129C
YBL030C	YGR254W
YAR019C	YJR047C
YBR194W	YOR361C
YNL255C	YPL094C
YJR059W	YKL146W
YJL004C	YML038C
YJL164C	YKL193C
YMR059W	YPL004C
YJR022W	YLL015W
YGL252C	YNL031C
YGR090W	YPR152C
YDR247W	YGR097W
YDR369C	YLR109W
YCR021C	YHR001W
YBL039C	YDL191W
YKL104C	YPL235W
YKR048C	YPL141C
YCL027W	YKL105C
YNL255C	YNR057C
YDR225W	YJL006C
YLR106C	YOL133W
YFR004W	YJR009C
YDR293C	YER112W
YGL201C	YMR109W
YBL032W	YDR432W
YEL012W	YLR410W
YJR022W	YOR076C
YBL032W	YJL029C
YGL019W	YML010W
YDR206W	YLR362W
YER029C	YER112W
YGL197W	YLR377C
YJL137C	YPR034W
YIL101C	YPL216W
YDL188C	YGR253C
YGL120C	YMR049C
YCR033W	YPR152C
YJR009C	YOL013C
YGR135W	YOR157C
YFR004W	YGR086C
YLR284C	YPL240C
YDL134C	YOR386W
YDR479C	YMR071C
YER105C	YGL100W
YHR027C	YOR341W
YDR011W	YKL203C
YBL031W	YBL032W
YLR340W	YPR129W
YAL034W-A	YPR046W
YDL101C	YDR030C
YGL019W	YOR287C
YDR243C	YDR260C
YCR014C	YDL147W
YDR243C	YPL235W
YER041W	YLR449W
YHR135C	YOR092W
YER128W	YPR173C
YKL206C	YOR157C
YJR059W	YOR257W
YHL042W	YPL264C
YFL038C	YNL255C
YBR194W	YOR136W
YDR264C	YMR197C
YAL031C	YBL032W
YCR002C	YIR010W
YER012W	YGR135W
YFL038C	YPL246C
YGR203W	YOR341W
YBL032W	YCL042W
YHR027C	YHR200W
YIR006C	YPR152C
YIL133C	YIR010W
YDL126C	YJL048C
YBL067C	YFR004W
YOR117W	YPL231W
YJL210W	YNL255C
YJR059W	YJR130C
YFR004W	YHR042W
YBR080C	YDR363W-A
YBL026W	YPL249C
YDR113C	YJR059W
YLR340W	YOL039W
YCL028W	YLR403W
YBR052C	YNL283C
YAL005C	YKL139W
YDR113C	YNL189W
YER145C	YGL077C
YER151C	YGR178C
YER125W	YFL039C
YER125W	YOL043C
YDR497C	YER125W
YDR224C	YML034W
YDL005C	YDR308C
YDR306C	YDR328C
YLL050C	YMR092C
YFR004W	YGL125W
YKL015W	YLL010C
YDL134C	YKL203C
YFL039C	YMR072W
YHR047C	YOL111C
YBR028C	YOL041C
YDR259C	YNL092W
YBL002W	YLR133W
YDR288W	YNL124W
YDR323C	YOR089C
YJL004C	YPL264C
YBL039C	YDR260C
YFL054C	YKL142W
YCR021C	YPL189W
YDR254W	YKL049C
YER151C	YOL040C
YER125W	YGR186W
YBL032W	YGL209W
YKL103C	YLR450W
YDR052C	YHR118C
YHR131C	YNL154C
YER177W	YNL076W
YFR004W	YKL104C
YBL032W	YJR044C
YDR343C	YKL193C
YGR136W	YNL189W
YAR019C	YDL047W
YPL166W	YPR049C
YBL032W	YDR200C
YER112W	YJR022W
YDR178W	YOR065W
YML029W	YOL013C
YDR130C	YOR361C
YER029C	YGL100W
YML054C	YNL255C
YCR002C	YHR107C
YDR170C	YLR148W
YFR004W	YHR190W
YDR443C	YHR058C
YGR253C	YHR027C
YBR106W	YCR098C
YBR023C	YPL221W
YIL062C	YNL138W
YDL067C	YGL187C
YER151C	YPL012W
YER029C	YLR117C
YGR238C	YML064C
YDL160C	YFR004W
YIR010W	YPL217C
YMR049C	YMR290C
YDL190C	YER162C
YDR235W	YLL036C
YDR225W	YPR034W
YML037C	YPL141C
YFL045C	YFR004W
YBL032W	YNL283C
Q0085	YLR203C
YNL136W	YNL255C
YKL193C	YLR430W
YDR122W	YGR001C
YDR334W	YLL036C
YDR130C	YNL069C
YBR289W	YGL158W
YDR100W	YMR071C
YJL164C	YOR070C
YBR251W	YGL129C
YKL085W	YPL111W
YNL024C	YNL255C
YER151C	YNR052C
YHR135C	YPL146C
YNR052C	YPR072W
YBR052C	YDL222C
YDL005C	YGL025C
YER105C	YPL004C
YBR194W	YLR117C
YGL158W	YNL186W
YDL126C	YDR295C
YFR004W	YKL103C
YDR368W	YHR200W
YDR162C	YPL161C
YBL027W	YIL133C
YHR200W	YPL145C
YNL156C	YNL197C
YDR148C	YFL018C
YER022W	YIL021W
YFL039C	YLR429W
YDL185W	YFR040W
YDL002C	YPL129W
YHR146W	YML010W
YER118C	YJR115W
YBL032W	YKL160W
YDR143C	YDR227W
YIL105C	YKL126W
YHR135C	YKL160W
YDL079C	YKL210W
YJR082C	YNL107W
YML028W	YOR117W
YDR200C	YFR008W
YBL045C	YGL187C
YDL105W	YPL146C
YDR129C	YHR200W
YBR194W	YDR289C
YGL158W	YGR024C
YDR161W	YHR174W
YDR032C	YLR413W
YER162C	YJR052W
YBL039C	YBL105C
YML064C	YPL192C
YFR004W	YHR107C
YJR094W-A	YNL255C
YKL161C	YMR037C
YDR477W	YGR256W
YHL025W	YNL255C
YGR276C	YOL113W
YDR318W	YJR060W
YHR123W	YPL094C
YDR122W	YMR124W
YER125W	YOR151C
YFR015C	YKR058W
YER125W	YLR134W
YHR135C	YPL133C
YDL025C	YDL183C
YBR289W	YER162C
YGL077C	YGR121C
YDR328C	YJR089W
YMR168C	YNL255C
YBL032W	YER054C
YBL032W	YJR094W-A
YDL188C	YMR314W
YDR093W	YMR054W
YHR135C	YJL105W
YBL002W	YHR118C
YMR274C	YOL132W
YBR105C	YLR259C
YDR523C	YKL193C
YMR241W	YNL255C
YCR031C	YDR381W
YML012W	YOR165W
YOL149W	YOR167C
YDL047W	YPL049C
YHR027C	YPR181C
YHR147C	YML025C
YBL085W	YER032W
YDR289C	YOR151C
YER151C	YMR290C
YBL032W	YDR126W
YMR231W	YNL304W
YJR110W	YOR151C
YDR143C	YIL021W
YCL027W	YER118C
YDL085W	YOR076C
YLR449W	YPL146C
YHR057C	YNL255C
YBL032W	YLL027W
YJL065C	YNL230C
YDL105W	YML023C
YER172C	YML049C
YHR074W	YLR216C
YHR140W	YLR343W
YGR270W	YPR031W
YBL032W	YER151C
YDR477W	YMR037C
YBR106W	YMR274C
YAL005C	YNL124W
YJR042W	YOR176W
YDR159W	YLR208W
YGR220C	YLR312W-A
YBL039C	YIL075C
YDR288W	YOR294W
YFL039C	YHR152W
YNL189W	YOR229W
YFR004W	YKR003W
YDL214C	YJR103W
YLR119W	YMR032W
YGL233W	YOR357C
YBL002W	YNL246W
YIR009W	YPR182W
YGL115W	YGL179C
YNL008C	YNL083W
YCR073W-A	YDR122W
YER095W	YML032C
YCR098C	YHR110W
YBR044C	YHR042W
YBR053C	YLR310C
YDR129C	YIL062C
YDR280W	YDR381W
YBR106W	YGL054C
YKL049C	YPL217C
YGR173W	YPL235W
YGL158W	YJL081C
YBR283C	YHR140W
YDR032C	YIL105C
YIR010W	YPL018W
YHR107C	YNL073W
YBL072C	YOL010W
YDR227W	YNL216W
YJL217W	YPR118W
YEL048C	YPL110C
YGL120C	YLR005W
YBR052C	YGL056C
YMR169C	YMR170C
YBR251W	YOR205C
YMR224C	YOR005C
YIL142W	YLR196W
YDR033W	YHR200W
YNL255C	YOR269W
YDR448W	YGR195W
YBL030C	YDR529C
YBL002W	YDR225W
YIR035C	YNL255C
YGR263C	YMR263W
YBL061C	YGL073W
YJL074C	YPL240C
YGL151W	YPL042C
YNL073W	YOL130W
YCR028C-A	YNR052C
YNL255C	YNL284C
YLR109W	YMR059W
YDR180W	YFL008W
YDL222C	YGL077C
YBR040W	YFR004W
YGL179C	YKR071C
YAR019C	YNL298W
YIR010W	YJL176C
YHR128W	YHR152W
YHR152W	YLR109W
YGR090W	YKL139W
YDR159W	YPL178W
YGR188C	YKL214C
YJR059W	YKR041W
YLR369W	YMR049C
YDR161W	YJL057C
YLR119W	YLR417W
YGL197W	YLR310C
YGR135W	YHR027C
YBR289W	YDR073W
YDR011W	YLL028W
YGR040W	YLR154C
YNR043W	YOR117W
YFR004W	YJR065C
YGR276C	YJL106W
YDL195W	YIL109C
YDR368W	YHR027C
YDR318W	YOL069W
YHR135C	YNL227C
YDL005C	YMR112C
YNL255C	YOR078W
YGL105W	YKL171W
YNL189W	YOL082W
YNL197C	YNL298W
YER094C	YOR362C
YBL032W	YPR022C
YIL062C	YJR065C
YER062C	YML058W
YBR260C	YGR196C
YLL036C	YPR182W
YBL072C	YLR192C
YML035C	YNL154C
YBR053C	YPL141C
YFR004W	YIL108W
YJR035W	YKL085W
YBL002W	YGR270W
YEL048C	YOR074C
YBL025W	YNL255C
YDR075W	YIL153W
YBL032W	YHL023C
YER145C	YOR273C
YDL134C	YPR040W
YHR200W	YLR028C
YJL164C	YLR345W
YMR001C	YNL172W
YBL072C	YCR031C
YIR010W	YMR146C
YAL002W	YKR014C
YNL154C	YPR198W
YBL032W	YPL085W
YCL043C	YIR037W
YDL159W	YPL201C
YER018C	YPR022C
YDR170C	YGL238W
YGL059W	YJL070C
YDR100W	YPL246C
YBL032W	YDL037C
YDL155W	YMR047C
YDR050C	YFR004W
YER151C	YJR094W-A
YBR123C	YDR362C
YDR129C	YKL126W
YHR027C	YKL080W
YDR383C	YLR315W
YDR219C	YDR328C
YDL235C	YIL147C
YMR004W	YOR132W
YBL072C	YNL132W
YDR369C	YJL167W
YBR296C	YGL105W
YIR010W	YKL204W
YBL039C	YML085C
YDR216W	YOL133W
YGL129C	YPL118W
YBL032W	YOL043C
YDL235C	YLR006C
YDL014W	YJL076W
YDR381W	YGL252C
YBL032W	YML025C
YBL072C	YGL120C
YGL077C	YKL094W
YOR078W	YPL012W
YER161C	YGL019W
YDR293C	YJR059W
YEL002C	YGR284C
YDL036C	YHR200W
YJR065C	YMR109W
YDL004W	YPL078C
YJL070C	YNL298W
YGL213C	YHR157W
YEL023C	YOR269W
YCL043C	YGR040W
YIL147C	YLR006C
YJR135C	YPL018W
YMR117C	YOL069W
YGL100W	YLR208W
YOR197W	YOR361C
YDR129C	YKL203C
YAL062W	YAR071W
YGL120C	YGL128C
YHL030W	YJL001W
YCL035C	YPL240C
YER151C	YGL115W
YER125W	YOR224C
YGL206C	YJR125C
YML117W	YPR106W
YLR304C	YMR059W
YDR308C	YPL129W
YKL129C	YLR337C
YGL005C	YPL240C
YDR088C	YLR117C
YFL039C	YJL014W
YHR200W	YOR065W
YGR156W	YNL222W
YGR123C	YPR046W
YAL060W	YNL255C
YJL164C	YMR182C
YIL157C	YLR203C
YER008C	YJL085W
YLR055C	YPL209C
YDL028C	YIR010W
YJR059W	YLR362W
YHR135C	YLR109W
YHR200W	YMR276W
YIL122W	YNL197C
YBL032W	YOL153C
YER054C	YPR184W
YLR192C	YOR361C
YDR153C	YNL154C
YDR130C	YML010W
YCR073W-A	YHR135C
YJR142W	YPL141C
YDR169C	YGL179C
YHR135C	YIL033C
YDL060W	YNL098C
YLR423C	YMR059W
YFR004W	YLR270W
YBL032W	YPL115C
YDL047W	YFR021W
YJL014W	YJR064W
YGR101W	YOR211C
YBL026W	YDL175C
YEL060C	YPL140C
YBR260C	YFR004W
YGR052W	YJR138W
YDR228C	YNL222W
YGL170C	YMR047C
YCR021C	YDR497C
YJL164C	YMR081C
YGL179C	YPL139C
YIL093C	YNR036C
YGL077C	YMR010W
YER179W	YIL105C
YDL075W	YJR123W
YHR107C	YJL014W
YKL203C	YPR149W
YDL089W	YML034W
YBR111C	YFR004W
YJR056C	YNL154C
YGR037C	YLR310C
YDL139C	YKL049C
YER151C	YPR132W
YJL030W	YKL204W
YGL025C	YPL129W
YHR094C	YNL197C
YCL024W	YMR139W
YAL016W	YDR162C
YDL147W	YMR191W
YER065C	YLR270W
YER012W	YGR193C
YBL032W	YOR092W
YJR060W	YOR304W
YIL021W	YPL129W
YGL120C	YLL036C
YHR072W	YKL094W
YNL154C	YOR078W
YER027C	YGL208W
YAL040C	YGL120C
YOR016C	YPL264C
YCL032W	YMR139W
YER161C	YHR216W
YDL159W	YIR010W
YJL164C	YLR310C
YJR059W	YLR301W
YJL052W	YLR135W
YGL233W	YPR055W
YKR002W	YML010W
YDL030W	YPL018W
YBR289W	YIR010W
YML023C	YOR269W
YIR015W	YLR345W
YBL032W	YLR310C
YDL101C	YML058W
YDL101C	YGL256W
YCR002C	YNL298W
YKL057C	YMR047C
YDR159W	YPL047W
YLR106C	YOR151C
YBL041W	YOR157C
YIL109C	YMR124W
YKL139W	YMR041C
YDL065C	YJL006C
YOL041C	YPL141C
YIL143C	YMR105C
YBL032W	YPL156C
YDR074W	YHR027C
YAL040C	YNL197C
YDL160C	YDR170C
YAL005C	YJR096W
YDR443C	YNR010W
YDL195W	YLR208W
YGL105W	YLR247C
YDR320C	YPR045C
YGR255C	YML058W
YOL012C	YPL240C
YBL032W	YOR384W
YDR270W	YGL105W
YFR004W	YLR259C
YBL022C	YGR132C
YDR073W	YHL025W
YBR194W	YIL022W
YCR009C	YLR218C
YER022W	YNR010W
YBR080C	YKL196C
YDL164C	YOR378W
YDR001C	YJR059W
YGL005C	YGL223C
YIR010W	YML123C
YML043C	YNL197C
YGR048W	YOL013C
YGL241W	YPR093C
YGL158W	YOR136W
YER029C	YLL036C
YFL039C	YNL136W
YBL032W	YHR161C
YHL030W	YOR117W
YGL206C	YKL049C
YGR232W	YKL145W
YIL167W	YOL016C
YPL004C	YPL221W
YIR010W	YOR375C
YGR080W	YIL034C
YGR192C	YMR109W
YBL106C	YBR102C
YJL109C	YNR054C
YNL255C	YOR304W
YDL014W	YPL217C
YLL019C	YOR017W
YJR059W	YML037C
YDL165W	YGR195W
YBL032W	YDL048C
YFR004W	YOR117W
YCR042C	YPL042C
YDL239C	YPL070W
YDR074W	YMR261C
YER107C	YNL189W
YDR307W	YHR140W
YDR328C	YOR185C
YHR183W	YOR117W
YCL032W	YLR362W
YFR015C	YNL255C
YNL255C	YNL274C
YBL032W	YGR161C
YBL032W	YIR035C
YLR196W	YLR449W
YDL175C	YNL189W
YJL164C	YMR203W
YFR050C	YMR314W
YOL076W	YPR131C
YEL002C	YOR016C
YIL065C	YJR091C
YBL032W	YNL325C
YMR080C	YMR083W
YDR286C	YNL255C
YDR473C	YNR011C
YDR022C	YLR423C
YFR004W	YOR341W
YGL081W	YGR184C
YER151C	YJR009C
YDR141C	YPL115C
YER132C	YGR052W
YGR200C	YJL140W
YAL021C	YDL165W
YDR050C	YHR200W
YBR039W	YMR059W
YER008C	YKL049C
YPL174C	YPL253C
YLR310C	YPL082C
YGL158W	YJR095W
YAL010C	YJL066C
YDL160C	YOL149W
YKR003W	YPR152C
YDR364C	YER172C
YNL255C	YPL099C
YBL026W	YCR077C
YDR224C	YOR304W
YJL176C	YNL216W
YGL168W	YJL164C
YER125W	YOR042W
YHR200W	YOL060C
YBL032W	YGL056C
YLL045C	YNL069C
YIL095W	YNL243W
YAR019C	YDL028C
YML008C	YNL255C
YMR047C	YPR181C
YLR085C	YLR377C
YMR314W	YOR380W
YAL021C	YGL014W
YLR293C	YNL189W
YDL005C	YNL189W
YKL090W	YPL128C
YCL028W	YDL005C
YDR443C	YGL158W
YDL126C	YML064C
YLR055C	YPL047W
YLL045C	YLR196W
YGL212W	YNL255C
YGR132C	YPL263C
YBR200W	YNL025C
YFR004W	YNL255C
YER139C	YPL203W
YBR114W	YOL012C
YBL032W	YPR154W
YDR381W	YOR294W
YBR193C	YKL038W
YFR004W	YMR109W
YJL164C	YLR301W
YDL014W	YNL222W
YHR135C	YPL258C
YBL032W	YDL006W
YBR149W	YFR004W
YGL221C	YNL189W
YKL146W	YLR246W
YDL006W	YNL298W
YFR040W	YOL069W
YDL014W	YLR369W
YCL010C	YGL158W
YBL002W	YJR090C
YIL105C	YNL255C
YBR194W	YOR227W
YMR105C	YNR035C
YGR220C	YHR147C
YDL106C	YDL191W
YBR052C	YDR032C
YER132C	YER177W
YNL189W	YOR076C
YER039C	YOR297C
YDL003W	YER147C
YAL005C	YLR377C
YCL024W	YCR002C
YDL054C	YEL027W
YNL197C	YPL135W
YHR027C	YML126C
YNR010W	YOR151C
YLR337C	YNR035C
YER179W	YLR134W
YDR473C	YER112W
YNL031C	YNL255C
YHL024W	YJL106W
YDR330W	YGR048W
YLR362W	YPL133C
YDR054C	YOL133W
YBR214W	YFR040W
YKL038W	YPL203W
YJL026W	YOR117W
YFR004W	YLR109W
YCR084C	YEL030W
YJL057C	YLR315W
YDR096W	YER032W
YCL033C	YNL255C
YGL097W	YNL031C
YBL032W	YMR255W
YKL129C	YOR035C
YGR220C	YML009C
YBL015W	YOR023C
YBL031W	YGL061C
YCR021C	YDR011W
YKL049C	YPL240C
YAL034W-A	YNL255C
YDR477W	YKL121W
YGR178C	YNL124W
YER151C	YHR027C
YJR059W	YMR184W
YDR168W	YKL139W
YER018C	YPL257W
YFR004W	YJL111W
YBL032W	YDL159W
YNL148C	YNL255C
YEL044W	YPL129W
YER122C	YLR248W
YDR448W	YGL158W
YHL025W	YLR438W
YBL032W	YGR279C
YKL029C	YPR054W
YIR011C	YPL240C
YBR194W	YER177W
YBR137W	YNL189W
YER145C	YPR156C
YHR200W	YMR314W
YDL111C	YNL189W
YLR021W	YNL255C
YHR200W	YNL103W
YER125W	YPL209C
YIL105C	YJL058C
YGR284C	YIL027C
YGR014W	YLR229C
YIL109C	YOL130W
YDL159W	YLL021W
YJR123W	YLL045C
YDR363W-A	YMR191W
YFL034W	YKL103C
YHR200W	YOR375C
YDR328C	YEL060C
YBL032W	YHR143W
YAR035W	YER024W
YDR381W	YOL113W
YER069W	YFR004W
YLR362W	YNL113W
YDL047W	YKL139W
YBR200W	YKL196C
YBR176W	YML064C
YBR157C	YGL059W
YAL005C	YGL206C
YKL012W	YLR117C
YLL045C	YMR290C
YPL004C	YPL155C
YBL032W	YGR241C
YML126C	YOR117W
YJL140W	YLR192C
YBL023C	YDR122W
YDR487C	YNL189W
YDR216W	YGR052W
YKL159C	YNL255C
YBL085W	YGR052W
YBR217W	YMR319C
YGL141W	YIL075C
YJL164C	YPL240C
YBR182C	YLR423C
YBL015W	YJR068W
YER147C	YGR090W
YNL073W	YNL154C
YOR341W	YPL055C
YCR077C	YDR473C
YDL113C	YNL263C
YKL080W	YPL091W
YGR223C	YPR054W
YNL038W	YNL255C
YFL037W	YLR106C
YHR171W	YLL042C
YOR361C	YPL237W
YBR251W	YNL242W
YJL008C	YPL240C
YDR131C	YDR328C
YJR019C	YPR106W
YFR004W	YPR163C
YKL088W	YOR039W
YBR276C	YLR359W
YBR036C	YHR110W
YIR038C	YLL014W
YDR033W	YNL197C
YEL023C	YHL002W
YDR501W	YPR138C
YJR090C	YOL133W
YJR059W	YPR091C
YBR167C	YGR030C
YDR479C	YJL183W
YGR249W	YJL164C
YLR216C	YOR154W
YGR275W	YJL014W
YCR031C	YDL014W
YIL009W	YPL141C
YDR381W	YJL006C
YNL101W	YNL154C
YMR192W	YPL240C
YDR001C	YFR004W
YGL028C	YJR022W
YOR151C	YOR224C
YML118W	YPL203W
YDR328C	YGR188C
YGR270W	YOL012C
YJR123W	YNL132W
YER012W	YIL075C
YBR001C	YDR001C
YDR235W	YKL012W
YBL032W	YJR153W
YFL045C	YML085C
YBR058C	YCR073W-A
YDR432W	YIL021W
YDR477W	YNL272C
YDR334W	YNL107W
YCL024W	YKL101W
YBL041W	YDL147W
YCL008C	YPL065W
YFR004W	YMR083W
YGL014W	YLR435W
YGR163W	YGR203W
YHR186C	YOL126C
YML032C	YPL055C
YDR170C	YIL109C
YBR194W	YPR024W
YDL147W	YER094C
YGL233W	YPL240C
YGR090W	YOR039W
YHL024W	YPL203W
YIR038C	YOR321W
YBR041W	YMR152W
YKR025W	YOR224C
YDR293C	YJL153C
YLR262C	YNL263C
YDR293C	YPL119C
YKL090W	YMR168C
YLR429W	YNL073W
YBL032W	YNR036C
YDL002C	YPL235W
YGR262C	YLR438W
YLR208W	YML012W
YLL045C	YML029W
YHR135C	YML035C
YDR432W	YIR001C
YAL023C	YNL074C
YBL085W	YDR085C
YBL025W	YDR247W
YBL032W	YDR039C
YPL004C	YPL074W
YDL113C	YGL223C
YGR027C	YIL095W
YKL149C	YOL016C
YDL028C	YHR209W
YLL050C	YML064C
YDR200C	YLR238W
YGL059W	YNL074C
YBL099W	YHR200W
YCL028W	YHR034C
YKL013C	YLR337C
YNL255C	YPL225W
YPR057W	YPR182W
YBL056W	YDL060W
YDL222C	YLR219W
YDR485C	YER112W
YBR173C	YER012W
YDL047W	YGL197W
YBR106W	YHR094C
YKL210W	YPR054W
YGL198W	YPL095C
YKL080W	YML064C
YOR109W	YPR029C
YER008C	YLR229C
YDL019C	YHR135C
YDR002W	YGL097W
YHR135C	YOL123W
YBR194W	YNL255C
YGR200C	YKL049C
YDR243C	YDR381W
YDR110W	YPL127C
YDR032C	YGR121C
YNL077W	YPL150W
YDR096W	YDR475C
YBL041W	YFL007W
YDR228C	YLR423C
YBL032W	YGR143W
YLR357W	YMR091C
YEL071W	YPR165W
YBR215W	YOR038C
YHR200W	YOR185C
YER172C	YJR022W
YDR432W	YFR004W
YGR275W	YHR097C
YDR523C	YOR177C
YBL002W	YDL156W
YCR046C	YKL139W
YDL025C	YPR019W
YOL148C	YPL082C
YBL026W	YLL036C
YOR083W	YPL116W
YDL147W	YDR201W
YDR052C	YLL004W
YAL034W-A	YML032C
YDR159W	YGL100W
YFL037W	YOR117W
YLR453C	YNL216W
YGL158W	YML035C
YPL082C	YPL139C
YBR036C	YJL196C
YMR139W	YNL078W
YGR135W	YHR200W
YER162C	YOR257W
YDR432W	YER112W
YBR207W	YER166W
YLR065C	YNL255C
YCR002C	YGL105W
YDR364C	YPL178W
YBL032W	YMR192W
YIR010W	YPL235W
YBR193C	YNR010W
YFL039C	YLL026W
YER151C	YOR151C
YPL231W	YPR152C
YGL120C	YJL076W
YBR114W	YHR183W
YER012W	YHR200W
YBL032W	YLR006C
YKL049C	YML075C
YJR059W	YPL012W
YLL027W	YNL255C
YDL191W	YIL133C
YAL021C	YNR052C
YMR191W	YOR117W
YNL135C	YOR319W
YBL026W	YDR381W
YGL179C	YIR003W
YDR057W	YDR411C
YLR119W	YPL065W
YNL132W	YPL042C
YGL120C	YLR449W
YHL025W	YPL129W
YDL126C	YDR330W
YBR072W	YDL239C
YIL105C	YLR433C
YBL032W	YJL041W
YKL059C	YOR344C
YDR473C	YOR159C
YDL222C	YJL016W
YDR096W	YNL078W
YFR002W	YIL149C
YFR004W	YGR192C
YDL014W	YML010W
YDL101C	YLR098C
YDR159W	YIL034C
YBR080C	YBR217W
YFL039C	YGL097W
YAR003W	YJL026W
YLR117C	YNL255C
YMR290C	YPL209C
YLR203C	YML129C
YDR070C	YJR059W
YBL032W	YBL097W
YIR010W	YPR034W
YLR417W	YPL065W
YCR106W	YPL243W
YBR072W	YOR267C
YIR025W	YNL255C
YOL117W	YOR361C
YDR235W	YML049C
YBL032W	YJR091C
YBL072C	YHR027C
YHR193C	YNR052C
YIL120W	YLL023C
YBR106W	YKR039W
YDR096W	YPR154W
YDR128W	YGL100W
YEL047C	YLR058C
YNL031C	YPR052C
YER177W	YPL231W
YER012W	YMR314W
YAL023C	YDR411C
YAL053W	YKL051W
YGL198W	YKR014C
YGR232W	YLR389C
YGR282C	YPR152C
YDR381W	YGR270W
YHR200W	YOR332W
YNL255C	YPL110C
YDR383C	YML051W
YBL095W	YPL209C
YER095W	YML075C
YJR068W	YOL126C
YFL039C	YJL081C
YBL085W	YPL055C
YDR259C	YJL106W
YDL047W	YJL111W
YJR045C	YKL049C
YDR409W	YLR314C
YHR135C	YKL121W
YBR207W	YLL048C
YGR155W	YHR200W
YDR170C	YDR477W
YJL122W	YNL255C
YGL019W	YPL240C
YCR093W	YIL038C
YKL201C	YNL255C
YBL032W	YDR073W
YOL149W	YPR129W
YHR135C	YOR070C
YML129C	YML132W
YDR170C	YKL049C
YCR106W	YJL006C
YDL047W	YDR477W
YDR045C	YNL255C
YHL003C	YJL183W
YDL214C	YKL080W
YBL032W	YDR403W
YDL014W	YNR038W
YNL255C	YPL271W
YDL072C	YML029W
YNL197C	YNL321W
YGL077C	YGL108C
YLR196W	YNL230C
YDR443C	YGL025C
YBL032W	YGL080W
YDL078C	YKR025W
YJR118C	YOR054C
YGL100W	YIR010W
YBL032W	YDR156W
YJL013C	YNL172W
YFL016C	YNL255C
YDL203C	YOR372C
YLR304C	YMR072W
YJL074C	YKL049C
YHR135C	YLL022C
YER151C	YGL206C
YDL014W	YFR004W
YER177W	YHR027C
YDR175C	YNR036C
YDR227W	YLR278C
YBR091C	YOR297C
YFL037W	YGR155W
YDR224C	YJL081C
YBL032W	YNL074C
YBR041W	YKL094W
YBL026W	YIL132C
YER151C	YLR259C
YER172C	YHR152W
YDL014W	YDR195W
YDR473C	YLR423C
YBL032W	YER118C
YJR068W	YNL014W
YER128W	YLR181C
YER050C	YHR216W
YDR175C	YNR037C
YGL059W	YGR038W
YKL059C	YKR002W
YHR138C	YMR049C
YGR276C	YKL101W
YGR275W	YLR357W
YHL050C	YNL255C
YLR359W	YOR361C
YBL032W	YNL321W
YJR017C	YLR438W
YFL037W	YNL223W
YHR142W	YKL154W
YDL147W	YGL141W
YDL090C	YKL019W
YLR007W	YNL255C
YDR074W	YNL154C
YBR039W	YML058W
YBL032W	YJR127C
YBR086C	YKL212W
YDR170C	YLR340W
YDR246W	YEL048C
YGR232W	YHL030W
YJL164C	YKL038W
YGL019W	YNL131W
YBR194W	YKL060C
YLL028W	YPL234C
YHR027C	YOR270C
YBR097W	YPL120W
YKL002W	YMR117C
YOR361C	YPL001W
YDR334W	YDR485C
YLR208W	YPR107C
YDL131W	YPL240C
YBR044C	YJR022W
YDR127W	YML085C
YKR104W	YOL143C
YNL293W	YOR089C
YBL032W	YLR228C
YER012W	YMR276W
YGL019W	YIR010W
YBR106W	YPL094C
YBR289W	YOR038C
YBR251W	YGR150C
YEL071W	YPL004C
YDR477W	YER027C
YDL003W	YGL097W
YCL033C	YOL082W
YER050C	YLR432W
YMR119W	YNL008C
YFR004W	YGR232W
YKR048C	YNL078W
YCR106W	YPL267W
YGL158W	YJR115W
YBL032W	YDR103W
YJL077C	YNL255C
YDR381W	YLR085C
YGR040W	YHR001W
YHR140W	YPL264C
YBL032W	YKL088W
YOR273C	YPL004C
YBR041W	YKL140W
YBL036C	YDR343C
YER125W	YLR392C
YDL175C	YMR303C
YLR246W	YOL110W
YGL055W	YPL240C
YJL041W	YPL240C
YFL018C	YGR193C
YGR048W	YPL269W
YFR003C	YOR232W
YER125W	YMR182C
YAL005C	YGR173W
YCR009C	YPL004C
YBL085W	YCL024W
YER166W	YGR241C
YHR027C	YNL069C
YAL054C	YDR216W
YJR159W	YML064C
YDL007W	YER012W
YER132C	YLR310C
YJL006C	YKL139W
YDL165W	YNL025C
YLR196W	YPL141C
YGL059W	YKR048C
YDL111C	YNL197C
YGR086C	YNL107W
YBL002W	YGR067C
YDR264C	YOR036W
YDR443C	YER022W
YDR326C	YJR035W
YHR200W	YOR117W
YAL023C	YOL013C
YBL030C	YHR027C
YKL171W	YPR181C
YDL161W	YIL095W
YFR004W	YPL111W
YNL255C	YPL139C
YJR035W	YPR191W
YCL024W	YLR314C
YDR264C	YOL016C
YDL155W	YER107C
YDL065C	YDR244W
YDR113C	YJL164C
YDL125C	YHL018W
YNL255C	YOR042W
YBR182C	YKL062W
YCR028C-A	YPR072W
YDR381W	YOR270C
YKL101W	YPR072W
YBL027W	YHR027C
YGL105W	YGR040W
YKL101W	YOL112W
YJL057C	YOR162C
YDR002W	YFR004W
YDR318W	YLR315W
YBL032W	YKR091W
YGR289C	YPL240C
YJL001W	YPR054W
YDR293C	YHR135C
YBL032W	YOR372C
YHR200W	YJL167W
YKL160W	YOR039W
YDR153C	YOR036W
YJR123W	YOL040C
YAL018C	YMR001C
YER151C	YNL113W
YNL069C	YOR117W
YDR100W	YLL048C
YBR139W	YER062C
YDR383C	YJL057C
YFR004W	YFR053C
YHR161C	YIL122W
YHL002W	YOL117W
YBR029C	YCR061W
YER029C	YHR004C
YNL255C	YPR062W
YDL025C	YPL240C
YGR253C	YJL001W
YJR090C	YOL136C
YDR142C	YIL160C
YLR072W	YNL031C
YMR290C	YOR267C
YBR036C	YGR284C
YBL075C	YLR362W
YGR203W	YIL119C
YJL001W	YMR314W
YDL148C	YMR290C
YBR217W	YGL105W
YHR135C	YJR092W
YEL048C	YML077W
YDR343C	YGR040W
YER050C	YGL129C
YBR200W	YDR103W
YDR477W	YLR192C
YGR040W	YNR033W
YFR004W	YML028W
YFR004W	YLR192C
YCL040W	YNL189W
YDR138W	YER125W
YBL032W	YNL188W
YBR273C	YKL213C
YBR173C	YNL255C
YGL187C	YGR033C
YKL144C	YOR224C
YFR050C	YHR200W
YBL032W	YOR260W
YDR477W	YNL186W
YOL123W	YPL140C
YKL079W	YPL203W
YNR011C	YOR159C
YLR433C	YMR246W
YBL032W	YER053C
YER094C	YJL001W
YDR392W	YPL001W
YFL007W	YGR253C
YHR200W	YPL231W
YBR111C	YPL070W
YBL032W	YDR081C
YML023C	YMR053C
YJL164C	YLR133W
YAL005C	YJL006C
YNL124W	YPL240C
YOR145C	YPL263C
YIL062C	YMR109W
YER125W	YJR059W
YBL045C	YMR059W
YDL148C	YNL255C
YHR200W	YLR058C
YDR194C	YIR010W
YDR113C	YNL255C
YDR308C	YHR058C
YDR138W	YKL139W
YDL030W	YDR363W-A
YHR200W	YLR293C
YHR200W	YOL040C
YGL208W	YNR035C
YCL027W	YNL058C
YLR229C	YPL161C
YDL126C	YNL255C
YLR371W	YNL283C
YBL104C	YKL049C
YJL166W	YML129C
YAL029C	YKL185W
YER122C	YML012W
YDR071C	YDR247W
YDR131C	YPL240C
YDR332W	YGR220C
YGL014W	YJL164C
YLR423C	YPR049C
YBL032W	YJL094C
YMR290C	YPL009C
YDL065C	YGR052W
YGR033C	YNL255C
YBL052C	YBR274W
YJR059W	YNL293W
YLL036C	YPR152C
YDL107W	YNL255C
YHL003C	YNL101W
YGL206C	YLR370C
YBR274W	YPL203W
YJR059W	YMR068W
YJR059W	YNL125C
YDR477W	YKL049C
YIL062C	YLR370C
YER030W	YOR361C
YDR159W	YJL041W
YLR079W	YNL255C
YER018C	YPR046W
YCL024W	YLR055C
YFR004W	YNR043W
YDR229W	YJL164C
YAL014C	YOR036W
YDR328C	YLL050C
YER151C	YPL231W
YGL022W	YGL226C-A
YBL032W	YGL151W
YKL203C	YNL138W
YGL158W	YMR239C
YFL034W	YNL255C
YGR254W	YHR152W
YIR010W	YKR025W
YFR004W	YLR243W
YKL051W	YNL283C
YER161C	YNR023W
YER177W	YFR004W
YER130C	YML051W
YDL115C	YHR135C
YHR123W	YPL246C
YKL103C	YNL189W
YGL019W	YKL088W
YDR225W	YLR247C
YDR200C	YPL130W
YMR207C	YNL255C
YHR148W	YJL069C
YDR122W	YER167W
YLR130C	YNL197C
YGR090W	YMR290C
YCL028W	YER151C
YBL023C	YGR270W
YDL223C	YJR059W
YBL032W	YHL004W
YDR032C	YFR004W
YDL147W	YHL030W
YBL032W	YGL223C
YDL047W	YJL026W
YHR135C	YOR089C
YDR432W	YNL255C
YDR168W	YPL240C
YHL002W	YNL239W
YHR190W	YLR100W
YJL164C	YKL093W
YML110C	YNL154C
YER107C	YLR106C
YBL032W	YPL158C
YER151C	YGR192C
YER151C	YGR186W
YDL060W	YPL042C
YGR192C	YHR027C
YBL104C	YDR316W
YGL115W	YGL158W
YNL163C	YNL255C
YKL154W	YMR149W
YDR244W	YOL044W
YGR284C	YPL264C
YFR036W	YHR166C
YER067W	YLR340W
YOR117W	YOR341W
YOR373W	YPL055C
YCL027W	YOR017W
YGL200C	YOR016C
YBR194W	YPL235W
YHR200W	YMR083W
YJL164C	YKL121W
YBL032W	YNL269W
YBL032W	YJR159W
YLR370C	YMR109W
YKL203C	YNL255C
YDL131W	YDL214C
YDR011W	YKL051W
YDL109C	YNL197C
YBR272C	YOR117W
YIL022W	YNL255C
YHR027C	YKL145W
YDL028C	YOR257W
YBL106C	YLR423C
YFR004W	YLL026W
YDL126C	YKL213C
YCR061W	YLR138W
YDR228C	YNL069C
YLR360W	YPL120W
YBL002W	YDL213C
YGL115W	YOR267C
YDR130C	YOL040C
YJR068W	YLR432W
YER173W	YJR068W
YLL036C	YOR159C
YBR035C	YFR004W
YHR174W	YJL030W
YGL022W	YOR085W
YHR118C	YPL001W
YGL077C	YLR219W
YLR312W-A	YNL005C
YDL031W	YIR010W
YDR293C	YDR477W
YER022W	YHR058C
YDR148C	YLR410W
YBR114W	YMR226C
YAL005C	YOR136W
YJL048C	YPR120C
YIL033C	YMR239C
YJL041W	YMR047C
YBR136W	YKL085W
YDR168W	YFR004W
YHR128W	YNL197C
YDR107C	YMR070W
YLR043C	YML028W
YGR040W	YMR241W
YKL159C	YMR139W
YER088C	YJL164C
YBL026W	YDL184C
YDR128W	YLR216C
YCR076C	YER094C
YDR169C	YPL203W
YJL081C	YNL136W
YNL069C	YNL124W
YKL103C	YLR385C
YBL064C	YNR031C
YHR200W	YOR168W
YGR090W	YJR123W
YMR282C	YOL123W
YLR196W	YOR176W
YDL002C	YDR190C
YHR111W	YPL070W
YHR135C	YLR192C
YER155C	YOR361C
YJL176C	YPR052C
YGR289C	YKL154W
YMR032W	YMR162C
YFL033C	YHR205W
YIL109C	YLR208W
YHL002W	YOR138C
YDR227W	YER105C
YGL019W	YOR267C
YBR108W	YPR154W
YCL024W	YDR162C
YER142C	YGL049C
YKL129C	YMR032W
YML064C	YMR226C
YBL032W	YER162C
YER029C	YER172C
YIL038C	YPL231W
YFL016C	YJR045C
YCL024W	YNL272C
YDL031W	YLR449W
YER095W	YPL121C
YGR014W	YJL030W
YMR049C	YNL124W
YKL203C	YPR165W
YDL161W	YPL115C
YKL049C	YLL026W
YDR397C	YPL082C
YJL014W	YJL176C
YIL010W	YPL209C
YDR032C	YJL016W
YMR172W	YNL255C
YER155C	YPR034W
YJL157C	YLR293C
YER172C	YLR310C
YNL255C	YOL010W
YBL032W	YPR188C
YGR091W	YNL005C
YHR190W	YML008C
YAL021C	YNL216W
YMR297W	YOR137C
YIR010W	YPL016W
YNL154C	YNL272C
YDR473C	YGR091W
YGL095C	YKL196C
YBR200W	YGR152C
YBR217W	YFR004W
YHR193C	YNL255C
YDR310C	YDR328C
YMR149W	YNL322C
YHR216W	YOR250C
YCR077C	YER115C
YBL032W	YBR173C
YIL022W	YIR010W
YDR381W	YNL255C
YBL032W	YDR186C
YGL049C	YMR139W
YHR039C	YMR149W
YBL039C	YCR031C
YGR135W	YIL105C
YGL025C	YOL130W
YBL027W	YFR004W
YHR027C	YHR174W
YER038C	YML023C
YMR223W	YOL148C
YDR156W	YOR341W
YBL032W	YCR061W
YDR175C	YGL129C
YJL066C	YMR203W
YER151C	YML126C
YGR111W	YHR135C
YDR289C	YPR152C
YDR162C	YMR299C
YJR065C	YLR203C
YDL020C	YDR363W-A
YGR156W	YPR107C
YJR118C	YMR149W
YDR381W	YML010W
YHR135C	YNL304W
YPL203W	YPL247C
YAR042W	YHR195W
YDL030W	YML049C
YGR013W	YML049C
YER139C	YLR293C
YAL005C	YOR227W
YGL070C	YJL140W
YMR231W	YOR106W
YJR102C	YPL065W
YHL025W	YIR010W
YJR059W	YNL074C
YJR059W	YLR410W
YAR019C	YDL185W
YBR106W	YHR027C
YBL041W	YFR050C
YGR040W	YGR097W
YFL044C	YKL020C
YBR273C	YDL126C
YBL032W	YDL138W
YIL093C	YNL255C
YDR190C	YLR385C
YHR158C	YPL155C
YKL145W	YMR276W
YGR132C	YGR231C
YDR497C	YDR501W
YDR168W	YER161C
YDL131W	YFR004W
YDR130C	YPR163C
YBL045C	YPR191W
YLR005W	YNL135C
YDR159W	YMR047C
YHR135C	YNL173C
YFR004W	YMR315W
YGR098C	YGR163W
YLR399C	YOL012C
YPR054W	YPR191W
YGL059W	YJL164C
YFR004W	YML010W
YBL027W	YOL040C
YBR041W	YJL052W
YAR019C	YGR173W
YOR224C	YPL203W
YDR051C	YNL255C
YHL004W	YPR166C
YEL002C	YMR149W
YDL076C	YPL082C
YDR501W	YKL051W
YDL085W	YLR371W
YDL134C	YML109W
YDR310C	YLL004W
YGL006W	YJL154C
YKL049C	YOR362C
YFL037W	YJL014W
YDL164C	YEL030W
YEL002C	YLL028W
YML008C	YOR117W
YGL049C	YPL178W
YFR004W	YJR123W
YGR014W	YJL013C
YJL014W	YJR090C
YGL120C	YOL041C
YDR247W	YGR200C
YBL032W	YJL056C
YBR215W	YDR381W
YKR042W	YNL255C
YAL056W	YPL203W
YKL062W	YNL136W
YDL188C	YML126C
YER050C	YIL093C
YNL132W	YPL012W
YNL255C	YOR117W
YOL025W	YOL133W
YOL016C	YPL166W
YBL032W	YKL204W
YDR100W	YNL189W
YGR262C	YNL132W
YKL037W	YML058W
YBL020W	YDR479C
YHL004W	YLR423C
YBR200W	YPL045W
YIL105C	YKL203C
YBL032W	YLL043W
YOR193W	YPL112C
YLR457C	YPL255W
YDR381W	YGL049C
YKL142W	YOL016C
YDR443C	YMR112C
YIL062C	YNL255C
YGL104C	YIR038C
YCR009C	YMR232W
YJL052W	YLL036C
YDR280W	YNR024W
YBR272C	YPL001W
YNL255C	YNR027W
YIL143C	YIR009W
YGL025C	YPR052C
YOL006C	YOR009W
YIR038C	YJR073C
YGR033C	YNL131W
YDR247W	YOR177C
YBL032W	YGR156W
YBL032W	YDR151C
YDL147W	YHR027C
YCR028C-A	YGL077C
YJL041W	YLR293C
YFR008W	YOR276W
YCR009C	YGL060W
YGR275W	YKL101W
YCL032W	YER118C
YBL002W	YDR224C
YER118C	YKL221W
YHR135C	YNL073W
YBR214W	YLR079W
YDR143C	YLR106C
YGR186W	YPR152C
YBL032W	YMR305C
YER112W	YLL032C
YKL061W	YNL255C
YBR108W	YPL004C
YDR201W	YKR083C
YHR166C	YIR025W
YPL240C	YPR003C
YDR448W	YML015C
YBR251W	YNR037C
YLR102C	YMR001C
YHR083W	YNL092W
YHR073W	YPR191W
YJL001W	YOR362C
YNL255C	YPR173C
YIR010W	YJL081C
YNL031C	YPR031W
YIL095W	YML037C
YDR359C	YJR082C
YPL016W	YPR034W
YER145C	YOR357C
YER121W	YKL002W
YBL032W	YOR104W
YDR227W	YIL075C
YIL022W	YOR232W
YCL010C	YOL148C
YEL044W	YNL255C
YBL032W	YMR182C
YER125W	YKL150W
YLR449W	YNL031C
YGL028C	YNL197C
YDL003W	YDR308C
YER079W	YHR135C
YHR073W	YOR294W
YHR135C	YMR297W
YDL190C	YMR276W
YCL010C	YLR055C
YHR090C	YJR082C
YNL255C	YOL129W
YBL091C-A	YOL113W
YAL054C	YAR035W
YFR004W	YPL240C
YKL154W	YNL101W
YBR108W	YHL002W
YCR028C-A	YIL109C
YPL161C	YPR165W
YPL028W	YPR165W
YAL028W	YIL095W
YDR026C	YER018C
YML085C	YOR269W
YDR130C	YIR010W
YCL056C	YNL131W
YDR334W	YLR385C
YNL005C	YOR150W
YDL075W	YIR010W
YIR009W	YOR017W
YFL011W	YGR040W
YBL032W	YNL329C
YDR383C	YNL189W
YBL032W	YHL012W
YCL014W	YLR058C
YBR217W	YPR049C
YER145C	YLR413W
YHR200W	YKL060C
YGL100W	YMR047C
YGR175C	YGR289C
YJR049C	YJR059W
YGR077C	YJL210W
YLR377C	YML050W
YDL014W	YDL148C
YDL030W	YML104C
YBL032W	YDR460W
YER147C	YJL074C
YJR009C	YML053C
YDL006W	YOL113W
YHR048W	YNL192W
YBR114W	YGR193C
YJL164C	YOR092W
YGR057C	YIL109C
YDL014W	YMR290C
YHR023W	YPR184W
YGL212W	YKL196C
YFL039C	YPL129W
YDR247W	YJL076W
YLR423C	YOR353C
YHR135C	YLR134W
YGR052W	YHR186C
YGL179C	YGR038W
YCL028W	YDR308C
YBL026W	YPL119C
YCR073W-A	YNL255C
YBL032W	YDR409W
YJL167W	YJR059W
YBL032W	YML075C
YJL074C	YPL235W
YGR122W	YLR025W
YER057C	YFR004W
YJR022W	YKR104W
YDR229W	YJR068W
YDR075W	YIL142W
YER151C	YFR051C
YGL104C	YOR016C
YPL129W	YPL203W
Q0085	YPL078C
YER120W	YHR200W
YPL078C	YPL271W
YER151C	YPR102C
YKR029C	YPR152C
YJR059W	YKL061W
YNL263C	YOR357C
YKL049C	YNL189W
YBR102C	YER008C
YDL130W	YNL255C
YIL135C	YJL164C
YDR054C	YLR079W
YDR308C	YGL158W
YGR262C	YMR226C
YJR123W	YNL302C
YBL026W	YGR077C
YDL224C	YNL197C
YER012W	YER094C
YGL115W	YMR001C
YKL185W	YMR263W
YDR128W	YOR093C
YDR411C	YGR048W
YAL005C	YBR215W
YDL223C	YGL059W
YDL060W	YDL213C
YDR159W	YER118C
YER029C	YJR084W
YDR318W	YJR135C
YLL019C	YOL041C
YBL041W	YDL020C
YOR016C	YPR156C
YDL201W	YNL255C
YLR138W	YNL255C
YDL213C	YNL186W
YKL196C	YLR440C
YBL031W	YDR318W
YBL032W	YFR051C
YDL214C	YHL018W
YGR121C	YIR038C
YIL125W	YMR072W
YJL051W	YMR001C
YAL002W	YOR089C
YBL032W	YGL036W
YDR284C	YPR071W
YCL027W	YKR101W
YOR346W	YPL167C
YGR001C	YJL006C
YCR083W	YHR106W
YKL214C	YPL178W
YHR027C	YLR432W
YCL036W	YNL255C
YFL044C	YKL213C
YDL111C	YFR019W
YHR027C	YML070W
YLL026W	YLR216C
YHR135C	YJR019C
YDR316W	YFL053W
YHR135C	YIR003W
YER112W	YIR010W
YAL005C	YOR132W
YCR042C	YML015C
YDR231C	YNL197C
YBL032W	YMR203W
YHL035C	YLR115W
YBL102W	YHR027C
YBL032W	YHL027W
YBR283C	YML012W
YIL021W	YJR035W
YGR155W	YOR151C
YKL033W-A	YNL255C
YER118C	YKR027W
YDL155W	YDR216W
YDR159W	YKR095W
YCR077C	YER018C
YJL164C	YOL130W
YNL197C	YNL305C
YDR293C	YDR501W
YMR197C	YOR106W
YDR075W	YGR192C
YLR043C	YOR106W
YDR451C	YNL197C
YDL195W	YHR200W
YNL025C	YPL248C
YDR453C	YMR059W
YGL158W	YOR362C
YGL129C	YGR165W
YDL141W	YGL105W
YLL022C	YNL031C
YHR033W	YML064C
YJL014W	YPL112C
YBL097W	YGR135W
YHR135C	YLR098C
YDL188C	YDR523C
YGR090W	YNL186W
YDL239C	YLR072W
YDL076C	YMR168C
YMR049C	YOR267C
YER012W	YKL206C
YAL005C	YMR261C
YBL032W	YML108W
YER122C	YPL246C
YGR223C	YPL028W
YDR430C	YGR193C
YDR195W	YGR156W
YOR112W	YOR270C
YKL020C	YKL213C
YDR138W	YLR432W
YBL032W	YDL039C
YDR118W	YLR102C
YHR027C	YOL040C
YJR123W	YNL069C
YBL105C	YLR234W
YER151C	YLL045C
YGL213C	YOR294W
YBR200W	YOR106W
YFR019W	YPL004C
YER172C	YGR091W
YDR026C	YHR166C
YBL032W	YLR278C
YGR284C	YHR142W
YDR170C	YOR136W
YHR069C	YNL189W
YBL032W	YOL019W
YDL014W	YIR010W
YDR076W	YHR033W
YDR129C	YFR004W
YBL027W	YNL255C
YDR328C	YLR429W
YLR337C	YMR032W
YFL039C	YPL235W
YGR172C	YNL263C
YDR448W	YOR023C
YBL002W	YML034W
YER151C	YLR196W
YER125W	YLR079W
YOL107W	YPL141C
YER139C	YOR151C
YDL184C	YER112W
YHR135C	YML037C
YFR004W	YMR189W
YGL233W	YNR049C
YDR206W	YOL149W
YJL123C	YJR059W
YBR080C	YDL147W
YDR129C	YFL039C
YER079W	YNL154C
YBL030C	YDR328C
YGL158W	YML042W
YKL101W	YPL203W
YGL210W	YOR070C
YGR146C	YML051W
YIL075C	YOR117W
YMR047C	YPL012W
YIL038C	YPL203W
YHR147C	YNL252C
YNL197C	YPL006W
YJL157C	YNL189W
YDR153C	YHR135C
YBR217W	YHR027C
YGR090W	YNL230C
YLR058C	YOR117W
YDR225W	YNL246W
YBR248C	YFR004W
YDL213C	YJL109C
YDR225W	YOL012C
YBL032W	YJR094C
YDL030W	YOR023C
YDR318W	YGL093W
YJL008C	YKL049C
YOR117W	YOR298C-A
YNL230C	YPL012W
YBR096W	YDR477W
YGL049C	YIR001C
YCR097W	YNL255C
YDR288W	YLR453C
YOR267C	YOR294W
YGL212W	YOR106W
YDR448W	YJL058C
YLL019C	YLR438W
YKL197C	YOL044W
YDL039C	YDL214C
YLR377C	YML064C
YHR135C	YOR078W
YKL022C	YNL172W
YJL066C	YJL157C
YBR039W	YNL255C
YKL067W	YMR203W
YBR023C	YFR051C
YGR249W	YHR135C
YBL032W	YML049C
YMR182C	YNL255C
YHR135C	YOR083W
YGR276C	YHR135C
YGR167W	YKL069W
YHR027C	YJR009C
YHR200W	YPR181C
YER147C	YLR432W
YDL014W	YGL120C
YLL028W	YPR156C
YKL141W	YOR065W
YDL003W	YPR072W
YIR010W	YMR049C
YDL240W	YPR165W
YDR039C	YKL203C
YKL006C-A	YKL196C
YGL059W	YKL079W
YGR275W	YNL255C
YNL197C	YOR372C
YDR363W-A	YFR004W
YBL036C	YNL255C
YDL054C	YOR315W
YGL070C	YNL031C
YJL076W	YPL240C
YDL090C	YKR048C
YJL111W	YNL154C
YCR061W	YIL147C
YCR106W	YPL240C
YEL002C	YPL234C
YBL032W	YLR413W
YDR054C	YJR090C
YHR200W	YML070W
YCL028W	YDR128W
YBR106W	YJR160C
YGL081W	YJL074C
YDR216W	YDR448W
YGR067C	YGR135W
YDL053C	YIR010W
YFL045C	YMR049C
YGR167W	YJR125C
YDR381W	YHR090C
YGL129C	YNL255C
YHR157W	YLR329W
YDR453C	YNL189W
YJR115W	YNL197C
YBL032W	YOL030W
YIR010W	YKR060W
YIL143C	YLR028C
YGR184C	YKL049C
YJL107C	YJR091C
YHL032C	YPL004C
YLR357W	YPL082C
YDL065C	YPL203W
YNL135C	YPR166C
YBR106W	YOR054C
YKL101W	YNL132W
YIR037W	YLR345W
YJL066C	YKL049C
YIR006C	YLL021W
YKR092C	YOL012C
YDL188C	YER094C
YBR026C	YDR054C
YDL165W	YER018C
YDL007W	YDR363W-A
YCL014W	YCR002C
YAL053W	YDR032C
YDR028C	YER177W
YDR383C	YPL018W
YLR133W	YMR139W
YGL158W	YOL148C
YBL085W	YER155C
YDR251W	YJL052W
YML030W	YNL255C
YDL022W	YOR117W
YDR381W	YKL214C
YER009W	YLR293C
YDR439W	YJL164C
YAL005C	YMR109W
YDL075W	YDL195W
YLR025W	YNL255C
YBL032W	YOL101C
YHR135C	YJL039C
YIR010W	YJR060W
YDR264C	YNL154C
YIR038C	YNL263C
YMR149W	YOR085W
YJR022W	YNL329C
YIR010W	YLR340W
YLR192C	YMR146C
YLR221C	YNL255C
YBL056W	YFR004W
YDR330W	YGR268C
YKL085W	YKL157W
YER177W	YPR008W
YKL012W	YNL255C
YAL005C	YBL075C
YNR049C	YPL232W
YMR047C	YNL189W
YLR035C	YPR034W
YAL005C	YOR117W
YLR427W	YMR290C
YHL004W	YIL093C
YGL019W	YKL160W
YLR430W	YML010W
YLR085C	YNL107W
YGR192C	YKL060C
YGR029W	YKL195W
YDR473C	YER172C
YKL195W	YLL018C-A
YFR002W	YGL100W
YDR027C	YDR484W
YGR040W	YIL038C
YDL155W	YDR146C
YJR142W	YPL150W
YOR294W	YPR045C
YGR284C	YHR039C
YMR298W	YPL094C
YDR153C	YJR059W
YBL104C	YIR010W
YMR314W	YOR362C
YMR276W	YOR117W
YER118C	YHL002W
YDL047W	YGR282C
YKL012W	YML010W
YAL018C	YLR034C
YGL120C	YNL113W
YDL147W	YPR003C
YDL076C	YKL185W
YER012W	YFR050C
YBL105C	YOL083W
YJL076W	YOL012C
YDR113C	YKL022C
YFR003C	YPL179W
YDR103W	YGR040W
YGR154C	YHR135C
YDL101C	YPL269W
YBL052C	YGR270W
YEL030W	YML058W
YKL213C	YNL073W
YDR381W	YER151C
YEL017W	YNL293W
YGL093W	YIR010W
YDL147W	YNL255C
YDL213C	YOL041C
YDL057W	YLR098C
YBR052C	YKL051W
YKL078W	YNL186W
YBL022C	YKL016C
YER151C	YMR146C
YDL147W	YPR159W
YJR104C	YNL020C
YDR075W	YHR033W
YGR090W	YIR010W
YDL184C	YKR048C
YIL038C	YKL049C
YGL014W	YOR276W
YBL052C	YPR031W
YNL255C	YPL263C
YBR039W	YDR523C
YER069W	YPR046W
YHL030W	YNL132W
YBL030C	YIR010W
YBL039C	YJR123W
YDL164C	YGL053W
YER151C	YLL050C
YCL008C	YHL002W
YNL154C	YPR058W
YIL133C	YJR123W
YML010W	YNL255C
YDR075W	YPR040W
YDR200C	YMR052W
YAL034W-A	YKL049C
YNL252C	YOR150W
YER115C	YML109W
YDR100W	YGL006W
YIL021W	YOR224C
YMR047C	YPL217C
YHR135C	YMR184W
YBR106W	YBR283C
YDR190C	YOL012C
YMR303C	YPL150W
YLL019C	YPL209C
YCR031C	YNL132W
YKL157W	YLR304C
YFL037W	YHR027C
YDL014W	YER162C
YKL039W	YML085C
YIL167W	YPL240C
YKR003W	YPL240C
YLR315W	YPR072W
YBL072C	YMR290C
YFR004W	YPR149W
YER151C	YJL109C
YKL078W	YOL041C
YER118C	YNL315C
YJL140W	YOR151C
YDL148C	YOR078W
YGL158W	YOR089C
YFR004W	YKL029C
YDL195W	YPR181C
YFR015C	YGR052W
YER179W	YHR079C-A
YDR330W	YNL154C
YGL097W	YLR293C
YJL057C	YLR181C
YDR190C	YPL053C
YDL014W	YJL069C
YJR135C	YPR046W
YGR052W	YML037C
YCR021C	YKL051W
YML010W	YPR163C
YER151C	YKL060C
YIL149C	YML107C
YNL255C	YPL240C
YER029C	YPL178W
YDR227W	YFL007W
YDR026C	YNL113W
YDL002C	YFL033C
YKR014C	YPL045W
YCL061C	YPR019W
YGL019W	YKL049C
YDR432W	YML010W
YHR200W	YML028W
YGL198W	YLR262C
YBR035C	YFL033C
YBL032W	YOR023C
YHL012W	YNL197C
YDL105W	YEL019C
YGL070C	YOR224C
YFR021W	YHR135C
YGR220C	YOR150W
YNL144C	YNL255C
YKL145W	YPL235W
YGL158W	YMR155W
YDR147W	YGL158W
YKL049C	YML010W
YCR077C	YNL124W
YBR272C	YGR232W
YER008C	YPR165W
YDR142C	YGR184C
YDR359C	YNL107W
YBR278W	YDR381W
YBL032W	YHR142W
YBR157C	YJL164C
YBL032W	YMR206W
YDL060W	YPL012W
YCL014W	YML010W
YDL101C	YDR032C
YGL120C	YNR054C
YLR229C	YOL112W
YML129C	YNL052W
YDR479C	YIL030C
YGR152C	YPL161C
YDL075W	YLR340W
YBR264C	YER136W
YBL085W	YDR277C
YBL106C	YGR172C
YGL061C	YKR083C
YJL157C	YPR120C
YBL002W	YER151C
YAL034W-A	YHR135C
YAR028W	YGL104C
YFR004W	YLL050C
YLR370C	YNL243W
YDR224C	YKR048C
YNL255C	YOL096C
YDL060W	YDL148C
YBR194W	YHR174W
YAL016W	YKL203C
YDR308C	YPL248C
YDR011W	YNL197C
YBL032W	YKR096W
YPL082C	YPL129W
YDR295C	YOL069W
YGL158W	YJR096W
YAL005C	YFR004W
YDR032C	YGL077C
YBR200W	YPR165W
YNL135C	YOR117W
YFR004W	YGR123C
YJL094C	YNL197C
YDR318W	YIR010W
YGL151W	YGL158W
YDL053C	YHR135C
YDR224C	YDR334W
YBL032W	YKR042W
YBR036C	YKL154W
YJL107C	YNL255C
YGR090W	YOR294W
YKL137W	YNL255C
YGR263C	YMR070W
YGR086C	YKL049C
YML035C	YPL070W
YGR220C	YLR189C
YDR477W	YIL160C
YBL032W	YGR057C
YOR224C	YPR093C
YDL120W	YKL148C
YLR148W	YML058W
YER094C	YMR314W
YER041W	YPR120C
YGR117C	YPL240C
YDR228C	YHR216W
YHR027C	YPL140C
YBL032W	YBR203W
YHR160C	YIL160C
YDL147W	YIL007C
YBR193C	YIL021W
YER172C	YMR017W
YDR194C	YNL230C
YBR053C	YFR004W
YNL246W	YPL209C
YDR146C	YJL081C
YHR200W	YJL111W
YDL147W	YER151C
YHR107C	YIR010W
YKL203C	YKR093W
YKL160W	YLR219W
YGR040W	YKL104C
YBL032W	YNL192W
YDR477W	YGR043C
YDR411C	YIL030C
YGR275W	YMR194W
YKL193C	YPL174C
YHR087W	YLR340W
YLR371W	YPR165W
YLR196W	YOR267C
YGL077C	YHR094C
YER022W	YPL129W
YBR194W	YGR132C
YKL150W	YPR154W
YDL014W	YOR287C
YDR308C	YGL151W
YGL021W	YKL049C
YFL039C	YMR092C
YLR248W	YNL074C
YBL032W	YCL044C
YFR008W	YPR046W
YKR048C	YOL012C
YER069W	YHR200W
YGL097W	YNL189W
YJL111W	YOR117W
YGL025C	YPL248C
YHR047C	YLR148W
YDL053C	YGR178C
YDL185W	YKL049C
YDL201W	YNL154C
YMR109W	YNL025C
YDR334W	YLR085C
YHR135C	YNL125C
YEL002C	YHL003C
YER136W	YFL038C
YBR023C	YHR123W
YBR097W	YHR005C
YER007C-A	YER151C
YBR045C	YDR103W
YJL030W	YOR276W
YBL072C	YLR340W
YDR130C	YML123C
YDL213C	YPL217C
YBL026W	YJL157C
YIL143C	YJL153C
YBL034C	YER177W
YNL189W	YNL246W
YJR088C	YNL255C
YGL233W	YIL068C
YDL165W	YDR443C
YFL039C	YHR200W
YMR237W	YNL045W
YDL147W	YOR362C
YMR047C	YOR257W
YER172C	YLR117C
YKL049C	YMR001C
YML118W	YNL197C
YHR027C	YLR058C
YCL009C	YFR004W
YBR200W	YJL157C
YIL075C	YJL001W
YBL032W	YNL160W
YDR196C	YNL255C
YNL069C	YOL039W
YER139C	YKL139W
YDR439W	YML034W
YER022W	YGL070C
YBL030C	YMR083W
YKR002W	YLR115W
YHR111W	YML110C
YDL133W	YNL255C
YBR141C	YNL255C
YNL255C	YPR134W
YDR235W	YDR432W
YLR337C	YNL197C
YDR273W	YJL057C
YKL007W	YLR429W
YLR362W	YPL240C
YGR052W	YLR072W
YGR223C	YPL150W
YLR330W	YMR010W
YOL012C	YPL127C
YGR192C	YGR270W
YBL032W	YNR038W
YBL032W	YGR052W
YGR090W	YJL069C
YFL039C	YPL240C
YGL200C	YML012W
YCR033W	YIL068C
YBR252W	YOL113W
YAL005C	YIL075C
YLR315W	YLR432W
YIL097W	YMR135C
YDL126C	YLR207W
YDL161W	YGL206C
YDL126C	YER151C
YBL032W	YMR155W
YNL255C	YPL134C
YJL048C	YKL213C
YDL099W	YHR135C
YGR135W	YJL001W
YBL032W	YNL278W
YDL007W	YHR200W
YKL049C	YML085C
YFR004W	YLR304C
YCR101C	YHL042W
YDL128W	YLR248W
YDR028C	YKL193C
YBL022C	YML029W
YER177W	YOR176W
YIR011C	YKL145W
YDL074C	YOR365C
YDR381W	YGR170W
YDL156W	YJL014W
YEL012W	YPL141C
YBL032W	YOR344C
YDR221W	YHR193C
YJL154C	YKL195W
YJL070C	YJR059W
YGL056C	YKL051W
YKL198C	YOR298C-A
YGL179C	YGR153W
YDR110W	YJL076W
YBL032W	YBL085W
YAL062W	YCR009C
YJL039C	YMR047C
YDL079C	YKL103C
YHR200W	YIL075C
YLR250W	YNL255C
YDL126C	YKL020C
YDR501W	YLR248W
YDR162C	YKL049C
YDL101C	YEL017W
YIR010W	YOR038C
YCL014W	YER177W
YNL189W	YPL240C
YEL024W	YER107C
YOR187W	YPR052C
YJL006C	YMR041C
YER125W	YKL203C
YML042W	YPL209C
YDR224C	YKL049C
YLR254C	YNL103W
YBL032W	YPR063C
YGL249W	YNL197C
YDR494W	YNR036C
YGR123C	YPL240C
YBL085W	YBR102C
YMR154C	YOL016C
YCL056C	YDL157C
YGR262C	YML036W
YJL060W	YLR314C
YGR152C	YJL014W
YJL197W	YJR031C
YJR044C	YNL197C
YHR147C	YNL005C
YGR027C	YOR117W
YDR227W	YNL189W
YDR363W-A	YIL075C
YER179W	YPL121C
YER095W	YKL104C
YHR027C	YKL210W
YIL021W	YJR017C
YGR124W	YHR027C
YDR178W	YPL132W
YDR001C	YHR200W
YIL095W	YLR460C
YHR112C	YNL189W
YDL078C	YPL209C
YBL032W	YHR216W
YER012W	YFL007W
YCR021C	YGL077C
YAL010C	YPL235W
YER136W	YNL135C
YDL180W	YNL197C
YLR106C	YNL255C
YBR028C	YGL059W
YDL022W	YHR200W
YIL142W	YKL198C
YCR077C	YDR381W
YDR432W	YGL049C
YGL166W	YML006C
YLR115W	YML010W
YLL026W	YOL013C
YDR002W	YLR293C
YGR052W	YNL186W
YJL106W	YNL073W
YGL120C	YPR182W
YDR320C	YHR027C
YCR042C	YMR037C
YJR059W	YOR230W
YGR163W	YPL235W
YJL176C	YOL069W
YBR274W	YOR341W
YDR190C	YGR040W
YGL037C	YNL189W
YMR290C	YNR054C
YGL019W	YGR090W
YNL255C	YPR132W
YER151C	YMR105C
YBL032W	YOR019W
YKL139W	YPL133C
YAL005C	YOL149W
YHR158C	YLL021W
YGL120C	YLR293C
YDR224C	YGL241W
YHL019C	YJL164C
YDL111C	YGR195W
YDR143C	YER009W
YCL056C	YOR037W
YJR091C	YPL159C
YJL057C	YMR192W
YBL032W	YNR031C
YAL023C	YGL200C
YDR485C	YOL012C
YGR091W	YNR011C
YDL101C	YMR105C
YAL029C	YOR035C
YCL028W	YNL025C
YLR102C	YMR092C
YCL043C	YGL179C
YBL032W	YKL201C
YDR231C	YNL192W
YCL008C	YLR417W
YBR128C	YLR360W
YIL133C	YMR290C
YBR073W	YML032C
YGL077C	YNL197C
YBL032W	YPL004C
YBL072C	YDR328C
YDR028C	YER155C
YER027C	YER129W
YKL171W	YOL006C
YFL037W	YLR436C
YLR312W-A	YML025C
YIR010W	YOL040C
YER118C	YLR314C
YDR439W	YIR010W
YER018C	YGL060W
YHR027C	YKR039W
YKL114C	YNL255C
YJL074C	YMR124W
YDR477W	YPR156C
YIR010W	YPL209C
YBR289W	YGR275W
YGL157W	YJL023C
YDR143C	YNL189W
YBL032W	YGR249W
YJR156C	YLR423C
YER151C	YGL019W
YML058W	YPL115C
YDR448W	YOL148C
YBL002W	YGR275W
YHR027C	YJR017C
YDL159W	YDR162C
YKL088W	YMR149W
YKL049C	YLR357W
YHR200W	YLR340W
YBR285W	YNL154C
YFR036W	YKL022C
YKL057C	YLR208W
YIL115C	YLR293C
YDR113C	YDR260C
YGL063W	YLL050C
YGL162W	YNL197C
YCR077C	YDR141C
YLR340W	YPL082C
YBL027W	YER151C
YBL032W	YNL008C
YOR117W	YPL028W
YDR146C	YML051W
YGR040W	YNL272C
YBR023C	YLR330W
YDL128W	YPL150W
YNL255C	YOR357C
YBL102W	YLR453C
YBR173C	YKL206C
YDR190C	YML064C
YPL127C	YPL248C
YGL055W	YJR118C
YLL045C	YPL012W
YJR060W	YPR052C
YGL189C	YLR435W
YGL179C	YKR092C
YDR224C	YJL006C
YFR003C	YNL255C
YBR194W	YML049C
YDL126C	YLL045C
YAR019C	YPL141C
YDR085C	YDR381W
YDR280W	YOR076C
YDR127W	YKL104C
YDR318W	YPR046W
YAR019C	YOR018W
YDR359C	YIR001C
YGR241C	YIR006C
YGL104C	YGL212W
YAL034W-A	YPL125W
YNL031C	YPL209C
YDR228C	YDR448W
YDL222C	YDR011W
YDL031W	YMR049C
YGR192C	YIR001C
YBR289W	YDR224C
YLR201C	YML110C
YBR106W	YGL055W
YDL147W	YIL125W
YHR216W	YNL189W
YBR203W	YKR048C
YGL014W	YNR052C
YHR135C	YKL079W
YDR032C	YPL221W
YDR162C	YKR048C
YDL047W	YFR040W
YDL028C	YJR019C
YFR004W	YKR018C
YDL137W	YFR004W
YHR135C	YHR183W
YDR190C	YPL140C
YNL197C	YPL162C
YHR111W	YIL008W
YDR175C	YJR096W
YDR246W	YML077W
YHR023W	YLR196W
YER054C	YKL085W
YGL158W	YNL065W
YDR224C	YKL139W
YCR093W	YNL197C
YCL014W	YHR107C
YLR015W	YLR429W
YDR100W	YPL094C
YER129W	YGL019W
YDR130C	YGR192C
YGL059W	YNL263C
YDL067C	YHR051W
YHL018W	YNL113W
YGL061C	YKR048C
YHR146W	YPL154C
YDR381W	YHR193C
YDR224C	YER012W
YGR249W	YPL203W
YPL127C	YPR052C
YGR223C	YJL164C
YBL032W	YNL154C
YGR086C	YLR429W
YER094C	YGR135W
YFL045C	YHR200W
YLR229C	YNL271C
YIL075C	YJL057C
YBR028C	YHR135C
YCL044C	YMR091C
YDR054C	YMR080C
YDL239C	YLR098C
YJR065C	YLR370C
YDL155W	YIL115C
YBL032W	YCL027W
YBL105C	YCL027W
YJR123W	YMR194W
YBR274W	YGR200C
YHR006W	YNL197C
YDL088C	YER107C
YFR004W	YOR294W
YDR162C	YNL298W
YGL120C	YPL012W
YJR138W	YPL240C
YJL140W	YML010W
YDR138W	YDR381W
YAL005C	YDL139C
YKL145W	YMR191W
YGR040W	YLL022C
YBL002W	YOL012C
YBR202W	YPR019W
YBL072C	YDL148C
YER032W	YHR152W
YGL200C	YLR208W
YJR056C	YPL018W
YBR102C	YPR055W
YIL114C	YMR203W
YBR041W	YHR072W
YGR040W	YMR041C
YDR216W	YLR055C
YBL027W	YDR130C
YBL032W	YPL055C
YJR092W	YKL157W
YDR100W	YER101C
YDR244W	YGR077C
YHR216W	YLR427W
YDL028C	YDR162C
YDL213C	YDR432W
YJL164C	YNL136W
YGR254W	YNL073W
YJL162C	YNL154C
YDL014W	YDR130C
YJL058C	YKL203C
YHR200W	YLR134W
YIR010W	YLR314C
YBL032W	YDL025C
YDL223C	YHR135C
YJL164C	YPL201C
YDR004W	YER095W
YCL032W	YLR229C
YBL032W	YIL011W
YLL036C	YOR148C
YAL029C	YFL039C
YGL163C	YKL085W
YKL049C	YKL104C
YGR222W	YMR257C
YAL005C	YMR066W
YBL027W	YIR010W
YLR033W	YPL082C
YCR002C	YCR009C
YAL034C	YNL197C
YBL059W	YGL070C
YDR130C	YDR318W
YML028W	YNL255C
YDR224C	YPL047W
YOL082W	YPL135W
YBR058C	YPL085W
YBR106W	YDL128W
YKR054C	YMR117C
YIR006C	YNL020C
YBL085W	YDL155W
YDR113C	YDR118W
YBL030C	YGL187C
YBL045C	YGR033C
YBL030C	YPR152C
YDR113C	YIR025W
YBL102W	YOR036W
YDL130W	YER151C
YER101C	YER125W
YMR001C	YPR058W
YNL263C	YOR089C
YGR200C	YNL298W
YDL054C	YOR016C
YHR200W	YKL210W
YGR253C	YOR362C
YBL032W	YJL157C
YDR264C	YMR010W
YER018C	YIR010W
YDL171C	YHR200W
YBR200W	YMR247C
YIL167W	YJR059W
Q0085	YBL099W
YML051W	YOR197W
YKR048C	YOR230W
YJL004C	YPR181C
YAL028W	YOR324C
YFL039C	YGR080W
YDL159W	YLR313C
YKL101W	YMR032W
YER151C	YHR174W
YGR231C	YKL171W
YGL120C	YMR290C
YIL108W	YMR149W
YIL021W	YOR151C
YGR258C	YPL141C
YBL032W	YMR319C
YML123C	YPR156C
YML110C	YNL263C
YDR028C	YLR028C
YDL014W	YOL102C
YJR059W	YKL127W
YBR023C	YDR153C
YER145C	YHR094C
YGL187C	YML042W
YGR007W	YNL255C
YHR135C	YPL240C
YHR135C	YNL025C
YBL026W	YER029C
YCL061C	YOL016C
YAL034W-A	YKL171W
YDR381W	YLR340W
YKL103C	YML064C
YBL067C	YNL255C
YBR136W	YOR260W
YBL002W	YLR385C
YIR037W	YJR009C
YCR093W	YER151C
YAL034W-A	YDR254W
YHR135C	YMR081C
YDL028C	YOL069W
YDR375C	YMR203W
YDL065C	YJL057C
YGL081W	YGR155W
YDR477W	YFR022W
YER089C	YIL033C
YBL032W	YCR105W
YDR113C	YDR477W
YIL115C	YJL041W
YBL032W	YNL298W
YAL016W	YDL188C
YMR072W	YPR052C
YBL023C	YCL061C
YGL006W	YLL048C
YNL138W	YOR087W
YJL106W	YPR067W
YOR117W	YPL248C
YDR381W	YJL125C
YCL028W	YGL025C
YDL239C	YMR117C
YLR216C	YNR032W
YLL028W	YLR413W
YGR167W	YNR031C
YKL139W	YNL031C
YHR193C	YMR049C
YNL048W	YPL078C
YLR345W	YMR261C
YIL095W	YOR093C
YBL045C	YML129C
YDR260C	YNL172W
YDR326C	YIL105C
YGL241W	YLR293C
YER151C	YGL189C
YLR433C	YNL255C
YNL085W	YNL186W
YLR304C	YOR005C
YER105C	YGL201C
YGL223C	YLR423C
YHR110W	YML012W
YDL003W	YDR180W
YMR297W	YOL013C
YBR157C	YKR083C
YLR310C	YMR139W
YBR097W	YFL053W
YGR097W	YPR152C
YDL214C	YPL166W
YHL024W	YJL164C
YLR454W	YML058W
YLL021W	YNL271C
YDR501W	YLL028W
YIL004C	YLR208W
YBR280C	YEL060C
YDL025C	YOR294W
YKL101W	YKR071C
YGL158W	YMR241W
YAR019C	YMR139W
YER125W	YOR018W
YJR056C	YML064C
YLR289W	YPL170W
YHR153C	YJR059W
YMR049C	YOL012C
YDL003W	YJL074C
YDL148C	YLR429W
YBR023C	YHR142W
YDR111C	YER147C
YGR243W	YNL197C
YDR381W	YPR045C
YMR037C	YPL082C
YER172C	YGL128C
YHR152W	YNL302C
YNL272C	YOL113W
YBL026W	YOR159C
YKL171W	YKL203C
YDR477W	YML006C
YER151C	YFL037W
YGL077C	YPL004C
YJL164C	YMR319C
YFL037W	YKR054C
YOR035C	YPL240C
YBR087W	YIR010W
YDR228C	YNL197C
YHR135C	YOL130W
YDL222C	YNL283C
YHR135C	YPR129W
YGR161C	YJR059W
YKL101W	YNL077W
YBL032W	YDL206W
YAL005C	YNL078W
YGL067W	YJL164C
YGL056C	YLR413W
YMR263W	YNL255C
YML123C	YNR075W
YAL016W	YML109W
YJL176C	YNL255C
YER125W	YHR193C
YDL213C	YER151C
YHR034C	YPL235W
YBL032W	YER109C
YBL032W	YDL210W
YML113W	YNL255C
YBL041W	YIL007C
YER022W	YGL025C
YGL167C	YPL235W
YCR093W	YNR052C
YIL062C	YNL073W
YFL039C	YNL272C
YDL028C	YDR383C
YCR036W	YFR004W
YDL101C	YJL111W
YDL110C	YKL015W
YBL032W	YNL053W
YDL005C	YIL021W
YDL060W	YOR145C
YDL007W	YDL036C
YBL032W	YPL128C
YIR035C	YPL001W
YBL099W	YIR010W
YAL005C	YPR129W
YBL075C	YNL124W
YLR314C	YNL255C
YDR259C	YIL153W
YCR021C	YLL043W
YBL032W	YOR315W
YBL002W	YDR432W
YER155C	YGR080W
YCL027W	YNL271C
YBL032W	YDL046W
YGR192C	YNL255C
YHR183W	YMR059W
YIL004C	YIL109C
YBR193C	YGL025C
YNL197C	YPL089C
YLR449W	YOL012C
YLR377C	YNL189W
YBR106W	YOR165W
YDL019C	YPL139C
YEL023C	YML109W
YDL075W	YMR194W
YML010W	YOR341W
YGR275W	YNR023W
YER167W	YGR238C
YDR254W	YNR013C
YDL203C	YLR371W
YGL120C	YPL217C
YBL023C	YBR202W
YBR087W	YER173W
YER105C	YER107C
YDR194C	YPL055C
YHR073W	YHR152W
YER089C	YOR230W
YBL085W	YMR032W
YGR222W	YNR045W
YDL117W	YJL155C
YGL049C	YIR010W
YGL238W	YLR340W
YDR142C	YDR244W
YGL158W	YMR115W
YFL039C	YNL271C
YFR021W	YNR058W
YFR004W	YGR186W
YBR200W	YIL068C
YER018C	YPL133C
YAL034C	YJR123W
YDR127W	YJL008C
YHL010C	YKR017C
YGL105W	YHR135C
YDR189W	YKL196C
YER029C	YML049C
YBL085W	YOL019W
YDR308C	YNL255C
YKL007W	YOR236W
YGL158W	YNL107W
YER122C	YPL141C
YGR270W	YPL082C
YGL078C	YOR117W
YNL197C	YPL137C
YCL010C	YNL255C
YBR217W	YDL147W
YPL194W	YPR052C
YER101C	YMR071C
YDL188C	YPR040W
YHR027C	YJL167W
YER032W	YPL055C
YDL111C	YNR024W
YBL050W	YDR189W
YGL212W	YPL045W
YER027C	YJL217W
YDR436W	YKL193C
YBR284W	YDL238C
YGL105W	YMR059W
YBL085W	YNL025C
YDR032C	YKR003W
YDL003W	YGR184C
YNL154C	YNL192W
YBL032W	YML054C
YJL167W	YJR035W
YFL034W	YHR135C
YBR289W	YER112W
YGR256W	YMR059W
YGL120C	YPL016W
YKR048C	YLR330W
YBR272C	YOR362C
YHR090C	YNL154C
YER018C	YKR054C
YDR381W	YNL230C
YAL053W	YMR238W
YAL005C	YER151C
YBL002W	YOR304W
YJL014W	YNL243W
YDR260C	YKL022C
YDR128W	YHR033W
YGL120C	YOL012C
YEL023C	YJL052W
YGR268C	YOR138C
YDL155W	YHR033W
YDR200C	YML123C
YDR369C	YJR021C
YJL164C	YNL167C
YDR381W	YDR457W
YBL032W	YBR007C
YBL032W	YDR143C
YER012W	YHR174W
YMR091C	YPL082C
YDR190C	YMR072W
YAL016W	YNR032W
YDR479C	YNL263C
YHR005C	YJL197W
YBR200W	YLR229C
YGL206C	YGR167W
YBR283C	YMR149W
YBR193C	YER012W
YGR027C	YIR010W
YKL114C	YLR248W
YJL074C	YMR001C
YLR109W	YLR135W
YDR328C	YOL025W
YHR200W	YKL127W
YDL047W	YDL171C
YDR002W	YOR117W
YBL002W	YNL255C
YKL126W	YKL203C
YJL155C	YLR345W
YKR014C	YNL263C
YGR186W	YNL124W
YBR036C	YDR307W
YDR308C	YMR112C
YDR159W	YFR002W
YDR381W	YKL114C
YDL117W	YER118C
YJL164C	YNL045W
YDL185W	YPR152C
YCR028C-A	YCR033W
YBR251W	YDR175C
YDR457W	YGR052W
YDR288W	YOR352W
YER134C	YHR171W
YBL032W	YIR006C
YFR004W	YNR001C
YBR252W	YDL079C
YLR102C	YML058W
YAL005C	YEL071W
YBL032W	YMR154C
YDL028C	YJR053W
YBR036C	YBR161W
YCL031C	YER118C
YDR085C	YNL197C
YDL076C	YMR263W
YGR181W	YKL195W
YDL188C	YFR050C
YBR208C	YDR328C
YDL222C	YPL221W
YHR123W	YML012W
YDL089W	YML008C
YGL059W	YPL240C
YFR004W	YKL112W
YHR107C	YPL161C
YOR270C	YPL234C
YNL298W	YPR067W
YCR031C	YIR010W
YMR047C	YMR290C
YGL117W	YJR022W
YAL034W-A	YPL018W
YMR112C	YPL082C
YDR477W	YGL073W
YER151C	YMR080C
YAL005C	YOL006C
YDL028C	YER115C
YGR189C	YNL197C
YDL102W	YJR043C
YNL208W	YNL255C
YOL123W	YPR106W
YDL126C	YHR200W
YGR131W	YNL172W
YER142C	YLR432W
YEL002C	YGL226C-A
YNL188W	YPL255W
YER032W	YMR032W
YBR194W	YMR246W
YDR162C	YNL255C
YDL160C	YER151C
YLL026W	YPR062W
YAL016W	YDL134C
YJR110W	YMR049C
YJL074C	YMR065W
YBL039C	YOR388C
YDL213C	YDR224C
YBL041W	YER012W
YDR448W	YPL082C
YBL032W	YPL184C
YJL008C	YJL074C
YJL140W	YOR224C
YGR027C	YHR200W
YBL032W	YPR156C
YCL032W	YLR423C
YLL050C	YLR429W
YGR040W	YHR033W
YNL261W	YPL001W
YHL042W	YNL003C
YFR018C	YNL255C
YLR313C	YLR362W
YIL133C	YNL255C
YDR169C	YJR059W
YDL147W	YER112W
YER112W	YGL049C
YAR003W	YNL031C
YJL069C	YNL132W
YGL049C	YMR255W
YBL032W	YDR221W
YGL129C	YHL004W
YIL120W	YPL240C
YKL090W	YOL117W
YBL032W	YMR109W
YDR130C	YPR120C
YDR016C	YNL255C
YOL028C	YPR046W
YDR259C	YJL164C
YDR190C	YER151C
YER151C	YKL213C
YJL176C	YNR023W
YOR168W	YOR352W
YKL067W	YML064C
YML051W	YPL248C
YGR223C	YMR109W
YAL034W-A	YGL093W
YDR201W	YOL069W
YBL032W	YHR036W
YER177W	YPL267W
YIR010W	YOR361C
YCL009C	YMR108W
YBL032W	YPL253C
YDR159W	YJR042W
YBR058C	YLR377C
YDR501W	YPL221W
YJL001W	YKL145W
YJR059W	YPR107C
YCR082W	YDR448W
YBR254C	YPL235W
YLR433C	YNL085W
YBR136W	YLR025W
YDL014W	YKL021C
YDR448W	YER018C
YHR107C	YNL298W
YDR328C	YPR181C
YMR037C	YNL136W
YDL126C	YKR083C
YDL002C	YLR357W
YBR194W	YLR072W
YDR118W	YFR036W
YHL003C	YPL094C
YJL099W	YMR237W
YBR106W	YHL042W
YDL147W	YGR232W
YHL003C	YMR298W
YDR224C	YPL082C
YMR112C	YPL042C
YIR006C	YJR065C
YHR110W	YOR016C
YGR098C	YHL025W
YBL032W	YGL014W
YGR284C	YLL023C
YJL006C	YKL091C
YDL239C	YKL103C
YNL255C	YOR148C
YJR118C	YPL094C
YMR246W	YPR152C
YBL056W	YGR205W
YGR048W	YML023C
YNL136W	YNL246W
YDR190C	YOR229W
YBR217W	YKL104C
YBR272C	YDL147W
YDR254W	YJL105W
YHR111W	YIR010W
YCL014W	YPL240C
YKL049C	YMR212C
YMR184W	YPL203W
YKL002W	YLR025W
YDR227W	YPL248C
YHR070W	YJL154C
YDR088C	YDR364C
YBR086C	YOR267C
YGL151W	YNR010W
YGL059W	YJR059W
YDR477W	YOR054C
YOL041C	YPL012W
YLR432W	YMR290C
YDR002W	YKR048C
YLR218C	YNL255C
YFR021W	YLR094C
YFR004W	YPR131C
YKL093W	YPL203W
YKL049C	YPR024W
YGL128C	YML049C
YBL030C	YIL022W
YER125W	YPL084W
YHR080C	YPL240C
YNL103W	YNL272C
YBL056W	YHL030W
YGL059W	YKR092C
YNL197C	YOR298C-A
YCR009C	YER125W
YNL255C	YOR286W
YDR128W	YFL016C
YLL004W	YNL031C
YDL022W	YFR004W
YML025C	YNL255C
YDR392W	YDR448W
YDL188C	YHR135C
YGR270W	YLR449W
YGR040W	YOR003W
YDL135C	YPR156C
YGR275W	YMR091C
YIL021W	YPL178W
YDL148C	YPL240C
YDR381W	YLR435W
YBL075C	YIL004C
YDR280W	YLR432W
YDR159W	YER107C
YPL150W	YPL209C
YPL269W	YPR120C
YDR432W	YKR095W
YKL142W	YKL157W
YDL147W	YGR135W
YDR152W	YGR173W
YDL139C	YMR109W
YFL039C	YLL050C
YDL101C	YDR523C
YDR096W	YDR227W
YGL201C	YPR019W
YHR027C	YMR091C
YDL006W	YDR162C
YMR117C	YPL016W
YHR107C	YMR001C
YHR072W	YML008C
YBR252W	YBR274W
YBR194W	YKL145W
YGR048W	YPR154W
YGL179C	YNL186W
YNL197C	YOR137C
YIR010W	YOR109W
YKL029C	YKL104C
YHR135C	YJL166W
YLR304C	YMR049C
YDL239C	YLR423C
YIL125W	YNL069C
YNL113W	YOR341W
YDR032C	YNL283C
YDL088C	YER105C
YHR147C	YNL284C
YKL016C	YPL078C
YKL213C	YNL255C
YGL145W	YLR440C
YHR001W	YKL212W
YKL101W	YMR239C
YBR106W	YKL088W
YIL149C	YKR095W
YJL030W	YPR029C
YBL067C	YHL002W
YCL014W	YKL049C
YFR004W	YLR248W
YGR223C	YOR089C
YHR073W	YKL212W
YMR231W	YPL045W
YLR248W	YMR319C
YBL056W	YCR009C
YGR270W	YMR091C
YDR323C	YOR036W
YDL210W	YKL171W
YGL105W	YOL113W
YGR200C	YJR127C
YHR200W	YNR035C
YLR370C	YNR035C
YLR435W	YPL146C
YGR175C	YNL272C
YBL032W	YOR003W
YDR138W	YLR423C
YGL252C	YPL004C
YKL012W	YOR159C
YNL154C	YOR168W
YJL069C	YOR145C
YIL124W	YMR149W
YAL028W	YPL094C
YCR028C-A	YPR129W
YDR173C	YNL255C
YBL032W	YML015C
YKL049C	YPL018W
YGR037C	YGR136W
YDL111C	YOR076C
YGL120C	YJL122W
YBL032W	YER018C
YHR148W	YKR060W
YBL099W	YJL180C
YIR010W	YKL214C
YEL030W	YNL230C
YDL002C	YOL069W
YDR381W	YLR115W
YKL049C	YMR246W
YBR106W	YGR289C
YER112W	YOR167C
YHR174W	YPR129W
YNL255C	YOL071W
YBR173C	YKL145W
YBR248C	YNL255C
YOR357C	YPL246C
YBR106W	YHR140W
YGR040W	YML123C
YBR052C	YGL077C
YBL085W	YLR314C
YDL047W	YNL101W
YBR217W	YPL149W
YDR363W-A	YGR232W
YGR223C	YLR377C
YDL006W	YDR103W
YAL005C	YIR010W
YKL100C	YMR170C
YHL003C	YMR149W
YGR043C	YJL057C
YJR068W	YNL255C
YBL032W	YIL122W
YDL147W	YOR269W
YBR194W	YDR310C
YDL101C	YER173W
YFR004W	YOL123W
YJL006C	YNR033W
YER125W	YML123C
YML035C	YNL197C
YDL239C	YOL069W
YOR117W	YPL048W
YDR152W	YPR106W
YEL002C	YML012W
YLR423C	YOR117W
YBL032W	YDR228C
YML049C	YPL178W
YBL026W	YGR091W
YER125W	YNL136W
YNL113W	YPR049C
YBR106W	YPL189W
YMR305C	YNL197C
YFL038C	YGR172C
YCL031C	YNL186W
YML032C	YPL194W
YKL219W	YLL061W
YEL071W	YER151C
YBR194W	YJL176C
YHR134W	YKL145W
YHR161C	YIL095W
YKL091C	YNL154C
YFL040W	YHL042W
YFL038C	YFR004W
YDL025C	YOL041C
YGR195W	YPR072W
YJR022W	YPR191W
YHL024W	YHR135C
YKL196C	YNL258C
YIR010W	YMR246W
YJR059W	YNL077W
YFR036W	YMR001C
YKL101W	YML042W
YGR023W	YNL197C
YER125W	YKR097W
YML008C	YMR059W
YHR090C	YNL107W
YER151C	YKR092C
YKL062W	YMR172W
YHR023W	YKL079W
YNL255C	YPL079W
YDL195W	YGL200C
YNL222W	YOR151C
YGR090W	YJL109C
YDL164C	YER173W
YMR203W	YNL026W
YDR130C	YER155C
YBL034C	YOL069W
YDL079C	YGR200C
YBR023C	YER166W
YLL004W	YPR120C
YDR383C	YPR046W
YHL004W	YPL118W
YHR174W	YOR117W
YBR200W	YDR277C
YAL005C	YGL093W
YER161C	YOL041C
YNL329C	YOL044W
YDR307W	YJL196C
YIR038C	YPL246C
YJR059W	YNL186W
YDL030W	YGR091W
YGL108C	YLR246W
YNL222W	YOR179C
YDL213C	YDR194C
YBL075C	YKL088W
YKL163W	YNL197C
YEL002C	YHR039C
YGL256W	YHR135C
YBR036C	YPL264C
YFR051C	YNL258C
YHR200W	YJR104C
YGR192C	YNL189W
YDR328C	YKR014C
YBL026W	YPL115C
YAL054C	YNL189W
YBL032W	YLR055C
YBR039W	YDR168W
YDL137W	YDR100W
YBL030C	YFR004W
YJL030W	YJL206C
YBR073W	YER179W
YNL255C	YOR232W
YFR004W	YLR438W
YDR517W	YIL109C
YFL016C	YIR010W
YBR106W	YDR508C
YFL008W	YPL016W
YBL106C	YPL174C
YFR050C	YJL001W
YJR090C	YMR032W
YMR239C	YOL010W
YJR053W	YMR001C
YDR247W	YPL217C
YHR027C	YHR193C
YLR417W	YPL240C
YBR102C	YJL085W
YHL024W	YHR205W
YDR497C	YNL217W
YDR247W	YMR270C
YGR188C	YIR010W
YEL027W	YLR034C
YBL032W	YGR150C
YGL212W	YPL246C
YGL115W	YOR018W
YJL164C	YPL056C
YJL164C	YOR151C
YBL104C	YNL197C
YKR075C	YNL197C
YHR186C	YLR377C
YBL030C	YGL191W
YGL019W	YNL255C
YDR138W	YNL253W
YIR010W	YMR255W
YBR200W	YOR122C
YNL197C	YPR181C
YAL023C	YDR057W
YDR363W-A	YHR027C
YBR200W	YCL031C
YDL222C	YOL105C
YMR276W	YNL268W
YGL078C	YHR115C
YHR118C	YPR120C
YJR059W	YOR229W
YJR091C	YML015C
YIL007C	YOR117W
YJL164C	YPR040W
YGL212W	YGR172C
YDR363W-A	YHR200W
YAL016W	YNL127W
YBL032W	YNL124W
YNL069C	YOL040C
YER125W	YKL020C
YDL147W	YFL007W
YDR318W	YER018C
YFR004W	YHR183W
YBR108W	YPL141C
YBL086C	YNL154C
YBL075C	YPL042C
YIL037C	YMR059W
YDR343C	YNL032W
YCL028W	YPL129W
YFR004W	YJR073C
YJL137C	YNL197C
YAL029C	YHR023W
YHR140W	YNL048W
YGL055W	YHR200W
YER022W	YGL158W
YHR128W	YML085C
YNL189W	YPL111W
YCL024W	YDL006W
YDL239C	YOR324C
YNR023W	YPL248C
YGR086C	YIR010W
YGR258C	YLR430W
YBR173C	YJL001W
YER067W	YFR004W
YDR523C	YPL133C
YBL032W	YKL146W
YDR457W	YJR017C
YDR477W	YKL139W
YDR216W	YOR208W
YIL075C	YOR362C
YGR270W	YOR039W
YER115C	YLR310C
YDR448W	YPR173C
YGL209W	YHR135C
YHR027C	YIL075C
YGR172C	YPL018W
YNL255C	YPL028W
YBR072W	YOL039W
YER012W	YHR033W
YDL165W	YKL002W
YLL026W	YPR173C
YLR148W	YMR231W
YNL255C	YNR041C
YDR105C	YGL006W
YBR086C	YNL154C
YJL082W	YNL197C
YMR004W	YPL209C
YMR255W	YNL255C
YBR229C	YDR221W
YBR203W	YDR328C
YGR090W	YNR054C
YBR194W	YER172C
YKL161C	YPL140C
YDR323C	YLR148W
YKL104C	YNL298W
YHR174W	YIR010W
YIR010W	YMR117C
YHR107C	YMR117C
YGR040W	YKR048C
YLR100W	YML008C
YCR005C	YJL042W
YEL058W	YHR200W
YBL032W	YBR157C
YDL030W	YOR319W
YBL032W	YDR076W
YNL255C	YNL302C
YER067W	YNL255C
YNL271C	YPR152C
YJL140W	YPL129W
YJR130C	YPL042C
YDR128W	YLR208W
YKL171W	YPR063C
YJR035W	YMR226C
YER029C	YPR152C
YBR024W	YHL042W
YBL032W	YML058W
YHR073W	YHR135C
YJL058C	YML064C
YFR041C	YGL256W
YDL047W	YOR267C
YGL077C	YLL028W
YGR165W	YPL013C
YGR090W	YIR001C
YBL032W	YDR485C
YLR432W	YNL230C
YJR059W	YOR070C
YNL243W	YNL298W
YBL032W	YDL106C
YBL052C	YOL012C
YDL147W	YOR157C
YDL155W	YGL197W
YBR128C	YDL185W
YBL032W	YML116W
YOL147C	YPR128C
YDR081C	YKL104C
YIL109C	YKL103C
YJL057C	YMR276W
YDR225W	YJL081C
YMR080C	YOR076C
YDR057W	YML029W
YGL059W	YKL171W
YLR328W	YLR438W
YCR033W	YPL055C
YKR029C	YNL031C
YJL167W	YPL149W
YBR274W	YMR146C
YML010W	YPR052C
YDR332W	YJL107C
YGR124W	YLR196W
YDL227C	YPL125W
YHL002W	YNR052C
YER167W	YGR040W
YDL047W	YIL142W
YBL032W	YLR080W
YBR068C	YPL246C
YGR048W	YGR178C
YOL148C	YPL248C
YKL051W	YPR156C
YHL030W	YIL075C
YKR092C	YLR429W
YDL213C	YFR032C
YIL157C	YML129C
YJL099W	YLR330W
YCL024W	YHR107C
YDL014W	YGL049C
YMR072W	YOL012C
YJR138W	YLR208W
YAR042W	YBL032W
YNL154C	YOR177C
YDR127W	YOR136W
YBR072W	YNL255C
YCR005C	YLR055C
YBL032W	YKL062W
YKL103C	YOR136W
YFR004W	YGR175C
YCL052C	YEL060C
YGL158W	YPL042C
YCR077C	YDL160C
YDL047W	YLR248W
YOL082W	YPL141C
YIL021W	YNR010W
YJR059W	YKL080W
YAL016W	YNL255C
YBL034C	YMR117C
YMR074C	YNL255C
YNL052W	YPL216W
YER062C	YFR004W
YLR218C	YLR429W
YGR037C	YOL152W
YML113W	YNL197C
YBR217W	YHR171W
YDR448W	YMR223W
YEL058W	YFR004W
YJL041W	YML025C
YJR060W	YNL103W
YDR328C	YOL117W
YJR091C	YKL113C
YGL006W	YHR094C
YBL032W	YLR187W
YDL144C	YDR088C
YGL104C	YML075C
YLR034C	YNL197C
YGR284C	YGR289C
YDL213C	YMR049C
YBL105C	YMR113W
YFL039C	YNL189W
YBR194W	YPR091C
YDR310C	YNL261W
YMR072W	YPL001W
YFR015C	YGL200C
YLR141W	YMR270C
YLR377C	YOL126C
YDL239C	YDR273W
YDL147W	YOL126C
YDL131W	YDR143C
YDL025C	YJL105W
YER012W	YKL145W
YKL049C	YMR207C
YER167W	YHR158C
YDR307W	YKL154W
YBL027W	YLL045C
YDL074C	YPL141C
YKL060C	YPR152C
YBL023C	YKL049C
YER112W	YML049C
YDR143C	YJL052W
YHR135C	YJR104C
YDR479C	YGR149W
YKL051W	YOR273C
YHL002W	YOR076C
YPL155C	YPL269W
YJR059W	YML118W
YHL030W	YIL095W
YML126C	YMR059W
YDR073W	YPL129W
YCR061W	YPR058W
YBL032W	YKL093W
YBR283C	YHR200W
YDR168W	YGR040W
YDL030W	YLR117C
YEL027W	YPL234C
YDR381W	YGL213C
YDR381W	YER050C
YDR143C	YJR009C
YDL117W	YGR037C
YDR032C	YER145C
YBL030C	YEL024W
YLR285W	YPL150W
YIL093C	YNR037C
YML085C	YMR001C
YBR077C	YGR163W
YBR182C	YNL167C
YDR477W	YPL042C
YBL036C	YMR319C
YDR131C	YOL133W
YML015C	YPL129W
YGR284C	YOL132W
YAL028W	YDL239C
YBR105C	YMR135C
YDR318W	YPL018W
YBR193C	YCL028W
YLR304C	YOL006C
YFL011W	YPL240C
YDR448W	YPL047W
YAL010C	YNL026W
YGR040W	YPL049C
YDR276C	YMR149W
YBL032W	YOR388C
YGL187C	YLR203C
YDR277C	YMR109W
YDL025C	YER155C
YER186C	YNL255C
YFR004W	YGL055W
YLR315W	YPL018W
YFR004W	YKL196C
YDR523C	YEL060C
YCR032W	YDL147W
YGR192C	YGR254W
YEL041W	YHR115C
YFL039C	YNL107W
YEL023C	YOR305W
YHR027C	YKL127W
YDL047W	YDR465C
YBR283C	YOR016C
YML079W	YNL255C
YDR030C	YIL142W
YCL032W	YGL157W
YBR036C	YLL048C
YHR027C	YKL171W
YOR039W	YOR287C
YBR072W	YJR043C
YGR184C	YHR183W
YIR010W	YOR304W
YFR019W	YNL135C
YKL145W	YPL094C
YHR193C	YIR010W
YDR295C	YNL154C
YIR025W	YLR102C
YFR036W	YNL197C
YGL167C	YGR231C
YMR192W	YPR154W
YBR254C	YEL048C
YGL166W	YNL255C
YCL014W	YJL052W
YBL104C	YER172C
YDL147W	YJL001W
YLR427W	YNL132W
YNR052C	YPR046W
YDR100W	YGR223C
YCR046C	YNL005C
YFR004W	YPL129W
YGL200C	YHR140W
YDR392W	YMR223W
YJR042W	YLR371W
YJL164C	YNL189W
YFL008W	YJL026W
YBL032W	YDL224C
YBL032W	YHR152W
YMR194W	YOL040C
YBL032W	YLL048C
YML012W	YPL246C
YNL085W	YOL133W
YER112W	YOR039W
YDR508C	YIL114C
YGL151W	YHR058C
YLL043W	YOL123W
YGR275W	YNL298W
YEL047C	YMR091C
YMR233W	YNL154C
YBL032W	YPL049C
YFR004W	YOR109W
YBR028C	YJR059W
YBL032W	YMR276W
YAL034C	YBL032W
YNL197C	YPL116W
YDL028C	YER018C
YNR011C	YPL012W
YNL255C	YOL133W
YGR165W	YNR036C
YDR420W	YNL197C
YKL142W	YNL255C
YDL030W	YPR182W
YDL007W	YFR004W
YNR054C	YPL240C
YBR080C	YBR200W
YLR429W	YOL012C
YER151C	YPR152C
YIR010W	YPR046W
YCL031C	YGR090W
YLR248W	YPL078C
YGL198W	YOR132W
YMR017W	YOR036W
YKL144C	YNL113W
YGR038W	YJR059W
YDL111C	YJR022W
YBL041W	YOR362C
YGL025C	YPL042C
YLR248W	YPL150W
YDL053C	YPL042C
YLR438W	YMR059W
YBR274W	YDR113C
YGR149W	YNL181W
YGR232W	YNL255C
YGL059W	YIL135C
YDR001C	YER177W
YHL004W	YHR147C
YMR311C	YNL255C
YGL073W	YMR037C
YJL014W	YJL111W
YDL075W	YOL040C
YAL005C	YLR357W
YDR453C	YJR085C
YJR045C	YNL078W
YJL052W	YOR117W
YDR110W	YHR152W
YNL216W	YPR052C
YDL047W	YMR145C
YGR192C	YPL240C
YDR328C	YNL255C
YGL115W	YGL208W
YJL154C	YOR132W
YLR192C	YPL209C
YBL045C	YOR065W
YCR028C-A	YER151C
YDL101C	YKR097W
YDL007W	YDL020C
YDR143C	YOL117W
YDR294C	YHR027C
YHR094C	YKL203C
YHR090C	YJL081C
YBR194W	YPL237W
YDR280W	YHR069C
YHL025W	YPL016W
YDR159W	YIL115C
YJR089W	YPL209C
YHR135C	YPL078C
YGL081W	YKL104C
YNL263C	YPL203W
YPL174C	YPR165W
YDL126C	YJR059W
YGR141W	YNL255C
YNL186W	YPL240C
YKL049C	YLR259C
YHR200W	YIL109C
YER172C	YOR159C
YER151C	YFL033C
YNL189W	YOR155C
YER119C	YPL240C
YHL030W	YHR027C
YCR073W-A	YDL214C
YDR381W	YHR185C
YHR183W	YPL240C
YDR225W	YGR275W
YAL005C	YNL025C
YJL176C	YMR224C
YIR038C	YMR149W
YHR094C	YPR156C
YDR195W	YKR002W
YMR117C	YMR224C
YNL255C	YOR054C
YMR001C	YPL154C
YCR031C	YMR194W
YDR159W	YDR363W-A
YLR228C	YPL042C
YBR200W	YPL232W
YDL160C	YHR027C
YCR002C	YJL014W
YDL120W	YOR176W
YDL025C	YGL105W
YCL024W	YNL078W
YBR289W	YHL025W
YCR084C	YDL005C
YLR021W	YOR157C
YDR477W	YHR207C
YMR139W	YNL197C
YLR262C	YLR304C
YDL190C	YPL240C
YLL028W	YOR016C
YNL031C	YOL012C
YDR075W	YDR225W
YBL032W	YNL167C
YDR152W	YPL141C
YFL039C	YOL012C
YLR187W	YNL197C
YCR082W	YFL008W
YBL032W	YDR492W
YDL141W	YMR239C
YDR113C	YHR135C
YDR381W	YNL293W
YDR477W	YJR019C
YFL044C	YGR048W
YFR004W	YPL225W
YBR041W	YGR192C
YFR004W	YKL157W
YBL032W	YIL119C
YHR069C	YNR024W
YDR190C	YDR225W
YDL003W	YLR399C
YJL014W	YKL088W
YFR004W	YJL101C
YCL027W	YLL021W
YER151C	YIL142W
YDR071C	YFR004W
YAL005C	YLL010C
YGL095C	YOR036W
YDR225W	YJL176C
YDL078C	YPL240C
YDR178W	YKL141W
YBL032W	YNL078W
YFR021W	YHR103W
YDL160C	YGR091W
YNL031C	YNL246W
YBL023C	YGR040W
YDL028C	YNL186W
YDR477W	YER129W
YDL147W	YKL145W
YOL016C	YPR152C
YPR034W	YPR081C
YCL040W	YFR004W
YBL032W	YFR008W
YNL255C	YOR298C-A
YNL268W	YPL240C
YKL088W	YNL255C
YAL034W-A	YJL057C
YDR516C	YER125W
YGR048W	YKL213C
YGL206C	YHR161C
YDR130C	YMR319C
YFR017C	YPR184W
YJR053W	YOR373W
YNL255C	YPL178W
YJL099W	YKR027W
YDL022W	YHR027C
YIR009W	YLR456W
YOR117W	YPR163C
YDL214C	YGR249W
YAL002W	YMR231W
YGL105W	YJR059W
YHR135C	YLR438W
YJR053W	YMR319C
YMR314W	YOR157C
YAL028W	YJL106W
YMR115W	YPR024W
YDL014W	YIR001C
YER151C	YML010W
YGR040W	YNL085W
YDR328C	YLR293C
YDL030W	YDR328C
YGR255C	YOL096C
YDR011W	YHR094C
YBR194W	YPL070W
YKL088W	YOR054C
YER105C	YLR208W
YDR225W	YKL139W
YLR423C	YML064C
YFR004W	YIR035C
YNL136W	YNL154C
YDR479C	YGR284C
YBL030C	YOR176W
YDL014W	YER147C
YNL188W	YOR257W
YDL053C	YEL048C
YLR221C	YNL154C
YGL158W	YJL176C
YDL014W	YOL010W
YER151C	YKL035W
YBL032W	YJR095W
YCR037C	YHL042W
YJL041W	YPL012W
YFR004W	YMR080C
YBL032W	YJR106W
YJL014W	YOR165W
YML085C	YOL111C
YJL085W	YLR247C
YAL005C	YDL019C
YOR136W	YPR111W
YGL201C	YOR157C
YDR141C	YNL297C
YKL145W	YOL013C
YNL031C	YPL116W
YMR194W	YNL298W
YOR151C	YPR093C
YBL045C	YLR132C
YNL243W	YNR035C
YDR143C	YGL078C
YER094C	YFR004W
YFL008W	YPR046W
YNL255C	YPL196W
YGL056C	YGL179C
YCL032W	YHL024W
YDR175C	YPL013C
YDR227W	YDR310C
YFL042C	YGR017W
YBL032W	YOL136C
YDR159W	YDR264C
YDR293C	YML064C
YER179W	YML064C
YKL022C	YPR152C
YKL049C	YPL235W
YDL014W	YHR200W
YML049C	YNR011C
YNL172W	YOR315W
YHL003C	YHR110W
YHR200W	YML008C
YFL054C	YHR135C
YBR251W	YPL013C
YIR025W	YPL018W
YGL213C	YKL015W
YBL032W	YPL082C
YBL056W	YBR039W
YIL133C	YNL132W
YDR229W	YGL179C
YCL008C	YMR032W
YDR122W	YGR238C
YFL046W	YNL255C
YLR315W	YPR046W
YFL039C	YLR399C
YNL125C	YPL240C
Q0085	YBR039W
YER177W	YLR028C
YDR516C	YOR270C
YKL129C	YMR109W
YDR308C	YNR010W
YDR022C	YPL166W
YKL060C	YPR093C
YDR225W	YGL097W
YOR257W	YPL116W
YAL031C	YCL027W
YDR159W	YPR152C
YDL028C	YKR096W
YEL002C	YGL022W
YGR052W	YJL051W
YGL053W	YIL109C
YIR010W	YOL041C
YDL075W	YHR200W
YLR242C	YNL154C
YJR045C	YLR369W
YDR206W	YJL030W
YBL032W	YDR508C
YKL022C	YLR102C
YJL076W	YMR001C
YDR032C	YGL115W
YKL101W	YOR168W
YLL036C	YNL302C
YBL032W	YNL020C
YBL039C	YKL029C
YIL008W	YNL255C
YDR497C	YER145C
YDL239C	YOR177C
YBL097W	YDR439W
YBR114W	YPL154C
YDL089W	YDR439W
YGR040W	YLR362W
YML049C	YOR319W
YFL008W	YMR001C
YNL255C	YOL143C
YKL101W	YLR011W
YLR385C	YNL107W
YML051W	YNR010W
YLR377C	YOR070C
YER095W	YJR009C
YFL007W	YML109W
YAL023C	YML130C
YDL030W	YER029C
YBR280C	YDR054C
YGR263C	YLR433C
YDR359C	YNL136W
YBR077C	YMR004W
YER177W	YJL076W
YFR053C	YLR135W
YGR155W	YOR117W
YDR156W	YPR049C
YBR287W	YPL235W
YGL128C	YLR117C
YER054C	YGL134W
YER062C	YHL032C
YHR027C	YJL111W
YHR200W	YJR009C
YPL012W	YPL141C
YNL255C	YPL237W
YBR194W	YGR086C
YBL025W	YLR141W
YJL085W	YLR229C
YLR410W	YNL154C
YFL039C	YHR027C
YBR194W	YGR254W
YDL126C	YDR057W
YDR142C	YHR160C
YFR004W	YPL145C
YBR289W	YPL016W
YDR190C	YGR270W
YLR098C	YPL149W
YFR004W	YLR208W
YBR036C	YIL114C
YIL093C	YPL013C
YDR284C	YNL111C
YNR023W	YPL016W
YBL032W	YJR021C
YAL029C	YLR196W
YOR038C	YPL082C
YNL255C	YPL013C
YNL031C	YOL006C
YDR032C	YHR027C
YMR032W	YNL271C
YNL255C	YOL006C
YNL255C	YNL261W
YHR200W	YNR043W
YBL032W	YKL101W
YBL032W	YOR373W
YDR315C	YOR078W
YDR054C	YOL063C
YKL101W	YPL048W
YHR107C	YKL101W
YMR146C	YNL255C
YLR345W	YOR219C
YHR027C	YHR128W
YNR011C	YPL178W
YMR109W	YOR247W
YGL179C	YHR205W
YNL261W	YPR164W
YGR040W	YLR307W
YGR090W	YLL019C
YDR485C	YJL081C
YPL042C	YPL246C
YLR079W	YPR120C
YKL144C	YNL255C
YGL019W	YHR205W
YDR381W	YIR010W
YFL016C	YFR019W
YBL085W	YKL218C
YGR136W	YNL293W
YBL032W	YJR108W
YMR112C	YNR010W
YFR004W	YKL213C
YKL139W	YLR432W
YIL022W	YNL131W
YLR399C	YNL107W
YLR432W	YPR152C
YDL203C	YNL154C
YIR010W	YJL154C
YIR010W	YJR068W
YER141W	YJL014W
YER027C	YGL115W
YLR028C	YPL004C
YIL105C	YPR152C
YNL005C	YNL252C
YGL078C	YLR196W
YER172C	YFR019W
YML010W	YML035C
YDL111C	YDR280W
YMR139W	YPL141C
YGL179C	YKL206C
YBL032W	YNL197C
YGR186W	YNL255C
YFR004W	YOR362C
YLR423C	YMR124W
YDL117W	YMR032W
YDL214C	YOL065C
YDL185W	YLR090W
YBR029C	YIR038C
YNL255C	YOR159C
YDL126C	YKL204W
YBR176W	YKL101W
YHR190W	YNL083W
YDR100W	YDR501W
YHR027C	YMR191W
YGL206C	YOR109W
YNL255C	YOR332W
YER118C	YMR032W
YMR072W	YOL006C
YAL034W-A	YDL028C
YJL164C	YOR083W
YDR129C	YLR203C
YDR364C	YIL030C
YBL032W	YER039C
YDL147W	YFR050C
YBL032W	YML117W
YFL039C	YLR196W
YOR304W	YPL082C
YAL005C	YPL110C
YGR178C	YNL298W
YIR010W	YPL129W
YDR354W	YER065C
YHR200W	YJR065C
YHR174W	YNL127W
YDR260C	YFR036W
YCR036W	YNL255C
YMR184W	YNL255C
YBL099W	YHR027C
YDL019C	YER120W
YGL055W	YIL027C
YNL117W	YOL147C
YER136W	YOR089C
YBL032W	YPL140C
YCL028W	YHR058C
YDL002C	YNL255C
YDL165W	YNL315C
YGR161C	YKR027W
YDR477W	YJL076W
YGR270W	YJR068W
YLR098C	YPR049C
YCR046C	YOR150W
YGR192C	YJL039C
YFR004W	YIL033C
YDR138W	YKL049C
YCR002C	YJR092W
YDR190C	YDR334W
YDL188C	YML109W
YMR072W	YNL255C
YLR429W	YMR109W
YOR009W	YPL240C
YDR140W	YNL255C
YBR040W	YCL040W
YDR088C	YDR110W
YJL014W	YOR356W
YNL272C	YOR267C
YDL214C	YJL066C
YHR039C	YML012W
YBR207W	YOL132W
YNL005C	YNL255C
YDR377W	YKL016C
YHL004W	YLR432W
YJR059W	YLR133W
YAL053W	YBR023C
YAL021C	YGR184C
YER151C	YKL104C
YBL022C	YLR340W
YGL077C	YHR001W
YER151C	YER177W
YNL154C	YNL189W
YER151C	YML028W
YAL023C	YML029W
YHR200W	YPL028W
YDL223C	YNL154C
YJL014W	YLR314C
YHR174W	YNL192W
YLR185W	YNL255C
YBR114W	YCR028C-A
YGL059W	YHR207C
YDR190C	YLR085C
YBL032W	YDR169C
YJL164C	YJL167W
YER179W	YFL016C
YGR135W	YNL255C
YDR178W	YMR032W
YBR080C	YLR043C
YGR170W	YJR059W
YHR205W	YNL167C
YIR009W	YNR011C
YLR289W	YNL255C
YDL002C	YGR192C
YLR373C	YPL128C
YNL126W	YNL188W
YDL030W	YHR152W
YBR080C	YJL030W
YCL024W	YKL091C
YDL003W	YOR232W
YDR076W	YER095W
YIR010W	YKL060C
YOR136W	YPL235W
YBR217W	YLL042C
YBL002W	YDR334W
YBL105C	YMR149W
YGL200C	YKL154W
YDL018C	YHR110W
YPR024W	YPR152C
YJL106W	YNL074C
YLR427W	YLR432W
YDL188C	YGR161C
YKL007W	YPR093C
YBR207W	YJL154C
YBR182C	YER062C
YDR050C	YDR161W
YEL017W	YMR001C
YJL176C	YMR072W
YAL040C	YJL013C
YLR115W	YPL240C
YBL032W	YML115C
YBR274W	YDR439W
YKL091C	YPL209C
YCR046C	YHR147C
YGL067W	YOR257W
YDL014W	YLL036C
YER029C	YGR091W
YDL002C	YNL154C
YOR229W	YPL240C
YHR070W	YPL240C
YNL135C	YPR093C
YFR002W	YML025C
YFR050C	YGR253C
YLL026W	YMR047C
YNL255C	YNL293W
YGL134W	YLR218C
YDR100W	YGL077C
YER018C	YMR117C
YFL045C	YML064C
YCL035C	YKL126W
YDR523C	YLR216C
YBR233W	YDR473C
YJL081C	YNL107W
YGR232W	YOL117W
YBL097W	YJR089W
YBL026W	YER112W
YER105C	YMR047C
YKL129C	YNL025C
YBR235W	YLR034C
YBL085W	YCL031C
YHR131C	YLR248W
YDR139C	YNL255C
YML085C	YNL148C
YGL073W	YLL019C
YLR025W	YPL084W
YBL032W	YLR432W
YBR094W	YPL240C
YJL081C	YPL082C
YGL145W	YKL196C
YGL252C	YNL076W
YDL088C	YJL039C
YMR109W	YNL271C
YJL154C	YJR110W
YDR032C	YKL051W
YLR228C	YMR070W
YHR027C	YHR094C
YBL032W	YPR198W
YBL032W	YKL151C
YFL037W	YML058W
YKL022C	YKL145W
YFL007W	YGR135W
YHR200W	YNL069C
YER155C	YHR158C
YBL032W	YGL231C
YBL039C	YER151C
YER151C	YOL117W
YER125W	YGL087C
YLR385C	YLR399C
YER139C	YHR135C
YDR195W	YNL222W
YOL013C	YPL240C
YBR036C	YHR140W
YMR315W	YPR152C
YNL172W	YOR179C
YBR058C	YOL006C
YCR084C	YKL213C
YER050C	YPL013C
YFL037W	YOR136W
YDL135C	YHR135C
YGL077C	YPR138C
YER162C	YFR021W
YBR106W	YPL264C
YBL026W	YPL042C
YBR106W	YCR061W
YGL115W	YJR083C
YLR207W	YOL013C
YJL106W	YLR457C
YBL034C	YER018C
YDR320C	YGR155W
YBL032W	YOR219C
YDR477W	YGL023C
YGL100W	YHL023C
YDR477W	YOR018W
YAL034W-A	YKL103C
YIR009W	YPL016W
YJL014W	YMR237W
YDL161W	YIR006C
YER151C	YFL045C
YBL045C	YJL143W
YGR270W	YKR092C
YDL074C	YFL008W
YIL095W	YMR239C
YCR084C	YLR313C
YDR195W	YPR107C
YDL185W	YPL234C
YIL007C	YKL145W
YFL039C	YNL138W
YBR202W	YGL201C
YBL032W	YHR131C
YGL100W	YIL149C
YER125W	YFR022W
YDR141C	YJL014W
YNL197C	YPR120C
YGL221C	YJR059W
YDL007W	YDL147W
YDL159W	YMR276W
YER112W	YGR091W
YFR033C	YML129C
YMR001C	YOR373W
YKL101W	YMR155W
YDR484W	YJL029C
YBL032W	YKL051W
YDR201W	YGL061C
YDR504C	YJL070C
YDL014W	YPL012W
YKL101W	YML035C
YAL005C	YOR155C
YBR086C	YOL113W
YBR251W	YHL004W
YPL013C	YPL118W
YER173W	YJL014W
YMR154C	YOR362C
YDR113C	YGR225W
YIL095W	YNL272C
YGL163C	YNL031C
YDR397C	YJL057C
YGL014W	YNL302C
YDR225W	YDR334W
YDR436W	YFR003C
YIR038C	YJL183W
YFL016C	YKL049C
YGR024C	YNL189W
YJR017C	YNL014W
YER151C	YMR108W
YER105C	YFR002W
YLR337C	YNL243W
YBL032W	YDR293C
YER177W	YHR152W
YGR232W	YHR200W
YDL014W	YGL078C
YDL239C	YPL255W
YCR042C	YPL129W
YBL030C	YPR191W
YFL039C	YOR122C
YDL175C	YNR024W
YNL255C	YPL158C
YJL164C	YNL272C
YFR044C	YOL013C
YDR009W	YML051W
YBL032W	YIR019C
YGL212W	YOR036W
YDR227W	YML109W
YIR010W	YOR202W
YLR259C	YPL247C
YCR093W	YDR376W
YDR381W	YML012W
YDR320C	YGR167W
YNL255C	YOR074C
YBL032W	YLR050C
YBL032W	YDR501W
YIL108W	YOL126C
YDR229W	YNL053W
YER129W	YOR373W
YBL032W	YPL229W
YFR004W	YPL096W
YDR227W	YLR293C
YDR088C	YLR433C
YDR411C	YFR004W
YBL032W	YEL017W
YDR113C	YLR102C
YGR048W	YLR450W
YHR135C	YMR303C
YDL028C	YMR001C
YJL053W	YMR010W
YHR027C	YJR104C
YBR056W	YFR007W
YDL101C	YOL082W
YDR224C	YJL176C
YBL030C	YDL174C
YAL062W	YOR362C
YAL005C	YJL109C
YCR031C	YHR027C
YJL164C	YPL133C
YBL032W	YLR212C
YDR153C	YJR125C
YHR143W	YNL197C
YAL005C	YDR328C
YOR270C	YPR149W
YAR019C	YMR001C
YCL010C	YMR080C
YMR091C	YPL240C
YJL076W	YPR152C
YDL111C	YDL165W
YIR003W	YKL007W
YHL010C	YLR138W
YAL016W	YKL080W
YBR090C	YNL255C
YNL025C	YPL042C
YCR010C	YCR061W
YGR014W	YNL298W
YNL173C	YNL255C
YHR027C	YLL045C
YMR001C	YOR117W
YDR328C	YGR155W
YCR014C	YDR363W-A
YCR093W	YER112W
YFL038C	YNL263C
YBR102C	YIL068C
YBL072C	YOR117W
YDL014W	YNL255C
YBL032W	YBL072C
YFL037W	YOR265W
YDR293C	YLR190W
YDR143C	YMR108W
YBL032W	YOL105C
YER122C	YJL164C
YMR070W	YPL240C
YFL037W	YIR010W
YDL144C	YNL255C
YFL016C	YPR152C
YER032W	YJR089W
YER029C	YNL092W
YER155C	YLR340W
YDR381W	YOR267C
YGR220C	YNL284C
YAR019C	YBL032W
YDL047W	YKL029C
YKL007W	YOL065C
YMR047C	YOR145C
YER162C	YHR039C
YAL021C	YBL032W
YLL028W	YML132W
YJR059W	YOR276W
YLL026W	YLR357W
YGL025C	YKR083C
YDL239C	YML042W
YPL258C	YPR154W
YOR197W	YPL240C
YER172C	YNL188W
YBL050W	YGL095C
YLR340W	YNL069C
YLR117C	YML049C
YOL117W	YPL096W
YBL104C	YDR130C
YHR135C	YPL203W
YGL158W	YHR001W
YPL235W	YPR152C
YGL179C	YKR096W
YDR189W	YKL006C-A
YBL032W	YLR436C
YGR220C	YNL005C
YKL039W	YNL255C
YBR208C	YHR200W
YDL147W	YOR117W
YDL213C	YKL193C
YCR002C	YLR229C
YLR310C	YPL240C
YBR284W	YDR328C
YBL032W	YKL090W
YJL014W	YOR162C
YLR203C	YPL004C
YDL134C	YLR429W
YDR152W	YNL255C
YNL255C	YOR223W
YBR217W	YHR200W
YGL226C-A	YOR085W
YER177W	YGL252C
YCL024W	YPL240C
YDR477W	YFL054C
YDL203C	YLR248W
YIL033C	YKL062W
YLR181C	YNL255C
YCR106W	YPR046W
YDR229W	YMR047C
YBR251W	YPL240C
YDR200C	YNL127W
YER018C	YFR008W
YEL060C	YOR168W
YER136W	YFR004W
YBL032W	YGL162W
YDR363W-A	YER012W
YPL240C	YPR201W
YGR135W	YOL146W
YJL196C	YKL154W
YAR042W	YLR119W
YGR094W	YHR027C
YDL223C	YNR032C-A
YAL061W	YNL255C
YHR073W	YNL154C
YMR001C	YPL255W
YJR090C	YLR134W
YDR247W	YJR025C
YBL032W	YKR098C
YHR175W	YNL255C
YDR128W	YHL023C
YER122C	YHR135C
YDR306C	YNL138W
YDL025C	YJL164C
YBR029C	YNL197C
YAL016W	YMR105C
YHR097C	YLR377C
YDL057W	YJL058C
YDR085C	YLR423C
YBR200W	YLL050C
YJR065C	YNR035C
YER112W	YNL255C
YDR254W	YIR010W
YAL016W	YOR162C
YNL255C	YPL119C
YJL057C	YNL117W
YBL032W	YDR227W
YHL025W	YNL216W
YIL047C	YOL132W
YBR260C	YOR109W
YKL197C	YNL329C
YGR168C	YKL101W
YHR135C	YKL114C
YGR086C	YKL142W
YIL036W	YIR010W
YGR203W	YJL076W
YMR239C	YNL255C
YGL179C	YPL236C
YKL139W	YKR018C
YMR290C	YNL132W
YNL216W	YPL248C
YBR106W	YDL054C
YKR054C	YNL271C
YJL123C	YNL255C
YCR093W	YPL042C
YDL147W	YOL117W
YHL042W	YOR016C
YGL252C	YGR086C
YKL049C	YOR151C
YGR040W	YPL115C
YBR252W	YNL298W
YBR194W	YDR074W
YKL051W	YLR219W
YDR443C	YGL151W
YBL032W	YER060W
YDL030W	YOR017W
YFR004W	YOR151C
Q0085	YPL271W
YDL185W	YLL019C
YER012W	YOR157C
YNL284C	YOR150W
YLR219W	YPL004C
YNR011C	YOR319W
YDL053C	YJL057C
YGL179C	YLL050C
YEL071W	YOR117W
YKL157W	YNL085W
YBR133C	YDR225W
YAR019C	YJL057C
YNL271C	YOR122C
YLR151C	YNL255C
YFR004W	YMR241W
YBL032W	YNL103W
YNL227C	YOL113W
YDR501W	YNL283C
YMR233W	YNL255C
YKL145W	YOR117W
YBR139W	YBR280C
YER151C	YER162C
YBL032W	YKL032C
YAR019C	YML037C
YGL100W	YLR359W
YJL140W	YPR052C
YGR270W	YOR341W
YLR207W	YLR450W
YDL165W	YNR052C
YCR021C	YDR479C
YFL039C	YGL015C
YNL154C	YPR152C
YDR436W	YFR040W
YML009C	YNL252C
YCR033W	YKR029C
YCR093W	YPR072W
YCL008C	YLR119W
YER161C	YGL201C
YDR381W	YPL217C
YAR028W	YPR128C
YJL123C	YKL049C
YKL016C	YNL255C
YEL023C	YJR009C
YDR443C	YNL025C
YPL129W	YPL235W
YMR049C	YPL042C
YHL024W	YLR429W
YML058W	YOR346W
YDR328C	YFR004W
YCR077C	YNL145W
YDR224C	YMR223W
YAL005C	YJL039C
YHR183W	YNL014W
YCR009C	YPR062W
YJL164C	YPL146C
YGR276C	YNL298W
YFL033C	YOL147C
YGR090W	YOR145C
YGR156W	YOR179C
YDR052C	YNL197C
YDL126C	YIR010W
YFR004W	YGL252C
YGR091W	YML049C
YDR318W	YDR383C
YML010W	YOR039W
YIL038C	YKL101W
YBL032W	YJL196C
YDR293C	YIR010W
YHL024W	YPR106W
YBL105C	YNL154C
YDL148C	YGR090W
YER177W	YKL171W
YDR477W	YIL075C
YHR115C	YOR215C
YOL082W	YPL091W
YER172C	YGR013W
YGL134W	YKR096W
YDR225W	YPL248C
YJR123W	YNL255C
YCR009C	YMR192W
YDL003W	YMR001C
YMR109W	YOR035C
YDL126C	YMR001C
YML130C	YOL088C
YBR114W	YGR192C
YMR109W	YOR227W
YFR021W	YJR025C
YOL146W	YPR019W
YDL006W	YGL158W
YER125W	YNL305C
YNL298W	YPL115C
YKL021C	YMR049C
YIL021W	YKL049C
YIL149C	YOR257W
YJL172W	YNL217W
YPL004C	YPL150W
YGL055W	YHR027C
YBL032W	YPL135W
YKR071C	YNL154C
YDL148C	YJL109C
YCL028W	YMR112C
YAL021C	YPR072W
YLL050C	YLR059C
YDL128W	YGR040W
YKL160W	YPL141C
YLR085C	YLR187W
YOL147C	YPL112C
YDL147W	YFR004W
YBL032W	YLR389C
YGR040W	YMR290C
YDR280W	YJL109C
YEL044W	YJL081C
YDL165W	YDR448W
YBL032W	YPR149W
YHR094C	YHR200W
YOL083W	YPR049C
YER151C	YLR432W
YNL125C	YNL154C
YML042W	YPL070W
YDL190C	YDR479C
YBL032W	YDR310C
YLR043C	YLR109W
YLR058C	YLR085C
YCR009C	YLR429W
YLR148W	YOR106W
YBL039C	YGL022W
YFR004W	YKL035W
YDR001C	YDR381W
YDR501W	YPL145C
YHL004W	YLR312W-A
YAR031W	YHR110W
YBL032W	YNL305C
YDL105W	YDL148C
YOR294W	YPR102C
YBR207W	YOR270C
YKL051W	YPR138C
YDR306C	YKL085W
YGL100W	YJL041W
YDR289C	YER112W
YLR208W	YML130C
YJL176C	YPL016W
YDL131W	YOR117W
YDR159W	YJL039C
YIL033C	YPR040W
YDL222C	YPR156C
YJL056C	YPR154W
YDL148C	YHR148W
YBR044C	YKL148C
YKL062W	YPL203W
YFR015C	YLR369W
YBR194W	YER151C
YDR129C	YOR117W
YNL293W	YPR165W
YPL262W	YPR165W
YGL077C	YOR273C
YDR200C	YNL154C
YGL208W	YOR136W
YGL206C	YHR200W
YJL006C	YKR018C
YOR017W	YPL055C
YDR381W	YGL067W
YJR059W	YOL082W
YKL049C	YOR112W
YDR475C	YIR010W
YKL203C	YPR156C
YDR477W	YER122C
YLR259C	YNL085W
YCL024W	YCL035C
YKL049C	YML123C
YBL032W	YGR146C
YDR201W	YNL189W
YLL019C	YLR196W
YGR094W	YOR117W
YBL072C	YER007C-A
YKL212W	YMR083W
YJR040W	YOR092W
YJR022W	YNL242W
YIL021W	YML010W
YDR169C	YLR248W
YMR192W	YPL249C
YDR334W	YPL235W
YCR046C	YNL252C
YHR110W	YJL196C
YJL057C	YMR001C
YLR314C	YLR356W
YGR248W	YOR018W
YJR064W	YOR187W
YGL179C	YKL093W
YDL054C	YDR307W
YCL027W	YGR289C
YLR262C	YOL112W
YBR210W	YGR284C
YDR130C	YPL209C
YDR032C	YGL108C
YBL026W	YNL145W
YCL056C	YFR025C
YDL173W	YDR381W
YHR042W	YHR140W
YBL050W	YBR200W
YER018C	YPL016W
YDR146C	YER022W
YLR208W	YPL085W
YIL135C	YNL154C
YDR011W	YOR157C
YGR178C	YNL255C
YFR053C	YJR091C
YNL255C	YOR104W
YBL032W	YDL160C
YFL031W	YHR135C
YCL024W	YNL113W
YKL171W	YML051W
YHR140W	YJL196C
YIL109C	YPL085W
YDR113C	YJL176C
YGL061C	YPL209C
YIR038C	YOL147C
YCR077C	YIR010W
YDL047W	YMR246W
YIL062C	YPR093C
YHR135C	YIL075C
YER018C	YIR025W
YCR077C	YDL139C
YOR159C	YPR182W
YBL050W	YIL004C
YDR225W	YDR227W
YJL039C	YJL041W
YBL075C	YNL293W
YER032W	YER161C
YDR244W	YKL197C
YCL056C	YIL065C
YGR186W	YOR151C
YDL072C	YER120W
YBL032W	YDR436W
YER177W	YNL255C
YKL213C	YOR341W
YIR038C	YNL111C
YDL113C	YPR049C
YLR072W	YPR152C
YDR075W	YML010W
YFL038C	YJL030W
YBL032W	YGR040W
YBR200W	YDL028C
YBL097W	YKL049C
YBL041W	YER094C
YHR023W	YOR035C
YDR363W-A	YPR045C
YCL014W	YEL023C
YML064C	YNL197C
YLR429W	YNL154C
YJR064W	YKL049C
YBL026W	YOL149W
YOL016C	YOR264W
YAR066W	YNL255C
YDR523C	YPL246C
YHR135C	YMR268C
YBL106C	YHR161C
YGL059W	YPL006W
YJL157C	YLR229C
YDR224C	YDR432W
YDR110W	YGL201C
YAL005C	YFL044C
YGR048W	YKR002W
YER012W	YHR027C
YBL002W	YBR274W
YGL158W	YHR058C
YMR319C	YNL255C
YNL255C	YOL123W
YDR277C	YKL129C
YJR094W-A	YOR117W
YNR054C	YOR361C
YDR273W	YJL164C
YCR077C	YHR152W
YBR106W	YEL027W
YBR106W	YIL120W
YAL016W	YGR161C
YDR147W	YHR087W
YNL272C	YPL141C
YDL028C	YGL093W
YGR254W	YNL255C
YAR019C	YNL223W
YDR328C	YOR089C
YNL031C	YPL127C
YMR241W	YOL132W
YDR127W	YOL013C
YDL155W	YPL267W
YDR254W	YDR383C
YDR073W	YPL016W
YER142C	YPL127C
YGL019W	YNL031C
YBL032W	YJR110W
YBL104C	YHL023C
YDL075W	YDR130C
YAL005C	YJR073C
YGL201C	YMR032W
YHR135C	YJL041W
YFR004W	YOR187W
YLR340W	YOR117W
YDR161W	YNL255C
YDL089W	YJL076W
YDL147W	YJR084W
YIL093C	YPL118W
YER161C	YGL120C
YGL018C	YPL135W
YGL060W	YMR032W
YIR010W	YNL113W
YER155C	YLL021W
YML037C	YOL016C
YBL085W	YJL164C
YCR084C	YPL042C
YJR056C	YNL189W
YLR117C	YPR182W
YDL006W	YMR001C
YKL210W	YOR117W
YIR037W	YOL147C
YBL039C	YHR200W
YIR010W	YLR432W
YNL085W	YPR111W
YDR477W	YPL248C
YKL157W	YLR259C
YIL125W	YML064C
YKL059C	YNL222W
YJL172W	YPL240C
YER048C	YLR429W
YDL076C	YER088C
YIL021W	YJL140W
YDR330W	YPL018W
YDR227W	YKR101W
YEL023C	YFR053C
YER136W	YLR362W
YHR034C	YPL146C
YDR477W	YNL227C
YHR140W	YIL114C
YJR017C	YMR263W
YKL013C	YKL129C
YBL091C-A	YDR479C
YFR004W	YLR359W
YER088C	YML010W
YJR059W	YKL140W
YBL032W	YJR090C
YDR159W	YNL189W
YGL059W	YGR249W
YCR031C	YOR117W
YAR028W	YML129C
YDL125C	YPL240C
YFR004W	YJR104C
YNL197C	YOR062C
YBR128C	YGL105W
YBR073W	YER095W
YDR477W	YPL133C
YGR270W	YPL235W
YER094C	YFL007W
YKL085W	YNR001C
YBR058C	YEL030W
YGR195W	YJL109C
YHR027C	YLL026W
YBL027W	YDL075W
YNR023W	YPL129W
YLR216C	YMR303C
YIR037W	YPR156C
YDL134C	YIL153W
YMR109W	YNR007C
YCL028W	YPL140C
YGL023C	YNL255C
YDR159W	YOR250C
YLR087C	YNL255C
YEL025C	YMR276W
YDR195W	YKL059C
YKL049C	YPL231W
YDL030W	YDR026C
YAL005C	YLR293C
YJL164C	YML118W
YGR033C	YKL195W
YER105C	YJL030W
YDR247W	YJR049C
YML058W	YNL197C
YDL222C	YNL173C
YBR039W	YJR068W
YIR010W	YLL045C
YDR328C	YER062C
YCL032W	YDR032C
YER094C	YGR253C
YDL239C	YOR373W
YDR054C	YGL252C
YBL045C	YEL024W
YBR106W	YPR201W
YLL026W	YMR091C
YCR031C	YNL255C
YDL101C	YLR437C
YBR087W	YNL255C
YDR088C	YLR430W
YDR318W	YKL049C
YGR253C	YJR017C
YBL032W	YOR073W
YBL032W	YOR078W
YGL158W	YNR023W
YJR089W	YKL101W
YDL247W	YPL240C
YER172C	YLL036C
YDL113C	YGR172C
YBL032W	YPL248C
YCL028W	YNR010W
YDL099W	YDR517W
YHR140W	YLL028W
YOL012C	YPR052C
YGL206C	YJL153C
YDR411C	YML029W
YGL158W	YGL231C
YDR289C	YNL255C
YCL031C	YHL002W
YDL237W	YPR148C
YNL255C	YOR182C
YDR100W	YNL315C
YCR009C	YOR232W
YER112W	YOL149W
YBL030C	YNL052W
YCR046C	YGR091W
YBR194W	YER029C
YGR205W	YOL016C
YIR010W	YJR045C
YFL007W	YMR314W
YBL032W	YNL025C
YHL012W	YML051W
YCR077C	YMR268C
YDR169C	YJL164C
YDR081C	YIR010W
YDL005C	YHR058C
YDR411C	YHR027C
YDL185W	YDR381W
YDR277C	YKL038W
YHR035W	YJR022W
YER095W	YGL163C
YGL077C	YPL221W
YJR059W	YLR270W
YGR097W	YMR049C
YAL016W	YHR158C
YJL081C	YJR082C
YNL154C	YOR092W
YEL030W	YLR203C
YAL029C	YGL213C
YDR225W	YOL006C
YBR105C	YLR340W
YFR004W	YGR124W
YDL160C	YLR136C
YDL039C	YNL154C
YDL160C	YGR253C
YPL003W	YPR066W
YLL023C	YLL056C
YKL145W	YPL096W
YHR158C	YMR124W
YDR354W	YHR200W
YCR093W	YDL160C
YNL255C	YOR236W
YHR148W	YPL217C
YFL045C	YHR107C
YAL060W	YFR004W
YER022W	YJL167W
YJL164C	YPR019W
YKR025W	YNL113W
YDL007W	YIL007C
YHR094C	YLL028W
YFR004W	YMR261C
YBL032W	YLR373C
YDR457W	YPL240C
YCL028W	YML051W
YBR274W	YDR168W
YCR028C-A	YCR093W
YDR073W	YJL176C
YBL041W	YMR314W
YJL083W	YPL109C
YDL238C	YHR047C
YBL030C	YOR117W
YBR044C	YKL049C
YGL014W	YMR194W
YKL104C	YLR058C
YDR235W	YPL178W
YMR290C	YNL154C
YGR253C	YOR148C
YGL060W	YPL018W
YKL049C	YNL132W
YDR032C	YML064C
YBL106C	YOR197W
YDR225W	YKL049C
YLR450W	YPR154W
YER012W	YOR117W
YDL014W	YJL109C
YER125W	YPR030W
YDL025C	YMR290C
YDR264C	YFR051C
YFR004W	YNR035C
YDL053C	YER151C
YBR136W	YDR076W
YLR106C	YML029W
YCR031C	YDL148C
YJL164C	YLR216C
YML109W	YOR362C
YDL101C	YMR226C
YHR135C	YPR091C
YBL032W	YGR149W
YGR090W	YPL212C
YDR306C	YOL025W
YFR004W	YNL123W
YHR140W	YIR038C
YGL108C	YNL255C
YBL032W	YDR504C
YBL045C	YPR054W
YGR275W	YJL176C
YBR023C	YNL255C
YJR059W	YLR437C
YOR023C	YPL248C
YKR048C	YOR112W
YGR253C	YNL255C
YER118C	YLR353W
YER054C	YPL203W
YIR006C	YMR109W
YDL101C	YHR067W
YDL222C	YKL094W
YDR375C	YNL131W
YMR244C-A	YNL255C
YDR470C	YOR211C
YDL002C	YPL082C
YDR003W	YER125W
YGL025C	YPL082C
YFR004W	YGR155W
YFR004W	YGR254W
YLL027W	YPL216W
YHR200W	YKL104C
YPL042C	YPR181C
YDL134C	YPL004C
YDR523C	YGL019W
YJL008C	YKL203C
YHR023W	YLL021W
YDR045C	YOR224C
YDR541C	YNL197C
YJR065C	YKL013C
YDL155W	YOR341W
YBR264C	YGL198W
YCL040W	YOR117W
YMR223W	YPL082C
YGR284C	YNL101W
YDL213C	YOR270C
YHR207C	YNL154C
YIL095W	YLR015W
YDL030W	YDL139C
YGR262C	YKL145W
YER128W	YOL016C
YER095W	YLR337C
YDL025C	YGL077C
YDR001C	YLR270W
YBL032W	YDR383C
YLL016W	YNL098C
YLR219W	YLR427W
YML078W	YPR184W
YDR225W	YLR357W
YBR249C	YFR004W
YIL122W	YJL030W
YGR013W	YGR040W
YBL015W	YMR059W
YLR293C	YPL012W
YBL023C	YPL001W
YER182W	YKL142W
YBL032W	YOR342C
YHR135C	YOR042W
YDR122W	YHR158C
YBL104C	YLR208W
YDR479C	YGL053W
YHR200W	YMR191W
YDR421W	YKR080W
YHR140W	YPR156C
YPL112C	YPR154W
YER155C	YIL095W
YFL054C	YML006C
YNL271C	YNL293W
YDR224C	YPL084W
YBL041W	YPL129W
YBR296C	YLL028W
YNL124W	YNL302C
YER125W	YIL021W
YBL032W	YKL196C
YBR289W	YNR023W
YDL239C	YGR268C
YHR140W	YOL132W
YDR216W	YMR280C
YAR066W	YNL197C
YJR125C	YOR036W
YDR122W	YDR162C
YDR247W	YKR049C
YDR517W	YPR181C
YDL005C	YML051W
YHR027C	YJL014W
YDR074W	YPR152C
YDR033W	YKL203C
YLR132C	YLR423C
YBR280C	YOL133W
YMR010W	YOR104W
YDL106C	YJR123W
YBR202W	YGR270W
YJL014W	YKL198C
YDR479C	YGL104C
YJL083W	YPL004C
YDL223C	YPL141C
YDR190C	YHR034C
YIR028W	YJL183W
YKL101W	YNL136W
YJL076W	YOL016C
YDL160C	YGL014W
YLR438W	YPR165W
YLR362W	YOR089C
YGR186W	YIL021W
YGR124W	YHR200W
YER112W	YJR138W
YDR457W	YOL025W
YHR200W	YNL014W
YBR274W	YJR082C
YFR004W	YHR027C
YDR363W-A	YOR257W
YAL029C	YER151C
YCR009C	YGR086C
YBR023C	YJR125C
YHR090C	YPL209C
YDR100W	YDR264C
YDR127W	YFR004W
YLR413W	YPR138C
YJL122W	YPL146C
YFL033C	YGR276C
YLR090W	YNL255C
YNL255C	YPL091W
YDR465C	YMR047C
YGL206C	YPR029C
YHR135C	YKR041W
YHR112C	YJR059W
YIL021W	YNL255C
YMR049C	YPL141C
YBR072W	YFR004W
YBL025W	YBR274W
YDR260C	YIR025W
YBL032W	YDL076C
YGR232W	YIL007C
YJL052W	YKR042W
YCR021C	YLR454W
YER027C	YOR276W
YOL132W	YOR016C
YBR251W	YGR170W
YDR113C	YGR098C
YJL164C	YPR029C
YGR254W	YHR027C
YDR330W	YHR135C
YFL033C	YMR155W
YDR244W	YOL147C
YGL005C	YNL197C
YJL106W	YML037C
YHR202W	YPL240C
YDL159W	YLR362W
YER177W	YKL140W
YDR189W	YDR517W
YLR411W	YNL255C
YJR059W	YNL101W
YNL024C	YOR093C
YER151C	YGL078C
YAL034W-A	YCL024W
YDR224C	YDR439W
YDL147W	YER012W
YHR158C	YKR054C
YBL067C	YER030W
YDR026C	YDR110W
YDR143C	YGR279C
YDL106C	YDR146C
YDL020C	YKL145W
YDL195W	YML012W
YOR151C	YPL203W
YBR207W	YGR163W
YNR035C	YPL004C
YBL072C	YBR194W
YHR005C	YML104C
YCL034W	YNL255C
YGL179C	YOL082W
YJR064W	YNL148C
YIL041W	YNL298W
YBR182C	YMR037C
YAL005C	YOR038C
YCR077C	YFR036W
YBL032W	YPL054W
YBL032W	YDL235C
YCR046C	YMR098C
YJL164C	YMR184W
YDL115C	YIL021W
YER151C	YGR027C
YIR010W	YOL069W
YIL045W	YNL189W
YJR064W	YLR196W
YBL032W	YPR102C
YKR095W	YPR052C
YDR375C	YFR033C
YDR118W	YGL115W
YIL022W	YJR045C
YIR038C	YOL126C
YDL117W	YJR059W
YLR141W	YNL031C
YDL230W	YGL158W
YLR246W	YNL098C
YBR044C	YLR435W
YDR189W	YIL004C
YJL153C	YNL138W
YGL120C	YKR092C
YAL021C	YGR086C
YIL095W	YJR092W
YER105C	YFR050C
YGR152C	YKL092C
YER172C	YGL120C
YOL133W	YPR019W
YCL031C	YPR154W
YLR254C	YLR314C
YHR044C	YHR107C
YDL214C	YKL012W
YDR523C	YKL114C
YIR010W	YOR298C-A
YHR027C	YJL052W
YDL105W	YLR007W
YBL032W	YGR189C
YBL032W	YML107C
YGR262C	YPR181C
YHR166C	YNL172W
YNL255C	YOR039W
YDR070C	YJL164C
YGL201C	YKL049C
YHR200W	YLL026W
YDL164C	YJR068W
YDL031W	YMR290C
YGR040W	YMR032W
YBL032W	YDL005C
YDR392W	YPL248C
YDR168W	YLR362W
YBL032W	YDR232W
YDL047W	YGR161C
YGL025C	YLR315W
YAL056W	YGL121C
YNL197C	YNR009W
YBR194W	YPL085W
YGL125W	YNL197C
YJR092W	YMR032W
YFR004W	YIR011C
YDR280W	YGR195W
YBL032W	YJR053W
YHL003C	YHR142W
YGR038W	YJL164C
YKL002W	YPR173C
YDL005C	YNR010W
YBR272C	YIL075C
YER136W	YLR262C
YHR069C	YKL129C
YML123C	YNL197C
YFR004W	YPR165W
YER118C	YPL240C
YHR186C	YPR129W
YHL025W	YPR034W
YBR137W	YMR047C
YDR328C	YLR058C
YBL032W	YBR078W
YKR014C	YNL255C
YDL101C	YOR332W
YCL061C	YDL030W
YJR104C	YMR059W
YDR085C	YHR107C
YGR173W	YKL085W
YML028W	YOR031W
YNL252C	YNL284C
YIR010W	YOL039W
YER155C	YGL019W
YFL045C	YGL208W
YIL135C	YJR059W
YBL032W	YKL171W
YKR002W	YNL222W
YAL016W	YIL153W
YJL052W	YNL255C
YNL033W	YNL154C
YCR031C	YDL075W
YBR229C	YDL210W
YJL076W	YPL055C
YNL255C	YOL088C
YPL161C	YPR198W
YDL222C	YGL108C
YDR264C	YOR104W
YJL051W	YJR059W
YBL032W	YKL185W
YDL239C	YOR380W
YNL154C	YNL186W
YLR208W	YMR047C
YDR045C	YKL144C
YBL032W	YJR116W
YNL197C	YPR138C
YER177W	YIR003W
YFR004W	YKL080W
YDL201W	YDR381W
YJR022W	YMR268C
YHR027C	YOR185C
YGL115W	YML110C
YDL117W	YPL158C
YDR523C	YNL186W
YER050C	YMR290C
YMR108W	YPL247C
YIL095W	YMR184W
YBR251W	YJR096W
YGR146C	YNL197C
YLR340W	YOL123W
YJR022W	YOR167C
YBL039C	YJR103W
YEL058W	YIL095W
YNL298W	YPR181C
YKL193C	YLR079W
YHR057C	YJR091C
YDR244W	YHR160C
YLR432W	YOR117W
YDR328C	YER012W
YGR040W	YPL048W
YOL147C	YPL203W
YJL008C	YJL014W
YJL164C	YLR410W
YCR042C	YLR115W
YGR167W	YPL141C
YLR313C	YPL140C
YNL197C	YPL141C
YER107C	YFR002W
YDR295C	YMR117C
YER173W	YHR079C-A
YBR035C	YJR059W
YGL200C	YHR123W
YDL214C	YNL227C
YBR207W	YDR100W
YDR127W	YHR027C
YHR034C	YJR022W
YDR190C	YMR047C
YDR318W	YDR328C
YDL101C	YJR056C
YLR015W	YLR246W
YBR193C	YPL129W
YGR132C	YPR152C
YDL074C	YLR196W
YBR295W	YHR123W
YBL033C	YPR172W
YCL043C	YKL049C
YER129W	YER155C
YDL139C	YJL013C
YBR194W	YGR097W
YPL059W	YPL240C
YDR110W	YDR224C
YHR027C	YJL008C
YBR114W	YKL112W
YKL203C	YOR008C
YKL092C	YNL113W
YBL030C	YLR348C
YCR031C	YDR130C
YMR117C	YOR177C
YDR110W	YOL006C
YER112W	YNL145W
YDR052C	YGL201C
YJL058C	YLR423C
YGL213C	YIL033C
YDL213C	YOR017W
YJR009C	YNL255C
YDR139C	YDR328C
YDL191W	YHR200W
YJL026W	YOR230W
YLR427W	YPL012W
YBL032W	YOR054C
YDR050C	YKL060C
YMR144W	YNL154C
YLL019C	YOL016C
YGL158W	YML037C
YBL002W	YNL261W
YJR053W	YOR058C
YHR001W	YPL221W
YDL090C	YMR139W
YJR059W	YLR259C
YMR032W	YPL158C
YFR002W	YMR047C
YBL032W	YJL144W
YMR010W	YPL246C
YLR201C	YPL240C
YER009W	YJL041W
YBR080C	YGR262C
YGL179C	YKL121W
YDR369C	YLR453C
YBL075C	YOR250C
YNL255C	YNR036C
YBR136W	YDL101C
YHR200W	YKL080W
YNL020C	YNL154C
YDR093W	YKL203C
YJL026W	YMR059W
YLR254C	YOR269W
YLL021W	YMR224C
YMR197C	YMR231W
YML049C	YOR159C
YML037C	YOL113W
YBL072C	YJR123W
