YDR143C	YER068W
YMR207C	YNR016C
YER125W	YHR135C
YHL047C	YHR079C
YMR102C	YOR174W
YDL126C	YER012W
YDR320C	YJR135C
YDL181W	YNL250W
YAL017W	YOL045W
YDR383C	YIR010W
YDR392W	YOL148C
YFR004W	YFR052W
YDR356W	YPL255W
YHR027C	YOL133W
YDL117W	YKR009C
YDL226C	YPR183W
YDR303C	YML065W
YDR259C	YHR082C
YDR021W	YLR248W
YAL038W	YPL031C
YAL026C	YPR129W
YBR103W	YCR033W
YGL106W	YLR274W
YGL158W	YHR185C
YEL034W	YIL148W
YFR004W	YOL038W
YDR059C	YNL031C
YDR481C	YNL006W
YHR060W	YLR447C
YAL011W	YLR085C
YCR073C	YMR117C
YIL075C	YOL117W
YDR326C	YIR010W
YML123C	YNR041C
YBL007C	YDL206W
YBR106W	YML075C
YGL158W	YOR018W
YML048W	YML123C
YBL032W	YBR215W
YIL046W	YML082W
YGR012W	YPR161C
YCR100C	YDR414C
YGR026W	YPL031C
YBR031W	YEL034W
YIR010W	YKR083C
YGL073W	YKL062W
YER126C	YGL237C
YER177W	YPR152C
YBR195C	YNL031C
YHR082C	YKL197C
YBL032W	YKL198C
YDL140C	YNL251C
YDR337W	YMR188C
YDR129C	YNL135C
YHR188C	YJR015W
YDR388W	YOR117W
YDR143C	YER023W
YHR204W	YMR304W
YDR406W	YLR055C
YER021W	YOR128C
YBR202W	YDL029W
YGR224W	YLR080W
YER022W	YOL051W
YER177W	YPR080W
YBR081C	YPL129W
YJR011C	YLR368W
YLR423C	YPR105C
YHR083W	YNL026W
YER012W	YGL048C
YDL134C	YOR073W
YEL002C	YML075C
YKR018C	YPR106W
YGL134W	YJL165C
YER012W	YLR058C
YIR010W	YOL051W
YDR418W	YHR027C
YGL172W	YKL057C
YBR055C	YML046W
YBR049C	YOR341W
YPL070W	YPR152C
YDR388W	YPR110C
YBR183W	YOL132W
YAL034W-A	YNL154C
YCR093W	YOL133W
YDR043C	YOR061W
YHR137W	YOR310C
YDL087C	YML049C
YDL029W	YMR109W
YDL232W	YER019C-A
YGR183C	YNL197C
YDL215C	YLL001W
YOR056C	YPL031C
YBR031W	YBR142W
YDR331W	YDR456W
YBR031W	YLL045C
YGR065C	YGR130C
YBL003C	YER092W
YGR059W	YLR314C
YFL038C	YPR176C
YDL097C	YPL082C
YER177W	YOR220W
YJL164C	YKL171W
YJL081C	YLR399C
YLR377C	YNL059C
YBR114W	YKR001C
YDR099W	YNL154C
YER125W	YJR051W
YHR016C	YPL249C
YDL029W	YDR143C
YDR457W	YNL031C
YGL106W	YMR304W
YDR032C	YHR135C
YCR016W	YGL213C
YHR135C	YOR344C
YDR256C	YOL045W
YNL154C	YPL191C
YJR135C	YLR315W
YBR103W	YDR227W
YEL034W	YLR069C
YPL012W	YPL216W
YGL213C	YNL308C
YCL059C	YGL201C
YBR170C	YKL213C
YBR114W	YLR044C
YJL106W	YMR165C
YBR106W	YNL101W
YBL030C	YLR203C
YHR050W	YMR149W
YBL007C	YLR337C
YER091C	YMR049C
YDR252W	YJR011C
YBR056W	YFR004W
YOR117W	YPL031C
YBR194W	YPR152C
YBL032W	YGL035C
YER174C	YGL071W
YJR145C	YNL132W
YDL155W	YGR086C
YDR392W	YLR055C
YBL032W	YLR328W
YFR004W	YOR168W
YHR197W	YLR449W
YGR085C	YLR367W
YGL207W	YGR163W
YDR252W	YGR134W
YEL013W	YLR291C
YGR075C	YML051W
YNL015W	YOR168W
YBL058W	YLR291C
YLR096W	YML048W
YDR247W	YKL193C
YER125W	YGR052W
YGR060W	YHR190W
YGL158W	YGR276C
YDR129C	YMR246W
YBL074C	YDL214C
YBR298C	YMR279C
YDR247W	YHL024W
YHR135C	YOL078W
YGL181W	YNL243W
YDL140C	YLR115W
YLR427W	YPL031C
YGL215W	YPL031C
YFR017C	YNL197C
YIL035C	YLR079W
YER098W	YOR267C
YGL181W	YGR241C
YBL032W	YOL051W
YBL032W	YOR247W
YHR135C	YJL148W
YBR041W	YLL012W
YIL035C	YOR287C
YBR036C	YPR198W
YBL032W	YGR021W
YGR225W	YKL022C
YGL066W	YGR252W
YLR372W	YLR378C
YKR008W	YLR357W
YER126C	YLR325C
YCR065W	YML051W
YGR023W	YKL119C
YCL014W	YPR161C
YER105C	YML031W
YAL028W	YLR378C
YNL118C	YOR093C
YCR061W	YIL134W
YCR088W	YNL138W
YDL107W	YGR062C
YDR028C	YGR252W
YBR239C	YNL197C
YAR002C-A	YEL002C
YER177W	YFR017C
YBR250W	YNL012W
YHR027C	YOR326W
YBR200W	YKR001C
YKL151C	YPL070W
YDR238C	YKL145W
YKR035W-A	YML065W
YHL003C	YOR223W
YDL088C	YNL154C
YIL051C	YKL142W
YML074C	YOR341W
YKR085C	YML065W
YIL027C	YPL070W
YDL075W	YGR085C
YNL131W	YOR039W
YBL003C	YGR252W
YCL032W	YNL090W
YHR205W	YPL031C
YML046W	YML049C
YCL054W	YER133W
YJL084C	YMR032W
YDR404C	YGR063C
YDL140C	YGL070C
YBL032W	YCR066W
YDR420W	YHR154W
YDL125C	YNL154C
YGL158W	YGR223C
YDL214C	YGR276C
YHR027C	YLR048W
YPL106C	YPR108W
YDL155W	YNL076W
YFR004W	YIL109C
YDL006W	YPL031C
YGR180C	YOL045W
YBL007C	YBR205W
YLL045C	YNL112W
YNL197C	YNR014W
YML117W	YPL031C
YBL032W	YDR438W
YCR012W	YLR044C
YGR126W	YJR084W
YJL173C	YMR105C
YHR027C	YPR165W
YER125W	YHR200W
YJL222W	YML048W
YDR135C	YIL035C
YKL145W	YOR259C
YNL066W	YNL154C
YIL126W	YPR034W
YJL176C	YPR034W
YIL113W	YNL138W
YHR035W	YPR119W
YIR010W	YPR129W
YLR413W	YML072C
YMR049C	YOR361C
YHR082C	YKL049C
YIL124W	YJL151C
YDR307W	YKL065C
YDR109C	YNL154C
YNL197C	YOR147W
YDR323C	YPL031C
YBL061C	YDR247W
YEL013W	YFR035C
YGL142C	YML012W
YBR207W	YGL203C
YCR073C	YMR165C
YEL009C	YPL042C
YBR183W	YPL227C
YHR139C	YPL026C
YDR099W	YLR177W
YNL236W	YOR174W
YBR289W	YKR001C
YAR002C-A	YHR039C
YIL125W	YKL198C
YNL209W	YPR119W
YGL058W	YLR377C
YDR386W	YNL061W
YGL158W	YLL057C
YDL130W-A	YDL181W
YER178W	YIR010W
YGL059W	YLR003C
YBR031W	YPL012W
YER062C	YJL173C
YBR049C	YDR188W
YDL195W	YIL035C
YLR326W	YNL154C
YBR169C	YKL049C
YIL077C	YPL031C
YAR031W	YDL054C
YBR159W	YFL062W
YFR004W	YPL262W
YBR207W	YER021W
YHR027C	YJL001W
YBL032W	YJL141C
YGR161C	YMR299C
YFR052W	YIL075C
YER120W	YHR027C
YDL188C	YNL085W
YIR010W	YOR090C
YBR131W	YDL077C
YDL125C	YDR388W
YDL143W	YKL049C
Q0130	YLR393W
YDL035C	YHR082C
YIL046W	YOL133W
YNL126W	YOR043W
YFL010C	YPL141C
YDR118W	YMR134W
YAR019C	YCL035C
YGR192C	YOR117W
YDR077W	YDR143C
YDL029W	YFL039C
YCR024C	YER125W
YCR077C	YDR404C
YBR159W	YHR026W
YHR135C	YPR083W
YBL003C	YIL126W
YHR060W	YPR105C
YHR027C	YLL050C
YIR010W	YOR267C
YGR060W	YML012W
YJR104C	YPL031C
YMR196W	YPL042C
YCR091W	YDL006W
YCR086W	YDR247W
YBR194W	YCR030C
YGR241C	YLL017W
YGL161C	YHR105W
YBL003C	YBR202W
YER020W	YOR371C
YEL027W	YHR026W
YGL259W	YHL042W
YDR280W	YNL232W
YBR130C	YLR274W
YIL027C	YMR149W
YEL037C	YHR200W
YDL101C	YHR185C
YKR014C	YOR375C
YAL014C	YMR197C
YCR077C	YDL165W
YIL061C	YMR009W
YFL037W	YNL212W
YHL019C	YKL135C
YEL037C	YHR027C
YAR061W	YBL032W
YFR004W	YNL302C
YFR004W	YJR133W
YNL002C	YPL141C
YDL029W	YNL161W
YIL126W	YLR357W
YDR227W	YMR273C
YNL197C	YOR269W
YBR200W	YDR306C
YNL154C	YNL267W
YDR113C	YFR036W
YFR024C-A	YPR081C
YDR259C	YNL154C
YER109C	YMR164C
YGL120C	YLL019C
YJL164C	YOR056C
YGL190C	YHR082C
YBL008W	YJL176C
YDR259C	YKL071W
YFR024C-A	YMR192W
YDR099W	YGL252C
YBR239C	YDR388W
YBL031W	YGL158W
YKL135C	YLR330W
YBR194W	YKR006C
YKR009C	YOL147C
YHR205W	YMR196W
YCR086W	YDL089W
YGL203C	YOR104W
YKR083C	YML105C
YIR010W	YNL172W
YHR135C	YNL272C
YGL059W	YOR083W
YBR093C	YGR282C
YBL032W	YGL237C
YMR165C	YPL031C
YNL197C	YPR129W
YGR241C	YHR016C
YBR044C	YDL093W
YBL032W	YCL068C
YLR312C	YOL088C
YDR392W	YGR252W
YIL149C	YNL126W
YDR012W	YNL251C
YGL059W	YKR100C
YGR159C	YML065W
YHR074W	YPL031C
YNL014W	YOR117W
YGL058W	YKL210W
YBL007C	YNL152W
YBL032W	YPR040W
YJL164C	YOR134W
YGR215W	YKL155C
YAL016W	YPL152W
YDR188W	YOR212W
YKL161C	YPL031C
YDL037C	YNL197C
YLR423C	YPR185W
YHR079C	YKR105C
YJL122W	YLR074C
YER021W	YHR200W
YLR028C	YNR034W
YIL047C	YOR212W
YBR049C	YPR152C
YER125W	YJL140W
YIR010W	YOR061W
YJL184W	YPL174C
YIL061C	YML074C
YDL035C	YPL087W
YKR054C	YNL118C
YCR016W	YGL120C
YDL132W	YLR368W
YNL025C	YNL236W
YHR200W	YPR069C
YDL025C	YHR082C
YIR010W	YJL148W
YDL028C	YJL084C
YGL207W	YPL141C
YBL101C	YOR124C
YHR137W	YLR278C
YBR044C	YIL126W
YDL053C	YPL140C
YGR192C	YKL152C
YHR193C	YHR200W
YCR008W	YOR018W
YEL030W	YKL191W
YBL032W	YBR289W
YGR168C	YNL154C
YDR384C	YNR060W
YBR023C	YLR242C
YBR079C	YPL001W
YNL061W	YOR267C
YAL053W	YCR030C
YNL197C	YOR288C
YBL032W	YJL128C
YIR010W	YNL059C
YDR150W	YDR247W
YJL157C	YMR199W
YBR253W	YDR146C
YDR456W	YNR056C
YFR015C	YGL134W
YHR082C	YOR107W
YOL147C	YOR094W
YER177W	YNL267W
YDR086C	YOR254C
YCR088W	YPL008W
YEL061C	YER012W
YER155C	YPL210C
YHL030W	YOL133W
YIL063C	YOL061W
YBL007C	YCR088W
YDL195W	YOR061W
YNL135C	YPL049C
YKL013C	YNR035C
YHR076W	YJR035W
YDL140C	YOR174W
YIL109C	YML012W
YAL030W	YPR032W
YIL063C	YLR096W
YDL019C	YJL207C
YGR159C	YJL164C
YIL035C	YMR173W
YFR004W	YMR226C
YER120W	YGR086C
YBL030C	YER182W
YLR201C	YOR125C
YGL222C	YNL118C
YDR129C	YDR353W
YCR076C	YNL118C
YCR066W	YGL058W
YDR228C	YLR115W
YBL024W	YIL035C
YER098W	YKL171W
YDL214C	YJL051W
YDL195W	YLR429W
YDR012W	YML065W
YJL151C	YMR079W
YJL129C	YKL142W
YER059W	YLR079W
YKR099W	YNL197C
YCR030C	YKL049C
YFR017C	YGL059W
YIR010W	YMR100W
YCR030C	YNR047W
YNR022C	YPR119W
YBR194W	YJL122W
YFR022W	YPL031C
YBL007C	YOR109W
YER133W	YGR156W
YLR096W	YOR093C
YDR383C	YKL049C
YIL143C	YOR352W
YFR004W	YPL192C
YJL128C	YKR048C
YDR280W	YOR145C
YKL119C	YLR292C
YDR254W	YOL054W
YBL032W	YOR231W
YKL051W	YLR413W
YCL043C	YCR073C
YGR295C	YLR343W
YHL048W	YPR028W
YER125W	YKL023W
YHR135C	YLR125W
YDL082W	YDL195W
YER020W	YNL197C
YMR079W	YPR171W
YBR159W	YHL048W
YHR011W	YIL063C
YBL032W	YMR317W
YDR388W	YER127W
YDR099W	YOR117W
YJL164C	YLR003C
YBR142W	YLR367W
YGR142W	YMR197C
YIL143C	YNL085W
YGL200C	YPL227C
YDR044W	YOR093C
YEL009C	YOL148C
YER120W	YOR117W
YFL039C	YLR337C
YEL009C	YGL201C
YKL060C	YOR117W
YDR310C	YPR152C
YBL032W	YLR089C
YCR091W	YNL045W
YBR177C	YOL045W
YDR021W	YNL271C
YCR077C	YKL054C
YHR031C	YLR248W
YIR038C	YML012W
YGR204W	YIR010W
YBR157C	YGL075C
YBL045C	YDR388W
YFR004W	YKL060C
YPL049C	YPL256C
YBL003C	YKR092C
YNL251C	YPL190C
YIR010W	YNL262W
YOL059W	YOR117W
YNL271C	YPR165W
YDL029W	YIL128W
YBR130C	YHR082C
YBR159W	YFR004W
YDR063W	YFL039C
YBR107C	YDR318W
YFR004W	YGR061C
YFR004W	YGL039W
YHR027C	YPR108W
YBR079C	YOR361C
YBL047C	YJR134C
YER133W	YHR100C
YFL037W	YKL049C
YBL032W	YKL129C
YBR055C	YHR135C
YFR011C	YOL006C
YAR018C	YOL054W
YBL032W	YLL010C
YKL049C	YKR048C
YBR090C	YHR135C
YHR200W	YKL006W
YDR414C	YFR024C-A
YGL252C	YNL208W
YNL197C	YOR058C
YKL185W	YPL031C
YBR218C	YPR110C
YCR086W	YDL003W
YGL198W	YGL210W
YDR069C	YMR304W
YER114C	YER177W
YGL206C	YGR241C
YER034W	YHR135C
YJL165C	YMR153W
YEL013W	YFL039C
YFL038C	YHR027C
YPR112C	YPR154W
YJL081C	YLR085C
YDR099W	YPR080W
YCR091W	YGL245W
YGL087C	YOL081W
YFR004W	YHR200W
YGL055W	YML012W
YAL028W	YOR254C
YDL097C	YFR004W
YBL032W	YMR195W
YGL207W	YOR052C
YDR011W	YPR156C
YGR172C	YLR452C
YJL020C	YJR115W
YBL032W	YOR322C
YHR135C	YNL167C
YFL039C	YOR117W
YHR200W	YNL239W
YAL027W	YER049W
YAR002C-A	YGL200C
YDR388W	YHR079C
YIL050W	YJL084C
YHR027C	YOL038W
YDL029W	YLR337C
YDR388W	YLR166C
YFR052W	YGL048C
YCR057C	YGR210C
YCR084C	YNL025C
YAR002C-A	YPL227C
YFR004W	YHR068W
YDR303C	YIL126W
YAL035W	YJR007W
YBR202W	YCR086W
YGL213C	YGR008C
YNL098C	YPL088W
YGR167W	YLR330W
YIR010W	YJR144W
YBR169C	YPL012W
YOR285W	YPR183W
YER133W	YFR004W
YDR229W	YPR152C
YOL038W	YPR108W
YDR054C	YIL046W
YCR012W	YOR117W
YGL200C	YML048W
YLR093C	YPL031C
YER120W	YFR004W
YMR159C	YPL149W
YHR193C	YJR011C
YDR129C	YNL138W
YCR061W	YNL197C
YDR434W	YKL039W
YCL039W	YDL185W
YDR388W	YPL031C
YOR039W	YOR061W
YFL040W	YMR266W
YGR052W	YNL006W
YDL160C	YOR204W
YIR010W	YOR195W
YFR004W	YLR044C
YGL233W	YJL036W
YCL039W	YPL139C
YBR011C	YPL111W
YEL013W	YOR316C
YDL171C	YFR004W
YFL017C	YGR135W
YBL032W	YPR204W
YGL048C	YML012W
YBR254C	YGR143W
YBL032W	YPR119W
YDR022C	YJL165C
YBL032W	YML059C
YGL250W	YLR082C
YNL074C	YPL256C
YDL222C	YHL016C
YCL054W	YPR161C
YAL025C	YOR267C
YFR004W	YLR060W
YHR200W	YNL302C
YJL081C	YNL059C
YIL061C	YML046W
YDR388W	YGL252C
YEL034W	YNL085W
YDR407C	YMR218C
YDL134C	YGR161C
YBL024W	YLR096W
YBR159W	YJL196C
YBR106W	YLR378C
YIR010W	YJL008C
YDL159W	YDR356W
YDL084W	YER013W
YGR074W	YNL092W
YJL013C	YJL030W
YDR146C	YER015W
YMR315W	YNL135C
YGL058W	YPR161C
YDR347W	YMR188C
YCR077C	YGL173C
YDR430C	YER178W
YDL028C	YIL144W
YGL245W	YPR152C
YDR131C	YOL025W
YDL140C	YOR124C
YDR188W	YHR148W
YBR010W	YNL031C
YKL060C	YLR044C
YBR279W	YDL140C
YBL032W	YOR267C
YGR275W	YMR131C
YAL011W	YDL181W
YBR235W	YNR047W
YBL045C	YIL061C
YLL050C	YNL138W
YIR010W	YKL152C
YJL164C	YNR019W
YDR322W	YKR085C
YDL159W	YGR287C
YDL101C	YJR104C
YBL032W	YKL025C
YGL120C	YGR130C
YER167W	YER177W
YDL214C	YMR165C
YCR057C	YLR003C
YIL035C	YPR110C
YER125W	YJL164C
YIR010W	YJL165C
YBL101C	YER177W
YBR098W	YDR386W
YHR016C	YMR109W
YIR010W	YOR341W
YAL034W-A	YOL069W
YAL038W	YPR129W
YDL028C	YNL116W
YDR188W	YML028W
YBL032W	YDR534C
YJL020C	YPL031C
YDR129C	YHR027C
YDL132W	YLR134W
YBL032W	YHR205W
YAL053W	YGL203C
YBL032W	YKL112W
YLR015W	YPL138C
YCR063W	YGL128C
YGL071W	YPR052C
YCL014W	YPR119W
YDL006W	YJL128C
YDR099W	YJL141C
YAL027W	YPR171W
YMR139W	YOL061W
YDR027C	YOR036W
YGR142W	YJR127C
YEL037C	YER021W
YBR079C	YGL106W
YHR135C	YOR204W
YHR027C	YOR117W
YBL003C	YCL054W
YGL059W	YNR039C
YBL032W	YCL037C
YBL032W	YDR512C
YHR111W	YPL031C
YBR194W	YNL138W
YIR010W	YOR026W
YAL051W	YPL146C
YDR028C	YER129W
YBR194W	YDL140C
YJR074W	YOR185C
YFL045C	YOR212W
YER164W	YOR039W
YGL189C	YML065W
YJL164C	YLR173W
YBR035C	YDL214C
YBR079C	YDL019C
YDL075W	YPL012W
YDR074W	YHR082C
YBL047C	YOL054W
YER092W	YLR052W
YFR027W	YPL008W
YDL143W	YHR200W
YER006W	YPR161C
YFR004W	YKL182W
YBL032W	YIL051C
YBL032W	YGR071C
YBL032W	YMR069W
YJL035C	YLR316C
YEL034W	YOL133W
YCR008W	YDL053C
YOR070C	YOR089C
YFR004W	YNL141W
YLR330W	YNL045W
YDR404C	YER139C
YDR388W	YPL140C
YAL038W	YHR027C
YML012W	YPR181C
YFR024C-A	YOL107W
YDR088C	YGR074W
YCR088W	YDR388W
YNL138W	YNR035C
YDR107C	YGL200C
YCR008W	YPL031C
YFR004W	YHL030W
YDR088C	YMR213W
YDR283C	YLL005C
YDR331W	YHR026W
YGL252C	YNL132W
YGR021W	YHR135C
YGL203C	YHL016C
YDL101C	YER125W
YDL097C	YHR200W
YJL164C	YKL062W
YBL032W	YFR017C
YGR209C	YLL060C
YNL197C	YOR052C
YGL056C	YHL016C
YNL216W	YPL106C
YGL190C	YPR154W
YGR205W	YKL168C
YIR010W	YOR096W
YLR223C	YOR039W
YBR194W	YIL148W
YLR413W	YNL197C
YDR359C	YJL081C
YHR140W	YJL214W
YBR020W	YMR117C
YBR278W	YCL032W
YBL039C	YHR027C
YFR015C	YIL045W
YFR004W	YIL075C
YER155C	YIR010W
YBL032W	YJL140W
YHR135C	YNL154C
YLL019C	YMR102C
YMR048W	YOR124C
YDR498C	YML058W
YER162C	YIL063C
YJL151C	YKL140W
YDR259C	YER114C
YGR215W	YMR188C
YDR032C	YHR001W
YJR084W	YOL117W
YER012W	YPR108W
YHR200W	YOR176W
YGR133W	YOL147C
YDR011W	YGL056C
YLR438W	YPL150W
YAL017W	YMR184W
YBL032W	YKR092C
YCL014W	YNL209W
YBR279W	YLL063C
YKR048C	YPR086W
YDR310C	YFR024C-A
YCR011C	YNL154C
YDL185W	YKL080W
YBL032W	YER158C
YHR190W	YHR200W
YDL134C	YPL152W
YBR059C	YPL106C
YNL090W	YOR089C
YER178W	YOR090C
YCR042C	YNL222W
YFR004W	YOR280C
YBL032W	YBR108W
YCR038C	YLR353W
YBR079C	YJR145C
YBR107C	YJR135C
YBR177C	YFR004W
YAL053W	YLR292C
YIL149C	YNL135C
YMR192W	YNL209W
YAL043C	YBL032W
YDR206W	YPR129W
YGR052W	YNL076W
YER023W	YFR004W
YCR030C	YGR241C
YBL015W	YJR035W
YDR247W	YGL208W
YEL044W	YLR052W
YMR172W	YOR039W
YGL018C	YPL031C
YBR130C	YJL164C
YOR096W	YOR310C
YMR155W	YPL031C
YBR164C	YPL031C
YBL024W	YOL113W
YDR011W	YPL265W
YDR277C	YJR090C
YER133W	YLR134W
YEL019C	YHR154W
YDL029W	YMR216C
YKR083C	YMR083W
YDL140C	YOR117W
YKL071W	YPL157W
YLR337C	YNL084C
YCL032W	YCR027C
YBR077C	YKR007W
YDL216C	YMR025W
YOR327C	YPL232W
YBR158W	YGR163W
YKL145W	YOL117W
YGR088W	YLR291C
YDL029W	YOR259C
YDR188W	YPL150W
YHR140W	YMR279C
YIL105C	YKL051W
YBL003C	YOL006C
YDR251W	YDR466W
YHR076W	YPR171W
YPL031C	YPL201C
YCL044C	YPR024W
YER177W	YGL181W
YKL142W	YNL063W
YDR342C	YMR049C
YDR028C	YOR267C
YIR010W	YLR044C
YER021W	YKR101W
YFR004W	YMR037C
YBR200W	YNR071C
YKL058W	YOR093C
YDR063W	YNR035C
YFL013C	YPL048W
YGR276C	YNL154C
YBL003C	YJR144W
YLR429W	YPR093C
YHR082C	YOR141C
YDR122W	YPL256C
YER012W	YML092C
YGL116W	YPR119W
YDR077W	YOR330C
YDR483W	YLR166C
YDL082W	YGL030W
YER133W	YOR117W
YKR048C	YNL209W
YMR216C	YMR304W
YDR247W	YPR115W
YGL058W	YML101C
YFR004W	YMR219W
YDL222C	YIL105C
YAL028W	YPL026C
YBL003C	YMR223W
YOL049W	YPL031C
YDL089W	YPR028W
YDL084W	YHR027C
YBL041W	YER105C
YIR010W	YOR004W
YNR019W	YPL031C
YER126C	YHR197W
YDR368W	YFR004W
YGL035C	YKL074C
YER125W	YLR017W
YGL181W	YGR178C
YIL062C	YKL013C
YBL032W	YNL003C
YKL025C	YLR291C
YAR002W	YBR194W
YBR103W	YMR155W
YGR130C	YJL165C
YIR024C	YNL118C
YBR194W	YGR186W
YGR136W	YPR081C
YDR004W	YDR076W
YDR456W	YLR372W
YDL097C	YKL049C
YJL107C	YOR265W
YHR156C	YOR238W
YBL032W	YOR106W
YGL158W	YPR072W
YJR135C	YOL054W
YHR200W	YLR438W
YER178W	YLR166C
YER044C-A	YMR133W
YBL032W	YOR137C
YDR057W	YMR297W
YLR203C	YLR429W
YPL048W	YPR080W
YPL201C	YPR036W
YBR078W	YOL133W
YLR011W	YLR291C
YER042W	YIR037W
YBR159W	YGL055W
YBL032W	YKL163W
YGL247W	YOR103C
YGR130C	YOR273C
YFR024C-A	YMR302C
YGL070C	YPR093C
YDR343C	YER125W
YFR004W	YLR058C
YDL006W	YPL141C
YGR008C	YIL143C
YCR091W	YMR216C
YDL126C	YKL049C
YDL082W	YLR287C-A
YCR088W	YDL029W
YBR020W	YML051W
YGL181W	YPL049C
YNL308C	YPR110C
YBL018C	YBR167C
YNL258C	YOR075W
YMR291W	YOR089C
YPL006W	YPR032W
YBR036C	YJL214W
YPL146C	YPR161C
YKL016C	YLR166C
YER022W	YMR112C
YDR388W	YER129W
YBR194W	YML017W
YMR173W	YMR216C
YLR438C-A	YPR080W
YBR183W	YLR372W
YGR252W	YPL031C
YHR200W	YNL209W
YOR191W	YPL082C
YJL222W	YKL065C
YBL032W	YPR194C
YFR048W	YHR082C
YDR009W	YOL133W
YAR031W	YGL053W
YBL032W	YPR129W
YHR027C	YOR204W
YFR021W	YNL242W
YBR098W	YHR016C
YJR102C	YMR077C
YJL141C	YPL247C
YGR060W	YML075C
YDR490C	YIR044C
YER120W	YML065W
YHR135C	YHR156C
YAL016W	YHR135C
YJR145C	YLR367W
YIL113W	YKL161C
YAR019C	YCR091W
YNL031C	YPR018W
YDL029W	YOR117W
YGR029W	YLR424W
YHR082C	YLR055C
YDL140C	YDR463W
YGR275W	YKR008W
YBL032W	YNR014W
YNR033W	YOL045W
YHR001W	YOR273C
YCL037C	YIR010W
YBL045C	YFR004W
YDL117W	YER177W
YEL037C	YHL030W
YBL032W	YMR291W
YDR463W	YJR090C
YBL032W	YNL112W
YIL027C	YMR112C
YBL032W	YBL101C
YML074C	YOR061W
YMR182C	YNL197C
YKL050C	YLR423C
YDL126C	YPR152C
YBL022C	YGR231C
YHR200W	YOR341W
YDR146C	YPL031C
YIL002C	YML074C
YBL075C	YDR044W
YNL112W	YPR152C
YGR231C	YHR135C
YBR063C	YDR369C
YIL062C	YNL243W
YGR002C	YHR090C
YBL007C	YFR024C-A
YBL091C-A	YNL197C
YFR004W	YJR094W-A
YLR096W	YNR039C
YMR209C	YNL197C
YHL048W	YHR140W
YHL020C	YOR061W
YHR088W	YNL002C
YOR174W	YPL129W
YFR004W	YLL045C
YDR032C	YDR369C
YJL106W	YNL116W
YDR356W	YLL003W
YBL003C	YHR193C
YGL158W	YHR104W
YCR106W	YGL247W
YBR182C	YMR172W
YGL181W	YPL031C
YBR159W	YNR019W
YGL173C	YGR086C
YHR194W	YPL117C
YAR002W	YPR152C
YLR328W	YML064C
YER042W	YFR004W
YIR010W	YNL006W
YCL052C	YHR140W
YFR004W	YFR044C
YDR028C	YER133W
YCR093W	YIR010W
YGR186W	YPL129W
YBL032W	YLR256W
YBR254C	YDR108W
YJR048W	YNL154C
YBL058W	YJL006C
YGL158W	YGL245W
YJR098C	YMR304W
YGL207W	YKL049C
YLR460C	YPL031C
YIL072W	YNL154C
YJL151C	YMR152W
YDR143C	YER006W
YDR277C	YJL020C
YHR135C	YNL314W
YMR165C	YNL197C
YML048W	YMR149W
YJL020C	YOR047C
YHR016C	YPR081C
YKL054C	YKL117W
YFL031W	YHR082C
YMR149W	YPL265W
YLR306W	YPL003W
YDL188C	YNL209W
YML008C	YMR015C
YNL101W	YPR028W
YKL074C	YNL210W
YGR085C	YOR204W
YDL005C	YPL042C
YKL182W	YLR044C
YBR106W	YNR055C
YBL027W	YDL082W
YER006W	YNL061W
YOR058C	YPL146C
YCR012W	YDL097C
YFL045C	YJR035W
YER177W	YLR177W
YFL047W	YFR004W
YBL032W	YDL231C
YDR169C	YPR080W
YGR215W	YOL027C
YBR159W	YML123C
YKL171W	YOL104C
YGL062W	YML058W
YGL200C	YHR110W
YBR114W	YMR315W
YBR159W	YPR198W
YLR291C	YPL070W
YDR388W	YFR004W
YOR319W	YPR152C
YHR082C	YPL048W
YJR104C	YNL135C
YDR260C	YEL060C
YER021W	YPR110C
YBL003C	YOL054W
YDL165W	YPL042C
YGL233W	YGR152C
YNL209W	YPR045C
YBR107C	YIR010W
YAL053W	YDR497C
YJL008C	YOR117W
YJL164C	YPL100W
YDL006W	YPL180W
YBL032W	YKL002W
YHR169W	YIR010W
YER006W	YML065W
YFL039C	YLR291C
YIR010W	YLR095C
YDL025C	YMR049C
YJL148W	YOR310C
YBL032W	YDL233W
YDR347W	YKL155C
YCR084C	YGL025C
YBL032W	YOR273C
YBL032W	YGL192W
YDL029W	YDR063W
YLR315W	YOL054W
YGL158W	YLR055C
YJR153W	YNL197C
YMR304W	YOR326W
YIL034C	YIL062C
YGL059W	YHR082C
YJL106W	YMR100W
YKL006W	YML065W
YER049W	YFR004W
YCR086W	YOR061W
YER132C	YGR135W
YDL214C	YHR139C
YPL049C	YPL070W
YHR073W	YJL164C
YJR063W	YLR248W
YCL059C	YMR093W
YDL181W	YKR054C
YDR176W	YLR423C
YBR137W	YOL111C
YGR052W	YIL045W
YHR152W	YLR044C
YDR012W	YOR096W
YER125W	YKL144C
YBL032W	YOR085W
YDR434W	YHR188C
YDR345C	YHR027C
YNL236W	YPL042C
YJL036W	YPL201C
YLR166C	YOR332W
YBL032W	YDR505C
YDR295C	YNL250W
YCL014W	YHR135C
YDL101C	YHR135C
YAL027W	YLR429W
YHR082C	YNR047W
YGL212W	YPL232W
YJL140W	YPR093C
YLR079W	YOR039W
YJL148W	YJR063W
YGL158W	YML048W
YNL006W	YPL180W
YBR079C	YOR052C
YPL012W	YPL266W
YDR307W	YLR372W
YEL030W	YPL256C
YFR024C-A	YOR247W
YBL032W	YGR077C
YKL129C	YOR047C
YIL075C	YKL145W
YGR159C	YNL154C
YBL032W	YCL004W
YCR077C	YDL184C
YDL115C	YMR291W
YKR096W	YPR129W
YDR377W	YML081C-A
YAL011W	YGR086C
YMR037C	YMR172W
YBL030C	YBL045C
YAL068C	YGL158W
YBR243C	YGL047W
YOR145C	YPL266W
YIR010W	YOR039W
YHR152W	YJR105W
YEL013W	YJL151C
YKL049C	YKR046C
YKL049C	YOR117W
YBL032W	YMR041C
YCR057C	YOR310C
YAL017W	YKL035W
YBL032W	YOR066W
YFR004W	YOR204W
YFR004W	YPL061W
YOR117W	YPL061W
YBR106W	YCR037C
YMR032W	YMR109W
YGR086C	YNL073W
YHR082C	YNL073W
YDL029W	YIL062C
YKR092C	YNL112W
YDR258C	YPL190C
YBR159W	YPR194C
YAL026C	YJL034W
YGL207W	YHR200W
YDR141C	YGL203C
YJL164C	YNL098C
YBL032W	YDR522C
YAL060W	YAL061W
YDR377W	YPL078C
YDR316W	YLR447C
YBR253W	YGL025C
YAL017W	YDR259C
YAL011W	YBL003C
YER006W	YHR088W
YDR185C	YKL053C-A
YJL020C	YJR149W
YGL158W	YHL027W
YDR057W	YKL145W
YJL173C	YPL082C
YDL140C	YDR356W
YGL025C	YLR071C
YLR354C	YNL053W
YAL001C	YDR362C
YKR092C	YOR267C
YER092W	YOR141C
YER063W	YKR048C
YFR021W	YML059C
YGL073W	YJL141C
YIR010W	YML072C
YGL070C	YGR186W
YJL164C	YOR386W
YBR207W	YDR284C
YGL190C	YNL154C
YLR182W	YNL261W
YBL007C	YLR206W
YCR081W	YMR112C
YGL056C	YML072C
YBL032W	YOR227W
YML031W	YPR021C
YLR378C	YMR149W
YDL025C	YOR272W
YJL005W	YPR152C
YJL034W	YPR181C
YDL087C	YLR298C
YBL097W	YDR388W
YER105C	YKL057C
YDL053C	YGL203C
YAL038W	YHR169W
YJR121W	YLR052W
YKL210W	YPR080W
YDL185W	YFR004W
YKL065C	YMR149W
YGR085C	YNL061W
YHR158C	YPR119W
YML065W	YNL069C
YDR466W	YHL024W
YBL093C	YOL051W
YDR135C	YOR233W
YFR024C-A	YGL201C
YBR010W	YBR081C
YBR136W	YJL173C
YER178W	YKL049C
YKR006C	YKR085C
YBR289W	YNL031C
YBR059C	YMR297W
YFR004W	YHR193C
YBL047C	YFR004W
YJR121W	YML065W
YDL052C	YDL143W
YLR367W	YOR096W
YKL067W	YLR367W
YBR059C	YGR159C
YGR276C	YKL171W
YEL061C	YLR454W
YGL082W	YLR166C
YER133W	YLR449W
YAR031W	YCR030C
YHR082C	YPL031C
YDR425W	YGL161C
YDL140C	YLR015W
YDR247W	YGR249W
YLL019C	YLR044C
YBL032W	YHR082C
YER177W	YLR433C
YBR253W	YLR071C
YJL088W	YOR117W
YDR247W	YNL295W
YDL215C	YMR304W
YML049C	YMR117C
YBL032W	YJL083W
YDR216W	YOL148C
YKL129C	YOR247W
YBL003C	YLR449W
YDL140C	YOR166C
YCR012W	YNL006W
YIL126W	YNL116W
YDR388W	YOR329C
YDR054C	YFL029C
YBR279W	YNL251C
YGR077C	YOL044W
YGL037C	YHR200W
YER164W	YGL207W
YKL049C	YPL001W
YBL006C	YIL126W
YLR337C	YMR109W
YGR108W	YOR171C
YBL007C	YBR250W
YDR027C	YLR262C
YBL032W	YCL008C
YCL037C	YNL251C
YDR330W	YOL133W
YBR289W	YPR034W
YIL105C	YLR423C
YMR105C	YMR199W
YEL051W	YJL036W
Q0130	YOL027C
YNL098C	YOL081W
YDL185W	YHR200W
YHR135C	YNL116W
YIL107C	YPL026C
YHR135C	YIL077C
YAL053W	YML072C
YHR087W	YIL162W
YDL126C	YML013W
YGL207W	YOL088C
YJL219W	YML048W
YDR143C	YGR192C
YCR008W	YNL106C
YJL001W	YML092C
YBL008W	YGR063C
YAL001C	YDL097C
YHR027C	YPL048W
YGL197W	YNL025C
YPL026C	YPL088W
YER006W	YGL120C
YDR392W	YEL009C
YDR404C	YNL251C
YBR200W	YGL233W
YDR331W	YDR343C
YGR192C	YKL129C
YLR071C	YMR112C
YDL126C	YLR450W
YLR223C	YOR247W
YCR004C	YDL101C
YJL128C	YLR058C
YCR065W	YJR102C
YBR194W	YMR070W
YLR357W	YPR034W
YNL209W	YPR129W
YAR002W	YGL086W
YBL007C	YKR001C
YMR197C	YOR327C
YHR200W	YPL160W
YGL120C	YPL146C
YER164W	YKL049C
YDR099W	YHR027C
YKL049C	YNR053C
YEL002C	YPR011C
YDL134C	YDL188C
YBL032W	YOR113W
YCR105W	YHR082C
YBL032W	YDR259C
YGR130C	YKL049C
YNL308C	YPL012W
YER125W	YER177W
YGL158W	YKR048C
YAL016W	YOL113W
YDR388W	YGL106W
YLR102C	YPL031C
YER133W	YNL002C
YGL120C	YHR088W
YCR008W	YJL164C
YDL126C	YKL039W
YCL027W	YLR330W
YCR051W	YFR004W
YML048W	YPR106W
YPR081C	YPR154W
YGL055W	YNL197C
YCR086W	YOR281C
YER033C	YPL031C
YBR159W	YIL105C
YER139C	YJL006C
YEL009C	YOR174W
YJR096W	YPL150W
YLR125W	YMR030W
YCL059C	YGL120C
YKL145W	YPR080W
YDR384C	YPR156C
YJR141W	YPL141C
YDL140C	YIR010W
YDL140C	YGR063C
YLR085C	YLR399C
YLR025W	YNL265C
YDR388W	YLR429W
YHR152W	YPR152C
YJL020C	YLR206W
YBR036C	YHR026W
YBL030C	YML065W
YER019C-A	YOR103C
YAL034W-A	YBR073W
YGL233W	YJL085W
YKR035W-A	YNL265C
YFR004W	YGL206C
YLR178C	YMR257C
YFR004W	YIL041W
YER120W	YMR216C
YJR130C	YNL197C
YFL042C	YPR110C
YKL152C	YPL061W
YGL134W	YOL113W
YJR063W	YPR110C
YEL058W	YNL218W
YHR027C	YOR375C
YDL206W	YNL197C
YER105C	YIL061C
YJL196C	YNL101W
YHR079C	YMR165C
YBR055C	YLR424W
YBL032W	YIL049W
YDR027C	YJL034W
YHR027C	YOR056C
YLR134W	YPL031C
YGL059W	YMR165C
YCL008C	YNL154C
YNL197C	YNL322C
YGR209C	YHR152W
YOR361C	YPR152C
YIL109C	YKL171W
YFL039C	YOR367W
YER093C	YER125W
YBL007C	YCR100C
YDR404C	YLR071C
YGL207W	YGL244W
YER133W	YER177W
YDL084W	YOR166C
YBR169C	YNL209W
YHR155W	YNL197C
YDL232W	YEL002C
YKR085C	YNL252C
YDR096W	YIR033W
YIL063C	YKL054C
YBR106W	YGL200C
YBR170C	YLR044C
YGL158W	YHL003C
YER125W	YHR131C
YBL032W	YBR212W
YJR090C	YOR344C
YIL035C	YJR096W
YDL140C	YIL143C
YLR423C	YPR165W
YDR074W	YER178W
YAL016W	YFR004W
YML058W	YNL310C
YFR004W	YJL020C
YGR059W	YMR065W
YBR107C	YCR008W
YCL059C	YNL308C
YLR378C	YOR085W
YFR004W	YJL001W
YAL028W	YNL197C
YDR012W	YOR310C
YMR105C	YOR327C
YJL068C	YOL017W
YCR008W	YDL177C
YML064C	YPL111W
YDR135C	YOR061W
YCL043C	YPL141C
YJR144W	YLR074C
YBL032W	YIL031W
YDL185W	YEL027W
YNL209W	YOR197W
YJL051W	YNL154C
YHL027W	YMR032W
YCR084C	YDL126C
YKL171W	YMR184W
YGL048C	YHR200W
YHL030W	YHR200W
YBL007C	YPL012W
YBL074C	YDR283C
YGR086C	YPR152C
YBR041W	YIL124W
YER144C	YNL197C
YJL110C	YJL164C
YFR004W	YNL135C
YEL037C	YGL048C
YCL043C	YHR082C
YER143W	YOR327C
YDR284C	YGL203C
YFL047W	YOR104W
YFL017C	YLR438C-A
YBR107C	YDR254W
YER120W	YMR049C
YBL064C	YHR079C
YLR438C-A	YNL118C
YER047C	YKL129C
YAR019C	YDL101C
YOR361C	YPR086W
YNL132W	YOR096W
YBR010W	YDR457W
YDR001C	YPL216W
YML091C	YMR036C
YMR216C	YNL173C
YBR212W	YIR037W
YKL145W	YPR108W
YFR048W	YNL197C
YJL207C	YLR330W
YGR134W	YJR011C
YER006W	YPL146C
YGR258C	YIL143C
YIL109C	YPR181C
YER125W	YGL219C
YBL007C	YBL047C
YDR254W	YLR315W
YDR303C	YPL082C
YGR275W	YJR094W-A
YFR052W	YHL030W
YKR025W	YPR110C
YHR110W	YKL065C
YDR016C	YKL052C
YDR283C	YOR056C
YBR106W	YJR015W
YDR188W	YML093W
YHL048W	YLR372W
YHR031C	YKL054C
YBR279W	YIL035C
YML072C	YMR266W
YFL039C	YFR004W
YBR093C	YCL043C
YDL101C	YDR531W
YIL075C	YPR108W
YJL164C	YKR100C
YDL126C	YLR377C
YGL059W	YOR134W
YEL051W	YOR174W
YBL075C	YLL060C
YBL075C	YPL117C
YBL032W	YER169W
YHR027C	YHR068W
YLR291C	YLR438C-A
YLR039C	YOR361C
YBL032W	YLR462W
YDR005C	YPR110C
YKL144C	YKR025W
YLR291C	YNL314W
YDR216W	YPR086W
YHR079C	YKL168C
YBR200W	YGL212W
YKL161C	YPL049C
YBR239C	YFR024C-A
YNL209W	YOL006C
YLR071C	YNL236W
YDL082W	YOR096W
YHR200W	YKR039W
YEL051W	YMR120C
YEL044W	YOR141C
YBL030C	YJR048W
YDR388W	YJR139C
YKR014C	YOR089C
YEL037C	YLL050C
YIL077C	YNL154C
YGL201C	YLR274W
YDR283C	YGL190C
YFR004W	YOL109W
YGL145W	YNL258C
YML051W	YMR223W
YKR014C	YPR028W
YBR205W	YFL038C
YJL164C	YKL160W
YMR256C	YPL190C
YDL134C	YHR135C
YDL019C	YPL026C
YHR068W	YPL031C
YBL041W	YDL188C
YKL065C	YML123C
YIL128W	YLR291C
YDR086C	YLR378C
YBL091C-A	YIR038C
YDR258C	YOR117W
YHR088W	YHR197W
YER125W	YPL146C
YBL039C	YJL030W
YDL028C	YPR115W
YCR084C	YNL167C
YDR434W	YIR033W
YGL212W	YLR166C
YBR095C	YML065W
YIR010W	YPL105C
YBR034C	YHR027C
YDL075W	YLL045C
YER059W	YMR311C
YEL042W	YLR166C
YKL065C	YLR034C
YMR037C	YPL042C
YGR278W	YOR361C
YLR248W	YNL272C
YER091C	YOR117W
YNL197C	YPL165C
YGL055W	YMR015C
YBR005W	YER125W
YIL108W	YML105C
YFR024C-A	YMR109W
YIR038C	YJL097W
YDL134C	YGL190C
YDR118W	YNL172W
YDR359C	YGL158W
YKL074C	YLR423C
YDR540C	YHR135C
YAL026C	YDR054C
YDL140C	YDR359C
YGL030W	YPR152C
YHR105W	YPL246C
YIL061C	YLR298C
YDL054C	YGR174C
YDL084W	YHR167W
YBR200W	YNR047W
YLR324W	YPR028W
YBR055C	YDR283C
YKL049C	YOR254C
YNR024W	YOR204W
YML065W	YNL209W
YJR025C	YPR054W
YIL121W	YML072C
YLR292C	YOR324C
YIL151C	YKL171W
YBL003C	YJL081C
YDR099W	YLR345W
YDR001C	YJL164C
YDR002W	YMR235C
YLR072W	YLR173W
YNL002C	YPR115W
YDL082W	YNL069C
YBR049C	YPL082C
YAL026C	YDR497C
YBL030C	YER053C
YBL049W	YCL039W
YBL032W	YOR172W
YBR010W	YBR195C
YBR055C	YGR074W
YBL007C	YIL144W
YDR270W	YNL259C
YMR027W	YPR036W
YGR052W	YJL105W
YIL011W	YMR201C
YBL036C	YOL078W
YBR059C	YGL059W
YIL034C	YPL031C
YFR004W	YMR027W
YGR207C	YOR018W
YBR200W	YMR197C
YAL040C	YLR096W
YDR007W	YNL154C
YBR210W	YGL207W
YDR392W	YPL082C
YER020W	YJL016W
YLR048W	YLR274W
YGR086C	YHR027C
YAL035W	YHR200W
YHR027C	YJR007W
YBR055C	YMR120C
YCL059C	YHR148W
YGR172C	YPL095C
YML064C	YMR246W
YBR108W	YLR248W
YLR248W	YMR184W
YBL003C	YGL207W
YIR010W	YKL049C
YHR027C	YNR043W
YDL140C	YGL207W
YJL222W	YKL049C
YGL156W	YPR110C
YDR411C	YLR207W
YBL032W	YGL066W
YGR002C	YML065W
YFL047W	YKL171W
YLR248W	YNR047W
YGL158W	YNL117W
YER044C	YML008C
YBL007C	YHR135C
YDR388W	YFL039C
YNL138W	YOR122C
YBL089W	YNL197C
YBR194W	YJR121W
YKL049C	YOR061W
YKL049C	YMR304W
YIL071C	YNL209W
YGR037C	YLL019C
YNL209W	YOR128C
YBL030C	YBR194W
YGL213C	YOR076C
YDR099W	YNR047W
YGL190C	YMR036C
YHR158C	YNL084C
YAR002C-A	YIL043C
YDR285W	YMR117C
YDR227W	YFL045C
YBL032W	YDL054C
YFR004W	YJR139C
YER023W	YNL259C
YFR004W	YLR300W
YBL032W	YJL159W
YBR260C	YPL140C
YBR272C	YDL097C
YNL112W	YOR056C
YBR055C	YBR149W
YEL051W	YNL250W
YOR341W	YPR110C
YDR073W	YOL051W
YJL005W	YNL138W
YFR004W	YPR181C
YBR136W	YML058W
YBR081C	YGL066W
YLR372W	YNL154C
YBR107C	YLR315W
YDR143C	YGL207W
YAL028W	YKL171W
YBR106W	YOR117W
YJR094C	YMR139W
YBL020W	YDL085W
YBL032W	YPL162C
YGR186W	YJL164C
YLR423C	YPL174C
YDL101C	YOL123W
YGR074W	YMR213W
YER022W	YPL042C
YML065W	YOR096W
YFL039C	YGL106W
YER006W	YGL030W
YLR399C	YOR039W
YBL003C	YHR167W
YGL207W	YNL031C
YHR200W	YKL145W
YKR092C	YOR310C
YBL088C	YNL265C
YJL164C	YML048W
YNL069C	YOR096W
YFR004W	YPR145W
YGL238W	YOR185C
YER012W	YNR016C
YKR006C	YLR166C
YFL039C	YLR274W
YNL209W	YOR069W
YDR148C	YDR388W
YBR278W	YDR388W
YDR356W	YNL126W
YKL145W	YPR152C
YKL049C	YLR330W
YDR247W	YGL207W
YHR027C	YPL262W
YHR079C	YNL272C
YDR118W	YKL022C
YBR200W	YCL005W
YAR019C	YHR079C
YAL026C	YDL019C
YAL028W	YBL032W
YBL047C	YHR135C
YEL012W	YHR205W
YML049C	YPR152C
YDL126C	YDR411C
YBR279W	YPL084W
YJL210W	YNL214W
YBL080C	YGR102C
YDL160C	YOR326W
YHR027C	YMR246W
YGL048C	YML124C
YAR018C	YOL113W
YOR056C	YOR096W
YDR411C	YML013W
YIL075C	YKL049C
YNL031C	YOR025W
YKL160W	YLR429W
YLR082C	YOL138C
YCR093W	YDR443C
YGL058W	YGR180C
YER050C	YOL027C
YPL141C	YPL201C
YGR286C	YMR070W
YGL062W	YPL031C
YDR011W	YML072C
YBR254C	YFL038C
YGL203C	YLR330W
YBL045C	YHR027C
YBL047C	YJL148W
YHR200W	YLL050C
YDR108W	YGL207W
YHR169W	YPR080W
YHR135C	YOR254C
YBL007C	YNL138W
YGR186W	YJL140W
YER021W	YGL048C
YDR005C	YKR025W
YBR207W	YIL047C
YNL069C	YOR204W
YDR131C	YPR093C
YBR170C	YML013W
YER006W	YLR325C
YBR179C	YLR368W
YJL164C	YLL029W
YLL045C	YNL002C
YDL138W	YDR277C
YDR404C	YJL164C
YMR149W	YNR055C
YBR200W	YGL116W
YKL080W	YMR054W
YBL041W	YJL001W
YER012W	YER177W
YPR156C	YPR192W
YDL075W	YDR418W
YFR004W	YGL037C
YAR019C	YOR267C
YDL159W	YIL113W
YJL001W	YOR157C
YBR108W	YJL165C
YER126C	YNR053C
YKL011C	YMR201C
YDR104C	YMR032W
YDR012W	YFR004W
YDR238C	YHR169W
YBR279W	YKL049C
YGL245W	YPL141C
YBR095C	YMR075W
YCR073C	YJL128C
YDR347W	YJR060W
YDL134C	YOR176W
YJL148W	YPR110C
YHR027C	YKL035W
YBL047C	YCR030C
YBR142W	YGL059W
YDL134C	YPR110C
YDR011W	YHR096C
YLR449W	YMR049C
YDR119W	YJL178C
YDR331W	YKL006C-A
YIL043C	YOL006C
YDL005C	YDR443C
YHR135C	YKL210W
YGL219C	YLR368W
YLR096W	YLR438W
YHR088W	YNL061W
YJL164C	YOR141C
YDL019C	YGL059W
YAL041W	YPR129W
YDL232W	YOL132W
YDR307W	YJL091C
YDL209C	YGR074W
YDR457W	YLL021W
YER006W	YIL035C
YDL185W	YEL023C
YBL030C	YJL143W
YER139C	YGL070C
YBL032W	YIL105C
YGL210W	YNL161W
YDR418W	YOR117W
YDL171C	YMR117C
YDR443C	YNL236W
YDR456W	YJL044C
YIL047C	YJL164C
YEL013W	YOR106W
YDR227W	YMR219W
YBL032W	YOR296W
YBR079C	YNL243W
YDR498C	YNL258C
YBL003C	YNL209W
YBR010W	YOR025W
YDR086C	YFR004W
YCR093W	YKL049C
YBR106W	YFR004W
YGR225W	YNL210W
YGR159C	YKL193C
YGL038C	YGL055W
YDL134C	YMR028W
YCR030C	YGR130C
YDR208W	YJL164C
YHR200W	YPR118W
YBR059C	YLR392C
YML028W	YML065W
YFR024C-A	YGL181W
YHR200W	YMR226C
YER177W	YIR010W
YDR111C	YEL030W
YBL006C	YPL082C
YMR159C	YPR034W
YGL087C	YOR220W
YER125W	YMR120C
YBR254C	YDR246W
YHR027C	YLR134W
YJL106W	YNL272C
YCL037C	YKL054C
YCL014W	YPL106C
YDL214C	YKR092C
YBL032W	YCR063W
YDL126C	YOR117W
YDL075W	YNL069C
YFL029C	YPR054W
YCR065W	YPL106C
YGL106W	YLR429W
YGL030W	YHR204W
YBL061C	YHR135C
YNL197C	YOL063C
YGR136W	YKL117W
YAL001C	YIR010W
YMR280C	YOR047C
YBR036C	YEL027W
YCR033W	YOL068C
YDR099W	YHR200W
YBR194W	YGL106W
YBL032W	YDR420W
YDR517W	YJL099W
YDR088C	YER013W
YBR055C	YBR152W
YER125W	YMR171C
YBR177C	YMR109W
YJR007W	YLR291C
YDR497C	YGL203C
YNL308C	YPR161C
YNL197C	YPR149W
YDR411C	YJL106W
YER162C	YGL167C
YDR033W	YHR027C
YOR227W	YPR152C
YLL021W	YPL140C
YBR156C	YMR094W
YDR156W	YNL197C
YBR041W	YMR246W
YCR004C	YFR004W
YDL185W	YIL144W
YDR414C	YMR155W
YKL171W	YNL167C
YEL059C-A	YMR150C
YDR414C	YLR242C
YML065W	YOR324C
YGL059W	YJR049C
YBR253W	YPR086W
YGR135W	YJR143C
YDR059C	YPR093C
YDR356W	YIL144W
YDR388W	YKL129C
YKL049C	YNR016C
YGL035C	YJL020C
YER133W	YGR252W
YJL164C	YPR115W
YDR032C	YLR326W
YNL084C	YNL243W
YDR012W	YER012W
YLR071C	YOL148C
YBL032W	YLR052W
YBR106W	YBR183W
YNL074C	YNL197C
YGR210C	YMR109W
YFR036W	YNL172W
YGL200C	YIL109C
YOR326W	YPR032W
YDL185W	YOR117W
YLR274W	YLR429W
YKR058W	YPL170W
YBR135W	YGR108W
YDR143C	YGL037C
YDR192C	YLR335W
YGR184C	YIL075C
YER133W	YMR049C
YAL049C	YDL025C
YKL049C	YOR267C
YIL071C	YMR025W
YFR024C-A	YPL031C
YLR025W	YLR181C
YDL132W	YDR131C
YER139C	YMR291W
YLR095C	YPL082C
YMR032W	YPL084W
YIL050W	YML065W
YBL032W	YNR035C
YJL070C	YJL164C
YDR122W	YML065W
YBR211C	YIR010W
YBR164C	YDR141C
YDL171C	YPL031C
YIL144W	YLL021W
YBL032W	YDR033W
YBR106W	YNL048W
YBL032W	YLR151C
YHR016C	YNL243W
YEL037C	YER143W
YFR004W	YJL060W
YMR131C	YOR319W
YHR082C	YPL041C
YHL021C	YPL150W
YNL092W	YOR329C
YPL082C	YPR073C
YBR031W	YKL116C
YPL249C	YPR154W
YGL158W	YNL272C
YGR060W	YIL027C
YKR001C	YMR204C
YLR055C	YPL082C
YNL031C	YPL001W
YFR052W	YOR117W
YBL032W	YMR096W
YML074C	YPR115W
YLR284C	YML064C
YGR204W	YKL198C
YKL112W	YOR039W
YHL019C	YHR135C
YHR082C	YMR302C
YHR200W	YPL048W
YBR103W	YOL068C
YDL101C	YNL250W
YER143W	YHR027C
YLR071C	YNL025C
YER040W	YNL103W
YGR249W	YMR139W
YDL143W	YHR169W
YGL212W	YOL129W
YNL197C	YNR044W
YEL013W	YPR149W
YIR010W	YPL127C
YBR237W	YNL154C
YGR252W	YLR055C
YDL160C	YPR129W
YDR443C	YPL042C
YOL053W	YPL031C
YJL157C	YMR304W
YDL075W	YGL030W
YBR254C	YMR218C
YHR205W	YMR216C
YBL032W	YPL031C
YER177W	YNL031C
YDL188C	YHR152W
YDL185W	YLR052W
YFR004W	YHR039C
YPL031C	YPR119W
YKL006C-A	YOR106W
YER178W	YHR200W
YJL178C	YOR316C
YJL020C	YLR337C
YFR022W	YLR248W
YGR254W	YHR200W
YBR079C	YOR096W
YIL002C	YJL083W
YBL032W	YBR238C
YHR070W	YNL138W
YDR303C	YKR008W
YGL134W	YKR058W
YER125W	YMR257C
YER133W	YHR082C
YDR113C	YGL116W
YBL075C	YPR119W
YDL111C	YOR326W
YJR103W	YKL117W
YER133W	YER158C
YDR074W	YHR200W
YJR021C	YNL210W
YJL141C	YNL014W
YGR254W	YPR152C
YBR298C	YLR372W
YNL009W	YOR089C
YBR194W	YNL172W
YDL140C	YER125W
YBL032W	YOL045W
YDR356W	YMR117C
YIR010W	YPL231W
YDL029W	YKL129C
YCL032W	YMR117C
YLR287C-A	YNL302C
YFR004W	YPL048W
YBL032W	YGR268C
YDL185W	YML124C
YBR010W	YLR449W
YML065W	YPL008W
YHR013C	YOR061W
YDR143C	YIL034C
YDR227W	YNL031C
YJR015W	YOR036W
YIL061C	YKR028W
YNL154C	YNL245C
YFL038C	YMR218C
YCL040W	YHR027C
YGL200C	YPR201W
YCR030C	YML098W
YER012W	YPR080W
YCR086W	YHR061C
YBL003C	YNL262W
YMR070W	YPL127C
YDL185W	YHR027C
YBL032W	YCR033W
YDR099W	YJR090C
YBR010W	YIL035C
YER125W	YJL151C
YBL032W	YNL066W
YLR314C	YNL154C
YJL196C	YPL227C
YGR167W	YJL006C
YER068W	YIR010W
YBL007C	YJL106W
YBL033C	YFR004W
YLL018C-A	YPL031C
YBL032W	YPR083W
YBR158W	YML064C
YDR386W	YNL308C
YBR059C	YIL160C
YDL126C	YNL031C
YGL173C	YJL141C
YDR103W	YOR326W
YBR010W	YNL167C
YLR055C	YOL051W
YBL032W	YCR030C
YAL028W	YNL154C
YFL039C	YHR016C
YGL037C	YPL070W
YHR135C	YNR019W
YGL245W	YHR082C
YGR134W	YPR072W
YFR024C-A	YNL243W
YDR466W	YPL246C
YER006W	YOR267C
YHR200W	YLR372W
YKL182W	YPR152C
YOL054W	YPL001W
YKL049C	YOR259C
YBR010W	YGR081C
YDR188W	YFL039C
YMR153W	YPL031C
YBR010W	YER169W
YFL031W	YHR079C
YDR099W	YML065W
YHR200W	YOL038W
YBR137W	YOR007C
YFR024C-A	YIR010W
YMR070W	YNL197C
YGR029W	YJR048W
YOR117W	YPR145W
YML072C	YMR011W
YIR007W	YPR080W
YEL060C	YNL161W
YKR048C	YLR441C
YBR055C	YMR105C
YEL051W	YLR447C
YHR096C	YKL051W
YDR032C	YLR291C
YGL187C	YGL213C
YEL025C	YLR452C
YBR054W	YKR039W
YDR388W	YJR115W
YJL070C	YMR131C
YGR086C	YPL150W
YNL023C	YOR326W
YHR027C	YPR145W
YPR032W	YPR055W
YDR028C	YDR099W
YBL032W	YGL083W
YIL125W	YOR005C
YGL207W	YJL164C
YDL006W	YKR048C
YCR016W	YJL165C
YER006W	YGR085C
YMR197C	YOR036W
YIR037W	YML070W
YHR152W	YPL061W
YBL003C	YNL059C
YCR012W	YIL128W
YBR081C	YGL244W
YJL151C	YML013W
YFR035C	YPL031C
YER021W	YIR025W
YCL009C	YER012W
YAL026C	YBR023C
YGR060W	YLR343W
YIL050W	YLR190W
YLR080W	YPR181C
YBR170C	YGL059W
YJL164C	YLL038C
YCL014W	YDR388W
YBR177C	YKL140W
YDL115C	YGR186W
YML092C	YOL038W
YDR032C	YLR429W
YHR200W	YJL088W
YDR358W	YGL206C
YHR027C	YJL060W
YGR085C	YHR200W
YDR247W	YDR257C
YGR275W	YLR321C
YFR004W	YOL158C
YOR165W	YPR028W
YKL074C	YPL105C
YDL188C	YGR135W
YGL172W	YLR335W
YDR238C	YJL151C
YAL043C	YDL140C
YHR152W	YIL105C
YBR103W	YDL185W
YIL072W	YPR007C
YIL144W	YIR010W
YDL097C	YFR052W
YBL075C	YLR345W
YGL207W	YHR082C
YDL140C	YKL058W
YDR028C	YPL031C
YJL008C	YNL212W
YGR159C	YOL006C
YIL107C	YMR139W
YDL078C	YOL147C
YIL027C	YJL151C
YBL032W	YHR188C
YBR106W	YHR200W
YLR085C	YOL012C
YCR088W	YOR047C
YIR016W	YNL161W
YDR229W	YHR135C
YER050C	YJR031C
YDL087C	YGL173C
YDR219C	YHR117W
YGL158W	YJR142W
YCR086W	YIR010W
YBR055C	YDL098C
YMR246W	YOL133W
YBL032W	YHR079C
YNL085W	YNL090W
YHR082C	YNL272C
YBR212W	YKL171W
YML065W	YOR310C
YLR248W	YOR018W
YBR108W	YHR016C
YKL035W	YOL045W
YIL128W	YMR112C
YLR079W	YLR345W
YBR265W	YJL151C
YDR001C	YDR099W
YGR052W	YOR341W
YDR443C	YOL051W
YBL032W	YKL037W
YBR272C	YKL145W
YDR050C	YOR117W
YNL314W	YOR304C-A
YGR063C	YJL140W
YFR004W	YMR015C
YEL060C	YIL128W
YER125W	YFL010C
YOR197W	YPR154W
YAL026C	YGL203C
YBL088C	YGR099W
YBL032W	YER144C
YML022W	YOR117W
YKL049C	YOR039W
YBL056W	YMR246W
YKR028W	YPL049C
YJL044C	YLR262C
YER021W	YPR119W
YAL034W-A	YDR318W
YBR011C	YKL108W
YBL032W	YNR055C
YBR194W	YDL126C
YDR490C	YGR086C
YBL003C	YOR341W
YDR505C	YPR154W
YCR012W	YER133W
YCR081W	YNL236W
YDR453C	YML028W
YCR073C	YDL125C
YGR167W	YOR231W
YBL032W	YBR229C
YHR026W	YPR156C
YHR090C	YNL031C
YOL051W	YPR086W
YAL041W	YOR212W
YEL002C	YPL227C
YBL075C	YNL250W
YGR159C	YIR010W
YBR272C	YHR200W
YIR010W	YMR031C
YGL233W	YNL272C
YER156C	YFR004W
YBL032W	YIR010W
YJL084C	YPL265W
YHR135C	YNL172W
YHL030W	YKL145W
YBL007C	YGL206C
YDR229W	YPL031C
YDR359C	YGR002C
YLL017W	YNL098C
YAL014C	YJR125C
YDL143W	YFR004W
YGR192C	YKL039W
YPR106W	YPR115W
YER034W	YPL031C
YDR099W	YNR034W
YBL007C	YHL016C
YHR197W	YMR049C
YGL203C	YLR413W
YBR081C	YGL252C
YIL126W	YJR094C
YGL173C	YPL190C
YCL035C	YFR004W
YDR418W	YNL069C
YDL140C	YEL009C
YDR369C	YKL022C
YLL063C	YMR015C
YDR247W	YOL116W
YJR145C	YOR056C
YML064C	YNL218W
YBR159W	YGR060W
YGL158W	YPL031C
YGR142W	YOR327C
YBL032W	YBR135W
YGR178C	YPL049C
YDR077W	YEL065W
YBL032W	YLR437C
YMR235C	YPL111W
YCL035C	YKL198C
YDL075W	YLR287C-A
YFL039C	YNL079C
YKL080W	YOR332W
YFL037W	YKL039W
YML093W	YOR310C
YEL061C	YOL038W
YBL032W	YHR011W
YNL154C	YOR107W
YBL032W	YMR081C
YDR143C	YNL197C
YGL207W	YIR010W
YGL201C	YPR154W
YGL245W	YMR048W
YKL171W	YKR097W
YDL188C	YOR157C
YMR304W	YPR115W
YER129W	YGL035C
YBL003C	YGL173C
YDR517W	YPR080W
YGR030C	YMR117C
YEL034W	YOR361C
YGL244W	YOR039W
YDL006W	YJL106W
YFR024C-A	YPR055W
YGL212W	YJL151C
YGL120C	YOR185C
YIL101C	YNL197C
YJL173C	YNL014W
YKL049C	YKL057C
YLR044C	YPR152C
YHR135C	YLR256W
YBR108W	YGR136W
YDR192C	YPR181C
YAR019C	YLL019C
YDR388W	YPL249C
YFR004W	YLR441C
YBL058W	YML064C
YLR079W	YML092C
YOR117W	YOR375C
YCR012W	YFR004W
YJL122W	YPR152C
YGL120C	YGL173C
YER012W	YFR004W
YIL126W	YKR001C
YBR270C	YPL255W
YCR057C	YLR367W
YBR106W	YGR060W
YMR102C	YPL026C
YDL076C	YPL139C
YCL032W	YHR135C
YMR075W	YNL031C
YBR059C	YKR092C
YGL237C	YPR069C
YGL197W	YNL197C
YBR079C	YIL071C
YEL009C	YOL051W
YGR203W	YNL314W
YFR022W	YNL154C
YPR154W	YPR171W
YBL032W	YLR378C
YOR212W	YOR281C
YHR016C	YLL005C
YKR088C	YLR080W
YBR272C	YML065W
YHL048W	YJL091C
YER048C	YPL031C
YDL115C	YGL070C
YGL059W	YNL245C
YBL032W	YDR208W
YKR048C	YLR429W
YER091C	YFR004W
YCL059C	YOR287C
YER105C	YNR047W
YBR194W	YIL105C
YGR108W	YGR225W
YHR200W	YPL262W
YKL152C	YOR117W
YNL272C	YPR055W
YDL140C	YNL197C
YGR180C	YPR106W
YGR192C	YKL142W
YBR059C	YLR377C
YNL107W	YOL012C
YDR388W	YGR098C
YCR057C	YNL132W
YCR057C	YLR441C
YHR079C	YIL061C
YCR091W	YMR165C
YJL029C	YPL026C
YBR183W	YKL065C
YBL007C	YHR079C
YHR026W	YIR038C
YDL222C	YKL051W
YBR199W	YOL132W
YBL032W	YER167W
YKL193C	YMR139W
YDR386W	YPR119W
YDR388W	YGR159C
YCR012W	YNL192W
YBR035C	YDL101C
YFL062W	YPR192W
YDR247W	YNL210W
YDR188W	YHR135C
YIR010W	YPL082C
YGR258C	YOL044W
YFR004W	YLR017W
YGL025C	YMR112C
YIR010W	YNL132W
YNL059C	YPL082C
YDR188W	YHR169W
YLR058C	YOL054W
YBL045C	YHR200W
YAL035W	YBR079C
YML048W	YPL031C
YGL084C	YJL012C
YNL002C	YNL061W
YDR357C	YEL005C
YGL158W	YGR252W
YCR100C	YPL141C
YCR081W	YDL005C
YDL140C	YER139C
YDL160C	YNL197C
YFL038C	YOR036W
YML058W	YNL172W
YGL158W	YGR210C
YDR362C	YPL007C
YGR254W	YJL129C
YHR193C	YPR111W
YBL093C	YDL140C
YDR392W	YGL066W
YBR291C	YHR096C
YDL214C	YDR216W
YDR176W	YGR252W
YLR178C	YOL081W
YGR276C	YOR267C
YCL040W	YHR200W
YER021W	YHL030W
YHR096C	YPL265W
YBL032W	YER128W
YBR079C	YDL005C
YJL122W	YLR397C
YAL041W	YPL161C
YMR291W	YOR141C
YGL158W	YML065W
YGL106W	YMR173W
YGR180C	YJL006C
YKL074C	YML046W
YBR106W	YLR034C
YDL039C	YJL165C
YER059W	YJL020C
YDR044W	YGR087C
YOR141C	YPL141C
YBR211C	YDR318W
YER133W	YKL193C
YJR143C	YNL197C
YIL113W	YLL019C
YER133W	YHR158C
YKR048C	YPL150W
YBR207W	YDR141C
YGR061C	YOR117W
YDR285W	YOL069W
YIL138C	YNL079C
YBR106W	YGR224W
YKL023W	YMR216C
YGR275W	YIR010W
YHL042W	YPR028W
YIL035C	YOL054W
YGL070C	YGR063C
YER133W	YOR061W
YDR388W	YML123C
YDL082W	YML065W
YAR019C	YBR156C
YGR108W	YHR135C
YDL097C	YDL215C
YBR031W	YML072C
YCL043C	YKL171W
YDR238C	YKL049C
YGL237C	YOR047C
YOL051W	YPL082C
YJL051W	YLR248W
YFR021W	YGL190C
YCL056C	YCR092C
YLR295C	YNL197C
YBR194W	YNL112W
YDL140C	YMR075W
YDL028C	YIL151C
YER062C	YIL045W
YDR156W	YNL172W
YDR135C	YDR150W
YKL049C	YOR090C
YLR450W	YOL113W
YDL126C	YDR028C
YJL020C	YKL049C
YHR027C	YLR060W
YJL214W	YLR093C
YFL039C	YMR109W
YBL032W	YIL151C
YHR200W	YPR145W
YKR021W	YPL031C
YNL209W	YPR161C
YDR027C	YGL233W
YBR142W	YER035W
YFR004W	YNL241C
YGR085C	YJR145C
YFR004W	YPL231W
YDR016C	YJR135C
YFR004W	YNL112W
YLR452C	YML038C
YIL043C	YML065W
YNL138W	YPR152C
YER020W	YOR273C
YDL078C	YKL185W
YBR272C	YFR004W
YBL007C	YMR109W
YLR074C	YLR325C
YDR027C	YLR166C
YGL120C	YLR424W
YBR106W	YPR198W
YDR434W	YGR192C
YBL032W	YIL080W
YGR210C	YPR106W
YGL173C	YLL019C
YBL032W	YDR406W
YHR131C	YIL035C
YER133W	YER167W
YLR055C	YOL148C
YGL023C	YJL164C
YBR194W	YDR050C
YOR319W	YPR188C
YBL032W	YLR239C
YGR048W	YJL020C
YBR019C	YPL031C
YGR136W	YMR048W
YOR134W	YPR165W
YKR101W	YNL216W
YKL049C	YNL112W
YBL032W	YPL179W
YER144C	YLR291C
YNL232W	YNL251C
YOL111C	YOR007C
YHR135C	YLR003C
YDL019C	YKL129C
YCR057C	YGR135W
YLR315W	YPL255W
YCL009C	YNL212W
YHR135C	YNL293W
YBL008W	YBR215W
YBR059C	YDR247W
YDR129C	YEL037C
YML124C	YOR259C
YBR159W	YMR279C
YDL037C	YOL138C
YER125W	YLR291C
YCL014W	YHR197W
YKR008W	YPR034W
YHR146W	YIR010W
YEL037C	YOR117W
YCL059C	YCR057C
YNL209W	YPL001W
YBR253W	YER022W
YFR024C-A	YMR253C
YIR038C	YML038C
YBL032W	YPL056C
YDR306C	YOL133W
YEL037C	YMR276W
YNL042W	YPL026C
YAL035W	YLR367W
YHR009C	YHR135C
YER044C-A	YLR329W
YDR150W	YER120W
YDR283C	YNL025C
YBL030C	YHR051W
YLR096W	YNL161W
YKR035W-A	YLR181C
YBL056W	YNL250W
YCL059C	YLR441C
YBL032W	YNL058C
YDR103W	YEL023C
YBL058W	YDR411C
YJL184W	YOR117W
YER022W	YML105C
YNL085W	YPR034W
YBR194W	YJL005W
YDR103W	YER132C
YKL002W	YLR423C
YBR106W	YOL030W
YNL074C	YNL154C
YBR015C	YLR378C
YGR134W	YPL216W
YJL141C	YMR037C
YML058W	YOL006C
YJL034W	YNR030W
YER139C	YJL141C
YBR023C	YJL099W
YDR054C	YNL236W
YDR254W	YNR062C
YER092W	YLR423C
YGL120C	YNR053C
YOR005C	YOR272W
YNL154C	YOL104C
YCR093W	YJL141C
YDL214C	YEL037C
YML064C	YML078W
YDL006W	YPL161C
YBL032W	YCR008W
YLR284C	YOR180C
YLR378C	YMR200W
YBL032W	YDL088C
YFR004W	YJR048W
YBR108W	YDR388W
YLR450W	YML013W
YDL137W	YGR052W
YKL161C	YNL053W
YBL032W	YPL113C
YDL089W	YLR324W
YBR010W	YPR031W
YDL091C	YDL126C
YBR001C	YGL106W
YGR060W	YKR088C
YLR447C	YOR047C
YKL114C	YPL127C
YBL032W	YIL101C
YGR276C	YJL164C
YCR030C	YLR337C
YDR176W	YPL082C
YLR262C	YPR028W
YIR010W	YJR121W
YGL066W	YOL148C
YBR079C	YPR152C
YBL032W	YPR032W
YDR388W	YLR096W
YNL209W	YPR110C
YIR025W	YNL172W
YDL097C	YKL145W
YOL065C	YPL026C
YBL011W	YKL116C
YHR197W	YOR272W
YGL167C	YKR039W
YER007W	YER012W
YBL032W	YER040W
YDR012W	YPR129W
YGL172W	YML092C
YOL060C	YPL031C
YBR194W	YKL022C
YDR347W	YGR215W
YDL075W	YNL002C
YMR032W	YOR191W
YGR133W	YJL210W
YCR008W	YOR326W
YDR244W	YLR377C
YAL042W	YBR229C
YHR200W	YJL060W
YMR049C	YNL061W
YDR163W	YER013W
YDR143C	YLR420W
YDL226C	YFL039C
YAL038W	YKL049C
YBR130C	YFL039C
YIR010W	YLR357W
YBR041W	YDL193W
YKL045W	YNL262W
YER104W	YJL173C
YHR026W	YLR034C
YGR074W	YML046W
YGL207W	YPR052C
YHR148W	YOR145C
YDR028C	YFR004W
YDL165W	YER068W
YJL034W	YLR207W
YCR091W	YDR173C
YER047C	YMR117C
YBL003C	YNL002C
YCL054W	YNL154C
YBR108W	YNL154C
YCL054W	YNL002C
YDL019C	YNL154C
YGL039W	YPL031C
YDL028C	YDR356W
YDR129C	YLR330W
YLR295C	YPL141C
YDL159W	YMR322C
YGL158W	YOR193W
YDL078C	YML105C
YLR262C	YNL293W
YBR108W	YGR086C
YGL120C	YNL132W
YER092W	YNL059C
YCR077C	YPR129W
YKL145W	YLR292C
YBL032W	YOR245C
YIL035C	YKL112W
YDL025C	YDL097C
YBL032W	YDR223W
YBL032W	YML091C
YCR005C	YGL252C
YBR194W	YDR483W
YFR015C	YPL031C
YBR281C	YML064C
YMR036C	YPR161C
YJL214W	YPR198W
YCL040W	YOR310C
YEL034W	YOR117W
YLR055C	YMR227C
YER093C-A	YHR079C
YLR079W	YOR061W
YHR200W	YJL008C
YHR200W	YJR007W
YFR004W	YMR276W
YGL206C	YLR330W
YPL106C	YPR171W
YCR057C	YPL266W
YDL185W	YMR054W
YIL126W	YPR052C
YGL252C	YLR085C
YBR289W	YJL176C
YIR010W	YNL118C
YPL106C	YPL183C
YFL037W	YFR004W
YMR304W	YPL031C
YDR388W	YJL084C
YLR348C	YOR297C
YBR106W	YJL196C
YDR310C	YHR152W
YAL030W	YOR036W
YBR023C	YGL203C
YGL048C	YPR108W
YEL037C	YGL207W
YIL063C	YNL084C
YAL011W	YFL039C
YBL007C	YKL054C
YGR136W	YOR197W
YGL158W	YJR094W-A
YJL085W	YLR166C
YER068W	YLR438C-A
YDL226C	YOL129W
YDR148C	YNL092W
YBL007C	YNL161W
YKL065C	YNL101W
YIR010W	YNL085W
YDR118W	YIR025W
YAL016W	YOR094W
YBR135W	YPL256C
YDL126C	YKL145W
YKL193C	YML049C
YJL164C	YPL232W
YBL032W	YER045C
YDR188W	YMR028W
YER059W	YPL031C
YAL040C	YBL032W
YJL164C	YPR171W
YDL159W	YDR103W
YDL222C	YLR454W
YBR211C	YJR135C
YIR010W	YOR310C
YER133W	YGR237C
YGL056C	YIL121W
YDR099W	YNL031C
YDL097C	YIL075C
YLR429W	YPR171W
YBR108W	YMR032W
YEL002C	YML048W
YCL050C	YFR004W
YLR326W	YML072C
YGR126W	YNL293W
YKL155C	YOL027C
YBR265W	YHR082C
YJR090C	YPL256C
YGL048C	YGL207W
YDL006W	YHR079C
YJL066C	YMR048W
YDL195W	YOR250C
YCR093W	YIL075C
YCR008W	YER174C
YAL035W	YFR004W
YDL006W	YGR052W
YBR079C	YEL034W
YBR183W	YNL101W
YIR010W	YOL006C
YMR199W	YPL031C
YER125W	YHL024W
YJR056C	YNL197C
YLR399C	YPL042C
YJR025C	YOL113W
YDR173C	YLR096W
YER132C	YMR139W
YFR024C-A	YMR304W
YBL032W	YMR164C
YBL007C	YML097C
YBL032W	YNL241C
YHR140W	YPL227C
YGR184C	YJL141C
YBR159W	YPL189W
YDR150W	YNL271C
YBR010W	YJL176C
YDR388W	YLR218C
YBL032W	YGL128C
YHR200W	YLR354C
YBR130C	YJL106W
YCR008W	YDL006W
YJR060W	YMR094W
YEL034W	YJR007W
YLR048W	YMR109W
YGL244W	YIL035C
YBR194W	YCR077C
YBR159W	YBR298C
YJL176C	YOR038C
YAR019C	YCR008W
YLR372W	YML048W
YER022W	YGR252W
YCR008W	YLR429W
YBR091C	YHR005C-A
YBR194W	YKL182W
YKL035W	YML064C
YDR169C	YHR135C
YBL032W	YGR023W
YCR086W	YDR388W
YAL053W	YBL032W
YBL003C	YOL012C
YHL042W	YHR032W
YBL032W	YDR425W
YMR120C	YNR034W
YCR024C	YNL154C
YGL200C	YPR194C
YGL206C	YJL084C
YAL028W	YHR135C
YER133W	YKL035W
YFR004W	YNL138W
YFL010C	YNL161W
YBR055C	YDR129C
YDR303C	YGR275W
YBR034C	YOL123W
YCL050C	YHR200W
YPL112C	YPR165W
YEL042W	YIR038C
YAL059W	YNR053C
YGL120C	YIL002C
YER022W	YPL210C
YJR004C	YNL197C
YDL222C	YLR326W
YGL059W	YKL116C
YBR235W	YNL197C
YML012W	YMR054W
YLR060W	YOR117W
YBR298C	YDR284C
YMR049C	YNL002C
YLR274W	YPL031C
YKL065C	YLR378C
YBR019C	YLR055C
YER006W	YKL117W
YDL132W	YJR090C
YER107C	YPR119W
YGR167W	YGR241C
YGL238W	YNL236W
YBR055C	YDL078C
YDL195W	YHR027C
YMR213W	YPR152C
YCL037C	YKL049C
YDR418W	YLR441C
YBL032W	YPR181C
YAL043C	YPL008W
YKL049C	YOL054W
YFR033C	YNL197C
YGL192W	YOR125C
YFL039C	YNL243W
YDR373W	YER177W
YFL037W	YGR252W
YJR082C	YOL113W
YDL003W	YFR027W
YIR010W	YNL302C
YBL032W	YDL247W
YML065W	YPL129W
YOL027C	YOR150W
YGR002C	YJR082C
YFL039C	YHR090C
YER133W	YOR341W
YMR276W	YPL031C
YHL024W	YPR129W
YDR425W	YNL243W
YCL014W	YKR048C
YKL035W	YOR310C
YGL059W	YHR157W
YBR006W	YKL023W
YDR320C	YGL206C
YML051W	YOL148C
YCR088W	YCR099C
YBL024W	YDR247W
YKR041W	YPL031C
YJL036W	YPR105C
YCR073C	YHR157W
YCR106W	YGR081C
YKR097W	YNL079C
YHR131C	YOR061W
YBL058W	YPL031C
YKL145W	YPR119W
YDR113C	YHR079C
YBL032W	YJR107W
YGL023C	YMR049C
YJL141C	YJL164C
YAL042W	YGL158W
YER125W	YGL206C
YGL033W	YGL183C
YOL133W	YOR319W
YBR106W	YMR149W
YBR036C	YBR159W
YJL020C	YPR184W
YOL044W	YOL147C
YFR004W	YNL208W
YHR082C	YLR096W
YDL126C	YFR004W
YDR283C	YNL213C
YDR188W	YIR010W
YFR004W	YLR028C
YHR152W	YNL172W
YER114C	YPL049C
YHR001W	YKR003W
YFR004W	YGR135W
YLR367W	YML065W
YJL029C	YLR262C
YIL047C	YPL031C
YGR052W	YMR165C
YBR169C	YDL005C
YMR041C	YOL045W
YKR054C	YOR326W
YDR386W	YJL020C
YNL131W	YOR061W
YLR071C	YPR086W
YLR325C	YNR053C
YHL042W	YML048W
YCR057C	YJR145C
YBR106W	YML012W
YDR306C	YMR105C
YHR009C	YOR359W
YDR277C	YNL073W
YHR135C	YLR030W
YBL032W	YOR018W
YER062C	YPL201C
YJL110C	YLR424W
YAL065C	YBL032W
YBR159W	YJR015W
YIL144W	YNR035C
YDR280W	YNL251C
YDR228C	YGL044C
YER133W	YLR028C
YFR004W	YOR220W
YML058W	YPR083W
YPL232W	YPR032W
YOR061W	YOR287C
YDR099W	YER133W
YBL032W	YCR091W
YLR096W	YMR196W
YGL206C	YNL106C
YDL029W	YNL271C
YFR004W	YLR244C
YLR206W	YOL111C
YKL013C	YNL138W
YGR086C	YLR079W
YBL032W	YCR073C
YLR079W	YPL256C
YBR114W	YOR332W
YHR096C	YPR156C
YJR090C	YLL050C
YJL030W	YPR176C
YGL158W	YMR223W
YGL158W	YML091C
YBR200W	YHR082C
YDL005C	YPL129W
YFL039C	YOR326W
YJL173C	YJR141W
YDR202C	YKL080W
YJL210W	YOL044W
YLL045C	YNR024W
YGL106W	YLR203C
YDR483W	YPR152C
YNL116W	YNL154C
YDR176W	YDR208W
YFR024C-A	YJL151C
YBL032W	YNL322C
YGR086C	YJR156C
YPL129W	YPR034W
YDR331W	YKR039W
YLR039C	YLR262C
YLR433C	YOR324C
YJL164C	YMR165C
YGL245W	YNL045W
YDL075W	YLR367W
YBL032W	YLL019C
YHR079C	YJL034W
YER022W	YOR174W
YJL034W	YKL145W
YDR388W	YGL070C
YMR139W	YOR326W
YDR418W	YGL030W
YDR139C	YPR066W
YGR130C	YMR117C
YDL005C	YOR174W
YGL048C	YNL112W
YLR399C	YOR061W
YIL150C	YKL045W
YBR159W	YCR024C-A
YCR106W	YMR094W
YBR159W	YLR080W
YML058W	YPL031C
YDR054C	YPL256C
YBL003C	YKL049C
YBL061C	YPR080W
YKL140W	YMR152W
YHR200W	YOR096W
YMR291W	YNL154C
YGL237C	YKL109W
YAL043C	YGL044C
YAL034W-A	YIR010W
YOR061W	YOR254C
YML065W	YNR021W
YAL041W	YGL233W
YBR106W	YDR307W
YER125W	YKR009C
YKL189W	YPL049C
YDR259C	YLR423C
YBR036C	YHL003C
YLR141W	YML065W
YGR037C	YMR109W
YEL051W	YOR327C
YHR200W	YPR043W
YDR216W	YNL025C
YDR331W	YHL003C
YER073W	YFR004W
YKL129C	YNL232W
YBL032W	YOR134W
YBR194W	YNL271C
YGR205W	YMR315W
YCL040W	YER125W
YGL198W	YGR172C
YDL159W	YOL123W
YGR224W	YHR152W
YJL020C	YKL025C
YER006W	YER133W
YHR027C	YPL160W
YBR106W	YNL275W
YHL016C	YKL051W
YMR109W	YNR035C
YJL164C	YKR048C
YAL040C	YLR182W
YCR030C	YLR206W
YJL106W	YLR295C
YBR059C	YJR111C
YCR012W	YIR010W
YCR061W	YDL035C
YLR454W	YPL180W
YDL140C	YLR071C
YHR027C	YIL109C
YBL020W	YPL117C
YOR056C	YOR204W
YGR203W	YLR397C
YDR099W	YNL042W
YDR103W	YDR148C
YKL006W	YLR424W
YDL132W	YLR267W
YDL185W	YGL201C
YAR019C	YHR169W
YDL115C	YDR404C
YDR254W	YJR135C
YKR021W	YNL197C
YKL190W	YMR211W
YDR303C	YKR001C
YBR015C	YML012W
YCL032W	YDR103W
YBL032W	YPL193W
YHR135C	YPL100W
YLR441C	YOR096W
YBL007C	YNL084C
YBR036C	YCL052C
YAL053W	YER100W
YGL120C	YLR074C
YFR004W	YKL145W
YIL027C	YML012W
YGL156W	YGL215W
YKL054C	YNL118C
YER033C	YNL161W
YBR159W	YHR140W
YDR244W	YNL214W
YCL043C	YIL035C
YDL126C	YOR197W
YBL045C	YMR036C
YNL161W	YNL272C
YFR004W	YPL117C
YBR106W	YOL132W
YDR329C	YMR204C
YBL061C	YPL031C
YKR007W	YOR316C
YML020W	YNL197C
YDR012W	YLR438C-A
YDR074W	YFR004W
YPL031C	YPL117C
YBR050C	YER133W
YBL058W	YJL164C
YGL145W	YOR075W
YDR323C	YGL095C
YER178W	YJL128C
YDR386W	YJR144W
YDR228C	YOR250C
YFL039C	YML065W
YGL059W	YKL062W
YGR026W	YHR135C
YDL171C	YKL049C
YDR096W	YER033C
YGL212W	YGR223C
YBR106W	YDR414C
YEL012W	YLR291C
YJL140W	YJL164C
YAL014C	YAL030W
YBR159W	YJL097W
YHR031C	YNL261W
YKR083C	YLR423C
YDR337W	YKL155C
YEL037C	YLR429W
YKR044W	YNL197C
YBL030C	YHR200W
YNL048W	YPR028W
YBL007C	YGL035C
YMR273C	YOR046C
YFR004W	YOR157C
YDR490C	YML074C
YFR004W	YIL148W
YGL212W	YOR089C
YER125W	YOR322C
YER012W	YGL058W
YFL013C	YJL081C
YBR142W	YOR272W
YCR030C	YPR119W
YNL222W	YPR086W
YFL037W	YGL238W
YHR182W	YKL168C
YGR167W	YNL243W
YER155C	YPL042C
YER133W	YLR367W
YBL032W	YBR299W
YGL120C	YJL176C
YER092W	YHR135C
YGR060W	YHR140W
YGR046W	YNL236W
YHR200W	YPL031C
YEL037C	YFR004W
YLR438W	YPL031C
YBL032W	YKR044W
YDL132W	YOL133W
YBR159W	YGL200C
YBL032W	YGR130C
YBL032W	YHL046C
YDL160C	YGR178C
YER125W	YKR092C
YGR180C	YHR027C
YER157W	YPL246C
YMR267W	YNL154C
YBL058W	YBR114W
YDR059C	YHR193C
YGL128C	YMR213W
YFR004W	YLR447C
YDR160W	YHR135C
YER013W	YMR213W
YDR386W	YKL022C
YCR015C	YGR163W
YER099C	YOL069W
YBR041W	YML008C
YLL050C	YLR039C
YLR450W	YPL139C
YKL145W	YKL210W
YHL014C	YIL043C
YHR027C	YOR361C
YNL132W	YPR106W
YDL155W	YER040W
YGL048C	YHR135C
YER041W	YHR027C
YDR188W	YGL023C
YER129W	YOR061W
YHR135C	YIL010W
YBL039C	YBR031W
YBL041W	YML092C
YCR073C	YLR006C
YBR177C	YHR027C
YDL126C	YOR075W
YML092C	YOR117W
YMR199W	YPL049C
YNL048W	YPR128C
YHL048W	YML048W
YGR063C	YIL035C
YDL195W	YNL112W
YLR178C	YNL009W
YDR244W	YJL210W
YBR205W	YLR378C
YBL003C	YPR161C
YBL032W	YNL275W
YGL158W	YOL051W
YMR075W	YPL082C
YDR418W	YLL045C
YGR276C	YIL035C
YBL007C	YBR059C
YNL135C	YOL012C
YHR200W	YJR103W
YBL006C	YGR275W
YER155C	YIL113W
YJR039W	YMR021C
YFR004W	YLR225C
YKL182W	YOR117W
YBR289W	YKL109W
YDR012W	YML072C
YBL032W	YPL014W
YBR055C	YGR204W
YGL223C	YKL006C-A
YBR135W	YDL155W
YIL050W	YPL031C
YJL012C	YPR154W
YBL039C	YGR252W
YHR167W	YLR423C
YER030W	YOL012C
YDL097C	YHL030W
YER125W	YLR069C
YNL197C	YPR119W
YLR377C	YPL180W
YCR057C	YMR093W
YIL035C	YKL108W
YFR004W	YGR085C
YHR027C	YPR118W
YER051W	YNL031C
YNL061W	YOR272W
YKL023W	YPL026C
YLR115W	YNL222W
YEL041W	YJR049C
YBL032W	YKL043W
YDR251W	YIR010W
YAL018C	YHR026W
YLR071C	YOL051W
YDR392W	YGL158W
YER003C	YFR004W
YGL002W	YML012W
YDL181W	YPL031C
YIL101C	YPL139C
YDR347W	YER050C
YCR008W	YGL084C
YDL209C	YGL120C
YDL028C	YMR117C
YMR139W	YPR106W
YBR059C	YER177W
YHL030W	YPR108W
YJR104C	YMR038C
YGL056C	YPR156C
YBL032W	YNR044W
YEL027W	YPR201W
YDR096W	YIL045W
YBL007C	YIL002C
YLR231C	YMR083W
YDR192C	YOR204W
YBL007C	YGR268C
YIL108W	YPR154W
YGL212W	YMR197C
YIR010W	YKL052C
YLR438C-A	YPL084W
YML012W	YMR149W
YDL039C	YNL197C
YLR372W	YML123C
YCR057C	YNR043W
YDR388W	YER125W
YKR101W	YPR018W
YOR204W	YOR310C
YDR146C	YPR034W
YIR010W	YPL106C
YFL039C	YGR002C
YKR035W-A	YLR025W
YIL034C	YNL138W
YDL141W	YHR200W
YLR074C	YNR053C
YDR148C	YIL125W
YDR277C	YDR456W
YBL007C	YBL088C
YER023W	YHR027C
YLR372W	YNL101W
YDL181W	YNL154C
YEL030W	YNL250W
YGL154C	YOR128C
YER020W	YHL016C
YNL107W	YNL209W
YER164W	YGR252W
YHR197W	YKR048C
YGR191W	YJL012C
YDR295C	YGL086W
YBR170C	YKL117W
YNL197C	YPL125W
YHR115C	YNL085W
YBR159W	YPR201W
YAR002C-A	YML012W
YFL010C	YHR205W
YNL154C	YOR141C
YGL086W	YJL030W
YBR177C	YIL124W
YDL143W	YKL054C
YHR088W	YOR267C
YLR454W	YMR065W
YDL111C	YGL120C
YLR079W	YPL031C
YBL047C	YPL031C
YFL013C	YNL059C
YGL201C	YIL150C
YFR004W	YLL001W
YCR012W	YHR152W
YGR060W	YLR378C
YDR362C	YHR135C
YBL032W	YDR069C
YBL074C	YBR055C
YBL011W	YDL101C
YFL039C	YOR304C-A
YAL059W	YNL135C
YFR052W	YJR133W
YBL032W	YJR126C
YER021W	YGL095C
YBR106W	YDR456W
YMR031C	YNL209W
YBL045C	YML064C
YHR016C	YJR083C
YPR020W	YPR194C
YLR450W	YML075C
YDR206W	YOR047C
YOR056C	YOR145C
YDL077C	YGL212W
YCR033W	YMR273C
YGL206C	YKL135C
YGL134W	YPR115W
YBR260C	YOR231W
YCR093W	YGL048C
YDR122W	YJL164C
YBR260C	YMR032W
YBL058W	YDR295C
YDR118W	YDR260C
YGL263W	YJR095W
YBR107C	YIL105C
YLR003C	YPL031C
YAL017W	YER133W
YDR254W	YDR318W
YNL002C	YOR272W
YDL185W	YNL250W
YDL101C	YMR031C
YDR050C	YPR152C
YFR052W	YHR027C
YKL013C	YMR109W
YCR081W	YGL025C
YBL039C	YOR117W
YDL222C	YDR032C
YOR046C	YPL140C
YIL034C	YNR035C
YIL035C	YOL088C
YCR077C	YNL118C
YER127W	YLR423C
YBR108W	YJL106W
YEL009C	YHR200W
YKL065C	YPR192W
YLR450W	YPL031C
YBR031W	YOR096W
YHR152W	YNL138W
YOR204W	YOR361C
YBL047C	YPL141C
YAL043C	YER133W
YLR378C	YOR103C
YFR015C	YJL137C
YGL120C	YOR096W
YBL032W	YDR038C
YBR006W	YOR089C
YIL035C	YNL262W
YGR209C	YIL107C
YGL203C	YKR088C
YOR061W	YOR341W
YDL084W	YHR200W
YCL008C	YPL084W
YLL045C	YLR441C
YLR429W	YNL031C
YEL009C	YGL058W
YDR239C	YHR135C
YAL035W	YGR102C
YHR200W	YMR246W
YDR256C	YPL031C
YHL048W	YHR026W
YLR424W	YMR213W
YOL017W	YOL051W
YER125W	YKR021W
YDR057W	YJL034W
YML072C	YNL271C
YGR191W	YHL042W
YIR010W	YKL182W
YGR077C	YKL197C
YKL160W	YOR061W
YKL006C-A	YOR036W
YKL182W	YML124C
YDR099W	YPL256C
YGL212W	YOR117W
YHR197W	YNL002C
YJL034W	YOL031C
YBL032W	YKR075C
YDL129W	YJL020C
YDR108W	YMR218C
YDR113C	YNL172W
YJL106W	YKL140W
YGL207W	YHR035W
YCR095C	YPR007C
YEL034W	YPL111W
YFL039C	YOR281C
YBR011C	YGL237C
YMR155W	YPL141C
YAR002C-A	YHR027C
YER006W	YLR074C
YAL025C	YIR010W
YBL032W	YOR052C
YKL210W	YPL026C
YDL181W	YJL106W
YBL020W	YIR038C
YBL030C	YHR001W-A
YKL168C	YNL154C
YIR010W	YLR315W
YFL050C	YGL059W
YGR295C	YPR192W
YJR084W	YPR045C
YHL003C	YPL150W
YDR414C	YGL259W
YKR048C	YOR090C
YCR093W	YGR134W
YDR247W	YJR130C
YHR200W	YML092C
YBL093C	YOR174W
YDR143C	YNL112W
YBR059C	YFR021W
YDR050C	YNL079C
YBR159W	YDL054C
YNL209W	YPL231W
YGL245W	YHR079C
YGR052W	YML013W
YNL154C	YNL173C
YFR004W	YOR046C
YDR388W	YGL201C
YJL163C	YNL197C
YDL209C	YOL113W
YER184C	YHR158C
YDL005C	YER157W
YDL082W	YLR441C
YDR012W	YGR085C
YHR105W	YML038C
YGR192C	YPR129W
YHR118C	YPL127C
YDR295C	YJL106W
YGR130C	YPL082C
YAL053W	YLR330W
YER022W	YJL140W
YGR209C	YKL191W
YJR145C	YLL045C
YER022W	YGR186W
YGL095C	YMR197C
YDL085W	YPR054W
YBR098W	YFR024C-A
YBL032W	YNL158W
YDR099W	YMR031C
YBL003C	YHL024W
YIR010W	YNR053C
YBL032W	YMR011W
YER125W	YNL243W
YKL129C	YKL152C
YER167W	YLR096W
YBL032W	YOL060C
YCR024C	YNL243W
YBR034C	YFR004W
YKL145W	YOR254C
YBR081C	YOL148C
YML081C-A	YPL078C
YJR145C	YPL082C
YBR194W	YNR016C
YLR367W	YOR310C
YDR188W	YLR335W
YLR300W	YMR049C
YBR031W	YJL122W
YDR307W	YFL062W
YJL034W	YLR166C
YHR079C	YNR047W
YDR498C	YOR075W
YER120W	YKL049C
YER133W	YMR311C
YER178W	YHR027C
YBR194W	YOR319W
YML028W	YNL079C
YNL053W	YNL197C
YJL180C	YKL054C
YDL193W	YOR185C
YML065W	YOR204W
YDL003W	YGR098C
YKL049C	YML117W
YGL058W	YLR015W
YGL116W	YJL013C
YKR028W	YNL106C
YDL144C	YKR025W
YGR065C	YKL051W
YOR039W	YOR361C
YCR073C	YHL020C
YGL053W	YJL196C
YGL071W	YIR018W
YLL019C	YOL054W
YBL032W	YMR006C
YBR059C	YOR329C
YJL222W	YOR085W
YKR009C	YPL031C
YDR141C	YNL209W
YHL016C	YML072C
YPR129W	YPR184W
YBR200W	YJL085W
YER006W	YLL045C
YER125W	YGR268C
YBL007C	YNL144C
YBR253W	YDR443C
YBR130C	YHR135C
YGL056C	YNL197C
YER157W	YJL036W
YBR279W	YGL058W
YKR014C	YMR258C
YDR176W	YGL066W
YER164W	YIL035C
YBR289W	YGL120C
YCR004C	YHR200W
YGL075C	YMR117C
YIR005W	YOR319W
YGL023C	YGR163W
YOR145C	YPL012W
YHR200W	YNL135C
YBR106W	YEL002C
YER099C	YOL061W
YOR061W	YPR181C
YHR079C	YJL051W
YDR069C	YOR204W
YDL028C	YIL072W
YDR388W	YOR195W
YDR318W	YIL144W
YGL158W	YHL020C
YER125W	YHR097C
YML065W	YOR288C
YHR172W	YIL149C
YKR006C	YOL027C
YBR183W	YMR149W
YAL059W	YPR152C
YNL197C	YPL049C
YBR031W	YER177W
YGR006W	YLR433C
YMR235C	YOR185C
YLR291C	YPL088W
YFR004W	YOR332W
YER013W	YGL120C
YPL141C	YPR128C
YGR223C	YIL034C
YGL030W	YIL125W
YER021W	YOR117W
YIR038C	YNR030W
YFR036W	YIR025W
YDR012W	YPL190C
YBL032W	YML051W
YCR012W	YML072C
YBL049W	YIL097W
YFR004W	YKR048C
YML065W	YOR061W
YML098W	YOR174W
YER013W	YGR278W
YGL245W	YJL106W
YHR175W	YPL246C
YER177W	YLR256W
YAL034W-A	YLR052W
YMR049C	YMR093W
YCL014W	YPL031C
YGL095C	YGL203C
YCR042C	YMR219W
YER125W	YKR018C
YKR003W	YOR273C
YDL132W	YDR054C
YIL035C	YLR399C
YNR047W	YPL031C
YDL195W	YPR043W
YBR195C	YOR100C
YBL032W	YIR041W
YER062C	YHR027C
YBR081C	YGL120C
YDR012W	YHR200W
YFL039C	YIR010W
YAL041W	YBL032W
YKL210W	YLR096W
YHR118C	YNL261W
YKR028W	YPR161C
YMR304W	YOR204W
YAL016W	YHR027C
YGR167W	YLR166C
YER092W	YJL141C
YDR016C	YIR010W
YLR321C	YLR345W
YML028W	YPL106C
YJL164C	YPR152C
YBR031W	YLR438C-A
YCR093W	YNL025C
YGL200C	YPR181C
YNL243W	YPL266W
YBR135W	YLR085C
YML074C	YPR073C
YFR004W	YOL058W
YKL049C	YNL138W
YNR033W	YPR154W
YFL039C	YKL049C
YDR227W	YHR154W
YBL075C	YLR325C
YDR070C	YGL059W
YGR052W	YPL180W
YDL226C	YGR172C
YJL164C	YOR347C
YJR090C	YNL076W
YFR017C	YJL164C
YER049W	YLR429W
YML058W	YMR083W
YBR108W	YJL164C
YAL030W	YJL204C
YLR166C	YNL272C
YER125W	YKL152C
YMR139W	YOL059W
YBR054W	YOR254C
YFR004W	YLR378C
YJL165C	YMR165C
YDL164C	YDR054C
YMR204C	YPL112C
YGR172C	YKR014C
YFR004W	YPR148C
YNL165W	YPL031C
YJL016W	YNL197C
YDR011W	YIL121W
YPL119C	YPR119W
YLR110C	YMR149W
YDR310C	YNL197C
YFR004W	YGL048C
YHR027C	YJL088W
YGR172C	YOL103W
YBL032W	YDR366C
YIL124W	YKL140W
YGL070C	YPL129W
YBL032W	YPR184W
YKL112W	YOR061W
YGL206C	YNL243W
YGR203W	YKL171W
YHR152W	YPL174C
YLL017W	YOR197W
YLR190W	YPL031C
YGL252C	YMR223W
YGR178C	YKL054C
YCR086W	YDL214C
YGL203C	YPL246C
YHR027C	YHR169W
YFR030W	YOR361C
YDL088C	YDR192C
YBL032W	YHR115C
YLL057C	YLR291C
YOL081W	YOR371C
YML048W	YMR011W
YHL048W	YKR088C
YNL172W	YPR152C
YJL176C	YPL129W
YJL214W	YML048W
YER068W	YFR004W
YDL019C	YMR109W
YJR145C	YLR441C
YMR112C	YPL129W
YIL149C	YKL042W
YGL206C	YLR206W
YHR135C	YMR049C
YDR085C	YER114C
YGR268C	YPL049C
YDL140C	YOR267C
YKL091C	YMR079W
YDL019C	YKL049C
YBL032W	YBR239C
YER098W	YJL164C
YHR016C	YPL246C
YDR247W	YJL005W
YKL015W	YML051W
YDL160C	YER035W
YGR156W	YLR115W
YKL049C	YPR110C
YDL226C	YOR327C
YBR050C	YDR099W
YGR085C	YLL045C
YGR052W	YNL117W
YPL127C	YPR161C
YBL093C	YPL129W
YDR386W	YPL129W
YDR465C	YGL172W
YAL053W	YNL192W
YDR238C	YHR027C
YBR081C	YBR253W
YDR404C	YPL129W
YGL030W	YKL067W
YBL032W	YDR096W
YPL189W	YPR192W
YER044C-A	YJR021C
YBR077C	YKR039W
YHR135C	YMR226C
YGL145W	YPR105C
YKL109W	YPL129W
YHR200W	YPL061W
YBR218C	YGL062W
YIL035C	YIL063C
YDL132W	YGL252C
YDL126C	YNL271C
YBR142W	YJL005W
YCR073C	YOR018W
YJL164C	YKL206C
YDL097C	YGL048C
YAR019C	YML064C
YFR004W	YOL059W
YKL155C	YMR188C
YBL032W	YBR235W
YDL078C	YDR244W
YER100W	YPL229W
YBR038W	YPR106W
YJL085W	YPR055W
YGR159C	YOR204W
YAL038W	YHR200W
YBL032W	YPL216W
YDR517W	YGL237C
YHR096C	YIR038C
YER125W	YGR136W
YGL106W	YKL160W
YGL158W	YMR235C
YLR231C	YPL031C
YDR283C	YEL009C
YKR001C	YLR052W
YGR252W	YOL148C
YMR065W	YPL192C
YIL076W	YLR429W
YFL038C	YGL198W
YCR008W	YDR044W
YDR148C	YGL030W
YFR027W	YPR119W
YFR004W	YNL239W
YDL117W	YNL197C
YAL028W	YHR082C
YDR143C	YPL012W
YBR036C	YBR106W
YGL210W	YML065W
YHR115C	YPL031C
YBR270C	YLR423C
YGL210W	YNL272C
YDR244W	YGR133W
YGR067C	YNL085W
YCL059C	YGL030W
YBR059C	YMR196W
YLR399C	YNL031C
YBL007C	YIL076W
YDR238C	YOR197W
YDL077C	YOR089C
YDL140C	YNL222W
YDR453C	YPR110C
YLR207W	YML013W
YBL032W	YMR074C
YDR259C	YGL181W
YAL041W	YBR079C
YDR466W	YER139C
YER020W	YIL105C
YDL195W	YNL197C
YGR086C	YGR130C
YEL034W	YGL025C
YFR004W	YOR007C
YDL101C	YFL030W
YHR079C-A	YPL121C
YOL051W	YPL042C
YFR004W	YNL014W
YIR025W	YKL022C
YBL032W	YLR079W
YDR039C	YNL197C
YKL049C	YNL243W
YER049W	YPL141C
YJL164C	YJR001W
YKR006C	YPR152C
YIL107C	YNL154C
YFR004W	YML070W
YPL190C	YPR080W
YDR238C	YPL246C
YFL038C	YIL148W
YCR077C	YJL140W
YGR135W	YJL164C
YOR117W	YPR108W
YML012W	YOR259C
YDL160C	YER068W
YNL197C	YOR204W
YER040W	YMR139W
YBR260C	YIL118W
YDR012W	YER006W
YHR026W	YML132W
YDL155W	YLR079W
YKR092C	YMR093W
YBR229C	YDR188W
YFR033C	YPL141C
YAL027W	YCR092C
YER111C	YER167W
YDL126C	YJL157C
YEL005C	YEL013W
YNL197C	YOR085W
Q0130	YPL078C
YBR095C	YKL185W
YER059W	YMR165C
YFR004W	YJR105W
YDL115C	YJL140W
YFR024C-A	YJR083C
YDR033W	YFR004W
YBR177C	YOL113W
YLR207W	YML075C
YJL196C	YKL065C
YBL075C	YFR004W
YHR158C	YML064C
YBR200W	YPR055W
YGL086W	YGL116W
YEL051W	YKR007W
YBR081C	YNL031C
YLR119W	YMR077C
YBR010W	YDR227W
YDR283C	YPR052C
YCL054W	YER006W
YBL032W	YJR004C
YEL051W	YMR054W
YDL188C	YOR073W
YAR002W	YER105C
YBR272C	YHR027C
YGL167C	YGR132C
YKL145W	YLR378C
YBR130C	YKL185W
YGR252W	YMR223W
YBL075C	YNL025C
YLR324W	YMR204C
YHR136C	YOL138C
YBR199W	YDR384C
YFR004W	YIL118W
YHR027C	YLR341W
YGR282C	YIR010W
YMR049C	YPR115W
YDL222C	YDR497C
YGR163W	YKR039W
YBR218C	YNL079C
YBR137W	YML064C
YIR010W	YNL197C
YDL053C	YGL200C
YDR143C	YPL106C
YBL045C	YFR033C
YGL245W	YKL108W
YCR093W	YDL165W
YLR048W	YNL112W
YBR114W	YDR453C
YER164W	YIR010W
YDL025C	YML048W
YKR052C	YNL197C
YPL031C	YPL146C
YBR103W	YOR319W
YKL175W	YPR198W
YDR322W	YML065W
YBL032W	YML092C
YKL049C	YMR031C
YJL164C	YNL101W
YDR414C	YFL040W
YLR097C	YOL133W
YHR171W	YOR191W
YDL140C	YDR228C
YPL227C	YPR198W
YLR397C	YOL012C
YDR457W	YGL106W
YMR216C	YOR141C
YGL062W	YPR110C
YBR207W	YHR175W
YER020W	YPR156C
YFR024C-A	YMR216C
YJL048C	YLR423C
YML012W	YPL087W
YBL030C	YDL067C
YER099C	YFR004W
YDR330W	YER012W
YGL162W	YOL113W
YDL137W	YDR358W
YFR004W	YGR276C
YJR095W	YPL141C
YHL030W	YOR259C
YLL050C	YLR074C
YMR069W	YNL241C
YAL011W	YNL107W
YDL140C	YGL044C
YNL214W	YOL044W
YBR194W	YPL231W
YGR276C	YPL141C
YFR004W	YHR074W
YER012W	YER099C
YLR407W	YPL216W
YBR182C	YER125W
YBL041W	YGR135W
YLR166C	YPR055W
YFR036W	YPL031C
YHR082C	YMR155W
YEL042W	YPL031C
YLL045C	YNL132W
YEL009C	YER040W
YHR140W	YNL101W
YAL026C	YLR447C
YKL193C	YPL179W
YBL032W	YLR390W
YIL162W	YLR378C
YBR279W	YOL051W
YDR404C	YJL140W
YBL044W	YLR074C
YBR200W	YDL159W
YFR004W	YJR025C
YJL044C	YKR048C
YKR031C	YNL118C
YDR192C	YMR235C
YDL171C	YHR027C
YFR004W	YNL098C
YJL141C	YLR270W
YDL188C	YMR028W
YAL043C	YGR156W
YGL059W	YHR185C
YLR405W	YPL108W
YKL060C	YKL152C
YER125W	YPL031C
YBL097W	YLL021W
YBR194W	YGL030W
YDR139C	YOL025W
YER062C	YHR200W
YGL244W	YOR061W
YCR091W	YHR082C
YER035W	YNL118C
YHR027C	YPR080W
YBR059C	YIL148W
YHR200W	YML022W
YDR386W	YMR049C
YCL027W	YDR103W
YBL093C	YNL236W
YER127W	YJL036W
YIL144W	YOR174W
YFR044C	YPR165W
YMR184W	YNL154C
YHR182W	YOL113W
YDR096W	YMR219W
YER126C	YNL061W
YER157W	YGL038C
YGL035C	YLR096W
YLR449W	YOR267C
YCL037C	YOL045W
YIL148W	YJL020C
YDR356W	YGL075C
YDL006W	YNL154C
YCL014W	YJL164C
YJL141C	YKL091C
YOR058C	YPL001W
YBL030C	YHR082C
YBL061C	YNL154C
YBL003C	YPL082C
YDL215C	YOL147C
YNR039C	YOR174W
YER164W	YGL252C
YNL154C	YPL146C
YHR135C	YIL107C
YDR310C	YOL068C
YJR103W	YPL031C
YHR164C	YJL173C
YER023W	YLR291C
YLR449W	YML074C
YLR095C	YOL012C
YBR135W	YLR079W
YBR135W	YPL014W
YKL052C	YMR077C
YBR019C	YGL252C
YHR016C	YNL073W
YBL007C	YJR115W
YMR105C	YPR015C
YDL216C	YIL071C
YML098W	YOL051W
YIL128W	YJR121W
YDR304C	YFR030W
YDL159W	YDR206W
YFR004W	YKL210W
YKL057C	YMR153W
YLR378C	YML012W
YBR156C	YDR016C
YCL054W	YOR267C
YDR359C	YHR090C
YCR077C	YMR117C
YBL030C	YGL167C
YBR106W	YPR156C
YDL115C	YDL140C
YGR048W	YIL144W
YAL001C	YMR093W
YHR140W	YKL006C-A
YJR125C	YMR197C
YBR170C	YHR082C
YGR052W	YHR200W
YHL048W	YOR254C
YNL061W	YOR005C
YBR194W	YIL035C
YDR283C	YGR167W
YER177W	YHR200W
YJL084C	YNL154C
YDR318W	YMR117C
YCR051W	YER184C
YGR204W	YGR252W
YGR060W	YJL129C
YGL212W	YOR034C
YML065W	YOL012C
YGL181W	YLL003W
YBL093C	YKL129C
YBL056W	YDR076W
YJR121W	YML124C
YBR079C	YGR252W
YER133W	YLR096W
YGL173C	YOR204W
YDR146C	YPR086W
YDR146C	YGL207W
YDR388W	YJL085W
YDR359C	YFL039C
YHR200W	YKL152C
YCL036W	YMR093W
YEL051W	YOR332W
YHR082C	YPL150W
YHR157W	YPL031C
YBR156C	YER012W
YGR029W	YHR005C-A
YIR010W	YJR135C
YGL075C	YNL107W
YEL037C	YLR079W
YAL025C	YOR005C
YDR118W	YPR018W
YKL049C	YML072C
YBR135W	YER021W
YGR209C	YML028W
YPL088W	YPL125W
YDL003W	YOL069W
YMR256C	YPL117C
YDR228C	YIL035C
YHR135C	YLR429W
YLR315W	YPR083W
YDR069C	YPL084W
YDR054C	YJL157C
YDL161W	YHR016C
YBL032W	YNL012W
YDR016C	YKR083C
YGL207W	YLR357W
YBR272C	YER021W
YKR001C	YOR106W
YAR019C	YDL214C
YLR429W	YOR145C
YER114C	YER158C
YLR262C	YPL031C
YBR106W	YIL027C
YBR059C	YIR010W
YLR044C	YOR117W
YDL029W	YDR216W
YKL168C	YLR248W
YDL140C	YOL051W
YPL031C	YPL050C
YHR088W	YLR449W
YEL002C	YLR372W
YDL143W	YOR117W
YGR065C	YLR413W
YLR044C	YPL082C
YNL232W	YNR024W
YDR284C	YIR038C
YGL120C	YMR213W
YKR083C	YMR112C
YBR106W	YLL006W
YGR206W	YLR119W
YIL108W	YNL254C
YBR200W	YDR368W
YJR004C	YPL141C
YGL245W	YIL063C
YEL034W	YOR043W
YER099C	YMR139W
YKL129C	YNL084C
YHR061C	YPL161C
YBR205W	YHR016C
YML117W	YPR080W
YGR278W	YML049C
YBR081C	YGL158W
YDL126C	YOR174W
YMR192W	YNL112W
YJL081C	YLR052W
YDR176W	YLR055C
YHR148W	YJR145C
YER177W	YML065W
YCR077C	YNR053C
YAL028W	YOR267C
YGL190C	YGR161C
YDL097C	YER012W
YML049C	YMR213W
YBL032W	YMR015C
YBL039C	YGR124W
YER177W	YKL049C
YJL141C	YKR001C
YGL059W	YPL056C
YHR110W	YML048W
YHR090C	YHR135C
YJR053W	YML064C
YER012W	YJL001W
YAL034W-A	YCR008W
YEL034W	YOL117W
YBL032W	YJL106W
YBR159W	YGR191W
YDL132W	YOL025W
YDL232W	YMR149W
YIR010W	YOL123W
YCR084C	YPL228W
YKR048C	YMR139W
YHR158C	YOR047C
YCR008W	YGR086C
YIR010W	YNL106C
YGL245W	YOL113W
YFR004W	YPR037C
YGL210W	YKL116C
YDL216C	YJR084W
YER133W	YOR227W
YPL078C	YPR020W
YBL011W	YOL113W
YHR027C	YLR300W
YDL160C	YPL160W
YJL164C	YNL131W
YNL045W	YNL154C
YHR135C	YOR141C
YDR150W	YKL049C
YDL140C	YPL042C
YKL189W	YOR353C
YJL106W	YKL168C
YIR010W	YPR052C
YML065W	YMR093W
YLR190W	YMR117C
YFR004W	YML008C
YGL162W	YLR035C
YDR018C	YIL051C
YGR197C	YOR327C
YBL032W	YGR086C
YKL080W	YPL026C
YKL135C	YML051W
YFR004W	YJL170C
YHR131C	YKL171W
YBR194W	YDL185W
YGL071W	YJR060W
YFL013C	YPL129W
YAR071W	YGL245W
YLR423C	YML043C
YMR032W	YPL140C
YKL015W	YNL197C
YBR200W	YKR105C
YFR030W	YLR291C
YIR010W	YNL069C
YGL207W	YKR048C
YMR054W	YPR036W
YGL059W	YIL042C
YML065W	YPR043W
YEL037C	YOR259C
YOR212W	YPR165W
YDL232W	YOR103C
YDL185W	YPL201C
YBL007C	YBR108W
YMR094W	YOL133W
YDR318W	YGR006W
YOR213C	YPR018W
YCR057C	YNL069C
YDR362C	YDR388W
YJL165C	YOL103W
YGR192C	YHR200W
YGL059W	YNL117W
YBR093C	YJL176C
YGL237C	YLR423C
YBL032W	YMR070W
YEL009C	YIL126W
YDL232W	YHR026W
YJL214W	YLR372W
YBL027W	YNL069C
YDL111C	YGR134W
YBL032W	YOL059W
YGR172C	YPR028W
YDL185W	YJR035W
YHR135C	YPR152C
YKL054C	YPL106C
YDR238C	YHR200W
YDL003W	YIL126W
YDL088C	YMR153W
YOL111C	YPL174C
YDR033W	YIR010W
YFR004W	YHR111W
YGL208W	YGR231C
YGR172C	YOR089C
YJR144W	YLR427W
YCR037C	YHR136C
YMR096W	YMR322C
YBR135W	YDR099W
YMR075W	YPL139C
YDL077C	YGL210W
YIL075C	YJL164C
YJL140W	YNL251C
YDR280W	YJR125C
YKR021W	YKR039W
YLR270W	YMR120C
YBL032W	YJL016W
YGL197W	YMR117C
YER114C	YIL144W
YHR197W	YNL061W
YGR086C	YLR166C
YBL032W	YJL020C
YCR057C	YPL012W
YDL052C	YIL124W
YDL185W	YEL051W
YGL083W	YNL272C
YCL027W	YNL267W
YDL184C	YLR438C-A
YBL032W	YMR201C
YJL081C	YML065W
YBL007C	YOR329C
YBR036C	YDR062W
YFL062W	YLR034C
YDR388W	YNL154C
YCR063W	YMR213W
YAL035W	YJR145C
YDL185W	YIL128W
YKL197C	YNL214W
YFR024C-A	YHR082C
YDR022C	YGL237C
YDR386W	YDR388W
YBL007C	YGL238W
YGR180C	YLR437C
YDR310C	YGL075C
YOR174W	YPL082C
YBR106W	YDR342C
YLR425W	YPL256C
YBR001C	YDR099W
YBL003C	YML074C
YDL188C	YER012W
YDL053C	YPR106W
YCR088W	YDR129C
YBR031W	YOR117W
YGR087C	YJR090C
YDR063W	YKL013C
YBL032W	YPL141C
YLR441C	YOR117W
YBR169C	YNL161W
YLR093C	YOR106W
YFR004W	YPR191W
YFL045C	YOR117W
YJR082C	YPR031W
YBL032W	YML113W
YBL064C	YNL154C
YGL053W	YHR140W
YAL038W	YBR279W
YBR194W	YCR012W
YLR015W	YNL031C
YGR254W	YJL030W
YHR027C	YKL049C
YIL035C	YNL031C
YJR035W	YKL054C
YHR146W	YMR297W
YDR288W	YER098W
YGL213C	YOR267C
YOR174W	YPL042C
YDL134C	YMR273C
YDR028C	YJR090C
YBL032W	YOR076C
YBR106W	YGL167C
YGR086C	YGR237C
YJL164C	YJR049C
YIR039C	YOL113W
YBL032W	YGL071W
YLL021W	YOR326W
YLR372W	YMR149W
YJL005W	YLL050C
YBR278W	YNL262W
YFR024C-A	YHR016C
YBR289W	YPL129W
YLR096W	YPL106C
YGL048C	YIL075C
YCR042C	YMR227C
YDR062W	YER177W
YDR483W	YHR027C
YKL112W	YLR082C
YGR282C	YOL113W
YBR125C	YDR247W
YKL182W	YNL243W
YDR054C	YIL148W
YGL059W	YHR117W
YBL058W	YDL126C
YAR018C	YIL144W
YBR031W	YNL112W
YNL104C	YPR106W
YLR207W	YMR297W
YIL148W	YOL117W
YBR243C	YIR038C
YMR036C	YNL261W
YGR161C	YKR028W
YGR209C	YLR039C
YBL032W	YGL025C
YNL008C	YNL260C
YNL272C	YOR233W
YDR331W	YML048W
YHR027C	YOR046C
YDR331W	YLR372W
YIL144W	YPL174C
YBL032W	YDL195W
YGL116W	YJL008C
YML031W	YMR227C
YDR425W	YJL036W
YDL165W	YPR072W
YDR310C	YJL106W
YLR048W	YOR117W
YHR135C	YKR048C
YBL032W	YDR055W
YML012W	YOL012C
YFR024C-A	YHR135C
YGL242C	YKL129C
YFR004W	YJL008C
YDL232W	YOR085W
YBR108W	YHR135C
YDL126C	YEL037C
YDL140C	YMR276W
YGR023W	YNL237W
YBR068C	YML012W
YGR215W	YNR036C
YDR122W	YGR249W
YBR169C	YPL141C
YBR194W	YDR229W
YKL198C	YNR016C
YAL028W	YHR079C
YER048W-A	YML065W
YDR208W	YNL154C
YDL209C	YGR278W
YDR099W	YPL231W
YOR332W	YPR110C
YBL032W	YDL035C
YFR004W	YPR086W
YFR021W	YHR070W
YDR016C	YGL025C
YLR315W	YPR105C
YHR140W	YML048W
YGR275W	YPL129W
YGR172C	YLR262C
YLR423C	YOR361C
YAL011W	YGR002C
YDL084W	YER063W
YKL197C	YPL031C
YDR244W	YDR329C
YJL084C	YKR039W
YBL032W	YGL139W
YGR222W	YLR067C
YBR049C	YCR047C
YPL082C	YPR034W
YBL032W	YGR063C
YJL023C	YML091C
YJL081C	YOL012C
YDR001C	YHR027C
YCL063W	YFR021W
YBR106W	YDR046C
YCR016W	YKL116C
YLL050C	YOR117W
YLR030W	YPL031C
YHR148W	YNL132W
YDR044W	YEL030W
YGR178C	YIR010W
YIL061C	YOR346W
YKL049C	YPL106C
YIL144W	YJL020C
YDR129C	YLR429W
YFR004W	YOR375C
YPL150W	YPR072W
YKR048C	YPL180W
YBR263W	YIR010W
YEL030W	YJR035W
YBR159W	YEL002C
YBL075C	YEL037C
YBL075C	YER022W
YDL025C	YHR135C
YER169W	YNL031C
YML065W	YPL001W
YBR106W	YJL059W
YIL035C	YKR041W
YGR275W	YIL126W
YJL034W	YKL117W
YHR135C	YJL207C
YJL020C	YNL023C
YFR004W	YJR007W
YBR106W	YML123C
YBL007C	YKL074C
YHR027C	YLR354C
YBL032W	YBL112C
YLR423C	YMR213W
YAL017W	YKL168C
YAL016W	YOR073W
YBR207W	YEL051W
YBL032W	YPR106W
YBL064C	YPL031C
YBL003C	YIR010W
YLR427W	YNL308C
YOR117W	YPR183W
YLL021W	YNL293W
YBL032W	YHR135C
YNL197C	YPL113C
YBL093C	YCR081W
YHR027C	YML022W
YEL037C	YIL143C
YGR275W	YPR034W
YBR079C	YPR086W
YER006W	YHR197W
YBR049C	YLR357W
YDR260C	YLR102C
YDR517W	YPL246C
YJR144W	YLL006W
YJL081C	YOR141C
YDR143C	YPL113C
YAL017W	YJL110C
YDR277C	YLR447C
YBR200W	YFL039C
YAL027W	YDR388W
YBR169C	YBR194W
YMR165C	YPL141C
YDR143C	YGR282C
YGR134W	YHR193C
YGR002C	YLR399C
YGR178C	YNL085W
YDL028C	YMR139W
YJR145C	YMR093W
YBL058W	YDR466W
YDL080C	YIR037W
YCR007C	YMR079W
YDL137W	YHR200W
YJL164C	YNL074C
YBR298C	YNL008C
YKL049C	YPR080W
YMR192W	YPL031C
YKL171W	YPL180W
YDL188C	YPL003W
YLR324W	YPR165W
YBL032W	YFL067W
YNR016C	YPL026C
YDL195W	YKL049C
YGR085C	YNL069C
YJL176C	YNL031C
YAL035W	YDL082W
YBR059C	YGL213C
YKL091C	YKL168C
YBL064C	YKL086W
YDL137W	YHR188C
YAR019C	YCR073C
YGL190C	YHR135C
YDR216W	YER177W
YAR019C	YPL201C
YER056C	YER120W
YOL133W	YOR341W
YGL158W	YJR141W
YAR019C	YGR052W
YML065W	YMR049C
YGR077C	YNL197C
YIL047C	YLR039C
YML065W	YNL002C
YBR077C	YGR201C
YBL097W	YER164W
YNL085W	YOR197W
YER022W	YPL082C
YHR027C	YHR190W
YLR044C	YNL272C
YGL066W	YGL158W
YAL017W	YDR099W
YBL031W	YBR156C
YEL037C	YPR032W
YBR291C	YLL005C
YKL049C	YOL038W
YBL027W	YMR032W
YEL012W	YOL054W
YAR002C-A	YMR149W
YAL040C	YJL157C
YBR093C	YJL066C
YJL008C	YOR375C
YCR086W	YLR274W
YML051W	YOL067C
YBR106W	YNR019W
YDR283C	YPR115W
YBL032W	YLR036C
YJR135C	YPL255W
YDR208W	YHR135C
YBR279W	YOR039W
YDR229W	YPL135W
YGR086C	YML065W
YLL001W	YLR291C
YCR008W	YDR129C
YLR044C	YML072C
YML074C	YOR267C
YBR194W	YGR130C
YBR135W	YNL209W
YER155C	YNL308C
YDR383C	YJR135C
YNL152W	YPL242C
YBR194W	YMR315W
YDR541C	YLR025W
YKL049C	YOR086C
YAL034W-A	YMR117C
YMR165C	YOR233W
YMR054W	YOR332W
YDR156W	YJL148W
YBL032W	YGL028C
YBR036C	YKL065C
YKL013C	YNL243W
YER162C	YOR117W
YHR158C	YLR452C
YLR314C	YOR191W
YBR068C	YPL265W
YHR088W	YML065W
YBR177C	YEL051W
YDR004W	YHR154W
YBR106W	YBR243C
YBL041W	YHR200W
YDL028C	YLL003W
YBR159W	YLR378C
YHR135C	YMR102C
YIL062C	YLR337C
YBR164C	YFR004W
YDR388W	YJR083C
YDR176W	YDR392W
YKR100C	YLR096W
YHR027C	YNL287W
YGR203W	YIL061C
YGR159C	YHR135C
YER006W	YMR049C
YNL061W	YOR191W
YAL027W	YGL106W
YER048C	YFR004W
YKL189W	YLR423C
YLR055C	YMR223W
YER120W	YHL020C
YER177W	YOR117W
YGL106W	YNL267W
YBR212W	YDR304C
YER139C	YJL140W
YGL120C	YJR145C
YFL038C	YOR070C
YBR059C	YCR027C
YDL130W-A	YER125W
YHR200W	YNL112W
YIL035C	YLR223C
YCL044C	YMR115W
YKR048C	YMR172W
YLL001W	YPR080W
YDR247W	YIL107C
YDR259C	YLR447C
YJR145C	YOR310C
YJL151C	YKR007W
YGR184C	YKL145W
YBL061C	YBR023C
YER021W	YKL145W
YMR017W	YPL232W
YBL032W	YOR012W
YDR012W	YLR441C
YBR170C	YLR207W
YBR135W	YLL050C
YDR244W	YLR284C
YBR081C	YDR216W
YOL051W	YPR034W
YLL045C	YOR096W
YNL232W	YPR072W
YDL140C	YDR188W
YDL233W	YOL069W
YBR010W	YOR038C
YER125W	YFR004W
YIL107C	YLR089C
YLR368W	YOL133W
YCR081W	YOL051W
YDL052C	YLR071C
YLR182W	YOL113W
YJL036W	YNL086W
YJL106W	YPL150W
YGR268C	YHR016C
YDR331W	YHR140W
YIR032C	YNL197C
YGL087C	YMR323W
YJL013C	YNL236W
YIR010W	YNL209W
YGL048C	YGR184C
YHR200W	YLR044C
YER132C	YNL025C
YLL019C	YPL012W
YBL032W	YER163C
YDR202C	YEL051W
YGL106W	YGR086C
YBL007C	YOR047C
YDL126C	YDR337W
YDR356W	YLR006C
YJL060W	YPL031C
YDR258C	YGL197W
YIR005W	YLR438W
YEL034W	YFL013C
YIR010W	YMR302C
YKL049C	YML028W
YKL049C	YOR361C
YIR010W	YKR008W
YCL043C	YGL190C
YJL106W	YJR094C
YHR135C	YKR092C
YBL032W	YDR043C
YBL032W	YDR528W
YMR139W	YNL272C
YGR135W	YKL206C
YDR256C	YPL070W
YGL120C	YOR341W
YOR117W	YOR168W
YHR027C	YMR109W
YDR032C	YER020W
YKL135C	YOR109W
YHR197W	YKL006W
YDL098C	YML049C
YBL032W	YMR075W
YFR004W	YMR246W
YOR185C	YOR250C
YKR099W	YLR438C-A
YAL043C	YKL006W
YHR169W	YLR438W
YBR216C	YFR004W
YBL041W	YFR004W
YMR070W	YOL109W
YDR106W	YPL174C
YHR200W	YMR079W
YBR049C	YML065W
YDL188C	YPL152W
YER111C	YPL160W
YDL140C	YKL210W
YAL035W	YBR031W
YOR046C	YOR117W
YKL116C	YLR015W
YDR288W	YEL019C
YCL009C	YGL116W
YFR004W	YPR108W
YHR158C	YMR036C
YOL123W	YPL031C
YGL059W	YOR113W
YHR200W	YJR048W
YDR356W	YGR161C
YHR200W	YJR139C
YAR071W	YFR055W
YGR060W	YMR134W
YER048W-A	YGR192C
YFR004W	YKL117W
YHR026W	YKL221W
YKL054C	YLR438C-A
YDL126C	YGR048W
YCR004C	YMR031C
YHR138C	YNL197C
YDR099W	YDR490C
YGR275W	YOL012C
YDL005C	YHR167W
YDR099W	YOR326W
YBL024W	YNL154C
YPL031C	YPR147C
YBL032W	YNL101W
YDL185W	YOR332W
YKL049C	YKL145W
YCR061W	YHR103W
YIR010W	YJR094W-A
YDL005C	YEL009C
YBL093C	YDL005C
YJL164C	YNL245C
YGR252W	YOL012C
YLL005C	YML075C
YIL126W	YPL082C
YBR031W	YGR085C
YFR024C-A	YOR109W
YCR077C	YPR152C
YBL032W	YIL055C
YLR138W	YML132W
YJL164C	YKR009C
YNL286W	YOR148C
YDL054C	YLR372W
YCL032W	YOR212W
YGL207W	YLR399C
YGL200C	YLR372W
YDL097C	YHR027C
YLR079W	YPR119W
YFR052W	YOR259C
YDR206W	YPR106W
YER068W	YPR072W
YIL119C	YNL107W
YGL207W	YMR049C
YHR027C	YML008C
YMR093W	YOR096W
YHR118C	YPR018W
YDL006W	YNR019W
YDL005C	YER022W
YFR004W	YOR361C
YJL165C	YOL122C
YBR211C	YLR315W
YML065W	YOR150W
YFR004W	YLR134W
YDL126C	YDL132W
YBR081C	YER164W
YML064C	YPL049C
YLR429W	YOR124C
YLR429W	YOR326W
YDR039C	YPR201W
YBL032W	YOR070C
YIL105C	YLR425W
YDR188W	YKL049C
YER125W	YLR206W
YJL106W	YKR100C
YJL084C	YMR216C
YGL207W	YLR182W
YJL020C	YNR016C
YDL165W	YPR112C
YHR082C	YNL154C
YDL132W	YPL256C
YGL210W	YLR096W
YDR113C	YGR224W
YCR057C	YOR145C
YBL074C	YGR074W
YGL212W	YLR423C
YGR096W	YNL197C
YDR099W	YKL168C
YIL124W	YIR038C
YLR291C	YLR423C
YBR212W	YDR099W
YER155C	YOR061W
YER068W	YNL197C
YCL034W	YHR016C
YGL048C	YNL250W
YHL017W	YHR188C
YML065W	YNL261W
YNL132W	YOL102C
YDR129C	YIL034C
YKL168C	YMR196W
YOL012C	YOL054W
YGL025C	YOR174W
YBR194W	YKR003W
YIL107C	YJL164C
YAL018C	YBR036C
YHR152W	YPR118W
YDR251W	YGL206C
YKL185W	YPL139C
YIL062C	YNR035C
YGR135W	YKR095W
YBR205W	YML012W
YBL032W	YDR254W
YLR274W	YMR192W
YJL034W	YML065W
YIL118W	YOR061W
YGR124W	YOR117W
YCR030C	YER020W
YHR200W	YOR046C
YHR005C-A	YOR297C
YBR253W	YGL030W
YJL081C	YPL129W
YCL014W	YPL256C
YBL007C	YLR248W
YAR002W	YLR335W
YBL032W	YGR237C
YFR024C-A	YGR268C
YIR010W	YKL054C
YBL032W	YIL034C
YHR140W	YPR192W
YLR096W	YLR345W
YBR011C	YLR425W
YBR041W	YDL052C
YDR188W	YGR192C
YBR200W	YDL077C
YBL007C	YLL005C
YKL054C	YPR152C
YBR010W	YPL138C
YDR258C	YGL048C
YPR080W	YPR119W
YBL061C	YJL164C
YBR194W	YGR282C
YGL190C	YKL129C
YJL176C	YPR152C
YAL038W	YDR192C
YGL048C	YJR145C
YKL129C	YNL271C
YER133W	YNR034W
YDR021W	YJR007W
YMR306W	YPR128C
YBR211C	YOL054W
YHR027C	YPL231W
YIR010W	YJR063W
YBR055C	YEL034W
YGL172W	YNL086W
YAL053W	YDL222C
YGR159C	YNL112W
YBR200W	YKL051W
YER006W	YJL122W
YFR004W	YNL250W
YOR332W	YPR036W
YDR073W	YPR034W
YBR253W	YDL005C
YDL019C	YHR082C
YHR158C	YOR269W
YKR008W	YOR094W
YIR010W	YML093W
YDR028C	YLR377C
YEL002C	YLR378C
YAL028W	YMR139W
YKL142W	YMR165C
YJR148W	YNL209W
YDR284C	YEL013W
YDR310C	YIR010W
YOR185C	YPL125W
YDR275W	YER021W
YDR069C	YEL041W
YLR407W	YOR061W
YER006W	YPR043W
YDR483W	YFR004W
YBR059C	YKR009C
YBL027W	YDR012W
YJL070C	YNR016C
YAL041W	YLR357W
YDR012W	YJL122W
YDR016C	YIL144W
YNL006W	YOL078W
YDR057W	YLR207W
YIL166C	YKL217W
YER105C	YPR080W
YEL034W	YHR068W
YDL005C	YOL051W
YJL106W	YLR079W
YBL039C	YFR004W
YFL039C	YNL059C
YMR216C	YPL139C
YJR083C	YLR295C
YDL185W	YLR337C
YGL134W	YJL137C
YGL207W	YIL035C
YHR027C	YOR168W
YEL002C	YOR085W
YGR184C	YML051W
YDR331W	YHR188C
YAL027W	YLR044C
YDR099W	YNL267W
YDL076C	YOR174W
YER050C	YGR215W
YGL181W	YHR016C
YDR388W	YPR055W
YGR255C	YLR201C
YDR019C	YML065W
YFR004W	YNL069C
YBR159W	YNL048W
YGL252C	YLR429W
YDR027C	YJL029C
YBL030C	YGR254W
YBR194W	YOR361C
YGR130C	YGR192C
YDR135C	YPR115W
YBR055C	YDR353W
YJL164C	YKL193C
YBL027W	YDR388W
YHR027C	YHR104W
YCR091W	YPR119W
YJL008C	YJL159W
YBL047C	YDR192C
YGL252C	YNL031C
YDR388W	YOR204W
YPL026C	YPL171C
YDL155W	YNL161W
YER068W	YGR134W
YKR048C	YPL141C
YJL030W	YLR044C
YCL027W	YKL105C
YPL246C	YPR105C
YBR194W	YKL152C
YMR112C	YNL236W
YGL201C	YMR109W
YGL158W	YNL236W
YFR004W	YKR001C
YFR052W	YMR048W
YBL032W	YJL029C
YDL029W	YFR004W
YHR117W	YHR135C
YGL197W	YLR377C
YJL137C	YPR034W
YGR086C	YMR031C
YIL101C	YPL216W
YDR099W	YNR014W
YGL120C	YMR049C
YCR033W	YPR152C
YGR135W	YOR157C
YFR004W	YGR086C
YCR066W	YOR368W
YBR106W	YPR194C
YDL134C	YOR386W
YLR368W	YMR048W
YBR059C	YMR304W
YKL135C	YNL069C
YHR082C	YMR165C
YBL007C	YPL246C
YHR027C	YOR341W
YBL031W	YBL032W
YER059W	YJL084C
YKL002W	YKR035W-A
YDL101C	YDR030C
YAL026C	YML072C
YKL222C	YML065W
YGR098C	YOR195W
YML065W	YPR110C
YFR004W	YJL034W
YHR027C	YPR183W
YGL244W	YKL049C
YGR207C	YIL108W
YER041W	YLR449W
YDL077C	YKR014C
YKL144C	YPR110C
YGL248W	YHR135C
YKL206C	YOR157C
YCR012W	YGR192C
YBR095C	YKL049C
YGL120C	YOR056C
YBR108W	YHR082C
YDL097C	YOR259C
YIL063C	YKR048C
YER012W	YGR135W
YFL038C	YPL246C
YGL005C	YPR105C
YGR203W	YOR341W
YKL049C	YOR326W
YER072W	YMR216C
YBL093C	YPL042C
YJL141C	YML078W
YJR145C	YNL308C
YHR027C	YHR200W
YAL034W-A	YPL026C
YDL126C	YJL048C
YGR021W	YOR231W
YFR030W	YJL123C
YOR117W	YPL231W
YDR188W	YFR004W
YCR030C	YFR024C-A
YDR345C	YHR200W
YIR010W	YML074C
YGL207W	YNL154C
YBR031W	YDL075W
YBL032W	YLR393W
YBR211C	YDR254W
YBR289W	YOL051W
YFR004W	YNR053C
YDL222C	YOR094W
YJL151C	YNL287W
YGL106W	YKR048C
YLR274W	YMR109W
YBL032W	YOR359W
YCR057C	YHR169W
YAL042W	YAR002C-A
YER125W	YFL039C
YER125W	YOL043C
YDL140C	YMR223W
YDR497C	YER125W
YKL015W	YLL010C
YBL003C	YBR010W
YDL093W	YOR321W
YFR004W	YMR235C
YDR259C	YNL092W
YNL090W	YNL210W
YPL106C	YPR045C
YGR204W	YKL210W
YBR010W	YJL081C
YOR061W	YOR361C
YKR099W	YLR058C
YIR033W	YNR030W
YDR323C	YOR089C
YNL002C	YOR267C
YGL030W	YNL069C
YBL039C	YDR260C
YMR037C	YOR043W
YFL054C	YKL142W
YMR120C	YOR327C
YDR254W	YKL049C
YHR117W	YJL164C
YER125W	YGR186W
YBL011W	YOR233W
YMR036C	YOR061W
YBL032W	YMR019W
YER127W	YJL164C
YBR177C	YJL151C
YDR176W	YOL148C
YEL009C	YPL129W
YIR010W	YJL173C
YGL066W	YPL082C
YHR131C	YNL154C
YBR108W	YJL020C
YJR001W	YKL116C
YER177W	YNL076W
YDR343C	YKL193C
YBL093C	YBR253W
YDR012W	YNL061W
YKL190W	YLR433C
YML012W	YML124C
YGL035C	YOL051W
YNL025C	YPL031C
YBL032W	YMR325W
YCR063W	YPR152C
YGL201C	YIL144W
YFR004W	YHR190W
YBR010W	YLR015W
YIL062C	YNL138W
YDL067C	YGL187C
YDR184C	YNL197C
YHL021C	YJL140W
YOL104C	YPL200W
YDL160C	YFR004W
YBR253W	YNL236W
YGL116W	YPL140C
YAL017W	YKL049C
YER133W	YNL262W
YNL287W	YPL246C
YNL022C	YNL154C
YFL045C	YFR004W
YBL032W	YLR139C
YBL032W	YJR074W
YBL032W	YJR145C
YDL028C	YKL023W
YLL010C	YOR043W
YBR289W	YGL158W
YJL164C	YOR070C
YAR019C	YOR231W
YJR082C	YLR223C
YDR466W	YGR021W
YHR135C	YPL146C
YLR168C	YPR024W
YAL051W	YBL032W
YDL126C	YIR033W
YDR122W	YIL107C
YDL005C	YGL025C
YHR016C	YLR206W
YIR010W	YPL180W
YIL035C	YOR361C
YDL126C	YDR295C
YHL042W	YPL265W
YDR368W	YHR200W
YDR085C	YER133W
YGL164C	YOR185C
YNL156C	YNL197C
YHR118C	YML065W
YIL126W	YOR341W
YGL134W	YPL031C
YGR276C	YHR082C
YCR093W	YLR438C-A
YGL086W	YLR423C
YBL007C	YLR095C
YFL039C	YLR429W
YCR073C	YNL250W
YBL032W	YKL160W
YDR143C	YDR227W
YDL132W	YDR306C
YMR120C	YOR212W
YHR135C	YKL160W
YGR117C	YNL236W
YJR082C	YNL107W
YKL174C	YLL006W
YML028W	YOR117W
YER006W	YIR010W
YIL035C	YMR049C
YBL045C	YGL187C
YCR012W	YKL060C
YDR386W	YER006W
YDR129C	YHR200W
YIL075C	YMR216C
YBL032W	YHR078W
YGL158W	YGR024C
YDR032C	YLR413W
YML098W	YOR061W
YER126C	YGL120C
YML064C	YPL192C
YBR108W	YFR024C-A
YKL161C	YMR037C
YGR252W	YKL062W
YER006W	YER126C
YDL126C	YDL140C
YGR276C	YOL113W
YDR388W	YGR268C
YDR318W	YJR060W
YFR015C	YKR058W
YER125W	YLR134W
YDL025C	YDL183C
YBR289W	YER162C
YDL140C	YNL025C
YBL032W	YJR094W-A
YDL140C	YJL140W
YBR106W	YHR026W
YHR135C	YJL105W
YFR030W	YHR027C
YML012W	YOR165W
YHR027C	YPR181C
YKL213C	YML013W
YLR052W	YOR141C
YCR063W	YDL209C
YGL200C	YGR060W
YDL085W	YOR076C
YLR449W	YPL146C
YBL003C	YIL035C
YGL030W	YLR441C
YHR140W	YLR343W
YDR453C	YJL141C
YGR085C	YNL132W
YGR060W	YML048W
YGR249W	YPL026C
YBL039C	YIL075C
YDR356W	YIL149C
YFL039C	YHR152W
YDR404C	YGR186W
YFR004W	YKR003W
YDL214C	YJR103W
YDL054C	YHR026W
YLR119W	YMR032W
YDL097C	YPR108W
YEL051W	YLR429W
YDR086C	YPL189W
YBL064C	YHR082C
YML065W	YNR016C
YHR016C	YNL084C
YDR129C	YIL062C
YMR188C	YNR036C
YHR082C	YPR032W
YLR321C	YPL070W
YGL158W	YJL081C
YDR356W	YER129W
YDR032C	YIL105C
YBR034C	YIL061C
YBR125C	YLR066W
YBL032W	YER111C
YBL032W	YNL042W
YGL158W	YLR071C
YDR227W	YNL216W
YJL217W	YPR118W
YMR169C	YMR170C
YBR079C	YFR004W
YDR033W	YHR200W
YLR452C	YOR036W
YBL030C	YDR529C
YML098W	YPL129W
YGR252W	YNL236W
YBL061C	YGL073W
YKR085C	YOL027C
YBL007C	YGL181W
YIL035C	YMR172W
YBL011W	YHR135C
YIL027C	YJL148W
YER020W	YKR003W
YIR010W	YJL176C
YBL032W	YKL190W
YGR052W	YHR082C
YLR369W	YMR049C
YIL105C	YOL038W
YGR135W	YHR027C
YBR289W	YDR073W
YGL075C	YLR190W
YNR043W	YOR117W
YGR276C	YJL106W
YCL059C	YNL132W
YBR055C	YKL210W
YDL195W	YIL109C
YDR368W	YHR027C
YDR318W	YOL069W
YDL005C	YMR112C
YBR079C	YOL117W
YDR331W	YGL053W
YIL121W	YLR413W
YDR407C	YJL044C
YHR082C	YNL022C
YER072W	YPL031C
YBL003C	YOL059W
YOL038W	YPR154W
YER062C	YML058W
YER050C	YOR061W
YDR198C	YOR005C
YDR388W	YGL190C
YAL035W	YGL030W
YDL045C	YGR077C
YBR260C	YGR196C
YNL197C	YNL328C
YGR156W	YPL008W
YBL007C	YDR277C
YBL003C	YIL076W
YFR052W	YHR200W
YDR012W	YNL069C
YBR053C	YPL141C
YBR260C	YER144C
YGL207W	YOL012C
YFR004W	YIL108W
YDL134C	YPR040W
YEL037C	YGL106W
YJL141C	YMR304W
YHR200W	YLR028C
YBR136W	YGR099W
YHR079C	YPR032W
YJL164C	YLR345W
YDR099W	YER012W
YBR169C	YPL106C
YNL154C	YPR198W
YCL043C	YIR037W
YIL062C	YJL020C
YKL042W	YOL069W
YDL159W	YPL201C
YBR159W	YML075C
YGL059W	YJL070C
YDR388W	YFR024C-A
YOR117W	YOR259C
YBL032W	YDL037C
YDR050C	YFR004W
YJL164C	YMR304W
YDR353W	YFR004W
YDL028C	YOR056C
YDR192C	YML058W
YDR192C	YGR192C
YHR027C	YKL080W
YDR383C	YLR315W
YGR278W	YMR213W
YJL084C	YPL031C
YMR105C	YOR090C
YGL200C	YKL065C
YBR059C	YOR061W
YDR216W	YOL133W
YML048W	YPR198W
YBL032W	YOL043C
YDR176W	YMR227C
YLR060W	YPL031C
YIL144W	YKL049C
YJL148W	YOR341W
YFL021W	YIR010W
YGL233W	YLR166C
YBL032W	YDR488C
YGL030W	YGR085C
YGL213C	YHR157W
YHR154W	YKL152C
YEL023C	YOR269W
YMR117C	YOL069W
YOR197W	YOR361C
YDL226C	YKR088C
YGL120C	YGL128C
YHL030W	YJL001W
YDL209C	YGL128C
YNL161W	YOR007C
YDR386W	YPL127C
YHR096C	YML072C
YHR115C	YNL116W
YJL178C	YOR069W
YGL206C	YJR125C
YML117W	YPR106W
YKL129C	YLR337C
YGR252W	YPL082C
YFL010C	YML051W
YGR180C	YHR200W
YDR086C	YML065W
YGR156W	YNL222W
YDR169C	YPL031C
YJL164C	YMR182C
YIL157C	YLR203C
YEL002C	YNL287W
YDR131C	YHR197W
YDL028C	YIR010W
YGR275W	YPR043W
YCR057C	YGR154C
YHR200W	YMR276W
YLR447C	YMR054W
YJL164C	YKR021W
YBR159W	YNL101W
YLR436C	YMR304W
YJR142W	YPL141C
YBR011C	YPR080W
YBL024W	YDL214C
YGL161C	YGL198W
YBR010W	YKR048C
YKL080W	YLR447C
YFR004W	YLR270W
YLR367W	YNL132W
YFR004W	YPL106C
YHR172W	YNL126W
YDR184C	YLR433C
YAL035W	YIR010W
YEL060C	YPL140C
YBR260C	YFR004W
YER021W	YJL084C
YDR176W	YEL009C
YDR228C	YNL222W
YBR159W	YDL206W
YBR200W	YOL078W
YIL035C	YNL131W
YJL034W	YLR378C
YJL164C	YMR081C
YBL027W	YLR441C
YDR337W	YOL027C
YBR130C	YPL031C
YDL089W	YML034W
YGL116W	YPL106C
YBR179C	YKL116C
YCR088W	YHR200W
YGR074W	YKL183W
YBR111C	YFR004W
YJR056C	YNL154C
YNL243W	YOR329C
YDR490C	YOR061W
YGL025C	YPL129W
YLR050C	YPL031C
YER012W	YGR193C
YEL051W	YLR028C
YGR247W	YOR327C
YBR021W	YML052W
YBR169C	YGL206C
YCL036W	YDR388W
YBL032W	YNL116W
YAL040C	YGL120C
YCL032W	YMR139W
YDL159W	YIR010W
YEL012W	YMR291W
YBR114W	YMR201C
YGL233W	YPR055W
YGL116W	YKL022C
YBR289W	YIR010W
YJL084C	YJL164C
YMR028W	YPL152W
YBL032W	YNL250W
YGL158W	YJR105W
YDL101C	YML058W
YBR059C	YDR188W
YBR049C	YIR010W
YBL032W	YDR077W
YBL007C	YPL141C
YBL041W	YOR157C
YBL003C	YGL252C
YGL030W	YOR117W
YIL143C	YMR105C
YBL032W	YPL156C
YBR055C	YNL154C
YBL027W	YJL020C
YDR074W	YHR027C
YAL035W	YLR427W
YDL097C	YGL095C
YAL040C	YNL197C
YBL032W	YJL097W
YIL126W	YKR008W
YDR320C	YPR045C
YBL032W	YKL050C
YPL014W	YPL256C
YGR255C	YML058W
YLR119W	YMR235C
YER155C	YGL207W
YGL226C-A	YLR378C
YDR184C	YOL069W
YNL154C	YPR032W
YJL044C	YMR218C
YBL022C	YGR132C
YDL164C	YOR378W
YIL105C	YPR161C
YGL005C	YGL223C
YIR010W	YML123C
YML043C	YNL197C
YDR497C	YOR254C
YDL035C	YER020W
YHR105W	YJL164C
YBL003C	YPR052C
YBL036C	YDR342C
YHR175W	YJL178C
YBL032W	YBL047C
YHL030W	YOR117W
YCR008W	YGL134W
YGL206C	YKL049C
YBR055C	YLR438C-A
YDR443C	YLR071C
YKR054C	YML124C
YML017W	YPL119C
YIR010W	YKR001C
YIR010W	YOR375C
YBL032W	YNL009W
YGR192C	YMR109W
YIL010W	YKL117W
YER162C	YMR201C
YDR295C	YPR179C
YGL245W	YPL026C
YKL049C	YOR124C
YFR004W	YOR117W
YCR042C	YPL042C
YML064C	YOR272W
YGL213C	YKL023W
YPL106C	YPR129W
YDR337W	YDR347W
YOR083W	YPL031C
YBR130C	YIL138C
YDR307W	YHR140W
YBL032W	YGR161C
YBR011C	YGL120C
YBR081C	YPL082C
YHR157W	YMR133W
YDR099W	YKL182W
YGR180C	YHR082C
YBL032W	YOR090C
YDR022C	YLR423C
YFR004W	YOR341W
YDR188W	YLR441C
YER132C	YGR052W
YDR050C	YHR200W
YFR004W	YPR028W
YGL158W	YJR095W
YDR369C	YNL250W
YKR003W	YPR152C
YHL027W	YPL031C
YLR093C	YMR197C
YGR130C	YJL164C
YGR254W	YNL079C
YJL176C	YNL216W
YAL038W	YML031W
YLR378C	YNL006W
YKL049C	YKL182W
YGL168W	YJL164C
YHR200W	YOL060C
YAL026C	YOR104W
YBL032W	YGL056C
YBL058W	YJR098C
YCL037C	YOR096W
YLL045C	YNL069C
YAR019C	YDL028C
YBR031W	YOR272W
YJR121W	YPR152C
YHL013C	YHR135C
YDL028C	YFR038W
YLR085C	YLR377C
YCR073C	YGL134W
YAL038W	YJL164C
YDR318W	YOL054W
YDL143W	YOR281C
YER047C	YGR086C
YDR443C	YGL158W
YJL020C	YLR429W
YDL126C	YML064C
YML117W	YPL190C
YIL150C	YML065W
YAL011W	YHR158C
YBR200W	YNL025C
YBR114W	YOL012C
YBL032W	YPR154W
YBR031W	YNL023C
YGR174C	YPR201W
YFR004W	YMR109W
YJL164C	YLR301W
YBL032W	YDL006W
YBR149W	YFR004W
YDL222C	YMR011W
YBR218C	YGL106W
YER020W	YLR413W
YGL030W	YIR010W
YBR194W	YOR227W
YCR042C	YML098W
YPL070W	YPR119W
YAL026C	YKL135C
YDR188W	YGL190C
YMR105C	YNR035C
YBR159W	YNR035C
YDR085C	YPL242C
YJL128C	YKL038W
YGL207W	YPL082C
YLR067C	YPR129W
YER132C	YER177W
YDL137W	YIL051C
YBR142W	YMR049C
YBR289W	YEL009C
YKL171W	YNL006W
YJL036W	YLR423C
YFR004W	YNL104C
YDL054C	YEL027W
YER143W	YNR024W
YER157W	YJL151C
YNL197C	YPL135W
YCR012W	YHR027C
YGR249W	YPL031C
YAL068C	YBL032W
YLR337C	YNR035C
YBL101C	YER125W
YPR080W	YPR129W
YDR261C	YHR016C
YHL024W	YJL106W
YDR330W	YGR048W
YFR004W	YNL079C
YDR054C	YOL133W
YDL075W	YOR096W
YDR069C	YKL145W
YDR528W	YNL161W
YCR084C	YEL030W
YBL032W	YMR073C
YBR159W	YDR414C
YNL106C	YPR161C
YML123C	YOR254C
YKL129C	YOR035C
YGL173C	YKL198C
YDL195W	YJL034W
YLR291C	YNL265C
YEL037C	YER012W
YGR142W	YMR021C
YGL048C	YKL049C
YIL035C	YJR144W
YDR156W	YPR110C
YBL032W	YPL026C
YER044C	YHR190W
YNR003C	YPR110C
YNL079C	YOL068C
YLL006W	YLR372W
YBR081C	YGL048C
YBL032W	YDL159W
YEL044W	YPL129W
YBR010W	YML065W
YER021W	YOL038W
YBL032W	YGR279C
YGL173C	YPR161C
YDR323C	YHR082C
YDR111C	YMR304W
YBL007C	YCL008C
YBR142W	YPR152C
YER020W	YLR326W
YBR194W	YER177W
YJL091C	YOR254C
YCL056C	YDL197C
YBL003C	YDL019C
YHR200W	YNL103W
YER013W	YHR167W
YDL214C	YHR060W
YJL122W	YNR053C
YFR004W	YLL029W
YDL140C	YPL228W
YDL159W	YLL021W
YHR200W	YOR375C
YJL106W	YNL006W
YER177W	YKL182W
YDL077C	YMR197C
YLR071C	YPL129W
YBR157C	YGL059W
YDL087C	YIL061C
YFL039C	YJL005W
YHR082C	YMR021C
YBR034C	YGR159C
YDR044W	YHR013C
YGR060W	YLL005C
YBL032W	YGR241C
YBR205W	YGL212W
YDR216W	YGR052W
YCR012W	YHR200W
YER177W	YPR115W
YBL003C	YPL127C
YDR388W	YMR093W
YDL101C	YGR130C
YNL154C	YPL138C
YBR182C	YLR423C
YIL043C	YML012W
YHR096C	YIL121W
YNL154C	YNR034W
YML065W	YPL127C
YNL073W	YNL154C
YER125W	YML098W
YKR031C	YPL050C
YDR139C	YOR100C
YKL080W	YPL091W
YGR223C	YPR054W
YJR019C	YPR106W
YIL061C	YML049C
YOR231W	YPL201C
YFL010C	YPR054W
YIL107C	YOR296W
YBR036C	YHR110W
YBR207W	YPR036W
YDR033W	YNL197C
YJR090C	YOL133W
YBR031W	YML065W
YBR167C	YGR030C
YBR183W	YDR331W
YEL037C	YER162C
YGR249W	YJL164C
YCR016W	YER125W
YOL081W	YPL106C
YDR216W	YGR252W
YBR159W	YJR161C
YNL101W	YNL154C
YKR048C	YPR119W
YGL030W	YOR310C
YDR001C	YFR004W
YBR253W	YDL140C
YDL097C	YOR117W
YOR191W	YPR154W
YIL148W	YNL084C
YHR104W	YOL045W
YER012W	YIL075C
YJR105W	YPL150W
YCR084C	YLR071C
YBR001C	YDR001C
YBL032W	YJR153W
YGL030W	YNL132W
YBR164C	YDL226C
YNL197C	YPL039W
YBR011C	YLL060C
YHR200W	YOR204W
YNL197C	YOR316C
YBR079C	YPL031C
YAL030W	YER143W
YFR004W	YMR083W
YGR163W	YGR203W
YBR194W	YPR024W
YCR088W	YDR342C
YLR292C	YML123C
YIR038C	YOR321W
YBR041W	YMR152W
YLR429W	YNL073W
YBL032W	YNR036C
YCR073C	YGR142W
YDR150W	YDR488C
YBL032W	YOR006C
YGL056C	YPL265W
YBL032W	YDR039C
YGL128C	YLR424W
YBR207W	YKR007W
YLL050C	YML064C
YGL059W	YNL074C
YDR088C	YGR006W
YDL005C	YNL236W
YDR035W	YJL164C
YGL126W	YPL161C
YKL013C	YLR337C
YJL157C	YPL256C
YBR130C	YIL144W
YBR164C	YDR027C
YDL160C	YKL054C
YBR159W	YPR156C
YKL210W	YPR054W
YGL198W	YPL095C
YKL080W	YML064C
YDL019C	YHR135C
YEL051W	YGR037C
YGR172C	YHR105W
YGL120C	YJL148W
YCR086W	YLL029W
YHR135C	YOL123W
YLR325C	YML065W
YLR449W	YML065W
YBR106W	YHL048W
YBL007C	YGL215W
YJL034W	YOR254C
YBR041W	YBR177C
YBL032W	YOR147W
YDR228C	YLR423C
YBL032W	YGR143W
YBL007C	YOR322C
YKL049C	YNL233W
YBR135W	YGL066W
YFR004W	YJR121W
YBR215W	YOR038C
YHR200W	YOR185C
YBR049C	YJR145C
YGR275W	YHR097C
YER164W	YKR001C
YBR010W	YIR010W
YBR270C	YIL105C
YOL148C	YPL082C
YER050C	YKL155C
YDR099W	YNL293W
YDL082W	YOR272W
YCR086W	YML034W
YJR121W	YLR295C
YAL038W	YFR004W
YIL075C	YML124C
YOR083W	YPL116W
YFL037W	YOR117W
YDR529C	YLR292C
YBL007C	YHR016C
YCR007C	YDR107C
YPL082C	YPL139C
YBR183W	YGR060W
YBL003C	YJR082C
YCR077C	YER068W
YBR036C	YJL196C
YGR135W	YHR200W
YIL139C	YPL167C
YAL035W	YLL045C
YHR140W	YLR372W
YKL025C	YPL031C
YLR372W	YPR194C
YBL032W	YMR192W
YGL237C	YPR085C
YER164W	YOR319W
YDL140C	YGL058W
YDR357C	YLR423C
YBL003C	YLR095C
YBL032W	YJR063W
YPL231W	YPR152C
YER012W	YHR200W
YDL177C	YDR247W
YBL032W	YLR006C
YER100W	YFL038C
YKL049C	YML075C
YHR068W	YPL070W
YNL197C	YOR171C
YBR010W	YOR141C
YGL086W	YIL149C
YNL135C	YOR319W
YGL173C	YNL308C
YBR159W	YDR331W
YDR057W	YDR411C
YBL032W	YJR111C
YGR167W	YPL031C
YNL132W	YPL042C
YGL120C	YLR449W
YEL057C	YER021W
YIL075C	YPL031C
YDL126C	YDR330W
YDR099W	YDR373W
YIL105C	YLR433C
YOL054W	YOR056C
YLR166C	YPL106C
YDL222C	YJL016W
YAL034W-A	YBR107C
YFR004W	YGR192C
YBR036C	YML048W
YLR295C	YPL078C
YHR016C	YMR192W
YDR054C	YMR199W
YDL029W	YNR035C
YCR073C	YDR007W
YPL070W	YPL088W
YHR079C	YLR006C
YBR010W	YDL159W
YDL029W	YDR260C
YER155C	YGR081C
YBL032W	YBL097W
YIR010W	YPR034W
YOL117W	YOR361C
YCL037C	YLR256W
YHR016C	YPR171W
YDL209C	YER013W
YKR048C	YPL031C
YDR331W	YPR028W
YKL171W	YPL172C
YDR386W	YMR226C
YHR169W	YNL014W
YBR106W	YKR039W
YEL034W	YOL059W
YML092C	YOR157C
YDR096W	YPR154W
YDR418W	YHR200W
YNL031C	YPR052C
YER177W	YPL231W
YPL160W	YPR110C
YBR010W	YGL058W
YAL053W	YKL051W
YBL032W	YNL314W
YGR126W	YNL154C
YHR096C	YML048W
YGL198W	YKR014C
YGR282C	YPR152C
YJL164C	YLR244C
YLR372W	YML075C
YHR200W	YOR332W
YDR383C	YML051W
YJL165C	YPR119W
YAR033W	YIL109C
YDR331W	YGR174C
YFL039C	YJL081C
YDR259C	YJL106W
YAL030W	YBR200W
YDR409W	YLR314C
YGL245W	YJR094W-A
YCL059C	YDR457W
YBL032W	YJL225C
YHR135C	YKL121W
YHR167W	YLL045C
YGR086C	YOL045W
YMR112C	YOL051W
YGL056C	YPL031C
YBL032W	YDR073W
YBR031W	YLR441C
YHR135C	YOR070C
YBL058W	YDR388W
YKL119C	YLR447C
YFL037W	YJL159W
YCR012W	YPR152C
YCR106W	YJL006C
YDL214C	YKL080W
YBL032W	YDR403W
YBR081C	YKL049C
YBL032W	YLR206W
YDL087C	YGR074W
YDR252W	YPR072W
YDR443C	YGL025C
YDL078C	YKR025W
YAL043C	YBL101C
YBL032W	YDR156W
YJL013C	YNL172W
YKL145W	YOR056C
YGL190C	YMR273C
YAL043C	YHR135C
YBL032W	YKL054C
YAL034W-A	YIL144W
YHR188C	YLR372W
YFL039C	YPR171W
YGL059W	YGR008C
YER177W	YHR027C
YDR227W	YLR278C
YBR091C	YOR297C
YBL032W	YKL109W
YDR043C	YHL027W
YBL032W	YNL074C
YBR152W	YDL098C
YBR108W	YLR438C-A
YER162C	YOR310C
YNL209W	YPR031W
YHR026W	YKL065C
YBR298C	YMR264W
YDR481C	YNL197C
YER128W	YLR181C
YCR008W	YJL051W
YGL161C	YPL031C
YIL105C	YPR119W
YGL116W	YPR007C
YBL093C	YMR112C
YPL031C	YPL049C
YHR138C	YMR049C
YGR275W	YLR357W
YGR085C	YNL112W
YCR086W	YGR126W
YDR099W	YOR176W
YFL037W	YNL223W
YDL029W	YLR429W
YHR027C	YJR121W
YJR141W	YLR447C
YDR074W	YNL154C
YBL032W	YJR127C
YEL034W	YHR200W
YER035W	YNL308C
YDR062W	YDR099W
YGL242C	YKR099W
YGR252W	YHR079C
YJL123C	YOL109W
YJL164C	YKL038W
YBR095C	YPL149W
YBR194W	YKL060C
YBL024W	YGL158W
YJR082C	YOL061W
YML065W	YPR052C
YKL002W	YMR117C
YOR361C	YPL001W
YGR037C	YMR120C
YGL120C	YNL112W
YDL232W	YLR378C
YIR005W	YMR105C
YKR104W	YOL143C
YFL037W	YML124C
YAL035W	YJL122W
YNL293W	YOR089C
YHR082C	YKL045W
YGR060W	YKL065C
YER012W	YMR276W
YBL032W	YMR304W
YBR289W	YOR038C
YKL038W	YOR047C
YBL032W	YNL328C
YDR046C	YGR060W
Q0130	YLR203C
YMR119W	YNL008C
YKL049C	YNL118C
YJL030W	YOR026W
YGR252W	YKR008W
YMR079W	YOR117W
YGL059W	YIL107C
YGL158W	YJR115W
YDR466W	YMR109W
YBL032W	YDR103W
YJL178C	YLR431C
YHR148W	YOR310C
YMR105C	YMR120C
YHR157W	YOR231W
YAR002C-A	YIL027C
YNL022C	YOL113W
YCL037C	YGL173C
YBR041W	YKL140W
YDR043C	YIL035C
YBL036C	YDR343C
YER125W	YLR392C
YDR032C	YGR130C
YDL204W	YNL154C
YJL141C	YPR184W
YHL048W	YPR192W
YER105C	YMR153W
YFR052W	YMR276W
YBR059C	YGL207W
YER125W	YMR182C
YHR027C	YNL069C
YFL017C	YMR117C
YAL054C	YDR216W
YGL210W	YJL204C
YFR004W	YPL031C
YIR010W	YKL006W
YMR087W	YNL135C
YDL165W	YNL025C
YHL020C	YKL065C
YBL032W	YEL007W
YGR077C	YNL214W
YJL164C	YKL116C
YHR022C	YOR032C
YAR023C	YHL048W
YGL059W	YKR048C
YDL111C	YNL197C
YGR086C	YNL107W
YLR287C-A	YLR441C
YGR130C	YJL106W
YDR443C	YER022W
YMR032W	YNL152W
YCR088W	YLR429W
YBR170C	YDL126C
YER021W	YJL165C
YDR326C	YJR035W
YJR145C	YOR096W
YHR200W	YOR117W
YIL107C	YML065W
YBL030C	YHR027C
YKL171W	YPR181C
YFR004W	YPL111W
YHL013C	YJL164C
YLR089C	YLR423C
YBL003C	YJR145C
YJR035W	YPR191W
YDL155W	YER107C
YDR113C	YJL164C
YFL050C	YJL164C
YBR182C	YKL062W
YDR388W	YLR436C
YDR388W	YNL243W
YFL031W	YGR252W
YBL027W	YHR027C
YLR052W	YNL059C
YBR207W	YOR316C
YBR031W	YOL061W
YDR002W	YFR004W
YDR318W	YLR315W
YJL001W	YPR054W
YFR004W	YIL043C
YKL160W	YOR039W
YDR490C	YHR205W
YAR018C	YDR216W
YER050C	YKL054C
YNL069C	YOR117W
YMR109W	YNR016C
YCR048W	YLR427W
YCR057C	YHR148W
YIL010W	YPL031C
YGL190C	YGR098C
YBL032W	YDL197C
YDR012W	YLL045C
YER177W	YNL209W
YBR010W	YBR034C
YDR425W	YGL198W
YDL195W	YDR188W
YAL017W	YAR019C
YBR207W	YJL178C
YDR188W	YNL209W
YBR131W	YOR106W
YGR085C	YIR010W
YLR072W	YNL031C
YGR203W	YIL119C
YIL144W	YOL069W
YLL021W	YOR231W
YJL141C	YOL133W
YBR200W	YDR103W
YLL050C	YNL079C
YML065W	YNR053C
YER012W	YER021W
YDR002W	YOR233W
YFR004W	YML028W
YMR049C	YOR272W
YHR082C	YKL168C
YFR004W	YML022W
YCL059C	YML065W
YHR135C	YMR153W
YEL044W	YER092W
YCR081W	YLR071C
YHR079C	YNL192W
YFR004W	YPR036W
YLR291C	YOR095C
YOL123W	YPL140C
YCR012W	YGL158W
YBR094W	YPL031C
YBL003C	YGR159C
YLR433C	YMR246W
YBL032W	YER053C
YGL023C	YPL031C
YDR392W	YPL001W
YDR388W	YOL058W
YHR200W	YPL231W
YBR111C	YPL070W
YML091C	YML111W
YLR074C	YLR397C
YAL016W	YJL020C
YDR388W	YPR093C
YIL062C	YMR109W
YBR194W	YER006W
YHR200W	YLR058C
YIL035C	YPL042C
YER177W	YKL168C
YDL088C	YML031W
YKL171W	YNL022C
YIR010W	YNR016C
YDR204W	YLR201C
YPL106C	YPR093C
YBL007C	YBL032W
YBR279W	YOR061W
YGL208W	YNR035C
YBL032W	YMR174C
YCL027W	YNL058C
YFL021W	YKL161C
YHR200W	YOL058W
YLR096W	YOR100C
YBL007C	YKR095W
YBL007C	YGL237C
YGL200C	YLR378C
YMR117C	YPR083W
YBR183W	YHL048W
YDL087C	YGL238W
YDL118W	YLR295C
YLR429W	YPR161C
YHR016C	YKL109W
YKL049C	YNL287W
YKR031C	YPL027W
YBR211C	YOR269W
YMR173W	YOL109W
YHR197W	YJL122W
YDR223W	YJL141C
YLR354C	YOR117W
YJL164C	YMR153W
YEL009C	YER022W
YAL027W	YNL106C
YBR253W	YPL129W
YBR183W	YML048W
YDL143W	YGL116W
YHR079C	YLR429W
YDL185W	YJR121W
YHL003C	YNL101W
YAL011W	YIR018W
YER139C	YOR231W
YGR287C	YLR096W
YAL030W	YDR027C
YKR025W	YML065W
YER030W	YOR361C
YGL120C	YML074C
YOL058W	YOR117W
YBL032W	YMR038C
YDR418W	YIR010W
YGL086W	YMR153W
YFR004W	YNR043W
YCR099C	YHR082C
YDR229W	YJL164C
YAL014C	YOR036W
YIL076W	YOR197W
YDR012W	YEL034W
YGL212W	YPR171W
YBR202W	YIL046W
YDR428C	YLR291C
YMR171C	YPL031C
YGR254W	YHR152W
YDR192C	YER107C
YIR010W	YKR025W
YER177W	YFR004W
YLR262C	YMR235C
YBR225W	YNL154C
YDR414C	YML038C
YDL115C	YHR135C
YBL008W	YBR289W
YKL049C	YNL212W
YDR122W	YER167W
YBL003C	YNL132W
YBL027W	YOR096W
YEL061C	YER042W
YBR281C	YMR093W
YHL042W	YOR254C
YER093C	YOL078W
YBR031W	YMR049C
YDR032C	YFR004W
YBL032W	YGL223C
YKL060C	YML065W
YLL045C	YOR272W
YMR291W	YPL141C
YHR135C	YOR089C
YDR322W	YOL027C
YNL076W	YOR061W
YDR322W	YOR150W
YIL035C	YML074C
YML110C	YNL154C
YDL028C	YKL042W
YCR008W	YPR171W
YBL032W	YPL158C
YAL011W	YBR135W
YGR192C	YHR027C
YBL007C	YMR253C
YDL197C	YGL162W
YBR159W	YJL214W
YEL002C	YKL065C
YDR244W	YOL044W
YBL007C	YIR033W
YLR291C	YOL143C
YDR070C	YFL017C
YBL039C	YPL031C
YOR117W	YOR341W
YOR061W	YOR267C
YHR200W	YMR083W
YDR251W	YPL031C
YJL164C	YKL121W
YGL207W	YOR061W
YNL197C	YPR083W
YMR036C	YNL197C
YDR388W	YNL086W
YNL061W	YOR227W
YKR001C	YPR034W
YER133W	YOR329C
YCR093W	YDR252W
YCL014W	YDR099W
YFR004W	YPR110C
YDR011W	YKL051W
YDL109C	YNL197C
YER129W	YKL042W
YLR072W	YOR141C
YAL014C	YER133W
YBR272C	YOR117W
YDL029W	YHR027C
YHR027C	YKL145W
YDL126C	YKL213C
YBR107C	YGR052W
YBR031W	YJR145C
YCR061W	YLR138W
YDR228C	YNL069C
YHR135C	YPL171C
YKL049C	YOR310C
YER020W	YGR130C
YBR035C	YFR004W
YER021W	YIL075C
YLR080W	YNL287W
YDR329C	YOR326W
YER177W	YNR047W
YKL145W	YPR036W
YIL076W	YNL287W
YHR118C	YPL001W
YLR291C	YLR377C
YNL117W	YOL045W
YCR093W	YER068W
YFR052W	YPL082C
YGL084C	YHL042W
YDR258C	YOR326W
YBR114W	YMR226C
YBR159W	YDR307W
YCR092C	YJL173C
YBR260C	YDL140C
YBR200W	YDR481C
YDR107C	YMR070W
YKL145W	YMR264W
YJL012C	YML048W
YER059W	YLR190W
YBL032W	YJL078C
YMR093W	YPL012W
YGL207W	YKR008W
YBR207W	YEL013W
YBR031W	YHR027C
YER125W	YOL122C
YBR125C	YPL001W
YHR200W	YOR168W
YBL003C	YCR086W
YDR247W	YER133W
YMR282C	YOL123W
YHR111W	YPL070W
YBR169C	YPR152C
YER155C	YOR361C
YJL176C	YPR052C
YAL035W	YDR418W
YGR180C	YPL191C
YLR291C	YMR246W
YIR010W	YMR093W
YER125W	YIR033W
YHR027C	YMR079W
YDR227W	YER105C
YBR108W	YPR154W
YKL129C	YMR032W
YGL075C	YKL109W
YGR196C	YOR231W
YML064C	YMR226C
YBL032W	YER162C
YCR008W	YDR388W
YHR200W	YPR036W
YBR205W	YFR024C-A
YGR215W	YKL003C
YBR031W	YGL030W
YAL042W	YIR010W
YMR160W	YMR304W
YLR096W	YOL054W
YFL054C	YPL031C
YDR397C	YPL082C
YFL013C	YIR010W
YIL118W	YNL271C
YJL030W	YNL218W
YDR446W	YJL036W
YDR032C	YJL016W
YDL075W	YDL082W
YBL032W	YGL084C
YER155C	YPR034W
YGR002C	YNL107W
YBL032W	YPR188C
YHR061C	YMR032W
YER164W	YGL244W
YHR190W	YML008C
YMR297W	YOR137C
YBR106W	YJL012C
YNL154C	YNL272C
YER022W	YLR071C
YBR200W	YGR152C
YPL031C	YPL139C
YDR192C	YMR153W
YMR149W	YNL322C
YDR028C	YNL009W
YFR004W	YKL152C
YER020W	YGL245W
YNL154C	YNL218W
YBL032W	YDR186C
YHR039C	YMR149W
YGR135W	YIL105C
YJL099W	YPR080W
YJL034W	YOL081W
YBL027W	YFR004W
YAL038W	YIR010W
YBL032W	YLR425W
YHL048W	YJL196C
YMR223W	YOL148C
YDR156W	YOR341W
YBL032W	YCR061W
YFR015C	YPL219W
YGL161C	YGL212W
YEL051W	YKL080W
YDL082W	YDR418W
YDR418W	YFR004W
YGR111W	YHR135C
YNL023C	YNL135C
YBR031W	YNL069C
YDR260C	YML072C
YLR291C	YMR032W
YHR079C	YNL074C
YBR107C	YOL054W
YDR011W	YHL016C
YGL070C	YJL140W
YBR036C	YMR306W
YDR356W	YPL180W
YFR038W	YHR135C
YHR135C	YOR056C
YER133W	YOR272W
YDL132W	YIL046W
YDL222C	YGR130C
YFR004W	YML092C
YAR019C	YDL185W
YGR008C	YJL164C
YAL063C	YBL032W
YKR006C	YML065W
YBR106W	YHR027C
YFR024C-A	YOR039W
YJL048C	YLR368W
YCL008C	YHR016C
YBL032W	YDL138W
YDR246W	YDR407C
YEL009C	YPR034W
YDR099W	YGL035C
YCR081W	YER022W
YKL145W	YMR276W
YGR132C	YGR231C
YDL077C	YOR106W
YML065W	YPL190C
YBL045C	YPR191W
YAL016W	YBR079C
YEL037C	YIL148W
YHR135C	YNL173C
YFR004W	YMR315W
YIR010W	YOR204W
YGR098C	YGR163W
YLR399C	YOL012C
YBL032W	YPR015C
YPR054W	YPR191W
YGL059W	YJL164C
YOR204W	YPR119W
YBR059C	YDR229W
YOR327C	YPL270W
YOR310C	YPL193W
YKL145W	YML092C
YMR093W	YOR145C
YDR246W	YMR218C
YEL002C	YMR149W
YDL076C	YPL082C
YLR367W	YOR056C
YDR062W	YHL030W
YBL003C	YGR275W
YEL013W	YPL180W
YDL164C	YEL030W
YML008C	YOR117W
YNL232W	YOR076C
YHR061C	YMR273C
YHR135C	YPL190C
YHR027C	YML092C
YML098W	YPR072W
YML072C	YPL265W
YGR098C	YMR273C
YOR254C	YOR324C
YBL032W	YMR273C
YGL190C	YNL222W
YNL132W	YPL012W
YHR082C	YNL240C
YJR008W	YNL197C
YOL025W	YOL133W
YEL034W	YHR027C
YDL132W	YMR094W
YKL037W	YML058W
YGR130C	YMR031C
YGR002C	YOL012C
YCR030C	YPR152C
YCL059C	YOR096W
YBL032W	YNL146W
YBR142W	YGR085C
YFR024C-A	YGR241C
YDL140C	YGR186W
YDR027C	YFR024C-A
YFL050C	YHR135C
YDR143C	YMR310C
YAL035W	YGL158W
YOR193W	YPL112C
YIR038C	YJL151C
YCR008W	YGR258C
YNL031C	YOR061W
YKL152C	YML028W
YML048W	YNL101W
YBR031W	YHR197W
YGR184C	YOL038W
YDR443C	YMR112C
YKL058W	YOL051W
YBR036C	YLR372W
YBR298C	YKL065C
YDR280W	YNR024W
YBR272C	YPL001W
YFL014W	YHR152W
YGL025C	YPR052C
YML012W	YMR015C
YBR159W	YHR082C
YHR152W	YPR018W
YKL049C	YLR044C
YBR159W	YLR292C
YBL032W	YGR156W
YGR108W	YNL197C
YCL054W	YGL120C
YDL214C	YIL107C
YBR094W	YOR061W
YBR225W	YGL197W
YGL066W	YMR223W
YHR135C	YNL073W
YDL222C	YGR065C
YGR186W	YPR152C
YDL097C	YOL117W
YEL037C	YPL096W
YHR083W	YNL092W
YHR073W	YPR191W
YMR180C	YNL154C
YIR010W	YJL081C
YDR388W	YHL030W
YHR027C	YLR447C
YNL031C	YPR031W
YBL027W	YLR287C-A
YDR359C	YJR082C
YER121W	YKL002W
YBL032W	YOR104W
YDR227W	YIL075C
YMR025W	YOL117W
YBL032W	YMR182C
YDL077C	YLR262C
YBL007C	YML075C
YHR082C	YMR281W
YFR004W	YOR061W
YLR449W	YNL031C
YGL028C	YNL197C
YEL037C	YOR157C
YKR085C	YOR150W
YHR135C	YMR297W
YHR200W	YKR001C
YHR090C	YJR082C
YBL091C-A	YOL113W
YJL106W	YPR115W
YNL172W	YOR163W
YGR085C	YLR441C
YMR227C	YOL051W
YPL161C	YPR165W
YHR104W	YNL154C
YDL165W	YML098W
YCR086W	YIL152W
YBR135W	YNL107W
YER143W	YFR004W
YCL056C	YNL131W
YDL075W	YIR010W
YDL222C	YML072C
YCR063W	YML049C
YHR110W	YLR372W
YEL051W	YLR291C
YBL032W	YHL012W
YGL116W	YOR026W
YCL014W	YLR058C
YGL059W	YMR196W
YHR200W	YKL060C
YDL132W	YJL204C
YJL030W	YMR131C
YER150W	YPL031C
YDL132W	YDL155W
YDR216W	YPR110C
YER091C	YHR200W
YGR209C	YHR200W
YDR188W	YGL116W
YGR077C	YJL210W
YAL043C	YDR228C
YBL032W	YOR329C
YJR049C	YPL026C
YPL111W	YPL160W
YDL006W	YOL113W
YBR114W	YGR193C
YFR052W	YPR108W
YEL051W	YPR036W
YHR027C	YKL182W
YDL232W	YDR086C
YFL039C	YPL129W
YLR423C	YOR353C
YNL197C	YOR359W
YHR135C	YLR134W
YCR042C	YOL051W
YBR194W	YGL245W
YBR055C	YJR104C
YBL032W	YDR409W
YGR065C	YML072C
YER100W	YKL210W
YBL032W	YML075C
YBR107C	YBR211C
YDR188W	YGL083W
YBR106W	YDR331W
YHR076W	YIR010W
YDR356W	YFL037W
YDL025C	YMR216C
YER120W	YHR200W
YNL161W	YOR353C
YHR082C	YNL006W
YIL035C	YML065W
YFR052W	YOR056C
YCL043C	YDR044W
YBR200W	YER114C
YGR002C	YLR085C
YMR019W	YPL082C
YER126C	YOR267C
YIL035C	YNL061W
YCL039W	YIL097W
YPL031C	YPR106W
YGL245W	YPR110C
YDR054C	YLR079W
YGL237C	YLR114C
YIR010W	YJR007W
YDR388W	YER049W
YER133W	YML074C
YHR135C	YJR001W
YHR060W	YKL119C
YBL032W	YPR183W
YJR144W	YPR161C
YDR411C	YGR048W
YCR063W	YGL120C
YDR135C	YGL181W
YOR375C	YPL228W
YDL137W	YPR110C
YBL032W	YJL110C
YDR318W	YJR135C
YIL152W	YLR423C
YJL141C	YLL001W
YBL003C	YDR463W
YHR082C	YMR184W
YNL250W	YOL069W
YKL003C	YOL027C
YDR181C	YOR213C
YBL093C	YDR443C
YBR136W	YGL245W
YBL031W	YDR318W
YJL001W	YOL038W
YGR130C	YPL031C
YCR077C	YLR438C-A
YIL071C	YOL117W
YCL027W	YKR101W
YBR156C	YJL173C
YOR346W	YPL167C
YDL160C	YGL173C
YGL066W	YLR055C
YLR071C	YOR174W
YCR024C	YPL031C
YLR292C	YNL003C
YKL142W	YOL059W
YPL061W	YPR080W
YHR027C	YML070W
YNL261W	YPR018W
YHR135C	YJR019C
YDL226C	YJL036W
YDR418W	YOR096W
YDR231C	YNL197C
YCR057C	YGR085C
YJL164C	YMR102C
YDR044W	YDR077W
YER044C	YGR060W
YBL032W	YHL027W
YAR018C	YDL214C
YLR291C	YPR105C
YDL155W	YDR216W
YER133W	YGR254W
YDR099W	YGL059W
YNL197C	YNL305C
YBR159W	YML132W
YMR197C	YOR106W
YFR030W	YHR200W
YFL037W	YMR304W
YDL195W	YHR200W
YER006W	YNL002C
YOR047C	YOR302W
YBR106W	YDL093W
YBL097W	YGR135W
YDR388W	YPR081C
YJR145C	YPL012W
YDL087C	YML046W
YBR164C	YJL164C
YDR418W	YGR085C
YDR443C	YOR174W
YMR049C	YOR267C
YER012W	YKL206C
YDR430C	YGR193C
YBL030C	YLL041C
YAL017W	YGL245W
YLR182W	YOR066W
YGL207W	YJL106W
YBR202W	YMR048W
YBR010W	YOL012C
YBL032W	YDL039C
YDR118W	YLR102C
YDR229W	YDR388W
YIL075C	YOR259C
YHR182W	YJL164C
YBR200W	YOR106W
YNL073W	YPL106C
YBL032W	YLR278C
YAL030W	YGR142W
YFR052W	YGR135W
YDR176W	YMR223W
YDR007W	YJL165C
YBL032W	YOL019W
YDL138W	YHR154W
YKR018C	YPL031C
YDR129C	YFR004W
YDL028C	YGL106W
YGR061C	YOR124C
YBR142W	YNL002C
YLR449W	YNL061W
YHR182W	YPL031C
YLR337C	YMR032W
YBL007C	YCL034W
YBL003C	YJL006C
YDL098C	YGR074W
YJL165C	YKL038W
YJR121W	YNL131W
YBR159W	YJL123C
YHL020C	YIL035C
YDL140C	YGL244W
YAL041W	YNL118C
YDL075W	YLR074C
YFL010C	YLR291C
YER125W	YLR079W
YDR270W	YHR016C
YDR304C	YER050C
YOL107W	YPL141C
YKL144C	YNR003C
YKR001C	YLR357W
YBL032W	YDR303C
YNL042W	YNL197C
YER178W	YIL042C
YGR074W	YLR298C
YNL085W	YNL250W
YDR129C	YFL039C
YBR159W	YCR011C
YGL210W	YOR070C
YJL178C	YOL129W
YLR096W	YOR061W
YGR146C	YML051W
YIL075C	YOR117W
YBR135W	YMR199W
YAL034W-A	YOL054W
YBR049C	YBR194W
YNL197C	YPL006W
YER021W	YLR181C
YDL132W	YER007W
YKR088C	YPL246C
YLR058C	YOR117W
YBL032W	YJR094C
YBR031W	YNR024W
YBR010W	YHR090C
YJL008C	YKL049C
YDR188W	YML124C
YDR247W	YMR216C
YCL008C	YDR069C
YGL212W	YOR106W
YLL019C	YLR438W
YEL061C	YOL069W
YKL197C	YOL044W
YDL039C	YDL214C
YLR377C	YML064C
YKL022C	YNL172W
YFR004W	YKR046C
YKL074C	YMR216C
YJL066C	YJL157C
YAL026C	YDR238C
YNL132W	YOR310C
YGR249W	YHR135C
YBL032W	YML049C
YDL078C	YDR304C
YHR135C	YOR083W
YGR276C	YHR135C
YDR188W	YPL106C
YHR200W	YPR181C
YCR030C	YDR032C
YHL003C	YHL048W
YDL188C	YGL190C
YML080W	YNL154C
YNL086W	YOL069W
YDL003W	YPR072W
YHR027C	YOL058W
YBR289W	YML065W
YIR010W	YMR049C
YGL245W	YPL245W
YGR163W	YKR007W
YAL041W	YER114C
YGL070C	YNL031C
YCR086W	YPR018W
YIR005W	YML049C
YEL002C	YPL234C
YGL245W	YKR083C
YBL032W	YLR413W
YDR054C	YJR090C
YHR200W	YML070W
YBR010W	YDR059C
YFR024C-A	YPR097W
YDL025C	YOR061W
YGR067C	YGR135W
YCR091W	YOL104C
YMR117C	YNL250W
YDL053C	YIR010W
YBR055C	YDL160C
YBR136W	YNL265C
YML074C	YPL146C
YCR024C-A	YPL227C
YFL045C	YMR049C
YGR167W	YJR125C
YBL007C	YPL157W
YHR157W	YLR329W
YLR287C-A	YNL069C
YJL164C	YKL042W
YJR115W	YNL197C
YOL051W	YPL129W
YMR297W	YPL031C
YBL032W	YOL030W
YCR086W	YLR291C
YIL143C	YLR028C
YDL232W	YGL200C
YBL032W	YDR184C
YGR184C	YKL049C
YAL041W	YDR103W
YLR357W	YPL082C
YML097C	YOR089C
YIR037W	YLR345W
YJL066C	YKL049C
YNL086W	YPR185W
YKR092C	YOL012C
YGL173C	YPR106W
YBL003C	YOR272W
YGL207W	YHR135C
YBR026C	YDR054C
YAL053W	YDR032C
YJR094W-A	YPL031C
YDR028C	YER177W
YAL011W	YBL007C
YGL158W	YOL148C
YDL140C	YFR004W
YER125W	YGL161C
YER120W	YKL065C
YDR409W	YGR126W
YDL075W	YDL195W
YBL032W	YOL101C
YBR142W	YNL061W
YBL032W	YGL245W
YNL154C	YNR019W
YBR107C	YGR161C
YIR010W	YJR060W
YCR012W	YLR438C-A
YMR149W	YOR085W
YBR095C	YPL139C
YJL084C	YMR139W
YCL008C	YFR024C-A
YBL056W	YFR004W
YBL032W	YML105C
YDR330W	YGR268C
YAL064C-A	YBL032W
YKL116C	YPL031C
YAL034W-A	YCR086W
YBR055C	YCR077C
YDL132W	YEL060C
YHR169W	YIL125W
YPL242C	YPR171W
YLR035C	YPR034W
YCR024C-A	YDR414C
YER098W	YHR082C
YDR150W	YOL069W
YAL038W	YLR166C
YCR063W	YER013W
YGL236C	YNL197C
YLR085C	YNL107W
YLR182W	YMR227C
YGR192C	YKL060C
YGR085C	YOR096W
YDL209C	YDR088C
YIR010W	YLR441C
YHR079C	YOR107W
YDL155W	YDR146C
YFL046W	YMR131C
YJR142W	YPL150W
YFR004W	YNL209W
YMR131C	YPL042C
YGL030W	YOR096W
YDR076W	YHR154W
YGL106W	YNL023C
YMR276W	YOR117W
YGR204W	YHR200W
YAL018C	YLR034C
YBR049C	YPL106C
YCL063W	YLR423C
YNL209W	YPR105C
YDR202C	YOR332W
YDL076C	YKL185W
YJR001W	YNR075W
YGL207W	YGR063C
YGL120C	YMR093W
YDR113C	YKL022C
YHR200W	YMR235C
YGR154C	YHR135C
YEL013W	YMR197C
YEL030W	YML058W
YPL164C	YPR191W
YKL049C	YOR204W
YKL213C	YNL073W
YEL037C	YPL141C
YGL106W	YPL242C
YLR372W	YOL132W
YBL003C	YER006W
YOR310C	YPR152C
YBR081C	YMR223W
YFR004W	YMR096W
YBL022C	YKL016C
YBR298C	YEL027W
YBR142W	YLL045C
YIL034C	YLR274W
YDR146C	YGR002C
YCR073C	YHR027C
YER157W	YLR423C
YDL184C	YKR048C
YLR372W	YPR156C
YER174C	YJL164C
YNL314W	YPL031C
YFR004W	YPL088W
YOR238W	YPL150W
YMR017W	YOR327C
YBR095C	YDR143C
YCL052C	YHR026W
YIL035C	YJR130C
YBR243C	YML075C
YBL007C	YLR325C
YHL030W	YNL132W
YBL030C	YIR010W
YDL164C	YGL053W
YER126C	YMR049C
YJR105W	YPL141C
YOL129W	YOR316C
YAL035W	YBR194W
YJR082C	YPL031C
YDL143W	YGR086C
YGL059W	YHR105W
YLR166C	YOR204W
YFR052W	YGL095C
YAL034W-A	YKL049C
YPR161C	YPR171W
YNL252C	YOR150W
YMR031C	YNL154C
YGL030W	YLR367W
YDR490C	YMR109W
YKL053C-A	YLR168C
YDL085W	YHR204W
YHR135C	YMR184W
YJL141C	YKL023W
YFL037W	YHR027C
YHR154W	YPR052C
YLR315W	YPR072W
YFR004W	YPR149W
YMR227C	YPL129W
YBR272C	YOR259C
YJL105W	YPL031C
YGL158W	YOR089C
YDR141C	YPR110C
YDL195W	YPR181C
YFR015C	YGR052W
YDR392W	YER164W
YOR035C	YOR326W
YCR004C	YHR027C
YDR330W	YNL154C
YML031W	YMR153W
YNL002C	YNR053C
YLR333C	YML065W
YBR103W	YJR141W
YIL149C	YML107C
YIL035C	YMR036C
YGL237C	YJL081C
YBR223C	YGL082W
YHR082C	YNL293W
YFR024C-A	YPL249C
YDR414C	YOR254C
YOR141C	YPL031C
YHR200W	YML028W
YGL198W	YLR262C
YBR079C	YLR048W
YDR122W	YER133W
YGL059W	YGL205W
YHR106W	YLR368W
YHL012W	YNL197C
YBL032W	YJL091C
YEL023C	YOR368W
YBR031W	YBR205W
YHR082C	YOR035C
YER177W	YJL141C
YFR021W	YHR135C
YFL045C	YOL062C
YGL158W	YMR155W
YDR147W	YGL158W
YEL009C	YPR086W
YBL058W	YFR004W
YGL025C	YPL031C
YJR102C	YML101C
YAL026C	YAL053W
YLR096W	YPR115W
YML064C	YMR153W
YER157W	YFL038C
YER021W	YPL106C
YDR359C	YNL107W
YMR056C	YNR056C
YBR157C	YJL164C
YBL032W	YMR206W
YDL101C	YDR032C
YHR078W	YMR150C
YBR159W	YLL050C
YBL007C	YNL106C
YDR135C	YLR425W
YDR490C	YPL005W
YGR152C	YPL161C
YBR239C	YHR016C
YBL032W	YPR043W
YMR049C	YOR233W
YAL034W-A	YHR135C
YBR212W	YHR082C
YFR004W	YLL050C
YIL075C	YOL038W
YKL051W	YOR094W
YGR108W	YPR119W
YDR188W	YHR082C
YNR024W	YOR046C
YDR258C	YPL138C
YDR011W	YNL197C
YBL032W	YKR096W
YPL082C	YPL129W
YML012W	YPL227C
YDR295C	YOL069W
YGL158W	YJR096W
YGL030W	YML065W
YGR061C	YHR027C
YBR200W	YPR165W
YCR091W	YDL039C
YNL135C	YOR117W
YDL029W	YMR105C
YDR318W	YIR010W
YGL048C	YOR259C
YDL053C	YHR135C
YDR012W	YPL050C
YGL237C	YNL063W
YCR016W	YJL128C
YDR012W	YIR010W
YAL016W	YMR273C
YBR031W	YCL059C
YGR086C	YKL049C
YDL025C	YOR094W
YBR205W	YIR038C
YAL038W	YGL244W
YGL030W	YLR074C
YCR086W	YER144C
YDL160C	YIL148W
YHR027C	YPL140C
YLR182W	YOR083W
YER133W	YIL035C
YIR010W	YPR110C
YGL116W	YGR225W
YER144C	YMR032W
YDL181W	YLL021W
YBR053C	YFR004W
YDR146C	YJL081C
YER178W	YFR004W
YBL093C	YER022W
YHR082C	YOL104C
YBL060W	YOR094W
YKR048C	YOR032C
YBL032W	YNL192W
YJL141C	YLR256W
YKL193C	YPL174C
YCL037C	YGL120C
YGL203C	YPR075C
YER022W	YPL129W
YBR194W	YGR132C
YIL118W	YOR326W
YBR031W	YPR129W
YKL039W	YLR044C
YLR248W	YNL074C
YBL032W	YCL044C
YGR268C	YLR206W
YKR048C	YOL012C
YBL007C	YOR388C
YEL005C	YNL086W
YER006W	YNR053C
YBL032W	YBR019C
YAL011W	YOR269W
YDL053C	YGR178C
YDL185W	YKL049C
YMR109W	YNL025C
YEL002C	YHL003C
YHR061C	YML064C
YCL032W	YHR061C
YCR105W	YJL020C
YBR010W	YLR141W
YKR052C	YNL275W
YAL030W	YPL232W
YBR272C	YOL054W
YIL076W	YNL161W
YDR388W	YFR030W
YBR079C	YHR027C
YDR096W	YMR048W
YDL165W	YDR443C
YBL032W	YNR030W
YFL039C	YHR200W
YER012W	YOL038W
YAL011W	YJL081C
YML091C	YPR116W
YBR130C	YGL106W
YML118W	YNL197C
YDR238C	YFR004W
YHR027C	YLR058C
YCL009C	YFR004W
YBR200W	YJL157C
YIL075C	YJL001W
YAR002C-A	YGR060W
YBR298C	YHL042W
YER022W	YGL070C
YGR295C	YLR372W
YER042W	YGR209C
YBR031W	YDR418W
YBL030C	YMR083W
YHR016C	YJL151C
YCL059C	YPL012W
YGL106W	YLR356W
YDR386W	YPR181C
YHR167W	YIL075C
YHR111W	YML110C
YCL037C	YOR310C
YDR497C	YHR076W
YLR337C	YNL197C
YDR457W	YIL148W
YGR052W	YLR072W
YGR223C	YPL150W
YOR204W	YPL119C
YOL012C	YPL127C
YBL032W	YGR052W
YEL034W	YNL209W
YDR099W	YPR171W
YGL200C	YML012W
YNL104C	YPL031C
YDL075W	YDR012W
YEL030W	YNL161W
YFR024C-A	YJL201W
YHR079C	YOR113W
YKL116C	YMR052W
YCR016W	YPL026C
YHR027C	YKL152C
YDL126C	YLR207W
YBR081C	YEL009C
YDL161W	YGL206C
YDL140C	YIL126W
YKL065C	YOR254C
YNR047W	YOR353C
YBL032W	YMR155W
YER127W	YLR315W
YBR194W	YOR310C
YJL048C	YKL213C
YAL025C	YML065W
YGR135W	YJL001W
YLR423C	YLR424W
YKL054C	YOL012C
YCR101C	YHL042W
YDR028C	YKL193C
YIL035C	YIL118W
YDR057W	YDR144C
YER177W	YOR176W
YJL141C	YOL143C
YLL045C	YML065W
YDR388W	YJL102W
YEL012W	YPL141C
YBL032W	YOR344C
YFL039C	YLR166C
YDR221W	YHR193C
YDR404C	YER022W
YBR010W	YMR075W
YGR085C	YHR027C
YDR247W	YLR003C
YGL056C	YKL051W
YBL032W	YMR136W
YJR145C	YOR204W
YDL025C	YHR009C
YBR081C	YDR146C
YDR345C	YLL006W
YHR200W	YIL075C
YFR004W	YML072C
YDL140C	YPR152C
YIR010W	YNL308C
YDR331W	YPR192W
YKL152C	YMR109W
YIR010W	YLR321C
YIR010W	YOR038C
YCL014W	YER177W
YAL034W-A	YGL086W
YEL024W	YER107C
YJL006C	YMR041C
YDR425W	YJL164C
YKL049C	YPR108W
YER157W	YGL005C
YCR004C	YDR032C
YGL249W	YNL197C
YCL037C	YJR145C
YAL017W	YCL043C
YER047C	YMR109W
YHR105W	YOR034C
YJL060W	YLR314C
YBR159W	YKR039W
YJL197W	YJR031C
YBR059C	YGR135W
YKL023W	YKR092C
YER125W	YPL193W
YFL030W	YPL031C
YBR253W	YPL042C
YNL112W	YNL209W
YKL054C	YNL197C
YML123C	YNL061W
YDR303C	YLR357W
YDL097C	YKL027W
YHR027C	YKL210W
YHL024W	YHR082C
YGR124W	YHR027C
YEL009C	YPL031C
Q0130	YKL016C
YDR001C	YHR200W
YBL003C	YPL001W
YPL031C	YPL106C
YHR027C	YLR441C
YDR074W	YER019C-A
YBL007C	YPL027W
YGL207W	YMR041C
YMR139W	YOL081W
YDR176W	YGL158W
YJL212C	YNL197C
YKL049C	YKL052C
YAL038W	YFL045C
YER101C	YPL031C
YJL106W	YNL073W
YDR320C	YHR027C
YCR042C	YMR037C
YJL176C	YOL069W
YDL111C	YNL232W
YBL032W	YGR060W
YDL140C	YPR086W
YHR082C	YPL180W
YKL210W	YNL232W
YBR159W	YMR149W
YGR209C	YOR117W
YAR002W	YLR166C
YBR253W	YGR252W
YJL005W	YLR200W
YBL032W	YOR019W
YDR388W	YMR192W
YHR158C	YLL021W
YGR060W	YPR192W
YHL019C	YJL164C
YHL030W	YML092C
YCL056C	YOR037W
YBL032W	YLR096W
YBL032W	YEL009C
YKL058W	YPR086W
YLR248W	YNL267W
YAL016W	YFR024C-A
YDL101C	YMR105C
YIR010W	YNL232W
YBR079C	YJL140W
YDR231C	YNL192W
YIL071C	YJR007W
YNL135C	YPR119W
YHR135C	YLR244C
YBR128C	YLR360W
YGL207W	YOR117W
YDR388W	YIL063C
YGL059W	YLL029W
YDR356W	YOL069W
YBL007C	YJL201W
YDR028C	YER155C
YDR238C	YGR037C
YBL041W	YCR073C
YKL171W	YOL006C
YCL027W	YLR291C
YER157W	YPR105C
YBL032W	YIL152W
YBL032W	YLR414C
YFL037W	YLR436C
YHR082C	YMR291W
YDR069C	YLR025W
YDR331W	YJL196C
YHR027C	YKR039W
YLR377C	YOR141C
YBR289W	YGR275W
YBL032W	YGR249W
YJR156C	YLR423C
YJL106W	YPR032W
YER126C	YLR074C
YKL049C	YLR357W
YDR388W	YHR185C
YBR031W	YIR010W
YFR036W	YKL022C
YDR113C	YDR260C
YML081C-A	YPR020W
YBR010W	YGL035C
YGL162W	YNL197C
YCR077C	YDR141C
YOR310C	YPL146C
YBL032W	YNL008C
YDR146C	YML051W
YDR176W	YGL252C
YFL013C	YOR141C
YBL003C	YLR274W
YKL108W	YLR354C
YOR056C	YPL266W
YGL058W	YGR184C
YBR023C	YLR330W
YGR194C	YNL265C
YBL032W	YOR107W
YLL045C	YPL012W
YJR060W	YPR052C
YBR130C	YNL154C
YDL132W	YER011W
YBR194W	YML049C
YHR013C	YMR049C
YAL060W	YPL031C
YDR466W	YNL232W
YDL126C	YLL045C
YAR019C	YPL141C
YDR331W	YKL065C
YJR056C	YLR096W
YDR280W	YOR076C
YAR019C	YOR018W
YCR088W	YHR199C
YML072C	YPR152C
YAL034W-A	YPL125W
YDR256C	YJL006C
YDL188C	YML092C
YGL059W	YGR266W
YDR497C	YML072C
YDL222C	YDR011W
YFR036W	YGL116W
YLR201C	YML110C
YIL121W	YKL051W
YBR106W	YGL055W
YFL039C	YPL242C
YHR026W	YPL234C
YDR303C	YPL106C
YDL086W	YHR169W
YMR048W	YOL154W
YBR237W	YER021W
YCR066W	YLR438C-A
YER033C	YLR096W
YDL028C	YJR019C
YFR004W	YKR018C
YDL137W	YFR004W
YKL161C	YLR096W
YNL197C	YPL162C
YBR253W	YOL051W
YOL038W	YOR157C
YDL226C	YJL151C
YER021W	YKL049C
YGL158W	YPR110C
YCR093W	YNL197C
YLR015W	YLR429W
YBR010W	YLR399C
YJL020C	YNL025C
YJL034W	YKL049C
YCR024C-A	YDR331W
YIL035C	YOR039W
YBR270C	YNL154C
YCR088W	YNL106C
YDL067C	YHR051W
YJL148W	YOL006C
YDL132W	YER012W
YPL087W	YPL227C
YBR179C	YDR470C
YML098W	YMR227C
YPL127C	YPR052C
YBR059C	YDR239C
YGR223C	YJL164C
YBL032W	YNL154C
YGR086C	YLR429W
YBR270C	YHR135C
YER100W	YPL078C
YIR010W	YNL112W
YEL002C	YMR264W
YFL045C	YHR200W
YBR205W	YHR105W
YDL232W	YLR372W
YDR456W	YHL042W
YEL034W	YNL197C
YHR197W	YLR423C
YBR059C	YFR004W
YBL032W	YCL027W
YJL151C	YML097C
YDL185W	YLR447C
YDL088C	YER107C
YAL034W-A	YIL150C
YOR141C	YPL082C
YCR086W	YJL110C
YGL120C	YPL012W
YJL128C	YNL053W
YGL059W	YJR001W
YAR033W	YHL048W
YER013W	YNL154C
YDL140C	YHR135C
YHR027C	YLR044C
YCL037C	YDL140C
YDR216W	YLR055C
YHR140W	YPR028W
YDR244W	YGR077C
YER092W	YFL013C
YER164W	YOL148C
YGL190C	YKL042W
YPL082C	YPR086W
YGR254W	YNL073W
YBR299W	YPL031C
YIL046W	YLR082C
YHR200W	YLR134W
YER125W	YOR124C
YIR010W	YLR314C
YGR163W	YOR316C
YBL032W	YDL025C
YMR291W	YPL262W
YJL029C	YJL034W
YJL164C	YPL201C
YBL032W	YIL011W
YGR087C	YLR427W
YAR002C-A	YIL124W
YKR001C	YPL082C
YLR096W	YMR036C
YGR222W	YMR257C
YJL036W	YLR424W
YLR399C	YMR227C
YLR321C	YPR034W
YBL027W	YIR010W
YKL116C	YMR184W
YGR048W	YKL042W
YFR004W	YGL030W
YOR267C	YPR032W
YER125W	YHR117W
YBR059C	YER144C
YHR013C	YKR048C
YKR054C	YMR117C
YDR113C	YDR118W
YBL030C	YGL187C
YCR057C	YGL120C
YBL030C	YPR152C
YDR113C	YIR025W
YBL003C	YIL148W
YER101C	YER125W
YBR237W	YDR073W
YHR200W	YKL210W
YDR129C	YDR388W
YBL032W	YJL157C
YDL117W	YNL152W
YBL007C	YLR315W
YGL055W	YML065W
YDL171C	YHR200W
YOR310C	YPL157W
YMR163C	YOR326W
YLR345W	YMR310C
YAL043C	YCR042C
YKL142W	YNL210W
YML051W	YOR197W
YDL082W	YLL045C
YAL028W	YOR324C
YGR231C	YKL171W
YEL037C	YKL145W
YIL108W	YMR149W
YGR258C	YPL141C
YML123C	YPR156C
YDR108W	YDR246W
YDR028C	YLR028C
YHR135C	YNL025C
YER004W	YIR010W
YBL003C	YGL120C
YOR034C	YOR171C
YAL034W-A	YKL171W
YNL197C	YNR039C
YAL041W	YGR152C
YGR130C	YHR135C
YDL215C	YDR054C
YOR267C	YOR272W
YKR101W	YML065W
YNL086W	YOR069W
YAL034W-A	YDR254W
YDR216W	YKL117W
YHR135C	YMR081C
YFR017C	YPL026C
YGR295C	YML048W
YDL028C	YOL069W
YDL140C	YJL164C
YDL097C	YEL009C
YDR388W	YPR161C
YBL032W	YCR105W
YNL031C	YNL079C
YAL016W	YDL188C
YLR096W	YPR181C
YBL032W	YMR312W
YEL034W	YLL045C
YNL138W	YOR087W
YEL034W	YHR135C
YFR004W	YGR204W
YHR135C	YPR115W
YNL061W	YPL146C
YJR082C	YPL106C
YGL025C	YOL051W
YHR193C	YMR049C
YFR004W	YOR026W
YNL048W	YPL078C
YDR260C	YNL172W
YGR024C	YLR291C
YDR326C	YIL105C
YBL032W	YLL009C
YGL071W	YNL197C
YCR081W	YGL158W
YGL086W	YIR010W
YER105C	YGL201C
YGL223C	YLR423C
YHR110W	YML012W
YBR079C	YOR039W
YFR004W	YNL287W
YBR157C	YKR083C
YBL032W	YBR225W
YBL024W	YPL150W
YGL059W	YML048W
YCL037C	YLR369W
YER120W	YIL076W
YBR054W	YNL048W
YHL024W	YJL164C
YLR454W	YML058W
YBL003C	YLR357W
YLL021W	YNL271C
YDL188C	YPL106C
YJL164C	YKL191W
YBL039C	YGL048C
YMR131C	YNL002C
YAL027W	YPL146C
YFL039C	YLR052W
YAR019C	YMR139W
YER125W	YOR018W
YJR056C	YML064C
YDR345C	YFR004W
YER157W	YNL287W
YIR007W	YNL023C
YMR049C	YOL012C
YDR388W	YGL181W
YHR169W	YMR105C
YBL030C	YMR056C
YLR048W	YPR129W
YBR095C	YMR159C
YLL001W	YNL118C
YGR243W	YNL197C
YGL120C	YML065W
YMR037C	YPL082C
YHR152W	YNL302C
YNL272C	YOL113W
YDR506C	YPR201W
YDL209C	YMR213W
YGR074W	YML049C
YMR094W	YOR359W
YJR053W	YOR233W
YJL034W	YLR292C
YPL106C	YPL231W
YDR046C	YLR372W
YIR037W	YPL031C
YDR150W	YNL197C
YKL074C	YLR357W
YFL037W	YKR054C
YDR059C	YER068W
YDR188W	YLR314C
YDR228C	YNL197C
YDL144C	YLR291C
YDL140C	YEL037C
YHR135C	YPR129W
YER125W	YOR241W
YHL017W	YIL111W
YBL032W	YDL206W
YGL056C	YLR413W
YML123C	YNR075W
YER125W	YHR193C
YDR488C	YPL174C
YBR049C	YOL006C
YGL030W	YLR325C
YCR010C	YFL055W
YBR010W	YOL006C
YBL032W	YER109C
YDL155W	YPR110C
YER021W	YHR027C
YER022W	YGL025C
YBR010W	YDR099W
YIL062C	YNL073W
YFL039C	YNL272C
YHL024W	YPL031C
YGL223C	YJL036W
YLR291C	YLR321C
YLR291C	YOR380W
YDL028C	YDR383C
YDR466W	YLR060W
YGL203C	YMR011W
YGL237C	YGR146C
YDL140C	YMR201C
YBL032W	YNL053W
YFL062W	YLR372W
YBL093C	YLR071C
YKL015W	YOR231W
YJL020C	YKL109W
YHR082C	YML054C
YDR150W	YML124C
YBR059C	YFR024C-A
YDR388W	YEL037C
YER111C	YOR066W
YCL027W	YNL271C
YBL032W	YDL046W
YGR268C	YOR124C
YGR060W	YPR028W
YFR024C-A	YLR206W
YDL029W	YEL037C
YKL049C	YOR069W
YGL245W	YGR207C
YGL213C	YMR120C
YGR081C	YPL012W
YBR049C	YKR001C
YML048W	YPR156C
YGL035C	YMR139W
YLR449W	YOL012C
YDL084W	YOR117W
YNL197C	YOR049C
YBR106W	YOR165W
YDL019C	YPL139C
YER021W	YOR259C
YPR032W	YPR110C
YKR097W	YNL006W
YHL016C	YHR001W
YCR063W	YNL252C
YGL106W	YPR171W
YNL251C	YNR024W
YBL047C	YGR241C
YMR117C	YPR145W
YJR105W	YNL106C
YBL027W	YBR031W
YER105C	YER107C
YHR073W	YHR152W
YAR002C-A	YBR106W
YDL117W	YJL155C
YDR228C	YLR424W
YHR199C	YLR427W
YGL158W	YMR115W
YFL039C	YNL271C
YHR190W	YOR075W
YFR004W	YGR186W
YGR108W	YLR079W
YHR135C	YML080W
YNL236W	YOL051W
YDR035W	YFR004W
YER021W	YPR108W
YDR204W	YOR125C
YGL158W	YNL107W
YHR148W	YMR093W
YHR013C	YNL209W
YGR037C	YHR016C
YGL116W	YJL030W
YDL188C	YPR040W
YDL111C	YNR024W
YIL148W	YOR117W
YBL064C	YDR069C
YHR200W	YPR108W
YHR148W	YOR096W
YBR107C	YDR383C
YMR213W	YNL245C
YLR414C	YNL197C
YBR284W	YDL238C
YGR276C	YOR233W
YBL007C	YGL201C
YDR032C	YKR003W
YGR252W	YMR227C
YDL003W	YGR184C
YNL154C	YNL192W
YBL032W	YMR180C
YBL032W	YML054C
YIL125W	YMR235C
YKR048C	YLR330W
YHR090C	YNL154C
YJL030W	YNL236W
YCL059C	YJR145C
YER093C	YNL006W
YCL008C	YGR206W
YJL178C	YPL246C
YDR260C	YKL022C
YAL041W	YDR012W
YGL158W	YNL212W
YJL034W	YMR200W
YGL120C	YOL012C
YAL018C	YDR331W
YDR369C	YJR021C
YJL164C	YNL167C
YAL001C	YDL078C
YBR031W	YDR012W
YCR101C	YIL061C
YDR122W	YNL161W
YBL032W	YDR143C
YGR192C	YLR039C
YGL206C	YGR167W
YNL222W	YPL008W
YBL032W	YHR182W
YKL114C	YLR248W
YBL064C	YDR488C
YBL032W	YGL219C
YBR135W	YPR119W
YBL007C	YKL049C
YBL003C	YJL176C
YBR059C	YNL272C
YDR028C	YNL209W
YDR002W	YOR117W
YHR200W	YNL287W
YKL145W	YLR048W
YJL155C	YLR345W
YJL030W	YOL116W
YML064C	YOR020C
YBR036C	YDR307W
YBR253W	YNL025C
YDR099W	YFR004W
YDR184C	YKR083C
YGL134W	YML091C
YJL164C	YNL045W
YDL185W	YPR152C
YBR041W	YKR046C
YDR457W	YGR052W
YDR330W	YHR082C
YDR288W	YOR352W
YER134C	YHR171W
YDL226C	YGL198W
YER143W	YFR052W
YFR004W	YNR001C
YBR159W	YJL219W
YLR102C	YML058W
YHR194W	YOR147W
YDL028C	YJR053W
YDR085C	YNL197C
YDR054C	YKR009C
YDL089W	YML008C
YBR159W	YBR183W
YJL164C	YOR113W
YFR004W	YKL112W
YBR159W	YJL222W
YER126C	YNL002C
YDR032C	YPL106C
YGR252W	YLR333C
YPL031C	YPR188C
YGL242C	YKL035W
YNL076W	YOR326W
YCR081W	YDR443C
YMR112C	YPL082C
YFL047W	YOR231W
YGR189C	YNL197C
YOL123W	YPR106W
YDL126C	YHR200W
YBR068C	YJR001W
YEL037C	YMR201C
YGR131W	YNL172W
YDR388W	YNL103W
YEL002C	YGL226C-A
YBR194W	YMR246W
YGL048C	YOR117W
YBL032W	YHR096C
YAL016W	YDL134C
YHR016C	YOR247W
YBL039C	YOR388C
YIL035C	YML098W
YDR388W	YOR047C
YBL041W	YER012W
YBR237W	YGL181W
YBR031W	YER012W
YDR247W	YNR034W
YHR027C	YML124C
YKL142W	YLR179C
YBL032W	YPR156C
YCL032W	YLR423C
YLL050C	YLR429W
YGL197W	YIL051C
YNL261W	YPL001W
YHL042W	YNL003C
YBL007C	YJL151C
YDR108W	YDR407C
YER155C	YNL061W
YBR079C	YBR194W
YBL032W	YJL213W
YFL039C	YNL218W
YDR086C	YMR149W
YER020W	YKL051W
YML091C	YNL118C
YBL032W	YDR221W
YDR032C	YMR120C
YLR424W	YML049C
YLR377C	YNL006W
YNL022C	YPL026C
YJR063W	YNL154C
YBL032W	YMR109W
YBR211C	YDL028C
YDR259C	YJL164C
YBR010W	YPR018W
YDL209C	YFL039C
YOR168W	YOR352W
YKL067W	YML064C
YGR223C	YMR109W
YER111C	YPR119W
YGR204W	YLR441C
YIR010W	YOR361C
YDL082W	YJR145C
YJL001W	YKL145W
YDR284C	YHL017W
YDR284C	YKR088C
YLR433C	YNL085W
YBR136W	YLR025W
YGL190C	YJL020C
YFL013C	YLR399C
YDL126C	YKR083C
YGR252W	YKL060C
YJL020C	YKL129C
YLR372W	YNL048W
YHR027C	YPL061W
YBR194W	YLR072W
YBL007C	YDL214C
YDR118W	YFR036W
YGR126W	YHR135C
YHR200W	YIL118W
YBR106W	YHL042W
YBL032W	YMR310C
YDR256C	YLR291C
YGL059W	YLL038C
YER114C	YPL158C
YBR170C	YDR411C
YLR441C	YML065W
YER133W	YNL061W
YMR112C	YPL042C
YAL041W	YJL157C
YJL006C	YKL091C
YCR030C	YIR010W
YHR197W	YLR074C
YMR246W	YPR152C
YBL056W	YGR205W
YFL010C	YFR024C-A
YBR272C	YPR108W
YFR004W	YNL059C
YKL065C	YPR198W
YDR254W	YJL105W
YJL128C	YLR006C
YHR111W	YIR010W
YBR211C	YPL031C
YJL141C	YOR056C
YML074C	YOL012C
YKL002W	YLR025W
YGL173C	YPR110C
YDR002W	YKR048C
YBR223C	YLR429W
YKL049C	YPR024W
YGL128C	YML049C
YER125W	YPL084W
YNR033W	YPL031C
YNL103W	YNL272C
YBL056W	YHL030W
YLR096W	YPR032W
YGL059W	YKR092C
YBL032W	YNL036W
YBR059C	YML048W
YGR099W	YJL110C
YDR069C	YJR001W
YDL181W	YGL106W
YGL206C	YKR021W
YDR139C	YLR306W
YCL034W	YOR094W
YGL244W	YHR009C
YDR181C	YPR018W
YDL188C	YHR135C
YHR197W	YPL146C
YIL035C	YOR061W
YHR088W	YPL125W
YLR028C	YMR120C
YGR086C	YNL251C
YGL252C	YLR291C
YBR031W	YLR287C-A
YGL106W	YOR035C
YFR017C	YPL031C
YFR004W	YGL245W
YFL039C	YLL050C
YBR010W	YGL207W
YMR173W	YPL031C
YDR096W	YDR227W
YGL120C	YOR310C
YFR024C-A	YPR171W
YML012W	YML065W
YGL207W	YOR039W
YDR057W	YML013W
YBR194W	YKL145W
YBR041W	YJL151C
YBL061C	YNL233W
YGL198W	YJL036W
YFL062W	YGR191W
YBR059C	YHR015W
YGR048W	YPR154W
YNL197C	YOR137C
YIR010W	YOR109W
YHR135C	YJL166W
YNL090W	YPL161C
YBR279W	YER012W
YIR010W	YLR287C-A
YIL125W	YNL069C
YFR033C	YNL236W
YBL024W	YHR135C
YDL101C	YKL025C
YDL088C	YER105C
YKL016C	YPL078C
YDR192C	YKL057C
YAL016W	YNL209W
YER133W	YIL144W
YNL002C	YOL012C
YDR259C	YHR079C
YIL149C	YKR095W
YGL250W	YJL020C
YGR002C	YPR154W
YER133W	YKL049C
YCL014W	YKL049C
YFR004W	YLR248W
YGR223C	YOR089C
YIL035C	YJL044C
YCR091W	YGR223C
YDR323C	YOR036W
YDR176W	YER164W
YJL070C	YPL031C
YBL007C	YFL010C
YGR060W	YHL003C
YDR457W	YOR326W
YHR200W	YNR035C
YHR031C	YNL262W
YBL032W	YOR003W
YGR279C	YLR291C
YNL154C	YOR168W
YIL124W	YMR149W
YEL009C	YML098W
YKL135C	YKR021W
YBR142W	YLL019C
YER156C	YHR200W
YHR088W	YLL045C
YIL144W	YLL019C
YBR211C	YDR383C
YDR356W	YHR076W
YGR037C	YGR136W
YDL111C	YOR076C
YGL120C	YJL122W
YBR170C	YIR033W
YIL035C	YLR345W
YBR170C	YDR330W
YCL059C	YER127W
YIL148W	YMR276W
YDL195W	YDR337W
YDR188W	YKL016C
YBR059C	YGR021W
YNL059C	YOR141C
YBL024W	YKL116C
YKL049C	YMR246W
YAR033W	YPR198W
YGR111W	YPL031C
YHR200W	YPL106C
YBR010W	YER177W
YBR270C	YIL046W
YOR069W	YPL070W
YBR106W	YHR140W
YIL105C	YNL161W
YDL075W	YER006W
YGR142W	YLR424W
YGR223C	YLR377C
YDL006W	YDR103W
YBL032W	YCR038C
YBR068C	YFR024C-A
YHL003C	YMR149W
YDR012W	YNR053C
YCR086W	YIL150C
YHR111W	YLR291C
YHL048W	YPR156C
YHR200W	YLR048W
YER125W	YOR385W
YBR194W	YDR310C
YLR096W	YOL138C
YFR004W	YOL123W
YIL126W	YLR321C
YJL006C	YNR033W
YCL054W	YOR310C
YER125W	YML123C
YDR191W	YOL113W
YBR055C	YJR105W
YBL007C	YNR041C
YDR135C	YOR039W
YMR037C	YOL051W
YOR117W	YPL048W
YEL002C	YML012W
YLR423C	YOR117W
YBL032W	YDR228C
YGL120C	YML093W
YGR060W	YPL227C
YGR252W	YKL193C
YBR106W	YPL189W
YJR134C	YLR262C
YGL161C	YGR172C
YJL207C	YKL135C
YFL038C	YGR172C
YLR060W	YPR106W
YMR093W	YNL132W
YER006W	YLR449W
YBR194W	YJL176C
YBR183W	YHR140W
YKL091C	YNL154C
YLL045C	YNL061W
YFL040W	YHL042W
YFL038C	YFR004W
YHR079C	YML075C
YAL034W-A	YGL172W
YHL024W	YHR135C
YIR010W	YMR246W
YGL106W	YOR326W
YBR103W	YMR273C
YGR023W	YNL197C
YGL207W	YOL006C
YER125W	YKR097W
YGR142W	YKL049C
YHR090C	YNL107W
YMR235C	YPL141C
YKL062W	YMR172W
YBL007C	YPR171W
YDL195W	YGL200C
YMR049C	YOR061W
YBR106W	YMR279C
YBR200W	YDR277C
YDR307W	YJL196C
YDR347W	YML065W
YER127W	YHR135C
YIR038C	YPL246C
YDR188W	YOR281C
YGL158W	YIL051C
YBL003C	YOR061W
YER020W	YOR107W
YGR215W	YML065W
YKL163W	YNL197C
YEL002C	YHR039C
YML123C	YNL116W
YLR183C	YPL031C
YHR200W	YJR104C
YBL032W	YLR055C
YER092W	YJL081C
YFR004W	YKL191W
YBL030C	YFR004W
YJL030W	YJL206C
YGL158W	YHL021C
YDR204W	YML065W
YGL025C	YNL236W
YFR004W	YLR438W
YBR011C	YHR027C
YDR517W	YIL109C
YIR010W	YNL061W
YBR253W	YCR081W
YBL018C	YGR030C
YFR024C-A	YHR178W
YJR090C	YMR032W
YKR008W	YNL031C
YBR159W	YDR046C
YHR027C	YHR193C
YDR446W	YOL069W
YAR019C	YGL245W
YHL024W	YHR205W
YBL003C	YGL035C
YML065W	YOR020C
YEL027W	YLR034C
YGL120C	YOR061W
YBL032W	YGR150C
YDR322W	YNL252C
YGL044C	YOR250C
YGL212W	YPL246C
YBR079C	YKL049C
YJL164C	YPL056C
YML065W	YMR065W
YCR030C	YOL054W
YKR075C	YNL197C
YBL030C	YGL191W
YAR002C-A	YMR015C
YGL037C	YGL116W
YDR005C	YOR061W
YCL037C	YGR081C
YBR068C	YDR046C
YER098W	YGL158W
YBR011C	YHR200W
YPL031C	YPL190C
YAL017W	YNR047W
YBL032W	YDL232W
YBR200W	YOR122C
YCR004C	YGR130C
YNL197C	YPR181C
YBR142W	YJR145C
YJR031C	YNL287W
YHR082C	YNL197C
YAL035W	YPR152C
YGL038C	YNL287W
YJL196C	YLR372W
YJL164C	YPR040W
YGL212W	YGR172C
YFR004W	YPL160W
YBR036C	YPL227C
YBR108W	YPL141C
YBL060W	YBR159W
YBL032W	YMR002W
YLR178C	YMR297W
YHR135C	YMR173W
YBL045C	YNL118C
YBL075C	YPL042C
YFR004W	YLR452C
YJR105W	YOR117W
YGR178C	YNR014W
YBR194W	YKL054C
YJL137C	YNL197C
YJL106W	YOL104C
YHR140W	YNL048W
YIL097W	YPL061W
YGL055W	YHR200W
YER022W	YGL158W
YBL003C	YPR110C
YBL032W	YJL212C
YLR377C	YNL214W
YLR321C	YPL082C
YER021W	YJL207C
YIL144W	YMR117C
YGR086C	YIR010W
YDR258C	YKR008W
YDR030C	YDR188W
YBR059C	YNL104C
YHL030W	YOL038W
YDR139C	YIL046W
YBR026C	YIL148W
YDR329C	YOL044W
YBR183W	YOR254C
YEL061C	YOR174W
YLR274W	YOR326W
YJL110C	YOL081W
YHR027C	YIL075C
YFR004W	YLR372W
YDL165W	YKL002W
YER144C	YOR157C
YBL003C	YDR044W
YDR146C	YOL051W
YDL082W	YDR012W
YBR229C	YDR221W
YDL132W	YDR139C
YDR229W	YPR119W
YGL086W	YKR095W
YDR304C	YIL063C
YGL120C	YKL042W
YGR130C	YPR152C
YNL132W	YNL308C
YLR270W	YPL245W
YKL161C	YPL140C
YGR142W	YJL036W
YIR010W	YMR117C
YBR279W	YGL244W
YJR021C	YMR133W
YHL030W	YPR110C
YDR027C	YFL029C
YER007W	YHR200W
YGL059W	YMR120C
YBL003C	YPL116W
YBR194W	YMR213W
YDL029W	YOR212W
YEL058W	YHR200W
YBL032W	YBR157C
YBL032W	YDR076W
YKR097W	YPL180W
YNL271C	YPR152C
YJL140W	YPL129W
YNL090W	YPL174C
YER006W	YFR004W
YJR130C	YPL042C
YFR004W	YOR259C
YJR035W	YMR226C
YNL045W	YPL031C
YBL032W	YML058W
YHR073W	YHR135C
YKR001C	YNL059C
YBL089W	YBR068C
YDR388W	YNL138W
YBL032W	YGL215W
YFR052W	YML092C
YDL155W	YGL197W
YBR128C	YDL185W
YDR356W	YHR172W
YHR026W	YMR149W
YOL147C	YPR128C
YNL106C	YPR171W
YAL028W	YLR292C
YKL053C-A	YLR193C
YHR200W	YJR105W
YGL059W	YKL171W
YER013W	YGR006W
YLR328W	YLR438W
YBR136W	YCR004C
YBR059C	YKR006C
YBL032W	YNR070W
YDL080C	YGR196C
YGR210C	YJL164C
YER113C	YIL120W
YDR332W	YJL107C
YGL116W	YNL014W
YIL148W	YLL060C
YDR331W	YDR434W
YOR109W	YPR171W
YCR007C	YCR061W
YEL061C	YGR135W
YBL032W	YLR095C
YBL032W	YLR080W
YNL101W	YOR254C
YBR068C	YPL246C
YGR048W	YGR178C
YLR291C	YPL049C
YGR048W	YML013W
YKL051W	YPR156C
YNL236W	YPL129W
YHL030W	YIL075C
YGR060W	YMR015C
YJL222W	YLR372W
YKR092C	YLR429W
YMR049C	YMR100W
YDR303C	YPR034W
YHR200W	YMR120C
YCR086W	YHR152W
YGL030W	YNL002C
YJL099W	YLR330W
YDL155W	YMR036C
YCR008W	YGL106W
YCR005C	YLR055C
YGL172W	YPL125W
YBL032W	YKL062W
YCL052C	YEL060C
YGL158W	YPL042C
YCR077C	YDL160C
YFL062W	YMR306W
YNL154C	YOL122C
YBR107C	YGL071W
YFL011W	YJL222W
YGR180C	YKL168C
YIL035C	YOR052C
YKR008W	YPL082C
YBR054W	YML132W
YGL210W	YOR326W
YDR032C	YML072C
YER062C	YFR004W
YLR321C	YLR357W
YLR218C	YLR429W
YCR075C	YPL246C
YLR182W	YPL125W
YML113W	YNL197C
YBR125C	YGL206C
YBR010W	YER051W
YCR088W	YFR024C-A
YEL058W	YFR004W
YJR060W	YNL103W
YBL032W	YGL160W
YKL116C	YNL272C
YGR048W	YIR033W
YER164W	YMR223W
YBR031W	YLR424W
YBL003C	YDL188C
YDL144C	YDR088C
YLR034C	YNL197C
YDL097C	YER021W
YBR081C	YMR227C
YBL003C	YIL043C
YDR310C	YNL261W
YMR139W	YMR291W
YAL001C	YFR052W
YCL037C	YKR048C
YFR015C	YGL200C
YAL028W	YCR091W
YCR012W	YCR077C
YDR466W	YMR048W
YFR004W	YHR104W
YDL025C	YJL105W
YER012W	YKL145W
YAL043C	YLL045C
YKL049C	YMR207C
YKL142W	YNL161W
YHR137W	YPL031C
YER167W	YHR158C
YBL027W	YLL045C
YDR032C	YKL108W
YKL060C	YPR152C
YHR135C	YJR104C
YER012W	YGL244W
YKL051W	YOR273C
YBR108W	YHR079C
YDR337W	YHR082C
YHR082C	YNL192W
YBR177C	YLL012W
YDR073W	YPL129W
YHR118C	YPL008W
YIL076W	YNL258C
YCR081W	YNL025C
YEL009C	YHR090C
YEL027W	YPL234C
YBR200W	YGL190C
YDL117W	YGR037C
YBL030C	YEL024W
YNL172W	YPR171W
YBR183W	YDR039C
YPR080W	YPR116W
YBR077C	YGR163W
YBR182C	YNL167C
YBR031W	YHR200W
YDL188C	YOL038W
YHR076W	YKL108W
YDR188W	YMR049C
YDR131C	YOL133W
YIL035C	YNL308C
YAL017W	YCL027W
YER133W	YIR010W
YEL013W	YPR185W
YKL145W	YOL038W
YJL020C	YMR032W
YDR457W	YDR463W
YOR326W	YPL249C
YBR049C	YDR490C
YHR026W	YLR372W
YER021W	YGL205W
YIR010W	YLR096W
YBL032W	YOR388C
YGL187C	YLR203C
YDR277C	YMR109W
YHR200W	YOR310C
YGL066W	YPL042C
YDL025C	YER155C
YFR004W	YGL055W
YLR372W	YPR198W
YGR192C	YGR254W
YAL053W	YER020W
YDR188W	YHR027C
YEL041W	YHR115C
YFL039C	YNL107W
YDR386W	YML074C
YHR135C	YKL042W
YBR010W	YKR008W
YLR333C	YNL132W
YHR027C	YKL171W
YDL215C	YKL171W
YOR039W	YOR287C
YBR010W	YMR031C
YDL171C	YJL141C
YGL245W	YPL201C
YHR193C	YIR010W
YDR295C	YNL154C
YHR200W	YKL182W
YFR038W	YJL164C
YBL003C	YHR090C
YBR142W	YDR466W
YEL027W	YKL065C
YJL219W	YJR161C
YIR025W	YLR102C
YKL002W	YMR077C
YFR036W	YNL197C
YER063W	YNL154C
YGL167C	YGR231C
YMR192W	YPR154W
YGL044C	YOL123W
YOR141C	YPL129W
YDR099W	YLR433C
YKR008W	YLR321C
YBR279W	YGL207W
YBR054W	YBR159W
YER021W	YKL132C
YLR427W	YNL132W
YER040W	YGL167C
YDR012W	YER126C
YFR004W	YPL129W
YGL200C	YHR140W
YDR392W	YMR223W
YBL075C	YNL209W
YCL032W	YIL118W
YKL116C	YNL022C
YBL032W	YHR152W
YML012W	YPL246C
YER164W	YPL082C
YNL085W	YOL133W
YFR004W	YLR097C
YIL128W	YPR110C
YDL052C	YJL151C
YKR006C	YNL252C
YJR063W	YOR341W
YBR055C	YGR075C
YJL143W	YKR065C
YBL032W	YPL049C
YBR106W	YJR124C
YGL086W	YOR026W
YFR004W	YOR109W
YBL032W	YMR276W
YNL197C	YPL116W
YDR163W	YMR213W
YDR420W	YNL197C
YPL050C	YPR154W
YBR159W	YOL132W
YDL185W	YPR036W
YOR085W	YOR103C
YJL068C	YLR354C
YLR429W	YOL012C
YAL038W	YIL128W
YLR248W	YPL078C
YMR017W	YOR036W
YKL042W	YNL053W
YML105C	YPL210C
YJR121W	YKL016C
YIL001W	YOL133W
YGL025C	YPL042C
YIL126W	YIR010W
YDL184C	YNL118C
YLR248W	YPL150W
YDR284C	YPR036W
YDL053C	YPL042C
YBL044W	YMR304W
YHR079C	YMR184W
YKL109W	YMR117C
YMR172W	YOR061W
YER023W	YKR048C
YLR324W	YMR153W
YDR001C	YER177W
YEL009C	YGL025C
YGL073W	YMR037C
YDR453C	YJR085C
YHR079C	YPL150W
YDR337W	YER050C
YDL222C	YHR096C
YNL216W	YPR052C
YCL043C	YHR204W
YLR168C	YNL131W
YDR086C	YEL002C
YDL101C	YKR097W
YDR143C	YOL117W
YBL039C	YDR388W
YDR294C	YHR027C
YBL032W	YFL021W
YHR090C	YJL081C
YGR287C	YMR216C
YBL041W	YER021W
YCR084C	YCR088W
YBL032W	YLR295C
YER091C	YER125W
YBR159W	YGR295C
YDR283C	YLR096W
YFL062W	YPL141C
YGR252W	YIL149C
YCR065W	YCR105W
YGL173C	YNL118C
YHR135C	YPL078C
YJL106W	YNL245C
YML031W	YPR080W
YPL174C	YPR165W
YDR329C	YPL112C
YBR011C	YMR267W
YDL029W	YDR032C
YGL207W	YOL054W
YHR200W	YIL109C
YHL030W	YHR027C
YLR429W	YNL106C
YPL031C	YPL100W
YDR059C	YJL106W
YIR038C	YMR149W
YJR015W	YMR149W
YJR145C	YML065W
YDL143W	YKL142W
YDL028C	YML091C
YBR152W	YML049C
YGL242C	YMR109W
YHR103W	YNR039C
YBL032W	YNL056W
YBR200W	YPL232W
YDR388W	YPR171W
YDL160C	YHR027C
YDR086C	YOR117W
YGL181W	YOR094W
YCR088W	YOR367W
YDL075W	YHR197W
YCR012W	YGR252W
YOR096W	YPL012W
YGL245W	YHR111W
YBR159W	YHL042W
YCR084C	YDL005C
YBL032W	YGL173C
YMR139W	YNL197C
YNL031C	YOL012C
YBL032W	YHR139C
YGL207W	YGL252C
YDR386W	YNL132W
YBL032W	YNL167C
YCR091W	YGR276C
YFL039C	YOL012C
YDR353W	YHR200W
YHR016C	YOR109W
YDR113C	YHR135C
YAL043C	YOR250C
YGR060W	YMR264W
YFR004W	YPL225W
YBR041W	YGR192C
YFR004W	YJR148W
YBL032W	YIL119C
YMR188C	YOL027C
YGL030W	YOR204W
YKL065C	YPR156C
YDL003W	YLR399C
YHR135C	YLR183C
YNL118C	YPR129W
YCL027W	YLL021W
YDR188W	YGR254W
YGL095C	YOR036W
YBR194W	YML072C
YFR021W	YPL031C
YER111C	YGL207W
YFR021W	YHR103W
YJL225C	YKL049C
YGL059W	YGR257C
YJL060W	YOR327C
YBL007C	YNL154C
YML065W	YNR003C
YLR223C	YNL216W
YDL028C	YGL086W
YER177W	YOR326W
YGR135W	YPL031C
YGL252C	YOR047C
YHR088W	YOR272W
YPR034W	YPR081C
YBL032W	YMR134W
YDR303C	YIR010W
YCL040W	YFR004W
YGR266W	YJL164C
YGR048W	YKL213C
YDR028C	YDR188W
YFR017C	YPR184W
YDL075W	YNR053C
YMR216C	YNL112W
YJL005W	YNL098C
YDL214C	YGR249W
YHR135C	YLR438W
YIR010W	YLR325C
YDL084W	YDR143C
YGL106W	YPR152C
YDL077C	YLR093C
YJL180C	YJR121W
YJL023C	YPR116W
YAL028W	YJL106W
YAR002C-A	YOR165W
YBL015W	YPR110C
YMR115W	YPR024W
YNL252C	YOL027C
YDR331W	YEL027W
YEL009C	YOR117W
YBL032W	YPL190C
YBR194W	YPL070W
YLR423C	YML064C
YLR447C	YPR036W
YBL030C	YOR176W
YJR134C	YOR326W
YBL024W	YFR004W
YFL021W	YML065W
YDR466W	YMR049C
YGL158W	YJL176C
YBL032W	YJR095W
YDL097C	YEL037C
YOL062C	YOL113W
YCR037C	YHL042W
YCL054W	YNL061W
YBR010W	YPL001W
YJL085W	YLR247C
YGL201C	YOR157C
YDL214C	YMR102C
YCL037C	YDL160C
YER133W	YHR097C
YNL031C	YPL116W
YGR135W	YKR070W
YNL243W	YNR035C
YPL031C	YPR026W
YCL032W	YHL024W
YDR227W	YDR310C
YBR125C	YDR186C
YNL197C	YNR030W
YBL032W	YNR039C
YAR019C	YOR233W
YKL022C	YPR152C
YHR135C	YMR165C
YHL003C	YHR110W
YHR200W	YML008C
YFL054C	YHR135C
YHR027C	YPR036W
YGL213C	YKL015W
YBL032W	YPL082C
YBR159W	YNR070W
YKL042W	YPL031C
YJL020C	YOL133W
YCL008C	YMR032W
YDR388W	YLR015W
YEL013W	YKR007W
YFL039C	YLR399C
YER177W	YLR028C
YDL143W	YGL190C
YFR024C-A	YPL246C
YCR057C	YOR096W
YKL129C	YMR109W
YKL060C	YPR093C
YNL209W	YOR117W
YLR393W	YNL154C
YAL041W	YBR200W
YDL028C	YKR096W
YGR130C	YKL193C
YLR048W	YPL106C
YFR004W	YMR173W
YGR052W	YJL051W
YGL053W	YIL109C
YHR104W	YHR200W
YDL075W	YHR200W
YGL181W	YGR167W
YBR034C	YEL016C
YER133W	YJR007W
YFL021W	YPL190C
YLR242C	YNL154C
YGL083W	YOR056C
YAR019C	YPL026C
YAL027W	YIL105C
YDR206W	YJL030W
YAL035W	YOR361C
YKL022C	YLR102C
YDR304C	YHR097C
YMR273C	YPL256C
YDR377W	YJR121W
YML049C	YOR319W
YGR002C	YJL081C
YCR008W	YHR068W
YBR169C	YDL126C
YLR048W	YML065W
YBL093C	YGL025C
YBR135W	YEL034W
YLR377C	YOR070C
YJL012C	YJR143C
YDL140C	YHR088W
YBR031W	YDR099W
YGR081C	YJR145C
YGL245W	YMR049C
YDR227W	YER164W
YGL190C	YHR016C
YFR004W	YOR128C
YGL023C	YKR007W
YGL223C	YPR105C
YGL116W	YJL164C
YDR283C	YMR216C
YJR007W	YOR361C
YOL017W	YPL245W
YHL042W	YKL065C
YGR191W	YLR372W
YER062C	YHL032C
YJL068C	YOR125C
YGL030W	YLR287C-A
YLR074C	YNL002C
YPL012W	YPL141C
YBR194W	YGR086C
YGR061C	YHR200W
YHR027C	YIL148W
YJL140W	YLR071C
YDL140C	YDR059C
YFL039C	YHR027C
YBR194W	YGR254W
YDL126C	YDR057W
YIL035C	YIR010W
YCR088W	YDR277C
YNL154C	YNR047W
YBR159W	YLR314C
YHL048W	YKL065C
YBR036C	YIL114C
YBR159W	YIL120W
YBL032W	YJR021C
YGR135W	YOL038W
YBR142W	YMR163C
YOR038C	YPL082C
YGL173C	YKL023W
YNL031C	YOL006C
YAL059W	YBR194W
YDR032C	YHR027C
YMR032W	YNL271C
YDL140C	YGL048C
YMR109W	YOR047C
YHR200W	YNR043W
YAL011W	YOL012C
YDR054C	YOL063C
YCL043C	YMR291W
YBR079C	YIL035C
YBL032W	YPL108W
YEL013W	YFR004W
YKL155C	YOR204W
YAL038W	YOR117W
YBR169C	YKL210W
YHR079C	YPR198W
YMR109W	YOR247W
YBR225W	YHR082C
YJL020C	YMR109W
YML058W	YMR100W
YAL043C	YNL222W
YDL209C	YLR424W
YPL042C	YPL246C
YBR106W	YFL062W
YGR052W	YGR180C
YIL126W	YPL129W
YBL032W	YKL182W
YDR113C	YPL031C
YGR136W	YNL293W
YFR004W	YKL213C
YDR086C	YHR027C
YLR399C	YNL107W
YDR038C	YNL197C
YDL140C	YER012W
YHR027C	YPL117C
YBR010W	YPL116W
YBL058W	YBR223C
YBR081C	YGR252W
YIL105C	YPR152C
YCR008W	YMR165C
YFL010C	YOR231W
YBR159W	YHR110W
YDL111C	YDR280W
YMR139W	YPL141C
YDR227W	YOR191W
YBL032W	YNL197C
YBR152W	YGR075C
YDR005C	YHR205W
YIL124W	YPL106C
YDL140C	YDR404C
YDL117W	YMR032W
YDL214C	YOL065C
YLR378C	YOR324C
YER021W	YJL001W
YFR004W	YGR209C
YGL206C	YOR109W
YNL209W	YOR061W
YIL035C	YKL160W
YAL034W-A	YDL028C
YJL164C	YOR083W
YDR129C	YLR203C
YBL032W	YML117W
YDL140C	YPL129W
YER156C	YHR027C
YHR016C	YKL129C
YDR337W	YGR215W
YGL030W	YLL045C
YIR010W	YPL129W
YDR260C	YFR036W
YGL059W	YJL084C
YDL019C	YER120W
YGL055W	YIL027C
YNL117W	YOL147C
YDR188W	YNL212W
YDR456W	YOR125C
YDL140C	YKL049C
YBL032W	YPL140C
YER127W	YJL141C
YIL128W	YMR117C
YLR166C	YNL138W
YDL052C	YHL030W
YBR195C	YLR017W
YBR159W	YOR233W
YBR253W	YOR174W
YGL212W	YLR093C
YFL013C	YML065W
YJL148W	YJL207C
YBL003C	YFL013C
YMR304W	YNL161W
YDR156W	YJR063W
YLR429W	YMR109W
YMR139W	YOL053W
YER113C	YPL246C
YBR270C	YER093C
YBL036C	YGR087C
YNL272C	YOR267C
YJL164C	YNR039C
YDL214C	YJL066C
YHR039C	YML012W
YDR005C	YNR003C
YDR001C	YPL026C
YDR353W	YHR106W
YGR126W	YJL106W
YLR060W	YOR231W
YGR252W	YNL031C
YDR046C	YNL197C
YDR238C	YNL287W
YBR207W	YOL132W
YIL118W	YPL031C
YDR377W	YKL016C
YJL164C	YMR196W
YHR050W	YJR015W
YBL032W	YJL201W
YAL053W	YBR023C
YBR253W	YMR112C
YCR086W	YIL031W
YIL035C	YNL132W
YLR438C-A	YOR096W
YGL190C	YNL197C
YHR082C	YKL161C
YER133W	YNL233W
YDR418W	YDR465C
YGL210W	YMR291W
YBL032W	YDR169C
YER021W	YFR052W
YDL216C	YOL117W
YDR178W	YMR032W
YCR012W	YPR093C
YEL044W	YNL059C
YER111C	YGR192C
YHR205W	YNL167C
YBR225W	YER133W
YER092W	YNL250W
YMR258C	YOR089C
YAL034W-A	YBR211C
YHR197W	YNR053C
YOL133W	YOR326W
YIR010W	YKL060C
YPR024W	YPR152C
YJL106W	YNL074C
YDL188C	YGR161C
YBR182C	YER062C
YGL106W	YPR188C
YLR166C	YPR080W
YGL245W	YKL116C
YCL063W	YOR326W
YAL040C	YJL013C
YHR027C	YJR105W
YLR368W	YPR093C
YKL051W	YML072C
YER021W	YFR004W
YBR142W	YPL141C
YNL135C	YPR093C
YGR252W	YOL051W
YLR096W	YLR182W
YDL140C	YER022W
YJL204C	YOL133W
YGL134W	YLR218C
YFL045C	YML064C
YDR208W	YPR052C
YKR009C	YMR216C
YJL081C	YNL107W
YBR049C	YPR110C
YER111C	YIL050W
YBL032W	YKR052C
YKL129C	YNL025C
YBR218C	YHR135C
YBR235W	YLR034C
YDL160C	YNL118C
YDR042C	YGL059W
YER044C-A	YHR157W
YDR247W	YGR237C
YDL134C	YGR142W
YML017W	YPR152C
YCL066W	YPL049C
YHR131C	YLR248W
YHR152W	YJR148W
YCR088W	YGL206C
YDR146C	YMR019W
YFL062W	YJL059W
YGL073W	YLL019C
YLR025W	YPL084W
YCR007C	YDL164C
YER022W	YNL236W
YBR106W	YPR192W
YJL081C	YPL082C
YER133W	YKL006W
YBL061C	YHR082C
YGL252C	YNL076W
YDL132W	YGR087C
YBR194W	YLR044C
YFR052W	YNL103W
YMR109W	YNL271C
YBL058W	YLR377C
YDR032C	YKL051W
YAR071W	YBR093C
YBL032W	YPR198W
YBL032W	YKL151C
YML065W	YPL082C
YGR254W	YHR013C
YFL037W	YML058W
YKL022C	YKL145W
YDR150W	YDR295C
YHR200W	YNL069C
YGL106W	YML034W
YER155C	YHR158C
YBL032W	YGL231C
YJL164C	YNL112W
YLR190W	YOR326W
YBL032W	YIR033W
YBL032W	YCR065W
YMR036C	YNL154C
YGL173C	YML111W
YER125W	YGL087C
YCR024C-A	YLR372W
YHR135C	YKL023W
YJL184W	YKR038C
YDR247W	YOR094W
YBR200W	YLR093C
YDR466W	YHR088W
YER139C	YHR135C
YAL030W	YJL036W
YBL032W	YPR161C
YBR036C	YHR140W
YMR315W	YPR152C
YDL209C	YOR148C
YDL171C	YPR086W
YBR272C	YGL048C
YCR084C	YKL213C
YNL084C	YNL103W
YGR252W	YKR095W
YER098W	YOL113W
YGR231C	YPL050C
YDR032C	YPL031C
YER162C	YFR021W
YDR356W	YKL042W
YER133W	YGR052W
YNL271C	YPR080W
YDR135C	YJL165C
YAR002C-A	YGR132C
YDL209C	YNL245C
YDL188C	YMR273C
YBL047C	YNL243W
YDR139C	YJR099W
YIL144W	YLR423C
YKL171W	YOL163W
YBR106W	YCR061W
YDR388W	YHL032C
YBL032W	YDR099W
YDL052C	YNL138W
YDR329C	YOL147C
YFR004W	YJL088W
YOR310C	YPL231W
YER125W	YML111W
YIL127C	YJR105W
YGR167W	YKL135C
YAL042W	YDL097C
YER006W	YPR152C
YDR272W	YGR223C
YPL031C	YPL266W
YBL045C	YJL143W
YGR124W	YPR145W
YGL005C	YPL031C
YBR010W	YPR052C
YFL039C	YLR093C
YCR030C	YMR109W
YDL185W	YPL234C
YER143W	YJR141W
YFL039C	YNL138W
YFR004W	YPR069C
YER125W	YPR161C
YBR202W	YGL201C
YAL038W	YDR148C
YNL131W	YPR133W-A
YBL032W	YHR131C
YBR298C	YML048W
YER111C	YLR182W
YER125W	YFR022W
YJR148W	YPL031C
YEL034W	YPR080W
YDR304C	YHR185C
YDL159W	YMR276W
YGR159C	YOR117W
YBR200W	YGR134W
YBL032W	YER068W
YAR033W	YKL174C
YBL047C	YBR059C
YDR404C	YPL228W
YBL032W	YKL051W
YCR012W	YDR188W
YMR105C	YOR212W
YDR504C	YJL070C
YDL185W	YDR202C
YDR331W	YPL227C
YDR113C	YGR225W
YAL058W	YIL120W
YCR008W	YDR404C
YFR004W	YIL063C
YBL011W	YPL031C
YGR085C	YOR117W
YBL032W	YNL152W
YCR077C	YMR002W
YIL035C	YPR152C
YLR337C	YNL243W
YER177W	YHR152W
YBR079C	YIR010W
YGL084C	YPL141C
YCR042C	YPL129W
YBL030C	YPR191W
YFL039C	YOR122C
YBL007C	YNL116W
YAL043C	YLR115W
YJL164C	YNL272C
YKL052C	YKR083C
YDR009W	YML051W
YAL016W	YGL190C
YGL212W	YOR036W
YIR010W	YOR202W
YIL051C	YKR048C
YFL013C	YLR052W
YDR320C	YGR167W
YBL032W	YLR050C
YDR229W	YNL053W
YBL032W	YPL229W
YFR004W	YPL096W
YHR027C	YKL065C
YDR088C	YLR433C
YDR044W	YGR086C
YMR036C	YPR191W
YDR411C	YFR004W
YDR497C	YGR130C
YJL141C	YNL250W
YDR113C	YLR102C
YBL047C	YDL161W
YGR048W	YLR450W
YFR004W	YNL118C
YLR200W	YMR052W
YDL137W	YPL031C
YBR156C	YKR083C
YHR027C	YJR104C
YBR056W	YFR007W
YBL030C	YDL174C
YDR359C	YEL013W
YGL203C	YML038C
YIL148W	YPR152C
YHR140W	YKL065C
YHR152W	YKL152C
YIL118W	YJL085W
YHR205W	YOR094W
YJR015W	YLR372W
YDL111C	YDL165W
YBL003C	YDR303C
YJR007W	YMR093W
YEL037C	YIL075C
YLR423C	YNL090W
YIL139C	YOR346W
YAL016W	YKL080W
YNL025C	YPL042C
YBL024W	YPL031C
YCR010C	YCR061W
YDR303C	YLR321C
YCR075C	YDR456W
YHR079C	YPR156C
YHR027C	YLL045C
YGL070C	YOL051W
YDR099W	YKL049C
YDL003W	YOR195W
YCR016W	YJL164C
YFL037W	YOR265W
YBR200W	YOR327C
YDR099W	YER177W
YFR052W	YKL145W
YDR414C	YHL042W
YFL037W	YIR010W
YDR103W	YOR212W
YFR004W	YMR079W
YBR031W	YNL132W
YER133W	YIL045W
YHR027C	YLR372W
YHR004C	YMR165C
YOR197W	YPR080W
YNL086W	YOR174W
YEL034W	YNL302C
YHR051W	YNL061W
YCR099C	YJL165C
YMR048W	YPL031C
YJR124C	YPL141C
YHR105W	YOR036W
YAR019C	YBL032W
YGR060W	YPL246C
YER162C	YHR039C
YMR149W	YPL227C
YJR084W	YMR025W
YEL061C	YOR058C
YGL025C	YKR083C
YNL197C	YNR047W
YDL029W	YJL008C
YOL117W	YPL096W
YBL032W	YNL294C
YDR119W	YHR078W
YGL158W	YHR001W
YPL031C	YPL219W
YDR466W	YGR180C
YGL058W	YMR100W
YMR102C	YNL218W
YBL032W	YLR436C
YBL007C	YCR030C
YNL245C	YPL031C
YEL034W	YNL250W
YNL031C	YOL054W
YBR164C	YJL029C
YML065W	YPR183W
YBL027W	YGR085C
YCR081W	YOR174W
YDR466W	YOR141C
YDL134C	YLR429W
YGL044C	YLR115W
YGL226C-A	YOR085W
YMR182C	YPL031C
YER177W	YGL252C
YER133W	YLR115W
YDR192C	YER105C
YDR256C	YPL150W
YJL164C	YOR288C
YHR082C	YKR070W
YEL060C	YNL106C
YDR108W	YOR259C
YBL032W	YPR171W
YBL032W	YNR047W
YJR145C	YPR129W
YEL060C	YOR168W
YKL065C	YNL048W
YBL032W	YGL162W
YER012W	YFR052W
YBL003C	YOR058C
YGR135W	YOL146W
YDR343C	YGR060W
YCR073C	YIL051C
YBR059C	YJL084C
YNR016C	YPR110C
YHR073W	YNL154C
YJR090C	YLR134W
YGL023C	YLR166C
YDR247W	YJR025C
YGL030W	YHR027C
YIL126W	YKL049C
YKL182W	YPL231W
YDR306C	YNL138W
YDL025C	YJL164C
YMR075W	YNL209W
YAL016W	YMR105C
YBR135W	YKL022C
YHR097C	YLR377C
YFR004W	YIR036C
YDR085C	YLR423C
YDL226C	YFR004W
YDL098C	YGR075C
YBR200W	YLL050C
YER133W	YLR044C
YDR254W	YIR010W
YBL032W	YDR227W
YBR281C	YFR044C
YIL047C	YOL132W
YBR260C	YOR109W
YHR135C	YKL114C
YGR086C	YKL142W
YBR254C	YDR407C
YDR261C	YFR024C-A
YFR004W	YGR180C
YER006W	YOR272W
YCR088W	YHR016C
YCR088W	YFL039C
YBR253W	YKR095W
YBR106W	YDL054C
YBL024W	YHR082C
YKR054C	YNL271C
YFL014W	YKL171W
YFR004W	YFR030W
YBL007C	YDR388W
YER133W	YNL222W
YIL043C	YJR094W-A
YFL062W	YML012W
YOR117W	YPL106C
YBL088C	YDR369C
YDR188W	YHR200W
YMR173W	YPL141C
YBL007C	YDL028C
YCR093W	YPL042C
YFR024C-A	YNL106C
YFR004W	YOL061W
YHR027C	YOR259C
YGL252C	YGR086C
YMR165C	YNL154C
YBR194W	YDR074W
YHR200W	YLR060W
YIL035C	YKL049C
YDL185W	YLL019C
YER012W	YOR157C
YBL032W	YNL251C
YDR244W	YGL205W
YBR059C	YMR139W
YNL271C	YOR122C
YBL032W	YNL103W
YBR062C	YMR083W
YKL145W	YOR117W
YBL032W	YPR005C
YDR143C	YLR044C
YHL042W	YMR264W
YDL171C	YLR166C
YBR010W	YIL126W
YLR125W	YPL031C
YDL126C	YPL256C
YER125W	YJL084C
YDR356W	YPR161C
YEL065W	YGL071W
YJL140W	YPR052C
YLR207W	YLR450W
YNL059C	YPL129W
YFL039C	YGL015C
YNL154C	YPR152C
YNL104C	YOR108W
YHR027C	YMR235C
YCR093W	YPR072W
YCL008C	YLR119W
YJL123C	YKL049C
YBL003C	YML065W
YDR443C	YNL025C
YBL032W	YNL161W
YGR063C	YGR186W
YMR049C	YPL042C
YHL024W	YLR429W
YDL140C	YPR093C
YML058W	YOR346W
YBR200W	YOR047C
YGR209C	YJL030W
YGR159C	YOR310C
YGL106W	YOR368W
YJL164C	YPL146C
YML051W	YOR359W
YBR010W	YDR463W
YDR192C	YOR250C
YBL003C	YHR118C
YDL126C	YIR010W
YFR004W	YGL252C
YOR380W	YPL031C
YBR200W	YEL013W
YDR318W	YDR383C
YBL032W	YJL196C
YHL024W	YPR106W
YDR331W	YJL091C
YER177W	YKL171W
YBL093C	YML051W
YGL095C	YOR327C
YGL075C	YIL149C
YGL134W	YKR096W
YFR004W	YGL207W
YGL044C	YPR086W
YBR044C	YLL041C
YMR109W	YOR035C
YBR135W	YKL145W
YBR114W	YGR192C
YBR183W	YDR506C
YMR109W	YOR227W
YLL060C	YLR429W
YFR021W	YJR025C
YDL006W	YGL158W
YER125W	YNL305C
YDR104C	YMR117C
YMR149W	YMR279C
YHR090C	YMR216C
YDL222C	YKR100C
YBR010W	YCR084C
YLR052W	YPL129W
YBL093C	YMR109W
YBR011C	YFR004W
YGL055W	YHR027C
YBL032W	YPL135W
YPL031C	YPL249C
YDR388W	YNL287W
YDL093W	YDR139C
YDL029W	YPL140C
YLR291C	YNL025C
YKL160W	YPL141C
YOL147C	YPL112C
YAR031W	YJR015W
YER056C	YOL132W
YBL032W	YPR185W
YBL088C	YLR025W
YEL044W	YJL081C
YBL032W	YPR149W
YKL023W	YOL061W
YDR238C	YIL076W
YGR060W	YML008C
YML065W	YML074C
YBL003C	YCR057C
YBL003C	YNL031C
YGR086C	YLR179C
YBL032W	YDR310C
YHR193C	YNL112W
YDL209C	YDR163W
YIL052C	YML065W
YLR058C	YLR085C
YFL039C	YOR141C
YHR016C	YJL201W
YHR088W	YMR049C
YDR354W	YPL031C
YCR057C	YOL038W
YFR004W	YKL035W
YHR027C	YOL061W
YAR031W	YHR110W
YBL032W	YNL305C
YJL084C	YKL135C
YDL025C	YGL245W
YDR425W	YGL059W
YJL034W	YJR104C
YIL109C	YPL031C
YOR259C	YPR108W
YER133W	YLL045C
YDR303C	YHR013C
YDL222C	YPR156C
YHR082C	YKL210W
YAL035W	YKL049C
YBR044C	YKL148C
YBL045C	YOR125C
YFR015C	YLR369W
YDR129C	YOR117W
YNL293W	YPR165W
YPL262W	YPR165W
YKL016C	YML081C-A
YGL206C	YHR200W
YJL006C	YKR018C
YDR342C	YGL167C
YDR388W	YHR016C
YAR071W	YCR038C
YER133W	YLR441C
YGL181W	YMR182C
YHR135C	YJL110C
YEL037C	YFR052W
YFL039C	YLR335W
YDL006W	YKL168C
YER105C	YGL172W
YKL049C	YML123C
YBL032W	YGR146C
YER133W	YKL112W
YNL084C	YOR329C
YML065W	YOR039W
YLR335W	YOR020C
YDR169C	YLR248W
YDL232W	YJR015W
YMR192W	YPL249C
YBR081C	YDR176W
YHR110W	YJL196C
YFR004W	YLR048W
YCL009C	YML065W
YLR314C	YLR356W
YER004W	YJL148W
YDL054C	YDR307W
YFL039C	YIL138C
YBR212W	YNL135C
YML117W	YNL251C
YBR135W	YBR295W
YBR059C	YGL172W
YBL008W	YOR038C
YCL056C	YFR025C
YGR181W	YLR166C
YBL056W	YOR086C
YGR209C	YHR199C
YBL003C	YKR048C
YDL214C	YJL110C
YER114C	YGL190C
YDR146C	YER022W
YJR035W	YNL084C
YDR342C	YJL173C
YIL061C	YPR191W
YDR011W	YOR157C
YBR202W	YLR274W
YBL032W	YLR461W
YBL032W	YDL160C
YFL031W	YHR135C
YEL034W	YNL293W
YKL171W	YML051W
YHR140W	YJL196C
YLR292C	YML008C
YDR113C	YJL176C
YIR038C	YOL147C
YCR077C	YIR010W
YIL062C	YPR093C
YHR135C	YIL075C
YOR197W	YOR204W
YHR013C	YOR361C
YGL158W	YGR063C
YER012W	YOR259C
YER125W	YLR326W
YKL133C	YNL118C
YEL034W	YFR004W
YBL075C	YNL293W
YDR244W	YKL197C
YDR369C	YNL084C
YKL213C	YOR341W
YBL003C	YOR204W
YDR322W	YKR006C
YBR059C	YNL243W
YBR054W	YLR372W
YLR072W	YPR152C
YBR200W	YLR166C
YGL048C	YHL030W
YGL120C	YGR159C
YFL038C	YJL030W
YJR061W	YKL168C
YBR200W	YDL028C
YBL097W	YKL049C
YGL053W	YMR079W
YDR386W	YNL085W
YJL020C	YPR072W
YBL008W	YBR010W
YBR059C	YOL068C
YHR027C	YIR036C
YCL014W	YEL023C
YML064C	YNL197C
YCR060W	YKL117W
YBR169C	YLR096W
YLR429W	YNL154C
YKR025W	YNR003C
YBR195C	YPR018W
YIL043C	YML072C
YBR288C	YLR093C
YBL003C	YOL051W
YKL183W	YNL104C
YBR260C	YDR239C
YGL206C	YPL106C
YKL109W	YPR034W
YGL059W	YPL006W
YDL143W	YDR188W
YML065W	YPR080W
YER012W	YHR027C
YBR094W	YKR009C
YHR135C	YMR036C
YDL132W	YLR097C
YDR277C	YKL129C
YBR034C	YLR315W
YJR094W-A	YOR117W
YCR077C	YHR152W
YAL016W	YHR082C
YBR106W	YEL027W
YBR106W	YIL120W
YAL016W	YGR161C
YEL034W	YJR145C
YDR147W	YHR087W
YNL272C	YPL141C
YER073W	YOR117W
YBL032W	YDR466W
YGL245W	YML064C
YAR019C	YNL223W
YNL031C	YPL127C
YOR359W	YPL031C
YDR254W	YDR383C
YBL041W	YOL038W
YLR281C	YLR438C-A
YER129W	YIL035C
YER178W	YOR117W
YGL201C	YMR032W
YCL054W	YHR197W
YCR088W	YOR231W
YGL018C	YPL135W
YER155C	YLL021W
YBL032W	YMR306W
YBR011C	YNL079C
YCR084C	YPL042C
YLR330W	YPR080W
YKL210W	YOR117W
YIR037W	YOL147C
YBL039C	YHR200W
YBR106W	YBR298C
YIL148W	YIR010W
YHL016C	YIL105C
YNL085W	YPR111W
YDR054C	YGL173C
YGL245W	YHR135C
YIL125W	YML064C
YNL197C	YPL265W
YER048C	YLR429W
YKL054C	YMR120C
YDR227W	YKR101W
YGR130C	YKL051W
YER143W	YPL232W
YER047C	YMR032W
YER133W	YFR015C
YHR140W	YIL114C
YKL013C	YKL129C
YBL032W	YJR090C
YIR010W	YOR141C
YPL141C	YPL190C
YGL059W	YGR249W
YDR404C	YER125W
YER098W	YNL154C
YAL035W	YPL005W
YDL006W	YDL132W
YDL140C	YPR161C
YFR004W	YJR104C
YBL003C	YMR049C
YNL084C	YNL250W
YEL065W	YNL197C
YKL002W	YOR047C
YJR001W	YPL031C
YGR192C	YHR154W
YIR010W	YJL034W
YBL027W	YDL075W
YHR200W	YOR007C
YEL034W	YJL128C
YIR037W	YPR156C
YGR275W	YML065W
YNL118C	YOR124C
YBL032W	YKR021W
YGL173C	YGL213C
YDL185W	YPR110C
YDR483W	YHR096C
YBR211C	YKL049C
YNL209W	YPL106C
YHR082C	YMR102C
YEL025C	YMR276W
YKL049C	YPL231W
YKR048C	YOL059W
YDR005C	YIL035C
YBL007C	YNL243W
YHR027C	YIL118W
YJL164C	YML118W
YDR122W	YOL054W
YBL032W	YHR177W
YBL032W	YOR302W
YGR074W	YIL061C
YDL082W	YER012W
YER105C	YJL030W
YML065W	YNL031C
YDR247W	YJR049C
YML058W	YNL197C
YDL222C	YNL173C
YML072C	YPR156C
YIR010W	YLL045C
YDR184C	YNL154C
YDR239C	YJL164C
YDR409W	YLL029W
YJR121W	YKL049C
YCL032W	YDR032C
YER012W	YNL209W
YDR054C	YGL252C
YBL045C	YEL024W
YBR106W	YPR201W
YDL101C	YLR437C
YDR318W	YKL049C
YDR028C	YNR034W
YBL032W	YOR073W
YHR096C	YNL197C
YGL205W	YJL164C
YOL147C	YPL031C
YMR311C	YPL031C
YGL173C	YKL049C
YLR207W	YLR378C
YDR383C	YOL054W
YHR076W	YMR079W
YBR170C	YGR048W
YHR135C	YNL245C
YER164W	YOR061W
YOL012C	YPR052C
YFR004W	YGR187C
YER093C	YIR010W
YDL082W	YFR004W
YER007W	YHR027C
YGL158W	YGL231C
YDL132W	YGL249W
YMR112C	YOR174W
YDL087C	YNL210W
YDL237W	YPR148C
YDR257C	YPL031C
YCR030C	YHR016C
YDR086C	YKL145W
YBL032W	YNL025C
YHL012W	YML051W
YBR046C	YNL172W
YNL197C	YOL078W
YKL051W	YLR326W
YDR257C	YHR082C
YBR079C	YOR061W
YIL148W	YKL080W
YDR169C	YJL164C
YDR353W	YGR099W
YDR411C	YHR027C
YDR277C	YKL038W
YFR004W	YGL173C
YMR065W	YNL084C
YGL030W	YHR200W
YAL016W	YHR158C
YJL081C	YJR082C
YHL048W	YOR378W
YDR347W	YPR080W
YEL030W	YLR203C
YER006W	YGL213C
YLR447C	YOR332W
YJL141C	YJL206C
YIL061C	YLR017W
YLR206W	YML051W
YIL051C	YJL165C
YFR004W	YGR124W
YDL039C	YNL154C
YPL003W	YPR066W
YKL145W	YPL096W
YDR354W	YHR200W
YGR241C	YNL084C
YCR093W	YDL160C
YIL035C	YNL112W
YOR117W	YPL160W
YBR010W	YGR252W
YCR075C	YFL062W
YHR079C	YOL148C
YAL060W	YFR004W
YBR031W	YHR169W
YCR081W	YPL042C
YLR292C	YOR254C
YBL101C	YOL122C
YBR281C	YNL287W
YDL160C	YPR110C
YDR073W	YJL176C
YER157W	YGL223C
YMR028W	YPR040W
YHR082C	YKL051W
YBL030C	YOR117W
YBR044C	YKL049C
YFL062W	YML048W
YGL237C	YOR272W
YIR010W	YPL266W
YDL181W	YPL078C
YDR388W	YLR337C
YDL005C	YLR071C
YJL100W	YPL100W
YML072C	YOR086C
YKL049C	YNL132W
YBR081C	YLR055C
YDR032C	YML064C
YDR181C	YDR283C
YLR450W	YPR154W
YJL165C	YNL116W
YER012W	YOR117W
YHR200W	YOR259C
YJL151C	YPR036W
YJR134C	YNL271C
YCR030C	YKL051W
YBR059C	YGR287C
YFR004W	YNR035C
YBL007C	YER125W
YDR388W	YMR109W
YHR016C	YPR052C
YBR136W	YDR076W
YBR279W	YKL145W
YDL232W	YGL226C-A
YDR143C	YOR310C
YDR051C	YLR291C
YBR031W	YDL082W
YGL181W	YHR177W
YLR441C	YNL069C
YBL007C	YER133W
YDL101C	YMR226C
YFR004W	YJL165C
YIL046W	YJR130C
YBL032W	YGR149W
YGL181W	YPR171W
YDR306C	YOL025W
YHR140W	YIR038C
YBL032W	YDR504C
YBL045C	YPR054W
YGR275W	YJL176C
YMR139W	YMR165C
YER010C	YJL164C
YEL051W	YMR105C
YDR122W	YPR115W
YBR159W	YLR429W
YER093C	YIL105C
YKL148C	YLL041C
YGL025C	YPL082C
YHR158C	YPR179C
YFR004W	YGR254W
YEL034W	YLR074C
YKL152C	YPR152C
YPL042C	YPR181C
YDR099W	YHR135C
YLR424W	YNL167C
YGL048C	YHR027C
YPL031C	YPL193W
YFR004W	YLR354C
YDR541C	YNL197C
YER133W	YMR120C
YDR414C	YJL133W
YDL155W	YOR341W
YBR010W	YOL054W
YCL040W	YOR117W
YBR225W	YOR157C
YMR223W	YPL082C
YDR353W	YGR209C
YER126C	YOR272W
YIR010W	YPR161C
YBR059C	YLR206W
YGL245W	YLR166C
YDR012W	YDR418W
YAL051W	YOR310C
YDR388W	YER003C
YBR055C	YGR061C
YDR001C	YLR270W
YNL197C	YOR172W
YHR200W	YIL148W
YBR079C	YPR116W
YBL032W	YDR383C
YLL016W	YNL098C
YER003C	YER013W
YDL160C	YLR438C-A
YML078W	YPR184W
YHR016C	YPR055W
YDL214C	YKL168C
YIL148W	YKR001C
YDR012W	YJR145C
YBR055C	YML049C
YHR118C	YMR036C
YAL017W	YPR034W
YFL013C	YFL039C
YJL196C	YPR028W
YCR060W	YOR310C
YEL002C	YER019C-A
YLR067C	YLR438C-A
YHR135C	YNL165W
YER182W	YKL142W
YHR135C	YJL084C
YBL032W	YJL084C
YBL003C	YNL308C
YJL008C	YOR281C
YDR122W	YHR158C
YER111C	YOR083W
YGL207W	YOR259C
YBR216C	YIR037W
YLR025W	YMR077C
YJL020C	YJL164C
YIL061C	YNR016C
YKL049C	YML124C
YHR140W	YPR156C
YPL112C	YPR154W
YNL271C	YNL293W
YAL042W	YFR052W
YCR084C	YNL236W
YBL041W	YPL129W
YGL035C	YIL162W
YLR181C	YNL265C
YLR096W	YMR120C
YHR140W	YOL132W
YDR216W	YMR280C
YBR272C	YFR052W
YIR010W	YOL054W
YJR125C	YOR036W
YOR007C	YPL106C
YDR307W	YML048W
YHR061C	YJR053W
YNL101W	YPR192W
YDR517W	YPR181C
YBL011W	YOR267C
YNL251C	YPR080W
YDL005C	YML051W
YDR074W	YPR152C
YDR373W	YNL267W
YBL032W	YDL140C
YNR016C	YPR152C
YCL014W	YGL245W
YCR024C-A	YOL132W
YBR142W	YGL030W
YOR281C	YPL141C
YGR060W	YLR372W
YBR142W	YBR194W
YGL048C	YKL145W
YGL237C	YKR028W
YLR438W	YPR165W
YEL051W	YJL151C
YGR124W	YHR200W
YBR059C	YDR354W
YDR103W	YNL161W
YFR024C-A	YGL238W
YDR457W	YOL025W
YHR200W	YNL014W
YCR061W	YHL048W
YFR004W	YHR027C
YCR086W	YNL218W
YBR023C	YJR125C
YAR002C-A	YIR038C
YDR446W	YGL212W
YFL014W	YFR004W
YIL071C	YOR361C
YOL051W	YOR174W
YJL036W	YPL174C
YGR132C	YPL050C
YER068W	YKL054C
YJL122W	YPL146C
YGL120C	YNL308C
YGR135W	YMR291W
YDR239C	YLR096W
YHR140W	YOR254C
YHR135C	YKR041W
YBL003C	YGR086C
YMR049C	YPL141C
YDR099W	YNL209W
YER022W	YGL048C
YDL029W	YKL013C
YPR105C	YPR191W
YCL050C	YPL031C
YDR260C	YIR025W
YGL203C	YOL137W
YBL032W	YDL076C
YER020W	YHR001W
YDR188W	YDR466W
YHR135C	YNL022C
YHR026W	YPR198W
YBR049C	YDR303C
YDR012W	YHR088W
YGR204W	YNL135C
YDL230W	YML074C
YEL002C	YOR103C
YDL143W	YKL145W
YDR113C	YGR098C
YPL140C	YPR108W
YGR254W	YHR027C
YDR330W	YHR135C
YDR244W	YOL147C
YGL005C	YNL197C
YER177W	YKL140W
YEL002C	YOR254C
YOL113W	YPR032W
YHR158C	YKR054C
YDR131C	YIL063C
YFL010C	YHR016C
YDR414C	YLR372W
YIL035C	YOR341W
YDR143C	YGR279C
YDL082W	YGR085C
YDL084W	YFR004W
YHR009C	YPL031C
YDL195W	YML012W
YDR498C	YGL145W
YBL061C	YJL020C
YBR207W	YGR163W
YER072W	YJL012C
YJL088W	YPL111W
YAL001C	YPL007C
YDR356W	YNL053W
YGL073W	YNL209W
YCL032W	YNL161W
YGL245W	YOL012C
YCL032W	YPR075C
YIR037W	YMR120C
YCR088W	YDR303C
YBR182C	YMR037C
YCR077C	YFR036W
YBL032W	YPL054W
YBL003C	YKR001C
YDR099W	YNL076W
YBR079C	YJR007W
YDL232W	YGR172C
YDL117W	YNR016C
YJL164C	YMR184W
YIR010W	YOL069W
YBR260C	YNL090W
YKR095W	YPR052C
YCR012W	YJL030W
YFL017C	YOL059W
YMR093W	YPL266W
YLR141W	YNL031C
YOR095C	YOR265W
YHR090C	YPL031C
YBR031W	YFR004W
YBR169C	YOR007C
YGL190C	YMR109W
YDL230W	YGL158W
YJR121W	YPL078C
YGL075C	YPL255W
YGL120C	YKR092C
YOL113W	YPL088W
YLR298C	YML046W
YDR388W	YIL128W
YBL032W	YBR107C
YBL058W	YKL213C
YDR176W	YDR457W
YDR409W	YJL020C
YBR202W	YIL150C
YHL042W	YLR372W
YDR404C	YGL070C
YBL032W	YGR189C
YDR388W	YIL148W
YBL032W	YML107C
YGR067C	YOL116W
YFL038C	YOR075W
YFR004W	YLR179C
YDR070C	YJL164C
YGL201C	YKL049C
YDR425W	YNL197C
YBL032W	YPR011C
YAL026C	YJL204C
YDR150W	YLL001W
YBR159W	YML048W
YLR071C	YPL042C
YBL032W	YDL005C
YDL140C	YKL054C
YDR086C	YLR079W
YER092W	YPL129W
YKL168C	YNR033W
YHL048W	YMR264W
YBL032W	YDR232W
YBL003C	YJL034W
YGL025C	YLR315W
YJL137C	YPL031C
YJL013C	YOR026W
YBR106W	YER056C
YML048W	YOL132W
YBL032W	YJR053W
YMR153W	YNL154C
YML064C	YPL242C
YBL032W	YMR200W
YBR081C	YDR392W
YBR272C	YIL075C
YER063W	YIR010W
YML123C	YNL197C
YNR019W	YOR267C
YNL031C	YPL138C
YFR004W	YFR024C-A
YBR159W	YGR172C
YFR004W	YPR165W
YER020W	YJL005W
YDL209C	YML049C
YGL245W	YIR010W
YOR020C	YPL026C
YBR270C	YDR259C
YBL027W	YGL030W
YBL032W	YBR078W
YDL101C	YOR332W
YFR021W	YFR024C-A
YBL032W	YGL222C
YFL045C	YGL208W
YDR184C	YLR315W
YBL032W	YKL171W
YGR180C	YPL031C
YIL076W	YKL049C
YGR086C	YPR080W
YJR007W	YOR117W
YBL022C	YIL061C
YGL198W	YHR105W
YPL161C	YPR198W
YLR452C	YNL197C
YBL032W	YKL185W
YBL003C	YBR049C
YDL025C	YMR196W
YBL032W	YLR048W
YAL017W	YHL024W
YBL032W	YJR116W
YDL140C	YPL082C
YBL007C	YBR136W
YFR004W	YKL080W
YHR027C	YOR185C
YBL020W	YDL140C
YDL117W	YPL158C
YGR086C	YPR115W
YGR146C	YNL197C
YLR378C	YOR254C
YBL032W	YLR452C
YCL063W	YEL013W
YBL039C	YJR103W
YKL193C	YLR079W
YER020W	YJL106W
YBL032W	YBR081C
YML065W	YPL146C
YCR042C	YLR115W
YGR167W	YPL141C
YGL158W	YOR174W
YGR135W	YML092C
YNL197C	YPL141C
YLR292C	YLR301W
YDR295C	YMR117C
YER126C	YHR204W
YBL032W	YBR033W
YKL035W	YPL031C
YGL173C	YJR145C
YIR005W	YMR213W
YHR001W	YML072C
YGL245W	YNL154C
YDR188W	YGR187C
YDL097C	YOL038W
YPR052C	YPR161C
YCL039W	YDR342C
YBL088C	YDL101C
YBR055C	YER003C
YNL132W	YNL287W
YFL010C	YMR276W
YGL181W	YGR192C
YCR091W	YNR047W
YER133W	YMR037C
YER022W	YKL117W
YDR257C	YJL164C
YDL101C	YJR056C
YMR093W	YOR310C
YGR132C	YPR152C
YAL041W	YLR206W
YDR148C	YML065W
YIR005W	YKL074C
YCL043C	YKL049C
YER129W	YER155C
YHR027C	YJL008C
YGL173C	YLR438C-A
YBR114W	YKL112W
YBL030C	YLR348C
YCR091W	YMR184W
YCR088W	YFR004W
YER174C	YHR205W
YLR427W	YPL012W
YDR050C	YKL060C
YNL272C	YNL287W
YJR053W	YOR058C
YJL157C	YOR212W
YHR158C	YLR096W
YMR032W	YPL158C
YGR060W	YNL101W
YBR095C	YDL076C
YDL111C	YER068W
YGL190C	YMR304W
YNL197C	YPL256C
YER125W	YMR216C
YFR004W	YPR183W
YFR024C-A	YMR232W
YBL003C	YEL012W
YBL075C	YOR250C
YIL046W	YNL103W
YLR447C	YNL161W
YGL237C	YKR048C
YDR488C	YOR172W
YDR362C	YPL106C
YBR136W	YDL101C
YHR200W	YKL080W
YFR024C-A	YJL045W
YCR066W	YOR128C
YCR091W	YDR007W
YBL032W	YPL256C
YJR145C	YNL069C
YGL173C	YNL251C
