YDR143C	YER068W
YIL135C	YMR139W
YHL047C	YHR079C
YDR212W	YLL019C
YCR021C	YJL151C
YIR010W	YJR009C
YLL039C	YLR113W
YJR047C	YPL141C
YBR160W	YJL076W
YLR018C	YPL075W
YCR028C-A	YKL114C
YKL126W	YNR047W
YBR034C	YNL004W
YDR392W	YOL148C
YLR113W	YNL236W
YDL028C	YMR114C
YGL091C	YIL129C
YER133W	YLR002C
YDR259C	YHR082C
YNR017W	YOR236W
YBR249C	YDR510W
YFL007W	YLL039C
YDR392W	YLR113W
YJL129C	YML016C
YHR060W	YLR447C
YLL023C	YPR028W
YIR037W	YLR216C
YFR004W	YMR314W
YBL032W	YLL031C
YER094C	YOR157C
YCR073C	YMR117C
YGL207W	YGR116W
YNL125C	YNL130C
YML048W	YML123C
YDR224C	YKL103C
YDL088C	YDR159W
YOR244W	YPL004C
YJL164C	YNL182C
YOR047C	YOR358W
YBR212W	YPL037C
YER177W	YPR152C
YBL055C	YGL180W
YDL179W	YOR083W
YLR419W	YMR117C
YDL140C	YNL251C
YDR381W	YER063W
YDR129C	YNL135C
YDR466W	YLR196W
YNL230C	YPL004C
YHR188C	YJR015W
YDL100C	YGL020C
YDR388W	YOR117W
YDR406W	YLR055C
YCL043C	YIR001C
YER021W	YOR128C
YBR095C	YNL097C
YGL116W	YJL111W
YGR224W	YLR080W
YMR081C	YPL203W
YNL251C	YOR001W
YDR159W	YHR127W
YLL039C	YOR014W
YHR083W	YNL026W
YER021W	YMR293C
YDR510W	YER047C
YNL197C	YOR149C
YJL164C	YJL218W
YBR049C	YDR510W
YDR143C	YMR229C
YIR010W	YLR430W
YDR224C	YLL039C
YEL002C	YML075C
YDR311W	YKL028W
YDL153C	YHR082C
YMR191W	YOR261C
YPL070W	YPR152C
YJR017C	YLR216C
YDL087C	YML049C
YBL032W	YLR466W
YLL008W	YPL211W
YDL029W	YMR109W
YAL029C	YMR139W
YCL043C	YDL095W
YDL232W	YER019C-A
YGR183C	YNL197C
YDR124W	YPR049C
YBL026W	YNL264C
YJL187C	YNL272C
YER103W	YGR192C
YER013W	YPR101W
YGR084C	YNL175C
YDR498C	YLR440C
YGR065C	YGR130C
YLL060C	YOR074C
YBR155W	YJR031C
YDR280W	YPR190C
YFL038C	YPR176C
YKL203C	YOR035C
YNL027W	YPL141C
YER177W	YOR220W
YDL200C	YGL137W
YJL164C	YKL171W
YJL081C	YLR399C
YHL033C	YKR002W
YLR377C	YNL059C
YBR114W	YKR001C
YDL045W-A	YNL306W
YHR114W	YLR078C
YHR016C	YPL249C
YDL029W	YDR143C
YFR004W	YLR043C
YJR059W	YKR092C
YDL132W	YLR224W
YHR010W	YMR086W
YDR032C	YHR135C
YGR235C	YJL164C
YDL028C	YDL203C
YBR160W	YDR027C
YGL209W	YNL197C
YGL179C	YMR304W
YNL067W	YNL246W
YBR114W	YLR044C
YBL032W	YIL023C
YBL087C	YFR034C
YGR116W	YLL039C
YKR027W	YLL039C
YEL011W	YLL039C
YBL032W	YML109W
YBR056W	YFR004W
YBR194W	YPR152C
YDR342C	YKL203C
YBL032W	YGL035C
YGR038W	YJL187C
YJL124C	YPL152W
YJL151C	YMR296C
YHR010W	YPL211W
YDR246W	YKR068C
YDR392W	YLR055C
YDR064W	YHR027C
YKL214C	YMR004W
YAL028W	YLR233C
YBL032W	YLR328W
YDR043C	YDR477W
YJL052W	YLL060C
YAR007C	YIR010W
YER103W	YOR304W
YOR132W	YPR171W
YDL164C	YDR100W
YDR252W	YGR134W
YER133W	YJL130C
YLL039C	YLR039C
YLR096W	YML048W
YDR247W	YKL193C
YBL032W	YMR166C
YHR102W	YIL129C
YBR035C	YLL039C
YDR263C	YMR291W
YDR170C	YER100W
YGR103W	YOR039W
YDR129C	YMR246W
YBL074C	YDL214C
YBR298C	YMR279C
YBL043W	YMR117C
YDL212W	YJR015W
YGL180W	YOL078W
YLL008W	YOR231W
YDL097C	YDR427W
YCR106W	YEL072W
YDR432W	YLR116W
YIR014W	YNL118C
YDR247W	YHL024W
YHR135C	YKL093W
YGL146C	YOR005C
YLR026C	YOR036W
YBR207W	YPL203W
YDL132W	YJL047C
YDR510W	YNL067W
YHR135C	YOL078W
YGR166W	YMR218C
YBL032W	YOR028C
YGL181W	YNL243W
YDR099W	YGL180W
YDL140C	YLR115W
YER114C	YLR229C
YBL032W	YGR097W
YIL152W	YJR092W
YFR017C	YNL197C
YER098W	YOR267C
YGL181W	YGR241C
YIR010W	YOR198C
YFR031C-A	YNL175C
YER172C	YNR011C
YER133W	YKL203C
YGR132C	YJL183W
YBR041W	YLL012W
YDR023W	YOR117W
YBL032W	YGR021W
YDR510W	YJL140W
YGR225W	YKL022C
YGL066W	YGR252W
YDR510W	YPL011C
YBL032W	YIL013C
YDR477W	YLR265C
YDR023W	YOL087C
YGR023W	YKL119C
YBL032W	YML024W
YIL034C	YLR196W
YAL028W	YLR378C
YNL118C	YOR093C
YCR088W	YNL138W
YAR035W	YBL032W
YKL145W	YOL098C
YDR381W	YLL039C
YBL032W	YPL011C
YER177W	YFR017C
YDR016C	YDR201W
YHR027C	YOR326W
YKL151C	YPL070W
YBL105C	YIL143C
YIL095W	YLR196W
YHR007C	YLL039C
YDR238C	YKL145W
YCL043C	YLR233C
YHL003C	YOR223W
YJL059W	YLR022C
YDR110W	YFR028C
YLR026C	YML067C
YLL039C	YLR153C
YHR079C	YNL097C
YGR237C	YML056C
YML048W	YPL076W
YIL027C	YPL070W
YBR221C	YFR004W
YNL197C	YNL268W
YLR258W	YPL141C
YJL084C	YMR032W
YDL140C	YGL070C
YDR424C	YIL095W
YGR054W	YOR276W
YDR381W	YDR432W
YBL032W	YHL044W
YFR028C	YPL124W
YFL039C	YLL039C
YDR510W	YLL032C
YGR240C	YMR032W
YIL115C	YLR018C
YLL039C	YOL081W
YKL057C	YLL039C
YGR280C	YPL110C
YLL024C	YPL106C
YJL173C	YMR105C
YJR095W	YLL039C
YJL222W	YML048W
YML117W	YNL016W
YML016C	YPL058C
YBL093C	YGR104C
YIL113W	YNL138W
YJL171C	YLL039C
YGL059W	YOL070C
YBR194W	YML007W
YIR010W	YPR129W
YLL039C	YOR261C
YGL055W	YKL088W
YDL097C	YLL039C
YBR123C	YGR252W
YAL032C	YBR194W
YNL197C	YOR147W
YLL039C	YPR120C
YLR423C	YOR357C
YER068W	YIL038C
YBR119W	YDR235W
YEL013W	YFR035C
YGL142C	YML012W
YCR073C	YMR165C
YDR486C	YLR181C
YLL039C	YOL087C
YEL009C	YPL042C
YHR135C	YPR019W
YBR052C	YOL105C
YDR432W	YJL124C
YNL124W	YOL040C
YDR099W	YLR177W
YDL075W	YPL037C
YGR103W	YHR088W
YML015C	YPL011C
YDR238C	YOR363C
YBR114W	YJR052W
YJR045C	YLR362W
YCR069W	YLL039C
YBR146W	YDR175C
YAR007C	YOR304W
YCR024C-A	YLL023C
YGR209C	YML007W
YJL110C	YJR066W
YHR030C	YMR276W
YGL058W	YLR377C
YER161C	YLR389C
YER178W	YIR010W
YER056C-A	YLL039C
YGL059W	YLR003C
YBR031W	YPL012W
YML028W	YOR101W
YER062C	YJL173C
YLR293C	YMR308C
YER133W	YOR234C
YOR347C	YPL203W
YER021W	YOL018C
YAR031W	YDL054C
YBL032W	YNL186W
YDR234W	YGR285C
YER124C	YML109W
YBL026W	YDR166C
YBR207W	YER021W
YBL032W	YGR166W
YHR027C	YJL001W
YER126C	YHR066W
YBL032W	YJL141C
YER120W	YHR027C
YDL188C	YNL085W
YIR010W	YOR090C
YDR510W	YML126C
YBR160W	YML119W
YER035W	YPL004C
YIR010W	YML032C
YLR191W	YNL025C
YBR131W	YDL077C
YBL032W	YOL070C
Q0130	YLR393W
YMR229C	YNL090W
YBR031W	YKR081C
YAR031W	YBR069C
YHR001W-A	YLL039C
YCR042C	YKR002W
YLR370C	YNL138W
YGR192C	YOR117W
YDR045C	YPR190C
YDR077W	YDR143C
YDL029W	YFL039C
YBR141C	YDR372C
YDR100W	YDR479C
YKL203C	YNL135C
YDR293C	YMR105C
YCR077C	YDR404C
YBL032W	YLR116W
YJR065C	YLR429W
YDL047W	YGR184C
YBL032W	YER172C
YPL084W	YPR173C
YHR135C	YPR083W
YCL026C-A	YNL016W
YBR160W	YNL339C
YDL025C	YGR103W
YIL171W	YML002W
YHR027C	YLL050C
YDR477W	YMR102C
YIR010W	YOR267C
YHR010W	YPL012W
YBL105C	YMR219W
YBL105C	YML109W
YGL137W	YML012W
YGR241C	YLL017W
YGL161C	YHR105W
YLR002C	YOR267C
YBL045C	YNL177C
YDR280W	YNL232W
YMR246W	YPL206C
YLR268W	YOL111C
YDR394W	YIL075C
YFR036W	YLR127C
YCR077C	YDL165W
YFL039C	YKL196C
YJR059W	YMR081C
YIL034C	YOR181W
YFR004W	YNL302C
YFR004W	YJR133W
YHL025W	YNR023W
YBR041W	YMR313C
YGL180W	YLR192C
YDR424C	YKR054C
YDR472W	YMR218C
YDR224C	YER030W
YDL002C	YFL039C
YNL197C	YOR269W
YFL048C	YOR316C
YCR028C-A	YML032C
YDR088C	YHR023W
YBL005W	YDR176W
YBR171W	YLR292C
YER109C	YMR164C
YGL120C	YLL019C
YDR381W	YDR510W
YKL203C	YPL249C
YDR259C	YKL071W
YLR196W	YMR229C
YGL227W	YLR377C
YFR024C-A	YMR192W
YFR004W	YNL044W
YIL046W	YJL187C
YER013W	YKR024C
YBR146W	YGR215W
YBR160W	YPL269W
YBR217W	YNR007C
YDL147W	YER021W
YDR170C	YLL039C
YGR156W	YKL059C
YKL203C	YNL183C
YBL032W	YNL183C
YHR135C	YNL272C
YGL127C	YNL197C
YGL059W	YOR083W
YBR093C	YGR282C
YNL197C	YPR129W
YLL039C	YPL094C
YNR027W	YPL106C
YGR241C	YHR016C
YDL053C	YIL106W
YHR186C	YLL039C
YGL180W	YPR129W
YBL032W	YCL068C
YDR174W	YDR381W
YDR392W	YGR252W
YGR268C	YHL002W
YEL040W	YNL197C
YBL032W	YPR040W
YJL164C	YOR134W
YAL016W	YPL152W
YCL010C	YMR236W
YDL037C	YNL197C
YAL032C	YGR071C
YHR079C	YKR105C
YDR432W	YOR151C
YLR022C	YMR229C
YLR028C	YNR034W
YCR009C	YMR229C
YIL047C	YOR212W
YBR049C	YPR152C
YJR093C	YNL222W
YBL017C	YMR010W
YNL059C	YNL215W
YMR059W	YNL135C
YJL184W	YPL174C
YGR192C	YJL052W
YHR058C	YNL236W
YKR054C	YNL118C
YAL009W	YJL176C
YDR398W	YHR084W
YNL025C	YNL236W
YDL164C	YNL290W
YDL025C	YHR082C
YDR471W	YKR081C
YDL028C	YJL084C
YBR194W	YLR196W
YGL137W	YJL153C
YGL207W	YPL141C
YKR041W	YLL039C
YBL101C	YOR124C
YFR028C	YMR001C
YDL053C	YPL140C
YHR027C	YLR370C
YBR095C	YCR009C
YBR023C	YLR242C
YLR384C	YNL272C
YDR032C	YML016C
YNL197C	YOR288C
YBR126C	YLL019C
YGR084C	YNL306W
YIR010W	YNL059C
YDR150W	YDR247W
YAR042W	YGR192C
YGL180W	YHR009C
YCR002C	YDR085C
YLR170C	YPR029C
YER072W	YGL179C
YER029C	YKL173W
YGL099W	YGL120C
YLL039C	YPR075C
YCR028C-A	YOR147W
YBL007C	YCR088W
YGL180W	YLR423C
YJR064W	YPL151C
YLR006C	YNR031C
YNL135C	YPL049C
YDL113C	YLR191W
YHL033C	YJL164C
YLL024C	YLR035C
YIL063C	YLR096W
YDL019C	YJL207C
YDL025C	YJL076W
YFR004W	YMR226C
YOR244W	YPL110C
YLR212C	YNL188W
YDL100C	YML048W
YER105C	YLL039C
YBL092W	YOL040C
YGL222C	YNL118C
YDR381W	YPL169C
YHR033W	YOR212W
YCR093W	YDR293C
YBL058W	YOL128C
YKL056C	YLR022C
YER098W	YKL171W
YLL039C	YPL048W
YGR156W	YKR002W
YDL214C	YJL051W
YLL039C	YOR283W
YPL116W	YPL220W
YDL195W	YLR429W
YDR166C	YLL039C
YKR099W	YNL197C
YBR057C	YJL085W
YFR017C	YGL059W
YFR021W	YGL179C
YLR116W	YNL197C
YBL007C	YOR109W
YER133W	YGR156W
YLR096W	YOR093C
YDR100W	YGL137W
YIL143C	YOR352W
YLL016W	YLR310C
YDR264C	YOR101W
YAL035W	YIR001C
YJL164C	YNL125C
YDR432W	YIR010W
YLL039C	YNL012W
YBR282W	YML025C
YDR280W	YOR145C
YKL119C	YLR292C
YLR265C	YLR424W
YDR224C	YPR052C
YJL187C	YPR139C
YBR086C	YHR135C
YBL032W	YOR231W
YDR212W	YJL164C
YDL081C	YPR086W
YHR135C	YNL055C
YCR082W	YGL207W
YLL039C	YOR145C
YCL043C	YCR073C
YGR295C	YLR343W
YGR046W	YLR259C
YDR477W	YHL024W
YER133W	YGR103W
YAR007C	YBR049C
YAL021C	YDR443C
YAL035W	YDR091C
YBR135W	YLR109W
YLR026C	YMR197C
YCR028C-A	YNL031C
YBL026W	YLR117C
YAL029C	YOR326W
YBL032W	YMR317W
YDR099W	YOR117W
YBL032W	YLR394W
YJL164C	YLR003C
YGL059W	YKL181W
YDR388W	YML016C
YFR004W	YHR030C
YDR252W	YPL037C
YLL039C	YLR219W
YIL143C	YNL085W
YLL008W	YPL141C
YEL009C	YOL148C
YER120W	YOR117W
YCR021C	YML016C
YDL047W	YFR019W
YKR024C	YLR233C
YBR160W	YER115C
YKL060C	YOR117W
YDR318W	YLR381W
YBL032W	YLR089C
YLL039C	YLR002C
YLL008W	YLR002C
YBR207W	YGL006W
YBL106C	YKL117W
YBL032W	YBR230C
YBL045C	YDR388W
YFR004W	YKL060C
YBR160W	YDL153C
YIR010W	YNL262W
YOL059W	YOR117W
YBL078C	YLR093C
YDR063W	YFL039C
YLL039C	YML101C
YLR380W	YLR429W
YNL175C	YPL220W
YLL039C	YNL141W
YBR023C	YKR027W
YHL002W	YMR109W
YJR113C	YPL013C
YDR174W	YER095W
YDR016C	YLR117C
YMR229C	YPL012W
YBL032W	YKL129C
YGR084C	YPL118W
YER047C	YER095W
YDR064W	YFR004W
YGL141W	YJR059W
YBL032W	YLL010C
YER103W	YLR293C
YDR527W	YOR210W
YNL197C	YOR058C
YGL198W	YGL210W
YDR069C	YMR304W
YLL024C	YMR229C
YDR490C	YKL126W
YER114C	YER177W
YGL206C	YGR241C
YBR217W	YHR033W
YER034W	YHR135C
YDR432W	YNL016W
YEL013W	YFL039C
YEL005C	YLR408C
YCR028C-A	YIL107C
YFL038C	YHR027C
YPR112C	YPR154W
YAR007C	YDR129C
YBR217W	YKL145W
YBR136W	YIR009W
YDR412W	YKR095W
YER171W	YMR056C
YGL087C	YOL081W
YGL055W	YML012W
YGL120C	YGL130W
YDL097C	YFR004W
YBR112C	YHL002W
YIL115C	YMR308C
YFR004W	YJL052W
YFL039C	YOR117W
YAL032C	YER013W
YHR006W	YLL039C
YLL039C	YOR161C
YDR388W	YHR079C
YIL050W	YJL084C
YHR027C	YMR099C
YBL103C	YJR066W
YGR132C	YNL055C
YDR412W	YPL211W
YFR004W	YHR068W
YGR167W	YLR330W
YMR059W	YNR008W
YCL010C	YGR252W
YBR280C	YDL132W
YDR124W	YIL043C
YER133W	YFR004W
YCR088W	YIL095W
YGL023C	YNL183C
YDR054C	YIL046W
YFR028C	YHR061C
YGR234W	YJL164C
YOR007C	YOR164C
YLL039C	YMR261C
YGL116W	YNL024C
YER120W	YFR004W
YMR159C	YPL149W
YBL026W	YER025W
YFR004W	YLR229C
YDR100W	YFR024C-A
YER166W	YOL115W
YDL060W	YDR381W
YDR129C	YNL138W
YCR061W	YNL197C
YDL060W	YJL190C
YDR475C	YFL023W
YFR024C-A	YJL004C
YFR031C-A	YOL040C
YCR087C-A	YKR092C
YDL021W	YKL214C
YJR125C	YOR111W
YER166W	YOR104W
YNL055C	YOR117W
YGL104C	YJL133W
YFR004W	YLR044C
YIL171W	YJR117W
YDR381W	YIL095W
YLR310C	YNL025C
YDL140C	YLR005W
YEL013W	YOR316C
YJR059W	YKL181W
YFL023W	YNL007C
YGL141W	YLL039C
YGL048C	YML012W
YFR004W	YGR285C
YNL306W	YPL013C
YGL179C	YNL293W
YLR026C	YNL049C
YHR181W	YPL050C
YKL028W	YPR052C
YGL250W	YLR082C
YGL137W	YIL136W
YJR113C	YPL118W
YHR058C	YPL042C
YJL081C	YNL059C
YIL106W	YKL126W
YHR027C	YOR374W
YDL101C	YER079W
YLR018C	YML048W
YDR238C	YML067C
YGR111W	YLL039C
YDR471W	YFR004W
YDR016C	YGR113W
YGL179C	YGR135W
YFL026W	YJR066W
YHL018W	YPL070W
YHR135C	YIL115C
YJL013C	YJL030W
YDR146C	YER015W
YMR315W	YNL135C
YOR244W	YPR023C
YBL032W	YER070W
YDL003W	YIL026C
YFR031C-A	YIL161W
YMR109W	YOR181W
YDL095W	YFR004W
YLL039C	YNL103W
YDR131C	YOL025W
YFR017C	YPL203W
YDL140C	YOR124C
YLR396C	YMR197C
YDR477W	YJL110C
YMR179W	YNL197C
YKL060C	YLR044C
YBL032W	YOR267C
YLR019W	YLR310C
YLL050C	YNL138W
YDR381W	YMR123W
YJL164C	YNR019W
YFR028C	YIL106W
YDL159W	YGR287C
YDL030W	YDR421W
YDR427W	YER021W
YBL032W	YKL025C
YGL120C	YGR130C
YLR315W	YML056C
YDR039C	YLL039C
YFR004W	YNL071W
YML007W	YPR152C
YHR188C	YLR088W
YER167W	YER177W
YDL214C	YMR165C
YBR030W	YLR244C
YBL101C	YER177W
YDL140C	YJL168C
YBR098W	YDR386W
YBL030C	YOR065W
YHR016C	YMR109W
YDR471W	YOL040C
YGL099W	YOR244W
YML124C	YNL055C
YML051W	YPL047W
YNL048W	YPL076W
YDR510W	YKR025W
YDL028C	YNL116W
YBL032W	YDR534C
YDR129C	YHR027C
YGL180W	YKL023W
YLL039C	YLR293C
YDR510W	YOR374W
YBR198C	YDR176W
YDR122W	YGR097W
YBR263W	YFR031C-A
YDR099W	YJL141C
YAL027W	YPR171W
YLL039C	YMR207C
YDR027C	YOR036W
YJR066W	YKL161C
YOR151C	YPL137C
YER021W	YGL004C
YDR054C	YPR164W
YBL032W	YDL020C
YHR027C	YOR117W
YIL107C	YLL039C
YDL059C	YER062C
YBR112C	YCL067C
YBL032W	YDR512C
YBR194W	YNL138W
YKL056C	YPL048W
YER054C	YJL164C
YLR153C	YOR117W
YHR207C	YLR096W
YBR194W	YDL140C
YLR117C	YPR101W
YKR068C	YMR218C
YDR264C	YOL018C
YFL045C	YOR212W
YJL164C	YLR173W
YDR466W	YML037C
YBR108W	YCR009C
YBR035C	YDL214C
YDL075W	YPL012W
YDR239C	YGL180W
YNL031C	YPR023C
YJL076W	YLR429W
YBR102C	YLL039C
YKR071C	YLL039C
YDR381W	YIR001C
YBL023C	YLR002C
YDR510W	YPL269W
YBL032W	YGR071C
YML109W	YMR109W
YBL032W	YMR069W
YAL032C	YNL078W
YDR477W	YHR189W
YBR017C	YOR185C
YKR104W	YLR214W
YFR004W	YNL141W
YDR404C	YER139C
YKL058W	YML015C
YDR388W	YPL140C
YDL002C	YOR304W
YCR088W	YDR388W
YBR199W	YOL018C
YCR077C	YKL173W
YHR114W	YPR171W
YDL160C	YPR082C
YFL050C	YOL130W
YNL138W	YNR035C
YDL139C	YJL030W
YBL032W	YJR147W
YFL048C	YLR026C
YER090W	YOR117W
YGR021W	YHR135C
YDL239C	YOR304C-A
YMR174C	YPL154C
YLL049W	YMR294W
YDR510W	YJL042W
YBR097W	YLR240W
YCR009C	YPR152C
YDR201W	YHR083W
YJL164C	YKL062W
YBL032W	YFR017C
YGR209C	YLL060C
YDR475C	YML016C
YHR007C	YLL006W
YGL056C	YHL016C
YCR009C	YKL203C
YDR381W	YDR398W
YLL039C	YMR280C
YDL100C	YLR026C
YBR272C	YDR363W-A
YDR359C	YJL081C
YDL215C	YLL039C
YGL205W	YLL039C
YFR004W	YIL075C
YLL039C	YLR078C
YBL032W	YJL140W
YLL019C	YMR102C
YDL200C	YDR224C
YJL124C	YOR147W
YJL151C	YKL140W
YDR259C	YER114C
YDR235W	YPR182W
YDL100C	YOR007C
YFR029W	YNL197C
YGR097W	YKL116C
YDR439W	YMR001C
YBR160W	YKL145W
YDR011W	YGL056C
YHR134W	YLL039C
YBR072W	YLL039C
YAL017W	YMR184W
YBR108W	YIL095W
YBL032W	YKR092C
YOR210W	YPR190C
YBL032W	YJR093C
YDL225W	YHR033W
YFL007W	YGR285C
YHR082C	YNL001W
YJL082W	YMR029C
YER070W	YLR153C
YNL090W	YOR089C
YER178W	YOR090C
YDR314C	YPL048W
YCR042C	YNL222W
YFR004W	YOR280C
YBL032W	YBR108W
YBR052C	YDR039C
YDR127W	YKL145W
YLL039C	YMR275C
YAL053W	YLR292C
YIL149C	YNL135C
YCL009C	YNL157W
YAL043C	YBL032W
YDR206W	YPR129W
YDL203C	YDR247W
YJL084C	YNL183C
YAL009W	YJR034W
YBR086C	YNL194C
YDL115C	YGL179C
YJL153C	YOR120W
YBL032W	YER075C
YDR247W	YGL208W
YLR115W	YPR107C
YMR172W	YOR039W
YBR017C	YOR374W
YBL032W	YLL066C
YDL153C	YIL095W
YDR510W	YER025W
YBL007C	YBR160W
YIL095W	YPR152C
YDR427W	YMR191W
YGR232W	YHR027C
YDL029W	YJR064W
YKL209C	YLR292C
YJL183W	YPL094C
YDL140C	YOR117W
YKL071W	YPL157W
YLR196W	YPR152C
YDL030W	YER172C
YFL023W	YHR135C
YKL203C	YNL243W
YDR379W	YER021W
YBL032W	YNL024C
YBR146W	YGR084C
YHR082C	YLR293C
YBR273C	YLL039C
YIR010W	YMR212C
YGL137W	YLL039C
YOR327C	YPL232W
YNL124W	YPL079W
YER029C	YPR182W
YDL155W	YLR310C
YKL145W	YMR001C
YER013W	YLR117C
YDR388W	YOR196C
YNR011C	YOR148C
YBR046C	YLL039C
YHR076W	YPR171W
YJR066W	YNL243W
YBR138C	YHR082C
YJL189W	YMR139W
YER177W	YGL181W
YGR252W	YHR008C
YDR446W	YJL194W
YGL056C	YPL058C
YMR032W	YOR181W
YIR010W	YLR044C
YKR001C	YLR033W
YDR432W	YPL178W
YER021W	YKR101W
YFR004W	YMR037C
YIL130W	YLR116W
YKL058W	YOR093C
YDR063W	YNR035C
YKL059C	YPR107C
YBR119W	YLR298C
YHR082C	YOR141C
YFL023W	YNR031C
YPR052C	YPR056W
YDL115C	YOR151C
YDR077W	YOR330C
YDR471W	YMR086W
YJR066W	YLR378C
YER133W	YOR117W
YKL126W	YOL078W
YDR381W	YMR219W
YDR247W	YPR115W
YGL058W	YML101C
YCR073W-A	YGL059W
YFR004W	YMR219W
YBL030C	YGL137W
YDR293C	YNL016W
YER126C	YPL004C
YDL089W	YPR028W
YER095W	YNL085W
YBR160W	YGL116W
YLR113W	YML127W
YIL115C	YOR046C
YBL041W	YER105C
YIR010W	YOR004W
YER126C	YHR197W
YLL039C	YNL326C
YLL023C	YML048W
YDR207C	YPL181W
YDR368W	YFR004W
YHR023W	YOR326W
YKL058W	YOR194C
YBL032W	YNL003C
YDR439W	YGL180W
YGL127C	YOR128C
YLR131C	YNL135C
YMR121C	YMR139W
YIL075C	YMR001C
YBR194W	YGR186W
YDR004W	YDR076W
YML086C	YNL007C
YBR112C	YGR252W
YJR001W	YPL203W
YBL087C	YGL227W
YHR135C	YMR229C
YMR001C	YNL175C
YFR049W	YOR047C
YBL032W	YOR137C
YDR057W	YMR297W
YDR510W	YOR293W
YER105C	YJR042W
YLR113W	YOR198C
YBL032W	YKL163W
YBL015W	YLL039C
YFR024C-A	YMR302C
YBR069C	YPL233W
YBR041W	YPL145C
YBL105C	YNL232W
YGR008C	YIL143C
YBR160W	YHR030C
YGL137W	YKR007W
YFR004W	YLR216C
YCR088W	YDL029W
YAR007C	YMR224C
YGL141W	YKR064W
YGL181W	YPL049C
YDL060W	YIL095W
YJL012C	YJR152W
YDR174W	YMR123W
YDR091C	YER161C
YMR291W	YOR089C
YBR095C	YDR207C
YBR036C	YJL214W
YKL167C	YML025C
YGR129W	YOR104W
YDR388W	YER129W
YBR194W	YML017W
YIL076W	YML067C
YLR131C	YPR086W
YDR471W	YLL039C
YDL001W	YLL039C
YIL043C	YNL055C
YBL032W	YPR129W
YBL087C	YKL117W
YDR192C	YJR042W
YGL180W	YLR265C
YLR116W	YPL016W
YHR135C	YPR169W
YBR098W	YHR016C
YLR117C	YPR152C
YLR117C	YNR011C
YJR102C	YMR077C
YJL141C	YPL247C
YBL093C	YDR381W
YDL051W	YDR510W
YDR159W	YDR381W
YER039C	YGL070C
YLR005W	YPR056W
YAL016W	YHR135C
YIL113W	YKL161C
YNL031C	YPR018W
YDL003W	YDR174W
YDL029W	YOR117W
YGR029W	YLR424W
YHR082C	YLR055C
YDL140C	YDR463W
YKL171W	YNL027W
YFR028C	YNL083W
YDL101C	YPL177C
YNL197C	YOR307C
YBL045C	YFR004W
YJR062C	YOR332W
YMR059W	YOR332W
YBL032W	YMR291W
YDR463W	YJR090C
YBR058C	YFR004W
YER087W	YLR362W
YDR075W	YDR224C
YBR173C	YGR135W
YIL027C	YMR112C
YBL032W	YBL101C
YGL179C	YJR092W
YIL135C	YLR096W
YMR182C	YNL197C
YER025W	YER133W
YDR363W-A	YKL145W
YDR510W	YPL049C
YDR072C	YNL197C
YFR028C	YIL075C
YBL022C	YGR231C
YDR472W	YNL118C
YIL143C	YML086C
YKL173W	YPL151C
YGL206C	YNL007C
YAL032C	YOR023C
YBL032W	YJR043C
YDR276C	YEL002C
YGL129C	YOL027C
YGR231C	YHR135C
YIL062C	YNL243W
YKL193C	YPL036W
YFL038C	YLR268W
YBL007C	YFR024C-A
YBL091C-A	YNL197C
YDR388W	YJR043C
YGL021W	YLL015W
YMR209C	YNL197C
YHR193C	YKR081C
YDL150W	YIR010W
YIL068C	YJL085W
YNR011C	YPL151C
YDR381W	YDR462W
YDR032C	YDR369C
YBL032W	YPR182W
YBR182C	YMR172W
YLL039C	YOR329C
YBL032W	YJL090C
YCL025C	YML048W
YGL030W	YHR010W
YDR510W	YIL149C
YCL025C	YDL212W
YFR004W	YFR044C
YGR103W	YPR115W
YCR093W	YIR010W
YCL010C	YDR392W
YFL038C	YLR396C
YGL004C	YIL007C
YLL024C	YLL039C
YBL032W	YBR071W
YJR098C	YMR304W
YJR093C	YOR039W
YCR002C	YDR510W
YKL160W	YOR244W
YML007W	YNR010W
YKR024C	YKR081C
YMR165C	YNL197C
YLL039C	YLR377C
YGL129C	YPL013C
YLR306W	YPL003W
YML056C	YOL115W
YER075C	YHR030C
YJR092W	YLR096W
YHR007C	YJR117W
YER114C	YNL078W
YJL076W	YPL110C
YBL032W	YBR119W
YDR477W	YIL107C
YGR097W	YNL025C
YHR135C	YPL181W
YGR048W	YKL020C
YBR217W	YLR423C
YGL116W	YPL004C
YOR058C	YPL146C
YBL103C	YHR079C
YER177W	YLR177W
YJL084C	YLL039C
YGL137W	YKR067W
YBR160W	YOR014W
YDR379W	YLR229C
YBR258C	YLR015W
YGR215W	YOL027C
YBR160W	YJL051W
YER095W	YGR240C
YLL039C	YOR348C
YBR114W	YMR315W
YML007W	YPL016W
YCR077C	YPR178W
YDR388W	YFR004W
YML007W	YMR112C
YHR195W	YLL039C
YHR082C	YPL048W
YKL173W	YLR117C
YJR059W	YNR013C
YHR030C	YNL027W
YHR027C	YLR153C
YIR001C	YNL138W
YDR510W	YHR187W
YGR166W	YKR068C
YHR007C	YKL201C
YBL032W	YHR186C
YDL165W	YPL042C
YNL081C	YNL197C
YDL155W	YJL076W
YKL116C	YLR389C
YLL039C	YOR326W
YKL039W	YLL039C
YAL053W	YDR497C
YDL020C	YIL007C
YPL151C	YPR182W
YBL032W	YKL002W
YDR381W	YIL026C
YBL103C	YLR423C
YDR381W	YPL178W
YGL104C	YHR114W
YDL047W	YML048W
YBL032W	YDL233W
YAL028W	YBR171W
YBR086C	YJR045C
YAL009W	YDR211W
YGR097W	YLR113W
YDL029W	YDR063W
YIL075C	YMR314W
YMR304W	YOR326W
YIL063C	YLL039C
YIL034C	YIL062C
YKR072C	YML016C
YBR017C	YDL204W
YGL059W	YHR082C
YBR194W	YEL015W
YBR112C	YPL177C
YAL017W	YOR196C
YDL227C	YHR027C
YDL214C	YHR139C
YAR042W	YER120W
YPL049C	YPL070W
YHR073W	YJL164C
YBR160W	YLR131C
YOR244W	YOR354C
YDR176W	YLR423C
YBR137W	YOL111C
YHR152W	YLR044C
YDR162C	YML109W
YNL132W	YPL220W
YER133W	YHL033C
YDR224C	YPR019W
YBL032W	YOR085W
YDR412W	YKR081C
YDR176W	YOR023C
YNL236W	YPL042C
YGR103W	YOR272W
YKR081C	YNR053C
YDR480W	YLR191W
YGR103W	YNL124W
YHR105W	YOR292C
YER172C	YNR053C
YBR058C	YDR388W
YDL097C	YDL147W
YDR342C	YJR066W
YBL042C	YNL197C
YCL014W	YHR135C
YBR017C	YNR069C
YDL101C	YHR135C
YAL027W	YLR429W
YHR082C	YNR047W
YDR264C	YOR212W
YLR079W	YOR039W
YDR142C	YJR064W
YGL116W	YMR179W
YGL205W	YJR059W
YBR217W	YMR159C
YGR113W	YLR424W
YJL210W	YLR191W
YDR412W	YPL125W
YIL092W	YLR423C
YBR126C	YMR229C
YJL060W	YLL039C
YKL129C	YOR047C
YIL075C	YKL145W
YBL032W	YCL004W
YER142C	YPR190C
YDL115C	YMR291W
YKR096W	YPR129W
YBR160W	YKL022C
YKL206C	YLL039C
YMR037C	YMR172W
YBL105C	YFR024C-A
YDR235W	YER029C
YNL136W	YOR244W
YFR024C-A	YJL194W
YCL014W	YFR028C
YDR006C	YFR028C
YBL030C	YBL045C
YDR380W	YLL039C
YBR160W	YHL050C
YGR148C	YGR285C
YOR124C	YOR138C
YDR510W	YER029C
YIR010W	YOR039W
YEL013W	YJL151C
YAR042W	YDR100W
YMR099C	YPL231W
YIR022W	YLR343W
YBL032W	YMR041C
YGL048C	YGL141W
YBL032W	YMR179W
YAL017W	YKL035W
YCR021C	YKL220C
YGL006W	YLL039C
YBR160W	YNL272C
YFR034C	YLR330W
YFR004W	YPL061W
YMR031C	YPL004C
YML069W	YPR052C
YOR117W	YPL061W
YLL039C	YNL305C
YMR032W	YMR109W
YHR152W	YOR369C
YBL093C	YML007W
YFR004W	YML126C
YHR010W	YNR053C
YDL029W	YIL062C
YKR027W	YLR191W
YBR160W	YLR425W
YDL060W	YDR224C
YGL156W	YJL074C
YAL032C	YDR176W
YDL001W	YIR009W
YBR228W	YLR135W
YBR081C	YDR510W
YLR131C	YMR308C
YJL164C	YNL098C
YBL032W	YDR522C
YFR004W	YOR234C
YDL030W	YKL173W
YAL060W	YAL061W
YAL017W	YDR259C
YHL013C	YOR244W
YDR185C	YKL053C-A
YFR034C	YOR369C
YGR135W	YOR261C
YBL038W	YOL027C
YGL207W	YLR196W
YDL159W	YLR113W
YDR057W	YKL145W
YJL124C	YOR375C
YDR311W	YLR005W
YBR264C	YNL044W
YCR077C	YJL124C
YHR010W	YLL039C
YOR117W	YOR261C
YKR092C	YOR267C
YHR158C	YJR059W
YDR110W	YER161C
YGL180W	YGL248W
YBR167C	YNL221C
YGL070C	YGR186W
YBL032W	YMR124W
YJL164C	YOR386W
YDR432W	YOR267C
YBR207W	YDR284C
YBL007C	YLR206W
YER062C	YLL039C
YDR006C	YLL039C
YDL132W	YNL055C
YDR471W	YGR130C
YJL130C	YPR152C
YGL127C	YOR047C
YKL126W	YLR429W
YBL032W	YOR149C
YBL032W	YBR162C
YDL025C	YOR272W
YDL087C	YLR298C
YBR160W	YJR033C
YER105C	YKL057C
YLR196W	YLR429W
YDL140C	YGR097W
YBR031W	YDR471W
YLR245C	YOL111C
YGR254W	YJR045C
YJR047C	YNL197C
YBL104C	YER029C
YDR471W	YPL211W
YDR466W	YHL024W
YBR160W	YGL048C
YBR136W	YJL173C
YFR004W	YOR042W
YFR004W	YKL056C
YFR004W	YHR193C
YBL047C	YFR004W
YBR069C	YLR343W
YNR011C	YPR178W
YKL022C	YOR249C
YBL103C	YDR212W
YKL196C	YLR026C
YGR234W	YNL085W
YDR381W	YNL177C
YAL053W	YNL283C
YFR024C-A	YGL104C
YDL153C	YJL164C
YDL140C	YJR110W
YDL179W	YDR388W
YDR425W	YGL161C
YCL010C	YPL047W
YBR272C	YGL004C
YBR135W	YFR050C
YDR456W	YIR022W
YDL140C	YLR015W
YAL032C	YKL173W
YDR247W	YGR249W
YBR167C	YNL246W
YMR072W	YOR374W
YAR007C	YNL031C
YLL019C	YLR044C
YBL032W	YHR082C
YCR024C-A	YLR241W
YDR247W	YNL295W
YDL215C	YMR304W
YDR137W	YLR039C
YML049C	YMR117C
YJL084C	YPR029C
YDR258C	YLR380W
YLR219W	YOR181W
YHR027C	YPR058W
YDL140C	YOR166C
YBL104C	YDR128W
YER133W	YLR430W
YPL018W	YPR018W
YHR108W	YLR170C
YGL048C	YMR001C
YGL006W	YPL006W
YDR388W	YOR329C
YBR217W	YLR216C
YDL113C	YFR028C
YER172C	YGR278W
YER172C	YPR082C
YDR054C	YFL029C
YBL007C	YHL002W
YHR114W	YLL005C
YBL026W	YNL118C
YHR082C	YML037C
YDR381W	YJR045C
YGR108W	YOR171C
YBL032W	YCL008C
YDL095W	YOR093C
YHR079C	YPL128C
YDR212W	YHR027C
YHR187W	YKL110C
YDL044C	YMR083W
YDL155W	YIL106W
Q0130	YOL027C
YBR155W	YDR477W
YNL098C	YOL081W
YFR004W	YOL040C
YHR135C	YNL116W
YGL059W	YLR258W
YDR394W	YOR261C
YGL025C	YHR058C
YNL197C	YPL128C
YDR064W	YGR054W
YCR021C	YLR138W
YGR080W	YNL138W
YBL056W	YDR071C
YDR386W	YNL024C
YGR104C	YPL042C
YKR001C	YMR072W
YDL002C	YKR001C
YGL051W	YHR082C
YNL175C	YPL211W
TS(AGA)J	YDR023W
YDR011W	YJR066W
YJL219W	YML048W
YHL022C	YLR329W
YDR143C	YGR192C
YHR027C	YPL048W
YGL197W	YNL025C
YDR119W	YGL006W
Q0120	YLR382C
YDR392W	YEL009C
YDL095W	YLL039C
YDR404C	YNL251C
YBR214W	YDL047W
YER171W	YML124C
YGR192C	YKL129C
YAL031C	YER172C
YBR194W	YMR070W
YGR285C	YHR010W
YLL039C	YLR345W
YBR194W	YGR240C
YBL007C	YKR001C
YBL032W	YHR134W
YMR197C	YOR327C
YER177W	YFR028C
YGL120C	YPL146C
YFL038C	YML086C
YCR009C	YDR381W
YEL015W	YER124C
YMR236W	YPL047W
YDR099W	YHR027C
YIR008C	YNL262W
YEL002C	YPR011C
YBL032W	YOR113W
YDR479C	YLL039C
YBL032W	YDR259C
YJL187C	YKL160W
YDL002C	YOR141C
YBR126C	YCL040W
YBR198C	YML015C
YJR031C	YNL186W
YBL032W	YPR008W
YOL148C	YPL047W
YBL032W	YML053C
YCR063W	YER172C
YBL007C	YHR108W
YGL120C	YHR088W
YDR477W	YLR242C
YDR174W	YLR022C
YGL055W	YJR059W
YHR086W	YPR182W
YCR051W	YFR004W
YML048W	YPR106W
YGL055W	YNL197C
YLR259C	YOR020C
YGR043C	YNL222W
YBR080C	YGR209C
YAR033W	YGL051W
YLR362W	YMR139W
YLR440C	YOR075W
YBR264C	YJL187C
YER133W	YKR002W
YJR141W	YPL141C
YFR034C	YGL180W
YDL140C	YIR010W
YBR097W	YLL039C
YDL115C	YJL187C
YHR092C	YJR066W
YDR224C	YGL133W
YER029C	YPR082C
YDR388W	YLR429W
YJR073C	YNL197C
YHR152W	YPR152C
YGL233W	YJL085W
YKR035W-A	YNL265C
YLL039C	YOL027C
YFR004W	YGL206C
YOR128C	YPR088C
YLR178C	YMR257C
YFR004W	YIL041W
YJR130C	YNL197C
YCL043C	YOL126C
YDR192C	YLR293C
YJR017C	YOR151C
YBR072W	YLL024C
YER105C	YMR129W
YNL118C	YPL220W
YHR027C	YOR375C
YGR136W	YOR181W
YDR432W	YJL140W
YGR156W	YJR093C
YDL029W	YDL149W
YDR311W	YPL122C
YBL078C	YDL028C
YDR142C	YKL103C
YJL164C	YOR276W
YHR079C	YMR165C
YBL032W	YIL049W
YBR143C	YJL016W
YHR010W	YML075C
YDR381W	YKR092C
YGL059W	YMR165C
YAL021C	YPL042C
YDR006C	YFR004W
YBR160W	YLR096W
YGR129W	YLR117C
YGL051W	YOR267C
YBL032W	YIL135C
YKL022C	YMR001C
YGR209C	YHR152W
YER141W	YJL141C
YHR197W	YLL008W
YHL011C	YOR090C
YBL007C	YCR100C
YBR155W	YHR135C
YCR002C	YNL078W
YHR114W	YMR162C
YGL198W	YNL304W
YER133W	YER177W
YLR089C	YPR049C
YBL007C	YDL203C
YDR343C	YOR181W
YBR198C	YJR064W
YBR080C	YOR036W
YDL232W	YEL002C
YBL042C	YPL058C
YKR001C	YOR304W
YDR479C	YJL097W
YDR453C	YGR185C
YFR004W	YNR017W
YAR042W	YEL013W
YPL049C	YPR082C
YDL132W	YLR352W
YDL160C	YGL137W
YGL025C	YNR010W
YKL173W	YOR004W
YGR130C	YPL004C
YGL180W	YLR257W
YJL141C	YJR059W
YBL032W	YBR212W
YDL140C	YIL143C
YAL032C	YGL120C
YGL003C	YGL116W
YAL016W	YFR004W
YCL052C	YLR268W
YBR080C	YNL015W
YIL031W	YMR001C
YDL135C	YLR229C
YLR378C	YOR085W
YFR004W	YJL001W
YAL060W	YLL039C
YAL028W	YNL197C
YMR105C	YOR327C
YDR392W	YPL047W
YDR466W	YFL023W
YFR034C	YMR217W
YHR007C	YMR123W
YGR103W	YJL192C
YCL043C	YPL141C
YBR126C	YML100W
YBL055C	YHR135C
YBL032W	YIL031W
YGR240C	YHR027C
YHR079C	YLR257W
YGL157W	YLL039C
YDL002C	YDR510W
YHL027W	YMR032W
YKL171W	YMR184W
YGR116W	YML069W
YBL007C	YPL012W
YOR113W	YPL203W
YJL110C	YJL164C
YGL129C	YGR084C
YKR097W	YPL203W
YFR004W	YNL135C
YBR080C	YPL070W
YCL043C	YHR082C
YFL007W	YJL001W
YGR104C	YNR010W
YDR424C	YIL115C
YLL024C	YPL181W
YBL032W	YDR499W
YGR186W	YKL028W
YBL064C	YHR079C
YKL039W	YOL018C
YER047C	YKL129C
YDR211W	YPL140C
YER161C	YLR293C
YJL166W	YLL039C
YBR083W	YKL126W
YGL127C	YNL236W
YGL210W	YNL044W
YBR080C	YLR078C
YBL032W	YPR023C
YBR160W	YOL058W
YBR212W	YIR037W
YHR025W	YKR081C
YAL042W	YML067C
YDR159W	YLR423C
YFR004W	YGL078C
YJL207C	YLR330W
YDL047W	YKL080W
YBL032W	YDR207C
YBL007C	YBL047C
YDR254W	YLR315W
YGL048C	YMR191W
YDR293C	YPR152C
YDR388W	YGL226W
YBL026W	YLR039C
YBR031W	YHL033C
YDR016C	YKL052C
YBR041W	YJR009C
YBL017C	YDL097C
YHR082C	YOR181W
YFL039C	YFR004W
YBR093C	YCL043C
YDL101C	YDR531W
YGL180W	YLL008W
YCR042C	YPL011C
YLR229C	YNL293W
YGL059W	YOR134W
YJL187C	YKR071C
YBL032W	YER169W
YGL180W	YNL186W
YDR100W	YHR105W
YDR477W	YHR117W
YHR027C	YHR068W
YDR381W	YOL115W
YLL015W	YLL039C
YER095W	YOR151C
YDR510W	YFL045C
YGR084C	YJR113C
YHR079C	YKL168C
YJR042W	YKL057C
YAL010C	YLL006W
YAR007C	YGL207W
YBR126C	YOR089C
YKL161C	YPL049C
YPL106C	YPR140W
YAR007C	YEL030W
YAL021C	YMR124W
YFL023W	YHR082C
YDR432W	YER133W
YLL039C	YLR268W
YBL074C	YER172C
YBR017C	YMR105C
YKL161C	YNL027W
YDL075W	YFR032C-A
YIL130W	YIR010W
YEL044W	YOR141C
YBL030C	YJR048W
YER021W	YNL004W
YBR160W	YDL113C
YMR128W	YNL097C
YFR003C	YKL193C
YLL039C	YOL145C
YDL030W	YPR082C
YFR004W	YOL109W
YBR270C	YJR059W
YDR201W	YGR113W
YDL047W	YOL018C
YDR471W	YFR031C-A
YBL023C	YDR099W
YGL179C	YGR167W
YJL164C	YKL160W
YER029C	YNL187W
YBR143C	YOR046C
YDR170C	YFR044C
YIR010W	YLR033W
YJL084C	YOR348C
YDL029W	YLR370C
YIL125W	YLL039C
YHR079C	YHR114W
YBL041W	YDL188C
YFR031C-A	YLR074C
YER177W	YLR403W
YDR086C	YLR378C
YGL137W	YNL138W
YHR135C	YNL186W
YDR174W	YKR092C
YDR258C	YOR117W
YHR088W	YHR197W
YDL028C	YPR115W
YBL103C	YNR023W
YFR021W	YGL180W
YGL210W	YOL018C
YER029C	YLR424W
YGL079W	YGL180W
YHR027C	YMR217W
YDL212W	YEL002C
YDL147W	YDR108W
YBR034C	YHR027C
YLL039C	YOR223W
YBR217W	YEL060C
YJL151C	YNL204C
YJL084C	YJR059W
YMR037C	YPL042C
YHR025W	YHR027C
YAL054C	YLL039C
YNL197C	YPL165C
YDR510W	YLR244C
YFR024C-A	YMR109W
YAL016W	YIL065C
YLL062C	YOL143C
YDR477W	YOR267C
YGR136W	YLL039C
YDL030W	YPL146C
YBR160W	YOL036W
YLR429W	YNL032W
YDR540C	YHR135C
YDR381W	YNL051W
YHR117W	YJR059W
YDL140C	YDR359C
YHR135C	YNL334C
YGL030W	YPR152C
YLR238W	YMR029C
YAL015C	YNL037C
YBR114W	YIR009W
YOR272W	YPL211W
YFR028C	YHR158C
YDR398W	YLR216C
YDR224C	YPL128C
YHR096C	YJR066W
YLR292C	YOR324C
YAR007C	YBL023C
YHR105W	YNL044W
YLR268W	YOR037W
YDR099W	YLR345W
YDR045C	YIL122W
YBR173C	YMR314W
YJL164C	YMR229C
YDL030W	YLR424W
YDR159W	YLR018C
YDL135C	YPL141C
YER094C	YFR050C
YCR028C-A	YLR326W
YDR388W	YER116C
YBR160W	YLL008W
YJR093C	YLR115W
YJR066W	YOR326W
YDL160C	YKL173W
YHR061C	YHR107C
YLL039C	YML049C
YMR027W	YPR036W
YFR004W	YFR050C
YAL059W	YMR124W
YKL145W	YLL039C
YGL004C	YOR117W
YHR023W	YLR423C
YER100W	YKL056C
YBL036C	YOL078W
YMR162C	YPR154W
YLL039C	YOR042W
YHR016C	YLR426W
YLL039C	YMR115W
YFR004W	YMR027W
YBR210W	YGL207W
YKL203C	YOR326W
YEL015W	YPR152C
YBL055C	YDR280W
YBR173C	YOR157C
YEL009C	YMR236W
YDR143C	YPR019W
YGR129W	YKR022C
YHR027C	YNR043W
YDR128W	YGL205W
YDL161W	YLL039C
YDL140C	YGL207W
YBL032W	YGL066W
YIL149C	YLL015W
YML016C	YMR212C
YDR342C	YLR019W
YJR078W	YLL039C
YIL007C	YIL075C
YBL007C	YHR135C
YDR388W	YFL039C
YFL023W	YJL164C
YBR194W	YJR121W
YOR014W	YPL152W
YGR037C	YLL019C
YDR038C	YKL203C
YBL103C	YHR186C
YDR176W	YPL181W
YHR097C	YLL039C
YLR293C	YPL125W
YDR510W	YPL106C
YBL030C	YBR194W
YER171W	YPL122C
YDR099W	YNR047W
YFR004W	YMR308C
YHR158C	YNL084C
YBL032W	YKR072C
YDL025C	YLR002C
YDR412W	YPL012W
YFR004W	YLR293C
YDR285W	YMR117C
YBR083W	YDR510W
YDL160C	YGR054W
YDL161W	YLR116W
YFL038C	YNL044W
YDR330W	YJL187C
YBL032W	YDL054C
YFR053C	YLL039C
YNL230C	YOR272W
YLR293C	YOR117W
YAL027W	YMR128W
YML015C	YOR194C
YBR272C	YDL097C
YDR381W	YGL030W
YCR009C	YPL140C
YJL164C	YNL149C
YLR191W	YMR026C
YER021W	YLL039C
YJL140W	YNR010W
YGR252W	YPL181W
YLL039C	YLR387C
YHR134W	YPL269W
YDL030W	YNR011C
YBR081C	YGL066W
YDR143C	YGL207W
YAL028W	YKL171W
YDR381W	YIL043C
YJR094C	YMR139W
YDR432W	YOL123W
YDL155W	YGL003C
YGR186W	YJL164C
YLR423C	YPL174C
YBR194W	YMR072W
YLR315W	YOR023C
YDR477W	YGR252W
YBR052C	YLL024C
YDL101C	YOL123W
YDR205W	YKL221W
YBL063W	YMR016C
YLR259C	YPL233W
YBL032W	YPL058C
YHL025W	YJL176C
YAR007C	YBL088C
YLR399C	YOR039W
YGR104C	YMR112C
YGL207W	YNL031C
YDR264C	YKL196C
YBL088C	YNL265C
YJL164C	YML048W
YBL087C	YPL211W
YGL003C	YHR166C
YFL039C	YLR274W
YDR100W	YMR010W
YGL180W	YGR126W
YJL151C	YPL145C
YML051W	YMR004W
YBR278W	YDR388W
YKL145W	YPR152C
YEL002C	YHR007C
YBR160W	YPR086W
YBR194W	YPL004C
YDL004W	YJR121W
YLL039C	YPL125W
YDR247W	YGL207W
YHR079C	YNL272C
YLR018C	YMR264W
YML049C	YPL151C
YAL028W	YBL032W
YLL024C	YNL082W
YBL047C	YHR135C
YHR007C	YML012W
YDR311W	YMR228W
YBR039W	YDL047W
YML049C	YPR152C
YGR130C	YOR181W
YHR027C	YOR261C
YAR007C	YFL009W
YGR054W	YNL132W
YBR123C	YGR246C
YKR023W	YLL039C
YDL160C	YOR326W
YHR027C	YMR246W
YAL043C	YKR002W
YCR082W	YOR023C
YGR113W	YPL018W
YDR381W	YGL120C
YBR298C	YKL154W
YGL048C	YML124C
YFL050C	YJR059W
YLL024C	YOR090C
YNL031C	YOR025W
YKL160W	YLR429W
YFL039C	YNL215W
YJL164C	YNL007C
YCR093W	YDR443C
YGL058W	YGR180C
YGL179C	YOL130W
YGL093W	YMR117C
YGR286C	YMR070W
YBR160W	YDL155W
YDL212W	YLR018C
YBL045C	YHR027C
YAL042W	YLL039C
YML007W	YNL236W
YDR108W	YGL207W
YBL007C	YNL138W
YGR186W	YJL140W
YER021W	YGL048C
YBL023C	YLL039C
YDR005C	YKR025W
YLR214W	YMR026C
YIL150C	YPR019W
YBR168W	YHR150W
YER090W	YGL137W
YBR207W	YIL047C
YFL045C	YMR059W
YBL026W	YMR207C
YDL029W	YDR394W
YPL004C	YPL164C
YLR136C	YNL230C
YHR084W	YPL220W
YDL030W	YPR152C
YJL164C	YLL029W
YIL125W	YMR121C
YLL039C	YLR356W
YBR132C	YGL006W
YDR404C	YJL164C
YAL032C	YMR031C
YER021W	YFR019W
YBR221C	YCR079W
YIR010W	YMR229C
YBL041W	YJL001W
YBL032W	YOL165C
YBL032W	YPL230W
YDR201W	YKR037C
YLR002C	YLR274W
YER116C	YHR134W
YNR004W	YPL157W
YBR112C	YGL181W
YDL164C	YNL044W
YFR004W	YGL037C
YDL159W	YIL113W
YNL125C	YNL197C
YDL147W	YGL048C
YML069W	YOR039W
YJL001W	YOR157C
YER126C	YNR053C
YBL105C	YGL022W
YDR443C	YML007W
YKL056C	YMR059W
YFR050C	YJL047C
YLR343W	YML019W
YHR135C	YOL070C
YJL187C	YNL186W
YML056C	YPR152C
YBL011W	YJL187C
YDR427W	YOR261C
YHR027C	YKL035W
YBL032W	YNL122C
YBR199W	YLR026C
YBR194W	YPL151C
YJR125C	YPR029C
YDR254W	YPL233W
YHR010W	YIL125W
YDR011W	YHR096C
YEL055C	YER100W
YLL039C	YOL084W
YBL032W	YDL211C
YGR198W	YLL039C
YBL037W	YNL265C
YMR086W	YPL004C
YAL021C	YIR010W
YJL164C	YOR141C
YDL019C	YGL059W
YAL041W	YPR129W
YLR330W	YOR244W
YGL104C	YML048W
YOR324C	YPL094C
YFL023W	YPR106W
YNL081C	YOL027C
YGR249W	YJR059W
YER139C	YGL070C
YBR199W	YLL039C
YGL127C	YPL042C
YDR254W	YLR381W
YDR443C	YNL236W
YIL047C	YJL164C
YGL197W	YLR191W
YER098W	YGL180W
YDR423C	YLR109W
YNL055C	YNL157W
YDR460W	YLR005W
YDL029W	YJR065C
YHR186C	YIR010W
YDR510W	YJL081C
YFR034C	YMR308C
YCR072C	YNR053C
YKR001C	YLL039C
YDR086C	YFR004W
YKL034W	YLL039C
YDR003W	YLL039C
YDL212W	YDR276C
YKL058W	YML007W
YJR059W	YOR113W
YGL038C	YGL055W
YKL204W	YPR042C
YBR083W	YNL197C
YDR208W	YJL164C
YDR381W	YML056C
YPL004C	YPR173C
YGR280C	YMR302C
YKL173W	YNR011C
YBL032W	YDL079C
YIL068C	YNR049C
YDL051W	YPR088C
YFR024C-A	YGL181W
YFR004W	YGL202W
YER177W	YIR010W
YBL030C	YBR024W
YDR111C	YEL030W
YGL087C	YOR220W
YBL047C	YNL124W
YBR043C	YGR157W
YGL137W	YKR046C
YGL059W	YPL203W
YDR207C	YJR094C
YGL006W	YKR007W
YCL014W	YPL106C
YDL214C	YKR092C
YBL032W	YCR063W
YHR181W	YJL186W
YIR010W	YJL053W
YBR036C	YDR276C
YKL173W	YNL186W
YMR153W	YPL004C
YDR379W	YJL164C
YDR099W	YGR097W
YDR100W	YLR108C
YHR082C	YNL182C
YNL197C	YOL063C
YBR160W	YGL003C
YHR160C	YLR191W
YHL011C	YHR030C
YGR136W	YKL117W
YMR280C	YOR047C
YDL214C	YNR006W
YFR004W	YPL079W
YKR007W	YNL326C
YKL188C	YPL147W
YDR517W	YJL099W
YLR131C	YOR185C
YIR009W	YML049C
YDR088C	YER013W
YDL002C	YPL141C
YDL200C	YKL056C
YDR392W	YMR236W
YNL197C	YPR149W
YBR156C	YMR094W
YLR403W	YOR025W
YDR156W	YNL197C
YBR041W	YMR246W
YER041W	YKR081C
YAL027W	YDR510W
YJL151C	YKL094W
YFL038C	YLR078C
YLL015W	YLL023C
YDR477W	YOR269W
YDR471W	YLR406C
YGR206W	YLL039C
YLR310C	YPL049C
YGL059W	YJR049C
YGR135W	YJR143C
YLR179C	YPL004C
YDR388W	YKL129C
YDL029W	YHR030C
YER133W	YGR252W
YJL164C	YPR115W
YDR032C	YLR326W
YNL084C	YNL243W
YNL262W	YOL115W
YHR135C	YJR044C
YGR240C	YMR059W
YJR059W	YOR028C
YHR086W	YKL173W
YHR030C	YOR220W
YDR436W	YLL039C
YGR240C	YLR370C
YLR274W	YLR429W
YBR135W	YGR108W
YJL130C	YOL098C
YNL071W	YNL197C
YBL052C	YGL207W
YMR317W	YOL108C
YDL223C	YFR004W
YBR126C	YFR028C
YDR143C	YGL037C
YER133W	YLR258W
YFR021W	YPL258C
YGR184C	YIL075C
YIL073C	YJL074C
YDR412W	YER126C
YAL041W	YKL203C
YDL149W	YGL180W
YBL026W	YDL160C
YDR427W	YGL048C
YDL132W	YDR131C
YOR181W	YOR317W
YER139C	YMR291W
YBR044C	YBR221C
YMR032W	YPL084W
YBR221C	YDR510W
YBL032W	YNR035C
YJL070C	YJL164C
YDR477W	YNL236W
YBR017C	YLL039C
YBR164C	YDR141C
YJL029C	YLL039C
YBR131W	YGL124C
YDR412W	YNR053C
YAR007C	YGL116W
YHR016C	YNL243W
YGL127C	YGR104C
YFR004W	YJL060W
YOR244W	YPR083W
YDR284C	YLL039C
YHR082C	YPL041C
YCR073W-A	YDR247W
YNL092W	YOR329C
YBR031W	YKL116C
YPL249C	YPR154W
YBR031W	YFR031C-A
YHR030C	YPL106C
YDL132W	YPL258C
YKL103C	YOL145C
YIL147C	YNR031C
YDL051W	YPR178W
YHL019C	YHR135C
YHR082C	YMR302C
YBR086C	YHR082C
YGR271W	YKR023W
YDR284C	YPR079W
YAL030W	YNR049C
YCL014W	YLL039C
YGR249W	YMR139W
YGL120C	YLR022C
YBL042C	YER021W
YDR099W	YLL024C
YDR471W	YHL033C
YGL179C	YLR055C
YNL197C	YNR044W
YBL032W	YMR296C
YDR394W	YFR004W
YEL013W	YPR149W
YBL032W	YPR155C
YLL039C	YLR450W
YGR252W	YLR055C
YDR471W	YLR344W
YDL160C	YPR129W
YDR443C	YPL042C
YLR113W	YPR019W
YJL157C	YMR304W
YDR224C	YOR141C
YDL075W	YGL030W
YJL164C	YLR259C
YBL087C	YHR027C
YBL032W	YNL176C
YDR530C	YOR244W
YER177W	YNL031C
YBR069C	YLL039C
YDL188C	YHR152W
YBL087C	YFR004W
YFR034C	YMR109W
YIL068C	YPR055W
YBR111C	YLR245C
YDL088C	YIL115C
YDR510W	YER039C
YBL032W	YBR238C
YOR014W	YPL106C
YHR070W	YNL138W
YHR016C	YNR007C
YDL236W	YJL164C
YBR148W	YPL018W
YER171W	YOR046C
YGL104C	YPL076W
YGR065C	YPL058C
YER133W	YHR082C
YFR004W	YKL215C
YGL180W	YMR297W
YBL032W	YOR291W
YDL137W	YHR108W
YJR103W	YKL117W
YJR059W	YLL008W
YBL026W	YLR074C
YLR131C	YMR304W
YGR254W	YPR152C
YHR082C	YPL203W
YBR183W	YKL154W
YIL046W	YPR019W
YCR098C	YNL008C
YNL009W	YOR089C
YDR255C	YIL097W
YIR010W	YPL231W
YGL179C	YHR137W
YDL029W	YKL129C
YFR004W	YPL048W
YBL032W	YPL016W
YBL032W	YGR268C
YDR394W	YER095W
YDR100W	YDR141C
YDR412W	YFR031C-A
YBL032W	YNL046W
YBR221C	YDL239C
YNL251C	YOL115W
YDR143C	YIL034C
YJR015W	YOR036W
YBL026W	YPR178W
YFL038C	YMR218C
YCL040W	YHR027C
YDR293C	YJL164C
YAL028W	YGL180W
YBL105C	YEL002C
YKL059C	YLR115W
YBL032W	YCR033W
YDR099W	YJR090C
YBR249C	YGR275W
YDR412W	YDR432W
YLL039C	YPL006W
YCL042W	YNL290W
YER065C	YHR186C
YBL032W	YHL050C
YBR299W	YLL039C
YAL032C	YIL068C
YER068W	YIR010W
YBL032W	YPR083W
YDR085C	YMR059W
YBR128C	YPL120W
YBR160W	YOR249C
YDR103W	YOR326W
YDR510W	YPL128C
YHR207C	YJL164C
YBL007C	YOR211C
YDR166C	YPR055W
YCR077C	YML109W
YHR027C	YIL078W
YFL039C	YHR016C
YPL151C	YPR101W
YGL037C	YPL070W
YHR135C	YNR019W
YFR024C-A	YNL243W
YDR453C	YIL039W
YML069W	YOL108C
YCR094W	YLL039C
YBL007C	YMR147W
YLL039C	YMR210W
YGL116W	YJR064W
YDR510W	YKL126W
YAL029C	YKL124W
YGL207W	YNL282W
YJL076W	YLR019W
YBR137W	YOR007C
YAL032C	YJR061W
YDL028C	YIL106W
YFR024C-A	YIR010W
YBL036C	YDR023W
YMR070W	YNL197C
YDR432W	YNL251C
YBL092W	YNL124W
YEL009C	YPL016W
YGR029W	YJR048W
YER142C	YIR002C
YFR004W	YKL127W
YCR072C	YLR074C
YOR042W	YPL042C
YDR164C	YNL272C
YFL039C	YOR181W
YDR100W	YPL135W
YDR381W	YLL024C
YLL039C	YOR109W
YIR037W	YPL058C
YLR270W	YOR173W
YBL032W	YLR019W
YBR286W	YLL039C
YBR031W	YDR510W
YGR129W	YJL164C
YJL081C	YPR023C
YDL150W	YDR510W
YER171W	YMR112C
YAL041W	YLL008W
YJL151C	YPR139C
YDR050C	YLL039C
YFR031C-A	YHR010W
YMR314W	YOR117W
YFR004W	YOR317W
YBR225W	YPL203W
YIL125W	YOR005C
YBL032W	YNR010W
YGL207W	YJL164C
YMR197C	YOR036W
YIR037W	YML070W
YHR030C	YOR353C
YBL032W	YJL172W
YHR152W	YPL061W
YJL151C	YML013W
YBR270C	YGL180W
YER021W	YIR025W
YBR160W	YLR394W
YDR258C	YHR023W
YIL050W	YLR190W
YBR052C	YIR037W
YAL010C	YHR083W
YBR112C	YGL025C
YDR490C	YHR207C
YDR480W	YER114C
YCL014W	YDR388W
YDL115C	YGR186W
YFR028C	YKR054C
YER095W	YHR058C
YML105C	YPR088C
YDR032C	YLR429W
YHR027C	YJL060W
YJR009C	YMR031C
YIR010W	YJL076W
YGR209C	YLR109W
YFR004W	YOL158C
YDL188C	YGR135W
YDR313C	YLL039C
YDR238C	YJL151C
YAL043C	YDL140C
YGL207W	YHR082C
YIR010W	YJL130C
YDL140C	YKL058W
YBR136W	YOR210W
YIL107C	YMR139W
YKL206C	YMR314W
YIL135C	YKL088W
YKL173W	YML049C
YIL027C	YJL151C
YBL032W	YHR188C
YIL115C	YPL169C
YCR088W	YOR047C
YBL032W	YEL040W
YBL047C	YJL187C
YDL212W	YML038C
YDR219C	YHR117W
YBR039W	YPL078C
YBL032W	YHR079C
YKL173W	YPR152C
YNL085W	YNL090W
YHR082C	YNL272C
YBR212W	YKL171W
YMR032W	YOR264W
YBR278W	YMR224C
YBR108W	YHR016C
YNL078W	YPL269W
YLL039C	YLR427W
YLR079W	YLR345W
YBR160W	YJL187C
YDR477W	YGL208W
YBL032W	YKL037W
YBR272C	YKL145W
YGL030W	YGR232W
YDR050C	YOR117W
YFR028C	YLL040C
YBR031W	YGR103W
YCR009C	YDL044C
YDL140C	YOR001W
YLL039C	YLR440C
YLL039C	YPR073C
YDR238C	YDR372C
YBL056W	YMR246W
YKR028W	YPL049C
YBL023C	YMR314W
YDR453C	YML028W
YGR167W	YOR231W
YBL032W	YBR229C
YGR192C	YGR232W
YHR016C	YIL095W
YAL041W	YOR212W
YDR159W	YOR257W
YFR004W	YNL055C
YIR010W	YMR031C
YGL233W	YNL272C
YBL032W	YIR010W
YDR137W	YJR059W
YGL179C	YPL222W
YDR064W	YNL132W
YBL007C	YGL206C
YLR102C	YOR249C
YGL003C	YHR135C
YLL017W	YNL098C
YDR510W	YPL181W
YER021W	YHR084W
YGR192C	YKL039W
YPR106W	YPR115W
YDR510W	YOR001W
YDR224C	YLR133W
YDR099W	YNR034W
YBL007C	YHL016C
YLR106C	YNR053C
YJL124C	YPR178W
YAL061W	YMR308C
YOR181W	YPL180W
YDL140C	YEL009C
YDR369C	YKL022C
YAL029C	YLR274W
YLL032C	YML119W
YGR167W	YHR108W
YGL206C	YLL039C
YFR004W	YPR058W
YBR194W	YDR293C
YDR207C	YJR059W
YBL037W	YNL118C
YBL032W	YBR135W
YLR429W	YPL004C
YBL032W	YLR437C
YDR477W	YEL060C
YER161C	YGR116W
YDL018C	YML012W
YER171W	YKL085W
YKL080W	YOR332W
YHR016C	YOR042W
YCR072C	YDR477W
YDR127W	YJL173C
YBL032W	YMR081C
YDR424C	YLL039C
YKL154W	YML067C
YGL051W	YHR135C
YDR143C	YNL197C
YNL243W	YOR181W
YGL207W	YIR010W
YCR033W	YDR432W
YKL171W	YKR097W
YBR208C	YOR117W
YAL032C	YKR054C
YDL188C	YOR157C
YDR439W	YJL076W
YMR304W	YPR115W
YER129W	YGL035C
YAL008W	YML086C
YER177W	YGL078C
YGR030C	YMR117C
YBR045C	YER133W
YNL186W	YPL042C
YCR002C	YDR168W
YBL088C	YPL110C
YIL130W	YLL039C
YHR023W	YPR188C
YDR477W	YNL025C
YBR031W	YNL124W
YFR024C-A	YPR055W
YGL120C	YOR185C
YBR086C	YLL039C
YLR044C	YPR152C
YLR430W	YPR148C
YLL039C	YOR086C
YBR108W	YGR136W
YBL032W	YFR029W
YDR388W	YPL249C
YDR453C	YFR028C
YDL212W	YPL094C
YDR432W	YPL106C
YDR174W	YJL074C
YLR231C	YPL203W
YJR092W	YOR231W
YLL039C	YPL169C
YBR162C	YDR143C
YBR207W	YFL048C
YEL013W	YLR246W
YBL101C	YLL039C
YAL021C	YCR093W
YJL187C	YOR326W
YOR117W	YOR375C
YBR031W	YDR170C
YGR084C	YHR061C
YNR011C	YPR182W
YIL149C	YPL124W
YGR113W	YMR308C
YBR058C	YKR049C
YNR034W	YOR244W
YDL150W	YNL084C
YBL047C	YJR005W
YBL032W	YBR029C
YEL013W	YNL326C
YNL132W	YNL230C
YBL032W	YPR042C
YGL120C	YNL175C
YBR017C	YLR426W
YGR185C	YLL039C
YCR042C	YMR236W
YGL197W	YNL197C
YDR211W	YFL039C
YBR112C	YDR510W
YPR154W	YPR171W
YBL032W	YLR378C
YJL100W	YOR181W
YDR064W	YDR471W
YHR016C	YLL005C
YDL115C	YGL070C
YBL032W	YDR208W
YDR510W	YER111C
YJL187C	YNL212W
YER105C	YNR047W
YER021W	YGR232W
YCR077C	YDR293C
YHR030C	YPL049C
YDR175C	YJR113C
YGR108W	YGR225W
YDR075W	YDR293C
YNL272C	YPR055W
YDL147W	YIL075C
YDL140C	YNL197C
YHL011C	YLR259C
YGR180C	YPR106W
YML008C	YOR097C
YFR031C-A	YLL039C
YDR388W	YGR098C
YFR034C	YJL164C
YJR102C	YLR417W
YBL030C	YDL198C
YCR091W	YMR165C
YDR175C	YPL118W
YBL007C	YHR079C
YGL051W	YGL129C
YKL093W	YMR139W
YGL137W	YPL004C
YBL032W	YER167W
YKL193C	YMR139W
YLL049W	YLR423C
YBR140C	YLR310C
YIR010W	YNL306W
YEL055C	YLR196W
YBR035C	YDL101C
YBL058W	YDR381W
YDL140C	YNL246W
YLL039C	YPL206C
YGR240C	YJL187C
YDR127W	YIL106W
YHR186C	YLR403W
YFR004W	YLR017W
YBR217W	YDL097C
YNL246W	YPL141C
YDR284C	YPL147W
YGL025C	YMR112C
YIR010W	YNL132W
YLL050C	YMR059W
YLL039C	YOL019W
YLL039C	YPL012W
YGL084C	YJL012C
YHR082C	YLL039C
YDR357C	YEL005C
YLR043C	YLR093C
YDR224C	YNL246W
YCR100C	YPL141C
YKL126W	YPR111W
YKL145W	YOR261C
YBL032W	YNL148C
YBR146W	YGL129C
YNL016W	YNL262W
YBR160W	YIL106W
YBL032W	YIL115C
YDL140C	YER139C
YDL160C	YNL197C
YFL038C	YOR036W
YHR114W	YMR253C
YGR166W	YNL272C
YGR254W	YJL129C
YHR193C	YPR111W
YFR004W	YPL110C
YBR160W	YOR075W
YDL028C	YDR168W
YBL093C	YDL140C
YDR122W	YOL083W
YER172C	YKR022C
YDR392W	YGL066W
YCR072C	YLR106C
YDR363W-A	YDR394W
YBR173C	YKR054C
YDR176W	YGR252W
YLR178C	YOL081W
YGL030W	YGR285C
YCL039W	YDR255C
YER161C	YER172C
YKL129C	YLL039C
YFR004W	YKL181W
YCR073W-A	YJL164C
YHR058C	YMR112C
YMR291W	YOR141C
YEL060C	YGL137W
YDR510W	YOR187W
YGL006W	YPR036W
YBR155W	YJL164C
YER063W	YMR229C
YCR063W	YKL085W
YCR072C	YER126C
YDL212W	YLR208W
YIL022W	YPR152C
YER047C	YOR181W
YDR499W	YIL027C
YDL057W	YPL049C
YJL082W	YML086C
YNL116W	YPL110C
YGL180W	YGR130C
YOR141C	YPL141C
YBL010C	YKR022C
YJL052W	YJR093C
YCR063W	YKL173W
YER133W	YKL193C
YMR197C	YOL018C
YPL018W	YPL174C
YBR069C	YDL100C
YJR143C	YNL197C
YDR100W	YOL018C
YFR031C-A	YHR197W
YDR168W	YHR166C
YER177W	YOR244W
YBL091C-A	YPL094C
YIL113W	YLL019C
YBL037W	YFR043C
YER133W	YHR158C
YDR510W	YLR293C
YPL004C	YPR152C
YJL130C	YLL040C
YBR207W	YDR141C
YDR477W	YKR071C
YJL060W	YJL153C
YDL047W	YHR096C
YDL140C	YNL124W
YIL065C	YOR007C
YGR275W	YIR010W
YBL032W	YDL223C
YCR093W	YLL039C
YIL143C	YPL122C
YGR275W	YLR258W
YDR388W	YML123C
YDR159W	YIL149C
YGL157W	YMR034C
YBL055C	YDL025C
YNL132W	YPL090C
YDR386W	YMR001C
YGR108W	YHR135C
YDL097C	YDL215C
YIR001C	YMR229C
YBL007C	YHR114W
YIL078W	YOR244W
YHR027C	YMR314W
YCL043C	YKL171W
YLR002C	YOR272W
YGL208W	YML007W
YDR477W	YHL033C
YDR477W	YKR022C
YDL075W	YPL220W
YGL003C	YMR001C
YLR295C	YNL197C
YAR028W	YPL264C
YBL032W	YBR086C
YLR078C	YLR268W
YKR081C	YMR128W
YDL232W	YML019W
YLL039C	YLR093C
YBL032W	YLR121C
YNL306W	YPL118W
YJL214W	YLR093C
YFL039C	YMR109W
YGL207W	YOL128C
YGL180W	YIL107C
YFR004W	YIL078W
YDL212W	YML012W
YBL092W	YDR471W
YGR098C	YMR001C
YBL032W	YNL027W
YLR259C	YNL055C
YDR027C	YGL233W
YLR259C	YOL098C
YBL032W	YLR246W
YDR264C	YOL137W
YFR004W	YNL241C
YHR027C	YNL067W
YFR004W	YPL231W
YDL149W	YLL039C
YAR042W	YDL019C
YHR082C	YNL136W
YDR146C	YFR028C
YNL138W	YPR152C
YLL039C	YPR055W
YBR225W	YLR293C
YDR490C	YPL004C
YBR272C	YFR004W
YBL007C	YMR109W
YDR006C	YGR285C
YDR174W	YLR074C
YGL120C	YLR424W
YBR217W	YIL125W
YIL042C	YJL124C
YLR310C	YPL203W
YJL053W	YOR132W
YGR191W	YLL039C
YBL032W	YIL080W
YFR019W	YFR021W
YKL203C	YLR214W
YBL032W	YDR406W
YCL025C	YLL039C
YJR059W	YOR083W
YER133W	YER167W
YLR055C	YOL148C
YGL023C	YJL164C
YBR194W	YDR050C
YMR294W	YPR083W
YDL186W	YMR001C
YBR080C	YHR027C
YDR088C	YPR101W
YGL223C	YLR026C
YJL130C	YOR117W
YHR012W	YOR132W
YBL074C	YER029C
YJR065C	YNR053C
YIR002C	YOL034W
YLL039C	YOR369C
YDR510W	YOL109W
YBR017C	YGR282C
YBL032W	YPL179W
YDL029W	YPR178W
YNL232W	YNL251C
YFR034C	YKR001C
YOL111C	YOR007C
YHR135C	YLR003C
YHR012W	YIR010W
YDL019C	YKL129C
YDR477W	YMR001C
YCL009C	YNL212W
YER021W	YHR025W
YHR135C	YNL293W
YLL031C	YNL197C
YDL153C	YHR079C
YDR174W	YNL135C
YBL032W	YPL137C
YKR071C	YMR304W
YGL174W	YNR011C
YCL014W	YHR197W
YIL095W	YJL090C
YHR186C	YJR066W
YDR410C	YNL098C
YER105C	YPL169C
YHR146W	YIR010W
YBL026W	YPR082C
YHR199C	YMR308C
YAL021C	YIL038C
YFR024C-A	YMR253C
YBR097W	YBR128C
YLR258W	YOR178C
YDR346C	YGL207W
YHR009C	YHR135C
YDR150W	YER120W
YBL030C	YHR051W
YHR166C	YLR102C
YKR035W-A	YLR181C
YMR072W	YPR152C
YDR064W	YMR086W
YBL032W	YNL058C
YJL124C	YKL173W
YGR278W	YPR101W
YDR379W	YKR009C
YDR103W	YEL023C
YJL184W	YOR117W
YGR234W	YHR152W
YOL027C	YPL013C
YDR192C	YLR018C
YKL002W	YLR423C
YGL219C	YLL039C
YIL095W	YJL129C
YOL111C	YOR164C
YIL076W	YLR268W
YBL052C	YDR224C
YJL141C	YMR037C
YER139C	YJL141C
YBR023C	YJL099W
YDR054C	YNL236W
YDR254W	YNR062C
YNL215W	YOR244W
YGL120C	YNR053C
YOR005C	YOR272W
YCR093W	YJL141C
YDR481C	YHR181W
YDL047W	YPL152W
YDR247W	YLR384C
YDR100W	YLR393W
YDR127W	YER095W
YJR033C	YKL080W
YLR378C	YMR200W
YBL032W	YDL088C
YFR004W	YJR048W
YDL010W	YFL048C
YHR082C	YMR229C
YBL026W	YPR184W
YBR108W	YDR388W
YLR450W	YML013W
YFR034C	YNL015W
YKL161C	YNL053W
YDL051W	YPL243W
YDR394W	YGL048C
YHR135C	YMR275C
YDR099W	YOR257W
YGL091C	YHR135C
YGR104C	YPR056W
YDL210W	YLR292C
YER161C	YIR001C
YHR027C	YPL233W
YDR127W	YOR375C
YDR100W	YNL204C
YER029C	YGL120C
YLR447C	YOR047C
YNL084C	YOR181W
YIR010W	YMR072W
YDR110W	YDR510W
YIR010W	YJR121W
YGL066W	YOL148C
YDR238C	YPL004C
YBL007C	YNL176C
YFR034C	YPL049C
YDR388W	YLR096W
YER133W	YMR001C
YDR201W	YPR083W
YIL095W	YKL062W
YDL240W	YLR229C
YDL097C	YKL145W
YBL017C	YPL154C
YDR247W	YOR028C
YDR508C	YNL197C
YBL011W	YKL116C
YHR197W	YOR272W
YHR186C	YKL193C
YBR194W	YKL022C
YLL039C	YNL085W
YER177W	YGR097W
YER129W	YFR028C
YGR133W	YJL210W
YDR244W	YLR377C
YHR135C	YJR093C
YAL042W	YBR229C
YKL103C	YPR049C
YBL093C	YGR198W
YBL026W	YIL038C
YDR143C	YLR420W
YGR252W	YJR059W
YPR082C	YPR178W
YLR257W	YOR244W
YDR427W	YFR004W
YDR392W	YML007W
YBR041W	YDL193W
YER104W	YJL173C
YCL014W	YFR053C
YLL039C	YOR304W
YNR033W	YOR244W
YCR009C	YFR004W
YDL147W	YLL040C
YGL207W	YPR052C
YDL165W	YER068W
YBR080C	YLR268W
YKL196C	YLR093C
YDR510W	YJL074C
YDR334W	YJL081C
YCR091W	YDR173C
YER047C	YMR117C
YGL179C	YHL024W
YBR273C	YJL048C
YGL180W	YJL084C
YFR028C	YOR058C
YGR268C	YOR042W
YDL002C	YJL081C
YDR174W	YML015C
YDR129C	YLR330W
YLR295C	YPL141C
YKL196C	YLR268W
YJL192C	YPL058C
YDR007W	YLL039C
YGL120C	YNL132W
YCR079W	YLR192C
YCR077C	YPR129W
YLL039C	YNL217W
YDR381W	YDR475C
YPL012W	YPL220W
YGR207C	YLR265C
YDR159W	YER105C
YBL032W	YOR192C
YLR424W	YPR182W
YKL145W	YLR292C
YDR023W	YMR059W
YBL032W	YOR245C
YJR047C	YLR362W
YDR208W	YLR227C
YDR315C	YJR117W
YAR031W	YBR217W
YHR114W	YML002W
YML069W	YOL145C
YDR510W	YMR296C
YDL025C	YDL097C
YBL032W	YGL179C
YER161C	YNL183C
YHR108W	YJR125C
YBL032W	YDR223W
YKL141W	YLL039C
YBR146W	YPL013C
YFR004W	YMR276W
YGL206C	YLR330W
YEL015W	YJL164C
YHR058C	YOR151C
YHR008C	YNL295W
YJL025W	YML043C
YPL106C	YPR171W
YLR360W	YPR079W
YJL001W	YLL039C
YBL105C	YHR070W
YGL120C	YML056C
YIR010W	YNL118C
YER009W	YMR059W
YHR135C	YKR071C
YKR057W	YNL124W
YDR388W	YJL084C
YDL087C	YDR235W
YLL039C	YMR256C
YIR009W	YPL151C
YAL030W	YOR036W
YCR042C	YPR056W
YHR102W	YKL189W
YBR194W	YPR101W
YJR059W	YOL128C
YFR032C-A	YFR034C
YHR014W	YMR001C
YLL039C	YOL059W
YIL063C	YNL084C
YIL147C	YJR066W
YBL032W	YDR542W
YGL207W	YOL145C
YML007W	YMR308C
YFR031C-A	YJL190C
YHR030C	YIL113W
YLR022C	YPL211W
YKL124W	YLL039C
YIR010W	YNL085W
YER101C	YLL039C
YHR066W	YOR272W
YGR097W	YLR096W
YOR244W	YPL222W
YAR042W	YML069W
YLL039C	YLR133W
YJL053W	YJL187C
YKL193C	YML049C
YDR179W-A	YOR157C
YJL164C	YPL232W
YAL030W	YBR080C
YBL032W	YER045C
YBL032W	YKL028W
YNL251C	YOR151C
YDR510W	YPL028W
YJL124C	YLR362W
YJL164C	YPR171W
YGR103W	YNL230C
YNL046W	YNL197C
YJL183W	YLL039C
YBL007C	YDL002C
YLL039C	YOR036W
YDL159W	YDR103W
YDR258C	YMR176W
YCR028C	YJL004C
YKL154W	YML075C
YER133W	YGR237C
YER025W	YHR027C
YDR099W	YNL031C
YBL042C	YGR130C
YDL097C	YIL075C
YGR049W	YGR278W
YLR429W	YPR171W
YLR427W	YMR319C
YBR108W	YMR032W
YEL002C	YML048W
YLR096W	YNL027W
YGR126W	YNL293W
YDR343C	YKL203C
YFL039C	YGR240C
YGL048C	YGL207W
YGR192C	YLL039C
YCR093W	YIL075C
YGR185C	YNL306W
YBR058C	YBR112C
YAL035W	YFR004W
YDR150W	YPL269W
YLR429W	YMR086W
YDR311W	YER171W
YPR082C	YPR182W
YDR381W	YJL168C
YJR056C	YNL197C
YLR399C	YPL042C
YKL134C	YPL109C
YDL236W	YJR059W
YDR173C	YLR096W
YDR482C	YGR129W
YFR024C-A	YMR304W
YBL032W	YMR164C
YER013W	YKL173W
YBR083W	YLL039C
YBL032W	YNL241C
YFR004W	YKR002W
YBL032W	YOR198C
YGR084C	YNL132W
YDR510W	YLR221C
YGR184C	YJL141C
YBR102C	YGL233W
YDR150W	YNL271C
YBR136W	YDR499W
YAR066W	YBL032W
YPL059W	YPL106C
YHR114W	YMR313C
YJR060W	YMR094W
YBL014C	YBR160W
YBL092W	YDR064W
YBR221C	YER178W
YJR066W	YPL249C
YER133W	YFR003C
YJR093C	YKL059C
YBR045C	YMR001C
YBR194W	YCR077C
YCR009C	YFL039C
YLR259C	YML124C
YBR041W	YOR059C
YJL176C	YOR038C
YDR169C	YHR135C
YBR208C	YLL039C
YCR011C	YLL039C
YBL032W	YGR023W
YHR079C	YML037C
YAL053W	YBL032W
YIL095W	YMR053C
YBL032W	YDR425W
YDR293C	YPL004C
YGL206C	YJL084C
YAL028W	YHR135C
YER133W	YKL035W
YFR004W	YNL138W
YBR031W	YIL161W
YBL032W	YPL013C
YGL099W	YHL033C
YBR034C	YOL123W
YAL059W	YNR053C
YGL120C	YIL002C
YGR282C	YLL039C
YLL029W	YOR138C
YGL079W	YLR408C
YJR004C	YNL197C
YDL147W	YDR179C
YDL155W	YFR028C
YGL059W	YKL116C
YIL027C	YOR151C
YBR298C	YDR284C
YHR107C	YNL078W
YDL132W	YJR090C
YDR510W	YLR328W
YDL188C	YJR009C
YGR167W	YGR241C
YDR479C	YJL134W
YDL195W	YHR027C
YGL156W	YKL103C
YLR078C	YOR327C
YGR113W	YIR010W
YFR033C	YNL197C
YDR510W	YML028W
YFL039C	YOL108C
YGR278W	YPL151C
YDL100C	YOL018C
YJL052W	YJR009C
YFL039C	YNL243W
YIR010W	YNL302C
YBL032W	YDL247W
YKL127W	YLL039C
YBR036C	YLL039C
YCR077C	YER172C
YHR153C	YIL073C
YOL027C	YOR150W
YGR232W	YOR117W
YIL065C	YLR292C
YHL011C	YLL039C
YGL179C	YNL027W
YHL024W	YPR129W
YDR425W	YNL243W
YBR173C	YER094C
YDR045C	YKR025W
YLL039C	YOL126C
YDL095W	YMR083W
YGL059W	YHR157W
YER111C	YML069W
YBR006W	YKL023W
YDR126W	YEL002C
YDR284C	YGL006W
YML051W	YOL148C
YGR097W	YPR115W
YER171W	YIL143C
YDR128W	YJL173C
YDL075W	YJL190C
YDR471W	YPL090C
YFL039C	YML126C
YBR138C	YOR231W
YML105C	YOR196C
YCR073C	YHR157W
YDR159W	YDR432W
YLR196W	YPL012W
YKR024C	YNL175C
YAL041W	YNL007C
YHR027C	YML100W
YLL039C	YNR053C
YGL206C	YOR181W
YDL004W	YPL160W
YJL141C	YJL164C
YDR346C	YOR244W
YDL047W	YKL110C
YPL146C	YPL211W
YKL116C	YMR284W
YBR173C	YGL048C
YAL064W-B	YBL032W
YBL017C	YDR432W
YDR255C	YNL197C
YDR394W	YMR284W
YDR510W	YMR189W
YDL060W	YOL123W
YHR082C	YLR096W
YFR050C	YOR157C
YBR160W	YHL022C
YLR240W	YPL120W
YLL039C	YMR292W
YHR034C	YLR323C
YDR363W-A	YOR117W
YFR004W	YLR028C
YDR432W	YLR427W
YER114C	YPL049C
YDL100C	YHR057C
YBL105C	YPR154W
YFR004W	YGR135W
YBL007C	YKR022C
YEL013W	YKL196C
YDL113C	YDR100W
YAL032C	YJR005W
YKR054C	YOR326W
YPR056W	YPR086W
YDL028C	YLR381W
YFL039C	YJR065C
YDR381W	YIL161W
YER133W	YKR081C
YDR030C	YDR212W
YBR039W	YPR106W
YDL225W	YGR282C
YFL007W	YFR050C
YLR079W	YLR113W
YDR306C	YMR105C
YHR030C	YOL123W
YDL101C	YDL200C
YDR436W	YML016C
YER029C	YLR298C
YJL167W	YOR117W
YAL035W	YLR192C
YJL110C	YLR424W
YAL065C	YBL032W
YDR280W	YNL251C
YER133W	YLR028C
YFR004W	YOR220W
YLR268W	YOR164C
YGR158C	YOR076C
YDR099W	YER133W
YDL149W	YFR028C
YGL207W	YPR019W
YBR198C	YPR190C
YBL032W	YCR091W
YDL210W	YNL279W
YBR221C	YLR345W
YBL032W	YOR383C
YGR215W	YJR113C
YDL029W	YNL271C
YKR081C	YOR005C
YFR004W	YLR244C
YLL039C	YOR039W
YLR206W	YOL111C
YDR510W	YGR135W
YGR240C	YOR117W
YDR350C	YOL123W
YBL032W	YCR073C
YGL070C	YPL203W
YBR114W	YOR332W
YJR090C	YLL050C
YKL145W	YOR257W
YJL030W	YPR176C
YMR031C	YOR181W
YKL213C	YLL039C
YFL039C	YOR326W
YBL026W	YER172C
YER133W	YGR097W
YJL173C	YJR141W
YDR038C	YNL217W
YJL186W	YLL039C
YER105C	YIL115C
YBR036C	YPL076W
YGR167W	YOR181W
YJR093C	YML030W
YDL097C	YGL004C
YAL021C	YER068W
YBL032W	YNL194C
YDR427W	YHR027C
YCR082W	YLR315W
YDR176W	YDR208W
YHL002W	YLL039C
YFR024C-A	YJL151C
YGR185C	YOR117W
YDR023W	YKL116C
YBR135W	YJL187C
YLR423C	YOL034W
YER133W	YPR107C
YER133W	YFR028C
YGL004C	YHR027C
YHR027C	YMR001C
YAL032C	YLR423C
YJL164C	YMR165C
YBL032W	YLL019C
YGR240C	YJR090C
YFR004W	YHL011C
YDL147W	YPR040W
YGL035C	YGL179C
YDR398W	YMR246W
YDR388W	YGL070C
YMR139W	YOR326W
YBL017C	YBR207W
YLL023C	YLL039C
YGR130C	YMR117C
YJL164C	YPL203W
YDR196C	YJL194W
YCR106W	YMR094W
YCR077C	YPR082C
YHR135C	YLL039C
YHR195W	YOR065W
YDR238C	YIL106W
YOR001W	YOR326W
YAL041W	YGL233W
YKL189W	YPL049C
YJL187C	YPL236C
YDR259C	YLR423C
YBR036C	YHL003C
YER133W	YJL187C
YGR037C	YMR109W
YKL129C	YNL232W
YBL032W	YOR134W
YBR194W	YNL271C
YBL032W	YNL306W
YEL005C	YGL079W
YDL159W	YOL123W
YGR071C	YML069W
YGR224W	YHR152W
YFR003C	YGR252W
YBR198C	YLL039C
YHR027C	YPL160W
YDL165W	YPL037C
YLR396C	YMR291W
YMR109W	YNR035C
YFR004W	YJL190C
YJR045C	YOR347C
YDR517W	YNL049C
YHL002W	YPR171W
YDL047W	YMR024W
YDR394W	YMR276W
YDR346C	YHR135C
YOR155C	YPL070W
YAL042W	YDL147W
YBR095C	YDR510W
YMR289W	YOL083W
YGR278W	YNR011C
YBL023C	YPR019W
YAL041W	YJR066W
YDR159W	YER063W
YDL115C	YDR404C
YDL223C	YIL095W
YBR273C	YMR139W
YGR070W	YHR030C
YDL051W	YLR074C
YBL032W	YPL193W
YDR211W	YER025W
YFL048C	YLL039C
YER141W	YLL039C
YBL007C	YNL084C
YDL137W	YLL039C
YBR036C	YCL052C
YAL053W	YER100W
YGL120C	YLR074C
YHR023W	YNL272C
YAL016W	YLR191W
YCR091W	YDL153C
YFR004W	YKL145W
YIL027C	YML012W
YIL075C	YOL098C
YDL051W	YHR082C
YHL033C	YHR027C
YDR276C	YOR211C
YGR287C	YNR031C
YDR510W	YLR055C
YDL051W	YNL262W
YDL060W	YFR034C
YBR143C	YDR510W
YKR007W	YOR316C
YML020W	YNL197C
YJL164C	YLR192C
YFL009W	YLL039C
YBR050C	YER133W
YBR208C	YDL029W
YBL058W	YJL164C
YLL024C	YNL157W
YJR066W	YLR377C
YNL055C	YOR151C
YER079W	YLR096W
YMR308C	YOR117W
YAL029C	YML056C
YGL059W	YKL062W
YDR510W	YLR231C
YHR186C	YKL171W
YDL153C	YDL214C
YDR119W	YPR058W
YDR159W	YJL197W
YJR093C	YLR221C
YCR072C	YNL186W
YBR023C	YER039C
YJL140W	YJL164C
YAL032C	YLR424W
YBL043W	YPL018W
YMR128W	YOL010W
YKL203C	YOR181W
YDR510W	YNL078W
YIL007C	YKR055W
YJR092W	YPL242C
YNL048W	YPR028W
YBL007C	YGL035C
YFR004W	YOR157C
YDL232W	YGL022W
YBR146W	YJR113C
YDL161W	YDR379W
YLR430W	YNL251C
YDR412W	YJL189W
YNL222W	YPR086W
YDL101C	YML083C
YGR167W	YNL243W
YBR183W	YDL212W
YDR174W	YIR010W
YLL039C	YMR308C
YMR129W	YPL075W
YIL027C	YPL058C
YFR004W	YJL130C
YGR266W	YOR181W
YFR019W	YNL325C
YBL032W	YBR299W
YGL120C	YJL176C
YHR050W	YLL039C
YFR004W	YMR217W
YLR181C	YPR173C
YGR046W	YNL236W
YJR066W	YLR214W
YGR130C	YMR086W
YBL032W	YGR130C
YBL032W	YHL046C
YBR160W	YOR037W
YAL035W	YER142C
YFR028C	YMR176W
YAL027W	YCR028C-A
YGR180C	YHR027C
YBL032W	YLL049W
YBL058W	YBR114W
YFR004W	YLR447C
YDR175C	YGR215W
YLL039C	YNL044W
YKL116C	YML037C
YDR386W	YKL022C
YHR086W	YJR021C
YJL164C	YOR210W
YFR008W	YOR111W
YBR041W	YML008C
YDR099W	YPL110C
YDR388W	YML109W
YLL050C	YLR039C
YBL032W	YMR086W
YDR179C	YKL168C
YDL047W	YKL203C
YMR176W	YNL031C
YNL132W	YPR106W
YPL145C	YPL147W
YGL048C	YHR135C
YBR194W	YCR009C
YER041W	YHR027C
YBL092W	YDL075W
YBR160W	YDR223W
YDR510W	YGR103W
YHR135C	YIL010W
YLR018C	YMR129W
YJL140W	YOR210W
YHR186C	YNL118C
YDR293C	YGL180W
YCR073C	YLR006C
YGL003C	YPR120C
YLR378C	YML019W
YOL034W	YPL070W
YCL025C	YJR095W
YKL196C	YLR396C
YDR510W	YHL021C
YML016C	YOR181W
YHL033C	YPL220W
YNL048W	YPR128C
YDR510W	YLR295C
YHL024W	YJL187C
YLR178C	YNL009W
YDR369C	YOL108C
YDR244W	YJL210W
YFR034C	YML124C
YER094C	YFR028C
YJR039W	YMR021C
YDR103W	YLR362W
YHR030C	YKL203C
YFL007W	YLR074C
YLR096W	YNL049C
YHL022C	YHR157W
YJL130C	YLL039C
YBR208C	YNL177C
YLL039C	YLR066W
YKR081C	YLR074C
YAR042W	YNL197C
YDL030W	YIR009W
YIR010W	YLR153C
YDR508C	YLL039C
YLL008W	YNL175C
YDR412W	YHR197W
YAL053W	YOL105C
YOR117W	YOR317W
YDR381W	YIL149C
YBR135W	YDL155W
YER142C	YML056C
YJL012C	YPR154W
YGR232W	YMR121C
YHR193C	YLL039C
YBR081C	YCL010C
YLR266C	YPL018W
YLR377C	YPL180W
YFR028C	YNL001W
YJL074C	YMR129W
YER133W	YKL085W
YBL030C	YLR268W
YBL041W	YBR173C
YHR114W	YPL179W
YHR027C	YPR118W
YER051W	YNL031C
YBR217W	YDR127W
YLR115W	YNL222W
YDR510W	YIL031W
YIL095W	YNR006W
YJL183W	YLR026C
YDR247W	YKL093W
YEL041W	YJR049C
YKL154W	YPL264C
YBL032W	YKL043W
YBR156C	YDL239C
YFR029W	YGL180W
YDR179C	YLR259C
YDR480W	YHR016C
YEL030W	YIL095W
YBR160W	YLL039C
YJR066W	YLR116W
YDL028C	YMR117C
YFR043C	YPR029C
YMR139W	YPR106W
YDR224C	YGL066W
YBR041W	YLL039C
YKR039W	YLL039C
YDR280W	YOR001W
YBL032W	YNR044W
YBL007C	YIL002C
YOR210W	YPR111W
YLR231C	YMR083W
YBL007C	YGR268C
YGR185C	YHR027C
YFR004W	YPL211W
YBR080C	YFR004W
YIR010W	YKL052C
YDR510W	YGL250W
YHR030C	YNL007C
YDR510W	YOR198C
YDR466W	YLR228C
YMR308C	YOR213C
YLL039C	YLR352W
YKR101W	YPR018W
YCR042C	YKL059C
YER114C	YMR124W
YER177W	YPL110C
YDR342C	YOR181W
YLL039C	YNL243W
YGR186W	YJR017C
YML016C	YOR329C
YDL225W	YIR010W
YIR010W	YPL106C
YHR027C	YJR065C
YGL120C	YLR117C
YHR105W	YLR078C
YBL087C	YIR010W
YML117W	YPL178W
YIL034C	YNL138W
YDR369C	YMR224C
YBR068C	YDL212W
YLL039C	YPR079W
YLR074C	YNR053C
YGR275W	YNL133C
YDR132C	YFL009W
YBL007C	YBL088C
YBR171W	YPL094C
YBR069C	YLR044C
YHR024C	YHR120W
YGL154C	YOR128C
YDL179W	YGR275W
YJR066W	YPL180W
YHR114W	YOL018C
YDR120C	YHR079C
YCL047C	YKR022C
YLR245C	YPL070W
YCR028C-A	YPL004C
YGR191W	YJL012C
YDR295C	YGL086W
YNL197C	YPL125W
YBR207W	YLL039C
YKL196C	YLR078C
YGL086W	YJL030W
YER065C	YLL039C
YBR017C	YDR071C
YBL007C	YLL039C
YER095W	YPR011C
YHR088W	YOR267C
YFL023W	YMR219W
YJL124C	YPR082C
YBR160W	YER167W
YGL179C	YPR083W
YBR038W	YBR160W
YCR079W	YOR317W
YKL196C	YMR197C
YIR010W	YPL233W
YCL025C	YHL003C
YIL078W	YNL135C
YFL038C	YLR026C
YNL125C	YPL141C
YBL032W	YDR069C
YDR238C	YLR268W
YBL011W	YDL101C
YDR372C	YIL076W
YIR010W	YJR066W
YLL039C	YMR088C
YFL039C	YOR304C-A
YHR033W	YJR017C
YAL059W	YNL135C
YGL207W	YJL124C
YBL038W	YJL200C
YJL164C	YNL027W
YBL032W	YJR126C
YLR258W	YPR184W
YEL055C	YLL019C
YGL229C	YHR186C
YJR066W	YPR149W
YIL062C	YOR181W
YNR010W	YPL042C
YLR450W	YML075C
YDR206W	YOR047C
YHR135C	YLR257W
YCR093W	YGL048C
YAR007C	YKR001C
YDR122W	YJL164C
YLR113W	YOL123W
YBL058W	YDR295C
YAL017W	YER133W
YLL049W	YPL174C
YDR254W	YDR318W
YHL027W	YJL056C
YGL120C	YPR101W
YDL101C	YMR031C
YLR074C	YNL175C
YCR079W	YNL071W
YDR050C	YPR152C
YBR031W	YDL018C
YBL032W	YJL187C
YMR032W	YNL078W
YJL172W	YLL039C
YDL197C	YDR510W
YOR046C	YPL140C
YIL034C	YNR035C
YER025W	YIR010W
YNL157W	YOR267C
YCR077C	YNL118C
YDR064W	YIR010W
YMR270C	YPL018W
YDR372C	YFR004W
YDL101C	YMR086W
YDR106W	YMR294W
YHR152W	YNL138W
YBL047C	YPL141C
YHL033C	YLR115W
YAL035W	YLL039C
YAL043C	YER133W
YDR381W	YLR429W
YBL032W	YDR038C
YBR006W	YOR089C
YGR209C	YIL107C
YBR097W	YLR360W
YCL008C	YPL084W
YLR429W	YNL031C
YEL009C	YGL058W
YDR239C	YHR135C
YHR027C	YHR107C
YBL032W	YPL076W
YLR268W	YOR007C
YAL035W	YGR102C
YJL060W	YPL004C
YMR276W	YOR042W
YJR042W	YLR208W
YER166W	YIL068C
YBR286W	YDR510W
YJR088C	YLL039C
YDR477W	YPR115W
YGR080W	YOR181W
YBR123C	YPL007C
YDL140C	YPR025C
YBL032W	YNL032W
YJL187C	YPR152C
YDR247W	YFR028C
YLL039C	YNL098C
YHR166C	YKL145W
YOR083W	YOR244W
YBR236C	YOR151C
YBL032W	YKR075C
YDR108W	YMR218C
YDR510W	YOR317W
YGL207W	YHR035W
YDR510W	YHR193C
YFR031C-A	YPL220W
YDR510W	YJL076W
YDL216C	YDR179C
YDL029W	YOR261C
YMR155W	YPL141C
YBL078C	YNL223W
YDR264C	YKR007W
YDR439W	YHR135C
YBR031W	YPL090C
YLL039C	YLR216C
YBR236C	YDL140C
YBL030C	YHR001W-A
YDR064W	YPL012W
YMR022W	YMR264W
YDR349C	YLR430W
YDR103W	YLL039C
YIR010W	YLR315W
YFL050C	YGL059W
YKL209C	YLL039C
YBR146W	YPL118W
YHR172W	YMR001C
YGR295C	YPR192W
YFR008W	YKR025W
YNL222W	YPR107C
YCR093W	YGR134W
YDR247W	YJR130C
YBR160W	YDR212W
YDR343C	YER171W
YBR017C	YNL016W
YBL032W	YGL180W
YLR018C	YNL197C
YER147C	YMR229C
YCR028C-A	YNL197C
YHR030C	YHR082C
YIL078W	YOR001W
YLR089C	YLR259C
YDR099W	YLL039C
YJR117W	YML016C
YFR004W	YOR046C
YJR056C	YJR059W
YLR238W	YMR319C
YIL107C	YJR059W
YHR105W	YML038C
YGR192C	YPR129W
YLL024C	YPR171W
YBL017C	YJR125C
YAL053W	YLR330W
YBL032W	YKR067W
YBR280C	YNL141W
YBR143C	YER161C
YBL032W	YDR159W
YBR098W	YFR024C-A
YFR034C	YPR086W
YJL082W	YLL039C
YDR099W	YMR031C
YBR214W	YJL124C
YIR010W	YNR053C
YML109W	YNL271C
YDR164C	YGL233W
YER167W	YLR096W
YBL032W	YOL060C
YBR072W	YMR083W
YEL002C	YJR117W
YCR024C	YNL243W
YBR034C	YFR004W
YBR081C	YOL148C
YER056C-A	YIR010W
YKL203C	YLL039C
YFL040W	YLR214W
YGL179C	YPR115W
YDL223C	YMR001C
YDR390C	YKR002W
YHR079C	YNR047W
YCR077C	YNR027W
YDR498C	YOR075W
YER133W	YMR311C
YER178W	YHR027C
YDR334W	YKR072C
YBR140C	YOL081W
YNL053W	YNL197C
YLR285W	YOR244W
YGR130C	YLL039C
YDL193W	YOR185C
YDL003W	YGR098C
YBR160W	YLR006C
YBL058W	YBL078C
YJL130C	YLR106C
YGL058W	YLR015W
YGL116W	YJL013C
YDL144C	YKR025W
YMR128W	YMR229C
YGL181W	YIL122W
YCR073C	YHL020C
Q0130	YJR045C
YLR196W	YMR109W
YHR166C	YKL022C
YFL039C	YHR023W
YJL222W	YOR085W
YDR392W	YNL175C
YPR129W	YPR184W
YAL041W	YDR379W
YBL007C	YNL144C
YGL003C	YMR308C
YDR174W	YHL002W
YGL056C	YNL197C
YCR009C	YOR181W
YDR464W	YDR510W
YGR158C	YLR345W
YDL140C	YPR056W
YDR176W	YGL066W
YOR145C	YPL012W
YER172C	YPR152C
YBR194W	YGR148C
YDR443C	YJL187C
YER177W	YLR310C
YHR079C	YJL051W
YKL052C	YNR031C
YBL032W	YKL020C
YKR081C	YLL039C
YDL028C	YIL072W
YDL113C	YLR315W
YML007W	YOR194C
YCR093W	YDL149W
YGL099W	YPL169C
YIL057C	YLL039C
YGR071C	YLR373C
YGL180W	YOL123W
YHR172W	YIL149C
YDR510W	YKL043W
YAL059W	YPR152C
YLL039C	YOR074C
YDR510W	YLL024C
YFR028C	YJL194W
YNL197C	YPL049C
YBR031W	YER177W
YER070W	YHR027C
YFR034C	YPR043W
YFR004W	YOR332W
YER087W	YOL128C
YLL039C	YPR149W
YHL011C	YMR139W
YGR126W	YLL039C
YER013W	YGL120C
YPL141C	YPR128C
YGR223C	YIL034C
YGL030W	YIL125W
YBL032W	YBR043C
YER021W	YOR117W
YBR123C	YLR423C
YDR381W	YKR095W
YFR036W	YIR025W
YBL032W	YML051W
YCR073W-A	YLR028C
YIR010W	YOR151C
YDR207C	YMR139W
YDR412W	YML024W
YFR004W	YJR045C
YER013W	YGR278W
YIL046W	YLL039C
YDR150W	YDR201W
YDR381W	YJL084C
YER103W	YGL130W
YDR477W	YPL146C
YCR042C	YMR219W
YDL132W	YDR054C
YDL195W	YPR043W
YDR460W	YER171W
YHR193C	YPL037C
YAL032C	YPR023C
YER133W	YJL190C
YDR129C	YKL085W
YGR103W	YOR267C
YDR510W	YOL123W
YBL032W	YIR041W
YIL075C	YPL233W
YER062C	YHR027C
YBR081C	YGL120C
YBL056W	YBR097W
YFL039C	YIR010W
YAL041W	YBL032W
YGL180W	YKL121W
YER070W	YER133W
YIL007C	YKR022C
YBL032W	YMR287C
YJL187C	YJR092W
YBL093C	YHR147C
YFR053C	YLR231C
YCR009C	YCR088W
YAR007C	YBR137W
YAL016W	YHR027C
YNL236W	YNR010W
YBR155W	YGL180W
YDR054C	YJL047C
YBR023C	YLR170C
YHL025W	YKR001C
YDR016C	YIR010W
YDL029W	YDL047W
YER133W	YJL042W
YCR079W	YDL214C
YKR022C	YPL160W
YML028W	YPL106C
YDR235W	YLR298C
YJL164C	YPR152C
YDL100C	YOL126C
YCR093W	YNL025C
YGR054W	YLL039C
YFR004W	YOL058W
YBR173C	YFL007W
YNR033W	YPR154W
YBR114W	YLL039C
YFR028C	YKR101W
YDR394W	YNL055C
YBL007C	YMR313C
YGR275W	YLR033W
YMR236W	YPL011C
YJL164C	YOR347C
YFR017C	YJL164C
YDL060W	YPL146C
YBL032W	YNR013C
YDL101C	YJL076W
YBR108W	YJL164C
YJR005W	YOL062C
YGR104C	YJL140W
YHR027C	YJR117W
YLL039C	YNL272C
YMR139W	YOL059W
YDL100C	YKL080W
YFR004W	YLR378C
YDR388W	YNL176C
YDL164C	YDR054C
YDL110C	YNL197C
YFR004W	YPR148C
YBL038W	YLR399C
YJL016W	YNL197C
YLR238W	YML123C
YJL187C	YKL181W
YFR004W	YOR065W
YFL026W	YKL178C
YBR160W	YLR430W
YFR004W	YGL048C
YCR009C	YDR388W
YBL078C	YOL083W
YDR381W	YPR107C
YHR186C	YKR097W
YDR034C	YGR113W
YLL039C	YMR121C
YDR179C	YJR121W
YBL032W	YPR184W
YBR198C	YDR392W
YGL206C	YNL243W
YGR203W	YKL171W
YLR216C	YOR117W
YLR234W	YPL024W
YHR152W	YPL174C
YJL124C	YJR143C
YDR232W	YLL039C
YJL164C	YLR258W
YFR004W	YPR088C
YDR071C	YDR510W
YCL040W	YFR034C
YAL034C	YBR198C
YOL115W	YPL146C
YER171W	YGL048C
YDL088C	YDR192C
YBR160W	YOR104W
YIL038C	YIR010W
YKL080W	YMR059W
YDR224C	YMR308C
YGR209C	YLL039C
YBR017C	YDR224C
YBR217W	YOR086C
YJL214W	YML048W
YER068W	YFR004W
YDL019C	YMR109W
YGL206C	YLR206W
YHR061C	YLR229C
YDR099W	YGL003C
YDR085C	YER114C
YDR436W	YKR072C
YDL225W	YNL078W
YDR525W-A	YLL039C
YGR268C	YPL049C
YDL140C	YOR267C
YDR482C	YPL151C
YDR388W	YIL147C
YER098W	YJL164C
YHR084W	YLR310C
YJR031C	YLL039C
YKL015W	YML051W
YER087W	YNL183C
YDL160C	YER035W
YGR156W	YLR115W
YJL187C	YOR141C
YJL029C	YKR002W
YJL218W	YPL070W
YJR059W	YPR040W
YBR050C	YDR099W
YHR107C	YLL039C
YHR135C	YKL146W
YDR212W	YGR198W
YDR394W	YJL157C
YPL106C	YPL137C
YDL101C	YDR264C
YFR034C	YLR344W
YJR066W	YLR403W
YDR238C	YHR027C
YGL030W	YKL067W
YBL032W	YDR096W
YFR031C-A	YIR010W
YGL179C	YMR081C
YGR148C	YLL039C
YHR135C	YMR226C
YFL039C	YNR031C
YLL039C	YNL239W
YJL164C	YKL206C
YDL097C	YGL048C
YLL039C	YPL220W
YDR477W	YOL136C
YDR206W	YHR030C
YER090W	YFR004W
YBL032W	YDR482C
YFR004W	YOL059W
YJR059W	YNR019W
YDR011W	YPL058C
YDR247W	YOL010W
YBR038W	YPR106W
YJL085W	YPR055W
YGR185C	YPL013C
YBR160W	YOR001W
YHR030C	YJR066W
YDL214C	YML037C
YHR092C	YLR292C
YGL137W	YKL204W
YIL107C	YPL203W
YBR083W	YDR224C
YJL012C	YLL039C
YGR252W	YOL148C
YIL076W	YLR429W
YFL038C	YGL198W
YFR028C	YJL076W
YFR004W	YNL239W
YHR066W	YLL008W
YHR027C	YOR369C
YAL017W	YLR258W
YAL028W	YHR082C
YJL056C	YNL197C
YDR143C	YPL012W
YDR477W	YNR013C
YDL095W	YJR009C
YDL076C	YNL097C
YBR270C	YLR423C
YGL210W	YNL272C
YBR058C	YLL039C
YDR244W	YGR133W
YBR217W	YDR394W
YDL002C	YNL059C
YBR194W	YDR432W
YKL140W	YNL001W
YIL143C	YLL039C
YJR066W	YLR108C
YIL075C	YMR191W
YHL002W	YMR275C
YGL104C	YPL270W
YGL251C	YPL151C
YLR399C	YNL031C
YBL007C	YIL076W
YDR266C	YIR010W
YKR027W	YLR330W
YPL243W	YPR088C
YDL077C	YOR089C
YDL140C	YNL222W
YDR272W	YLR043C
YDR259C	YGL181W
YBL056W	YLL039C
YDR091C	YNL260C
YDR466W	YER139C
YDL195W	YNL197C
YFR004W	YMR092C
YJR117W	YNL048W
YFR004W	YOR007C
YDR381W	YNL175C
YDR162C	YOL070C
YHR186C	YKL119C
YDL054C	YGL051W
YJR042W	YLR293C
YLR310C	YMR275C
YLR274W	YPR019W
YIR025W	YKL022C
YER166W	YLR330W
YBL032W	YLR079W
YDR039C	YNL197C
YLR191W	YPL049C
YJL090C	YLR135W
YDL212W	YIL027C
YLR258W	YOR244W
YER029C	YIR009W
YJL164C	YJR001W
YDL139C	YGL059W
YCR024C	YJL124C
YJR059W	YOL130W
YFR004W	YPL004C
YBL032W	YLR120C
YBR160W	YPR111W
YFR004W	YML070W
YBL014C	YCR024C
YCR077C	YJL140W
YGR135W	YJL164C
YEL015W	YGR116W
YML075C	YPL264C
YBR112C	YJL168C
YDL160C	YER068W
YCR073W-A	YJR059W
YBL026W	YLR120C
YGR234W	YPL106C
YDL155W	YLR079W
YFR033C	YPL141C
YBR155W	YCL014W
YER111C	YER167W
YDL210W	YDL212W
YBR098W	YBR160W
YDL239C	YDR201W
YOR001W	YOR145C
YEL005C	YEL013W
YNL197C	YOR085W
Q0130	YPL078C
YML049C	YPR082C
YBR119W	YDL087C
YJR059W	YKL094W
YDL115C	YJL140W
YCR077C	YHR166C
YAL032C	YLR117C
YGL206C	YHR108W
YFR034C	YGL078C
YDR174W	YIL076W
YDL204W	YHR007C
YFR004W	YJR064W
YBR282W	YOL027C
YGL086W	YGL116W
YCR079W	YKL085W
YJL164C	YNR013C
YDR394W	YPR152C
YBR081C	YNL031C
YLL039C	YNL268W
YLR119W	YMR077C
YJR034W	YNL236W
YBL026W	YJL140W
YCR063W	YDR482C
YBL032W	YJR004C
YBR272C	YHR027C
YDR381W	YIL115C
YDR456W	YKR050W
YMR257C	YNR045W
YLL039C	YOR065W
YJL130C	YLR216C
YKL145W	YLR378C
YBL032W	YLR117C
YHR082C	YLR221C
YJR005W	YLR116W
YBR199W	YDR384C
YDR174W	YML024W
YAR007C	YER095W
YDR510W	YOL145C
YGR282C	YIR010W
YDL025C	YGR240C
YDL087C	YER029C
YDR381W	YIL038C
YDR372C	YLR149C
YCR091W	YIL135C
YIR010W	YNL197C
YGR103W	YNR053C
YBL023C	YPR120C
YHR171W	YNR007C
YGL229C	YJL030W
YDR510W	YLR115W
YDR143C	YPL106C
YBL045C	YFR033C
YOR036W	YPL151C
YCR093W	YDL165W
YBR114W	YDR453C
YDR423C	YIR037W
YDL025C	YML048W
YKR052C	YNL197C
YDR432W	YMR001C
YDR023W	YKL171W
YDR381W	YKL023W
YBR108W	YJR059W
YGL181W	YNL124W
YLR019W	YMR246W
YNL168C	YPL037C
YDR381W	YHR127W
YJL164C	YKR068C
YDR436W	YKL088W
YAL028W	YOL034W
YEL013W	YNL168C
YNL098C	YPL076W
YJL048C	YLR423C
YJL110C	YLL039C
YER133W	YLR259C
YNL333W	YNL334C
YBL030C	YDL067C
YER011W	YPL178W
YJL164C	YOL070C
YJL144W	YNL197C
YJR095W	YPL141C
YGL130W	YOL145C
YLL050C	YLR074C
YER133W	YLR109W
YMR069W	YNL241C
YMR072W	YNL037C
YDR159W	YIL095W
YDL047W	YNL025C
YCR088W	YPL004C
YBL038W	YKL167C
YJL187C	YPR082C
YBL032W	YPL269W
YBR194W	YPL231W
YJL187C	YMR165C
YFR004W	YHR074W
YDL028C	YPL124W
YBR102C	YLR423C
YJR044C	YJR059W
YBR231C	YMR001C
YBR270C	YPL124W
YDR192C	YNL049C
YBL041W	YGR135W
YMR022W	YNR031C
YCR087C-A	YDL060W
YHR082C	YMR155W
YER136W	YNL304W
YER161C	YHR166C
YKL193C	YPL179W
YBL032W	YLR390W
YHR030C	YNL085W
YDR404C	YJL140W
YDR510W	YPL154C
YGL207W	YOR101W
YBR102C	YBR160W
YJL085W	YKR055W
YKL154W	YPL076W
YKL047W	YLL039C
YMR229C	YNL175C
YLL024C	YOR117W
YDL002C	YHR082C
YKR031C	YNL118C
YDR175C	YGR084C
YBL032W	YML076C
YDR088C	YER172C
YGL179C	YMR165C
YBR114W	YDR510W
YDR477W	YKR009C
YFR004W	YNL098C
YBR102C	YDR027C
YJL141C	YLR270W
YBR057C	YPL135W
YAL043C	YGR156W
YNL067W	YPL004C
YBR194W	YML056C
YBR194W	YKL173W
YFR031C-A	YPL090C
YBR194W	YGL030W
YDL047W	YKR028W
YCR091W	YHR082C
YER035W	YNL118C
YAL029C	YBR081C
YBL093C	YNL236W
YDR477W	YER177W
YLL039C	YLR019W
YDR510W	YML016C
YDR170C	YDR238C
YGL059W	YKL093W
YGL137W	YIL076W
YDR096W	YMR219W
YDL019C	YDR381W
YBR031W	YEL015W
YGL035C	YLR096W
YJR059W	YPL079W
YJL176C	YML007W
YDR419W	YLL039C
YHR025W	YOR117W
YDL140C	YNR010W
YCR051W	YLL039C
YCR009C	YOL098C
YGL116W	YKL085W
YDL060W	YMR315W
YCL014W	YJL164C
YFR028C	YLR019W
YDR456W	YPR079W
YNL031C	YOR244W
YHR127W	YPL169C
YBL030C	YHR082C
YGL005C	YNL051W
YNL031C	YPL181W
YGR254W	YLL039C
YDR196C	YHR135C
YPL076W	YPL264C
YBR160W	YLR079W
YHL033C	YPL090C
YFL039C	YOR244W
YHR135C	YIL107C
YER039C	YPL264C
YDR141C	YMR010W
YAL032C	YMR176W
YGL229C	YJL013C
YDR388W	YPL181W
YER021W	YKL126W
YDR156W	YOR210W
YBL032W	YHR198C
YDR122W	YLR310C
YIR010W	YLR344W
YIR010W	YOR132W
YDR293C	YGL137W
YLR417W	YMR077C
YHR097C	YMR001C
YBL007C	YML109W
YDR280W	YGR158C
YDR510W	YJR024C
YBR135W	YLR079W
YDR174W	YER116C
YMR072W	YOR058C
YKL052C	YMR077C
YDR143C	YLR229C
YLL039C	YLR370C
YNL098C	YOR101W
YHL002W	YOR124C
YDL159W	YDR206W
YBR210W	YLL039C
YKL057C	YMR153W
YLL039C	YNL029C
YLR378C	YML012W
YBR156C	YDR016C
YCR077C	YMR117C
YGR104C	YNL025C
YDL115C	YDL140C
YDL146W	YHR016C
YDR363W-A	YOR261C
YHL019C	YLR170C
YJR125C	YMR197C
YDR330W	YLL039C
YKR071C	YPL141C
YKR081C	YPL220W
YDR460W	YPR025C
YJL140W	YPL203W
YGL166W	YKR011C
YGR097W	YNL197C
YDR318W	YMR117C
YBR231C	YFL039C
YGL051W	YGR295C
YJR059W	YKL168C
YDR108W	YKR068C
YLR268W	YOR327C
YJR059W	YMR102C
YDR006C	YER177W
YFL039C	YNL157W
YBL093C	YKL129C
YML049C	YPR182W
YBL056W	YDR076W
YJR121W	YML124C
YIR037W	YLL039C
YBL104C	YLR096W
YHL002W	YKL213C
YER133W	YLR096W
YFR031C-A	YGL030W
YDR146C	YPR086W
YDR146C	YGL207W
YFR004W	YGL137W
YDR388W	YJL085W
YJL168C	YOR151C
YAL017W	YML037C
YFR004W	YOR261C
YDR359C	YFL039C
YDR398W	YKR092C
YAL027W	YDR381W
YLR055C	YLR113W
YHR082C	YNL007C
YLR002C	YPL211W
YGR129W	YNR011C
YDR071C	YGR234W
YBL026W	YOR167C
YDR477W	YLR003C
YBR016W	YGL120C
YGR278W	YLR117C
YBR160W	YML109W
YJR009C	YPL106C
YGL030W	YGR103W
YBR135W	YER021W
YGR209C	YML028W
YDR510W	YOL059W
YIL095W	YLR251W
YCL039W	YDL225W
YHR135C	YLR429W
YLR315W	YPR083W
YDR069C	YPL084W
YBL032W	YLR026C
YDR054C	YJL157C
YDL161W	YHR016C
YJL187C	YML037C
YBL032W	YNL012W
YML083C	YOR231W
YBR151W	YHR082C
YBR272C	YER021W
YCR073C	YDR179C
YBR217W	YGR240C
YLR429W	YOR145C
YDL159W	YPL124W
YGL180W	YKR092C
YFL050C	YGL180W
YDR381W	YLR170C
YBR083W	YER109C
YOR244W	YPR049C
YFL023W	YOR231W
YJL081C	YNL215W
YLR044C	YOR117W
YDR372C	YLL039C
YBL026W	YDL097C
YGR240C	YLR259C
YDL140C	YLR113W
YMR016C	YMR037C
YGR206W	YLR119W
YBR194W	YDR394W
YJR004C	YPL141C
YGL093W	YPL233W
YER070W	YFR004W
YHR135C	YLR293C
YJL187C	YMR304W
YBR069C	YGL051W
YJR059W	YKL121W
YKL129C	YNL084C
YLR113W	YOR039W
YDR311W	YLR423C
YFR028C	YNL116W
YOL078W	YOR181W
YDL204W	YLL039C
YBR231C	YLR399C
YER075C	YMR229C
YAL009W	YMR165C
YGR278W	YML049C
YCL033C	YKL103C
YDL054C	YLL039C
YBL038W	YOR150W
YJR006W	YJR043C
YLR006C	YMR022W
YDR176W	YLR055C
YCR077C	YNR053C
YGL180W	YKL146W
YDR477W	YHR073W
YGR241C	YJR059W
YJL164C	YKL127W
YAL028W	YOR267C
YHR010W	YMR229C
YDL047W	YLR310C
YJL141C	YKR001C
YGR241C	YIL095W
YNL016W	YNL251C
YAL053W	YLL039C
YHR110W	YML048W
YNL215W	YOR141C
YJR059W	YMR153W
YHR027C	YJL130C
YKL145W	YMR314W
YDR363W	YPR164W
YDR480W	YKL161C
YGL180W	YPR019W
YEL040W	YKL203C
YDR510W	YNR023W
YBR160W	YMR129W
YIR010W	YMR236W
YHR114W	YMR109W
YKL020C	YLR233C
YGL004C	YKL145W
YDL140C	YGR104C
YGR186W	YPL203W
YDL132W	YOL025W
YJL164C	YML037C
YDR479C	YLR268W
YEL015W	YJL124C
YJL118W	YKL093W
YIR010W	YOL123W
YGL066W	YMR236W
YAL017W	YDR293C
YDR381W	YGL166W
YHR158C	YOR047C
YDL059C	YFL045C
YFR004W	YJR017C
YBL087C	YER103W
YER177W	YGL003C
YFR004W	YPR037C
YGL210W	YKL116C
YLR383W	YML056C
YDR363W	YJL047C
YPL078C	YPR020W
YDL160C	YPL160W
YDL146W	YFR024C-A
YGR130C	YPL094C
YDR164C	YPR055W
YHR006W	YJR090C
YBR052C	YDR497C
YDR128W	YPL258C
YDR100W	YIL027C
YHR027C	YLR293C
YHR135C	YOR141C
YDL140C	YPL042C
YKL189W	YOR353C
YIR010W	YPR052C
YLR190W	YMR117C
YHR207C	YJR059W
YER161C	YPL016W
YFR004W	YML008C
YHR014W	YHR135C
YGR197C	YOR327C
YDR064W	YOL040C
YKL154W	YLR378C
YBR160W	YMR291W
YHR008C	YML127W
YHR082C	YLR257W
YDL230W	YFR028C
YLR423C	YML043C
YMR032W	YPL140C
YLR026C	YOR327C
YKL015W	YNL197C
YDR284C	YDR479C
YBR207W	YPR079W
YCR072C	YHR197W
YHR082C	YKL146W
YGR285C	YLR406C
YGL059W	YIL042C
YIL038C	YNL197C
YGR294W	YHL018W
YAL027W	YIL095W
YBL007C	YBR108W
YGL055W	YLL039C
YNR010W	YPR086W
YOR213C	YPR018W
YBR298C	YDR276C
YFR004W	YGR054W
YAR007C	YDR224C
YGL059W	YNL117W
YBR093C	YJL176C
YDR284C	YPL094C
YDL200C	YLR109W
YBL032W	YMR070W
YDR510W	YOR316C
YGR106C	YLR447C
YMR275C	YPL140C
YAL059W	YMR308C
YKL154W	YLL023C
YHR082C	YPL177C
YBL032W	YOL059W
YHR135C	YPR152C
YLL050C	YOR181W
YOR257W	YPL180W
YDL088C	YMR153W
YOL111C	YPL174C
YBR069C	YHR114W
YDL139C	YPR154W
YGL208W	YGR231C
YLL039C	YML008C
YBL026W	YMR066W
YCR037C	YHR136C
YBR135W	YDR099W
YDR175C	YLR074C
YDL077C	YGL210W
YJL052W	YLL039C
YIL075C	YJL164C
YJL140W	YNL251C
YDR280W	YJR125C
YGL180W	YOR083W
YBL032W	YJL016W
YDR359C	YML007W
YDL097C	YOR261C
YGL197W	YMR117C
YJR042W	YMR209C
YFR028C	YKL150W
YBL032W	YNL230C
YDR477W	YKL193C
YIL078W	YMR059W
YDR224C	YML069W
YBL007C	YIL095W
YDR334W	YFL039C
YFR004W	YGL157W
YFR028C	YNL078W
YDR510W	YGL066W
YBR208C	YBR221C
YBL011W	YGL180W
YDR459C	YJL012C
YDR479C	YOR377W
YBL007C	YOR329C
YCR028C-A	YIR002C
YBR094W	YEL015W
YDL002C	YDL076C
YDL225W	YDR510W
YDR100W	YOR109W
YDR432W	YOL145C
YLL039C	YOL109W
YDL140C	YDR293C
YFR024C-A	YHR082C
YDR238C	YGL051W
YFL026W	YNL217W
YJL187C	YOR257W
YBR217W	YLR059C
YDR386W	YDR388W
YDR179C	YER090W
YER063W	YMR308C
YGR180C	YLR437C
YGL070C	YOR151C
YBR143C	YLR429W
YHR030C	YOR231W
YLL008W	YMR229C
YDL053C	YPR106W
YLR268W	YNL279W
YCR088W	YDR129C
YBR031W	YOR117W
YCR091W	YDL002C
YBL032W	YPL141C
YBR168W	YER021W
YDR166C	YIL068C
YFL045C	YOR117W
YCL008C	YJL172W
YHR058C	YIL027C
YBL074C	YKL173W
YLR426W	YPL151C
YBR031W	YJL187C
YBL032W	YML113W
YHR123W	YNL130C
YBL032W	YFL068W
YGR234W	YGR252W
YHR082C	YMR053C
YAL032C	YNR011C
YLL039C	YMR099C
YLR015W	YNL031C
YIL095W	YNL084C
YGR254W	YJL030W
YGL197W	YPL203W
YER172C	YPR178W
YGL127C	YLR423C
YLR043C	YOR117W
YHR146W	YMR297W
YFR004W	YJL167W
YKR081C	YLR002C
YDR381W	YER013W
YDL140C	YPL203W
YBR069C	YHR110W
YBR173C	YDL147W
YDR432W	YPR152C
YBL032W	YOR076C
YJL164C	YJR049C
YBR194W	YJL130C
YKL103C	YOR332W
YBR278W	YNL262W
YDR409W	YML032C
YFR024C-A	YNL176C
YCL025C	YLR343W
YFR024C-A	YHR016C
YDR159W	YKL057C
YLR096W	YPL106C
YGL048C	YIL075C
YDR170C	YLR330W
YBR160W	YJL060W
YKL217W	YLL039C
YBL078C	YLR450W
YBR102C	YDR166C
YGR231C	YJL183W
YDR168W	YHR107C
YGL059W	YHR117W
YDR285W	YDR510W
YDR510W	YIL036W
YNL197C	YNL326C
YNL104C	YPR106W
YJR066W	YNL183C
YDL028C	YNL007C
YAL032C	YLR345W
YBR112C	YGL035C
YBL032W	YLR419W
YGL059W	YNL186W
YGR161C	YKR028W
YER004W	YOR249C
YGR209C	YLR039C
YBL032W	YGL025C
YDR388W	YOL098C
YNL008C	YNL260C
YKL196C	YPL232W
YBR126C	YDR247W
YDR264C	YHR135C
YIL095W	YNL271C
YBR221C	YDR069C
YHR027C	YOR046C
YBL032W	YDL195W
YKL214C	YMR308C
YDR224C	YIR010W
YJL025W	YMR270C
YGR103W	YLR002C
YGR037C	YHL002W
YDR334W	YLR399C
YDR436W	YMR311C
YAL015C	YDL029W
YBL032W	YDR055W
YBR183W	YLR018C
YBL037W	YBL105C
YFR024C-A	YHR135C
YDL232W	YOR085W
YBR108W	YHR135C
YML056C	YNL124W
YDL140C	YMR276W
YDL212W	YML016C
YGR023W	YNL237W
YBR068C	YML012W
YFL048C	YPR003C
YBR057C	YLL040C
YDR122W	YGR249W
YDR107C	YLL039C
YBR194W	YDR379W
YDL060W	YOR198C
YDR143C	YLL039C
YAL028W	YHR079C
YDR142C	YIL068C
YDR293C	YFR004W
YLL039C	YOR151C
YNL177C	YOL027C
YDR346C	YDR479C
YBL078C	YLR295C
YDR099W	YPL231W
YDR016C	YKR037C
YDL095W	YDR174W
YFR004W	YPR086W
YFR021W	YHR070W
YDR016C	YGL025C
YDR108W	YIL078W
YCR028C-A	YIL038C
YMR308C	YOR185C
YFR004W	YKL126W
YKL121W	YPL203W
YAL016W	YDR482C
YCR106W	YDR222W
YMR246W	YOL126C
YDR244W	YDR329C
YDL223C	YJL164C
YDR034W-B	YDR264C
YJL084C	YKR039W
YDL053C	YLR362W
YDR510W	YPL224C
YAL029C	YOR181W
YAL043C	YKL059C
YMR228W	YOR348C
YJR009C	YPL003W
YER075C	YMR319C
YHR030C	YKL181W
YLL050C	YOR117W
YJR093C	YNL092W
YGL179C	YOR141C
YCR009C	YPL249C
YGR116W	YPL203W
YBR160W	YHR159W
YBR217W	YHR076W
YAL032C	YNL271C
YAL032C	YDL001W
YBR049C	YDR110W
YDR129C	YLR429W
YFR028C	YNL271C
YFR004W	YOR375C
YBR263W	YIR010W
YDL095W	YLR429W
YBR095C	YPL181W
YJR090C	YNL055C
YHR027C	YPL028W
YDR427W	YGR232W
YOL108C	YPL211W
YDR254W	YPL018W
YKL022C	YLR127C
YKR081C	YLR233C
YBL032W	YPR151C
YBR160W	YNL271C
YDR247W	YDR439W
YGR240C	YHR102W
YGL179C	YKR009C
YDL025C	YHR135C
YER169W	YNL031C
YLR018C	YNL279W
YLL024C	YLL029W
YDR412W	YJL190C
YFR004W	YMR191W
YHR135C	YJL207C
YCR072C	YGL120C
YLL024C	YPL233W
YLL039C	YML048W
YFR004W	YPL028W
YBR194W	YKR029C
YJL164C	YKL146W
YBL032W	YBL112C
YGR024C	YPL110C
YAL017W	YKL168C
YBL032W	YPR106W
YBL032W	YIL130W
YDR166C	YJL085W
YBL032W	YHR135C
YIL041W	YLR026C
YER054C	YML016C
YDR388W	YLL039C
YLR315W	YNL097C
YDR392W	YPL181W
YOR304W	YPL016W
YJL124C	YLR003C
YJL140W	YJL168C
YLL024C	YPL167C
YDL001W	YDL133W
YDR510W	YHR134W
YHR048W	YNL197C
YGL070C	YKL028W
YJL081C	YOR141C
YBR126C	YMR261C
YDR106W	YLL049W
YJL124C	YMR056C
YML012W	YNL130C
YJL157C	YNR031C
YJR017C	YLR106C
YCR028C-A	YNL339C
YHR082C	YLR131C
YFL026W	YIL068C
YAL017W	YJL110C
YER126C	YGL029W
YLL039C	YOR375C
YAL027W	YDR388W
YMR165C	YPL141C
YBR017C	YDR192C
YDR143C	YGR282C
YGR134W	YHR193C
YBR198C	YPL011C
YDL028C	YMR139W
YAL032C	YBR114W
YBL058W	YDR466W
YBR126C	YHR027C
YBR298C	YNL008C
YDR381W	YLR430W
YAL019W	YDL147W
YJL076W	YNL124W
YKL171W	YPL180W
YDL188C	YPL003W
YDR363W	YDR510W
YGL004C	YIL075C
YBL032W	YFL067W
YJL141C	YPL203W
YBL032W	YKL203C
YJR064W	YNL212W
YKL088W	YML016C
YHR114W	YLR423C
YMR308C	YOL108C
YJL176C	YNL031C
YKR009C	YLL039C
YCR024C-A	YJL004C
YDL137W	YHR188C
YGL004C	YOR261C
YER136W	YGL210W
YGR113W	YMR117C
YDL140C	YDR510W
YML007W	YML028W
YDR510W	YOR028C
YNL053W	YOR257W
YHL019C	YPR029C
YBL105C	YGR254W
YDR150W	YJL074C
YDL239C	YPL049C
YDR471W	YHR027C
YDR164C	YPL232W
YIL143C	YPR056W
YBR137W	YOR164C
YKR002W	YPR107C
YOL145C	YOR039W
YIL047C	YLR039C
YDR063W	YJR065C
YHR016C	YMR313C
YER095W	YLR394W
YNL197C	YOR129C
YDL140C	YGR116W
YHR007C	YHR123W
YBR160W	YJR059W
YBR212W	YNL016W
YJL025W	YNL197C
YLL039C	YMR053C
YHR066W	YPL211W
YGL249W	YLR394W
YKL005C	YNL031C
YDR346C	YGL180W
YLR044C	YNL272C
YLR467W	YPL042C
YAL017W	YDR099W
YGL180W	YMR229C
YHR007C	YML016C
YHR105W	YJR059W
YGL127C	YHR058C
YDR460W	YIL143C
YJL187C	YNL197C
YKR081C	YNL175C
YER009W	YOL128C
YBR039W	YHR197W
YDR497C	YMR010W
YML025C	YOL027C
YDR208W	YHR135C
YLL039C	YOL063C
YKL103C	YLL039C
YFL038C	YLL039C
YDR314C	YDR388W
YHR074W	YLL039C
YCR073W-A	YLR257W
YDR244W	YER056C-A
YDL212W	YGR295C
YGR106C	YPR036W
YBR194W	YGR130C
YBR194W	YMR315W
YCR082W	YDR016C
YDR234W	YPL048W
YKL196C	YOR036W
YDL020C	YOR117W
YDR480W	YKL189W
YDR510W	YLR406C
YMR128W	YPR152C
YDR120C	YJL164C
YLL039C	YPL174C
YDR164C	YOR327C
YDR381W	YKR024C
YER095W	YLR259C
YBR136W	YBR143C
YBR160W	YLR219W
YML037C	YNL092W
YBL038W	YJL176C
YHR135C	YMR102C
YBR164C	YFR004W
YDR394W	YGR232W
YDL076C	YPL181W
YLR221C	YNL104C
YDR176W	YDR392W
YLL039C	YPR026W
YDR443C	YHR067W
YDR372C	YGL137W
YLL039C	YLR417W
YER103W	YGL206C
YDR064W	YFR031C-A
YER048C	YFR004W
YNL032W	YNL056W
YDR258C	YGR240C
YKL189W	YLR423C
YJR059W	YKL062W
YER120W	YHL020C
YBR270C	YFR050C
YFL045C	YJL130C
YER177W	YOR117W
YBR164C	YNL297C
YER139C	YJL140W
YCL025C	YPR020W
YHR088W	YPL211W
YDL214C	YDR439W
YBL032W	YML016C
YLL039C	YML012W
YEL060C	YNL186W
YDR247W	YIL107C
YDL188C	YHR075C
YDR259C	YLR447C
YDL079C	YPR019W
YER013W	YGR129W
YMR308C	YOL115W
YLR265C	YMR284W
YJL151C	YKR007W
YGR184C	YKL145W
YHR007C	YIR037W
YER021W	YKL145W
YHR058C	YNR010W
YDR343C	YJR017C
YLR310C	YNL098C
YLL024C	YMR027W
YKR072C	YPL141C
YBR135W	YLL050C
YDR244W	YLR284C
YHR108W	YOR109W
YMR139W	YOL128C
YAL039C	YHR082C
YOL126C	YOR347C
YGL078C	YIR010W
YDR510W	YFL039C
YFR028C	YGR097W
YIL107C	YLR089C
YGR166W	YNL197C
YDL051W	YJL164C
YER161C	YHL025W
YBL032W	YBR214W
YGR268C	YHR016C
YDL095W	YPL004C
YDL147W	YMR314W
YGL087C	YMR323W
YFR004W	YOR198C
YDR394W	YMR308C
YJL013C	YNL236W
YGL048C	YGR184C
YDR170C	YER166W
YGR275W	YML127W
YBL032W	YMR148W
YMR236W	YNL221C
YLL019C	YPL012W
YDR311W	YOR046C
YMR092C	YNL138W
YBL007C	YOR047C
YER103W	YLL024C
YDR258C	YGL197W
YAL016W	YML024W
YIR010W	YMR302C
YDR159W	YMR153W
YKL103C	YMR218C
YHR084W	YMR308C
YJL004C	YNL044W
YJL187C	YLR231C
YDL060W	YML024W
YIL095W	YOR329C
YLR191W	YPL084W
YHR135C	YKR092C
YBL032W	YDR043C
YLL039C	YML024W
YMR139W	YNL272C
YGR135W	YKL206C
YDR446W	YDR510W
YDR256C	YPL070W
YBR119W	YDR432W
YJL164C	YNL186W
YER013W	YER172C
YHR082C	YML083C
YIL122W	YKL161C
YKR025W	YOR210W
YHR027C	YMR109W
YDL054C	YMR013C
YDR363W-A	YGL048C
YBL032W	YPL075W
YDR510W	YFR032C-A
YJR059W	YKL093W
YDL214C	YML083C
YDR510W	YJR092W
YCR082W	YGR252W
YLL040C	YOR181W
YFR004W	YMR246W
YLR293C	YOR185C
YDR027C	YJR066W
YBR128C	YLR240W
YGL093W	YIL150C
YBL041W	YFR004W
YBL087C	YHR084W
YLL039C	YLR173W
YMR070W	YOL109W
YGR240C	YLL039C
YNL016W	YPL119C
YDL029W	YLL039C
YDR106W	YPL174C
YLL024C	YNL004W
YDL188C	YPL152W
YDR381W	YHR066W
YBL007C	YML016C
YDR354W	YLL039C
YER111C	YPL160W
YBR198C	YGL066W
YNL283C	YOL105C
YMR229C	YNL124W
YAL035W	YBR031W
YGL004C	YGL048C
YBR198C	YIR010W
YOR046C	YOR117W
YFR028C	YML013W
YKL116C	YLR015W
YDR482C	YKL173W
YIR010W	YPR139C
YFR004W	YGL004C
YCL009C	YGL116W
YDR050C	YDR510W
YGL179C	YIL107C
YLR081W	YOR181W
YGL059W	YOR113W
YFL023W	YPL141C
YDL147W	YDR363W-A
YBR146W	YNL081C
YDR510W	YNL103W
YFR004W	YKL117W
YBR095C	YPR023C
YGR148C	YHL033C
YDL100C	YNL055C
YIL043C	YLL039C
YDR387C	YLR292C
YHR138C	YNL197C
YER062C	YER171W
YDR099W	YDR490C
YCR028C	YGL051W
YGR251W	YNL186W
YMR308C	YOR020C
YBL037W	YKL103C
YBR039W	YOL087C
YDR099W	YOR326W
YBL026W	YNL016W
YBL045C	YGL137W
YJL076W	YKL193C
YKL067W	YMR059W
YBL023C	YIR008C
YLL039C	YNR040W
YDR201W	YIR010W
YBR083W	YHR084W
YBL017C	YLR310C
YHR096C	YPL058C
YBL032W	YIL104C
YLL039C	YOR124C
YJL189W	YKL168C
YLL005C	YML075C
YFR021W	YLL039C
YBL078C	YHR171W
YJL190C	YML024W
YEL009C	YFL009W
YDR264C	YPL242C
YFR024C-A	YOR109W
YCR077C	YPR152C
YBL032W	YIL055C
YBL032W	YGL146C
YNL067W	YPR152C
YFR050C	YGR135W
YJL097W	YPL094C
YJL164C	YKR009C
YDR498C	YLR268W
YDR388W	YMR287C
YGL207W	YLR399C
YDL097C	YHR027C
YDR206W	YPR106W
YKL171W	YMR053C
YHR027C	YML008C
YGL099W	YHR010W
YDR432W	YGR116W
YBL032W	YIR001C
YER070W	YGR180C
YJL207C	YPR029C
YBR112C	YFR004W
YDR091C	YHR135C
YDR381W	YMR128W
YER172C	YPR182W
YLR429W	YOR124C
YJR001W	YLL039C
YLR429W	YOR326W
YNL007C	YNL124W
YDR039C	YPR201W
YLR007W	YOL034W
YML049C	YPR178W
YBL032W	YHR008C
YBR044C	YKL141W
YGR113W	YJR060W
YCL010C	YML007W
YGL180W	YHR117W
YDL097C	YHR030C
YGR275W	YHL025W
YDL165W	YPR112C
YML015C	YMR077C
YAL029C	YBR119W
YHR082C	YKR024C
YGL210W	YLR096W
YLL039C	YMR282C
YOR005C	YPL110C
YBL032W	YGL021W
YBR140C	YNL098C
YIL095W	YNL186W
YBR086C	YDR510W
YDR099W	YKL168C
YJL045W	YLL039C
YLR233C	YNL132W
YBR212W	YDR099W
YER068W	YNL197C
YCL034W	YHR016C
YGR232W	YIL075C
YLL023C	YMR129W
YIR010W	YPL004C
YLR127C	YOR249C
YHL017W	YHR188C
YBR295W	YLL039C
YDR129C	YIL034C
YJR066W	YOL126C
YIL107C	YJL164C
YKL196C	YOL018C
YGL137W	YNL007C
YHR152W	YPR118W
YAR007C	YMR072W
YIL062C	YNR035C
YBR183W	YFL048C
YGR135W	YKR095W
YMR264W	YPL076W
YBL032W	YDR254W
YDR293C	YGL059W
YLR274W	YMR192W
YDR394W	YER171W
YDL236W	YLL039C
YDR176W	YPL047W
YLL039C	YML126C
YDL076C	YDR207C
YGL180W	YKL093W
YFR034C	YLR362W
YBL032W	YGR237C
YDR471W	YMR031C
YLR268W	YNL237W
YFR024C-A	YGR268C
YBL032W	YIL034C
YLR096W	YLR345W
YBL032W	YLR403W
TS(AGA)D3	YDR023W
YDL087C	YER172C
YIR025W	YOR249C
YGL066W	YPL011C
YDL053C	YMR123W
YBR081C	YPR025C
YKR081C	YLL008W
YBL007C	YLL005C
YDR412W	YOR234C
YDL053C	YFL007W
YDR258C	YGL048C
YBR194W	YGR282C
YMR217W	YOR117W
YBR072W	YMR236W
YJL176C	YPR152C
YKL129C	YNL271C
YER133W	YNR034W
YFR034C	YLR259C
YAL015C	YDL059C
YDL165W	YIL038C
YMR306W	YPR128C
YDL053C	YNL157W
YLL024C	YNL124W
YHR027C	YPL231W
YDL153C	YGL180W
YLL039C	YLR026C
YGL179C	YHR073W
YGL207W	YKL028W
YDR381W	YLR002C
YBR160W	YKL168C
YDL239C	YDR176W
YFR034C	YKL204W
YIL106W	YMR276W
YGL051W	YGL137W
YFR004W	YHR025W
YGR135W	YMR314W
YDR343C	YLR019W
YBL026W	YCR093W
YDL025C	YDR477W
YFR017C	YJR059W
YOR332W	YPR036W
YMR284W	YPL078C
YLL039C	YPL145C
YHR132C	YLL039C
YBL032W	YJL042W
YBL032W	YPL072W
YAL029C	YLR429W
YDL019C	YHR082C
YDR412W	YMR121C
YHR158C	YOR269W
YER126C	YPL211W
YDL060W	YGR054W
YLL039C	YPL036W
YEL002C	YLR378C
YAL028W	YMR139W
YDR146C	YFL009W
YCL039W	YGL227W
YDR284C	YEL013W
YBL032W	YLR459W
YOR185C	YPL125W
YDR275W	YER021W
YHR007C	YKR050W
YDR069C	YEL041W
YJR009C	YPR164W
YJL164C	YNL157W
YGR103W	YPL211W
YJR059W	YMR099C
YDL150W	YDR045C
YBR231C	YJL081C
YGR104C	YPR086W
YER134C	YOR244W
YAL030W	YLL039C
YDR510W	YGR280C
YMR086W	YOR181W
YIL166C	YKL217W
YGL137W	YHR027C
YFL039C	YNL059C
YHR082C	YIL078W
YEL002C	YOR085W
YLR447C	YOR181W
YGR184C	YML051W
YGL130W	YOL078W
YAL027W	YLR044C
YGL181W	YHR016C
YBR173C	YMR037C
YDR388W	YPR055W
YDR174W	YDR176W
YDR027C	YJL029C
YDR119W	YLL039C
YGR275W	YPL016W
YBL032W	YGL129C
YDL193W	YLR293C
YBL030C	YGR254W
YGR130C	YGR192C
YDR022C	YGL180W
YJR059W	YKL146W
YEL009C	YHL025W
YJL004C	YML038C
YIR010W	YOR369C
YLR074C	YLR196W
YJL190C	YLL039C
YJL164C	YKL193C
YMR059W	YPL004C
YLR026C	YLR078C
YHR007C	YPL145C
YBL047C	YDR192C
YLR096W	YLR191W
YLR074C	YLR106C
YAL032C	YDR482C
YDR311W	YDR460W
YLL039C	YMR296C
YGL129C	YJR136C
YDR247W	YGR097W
YBR036C	YNL044W
YDR369C	YLR109W
YGR104C	YPR052C
YER068W	YGR134W
YDR388W	YKR011C
YGL070C	YOR210W
YLR043C	YLR231C
YDR175C	YOL027C
YJL030W	YLR044C
YER021W	YOR261C
YJR045C	YNL157W
YFR004W	YJR009C
YLL039C	YOR231W
YMR112C	YNL236W
YDR264C	YKL178C
YBL032W	YDR432W
YFR004W	YKR001C
YJL124C	YOR326W
YCR028C-A	YOR113W
YBL032W	YJL029C
YDR206W	YLR362W
YDL029W	YFR004W
YHR117W	YHR135C
YGL197W	YLR377C
YDL075W	YPL090C
YHR166C	YLR127C
YCR033W	YPR152C
YIL041W	YLL039C
YGR135W	YOR157C
YBR135W	YPR120C
YLR258W	YOL128C
YKL181W	YOR231W
YHR082C	YMR165C
YDR011W	YKL203C
YLL039C	YMR192W
YBR160W	YHR158C
YDR234W	YHR082C
YKL002W	YKR035W-A
YER090W	YJL060W
YDL101C	YDR030C
YDR023W	YKR071C
YDL140C	YOL018C
YDR204W	YOL096C
YBR143C	YDR091C
YHR088W	YLR002C
YGL079W	YJL187C
YFR029W	YOR014W
YBL023C	YLR274W
YGL248W	YHR135C
YDR398W	YEL055C
YBR160W	YDR239C
YKL206C	YOR157C
YJR059W	YOR257W
YDL059C	YKL127W
YBR108W	YHR082C
YDR264C	YMR197C
YAL031C	YBL032W
YCR002C	YIR010W
YHR079C	YLR361C
YDR510W	YJL187C
YDL160C	YPR178W
YBR229C	YML067C
YBR031W	YNL055C
YER013W	YLR116W
YBL032W	YCL042W
YGR106C	YOR244W
YBR155W	YDR463W
YHR030C	YNL037C
YBL023C	YIL150C
YBL093C	YPL042C
YGR021W	YOR231W
YBR198C	YPL047W
YBR069C	YFR024C-A
YDR510W	YGR192C
YOR117W	YPL231W
YHR016C	YJL194W
YJR059W	YJR130C
YBR080C	YDR363W-A
YBL026W	YPL249C
YAL009W	YGL059W
YNL183C	YPL180W
YDL210W	YML048W
YOR198C	YPL042C
YBR160W	YLR238W
YBR031W	YDL075W
YBL032W	YLR393W
YLL039C	YML016C
YFR004W	YNR053C
YBR052C	YNL283C
YLR429W	YOR181W
YDL088C	YMR129W
YJR093C	YPR107C
YBL032W	YNR006W
YLR106C	YML124C
YDL203C	YLR096W
YGL180W	YGL207W
YER124C	YOR212W
YHL033C	YHR197W
YHR135C	YPL169C
YLR274W	YMR109W
YDR518W	YHR113W
YDL095W	YDR129C
YGL137W	YLR370C
YGL207W	YGR097W
YPL264C	YPR028W
YGR158C	YJL124C
YHR082C	YOR196C
YDR266C	YDR510W
YLL050C	YMR092C
YKL015W	YLL010C
YFL039C	YMR072W
YDR259C	YNL092W
YPL106C	YPR045C
YHR061C	YML109W
YER103W	YLL039C
YIL038C	YLR044C
YJL004C	YPL264C
YKR065C	YLL039C
YLL008W	YOR267C
YHR117W	YJL164C
YBL032W	YGL209W
YMR229C	YNL132W
YHL021C	YOR210W
YKL103C	YLR450W
YDR176W	YOL148C
YGR037C	YML086C
YEL064C	YLL039C
YGR295C	YHR007C
YIR010W	YJL173C
YJR001W	YKL116C
YBL032W	YJR044C
YDR343C	YKL193C
YCR079W	YGL070C
YDR178W	YOR065W
YML012W	YML124C
YER045C	YMR308C
YDR075W	YHR084W
YCR002C	YHR107C
YCR063W	YPR152C
YBR238C	YDR510W
YMR229C	YPR152C
YLR216C	YOR220W
YDR169C	YGL180W
YDR443C	YHR058C
YDL160C	YNL016W
YFR034C	YGR148C
YIL062C	YNL138W
YER029C	YLR117C
YHL021C	YJL140W
YDL160C	YFR004W
YGR186W	YOR210W
YGL116W	YPL140C
YER133W	YNL262W
YML037C	YPL141C
YBR160W	YMR165C
YFL045C	YFR004W
YBL032W	YNL283C
YDR412W	YGR103W
YGR103W	YHR066W
YKL193C	YLR430W
YBL078C	YKL103C
YDL028C	YKL023W
YDR477W	YLL024C
YKL085W	YPL111W
YBR272C	YDR427W
YDR404C	YOR210W
YDR466W	YGR021W
YHR135C	YPL146C
YBR160W	YJL194W
YDR122W	YIL107C
YER105C	YPL004C
YBR194W	YLR117C
YGR185C	YLL029W
YHR016C	YLR206W
YIR010W	YPL180W
YFR004W	YKL103C
YHL033C	YLR074C
YHR114W	YOR059C
YDR085C	YER133W
YBR039W	YGR104C
YJR117W	YML123C
YNL156C	YNL197C
YNL304W	YOR326W
YGL086W	YLR423C
YIL146C	YPR049C
YFL039C	YLR429W
YGR103W	YNL182C
YKR001C	YPL016W
YBL032W	YKL160W
YCL025C	YDL232W
YGL206C	YGR234W
YML069W	YPR171W
YDL132W	YDR306C
YLR370C	YOR181W
YHR135C	YKL160W
YGR117C	YNL236W
YDR510W	YOL058W
YML028W	YOR117W
YHR107C	YMR198W
YHR197W	YNL182C
YDR388W	YIL039W
YDL105W	YPL146C
YAL021C	YDR252W
YGR103W	YMR229C
YHR152W	YML007W
YGR104C	YOR151C
YKR055W	YOL128C
YER126C	YGL120C
YGR240C	YIL106W
YBR108W	YFR024C-A
YFR004W	YHR107C
YIL106W	YKL080W
YHL021C	YJR059W
YKL161C	YMR037C
YGR252W	YKL062W
YDR477W	YGR256W
YKL067W	YPL090C
YIL149C	YMR284W
YBL032W	YOR178C
YDR388W	YGR268C
YDR318W	YJR060W
YHR123W	YPL094C
YDR122W	YMR124W
YDR206W	YIL106W
YFL023W	YKL168C
YDL025C	YDL183C
YDL095W	YGR184C
YAL043C	YJR093C
YDL140C	YNL025C
YGL048C	YPL004C
YDR211W	YNL124W
YBL032W	YER054C
YFL048C	YML012W
YLL039C	YOR035C
YDL188C	YMR314W
YDL140C	YJL140W
YLR403W	YPR190C
YJL164C	YMR210W
YBL078C	YHR135C
YER120W	YLL039C
YDR174W	YIL013C
YLL049W	YNR069C
YDL047W	YPL049C
YKL213C	YML013W
YHR147C	YML025C
YDR477W	YMR165C
YGL181W	YLL024C
YDR064W	YGL120C
YDR443C	YLL039C
YBL032W	YDR126W
YJR110W	YOR151C
YDL002C	YGL133W
YJR059W	YLL029W
YDR394W	YOR117W
YDR390C	YDR510W
YGL180W	YKL114C
YBR221C	YMR308C
YER172C	YML049C
YBR183W	YML067C
YJL194W	YNL197C
YHR074W	YLR216C
YBR198C	YOL148C
YHR066W	YNL122C
YDR453C	YJL141C
YDR477W	YMR037C
YFL023W	YNL135C
YDL100C	YIL065C
YDR159W	YLR208W
YBR136W	YJL090C
YFL039C	YHR152W
YDR404C	YGR186W
YHL002W	YPR115W
YDL214C	YJR103W
YJL124C	YNL032W
YLR119W	YMR032W
YGL233W	YOR357C
YIR009W	YPR182W
YNL008C	YNL083W
YCR073W-A	YDR122W
YDL029W	YPR019W
YBL064C	YHR082C
YHR016C	YNL084C
YER095W	YML032C
YCR098C	YHR110W
YMR129W	YMR153W
YBR053C	YLR310C
YDR129C	YIL062C
YGR103W	YNL175C
YDR280W	YDR381W
YJL164C	YLR022C
YBL014C	YMR236W
YIR010W	YPL018W
YDR510W	YNR035C
YFR024C-A	YNR031C
YBL032W	YER111C
YHR010W	YNL124W
YGL180W	YGR021W
YDL025C	YJR129C
YJL217W	YPR118W
YGL120C	YLR005W
YBR052C	YGL056C
YGR240C	YPR152C
YMR224C	YOR005C
YMR024W	YOL027C
YBL017C	YOR181W
YDR508C	YMR279C
YFR028C	YMR270C
YHR079C	YOR181W
YGR252W	YNL236W
YEL015W	YIL046W
YJL030W	YOR283W
YDR064W	YKL067W
YBL007C	YGL181W
YGL055W	YHR007C
YLR109W	YMR059W
YLR229C	YPL242C
YBL011W	YHR135C
YJR117W	YNR019W
YGL179C	YKR071C
YDR212W	YPL180W
YGR157W	YHR007C
YJL124C	YPL084W
YIR010W	YJL176C
YLR424W	YPL151C
YML069W	YPR019W
YBL032W	YKL190W
YHR152W	YLR109W
YDR159W	YPL178W
YJR059W	YKR041W
YER133W	YJR093C
YLR323C	YNR011C
YLR119W	YLR417W
YGL197W	YLR310C
YGR135W	YHR027C
YDL193W	YLL039C
YLR427W	YML056C
YGL207W	YOR244W
YNR043W	YOR117W
YFR004W	YJR065C
YDR368W	YHR027C
YGL048C	YOR261C
YDR174W	YMR229C
YLL039C	YOR354C
YBR228W	YLR028C
YGL180W	YNL165W
YPR025C	YPR056W
YNL031C	YNL097C
YIL062C	YJR065C
YNL197C	YOL036W
YFR004W	YNL007C
YDR198C	YOR005C
YLL024C	YNL197C
YAL035W	YGL030W
YDR293C	YLR286C
YDR388W	YMR308C
YBR053C	YPL141C
YGL229C	YOR062C
YDL149W	YPR049C
YBL032W	YHL023C
YBL010C	YKL193C
YGL180W	YHL013C
YJL141C	YMR304W
YDR129C	YLL039C
YJL164C	YLR345W
YBL032W	YOL155C
YDR432W	YPL169C
YJL062W	YKL146W
YDR336W	YDR510W
YCL043C	YIR037W
YGL161C	YLL039C
YDR510W	YPR190C
YGL059W	YGR285C
YAL035W	YJL190C
YDL155W	YOR210W
YBL032W	YOR328W
YIR022W	YLL039C
YGL059W	YJL070C
YDR388W	YFR024C-A
YBL032W	YDL037C
YGR113W	YGR161C
YER133W	YHR010W
YDR050C	YFR004W
YJL164C	YMR304W
YLL039C	YPR154W
YDR192C	YGR192C
YDR129C	YKL126W
YHR027C	YKL080W
YJL164C	YMR099C
YMR004W	YOR132W
YDR369C	YJL167W
YMR105C	YOR090C
YDR462W	YMR024W
YIR010W	YKL204W
YDR295C	YLR131C
YGL180W	YNR019W
YGL129C	YPL118W
YGL104C	YJR117W
YGL116W	YPL203W
YBL032W	YJL158C
YDR005C	YPR190C
YBL032W	YML025C
YDL075W	YDR471W
YDR293C	YJR059W
YJL210W	YMR026C
YDR510W	YGR252W
YDL147W	YLL039C
YJR065C	YMR109W
YDR439W	YFR028C
YDR477W	YFR034C
YFL021W	YIR010W
YDL004W	YPL078C
YOR244W	YPR152C
YER048C	YOR181W
YML048W	YPL264C
YEL023C	YOR269W
YBR119W	YDR110W
YIL147C	YLR006C
YJL187C	YOR023C
YDR212W	YIR010W
YHR007C	YML008C
YDR212W	YPL049C
YLL039C	YLR001C
YDR129C	YKL203C
YDR023W	YHR135C
YER171W	YPR025C
YDR381W	YOR166C
YDR381W	YIR008C
YGL206C	YJR125C
YDL059C	YMR105C
YML117W	YPR106W
YBR031W	YDR412W
YBR160W	YDL239C
YDR088C	YLR117C
YGR143W	YLL039C
YJL097W	YPR071W
YJR064W	YOR212W
YGR156W	YNL222W
YJL164C	YMR182C
YDR131C	YHR197W
YDL028C	YIR010W
YGR275W	YPR043W
YJR059W	YLR362W
YHR135C	YLR109W
YDR192C	YIL115C
YCL025C	YJR117W
YLL039C	YNR035C
YAL017W	YER054C
YJL141C	YNL230C
YIL122W	YNL197C
YER054C	YPR184W
YJL141C	YJR017C
YBR160W	YER111C
YCR073W-A	YHR135C
YJR142W	YPL141C
YDR169C	YGL179C
YGL161C	YGL198W
YBR126C	YMR139W
YDL060W	YNL098C
YLR423C	YMR059W
YKL080W	YLR447C
YFR004W	YLR270W
YDR038C	YLL039C
YHL002W	YKR009C
YIL135C	YML016C
YDR490C	YJR059W
YFR004W	YPL106C
YGR207C	YNR058W
YDL047W	YFR021W
YAL035W	YIR010W
YGR101W	YOR211C
YEL060C	YPL140C
YHR108W	YLL039C
YER021W	YJL084C
YDR176W	YEL009C
YCR021C	YDR497C
YER029C	YPL151C
YJL164C	YMR081C
YKR097W	YML086C
YDL087C	YHR086W
YLL039C	YMR027W
YKL203C	YPR149W
YGL116W	YPL106C
YBR111C	YFR004W
YNL243W	YOR329C
YGR037C	YLR310C
YJL030W	YKL204W
YHR030C	YPL140C
YDL146W	YHR114W
YAL016W	YDR162C
YDL147W	YMR191W
YER065C	YLR270W
YAL016W	YOR014W
YJR060W	YOR304W
YJR059W	YMR291W
YGR247W	YOR327C
YDL197C	YMR128W
YDR510W	YGR256W
YCL036W	YDR388W
YER114C	YER124C
YBL032W	YNL116W
YHR135C	YNL027W
YDL159W	YIR010W
YJL141C	YLR241W
YJL164C	YLR310C
YJR059W	YLR301W
YJL052W	YLR135W
YHR082C	YLR258W
YGL233W	YPR055W
YHR102W	YLR113W
YGL116W	YKL022C
YDL030W	YPL018W
YJL084C	YJL164C
YBL032W	YLR310C
YBR049C	YIR010W
YBL032W	YDR077W
YDR159W	YPL047W
YDR540C	YGL180W
YCR011C	YPR079W
YLR106C	YOR151C
YAL041W	YJL187C
YBL007C	YPL141C
YJL029C	YOL018C
YBL041W	YOR157C
YGL030W	YOR117W
YIL143C	YMR105C
YBL032W	YPL156C
YCR002C	YDL225W
YOL027C	YPR100W
YBR017C	YLR293C
YAL035W	YLR427W
YHR082C	YPL094C
YDL160C	YDR170C
YGL078C	YLL039C
YDR443C	YNR010W
YDL195W	YLR208W
YBL032W	YJL097W
YOL145C	YOR326W
YFR004W	YOR369C
YGR280C	YKR092C
YDR482C	YKR022C
YBR162C	YDR238C
YFR004W	YLR259C
YDR174W	YHR193C
YBL022C	YGR132C
YBR194W	YIL022W
YKL173W	YLR424W
YEL015W	YMR109W
YBR080C	YKL196C
YDL164C	YOR378W
YBR057C	YNL197C
YDL030W	YPR178W
YGL005C	YGL223C
YIR010W	YML123C
YML043C	YNL197C
YHR105W	YJL164C
YBL036C	YDR342C
YBL032W	YBL047C
YFL039C	YNL136W
YBR017C	YJL130C
YDR023W	YPL141C
YER116C	YMR072W
YHR066W	YHR088W
YGR232W	YKL145W
YDL230W	YJL187C
YKR054C	YML124C
YML017W	YPL119C
YIR010W	YKR001C
YIR010W	YOR375C
YBL032W	YNL009W
YGR080W	YIL034C
YGR192C	YMR109W
YBL106C	YBR102C
YIL010W	YKL117W
YBL026W	YDR404C
YJR059W	YML037C
YGL137W	YIL143C
YGL110C	YKR023W
YBL032W	YDL048C
YFR004W	YOR117W
YCR042C	YPL042C
YFR004W	YHL033C
YJL190C	YML126C
YDL239C	YPL070W
YPL106C	YPR129W
YNL197C	YOL128C
YDR032C	YOR014W
YBL092W	YHR197W
YBL032W	YGR161C
YHR086W	YPL178W
YFR050C	YMR314W
YGR180C	YHR082C
YDR412W	YKL214C
YBL032W	YNL325C
YBL032W	YOR090C
YDR022C	YLR423C
YGL180W	YLR323C
YDL004W	YHR082C
YDR120C	YDR477W
YBR155W	YGR234W
YDR394W	YLR306W
YAL021C	YDL165W
YBR039W	YMR059W
YFR004W	YPR028W
YPL174C	YPL253C
YLR384C	YMR236W
YDL021W	YLL039C
YHR079C	YNR006W
YBL026W	YCR077C
YLR093C	YMR197C
YGR130C	YJL164C
YDR224C	YOR304W
YMR041C	YOL128C
YLR343W	YPL076W
YLL010C	YLR019W
YKL173W	YPR178W
YGL168W	YJL164C
YBR034C	YDR432W
YLL024C	YPR129W
YBL032W	YGL056C
YBL058W	YJR098C
YIL095W	YNL243W
YDR054C	YJL194W
YBR031W	YOR272W
YBL032W	YML083C
YFR004W	YOR293W
YDL159W	YGR240C
YJR121W	YPR152C
YHL013C	YHR135C
YHR108W	YPR029C
YDR146C	YGR104C
YIR002C	YLR383W
YBL007C	YOR181W
YOR181W	YPL145C
YDL149W	YLR431C
YLR055C	YPL047W
YLR381W	YPL233W
YER139C	YPL203W
YBL032W	YPR154W
YLL019C	YMR229C
YBL014C	YNL197C
YFR004W	YMR109W
YJL164C	YLR301W
YBL092W	YFR032C-A
YHR135C	YPL258C
YIL106W	YOL123W
YBR112C	YPL181W
YKL146W	YLR246W
YDR412W	YNL067W
YGL030W	YIR010W
YAL029C	YLL039C
YMR105C	YNR035C
YJL187C	YLR096W
YAR007C	YDR499W
YDR085C	YPL242C
YDL160C	YJL124C
YBR052C	YDR032C
YEL015W	YNL118C
YIR009W	YKR099W
YDL003W	YER147C
YDR459C	YNL048W
YGR252W	YPL137C
YFR004W	YNL104C
YDR381W	YNL004W
YNL197C	YPL135W
YBL037W	YJL084C
YGL030W	YHR066W
YHR027C	YML126C
YNR010W	YOR151C
YLR196W	YMR121C
YAL068C	YBL032W
YCR009C	YER116C
YDR330W	YGR048W
YDR477W	YOR198C
YDR293C	YNL118C
YLL039C	YOR171C
YGL070C	YGR104C
YJL130C	YMR304W
YDR069C	YKL145W
YFR004W	YLR109W
YDR477W	YNL007C
YDL053C	YDR207C
YBL106C	YLR206W
YLL039C	YLR389C
YDR244W	YMR026C
YKL129C	YOR035C
YBL032W	YDR072C
YBR058C	YMR304W
YGR240C	YLR212C
YBL015W	YOR023C
YCR021C	YDR011W
YDR477W	YKL121W
YIL106W	YOR046C
YDR162C	YGL035C
YNL125C	YPL076W
YFR043C	YLR170C
YCR063W	YDL030W
YBR081C	YGL048C
YJR059W	YMR184W
YFR004W	YJL111W
YBL032W	YDL159W
YGL180W	YLL019C
YNL306W	YOL027C
YDR111C	YMR304W
YBR135W	YJL194W
YML100W	YMR139W
YBL007C	YCL008C
YBR194W	YER177W
YHR027C	YNL044W
YNL118C	YOR023C
YBL032W	YMR147W
YBL105C	YOR231W
YBR057C	YJL025W
YGL051W	YPL264C
YAL027W	YCR009C
YFR028C	YIR002C
YDL214C	YHR060W
YFR004W	YLL029W
YDR091C	YOR117W
YDR363W-A	YMR191W
YKL213C	YNR006W
YCR042C	YPL075W
YDR027C	YOL018C
YGL099W	YPR152C
YIR010W	YML127W
YDL077C	YMR197C
YIR037W	YML007W
YER178W	YNL071W
YHR082C	YMR021C
YPL004C	YPL155C
YBL032W	YGR241C
YML126C	YOR117W
YJL140W	YLR192C
YMR059W	YPL037C
YIR001C	YNL016W
YER056C-A	YFR034C
YBL023C	YDR122W
YMR236W	YNL197C
YER177W	YPR115W
YDR394W	YGL137W
YDL101C	YGR130C
YLR096W	YLR257W
YNR007C	YOR244W
YBR217W	YMR319C
YIR010W	YML056C
YGL141W	YIL075C
YPR079W	YPR201W
YDL248W	YDR479C
YBR182C	YLR423C
YIL043C	YML012W
YEL015W	YER035W
YBL092W	YIR010W
YKR031C	YPL050C
YKL080W	YPL091W
YFR031C-A	YGR103W
YCR073C	YDR023W
YJL187C	YLR055C
YKL088W	YOR039W
YDR423C	YER133W
YGL180W	YML007W
YBR036C	YHR110W
YBR207W	YPR036W
YEL023C	YHL002W
YBR160W	YOR178C
YCR079W	YPL160W
YFL009W	YJL194W
YLR257W	YLR345W
YBR167C	YGR030C
YDR479C	YJL183W
YLR096W	YMR124W
YGL051W	YPL141C
YFR034C	YHR135C
YGR249W	YJL164C
YLL010C	YLL039C
YOL081W	YPL106C
YBR217W	YER025W
YDL097C	YOR117W
YML118W	YPL203W
YJR066W	YKL203C
YBR058C	YCR073W-A
YGL030W	YNL132W
YDR477W	YNL272C
YLL039C	YLR380W
YDR099W	YIL095W
YBL041W	YDL147W
YGR103W	YLL008W
YNL197C	YOR316C
YCR009C	YNL055C
YFR004W	YMR083W
YBR112C	YHL020C
YJR033C	YOR332W
YIL161W	YJL190C
YDR479C	YLR082C
YHR186C	YOL126C
YDL215C	YGR084C
YJR052W	YLL039C
YDL147W	YER094C
YCR088W	YDR342C
YLR292C	YML123C
YBR049C	YER009W
YHL024W	YPL203W
YML025C	YNL177C
YDR293C	YJL153C
YDR293C	YPL119C
YLL024C	YPL012W
YLR208W	YML012W
YHR082C	YNL027W
YBL032W	YOR006C
YDR432W	YIR001C
YDL077C	YKL196C
YBL032W	YDR039C
YDL113C	YGL223C
YBR207W	YKR007W
YFR034C	YPL122C
YDR132C	YJL218W
YNL265C	YPR173C
YDL047W	YNL187W
YDR379W	YFR028C
YDR035W	YJL164C
YDR388W	YNL037C
YIL076W	YNL055C
YBL056W	YDL060W
YBR164C	YDR027C
YCR088W	YDR510W
YDR159W	YPL169C
YDR471W	YDR510W
YDL047W	YGL197W
YBL017C	YGR167W
YEL058W	YLL039C
YDR141C	YPL037C
YOR109W	YPR029C
YDL019C	YHR135C
YLL039C	YPL122C
YML086C	YOR327C
YHR082C	YOR210W
YJL141C	YOR276W
YHR135C	YOL123W
YIL104C	YNL124W
YJR001W	YJR059W
YDR096W	YDR475C
Q0120	YPL160W
YBL041W	YFL007W
YBL032W	YOR147W
YDR224C	YMR284W
YBL032W	YGR143W
YDR477W	YOR047C
YBR135W	YGL066W
YFR004W	YGR185C
YIL115C	YLL024C
YFR004W	YJR121W
YDR128W	YLR096W
YDR432W	YFR004W
YGR275W	YHR097C
YJL155C	YLL039C
YDL025C	YPR019W
YLR394W	YMR224C
YDR099W	YNL293W
YJR121W	YLR295C
YIL075C	YML124C
YOR083W	YPL116W
YDR146C	YML069W
YDL147W	YDR201W
YDL030W	YPL151C
YBL007C	YHR016C
YDR394W	YMR001C
YDL100C	YOR164C
YBL032W	YKR051W
YCR077C	YER068W
YDR239C	YFR028C
YMR139W	YNL078W
YIL139C	YPL167C
YAL059W	YGR285C
YBR039W	YBR093C
YBR207W	YER166W
YBL091C	YNL290W
YDR510W	YOR185C
YGL180W	YPR115W
YBR016W	YLL039C
YBL032W	YMR192W
YDR212W	YFR004W
YJL164C	YNL196C
YDL140C	YGL058W
YPL151C	YPR152C
YDR357C	YLR423C
YDR398W	YFL045C
YDR412W	YGR148C
YIR022W	YML012W
YLL039C	YPL224C
YPL231W	YPR152C
YGL120C	YJL076W
YDL177C	YDR247W
YBL032W	YLR006C
YER100W	YFL038C
YDR460W	YPR056W
YJR059W	YPL012W
YHR068W	YPL070W
YIR009W	YPR101W
YNL197C	YOR171C
YNL016W	YNL197C
YMR191W	YOR117W
YBR160W	YGL166W
YGL086W	YIL149C
YBL026W	YDR381W
YNL132W	YPL042C
YNL016W	YPL016W
YKR081C	YPL141C
YEL057C	YER021W
YBR160W	YNL197C
YER021W	YJR009C
YBR072W	YDL239C
YKL171W	YPL177C
YGL025C	YGR104C
YDR096W	YNL078W
YFR004W	YGR192C
YIR010W	YML007W
YBR036C	YML048W
YBR023C	YJR117W
YLR295C	YPL078C
YGL022W	YML019W
YCL067C	YCR097W
YDR159W	YIL034C
YPL124W	YPL155C
YBR080C	YBR217W
YHR016C	YMR192W
YDL029W	YNR035C
YBL007C	YBL105C
YCR073C	YDR007W
YGL137W	YMR224C
YJR062C	YKL085W
YHR197W	YKR081C
YHR079C	YLR006C
YFR004W	YOR283W
YLR424W	YPL018W
YDR432W	YOR001W
YCR106W	YPL243W
YAL032C	YNL243W
YBR072W	YOR267C
YHR016C	YPR171W
YEL040W	YJR066W
YDR235W	YML049C
YDR386W	YMR226C
YDR510W	YOR194C
YGL129C	YJR113C
YIL120W	YLL023C
YDR096W	YPR154W
YNL031C	YPR052C
YER177W	YPL231W
YDR510W	YOR151C
YBR119W	YPL178W
YER177W	YLR258W
YGL051W	YPL076W
YBR108W	YOR181W
YDR432W	YNL004W
YFR004W	YNL290W
YIL039W	YLR429W
YKR064W	YOR249C
YHR096C	YML048W
YGR232W	YLR389C
YGR282C	YPR152C
YJL164C	YLR244C
YER171W	YHR027C
YKL190W	YOR315W
YER095W	YML075C
YDL030W	YDR482C
YDR432W	YDR482C
YLR106C	YOR272W
YER094C	YLL039C
YFL039C	YJL081C
YCR093W	YGL137W
YDL047W	YJL111W
YFL023W	YHR193C
YDR006C	YOR117W
YHR135C	YKL121W
YDR170C	YDR477W
YKL167C	YMR024W
YCR093W	YIL038C
YBR017C	YFR004W
YBL058W	YDR388W
YKL119C	YLR447C
YBR160W	YKR095W
YDL047W	YDR477W
YHL003C	YJL183W
YDL214C	YKL080W
YBL032W	YDR403W
YBL032W	YLR206W
YNL197C	YNL321W
YLR196W	YNL230C
YLL039C	YLR270W
YDR443C	YGL025C
YLL039C	YOR104W
YAL043C	YBL101C
YMR034C	YPL211W
YDR510W	YOR038C
YBL032W	YDR156W
YGR129W	YLR424W
YBR073W	YKR072C
YLL039C	YOR089C
YAL043C	YHR135C
YGR148C	YIR010W
YBR156C	YKR037C
YIL107C	YJL187C
YFL039C	YPR171W
YER029C	YPR101W
YGL059W	YGR008C
YER177W	YHR027C
YOR181W	YPR154W
YJL076W	YOR173W
YGL209W	YJL187C
YDR043C	YHL027W
YGL104C	YPR028W
YIL115C	YMR153W
YDR224C	YJL081C
YBR198C	YGR252W
YDL077C	YGL124C
YBR041W	YKL094W
YJR066W	YOR181W
YLL039C	YOR173W
YBL032W	YDR091C
YDL060W	YDR064W
YBR160W	YDL025C
YBR160W	YOR315W
YBR298C	YMR264W
YDL232W	YNL279W
YER172C	YHR152W
YJL164C	YLL040C
YDR388W	YMR162C
YDR481C	YNL197C
YLR026C	YPL050C
YDR174W	YGL099W
YBL056W	YDL059C
YLL039C	YOL137W
YJL030W	YPL058C
YDR127W	YFR024C-A
YBL093C	YMR112C
YGL059W	YGR038W
YKL059C	YKR002W
YDR469W	YLR015W
YBL032W	YNL321W
YDR054C	YLL039C
YGL137W	YNL037C
YBR023C	YLL039C
YFR028C	YKL203C
YOL040C	YPL090C
YDL029W	YLR429W
YNL044W	YNL304W
YDR481C	YJR066W
YFR028C	YLR079W
YBR036C	YGL051W
YHR027C	YJR121W
YML086C	YPL004C
YJR141W	YLR447C
YDL147W	YGL141W
YOR117W	YOR244W
YDR510W	YPL075W
YBR298C	YDL212W
YBL032W	YJR127C
YHR197W	YLR344W
YGR252W	YHR079C
YDR108W	YGR234W
YDR124W	YDR175C
YBR095C	YPL149W
YBR194W	YKL060C
YAR007C	YDL029W
YBR097W	YPL120W
YAL016W	YFR028C
YKL002W	YMR117C
YLR208W	YPR107C
YCR073C	YNR031C
YDR510W	YJL176C
YDR276C	YLR241W
YDL232W	YLR378C
YBL045C	YNR017W
YKR104W	YOL143C
YGR285C	YOL059W
YNL293W	YOR089C
YBL032W	YLR228C
YBL032W	YMR304W
YBL032W	YLR127C
YDR164C	YLR208W
YAL015C	YML105C
YBL032W	YMR090W
YBR031W	YJL190C
YBL007C	YDR423C
YMR119W	YNL008C
YER030W	YPL090C
YCL040W	YOR244W
YFR004W	YGR232W
YHR197W	YMR229C
YGL059W	YIL107C
YGL180W	YNL125C
YDR466W	YMR109W
YBL032W	YDR103W
YHR102W	YOR353C
YJL141C	YOR173W
YDR272W	YEL040W
YHR157W	YOR231W
YBL038W	YCL014W
YBL032W	YKL088W
YHR012W	YJL187C
YBR041W	YKL140W
YBL036C	YDR343C
YDR032C	YGR130C
YJL141C	YPR184W
YER105C	YMR153W
YDR208W	YGL180W
YGR048W	YPL269W
YDR120C	YLL039C
YCR009C	YPL004C
YLL039C	YNL132W
YER166W	YGR241C
YJL187C	YKL121W
YLL039C	YMR276W
YMR087W	YNL135C
YDR510W	YLR044C
YHR030C	YOL145C
YDL165W	YNL025C
YBL032W	YEL007W
YBR270C	YMR236W
YKR081C	YOR267C
YJL164C	YKL116C
YLR196W	YPL141C
YDR381W	YLR022C
YIR008C	YPR019W
YDL025C	YGL180W
YLR026C	YNL044W
YDR264C	YOR036W
YIL095W	YJL184W
YNL246W	YOR244W
YCR088W	YLR429W
YBL010C	YPL018W
YER095W	YGR234W
YBL030C	YHR027C
YDL161W	YIL095W
YFR004W	YPL111W
YHL013C	YJL164C
YCR024C-A	YJL124C
YKR068C	YLR328W
YLR089C	YLR423C
YBR069C	YML048W
YDL173W	YNL183C
YLR424W	YMR229C
YML024W	YNL124W
YFL050C	YJL164C
YBR182C	YKL062W
YGR215W	YPL118W
YHR197W	YPL211W
YDR388W	YNL243W
YBR286W	YFR034C
YBR207W	YOR316C
YDR318W	YLR315W
YHL033C	YOR244W
YDR497C	YPL058C
YDR293C	YHR135C
YGL179C	YLL008W
YBL038W	YPR100W
YBR160W	YMR001C
YFR004W	YIL043C
YKL160W	YOR039W
YDR176W	YPR008W
YDR399W	YLL039C
YDR386W	YLL039C
YDR482C	YER013W
YBL032W	YDL197C
YFR004W	YFR053C
YBR136W	YOR181W
YBR029C	YCR061W
YMR032W	YOL036W
YBL078C	YGL180W
YDR346C	YOR039W
YDR425W	YGL198W
YGR252W	YOR023C
YBL032W	YIL092W
YGR148C	YHR197W
YFR005C	YLL039C
YJR090C	YOL136C
YJL001W	YMR314W
YHR135C	YJR092W
YBR160W	YKL023W
YDR477W	YLR192C
YER105C	YLR018C
YFR004W	YML028W
YDR381W	YOR046C
YHR082C	YKL168C
YHL011C	YLR430W
YFR004W	YLR192C
YCL039W	YIL017C
YHR135C	YMR153W
YBL032W	YNL188W
YHR010W	YNL175C
YDR122W	YIR004W
YBR273C	YKL213C
YFR004W	YPR036W
YMR121C	YNL124W
YDR477W	YNL186W
YOL123W	YPL140C
YBR183W	YPL076W
YHR068W	YJR047C
YBL103C	YOL108C
YDR266C	YHR082C
YDL140C	YHR058C
YER094C	YJL001W
YDR388W	YOL058W
YBR111C	YPL070W
YBL032W	YDR081C
YDL020C	YDR394W
YJL164C	YLR133W
YGL161C	YOR357C
YCR088W	YJR065C
YER167W	YOL108C
YIL062C	YMR109W
YOL018C	YOR327C
YBR071W	YLL039C
YBL045C	YMR059W
YGR070W	YLL039C
YER177W	YKL168C
YJL124C	YPL016W
YDL030W	YDR363W-A
YIR010W	YKR037C
YDR325W	YJL074C
YIR010W	YNL290W
YBL007C	YBL032W
YGL208W	YNR035C
YDR174W	YGL035C
YBL032W	YMR174C
YFL021W	YKL161C
YCR028C-A	YPL058C
YBL007C	YKR095W
YER025W	YOR117W
YMR117C	YPR083W
YBL007C	YLR106C
YDR363W-A	YDR427W
YDL118W	YLR295C
YDR071C	YDR247W
YMR314W	YOR210W
YBL092W	YHR066W
YKR031C	YPL027W
YJL194W	YLR440C
YLR423C	YPR049C
YDR223W	YJL141C
YJL164C	YMR153W
YBL032W	YLR268W
YDR192C	YFR031C-A
YDL200C	YGR184C
YBR156C	YDR510W
YLR191W	YOR181W
YJR059W	YNL293W
YBR183W	YML048W
YHR079C	YLR429W
YFR004W	YHR108W
YER139C	YOR231W
YGL206C	YLR370C
YGR287C	YLR096W
YMR294W	YPL174C
YAL030W	YDR027C
YDL081C	YGR209C
YNL078W	YOL070C
YJR059W	YNL125C
YDR064W	YOR145C
YIL062C	YLR370C
YOL058W	YOR117W
YDL075W	YDR412W
YDL147W	YGL004C
YGL223C	YNL051W
YBL032W	YLR467W
YGL086W	YMR153W
YDR127W	YDR427W
YFR004W	YNR043W
YDL149W	YFR021W
YBR160W	YMR155W
YHR007C	YIL027C
YGL180W	YNL293W
YDR510W	YEL007W
YBR160W	YDL225W
YKL203C	YNL138W
YPL076W	YPR028W
YFR032C-A	YOL040C
YGR254W	YHR152W
YDR057W	YLL039C
YBL030C	YNR017W
YIR010W	YKR025W
YER139C	YKR081C
YHR198C	YLL005C
YER161C	YNR023W
YER177W	YFR004W
YDL115C	YHR135C
YCR061W	YJR117W
YJR093C	YML028W
YLR268W	YPL094C
YDR122W	YER167W
YGR103W	YKR081C
YPR178W	YPR182W
YCL034W	YHR114W
YDR427W	YKL145W
YDL223C	YJR059W
YFR028C	YJR033C
YGR271W	YPL220W
YDR032C	YFR004W
YBR229C	YLL039C
YBL032W	YGL223C
YMR291W	YPL141C
YHR135C	YOR089C
YDR108W	YML069W
YHL002W	YNL239W
YJL164C	YKL093W
YLR153C	YML124C
YBL032W	YPL158C
YFL023W	YGL180W
YGL197W	YMR308C
YDL060W	YPL042C
YHR082C	YLR022C
YGR192C	YHR027C
YBL007C	YMR253C
YGL099W	YMR032W
YJL218W	YJR121W
YNL027W	YPR106W
YDL236W	YLR420W
YFR036W	YHR166C
YAL032C	YPL151C
YGR161C	YLL039C
YBL007C	YGR240C
YGL180W	YMR165C
YHR030C	YPR088C
YJL164C	YKL121W
YBL032W	YNL269W
YLR370C	YMR109W
YLL023C	YNL044W
YNL197C	YPR083W
YGL137W	YJL151C
YER133W	YOR329C
YCR093W	YDR252W
YAL010C	YFL048C
YCL014W	YDR099W
YBL058W	YLL039C
YDR293C	YKR028W
YDR174W	YML012W
YDL109C	YNL197C
YJL164C	YOR198C
YBR272C	YOR117W
YDL029W	YHR027C
YHR027C	YKL145W
YDL028C	YOR257W
YBL106C	YLR423C
YJL187C	YOR101W
YCR061W	YLR138W
YJL190C	YNL124W
YFR028C	YLR096W
YLR360W	YPL120W
YGL180W	YML037C
YDR169C	YER090W
YOR244W	YPL106C
YDR380W	YIL027C
YGL120C	YMR229C
YBL007C	YLR088W
YBR035C	YFR004W
YJL047C	YPR164W
YER021W	YIL075C
YDR329C	YOR326W
YGL003C	YKL022C
YER177W	YNR047W
YLR106C	YLR153C
YKL145W	YPR036W
YGL022W	YOR085W
YDR224C	YGL207W
YCR093W	YER068W
YDR510W	YLR033W
YDR293C	YDR477W
YDR258C	YOR326W
YBR114W	YMR226C
YHR135C	YLL008W
YJL048C	YPR120C
YER103W	YOR039W
YBR136W	YKL085W
YDR168W	YFR004W
YAR007C	YML069W
YDR107C	YMR070W
YKL145W	YMR264W
YLR043C	YML028W
YMR077C	YPR173C
YJL012C	YML048W
YER088C	YJL164C
YDR128W	YLR216C
YDR169C	YPL203W
YJL081C	YNL136W
YBR207W	YEL013W
YBR031W	YHR027C
YOR210W	YPL141C
YBL064C	YNR031C
YDR247W	YER133W
YBL055C	YDR477W
YMR282C	YOL123W
YGL250W	YOR028C
YHR135C	YLR192C
YJR059W	YLR258W
YER010C	YJR059W
YJL176C	YPR052C
YGR180C	YPL191C
YGR289C	YKL154W
YFR024C-A	YLR422W
YMR032W	YMR162C
YCR028C-A	YGL207W
YHL002W	YOR138C
YIL041W	YOL018C
YDR510W	YLR028C
YBR108W	YPR154W
YKL129C	YMR032W
YER029C	YER172C
YIL038C	YPL231W
YBL038W	YML025C
YDR510W	YLL019C
YGL229C	YPL180W
YGL030W	YNL175C
YER015W	YER070W
YBR031W	YGL030W
YAL042W	YIR010W
YLL024C	YLR384C
YCR073W-A	YNR034W
YBL007C	YDL139C
YDR032C	YJL016W
YBL032W	YGL084C
YHR007C	YJL192C
YDR168W	YFL029C
YJL157C	YLR293C
YDR482C	YPR182W
YBR298C	YGL051W
YDR388W	YIL106W
YER172C	YLR310C
YBL032W	YPR188C
YGL130W	YGL207W
YDR224C	YOR244W
YKL173W	YLL039C
YGL055W	YML016C
YHR061C	YMR032W
YBR171W	YLR026C
YER100W	YLL039C
YGL051W	YKR039W
YMR297W	YOR137C
YIR010W	YPL016W
YJR044C	YLR096W
YDR390C	YGR048W
YJL130C	YMR308C
YGR072W	YLL039C
YGL059W	YMR086W
YBR217W	YFR004W
YDR192C	YMR153W
YKL085W	YLR074C
YNL044W	YPL070W
YBL032W	YKL110C
YFR004W	YOR374W
YGL210W	YML086C
YCR077C	YER115C
YBL032W	YBR173C
YHR030C	YLR216C
YIL022W	YIR010W
YHR010W	YMR031C
YBL032W	YDR186C
YFR029W	YHR135C
YJL168C	YNL031C
YDL100C	YLR268W
YGL025C	YOL130W
YBR264C	YLL039C
YBL032W	YLR425W
YCR087C-A	YIR010W
YBL037W	YNL197C
YIL161W	YNL135C
YOR042W	YOR181W
YBL032W	YCR061W
YDR175C	YGL129C
YGR192C	YOR014W
YGR111W	YHR135C
YBL030C	YNL055C
YGR103W	YLR196W
YDL020C	YDR363W-A
YGR156W	YPR107C
YHR135C	YNL304W
YDL113C	YHR082C
YPL203W	YPL247C
YDL173W	YHR082C
YAR042W	YHR195W
YDL030W	YML049C
YER139C	YLR293C
YEL015W	YOR167C
YDR011W	YHL016C
YGL070C	YJL140W
YBL032W	YOR210W
YBR036C	YMR306W
YHL025W	YIR010W
YER133W	YOR272W
YIR019C	YMR284W
YDL132W	YIL046W
YDR207C	YDR381W
YKR081C	YOR272W
YHR027C	YNL055C
YGR008C	YJL164C
YKR046C	YLL039C
YAL063C	YBL032W
YCR021C	YLL039C
YBL041W	YFR050C
YFR024C-A	YOR039W
YBR217W	YMR056C
YBL105C	YBR160W
YCL008C	YHR016C
YGL179C	YJL084C
YBL032W	YDL138W
YGR116W	YNL049C
YBR160W	YER129W
YHR158C	YPL155C
YGR071C	YPL128C
YDR099W	YGL035C
YHR187W	YLR384C
YGL156W	YLL039C
YLL024C	YPR025C
YKL145W	YMR276W
YGR132C	YGR231C
YBR155W	YEL030W
YDR168W	YER161C
YDL200C	YHR033W
YLR005W	YNL135C
YHR135C	YNL173C
YFR004W	YMR315W
YLR192C	YOR244W
YDL029W	YIL095W
YJR117W	YPL076W
YGL059W	YJL164C
YGR135W	YLL039C
YOR327C	YPL270W
YBR041W	YJL052W
YGL120C	YPL151C
YDR246W	YMR218C
YGL129C	YNL306W
YBL047C	YIL095W
YDR091C	YHR195W
YDR127W	YGL048C
YJR092W	YLL039C
YDR224C	YNL157W
YGL066W	YPL047W
YKL129C	YOR181W
YMR226C	YNL290W
YBL047C	YFR031C-A
YLL039C	YNL321W
YBR160W	YER075C
YDR381W	YMR308C
YNL118C	YOL151W
YEL013W	YPL180W
YDR404C	YLR192C
YDL164C	YEL030W
YDR192C	YMR129W
YML008C	YOR117W
YNL232W	YOR076C
YCR079W	YIL125W
YBL030C	YBR017C
YNL007C	YOR007C
YBL032W	YJL056C
YBL013W	YBR160W
YGL124C	YLR396C
YKL062W	YNL136W
YDL188C	YML126C
YBR036C	YLR018C
YNL132W	YPL012W
YLL039C	YMR197C
YHR082C	YNL240C
YJR008W	YNL197C
YDR099W	YOR244W
YBL032W	YKL204W
YJL124C	YOR109W
YDR475C	YOR289W
YDL132W	YMR094W
YLR153C	YLR259C
YGR130C	YMR031C
YLL039C	YNR007C
YBL032W	YNL146W
YGR113W	YLR423C
YFR024C-A	YGR241C
YBL017C	YOL018C
YDL095W	YHR096C
YBR080C	YIL046W
YDL140C	YGR186W
YBR119W	YER029C
YDR027C	YFR024C-A
YFL050C	YHR135C
YDL100C	YOL111C
YDL146W	YKL070W
YBR031W	YHR197W
YDR443C	YMR112C
YDR334W	YDR510W
YDL045W-A	YDR175C
YCR009C	YMR232W
YIL143C	YIR009W
YLL039C	YOL018C
YGL025C	YPR052C
YDR412W	YHR088W
YHR152W	YPR018W
YBL032W	YGR156W
YKL088W	YKR072C
YDL147W	YHR027C
YGR108W	YNL197C
YIR010W	YNL215W
YCR021C	YPL058C
YHR152W	YJL168C
YDL214C	YIL107C
YFR008W	YOR276W
YLR096W	YOL083W
YLR422W	YOL108C
YMR118C	YPL134C
YBR225W	YGL197W
YFL038C	YKR068C
YLR265C	YOR244W
YLR113W	YOL148C
YBR214W	YLR079W
YGR184C	YLL039C
YDR143C	YLR106C
YGR186W	YPR152C
YBL032W	YMR305C
YGR129W	YPR101W
YBR108W	YPL004C
YHR166C	YIR025W
YHR082C	YNL186W
YGR103W	YHR197W
YLR102C	YMR001C
YHR083W	YNL092W
YIR010W	YJL081C
YCR028C-A	YMR275C
YDL147W	YDR069C
YHR027C	YLR447C
YDR510W	YMR083W
YNL031C	YPR031W
YIL095W	YML037C
YDR472W	YKR068C
YER121W	YKL002W
YBL032W	YOR104W
YDR510W	YER041W
YAR007C	YNL124W
YGL099W	YLR387C
YCL010C	YOL148C
YBL032W	YMR182C
YGR156W	YHL033C
YBL007C	YML075C
YNL055C	YNR017W
YFR028C	YPL269W
YER079W	YHR135C
YHR135C	YMR297W
YCL010C	YLR055C
YDR477W	YNL183C
YBL017C	YJR066W
YHR076W	YJL076W
YAL054C	YAR035W
YLL039C	YMR250W
YHR114W	YHR172W
YBR108W	YHL002W
YAL028W	YIL095W
YJR152W	YPR003C
YDL075W	YIR010W
YCR063W	YML049C
YDL028C	YPL233W
YBL032W	YHL012W
YDL212W	YJL192C
YBR217W	YPR049C
YDR201W	YNL084C
YDL132W	YDL155W
YBR160W	YDR439W
YJR049C	YJR059W
YDL132W	YFL009W
YLR377C	YML050W
YBL032W	YOR329C
YBL032W	YDR460W
YER147C	YJL074C
YJR009C	YML053C
YPL111W	YPL160W
YBL017C	YLL039C
YHR023W	YPR184W
YHR082C	YNL217W
YDL232W	YDR086C
YDR247W	YJL076W
YLR423C	YOR353C
YKR081C	YPR045C
YDR069C	YKL028W
YGL179C	YGR038W
YIL095W	YLR191W
YOR046C	YPL169C
YLR378C	YPL094C
YBL026W	YPL119C
YCL039W	YPL018W
YBL032W	YDR409W
YDL020C	YGL058W
YJL167W	YJR059W
YBL032W	YML075C
YBR171W	YPR088C
YFR024C-A	YGR240C
YFL007W	YGL048C
YBR223C	YDR510W
YGR084C	YGR215W
YHR076W	YIR010W
YDL097C	YDR142C
YER057C	YFR004W
YNL279W	YOL108C
YDR086C	YPR071W
YIL155C	YLL039C
YPL078C	YPL271W
YDL051W	YGL180W
YBR081C	YML015C
YDR119W	YKL188C
YBR083W	YFL009W
YDR174W	YIL036W
YDR427W	YPR040W
YKR029C	YPR152C
YER126C	YOR267C
YDR469W	YDR510W
YCL039W	YIL097W
YDR064W	YGR285C
YDL051W	YML105C
YIL135C	YJL164C
YDR054C	YLR079W
YLL039C	YLR059C
YBL032W	YNL055C
YKR097W	YLL039C
YHR135C	YJR001W
YJR059W	YKL116C
YHR060W	YKL119C
YDR023W	YOR267C
YEL013W	YHR195W
YDR128W	YOR093C
YCR063W	YGL120C
YFR004W	YGR240C
YGR113W	YMR094W
YDL223C	YGL059W
YBL032W	YJL110C
YLL039C	YPL134C
YIL152W	YLR423C
YBL038W	YMR024W
YHR082C	YMR184W
YDL153C	YKL035W
YBL041W	YDL020C
YDR357C	YPR182W
YDR510W	YGR246C
YBL093C	YDR443C
YKL196C	YLR440C
YFR004W	YNL183C
YDL214C	YHL018W
YDL153C	YMR117C
YIL106W	YPR111W
YIL125W	YMR072W
YJL051W	YMR001C
YDR471W	YJL190C
YDR011W	YLL039C
YDR284C	YPR071W
YBR156C	YJL173C
YHR023W	YPL242C
YKL214C	YPL178W
YFR034C	YKL145W
YGL066W	YML015C
YGL066W	YLR055C
YDL153C	YIR010W
YDR100W	YPR079W
YDR211W	YJR090C
YER013W	YIR009W
YFL026W	YOR212W
YLR292C	YNL003C
YMR304W	YOR244W
YNL194C	YPR079W
YHL011C	YKL181W
YGL133W	YIR010W
YHR027C	YML070W
YFR028C	YGL086W
YBR080C	YDR427W
YOL128C	YOR185C
YBR160W	YCL014W
YCR042C	YML015C
YJR065C	YLL039C
YDR231C	YNL197C
YJR060W	YOL108C
YJL164C	YMR102C
YBR156C	YFR028C
YJL076W	YLR096W
YBL032W	YHL027W
YGL180W	YJR044C
YAL019W	YBR160W
YER133W	YGR254W
YDR099W	YGL059W
YDR159W	YKR095W
YJL164C	YOL130W
YNL197C	YNL305C
YDR075W	YGR192C
YBR272C	YDR394W
YPR101W	YPR152C
YDR212W	YGL137W
YDR096W	YFL023W
YDR453C	YMR059W
YFR021W	YLR191W
YDR510W	YGL130W
YOR047C	YOR302W
YGL156W	YOL083W
YLR106C	YOL108C
YKL052C	YML024W
YDL029W	YDL225W
YBR164C	YJL164C
YDR311W	YPR056W
YKR024C	YMR229C
YBL032W	YML108W
YJL190C	YPL146C
YCL025C	YPL076W
YGR223C	YPL028W
YFR028C	YLR131C
YDR315C	YLR323C
YDL059C	YDR394W
YML012W	YMR123W
YBL030C	YLL041C
YKL020C	YKL213C
YBL032W	YFL026W
YDR318W	YDR510W
YHR027C	YOL040C
YDR471W	YGL030W
YBL105C	YLR234W
YLR383W	YOL034W
YJR121W	YNL004W
YFR019W	YPL004C
YLR258W	YMR308C
YER065C	YJR066W
YOL126C	YPL180W
YGL180W	YOR141C
YDR460W	YPL122C
YLL039C	YLR028C
YHR010W	YLR074C
YIR010W	YJL168C
YBL032W	YOL019W
YDR076W	YHR033W
YDR129C	YFR004W
YBL007C	YJL004C
YMR129W	YNL197C
YDR086C	YPL094C
YLL039C	YMR081C
YLL032C	YLR191W
YMR128W	YNL132W
YBL007C	YCL034W
YBR135W	YHR166C
YBR231C	YJL187C
YOR001W	YOR076C
YAL041W	YNL118C
YFR029W	YJL187C
YDL075W	YLR074C
YDL010W	YOL062C
YER139C	YOR151C
YHR135C	YML037C
YFR004W	YMR189W
YBR069C	YDR427W
YGL233W	YNR049C
YLL039C	YLR258W
YAL041W	YLL039C
YBR080C	YDL147W
YER178W	YIL042C
YHR114W	YNL084C
YDR129C	YFL039C
YAL035W	YFR031C-A
YDL132W	YFR028C
YGR146C	YML051W
YIL075C	YOR117W
YBR136W	YHR114W
YIL038C	YPL203W
YBR049C	YBR194W
YNL197C	YPL006W
YLR240W	YLR360W
YGL030W	YHL033C
YER021W	YLR181C
YBR217W	YHR027C
YGL180W	YPR049C
YDL188C	YLL039C
YFL026W	YKL203C
YBL032W	YJR094C
YDL030W	YOR023C
YFR053C	YPR042C
YBR097W	YDR388W
YBL087C	YOR117W
YDL075W	YOR234C
YDR318W	YGL093W
YNL230C	YPL012W
YGR198W	YLR380W
YBR031W	YDR091C
YJL187C	YLL008W
YBR249C	YKL056C
YCL008C	YDR069C
YPL018W	YPL233W
YBR160W	YER041W
YFR004W	YKR046C
YML105C	YPL243W
YLL039C	YOR316C
YGR249W	YHR135C
YBL023C	YNL262W
YDL140C	YJR017C
YBL032W	YML049C
YDR466W	YKL181W
YHR135C	YOR083W
YLL039C	YLR149C
YGL104C	YMR264W
YHR027C	YJR009C
YBL032W	YJL118W
YKL141W	YOR065W
YHR027C	YOL058W
YBL032W	YJR066W
YHR181W	YNL197C
YGL137W	YLR315W
YDR039C	YKL203C
YJL187C	YMR001C
YDR363W-A	YFR004W
YER139C	YJL130C
YGL030W	YML126C
YDR311W	YPR052C
YBL032W	YNR004W
YAL041W	YER114C
YDL054C	YOR315W
YDR394W	YLR216C
YDL097C	YDR394W
YGL070C	YNL031C
YDR057W	YFL048C
YKL181W	YNL183C
YBR024W	YLL039C
YCR061W	YIL147C
YHR082C	YNR006W
YBR135W	YDR394W
YBR135W	YBR252W
YDR054C	YJR090C
YBL045C	YDL179W
YGR285C	YKR057W
YDL147W	YPL242C
YBL092W	YBR031W
YDL115C	YOR210W
YFR024C-A	YPR097W
YHL033C	YIR010W
YDL053C	YIR010W
YCL008C	YLL039C
YBR136W	YNL265C
YGR167W	YJR125C
YDR064W	YPL220W
YBL007C	YPL157W
YDR510W	YLR192C
YER065C	YJL168C
YNL221C	YNL282W
YHR157W	YLR329W
YDL091C	YLL039C
YGL130W	YOR375C
YBR273C	YJL141C
YKR022C	YPR101W
YLR074C	YNL182C
YBR155W	YKL117W
YGR256W	YLL039C
TS(AGA)D2	YDR023W
YIL143C	YLR028C
YLR022C	YLR424W
YDL059C	YGR252W
YHL032C	YPL004C
YAL041W	YDR103W
YIR037W	YLR345W
YBL047C	YBL105C
YDL188C	YER094C
YGL207W	YHR135C
YMR308C	YMR314W
YBL032W	YOL036W
YBL047C	YLL039C
YDR280W	YHR010W
YCL014W	YCR002C
YAL053W	YDR032C
YDR381W	YKL173W
YLR133W	YMR139W
YDL095W	YNL055C
YDL140C	YFR004W
YHR007C	YLR242C
YDR063W	YDR124W
YGR268C	YLL039C
YDR381W	YKL214C
YOR210W	YPL203W
YKL173W	YPR101W
YER009W	YLR293C
YDR439W	YJL164C
YHR027C	YOL022C
YDR409W	YGR126W
YCR093W	YPL037C
YDL075W	YDL195W
YIR010W	YJR060W
YDR427W	YMR276W
YLL039C	YPR036W
YJL084C	YMR139W
YCL008C	YFR024C-A
YER039C	YNL130C
YBL056W	YFR004W
YBL032W	YML105C
YDR330W	YGR268C
YAL064C-A	YBL032W
YLR096W	YNL186W
YER177W	YPR008W
YDL132W	YEL060C
YIR010W	YPR190C
YNR049C	YPL232W
YPL242C	YPR171W
YER098W	YHR082C
YCR063W	YER013W
YGR192C	YKL060C
YBL055C	YJL164C
YDL045W-A	YJR059W
YAL032C	YPR152C
YEL009C	YPR025C
YDL155W	YDR146C
YAL021C	YGR134W
YAR028W	YML067C
YBL104C	YIR010W
YBL092W	YDR510W
YIL017C	YLL039C
YDL003W	YDR510W
YMR276W	YOR117W
YDL047W	YGR282C
YLL039C	YOL130W
YBR049C	YPL106C
YDR381W	YJL141C
YDL147W	YPR003C
YDL203C	YLL039C
YBL105C	YOL083W
YGL003C	YPL242C
YMR236W	YOR128C
YFR003C	YPL179W
YLL039C	YOR164C
YDL101C	YPL269W
YDL047W	YDL140C
YEL013W	YMR197C
YBR160W	YGL124C
YDR510W	YJR045C
YDR236C	YDR398W
YJL173C	YML032C
YAL021C	YDL149W
YHR105W	YNL204C
YML015C	YMR236W
YMR129W	YPL106C
YGL202W	YLL039C
YGL093W	YIR010W
YBR031W	YBR160W
YJR062C	YPL141C
YBL017C	YFL023W
YIL034C	YLR274W
YCR073C	YHR027C
YDR075W	YHR033W
YDL097C	YGR232W
YER124C	YLR362W
YEL013W	YLL039C
YBR017C	YDR064W
YDL045W-A	YJR113C
YGL084C	YLL039C
YBL052C	YPR031W
YBR095C	YDR143C
YBL030C	YIR010W
YKL181W	YOL128C
YDR176W	YDR510W
YCL008C	YHL002W
YAL035W	YBR194W
YJL129C	YOR196C
YGL059W	YHR105W
YDL210W	YHR082C
YHR107C	YKL056C
YDR075W	YPR040W
YAL019W	YJL124C
YBR160W	YHR166C
YER115C	YML109W
YDR100W	YGL006W
YDR490C	YMR109W
YKL053C-A	YLR168C
YDR379W	YLR206W
YHR135C	YMR184W
YJL141C	YKL023W
YDL087C	YPL178W
YDL075W	YDR510W
YBR160W	YDL140C
YDL173W	YLR382C
YGR054W	YPL004C
YDR099W	YPR049C
YFR004W	YPR149W
YFR028C	YPR042C
YLL024C	YNR053C
YJL140W	YOR151C
YGL166W	YOR220W
YDR255C	YIL017C
YOR181W	YPL106C
YEL030W	YLL039C
YOR035C	YOR326W
YDR510W	YER062C
YDR212W	YGL208W
YDR510W	YNR021W
YER126C	YGR103W
YDR381W	YNL049C
YBL023C	YLR096W
YER029C	YPL178W
YHR059W	YLR074C
YBR223C	YGL082W
YHR082C	YNL293W
YFR024C-A	YPL249C
YHR030C	YHR084W
YOR181W	YPR171W
YKR081C	YLR427W
YBR160W	YDR293C
YBL032W	YOR023C
YDR122W	YER133W
YGL059W	YGL205W
YHL012W	YNL197C
YBL032W	YJL091C
YGR185C	YNR043W
YHR082C	YOR035C
YIR009W	YNL036W
YER177W	YJL141C
YDL140C	YGL130W
YER029C	YHR086W
YFR021W	YHR135C
YFL045C	YOL062C
YHR114W	YPR052C
YLR450W	YMR022W
YEL009C	YPR086W
YDL204W	YGL137W
YCR077C	YNL124W
YDL047W	YLR384C
YBL058W	YFR004W
YBR272C	YGR232W
YJR102C	YML101C
YLR096W	YPR115W
YDR480W	YHR082C
YDR142C	YGR184C
YBL032W	YPL090C
YER021W	YPL106C
YBR278W	YDR381W
YBL032W	YMR206W
YDL060W	YPL012W
YDL020C	YGL048C
YDR023W	YFR004W
YDL101C	YDR032C
YBR135W	YDR334W
YBR072W	YDR510W
YGL202W	YOR117W
YDR490C	YPL005W
YBR264C	YER136W
YBL032W	YPR043W
YLL039C	YPL096W
YDR174W	YNL031C
YDR170C	YJL091C
YJL157C	YPR120C
YAR028W	YGL104C
YBR212W	YHR082C
YFR004W	YLL050C
YLR370C	YNL243W
YLR035C	YOR261C
YGR158C	YOR001W
YAL016W	YKL203C
YDR011W	YNL197C
YIR009W	YKL173W
YBL032W	YKR096W
YJL081C	YOR244W
YER029C	YNR053C
YNL135C	YOR117W
YBL017C	YJL029C
YDL029W	YMR105C
YDR318W	YIR010W
YDL053C	YHR135C
YDR224C	YDR334W
YBR036C	YKL154W
YBR057C	YDR206W
YGR263C	YMR070W
YDL060W	YPL090C
YFR004W	YMR318C
YHR084W	YPL042C
YJR117W	YNL197C
YGL030W	YLR074C
YDR510W	YER088C
YBR119W	YML016C
YER094C	YMR314W
YER041W	YPR120C
YHR188C	YPL076W
YHR027C	YPL140C
YBL032W	YBR203W
YGL048C	YPL169C
YOR272W	YPR088C
YDL147W	YIL007C
YDR381W	YJR006W
YGL116W	YGR225W
YAR028W	YJL097W
YGL180W	YNL027W
YBR053C	YFR004W
YGL137W	YLR153C
YDR127W	YGR234W
YBR160W	YJL084C
YHR010W	YKR081C
YLL039C	YLR241W
YDR146C	YJL081C
YKR081C	YPL211W
YER178W	YFR004W
YFR024C-A	YOR042W
YHR107C	YIR010W
YKL203C	YKR093W
YKL160W	YLR219W
YGR037C	YLR191W
YMR229C	YOR272W
YBR135W	YLL039C
YDR477W	YGR043C
YHR135C	YNL007C
YKL193C	YPL174C
YDR032C	YLL024C
YDL095W	YHR027C
YLR196W	YOR267C
YDL140C	YHR030C
YBR160W	YIL122W
YDR314C	YLR429W
YBR194W	YGR132C
YKL150W	YPR154W
YAL027W	YML032C
YBR031W	YPR129W
YKL039W	YLR044C
YFL039C	YMR092C
YGR268C	YLR206W
YJL111W	YOR117W
YMR109W	YNL025C
YHR135C	YNL125C
YEL002C	YHL003C
YER136W	YFL038C
YER021W	YMR314W
YBR023C	YHR123W
YHR027C	YOR181W
YBR045C	YDR103W
YHR084W	YMR164C
YJL030W	YOR276W
YGL202W	YPL106C
YBL005W	YCR088W
YBR080C	YLR026C
YAL030W	YPL232W
YLL040C	YOR257W
YBL026W	YJL157C
YIL143C	YJL153C
YFR031C-A	YHL033C
YCL008C	YNR006W
YDR285W	YLR394W
YGL233W	YIL068C
YDL165W	YDR443C
YDR212W	YOR212W
YDR479C	YGL065C
YDL025C	YDR510W
YLR258W	YMR139W
YGL180W	YKL160W
YBR160W	YJR045C
YER172C	YLR117C
YHR197W	YLR002C
YML118W	YNL197C
YDR238C	YFR004W
YCL009C	YFR004W
YIL075C	YJL001W
YDL195W	YLR268W
YDR099W	YLR403W
YBL030C	YMR083W
YHR016C	YJL151C
YMR117C	YOL034W
YLL039C	YNR043W
YLR310C	YNL116W
YKR002W	YLR115W
YDR497C	YHR076W
YDR235W	YDR432W
YDR427W	YGL004C
YHR082C	YOR307C
YBR281C	YNL191W
YLR330W	YMR010W
YGR054W	YIR010W
YIL150C	YPL018W
YDR099W	YPR171W
YFL048C	YKL154W
YCR033W	YIL068C
YDR244W	YLR191W
YDR381W	YMR229C
YHR079C	YOR113W
YGR192C	YNL215W
YBR081C	YEL009C
YDL161W	YGL206C
YAL028W	YBR160W
YNR047W	YOR353C
YBL032W	YMR155W
YJL048C	YKL213C
YER103W	YNL124W
YGR135W	YJL001W
YLR423C	YLR424W
YGR084C	YPL013C
YBR057C	YCL055W
YDR266C	YHR079C
YAL055W	YGR133W
YDR057W	YDR144C
YDL088C	YLR018C
YER178W	YGL137W
YIR011C	YKL145W
YJL141C	YOL143C
YFR021W	YJL187C
YGL207W	YJL047C
YDR388W	YJL102W
YJR049C	YLL039C
YKR095W	YLL039C
YLL039C	YOR038C
YJL070C	YJR059W
YDR510W	YPR031W
YBR017C	YOL123W
YDR247W	YLR003C
YDR394W	YMR191W
YDR110W	YJL076W
YBL032W	YMR136W
YNR049C	YOR327C
YDL025C	YHR009C
YDL079C	YKL103C
YBR081C	YDR146C
YDL140C	YPR152C
YHR186C	YLR096W
YDR412W	YHR010W
YIR010W	YOR038C
YCL014W	YER177W
YOR187W	YPR052C
YDR425W	YJL164C
YCL014W	YGL180W
YDR174W	YDR510W
YGL207W	YNL124W
YDL147W	YDR363W
YBR171W	YML105C
YDR510W	YKL060C
YGL249W	YNL197C
YGR097W	YMR304W
YMR117C	YOR358W
YAL017W	YCL043C
YBR119W	YHR086W
YMR032W	YOL070C
YER047C	YMR109W
YHR105W	YOR034C
YJL197W	YJR031C
YFR003C	YML016C
YJR044C	YNL197C
YKL023W	YKR092C
YDR363W-A	YIL075C
YEL015W	YLR082C
YHL024W	YHR082C
YDR178W	YPL132W
YER171W	YLR005W
YKL062W	YOR244W
YIL095W	YLR460C
YGR232W	YOR261C
YGR266W	YJR059W
YML012W	YPL186C
YER136W	YNL135C
YGL051W	YIL120W
YBR081C	YPL011C
YBL007C	YPL027W
YGL207W	YMR041C
YNL055C	YNL260C
YMR139W	YOL081W
YLL039C	YMR087W
YJL164C	YKL181W
YJR039W	YOR111W
YJL212C	YNL197C
YCR077C	YDR381W
YDR224C	YGL058W
YJL194W	YKL145W
YAL017W	YDL100C
YDL155W	YPL124W
YHR066W	YKR081C
YJL164C	YPL181W
YBR135W	YBR160W
YER075C	YLR113W
YDR330W	YDR510W
YGL120C	YPR182W
YML016C	YNL130C
YLL039C	YMR105C
YDR477W	YKL023W
YCR042C	YMR037C
YDR480W	YLR310C
YBR140C	YMR139W
YDL140C	YPR086W
YHR082C	YPL180W
YAL043C	YPR107C
YGR209C	YOR117W
YDR388W	YMR192W
YJR066W	YKL126W
YGL120C	YLR293C
YHL019C	YJL164C
YDR143C	YER009W
YBL032W	YLR096W
YJR066W	YMR228W
YBL032W	YEL009C
YKL058W	YPR086W
YDR388W	YJL194W
YDL147W	YOR261C
YBL032W	YNR031C
YFR004W	YGR234W
YAL016W	YFR024C-A
YDR510W	YNL015W
YDL101C	YMR105C
YIR010W	YNL232W
YAL029C	YOR035C
YLR423C	YNL182C
YGR252W	YML007W
YBR221C	YPL151C
YEL015W	YER105C
YLR102C	YMR092C
YGL003C	YMR304W
YDR211W	YNL265C
YCL043C	YGL179C
YDR412W	YLR059C
YBL032W	YKL201C
YCL008C	YLR417W
YDR510W	YNL007C
YHR135C	YLR244C
YBR128C	YLR360W
YDR388W	YOR181W
YNL037C	YPL140C
YDL140C	YOR210W
YBR073W	YML032C
YIL027C	YJR117W
YGL207W	YOR117W
YDR388W	YIL063C
YGL059W	YLL029W
YBL032W	YPL004C
YHR102W	YNL197C
YDR238C	YGR037C
YBL041W	YCR073C
YBL032W	YIL152W
YBL032W	YLR414C
YDR207C	YOR304W
YIR010W	YOL040C
YDR439W	YIR010W
YHR082C	YMR291W
YHR027C	YKR039W
YHL020C	YLL039C
YGL179C	YLR231C
YJL074C	YMR124W
YLR377C	YOR141C
YGL157W	YJL023C
YBL032W	YGR249W
YJR156C	YLR423C
YBL103C	YFR021W
YBR039W	YER171W
YJL025W	YLR423C
YCR091W	YML037C
YHR030C	YNL053W
YHR027C	YJR017C
YDL159W	YDR162C
YER126C	YLR074C
YBR081C	YPL047W
YDR381W	YER035W
YBR160W	YKL116C
YHR007C	YJR118C
YBL087C	YGR103W
YKL028W	YLL039C
YBR031W	YIR010W
YFR024C-A	YLR078C
YFR036W	YKL022C
YKL057C	YLR208W
YIL115C	YLR293C
YCR042C	YJR093C
YOR151C	YOR210W
YBL032W	YNL081C
YCR077C	YDR141C
YDR479C	YMR024W
YHR027C	YLL039C
YGL137W	YLR216C
YBL032W	YNL008C
YOR117W	YPL028W
YDR146C	YML051W
YDR432W	YGR054W
YGL058W	YGR184C
YBR023C	YLR330W
YFL026W	YGL206C
YBR173C	YKL206C
YDR143C	YOL155C
YGL055W	YJR118C
YJR060W	YPR052C
YGL179C	YKR092C
YDL132W	YER011W
YDR174W	YLR429W
YBR160W	YGR108W
YBL010C	YKL171W
YBR194W	YML049C
YDR466W	YNL232W
YDR137W	YNL044W
YDR085C	YDR381W
YJR066W	YKL171W
YFR049W	YIL125W
YJR056C	YLR096W
YDR280W	YOR076C
YAL053W	YKL028W
YCR088W	YHR199C
YDR359C	YIR001C
YGL059W	YGR266W
YFR036W	YGL116W
YDR404C	YGL130W
YGR192C	YIR001C
YHR137W	YLL039C
YFL039C	YPL242C
YDL147W	YIL125W
YBR160W	YLR190W
YHL033C	YOR117W
YNL044W	YOR089C
YDL137W	YFR004W
YML069W	YNL031C
YDR475C	YER133W
YKL161C	YLR096W
YDR259C	YDR311W
YHR023W	YLR196W
YER054C	YKL085W
YCR093W	YNL197C
YDR212W	YGL116W
YCL014W	YHR107C
YLR015W	YLR429W
YLL039C	YNL149C
YDR100W	YPL094C
YLL039C	YNR013C
YDR381W	YOR001W
YDL212W	YPL076W
YDL067C	YHR051W
YHR023W	YLR274W
YDR466W	YLL008W
YJL091C	YPL076W
YDL002C	YNL215W
YAL017W	YDL153C
YHR146W	YPL154C
YDR381W	YHR193C
YGR249W	YPL203W
YJL151C	YLL039C
YDR510W	YOL034W
YJR009C	YNL262W
YDR510W	YJR060W
YDR381W	YOR213C
YGR223C	YJL164C
YDR510W	YHR084W
YDR064W	YDR412W
YBR270C	YHR135C
YER094C	YGR135W
YER100W	YPL078C
YEL002C	YMR264W
YDR510W	YFR031C-A
YBR160W	YER098W
YDR293C	YGR054W
YLR229C	YNL271C
YGR130C	YHR010W
YJL187C	YKR092C
YHL006C	YHR007C
YER133W	YFL023W
YER098W	YOL087C
YHR197W	YLR423C
YAR035W	YLL039C
YJR065C	YLR370C
YDL155W	YIL115C
YHR027C	YOR317W
YHR006W	YNL197C
YGL120C	YPL012W
YCR009C	YGL137W
YDR404C	YOR151C
YGL059W	YJR001W
YDR280W	YMR128W
YKL145W	YMR191W
YDR510W	YNL027W
YDL160C	YNL157W
YJR093C	YKR002W
YJL029C	YKR020W
YCR073C	YDR170C
YDR039C	YJR066W
YER034W	YGL180W
YDL140C	YHR135C
YJR056C	YPL018W
YBR102C	YPR055W
YLR131C	YNL197C
YHR027C	YLR044C
YLL039C	YPR109W
YDR100W	YER101C
YGR130C	YOR014W
YKL181W	YMR291W
YLR310C	YMR084W
YDL028C	YDR162C
YJL164C	YNL136W
YKR022C	YLR424W
YIL046W	YLR082C
YGL180W	YPL146C
YER025W	YFR004W
YPL169C	YPL178W
YBL032W	YDL025C
YLR026C	YML012W
YDL223C	YHR135C
YDR004W	YER095W
YBL032W	YIL011W
YBR112C	YLL039C
YAL029C	YFL039C
YCL034W	YOR181W
YDL240W	YNL090W
YHR088W	YLL008W
YKL110C	YLR384C
YGL116W	YHR166C
YKL116C	YMR184W
YDL153C	YHR135C
YDL155W	YLR131C
YJL124C	YPL220W
YLR093C	YLR268W
YNL027W	YOL128C
YAL019W	YBL088C
YCR002C	YCR009C
YAL034C	YNL197C
YBL059W	YGL070C
YJL183W	YPL050C
YDR482C	YPR101W
YDR168W	YLR113W
YDR224C	YPL047W
YFR004W	YGL030W
YMR236W	YOL148C
YDR054C	YOR244W
YKR054C	YMR117C
YBR221C	YNL071W
YHR082C	YPR131C
YGR103W	YLR106C
YDL195W	YOR234C
YLR447C	YOL018C
YGR167W	YLR170C
YBL030C	YPR152C
YDL237W	YLL039C
YDR129C	YOR181W
YBR031W	YLL039C
YMR001C	YPR058W
YDR334W	YNL215W
YML016C	YMR311C
YDR129C	YDR388W
YBL032W	YJL157C
YDR264C	YMR010W
YBL007C	YLR315W
YBR160W	YIL031W
YMR163C	YOR326W
YIL167W	YJR059W
YDR099W	YDR477W
YAR028W	YLL039C
YBL055C	YDL028C
YAL043C	YCR042C
YDR497C	YLL039C
YAL028W	YOR324C
YLL039C	YMR059W
YFL039C	YGR080W
YDL159W	YLR313C
YGR231C	YKL171W
YJL153C	YML086C
YHR086W	YLR298C
YDR159W	YDR427W
YBL032W	YMR319C
YDL001W	YIL095W
YDR108W	YDR246W
YAL016W	YPL090C
YJR059W	YKL127W
YDL029W	YJL153C
YHR135C	YNL025C
YJL129C	YNL175C
YBR017C	YKR046C
YBL026W	YER029C
YER004W	YIR010W
YOR034C	YOR171C
YER178W	YMR308C
YGR113W	YKL052C
YGR130C	YHR135C
YBL032W	YDR472W
YDL215C	YDR054C
YOR267C	YOR272W
YDR100W	YDR238C
YIR037W	YJR009C
YGR213C	YHR134W
YLR429W	YMR229C
YHR135C	YMR081C
YGR295C	YML048W
YDL140C	YJL164C
YFR031C-A	YNL302C
YGL127C	YNR010W
YJR062C	YOR231W
YDL097C	YEL009C
YGL048C	YIL007C
YAL016W	YDL188C
YMR072W	YPR052C
YHR135C	YKR022C
YLR196W	YOR326W
YKR081C	YNL230C
YHR186C	YPL180W
YCR033W	YDR510W
YDR419W	YDR477W
YHR135C	YPR115W
YIL075C	YLL039C
YDL239C	YMR117C
YAL027W	YPL004C
YGR167W	YNR031C
YLR117C	YPL151C
YHR158C	YJL187C
YNL048W	YPL078C
YLR345W	YMR261C
YIL095W	YOR093C
YDL095W	YOR321W
YDL100C	YJL153C
YBR160W	YGR186W
YDL019C	YGL137W
YBR086C	YGL180W
YNL085W	YNL186W
YFR034C	YLR328W
YGL086W	YIR010W
YDL075W	YFR031C-A
YDR412W	YDR471W
YGL223C	YLR423C
YHR110W	YML012W
YDR129C	YJR066W
YLR153C	YPL106C
YLR310C	YMR139W
YBR097W	YFL053W
YBL032W	YBR225W
YGL059W	YML048W
YGR097W	YPR152C
YER120W	YIL076W
YBR112C	YDR043C
YJL164C	YLR265C
YER055C	YFR004W
YHL024W	YJL164C
YCR077C	YEL015W
YDR255C	YGL227W
YDL188C	YPL106C
YDR510W	YNL031C
YEL009C	YOR023C
YDR412W	YER133W
YPL151C	YPR134W
YBR280C	YEL060C
YAL027W	YPL146C
YLL039C	YOR327C
YBL032W	YLR380W
YLR289W	YPL170W
YHR153C	YJR059W
YIL046W	YNL007C
YDR388W	YGL181W
YBL030C	YMR056C
YHR044C	YLR096W
YDL003W	YJL074C
YLR109W	YOL059W
YBR095C	YMR159C
YHR092C	YKL203C
YAL035W	YGL130W
YDR111C	YER147C
YGR243W	YNL197C
YDR174W	YKR001C
YDR381W	YPR045C
YDR477W	YML048W
YDR510W	YLR117C
YHR152W	YNL302C
YDR506C	YPR201W
YKL171W	YKL203C
YBR081C	YPL154C
YBR160W	YLR102C
YPL106C	YPL231W
YER126C	YKR081C
YJL164C	YMR319C
YML086C	YPL145C
YDR150W	YNL197C
YKR028W	YLL039C
YDR386W	YKR081C
YMR001C	YPR115W
YHR135C	YOL130W
YHR135C	YLR323C
YAL015C	YEL030W
YDR224C	YKR001C
YBR222C	YFR004W
YHR135C	YPR129W
YGR161C	YJR059W
YBR160W	YJL013C
YHL017W	YIL111W
YFR021W	YFR029W
YJL124C	YPR182W
YAL016W	YML109W
YDR380W	YIL034C
YNL044W	YOL018C
YFR004W	YMR099C
YAL035W	YFR034C
YGR103W	YOR234C
YBR155W	YPL141C
YDR427W	YIL075C
YFR028C	YOL078W
YBR160W	YKL161C
YBL032W	YER109C
YBL032W	YDL210W
YJR066W	YKR097W
YHR027C	YNL183C
YER021W	YHR027C
YDR359C	YLR113W
YBL041W	YIL007C
YBR057C	YKR031C
YHR007C	YKL088W
YFL039C	YNL272C
YDR482C	YOR148C
YDL059C	YER095W
YJR047C	YOL128C
YDL101C	YJL111W
YDL110C	YKL015W
YBL056W	YLR240W
YBL032W	YNL053W
YLL039C	YLR429W
YDR038C	YJR066W
YDL060W	YOR145C
YKL015W	YOR231W
YGR113W	YKR037C
YHR114W	YLR127C
YBL032W	YPL128C
YLR079W	YLR361C
YBL032W	YGL127C
YDR150W	YML124C
YBL032W	YOR315W
YJR066W	YNL138W
YIL075C	YKL173W
YML100W	YMR261C
YBL032W	YDL046W
YBL032W	YBR016W
YGR268C	YOR124C
YMR153W	YPL018W
YDR477W	YGL035C
YLL023C	YMR292W
YFR024C-A	YLR206W
YER161C	YHR066W
YDR510W	YLR394W
YHR012W	YLL039C
YDR510W	YLR383W
YBR049C	YKR001C
YDR175C	YNL306W
YGL035C	YMR139W
YGL025C	YML007W
YDR064W	YGL030W
YEL023C	YML109W
YDL051W	YHR135C
YGL229C	YJR066W
YGR275W	YNR023W
YDR254W	YNR013C
YBL047C	YGR241C
YBR043C	YPL058C
YHR073W	YHR152W
YLR102C	YLR127C
YFL048C	YLR080W
YDR394W	YLR106C
YJR113C	YNL081C
YHR172W	YNL188W
YDR142C	YDR244W
YHR199C	YLR427W
YDR412W	YPL146C
YFL039C	YNL271C
YFR021W	YNR058W
YFR004W	YGR186W
YGR048W	YPL222W
YBL043W	YDR099W
YDR381W	YGL099W
YBR160W	YNL186W
YDR064W	YJL190C
YGR108W	YLR079W
YLL039C	YML100W
YBR081C	YLL039C
YHL010C	YKR017C
YER029C	YML049C
YDR394W	YML124C
YDR035W	YFR004W
YIL027C	YJR152W
YHL006C	YLR046C
YDR064W	YPL090C
YGL078C	YOR117W
YGR037C	YHR016C
YNL197C	YPL137C
YCR072C	YNL182C
YLR090W	YPR036W
YBR217W	YDL147W
YLL039C	YPL079W
YGL116W	YJL030W
YDL188C	YPR040W
YHR027C	YJL167W
YDR071C	YLR096W
YHR066W	YIR010W
YBL064C	YDR069C
YLR018C	YPR028W
YBR231C	YDR334W
YBL007C	YGL104C
YEL013W	YGL006W
YER019C-A	YML019W
YLR414C	YNL197C
YDR436W	YKL193C
YFL045C	YLL039C
YAL019W	YDL097C
YBR284W	YDL238C
YHR030C	YHR102W
YDL003W	YGR184C
YGR256W	YMR059W
YGL120C	YPL016W
YAR007C	YJL173C
YJL030W	YNL236W
YDR381W	YNL230C
YAL053W	YMR238W
YJL090C	YNL197C
YCL008C	YGR206W
YDR293C	YLR022C
YDR174W	YIL150C
YDR128W	YHR033W
YEL023C	YJL052W
YGR268C	YOR138C
YDL155W	YHR033W
YDR369C	YJR021C
YBL032W	YDR143C
YGR192C	YLR039C
YDR357C	YGL079W
YFR050C	YOR261C
YLR233C	YPL012W
YJR065C	YOR181W
YGL206C	YGR167W
YDL100C	YML101C
YER025W	YOR212W
YDR127W	YHR082C
YFR034C	YGL048C
YDR224C	YLR074C
YGL137W	YGR037C
YJL074C	YMR001C
YDR388W	YLR381W
YKR081C	YMR123W
YGL180W	YGL208W
YDR023W	YHR079C
YBL032W	YGL219C
YLR109W	YLR135W
YBR217W	YDL029W
YKL126W	YKL203C
YJL155C	YLR345W
YGR186W	YNL124W
YDR099W	YFR004W
YDR381W	YKL114C
YDR510W	YER013W
YBL026W	YJL124C
YCR028C-A	YCR033W
YDR244W	YLL039C
YBR041W	YKR046C
YDR330W	YHR082C
YHR152W	YMR308C
YER134C	YHR171W
YDR064W	YDR510W
YMR308C	YNL031C
YBR252W	YDL079C
YMR275C	YNL183C
YBL032W	YMR154C
YHR194W	YOR147W
YBR036C	YBR161W
YLR396C	YOR036W
YDR162C	YPL180W
YDR085C	YNL197C
YDR054C	YKR009C
YGL030W	YPL220W
YDL188C	YFR050C
YBR160W	YDR146C
YHR123W	YML012W
YDL089W	YML008C
YLR007W	YLR383W
YJL164C	YOR113W
YLL039C	YPL160W
YGR180C	YOR244W
YDR032C	YPL106C
YDR143C	YLL024C
YBR156C	YIL106W
YAL059W	YJL194W
YHR135C	YML007W
YAL032C	YDR510W
YBL087C	YOL098C
YDL028C	YER115C
YFL023W	YOR332W
YBL010C	YHR082C
YOL123W	YPR106W
YBR068C	YJR001W
YBR039W	YDL029W
YDR388W	YNL103W
YAL042W	YLR026C
YLL039C	YML013W
YER103W	YNL157W
YBR194W	YMR246W
YGL048C	YOR117W
YBL032W	YHR096C
YJL074C	YMR065W
YDR023W	YDR388W
YDR388W	YOR047C
YDR100W	YMR024W
YDR247W	YNR034W
YDR456W	YIL171W
YHR027C	YML124C
YNL148C	YNL183C
YLL050C	YLR429W
YBL007C	YJL151C
YER070W	YOR117W
YLR313C	YLR362W
YDR169C	YJR059W
YLR196W	YPR115W
YLR424W	YML049C
YDR381W	YER103W
YDL212W	YGR191W
YOR001W	YPL146C
YJR090C	YLL039C
YBL032W	YMR109W
YHR114W	YPL277C
YLL039C	YML123C
YMR212C	YOR181W
YDR259C	YJL164C
YGL025C	YGL127C
YJL176C	YNR023W
YIL076W	YLR259C
YDR069C	YJL130C
YGR223C	YMR109W
YDR166C	YNL272C
YBR080C	YGL137W
YBL032W	YNL016W
YBL032W	YPL253C
YDR394W	YIL007C
YHL002W	YOR181W
YDR159W	YJR042W
YER013W	YPL151C
YBR058C	YLR377C
YFL029C	YLL008W
YJL001W	YKL145W
YJR059W	YPR107C
YDR284C	YHL017W
YIR010W	YLR381W
YBL023C	YBR126C
YBR126C	YFR004W
YLR109W	YMR022W
YGL179C	YLR257W
YMR037C	YNL136W
YGR252W	YKL060C
YBR171W	YPL076W
YDL075W	YGR103W
YHR027C	YPL061W
YBL007C	YDL214C
YHL003C	YPL094C
YGR126W	YHR135C
YBR148W	YOR244W
YDR264C	YLR026C
YDL147W	YGR232W
YHR107C	YML056C
YER114C	YPL158C
YGR252W	YMR319C
YMR112C	YPL042C
YAL041W	YJL157C
YHR110W	YNL130C
YGR098C	YHL025W
YDR091C	YPL220W
YDL239C	YKL103C
YAL035W	YMR229C
YHR197W	YLR074C
YGR252W	YPL047W
YJR118C	YPL094C
YMR246W	YPR152C
YNL136W	YNL246W
YBL103C	YJL176C
YFR004W	YNL059C
YAL035W	YER025W
YBR272C	YDL147W
YKR065C	YNR017W
YER047C	YOL034W
YER030W	YOR244W
YBR167C	YNL282W
YMR184W	YPL203W
YNL097C	YPR023C
YLR258W	YPL219W
YDL215C	YOL034W
YBR086C	YOR267C
YGL059W	YJR059W
YFR028C	YHR076W
YNL055C	YNL085W
YER172C	YPR101W
YBR223C	YLR429W
YFR004W	YPR131C
YKL093W	YPL203W
YBL030C	YIL022W
YNL103W	YNL272C
YGL059W	YKR092C
YBL032W	YNL036W
YGL130W	YKR001C
YDR311W	YNL135C
YGL048C	YMR016C
YNR035C	YOR181W
YLR313C	YOR231W
YBR072W	YJL047C
YJL164C	YOL018C
YFR028C	YGR070W
YDR069C	YJR001W
YLR424W	YPR101W
YJL084C	YJR005W
YBR052C	YGR065C
YDL188C	YHR135C
YHR197W	YPL146C
YHR088W	YPL125W
YBL030C	YLL039C
YDR381W	YPL151C
YAR007C	YOR038C
YLR344W	YNL124W
YDR346C	YDR510W
YPL269W	YPR120C
YDR432W	YKR095W
YDL147W	YGR135W
YDL139C	YMR109W
YAL027W	YER095W
YFL039C	YLL050C
YCL025C	YDR276C
YMR004W	YOR047C
YCL008C	YLR191W
YDR479C	YHR008C
YCR009C	YJR066W
YLL039C	YOL073C
YBR217W	YER021W
YFR024C-A	YPR171W
YMR117C	YPL016W
YLR424W	YOR357C
YGL207W	YOR039W
YHR107C	YMR001C
YER013W	YPL178W
YDR057W	YML013W
YDR412W	YOR001W
YBR194W	YKL145W
YBR041W	YJL151C
YER133W	YKL059C
YML012W	YML016C
YGR048W	YPR154W
YGL179C	YNL186W
YNL197C	YOR137C
YIR010W	YOR109W
YDL100C	YNL149C
YBR143C	YOR117W
YHR135C	YJL166W
YDL087C	YKL173W
YDL239C	YLR423C
YFR033C	YNL236W
YDR032C	YNL283C
YDL101C	YKL025C
YDL051W	YDR477W
YDL088C	YER105C
YAR042W	YBR143C
YDR192C	YKL057C
YBR258C	YDL140C
YDR259C	YHR079C
YDL149W	YLR423C
YIL149C	YKR095W
YJL030W	YPR029C
YDR224C	YDR510W
YEL002C	YML019W
YGR223C	YOR089C
YHR186C	YNL183C
YHR084W	YKL161C
YHL002W	YMR084W
YDL140C	YOR151C
YCR091W	YGR223C
YBL014C	YML043C
YBL056W	YCR009C
YFR031C-A	YPR129W
YLR074C	YPL013C
YDL210W	YKL171W
YDR412W	YOR272W
YLR370C	YNR035C
YGR237C	YKR081C
YHR031C	YNL262W
YFR034C	YOL108C
YGL137W	YOR117W
YDR179C	YER013W
YBL032W	YOR003W
YFL021W	YJR066W
YDL225W	YHR107C
YAL028W	YPL094C
YCR028C-A	YPR129W
YBL032W	YML015C
YGR037C	YGR136W
YNR017W	YOR211C
YIL027C	YJL192C
YHR152W	YOR358W
YBR160W	YDR379W
YDR412W	YPL220W
YBL037W	YOL062C
YIR010W	YKL214C
YDR256C	YNR031C
YAR028W	YJL219W
YER054C	YLR258W
YEL030W	YNL230C
YCR072C	YGL099W
YNL059C	YOR141C
YDR381W	YLR115W
YKL206C	YOR244W
YKL056C	YOR117W
YDL029W	YOR181W
YDR064W	YMR128W
YBR173C	YKL145W
YBR270C	YIL046W
YLR310C	YPR023C
YDR394W	YHR027C
YBR035C	YOR244W
YLR330W	YPL220W
YBR108W	YGL180W
YIL023C	YNL197C
YFR028C	YIL095W
YDL025C	YDR132C
YDR499W	YJL090C
YBR217W	YPL149W
YDR363W-A	YGR232W
YGR223C	YLR377C
YBR221C	YGL130W
YIR037W	YML086C
YEL009C	YNR023W
YBL032W	YCR038C
YBR068C	YFR024C-A
YML007W	YPL042C
YHR079C	YMR229C
YJR045C	YNR017W
YBL032W	YIL122W
YDL147W	YOR269W
YER139C	YOR210W
YBR160W	YIL135C
YFR004W	YOL123W
YDL212W	YKR039W
YFR028C	YGL003C
YBR222C	YLR240W
YOR117W	YPL048W
YEL002C	YML012W
YLR423C	YOR117W
YML049C	YPL178W
YBR146W	YOL027C
YHR096C	YLL039C
YGR252W	YKL193C
YMR305C	YNL197C
YDR482C	YNR011C
YDL044C	YMR257C
YDR246W	YDR472W
YER172C	YJL124C
YLR221C	YOL058W
YDR311W	YGR098C
YNL251C	YPL178W
YBR194W	YJL176C
YHR134W	YKL145W
YGL051W	YIL095W
YER133W	YLL039C
YHL033C	YLL039C
YGR191W	YJR117W
YAL031C	YER133W
YLL039C	YPL269W
YFL038C	YFR004W
YHR079C	YML075C
YDR090C	YLL039C
YHR114W	YPL049C
YHL024W	YHR135C
YIL092W	YMR109W
YIR010W	YMR246W
YHR114W	YOR181W
YFR036W	YMR001C
YBR223C	YPL181W
YGR023W	YNL197C
YML008C	YMR059W
YBR146W	YNL306W
YCR028C-A	YNL157W
YDL047W	YLL039C
YGR185C	YPR106W
YLL039C	YOR117W
YKL062W	YMR172W
YBL007C	YPR171W
YNL222W	YOR151C
YGL079W	YHR135C
YBR221C	YIR010W
YLR268W	YPL232W
YDL095W	YGR266W
YBR023C	YER166W
YDR510W	YLR259C
YDR264C	YOR171C
YHR027C	YML086C
YDL077C	YLR396C
YGL124C	YML007W
YJR059W	YNL186W
YML123C	YOR307C
YLR113W	YLR138W
YKL163W	YNL197C
YHR010W	YNL132W
YAR007C	YLR429W
YGL006W	YLR093C
YML123C	YNL116W
YLR380W	YNL197C
YLR116W	YMR065W
YBR036C	YPL264C
YBR141C	YGL091C
YBL007C	YDL146W
YBL032W	YLR055C
YBR039W	YDR168W
YDL137W	YDR100W
YBL030C	YFR004W
YJL030W	YJL206C
YDR390C	YPL106C
YBR108W	YHR114W
YGL025C	YNL236W
YKL203C	YOL078W
YLL008W	YNL001W
YKL181W	YOR244W
YDR477W	YER133W
YHL033C	YJL190C
YDR108W	YDR472W
YER047C	YLR191W
YBR160W	YKL043W
YBL106C	YPL174C
YFR050C	YJL001W
YDL239C	YPL124W
YFR024C-A	YHR178W
YBR138C	YGR223C
YDR266C	YLL039C
YJR090C	YMR032W
YJR059W	YMR165C
YHR027C	YHR193C
YBR102C	YJL085W
YDR497C	YNL217W
YDR247W	YMR270C
YER019C-A	YGL022W
YFR034C	YNL004W
YGR209C	YOR181W
YDR359C	YDR510W
YEL030W	YJR062C
YGL120C	YKR022C
YJL164C	YOR151C
YBL104C	YNL197C
YKR075C	YNL197C
YJL004C	YLR241W
YHR186C	YLR377C
YGL207W	YJL187C
YNL055C	YPR164W
YGL037C	YGL116W
YAL017W	YNR047W
YBL032W	YDL232W
YGL120C	YGR280C
YDR363W-A	YHR027C
YHR082C	YNL197C
YMR276W	YNL268W
YHR082C	YML025C
YIL023C	YLL023C
YAL035W	YPR152C
YIL007C	YOR117W
YJL164C	YPR040W
YFR004W	YPL160W
YBL032W	YNL124W
YDL147W	YFL007W
YGR234W	YJL074C
YBL017C	YHR108W
YBR108W	YPL141C
YGR266W	YLL039C
YBL032W	YMR002W
YLR178C	YMR297W
YBL045C	YNL118C
YDR510W	YMR219W
YDR343C	YNL032W
YFR004W	YJR073C
YER166W	YLL039C
YAL029C	YHR023W
YGL056C	YJL187C
YIL097W	YPL061W
YDL161W	YOR181W
YBL074C	YPR182W
YBL032W	YJL212C
YBR039W	YFR028C
YLR292C	YPL094C
YDL239C	YOR324C
YLL039C	YNL117W
YHL039W	YLR208W
YBL092W	YGL030W
YER021W	YJL207C
YBR173C	YJL001W
YBL032W	YKL146W
YAL027W	YDR174W
YGL179C	YGR126W
YBL014C	YHR135C
YDL159W	YPR082C
YER115C	YLR310C
YHR197W	YLR106C
YBL092W	YFR031C-A
YLR274W	YOR326W
YGL209W	YHR135C
YJL110C	YOL081W
YHR027C	YIL075C
YKL146W	YLL039C
YLL039C	YPR042C
YDR480W	YKL116C
YDL165W	YKL002W
YLR113W	YLR362W
YDR105C	YGL006W
YJL082W	YNL197C
YFR028C	YIR010W
YFR034C	YHR008C
YDR394W	YDR427W
YFR028C	YKR031C
YGL086W	YKR095W
YHR181W	YLR026C
YGR130C	YPR152C
YBR194W	YER172C
YDR462W	YOR150W
YKL161C	YPL140C
YDR235W	YHR086W
YCR087C-A	YDR398W
YIR010W	YMR117C
YHR107C	YMR117C
YHR007C	YNL130C
YBR183W	YDR276C
YDR469W	YHR060W
YLR196W	YLR233C
YHR058C	YML007W
YDR027C	YFL029C
YDL140C	YLR384C
YCR088W	YOR181W
YLL039C	YPR184W
YDL029W	YOR212W
YDR425W	YJR110W
YOR046C	YPL122C
YBL032W	YDR076W
YDR412W	YLR106C
YKR097W	YPL180W
YNL271C	YPR152C
YNL090W	YPL174C
YDR469W	YNL031C
YFR024C-A	YOR181W
YJR130C	YPL042C
YDR128W	YLR208W
YGL137W	YML067C
YER029C	YPR152C
YDR381W	YER171W
YHR073W	YHR135C
YDL047W	YOR267C
YLL039C	YPL232W
YKR001C	YNL059C
YDR388W	YNL138W
YDL147W	YOR157C
YDL155W	YGL197W
YDR330W	YGL180W
YHR114W	YJL151C
YIR025W	YLR127C
YDL212W	YHR007C
YDR023W	YOL123W
YLL039C	YPR155C
YAL028W	YLR292C
YBL047C	YOL087C
YGR158C	YNL232W
YIL171W	YLR096W
YLR345W	YOR244W
YGL059W	YKL171W
YIL171W	YPR028W
YDR381W	YPR178W
YCR028C-A	YJL173C
YKR029C	YNL031C
YJL167W	YPL149W
YDR166C	YGL233W
YOR109W	YPR171W
YGL208W	YOR244W
YGL120C	YOL115W
YDR510W	YGL157W
YDL227C	YPL125W
YAL015C	YEL060C
YBL032W	YLR080W
YLR403W	YPL180W
YJR059W	YPR115W
YGR048W	YML013W
YLR006C	YLR233C
YER177W	YMR086W
YDR132C	YJR102C
YKR092C	YLR429W
YDR091C	YLR192C
YLR026C	YLR093C
YJL099W	YLR330W
YHR166C	YOR249C
YAR042W	YBL032W
YBL032W	YKL062W
YAL030W	YDR164C
YAL060W	YDR510W
YCL052C	YEL060C
YKL117W	YLR216C
YCR077C	YDL160C
YDL101C	YLR001C
YFL011W	YJL222W
YHR084W	YPR152C
YJR059W	YKL080W
YGR180C	YKL168C
YDR075W	YDR212W
YBL032W	YKL215C
YBL038W	YDR462W
YMR024W	YOR150W
YGL210W	YOR326W
YDL100C	YPR075C
YER062C	YFR004W
YML113W	YNL197C
YBR217W	YHR171W
YCR088W	YFR024C-A
YEL058W	YFR004W
YJR060W	YNL103W
YKL116C	YNL272C
YEL060C	YJL124C
YBR031W	YLR424W
YBR041W	YDL153C
YDL144C	YDR088C
YGL104C	YML075C
YBR273C	YHR082C
YDL097C	YER021W
YAL041W	YNL175C
YBL105C	YMR113W
YDL155W	YFL009W
YDR023W	YDR143C
YDL212W	YDR508C
YMR139W	YMR291W
YLR141W	YMR270C
YAL028W	YCR091W
YNL136W	YPR023C
YLR377C	YOL126C
YDL075W	YGR285C
YHR030C	YNR031C
YDL147W	YOL126C
YKR068C	YLL039C
YJR103W	YLL039C
YER167W	YHR158C
YKL060C	YPR152C
YDR238C	YGL137W
YDR143C	YJL052W
YBR108W	YHR079C
YHL002W	YOR076C
YLR131C	YNL254C
YDR329C	YLR191W
YPL155C	YPL269W
YJR059W	YML118W
YML126C	YMR059W
YPL090C	YPR025C
YCR061W	YPR058W
YBL032W	YKL093W
YDL030W	YLR117C
YLL019C	YNL004W
YDR143C	YJR009C
YDR510W	YML070W
YDR510W	YLR420W
YBR183W	YDR039C
YDR515W	YPR188C
YDR477W	YPL042C
YBR160W	YOR058C
YBL036C	YMR319C
YBL007C	YLR430W
YDR462W	YOL027C
YNL055C	YOL087C
YER133W	YIR010W
YDR264C	YLL039C
YKR035W-A	YPR173C
YBL026W	YEL015W
YAL028W	YDL239C
YDR032C	YPL058C
YDR318W	YPL018W
YNL007C	YPL106C
YOR326W	YPL249C
YAL010C	YNL026W
YBR049C	YDR490C
YGL137W	YMR291W
YJR066W	YNL135C
YDR208W	YOR181W
YER177W	YLL024C
YBR045C	YBR148W
YER021W	YGL205W
YIR037W	YKL028W
YIR010W	YLR096W
YKL171W	YMR229C
YHR027C	YJL190C
YGL066W	YPL042C
YDR477W	YLR191W
YFR004W	YGL055W
YLR315W	YPL018W
YFR004W	YKL196C
YGR192C	YGR254W
YER029C	YPR178W
YJL186W	YOL018C
YLL024C	YPL110C
YDL186W	YHR079C
YML016C	YPL004C
YJR125C	YNR006W
YDL019C	YOR181W
YBR160W	YJR141W
YHR027C	YKL127W
YDL047W	YDR465C
YCR024C-A	YDL212W
YFR053C	YLR131C
YDR477W	YPR171W
YDR409W	YDR510W
YBR160W	YFR004W
YHR027C	YKL171W
YDL215C	YKL171W
YBR072W	YJR043C
YIR010W	YOR304W
YFR019W	YNL135C
YKL145W	YPL094C
YGL180W	YOL070C
YHR193C	YIR010W
YBR198C	YMR236W
YJL219W	YJR161C
YIR025W	YLR102C
YKL002W	YMR077C
YFR036W	YNL197C
YFR028C	YJR066W
YMR192W	YPR154W
YBR198C	YKL058W
YGR068C	YGR080W
YCL014W	YJL052W
YBL104C	YER172C
YER021W	YKL132C
YDL147W	YJL001W
YLR427W	YNL132W
YDR100W	YGR223C
YNL265C	YNR006W
YDR510W	YGL206C
YBL032W	YHR152W
YBL032W	YOR014W
YAL028W	YJL187C
YOR034C	YOR357C
YBR198C	YCR042C
YCL025C	YML038C
YHL020C	YOL108C
YDR480W	YHR084W
YBR119W	YPR182W
YER170W	YJL141C
YBL007C	YBL037W
YBL032W	YPL049C
YFR043C	YLL039C
YFR004W	YOR109W
YBL032W	YMR276W
YDR462W	YKL167C
YAL034C	YBL032W
YKL124W	YOR326W
YBL032W	YNR002C
YNL197C	YPL116W
YBL026W	YGR158C
YNR011C	YPL012W
YDR334W	YER133W
YJL168C	YKR081C
YGR215W	YNL306W
YPL050C	YPR154W
YDL030W	YPR182W
YBL093C	YHR058C
YGL198W	YOR132W
YGR038W	YJR059W
YGL025C	YPL042C
YBR225W	YLR310C
YBR143C	YFR004W
YDR284C	YPR036W
YDL053C	YPL042C
YDR510W	YGR048W
YDR212W	YLL039C
YHR079C	YMR184W
YLL039C	YLL040C
YGL059W	YIL135C
YEL009C	YGL025C
YHR030C	YLR096W
YNL097C	YPL181W
YDL100C	YHR027C
YDL075W	YOL040C
YER166W	YFR024C-A
YDL197C	YNL124W
YGR104C	YOR141C
YJR045C	YNL078W
YJL052W	YOR117W
YDR110W	YHR152W
YDL227C	YMR308C
YGR232W	YNL067W
YML056C	YNL230C
YDR086C	YEL002C
YBR123C	YGL133W
YGR167W	YNL183C
YBL045C	YOR065W
YDL101C	YKR097W
YHR113W	YNL222W
YBL032W	YFL021W
YBL041W	YER021W
YDL159W	YFR028C
YBL032W	YLR295C
YHL025W	YPL016W
YDR159W	YIL115C
YFR034C	YML056C
YGR252W	YIL149C
YHR135C	YPL078C
YCR038C	YLR293C
YDR100W	YHR016C
YDR064W	YOR117W
YBL023C	YJL194W
YHL017W	YJL004C
YDL029W	YDR032C
YDR471W	YPL220W
YNR034W	YOR178C
YCR073W-A	YDL214C
YDR176W	YPL011C
YML007W	YNR023W
YER172C	YKL173W
YJL176C	YMR224C
YDR168W	YDR463W
YDR510W	YER120W
YMR117C	YMR224C
YDR481C	YDR510W
YMR001C	YPL154C
YGL137W	YNL274C
YDL075W	YDR064W
YDR159W	YDR363W-A
YLR228C	YPL042C
YBL032W	YNL056W
YML007W	YOL148C
YDR479C	YLR089C
YJR042W	YPL215W
YDR388W	YPR171W
YDL160C	YHR027C
YDR086C	YOR117W
YDL075W	YHR197W
YGL227W	YIL017C
YGR286C	YKR064W
YGL120C	YMR128W
YNL055C	YNL090W
YGR234W	YLL039C
YDR477W	YHR207C
YMR139W	YNL197C
YML048W	YML067C
YDR006C	YLR192C
YBL032W	YHR139C
YDR064W	YMR031C
YBR039W	YDL059C
YDR386W	YNL132W
YGL180W	YNL182C
YHR016C	YOR181W
YDL188C	YOR014W
YGR129W	YPL151C
YBL032W	YDR492W
YAL032C	YML049C
YHR016C	YOR109W
YNL037C	YPL090C
YDR159W	YMR304W
YDR381W	YNL293W
YBR052C	YBR132C
YBR041W	YGR192C
YAR007C	YDL140C
YDR381W	YDR515W
YDL003W	YLR399C
YCR028C-A	YNL016W
YHR186C	YOR181W
YFL007W	YKL168C
YNL118C	YPR129W
YJR009C	YML056C
YDR071C	YFR004W
YER116C	YJL187C
YCR063W	YNR011C
YDR178W	YKL141W
YDL095W	YDR388W
YBL032W	YNL078W
YBR160W	YFL029C
YLL024C	YMR128W
YER111C	YGL207W
YJL187C	YPL124W
YGR183C	YML086C
YJL060W	YOR327C
YNL031C	YNL246W
YDL028C	YNL186W
YDL028C	YGL086W
YER177W	YOR326W
YDR477W	YER129W
YDL147W	YKL145W
YHR088W	YOR272W
YDR510W	YHR027C
YBL032W	YMR134W
YCL040W	YFR004W
YBL032W	YFR008W
YGR266W	YJL164C
YGR048W	YKL213C
YFR017C	YPR184W
YLL039C	YOL096C
YJL099W	YKR027W
YDL075W	YNR053C
YDL214C	YGR249W
YDR388W	YOR357C
YGL030W	YHL011C
YDL097C	YIL007C
YDL077C	YLR093C
YDL225W	YDR477W
YDR027C	YKR020W
YMR314W	YOR157C
YDR056C	YFR028C
YCR063W	YLR117C
YIL034C	YJL187C
YDR293C	YMR304W
YEL009C	YOR117W
YGL070C	YJL168C
YBR194W	YPL070W
YBR160W	YOL070C
YER105C	YLR208W
YAL039C	YJR059W
YLR447C	YPR036W
YFL023W	YPR169W
YLL039C	YPL058C
YJR121W	YPL271W
YNL188W	YOR257W
YHR113W	YKL103C
YDR388W	YDR515W
YLR265C	YOR005C
YGR252W	YMR236W
YGL133W	YPL016W
YBL032W	YJR095W
YDR054C	YFL009W
YDR170C	YNL183C
YFR024C-A	YGL180W
YBR083W	YMR164C
YBL032W	YLR018C
YDL214C	YMR102C
YDR141C	YNL297C
YER133W	YHR097C
YNL031C	YPL116W
YDR427W	YMR314W
YLL039C	YPL119C
YNL243W	YNR035C
YDR143C	YGL078C
YER094C	YFR004W
YCR063W	YPL151C
YGL056C	YGL179C
YDR175C	YPL013C
YJL052W	YML056C
YML008C	YMR228W
YJL110C	YKR081C
YBL032W	YOL136C
YJL187C	YNL027W
YDR159W	YDR264C
YML086C	YPL186C
YKL022C	YPR152C
YML049C	YNR011C
YHR135C	YMR165C
YHL003C	YHR110W
YNL283C	YPL058C
YHR027C	YPR036W
YIR025W	YPL018W
YKL020C	YOR124C
YHR007C	YKR072C
YBR160W	YJR092W
YNL124W	YPL036W
YBL056W	YBR039W
YGL180W	YNL304W
YJR117W	YLR018C
YCL008C	YMR032W
YLL008W	YOR272W
YDR388W	YLR015W
YEL013W	YKR007W
YFL039C	YLR399C
YJL187C	YPL181W
YER177W	YLR028C
YHL023C	YLR096W
YKL129C	YMR109W
YOR257W	YPL116W
YGL133W	YKR001C
YDR159W	YPR152C
YDL028C	YKR096W
YMR200W	YOR021C
YEL002C	YGL022W
YGR130C	YKL193C
YDR412W	YHL033C
YGL181W	YGR167W
YBR034C	YEL016C
YLL039C	YMR304W
YDR108W	YDR363W-A
YDR054C	YJL187C
YDR206W	YJL030W
YBL032W	YDR508C
YGL137W	YMR105C
YFL009W	YLR079W
YKL022C	YLR102C
YJR093C	YLR044C
YJL076W	YMR001C
YAL039C	YJL164C
YDL147W	YDR394W
YFR031C-A	YLR344W
YBR114W	YPL154C
YDL089W	YDR439W
YBR221C	YKL117W
YBL026W	YKL173W
YGL180W	YLR244C
YDR099W	YJR005W
YBL093C	YGL025C
YML051W	YNR010W
YJL012C	YJR143C
YER095W	YJR009C
YDL140C	YHR088W
YFL007W	YML109W
YLL024C	YNL007C
YDR280W	YMR229C
YDL030W	YER029C
YDR482C	YER172C
YBR031W	YDR099W
YHR034C	YLL039C
YBR280C	YDR054C
YDR359C	YNL136W
YBR160W	YNL188W
YER177W	YJL076W
YFR053C	YLR135W
YBL007C	YLR078C
YFR004W	YOR128C
YDR156W	YPR049C
YGL023C	YKR007W
YGL116W	YJL164C
YBL087C	YJL130C
YER062C	YHL032C
YBL032W	YBR083W
YHR027C	YJL111W
YDR211W	YOL128C
YPL012W	YPL141C
YDR432W	YHR086W
YDR394W	YMR314W
YJL085W	YLR229C
YFL039C	YHR027C
YBR194W	YGR254W
YMR021C	YOR111W
YBL032W	YOR030W
YPL122C	YPR056W
YDR142C	YHR160C
YBR068C	YJL192C
YFR004W	YPL145C
YER161C	YKR081C
YFR004W	YLR208W
YCR021C	YHL016C
YFR024C-A	YMR162C
YDR284C	YNL111C
YDR406W	YLL039C
YNR023W	YPL016W
YBL032W	YJR021C
YAL029C	YLR196W
YLL039C	YMR022W
YAL059W	YBR194W
YIR010W	YPL037C
YDR032C	YHR027C
YDR410C	YER100W
YMR032W	YNL271C
YDL140C	YGL048C
YMR109W	YOR047C
YNL182C	YNR053C
YBR160W	YPR171W
YHR034C	YPL193W
YER054C	YER133W
YDR381W	YDR386W
YDR054C	YOL063C
YCL043C	YMR291W
YFL048C	YLR268W
YEL013W	YIL129C
YBL032W	YPL108W
YEL013W	YFR004W
YNL191W	YNL197C
YNR011C	YPL178W
YHR084W	YPL049C
YJR009C	YLL039C
YBL032W	YLR265C
YFR034C	YMR229C
YBR225W	YHR082C
YBR160W	YPL155C
YAL043C	YNL222W
YDR311W	YMR294W
YFL009W	YOL025W
YDL025C	YFR028C
YDR346C	YJL187C
YDL153C	YPR178W
YJL074C	YKR009C
YDR150W	YLL039C
YLR079W	YPR120C
YML056C	YPL220W
YDR381W	YIR010W
YGR136W	YNL293W
YBL032W	YJR108W
YDL059C	YML032C
YMR112C	YNR010W
YFR004W	YKL213C
YDR086C	YHR027C
YAL017W	YLR257W
YHR030C	YJL001W
YIL036W	YIL150C
YDR038C	YNL197C
YJL090C	YNL262W
YBL058W	YBR223C
YBR039W	YIL106W
YBR081C	YGR252W
YLR028C	YPL004C
YFR034C	YHL002W
YGL078C	YLR196W
YDR212W	YOR117W
YER172C	YFR019W
YGL207W	YML069W
YLL039C	YLR079W
YIL078W	YOR117W
YMR139W	YPL141C
YGL179C	YKL206C
YLL024C	YLR310C
YBL032W	YNL197C
YBR161W	YJR001W
YLR423C	YMR124W
YBL038W	YDR164C
YFR028C	YOR265W
YHR114W	YLR426W
YDL140C	YDR404C
YIR010W	YLL008W
YCR073W-A	YER133W
YGL202W	YHR027C
YDR427W	YML124C
YJR117W	YLL039C
YLR378C	YOR324C
YPR082C	YPR101W
YLL039C	YOL025W
YDL198C	YML123C
YDR124W	YPL118W
YEL002C	YGL137W
YER021W	YJL001W
YHR027C	YMR191W
YFR004W	YGR209C
YGL206C	YOR109W
YGR104C	YNL236W
YDR159W	YOR046C
YDR394W	YNL085W
YJL164C	YOR083W
YDR394W	YHR030C
YBL032W	YER039C
YDL147W	YFR050C
YBL032W	YML117W
YDL150W	YPR190C
YFL039C	YLR196W
YDL140C	YLL039C
YHR016C	YKL129C
YLR093C	YLR396C
YDR510W	YGR186W
YDR354W	YER065C
YLR018C	YPL169C
YGL059W	YJL084C
YGR148C	YPR152C
YKL173W	YPR182W
YHR010W	YHR066W
YDL019C	YER120W
YJL031C	YPR176C
YGL055W	YIL027C
YER136W	YOR089C
YBL032W	YOR349W
YBR056W	YLL039C
YBL032W	YPL140C
YHR113W	YJL030W
YJL141C	YLR109W
YGR161C	YKR027W
YDR477W	YJL076W
YJR042W	YPL169C
YLR127C	YMR001C
YCR002C	YJR092W
YDR205W	YNL197C
YBR036C	YJR117W
YDL188C	YML109W
YLR429W	YMR109W
YIR010W	YLL024C
YLR106C	YNL182C
YFL026W	YGR037C
YIR010W	YJL190C
YGL137W	YOR327C
YDR088C	YDR110W
YGL180W	YJR092W
YNL272C	YOR267C
YBL078C	YIL146C
YML024W	YPL012W
YCL040W	YLL039C
YGR252W	YNL031C
YGL180W	YNL272C
YDR174W	YGR275W
YIL026C	YMR001C
YDL188C	YKL028W
YCL010C	YGL066W
YML049C	YPR101W
YHR050W	YJR015W
YJR059W	YLR133W
YAL053W	YBR023C
YMR308C	YPL012W
YAL021C	YGR184C
YKR002W	YLL039C
YLL039C	YNL036W
YIR010W	YOR210W
YJR110W	YLR002C
YHR082C	YKL161C
YBR083W	YPL049C
YBR114W	YCR028C-A
YGL059W	YHR207C
YDL025C	YPL220W
YJL187C	YNL125C
YGL210W	YMR291W
YDL075W	YNL175C
YBL032W	YDR169C
YLL039C	YML028W
YHR066W	YLR002C
YJL164C	YJL167W
YDR127W	YGR240C
YDR178W	YMR032W
YBR080C	YLR043C
YDR176W	YMR236W
YEL044W	YNL059C
YER111C	YGR192C
YDR394W	YKL145W
YGR103W	YOR005C
YBR183W	YJR117W
YBR225W	YER133W
YIR009W	YNR011C
YHR030C	YHR193C
YHL002W	YNR006W
YDL002C	YGR192C
YMR258C	YOR089C
YLR373C	YPL128C
YDL030W	YHR152W
YJL110C	YOR249C
YBR080C	YJL030W
YAL021C	YER133W
YHR197W	YNR053C
YDL095W	YML012W
YDR076W	YER095W
YIR010W	YKL060C
YGR240C	YPL140C
YDL018C	YHR110W
YKR095W	YPL169C
YDR477W	YJL084C
YDL188C	YGR161C
YGL120C	YJL190C
YBR182C	YER062C
YDR142C	YOR326W
YKL203C	YPL180W
YMR229C	YPL220W
YPR101W	YPR182W
YJL176C	YMR072W
YCR042C	YLL039C
YAL043C	YLL039C
YDR510W	YPL158C
YDR412W	YIL149C
YGR103W	YLL039C
YGL229C	YPR040W
YER021W	YFR004W
YFL038C	YOL018C
YDR386W	YLR196W
YBL032W	YCR079W
YJR066W	YOR035C
YIR025W	YMR308C
YML019W	YOR085W
YDR208W	YPR052C
YBR160W	YPR120C
YGL120C	YGR129W
YBR171W	YOR324C
YER111C	YIL050W
YFL039C	YNL004W
YBL032W	YKR052C
YML025C	YMR024W
YEL055C	YPL141C
YHR114W	YOR109W
YKL129C	YNL025C
YDL160C	YNL118C
YDR247W	YGR237C
YML017W	YPR152C
YDR510W	YML069W
YLL024C	YMR129W
YCR079W	YER178W
YLL039C	YPL231W
YGL124C	YLL039C
YCR088W	YGL206C
YBL032W	YOR181W
YDR508C	YKL220C
YBR052C	YLL039C
YBR194W	YLR044C
YGL180W	YPL181W
YMR109W	YNL271C
YBL058W	YLR377C
YLR228C	YMR070W
YBR160W	YDR285W
YAR071W	YBR093C
YBL032W	YKL151C
YLR403W	YNL157W
YKL022C	YKL145W
YLL024C	YOL145C
YIL076W	YLL039C
YFL007W	YGR135W
YDR150W	YDR295C
YIL017C	YIL097W
YBL032W	YGL231C
YLR190W	YOR326W
YGR254W	YNL055C
YDR099W	YLR135W
YHR135C	YKL023W
YJL184W	YKR038C
YDR466W	YHR088W
YDR170C	YDR388W
YDL178W	YFL039C
YER139C	YHR135C
YDR122W	YJL187C
YMR315W	YPR152C
YLL039C	YOR353C
YBR272C	YGL048C
YDR244W	YNL044W
YHR113W	YMR308C
YNL084C	YNL103W
YGR252W	YKR095W
YBR171W	YLR378C
YDL135C	YHR135C
YGR231C	YPL050C
YIL095W	YLR206W
YLL039C	YLR106C
YDL059C	YEL060C
YLL039C	YOL123W
YBL047C	YNL243W
YDL236W	YFR004W
YBL026W	YPL042C
YFR028C	YGR203W
YOR198C	YPR106W
YDR388W	YHL032C
YBL032W	YDR099W
YOR034C	YOR132W
YDR477W	YGL023C
YDL140C	YKL110C
YIR009W	YPL016W
YDR510W	YKL094W
YAL042W	YDL097C
YIR010W	YPR088C
YDR272W	YGR223C
YGL180W	YHL019C
YAL037W	YHR135C
YDL097C	YDR363W-A
YFL039C	YLR093C
YDL001W	YJL164C
YDL115C	YGL180W
YBR249C	YFR034C
YIL007C	YKL145W
YFL039C	YNL138W
YBR298C	YML048W
YKL126W	YLL039C
YJL111W	YNL212W
YGL210W	YLR026C
YBL032W	YDR006C
YDL147W	YDR055W
YNL197C	YPR120C
YHR114W	YIL013C
YHR102W	YOR257W
YDL159W	YMR276W
YER172C	YPL151C
YBL032W	YER068W
YDL047W	YOR317W
TS(GCU)L	YDR023W
YDL087C	YJL074C
YER047C	YER161C
YCR088W	YOL089C
YMR105C	YOR212W
YDR504C	YJL070C
YPL013C	YPL118W
YKL214C	YPL169C
YIL095W	YNL272C
YBR198C	YLR055C
YFR004W	YIL063C
YFR031C-A	YGL099W
YDR436W	YFR003C
YFR028C	YOR257W
YDR477W	YFR028C
YHR114W	YLR081W
YGL180W	YHR073W
YKL035W	YLL039C
YIL147C	YIR004W
YGR038W	YMR296C
YCR077C	YMR002W
YBL032W	YDR293C
YER177W	YHR152W
YGR285C	YNL103W
YKL057C	YPL169C
YGL084C	YPL141C
YGR234W	YLR106C
YBR126C	YLL039C
YBL007C	YNL116W
YAL043C	YLR115W
YGR103W	YLR074C
YJL164C	YNL272C
YBL032W	YIR019C
YLR259C	YPL247C
YCR093W	YDR376W
YDR381W	YML012W
YHR114W	YJL134W
YHR114W	YJR090C
YJL124C	YMR250W
YAL021C	YPL037C
YBL017C	YPL049C
YKL092C	YLL039C
YFR004W	YPL096W
YGL180W	YLR429W
YDR497C	YGR130C
YBL047C	YDL161W
YGR048W	YLR450W
YLR381W	YPL018W
YFR004W	YNL118C
YBL103C	YBR112C
YDL028C	YMR001C
YJL053W	YMR010W
YDR224C	YJL176C
YDR359C	YEL013W
YAL035W	YKR024C
YBL032W	YLR212C
YAR033W	YPL076W
YDR477W	YNR004W
YER065C	YPL180W
YKR002W	YOR001W
YER111C	YHR030C
YFR004W	YLR113W
YGR008C	YJR059W
YAL055W	YDL100C
YBR031W	YPL220W
YJL076W	YPR152C
YER090W	YHR027C
YDL059C	YER025W
YGL181W	YPL013C
YLR423C	YNL090W
YHL010C	YLR138W
YGR184C	YPL177C
YAR007C	YBR136W
YAL016W	YKL080W
YNL025C	YPL042C
YCR075C	YDR456W
YAL032C	YBL105C
YMR001C	YOR117W
YBR102C	YIL068C
YGR167W	YJL187C
YBL093C	YNR010W
YGL180W	YHR014W
YDR099W	YER177W
YDL105W	YPR169W
YDR293C	YLR190W
YJR066W	YKR093W
YHR166C	YPL124W
YBL032W	YOL105C
YGL124C	YKL025C
YBR036C	YDL212W
YLL060C	YLR043C
YDR103W	YOR212W
YHR082C	YHR186C
YBR031W	YNL132W
YER029C	YNL092W
YDR381W	YOR267C
YGL137W	YLR268W
YHR105W	YOR036W
YEL015W	YIR010W
YDR174W	YJL076W
YAL021C	YBL032W
YJR059W	YOR276W
YML007W	YOR244W
YML124C	YNL148C
YBR069C	YPL151C
YHR007C	YJR152W
YCR091W	YML083C
YNL197C	YNR047W
YPL258C	YPR154W
YDR394W	YGL004C
YER172C	YNL188W
YLR117C	YML049C
YIL047C	YLL039C
YHR135C	YPL203W
YBL032W	YNL294C
YDR091C	YHR082C
YJL062W	YPL076W
YDR466W	YGR180C
YGL179C	YKR096W
YBL056W	YGR240C
YBR258C	YDR469W
YDL150W	YOR210W
YER068W	YPL037C
YDL147W	YOR117W
YBL037W	YJR005W
YCR002C	YLR229C
YBR164C	YJL029C
YDR064W	YLL039C
YLR268W	YOR075W
YDR466W	YOR141C
YBR160W	YKL129C
YDL195W	YDL212W
YER133W	YLR115W
YDR192C	YER105C
YJL164C	YOR288C
YDR477W	YMR086W
YDR510W	YEL009C
YER055C	YHR027C
YER133W	YOR315W
YBL078C	YHR082C
YDR211W	YFR004W
YFR004W	YML100W
YBL032W	YPR171W
YDR510W	YPR112C
YBL032W	YNR047W
YBR017C	YOR317W
YER136W	YFR004W
YHR114W	YNL078W
YDR039C	YPL058C
YBL032W	YBR112C
YHR187W	YMR236W
YGR135W	YOL146W
YDL100C	YKL154W
YLL039C	YMR162C
YAR042W	YLR119W
YBL063W	YBR160W
YBR126C	YLR002C
YGL030W	YHR027C
YDR412W	YLR002C
YJL081C	YML007W
YDR128W	YHL023C
YDR306C	YNL138W
YDL025C	YJL164C
YBR029C	YNL197C
YBR160W	YFR028C
YAL016W	YMR105C
YBR135W	YKL022C
YHR097C	YLR377C
YDR311W	YPR025C
YDR005C	YHR186C
YBR236C	YGR116W
YDR085C	YLR423C
YER133W	YLR044C
YJR065C	YNR035C
YDL025C	YNL175C
YNR011C	YPR101W
YKR007W	YLL039C
YDR254W	YIR010W
YBR281C	YFR044C
YAL016W	YLL039C
YNL138W	YOL087C
YBL042C	YBR052C
YHR135C	YKL114C
YIL036W	YIR010W
YFR004W	YGR180C
YGR203W	YJL076W
YGL179C	YPL236C
YCR088W	YHR016C
YCR088W	YFL039C
YBR160W	YPR018W
YKR054C	YNL271C
YLR113W	YPR115W
YBL007C	YDR388W
YCR037C	YLL039C
YER133W	YNL222W
YFL029C	YGR080W
YOR117W	YPL106C
YBL088C	YDR369C
YFR004W	YML056C
YGL004C	YGR232W
YBL007C	YDL028C
YCR093W	YPL042C
YBR083W	YKL161C
YDR480W	YPL049C
YBR135W	YDR510W
YGR198W	YMR212C
YDL028C	YDR211W
YDL147W	YDR427W
YFR004W	YOR151C
YIL078W	YMR099C
YBL032W	YNL251C
YDR244W	YGL205W
YLR219W	YPL004C
YDL160C	YLL039C
YGL179C	YLL050C
YFR028C	YJL187C
YOL105C	YPL058C
YBL032W	YNL103W
YBR062C	YMR083W
YAL041W	YLR229C
YDR490C	YLR466W
YFL009W	YGL170C
YKL145W	YOR117W
YDR427W	YOR117W
YHR061C	YMR238W
YBL032W	YDR379W
YDR388W	YPR088C
YHR108W	YJL207C
YFL048C	YML067C
YDR264C	YMR292W
YGR101W	YHL021C
YDR143C	YLR044C
YHR172W	YLR212C
YBR160W	YDL089W
YBR053C	YNL339C
YDR179C	YIL075C
YJL140W	YPR052C
YDR224C	YGR252W
YFR004W	YLR153C
YCR021C	YDR479C
YFL039C	YGL015C
YAL032C	YPR101W
YBL032W	YPR100W
YCR033W	YKR029C
YCL008C	YLR119W
YAR028W	YPR128C
YEL023C	YJR009C
YDR443C	YNL025C
YKR025W	YPR190C
YHL024W	YLR429W
YEL009C	YLL039C
YDR343C	YJR066W
YBR160W	YHR027C
YGR209C	YJL030W
YKL173W	YPR082C
YGL120C	YKL173W
YIL075C	YOR261C
YDR192C	YLR131C
YGR252W	YPL016W
YFR034C	YNL302C
YBL093C	YGL127C
YGL059W	YGL180W
YJL164C	YPL146C
YKL149C	YLL039C
YLL039C	YOL060C
YDR510W	YER090W
YDL161W	YOR111W
YOR181W	YPL004C
YER114C	YML109W
YHR135C	YNL149C
YJL164C	YLL008W
YCR079W	YPL110C
YBR132C	YLL039C
YBL032W	YMR044W
YDL047W	YDR212W
YDR293C	YIR010W
YHL024W	YPR106W
YER177W	YKL171W
YBL093C	YML051W
YDR477W	YIL075C
YLL039C	YMR246W
YBL032W	YPL036W
YHR060W	YHR107C
YFR004W	YGL207W
YCR009C	YMR192W
YGL110C	YOR244W
YBR044C	YLL041C
YDL003W	YMR001C
YMR109W	YOR035C
YBR135W	YKL145W
YBR114W	YGR192C
YBR183W	YDR506C
YLL060C	YLR429W
YOL146W	YPR019W
YMR128W	YPL012W
YLL039C	YML086C
YIL149C	YOR257W
YBL093C	YMR109W
YJL172W	YNL217W
YKL085W	YOL128C
YGL055W	YHR027C
YBL032W	YPL135W
YDR363W-A	YER021W
YNL232W	YOR001W
YMR066W	YPL106C
YDL051W	YNL016W
YDR510W	YNL097C
YLL050C	YLR059C
YDL029W	YPL140C
YKL160W	YPL141C
YAR031W	YJR015W
YDL147W	YFR004W
YBL032W	YLR389C
YDL100C	YFR004W
YHR114W	YKL129C
YEL044W	YJL081C
YBL032W	YPR149W
YDR238C	YIL076W
YDL215C	YGR104C
YOL083W	YPR049C
YCL010C	YDR176W
YBR160W	YOR083W
YDR427W	YLL039C
YDR359C	YPR023C
YIL095W	YOR196C
YCR079W	YJR059W
YHR083W	YML086C
YBR086C	YPR086W
YIL149C	YPL169C
YLR043C	YLR109W
YFL039C	YOR141C
YIL095W	YOR210W
YCR009C	YLR429W
YFR008W	YMR029C
YDR142C	YLR191W
YKR022C	YLL062C
YLR005W	YPR025C
YFR004W	YKL035W
YAR031W	YHR110W
YBL032W	YNL305C
YDR425W	YGL059W
YDR306C	YKL085W
YGL048C	YOR257W
YER133W	YPL137C
YJL176C	YPL016W
YDR381W	YIL129C
YJL056C	YPR154W
YIL026C	YJL074C
YKL062W	YPL203W
YDR129C	YOR117W
YCR079W	YPL118W
YBL047C	YOR244W
YHR076W	YLL039C
YDR032C	YLL039C
YBR045C	YGL057C
YIL063C	YLR293C
YDR388W	YHR016C
YAR071W	YCR038C
YFR029W	YIR037W
YDL153C	YKL171W
YBR138C	YIL046W
YHR105W	YLL040C
YDR475C	YIR010W
YGL181W	YMR182C
YHR135C	YJL110C
YDL140C	YDR432W
YLR259C	YNL085W
YJL151C	YPL058C
YBL032W	YGR146C
YLL019C	YLR196W
YAL043C	YBR119W
YML017W	YNL157W
YFR044C	YNL191W
YAL015C	YDR510W
YNL084C	YOR329C
YHR120W	YLL039C
YDR482C	YLR117C
YBR160W	YKR097W
YDL232W	YJR015W
YDR432W	YGL207W
YMR192W	YPL249C
YBR081C	YDR176W
YGR103W	YHL033C
YDR436W	YGR252W
YGL051W	YKL146W
YJR064W	YOR187W
YDR462W	YML025C
YGL179C	YKL093W
YDL147W	YMR294W
YFL039C	YIL138C
YBR212W	YNL135C
YML117W	YNL251C
YDL140C	YOL145C
YBR135W	YBR295W
YMR092C	YPL106C
YMR031C	YMR086W
YBL056W	YOR086C
YDL173W	YDR381W
YGR209C	YHR199C
YDL214C	YJL110C
YGR116W	YNL118C
YDR169C	YDR510W
YGR289C	YPR028W
YBR160W	YDR168W
YDR342C	YJL173C
YER133W	YOR178C
YDR011W	YOR157C
YBR160W	YIL050W
YBL032W	YLR461W
YBL032W	YDL160C
YDL081C	YFR034C
YBL032W	YJR117W
YKL171W	YML051W
YLR292C	YML008C
YCR077C	YIR010W
YDL047W	YMR246W
YLR259C	YNR017W
YHR135C	YIL075C
YKL080W	YLL039C
YCR063W	YPR101W
YBL017C	YGL206C
YGL227W	YIL097W
YCR077C	YDL139C
YLR113W	YMR276W
YDR369C	YNL084C
YGR186W	YOR151C
YBL032W	YDR436W
YBR039W	YJR121W
YER171W	YPR056W
YBR198C	YEL009C
YDL113C	YPR049C
YJL190C	YOR117W
YFL038C	YJL030W
YJR061W	YKL168C
YGR030C	YNL221C
YBL041W	YER094C
YDR386W	YNL085W
YHR023W	YOR035C
YGR240C	YPL151C
YDR363W-A	YPR045C
YHR114W	YMR232W
YCL014W	YEL023C
YBR198C	YDR212W
YBR198C	YGL048C
YBL036C	YGR185C
YDR471W	YIR010W
YER103W	YPL106C
YKL183W	YNL104C
YGL206C	YPL106C
YER025W	YMR117C
YGL059W	YPL006W
YJL157C	YLR229C
YDR224C	YDR432W
YDR325W	YLL039C
YDL095W	YEL002C
YGR048W	YKR002W
YDR477W	YLL039C
YBR094W	YKR009C
YGL180W	YNL173C
YGL129C	YGR215W
YBR041W	YOR317W
YBR034C	YLR315W
YCR077C	YHR152W
YAL016W	YHR082C
YAL016W	YGR161C
YEL002C	YPL076W
YDR005C	YGR246C
YNL272C	YPL141C
YBL032W	YDR466W
YDL028C	YGL093W
YIL076W	YJR045C
YDR446W	YML037C
YER116C	YOR058C
YDR311W	YKL103C
YGR295C	YNL130C
YDR510W	YLR082C
YDL087C	YPR182W
YCR028C-A	YGR130C
YBL032W	YJR110W
YAR031W	YCL025C
YBL104C	YHL023C
YLR131C	YNL157W
YBL074C	YPR178W
YER178W	YOR117W
YGL180W	YOL130W
YDL203C	YPL124W
YBL032W	YBL103C
YFR004W	YOR187W
YCR088W	YOR231W
YDL089W	YJL076W
YER161C	YGL120C
YGL018C	YPL135W
YBR072W	YER070W
YBL032W	YMR306W
YHR082C	YJR066W
YLR117C	YPR182W
YEL002C	YLL039C
YGL180W	YKR041W
YBL032W	YMR275C
YDR346C	YPR118W
YDR359C	YOR244W
YLL039C	YPL152W
YLL039C	YPL090C
YDL153C	YOR267C
YNL085W	YPR111W
YLR233C	YML038C
YAR007C	YIR002C
YDR386W	YGR234W
YKL059C	YNL222W
YER048C	YLR429W
YDL076C	YER088C
YER029C	YPL157W
YDR330W	YPL018W
YAL035W	YHR010W
YDR482C	YER029C
YDR246W	YGR166W
YER047C	YMR032W
YEL023C	YFR053C
YBL032W	YFR034C
YER136W	YLR362W
YHR034C	YPL146C
YIL095W	YOR181W
YBL091C-A	YDR479C
YDR096W	YPR169W
YBR160W	YNL321W
YJR059W	YKL140W
YBL032W	YJR090C
YBR272C	YOR261C
YIR010W	YOR141C
YGL059W	YGR249W
YAL035W	YPL005W
YKL196C	YLL039C
YBR182C	YLR113W
YGL022W	YLR378C
YNL197C	YOR062C
YDR091C	YFR004W
YBR073W	YER095W
YDR510W	YGR254W
YKL002W	YOR047C
YIL078W	YLL039C
YGL180W	YGL209W
YER094C	YFL007W
YBR058C	YEL030W
YLR241W	YOR307C
YBL032W	YNL339C
YBR171W	YDL095W
YNL118C	YOR124C
YDR293C	YHR079C
YBR160W	YML083C
YMR109W	YNR007C
YHR027C	YKL056C
YDL140C	YER171W
YDR224C	YOL108C
YHR082C	YMR102C
YEL025C	YMR276W
YLR117C	YLR424W
YBL007C	YNL243W
YJL164C	YML118W
YER109C	YHR084W
YGR278W	YKL173W
YBL032W	YOR302W
YER105C	YJL030W
YDR247W	YJR049C
YDR239C	YJL164C
YDR409W	YLL029W
YPL094C	YPR037C
YKL058W	YNL306W
YAR007C	YML032C
YDL101C	YLR437C
YDR088C	YLR430W
YCR073W-A	YHR082C
YHR096C	YNL197C
YMR088C	YPL050C
YJL084C	YJL187C
YGL205W	YJL164C
YJR059W	YKR022C
YDL225W	YJR092W
YJL194W	YLR274W
YDR207C	YNL097C
YDR471W	YFR032C-A
YGL198W	YLL039C
YDR212W	YLR196W
YHR033W	YHR082C
YGL133W	YOR304W
YGL206C	YJL153C
YMR314W	YOR261C
YGL048C	YGR232W
YDL132W	YGL249W
YBR156C	YGR113W
YHR012W	YJL053W
YDL237W	YPR148C
YDR510W	YFR028C
YBR194W	YER029C
YIR010W	YJR045C
YGR103W	YPL141C
YDR086C	YKL145W
YFL007W	YMR314W
YBL032W	YNL025C
YHL012W	YML051W
YNL197C	YOL078W
YDR238C	YLL039C
YKL196C	YOR075W
YDR404C	YPL203W
YDR169C	YJL164C
YDR388W	YGR240C
YDR081C	YIR010W
YML012W	YMR292W
YDL059C	YEL030W
YJR059W	YLR270W
YMR065W	YNL084C
YDR510W	YER116C
YBR160W	YNR047W
YAL016W	YHR158C
YAR007C	YDR174W
YIR001C	YMR198W
YLR033W	YML127W
YLR055C	YMR236W
YLR447C	YOR332W
YJL141C	YJL206C
YLR206W	YML051W
YDL160C	YLR136C
YLR377C	YML016C
YLL023C	YLL056C
YKL145W	YPL096W
YDR164C	YNR049C
YHR158C	YMR124W
YJR118C	YML101C
YGR241C	YNL084C
YCR093W	YDL160C
YAL008W	YPL186C
YOR117W	YPL160W
YDL132W	YLL039C
YKL145W	YOL145C
YFL045C	YHR107C
YHR079C	YOL148C
YDL160C	YEL015W
YAL060W	YFR004W
YJL164C	YPR019W
YDR211W	YLL039C
YFR004W	YMR261C
YDL077C	YNL304W
YBL032W	YLR373C
YBL017C	YJL053W
YLL039C	YMR315W
YCR028C-A	YCR093W
YBL041W	YMR314W
YDL147W	YDL216C
YGR180C	YLL039C
YBL030C	YOR117W
YLR447C	YOR028C
YGL207W	YLL039C
YGL030W	YJL190C
YDR235W	YPL178W
YER172C	YLR424W
YBR081C	YLR055C
YBR222C	YLL039C
YDL030W	YPR101W
YCR021C	YHR096C
YLR450W	YPR154W
YJL151C	YPR036W
YFR004W	YNR035C
YDR388W	YMR109W
YDL105W	YOL034W
YHR016C	YPR052C
YDL100C	YOR117W
YBR136W	YDR076W
YDR127W	YLL039C
YLL039C	YLR206W
YMR153W	YMR308C
YJL164C	YLR216C
YDL141W	YLL039C
YKR051W	YLL039C
YBL007C	YER133W
YDL101C	YMR226C
YDR207C	YJL164C
YIL046W	YJR130C
YLL039C	YPL186C
YGL181W	YPR171W
YBL058W	YJR059W
YDR306C	YOL025W
YER166W	YPL160W
YBR198C	YCL010C
YBL032W	YDR504C
YLR424W	YPR082C
YGR275W	YJL176C
YER171W	YOR261C
YJR059W	YLR437C
YMR139W	YMR165C
YLR257W	YNL183C
YCR088W	YLL039C
YBR160W	YJL111W
YER133W	YPL211W
YER054C	YPL203W
YBR143C	YIL129C
YDL101C	YHR067W
YER010C	YJL164C
YBR038W	YLL039C
YHR016C	YJL004C
YGR186W	YPR056W
YNL176C	YNL197C
YDR122W	YPR115W
YDR004W	YLR394W
YDR470C	YOR211C
YML123C	YOR181W
YFR004W	YGR254W
YLR138W	YML016C
YBR053C	YLL039C
YDR099W	YHR135C
YGL079W	YGR113W
YGL048C	YHR027C
YGL206C	YLR170C
YIL022W	YNR017W
YGL127C	YMR112C
YBR138C	YBR160W
YJL124C	YNL118C
YBR264C	YGL198W
YAR042W	YLR191W
YCL040W	YOR117W
YBR225W	YOR157C
YHL010C	YLL039C
YGL206C	YNR006W
YER126C	YOR272W
YKL105C	YOR181W
YBL032W	YLR384C
YIL095W	YLR015W
YBR081C	YML007W
YDL030W	YDL139C
YDR510W	YML032C
YGL006W	YOR316C
YFR004W	YGL099W
YLL016W	YNL098C
YDR381W	YKR037C
YKR037C	YLR423C
YLR219W	YLR427W
YJR059W	YLR257W
YER013W	YMR016C
YDL225W	YNR035C
YHR016C	YPR055W
YJL093C	YLR113W
YDL214C	YKL168C
YHR082C	YOR211C
YAR007C	YGR275W
YBR249C	YFR004W
YIL122W	YJL030W
YGR037C	YOR181W
YKR097W	YOR244W
YEL002C	YER019C-A
YBL015W	YMR059W
YBL005W	YBL032W
YLR293C	YPL012W
YHR135C	YNL165W
YHR135C	YJL084C
YJR113C	YNL306W
YGL180W	YKR071C
YBL032W	YJL084C
YDR091C	YML024W
YAL031C	YBR160W
YDR477W	YGL207W
YHR135C	YOR042W
YDR122W	YHR158C
YBL104C	YLR208W
YDR443C	YGR104C
YER111C	YOR083W
YAL032C	YGR278W
YNL271C	YNL293W
YDL140C	YHR187W
YDR224C	YPL084W
YNL124W	YNL302C
YLR181C	YNL265C
YDR005C	YJR066W
YDR201W	YKL052C
YBL032W	YKL196C
YDL239C	YGR268C
YBL105C	YPL151C
YBL092W	YGL099W
YAR066W	YNL197C
YJR125C	YOR036W
YCR021C	YGR130C
YOR007C	YPL106C
YGR251W	YMR308C
YDR122W	YDR162C
YDR247W	YKR049C
YBL011W	YOR267C
YFL026W	YNL197C
YCR063W	YMR024W
YBL032W	YDL140C
YMR010W	YOR104W
YDR342C	YLL039C
YDR481C	YLL039C
YOR173W	YPR025C
YDR479C	YGL104C
YGL048C	YKL145W
YDL223C	YPL141C
YIR028W	YJL183W
YDR174W	YMR044W
YLR362W	YOR089C
YNL055C	YNR010W
YLL008W	YLR106C
YFR004W	YHR027C
YDR363W-A	YOR257W
YGR224W	YKL020C
YBR023C	YJR125C
YGR130C	YLR219W
YDR100W	YDR264C
YDR127W	YFR004W
YKL116C	YLR257W
YNL007C	YPL004C
YLR310C	YOR101W
YGR132C	YPL050C
YKL052C	YKR037C
YDR208W	YJR059W
YGR135W	YMR291W
YDR239C	YLR096W
YDR510W	YGL137W
YDR510W	YLR399C
YGL206C	YPR029C
YHR135C	YKR041W
YDR379W	YPR152C
YBR072W	YFR004W
YER095W	YLR127C
YDR175C	YNL081C
YAL035W	YHL033C
YBL032W	YDL076C
YCR061W	YLL039C
YGR232W	YIL007C
YGR192C	YMR086W
YFR004W	YLL024C
YJL110C	YPL004C
YFR004W	YML086C
YBL032W	YPR082C
YLL039C	YLR017W
YJL164C	YPR029C
YGR254W	YHR027C
YDR330W	YHR135C
YGL005C	YNL197C
YDL159W	YLR362W
YER177W	YKL140W
YHR135C	YLR265C
YFR004W	YLR384C
YHR007C	YPL076W
YOR326W	YPL269W
YNL024C	YOR093C
YER079W	YJL187C
YGL166W	YOR210W
YEL015W	YPR129W
YDR224C	YDR439W
YHR158C	YKR054C
YDR131C	YIL063C
YGL180W	YGR249W
YHR079C	YIL135C
YDL020C	YKL145W
YDL195W	YML012W
YHR096C	YKL203C
YOR151C	YPL203W
YNR035C	YPL004C
YER072W	YJL012C
YJR064W	YNL148C
YDL140C	YLR430W
YDR091C	YHR027C
YER116C	YML032C
YLL039C	YPL061W
YKR024C	YPR131C
YBL017C	YDR100W
YGL078C	YKR024C
YBR182C	YMR037C
YCR077C	YFR036W
YBL032W	YPL054W
YDL059C	YGL137W
YDR247W	YPR082C
YLL039C	YNR006W
YJL164C	YMR184W
YBR081C	YMR236W
YJL164C	YKR022C
YJR064W	YLR196W
YKR095W	YPR052C
YIL022W	YJR045C
YJL130C	YMR246W
YDL054C	YDL212W
YLR141W	YNL031C
YBL030C	YLR038C
YBR031W	YFR004W
YLR246W	YNL098C
YDR394W	YPR131C
YJR121W	YPL078C
YJL153C	YNL138W
YGL120C	YKR092C
YKR067W	YLL039C
YIL095W	YJR092W
YGL180W	YLR003C
YER105C	YFR050C
YDR166C	YGR037C
YGL022W	YLL039C
YDL149W	YHR082C
YER172C	YGL120C
YHR044C	YHR107C
YDR472W	YGR166W
YBL058W	YKL213C
YFR028C	YOR093C
YBL092W	YLL039C
YHR007C	YPL094C
YBL055C	YJL141C
YBR081C	YBR198C
YHR027C	YJL052W
YDR404C	YGL070C
YDL105W	YLR007W
YHR082C	YIL135C
YFL038C	YOR075W
YDL100C	YKL062W
YDR343C	YLL039C
YFR004W	YLR179C
YDR425W	YNL197C
YBL032W	YPR011C
YDR086C	YLR079W
YBR194W	YNL067W
YDR168W	YLR362W
YKR093W	YPR079W
YHL033C	YNR031C
YKL168C	YNR033W
YLR191W	YMR066W
YFR028C	YGL133W
YBL032W	YDR232W
YDL139C	YDR388W
YDL047W	YGR161C
YGL025C	YLR315W
YBL032W	YDR266C
YBL014C	YJL025W
YDR256C	YLL039C
YDR510W	YNL055C
YGL038C	YHR181W
YJR092W	YMR032W
YFR004W	YIR011C
YIL038C	YPL037C
YGR038W	YJL164C
YKL002W	YPR173C
YGR198W	YOR181W
YBL032W	YMR200W
YBR081C	YDR392W
YKL150W	YML086C
YBR272C	YIL075C
YER063W	YIR010W
YML123C	YNL197C
YNR019W	YOR267C
YDR023W	YHR027C
YHR114W	YNL092W
YLR026C	YLR268W
YDR482C	YOR276W
YFR004W	YFR024C-A
YKL167C	YOL027C
YDR346C	YPL111W
YDL160C	YIL106W
YBR160W	YER021W
YHR186C	YPR129W
YJR059W	YLR003C
YDR480W	YHR114W
YBR160W	YNL058C
YOR157C	YOR261C
YAR007C	YCR028C-A
YMR296C	YNL197C
YBR270C	YDR259C
YBR194W	YGL099W
YDL101C	YOR332W
YJR161C	YLL039C
YFR034C	YLR028C
YDR085C	YHR107C
YFR021W	YFR024C-A
YBL032W	YGL222C
YER103W	YFR004W
YFL045C	YGL208W
YAL010C	YLL039C
YIL135C	YJR059W
YAL016W	YJR066W
YDR412W	YER105C
YAL032C	YNL246W
YBL032W	YKL171W
YGL099W	YMR229C
YKR002W	YNL222W
YGR104C	YHR058C
YBR229C	YDL210W
YBR160W	YJL157C
YDL003W	YMR129W
YGL198W	YHR105W
YDR477W	YDR510W
YDR264C	YOR104W
YJL051W	YJR059W
YAR007C	YLR274W
YAL017W	YHL024W
YBL007C	YBR136W
YHR010W	YHR197W
YKL193C	YML016C
YDR132C	YPL018W
YDR023W	YFR034C
YFR004W	YKL080W
YHR027C	YOR185C
YGR103W	YHR010W
YIL095W	YMR184W
YGL180W	YNL149C
YGR146C	YNL197C
YJR059W	YNR047W
YEL058W	YIL095W
YKL193C	YLR079W
YER068W	YNL157W
YBR126C	YCR079W
YDR244W	YHR160C
YBL032W	YBR081C
YCR042C	YLR115W
YGR167W	YPL141C
YLR313C	YPL140C
YNL197C	YPL141C
YLR292C	YLR301W
YDR295C	YMR117C
YOR194C	YPR086W
YBR035C	YJR059W
YGL099W	YLL039C
YBR160W	YDR330W
YCL039W	YDR342C
YBL088C	YDL101C
YKR022C	YLR117C
YBR207W	YDR100W
YGR234W	YOR117W
YDR127W	YHR027C
YGL181W	YGR192C
YCR091W	YNR047W
YDL025C	YGR016W
YBL032W	YBL043W
YDR472W	YOL018C
YER133W	YMR037C
YDL101C	YJR056C
YLR015W	YLR246W
YGR132C	YPR152C
YBR295W	YHR123W
YAL041W	YLR206W
YHR197W	YIR009W
YJL141C	YLL039C
YDL150W	YKR025W
YBR255W	YIL106W
YDL139C	YJL013C
YBR194W	YGR097W
YDR110W	YDR224C
YHR030C	YLL039C
YAL032C	YER172C
YBL030C	YLR348C
YDR394W	YNL290W
YBR282W	YMR024W
YCR091W	YMR184W
YDR388W	YOR138C
YBR072W	YPR056W
YBL078C	YNR007C
YDL153C	YDR510W
YCR088W	YFR004W
YDR443C	YGL127C
YLR427W	YPL012W
YDR050C	YKL060C
YLL024C	YPR140W
YJL157C	YOR212W
YHR158C	YLR096W
YJL047C	YOL063C
YJR059W	YLR259C
YMR032W	YPL158C
YBL032W	YLR286C
YDR212W	YLR429W
YBL032W	YJL144W
YBR095C	YDL076C
YGL124C	YOR151C
YFR024C-A	YMR232W
YGR048W	YLL039C
YGL179C	YKL121W
YIL046W	YNL103W
YER021W	YMR191W
YDL101C	YFR028C
YKR081C	YMR229C
YDR404C	YJL168C
YBR136W	YDL101C
YFR024C-A	YJL045W
YCR091W	YDR007W
YLR113W	YMR172W
YLR191W	YNL138W
YDR394W	YER021W
YBR281C	YDL153C
