YJL092W	YOR281C
YER125W	YHR135C
YPL115C	YPL161C
YML009C	YNL284C
YMR004W	YPL031C
YDR477W	YLR132C
YDR164C	YLR166C
YDR128W	YMR106C
YLR018C	YPL075W
YKL059C	YNL255C
YKL104C	YKL211C
YDL126C	YER012W
YGL190C	YNL255C
YGL137W	YJR070C
YGR252W	YOR290C
YDR392W	YOL148C
YJR009C	YMR186W
YDL028C	YMR114C
YFR004W	YFR052W
YDR356W	YPL255W
YHR027C	YOL133W
YJL164C	YKL079W
YGL091C	YIL129C
YDR423C	YGL158W
YGL191W	YLL039C
YDL117W	YKR009C
YDL226C	YPR183W
YNR017W	YOR236W
YML005W	YNR046W
YAL038W	YPL031C
YAL026C	YPR129W
YBR103W	YCR033W
YGL158W	YHR185C
YFL007W	YLL039C
YER112W	YER124C
YDR283C	YER172C
YFR004W	YOL038W
YNR051C	YPL061W
Q0085	YDL004W
YER094C	YOR157C
YDR424C	YGL153W
YCR073C	YMR117C
YIL075C	YOL117W
YGL130W	YMR309C
YGR040W	YML048W
YBL007C	YDL206W
YKR060W	YNL110C
YGL158W	YOR018W
YCR012W	YGL137W
YDR432W	YMR125W
YGR026W	YPL031C
YER131W	YGL180W
YBR031W	YEL034W
YGR092W	YJL005W
YDR432W	YPL055C
YJR045C	YLR166C
YLR097C	YMR303C
YBR193C	YLR071C
YBR212W	YPL037C
YBL050W	YPL232W
YBR195C	YNL031C
YHR082C	YKL197C
YHR198C	YML064C
YLR419W	YMR117C
YDL140C	YNL251C
YDL207W	YKL068W
YDR381W	YER063W
YDR129C	YNL135C
YGL200C	YLL039C
YMR005W	YNR011C
YDL140C	YMR125W
YHR027C	YMR186W
YHR200W	YLR061W
YDR406W	YLR055C
YCL043C	YIR001C
YDL014W	YGL130W
YBR202W	YDL029W
YDR225W	YOR005C
YAR007C	YCR066W
YBR095C	YNL097C
YCL014W	YMR186W
YBR126C	YDR074W
YER022W	YOL051W
YMR106C	YMR287C
YMR081C	YPL203W
YBR126C	YDL017W
YMR168C	YPL018W
YBR177C	YJL153C
YJL013C	YPL209C
YER012W	YGL048C
YGL123W	YMR131C
YEL002C	YML075C
YDR405W	YNL255C
YKR018C	YPR106W
YMR317W	YNL255C
YGL158W	YOR290C
YFL045C	YJL092W
YGL172W	YKL057C
YJR017C	YLR216C
YBR120C	YNL255C
YML131W	YOL154W
YDL117W	YPL038W
YDL029W	YMR109W
YNL255C	YOL013W-A
YKL207W	YML048W
YDL033C	YLR259C
YDR331W	YDR456W
YJR022W	YNL147W
YEL048C	YGR040W
YFL038C	YPR176C
YBL023C	YDR473C
YGR040W	YNL186W
YDL097C	YPL082C
YMR236W	YOL051W
YDL200C	YGL137W
YJL164C	YKL171W
YBR114W	YKR001C
YGL229C	YLL022C
YER125W	YJR051W
YBR208C	YOL133W
YFR004W	YLR043C
YJR059W	YKR092C
YKL101W	YNR006W
YDR032C	YHR135C
YNL112W	YNL255C
YLR310C	YPL038W
YGR235C	YJL164C
YJL096W	YNL255C
YCL009C	YKL010C
YBL004W	YNL284C
YBR103W	YDR227W
YLR275W	YPR082C
YKL068W	YMR308C
YBR114W	YLR044C
YGR116W	YLL039C
YLR251W	YNL255C
YGL180W	YJR019C
YDR328C	YLR399C
YJL124C	YOR320C
YBL007C	YLR337C
YJL164C	YKR094C
YBR056W	YFR004W
YBR079C	YJR045C
YGL150C	YNL030W
YAL005C	YFR019W
YJL124C	YPL152W
YMR264W	YOR045W
YNL092W	YOR159C
YDL155W	YGR086C
YDR392W	YLR055C
YAL028W	YLR233C
YDL059C	YDR214W
YFR004W	YOR168W
YJL052W	YLL060C
YOR132W	YPR171W
YLR350W	YMR238W
YER023W	YOR244W
YNL015W	YOR168W
YLR044C	YNL127W
YLL039C	YLR039C
YDR247W	YKL193C
YAL005C	YPL106C
YGL112C	YMR236W
YBR035C	YLL039C
YGL130W	YNL030W
YNL030W	YPR052C
YDR129C	YMR246W
YBL074C	YDL214C
YDL029W	YNL255C
YBR298C	YMR279C
YDR174W	YGR270W
YJR144W	YPL055C
YBR065C	YNR011C
YDR432W	YKL074C
YDR247W	YHL024W
YBR202W	YDL017W
YHR135C	YKL093W
YHL009C	YPL141C
YDR189W	YIL107C
YGL146C	YOR005C
YBR207W	YPL203W
YDL140C	YLR115W
YDL065C	YNL214W
YLR427W	YPL031C
YBR207W	YER110C
YGL215W	YPL031C
YGL181W	YGR241C
YER172C	YNR011C
YGR132C	YJL183W
YJL042W	YOL069W
YGR225W	YKL022C
YGL066W	YGR252W
YBL023C	YLL004W
YBR151W	YNL126W
YDR477W	YLR265C
YBR152W	YER172C
YCR088W	YNL138W
YGL203C	YPR067W
YGL077C	YPL058C
YDR381W	YLL039C
YDR028C	YGR252W
YBL033C	YNL255C
YHL002W	YIL156W
YMR110C	YNL121C
YCL043C	YLR233C
YDR228C	YJR022W
YJL059W	YLR022C
YDR120C	YNL255C
YNL255C	YPL181W
YGL022W	YMR149W
YLL039C	YLR153C
YDR155C	YNL030W
YGR237C	YML056C
YBR183W	YFL041W
YBR221C	YFR004W
YCL032W	YNL090W
YHR205W	YPL031C
YML046W	YML049C
YDR381W	YDR432W
YGR027C	YGR086C
YAL005C	YGR237C
YJR059W	YPL019C
YFL039C	YLL039C
YDL155W	YNL076W
YDL028C	YJR112W
YFR004W	YIL109C
YJR009C	YNL250W
YIL115C	YLR018C
YDL006W	YPL031C
YLL039C	YOL081W
YKL143W	YPL266W
YKL057C	YLL039C
YDL100C	YDR451C
YBL007C	YBR205W
YGR280C	YPL110C
YDL207W	YDR192C
YML117W	YPL031C
YCR012W	YLR044C
YBR196C	YLR249W
YDR276C	YJL117W
YBL058W	YNL255C
YER125W	YHR200W
YBL093C	YGR104C
YIL113W	YNL138W
YGL059W	YOL070C
YAL013W	YPL082C
YHR035W	YPR119W
YEL048C	YMR218C
YDL097C	YLL039C
YJR109C	YKL104C
YHR082C	YKL049C
YGL008C	YLL039C
YDL098C	YLR275W
YBR123C	YGR252W
YOR244W	YPL260W
YLL039C	YPR120C
YLR423C	YOR357C
YDR093W	YLL039C
YCR088W	YOR284W
YDR323C	YPL031C
YGR233C	YNL138W
YER112W	YGL180W
YDL233W	YER018C
YMR117C	YOR156C
YDL065C	YOL147C
YBR207W	YGL203C
YGL090W	YPR120C
YLL039C	YOL087C
YGL140C	YKL117W
YEL009C	YPL042C
YHR135C	YPR019W
YDR432W	YJL124C
YLL039C	YPL019C
YDL075W	YPL037C
YAL038W	YNR051C
YBR289W	YKR001C
YJL020C	YJR022W
YAL005C	YCR009C
YKL049C	YNL246W
YDL200C	YGL121C
YJL110C	YJR066W
YER119C	YPL031C
YGL158W	YLL057C
YJR009C	YKL010C
YBL084C	YPR056W
YGL059W	YLR003C
YBR031W	YPL012W
YML028W	YOR101W
YHR200W	YNL055C
YDL195W	YIL035C
YIL077C	YPL031C
YOR347C	YPL203W
YAR031W	YDL054C
YBR159W	YFL062W
YBL039C	YGL137W
YFR004W	YPL262W
YDL235C	YOR301W
YHR027C	YJL001W
YKL129C	YPL038W
YFR052W	YIL075C
YER120W	YHR027C
YDL188C	YNL085W
YHR154W	YJL047C
YDL192W	YNL323W
YML071C	YNL265C
YDL007W	YLL039C
YLR351C	YNL255C
YBR059C	YML014W
YHR001W-A	YLL039C
YHR156C	YOR156C
YLR009W	YNL110C
YDR118W	YMR134W
YLR370C	YNL138W
YDL029W	YFL039C
YDR128W	YER182W
YKL116C	YMR203W
YCR024C	YER125W
YFL013C	YNL215W
YDR456W	YGL008C
YBR245C	YNL031C
YBR159W	YHR026W
YDL047W	YGR184C
YGR214W	YLL039C
YLR376C	YMR168C
YBR088C	YDR013W
YHR027C	YLL050C
YLR304C	YMR246W
YJR104C	YPL031C
YMR196W	YPL042C
YCR091W	YDL006W
YGR241C	YLL017W
YLR148W	YMR197C
YGL161C	YHR105W
YER020W	YOR371C
YBL084C	YLR005W
YDR432W	YPL031C
YMR246W	YPL206C
YEL034W	YNR051C
YDR394W	YIL075C
YDL042C	YLL001W
YDL101C	YHR185C
YOL005C	YPL203W
YFR036W	YLR127C
YBL087C	YPL208W
YDR110W	YML064C
YDR328C	YMR168C
YHL019C	YKL135C
YJR059W	YMR081C
YBR274W	YLR152C
YDL101C	YPL022W
YFR004W	YNL302C
YFR004W	YJR133W
YDR174W	YPL082C
YNL002C	YPL141C
YDL029W	YNL161W
YBR041W	YMR313C
YDR227W	YMR273C
YGL180W	YLR192C
YDL002C	YFL039C
YDR113C	YFR036W
YFR024C-A	YPR081C
YBL107C	YNL255C
YGL190C	YHR082C
YFR024C-A	YMR192W
YBL031W	YGL158W
YDR477W	YKL079W
YAL005C	YGL064C
YKL135C	YLR330W
YAL038W	YDL207W
YCL050C	YJR022W
YKR009C	YOL147C
YHR205W	YMR196W
YHR209W	YLL039C
YJL110C	YKR034W
YGL203C	YOR104W
YAL038W	YDR130C
YHR135C	YNL272C
YDL185W	YDR328C
YGL059W	YOR083W
YNL244C	YOR335C
YJR066W	YKR034W
YBR093C	YGR282C
YNR027W	YPL106C
YPL031C	YPR019W
YGL180W	YPR129W
YNL255C	YOR257W
YGL008C	YIL109C
YBR233W	YHR082C
YDR174W	YDR381W
YDR392W	YGR252W
YIL149C	YNL126W
YGL059W	YKR100C
YDL207W	YKL057C
YGR268C	YHL002W
YHR074W	YPL031C
YJL164C	YOR134W
YBL037W	YNL307C
YAL016W	YPL152W
YCL010C	YMR236W
YKL161C	YPL031C
YLR423C	YPR185W
YER125W	YJL140W
YJR093C	YNL222W
YNL255C	YPR191W
YDR432W	YNL030W
YJL092W	YKR048C
YJL014W	YOR230W
YKL185W	YLL039C
YBR065C	YMR309C
YDR225W	YNL255C
YAL005C	YOL111C
YDL025C	YHR082C
YDL028C	YJL084C
YGL137W	YJL153C
YKR041W	YLL039C
YBR044C	YIL126W
YLL039C	YNL180C
YLR097C	YNL255C
YHR193C	YHR200W
YHR027C	YLR370C
YCR008W	YOR018W
YDR477W	YNL257C
YBR095C	YCR009C
YFR001W	YKL021C
YDR523C	YOR157C
YJR066W	YMR183C
YGR184C	YJL092W
YER161C	YLL022C
YBR126C	YLL019C
YDR283C	YGL195W
YKL181W	YNL255C
YGR233C	YJL005W
YGL180W	YHR009C
YDR456W	YNR056C
YFR015C	YGL134W
YDR496C	YNL255C
YDR207C	YOR337W
YNL124W	YOL149W
YCR002C	YDR085C
YER177W	YNL267W
YDL207W	YER107C
YLR385C	YOL012C
YLL039C	YPR075C
YAL051W	YPR169W
YDL017W	YOR006C
YLR259C	YNR051C
YGR116W	YML058W
YCR028C-A	YOR147W
YBL007C	YCR088W
YGL180W	YLR423C
YER032W	YLR456W
YLR006C	YNR031C
YBR133C	YKL101W
YNL135C	YPL049C
YDL020C	YHR200W
YJL014W	YLR259C
YDL207W	YMR255W
YGL158W	YIL004C
YCR030C	YDL225W
YER032W	YMR117C
YGL137W	YLR100W
YIL035C	YMR173W
YFR004W	YMR226C
YER120W	YGR086C
YOR244W	YPL110C
YLR212C	YNL188W
YBL030C	YER182W
YGL123W	YNL255C
YFR004W	YPR041W
YDL100C	YML048W
YER105C	YLL039C
YJL194W	YNL261W
YDR129C	YDR353W
YDR228C	YLR115W
YER098W	YKL171W
YHR094C	YIR038C
YJL019W	YKR034W
YDL214C	YJL051W
YBR130C	YLL039C
YGR089W	YLL039C
YKL049C	YNL055C
YIL133C	YLR175W
YLL039C	YMR295C
YDR244W	YNL329C
YCR030C	YKL049C
YAL032C	YLR187W
YDR086C	YGR175C
YLL039C	YMR054W
YCR030C	YNR047W
YNR022C	YPR119W
YGL240W	YLR127C
YAL013W	YKL185W
YDR383C	YKL049C
YBR159W	YNL279W
YGL016W	YJR121W
YIL079C	YML056C
YDR477W	YKL091C
YJL140W	YNL255C
YHR027C	YMR145C
YFR004W	YPL192C
YLL016W	YLR310C
YDR264C	YOR101W
YJL164C	YNL125C
YBR207W	YHR094C
YLR265C	YLR424W
YNL251C	YNL330C
YLR134W	YNL244C
YBR193C	YOR192C
YLL039C	YNL074C
YKL051W	YLR413W
YHR152W	YLR132C
YDL081C	YPR086W
YHR135C	YNL055C
YCL043C	YCR073C
YER125W	YKL023W
YGR046W	YLR259C
YOR198C	YPL255W
YDR477W	YHL024W
YML088W	YNL255C
YBR031W	YGR214W
YLR100W	YNL255C
YLR249W	YNL307C
YPL031C	YPL118W
YCR008W	YLR175W
YAL026C	YNL323W
YDR504C	YMR168C
YDR225W	YOR141C
YCR038C	YIL140W
YML001W	YPR028W
YAL021C	YDR443C
YBR031W	YDR496C
YGL116W	YJL014W
YDR394W	YOL117W
YCR028C-A	YNL031C
YGR270W	YMR049C
YBR017C	YMR145C
YJL164C	YLR003C
YKL060C	YNL127W
YFL017W-A	YML049C
YKR090W	YPL031C
YGL059W	YKL181W
YGR142W	YMR197C
YLL039C	YLR219W
YHR091C	YOL088C
YEL009C	YOL148C
YLR011W	YOR028C
YDL047W	YFR019W
YFL039C	YLR337C
YKR024C	YLR233C
YKL104C	YLL039C
YDL007W	YIL075C
YER139C	YOL005C
YDR238C	YER112W
YCR091W	YNL045W
YGL002W	YNL255C
YBL102W	YDR264C
YBR207W	YGL006W
YBL106C	YKL117W
YGL123W	YNR051C
YFR004W	YKL060C
YFL009W	YOL133W
YNL251C	YPL190C
YGL056C	YGL195W
YBR130C	YHR082C
YBR159W	YFR004W
YDR063W	YFL039C
YLL039C	YML101C
YLR289W	YOL133W
YDL007W	YKL049C
YFR052W	YOR362C
YGL141W	YKL021C
YFL037W	YKL049C
YGL240W	YLR102C
YHL002W	YMR109W
YNL255C	YPL140C
YGL141W	YJR059W
YDL002C	YGR092W
YJL117W	YLR018C
YCR004C	YMR086W
YAL013W	YBR095C
YKL049C	YKR048C
YIL106W	YPR191W
YKL185W	YPL031C
YLL039C	YMR300C
YBR126C	YBR265W
YBR217W	YHR033W
YER034W	YHR135C
YJR066W	YMR011W
YEL013W	YFL039C
YCR028C-A	YIL107C
YFL038C	YHR027C
YBR017C	YHR200W
YAR007C	YDR129C
YGR130C	YNL020C
YGL087C	YOL081W
YBR245C	YPL082C
YFR004W	YHR200W
YLL039C	YOL133W
YDL097C	YFR004W
YGL008C	YGR040W
YFR001W	YNL186W
YCL037C	YGL014W
YBR112C	YHL002W
YER172C	YJR068W
YIL126W	YOR290C
YIL115C	YMR308C
YFR004W	YJL052W
YGR040W	YGR116W
YJL020C	YJR115W
YCL054W	YDL014W
YHR183W	YHR200W
YHR200W	YNL239W
YHR006W	YLL039C
YLL039C	YOR161C
YER043C	YHR200W
YFL037W	YGL195W
YJL014W	YOL146W
YER032W	YHR114W
YHR027C	YOL038W
YHR027C	YMR099C
YGR132C	YNL055C
YDL029W	YLR337C
YER112W	YER172C
YFR052W	YGL048C
YBR017C	YDL014W
YBR150C	YNL255C
YDR381W	YFR002W
YDL058W	YPL106C
YIL158W	YNL255C
YCL010C	YGR252W
YOR285W	YPR183W
YDL029W	YDR523C
YJL117W	YMR134W
YGR092W	YML037C
YDR120C	YPL031C
YPL055C	YPL124W
YGL189C	YNL255C
YGR076C	YHL004W
YGL200C	YML048W
YBL097W	YHL002W
YLL039C	YMR261C
YER120W	YFR004W
YMR159C	YPL149W
YER124C	YHR200W
YER166W	YOL115W
YDR129C	YNL138W
YAL011W	YLR385C
YCL039W	YDL185W
YHL004W	YPL013C
YFL040W	YMR266W
YFR024C-A	YJL004C
YCR053W	YFR004W
YER166W	YOR104W
YBL047C	YOL016C
YGL104C	YJL133W
YFL008W	YOL069W
YFR004W	YLR044C
YDR110W	YDR225W
YBR173C	YLR199C
YDL140C	YLR005W
YBR011C	YPL111W
YJL098W	YNL055C
YGL006W	YJL178C
YLR175W	YPL146C
YGL195W	YIL106W
YDL171C	YFR004W
YJR059W	YKL181W
YGL097W	YOL012C
YGL141W	YLL039C
YDR439W	YER106W
YBR278W	YNL255C
YGL250W	YLR082C
YGL066W	YMR186W
YDL185W	YOR270C
YML037C	YNL307C
YGL137W	YIL136W
YFR004W	YLR060W
YHR200W	YNL302C
YBR231C	YOL012C
YEL034W	YNL085W
YHR027C	YOR374W
YDL101C	YER079W
YDL134C	YGR161C
YLR018C	YML048W
YBR159W	YJL196C
YBR031W	YML088W
YGL009C	YHR027C
YGR111W	YLL039C
YLR044C	YLR249W
YFL038C	YOR115C
YFR004W	YIL133C
YDL147W	YOR259C
YDL159W	YDR356W
YFL026W	YJR066W
YML124C	YPR141C
YHR135C	YIL115C
YDR146C	YER015W
YHR200W	YLL039C
YBR173C	YPL031C
YLL039C	YNL103W
YLR447C	YNL255C
YDR131C	YOL025W
YDL140C	YOR124C
YDR473C	YGR075C
YLR396C	YMR197C
YDR195W	YLR115W
YDR477W	YJL110C
YKL060C	YLR044C
YBR279W	YDL140C
YBR235W	YNR047W
YKR048C	YPL209C
YDL081C	YHR154W
YDR432W	YKL185W
YLL050C	YNL138W
YOR335C	YPR106W
YER048W-A	YKL192C
YMR077C	YPL065W
YKL079W	YNL272C
YDR096W	YIR006C
YCL009C	YER110C
YNL244C	YPL028W
YDL042C	YOL017W
YGL256W	YLR182W
YHL004W	YJR060W
YDL101C	YJR104C
YJL092W	YNL186W
YGL113W	YHL024W
YDR039C	YLL039C
YER167W	YER177W
YKL061W	YNL122C
YCR057C	YLR003C
YER125W	YJL164C
YKL049C	YPR091C
YBR098W	YDR386W
YPL248C	YPR086W
YGL099W	YOR244W
YML124C	YNL055C
YAL038W	YPR129W
YGR092W	YKL077W
YDL028C	YNL116W
YDR188W	YML028W
YHR024C	YLR172C
YDL120W	YLL041C
YJL020C	YPL031C
YDR129C	YHR027C
YGL180W	YKL023W
YGR129W	YNL255C
YCL014W	YPR119W
YDR118W	YOR249C
YAL027W	YPR171W
YMR139W	YOL061W
YJR066W	YKL161C
YGR142W	YJR127C
YBR079C	YGL106W
YBL007C	YOR008C
YIL107C	YLL039C
YDL059C	YER062C
YBL075C	YNL255C
YCR035C	YOR076C
YBL087C	YNL110C
YHR027C	YLR249W
YGL195W	YIL138C
YDR201W	YDR356W
YLR287C-A	YNL255C
YBR193C	YDL005C
YER054C	YJL164C
YDL188C	YOR362C
YAL051W	YPL146C
YDR028C	YER129W
YFL013C	YGL150C
YDR264C	YOL018C
YDR466W	YML037C
YBR108W	YCR009C
YGL077C	YGR130C
YBR035C	YDL214C
YOL018C	YPR183W
YDL075W	YPL012W
YDR032C	YMR106C
YJR022W	YOL031C
YDR074W	YHR082C
YNL110C	YNL132W
YBR102C	YLL039C
YBR079C	YHL004W
YIL156W	YPR154W
YDR381W	YIR001C
YER062C	YKL069W
YDL183C	YPL209C
YFR004W	YKL182W
YAL032C	YNL078W
YEL034W	YOL133W
YBR017C	YOR185C
YOR070C	YOR089C
YLR330W	YNL045W
YAL038W	YHR027C
YBR122C	YMR193W
YKL185W	YNL097C
YDR168W	YGR123C
YBR199W	YOL018C
YBR105C	YIL097W
YHR114W	YPR171W
YDL160C	YPR082C
YDL147W	YHR200W
YJR014W	YNL255C
YBR233W	YLR249W
YKL068W	YPL012W
YNL138W	YNR035C
YDR107C	YGL200C
YCR008W	YPL031C
YBR126C	YDR028C
YDR283C	YLL005C
YDR331W	YHR026W
YJR060W	YMR168C
YMR186W	YNL157W
YDR195W	YDR381W
YGL111W	YNL002C
YGL016W	YLL039C
YLL049W	YMR294W
YCL028W	YER125W
YBR097W	YLR240W
YDL101C	YER125W
YDL097C	YHR200W
YGL180W	YLR375W
YJL164C	YKL062W
YAL005C	YOR185C
YKL211C	YLL039C
YGR209C	YLL060C
YMR186W	YNL186W
YKL171W	YPR160W
YCR068W	YFL062W
YDR175C	YKL155C
YNL216W	YPL106C
YHR135C	YOR119C
YDR381W	YDR398W
YGL190C	YPR154W
YBR233W	YDR174W
YBR280C	YDR328C
YFR051C	YGL137W
YNL153C	YNL255C
YAL013W	YPL181W
YGR193C	YJL014W
YDR225W	YMR125W
YBR272C	YDR363W-A
YMR191W	YOR259C
YER110C	YOR136W
YGL241W	YOL012C
YBR278W	YCL032W
YBL039C	YHR027C
YGL205W	YLL039C
YLR206W	YPL115C
YDR247W	YIL033C
YFR004W	YIL075C
YJL124C	YOR147W
YMR048W	YOR124C
YDR498C	YML058W
YLL039C	YOR163W
YAL005C	YFL008W
YDR032C	YHR001W
YHR200W	YOR176W
YBR072W	YLL039C
YAL017W	YMR184W
YLR175W	YNL124W
YMR196W	YOR244W
YJR005W	YKL135C
YBR279W	YLL063C
YDL225W	YHR033W
YKR048C	YPR086W
YHR190W	YHR200W
YDL043C	YGR250C
YLL039C	YLR260W
YDL134C	YPL152W
YJL082W	YMR029C
YCR028C-A	YLR413W
YBR059C	YPL106C
YNL090W	YOR089C
YMR186W	YNR031C
YCR042C	YNL222W
YCR012W	YNR051C
YGR261C	YKL135C
YHR014W	YHR185C
YDR265W	YPL031C
YAR007C	YNL312W
YBR177C	YFR004W
YHR114W	YOR389W
YIL149C	YNL135C
YAL005C	YPL165C
YCL009C	YNL157W
YMR161W	YNL255C
YJL084C	YNL183C
YER023W	YFR004W
YCR030C	YGR241C
YDR247W	YGL208W
YBR017C	YOR374W
YGR040W	YPR091C
YBR130C	YJL164C
YJR022W	YOL149W
YGR252W	YNL255C
YER112W	YMR268C
YGR232W	YHR027C
YKL209C	YLR292C
YAL021C	YDR188W
YGR031W	YIL107C
YLR055C	YNL255C
YFL039C	YNL110C
YBR088C	YJR068W
YJL092W	YLL019C
YDL029W	YMR216C
YER112W	YJL124C
YDL006W	YGR040W
YKR083C	YMR083W
YKL116C	YPR013C
YKL071W	YPL157W
YBL007C	YER027C
YLR337C	YNL084C
YDR443C	YNR052C
YDL134C	YDR523C
YBR273C	YLL039C
YGL137W	YLL039C
YJL094C	YLL039C
YOR327C	YPL232W
YDL155W	YLR310C
YDL029W	YOR259C
YMR109W	YPR159W
YGL137W	YGL203C
YFR051C	YNL304W
YER012W	YGR232W
YFR033C	YNL255C
YHR140W	YMR279C
YOR257W	YOR259C
YIL105C	YKL051W
YGL180W	YMR049C
YBR046C	YLL039C
YBR138C	YHR082C
YJL189W	YMR139W
YER177W	YGL181W
YGR270W	YPL115C
YGR252W	YHR008C
YBR196C	YLR088W
YDR446W	YJL194W
YDR342C	YMR049C
YGL056C	YPL058C
YHR082C	YNL155W
YKR001C	YLR033W
YJL191W	YNL255C
YDR432W	YPL178W
YFR024C-A	YMR259C
YOR110W	YPL007C
YDR063W	YNR035C
YDL209C	YNL307C
YDR398W	YJR070C
Q0085	YML081C-A
YIL109C	YJR059W
YAL005C	YGL181W
YHR205W	YJR066W
YHR082C	YOR141C
YPR052C	YPR056W
YGL116W	YPR119W
YDR077W	YOR330C
YOR288C	YPL209C
YJL143W	YJR045C
YDR432W	YER125W
YCR046C	YML025C
YBR088C	YDR409W
YDL077C	YML001W
YDR092W	YGL087C
YCR073W-A	YGL059W
YBL030C	YGL137W
YNL097C	YPL082C
YAL005C	YDR188W
YOL049W	YPL031C
YDL089W	YPR028W
YBL041W	YER105C
YPL031C	YPR091C
YDR207C	YPL181W
YJL004C	YJR022W
YKR034W	YMR308C
YJL178C	YNL255C
YDR439W	YGL180W
YLR131C	YNL135C
YGL180W	YPR185W
YGR136W	YPR081C
YDL014W	YER161C
YDL097C	YKL049C
YDR422C	YER129W
YCR028C-A	YOR273C
YBR112C	YGR252W
YLR310C	YPL100W
YJR001W	YPL203W
YLL002W	YNL246W
YJL036W	YOR132W
YBR207W	YNL255C
YKL041W	YLR025W
YFR049W	YOR047C
YDR398W	YNL255C
YGR214W	YHR200W
YDL043C	YNR031C
YJR112W	YOL069W
YDR477W	YGL158W
YCL032W	YDR309C
YDR392W	YGL112C
YDL007W	YOR259C
YKL148C	YOL071W
YER027C	YER162C
YDR189W	YOR327C
YBR159W	YGL055W
YJR035W	YNR058W
YGR130C	YOR273C
YFR024C-A	YMR302C
YDL043C	YDR174W
YDL006W	YPL141C
YCR091W	YMR216C
YDL126C	YKL049C
YGL137W	YKR007W
YFR004W	YLR216C
YCR088W	YDL029W
YDR477W	YNL218W
YGL181W	YPL049C
YEL034W	YKL047W
YDR228C	YKL059C
YBR274W	YOL012C
YDR430C	YFL018C
YBR095C	YDR207C
YKL167C	YML025C
YGR129W	YOR104W
YER022W	YMR112C
YMR173W	YMR216C
YFL034W	YPL110C
YGR252W	YPL031C
YFR004W	YJL055W
YMR005W	YNL216W
YGL172W	YJR022W
YNL132W	YPL217C
YER020W	YLL039C
YLR131C	YPR086W
YEL023C	YJR022W
YDR009W	YOL133W
YKL181W	YPL031C
YBR088C	YER041W
YBL087C	YKL117W
YFR032C-A	YNL255C
YOR119C	YOR198C
YIL033C	YPL149W
YDL171C	YGR214W
YGL180W	YLR265C
YGL212W	YOR292C
YHR135C	YPR169W
YER016W	YER177W
YGR092W	YJR142W
YHL023C	YNL307C
YBL075C	YLR310C
YBL093C	YDR381W
YDL004W	YMR173W
YCR035C	YNL255C
YFL008W	YIL126W
YDR490C	YIR044C
YLL039C	YMR183C
YDL103C	YPR106W
YLR005W	YPR056W
YHR135C	YHR156C
YGR092W	YIL106W
YJR144W	YMR137C
YAL016W	YHR135C
YIL113W	YKL161C
YBL067C	YHR082C
YDR113C	YMR023C
YBR011C	YBR217W
YGL180W	YMR140W
YGR029W	YLR424W
YGL153W	YMR267W
YHR082C	YLR055C
YDL140C	YDR463W
YHR001W	YOR273C
YBL045C	YFR004W
YDL134C	YER032W
YDL117W	YER177W
YJR062C	YOR332W
YKL049C	YNL030W
YDL017W	YPR019W
YDR463W	YJR090C
YBL004W	YPL217C
YDR486C	YLR025W
YGL158W	YPL016W
YGL256W	YNL307C
YOL066C	YPL031C
YER020W	YGL077C
YDL065C	YKL189W
YDR146C	YPL031C
YDR155C	YNL330C
YDR174W	YLR455W
YDR276C	YEL002C
YLR061W	YNL255C
YGR231C	YHR135C
YCR002C	YDR188W
YKR009C	YPL209C
YAL005C	YHR154W
YDR092W	YLR032W
YDR316W	YPR121W
YDL042C	YER129W
YDR225W	YNL030W
YBL007C	YFR024C-A
YDR254W	YPR046W
YFR004W	YJR094W-A
YGL021W	YLL015W
YGR232W	YNL244C
YIL068C	YJL085W
YFL033C	YOL081W
YBR183W	YJL117W
YGL190C	YOR349W
YFL009W	YHR005C
YDR381W	YDR462W
YGL017W	YLR234W
YDR356W	YLL003W
YFL008W	YJR112W
YDR201W	YFL008W
YFL014W	YNL312W
YGL158W	YHR104W
YGR250C	YKL049C
YKL154W	YNL255C
YMR140W	YOR244W
YNL215W	YNL255C
YGL181W	YPL031C
YDR479C	YOL065C
YIL035C	YPL181W
YGL077C	YKL051W
YER042W	YFR004W
YCL052C	YHR140W
YMR054W	YOR270C
YCL010C	YDR392W
YFL048C	YJL178C
YOR244W	YPL082C
YFL038C	YLR396C
YDR381W	YJL098W
YNL255C	YOR089C
YDR175C	YJL063C
YDR328C	YJR090C
YNL255C	YOR168W
YDR484W	YKR020W
YDR130C	YOL069W
YDR356W	YPL055C
YLR460C	YPL031C
YKL160W	YOR244W
YNL307C	YOR335C
YGL048C	YNR051C
YKL182W	YML100W
YHR135C	YNL314W
YDR468C	YGL095C
YFL034W	YHL019C
YML048W	YMR149W
YLL039C	YLR377C
YBR267W	YLR009W
YJL020C	YOR047C
YML064C	YNL255C
YMR149W	YPL265W
YML008C	YMR015C
YML056C	YOL115W
YDR188W	YDR477W
YKL074C	YNL210W
YDL207W	YER105C
YBR018C	YGL180W
YDL045W-A	YIL093C
YFL008W	YLL050C
YDL005C	YPL042C
YKL182W	YLR044C
YDR477W	YIL107C
YHR135C	YPL181W
YGR048W	YKL020C
YBR217W	YLR423C
YOR058C	YPL146C
YCR012W	YDL097C
YFL045C	YJR035W
YER177W	YLR177W
YJL084C	YLL039C
YFR001W	YNL230C
YDR214W	YER110C
YBR126C	YJR138W
YDL027C	YHR082C
YGL123W	YHR200W
YDR430C	YNL255C
YLL039C	YOR348C
YCR073C	YJL089W
YKR011C	YKR048C
YER035W	YOL149W
YJR104C	YNL135C
YHR027C	YLR153C
YFL037W	YJR132W
YIR001C	YNL138W
YFR047C	YNL255C
YJL070C	YML035C
YNL031C	YOL004W
YLR176C	YOR290C
YMR106C	YMR108W
YFL001W	YJL164C
YGR270W	YNL031C
YHR082C	YPL055C
YDL165W	YPL042C
YJR066W	YPR185W
YNL132W	YPL055C
YKL039W	YLL039C
YCR028C-A	YER020W
YKL132C	YPR022C
YJL164C	YPL100W
YEL002C	YLR350W
YHL025W	YOR290C
YDL025C	YMR049C
YDR381W	YPL178W
YGL104C	YHR114W
YFR004W	YIL116W
YDL047W	YML048W
YGL111W	YNL082W
YDL029W	YDR063W
YGL158W	YLR055C
YBL085W	YNL078W
YGL059W	YHR082C
YGL175C	YPR119W
YDL227C	YHR027C
YDL214C	YHR139C
YBL004W	YJL124C
YBR137W	YOL111C
YER112W	YFL017W-A
YHR152W	YLR044C
YDL014W	YNL132W
YGR092W	YKL140W
YAL038W	YOR136W
YFL045C	YNR051C
YBR031W	YNR051C
YGR086C	YNR051C
YGR092W	YJL098W
YFL013C	YPR133C
YNL236W	YPL042C
YLR166C	YOR332W
YHR105W	YOR292C
YKR037C	YPL209C
YDL113C	YFR040W
YDL097C	YDL147W
YDR342C	YJR066W
YCL014W	YHR135C
YBR017C	YNR069C
Q0085	YML129C
YNL110C	YPL266W
YDL101C	YHR135C
YHR082C	YNR047W
YGL212W	YPL232W
YDL059C	YGR086C
YGL158W	YML048W
YBR112C	YNL330C
YBR079C	YOR052C
YGR244C	YKL101W
YER094C	YNL255C
YDL031W	YHR154W
YGL205W	YJR059W
YBR217W	YMR159C
YPL012W	YPL266W
YKL129C	YOR047C
YKR096W	YPR129W
YDR377W	YML081C-A
YAL011W	YGR086C
YNL136W	YOR244W
YFR024C-A	YJL194W
YBL030C	YBL045C
YBR251W	YNL186W
YAL068C	YGL158W
YAL011W	YDR485C
YDR216W	YGR123C
YKR072C	YMR149W
YHR096C	YPR138C
YKL049C	YKR046C
YCR009C	YHR042W
YMR099C	YPL231W
YBR272C	YDL007W
YDL002C	YJR112W
YGL017W	YNL157W
YGL048C	YGL141W
YAL017W	YKL035W
YBL052C	YNL255C
YGL006W	YLL039C
YFR004W	YPL061W
YDR013W	YJL090C
YER061C	YPL031C
YJR119C	YLL039C
YDL020C	YMR100W
YLL039C	YNL305C
YER131W	YHR027C
YGR086C	YNL073W
YHR082C	YNL073W
YFR004W	YML126C
YDL029W	YIL062C
YML082W	YNL255C
YJR050W	YNR011C
YKR092C	YNL112W
YBR217W	YDR214W
YGR027C	YNL255C
YBL084C	YPL174C
YBR159W	YPR194C
YGL090W	YLR424W
YDR141C	YGL203C
YLR131C	YMR308C
YJL164C	YNL098C
YDR377W	YPL078C
YDR316W	YLR447C
YJL020C	YJR149W
YGL158W	YHL027W
YJL124C	YOR375C
YDL140C	YDR356W
YIR003W	YPL031C
YDR110W	YER161C
YER063W	YKR048C
YGL180W	YGL248W
YDR175C	YHL004W
YJL164C	YOR386W
YBR207W	YDR284C
YLR182W	YNL261W
YBL007C	YLR206W
YER062C	YLL039C
YDR006C	YLL039C
YBL050W	YNL255C
YBL075C	YGR104C
YDL192W	YLR330W
YIL109C	YKL068W
YKR083C	YNL255C
YER105C	YKL057C
YDL185W	YFR004W
YLR245C	YOL111C
YER030W	YJL125C
YAL027W	YPL022W
YDR155C	YNL244C
YDR466W	YHL024W
YBL093C	YOL051W
YHR082C	YPL217C
YFR004W	YOR042W
YBR289W	YNL031C
YDL047W	YDR188W
YBR059C	YMR297W
YFR004W	YHR193C
YBL047C	YFR004W
YCR057C	YDL014W
YFR004W	YGL008C
YBR193C	YNL236W
YGL008C	YNL124W
YKL022C	YOR249C
YDR485C	YFL039C
YGR214W	YPR129W
YBR159W	YGL104C
YDR462W	YNL284C
YCR046C	YHL004W
YGL111W	YOR005C
YCR028C-A	YER112W
YBL087C	YDR130C
YKL067W	YNL030W
YGL082W	YLR166C
YFR024C-A	YGL104C
YBR251W	YKL155C
YAR031W	YCR030C
YDR411C	YDR479C
YHR082C	YPL031C
YMR309C	YOL087C
YDR425W	YGL161C
YBR059C	YMR004W
YBR072W	YIL126W
YLR018C	YLR249W
YBR167C	YNL246W
YAR007C	YNL031C
YHR135C	YOL153C
YLL019C	YLR044C
YCL056C	YNL255C
YER177W	YLR433C
YDR247W	YNL295W
YER032W	YLR144C
YML049C	YMR117C
YIL101C	YOL004W
YAR007C	YCR012W
YJL092W	YLR035C
YDR216W	YOL148C
YDL185W	YNR051C
YLR275W	YMR288W
YJR132W	YKL049C
YHR108W	YLR170C
YDR188W	YKL104C
YIL126W	YNL116W
YBR217W	YLR216C
YER112W	YNR051C
YML049C	YMR125W
YER172C	YPR082C
YBL007C	YHL002W
YBR279W	YNL251C
YFL007W	YOR362C
YHR114W	YLL005C
YHR082C	YML037C
YLR337C	YMR109W
YDR381W	YJR045C
YAL005C	YDR390C
YBR274W	YJL124C
YCL037C	YNL251C
YDL117W	YOL070C
YHR187W	YKL110C
YDL044C	YMR083W
YDL155W	YIL106W
YDR164C	YMR183C
YIL105C	YLR423C
YMR105C	YMR199W
YGL194C	YKR029C
YMR268C	YPR082C
YHR190W	YLL039C
YIL126W	YLR176C
YNL098C	YOL081W
YDL185W	YHR200W
YDR283C	YLL039C
YHR135C	YNL116W
YHR135C	YIL077C
YGL158W	YHR044C
YML056C	YOR360C
YGR056W	YMR106C
YGR080W	YNL138W
YHR094C	YLL039C
YGR104C	YPL042C
YDL002C	YKR001C
YGL051W	YHR082C
YCL009C	YNR051C
YJL219W	YML048W
YBL102W	YFL048C
YPL012W	YPL217C
YOR119C	YPR082C
YBR272C	YLL022C
Q0120	YLR382C
YBR159W	YPR124W
YCR002C	YFL018C
YDR392W	YEL009C
YER098W	YNL307C
YGR207C	YPL217C
YBR298C	YGR041W
YGL006W	YHR175W
YBR217W	YNL208W
YFR001W	YKR024C
YDR386W	YER112W
YKL185W	YPL181W
YFR002W	YHR135C
YLR071C	YMR112C
YDL126C	YLR450W
YCR004C	YDL101C
YBL007C	YKR001C
YMR197C	YOR327C
YCR009C	YDR381W
YEL015W	YER124C
YER164W	YKL049C
YGR092W	YPL242C
YDL134C	YDL188C
YBR260C	YKR055W
YDR148C	YNL255C
YDR479C	YLL039C
YLR126C	YNL255C
YDL002C	YOR141C
YGR130C	YKL049C
YER125W	YER177W
YGL158W	YKR048C
YLR102C	YPL031C
YAL026C	YLL039C
YIL115C	YKL049C
YBR122C	YDR462W
YBL007C	YHR108W
YGR092W	YNR006W
YCR008W	YJL164C
YDR174W	YLR022C
YDL126C	YKL039W
YCL028W	YOL051W
YGL055W	YJR059W
YCL027W	YLR330W
YJL025W	YOR284W
YKL049C	YPR159W
YAL002W	YLR148W
YCR051W	YFR004W
YML048W	YPR106W
YPR081C	YPR154W
YDR028C	YHR005C
YER033C	YPL031C
YBR159W	YIL105C
YGL108C	YKL051W
YBL099W	YNL315C
YAR033W	YGL051W
YBR018C	YDL134C
YNL255C	YPR086W
YAL027W	YBR196C
YCR088W	YDR523C
YDL192W	YPR156C
YBL050W	YOL018C
YDR128W	YJL092W
YBR097W	YLL039C
YDR477W	YOL069W
YOL005C	YPR133C
YLR025W	YNL265C
YNL110C	YPL146C
YJL020C	YLR206W
YBR036C	YHR026W
YER019C-A	YOR103C
YKL095W	YLR424W
YJL090C	YLR072W
YLR045C	YML124C
YER120W	YMR216C
YJL098W	YPL049C
YDR244W	YDR265W
YBR274W	YKL210W
YDR247W	YIL154C
YEL058W	YNL218W
YHR027C	YOR375C
YDR432W	YJL140W
YHL035C	YHR114W
YBR231C	YLR385C
YIL030C	YMR264W
YBL078C	YDL028C
YIL004C	YNL255C
YDR225W	YGL241W
YDL207W	YIL115C
YNL255C	YPR133C
YER177W	YNL330C
YDR505C	YJR059W
YBL085W	YER164W
YER164W	YLL039C
YBR289W	YOR290C
YDR381W	YKR092C
YLR134W	YPL031C
YAL021C	YPL042C
YDR006C	YFR004W
YKL207W	YKR076W
YNL002C	YNL110C
YGL077C	YIL105C
YGR209C	YHR152W
YLL039C	YLR047C
YIL109C	YKL171W
YMR108W	YNR051C
YFL039C	YOR367W
YHR140W	YKL154W
YIR038C	YJL117W
YCR002C	YNL078W
YHR114W	YMR162C
YNL020C	YNL272C
YGL198W	YNL304W
YDL207W	YEL024W
YDR174W	YDR283C
YDR479C	YJL097W
YFR004W	YNR017W
YGL153W	YJL210W
YPL049C	YPR082C
YCR066W	YNL312W
YHL018W	YJL098W
YHR200W	YLR109W
YDL160C	YGL137W
YDL042C	YLL039C
YBL085W	YJR138W
YIL035C	YJR096W
YLR148W	YOR323C
YGL111W	YNL110C
YFL037W	YKL010C
YAL016W	YFR004W
YFR004W	YJL020C
YGL095C	YOL018C
YDL155W	YGR092W
YGR059W	YMR065W
YFR004W	YJL001W
YJR066W	YPR156C
YMR105C	YOR327C
YJL068C	YOL017W
YCL032W	YNL180C
YML064C	YPL111W
YGR268C	YNL255C
YCL043C	YPL141C
YBR126C	YML100W
YKL189W	YMR303C
YGR086C	YMR086W
YGL195W	YNL055C
YDR246W	YOR115C
YBL031W	YKR037C
YCR084C	YDL126C
YBR079C	YNL255C
YKL171W	YMR184W
YGL048C	YHR200W
YBL007C	YPL012W
YOL004W	YPL181W
YBL074C	YDR283C
YGL033W	YNL255C
YBR041W	YIL124W
YAL005C	YPR131C
YJL110C	YJL164C
YFR004W	YNL135C
YNL330C	YOR083W
YGR250C	YJL052W
YFL033C	YNL157W
YCL043C	YHR082C
YLR424W	YMR125W
YFL007W	YJL001W
YDR424C	YIL115C
YDR284C	YGL203C
YGL030W	YNL110C
YER120W	YMR049C
YIL033C	YJR017C
YKL039W	YOL018C
YMR259C	YOR042W
YDR211W	YPL140C
YAR028W	YBR159W
YLL039C	YPL162C
YJL020C	YMR162C
YER166W	YIR006C
YJL191W	YNR051C
YER006W	YPL146C
YGR247W	YKR034W
YHR005C	YLL039C
YIL109C	YPR181C
YER125W	YGL219C
YBL007C	YBL047C
YGL241W	YPR086W
YGL048C	YMR191W
YLR137W	YNL255C
YGR038W	YIR038C
YDL042C	YGR282C
YLL039C	YLR454W
YBR041W	YJR009C
YDR452W	YNL255C
YBL017C	YDL097C
YDR188W	YOR230W
YBR279W	YIL035C
YFL039C	YFR004W
YGL009C	YKL049C
YBR093C	YCL043C
YDL101C	YDR531W
YJL164C	YKR100C
YHL004W	YKL170W
YER012W	YLL054C
YJL098W	YNL076W
YDL126C	YLR377C
YMR109W	YNL307C
YGL059W	YOR134W
YBL075C	YLL060C
YGL180W	YNL186W
YNL255C	YOL002C
YJR059W	YLL043W
YDR381W	YHR118C
YAL032C	YJL149W
YDR381W	YOL115W
YLL015W	YLL039C
YBL030C	YGL195W
YIL035C	YMR309C
YGL112C	YMR223W
YDR216W	YPR086W
YBL102W	YLL039C
YAL005C	YBL058W
YBR126C	YOR089C
YKL161C	YPL049C
YDL075W	YGL014W
YDR171W	YDR430C
YDL209C	YGR129W
YNR046W	YPR054W
YMR246W	YNR051C
YLR005W	YNL255C
YLR071C	YNL236W
YAL021C	YMR124W
YDL070W	YOR244W
YGR270W	YML127W
YDR118W	YGL240W
YBL074C	YER172C
YDL066W	YJL098W
YBR017C	YMR105C
YFL033C	YOR380W
YBR079C	YPR041W
YHR200W	YKR039W
YDL075W	YFR032C-A
YHR200W	YJL014W
YOL051W	YPR025C
YJL008C	YKL010C
YGR086C	YMR309C
YEL044W	YOR141C
YIL085C	YJL019W
YMR005W	YOL004W
YFR003C	YKL193C
YLL039C	YOL145C
YMR294W	YOL069W
YJR045C	YKR048C
YBR176W	YOR119C
YDR283C	YGL190C
YBR042C	YPL031C
YFR004W	YOL109W
YGL145W	YNL258C
YDL031W	YNL002C
YDL047W	YOL018C
YGR040W	YLR310C
YBR205W	YFL038C
YJL164C	YKL160W
YAL038W	YGL100W
YMR256C	YPL190C
YDL134C	YHR135C
YBR023C	YMR237W
YOR127W	YPL055C
YGL112C	YLR399C
YNR051C	YOR182C
YJL084C	YOR348C
YDL029W	YLR370C
YNL183C	YOL066C
YIL125W	YLL039C
YBL041W	YDL188C
YLL039C	YPR091C
YGL137W	YNL138W
YHR135C	YNL186W
YBL091C-A	YIR038C
YDR174W	YKR092C
YBL058W	YNL155W
YER027C	YOL136C
YER125W	YPL146C
YER016W	YKR037C
YGR056W	YNL031C
YJL164C	YPR091C
YMR049C	YPR008W
YGL212W	YLR166C
YDL031W	YIL035C
YOR290C	YPL248C
YAL028W	YMR186W
YLL039C	YPL234C
YBR034C	YHR027C
YDR265W	YOL147C
YBL085W	YPL049C
YGL100W	YKL057C
YDR496C	YPL012W
YEL042W	YLR166C
YJL084C	YJR059W
YJL069C	YKR096W
YAL054C	YLL039C
YGL055W	YMR015C
YGR142W	YOL018C
YFR024C-A	YMR109W
YBL017C	YGL203C
YGR089W	YOR269W
YJR112W	YNL250W
YGL190C	YNL030W
YIR038C	YJL097W
YDL134C	YGL190C
YDR118W	YNL172W
YGR136W	YLL039C
YER094C	YHR200W
YDL101C	YDR214W
YKL074C	YLR423C
YLR072W	YLR249W
YDR540C	YHR135C
YDR381W	YNL051W
YMR125W	YOR159C
YMR193W	YNR022C
YDL054C	YGR174C
YLR466W	YNL255C
YGL008C	YKL193C
YJL164C	YKL061W
YDR398W	YLR216C
YCL028W	YKL040C
YHR096C	YJR066W
YLR292C	YOR324C
YDL017W	YPR007C
YAR007C	YBL023C
YIL106W	YNR052C
YDR031W	YNL255C
YGL194C	YMR273C
YBR196C	YLR044C
YJL164C	YLL043W
YAL005C	YBL023C
YNL255C	YPL061W
YER012W	YLR199C
YAL026C	YDR497C
YDR381W	YNL252C
YBL030C	YER053C
YDL135C	YPL141C
YER094C	YFR050C
YCR028C-A	YLR326W
YDR093W	YJR066W
YMR146C	YPL105C
YDL195W	YIL004C
YJR093C	YLR115W
YCR073W-A	YNR051C
YNL255C	YOR288C
YLL039C	YML049C
YMR027W	YPR036W
YFR004W	YFR050C
YDL160C	YMR106C
YJL225C	YNL255C
YFR001W	YIL133C
YMR162C	YPR154W
YGR233C	YML014W
YLL039C	YOR042W
YBR059C	YGL059W
YJL194W	YKL112W
YFR004W	YMR027W
YDL043C	YML049C
YGR207C	YOR018W
YDR392W	YPL082C
YJR059W	YLL038C
YGL113W	YKL026C
YGR086C	YHR027C
YHR027C	YJR007W
YBR173C	YOR157C
YDR523C	YKR046C
YBR088C	YFR004W
YML064C	YMR246W
YEL009C	YMR236W
YDR479C	YLR036C
YLR355C	YLR442C
YDR155C	YLL039C
YKL129C	YNL255C
YBR196C	YDR328C
YDR128W	YGL205W
YDL161W	YLL039C
YKL104C	YLL040C
YDR411C	YLR207W
YIL149C	YLL015W
YBR273C	YDR411C
YHR005C	YNL119W
YBR105C	YNL085W
YGL158W	YNL117W
YER044C	YML008C
YKR048C	YOL115W
YBL007C	YHR135C
YDR381W	YGL200C
YNL138W	YOR122C
YOR156C	YPR046W
YDR146C	YOR290C
YKL095W	YMR125W
YHR097C	YLL039C
YBR251W	YDR124W
YEL009C	YPR046W
YFR004W	YMR308C
YGL190C	YMR036C
YNL030W	YNL157W
YDR285W	YMR117C
YDR227W	YFL045C
YFR053C	YLL039C
YDR078C	YHL006C
YGR092W	YKL211C
YBR260C	YPL140C
YBR272C	YDL097C
YJR109C	YKL182W
YDR093W	YER166W
YDR381W	YGL030W
YCR009C	YPL140C
YGL112C	YGR252W
YBL047C	YDR348C
YBR059C	YKR094C
YDR283C	YJR043C
YDR073W	YOL051W
YJL005W	YNL138W
YGR252W	YPL181W
YBR245C	YPL055C
YBL030C	YMR145C
YDR130C	YNL161W
YJL052W	YLR144C
YFR004W	YPR181C
YBR136W	YML058W
YIL156W	YJR059W
YAL028W	YKL171W
YGR092W	YOL143C
YJR094C	YMR139W
YDL200C	YDR155C
YLR423C	YPL174C
YDR477W	YGR252W
YBR079C	YNR051C
YER022W	YPL042C
YLR433C	YML057W
YLR259C	YNL255C
YFL039C	YGL106W
YDR205W	YKL221W
YAR068W	YNL255C
YHR005C	YPR141C
YER006W	YGL030W
YAR007C	YBL088C
YAL021C	YNR051C
YGR104C	YMR112C
YGL112C	YLR055C
YBL088C	YNL265C
YJL164C	YML048W
YFR004W	YPR145W
YDL155W	YKL068W
YKL182W	YNR051C
YGL180W	YGR126W
YDR356W	YNL126W
YKL049C	YLR330W
YDL004W	YJR121W
YHR027C	YPL262W
YDR118W	YKL022C
YKL150W	YNL121C
YLR018C	YMR264W
YAL005C	YDR214W
YBL047C	YHR135C
YEL012W	YHR205W
YBR039W	YDL047W
YGL195W	YNL323W
YDL126C	YDR411C
YBR279W	YPL084W
YJL210W	YNL214W
YAR007C	YFL009W
YGL136C	YGR040W
YBR123C	YGR246C
YBL080C	YGR102C
YHR027C	YMR246W
YBR298C	YKL154W
YMR028W	YNR032W
YGL048C	YML124C
YHR200W	YLR043C
YIL075C	YKL049C
YGL240W	YKR048C
YDL042C	YDR247W
YNL031C	YOR025W
YFL039C	YNL215W
YCR051W	YNL255C
YML102W	YNL031C
YAL043C	YDR195W
YGL203C	YLR330W
YBL045C	YHR027C
YDL066W	YNL250W
YHR200W	YLL050C
YKL103C	YNL107W
YBL007C	YNL138W
YBL023C	YLL039C
YJL092W	YJR132W
YGR270W	YPR019W
YBR245C	YFL039C
YDR422C	YMR106C
YDR254W	YGL060W
YJL092W	YLR032W
YDL029W	YDR394W
YGL077C	YOL105C
YLR170C	YNL255C
YKL150W	YLR166C
YJL164C	YLL029W
YLL039C	YLR356W
YNL255C	YPL106C
YGR250C	YML056C
YEL048C	YOR115C
YBR132C	YGL006W
YKL021C	YLR175W
YCR084C	YLL039C
YBR221C	YCR079W
YKL052C	YNL255C
YKL093W	YNL307C
YBL041W	YJL001W
YER012W	YER177W
YAL062W	YOR375C
YDL065C	YJL210W
YDR201W	YKR037C
YBR112C	YGL181W
YBR011C	YJL191W
YDL159W	YIL113W
YDL147W	YGL048C
YJL001W	YOR157C
YIL038C	YNL161W
YBR279W	YKL049C
YDL077C	YNL147W
YBL084C	YPL106C
YBR223C	YCL028W
YFR050C	YJL047C
YGL099W	YPR041W
YAL032C	YBL084C
YBR017C	YOR259C
YLR192C	YNL244C
YIL030C	YKL209C
YHR135C	YOL070C
YDR096W	YML114C
YDL134C	YOR176W
YCL047C	YGR040W
YAL026C	YNL321W
YHR027C	YKL035W
YDL192W	YPL010W
YBL047C	YCR030C
YIR003W	YJL020C
YDR496C	YMR049C
YLR449W	YMR049C
YAL005C	YLR256W
YLL039C	YOL084W
YFR004W	YMR108W
YDR331W	YKL006C-A
YDL005C	YDR443C
YHR135C	YKL210W
YBL037W	YNL265C
YJL164C	YOR141C
YBL004W	YBR251W
YLR330W	YOR244W
YER012W	YPR120C
YDR307W	YJL091C
YGL104C	YML048W
YER006W	YIL035C
YJL164C	YJR014W
YDL225W	YJR070C
YDL185W	YEL023C
YDL126C	YNL155W
YBL030C	YJL143W
YBL106C	YFL013C
YER016W	YLR061W
YKL117W	YMR186W
YDR307W	YJR117W
YML046W	YPR082C
YBR199W	YLL039C
YDR254W	YLR381W
YDL171C	YMR117C
YDR443C	YNL236W
YER098W	YGL180W
YGL051W	YPR156C
YIL004C	YPL010W
YDR423C	YLR109W
YNL055C	YNL157W
YDR460W	YLR005W
YBR152W	YDL043C
YDR498C	YNL258C
YFR004W	YOR136W
YDL059C	YNL312W
YCR023C	YJR059W
YKR001C	YLL039C
YDR086C	YFR004W
YKL034W	YLL039C
YGR225W	YNL210W
YDR003W	YLL039C
YGL038C	YGL055W
YDL134C	YMR028W
YHR118C	YJL092W
YBR245C	YOL012C
YAL005C	YHR127W
YJL124C	YNL255C
YFL001W	YPL031C
YCR030C	YGR130C
YIL126W	YML127W
YDR381W	YML056C
YDR256C	YGL153W
YGR280C	YMR302C
YIL068C	YNR049C
YFL045C	YGL195W
YFR024C-A	YGL181W
YHR200W	YMR226C
YJR050W	YML046W
YBL030C	YBR024W
YBL047C	YNL124W
YER164W	YMR125W
YDL227C	YGL014W
YGL137W	YKR046C
YHR027C	YLR134W
YGL059W	YPL203W
YDR207C	YJR094C
YMR049C	YNL230C
YLR275W	YMR125W
YBL102W	YGL006W
YDR155C	YPR120C
YGL006W	YKR007W
YCL014W	YPL106C
YDL214C	YKR092C
YGR138C	YLR413W
YER006W	YFR001W
YER131W	YFR004W
YGL203C	YHR094C
YCR028C-A	YJR144W
YBR036C	YDR276C
YDR379W	YJL164C
YFL029C	YPR054W
YCR065W	YPL106C
YBR272C	YGR040W
YMR114C	YMR216C
YIL017C	YNL255C
YGR136W	YKL117W
YDL140C	YML088W
YGR261C	YNL255C
YDL214C	YNR006W
YCR033W	YOL068C
YIL105C	YNL307C
YDR517W	YJL099W
YLR131C	YOR185C
YGR214W	YLR259C
YKL041W	YMR077C
YER125W	YMR171C
YBL035C	YNR051C
YDL002C	YPL141C
YDR394W	YHR200W
YBR177C	YMR109W
YDR365C	YDR381W
YDR497C	YGL203C
YDR392W	YMR236W
YML028W	YNR051C
YER162C	YGL167C
YBR156C	YMR094W
YHR200W	YOR298C-A
YBR041W	YMR246W
YCR004C	YFR004W
YDR496C	YIL133C
YKL150W	YPL031C
YLL039C	YNL014W
YDR468C	YLL043W
YDL029W	YKL104C
YDR477W	YOR269W
YEL059C-A	YMR150C
YGR206W	YLL039C
YLR310C	YPL049C
YGR214W	YLR153C
YBL019W	YCR028C-A
YFL033C	YOR162C
YDR063W	YKR034W
YDR155C	YMR036C
YDR032C	YLR326W
YBR217W	YJR109C
YNL262W	YOL115W
YLR071C	YOL148C
YHR135C	YJR044C
YGR270W	YIL126W
YGR270W	YJL167W
YHL009C	YMR216C
YJR059W	YOR028C
YFR036W	YNL172W
YGL200C	YIL109C
YDR436W	YLL039C
YDR146C	YER018C
YDR316W	YGR041W
YOR049C	YOR127W
YFR004W	YGL123W
YEL015W	YJL014W
YDR211W	YPR041W
YDL185W	YNR052C
YOR110W	YPL031C
YMR317W	YOL108C
YDL223C	YFR004W
YOR334W	YPL060W
YHR200W	YOR270C
YGR184C	YIL075C
YAL049C	YDL025C
YBR177C	YHR114W
YFR024C-A	YPL031C
YDR398W	YNR051C
YBL078C	YIL004C
YFL068W	YNL255C
YER044C	YLR100W
YLR095C	YPL082C
YBR044C	YBR221C
YHL009C	YPL018W
YJL070C	YJL164C
YDR477W	YNL236W
YBR221C	YLR166C
YBR017C	YLL039C
YKL049C	YMR146C
YDL171C	YPL031C
YFR002W	YKL057C
YCL010C	YMR223W
YAR007C	YGL116W
YNL172W	YOR249C
YDL139C	YNL030W
YJR059W	YMR288W
YGL220W	YLL029W
YGR175C	YMR015C
YDR284C	YLL039C
YHR135C	YLL043W
YHR082C	YPL041C
YCR073W-A	YDR247W
YBR031W	YKL116C
YPL249C	YPR154W
YGL158W	YNL272C
YGR214W	YNL255C
YKR001C	YMR204C
YLR055C	YPL082C
YDL192W	YKL135C
YKL103C	YOL145C
YDR496C	YER161C
YBR245C	YLL039C
YLR284C	YML064C
YHL019C	YHR135C
YHR082C	YMR302C
YKL112W	YMR308C
YDR284C	YPR079W
YBR103W	YOL068C
YKL101W	YOR141C
YDL101C	YNL250W
YCL014W	YLL039C
YER040W	YNL103W
YDL200C	YNL014W
YGL131C	YNL031C
YGL212W	YOL129W
YKL049C	YMR309C
YMR216C	YNL186W
YDR394W	YFR004W
YEL013W	YPR149W
YCL055W	YGL192W
YLL039C	YLR450W
YGR252W	YLR055C
YDL160C	YPR129W
YDR443C	YPL042C
YML102W	YNL030W
YDL075W	YGL030W
YHR205W	YMR216C
YBL084C	YOR249C
YDR265W	YNL214W
YDR238C	YPL010W
YFL018C	YFR049W
YJL092W	YMR136W
YJL164C	YLR259C
YBL087C	YHR027C
YNL068C	YPR120C
YDR171W	YNL216W
YER177W	YNL031C
YDL188C	YHR152W
YBR274W	YNL031C
YEL048C	YPL031C
YPL031C	YPR119W
YBL087C	YFR004W
YMR186W	YNR032W
YIL068C	YPR055W
YJL020C	YLR337C
YEL050C	YMR193W
YGL064C	YOR260W
YAL062W	YIL033C
YHR070W	YNL138W
YGL158W	YOL070C
YGR092W	YMR196W
YGL134W	YKR058W
YFR004W	YOL016C
YDR113C	YGL116W
YGL180W	YMR297W
YER018C	YPL174C
YBL075C	YPR119W
YDL137W	YHR108W
YJR103W	YKL117W
YAL011W	YBR231C
YNL126W	YPL055C
YDR074W	YHR200W
YFL026W	YGL089C
YJR021C	YNL210W
YHR082C	YPL203W
YBR183W	YKL154W
YCR098C	YNL008C
YHR135C	YLR355C
YNL009W	YOR089C
YAL038W	YNL307C
YCL051W	YNL161W
YDL140C	YER125W
YDR356W	YMR117C
YML014W	YNL255C
YDR148C	YMR308C
YDL029W	YKL129C
YBL064C	YKL101W
YBR059C	YDR130C
YCL032W	YMR117C
YML102W	YNL255C
YLR287C-A	YNL302C
YER112W	YJL110C
YHL004W	YJL112W
YDR189W	YHR094C
YDL185W	YML124C
YBR173C	YOR362C
YNL251C	YOL115W
YJL019W	YJR068W
YDR227W	YNL031C
YFL038C	YMR218C
YBL106C	YIL033C
YGL200C	YPR201W
YDR192C	YFR002W
YAL028W	YGL180W
YFL008W	YMR117C
YCR042C	YMR005W
YKL059C	YLR115W
YDL185W	YHR027C
YCR009C	YNL255C
YJR059W	YPR160W
YBR299W	YLL039C
YAL032C	YIL068C
YBL033C	YFR004W
YLL018C-A	YPL031C
YDR405W	YJL143W
YDL126C	YNL031C
YDR202C	YDR328C
YLR055C	YOL051W
YBL050W	YFR004W
YHR118C	YLL004W
YBR130C	YKL101W
YER110C	YKL049C
YHL004W	YPL255W
YLL039C	YOR320C
YDL031W	YNL110C
YDR130C	YDR201W
YGL106W	YLR288C
YBR039W	YJR007W
YDR453C	YIL039W
YGR086C	YNL244C
YKL049C	YOR259C
YNR052C	YOL149W
YLL039C	YMR210W
YDR188W	YFL039C
YDL002C	YKL101W
YDL018C	YGL200C
YHR200W	YOL038W
YER012W	YOR362C
YJR059W	YNL045W
YDL028C	YIL106W
YBR159W	YNL055C
YGL056C	YGL077C
YDR432W	YNL251C
YER012W	YOL145C
YEL009C	YPL016W
YFR004W	YKL127W
YOR042W	YPL042C
YDL043C	YPR160W
YHR135C	YIL156W
YDR164C	YNL272C
YGR252W	YPL248C
YBL088C	YNL312W
YDL031W	YGL111W
YKL101W	YPR036W
YDL126C	YIL030C
YKL060C	YNL255C
YBL007C	YIL156W
YPL178W	YPL190C
YHR096C	YKL051W
YDR523C	YKL023W
YLR310C	YOR156C
YLR270W	YOR173W
YFR024C-A	YOR284W
YBR286W	YLL039C
YDR247W	YMR140W
YHR200W	YMR309C
YGR129W	YJL164C
YGR006W	YPL016W
YGL195W	YHR027C
YHR027C	YOR271C
YHL021C	YKL101W
YDL160C	YNL255C
YHL004W	YOR284W
YJL070C	YMR131C
YHR027C	YKL157W
YDR050C	YLL039C
YKL101W	YMR184W
YBR177C	YOL018C
YHR027C	YPR145W
YPL248C	YPR056W
YIL125W	YOR005C
YAL005C	YOR091W
YDL006W	YKR048C
YFR004W	YGL014W
YGL031C	YNL255C
YHR152W	YPL061W
YKL167C	YOL016C
YKL210W	YPL209C
YBR159W	YDR381W
YJL019W	YLR233C
YCL009C	YER012W
YAL026C	YBR023C
YLR080W	YPR181C
YBL084C	YDR523C
YJL164C	YLL038C
YBR034C	YDL014W
YBR177C	YKL140W
YBL099W	YLL039C
YHR200W	YJL088W
YBR267W	YMR139W
YER106W	YER130C
YBR173C	YOL038W
YHR005C	YLR240W
YGL167C	YIL146C
YGR209C	YLR109W
YOR165W	YPR028W
YKL074C	YPL105C
YDR477W	YHR205W
YAL005C	YOR197W
YDR313C	YLL039C
YAL043C	YDL140C
YHR152W	YIL105C
YBR103W	YDL185W
YDR365C	YGL008C
YIL072W	YPR007C
YGR270W	YPL116W
YDL097C	YFR052W
YDR381W	YML103C
YDR028C	YPL031C
YDR164C	YKL182W
YAL005C	YDR168W
YIL107C	YMR139W
YLL039C	YPL082C
TL(UAA)J	YOR110W
YDR192C	YMR255W
YDR174W	YMR140W
YDL078C	YOL147C
YDR473C	YFL017W-A
YDL007W	YHR082C
YCR088W	YOR047C
YIR016W	YNL161W
YDL098C	YPR082C
YDL115C	YNL255C
YDR394W	YER012W
YBR039W	YPL078C
YGL158W	YJR142W
YMR246W	YOL133W
YNL085W	YNL090W
YHR082C	YNL272C
YBR212W	YKL171W
YLR249W	YMR186W
YDL014W	YKL035W
YHR183W	YKL085W
YLL039C	YLR427W
YBR279W	YLR249W
YHL009C	YML102W
YAL005C	YNL255C
YDR477W	YGL208W
YLL039C	YMR125W
YBL004W	YLL039C
YDR443C	YOL051W
YGL030W	YGR232W
YFR004W	YMR015C
YER023W	YLL039C
YCR009C	YDL044C
YGL195W	YNR051C
YDL098C	YDR473C
YOR197W	YPR154W
YBR217W	YGL016W
YAL026C	YGL203C
YBL088C	YGR099W
YBL056W	YMR246W
YDR485C	YNL107W
YKR028W	YPL049C
YDR490C	YGR086C
YML127W	YPL082C
YDR505C	YPR154W
YDR453C	YML028W
YCR073C	YDL125C
YGR040W	YMR319C
YER172C	YGL100W
YIL133C	YOR290C
YHR026W	YPR156C
YDR328C	YMR186W
YOL051W	YPR086W
YML088W	YPL231W
YBL004W	YKR060W
YBL075C	YNL250W
YFR004W	YNL055C
YBR272C	YHR200W
YER156C	YFR004W
YJL084C	YPL265W
YCL037C	YNR051C
YGL008C	YHR027C
YCR066W	YDR092W
YHR135C	YNL172W
YER022W	YPL248C
YLR102C	YOR249C
YLL017W	YNL098C
YCR068W	YIR038C
YNL307C	YPR159W
YER034W	YPL031C
YDR264C	YJL178C
YDL042C	YMR273C
YBL085W	YPL158C
YGL203C	YLR413W
YDR216W	YDR477W
YIL126W	YJR094C
YAL061W	YMR308C
YHR033W	YMR106C
YER018C	YMR294W
YDL140C	YEL009C
YBL023C	YNL261W
YHL004W	YNL252C
YLL063C	YMR015C
YDR247W	YOL116W
YML064C	YNL218W
YDR207C	YJR059W
YGL158W	YPL031C
YGR142W	YOR327C
YNL110C	YPR169W
YDR077W	YEL065W
YER161C	YGR116W
YDR078C	YLR376C
YDL007W	YHR027C
YDR411C	YJL019W
YDL075W	YLR287C-A
YFR050C	YKL049C
YBL045C	YNL255C
YFL037W	YKL039W
YAL013W	YKL049C
YFR052W	YOR257W
YDR424C	YLL039C
YGL051W	YHR135C
YDR171W	YNL055C
YCR033W	YDR432W
YHR183W	YMR049C
YBR017C	YGL256W
YDL188C	YOR157C
YMR106C	YPL140C
YDL192W	YNL255C
YNL186W	YPL042C
YCR002C	YDR168W
YBL088C	YPL110C
YDR499W	YOR176W
YBR195C	YNL183C
YDL047W	YJL098W
YBR031W	YNL124W
YFR024C-A	YPR055W
YJR144W	YNR051C
YGR123C	YNR032W
YCL028W	YER022W
YOR244W	YPR160W
YNL110C	YPL012W
YKL049C	YKL057C
YHR135C	YLR256W
YLL039C	YOR086C
YBR108W	YGR136W
YDR192C	YPR181C
YDR496C	YNR051C
YDR432W	YPL106C
YGL077C	YLR413W
YBL058W	YML064C
YER110C	YOR185C
YHR178W	YOL004W
YBR207W	YFL048C
YDR074W	YML100W
YOL016C	YPL203W
YDR468C	YGR142W
YIL149C	YPL124W
YGR203W	YNL255C
YCR012W	YFR004W
YGL060W	YPR046W
YDL193W	YJR132W
YNR034W	YOR244W
YBL047C	YJR005W
YDR128W	YDR188W
YER012W	YFR004W
YNL132W	YNL230C
YIL126W	YKR001C
YDR409W	YJL092W
YBR279W	YGR104C
YBR017C	YLR426W
YBR167C	YNL255C
YMR106C	YMR226C
YGL137W	YOR197W
YCR042C	YMR236W
YCL032W	YHR135C
YCR046C	YNL284C
YBR059C	YKR092C
YDR211W	YFL039C
YEL009C	YOL051W
YDL117W	YNL078W
YER027C	YNL183C
YGR203W	YNL314W
YPR154W	YPR171W
YMR159C	YNL255C
YIR005W	YMR288W
YER048C	YPL031C
YER164W	YMR236W
YCR012W	YNL255C
YER016W	YPL209C
YLL039C	YNR001C
YER105C	YNR047W
YCL059C	YNL255C
YMR309C	YPR086W
YGR108W	YGR225W
YBR041W	YGR175C
YHR200W	YPL262W
YDL140C	YPL248C
YNL272C	YPR055W
YDL147W	YIL075C
YBL004W	YMR186W
YAL051W	YIL036W
YBR059C	YLR377C
YNL107W	YOL012C
YLR256W	YOR362C
YCR057C	YNL132W
YDL160C	YNR052C
YDR175C	YPL118W
YHR026W	YIR038C
YKL093W	YMR139W
YER006W	YNL284C
YER016W	YOR156C
YGR138C	YHR094C
YDL028C	YJL089W
YDR225W	YNR051C
YKL193C	YMR139W
YLL049W	YLR423C
YDR386W	YPR119W
YML077W	YOR115C
YGL180W	YHR156C
YNL307C	YOR028C
YBR035C	YDL101C
YDR283C	YKL101W
YBL058W	YDR381W
YDL140C	YNL246W
YDR247W	YNL210W
YLL039C	YPL206C
YDR188W	YHR135C
YGR123C	YLL039C
YLR326W	YNL323W
YBL093C	YCL028W
YBR217W	YDL097C
YBR196C	YER125W
YNL246W	YPL141C
YDR284C	YPL147W
YDL126C	YGR270W
YGL091C	YPL031C
YBL045C	YHR200W
YLL039C	YPL012W
YLR192C	YMR309C
YML048W	YPL031C
YHR082C	YLL039C
Q0085	YCR106W
YFR004W	YGR244C
YER103W	YPR119W
YGL158W	YGR252W
YOR136W	YPL061W
YAR007C	YDR225W
YGL220W	YNL255C
YIL068C	YPL022W
YDR424C	YPR119W
YKL167C	YMR193W
YDL140C	YER139C
YML058W	YNL172W
YHR114W	YMR253C
YHR193C	YPR111W
YFR004W	YPL110C
YDL028C	YDR168W
YGR104C	YPL082C
YBL093C	YDL140C
YDR155C	YNL157W
YAL005C	YDR381W
YDR392W	YGL066W
YDR363W-A	YDR394W
YBR017C	YOR176W
YDL214C	YDR216W
YGR086C	YNL255C
YAL032C	YOR156C
YLR178C	YOL081W
YER161C	YER172C
YKL129C	YLL039C
YFR004W	YKL181W
YCR073W-A	YJL164C
YDR238C	YNL284C
YMR146C	YNR051C
YHR096C	YPL265W
YLL039C	YMR208W
YBR079C	YDL005C
YNL116W	YPL022W
YAL062W	YHR200W
YGL009C	YGR250C
YDR446W	YOR156C
YGL106W	YMR173W
YBR047W	YDR238C
YER094C	YKL049C
YGL006W	YPR036W
YDL192W	YNR028W
YJR044C	YOL129W
YIL035C	YOL145C
YBR034C	YGL240W
YKL074C	YML046W
YNL030W	YNL246W
YAL005C	YLR187W
YJL092W	YPL092W
YER059W	YJL020C
YNL116W	YPL110C
YGL180W	YGR130C
YOR141C	YPL141C
YJL052W	YJR093C
YMR197C	YOL018C
YPL018W	YPL174C
YJL014W	YNR051C
YGR138C	YIL105C
YLL039C	YMR140W
YNL255C	YPR056W
YER177W	YOR244W
YIL113W	YLL019C
YBL037W	YFR043C
YFR040W	YML124C
YBR133C	YPL209C
YCL055W	YDR118W
YFL017W-A	YOR159C
YBR207W	YDR141C
YLR330W	YMR237W
YDR285W	YOL069W
YDL047W	YHR096C
YDL140C	YNL124W
YHR135C	YKR094C
YKL023W	YMR216C
YAL005C	YDR192C
YLL004W	YNL261W
YDR365C	YNL255C
YNL255C	YOL016C
YKL049C	YKL089W
YGR108W	YHR135C
YBL007C	YHR114W
YCL043C	YKL171W
YDR238C	YKL049C
YGL237C	YOR047C
YOL051W	YPL082C
YDR276C	YDR331W
YDR356W	YFR002W
YBR279W	YOR040W
YAL005C	YER103W
YKL049C	YOR090C
YDL126C	YDR028C
YJL020C	YKL049C
YHR027C	YLR060W
YDL020C	YFR052W
YFL039C	YMR109W
YGL180W	YIL107C
YMR294W	YPL031C
YBR196C	YMR186W
YER022W	YOL005C
YHR200W	YPR145W
YGR241C	YNL020C
YKR021W	YPL031C
YDR225W	YPR052C
YJR112W	YNL255C
YLR259C	YNL055C
YFR024C-A	YFR040W
YLR409C	YPL217C
YDR113C	YLR127C
YFR004W	YNL241C
YBR103W	YLR409C
YOR119C	YPR036W
YFR004W	YPL231W
YER164W	YGR270W
YNR051C	YOL117W
YFR004W	YNL112W
YHR135C	YOR162C
YJR121W	YNL315C
YHR082C	YNL136W
YLL039C	YPR055W
YER020W	YOR273C
YDL078C	YKL185W
YBR272C	YFR004W
YBL007C	YMR109W
YNL165W	YNL255C
YKL170W	YNL255C
YBR217W	YIL125W
YIL042C	YJL124C
YLR310C	YPL203W
YCL028W	YOL111C
YDR265W	YJL210W
YHR135C	YOR260W
YJR059W	YOR083W
YLR055C	YOL148C
YBR018C	YNL161W
YGR048W	YJL020C
YFR052W	YGR232W
YGL106W	YOR127W
YGR136W	YMR048W
YGL006W	YGR163W
YER018C	YKR048C
YCR091W	YPR160W
YGL113W	YML102W
YGL145W	YLL039C
YKL049C	YNL112W
YBR017C	YGR282C
YDR496C	YIL035C
YLL039C	YLR060W
YER136W	YJR035W
YGR116W	YKL049C
YHR135C	YLR003C
YLR195C	YNL255C
YFL037W	YLR045C
YHR135C	YNL293W
YBR245C	YIL126W
YDR473C	YJL124C
YCR088W	YNL020C
YBR059C	YDR247W
YLL039C	YML120C
YDR174W	YNL135C
YJL144W	YNL255C
YML124C	YOR259C
YHR027C	YNL255C
YBR159W	YMR279C
YOR219C	YOR357C
YDL047W	YNL255C
YOL070C	YPL031C
YDR328C	YOR332W
YAL021C	YIL038C
YGR132C	YNL255C
YCL059C	YCR057C
YNL255C	YPR148C
YFR024C-A	YMR253C
YGR250C	YPL178W
YAL005C	YLR310C
YBL017C	YOL129W
YER110C	YHR200W
YBR097W	YBR128C
YIR038C	YML038C
YNL255C	YPR075C
YDR306C	YOL133W
YGR163W	YNL255C
YHR094C	YPL058C
YER020W	YGL108C
YLR175W	YPL012W
YHR009C	YHR135C
YCR057C	YNL255C
YBL030C	YHR051W
YBL099W	YFR004W
YFR002W	YLL039C
YBL036C	YDR523C
YBL056W	YNL250W
YGL195W	YPL140C
YDL042C	YJR057W
YDR379W	YKR009C
YBL058W	YDR411C
YFL062W	YLL039C
YKL101W	YKR048C
YCL027W	YKL092C
YDR118W	YDR477W
YGL059W	YGR267C
YDR192C	YLR018C
YGL219C	YLL039C
YKL022C	YLR249W
YOL111C	YOR164C
YGR233C	YJL025W
YHR200W	YJL191W
YBR059C	YJR059W
YAR007C	YDR013W
YKR089C	YLR144C
YBR023C	YJL099W
YDR254W	YNR062C
YDR480W	YGR040W
YNL215W	YOR244W
YDL047W	YPL152W
YGL097W	YNL030W
YDL006W	YPL161C
YLR284C	YOR180C
YGR267C	YHR135C
YDL010W	YFL048C
YNL172W	YPL209C
YHR200W	YMR300C
YLL039C	YNL323W
YER164W	YNL030W
YAR007C	YNR051C
YDR394W	YGL048C
YIL022W	YJL143W
YOR257W	YPL055C
YDR496C	YER006W
YAL005C	YHR200W
YDR499W	YNL312W
YGL091C	YHR135C
YGR104C	YPR056W
YAL002W	YDL077C
YDL210W	YLR292C
YER161C	YIR001C
YDL091C	YDL126C
YGR066C	YML064C
YLR009W	YNL002C
YLR447C	YOR047C
YDL103C	YFR004W
YLR273C	YNR034W
YCR030C	YLR337C
YJL020C	YJL194W
YGL066W	YOL148C
YBL007C	YNL176C
YDR155C	YOR290C
YDR013W	YOL146W
YIR025W	YNL172W
YDR247W	YOR028C
YGR040W	YOR245C
YGL167C	YKR039W
YGR040W	YKL161C
YDR225W	YFL013C
YGL008C	YOL145C
YOL060C	YPL031C
YLL039C	YNL085W
YDL075W	YNL002C
YDR225W	YLR442C
YGL077C	YMR011W
YBR072W	YKL049C
YCR028C-A	YNL255C
YDR244W	YLR377C
YBR193C	YGR116W
YHR135C	YJR093C
YAL064C-A	YNL255C
YGR092W	YNL272C
YFR004W	YJL014W
YHL002W	YLR144C
YGR252W	YJR059W
YDL226C	YFL039C
YAL038W	YKL049C
YBR130C	YFL039C
YER032W	YNL161W
YBR041W	YDL193W
YBL085W	YPL038W
YKL171W	YNL307C
YCL014W	YFR053C
YNR033W	YOR244W
YCR009C	YFR004W
YDL147W	YLL040C
YCR079W	YFL018C
YDR028C	YFR004W
YDR381W	YPL209C
YLL039C	YOR018W
YBR231C	YNL107W
YJR070C	YPL031C
YBR273C	YJL048C
YGL137W	YIL035C
YGL180W	YJL084C
YBL030C	YOR271C
YMR309C	YNR051C
YGR268C	YOR042W
YCL054W	YNL002C
YGL190C	YJR066W
YDL028C	YDR356W
YDR129C	YLR330W
YLR295C	YPL141C
YGL158W	YOR193W
YDL014W	YNL124W
YHR026W	YNL255C
YDR007W	YLL039C
YBR108W	YGR086C
YBL085W	YMR244W
YAR018C	YBL084C
YBR274W	YKL104C
YCR079W	YLR192C
YGR207C	YLR265C
YDL075W	YIL133C
YMR193W	YNL284C
YLL039C	YLR172C
YBR126C	YIR032C
YIL035C	YKL112W
YAR031W	YBR217W
YDR432W	YMR216C
YHR114W	YML002W
YBR245C	YJR060W
YDR265W	YNL329C
YDL025C	YDL097C
YMR106C	YNL055C
YER161C	YNL183C
YDL017W	YDL080C
YDL007W	YDR394W
YFR015C	YPL031C
YKL141W	YLL039C
YKL042W	YOR156C
YDL192W	YHR200W
YHR200W	YJL008C
YHR200W	YJR007W
YFR004W	YMR276W
YGL160W	YLL039C
YGR175C	YLR100W
YGR092W	YMR184W
YEL015W	YJL164C
YGR270W	YLR033W
YHR008C	YNL295W
YPL106C	YPR171W
YLR360W	YPR079W
YCR057C	YPL266W
YDL185W	YMR054W
YIL126W	YPR052C
YJL001W	YLL039C
YAL005C	YJR112W
YFL037W	YFR004W
YJR112W	YKL049C
YJL055W	YLL039C
YGL241W	YLL050C
YGR092W	YNR047W
YLL039C	YMR256C
YLL004W	YMR036C
YDR422C	YER027C
YCR042C	YPR056W
YBR023C	YGL203C
YDR225W	YKR048C
YBL087C	YER110C
YFR004W	YLR249W
YGL106W	YNR051C
YAL011W	YFL039C
YIL105C	YLL039C
YGR136W	YOR197W
YNL014W	YNL255C
YDL043C	YLR275W
YKL104C	YPL111W
YGL158W	YJR094W-A
YJL085W	YLR166C
YER110C	YGL097W
YHR127W	YMR125W
YMR125W	YPR086W
YDL226C	YOL129W
YDR148C	YNL092W
YER023W	YNR051C
YBL007C	YNL161W
YKL124W	YLL039C
YDR118W	YIR025W
YER101C	YLL039C
YOR244W	YPL222W
YJL189W	YKR048C
YLL039C	YLR133W
YGL241W	YKR048C
YJR096W	YKL101W
YDL120W	YER048W-A
YER172C	YMR125W
YKL193C	YML049C
YHR200W	YMR186W
YJL164C	YPL232W
YDR188W	YMR028W
YER059W	YPL031C
YJL092W	YJL170C
YJL164C	YPR171W
YGL137W	YHR200W
YLL039C	YOL065C
YJL183W	YLL039C
YBL007C	YDL002C
YAL005C	YBR159W
YDR146C	YER179W
YER030W	YNL255C
YKL154W	YML075C
YBR068C	YHR094C
YOR028C	YPR046W
YBR151W	YPL031C
YDL043C	YER112W
YCL037C	YML056C
YDL097C	YIL075C
YAL002W	YKL193C
YLR427W	YMR319C
YEL002C	YML048W
YHR200W	YML126C
YCL050C	YFR004W
YGR126W	YNL293W
YBR265W	YHR082C
YFR024C-A	YIL156W
YJL066C	YMR048W
YLR061W	YNR051C
YDL225W	YOR259C
YBR079C	YEL034W
YKL207W	YNL055C
YMR056C	YNL255C
YBR088C	YLL039C
YHR135C	YPR121W
YMR199W	YPL031C
YER125W	YHL024W
YLR399C	YPL042C
YDL028C	YKL089W
YDR174W	YGR250C
YKR048C	YNL255C
YKL134C	YPL109C
YAL005C	YFL007W
YFL042C	YMR303C
YGL016W	YOR230W
YHR042W	YKL049C
YCR028C-A	YKL051W
YDR328C	YNL103W
YDL014W	YGL200C
YDL185W	YNL153C
YIL109C	YJL004C
YBR083W	YLL039C
YKR048C	YLL002W
YDR348C	YNL161W
YDR453C	YOR031W
YDL031W	YDR496C
YBR159W	YPL189W
YBR136W	YDR499W
YHR200W	YLR354C
YCR008W	YDL006W
YPL059W	YPL106C
YHR114W	YMR313C
YJR060W	YMR094W
YEL034W	YJR007W
YJR066W	YPL249C
YLR182W	YML114C
YDL014W	YER131W
YER012W	YFL009W
YJR093C	YKL059C
YCR009C	YFL039C
YCR002C	YCR030C
YDL188C	YGL121C
YLR385C	YLR424W
YLR259C	YML124C
YBR159W	YBR298C
YER022W	YGR252W
YIL156W	YKL129C
YKL210W	YMR108W
YHR079C-A	YNL312W
YFR051C	YNL284C
YKL035W	YML064C
YDR169C	YHR135C
YBR274W	YNR046W
YBR208C	YLL039C
YKL051W	YPL058C
YKR089C	YLL039C
YCR011C	YLL039C
YGR092W	YPR181C
YDR519W	YGL014W
YGL200C	YPR194C
YKL021C	YLR449W
YDL100C	YDR304C
YAL028W	YHR135C
YFR004W	YNL138W
YCL050C	YHR200W
YEL042W	YIR038C
YCL043C	YNL255C
YGR282C	YLL039C
YBR193C	YDR443C
YDR155C	YKR029C
YHR200W	YJR137C
YER024W	YLL039C
YGL060W	YKL049C
YJL020C	YJR059W
YGL059W	YKL116C
YDL017W	YLR134W
YBR298C	YDR284C
YBR024W	YBR037C
YJR057W	YNL255C
YMR049C	YNL002C
YDR175C	YIL093C
YER006W	YKL117W
YDL188C	YJR009C
YLL039C	YNR051C
YER107C	YPR119W
YNL255C	YNR033W
YDL195W	YHR027C
YCL037C	YKL049C
YGL156W	YKL103C
YAL038W	YFR049W
YFL039C	YOL108C
YDL100C	YOL018C
YJL052W	YJR009C
YER023W	YNL255C
YDL100C	YER017C
YFL037W	YGR252W
YJL164C	YLR363C
YKL101W	YOR335C
YKR103W	YNL274C
YBL084C	YDR113C
YKL127W	YLL039C
YHL004W	YNR036C
YBR036C	YLL039C
YFR001W	YKL185W
YGR056W	YML127W
YMR276W	YPL031C
YHL024W	YPR129W
YGL099W	YNR051C
YFL008W	YGR089W
YCL014W	YKR048C
YBR173C	YER094C
YGL221C	YML064C
YGL059W	YHR157W
YDR394W	YEL034W
YBR006W	YKL023W
YDR284C	YGL006W
YKR029C	YOL068C
YFL039C	YML126C
YKR041W	YPL031C
YDL007W	YNL255C
YDR499W	YJR096W
YNL107W	YNL136W
YDL192W	YDL226C
YCR073C	YHR157W
YHL004W	YNR022C
YBL058W	YPL031C
YHR027C	YML100W
YBL087C	YCL059C
YHR042W	YPL092W
YDR225W	YPR019W
YDR346C	YOR244W
YGL033W	YGL183C
YDL047W	YKL110C
YGL051W	YHR140W
YBR036C	YBR159W
YKL116C	YMR284W
YBR173C	YGL048C
YBL017C	YDR432W
YIL138C	YNL255C
YDR394W	YMR284W
YPL058C	YPL265W
YFR004W	YNL208W
YDL126C	YFR004W
YFR050C	YOR157C
YDR283C	YNL213C
YKL049C	YNL102W
YHR034C	YLR323C
YBL084C	YGL116W
YDR432W	YLR427W
YHR152W	YNL172W
YHR001W	YKR003W
YGL180W	YPL031C
YDL100C	YHR057C
YJL124C	YJR022W
YCL037C	YER112W
YAL032C	YJR005W
YMR053C	YNL307C
YPR056W	YPR086W
YDL028C	YLR381W
YDR386W	YJL020C
YLR071C	YPR086W
YDR342C	YNL323W
YAL005C	YER012W
YBR039W	YPR106W
YDL225W	YGR282C
YDR328C	YNL121C
YFL007W	YFR050C
YDR306C	YMR105C
YHR009C	YOR359W
YER032W	YJL092W
YDL101C	YDL200C
YHR135C	YLR030W
YDR381W	YER110C
YCR066W	YLL039C
YJL110C	YLR424W
YBL023C	YDL171C
YBR159W	YJR015W
YMR288W	YPR082C
YGR092W	YOR362C
YDR228C	YGL044C
YFR004W	YJR109C
YDR207C	YNL330C
YBL087C	YFR001W
YGL008C	YKR039W
YDL014W	YLR009W
YGR086C	YNL230C
YDL210W	YNL279W
YDL006W	YLR148W
YLR249W	YNR051C
YIL105C	YMR068W
YLR419W	YNL255C
YNL098C	YNL255C
YLR206W	YOL111C
YJL005W	YLR310C
YHR027C	YOR303W
YBR114W	YOR332W
YHR096C	YPR156C
YJR090C	YLL050C
YMR005W	YMR236W
YGL158W	YMR223W
YER164W	YLR175W
YDR254W	YKL089W
YER125W	YLL039C
YDR130C	YER131W
YBR065C	YMR186W
YLR045C	YOR269W
YER105C	YIL115C
YDR331W	YGL051W
YPL124W	YPL255W
YHL002W	YLL039C
YLL049W	YNL255C
YBR017C	YNL255C
YGL195W	YKL049C
YGR086C	YJR156C
YFL018C	YIL125W
YDR331W	YKR039W
YLR433C	YOR324C
YAL032C	YLR423C
YKL010C	YML064C
YIL022W	YLR166C
YDL147W	YPR040W
YER051W	YNL030W
YJR121W	YMR186W
YDR329C	YMR203W
YNL255C	YPL217C
YJL092W	YNL327W
YDR398W	YMR246W
YLR409C	YMR259C
YBL017C	YBR207W
YGR130C	YMR117C
YJL164C	YPL203W
YGL048C	YNL112W
YJR132W	YLL039C
YDR196C	YJL194W
YCR106W	YMR094W
YDL147W	YGL200C
YBR159W	YLR080W
YCR046C	YKL167C
YML058W	YPL031C
YHR135C	YLL039C
YDR146C	YPR046W
YKL140W	YMR152W
YER161C	YNL255C
YBR159W	YPR003C
YDR130C	YKL052C
YDR238C	YIL106W
YGR040W	YIL036W
YDR188W	YNL255C
YNL255C	YPR082C
YAL043C	YGL044C
YBR091C	YNL255C
YDL147W	YDR320C
YDR381W	YMR125W
YER125W	YKR009C
YKL189W	YPL049C
YBR112C	YOR140W
YDR238C	YPL057C
YDR485C	YLR385C
YFR052W	YMR191W
YKL182W	YLL039C
YIL123W	YLL039C
YFR003C	YGR252W
YKR018C	YLL039C
YAL005C	YIL115C
YDL165W	YPL037C
YMR109W	YNR035C
YNL030W	YOR025W
YJL164C	YKR048C
YCR030C	YLR206W
YJR045C	YOR347C
YHL002W	YPR171W
YER023W	YGL137W
YDL140C	YLR071C
YDR394W	YMR276W
YHR027C	YIL109C
YDR346C	YHR135C
YDL171C	YER110C
YIL035C	YLR109W
YDR398W	YOR259C
YBL023C	YPR019W
YJR112W	YMR168C
YDL188C	YOL005C
YKR037C	YKR083C
YMR186W	YNL124W
YBR273C	YMR139W
YKR055W	YNL127W
YFL048C	YLL039C
YER141W	YLL039C
YHR135C	YPL100W
YBL007C	YNL084C
YDL137W	YLL039C
YBR036C	YCL052C
YNL255C	YPR204W
YBR059C	YGL153W
YGL156W	YGL215W
YER099C	YKL181W
YBR059C	YPL055C
YER033C	YNL161W
YBL078C	YPL031C
YCL050C	YNR051C
YBR196C	YDR164C
YBR159W	YHR140W
YDR244W	YNL214W
YNL030W	YOR290C
YFR040W	YPR040W
YMR140W	YPL203W
YCL043C	YIL035C
YAR018C	YPL055C
YDL126C	YOR197W
YBL045C	YMR036C
YOR028C	YPL046C
YNL161W	YNL272C
YDR329C	YMR204C
YNL249C	YNR033W
YAL021C	YCL028W
YJL164C	YLR192C
YDR074W	YFR004W
YFL009W	YLL039C
YBR274W	YMR255W
YBR208C	YDL029W
YBL058W	YJL164C
YDR323C	YGL095C
YJR066W	YLR377C
YDR386W	YJR144W
YOL069W	YPL124W
YFR004W	YHR209W
YLL001W	YLL039C
YGL059W	YKL062W
YNL161W	YPL055C
YDR228C	YDR381W
YGR026W	YHR135C
YDL235C	YKL161C
YDL171C	YKL049C
YDR096W	YER033C
YGR230W	YJL092W
YJL140W	YJL164C
YAL032C	YLR424W
YBR159W	YJL097W
YDL043C	YDR381W
YAL005C	YML088W
YDL043C	YPR121W
YKR083C	YLR423C
YKL146W	YMR216C
YMR206W	YNL255C
YBL030C	YHR200W
YNL048W	YPR028W
YLL039C	YLR350W
YER019W	YLL039C
YKL074C	YPL016W
YFR004W	YOR157C
YKR060W	YNL132W
YGL212W	YOR089C
YDL161W	YDR379W
YHR135C	YPR013C
YBL085W	YLL040C
YCR030C	YPR119W
YNL222W	YPR086W
YLL039C	YMR308C
YGL137W	YOR323C
YDR356W	YLR212C
YFL008W	YMR076C
YGL077C	YMR149W
YER088C	YNL091W
YDL059C	YMR108W
YJL196C	YJR117W
YIL156W	YPL209C
YGR046W	YNL236W
YHR200W	YPL031C
YDL101C	YKL095W
YJR022W	YLR133W
YGR130C	YMR086W
YBR159W	YGL200C
YER125W	YKR092C
YAL027W	YCR028C-A
YER107C	YIL115C
YBL058W	YBR114W
YFR004W	YLR447C
YKL116C	YML037C
YDR386W	YKL022C
YGL056C	YHR094C
YNL068C	YOL004W
YER099C	YOL069W
YLR249W	YPL266W
YBR041W	YML008C
YGR255C	YNL330C
YLL050C	YLR039C
YKL042W	YPL055C
YNR065C	YPL087W
YNL132W	YPR106W
YDL155W	YER040W
YGL048C	YHR135C
YHL009C	YKL101W
YDL147W	YOL038W
YER041W	YHR027C
YDR298C	YPL078C
YDR496C	YLL039C
YEL034W	YNL244C
YLL038C	YNL255C
YGL137W	YPL010W
YBL039C	YBR031W
YJL047C	YOL133W
YDR009W	YPL248C
YNL255C	YNL323W
YCR073C	YLR006C
YNL255C	YNL330C
YBR177C	YHR027C
YDL002C	YNL307C
YCR079W	YGR193C
YCL028W	YML058W
YMR199W	YPL049C
YHR135C	YMR288W
YCR046C	YMR193W
YNL048W	YPR128C
YDL195W	YNL112W
YDL185W	YJR062C
YER053C	YLL039C
YLR178C	YNL009W
YIL035C	YJR093C
YGR197C	YNL020C
YDR244W	YJL210W
YGL158W	YOL051W
YKL021C	YNL002C
YBL007C	YBR059C
YNL135C	YOL012C
YHR200W	YJR103W
YKR051W	YMR106C
YFL048C	YGL212W
YHR082C	YML057W
YIL033C	YPL203W
YDR146C	YGR089W
YAL005C	YDL058W
YDR513W	YNL255C
YMR216C	YNL255C
YDR113C	YOR249C
YDR381W	YIL149C
YGL106W	YKL124W
YBR251W	YIL093C
YBL039C	YGR252W
YDR473C	YJR022W
YHR193C	YLL039C
YER030W	YOL012C
YLR442C	YNL030W
YAL005C	YDR460W
YGL091C	YIL003W
YHR094C	YML048W
YBL041W	YBR173C
YHR094C	YKL051W
YER119C	YOL016C
YER051W	YNL031C
YGL099W	YIL133C
YFL039C	YGL150C
YLR115W	YNL222W
YGL017W	YLR187W
YDR247W	YKL093W
YGR040W	YJR142W
YAL018C	YHR026W
YKL211C	YOL061W
YLR071C	YOL051W
YFR029W	YGL180W
YDR392W	YGL158W
YBL050W	YML001W
YFR001W	YGL237C
YGL014W	YJR059W
YDL207W	YFR002W
YLR018C	YML103C
YDL028C	YMR117C
YMR139W	YPR106W
YBR059C	YER177W
YBR041W	YLL039C
YKR039W	YLL039C
YGL056C	YPR156C
YBR017C	YIL124W
YFL034W	YGL180W
YIL035C	YOR119C
YDR227W	YNL186W
YKR094C	YOR124C
YBL007C	YIL002C
YBL007C	YGR268C
YIL108W	YPR154W
YGL212W	YMR197C
YGL158W	YPL058C
YNL255C	YPL146C
YDR466W	YLR228C
YBR275C	YKL005C
YMR308C	YOR213C
YIL115C	YPR119W
YFL041W	YML102W
YBR275C	YIL035C
YLL039C	YLR352W
YCR042C	YKL059C
YER177W	YPL110C
YIL106W	YPL209C
YFL017W-A	YLR424W
YML117W	YPL178W
YFR049W	YNL255C
YDL141W	YHR200W
YLL039C	YPR079W
YAL005C	YPL012W
YDR148C	YIL125W
YBL007C	YBL088C
YNL255C	YOR374W
YMR106C	YPR160W
YKL101W	YNL307C
YER023W	YHR027C
YLR016C	YNR011C
YGR123C	YMR186W
YMR262W	YPL031C
YBR233W	YKL074C
YGL154C	YOR128C
YKL135C	YLL039C
YMR125W	YPL082C
YDL140C	YPR133C
YER164W	YGR252W
YDR523C	YLL005C
YHR114W	YOL018C
YMR146C	YPR041W
YNL255C	YNR022C
YLL039C	YNL121C
YCR066W	YJL092W
YDL043C	YGR129W
YBR207W	YLL039C
YER027C	YJL089W
YBR159W	YPR201W
YER110C	YOL012C
YLR144C	YPR154W
YER065C	YLL039C
YGL212W	YLR148W
YDR480W	YLR304C
YBL007C	YLL039C
YBR177C	YIL124W
YBR126C	YMR106C
YLR454W	YMR065W
YJL124C	YPR082C
YER123W	YLL039C
YLR249W	YOR091W
YBL047C	YPL031C
YIL105C	YPL059W
YML124C	YNL255C
YBL004W	YCL059C
YFR004W	YLL001W
YDL017W	YDR439W
YCR012W	YHR152W
YGL009C	YGR171C
YIL096C	YLR009W
YDR214W	YLR216C
YDR422C	YHR114W
YNL125C	YPL141C
YHR033W	YJR017C
YDR432W	YNL112W
YDR477W	YHR103W
YBR245C	YOL004W
YFR052W	YJR133W
YGR149W	YLL039C
YLL002W	YNL031C
YJR066W	YPR149W
YBL045C	YML064C
YEL015W	YML064C
YHR027C	YKL104C
YCL059C	YLR409C
YAL005C	YDR141C
YCL037C	YLL039C
YDR195W	YER032W
YPR020W	YPR194C
YBL050W	YGL212W
YJR009C	YNL102W
YLR450W	YML075C
YCR091W	YDL192W
YDL159W	YGR040W
YML101C	YNL255C
YDL077C	YGL212W
YCR033W	YMR273C
YGR153W	YNL255C
YGR092W	YNR046W
YDL126C	YLL022C
YDR225W	YGR252W
YAR007C	YKR001C
YDR122W	YJL164C
YLR003C	YPL031C
YLL049W	YPL174C
YER006W	YGL111W
YMR193W	YNL252C
YDL185W	YNL250W
YNL087W	YOR086C
YCR065W	YDL042C
YFL017W-A	YPR082C
YLL039C	YML005W
YOR141C	YPL209C
YBR031W	YDL018C
YGL116W	YGR092W
YFR052W	YHR027C
YDL192W	YIL004C
YMR149W	YPL186C
YAL021C	YBR279W
YIL035C	YOL088C
YGL208W	YNL255C
YDR443C	YOR140W
YEL009C	YHR200W
YDL101C	YMR086W
YDR106W	YMR294W
YLR450W	YPL031C
YHR152W	YNL138W
YLR442C	YNL216W
YBL047C	YPL141C
YDR169C	YMR186W
YFL017W-A	YKR034W
YBR031W	YIL133C
YBR006W	YOR089C
YIL035C	YNL262W
YGR209C	YIL107C
YNL255C	YOL111C
YDL047W	YJL014W
YBR097W	YLR360W
YCL008C	YPL084W
YBR072W	YOR159C
YDR328C	YLR352W
YDL113C	YJL036W
YDR381W	YIL035C
YDR342C	YOR045W
YCR079W	YNL014W
YHR200W	YMR246W
YDR256C	YPL031C
YPL203W	YPR133C
YMR276W	YOR042W
YMR308C	YOL038W
YOL017W	YOL051W
YKR094C	YOL117W
YER166W	YIL068C
YER125W	YKR021W
YGL017W	YJL098W
YCL028W	YDR443C
YLL039C	YMR266W
YJR088C	YLL039C
YFR032C-A	YLR287C-A
YGR077C	YKL197C
YBR123C	YPL007C
YDL140C	YPR025C
YGL112C	YGL158W
YER123W	YKL210W
YBR079C	YGR214W
YFR001W	YGL111W
YKL182W	YML124C
YEL013W	YJR138W
YLL039C	YNL098C
YOR083W	YOR244W
YIL022W	YLR369W
YBR105C	YIL017C
YDR113C	YNL172W
YFR004W	YOR335C
YCR095C	YPR007C
YBR031W	YGL111W
YEL034W	YPL111W
YER018C	YGL066W
YFL039C	YOR281C
YFL037W	YGL016W
YBR011C	YGL237C
YNL091W	YNR052C
YGR214W	YNL124W
YBL078C	YNL223W
YDR264C	YKR007W
YDR439W	YHR135C
YHR152W	YLR016C
YLL039C	YLR216C
YBL030C	YHR001W-A
YER016W	YFR050C
YMR022W	YMR264W
YER125W	YMR022W
YJL092W	YJR043C
YKL194C	YPL203W
YDR264C	YHR175W
YKL209C	YLL039C
YNR032W	YPR040W
YKR048C	YOR090C
YDR247W	YJR130C
YBR108W	YNL307C
YAL005C	YOL031C
YMR028W	YNL255C
YDR363W-A	YPL031C
YCL010C	YGL112C
YCR012W	YER112W
YKL049C	YLR249W
YBR159W	YDL054C
YAL032C	YJR050W
YBR264C	YNL255C
YDL007W	YMR191W
YLR089C	YLR259C
YEL013W	YJR068W
YER110C	YNL031C
YFR051C	YIL004C
YDR477W	YMR140W
YLL039C	YLR195C
YIL004C	YPR181C
YNL307C	YOR290C
YLL039C	YPL030W
YDR479C	YNR075W
YFL034W	YLR170C
YIL107C	YJR059W
YNL255C	YOL012C
YHR105W	YML038C
YGR086C	YNR052C
YBR251W	YNR036C
YDR141C	YHR094C
YGR130C	YPL082C
YDR363W-A	YNL255C
YIL133C	YPR041W
YER022W	YJL140W
YNL255C	YPL190C
YGL095C	YMR197C
YNL029C	YPR124W
YBR098W	YFR024C-A
YLR423C	YPL159C
YDL029W	YKL211C
YJL082W	YLL039C
YLR132C	YPR191W
YBR072W	YMR083W
YEL002C	YJR117W
YCR028C-A	YNL312W
YBR034C	YFR004W
YGR040W	YHR200W
YBR196C	YHR152W
YML081C-A	YPL078C
YFL018C	YHR114W
YKL116C	YNL255C
YNL265C	YOR260W
YDR028C	YDR477W
YDR200C	YGR086C
YDL007W	YPL248C
YDR110W	YNL030W
YDR307W	YFL062W
YGR092W	YKL146W
YCR008W	YCR009C
YBR251W	YDL045W-A
YER120W	YKL049C
YDR096W	YPL217C
YDR188W	YJL042W
YGL060W	YNL031C
YLR371W	YNL127W
YLR212C	YNL126W
YER043C	YJR090C
YGR250C	YIR001C
YGR130C	YLL039C
YDL193W	YOR185C
YGR244C	YLL039C
YBL058W	YBL078C
YKL049C	YML117W
YGL116W	YJL013C
YDL144C	YKR025W
YDR309C	YJL164C
YGR040W	YKL142W
YGL181W	YIL122W
YCR073C	YHL020C
YFL008W	YOL115W
YLR175W	YNL262W
YLL039C	YPL065W
YKR009C	YPL031C
YNL002C	YNL186W
YBR126C	YNL076W
YER125W	YGR268C
YBL007C	YNL144C
YBR130C	YHR135C
YDR174W	YHL002W
YDL100C	YDR513W
YDL140C	YPR056W
YBR274W	YKL211C
YER164W	YIL035C
YCR004C	YHR200W
YJL027C	YNL255C
YHR200W	YNL135C
YER099C	YOL061W
YER177W	YLR310C
YKL052C	YNR031C
YBR249C	YNR051C
YBL085W	YBR108W
YDL028C	YIL072W
YGL158W	YHL020C
YBR070C	YBR243C
YMR149W	YNL125C
YER125W	YHR097C
YAL005C	YCR008W
YDR276C	YDR307W
YGR031W	YNL255C
YBR183W	YMR149W
YDL014W	YIL133C
YBR031W	YER177W
YGR006W	YLR433C
YGL111W	YKL021C
YFR004W	YOR332W
YLL039C	YPR149W
YGR126W	YLL039C
YPL141C	YPR128C
YGL030W	YIL125W
YMR017W	YMR183C
YBR123C	YLR423C
YFR036W	YIR025W
YMR193W	YNL255C
YOR156C	YPL161C
YER103W	YER110C
YBR072W	YML064C
YDR207C	YMR139W
YFR004W	YKR048C
YFR004W	YJR045C
YKL010C	YMR022W
YHR027C	YHR183W
YGL212W	YMR053C
YER177W	YLR256W
YDR381W	YJL084C
YER103W	YGL130W
YNR065C	YOR085W
YCL014W	YPL031C
YLR199C	YMR186W
YCR053W	YHR200W
YNL002C	YNL255C
YIL009W	YPR156C
YGL095C	YGL203C
YDR477W	YPL146C
YKL211C	YML124C
YER125W	YKR018C
YKR003W	YOR273C
YIL035C	YLR399C
YNR047W	YPL031C
YHR193C	YPL037C
YER112W	YKL209C
YDR129C	YKL085W
YBR195C	YOR100C
YER018C	YKR037C
YER062C	YHR027C
YBL056W	YBR097W
YFR015C	YLL039C
YGL180W	YKL121W
YGL180W	YKR048C
YGL158W	YPR160W
YHR118C	YNL261W
YCR009C	YCR088W
YAR007C	YBR137W
YAL016W	YHR027C
YBL093C	YOR140W
YDR155C	YML064C
YBR023C	YLR170C
YHL025W	YKR001C
YDL029W	YDL047W
YCR079W	YDL214C
YML028W	YPL106C
YLR199C	YLR249W
YCL028W	YLR071C
YDL197C	YLR442C
YBR041W	YLR144C
YGL200C	YPR181C
YFR004W	YOL058W
YBR193C	YMR112C
YBR173C	YFL007W
YBR122C	YCR046C
YKL049C	YNL138W
YPL055C	YPL141C
YNR033W	YPR154W
YFL039C	YKL049C
YDR227W	YHR154W
YBR114W	YLL039C
YDR394W	YNL055C
YDR477W	YER125W
YCR004C	YLL039C
YDR273W	YOR244W
YBL007C	YMR313C
YJL164C	YOR347C
YJR090C	YNL076W
YLL039C	YOL122C
YBL075C	YNL215W
YPR041W	YPR086W
YML058W	YMR083W
YDL160C	YER112W
YHL025W	YOL051W
YBR108W	YJL164C
YDL065C	YGL153W
YLR166C	YNL272C
YEL034W	YLL039C
YGR104C	YJL140W
YDR056C	YNL255C
YHR027C	YJR117W
YLL039C	YNL272C
YJR043C	YNL102W
YGR027C	YML126C
YFR004W	YPR148C
YNL165W	YPL031C
YMR216C	YPR019W
YGL180W	YMR288W
YKR048C	YLR133W
YDL192W	YDR238C
YLR206W	YNL020C
YLL022C	YMR233W
YPL119C	YPR119W
YDL059C	YKL210W
YCR079W	YOR323C
YER020W	YGR040W
YFL026W	YKL178C
YKL057C	YML103C
YFR004W	YGL048C
YDR265W	YKL197C
YHR027C	YJL088W
YGL153W	YHR160C
YIL124W	YKL140W
YBR071W	YHR200W
YGR203W	YKL171W
YLR234W	YPL024W
YDR499W	YLR355C
YHR152W	YPL174C
YDR477W	YER024W
YJR138W	YNL307C
YLL017W	YOR197W
YLR190W	YPL031C
YDR232W	YLL039C
YJR009C	YNR051C
YIL075C	YNL255C
YDR392W	YNL255C
YOL115W	YPL146C
YGL111W	YLR449W
YDR078C	YJL092W
YOL081W	YOR371C
YGR209C	YLL039C
YER125W	YNL183C
YML048W	YMR011W
YBR217W	YOR086C
YBR177C	YGR092W
YBL075C	YER103W
YIL149C	YKL042W
YOR259C	YOR270C
YHR135C	YMR049C
YDR436W	YKR072C
YDL225W	YNL078W
YER112W	YMR288W
YGR268C	YPL049C
YDR073W	YPL248C
YER098W	YJL164C
YBL084C	YLR127C
YGL158W	YOR271C
YAL032C	YMR190C
YDR247W	YJL005W
YIL111W	YML129C
YER017C	YPR024W
YNL255C	YOL149W
YDL160C	YER035W
YAL021C	YMR005W
YJR059W	YPR040W
YLR234W	YMR190C
YDL226C	YOR327C
YBR202W	YDL042C
YFL039C	YKL079W
YBL023C	YPL031C
YHR135C	YKL146W
YBR059C	YNL020C
YNL330C	YPL082C
YDL101C	YDR264C
YDR381W	YMR237W
YDR238C	YHR027C
YER172C	YLR275W
YLR370C	YOL016C
YER112W	YOR219C
YDL098C	YNL147W
YGL030W	YKL067W
YCL054W	YGL111W
YDL056W	YER018C
YGR136W	YLR144C
YGL175C	YJL092W
YNL255C	YNR062C
YBR130C	YDR477W
YHL004W	YKL155C
YHR135C	YMR226C
YHR200W	YPL061W
YFL067W	YNL255C
YGL241W	YLL039C
YFL039C	YNR031C
YCL028W	YGR142W
YLL039C	YNL239W
YJR132W	YNL323W
YCR073C	YOR018W
YCL017C	YER048W-A
YKL167C	YNL252C
YLL039C	YMR196W
YDL200C	YKL010C
YDL097C	YGL048C
YAL017W	YPR160W
YDR477W	YOL136C
YCR073C	YPL217C
YER017C	YGR231C
YBR122C	YDR405W
YAL005C	YBR251W
YGR076C	YNL255C
YDR468C	YDR484W
YDL078C	YDR244W
YBR038W	YPR106W
YJL085W	YPR055W
YAL038W	YHR200W
YLR249W	YPL082C
YGR086C	YLR144C
YDR517W	YGL237C
YHR096C	YIR038C
YLL039C	YLR100W
YER125W	YGR136W
YDL047W	YJR007W
YGL106W	YKL160W
YDL214C	YML037C
YIL107C	YPL203W
YOR270C	YOR332W
YDR283C	YEL009C
YGR252W	YOL148C
YMR065W	YPL192C
YGL180W	YPL190C
YER105C	YKL068W
YBR011C	YML056C
YGL060W	YOL069W
YFL038C	YGL198W
YHR185C	YJR093C
YDR148C	YGL030W
YFR004W	YNL239W
YLR249W	YOR249C
YBR205W	YOL018C
YER012W	YPL110C
YAL028W	YHR082C
YHR140W	YJR117W
YBR274W	YFL039C
YJR050W	YLR424W
YNL157W	YPR181C
YER112W	YGL014W
YBR217W	YDR394W
YCL059C	YGL030W
YGR056W	YNL030W
YBR059C	YMR196W
YJR066W	YLR108C
YNL121C	YOR008C
YIL075C	YMR191W
YGR092W	YKR041W
YCL028W	YGL215W
YLR399C	YNL031C
YBR243C	YMR300C
YDR238C	YOR197W
YDL077C	YOR089C
YDL140C	YNL222W
YBR083W	YGR040W
YBL056W	YLL039C
YBR159W	YLL039C
YDR466W	YER139C
YER020W	YIL105C
YGL158W	YHL025W
YLL039C	YML035C
YGR086C	YGR130C
YFR004W	YMR092C
YJR117W	YNL048W
YDL101C	YFL030W
YPL082C	YPL181W
YDL054C	YGL051W
YCR084C	YNL330C
YJR068W	YLR371W
YOL051W	YPL042C
YFR004W	YNL014W
YIR025W	YKL022C
YGL250W	YMR068W
YER166W	YLR330W
YER112W	YPR129W
YJL164C	YJR001W
YDL139C	YGL059W
YCR024C	YJL124C
YEL024W	YML129C
YJL069C	YKR060W
YHR140W	YJL117W
YFR004W	YML070W
YDR110W	YGR270W
YEL015W	YGR116W
YCR073W-A	YJR059W
YER040W	YMR139W
YNL255C	YPL157W
YBL102W	YFR051C
YBR229C	YDR188W
YFR033C	YPL141C
YMR308C	YOR380W
YNL030W	YNR051C
YKL157W	YLL039C
YBR256C	YNL255C
YML049C	YPR082C
YBR095C	YKL185W
YML056C	YOL005C
YDL115C	YJL140W
YLR287C-A	YNR051C
YFR024C-A	YJR083C
YBL001C	YNL255C
YAL011W	YOR127W
YLR207W	YML075C
YBL075C	YFR004W
YNL255C	YNL282W
YHR071W	YPL031C
YFR004W	YML057W
YLR399C	YNL030W
YCR079W	YKL085W
YLR119W	YMR077C
YML103C	YMR308C
YDR283C	YPR052C
YDL078C	YJR059W
YCL054W	YER006W
YAR028W	YDR331W
YKR048C	YOL070C
YBR272C	YHR027C
YDR381W	YIL115C
YGL167C	YGR132C
YDL043C	YLR059C
YBR130C	YKL185W
YGR252W	YMR223W
YLR133W	YMR216C
YGR129W	YLR249W
YBR088C	YML056C
YLL039C	YPL248C
YBR079C	YMR309C
YDR200C	YMR319C
YLR025W	YMR154C
YML025C	YNL185C
YGR163W	YKR039W
YDR381W	YIL038C
YBR137W	YML064C
YDL025C	YPL260W
YBL023C	YPR120C
YGL051W	YMR149W
YLL039C	YPL022W
YNL097C	YNL330C
YDL017W	YDR032C
YBL045C	YFR033C
YNR051C	YPL231W
YAR007C	YER110C
YBL078C	YDL126C
YBR114W	YDR453C
YDL025C	YML048W
YPL031C	YPL146C
YHR082C	YMR295C
YJR059W	YMR140W
YDR155C	YJR090C
YDR381W	YKL023W
YKL104C	YML124C
YBR108W	YJR059W
YDR155C	YHR200W
YGL181W	YNL124W
YDR496C	YLR175W
YDR115W	YKL142W
YLR097C	YOL133W
YDL140C	YDR228C
YHR135C	YLR132C
YBR245C	YLR176C
YNL168C	YPL037C
YDR381W	YHR127W
YEL044W	YGL150C
YLL039C	YOL004W
YER125W	YFL001W
YEL013W	YNL168C
YMR216C	YOR141C
YJL019W	YOR257W
YBR207W	YHR175W
YER020W	YPR156C
YFR024C-A	YMR216C
YDL014W	YKR092C
YDL066W	YPL109C
YJL048C	YLR423C
YJL110C	YLL039C
YER099C	YFR004W
YDR473C	YML049C
YEL023C	YLR249W
YJL164C	YOL070C
YDL137W	YDR358W
YCL017C	YDL120W
YDR356W	YER018C
YGL130W	YOL145C
YDR174W	YGL200C
YLR044C	YOR260W
YFL034W	YPL031C
YAL011W	YNL107W
YGR267C	YMR308C
YDR468C	YJL164C
YCR106W	YMR060C
YDR381W	YNR051C
YDL140C	YGL044C
YGL116W	YKL101W
YMR146C	YMR309C
YDL115C	YOL005C
YFR004W	YHR074W
YDL028C	YPL124W
YER012W	YER099C
YBR102C	YLR423C
YJR044C	YJR059W
YMR022W	YNR031C
YLR166C	YPR055W
YGL100W	YJR138W
YFR036W	YPL031C
YNL031C	YOR064C
YER136W	YNL304W
YEL042W	YPL031C
YJL089W	YPL042C
YEL009C	YER040W
YAL026C	YLR447C
YMR048W	YNL255C
YBR117C	YML102W
YBR279W	YOL051W
YDL120W	YPL135W
YER043C	YLR442C
YLR046C	YNL255C
YJL085W	YKR055W
YCR057C	YJL069C
YKL047W	YLL039C
YDL002C	YHR082C
YIL154C	YLL039C
YIR005W	YLR016C
YDR113C	YGL240W
YDL042C	YNL030W
YFR032C-A	YGL189C
YDL171C	YHR027C
YDR477W	YKR009C
YFR004W	YNL098C
YDL188C	YMR028W
YGR027C	YLR287C-A
YMR276W	YPR002W
YGL059W	YHR185C
YDL185W	YJL069C
YER125W	YPL031C
YBR205W	YHR114W
YER131W	YHR135C
YDL070W	YLR399C
YDL047W	YKR028W
YER062C	YHR200W
YDR480W	YMR199W
YCR091W	YHR082C
YDR386W	YMR049C
YBL093C	YNL236W
YDR477W	YER177W
YNL255C	YPR001W
YGL059W	YKL093W
YER018C	YNL097C
YLL039C	YPL010W
YGR048W	YIL030C
YBR031W	YEL015W
YDL043C	YFL017W-A
YIL124W	YLL039C
YGL150C	YOR141C
YCR053W	YLL039C
YDR328C	YHR135C
YLL022C	YNL030W
YCR051W	YLL039C
YGR027C	YHR027C
YDR422C	YJL066C
YLR288C	YPL194W
YGL116W	YKL085W
YCL014W	YJL164C
YDR456W	YPR079W
YNL031C	YOR244W
YGL123W	YNL124W
YBL030C	YHR082C
YGL005C	YNL051W
YGL099W	YNL002C
YKL101W	YNL272C
YGR106C	YOR270C
YNL031C	YPL181W
YDR196C	YHR135C
YLR175W	YNL110C
YFL039C	YOR244W
YHR135C	YIL107C
YDR201W	YKL042W
YBR268W	YNL255C
YAL038W	YML103C
YDR331W	YJL117W
YJR103W	YPL031C
YAR018C	YBL106C
YGL229C	YJL013C
YDR128W	YJR138W
YFR002W	YMR308C
YGL006W	YOR270C
YDR122W	YLR310C
YLR417W	YMR077C
YIL035C	YNL030W
YML025C	YNL252C
YBR249C	YER018C
YMR268C	YNL147W
YMR005W	YOL051W
YAL005C	YMR099C
YDR432W	YPR133C
YLR095C	YOL012C
YDR174W	YER116C
YKL052C	YMR077C
YDR331W	YGL104C
YBL007C	YJR115W
YMR105C	YPR015C
YDR050C	YNL127W
YLL039C	YLR370C
YDL006W	YKL101W
YNL098C	YOR101W
YHL002W	YOR124C
YDL047W	YMR196W
YBR210W	YLL039C
YDL192W	YFR051C
YER020W	YPL058C
YFR004W	YKL210W
YOR335C	YPR111W
YLL039C	YNL029C
YBR094W	YOL149W
YDL014W	YDR439W
YBL030C	YGL167C
YDL115C	YDL140C
YGL190C	YJL194W
YHL019C	YLR170C
YHR140W	YKL006C-A
YBR284W	YML035C
YLR449W	YNL255C
YDR460W	YPR025C
YJL140W	YPL203W
YGL166W	YKR011C
YER177W	YHR200W
YDL014W	YKR060W
YDL139C	YHR154W
YBR193C	YPL042C
YJL098W	YLR310C
YDR171W	YHR152W
YBR231C	YFL039C
YLR449W	YNL110C
YDR519W	YOL088C
YDL031W	YFR001W
YDR006C	YER177W
YGL181W	YLL003W
YER180C	YPL049C
YFL039C	YNL157W
YBL093C	YKL129C
YFL013C	YLR249W
YMR186W	YNL262W
YGR116W	YNL255C
YGL195W	YKL104C
YLL039C	YPR159W
YJR121W	YML124C
YBR079C	YGR252W
YDR146C	YPR086W
YFR004W	YGL137W
YDL193W	YGL008C
YAL017W	YML037C
YDR398W	YKR092C
YAL027W	YDR381W
YBR273C	YKL101W
YGR129W	YNR011C
YHR157W	YPL031C
YER179W	YKL211C
YBR156C	YER012W
YAL005C	YIL035C
YKL051W	YNL055C
YKR025W	YNL255C
YLL039C	YPR160W
YDR477W	YLR003C
YJR009C	YPL106C
YGL006W	YOL129W
YFL001W	YMR216C
YGR209C	YML028W
YGR040W	YOL070C
YBL007C	YIR006C
YMR048W	YPR019W
YGL051W	YIL109C
YCL039W	YDL225W
YJR132W	YMR186W
YDR456W	YIL030C
YDR228C	YIL035C
YDR069C	YPL084W
YBL004W	YNL132W
YBR151W	YHR082C
YKL005C	YNL255C
YLL039C	YML088W
YGL137W	YMR146C
YDL159W	YPL124W
YGL180W	YKR092C
YDR381W	YLR170C
YBR083W	YER109C
YMR074C	YNL256W
YLR337C	YNL020C
YGL141W	YOL069W
YKR037C	YLR045C
YDL029W	YDR216W
YGL215W	YKL103C
YBR088C	YNR052C
YDL140C	YOL051W
YJR138W	YOL145C
YDL225W	YJL014W
YAL038W	YBR221C
YDL209C	YJR050W
YKL060C	YNR051C
YLR044C	YPL082C
YAL005C	YEL025C
YDR284C	YIR038C
YJL098W	YNL107W
YKR083C	YMR112C
YDR174W	YHR118C
YGR206W	YLR119W
YBL084C	YFR036W
YER172C	YMR288W
YBR034C	YNL030W
YGL240W	YOR249C
YNR051C	YPR132W
YFL040W	YPR121W
YER099C	YMR139W
YNL255C	YOR064C
YJR059W	YKL121W
YKL129C	YNL084C
YJL164C	YOR162C
YBR231C	YLR399C
YCL033C	YKL103C
YDL054C	YLL039C
YNL330C	YPL059W
YMR125W	YNL251C
YER043C	YFR004W
YMR192W	YNL112W
YDL209C	YER172C
YLR006C	YMR022W
YDR363W-A	YOR259C
YIL079C	YLR423C
YGL180W	YKL146W
YHR193C	YMR140W
YGR241C	YJR059W
YJL164C	YKL127W
YGL190C	YGR161C
YDL097C	YER012W
YAL005C	YBL067C
YDL047W	YLR310C
YER177W	YKL049C
YGL059W	YPL056C
YNL215W	YOR141C
YDR479C	YJL117W
YDL014W	YMR309C
YCL027W	YNL054W
YER012W	YJL001W
YFR004W	YOR270C
YDR480W	YKL161C
YGL180W	YPR019W
YEL034W	YOL117W
YCL054W	YNL110C
YDL147W	YDR073W
YHR114W	YMR109W
YKL020C	YLR233C
YAL026C	YJL153C
YGL112C	YML114C
YFR001W	YPR045C
YDL140C	YGR104C
YHR103W	YMR183C
YJL164C	YML037C
YKL104C	YNR051C
YEL015W	YJL124C
YDR405W	YKL167C
YKR007W	YNL255C
YJL118W	YKL093W
YBR065C	YDL209C
YER043C	YER161C
YGL066W	YMR236W
YER172C	YGR006W
YDR381W	YGL166W
YKR048C	YMR139W
YJR068W	YMR105C
YCR008W	YGR086C
YAL005C	YNL136W
YDL059C	YFL045C
YFR004W	YJR017C
YBL087C	YER103W
YAL013W	YOL004W
YLR030W	YNL307C
YJL014W	YKL049C
YPL078C	YPR020W
YER110C	YKL068W
YLL048C	YPL147W
YDL146W	YFR024C-A
YKR021W	YOR119C
YDR164C	YPR055W
YNL250W	YPR160W
YKL049C	YPR019W
YDL117W	YJR138W
YGL100W	YIL115C
YAL005C	YPL167C
YHR006W	YJR090C
YBR071W	YOL016C
YHR135C	YOR141C
YDL140C	YPL042C
YKL187C	YLL039C
YKL189W	YOR353C
YBR088C	YML102W
YDL216C	YDR328C
YLR190W	YMR117C
YGL186C	YNL307C
YDL014W	YMR049C
YER161C	YPL016W
YFR004W	YML008C
YHR014W	YHR135C
YFR033C	YGR092W
YGR197C	YOR327C
YJR059W	YJR112W
YBL058W	YOR342C
YFR004W	YJL170C
YLL039C	YPL194W
YDR201W	YNL255C
YHR008C	YML127W
YDL140C	YOL005C
YDR497C	YGL077C
YDR284C	YDR479C
YMR186W	YNR022C
YBR207W	YPR079W
YDR485C	YGR086C
YMR054W	YPR036W
YHR082C	YKL146W
YDR180W	YER147C
YGL059W	YIL042C
YBR132C	YHR042W
YMR106C	YOR005C
YGR294W	YHL018W
YBR208C	YJL098W
YDL017W	YLL039C
YBL007C	YBR108W
YMR094W	YOL133W
YGL055W	YLL039C
YJL098W	YPL031C
YGR138C	YHR096C
YKL146W	YNL307C
YAL005C	YPL028W
YAL028W	YGR040W
YBR298C	YDR276C
YOL051W	YPL248C
YFR019W	YGR086C
YBL030C	YNL255C
YDL070W	YGR040W
YLR396C	YML001W
YGL059W	YNL117W
YGR138C	YPR156C
YGL237C	YLR423C
YDL200C	YLR109W
YBR205W	YDR346C
YLR449W	YPR169W
YEL009C	YIL126W
YGR106C	YLR447C
YDL185W	YJR035W
YHR114W	YIL156W
YDR238C	YHR200W
YGR092W	YOR228C
YOL111C	YPL174C
YDL139C	YPR154W
YGL208W	YGR231C
YLL039C	YML008C
YMR005W	YPL248C
YJR144W	YLR427W
YJL052W	YLL039C
YIL075C	YJL164C
YDR394W	YKL211C
YJL140W	YNL251C
YGL180W	YOR083W
YKR021W	YKR039W
YDL223C	YKL101W
YAR007C	YGL150C
YGL197W	YMR117C
YDR466W	YJL089W
YGR086C	YLR166C
YDR477W	YKL193C
YGL240W	YNL172W
YLR192C	YPR041W
YNL186W	YPL031C
YCR057C	YPL012W
YLR442C	YMR273C
YLL022C	YOR244W
YBR208C	YBR221C
YDR168W	YMR186W
YGL083W	YNL272C
YCL027W	YNL267W
YNL304W	YPL031C
YDR479C	YOR377W
YBR094W	YEL015W
YGR130C	YGR233C
YNL330C	YPL181W
YDR394W	YNL250W
YDR432W	YOL145C
YLL039C	YOL109W
YKL197C	YNL214W
YFR024C-A	YHR082C
YDR298C	YJR121W
YDR238C	YGL051W
YDR022C	YGL237C
YGR193C	YMR106C
YBR217W	YLR059C
YER063W	YMR308C
YDL207W	YLR018C
YJL092W	YNL236W
YML035C	YPL141C
YDL042C	YKL023W
YDL188C	YER012W
YHL006C	YNL255C
YCR088W	YDR129C
YCR091W	YDL002C
YCR035C	YKL129C
YDR171W	YKL049C
YFR001W	YGL030W
YFR004W	YPR191W
YER018C	YHL025W
YEL015W	YER112W
YKL185W	YOL004W
YAL038W	YBR279W
YHR082C	YMR053C
YAL032C	YNR011C
YLL039C	YMR099C
YHR027C	YKL049C
YGL197W	YPL203W
YIL035C	YNL031C
YIL038C	YNL091W
YFR004W	YJL167W
YDR288W	YER098W
YIL035C	YPL037C
YIL004C	YLL039C
YMR028W	YOR244W
YDL134C	YMR273C
YDL140C	YPL203W
YDL014W	YLL039C
YGL060W	YOL133W
YBR173C	YDL147W
YDR028C	YJR090C
YGR086C	YGR237C
YLR371W	YOR008C
YFR002W	YGL172W
YGL111W	YMR049C
YJL005W	YLL050C
YKL103C	YOR332W
YBR278W	YNL262W
YFR024C-A	YNL176C
YGR092W	YNL241C
YDL173W	YNL255C
YCL028W	YHR114W
YKR094C	YMR276W
YGL048C	YIL075C
YGR161C	YJL098W
YBL075C	YDR128W
YBL085W	YMR124W
YKL112W	YLR082C
YKL217W	YLL039C
YBL078C	YLR450W
YBR136W	YLR304C
YHR123W	YIR038C
YGR231C	YJL183W
YBR079C	YLR259C
YIL156W	YMR109W
YBL058W	YDL126C
YCR079W	YPL022W
YBR031W	YNL112W
YNL104C	YPR106W
YML004C	YPL031C
YMR288W	YNR011C
YLR207W	YMR297W
YGR056W	YIL126W
YJR066W	YNL183C
YBR243C	YIR038C
YCR008W	YMR140W
YMR036C	YNL261W
YBR095C	YOL004W
YGL059W	YNL186W
YGR161C	YKR028W
YER004W	YOR249C
YGR209C	YLR039C
YDR496C	YLR009W
YDL075W	YFR001W
YBR126C	YDR247W
YDR264C	YHR135C
YGR092W	YJR094W-A
YBR221C	YDR069C
YDR331W	YML048W
YGL116W	YJL008C
YGL099W	YGL123W
YDL097C	YGR040W
YDR188W	YNR051C
YGR092W	YPL042C
YGL150C	YNL215W
YBL085W	YMR139W
YGR116W	YPR133C
YDR425W	YJL036W
YLR337C	YML001W
YGL014W	YLR287C-A
YIR038C	YNL219C
YHR135C	YKR048C
YCR002C	YNL312W
YLR044C	YNR051C
YBR183W	YLR018C
YFR024C-A	YHR135C
YGL242C	YKL129C
YGR267C	YJL164C
YFR004W	YJL008C
YBR108W	YHR135C
YOR157C	YOR362C
YFR001W	YNL255C
YML056C	YNL124W
YER012W	YMR106C
YDL140C	YMR276W
YFR024C-A	YPL038W
YGR023W	YNL237W
YFL048C	YPR003C
YDR107C	YLL039C
YDL031W	YOR244W
YGL097W	YOR185C
YBR034C	YIL079C
YDR214W	YFL037W
YNL112W	YPL055C
YDL007W	YGR232W
YDR346C	YDR479C
YHR008C	YMR106C
YBL078C	YLR295C
YGR202C	YJL174W
YFR004W	YPR086W
YGL256W	YJR035W
YJR009C	YLR144C
YDR130C	YGL008C
YOR260W	YPL141C
YHL004W	YJL063C
YCR028C-A	YIL038C
YBL050W	YMR197C
YMR308C	YOR185C
YBL039C	YJR109C
YER112W	YLR275W
YHR140W	YML048W
YLL039C	YMR028W
YMR198W	YPR141C
YKL121W	YPL203W
YCR106W	YDR222W
YKL197C	YPL031C
YDR244W	YDR329C
YDL223C	YJL164C
YDR034W-B	YDR264C
YJL084C	YKR039W
YDL209C	YMR288W
YDL042C	YDR225W
YGL195W	YMR246W
YDR174W	YML131W
YGL139W	YLL039C
YAL043C	YKL059C
YJR009C	YPL003W
YER075C	YMR319C
YJR093C	YNL092W
YER112W	YOL004W
YDR283C	YDR381W
YLR030W	YPL031C
YCR009C	YPL249C
YGL112C	YMR255W
YGR116W	YPL203W
YJL092W	YMR190C
YGR092W	YNR052C
YBR018C	YPR054W
YKL049C	YPL106C
YBL045C	YLR442C
YER020W	YMR029C
YFR004W	YOR375C
YHR154W	YLR442C
YER017C	YGR132C
YJL140W	YMR309C
YBR095C	YPL181W
YJL098W	YMR209C
YJR066W	YNL076W
YBR159W	YEL002C
YEL034W	YJL191W
YJR090C	YNL055C
YHR027C	YPL028W
YBL075C	YER022W
YGL030W	YIL133C
YDR254W	YPL018W
YKL022C	YLR127C
YDR247W	YDR439W
YGL137W	YIL004C
YDL025C	YHR135C
YER169W	YNL031C
YMR236W	YOL012C
YDL014W	YLR409C
YLR018C	YNL279W
YER166W	YGL200C
YIL035C	YKR041W
YDL193W	YGL195W
YFR004W	YMR191W
YDR225W	YMR308C
YGL167C	YJL183W
YLL039C	YML048W
YFL017W-A	YJL164C
YFR004W	YJR007W
YFR004W	YPL028W
YNL252C	YNL255C
YER125W	YHL002W
YBL007C	YKL074C
YHR027C	YLR354C
YJL164C	YKL146W
YJL019W	YPL018W
YDR171W	YGL153W
YBR041W	YLR100W
YER024W	YHR135C
YBL064C	YPL031C
YEL017W	YHR135C
YNL110C	YNL307C
YOR270C	YPR036W
YKL049C	YMR319C
YDR392W	YPL181W
YJL124C	YLR003C
YBR079C	YPR086W
YBR159W	YBR293W
YMR186W	YPR181C
YBR152W	YMR288W
YJL164C	YLR350W
YIL122W	YPL031C
YBL085W	YGL190C
YDL225W	YPL031C
YDR092W	YMR256C
YLL003W	YOR257W
YBR126C	YMR261C
YDR106W	YLL049W
YJL124C	YMR056C
YGL153W	YPL031C
YLR423C	YOR226C
YKL104C	YPR106W
YHR082C	YLR131C
YFL026W	YIL068C
YAL017W	YJL110C
YER153C	YGR222W
YDR096W	YMR190C
YER098W	YGR040W
YLR175W	YPL209C
YDR174W	YLR442C
YLL039C	YOR375C
YDR192C	YER110C
YBR017C	YDR192C
YGR138C	YKL051W
YPR120C	YPR141C
YDL028C	YMR139W
YAL032C	YBR114W
YBL058W	YDR466W
YBR114W	YPL046C
YDL137W	YHR200W
YBR126C	YHR027C
YMR184W	YNL307C
YJL164C	YNL074C
YBR298C	YNL008C
YGL006W	YHR104W
YMR192W	YPL031C
YDL188C	YPL003W
YDL126C	YGL108C
YHR114W	YLR423C
YMR308C	YOL108C
YDL195W	YKL049C
YKR009C	YLL039C
YJL189W	YNR051C
YBR251W	YPL118W
YGL190C	YHR135C
YDR216W	YER177W
YKL104C	YMR308C
YDR164C	YPL232W
YCL017C	YPL135W
YHR082C	YMR190C
YBR137W	YOR164C
YFR004W	YGL195W
YGR077C	YNL329C
YBL097W	YER164W
YKL104C	YKL161C
YNL085W	YOR197W
YER022W	YPL082C
YER172C	YJL143W
YGL077C	YPL265W
YDL192W	YDL200C
YHR027C	YHR190W
YDL140C	YGR116W
YDR381W	YPL022W
YFR004W	YOR303W
YER012W	YMR076C
YJR059W	YKR100C
YLL039C	YMR053C
YMR262W	YPL209C
YGL249W	YLR394W
YKL005C	YNL031C
YOR244W	YOR335C
YDR346C	YGL180W
YLR044C	YNL272C
YGL066W	YGL158W
YBL031W	YBR156C
YBL085W	YER124C
YJL092W	YPR181C
YKL049C	YOL038W
YBR195C	YKR029C
YCR010C	YLL039C
YBL004W	YLR409C
YDR171W	YOR197W
YBR233W	YDR381W
YER018C	YGR280C
YHR105W	YJR059W
YBR093C	YJL066C
YJL008C	YOR375C
YDL200C	YEL024W
YDR141C	YGL077C
YFR001W	YMR049C
YKL103C	YLL039C
YFL038C	YLL039C
YCR008W	YDR129C
YHR074W	YLL039C
YDR504C	YNL255C
YFL041W	YKL175W
YAR018C	YJL098W
YGR106C	YPR036W
YER162C	YHL025W
YHR082C	YLR249W
YFL001W	YPL209C
YGL087C	YNR065C
YMR108W	YNL255C
YDR480W	YKL189W
YKL049C	YOR086C
YJL112W	YKL049C
YGL104C	YNL054W
YHL035C	YOR327C
YDR120C	YJL164C
YMR054W	YOR332W
YLL039C	YPL174C
YBL074C	YLR275W
YDR164C	YOR327C
YDR381W	YKR024C
YDR473C	YMR288W
YBR068C	YPL265W
YJL194W	YPR119W
YFL037W	YGR092W
YDR201W	YKL179C
YLR175W	YNL186W
YDR004W	YHR154W
YBL041W	YHR200W
YDL028C	YLL003W
YIR006C	YKL129C
YDR381W	YKR048C
YML037C	YNL092W
YPL042C	YPL248C
YDL140C	YGR270W
YLR022C	YNL255C
YIL062C	YLR337C
YDL120W	YGR207C
YDR394W	YGR232W
YGL137W	YGR142W
YDL014W	YDR365C
YER116C	YPL031C
YLL039C	YPR026W
YDR443C	YHR067W
YLL039C	YLR417W
YJL143W	YNR017W
YKL117W	YMR008C
YGR092W	YLL039C
YER006W	YMR049C
YAL027W	YGL106W
YER048C	YFR004W
YKL189W	YLR423C
YLR055C	YMR223W
YJR059W	YKL062W
YER120W	YHL020C
YGL106W	YNL267W
YER016W	YGR161C
YBR212W	YDR304C
YER139C	YJL140W
YBL017C	YDR484W
YFL038C	YOR070C
YDL214C	YDR439W
YDL130W-A	YER125W
YHR200W	YNL112W
YER018C	YOL069W
YDR247W	YIL107C
YKR092C	YNR051C
YGL194C	YOL068C
YMR308C	YOL115W
YLR265C	YMR284W
YCR008W	YJL004C
YDR225W	YNL031C
YMR049C	YNL110C
YLR310C	YNL098C
YMR017W	YPL232W
YGL190C	YOR162C
YKR072C	YPL141C
YDR244W	YLR284C
YCR084C	YOL004W
YER161C	YHR183W
YGL051W	YGL200C
YDL192W	YOL147C
YDL140C	YDR188W
YDL233W	YOL069W
YDL176W	YJR104C
YER125W	YFR004W
YIL107C	YLR089C
YER161C	YHL025W
YBR195C	YML102W
YDR480W	YMR186W
YDR331W	YHR140W
YIL088C	YLL039C
YBR133C	YCR088W
YGL087C	YMR323W
YFR004W	YOR198C
YDR394W	YMR308C
YGL111W	YOR380W
YJL013C	YNL236W
YCR042C	YDR195W
YGL048C	YGR184C
YHR200W	YLR044C
YDR130C	YNL074C
YAL005C	YDR338C
YLL019C	YPL012W
YMR092C	YNL138W
YCL010C	YGL262W
YFR032C-A	YGL031C
YGL106W	YGR086C
YBL007C	YOR047C
YDR328C	YER177W
YDR356W	YLR006C
YDL171C	YKL104C
YDL210W	YGL200C
YBR193C	YER022W
YEL034W	YFL013C
YKL049C	YML028W
YFL008W	YPR007C
YKL103C	YMR218C
YBR065C	YKR048C
YCL043C	YGL190C
YHR135C	YKR092C
YBR159W	YHR123W
YAL005C	YDR477W
YMR139W	YNL272C
YML035C	YNL307C
YDR225W	YOR244W
YJL164C	YNL186W
YDR381W	YLR455W
YIL122W	YKL161C
YMR183C	YOR327C
YHR027C	YMR109W
YDR363W-A	YGL048C
YPL082C	YPL178W
YDR032C	YER020W
YDL098C	YML049C
YJL098W	YJR066W
YJR059W	YKL093W
YDR381W	YGL190C
YDR386W	YMR303C
YIL033C	YJL164C
YFR004W	YMR246W
YHR082C	YML035C
YCR076C	YNL255C
YBR128C	YLR240W
YMR295C	YNL307C
YHR027C	YOR362C
YDR211W	YJR007W
YER019W	YLR350W
YBL041W	YFR004W
YGL014W	YGL045W
YFR004W	YOR298C-A
YDL075W	YNL255C
YDL029W	YLL039C
YDR106W	YPL174C
YDR523C	YHR033W
YDL188C	YPL152W
YFL007W	YKL049C
YGR040W	YNL117W
YDL140C	YKL210W
YDL014W	YNL230C
YLR131C	YPR119W
YBR196C	YNR051C
YCL027W	YER032W
YBR031W	YDR365C
YBR091C	YNR017W
YGR040W	YLR304C
YCL009C	YGL116W
YBR039W	YGL237C
YJR059W	YLR350W
YJR014W	YOR028C
YDR356W	YGR161C
YGL198W	YNL255C
YDL147W	YDR363W-A
YFR004W	YKL117W
YLR212C	YOL016C
YJR035W	YLR304C
YLR404W	YOR301W
YHR026W	YKL221W
YDL100C	YNL055C
YBR017C	YER110C
YLR265C	YMR106C
YCL028W	YDL140C
YDL126C	YGR048W
YNL147W	YOL149W
YBR034C	YJR022W
YDL065C	YMR108W
YDR432W	YKL049C
YBL037W	YKL103C
YBR039W	YOL087C
YER172C	YGR270W
YBL045C	YGL137W
YPL031C	YPR147C
YJL014W	YOL015W
YFL033C	YJL164C
YDL185W	YOR332W
YDL005C	YEL009C
YNL246W	YNL255C
YBL093C	YDL005C
YBL017C	YLR310C
YBR031W	YNL110C
YGL008C	YGL167C
YHR096C	YPL058C
YML129C	YNL255C
YCR042C	YPR065W
YLL039C	YOR124C
YGR252W	YOL012C
YLL005C	YML075C
YBL078C	YHR171W
YIL126W	YPL082C
YEL009C	YFL009W
YBR251W	YOL115W
YDR264C	YPL242C
YDL075W	YPR067W
YCR030C	YGL077C
YGL211W	YNL255C
YJL004C	YNL121C
YGL059W	YOL016C
YJL164C	YKR009C
YDL097C	YHR027C
YFR052W	YOR259C
YIL119C	YNL107W
YKL049C	YMR186W
YCL027W	YPR008W
YKL171W	YMR053C
YHR027C	YML008C
YGL096W	YJR022W
YDL005C	YER022W
YDR356W	YPR141C
YDR432W	YGR116W
YKL160W	YNL255C
YLL039C	YLR327C
YBR136W	YNL312W
YBR112C	YFR004W
YFR004W	YLR134W
YML064C	YPL049C
YJR001W	YLL039C
YDR039C	YPR201W
YIL105C	YLR425W
YDR188W	YKL049C
YPL058C	YPR138C
YER125W	YLR206W
YBR044C	YKL141W
YDR356W	YLR045C
YJL084C	YMR216C
YFR001W	YNL002C
YNL121C	YPR128C
YIL105C	YPL208W
YER016W	YGR027C
YBL007C	YCL045C
YHR082C	YKR024C
YOR005C	YPL110C
YLR249W	YNL255C
YDL042C	YDR227W
YBR133C	YLL039C
YHL009C	YHR135C
YBL023C	YMR048W
YGL212W	YLR423C
YEL015W	YPL031C
YJL045W	YLL039C
YBR039W	YGR250C
YIL124W	YIR038C
YLR233C	YNL132W
YBL050W	YDR468C
YDR496C	YNL110C
YDL070W	YDR477W
YDL186W	YNL307C
YAL051W	YGR092W
YGR232W	YIL075C
YGL048C	YNL250W
YLR127C	YOR249C
YAL005C	YDR356W
YGR092W	YKR080W
YLR127C	YOL133W
YAR066W	YDR074W
YNL132W	YOL102C
YMR146C	YPR086W
YIL107C	YJL164C
YKL049C	YLL022C
YNL255C	YNR001C
YAL018C	YBR036C
YIL038C	YNR052C
YIL062C	YNR035C
YBR183W	YFL048C
YDL126C	YDL147W
YDR028C	YER027C
YNR017W	YPR024W
YJL112W	YKL189W
YPL031C	YPL222W
YLL039C	YML126C
YGL131C	YIL101C
YCR030C	YER020W
YFL017W-A	YGL059W
YGL180W	YKL093W
YMR106C	YPL031C
YFR024C-A	YGR268C
YBR011C	YLR425W
YER016W	YNL078W
YHR135C	YMR140W
YBR103W	YNL255C
YIR025W	YOR249C
YER054C	YML088W
YBL007C	YLL005C
YER020W	YGL121C
YDR328C	YFL009W
YGL190C	YKL129C
YDR496C	YGL111W
YBR072W	YMR236W
YAL038W	YDR192C
YHL023C	YJR138W
YOR176W	YOR257W
YDR130C	YER177W
YDL165W	YIL038C
YHR027C	YPL231W
YIL106W	YMR276W
YBL099W	YPL078C
YGL051W	YGL137W
YGL141W	YHR200W
YDL105W	YDR288W
YGR040W	YJR070C
YDL025C	YDR477W
YFR004W	YNL250W
YDL029W	YIR006C
YOR332W	YPR036W
YJR007W	YPR041W
YFL008W	YNL262W
YMR284W	YPL078C
YBR233W	YIL079C
YJL167W	YPL031C
YBR130C	YLR310C
YHR132C	YLL039C
YDR141C	YGR138C
YER125W	YJL025W
YDR028C	YLR377C
YDR113C	YLR175W
YAL028W	YMR139W
YDR146C	YFL009W
YDR284C	YEL013W
YDR320C	YJL092W
YDR129C	YJL092W
YCR057C	YJL191W
YIL127C	YNL255C
YDL014W	YGL112C
YGR040W	YHL021C
YDL029W	YJL014W
YBR059C	YKR009C
YJL164C	YNL157W
YDL137W	YDL192W
YAL005C	YPR119W
YDR328C	YOL133W
YJR059W	YMR099C
YKL049C	YLL040C
YFR050C	YOR362C
YGL077C	YPR156C
YGR104C	YPR086W
YDL113C	YER018C
YJL112W	YLL001W
YBR123C	YKL068W
YDL230W	YGR040W
YIL166C	YKL217W
YDL005C	YOL051W
YGL137W	YHR027C
YBL039C	YFR004W
YJR083C	YLR295C
YLR449W	YNL030W
YDL185W	YLR337C
YER009W	YPL031C
YDL006W	YNL307C
YHR027C	YOR168W
YEL002C	YOR085W
YGR209C	YKL069W
YAL027W	YLR044C
YGR255C	YLR201C
YFR004W	YGR214W
YFL037W	YOR349W
YBR159W	YNL048W
YIL126W	YLL039C
YDR124W	YHR155W
YDL045W-A	YJL063C
YDL137W	YNL255C
YAR007C	YBR245C
YDR022C	YGL180W
YDR423C	YNL255C
YDR273W	YFR052W
YJR059W	YKL146W
YEL009C	YHL025W
YJL004C	YML038C
YEL009C	YGL112C
YJL164C	YKL193C
YHR027C	YHR104W
YCR091W	YPR119W
YBL047C	YDR192C
YJR022W	YLL015W
YLL039C	YMR296C
YGR252W	YKL211C
YDL155W	YNL161W
YGR104C	YPR052C
YGR261C	YOR380W
YKR048C	YPL141C
YCL027W	YKL105C
YLR175W	YNR051C
YNL255C	YNR057C
YLR249W	YOL145C
YDL043C	YGL137W
YJR045C	YNL157W
YFR004W	YJR009C
YMR112C	YNL236W
YDR264C	YKL178C
YDR227W	YNL102W
YGL158W	YNL236W
YFR004W	YKR001C
YNL090W	YNL255C
YJR022W	YOR076C
YFR052W	YMR048W
YDR473C	YPR082C
YGR040W	YNR006W
YDL029W	YFR004W
YGL197W	YLR377C
YDR405W	YML025C
YFR004W	YGR086C
YDL227C	YML088W
YDL134C	YOR386W
YER105C	YGL100W
YGL137W	YLL001W
YER059W	YJL084C
YDL098C	YNL255C
YLL039C	YMR192W
YDL101C	YDR030C
YDL140C	YOL018C
YDR204W	YOL096C
YLL039C	YPR181C
YER110C	YIL115C
YHR027C	YPR183W
YDR148C	YKL010C
YGR207C	YIL108W
YDL134C	YLL039C
YER041W	YLR449W
YGL248W	YHR135C
YDR468C	YMR197C
YFR005C	YMR125W
YJR059W	YOR257W
YBR095C	YKL049C
YDL059C	YKL127W
YFL038C	YNL255C
YBR108W	YHR082C
YDR264C	YMR197C
YLR033W	YOR156C
YDL097C	YOR259C
YLL039C	YNL330C
YHR082C	YOR362C
YBR031W	YNL055C
YBR245C	YLR095C
YGR106C	YOR244W
YBL093C	YPL042C
YHR027C	YHR200W
YER006W	YOR349W
YJR119C	YMR216C
YDL126C	YJL048C
YBR088C	YDR092W
YBL067C	YFR004W
YFL034W	YKL135C
YJL210W	YNL255C
YJR059W	YJR130C
YDR188W	YFR004W
YCR030C	YPL058C
YCR030C	YFR024C-A
YFR004W	YHR042W
YDR113C	YJR059W
YDL210W	YML048W
YOR198C	YPL042C
YMR273C	YNL255C
YBR031W	YDL075W
YKL104C	YKL116C
YBR289W	YOL051W
YBR279W	YHL002W
YDR225W	YGL150C
YDL070W	YJL164C
YGL123W	YLL039C
YGL106W	YKR048C
YLL039C	YMR171C
YGL195W	YML124C
YGL240W	YNL193W
YGL137W	YLR370C
YER125W	YFL039C
YDL140C	YMR223W
YDR497C	YER125W
YGL059W	YKR090W
YDR306C	YDR328C
YLL050C	YMR092C
YCR046C	YJL063C
YKL015W	YLL010C
YHR047C	YOL111C
YNR051C	YOL038W
YNL090W	YNL210W
YPL106C	YPR045C
YDR288W	YNL124W
YER103W	YLL039C
YNL030W	YNL255C
YIL038C	YLR044C
YDR323C	YOR089C
YDL006W	YML100W
YKR065C	YLL039C
YBR079C	YGL123W
YCL009C	YGR092W
YDR254W	YKL049C
YLL039C	YPL260W
YGL232W	YNL255C
YKL103C	YLR450W
YGL066W	YPL082C
YBR108W	YJL020C
YJR001W	YKL116C
YER177W	YNL076W
YFR004W	YKL104C
YDL209C	YLR275W
YER125W	YMR140W
YER112W	YJR022W
YGR233C	YOL145C
YGR092W	YPR160W
YBR079C	YNL244C
YDL233W	YJR112W
YDL043C	YDR131C
YFR004W	YHR190W
YDR169C	YGL180W
YIL062C	YNL138W
YHL021C	YJL140W
YDL160C	YFR004W
YGL180W	YGL190C
YGL116W	YPL140C
YAL017W	YKL049C
YML037C	YPL141C
YFL045C	YFR004W
YNL136W	YNL255C
YBL078C	YKL103C
YDL028C	YKL023W
YDL014W	YGL030W
YBR289W	YGL158W
YGL030W	YLR175W
YDR468C	YOL018C
YJL164C	YOR070C
YDL014W	YMR308C
YKL085W	YPL111W
YHR135C	YPL146C
YLR168C	YPR024W
YCR028C-A	YNR051C
YOL069W	YPR141C
YDR122W	YIL107C
YGL158W	YNL186W
YBL085W	YBR003W
YFR004W	YKL103C
YBR138C	YGR092W
YDR432W	YDR496C
YBR039W	YGR104C
YDR148C	YFL018C
YHR183W	YNR051C
YCL037C	YDL014W
YDR432W	YER164W
YGL134W	YPL031C
YBL007C	YLR095C
YKL135C	YMR308C
YCR073C	YNL250W
YDL185W	YFR040W
YKR001C	YPL016W
YAL026C	YKL010C
YHR135C	YKL160W
YIL035C	YMR049C
YCR012W	YKL060C
YDL105W	YPL146C
YDR386W	YER006W
YDR129C	YHR200W
YIL075C	YMR216C
YDR032C	YLR413W
YGR136W	YPL038W
YLL039C	YOL117W
YML064C	YPL192C
YBR108W	YFR024C-A
YEL034W	YMR284W
YJR094W-A	YNL255C
YHL021C	YJR059W
YER094C	YMR106C
YGR252W	YKL062W
YHL025W	YNL255C
YIL149C	YMR284W
YDL126C	YDL140C
YOR298C-A	YPL031C
YDL070W	YGR092W
YNL102W	YNR052C
YDR122W	YMR124W
YFR015C	YKR058W
YBR103W	YDR155C
YER125W	YLR134W
YDL025C	YDL183C
YBR289W	YER162C
YMR168C	YNL255C
YAL043C	YJR093C
YFR002W	YLR018C
YDR211W	YNL124W
YER123W	YHR135C
YDL140C	YJL140W
YBL087C	YDR188W
YDR093W	YMR054W
YJL164C	YMR210W
YHR135C	YJL105W
YGL180W	YKR094C
YKL010C	YLR304C
YGR138C	YPL058C
YBL078C	YHR135C
YER043C	YIR005W
YER120W	YLL039C
YJR066W	YPR124W
YBR105C	YLR259C
YMR124W	YPR119W
YDR523C	YKL193C
YLL049W	YNR069C
YHR200W	YLR195C
YDL192W	YDR264C
YGR104C	YOL005C
YDR192C	YML103C
YDL047W	YPL049C
YHR027C	YPR181C
YBL085W	YER032W
YGL195W	YOR136W
YDR348C	YMR295C
YDR443C	YLL039C
YFR004W	YLR175W
YML058W	YNL307C
YLR449W	YPL146C
YHR057C	YNL255C
YJR059W	YLL029W
YLR249W	YNL250W
YNL307C	YNR006W
YBR221C	YMR308C
YER172C	YML049C
YHR074W	YLR216C
YER107C	YML103C
YAL005C	YNL124W
YBL039C	YIL075C
YBR136W	YJL090C
YDR356W	YIL149C
YFL039C	YHR152W
YFR004W	YKR003W
YDL214C	YJR103W
YGL137W	YNL250W
YDL054C	YHR026W
YDR086C	YPL189W
YCR073W-A	YDR122W
YDL029W	YPR019W
YBL064C	YHR082C
YBR044C	YHR042W
YBR053C	YLR310C
YDR129C	YIL062C
YKL049C	YPL217C
YDR356W	YER129W
YDR032C	YIL105C
YJL164C	YLR022C
YGL250W	YLR442C
YCR007C	YDL120W
YAL005C	YOR110W
YEL013W	YHR094C
YFR024C-A	YNR031C
YBR043C	YNL307C
YMR203W	YNR017W
YGL158W	YLR071C
YDR227W	YNL216W
YEL048C	YPL110C
YDR477W	YOL066C
YBR079C	YFR004W
YLR288C	YMR159C
YNL255C	YOR269W
YBL030C	YDR529C
YGR233C	YHR071W
YKR048C	YMR110C
YGR101W	YKR066C
YGR252W	YNL236W
YLL039C	YPR183W
YNL031C	YOR290C
YGL090W	YLR109W
YBL007C	YGL181W
YCR028C-A	YNR052C
YNL255C	YNL284C
YKR021W	YLL039C
YDR180W	YFL008W
YER020W	YKR003W
YDR453C	YMR106C
YJL124C	YPL084W
YHR152W	YLR109W
YKL049C	YOL145C
YJR059W	YKR041W
YLR369W	YMR049C
YLR323C	YNR011C
YIL105C	YOL038W
YLR119W	YLR417W
YGL197W	YLR310C
YJL178C	YOR357C
YBR289W	YDR073W
YDL193W	YLL039C
YLR427W	YML056C
YGR040W	YLR154C
YCL059C	YNL132W
YDL195W	YIL109C
YGL134W	YNL307C
YDL005C	YMR112C
YBR079C	YOL117W
YGL189C	YNR051C
YHR082C	YNL022C
YBL035C	YDR013W
YGL180W	YNL165W
YER094C	YOR362C
YPR025C	YPR056W
YNL031C	YNL097C
YOL038W	YPR154W
YER062C	YML058W
YDR346C	YPL031C
YAL062W	YLL039C
YDL045C	YGR077C
YBR260C	YGR196C
YGL137W	YOL133W
YCL028W	YLL039C
YFR052W	YHR200W
YBR053C	YPL141C
YBR260C	YER144C
YBR268W	YNL185C
YFR004W	YIL108W
YJR035W	YKL085W
YDL134C	YPR040W
YCR057C	YLL039C
YGR041W	YOR301W
YDR129C	YLL039C
YBR136W	YGR099W
YJL062W	YKL146W
YER131W	YNR051C
YIL062C	YJL020C
YGL161C	YLL039C
YKL042W	YOL069W
YER018C	YPR022C
YNL244C	YOR362C
YBR159W	YML075C
YGL059W	YJL070C
YER103W	YJR132W
YDR050C	YFR004W
YGR282C	YNR051C
YGL192W	YJL092W
YDR353W	YFR004W
YDL017W	YGL137W
YIL106W	YNL161W
YLL039C	YPR154W
YDR192C	YML058W
YJL164C	YMR099C
YDR219C	YDR328C
YDL066W	YFR004W
YMR004W	YOR132W
YJL084C	YPL031C
YMR105C	YOR090C
YBR088C	YPL140C
YDR283C	YNR051C
YDR216W	YOL133W
YGL104C	YJR117W
YGL116W	YPL203W
YDL235C	YLR006C
YLR060W	YPL031C
YBR245C	YDL002C
YDR169C	YOL004W
YDL147W	YLL039C
YMR183C	YPL232W
YDL004W	YPL078C
YNL255C	YOR091W
YEL023C	YOR269W
YCL043C	YGR040W
YLR176C	YPL082C
YBL087C	YGL111W
YKL010C	YOL038W
YMR117C	YOL069W
YCR004C	YNL255C
YLL039C	YLR001C
YFL041W	YJL117W
YGL180W	YLR350W
YDR073W	YOR290C
YMR308C	YOR362C
YDL059C	YMR105C
YML117W	YPR106W
YKL129C	YLR337C
YGR252W	YPL082C
YFL039C	YJL014W
YNL132W	YNR051C
YGR123C	YPR046W
YDR244W	YGL153W
YLR153C	YNL244C
YDR169C	YPL031C
YIL156W	YJL164C
YJL164C	YMR182C
YDL007W	YDL097C
YLR055C	YPL209C
YHR135C	YLR109W
YDR192C	YIL115C
YCR057C	YGR154C
YHR200W	YMR276W
YDR283C	YDR477W
YLR447C	YMR054W
YJL164C	YKR021W
YLL039C	YNR035C
YLL039C	YLR256W
YAL017W	YER054C
YDL192W	YJL099W
YAL038W	YNL255C
YCR073W-A	YHR135C
YJR142W	YPL141C
YJL124C	YOL016C
YDR505C	YLL039C
YIL035C	YPL110C
YKL067W	YKL095W
YGL161C	YGL198W
YBR126C	YMR139W
YHR135C	YIL033C
YJL167W	YNL244C
YFR004W	YLR270W
YHL002W	YKR009C
YDR490C	YJR059W
YFR004W	YPL106C
YJL110C	YMR168C
YGR207C	YNR058W
YBR112C	YCR084C
YHR108W	YLL039C
YBR260C	YFR004W
YDR228C	YNL222W
YBR159W	YDL206W
YDL014W	YLR455W
YFL033C	YIL116W
YDL056W	YLR182W
YJL164C	YMR081C
YAL032C	YER032W
YIL093C	YNR036C
YGL137W	YGR092W
YCR030C	YER166W
YER179W	YIL105C
YGL112C	YOL148C
YLL039C	YMR027W
YLL039C	YML057W
YBR130C	YPL031C
YDL089W	YML034W
YNL104C	YNL307C
YGL116W	YPL106C
YCR088W	YHR200W
YMR190C	YPL024W
YDL139C	YKL049C
YDL146W	YHR114W
YDL147W	YMR191W
YER065C	YLR270W
YLR050C	YPL031C
YER012W	YGR193C
YHR027C	YNL244C
YGR247W	YOR327C
YER027C	YGL208W
YDL134C	YHR114W
YCL032W	YMR139W
YBR031W	YDR130C
YJL164C	YLR310C
YBR059C	YOR257W
YBR133C	YPL031C
YOL051W	YOR290C
YDR477W	YLR182W
YGL116W	YKL022C
YGL180W	YKR098C
YBL004W	YPL266W
YJL084C	YJL164C
YMR028W	YPL152W
YKR060W	YLR409C
YDL101C	YML058W
YBR059C	YDR188W
YDL101C	YGL256W
YGL180W	YKL042W
YDR540C	YGL180W
YCR011C	YPR079W
YBL007C	YPL141C
YBL041W	YOR157C
YIL109C	YMR124W
YBR156C	YMR168C
YCR002C	YDL225W
YDR074W	YHR027C
YEL002C	YJL117W
YHR024C	YNL242W
YDL097C	YGL095C
YNL102W	YPL106C
YHR027C	YMR309C
YAL005C	YJR096W
YDR320C	YPR045C
YDR348C	YER125W
YDR192C	YKL068W
YGR255C	YML058W
YNL307C	YNR047W
YGR280C	YKR092C
YIL033C	YIL035C
YBR162C	YDR238C
YFR004W	YLR259C
YDR174W	YHR193C
YDR073W	YHL025W
YCR009C	YLR218C
YEL015W	YMR109W
YGR175C	YMR186W
YGL241W	YJL092W
YKL104C	YPL061W
YHR001W	YLL039C
YGL158W	YOR136W
YHR105W	YJL164C
YBL036C	YDR342C
YHR175W	YJL178C
YMR216C	YPR042C
YER112W	YPR082C
YDL103C	YDR288W
YFL039C	YNL136W
YGR092W	YNL085W
YCR008W	YGL134W
YDR443C	YLR071C
YLR059C	YPL031C
YDL042C	YDR216W
YBL106C	YBR102C
YDR155C	YLR299W
YDL014W	YPL217C
YJR059W	YML037C
YKL049C	YOR124C
YJL069C	YOR090C
YCR042C	YPL042C
YNL264C	YPR181C
YHL004W	YPR025C
YCL028W	YGR104C
YER125W	YNR069C
YPL106C	YPR129W
YDR074W	YMR261C
YOR083W	YPL031C
YBR130C	YIL138C
YDR307W	YHR140W
YDR328C	YOR185C
YGL229C	YJL178C
YDL075W	YNL110C
YFR015C	YNL255C
YNL255C	YNL274C
YHR157W	YMR133W
YJL164C	YMR203W
YOR273C	YPL058C
YGL172W	YMR308C
YKL068W	YML103C
YJL098W	YPL012W
YDR473C	YNR011C
YDR022C	YLR423C
YGL180W	YLR323C
YKL087C	YNL255C
YDR195W	YGL153W
YDR174W	YOL012C
YDR141C	YPL115C
YDL004W	YHR082C
YDR120C	YDR477W
YAL021C	YDL165W
YDR050C	YHR200W
YFR004W	YPR028W
YPL174C	YPL253C
YLR310C	YPL082C
YDL021W	YLL039C
YDL160C	YOL149W
YBR059C	YIR006C
YHL027W	YPL031C
YGR130C	YJL164C
YKL049C	YKL182W
YGL168W	YJL164C
YER125W	YOR042W
YHR200W	YOL060C
YBR034C	YDR432W
YAL026C	YOR104W
YBL058W	YJR098C
YBR156C	YPL209C
YDR174W	YML064C
YLR377C	YNR065C
YKL023W	YPL209C
YJR109C	YMR106C
YML008C	YNL255C
YML117W	YNR051C
YGL106W	YLR304C
YAL021C	YGL014W
YCR073C	YGL134W
YAL038W	YJL164C
YDR146C	YGR104C
YCL028W	YDL005C
YCL059C	YPL217C
YDR443C	YGL158W
YDL126C	YML064C
YML117W	YPL190C
YMR264W	YNL255C
YMR288W	YOR159C
YLR003C	YNR051C
YGL212W	YNL255C
YGL059W	YLR195C
YFR004W	YNL255C
YER139C	YPL203W
YBR114W	YOL012C
YCL037C	YDR432W
YLR108C	YML102W
YBR193C	YKL038W
YGR174C	YPR201W
YFR004W	YMR109W
YDL014W	YNL222W
YDL100C	YGL153W
YBR112C	YPL181W
YBR149W	YFR004W
YDR356W	YKR037C
YER044C	YGR175C
YFR004W	YGL009C
YFR040W	YOL069W
YDL014W	YLR369W
YCL010C	YGL158W
YER020W	YLR413W
YGR104C	YLR071C
YER032W	YJL020C
YIL105C	YNL255C
YLR424W	YNL224C
YAL026C	YKL135C
YDR188W	YGL190C
YMR105C	YNR035C
YJL164C	YMR140W
YBR159W	YNR035C
YAR007C	YDR499W
YDR085C	YPL242C
YDL070W	YHR082C
YJL194W	YLL004W
YDL160C	YJL124C
YBL001C	YML102W
YBR289W	YEL009C
YJR066W	YMR028W
YEL015W	YNL307C
YGL212W	YML001W
YAL005C	YLR377C
YJL036W	YLR423C
YFR004W	YNL104C
YLR455W	YOR064C
YOL038W	YOR362C
YBL037W	YJL084C
YHR027C	YML126C
YCR012W	YHR027C
YCR009C	YER116C
YLR337C	YNR035C
YER179W	YLR134W
YDR473C	YER112W
YNL031C	YNL255C
YKL181W	YOL061W
YDR477W	YOR198C
YKL038W	YPL203W
YFR004W	YLR109W
YDR096W	YER032W
YBL106C	YLR206W
YCL033C	YNL255C
YGL097W	YNL031C
YNL255C	YOR164C
YLR175W	YMR309C
YGL048C	YKL049C
YML126C	YNL119W
YIL035C	YJR144W
YER044C	YHR190W
YGR129W	YJR050W
YDR477W	YKL121W
YBR065C	YER172C
YFR043C	YLR170C
YBR042C	YJL164C
YER018C	YJR112W
YJR059W	YMR184W
YER018C	YPL257W
YAL038W	YJR059W
YGL180W	YLL019C
YJL014W	YNL155W
YBR145W	YDR499W
YDR323C	YHR082C
YML100W	YMR139W
YBL007C	YCL008C
YLR275W	YML049C
YER020W	YLR326W
YGR271W	YMR036C
YER059W	YKL103C
YKL089W	YPL146C
YNL020C	YNL084C
YFR024C-A	YGL195W
YCR098C	YPL265W
YCL056C	YDL197C
YAL027W	YCR009C
YHR200W	YNL103W
YER125W	YPL209C
YER179W	YPR007C
YNR051C	YOR198C
YGR092W	YHL021C
YFR004W	YLL029W
YDR363W-A	YMR191W
YFL034W	YKL103C
YHR200W	YOR375C
YHL035C	YIL035C
YCR042C	YPL075W
YER177W	YKL182W
YGL100W	YML103C
YAR035W	YER024W
YDL077C	YMR197C
YBR176W	YML064C
YER166W	YNL323W
YFL039C	YJL005W
YBL007C	YOR284W
YJL140W	YLR192C
YJR059W	YLR195C
YDR256C	YGR040W
YBL023C	YDR122W
YBR205W	YGL212W
YCR012W	YHR200W
YDR394W	YGL137W
YDL101C	YGR130C
YIL009W	YPL058C
YMR236W	YNL172W
YBR217W	YMR319C
YGL141W	YIL075C
YPR079W	YPR201W
YGR116W	YLR199C
YGL180W	YIL156W
YEL015W	YER035W
YDR068W	YGL059W
YGR092W	YPR091C
YBR251W	YNL242W
YGL185C	YPL031C
YDR131C	YDR328C
YJR019C	YPR106W
YIL035C	YOL004W
YLR109W	YNL312W
YBL023C	YDL017W
YIL107C	YOR296W
YBR207W	YPR036W
YEL023C	YHL002W
YFL009W	YJL194W
YJR090C	YOL133W
YJR059W	YPR091C
YBR183W	YDR331W
YDR479C	YJL183W
YGL051W	YPL141C
YLL010C	YLL039C
YOL081W	YPL106C
YGL190C	YHR114W
YDR216W	YGR252W
YIL009W	YPL141C
YBR159W	YJR161C
YKR048C	YPR119W
YGL028C	YJR022W
YDR452W	YKR092C
YGR270W	YOL012C
YER012W	YIL075C
YDR523C	YJR132W
YMR196W	YNR031C
YGL090W	YLR288C
YCR084C	YLR071C
YBR267W	YKR048C
YER020W	YPR138C
YGL030W	YNL132W
YFL001W	YGL180W
YDR477W	YNL272C
YKL049C	YLR442C
YLL039C	YLR380W
YBR011C	YLL060C
YBL041W	YDL147W
YCL008C	YPL065W
YGL009C	YLL039C
YBR079C	YPL031C
YCR009C	YNL055C
YFR004W	YMR083W
YBR112C	YHL020C
YLR447C	YNR051C
YDR479C	YLR082C
YGR163W	YGR203W
YDL147W	YER094C
YCR088W	YDR342C
YHL024W	YPL203W
YFR001W	YLR009W
YDR171W	YFL037W
YIR038C	YOR321W
YBR041W	YMR152W
YBL084C	YIR025W
YHR033W	YPL022W
YML049C	YMR288W
YBR177C	YER136W
YCR073C	YGR142W
YFL033C	YGL185C
YLL048C	YMR106C
YIL009W	YLL039C
YHR135C	YML035C
YDR432W	YIR001C
YBL085W	YDR085C
YGL056C	YPL265W
YBR207W	YKR007W
YFR051C	YGL051W
YDL028C	YHR209W
YLL050C	YML064C
YDR283C	YJR132W
YDL098C	YER172C
YGL059W	YNL074C
YBL099W	YHR200W
YIL068C	YLR166C
YDL005C	YNL236W
YDR035W	YJL164C
YCL028W	YHR034C
YNL255C	YOR141C
YGL090W	YOR005C
YFR001W	YLR449W
YAL021C	YGL195W
YDR485C	YER112W
YBR173C	YER012W
YDL047W	YGL197W
YBR159W	YPR156C
YKL210W	YPR054W
YEL058W	YLL039C
YKR034W	YLR424W
YDR141C	YPL037C
YNL255C	YNR051C
YLL039C	YPL122C
YJL019W	YOR288C
YBL007C	YGL215W
YBR041W	YBR177C
YLL039C	YOR270C
YJR001W	YJR059W
YBL041W	YFL007W
YDR228C	YLR423C
YCR057C	YPL217C
YFL007W	YMR186W
YDR477W	YOR047C
YDL014W	YNL110C
YFR004W	YJR121W
YHR200W	YOR185C
YER172C	YJR022W
YDR432W	YFR004W
YBR202W	YJL194W
YER164W	YKR001C
YLR061W	YNL110C
YDL025C	YPR019W
YOL148C	YPL082C
YJR121W	YLR295C
YAL038W	YFR004W
YIL075C	YML124C
YOR083W	YPL116W
YDL147W	YDR201W
YLL039C	YML071C
YGL121C	YOR371C
YDR529C	YLR292C
YGL153W	YNL329C
YGL158W	YML035C
YDL100C	YOR164C
YCR007C	YDR107C
YLL039C	YMR259C
YBR036C	YJL196C
YFR024C-A	YLR144C
YLR175W	YLR233C
YMR139W	YNL078W
YGL256W	YHR082C
YER162C	YOR257W
YDR432W	YER112W
YDL065C	YDR265W
YDL065C	YLR071C
YBR039W	YBR093C
YBR207W	YER166W
YBR122C	YHL004W
YLR065C	YNL255C
YBR016W	YLL039C
YJL019W	YPL200W
YDL043C	YKL155C
YDR394W	YOR259C
YGL237C	YPR085C
YFR011C	YNL255C
YOL005C	YPL248C
YJL164C	YNL196C
YMR236W	YPL082C
YBR079C	YMR186W
YDR398W	YFL045C
YLL039C	YPL224C
YJR144W	YNL312W
YMR186W	YNL051W
YBR114W	YHR183W
YHL020C	YNL255C
YER012W	YHR200W
YKL049C	YML075C
YDR460W	YPR056W
YJR059W	YPL012W
YGR261C	YLR330W
YAL021C	YNR052C
YNL102W	YNL255C
YDR188W	YDR523C
YBR231C	YDR485C
YBR159W	YDR331W
YBR088C	YIL035C
YKR001C	YNL330C
YLR119W	YPL065W
YNL132W	YPL042C
YIL075C	YPL031C
YIL105C	YLR433C
YLR166C	YPL106C
YDR473C	YOR159C
YDR096W	YNL078W
YFR002W	YIL149C
YBR036C	YML048W
YBR023C	YJR117W
YLR295C	YPL078C
YCR073W-A	YNL307C
YFL008W	YNL250W
YFL039C	YGL097W
YDR422C	YER162C
TL(UAA)J	YBR123C
YDL029W	YNR035C
YCR073C	YDR007W
YJR062C	YKL085W
YDR140W	YNR046W
YGL211W	YNL119W
YLR424W	YPL018W
YLR417W	YPL065W
YBR196C	YOR270C
YBL039C	YDR394W
YMR313C	YPL031C
YIR025W	YNL255C
YCL037C	YLR256W
YLR148W	YML001W
YLR442C	YMR223W
YIL004C	YOR327C
YKR048C	YPL031C
YDR331W	YPR028W
YMR029C	YPL031C
YDR207C	YOL004W
YDR386W	YMR226C
YHR193C	YNR052C
YGL180W	YHL009C
YDL043C	YNR011C
YDR207C	YKL185W
YDR432W	YPL190C
YDR096W	YPR154W
YDR128W	YGL100W
YNL031C	YPR052C
YER177W	YPL231W
YDR182W	YLL039C
YDR155C	YGL194C
YBR108W	YGR092W
YOR244W	YOR281C
YHR096C	YML048W
YDR381W	YGR270W
YHR200W	YOR332W
YCR012W	YNL147W
YNL255C	YPL110C
YBL095W	YPL209C
YAR033W	YIL109C
YER094C	YLL039C
YDR331W	YGR174C
YJL098W	YNL255C
YDR452W	YER112W
YBL085W	YPL055C
YER110C	YGL195W
YJR045C	YKL049C
YLR084C	YOR301W
YGL005C	YMR186W
YBL007C	YPL022W
YHR135C	YKL121W
YKR001C	YNR051C
YBR207W	YLL048C
YMR273C	YPL115C
YDL185W	YLL040C
YMR112C	YOL051W
YKL201C	YNL255C
YGL056C	YPL031C
YOL149W	YPR129W
YPL038W	YPR154W
YOR290C	YPR133C
YBR017C	YFR004W
YHR135C	YOR070C
YDL047W	YDR477W
YBR062C	YNL255C
YMR154C	YOR110W
YGL077C	YGL108C
YGR092W	YNL155W
YLL039C	YLR270W
YLL039C	YOR104W
YDL047W	YMR028W
YDL070W	YPL031C
YDL078C	YKR025W
YJL013C	YNL172W
YDL042C	YMR049C
YGL190C	YMR273C
YGR129W	YLR424W
YNL055C	YNL121C
YBR073W	YKR072C
YLL039C	YOR089C
YGL200C	YGR138C
YAL043C	YHR135C
YCR068W	YDR331W
YKL192C	YOR124C
YBR156C	YKR037C
YHR135C	YLL022C
YDL014W	YFR004W
YFL039C	YPR171W
YGL059W	YGR008C
YER177W	YHR027C
YDR175C	YNR036C
YKR055W	YPL161C
YDR148C	YER110C
YGL104C	YPR028W
YLL022C	YPL031C
YBR152W	YDL098C
YLL039C	YOR173W
YIL079C	YOL115W
YBR245C	YNL030W
YGL229C	YNL076W
YGL112C	YPL248C
YBR298C	YMR264W
YER172C	YHR152W
YDL014W	YDR195W
YJL164C	YLL040C
YDR473C	YLR423C
YJR068W	YNL014W
YDR174W	YGL099W
YBL056W	YDL059C
YCR008W	YJL051W
YDR365C	YGL123W
YAL026C	YJL042W
YJR138W	YML071C
YHR154W	YMR190C
YDR328C	YML088W
YGL161C	YPL031C
YIL105C	YPR119W
YGL116W	YPR007C
YBL093C	YMR112C
YDR013W	YHR118C
YGL059W	YGR038W
YPL031C	YPL049C
YHR138C	YMR049C
YJR059W	YMR196W
YHL050C	YNL255C
YBR023C	YLL039C
YGR261C	YLR423C
YFL037W	YNL223W
YMR308C	YPL209C
YDL103C	YPL031C
YGL195W	YJR132W
YDL161W	YOR127W
YDR155C	YJL020C
YBR036C	YGL051W
YHR027C	YJR121W
YDL147W	YGL141W
YER172C	YPL105C
YBR039W	YML058W
YDR227W	YNL030W
YPL162C	YPR079W
YJL140W	YOL005C
YEL034W	YHR200W
YDR246W	YEL048C
YML001W	YOR070C
YEL017W	YPL031C
YKL210W	YLL039C
YDR124W	YDR175C
YJL164C	YKL038W
YBR095C	YPL149W
YAR007C	YDL029W
YHR027C	YOR270C
YER169W	YNL030W
YCR073C	YNR031C
YBR044C	YJR022W
YIR005W	YMR105C
YAL005C	YCL037C
YMR114C	YNL255C
YBR088C	YGL087C
YBL045C	YNR017W
YGR086C	YGR267C
YKR104W	YOL143C
YFL037W	YML124C
YER172C	YGR075C
YNL293W	YOR089C
YDR174W	YNR051C
YHR042W	YLL039C
YNL097C	YOL004W
YER012W	YMR276W
YKL038W	YOR047C
YDR219C	YNL121C
YER116C	YPL082C
YDR477W	YER027C
YBL007C	YDR423C
YGL256W	YNL244C
YMR119W	YNL008C
YDL031W	YER006W
YBL023C	YNL307C
YFR004W	YGR232W
YDL209C	YKL095W
YKR048C	YNL078W
YGL059W	YIL107C
YGL180W	YNL125C
YGL158W	YJR115W
YDR466W	YMR109W
YKL142W	YMR210W
YJL077C	YNL255C
YGR040W	YHR001W
YBR041W	YKL140W
YGL137W	YNL181W
YDR032C	YGR130C
YAR007C	YIL126W
YFL018C	YGR193C
YAL005C	YLL039C
YFR052W	YMR276W
YDR035W	YLR355C
YER125W	YMR182C
YDR120C	YLL039C
YLL039C	YNL132W
YER166W	YGR241C
YFL017C	YMR117C
YJR007W	YMR146C
YAL054C	YDR216W
YLL039C	YMR276W
YDL007W	YER012W
YAL032C	YML103C
YBL060W	YJL047C
YFR004W	YPL031C
YGL051W	YMR011W
YGL197W	YNL307C
YMR087W	YNL135C
YGR077C	YNL214W
YJL164C	YKL116C
YDR381W	YLR022C
YGL059W	YKR048C
YDL025C	YGL180W
YKL049C	YNR066C
YGR086C	YNL107W
YDR443C	YER022W
YNL030W	YOR064C
YNL246W	YOR244W
YBR103W	YGL194C
YLR449W	YNR051C
YMR186W	YNR051C
YJR007W	YOR260W
YBL030C	YHR027C
YKL171W	YPR181C
YFR004W	YPL111W
YLR089C	YLR423C
YJR035W	YPR191W
YDL173W	YNL183C
YDR264C	YOL016C
YIL126W	YNL255C
YDL155W	YER107C
YDL065C	YDR244W
YDR113C	YJL164C
YHR154W	YNL155W
YDL125C	YHL018W
YNL255C	YOR042W
YHR200W	YLR175W
YGL203C	YOR357C
YDR381W	YOR270C
YBR031W	YOL061W
YDR497C	YPL058C
YJL001W	YPR054W
YDL186W	YPL031C
YMR186W	YOL029C
YHR200W	YJL167W
YDR490C	YHR205W
YDR399W	YLL039C
YBR220C	YOL016C
YAR018C	YDR216W
YDL225W	YDR148C
YDR386W	YLL039C
YBR139W	YER062C
YDL014W	YER063W
YMR054W	YOL018C
YGL190C	YGR098C
YFR004W	YFR053C
YGL100W	YNL307C
YHL002W	YOL117W
YNR051C	YOL149W
YBL078C	YGL180W
YDR425W	YGL198W
YDL195W	YDR188W
YLL039C	YMR303C
YBR207W	YJL178C
YFR005C	YLL039C
YJR090C	YOL136C
YLR072W	YNL031C
YGR203W	YIL119C
YJL098W	YOR244W
YML071C	YMR186W
YER017C	YFL018C
YMR106C	YPR003C
YEL048C	YML077W
YCL027W	YPL038W
YDR477W	YLR192C
YFR002W	YKL068W
YBR139W	YLR166C
YGR040W	YNR033W
YBR274W	YPR124W
YER105C	YLR018C
YFR004W	YML028W
YDR331W	YOR307C
YFR004W	YLR192C
YDL241W	YKL157W
YCL039W	YIL017C
YMR255W	YMR273C
YBR173C	YNL255C
YFR004W	YPR036W
YFR050C	YHR200W
YDR477W	YNL186W
YCR012W	YGL158W
YKL079W	YPL203W
YBR094W	YPL031C
YNR011C	YOR159C
YLR433C	YMR246W
YDR473C	YNL147W
YDR381W	YGL237C
YER094C	YJL001W
YDR214W	YHR027C
YHR200W	YPL231W
YLL039C	YPL208W
YDL020C	YDR394W
YJL164C	YLR133W
YGL161C	YOR357C
YER016W	YML124C
YER167W	YOL108C
YGL112C	YMR005W
YAL016W	YJL020C
YIL062C	YMR109W
YKL117W	YNL255C
YOL018C	YOR327C
YDL014W	YKR024C
YER125W	YJR059W
YBL007C	YBR150C
YBR071W	YLL039C
YFR004W	YLR351C
YIL035C	YPL042C
YJL124C	YPL016W
YDR113C	YNL255C
YKL171W	YNL022C
YNL074C	YNL307C
YDR204W	YLR201C
YGL208W	YNR035C
YCL027W	YNL058C
YDL126C	YNL255C
YHR200W	YOL058W
YBL102W	YFL041W
YCR028C-A	YPL058C
YBL007C	YGL237C
YDL118W	YLR295C
YDR496C	YNL230C
YDR283C	YNL183C
YGL014W	YJL164C
YMR173W	YOL109W
YLL039C	YLL048C
YDR092W	YKL210W
YDL200C	YGR184C
YEL009C	YER022W
YMR203W	YNL055C
YLR212C	YPR141C
YBL052C	YBR274W
YJR059W	YNL293W
YDL107W	YNL255C
YBR183W	YML048W
YFR004W	YHR108W
YBL084C	YGL016W
YBR196C	YHR200W
YDL185W	YJR121W
YBR274W	YPL203W
YMR294W	YPL174C
YDL081C	YGR209C
YNL078W	YOL070C
YJR059W	YMR068W
YJR059W	YNL125C
YDR477W	YKL049C
YIL062C	YLR370C
YER077C	YMR106C
YER018C	YPR046W
YIL156W	YJL020C
YBR251W	YNL022C
YGL123W	YNL110C
YDR328C	YLL050C
YGL022W	YGL226C-A
YBR245C	YGR270W
YCL037C	YMR125W
YGL180W	YNL293W
YGL137W	YNL255C
YGL212W	YPR171W
YER112W	YNL147W
YMR171C	YPL031C
YFL034W	YNL255C
YIL156W	YPL031C
YFR004W	YJR137C
YGL112C	YOR257W
YDR192C	YER107C
YBL030C	YNR017W
YHR198C	YLL005C
YER177W	YFR004W
YMR309C	YOR284W
YDL115C	YHR135C
YMR236W	YNL255C
YJR093C	YML028W
YDR122W	YER167W
YKR072C	YNL255C
YCL034W	YHR114W
YBL087C	YJL014W
YBR031W	YMR049C
YBL023C	YGR270W
YDL223C	YJR059W
YGL150C	YPL082C
YGR056W	YJL092W
YDR032C	YFR004W
YGR261C	YOR284W
YBR229C	YLL039C
YDR093W	YNL323W
YKR001C	YLR176C
YHR135C	YOR089C
YDR432W	YNL255C
YHL002W	YNL239W
YHR190W	YLR100W
YEL015W	YOL149W
YJL164C	YKL093W
YLR153C	YML124C
YDR014W	YMR076C
YDL028C	YLR016C
YDL028C	YKL042W
YCR008W	YPR171W
YBR065C	YMR146C
YGL197W	YMR308C
YHR082C	YLR022C
YBL007C	YMR253C
YMR005W	YMR019W
YJL117W	YLL039C
YNL255C	YOR115C
YGR092W	YML064C
YDR130C	YFR024C-A
YNL163C	YNL255C
YBR221C	YKL049C
YKL154W	YMR149W
YGR252W	YNL030W
YBR079C	YOL087C
YBL039C	YPL031C
YGR161C	YLL039C
YGR267C	YKL210W
YHR200W	YMR083W
YJL164C	YKL121W
YLR370C	YMR109W
YGL240W	YIR025W
YCR042C	YGL112C
YMR309C	YOR052C
YLL039C	YMR145C
YBL058W	YLL039C
YER129W	YKL042W
YLR072W	YOR141C
YJL164C	YOR198C
YDL029W	YHR027C
YIL022W	YNL255C
YDL028C	YOR257W
YBL106C	YLR423C
YFR024C-A	YHL004W
YER153C	YJR059W
YGL180W	YML037C
YER177W	YNR051C
YOR244W	YPL106C
YGL008C	YJR005W
YLR148W	YOL018C
YBL007C	YLR088W
YER020W	YGR130C
YBR035C	YFR004W
YKR034W	YPL018W
YHR027C	YJR109C
YER177W	YNR047W
YGL022W	YOR085W
YGL077C	YLR219W
YFR052W	YPL082C
YBR114W	YMR190C
YBR114W	YMR226C
YDR174W	YNL255C
YBR159W	YDR307W
YBR018C	YMR106C
YAL005C	YOR136W
YJL048C	YPR120C
YBR260C	YDL140C
YDL042C	YLR249W
YBR136W	YKL085W
YDR168W	YFR004W
YDR381W	YLR249W
YLR043C	YML028W
YDR519W	YNL255C
YER059W	YLR190W
YER088C	YJL164C
YDR128W	YLR216C
YJR060W	YKL089W
YCR076C	YER094C
YDR169C	YPL203W
YBR207W	YEL013W
YBR031W	YHR027C
YKL103C	YLR385C
YER125W	YOL122C
YJR017C	YNL330C
YBL064C	YNR031C
YHR200W	YOR168W
YDR238C	YNR051C
YBR011C	YNR051C
YBR011C	YIL133C
YJR050W	YNL255C
YGL250W	YOR028C
YHR135C	YLR192C
YDR479C	YLR350W
YER010C	YJR059W
YLR381W	YPR046W
YDL017W	YLL004W
YGL195W	YHR108W
YFL033C	YHR205W
YGR214W	YOR197W
YNL255C	YOR173W
YDR227W	YER105C
YGR041W	YLR084C
YBR108W	YPR154W
YFL009W	YKL185W
YHR026W	YOR270C
YJR059W	YKR021W
YML064C	YMR226C
YGL097W	YPL037C
YIL038C	YPL231W
YBL039C	YLL039C
YHR200W	YPR036W
YBR205W	YFR024C-A
YDR329C	YGL153W
YDL031W	YLR449W
YMR049C	YNL124W
YBR031W	YGL030W
YDL161W	YPL115C
YCR073W-A	YNR034W
YLR018C	YPL031C
YBL007C	YDL139C
YDR446W	YJL036W
YDR168W	YFL029C
YBR298C	YGL051W
YER172C	YLR310C
YBR202W	YLL039C
YDR394W	YFR052W
YHR190W	YML008C
YAL021C	YNL216W
YGL051W	YKR039W
YGR214W	YKL010C
YDR390C	YGR048W
YIL039W	YIR038C
YER022W	YLR071C
YER006W	YLL039C
YGL059W	YMR086W
YBR217W	YFR004W
YHR193C	YNL255C
YFR004W	YOR374W
YBR088C	YLL002W
YDR028C	YNL009W
YKL042W	YNL078W
YLR005W	YOL051W
YBR159W	YDR468C
YDR381W	YNL255C
YBL075C	YKR072C
YFL037W	YPR141C
YJL124C	YOL149W
YFR029W	YHR135C
YDL007W	YGL048C
YBR264C	YLL039C
YMR223W	YOL148C
YBR088C	YCR066W
YIL109C	YLR245C
YJL066C	YMR203W
YFR015C	YPL219W
YGL161C	YGL212W
YIL042C	YJL098W
YGR111W	YHR135C
YBL030C	YNL055C
YNR051C	YPL012W
YDL020C	YDR363W-A
YDL192W	YFR004W
YHR135C	YNL304W
YDL113C	YHR082C
YML064C	YMR106C
YDL173W	YHR082C
YFL048C	YGR040W
YDR328C	YOR244W
YGR267C	YJR059W
YDR207C	YDR381W
YJR059W	YNL074C
YHR027C	YNL055C
YGL195W	YLL039C
YGR008C	YJL164C
YKR046C	YLL039C
YJR094W-A	YNR051C
YGL180W	YPL100W
YBL041W	YFR050C
YBR112C	YDL005C
YBR217W	YMR056C
YJR104C	YKL095W
YNL058C	YNL307C
YBR273C	YDL126C
YIL093C	YNL255C
YLR131C	YNL161W
YDR020C	YPR141C
YOR259C	YPL248C
YGL156W	YLL039C
YBL035C	YPR019W
YGR132C	YGR231C
YNL307C	YPR013C
YBR122C	YNL284C
YDR168W	YER161C
YBL045C	YPR191W
YLR131C	YNL307C
YAL016W	YBR079C
YBR126C	YGR092W
YDL200C	YHR033W
YLR005W	YNL135C
YDR363W-A	YNL087W
YLR192C	YOR244W
YGR098C	YGR163W
YLR399C	YOL012C
YGR250C	YLR216C
YPR054W	YPR191W
YGL059W	YJL164C
YDL100C	YHR200W
YBR041W	YJL052W
YDR365C	YKL015W
YDR051C	YNL255C
YDR246W	YMR218C
YBR011C	YJL098W
YEL002C	YMR149W
YLL039C	YNL321W
YKL049C	YOR362C
YFL037W	YJL014W
YDR381W	YMR308C
YML088W	YOL133W
YDL155W	YGL175C
YER172C	YJR050W
YLR175W	YPL157W
YCR079W	YIL125W
YJL014W	YJR090C
YHR135C	YPL190C
YDR513W	YLL039C
YBL030C	YBR017C
YCR079W	YLL022C
YKR042W	YNL255C
YGR098C	YMR273C
YGL172W	YNL147W
YKL062W	YNL136W
YDL185W	YLR442C
YGL190C	YNL222W
YDL188C	YML126C
YBR036C	YLR018C
YNL056W	YNL255C
YNL132W	YPL012W
YDR227W	YGR010W
YLL039C	YMR197C
YKR029C	YMR273C
YOL025W	YOL133W
YEL034W	YHR027C
YKL068W	YPR119W
YKL037W	YML058W
YLR153C	YLR259C
YFR024C-A	YGR241C
YHL004W	YLR423C
YBL017C	YOL018C
YER106W	YER177W
YDR169C	YLR249W
YDL100C	YOL111C
YGR233C	YLL050C
YIL156W	YLR014C
YDL146W	YKL070W
YGR184C	YOL038W
YKL142W	YOL016C
YDR092W	YNL116W
YDR443C	YMR112C
YIL062C	YNL255C
YGL104C	YIR038C
YDL045W-A	YDR175C
YCR009C	YMR232W
YNL255C	YNR027W
YFL014W	YHR152W
YLL039C	YOL018C
YMR146C	YOL061W
YBR159W	YHR082C
YNL030W	YOL012C
YIR038C	YJR073C
YKL049C	YLR044C
YBR159W	YLR292C
YKL021C	YKR024C
YDL147W	YHR027C
YCR028C-A	YGL077C
YER059W	YPL046C
YDL214C	YIL107C
YCR009C	YGL060W
YCR042C	YML114C
YGL066W	YMR223W
YLR265C	YOR244W
YHR135C	YNL073W
YGR184C	YLL039C
YER112W	YLL032C
YKL061W	YNL255C
YDL097C	YOL117W
YDR201W	YKR083C
YHR082C	YNL186W
YER141W	YJL092W
YJL001W	YOR362C
YBR159W	YLL043W
YDL147W	YDR069C
YHR027C	YLR447C
YBR275C	YLR382C
YAR007C	YNL124W
YBL084C	YLR102C
YDR227W	YIL075C
YCL010C	YOL148C
YEL044W	YNL255C
YDL043C	YDR409W
YER125W	YKL150W
YBL007C	YML075C
YHR082C	YMR281W
YNL055C	YNR017W
YLR449W	YNL031C
YER079W	YHR135C
YHR135C	YMR297W
YCL010C	YLR055C
YHR200W	YKR001C
YDL043C	YDL185W
YNL255C	YOL129W
YHL009C	YPL031C
YDR477W	YNL183C
YBL017C	YJR066W
YNL172W	YOR163W
YAL054C	YAR035W
YER006W	YNL110C
YBR108W	YHL002W
YCR028C-A	YIL109C
YLR003C	YPL209C
YCL038C	YLL039C
YHR042W	YLR166C
YGL031C	YLL039C
YDL192W	YFL038C
YFL008W	YGR130C
YLR016C	YPL031C
YDR120C	YER125W
YBL052C	YOR064C
YBR059C	YMR222C
YGL059W	YMR196W
YHR200W	YKL060C
YDR201W	YNL084C
YGR209C	YHR200W
YDR188W	YGL116W
YCR057C	YNL030W
YGR077C	YJL210W
YAL043C	YDR228C
YLR377C	YML050W
YDR353W	YNL244C
YAR007C	YJR144W
YCR076C	YGL137W
YBL084C	YNL172W
YBR114W	YGR193C
YBL017C	YLL039C
YBR103W	YHL004W
YHR027C	YKL182W
YGL237C	YMR308C
YKL049C	YNR065C
YLR423C	YOR353C
YHR135C	YLR134W
YJL112W	YKL068W
YMR005W	YPL116W
YCR042C	YOL051W
YCR073W-A	YNL255C
YCL039W	YPL018W
YJL167W	YJR059W
YFL007W	YGL048C
YDR188W	YGL083W
YDL165W	YNR051C
YGR122W	YLR025W
YER057C	YFR004W
YJR022W	YKR104W
YNL279W	YOL108C
YDR356W	YFL037W
YLR176C	YNL030W
YDL025C	YMR216C
YBR196C	YHR027C
YER043C	YMR049C
Q0085	YPL078C
YER120W	YHR200W
YNL161W	YOR353C
YBR083W	YFL009W
YDR174W	YIL036W
YER043C	YKL161C
YDR463W	YJL156C
YJR059W	YKL061W
YNL255C	YOL038W
YGL150C	YNL031C
YMR019W	YPL082C
YGL180W	YMR173W
YCL039W	YIL097W
YDR432W	YIL079C
YPL031C	YPR106W
YDR477W	YIL044C
YDL130W	YNL255C
YLL039C	YLR059C
YLL039C	YNL045W
YGL237C	YLR114C
YHR135C	YJR001W
YHR027C	YML057W
YJR059W	YKL116C
YER014W	YJL092W
YER012W	YER094C
YDR128W	YOR093C
YDR411C	YGR048W
YDR118W	YLR401C
YBL102W	YJL178C
YDL223C	YGL059W
YDL047W	YOR259C
YLL039C	YPL134C
YIL152W	YLR423C
YAL005C	YMR186W
YHR082C	YMR184W
YNL250W	YOL069W
YBL041W	YDL020C
YDR248C	YDR304C
YML025C	YMR193W
YJL164C	YLR275W
YDR181C	YOR213C
YBL093C	YDR443C
YAR007C	YGR270W
YJL001W	YOL038W
YFR004W	YNL183C
YGR130C	YPL031C
YDL214C	YHL018W
YJL098W	YMR005W
YIL106W	YPR111W
YAL002W	YOR089C
YGL066W	YLR055C
YCL036W	YNL255C
YDR211W	YJR090C
YDL130W	YNR051C
YIL108W	YLL039C
YCR024C	YPL031C
YDL160C	YNL147W
YHR027C	YML070W
YHR135C	YJR019C
YML077W	YMR218C
YDR316W	YFL053W
YDL226C	YJL036W
YHR135C	YIR003W
YNL147W	YPR082C
YAL005C	YOR132W
YJR060W	YOL108C
YDR006C	YHR200W
YGL137W	YGR086C
YIL106W	YKL101W
YHL035C	YLR115W
YMR005W	YOR140W
YBL102W	YHR027C
YAR018C	YDL214C
YKL033W-A	YNL255C
YGL180W	YJR044C
YDL155W	YDR216W
YHR104W	YLL039C
YBR122C	YML025C
YLL039C	YNL224C
YGR184C	YNL307C
YBR272C	YDR394W
YDL140C	YGL194C
YDL195W	YHR200W
YGL158W	YOR362C
YLL022C	YNL031C
YDL100C	YHL004W
YER006W	YNL002C
YOR047C	YOR302W
YHR033W	YML064C
YLR009W	YMR049C
YDL029W	YDL225W
YDL188C	YDR523C
YDR171W	YGL106W
YEL009C	YOR290C
YEL009C	YOR298C-A
YAL005C	YMR261C
YDR430C	YGR193C
YDR155C	YOL068C
YDL059C	YDR394W
YBL030C	YLL041C
YOR112W	YOR270C
YDR365C	YLR175W
YLR275W	YNL147W
YBR202W	YMR048W
YDR118W	YLR102C
YAL032C	YMR125W
YNR051C	YPL106C
YIL075C	YOR259C
YGL190C	YLR249W
YDL043C	YMR117C
YHR008C	YOL016C
YER110C	YPL075W
YER065C	YJR066W
YNL073W	YPL106C
YDR462W	YNL255C
YLR045C	YMR190C
YGL180W	YOR141C
YNL180C	YNL183C
YDR460W	YPL122C
YMR048W	YMR308C
YDL033C	YHR082C
YBL051C	YKR096W
YML056C	YNR051C
YKR018C	YPL031C
YDR129C	YFR004W
YDL028C	YGL106W
YBL007C	YJL004C
YGR267C	YOL087C
YGL087C	YMR140W
YLL039C	YMR081C
YDL192W	YDR477W
YER110C	YFR002W
YBL007C	YCL034W
YGL016W	YOR185C
YGL113W	YJL090C
YGL153W	YKL197C
YHL020C	YIL035C
YHR135C	YML037C
YFL026W	YHR005C
YNL085W	YNL250W
YGL158W	YJR119C
YHR114W	YNL084C
YDR129C	YFL039C
YBR159W	YCR011C
YBL030C	YDR328C
YDR523C	YMR196W
YGL175C	YLR442C
YKL101W	YPL203W
YJL178C	YOL129W
YBR136W	YHR114W
YLR442C	YNL031C
YIL038C	YPL203W
YGL031C	YNR051C
YGL112C	YNL236W
YBL102W	YDL192W
YLR240W	YLR360W
YBR217W	YHR027C
YDL188C	YLL039C
YDR225W	YNL246W
YDR225W	YOL012C
YAR007C	YOL012C
YBR031W	YNR024W
YFR053C	YPR042C
TL(UAA)J	YPL007C
YBR293W	YGR174C
YKL042W	YPR120C
YJL008C	YKL049C
YER059W	YLL039C
YDL043C	YMR288W
YNL230C	YPL012W
YER043C	YNL157W
YCR084C	YJL156C
YCL010C	YER164W
YCR097W	YNL255C
YDR188W	YML124C
YDL056W	YMR197C
YDR247W	YMR216C
YDR405W	YNL284C
YCL008C	YDR069C
YDR477W	YIL156W
YAL013W	YER018C
YDL039C	YDL214C
YBL085W	YOL070C
YLR377C	YML064C
YMR309C	YPR041W
YKL022C	YNL172W
YFR004W	YKR046C
YKL074C	YMR216C
YAL026C	YDR238C
YBR039W	YNL255C
YKL067W	YMR203W
YBR023C	YFR051C
YBL023C	YNL262W
YDL140C	YJR017C
YML009C	YMR193W
YDL078C	YDR304C
YDR466W	YKL181W
YMR182C	YNL255C
YHR135C	YOR083W
YDL192W	YGL203C
YLL039C	YLR149C
YIL035C	YOL016C
YDR188W	YPL106C
YGL104C	YMR264W
YDL058W	YFL038C
YHR027C	YJR009C
YHR200W	YPR181C
YHR152W	YLR288C
YCR030C	YDR032C
YER012W	YLR290C
YMR125W	YNL330C
YDL188C	YGL190C
YHR027C	YOL058W
YGL059W	YKL079W
YKL040C	YNL255C
YDR129C	YPL022W
YGR163W	YKR007W
YDR363W-A	YFR004W
YBL036C	YNL255C
YGL030W	YML126C
YDR394W	YLR216C
YDL097C	YDR394W
YBR088C	YLR032W
YKL181W	YNL183C
YBR024W	YLL039C
YHR082C	YNR006W
YBR245C	YLR033W
YIR005W	YML049C
YOR156C	YPL174C
YEL002C	YPL234C
YER059W	YGR109C
YDL147W	YPL242C
YHR200W	YML070W
YCL028W	YDR128W
YFR024C-A	YPR097W
YMR117C	YNL250W
YER043C	YHR135C
YCL008C	YLL039C
YBR136W	YNL265C
YFL045C	YMR049C
YDL209C	YNR011C
YBL007C	YPL157W
YHR157W	YLR329W
Q0085	YLR295C
YDL091C	YLL039C
YGL130W	YOR375C
YJL164C	YKL042W
YLR212C	YNL153C
YMR297W	YPL031C
YLR022C	YLR424W
YDL059C	YGR252W
YGR184C	YKL049C
YDL065C	YPL203W
YKL101W	YNL132W
YDL192W	YMR149W
YJL066C	YKL049C
YGR006W	YPR046W
YGL153W	YOL105C
YDL014W	YER164W
YJL098W	YPR054W
YKR092C	YOL012C
YKR094C	YPL031C
YAL005C	YDL140C
YDL188C	YER094C
YGL190C	YJL014W
YBL047C	YLL039C
YDL165W	YER018C
YDL007W	YDR363W-A
YCL014W	YCR002C
YAL038W	YDL066W
YGL137W	YPR124W
YJR094W-A	YPL031C
YDR028C	YER177W
YDR383C	YPL018W
YAL011W	YBL007C
YLR133W	YMR139W
YGL158W	YOL148C
YDR496C	YKL021C
YCR035C	YOL115W
YDL140C	YFR004W
YGR267C	YMR106C
YDR063W	YDR124W
YGR268C	YLL039C
YER125W	YGL161C
YIR005W	YNR011C
YFL017C	YOR362C
YDL098C	YMR268C
YHR183W	YPL031C
YGR089W	YNL153C
YDR439W	YJL164C
YAL005C	YMR109W
YAL032C	YMR288W
YDR409W	YGR126W
YDL075W	YDL195W
YLR025W	YNL255C
YDR529C	YHR114W
YMR203W	YNL121C
YNL121C	YNR017W
YBL035C	YKL210W
YMR190C	YPL141C
YLL039C	YPR036W
YMR149W	YOR085W
YJR022W	YNL329C
YJL084C	YMR139W
YLR192C	YMR146C
YGL222C	YOL149W
YCL008C	YFR024C-A
YBL056W	YFR004W
YKL085W	YKL157W
YKL116C	YPL031C
YER177W	YPR008W
YBR267W	YNL255C
YAL005C	YBL075C
YNR049C	YPL232W
YBR123C	YOR110W
YJL092W	YOR156C
YPL242C	YPR171W
YER098W	YHR082C
YDL091C	YJL092W
YHL004W	YIL093C
YAL038W	YLR166C
YFR004W	YMR186W
YBR122C	YNL252C
YDL045W-A	YJR059W
YDR473C	YER172C
YFR002W	YGL100W
YBR126C	YNL244C
YGR040W	YIL038C
YEL009C	YPR025C
YDL155W	YDR146C
YFL046W	YMR131C
YMR131C	YPL042C
YGR270W	YLR455W
YIL017C	YLL039C
YDL047W	YGR282C
YNL102W	YNL262W
YJL124C	YNL147W
YCR033W	YGL194C
YDR202C	YOR332W
YBL084C	YJL110C
YLL039C	YOR091W
YDL147W	YPR003C
YJR001W	YNR075W
YER012W	YFR050C
YDR113C	YKL022C
YAL005C	YOR140W
YMR236W	YOR128C
YLL039C	YOR164C
YGR154C	YHR135C
YDL047W	YDL140C
YBL052C	YGR270W
YEL013W	YMR197C
YDR394W	YJR109C
YHR027C	YKL010C
YGL104C	YIL035C
YGR116W	YIL035C
YGL106W	YPL242C
YDL014W	YDR496C
YEL017W	YNL293W
YBR079C	YJL014W
YDL147W	YNL255C
YJR062C	YPL141C
YFR004W	YMR096W
YBL087C	YDL171C
YDL147W	YPR159W
YJR104C	YNL020C
YCR073C	YHR027C
YDL097C	YGR232W
YIL038C	YKL049C
YIL035C	YNL330C
YEL013W	YLL039C
YDL031W	YPL106C
YNL314W	YPL031C
YHR198C	YMR096W
YMR017W	YOR327C
YCL052C	YHR026W
YBR039W	YDR523C
YCR035C	YFR004W
YIL035C	YJR130C
YBR243C	YML075C
YBL030C	YNR051C
YNL196C	YPL031C
YJR112W	YKL089W
YCL008C	YHL002W
YLR376C	YNL255C
YOL016C	YPR036W
YJL084C	YNL307C
YDR155C	YKL103C
YLL039C	YOR131C
YGL059W	YHR105W
YDL210W	YHR082C
YLR249W	YOR086C
YBR159W	YDR174W
YFR052W	YGL095C
YDR490C	YMR109W
YAL005C	YBR017C
YDR379W	YLR206W
YHR135C	YMR184W
YLL039C	YLR354C
YLL019C	YPL209C
YKL157W	YLR304C
YFL037W	YHR027C
YHR154W	YPR052C
YDL014W	YER162C
YDL173W	YLR382C
YFR004W	YPR149W
YBR245C	YKR001C
YOR362C	YPL031C
YDL117W	YDR211W
YBR272C	YOR259C
YDL017W	YKL039W
YJL105W	YPL031C
YGL158W	YOR089C
YDL195W	YPR181C
YLR003C	YNL255C
YDR392W	YER164W
YER179W	YHR079C-A
YCR004C	YHR027C
YJL020C	YOR156C
YDL192W	YGL137W
YDR331W	YLR088W
YGL031C	YNL124W
YDL014W	YJL069C
YDL017W	YEL023C
YBL106C	YGR092W
YIL035C	YMR036C
YDR227W	YFL007W
YBR223C	YGL082W
YHR082C	YNL293W
YFR024C-A	YPL249C
YDL002C	YFL033C
YOR141C	YPL031C
YFR051C	YPL057C
YHR200W	YML028W
YBR035C	YFL033C
YGL059W	YGL205W
YBR031W	YBR205W
YCL001W	YLL039C
YDL140C	YGL130W
YBR017C	YDR216W
YNL144C	YNL255C
YHR114W	YPR052C
YLR450W	YMR022W
YLR132C	YNL307C
YDR147W	YGL158W
YEL009C	YPR086W
YBL058W	YFR004W
YGR142W	YMR144W
YBR272C	YGR232W
YDL192W	YMR237W
YDR480W	YHR082C
YBR278W	YDR381W
YMR056C	YNR056C
YJL092W	YMR029C
YDL020C	YGL048C
YAR007C	YFL013C
YDL101C	YDR032C
YMR192W	YNR065C
YBR159W	YLL050C
YDR479C	YIL030C
YPL031C	YPR160W
YDL027C	YFR024C-A
YBR264C	YER136W
YDR174W	YNL031C
YAR028W	YGL104C
YDL005C	YGR104C
YBR212W	YHR082C
YFR004W	YLL050C
YER166W	YGL203C
YGL158W	YOR335C
YLR175W	YNL255C
YIL075C	YOL038W
YNL255C	YOL096C
YGR108W	YPR119W
YDR188W	YHR082C
YDL047W	YLR097C
YCL028W	YDR499W
YML028W	YNL249C
YDL017W	YGR099W
YGL158W	YJR096W
YAL005C	YFR004W
YDR032C	YGL077C
YCR091W	YDL039C
YFR004W	YGR123C
YDL029W	YMR105C
YGL048C	YOR259C
YFL033C	YIL126W
YBR036C	YKL154W
YAL016W	YMR273C
YKL137W	YNL255C
YBR031W	YCL059C
YGR086C	YKL049C
YDR214W	YKL211C
YBR017C	YGL172W
YNL112W	YNL186W
YER179W	YNL055C
YBR205W	YIR038C
YGL060W	YLR381W
YGL022W	YOR103C
YDL120W	YKL148C
YLR148W	YML058W
YDR050C	YMR186W
YER041W	YPR120C
YDR309C	YMR273C
YAL026C	YER166W
YHR027C	YPL140C
YLR182W	YOR083W
YDL139C	YGL153W
YER172C	YMR017W
YGR056W	YLR033W
YGL116W	YGR225W
YAR028W	YJL097W
YBR053C	YFR004W
YGL137W	YLR153C
YNL246W	YPL209C
YNL272C	YNL307C
YAL026C	YGL008C
YDR264C	YGL203C
YBL093C	YER022W
YFR024C-A	YOR042W
YKR048C	YOR032C
YDR124W	YIL093C
YKL160W	YLR219W
YLR060W	YNR051C
YGR040W	YKL104C
YGL048C	YNL255C
YDR411C	YIL030C
YKL193C	YPL174C
YGR104C	YOL051W
YGL203C	YPR075C
YGL077C	YHR094C
YKL150W	YPR154W
YBR031W	YPR129W
YKL039W	YLR044C
YGL021W	YKL049C
YFL039C	YMR092C
YBR275C	YDL230W
YLL039C	YNL208W
YDR174W	YOL004W
YGR268C	YLR206W
YKR048C	YOL012C
YBL007C	YOR388C
YAL011W	YOR269W
YHR082C	YOR162C
YHR047C	YLR148W
YDL185W	YKL049C
YAL032C	YKL095W
YHR135C	YNL125C
YER136W	YFL038C
YBR023C	YHR123W
YLR275W	YPL178W
YBR097W	YHR005C
YBL031W	YER016W
YLL039C	YMR237W
YLL040C	YOR257W
YGL195W	YLL050C
YCL008C	YNR006W
YBR079C	YHR027C
YJR088C	YNL255C
YDR285W	YLR394W
YDR096W	YMR048W
YHR082C	YJL092W
YDL165W	YDR443C
YFL039C	YHR200W
YER012W	YOL038W
YMR237W	YNL045W
YDR479C	YGL065C
YDL147W	YOR362C
YGL180W	YKL160W
YBR130C	YGL106W
YDL200C	YDR214W
YLL039C	YLR134W
YDR238C	YFR004W
YCL009C	YFR004W
YIL075C	YJL001W
YDR196C	YNL255C
YDL070W	YDR381W
YDR439W	YML034W
YGR016W	YGR040W
YBL075C	YGL130W
YER042W	YGR209C
YDL002C	YGL150C
YBL030C	YMR083W
YFR001W	YNL110C
YCL059C	YPL012W
YGL106W	YLR356W
YLR310C	YNL116W
YLR350W	YMR296C
YDR386W	YPR181C
YDL133W	YNL255C
YBR141C	YNL255C
YBR011C	YJR062C
YDR189W	YDR498C
YHR082C	YOR307C
YIL096C	YKL171W
YKL122C	YKL129C
YDR432W	YEL050C
YDL101C	YJL092W
YJR109C	YOR303W
YDL065C	YKR001C
YFL048C	YKL154W
YCR033W	YIL068C
YNL104C	YPL031C
YGL090W	YLR265C
YAL005C	YIL075C
YDL126C	YLR207W
YDL140C	YIL126W
YNR047W	YOR353C
YNL255C	YPL134C
YCR030C	YJL098W
YER103W	YNL124W
YBR079C	YLR199C
YDL007W	YHR200W
YLR423C	YLR424W
YFR004W	YLR304C
YDR028C	YKL193C
YCL045C	YKL207W
YER043C	YHR027C
YER177W	YOR176W
YDR068W	YLL001W
YGL121C	YMR048W
YEL012W	YPL141C
YAL032C	YDL209C
YIL105C	YPL058C
YFL039C	YLR166C
YJL110C	YNL307C
YJL070C	YJR059W
YDR247W	YLR003C
YDR394W	YMR191W
YGL056C	YKL051W
YAL062W	YCR009C
YNR049C	YOR327C
YER110C	YNL030W
YDL025C	YHR009C
YHR200W	YIL075C
YLR250W	YNL255C
YDL126C	YKL020C
YDL101C	YEL017W
YMR146C	YOL087C
YGR126W	YNL307C
YCL014W	YER177W
YEL024W	YER107C
YDR425W	YJL164C
YCL014W	YGL180W
YNL107W	YOR244W
YCR004C	YDR032C
YDR494W	YNR036C
YBR272C	YNL030W
YBL085W	YBR102C
YGR270W	YKR001C
YAL017W	YCL043C
YMR154C	YOL016C
YFR051C	YPL010W
YCL056C	YDL157C
YCR012W	YJL124C
YBR159W	YKR039W
YKL023W	YKR092C
YFL030W	YPL031C
YDR363W-A	YIL075C
YEL015W	YLR082C
YHR027C	YKL210W
YHL024W	YHR082C
YEL009C	YPL031C
YDR365C	YKL104C
YKL062W	YOR244W
YDL078C	YPL209C
YPL031C	YPL106C
YER012W	YFL007W
YER136W	YNL135C
YGL051W	YIL120W
YDR074W	YER019C-A
YLR350W	YMR149W
YMR139W	YOL081W
YLL039C	YMR087W
YJL164C	YKL181W
YNL224C	YNL255C
YAL017W	YDL100C
YDL155W	YPL124W
YKL049C	YKL052C
YAL038W	YFL045C
YJL164C	YPL181W
YGL212W	YLR396C
YBL085W	YDR329C
YER101C	YPL031C
YDR320C	YHR027C
YLL039C	YMR105C
YDR477W	YKL023W
YJR059W	YOR230W
YDR480W	YLR310C
YBR177C	YLR144C
YAL013W	YNL330C
YDL140C	YPR086W
YBL004W	YPL012W
YDR188W	YLR045C
YNL255C	YPR132W
YBR159W	YMR149W
YAL005C	YOL149W
YCR053W	YJR007W
YKL074C	YMR125W
YHL019C	YJL164C
YER136W	YML001W
YBL052C	YLR455W
YCL056C	YOR037W
YIL152W	YJL112W
YDL140C	YPL046C
YDR485C	YOL012C
YAL016W	YFR024C-A
YDL101C	YMR105C
YJL112W	YLL039C
YBR079C	YJL140W
YLR195C	YOR244W
YGR108W	YMR259C
YEL015W	YER105C
YLR102C	YMR092C
YDR211W	YNL265C
YCL008C	YLR417W
YNL135C	YPR119W
YBR031W	YLR175W
YLR100W	YMR015C
YDL126C	YGR104C
YBR128C	YLR360W
YGL100W	YGL137W
YGL077C	YGL203C
YGL059W	YLL029W
YDR356W	YOL069W
YGR086C	YPL022W
YER027C	YER129W
YBL041W	YCR073C
YER179W	YLR044C
YLL039C	YOR112W
YDL185W	YGR092W
YER018C	YGL060W
YDR069C	YLR025W
YDR331W	YJL196C
YCR057C	YEL050C
YHR027C	YKR039W
YIL115C	YLR249W
YHL020C	YLL039C
YDR477W	YPR156C
YKL185W	YNL330C
YLR377C	YOR141C
YDR214W	YDR523C
YHR135C	YML103C
YBR159W	YGL008C
YJR156C	YLR423C
YML058W	YPL115C
YBR177C	YLL039C
YJL025W	YLR423C
YLL039C	YLR097C
YCR091W	YML037C
YHR027C	YJR017C
YDR381W	YER035W
YKL010C	YLL039C
YLL039C	YLR413W
YFR036W	YKL022C
YML081C-A	YPR020W
YCR042C	YJR093C
YDL126C	YLL039C
YMR131C	YNL255C
YGL063W	YLL050C
YCL008C	YGL045W
YHR027C	YLL039C
YGL137W	YLR216C
YFL013C	YOR141C
YGR040W	YNL272C
YJR119C	YNL031C
YML064C	YOR284W
YAL005C	YOR086C
YBR023C	YLR330W
YBL087C	YKL104C
YNL255C	YOR357C
YML114C	YMR005W
YJR060W	YPR052C
YFR003C	YNL255C
YBR212W	YDL167C
YDR085C	YDR381W
YJR066W	YKL171W
YFR049W	YIL125W
YHL002W	YPL038W
YER043C	YNR051C
YHR037W	YLL039C
YGR241C	YIR006C
YGL104C	YGL212W
YNL031C	YPL209C
YFR004W	YJR070C
YFR036W	YGL116W
YDR381W	YOL004W
YDL031W	YMR049C
YHR137W	YLL039C
YFL039C	YPL242C
YJL047C	YNL261W
YHR026W	YPL234C
YDL147W	YIL125W
YMR048W	YOL154W
YGL014W	YNR052C
YHR135C	YKL079W
YDL047W	YFR040W
YDL028C	YJR019C
YFR004W	YKR018C
YDL137W	YFR004W
YHR135C	YHR183W
YHR094C	YPL265W
YGR252W	YIL133C
YHR082C	YNL181W
YDR175C	YJR096W
YOL038W	YOR157C
YDR246W	YML077W
YER054C	YKL085W
YDR120C	YGL111W
YGL195W	YPL082C
YKR080W	YLL039C
YDL002C	YNL215W
YER110C	YNL122C
YDR381W	YHR193C
YGL153W	YGR077C
YJR009C	YNL262W
YCR012W	YLL039C
YJL167W	YLR256W
YLR033W	YLR182W
YDR381W	YOR213C
YEL002C	YMR264W
YFL045C	YHR200W
YER006W	YNL255C
YBR205W	YHR105W
YBR038W	YNL307C
YER098W	YOL087C
YDR422C	YDR477W
YDL047W	YDR468C
YAR035W	YLL039C
YBR059C	YFR004W
YGL137W	YOR362C
YDL155W	YIL115C
YNL110C	YNL255C
YDL185W	YLR447C
YAR007C	YKL049C
YOR141C	YPL082C
YHR171W	YMR183C
YNR034W	YNR051C
YCR009C	YGL137W
YGL059W	YJR001W
YBR088C	YJR043C
YAL005C	YDL139C
YGR040W	YLL022C
YDL160C	YNL157W
YBR202W	YPR019W
YKL140W	YLR144C
YDR379W	YPL031C
YER032W	YHR152W
YDR039C	YJR066W
YER034W	YGL180W
YDL140C	YHR135C
YBR102C	YPR055W
YGL077C	YGR138C
YHR027C	YLR044C
YCL037C	YDL140C
YGR040W	YMR041C
YLL039C	YPR109W
YDR216W	YLR055C
YHR140W	YPR028W
YDR244W	YGR077C
YIL033C	YPL031C
YER164W	YOL148C
YGL190C	YKL042W
YCR088W	YPL115C
YPL082C	YPR086W
YJL164C	YNL136W
YDL014W	YDR130C
YBR299W	YPL031C
YDR035W	YOR230W
YGL180W	YPL146C
YHR200W	YLR134W
YER125W	YOR124C
YAL028W	YJL092W
YDL223C	YHR135C
YDL209C	YLR323C
YAL005C	YOR164C
YBR112C	YLL039C
YKR001C	YPL082C
YDR468C	YLL039C
YDL240W	YNL090W
YKL049C	YKL104C
YBR185C	YCL032W
YJL036W	YLR424W
YKL116C	YMR184W
YLR033W	YPL082C
YDL155W	YLR131C
YIL105C	YML057W
YCR002C	YCR009C
YML001W	YPL031C
YGR048W	YKL042W
YML028W	YNL255C
YFR004W	YGL030W
YMR236W	YOL148C
YBR059C	YER144C
YIR006C	YNL020C
YBL085W	YDL155W
YNL055C	YNR051C
YDR113C	YDR118W
YHR082C	YPR131C
YBR018C	YER123W
YER062C	YGL090W
YOL016C	YPR013C
YDR381W	YNL112W
YLR447C	YOL018C
YDL237W	YLL039C
YDR113C	YIR025W
YAL067C	YHR042W
YBR031W	YLL039C
YNL161W	YNL255C
YAL032C	YGR270W
YER101C	YER125W
YHR200W	YKL210W
YLL039C	YPL265W
YGL048C	YNL244C
YDL171C	YHR200W
YGR092W	YOL012C
Q0085	YBL099W
YGR214W	YNL297C
YAR028W	YLL039C
YJR112W	YPR141C
YAL043C	YCR042C
YDR497C	YLL039C
YKL142W	YNL210W
YKR048C	YOR230W
YJL004C	YPR181C
YJL124C	YLR275W
YAL028W	YOR324C
YER012W	YGL096W
YFL039C	YGR080W
YDL159W	YLR313C
YLR377C	YMR186W
YGR231C	YKL171W
YCL028W	YNR051C
YDR247W	YIL156W
YIL108W	YMR149W
YOR244W	YPL190C
YDL014W	YOL102C
YJR059W	YKL127W
YDL029W	YJL153C
YBR017C	YKR046C
YCR084C	YKL181W
YBR068C	YPL010W
YKL103C	YML064C
YBL067C	YNL255C
YFR002W	YML103C
YBR136W	YOR260W
YGR130C	YHR135C
YEL034W	YJR070C
YBR230C	YNL121C
YBL085W	YDR480W
YDR216W	YKL117W
YHR135C	YMR081C
YDR214W	YLL039C
YDL028C	YOL069W
YER162C	YGL150C
YDL140C	YJL164C
YGL008C	YHR200W
YPL031C	YPR139C
YDL097C	YEL009C
YDR113C	YDR477W
YGL137W	YLR260W
YAL016W	YDL188C
YGR040W	YJL089W
YGL006W	YLL048C
YNL138W	YOR087W
YDR381W	YJL125C
YEL034W	YHR135C
YIR006C	YNL084C
YIL075C	YLL039C
YBL023C	YNL102W
YLR216C	YNR032W
YDR171W	YLR304C
YHR193C	YMR049C
YBR159W	YFL048C
YNL048W	YPL078C
YCR053W	YML126C
YBL045C	YML129C
YDL226C	YLL039C
YDL100C	YJL153C
YNL255C	YPL266W
YLR433C	YNL255C
YNL085W	YNL186W
YER016W	YGR048W
YNL112W	YNR051C
YDR195W	YJR093C
YLR304C	YOR005C
YDR129C	YJR066W
YLR153C	YPL106C
YJL125C	YJR066W
YLR310C	YMR139W
YBR097W	YFL053W
YGL059W	YML048W
YCL037C	YLR369W
YJL164C	YLR265C
YFR024C-A	YGL060W
YGL123W	YHR027C
YHL024W	YJL164C
YLR454W	YML058W
YDL188C	YPL106C
YBL039C	YGL048C
YMR131C	YNL002C
YER054C	YPR160W
YGL158W	YMR284W
YAL027W	YPL146C
YLL039C	YOR327C
YER125W	YOR018W
YMR049C	YOL012C
YBL030C	YMR056C
YBR095C	YMR159C
YLL039C	YMR008C
YDL192W	YHR108W
YBR112C	YKL038W
YCL028W	YNL236W
YAL064W-B	YNL255C
YDR174W	YKR001C
YDR381W	YPR045C
YDR477W	YML048W
YDR356W	YOR257W
YAL002W	YLR396C
YHR152W	YNL302C
YDR506C	YPR201W
YMR094W	YOR359W
YDR477W	YGR092W
YPL106C	YPL231W
YJL164C	YMR319C
YKR028W	YLL039C
YFL017W-A	YLR275W
YDR283C	YLR409C
YHR135C	YLR323C
YDL192W	YFL048C
YHR135C	YPR129W
YGR161C	YJR059W
YER125W	YOR241W
YAL005C	YNL078W
YGL056C	YLR413W
YFR004W	YMR099C
YER125W	YHR193C
YBL075C	YLL039C
YDR047W	YER125W
YIL035C	YMR154C
YGL226C-A	YLL039C
YHR114W	YLR064W
YHR027C	YNL183C
YDR171W	YOL147C
YGL180W	YPR091C
YER156C	YPL209C
YMR186W	YPL146C
YER016W	YNL255C
YIL062C	YNL073W
YFL039C	YNL272C
YHL024W	YPL031C
YDL028C	YDR383C
YDR466W	YLR060W
YGL203C	YMR011W
YDL110C	YKL015W
YGL237C	YGR146C
YGL031C	YGR214W
YCR007C	YKR066C
YBL056W	YLR240W
YBR031W	YGL031C
YBL093C	YLR071C
YDR207C	YNL307C
YHR114W	YLR127C
YAL005C	YPR129W
YBL075C	YNL124W
YMR140W	YMR216C
YBR059C	YFR024C-A
YDL126C	YNL183C
YAL028W	YNL307C
YEL065W	YLL039C
YJR022W	YLR275W
YJR019C	YLL039C
YJR066W	YNL138W
YML100W	YMR261C
YGR268C	YOR124C
YJL014W	YOR281C
YGR237C	YIL154C
YBL084C	YPL031C
YCR035C	YHR114W
YFR024C-A	YLR206W
YIL004C	YIL109C
YDR523C	YPL106C
YAL021C	YJL112W
YCR057C	YMR300C
YJL036W	YLL039C
YDR238C	YFR051C
YJL069C	YLR409C
YML048W	YPR156C
YLR449W	YOL012C
YDR394W	YMR216C
YLL039C	YPL057C
YGL106W	YPR171W
YGL229C	YJR066W
YNL251C	YNR024W
YBL047C	YGR241C
YMR117C	YPR145W
YBR043C	YPL058C
YDR265W	YGL153W
YBL023C	YBR202W
YER105C	YER107C
YLR102C	YLR127C
YFL048C	YLR080W
YDR174W	YLR385C
YDR228C	YLR424W
YGL008C	YMR086W
YGR048W	YPL222W
YNL136W	YPL031C
YBR031W	YNL255C
YDR381W	YGL099W
YLL039C	YML100W
YNL236W	YOL051W
YDR394W	YML124C
YDR035W	YFR004W
YNL022C	YNL255C
YGL158W	YNL107W
YMR186W	YNL127W
YHL006C	YLR046C
YGR270W	YPL082C
YCL010C	YNL255C
YLR090W	YPR036W
YBR217W	YDL147W
YPL194W	YPR052C
YDL188C	YPR040W
YHR027C	YJL167W
YER032W	YPL055C
YNL030W	YOR244W
YGL106W	YOR249C
YBL064C	YDR069C
YAL027W	YDL014W
YBR152W	YNL255C
YBL050W	YDR189W
YLR018C	YPR028W
YBL007C	YGL104C
YEL013W	YGL006W
YER012W	YER103W
YCR008W	YPR013C
YDR436W	YKL193C
YFL045C	YLL039C
YKL010C	YOR259C
YBR284W	YDL238C
YDR032C	YKR003W
YLR330W	YMR076C
YBR059C	YLL039C
YHR005C	YOR301W
YER112W	YNL091W
YJL167W	YJR035W
YKL049C	YNL087W
YFL034W	YHR135C
YDR381W	YGL044C
YBR289W	YER112W
YKR048C	YLR330W
YMR308C	YMR310C
YBR272C	YOR362C
YCR033W	YDR155C
YDR381W	YNL230C
YCL008C	YGR206W
YMR022W	YNL255C
YDR128W	YHR033W
YEL023C	YJL052W
YAL018C	YDR331W
YJL092W	YLR265C
YDL155W	YHR033W
YDR356W	YPL124W
YDR122W	YNL161W
YOL016C	YPR169W
YIL111W	YNL255C
YLR233C	YPL012W
YAL016W	YNR032W
YIL129C	YNL161W
YER123W	YMR036C
YDL100C	YML101C
YML058W	YPR160W
YBR193C	YER012W
YLR175W	YLR371W
YIL154C	YOR244W
YGL180W	YGL208W
YGR130C	YPL209C
YBL007C	YKL049C
YBL023C	YDR013W
YNL029C	YPR041W
YBR079C	YLL039C
YBR059C	YNL272C
YDL207W	YML103C
YDR328C	YOL025W
YHR200W	YKL127W
YDR356W	YER016W
YDL047W	YDL171C
YBR217W	YDL029W
YER110C	YHR027C
YBR079C	YMR146C
YJR050W	YKL095W
YBR036C	YDR307W
YGL237C	YNR031C
YBL019W	YBR088C
YGR267C	YLL039C
YJL164C	YNL045W
YBR156C	YFL008W
YCR028C-A	YCR033W
YDR244W	YLL039C
YGR233C	YLL039C
YBR041W	YKR046C
YBR251W	YDR175C
YDR288W	YOR352W
YHR152W	YMR308C
YMR308C	YNL031C
YDL226C	YGL198W
YFR004W	YNR001C
YJL019W	YNL029C
YBR159W	YJL219W
YLR102C	YML058W
YHR194W	YOR147W
YDR353W	YLR216C
YDL188C	YFR050C
YBR208C	YDR328C
YBR159W	YDL210W
YDL089W	YML008C
YBR159W	YBR183W
YFR004W	YKL112W
YCR030C	YOL016C
YGR104C	YPL248C
YGL194C	YNL031C
YKL155C	YPL013C
YOR198C	YPL209C
YOR270C	YPL234C
YBR275C	YOL012C
YDR032C	YPL106C
YBR156C	YIL106W
YGL117W	YJR022W
YGL242C	YKL035W
YHR014W	YOR136W
YMR112C	YPL082C
YBR042C	YLR170C
YNL208W	YNL255C
YBL084C	YLR424W
YDL126C	YHR200W
YBR068C	YJR001W
YBR039W	YDL029W
YGR131W	YNL172W
YEL002C	YGL226C-A
YNL188W	YPL255W
YER103W	YNL157W
YAL016W	YDL134C
YBR079C	YLR192C
YBL078C	YOR100C
YBL099W	YJR121W
YBL039C	YOR388C
YBL041W	YER012W
YER040W	YJR066W
YBR031W	YER012W
YDR247W	YNR034W
YKL135C	YLR170C
YLR327C	YPL042C
YHR027C	YML124C
YGR027C	YHR200W
YCL032W	YLR423C
YGR040W	YHR033W
YGL153W	YOL147C
YJL063C	YML025C
YFR018C	YNL255C
YIL133C	YNL255C
YDR169C	YJR059W
YDL147W	YER112W
YJL069C	YNL132W
YER153C	YNL274C
YHR137W	YHR183W
YBR275C	YNL216W
YFL039C	YNL218W
YFR004W	YNL121C
YCL059C	YDR365C
YDR086C	YMR149W
YER020W	YKL051W
YHR200W	YOR335C
YLR424W	YML049C
YDR381W	YER103W
YLL039C	YOL016C
YJR090C	YLL039C
YBL007C	YNL020C
YAL038W	YLR153C
YDR130C	YPR120C
YHL004W	YMR186W
YDR473C	YLR275W
YDL209C	YFL039C
YDR188W	YJL014W
YOR168W	YOR352W
YKL067W	YML064C
YGL048C	YKL010C
YDR201W	YOL069W
YHR027C	YOR335C
YJR068W	YJR109C
YDR365C	YNL002C
YGL123W	YMR086W
YFL008W	YPR141C
YCL009C	YMR108W
YLR022C	YNL163C
YLR433C	YNL085W
YBL023C	YBR126C
YBR126C	YFR004W
YBR136W	YLR025W
YDL014W	YKL021C
YGL190C	YJL020C
YHL006C	YLR376C
YLR109W	YMR022W
YFR004W	YKL211C
YFL013C	YLR399C
YDR328C	YPR181C
YDL126C	YKR083C
YGR252W	YKL060C
YJL020C	YKL129C
YGL048C	YPL248C
YHR027C	YPL061W
YBL007C	YDL214C
YDR118W	YFR036W
YDL070W	YGL158W
YGR126W	YHR135C
YBR126C	YER112W
YGL077C	YLL039C
YJL099W	YMR237W
YOR140W	YPL203W
YDL147W	YGR232W
YGL059W	YLL038C
YGR252W	YMR319C
YLL039C	YLR032W
YDR216W	YMR106C
YMR112C	YPL042C
YBR273C	YNL307C
YGR098C	YHL025W
YCL037C	YLR175W
YLL039C	YOR337W
YBR130C	YGL180W
YBL056W	YGR205W
YNL136W	YNL246W
YLL040C	YOL133W
YBR217W	YKL104C
YBR272C	YDL147W
YLR109W	YNR051C
YDR254W	YJL105W
YKR065C	YNR017W
YER030W	YOR244W
YBR167C	YNL282W
YKL049C	YMR212C
YMR184W	YPL203W
YDR227W	YPL248C
YGL059W	YJR059W
YBR274W	YKL181W
YNL055C	YNL085W
YDL066W	YNR051C
YLR218C	YNL255C
YBR159W	YKL146W
YFR004W	YPR131C
YKL093W	YPL203W
YGL150C	YNL068C
YNL102W	YPR019W
YKL049C	YPR024W
YBL030C	YIL022W
YER125W	YPL084W
YNR033W	YPL031C
YNL103W	YNL272C
YGL059W	YKR092C
YHR200W	YJR109C
YGL130W	YKR001C
YGL137W	YIL124W
YGR099W	YKL068W
YCR009C	YER125W
YBR059C	YML048W
YER164W	YGL112C
YLL004W	YNL031C
YBL084C	YPL255W
YGR099W	YJL110C
YML025C	YNL255C
YBR072W	YJL047C
YJL164C	YOL018C
YCR008W	YJL189W
YDR069C	YJR001W
YPL031C	YPR025C
YJL084C	YJR005W
YDL188C	YHR135C
YBL004W	YDL014W
YGR270W	YLR449W
YGR040W	YOR003W
YNL230C	YPL046C
YBL030C	YLL039C
YDL135C	YPR156C
YNL255C	YOL005C
YKL023W	YNL255C
YGR086C	YNL251C
YBL075C	YIL004C
YBR031W	YLR287C-A
YFL008W	YKL042W
YKL142W	YKL157W
YDL139C	YMR109W
YBR068C	YDL192W
YFL039C	YLL050C
YMR173W	YPL031C
YDL101C	YDR523C
YMR004W	YOR047C
YDR096W	YDR227W
YDR479C	YHR008C
YCR009C	YJR066W
YMR223W	YMR236W
YBL102W	YGL203C
YFR024C-A	YPR171W
YMR117C	YPL016W
YLR424W	YOR357C
YGR092W	YNL125C
YLR442C	YMR226C
YGL198W	YJL036W
YBR059C	YHR015W
YGR048W	YPR154W
YDR086C	YNL255C
YNL090W	YPL161C
YBR279W	YER012W
YLR304C	YMR049C
YFL039C	YGL195W
YER022W	YGR104C
YER110C	YOR213C
YFR033C	YNL236W
YLR166C	YMR186W
YJR070C	YKL101W
YDR192C	YKL057C
YGL158W	YJR066W
YNL002C	YOL012C
YLR009W	YNL246W
YGL250W	YJL020C
YBL067C	YHL002W
YCL014W	YKL049C
YDR013W	YPR019W
YDL098C	YMR288W
YBL056W	YCR009C
YDL210W	YKL171W
YJL070C	YPL031C
YBR195C	YPL022W
YIL106W	YJL066C
YKL042W	YPL124W
YHR200W	YNR035C
YLR370C	YNR035C
YGR175C	YNL272C
YIL124W	YMR149W
YFL017W-A	YMR288W
YCR028C-A	YPR129W
YDR365C	YNR051C
YKL135C	YKR021W
YGL014W	YGL203C
YER156C	YHR200W
YKL049C	YPL018W
YAL005C	YMR076C
YBL004W	YNL110C
YHR140W	YLR018C
YDR148C	YFR049W
YDR256C	YNR031C
YAR028W	YJL219W
YDL002C	YOL069W
YDR381W	YLR115W
YKL049C	YMR246W
YNR051C	YPL028W
YGR111W	YPL031C
YHR200W	YPL106C
YNL255C	YOL071W
YMR300C	YNL255C
YPL253C	YPR141C
YDR394W	YHR027C
YIL105C	YNL161W
YBR035C	YOR244W
YDL075W	YER006W
YBR108W	YGL180W
YGR142W	YLR424W
YDR499W	YJL090C
YBR217W	YPL149W
YDR363W-A	YGR232W
YBR221C	YGL130W
YKL100C	YMR170C
YBR068C	YFR024C-A
YJR068W	YNL255C
YJR045C	YNR017W
YDL147W	YOR269W
YCL050C	YLL039C
YBL063W	YDR356W
YGL045W	YPL065W
YMR036C	YNL307C
YIL109C	YLL039C
YML049C	YPL178W
YER125W	YNL136W
YHR096C	YLL039C
YGR252W	YKL193C
YDR468C	YOR327C
YFR032C-A	YGL014W
YKL049C	YMR308C
YOL016C	YPL031C
YLR060W	YPR106W
YER020W	YGR138C
YER006W	YLR449W
YER172C	YJL124C
YNL251C	YPL178W
YBR183W	YHR140W
YJR119C	YKL210W
YFR004W	YMR300C
YMR125W	YPL190C
YFL038C	YFR004W
YDR523C	YLL041C
YLR182W	YOL131W
YHR114W	YPL049C
YJR022W	YPR191W
YHL024W	YHR135C
YBR223C	YPL181W
YBR103W	YMR273C
YGR142W	YKL049C
YCR028C-A	YNL157W
YDL047W	YLL039C
YBL007C	YPR171W
YDL195W	YGL200C
YLL039C	YOR165W
YKL211C	YMR186W
YMR203W	YNL026W
YNL307C	YNR033W
YBR042C	YJL092W
YMR076C	YPR007C
YBR023C	YER166W
YLL004W	YPR120C
YDR383C	YPR046W
YHL004W	YPL118W
YBR279W	YGL008C
YDL077C	YLR396C
YGL051W	YNL307C
YAR007C	YDL007W
YIL035C	YJL069C
YBR207W	YFL041W
YML046W	YMR288W
YDR307W	YJL196C
YBR126C	YFL033C
YER012W	YLL039C
YJR059W	YNL186W
YDR188W	YOR281C
YBR017C	YGL195W
YGL180W	YLL043W
YDL029W	YNR051C
YDR358W	YLL039C
YDL170W	YLL039C
YGL256W	YHR135C
YPL248C	YPR025C
YFR051C	YNL258C
YDR283C	YML057W
YHR200W	YJR104C
YBR141C	YGL091C
YFR004W	YLR355C
YBL007C	YDL146W
YBR039W	YDR168W
YBL030C	YFR004W
YDR390C	YPL106C
YGL158W	YHL021C
YBR108W	YHR114W
YBR073W	YER179W
YBR011C	YHR027C
YDR517W	YIL109C
YDR188W	YGL137W
YKL181W	YOR244W
YFL008W	YPL016W
YLL002W	YNL030W
YLR275W	YML046W
YBL106C	YPL174C
YFR050C	YJL001W
YLR371W	YPL031C
YFR024C-A	YHR178W
YBR122C	YJL063C
YDR247W	YPL217C
YHR027C	YHR193C
YDL103C	YGL158W
YDR446W	YOL069W
YBR102C	YJL085W
YHL024W	YHR205W
YER019C-A	YGL022W
YDL043C	YKL074C
YJR137C	YPL106C
YEL013W	YER123W
YDR050C	YNR051C
YAL032C	YDL043C
YBR079C	YKL049C
YMR125W	YNL255C
YJL164C	YPL056C
YHR105W	YIL004C
YBR046C	YNL255C
YKL095W	YKR048C
YBL030C	YGL191W
YDR477W	YMR015C
YBR122C	YKL167C
YGL106W	YNL255C
YER098W	YGL158W
YBR011C	YHR200W
YPL031C	YPL190C
YAL017W	YNR047W
YCR004C	YGR130C
YDR405W	YGR076C
YER012W	YJL092W
YDR363W-A	YHR027C
YHR082C	YML025C
YHR118C	YPR120C
YCL054W	YFR001W
YGL009C	YPL028W
YJL164C	YPR040W
YDR363W-A	YHR200W
YGL200C	YJR117W
YAL016W	YNL127W
YIL093C	YKL155C
YER125W	YKL020C
YDL147W	YFL007W
YBL017C	YHR108W
YFR004W	YHR183W
YBR108W	YPL141C
YIL035C	YKL093W
YBL060W	YBR159W
YLR178C	YMR297W
YKL057C	YKL068W
YHR135C	YMR173W
YBL075C	YPL042C
YHR027C	YML088W
YKL155C	YPL118W
YFR004W	YJR073C
YBR162W-A	YNL255C
YER166W	YLL039C
YBR249C	YMR076C
YHR140W	YNL048W
YIL097W	YPL061W
YGL055W	YHR200W
YER022W	YGL158W
YLR377C	YNL214W
YLL039C	YNL117W
YBR279W	YOL145C
YDL192W	YHR123W
YBR173C	YJL001W
YDL225W	YDR188W
YLL039C	YNL255C
YDR030C	YDR188W
YLR153C	YLR249W
YBR059C	YNL104C
YHR001W	YPL058C
YAL027W	YDR174W
YDR398W	YIL127C
YLL054C	YPR119W
YIL075C	YOR362C
YDL159W	YPR082C
YGL112C	YGR270W
YGR250C	YML002W
YGR123C	YKL117W
YJL110C	YOL081W
YJL164C	YKR090W
YHR027C	YIL075C
YKL146W	YLL039C
YNL255C	YPL028W
YLL039C	YPR042C
YDR480W	YKL116C
YER012W	YHR033W
YCL059C	YGR214W
YER144C	YOR157C
YDR146C	YOL051W
YMR004W	YPL209C
YDR496C	YPR169W
YMR255W	YNL255C
YCL045C	YLL039C
YDR225W	YER110C
YKL161C	YPL140C
YDR074W	YLL039C
YDL120W	YPR004C
YDR323C	YLR148W
YIL101C	YNL330C
YGR142W	YJL036W
YGR040W	YKR048C
YNR052C	YPL037C
YJR014W	YNR051C
YBR183W	YDR276C
YMR053C	YOL004W
YJR021C	YMR133W
YLR100W	YML008C
YML057W	YOR324C
YEL058W	YHR200W
YCR035C	YNR024W
YNL255C	YNL302C
YDR227W	YLR442C
YNL090W	YPL174C
YDR398W	YKL101W
YER006W	YFR004W
YJR130C	YPL042C
YFR004W	YOR259C
YJR035W	YMR226C
YNL045W	YPL031C
YLL039C	YMR309C
YFR041C	YGL256W
YLL039C	YPL232W
YER099C	YLL039C
YJR059W	YOR070C
YBR088C	YOR213C
YBL052C	YOL012C
YDL147W	YOR157C
YER042W	YLR466W
YJR059W	YKR090W
YDL155W	YGL197W
YBR128C	YDL185W
YIR025W	YLR127C
YHR026W	YMR149W
YOL147C	YPR128C
YIL109C	YKL103C
YLL039C	YPR155C
YAL028W	YLR292C
YBL047C	YOL087C
YHR152W	YKL211C
YGL059W	YKL171W
YGL030W	YNL255C
YGL131C	YNL127W
YFL048C	YFR051C
YCR033W	YPL055C
YKR029C	YNL031C
YBR136W	YCR004C
YJL167W	YPL149W
YDL080C	YGR196C
YBR274W	YMR146C
YDR381W	YGL112C
YCR057C	YDR365C
YDR171W	YPL106C
YGL116W	YNL014W
YGL208W	YOR244W
YHL002W	YNR052C
YDL017W	YDR168W
YER167W	YGR040W
YOL148C	YPL248C
YER177W	YOR140W
YKL051W	YPR156C
YLR006C	YLR233C
YER177W	YMR086W
YMR049C	YMR100W
YIL157C	YML129C
YFR004W	YJR014W
YGL030W	YNL002C
YJL099W	YLR330W
YLL039C	YPL087W
YDL155W	YMR036C
YCR008W	YGL106W
YDR171W	YNL085W
YBR072W	YNL255C
YGL200C	YJL117W
YKL103C	YOR136W
YDL070W	YNR034W
YFR004W	YGR175C
YGL158W	YPL042C
YLR310C	YNL307C
YKL117W	YLR216C
YDL101C	YLR001C
YAL016W	YNL255C
YJL008C	YLL039C
YBR298C	YNL121C
YIL035C	YOR052C
YER012W	YJL132W
YMR074C	YNL255C
YDL100C	YPR075C
YER062C	YFR004W
YKL095W	YPR191W
YBR217W	YHR171W
YPR111W	YPR160W
YCR088W	YFR024C-A
YEL058W	YFR004W
YJR060W	YNL103W
YDR328C	YOL117W
YKL116C	YNL272C
YER164W	YMR223W
YGL180W	YOR119C
YGL006W	YHR094C
YBR031W	YLR424W
YLR424W	YPL208W
YGL104C	YML075C
YBR273C	YHR082C
YDL081C	YDL130W
YDL007W	YFR052W
YBL007C	YER110C
YIL031W	YJL092W
YDL155W	YFL009W
YCL037C	YKR048C
YFR015C	YGL200C
YML114C	YMR236W
YAL028W	YCR091W
YGL030W	YGR027C
YDR466W	YMR048W
YMR125W	YNR011C
YIL133C	YNR051C
YDR328C	YJL149W
YFR004W	YHR104W
YDL160C	YNR051C
YDL025C	YJL105W
YJR103W	YLL039C
YIL079C	YNR024W
YDR092W	YMR140W
YKL142W	YNL161W
YHR137W	YPL031C
YDR307W	YKL154W
YDR238C	YGL137W
YBL023C	YKL049C
YER112W	YML049C
YHR135C	YJR104C
YIR001C	YPL031C
YDR479C	YGR149W
YKL051W	YOR273C
YHL002W	YOR076C
YDR155C	YFR004W
YBL035C	YDL058W
YBL084C	YDR118W
YDR168W	YGR040W
YDR422C	YJL124C
YDR479C	YEL042W
YLR072W	YNL307C
YAL017W	YGL112C
YBL030C	YEL024W
YNL172W	YPR171W
YJL164C	YPR160W
YBR183W	YDR039C
YJR088C	YKL207W
YGL008C	YGR130C
YCR028C-A	YDR265W
YBR031W	YHR200W
YDR477W	YPL042C
YDL188C	YOL038W
YBL036C	YMR319C
YDR188W	YMR049C
YER110C	YGL172W
YDR131C	YOL133W
YMR109W	YPL038W
YNL055C	YOL087C
YAL017W	YCL027W
YDR264C	YLL039C
YKL095W	YPL037C
YDR032C	YPL058C
YNL330C	YOL004W
YEL013W	YPR185W
YBR193C	YCL028W
YLR153C	YNR051C
YAL005C	YMR259C
YLR100W	YLR144C
YJR066W	YNL135C
YBL087C	YNL255C
YGR040W	YPL049C
YDR276C	YMR149W
YJL014W	YMR288W
YGL066W	YPL042C
YFR004W	YGL055W
YDR188W	YHR027C
YFL039C	YNL107W
YCL014W	YIL140W
YDL058W	YDR517W
YFR040W	YHR114W
YHR027C	YKL127W
YGL195W	YKR037C
YFR053C	YLR131C
YHR135C	YKL042W
YML079W	YNL255C
YBL093C	YBR193C
YBR036C	YLL048C
YML071C	YNL051W
YDR477W	YPR171W
YHR027C	YKL171W
YBR072W	YJR043C
YGR184C	YHR183W
YFR019W	YNL135C
YGL180W	YOL070C
YBL007C	YJL191W
YHR200W	YKL182W
YBR065C	YNL250W
YJL219W	YJR161C
YIR025W	YLR102C
YML131W	YMR191W
YLR009W	YNL255C
YGL167C	YGR231C
YMR192W	YPR154W
YHR027C	YLR355C
YGL166W	YNL255C
YDR381W	YKL155C
YCL014W	YJL052W
YJL149W	YOL133W
YDR394W	YOR136W
YKR034W	YLR132C
YDL147W	YJL001W
YNR051C	YOL005C
YDL192W	YDR358W
YLR427W	YNL132W
YNR052C	YPR046W
YER040W	YGL167C
YGL200C	YHR140W
YDR392W	YMR223W
YBL035C	YNL102W
YJR112W	YMR198W
YKL116C	YNL022C
YNL265C	YNR006W
YER162C	YLL039C
YER164W	YPL082C
YNL085W	YOL133W
YFR004W	YLR097C
YAL013W	YHR082C
YGR270W	YLR095C
YER094C	YOL038W
YHL020C	YOL108C
YNL272C	YOR115C
YJL143W	YKR065C
YBL007C	YBL037W
YDR128W	YNL307C
YBL017C	YKL049C
YFR043C	YLL039C
YDL070W	YHR135C
YDR462W	YKL167C
YHR082C	YPR091C
YDL028C	YER018C
YNR011C	YPL012W
YGR056W	YNL307C
YNL255C	YOL133W
YKL142W	YNL255C
Q0085	YJR121W
YBR088C	YJL092W
YDL185W	YPR036W
YOR085W	YOR103C
YDL007W	YFR004W
YJL068C	YLR354C
YGL198W	YOR132W
YBL051C	YDL165W
YGR038W	YJR059W
YIL001W	YOL133W
YDR394W	YGR092W
YKL010C	YKL189W
YBL041W	YOR362C
YDL029W	YGL016W
YBR193C	YDL140C
YDR284C	YPR036W
YBR274W	YDR113C
YKL049C	YMR005W
YGR149W	YNL181W
YLL039C	YLL040C
YGR232W	YNL255C
YER023W	YKR048C
YMR146C	YNL244C
YER116C	YOR156C
YCR053W	YNL244C
YNL097C	YPL181W
YDL100C	YHR027C
YGL167C	YNL055C
YER166W	YFR024C-A
YDR496C	YKL185W
YDR453C	YJR085C
YDL197C	YNL124W
YGR104C	YOR141C
YJR045C	YNL078W
YDR110W	YHR152W
YDL227C	YMR308C
YNL216W	YPR052C
YDL047W	YMR145C
YDR328C	YNL255C
YML056C	YNL230C
YDR086C	YEL002C
YER016W	YLR045C
YLR192C	YPL209C
YDL007W	YDL020C
YER020W	YHR005C
YCL059C	YDL014W
YMR238W	YNL307C
YCR084C	YCR088W
YMR094W	YMR168C
YLR006C	YNL307C
YHL025W	YPL016W
YBR159W	YNL255C
YFR004W	YOR323C
YFL062W	YPL141C
YJR043C	YNL307C
YGR252W	YIL149C
YHR135C	YPL078C
YDR496C	YGL030W
YFL039C	YGL240W
YCL054W	YOR244W
YDL126C	YJR059W
YBL023C	YJL194W
YBR011C	YMR267W
YBL085W	YOR047C
YKL049C	YLR259C
YDL070W	YJR059W
YDL029W	YDR032C
YHR200W	YIL109C
YDR225W	YIL035C
YER172C	YOR159C
YDR283C	YMR255W
YCR073W-A	YDL214C
YHR108W	YKL135C
YDR381W	YHR185C
YPL031C	YPL100W
YFR049W	YPL031C
YLL039C	YNL102W
YIR038C	YMR149W
YDR168W	YDR463W
YOR119C	YPL146C
YHR094C	YPR156C
YJR015W	YMR149W
YLL039C	YMR015C
YGL137W	YNL274C
YDL173W	YPL031C
YBR152W	YML049C
YGL242C	YMR109W
YLR228C	YPL042C
YDR479C	YLR089C
YDL160C	YHR027C
YCR002C	YJL014W
YDL120W	YOR176W
YCR088W	YOR367W
YBR289W	YHL025W
YCR012W	YGR252W
YGR267C	YJR090C
YNL055C	YNL090W
YLL039C	YLR148W
YCR084C	YDL005C
YJL092W	YJR119C
YER163C	YNL255C
YMR183C	YNR049C
YCR023C	YLL039C
YJL090C	YPL194W
YDR006C	YLR192C
YCL048W	YNL255C
YNL031C	YOL012C
YDR348C	YLL039C
YBR039W	YDL059C
YDR386W	YNL132W
YGL150C	YKL049C
YFL039C	YOL012C
YDR353W	YHR200W
YGL112C	YNL216W
YLL039C	YLR249W
YAL032C	YML049C
YJR066W	YPL055C
YDR113C	YHR135C
YDR381W	YNL293W
YDR477W	YJR019C
YAR007C	YDL140C
YFR004W	YKL157W
YDR381W	YDR515W
YLR216C	YMR186W
YAL021C	YGR092W
YGL240W	YGR270W
YHR200W	YLR249W
YJR009C	YML056C
YAL005C	YLL010C
YMR218C	YOR115C
YAL013W	YNL255C
YDR178W	YKL141W
YJL225C	YKL049C
YGL059W	YGR257C
YNL031C	YNL246W
YDR386W	YFR001W
YBL023C	YGR040W
YGL113W	YPR120C
YDL028C	YNL186W
YBR193C	YGR104C
YDR477W	YER129W
YBR018C	YGL137W
YDR086C	YLR288C
YNL255C	YOR298C-A
YKL006C-A	YLL039C
YDR028C	YDR188W
YDR130C	YMR319C
YLL039C	YOL096C
YNL255C	YPL178W
YEL009C	YPL038W
YMR216C	YNL112W
YJL005W	YNL098C
YLR330W	YOR290C
YHR042W	YJR117W
YBL084C	YGL240W
YDL225W	YDR477W
YLL039C	YLR407W
YOR334W	YPR151C
YFL048C	YPR181C
YDL014W	YIR001C
YCR035C	YPL146C
YGR089W	YPR141C
YGR040W	YNL085W
YJL025W	YOR380W
YGR255C	YOL096C
YLR423C	YML064C
YER131W	YPL031C
YLR447C	YPR036W
YLL039C	YPL058C
YDL100C	YKR100C
YBL030C	YOR176W
YDL014W	YER147C
YLR055C	YMR005W
YNL188W	YOR257W
YDR466W	YMR049C
YLL039C	YMR110C
YJR059W	YKL042W
YLR265C	YOR005C
YER179W	YPR183W
YGR252W	YMR236W
YHR047C	YLL039C
YDR513W	YPL031C
YJL014W	YOR165W
YBR126C	YOL133W
YFR024C-A	YGL180W
YOR136W	YPR111W
YCL037C	YDL160C
YDR141C	YNL297C
YNL031C	YPL116W
YJR007W	YLR199C
YLL039C	YPL119C
YML048W	YNL300W
YER098W	YKL101W
YBL045C	YLR132C
YPL031C	YPR026W
YER094C	YFR004W
YFL008W	YPR046W
YCL032W	YHL024W
YDR175C	YPL013C
YJL052W	YML056C
YER179W	YML064C
YDL014W	YHR200W
YBR017C	YKL068W
YML049C	YNR011C
YDL065C	YDR329C
YER017C	YNL255C
YGL112C	YIL106W
YCL057W	YNL307C
YHR200W	YML008C
YBR251W	YPL013C
YBL045C	YKL095W
YHR027C	YPR036W
YIR025W	YPL018W
YKL020C	YOR124C
YBL007C	YGR040W
YBL056W	YBR039W
YBR079C	YIL106W
YIL133C	YNL132W
YJR144W	YNL255C
YGL180W	YNL304W
YKL042W	YPL031C
YJR117W	YLR018C
YCR035C	YNL251C
YJL020C	YOL133W
YFL046W	YNL255C
YBR286W	YGL100W
YEL013W	YKR007W
YBR156C	YDR328C
YFL039C	YLR399C
Q0085	YBR039W
YKL129C	YMR109W
YFL033C	YPL031C
YDL167C	YLL039C
YDR225W	YGL097W
YOR257W	YPL116W
YAR018C	YJR059W
YDL028C	YKR096W
YBR105C	YCL039W
YEL002C	YGL022W
YGR130C	YKL193C
YFR004W	YMR173W
YDR468C	YKR020W
YHR104W	YHR200W
YDL075W	YHR200W
YKL049C	YPL019C
YBR079C	YGL130W
YAL027W	YIL105C
YJR045C	YLR369W
YGL137W	YMR105C
YKL022C	YLR102C
YJR093C	YLR044C
YDR304C	YHR097C
YKL101W	YOR168W
YDL147W	YDR394W
YAL013W	YNL097C
YBL097W	YDR439W
YJL063C	YKL167C
YGR250C	YJL088W
YDL089W	YDR439W
YDR377W	YJR121W
YJL178C	YOR132W
YBR221C	YKL117W
YNL255C	YOL143C
YKL101W	YLR011W
YGL016W	YML124C
YLR419W	YNR051C
YAL005C	YNL157W
YLR385C	YNL107W
YLR377C	YOR070C
YJL092W	YNL078W
YBR059C	YER131W
YHR034C	YLL039C
YAL005C	YNR034W
YDR227W	YER164W
YFR004W	YOR128C
YDR468C	YLR330W
YGL116W	YJL164C
YDR321W	YNR051C
YDR283C	YMR216C
YER077C	YLR233C
YER054C	YGL134W
YER062C	YHL032C
YBR102C	YLR166C
YGL030W	YLR287C-A
YHR200W	YJR009C
YCL037C	YNL255C
YPL012W	YPL141C
YBR112C	YER018C
YKL021C	YNL110C
YJL140W	YLR071C
YFL039C	YHR027C
YIR038C	YOL018C
YPL122C	YPR056W
YBR289W	YPL016W
YDL065C	YMR284W
YBR065C	YLR424W
YBR159W	YIL120W
YFR024C-A	YMR162C
YIL093C	YPL013C
YDR284C	YNL111C
YDR406W	YLL039C
YDR462W	YJL063C
YHR026W	YIL088C
YGL031C	YML126C
YDL042C	YLR442C
YNL255C	YPL013C
YLL039C	YMR022W
YDR032C	YHR027C
YDL140C	YGL048C
YNL255C	YNL261W
YMR109W	YOR047C
YAL011W	YOL012C
YDR381W	YDR386W
YKL210W	YLR084C
YCR057C	YLR175W
YER125W	YGL180W
YBR079C	YIL035C
YNL302C	YNR051C
YDL070W	YGR086C
YEL013W	YIL129C
YLR148W	YLR396C
YEL013W	YFR004W
YMR146C	YNL255C
YDL081C	YNL255C
YNR011C	YPL178W
YKR029C	YNL030W
YGL240W	YKL022C
YJR009C	YLL039C
YKR103W	YLR292C
YFL008W	YLR424W
YMR309C	YNL244C
YJL020C	YMR109W
YML058W	YMR100W
YCR068W	YNL111C
YAL043C	YNL222W
YFL009W	YOL025W
YER024W	YPL031C
YJL098W	YPR040W
YDL209C	YLR424W
YNL255C	YOR327C
YJR059W	YJR099W
YDR113C	YPL031C
YGR136W	YNL293W
YDR096W	YOR156C
YDR086C	YHR027C
YLR399C	YNL107W
YGL203C	YLL039C
YJL090C	YNL262W
YER077C	YNL230C
YDL140C	YER012W
YER141W	YJL014W
YBL058W	YBR223C
YBR039W	YIL106W
YNL121C	YPR106W
YER172C	YFR019W
YBR221C	YFL018C
YER110C	YLL039C
YBL050W	YBL078C
YMR139W	YPL141C
YBR152W	YGR075C
YMR303C	YNL068C
YFR004W	YOR362C
YIL124W	YPL106C
YGL180W	YNL314W
YLR423C	YMR124W
YDR394W	YPL248C
YDL042C	YNL031C
YHR114W	YLR426W
YGL180W	YIL077C
YBL087C	YDR496C
YGL137W	YGR202C
YDL214C	YOL065C
YDL185W	YLR090W
YBR029C	YIR038C
YNL255C	YOR159C
YJR117W	YLL039C
YLL039C	YOL025W
YBR176W	YKL101W
YDR124W	YPL118W
YHR082C	YOR335C
YEL002C	YGL137W
YHR027C	YMR191W
YFR004W	YGR209C
YNL255C	YOR332W
YGR104C	YNL236W
YIL035C	YKL160W
YDR394W	YNL085W
YLL039C	YOR197W
YJL164C	YOR083W
YDL209C	YNL255C
YDL147W	YFR050C
YGL137W	YNL284C
YDL140C	YLL039C
YJR066W	YMR216C
YER156C	YHR027C
YCL059C	YKR060W
YMR140W	YPL037C
YAL005C	YPL110C
YNR046W	YOL061W
YGL059W	YJL084C
YIL055C	YPL115C
YDR309C	YOR127W
YDR068W	YDR264C
YMR184W	YNL255C
YAR007C	YGL256W
YDL101C	YDR155C
YBL099W	YHR027C
YJL031C	YPR176C
YKL101W	YLR195C
YNL117W	YOL147C
YDL070W	YNL307C
YDL140C	YKL049C
YGR233C	YNL255C
YER136W	YOR089C
YBR056W	YLL039C
YDL002C	YNL255C
YLR166C	YNL138W
YDL165W	YNL315C
YGR270W	YJR068W
YFL026W	YNL307C
YIL136W	YNL121C
YCR084C	YGR104C
YFR004W	YIL033C
YBR036C	YJR117W
YDR155C	YFL014W
YLR044C	YOR270C
YDR140W	YNL255C
YGL137W	YOR327C
YDL214C	YJL066C
YJL063C	YMR193W
YDL147W	YFR052W
YDR092W	YHR137W
YBL078C	YIL146C
YBR059C	YPL223C
YHR108W	YKR094C
YDR353W	YHR106W
YGL137W	YKL049C
YGR252W	YNL031C
YAL038W	YPL203W
YGL180W	YNL272C
YCL010C	YGL066W
YJL164C	YMR196W
YJR059W	YLR133W
YJL014W	YKR037C
YMR308C	YPL012W
YDR328C	YLR097C
YGL091C	YNL255C
YAL021C	YGR184C
YJL098W	YPR111W
YIL035C	YNL132W
YGL077C	YHR001W
YER172C	YNL147W
YLL039C	YNL036W
YHR200W	YPL028W
YDR227W	YDR365C
YJL063C	YNL252C
YDR477W	YER040W
YGR280C	YNL255C
YMR106C	YMR284W
YHR082C	YKL161C
YBR083W	YPL049C
YBR114W	YCR028C-A
YLL039C	YML028W
YJL164C	YJL167W
YDL216C	YOL117W
YBR196C	YFR004W
YDL014W	YLR175W
YDR518W	YNL307C
YGL195W	YNL132W
YBR183W	YJR117W
YLR289W	YNL255C
YHL002W	YNR006W
YBL007C	YLR064W
YMR258C	YOR089C
YGL198W	YML001W
YER172C	YFL017W-A
YNL126W	YNL188W
YDR047W	YGL137W
YJL110C	YOR249C
YJL092W	YLR401C
YJR066W	YNL314W
YGL200C	YKL154W
YDR477W	YJL084C
YGR092W	YPR119W
YDL188C	YGR161C
YGL077C	YLR326W
YNL236W	YOR140W
YCR042C	YLL039C
YAL043C	YLL039C
YBR274W	YDR439W
YDR477W	YJL089W
YKL091C	YPL209C
YGL229C	YPR040W
YGL014W	YNL112W
YDL200C	YHR183W
YER058W	YNL255C
YJL164C	YOL005C
YFR002W	YML025C
YEL042W	YLL039C
YNL255C	YNL293W
YFL038C	YOL018C
YGR252W	YOL051W
YGL008C	YJR066W
YCR084C	YLR176C
YDL140C	YER022W
YGL134W	YLR218C
YIR025W	YMR308C
YER018C	YMR117C
YFL045C	YML064C
YDR523C	YLR216C
YBR233W	YDR473C
YKR009C	YMR216C
YAR007C	YGL195W
YGR232W	YOL117W
YGL189C	YLL039C
YDR155C	YIR005W
YDR247W	YGR237C
YBR267W	YDR288W
YDL134C	YGR142W
YLL039C	YPL231W
YDR146C	YMR019W
YFL062W	YJL059W
YLR025W	YPL084W
YDR068W	YNL255C
YER022W	YNL236W
YMR049C	YNR051C
YDR328C	YMR258C
YNL255C	YNL307C
YER022W	YPR056W
YGL180W	YPL181W
YFR052W	YNL103W
YDL100C	YHR005C
YBL058W	YLR377C
YDR032C	YKL051W
YAL013W	YDR207C
YHR094C	YMR011W
YHR027C	YHR094C
YBR003W	YJR022W
YFL037W	YML058W
YMR125W	YPL178W
YNL244C	YPR041W
YIL017C	YIL097W
YGL106W	YML034W
YDR499W	YMR303C
YJL164C	YNL112W
YGL101W	YJL092W
YER125W	YGL087C
YJR007W	YNL244C
YHR135C	YKL023W
YKR020W	YNL255C
YLR385C	YLR399C
YER139C	YHR135C
YDR195W	YNL222W
YBR036C	YHR140W
YOR141C	YOR290C
YAL005C	YNR051C
YGR174C	YNL255C
YDL171C	YPR086W
YLL039C	YOR353C
YBR272C	YGL048C
YNL084C	YNL103W
YER006W	YNR051C
YAL032C	YJL112W
YGL112C	YLR176C
YFL037W	YOR136W
YDL135C	YHR135C
YGL077C	YPR138C
YDR227W	YJL019W
YCR009C	YLR144C
YDR032C	YPL031C
YDR356W	YKL042W
YER018C	YPL075W
YKL093W	YLR273C
YDL188C	YMR273C
YOR198C	YPR106W
YDR329C	YOL147C
YFR004W	YJL088W
YFR032C-A	YPL031C
YDL140C	YKL110C
YCL027W	YMR140W
YGL100W	YHL023C
YDR477W	YOR018W
YMR023C	YMR076C
YDR118W	YLR127C
YHR082C	YNL147W
YJL014W	YMR237W
YDL161W	YIR006C
YER020W	YMR186W
YPL031C	YPL266W
YFR004W	YMR309C
YBL045C	YJL143W
YGL180W	YHL019C
YGR270W	YKR092C
YAL037W	YHR135C
YGL005C	YPL031C
YAR018C	YPL018W
YDL097C	YDR363W-A
YAL005C	YOR124C
YCR084C	YLR313C
YCR030C	YMR109W
YDL185W	YPL234C
YDL115C	YGL180W
YGL189C	YHR114W
YDR171W	YGR092W
YFL039C	YNL138W
YEL017W	YGL180W
YDR331W	YKL154W
YAL038W	YDR148C
YGL200C	YJR132W
YBR298C	YML048W
YKL092C	YLR182W
YGL100W	YIL149C
YGL030W	YGL031C
YDR304C	YHR185C
YDR141C	YJL014W
YGL221C	YJR059W
YDL007W	YDL147W
YBR152W	YDR473C
YDL159W	YMR276W
YFR033C	YML129C
YCR091W	YNL155W
YHR104W	YOL016C
YBL047C	YBR059C
YCR012W	YDR188W
YKR076W	YLL039C
YDR504C	YJL070C
YDL185W	YDR202C
YDL014W	YPL012W
YKL101W	YML035C
YAL005C	YOR155C
YBR251W	YHL004W
YPL013C	YPL118W
YMR154C	YOR362C
YHR005C	YHR194W
YCR057C	YKR060W
YDR113C	YGR225W
YGL014W	YNL302C
YNL216W	YPL075W
YIL035C	YJR044C
YDR436W	YFR003C
YIR038C	YJL183W
YHR114W	YLR081W
YGL237C	YGR267C
YKL035W	YLL039C
YDR346C	YIL035C
YBL067C	YOL087C
YGR038W	YMR296C
YJR017C	YNL014W
YDR155C	YPL146C
YER105C	YFR002W
YJR112W	YOR360C
YER177W	YHR152W
YGR232W	YHR200W
YBL030C	YPR191W
YFL039C	YOR122C
YBR126C	YLL039C
YBL007C	YNL116W
YNL255C	YPL158C
YAL043C	YLR115W
YJL164C	YNL272C
YKL052C	YKR083C
YAL016W	YGL190C
YLR168C	YNL255C
YCL059C	YLL039C
YDR356W	YHR005C
YHR114W	YJR090C
YAL021C	YPL037C
YLL039C	YMR036C
YBL017C	YPL049C
YKL092C	YLL039C
YIL033C	YMR273C
YAR007C	YLR304C
YER172C	YML046W
YMR106C	YOR110W
YJL149W	YOL025W
YMR036C	YPR191W
YDR411C	YFR004W
YDR497C	YGR130C
YDR113C	YLR102C
YNL161W	YOL070C
YBL047C	YDL161W
YGR048W	YLR450W
YLR381W	YPL018W
YBR036C	YPL057C
YHR135C	YMR303C
YDL137W	YPL031C
YGL014W	YPL031C
YBR156C	YKR083C
YBR112C	YGL194C
YMR186W	YOR197W
YHR027C	YJR104C
YBL030C	YDL174C
YAL062W	YOR362C
YGL203C	YML038C
YAL005C	YDR328C
YDR394W	YOL038W
YOR162C	YPL031C
YOR270C	YPR149W
YCL054W	YDL031W
YGR008C	YJR059W
YGR233C	YPL031C
YOL018C	YOR320C
YGL181W	YPL013C
YLR423C	YNL090W
YDR092W	YER061C
YAR007C	YFL014W
YAR007C	YBR136W
YDL240W	YJL020C
YFR052W	YMR106C
YGL123W	YOR290C
YGL150C	YKL104C
YCR075C	YDR456W
YLR409C	YNL132W
YBR102C	YIL068C
YDL014W	YNL255C
YGL180W	YHR014W
YBR037C	YPR079W
YDL105W	YPR169W
YDL185W	YLL039C
YJL092W	YKL077W
YCR057C	YLR409C
YDL080C	YLL039C
YNL214W	YNL329C
YLL060C	YLR043C
YDL144C	YNL255C
YBR031W	YNL132W
YGL222C	YNL255C
YEL034W	YNL302C
YMR048W	YPL031C
YGR174C	YLL039C
YGL153W	YNL214W
YOR290C	YPL016W
YER162C	YKL005C
YER172C	YNL188W
YBL050W	YGL095C
YDL029W	YJL008C
YGR092W	YPL124W
YGL031C	YKL021C
YHR135C	YPL203W
YGL158W	YHR001W
YPL031C	YPL219W
YJL124C	YNL163C
YDR189W	YKL006C-A
YKL039W	YNL255C
YBR208C	YHR200W
YBL007C	YCR030C
YBR126C	YHR200W
YEL034W	YNL250W
YBR017C	YPL266W
YDR381W	YLL054C
YCR035C	YHR034C
YBL037W	YJR005W
YFR051C	YGL203C
YDR468C	YIL140W
YBR284W	YDR328C
YKL167C	YNL255C
YJL014W	YOR162C
YNL255C	YOR006C
YDR466W	YOR141C
YGL044C	YLR115W
YBR217W	YHR200W
YGL226C-A	YOR085W
YMR182C	YPL031C
YAL018C	YHR114W
YDR192C	YER105C
YJL164C	YOR288C
YDR477W	YMR086W
YGR142W	YNL255C
YBL078C	YHR082C
YDR363W-A	YFR052W
YDR211W	YFR004W
YGL153W	YOR180C
YIL033C	YKL062W
YFR004W	YML100W
YER043C	YLL039C
YCR106W	YPR046W
YDR200C	YNL127W
YER136W	YFR004W
YHR114W	YNL078W
YER012W	YFR052W
YDR039C	YPL058C
YDL043C	YMR302C
YDR363W-A	YER012W
YHR187W	YMR236W
YDL100C	YKL154W
YLL039C	YMR162C
YJL196C	YKL154W
YBR059C	YJL084C
YNL110C	YOR005C
YAL061W	YNL255C
YDR523C	YPR082C
YNL255C	YOR040W
YJR090C	YLR134W
YGL030W	YHR027C
YIL126W	YKL049C
YKL182W	YPL231W
YHR175W	YNL255C
YBR103W	YKR029C
YDR128W	YHL023C
YDR306C	YNL138W
YDL025C	YJL164C
YAL016W	YMR105C
YHR097C	YLR377C
YFR004W	YIR036C
YDR216W	YGL112C
YBR059C	YJL098W
YGL237C	YJR132W
YDR085C	YLR423C
YDL226C	YFR004W
YDL098C	YGR075C
YER112W	YNL255C
YKR007W	YLL039C
YMR005W	YNL330C
YAL016W	YOR162C
YNL255C	YPL119C
YAL016W	YLL039C
YHL025W	YNL216W
YNL138W	YOL087C
YKL197C	YNL329C
YDR356W	YNL030W
YGR086C	YKL142W
YHR135C	YKL077W
YML057W	YMR186W
YCR088W	YFL039C
YNL216W	YPL248C
YFL014W	YKL171W
YFL029C	YGR080W
YDR188W	YHR200W
YMR173W	YPL141C
YFR004W	YML056C
YBL007C	YDL028C
YGL077C	YHR096C
YDL147W	YOL117W
YFR004W	YOL061W
YHR027C	YOR259C
YDL042C	YDR110W
YBR083W	YKL161C
YGR040W	YPL115C
YGL180W	YIR003W
YJR009C	YMR259C
YDR171W	YJL092W
YJR109C	YLL039C
YDR480W	YPL049C
YML001W	YPR106W
YGL112C	YNL255C
YDL028C	YDR211W
YKL051W	YLR219W
YDL043C	YNL210W
YHR200W	YLR060W
YGL197W	YJL098W
YDL209C	YMR125W
YIL035C	YKL049C
YER131W	YNL255C
YDL185W	YLL019C
YER012W	YOR157C
YGL111W	YLR009W
YDR244W	YGL205W
YBR059C	YMR139W
YDL077C	YLR148W
YDL160C	YLL039C
YGR038W	YLR350W
YKL157W	YNL085W
YFL017W-A	YMR125W
YOL105C	YPL058C
YBR133C	YDR225W
YLR151C	YNL255C
YBR062C	YMR083W
YDR490C	YLR466W
YMR233W	YNL255C
YDR189W	YPL031C
YJL124C	YML088W
YFR052W	YJR022W
YBR139W	YBR280C
YKL074C	YMR288W
YOL012C	YOR244W
YER163C	YLL039C
YBR279W	YNL255C
YDR120C	YPL209C
YGR101W	YHL021C
YDL171C	YLR166C
YNL110C	YNR051C
YER125W	YJL084C
YDR200C	YMR029C
YIL156W	YMR216C
YGR080W	YNL110C
YJL140W	YPR052C
YLR207W	YLR450W
YFR004W	YLR153C
YDL165W	YNR052C
YFL039C	YGL015C
YNL104C	YOR108W
YDR436W	YFR040W
YDL147W	YGR092W
YML009C	YNL252C
YCR033W	YKR029C
YCL008C	YLR119W
YDR381W	YPL217C
YAR028W	YPR128C
YEL023C	YJR009C
YGL190C	YNR032W
YMR049C	YPL042C
YJL098W	YLR249W
YJL014W	YMR106C
YEL009C	YLL039C
YDR328C	YFR004W
YER018C	YKR034W
YDL042C	YIL035C
YDR192C	YLR131C
YGR252W	YPL016W
YDL194W	YOR047C
YHR183W	YNL014W
YAR028W	YHR026W
YGL059W	YGL180W
YJL164C	YPL146C
YDR171W	YLL039C
YAL005C	YBR231C
YFL033C	YOL147C
YLL039C	YOL060C
YBR112C	YLR176C
YHR114W	YJL020C
YDR214W	YIL038C
YOR380W	YPL031C
YCR079W	YPL110C
YBR132C	YLL039C
YIL038C	YKL101W
YFL007W	YOL038W
YIL126W	YLR033W
YHL024W	YPR106W
YDR331W	YJL091C
YER177W	YKL171W
YDR477W	YIL075C
YGL131C	YLR413W
YLL039C	YMR246W
YGL095C	YOR327C
YHL004W	YJL096W
YGL134W	YKR096W
YDR225W	YPL248C
YGL044C	YPR086W
YGL153W	YOL145C
YCR009C	YMR192W
YBR044C	YLL041C
YEL066W	YML064C
YDR306C	YER043C
YBR105C	YDR171W
YDR331W	YLR018C
YBR183W	YDR506C
YOL146W	YPR019W
YDL006W	YGL158W
YER125W	YNL305C
YKL021C	YMR049C
YLR144C	YLR175W
YLR447C	YOR270C
YJL019W	YNR031C
YMR149W	YMR279C
YIL149C	YOR257W
YJR007W	YMR309C
YBL093C	YMR109W
YBR162C	YGR040W
YBR011C	YFR004W
YGL055W	YHR027C
YDR214W	YFR004W
YDR365C	YPL146C
YCL028W	YMR112C
YCL037C	YIR001C
YPL031C	YPL249C
YLL050C	YLR059C
YDL029W	YPL140C
YKL160W	YPL141C
YAR031W	YJR015W
YDL147W	YFR004W
YBR205W	YLL039C
YML046W	YMR125W
YDL100C	YFR004W
YHR114W	YKL129C
YBL088C	YLR025W
YGR040W	YLL039C
YDR214W	YHR200W
YBR156C	YER016W
YKL023W	YOL061W
YHR094C	YHR200W
YLR216C	YNL330C
YCR079W	YJR059W
YHR193C	YNL112W
YLR043C	YLR109W
YFL039C	YOR141C
YDR171W	YIL126W
YCR057C	YOL038W
YLR005W	YPR025C
YBL039C	YGL022W
YNR051C	YPL049C
YFR004W	YKL035W
YIL115C	YKL068W
YHR027C	YOL061W
YJL084C	YKL135C
YDR425W	YGL059W
YBR207W	YOR270C
YKL051W	YPR138C
YDR306C	YKL085W
YIL109C	YPL031C
YGL048C	YOR257W
YML056C	YNL255C
YBR245C	YOL017W
YDL097C	YDR180W
YIL033C	YPR040W
YDR381W	YIL129C
YJR066W	YOR008C
YBL004W	YCR057C
YJR066W	YOL030W
YHR082C	YKL210W
YFL062W	YOR071C
YBR044C	YKL148C
YFR050C	YOL038W
YKL062W	YPL203W
YFR015C	YLR369W
YGL077C	YOR273C
YLL039C	YOL088C
YCR079W	YPL118W
YBL047C	YOR244W
YGL208W	YOR136W
YDR032C	YLL039C
YER012W	YMR186W
YDR342C	YGL167C
YBL017C	YJL178C
YHR105W	YLL040C
YJR132W	YLR310C
YKL049C	YOR112W
YGL181W	YMR182C
YHR135C	YJL110C
YDL140C	YDR432W
YLR259C	YNL085W
YGL123W	YLR192C
YKL021C	YLR009W
YER105C	YGL172W
YOR042W	YPR119W
YHR114W	YLR337C
YKR048C	YOR244W
YDR214W	YGL195W
YGR092W	YJR060W
YPL031C	YPR042C
YJR022W	YNL242W
YMR192W	YPL249C
YCR046C	YNL252C
YDR436W	YGR252W
YGL051W	YKL146W
YDR188W	YMR146C
YDR462W	YML025C
YMR193W	YPR086W
YDL147W	YMR294W
YDL054C	YDR307W
YFL039C	YIL138C
YBR079C	YPR132W
YBR212W	YNL135C
YML117W	YNL251C
YDR130C	YPL209C
YDR032C	YGL108C
YDL140C	YOL145C
YMR092C	YPL106C
YBR059C	YGL172W
YBL056W	YOR086C
YDL173W	YDR381W
YHR042W	YHR140W
YDL214C	YJL110C
YER018C	YPL016W
YDR227W	YMR106C
YDR146C	YER022W
YJR035W	YNL084C
YCL048W	YCR024C
YER012W	YNR051C
YDR496C	YLR233C
YDR350C	YOR110W
YBR039W	YMR106C
YNL255C	YOR104W
YDL214C	YMR140W
YEL034W	YNL293W
YBR293W	YJR117W
YHR140W	YJL196C
YGL059W	YMR140W
YLR292C	YML008C
YIR038C	YOL147C
YDL047W	YMR246W
YML014W	YNR046W
YLR259C	YNR017W
YDL017W	YJL088W
YHR135C	YIL075C
YJL178C	YOL018C
YER018C	YIR025W
YFL048C	YOL129W
YBR173C	YGL096W
YER012W	YOR259C
YNL078W	YNL307C
YER125W	YLR326W
YBL050W	YIL004C
YEL034W	YFR004W
YDR225W	YDR227W
YDR034C	YER043C
YBR017C	YBR205W
YBR267W	YGL099W
YBL075C	YNL293W
YER032W	YER161C
YDR244W	YKL197C
YBR039W	YJR121W
YER177W	YNL255C
YBR193C	YOL051W
YER125W	YOL005C
YIR038C	YNL111C
YFR024C-A	YNL020C
YIL129C	YPL055C
YBL097W	YKL049C
YDR211W	YNL255C
YBL041W	YER094C
YDR386W	YNL085W
YDR363W-A	YPR045C
YBR059C	YOL068C
YHR027C	YIR036C
YHR114W	YMR232W
YCL014W	YEL023C
YBR136W	YMR259C
YJL117W	YMR106C
YJR112W	YOR269W
YER103W	YPL106C
YOL016C	YOR264W
YAR066W	YNL255C
YDL192W	YPL232W
YFL017C	YNL255C
YKL183W	YNL104C
YNL307C	YOL147C
YPL022W	YPL146C
YHR135C	YMR268C
YEL015W	YKL049C
YER012W	YHR027C
YJR022W	YKR021W
YDR477W	YLL039C
YDR462W	YNL252C
YBR094W	YKR009C
YMR319C	YNL255C
YHR135C	YMR036C
YHL035C	YLL039C
YEL066W	YNL255C
YDL192W	YMR183C
YBR231C	YIL035C
YDR273W	YJL164C
YHR114W	YKR103W
YAL016W	YHR082C
YDL017W	YDL160C
YAL016W	YGR161C
YGL137W	YOR119C
YDR227W	YMR284W
YCL059C	YNL110C
YNL272C	YPL141C
YDR328C	YOR089C
YDR446W	YML037C
YOR359W	YPL031C
YER116C	YOR058C
YMR196W	YNL020C
YDR254W	YDR383C
YBL041W	YOL038W
YDR073W	YPL016W
YLR409C	YNL255C
YGR092W	YKL104C
YGL008C	YJR059W
YCR028C-A	YGR130C
YEL015W	YER032W
YER129W	YIL035C
YLR131C	YNL157W
YDL075W	YDR130C
YAL005C	YJR073C
YIL093C	YPL118W
YML037C	YOL016C
YBL085W	YJL164C
YBR231C	YNL255C
YDR353W	YNL180C
YCR084C	YPL042C
YHR082C	YJR066W
YIL033C	YMR022W
YEL002C	YLL039C
YGL180W	YKR041W
YBR221C	YDR430C
YBL039C	YHR200W
YIL115C	YJR132W
YDL126C	YNR051C
YLL039C	YPL152W
YNL085W	YPR111W
YLR233C	YML038C
YDR477W	YPL248C
YKL157W	YLR259C
YIL125W	YML064C
YKL059C	YNL222W
YLR134W	YLR175W
YDR214W	YMR186W
YGR130C	YKL051W
YEL023C	YFR053C
YHR034C	YPL146C
YBL091C-A	YDR479C
YDR096W	YPR169W
YJR059W	YKL140W
YER161C	YIL035C
YPL141C	YPL190C
YKL052C	YPL209C
YAL005C	YLR424W
YAR028W	YML129C
YFR004W	YJR104C
YJL019W	YOL012C
YBR275C	YDL042C
YNL084C	YNL250W
YCR088W	YIR003W
YNL216W	YOR290C
YDR013W	YNL102W
YER094C	YFL007W
YJR001W	YPL031C
YKL085W	YNR001C
YLR216C	YMR303C
YBR274W	YDL042C
YCL028W	YPL140C
YDL234C	YLL039C
YLR087C	YNL255C
YEL025C	YMR276W
YDR195W	YKL059C
YKL049C	YPL231W
YKL101W	YNL202W
YGR092W	YML035C
YEL015W	YJR022W
YJL008C	YNR051C
YNL002C	YNR051C
YDR321W	YFR004W
YBR039W	YJR068W
YDR328C	YER062C
YDR409W	YLL029W
YJR121W	YKL049C
YCL032W	YDR032C
YLL039C	YOR087W
YDL230W	YNL307C
YBL045C	YEL024W
YDL101C	YLR437C
YLL039C	YLR175W
YDR028C	YNR034W
YCR073W-A	YHR082C
YDR214W	YKL010C
YOL115W	YPL190C
YGL205W	YJL164C
YDL192W	YHR094C
YOL147C	YPL031C
YDR207C	YNL097C
YBR011C	YLR371W
YDR365C	YIL035C
YGL198W	YLL039C
YGL016W	YGR231C
YHR033W	YHR082C
YAR007C	YNL030W
YOL012C	YPR052C
YKL101W	YLL039C
YBR221C	YGR193C
YBR245C	YER164W
YHR135C	YLR375W
YGL048C	YGR232W
YFR004W	YGR092W
YAL038W	YOL145C
YDL237W	YPR148C
YPL031C	YPL203W
YNL255C	YOR182C
YBL087C	YNR051C
YDL002C	YFL013C
YER112W	YOL149W
YCR091W	YJL089W
YGR205W	YOL016C
YGL106W	YMR309C
YER110C	YFR004W
YBR046C	YNL172W
YKL051W	YLR326W
YDR238C	YLL039C
YLR059C	YNL250W
YDR169C	YJL164C
YDR353W	YGR099W
YGR027C	YLL039C
YDR411C	YHR027C
YDL185W	YDR381W
YHR035W	YJR022W
YJR059W	YLR270W
YMR065W	YNL084C
YAR018C	YJL092W
YGL030W	YHR200W
YAR007C	YDR174W
YIR001C	YMR198W
YDR497C	YNL307C
YLR033W	YML127W
YLR055C	YMR236W
YLR447C	YOR332W
YPL003W	YPR066W
YDR456W	YPL092W
YDR164C	YNR049C
YGR241C	YNL084C
YAL008W	YPL186C
YIL035C	YNL112W
YNL255C	YOR236W
YHL020C	YOL004W
YCR075C	YFL062W
YDR496C	YNL002C
YDL160C	YEL015W
YER022W	YJL167W
YDL192W	YOL129W
YJL164C	YPR019W
YDR331W	YMR296C
YDR211W	YLL039C
YFR004W	YMR261C
YNL135C	YOR335C
YDL165W	YGR092W
YDL077C	YNL304W
YDR498C	YJL019W
YLR127C	YNL172W
YBR274W	YDR168W
YKL143W	YNL255C
YMR028W	YPR040W
YHR082C	YKL051W
YDL147W	YDL216C
YDL238C	YHR047C
YNL255C	YPL037C
YER018C	YNR069C
YDL070W	YGL180W
YBR044C	YKL049C
YLR447C	YOR028C
YFL062W	YML048W
YGR214W	YIL022W
YDL005C	YLR071C
YGL060W	YPL018W
YJL100W	YPL100W
YKL049C	YNL132W
YER172C	YLR424W
YDR032C	YML064C
YBL106C	YOR197W
YDR225W	YKL049C
YDR181C	YDR283C
YLR450W	YPR154W
YHR200W	YOR259C
YBR095C	YNL330C
YDR264C	YFR051C
YCR030C	YKL051W
YFR004W	YNR035C
YBL007C	YER125W
YER020W	YOL105C
YLL039C	YLR206W
YJR099W	YKR094C
YJL164C	YLR216C
YDL141W	YLL039C
YKR051W	YLL039C
YCL054W	YNL255C
YDL101C	YMR226C
YDR207C	YJL164C
YHR135C	YPR091C
YLL039C	YPL186C
YGL181W	YPR171W
YBL058W	YJR059W
YDR306C	YOL025W
YHR140W	YIR038C
YGL108C	YNL255C
YLR424W	YPR082C
YBL045C	YPR054W
YCR075C	YOL016C
YBR023C	YNL255C
YJR059W	YLR437C
YCR088W	YLL039C
YKR048C	YOR112W
YHR200W	YOR303W
YER054C	YPL203W
YIR006C	YMR109W
YBL050W	YNR051C
YDL101C	YHR067W
YER010C	YJL164C
YBR038W	YLL039C
YMR244C-A	YNL255C
YDR004W	YLR394W
YDL002C	YPL082C
YDR003W	YER125W
YKL148C	YLL041C
YGL066W	YGL112C
YBR053C	YLL039C
YBR017C	YDR225W
YDL066W	YMR173W
YBR139W	YLL039C
YHR200W	YKL104C
YPL042C	YPR181C
YGL045W	YNL294C
YGL048C	YHR027C
YIL022W	YNR017W
YBR039W	YMR186W
YFR004W	YLR354C
YGL112C	YPL082C
YBR264C	YGL198W
YDL192W	YMR094W
YDR328C	YER103W
YFR024C-A	YNL255C
YMR140W	YNR031C
YMR223W	YPL082C
YDR353W	YGR209C
YGR267C	YLR132C
YBR059C	YLR206W
YJL008C	YJR066W
YJL191W	YNL124W
YER128W	YOL016C
YBR059C	YPL203W
YDL025C	YGL077C
YDL100C	YIL162W
YFR004W	YGL099W
YLL016W	YNL098C
YDR381W	YKR037C
YKR037C	YLR423C
YLR219W	YLR427W
YDL192W	YHR027C
YDL225W	YNR035C
YER172C	YHR156C
YGL195W	YOL133W
YDR496C	YLR449W
YHR034C	YMR309C
YHR118C	YMR036C
YFL017W-A	YLR014C
YDR320C	YGL195W
YBR249C	YFR004W
YFL013C	YFL039C
YKL135C	YOL108C
YJL196C	YPR028W
YEL002C	YER019C-A
YGL106W	YLR144C
YHR135C	YNL165W
YER182W	YKL142W
YHR135C	YJL084C
YCL059C	YLR175W
YDR113C	YGL180W
YDL017W	YMR146C
YER077C	YPL031C
YFR024C-A	YKL068W
YJL008C	YOR281C
YHR135C	YOR042W
YDR443C	YGR104C
YKL207W	YOR165W
YHR200W	YMR191W
YLR025W	YMR077C
YAL005C	YJL084C
YGL009C	YGR207C
YJL020C	YJL164C
YDR421W	YKR080W
YDL103C	YPL106C
YKL049C	YML124C
YHR140W	YPR156C
YDL140C	YHR187W
YGL190C	YJR138W
YCR084C	YNL236W
YFR029W	YJL156C
YNL124W	YNL302C
YER006W	YLR009W
YDR201W	YKL052C
YDR273W	YLL039C
YBR272C	YFR052W
YDR307W	YML048W
YDR517W	YPR181C
YHR027C	YJL014W
YLR132C	YLR423C
YBR280C	YOL133W
YDR342C	YLL039C
YHR202W	YJL092W
YOR281C	YPL141C
YDL192W	YOL018C
YBR202W	YGR270W
YER107C	YMR308C
YOR173W	YPR025C
YDR479C	YGL104C
YDL223C	YPL141C
YIR028W	YJL183W
YGL237C	YKR028W
YKL101W	YNL136W
YDL160C	YGL014W
YBR017C	YBR120C
YDR211W	YOR260W
YDR405W	YNL185C
YER112W	YJR138W
YHR200W	YNL014W
YDR225W	YGL112C
YCR038C	YGR041W
YFR004W	YHR027C
YDR363W-A	YOR257W
YDR092W	YLR059C
YCR009C	YGR086C
YGR130C	YLR219W
YJR099W	YLL039C
YDL043C	YMR125W
YDR446W	YGL212W
YLR175W	YMR310C
YFL014W	YFR004W
YBR088C	YDR181C
YFL041W	YPR156C
YJL036W	YPL174C
YGL008C	YNR051C
YLR413W	YPR138C
YER179W	YLR127C
YLR310C	YOR101W
YKL052C	YKR037C
YLR090W	YNL255C
YDR056C	YKL207W
YKL171W	YLR455W
YCR073C	YDL056W
YHR135C	YKR041W
YMR049C	YPL141C
YBR072W	YFR004W
YER022W	YGL048C
YCL050C	YPL031C
YGL195W	YHR200W
YNL255C	YOR086C
YDR214W	YKL104C
YER020W	YHR001W
YDR188W	YDR466W
YHR135C	YNL022C
YML038C	YNR066C
YLL039C	YNL307C
YJL052W	YKR042W
YGR214W	YNL112W
YEL002C	YOR103C
YDR113C	YGR098C
YER043C	YGL237C
YDR365C	YDR496C
YDR244W	YOL147C
YKL178C	YNL255C
YER177W	YKL140W
YHR135C	YLR265C
YDR189W	YDR517W
YJL092W	YKL057C
YLR275W	YOR159C
YEL015W	YPR129W
YDR328C	YMR056C
YDL147W	YER012W
YBL067C	YER030W
YGL031C	YIL022W
YNR051C	YOR091W
YHR009C	YPL031C
YGR232W	YOR259C
YDR498C	YGL145W
YBR207W	YGR163W
YDR338C	YLL039C
YJL088W	YPL111W
YCL034W	YNL255C
YGL181W	YIR006C
YCL032W	YNL161W
YGL008C	YKL049C
YCL032W	YPR075C
YLL039C	YPL061W
YBR193C	YLR295C
YOR301W	YPL031C
YKR024C	YPR131C
YDL059C	YGL137W
YDR247W	YPR082C
YBR079C	YJR007W
YLL039C	YNR006W
YGL066W	YMR168C
YJL164C	YMR184W
YFL008W	YHL020C
YML035C	YPL031C
YJR112W	YPL018W
YBR260C	YNL090W
YIL022W	YJR045C
YBL007C	YPR159W
YDL117W	YJR059W
YBR031W	YFR004W
YGL190C	YMR109W
YDL230W	YGL158W
YDR394W	YPR131C
YJR121W	YPL078C
YDR189W	YIL004C
YGR175C	YLL039C
YJL153C	YNL138W
YER042W	YLR043C
YAL021C	YGR086C
YGL180W	YLR003C
YER105C	YFR050C
YGL022W	YLL039C
YBR196C	YGL229C
YOL133W	YPR019W
YMR060C	YNL026W
YDR409W	YJL020C
YHR027C	YJL052W
YMR019W	YOL004W
YDL100C	YKL062W
YBR159W	YML048W
YCR066W	YLR032W
YLR071C	YPL042C
YDR392W	YPL248C
YBR245C	YDR174W
YKL127W	YPL031C
YDL047W	YGR161C
YJR059W	YPL100W
YDR256C	YLL039C
YGR250C	YJL008C
YBL035C	YNR052C
YNL103W	YPL038W
YKR034W	YOL145C
YIL030C	YMR022W
YBR274W	YPR145W
YHR154W	YJL090C
YBR177C	YBR274W
YFR036W	YGL240W
YML064C	YPL242C
YAL038W	YKL110C
YIL038C	YPL037C
YGR038W	YJL164C
YBR272C	YIL075C
YDR363W-A	YMR173W
YBR059C	YOL066C
YHR114W	YNL092W
YFR004W	YFR024C-A
YHR135C	YLR350W
YDR346C	YPL111W
YJR112W	YLR045C
YDL160C	YIL106W
YER020W	YJL005W
YDR523C	YGL066W
YJR059W	YLR003C
YDR480W	YHR114W
YDL209C	YML049C
YGR027C	YNR051C
YAR007C	YCR028C-A
YDL101C	YOR332W
YJR161C	YLL039C
YLR097C	YLR289W
YML028W	YOR031W
YNL252C	YNL284C
YER103W	YFR004W
YFL045C	YGL208W
YAL016W	YJR066W
YAL032C	YNL246W
YER125W	YNL157W
YJL052W	YNL255C
YNR024W	YOL115W
YNL255C	YOL155C
YMR186W	YOL012C
YJL164C	YNL121C
YBR229C	YDL210W
YGL167C	YLL039C
YGL198W	YHR105W
YER006W	YLR371W
YNL255C	YOL088C
YDR356W	YLR127C
YDR394W	YKL049C
YDR264C	YOR104W
YJL051W	YJR059W
YHR094C	YJR066W
YDL025C	YMR196W
YAL017W	YHL024W
YDL140C	YPL082C
YOR335C	YPL209C
YBL007C	YBR136W
YER177W	YIR003W
YJR022W	YMR268C
YHR027C	YOR185C
YDL117W	YPL158C
YDR523C	YNL186W
YBR251W	YJR096W
YDR379W	YNL307C
YBL039C	YJR103W
YJR059W	YNR047W
YDR346C	YNL255C
YBR126C	YCR079W
YDR244W	YHR160C
YGL005C	YML071C
YDR328C	YER012W
YOL147C	YPL203W
YJL008C	YJL014W
YCR042C	YLR115W
YHR027C	YKL211C
YLR313C	YPL140C
YLR166C	YLR259C
YER107C	YFR002W
YKL035W	YPL031C
YNL030W	YNL031C
YLL039C	YMR186W
YBR035C	YJR059W
YGL099W	YLL039C
YGL200C	YHR123W
YHR014W	YPL031C
YDR013W	YGL113W
YDL097C	YOL038W
YCL039W	YDR342C
YBL088C	YDL101C
YCR091W	YNR047W
YDL025C	YGR016W
YHR034C	YJR022W
YER022W	YKL117W
YDL101C	YDR171W
YDR331W	YJR117W
YBL033C	YPR172W
YIR005W	YKL074C
YCL043C	YKL049C
YDL139C	YJL013C
YGR027C	YGR252W
YDR092W	YLL039C
YHR027C	YJL008C
YBR114W	YKL112W
YDL014W	YNR051C
YAL032C	YER172C
YBL030C	YLR348C
YCR091W	YMR184W
YFL026W	YPL189W
YBR072W	YPR056W
YBL084C	YKL022C
YGR252W	YKL104C
YJR009C	YNL255C
YCR088W	YFR004W
YLR427W	YPL012W
YDR050C	YKL060C
YNL185C	YNL255C
YCR046C	YDR462W
YLL019C	YOL016C
YGL158W	YML037C
YGL190C	YHR033W
YJR059W	YLR259C
YBR088C	YFL029C
YDL098C	YER112W
YGL226W	YNL255C
YGR086C	YLL039C
YER125W	YMR216C
YFR004W	YPR183W
YFR024C-A	YMR232W
YGR048W	YLL039C
YDR328C	YMR094W
YDL043C	YDR180W
YLR447C	YNL161W
YNL255C	YNR036C
YGL237C	YKR048C
YMR308C	YNL030W
YGR233C	YKL049C
YBR136W	YDL101C
YFR024C-A	YJL045W
YCR066W	YOR128C
YCR091W	YDR007W
YML049C	YOR159C
