YMR207C	YNR016C
YIL135C	YMR139W
YNL316C	YOL082W
YLR075W	YNL110C
YHL047C	YHR079C
YDR477W	YOR027W
YDR412W	YPR143W
YCR038C	YPR122W
YJR047C	YPL141C
YCL035C	YMR059W
YGL120C	YGR220C
YKL104C	YKL211C
YEL039C	YJL164C
YAL017W	YOL045W
YCR072C	YPR016C
YGR281W	YHR114W
YDR392W	YOL148C
YDL028C	YMR114C
YJL052W	YOL013C
YDR356W	YPL255W
YDR409W	YLR303W
YHR027C	YOL133W
YER133W	YLR002C
YDR257C	YJR059W
YCR072C	YER006W
YML005W	YNR046W
YAL038W	YPL031C
YGL158W	YHR185C
YEL034W	YIL148W
YER112W	YER124C
YDR283C	YER172C
YLL023C	YPR028W
YIR037W	YLR216C
YAL018C	YCL025C
YGR105W	YML012W
YER094C	YOR157C
YCR073C	YMR117C
YDL126C	YDL190C
YDR059C	YPL037C
YGL130W	YMR309C
YBR142W	YNL110C
YER177W	YPR030W
YHL003C	YJR010C-A
YBR055C	YCR053W
YGL076C	YNL178W
YMR029C	YMR052W
YKR060W	YNL110C
YGL158W	YOR018W
YDL148C	YDR449C
YKR081C	YOR294W
YBL026W	YDR473C
YOR244W	YPL004C
YER131W	YGL180W
YJL164C	YNL182C
YOR047C	YOR358W
YBR212W	YPL037C
YGR214W	YGR240C
YER177W	YPR152C
YBL055C	YGL180W
YLR291C	YNL244C
YHR198C	YML064C
YLR419W	YMR117C
YKR014C	YMR231W
YDL207W	YKL068W
YDR466W	YLR196W
YNL230C	YPL004C
YJR002W	YLL011W
YML095C	YPL022W
YBR202W	YDL029W
YGL150C	YGR274C
YBR095C	YNL097C
YGL116W	YJL111W
YBR126C	YDR074W
YER177W	YPR080W
YBR218C	YLR430W
YMR081C	YPL203W
YDR116C	YKR006C
YJL095W	YPL012W
YJL013C	YPL209C
YDR318W	YJR112W
YHL009C	YLR336C
YDR335W	YML103C
YDL134C	YOR073W
YDL203C	YGR058W
YNR064C	YOL045W
YKR018C	YPR106W
YCL024W	YKL181W
YCR057C	YLR448W
YJL095W	YKL129C
YBR055C	YML046W
YEL023C	YJL203W
YPL070W	YPR152C
YJR017C	YLR216C
YBR183W	YOL132W
YNR046W	YOL124C
YCR093W	YOL133W
YDR101C	YDR412W
YLL008W	YPL211W
YLR238W	YMR052W
YDR155C	YIL112W
YDR124W	YPR049C
YDR192C	YPL093W
YBL026W	YNL264C
YER103W	YGR192C
YAR007C	YBR215W
YDR331W	YDR456W
YDR498C	YLR440C
YLL060C	YOR074C
YKL161C	YPL089C
YDR130C	YHL034C
YBL023C	YDR473C
YKL203C	YOR035C
YNL027W	YPL141C
YDL097C	YPL082C
YER177W	YOR220W
YDR130C	YLR340W
YJL081C	YLR399C
YBR191W	YLR448W
YEL039C	YGL078C
YHR169W	YPR121W
YHR016C	YPL249C
YDL015C	YJL117W
YBR208C	YOL133W
Q0085	YKL016C
YLR237W	YML132W
YDL132W	YLR224W
YHR020W	YKL104C
YBR069C	YPR198W
YCR061W	YNR066C
YLR310C	YPL038W
YGR235C	YJL164C
YDL028C	YDL203C
YDR256C	YOL045W
YCL009C	YKL010C
YMR001C	YOR372C
YBR114W	YLR044C
YGL180W	YJR019C
YDR328C	YLR399C
YJL124C	YOR320C
YBL023C	YEL032W
YBL042C	YGR055W
YOR117W	YPL031C
YDR342C	YKL203C
YDR142C	YPL226W
YIL035C	YPR143W
YDR142C	YGR077C
YJR145C	YNL132W
YDR392W	YLR055C
YDR043C	YDR477W
YJL052W	YLL060C
YCL054W	YKR081C
YMR242C	YOL120C
YBR274W	YLR258W
YER103W	YOR304W
YIL074C	YLR291C
YDL055C	YPR034W
YER023W	YOR244W
YEL013W	YLR291C
YBR154C	YER139C
YER133W	YJL130C
YBL058W	YLR291C
YHR174W	YOL135C
YDR301W	YGR240C
YLR044C	YNL127W
YFR030W	YIL094C
YKL210W	YOR339C
YMR020W	YNL246W
YDL108W	YOR151C
YJR145C	YNL055C
YCR009C	YNL209W
YKL064W	YPL203W
YMR001C	YPL192C
YGR103W	YOR039W
YGL158W	YGR276C
YHR134W	YKL172W
YDR129C	YMR246W
YBR109C	YDL028C
YOL120C	YPL198W
YGL180W	YOL078W
YBR065C	YNR011C
YLL008W	YOR231W
YDL097C	YDR427W
YBR010W	YNL054W
YHL009C	YPL141C
YBR207W	YPL203W
YDL132W	YJL047C
YGR105W	YPR036W
YDL140C	YLR115W
YDL065C	YNL214W
YLR427W	YPL031C
YDR489W	YML069W
YNL047C	YPL231W
YIL035C	YLR079W
YER036C	YPR036W
YER172C	YNR011C
YGL105W	YLR138W
YER133W	YKL203C
YER002W	YLR009W
YGR104C	YNL209W
YGL076C	YMR142C
YLR448W	YMR061W
YGR225W	YKL022C
YGL066W	YGR252W
YDR477W	YLR265C
YER105C	YML031W
YKL127W	YOL045W
YAL038W	YDL055C
YMR142C	YOL120C
YLR449W	YOL077C
YHL002W	YIL156W
YDR171W	YGL120C
YKL151C	YPL070W
YHR090C	YOR244W
YIL095W	YLR196W
YGL022W	YMR149W
YHR079C	YNL097C
YIL027C	YPL070W
YDR330W	YGR003W
YBL003C	YGR252W
YCL032W	YNL090W
YLR258W	YPL141C
YML046W	YML049C
YCL054W	YER133W
YDL140C	YGL070C
YDR424C	YIL095W
YDR420W	YHR154W
YDL055C	YNR016C
YOR106W	YPL045W
YBR289W	YMR043W
YEL017C-A	YNL194C
YGR120C	YLR291C
YDL028C	YJR112W
YJL122W	YPR017C
YDL108W	YDR188W
YDL006W	YPL031C
YDL100C	YDR451C
YBL007C	YBR205W
YDL207W	YDR192C
YML117W	YPL031C
YCR012W	YLR044C
YGR126W	YJR084W
YDR276C	YJL117W
YHR027C	YPR165W
YJL057C	YML117W
YDR135C	YIL035C
YIL126W	YPR034W
YAL035W	YMR242C
YBL002W	YER030W
YAL013W	YPL082C
YDR060W	YHR066W
YER115C	YJL020C
YLR413W	YML072C
YGL094C	YKL054C
YDR307W	YKL065C
YBR169C	YDR171W
YER112W	YGL180W
YGR274C	YNL178W
YEL013W	YFR035C
YOR157C	YPR103W
YKL064W	YLR138W
YGL142C	YML012W
YGL076C	YHR200W
YCR073C	YMR165C
YDR486C	YLR181C
YGR055W	YOL105C
YIL020C	YPL031C
YKL203C	YMR011W
YMR031C	YMR111C
YGR103W	YHR088W
YBL007C	YPR030W
YIL125W	YKL198C
YLR430W	YNL073W
YAR007C	YOR304W
YCR024C-A	YLL023C
YKL049C	YNL246W
YDL200C	YGL121C
YKL103C	YOL082W
YDR449C	YNL209W
YGR105W	YMR123W
YEL062W	YPL255W
YCL027W	YLR117C
YDR335W	YGL003C
YMR242C	YPL093W
YGL059W	YLR003C
YAR019C	YFR028C
YHR200W	YNL055C
YDL195W	YIL035C
YBR169C	YKL049C
YIL077C	YPL031C
YAR031W	YDL054C
YJR010C-A	YKL065C
YHR027C	YJL001W
YMR129W	YPR080W
YGR161C	YMR299C
YKL129C	YPL038W
YFR052W	YIL075C
YDL188C	YNL085W
YHR154W	YJL047C
YER035W	YPL004C
YDL143W	YKL049C
YIL046W	YOL133W
YLR303W	YLR377C
YAR031W	YBR069C
YLR009W	YNL110C
YDL108W	YER064C
YDR118W	YMR134W
YLR407W	YOR294W
YLR056W	YMR015C
YAR019C	YCL035C
YGR192C	YOR117W
YDL029W	YFL039C
YKL116C	YMR203W
YDR293C	YMR105C
YGL147C	YLR406C
YBR055C	YJR059W
YGR218W	YHR020W
YBR055C	YLR446W
YBL003C	YIL126W
YLR304C	YMR246W
YDR101C	YPL211W
YDR477W	YMR102C
YGL076C	YLR448W
YPL093W	YPR102C
YJR104C	YPL031C
YBL021C	YOR358W
YGL161C	YHR105W
YBL003C	YBR202W
YIL009W	YML086C
YCR008W	YKR081C
YLR002C	YOR267C
YDR052C	YMR001C
YLR029C	YMR242C
YDR233C	YOR117W
YIL027C	YMR149W
YDL147W	YPR103W
YDR394W	YIL075C
YGL161C	YJL095W
YDR129C	YOL013C
YFL037W	YNL212W
YJR059W	YMR081C
YBR274W	YLR152C
YHR114W	YJL203W
YMR231W	YPL195W
YGL180W	YLR192C
YDR424C	YKR054C
YFR024C-A	YPR081C
YGL120C	YLL019C
YFR001W	YKL130C
YKL203C	YPL249C
YGR274C	YLR399C
YBL031W	YGL158W
YJL154C	YOR048C
YAL038W	YDL207W
YOL077C	YPL211W
YBL041W	YGR253C
YDR169C	YML112W
YBR188C	YLR117C
YJL110C	YKR034W
YKL203C	YNL183C
YAL038W	YDR130C
YDL185W	YDR328C
YOR250C	YPL203W
YGL059W	YOR083W
YBR093C	YGR282C
YGL076C	YPL093W
YMR165C	YPL031C
YLR002C	YLR029C
YBR295W	YIL030C
YDR335W	YLR335W
YLR057W	YMR289W
YDR392W	YGR252W
YGL127C	YLR071C
YJL164C	YOR134W
YKL161C	YPL031C
YJL122W	YLR074C
YJL069C	YLR222C
YLR028C	YNR034W
YBR247C	YNL075W
YGR192C	YJL052W
YDL132W	YLR368W
YJL148W	YMR269W
YJL148W	YOR210W
YBR065C	YMR309C
YDR398W	YHR084W
YHR200W	YPR069C
YDL028C	YJL084C
YFR028C	YMR001C
YBR044C	YIL126W
YNR054C	YOL120C
YGR047C	YPL008W
YJR059W	YML031W
YKL081W	YKL104C
YHR027C	YLR370C
YCR008W	YOR018W
YHR200W	YIR026C
YDR422C	YOR027W
YDR477W	YNL257C
YDR384C	YNR060W
YOR151C	YPR133C
YBR095C	YCR009C
YBR023C	YLR242C
YMR139W	YMR205C
YLR340W	YNL178W
YAL053W	YCR030C
YLR075W	YMR242C
YBR126C	YLL019C
YDR456W	YNR056C
YAL035W	YEL054C
YBR168W	YDL065C
YER177W	YNL267W
YDL207W	YER107C
YAL043C	YLR340W
YER155C	YPL210C
YHL030W	YOL133W
YGL099W	YGL120C
YMR128W	YPL139C
YAL051W	YPR169W
YMR258C	YNL093W
YNL110C	YNL182C
YBL003C	YDR083W
YIR026C	YJL122W
YHL033C	YJL164C
YDL207W	YMR255W
YLL024C	YLR035C
YGL120C	YMR230W
YDL019C	YJL207C
YDR301W	YER133W
YGR159C	YJL164C
YIL035C	YMR173W
YOR244W	YPL110C
YCR093W	YDR293C
YLL011W	YML093W
YFR010W	YLR106C
YBL024W	YIL035C
YDR207C	YOR355W
YKL049C	YNL055C
YJL129C	YKL142W
YDR244W	YNL329C
YCR030C	YKL049C
YDR538W	YMR304W
YDL123W	YLL048C
YDR499W	YGR218W
YDR412W	YGL111W
YBL007C	YOR109W
YER133W	YGR156W
YAL013W	YKL185W
YDR383C	YKL049C
YFL038C	YPR017C
YDL171C	YLR075W
YDR477W	YKL091C
YGL011C	YIR030C
YHL034C	YOL077C
YIL143C	YOR352W
YHR027C	YIL074C
YHL042W	YLR018C
YKL210W	YOR027W
YAL035W	YIR001C
YJL164C	YNL125C
YDR280W	YOR145C
YLR265C	YLR424W
YDR254W	YOL054W
YER133W	YMR140W
YDL207W	YDR159W
YHL048W	YPR028W
YGR046W	YLR259C
YDR477W	YHL024W
YIL027C	YJL117W
YDR172W	YFL039C
YER133W	YGR103W
YEL043W	YJL074C
YGL011C	YKR070W
YAL021C	YDR443C
YAR019C	YJL095W
YFR028C	YGR092W
YBL026W	YLR117C
YLR259C	YPR016C
YJL164C	YLR003C
YGL059W	YKL181W
YDR489W	YIL150C
YIL143C	YNL085W
YLL008W	YPL141C
YDR265W	YMR026C
YDL007W	YIL075C
YDR335W	YOR359W
YLR396C	YMR231W
YDL065C	YMR047C
YBL021C	YDL185W
YDR310C	YPR152C
YJL095W	YNL186W
YPL082C	YPL235W
YLL008W	YLR002C
YDR394W	YFR010W
YLR075W	YNL132W
YEL032W	YJR046W
YBR207W	YGL006W
YBL106C	YKL117W
YDR328C	YLR267W
YBR039W	YER036C
YJR002W	YMR128W
YGL150C	YLR052W
YOR078W	YPR178W
YOL059W	YOR117W
YDR130C	YGR159C
YDR288W	YLR007W
YBR247C	YDL060W
YBR107C	YDR318W
YBR201W	YOL013C
YHR027C	YPR108W
YBR020W	YPL248C
YDL007W	YKL049C
YJL154C	YOR272W
YFL037W	YKL049C
YBR023C	YKR027W
YDR016C	YLR117C
YBL003C	YPL235W
YMR227C	YPL248C
YGL076C	YLR441C
YJL117W	YLR018C
YAL013W	YBR095C
YDR101C	YNL209W
YDR414C	YFR024C-A
YHL009C	YMR314W
YBR010W	YDR469W
YAL035W	YDR060W
YLR196W	YNR038W
YHR206W	YPR165W
YKL185W	YPL031C
YBR283C	YKL065C
YGL198W	YGL210W
YDR069C	YMR304W
YBR126C	YBR265W
YBR217W	YHR033W
YEL013W	YFL039C
YEL048C	YGR155W
YFL038C	YHR027C
YKL064W	YPL031C
YAR007C	YDR129C
YBL004W	YHR196W
YDL188C	YPL235W
YOR054C	YPL031C
YGL055W	YML012W
YGL120C	YGL130W
YLR029C	YPR143W
YFR001W	YNL186W
YCL037C	YGL014W
YER172C	YJR068W
YDR011W	YPR156C
YJL020C	YJR115W
YFL039C	YOR117W
YHR200W	YNL239W
YHR174W	YKL049C
YDR473C	YPL004C
YHR027C	YOL038W
YGR132C	YNL055C
YER112W	YER172C
YFR052W	YGL048C
YDR412W	YPL211W
YGL213C	YGR008C
YBR109C	YKR025W
YGR092W	YGR220C
YBR169C	YPL012W
YCL010C	YGR252W
YDL207W	YDR017C
YBR280C	YDL132W
YJL117W	YMR134W
YGR092W	YML037C
YMR047C	YNL078W
YDR229W	YPR152C
YGL023C	YNL183C
YOL038W	YPR108W
YDR045C	YDR328C
YDR054C	YIL046W
YAR007C	YER078C
YCR012W	YOR117W
YNL178W	YOR117W
YOR007C	YOR164C
YGL116W	YNL024C
YER124C	YHR200W
YKL206C	YPR103W
YER166W	YOL115W
YBR267W	YDR101C
YAL011W	YLR385C
YDR520C	YJL110C
YMR314W	YPR103W
YCL039W	YDL185W
YBR010W	YER142C
YNL055C	YOR117W
YAL019W	YOL045W
YBR247C	YGR090W
YIL171W	YJR117W
YCL039W	YPL139C
YDL140C	YLR005W
YBR011C	YPL111W
YDR087C	YOL077C
YBR065C	YDR429C
YIL007C	YLR304C
YGL006W	YJL178C
YJR010W	YLR291C
YDL100C	YHR128W
YBL103C	YBR010W
YJR059W	YKL181W
YLR216C	YNL278W
YGR253C	YOR157C
YFR028C	YML064C
YDR188W	YJL111W
YGL048C	YML012W
YBR254C	YGR143W
YER002W	YGR103W
YBR010W	YER147C
YIR026C	YPR164W
YGR058W	YGR136W
YLR075W	YOR117W
YHR200W	YNL302C
YGL011C	YGR253C
YBR283C	YPL076W
YGR103W	YOL077C
YEL034W	YNL085W
YHR027C	YOR374W
YDL134C	YGR161C
YBL024W	YLR096W
YBR217W	YGR120C
YGL009C	YHR027C
YDL207W	YGR192C
YBR109C	YNL281W
YJL013C	YJL030W
YGR159C	YLR410W
YBR020W	YML088W
YAL013W	YPL139C
YDR131C	YOL025W
YOR039W	YPL235W
YDR195W	YLR115W
YDR477W	YJL110C
YCL024W	YPL093W
YDL134C	YPL235W
YCR072C	YDR101C
YAL011W	YDL181W
YDL081C	YHR154W
YLR019W	YLR310C
YAR027W	YHR048W
YMR077C	YPL065W
YJL164C	YNR019W
YDL030W	YDR421W
YGL256W	YLR182W
YBR154C	YLR223C
YDR328C	YOR057W
YER008C	YGR218W
YJR091C	YLR156W
YGL120C	YGR130C
YGL113W	YHL024W
YLR385C	YPL235W
YBL003C	YDR052C
YCR057C	YLR003C
YKL049C	YPR091C
YBL074C	YOR308C
YGL099W	YOR244W
YNL048W	YPL076W
YOR189W	YPL235W
YGR092W	YMR165C
YER155C	YOL087C
YDL028C	YNL116W
YDR188W	YML028W
YDL110C	YOR078W
YGR092W	YLL008W
YJR145C	YPR144C
YJL020C	YPL031C
YDR129C	YHR027C
YDL100C	YNR067C
YLR015W	YPL138C
YML057W	YPR108W
YER036C	YLL011W
YDR122W	YGR097W
YLR457C	YMR001C
YOR294W	YPL180W
YMR139W	YOL061W
YDR027C	YOR036W
YLR441C	YLR448W
YDL083C	YNL110C
YJR002W	YOR078W
YDR054C	YPR164W
YHR027C	YOR117W
YBL003C	YCL054W
YBL007C	YOR008C
YBR267W	YJL122W
YHR111W	YPL031C
YER054C	YJL164C
YDL135C	YPR165W
YAL051W	YPL146C
YCR093W	YDR378C
YHR207C	YLR096W
YLR320W	YLR432W
YBR283C	YPL234C
YLR117C	YPR101W
YBR135W	YKR091W
YDL190C	YML100W
YBR109C	YLR196W
YJL164C	YLR173W
YLR440C	YNL258C
YDR466W	YML037C
YBR108W	YCR009C
YNL113W	YNL248C
YGR281W	YOR273C
YBR196C	YDR172W
YFR027W	YJL074C
YGL014W	YGL070C
YDR239C	YGL180W
YNL110C	YNL132W
YER062C	YKL069W
YBL023C	YLR002C
YBL047C	YOL054W
YFR027W	YPL008W
YGR270W	YNL248C
YDL143W	YHR200W
YDL183C	YPL209C
YEL017C-A	YJR117W
YHR088W	YPL198W
YAL032C	YNL078W
YLR096W	YML006C
YEL034W	YOL133W
YGR056W	YPR034W
YDR477W	YHR189W
YGL076C	YJR145C
YOR070C	YOR089C
YLR330W	YNL045W
YBL002W	YOL006C
YAL038W	YHR027C
YKL185W	YNL097C
YDL160C	YPR082C
YGR086C	YMR059W
YBR109C	YNR035C
YDL147W	YHR200W
YKL068W	YPL012W
YFL050C	YOL130W
YAL021C	YLR418C
YCR008W	YPL031C
YDR101C	YLR397C
YER112W	YJL203W
YHL006C	YNL021W
YDL239C	YOR304C-A
YMR174C	YPL154C
YCR009C	YPR152C
YDL097C	YHR200W
YFR001W	YPR016C
YOR230W	YPR165W
YDR087C	YJL095W
YCR008W	YLL011W
YGR209C	YLL060C
YDL132W	YML088W
YGR214W	YLR432W
YCR009C	YKL203C
YLR223C	YOR039W
YBR280C	YDR328C
YJL081C	YPL235W
YBR020W	YMR117C
YBR278W	YCL032W
YFR010W	YHL030W
YLR206W	YPL115C
YCL054W	YLL008W
YLL019C	YMR102C
YAL021C	YGR155W
YDL100C	YOR007C
YGR097W	YKL116C
YHR200W	YOR176W
YDR364C	YGR278W
YDR011W	YGL056C
YLR438W	YPL150W
YAL017W	YMR184W
YBR108W	YIL095W
YCL014W	YNL209W
YMR196W	YOR244W
YDR310C	YFR024C-A
YDL013W	YJR091C
YDL185W	YKL080W
YCR093W	YGR274C
YMR227C	YNL027W
YNL090W	YOR089C
YGL105W	YPL209C
YER178W	YOR090C
YGR253C	YPR103W
YCR042C	YNL222W
YKL215C	YLL026W
YCR038C	YLR353W
YDR265W	YPL031C
YHR114W	YOR389W
YCL009C	YNL157W
YFR052W	YMR314W
YBR247C	YOR145C
YDR412W	YEL054C
YJL084C	YNL183C
YGR052W	YNL076W
YBR086C	YNL194C
YFR050C	YPR103W
YDL227C	YER143W
YJL153C	YOR120W
YEL044W	YLR052W
YLR115W	YPR107C
YMR172W	YOR039W
YML024W	YPR144C
YGL018C	YPL031C
YDL153C	YIL095W
YBR164C	YPL031C
YBL024W	YOL113W
YHR169W	YJR002W
YIL095W	YPR152C
YDR427W	YMR191W
YGR232W	YHR027C
YDR162C	YDR277C
YHR196W	YOL010W
YAL021C	YDR188W
YGR031W	YIL107C
YGL076C	YOL120C
YFR010W	YPR108W
YDR277C	YJR090C
YEL019C	YHR154W
YFL039C	YNL110C
YER112W	YJL124C
YKR083C	YMR083W
YKL116C	YPR013C
YDL140C	YOR117W
YBL007C	YER027C
YLR196W	YPR152C
YDL030W	YER172C
YDR060W	YJL033W
YCL032W	YCR027C
YGR258C	YPL248C
YDR436W	YOR054C
YJL148W	YMR239C
YBR077C	YKR007W
YDR466W	YOL082W
YDL216C	YMR025W
YDL055C	YJL074C
YGR088W	YLR291C
YJL122W	YPR016C
YBL049W	YHL010C
YLR145W	YNL282W
YDR188W	YPL150W
YHR020W	YHR200W
YBL003C	YOL006C
YNR011C	YOR148C
YER177W	YGL181W
YGR270W	YPL115C
YKL142W	YNL063W
YBR196C	YLR088W
YBL002W	YOL054W
YJL057C	YML121W
YDR122W	YML006C
YFR024C-A	YMR259C
YJR002W	YNL075W
YOR110W	YPL007C
YDR398W	YJR070C
YDL207W	YPR080W
YBL003C	YLR186W
YLL011W	YNL110C
YJL095W	YOR107W
YDL115C	YOR151C
YOL072W	YPL031C
YJR145C	YOL120C
YOR288C	YPL209C
YDR489W	YLR274W
YER133W	YOR117W
YDR092W	YGL087C
YDL209C	YLR117C
YNL097C	YPL082C
YOL049W	YPL031C
YKR081C	YPL093W
YDL089W	YPR028W
YGR188C	YNL265C
YBL041W	YER105C
YNR019W	YPL031C
YPL031C	YPR091C
YGL035C	YKL074C
YJL095W	YNL022C
YBR201W	YMR297W
YDR477W	YJR111C
YKL058W	YOR194C
YKL025C	YLR291C
YIL075C	YMR001C
YGL180W	YPR185W
YGR136W	YPR081C
YIL150C	YJR112W
YDL097C	YKL049C
YDL209C	YDR364C
YDR422C	YER129W
YDR195W	YJL033W
YML086C	YNL007C
YHR156C	YOR238W
YJR001W	YPL203W
YJR072C	YPL203W
YDR171W	YOR151C
YKL041W	YLR025W
YOR267C	YPR016C
YGR095C	YOR145C
YKR060W	YLR186W
YHR200W	YLR438W
YBR055C	YOR308C
YGR214W	YHR200W
YDR477W	YGL158W
YDR392W	YGL112C
YKL148C	YOL071W
YER027C	YER162C
YGL111W	YOR272W
YER042W	YIR037W
YNL095C	YPR198W
YGR130C	YOR273C
YJL074C	YMR076C
YGL070C	YPR093C
YGR281W	YKL203C
YER133W	YPR160W
YDR168W	YOR027W
YDL006W	YPL141C
YGR008C	YIL143C
YDL126C	YKL049C
YDL028C	YPR048W
YAR007C	YMR224C
YDR477W	YNL218W
YGL181W	YPL049C
YDL060W	YIL095W
YLR313C	YNR032C-A
YJL164C	YNL093W
YMR291W	YOR089C
YBR095C	YDR207C
YCR008W	YPL004C
YLR418C	YML069W
YHR118C	YOR294W
YBR274W	YDR516C
YDR301W	YNL222W
YFL034W	YPL110C
YGR252W	YPL031C
YBL002W	YKL049C
YHR200W	YNL209W
YKL203C	YMR104C
YOR191W	YPL082C
YJL095W	YNL209W
YDR009W	YOL133W
YCR057C	YML024W
YKL181W	YPL031C
YAR031W	YGL053W
YDL171C	YGR214W
YGL180W	YLR265C
YGL111W	YPR143W
YGL076C	YMR086W
YBR098W	YHR016C
YLR117C	YPR152C
YLR117C	YNR011C
YGR092W	YJR142W
YGL151W	YGR104C
YKL008C	YMR298W
YJR102C	YMR077C
YJL141C	YPL247C
YFL008W	YIL126W
YEL034W	YJR047C
YER039C	YGL070C
YLR005W	YPR056W
YDR180W	YJL074C
YBR010W	YGR270W
YLR441C	YNL178W
YBR011C	YBR217W
YOL034W	YOR284W
YDL029W	YOR117W
YGL180W	YMR140W
YDL148C	YNL110C
YDR280W	YNL248C
YHR128W	YOR117W
YDL140C	YDR463W
YGR275W	YKR008W
YNR033W	YOL045W
YER132C	YPL203W
YDR463W	YJR090C
YML062C	YOR191W
YDR486C	YLR025W
YDR364C	YJL141C
YBR065C	YLR117C
YIL135C	YLR096W
YOL066C	YPL031C
YGL012W	YNL280C
YDL126C	YPR152C
YDR318W	YGL060W
YFR028C	YIL075C
YGL237C	YPL166W
YJL164C	YKL008C
YHR200W	YOR341W
YIL143C	YML086C
YDL065C	YKL189W
YER133W	YPR016C
YDR146C	YPL031C
YGL206C	YNL007C
YGL180W	YLR125W
YGR090W	YKL172W
YKR009C	YPL209C
YFL038C	YLR268W
YDR316W	YPR121W
YCR030C	YIL095W
YBL007C	YFR024C-A
YKL130C	YLR196W
YBR188C	YKR034W
YGR082W	YML086C
YIR026C	YPL169C
YDL055C	YHR027C
YGR090W	YPL266W
YER008C	YIL068C
YGL021W	YLL015W
YGR232W	YNL244C
YGL076C	YPL198W
YBR183W	YJL117W
YHL048W	YHR140W
YNR011C	YPL151C
YDL207W	YDR172W
YHR134W	YMR095C
YDR032C	YDR369C
YFL008W	YJR112W
YDR171W	YFR028C
YGL158W	YHR104W
YDL239C	YDR520C
YMR140W	YOR244W
YBR182C	YMR172W
YGL181W	YPL031C
YDR087C	YMR048W
YML062C	YOR244W
YER036C	YOR117W
YCL052C	YHR140W
YDR087C	YKR081C
YCL010C	YDR392W
YOR244W	YPL082C
YFL038C	YLR396C
YAL021C	YNL278W
YBR154C	YPL203W
YBR254C	YDR108W
YDR087C	YOR267C
YDR328C	YJR090C
YBL058W	YJL006C
YDR011W	YGR055W
YBR109C	YEL034W
YBL004W	YGR220C
YLR460C	YPL031C
YKL172W	YOR272W
YJR145C	YML062C
YKR014C	YOL018C
YER069W	YHR027C
YKR024C	YKR081C
YDR277C	YJL020C
YKL182W	YML100W
YNL132W	YNR054C
YBR267W	YLR009W
YFL037W	YHR128W
YJL020C	YOR047C
YHR016C	YPR081C
YLR216C	YOR027W
YKL054C	YKL117W
YLR410W	YML069W
YKR081C	YLR340W
YBL085W	YOL135C
YDL188C	YNL209W
YDR188W	YDR477W
YKL074C	YNL210W
YDL207W	YER105C
YER133W	YLR340W
YJR092W	YLR096W
YGR155W	YMR059W
YIL095W	YPR160W
YDL147W	YFR010W
YKL182W	YLR044C
YDR477W	YIL107C
YDL220C	YPL150W
YDL148C	YER035W
YGL116W	YPL004C
YCR012W	YDL097C
YGR270W	YML069W
YBL103C	YHR079C
YER177W	YLR177W
YFR001W	YNL230C
YIL053W	YOR117W
YHR113W	YML064C
YDR101C	YLR074C
YBR126C	YJR138W
YBR109C	YDR155C
YDR169C	YPR080W
YJL095W	YOR210W
YLR291C	YPL070W
YNL248C	YOR341W
YOR319W	YPR152C
YDL005C	YGL151W
YDR477W	YLL027W
YDR260C	YEL060C
YER166W	YML072C
YBL003C	YOL054W
YIL035C	YLR196W
YBR109C	YIL095W
YDR342C	YLR340W
YAL053W	YDR497C
YBL103C	YNL076W
YDL006W	YPL180W
YBR188C	YLR424W
YFL039C	YLR291C
YKR007W	YML121W
YGL104C	YHR114W
YDR060W	YMR242C
YBR086C	YJR045C
YPL012W	YPL198W
YLR315W	YOL054W
YIL075C	YMR314W
YGL158W	YLR055C
YJR002W	YPR144C
YBL085W	YNL078W
YHR015W	YPL169C
YJL026W	YOR229W
YAL017W	YOR196C
YIL104C	YJL095W
YDL227C	YHR027C
YGL112C	YMR227C
YJL095W	YNL272C
YPL049C	YPL070W
YBL004W	YJL124C
YDL181W	YKR054C
YDL060W	YNR054C
YGR052W	YIL045W
YLR052W	YOR189W
YGR092W	YKL140W
YER133W	YHL033C
YGR170W	YNL264C
YDR412W	YKR081C
YDR345C	YHR027C
YAL038W	YLR418C
YBL040C	YDR331W
YER002W	YPR016C
YGR103W	YOR272W
YHR105W	YOR292C
YDL097C	YDL147W
YNL110C	YPL266W
YOR127W	YPR165W
YJL140W	YPR093C
YCR057C	YHR196W
YMR043W	YMR227C
YLR079W	YOR039W
YJL148W	YJR063W
YDR374C	YOR231W
YCL024W	YOR141C
YPL012W	YPL266W
YBR267W	YMR242C
YCR072C	YLR009W
YAL055W	YDL065C
YDR037W	YGL180W
YGR252W	YLR418C
YDR382W	YGL076C
YFR050C	YML092C
YDL123W	YML121W
YKL129C	YOR047C
YDL115C	YMR291W
YDR449C	YGR090W
YAL011W	YGR086C
YNL136W	YOR244W
YFR024C-A	YJL194W
YCL014W	YFR028C
YDR006C	YFR028C
YAL068C	YGL158W
YOR145C	YPL266W
YKR072C	YMR149W
YML064C	YMR001C
YML127W	YPR034W
YCR009C	YHR042W
YBR272C	YDL007W
YKL049C	YOR117W
YGL017W	YNL157W
YGL076C	YNL110C
YHR200W	YJL026W
YAL017W	YKL035W
YDL236W	YPR080W
YLR449W	YPL198W
YMR031C	YPL004C
YHR118C	YPR162C
YDR087C	YGL120C
YER131W	YHR027C
YGR086C	YNL073W
YDL029W	YIL062C
YGL156W	YJL074C
YJL194W	YPR162C
YDR161W	YDR466W
YJR050W	YNR011C
YBR217W	YDR214W
YBR109C	YPL031C
YLR186W	YPR144C
YCL031C	YLR310C
YGL076C	YML126C
YGL090W	YLR424W
YJL006C	YNR064C
YDR316W	YLR447C
YAL011W	YBL003C
YER006W	YHR088W
YJL020C	YJR149W
YNL209W	YPR144C
YCL025C	YCL027W
YDL140C	YDR356W
YDR364C	YLR117C
YHR158C	YJR059W
YNL186W	YOL113W
YGL073W	YJL141C
YGL180W	YGL248W
YGL070C	YGR186W
YBL007C	YLR206W
YDL132W	YNL055C
YLR128W	YLR306W
YKL073W	YOL087C
YAL008W	YJL033W
YGL056C	YML072C
YJL130C	YPR152C
YGL127C	YOR047C
YBL004W	YGL120C
YER031C	YGL198W
YLR378C	YMR149W
YAL038W	YHR169W
YKL210W	YPR080W
YDL140C	YGR097W
YER030W	YJL125C
YKL065C	YMR149W
YAL027W	YPL022W
YHR140W	YPL076W
YDR155C	YNL244C
YDR466W	YHL024W
YER178W	YKL049C
YBR221C	YLR418C
YDR364C	YLR424W
YNL182C	YPL031C
YBR188C	YGL120C
YBR191W	YGL147C
YHR174W	YHR200W
YNR011C	YPR178W
YGR239C	YMR267W
YDR429C	YLR192C
YJL011C	YPR055W
YBL026W	YIL066C
YJR138W	YLR096W
YJL095W	YLR196W
YGL111W	YOR005C
YLR074C	YMR142C
YBL040C	YDR414C
YHR174W	YPR152C
YFR024C-A	YGL104C
YGR188C	YMR304W
YER133W	YLR449W
YDL153C	YJL164C
YAR031W	YCR030C
YMR309C	YOL087C
YGR274C	YPL128C
YDR288W	YOR358W
YBL026W	YOR191W
YBR135W	YFR050C
YDR456W	YIR022W
YDL140C	YLR015W
YOR267C	YPR160W
YBR135W	YLR210W
YLL019C	YLR044C
YBL007C	YDR382W
YJL057C	YNL113W
YJL088W	YOR117W
YDL215C	YMR304W
YDL055C	YPL226W
YKL081W	YPR152C
YML049C	YMR117C
YAR007C	YCR012W
YDR216W	YOL148C
YBR023C	YBR180W
YBL003C	YLR449W
YBL002W	YLR442C
YER133W	YLR430W
YPL018W	YPR018W
YDL007W	YOR117W
YDR188W	YKL104C
YIL126W	YNL116W
YGL048C	YMR001C
YBR217W	YLR216C
YDL113C	YFR028C
YER172C	YGR278W
YDR520C	YKR034W
YER172C	YPR082C
YDR054C	YFL029C
YBL007C	YHL002W
YDR378C	YER112W
YFL024C	YGL158W
YGL037C	YHR200W
YBL007C	YBR250W
YDR027C	YLR262C
YBR274W	YJL124C
YHR079C	YPL128C
YJL095W	YNL125C
YDR330W	YOL133W
YBR289W	YPR034W
YAL021C	YOR027W
YBR155W	YDR477W
YDL185W	YHR200W
YGL059W	YLR258W
YDR335W	YDR394W
YAL053W	YML072C
YBL003C	YJR010C-A
YLL024C	YPL022W
YBR121C	YLR427W
YCR093W	YGL014W
YDL083C	YHR200W
YCR008W	YNL106C
YJL001W	YML092C
YKL104C	YOR151C
YBL085W	YDR036C
YDL108W	YPR056W
YGR270W	YKR008W
YER006W	YGL120C
YKL114C	YKL164C
YBR217W	YNL208W
YFR001W	YKR024C
YKR024C	YOR294W
YDR188W	YHR174W
YGR192C	YKL129C
YAL031C	YER172C
YDL126C	YLR450W
YDR254W	YOL091W
YJR032W	YML062C
YER177W	YFR028C
YGR274C	YJR140C
YGL120C	YPL146C
YFL038C	YML086C
YGR092W	YPL242C
YLL024C	YPR144C
YDL134C	YDL188C
YJL191W	YMR142C
YDL215C	YLR432W
YGR258C	YLR005W
YJL124C	YMR080C
YOL088C	YPR117W
YGR130C	YKL049C
YBR126C	YCL040W
YAL016W	YOL113W
YLR102C	YPL031C
YPL049C	YPR017C
YIR007W	YMR205C
YML024W	YML072C
YGL112C	YGL120C
YBL007C	YHR108W
YGL120C	YHR088W
YGR092W	YNR006W
YCR008W	YJL164C
YDR477W	YLR242C
YGL180W	YOL091W
YDL126C	YKL039W
YGL055W	YJR059W
YCL027W	YLR330W
YDL019C	YGR092W
YLR074C	YNL110C
YLR259C	YOR020C
YJL057C	YKL130C
YHR196W	YLL026W
YAL043C	YGR047C
YBR142W	YGL111W
YER033C	YPL031C
YER139C	YJL006C
YGR043C	YNL222W
YAR027W	YGL104C
YBR055C	YBR133C
YDL007W	YMR314W
YGL029W	YOR294W
YLR002C	YPL093W
YAL027W	YBR196C
YDR384C	YPR156C
YCL031C	YDR162C
YJR141W	YPL141C
YLR071C	YOR151C
YGL073W	YOR178C
YLR025W	YNL265C
YNL110C	YPL146C
YJL020C	YLR206W
YHR200W	YOR027W
YKR035W-A	YNL265C
YLR178C	YMR257C
YMR242C	YNL302C
YIL104C	YMR239C
YDR244W	YDR265W
YJR017C	YOR151C
YBR274W	YKL210W
YEL058W	YNL218W
YER105C	YMR129W
YDR084C	YOL018C
YOR098C	YPL169C
YDR293C	YGR092W
YBR231C	YLR385C
YIL030C	YMR264W
YBL078C	YDL028C
YDR142C	YKL103C
YBR169C	YPL004C
YAR027W	YPR128C
YHR079C	YMR165C
YDR505C	YJR059W
YMR260C	YPL209C
YBR055C	YLR424W
YDR060W	YPL012W
YGL059W	YMR165C
YKL207W	YKR076W
YFL039C	YMR260C
YGR129W	YLR117C
YGL051W	YOR267C
YDR060W	YOL077C
YKL022C	YMR001C
YGL120C	YGR090W
YLR268W	YNL258C
YHR206W	YNL027W
YDL065C	YMR026C
YDR130C	YHL033C
YFL039C	YOR367W
YPR144C	YPR163C
YHR027C	YKL081W
YDL203C	YPL031C
YDR087C	YPL141C
YDR378C	YJL124C
YHR114W	YMR162C
YGL198W	YNL304W
YDR460W	YGR274C
YER133W	YER177W
YFL007W	YML092C
YBL007C	YDL203C
YKL049C	YPL226W
YBR169C	YNL209W
YDL126C	YFL044C
YNL248C	YPR178W
YDR453C	YGR185C
YBR274W	YDL236W
YPL049C	YPR082C
YDL132W	YLR352W
YBR069C	YJR010C-A
YGL158W	YHL003C
YBL085W	YJR138W
YGR130C	YPL004C
YHR084W	YPR080W
YGR155W	YML064C
YJL141C	YJR059W
YCR014C	YDL007W
YDL140C	YIL143C
YKL068W	YPL093W
YGL111W	YNL110C
YGL113W	YOR060C
YCR017C	YGR052W
YAL032C	YGL120C
YFL037W	YKL010C
YDR074W	YER178W
YGL003C	YGL116W
YFL008W	YPL155C
YCL052C	YLR268W
YDR345C	YKL203C
YBR179C	YDR142C
YBR107C	YCR008W
YFR001W	YOR267C
YEL032W	YFR028C
YDL083C	YNL178W
YGL166W	YJL154C
YBR247C	YJR002W
YJL068C	YOL017W
YCL032W	YNL180C
YML064C	YPL111W
YHR174W	YLR044C
YDR477W	YPR143W
YGR103W	YJL192C
YML069W	YOL054W
YBR126C	YML100W
YKL189W	YMR303C
YGR086C	YMR086W
YGR240C	YHR027C
YGR116W	YML069W
YGL048C	YHR200W
YHL030W	YHR200W
YBL007C	YPL012W
YFR001W	YKL172W
YBL074C	YDR283C
YKR060W	YPR144C
YGR086C	YPR152C
YOR113W	YPL203W
YJL110C	YJL164C
YDR229W	YMR001C
YBL023C	YDR489W
YDL083C	YMR230W
YDL184C	YJL124C
YBR109C	YLR356W
YFL033C	YNL157W
YFL007W	YJL001W
YMR047C	YPL093W
YDR080W	YOR106W
YBR107C	YDR254W
YDR130C	YNL209W
YBR154C	YLR071C
YGL184C	YJL164C
YBL064C	YHR079C
YKL039W	YOL018C
YGR120C	YNL086W
YJL020C	YMR162C
YBR212W	YIR037W
YGL076C	YHR088W
YJR090C	YML006C
YBR290W	YPL176C
YBR109C	YKL175W
YJL207C	YLR330W
YBR168W	YLR324W
YER006W	YPL146C
YDR171W	YPR035W
YGR258C	YIL143C
YBL007C	YBL047C
YDR335W	YHR196W
YDR254W	YLR315W
YGL048C	YMR191W
YDR033W	YJR010C-A
YDR293C	YPR152C
YFR052W	YHL030W
YDL190C	YJL030W
YDR084C	YHR105W
YDR016C	YKL052C
YDR188W	YML093W
YER096W	YPL031C
YDR188W	YOR230W
YGL009C	YKL049C
YKL203C	YNL076W
YGL120C	YLR432W
YGL180W	YLL008W
YIL075C	YPR108W
YGL127C	YGL158W
YDL126C	YLR377C
YGL059W	YOR134W
YDR150W	YJR112W
YGL180W	YNL186W
YDR059C	YPR103W
YBR109C	YER023W
YER112W	YJL155C
YBR055C	YMR205C
YDR477W	YHR117W
YGL120C	YGR270W
YDL141W	YDR087C
YAL032C	YJL149W
YER067W	YPL031C
YIL035C	YMR309C
YLR291C	YNL314W
YFR028C	YOR191W
YHR079C	YKL168C
YLR355C	YOR117W
YBR126C	YOR089C
YKL161C	YPL049C
YJL203W	YNR011C
YKL081W	YLR074C
YDL209C	YGR129W
YKL049C	YPR135W
YNL209W	YOL006C
YLR238W	YPL031C
YCR072C	YML093W
YGR274C	YKL117W
YGR270W	YML127W
YGR214W	YIL161W
YBL074C	YER172C
YBL085W	YJR056C
YFL033C	YOR380W
YCR008W	YDR364C
YHR200W	YKR039W
YDR392W	YPL254W
YKL161C	YNL027W
YGR086C	YMR309C
YEL044W	YOR141C
YKR014C	YOR089C
YMR128W	YNL097C
YDR142C	YMR095C
YGR240C	YMR205C
YFR003C	YKL193C
YDL030W	YPR082C
YGR090W	YPL012W
YOR229W	YOR283W
YCR014C	YHR027C
YAR007C	YDR335W
YGL145W	YNL258C
YNL099C	YNR054C
YKR014C	YPR028W
YGL105W	YGR092W
YBR205W	YFL038C
YBR023C	YMR237W
YOL148C	YPL254W
YDR427W	YOR294W
YGL112C	YLR399C
YDR101C	YLR335W
YMR311C	YOL001W
YJL084C	YOR348C
YDL029W	YLR370C
YNL183C	YOL066C
YMR068W	YOL078W
YHR079C	YHR114W
YBL041W	YDL188C
YBL010C	YNL317W
YER177W	YLR403W
YDL015C	YKL065C
YBL058W	YNL155W
YER027C	YOL136C
YJL164C	YPR091C
YBR010W	YNL097C
YGL210W	YOL018C
YMR047C	YPL169C
YDR060W	YGL120C
YDL007W	YPR108W
YGL079W	YGL180W
YDR468C	YJL029C
YDL147W	YDR108W
YGL055W	YJR010C-A
YNR003C	YOR210W
YBR217W	YEL060C
YBL085W	YPL049C
YKL065C	YLR034C
YJL058C	YNL047C
YJL084C	YJR059W
YDR159W	YML103C
YGL055W	YMR015C
YKL081W	YML057W
YGR142W	YOL018C
YGL111W	YPL211W
YHR185C	YJL057C
YDR477W	YOR267C
YDR118W	YNL172W
YER094C	YHR200W
YDL030W	YPL146C
YGR110W	YHR114W
YHR117W	YJR059W
YGR076C	YGR220C
YHR079C	YOR162C
YDL140C	YGR047C
YLR238W	YMR029C
YLR324W	YPR028W
YDR356W	YFR028C
YBR055C	YDR283C
YDR501W	YOR273C
YOR272W	YPL211W
YFR028C	YHR158C
YIR026C	YPR016C
YDR398W	YLR216C
YLL024C	YML088W
YHR027C	YLR075W
YBL003C	YJL081C
YAR007C	YBL023C
YHL030W	YMR314W
YBR196C	YLR044C
YDR001C	YJL164C
YLR072W	YLR173W
YDL030W	YLR424W
YDR159W	YLR018C
YDL135C	YPL141C
YBL049W	YCL039W
YER094C	YFR050C
YAL027W	YML095C
YDR130C	YLR448W
YDL190C	YDR049W
YMR027W	YPR036W
YBR182C	YPL089C
YGR052W	YJL105W
YNL110C	YOR294W
YLR005W	YLR432W
YJR072C	YOR151C
YDR489W	YOL006C
YHR016C	YLR426W
YDL148C	YML093W
YER008C	YPR055W
YAR027W	YJR040W
YDR392W	YPL082C
YJR059W	YLL038C
YGL113W	YKL026C
YGR086C	YHR027C
YBL055C	YDR280W
YAL035W	YHR200W
YHL030W	YPR103W
YML064C	YMR246W
YLL008W	YPR016C
YLR355C	YLR442C
YDL207W	YMR129W
YBR196C	YDR328C
YDL083C	YLR029C
YDR449C	YLR441C
YIL149C	YLL015W
YJL069C	YOR059C
YDR342C	YLR019W
YDR378C	YML049C
YLR035C	YMR167W
YIL007C	YIL075C
YDR466W	YML062C
YKL049C	YMR304W
YLR432W	YOR360C
YIL071C	YNL209W
YGR037C	YLL019C
YDR060W	YGR270W
YLR074C	YPL093W
YBL007C	YDR172W
YGL213C	YOR076C
YHR158C	YNL084C
YDR412W	YPL012W
YDR285W	YMR117C
YNL227C	YPL031C
YGR155W	YJR045C
YDR130C	YLR029C
YNL230C	YOR272W
YDR078C	YHL006C
YHL033C	YLR029C
YDR436W	YDR449C
YAL027W	YMR128W
YGR092W	YKL211C
YFL033C	YOL001W
YBR272C	YDL097C
YDR093W	YER166W
YDL184C	YDR378C
YBR055C	YBR149W
YBR010W	YDL200C
YGL011C	YHR200W
YGL112C	YGR252W
YGR086C	YJL095W
YNR032C-A	YOR308C
YLR410W	YOL001W
YHR134W	YPL269W
YDL030W	YNR011C
YBR107C	YLR315W
YLR145W	YNL227C
YDR140W	YIL151C
YIL156W	YJR059W
YGR092W	YOL143C
YJR094C	YMR139W
YDL200C	YDR155C
YER172C	YJL203W
YJL065C	YML062C
YGR186W	YJL164C
YDR477W	YGR252W
YJL130C	YOR027W
YDL013W	YML032C
YGR103W	YPR017C
YOL072W	YPR080W
YGL147C	YHL033C
YJL164C	YOR054C
YLR399C	YOR039W
YGR056W	YLR321C
YGL112C	YLR055C
YDR195W	YNL317W
YJL104W	YOL082W
YDL019C	YJL095W
YFL039C	YLR274W
YCR072C	YJL122W
YGL180W	YGR126W
YDL013W	YPL018W
YKL049C	YLR330W
YHR079C	YNL272C
YDR335W	YOR098C
YDR118W	YKL022C
YAR019C	YHR079C
YLR018C	YMR264W
YML049C	YPL151C
YIL094C	YNL304W
YDL065C	YGR218W
YGR277C	YLL061W
YEL023C	YMR104C
YML049C	YPR152C
YJL210W	YNL214W
YHR027C	YMR246W
YHL002W	YNR016C
YFL050C	YJR059W
YER172C	YNR016C
YMR117C	YPR143W
YIL075C	YKL049C
YGR103W	YPL093W
YLL024C	YOR090C
YHR079C	YJL108C
YOR267C	YPL093W
YJL164C	YNL007C
YHR066W	YIL035C
YCR093W	YDR443C
YDR080W	YMR048W
YGR286C	YMR070W
YDR011W	YML072C
YAL043C	YDR195W
YBR290W	YJL196C
YBR254C	YFL038C
YDL083C	YJR145C
YJR050W	YLR117C
YBL047C	YJL148W
YHR169W	YPR080W
YKL103C	YNL107W
YGR077C	YMR026C
YGR186W	YJL140W
YDR254W	YGL060W
YBL026W	YMR207C
YDL029W	YDR394W
YPL004C	YPL164C
YDR131C	YPR093C
YLR136C	YNL230C
YDL030W	YPR152C
YBR179C	YLR368W
YJL164C	YLL029W
YAR019C	YGR092W
YDL138W	YDR277C
YDR506C	YJR010C-A
YBL023C	YJR046W
YHR143W-A	YPR093C
YBR154C	YGR186W
YBL067C	YJL203W
YMR149W	YNR055C
YAL032C	YMR031C
YBR221C	YCR079W
YDR356W	YMR001C
YBL041W	YJL001W
YER006W	YLR406C
YGL111W	YKL082C
YDL065C	YJL210W
YBL018C	YLR145W
YJL124C	YPR080W
YLR002C	YLR274W
YBR215W	YGL078C
YBR011C	YJL191W
YAR019C	YOR267C
YDL147W	YGL048C
YML069W	YOR039W
YIL126W	YOR304W
YJL001W	YOR157C
YER136W	YKR014C
YBR069C	YGR218W
YJR002W	YPL266W
YGR090W	YPL146C
YFR050C	YJL047C
YCL054W	YPL211W
YLR192C	YNL244C
YJL033W	YLR340W
YDR465C	YKL068W
YBL003C	YKR024C
YDL134C	YOR176W
YBR126C	YNL209W
YHR027C	YKL035W
YBL047C	YCR030C
YBR142W	YGL059W
YDL147W	YJR091C
YJR050W	YPL151C
YBR191W	YNL178W
YIL077C	YOL135C
YDL028C	YFR046C
YDL005C	YDR443C
YLR096W	YLR438W
YMR086W	YPL004C
YJL164C	YOR141C
YDL019C	YGL059W
YBR109C	YIL149C
YDR468C	YER143W
YLR330W	YOR244W
YJL081C	YKL104C
YBL080C	YMR104C
YER006W	YIL035C
YJL164C	YJR014W
YDL185W	YEL023C
YDL126C	YNL155W
YBR247C	YNL209W
YGR249W	YJR059W
YER139C	YGL070C
YDR307W	YJR117W
YDR382W	YHR027C
YML046W	YPR082C
YDL029W	YDR172W
YDR427W	YHL030W
YDL171C	YMR117C
YDR456W	YJL044C
YEL013W	YOR106W
YDR489W	YOL133W
YGL051W	YPR156C
YNL055C	YNL157W
YDR460W	YLR005W
YDR498C	YNL258C
YEL054C	YGL120C
YDL029W	YJR065C
YBL003C	YNL209W
YFL037W	YJL111W
YGR274C	YOL148C
YCR093W	YKL049C
YHR128W	YPL031C
YLL008W	YPL150W
YGR225W	YNL210W
YMR052W	YNL127W
YGR159C	YKL193C
YJR059W	YOR113W
YGL038C	YGL055W
YDL134C	YMR028W
YDR101C	YPL146C
YLR320W	YPR135W
YCR030C	YGR130C
YDL147W	YPR108W
YKR081C	YOL102C
YDR328C	YNL093W
YHR200W	YPR118W
YBR069C	YPR108W
YIL126W	YML127W
YGR103W	YMR076C
YFR024C-A	YGL181W
YHR200W	YMR226C
YJR050W	YML046W
YGL087C	YOR220W
YJL069C	YOR078W
YBR043C	YGR157W
YDL227C	YGL014W
YBR254C	YDR246W
YGL059W	YPL203W
YCL037C	YKL054C
YDR207C	YJR094C
YBL102W	YGL006W
YHR196W	YOR145C
YGL158W	YGR220C
YGL006W	YKR007W
YER006W	YFR001W
YBR055C	YOR120W
YKR034W	YNL021W
YDL126C	YOR117W
YDR379W	YJL164C
YGL011C	YJL001W
YER006W	YMR047C
YGL081W	YMR309C
YDR477W	YNL209W
YBR283C	YKL008C
YER155C	YKL203C
YGR136W	YKL117W
YDL140C	YML088W
YMR280C	YOR047C
YCR033W	YOL068C
YJL164C	YNL227C
YJL011C	YNL113W
YDL060W	YER131W
YGR214W	YLR259C
YKL041W	YMR077C
YDR394W	YHR200W
YDR037W	YJL124C
YMR224C	YNL172W
YKL103C	YOL001W
YDL132W	YJL149W
YDR033W	YHR027C
YDR146C	YOL001W
YOR227W	YPR152C
YER041W	YKR081C
YKL150W	YPL031C
YHR200W	YPL226W
YHR088W	YMR242C
YLL015W	YLL023C
YGR274C	YML114C
YDL029W	YKL104C
YBR065C	YKL081W
YDR414C	YLR242C
YDR301W	YPR107C
YLR310C	YPL049C
YER031C	YER136W
YFL033C	YOR162C
YDR059C	YPR093C
YHR200W	YNL178W
YKL049C	YNR016C
YGL035C	YJL020C
YER133W	YGR252W
YGR281W	YLR447C
YLR071C	YOL148C
YGR270W	YIL126W
YGR270W	YJL167W
YGR240C	YMR059W
YJR059W	YOR028C
YDL207W	YMR047C
YGR240C	YLR370C
YDL185W	YOR117W
YDR316W	YGR041W
YOR049C	YOR127W
YOR110W	YPL031C
YDL055C	YNL055C
YBR126C	YFR028C
YOR334W	YPL060W
YER133W	YLR258W
YDR192C	YLR335W
YGR184C	YIL075C
YKL049C	YOR267C
YAL041W	YKL203C
YBL026W	YDL160C
YIL071C	YMR025W
YFR024C-A	YPL031C
YEL032W	YJR059W
YDR427W	YGL048C
YLR025W	YLR181C
YDL132W	YDR131C
YER139C	YMR291W
YER142C	YGR090W
YLR095C	YPL082C
YBR044C	YBR221C
YHL009C	YPL018W
YBL002W	YGL066W
YFR052W	YGL078C
YML114C	YPL254W
YBL003C	YLR022C
YBL085W	YJL155C
YBR164C	YDR141C
YDL171C	YPL031C
YDR427W	YNL244C
YAR007C	YGL116W
YDR427W	YIL066C
YGL127C	YGR104C
YJL033W	YLR115W
YGL220W	YLL029W
YDR412W	YGL076C
YOR244W	YPR083W
YHL021C	YPL150W
YNL092W	YOR329C
YBR180W	YKL117W
YKL185W	YMR080C
YHL034C	YKL185W
YGL158W	YNL272C
YBL002W	YBL003C
YBR247C	YDR449C
YLR055C	YPL082C
YOR027W	YPR106W
YDR489W	YML034W
YDR427W	YFR052W
YFR052W	YOR117W
YIL153W	YNL021W
YLR284C	YML064C
YDR412W	YOL077C
YER143W	YHR027C
YBL007C	YCL031C
YLR106C	YPL093W
YGR249W	YMR139W
YGL120C	YLR022C
YBR274W	YLR438W
YDL143W	YHR169W
YKL049C	YMR309C
YEL013W	YPR149W
YDR214W	YHL030W
YCL055W	YGL192W
YGR252W	YLR055C
YOL053W	YPL031C
YJL157C	YMR304W
YDR265W	YNL214W
YMR167W	YOR155C
YBR121C	YNL244C
YJL164C	YLR259C
YDL185W	YLR052W
YEL048C	YPL031C
YER178W	YHR200W
YJL095W	YJR063W
YLL024C	YPL031C
YIL068C	YPR055W
YBR111C	YLR245C
YLR222C	YMR128W
YAL019W	YIL035C
YIL002C	YJL083W
YJL001W	YPR180W
YFR010W	YHR200W
YDL236W	YJL164C
YBR148W	YPL018W
YGL104C	YPL076W
YFR008W	YOL135C
YGR092W	YMR196W
YGL180W	YMR297W
YBR055C	YJL124C
YJR103W	YKL117W
YER133W	YOL039W
YAL011W	YBR231C
YDR074W	YHR200W
YJR059W	YLL008W
YBL026W	YLR074C
YDR172W	YJL164C
YNL009W	YOR089C
YDR356W	YMR117C
YDR255C	YIL097W
YKL049C	YLR410W
YDL029W	YKL129C
YCL032W	YMR117C
YNL132W	YOR078W
YER112W	YJL110C
YFL007W	YLL026W
YBR188C	YJR050W
YDR115W	YGR220C
YKL185W	YOR120W
YBR010W	YLR449W
YNL107W	YPL235W
YBR221C	YDL239C
YBL026W	YPR178W
YCR052W	YGR056W
YCL040W	YHR027C
YDR192C	YFR002W
YDR293C	YJL164C
YFL008W	YMR117C
YDL185W	YHR027C
YBR257W	YNL221C
YBR010W	YIL035C
YJR059W	YPR160W
YDR188W	YOR098C
YCR093W	YHR206W
YBR155W	YLR355C
YAL032C	YIL068C
YDR087C	YOR231W
YLL018C-A	YPL031C
YDR060W	YOR272W
YBR128C	YPL120W
YBL002W	YJR010C-A
YFL008W	YJR065C
YHR207C	YJL164C
YDR331W	YKL008C
YBR010W	YNL167C
YBR154C	YDL140C
YBL007C	YOR211C
YBL018C	YNL282W
YFL039C	YHR016C
YPL151C	YPR101W
YCR057C	YOR078W
YGL037C	YPL070W
YDR288W	YOL034W
YJR138W	YMR304W
YER006W	YOR267C
YBL102W	YDR414C
YGR086C	YNL244C
YER133W	YPL093W
YKL182W	YPR152C
YNL160W	YOL133W
YDR027C	YDR468C
YBL007C	YMR147W
YGR240C	YHR169W
YDR188W	YFL039C
YDL220C	YNL075W
YCL027W	YGR070W
YHR200W	YOL038W
YBR137W	YOR007C
YJR059W	YNL045W
YCR072C	YLR074C
YML072C	YMR011W
YGR252W	YPL248C
YIR007W	YPR080W
YIL074C	YOR117W
YML031W	YMR047C
YDL148C	YLR441C
YDL126C	YIL030C
YDR382W	YGR252W
YBL007C	YIL156W
YLR432W	YNL023C
YBR055C	YMR105C
YGR188C	YOR026W
YLR270W	YOR173W
YFR024C-A	YOR284W
YBR196C	YOR117W
YDR032C	YLR291C
YCR061W	YLL048C
YHR200W	YMR309C
YGR129W	YJL164C
YOL038W	YPR103W
YBR054W	YKR039W
YGL112C	YOL135C
YLR448W	YNL178W
YAL041W	YLL008W
YHR027C	YKL157W
YGR086C	YPL150W
YMR314W	YOR117W
YER036C	YGL099W
YML064C	YOR229W
YPL248C	YPR056W
YIL125W	YOR005C
YCR052W	YIL126W
YJL026W	YLR437C
YDR382W	YLR441C
YKL210W	YPL209C
YDR412W	YMR142C
YKR081C	YPR102C
YFR035C	YPL031C
YBR247C	YCR073C
YML012W	YOR054C
YDR398W	YJR002W
YBL003C	YLR442C
YDL195W	YOL120C
YHL042W	YNL329C
YJL164C	YLL038C
YDR490C	YHR207C
YBR267W	YLR387C
YDL115C	YGR186W
YFR028C	YKR054C
YML092C	YOL038W
YAR007C	YDL156W
YHR200W	YJL088W
YBR267W	YMR139W
YDR358W	YGL206C
YHR005C	YLR240W
YGR275W	YLR321C
YBL002W	YIL035C
YKL007W	YLR274W
YAL043C	YDL140C
YGR270W	YPL116W
YDL097C	YFR052W
YDL148C	YOL010W
YDL140C	YKL058W
YBR136W	YOR210W
YGR159C	YOL006C
YIL107C	YMR139W
YDR233C	YFL038C
YDL013W	YJL124C
YKL206C	YMR314W
TL(UAA)J	YOR110W
YDR192C	YMR255W
YHR088W	YKL172W
YAL056W	YJL164C
YBR126C	YMR251W
YDR219C	YHR117W
YOR319W	YPR094W
YJR041C	YPL178W
YGL158W	YJR142W
YGR218W	YHR016C
YER062C	YNL281W
YMR246W	YOL133W
YNL085W	YNL090W
YBR278W	YMR224C
YBR108W	YHR016C
YKL035W	YOL045W
YNL078W	YPL269W
YGL099W	YIR026C
YLR079W	YLR345W
YAL043C	YMR061W
YLR335W	YPL235W
YGR052W	YOR341W
YFL039C	YKL007W
YDR477W	YGL208W
YDR050C	YOR117W
YNL314W	YOR304C-A
YCR014C	YDR427W
YGR090W	YJR145C
YHR118C	YJR046W
YIL095W	YML103C
YFR002W	YLL024C
YDL153C	YGR092W
YKL104C	YLR052W
YDL140C	YOR001W
YDL030W	YDR473C
YML121W	YNL113W
YKL049C	YOR039W
YJL044C	YLR262C
YBL023C	YMR314W
YDR490C	YGR086C
YML127W	YPL082C
YBL003C	YOR341W
YCR012W	YER133W
YDR453C	YML028W
YCR073C	YDL125C
YGR192C	YGR232W
YGR092W	YOR117W
YHR016C	YIL095W
YML088W	YPL231W
YBL004W	YKR060W
YDR159W	YOR257W
YAR019C	YIL095W
YBR272C	YHR200W
YGL233W	YNL272C
YCR012W	YOL135C
YCL024W	YJR062C
YPL031C	YPR017C
YLR340W	YLR441C
YBL007C	YGL206C
YDR229W	YPL031C
YAL014C	YJR125C
YLR029C	YNL178W
YDR356W	YGR218W
YGR192C	YKL039W
YER034W	YPL031C
YER054C	YGR052W
YGL223C	YGR120C
YDR216W	YDR477W
YDR326C	YJL095W
YJL124C	YPR178W
YER006W	YNL182C
YIL075C	YKL081W
YIL126W	YJR094C
YDR501W	YML072C
YLL026W	YOR117W
YDR429C	YML024W
YDR369C	YKL022C
YKL130C	YLR353W
YKL203C	YMR068W
YML064C	YNL218W
YFR002W	YPL169C
YDR080W	YKR014C
YDR207C	YJR059W
YDR118W	YMR001C
YGL158W	YPL031C
YJR145C	YPL198W
YNL110C	YPR169W
YJL130C	YKL049C
YDR477W	YEL060C
YCL035C	YKL198C
YDL018C	YML012W
YFR028C	YPR069C
YDL007W	YHR027C
YFR050C	YKL049C
YBL003C	YML103C
YFL037W	YKL039W
YAL013W	YKL049C
YLL008W	YNL073W
YKL130C	YNL244C
YFR052W	YOR257W
YCR072C	YDR477W
YGR052W	YMR284W
YER112W	YMR304W
YDR171W	YNL055C
YBR055C	YLR432W
YBR208C	YOR117W
YLR186W	YNL132W
YAL032C	YKR054C
YDL188C	YOR157C
YDR045C	YNL113W
YMR128W	YNL075W
YER129W	YGL035C
YAL008W	YML086C
YFL024C	YJR082C
YDR141C	YGR055W
YER177W	YGL078C
YDR172W	YML068W
YGL128C	YPL151C
YDR499W	YOR176W
YBL078C	YOL082W
YFR024C-A	YPR055W
YGL120C	YOR185C
YOR244W	YPR160W
YBR109C	YLR304C
YNL110C	YPL012W
YLR044C	YPR152C
YBR108W	YGR136W
YBR247C	YNL110C
YAR019C	YLL019C
YDR453C	YFR028C
YER036C	YMR242C
YJR092W	YOR231W
YBL058W	YML064C
YLR079W	YML092C
YAL021C	YCR093W
YDR074W	YML100W
YJL033W	YJR145C
YDR101C	YLR340W
YOR210W	YPR093C
YDR468C	YGR142W
YER103W	YIL094C
YNR034W	YOR244W
YJL122W	YPR152C
YDR449C	YNL132W
YLL026W	YLR072W
YNL132W	YNL230C
YLR310C	YNR037C
YBR109C	YBR229C
YIL030C	YLR378C
YGL073W	YLR419W
YDL076C	YPL139C
YGL237C	YPR069C
YER106W	YMR001C
YHL048W	YJL108C
YER027C	YNL183C
YDL060W	YEL054C
YGR203W	YNL314W
YDL153C	YGL158W
YDR192C	YGR218W
YGL111W	YKL172W
YHR143W-A	YKL025C
YDL115C	YGL070C
YGL059W	YNL245C
YBL085W	YFR028C
YIL045W	YOR178C
YER064C	YGL039W
YCR069W	YMR149W
YDL140C	YPL248C
YNL272C	YPR055W
YDL147W	YIL075C
YGR192C	YKL142W
YAL051W	YIL036W
YJR102C	YLR417W
YCR057C	YNL132W
YCR057C	YLR441C
YBR183W	YKL065C
YIL027C	YMR272C
YBL007C	YHR079C
YKL093W	YMR139W
YDR172W	YHR174W
YBR010W	YML069W
YER031C	YML086C
YKL193C	YMR139W
YGL180W	YHR156C
YDR378C	YNR011C
YBR139W	YDR087C
YJL203W	YML049C
YDL140C	YNL246W
YER036C	YHL033C
YBR217W	YDL097C
YDR172W	YMR230W
YNL246W	YPL141C
YHL039W	YMR111C
YMR260C	YNL244C
YDR188W	YHR169W
YDL126C	YGR270W
YBL004W	YJL095W
YER133W	YGL111W
YLR192C	YMR309C
YGL084C	YJL012C
YCL018W	YPL031C
YDL123W	YEL013W
YER031C	YPL192C
YDR357C	YEL005C
YCR095C	YNL099C
YGL158W	YGR252W
YDL126C	YDR037W
YIL068C	YPL022W
YAL059W	YBR115C
YDL140C	YER139C
YFL038C	YOR036W
YHR114W	YMR253C
YHL034C	YMR143W
YGR166W	YNL272C
YDL028C	YDR168W
YGR104C	YPL082C
YDR155C	YNL157W
YDR122W	YOL083W
YGL014W	YHR029C
YDR392W	YGL066W
YCR072C	YLR106C
YKR027W	YMR237W
YDR364C	YPR101W
YJL154C	YPL070W
YBL002W	YPR162C
YFL054C	YJR059W
YCL039W	YDR255C
YBL004W	YOR078W
YBL002W	YPL082C
YGR276C	YOR267C
YGR090W	YLR186W
YBR254C	YML077W
YCL040W	YHR200W
YKR081C	YLR029C
YOL054W	YPL018W
YBL099W	YOR117W
YJL122W	YLR397C
YMR205C	YOR117W
YMR291W	YOR141C
YNL116W	YPL022W
YKL081W	YML062C
YER094C	YKL049C
YGL006W	YPR036W
YBR155W	YJL164C
YJR044C	YOL129W
YKL074C	YML046W
YOR244W	YPL139C
YDR443C	YOL135C
YDR499W	YIL027C
YER036C	YOR091W
YDR054C	YDR328C
YNL116W	YPL110C
YGL180W	YGR130C
YBR202W	YDR052C
YOR141C	YPL141C
YBR211C	YDR318W
YER133W	YKL193C
YLL024C	YMR047C
YPL018W	YPL174C
YBR109C	YOR035C
YBR069C	YDL100C
YHR066W	YPR143W
YBR180W	YHR042W
YIL053W	YIL095W
YDR155C	YLR074C
YOL133W	YPR164W
YER177W	YOR244W
YFR028C	YKL016C
YDL022W	YDR142C
YER133W	YHR158C
YBR133C	YPL209C
YLR075W	YNL178W
YPL004C	YPR152C
YCL055W	YDR118W
YBR207W	YDR141C
YDL015C	YKL008C
YLR330W	YMR237W
YCR061W	YNL318C
YGL011C	YOR078W
YDR270W	YHR114W
YMR026C	YNL214W
YKL120W	YNR055C
YHL042W	YPR028W
YLR031W	YLR315W
YNL021W	YPL031C
YIL035C	YOL054W
YGR275W	YLR258W
YDR159W	YIL149C
YLR096W	YNL054W
YDL097C	YDL215C
YER107C	YMR047C
YBL007C	YHR114W
YHR027C	YMR314W
YER094C	YGL011C
YEL021W	YMR074C
YLR002C	YOR272W
YDR477W	YHL033C
YGL237C	YOR047C
YGL011C	YOR157C
YNL027W	YOL001W
YBR188C	YDL209C
YGL003C	YMR001C
YAL051W	YDR412W
YDR276C	YDR331W
YJL057C	YJR070C
YDR356W	YFR002W
YAL019W	YFR052W
YBR055C	YPL004C
YDL028C	YIL151C
YKR081C	YMR128W
YER062C	YIL045W
YDR135C	YDR150W
YHR154W	YKR023W
YKL049C	YOR090C
YLR450W	YOL113W
YKR008W	YMR224C
YJL020C	YKL049C
YGR086C	YPL004C
YDR152W	YJL095W
YAR019C	YDL220C
YGL180W	YIL107C
YLR321C	YML127W
YMR294W	YPL031C
YHR066W	YNL110C
YGR098C	YMR001C
YKR021W	YPL031C
YLR259C	YNL055C
YDR027C	YGL233W
YGR253C	YKL049C
YBR055C	YDR473C
YBR142W	YER035W
YGR056W	YMR047C
YLR029C	YLR448W
YBL085W	YER008C
YDR146C	YFR028C
YEL034W	YHL033C
YDL078C	YKL185W
YDL148C	YLL011W
YDR490C	YPL004C
YJR112W	YLR031W
YGL120C	YLR424W
YBR217W	YIL125W
YIL042C	YJL124C
YLR310C	YPL203W
YEL054C	YER036C
YJL053W	YOR132W
YHR005C	YIL046W
YDR265W	YJL210W
YJR059W	YOR083W
YHR131C	YIL035C
YLR055C	YOL148C
YGL023C	YJL164C
YMR242C	YNR054C
YMR294W	YPR083W
YDL186W	YMR001C
YFR052W	YGR232W
YMR142C	YPL198W
YGR136W	YMR048W
YDL131W	YHR200W
YKL068W	YMR047C
YJL130C	YOR117W
YHR012W	YOR132W
YBL003C	YML069W
YBL002W	YLR320W
YOR134W	YPR165W
YDL029W	YPR178W
YER144C	YLR291C
YER136W	YJR035W
YGR116W	YKL049C
YDL227C	YDR335W
YDL019C	YKL129C
YDR477W	YMR001C
YLR315W	YPL255W
YCL009C	YNL212W
YFL037W	YLR045C
YCR042C	YDR301W
YDR473C	YJL124C
YDL153C	YHR079C
YBR055C	YNR011C
YHR027C	YLR303W
YDR473C	YJL203W
YCL014W	YGR220C
YGL174W	YNR011C
YDL037C	YOL138C
YKR008W	YPR034W
YER105C	YPL169C
YBL026W	YPR082C
YFR024C-A	YMR253C
YDL013W	YHR134W
YLR186W	YPL012W
YBL018C	YBR257W
YBL023C	YDR052C
YDR306C	YOL133W
YLR258W	YOR178C
YKL205W	YLR335W
YDL061C	YGR275W
YER031C	YNL293W
YDR188W	YPL151C
YML067C	YPL234C
YKR035W-A	YLR181C
YFL038C	YGR120C
YGR278W	YPR101W
YDR379W	YKR009C
YNL085W	YPR034W
YDR118W	YDR477W
YDR192C	YLR018C
YIL095W	YJL129C
YHR200W	YJL191W
YER139C	YJL141C
YBR023C	YJL099W
YDR254W	YNR062C
YEL043W	YGR218W
YOR005C	YOR272W
YGL036W	YPR016C
YCR093W	YJL141C
YBR191W	YOR117W
YLR096W	YOL082W
YFR010W	YHR027C
YLR284C	YOR180C
YJR033C	YKL080W
YDL072C	YLR378C
YNL172W	YPL209C
YLR056W	YML012W
YDR172W	YJR065C
YKL161C	YNL053W
YDR394W	YGL048C
YBR247C	YMR128W
YFR028C	YIR026C
YPL093W	YPR016C
YDL089W	YLR324W
YBR010W	YPR031W
YGR104C	YPR056W
YIL035C	YKL082C
YBR182C	YIL053W
YLR447C	YOR047C
YDL160C	YDR378C
YGR276C	YJL164C
YLR273C	YNR034W
YLR019W	YMR205C
YKL081W	YNL023C
YLR009W	YPL093W
YKL081W	YKL130C
YJL020C	YJL194W
YLR262C	YPR028W
YBR157C	YJR059W
YDR159W	YGL112C
YGL066W	YOL148C
YER133W	YMR001C
YHR066W	YOL077C
YDR331W	YPL076W
YDR087C	YPL211W
YOL082W	YPR049C
YCR093W	YDL224C
YJL191W	YNL178W
YBL011W	YKL116C
YBR283C	YJL117W
YHR128W	YJL130C
YER133W	YMR242C
YER177W	YGR097W
YLR222C	YMR105C
YHR128W	YPL235W
YER129W	YFR028C
YGR133W	YJL210W
YDR244W	YLR377C
YKL103C	YPR049C
YGL105W	YIR033W
YCR057C	YPR144C
YGR092W	YNL272C
YGR252W	YJR059W
YPR082C	YPR178W
YMR129W	YOR098C
YDL226C	YFL039C
YAL038W	YKL049C
YBL011W	YPL209C
YBL085W	YPL038W
YDR335W	YOR083W
YFL024C	YFL039C
YCL014W	YFR053C
YDL148C	YPL012W
YNR033W	YOR244W
YML119W	YPL031C
YBL026W	YOL102C
YBR231C	YNL107W
YJR070C	YPL031C
YGL180W	YJL084C
YJL192C	YKL207W
YER177W	YKL081W
YNL027W	YPL031C
YGL105W	YJL164C
YDR195W	YLR448W
YGL039W	YPL031C
YJL185C	YOR127W
YDL028C	YDR356W
YDR129C	YLR330W
YLR295C	YPL141C
YGL158W	YOR193W
YLR262C	YNL293W
YBR108W	YGR086C
YBR274W	YKL104C
YCR048W	YHL002W
YGR090W	YNL132W
YGL120C	YNL132W
YCR079W	YLR192C
YFR002W	YML031W
YGR187C	YNL317W
YDR159W	YER105C
YFL037W	YPL235W
YAR031W	YBR217W
YBR109C	YDR231C
YKR081C	YNL110C
YDR265W	YNL329C
YCL067C	YMR043W
YHR108W	YJR125C
YDR412W	YOL120C
YDR171W	YMR304W
YBR290W	YPL076W
YDL007W	YDR394W
YFL022C	YMR059W
YEL034W	YOR117W
YLR055C	YMR227C
YBR133C	YDL154W
YOR117W	YPL226W
YDR135C	YPL209C
YGL206C	YLR330W
YBR109C	YDR195W
YGR092W	YMR184W
YML069W	YPL082C
YLR360W	YPR079W
YCR057C	YPL266W
YMR304W	YPL031C
YIL053W	YKL130C
YJR112W	YKL049C
YDR422C	YER027C
YCR042C	YPR056W
YDR188W	YLR340W
YDR087C	YPR143W
YGL048C	YPR108W
YAL011W	YFL039C
YER131W	YLR435W
YBL007C	YKL054C
YDR477W	YJL033W
YLR052W	YOR304W
YDL160C	YOR308C
YKL104C	YPL111W
YAR002C-A	YOR054C
YAL055W	YDR265W
YDL226C	YOL129W
YLR022C	YPL211W
YMR230W	YNL178W
YAL016W	YOR094W
YHR066W	YOR272W
YGR097W	YLR096W
YOR244W	YPL222W
YDR265W	YGR133W
YKL193C	YML049C
YJL164C	YPL232W
YDR188W	YMR028W
YGR103W	YNL230C
YAL022C	YHR140W
YDL006W	YJL095W
YHR027C	YMR205C
YHR027C	YJL026W
YBR011C	YMR142C
YER133W	YGR237C
YGR090W	YKR060W
YBR274W	YOL059W
YBL042C	YGR130C
YDL097C	YIL075C
YGR049W	YGR278W
YAL002W	YKL193C
YGL094C	YKL025C
YAL053W	YDR501W
YLR096W	YNL027W
YHR200W	YML126C
YGR126W	YNL293W
YDR497C	YGR055W
YFL039C	YGR240C
YJR016C	YPR165W
YFR024C-A	YIL156W
YDR060W	YHR088W
YDL006W	YHR079C
YJL066C	YMR048W
YDL195W	YOR250C
YCR093W	YIL075C
YJL020C	YLR258W
YLR056W	YNL280C
YDR150W	YPL269W
YDL006W	YGR052W
YBL040C	YPR156C
YKL207W	YNL055C
YFL022C	YKL130C
YGL147C	YMR242C
YKR063C	YLR403W
YNR038W	YOR244W
YDL236W	YJR059W
YFL042C	YMR303C
YJR025C	YOL113W
YER132C	YMR139W
YHR042W	YKL049C
YBL004W	YDR060W
YFR024C-A	YMR304W
YHR200W	YPR163C
YDR328C	YNL103W
YGR253C	YIL075C
YDL185W	YNL153C
YHR200W	YLR344W
YGR252W	YHR174W
YDR453C	YOR031W
YGR184C	YJL141C
YBR102C	YGL233W
YDR172W	YNL007C
YJR082C	YPL248C
YBL023C	YPL008W
YBR136W	YDR499W
YHR079C	YMR140W
YOR355W	YPR048W
YJR112W	YOR195W
YCR008W	YDL006W
YHR114W	YMR313C
YDR188W	YGL076C
YJL095W	YKL161C
YJR060W	YMR094W
YKL205W	YLR291C
YBR221C	YER178W
YNL093W	YOR089C
YLR182W	YML114C
YER133W	YFR003C
YHR090C	YNL136W
YCR009C	YFL039C
YDR280W	YGR095C
YCR010C	YJR040W
YDL188C	YGL121C
YLR385C	YLR424W
YGL144C	YMR070W
YAR019C	YCR008W
YIL156W	YKL129C
YKL035W	YML064C
YBR274W	YNR046W
YJR091C	YLR370C
YHR079C	YML037C
YDR293C	YPL004C
YHR174W	YKL142W
YGL206C	YJL084C
YJR145C	YOL010W
YER133W	YKL035W
YGR155W	YML076C
YBL003C	YML112W
YBR055C	YDR129C
YPL226W	YPR152C
YEL039C	YHR195W
YHL033C	YLR410W
YGL099W	YHL033C
YFL024C	YOR244W
YJR145C	YNL178W
YCL050C	YHR200W
YER036C	YIL095W
YHR169W	YML024W
YDL030W	YOR308C
YGL120C	YIL002C
YDR335W	YKL104C
YLL029W	YOR138C
YGL060W	YKL049C
YJL020C	YJR059W
YBR254C	YGR166W
YDR427W	YOL038W
YGL059W	YKL116C
YLR320W	YPL018W
YIL027C	YOR151C
YKL065C	YLL023C
YCL024W	YNL027W
YLR274W	YPL031C
YKL065C	YLR378C
YER006W	YKL117W
YDL132W	YJR090C
YBR055C	YDL078C
YFR053C	YIL148W
YDL188C	YMR214W
YDL195W	YHR027C
YCL037C	YKL049C
YLR448W	YNL132W
YGL156W	YKL103C
YML093W	YNL110C
YAL043C	YPL008W
YKL049C	YOL054W
YGR278W	YPL151C
YDL100C	YOL018C
YDR373W	YER177W
YDL100C	YER017C
YFL037W	YGR252W
YJL164C	YLR363C
YMR128W	YPR144C
YJR082C	YOL113W
YGR086C	YPL235W
YAL041W	YLR340W
YGL120C	YNL224C
YDL128W	YKL116C
YFR001W	YKL185W
YIR026C	YOL063C
YGR056W	YML127W
YGR232W	YOR117W
YHL034C	YPL031C
YFL039C	YHR090C
YER133W	YOR341W
YMR276W	YPL031C
YJL095W	YKL168C
YLR258W	YPL031C
YDR045C	YKR025W
YGR277C	YPL060W
YGL059W	YHR157W
YDR394W	YEL034W
YBL026W	YOR043W
YML092C	YPR103W
YBL007C	YPR102C
YLR430W	YPR080W
YFL039C	YML126C
YBR138C	YOR231W
YNL107W	YNL136W
YCR073C	YHR157W
YLR196W	YPL012W
YBL058W	YPL031C
YAL041W	YNL007C
YHR027C	YML100W
YDR412W	YLR009W
YHR042W	YPL092W
YJL141C	YJL164C
YJR072C	YPL031C
YPL146C	YPL211W
YOL133W	YOR319W
YGL051W	YHR140W
YHR015W	YMR001C
YKL116C	YMR284W
YHR196W	YLL011W
YDR394W	YMR284W
YCR060W	YPL235W
YFR050C	YOR157C
YLR240W	YPL120W
YBR010W	YGL150C
YHR088W	YPR143W
YJL053W	YJL154C
YGL037C	YGR092W
YGL180W	YPL031C
YDR501W	YER036C
YCL037C	YPL169C
YJL029C	YLR262C
YDR172W	YHR015W
YCL037C	YER112W
YGL147C	YLR029C
YGR052W	YMR165C
YBR247C	YML024W
YBR169C	YDL005C
YER123W	YOL083W
YMR041C	YOL045W
YBR055C	YBR121C
YBR115C	YJR145C
YFL039C	YJR065C
YER133W	YKR081C
YBR039W	YPR106W
YDR001C	YPL203W
YCR057C	YJR145C
YFL007W	YFR050C
YGR058W	YOR264W
YDR306C	YMR105C
YDR277C	YNL073W
YAL043C	YLR303W
YDL055C	YLR106C
YJL167W	YOR117W
YER112W	YPR178W
YAL035W	YLR192C
YJL110C	YLR424W
YGL014W	YOR195W
YBL023C	YDL171C
YHR196W	YJR145C
YIR005W	YPR094W
YCR030C	YGR220C
YER133W	YLR028C
YER177W	YOL013C
YLR268W	YOR164C
YGR086C	YNL230C
YLR096W	YMR196W
YBR221C	YLR345W
YGL206C	YNL106C
YBR055C	YER172C
YLR186W	YPL004C
YLR075W	YLR340W
YIL105C	YMR068W
YJL117W	YKL008C
YAL016W	YGR281W
YKR081C	YOR005C
YLR397C	YPR017C
YGR240C	YOR117W
YGR055W	YMR011W
YGR086C	YLR079W
YHR027C	YPR033C
YDR087C	YPR016C
YGL070C	YPL203W
YJL081C	YOR189W
YDR130C	YER131W
YBL026W	YER172C
YER133W	YGR097W
YDR331W	YGL051W
YDR449C	YLR222C
YGR103W	YIR026C
YGL014W	YJR025C
YGL076C	YOR272W
YDR427W	YHR027C
YDR060W	YGR103W
YDL061C	YGR252W
YDL030W	YKL049C
YDR276C	YLL061W
YGR185C	YOR117W
YGL076C	YPL209C
YER133W	YPR107C
YDL143W	YPL004C
YDR331W	YKR039W
YER133W	YFR028C
YHR027C	YMR001C
YJL164C	YMR165C
YGR090W	YML024W
YMR069W	YNL178W
YKL010C	YML064C
YGR218W	YOR098C
YGR240C	YJR090C
YDL147W	YPR040W
YDR329C	YMR203W
YDR398W	YMR246W
YGR130C	YMR117C
YBR283C	YMR264W
YJL164C	YPL203W
YDR196C	YJL194W
YGL147C	YOR117W
YKL010C	YPR080W
YBL003C	YKL049C
YKL140W	YMR152W
YGR095C	YOR001W
YOR117W	YPR035W
YDR501W	YLR413W
YDR130C	YKL052C
YJR002W	YKL035W
YDR364C	YNR011C
YAL041W	YGL233W
YER006W	YKL172W
YDR414C	YLL023C
YGL180W	YLR410W
YNL221C	YOR359W
YDL055C	YDR394W
YKL189W	YPL049C
YDR101C	YNL227C
YDR172W	YNL064C
YFR052W	YMR191W
YDR331W	YHL003C
YML088W	YOR151C
YEL005C	YGL079W
YMR242C	YNL132W
YIL143C	YOR027W
YFR003C	YGR252W
YJL020C	YKL025C
YGR253C	YJR059W
YER006W	YER133W
YDL165W	YPL037C
YLR457C	YPL018W
YLR396C	YMR291W
YCR030C	YLR206W
YDL060W	YJR145C
YDR101C	YPL169C
YLR074C	YPR016C
YCR061W	YDL035C
YDL140C	YLR071C
YDR394W	YMR276W
YGL076C	YLR432W
YLR075W	YLR441C
YLL011W	YPR144C
YGR203W	YLR397C
YOR155C	YPL070W
YJR010C-A	YJR117W
YDL015C	YDR331W
YDL132W	YLR267W
YMR289W	YOL083W
YGR278W	YNR011C
YDL081C	YDR382W
YDR159W	YER063W
YAR019C	YHR169W
YJL095W	YOR294W
YKR055W	YNL127W
YGL099W	YLR340W
YFR010W	YPL031C
YGL150C	YPL235W
YDL055C	YKL104C
YBL007C	YNL084C
YAL053W	YER100W
YGL120C	YLR074C
YIL027C	YML012W
YDR293C	YNL066W
YHL033C	YHR027C
YBL078C	YPL031C
YDR276C	YOR211C
YJL157C	YPL022W
YDL200C	YKL073W
YGR287C	YNR031C
YDR244W	YNL214W
YMR140W	YPL203W
YKL134C	YNL021W
YGR055W	YOR273C
YDR329C	YMR204C
YHR143W-A	YOR210W
YJL164C	YLR192C
YJL057C	YNL007C
YHL034C	YLR432W
YBR274W	YMR255W
YCL024W	YFR028C
YBR050C	YER133W
YBR208C	YDL029W
YBL058W	YJL164C
YLL024C	YNL157W
YNL055C	YOR151C
YER079W	YLR096W
YGL099W	YLR075W
YJL095W	YPL004C
YER036C	YJR145C
YGR055W	YMR299C
YBR247C	YNL132W
YFR052W	YKL203C
YDL055C	YFL037W
YNL064C	YPR106W
YDL123W	YKR007W
YDR084C	YGL161C
YDL171C	YKL049C
YBL024W	YGL180W
YCR057C	YNR054C
YCR072C	YNL186W
YEL012W	YLR291C
YBR023C	YER039C
YJL140W	YJL164C
YAL032C	YLR424W
YGR156W	YJL033W
YDR356W	YMR129W
YJL011C	YKL015W
YMR128W	YOL010W
YBL005W	YGL013C
YDR414C	YJL193W
YIL007C	YKR055W
YJR092W	YPL242C
YGR001C	YPL031C
YNL048W	YPR028W
YBL007C	YGL035C
YKR060W	YNL132W
YBR142W	YOR272W
YKL049C	YKL081W
YER127W	YNR054C
YBR211C	YGL060W
YGR220C	YMR225C
YFL008W	YMR076C
YCR057C	YPL143W
YKL130C	YKL185W
YDL015C	YHR195W
YJL196C	YJR117W
YJR002W	YPR178W
YIL156W	YPL209C
YHR200W	YPL031C
YAL043C	YDL199C
YLR438W	YPL031C
YGR130C	YMR086W
YDL132W	YOL133W
YLR045C	YMR001C
YAL035W	YER142C
YBL058W	YBR114W
YKL116C	YML037C
YJL164C	YOR210W
YCL010C	YPL254W
YLR450W	YPL139C
YDL108W	YJR092W
YMR094W	YOR057W
YNL132W	YPR106W
YLL008W	YPL031C
YDL147W	YOL038W
YDR073W	YML068W
YER041W	YHR027C
YDR188W	YGL023C
YIL035C	YLR418C
YLR018C	YMR129W
YJL140W	YOR210W
YEL034W	YNL244C
YDR060W	YGL111W
YBL003C	YFL024C
YDR293C	YER033C
YJL047C	YOL133W
YBL041W	YML092C
YDR293C	YGL180W
YDR009W	YPL248C
YOR164C	YPR105C
YJR010C-A	YOR193W
YLR378C	YML019W
YDR516C	YPL150W
YGR024C	YKL090W
YOL034W	YPL070W
YCR079W	YGR193C
YML092C	YOR117W
YCR052W	YFL033C
YNL209W	YOL087C
YNL048W	YPR128C
YCL027W	YNL075W
YKL203C	YNL047C
YDR118W	YGL254W
YDL185W	YJR062C
YLR178C	YNL009W
YBL007C	YLR448W
YML057W	YPL235W
YDR244W	YJL210W
YGL180W	YOR054C
YBR205W	YLR378C
YER094C	YFR028C
YPL004C	YPL022W
YGR276C	YIL035C
YHR200W	YJR103W
YAL035W	YMR260C
YBL104C	YOL138C
YER112W	YOR308C
YGL048C	YPR103W
YLR430W	YMR239C
YFL007W	YLR074C
YKL182W	YOR117W
YBR011C	YDL203C
YKR081C	YLR074C
YHR134W	YHR156C
YGR056W	YGR275W
YAL053W	YOL105C
YOR272W	YPR016C
YOR117W	YOR317W
YBR154C	YOR210W
YLR399C	YPL235W
YGL180W	YPR143W
YJR062C	YLL026W
YDR159W	YOL072W
YDL097C	YHL030W
YDL220C	YJL095W
YLR377C	YPL180W
YGL150C	YOR189W
YJL074C	YMR129W
YHR114W	YPL179W
YHR027C	YPR118W
YFL039C	YGL150C
YLR115W	YNL222W
YBR202W	YEL032W
YIL095W	YNR006W
YBR119W	YNL227C
YGR270W	YOR151C
YMR309C	YPL004C
YNR046W	YOL113W
YKL211C	YOL061W
YHR028C	YPL031C
YER006W	YPL198W
YFR029W	YGL180W
YDR392W	YGL158W
YFR001W	YGL237C
YGL014W	YJR059W
YDL181W	YPL031C
YDL207W	YFR002W
YBR188C	YPR101W
YLR018C	YML103C
YCR008W	YGL084C
YDL209C	YGL120C
YDL028C	YMR117C
YMR139W	YPR106W
YNL230C	YPL093W
YHL030W	YPR108W
YGL056C	YPR156C
YDR280W	YOR001W
YFL034W	YGL180W
YFR001W	YOR272W
YBL007C	YIL002C
YGL053W	YOR059C
YGR185C	YHR027C
YBL040C	YJR010C-A
YER112W	YKL054C
YML012W	YMR149W
YDR466W	YLR228C
YDR188W	YLR196W
YMR309C	YPR016C
YDR052C	YEL032W
YKR101W	YPR018W
YER177W	YPL110C
YGR276C	YJR059W
YDR130C	YMR242C
YGR186W	YJR017C
YDR146C	YPR034W
YKL049C	YML133C
YBL007C	YEL054C
YHR027C	YJR065C
YGL120C	YLR117C
YDR171W	YNL007C
YML117W	YPL178W
YGR090W	YLR222C
YKR035W-A	YLR025W
YDR369C	YMR224C
YBR086C	YGR142W
YDL141W	YHR200W
YGR275W	YNL133C
YMR299C	YNL183C
YDR277C	YDR456W
YDR206W	YER027C
YLL024C	YMR237W
YFR028C	YJL095W
YER023W	YHR027C
YBR069C	YLR044C
YMR262W	YPL031C
YMR047C	YMR129W
YNL107W	YNL209W
YDL140C	YPR133C
YHR114W	YOL018C
YLR245C	YPL070W
YGL105W	YGL180W
YBR121C	YOR001W
YGR191W	YJL012C
YHR115C	YNL085W
YGR104C	YOL135C
YAR002C-A	YML012W
YDL148C	YMR128W
YGR103W	YLR340W
YDL143W	YKL054C
YDR394W	YKL073W
YHR088W	YOR267C
YMR001C	YPL150W
YJL124C	YPR082C
YLR079W	YPL031C
YLR002C	YOL077C
YGL014W	YKL054C
YGL211W	YHR111W
YCL037C	YMR230W
YBL047C	YPL031C
YCR079W	YOR317W
YBL003C	YBL023C
YCL025C	YHL003C
YER044C	YLR056W
YDR214W	YLR216C
YDR422C	YHR114W
YNL125C	YPL141C
YGL111W	YLL008W
YBL074C	YBR055C
YDL013W	YNR031C
YFL039C	YOR304C-A
YHR033W	YJR017C
YJL033W	YLR448W
YML069W	YOL013C
YDR036C	YLR074C
YJL164C	YNL027W
YFR008W	YMR052W
YBR257W	YLR145W
YGL078C	YGR159C
YHR156C	YJR010W
YMR031C	YNL209W
YHR027C	YKL104C
YDR301W	YLR448W
YHR016C	YJR083C
YLR450W	YML075C
YDR206W	YOR047C
YKL049C	YKL073W
YER006W	YGR220C
YJL095W	YKR024C
YGR092W	YNR046W
YCR093W	YGL048C
YLR075W	YMR086W
YDR122W	YJL164C
YDR118W	YDR260C
YBR107C	YIL105C
YLR003C	YPL031C
YAL017W	YER133W
YER006W	YGL111W
YDR254W	YDR318W
YIL066C	YNL085W
YCR057C	YOL010W
YGL120C	YPR101W
YCL014W	YDR087C
YJR065C	YPL022W
YOR141C	YPL209C
YGR090W	YOR078W
YCR079W	YNL071W
YDR050C	YPR152C
YGL116W	YGR092W
YFR052W	YHR027C
YJL122W	YLR009W
YNL125C	YNR059W
YMR149W	YPL186C
YCL066W	YMR043W
YIL035C	YOL088C
YNL157W	YOR267C
YDR443C	YOR140W
YBR274W	YHR174W
YHL033C	YJL033W
YGL220W	YLR052W
YLR450W	YPL031C
YBR290W	YCR024C-A
YBL047C	YPL141C
YNL178W	YOR185C
YHL033C	YLR115W
YAL043C	YER133W
YAR002C-A	YMR292W
YIR023W	YNL314W
YAL002W	YNL093W
YGR209C	YIL107C
YMR047C	YOR098C
YCL008C	YPL084W
YDR328C	YLR352W
YLR268W	YOR007C
YHR200W	YMR246W
YDR256C	YPL031C
YPL203W	YPR133C
YEL060C	YMR104C
YDL078C	YNL113W
YML031W	YMR129W
YER166W	YIL068C
YDR280W	YGR090W
YGR191W	YHL042W
YIL035C	YJL087C
YGR253C	YMR314W
YGL059W	YHR028C
YHR169W	YLR340W
YHR185C	YIL007C
YDL140C	YPR025C
YGL112C	YGL158W
YER123W	YKL210W
YFR001W	YGL111W
YER107C	YPL169C
YEL013W	YJR138W
YOR083W	YOR244W
YJL203W	YPR178W
YMR142C	YMR242C
YFL039C	YKL130C
YKL117W	YMR111C
YGL112C	YMR061W
YHL002W	YHL034C
YEL034W	YPL111W
YBR283C	YOR054C
YBR011C	YGL237C
YDL030W	YGL128C
YBL078C	YNL223W
YAR002C-A	YHR027C
YER006W	YLR074C
YDR142C	YJR012C
YDL083C	YHL033C
YDL190C	YPL236C
YBL049W	YDR255C
YMR022W	YMR264W
YGR159C	YLR430W
YFL050C	YGL059W
YFL050C	YLL061W
YCL054W	YKL172W
YFR008W	YKR025W
YHL003C	YPL150W
YNL222W	YPR107C
YHR200W	YML092C
YDR162C	YOL113W
YKL073W	YOR360C
YKL130C	YLR413W
YHR200W	YKL120W
YGR047C	YOR250C
YCL010C	YGL112C
YCR012W	YER112W
YER078C	YJR059W
YDR277C	YHR114W
YAL032C	YJR050W
YLR002C	YOR294W
YNL209W	YPL231W
YDL007W	YMR191W
YEL013W	YJR068W
YKR081C	YPR016C
YDR477W	YMR140W
YHR112C	YLR291C
YJR056C	YJR059W
YIL107C	YJR059W
YDL209C	YOL113W
YER184C	YHR158C
YPR016C	YPR025C
YAR007C	YDR052C
YGR130C	YPL082C
YAL053W	YLR330W
YGR209C	YKL191W
YGL105W	YJL095W
YBR098W	YFR024C-A
YDL029W	YKL211C
YGR052W	YGR097W
YBR214W	YJL124C
YBL003C	YHL024W
YHR209W	YOR319W
YBR202W	YJR046W
YJR145C	YPL082C
YDL083C	YGL147C
YHR128W	YPR185W
YLR009W	YOL077C
YDR188W	YLR335W
YDL007W	YPL248C
YDL126C	YOL013C
YLR186W	YMR128W
YDR307W	YFL062W
YCR008W	YCR009C
YDR087C	YER133W
YOR027W	YOR057W
YDR188W	YJL042W
YER133W	YMR311C
YER178W	YHR027C
YDL193W	YOR185C
YAR027W	YMR264W
YBL058W	YBL078C
YML019W	YNL318C
YJL130C	YLR106C
YKL049C	YML117W
YGL116W	YJL013C
YBR107C	YDR489W
YKL049C	YNL339C
YHR174W	YLR196W
YCR073C	YHL020C
YFL008W	YOL115W
YGL053W	YJL196C
YBL003C	YOL010W
YDR382W	YLR340W
YLL019C	YOL054W
YBL004W	YDR449C
YDR060W	YJL130C
YKR009C	YPL031C
YDR141C	YNL209W
YDL015C	YHL048W
YAL041W	YDR379W
YBR126C	YNL076W
YBL007C	YNL144C
YLR075W	YOL120C
YIL044C	YLR096W
YDR080W	YOR094W
YDL100C	YDR513W
YLR258W	YLR273C
YDL140C	YPR056W
YKR014C	YMR258C
YBR274W	YKL211C
YDL147W	YER007W
YBR289W	YGL120C
YGL158W	YJR089W
YIR005W	YOR319W
YOR145C	YPL012W
YER172C	YPR152C
YJL026W	YML064C
YAL016W	YJL057C
YER177W	YLR310C
YBL002W	YBR114W
YMR242C	YNL178W
YKL052C	YNR031C
YLL024C	YLR398C
YBL085W	YBR108W
YDL028C	YIL072W
YDL113C	YLR315W
YGL158W	YHL020C
YGL099W	YPL169C
YDR060W	YPL141C
YMR149W	YNL125C
YDR283C	YPR178W
YBR191W	YGL014W
YGL059W	YGL105W
YDR276C	YDR307W
YBR183W	YMR149W
YAL059W	YPR152C
YKL168C	YPR035W
YFR028C	YJL194W
YJL124C	YOR308C
YDR516C	YGR092W
YDL220C	YDR155C
YDL134C	YGL251C
YAR008W	YMR059W
YPL141C	YPR128C
YDL007W	YFR010W
YGR103W	YJL095W
YCR012W	YML072C
YBL049W	YIL097W
YDR207C	YMR139W
YDR412W	YML024W
YDR449C	YLL011W
YKL010C	YMR022W
YER103W	YGL130W
YCL014W	YPL031C
YCR053W	YHR200W
YIL009W	YPR156C
YDR477W	YPL146C
YBR142W	YLL008W
YBR274W	YGL037C
YGL076C	YNL023C
YDL132W	YDR054C
YIL035C	YLR399C
YFR010W	YJL164C
YBR252W	YML064C
YGL120C	YOL077C
YDR087C	YGL111W
YGR103W	YOR267C
YER062C	YHR027C
YHL009C	YLR291C
YOR191W	YPR016C
YHR174W	YPR093C
YBR188C	YPL031C
YHR136C	YJL198W
YGL180W	YKL121W
YMR205C	YPL031C
YKL210W	YLR096W
YBR142W	YNR038W
YML086C	YPL031C
YGL158W	YPR160W
YDR060W	YEL054C
YHR088W	YOL077C
YLR321C	YNR046W
YAR007C	YBR137W
YNL309W	YPL082C
YDR060W	YLR029C
YAL016W	YHR027C
YDR155C	YML064C
YBR155W	YGL180W
YDR054C	YJL047C
YER133W	YJL042W
YLR321C	YLR345W
YBL002W	YJL020C
YDR142C	YNL214W
YJL164C	YPR152C
YCL024W	YJR112W
YDL100C	YOL126C
YHR027C	YLR340W
YFL039C	YKL049C
YDR195W	YDR301W
YFR028C	YKR101W
YDR394W	YNL055C
YDR412W	YPR016C
YDR070C	YGL059W
YBL007C	YMR313C
YGR052W	YPL180W
YJR090C	YNL076W
YKL203C	YMR028W
YJR145C	YMR128W
YER036C	YOL039W
YDL060W	YPL146C
YDL160C	YER112W
YGR052W	YPR030W
YBR108W	YJL164C
YBL004W	YGR090W
YMR224C	YNL023C
YGR033C	YLR218C
YKL168C	YMR140W
YGR104C	YJL140W
YOL001W	YPL031C
YGR103W	YLR009W
YHR027C	YJR117W
YLR340W	YPR016C
YMR139W	YOL059W
YDL131W	YHR027C
YEL054C	YLR075W
YOL077C	YPL198W
YDL100C	YKL080W
YKR060W	YLL011W
YFL039C	YMR061W
YNL165W	YPL031C
YCR057C	YLR186W
YDR080W	YMR231W
YJL095W	YKL172W
YLR110C	YMR149W
YHR027C	YJL088W
YKR081C	YLR009W
YML092C	YOR355W
YDR188W	YNL317W
YDR412W	YMR047C
YBL078C	YOL083W
YIL124W	YKL140W
YBR267W	YIR026C
YLR216C	YOR117W
YDR499W	YLR355C
YFR028C	YLR182W
YDR477W	YER024W
YNL093W	YNL227C
YJL164C	YLR258W
YGL105W	YMR280C
YCL025C	YPL234C
YGR058W	YNL047C
YHR066W	YKL172W
YHR027C	YHR169W
YOL115W	YPL146C
YGL111W	YLR449W
YKL080W	YMR059W
YDR477W	YMR205C
YDR172W	YJL052W
YGR052W	YKL010C
YDR501W	YGR281W
YDL190C	YFL044C
YNL172W	YPR152C
YBL004W	YLR222C
YDL153C	YJR002W
YPL082C	YPL254W
YJR145C	YLR441C
YGL206C	YLR206W
YHR079C	YNL224C
YBR011C	YJL033W
YLR055C	YPL254W
YDR436W	YKR072C
YDR171W	YLL024C
YER036C	YNL064C
YDL140C	YOR267C
YDL019C	YKL049C
YGR092W	YJR072C
YDR073W	YPL248C
YMR095C	YPL070W
YHR084W	YLR310C
YER087W	YNL183C
YDL160C	YER035W
YGR156W	YLR115W
YDR328C	YLL024C
YJR059W	YPR040W
YBL023C	YPL031C
YCL024W	YJR092W
YBL003C	YJR041C
YLR310C	YPR108W
YML006C	YOR267C
YDR394W	YJL157C
YGL130W	YPL228W
YER112W	YOR219C
YGR055W	YOR322C
YGR052W	YKL203C
YCL054W	YGL111W
YHL002W	YOR227W
YLL026W	YOR027W
YGR270W	YHR020W
YBR077C	YKR039W
YGL076C	YPR016C
YDR280W	YLR398C
YCR042C	YKL081W
YGL145W	YPR105C
YMR047C	YPL146C
YFL039C	YNR031C
YDR328C	YHR079C
YCR073C	YOR018W
YJL164C	YKL206C
YDL200C	YKL010C
YDL097C	YGL048C
YLR320W	YMR187C
YAL017W	YPR160W
YDR477W	YOL136C
YAR019C	YML064C
YJR059W	YNR019W
YHR174W	YOR098C
YCR060W	YMR309C
YDL108W	YLL008W
YDL078C	YDR244W
YAL038W	YHR200W
YAR019C	YPL209C
YLR335W	YMR047C
YHL033C	YNL110C
YIL107C	YPL203W
YDL147W	YML092C
YGL111W	YGR103W
YGR252W	YOL148C
YMR065W	YPL192C
YER105C	YKL068W
YFR052W	YIL066C
YFL038C	YGL198W
YHR066W	YLL008W
YBR205W	YOL018C
YPL070W	YPR193C
YHR027C	YOR369C
YAL017W	YLR258W
YHR140W	YJR117W
YBR274W	YFL039C
YLR196W	YLR410W
YJL191W	YJR002W
YDL076C	YNL097C
YJR050W	YLR424W
YHR115C	YPL031C
YGL210W	YNL272C
YER112W	YGL014W
YDR244W	YGR133W
YBR217W	YDR394W
YDL108W	YIL094C
YLR029C	YLR196W
YHR200W	YMR242C
YLR018C	YMR047C
YIL075C	YMR191W
YGL104C	YPL270W
YGL251C	YPL151C
YGR090W	YJR017C
YKR027W	YLR330W
YDL140C	YNL222W
YOR106W	YPL195W
YDL072C	YHR027C
YBR010W	YGL112C
YIL035C	YPL093W
YDR466W	YER139C
YLR064W	YMR123W
YLL024C	YOR043W
YGR086C	YGR130C
YJL198W	YJR059W
YBR024W	YDL108W
YJR117W	YNL048W
YDL054C	YGL051W
YFR032C	YKL058W
YEL047C	YPL150W
YGL250W	YMR068W
YER166W	YLR330W
YGR218W	YJL074C
YDL083C	YGL120C
YER031C	YFL038C
YLR258W	YOR244W
YJL164C	YJR001W
YGL145W	YLR268W
YKR006C	YPR152C
YJR059W	YOL130W
YJL069C	YKR060W
YHR140W	YJL117W
YOR272W	YPL198W
YFL038C	YIL148W
YHL048W	YPL076W
YOR117W	YPR108W
YBL026W	YLR120C
YBR229C	YDR188W
YBR155W	YCL014W
YDL126C	YJL157C
YDL081C	YLR340W
YBL007C	YPR048W
YOR001W	YOR145C
YGR104C	YLR340W
YEL005C	YEL013W
YBR155W	YPL031C
YDR414C	YEL017C-A
YML049C	YPR082C
YBR095C	YKL185W
YGR095C	YNR024W
YDL115C	YJL140W
YBR247C	YER017C
YFR024C-A	YJR083C
YMR047C	YMR080C
YAL032C	YLR117C
YGL206C	YHR108W
YAL011W	YOR127W
YJL196C	YKL065C
YHR158C	YML064C
YBL085W	YLR096W
YML012W	YMR272C
YBR248C	YLR401C
YDR394W	YPR152C
YBL023C	YPL150W
YLR119W	YMR077C
YLR268W	YOR106W
YDL078C	YJR059W
YCL054W	YER006W
YBL026W	YJL140W
YAR028W	YDR331W
YBL003C	YER036C
YDL188C	YOR073W
YGL111W	YPR016C
YBL003C	YML127W
YBR272C	YHR027C
YKL049C	YMR314W
YJL130C	YLR216C
YLR324W	YMR204C
YHR136C	YOL138C
YLR052W	YPL235W
YHL042W	YPL076W
YDL147W	YIL071C
YHR114W	YOR355W
YBR137W	YML064C
YGR103W	YMR047C
YAL027W	YCL024W
YIR007W	YLL026W
YMR068W	YNL047C
YGL051W	YMR149W
YGR104C	YLL026W
YER002W	YPL093W
YOR036W	YPL151C
YBL078C	YDL126C
YCR093W	YDL165W
YBR114W	YDR453C
YDL089W	YDR233C
YPL031C	YPL146C
YJR059W	YMR140W
YOL146W	YPR135W
YGR218W	YPR164W
YDR155C	YJR090C
YKL175W	YPR198W
YDL083C	YDR130C
YLR403W	YPL082C
YBR108W	YJR059W
YDR155C	YHR200W
YGL251C	YNL127W
YDR206W	YMR080C
YAL003W	YPR080W
YKL049C	YMR031C
YLR019W	YMR246W
YDR115W	YKL142W
YHR171W	YOR191W
YHR196W	YPR160W
YGL076C	YLR449W
YEL043W	YOR164C
YAL053W	YGR055W
YEL044W	YGL150C
YLR340W	YOR294W
YDR206W	YJL057C
YJL047C	YLR320W
YGR218W	YOR371C
YER133W	YLR259C
YER011W	YPL178W
YLR398C	YOR076C
YDR473C	YML049C
YBL004W	YPR144C
YDR159W	YIL095W
YFL034W	YPL031C
YLR029C	YPL198W
YAL011W	YNL107W
YDR468C	YJL164C
YGR155W	YMR323W
YJL095W	YKR081C
YGR047C	YLR115W
YDR449C	YLR340W
YGR232W	YPR108W
YGR276C	YPL141C
YDR087C	YKL172W
YDR477W	YIL112W
YER133W	YOL091W
YHR195W	YKL120W
YLL024C	YOR057W
YJR044C	YJR059W
YBR109C	YLL060C
YBR231C	YMR001C
YFR024C-A	YGL144C
YMR022W	YNR031C
YDL147W	YGR253C
YER136W	YNL304W
YIL035C	YLL008W
YKL193C	YPL179W
YKL103C	YMR104C
YBR154C	YDR283C
YKR060W	YMR128W
YJL020C	YJR047C
YBL044W	YLR074C
YGR090W	YJL095W
YCR057C	YJL069C
YGR090W	YLR427W
YGR033C	YMR203W
YLL024C	YOR117W
YJL081C	YLR385C
YER006W	YKR081C
YGR274C	YLR055C
YDL171C	YHR027C
YFR010W	YGL048C
YDR477W	YKR009C
YBR169C	YLL024C
YBR102C	YDR027C
YJL141C	YLR270W
YDL188C	YMR028W
YCR093W	YPL235W
YAL043C	YGR156W
YER096W	YHR114W
YGL059W	YHR185C
YLR405W	YPL108W
YKL007W	YLR196W
YDL185W	YJL069C
YBR205W	YHR114W
YLR223C	YMR224C
YER155C	YGL130W
YER062C	YHR200W
YAL032C	YNR059W
YHR027C	YPR080W
YCR072C	YPL093W
YDR477W	YER177W
YHR005C	YOR107W
YDR060W	YDR382W
YGL059W	YKL093W
YGL035C	YLR096W
YLR449W	YOR267C
YGL150C	YOR141C
YGR159C	YNL110C
YCL037C	YOL045W
YGL174W	YIR005W
YIL148W	YJL020C
YDR101C	YLR106C
YDR142C	YGR239C
YDR422C	YJL066C
YJR082C	YNL136W
YCL014W	YJL164C
YJL141C	YKL091C
YFR028C	YLR019W
YDR456W	YPR079W
YMR314W	YPR135W
YBR108W	YJL095W
YHR200W	YPR103W
YBL003C	YPL082C
YAL035W	YDR429C
YFL037W	YGR218W
YCR014C	YOR005C
YDL015C	YDR506C
YFL039C	YOR244W
YHR066W	YLR009W
YAL038W	YML103C
YDR331W	YJL117W
YDL123W	YOL018C
YHR200W	YLR406C
YDR310C	YOL068C
YJR103W	YPL031C
YDR122W	YLR310C
YBR176W	YPR080W
YLR417W	YMR077C
YAL032C	YLR320W
YER023W	YLR291C
YBR135W	YLR079W
YBR135W	YPL014W
YKL052C	YMR077C
YHR016C	YNL073W
YDR331W	YGL104C
YBL007C	YJR115W
YMR105C	YPR015C
YFL008W	YKR054C
YDL216C	YIL071C
YDR050C	YNL127W
YOR141C	YPL235W
YNL113W	YNR003C
YJL095W	YJR141W
YNL009W	YOL013C
YDL108W	YPR025C
YLR034C	YLR056W
YGL105W	YKL050C
YER064C	YOR231W
YGL206C	YOR027W
YLR378C	YML012W
YLR115W	YMR061W
YLR258W	YOR026W
YCL054W	YOR267C
YDL115C	YDL140C
YLR258W	YLR291C
YDL108W	YDR146C
YBR284W	YML035C
YFL024C	YNL107W
YGR052W	YHR200W
YJL057C	YOL078W
YDR460W	YPR025C
YJR059W	YKL064W
YJL140W	YPL203W
YBR109C	YJR065C
YGL166W	YKR011C
YAL043C	YJL033W
YHL033C	YHR200W
YER177W	YHR200W
YMR047C	YOR051C
YDL108W	YDL140C
YDR318W	YMR117C
YCR051W	YER184C
YBR231C	YFL039C
YGL051W	YGR295C
YDR011W	YDR501W
YLR449W	YNL110C
YJR059W	YKL168C
YPL198W	YPR016C
YDL140C	YMR061W
YJR059W	YMR102C
YDR006C	YER177W
YFL039C	YNL157W
YOR289W	YPR016C
YNL064C	YOR117W
YMR001C	YOR195W
YBL104C	YLR096W
YDL097C	YFR010W
YHL002W	YKL213C
YER133W	YLR096W
YJR002W	YOR145C
YBR290W	YKL065C
YAL017W	YML037C
YBL104C	YJR138W
YGR103W	YIL035C
YGL105W	YHR131C
YLR019W	YOR043W
YLR002C	YPL211W
YLR079W	YLR210W
YGR129W	YNR011C
YHR157W	YPL031C
YDR477W	YLR003C
YFR028C	YGR056W
YBR016W	YGL120C
YGR278W	YLR117C
YGL006W	YOL129W
YBR212W	YPL184C
YDR118W	YPR018W
YIL135C	YOR043W
YKL049C	YML072C
YGR209C	YML028W
YNL007C	YPR158W
YIL095W	YLR251W
YDR456W	YIL030C
YLR315W	YPR083W
YDR069C	YPL084W
YDR054C	YJL157C
YDL055C	YIL075C
YDR016C	YKR083C
YBL003C	YGL150C
YJR063W	YOR210W
YDR214W	YNL281W
YFL022C	YOR117W
YML083C	YOR231W
YBL004W	YNL132W
YJL047C	YPR135W
YBR217W	YGR240C
YAL035W	YPL198W
YDL121C	YMR047C
YEL048C	YPL143W
YDL148C	YKL035W
YFL050C	YGL180W
YBR044C	YJR010C-A
YLR262C	YPL031C
YOR244W	YPR049C
YDR516C	YGR232W
YKL081W	YNL272C
YAR027W	YIR033W
YLR044C	YOR117W
YDL029W	YDR216W
YBL026W	YDL097C
YGR240C	YLR259C
YHR128W	YHR200W
YPL031C	YPL050C
YAL038W	YBR221C
YDL209C	YJR050W
YGL014W	YNL317W
YHR088W	YLR449W
YDL083C	YMR242C
YIL007C	YPR165W
YDL030W	YER112W
YDL143W	YOR117W
YCR008W	YLR305C
YLR044C	YPL082C
YDR016C	YLR031W
YOL082W	YOR353C
YJL130C	YPL235W
YLL026W	YPR152C
YJR004C	YPL141C
YGL048C	YPL235W
YDL143W	YGL121C
YDR473C	YOR308C
YEL034W	YOR043W
YML031W	YNL304W
YBR069C	YGL051W
YJR059W	YKL121W
YDR214W	YOR117W
YKL129C	YNL084C
YJR002W	YOL010W
YJL164C	YOR162C
YFR028C	YNL116W
YBR231C	YLR399C
YBR205W	YHR016C
YCL024W	YPR013C
YML117W	YPR080W
YAL009W	YMR165C
YGR278W	YML049C
YJR131W	YKR072C
YNL091W	YOR355W
YDR101C	YLR009W
YER136W	YNL093W
YDL209C	YER172C
YJL081C	YLR052W
YJL164C	YKL127W
YAL015C	YDR214W
YIL035C	YLR002C
YBL002W	YLR074C
YER177W	YKL049C
YFR028C	YOR032C
YCL027W	YNL054W
YHR200W	YJL130C
YHR027C	YJL130C
YLR222C	YOR078W
YDL007W	YHL030W
YDR060W	YPR016C
YCL054W	YNL110C
YDL147W	YDR073W
YGL112C	YML114C
YDL140C	YGR104C
YGR186W	YPL203W
YEL013W	YML121W
YDL132W	YOL025W
YJL164C	YML037C
YGL060W	YHR016C
YGR276C	YIL095W
YFR010W	YGL180W
YBR065C	YDL209C
YDL060W	YGR090W
YER172C	YGR006W
YAL017W	YDR293C
YHR079C	YPL254W
YJR068W	YMR105C
YHR158C	YOR047C
YCR008W	YGR086C
YDR188W	YLL024C
YGR281W	YPL198W
YBR050C	YBR109C
YER177W	YGL003C
YGL210W	YKL116C
YDL216C	YJR084W
YER133W	YOR227W
YBL011W	YOL113W
YDL160C	YMR080C
YHR006W	YJR090C
YDR150W	YKL049C
YKL189W	YOR353C
YDL216C	YDR328C
YHR207C	YJR059W
YFR024C-A	YML011C
YBL023C	YLR291C
YJL122W	YNL182C
YJR059W	YJR112W
YBL058W	YOR342C
YDL030W	YFR052W
YDL123W	YGL023C
YDL060W	YLR435W
YFR030W	YLR291C
YBR207W	YPR079W
YGR090W	YPL031C
YDR180W	YER147C
YDL100C	YER150W
YGL059W	YIL042C
YJL141C	YML035C
YFL024C	YGL048C
YGR047C	YNL039W
YGL209W	YMR239C
YAL027W	YIL095W
YGR104C	YPR080W
YGR232W	YNL209W
YBL007C	YBR108W
YMR094W	YOL133W
YDR318W	YGR006W
YEL019C	YOL034W
YFR001W	YPL093W
YDL083C	YLR075W
YJR131W	YML064C
YKL210W	YMR059W
YFR019W	YGR086C
YGL120C	YPL093W
YGR192C	YHR200W
YDR122W	YOL082W
YLR449W	YPR169W
YGL250W	YMR111C
YDR087C	YNL178W
YLR019W	YOR341W
YDL185W	YJR035W
YHR114W	YIL156W
YKL082C	YNL110C
YMR047C	YOR091W
YBR290W	YJL117W
YOR257W	YPL180W
YGR092W	YOR228C
YBR069C	YHR114W
YBL003C	YLR196W
YDR080W	YER123W
YGL076C	YLR029C
YGR253C	YOL038W
YBL026W	YOR308C
YGL180W	YML062C
YIL075C	YJL164C
YDR394W	YKL211C
YDR280W	YJR125C
YGL180W	YOR083W
YKR021W	YKR039W
YAR007C	YGL150C
YGL197W	YMR117C
YFR028C	YKL150W
YER036C	YLL024C
YGR103W	YPR016C
YDR477W	YKL193C
YER008C	YGL233W
YNL186W	YPL031C
YBL007C	YIL095W
YCR057C	YPL012W
YLL024C	YOR027W
YFR028C	YNL078W
YBR208C	YBR221C
YEL062W	YOL138C
YBL011W	YGL180W
YGL076C	YKR081C
YGL083W	YNL272C
YCL027W	YNL267W
YNL304W	YPL031C
YGR240C	YML064C
YNL209W	YPR163C
YBL007C	YOR329C
YFL062W	YLR034C
YJR002W	YNL110C
YGR218W	YMR061W
YDL140C	YGR003W
YGL029W	YKL172W
YAL035W	YJR145C
YDL140C	YDR293C
YNR036C	YNR037C
YDR022C	YGL237C
YKR034W	YOL054W
YGR004W	YPR028W
YGL070C	YOR151C
YGL180W	YNL227C
YDR172W	YDR188W
YDL207W	YLR018C
YML035C	YPL141C
YDR162C	YPL038W
YLR268W	YNL279W
YCL031C	YJL020C
YDR171W	YKL049C
YLR441C	YOR117W
YDL055C	YPL235W
YJL074C	YMR142C
YNL110C	YPL143W
YBL055C	YOR052C
YJR082C	YPR031W
YCL008C	YJL172W
YLR426W	YPL151C
YJL065C	YOR304W
YBL011W	YJL057C
YGL053W	YHR140W
YAL032C	YNR011C
YJR092W	YPR122W
YDL131W	YOL113W
YIL095W	YNL084C
YHR027C	YKL049C
YGL197W	YPL203W
YER172C	YPR178W
YKL020C	YOR250C
YJR035W	YKL054C
YMR142C	YPR016C
YLR340W	YLR432W
YKR081C	YLR002C
YIL035C	YPL037C
YGL213C	YOR267C
YMR028W	YOR244W
YDL140C	YPL203W
YGL060W	YOL133W
YBR010W	YOR244W
YDR283C	YNL047C
YGR086C	YGR237C
YOL018C	YOL132W
YDR412W	YPL093W
YPL031C	YPR135W
YBR283C	YPR028W
YJR041C	YNR038W
YDR409W	YML032C
YGR090W	YJR002W
YFR024C-A	YHR016C
YGL048C	YIL075C
YDR101C	YMR047C
YCR042C	YMR227C
YKL191W	YOR244W
YGL104C	YPL175W
YGR282C	YOL113W
YBL078C	YLR450W
YBR136W	YLR304C
YDR054C	YIL148W
YGL059W	YHR117W
YDL083C	YHL034C
YBL058W	YDL126C
YCR079W	YPL022W
YKL172W	YOR294W
YNL104C	YPR106W
YML004C	YPL031C
YGR056W	YIL126W
YDR171W	YOR007C
YDL028C	YNL007C
YAL032C	YLR345W
YCR008W	YMR140W
YJL074C	YMR242C
YGL059W	YNL186W
YDR379W	YKL172W
YBR221C	YDR069C
YHR027C	YOR046C
YBR109C	YFL003C
YGL120C	YNL110C
YML031W	YMR227C
YJL069C	YOR039W
YBL085W	YMR139W
YGR116W	YPR133C
YGR103W	YLR002C
YGR037C	YHL002W
YDR513W	YIR037W
YDR436W	YMR311C
YAL015C	YDL029W
YKL142W	YPL004C
YGR120C	YLR262C
YDL148C	YKR060W
YBR183W	YLR018C
YDR172W	YHR027C
YNL021W	YPR016C
YER131W	YLL027W
YJR002W	YKR060W
YLR182W	YNL309W
YDL140C	YMR276W
YFR024C-A	YPL038W
YDR101C	YHR200W
YBR068C	YML012W
YDR122W	YGR249W
YER155C	YNL110C
YBR169C	YPL141C
YJR001W	YOR098C
YKL198C	YNR016C
YMR231W	YOR089C
YGL099W	YPL093W
YDR142C	YIL068C
YDR214W	YFL037W
YDL007W	YGR232W
YBL078C	YLR295C
YIL074C	YJR059W
YDL209C	YGR278W
YBR129C	YIL095W
YER139C	YJL057C
YMR104C	YOL082W
YLL024C	YPR135W
YGL256W	YJR035W
YBL004W	YBR247C
YDL072C	YFR024C-A
YAR027W	YOR273C
YER006W	YGL081W
YKL203C	YPL268W
YGR082W	YGR120C
YLR315W	YPR105C
YBR290W	YDL015C
YBR086C	YDL209C
YKL121W	YPL203W
YBR142W	YPL093W
YFL008W	YLR196W
YMR246W	YOL126C
YDR244W	YDR329C
YLR305C	YOR047C
YBR154C	YDL115C
YAL032C	YGL128C
YJL084C	YKR039W
YDL147W	YMR025W
YPL082C	YPR034W
YIL035C	YOR054C
YGL158W	YPR063C
YDR001C	YHR027C
YKL125W	YPL146C
YHR196W	YLR003C
YLR030W	YPL031C
YCR009C	YPL249C
YGL112C	YMR255W
YGR116W	YPL203W
YGL158W	YGR166W
YDL148C	YMR047C
YAL032C	YDL001W
YBL003C	YJL047C
YGR057C	YKL015W
YDR192C	YDR335W
YBR109C	YKL129C
YHR154W	YLR442C
YER017C	YGR132C
YJL140W	YMR309C
YEL034W	YJL191W
YDR101C	YIR026C
YJR090C	YNL055C
YDR427W	YGR232W
YDR254W	YPL018W
YBR069C	YHR020W
YKL054C	YNL281W
YDR412W	YER006W
YLR018C	YNL279W
YLL024C	YLL029W
YLR291C	YOL083W
YJL095W	YLR305C
YGR275W	YIL126W
YCR072C	YGL120C
YJL020C	YNL023C
YGL099W	YOR294W
YLR432W	YMR309C
YBL007C	YKL074C
YGR024C	YPL110C
YAL017W	YKL168C
YAL016W	YOR073W
YGR218W	YKL068W
YBL064C	YPL031C
YJL111W	YKL049C
YBL103C	YMR227C
YDL013W	YPL209C
YLR340W	YPL009C
YHR027C	YPR163C
YLR315W	YNL097C
YCR101C	YGR216C
YJL203W	YOL136C
YJL124C	YLR003C
YLL024C	YPL167C
YGL011C	YMR314W
YGR275W	YPR034W
YGR218W	YJL130C
YDR277C	YHL002W
YFR028C	YHR118C
YDR260C	YLR102C
YDR092W	YMR256C
YOL077C	YPL012W
YJL081C	YOR141C
YLR196W	YPR191W
YHR169W	YNR054C
YBR010W	YDR052C
YJL157C	YNR031C
YJR017C	YLR106C
YKL104C	YPR106W
YFL026W	YIL068C
YAL017W	YJL110C
YGR188C	YKR099W
YJR010C-A	YPL076W
YDR277C	YLR447C
YGR055W	YPR156C
YMR165C	YPL141C
YDL028C	YMR139W
YLR418C	YOR138C
YAL032C	YBR114W
YDL148C	YNL132W
YBL058W	YDR466W
YDL080C	YIR037W
YGR218W	YMR047C
YBR126C	YHR027C
YKL049C	YPR080W
YNL021W	YOR138C
YBL011W	YDL108W
YGL006W	YHR104W
YAL019W	YDL147W
YLR324W	YPR165W
YGR047C	YOR110W
YCR061W	YGR055W
YJL141C	YPL203W
YKL104C	YOR117W
YDR186C	YOR127W
YMR059W	YOR230W
YDL195W	YKL049C
YDR116C	YIL035C
YNL113W	YOR210W
YKL049C	YNL007C
YKL091C	YKL168C
YIL150C	YLR045C
YER136W	YGL210W
YAR019C	YCR073C
YNL053W	YOR257W
YDR216W	YER177W
YBR109C	YNL209W
YDR150W	YJL074C
YDL239C	YPL049C
YIL143C	YPR056W
YOL133W	YOR341W
YJL057C	YPL018W
YOR229W	YOR230W
YGL158W	YJR141W
YBR137W	YOR164C
YAR019C	YGR052W
YGR047C	YGR156W
YKL081W	YMR059W
YOL059W	YPL022W
YHR200W	YML024W
YBR077C	YGR201C
YHR016C	YMR313C
YGR077C	YNL329C
YKL104C	YKL161C
YHR027C	YJR072C
YLR418C	YOR151C
YGL147C	YPL093W
YDL140C	YGR116W
YHR066W	YPL211W
YMR262W	YPL209C
YGL076C	YGL147C
YFL008W	YJL074C
YLR044C	YNL272C
YGL066W	YGL158W
YBL085W	YER124C
YKL049C	YOL038W
YEL012W	YOL054W
YAR002C-A	YMR149W
YGR240C	YHR200W
YNL209W	YPL009C
YHR105W	YJR059W
YBR093C	YJL066C
YDR460W	YIL143C
YMR167W	YOL043C
YCR008W	YDR129C
YLR044C	YML072C
YBR135W	YNL209W
YDR032C	YGR055W
YBL026W	YMR237W
YGR024C	YHR112C
YMR128W	YPR152C
YGL104C	YNL054W
YGL014W	YLR448W
YER162C	YOR117W
YFL037W	YGR092W
YDL083C	YER131W
YIL075C	YML062C
YBL041W	YHR200W
YIR033W	YLR268W
YDR130C	YOL080C
YML037C	YNL092W
YDL140C	YGR270W
YIL045W	YPR160W
YDR101C	YNL110C
YDL013W	YDL147W
YDR394W	YGR232W
YCR076C	YPR103W
YIL105C	YNL047C
YPL266W	YPR144C
YNL178W	YNR054C
YER103W	YGL206C
YDL015C	YOR324C
YDR501W	YKR078W
YLR450W	YOL013C
YER177W	YOR117W
YER139C	YJL140W
YHR088W	YPL211W
YBR057C	YGL192W
YDR378C	YLR117C
YGL120C	YJR145C
YFL038C	YOR070C
YNL110C	YPR144C
YLR224W	YOL133W
YIL035C	YLR223C
YCL044C	YMR115W
YGR168C	YPL209C
YEL060C	YNL186W
YPR091C	YPR152C
YNL209W	YPL022W
YGL112C	YOR220W
YDL195W	YGL076C
YLR265C	YMR284W
YDR060W	YER006W
YLL024C	YMR027W
YKR072C	YPL141C
YDR244W	YLR284C
YHR108W	YOR109W
YJL095W	YNL133C
YBR183W	YBR290W
YBR109C	YJL012C
YFR028C	YGR097W
YBR217W	YLR438W
YER023W	YPL169C
YDL055C	YHR200W
YDL140C	YDR188W
YDL176W	YJR104C
YLR368W	YOL133W
YLR002C	YNL110C
YEL032W	YGR270W
YLR182W	YOL113W
YCR073C	YJL108C
YDR331W	YHR140W
YDL147W	YMR314W
YGL087C	YMR323W
YGL111W	YOR380W
YCR042C	YDR195W
YGL048C	YGR184C
YHR200W	YLR044C
YGR275W	YML127W
YLL019C	YPL012W
YAL002W	YPL045W
YBL007C	YOR047C
YDR328C	YER177W
YDR449C	YPL266W
YDL171C	YKL104C
YER133W	YJL033W
YLR106C	YMR047C
YER103W	YLL024C
YDL215C	YLR320W
YIR005W	YLR438W
YHR200W	YPR035W
YAL016W	YML024W
YDL015C	YPR028W
YKL049C	YML028W
YDL060W	YML024W
YIL095W	YOR329C
YMR139W	YNL272C
YDR256C	YPL070W
YDL220C	YGL158W
YGL120C	YOR341W
YJL164C	YNL186W
YKR025W	YOR210W
YDL054C	YMR013C
YPL082C	YPL178W
YER133W	YFR001W
YJR059W	YKL093W
YHL003C	YKL008C
YEL032W	YOL113W
YOR185C	YOR250C
YDR214W	YGR240C
YER006W	YPL211W
YBR128C	YLR240W
YHR169W	YLR438W
YAR027W	YJL117W
YKL041W	YKR035W-A
YER006W	YPR016C
YGR047C	YLR096W
YFL007W	YKL049C
YDR473C	YLR305C
YDL140C	YKL210W
YIL112W	YOL068C
YOR046C	YOR117W
YDR501W	YGR055W
YKL116C	YLR015W
YNL007C	YPL209C
YBR142W	YGR103W
YER064C	YLR370C
YDR288W	YEL019C
YCL009C	YGL116W
YBR039W	YGL237C
YJR014W	YOR028C
YGL059W	YOR113W
YDR356W	YGR161C
YMR227C	YPL254W
YHR200W	YJR139C
YBR055C	YPR178W
YDL215C	YOR057W
YGR237C	YLR432W
YJR035W	YLR304C
YJR010C-A	YML067C
YDL100C	YNL055C
YIL094C	YLR075W
YMR001C	YMR076C
YLR245C	YLR291C
YCR028C	YGL051W
YHL034C	YMR242C
YGR251W	YNL186W
YBR039W	YOL087C
YER172C	YGR270W
YBR010W	YPL209C
YJR017C	YLL026W
YBR055C	YJL167W
YFL033C	YJL164C
YAR027W	YMR149W
YHR200W	YNL064C
YKL172W	YKR081C
YBR083W	YHR084W
YJL117W	YJR010C-A
YHL034C	YJR059W
YDR325W	YJR089W
YJL164C	YNL245C
YCR042C	YPR065W
YBL078C	YHR171W
YIL126W	YPL082C
YFL054C	YPL076W
YNL299W	YOL115W
YOL013C	YOR027W
YFR024C-A	YOR109W
YLR138W	YML132W
YBR290W	YGL051W
YDR084C	YGL198W
YJL164C	YKR009C
YDR498C	YLR268W
YNL248C	YPR152C
YDL097C	YHR027C
YDR233C	YPL154C
YDR206W	YPR106W
YIL119C	YNL107W
YHR079C	YNL155W
YHR118C	YPR018W
YDL006W	YNR019W
YGR270W	YOL006C
YBR211C	YLR315W
YIL094C	YKL104C
YKR081C	YLR449W
YKL008C	YPR048W
YDL126C	YDL132W
YML064C	YPL049C
YIL105C	YLR425W
YLR007W	YOL034W
YML049C	YPR178W
YDR188W	YKL049C
YBR044C	YKL141W
YDR356W	YLR045C
YGL180W	YHR117W
YDR229W	YJR059W
YML031W	YML103C
YHR027C	YPR035W
YIL153W	YMR028W
YBR257W	YNL282W
YJL020C	YNR016C
YIL105C	YPL208W
YLR441C	YNL110C
YGL210W	YLR096W
YOR005C	YPL110C
YCR057C	YOR145C
YDR130C	YNL178W
YBL023C	YMR048W
YIL095W	YNL186W
YAL051W	YGR092W
YML075C	YOL013C
YCL034W	YHR016C
YGR232W	YIL075C
YLL023C	YMR129W
YNL178W	YPL198W
YDL015C	YJR117W
YBR290W	YCL052C
YNL186W	YPL150W
YNL132W	YOL102C
YKL168C	YMR196W
YNL157W	YNL209W
YJL095W	YJL141C
YIL107C	YJL164C
YLR438W	YPL022W
YDR101C	YOR098C
YER036C	YHR027C
YKL185W	YPL139C
YIL062C	YNR035C
YDL126C	YDL147W
YMR264W	YPL076W
YBR205W	YML012W
YGR274C	YMR230W
YCR052W	YGR270W
YDR293C	YGL059W
YGR092W	YLR438W
YDR146C	YDR335W
YIR033W	YOL126C
YBL002W	YER142C
YGR090W	YLR223C
YPL031C	YPL222W
YHR200W	YOR046C
YDL076C	YDR207C
YGL180W	YKL093W
YFL024C	YPL248C
YMR128W	YNR046W
YLR268W	YNL237W
YLR096W	YLR345W
YLR074C	YMR047C
YBR011C	YLR425W
YCR057C	YLR029C
YBR176W	YPL070W
YDR188W	YGR192C
YNL209W	YPR016C
YKR081C	YLL008W
YER054C	YML088W
YDR214W	YIL094C
YKL054C	YPR152C
YBR010W	YPL138C
YBR272C	YGL011C
YOL082W	YPL031C
YDL207W	YDR429C
YAL038W	YDR192C
YGL048C	YJR145C
YER133W	YNR034W
YGL056C	YGR055W
YOR176W	YOR257W
YDR130C	YER177W
YGR252W	YPL254W
YMR306W	YPR128C
YDR301W	YGR047C
YBR211C	YOL054W
YHR027C	YPL231W
YDL153C	YGL180W
YLR340W	YNL132W
YBR055C	YEL034W
YGL127C	YOL135C
YLL008W	YPL198W
YPR135W	YPR164W
YAL018C	YBR290W
YDL105W	YDR288W
YGR103W	YPR143W
YER006W	YJL122W
YBL026W	YCR093W
YJL167W	YPL031C
YDR073W	YPR034W
YKR008W	YOR094W
YER002W	YHR066W
YJR059W	YNL167C
YKL142W	YMR165C
YKL081W	YPL226W
YHR115C	YPR169W
YAR027W	YJL093C
YDR466W	YPL093W
YDL207W	YOR046C
YHR169W	YPL226W
YBR154C	YPR133C
YCR057C	YJL191W
YDR069C	YEL041W
YJL164C	YNL157W
YGR103W	YPL211W
YBR010W	YKL005C
YDR328C	YOL133W
YGR184C	YPR048W
YGL009C	YMR291W
YBR231C	YJL081C
YKL065C	YPL076W
YDR229W	YGR218W
YKL082C	YKL172W
YER105C	YPR080W
YCL066W	YCL067C
YJR083C	YLR295C
YBR155W	YPL209C
YMR205C	YOL045W
YGR209C	YKL069W
YGL130W	YOL078W
YAL027W	YLR044C
YGL181W	YHR016C
YDL083C	YGL076C
YIL046W	YJL058C
YEL044W	YPL235W
YFL037W	YOR349W
YDR027C	YJL029C
YDR124W	YHR155W
YAR019C	YJR047C
YGR130C	YGR192C
YBL002W	YBR010W
YDR022C	YGL180W
YAR007C	YBL002W
YLR074C	YLR196W
YJL164C	YKL193C
YMR059W	YPL004C
YIL035C	YLR403W
YHR027C	YHR104W
YBL047C	YDR192C
YBR095C	YIL094C
YLR074C	YLR106C
YGR252W	YKL211C
YGR090W	YPR152C
YGL070C	YOR210W
YKL104C	YPL235W
YJL030W	YLR044C
YCL027W	YKL105C
YNL132W	YNL178W
YBL002W	YIL126W
YJR045C	YNL157W
YLR106C	YOL133W
YDR293C	YER112W
YHR012W	YJL154C
YEL012W	YLR410W
YBR155W	YDR216W
YFR052W	YMR048W
YDR473C	YPR082C
YJL033W	YMR142C
YGL197W	YLR377C
YGR086C	YMR031C
YDL188C	YGR253C
YCR033W	YPR152C
YBR283C	YMR292W
YDL227C	YML088W
YLR368W	YMR048W
YKL181W	YOR231W
YHR027C	YOR341W
YDR011W	YKL203C
YHL034C	YNL132W
YGR098C	YOR195W
YDL140C	YOL018C
YDR204W	YOL096C
YHR088W	YLR002C
YGL099W	YJL122W
YCR014C	YDL147W
YER041W	YLR449W
YBL091C	YGR142W
YBL023C	YLR274W
YKL206C	YOR157C
YDR188W	YNL178W
YCR012W	YGR192C
YJR059W	YOR257W
YBR095C	YKL049C
YAL035W	YER036C
YCL025C	YJL117W
YDL160C	YPR178W
YBR229C	YML067C
YGL005C	YPR105C
YGR203W	YOR341W
YBR155W	YDR463W
YBL023C	YIL150C
YHR027C	YHR200W
YBR205W	YPR107C
YER006W	YOR349W
YER036C	YJR059W
YDL126C	YJL048C
YBR069C	YFR024C-A
YOR117W	YPL231W
YHR016C	YJL194W
YJR002W	YNL132W
YJL006C	YPR035W
YCR030C	YFR024C-A
YDR345C	YHR200W
YBL026W	YPL249C
YAL009W	YGL059W
YCR027C	YOL083W
YNL183C	YPL180W
YAR002C-A	YMR123W
YKR024C	YPL093W
YLR340W	YOL039W
YBR065C	YPR080W
YBR211C	YDR254W
YKL104C	YKL116C
YDL203C	YLR096W
YGL147C	YNL178W
YCR057C	YHR169W
YDR306C	YDR328C
YKL015W	YLL010C
YBL003C	YBR010W
YDL134C	YKL203C
YLL024C	YMR167W
YNL090W	YNL210W
YBR010W	YJL081C
YDL006W	YML100W
YJL006C	YML112W
YFL054C	YKL142W
YLL008W	YOR267C
YCL009C	YGR092W
YDR254W	YKL049C
YHR117W	YJL164C
YHL021C	YOR210W
YKL008C	YKL065C
YER127W	YJL164C
YKL103C	YLR450W
YDR101C	YKR081C
YDR052C	YHR118C
YGR037C	YML086C
YGL066W	YPL082C
YBR108W	YJL020C
YGL147C	YPL198W
YJR001W	YKL116C
YER177W	YNL076W
YBR114W	YGR003W
YCR079W	YGL070C
YJR063W	YNL113W
YPL166W	YPR049C
YKL120W	YOR117W
YAR002C-A	YMR272C
YLR222C	YNL132W
YGR092W	YPR160W
YMR309C	YOR039W
YDL233W	YJR112W
YLR216C	YOR220W
YDR169C	YGL180W
YBR290W	YGL012W
YGR253C	YHR027C
YBR010W	YLR015W
YJR002W	YLR186W
YHL021C	YJL140W
YBR154C	YKR025W
YJL147C	YLR222C
YDL190C	YER162C
YGR186W	YOR210W
YLL008W	YPL093W
YER002W	YGL111W
YAL017W	YKL049C
YDR172W	YOR176W
YML037C	YPL141C
YDL108W	YDR168W
YDR412W	YGR103W
YGR240C	YKL049C
YGR103W	YHR066W
YKL193C	YLR430W
YBL078C	YKL103C
YDR122W	YGR001C
YLL010C	YOR043W
YDR477W	YLL024C
YBR289W	YGL158W
YDR468C	YOL018C
YJL164C	YOR070C
YAL003W	YEL034W
YAR019C	YOR231W
YBR272C	YDR427W
YJR002W	YJR145C
YJR082C	YLR223C
YDL126C	YIR033W
YDR122W	YIL107C
YER105C	YPL004C
YGR185C	YLL029W
YGL158W	YNL186W
YHR016C	YLR206W
YFL022C	YKL049C
YDL148C	YJR145C
YBL085W	YBR003W
YHL033C	YLR074C
YHR114W	YOR059C
YDR368W	YHR200W
YBR138C	YGR092W
YBR039W	YGR104C
YBL004W	YDL148C
YIL126W	YOR341W
YBL007C	YLR095C
YGR103W	YNL182C
YDL132W	YDR306C
YAL003W	YML064C
YJR082C	YNL107W
YML028W	YOR117W
YDR155C	YMR059W
YEL017C-A	YMR299C
YGR092W	YLR303W
YDL105W	YPL146C
YDR129C	YHR200W
YGL158W	YGR024C
YDR161W	YHR174W
YDR032C	YLR413W
YGR136W	YPL038W
YGR104C	YOR151C
YGL254W	YJL164C
YML064C	YPL192C
YBR108W	YFR024C-A
YEL034W	YMR284W
YHL021C	YJR059W
YDL140C	YDR301W
YJL095W	YML080W
YDR477W	YGR256W
YIL149C	YMR284W
YDL126C	YDL140C
YGR142W	YJL154C
YDR233C	YLR018C
YJL178C	YPL045W
YGR276C	YOL113W
YGL256W	YOR094W
YDR318W	YJR060W
YGL254W	YPL031C
YBR289W	YER162C
YDR328C	YJR089W
YKR081C	YPL198W
YGL048C	YPL004C
YFR002W	YLR018C
YAL035W	YGL076C
YDL188C	YMR314W
YDL140C	YJL140W
YJL111W	YMR028W
YBR107C	YHR113W
YBL002W	YHR118C
YFR030W	YHR027C
YKL010C	YLR304C
YBR119W	YLR449W
YMR274C	YOL132W
YDR192C	YML103C
YDR477W	YMR165C
YGL181W	YLL024C
YLR052W	YOR141C
YJL095W	YOR231W
YBR109C	YMR111C
YMR231W	YNL304W
YLR449W	YPL146C
YLR268W	YOR311C
YJR059W	YLL029W
YBL003C	YIL035C
YBL004W	YOL010W
YBR142W	YPL211W
YDR394W	YOR117W
YJL065C	YNL230C
YGL180W	YKL114C
YER172C	YML049C
YDR101C	YKL068W
YBR183W	YML067C
YER044C	YGL012W
YDR453C	YJL141C
YGR270W	YPR031W
YER107C	YML103C
YBL004W	YDR280W
YGL120C	YNL248C
YJL164C	YKL064W
YDR288W	YOR294W
YDR356W	YIL149C
YNL055C	YNL093W
YBL002W	YNL246W
YDL097C	YPR108W
YHR016C	YNL084C
YBR044C	YHR042W
YBR053C	YLR310C
YDR129C	YIL062C
YLR321C	YPL070W
YKL125W	YML126C
YJR082C	YOR244W
YGL151W	YOL135C
YGL158W	YJL081C
YDR356W	YER129W
YBR283C	YHR140W
YDR032C	YIL105C
YJL164C	YLR022C
YLR291C	YMR095C
YGL250W	YLR442C
YJR059W	YNL245C
YER133W	YNL317W
YEL017C-A	YHL042W
YBL003C	YHL034C
YFR024C-A	YNR031C
YGL158W	YLR071C
YJL217W	YPR118W
YEL048C	YPL110C
YGL120C	YLR005W
YGR240C	YPR152C
YMR314W	YOL038W
YDL108W	YNL272C
YMR224C	YOR005C
YDR477W	YOL066C
YDR165W	YFR053C
YDR033W	YHR200W
YJL095W	YNL155W
YAR002C-A	YJR010C-A
YDL030W	YML046W
YJL030W	YOR283W
YKL125W	YNL248C
YBL007C	YGL181W
YNL073W	YOL130W
YDR180W	YFL008W
YIL035C	YMR172W
YJR117W	YNR019W
YIL027C	YJL148W
YJL124C	YPL084W
YLR424W	YPL151C
YDR159W	YPL178W
YDR161W	YJL057C
YIL105C	YOL038W
YLR119W	YLR417W
YGL197W	YLR310C
YBR289W	YDR073W
YHR200W	YMR205C
YHR066W	YOR294W
YBR055C	YKL210W
YDR368W	YHR027C
YDR520C	YJR046W
YDR331W	YGL053W
YER006W	YGR103W
YLR430W	YPL022W
YGL180W	YNL165W
YPR025C	YPR056W
YBR107C	YDR421W
YIL062C	YJR065C
YBL003C	YOL059W
YHR020W	YNL272C
YDR198C	YOR005C
YHR084W	YNL248C
YDL045C	YGR077C
YDR195W	YPL008W
YLL008W	YNL110C
YGR156W	YPL008W
YBL007C	YDR277C
YDR037W	YDR328C
YFR052W	YHR200W
YDR060W	YPL211W
YLR074C	YMR303C
YBR053C	YPL141C
YBL002W	YGR270W
YEL048C	YOR074C
YJL057C	YPR013C
YDL134C	YPR040W
YBL010C	YKL193C
YLR396C	YOR106W
YJL141C	YMR304W
YFL037W	YOL120C
YHR200W	YLR028C
YJL164C	YLR345W
YMR001C	YNL172W
YAL002W	YKR014C
YIL062C	YJL020C
YIL094C	YML126C
YBR154C	YML126C
YJL164C	YMR304W
YGR055W	YGR130C
YBR154C	YOR341W
YBR207W	YDL199C
YDR192C	YGR192C
YHR027C	YKL080W
YDR383C	YLR315W
YDR219C	YDR328C
YJL084C	YPL031C
YDR369C	YJL167W
YMR105C	YOR090C
YIR022W	YOL132W
YKR014C	YNL093W
YGL180W	YNR019W
YDR216W	YOL133W
YAR002C-A	YML067C
YLR018C	YML031W
YGL104C	YJR117W
YGL116W	YPL203W
YDR155C	YML095C
YDR414C	YLL056C
YOR078W	YPL012W
YJR063W	YNL248C
YDR293C	YJR059W
YJL210W	YMR026C
YAR019C	YER087W
YJL148W	YOR341W
YDL036C	YHR200W
YJL057C	YOR027W
YEL034W	YNL248C
YOR244W	YPR152C
YGL213C	YHR157W
YLR075W	YLR448W
YGL105W	YML095C
YBR069C	YNL064C
YKL010C	YOL038W
YDR101C	YPR017C
YDR129C	YKL203C
YGL120C	YGL128C
YHL030W	YJL001W
YDL209C	YGL128C
YHR115C	YNL116W
YGL206C	YJR125C
YML117W	YPR106W
YLR304C	YMR059W
YGR214W	YNL023C
YGR252W	YPL082C
YDR087C	YJL044C
YBR065C	YPL004C
YGR156W	YNL222W
YDR169C	YPL031C
YER036C	YNL302C
YIL156W	YJL164C
YJL164C	YMR182C
YBR010W	YMR284W
YDL007W	YDL097C
YLR055C	YPL209C
YDR335W	YMR047C
YCR057C	YGR154C
YHR200W	YMR276W
YDR283C	YDR477W
YCL025C	YJR117W
YJL164C	YKR021W
YAL017W	YER054C
YJL141C	YNL230C
YBL024W	YJL095W
YHR196W	YIL125W
YJL141C	YJR017C
YJR142W	YPL141C
YBR011C	YPR080W
YIL035C	YPL110C
YGL161C	YGL198W
YBR126C	YMR139W
YBR109C	YDR356W
YDR195W	YMR142C
YJL167W	YNL244C
YJL095W	YOR196C
YKL080W	YLR447C
YHL034C	YNL209W
YHL002W	YKR009C
YDR490C	YJR059W
YKL049C	YPL093W
YBL024W	YDR382W
YGR052W	YJR138W
YBL002W	YML069W
YJL164C	YMR081C
YBR154C	YJR138W
YCR030C	YER166W
YDL108W	YPR013C
YGL112C	YOL148C
YDR142C	YKL054C
YKL203C	YPR149W
YDL089W	YML034W
YNL183C	YPR135W
YBR179C	YKL116C
YBR235W	YGR218W
YGL151W	YPL254W
YGL111W	YKR081C
YGR037C	YLR310C
YDR412W	YOR048C
YCL024W	YMR139W
YAL016W	YDR162C
YDL147W	YMR191W
YHR027C	YNL244C
YJR060W	YOR304W
YKL130C	YNL023C
YJR059W	YMR291W
YEL043W	YKL142W
YBR169C	YGL206C
YER027C	YGL208W
YJL148W	YNL113W
YDL134C	YHR114W
YCL032W	YMR139W
YNL209W	YOL077C
YBR055C	YDR378C
YBR010W	YJL047C
YJL164C	YLR310C
YEL012W	YMR291W
YJR059W	YLR301W
YDR412W	YGR218W
YBR133C	YPL031C
YGL233W	YPR055W
YDR477W	YLR182W
YGL116W	YKL022C
YGL180W	YKR098C
YDL030W	YPL018W
YBL004W	YPL266W
YJL084C	YJL164C
YBL026W	YOL163W
YDR101C	YER006W
YNR024W	YOR001W
YCR011C	YPR079W
YLR106C	YOR151C
YFL008W	YOL091W
YER133W	YOR078W
YGL011C	YPR103W
YBL007C	YPL141C
YJL029C	YOL018C
YBL041W	YOR157C
YDL065C	YJL006C
YIL143C	YMR105C
YNL110C	YPR102C
YDR074W	YHR027C
YAL035W	YLR427W
YDR207C	YMR042W
YHR027C	YMR309C
YGR092W	YLR007W
YIL126W	YKR008W
YGL105W	YLR247C
YDL185W	YLR222C
YDL209C	YPL151C
YDR192C	YKL068W
YBR164C	YPR095C
YDR270W	YGL105W
YGR047C	YGR218W
YCR009C	YLR218C
YDR001C	YJR059W
YDL030W	YPR178W
YGL005C	YGL223C
YBR102C	YKL130C
YBR002C	YMR149W
YHR105W	YJL164C
YHR029C	YPL138C
YBL058W	YDL190C
YER112W	YPR082C
YFL039C	YNL136W
YBR142W	YPL198W
YHL030W	YOR117W
YGR092W	YNL085W
YGL206C	YKL049C
YDR443C	YLR071C
YHR066W	YHR088W
YGL105W	YPL031C
YBR202W	YDR489W
YBL106C	YBR102C
YAL041W	YKL172W
YIL094C	YJL130C
YJR059W	YML037C
YGL110C	YKR023W
YGR240C	YHR196W
YBL044W	YMR224C
YHR020W	YIL094C
YJL069C	YOR090C
YML064C	YOR272W
YDL239C	YPL070W
YOR083W	YPL031C
YDR307W	YHR140W
YDR328C	YOR185C
YBR011C	YGL120C
YLR196W	YLR449W
YDR328C	YKL081W
YHR157W	YMR133W
YJL164C	YMR203W
YFR050C	YMR314W
YBR154C	YGR104C
YKL068W	YML103C
YMR080C	YMR083W
YCL025C	YKL008C
YDR473C	YNR011C
YDR188W	YLR441C
YGL081W	YGR184C
YDR369C	YGL090W
YDR141C	YPL115C
YER132C	YGR052W
YAL043C	YDR301W
YDR394W	YLR306W
YAL021C	YDL165W
YDR050C	YHR200W
YBR039W	YMR059W
YER008C	YKL049C
YLR310C	YPL082C
YHR079C	YNR006W
YDR364C	YER172C
YHR169W	YMR242C
YGR130C	YJL164C
YLR355C	YOR098C
YDL083C	YMR142C
YLL010C	YLR019W
YAL038W	YML031W
YKL049C	YKL182W
YDL055C	YGR288W
YAR019C	YDL028C
YDR054C	YJL194W
YFL054C	YGL180W
YLL024C	YPR016C
YMR314W	YOR380W
YAL021C	YGL014W
YAL038W	YJL164C
YDR146C	YGR104C
YDR318W	YOL054W
YKL090W	YPL128C
YDR443C	YGL158W
YDL126C	YML064C
YHL034C	YPL198W
YCL031C	YHR114W
YAL011W	YHR158C
YER139C	YPL203W
YJL164C	YLR301W
YDR335W	YER103W
YBR055C	YDR037W
YML024W	YMR309C
YER008C	YKL130C
YEL048C	YGR166W
YCL010C	YGL158W
YGR104C	YLR071C
YBL002W	YJR090C
YBR169C	YOR027W
YDR037W	YHR027C
YLR424W	YNL224C
YMR105C	YNR035C
YJL164C	YMR140W
YBR069C	YKL065C
YGR155W	YLR442C
YAR007C	YDR499W
YER006W	YOL077C
YDL160C	YJL124C
YFR019W	YKL054C
YER132C	YER177W
YGL076C	YLR002C
YNL182C	YPR016C
YDR449C	YOR145C
YER143W	YNR024W
YHR027C	YML126C
YCR012W	YHR027C
YGR249W	YPL031C
YGR155W	YPR080W
YDR473C	YER112W
YBL003C	YNL246W
YKL181W	YOL061W
YLR410W	YPL031C
YGL070C	YGR104C
YDR054C	YOL133W
YJL130C	YMR304W
YLR096W	YML057W
YJL026W	YOR117W
YJL057C	YLR315W
YDR477W	YNL007C
YBL106C	YLR206W
YLR320W	YNL209W
YDR244W	YMR026C
YKL129C	YOR035C
YLR291C	YNL265C
YGL048C	YKL049C
YDL015C	YDR307W
YGR129W	YJR050W
YDR477W	YKL121W
YDR162C	YGL035C
YBR065C	YER172C
YNL125C	YPL076W
YNL110C	YOR048C
YDR489W	YPL031C
YGL180W	YJL148W
YBR155W	YGR274C
YJR059W	YMR184W
YAL038W	YJR059W
YGL180W	YLL019C
YBR135W	YJL194W
YLR457C	YML031W
YML100W	YMR139W
YBL007C	YCL008C
YBR142W	YPR152C
YFR001W	YKL082C
YHR200W	YMR314W
YAL027W	YCR009C
YBL003C	YDL019C
YHR200W	YNL103W
YDL143W	YJR059W
YJL117W	YKL065C
YBL026W	YDR378C
YIL105C	YJL058C
YGR092W	YHL021C
YGL099W	YPR102C
YDL140C	YPL228W
YFL034W	YKL103C
YKL213C	YNR006W
YBR217W	YHR020W
YDR328C	YEL060C
YDR027C	YOL018C
YAR027W	YEL041W
YER177W	YKL182W
YDR422C	YDR516C
YAR035W	YER024W
YGL099W	YPR152C
YJR002W	YPL012W
YIL148W	YKL010C
YGL051W	YPR198W
YBR176W	YML064C
YAL051W	YOR363C
YER178W	YNL071W
YBR157C	YGL059W
YAR027W	YJR044C
YBL007C	YOR284W
YPL004C	YPL155C
YCR033W	YIL112W
YML126C	YOR117W
YJL140W	YLR192C
YMR059W	YPL037C
YBL023C	YDR122W
YHR005C	YJR086W
YDR216W	YGR052W
YCR012W	YHR200W
YJR010C-A	YLR075W
YBL085W	YGR052W
YDL060W	YPL266W
YDR045C	YJL011C
YGR104C	YMR230W
YGL180W	YIL156W
YER147C	YGR090W
YKR031C	YPL050C
YHL034C	YMR142C
YFL037W	YLR106C
YGR092W	YPR091C
YPL198W	YPL211W
YDR131C	YDR328C
YJR019C	YPR106W
YGL156W	YOL001W
YFR001W	YNL182C
YJL048C	YKL130C
YDR116C	YGR220C
YIL107C	YOR296W
YDR130C	YLL024C
YBR207W	YPR036W
YEL023C	YHL002W
YJR090C	YOL133W
YJR059W	YPR091C
YCR057C	YLL011W
YBR183W	YDR331W
YGL051W	YPL141C
YCR052W	YKL049C
YGR249W	YJL164C
YLR216C	YOR154W
YDR216W	YGR252W
YIL009W	YPL141C
YDL097C	YOR117W
YIL148W	YNL084C
YHR104W	YOL045W
YDR328C	YGR188C
YMR196W	YNR031C
YMR191W	YPR108W
YGL090W	YLR288C
YBR001C	YDR001C
YHR143W-A	YPL248C
YDL035C	YPL268W
YDR207C	YPL139C
YJR045C	YNL310C
YCR052W	YPR034W
YBL004W	YLR074C
YDL132W	YOR057W
YDR477W	YNL272C
YDR159W	YKL068W
YBR164C	YDL226C
YKL049C	YLR442C
YBR011C	YLL060C
YBL041W	YDL147W
YCL008C	YPL065W
YAR027W	YNL125C
YGR103W	YLL008W
YNL248C	YOR210W
YBR290W	YPR156C
YBR010W	YNL246W
YCR009C	YNL055C
YBR109C	YNL066W
YGL014W	YLR435W
YDL123W	YPR036W
YDL147W	YER094C
YGR220C	YKR006C
YGR090W	YOR039W
YHL024W	YPL203W
YFR001W	YLR009W
YKR081C	YOL077C
YDR171W	YFL037W
YHR012W	YPL031C
YDR293C	YJL153C
YHR033W	YPL022W
YDR293C	YPL119C
YLL024C	YPL012W
YCR073C	YGR142W
YBR107C	YOL091W
YBR154C	YOR151C
YGL128C	YLR424W
YDL113C	YGL223C
YBR207W	YKR007W
YDR060W	YMR142C
YDR060W	YKL130C
YDL028C	YHR209W
YDR379W	YFR028C
YBL099W	YHR200W
YDR060W	YLR448W
YDR035W	YJL164C
YGL090W	YOR005C
YFR001W	YLR449W
YBR164C	YDR027C
YNL110C	YOL077C
YDR159W	YPL169C
YDL160C	YKL054C
YKR034W	YLR424W
YGL198W	YPL095C
YDR141C	YPL037C
YKL080W	YML064C
YGL120C	YJL148W
YGR082W	YOR039W
YDR060W	YLR002C
YGL013C	YMR297W
YJR001W	YJR059W
YBL041W	YFL007W
YJL024C	YPL195W
YDR477W	YOR047C
YBL007C	YOR322C
YBR135W	YGL066W
YHR200W	YOR185C
YHL033C	YMR142C
YDR116C	YDR322W
YBL002W	YDL156W
YBR202W	YJL194W
YLR340W	YOL120C
YLR079W	YNL180C
YDL015C	YKL182W
YOL148C	YPL082C
YOR083W	YPL116W
YDR146C	YML069W
YGL121C	YOR371C
YDL030W	YPL151C
YFL037W	YOR117W
YGL158W	YML035C
YBL007C	YHR016C
YDR394W	YMR001C
YDL100C	YOR164C
YCR007C	YDR107C
YPL082C	YPL139C
YBL003C	YJR082C
YOL066C	YPL150W
YDR239C	YFR028C
YMR139W	YNL078W
YHR020W	YOR117W
YER162C	YOR257W
YGR090W	YPR144C
YOL077C	YOR244W
YDL153C	YGR052W
YDL065C	YDR265W
YBR154C	YJL140W
YKL025C	YPL031C
YDL065C	YLR071C
YBL011W	YJL095W
YBR039W	YBR093C
YBR207W	YER166W
YDR364C	YPL178W
YGL237C	YPR085C
YPL151C	YPR152C
YBL003C	YLR095C
YDR077W	YLR075W
YFL039C	YLL026W
YIR022W	YML012W
YPL231W	YPR152C
YER100W	YFL038C
YKL049C	YML075C
YDR460W	YPR056W
YJR059W	YPL012W
YOL120C	YPL093W
YBR010W	YOR141C
YMR191W	YOR117W
YBR109C	YKL210W
YLR119W	YPL065W
YGL120C	YLR449W
YKR081C	YPL141C
YIL075C	YPL031C
YDL126C	YDR330W
YBR247C	YCR057C
YER036C	YHR079C
YBL003C	YOR244W
YFR002W	YIL149C
YBR023C	YJR117W
YGL022W	YML019W
YBR136W	YDL220C
YDR422C	YER162C
YLR075W	YMR142C
YDL060W	YKL054C
YER133W	YGL256W
YDL029W	YNR035C
YDR335W	YKL068W
YJL087C	YPL141C
YDR070C	YJR059W
YDR140W	YNR046W
YEL062W	YJR138W
YDL029W	YDR260C
YLR117C	YNL245C
YGR104C	YLR418C
YLR424W	YPL018W
YLR417W	YPL065W
YDL083C	YDR382W
YMR313C	YPL031C
YDR331W	YPR028W
YGL180W	YJL033W
YMR029C	YPL031C
YLR002C	YPR016C
YHR016C	YMR255W
YMR242C	YOR117W
YMR142C	YNL178W
YGL180W	YHL009C
YDR207C	YKL185W
YDR469W	YPL138C
YEL034W	YOL059W
YML092C	YOR157C
YER177W	YPL231W
YBR119W	YPL178W
YER177W	YLR258W
YBR108W	YGR092W
YGL051W	YPL076W
YHR016C	YPL038W
YGL198W	YKR014C
YGR282C	YPR152C
YFR010W	YFR052W
YGL014W	YJR010C-A
YBL095W	YPL209C
YHR154W	YLR340W
YLR106C	YOR272W
YJR068W	YOL126C
YFL039C	YJL081C
YGL150C	YOR355W
YDR452W	YER112W
YJR045C	YKL049C
YDL143W	YJL111W
YDR006C	YOR117W
YAR007C	YBR010W
YBL007C	YPL022W
YLR247C	YOR028C
YGR086C	YOL045W
YBR207W	YLL048C
YGR155W	YHR200W
YGL056C	YPL031C
YKL211C	YOL113W
YAL022C	YDR497C
YFL037W	YJL159W
YCR012W	YPR152C
YER006W	YPL093W
YER036C	YNL178W
YLR196W	YNL230C
YGR092W	YNL155W
YGR003W	YOL133W
YDR449C	YJR002W
YLL008W	YOL077C
YDL078C	YKR025W
YMR034C	YPL211W
YJL013C	YNL172W
YDR490C	YMR104C
YDL203C	YOR372C
YGR129W	YLR424W
YDR155C	YKL191W
YJL074C	YKL049C
YDR398W	YNR016C
YDL007W	YDR427W
YBR202W	YMR043W
YER144C	YIL095W
YGL059W	YGR008C
YER177W	YHR027C
YDL055C	YIL094C
YFL037W	YGR155W
YDL207W	YPL169C
YDR060W	YPL093W
YGL104C	YPR028W
YNL209W	YPR031W
YGL112C	YPL248C
YCR009C	YML011C
YER128W	YLR181C
YDR328C	YML088W
YGL161C	YPL031C
YDR469W	YLR015W
YPL031C	YPL049C
YJR059W	YMR196W
YDR101C	YGR103W
YGL076C	YLR075W
YLR448W	YPR143W
YJR017C	YLR438W
YFR028C	YKL203C
YFL037W	YNL223W
YDR060W	YMR143W
YDR477W	YJL148W
YJL095W	YJL196C
YDR155C	YJL020C
YFR028C	YLR079W
YOR141C	YOR189W
YML086C	YPL004C
YJR141W	YLR447C
YDL153C	YOL113W
YGL099W	YNL178W
YOR117W	YOR244W
YAR027W	YLR018C
YPL162C	YPR079W
YEL034W	YHR200W
YDR246W	YEL048C
YGR232W	YHL030W
YEL017W	YPL031C
YGR252W	YHR079C
YAR007C	YDL029W
YBL024W	YGL158W
YJR082C	YOL061W
YJL095W	YPL093W
YAL016W	YFR028C
YBR142W	YDR060W
YOR057W	YPL191C
YER064C	YKL157W
YCR073C	YNR031C
YHL042W	YOR127W
YIR005W	YMR105C
YBL085W	YDR239C
YEL032W	YJL164C
YKR104W	YOL143C
YAL035W	YJL122W
YJL095W	YML083C
YNL293W	YOR089C
YDL108W	YNL113W
YDR101C	YGL076C
YDR477W	YER027C
YGL256W	YNL244C
YMR119W	YNL008C
YCL040W	YOR244W
YCR012W	YDR378C
YJL030W	YOR026W
YHR196W	YKL049C
YGR252W	YKR008W
YHL033C	YIR026C
YGL059W	YIL107C
YGL180W	YNL125C
YGL158W	YJR115W
YIR022W	YJR010C-A
YJL178C	YLR431C
YGL066W	YGR274C
YJL141C	YOR173W
YHR079C	YPR091C
YHR157W	YOR231W
YAR002C-A	YIL027C
YNL022C	YOL113W
YOR273C	YPL004C
YAL009W	YHR004C
YER140W	YOR154W
YGL180W	YOR078W
YDR043C	YIL035C
YBR155W	YLL026W
YDR032C	YGR130C
YHR154W	YJR002W
YAR007C	YIL126W
YFR052W	YMR276W
YDR035W	YLR355C
YCR009C	YPL004C
YBL085W	YCL024W
YAL054C	YDR216W
YAL032C	YML103C
YAR002C-A	YPL186C
YGL051W	YMR011W
YER132C	YLR310C
YHL020C	YKL065C
YGR077C	YNL214W
YER105C	YOR098C
YKR081C	YOR267C
YJL164C	YKL116C
YLR196W	YPL141C
YHR022C	YOR032C
YAR023C	YHL048W
YDL209C	YGL174W
YKL049C	YNR066C
YGR086C	YNL107W
YNL246W	YOR244W
YJL058C	YLR295C
YBL010C	YPL018W
YDR142C	YDR188W
YNL209W	YOR196C
YDR414C	YMR292W
YDR326C	YJR035W
YHR200W	YOR117W
YCR024C-A	YJL124C
YGL011C	YML092C
YBL003C	YJR145C
YJR035W	YPR191W
YDL065C	YDR244W
YHR154W	YNL155W
YCR093W	YOR110W
YFL050C	YJL164C
YJL057C	YOR162C
YDR318W	YLR315W
YAR002C-A	YHR123W
YHL033C	YOR244W
YDL186W	YPL031C
YDR101C	YLR449W
YHR200W	YJL167W
YDR092W	YHR115C
YDR060W	YKR081C
YAL018C	YMR001C
YCR048W	YLR427W
YLR125W	YLR288C
YBR139W	YER062C
YFR028C	YLR052W
YDR383C	YJL057C
YHR154W	YOL039W
YOL026C	YOR039W
YDR335W	YFR002W
YHL034C	YPL012W
YLR186W	YLR438W
YER177W	YNL209W
YBL078C	YGL180W
YDL195W	YDR188W
YAL017W	YAR019C
YGR253C	YJL001W
YJL140W	YOL120C
YBR207W	YJL178C
YDR188W	YNL209W
YBR131W	YOR106W
YJR090C	YOL136C
YDR142C	YIL160C
YGR203W	YIL119C
YJL001W	YMR314W
YBR217W	YGL105W
YCR093W	YNL091W
YEL048C	YML077W
YJL141C	YOL133W
YGL112C	YOL072W
YCL027W	YPL038W
YDR477W	YLR192C
YFR002W	YKL068W
YIL095W	YJL044C
YGL076C	YNL132W
YER105C	YLR018C
YDR331W	YOR307C
YDL241W	YKL157W
YGL012W	YLR056W
YCR052W	YLR321C
YFR050C	YHR200W
YDR087C	YPL170W
YGL011C	YOL146W
YDR477W	YNL186W
YCR009C	YIL148W
YBR183W	YPL076W
YKL081W	YPR080W
YCR012W	YGL158W
YBR094W	YPL031C
YBL003C	YGR159C
YER094C	YJL001W
YGL023C	YPL031C
YFL007W	YGR253C
YDR214W	YHR027C
YHR200W	YPL231W
YDR414C	YGL104C
YBR111C	YPL070W
YER006W	YLR106C
YDR489W	YMR048W
YDL072C	YKL065C
YLR074C	YLR397C
YAL016W	YJL020C
YIL126W	YJL074C
YER177W	YKL168C
YGL120C	YMR143W
YBR154C	YNR003C
YDR325W	YJL074C
YML103C	YMR047C
YDL055C	YLR075W
YGL208W	YNR035C
YCL027W	YNL058C
YNL021W	YPR179C
YFL021W	YKL161C
YHL034C	YMR230W
YHR200W	YOL058W
YBL104C	YKL049C
YLR096W	YOR100C
YOR047C	YPR103W
YBL007C	YGL237C
YDR468C	YOR036W
YFR001W	YGL147C
YMR117C	YPR083W
YBR183W	YHL048W
YBL011W	YBR002C
YBL007C	YLR106C
YFR028C	YPL209C
YDR171W	YJL130C
YDR155C	YOR319W
YJR089W	YMR094W
YBR247C	YPR144C
YFL007W	YPR103W
YMR314W	YOR210W
YJL095W	YPR152C
YKR031C	YPL027W
YDR283C	YNL183C
YGL014W	YJL164C
YJL194W	YLR440C
YDR223W	YJL141C
YDR092W	YKL210W
YGL112C	YMR043W
YDL200C	YGR184C
YDR036C	YLR397C
YAL027W	YNL106C
YMR203W	YNL055C
YDL065C	YGR052W
YGL066W	YPL254W
YLR034C	YPL076W
YJR059W	YNL293W
YDL143W	YGL116W
YHL042W	YJR010C-A
YBR196C	YHR200W
YER139C	YOR231W
YGL206C	YLR370C
YGR287C	YLR096W
YHR200W	YNL010W
YBR274W	YPL203W
YMR294W	YPL174C
YJL167W	YJR140C
YDL081C	YGR209C
YJR059W	YMR068W
YJR059W	YNL125C
YDR477W	YKL049C
YIL062C	YLR370C
YOL058W	YOR117W
YGR092W	YKL168C
YIL156W	YJL020C
YLR227C	YOL091W
YCL024W	YLR055C
YOL120C	YPL143W
YJR014W	YLR441C
YDR229W	YJL164C
YAL014C	YOR036W
YGR253C	YML092C
YNL110C	YPL093W
YGL120C	YKL172W
YGL180W	YNL293W
YAL059W	YLR009W
YBR202W	YIL046W
YGL158W	YMR239C
YDR428C	YLR291C
YPL076W	YPR028W
YBR055C	YBR126C
YIL156W	YPL031C
YJL033W	YOR294W
YGL112C	YOR257W
YDR192C	YER107C
YLL011W	YNL132W
YDR132C	YHL009C
YER139C	YKR081C
YOR027W	YOR117W
YMR309C	YOR284W
YGL011C	YJL088W
YPR016C	YPR143W
YCR061W	YJR117W
YGL147C	YHR027C
YKL049C	YNL212W
YDR427W	YPR108W
YBL011W	YFL033C
YBL003C	YNL132W
YCR057C	YDR382W
YGR103W	YKR081C
YCL034W	YHR114W
YGR090W	YHR196W
YBL023C	YGR270W
YFR028C	YJR033C
YAL021C	YOR057W
YJL095W	YLL008W
YGL150C	YPL082C
YGL111W	YHR066W
YBR109C	YML057W
YAL059W	YPL093W
YDL147W	YHL030W
YMR291W	YPL141C
YDR108W	YML069W
YLR029C	YLR340W
YHL002W	YNL239W
YJL164C	YKL093W
YER107C	YLR106C
YAL011W	YBR135W
YBR247C	YHR169W
YER139C	YHR143W-A
YOR043W	YPR030W
YGR192C	YHR027C
YBL007C	YMR253C
YJR145C	YLR186W
YBL104C	YDR316W
YGR092W	YML064C
YNL027W	YPR106W
YDR130C	YFR024C-A
YLR022C	YNL209W
YDL140C	YIL153W
YBR221C	YKL049C
YGR156W	YNL317W
YBL007C	YIR033W
YKL172W	YLR002C
YLR291C	YOL143C
YCL018W	YJL074C
YER067W	YLR340W
YAL032C	YPL151C
YOR117W	YOR341W
YLR029C	YOL077C
YBL007C	YGR240C
YGL180W	YMR165C
YHR200W	YMR083W
YJL164C	YKL121W
YBR142W	YHR066W
YOL072W	YOR257W
YAR027W	YAR028W
YHR196W	YNL132W
YCR042C	YGL112C
YBL003C	YDR207C
YMR309C	YOR052C
YAR002C-A	YBR283C
YER133W	YOR329C
YBR002C	YKL140W
YLR072W	YOR141C
YAL014C	YER133W
YBR272C	YOR117W
YDL029W	YHR027C
YDR276C	YJR010C-A
YDL028C	YOR257W
YDL126C	YKL213C
YBR107C	YGR052W
YCR061W	YLR138W
YFR028C	YLR096W
YLR360W	YPL120W
YGL180W	YML037C
YGR156W	YLR448W
YJR068W	YLR432W
YGR031W	YJR089W
YDR380W	YIL027C
YDR451C	YMR043W
YBR191W	YHL033C
YBL007C	YLR088W
YIL035C	YMR230W
YKR034W	YPL018W
YHR174W	YJL030W
YJL047C	YPR164W
YGL003C	YKL022C
YNL055C	YOL132W
YDR412W	YMR242C
YLR291C	YLR377C
YFR052W	YPL082C
YDR293C	YDR477W
YBR136W	YOR027W
YGL084C	YHL042W
YEL017C-A	YPR079W
YBR114W	YMR226C
YCL037C	YDL055C
YGR295C	YLR237W
YCR057C	YGL011C
YFR001W	YPL198W
YER103W	YOR039W
YAR007C	YML069W
YDR382W	YJL057C
YDR107C	YMR070W
YKL081W	YLR096W
YLR222C	YNL075W
YMR047C	YOR289W
YBL026W	YDL184C
YCR076C	YER094C
YDR169C	YPL203W
YJL081C	YNL136W
YDR412W	YNL110C
YBR207W	YEL013W
YLR432W	YML062C
YJL203W	YLR117C
YKL103C	YLR385C
YOR210W	YPL141C
YBL064C	YNR031C
YBL055C	YDR477W
YLR196W	YOR176W
YGL250W	YOR028C
YHR111W	YPL070W
YBR169C	YPR152C
YJR059W	YLR258W
YDR130C	YGL076C
YER010C	YJR059W
YDR449C	YLR186W
YDR412W	YLR448W
YDL055C	YKL081W
YLR291C	YMR246W
YHR029C	YNL317W
YHL002W	YOR138C
YGR056W	YMR224C
YIL041W	YOL018C
YGR184C	YPR103W
YCL024W	YDR162C
YGR196C	YOR231W
YJR059W	YKR021W
YML064C	YMR226C
YGR252W	YMR205C
YHR200W	YPR036W
YBR205W	YFR024C-A
YCL024W	YNL272C
YPL211W	YPR016C
YKL081W	YLR442C
YKL203C	YPR165W
YMR160W	YMR304W
YDR412W	YPL143W
YLR096W	YOL054W
YFR010W	YLR096W
YKL049C	YLL026W
YFL054C	YPL031C
YMR205C	YPR080W
YLR018C	YPL031C
YDR397C	YPL082C
YBR188C	YPL151C
YJL030W	YNL218W
YJL033W	YPR080W
YER078C	YGL059W
YEL054C	YLR340W
YER155C	YPR034W
YDR168W	YFL029C
YHL048W	YPL092W
YER172C	YLR310C
YBL002W	YGR252W
YBL103C	YOL067C
YDR394W	YFR052W
YER133W	YOR294W
YAL015C	YJR068W
YLL024C	YOL006C
YGL051W	YKR039W
YMR297W	YOR137C
YGR214W	YKL010C
YJR044C	YLR096W
YGL059W	YMR086W
YPL031C	YPL139C
YDR310C	YDR328C
YMR149W	YNL322C
YPL093W	YPL198W
YBL004W	YLL011W
YGL210W	YML086C
YEL062W	YOR138C
YLR029C	YPR016C
YDL007W	YGL048C
YDL100C	YLR268W
YJL099W	YPR080W
YHR027C	YHR174W
YKR081C	YMR242C
YDR188W	YLR075W
YBL055C	YDR283C
YHL048W	YJL196C
YJL066C	YMR203W
YDR171W	YOL083W
YIL153W	YNL314W
YDL083C	YKL082C
YDL030W	YDL209C
YDR162C	YMR299C
YGR103W	YLR196W
YGR156W	YPR107C
YHL033C	YLR448W
YPL203W	YPL247C
YCR008W	YJL033W
YDR260C	YML072C
YDL030W	YML049C
YER036C	YHR200W
YBR010W	YDR477W
YBR107C	YOL054W
YGL070C	YJL140W
YMR231W	YOR106W
YBL007C	YDR520C
YDR356W	YPL180W
YJR102C	YPL065W
YBR247C	YDL148C
YLR009W	YLR074C
YER133W	YOR272W
YDR328C	YOR244W
YIR019C	YMR284W
YDL132W	YIL046W
YDR087C	YER147C
YGR055W	YIL105C
YGL012W	YMR015C
YKR081C	YOR272W
YDR060W	YOL120C
YDR301W	YMR061W
YJR059W	YLR410W
YHR027C	YNL055C
YAR019C	YDL185W
YGR008C	YJL164C
YNL093W	YOR132W
YBL041W	YFR050C
YFR024C-A	YOR039W
YJL048C	YLR368W
YCL008C	YHR016C
YFL044C	YKL020C
YIL112W	YJR059W
YKL125W	YPR080W
YLR075W	YPL198W
YHR158C	YPL155C
YLL024C	YPR025C
YFR001W	YLR196W
YDR497C	YDR501W
YDR130C	YPR163C
YBR126C	YGR092W
YDL200C	YHR033W
YDL220C	YGL256W
YDR159W	YMR047C
YLR192C	YOR244W
YGL011C	YGR097W
YJL157C	YJR086W
YDL029W	YIL095W
YER006W	YGL029W
YJR117W	YPL076W
YGL059W	YJL164C
YDL100C	YHR200W
YGL120C	YPL151C
YBL047C	YIL095W
YDL076C	YPL082C
YIL125W	YMR242C
YGL070C	YHR143W-A
YDL072C	YHL020C
YGL006W	YJL154C
YBL003C	YGR275W
YML088W	YOL133W
YEL013W	YPL180W
YDR192C	YMR129W
YBL002W	YNL157W
YER172C	YJR050W
YCR079W	YIL125W
YNL007C	YOR007C
YHR027C	YML092C
YPL093W	YPL211W
YAL056W	YPL203W
YDL185W	YLR442C
YJL052W	YLR320W
YDL188C	YML126C
YNL132W	YPL012W
YOL025W	YOL133W
YEL034W	YHR027C
YGL158W	YLL008W
YJL124C	YOR109W
YDR475C	YOR289W
YDL132W	YMR094W
YGL213C	YOR244W
YJR046W	YMR111C
YGR130C	YMR031C
YCR030C	YPR152C
YBL099W	YGR281W
YDR412W	YLR075W
YDR328C	YIL071C
YLR291C	YPL069C
YDL140C	YGR186W
YBR055C	YDL030W
YER106W	YER177W
YDR027C	YFR024C-A
YER007W	YOR349W
YIL105C	YKL203C
YAL035W	YGL158W
YHR066W	YPL093W
YLR457C	YPL255W
YCR008W	YGR258C
YGR184C	YOL038W
YDR132C	YPL031C
YAL013W	YDL076C
YDR092W	YNL116W
YCR009C	YMR232W
YJR063W	YMR239C
YDR280W	YNR024W
YLR449W	YPL093W
YDL028C	YOL091W
YML012W	YMR015C
YDR412W	YHR088W
YCR014C	YDR394W
YKL049C	YLR044C
YEL032W	YPR135W
YBR109C	YHR028C
YDL147W	YHR027C
YCL054W	YGL120C
YLR096W	YOL083W
YCR009C	YGL060W
YCR042C	YML114C
YLR265C	YOR244W
YBR214W	YLR079W
YDL108W	YDR382W
YGR186W	YPR152C
YCL052C	YJR010C-A
YJL203W	YPR082C
YGR129W	YPR101W
YBR108W	YPL004C
YDR087C	YOR272W
YBR290W	YPR028W
YGL120C	YHR196W
YFR028C	YHR128W
YLR102C	YMR001C
YFR028C	YOR073W
YDL220C	YGR092W
YKL172W	YPL012W
YBR109C	YOR358W
YGL111W	YGR097W
YDL147W	YDR069C
YHR027C	YLR447C
YIL095W	YML037C
YDR378C	YGL251C
YBR142W	YLR009W
YBR109C	YBR218C
YCR057C	YJR002W
YGL066W	YLL026W
YGL099W	YLR387C
YCL010C	YOL148C
YGR156W	YHL033C
YBL007C	YML075C
YFR028C	YPL269W
YOL054W	YOR178C
YPL222W	YPL254W
YDL190C	YMR276W
YCL010C	YLR055C
YHR090C	YJR082C
YHL009C	YPL031C
YDL239C	YKR034W
YDR477W	YNL183C
YNL172W	YOR163W
YAL054C	YAR035W
YER006W	YNL110C
YBR108W	YHL002W
YHR114W	YNR016C
YCL037C	YDR293C
YLR003C	YPL209C
YBR135W	YNL107W
YBR290W	YJR117W
YFL008W	YGR130C
YGL116W	YOR026W
YBR217W	YPR049C
YCL024W	YER064C
YBR191W	YLR441C
YGL059W	YMR196W
YDL065C	YLR324W
YER150W	YPL031C
YDL108W	YDR087C
YGR209C	YHR200W
YDR188W	YGL116W
YGL120C	YKL082C
YGR077C	YJL210W
YLR377C	YML050W
YBR065C	YLL026W
YDR233C	YHR027C
YDR283C	YOR308C
YER147C	YJL074C
YNL209W	YOR140W
YGR052W	YLR258W
YDL006W	YOL113W
YBR114W	YGR193C
YFR052W	YPR108W
YHR027C	YKL182W
YMR239C	YNL248C
YOR046C	YPL169C
YBL102W	YBR164C
YBR055C	YJR104C
YBL026W	YPL119C
YCL039W	YPL018W
YGR082W	YMR299C
YDL207W	YHR174W
YER100W	YKL210W
YJL167W	YJR059W
YFR024C-A	YGR240C
YFL007W	YGL048C
YBR107C	YBR211C
YDR188W	YGL083W
YGL158W	YOR210W
YMR142C	YNL110C
YDL097C	YDR142C
YJL074C	YPL235W
YDL140C	YHR143W-A
YGR122W	YLR025W
YDR229W	YJR068W
YDR356W	YFL037W
YBR196C	YHR027C
YGR130C	YMR142C
YGR055W	YPL004C
YDL108W	YDR460W
YDR427W	YPR040W
YKL074C	YLR117C
YHR169W	YNL178W
YDR463W	YJL156C
YGL180W	YMR173W
YCL039W	YIL097W
YPL031C	YPR106W
YBL024W	YGR092W
YDR477W	YIL044C
YDR037W	YPR056W
YGL158W	YPL254W
YBR102C	YER008C
YIL135C	YJL164C
YDR054C	YLR079W
YGL237C	YLR114C
YCR057C	YOL077C
YBL026W	YGR077C
YHR027C	YML057W
YJR059W	YKL116C
YDR449C	YMR128W
YEL013W	YHR195W
YAL038W	YDR335W
YDR118W	YLR401C
YBL102W	YJL178C
YDR135C	YGL181W
YBL102W	YMR292W
YGR092W	YPL150W
YBL003C	YDR463W
YDL153C	YKL035W
YJL095W	YMR304W
YJR012C	YLL061W
YGR001C	YLR096W
YDR084C	YGL127C
YDR101C	YPR016C
YBL031W	YDR318W
YAR007C	YGR270W
YJL001W	YOL038W
YGR130C	YPL031C
YDL153C	YMR117C
YHR066W	YKL082C
YAL002W	YOR089C
YER064C	YKL128C
YCL027W	YKR101W
YHR113W	YLR291C
YOR346W	YPL167C
YGR001C	YJL006C
YCR083W	YHR106W
YNL110C	YPR143W
YHR027C	YLR432W
YGL066W	YLR055C
YFL044C	YKL213C
YMR304W	YOR244W
YNL194C	YPR079W
YKL142W	YOL059W
YEL034W	YLR340W
YLL026W	YLR216C
YCL037C	YNL064C
YDR316W	YFL053W
YDR429C	YMR230W
YDR382W	YLR029C
YPL045W	YPL195W
YDR006C	YHR200W
YJL164C	YMR102C
YGR166W	YML077W
YDL108W	YOR141C
YBL102W	YHR027C
YBR283C	YML012W
YGR155W	YOR151C
YLR291C	YPR105C
YGL180W	YJR044C
YPL031C	YPR103W
YDL055C	YOR117W
YJR138W	YOL138C
YJL164C	YOL130W
YDR293C	YDR501W
YCL027W	YKR023W
YFR030W	YHR200W
YBR272C	YDR394W
YPR101W	YPR152C
YFL037W	YMR304W
YDL195W	YHR200W
YDR453C	YMR059W
YDL141W	YGL105W
YJR145C	YMR242C
YOR047C	YOR302W
YGL156W	YOL083W
YHL033C	YHR169W
YHR033W	YML064C
YDL209C	YPR101W
YKL052C	YML024W
YNL110C	YOR272W
YCR057C	YJL033W
YJR145C	YPL012W
YGR090W	YNL186W
YCR052W	YPL082C
YDR429C	YPR163C
YDL239C	YLR072W
YBR164C	YJL164C
YKL049C	YNL064C
YDL188C	YGL011C
YDR060W	YLL008W
YFL024C	YPL082C
YCL025C	YPL076W
YDR155C	YOL068C
YDR195W	YGR156W
YML012W	YMR123W
YKL020C	YKL213C
YBR202W	YMR048W
YEL017C-A	YOL018C
YDR118W	YLR102C
YOR272W	YPL093W
YDR412W	YLR449W
YJL095W	YKL203C
YGR130C	YOL120C
YGL213C	YOR294W
YFR019W	YPL004C
YOL126C	YPL180W
YGL180W	YOR141C
YHR174W	YPL031C
YDR449C	YJL069C
YNL180C	YNL183C
YGL059W	YKL064W
YDR076W	YHR033W
YDL138W	YHR154W
YKR018C	YPL031C
YGL087C	YMR140W
YHR027C	YNL064C
YDR172W	YMR080C
YMR167W	YPL164C
YOR210W	YOR341W
YMR128W	YNL132W
YKL172W	YPL211W
YFL039C	YPL235W
YBL007C	YCL034W
YBL003C	YJL006C
YDR130C	YPL226W
YBL002W	YML034W
YKR008W	YLR410W
YHL020C	YIL035C
YOR001W	YOR076C
YDR429C	YOL087C
YDR270W	YHR016C
YER139C	YOR151C
YDL184C	YER112W
YBR069C	YDR427W
YHR196W	YLR186W
YFL026W	YHR005C
YKL210W	YML112W
YER178W	YIL042C
YHR114W	YNL084C
YDR129C	YFL039C
YDR392W	YGR274C
YDL132W	YFR028C
YDL013W	YJR089W
YGL210W	YOR070C
YJL178C	YOL129W
YIL075C	YOR117W
YBL007C	YJL095W
YBR136W	YHR114W
YER031C	YOL018C
YMR047C	YPL012W
YER133W	YPL143W
YLR240W	YLR360W
YBR217W	YHR027C
YGR090W	YNL230C
YDL132W	YER007W
YGL180W	YPR049C
YFL026W	YKL203C
YBR154C	YNL113W
YGL127C	YGL151W
YFR053C	YPR042C
YMR165C	YOL001W
TL(UAA)J	YPL007C
YGR281W	YML072C
YBR010W	YHR090C
YNL230C	YPL012W
YBR096W	YDR477W
YCL008C	YDR069C
YOR267C	YOR294W
YDR477W	YIL156W
YFR001W	YLR002C
YLL019C	YLR438W
YGL076C	YMR242C
YDR335W	YNL027W
YLR377C	YML064C
YKL022C	YNL172W
YJL066C	YJL157C
YDR017C	YMR196W
YGR120C	YJR108W
YDR192C	YMR047C
YFR028C	YLR128W
YDL140C	YJR017C
YDR466W	YKL181W
YGL104C	YMR264W
YCL044C	YIL136W
YJL148W	YNL248C
YCR030C	YDR032C
YER147C	YLR432W
YHL003C	YHL048W
YHR027C	YOL058W
YOR027W	YPR178W
YBL007C	YLR435W
YDL240W	YPR165W
YDR039C	YKL203C
YER036C	YKL049C
YBR148W	YER006W
YDR129C	YPL022W
YER139C	YJL130C
YDR037W	YOR117W
YDL054C	YOR315W
YHR020W	YLR222C
YDR394W	YLR216C
YDL097C	YDR394W
YKL181W	YNL183C
YLR441C	YMR242C
YBR135W	YDR394W
YIR005W	YML049C
YJR045C	YKL191W
YBR135W	YBR252W
YDR054C	YJR090C
YDL147W	YPL242C
YBR010W	YDR059C
YDL115C	YOR210W
YBL003C	YGR270W
YGL081W	YJL074C
YBR055C	YDL160C
YBR136W	YNL265C
YDL209C	YNR011C
YER002W	YGL237C
YHR112C	YPL031C
YBL007C	YPL157W
YNL221C	YNL282W
Q0085	YLR295C
YGR090W	YOL077C
YLR074C	YNL182C
YMR297W	YPL031C
YDL220C	YGL180W
YBR155W	YKL117W
YGR186W	YGR274C
YIL143C	YLR028C
YLR022C	YLR424W
YBR211C	YDR394W
YGR184C	YKL049C
YJL107C	YJR091C
YHR088W	YPR016C
YER036C	YGL158W
YDL065C	YPL203W
YOR358W	YPL248C
YGR274C	YPL235W
YIR037W	YLR345W
YBR137W	YDR335W
YJL066C	YKL049C
YNL086W	YPR185W
YBR107C	YPR049C
YBL003C	YOR272W
YDR195W	YMR242C
YDL188C	YER094C
YAL053W	YDR032C
YDL013W	YGL180W
YDR383C	YPL018W
YAL011W	YBL007C
YGL158W	YOL148C
YBL085W	YER155C
YFL024C	YHR090C
YHR084W	YNL064C
YDL022W	YOR117W
YIR005W	YNR011C
YOR210W	YPL203W
YFR010W	YKL007W
YDL013W	YHR156C
YDR409W	YGR126W
YCR093W	YPL037C
YCR105W	YGR092W
YDR214W	YOR027W
YBR107C	YGR161C
YDR427W	YMR276W
YDR027C	YER031C
YBR095C	YPL139C
YJL084C	YMR139W
YLR396C	YPL195W
YBL104C	YEL062W
YCL008C	YFR024C-A
YKL116C	YPL031C
YLR096W	YNL186W
YDL132W	YEL060C
YDR087C	YHR066W
YHR169W	YIL125W
YKL068W	YPL169C
YLR035C	YPR034W
YCR024C-A	YDR414C
YCR057C	YGR090W
YGR055W	YLR413W
YLR182W	YMR227C
YBL055C	YJL164C
YHR114W	YLR324W
YDR473C	YER172C
YGL105W	YNL021W
YBR126C	YNL244C
YAL032C	YPR152C
YHR079C	YOR107W
YJR142W	YPL150W
YAR028W	YML067C
YLR397C	YOR244W
YDR076W	YHR154W
YLR448W	YMR142C
YML103C	YPL169C
YMR276W	YOR117W
YGL237C	YGR155W
YAL018C	YLR034C
YAL035W	YMR309C
YGL120C	YNL113W
YNL209W	YPR105C
YCL054W	YPL093W
YDL147W	YPR003C
YDL076C	YKL185W
YJR001W	YNR075W
YGL003C	YPL242C
YFR003C	YPL179W
YIL046W	YPL038W
YBR154C	YPR093C
YPL164C	YPR191W
YER107C	YMR129W
YDL128W	YGR295C
YGL237C	YOR358W
YHR027C	YKL010C
YDR236C	YDR398W
YKL213C	YNL073W
YGL104C	YIL035C
YHR105W	YNL204C
YBR247C	YPR102C
YIR007W	YJL130C
YGR116W	YIL035C
YLR045C	YPL269W
YBL003C	YER006W
YDR412W	YPL198W
YBR069C	YDL199C
YEL017W	YNL293W
YHR143W-A	YOR341W
YNL110C	YPL211W
YJR062C	YPL141C
YBR001C	YDR171W
YCR073C	YHR027C
YFR010W	YGR232W
YDL097C	YGR232W
YNL314W	YPL031C
YHR200W	YML086C
YOR238W	YPL150W
YGL099W	YPR016C
YBR290W	YLR018C
YHL030W	YNL132W
YLR009W	YOR272W
YLR009W	YPR016C
YCL008C	YHL002W
YDR155C	YKL103C
YJR082C	YPL031C
YDL143W	YGR086C
YJL129C	YOR196C
YGL059W	YHR105W
YLR222C	YNR054C
YAL019W	YJL124C
TL(UAA)J	YGR047C
YDR379W	YLR206W
YMR303C	YPL150W
YLL019C	YPL209C
YKL157W	YLR304C
YFL037W	YHR027C
YJR002W	YNR054C
YGL011C	YOL038W
YJL130C	YOL120C
YFL003C	YGL249W
YFR028C	YPR042C
YOL013C	YPR069C
YJL140W	YOR151C
YDL013W	YIL095W
YDR101C	YGL099W
YDL148C	YOR078W
YJL105W	YPL031C
YGL166W	YOR220W
YGL158W	YOR089C
YBR191W	YMR242C
YJL057C	YLR181C
YDR331W	YLR088W
YGR052W	YML037C
YAR019C	YDR382W
YBL003C	YJR068W
YEL017C-A	YJL117W
YBL106C	YGR092W
YBL023C	YLR096W
YGL237C	YJL081C
YFR024C-A	YPL249C
YKR014C	YPL045W
YKR081C	YLR427W
YOR141C	YPL031C
YBL085W	YGL035C
YBR010W	YKL103C
YHR200W	YML028W
YGL198W	YLR262C
YDR122W	YER133W
YHR106W	YLR368W
YLR291C	YOL130W
YER177W	YJL141C
YDL140C	YGL130W
YDL105W	YEL019C
YDL143W	YDR214W
YHL033C	YNL178W
YLR450W	YMR022W
YPL093W	YPL146C
YDR233C	YIL068C
YGR142W	YMR144W
YBR272C	YGR232W
YGR274C	YPL167C
YJR102C	YML101C
YGL158W	YNL064C
YER008C	YPR165W
YDR142C	YGR184C
YBR157C	YJL164C
YDL060W	YPL012W
YBR010W	YGR056W
YGL120C	YNR054C
YGR055W	YNL268W
YBL007C	YNL106C
YPL031C	YPR160W
YDR135C	YLR425W
YDR490C	YPL005W
YJL001W	YPR103W
YDL027C	YFR024C-A
YBR264C	YER136W
YBL085W	YDR277C
YGR120C	YPR105C
YFR001W	YPR143W
YDR087C	YHR088W
YAR028W	YGL104C
YDL005C	YGR104C
YIL075C	YOL038W
YGR274C	YKL201C
YKL172W	YLR196W
YDL060W	YDL148C
YGL213C	YKR081C
YAL016W	YKL203C
YNR024W	YOR046C
YIL148W	YKL104C
YBR077C	YML121W
YJR046W	YPL008W
YJL081C	YOR244W
YDL083C	YLR340W
YDL029W	YMR105C
YGL151W	YGL158W
YFL033C	YIL126W
YGL237C	YNL063W
YBR057C	YDR206W
YGR090W	YOR294W
YOR244W	YPR135W
YGR086C	YKL049C
YML035C	YPL070W
YDR214W	YKL211C
YBR010W	YLR442C
YDR477W	YIL160C
YBR154C	YGL070C
YLR291C	YOR284W
YDL160C	YIL148W
YER094C	YMR314W
YER064C	YMR068W
YLR182W	YOR083W
YGL048C	YPL169C
YER133W	YIL035C
YLL026W	YOR244W
YDL147W	YIL007C
YGL116W	YGR225W
YHR020W	YHR027C
YAR028W	YJL097W
YGL180W	YNL027W
YNL246W	YPL209C
YDR146C	YJL081C
YKR081C	YPL211W
YHR200W	YJL111W
YDR160W	YFR029W
YHR200W	YIL053W
YKL203C	YKR093W
YDR477W	YGR043C
YMR309C	YNL047C
YKL193C	YPL174C
YDR032C	YLL024C
YCL037C	YGL120C
YBR109C	YDR032C
YHR087W	YLR340W
YLR196W	YOR267C
YIL105C	YJL095W
YBL003C	YLR432W
YGL009C	YOR117W
YFL024C	YJL081C
YAL027W	YML032C
YKL039W	YLR044C
YDL148C	YHR196W
YGL021W	YKL049C
YFL039C	YMR092C
YER069W	YHR200W
YBL007C	YOR388C
YEL005C	YNL086W
YJL111W	YOR117W
YDL185W	YKL049C
YML103C	YOR098C
YER136W	YFL038C
YBR142W	YLR398C
YAR028W	YGR055W
YBR023C	YHR123W
YBR055C	YJL203W
YCR105W	YJL020C
YKR052C	YNL275W
YBR272C	YOL054W
YHL033C	YPR143W
YBL026W	YJL157C
YIL143C	YJL153C
YCL008C	YNR006W
YFR028C	YJL149W
YCL031C	YLR223C
YGL233W	YIL068C
YDR398W	YHR196W
YDL165W	YDR443C
YFL039C	YHR200W
YMR237W	YNL045W
YGR185C	YHR196W
YGR120C	YMR025W
YLR258W	YMR139W
YAL011W	YJL081C
YGL147C	YLR340W
YMR047C	YOR257W
YER172C	YLR117C
YKL172W	YNL110C
YDL200C	YDR214W
YKL049C	YMR001C
YEL054C	YGL099W
YIL075C	YJL001W
YDR398W	YLR336C
YDL195W	YLR268W
YER042W	YGR209C
YLR115W	YNL317W
YMR117C	YOL034W
YFR001W	YNL110C
YLR310C	YNL116W
YHR111W	YML110C
YGL083W	YKL130C
YBR011C	YJR062C
YBR169C	YNL127W
YJR032W	YLR096W
YGR052W	YLR072W
YLR335W	YOR098C
YGR192C	YGR270W
YGR090W	YJL069C
YLR418C	YOR039W
YDL022W	YPL022W
YIL150C	YPL018W
YEL034W	YNL209W
YCR033W	YIL068C
YNL104C	YPL031C
YFR024C-A	YJL201W
YGL090W	YLR265C
YHR079C	YOR113W
YKL116C	YMR052W
YDR414C	YKL120W
YBR252W	YOL113W
YLR315W	YLR432W
YGL158W	YLR303W
YGL111W	YHR088W
YKR081C	YPR143W
YDL140C	YIL126W
YGR095C	YNL265C
YER127W	YLR315W
YJL048C	YKL213C
YDL007W	YHR200W
YBR057C	YCL055W
YDR266C	YHR079C
YAL055W	YGR133W
YCR101C	YHL042W
YBR247C	YNL244C
YKL040C	YLL027W
YLL023C	YPL138C
YER177W	YOR176W
YJL141C	YOL143C
YGL121C	YMR048W
YEL012W	YPL141C
YAL032C	YDL209C
YDR394W	YMR191W
YPR016C	YPR080W
YMR239C	YOR049C
YCL024W	YPL031C
YJR065C	YMR028W
YPL093W	YPR143W
YAL035W	YNL178W
YFR001W	YMR142C
YDR345C	YLL006W
YHR200W	YIL075C
YDL126C	YKL020C
YDL140C	YPR152C
YDR162C	YKL049C
YCL014W	YER177W
YJL006C	YMR041C
YAR007C	YLR052W
YCL014W	YGL180W
YNL107W	YOR244W
YKL049C	YPR108W
YGL180W	YNL245C
YCL037C	YJR145C
YGR097W	YMR304W
YMR117C	YOR358W
YBL085W	YBR102C
YHR105W	YOR034C
YCR012W	YJL124C
YER002W	YOL077C
YMR042W	YMR043W
YHL002W	YOR355W
YHR027C	YKL210W
YHR005C	YMR069W
YDR001C	YHR200W
YIL095W	YLR460C
YDL078C	YPL209C
YHR027C	YLR441C
YML012W	YPL186C
YCL054W	YGR103W
YCL025C	YPR198W
YDR074W	YER019C-A
YBL007C	YPL027W
YDL022W	YHR200W
YJL164C	YKL181W
YBR107C	YPL018W
YML126C	YMR142C
YLR029C	YLR075W
YDR052C	YLR274W
YAL017W	YDL100C
YGL166W	YML006C
YKL049C	YKL052C
YHR066W	YKR081C
YFR046C	YMR117C
YLL026W	YOL013C
YDR195W	YMR061W
YBL085W	YDR329C
YGR052W	YNL186W
YBL099W	YLR052W
YJR059W	YOR230W
YJR145C	YLR029C
YBR274W	YOR341W
YBL004W	YPL012W
YAL043C	YPR107C
YDR188W	YLR045C
YGR209C	YOR117W
YIL053W	YPR152C
YDR378C	YOR308C
YDR429C	YNL178W
YHR138C	YIL094C
YBR109C	YKL007W
YHL030W	YML092C
YGR185C	YHR200W
YJR091C	YPL159C
YJL124C	YNL145W
YAL016W	YFR024C-A
YBR221C	YPL151C
YLR102C	YMR092C
YGL003C	YMR304W
YAL059W	YDR101C
YCL008C	YLR417W
YDL126C	YGR104C
YDL013W	YPL082C
YBR128C	YLR360W
YDL140C	YOR210W
YIL027C	YJR117W
YGL059W	YLL029W
YDR171W	YPR144C
YBL007C	YJL201W
YGR086C	YPL022W
YER027C	YER129W
YBL041W	YCR073C
YCL027W	YLR291C
YDR207C	YOR304W
YDL185W	YGR092W
YDR069C	YLR025W
YDR331W	YJL196C
YCR057C	YMR143W
YHR027C	YKR039W
YDR477W	YPR156C
YLR377C	YOR141C
YML006C	YNL183C
YBR289W	YGR275W
YDR328C	YLR224W
YBL002W	YGR275W
YHR027C	YJR017C
YHR200W	YLR340W
YDR328C	YIL053W
YGL180W	YHR090C
YOR151C	YOR210W
YBR010W	YGL035C
YDR087C	YLR009W
YBL078C	YOR106W
YGL237C	YPR016C
YBR274W	YFR028C
YLR340W	YPL082C
YKL104C	YOL120C
YBR109C	YLR288C
YGR095C	YOR076C
YDL055C	YML028W
YBL003C	YLR274W
YML064C	YOR284W
YBR023C	YLR330W
YGR194C	YNL265C
YDL128W	YPL150W
YFL026W	YGL206C
YIL053W	YJR035W
YDR477W	YKL008C
YHR027C	YIL053W
YDL132W	YER011W
YAR019C	YPL141C
YDR331W	YKL065C
YJR056C	YLR096W
YDR280W	YOR076C
YBL106C	YKL130C
YHL002W	YPL038W
YBL003C	YBR247C
YHL033C	YPL198W
YAR019C	YOR018W
YDR080W	YLR396C
YBR109C	YGR253C
YDR172W	YOL011W
YML072C	YPR152C
YDR256C	YJL006C
YBR142W	YMR242C
YDL188C	YML092C
YDR497C	YML072C
YAR027W	YJL097W
YDL083C	YHR027C
YGR192C	YIR001C
YFL039C	YPL242C
YDL086W	YHR169W
YDL147W	YIL125W
YHR084W	YLR441C
YER033C	YLR096W
YHL033C	YOR117W
YDL028C	YJR019C
YGL180W	YJR089W
YDR475C	YER133W
YKL161C	YLR096W
YBR055C	YER112W
YOL038W	YOR157C
YDR246W	YML077W
YCR052W	YGR275W
YBR010W	YLR399C
YCR057C	YDR449C
YCR024C-A	YDR331W
YIL035C	YOR039W
YDR130C	YGR192C
YHL034C	YML100W
YJL148W	YOL006C
YDR466W	YLL008W
YDR087C	YNL110C
YDL108W	YDL125C
YGL180W	YPL166W
YGL254W	YGR047C
YLR262C	YLR396C
YAL017W	YDL153C
YBL003C	YMR284W
YBR179C	YDR470C
YGR249W	YPL203W
YML094W	YNL153C
YGR082W	YMR203W
YDL030W	YNL210W
YJL172W	YKL130C
YNL178W	YPL082C
YBR205W	YHR105W
YEL062W	YJR090C
YIL075C	YJL057C
YJR010C-A	YML072C
YDR456W	YHL042W
YDR054C	YMR080C
YDR422C	YDR477W
YBR252W	YLR291C
YJR065C	YLR370C
YHR027C	YOR317W
YFR028C	YJR063W
YDL185W	YLR447C
YAR007C	YKL049C
YOR141C	YPL082C
YGL120C	YPL012W
YGL059W	YJR001W
YDR280W	YMR128W
YDL160C	YNL157W
YKL125W	YOR341W
YJL029C	YKR020W
YDR379W	YPL031C
YER034W	YGL180W
YLL052C	YMR094W
YJR056C	YPL018W
YBR102C	YPR055W
YIL114C	YMR203W
YHR027C	YLR044C
YCL037C	YDL140C
YDR216W	YLR055C
YHR169W	YJL026W
YHR140W	YPR028W
YJR092W	YKL157W
YCR057C	YNL075W
YDR244W	YGR077C
YGL073W	YHR206W
YGR004W	YLR324W
YKL181W	YMR291W
YLR310C	YMR084W
YDL028C	YDR162C
YMR118C	YMR173W
YJL164C	YNL136W
YBR299W	YPL031C
YDR035W	YOR230W
YJL058C	YKL203C
YGL180W	YPL146C
YDL113C	YGR120C
YPL169C	YPL178W
YER002W	YOR272W
YBR010W	YGL131C
YAR002C-A	YIL124W
YDL240W	YNL090W
YKL049C	YKL104C
YDR489W	YOL146W
YHR088W	YLL008W
YGR222W	YMR257C
YLR399C	YMR227C
YLR321C	YPR034W
YBR267W	YNL227C
YGL111W	YOL077C
YKL116C	YMR184W
YIL105C	YML057W
YBR109C	YOR039W
YBR086C	YKL130C
YBR142W	YLR340W
YDR130C	YDR318W
YBR109C	YPL242C
YDR054C	YOR244W
YGL076C	YLR074C
YKR054C	YMR117C
YBR221C	YNL071W
YGR103W	YLR106C
YER062C	YGL090W
YCR057C	YGL120C
YLR447C	YOL018C
YCR053W	YOL013C
YAL067C	YHR042W
YBL003C	YIL148W
YBL102W	YOR036W
YAL032C	YGR270W
YKL172W	YPL093W
YBR237W	YDR073W
YHR200W	YKL210W
YGL048C	YNL244C
YML062C	YPL031C
YBL007C	YLR315W
YDL171C	YHR200W
YBL024W	YIL095W
Q0085	YBL099W
YGR092W	YJL108C
YBL055C	YDL028C
YLR345W	YMR310C
YAL043C	YCR042C
YKL142W	YNL210W
YKL081W	YOR117W
YGL111W	YOR267C
YIL161W	YLR340W
YJL153C	YML086C
YDR159W	YDR427W
YGR258C	YPL141C
YEL054C	YPR102C
YDL001W	YIL095W
YDR108W	YDR246W
YPL226W	YPR080W
YJR059W	YKL127W
YDL029W	YJL153C
YJL164C	YPL123C
YDR101C	YER036C
YDR060W	YNL227C
YBL003C	YGL120C
YKL103C	YML064C
YFR002W	YML103C
YEL034W	YJR070C
YDL215C	YDR054C
YBL002W	YLR385C
YGR156W	YMR061W
YOR267C	YOR272W
YCR032W	YOL057W
YDR216W	YKL117W
YDR378C	YPR082C
YDR101C	YPL093W
YER162C	YGL150C
YDL140C	YJL164C
YDL065C	YJL057C
YBR179C	YOR211C
YGL081W	YGR155W
YDR172W	YPR152C
YML126C	YPR080W
YJR062C	YOR231W
YPL031C	YPR139C
YHR066W	YLR075W
YBL003C	YCR052W
YHR088W	YNL110C
YGL048C	YIL007C
YDL060W	YER006W
YBR119W	YKL130C
YAL016W	YDL188C
YGL147C	YGR232W
YKR081C	YNL230C
YIL035C	YPR016C
YGL006W	YLL048C
YBL086C	YLR045C
YOR117W	YPL248C
YBL002W	YGL150C
YDL239C	YMR117C
YAL027W	YPL004C
YDR171W	YLR304C
YDL108W	YLR005W
YBR227C	YML064C
YLR117C	YPL151C
YBR010W	YBR274W
YGR218W	YIL094C
YCR053W	YML126C
YDR260C	YNL172W
YGR024C	YLR291C
YPL208W	YPR034W
YDR326C	YIL105C
YDL100C	YJL153C
YBR086C	YGL180W
YFR002W	YGR120C
YNL085W	YNL186W
YLR304C	YOR005C
YHR027C	YPL226W
YMR297W	YOL013C
YBR157C	YKR083C
YDR429C	YEL034W
YLR310C	YMR139W
YBL024W	YPL150W
YDR382W	YMR242C
YHR196W	YJL033W
YGR097W	YPR152C
YBR054W	YNL048W
YJL164C	YLR265C
YFR024C-A	YGL060W
YHL024W	YJL164C
YIL041W	YJR032W
YJL164C	YKL191W
YDR412W	YER133W
YPL151C	YPR134W
YBR280C	YEL060C
YER054C	YPR160W
YGL158W	YMR284W
YAL027W	YPL146C
YFL039C	YLR052W
YAL020C	YDR354W
YAR019C	YMR139W
YJR056C	YML064C
YNL099C	YOR294W
YIR007W	YNL023C
YIL046W	YNL007C
YGL079W	YPL031C
YHR169W	YMR105C
YFR028C	YKR021W
YER027C	YER133W
YGR097W	YPL093W
YBR290W	YIL114C
YDR172W	YML005W
YGR103W	YLR029C
YMR128W	YOR078W
YAL035W	YGL130W
YDR159W	YOR098C
YBR211C	YPL018W
YER172C	YGL128C
YDR356W	YOR257W
YAL002W	YLR396C
YNL272C	YOL113W
YMR094W	YOR359W
YDR477W	YML006C
YDR477W	YGR092W
YDR188W	YOR229W
YKL172W	YPL146C
YIR037W	YPL031C
YFR027W	YJR068W
YLR340W	YML072C
YFL037W	YKR054C
YDR087C	YER002W
YDR161W	YPL031C
YLR029C	YOR294W
YGR161C	YJR059W
YGL056C	YLR413W
YNR016C	YPL004C
YBR155W	YPL141C
YLR305C	YMR212C
YLR210W	YPL269W
YDR427W	YIL075C
YHR016C	YLR064W
YFR028C	YOL078W
YBR010W	YOL006C
YHR114W	YLR064W
YDR394W	YOR027W
YOL082W	YOR231W
YHR027C	YNL183C
YGL180W	YPR091C
YBL041W	YIL007C
YER002W	YPL150W
YCL031C	YIL035C
YBR057C	YKR031C
YIL062C	YNL073W
YFL039C	YNL272C
YHL024W	YPL031C
YLR291C	YLR321C
YLR291C	YOR380W
YDL028C	YDR383C
YIL095W	YLR303W
YDL110C	YKL015W
YGL237C	YGR146C
YFL022C	YMR284W
YCR007C	YKR066C
YLR432W	YOL115W
YBR274W	YMR102C
YDL060W	YOR145C
YKL015W	YOR231W
YDR335W	YJL157C
YDL007W	YDL036C
YHR114W	YJL095W
YGR253C	YPR185W
YNL178W	YOL120C
YDL126C	YNL183C
YEL001C	YGR126W
YDR087C	YGR103W
YDR477W	YGL035C
YLL023C	YMR292W
YFR024C-A	YLR206W
YLR340W	YLR448W
YLR002C	YLR449W
YLR029C	YOR117W
YMR255W	YOR046C
YDR301W	YNL317W
YGL035C	YMR139W
YDR412W	YML103C
YDL019C	YPL139C
YCL054W	YPR016C
YJL033W	YJL164C
YBR121C	YHR200W
YKL065C	YLR018C
YKL130C	YLR274W
YMR242C	YOL077C
YCR072C	YPL031C
YBL023C	YBR202W
YDL220C	YLR010C
YHR196W	YPL266W
YER105C	YER107C
YGR120C	YPR191W
YDR394W	YLR106C
YDR142C	YDR244W
YDR412W	YPL146C
YGL158W	YMR115W
YDR032C	YLR237W
YJL033W	YNR054C
YKL081W	YML064C
YNL136W	YPL031C
YML057W	YNL047C
YBR126C	YPR035W
YEL013W	YEL043W
YHL010C	YKR017C
YBL085W	YOL019W
YKL007W	YOR236W
YGL158W	YNL107W
YHL006C	YLR046C
YGR270W	YPL082C
YGL078C	YOR117W
YGR037C	YHR016C
YCR072C	YNL182C
YBR217W	YDL147W
YOR191W	YPL269W
YER127W	YNL110C
YER006W	YOL120C
YGL116W	YJL030W
YDL188C	YPR040W
YHR027C	YJL167W
YLL024C	YML062C
YIL148W	YOR117W
YBL064C	YDR069C
YDR162C	YJL095W
YER027C	YJL217W
YHR200W	YPR108W
YLR018C	YPR028W
YGL180W	YGR159C
YBL007C	YGL104C
YEL013W	YGL006W
YBR107C	YDR383C
YER019C-A	YML019W
YCR008W	YPR013C
YDR436W	YKL193C
YAL019W	YDL097C
YBR283C	YJR117W
YGL105W	YMR059W
YER031C	YOR036W
YLR330W	YMR076C
YGR252W	YMR227C
YER112W	YNL091W
YJL167W	YJR035W
YKR014C	YLR396C
YBR289W	YER112W
YGR256W	YMR059W
YCR033W	YDR155C
YAL053W	YMR238W
YBL002W	YOR304W
YIL074C	YJL164C
YDR260C	YKL022C
YDR293C	YLR022C
YGL158W	YNL212W
YDL131W	YPL031C
YEL023C	YJL052W
YGR092W	YOR317W
YAL018C	YDR331W
YKL172W	YOL077C
YJL164C	YNL167C
YIR033W	YJL117W
YBR039W	YLR075W
YDR357C	YGL079W
YFL062W	YJL108C
YBR283C	YMR149W
YDL100C	YML101C
YNL222W	YPL008W
YHR196W	YPR144C
YJL074C	YMR001C
YKR081C	YMR123W
YGL180W	YGL208W
YDR172W	YHR200W
YGR130C	YPL209C
YHL048W	YKL008C
YDL148C	YLR186W
YBR283C	YGL051W
YBL007C	YKL049C
YBR217W	YFR030W
YDL207W	YML103C
YER127W	YGL180W
YDR328C	YOL025W
YHR200W	YKL127W
YBR217W	YDL029W
YJL155C	YLR345W
YML064C	YOR020C
YKL068W	YMR129W
YGL237C	YNR031C
YDR159W	YFR002W
YJL164C	YNL045W
YDL185W	YPR152C
YBL026W	YJL124C
YJL011C	YKR025W
YHL034C	YPR080W
YDR449C	YJR145C
YHL033C	YLR075W
YDR288W	YOR352W
YJL122W	YPL093W
YJR145C	YLR432W
YDR412W	YLR340W
YDL226C	YGL198W
YER143W	YFR052W
YBR119W	YML046W
YLR396C	YOR036W
YDR162C	YPL180W
YDR054C	YKR009C
YGR010W	YLR438W
YDL188C	YFR050C
YBR208C	YDR328C
YFL007W	YGL011C
YHR123W	YML012W
YJL164C	YOR113W
YGR104C	YPL248C
YMR142C	YPL143W
YGR240C	YOL133W
YAL059W	YJL194W
YDR477W	YGL073W
YGR214W	YPL235W
YDL028C	YER115C
YDL126C	YHR200W
YBR068C	YJR001W
YBR039W	YDL029W
YER142C	YLR432W
YER103W	YNL157W
YGL048C	YOR117W
YCR042C	YGR274C
YAL016W	YDL134C
YJL074C	YMR065W
YBL078C	YOR100C
YAL022C	YJR117W
YBL004W	YMR128W
YHR196W	YJR002W
YBR154C	YJL011C
YBR237W	YGL181W
YDR456W	YIL171W
YOR078W	YPL198W
YBR109C	YFL039C
YHL042W	YNL003C
YDR335W	YLR182W
YDR169C	YJR059W
YGR105W	YPL234C
YDL147W	YER112W
YJL069C	YNL132W
YIL149C	YPR144C
YFL039C	YNL218W
YLR424W	YML049C
YLL026W	YLR418C
YEL062W	YLR096W
YOR001W	YPL146C
YGR218W	YML117W
YLL026W	YLR096W
YBR109C	YCR008W
YBR247C	YPL266W
YHR114W	YPL277C
YML093W	YOR244W
YBR109C	YOR127W
YBR211C	YDL028C
YIL094C	YKL010C
YBR010W	YPR018W
YDL209C	YFL039C
YDR171W	YLR106C
YDR069C	YJL130C
YGL048C	YKL010C
YHL033C	YLR441C
YDR394W	YIL007C
YFL029C	YLL008W
YJR059W	YPR107C
YBR191W	YHR027C
YBR254C	YPL235W
YBL023C	YBR126C
YBR136W	YLR025W
YDL126C	YKR083C
YJL020C	YKL129C
YGL048C	YPL248C
YDR060W	YKL172W
YGL209W	YPL031C
YDL153C	YNL280C
YBR126C	YER112W
YBR148W	YOR244W
YJL099W	YMR237W
YOR140W	YPL203W
YDR256C	YLR291C
YDL147W	YGR232W
YGL059W	YLL038C
YHR114W	YIR023W
YBR057C	YLR222C
YHL003C	YMR298W
YBL026W	YLR126C
YAL041W	YJL157C
YBL003C	YER147C
YBR247C	YLL011W
YBR231C	YPL235W
YJL006C	YKL091C
YDL239C	YKL103C
YER006W	YLR340W
YMR246W	YPR152C
YNL136W	YNL246W
YDR328C	YMR291W
YBR272C	YPR108W
YBR217W	YKL104C
YBR272C	YDL147W
YKL065C	YPR198W
YDR254W	YJL105W
YER031C	YER133W
YBR211C	YPL031C
YER030W	YOR244W
YKL049C	YMR212C
YMR184W	YPL203W
YBL003C	YJL130C
YHR070W	YJL154C
YLR258W	YPL219W
YDL148C	YJR002W
YDL215C	YOL034W
YBR086C	YOR267C
YGL059W	YJR059W
YDR477W	YOR054C
YBR274W	YKL181W
YNL055C	YNL085W
YGL006W	YNL328C
YER172C	YPR101W
YKL093W	YPL203W
YGL128C	YML049C
YNR033W	YPL031C
YNL103W	YNL272C
YNL248C	YNR003C
YHR084W	YMR043W
YLR313C	YOR231W
YHR200W	YMR230W
YJL164C	YOL018C
YFR028C	YGR070W
YDR069C	YJR001W
YLR424W	YPR101W
YPL031C	YPR025C
YGL206C	YKR021W
YDL195W	YDR382W
YCL034W	YOR094W
YDR181C	YPR018W
YGR270W	YLR449W
YJL011C	YNR003C
YGR289C	YHL048W
YFR028C	YNL248C
YER131W	YNL248C
YDL135C	YPR156C
YDR280W	YLR432W
YDR412W	YGL147C
YDR159W	YER107C
YER123W	YLL024C
YPL150W	YPL209C
YDR335W	YFL037W
YKL142W	YKL157W
YLR449W	YMR242C
YDL126C	YDR049W
YFR027W	YMR076C
YMR173W	YPL031C
YCL025C	YDR276C
YJR002W	YML093W
YLR340W	YNL023C
YDR017C	YER177W
YDL006W	YDR162C
YDR155C	YOR117W
YBR252W	YBR274W
YDR412W	YOR001W
YGR092W	YNL125C
YLR442C	YMR226C
YFL062W	YGR191W
YKL065C	YLL061W
YDL188C	YPR103W
YNL113W	YOR341W
YJL095W	YNL293W
YCR072C	YGL111W
YAL016W	YNL209W
YGL145W	YLR440C
YEL032W	YNL172W
YAL027W	YOR294W
YIL035C	YPR103W
YML069W	YOL006C
YNL222W	YNL317W
YLR009W	YNL246W
YDL055C	YOL120C
YGL250W	YJL020C
YER133W	YKL049C
YBL067C	YHL002W
YCL014W	YKL049C
YIL035C	YJL044C
YHR084W	YKL161C
YHL002W	YMR084W
YMR231W	YPL045W
YDL140C	YOR151C
YKL130C	YMR314W
YFL022C	YPL031C
YGL105W	YOL113W
YDR412W	YOR272W
YHR200W	YNR035C
YLR370C	YNR035C
YGR237C	YKR081C
YLR435W	YPL146C
YBR154C	YDR045C
YGR279C	YLR291C
YJL069C	YOR145C
YIL124W	YMR149W
YBR001C	YBR109C
YBR142W	YLL019C
YKL054C	YLR216C
YKL049C	YPL018W
YBR211C	YDR383C
YGR033C	YJL104W
YGR037C	YGR136W
YLL024C	YOR091W
YGL120C	YJL122W
YIL035C	YLR345W
YIL027C	YJL192C
YBL004W	YNL110C
YHR140W	YLR018C
YDR256C	YNR031C
YAR028W	YJL219W
YER054C	YLR258W
YIL148W	YMR276W
YDR188W	YKL016C
YCR072C	YGL099W
YIL153W	YLR258W
YBL024W	YKL116C
YLR096W	YNR064C
YKL049C	YMR246W
YKL206C	YOR244W
YDL015C	YLR259C
YFL062W	YLR237W
YGR111W	YPL031C
YBR154C	YJR063W
YBR010W	YER177W
YDR394W	YHR027C
YBR108W	YGL180W
YGR142W	YLR424W
YFR028C	YIL095W
YNL075W	YNL110C
YBR221C	YGL130W
YIR037W	YML086C
YBR068C	YFR024C-A
YHL003C	YMR149W
YHR111W	YLR291C
YER094C	YPR103W
YHL048W	YPR156C
YGR043C	YJL057C
YKL172W	YOR267C
YER139C	YOR210W
YLR096W	YOL138C
YIL035C	YOR229W
YIL126W	YLR321C
YKL068W	YLL024C
YJL006C	YNR033W
YDR191W	YOL113W
YFR028C	YGL003C
YDR135C	YOR039W
YDR152W	YPR106W
YAL043C	YNL317W
YML049C	YPL178W
YJR010C-A	YKL008C
YGL120C	YML093W
YNL113W	YPR049C
YGR252W	YKL193C
YBR247C	YPL012W
YCL031C	YCR057C
YOL034W	YPR105C
YCL031C	YNL186W
YER006W	YLR449W
YER172C	YJL124C
YKL219W	YLL061W
YBR183W	YHR140W
YGL051W	YIL095W
YGR191W	YJR117W
YAL031C	YER133W
YHR079C	YML075C
YLR182W	YOL131W
YHR114W	YPL049C
YDR074W	YHR196W
YHR118C	YKR081C
YGL112C	YGR274C
YGR142W	YKL049C
YHR090C	YNL107W
YGR155W	YIL066C
YKL049C	YLR305C
YML046W	YPR178W
YDR378C	YPR178W
YGR185C	YPR106W
YDR172W	YLL026W
YNL222W	YOR151C
YDR130C	YER155C
YLR268W	YPL232W
YBR023C	YER166W
YAL038W	YJL074C
YBR247C	YJR145C
YHR027C	YML086C
YHR174W	YOR117W
YAR007C	YDL007W
YIL035C	YJL069C
YDR087C	YFR001W
YDR307W	YJL196C
YDR331W	YGR289C
YLR320W	YPR164W
YDR087C	YLL008W
YBR126C	YFL033C
YEL019C	YMR284W
YJR059W	YNL186W
YDR207C	YOL082W
YIL075C	YNL075W
YPL248C	YPR025C
YDR283C	YML057W
YMR047C	YPR144C
YHR200W	YJR104C
YDR101C	YDR192C
YDR328C	YKR014C
YBL026W	YPL115C
YBR039W	YDR168W
YGL073W	YJL194W
YJL030W	YJL206C
YGL158W	YHL021C
YBR108W	YHR114W
YDL081C	YJR010C-A
YBR011C	YHR027C
YKL203C	YOL078W
YKL181W	YOR244W
YDR326C	YKL130C
YDR477W	YER133W
YNR064C	YPL031C
YKL082C	YMR143W
YFR050C	YGL011C
YML049C	YPR094W
YBL106C	YPL174C
YFR050C	YJL001W
YFR024C-A	YHR178W
YGR055W	YML072C
YMR239C	YOL010W
YLL026W	YOR164C
YJR059W	YMR165C
YLR432W	YPL198W
YBL003C	YGL035C
YDR060W	YPR144C
YER019C-A	YGL022W
YCR079W	YKL054C
YHR200W	YLR303W
YAL035W	YDL220C
YEL013W	YER123W
YLR031W	YMR117C
YCR009C	YJR032W
YMR022W	YOL013C
YCR030C	YOL054W
YJL164C	YOR151C
YAL041W	YBL085W
YDL131W	YHR079C
YJL095W	YNL136W
YDR477W	YMR015C
YNL055C	YPR164W
YAR002C-A	YMR015C
YGL037C	YGL116W
YBR011C	YHR200W
YDR477W	YGL184C
YBR142W	YJR145C
YDL100C	YDL121C
YMR276W	YNL268W
YAL035W	YPR152C
YGL078C	YHR115C
YJR059W	YOR229W
YOR020C	YOR110W
YKL008C	YPL076W
YIL007C	YOR117W
YCL054W	YFR001W
YJL164C	YPR040W
YAL016W	YNL127W
YDL147W	YFL007W
YGL156W	YOL082W
YBR108W	YPL141C
YIL035C	YKL093W
YCL024W	YML062C
YLR178C	YMR297W
YBL002W	YOL087C
YIL037C	YMR059W
YDL055C	YDR335W
YDR427W	YHR200W
YHR027C	YML088W
YHR123W	YKL065C
YBR247C	YGR214W
YDR280W	YMR242C
YHR140W	YNL048W
YBL004W	YOR145C
YGL055W	YHR200W
YLR305C	YOR355W
YPR080W	YPR107C
YAL017W	YLL061W
YCL024W	YDL006W
YLR377C	YNL214W
YBR039W	YFR028C
YDL239C	YOR324C
YLR321C	YPL082C
YBR011C	YBR109C
YFR010W	YOR117W
YGR258C	YLR430W
YDL029W	YIL066C
YDR030C	YDR188W
YDR017C	YLR377C
YDR216W	YOR208W
YDL055C	YGR218W
YDR449C	YPR144C
YHL030W	YOL038W
YGL112C	YGR270W
YGR270W	YOR039W
YER115C	YLR310C
YKR031C	YOR255W
YHR027C	YIL075C
YNL097C	YPL139C
YBR191W	YDL083C
YKL172W	YNL230C
YER144C	YOR157C
YBR229C	YDR221W
YDR394W	YDR427W
YFR028C	YKR031C
YGR090W	YNR054C
YJL026W	YML095C
YML121W	YPL180W
YGR130C	YPR152C
YBL003C	YPL128C
YGR103W	YKL172W
YBR183W	YDR276C
YDR027C	YFL029C
YER007W	YHR200W
YBL003C	YPL116W
YML057W	YOR324C
YCR005C	YJL042W
YEL058W	YHR200W
YDR301W	YGR156W
YDL030W	YOR319W
YKL008C	YML064C
YDR412W	YLR106C
YMR242C	YNL110C
YNL090W	YPL174C
YDR412W	YER002W
YDR087C	YKL082C
YGR090W	YPL208W
YJR035W	YMR226C
YNL045W	YPL031C
YBR024W	YHL042W
YJL058C	YML064C
YDR161W	YGL180W
YGR090W	YIR001C
YLL008W	YPL209C
YBL089W	YBR068C
YLR432W	YNL230C
YJR059W	YOR070C
YLL024C	YLR418C
YFR052W	YML092C
YDL147W	YOR157C
YBR128C	YDL185W
YJL057C	YMR129W
YDR330W	YGL180W
YJL057C	YMR276W
YGL111W	YLR002C
YBL047C	YOL087C
YMR080C	YOR076C
YIL171W	YLR096W
YLR345W	YOR244W
YGL131C	YNL127W
YIL171W	YPR028W
YDL080C	YGR196C
YER143W	YOL018C
YBR109C	YNL053W
YIL148W	YLL060C
YJL095W	YML037C
YGL208W	YOR244W
YGL120C	YOL115W
YER036C	YPL031C
YCR007C	YCR061W
YDR221W	YPL037C
YBL041W	YGL011C
YJR058C	YOL113W
YAL015C	YEL060C
YOL148C	YPL248C
YLR291C	YPL049C
YLR403W	YPL180W
YBR057C	YGL036W
YER177W	YOR140W
YBR154C	YNL248C
YLR222C	YNL055C
YER177W	YMR086W
YEL054C	YIR026C
YHL030W	YIL075C
YDR132C	YJR102C
YDR049W	YER036C
YJL099W	YLR330W
YJL185C	YMR204C
YDR171W	YNL085W
YFR028C	YGR052W
YCR005C	YLR055C
YCL052C	YEL060C
YKL117W	YLR216C
YFL062W	YMR306W
YOL082W	YPL141C
YHR084W	YPR152C
YGR001C	YOR244W
YJR059W	YKL080W
YBR154C	YKR008W
YDL140C	YLR418C
YIL035C	YOR052C
YKR008W	YPL082C
YEL066W	YGR218W
YBR054W	YML132W
YDR469W	YLR432W
YDL100C	YPR075C
YDR032C	YML072C
YBR217W	YHR171W
YBR010W	YER051W
YJR060W	YNL103W
YDL013W	YKL116C
YKL116C	YNL272C
YEL060C	YJL124C
YBR010W	YGL060W
YBL003C	YDL188C
YLR424W	YPL208W
YGL104C	YML075C
YGR047C	YKR034W
YDL007W	YFR052W
YMR143W	YNL132W
YMR139W	YMR291W
YDL108W	YPL235W
YHR113W	YNL153C
YCR012W	YOR098C
YJL033W	YMR061W
YGL116W	YGR188C
YDR466W	YMR048W
YIL035C	YLR019W
YDR328C	YJL149W
YLR377C	YOL126C
YBL003C	YLR385C
YDL147W	YOL126C
YLR029C	YOL120C
YDR032C	YGR281W
YDR092W	YMR140W
YKL049C	YMR207C
YHR137W	YPL031C
YBL023C	YKL049C
YER112W	YML049C
YIR001C	YPL031C
YDR328C	YLR368W
YBR108W	YHR079C
YHL002W	YOR076C
YIL053W	YPL031C
YPL155C	YPL269W
YHL030W	YIL095W
YML126C	YMR059W
YIL112W	YJL164C
YHR118C	YPL008W
YBR283C	YHR200W
YGR092W	YIL135C
YDR422C	YJL124C
YDL030W	YLR117C
YAL017W	YGL112C
YDR080W	YPL045W
YJL164C	YPR160W
YBR183W	YDR039C
YJR088C	YKL207W
YBR182C	YNL167C
YDL188C	YOL038W
YBL007C	YLR430W
YDR080W	YPL195W
YGL112C	YNL039W
YDR131C	YOL133W
YNL055C	YOL087C
YAL017W	YCL027W
YDR233C	YHR200W
YEL013W	YPR185W
YDR318W	YPL018W
YLR304C	YOL006C
YGR037C	YKL130C
YAL051W	YKL172W
YER177W	YLL024C
YDR276C	YMR149W
YER094C	YML092C
YLR315W	YPL018W
YCR032W	YDL147W
YLL024C	YPL110C
YDR188W	YHR027C
YEL041W	YHR115C
YDL186W	YHR079C
YFL039C	YNL107W
YDR437W	YPL076W
YJR125C	YNR006W
YFR028C	YIL035C
YKR034W	YLR291C
YGR041W	YLR353W
YJL057C	YJR032W
YHR027C	YKL127W
YER030W	YLR186W
YGL237C	YIL053W
YDR172W	YLL024C
YDL220C	YDR477W
YBR010W	YKR008W
YNL132W	YPR144C
YDR060W	YNL110C
YBR010W	YMR031C
YDL171C	YJL141C
YBL007C	YJL191W
YHR200W	YKL182W
YBR136W	YOR189W
YBL003C	YHR090C
YDR072C	YHR154W
YHR079C	YOL082W
YBR142W	YDR466W
YDL013W	YDR397C
YBR254C	YEL048C
YKR008W	YLR321C
YHR027C	YLR355C
YGL076C	YIL125W
YCL014W	YJL052W
YJL149W	YOL133W
YBL104C	YER172C
YDR069C	YPR103W
YDL147W	YJL001W
YCR057C	YLR222C
YLR427W	YNL132W
YDR465C	YEL054C
YGR056W	YOR319W
YKL116C	YNL022C
YNL265C	YNR006W
YKR008W	YML127W
YBL003C	YOR304W
YFL008W	YJL026W
YNL085W	YOL133W
YER112W	YOR039W
YDR508C	YIL114C
YGR270W	YLR095C
YER094C	YOL038W
YDR036C	YKL142W
YJL203W	YOR319W
YJR002W	YLR222C
YJR063W	YOR341W
YER031C	YNL146W
YLR320W	YNL055C
YMR237W	YPR080W
YML019W	YMR149W
YKR066C	YNL299W
YNR011C	YPL012W
YGR120C	YPR185W
YBL003C	YDR060W
YDL185W	YPR036W
YHL034C	YNL183C
YCL031C	YGR090W
YGL198W	YOR132W
YIL046W	YKL081W
YIL001W	YOL133W
YDR394W	YGR092W
YKL010C	YKL189W
YLR396C	YNL093W
YOL091W	YPL018W
YBR142W	YGL078C
YLR009W	YOL006C
YBR109C	YGR240C
YOR005C	YPR016C
YBL044W	YMR304W
YLR438W	YMR059W
YDR429C	YMR309C
YHR079C	YMR184W
YGL059W	YKL008C
YDL140C	YKL130C
YGL059W	YIL135C
YDR001C	YER177W
YCR053W	YNL244C
YJR041C	YKR024C
YDL100C	YHR027C
YER166W	YFR024C-A
YDR453C	YJR085C
YGR104C	YOR141C
YCR014C	YFR052W
YHR079C	YPL150W
YJR045C	YNL078W
YJL052W	YOR117W
YDR195W	YER133W
YJL154C	YOR132W
YLR192C	YPL209C
YHR143W-A	YPL203W
YMR205C	YPR152C
YHR113W	YNL222W
YHR090C	YJL081C
YCR045C	YOR348C
YDR328C	YIL046W
YER127W	YJL069C
YAL067C	YNL162W
YDR283C	YLR096W
YJR089W	YPL209C
YFL062W	YPL141C
YGR252W	YIL149C
YGL081W	YKL104C
YBL085W	YBR238C
YFL039C	YOR189W
YML031W	YPR080W
YPL174C	YPR165W
YCL054W	YOR244W
YDL126C	YJR059W
YBL023C	YJL194W
YBR011C	YMR267W
YBL085W	YOR047C
YBR215W	YJR140C
YNL162W	YPR144C
YKL049C	YLR259C
YBL003C	YOL077C
YDL029W	YDR032C
YDL185W	YMR104C
YGL206C	YIL094C
YHL030W	YHR027C
YDL113C	YPR105C
YDR283C	YMR255W
YER078C	YJL164C
YNR034W	YOR178C
YJR035W	YKL081W
YDR168W	YDR463W
YDL153C	YDR449C
YMR117C	YMR224C
YDL143W	YKL142W
YDR378C	YNL145W
YMR001C	YPL154C
YBR094W	YDL015C
YLR222C	YPR144C
YDR489W	YPR135W
YLR432W	YNL178W
YFR024C-A	YGR218W
YDL160C	YHR027C
YCL024W	YNL078W
YGL181W	YOR094W
YCR012W	YGR252W
YGL120C	YMR128W
YEL032W	YIL150C
YBR054W	YJR010C-A
YNL055C	YNL090W
YJR032W	YLL026W
YDR477W	YHR207C
YLR262C	YLR304C
YGR142W	YJL053W
YBL003C	YJL033W
YDR006C	YLR192C
YLR303W	YOR117W
YHR027C	YMR242C
YJR091C	YOR317W
YGL150C	YKL049C
YGL180W	YNL182C
YDR152W	YPL141C
YDR060W	YKR024C
YGL128C	YPR101W
YLL019C	YPL093W
YGR129W	YPL151C
YAL032C	YML049C
YHR016C	YOR109W
YDL141W	YMR239C
YDR159W	YMR304W
YAL043C	YOR250C
YDR477W	YJR019C
YGR218W	YHR108W
YAR007C	YDL140C
YKL065C	YPR156C
YER172C	YOR308C
YAL021C	YGR092W
YFL007W	YKL168C
YBL005W	YBR149W
YIL046W	YJR131W
YNL007C	YPL031C
YDR178W	YKL141W
YLL024C	YMR128W
YOL077C	YPL093W
YJL159W	YKL073W
YDL028C	YNL186W
YNL064C	YOL006C
YDR477W	YER129W
YHR088W	YOR272W
YPR034W	YPR081C
YDL209C	YMR230W
YIL035C	YOR057W
YJL099W	YKR027W
YDL022W	YHR027C
YNL064C	YNL073W
YBR154C	YMR015C
YPL031C	YPR035W
YOR117W	YPR163C
YHL033C	YMR242C
YBR191W	YDR130C
YHR042W	YJR117W
YAL002W	YMR231W
YGL105W	YJR059W
YDL220C	YFL029C
YDL097C	YIL007C
YEL039C	YOR117W
YBR155W	YNL209W
YDR412W	YFR001W
YDR027C	YKR020W
YOR257W	YPR103W
YOR334W	YPR151C
YMR314W	YOR157C
YNL064C	YPL150W
YCR012W	YDR161W
YHL042W	YJR117W
YDR056C	YFR028C
YJL141C	YLR410W
YDL030W	YDR328C
YDR293C	YMR304W
YGR255C	YOL096C
YGR252W	YOL039W
YDL055C	YLR259C
YER131W	YPL031C
YLR447C	YPR036W
YGR043C	YLR418C
YDL154W	YMR224C
YGR082W	YNL003C
YLR182W	YML069W
YKL103C	YLR291C
YHR113W	YKL103C
YLR265C	YOR005C
YBR142W	YLR029C
YDR466W	YJL095W
YDR513W	YPL031C
YJR070C	YOL045W
YBR126C	YOL133W
YFR024C-A	YGL180W
YCL037C	YDL160C
YGL076C	YGR103W
YDL055C	YDR135C
YCL024W	YDR382W
YDR427W	YMR314W
YOR151C	YPR093C
YDR322W	YGR220C
YPL031C	YPR026W
YCL032W	YHL024W
YJL110C	YKR081C
YDR293C	YML064C
YML086C	YPL186C
YKL022C	YPR152C
YKL049C	YPL235W
YML049C	YNR011C
YDL065C	YDR329C
YNL172W	YOR315W
YCL052C	YJL108C
YBR169C	YOL013C
YOL034W	YOL082W
YLR449W	YPL211W
YOR094W	YOR129C
YHR027C	YPR036W
YAL003W	YKL081W
YGL213C	YKL015W
YBR188C	YGR129W
YER036C	YHR169W
YGR103W	YJL122W
YGL180W	YNL304W
YJR117W	YLR018C
YJL020C	YOL133W
YLL008W	YOR272W
YEL013W	YKR007W
YFL033C	YLR096W
YFL039C	YLR399C
Q0085	YBR039W
YER177W	YLR028C
YDR022C	YPL166W
YFL033C	YPL031C
YNL209W	YOR117W
YOR257W	YPL116W
YAL031C	YCL027W
YDR159W	YPR152C
YGR130C	YKL193C
YDL055C	YHR128W
YDR412W	YHL033C
YDR468C	YKR020W
YHR104W	YHR200W
YAL027W	YIL105C
YBR272C	YPR103W
YBR069C	YDR171W
YDR206W	YJL030W
YKL022C	YLR102C
YDL147W	YDR394W
YDL108W	YNL222W
YBL011W	YCL024W
YDL055C	YGL076C
YAL013W	YNL097C
YCL027W	YDL199C
YHL033C	YLR009W
YBR114W	YPL154C
YLR186W	YLR222C
YDR301W	YLR115W
YML049C	YOR319W
YFL008W	YMR001C
YJL178C	YOR132W
YBR221C	YKL117W
YLR448W	YPL198W
YBR169C	YDL126C
YCR014C	YFR010W
YLR385C	YNL107W
YBR069C	YJL117W
YBR135W	YEL034W
YLR377C	YOR070C
YGL213C	YLR398C
YDL140C	YHR088W
YLL024C	YNL007C
YGL096W	YOR319W
YBL058W	YFL044C
YIL035C	YLR387C
YFR001W	YPL211W
YBR280C	YDR054C
YGR218W	YOL133W
YBR283C	YMR272C
YIL094C	YPR061C
YGR274C	YMR227C
YFR001W	YOL077C
YGR155W	YOR117W
YDR468C	YLR330W
YGL023C	YKR007W
YGL223C	YPR105C
YGL116W	YJL164C
YGL128C	YLR117C
YHL042W	YKL065C
YHR027C	YJL111W
YGR055W	YLR219W
YGR047C	YPL007C
YPL012W	YPL141C
YBR142W	YJL095W
YHR027C	YIL148W
YBR247C	YJL191W
YDR394W	YMR314W
YOL135C	YPL248C
YJL140W	YLR071C
YDL140C	YDR059C
YFL039C	YHR027C
YGR240C	YKL081W
YFR028C	YMR160W
YGR090W	YGR095C
YBR068C	YJL192C
YGR103W	YNL110C
YDL065C	YMR284W
YMR001C	YPR013C
YHL048W	YKL065C
YBR065C	YLR424W
YGL180W	YJR072C
YFR024C-A	YMR162C
YDR032C	YHR027C
YDL140C	YGL048C
YCL037C	YDL083C
YLR305C	YNL281W
YJL104W	YNL328C
YER054C	YER133W
YHR200W	YLL024C
YOL120C	YPR016C
YDL140C	YOL135C
YDR054C	YOL063C
YDR326C	YOR048C
YEL044W	YOR189W
YIL095W	YML088W
YLR345W	YOR219C
YHR027C	YHR128W
YKL130C	YNL066W
YNR011C	YPL178W
YDR428C	YER123W
YAL038W	YOR117W
YBR169C	YKL210W
YHR084W	YPL049C
YFL008W	YLR424W
YHR079C	YPR198W
YMR309C	YNL244C
YDL030W	YOR191W
YAL043C	YNL222W
YER024W	YPL031C
YDL153C	YPR178W
YGR090W	YLL019C
YJL074C	YKR009C
YDL209C	YLR424W
YGR159C	YJR059W
YGR105W	YLR447C
YJR059W	YJR099W
YGR136W	YNL293W
YDR394W	YPR108W
YLR399C	YNL107W
YLR432W	YPR152C
YDR060W	YGL076C
YHR079C	YMR239C
YIL036W	YIL150C
YER077C	YNL230C
YBR010W	YPL116W
YLR028C	YPL004C
YIL105C	YPR152C
YGL078C	YLR196W
YOR185C	YPL226W
YCR008W	YMR165C
YCL037C	YHL034C
YER172C	YFR019W
YMR139W	YPL141C
YML072C	YOL105C
YLL024C	YLR310C
YBR161W	YJR001W
YGL180W	YNL314W
YDR216W	YOL001W
YBL026W	YCR012W
YDR394W	YPL248C
YHR114W	YLR426W
YGL180W	YIL077C
YBL018C	YNL221C
YER096W	YPR165W
YDR382W	YLR075W
YBR142W	YGL076C
YCL054W	YDR412W
YIL035C	YKL064W
YJR112W	YOL054W
YDR398W	YJL026W
YLR378C	YOR324C
YPR082C	YPR101W
YHR027C	YMR191W
YGL206C	YOR109W
YBR054W	YGL022W
YDL132W	YDR328C
YDR159W	YOR046C
YLL026W	YOR007C
YLR259C	YLR320W
YDR394W	YNL085W
YJL164C	YOR083W
YDR364C	YIL030C
YFR030W	YGL150C
YDL147W	YFR050C
YAL031C	YNL317W
YFL039C	YLR196W
YHR016C	YKL129C
YOR304W	YPL082C
YBR169C	YNL064C
YMR140W	YPL037C
YNR046W	YOL061W
YMR061W	YOR250C
YHR200W	YJR065C
YLR018C	YPL169C
YHR174W	YNL127W
YGL059W	YJL084C
YIL055C	YPL115C
YGL023C	YML121W
YGR092W	YOL059W
YLL011W	YNL186W
YER006W	YPR102C
YAR007C	YGL256W
YER112W	YPR080W
YBL099W	YHR027C
YGL055W	YIL027C
YDR188W	YNL212W
YDR328C	YIL148W
YDL140C	YKL049C
YER136W	YOR089C
YER127W	YJL141C
YER002W	YNL110C
YHR113W	YJL030W
YGL076C	YHL033C
YGR161C	YKR027W
YGR270W	YJR068W
YAR007C	YJR089W
YDR045C	YNR003C
YJL148W	YJL207C
YMR139W	YOL053W
YLR106C	YNL182C
YGR004W	YHR114W
YBR040W	YCL040W
YFL026W	YGR037C
YNL157W	YPR080W
YBR069C	YDL015C
YGL076C	YHL034C
YGL180W	YJR092W
YJL095W	YMR111C
YNL272C	YOR267C
YDL147W	YFR052W
YDR092W	YHR137W
YML024W	YPL012W
YBR021W	YHR042W
YAL038W	YPL203W
YBR207W	YOL132W
YJL196C	YPL076W
YGL180W	YNL272C
YBR247C	YNL178W
YDR377W	YKL016C
YCL010C	YGL066W
YJL164C	YMR196W
YML049C	YPR101W
YJL069C	YML093W
YDR477W	YML062C
YDL006W	YFR028C
YER112W	YIL029C
YAL053W	YBR023C
YLR274W	YPR135W
YDL055C	YMR142C
YBL026W	YPR080W
YAL021C	YGR184C
YDL013W	YDL030W
YIL035C	YNL132W
YBL003C	YDL105W
YBR083W	YPL049C
YGL059W	YHR207C
YGL210W	YMR291W
YHR066W	YLR002C
YJL164C	YJL167W
YGL011C	YHR027C
YNL091W	YNL162W
YCR012W	YPR093C
YGR170W	YJR059W
YGR103W	YOR005C
YBR183W	YJR117W
YHL002W	YNR006W
YBL007C	YLR064W
YMR258C	YOR089C
YCL024W	YKL091C
YAL021C	YER133W
YGR055W	YGR281W
YBR188C	YNR011C
YHL048W	YJL117W
YDR477W	YJL084C
YLR427W	YLR432W
YDL188C	YGR161C
YKL007W	YPR093C
YBR207W	YJL154C
YDR087C	YPL093W
YBR182C	YER062C
YDR050C	YDR161W
YKL203C	YPL180W
YEL017W	YMR001C
YDR412W	YIL149C
YHR200W	YKL081W
YKL091C	YPL209C
YLR368W	YPR093C
YJR092W	YPL031C
YDR293C	YPL031C
YKL172W	YLL008W
YDL055C	YOR257W
YBR247C	YNL055C
YFR001W	YGL076C
YGR240C	YOL013C
YBR142W	YPL141C
YLR029C	YPL093W
YFR050C	YGR253C
YDL100C	YJR040W
YLL026W	YMR047C
YFL038C	YOL018C
YCL066W	YHR084W
YLR096W	YLR182W
YDR130C	YKL054C
YDR301W	YOR250C
YER078C	YML036W
YER036C	YPR016C
YGL120C	YGR129W
YJL081C	YNL107W
YDL005C	YOL135C
YLL024C	YOR341W
YDL083C	YLR441C
YJL006C	YJR070C
YGR090W	YIL035C
YBL026W	YER112W
YNR011C	YPR094W
YER105C	YMR047C
YHR114W	YOR109W
YDR155C	YIR005W
YBR235W	YLR034C
YBR267W	YDR288W
YDL134C	YGR142W
YBL041W	YPR103W
YBL085W	YCL031C
YLL024C	YMR129W
YCL066W	YPL049C
YCR079W	YER178W
YGL073W	YLL019C
YLR025W	YPL084W
YBL058W	YDL108W
YJL081C	YPL082C
YHR016C	YOR284W
YDR328C	YMR258C
YFR052W	YNL103W
YFR001W	YGR103W
YDL100C	YHR005C
YBL058W	YLR377C
YAL013W	YDR207C
YLR228C	YMR070W
YAR071W	YBR093C
YLR403W	YNL157W
YER036C	YKL182W
YDR499W	YMR303C
YDR108W	YML077W
YER155C	YHR158C
YKL049C	YML069W
YLR385C	YLR399C
YDR466W	YHR088W
YDR195W	YNL222W
YKL068W	YMR080C
YHL048W	YJR117W
YDL209C	YOR148C
YMR111C	YPL150W
YBR272C	YGL048C
YNL084C	YNL103W
YDR032C	YPL031C
YGL206C	YIL044C
YHR154W	YPR164W
YER133W	YGR052W
YIL095W	YLR206W
YAR002C-A	YGR132C
YKL093W	YLR273C
YDL209C	YNL245C
YFR028C	YGR203W
YNL317W	YPR107C
YDL220C	YDR356W
YOR034C	YOR132W
YDR477W	YGL023C
YCL027W	YMR140W
YDR477W	YOR018W
YDR146C	YPL254W
YHL033C	YOR294W
YER006W	YPR152C
YNL182C	YPL093W
YEL054C	YJR145C
YPL031C	YPL266W
YLR340W	YMR242C
YCL057W	YNL064C
YIL095W	YMR239C
YGR046W	YKL130C
YGL005C	YPL031C
YDR195W	YPR107C
YDL185W	YPL234C
YDL001W	YJL164C
YBR290W	YCR011C
YDL115C	YGL180W
YER143W	YJR141W
YDR171W	YGR092W
YEL017W	YGL180W
YLR438W	YNL244C
YDR214W	YOL052C
YAL051W	YDR060W
YJL111W	YNL212W
YCR057C	YMR128W
YGR281W	YLR340W
YEL034W	YPR080W
YER162C	YML011C
YDL147W	YDR055W
YHR027C	YNL178W
YDL007W	YDL147W
YLR106C	YNL110C
YGR159C	YOR117W
YER172C	YPL151C
YJL069C	YJR002W
YGL014W	YMR242C
YBR109C	YMR105C
YKL130C	YKL168C
YCR012W	YDR188W
YKL172W	YLR029C
YBR086C	YOL113W
YGR082W	YIL035C
YCR057C	YKR060W
YIL095W	YNL272C
YDR397C	YJL057C
YML049C	YOR308C
YGL014W	YNL302C
YBL011W	YPL031C
YDR429C	YNL244C
YBL103C	YIR023W
YIL035C	YJR044C
YDR436W	YFR003C
YFR028C	YOR257W
YDR477W	YFR028C
YHR114W	YLR081W
YLR071C	YOL135C
YER031C	YNL272C
YBL067C	YOL087C
YDR155C	YPL146C
YIL035C	YPR152C
YER105C	YFR002W
YJL130C	YKL010C
YJR112W	YOR360C
YGR232W	YHR200W
YDL239C	YPL255W
YGR103W	YPL143W
YGL084C	YPL141C
YFL039C	YOR122C
YBL007C	YNL116W
YAL043C	YLR115W
YGR103W	YLR074C
YDR168W	YJR032W
YDR378C	YJL139C
YJL164C	YNL272C
YKL052C	YKR083C
YLR259C	YPL247C
YDR356W	YHR005C
YDL148C	YFR052W
YHR114W	YJL134W
YIL035C	YML069W
YHR114W	YJR090C
YDR229W	YNL053W
YAL021C	YPL037C
YAR007C	YLR304C
YER172C	YML046W
YBR267W	YPR016C
YHR027C	YKL065C
YJL149W	YOL025W
YDR497C	YGR130C
YDL154W	YFL003C
YCR072C	YPL209C
YDL028C	YMR001C
YGL014W	YPL031C
YFL022C	YHR200W
YAR007C	YBL003C
YHR027C	YJR104C
YDR449C	YNL075W
YAL035W	YKR024C
YIL148W	YPR152C
YHR140W	YKL065C
YJL108C	YPL076W
YOL087C	YPR108W
YBR247C	YOR078W
YDR394W	YOL038W
YOR162C	YPL031C
YOR308C	YPR082C
YBR109C	YJR104C
YGR008C	YJR059W
YAR019C	YMR001C
YCL010C	YMR080C
YAL055W	YDL100C
YGL120C	YMR269W
YOL018C	YOR320C
YHL010C	YLR138W
YFR001W	YLL008W
YAR007C	YBR136W
YAL016W	YKL080W
YBL024W	YPL031C
YCR010C	YCR061W
YDL240W	YJL020C
YGL150C	YKL104C
YKR101W	YLR442C
YAL032C	YJL203W
YFR019W	YOL135C
YDR429C	YOR039W
YHR079C	YPR156C
YFR002W	YLR335W
YMR001C	YOR117W
YDR328C	YGR155W
YCR093W	YER112W
YBR102C	YIL068C
YIR033W	YNL111C
YLR368W	YPL022W
YDL105W	YPR169W
YCL044C	YER017C
YFR002W	YMR129W
YDR477W	YFR010W
YDR414C	YHL042W
YNL214W	YNL329C
YBR109C	YLR274W
YDR087C	YER006W
YER133W	YIL045W
YHR004C	YMR165C
YEL034W	YNL302C
YER155C	YLR340W
YMR048W	YPL031C
YHR105W	YOR036W
YKL007W	YOL065C
YGL017W	YLR418C
YMR047C	YOR145C
YDR108W	YFR010W
YJR046W	YLR274W
YBR247C	YLR186W
YJR084W	YMR025W
YBR069C	YPL151C
YER162C	YKL005C
YCL052C	YGR281W
YLR117C	YML049C
YCR079W	YMR239C
YBL104C	YDR130C
YPL031C	YPL219W
YPL235W	YPR152C
YJR140C	YMR031C
YMR102C	YNL218W
YBR208C	YHR200W
YBL007C	YCR030C
YBR126C	YHR200W
YNL245C	YPL031C
YDL147W	YOR117W
YBR164C	YJL029C
YBR284W	YDR328C
YGL112C	YPL254W
YDR466W	YOR141C
YBR217W	YHR200W
YDL239C	YOL091W
YMR182C	YPL031C
YAL018C	YHR114W
YER133W	YLR115W
YDR192C	YER105C
YDR256C	YPL150W
YGL076C	YHR027C
YJL164C	YOR288C
YDR477W	YMR086W
YBR188C	YPR152C
YJR002W	YOR004W
YEL060C	YNL106C
YDR477W	YFL054C
YER133W	YOR315W
YGL011C	YIL075C
YER143W	YML088W
YDR229W	YMR047C
YKL065C	YNL048W
YHR114W	YNL078W
YNL110C	YOR005C
YBR126C	YLR002C
YMR001C	YPL255W
YIL126W	YKL049C
YDR412W	YLR002C
YKL182W	YPL231W
YAL016W	YMR105C
YBR135W	YKL022C
YGL013C	YHR178W
YHR027C	YKL120W
YAL011W	YPL235W
YDR216W	YGL112C
YER133W	YLR044C
YJR065C	YNR035C
YNR011C	YPR101W
YAL016W	YOR162C
YGR086C	YKL142W
YDR516C	YER123W
YER006W	YOR272W
YIL112W	YPL031C
YBR055C	YPR160W
YER133W	YNL222W
YER019C-A	YJR010C-A
YMR080C	YPR080W
YFL062W	YML012W
YOL077C	YOR272W
YKL116C	YPR135W
YDR188W	YHR200W
YMR173W	YPL141C
YDR130C	YLR075W
YNL055C	YNL106C
YBL007C	YDL028C
YDR101C	YNL182C
YLR002C	YPL198W
YFR024C-A	YNL106C
YML028W	YNL178W
YKL049C	YOR151C
YBR083W	YKL161C
YJR050W	YPR101W
YKL082C	YPL141C
YLR075W	YPL226W
YDR443C	YGL151W
YDL147W	YDR427W
YIL035C	YKL049C
YDL185W	YLL019C
YBL004W	YER100W
YAR027W	YOL129W
YGL111W	YLR009W
YLR219W	YPL004C
YNR011C	YOR319W
YDR172W	YNL084C
YKL157W	YNL085W
YBR247C	YLR075W
YAR019C	YJL057C
YNL227C	YOL113W
YBR062C	YMR083W
YGR047C	YMR061W
YJL124C	YML088W
YDR427W	YOR117W
YDR427W	YFR010W
YBR139W	YBR280C
YGL181W	YMR239C
YBR207W	YDL123W
YLR406C	YLR441C
YAR019C	YML037C
YLR074C	YPL198W
YHR108W	YJL207C
YHR020W	YPR152C
YHL042W	YMR264W
YBR010W	YIL126W
YLR125W	YPL031C
YBR053C	YNL339C
YGR270W	YOR341W
YAL032C	YPR101W
YDL147W	YGR092W
YMR242C	YPL198W
YCL008C	YLR119W
YAR028W	YPR128C
YHL033C	YJR145C
YBL003C	YKL172W
YLR196W	YOL077C
YDR436W	YPR005C
YDL140C	YPR093C
YDR489W	YEL032W
YGR209C	YJL030W
YJL191W	YPR102C
YDR130C	YHR020W
YAL018C	YIL171W
YGL105W	YOR231W
YGL059W	YGL180W
YJL164C	YPL146C
YJL026W	YLR442C
YBR010W	YDR463W
YDR172W	YML117W
YGR090W	YOR145C
YHR114W	YJL020C
YDR192C	YOR250C
YHR113W	YOL082W
YBL003C	YHR118C
YOR380W	YPL031C
YJL164C	YLL008W
YCR079W	YPL110C
YIL150C	YLR442C
YDR318W	YDR383C
YFL007W	YOL038W
YHL024W	YPR106W
YDL148C	YGR090W
YDR477W	YIL075C
YHR115C	YOR215C
YDL005C	YGL127C
YGL131C	YLR413W
YER007W	YFR028C
YJL033W	YLR432W
YER044C	YNL280C
YDR520C	YPR034W
YEL017C-A	YLL023C
YDR378C	YOR320C
YGL110C	YOR244W
YEL066W	YML064C
YDL126C	YMR001C
YBR114W	YGR192C
YDR331W	YLR018C
YBR183W	YDR506C
YDL006W	YGL158W
YER127W	YOL010W
YMR128W	YPL012W
YIL045W	YLR258W
YIL149C	YOR257W
YPL004C	YPL150W
YGL055W	YHR027C
YGR214W	YOR117W
YHR155W	YKL081W
YFL037W	YIL094C
YIR033W	YKL081W
YCL037C	YIR001C
YPL031C	YPL249C
YHR114W	YKL129C
YGR281W	YLR075W
YEL044W	YJL081C
YDR214W	YHR200W
YDL215C	YGR104C
YOL083W	YPR049C
YBL003C	YCR057C
YIL095W	YOR196C
YCR079W	YJR059W
YDL148C	YLR222C
YAR007C	YDR310C
YIL149C	YPL169C
YFL039C	YOR141C
YIL095W	YOR210W
YBR154C	YJL148W
YHR016C	YJL201W
YDR171W	YIL126W
YFR008W	YMR029C
YDR354W	YPL031C
YCR057C	YOL038W
YDL140C	YGR274C
YLR005W	YPR025C
YGL256W	YJL095W
YJL117W	YPL076W
YHR027C	YOL061W
YGL013C	YPR152C
YDL105W	YDL148C
YHR206W	YKL161C
YOR294W	YPR102C
YGL048C	YOR257W
YGR082W	YNL055C
YDL126C	YFR028C
YGL051W	YHL048W
YBR217W	YGR218W
YDL097C	YDR180W
YDL131W	YOR117W
YGR279C	YHR084W
YBL004W	YCR057C
YDR429C	YKL049C
YPL093W	YPR017C
YAL035W	YKL049C
YBR044C	YKL148C
YFR050C	YOL038W
YDR129C	YOR117W
YNL293W	YPR165W
YHR154W	YLR320W
YBL047C	YOR244W
YDR060W	YDR087C
YJL164C	YPR143W
YGL206C	YHR200W
YHL034C	YJR145C
YJL006C	YKR018C
YBR247C	YOL010W
YGR104C	YHR143W-A
YDL200C	YLL011W
YJR059W	YOL082W
YAR071W	YCR038C
YFR029W	YIR037W
YER133W	YLR441C
YBL085W	YNR016C
YGR232W	YLR029C
YGL013C	YPL150W
YBR138C	YIL046W
YKL203C	YPR156C
YGL181W	YMR182C
YJR084W	YPR082C
YLR406C	YNL110C
YLR259C	YNL085W
YLL024C	YLR071C
YFL039C	YLR335W
YDL006W	YKL168C
YCL024W	YCL035C
YBR288C	YPL195W
YGR218W	YPL120W
YNL317W	YOL045W
YLL019C	YLR196W
YLR336C	YPL268W
YAL043C	YBR119W
YBL026W	YLR128W
YNL084C	YOR329C
YLR396C	YPL045W
YGR092W	YJR060W
YPL031C	YPR042C
YLR335W	YOR020C
YDR060W	YGR281W
YOR090C	YPR016C
YHR022C	YJR059W
YGR103W	YHL033C
YAL038W	YHR128W
YJL057C	YMR001C
YER004W	YJL148W
YDR436W	YGR252W
YGR248W	YOR018W
YDR188W	YLL011W
YIL035C	YOL026C
YDL147W	YMR294W
YDL054C	YDR307W
YFL039C	YIL138C
YCL027W	YGR289C
YDR130C	YPL209C
YBR135W	YBR295W
YBL026W	YNL145W
YCL031C	YFR024C-A
YMR031C	YMR086W
YHR042W	YHR140W
YGR289C	YPR028W
YJR035W	YNL084C
YER133W	YOR178C
YDR011W	YOR157C
YJL095W	YPL191C
YBR202W	YLR274W
YHL034C	YKL182W
YDR350C	YOR110W
YDL132W	YLR128W
YFR053C	YJR091C
YDL148C	YML024W
YEL034W	YNL293W
YCL024W	YNL113W
YBR293W	YJR117W
YIL105C	YKL130C
YHR140W	YJL196C
YGL059W	YMR140W
YBR201W	YDL126C
YML014W	YNR046W
YLR128W	YOL133W
YIL062C	YPR093C
YIL074C	YPL031C
YKL049C	YMR214W
YOL113W	YPL169C
YJL178C	YOL018C
YDL083C	YOR117W
YJL203W	YPL151C
YBR267W	YGL099W
YCR014C	YNL180C
YDR369C	YNL084C
YGR186W	YOR151C
YLR075W	YOL011W
YKL213C	YOR341W
YGR058W	YJL164C
YDR322W	YKR006C
YLR018C	YPR080W
YDL113C	YPR049C
YLR072W	YPR152C
YGL048C	YHL030W
YGL120C	YGR159C
YKR066C	YPL004C
YFL038C	YJL030W
YER112W	YOR195W
YBL041W	YER094C
YGR240C	YPL151C
YHR027C	YIR036C
YHR114W	YMR232W
YCL014W	YEL023C
YDR037W	YHR200W
YCR060W	YKL117W
YBR169C	YLR096W
YBR136W	YMR259C
YKR025W	YNR003C
YBR211C	YJR112W
YJR059W	YNL047C
YPL022W	YPL146C
YDL143W	YDR188W
YER008C	YMR304W
YDR378C	YDR473C
YBL002W	YBR274W
YLR009W	YLR387C
YIR037W	YPR035W
YBR094W	YKR009C
YDR277C	YKL129C
YBR231C	YIL035C
YDL185W	YJR033C
YJR059W	YKL008C
YBR155W	YGR187C
YAL016W	YGR161C
YMR061W	YNL317W
YER006W	YLL008W
YEL034W	YJR145C
YEL039C	YHR027C
YNL110C	YOR145C
YER100W	YKL205W
YAL035W	YLR340W
YNL272C	YPL141C
YAR019C	YNL223W
YDR328C	YOR089C
YOR359W	YPL031C
YDR254W	YDR383C
YBL041W	YOL038W
YGR092W	YKL104C
YAR031W	YCL025C
YER129W	YIL035C
YBL074C	YPR178W
YER178W	YOR117W
YGL180W	YOL130W
YLR340W	YOR117W
YHR066W	YMR239C
YDL147W	YJR084W
YGR090W	YLR003C
YKL007W	YML069W
YJL095W	YJR092W
YBL085W	YJL164C
YLR330W	YPR080W
YER006W	YLR002C
YDL006W	YMR001C
YKL210W	YOR117W
YHR027C	YLR029C
YDL153C	YOR267C
YGL048C	YGR218W
YDR477W	YPL248C
YKL157W	YLR259C
YJL033W	YNL317W
YIL125W	YML064C
YDR101C	YGL120C
YCR057C	YDL148C
YBL002W	YGL112C
YDR330W	YPL018W
YER143W	YPL232W
YDR246W	YGR166W
YEL023C	YFR053C
YPL012W	YPR144C
YDR382W	YJL124C
YDR477W	YNL227C
YHR140W	YIL114C
YBR010W	YLR320W
YJR059W	YKL140W
YBL003C	YPL093W
YKL052C	YPL209C
YJL164C	YMR205C
YGL059W	YGR249W
YAL035W	YPL005W
YDL006W	YDL132W
YGL022W	YLR378C
YBR128C	YGL105W
YDR155C	YPL235W
YLR227C	YOR284W
YGR270W	YPL235W
YGL180W	YGL209W
YER094C	YFL007W
YJR001W	YPL031C
YGL254W	YOR039W
YGR192C	YHR154W
YHR027C	YLL026W
YHR200W	YOR007C
YNL292W	YOR294W
YLR216C	YMR303C
YDL123W	YJL154C
YIR037W	YPR156C
YDL134C	YIL153W
YDR293C	YHR079C
YBR126C	YHL034C
YBR121C	YOR117W
YDL195W	YLR075W
YCR052W	YML127W
YAL020C	YDL108W
YBR211C	YKL049C
YDR159W	YOR250C
YEL025C	YMR276W
YKL049C	YPL231W
YJL033W	YKR081C
YLR117C	YLR424W
YDR466W	YNL099C
YGR092W	YML035C
YDR130C	YER133W
YDR122W	YOL054W
YLL011W	YLR186W
YER105C	YJL030W
YML072C	YPR156C
YBR039W	YJR068W
YDR328C	YER062C
YDR239C	YJL164C
YDR409W	YLL029W
YCL032W	YDR032C
YER094C	YGR253C
YGR155W	YIL126W
YAR007C	YML032C
YDR318W	YKL049C
YCR014C	YDR108W
YGR253C	YJR017C
YDR214W	YKL010C
YJL194W	YLR274W
YDR207C	YNL097C
YCR008W	YLR054C
YMR311C	YPL031C
YAL035W	YLR432W
YDR383C	YOL054W
YDL140C	YOL072W
YBR252W	YOL061W
YHR154W	YOL034W
YGL206C	YJL153C
YBR221C	YGR193C
YER007W	YHR027C
YBR065C	YPL151C
YCL031C	YHL002W
YGL048C	YGR232W
YDL132W	YGL249W
YHR016C	YIL156W
YHR012W	YJL053W
YPL031C	YPL203W
YDR257C	YPL031C
YHR169W	YLR029C
YCR030C	YHR016C
YGR103W	YPL141C
YJL203W	YOL091W
YFL007W	YMR314W
YIL002C	YKR019C
YBR046C	YNL172W
YBL021C	YGL237C
YIL148W	YKL080W
YDR169C	YJL164C
YML012W	YMR292W
YJR059W	YLR270W
YMR065W	YNL084C
YDL123W	YGL006W
YAL016W	YHR158C
YJL081C	YJR082C
YER103W	YOR027W
YLR029C	YLR432W
YER006W	YGL213C
YJL141C	YJL206C
YCL055W	YGL036W
YBR055C	YKL157W
YKL068W	YLR335W
YDL108W	YLR071C
YDL160C	YLR136C
YDL160C	YGR253C
YLL023C	YLL056C
YDR456W	YPL092W
YDR354W	YHR200W
YCR093W	YDL160C
YAL008W	YPL186C
YGR092W	YMR001C
YBR010W	YGR252W
YHR079C	YOL148C
YKR025W	YNL113W
YDL055C	YGR130C
YDL007W	YIL007C
YDL165W	YGR092W
YNL075W	YPR144C
YDR101C	YMR242C
YBR274W	YDR168W
YEL032W	YHR033W
YGL005C	YGR120C
YNL186W	YNL248C
YJR089W	YJR112W
YMR028W	YPR040W
YBL004W	YLR186W
YBL041W	YMR314W
YDL147W	YDL216C
YDL083C	YLR448W
YLL024C	YLR442C
YBR044C	YKL049C
YLR447C	YOR028C
YCR057C	YMR142C
YGL237C	YOR272W
YDR456W	YGR216C
YBL055C	YPL209C
YDL005C	YLR071C
YGL011C	YLR071C
YIL066C	YNL134C
YGR253C	YOR148C
YGL060W	YPL018W
YKL049C	YNL132W
YER172C	YLR424W
YDR032C	YML064C
YOL077C	YPR143W
YDL030W	YPR101W
YDR181C	YDR283C
YCR012W	YHR174W
YDL105W	YOL034W
YDL100C	YOR117W
YDR473C	YPR178W
YBR136W	YDR076W
YML092C	YMR314W
YJR059W	YLR397C
YGR218W	YLL060C
YJL164C	YLR216C
YBL007C	YER133W
YHR088W	YPL093W
YDR207C	YJL164C
YDR101C	YDR168W
YBL058W	YJR059W
YDR306C	YOL025W
YLR387C	YPR016C
YLR424W	YPR082C
YAL034C	YGR274C
YJR059W	YLR437C
YMR139W	YMR165C
YNL132W	YPL198W
YBR054W	YDL013W
YER133W	YPL211W
YDR101C	YHR027C
YER054C	YPL203W
YGL151W	YLR071C
YDR233C	YLL023C
YER010C	YJL164C
YGR186W	YPR056W
YDR449C	YKR060W
YDR364C	YPL151C
YOR117W	YPL198W
YDR160W	YJL156C
YBR057C	YJL058C
YDR470C	YOR211C
YGL066W	YGL112C
YHR158C	YPR179C
YER017C	YMR115W
YEL034W	YLR074C
YCL025C	YKL065C
YHR200W	YKL104C
YGL076C	YGL111W
YLR424W	YNL167C
YDL134C	YPL004C
YDL015C	YJL196C
YGL048C	YHR027C
YDR520C	YLR291C
YGL112C	YPL082C
YBR264C	YGL198W
YDL013W	YMR111C
YBR010W	YOL054W
YCL040W	YOR117W
YDL147W	YGL011C
YDR328C	YER103W
YGL206C	YNR006W
YMR140W	YNR031C
YDR477W	YMR104C
YIL095W	YLR015W
YBL003C	YNL248C
YEL017C-A	YJL108C
YDR001C	YLR270W
YHR200W	YIL148W
YBL002W	YGL035C
YLR219W	YLR427W
YDR101C	YOL120C
YER172C	YHR156C
YHR016C	YPR055W
YBR055C	YML049C
YJL052W	YJR032W
YAR007C	YGR275W
YAL017W	YPR034W
YJL196C	YPR028W
YGL104C	YKL065C
YGL120C	YHL034C
YDR135C	YFR019W
YJL110C	YNL021W
YJL033W	YNL132W
YER182W	YKL142W
YER006W	YNL227C
YER077C	YPL031C
YFR024C-A	YKL068W
YDR122W	YHR158C
YDR443C	YGR104C
YHR200W	YMR191W
YBR216C	YIR037W
YGR270W	YNR016C
YLR025W	YMR077C
YJL020C	YJL164C
YOL077C	YPR016C
YDR378C	YER172C
YAL032C	YGR278W
YHR140W	YPR156C
YDR328C	YJR033C
YER155C	YIL095W
YFL054C	YML006C
YGR047C	YHR143W-A
YFR029W	YJL156C
YAL035W	YMR142C
YLR181C	YNL265C
YER006W	YLR009W
YHR140W	YOL132W
YDR216W	YMR280C
YBR272C	YFR052W
YAL035W	YLR075W
YJR125C	YOR036W
YDR122W	YDR162C
YBL011W	YOR267C
YHR104W	YML086C
YDR074W	YPR152C
YDR382W	YLR448W
YDR373W	YNL267W
YDR033W	YKL203C
YDL148C	YPR144C
YEL013W	YJR091C
YLL024C	YLR410W
YBR280C	YOL133W
YNR016C	YPR152C
YDR283C	YFR010W
YCR024C-A	YOL132W
YFR001W	YHR088W
YDL204W	YDR233C
YBR202W	YGR270W
YGL147C	YLR448W
YJR012C	YNR055C
YOR173W	YPR025C
YJL083W	YPL004C
YDL108W	YOR272W
YDL160C	YGL014W
YLR438W	YPR165W
YIL161W	YNL023C
YER112W	YJR138W
YLL008W	YLR106C
YCR038C	YGR041W
YBR274W	YJR082C
YCR061W	YHL048W
YCR009C	YGR086C
YGR224W	YKL020C
YBR023C	YJR125C
YGR130C	YLR219W
YHR090C	YPL209C
YHL042W	YJL117W
YNL007C	YPL004C
YGR132C	YPL050C
YJL122W	YPL146C
YFL033C	YGR276C
YGL111W	YPL093W
YDR239C	YLR096W
YDR056C	YKL207W
YDR465C	YMR047C
YGL147C	YPR016C
YHR112C	YJR059W
YDR379W	YPR152C
YGR281W	YLR441C
YBL003C	YGR086C
YPR105C	YPR191W
YCL050C	YPL031C
YAL035W	YHL033C
YDR214W	YKL104C
YGR232W	YIL007C
YDR188W	YDR466W
YHL034C	YLR196W
YGL090W	YNL113W
YJL203W	YOR308C
YGR192C	YMR086W
YJL095W	YNR006W
YHR027C	YPL143W
YFR010W	YMR314W
YJL110C	YPL004C
YDL143W	YDR087C
YER177W	YKL140W
YJR010C-A	YMR264W
YHR108W	YIL094C
YLR448W	YMR242C
YBR278W	YOL077C
YGL166W	YOR210W
YFR010W	YIL075C
YHR158C	YKR054C
YGL180W	YGR249W
YBL067C	YER030W
YIL035C	YOR341W
YHR079C	YIL135C
YDL195W	YML012W
YOR151C	YPL203W
YDR498C	YGL145W
YNR035C	YPL004C
YGR240C	YNL045W
YJL088W	YPL111W
YDR356W	YNL053W
YGL073W	YNL209W
YFR001W	YMR242C
YDL140C	YLR430W
YCL032W	YPR075C
YKR024C	YPR131C
YCR057C	YNL178W
YGL078C	YKR024C
YJL164C	YMR184W
YDR335W	YGL035C
YFL008W	YHL020C
YER106W	YLR320W
YDL030W	YJL203W
YCL037C	YJL033W
YGR103W	YOR294W
YNL086W	YOL130W
YML035C	YPL031C
YJR112W	YPL018W
YCR012W	YJL030W
YJL130C	YMR246W
YHR090C	YPL031C
YBR169C	YOR007C
YBR065C	YPR101W
YDR394W	YPR131C
YBR044C	YLR435W
YJL185C	YPL018W
YER006W	YJL130C
YAL021C	YGR086C
YIL095W	YJR092W
YGL180W	YLR003C
YER105C	YFR050C
YDR216W	YGR274C
YDR394W	YHL030W
YER172C	YGL120C
YEL047C	YPL031C
YBR217W	YPR108W
YBL058W	YKL213C
YDL015C	YJR010C-A
YDR409W	YJL020C
YBL055C	YJL141C
YBR202W	YIL150C
YHR027C	YJL052W
YDL105W	YLR007W
YLR344W	YNL110C
YDR070C	YJL164C
YDR449C	YHR196W
YHR200W	YLL026W
YCR052W	YKR008W
YIL148W	YNL111C
YGR090W	YMR128W
YDL140C	YKL054C
YBL026W	YBR055C
YDR392W	YPL248C
YKR093W	YPR079W
YHL033C	YNR031C
YKL168C	YNR033W
YHL048W	YMR264W
YKL127W	YPL031C
YBL031W	YGR218W
YAL056W	YGL121C
YFL024C	YLR223C
YNL103W	YPL038W
YJL013C	YOR026W
YBR155W	YJR032W
YIL030C	YMR022W
YDL169C	YNL172W
YML064C	YPL242C
YKL150W	YML086C
YBR272C	YIL075C
YER136W	YLR262C
YEL032W	YLR274W
YKL082C	YLR353W
YLL024C	YOR191W
YNR019W	YOR267C
YHR114W	YNL092W
YGL096W	YJL011C
YDL220C	YIL095W
YCR008W	YKL073W
YMR309C	YOR117W
YJR112W	YLR045C
YJR059W	YLR003C
YJL196C	YJR010C-A
YDL209C	YML049C
YLR441C	YPL198W
YBR137W	YMR047C
YGR047C	YNR003C
YGR092W	YNL007C
YJR104C	YMR059W
YML028W	YOR031W
YDL015C	YHR140W
YIL135C	YJR059W
YDR412W	YER105C
YAL032C	YNL246W
YBR290W	YKL008C
YAL016W	YIL153W
YNR024W	YOL115W
YDL055C	YLR435W
YBL047C	YBR109C
YDL055C	YNL045W
YFL024C	YNL136W
YGR086C	YPR080W
YGL198W	YHR105W
YDR394W	YKL049C
YMR246W	YPR017C
YNL110C	YPR016C
YAR007C	YLR274W
YDL239C	YOR380W
YGL035C	YOR308C
YBR121C	YHR027C
YML114C	YMR227C
YAL017W	YHL024W
YDL140C	YPL082C
YGR056W	YKR008W
YBL003C	YNL178W
YBL007C	YBR136W
YDR132C	YPL018W
YDL215C	YPR048W
YHR027C	YOR185C
YNR006W	YPL150W
YIL095W	YMR184W
YBR265W	YLR075W
YHR196W	YPL012W
YEL058W	YIL095W
YLR335W	YNL282W
YKL193C	YLR079W
YLR029C	YNL132W
YBR126C	YCR079W
YLR432W	YOR117W
YLR385C	YOL052C
YJL164C	YLR410W
YOR267C	YPR143W
YCR042C	YLR115W
YHR027C	YKL211C
YCL024W	YMR140W
YDR306C	YOR027W
YER107C	YFR002W
YKL035W	YPL031C
YDR382W	YOL039W
YHR195W	YJL108C
YDL185W	YML095C
YDR188W	YGR187C
YDL097C	YOL038W
YCL039W	YDR342C
YBR109C	YER133W
YIR026C	YJL083W
YGL181W	YGR192C
YOR308C	YPR178W
YDR257C	YJL164C
YDR318W	YDR328C
YDR331W	YJR117W
YDL108W	YFL029C
YGR132C	YPR152C
YBR295W	YHR123W
YAL041W	YLR206W
YIR005W	YKL074C
YER002W	YPR143W
YLR145W	YNL221C
YHR196W	YLR441C
YER129W	YER155C
YMR128W	YOR294W
YLR186W	YOR145C
YOL045W	YPR035W
YBL003C	YLR002C
YKL203C	YOR008C
YAL032C	YER172C
YLL011W	YLR222C
YER112W	YNL145W
YFL026W	YPL189W
YAR019C	YLR258W
YGR252W	YKL104C
YBR238C	YKL104C
YGR270W	YLR274W
YJL026W	YOR230W
YDR443C	YGL127C
YLR427W	YPL012W
YHR066W	YPR016C
YBL004W	YJR002W
YGL158W	YML037C
YGL150C	YJL081C
YHR158C	YLR096W
YJL047C	YOL063C
YJR059W	YLR259C
YMR128W	YNR054C
YFR002W	YMR047C
YBR095C	YDL076C
YKL205W	YOR185C
YFR024C-A	YMR232W
YBR055C	YPR082C
YDR328C	YMR094W
YAL032C	YDR364C
YBL003C	YEL012W
YIL046W	YNL103W
YMR314W	YPR108W
YDL013W	YOR208W
YHR200W	YKL080W
YFR024C-A	YJL045W
YDR101C	YJL122W
YDR093W	YKL203C
YDR214W	YJL030W
YJL026W	YMR059W
YNL091W	YNL164C
YGR092W	YMR239C
YGR120C	YOR353C
YKL172W	YOR191W
YBL086C	YPL031C
YML037C	YOL113W
