YLR075W	YNL110C
YPL115C	YPL161C
YDL055C	YGL195W
YHL047C	YHR079C
YOR261C	YPR103W
YHR037W	YPL240C
YBL072C	YOR078W
YLR291C	YML099C
YLR018C	YPL075W
YKL059C	YNL255C
YKL104C	YKL211C
YDL126C	YER012W
YML001W	YOL112W
YCR072C	YPR016C
YDR145W	YGL158W
YJR009C	YMR186W
YER142C	YOL041C
YBR221C	YML059C
YJL052W	YOL013C
YFR004W	YFR052W
YHR027C	YOL133W
YNL255C	YOR210W
YBR060C	YPL008W
YFR014C	YJL146W
YHR099W	YOL051W
YDR259C	YHR082C
YCR072C	YER006W
YML005W	YNR046W
YDR021W	YLR248W
YBL072C	YPL012W
YGL158W	YHR185C
YBR249C	YDR510W
YKL180W	YLR075W
YLL004W	YPR162C
YFL007W	YLL039C
YDR099W	YDR348C
YDR283C	YER172C
YDR059C	YNL031C
YGL001C	YGR060W
Q0085	YDL004W
YLL023C	YPR028W
YER159C	YOL012C
YFR004W	YMR314W
YBL032W	YLL031C
YDR059C	YPL037C
YER177W	YPR030W
YPL218W	YPR181C
YDR100W	YJL178C
YER036C	YKL180W
YER074W	YNL255C
YER159C	YNR065C
YKR060W	YNL110C
YDL148C	YDR449C
YKR081C	YOR294W
YML085C	YNL223W
YER056C-A	YER151C
YDR224C	YKL103C
YKL095W	YPL151C
YDL088C	YDR159W
YOR244W	YPL004C
YHR099W	YOR244W
YBR193C	YLR071C
YBR212W	YPL037C
YBL050W	YPL232W
YDR427W	YER012W
YER177W	YPR152C
YHR082C	YKL197C
YBR290W	YNL255C
YNL007C	YNL255C
YBL032W	YKL198C
YKR014C	YMR231W
YBR234C	YNL040W
YDL140C	YNL251C
YDR354W	YFR014C
YHR005C-A	YKL195W
YDR381W	YER063W
YHR143W-A	YPL129W
YOL041C	YPL131W
YHR027C	YMR186W
YDR388W	YOR117W
YLR029C	YNL255C
YDR406W	YLR055C
YER021W	YOR128C
YJL002C	YML019W
YBR202W	YDL029W
YIL021W	YOR210W
YER151C	YGR103W
YGR224W	YLR080W
YDR224C	YDR227W
YER177W	YPR080W
YDR251W	YJR059W
YBR218C	YLR430W
YML109W	YMR273C
YNL251C	YOR001W
YJL013C	YPL209C
YLR423C	YPR105C
YDR159W	YHR127W
YNL197C	YOR149C
YER012W	YGL048C
YGL123W	YMR131C
YDR224C	YLL039C
YHR124W	YOR181W
YEL002C	YML075C
YKR018C	YPR106W
YMR191W	YOR261C
YCR057C	YLR448W
YMR317W	YNL255C
YGL158W	YOR290C
YDR510W	YPR133C
YML064C	YOR373W
YGL172W	YKL057C
YBR109C	YJL115W
YER074W	YFR032C-A
YER151C	YOL082W
YHL018W	YNL207W
YCR093W	YOL133W
YML131W	YOL154W
YDL087C	YML049C
YDL117W	YPL038W
YKR062W	YPL106C
YLR238W	YMR052W
YBL072C	YNL055C
YKL207W	YML048W
YDR124W	YPR049C
YER165W	YML056C
YGR013W	YPL178W
YER089C	YPL061W
YLR350W	YMR272C
YJR022W	YNL147W
YDR189W	YPR105C
YGR059W	YLR314C
YER036C	YOR204W
YER177W	YOR220W
YBL072C	YJR145C
YJL081C	YLR399C
YBR114W	YKR001C
YOL127W	YPR016C
YBR191W	YLR448W
YHR114W	YLR078C
YDL015C	YJL117W
YBR208C	YOL133W
Q0085	YKL016C
YLR237W	YML132W
YDL217C	YGR033C
YJR059W	YKR092C
YHR010W	YMR086W
YER159C	YNL255C
YLL039C	YML063W
YLR310C	YPL038W
YJL096W	YNL255C
YCL009C	YKL010C
YBR103W	YDR227W
YDR264C	YJR040W
YGL209W	YNL197C
YEL034W	YLR069C
YKL068W	YMR308C
YNL067W	YNL246W
YBR170C	YKL213C
YDL208W	YDL213C
YGR116W	YLL039C
YKR027W	YLL039C
YLR251W	YNL255C
YEL011W	YLL039C
YLR435W	YNL255C
YJL106W	YMR165C
YGR284C	YNL197C
YEL071W	YKL103C
YBL032W	YML109W
YBL007C	YLR337C
YBR194W	YPR152C
YDR342C	YKL203C
YBL032W	YGL035C
YBR010W	YNL030W
YJL124C	YPL152W
YER082C	YGR145W
YBL032W	YER086W
YDR246W	YKR068C
YDL155W	YGR086C
YCR016W	YNL255C
YKL214C	YMR004W
YAL028W	YLR233C
YHR197W	YLR449W
YER165W	YHR086W
YJL052W	YLL060C
YBR274W	YLR258W
YDL055C	YPR034W
YDR252W	YGR134W
YEL013W	YLR291C
YBL058W	YLR291C
YCR073W-A	YER151C
YBR194W	YIR006C
YHR200W	YPL240C
YLL039C	YLR039C
YGL253W	YOR117W
YBL105C	YER151C
YMR020W	YNL246W
YJR145C	YNL055C
YJL136C	YNL255C
YKL064W	YPL203W
YBR035C	YLL039C
YER086W	YKL029C
YNL030W	YPR052C
YER122C	YIL095W
YDL239C	YGL075C
YDL029W	YNL255C
YDR174W	YGR270W
YKL145W	YOR362C
YDL192W	YEL022W
YLR029C	YPL131W
YCR093W	YOR209C
YDR432W	YLR116W
YDR189W	YIL107C
YDR510W	YNL067W
YGR082W	YNL070W
YGL181W	YNL243W
YBL032W	YGR097W
YNL007C	YNL229C
YML131W	YPL001W
YNL047C	YPL231W
YFR034C	YML085C
YFR017C	YNL197C
YGL181W	YGR241C
YBL032W	YOL001W
YML131W	YOR092W
YDL055C	YDR510W
YGL105W	YLR138W
YBL032W	YOL051W
YIL153W	YLR423C
YLR448W	YMR061W
YBR080C	YIL004C
YMR072W	YPL082C
YKR008W	YLR357W
YDR071C	YER151C
YER086W	YML085C
YDL084W	YDR510W
YGR023W	YKL119C
YBL032W	YML024W
YIL034C	YLR196W
YDL175C	YPR191W
YAL028W	YLR378C
YLR449W	YOL077C
YAR035W	YBL032W
YDR381W	YLL039C
YHL002W	YIL156W
YER177W	YFR017C
YFL008W	YLR086W
YCL059C	YGR145W
YDL139C	YOL091W
YBR200W	YKR001C
YGR284C	YOR016C
YHR090C	YOR244W
YIL095W	YLR196W
YDR224C	YER082C
YHR007C	YLL039C
YDR228C	YJR022W
YJL059W	YLR022C
YJL165C	YOR210W
YDR145W	YKL125W
YDR120C	YNL255C
YHR161C	YNL020C
YNL255C	YPL181W
YDL145C	YNL258C
YDL074C	YOR195W
YDR155C	YNL030W
YER125W	YGR005C
YBR221C	YFR004W
YCL032W	YNL090W
YJL084C	YMR032W
YBL032W	YCR066W
YDR381W	YDR432W
YDR420W	YHR154W
YHR099W	YLR055C
YGL158W	YGR223C
YML010W	YNL201C
YJR059W	YPL019C
YGR060W	YGR105W
YFL039C	YLL039C
YBR289W	YMR043W
YPL106C	YPR108W
YFR014C	YLR102C
YDL155W	YNL076W
YPR010C	YPR016C
YGR240C	YMR032W
YIL115C	YLR018C
YKL057C	YLL039C
YDL100C	YDR451C
YBL058W	YNL255C
YER125W	YHR200W
YJR095W	YLL039C
YML057W	YPR115W
YJL222W	YML048W
YIL021W	YPL203W
YKL145W	YOR259C
YJR053W	YNL238W
YBL093C	YGR104C
YJL176C	YPR034W
YAR002W	YDR381W
YJL171C	YLL039C
YHR035W	YPR119W
YDR060W	YHR066W
YER115C	YJL020C
YBR194W	YML007W
YGL053W	YML029W
YLL039C	YOR261C
YGL055W	YKL088W
YER090W	YJR070C
YOR064C	YPL129W
YJR109C	YKL104C
YGL173C	YLL039C
YDR307W	YKL065C
YAL032C	YBR194W
YLR423C	YOR357C
YKL029C	YOR181W
YER068W	YIL038C
YBR059C	YHR161C
YEL013W	YFR035C
YKL064W	YLR138W
YGL151W	YLL039C
YCR073C	YMR165C
YDR486C	YLR181C
YLL039C	YOL087C
YGL140C	YKL117W
YHR139C	YPL026C
YGL195W	YML063W
YBR052C	YOL105C
YDR432W	YJL124C
YLL039C	YPL019C
YDR099W	YLR177W
YKL203C	YMR011W
YDL209C	YPR182W
YBL007C	YPR030W
YER025W	YHR200W
YFR004W	YGL054C
YBR289W	YKR001C
YER151C	YJR064W
YML010W	YOL145C
YIL125W	YKL198C
YDR510W	YLR314C
YJL020C	YJR022W
YCR024C-A	YLL023C
YCL059C	YGL078C
YDL200C	YGL121C
YLR278C	YLR442C
YJL110C	YJR066W
YKL103C	YOL082W
YKL013C	YNL255C
YJR097W	YNL255C
YBR234C	YLL039C
YGL158W	YLL057C
YJR009C	YKL010C
YKL068W	YKR082W
YDL130W-A	YDL181W
YBL032W	YOR064C
YER056C-A	YLL039C
YBL032W	YBR082C
YDR303C	YMR091C
YBR200W	YEL043W
YHR200W	YNL055C
YBR196C	YER151C
YOR347C	YPL203W
YIL106W	YLR180W
YML132W	YOR192C
YBL032W	YNL186W
YFR004W	YPL262W
YDL235C	YOR301W
YBL032W	YJL141C
YMR129W	YPR080W
YGR161C	YMR299C
YKL129C	YPL038W
YER120W	YHR027C
YDR510W	YML126C
YER035W	YPL004C
YDL007W	YLL039C
YDR036C	YJR113C
YBL032W	YOL070C
YDL125C	YDR388W
YGL178W	YNL197C
YIL033C	YNL027W
YLR351C	YNL255C
YNL126W	YOR043W
YBR059C	YML014W
YOR117W	YPL240C
YBR136W	YPR010C
YDR101C	YFR004W
YLR291C	YMR004W
YDL140C	YPR187W
YGR192C	YOR117W
YDL029W	YFL039C
YNL255C	YOL080C
YDR128W	YER182W
YDR100W	YDR479C
YKL203C	YNL135C
YGR284C	YLR378C
YDR099W	YPL074W
YBL032W	YLR116W
YDL047W	YGR184C
YBL032W	YER172C
YGL002W	YOR016C
YFR014C	YOR089C
YHR027C	YLL050C
YLR304C	YMR246W
YHR010W	YPL012W
YBL105C	YMR219W
YBL105C	YML109W
YOR027W	YPL240C
YBL032W	YJR151C
YDL112W	YLL039C
YLR180W	YOR257W
YGR241C	YLL017W
YDR060W	YGR085C
YER020W	YOR371C
YML056C	YMR061W
YMR246W	YPL206C
YDL213C	YJR144W
YHR021C	YOR117W
YDR233C	YOR117W
YEL037C	YHR200W
YHR099W	YJL081C
YDL101C	YHR185C
YKR014C	YOR375C
YKL029C	YPL235W
YKL079W	YPR049C
YIL034C	YOR181W
YDR101C	YHR010W
YBR274W	YLR152C
YGR103W	YOL127W
YEL037C	YHR027C
YFR004W	YNL302C
YDR174W	YPL082C
YFR034C	YHR205W
YJL006C	YPL240C
YDR227W	YMR273C
YDL145C	YER122C
YDR224C	YER030W
YNL197C	YOR269W
YBR200W	YDR306C
YAR015W	YHR082C
YDL047W	YER155C
YER082C	YLL011W
YBR216C	YML007W
YFL048C	YOR316C
YDR088C	YHR023W
YDR381W	YDR510W
YIL084C	YKL185W
YBR260C	YHR107C
YDR259C	YKL071W
YGL227W	YLR377C
YFR004W	YNL044W
YLR291C	YNL333W
YHR107C	YPL240C
YGR274C	YLR399C
YNL225C	YOL091W
YKR081C	YMR049C
YJL115W	YJR068W
YDR168W	YJL165C
YHR205W	YMR196W
YGR156W	YKL059C
YKR083C	YML105C
YCR012W	YER151C
YGL127C	YNL197C
YHR094C	YKL065C
YOR250C	YPL203W
YBL032W	YGL237C
YBR102C	YBR200W
YPL210C	YPL243W
YNL197C	YPR129W
YGR013W	YPR182W
YLL039C	YPL094C
YNR027W	YPL106C
YNL255C	YOR257W
YDR335W	YLR335W
YCL059C	YDL148C
YLR057W	YMR289W
YLR312C	YOL088C
YDR174W	YDR381W
YIL149C	YNL126W
YER105C	YKR082W
YGR268C	YHL002W
YGL127C	YLR071C
YER025W	YLR215C
YBL032W	YPR040W
YAL032C	YGR071C
YHR079C	YKR105C
YJL069C	YLR222C
YDR432W	YOR151C
YER021W	YHR200W
YNL255C	YPR191W
YDR432W	YNL030W
YKL185W	YLL039C
YKL145W	YLR421C
YJL184W	YPL174C
YGR192C	YJL052W
YBR194W	YML010W
YCR016W	YGL120C
YDL132W	YLR368W
YHR200W	YPR069C
YBR162C	YER086W
YBR194W	YLR196W
YKR041W	YLL039C
YBL101C	YOR124C
YHR137W	YLR278C
YGR192C	YKL152C
YHR140W	YNL044W
YHR027C	YLR370C
YHR200W	YIR026C
YOR124C	YPR030W
YBL032W	YBR289W
YJR091C	YKL204W
YOR151C	YPR133C
YBR095C	YCR009C
YOR083W	YPL240C
YNL197C	YOR288C
YDR283C	YGL195W
YDR311W	YOL082W
YGR233C	YJL005W
YBR253W	YDR146C
YDR456W	YNR056C
YBL032W	YPR132W
YBL032W	YER085C
YER177W	YNL267W
YHR174W	YNL255C
YCR088W	YPL008W
YER155C	YPL210C
YHL030W	YOL133W
YLL039C	YPR075C
YMR258C	YNL093W
YGR116W	YML058W
YDL044C	YLR139C
YNL110C	YNL182C
YNL094W	YOR244W
YFR014C	YJL136C
YER128W	YFR014C
YBL007C	YCR088W
YJR064W	YPL151C
YBR194W	YLR180W
YDR145W	YHR023W
YKL013C	YNR035C
YCR057C	YGR145W
YGL158W	YIL004C
YGR250C	YPL210C
YML001W	YMR231W
YDL019C	YJL207C
YLR196W	YOL041C
YER120W	YGR086C
YOR244W	YPL110C
YBL030C	YER182W
YGL123W	YNL255C
YFR004W	YPR041W
YDL100C	YML048W
YER105C	YLL039C
YLR201C	YOR125C
YHR033W	YOR212W
YBL058W	YOL128C
YER146W	YPR184W
YHR140W	YOR016C
YLL039C	YPL048W
YGR156W	YKR002W
YLL039C	YOR283W
YIL033C	YPL048W
YPL116W	YPL220W
YGR089W	YLL039C
YDR166C	YLL039C
YJL129C	YKL142W
YDR244W	YNL329C
YBR057C	YJL085W
YGR060W	YOR016C
YGR261C	YHR174W
YFR021W	YGL179C
YLR116W	YNL197C
YNL197C	YPL188W
YER025W	YER146W
YDR174W	YDR335W
YDL171C	YLR075W
YIL079C	YML056C
YHR027C	YMR145C
YFR004W	YPL192C
YLL016W	YLR310C
YKL210W	YOR027W
YBR193C	YDR308C
YAL035W	YIR001C
YDL087C	YDR240C
YKL119C	YLR292C
YLR265C	YLR424W
YBR193C	YOR192C
YDR224C	YPR052C
YGL004C	YOR259C
YHR152W	YLR132C
YGR095C	YOL142W
YDL081C	YPR086W
YIR035C	YLR401C
YGR046W	YLR259C
YBR060C	YNL031C
YML088W	YNL255C
YBR105C	YOR151C
YER020W	YNL197C
YDR298C	YKL016C
YML001W	YPR028W
YBR070C	YGL047W
YAL021C	YDR443C
YLR259C	YPR016C
YGR270W	YMR049C
YBL032W	YMR317W
YDR388W	YER127W
YDR099W	YOR117W
YER151C	YPL160W
YFR004W	YHR030C
YAR019C	YPL240C
YDR252W	YPL037C
YLL039C	YLR219W
YER165W	YGR250C
YNL238W	YOL031C
YER120W	YOR117W
YDR265W	YMR026C
YDL047W	YFR019W
YFL039C	YLR337C
YKL104C	YLL039C
YLR396C	YMR231W
YBR193C	YGL151W
YBR241C	YFL048C
YBL032W	YLR089C
YPL082C	YPL235W
YGL002W	YNL255C
YER151C	YML056C
YBL102W	YDR264C
YDR021W	YNL271C
YHR031C	YLR248W
YBR157C	YGL075C
YJR097W	YNL092W
YBL032W	YBR230C
YBR039W	YER036C
YDL168W	YFR004W
YER151C	YGL173C
YNL251C	YPL190C
YDR240C	YPL178W
YOR078W	YPR178W
YOL059W	YOR117W
YDR080W	YGR013W
YGL056C	YGL195W
YDR063W	YFL039C
YLL039C	YML101C
YFR004W	YGR061C
YHR027C	YPR108W
YGL035C	YPL240C
YLL039C	YNL141W
YBL047C	YJR134C
YFR052W	YOR362C
YDR080W	YNL238W
YDR174W	YER095W
YBR193C	YGL253W
YBL032W	YKL129C
YDR100W	YDR189W
YMR186W	YOR027W
YBL032W	YLL010C
YJL117W	YLR018C
YCR004C	YMR086W
YGL105W	YHR082C
YIL106W	YPR191W
YDR414C	YFR024C-A
YAL035W	YDR060W
YNL197C	YOR058C
YLR016C	YLR086W
YGL206C	YGR241C
YIL043C	YLR350W
YJR066W	YMR011W
YDL230W	YOL041C
YEL013W	YFL039C
YEL005C	YLR408C
YDR479C	YLR324W
YJL081C	YLR085C
YKL064W	YNL307C
YDR099W	YPR080W
YGR130C	YNL020C
YDR510W	YPL129W
YGL181W	YHR161C
YDR060W	YPL131W
YFR004W	YHR200W
YLL039C	YOL133W
YBR112C	YHL002W
YER172C	YJR068W
YIL115C	YMR308C
YFR004W	YJL052W
YJL020C	YJR115W
YBL032W	YOR322C
YFL039C	YOR117W
YHR200W	YNL239W
YNL255C	YNR032C-A
YHR006W	YLL039C
YOR209C	YOR261C
YLL039C	YOR161C
YDR388W	YHR079C
YER032W	YHR114W
YHR027C	YMR099C
YBL103C	YJR066W
YDL029W	YLR337C
YFR052W	YGL048C
YDL055C	YNL271C
YLL039C	YML130C
YCR084C	YNL025C
YAL035W	YJR007W
YHR127W	YOR294W
YCL044C	YLL039C
YIL158W	YNL255C
YDR510W	YMR186W
YBR169C	YPL012W
YOR285W	YPR183W
YDR124W	YIL043C
YCR088W	YIL095W
YDR229W	YPR152C
YCR012W	YOR117W
YGL189C	YNL255C
YBL097W	YHL002W
YGR009C	YPL232W
YLL039C	YMR261C
YER120W	YFR004W
YDR510W	YOR099W
YFR004W	YLR229C
YDR100W	YFR024C-A
YKL206C	YPR103W
YDR510W	YOR017W
YIL016W	YPL264C
YBR267W	YDR101C
YIL003W	YPL240C
YCR106W	YPL034W
YMR314W	YPR103W
YFR024C-A	YJL004C
YDL021W	YKL214C
YCR053W	YFR004W
YBR010W	YER142C
YJR125C	YOR111W
YDL160C	YOR204W
YNL055C	YOR117W
YFL008W	YOL069W
YBR173C	YLR199C
YDR381W	YIL095W
YGL233W	YJL036W
YLR310C	YNL025C
YCL039W	YPL139C
YBR059C	YIL095W
YLR223C	YPR104C
YEL013W	YOR316C
YIL007C	YLR304C
YGL195W	YIL106W
YDL171C	YFR004W
YBL103C	YBR010W
YBL032W	YIL156W
YFR024C-A	YPL240C
YLR075W	YLR180W
YBL032W	YPR119W
YBR010W	YER147C
YFR014C	YML048W
YBR278W	YNL255C
YDR022C	YJL165C
YBL032W	YML059C
YGL066W	YMR186W
YEL056W	YPR162C
YML037C	YNL307C
YLR075W	YOR117W
YFR004W	YLR060W
YHR200W	YNL302C
YIL106W	YKL126W
YBR231C	YOL012C
YPR010C	YPR187W
YDR388W	YIL156W
YML029W	YNL294C
YGR103W	YOL077C
YBL072C	YOL123W
YEL034W	YNL085W
YHR027C	YOR374W
YLR018C	YML048W
YBR200W	YLR362W
YHR107C	YNL166C
YGR111W	YLL039C
YJR122W	YLL027W
YDR378C	YJR022W
YGL179C	YGR135W
YGR082W	YPR133W-A
YDL159W	YDR356W
YJL013C	YJL030W
YDR146C	YER015W
YGR159C	YLR410W
YKL089W	YPR018W
YHR200W	YLL039C
YDR430C	YER178W
YOL091W	YOR373W
YMR235C	YPL209C
YBR010W	YOR290C
YDR100W	YPL095C
YFR017C	YPL203W
YDL140C	YOR124C
YLR396C	YMR197C
YBR109C	YER098W
YBR010W	YNL031C
YPL048W	YPL240C
YIL014W	YPL240C
YCR072C	YDR101C
YKR048C	YPL209C
YDL081C	YHR154W
YLR019W	YLR310C
YDR432W	YKL185W
YGL195W	YLR180W
YJR040W	YPL240C
YAR027W	YHR048W
YER048W-A	YKL192C
YDR096W	YIR006C
YKR008W	YMR091C
YDR427W	YER021W
YER151C	YOL077C
YJR122W	YNL295W
YJR091C	YLR156W
YGL120C	YGR130C
YLR315W	YML056C
YML007W	YPR152C
YML010W	YPR169W
YER167W	YER177W
YCR057C	YLR003C
YBR059C	YHR063C
YNL255C	YNL301C
YLR085C	YLR259C
YGL127C	YPR070W
YBL101C	YER177W
YBR098W	YDR386W
YPL248C	YPR086W
YAL034W-A	YOL069W
YML124C	YNL055C
YER155C	YOL087C
YBL032W	YOR221C
YDL110C	YOR078W
YBL032W	YDR534C
YBR010W	YLL004W
YPL001W	YPR162C
YBL032W	YHR205W
YBL032W	YKL112W
YDL100C	YNR067C
YML057W	YPR108W
YDR510W	YOR374W
YER036C	YLL011W
YDR122W	YGR097W
YDR099W	YJL141C
YLL039C	YMR207C
YOR294W	YPL180W
YDL235C	YJR074W
YEL037C	YER021W
YER021W	YGL004C
YHR027C	YOR117W
YBR234C	YEL037C
YBL007C	YOR008C
YIL107C	YLL039C
YBR112C	YCL067C
YLL050C	YLR319C
YBL032W	YDR512C
YER151C	YPL131W
YDR510W	YHR174W
YGL195W	YIL138C
YDR388W	YNL255C
YKL152C	YLL039C
YIL021W	YOL051W
YCR093W	YDR378C
YDR028C	YER129W
YBR194W	YDL140C
YER151C	YOR204W
YDR308C	YPR070W
YJL146W	YPL154C
YFR052W	YLR421C
YBR109C	YLR196W
YBR108W	YCR009C
YGL077C	YGR130C
YEL071W	YHR027C
YDL007W	YKL145W
YJR022W	YOL031C
YJL076W	YLR429W
YBR102C	YLL039C
YIL156W	YPR154W
YDL181W	YGR089W
YDR381W	YIR001C
YER062C	YKL069W
YDL111C	YHR010W
YER006W	YPR161C
YFR004W	YKL182W
YBL032W	YGR071C
YBL032W	YMR069W
YBL072C	YDR510W
YNL255C	YOR204W
YML027W	YNL197C
YPL240C	YPR181C
YGL195W	YML085C
YEL034W	YOL133W
YGR056W	YPR034W
YBL072C	YFR004W
YAL007C	YGR085C
YGR240C	YML085C
YOR070C	YOR089C
YFR004W	YNL141W
YLR330W	YNL045W
YAL021C	YGL178W
YLL039C	YPR080W
YCR088W	YDR388W
YDL160C	YPR082C
YDR510W	YIL021W
YBR109C	YNR035C
YKL068W	YPL012W
YAL021C	YLR418C
YFR004W	YHL030W
YDL139C	YJL030W
YBL032W	YLR421C
YBR126C	YDR028C
YDR283C	YLL005C
YMR186W	YNL157W
YER074W	YFR004W
YLL039C	YPL225W
YDR101C	YLR397C
YDL193W	YPL240C
YHR062C	YNL282W
YER090W	YOR117W
YCR009C	YPR152C
YDL101C	YER125W
YDL128W	YER005W
YLR425W	YPL066W
YBR059C	YLR258W
YBL032W	YFR017C
YKL211C	YLL039C
YFR052W	YOR181W
YDL132W	YML088W
YMR186W	YNL186W
YLR449W	YOL127W
YNL197C	YOR052C
YNL216W	YPL106C
YCR009C	YKL203C
YDR381W	YDR398W
YGR205W	YKL168C
YLL039C	YMR280C
YFR004W	YLR029C
YJL081C	YPL235W
YBL032W	YMR064W
YMR191W	YOR259C
YHR085W	YLR106C
YJR022W	YLR438C-A
YER127W	YGR145W
YDL215C	YLL039C
YBR278W	YCL032W
YDL192W	YKR027W
YFR015C	YIL045W
YLR206W	YPL115C
YBL032W	YNR065C
YLL039C	YLR078C
YDL200C	YDR224C
YAL021C	YGR155W
YDR498C	YML058W
YLL039C	YOR163W
YDR173C	YNL201C
YDL100C	YOR007C
YGR097W	YKL116C
YDR032C	YHR001W
YER012W	YPR108W
YHR200W	YOR176W
YCL010C	YHR099W
YGR133W	YOL147C
YDL055C	YPL106C
YHR134W	YLL039C
YDR227W	YDR510W
YBR072W	YLL039C
YLR438W	YPL150W
YBR108W	YIL095W
YBL032W	YKR092C
YFR004W	YLR448W
YBL046W	YPR040W
YMR196W	YOR244W
YDL225W	YHR033W
YKR048C	YPR086W
YDL007W	YGL004C
YER151C	YGL253W
YCR093W	YGR274C
YBR059C	YPL106C
YNL090W	YOR089C
YGL105W	YPL209C
YDR314C	YPL048W
YDR381W	YPL001W
YER151C	YPR181C
YBL032W	YBR108W
YCR038C	YLR353W
YGL173C	YNL147W
YDR510W	YPL240C
YBR177C	YFR004W
YLL039C	YMR275C
YFR014C	YGR264C
YIL149C	YNL135C
YCL009C	YNL157W
YDR075W	YNL201C
YFR052W	YMR314W
YAL043C	YBL032W
YMR161W	YNL255C
YNL068C	YNL197C
YFR050C	YPR103W
YDL115C	YGL179C
YHR200W	YNL067W
YBR253W	YPR168W
YBL015W	YJR035W
YBL066C	YPL026C
YDR303C	YGR270W
YDR510W	YER032W
YDR510W	YER025W
YDR001C	YPL240C
YIL095W	YPR152C
YDR427W	YMR191W
YDL029W	YJR064W
YKL209C	YLR292C
YDR162C	YDR277C
YGR031W	YIL107C
YBR234C	YDL029W
YDR449C	YER082C
YBL032W	YOR009W
YDR277C	YJR090C
YLR055C	YNL255C
YEL019C	YHR154W
YFL039C	YNL110C
YDL029W	YMR216C
YKR083C	YMR083W
YDL140C	YOR117W
YKL071W	YPL157W
YLR196W	YPR152C
YBR225W	YNL307C
YLR337C	YNL084C
YBL072C	YPR152C
YKL203C	YNL243W
YLR448W	YML063W
YDR379W	YER021W
YGR258C	YPL248C
YDR436W	YOR054C
YBL032W	YNL024C
YBR234C	YLR337C
YBR273C	YLL039C
YDL216C	YMR025W
YER089C	YFR004W
YJL094C	YLL039C
YER029C	YPR182W
YDL155W	YLR310C
YGL049C	YKL059C
YKL145W	YOL117W
YDL029W	YOR259C
YFR051C	YNL304W
YFR033C	YNL255C
YHR140W	YMR279C
YOR257W	YOR259C
YIL105C	YKL051W
YDL111C	YOL021C
YBR046C	YLL039C
YER151C	YPR080W
YJR066W	YNL243W
YCL044C	YPR024W
YBR138C	YHR082C
YJL189W	YMR139W
YER177W	YGL181W
YGR270W	YPL115C
YDR342C	YMR049C
YMR032W	YOR181W
YHR082C	YNL155W
YHR018C	YPL240C
YDR432W	YPL178W
YER021W	YKR101W
YFR004W	YMR037C
YLR457C	YNL255C
YBR200W	YNR071C
YKR081C	YOL127W
YDR063W	YNR035C
YDL209C	YNL307C
YDR398W	YJR070C
Q0085	YML081C-A
YLR429W	YPR093C
YLL011W	YNL110C
YBR167C	YIR015W
YHR205W	YJR066W
YPR052C	YPR056W
YDL115C	YOR151C
YER012W	YML092C
YJR145C	YOL120C
YDR077W	YOR330C
YOR288C	YPL209C
YJR066W	YLR378C
YIL021W	YPR093C
YDR432W	YER125W
YJR064W	YKL095W
YDR381W	YMR219W
YDL171C	YER151C
YBL092W	YGR085C
YDR092W	YGL087C
YFR004W	YMR219W
YBR095C	YIL084C
YAL028W	YPL026C
YER036C	YNL255C
YDL089W	YPR028W
YER095W	YNL085W
YGR188C	YNL265C
YDL084W	YHR027C
YBL041W	YER105C
YLL023C	YML048W
YDR368W	YFR004W
YJL004C	YJR022W
YCR020C-A	YPR051W
YGL181W	YGR178C
YJL178C	YNL255C
YIL062C	YKL013C
YBL032W	YNL003C
YHR085W	YPL131W
YAR002W	YBR194W
YGL127C	YOR128C
YBR103W	YMR155W
YGR130C	YJL165C
YDL088C	YJL041W
YJL117W	YPL264C
YBR194W	YGR186W
YDR176W	YER151C
YIL150C	YJR112W
YDR004W	YDR076W
YLR310C	YPL100W
YJR001W	YPL203W
YJL036W	YOR132W
YDR356W	YOR373W
YDL145C	YHR066W
YHR200W	YLR438W
YEL036C	YFL048C
YDR510W	YOR144C
YDR510W	YML010W
YBL032W	YOR137C
YDR398W	YNL255C
YDR057W	YMR297W
YPL048W	YPR080W
YNL027W	YNL307C
YJR112W	YOL069W
YDL007W	YOR259C
YKL148C	YOL071W
YBR167C	YDR478W
YDR381W	YOL127W
YBL032W	YKL163W
YBL015W	YLL039C
YGR130C	YOR273C
YDR168W	YOR027W
YDR122W	YGR009C
YCR088W	YDL029W
YAL032C	YJL103C
YEL034W	YKL047W
YNL255C	YOR007C
YDR228C	YKL059C
YER165W	YOR117W
YNL258C	YOR075W
YER016W	YML085C
YBR274W	YOL012C
YDR430C	YFL018C
YDR277C	YJR022W
YMR291W	YOR089C
YCR084C	YDR308C
YHR118C	YOR294W
YBR274W	YDR516C
YDR388W	YER129W
YLR438C-A	YPR080W
YBR272C	YEL056W
YFR004W	YJL055W
YKL203C	YMR104C
YOR191W	YPL082C
YGL172W	YJR022W
YJL222W	YKL065C
YKR048C	YLR410W
YER020W	YLL039C
YJR145C	YPR041W
YEL023C	YJR022W
YDR009W	YOL133W
YCR057C	YML024W
YBR200W	YDR379W
YIL043C	YLR075W
YIL043C	YNL055C
YBL032W	YPR129W
YGR284C	YPL218W
YDR060W	YOL041C
YHR027C	YOR204W
YFR032C-A	YNL255C
YML085C	YML124C
YER016W	YER177W
YFR021W	YNL242W
YMR049C	YPR016C
YGL151W	YGR104C
YCL016C	YMR078C
YKL085W	YNL094W
YGL106W	YPL004C
YJR102C	YMR077C
YJL141C	YPL247C
YGR060W	YML075C
YBL093C	YDR381W
YEL034W	YJR047C
YDL051W	YDR510W
YDR159W	YDR381W
YDL103C	YPR106W
YIL142W	YNL317W
YBL021C	YML048W
YBR010W	YGR270W
YNL031C	YPR018W
YDL029W	YOR117W
YPL085W	YPR181C
YDL148C	YNL110C
YGL153W	YMR267W
YHR082C	YLR055C
YHR087W	YNL255C
YBL072C	YNL255C
YHR001W	YOR273C
YBR290W	YLL039C
YER155C	YPL240C
YDL117W	YER177W
YEL037C	YHL030W
YBR186W	YLR032W
YBL032W	YMR291W
YBL093C	YPR070W
YBR058C	YFR004W
YDR486C	YLR025W
YDR075W	YDR224C
YLR085C	YPL235W
YBR173C	YGR135W
YBL032W	YBL101C
YGL179C	YJR092W
YMR182C	YNL197C
YDL115C	YGR005C
YDR100W	YPL100W
YDL126C	YPR152C
YER020W	YGL077C
YDR072C	YNL197C
YBR105C	YPR010C
YGL206C	YNL007C
YBL032W	YJR043C
YBR172C	YDR432W
YIL036W	YNL094W
YDR335W	YPR010C
YBR063C	YDR369C
YIL062C	YNL243W
YDR092W	YLR032W
YOR204W	YPL090C
YDR510W	YKL152C
YER021W	YKL100C
YBL007C	YFR024C-A
YOR210W	YPL129W
YBL091C-A	YNL197C
YDR388W	YJR043C
YCR057C	YPL240C
YFR004W	YJR094W-A
YDL055C	YHR027C
YMR105C	YNL094W
YAL007C	YJL117W
YMR209C	YNL197C
YIL068C	YJL085W
YDL015C	YGR060W
YOL041C	YOR287C
YDR169C	YFR014C
YDR381W	YDR462W
YDR032C	YDR369C
YDR432W	YER165W
YBL032W	YPR182W
YFL008W	YJR112W
YCR106W	YGL247W
YBR182C	YMR172W
YDL137W	YER122C
YLL039C	YOR329C
YJR032W	YNL197C
YGL173C	YGR086C
YDR479C	YOL065C
YML063W	YPL090C
YAR002W	YPR152C
YDR510W	YIL149C
YER036C	YOR117W
YGL077C	YKL051W
YPL220W	YPR102C
YJR059W	YML096W
YFR004W	YFR044C
YGR103W	YPR115W
YER086W	YJL020C
YGR186W	YPL129W
YFL048C	YJL178C
YOR244W	YPL082C
YGL004C	YIL007C
YJR017C	YML010W
YER151C	YFR004W
YAL021C	YNL278W
YFR014C	YFR033C
YGL173C	YMR076C
YNL255C	YOR089C
YFL039C	YLR319C
YBL058W	YJL006C
YJR109C	YPL235W
YBL032W	YBR071W
YBR109C	YEL034W
YKL160W	YOR244W
YER069W	YHR027C
YDR277C	YJL020C
YKL182W	YML100W
YBR191W	YKL180W
YDR478W	YHR062C
YMR165C	YNL197C
YLL039C	YLR377C
YML064C	YNL255C
YGR085C	YNL255C
YGL179C	YJL146W
YJL104W	YNL255C
YLR306W	YPL003W
YDL175C	YIL079C
YKR082W	YMR308C
YCR092C	YDR224C
YGR240C	YJL106W
YGL151W	YPR070W
YHR007C	YJR117W
YJL076W	YPL110C
YGR085C	YOR204W
YFL008W	YLL050C
YGR103W	YNL255C
YCL032W	YFR034C
YDL148C	YER035W
YGR097W	YNL025C
YER151C	YKL182W
YBL103C	YHR079C
YER177W	YLR177W
YJL084C	YLL039C
YER056C-A	YGL153W
YFL047W	YFR004W
YHR113W	YML064C
YDR101C	YLR074C
YBR126C	YJR138W
YBL032W	YDL231C
YDL027C	YHR082C
YDR379W	YLR229C
YER151C	YLR449W
YBR109C	YDR155C
YDR169C	YPR080W
YIL150C	YKL089W
YDR510W	YKL142W
YDR335W	YKR082W
YLL023C	YMR215W
YER095W	YGR240C
YKR002W	YNL317W
YGL123W	YHR200W
YGL062W	YML058W
YDR430C	YNL255C
YLL039C	YOR348C
YDR388W	YFR004W
YCR093W	YDR145W
YKL029C	YOR151C
YML007W	YMR112C
YFR009W	YGL195W
YHR195W	YLL039C
YHR082C	YPL048W
YPL012W	YPL131W
YDR240C	YLR423C
YFL047W	YLR229C
YHR030C	YNL027W
YMR061W	YOL123W
YFR047C	YNL255C
YJL070C	YML035C
YDR510W	YHR187W
YLR176C	YOR290C
YLR074C	YOL041C
YHR007C	YKL201C
YNL229C	YNL307C
YEL056W	YGR104C
YGR270W	YNL031C
YNL081C	YNL197C
YDL155W	YJL076W
YHR018C	YLL039C
YAR023C	YDL217C
YGR284C	YHR110W
YBR109C	YIL095W
YKL039W	YLL039C
YKL132C	YPR022C
YJL008C	YOR117W
YBL103C	YNL076W
YPL151C	YPR182W
YEL002C	YLR350W
YDR176W	YER165W
YJL115W	YNL030W
YDR381W	YIL026C
YFL039C	YLR291C
YBL103C	YLR423C
YDR381W	YPL178W
YBR001C	YLL039C
YDL047W	YML048W
YGL111W	YNL082W
YBL032W	YDL233W
YBL032W	YOR273C
YBL032W	YGL192W
YDR001C	YLL039C
YDL029W	YDR063W
YGL158W	YLR055C
YIL034C	YIL062C
YGL179C	YIL156W
YIR035C	YLR291C
YML032C	YPL240C
YDR334W	YOL012C
YDL181W	YKR054C
YDR176W	YLR423C
YDR081C	YEL037C
YBR137W	YOL111C
YBL032W	YOR008C
YDR162C	YML109W
YNL206C	YNL255C
YGR185C	YNL255C
YPL240C	YPR128C
YLR106C	YMR131C
YBL032W	YOR085W
YDR381W	YGR128C
YER074W	YOR234C
YGL179C	YKL197C
YJL036W	YPL201C
YAR019C	YPL124W
YHR105W	YOR292C
YBL032W	YDR505C
YBR058C	YDR388W
YDR342C	YJR066W
YBL042C	YNL197C
YDL145C	YPL219W
YAL027W	YLR429W
YLL039C	YOR099W
YDR264C	YOR212W
YDR142C	YJR064W
YGL158W	YML048W
YML010W	YMR039C
YBR059C	YNL027W
YER094C	YNL255C
YBR177C	YFR014C
YAL025C	YGR103W
YJL197W	YNL255C
YFR050C	YML092C
YBL032W	YCL004W
YDL115C	YMR291W
YKL206C	YLL039C
YDR377W	YML081C-A
YBR290W	YMR215W
YMR037C	YMR172W
YBL105C	YFR024C-A
YNL136W	YOR244W
YFR024C-A	YJL194W
YOR124C	YOR138C
YER165W	YML010W
YDR510W	YER029C
YBL032W	YML104C
YMR099C	YPL231W
YIR022W	YLR343W
YBR272C	YDL007W
YGL017W	YNL157W
YHR113W	YPL129W
YHR027C	YKL029C
YCR009C	YNL094W
YFR004W	YOR204W
YFR034C	YLR330W
YDR243C	YNL197C
YER086W	YLR291C
YFR004W	YPL061W
YMR031C	YPL004C
YMR215W	YOR016C
YOR117W	YPL061W
YHR118C	YPR162C
YDR510W	YER155C
YER131W	YHR027C
YLL014W	YML029W
YBL093C	YML007W
YFR004W	YML126C
YDL029W	YIL062C
YJL194W	YPR162C
YAL032C	YDR176W
YBL072C	YDL213C
YDR163W	YPL240C
YMR155W	YPL240C
YGL120C	YOR290C
YKL012W	YPR182W
YBL032W	YDR522C
YFR004W	YOR234C
YLL039C	YPL218W
YGL001C	YML008C
YJL006C	YNR064C
YLR362W	YNL229C
YDR185C	YKL053C-A
YGR135W	YOR261C
YFR004W	YML085C
YJL020C	YJR149W
YGL158W	YHL027W
YDR057W	YKL145W
YJL124C	YOR375C
YOR117W	YPL218W
YDL140C	YDR356W
YHR010W	YLL039C
YOR117W	YOR261C
YIL016W	YPL203W
YHR158C	YJR059W
YPL117C	YPR168W
YNL186W	YOL113W
YER063W	YKR048C
YFR021W	YML059C
YMR186W	YOR007C
YOR117W	YPL131W
YPL085W	YPL218W
YBL032W	YMR124W
YLR086W	YPR129W
YBL007C	YLR206W
YER062C	YLL039C
YDR006C	YLL039C
YDL132W	YNL055C
YKL073W	YOL087C
YBL050W	YNL255C
YLR071C	YPR070W
YDL192W	YLR330W
YBL032W	YOR227W
YKL126W	YLR429W
YBL032W	YOR149C
YBL032W	YBR162C
YBL032W	YDR155C
YJL005W	YPR152C
YBL032W	YER165W
YJL034W	YPR181C
YDL087C	YLR298C
YBL097W	YDR388W
YKR083C	YNL255C
YER105C	YKL057C
YLR196W	YLR429W
YKL210W	YPR080W
YDL140C	YGR097W
YJR047C	YNL197C
YHR158C	YPR119W
YDR229W	YOR181W
YBL093C	YOL051W
YAL059W	YNL255C
YNL255C	YOR179C
YFR004W	YOR042W
YBR289W	YNL031C
YBR221C	YLR418C
YBR059C	YMR297W
YBL047C	YFR004W
YBL032W	YDL027C
YHR174W	YHR200W
YKL022C	YOR249C
YBR059C	YGR159C
YBL032W	YGL178W
YDR388W	YDR416W
YOR362C	YPL150W
YGL111W	YOR005C
YHR174W	YPR152C
YMR026C	YOL147C
YDR411C	YDR479C
YDL084W	YDR159W
YDR432W	YJL006C
YBR059C	YMR004W
YDL015C	YPL264C
YBR272C	YGL004C
YDR456W	YIR022W
YKR026C	YMR145C
YBR200W	YMR212C
YBR167C	YNL246W
YMR072W	YOR374W
YML024W	YOR204W
YBL032W	YHR082C
YCR024C-A	YLR241W
YGL049C	YGL173C
YBR082C	YOR294W
YBR082C	YNL031C
YLR259C	YPL240C
YBL072C	YLR075W
YDL106C	YLR359W
YBR253W	YLR071C
YBR193C	YBR253W
YGR264C	YLL039C
YBL032W	YMR040W
YJR138W	YLR438C-A
YKL180W	YML063W
YDR137W	YLR039C
YAR002W	YLL039C
YBL032W	YJL083W
YLR219W	YOR181W
YBR109C	YFR014C
YDR216W	YOL148C
YFR014C	YNR033W
YPL018W	YPR018W
YDL007W	YOR117W
YNL197C	YNR046W
YDR388W	YOR329C
YBL072C	YLR029C
YGR097W	YNL307C
YBR109C	YGL106W
YER172C	YPR082C
YBL007C	YHL002W
YFL007W	YOR362C
YFL024C	YGL158W
YHR114W	YLL005C
YGL037C	YHR200W
YHR082C	YML037C
YBL007C	YBR250W
YBL032W	YCL008C
YFR009W	YHR082C
YBR274W	YJL124C
YDL117W	YOL070C
YDL044C	YMR083W
YDL155W	YIL106W
YDR330W	YOL133W
YBR289W	YPR034W
YIL105C	YLR423C
YLR423C	YPL240C
YNL207W	YOR204W
YAL021C	YOR027W
Q0130	YOL027C
YGL173C	YJR022W
YDR283C	YLL039C
YIL107C	YPL026C
YIL084C	YPL139C
YER089C	YLL039C
YGL158W	YHR044C
YHR087W	YIL162W
YGL120C	YIL033C
YKL180W	YMR086W
YBL056W	YDR071C
YDR386W	YNL024C
YHR094C	YLL039C
YKR001C	YMR072W
YJL219W	YML048W
YBL102W	YFL048C
YKL104C	YOR151C
YHR027C	YPL048W
YKR101W	YLL004W
YGR270W	YKR008W
Q0120	YLR382C
YDR308C	YLR315W
YER006W	YGL120C
YLR438C-A	YOR308C
YER098W	YNL307C
YDR404C	YNL251C
YBR214W	YDL047W
YOL120C	YPL240C
YBR200W	YGL233W
YKL185W	YPL181W
YDR381W	YDR449C
YGR192C	YKL129C
YAL031C	YER172C
YLR071C	YMR112C
YCR004C	YDL101C
YBR194W	YMR070W
YLL039C	YLR345W
YLR357W	YPR034W
YOR036W	YPL240C
YDR254W	YOL091W
YBR194W	YGR240C
YAR002W	YGL086W
YBL007C	YKR001C
YBL032W	YHR134W
YHR200W	YPL160W
YER165W	YPR080W
YOR016C	YOR211C
YCR009C	YDR381W
YJL165C	YMR076C
YFR014C	YNL121C
YDR099W	YHR027C
YBL092W	YOL127W
YEL002C	YPR011C
YER151C	YNL030W
YBL032W	YOR113W
YBR260C	YKR055W
YBR132C	YPL240C
YDR479C	YLL039C
YKR082W	YLR429W
YBL032W	YDR259C
YOL088C	YPR117W
YBR126C	YCL040W
YER125W	YER177W
YGL158W	YKR048C
YDL074C	YPR080W
YIR006C	YNL243W
YBL032W	YPR008W
YDR388W	YGL106W
YDR414C	YGR284C
YDR323C	YMR231W
YNL197C	YOR301W
YAL007C	YEL002C
YDR117C	YOR204W
YDR174W	YLR022C
YDL126C	YKL039W
YGL055W	YJR059W
YCL027W	YLR330W
YDL184C	YER146W
YLR074C	YNL110C
YHR086W	YPR182W
YCR051W	YFR004W
YML048W	YPR106W
YGL055W	YNL197C
YLR259C	YOR020C
YBR128C	YPL240C
YDR028C	YHR005C
YBR200W	YML001W
YJL106W	YLR221C
YJR096W	YPL150W
YGR097W	YJL106W
YLR125W	YMR030W
YLR362W	YPL201C
YDR100W	YHR094C
YCL059C	YGL120C
YDL007W	YMR314W
YNL255C	YPR086W
YKL145W	YPR080W
YLR362W	YMR139W
YAL027W	YBR196C
YJR141W	YNL307C
YDR384C	YPR156C
YDR017C	YMR308C
YDL192W	YPR156C
YDL192W	YPR095C
YLR071C	YOR151C
YLR085C	YLR399C
YER029C	YPR082C
YCR016W	YER151C
YLR025W	YNL265C
YDR388W	YLR429W
YHR152W	YPR152C
YER060W	YJL106W
YJL020C	YLR206W
YHR200W	YOR027W
YGL233W	YJL085W
YDL074C	YOL069W
YKL095W	YLR424W
YLL039C	YOL027C
YLL039C	YLR034C
YGL172W	YJL041W
YFR004W	YGL206C
YLR045C	YML124C
YDL007W	YEL037C
YER120W	YMR216C
YDR244W	YDR265W
YBR103W	YDL112W
YJR017C	YOR151C
YKL152C	YPL061W
YBR274W	YKL210W
YGR284C	YMR215W
YER105C	YMR129W
YGL013C	YMR072W
YHR027C	YOR375C
YDL124W	YKL185W
YDR404C	YGR005C
YIL004C	YLR078C
YDL140C	YML010W
YBR260C	YNL094W
YDR142C	YKL103C
YER129W	YNL225C
YIL004C	YNL255C
YJR046W	YMR078C
YBR169C	YPL004C
YAR027W	YPR128C
YNL255C	YPR133C
YHR079C	YMR165C
YHR124W	YPR117W
YDR505C	YJR059W
YBL032W	YIL049W
YDR510W	YPR103W
YHR010W	YML075C
YOL068C	YOR279C
YER164W	YLL039C
YER099C	YHR030C
YBR289W	YOR290C
YDR381W	YKR092C
YDR060W	YPL012W
YJL176C	YOR290C
YKL145W	YPL248C
YDR006C	YFR004W
YKL207W	YKR076W
YFR014C	YGR135W
YKL010C	YML085C
YDR060W	YOL077C
YDR510W	YML114C
YNL197C	YNL322C
YGL077C	YIL105C
YLL039C	YLR047C
YBR172C	YKL204W
YFL039C	YOR367W
YGR060W	YJR117W
YDR404C	YLR071C
YER173W	YPL178W
YBR060C	YDR174W
YDR378C	YJL124C
YHR114W	YMR162C
YDR460W	YGR274C
YFL007W	YML092C
YLR089C	YPR049C
YDR174W	YDR283C
YBR080C	YOR036W
YBR234C	YNL243W
YKR001C	YOR304W
YDR479C	YJL097W
YNL030W	YPR018W
YLR029C	YPL090C
YCR057C	YER082C
YDR453C	YGR185C
YDL132W	YLR352W
YFR014C	YGL023C
YGR130C	YPL004C
YJR059W	YOR209C
YER125W	YHR131C
YGR155W	YML064C
YJL141C	YJR059W
YBL032W	YBR212W
YBR234C	YLR241W
YGL105W	YOR017W
YGL111W	YNL110C
YAL032C	YGL120C
YBL056W	YBR247C
YBR080C	YNL015W
YFR004W	YJL020C
YGR059W	YMR065W
YGL077C	YPL240C
YLR378C	YOR085W
YAL028W	YNL197C
YJR066W	YPR156C
YGR013W	YPR178W
YMR314W	YOR259C
YDL225W	YLR314C
YGR270W	YOR116C
YFR034C	YMR217W
YML064C	YPL111W
YER151C	YNL302C
YGR268C	YNL255C
YBR126C	YML100W
YJR144W	YLR074C
YJR148W	YLL039C
YBL032W	YIL031W
YGR086C	YMR086W
YGR240C	YHR027C
YHR079C	YLR257W
YGL195W	YNL055C
YGL157W	YLL039C
YDR246W	YOR115C
YFR014C	YHR116W
YIL149C	YNL225C
YHL027W	YMR032W
YCR084C	YDL126C
YGL048C	YHR200W
YHL030W	YHR200W
YBL007C	YPL012W
YHR161C	YIR006C
YHR030C	YKL073W
YGL033W	YNL255C
YML010W	YMR061W
YGR086C	YPR152C
YOR113W	YPL203W
YFR004W	YNL135C
YEL037C	YGL048C
YGR250C	YJL052W
YDL184C	YJL124C
YBR109C	YLR356W
YDL160C	YGL178W
YFL033C	YNL157W
YAL021C	YLR438C-A
YBL032W	YDR499W
YDR145W	YGL013C
YER120W	YMR049C
YIL033C	YJR017C
YBL064C	YHR079C
YGR005C	YOR210W
YBR247C	YML063W
YLL039C	YOR027W
YAR019C	YDL101C
YGR086C	YPL074W
YJL166W	YLL039C
YGL210W	YNL044W
YBR080C	YLR078C
YLL039C	YPL162C
YJL020C	YMR162C
YDL213C	YJR145C
YMR216C	YNL173C
YBR212W	YIR037W
YAR019C	YIL106W
YKL145W	YPR108W
YAL042W	YML067C
YDR159W	YLR423C
YFR004W	YGL078C
YEL056W	YHR118C
YBL092W	YKL180W
YJL207C	YLR330W
YER166W	YIR006C
YHR005C	YLL039C
YGL049C	YJL124C
YER122C	YHR082C
YBL007C	YBL047C
YDR254W	YLR315W
YGL048C	YMR191W
YDR303C	YPL082C
YFR052W	YHL030W
YLR137W	YNL255C
YJR034W	YOR195W
YDR227W	YNL206C
YML010W	YPR187W
YER143W	YMR055C
YDR084C	YHR105W
YBR010W	YMR176W
YHR110W	YKL065C
YER122C	YJR059W
YDR452W	YNL255C
YGR240C	YLR180W
YHR082C	YOR181W
YFL039C	YFR004W
YKL203C	YNL076W
YDR153C	YGL206C
YDL167C	YPR080W
YNL225C	YNL255C
YDL239C	YPL240C
YGL127C	YGL158W
YDL126C	YLR377C
YKL145W	YNL255C
YGR060W	YHR007C
YDL239C	YNL225C
YBL032W	YER169W
YDL213C	YGL120C
YDR059C	YPR103W
YDR100W	YHR105W
YCL059C	YLL011W
YDR145W	YML099C
YGL120C	YGR270W
YDR381W	YHR118C
YAL032C	YJL149W
YER165W	YPL178W
YKL203C	YMR215W
YLR291C	YLR438C-A
YER095W	YOR151C
YBL030C	YGL195W
YLR291C	YNL314W
YDR216W	YPR086W
YBL102W	YLL039C
YHR079C	YKL168C
YBL030C	YKR026C
YBR126C	YOR089C
YML063W	YPL012W
YPL106C	YPR140W
YAL021C	YMR124W
YBR253W	YPR070W
YGR274C	YKL117W
YER165W	YLR362W
YFL033C	YOR380W
YHR200W	YKR039W
YAL007C	YPL264C
YOL051W	YPR025C
YJL008C	YKL010C
YAL042W	YML130C
YKR014C	YOR089C
YLL039C	YOL145C
YEL037C	YLL050C
YDL084W	YKL214C
YMR294W	YOL069W
YDR224C	YOL012C
YDR240C	YGL173C
YIL095W	YLR337C
YKR014C	YPR028W
YDL217C	YJL054W
YGL001C	YLR350W
YBR086C	YJL106W
YMR256C	YPL190C
YDR427W	YOR294W
YDL019C	YPL026C
YDR101C	YLR335W
YMR311C	YOL001W
YJL084C	YOR348C
YAL032C	YGR061C
YDL029W	YLR370C
YJL124C	YLR438C-A
YDL140C	YGR005C
YIL125W	YLL039C
YML010W	YML088W
YHR079C	YHR114W
YCL066W	YDR480W
YBL010C	YNL317W
YJR009C	YLR027C
YDL015C	YKL065C
YBL032W	YNR046W
YDR174W	YKR092C
YBL058W	YNL155W
YGR056W	YNL031C
YBL093C	YDR308C
YMR049C	YPR008W
YDR060W	YGL120C
YDL007W	YPR108W
YER029C	YLR424W
YHR027C	YMR217W
YOR290C	YPL248C
YAL028W	YMR186W
YDR265W	YOL147C
YLL039C	YOR223W
YGR270W	YJL076W
YGL100W	YKL057C
YKL065C	YLR034C
YJL058C	YNL047C
YJL084C	YJR059W
YIL033C	YOL128C
YER029C	YNL147W
YBR010W	YEL056W
YJL066C	YNL128W
YJR022W	YOR261C
YAL054C	YLL039C
YNL197C	YPL165C
YDL184C	YNL255C
YKR082W	YPR080W
YGR180C	YOR230W
YGL100W	YKR082W
YGR089W	YOR269W
YOR016C	YPR198W
YLL062C	YOL143C
YER094C	YHR200W
YJR044C	YPL240C
YLR429W	YNL032W
YDL101C	YDR214W
YGR110W	YHR114W
YDR381W	YNL051W
YDL148C	YGR145W
YLR353W	YOR301W
YDL054C	YGR174C
YKL211C	YLR180W
YLR324W	YPR028W
YDR510W	YER125W
YBR241C	YDR479C
YGL195W	YPL235W
YLR180W	YOL128C
YDR038C	YOR016C
YIR026C	YPR016C
YLL039C	YML010W
YHR027C	YLR075W
YAL048C	YLL039C
YHR027C	YML063W
YHR105W	YNL044W
YHL030W	YMR314W
YDR031W	YNL255C
YNL255C	YOR167C
YDR099W	YLR345W
YGL194C	YMR273C
YPL193W	YPL235W
YGR086C	YHR030C
YBR173C	YMR314W
YDR002W	YMR235C
YNL255C	YPL061W
YER012W	YLR199C
YFR052W	YIR011C
YDR159W	YLR018C
YBL030C	YER053C
YNL255C	YPR178W
YBL049W	YCL039W
YER094C	YFR050C
YML048W	YMR215W
YER151C	YLR448W
YLR229C	YPL115C
YNL255C	YOR288C
YHR061C	YHR107C
YLL039C	YML049C
YHR127W	YKL012W
YDR270W	YNL259C
YDR046C	YPL240C
YFR004W	YFR050C
YAL059W	YMR124W
YKL145W	YLL039C
YGL004C	YOR117W
YJL225C	YNL255C
YHR023W	YLR423C
YIL011W	YMR201C
YDR381W	YNL238W
YNL110C	YOR294W
YLR087C	YPL240C
YMR162C	YPR154W
YGR233C	YML014W
YLL039C	YOR042W
YKL059C	YLR448W
YCL029C	YLR045C
YLL039C	YMR115W
YAR027W	YJR040W
YJL194W	YKL112W
YBR200W	YMR197C
YGR086C	YHR027C
YNR071C	YPL240C
YGR274C	YPR052C
YAL035W	YHR200W
YHR027C	YJR007W
YBL032W	YDR233C
YHL030W	YPR103W
YML064C	YMR246W
YBR108W	YLR248W
YDR479C	YLR036C
YLR248W	YMR184W
YGL127C	YOL051W
YDR155C	YLL039C
YKL129C	YNL255C
YJL034W	YJL052W
YBR085W	YGL237C
YDR411C	YLR207W
YBR019C	YBR274W
YBL032W	YGL066W
YBR273C	YDR411C
YDR342C	YLR019W
YDR378C	YML049C
YDR083W	YNL255C
YLR035C	YMR167W
YHR005C	YNL119W
YOL127W	YPL143W
YBR105C	YNL085W
YKL012W	YML049C
YER044C	YML008C
YBL014C	YCL048W
YDR388W	YFL039C
YDR146C	YOR290C
YER165W	YIR001C
YDR060W	YGR270W
YDR038C	YKL203C
YDR145W	YOL148C
YDR176W	YPL181W
YHR097C	YLL039C
YDR510W	YPL106C
YGL195W	YPR161C
YBL030C	YBR194W
YLL039C	YMR061W
YFR004W	YMR308C
YHR158C	YNL084C
YBL032W	YKR072C
YNL307C	YPR115W
YNL030W	YNL157W
YBL032W	YDL054C
YFR053C	YLL039C
YDR436W	YDR449C
YFR004W	YLR300W
YFL033C	YOL001W
YGR178C	YGR270W
YJR109C	YKL182W
YDL184C	YDR378C
YBR010W	YDL200C
YBL078C	YFR014C
YFR014C	YJL084C
YBL047C	YDR348C
YDR283C	YJR043C
YLR257W	YNL255C
YLR310C	YNL231C
YER021W	YLL039C
YNR032C-A	YOR308C
YLR410W	YOL001W
YLL039C	YLR387C
YBL030C	YMR145C
YBR082C	YFR004W
YFR004W	YPR181C
YBR136W	YML058W
YGR085C	YPL220W
YDL074C	YOL117W
YDR071C	YER089C
YDL123W	YLL039C
YIL156W	YJR059W
YIL021W	YOL145C
YDR381W	YIL043C
YFR051C	YKR067W
YDL200C	YDR155C
YBL032W	YPL162C
YBR019C	YLR170C
YLR248W	YPL209C
YDR432W	YOL123W
YLR423C	YPL174C
YBR194W	YMR072W
YER131W	YER146W
YDL101C	YOL123W
YDL074C	YLR424W
YKL029C	YKL182W
YOL072W	YPR080W
YBL046W	YDL112W
YLR259C	YNL255C
YFL039C	YGL106W
YBL063W	YMR016C
YCL067C	YCR084C
YGR104C	YMR112C
YHR200W	YKL145W
YJL104W	YOL082W
YJL041W	YKL068W
YBR109C	YMR071C
YDR299W	YER127W
YDL155W	YKL068W
YKL057C	YKR082W
YBR234C	YER090W
YDR100W	YMR010W
YGR180C	YJL115W
YBL032W	YDL199C
YML051W	YMR004W
YBR278W	YDR388W
YDR356W	YNL126W
YKL145W	YPR152C
YIL045W	YLL039C
YKR058W	YLR258W
YEL002C	YHR007C
YBR194W	YPL004C
YHL002W	YNL094W
YHR027C	YPL262W
YAR019C	YHR079C
YKL150W	YNL121C
YDR240C	YLR298C
YLR018C	YMR264W
YML049C	YPL151C
YAL028W	YBL032W
YER161C	YGR155W
YBR039W	YDL047W
YEL023C	YMR104C
YML049C	YPR152C
YER025W	YNL255C
YDL126C	YDR411C
YGR155W	YJL034W
YGR130C	YOR181W
YHR027C	YOR261C
YHR027C	YMR246W
YAL043C	YKR002W
YBR133C	YNL094W
YDR381W	YGL120C
YMR028W	YNR032W
YGL048C	YML124C
YFL050C	YJR059W
YAR018C	YOL113W
YNL031C	YOR025W
YKL160W	YLR429W
YCR093W	YDR443C
YCR051W	YNL255C
YBR169C	YLL039C
YLR075W	YNL255C
YGR286C	YMR070W
YAL042W	YLL039C
YFR014C	YFR017C
YGR178C	YLL039C
YGL062W	YHR107C
YGL105W	YPL240C
YKL064W	YNL255C
YER165W	YLR298C
YHR200W	YLL050C
YER021W	YGL048C
YLR176C	YLR357W
YPL004C	YPL164C
YDR145W	YER029C
YGL077C	YOL105C
YDR510W	YOR032C
YLR170C	YNL255C
YGR085C	YLR075W
YDL138W	YDR277C
YLL039C	YLR356W
YNL255C	YPL106C
YGR250C	YML056C
YLR438W	YPL240C
YHR143W-A	YPR093C
YHR005C	YOR212W
YDR304C	YMR016C
YCR084C	YLL039C
YAL032C	YMR031C
YER021W	YFR019W
YBR221C	YCR079W
YDR414C	YDR503C
YKL093W	YNL307C
YLR167W	YOR124C
YER012W	YER177W
YAL062W	YOR375C
YBR241C	YDL192W
YJL124C	YPR080W
YBL032W	YPL230W
YPR156C	YPR192W
YNR004W	YPL157W
YBR112C	YGL181W
YFR004W	YGL037C
YDL159W	YIL113W
YNL125C	YNL197C
YBR108W	YJL165C
YDR104C	YMR032W
YER136W	YKR014C
YDR443C	YML007W
YER005W	YGR284C
YLR343W	YML019W
YNL067W	YNL255C
YDR381W	YNL317W
YFR004W	YFR009W
YDR465C	YKL068W
YML056C	YPR152C
YGR273C	YJL030W
YDR096W	YML114C
YDR427W	YOR261C
YNL031C	YNL206C
YBL032W	YNL122C
YBR194W	YPL151C
YHR010W	YIL125W
YLR449W	YMR049C
YML063W	YPL220W
YOR116C	YPL082C
YLL039C	YOL084W
YOL021C	YOL142W
YKL213C	YMR067C
YBR059C	YOR054C
YER029C	YLR438C-A
YKL029C	YLR180W
YBL032W	YGL013C
YMR086W	YPL004C
YBR109C	YIL149C
YFR034C	YGL173C
YJL076W	YPR187W
YLR330W	YOR244W
YDR307W	YJL091C
YDR224C	YNL255C
YJL081C	YKL104C
YBL080C	YMR104C
YGR250C	YNL025C
YDL225W	YJR070C
YDL126C	YNL155W
YNL081C	YOL027C
YGR249W	YJR059W
YKL117W	YMR186W
YDR307W	YJR117W
YBL047C	YFR014C
YBL032W	YIL105C
YDR427W	YHL030W
YHR205W	YIL153W
YDR510W	YML085C
YDR254W	YLR381W
YDR456W	YJL044C
YLR106C	YLR180W
YDR227W	YMR219W
YNL055C	YNL157W
YNL255C	YPL160W
YDR498C	YNL258C
YLR448W	YOL127W
YEL041W	YNL229C
YML063W	YOR204W
YDR510W	YJL081C
YCR023C	YJR059W
YFR034C	YMR308C
YBL032W	YBR172C
YDR145W	YLR055C
YBR010W	YOR025W
YGR274C	YOL148C
YKR001C	YLL039C
YKL034W	YLL039C
YDR003W	YLL039C
YMR052W	YNL127W
YJR059W	YOR113W
YAR027W	YML038C
YGL004C	YLR421C
YFR034C	YHR021C
YJL124C	YNL255C
YDR465C	YNL255C
YBR109C	YPL019C
YKR081C	YOL102C
YDR381W	YML056C
YDR256C	YGL153W
YGR103W	YMR076C
YBL032W	YDL079C
YFR024C-A	YGL181W
YFR034C	YPR181C
YKL203C	YNL229C
YDR189W	YOR075W
YPL235W	YPR010C
YBL030C	YBR024W
YMR159C	YPR034W
YGL087C	YOR220W
YJL069C	YOR078W
YBR043C	YGR157W
YIL017C	YMR135C
YER131W	YFR004W
YDL126C	YOR117W
YMR043W	YNL068C
YBR234C	YDR510W
YDR099W	YGR097W
YDR100W	YLR108C
YDL015C	YOR016C
YHR082C	YNL182C
YGL106W	YLR429W
YBL007C	YML116W
YNL197C	YOL063C
YBL072C	YPL037C
YIL017C	YNL255C
YER155C	YKL203C
YDL140C	YML088W
YGR261C	YNL255C
YFR004W	YPL079W
YIL105C	YNL307C
YDR099W	YHR200W
YKR026C	YPR104C
YHR099W	YNL136W
YBR193C	YML007W
YBR194W	YGL106W
YBL032W	YMR061W
YBL032W	YDR420W
YKL188C	YPL147W
YDR517W	YJL099W
YDR397C	YER159C
YDR004W	YER173W
YJL002C	YLL039C
YER125W	YMR171C
YJR007W	YLR291C
YGL049C	YOR204W
YDR411C	YJL106W
YDL055C	YER012W
YHR027C	YNL301C
YKL103C	YOL001W
YDL132W	YJL149W
YER162C	YGL167C
YDR033W	YHR027C
YDR146C	YOL001W
YOR227W	YPR152C
YDL084W	YIL021W
YBR194W	YGR005C
YAL007C	YDL054C
YDR156W	YNL197C
YHR200W	YOR298C-A
YER041W	YKR081C
YCR004C	YFR004W
YAL027W	YDR510W
YDR414C	YMR155W
YGR274C	YML114C
YDL029W	YKL104C
YEL059C-A	YMR150C
YBR085W	YFR004W
YDR414C	YLR242C
YGR206W	YLL039C
YBR253W	YPR086W
YGR135W	YJR143C
YDR059C	YPR093C
YDR155C	YMR036C
YDR388W	YKL129C
YDL029W	YHR030C
YGL035C	YJL020C
YDR032C	YLR326W
YJR091C	YLR420W
YNL084C	YNL243W
YKL059C	YMR061W
YLR071C	YOL148C
YBL032W	YLR052W
YDR502C	YFR004W
YGR270W	YJL167W
YFR036W	YNL172W
YHR030C	YOR220W
YDR436W	YLL039C
YGR240C	YLR370C
YGL086W	YGR188C
YER029C	YLR220W
YER165W	YKL068W
YHR061C	YMR055C
YFR004W	YGL123W
YEL071W	YFR004W
YDL055C	YNL055C
YDL223C	YFR004W
YDL047W	YGR085C
YGR104C	YPR168W
YKL013C	YOR181W
YBR177C	YHR114W
YBR143C	YPR010C
YIL071C	YMR025W
YDR427W	YGL048C
YLR025W	YLR181C
YBL078C	YIL004C
YOR181W	YOR317W
YAL034W-A	YNL307C
YLR095C	YPL082C
YFR014C	YLR265C
YMR032W	YPL084W
YBR221C	YDR510W
YJL091C	YPL240C
YLL011W	YNL255C
YBL032W	YNR035C
YBL032W	YLR091W
YFR052W	YGL078C
YER146W	YPL090C
YOL123W	YPL081W
YJL029C	YLL039C
YBR131W	YGL124C
YDL148C	YML010W
YBL032W	YDR033W
YNL172W	YOR249C
YBL032W	YLR151C
YBR010W	YPL181W
YDL139C	YNL030W
YGL127C	YGR104C
YEL037C	YER143W
YOR244W	YPR083W
YDR284C	YLL039C
YHR082C	YPL041C
YBL032W	YGL105W
YNL092W	YOR329C
YPL082C	YPR073C
YBR180W	YKL117W
YBR191W	YFR004W
YLR233C	YNL229C
YHR030C	YPL106C
YKR001C	YMR204C
YBR247C	YDR449C
YLR055C	YPL082C
YOR027W	YPR106W
YER151C	YJL111W
YDR427W	YFR052W
YNL031C	YPL001W
YFR052W	YOR117W
YKL103C	YOL145C
YLR284C	YML064C
YER074W	YHR154W
YDL051W	YPR178W
YBR086C	YHR082C
YKL112W	YMR308C
YHR200W	YPL048W
YBR103W	YOL068C
YER143W	YHR027C
YIL036W	YPL117C
YLR071C	YNL025C
YBR253W	YGL127C
YGR249W	YMR139W
YDR145W	YGR274C
YGL120C	YLR022C
YBL042C	YER021W
YBR274W	YLR438W
YGL131C	YNL031C
YGL179C	YLR055C
YNL197C	YNR044W
YJL136C	YJR059W
YMR216C	YNL186W
YLR029C	YOL127W
YER151C	YGR254W
YDR214W	YHL030W
YBL032W	YPR155C
YGR116W	YML010W
YDL160C	YPR129W
YDL123W	YPL145C
YHR205W	YMR216C
YMR167W	YOR155C
YBL032W	YNL176C
YER177W	YNL031C
YBR274W	YNL031C
YGR005C	YOL051W
YER178W	YHR200W
YMR186W	YNR032W
YIL068C	YPR055W
YJL178C	YOR316C
YJL020C	YLR337C
YGR254W	YHR200W
YGR128C	YLR222C
YDL088C	YIL115C
YIL002C	YJL083W
YDR510W	YER039C
YBL032W	YBR238C
YAL062W	YIL033C
YGL158W	YOL070C
YFR004W	YIL142W
YDR303C	YKR008W
YER146W	YPL152W
YER086W	YJR109C
YBL032W	YOR291W
YLL039C	YPL001W
YGL210W	YNL255C
YJR103W	YKL117W
YGR254W	YPR152C
YHR082C	YPL203W
YCR098C	YNL008C
YAL030W	YNL255C
YBR194W	YNL172W
YDL140C	YER125W
YDR510W	YMR049C
YML014W	YNL255C
YDR174W	YGR274C
YGL179C	YHR137W
YDL029W	YKL129C
YKR095W	YNL255C
YNL219C	YPL094C
YFR004W	YPL048W
YBL032W	YGR268C
YDR189W	YHR094C
YBL032W	YOR303W
YBR173C	YOR362C
YDR057W	YOL013C
YKL185W	YOR120W
YBR010W	YLR449W
YDR099W	YOR298C-A
YBR221C	YDL239C
YDR227W	YNL031C
YBL032W	YNR066C
YCL040W	YHR027C
YEL056W	YLL004W
YER012W	YPR080W
YBL105C	YEL002C
YMR070W	YPL127C
YIL084C	YPL181W
YDR099W	YJR090C
YCR009C	YNL255C
YNL225C	YOR244W
YGL223C	YIL004C
YLL039C	YPL006W
YDR092W	YGR005C
YGL093W	YJR112W
YAL032C	YIL068C
YBL007C	YJL106W
YBL032W	YPR083W
YNL136W	YPL066W
YMR071C	YNL255C
YAL021C	YER165W
YHL030W	YKL029C
YBR059C	YIL160C
YDL126C	YNL031C
YBR128C	YPL120W
YDR099W	YNL020C
YGL173C	YJL141C
YGR274C	YPL129W
YLR055C	YOL051W
YBL007C	YOR211C
YDR166C	YPR055W
YGR085C	YLR448W
YBL050W	YFR004W
YCR057C	YOR078W
YHR118C	YLL004W
YLR421C	YNL255C
YFR024C-A	YNL243W
YDR288W	YOL034W
YBR060C	YHR118C
YGL106W	YLR288C
YDR017C	YDR099W
YBR039W	YJR007W
YBR109C	YNL031C
YNL255C	YOL112W
YBR103W	YMR061W
YBL102W	YDR414C
YKL182W	YPR152C
YCR094W	YLL039C
YBL007C	YMR147W
YLL039C	YMR210W
YJL076W	YPR010C
YER016W	YOR151C
YBR121C	YHR082C
YDR510W	YKL126W
YBR010W	YER169W
YER125W	YPR187W
YCL027W	YGR070W
YER012W	YOR362C
YJL076W	YLR019W
YOR261C	YOR362C
YBR137W	YOR007C
YJR059W	YNL045W
YMR070W	YNL197C
YGL056C	YGL077C
YDR432W	YNL251C
YER012W	YOL145C
YEL034W	YER151C
YFR004W	YKL127W
YCR072C	YLR074C
YDR224C	YLR357W
YIL105C	YOR181W
YIR007W	YPR080W
YBL092W	YJR094W-A
YIL021W	YMR186W
YFL039C	YOR181W
YDR100W	YPL135W
YBL007C	YIL156W
YPL178W	YPL190C
YIL095W	YIR006C
YBL032W	YLR019W
YBR196C	YOR117W
YDR032C	YLR291C
YGL195W	YHR027C
YDL148C	YIL019W
YOR294W	YPL131W
YHR027C	YOR271C
YDR388W	YJR115W
YDL160C	YNL255C
YOL012C	YPL235W
YJL070C	YMR131C
YDR050C	YLL039C
YGR086C	YPL150W
YMR314W	YOR117W
YFR004W	YOR317W
YBR225W	YPL203W
YDR028C	YDR099W
YBL032W	YGL083W
YPL248C	YPR056W
YIL125W	YOR005C
YCR016W	YJL165C
YER006W	YGR085C
YMR197C	YOR036W
YIR037W	YML070W
YHR030C	YOR353C
YBL032W	YJL172W
YNL201C	YPR115W
YHR152W	YPL061W
YDR181C	YJL115W
YKL210W	YPL209C
YER151C	YKL145W
YEL043W	YNL197C
YFR014C	YPR083W
YKR081C	YPR102C
YBR247C	YCR073C
YER021W	YIR025W
YER151C	YNL255C
YCL009C	YER012W
YIL156W	YMR032W
YGR060W	YLR343W
YBR052C	YIR037W
YAL059W	YMR186W
YLR080W	YPR181C
YER029C	YKL012W
YBR267W	YLR387C
YBR177C	YKL140W
YDL115C	YGR186W
YKR026C	YMR267W
YDR032C	YLR429W
YFR053C	YGL253W
YBR267W	YMR139W
YLR019W	YPR010C
YDR358W	YGL206C
YGR085C	YHR200W
YDL210W	YJL106W
YJR009C	YMR031C
YHR005C	YLR240W
YGL167C	YIL146C
YFR004W	YOL158C
YOR165W	YPR028W
YLL004W	YPL001W
YDR313C	YLL039C
YGL172W	YLR335W
YAL043C	YDL140C
YDL072C	YFR004W
YHR152W	YIL105C
YGR270W	YPL116W
YIR026C	YKL051W
YIL149C	YNL128W
YBR136W	YOR210W
YJL008C	YNL212W
YER005W	YJL004C
YIL107C	YMR139W
YLL039C	YPL082C
YKL206C	YMR314W
YDL078C	YOL147C
YLR215C	YOL117W
YDL007W	YHR082C
YLR085C	YOL012C
YBR126C	YMR251W
YDL115C	YNL255C
YHR197W	YLR075W
YDL087C	YGL173C
YGL158W	YJR142W
YMR246W	YOL133W
YBL032W	YHR079C
YNL085W	YNL090W
YIL016W	YLR018C
YGL049C	YPR152C
YLR079W	YLR345W
YAL043C	YMR061W
YDR001C	YDR099W
YER165W	YGR178C
YLR335W	YPL235W
YDR388W	YPL209C
YDR443C	YOL051W
YBR272C	YKL145W
YBR126C	YLR215C
YGL035C	YGL253W
YDR050C	YOR117W
YCR009C	YDL044C
YOR197W	YPR154W
YHR118C	YJR046W
YHR200W	YLR180W
YJL054W	YJL104W
YKL104C	YLR052W
YDL140C	YOR001W
YLL039C	YPR073C
YBL032W	YEL036C
YBL056W	YMR246W
YER021W	YPR119W
YFR051C	YGR284C
YBR194W	YDL126C
YDL126C	YML029W
YDR505C	YPR154W
YJL034W	YOR008C
YCR073C	YDL125C
YHR086W	YPR080W
YBL032W	YBR229C
YER172C	YGL100W
YHR090C	YNL031C
YOL051W	YPR086W
YML088W	YPL231W
YKR068C	YPL240C
YOR001W	YPL190C
YDR510W	YPL082C
YGR289C	YIL016W
YDR159W	YOR257W
YFR004W	YNL055C
YAR019C	YIL095W
YBR272C	YHR200W
YFR032C-A	YOL127W
YDR137W	YJR059W
YGL179C	YPL222W
YCR066W	YDR092W
YDR273W	YML051W
YHL030W	YKL145W
YDR323C	YPL240C
YBL007C	YGL206C
YLR102C	YOR249C
YLL017W	YNL098C
YDR510W	YPL181W
YBR234C	YOR269W
YMR035W	YMR150C
YGR192C	YKL039W
YPR106W	YPR115W
YDR510W	YOR001W
YHR197W	YMR049C
YDR264C	YJL178C
YFR014C	YNL267W
YJL124C	YPR178W
YER006W	YNL182C
YGL173C	YPL190C
YNL255C	YPR051W
YGR274C	YNL216W
YOR181W	YPL180W
YDR510W	YNL121C
YDR369C	YKL022C
YGL227W	YJL106W
YBL072C	YCL059C
YER095W	YJR109C
YGL206C	YLL039C
YIR026C	YOL147C
YDR080W	YKR014C
YJL041W	YPR119W
YBR241C	YGR060W
YAL035W	YPR041W
YLR429W	YPL004C
YNL110C	YPR169W
YJL106W	YNL186W
YMR235C	YPL111W
YBL032W	YPL276W
YER161C	YGR116W
YDR155C	YDR362C
YER151C	YGL105W
YDL007W	YHR027C
YCR026C	YLL039C
YGL158W	YPR010C
YFR004W	YKR082W
YBR001C	YFR014C
YBR121C	YER151C
YFR052W	YOR257W
YDL217C	YHR114W
YNL243W	YOR181W
YBR208C	YOR117W
YAL032C	YKR054C
YGR085C	YKL180W
YER129W	YGL035C
YBL091C	YNL255C
YDR517W	YPR080W
YBR060C	YJR046W
YER177W	YGL078C
YDL192W	YNL255C
YDR499W	YOR176W
YGR016W	YMR104C
YBL078C	YOL082W
YFR024C-A	YPR055W
YBR086C	YLL039C
YBR109C	YLR304C
YGR188C	YNL255C
YDR479C	YPL020C
YCR024C-A	YGR284C
YNL110C	YPL012W
YLL039C	YOR086C
YOL142W	YOR076C
YOL127W	YPL090C
YBR247C	YNL110C
YCR095C	YNL032W
YDR432W	YPL106C
YDR249C	YNL197C
YER146W	YLR438C-A
YJL176C	YPL248C
YLR231C	YPL203W
YBL058W	YML064C
YLR079W	YML092C
YBL101C	YLL039C
YAL021C	YCR093W
YOR117W	YOR375C
YDR228C	YPR049C
YOR210W	YPR093C
YIL149C	YPL124W
YGR203W	YNL255C
YCR012W	YFR004W
YDR184C	YJR022W
YFR014C	YGL055W
YLR180W	YOR151C
YDL199C	YJL004C
YBL047C	YJR005W
YBL032W	YBR029C
YGL120C	YGL173C
YER012W	YFR004W
YBR109C	YBR229C
YDR452W	YHR161C
YBR167C	YNL255C
YGR185C	YLL039C
YMR102C	YPL026C
YDL076C	YPL139C
YBR059C	YKR092C
YGL237C	YPR069C
YBR112C	YDR510W
YDL213C	YLL027W
YGR203W	YNL314W
YBL032W	YLR378C
YDR299W	YNL207W
YDR060W	YNL255C
YMR159C	YNL255C
YER082C	YER161C
YDR510W	YER111C
YER151C	YJR144W
YBR060C	YPR162C
YML029W	YNL329C
YKR048C	YLR429W
YHR005C-A	YNL255C
YIL045W	YOR178C
YCR012W	YNL255C
YER016W	YPL209C
YCL059C	YOR287C
YBR194W	YIL105C
YDL208W	YNR067C
YCL059C	YNL255C
YDR432W	YGL173C
YGL153W	YNL044W
YHR200W	YPL262W
YDL140C	YPL248C
YKL152C	YOR117W
YBR115C	YGL154C
YDL140C	YNL197C
YGR180C	YPR106W
YBR169C	YMR176W
YGR192C	YKL142W
YBR059C	YLR377C
YER151C	YJL008C
YDR388W	YGR098C
YJR102C	YLR417W
YBR202W	YGL001C
YEL043W	YGR089W
YBR172C	YER172C
YBR289W	YMR072W
YJL029C	YPL026C
YBL007C	YHR079C
YKL093W	YMR139W
YOL021C	YPR187W
YBR177C	YGR082W
YBL032W	YER167W
YFR014C	YOL148C
YBR140C	YLR310C
YDL213C	YDR381W
YER095W	YMR167W
YDR386W	YPR119W
YKR079C	YPR106W
YDR388W	YGR159C
YBR247C	YKL180W
YKL126W	YMR104C
YDL145C	YEL060C
YBR035C	YDL101C
YBL058W	YDR381W
YDL140C	YNL246W
YDR449C	YGR145W
YDL015C	YLR343W
YLL039C	YPL206C
YNL197C	YNL278W
YBL032W	YNL327W
YGL121C	YJR053W
YBR196C	YER125W
YLR215C	YPR080W
YDR284C	YPL147W
YGR013W	YHR086W
YJL069C	YKL012W
YLR196W	YPR161C
YDL126C	YGR270W
YLL039C	YOL019W
YER086W	YMR308C
YLL039C	YPL012W
YKL104C	YLR180W
YHR082C	YLL039C
YDL123W	YEL013W
Q0085	YCR106W
YFR014C	YNL111C
YCR095C	YNL099C
YDR224C	YNL246W
YHR115C	YPL085W
YDR510W	YJR109C
YKL126W	YPR111W
YEL036C	YGL167C
YKL145W	YOR261C
YBL032W	YNL148C
YAL059W	YBR115C
YBL032W	YIL115C
YDL160C	YNL197C
YML058W	YNL172W
YHR114W	YMR253C
YGR254W	YJL129C
YFR004W	YPL110C
YGR104C	YPL082C
YBL093C	YDL140C
YJR145C	YNL255C
YDR155C	YNL157W
YDR510W	YLR223C
YLR199C	YPR103W
YDL106C	YFR034C
YCR072C	YLR106C
YBR173C	YKR054C
YKR027W	YMR237W
YGR086C	YNL255C
YDL103C	YJL006C
YGL120C	YPL081W
YGR038W	YML029W
YER161C	YER172C
YKL129C	YLL039C
YJR022W	YOL140W
YCL040W	YHR200W
YER021W	YHL030W
YKR081C	YLR029C
YBL032W	YML088W
YLL039C	YMR208W
YBL032W	YER128W
YAL062W	YHR200W
YGR134W	YNL288W
YGR180C	YJL006C
YJR044C	YOL129W
YGR128C	YIL019W
YNL030W	YNL246W
YOR244W	YPL139C
YGL253W	YHR152W
YDL039C	YJL165C
YBR157C	YKL089W
YNL093W	YOR357C
YBR172C	YCR093W
YBR010W	YJL115W
YBL032W	YDR145W
YPL018W	YPL174C
YMR167W	YNL082W
YJR143C	YNL197C
YJL069C	YPL086C
YDR155C	YLR074C
YML063W	YPR129W
YNL255C	YPR056W
YER177W	YOR244W
YBL091C-A	YPL094C
YLR229C	YOL113W
YDL022W	YDR142C
YKR048C	YPL150W
YBR133C	YPL209C
YPL004C	YPR152C
YDR408C	YGL127C
YLR330W	YMR237W
YGR061C	YOR117W
YDR285W	YOL069W
YDR378C	YLR438C-A
YDR270W	YHR114W
YFR014C	YHR090C
YBL032W	YDL223C
YCR093W	YLL039C
YDR233C	YNL044W
YGR059W	YHR023W
YBL032W	YJL073W
YDR159W	YIL149C
YGL157W	YMR034C
YBL007C	YHR114W
YHR027C	YMR314W
YDL145C	YGL081W
YDL055C	YPR119W
YGL208W	YML007W
YNL027W	YOL001W
YOL051W	YPL082C
YJL051W	YLR248W
YOL120C	YOR204W
YDR002W	YNL255C
YJL124C	YKR026C
YAR028W	YPL264C
YBL032W	YBR086C
YMR215W	YPR156C
YAL019W	YFR052W
YER062C	YIL045W
YLL011W	YLR409C
YDR156W	YNL172W
YHR099W	YPR152C
YLR049C	YPL161C
YGL253W	YHR027C
YDL126C	YDR028C
YHR099W	YNL216W
YHR027C	YLR060W
YGR086C	YPL004C
YDR356W	YNL225C
YBL032W	YBR105C
YER090W	YHR200W
YBR196C	YMR186W
YDR099W	YPR030W
YJR032W	YLL039C
YHR066W	YNL110C
YGR241C	YNL020C
YBL032W	YDL072C
YBL032W	YNL027W
YJR112W	YNL255C
YLR259C	YNL055C
YDL215C	YML131W
YGR147C	YNL255C
YFR004W	YNL241C
YEL034W	YER025W
YGR085C	YJR145C
YBR103W	YLR409C
YHR027C	YNL067W
YFR004W	YPL231W
YER164W	YGR270W
YML063W	YOL127W
YDR510W	YMR067C
YLR029C	YLR448W
YCL039W	YMR135C
YHR082C	YNL136W
YLL039C	YPR055W
YER020W	YOR273C
YDL078C	YKL185W
YDL148C	YLL011W
YER082C	YLR409C
YBR272C	YFR004W
YHR099W	YPR070W
YER173W	YIL139C
YDR510W	YER159C
YDR174W	YLR074C
YGL120C	YLR424W
YIL042C	YJL124C
YAL054C	YLR049C
YER151C	YPL106C
YLR310C	YPL203W
YJL053W	YOR132W
YDR227W	YER151C
YBL032W	YIL080W
YDR299W	YKR060W
YFR019W	YFR021W
YBL032W	YDR406W
YGR155W	YHR007C
YJR059W	YOR083W
YLR055C	YOL148C
YBR194W	YDR050C
YHR200W	YLR421C
YMR294W	YPR083W
YBL091C-A	YML029W
YBL032W	YLR239C
YBR080C	YHR027C
YHR012W	YOR132W
YIL095W	YPR161C
YMR091C	YPR034W
YJL041W	YOL132W
YKR101W	YNL216W
YDL029W	YPR178W
YFR034C	YKR001C
YOL111C	YOR007C
YLL039C	YLR060W
YER136W	YJR035W
YDL019C	YKL129C
YCR057C	YGR135W
YCL009C	YNL212W
YAL043C	YOR179C
YLL031C	YNL197C
YCR088W	YNL020C
YKR026C	YKR046C
YFR014C	YGR180C
YDR404C	YHR143W-A
YDR174W	YNL135C
YJL144W	YNL255C
YML124C	YOR259C
YBR173C	YPR103W
YHR027C	YNL255C
YJL097W	YML029W
YBL058W	YPR168W
YDL208W	YOR308C
YOR219C	YOR357C
YER125W	YLR291C
YOR151C	YPR187W
YKR008W	YPR034W
YDL047W	YNL255C
YDR137W	YNL307C
YEL037C	YOR117W
YHR199C	YMR308C
YAL021C	YIL038C
YCL059C	YCR057C
YHR099W	YOL012C
YFR024C-A	YMR253C
YGR250C	YPL178W
YGR145W	YNL255C
YOL096C	YOR125C
YNL255C	YPR075C
YDR306C	YOL133W
YLR258W	YOR178C
YIR007W	YMR186W
YNL042W	YPL026C
YCR057C	YNL255C
YDR283C	YNL025C
YBL030C	YHR051W
YEL022W	YKL029C
YMR072W	YPR152C
YJL058C	YNL229C
YBL032W	YNL058C
YDR103W	YEL023C
YBL058W	YDR411C
YJL184W	YOR117W
YCL027W	YKL092C
YNL085W	YPR034W
YMR112C	YPR070W
YBR194W	YJL005W
YDR510W	YPR080W
YIL095W	YJL129C
YGR128C	YPR178W
YMR239C	YPL190C
YJL141C	YMR037C
YBR059C	YJR059W
YAL025C	YHR066W
YDR254W	YNR062C
YBR080C	YNL288W
YBL025W	YMR270C
YIR025W	YJL058C
YCR093W	YJL141C
YBR191W	YOR117W
YGR128C	YLR409C
YDL047W	YPL152W
YNL207W	YOR290C
YDR388W	YOR362C
YGR284C	YMR272C
YGR128C	YLL011W
YKL195W	YLL039C
YBL032W	YDL088C
YDL072C	YLR378C
YNL172W	YPL209C
YER164W	YNL030W
YDR303C	YGR056W
YBR108W	YDR388W
YAR027W	YKR105C
YER125W	YML010W
YFR034C	YNL015W
YMR239C	YNL251C
YDL051W	YPL243W
YJR059W	YKL013C
YDL089W	YLR324W
YDL051W	YER125W
YDR099W	YOR257W
YGR104C	YPR056W
YDL210W	YLR292C
YER161C	YIR001C
YBR001C	YGL106W
YBL032W	YPR065W
YDR100W	YNL204C
YER029C	YGL120C
YBR052C	YHR094C
YDL103C	YFR004W
YBR010W	YMR308C
YKL114C	YPL127C
YNL084C	YOR181W
YDL160C	YDR378C
YDR176W	YPL082C
YJL020C	YJL194W
YBR157C	YJR059W
YGL066W	YOL148C
YNL055C	YPR010C
YBL007C	YNL176C
YDR155C	YOR290C
YDR314C	YIL105C
YIL142W	YOR212W
YHR066W	YOL077C
YJL146W	YLL039C
YBR080C	YHR200W
YIL095W	YKL062W
YIR025W	YNL172W
YER082C	YFR034C
YDL240W	YLR229C
YOL082W	YPR049C
YOL065C	YPL026C
YNL255C	YNL325C
YGL167C	YKR039W
YGL172W	YML092C
YBR194W	YKL022C
YLL039C	YNL085W
YER177W	YGR097W
YMR032W	YOR191W
YNL049C	YPR181C
YLR222C	YMR105C
YGL077C	YMR011W
YDR244W	YLR377C
YBR193C	YGR116W
YAL042W	YBR229C
YKL103C	YPR049C
YBR143C	YDR140W
YPR082C	YPR178W
YLR257W	YOR244W
YDR427W	YFR004W
YFR009W	YHR200W
YER151C	YOL039W
YDR335W	YOR083W
YFL024C	YFL039C
YDL148C	YPL012W
YLL039C	YOR304W
YNR033W	YOR244W
YGR155W	YML085C
YCR009C	YFR004W
YCR079W	YFL018C
YER074W	YOL127W
YDR028C	YFR004W
YDL165W	YER068W
YDR381W	YPL209C
YER029C	YJR022W
YDR334W	YJL081C
YJL034W	YLR207W
YAR015W	YLR291C
YGL179C	YHL024W
YBR273C	YJL048C
YBL030C	YOR271C
YGR268C	YOR042W
YJR032W	YPL161C
YBR194W	YGL049C
YDR510W	YGR211W
YFR014C	YIL010W
YDL159W	YMR322C
YGL158W	YOR193W
YER151C	YNL110C
YDR007W	YLL039C
YDL078C	YML105C
YBR108W	YGR086C
YBR274W	YKL104C
YHR027C	YHR063C
YFR014C	YKL127W
YDR381W	YDR475C
YER146W	YJL084C
YPL012W	YPL220W
YDR159W	YER105C
YBL032W	YOR192C
YLR424W	YPR182W
YKL145W	YLR292C
YDL055C	YJL008C
YBL032W	YOR245C
YBR172C	YPL240C
YJR047C	YLR362W
YGR128C	YMR129W
YBR126C	YIR032C
YER151C	YPL218W
YDR315C	YJR117W
YDR480W	YLR291C
YDR432W	YMR216C
YBR109C	YDR231C
YOL065C	YPL240C
YKR081C	YNL110C
YDR265W	YNL329C
YER146W	YJR022W
YBL032W	YGL179C
YCL067C	YMR043W
YER151C	YER155C
YDL145C	YFL048C
YDR443C	YNL288W
YBL032W	YDR223W
YDR307W	YOR016C
YKL141W	YLL039C
YMR036C	YPR161C
YEL034W	YOR117W
YBR133C	YDL154W
YDR334W	YHR129C
YDL192W	YHR200W
YCR057C	YPL220W
YHR200W	YJL008C
YHR200W	YJR007W
YER095W	YKL182W
YGL160W	YLL039C
YGL206C	YLR330W
YER012W	YPL131W
YNL047C	YNL207W
YOR027W	YPL106C
YCR012W	YDL145C
YEL022W	YGR231C
YBR289W	YJL176C
YGL253W	YNL206C
YGL120C	YML056C
YJL055W	YLL039C
YDR388W	YJL084C
YNL255C	YOL039W
YLL039C	YMR256C
YLL004W	YMR036C
YAL030W	YOR036W
YLL039C	YPR108W
YNL255C	YPL098C
YGL048C	YPR108W
YJR059W	YOL128C
YFR032C-A	YFR034C
YLL039C	YOL059W
YBR274W	YMR270C
YDL015C	YMR215W
YIL105C	YLL039C
YER131W	YLR435W
YKL089W	YOL091W
YLR052W	YOR304W
YBL032W	YDR542W
YDL160C	YOR308C
YKL104C	YPL111W
YGL158W	YJR094W-A
YER068W	YLR438C-A
YER029C	YOR308C
YGR284C	YOR165W
YML007W	YMR308C
YHR030C	YIL113W
YGR145W	YLL011W
YKL124W	YLL039C
YEL056W	YJL115W
YER101C	YLL039C
YOR244W	YPL222W
YJL189W	YKR048C
YFR034C	YJR094W-A
YDR265W	YGR133W
YNL255C	YPL127C
YHR090C	YHR099W
YDL126C	YKL145W
YOL147C	YPL240C
YHR200W	YMR186W
YAL030W	YBR080C
YBL032W	YER045C
YNL251C	YOR151C
YDR510W	YPL028W
YJL124C	YLR362W
YLL039C	YOL065C
YLL062C	YOR064C
YNL030W	YOR304W
YGR186W	YML010W
YLL039C	YOR036W
YDL159W	YDR103W
YER030W	YNL255C
YCR028C	YJL004C
YNL099C	YNL255C
YHR185C	YMR016C
YBR274W	YOL059W
YER025W	YHR027C
YDR099W	YNL031C
YBL042C	YGR130C
YEL037C	YHR134W
YBR108W	YMR032W
YEL002C	YML048W
YHR200W	YML126C
YDR145W	YOR244W
YFL039C	YGR240C
YFR024C-A	YIL156W
YNL229C	YNL255C
YGR192C	YLL039C
YGL075C	YLR457C
YJL020C	YLR258W
YBL007C	YNL229C
YBR058C	YBR112C
YDL225W	YOR259C
YFR014C	YGL208W
YAL035W	YFR004W
YDR510W	YMR235C
YLR429W	YMR086W
YMR308C	YPR093C
YKL207W	YNL055C
YPR082C	YPR182W
YER125W	YHL024W
YJR056C	YNL197C
YDR174W	YGR250C
YKR048C	YNL255C
YBR018C	YHR030C
YGL153W	YLR291C
YJR025C	YOL113W
YHR200W	YKL029C
YAL030W	YGR009C
YBL050W	YBR080C
YBL032W	YMR164C
YKL029C	YML085C
YER164W	YMR072W
YBL032W	YNL241C
YFR004W	YKR002W
YBL032W	YOR198C
YDR510W	YLR221C
YGR184C	YJL141C
YFR004W	YGL253W
YBR102C	YGL233W
YBR010W	YJL176C
YBR136W	YDR499W
YER032W	YGR178C
YMR186W	YOR181W
YDR100W	YML029W
YHR200W	YLR354C
YJR112W	YOR195W
YAR066W	YBL032W
YHR114W	YMR313C
YEL034W	YJR007W
YDR379W	YNL201C
YBR221C	YER178W
YNL093W	YOR089C
YLR182W	YML114C
YBR035C	YPL240C
YHR090C	YNL136W
YCR009C	YFL039C
YCR010C	YJR040W
YLR259C	YML124C
YKL213C	YOR116C
YLR438C-A	YNL147W
YIL156W	YKL129C
YBR194W	YKL182W
YCR005C	YKL085W
YDL140C	YKR062W
YBR274W	YNR046W
YBR208C	YLL039C
YDR335W	YGL172W
YCR011C	YLL039C
YBL032W	YGR023W
YHL036W	YNL197C
YJR091C	YLR370C
YHR079C	YML037C
YCR012W	YDR510W
YER089C	YHR079C
YDL100C	YDR304C
YHR174W	YKL142W
YGL206C	YJL084C
YDL087C	YGR013W
YDR176W	YGR274C
YGL100W	YMR129W
YNR065C	YOR181W
YHR197W	YOL077C
YFL024C	YOR244W
YER036C	YIL095W
YGL120C	YIL002C
YDL055C	YER095W
YDR335W	YKL104C
YGR282C	YLL039C
YBR193C	YDR443C
YGL079W	YLR408C
YJR004C	YNL197C
YDL159W	YER151C
YHR200W	YJR137C
YER024W	YLL039C
YJL020C	YJR059W
YER074W	YLR448W
YER151C	YKL180W
YBR235W	YNL197C
YHR030C	YKR026C
YLR060W	YOR117W
YGL227W	YMR135C
YKL065C	YLL023C
YKL065C	YLR378C
YBR019C	YLR055C
YER006W	YKL117W
YGL105W	YGR264C
YDL132W	YJR090C
YER151C	YGR086C
YNL255C	YNR033W
YER122C	YHR200W
YDL175C	YDR432W
YDR480W	YJL058C
YBL032W	YPR181C
YAL043C	YPL008W
YJR145C	YML063W
YFR033C	YNL197C
YGL035C	YOL041C
YGL192W	YOR125C
YJL052W	YJR009C
YFL039C	YNL243W
YDR373W	YER177W
YDL100C	YER017C
YDR510W	YLR448W
YGR086C	YPL235W
YER122C	YFR004W
YKL127W	YLL039C
YGL120C	YNL224C
YDL128W	YKL116C
YHR153C	YIL073C
YIR026C	YOL063C
YDR145W	YNL216W
YOL027C	YOR150W
YGR211W	YOR117W
YFL039C	YHR090C
YGL179C	YNL027W
YHL024W	YPR129W
YHR099W	YOL148C
YJL146W	YJR059W
YFL008W	YGR089W
YBR173C	YER094C
YGR277C	YPL060W
YML092C	YPR103W
YDR126W	YEL002C
YML051W	YOL148C
YGR097W	YPR115W
YBL007C	YPR102C
YCR088W	YCR099C
YDR287W	YNL255C
YLR430W	YPR080W
YFL039C	YML126C
YJL036W	YPR105C
YDL007W	YNL255C
YGR186W	YPR187W
YDR499W	YJR096W
YGL100W	YHR174W
YDR159W	YDR432W
YER086W	YLR259C
YLR196W	YPL012W
YKL145W	YPR119W
YPL240C	YPL264C
YDL213C	YPL117C
YKL214C	YML010W
YHR027C	YML100W
YGL206C	YOR181W
YCL059C	YDR299W
YBL032W	YJR107W
YLR075W	YOR234C
YDL004W	YPL160W
YGL023C	YMR049C
YAL042W	YGL158W
YER125W	YGL206C
YCR057C	YML130C
YDR346C	YOR244W
YGL033W	YGL183C
YBR115C	YLL039C
YBR173C	YGL048C
YAL064W-B	YBL032W
YIL138C	YNL255C
YNL110C	YPL131W
YJL020C	YPR184W
YDL126C	YFR004W
YLR240W	YPL120W
YFR004W	YLR028C
YDL047W	YIL153W
YHR152W	YNL172W
YDR427W	YLR421C
YNL030W	YNL206C
YDL100C	YHR057C
YBL105C	YPR154W
YJL124C	YOR204W
YJL124C	YJR022W
YFR004W	YGR135W
YCR057C	YGR128C
YDL208W	YPR178W
YBR247C	YML024W
YDL113C	YDR100W
YAL032C	YJR005W
YPR056W	YPR086W
YAR027W	YIL004C
YDR386W	YJL020C
YBR115C	YJR145C
YKR054C	YML085C
YLR071C	YPR086W
YER165W	YIL095W
YBL103C	YPL240C
YDL148C	YDR299W
YBR039W	YPR106W
YDR001C	YPL203W
YDL225W	YGR282C
YCR057C	YJR145C
YFL007W	YFR050C
YDR306C	YMR105C
YHR030C	YOL123W
YBL032W	YMR039C
YBL032W	YMR135C
YBL072C	YHR200W
YDL101C	YDL200C
YDR502C	YOR117W
YER029C	YLR298C
YDL055C	YLR106C
YDL235C	YKL114C
YER062C	YPL201C
YJL167W	YOR117W
YIR006C	YOL101C
YCR066W	YLL039C
YJL110C	YLR424W
YAL065C	YBL032W
YER012W	YLR421C
YGR211W	YOR009W
YIR005W	YPR094W
YBR247C	YDR346C
YER177W	YOL013C
YFR004W	YJR109C
YFR004W	YOR220W
YML058W	YPR083W
YNL020C	YNL243W
YBL032W	YGL049C
YBR221C	YLR345W
YDR510W	YOL077C
YDR510W	YKL104C
YAR002W	YER165W
YBL025W	YDL113C
YER122C	YOL113W
YBL032W	YOR383C
YLR419W	YNL255C
YDL029W	YNL271C
YKR081C	YOR005C
YER155C	YLR229C
YNL098C	YNL255C
YLR206W	YOL111C
YJL005W	YLR310C
YHR027C	YOR303W
YDR510W	YGR135W
YGR240C	YOR117W
YDR350C	YOL123W
YLR418C	YOL145C
YGR086C	YLR079W
YER151C	YOR078W
YBL032W	YCR073C
YBL032W	YML066C
YJR090C	YLL050C
YKL145W	YOR257W
YMR031C	YOR181W
YBR200W	YHR082C
YDR254W	YKL089W
YHR001W	YNL283C
YER125W	YLL039C
YKL213C	YLL039C
YDR311W	YGR258C
YCL059C	YOR078W
YLR045C	YOR269W
YHR005C-A	YJL054W
YJL186W	YLL039C
YER105C	YIL115C
YDR449C	YLR222C
YBR247C	YNL207W
YGL121C	YLR278C
YAL059W	YGL195W
YGR103W	YIR026C
YDR277C	YPL240C
YAL021C	YER068W
YER146W	YPR010C
YDR427W	YHR027C
YDR060W	YGR103W
YGL123W	YGR085C
YHL002W	YLL039C
YER151C	YJR145C
YBL032W	YNL322C
YGR185C	YOR117W
YLR423C	YOL034W
YGR086C	YJR156C
YFL018C	YIL125W
YER159C	YPL082C
YPL129W	YPR034W
YGL004C	YHR027C
YAL032C	YLR423C
YMR091C	YNL255C
YHR079C	YJL034W
YKL010C	YML064C
YDR214W	YPL240C
YGR240C	YJR090C
YGR103W	YMR023C
YJL034W	YKL145W
YAR027W	YIL016W
YGL035C	YGL179C
YLR167W	YOL117W
YDR398W	YMR246W
YFR004W	YLR027C
YJR109C	YLR291C
YLL023C	YLL039C
YDR139C	YPR066W
YDR196C	YJL194W
YKL180W	YNL301C
YDR179C	YOL117W
YKL010C	YPR080W
YJR159W	YPL240C
YKL140W	YMR152W
YGR095C	YOR001W
YKR026C	YNL255C
YER161C	YNL255C
YNL255C	YPR082C
YGL231C	YNL255C
YDR414C	YLL023C
YBR200W	YPL038W
YDR259C	YLR423C
YJL117W	YPL240C
YFR052W	YMR191W
YDR216W	YNL025C
YBL032W	YOR134W
YDR516C	YPL026C
YKL182W	YLL039C
YBR194W	YNL271C
YML088W	YOR151C
YIL123W	YLL039C
YCL040W	YER125W
YEL005C	YGL079W
YDL159W	YOL123W
YGR224W	YHR152W
YKR018C	YLL039C
YHR027C	YPL160W
YDL165W	YPL037C
YLR457C	YPL018W
YLR396C	YMR291W
YNL030W	YOR025W
YBR060C	YJL194W
YER165W	YOR198C
YER151C	YGL120C
YDR335W	YGR009C
YDR517W	YNL049C
YDR233C	YOR285W
YLR074C	YPR016C
YDL140C	YLR071C
YGR203W	YLR397C
YDR099W	YNL042W
YBR095C	YDR510W
YDL132W	YLR267W
YDR398W	YOR259C
YER021W	YOR362C
YCL059C	YLR222C
YEL056W	YML131W
YDR159W	YER063W
YDL115C	YDR404C
YLR421C	YOR117W
YFR034C	YML114C
YDL223C	YIL095W
YHR010W	YNL110C
YBR273C	YMR139W
YDR510W	YJR016C
YKR055W	YNL127W
YGR070W	YHR030C
YKL190W	YMR211W
YDR303C	YKR001C
YER143W	YLL039C
YDL051W	YLR074C
YCL032W	YDR103W
YBL032W	YPL193W
YDR414C	YER005W
YML036W	YMR319C
YFL048C	YLL039C
YDL055C	YKL104C
YBL007C	YNL084C
YDL137W	YLL039C
YDR233C	YEL056W
YGL120C	YLR074C
YLR421C	YOR261C
YFR004W	YKL145W
YBR059C	YGL153W
YDL051W	YHR082C
YIL142W	YOR230W
YBR274W	YJL076W
YDL200C	YKL073W
YNL030W	YOR290C
YDR510W	YLR055C
YDL126C	YOR197W
YDR060W	YLR221C
YBR143C	YDR510W
YFR004W	YPL117C
YHR143W-A	YOR210W
YML020W	YNL197C
YNL255C	YPR016C
YBR208C	YDL029W
YDR323C	YGL095C
YJR066W	YLR377C
YNL055C	YOR151C
YDR386W	YJR144W
YDR228C	YOR250C
YOL069W	YPL124W
YGL049C	YGR013W
YER036C	YJR145C
YMR308C	YOR117W
YFR052W	YKL203C
YDR510W	YLR231C
YDR228C	YDR381W
YCR028C	YNR065C
YGR013W	YKL012W
YDR159W	YJL197W
YGR148C	YPL131W
YCR072C	YNL186W
YAL032C	YLR424W
YGR270W	YNL333W
YDR060W	YPL220W
YDR356W	YMR129W
YNL094W	YOR181W
YKR083C	YLR423C
YKL203C	YOR181W
YDR414C	YJL193W
YEL037C	YLR429W
YJL106W	YNL027W
YIL007C	YKR055W
YBR247C	YLR180W
YJR092W	YPL242C
YFR014C	YNL255C
YDR068W	YDR100W
YBL030C	YHR200W
YDR197W	YPL240C
YNL048W	YPR028W
YLL039C	YLR350W
YBL007C	YGL035C
YOR294W	YPR115W
YGL179C	YHR090C
YLR430W	YNL251C
YER125W	YOR322C
YLR075W	YPL090C
YKL029C	YML124C
YDR155C	YER151C
YDL101C	YML083C
YDR517W	YNL229C
YCR057C	YDR299W
YLL039C	YMR308C
YBR177C	YPL145C
YDR084C	YPL240C
YPL131W	YPR152C
YMR129W	YPL075W
YLR227C	YNL225C
YGR085C	YNL301C
YBR109C	YNL225C
YGR266W	YOR181W
YFR019W	YNL325C
YFL008W	YMR076C
YCR057C	YPL143W
YER088C	YNL091W
YBL032W	YOR301W
YDL015C	YHR195W
YLR335W	YMR308C
YGL120C	YJL176C
YGR060W	YHR140W
YFR004W	YMR217W
YIL156W	YPL209C
YKL180W	YLR029C
YAL043C	YDL199C
YDL101C	YKL095W
YEL037C	YFR004W
YGR130C	YMR086W
YGL179C	YNL094W
YDL132W	YOL133W
YBL032W	YGR130C
YAL035W	YER142C
YDL160C	YGR178C
YKL059C	YNL317W
YER125W	YKR092C
YGR180C	YHR027C
YDL055C	YNL255C
YBL058W	YBR114W
YLL039C	YNL044W
YDL047W	YKL195W
YKL116C	YML037C
YHR030C	YLR442C
YDR386W	YKL022C
YGL056C	YHR094C
YER099C	YOL069W
YDR099W	YPL110C
YDR388W	YML109W
YLL050C	YLR039C
YJR064W	YKR036C
YKL145W	YKL210W
YBR289W	YNL207W
YBL032W	YMR086W
YDR179C	YKL168C
YDL047W	YKL203C
YMR176W	YNL031C
YFR014C	YKL119C
YPL145C	YPL147W
YBR194W	YCR009C
YFR014C	YKR092C
YER041W	YHR027C
YBR060C	YGR103W
YGL127C	YPR168W
YDR510W	YGR103W
YLR018C	YMR129W
YDR060W	YGL111W
YPL090C	YPR041W
YBL041W	YML092C
YPL004C	YPR161C
YDR009W	YPL248C
YCR073C	YLR006C
YBR177C	YHR027C
YLR378C	YML019W
YDR516C	YPL150W
YDL126C	YOR075W
YCR079W	YGR193C
YML092C	YOR117W
YAL062W	YLR267W
YNL048W	YPR128C
YBR059C	YMR250W
YKL203C	YNL047C
YER053C	YLL039C
YBL007C	YLR448W
YML057W	YPL235W
YML099C	YMR104C
YGR197C	YNL020C
YHR114W	YNL094W
YFR034C	YML124C
YDR228C	YMR061W
YBL032W	YNL275W
YGL158W	YOL051W
YHR027C	YPL240C
YGR175C	YPR080W
YBL007C	YBR059C
YGR264C	YLR258W
YNL135C	YOL012C
YHR200W	YJR103W
YER155C	YIL113W
YJR039W	YMR021C
YDR103W	YLR362W
YGL048C	YPR103W
YGR086C	YOR181W
YHR030C	YKL203C
YLR430W	YMR239C
YFR004W	YLR225C
YFL007W	YLR074C
YAL007C	YHR140W
YMR064W	YOL123W
YHR082C	YML057W
YBR273C	YPL240C
YKL182W	YOR117W
YIL033C	YPL203W
YDR146C	YGR089W
YBL032W	YPL014W
YDR513W	YNL255C
YLL039C	YLR066W
YKR081C	YLR074C
YAR027W	YPL020C
YMR216C	YNL255C
YOR117W	YOR317W
YDR381W	YIL149C
YGL106W	YKL124W
YER142C	YML056C
YLL039C	YOL082W
YJR059W	YNL166C
YER125W	YOR210W
YLR029C	YOL041C
YLR399C	YPL235W
YDR427W	YKL029C
YER030W	YOL012C
YDR159W	YOL072W
YLR266C	YPL018W
YER125W	YLR069C
YNL197C	YPR119W
YMR186W	YPR016C
YLR442C	YNL030W
YLR377C	YPL180W
YDR516C	YNL032W
YER151C	YPL243W
YHR094C	YML048W
YBL041W	YBR173C
YHR094C	YKL051W
YJL083W	YJR066W
YFR004W	YGR085C
YBR121C	YNL255C
YDR510W	YIL031W
YNL182C	YPL190C
YIL095W	YNR006W
YGL158W	YIL021W
YGR270W	YOR151C
YBL032W	YKL043W
YDR146C	YHR099W
YNR046W	YOL113W
YLR071C	YOL051W
YKL203C	YNL207W
YAL020C	YHR082C
YBL050W	YML001W
YDR179C	YLR259C
YLR176C	YOR304W
YDL007W	YDR510W
YDL209C	YGL120C
YJR066W	YLR116W
YMR139W	YPR106W
YNL147W	YOR308C
YDR224C	YGL066W
YER151C	YOR375C
YBR059C	YER177W
YHL030W	YPR108W
YKR039W	YLL039C
YBR191W	YLL039C
YGL056C	YPR156C
YBL032W	YNR044W
YDR096W	YIL045W
YBR194W	YHR099W
YDR227W	YNL186W
YBL007C	YIL002C
YOR210W	YPR111W
YLR231C	YMR083W
YBL007C	YGR268C
YGR185C	YHR027C
YBR080C	YFR004W
YLR438C-A	YPL084W
YHR030C	YNL007C
YML085C	YPL235W
YCL029C	YDL155W
YDR510W	YOR198C
YBR191W	YOL127W
YDL039C	YNL197C
YER125W	YOR138C
YIL115C	YPR119W
YDR388W	YER125W
YLL039C	YLR352W
YKR101W	YPR018W
YJR145C	YPL081W
YHR021C	YLL039C
YER177W	YPL110C
YDR342C	YOR181W
YIL106W	YPL209C
YLL039C	YNL243W
YGR186W	YJR017C
YDR146C	YPR034W
YDR388W	YFL018C
YCR073W-A	YOL113W
YOR204W	YPL081W
YHR105W	YLR078C
YDL141W	YHR200W
YHR200W	YPR010C
YER151C	YGR148C
YDR277C	YDR456W
YBR249C	YPL150W
YNL255C	YOR374W
YNL251C	YOL021C
YGL154C	YOR128C
YER151C	YGL123W
YDL140C	YPR133C
YJR066W	YPL180W
YBL072C	YNL110C
YDR120C	YHR079C
YLL039C	YNL121C
YHR197W	YKR048C
YBR121C	YOR001W
YDR510W	YKL185W
YBL032W	YNL047C
YBR170C	YKL117W
YHR115C	YNL085W
YDR479C	YLL014W
YGL154C	YPL240C
YIR022W	YLR314C
YGL086W	YJL030W
YDR510W	YLR357W
YER065C	YLL039C
YKR026C	YNL265C
YDR480W	YLR304C
YBL007C	YLL039C
YBR177C	YIL124W
YER095W	YPR011C
YJL124C	YPR082C
YDR510W	YGR264C
YDL111C	YGL120C
YJL054W	YPR024W
YGL179C	YPR083W
YCR079W	YOR317W
YML124C	YNL255C
YCR012W	YHR152W
YGR060W	YLR378C
YHR033W	YJR017C
YAL059W	YNL135C
YDR036C	YLR074C
YGR149W	YLL039C
YBL032W	YJR126C
YER021W	YGL095C
YLR258W	YPR184W
YER151C	YPL127C
YER095W	YMR186W
YGL078C	YGR159C
YHR027C	YKL104C
YLL039C	YMR071C
YIL062C	YOR181W
YCL059C	YLR409C
YML101C	YNL255C
YGL094C	YGR178C
YCR093W	YGL048C
YLR075W	YMR086W
YBR260C	YMR032W
YLR222C	YLR409C
YLR421C	YOR259C
YER006W	YGL111W
YDL209C	YER165W
YDL101C	YMR031C
YLL039C	YML005W
YER082C	YLR222C
YDL199C	YPL240C
YDR050C	YPR152C
YML085C	YOR117W
YHR062C	YOL013C
YFR052W	YHR027C
YIL142W	YNR032W
YCL040W	YML099C
YDL192W	YIL004C
YJL172W	YLL039C
YDL197C	YDR510W
YCL066W	YMR043W
YIL034C	YNR035C
YGL208W	YNL255C
YHL036W	YPL240C
YER127W	YLR423C
YMR270C	YPL018W
YBR108W	YJL106W
YDR404C	YPR187W
YBR274W	YHR174W
YJL020C	YNL094W
YDL101C	YMR086W
YKL065C	YPR192W
YNL255C	YOR209C
YDL175C	YLR430W
YLR442C	YNL216W
YBR290W	YCR024C-A
YDR169C	YMR186W
YHR023W	YKL179C
YJL115W	YNL255C
YAL035W	YLL039C
YLR291C	YOR111W
YLR110C	YLR350W
YFR015C	YJL137C
YER151C	YKL029C
YDR381W	YLR429W
YAL002W	YNL093W
YBL032W	YDR038C
YBR006W	YOR089C
YNL255C	YOL111C
YHR094C	YPL240C
YDL084W	YHR200W
YCL008C	YPL084W
YLR429W	YNL031C
YDL113C	YJL036W
YHR027C	YHR107C
YML064C	YNL044W
YHR200W	YMR246W
YDR311W	YMR201C
YPL203W	YPR133C
YFR034C	YGR233C
YEL060C	YMR104C
YJR040W	YLL039C
YDL213C	YLR196W
YOL017W	YOL051W
YER166W	YIL068C
YDR057W	YJL034W
YJR088C	YLL039C
YKL213C	YPR010C
YDR408C	YER151C
YHR185C	YIL007C
YGR080W	YOR181W
YBL102W	YDR100W
YML064C	YNL333W
YDL140C	YPR025C
YBL032W	YNL032W
YDL208W	YNL255C
YML067C	YPL218W
YBL091C	YML010W
YKL182W	YML124C
YNL094W	YOR043W
YEL013W	YJR138W
YBR234C	YDR354W
YLL039C	YNL098C
YOR083W	YOR244W
YFR015C	YGL081W
YJL034W	YOL031C
YBR105C	YIL017C
YBL032W	YKR075C
YIL021W	YPL240C
YHR010W	YJR145C
YBL046W	YML010W
YJL106W	YKL140W
YDR510W	YOR317W
YOR287C	YPR178W
YKR048C	YLR457C
YEL034W	YPL111W
YDR510W	YJL076W
YBL032W	YML133C
YBR200W	YOR129C
YDL216C	YDR179C
YDL029W	YOR261C
YBL078C	YNL223W
YNL051W	YPR105C
YDR381W	YLL027W
YBL097W	YDR325W
YER006W	YLR074C
YER151C	YMR049C
YDR142C	YJR012C
YHR152W	YLR016C
YBL032W	YOR052C
YER082C	YOR078W
YKL210W	YPL026C
YDL181W	YJL106W
YER016W	YFR050C
YMR022W	YMR264W
YER125W	YMR022W
YOL012C	YPL086C
YDR103W	YLL039C
YDR099W	YFR014C
YGR159C	YLR430W
YNL301C	YOR204W
YDR264C	YHR175W
YGL077C	YIR026C
YKL209C	YLL039C
YIL016W	YML067C
YNR032W	YPR040W
YDR414C	YGL259W
YGR060W	YPL264C
YCR093W	YGR134W
YHR200W	YML092C
YBR108W	YNL307C
YPL085W	YPR152C
YDR162C	YOL113W
YGL075C	YJR112W
YMR028W	YNL255C
YBR059C	YFR021W
YJR066W	YMR215W
YLR018C	YNL197C
YJL091C	YMR215W
YDR277C	YHR114W
YER151C	YJL076W
YHR030C	YHR082C
YDL007W	YMR191W
YLR089C	YLR259C
YEL013W	YJR068W
YKR081C	YPR016C
YJL184W	YNL255C
YDR099W	YLL039C
YFR051C	YIL004C
YIL004C	YPR181C
YNL307C	YOR290C
YLL039C	YPL030W
YDR479C	YNR075W
YJR056C	YJR059W
YLR238W	YMR319C
YIL107C	YJR059W
YJL163C	YNL197C
YDL209C	YOL113W
YER184C	YHR158C
YNL255C	YOL012C
YPR016C	YPR025C
YHR105W	YML038C
YGR192C	YPR129W
YHR118C	YPL127C
YGR130C	YPL082C
YER088C	YER151C
YBL032W	YKR067W
YHR131C	YNL255C
YNL255C	YPL190C
YBR143C	YER161C
YGL095C	YMR197C
YBL032W	YDR159W
YBR098W	YFR024C-A
YNL231C	YNL255C
YBL032W	YNL158W
YFR034C	YPR086W
YDL029W	YKL211C
YJL082W	YLL039C
YDR099W	YMR031C
YBR214W	YJL124C
YJL115W	YNL031C
YLR132C	YPR191W
YML109W	YNL271C
YBL032W	YMR011W
YER125W	YNL243W
YKL129C	YKL152C
YBR072W	YMR083W
YAL042W	YNL255C
YEL002C	YJR117W
YOR261C	YPR108W
YBR202W	YJR046W
YKL126W	YKL182W
YBR196C	YHR152W
YJR145C	YPL082C
YFL018C	YHR114W
YKL203C	YLL039C
YFR014C	YJR001W
YPR070W	YPR168W
YFR036W	YJR091C
YKL116C	YNL255C
YDL007W	YPL248C
YLR300W	YMR049C
YLL039C	YLR324W
YJL111W	YNL255C
YDL126C	YOL013C
YGL179C	YPR115W
YDL145C	YML067C
YDR390C	YKR002W
YBL032W	YPL196W
YOL013C	YPL160W
YDR498C	YOR075W
YGR085C	YLL039C
YER178W	YHR027C
YDR334W	YKR072C
YGR250C	YIR001C
YGR130C	YLL039C
YAR027W	YMR264W
YBL058W	YBL078C
YML019W	YNL318C
YGL181W	YIL122W
YDR240C	YPR182W
YHR174W	YLR196W
YDL175C	YPL190C
YKL218C	YNL255C
YBL032W	YMR006C
YFL039C	YHR023W
YER021W	YGL178W
YBR059C	YOR329C
YDL192W	YER122C
YJL222W	YOR085W
YGR005C	YPL203W
YPR129W	YPR184W
YBR200W	YJL085W
YBR126C	YNL076W
YER125W	YGR268C
YBL007C	YNL144C
YGL178W	YLL039C
YBR253W	YDR443C
YLR075W	YOL120C
YOR227W	YPL240C
YDR174W	YHL002W
YDL100C	YDR513W
YGL056C	YNL197C
YCR009C	YOR181W
YDR510W	YNL134C
YDR084C	YLL039C
YDL140C	YPR056W
YKR014C	YMR258C
YDR176W	YGL066W
YBR274W	YKL211C
YBR289W	YGL120C
YCR004C	YHR200W
YBR271W	YNL255C
YER172C	YPR152C
YBR194W	YGR148C
YER012W	YPR103W
YML024W	YNL255C
YGL078C	YML010W
YHR200W	YNL135C
YLR291C	YOR042W
YDL111C	YOR001W
YER177W	YLR310C
YER036C	YNL020C
YHR079C	YJL051W
YFR014C	YMR049C
YBL032W	YKL020C
YKR081C	YLL039C
YDL113C	YLR315W
YML010W	YPR152C
YDR388W	YOR195W
YER125W	YHR097C
YIL057C	YLL039C
YDR283C	YPR178W
YGR071C	YLR373C
YDR510W	YKL043W
YGR031W	YNL255C
YAL059W	YPR152C
YJR064W	YNL317W
YLR029C	YML063W
YJL124C	YOR308C
YBL092W	YNL255C
YLR258W	YNL307C
YDR510W	YNL301C
YJL106W	YNL007C
YGR223C	YIL034C
YBL032W	YBR043C
YER021W	YOR117W
YBR123C	YLR423C
YLL039C	YLR075W
YDR381W	YKR095W
YGL120C	YPR010C
YFR036W	YIR025W
YBL032W	YML051W
YCR073W-A	YLR028C
YDL124W	YFR004W
YBR072W	YML064C
YFR004W	YKR048C
YDR449C	YLL011W
YKL010C	YMR022W
YLR094C	YNL197C
YHR205W	YJR097W
YDR381W	YJL084C
YAL034W-A	YLR052W
YNR065C	YOR085W
YLR199C	YMR186W
YCR053W	YHR200W
YKL211C	YML124C
YBR274W	YGL037C
YHL018W	YNL288W
YBL072C	YER151C
YER125W	YKR018C
YJR145C	YNL207W
YGL179C	YIL084C
YGL120C	YOL077C
YGR005C	YPR187W
YDR510W	YOL123W
YDR240C	YLR345W
YER062C	YHR027C
YOR191W	YPR016C
YHR174W	YPR093C
YFR015C	YLL039C
YLR060W	YOL013C
YKR028W	YPR161C
YLR430W	YPL190C
YDL074C	YEL043W
YFR053C	YLR231C
YCR009C	YCR088W
YDR381W	YOL041C
YDR060W	YLR029C
YDR155C	YML064C
YDL029W	YDL047W
YER062C	YMR091C
YDR174W	YDR303C
YBL032W	YOR290C
YDL197C	YLR442C
YCR093W	YNL025C
YIR026C	YPL131W
YBR193C	YMR112C
YBR173C	YFL007W
YNR033W	YPR154W
YDR227W	YHR154W
YBR114W	YLL039C
YCR004C	YLL039C
YDR273W	YOR244W
YBL007C	YMR313C
YBR274W	YDR224C
YDR510W	YOR290C
YJR090C	YNL076W
YKL203C	YMR028W
YER036C	YOL039W
YER068W	YNL288W
YLL039C	YOL122C
YKL180W	YPL143W
YPR041W	YPR086W
YML058W	YMR083W
YNL255C	YOL093W
YOR181W	YPL150W
YDL101C	YJL076W
YNL255C	YNR029C
YHR107C	YLR314C
YJL076W	YNL307C
YEL034W	YLL039C
YER125W	YKL152C
YDR502C	YLL039C
YAL002W	YKR026C
YGR211W	YLL039C
YHR027C	YJR117W
YBR191W	YER074W
YMR139W	YOL059W
YFR004W	YLR410W
YKR060W	YLL011W
YFL039C	YMR061W
YFR004W	YLR378C
YJL165C	YMR165C
YDR388W	YNL176C
YMR204C	YPL112C
YDL110C	YNL197C
YDR080W	YMR231W
YLR180W	YOR117W
YLR206W	YNL020C
YPL119C	YPR119W
YNL197C	YOR044W
YFR004W	YGL048C
YDR265W	YKL197C
YCR009C	YDR388W
YBL032W	YDR366C
YGL153W	YHR160C
YIL124W	YKL140W
YBR071W	YHR200W
YER122C	YNL307C
YBL032W	YPR184W
YGL106W	YHR023W
YFR034C	YOR290C
YGL206C	YNL243W
YBR267W	YIR026C
YER025W	YPR041W
YHR152W	YPL174C
YER082C	YIL019W
YJL124C	YJR143C
YJR138W	YNL307C
YLL017W	YOR197W
YDR071C	YDR510W
YGL105W	YMR280C
YGL158W	YKL012W
YCL040W	YFR034C
YKL104C	YPR010C
YIL019W	YLR222C
YGL111W	YLR449W
YGR284C	YKL088W
YBL032W	YHR115C
YLL057C	YLR291C
YDR224C	YMR308C
YIL118W	YLL039C
YDR080W	YML001W
YDL175C	YOR204W
YML048W	YMR011W
YNL172W	YPR152C
YJL176C	YPL129W
YER068W	YFR004W
YER151C	YLR180W
YMR112C	YPL129W
YGL206C	YLR206W
YHR061C	YLR229C
YHR079C	YNL224C
YDR436W	YKR072C
YNL093W	YPL240C
YDR525W-A	YLL039C
YFR034C	YJL008C
YGL158W	YOR271C
YDL121C	YNL255C
YER017C	YPR024W
YDL160C	YER035W
YJL029C	YKR002W
YJR059W	YPR040W
YER036C	YER082C
YFL039C	YKL079W
YBR050C	YDR099W
YHR007C	YOR054C
YHR107C	YLL039C
YBR059C	YNL020C
YLR310C	YPR108W
YGL075C	YJR117W
YPL127C	YPR161C
YBR194W	YGL013C
YBL093C	YPL129W
YLR314C	YNL166C
YBR010W	YGL194C
YDL101C	YDR264C
YDR381W	YMR237W
YDR386W	YPL129W
YER151C	YGR282C
YDR465C	YGL172W
YML010W	YOR151C
YBR218C	YLL039C
YLL039C	YML085C
YBR082C	YER068W
YDR404C	YPL129W
YBL032W	YDR096W
YPL189W	YPR192W
YHL002W	YOR227W
YAL007C	YGR060W
YNL255C	YNR062C
YDL015C	YLL039C
YGR148C	YLL039C
YAL043C	YMR039C
YOL127W	YPL240C
YHR200W	YPL061W
YER125W	YLR167W
YBR218C	YGL062W
YLL039C	YNL239W
YHR161C	YPL232W
YDL126C	YNL271C
YLL039C	YMR196W
YDL200C	YKL010C
YER146W	YNL092W
YLL039C	YPL220W
YAR019C	YML064C
YDL208W	YDR174W
YER090W	YFR004W
YNL229C	YPL235W
YER017C	YGR231C
YFR004W	YOL059W
YGR135W	YLR199C
YJR059W	YNR019W
YBL032W	YBR235W
YBR194W	YDR299W
YDL078C	YDR244W
YER100W	YPL229W
YJL085W	YPR055W
YGR159C	YOR204W
YAR019C	YPL209C
YDR517W	YGL237C
YHR030C	YJR066W
YCR072C	YHR085W
YDL047W	YJR007W
YGL106W	YKL160W
YIL139C	YLR288C
YOL101C	YPL240C
YGL158W	YMR235C
YIL107C	YPL203W
YDL208W	YER151C
YGL111W	YGR103W
YNL255C	YPR152C
YKR001C	YLR052W
YMR065W	YPL192C
YOL013C	YOR375C
YER105C	YKL068W
YBL072C	YML056C
YIL105C	YNL207W
YFR004W	YNL239W
YDL117W	YNL197C
YER012W	YPL110C
YFR009W	YNL186W
YAL028W	YHR082C
YHR140W	YJR117W
YBR274W	YFL039C
YLR196W	YLR410W
YNL157W	YPR181C
YBR058C	YLL039C
YDR244W	YGR133W
YDR411C	YOL013C
YBL097W	YDR510W
YOR181W	YPL074W
YLR029C	YLR196W
YFR014C	YGR159C
YBR194W	YDR432W
YGR056W	YNL030W
YBR059C	YMR196W
YJR066W	YLR108C
YNL121C	YOR008C
YHL002W	YMR275C
YLR399C	YNL031C
YKR027W	YLR330W
YBL032W	YNL033W
YDL072C	YHR027C
YDR308C	YGL127C
YDR259C	YGL181W
YBL056W	YLL039C
YLR180W	YPR152C
YER020W	YIL105C
YFL028C	YNL255C
YDL127W	YDR146C
YLL039C	YML035C
YGR086C	YGR130C
YFR004W	YMR092C
YJR117W	YNL048W
YFR004W	YOR007C
YDR162C	YOL070C
YDL101C	YFL030W
YPL082C	YPL181W
YAL035W	YNL030W
YER032W	YKR002W
YDR101C	YGL172W
YER151C	YPL028W
YIL142W	YKR036C
YLR310C	YMR275C
YIR025W	YKL022C
YML007W	YOR290C
YER166W	YLR330W
YBL032W	YLR079W
YFR009W	YKL029C
YHR085W	YHR197W
YDR397C	YNL255C
YLL039C	YPR103W
YLR258W	YOR244W
YFR004W	YPL004C
YJL069C	YKR060W
YHR140W	YJL117W
YDR179C	YIL071C
YFR004W	YML070W
YPL190C	YPR080W
YLR207W	YML029W
YML075C	YPL264C
YJL058C	YNL197C
YFR034C	YNL255C
YOR117W	YPR108W
YDL145C	YHR027C
YGR277C	YPL145C
YDL160C	YER068W
YCR073W-A	YJR059W
YNL197C	YOR204W
YBR260C	YIL118W
YNL255C	YPL157W
YLR362W	YMR186W
YDL155W	YLR079W
YBL102W	YFR051C
YBR253W	YDR308C
YAL027W	YCR092C
YER111C	YER167W
YMR308C	YOR380W
YEL005C	YEL013W
YNL197C	YOR085W
YBR256C	YNL255C
YML049C	YPR082C
YBR095C	YKL185W
YBR247C	YER017C
YFR024C-A	YJR083C
YDR033W	YFR004W
YER021W	YLR421C
YBL001C	YNL255C
YBR177C	YOL113W
YFR034C	YGL078C
YLR207W	YML075C
YGR061C	YLL039C
YHR158C	YML064C
YNL255C	YNL282W
YFR004W	YML057W
YFR004W	YJR064W
YBR200W	YPR055W
YLR399C	YNL030W
YCR079W	YKL085W
YFR004W	YGL001C
YLR119W	YMR077C
YBR010W	YDR227W
YDR283C	YPR052C
YDL078C	YJR059W
YNL271C	YOL112W
YDL165W	YNL288W
YBL032W	YJR004C
YLL011W	YMR308C
YKR048C	YOL070C
YCL029C	YPL124W
YDR416W	YLR424W
YGL111W	YPR016C
YAR002W	YER105C
YMR032W	YNL094W
YBR272C	YHR027C
YDR381W	YIL115C
YKR062W	YNL255C
YKL145W	YLR378C
YHR082C	YLR221C
YLR324W	YMR204C
YLR052W	YPL235W
YJR005W	YLR116W
YDR174W	YML024W
YDR510W	YOL145C
YFR004W	YIL118W
YLL039C	YPL248C
YDL100C	YGR189C
YMR049C	YPR115W
YDL087C	YER029C
YLR025W	YMR154C
YHR083W	YNL255C
YKR026C	YNL085W
YDR381W	YIL038C
YBR137W	YML064C
YDL112W	YKL182W
YAL007C	YDR174W
YER074W	YLR029C
YMR032W	YPL115C
YGL229C	YJL030W
YHR066W	YPL131W
YOR036W	YPL151C
YBL078C	YDL126C
YGL167C	YLR075W
YCR093W	YDL165W
YBR114W	YDR453C
YDL089W	YDR233C
YML007W	YPR168W
YER151C	YGL106W
YLL039C	YLR278C
YDR155C	YJR090C
YKL104C	YML124C
YBL032W	YML092C
YBR108W	YJR059W
YDR155C	YHR200W
YLR019W	YMR246W
YBL021C	YHR187W
YDL140C	YDR228C
YNL168C	YPL037C
YGL100W	YGR192C
YAR027W	YLL039C
YDR381W	YHR127W
YLR397C	YOL012C
YNL206C	YPR018W
YBR143C	YHR200W
YDR436W	YKL088W
YDR005C	YOR116C
YAL028W	YOL034W
YEL013W	YNL168C
YER020W	YPR156C
YFR024C-A	YMR216C
YJL048C	YLR423C
YJL110C	YLL039C
YBL030C	YDL067C
YER099C	YFR004W
YDR330W	YER012W
YDL137W	YDR358W
YJL144W	YNL197C
YHL030W	YOR259C
YHR158C	YJR122W
YBR237W	YNL255C
YBR109C	YEL037C
YLL050C	YLR074C
YMR069W	YNL241C
YHR063C	YOR117W
YDR159W	YIL095W
YDL047W	YNL025C
YGR130C	YKL180W
YCR088W	YPL004C
YKR062W	YOL051W
YDR100W	YOL129W
YCR106W	YMR060C
YER125W	YFR034C
YGR155W	YMR323W
YER095W	YNL255C
YBR194W	YPL231W
YAL020C	YKR048C
YER012W	YER099C
YBR102C	YLR423C
YJR044C	YJR059W
YHR082C	YOL091W
YBR109C	YLL060C
YBR182C	YER125W
YER165W	YFR004W
YBL041W	YGR135W
YGL100W	YJR138W
YNL031C	YOR064C
YHR082C	YMR155W
YER136W	YNL304W
YKL180W	YNL302C
YKL103C	YMR104C
YBR082C	YDR059C
YDR099W	YLR176C
YIL162W	YLR378C
YHR030C	YNL085W
YJL020C	YJR047C
YDR510W	YPL154C
YGL111W	YML010W
YJL085W	YKR055W
YLL039C	YNL301C
YBR200W	YDL159W
YCR057C	YJL069C
YBR247C	YNL255C
YFR004W	YJR025C
YKL047W	YLL039C
YLL039C	YOR043W
YJL044C	YKR048C
YER006W	YKR081C
YIR005W	YLR016C
YLR167W	YPR152C
YGR274C	YLR055C
YDR088C	YER172C
YFR032C-A	YGL189C
YDL171C	YHR027C
YGL179C	YMR165C
YDR510W	YOR362C
YGR270W	YPR010C
YBR114W	YDR510W
YGL111W	YOL127W
YFR004W	YNL098C
YCR093W	YPL235W
YBR057C	YPL135W
YAL043C	YGR156W
YER096W	YHR114W
YLR405W	YPL108W
YNL067W	YPL004C
YBR194W	YML056C
YOR151C	YPL129W
YML029W	YOR288C
YBR060C	YGR024C
YDL047W	YKR028W
YML010W	YPL203W
YER151C	YHR010W
YDR139C	YOL025W
YER062C	YHR200W
YHR027C	YPR080W
YDR386W	YMR049C
YCL027W	YDR103W
YJR022W	YPR016C
YFL056C	YNL201C
YER127W	YJL036W
YLL039C	YLR019W
YNL255C	YPR001W
YDR096W	YMR219W
YDL019C	YDR381W
YBR169C	YPL240C
YJR059W	YPL079W
YIL124W	YLL039C
YGR159C	YNL110C
YDL079C	YPL235W
YLR196W	YNL255C
YJL176C	YML007W
YCR053W	YLL039C
YDR510W	YFR006W
YKL204W	YOL017W
YDR101C	YLR106C
YCR051W	YLL039C
YDR356W	YGL075C
YJL141C	YKL091C
YBR060C	YDR099W
YNL031C	YOR244W
YOR058C	YPL001W
YBL030C	YHR082C
YGL005C	YNL051W
YHR200W	YPR103W
YLR429W	YPL218W
YKL184W	YOL113W
YDL215C	YOL147C
YLR180W	YML085C
YNL031C	YPL181W
YGR254W	YLL039C
YDL015C	YDR506C
YFL039C	YOR244W
YER039C	YPL264C
YAL032C	YMR176W
YGL229C	YJL013C
YDR388W	YPL181W
YDR128W	YJR138W
YER021W	YKL126W
YDR156W	YOR210W
YDR122W	YLR310C
YLR417W	YMR077C
YBR269C	YNL255C
YGR274C	YPR086W
YBL007C	YML109W
YDR432W	YPR133C
YLR095C	YOL012C
YFR004W	YNL301C
YMR072W	YOR058C
YJR068W	YOR144C
YBL007C	YJR115W
YLR418C	YMR186W
YFL008W	YKR054C
YGR103W	YKR048C
YDL216C	YIL071C
YDR050C	YNL127W
YLL039C	YLR370C
YAL021C	YGR005C
YHL002W	YOR124C
YDL047W	YMR196W
YBR210W	YLL039C
YDL192W	YFR051C
YFR004W	YKL210W
YGL206C	YOR027W
YLL039C	YNL029C
YDL154W	YER173W
YNL110C	YPL220W
YHR007C	YOR165W
YFR004W	YPL235W
YGR104C	YNL025C
YBL030C	YGL167C
YDL115C	YDL140C
YFR014C	YOR092W
YLR258W	YLR291C
YBR194W	YLR167W
YGR085C	YOL127W
YHL019C	YLR170C
YBR284W	YML035C
YJR125C	YMR197C
YDR330W	YLL039C
YBR170C	YHR082C
YKR081C	YPL220W
YLR449W	YNL255C
YDR460W	YPR025C
YJR059W	YKL064W
YGR071C	YJL058C
YBR290W	YPL240C
YER177W	YHR200W
YDL139C	YHR154W
YDL106C	YML051W
YGR097W	YNL197C
YER165W	YOL117W
YCR051W	YER184C
YBR231C	YFL039C
YGR060W	YJL129C
YLR449W	YNL110C
YJR059W	YKL168C
YDR108W	YKR068C
YDR519W	YOL088C
YDL140C	YMR061W
YJR059W	YMR102C
YDR006C	YER177W
YLR029C	YNL301C
YFL039C	YNL157W
YOR289W	YPR016C
YBL093C	YKL129C
YML049C	YPR182W
YGR116W	YNL255C
YBL056W	YDR076W
YGL195W	YKL104C
YLR418C	YNL126W
YIR037W	YLL039C
YHL002W	YKL213C
YGL173C	YOR204W
YDR146C	YPR086W
YJL034W	YJL073W
YDR388W	YJL085W
YBR290W	YKL065C
YFR004W	YOR261C
YDR398W	YKR092C
YAL027W	YDR381W
YDR381W	YER165W
YHR200W	YKL152C
YGL105W	YHR131C
YLR019W	YOR043W
YHR082C	YNL007C
YHR082C	YPL150W
YDR510W	YKL211C
YLL039C	YOL142W
YKL051W	YNL055C
YER125W	YJL172W
YBR016W	YGL120C
YLR418C	YOL051W
YPL152W	YPL240C
YEL037C	YLR079W
YJR009C	YPL106C
YAL025C	YOR005C
YLR027C	YPL004C
YBL007C	YIR006C
YGR005C	YGR186W
YDR510W	YOL059W
YIL095W	YLR251W
YCL039W	YDL225W
YMR256C	YPL117C
YNL025C	YNL094W
YLR315W	YPR083W
YDR381W	YOR204W
YDR016C	YKR083C
YGR178C	YMR076C
YKL005C	YNL255C
YBR272C	YER021W
YCR073C	YDR179C
YLL039C	YML088W
YHL032C	YKR026C
YDL159W	YPL124W
YDR381W	YLR170C
YMR216C	YOR054C
YAL007C	YDR101C
YOR244W	YPR049C
YLR337C	YNL020C
YML056C	YPR161C
YKL012W	YOL069W
YLL039C	YPL117C
YDL029W	YDR216W
YGR240C	YLR259C
YKL168C	YLR248W
YDL140C	YOL051W
YJR138W	YOL145C
YBR085W	YOR181W
YMR016C	YMR037C
YER151C	YOL041C
YNL255C	YPL086C
YLL039C	YPR133W-A
YKL190W	YNL255C
YOL082W	YOR353C
YFL047W	YGR188C
YKR083C	YMR112C
YDR174W	YHR118C
YGR206W	YLR119W
YBL032W	YLR176C
YCR009C	YEL037C
YBR200W	YDR368W
YGL048C	YPL235W
YGR264C	YOR117W
YEL034W	YOR043W
YER099C	YMR139W
YNL255C	YOR064C
YLR116W	YNL255C
YDR214W	YOR117W
YKL129C	YNL084C
YDR311W	YLR423C
YOL120C	YPL131W
YHR061C	YPL161C
YBR231C	YLR399C
YDR117C	YPR161C
YJR131W	YKR072C
YDL054C	YLL039C
YER025W	YGR085C
YER142C	YFR014C
YER136W	YNL093W
YDL209C	YER172C
YJL081C	YLR052W
YLR006C	YMR022W
YDR176W	YLR055C
YBL032W	YHR218W
YIL079C	YLR423C
YGR241C	YJR059W
YDL047W	YLR310C
YJL141C	YKR001C
YGR241C	YIL095W
YHR110W	YML048W
YDR060W	YML124C
YDL051W	YPL210C
YDR479C	YJL117W
YLL039C	YML029W
YJR053W	YML064C
YKL145W	YMR314W
YLR222C	YOR078W
YDL007W	YHL030W
YDR060W	YPR016C
YEL034W	YOL117W
YBL032W	YJL106W
YKL020C	YLR233C
YGL004C	YKL145W
YKL033W	YPR085C
YDL140C	YGR104C
YGR186W	YPL203W
YLR448W	YPL090C
YHR195W	YNL255C
YDL132W	YOL025W
YLR438C-A	YPR178W
YDR510W	YPL131W
YKR048C	YMR139W
YJR068W	YMR105C
YKL013C	YLR370C
YKL033W	YNL020C
YFR004W	YJR017C
YBR050C	YBR109C
YAL042W	YPL218W
YFR004W	YPR037C
YLR030W	YNL307C
YBR143C	YGL106W
YGL210W	YKL116C
YER151C	YLR438W
YBL030C	YER151C
YHR027C	YLR300W
YDL160C	YPL160W
YIL153W	YNL229C
YDL146W	YFR024C-A
YGR130C	YPL094C
YHR007C	YJL117W
YDL117W	YJR138W
YGL100W	YIL115C
YHR006W	YJR090C
YBR052C	YDR497C
YKL029C	YNL045W
YKL187C	YLL039C
YKL189W	YOR353C
YJL106W	YKL168C
YBL032W	YGL032C
YFR004W	YML008C
YKL104C	YNL229C
YBL032W	YGR086C
YJR059W	YJR112W
YAL007C	YLR075W
YER038C	YOL034W
YDR510W	YMR091C
YDR510W	YGL195W
YDL123W	YGL023C
YHR082C	YLR257W
YDR033W	YER151C
YDR497C	YGL077C
YBR200W	YKR105C
YDR284C	YDR479C
YBR105C	YNL197C
YGR103W	YML010W
YCR072C	YHR197W
YER155C	YNL201C
YDR180W	YER147C
YJL141C	YML035C
YEL037C	YOR259C
YIL038C	YNL197C
YER074W	YKL180W
YFL024C	YGL048C
YNL255C	YPR102C
YGL209W	YMR239C
YAL027W	YIL095W
YLL039C	YLR225C
YGR104C	YPR080W
YLR220W	YOR085W
YBL007C	YBR108W
YGL055W	YLL039C
YER151C	YOL143C
YDL192W	YDR100W
YEL019C	YOL034W
YAL021C	YFL028C
YBR052C	YIL105C
YJR131W	YML064C
YDR362C	YDR388W
YDR101C	YPL131W
YOL051W	YPL248C
YFR019W	YGR086C
YJL165C	YOL103W
YBL030C	YNL255C
YLR396C	YML001W
YGR192C	YHR200W
YDR308C	YOL051W
YBR247C	YIL019W
YDL103C	YKL168C
YDR284C	YPL094C
YGL237C	YLR423C
YDR122W	YOL082W
YLR449W	YPR169W
YBL032W	YMR070W
YDR510W	YOR316C
YIL142W	YJL106W
YAL059W	YMR308C
Q0085	Q0130
YDL111C	YGR134W
YBL032W	YOL059W
YHR114W	YIL156W
YBR290W	YJL117W
YLL050C	YOR181W
YOR257W	YPL180W
YOL111C	YPL174C
YDL139C	YPR154W
YGL208W	YGR231C
YLL039C	YML008C
YER165W	YFR034C
YGR148C	YNL110C
YKL073W	YPL020C
YNL201C	YNL307C
YCR057C	YPL131W
YJL052W	YLL039C
YDL239C	YGL153W
YCL059C	YER082C
YKL180W	YOL127W
YFR034C	YJL020C
YDR228C	YKR002W
YGR103W	YPR016C
YBL032W	YJL020C
YBL007C	YIL095W
YCR057C	YPL012W
YLR442C	YMR273C
YDR334W	YFL039C
YFR004W	YGL157W
YDR510W	YGL066W
YBR208C	YBR221C
YLR438C-A	YPR082C
YDR168W	YMR186W
YIL142W	YNL212W
YCL027W	YNL267W
YGR060W	YMR215W
YDL184C	YLR438C-A
YBL032W	YMR201C
YGR240C	YML064C
YBL007C	YOR329C
YDL225W	YDR510W
YGR130C	YGR233C
YDR270W	YLL039C
YDR432W	YOL145C
YBR234C	YKL013C
YDR216W	YJL076W
YLR448W	YPL220W
YAL035W	YJR145C
YDR224C	YPL240C
YLR170C	YPL235W
YFR024C-A	YHR082C
YDR022C	YGL237C
YDR378C	YNL255C
YFR004W	YGR264C
YIL021W	YNL251C
YMR274C	YNL197C
YDR386W	YDR388W
YDR179C	YER090W
YDR142C	YIL142W
YER063W	YMR308C
YGR004W	YPR028W
YBR143C	YLR429W
YBR001C	YDR099W
YDR099W	YKR098C
YDR162C	YPL038W
YOL127W	YPL037C
YGR087C	YJR090C
YDR063W	YKL013C
YBL021C	YNL255C
YDL055C	YPL235W
YML010W	YPL129W
YNL110C	YPL143W
YFR004W	YPR191W
YDR166C	YIL068C
YCL008C	YJL172W
YHR047C	YKR026C
YGR284C	YML067C
YGL053W	YHR140W
YBR194W	YCR012W
YLL039C	YMR099C
YIL095W	YNL084C
YGR254W	YJL030W
YER172C	YPR178W
YHR083W	YMR060C
YKL020C	YOR250C
YGL127C	YLR423C
YIL038C	YNL091W
YER165W	YPL190C
YFR004W	YJL167W
YDR288W	YER098W
YBL032W	YEL043W
YIL004C	YLL039C
YMR028W	YOR244W
YDL140C	YPL203W
YBR010W	YOR244W
YDL137W	YPR095C
YDR028C	YJR090C
YDR432W	YPR152C
YBL032W	YOR076C
YDR283C	YNL047C
YLL039C	YLR029C
YIR039C	YOL113W
YER016W	YOR191W
YJR148W	YLR259C
YER151C	YPL143W
YGL111W	YMR049C
YJL005W	YLL050C
YDR409W	YML032C
YFR024C-A	YNL176C
YDL173W	YNL255C
YDR159W	YKL057C
YBR289W	YPL129W
YKL191W	YOR244W
YGR282C	YOL113W
YJR131W	YLL039C
YBR136W	YLR304C
YER165W	YNL251C
YBR102C	YDR166C
YBL032W	YMR274C
YKL029C	YLR106C
YKL182W	YNL243W
YDR168W	YHR107C
YDR285W	YDR510W
YDR510W	YIL036W
YBL058W	YDL126C
YFR014C	YOR078W
YNL104C	YPR106W
YLR207W	YMR297W
YGL111W	YHR197W
YAL032C	YLR345W
YBR112C	YGL035C
YFR034C	YMR237W
YBL032W	YLR419W
YDR308C	YML051W
YGR161C	YKR028W
YER004W	YOR249C
YLR180W	YMR186W
YKR002W	YMR061W
YAL002W	YDR495C
YIL095W	YNL271C
YDR299W	YGR145W
YIL125W	YPL240C
YGL049C	YNL251C
YKL214C	YMR308C
YDR510W	YKL112W
YGL120C	YNL110C
YGR116W	YPR133C
YLR337C	YML001W
YDR513W	YIR037W
YDR334W	YLR399C
YDR334W	YGR086C
YDR436W	YMR311C
YKL142W	YPL004C
YDL148C	YKR060W
YBL032W	YDR055W
YDL213C	YNL255C
YGL242C	YKL129C
YFR004W	YJL008C
YLR079W	YOR209C
YER131W	YLL027W
YDL126C	YEL037C
YER151C	YFR009W
YFR024C-A	YPL038W
YDR101C	YHR200W
YGR023W	YNL237W
YDR122W	YGR249W
YDR107C	YLL039C
YER155C	YNL110C
YBR194W	YDR379W
YBR194W	YDR229W
YLL039C	YLR180W
YJR022W	YLR430W
YCR020C-A	YNL255C
YDL175C	YJL124C
YAL028W	YHR079C
YMR231W	YOR089C
YDR142C	YIL068C
YCR016W	YLR022C
YLL039C	YOR151C
YDR346C	YDR479C
YDR099W	YPL231W
YMR104C	YOL082W
YHR027C	YPL131W
YBL072C	YDR449C
YFR004W	YPR086W
YDL072C	YFR024C-A
YER122C	YIL004C
YAR027W	YOR273C
YER006W	YGL081W
YDR381W	YMR239C
YBL050W	YMR197C
YGL189C	YLL027W
YLR315W	YPR105C
YHR140W	YML048W
YFR004W	YKL126W
YLL039C	YMR028W
YBR290W	YDL015C
YBR086C	YDL209C
YDR050C	YER151C
YCR106W	YDR222W
YFL008W	YLR196W
YDL084W	YER063W
YLR449W	YPL131W
YBR191W	YDR510W
YJL084C	YKR039W
YFR034C	YPL131W
YDR036C	YGL153W
YGL195W	YMR246W
YHR143W-A	YPR010C
YDR174W	YML131W
YPL082C	YPR034W
YDR510W	YPL224C
YAL043C	YKL059C
YDR224C	YER151C
YJR009C	YPL003W
YJL081C	YOL012C
YDR001C	YHR027C
YCR016W	YKL116C
YLL050C	YOR117W
YOR151C	YPR010C
YHR040W	YNL255C
YDR283C	YDR381W
YFR034C	YLR410W
YGR103W	YML059C
YBR234C	YJL020C
YGR116W	YPL203W
YGR274C	YKR001C
YAL032C	YNL271C
YGR155W	YPL106C
YBR109C	YKL129C
YGL013C	YOL051W
YFR004W	YOR375C
YKR048C	YPL180W
YHR154W	YLR442C
YDR449C	YLR409C
YGR024C	YNL255C
YBR095C	YPL181W
YJR064W	YLL011W
YJR066W	YNL076W
YDR101C	YIR026C
YJR090C	YNL055C
YHR027C	YPL028W
YDR254W	YPL018W
YKR081C	YLR233C
YLR410W	YMR072W
YER169W	YNL031C
YFR014C	YGR249W
YHR099W	YKL062W
YDL193W	YGL195W
YFR004W	YMR191W
YJL034W	YKL117W
YCR072C	YGL120C
YGL093W	YOL069W
YLL039C	YML048W
YKL195W	YNL255C
YER074W	YLR075W
YFR004W	YJR007W
YFR004W	YPL028W
YDL140C	YKL012W
YDR299W	YPR161C
YER125W	YHL002W
YHR027C	YLR354C
YER151C	YNL040W
YKL180W	YPL012W
YGR024C	YPL110C
YHR152W	YHR174W
YBL032W	YPR106W
YNL110C	YNL307C
YDR166C	YJL085W
YOR117W	YPR183W
YLR387C	YNL255C
YHR099W	YPL248C
YDR388W	YLL039C
YJL124C	YLR003C
YER029C	YGR013W
YDR510W	YHR134W
YDR311W	YLR288C
YMR186W	YPR181C
YHR048W	YNL197C
YER006W	YHR197W
YDR277C	YHL002W
YBR170C	YLL039C
YDR092W	YMR256C
YOL077C	YPL012W
YLR196W	YPR191W
YBR126C	YMR261C
YJR017C	YLR106C
YKL104C	YPR106W
YLR291C	YPR041W
YDR174W	YLR442C
YLL039C	YOR375C
YBR200W	YFL039C
YAL027W	YDR388W
YBR169C	YBR194W
YGR178C	YNL085W
YLR418C	YOR138C
YAL032C	YBR114W
YBR194W	YMR186W
YGR284C	YHR140W
YDL137W	YHR200W
YBR126C	YHR027C
YMR184W	YNL307C
YOL012C	YOL077C
YBL072C	YPL090C
YDR381W	YLR430W
YML109W	YNL216W
YCR093W	YJR022W
YBR109C	YGL229C
YDR363W	YDR510W
YBR140C	YOR371C
YJL141C	YPL203W
YKL104C	YOR117W
YBL032W	YKL203C
YJR064W	YNL212W
YHR114W	YLR423C
YJL176C	YNL031C
YMR308C	YPL020C
YKL091C	YKL168C
YIL150C	YLR045C
YCR024C-A	YJL004C
YGL004C	YOR261C
YER136W	YGL210W
YAR019C	YCR073C
YDL140C	YDR510W
YIL162W	YPL094C
YBR253W	YGR005C
YBL105C	YGR254W
YDR216W	YER177W
YKL104C	YMR308C
YER036C	YJL136C
YLL039C	YOR051C
YAR019C	YPL201C
YER056C	YER120W
YGL158W	YJR141W
YBL105C	YJL020C
YNL255C	YOR283W
YBR109C	YKL190W
YHR200W	YML024W
YFR004W	YGL195W
YBL097W	YER164W
YNL085W	YOR197W
YML010W	YPR161C
YLR418C	YOR151C
YNL197C	YOR129C
YDL192W	YDL200C
YDL140C	YGR116W
YFR004W	YOR303W
YER012W	YMR076C
YMR262W	YPL209C
YKL005C	YNL031C
YGL066W	YGL158W
YKL165C	YPR028W
YFR004W	YOL127W
YBL049W	YIL142W
YCR010C	YLL039C
YGR240C	YHR200W
YOR198C	YPR161C
YHR105W	YJR059W
YJL008C	YOR375C
YML051W	YOL067C
YBR039W	YHR197W
YDR283C	YPR115W
YBL103C	YHR099W
YBL032W	YLR036C
YBL072C	YER074W
YDR497C	YMR010W
YLL039C	YOL063C
YMR167W	YOL043C
YKL103C	YLL039C
YDR229W	YPL135W
YML092C	YOR261C
YDR314C	YDR388W
YNL255C	YPL020C
YDR504C	YNL255C
YCR073W-A	YLR257W
YDR244W	YER056C-A
YBR194W	YGR130C
YIR026C	YPR115W
YDL084W	YDR432W
YGL087C	YNR065C
YDR541C	YLR025W
YDL192W	YER165W
YGR085C	YPL090C
YDR176W	YHR099W
YDR480W	YKL189W
YER025W	YML063W
YLL039C	YPL174C
YER095W	YLR259C
YDR432W	YGR013W
YEL037C	YLL039C
YKL013C	YNL243W
YER162C	YOR117W
YLR314C	YOR191W
YJL194W	YPR119W
YNL032W	YNL099C
YDR004W	YHR154W
YBL041W	YHR200W
YBR136W	YBR143C
YIR006C	YKL129C
YDR381W	YKR048C
YML037C	YNL092W
YDL140C	YGR270W
YLR022C	YNL255C
YNL197C	YNL201C
YIL062C	YLR337C
YER146W	YIL038C
YDR101C	YNL110C
YDR388W	YJR083C
YCR016W	YDL208W
YNL128W	YPL164C
YBR194W	YPL131W
YDL076C	YPL181W
YGL105W	YOR197W
YLR221C	YNL104C
YIL105C	YNL047C
YBL032W	YNL030W
YFR034C	YPL081W
YLL039C	YPR026W
YLL050C	YNL094W
YIR008C	YKR048C
YDR443C	YHR067W
YHR161C	YLR106C
YLL039C	YLR417W
YDR308C	YDR443C
YER006W	YMR049C
YGR005C	YMR308C
YAL027W	YGL106W
YNL032W	YNL056W
YKL189W	YLR423C
YJR059W	YKL062W
YER177W	YOR117W
YGL106W	YNL267W
YER016W	YGR161C
YBR212W	YDR304C
YGR005C	YPL240C
YBR057C	YGL192W
YGL120C	YJR145C
YDL130W-A	YER125W
YCL044C	YMR115W
YGR168C	YPL209C
YKR048C	YMR172W
YEL060C	YNL186W
YDR072C	YNL307C
YGL194C	YOL068C
YKL068W	YOL123W
YMR061W	YNL030W
YDL213C	YPL012W
YGR145W	YKR060W
YGR184C	YKL145W
YDR060W	YER006W
YHR007C	YIR037W
YKL029C	YMR308C
YER021W	YKL145W
YMR049C	YNL110C
YKL180W	YNL255C
YER125W	YLR027C
YLR310C	YNL098C
YBL032W	YOR012W
YNL032W	YNL255C
YML109W	YPL115C
YBR170C	YLR207W
YMR049C	YOL077C
YDR244W	YLR284C
YMR139W	YOL128C
YER165W	YGL172W
YOL051W	YPR034W
YDR216W	YPL240C
YDR510W	YFL039C
YDL192W	YOL147C
YDL055C	YHR200W
YDL233W	YOL069W
YER125W	YFR004W
YIL107C	YLR089C
YLR368W	YOL133W
YDL055C	YKL029C
YER025W	YJR007W
YLR182W	YOL113W
YDR480W	YMR186W
YBL032W	YBR214W
YJL106W	YPL150W
YML063W	YNL301C
YBR133C	YCR088W
YIR032C	YNL197C
YGL087C	YMR323W
YFR004W	YOR198C
YML032C	YPR161C
YGL111W	YOR380W
YGL048C	YGR184C
YCL010C	YGL262W
YGL106W	YGR086C
YDR416W	YDR420W
YDR356W	YLR006C
YDL171C	YKL104C
YLR429W	YNL094W
YIR005W	YLR438W
YDR381W	YIL021W
YLR069C	YPL240C
YDL015C	YPR028W
YER086W	YMR186W
YJL004C	YNL044W
YIL095W	YOR329C
YBL032W	YDR043C
YDL208W	YER029C
YER068W	YNL091W
YLL039C	YML024W
YGR135W	YKL206C
YML035C	YNL307C
YHR082C	YML083C
YDL054C	YMR013C
YPL082C	YPL178W
YNL022C	YOR209C
YBL032W	YPL075W
YML010W	YNL251C
YDR032C	YER020W
YDR510W	YFR032C-A
YFR014C	YPL203W
YJR059W	YKL093W
YDR510W	YJR092W
YFR004W	YMR246W
YHR082C	YML035C
YDR214W	YGR240C
YBR128C	YLR240W
YHR027C	YOR362C
YAR027W	YJL117W
YGL093W	YIL150C
YBR216C	YFR004W
YBL041W	YFR004W
YBR123C	YLR086W
YOL077C	YPR161C
YLL039C	YLR173W
YFR004W	YOR298C-A
YGR135W	YOR362C
YGR240C	YLL039C
YER006W	YPR016C
YDL029W	YLL039C
YJR159W	YMR308C
YDR381W	YHR066W
YDR354W	YLL039C
YER111C	YPL160W
YDL140C	YKL210W
YNL283C	YOL105C
YCL027W	YER032W
YGL004C	YGL048C
YNL007C	YPL209C
YFR004W	YGL004C
YDR288W	YEL019C
YDR050C	YDR510W
YGL179C	YIL107C
YFR004W	YPR108W
YLR081W	YOR181W
YBR039W	YGL237C
YHR158C	YMR036C
YJR059W	YLR350W
YDR356W	YGR161C
YNL255C	YPL004C
YFR024C-A	YML010W
YER048W-A	YGR192C
YFR004W	YKL117W
YJR035W	YLR304C
YLR404W	YOR301W
YDL100C	YNL055C
YIL043C	YLL039C
YDR387C	YLR292C
YCR004C	YMR031C
YMR308C	YOR020C
YAR018C	YNL077W
YBR039W	YOL087C
YER172C	YGR270W
YBR010W	YPL209C
YER082C	YPL012W
YBR059C	YKR079C
YDR303C	YMR072W
YBR191W	YGR085C
YER151C	YOL127W
YNL246W	YNL255C
YLL039C	YOR124C
YJL189W	YKL168C
YLL005C	YML075C
YFR021W	YLL039C
YGR270W	YLR357W
YOL013C	YOR027W
YDR264C	YPL242C
YJR059W	YOL041C
YBL032W	YIL055C
YBR193C	YGL127C
YLR138W	YML132W
YFR014C	YLR319C
YDR156W	YPR187W
YNL067W	YPR152C
YJL004C	YNL121C
YJR009C	YPL240C
YDR510W	YPL139C
YFR050C	YGR135W
YJL097W	YPL094C
YCL032W	YOR212W
YML024W	YML063W
YDR233C	YPL154C
YLR079W	YPR119W
YFR052W	YOR259C
YFR004W	YLR421C
YHR079C	YNL155W
YCL027W	YPR008W
YHR027C	YML008C
YGR270W	YPL127C
YDR486C	YFR014C
YGL096W	YJR022W
YHR118C	YPR018W
YDR432W	YGR116W
YBL032W	YIR001C
YJL096W	YOL027C
YJL165C	YOL122C
YKL160W	YNL255C
YLL039C	YLR327C
YKR081C	YLR449W
YBR112C	YFR004W
YER172C	YPR182W
YDL126C	YDL132W
YLR180W	YPR010C
YLR429W	YOR124C
YJR001W	YLL039C
YBL032W	YOR070C
YIL105C	YLR425W
YML049C	YPR178W
YER125W	YLR206W
YDR510W	YKL096W
YCL010C	YML007W
YDR356W	YLR045C
YJL084C	YMR216C
YDR229W	YJR059W
YIL153W	YMR028W
YDR243C	YOR125C
YNL121C	YPR128C
YIL105C	YPL208W
YER029C	YNL255C
YCR020C	YLR291C
YDR516C	YLL039C
YJL083W	YOR181W
YAR027W	YJL002C
YGL173C	YNL110C
YFL008W	YGL086W
YOR005C	YPL110C
YBL072C	YPL131W
YBL032W	YLR327C
YGL120C	YKL095W
YBR133C	YLL039C
YBL032W	YPL068C
YBR140C	YNL098C
YJR009C	YPR080W
YDR510W	YGR178C
YIL095W	YNL186W
YBR086C	YDR510W
YGR096W	YNL197C
YDR099W	YKL168C
YIL142W	YJL111W
YBR039W	YGR250C
YBL032W	YDR080W
YGL151W	YMR112C
YER012W	YHR134W
YLR291C	YLR423C
YFR034C	YIL033C
YBR289W	YML007W
YBR212W	YDR099W
YCL059C	YDL208W
YER068W	YNL197C
YDL186W	YNL307C
YML075C	YOL013C
YER151C	YML063W
YLL023C	YMR129W
YDL015C	YJR117W
YBR140C	YJL005W
YNL186W	YPL150W
YDR335W	YLL039C
YBR295W	YLL039C
YKL168C	YMR196W
YJR145C	YPL220W
YER036C	YHR027C
YER125W	YHR143W-A
YDR251W	YGL206C
YKL185W	YPL139C
YIL062C	YNR035C
YDR510W	YPR010C
YGR135W	YKR095W
YBL032W	YDR254W
YDR146C	YDR335W
YBL032W	YPL131W
YBR234C	YIL034C
YIL155C	YNL121C
YML007W	YPR070W
YIL038C	YNL288W
YGR124W	YOR117W
YNL307C	YOL091W
YLR410W	YML010W
YLL039C	YML126C
YJL081C	YPL129W
YFL024C	YPL248C
YFR034C	YLR362W
YBL007C	YLR248W
YAR002W	YLR335W
YFR024C-A	YGR268C
YBL032W	YIL034C
YHR140W	YPR192W
YCR057C	YLR029C
YOR117W	YOR303W
YBL032W	YKL192C
YDL087C	YER172C
YBR103W	YNL255C
YIR025W	YOR249C
YPL210C	YPL240C
YDL112W	YNL307C
YBL007C	YLL005C
YER020W	YGL121C
YCL029C	YER016W
YPR080W	YPR119W
YBR194W	YGR282C
YMR217W	YOR117W
YJL176C	YPR152C
YGL048C	YJR145C
YKL129C	YNL271C
YDR033W	YJR066W
YFR034C	YLR259C
YOR176W	YOR257W
YDR335W	YGR128C
YDL165W	YIL038C
YDR021W	YJR007W
YHR027C	YPL231W
YDL239C	YDR176W
YFR034C	YKL204W
YDL194W	YDR277C
YAL018C	YBR290W
YDL105W	YDR288W
YLR180W	YNL197C
YBR200W	YKL051W
YGR135W	YMR314W
YFR017C	YJR059W
YDL029W	YIR006C
YJR007W	YPR041W
YGL004C	YHR200W
YLL039C	YPL145C
YAR002W	YNL255C
YHR132C	YLL039C
YBR260C	YOR181W
YDL019C	YHR082C
YFR014C	YGL210W
YHR158C	YOR269W
YER162C	YLR167W
YDR028C	YLR377C
YDR510W	YLR029C
YGR155W	YPL061W
YEL002C	YLR378C
YAL028W	YMR139W
YKL142W	YMR165C
YGL151W	YNL025C
YHR115C	YPR169W
YCL039W	YGL227W
YDR388W	YNL094W
YDR284C	YEL013W
YBL032W	YLR459W
YJR148W	YLR418C
YIL127C	YNL255C
YML064C	YPR182W
YGL151W	YPL129W
YFR014C	YNL186W
YGR284C	YPR156C
YDL137W	YDL192W
YML114C	YPL129W
YBR010W	YKL005C
YDR146C	YOR116C
YER006W	YPL240C
YGR159C	YLL039C
YJR059W	YMR099C
YFR050C	YOR362C
YGL077C	YPR156C
YBR231C	YJL081C
YGR104C	YPR086W
YBR123C	YKL068W
YAL030W	YLL039C
YBR172C	YGL173C
YDR057W	YLR207W
YMR086W	YOR181W
YER105C	YPR080W
YGL158W	YOR044W
YJL106W	YLR079W
YMR216C	YOR078W
YFR004W	YHR174W
YCL066W	YCL067C
YAL007C	YHR110W
YMR216C	YPL139C
YLR449W	YNL030W
YDR510W	YLR248W
YPL129W	YPR056W
YEL002C	YOR085W
YGR184C	YML051W
YCL009C	YER151C
YDR099W	YNL267W
YJR053W	YPL209C
YPL106C	YPR016C
YBR173C	YMR037C
YDR388W	YPR055W
YDR174W	YDR176W
YGR255C	YLR201C
YIL019W	YOR078W
YDL137W	YNL255C
YBL030C	YGR254W
YAR019C	YJR047C
YGR130C	YGR192C
YNL255C	YPL094C
YDR273W	YFR052W
YJL004C	YML038C
YHR027C	YLR027C
YLR074C	YLR196W
YDR449C	YGR223C
YDR362C	YOR110W
YHR007C	YPL145C
YGR060W	YGR284C
YFR032C-A	YGR085C
YGL151W	YPR168W
YBR085W	YML058W
YDR388W	YOR204W
YLR074C	YLR106C
YDR311W	YDR460W
YHR197W	YKL180W
YGR104C	YPR052C
YER068W	YGR134W
YGR261C	YOR380W
YKL104C	YPL235W
YCL027W	YKL105C
YNL056W	YNL099C
YER021W	YOR261C
YLR106C	YOL133W
YFR004W	YJR009C
YBR194W	YKL152C
YDL123W	YER125W
YBR060C	YGL086W
YBL032W	YDR432W
YER151C	YPL061W
YFR004W	YKR001C
YNL090W	YNL255C
YJR022W	YOR076C
YGR085C	YML063W
YBL032W	YJL029C
YDL029W	YFR004W
YFR009W	YKL104C
YJL137C	YPR034W
YGR086C	YMR031C
YIL115C	YMR235C
YGL120C	YMR049C
YJR009C	YOL013C
YFR004W	YGR086C
YLR284C	YPL240C
YDR145W	YKR001C
YDR479C	YMR071C
YER105C	YGL100W
YLR258W	YOL128C
YHR082C	YMR165C
YGL049C	YPL190C
YDL101C	YDR030C
YER067W	YLL039C
YGR098C	YOR195W
YMR055C	YOR373W
YDR204W	YOL096C
YFR004W	YJL034W
YLL039C	YPR181C
YHR027C	YPR183W
YGL179C	YLR350W
YGR001C	YNL307C
YDR243C	YPL235W
YER005W	YPL264C
YER041W	YLR449W
YHR007C	YNL070W
YDR240C	YGR013W
YIR006C	YOR329C
YCR012W	YGR192C
YJR059W	YOR257W
YER146W	YKR026C
YBR108W	YHR082C
YDR264C	YMR197C
YAL031C	YBL032W
YAL035W	YER036C
YDR432W	YPR161C
YHR079C	YLR361C
YDL160C	YPR178W
YBR229C	YML067C
YGL153W	YGL179C
YER012W	YGR135W
YGL005C	YPR105C
YHR082C	YOR362C
YFR014C	YLR060W
YBL032W	YCL042W
YHR027C	YHR200W
YIR006C	YPR152C
YAL034W-A	YPL026C
YER036C	YJR059W
YDL126C	YJL048C
YER164W	YKR081C
YFR034C	YOR259C
YER082C	YJL076W
YDR510W	YGR192C
YOR117W	YPL231W
YOL041C	YOL077C
YOL120C	YOL127W
YDL210W	YML048W
YMR273C	YNL255C
YKL104C	YKL116C
YBR289W	YOL051W
YBR052C	YNL283C
YLR429W	YOR181W
YBR109C	YLL050C
YDL088C	YMR129W
YBL032W	YNR006W
YLR106C	YML124C
YGL123W	YLL039C
YGL106W	YKR048C
YLL039C	YMR171C
YGL195W	YML124C
YER151C	YGR178C
YDR518W	YHR113W
YLL039C	YLR359W
YER125W	YFL039C
YER125W	YOL043C
YCL059C	YPR102C
YPL264C	YPR028W
YDR497C	YER125W
YDR224C	YML034W
YLL050C	YMR092C
YDR502C	YER151C
YBL046W	YDR075W
YFL039C	YMR072W
YHR047C	YOL111C
YFR004W	YMR235C
YDR259C	YNL092W
YPL106C	YPR045C
YHR061C	YML109W
YFR034C	YOL001W
YBR010W	YJL081C
YKL184W	YPL026C
YNL030W	YNL255C
YDR323C	YOR089C
YJL004C	YPL264C
YMR037C	YOR043W
YEL036C	YGR231C
YOL021C	YOR076C
YER125W	YGR186W
YBL032W	YGL209W
YBL092W	YLR029C
YBL032W	YMR019W
YHL030W	YOR261C
YDR101C	YKR081C
YDR176W	YOL148C
YGR103W	YMR131C
YGL066W	YPL082C
YBR108W	YJL020C
YJR001W	YKL116C
YER177W	YNL076W
YFR004W	YKL104C
YBL032W	YJR044C
YDL074C	YJL165C
YAR019C	YDL047W
YML010W	YML056C
YBL093C	YBR253W
YLL039C	YPL131W
YGR233C	YOL145C
YER045C	YMR308C
YMR186W	YPL235W
YML029W	YOL013C
YGL035C	YOL051W
YER029C	YGL100W
YML054C	YNL255C
YDL233W	YJR112W
YBR238C	YDR510W
YFR034C	YGR148C
YER151C	YPL012W
YDR184C	YNL197C
YDR416W	YER172C
YOL104C	YPL200W
YDL160C	YFR004W
YGR186W	YOR210W
YBR104W	YNL255C
YJL002C	YML130C
YBL032W	YNL283C
YBL032W	YLR139C
YBL032W	YJR074W
YHR174W	YLL039C
YGR103W	YHR066W
YNL136W	YNL255C
YBL078C	YKL103C
YBL032W	YJR145C
YGR060W	YIL016W
YDR122W	YGR001C
YLL010C	YOR043W
YDR145W	YOL072W
YBR289W	YGL158W
YGR250C	YML051W
YDR100W	YMR071C
YKL085W	YPL111W
YNL024C	YNL255C
YBR272C	YDR427W
YDR404C	YOR210W
YLR168C	YPR024W
YDR122W	YIL107C
YER105C	YPL004C
YGL158W	YNL186W
YDL148C	YJR145C
YFR004W	YKL103C
YDR368W	YHR200W
YDR162C	YPL161C
YKR026C	YMR269W
YBR039W	YGR104C
YHR200W	YPL145C
YNL156C	YNL197C
YMR186W	YPR093C
YDL215C	YLR027C
YDR432W	YER164W
YCR093W	YLR438C-A
YGL086W	YLR423C
YBR221C	YJL131C
YIL146C	YPR049C
YBL007C	YLR095C
YFL039C	YLR429W
YGR103W	YNL182C
YBL032W	YKL160W
YDR145W	YLR399C
YIL105C	YKL126W
YJL041W	YKR082W
YDL132W	YDR306C
YLR370C	YOR181W
YDL079C	YKL210W
YHR197W	YNL182C
YDR443C	YKR036C
YAL021C	YDR252W
YDR386W	YER006W
YGL158W	YGR024C
YHR152W	YML007W
YGR104C	YOR151C
YLL039C	YOL117W
YKR055W	YOL128C
YML064C	YPL192C
YGR240C	YIL106W
YBR108W	YFR024C-A
YFR004W	YHR107C
YJR094W-A	YNL255C
YDR386W	YOL041C
YDL084W	YMR314W
YDL126C	YDL140C
YDR233C	YLR018C
YBL032W	YOR178C
YGL173C	YPR140W
YDR388W	YGR268C
YDR122W	YMR124W
YER125W	YOR151C
YFR015C	YKR058W
YBR103W	YDR155C
YKL065C	YMR215W
YBR289W	YER162C
YDL140C	YNL025C
YGL048C	YPL004C
YDR510W	YKR008W
YBL032W	YJR094W-A
YGR085C	YLR029C
YBL032W	YIL123W
YJL111W	YMR028W
YKL010C	YLR304C
YDL213C	YER006W
YMR274C	YOL132W
YER120W	YLL039C
YDL126C	YPL066W
YBR105C	YLR259C
YMR124W	YPR119W
YLR448W	YNL255C
YBL072C	YBR247C
YDL192W	YDR264C
YHR027C	YPR181C
YHR116W	YLR182W
YER122C	YHR079C
YDR443C	YLL039C
YBL032W	YDR126W
YMR231W	YNL304W
YKL125W	YLL039C
YML058W	YNL307C
YHR057C	YNL255C
YGL172W	YLR430W
YNL307C	YNR006W
YBL032W	YLL027W
YDR390C	YDR510W
YBR221C	YMR308C
YER172C	YML049C
YDR101C	YKL068W
YJL194W	YNL197C
YBL032W	YLR020C
YFR014C	YGL105W
YHR140W	YLR343W
YHR066W	YNL122C
YDR453C	YJL141C
YBL032W	YER151C
YGR060W	YML048W
YDR299W	YIL019W
YBL032W	YLR180W
YBR234C	YIL062C
YBR143C	YOR176W
YBR082C	YKL010C
YML124C	YOL120C
YGR249W	YPL026C
YDR288W	YOR294W
YDR388W	YLL027W
YDR356W	YIL149C
YBR052C	YER020W
YFL039C	YHR152W
YDR404C	YGR186W
YHL002W	YPR115W
YNL055C	YNL093W
YJL124C	YNL032W
YLR119W	YMR032W
YGL233W	YOR357C
YNL255C	YOL026C
YCR073W-A	YDR122W
YBL064C	YHR082C
YHR007C	YLR350W
YLR027C	YLR314C
YBL050W	YOR075W
YER095W	YML032C
YCR098C	YHR110W
YBL049W	YGL227W
YBR053C	YLR310C
YKL125W	YML126C
YGL158W	YJL081C
YLR319C	YLR362W
YGR085C	YOR234C
YDR356W	YER129W
YDR032C	YIL105C
YJR059W	YNL245C
YEL013W	YHR094C
YDR510W	YNR035C
YBL032W	YER111C
YBL032W	YNL042W
YFR014C	YKL149C
YBR043C	YNL307C
YGL158W	YLR071C
YDR227W	YNL216W
YBR052C	YGL056C
YGR240C	YPR152C
YIL142W	YLR196W
YDR033W	YHR200W
YLR288C	YMR159C
YDL055C	YJR109C
YNL255C	YOR269W
YGR233C	YHR071W
YIR035C	YNL255C
YHR079C	YOR181W
YBR241C	YDR264C
YLL039C	YPR183W
YNL031C	YOR290C
YDL015C	YML048W
YKR085C	YOL027C
YJL030W	YOR283W
YDL072C	YLL039C
YDL145C	YLL039C
YBL007C	YGL181W
YGL055W	YHR007C
YBR234C	YPL004C
YLR229C	YPL242C
YDR180W	YFL008W
YJR117W	YNR019W
YGR157W	YHR007C
YJL124C	YPL084W
YMR186W	YPL240C
YLR424W	YPL151C
YBL032W	YKL190W
YDR159W	YPL178W
YGR188C	YKL214C
YJR059W	YKR041W
YLR369W	YMR049C
YER122C	YFL048C
YLR119W	YLR417W
YGR135W	YHR027C
YJL178C	YOR357C
YDL193W	YLL039C
YGL075C	YLR190W
YJR007W	YKR026C
YHR066W	YOR294W
YLR319C	YOL112W
YDR368W	YHR027C
YML056C	YOL077C
YNL255C	YOR078W
YGL048C	YOR261C
YER006W	YGR103W
YHR082C	YNL022C
YER094C	YOR362C
YPR025C	YPR056W
YBL032W	YPR022C
YFL024C	YML007W
YNL197C	YOL036W
YER062C	YML058W
YAL062W	YLL039C
YDR259C	YNL307C
YFR004W	YNL007C
YDR198C	YOR005C
YBR260C	YGR196C
YDR388W	YMR308C
YGR156W	YPL008W
YBL007C	YDR277C
YFR052W	YHR200W
YKL084W	YKL195W
YJR035W	YKL085W
YDR449C	YGR128C
YBR274W	YPR010C
YBL025W	YNL255C
YDR075W	YIL153W
YEL037C	YGL106W
YCR057C	YLL039C
YDL145C	YFR051C
YHR200W	YLR028C
YBL032W	YOL155C
YDR099W	YER012W
YDR336W	YDR510W
YBR169C	YPL106C
YAL002W	YKR014C
YBL032W	YPL085W
YIL062C	YJL020C
YDL155W	YOR210W
YDL159W	YPL201C
YIR022W	YLL039C
YBL072C	YCR057C
YDR388W	YFR024C-A
YOR117W	YOR259C
YMR308C	YOR373W
YDR050C	YFR004W
YDR416W	YML049C
YER151C	YJR094W-A
YBR123C	YDR362C
YBR234C	YFR004W
YLL039C	YPR154W
YNL094W	YPL004C
YDR383C	YLR315W
YBR290W	YML048W
YMR004W	YOR132W
YDR369C	YJL167W
YIR022W	YOL132W
YKR014C	YNL093W
YDL074C	YPR169W
YDR216W	YOL133W
YML048W	YPR198W
YBL032W	YOL043C
YDL235C	YLR006C
YHR124W	YIL156W
YDR179C	YMR025W
YBL072C	YGL120C
YOR078W	YPL012W
YBR253W	YGL151W
YJR145C	YPL131W
YEL002C	YGR284C
YDL036C	YHR200W
YAR027W	YDR406W
YOR244W	YPR152C
YDR476C	YDR479C
YML048W	YPL264C
YHR154W	YKL152C
YEL023C	YOR269W
YLR075W	YLR448W
YLR176C	YPL082C
YCR004C	YNL255C
YHR007C	YML008C
YLL039C	YLR001C
YAL062W	YAR071W
YBL064C	YFR014C
YER006W	YER151C
YMR308C	YOR362C
YDR386W	YPL127C
YDR381W	YIR008C
YGL206C	YJR125C
YDR308C	YPL129W
YKL129C	YLR337C
YGL005C	YPL240C
YGR180C	YHR200W
YJL097W	YPR071W
YJR064W	YOR212W
YDR244W	YGL153W
YFR014C	YNL307C
YLL039C	YLR248W
YER036C	YNL302C
YBR234C	YDR063W
YLR055C	YPL209C
YJR059W	YLR362W
YCR057C	YGR154C
YLL039C	YNR035C
YGR060W	YJL117W
YDL192W	YJL099W
YIL122W	YNL197C
YBL032W	YOL153C
YJL141C	YJR017C
YBL032W	YNL288W
YDR169C	YGL179C
YOL021C	YOR001W
YDR505C	YLL039C
YBR126C	YMR139W
YBR109C	YDR356W
YGR128C	YPL012W
YBR010W	YKR048C
YDR240C	YHR099W
YDR038C	YLL039C
YBL032W	YPL115C
YFR004W	YPL106C
YDL047W	YFR021W
YBR112C	YCR084C
YBR260C	YFR004W
YER021W	YJL084C
YBL032W	YNL091W
YER029C	YPL151C
YJL034W	YLR378C
YGL179C	YPL139C
YAL032C	YER032W
YGL077C	YMR010W
YDL087C	YHR086W
YER056C-A	YOR290C
YIL084C	YLR423C
YLL039C	YML057W
YDL089W	YML034W
YNL104C	YNL307C
YCR088W	YHR200W
YGL111W	YKR081C
YBR111C	YFR004W
YHR030C	YPR191W
YNL243W	YOR329C
YBR172C	YER068W
YER151C	YPR132W
YJL030W	YKL204W
YHR094C	YNL197C
YJL179W	YLR189C
YDL146W	YHR114W
YER012W	YGR193C
YBL032W	YOR092W
YJR059W	YMR291W
YIL021W	YPL129W
YDR108W	YOR115C
YEL043W	YKL142W
YHR062C	YNL110C
YBR169C	YGL206C
YDR510W	YGR256W
YDR294C	YLL039C
YCL036W	YDR388W
YHR187W	YPL086C
YGR005C	YIL021W
YOR016C	YPL264C
YCL032W	YMR139W
YDR510W	YLR060W
YGR186W	YKR062W
YBR253W	YML007W
YJL141C	YLR241W
YCL029C	YMR019W
YJR059W	YLR301W
YBR114W	YMR201C
YBR059C	YOR257W
YHR082C	YLR258W
YGL233W	YPR055W
YOL051W	YOR290C
YJR145C	YOL127W
YKR002W	YML010W
YMR028W	YPL152W
YKR060W	YLR409C
YIR015W	YLR345W
YBL032W	YLR310C
YDR101C	YER006W
YDL101C	YML058W
YLL039C	YPL086C
YBL032W	YDR077W
YLR106C	YOR151C
YFL008W	YOL091W
YOL027C	YPR100W
YOR116C	YOR210W
YNL110C	YPR102C
YHR143W-A	YOL051W
YEL002C	YJL117W
YHR082C	YPL094C
YGL078C	YLL039C
YBL032W	YJL097W
YGL105W	YLR247C
YDL209C	YPL151C
YDR348C	YER125W
YGR255C	YML058W
YOL012C	YPL240C
YBL032W	YOR384W
YLR119W	YMR235C
YDR184C	YOL069W
YDR270W	YGL105W
YHR197W	YPR016C
YFR004W	YLR259C
YDR001C	YJR059W
YGR175C	YMR186W
YDL140C	YIL021W
YIL105C	YPR161C
YBR057C	YNL197C
YGL005C	YGL223C
YKL104C	YPL061W
YHR001W	YLL039C
YLR075W	YOL127W
YJL076W	YPR119W
YKL182W	YLR180W
YBL036C	YDR342C
YFR014C	YLR307W
YHR175W	YJL178C
YBL050W	YLR078C
YER086W	YJR009C
YHR197W	YPL131W
YBL032W	YBL047C
YDR330W	YNL307C
YDL103C	YDR288W
YFL039C	YNL136W
YBL046W	YNL201C
YBL032W	YHR161C
YHL030W	YOR117W
YDR443C	YLR071C
YKR054C	YML124C
YBR085W	YLL039C
YGR080W	YIL034C
YNL255C	YOR304W
YDR155C	YLR299W
YFR032C-A	YLR029C
YIL010W	YKL117W
YER162C	YMR201C
YGR105W	YNL255C
YHR027C	YLR180W
YJR059W	YML037C
YJR112W	YLR086W
YLL039C	YNL134C
YFR004W	YOR117W
YER125W	YNR069C
YPL106C	YPR129W
YNL197C	YOL128C
YHR105W	YML116W
YDR307W	YHR140W
YBL092W	YHR197W
YCL032W	YLR362W
YEL056W	YOR386W
YGL229C	YJL178C
YFR015C	YNL255C
YBL032W	YGR161C
YHR086W	YPL178W
YBL032W	YIR035C
YLR196W	YLR449W
YNL110C	YPL240C
YFR050C	YMR314W
YEL002C	YOR016C
YDR099W	YKL182W
YDL209C	YER029C
YGL172W	YMR308C
YGR180C	YHR082C
YBL032W	YNL325C
YDR224C	YOR116C
YBL032W	YPL066W
YDR022C	YLR423C
YKL087C	YNL255C
YDR174W	YOL012C
YGL081W	YGR184C
YER151C	YJR009C
YDL004W	YHR082C
YLR025W	YOR275C
YNL255C	YOR116C
YAL021C	YDL165W
YDR050C	YHR200W
YFR004W	YPR028W
YPL174C	YPL253C
YLR310C	YPL082C
YDL021W	YLL039C
YGL158W	YJR095W
YOL127W	YPL131W
YHR079C	YNR006W
YOR020C	YPL240C
YBR059C	YIR006C
YER151C	YML024W
YDR224C	YOR304W
YBR234C	YOR181W
YLL010C	YLR019W
YJL176C	YNL216W
YDR510W	YPL020C
YER125W	YOR042W
YBL032W	YGL056C
YBL058W	YJR098C
YLR291C	YPL124W
YDR174W	YML064C
YLR377C	YNR065C
YDL055C	YGR288W
YIL095W	YNL243W
YBL032W	YML083C
YML008C	YNL255C
YDL159W	YGR240C
YGL106W	YLR304C
YLR085C	YLR377C
YMR314W	YOR380W
YDR146C	YGR104C
YDR443C	YGL158W
YBL007C	YOR181W
YKR078W	YMR019W
YOR181W	YPL145C
YJL020C	YLR429W
YDL126C	YML064C
YMR264W	YNL255C
YMR115W	YNL307C
YBR200W	YNL025C
YGR148C	YNL255C
YFR004W	YNL255C
YIL038C	YJR032W
YBR114W	YOL012C
YBL032W	YPR154W
YDR381W	YOR294W
YFR014C	YOR257W
YBR193C	YKL038W
YBL014C	YNL197C
YBL032W	YLR086W
YGR013W	YLR298C
YBL092W	YFR032C-A
YIL106W	YOL123W
YDL100C	YGL153W
YBR112C	YPL181W
YLR418C	YML010W
YBR149W	YFR004W
YER044C	YGR175C
YER044C	YHR007C
YCL010C	YGL158W
YBR218C	YGL106W
YGR104C	YLR071C
YER032W	YJL020C
YIL105C	YNL255C
YBR194W	YOR227W
YBR169C	YOR027W
YLR424W	YNL224C
YFL048C	YKL065C
YMR105C	YNR035C
YGR155W	YLR442C
YHR129C	YJR008W
YER151C	YLL039C
YDR085C	YPL242C
YER006W	YOL077C
YJL194W	YLL004W
YDL160C	YJL124C
YBR052C	YDR032C
YER177W	YFR014C
YJR066W	YMR028W
YNL182C	YPR016C
YDR459C	YNL048W
YJL036W	YLR423C
YCR016W	YDL079C
YFR004W	YNL104C
YNL197C	YPL135W
YHR027C	YML126C
YCR012W	YHR027C
YKR081C	YNL255C
YLR337C	YNR035C
YGR155W	YPR080W
YBL101C	YER125W
YPR080W	YPR129W
YNL031C	YNL255C
YHL024W	YJL106W
YDL148C	YPR161C
YDR155C	YNL094W
YKL038W	YPL203W
YER146W	YNL147W
YGL170C	YOL091W
YLR071C	YML007W
YDR096W	YER032W
YKR056W	YKR072C
YDR244W	YMR026C
YGL173C	YKL198C
YLR291C	YNL265C
YEL037C	YER012W
YBL032W	YDR072C
YML126C	YNL119W
YDL015C	YDR307W
YBL032W	YPL026C
YHR085W	YNL182C
YAL034W-A	YNL255C
YDR162C	YGL035C
YER151C	YNL010W
YNL110C	YOR048C
YER151C	YHR027C
YLR248W	YLR257W
YJR059W	YMR184W
YFR004W	YJL111W
YBL032W	YDL159W
YNL148C	YNL255C
YER122C	YLR248W
YGL173C	YPR161C
YBR145W	YDR499W
YDR323C	YHR082C
YIR011C	YPL240C
YML100W	YMR139W
YDR479C	YML125C
YBL007C	YCL008C
YDR180W	YIL026C
YER020W	YLR326W
YBR194W	YER177W
YDR252W	YNL288W
YHR200W	YNL044W
YGR271W	YMR036C
YER095W	YFR009W
YHR027C	YNL044W
YNL020C	YNL084C
YFR024C-A	YGL195W
YBL032W	YMR147W
YHR200W	YMR314W
YBR112C	YBR200W
YAL027W	YCR009C
YER125W	YPL209C
YJL117W	YKL065C
YIL105C	YJL058C
YDR510W	YPR187W
YOR116C	YPR187W
YHR200W	YOR375C
YKL213C	YNR006W
YBL032W	YHR143W
YAR027W	YEL041W
YER177W	YKL182W
YAR035W	YER024W
YDR381W	YOL113W
YER069W	YFR004W
YIR037W	YML007W
YBR149W	YDR510W
YFL048C	YGR284C
YNL255C	YPR080W
YLR071C	YPL129W
YDR510W	YGR061C
YAR027W	YJR044C
YER151C	YLR354C
YBR014C	YDL100C
YFL039C	YJL005W
YHR082C	YMR021C
YGR211W	YHR200W
YGR060W	YLL005C
YBL032W	YGR241C
YML126C	YOR117W
YER056C-A	YFR034C
YCR012W	YHR200W
YER177W	YPR115W
YDL101C	YGR130C
YDR510W	YGR056W
YFR014C	YKR074W
YGR178C	YOR181W
YDL248W	YDR479C
YPL240C	YPR016C
YBR182C	YLR423C
YBL015W	YJR068W
YGL173C	YPR178W
YGR116W	YLR199C
YER029C	YER165W
YJL008C	YPL240C
YJR019C	YPR106W
YBR276C	YLR359W
YDR033W	YNL197C
YEL023C	YHL002W
YCR079W	YPL160W
YHR027C	YLR421C
YJR090C	YOL133W
YCR057C	YLL011W
YLR257W	YLR345W
YEL037C	YER162C
YLL010C	YLL039C
YCR016W	YER125W
YDR251W	YLL039C
YDR381W	YJL006C
YKR048C	YPR119W
YDR001C	YFR004W
YBR253W	YDL140C
YOR191W	YPR154W
YDR452W	YKR092C
YGR270W	YOL012C
YJR066W	YKL203C
YMR191W	YPR108W
YCR084C	YLR071C
YBR001C	YDR001C
YHR143W-A	YPL248C
YBR267W	YKR048C
YBR058C	YCR073W-A
YDR432W	YIL021W
YDR159W	YKL068W
YDR099W	YIL095W
YNL197C	YPL039W
YAR027W	YNL125C
YBR290W	YPR156C
YBR010W	YNL246W
YHR200W	YOR204W
YNL197C	YOR316C
YCR009C	YNL055C
YAL030W	YER143W
YFR004W	YMR083W
YBL032W	YKL068W
YBR194W	YPR024W
YKR068C	YOR115C
YOL051W	YPR168W
YGL233W	YPL240C
YCR088W	YDR342C
YKR014C	YNL044W
YBL093C	YPR168W
YHL024W	YPL203W
YKR081C	YOL077C
YLR075W	YPL220W
YJL165C	YML037C
YLR074C	YNL255C
YAR002W	YJL041W
YGL253W	YLL039C
YBR177C	YER136W
YHR082C	YNL027W
YBL032W	YOR006C
YDR432W	YIR001C
YPL004C	YPL074W
YAL021C	YKR036C
YDL113C	YGL223C
YGL179C	YPL117C
YLR199C	YPL004C
YLL050C	YML064C
YFR004W	YMR272C
YDR060W	YLR448W
YKL013C	YLR337C
YDL126C	YLR167W
YNL255C	YPL225W
YDR443C	YFL028C
YCR088W	YDR510W
YGL004C	YPL235W
YNL110C	YOL077C
YAL021C	YGL195W
YCR016W	YDR510W
YDR068W	YLR020C
YBR173C	YER012W
YFR004W	YLR075W
YCR093W	YGL178W
YEL058W	YLL039C
YLR291C	YNL044W
YHR082C	YOR210W
YDR381W	YGL173C
YGL013C	YMR297W
YBR194W	YNL255C
YDR243C	YDR381W
YHL027W	YOR275C
YNL077W	YPL150W
YJR001W	YJR059W
YDR096W	YDR475C
Q0120	YPL160W
YBL041W	YFL007W
YDR228C	YLR423C
YLR357W	YMR091C
YNL051W	YPL240C
YFL007W	YMR186W
YBL007C	YOR322C
YML029W	YNL219C
YFR004W	YGR185C
YKL190W	YML057W
YDL208W	YOL008W
YER172C	YJR022W
YDR432W	YFR004W
YBR202W	YJL194W
YER164W	YKR001C
YJR059W	YKL184W
YML133C	YNL255C
YDL015C	YKL182W
YOL148C	YPL082C
YDR500C	YNL255C
YOR083W	YPL116W
YAL034W-A	YML032C
YDR159W	YGL100W
YOR204W	YPR041W
YGL121C	YOR371C
YGL153W	YNL329C
YGL158W	YML035C
YJL034W	YKL073W
YCR007C	YDR107C
YPL082C	YPL139C
YBL032W	YKR051W
YGR135W	YHR200W
YER162C	YOR257W
YIL139C	YPL167C
YOL077C	YOR244W
YDL126C	YMR067C
YOR348C	YPL240C
YCR057C	YKL180W
YDL213C	YGR103W
YPL106C	YPR162C
YLR065C	YNL255C
YIL115C	YKR082W
YDR214W	YHR030C
YBR016W	YLL039C
YDR510W	YMR269W
YGL237C	YPR085C
YML092C	YOR362C
YNL094W	YNL243W
YDR335W	YFR034C
YPL151C	YPR152C
YDR077W	YLR075W
YLL039C	YPL224C
YER151C	YOR151C
YPL231W	YPR152C
YGL120C	YJL076W
YMR186W	YNL051W
YER012W	YHR200W
YBL032W	YLR006C
YBR105C	YGL227W
YDR460W	YPR056W
YJR059W	YPL012W
YLL027W	YNL255C
YJL020C	YNL206C
YER151C	YER165W
YGR261C	YLR330W
YMR191W	YOR117W
YBR109C	YKL210W
YGL086W	YIL149C
YDR057W	YDR411C
YGL120C	YLR449W
YER021W	YJR009C
YDL126C	YDR330W
YBR247C	YCR057C
YDR099W	YDR373W
YBR072W	YDL239C
YER036C	YHR079C
YBL032W	YJL041W
YNL307C	YPL240C
YHR218W	YNL255C
YBR019C	YDL079C
YFR004W	YGR192C
YKR008W	YLL039C
YGR130C	YNR029C
YGR103W	YMR049C
YCL067C	YCR097W
YDR159W	YIL034C
YCR073W-A	YNL307C
YNL255C	YNL333W
YGL153W	YPR105C
YDL029W	YNR035C
YBL007C	YBL105C
YCR073C	YDR007W
YDR335W	YKL068W
YJR062C	YKL085W
YHR197W	YKR081C
YHR079C	YLR006C
YBR010W	YDL159W
YDR140W	YNR046W
YFR004W	YOR283W
YDR389W	YJR091C
YBL032W	YBL097W
YGR104C	YLR418C
YLR424W	YPL018W
YDR432W	YOR001W
YCR106W	YPL243W
YDR510W	YOR191W
YAL032C	YNL243W
YIR025W	YNL255C
YBL032W	YJR091C
YBL072C	YHR027C
YGL001C	YLL039C
YER125W	YOR181W
YCR084C	YLR418C
YDR432W	YPL190C
YEL034W	YOL059W
YDR096W	YPR154W
YDR128W	YGL100W
YJR145C	YLL039C
YNL031C	YPR052C
YER177W	YPL231W
YDR182W	YLL039C
YHR083W	YNL070W
YDR510W	YOR151C
YER012W	YMR314W
YER177W	YLR258W
YDR155C	YGL194C
YBR108W	YOR181W
YKL206C	YLR199C
YBL032W	YNL314W
YGR282C	YPR152C
YDR381W	YGR270W
YKL190W	YOR315W
YCR012W	YNL147W
YDR283C	YML010W
YNL255C	YPL110C
YDR383C	YML051W
YER095W	YML075C
YJL165C	YPR119W
YER094C	YLL039C
YFL039C	YJL081C
YDL148C	YLL039C
YDR259C	YJL106W
YAL030W	YBR200W
YDL047W	YJL111W
YDR409W	YLR314C
YGL005C	YMR186W
YDR006C	YOR117W
YBL032W	YJL225C
YBR290W	YER125W
YMR273C	YPL115C
YGR155W	YHR200W
YLR075W	YPR181C
YDL208W	YNL110C
YMR112C	YOL051W
YCR093W	YIL038C
YKL201C	YNL255C
YPL038W	YPR154W
YKL211C	YOL113W
YOR290C	YPR133C
YEL036C	YPL094C
YBL058W	YDR388W
YBR058C	YGL106W
YCR012W	YPR152C
YCR106W	YJL006C
YBL032W	YDR403W
YDR388W	YPL235W
YNL255C	YPL271W
YBL032W	YLR206W
YDL072C	YML029W
YMR154C	YOR110W
YNL197C	YNL321W
YDR224C	YJR145C
YAR027W	YLR350W
YML010W	YPR086W
YDL047W	YMR028W
YBL032W	YGL080W
YAL043C	YBL101C
YBL032W	YDR156W
YJL013C	YNL172W
YNL055C	YNL121C
YLL039C	YOR089C
YLR304C	YMR072W
YHR197W	YPR102C
YDR155C	YKL191W
YKL192C	YOR124C
YKL088W	YMR272C
YER151C	YGL206C
YDL007W	YDR427W
YML096W	YPL026C
YBR202W	YMR043W
YER177W	YHR027C
YKR055W	YPL161C
YDR227W	YLR278C
YOR181W	YPR154W
YGR097W	YNL207W
YDR043C	YHL027W
YCR057C	YPL081W
YDR224C	YJL081C
YAL019W	YLR027C
YIL142W	YJR070C
YBR108W	YLR438C-A
YJR066W	YOR181W
YGL229C	YNL076W
YDR510W	YOL051W
YNL091W	YNL288W
YER151C	YLR259C
YER172C	YHR152W
YDR388W	YMR162C
YLR350W	YOR054C
YDR481C	YNL197C
YER128W	YLR181C
YIL105C	YPR119W
YBL093C	YMR112C
YKL059C	YKR002W
YJR059W	YMR196W
YDR101C	YGR103W
YBL032W	YNL321W
YDR099W	YOR176W
YJR017C	YLR438W
YGR261C	YLR423C
YDL029W	YLR429W
YNL044W	YNL304W
YDR510W	YER165W
YMR308C	YPL209C
YBL072C	YNL207W
YBR060C	YER165W
YDR481C	YJR066W
YDR155C	YJL020C
YHR129C	YPL174C
YER056C-A	YNL255C
YBR039W	YML058W
YDR495C	YKR014C
YOR117W	YOR244W
YAR027W	YLR018C
YDR510W	YPL075W
YDR227W	YNL030W
YEL034W	YHR200W
YML001W	YOR070C
YCR053W	YOR209C
YKL210W	YLL039C
YER169W	YNL030W
YDR443C	YPR168W
YDR510W	YJL176C
YDR335W	YKL029C
YIR005W	YMR105C
YLR350W	YOR016C
YOR347C	YPL240C
YBL032W	YLR228C
YGR060W	YKL065C
YCR037C	YJL002C
YEL071W	YPL004C
YER086W	YOR257W
YDR046C	YGR060W
YGR233C	YPR049C
YMR119W	YNL008C
YER030W	YPL090C
YCL040W	YOR244W
YCR012W	YDR378C
YDL209C	YKL095W
YGL158W	YJR115W
YBL032W	YDR103W
YKL142W	YMR210W
YJL178C	YLR431C
YCR093W	YDL145C
YGL066W	YGR274C
YJL077C	YNL255C
YDR381W	YLR085C
YLR315W	YOR275C
YNL022C	YOL113W
YHR140W	YPL264C
YBL032W	YKL088W
YOR273C	YPL004C
YDL055C	YLR180W
YDR032C	YGR130C
YGL055W	YPL240C
YJL041W	YPL240C
YJL141C	YPR184W
YFL018C	YGR193C
YNL265C	YOL142W
YER125W	YMR182C
YGL123W	YOR117W
YDR120C	YLL039C
YCR009C	YPL004C
YER166W	YGR241C
YBR010W	YDR510W
YAL054C	YDR216W
YJR159W	YML064C
YLR196W	YPL131W
YDL007W	YER012W
YDR299W	YNL255C
YBL092W	YER151C
YHR030C	YOL145C
YDR156W	YPR010C
YDL165W	YNL025C
YNL255C	YPL220W
YBR170C	YKL020C
YDR381W	YLR022C
YDL111C	YNL197C
YGR130C	YJL106W
YDR264C	YOR036W
YIL095W	YJL184W
YNL030W	YOR064C
YML010W	YPR133C
YNL246W	YOR244W
YCR088W	YLR429W
YBR170C	YDL126C
YGR005C	YGR104C
YBR103W	YGL194C
YBL010C	YPL018W
YER021W	YJL165C
YDR326C	YJR035W
YHR200W	YOR117W
YBL030C	YHR027C
YFR004W	YPL111W
YNL255C	YPL139C
YFR014C	YOR271C
YCR024C-A	YJL124C
YLR089C	YLR423C
YGR060W	YGR175C
YJR035W	YPR191W
YDR335W	YOL051W
YHR154W	YNL155W
YDL125C	YHL018W
YCR093W	YOR110W
YNL255C	YOR042W
YBR182C	YKL062W
YDR388W	YLR436C
YDR388W	YNL243W
YDR002W	YFR004W
YGR289C	YPL240C
YHR113W	YPL201C
YDR510W	YPR183W
YDR101C	YLR449W
YHR200W	YJL167W
YFR004W	YIL043C
YDR092W	YHR115C
YDR176W	YPR008W
YDR153C	YOR036W
YAR018C	YDR216W
YDR060W	YKR081C
YIL019W	YKR060W
YER151C	YPR069C
YDR416W	YPL151C
YDR386W	YLL039C
YLR125W	YLR288C
YHR154W	YOL039W
YHR012W	YKL195W
YLR029C	YPL220W
YBL032W	YDL197C
YFR004W	YFR053C
YHR161C	YIL122W
YGL100W	YNL307C
YHL002W	YOL117W
YBL072C	YJL124C
YBR136W	YOR181W
YMR032W	YOL036W
YER029C	YHR004C
YDL123W	YHR094C
YGR274C	YHR023W
YHR066W	YMR049C
YLR291C	YNL229C
YGR148C	YHR197W
YBR289W	YDR510W
YJR090C	YOL136C
YDR142C	YIL160C
YLR335W	YOR181W
YCR093W	YNL091W
YER017C	YFL018C
YLR314C	YMR055C
YER165W	YER172C
YJL141C	YOL133W
YBR200W	YDR103W
YCL027W	YPL038W
YER012W	YER021W
YAL025C	YDR510W
YIL095W	YJL044C
YER105C	YLR018C
YGR103W	YKL180W
YHR082C	YKL168C
YKL211C	YPR010C
YCL039W	YIL017C
YBL032W	YNL188W
YBR273C	YKL213C
YCR088W	YNL094W
YBR173C	YNL255C
YFR050C	YHR200W
YDR142C	YGL153W
YCR073C	YML096W
YBL046W	YDR224C
YCR012W	YGL158W
YKL079W	YPL203W
YBR170C	YOL013C
YDR381W	YGL237C
YBL032W	YER053C
YDR214W	YHR027C
YHR200W	YPL231W
YER006W	YLR106C
YBL032W	YDR081C
YLL039C	YPL208W
YER020W	YNL283C
YPL203W	YPR187W
YER005W	YNL044W
YER016W	YML124C
YDL072C	YKL065C
YKL211C	YKR026C
YLR074C	YLR397C
YDR388W	YPR093C
YKL117W	YNL255C
YER125W	YJR059W
YAL028W	YFR014C
YBR071W	YLL039C
YDL148C	YNL255C
YFR004W	YLR351C
YGR070W	YLL039C
YBR194W	YER006W
YER177W	YKL168C
YAR002W	YDR101C
YFR009W	YNL307C
YDR432W	YOR204W
YDL055C	YLR075W
YDR204W	YLR201C
YPL106C	YPR093C
YBL007C	YBL032W
YDR443C	YPR070W
YGL208W	YNR035C
YDR174W	YGL035C
YCL027W	YNL058C
YLR229C	YPL161C
YDL126C	YNL255C
YBR247C	YHR082C
YOR290C	YPR034W
YBL007C	YKR095W
YER025W	YOR117W
YBL007C	YGL237C
YBL007C	YLR106C
YLR429W	YPR161C
YFL007W	YPR103W
YMR314W	YOR210W
YIL142W	YLL011W
YBL092W	YHR066W
YKR031C	YPL027W
YDL127W	YDR388W
YLR423C	YPR049C
YBL032W	YJL094C
YDR223W	YJL141C
YLR354C	YOR117W
YDR092W	YKL210W
YDL200C	YGR184C
YDR036C	YLR397C
YGR033C	YNL255C
YBR253W	YPL129W
YHR079C	YLR429W
YGL151W	YML007W
YBR191W	YER151C
YBR196C	YHR200W
YGL206C	YLR370C
YHR200W	YNL010W
YBR274W	YPL203W
YMR294W	YPL174C
YJR059W	YNL125C
YIL062C	YLR370C
YDR159W	YJL041W
YLR079W	YNL255C
YGL223C	YNL051W
YIL156W	YJL020C
YFR051C	YLR180W
YLR227C	YOL091W
YKR081C	YPL131W
YOL120C	YPL143W
YDR082W	YLR010C
YOL001W	YPR115W
YGL123W	YNL110C
YCR099C	YHR082C
YKR001C	YMR091C
YBR010W	YNL206C
YER151C	YPL231W
YIL019W	YJL069C
YJL002C	YLR378C
YBL032W	YGL151W
YGL158W	YMR239C
YJL034W	YPL085W
YGL172W	YMR129W
YFR014C	YML030W
YFR034C	YMR131C
YFR004W	YJR137C
YGR254W	YHR152W
YDR057W	YLL039C
YBR234C	YKL129C
YFR034C	YPR132W
YOR027W	YOR117W
YKL051W	YNL283C
YER177W	YFR004W
YER165W	YLR335W
YDR414C	YML038C
YDL145C	YOL087C
YMR043W	YNL042W
YDR510W	YMR076C
YMR207C	YNL255C
YDR427W	YPR108W
YDR122W	YER167W
YFL024C	YOL012C
YKR072C	YNL255C
YJR074W	YPL240C
YBL032W	YHL028W
YGL100W	YPR080W
YGR103W	YKR081C
YPR178W	YPR182W
YCL034W	YHR114W
YDR427W	YKL145W
YBL032W	YLR350W
YDL223C	YJR059W
YGR271W	YPL220W
YMR215W	YNL197C
YGL111W	YHR066W
YDR032C	YFR004W
YBR109C	YML057W
YBR229C	YLL039C
YGR128C	YGR185C
YBL032W	YGL223C
YKR001C	YLR176C
YDR432W	YNL255C
YDR168W	YPL240C
YHL002W	YNL239W
YGL017W	YPL090C
YDR145W	YHR099W
YER151C	YGR192C
YAL035W	YER151C
YCL029C	YOR269W
YGR005C	YPR052C
YER151C	YGR186W
YOR043W	YPR030W
YHR082C	YLR022C
YGR192C	YHR027C
YBL007C	YMR253C
YJL117W	YLL039C
YNL255C	YOR115C
YNL027W	YPR106W
YDL140C	YIL153W
YBR109C	YGL242C
YEL002C	YKL065C
YML126C	YOL127W
YGR156W	YNL317W
YGR284C	YPL264C
YHR010W	YOL077C
YLR291C	YOL143C
YAL032C	YPL151C
YBL032W	YGR056W
YBR082C	YKL210W
YGR161C	YLL039C
YLR029C	YOL077C
YBL007C	YGR240C
YCL027W	YOR017W
YBR194W	YPL235W
YGL253W	YHR200W
YHR200W	YMR083W
YBL032W	YNL269W
YHR010W	YKL180W
YBL032W	YJR159W
YAR027W	YPL094C
YLL023C	YNL044W
YOL072W	YOR257W
YDR240C	YER029C
YAR027W	YAR028W
YNL197C	YPR083W
YMR036C	YNL197C
YKR001C	YPR034W
YER086W	YER095W
YKL203C	YNL255C
YLL039C	YMR145C
YCR093W	YDR252W
YBL058W	YLL039C
YBR272C	YOR117W
YDL029W	YHR027C
YHR027C	YKL145W
YDL126C	YKL213C
YDR060W	YNL301C
YBL046W	YNL255C
YER164W	YML010W
YDR169C	YER090W
YGR156W	YLR448W
YOR244W	YPL106C
YKR026C	YOR317W
YDR451C	YMR043W
YER151C	YOR259C
YER173W	YJR068W
YHR094C	YIR026C
YER020W	YGR130C
YBR035C	YFR004W
YHR174W	YJL030W
YFR014C	YLR215C
YHR027C	YJR109C
YNL055C	YOL132W
YHR118C	YPL001W
YLR291C	YLR377C
YGL077C	YLR219W
YCR093W	YER068W
YFR052W	YPL082C
YKL142W	YNL067W
YBR136W	YOR027W
YNL255C	YPL143W
YNL032W	YNL093W
YDR174W	YNL255C
YER074W	YNL110C
YIL033C	YMR239C
YBR260C	YDL140C
YBR136W	YKL085W
YDR168W	YFR004W
YBR200W	YDR481C
YKL191W	YLL039C
YGL066W	YPR070W
YER172C	YLR438C-A
YDR107C	YMR070W
YKL145W	YMR264W
YDR519W	YNL255C
YDR169C	YPL203W
YJL081C	YNL136W
YBR191W	YGL123W
YER125W	YOL122C
YBL032W	YOR040W
YLR196W	YOR176W
YMR215W	YOL113W
YBR169C	YPR152C
YJR059W	YLR258W
YDR479C	YLR350W
YER010C	YJR059W
YJL176C	YPR052C
YMR032W	YMR162C
YLR291C	YMR246W
YFL033C	YHR205W
YHL002W	YOR138C
YDR510W	YLR028C
YDR227W	YER105C
YGR005C	YML010W
YGR184C	YPR103W
YBR108W	YPR154W
YER142C	YGL049C
YKL129C	YMR032W
YBL032W	YER162C
YER029C	YER172C
YIL038C	YPL231W
YBR123C	YMR039C
YGL229C	YPL180W
YDR101C	YHR197W
YER151C	YGR085C
YDR397C	YPL082C
YIL118W	YNL271C
YHR197W	YOL120C
YBL007C	YDL139C
YIL010W	YPL209C
YDL160C	YNL288W
YMR172W	YNL255C
YBL092W	YLR448W
YER155C	YPR034W
YDR168W	YFL029C
YAL062W	YPL160W
YDR388W	YIL106W
YER172C	YLR310C
YBR202W	YLL039C
YDR224C	YOR244W
YBL103C	YOL067C
YHR061C	YMR032W
YDR388W	YGR250C
YER100W	YLL039C
YAL021C	YNL216W
YMR297W	YOR137C
YKR026C	YLR291C
YJR059W	YLR319C
YDR510W	YKR062W
YFR034C	YLR337C
YER006W	YLL039C
YKL085W	YLR074C
YPL131W	YPR016C
YFR004W	YOR374W
YFR004W	YKL152C
YBR039W	YKR036C
YBL032W	YBR173C
YGR085C	YOR198C
YDR381W	YNL255C
YHR010W	YMR031C
YFR004W	YNL010W
YBL032W	YDR186C
YGL049C	YMR139W
YBR169C	YFR014C
YLR029C	YPR016C
YDL007W	YGL048C
YDR335W	YFR014C
YOR181W	YPL085W
YGR135W	YIL105C
YJL099W	YPR080W
YHR027C	YHR174W
YDR495C	YML001W
YBL032W	YLR425W
YOR042W	YOR181W
YIL153W	YNL201C
YLL039C	YOR322C
YFR015C	YPL219W
YIL153W	YNL314W
YER151C	YML126C
YBL030C	YNL055C
YDR162C	YMR299C
YGL178W	YHR114W
YGR103W	YLR196W
YDR145W	YNL255C
YGL049C	YLL039C
YDL192W	YFR004W
YDR381W	YML010W
YDL113C	YHR082C
YPL203W	YPL247C
YDL173W	YHR082C
YER036C	YHR200W
YJL131C	YPR161C
YGR013W	YML049C
YLR291C	YMR032W
YBL032W	YOR210W
YDR356W	YPL180W
YBR247C	YDL148C
YGR103W	YPL131W
YPL209C	YPR115W
YDR105C	YJL178C
YFR004W	YML092C
YDR060W	YOL120C
YJR059W	YLR410W
YHR027C	YNL055C
YGL195W	YLL039C
YKR046C	YLL039C
YER016W	YOR294W
YAL063C	YBL032W
YNL093W	YOR132W
YBL041W	YFR050C
YNL058C	YNL307C
YJL048C	YLR368W
YBR253W	YPL248C
YGL179C	YJL084C
YBR273C	YDL126C
YBL032W	YDL138W
YGR116W	YNL049C
YKL125W	YPR080W
YOR259C	YPL248C
YLL039C	YOL013C
YDR099W	YGL035C
YDR168W	YER161C
YMR216C	YOL021C
YDL015C	YML085C
YGL179C	YKR079C
YDL200C	YHR033W
YFR014C	YIL107C
YDL022W	YDR510W
YNL255C	YPR037C
YDR060W	YLL039C
YLR399C	YOL012C
YDL029W	YIL095W
YCR057C	YIL019W
YOR204W	YPR119W
YGR135W	YLL039C
YBR059C	YDR229W
YDL100C	YHR200W
YFR004W	YML010W
YGL120C	YPL151C
YKL145W	YML092C
YDR510W	YMR215W
YDR051C	YNL255C
YBL047C	YIL095W
YDL076C	YPL082C
YJR092W	YLL039C
YKL064W	YLL039C
YDR224C	YNL157W
YNL229C	YPL240C
YKL129C	YOR181W
YLL039C	YNL321W
YDR381W	YMR308C
YML088W	YOL133W
YEL013W	YPL180W
YKR078W	YLL005C
YKL180W	YML024W
YML008C	YOR117W
YGL049C	YPL178W
YDR189W	YLR078C
YCR079W	YIL125W
YHR061C	YMR273C
YDR513W	YLL039C
YKR048C	YPL090C
YGL120C	YOL041C
YNL007C	YOR007C
YHR027C	YML092C
YCR007C	YPL020C
YGR098C	YMR273C
YGL124C	YLR396C
YGL172W	YNL147W
YAL056W	YPL203W
YKL062W	YNL136W
YBL032W	YMR273C
YNL056W	YNL255C
YNL255C	YOR117W
YDR227W	YGR010W
YLL039C	YMR197C
YHR082C	YNL240C
YJR008W	YNL197C
YDR099W	YOR244W
YOL025W	YOL133W
YEL034W	YHR027C
YBL032W	YKL204W
YKL068W	YPR119W
YDR475C	YOR289W
YGR130C	YMR031C
YDR145W	YML114C
YGR135W	YPR103W
YBL032W	YNL146W
YFR024C-A	YGR241C
YDL140C	YGR186W
YDL090C	YKL152C
YIL105C	YKL203C
YAL035W	YGL158W
YDL100C	YOL111C
YOR193W	YPL112C
YGR233C	YLL050C
YDR381W	YGL049C
YGL055W	YIL016W
YDR443C	YMR112C
YKL125W	YML010W
YDR334W	YDR510W
YIL062C	YNL255C
YBR272C	YPL001W
YNL255C	YNR027W
YNL030W	YOL012C
YEL037C	YOR257W
YHR152W	YPR018W
YBL032W	YGR156W
YDR299W	YPR152C
YKL088W	YKR072C
YBR010W	YNL255C
YGR108W	YNL197C
YJR145C	YML056C
YLR265C	YOR244W
YBR214W	YLR079W
YGR184C	YLL039C
YGR186W	YPR152C
YAL007C	YJL034W
YJL034W	YJR009C
YBR060C	YLL004W
YBR108W	YPL004C
YBR290W	YPR028W
YHR082C	YNL186W
YGR103W	YHR197W
YDR100W	YPL218W
YBR103W	YML109W
YHR083W	YNL092W
YDR233C	YLL039C
YGL111W	YGR097W
YDR388W	YHL030W
YDR510W	YMR083W
YIL095W	YML037C
YDL210W	YKL065C
YBR109C	YBR218C
YFR014C	YKL064W
YDR510W	YER041W
YCL010C	YDR145W
YMR025W	YOL117W
YCL010C	YOL148C
YBL032W	YMR182C
YER125W	YKL150W
YDR002W	YNL307C
YBL007C	YML075C
YHR082C	YMR281W
YLR449W	YNL031C
YDL076C	YIL084C
YKR085C	YOR150W
YCL010C	YLR055C
YHR200W	YKR001C
YEL056W	YNL031C
YNL255C	YOL129W
YBL091C-A	YOL113W
YJL106W	YPR115W
YDL055C	YFR004W
YNL172W	YOR163W
YAL054C	YAR035W
YFR004W	YPL240C
YER006W	YNL110C
YLL039C	YMR250W
YBR108W	YHL002W
YDR101C	YHR085W
YLR003C	YPL209C
YAL028W	YIL095W
YML085C	YOR269W
YER143W	YFR004W
YDR388W	YNL206C
YPL129W	YPR168W
YBR234C	YCR009C
YBR290W	YJR117W
YGR082W	YLR168C
YFL008W	YGR130C
YBL032W	YNL329C
YBL032W	YHL012W
YDR120C	YER125W
YDR414C	YPL264C
YFR014C	YGR130C
YJL030W	YMR131C
YGR175C	YGR289C
YDL132W	YDL155W
YGR089W	YLR086W
YCR057C	YNL030W
YDL015C	YGR284C
YAL043C	YDR228C
YLR377C	YML050W
YDR233C	YHR027C
YDR283C	YOR308C
YBL032W	YOR329C
YML001W	YPL240C
YBL032W	YDR460W
YDR145W	YPR086W
YPR093C	YPR187W
YCL059C	YNL207W
YPL111W	YPL160W
YDL087C	YER165W
YBR114W	YGR193C
YFR052W	YPR108W
YHR027C	YKL182W
YGL237C	YMR308C
YHR023W	YPR184W
YKR081C	YPR161C
YDR510W	YLR335W
YFL039C	YPL129W
YLR423C	YOR353C
YGL105W	YNL119W
YKR081C	YPR045C
YGL105W	YJL165C
YGL179C	YGR038W
YMR210W	YOL113W
YKL053C-A	YNL255C
YLR378C	YPL094C
YKL095W	YNL229C
YCR073W-A	YNL255C
YCL039W	YPL018W
YGR082W	YMR299C
YBL032W	YDR409W
YER100W	YKL210W
YJL167W	YJR059W
YBL032W	YML075C
YFR024C-A	YGR240C
YOL132W	YOR099W
YFL007W	YGL048C
YER151C	YLR060W
YBR223C	YDR510W
YGL158W	YOR210W
YDL148C	YER082C
YDL140C	YHR143W-A
YGR122W	YLR025W
YDR229W	YJR068W
YDR075W	YIL142W
YLR176C	YNL030W
YER151C	YFR051C
YBR196C	YHR027C
YPL129W	YPL203W
YLL039C	YPL240C
YIL155C	YLL039C
YER120W	YHR200W
YER151C	YPR102C
YDR174W	YIL036W
YNL255C	YOR021C
YDR427W	YPR040W
YMR019W	YPL082C
YDR432W	YIL079C
YHR001W	YKR036C
YNL245C	YNL255C
YMR186W	YOL013C
YDL051W	YML105C
YHR023W	YNL166C
YBL032W	YNL055C
YDR308C	YGL158W
YLL039C	YNL045W
YGL237C	YLR114C
YCR053W	YLR314C
YOL051W	YPR070W
YER025W	YLR291C
YCR057C	YOL077C
YHR027C	YML057W
YJR059W	YKL116C
YER012W	YER094C
YEL013W	YHR195W
YBL105C	YBR059C
YBL032W	YPR183W
YJR144W	YPR161C
YBR060C	YKR101W
YLR052W	YPL218W
YBL102W	YJL178C
YFR004W	YGR240C
YDL047W	YOR259C
YBL032W	YJL110C
YLL039C	YPL134C
YHR082C	YMR184W
YER021W	YGL027C
YHR007C	YHR094C
YER151C	YMR186W
YOR016C	YPR156C
YKL059C	YPL008W
YDL213C	YGR145W
YDR084C	YGL127C
YLR138W	YNL255C
YBL093C	YDR443C
YDL213C	YNL186W
YDR101C	YPR016C
YBL032W	YFR051C
YDR145W	YER164W
YFR009W	YJL189W
YIL106W	YPR111W
YIL125W	YMR072W
YAL002W	YOR089C
YIL071C	YOL117W
YDR284C	YPR071W
YCL027W	YKR101W
YHR113W	YLR291C
YHR023W	YPL242C
YGR001C	YJL006C
YDL160C	YGL173C
YKL214C	YPL178W
YFR034C	YKL145W
YGL066W	YLR055C
YCL036W	YNL255C
YFR014C	YJL189W
YDL160C	YNL147W
YDL111C	YFR019W
YLR292C	YNL003C
YKL142W	YOL059W
YPL061W	YPR080W
YHR200W	YLR027C
YHR027C	YML070W
YML010W	YPR010C
YDL199C	YLL039C
YBR080C	YDR427W
YNL147W	YPR082C
YDR231C	YNL197C
YDR006C	YHR200W
YCR057C	YGR085C
YNL255C	YOL077C
YGR277C	YNL255C
YGR270W	YOR204W
YDR033W	YLL039C
YER044C	YGR060W
YBL102W	YHR027C
YBL032W	YHL027W
YIL021W	YJR035W
YGR155W	YOR151C
YKL033W-A	YNL255C
YLR291C	YPR105C
YDL155W	YDR216W
YDL055C	YOR117W
YDR159W	YKR095W
YLL039C	YPL085W
YJL117W	YOR099W
YBL032W	YDR068W
YDR075W	YGR192C
YLL039C	YNL224C
YGR184C	YNL307C
YDL140C	YGL194C
YDR451C	YNL197C
YNL025C	YPL248C
YGL158W	YOR362C
YDL141W	YGL105W
YBR253W	YGR104C
YHR033W	YML064C
YBR200W	YLR396C
YDL029W	YDL225W
YBL097W	YGR135W
YAL021C	YBR172C
YJR145C	YPL012W
YJL115W	YLR399C
YDR311W	YPR056W
YDL145C	YDL192W
YER012W	YKL206C
YFL024C	YPL082C
YDL145C	YJL117W
YGR223C	YPL028W
YDR430C	YGR193C
YDR155C	YOL068C
YBL030C	YLL041C
YDL055C	YKR048C
YKL020C	YKL213C
YBR010W	YOL012C
YAL007C	YNL055C
YBL032W	YDL039C
YDR229W	YDR388W
YGR130C	YOL120C
YOR192C	YPL240C
YDL145C	YKL211C
YFR019W	YPL004C
YLR258W	YMR308C
YGL053W	YPL020C
YER065C	YJR066W
YHR086W	YKL012W
YDR462W	YNL255C
YBL032W	YLR278C
YDR449C	YJL069C
YFR052W	YGR135W
YDR101C	YIL115C
YLL039C	YLR028C
YHR010W	YLR074C
YKL203C	YMR036C
YDR007W	YJL165C
YBL032W	YOL019W
YDR076W	YHR033W
YDL138W	YHR154W
YDR325W	YLR086W
YBL007C	YJL004C
YER100W	YPL240C
YMR129W	YNL197C
YGR061C	YOR124C
YNL166C	YOR244W
YOR259C	YOR261C
YDL015C	YJL002C
YMR167W	YPL164C
YLR337C	YMR032W
YFL039C	YPL235W
YBL007C	YCL034W
YDL112W	YER146W
YGL153W	YKL197C
YJL165C	YKL038W
YBL092W	YML063W
YKR008W	YLR410W
YOR001W	YOR076C
YER151C	YLR196W
YER125W	YLR079W
YGL105W	YMR216C
YKR001C	YLR357W
YBL032W	YDR303C
YNL042W	YNL197C
YLL039C	YLR258W
YER178W	YIL042C
YHR114W	YNL084C
YGL210W	YOR070C
YJL178C	YOL129W
YGR146C	YML051W
YBR136W	YHR114W
YLR442C	YNL031C
YIL038C	YPL203W
YBL102W	YDL192W
YBR172C	YER146W
YDR502C	YHR027C
YNL197C	YPL006W
YER021W	YLR181C
YEL056W	YNL030W
YER165W	YKL012W
YAL025C	YGL111W
YGL173C	YJL124C
YPL129W	YPR187W
YGL127C	YGL151W
YMR165C	YOL001W
YBR193C	YPR070W
YBR010W	YHR090C
YOR117W	YOR298C-A
YGL094C	YKL012W
YCL010C	YER164W
YGL049C	YIR001C
YCR097W	YNL255C
YMR049C	YOL127W
YLR438C-A	YNL255C
YDR335W	YNL027W
YLR377C	YML064C
YKL022C	YNL172W
YNL229C	YOL034W
YFR004W	YKR046C
YML105C	YPL243W
YLL039C	YOR316C
YDR017C	YMR196W
YBR039W	YNL255C
YDL140C	YJR017C
YBL032W	YML049C
YDL078C	YDR304C
YMR182C	YNL255C
YDL213C	YHR099W
YLL039C	YLR149C
YKR062W	YPR052C
YCL044C	YIL136W
YHR027C	YJR009C
YHR200W	YPR181C
YHR152W	YLR288C
YER012W	YLR290C
YDR388W	YGR188C
YBL032W	YJR066W
YOR027W	YPR178W
YBL007C	YLR435W
YBL036C	YNL255C
YNL301C	YPL131W
YDR311W	YPR052C
YDL055C	YNL259C
YNL207W	YPR115W
YBL032W	YNR004W
YBR082C	YPR103W
YLL039C	YPL210C
YHR023W	YNL110C
YDL054C	YOR315W
YHR030C	YJL066C
YDR174W	YPR161C
YJL076W	YPL240C
YDR057W	YFL048C
YBR024W	YLL039C
YDL090C	YKR048C
YHR082C	YNR006W
YML096W	YOL113W
YIR005W	YML049C
YCR106W	YPL240C
YHR200W	YML070W
YDR005C	YDR335W
YBR010W	YDR059C
YDL115C	YOR210W
YER038C	YHR154W
YCL008C	YLL039C
YKL152C	YNL127W
YBR136W	YNL265C
YCR012W	YPL240C
YDR381W	YHR090C
YBL007C	YPL157W
YGL195W	YKL029C
YDL055C	YJL034W
YBR273C	YJL141C
YHR197W	YNL110C
YER165W	YKR002W
YLR074C	YNL182C
YJR115W	YNL197C
YOL051W	YPL129W
YGR256W	YLL039C
YGR186W	YGR274C
YLR022C	YLR424W
YML066C	YPL240C
YBL032W	YDR184C
YJL107C	YJR091C
YHL032C	YPL004C
YER036C	YGL158W
YLR357W	YPL082C
YGR274C	YPL235W
YIR037W	YLR345W
YBR137W	YDR335W
YGL153W	YOL105C
YBL047C	YBL105C
YKR092C	YOL012C
YGL173C	YPR106W
YMR280C	YNL307C
YHR099W	YPL181W
YFR014C	YJL124C
YMR308C	YMR314W
YBL032W	YOL036W
YBL047C	YLL039C
YLL039C	YOL120C
YGL123W	YKL180W
YDR028C	YER177W
YDR383C	YPL018W
YGL158W	YOL148C
YFL024C	YHR090C
YDR251W	YJL052W
YDL007W	YER021W
YML030W	YNL255C
YDR233C	YDR510W
YDL140C	YFR004W
YDL022W	YOR117W
YHR007C	YLR242C
YDR063W	YDR124W
YGR268C	YLL039C
YDR381W	YKL214C
YOR210W	YPL203W
YER120W	YKL065C
YCR093W	YPL037C
YLR025W	YNL255C
YDR162C	YNL094W
YDL208W	YLR409C
YDR224C	YDR303C
YBL032W	YOL101C
YDR214W	YOR027W
YFR034C	YLR418C
YCR012W	YLR438C-A
YDR378C	YER029C
YER082C	YGR128C
YBR095C	YPL139C
YJR022W	YNL329C
YJL084C	YMR139W
YGR056W	YMR091C
YCL008C	YFR024C-A
YLR074C	YOL127W
YLR221C	YNL255C
YBL056W	YFR004W
YBL032W	YML105C
YDR330W	YGR268C
YDR427W	YOR209C
YER177W	YPR008W
YBR267W	YNL255C
YKL012W	YNL255C
YDL132W	YEL060C
YBR123C	YOR110W
YLL039C	YLR237W
YLR035C	YPR034W
YCR024C-A	YDR414C
YER098W	YHR082C
YFR014C	YNL027W
YDR510W	YLR442C
YFR004W	YMR186W
YLR430W	YML010W
YBL056W	YDL145C
YHR114W	YLR324W
YDL209C	YDR088C
YNL255C	YPL131W
YAL032C	YPR152C
YDL155W	YDR146C
YFL046W	YMR131C
YIL142W	YOR244W
YJR142W	YPL150W
YOR294W	YPR045C
YAL021C	YGR134W
YAR028W	YML067C
YMR298W	YPL094C
YDR153C	YJR059W
YLR397C	YOR244W
YDR076W	YHR154W
YHR140W	YIL016W
YMR314W	YOR362C
YBL092W	YDR510W
YIL017C	YLL039C
YBR052C	YCR004C
YDL047W	YGR282C
YGL237C	YGR155W
YKL012W	YML010W
YBR143C	YER151C
YAL018C	YLR034C
YJL124C	YNL147W
YGR144W	YLR291C
YDR381W	YJL141C
YDL076C	YKL185W
YGL158W	YPR070W
YJR001W	YNR075W
YER012W	YFR050C
YER074W	YPL090C
YJL076W	YOL012C
YHR200W	YMR235C
YDL047W	YDL140C
YEL013W	YMR197C
YPL164C	YPR191W
YAL059W	YPL131W
YHR027C	YKL010C
YDL111C	YOL142W
YHR105W	YNL204C
YDR381W	YER151C
YBR247C	YPR102C
YMR129W	YPL106C
YGL106W	YPL242C
YDL213C	YOL041C
YEL043W	YOL069W
YCR084C	YPR168W
YBR052C	YKL051W
YKL078W	YNL186W
YDR179C	YKR060W
YDR335W	YPR008W
YDL055C	YPR010C
YCR073C	YHR027C
YDR075W	YHR033W
YDL184C	YKR048C
YDL145C	YGR270W
YHR082C	YNL201C
YEL013W	YLL039C
YMR269W	YNL255C
YOR238W	YPL150W
YFR024C-A	YNL094W
YDR398W	YGR128C
YBR290W	YLR018C
YDR176W	YDR510W
YJR112W	YKL089W
YER151C	YLL050C
YCL008C	YHL002W
YJL084C	YNL307C
YKL125W	YNL255C
YDR155C	YKL103C
YOL129W	YOR316C
YML010W	YNL255C
YGR104C	YIL021W
YAL035W	YBR194W
YDL210W	YHR082C
YML007W	YOL051W
YML057W	YPL240C
YDR075W	YPR040W
YFR052W	YGL095C
YAL019W	YJL124C
YBR109C	YNL202W
YBR231C	YLR085C
YER115C	YML109W
YKL053C-A	YLR168C
YDR379W	YLR206W
YLL039C	YLR354C
YDL087C	YPL178W
YHR154W	YPR052C
YER165W	YIL123W
YKL039W	YML085C
YDL173W	YLR382C
YDR099W	YPR049C
YER143W	YFR014C
YKL078W	YOL041C
YDR173C	YMR043W
YOL013C	YPR069C
YNL044W	YNL093W
YBR272C	YOR259C
YDL148C	YOR078W
YGL158W	YOR089C
YFR004W	YKL029C
YLR003C	YNL255C
YOR181W	YPL106C
YER086W	YOL120C
YDR510W	YER062C
YCR004C	YHR027C
YJL165C	YOR292C
YHR082C	YHR099W
YDR381W	YNL049C
YBR103W	YJR141W
YNL255C	YPL240C
YGL237C	YJL081C
YER029C	YPL178W
YDR227W	YFL007W
YBR121C	YDR510W
YBR173C	YML092C
YBR010W	YKL103C
YDR432W	YML010W
YBR035C	YFL033C
YGL066W	YHR099W
YHR106W	YLR368W
YHL012W	YNL197C
YBL032W	YJL091C
YHR115C	YLR215C
YER177W	YJL141C
YDL105W	YEL019C
YER029C	YHR086W
YHR152W	YNL134C
YNL144C	YNL255C
YKL145W	YPL235W
YHR114W	YPR052C
YGL158W	YMR155W
YDL051W	YNL255C
YLR132C	YNL307C
YDR233C	YIL068C
YBL058W	YFR004W
YGR274C	YPL167C
YDL192W	YMR237W
YJR102C	YML101C
YDR480W	YHR082C
YDR142C	YGR184C
YER122C	YLR078C
YBL032W	YPL090C
YER021W	YPL106C
YCR012W	YER146W
YBR278W	YDR381W
YDL101C	YDR032C
YBR010W	YGR056W
YLR229C	YOL112W
YBR072W	YDR510W
YBL042C	YNL121C
YML092C	YMR308C
YNL225C	YPL124W
YDL027C	YFR024C-A
YDL148C	YGR250C
YDR174W	YNL031C
YBR212W	YHR082C
YFR004W	YLL050C
YLR370C	YNL243W
YDL127W	YFR034C
YDR224C	YKR048C
YGR274C	YKL201C
YNL255C	YOL096C
YGR108W	YPR119W
YLR035C	YOR261C
YBR194W	YHR174W
YDR308C	YPL248C
YBL007C	YBR234C
YIL026C	YMR076C
YPL082C	YPL129W
YGL158W	YJR096W
YNR019W	YPL240C
YJR046W	YPL008W
YDR032C	YGL077C
YGR061C	YHR027C
YJL081C	YOR244W
YNL135C	YOR117W
YDL029W	YMR105C
YJL094C	YNL197C
YGL151W	YGL158W
YDL087C	YDR080W
YGL048C	YOR259C
YDR224C	YDR334W
YJL107C	YNL255C
YKL137W	YNL255C
YGR263C	YMR070W
YDR214W	YKL211C
YAR019C	YBR162C
YDR342C	YKR026C
YDR145W	YOL051W
YBR010W	YLR442C
YJR117W	YNL197C
YBR010W	YDR174W
YBR109C	YPL124W
YBL032W	YGR057C
YDR510W	YER088C
YDR050C	YMR186W
YER094C	YMR314W
YLR182W	YOR083W
YBL032W	YBR203W
YHR160C	YIL160C
YDL139C	YGL153W
YBR193C	YIL021W
YDR214W	YML085C
YAR028W	YJL097W
YBR053C	YFR004W
YNL246W	YPL209C
YHR010W	YKR081C
YLL039C	YLR241W
YDR146C	YJL081C
YBR267W	YFR014C
YHR200W	YJL111W
YFR034C	YGL123W
YER178W	YFR004W
YHR082C	YOL104C
YFR024C-A	YOR042W
YKR048C	YOR032C
YKL203C	YKR093W
YKL160W	YLR219W
YGL048C	YNL255C
YGR104C	YOL051W
YBR109C	YDR032C
YDL140C	YHR030C
YGL077C	YHR094C
YDR314C	YLR429W
YKL150W	YPR154W
YFL024C	YJL081C
YAL027W	YML032C
YDR308C	YGL151W
YFL039C	YMR092C
YBL032W	YCL044C
YER090W	YKL211C
YGR268C	YLR206W
YKR048C	YOL012C
YER069W	YHR200W
YBL007C	YOR388C
YBL032W	YBR019C
YJL111W	YOR117W
YDR334W	YLR085C
YAL032C	YKL095W
YMR201C	YNL255C
YER021W	YMR314W
YHR061C	YML064C
YHR027C	YOR181W
YCL032W	YHR061C
YBL032W	YMR215W
YLR045C	YML085C
YLL039C	YMR237W
YCL029C	YJR066W
YAL030W	YPL232W
YKL210W	YKR082W
YOR308C	YPL240C
YGL195W	YLL050C
YCL008C	YNR006W
YJR088C	YNL255C
YBR059C	YGL105W
YGL233W	YIL068C
YDL165W	YDR443C
YBR170C	YFR014C
YFL039C	YHR200W
YMR237W	YNL045W
YLR258W	YMR139W
YDL200C	YDR214W
YOR290C	YPL129W
YCL009C	YFR004W
YLR075W	YPR161C
YDR196C	YNL255C
YIL016W	YMR215W
YBL030C	YMR083W
YHR099W	YPL082C
YCL059C	YPL012W
YGL106W	YLR356W
YJR032W	YMR186W
YDR386W	YPR181C
YDL133W	YNL255C
YBR141C	YNL255C
YNL255C	YPR134W
YLR337C	YNL197C
YBR169C	YNL127W
YDR189W	YDR498C
YLR362W	YPL240C
YDR145W	YKL038W
YDR427W	YGL004C
YGR223C	YPL150W
YBL032W	YFL024C
YOR204W	YPL119C
YLR330W	YMR010W
YOL012C	YPL127C
YGR192C	YGR270W
YJR109C	YOR303W
YFL039C	YPL240C
YIL150C	YPL018W
YOL039W	YOL127W
YHR079C	YOR113W
YKL116C	YMR052W
YCR016W	YPL026C
YHR027C	YKL152C
YDL126C	YLR207W
YDL126C	YER151C
YGR095C	YNL265C
YJR022W	YLR143W
YBL032W	YMR155W
YER127W	YLR315W
YFR015C	YLR258W
YNL255C	YPL134C
YDR510W	YJL034W
YJL048C	YKL213C
YBL032W	YNL278W
YDL007W	YHR200W
YER151C	YGR159C
YLR423C	YLR424W
YFR004W	YLR304C
YDL128W	YLR248W
YDL088C	YLR018C
YER177W	YOR176W
YIR011C	YKL145W
YJL141C	YOL143C
YDL074C	YOR365C
YLR075W	YNL049C
YOL128C	YPL201C
YKR095W	YLL039C
YAL032C	YDL209C
YGL013C	YMR308C
YNL255C	YOL120C
YGR085C	YHR027C
YJL110C	YNL307C
YJL070C	YJR059W
YGL056C	YKL051W
YKL198C	YOR298C-A
YPR016C	YPR080W
YAL062W	YCR009C
YBL032W	YMR136W
YJR145C	YOR204W
YDL079C	YKL103C
YML085C	YMR308C
YER151C	YNL301C
YLR250W	YNL255C
YDL126C	YKL020C
YDL140C	YPR152C
YBR082C	YPL037C
YJR032W	YLR314C
YER165W	YJL124C
YIL107C	YOR116C
YHR115C	YLL039C
YAL034W-A	YGL086W
YER125W	YKL203C
YDR174W	YDR510W
YDL145C	YPL222W
YCR004C	YDR032C
YBR272C	YNL030W
YGR270W	YKR001C
YGL106W	YLR319C
YER025W	YGL158W
YDL209C	YDR416W
YMR032W	YOL070C
YHR105W	YOR034C
YCR012W	YJL124C
YBR059C	YGR135W
YJR044C	YNL197C
YER125W	YPL193W
YDR303C	YLR357W
YER095W	YKL104C
YHR027C	YKL210W
YIL021W	YJR017C
YDR480W	YJR003C
YHL024W	YHR082C
YHR005C	YMR069W
YGR124W	YHR027C
YFR009W	YPL235W
Q0130	YKL016C
YKL062W	YOR244W
YDR001C	YHR200W
YDL078C	YPL209C
YGR266W	YJR059W
YDR080W	YDR495C
YER012W	YFL007W
YER136W	YNL135C
YDL180W	YNL197C
YPL240C	YPR002W
YER025W	YPR010C
YLR106C	YNL255C
YBR059C	YOR027W
YBL007C	YPL027W
YDL022W	YHR200W
YBR109C	YGR144W
YHR010W	YOL120C
YIL142W	YKL198C
YDR176W	YGL158W
YJR039W	YOR111W
YLR029C	YLR075W
YNL224C	YNL255C
YJL194W	YKL145W
YDR432W	YGL049C
YDL155W	YPL124W
YHR066W	YKR081C
YDL126C	YDR510W
YBL072C	YLR448W
YER086W	YPL235W
YDR330W	YDR510W
YGL120C	YPR182W
YLL039C	YMR105C
YJR059W	YOR230W
YDR480W	YLR310C
YBR140C	YMR139W
YJL176C	YOL069W
YDR224C	YNL201C
YJR145C	YLR029C
YBL032W	YGR060W
YDL140C	YPR086W
YHR082C	YPL180W
YNL255C	YPR132W
YER151C	YMR105C
YDR378C	YOR308C
YJR066W	YKL126W
YCR053W	YJR007W
YGR060W	YPR192W
YPL131W	YPR102C
YHL030W	YML092C
YER136W	YML001W
YGR185C	YHR200W
YGL049C	YHR086W
YDR388W	YJL194W
YLR248W	YNL267W
YDR510W	YNL015W
YDL101C	YMR105C
YLR423C	YNL182C
YBR221C	YPL151C
YLR102C	YMR092C
YAL059W	YDR101C
YBL032W	YKL201C
YIL071C	YJR007W
YCL008C	YLR417W
YDR510W	YNL007C
YNL135C	YPR119W
YDL126C	YGR104C
YDR103W	YDR335W
YDR388W	YOR181W
YJR022W	YOR308C
YDL140C	YOR210W
YGL077C	YNL197C
YBL032W	YPL004C
YDR356W	YOL069W
YDR028C	YER155C
YGR261C	YLR429W
YBL041W	YCR073C
YCL027W	YLR291C
YBL032W	YLR414C
YHR082C	YMR291W
YHR027C	YKR039W
YGL179C	YLR231C
YKL114C	YNL255C
YGL157W	YJL023C
YDL199C	YER021W
YDR100W	YJL104W
YBL032W	YGR249W
YJR156C	YLR423C
YBL103C	YFR021W
YDR449C	YPR041W
YML058W	YPL115C
YBR177C	YLL039C
YHR027C	YJR017C
YDL159W	YDR162C
YHL030W	YLR421C
YDR381W	YER035W
YKL010C	YLL039C
YDR388W	YHR185C
YFR024C-A	YLR078C
YFR036W	YKL022C
YOR151C	YOR210W
YBL032W	YDL127W
YBR010W	YGL035C
YDL126C	YLL039C
YMR131C	YNL255C
YBL032W	YNL081C
YGL237C	YPR016C
YCR057C	YHR010W
YHR027C	YLL039C
YCR093W	YNL288W
YKL104C	YOL120C
YBL032W	YNL008C
YBR109C	YLR288C
YOR117W	YPL028W
YIL084C	YPL082C
YDR146C	YML051W
YGR095C	YOR076C
YCL059C	YDL213C
YGR194C	YNL265C
YDL128W	YPL150W
YNL255C	YOR357C
YBR173C	YKL206C
YPL127C	YPL248C
YGL189C	YLR435W
YGL179C	YKR092C
YDR174W	YLR429W
YDR224C	YJL006C
YBR194W	YML049C
YBR241C	YLL039C
YDR137W	YNL044W
YBR212W	YDL167C
YDR510W	YJR007W
YDR085C	YDR381W
YHL002W	YPL038W
YDR080W	YLR396C
YCR088W	YHR199C
YHR037W	YLL039C
YGR241C	YIR006C
YNL031C	YPL209C
YDR256C	YJL006C
YDR510W	YOR116C
YFR004W	YJR070C
YAR027W	YJL097W
YGR192C	YIR001C
YBR289W	YDR224C
YHR137W	YLL039C
YFL039C	YPL242C
YDR303C	YPL106C
YBR203W	YKR048C
YJL020C	YML010W
YDR145W	YPL082C
YBR237W	YER021W
YCR066W	YLR438C-A
YDR162C	YKR048C
YNL044W	YOR089C
YFR004W	YKR018C
YDL137W	YFR004W
YER155C	YNL207W
YDR259C	YDR311W
YNL197C	YPL162C
YBR253W	YOL051W
YHR023W	YLR196W
YDR120C	YGL111W
YCR093W	YNL197C
YJR053W	YMR055C
YBR010W	YLR399C
YCR057C	YDR449C
YDR100W	YPL094C
YJL020C	YNL025C
YDR381W	YOR001W
YGL195W	YPL082C
YBR060C	YPL001W
YKR080W	YLL039C
YDL067C	YHR051W
YDR510W	YLR291C
YDL132W	YER012W
YDR224C	YER012W
YGR249W	YPL203W
YDR510W	YOL034W
YCR012W	YLL039C
YPL127C	YPR052C
YBR059C	YDR239C
YGR086C	YLR429W
YER094C	YGR135W
YEL002C	YMR264W
YER006W	YNL255C
YLR229C	YNL271C
YNL207W	YPL081W
YGR130C	YHR010W
YCL044C	YMR091C
YEL034W	YNL197C
YER098W	YOL087C
YDR099W	YER151C
YHR197W	YLR423C
YAR035W	YLL039C
YLR086W	YOL069W
YBR059C	YFR004W
YDL155W	YIL115C
YNL110C	YNL255C
YJR074W	YMR314W
YBL032W	YCL027W
YHR027C	YOR317W
YBL105C	YCL027W
YBR216C	YLL039C
YHR006W	YNL197C
YBL097W	YLR086W
YAL034W-A	YIL150C
YFR004W	YOR294W
YGL120C	YPL012W
YJR138W	YPL240C
YBR290W	YEL036C
YDR404C	YOR151C
YKL145W	YMR191W
YDR510W	YNL027W
YDL160C	YNL157W
YCL029C	YFR014C
YBL072C	YDL148C
YER032W	YHR152W
YDL127W	YNL197C
YJR056C	YPL018W
YBR102C	YPR055W
YLL039C	YPR109W
YDR216W	YLR055C
YHR140W	YPR028W
YDR100W	YER101C
YGR004W	YLR324W
YER164W	YOL148C
YBR143C	YHL030W
YCR088W	YPL115C
YPL082C	YPR086W
YFR004W	YML063W
YDL213C	YDR432W
YLR223C	YLR362W
YJL058C	YKL203C
YER125W	YOR124C
YER025W	YFR004W
YMR291W	YPL262W
YJL029C	YJL034W
YDR004W	YER095W
YCL032W	YLR229C
YBL032W	YIL011W
YDR510W	YNL042W
YBR112C	YLL039C
YCL048W	YPL240C
YBR010W	YGL131C
YKR001C	YPL082C
YCL034W	YOR181W
YDL240W	YNL090W
YBR170C	YNL155W
YJL036W	YLR424W
YGL111W	YOL077C
YKL116C	YMR184W
YIL105C	YML057W
YJL124C	YPL220W
YBL072C	YKL180W
YNL027W	YOL128C
YOL021C	YOR116C
YBR109C	YPL242C
YOL082W	YPL135W
YBR191W	YNL255C
YDR080W	YLR248W
YBR058C	YPL085W
YIR006C	YNL020C
YLR442C	YML109W
YGR103W	YLR106C
YDL145C	YDR216W
YCR057C	YGL120C
YBL030C	YPR152C
YCR053W	YOL013C
YBL102W	YOR036W
YDR510W	YJL005W
YDR303C	YMR186W
YAL032C	YGR270W
YER101C	YER125W
YER074W	YJR145C
YDL054C	YOR016C
YHR200W	YKL210W
YJL044C	YKR068C
YCL059C	YIL019W
YFR004W	YHR021C
YLR091W	YPR116W
YDR264C	YMR010W
YKL180W	YMR031C
YNL255C	YPR100W
YBR193C	YPR168W
YBL007C	YLR315W
YGR005C	YLR418C
YEL034W	YML063W
YDL171C	YHR200W
YDL175C	YNL251C
YAR028W	YLL039C
YDR497C	YLL039C
YML051W	YOR197W
YKR048C	YOR230W
YJL004C	YPR181C
YER012W	YGL096W
YFL039C	YGR080W
YER151C	YHR174W
YLR377C	YMR186W
YEL037C	YKL145W
YHR086W	YLR298C
YDR159W	YDR427W
YIL021W	YOR151C
YBL032W	YMR319C
YDR108W	YDR246W
YOR244W	YPL190C
YDR028C	YLR028C
YJR059W	YKL127W
YGR007W	YNL255C
YDR101C	YER036C
YBR109C	YIL021W
YER178W	YMR308C
YKL103C	YML064C
YEL034W	YJR070C
YBR230C	YNL121C
YGR156W	YMR061W
YAL056W	YER020W
YIR037W	YJR009C
YCR093W	YER151C
YFR014C	YOR054C
YAL032C	YNL229C
YDR174W	YFL024C
YAL034W-A	YDR254W
YLL039C	YLR220W
YDR216W	YKL117W
YDR378C	YPR082C
YFR017C	YPL026C
YDR214W	YLL039C
YML027W	YMR043W
YGR178C	YNL157W
YGL081W	YGR155W
YML126C	YPR080W
YHR066W	YLR075W
YER089C	YIL033C
YDR388W	YPR161C
YGL048C	YIL007C
YIL115C	YJL041W
YMR072W	YPR052C
YGL179C	YLR030W
YKL126W	YPR041W
YER165W	YGL120C
YER151C	YPL220W
YBL086C	YLR045C
YOR117W	YPL248C
YIR006C	YNL084C
YAL027W	YPL004C
YJL058C	YOR181W
YBR121C	YFR004W
YBR010W	YBR274W
YLR345W	YMR261C
YCR053W	YML126C
YGR024C	YLR291C
YPL208W	YPR034W
YDR326C	YIL105C
YGL206C	YKR026C
YIL021W	YLR071C
YER151C	YGL189C
YDL208W	YGL120C
YNL085W	YNL186W
YLR304C	YOR005C
YGL223C	YLR423C
YMR297W	YOL013C
YBR157C	YKR083C
YLR310C	YMR139W
YBL032W	YBR225W
YAR002W	YDR159W
YAL025C	YNL110C
YGR097W	YPR152C
YLL004W	YPR018W
YBR112C	YDR043C
YGL123W	YHR027C
YER125W	YMR275C
YDR510W	YNL031C
YPL151C	YPR134W
YHR200W	YMR217W
YBL010C	YNL255C
YFL039C	YLR052W
YAL020C	YDR354W
YAR019C	YMR139W
YJR056C	YML064C
YDL115C	YPR187W
YNL099C	YOR294W
YHR153C	YJR059W
YMR049C	YOL012C
YDR388W	YGL181W
YGL153W	YMR026C
YDL148C	YLR429W
YJR003C	YLR423C
YGR103W	YLR029C
YBR095C	YMR159C
YER165W	YGR159C
YBR112C	YKL038W
YPL139C	YPL181W
YAL064W-B	YNL255C
YGR243W	YNL197C
YDR174W	YKR001C
YDR381W	YPR045C
YMR037C	YPL082C
YAR027W	YMR279C
YDR356W	YOR257W
YAL002W	YLR396C
YHR152W	YNL302C
YGL173C	YPL004C
YJL034W	YLR292C
YPL106C	YPL231W
YGL077C	YPL004C
YKR028W	YLL039C
YAR027W	YGR284C
YDR386W	YKR081C
YDL192W	YLR052W
YDR059C	YER068W
YLR199C	YML092C
YDR228C	YNL197C
YDL144C	YLR291C
YJL103C	YLR377C
YDR283C	YLR409C
YDL192W	YFL048C
YDR224C	YKR001C
YCL059C	YDR449C
YDL140C	YEL037C
YDR060W	YHR010W
YLR029C	YOR294W
YGR161C	YJR059W
YOR362C	YPR103W
YLR180W	YLR304C
YJL124C	YPR182W
YFR004W	YMR099C
YDR510W	YGR124W
YAL035W	YFR034C
YJL176C	YNL255C
YGR103W	YOR234C
YHR030C	YLR418C
YJL137C	YLR258W
YDR047W	YER125W
YDL213C	YER151C
YBL032W	YDL210W
YER021W	YHR027C
YBL041W	YIL007C
YDR510W	YLL004W
YPL106C	YPL240C
YGL167C	YPL235W
YBL032W	YOR190W
YBR010W	YDR099W
YER016W	YNL255C
YBR057C	YKR031C
YHR007C	YKL088W
YGL223C	YJL036W
YLR291C	YOR380W
YBR267W	YGR148C
YJR047C	YOL128C
YDL101C	YJL111W
YDR378C	YNL147W
YGL237C	YGR146C
YCR007C	YKR066C
YBL056W	YLR240W
YDL140C	YMR201C
YDR145W	YLR182W
YLL039C	YLR429W
YDR038C	YJR066W
YLR075W	YNL301C
YBR274W	YMR102C
YBL093C	YLR071C
YBL066C	YJL141C
YER086W	YPR080W
YDL007W	YDL036C
YIL095W	YPL131W
YHR082C	YML054C
YIR035C	YPL001W
YLR079W	YLR361C
YGL172W	YKR082W
YBL032W	YGL127C
YLR314C	YNL255C
YDR259C	YIL153W
YBR059C	YFR024C-A
YBL032W	YOR315W
YAL028W	YNL307C
YPL129W	YPR070W
YJR019C	YLL039C
YDR388W	YEL037C
YER155C	YGR080W
YDR510W	YKR036C
YML100W	YMR261C
YCL027W	YNL271C
YBL032W	YDL046W
YGR192C	YNL255C
YBL032W	YBR016W
YGR268C	YOR124C
YGR060W	YPR028W
YFR024C-A	YLR206W
YGR240C	YML058W
YER161C	YHR066W
YDL029W	YEL037C
YLR029C	YOR117W
YHR012W	YLL039C
YJL036W	YLL039C
YJL069C	YLR409C
YML048W	YPR156C
YGL035C	YMR139W
YLR449W	YOL012C
YDL084W	YOR117W
YNL255C	YOR234C
YDL019C	YPL139C
YER074W	YER151C
YAL030W	YDR189W
YER021W	YOR259C
YFR014C	YNL245C
YEL023C	YML109W
YBL072C	YLL039C
YER165W	YGL094C
YGL229C	YJR066W
YBR121C	YHR200W
YKL065C	YLR018C
YBL047C	YGR241C
YDR265W	YGL153W
YER068W	YJR091C
YER089C	YOR230W
YFL048C	YLR080W
YDR416W	YKL098W
YGL124C	YPL240C
YDR228C	YLR424W
YJR113C	YNL081C
YDR142C	YDR244W
YGL158W	YMR115W
YFL039C	YNL271C
YDR032C	YLR237W
YFR004W	YGR186W
YDR381W	YPR162C
YBR200W	YIL068C
YKR018C	YNR029C
YGR128C	YLL039C
YML057W	YNL047C
YGR108W	YLR079W
YLL039C	YML100W
YEL013W	YEL043W
YER029C	YML049C
YJL179W	YLR424W
YJL184W	YML036W
YDR308C	YNL255C
YER021W	YPR108W
YNL022C	YNL255C
YDR386W	YGR264C
YDR204W	YOR125C
YDL213C	YOR210W
YMR186W	YNL127W
YGR270W	YPL082C
YGL078C	YOR117W
YFR004W	YPR010C
YCL010C	YNL255C
YCR072C	YNL182C
YER127W	YNL110C
YER006W	YOL120C
YDL055C	YML124C
YBL032W	YLR194C
YER101C	YMR071C
YLL039C	YPL079W
YCR079W	YGL062W
YHR027C	YJL167W
YNL030W	YOR244W
YGL106W	YOR249C
YBL050W	YDR189W
YNL255C	YOR111W
YHR200W	YPR108W
YLR018C	YPR028W
YBR231C	YDR334W
YLR414C	YNL197C
YKL010C	YOR259C
YBR284W	YDL238C
YLR330W	YMR076C
YBR059C	YLL039C
YBL032W	YMR180C
YHR005C	YOR301W
YBL032W	YML054C
YJL167W	YJR035W
YIL125W	YMR235C
YKR014C	YLR396C
YKR048C	YLR330W
YGR196C	YNL094W
YBR272C	YOR362C
YJR117W	YMR215W
YCL059C	YJR145C
YCL008C	YGR206W
YMR022W	YNL255C
YDR174W	YIL150C
YDR128W	YHR033W
YGL158W	YNL212W
Q0085	YOL027C
YGL120C	YOL012C
YEL023C	YJL052W
YGR268C	YOR138C
YBR010W	YBR060C
YDL155W	YHR033W
YDR356W	YPL124W
YBR039W	YLR075W
YGR192C	YLR039C
YER012W	YHR174W
YFR050C	YOR261C
YBR121C	YDR388W
YMR091C	YPL082C
YLR233C	YPL012W
YJR032W	YPL240C
YHR005C	YJL197W
YBR200W	YLR229C
YDL100C	YML101C
YER025W	YOR212W
YBR193C	YER012W
YKL114C	YLR248W
YFR034C	YGL048C
YDR224C	YLR074C
YDR388W	YLR381W
YGR130C	YPL209C
YGL124C	YMR231W
YNL029C	YPR041W
YHR200W	YKL127W
YDL199C	YOR037W
YNL255C	YPL090C
YDR356W	YER016W
YDL047W	YDL171C
YNL197C	YNR067C
YDR002W	YOR117W
YKL126W	YKL203C
YFR004W	YPL218W
YML064C	YOR020C
YER006W	YOL127W
YDR308C	YMR112C
YBR253W	YNL025C
YKL068W	YMR129W
YDR099W	YFR004W
YBR059C	YGR240C
YDR184C	YKR083C
YLL031C	YLR350W
YDR381W	YKL114C
YOR110W	YPL117C
YDR244W	YLL039C
YGR233C	YLL039C
YDR449C	YJR145C
YDR510W	YPL235W
YDR330W	YHR082C
YDR288W	YOR352W
YHR152W	YMR308C
YMR308C	YNL031C
YBL032W	YIR006C
YLR421C	YPR108W
YER143W	YFR052W
YLR102C	YML058W
YBL032W	YMR154C
YDR510W	YLR215C
YLR396C	YOR036W
YDR162C	YPL180W
YDR085C	YNL197C
YLR078C	YPL240C
YAR027W	YMR071C
YGR010W	YLR438W
YDL089W	YML008C
YFR004W	YKL112W
YGR104C	YPL248C
YDL208W	YDR386W
YGL194C	YNL031C
YHR107C	YPL161C
YOR198C	YPL209C
YNL207W	YPL012W
YFL024C	YHR099W
YLL039C	YPL160W
YGR180C	YOR244W
YDR032C	YPL106C
YGR240C	YOL133W
YIL084C	YJL036W
YAL059W	YJL194W
YER063W	YML010W
YBR109C	YFR004W
YGL117W	YJR022W
YFR034C	YPR102C
YAL034W-A	YPL018W
YMR112C	YPL082C
YAL032C	YDR510W
YDR240C	YHR086W
YGR189C	YNL197C
YBL010C	YHR082C
YOL123W	YPR106W
YDL126C	YHR200W
YEL037C	YMR201C
YBR039W	YDL029W
YAR002W	YMR129W
YGR131W	YNL172W
YCL029C	YKL103C
YER032W	YMR032W
YBR194W	YMR246W
YDR162C	YNL255C
YGL048C	YOR117W
YIL038C	YLR180W
YJR136C	YKL033W
YDL160C	YER151C
YHR066W	YKL180W
YLL039C	YLR421C
YGL048C	YLR421C
YDL213C	YDR224C
YER151C	YOL120C
YBL041W	YER012W
YBR237W	YGL181W
YHR063C	YLL039C
YHR027C	YML124C
YBL032W	YPR156C
YCL032W	YLR423C
YLL050C	YLR429W
YBR109C	YFL039C
YDR335W	YLR182W
YGL153W	YOL147C
YFR034C	YOL039W
YBL014C	YKL125W
YDR169C	YJR059W
YFR051C	YML067C
YFR004W	YNL121C
YER020W	YKL051W
YLR196W	YPR115W
YIL004C	YPL218W
YBL032W	YDR221W
YLR424W	YML049C
YDR386W	YHR143W-A
YJR090C	YLL039C
YAL007C	YGL055W
YER165W	YPR129W
YFR052W	YOR261C
YER095W	YPR010C
YBL007C	YNL020C
YNL022C	YPL026C
YHR114W	YPL277C
YEL036C	YLR378C
YMR212C	YOR181W
YDR016C	YNL255C
YGR085C	YOR294W
YBR010W	YPR018W
YGR085C	YPL143W
YER151C	YKL213C
YDL209C	YFL039C
YER165W	YLR430W
YML051W	YPL248C
YGL048C	YKL010C
YAL034W-A	YGL093W
YDR265W	YPL240C
YJR068W	YJR109C
YER111C	YPR119W
YGL123W	YMR086W
YDR216W	YHR099W
YEL056W	YPL001W
YBL032W	YPL253C
YHL002W	YOR181W
YBR058C	YLR377C
YHL030W	YLL039C
YDR284C	YHL017W
YDR408C	YLL039C
YER006W	YPL131W
YBR112C	YIL021W
YBR191W	YHR027C
YBR126C	YFR004W
YBR136W	YLR025W
YFR004W	YKL211C
YGL179C	YLR257W
YEL071W	YLL039C
YMR037C	YNL136W
YDL126C	YKR083C
YDR388W	YIL033C
YJL020C	YKL129C
YGL048C	YPL248C
YER151C	YPR016C
YLL039C	YMR235C
YHR027C	YPL061W
YGL077C	YLL039C
YHR200W	YIL118W
YMR131C	YOR001W
YJL099W	YMR237W
YDR256C	YLR291C
YHR107C	YML056C
YBR170C	YDR411C
YBR057C	YLR222C
YDR224C	YPL082C
YLL039C	YLR032W
YHR110W	YOR016C
YBR273C	YNL307C
YLR319C	YNL271C
YDL076C	YKL180W
YBR247C	YLL011W
YGL158W	YPR168W
YGR284C	YLL023C
YBR231C	YPL235W
YJL006C	YKL091C
YDL239C	YKL103C
YHR197W	YLR074C
YDL055C	YER086W
YMR246W	YPR152C
YBL056W	YGR205W
YNL136W	YNL246W
YBL103C	YJL176C
YBR272C	YPR108W
YLL039C	YPL026C
YAL035W	YER025W
YKL065C	YPR198W
YAL032C	YHR161C
YDR254W	YJL105W
YER030W	YOR244W
YBR167C	YNL282W
YMR184W	YPL203W
YDR227W	YPL248C
YDL215C	YDR240C
YLR258W	YPL219W
YAL035W	YNL255C
YNL094W	YPR154W
YDL215C	YOL034W
YMR237W	YPL131W
YOL041C	YPL012W
YDR002W	YKR048C
YNL055C	YNL085W
YFR021W	YLR094C
YBR223C	YLR429W
YKL093W	YPL203W
YDR223W	YPR104C
YDR510W	YGR005C
YER125W	YPL084W
YHR080C	YPL240C
YBL056W	YHL030W
YNL197C	YOR298C-A
YHR200W	YJR109C
YDR311W	YNL135C
YGL048C	YMR016C
YCR009C	YER125W
YGR085C	YOR290C
YNR035C	YOR181W
YER146W	YPR178W
YBR059C	YML048W
YLL004W	YNL031C
YDL022W	YFR004W
YDL181W	YGL106W
YJL084C	YJR005W
YDR139C	YLR306W
YDR181C	YPR018W
YOL120C	YPR041W
YGR270W	YLR449W
YLL039C	YNL229C
YBL030C	YLL039C
YIL021W	YPL178W
YGR086C	YNL251C
YDL148C	YPL240C
YDR381W	YPL151C
YDR381W	YLR435W
YPL150W	YPL209C
YDR346C	YDR510W
YDR432W	YKR095W
YAL027W	YER095W
YFR032C-A	YLR448W
YFL039C	YLL050C
YDR096W	YDR227W
YCR009C	YJR066W
YLL039C	YOL073C
YDR017C	YER177W
YHR027C	YMR091C
YCR090C	YML105C
YDR137W	YPR080W
YDR155C	YOR117W
YLR424W	YOR357C
YBR194W	YKL145W
YGL179C	YNL186W
YGL077C	YHR007C
YNL197C	YOR137C
YKL029C	YKL104C
YBR143C	YOR117W
YNL090W	YPL161C
YLR304C	YMR049C
YFL039C	YGL195W
YDL239C	YLR423C
YMR235C	YNL255C
YDR032C	YNL283C
YDL088C	YER105C
YCR072C	YGL111W
YKL213C	YNL255C
YGL158W	YJR066W
YBR258C	YDL140C
YLR029C	YOR204W
YAL027W	YOR294W
YDL029W	YER151C
YDR259C	YHR079C
YIL149C	YKR095W
YDL055C	YOL120C
YDR224C	YDR510W
YDR381W	YOR048C
YDR356W	YML085C
YEL002C	YML019W
YFR004W	YLR248W
YGR223C	YOR089C
YDL140C	YOR151C
YLR248W	YMR319C
YBL056W	YCR009C
YGR270W	YMR091C
YDR323C	YOR036W
YDR176W	YER164W
YGR282C	YKR026C
YGL105W	YOL113W
YIL106W	YJL066C
YHR200W	YNR035C
YLR370C	YNR035C
YBL032W	YOR003W
YAL034W-A	YJR112W
YDL225W	YHR107C
YAL028W	YPL094C
YBR001C	YBR109C
YDR173C	YNL255C
YFR014C	YGL172W
YGR033C	YJL104W
YDL111C	YOR076C
YHR099W	YML007W
YBR082C	YDR244W
YBR170C	YDR330W
YDR502C	YLR180W
YHR140W	YLR018C
YCL059C	YER127W
YAR028W	YJL219W
YLR075W	YPL085W
YER143W	YGR233C
YBR234C	YDR388W
YIL153W	YLR258W
YKL206C	YOR244W
YDL015C	YLR259C
YCL029C	YJR112W
YHR174W	YPR129W
YDL029W	YOR181W
YHR200W	YPL106C
YNL255C	YOL071W
YBR010W	YER177W
YBR173C	YKL145W
YNL110C	YOL127W
YBR035C	YOR244W
YGL151W	YOL051W
YLR330W	YPL220W
YBR052C	YGL077C
YLR418C	YMR113W
YER165W	YPR016C
YGR223C	YLR377C
YBL032W	YCR038C
YER094C	YPR103W
YJR068W	YNL255C
YBL032W	YIL122W
YDL101C	YER173W
YFR004W	YOL123W
YBL063W	YDR356W
YJL006C	YNR033W
YML035C	YNL197C
YDR462W	YKR085C
YBL007C	YNR041C
YMR037C	YOL051W
YDL239C	YOL069W
YOR117W	YPL048W
YMR036C	YNL307C
YAL043C	YNL317W
YLR423C	YOR117W
YBL032W	YDR228C
YML049C	YPL178W
YAL030W	YBL050W
YER125W	YNL136W
YBR247C	YPL012W
YOL034W	YPR105C
YLR060W	YPR106W
YER164W	YOR304W
YER006W	YLR449W
YER172C	YJL124C
YBR109C	YOR181W
YDR311W	YGR098C
YNL251C	YPL178W
YEL071W	YER151C
YBR194W	YJL176C
YHR134W	YKL145W
YBL092W	YBR191W
YHR161C	YIL095W
YDL145C	YIL004C
YKL064W	YMR216C
YLR291C	YPR010C
YHR079C	YML075C
YDR090C	YLL039C
YDR101C	YJL041W
YAL034W-A	YGL172W
YJR022W	YPR191W
YKR048C	YPL220W
YER016W	YHR134W
YHR114W	YOR181W
YJR059W	YNL077W
YFR034C	YKR062W
YLR222C	YMR319C
YBR223C	YPL181W
YHR118C	YKR081C
YBR103W	YMR273C
YGR023W	YNL197C
YKL198C	YOR198C
YLR310C	YNL229C
YDL047W	YLL039C
YBR085W	YGL167C
YDR378C	YPR178W
YGR185C	YPR106W
YER151C	YKR092C
YLL039C	YOR117W
YKL062W	YMR172W
YHR023W	YKL079W
YNL255C	YPL079W
YDR510W	YPR034W
YGR005C	YPR152C
YLL039C	YOR165W
YKL211C	YMR186W
YNL307C	YNR033W
YMR215W	YPR028W
YLL039C	YOR209C
YDR510W	YLR259C
YBR082C	YLL039C
YBR247C	YJR145C
YER151C	YOR234C
YGR082W	YNL121C
YHR174W	YOR117W
YBR200W	YDR277C
YER161C	YOL041C
YGL124C	YML007W
YBR126C	YFL033C
YAL062W	YDR388W
YNL197C	YNL327W
YER012W	YLL039C
YJR059W	YNL186W
YBR010W	YOR064C
YHR143W-A	YML010W
YER164W	YHR099W
YDL192W	YLR078C
YKL163W	YNL197C
YDL140C	YER151C
YDR358W	YLL039C
YLR116W	YMR065W
YPL248C	YPR025C
YFR051C	YNL258C
YDR283C	YML057W
YBL007C	YDL146W
YBL032W	YLR055C
YBR039W	YDR168W
YDL137W	YDR100W
YFR004W	YKL191W
YBL030C	YFR004W
YDR510W	YHR099W
YJL030W	YJL206C
YDR390C	YPL106C
YFR014C	YGL079W
YBR108W	YHR114W
YFR004W	YLR438W
YML049C	YPR094W
YDL239C	YPL124W
YFR024C-A	YHR178W
YLR078C	YPR181C
YBR138C	YGR223C
YBL032W	YNL068C
YJR090C	YMR032W
YJR059W	YMR165C
YHR007C	YOR273C
YKR008W	YNL031C
YLR417W	YPL240C
YDL103C	YGL158W
YBR102C	YJL085W
YHL024W	YHR205W
YBR247C	YER082C
YJR137C	YPL106C
YIR022W	YNL255C
YCR009C	YJR032W
YMR022W	YOL013C
YNL110C	YNL301C
YHR105W	YIL004C
YDR432W	YGR159C
YBR046C	YNL255C
YGR005C	YPL129W
YKR075C	YNL197C
YKL095W	YKR048C
YJL004C	YLR241W
YAL007C	YNL307C
YDR510W	YLR350W
YGL106W	YNL255C
YER098W	YGL158W
YBR200W	YOR122C
YCR004C	YGR130C
YNL251C	YPR187W
YNL197C	YPR181C
YDR308C	YGR104C
YDL100C	YDL121C
YHR082C	YNL197C
YAL035W	YPR152C
YGL078C	YHR115C
YLR180W	YML124C
YKL152C	YLR180W
YOR020C	YOR110W
YDL087C	YKL012W
YIL007C	YOR117W
YFR004W	YPL160W
YBR172C	YLR116W
YER125W	YKL020C
YGR266W	YLL039C
YLR178C	YMR297W
YKL057C	YKL068W
YDR414C	YJL004C
YDL055C	YDR335W
YDR427W	YHR200W
YDR510W	YMR219W
YHR027C	YML088W
YER166W	YLL039C
YJL137C	YNL197C
YJL106W	YOL104C
YBR249C	YMR076C
YHR140W	YNL048W
YCR005C	YLL039C
YGL055W	YHR200W
YBL105C	YJL002C
YGL158W	YOR261C
YLR292C	YPL094C
YER021W	YJL207C
YBR082C	YKL034W
YGR258C	YLR430W
YER067W	YFR004W
YOR197W	YPL131W
YDL145C	YHR200W
YLL039C	YNL255C
YBR059C	YNL104C
YAL027W	YDR174W
YDR398W	YIL127C
YDR017C	YLR377C
YBR060C	YDR227W
YDL159W	YPR082C
YER115C	YLR310C
YAL025C	YNL255C
YHR197W	YLR106C
YAR027W	YDR411C
YNL255C	YPL028W
YBR072W	YOL039W
YDR480W	YKL116C
YLR078C	YPL218W
YER012W	YHR033W
YDR308C	YLR071C
YEL022W	YNL267W
YPR024W	YPR140W
YNL255C	YNR041C
YJL082W	YNL197C
YDR146C	YOL051W
YMR004W	YPL209C
YBR229C	YDR221W
YDL132W	YDR139C
YDR229W	YPR119W
YGL086W	YKR095W
YDR214W	YPR010C
YGR130C	YPR152C
YLR071C	YPR168W
YBR194W	YER172C
YDR462W	YOR150W
YBR247C	YCL059C
YGL004C	YPR108W
YER131W	YPR161C
YGL049C	YPR041W
YGL111W	YPL131W
YDR214W	YOR212W
YHR012W	YNL255C
YNL197C	YPL068C
YLR196W	YLR233C
YDL213C	YPR016C
YJR091C	YMR067C
YBR253W	YPR056W
YCR088W	YOR181W
YLL039C	YPR184W
YDL029W	YOR212W
YEL058W	YHR200W
YBL032W	YBR157C
YGR060W	YLR350W
YFR034C	YKL182W
YBL032W	YDR076W
YNL255C	YNL302C
YDR227W	YLR442C
YER067W	YNL255C
YNL271C	YPR152C
YBR060C	YMR036C
YLR343W	YMR215W
YNL090W	YPL174C
YER006W	YFR004W
YFR024C-A	YOR181W
YFR004W	YOR259C
YER029C	YPR152C
YBL032W	YML058W
YHR200W	YPL081W
YHR082C	YMR239C
YJL058C	YML064C
YLL039C	YPL232W
YFR014C	YJL167W
YER099C	YLL039C
YBR059C	YFR014C
YJR059W	YOR070C
YMR039C	YPR086W
YKL065C	YLL039C
YFR052W	YML092C
YBL032W	YDL106C
YBL032W	YML116W
YOL147C	YPR128C
YDR081C	YKL104C
YLL039C	YPR155C
YFR004W	YPR103W
YAL028W	YLR292C
YBL047C	YOL087C
YHR152W	YKL211C
YDR057W	YML029W
YLR345W	YOR244W
YBR290W	YIL016W
YDL106C	YKR062W
YGL131C	YNL127W
YFL048C	YFR051C
YDR381W	YPR178W
YDR162C	YER086W
YBR136W	YCR004C
YBL032W	YNR070W
YML010W	YPR052C
YDR166C	YGL233W
YBR121C	YGR128C
YJL110C	YNL229C
YGL208W	YOR244W
YDR510W	YGL157W
YDR221W	YPL037C
YGR124W	YLR196W
YBL032W	YLR095C
YDL047W	YIL142W
YBL032W	YLR080W
YOL148C	YPL248C
YLR222C	YNL055C
YJR059W	YPR115W
YKL051W	YPR156C
YLR006C	YLR233C
YER177W	YMR086W
YGL178W	YNL288W
YIL156W	YOR181W
YKR092C	YLR429W
YDL213C	YFR032C
YDR303C	YPR034W
YJL099W	YLR330W
YJL185C	YMR204C
YEL037C	YER095W
YDL155W	YMR036C
YMR072W	YOL012C
YLR337C	YOR181W
YMR112C	YPR168W
YBR072W	YNL255C
YCR005C	YLR055C
YBL032W	YKL062W
YFR004W	YGR175C
YLR310C	YNL307C
YDL101C	YLR001C
YDL047W	YLR248W
YGR001C	YOR244W
YGR180C	YKL168C
YJL008C	YLL039C
YDL140C	YLR418C
YER012W	YJL132W
YDR159W	YGL172W
YBL032W	YER159C
YKR008W	YPL082C
YDL100C	YPR075C
YER062C	YFR004W
YKL095W	YPR191W
YCR088W	YOR116C
YCR088W	YFR024C-A
YEL058W	YFR004W
YBL032W	YGL160W
YEL060C	YJL124C
YDL144C	YDR088C
YMR322C	YNL333W
YLR424W	YPL208W
YBR234C	YIR006C
YBR273C	YHR082C
YLR034C	YNL197C
YGR284C	YGR289C
YDL213C	YMR049C
YDL007W	YFR052W
YBL105C	YMR113W
YBL032W	YGR089W
YMR139W	YMR291W
YMR072W	YPL001W
YIR015W	YNL282W
YDL239C	YDR273W
YKR080W	YPL026C
YHR197W	YOL041C
YKR068C	YLL039C
YLR029C	YOL120C
YJR103W	YLL039C
YER012W	YKL145W
YER167W	YHR158C
YER012W	YOR261C
YGL093W	YOR195W
YDR479C	YGR149W
YKL051W	YOR273C
YBR108W	YHR079C
YHL002W	YOR076C
YBR234C	YIL095W
YLR071C	YPR187W
YBR234C	YNR035C
YHL030W	YIL095W
YPL090C	YPR025C
YDR155C	YFR004W
YHR118C	YPL008W
YAL056W	YBR140C
YBL032W	YKL093W
YKL065C	YPL264C
YMR165C	YNL307C
YBL072C	YML063W
YDR311W	YOL051W
YNL301C	YOL127W
YDR243C	YLR183C
YDR510W	YML070W
YDR224C	YLR442C
YDR510W	YFL024C
YDR510W	YLR420W
YPR080W	YPR116W
YJR088C	YKL207W
YGR104C	YPR070W
YER025W	YML064C
YFR004W	YPL131W
YBL036C	YMR319C
YBL007C	YLR430W
YDR462W	YOL027C
YGR087C	YHR030C
YNL055C	YOL087C
YDR233C	YHR200W
YDR264C	YLL039C
YGR284C	YOL132W
YML099C	YMR043W
YAL028W	YDL239C
YKL095W	YPL037C
YBR105C	YMR135C
YNL007C	YPL106C
YJL020C	YMR032W
YBR010W	YFR034C
YJR066W	YNL135C
YER090W	YLR180W
YER094C	YML092C
YBL032W	YOR388C
YFR004W	YPL143W
YFR004W	YGL055W
YLR315W	YPL018W
YLR418C	YPR086W
YGR192C	YGR254W
YER029C	YPR178W
YDR510W	YJL008C
YEL041W	YHR115C
YLR291C	YNL307C
YDL186W	YHR079C
YJL002C	YOR085W
YJR125C	YNR006W
YDL019C	YOR181W
YHR027C	YKL127W
YDL047W	YDR465C
YHR062C	YIR015W
YML079W	YNL255C
YEL037C	YOR261C
YDR030C	YIL142W
YIL033C	YMR016C
YAL032C	YDR416W
YBR234C	YMR105C
YNL225C	YOR373W
YBL093C	YBR193C
YCL032W	YGL157W
YDR409W	YDR510W
YBL102W	YBR241C
YBR010W	YKR008W
YDL217C	YHR005C-A
YDR060W	YNL110C
YBR072W	YJR043C
YBR010W	YMR031C
YDL171C	YJL141C
YFR019W	YNL135C
YER151C	YLR029C
YKL145W	YPL094C
YGR122W	YML099C
YLR435W	YNL207W
YHR200W	YKL182W
YDR072C	YHR154W
YHR079C	YOL082W
YJL219W	YJR161C
YGR013W	YOL001W
YIR025W	YLR102C
YFR036W	YNL197C
YML131W	YMR191W
YOR210W	YPR187W
YGL167C	YGR231C
YDR240C	YKL012W
YJL117W	YMR215W
YJL149W	YOL133W
YIL019W	YLR409C
YGL179C	YOL072W
YER021W	YKL132C
YCR057C	YLR222C
YDL192W	YDR358W
YDR100W	YGR223C
YKL168C	YNL307C
YDR416W	YKL095W
YFR004W	YPL129W
YCL032W	YIL118W
YJL146W	YPL203W
YKL116C	YNL022C
YNL265C	YNR006W
YDR510W	YGL206C
YER162C	YLL039C
YBL032W	YHR152W
YOR034C	YOR357C
YER164W	YPL082C
YNL085W	YOL133W
YBR105C	YMR061W
YGR270W	YLR095C
YLR221C	YPL131W
YER006W	YHR010W
YDR036C	YKL142W
YAR019C	YNL307C
YNL255C	YPL108W
YBL101C	YNL225C
YDR128W	YNL307C
YDL208W	YGR103W
YMR237W	YPR080W
YNL197C	YPL116W
YGR056W	YNL307C
YNL255C	YOL133W
YNL197C	YNL238W
YDR420W	YNL197C
YKL142W	YNL255C
YBR200W	YOR181W
YDL007W	YFR004W
YBR080C	YBR200W
YLR429W	YOL012C
YER151C	YPR152C
YOR290C	YPR102C
YML105C	YPL210C
YGL106W	YGR188C
YGR038W	YJR059W
YER025W	YKR026C
YIL001W	YOL133W
YKL010C	YKL189W
YLR396C	YNL093W
YDL111C	YJR022W
YBL041W	YOR362C
YGR005C	YPR056W
YOL091W	YPL018W
YIL008W	YNL119W
YDL084W	YOL072W
YBR225W	YLR310C
YBR143C	YFR004W
YBR193C	YDL140C
YHR010W	YNL255C
YKL012W	YLR116W
YBR109C	YGR240C
YLR248W	YPL150W
YDR017C	YGL106W
YOR005C	YPR016C
YHR079C	YMR184W
YCR009C	YPR161C
YER025W	YKL095W
YBL093C	YGL151W
YDR001C	YER177W
YFR004W	YOR099W
YDR381W	YPR094W
YMR311C	YNL255C
YOR210W	YPR010C
YBL072C	YOL127W
YDL100C	YHR027C
YGL167C	YNL055C
YER166W	YFR024C-A
YDR453C	YJR085C
YHR079C	YPL150W
YJL052W	YOR117W
YNL216W	YPR052C
YDL047W	YMR145C
YGR192C	YPL240C
YER151C	YMR235C
YFR014C	YLR030W
YFR014C	YPL100W
YER016W	YLR045C
YHR143W-A	YPL203W
YGL106W	YMR071C
YDR294C	YHR027C
YHR094C	YKL203C
YHR090C	YJL081C
YER020W	YHR005C
YCR045C	YOR348C
YBL041W	YER021W
YCR084C	YCR088W
YER127W	YJL069C
YLR006C	YNL307C
YDR159W	YIL115C
YGL158W	YHR099W
YGR005C	YPR086W
YJR043C	YNL307C
YFR034C	YML056C
YGL081W	YKL104C
YFL024C	YNL030W
YDR145W	YDR176W
YJL106W	YNL245C
YLR034C	YMR215W
YLR180W	YML126C
YDL126C	YJR059W
YDR101C	YMR308C
YGR141W	YNL255C
YHR200W	YOR234C
YHL017W	YJL004C
YAL042W	YPL240C
YNL186W	YPL240C
YJL041W	YOR181W
YDL029W	YDR032C
YER151C	YFL033C
YDR510W	YLR086W
YHL030W	YHR027C
YDL113C	YPR105C
YBL092W	YNL301C
YML067C	YML130C
YDR381W	YHR185C
YDR510W	YOL043C
YDR060W	YHR197W
YDR059C	YJL106W
YHR094C	YPR156C
YDR510W	YER120W
YNL255C	YOR054C
YDR481C	YDR510W
YBL032W	YNL056W
YML007W	YOL148C
YDR479C	YLR089C
YDR404C	YML010W
YBL032W	YLR237W
YFR014C	YOR113W
YBR200W	YPL232W
YDL160C	YHR027C
YDL145C	YPL004C
YCR088W	YOR367W
YEL002C	YIL016W
YIR026C	YMR049C
YGL227W	YIL017C
YNL055C	YNL090W
YDL208W	YGL078C
YFR014C	YNR064C
YHR197W	YOL127W
YBL032W	YGL173C
YML059C	YMR308C
YMR139W	YNL197C
YCR023C	YLL039C
YML048W	YML067C
YCL048W	YNL255C
YNL031C	YOL012C
YBL032W	YHR139C
YDR153C	YNR006W
YDR348C	YLL039C
YJR091C	YOR317W
YFL039C	YOL012C
YAL032C	YML049C
YDL141W	YMR239C
YAL043C	YOR250C
YBR052C	YBR132C
YGR060W	YMR264W
YFR004W	YPL225W
YFR004W	YJR148W
YDR381W	YDR515W
YKL065C	YPR156C
YER172C	YOR308C
YFL007W	YKL168C
YJR009C	YML056C
YER151C	YIL142W
YDR071C	YFR004W
YGL095C	YOR036W
YOR294W	YPR161C
YDL078C	YPL240C
YOR116C	YOR304W
YOR181W	YPL240C
YFR021W	YHR103W
YJL115W	YOR244W
YNL031C	YNL246W
YBR193C	YGR104C
YLR223C	YNL216W
YDR510W	YHR027C
YCL040W	YFR004W
YDR427W	YEL037C
YNL255C	YOR298C-A
YKL088W	YNL255C
YDR516C	YER125W
YGL206C	YHR161C
YFR017C	YPR184W
YJR053W	YOR373W
YLL039C	YOL096C
YNL255C	YPL178W
YJL099W	YKR027W
YDL022W	YHR027C
YJL005W	YNL098C
YLR330W	YOR290C
YAL002W	YMR231W
YGL105W	YJR059W
YDR388W	YOR357C
YBL032W	YJL139C
YGL106W	YPR152C
YGL173C	YNL255C
YGR103W	YPR041W
YML099C	YNL255C
YOR257W	YPR103W
YJR053W	YMR319C
YNL301C	YPL090C
YFL048C	YPR181C
YJL023C	YPR116W
YAL028W	YJL106W
YMR115W	YPR024W
YOL041C	YPR161C
YHR143W-A	YPR187W
YER151C	YML010W
YBR082C	YHR115C
YGR155W	YLL039C
YJL141C	YLR410W
YJL034W	YLL039C
YGR255C	YOL096C
YER082C	YKR060W
YBL032W	YPL190C
YKL088W	YOR054C
YLR438C-A	YPR182W
YDL055C	YLR259C
YLR423C	YML064C
YFR004W	YIR035C
YDR479C	YGR284C
YBL030C	YOR176W
YNL188W	YOR257W
YDR510W	YPR041W
YML024W	YNL207W
YGR082W	YNL003C
YDR155C	YDR510W
YKL103C	YLR291C
YHR113W	YKL103C
YDR388W	YDR515W
YGL158W	YJL176C
YLR265C	YOR005C
YBL032W	YJR095W
YHR047C	YLL039C
YKR068C	YNL255C
YJL041W	YPL012W
YBR010W	YPL001W
YBL032W	YJR106W
YML085C	YOL111C
YDR381W	YJR032W
YJL085W	YLR247C
YBR126C	YOL133W
YIR001C	YPR161C
YBL032W	YLR018C
YFR009W	YOR151C
YKL145W	YOL013C
YNL031C	YPL116W
YDR427W	YMR314W
YOR151C	YPR093C
YJR007W	YLR199C
YLL039C	YPL119C
YGR135W	YKR070W
YBL007C	YER151C
YNL243W	YNR035C
YER094C	YFR004W
YFR052W	YGL178W
YNL255C	YPL196W
YGL056C	YGL179C
YCL032W	YHL024W
YJL052W	YML056C
YJL110C	YKR081C
YER155C	YJR066W
YBL032W	YOL136C
YFR014C	YPR152C
YDR159W	YDR264C
YER151C	YPL090C
YKL022C	YPR152C
YCL029C	YML085C
YOL082W	YOR115C
YNL172W	YOR315W
YER017C	YNL255C
YBR169C	YOL013C
YHR200W	YML008C
YML010W	YPR041W
YOL034W	YOL082W
YIR025W	YPL018W
YKL020C	YOR124C
YHR007C	YKR072C
YBL032W	YPL082C
YBL056W	YBR039W
YPR052C	YPR187W
YJR144W	YNL255C
YJR117W	YLR018C
YJL020C	YOL133W
YDR229W	YGL179C
YCL008C	YMR032W
YFL046W	YNL255C
YER146W	YJR138W
YCL066W	YNL238W
YKL211C	YPL026C
YFL039C	YLR399C
YNL125C	YPL240C
Q0085	YBR039W
YBL049W	YMR135C
YER177W	YLR028C
YHR134W	YNL201C
YDL167C	YLL039C
YOR257W	YPL116W
YAL031C	YCL027W
YDR060W	YOR234C
YAR018C	YJR059W
YDR159W	YPR152C
YBR105C	YCL039W
YBR191W	YFR032C-A
YHR140W	YMR215W
YAR019C	YPL026C
YAL027W	YIL105C
YBR272C	YPR103W
YDR314C	YEL037C
YKL022C	YLR102C
YHR027C	YPL218W
YDR304C	YHR097C
YBL032W	YNL020C
YBR140C	YML058W
YIL008W	YNL255C
YGR274C	YLR176C
YCL027W	YDL199C
YJL145W	YLR266C
YFR034C	YGR085C
YBR114W	YPL154C
YER074W	YGR085C
YDR416W	YER029C
YDL128W	YNL307C
YJL178C	YOR132W
YBR221C	YKL117W
YNL255C	YOL143C
YDR099W	YJR005W
YBR169C	YDL126C
YLR377C	YOR070C
YER095W	YJR009C
YFL007W	YML109W
YOL041C	YOL127W
YBR059C	YER131W
YDR068W	YMR010W
YEL056W	YML105C
YER082C	YOL077C
YDR227W	YER164W
YER177W	YJL076W
YBL007C	YLR078C
YKL207W	YMR176W
YLR418C	YPL243W
YFR004W	YOR128C
YGR155W	YOR117W
YNL030W	YPL001W
YDR156W	YPR049C
YGL223C	YPR105C
YDR283C	YMR216C
YER077C	YLR233C
YER062C	YHL032C
YHR027C	YJL111W
YHR200W	YJR009C
YDR432W	YHR086W
YBR194W	YGR086C
YGR061C	YHR200W
YJR068W	YMR078C
YDL015C	YDR502C
YJL085W	YLR229C
YJR066W	YNL229C
YDL140C	YDR059C
YDL145C	YGR233C
YGR128C	YJL069C
YFL039C	YHR027C
YBR194W	YGR254W
YIL007C	YOR259C
YDL126C	YDR057W
YMR021C	YOR111W
YCR088W	YDR277C
YGR095C	YOL021C
YDR142C	YHR160C
YGR103W	YNL110C
YFR004W	YPL145C
YDL055C	YKL145W
YGR128C	YLR196W
YER161C	YKR081C
YGR097W	YJL036W
YFR024C-A	YMR162C
YDR284C	YNL111C
YDR406W	YLL039C
YCR073W-A	YPL026C
YLL039C	YMR022W
YAL059W	YBR194W
YDR032C	YHR027C
YMR032W	YNL271C
YDL140C	YGL048C
YDR381W	YDR386W
YMR071C	YPL020C
YBL032W	YOR373W
YOL120C	YPR016C
YDR315C	YOR078W
YDR326C	YOR048C
YBL032W	YPL108W
YIL095W	YML088W
YEL013W	YFR004W
YDL081C	YNL255C
YPL008W	YPL240C
YLR345W	YOR219C
YBR169C	YKL210W
YJR009C	YLL039C
YKR103W	YLR292C
YBL032W	YLR265C
YML063W	YOL120C
YFL008W	YLR424W
YHR079C	YPR198W
YBR225W	YHR082C
YGL179C	YHR205W
YCR068W	YNL111C
YDR311W	YMR294W
YDL209C	YLR424W
YKL125W	YPR010C
YML056C	YPL220W
YBR109C	YLR429W
YGR159C	YJR059W
YBL032W	YKL182W
YBL032W	YJR108W
YMR186W	YPR152C
YFR004W	YKL213C
YDR378C	YER146W
YHR079C	YMR239C
YIL036W	YIL150C
YDR038C	YNL197C
YDR515W	YPR161C
YFR004W	YLR180W
YBR039W	YDL145C
YFR034C	YGR159C
YDL140C	YER012W
YHR027C	YPL117C
YBR010W	YPL116W
YBL058W	YBR223C
YBR039W	YIL106W
YLR028C	YPL004C
YIL105C	YPR152C
YFR034C	YHL002W
YGL078C	YLR196W
YNL121C	YPR106W
YER172C	YFR019W
YML010W	YML035C
YBR221C	YFL018C
YLL039C	YLR079W
YBL050W	YBL078C
YGL179C	YKL206C
YDR356W	YGL093W
YDR227W	YOR191W
YBL032W	YNL197C
YGR186W	YNL255C
YDR005C	YHR205W
YFR004W	YOR362C
YIL124W	YPL106C
YLR423C	YMR124W
YDR216W	YOL001W
YDL140C	YDR404C
YDL117W	YMR032W
YDR510W	YNL030W
YLL011W	YPL240C
YGR104C	YPL129W
YLR431C	YNL255C
YDR427W	YML124C
YJR117W	YLL039C
YDL126C	YKL204W
YLL039C	YOL025W
YHR027C	YMR191W
YBR143C	YJR145C
YMR314W	YNL229C
YLL039C	YOR197W
YDL209C	YNL255C
YBL032W	YER039C
YAL031C	YNL317W
YHR200W	YML063W
YFL039C	YLR196W
YDL140C	YLL039C
YLR116W	YMR216C
YDL140C	YPL129W
YJR066W	YMR216C
YOR304W	YPL082C
YCL059C	YKR060W
YHR027C	YPR010C
YDR510W	YGR186W
YOL077C	YPL131W
YKL152C	YNL255C
YDR354W	YER065C
YJL176C	YNL207W
YGL054C	YPL218W
YMR061W	YOR250C
YHR174W	YNL127W
YGR148C	YPR152C
YIL055C	YPL115C
YLL011W	YNL186W
YDR068W	YDR264C
YMR184W	YNL255C
YER006W	YPR102C
YHR010W	YHR066W
YDL101C	YDR155C
YDL019C	YER120W
YBR086C	YNL307C
YDR456W	YOR125C
YBL092W	YER074W
YBR060C	YIL150C
YGR233C	YNL255C
YER136W	YOR089C
YER127W	YJL141C
YHR113W	YJL030W
YGR161C	YKR027W
YKR039W	YPL218W
YGR270W	YJR068W
YIL136W	YNL121C
YCR084C	YGR104C
YFR004W	YIL033C
YMR072W	YNL255C
YOR009W	YPL240C
YDR140W	YNL255C
YBL036C	YGR087C
YLR106C	YNL182C
YGR004W	YHR114W
YNL157W	YPR080W
YFR014C	YJL137C
YDR092W	YHR137W
YBL078C	YIL146C
YOR117W	YPR010C
YDR001C	YPL026C
YML024W	YPL012W
YBL032W	YDL123W
YCL040W	YLL039C
YDR046C	YNL197C
YDR377W	YKL016C
YCL010C	YGL066W
YIL106W	YPL085W
YJR022W	YPR178W
YMR308C	YPL012W
YAL021C	YGR184C
YBR253W	YMR112C
YER151C	YKL104C
YBL072C	YGR145W
YGL077C	YHR001W
YER172C	YNL147W
YKR002W	YLL039C
YER151C	YER177W
YGL173C	YML056C
YHR200W	YPL028W
YAL007C	YLL039C
YGL210W	YMR291W
YBL032W	YDR169C
YDR176W	YGL013C
YGR105W	YHR007C
YER021W	YFR052W
YGR135W	YNL255C
YER025W	YHR115C
YDL216C	YOL117W
YCR012W	YPR093C
YER111C	YGR192C
YBR196C	YFR004W
YLR448W	YPL131W
YDL192W	YOR117W
YGR087C	YLR199C
YDR518W	YNL307C
YGR103W	YOR005C
YHL002W	YNR006W
YMR258C	YOR089C
YDR099W	YHR161C
YNL126W	YNL188W
YJL110C	YOR249C
YBR080C	YJL030W
YGL173C	YHR086W
YDR510W	YPL210C
YER036C	YFR004W
YDR076W	YER095W
YCR084C	YDR510W
YJR066W	YNL314W
YDR100W	YPL020C
YDL018C	YHR110W
YGL015C	YLR319C
YPR024W	YPR152C
YBR182C	YER062C
YGL049C	YJR007W
YGL077C	YLR326W
YKL203C	YPL180W
YDR502C	YHR200W
YJL176C	YMR072W
YMR072W	YPR161C
YAL043C	YLL039C
YGR103W	YLL039C
YHR085W	YLR074C
YKL091C	YPL209C
YLR368W	YPR093C
YDL055C	YOR257W
YBR247C	YNL055C
YGL229C	YPR040W
YER021W	YFR004W
YGR240C	YOL013C
YER058W	YNL255C
YNL135C	YPR093C
YDL100C	YJR040W
YDR386W	YLR196W
YBL032W	YCR079W
YCR084C	YLR176C
YIR025W	YMR308C
YNL147W	YPR178W
YFR009W	YML124C
YML019W	YOR085W
YDR100W	YGL077C
YER036C	YPR016C
YER086W	YJL052W
YJL006C	YJR070C
YDR414C	YNL044W
YGL189C	YLL039C
YKL129C	YNL025C
YDR155C	YIR005W
YBR235W	YLR034C
YBR267W	YDR288W
YBR059C	YGR256W
YBL041W	YPR103W
YHR200W	YOR261C
YCR079W	YER178W
YLL039C	YPL231W
YGL124C	YLL039C
YHR131C	YLR248W
YHR152W	YJR148W
YCR088W	YGL206C
YBL032W	YOR181W
YDR146C	YMR019W
YDL148C	YGR128C
YDR139C	YNL255C
YML085C	YNL148C
YLR025W	YPL084W
YBR052C	YLL039C
YDR068W	YNL255C
YJL081C	YPL082C
YOL133W	YOR261C
YNL255C	YNL307C
YDL132W	YGR087C
YJR113C	YNL255C
YDL100C	YHR005C
YBL058W	YLR377C
YDR032C	YKL051W
YLR228C	YMR070W
YHR094C	YMR011W
YHR027C	YHR094C
YBL032W	YPR198W
YBL032W	YNR067C
YER036C	YKL182W
YKL022C	YKL145W
YDL213C	YKR081C
YFL007W	YGR135W
YGL106W	YML034W
YER155C	YHR158C
YBL032W	YGL231C
YGR254W	YNL055C
YER151C	YOL117W
YER125W	YGL087C
YAL030W	YJL036W
YFR014C	YPR187W
YBL032W	YPR161C
YOL013C	YPL240C
YDL208W	YMR049C
YGR174C	YNL255C
YNL172W	YOR179C
YDL171C	YPR086W
YJR109C	YOR117W
YLL039C	YOR353C
YBR272C	YGL048C
YCR084C	YKL213C
YDR244W	YNL044W
YHR113W	YMR308C
YDR099W	YNL255C
YER098W	YOL113W
YNL255C	YPR103W
YER162C	YFR021W
YIL095W	YLR206W
YNL271C	YPR080W
YLL039C	YLR106C
YLL039C	YOL123W
YDL209C	YNL245C
YBR290W	YOR016C
YBL047C	YNL243W
YOR198C	YPR106W
YDR388W	YHL032C
YLR207W	YOL013C
YJL106W	YLR457C
YBL032W	YDR099W
YGR217W	YLL039C
YBL032W	YOR219C
YOR034C	YOR132W
YDR001C	YFR014C
YMR023C	YMR076C
YAL034W-A	YKL103C
YHR082C	YNL147W
YBL032W	YJL193W
YGL001C	YGR175C
YER006W	YPR152C
YIL016W	YPR198W
YDR272W	YGR223C
YER020W	YMR186W
YGR270W	YKR092C
YDL074C	YFL008W
YIL095W	YMR239C
YAR018C	YPL018W
YBR010W	YPR052C
YJL096W	YNL197C
YBR290W	YCR011C
YBR249C	YFR034C
YER143W	YJR141W
YGL189C	YHR114W
YIL007C	YKL145W
YFR004W	YPR069C
YER125W	YPR161C
YBL049W	YIL017C
YBL032W	YHR131C
YKL126W	YLL039C
YKL092C	YLR182W
YJL111W	YNL212W
YER111C	YLR182W
YGL100W	YIL149C
YDL055C	YER151C
YFR034C	YLR359W
YEL034W	YPR080W
YBL032W	YDR006C
YJL115W	YPL001W
YDL155W	YPR010C
YDR174W	YDR362C
YDR304C	YHR185C
YBL066C	YNL197C
YML009C	YOL027C
YLR106C	YNL110C
YDR502C	YNL255C
YGR159C	YOR117W
YJL041W	YMR308C
YER172C	YPL151C
YBR200W	YGR134W
YLR074C	YPL131W
YBL032W	YER068W
YDL007W	YLR421C
YCR020C-A	YJR022W
YDL047W	YOR317W
YBR109C	YMR105C
YBL047C	YBR059C
YBL032W	YKL051W
YCR088W	YOL089C
YKR076W	YLL039C
YMR105C	YOR212W
YDR504C	YJL070C
YGL106W	YOR181W
YBR086C	YOL113W
YAL048C	YJR009C
YMR154C	YOR362C
YBL030C	YJL104W
YCR057C	YKR060W
YAR015W	YPL240C
YGL253W	YKL038W
YIL016W	YML075C
YML049C	YOR308C
YML063W	YNL255C
YNL216W	YPL075W
YGR085C	YOR117W
YHR114W	YLR081W
YBR060C	YOR294W
YLR167W	YNL255C
YKR014C	YLL039C
YDR240C	YDR432W
YGR085C	YKR081C
YLR337C	YNL243W
YER177W	YHR152W
YGR103W	YPL143W
YDL084W	YDR381W
YBL030C	YPR191W
YFL039C	YOR122C
YBR126C	YLL039C
YGR103W	YLR074C
YDR168W	YJR032W
YDR378C	YJL139C
YGR145W	YLR409C
YFR044C	YOL013C
YDR009W	YML051W
YBL032W	YIR019C
YLR168C	YNL255C
YDL213C	YDR510W
YDR227W	YML109W
YCL059C	YLL039C
YLR259C	YPL247C
YCR093W	YDR376W
YDR356W	YHR005C
YDL148C	YFR052W
YHR114W	YJR090C
YJL124C	YMR250W
YAL021C	YPL037C
YLL039C	YMR036C
YER129W	YOR373W
YOL077C	YOL127W
YDR009W	YNL229C
YKL092C	YLL039C
YBL032W	YPL229W
YIL033C	YMR273C
YBR267W	YPR016C
YHR027C	YKL065C
YJL149W	YOL025W
YER074W	YNL301C
YMR036C	YPR191W
YDR411C	YFR004W
YDR497C	YGR130C
YDR373W	YGL153W
YDR002W	YJL124C
YBL050W	YGR009C
YCL059C	YOL127W
YCR072C	YPL209C
YLR381W	YPL018W
YBL103C	YBR112C
YBR112C	YGL194C
YMR186W	YOR197W
YJL053W	YMR010W
YDL101C	YOL082W
YDR224C	YJL176C
YBL030C	YDL174C
YAL062W	YOR362C
YHR140W	YKL065C
YDR153C	YJR125C
YOL087C	YPR108W
YHR143W	YNL197C
YBR247C	YOR078W
YHR152W	YKL152C
YER065C	YPL180W
YKR002W	YOR001W
YER111C	YHR030C
YIL118W	YJL085W
YOR308C	YPR082C
YDR335W	YML085C
YGL120C	YMR269W
YMR091C	YPL240C
YJL076W	YPR152C
YBL029W	YKR036C
YDL111C	YDL165W
YER090W	YHR027C
YDL225W	YPL235W
YLR423C	YNL090W
YGR180C	YPL240C
YFR014C	YML001W
YBR090C	YNL255C
YDL240W	YJL020C
YGL123W	YOR290C
YER165W	YNL255C
YNL173C	YNL255C
YKR101W	YLR442C
YHR079C	YPR156C
YAL032C	YBL105C
YFR014C	YLR457C
YOL127W	YPL220W
YKL012W	YLR298C
YFR014C	YKL128C
YDR416W	YGL120C
YDL015C	YGL195W
YBR102C	YIL068C
YBL072C	YOR117W
YGR274C	YKR062W
YBL032W	YBL072C
YDR099W	YER177W
YDL105W	YPR169W
YCL044C	YER017C
YJR066W	YKR093W
YBL032W	YOL105C
YCR057C	YLR409C
YDR510W	YLR449W
YOR181W	YOR367W
YFR052W	YKL145W
YMR070W	YPL240C
YDR103W	YOR212W
YDR145W	YPL248C
YGL100W	YJL002C
YDL144C	YNL255C
YER029C	YNL092W
YGL222C	YNL255C
YHR004C	YMR165C
YOR197W	YPR080W
YBL032W	YML027W
YEL034W	YNL302C
YCR099C	YJL165C
YHR105W	YOR036W
YGR174C	YLL039C
YAR019C	YBL032W
YDL047W	YKL029C
YJL104W	YMR071C
YGL017W	YLR418C
YDR174W	YJL076W
YDR080W	YMR197C
YCR093W	YKR036C
YAL021C	YBL032W
YML007W	YOR244W
YML124C	YNL148C
YDR510W	YFR052W
YKR079C	YMR099C
YDR510W	YER016W
YER162C	YKL005C
YOR197W	YPL240C
YER172C	YNL188W
YBL050W	YGL095C
YMR037C	YOR290C
YDL029W	YJL008C
YJL020C	YOR181W
YCR079W	YMR239C
YBL032W	YNL294C
YGL158W	YHR001W
YPL235W	YPR152C
YBL056W	YGR240C
YDR510W	YEL034W
YBL032W	YLR436C
YKL039W	YNL255C
YBR208C	YHR200W
YBR126C	YHR200W
YER068W	YPL037C
YJR091C	YLL039C
YLR310C	YPL240C
YER151C	YKL152C
YKL029C	YPL220W
YNL255C	YOR006C
YNL255C	YOR223W
YDL239C	YOL091W
YAL018C	YHR114W
YDR256C	YPL150W
YHR082C	YKR070W
YFR004W	YOR209C
YBR082C	YER012W
YBL078C	YHR082C
YER143W	YML088W
YLL039C	YNL070W
YIL033C	YKL062W
YDR108W	YOR259C
YFR004W	YML100W
YLR181C	YNL255C
YJR145C	YPR129W
YKL065C	YNL048W
YER136W	YFR004W
YER012W	YFR052W
YBL032W	YBR112C
YGR135W	YOL146W
YLL039C	YMR162C
YER165W	YHR197W
YBR059C	YJL084C
YDL223C	YNR032C-A
YNL110C	YOR005C
YNL255C	YOR040W
YBL032W	YKR098C
YJL081C	YML007W
YKL182W	YPL231W
YHR175W	YNL255C
YBR029C	YNL197C
YGL013C	YHR178W
YHR097C	YLR377C
YDR311W	YPR025C
YFR004W	YIR036C
YDL057W	YJL058C
YBL032W	YNL238W
YDR085C	YLR423C
YMR186W	YOR117W
YBR200W	YLL050C
YNL255C	YPL119C
YBL032W	YDR227W
YDL171C	YFR034C
YCR057C	YML063W
YKL197C	YNL329C
YBL042C	YBR052C
YDR356W	YNL030W
YGR086C	YKL142W
YML057W	YMR186W
YFR004W	YGR180C
YGR203W	YJL076W
YMR072W	YMR167W
YMR239C	YNL255C
YBR200W	YDR166C
YCR088W	YFL039C
YDR060W	YER151C
YBR167C	YHR062C
YBR253W	YKR095W
YNL216W	YPL248C
YKR054C	YNL271C
YIL095W	YJR137C
YBL007C	YDR388W
YCR037C	YLL039C
YDR075W	YMR028W
YIL043C	YJR094W-A
YFL029C	YGR080W
YOR117W	YPL106C
YIL021W	YPR133C
YLR221C	YNL110C
YFR004W	YML056C
YKL029C	YPR080W
YDR101C	YNL182C
YHR027C	YOR259C
YGL247W	YNL255C
YCL059C	YDR510W
YJR109C	YLL039C
YML001W	YPR106W
YKL051W	YLR219W
YHR200W	YLR060W
YDR443C	YGL151W
YBL032W	YER060W
YFR038W	YHR030C
YFR004W	YOR151C
Q0085	YPL271W
YER131W	YNL255C
YAR027W	YOL129W
YBL032W	YNL251C
YDL197C	YPL240C
YLR219W	YPL004C
YBR059C	YMR139W
YDL160C	YLL039C
YGL179C	YLL050C
YEL071W	YOR117W
YGR038W	YLR350W
YBR247C	YLR075W
YNL271C	YOR122C
YLR151C	YNL255C
YJL124C	YML088W
YKL145W	YOR117W
YDR427W	YOR117W
YBL032W	YPR005C
YFR052W	YJR022W
YLL039C	YLR448W
YER151C	YER162C
YDR145W	YGL066W
YBL032W	YDR379W
YOL012C	YOR244W
YBR085W	YER161C
YGL181W	YMR239C
YGR009C	YIL068C
YAR019C	YML037C
YDR120C	YPL209C
YFL048C	YML067C
YGR086C	YNL067W
YGL100W	YLR359W
YER125W	YJL084C
YIL156W	YMR216C
YDR356W	YPR161C
YGR080W	YNL110C
YFL039C	YGL015C
YBL032W	YPR100W
YHR027C	YMR235C
YCL008C	YLR119W
YAR028W	YPR128C
YKL016C	YNL255C
YEL023C	YJR009C
YLR196W	YOL077C
YDR443C	YNL025C
YPL129W	YPL235W
YDR283C	YPL240C
YDR436W	YPR005C
YHL024W	YLR429W
YDL140C	YPR093C
YAR027W	YDR100W
YNL110C	YPL090C
YFR034C	YNL302C
YBL093C	YGL127C
YFR021W	YLR222C
YKL149C	YLL039C
YFL033C	YOL147C
YER151C	YLR075W
YBR112C	YLR176C
YHR114W	YJL020C
YDR427W	YOR259C
YIL057C	YPL150W
YGR156W	YOR179C
YHR113W	YOL082W
YDR388W	YDR449C
YDR510W	YER090W
YDR214W	YIL038C
YOR181W	YPL004C
YBR200W	YEL013W
YCR079W	YPL110C
YBR132C	YLL039C
YIL150C	YLR442C
YHL024W	YPR106W
YBL093C	YML051W
YOL082W	YPL091W
YER172C	YGR013W
YLL039C	YMR246W
YGL075C	YIL149C
YGL153W	YOL145C
YIL016W	YLL023C
YDR495C	YMR231W
YML130C	YOL088C
YBR114W	YGR192C
YLL060C	YLR429W
YFR021W	YJR025C
YEL002C	YJL002C
YAL030W	YDL192W
YHR090C	YMR216C
YIL045W	YLR258W
YIL149C	YOR257W
YBR010W	YCR084C
YLR052W	YPL129W
YKL184W	YNL255C
YLR330W	YPL131W
YDL240W	YLR438C-A
YOL051W	YPR187W
YKL085W	YOL128C
YPL004C	YPL150W
YGL055W	YHR027C
YBL032W	YPL135W
YFR004W	YHR063C
YMR066W	YPL106C
YDR214W	YFR004W
YKL184W	YPL052W
YLR291C	YNL025C
YOL147C	YPL112C
YER056C	YOL132W
YDL100C	YFR004W
YHR114W	YKL129C
YDR214W	YHR200W
YHR094C	YHR200W
YDL215C	YGR104C
YGL001C	YHR007C
YGR060W	YML008C
YCL010C	YDR176W
YDR427W	YLL039C
YCR079W	YJR059W
YDL148C	YLR222C
YBR086C	YPR086W
YDL209C	YDR163W
YIL095W	YOR210W
YCR009C	YLR429W
YGR250C	YML105C
YLR222C	YNR041C
YDL140C	YGR274C
YGL237C	YKL214C
YDR001C	YDR381W
YIL115C	YKL068W
YGL013C	YPR152C
YBL072C	YLL011W
YDL105W	YDL148C
YOR294W	YPR102C
YER146W	YKL209C
YDR306C	YKL085W
YGL100W	YJL041W
YGL048C	YOR257W
YML056C	YNL255C
YGR082W	YNL055C
YOR259C	YPR108W
YLL039C	YLR291C
YIL033C	YPR040W
YJR066W	YOR008C
YKR068C	YMR186W
YHR082C	YKL210W
YBR140C	YPL240C
YKL062W	YPL203W
YFR015C	YLR369W
YBR194W	YER151C
YGL077C	YOR273C
YLL039C	YOL088C
YER146W	YGL173C
YBL047C	YOR244W
YLR448W	YOL041C
YKL016C	YML081C-A
YGL206C	YHR200W
YDR032C	YLL039C
YJL006C	YKR018C
YER127W	YNL255C
YGR104C	YHR143W-A
YER012W	YMR186W
YDL200C	YLL011W
YJR059W	YOL082W
YDR342C	YGL167C
YAR071W	YCR038C
YGL013C	YPL150W
YKL203C	YPR156C
YGL181W	YMR182C
YDL140C	YDR432W
YEL037C	YFR052W
YLR259C	YNL085W
YFL039C	YLR335W
YER105C	YGL172W
YHR030C	YPL240C
YNL301C	YOL120C
YOR042W	YPR119W
YDL208W	YDR510W
YHR114W	YLR337C
YBL032W	YGR146C
YFR014C	YLR259C
YKR048C	YOR244W
YER146W	YJL124C
YFR014C	YMR165C
YER100W	YGL195W
YDR214W	YGL195W
YNL084C	YOR329C
YHR120W	YLL039C
YJR040W	YOR092W
YML101C	YPL240C
YJR022W	YNL242W
YIL021W	YML010W
YLR335W	YOR020C
YDR169C	YLR248W
YDR510W	YLR180W
YDR334W	YPL235W
YLR314C	YLR356W
YGL179C	YKL093W
YDL054C	YDR307W
YDR404C	YIL021W
YFL039C	YIL138C
YCL027W	YGR289C
YDL111C	YGR095C
YBR210W	YGR284C
YBR212W	YNL135C
YDL140C	YOL145C
YMR092C	YPL106C
YBR059C	YGL172W
YMR031C	YMR086W
YBL056W	YOR086C
YDL173W	YDR381W
YBL050W	YBR200W
YDR169C	YDR510W
YGR289C	YPR028W
YJR035W	YNL084C
YGR178C	YNL255C
YBL032W	YLR461W
YDR350C	YOR110W
YFR053C	YJR091C
YDL148C	YML024W
YBL032W	YDL160C
YDL081C	YFR034C
YBL032W	YJR117W
YGR284C	YLR018C
YLR292C	YML008C
YFR004W	YJR016C
YEL022W	YLL039C
YBR082C	YOR191W
YDL047W	YMR246W
YML014W	YNR046W
YIL062C	YPR093C
YOR197W	YOR204W
YNL110C	YOR167C
YFL048C	YOL129W
YBR173C	YGL096W
YER012W	YOR259C
YDR308C	YPR168W
YLR180W	YLR335W
YER125W	YLR326W
YNL049C	YPL085W
YNL091W	YPL229W
YBL050W	YIL004C
YEL034W	YFR004W
YBR290W	YGR284C
YER032W	YER161C
YDR244W	YKL197C
YDR369C	YNL084C
YGR186W	YOR151C
YDL072C	YER120W
YBL032W	YDR436W
YER177W	YNL255C
YBR193C	YOL051W
YLR075W	YOL011W
YJL106W	YJL194W
YFR024C-A	YNL020C
YBR059C	YNL243W
YLR018C	YPR080W
YDL113C	YPR049C
YDR075W	YML010W
YGL048C	YHL030W
YGL120C	YGR159C
YKR066C	YPL004C
YBL041W	YER094C
YDR386W	YNL085W
YBR010W	YDR224C
YGR240C	YPL151C
YER165W	YGL049C
YBR059C	YOL068C
YHR027C	YIR036C
YER131W	YGL179C
YML064C	YNL197C
YHR143W-A	YIL021W
YJR112W	YOR269W
YBL036C	YGR185C
YDR398W	YIL019W
YDR495C	YLR396C
YAR066W	YNL255C
YNL201C	YPR040W
YDL192W	YPL232W
YLR180W	YPL061W
YKL183W	YNL104C
YNL307C	YOL147C
YBR260C	YDR239C
YJR059W	YNL047C
YGL206C	YPL106C
YER151C	YNL055C
YDR224C	YDR432W
YLR421C	YMR191W
YDR325W	YLL039C
YER012W	YHR027C
YMR319C	YNL255C
YNL255C	YOL123W
YDR277C	YKL129C
YDR519W	YOR261C
YJR094W-A	YOR117W
YFR034C	YPR010C
YHR114W	YKR103W
YMR061W	YNL317W
YEL034W	YJR145C
YCL059C	YNL110C
YDL213C	YDR174W
YGR254W	YNL255C
YAR019C	YNL223W
YNL031C	YPL127C
YPL220W	YPR080W
YDR311W	YKL103C
YMR196W	YNL020C
YDR299W	YJR145C
YDR254W	YDR383C
YER142C	YPL127C
YLR409C	YNL255C
YDL087C	YPR182W
YLR281C	YLR438C-A
YJL034W	YNL255C
YER178W	YOR117W
YBR193C	YEL037C
YBL032W	YBL103C
YDL089W	YJL076W
YHR066W	YMR239C
YER161C	YGL120C
YDL015C	YLR060W
YBR231C	YNL255C
YHR082C	YJR066W
YIL033C	YMR022W
YHR094C	YOR316C
YLR330W	YPR080W
YEL002C	YLL039C
YBR080C	YLR291C
YKL210W	YOR117W
YIR037W	YOL147C
YBR221C	YDR430C
YBL032W	YMR275C
YBR247C	YER074W
YHR027C	YLR029C
YDL055C	YFR009W
YLL039C	YPL152W
YLL039C	YPL090C
YNL085W	YPR111W
YLR233C	YML038C
YDR080W	YEL022W
YIL125W	YML064C
YJL172W	YPL240C
YDR101C	YGL120C
YER151C	YPR119W
YDL076C	YER088C
YCR057C	YDL148C
YIL021W	YPR187W
YDL145C	YNR006W
YER029C	YPL157W
YDR330W	YPL018W
YAL035W	YHR010W
YDR227W	YKR101W
YDR214W	YMR186W
YGR130C	YKL051W
YER143W	YPL232W
YBL072C	YGR085C
YEL023C	YFR053C
YBL032W	YFR034C
YER146W	YER172C
YDL192W	YGR284C
YER136W	YLR362W
YIL095W	YOR181W
YKL013C	YKL129C
YBL091C-A	YDR479C
YDR096W	YPR169W
YFR004W	YLR359W
YER088C	YML010W
YJR059W	YKL140W
YBL032W	YJR090C
YBR272C	YOR261C
YMR215W	YNL044W
YDR404C	YER125W
YAL035W	YPL005W
YDL140C	YPR161C
YDL125C	YPL240C
YBR128C	YGL105W
YDR155C	YPL235W
YGR270W	YPL235W
YDR510W	YGR254W
YNL216W	YOR290C
YER094C	YFL007W
YGR192C	YHR154W
YNL255C	YPR187W
YOL142W	YOR001W
YHR200W	YOR007C
YIR037W	YPR156C
YBR121C	YOR117W
YDL234C	YLL039C
YBR234C	YNL020C
YGL023C	YNL255C
YDR159W	YOR250C
YLR087C	YNL255C
YNL216W	YPR104C
YHR082C	YMR102C
YHR124W	YJL106W
YKR048C	YOL059W
YDR299W	YDR510W
YDL184C	YNL147W
YBL007C	YNL243W
YHR027C	YIL118W
YGR033C	YKL195W
YBL032W	YHR177W
YER105C	YJL030W
YLL039C	YMR104C
YML058W	YNL197C
YBR039W	YJR068W
YCL032W	YDR032C
YPL094C	YPR037C
YDL239C	YOR373W
YDR145W	YPL129W
YDL230W	YNL307C
YDR088C	YLR430W
YJL041W	YLR335W
YCR073W-A	YHR082C
YGR274C	YJL115W
YER086W	YPL240C
YDR214W	YKL010C
YBL032W	YOR078W
YDL192W	YHR094C
YDL225W	YJR092W
YHR021C	YHR027C
YLR207W	YLR378C
YNL255C	YPL081W
YBL032W	YPL248C
YDL140C	YOL072W
YHR033W	YHR082C
YER165W	YOR290C
YHR154W	YOL034W
YOL012C	YPR052C
YBR247C	YGR145W
YDR060W	YMR049C
YAL021C	YNL288W
YMR314W	YOR261C
YBR221C	YGR193C
YDR411C	YML029W
YFR004W	YOR027W
YGL158W	YGL231C
YBR234C	YLR370C
YHR012W	YJL053W
YNL255C	YOR182C
YBR194W	YER029C
YFL007W	YMR314W
YBL032W	YNL025C
YHL012W	YML051W
YBR046C	YNL172W
YKL051W	YLR326W
YDR404C	YPL203W
YBL021C	YGL237C
YDR388W	YGR240C
YDL051W	YPR016C
YDR411C	YHR027C
YDR277C	YKL038W
YFR004W	YGL173C
YHR035W	YJR022W
YMR065W	YNL084C
YGR097W	YMR049C
YKR048C	YKR079C
YDR497C	YNL307C
YFR004W	YHR201C
YJL141C	YJL206C
YGL001C	YLR106C
YLR206W	YML051W
YKL068W	YLR335W
YFR004W	YGR124W
YLR278C	YOR181W
YPL003W	YPR066W
YHR158C	YMR124W
YDR354W	YHR200W
YGR241C	YNL084C
YCR093W	YDL160C
YOR117W	YPL160W
YNL255C	YOR236W
YDL132W	YLL039C
YKL145W	YOL145C
YHR079C	YOL148C
YDL192W	YOL129W
YDL055C	YGR130C
YDL007W	YIL007C
YFR004W	YMR261C
YBL032W	YLR373C
YBL101C	YOL122C
YER131W	YER151C
YFR014C	YPL139C
YBR274W	YDR168W
YMR028W	YPR040W
YJL041W	YLR018C
YBL041W	YMR314W
YHR082C	YKL051W
YDL238C	YHR047C
YGR180C	YLL039C
YNL255C	YPL037C
YBL030C	YOR117W
YHR197W	YML010W
YDR311W	YEL037C
YBR131W	YML001W
YKL180W	YLR448W
YGR284C	YHR007C
YDR388W	YLR337C
YMR186W	YPL001W
YBR247C	YOR290C
YMR091C	YMR186W
YFR014C	YJL160C
YER172C	YLR424W
YGL164C	YNL255C
YDR032C	YML064C
YLL039C	YPR030W
YCR072C	YPL131W
YDR181C	YDR283C
YER012W	YOR117W
YCR012W	YHR174W
YHR200W	YOR259C
YER125W	YPR030W
YJR134C	YNL271C
YAL034W-A	YKL089W
YDR264C	YFR051C
YHR007C	YMR272C
YNL047C	YOR181W
YFR004W	YNR035C
YBL007C	YER125W
YDL105W	YOL034W
YDL100C	YOR117W
YBR136W	YDR076W
YLR423C	YNL288W
YDR051C	YLR291C
YER020W	YOL105C
YLR106C	YML029W
YGL181W	YHR177W
YML092C	YMR314W
YLL039C	YLR206W
YJR059W	YLR397C
YDL141W	YLL039C
YKR051W	YLL039C
YML109W	YOR362C
YFR004W	YJL165C
YBL032W	YGR149W
YDR101C	YDR168W
YLL039C	YPL186C
YBL058W	YJR059W
YDR306C	YOL025W
YER166W	YPL160W
YLR387C	YPR016C
YBL032W	YDR504C
YLR424W	YPR082C
YMR139W	YMR165C
YCR088W	YLL039C
YDR101C	YHR027C
YHR200W	YOR303W
YGL151W	YLR071C
YDR233C	YLL023C
YBL007C	YNL238W
YDL101C	YHR067W
YBR247C	YDR174W
YMR244C-A	YNL255C
YGR186W	YPR056W
YDR449C	YKR060W
YAL007C	YDR381W
YNL176C	YNL197C
YDR122W	YPR115W
YBR057C	YJL058C
YDR003W	YER125W
YKL148C	YLL041C
YFR004W	YGR155W
YER017C	YMR115W
YFR004W	YGR254W
YEL034W	YLR074C
YBR053C	YLL039C
YDR303C	YLR176C
YKL152C	YPR152C
YHR200W	YKL104C
YER146W	YNL255C
YGL048C	YHR027C
YJL008C	YKL203C
YGL206C	YLR170C
YGL127C	YMR112C
YBR039W	YMR186W
YFR004W	YLR354C
YBR247C	YPL090C
YDR541C	YNL197C
YCL040W	YOR117W
YFR024C-A	YNL255C
YGL206C	YNR006W
YKL105C	YOR181W
YBR059C	YLR206W
YDL145C	YEL002C
YER151C	YJL141C
YJL008C	YJR066W
YDR510W	YML032C
YDR283C	YFR009W
YBR059C	YPL203W
YLR448W	YNL301C
YER095W	YLR337C
YDL100C	YIL162W
YBL032W	YDR383C
YLL016W	YNL098C
YJR059W	YLR257W
YDR101C	YOL120C
YDL192W	YHR027C
YDL225W	YNR035C
YDL160C	YLR438C-A
YGL195W	YOL133W
YDL106C	YPR086W
YDR159W	YKR082W
YHR082C	YOR211C
YHR118C	YMR036C
YJL052W	YJR032W
YDL192W	YMR010W
YBR249C	YFR004W
YIL122W	YJL030W
YER182W	YKL142W
YDR243C	YDR388W
YBL032W	YJL084C
YER074W	YML063W
YFR024C-A	YKL068W
YDR122W	YHR158C
YDR214W	YPL243W
YER146W	YPL220W
YLL004W	YPL008W
YDR443C	YGR104C
YER111C	YOR083W
YDR479C	YGL053W
YKL207W	YOR165W
YHR200W	YMR191W
YBR216C	YIR037W
YLR025W	YMR077C
YDR421W	YKR080W
YOL077C	YPR016C
YGL127C	YLR032W
YDL103C	YPL106C
YBL105C	YER165W
YDR378C	YER172C
YHR140W	YPR156C
YPL112C	YPR154W
YER155C	YIL095W
YGR128C	YOR078W
YGR005C	YOR151C
YDL140C	YHR187W
YDR214W	YER173W
YNL325C	YOR336W
YDR224C	YPL084W
YAL042W	YFR052W
YGR103W	YLL004W
YDR233C	YFR004W
YER164W	YNL007C
YBL041W	YPL129W
YGL035C	YIL162W
YER125W	YIL021W
YLR181C	YNL265C
YDR005C	YJR066W
YDL088C	YKL068W
YBL032W	YEL056W
YDR273W	YLL039C
YDL239C	YGR268C
YBL105C	YPL151C
YHR140W	YOL132W
YDR216W	YMR280C
YBR272C	YFR052W
YAL035W	YLR075W
YAR066W	YNL197C
YIL125W	YML063W
YJR125C	YOR036W
YOR007C	YPL106C
YDR307W	YML048W
YHR061C	YJR053W
YDR122W	YDR162C
YDR517W	YPR181C
YNL251C	YPR080W
YDR373W	YNL267W
YDR033W	YKL203C
YBR082C	YNL197C
YLR132C	YLR423C
YEL013W	YJR091C
YBL032W	YDL140C
YDR342C	YLL039C
YCR024C-A	YOL132W
YBR202W	YGR270W
YDR481C	YLL039C
YHL002W	YML099C
YJL083W	YPL004C
YCR057C	YDL213C
YJL176C	YNL030W
YGL048C	YKL145W
YGL237C	YKR028W
YLR362W	YOR089C
YGR186W	YIL021W
YGR124W	YHR200W
YDL145C	YFR004W
YBR059C	YDR354W
YHL018W	YLR291C
YDR510W	YER164W
YFR004W	YHR027C
YCR009C	YGR086C
YGR224W	YKL020C
YFR004W	YGR211W
YGR130C	YLR219W
YNL225C	YOR129C
YHR090C	YPL209C
YBL007C	YJL145W
YDR100W	YDR264C
YJL036W	YPL174C
YBL032W	YIL006W
YKL116C	YLR257W
YNL007C	YPL004C
YDR145W	YGR130C
YNL255C	YPL091W
YER178W	YNL255C
YGR135W	YMR291W
YDR510W	YLR399C
YDR379W	YPR152C
YDR174W	YPR104C
YIL021W	YNL255C
YBL007C	YNL094W
YBR072W	YFR004W
YBL025W	YBR274W
YDL029W	YKL013C
YPR105C	YPR191W
YGL195W	YHR200W
YBL032W	YDL076C
YNL255C	YOR086C
YFL008W	YIL026C
YDR214W	YKL104C
YER020W	YHR001W
YML038C	YNR066C
YIL079C	YOR204W
YLL039C	YNL307C
YNL255C	YOL127W
YPL026C	YPL028W
YGR192C	YMR086W
YBL032W	YNL093W
YGR233C	YOL001W
YOL132W	YOR016C
YHR027C	YPL143W
YJL110C	YPL004C
YBL032W	YPR082C
YGR254W	YHR027C
YFL033C	YMR155W
YDR244W	YOL147C
YGL005C	YNL197C
YJL106W	YML037C
YFR014C	YLL039C
YDL159W	YLR362W
YGR104C	YPR187W
YER177W	YKL140W
YCR094W	YFL047W
YJL041W	YMR129W
YHR082C	YLL011W
YLR227C	YOR373W
YDL140C	YHR099W
YHR030C	YLR182W
YDR189W	YDR517W
YER151C	YGL078C
YBR278W	YOL077C
YHR129C	YMR294W
YLL039C	YOR238W
YHR158C	YKR054C
YML064C	YMR055C
YEL037C	YGL179C
YER151C	YGR240C
YMR308C	YOL127W
YDL084W	YFR004W
YDL106C	YDR146C
YOR151C	YPL203W
YNR035C	YPL004C
YBL072C	YBR194W
YGR240C	YNL045W
YHR005C	YML104C
YCL034W	YNL255C
YGL179C	YOL082W
YGL181W	YIR006C
YJR064W	YNL148C
YDR334W	YLR438C-A
YDL140C	YLR430W
YCL032W	YPR075C
YLL039C	YPL061W
YBR234C	YLR429W
YCR088W	YDR303C
YBR182C	YMR037C
YFR053C	YGL178W
YIL016W	YNL255C
YDR510W	YHR103W
YBL032W	YPL054W
YBL032W	YDL235C
YDR099W	YNL076W
YLL039C	YNR006W
YNL110C	YOL041C
YER025W	YER151C
YDL115C	YIL021W
YDR335W	YGL035C
YJR064W	YLR196W
YGR103W	YOR294W
YJR112W	YPL018W
YBL032W	YPR102C
YBR260C	YNL090W
YKR095W	YPR052C
YFR009W	YLR180W
YCR012W	YJL030W
YDR375C	YFR033C
YJR109C	YOL128C
YDR432W	YOR048C
YDL117W	YJR059W
YDR510W	YER074W
YBR169C	YOR007C
YDL230W	YGL158W
YDR189W	YIL004C
YGR175C	YLL039C
YJL185C	YPL018W
YGL120C	YKR092C
YKR067W	YLL039C
YAL021C	YGR086C
YIL095W	YJR092W
YER105C	YFR050C
YDR216W	YGR274C
YER172C	YGL120C
YBR196C	YGL229C
YML109W	YML131W
YHR044C	YHR107C
YBL058W	YKL213C
YAR027W	YNL219C
YDR409W	YJL020C
YBL092W	YLL039C
YHR007C	YPL094C
YBR202W	YIL150C
YHR027C	YJL052W
YBL032W	YGR189C
YML064C	YPL218W
YDL100C	YKL062W
YNL288W	YPL037C
YIL033C	YNL093W
YBL032W	YPR011C
YCR066W	YLR032W
YLR075W	YML063W
YBR194W	YNL067W
YDR168W	YLR362W
YKL168C	YNR033W
YER131W	YFR014C
YDL139C	YDR388W
YDL047W	YGR161C
YBR072W	YPR161C
YBR109C	YMR250W
YJR059W	YPL100W
YDR256C	YLL039C
YGR250C	YJL008C
YAL056W	YGL121C
YFL024C	YLR223C
YDR510W	YNL055C
YBR194W	YPL085W
YNL255C	YOR051C
YJR092W	YMR032W
YFR004W	YIR011C
YBR177C	YBR274W
YML048W	YOL132W
YBL032W	YJR053W
YML064C	YPL242C
YIL038C	YPL037C
YFR014C	YHR033W
YBL032W	YHR054C
YHR114W	YNL092W
YDR378C	YGL173C
YFR004W	YFR024C-A
YEL034W	YOR261C
YDR346C	YPL111W
YJR112W	YLR045C
YDL160C	YIL106W
YER082C	YIL142W
YER020W	YJL005W
YKL180W	YML126C
YJR059W	YLR003C
YDR480W	YHR114W
YDL209C	YML049C
YOR020C	YPL026C
YDR510W	YNL216W
YKR014C	YNL255C
YJR161C	YLL039C
YER151C	YLR167W
YFR034C	YLR028C
YGR056W	YLR357W
YDR085C	YHR107C
YDL015C	YHR140W
YFR021W	YFR024C-A
YBL032W	YGL222C
YKR036C	YLR206W
YGL120C	YPL131W
YDR184C	YLR315W
YAL032C	YNL246W
YER125W	YNL157W
YLR180W	YNL255C
YJL052W	YNL255C
YDL055C	YLR435W
YBL047C	YBR109C
YNL255C	YOL155C
YDL055C	YNL045W
YMR186W	YOL012C
YFL024C	YNL136W
YBR229C	YDL210W
YGR086C	YPR080W
YGL167C	YLL039C
YLL039C	YPR010C
YJR007W	YOR117W
YNL255C	YOL088C
YPL161C	YPR198W
YJL051W	YJR059W
YBL032W	YKL185W
YNL110C	YPR016C
YDL239C	YOR380W
YHR094C	YJR066W
YGL035C	YOR308C
YBR121C	YHR027C
YBL032W	YJR116W
YDL140C	YPL082C
YHR082C	YLR220W
YGR056W	YKR008W
YBL007C	YBR136W
YHR010W	YHR197W
YDR416W	YIL068C
YNR006W	YPL150W
YGR103W	YHR010W
YGR085C	YPL131W
YIL095W	YMR184W
YGR086C	YPR115W
YGR146C	YNL197C
YJR022W	YOR167C
YDR379W	YNL307C
YDL126C	YPR168W
YEL058W	YIL095W
YLR335W	YNL282W
YDR346C	YNL255C
YER068W	YNL157W
YBR126C	YCR079W
YHR057C	YJR091C
YDR244W	YHR160C
YOL147C	YPL203W
YER020W	YJL106W
YHR027C	YKL211C
YER036C	YOR234C
YDL154W	YGL170C
YDR306C	YOR027W
YGR135W	YML092C
YLR292C	YLR301W
YGL173C	YJR145C
YNL030W	YNL031C
YER173W	YHR079C-A
YLL039C	YMR186W
YBR035C	YJR059W
YKR085C	YNL255C
YMR239C	YNL307C
YPR052C	YPR161C
YCL039W	YDR342C
YER044C	YGL001C
YIR026C	YJL083W
YGL181W	YGR192C
YBR085W	YHR002W
YOR308C	YPR178W
YBR169C	YMR186W
YDL101C	YJR056C
YBR193C	YPL129W
YDL074C	YLR196W
YDL007W	YOR261C
YJL141C	YLL039C
YBR255W	YIL106W
YER129W	YER155C
YDL139C	YJL013C
YBR194W	YGR097W
YDR495C	YOR089C
YHR030C	YLL039C
YDR092W	YLL039C
YHR027C	YJL008C
YGL173C	YLR438C-A
YJR145C	YPL090C
YER127W	YIL019W
YBR114W	YKL112W
YKL203C	YOR008C
YAL032C	YER172C
YBL030C	YLR348C
YHR201C	YJL165C
YLL011W	YLR222C
YJL058C	YLR423C
YAR019C	YLR258W
YDR388W	YOR138C
YBR039W	YEL056W
YBR072W	YPR056W
YKL117W	YPL240C
YDL213C	YOR017W
YJR009C	YNL255C
YBR238C	YKL104C
YCR088W	YFR004W
YDR443C	YGL127C
YBL032W	YOR054C
YHR066W	YPR016C
YGL158W	YML037C
YJR053W	YOR058C
YDL090C	YMR139W
YJR059W	YLR259C
YBL032W	YLR286C
YAR027W	YGR060W
YBL032W	YJL144W
YBR095C	YDL076C
YGL124C	YOR151C
YGR086C	YLL039C
YDL111C	YER068W
YLR027C	YOL147C
YLR201C	YPL240C
YER125W	YMR216C
YFR004W	YPR183W
YMR216C	YNL027W
YMR314W	YPR108W
YER021W	YMR191W
YAL007C	YGR231C
YGL237C	YKR048C
YIL019W	YLL011W
YMR308C	YNL030W
YKL180W	YPL220W
YDR510W	YFL008W
YDR362C	YPL106C
YIL006W	YNL197C
YBR136W	YDL101C
YCR066W	YOR128C
YHR063C	YHR200W
YDR214W	YJL030W
YDR303C	YHR099W
YNL091W	YNL164C
YGL173C	YNL251C
YMR197C	YMR231W
YHR010W	YOL127W
YML037C	YOL113W
