YDR143C	YER068W
YER125W	YHR135C
YPL115C	YPL161C
YML010W	YNL248C
YHL047C	YHR079C
YDR477W	YOR027W
YIR010W	YJR009C
YJR047C	YPL141C
YMR004W	YPL031C
YCL035C	YMR059W
YDR507C	YMR086W
YKL122C	YPL210C
YKL059C	YNL255C
YDL126C	YER012W
YDR448W	YHR058C
YGL190C	YNL255C
YHR085W	YNR053C
YDL181W	YNL250W
YDR145W	YGL158W
YDR383C	YIR010W
YFL023W	YOR355W
YDR392W	YOL148C
YJR009C	YMR186W
YFR004W	YFR052W
YHR027C	YOL133W
YLR350W	YNL190W
YER133W	YLR002C
YNR017W	YOR236W
YGR238C	YHR158C
YBR103W	YCR033W
YGL158W	YHR185C
YEL034W	YIL148W
YDR283C	YER172C
YJL129C	YML016C
YGL001C	YGR060W
Q0085	YDL004W
YDR448W	YOR257W
YCR073C	YMR117C
YDL126C	YDL190C
YBR052C	YLL028W
YER177W	YPR030W
YDR326C	YIR010W
YPL218W	YPR181C
YDR145W	YIL129C
YGL076C	YNL178W
YNL125C	YNL130C
YGL158W	YOR018W
YDR224C	YKL103C
YJR048W	YKL195W
YBR233W	YDR116C
YHR135C	YLR410W
YGR026W	YPL031C
YKR006C	YML025C
YJL164C	YNL182C
YML029W	YMR173W
YGR092W	YJL005W
YIR010W	YKR083C
YOR275C	YPL031C
YBL050W	YPL232W
YGL073W	YKL062W
YDR225W	YDR510W
YER126C	YGL237C
YER177W	YPR152C
YHR082C	YKL197C
YIR010W	YJL065C
YBR290W	YNL255C
YDL179W	YOR083W
YLR419W	YMR117C
YDL185W	YKL029C
YKR014C	YMR231W
YMR202W	YNL280C
YLL028W	YLR332W
YDL116W	YML103C
YGL115W	YPR007C
YHR027C	YMR186W
YDR143C	YER023W
YHR200W	YLR061W
YHR167W	YJR032W
YDR225W	YOR005C
YCL014W	YMR186W
YBR126C	YDR074W
YDR224C	YDR227W
YER177W	YPR080W
YDR251W	YJR059W
YFL004W	YNL255C
YDR116C	YKR006C
YML109W	YMR273C
YDL220C	YLR233C
YMR233W	YOL006C
YBR177C	YJL153C
YLR423C	YPR105C
YHR083W	YNL026W
YDR335W	YML103C
YNL197C	YOR149C
YBR049C	YDR510W
YHR124W	YOR181W
YDL203C	YGR058W
YDR405W	YNL255C
YLR208W	YPR181C
YGR054W	YKR048C
YMR317W	YNL255C
YER012W	YLR058C
YDR510W	YPR133C
YDR510W	YMR190C
YIR010W	YOL051W
YBR049C	YOR341W
YPL070W	YPR152C
YCR093W	YOL133W
YML131W	YOL154W
YDL117W	YPL038W
YGR183C	YNL197C
YDR124W	YPR049C
YML085C	YMR048W
YBL026W	YNL264C
YGR055W	YML016C
YDR331W	YDR456W
YGR065C	YGR130C
YGL003C	YPR119W
YJR022W	YNL147W
YDR189W	YPR105C
YGR059W	YLR314C
YEL048C	YGR040W
YFL038C	YPR176C
YHR058C	YNL255C
YDL097C	YPL082C
YJL164C	YKL171W
YDR130C	YLR340W
YJL081C	YLR399C
YPL213W	YPR178W
YPL256C	YPL267W
YER125W	YJR051W
YIL094C	YMR012W
YDL029W	YDR143C
YDL015C	YJL117W
YBR208C	YOL133W
Q0085	YKL016C
YLR237W	YML132W
YJR059W	YKR092C
YGL106W	YMR304W
YNL112W	YNL255C
YLR310C	YPL038W
YDR244W	YML042W
YNL039W	YNL255C
YJL187C	YJR082C
YCL009C	YKL010C
YBR103W	YDR227W
YGL209W	YNL197C
YEL015W	YPR080W
YLR251W	YNL255C
YLR435W	YNL255C
YEL071W	YKL103C
YDR328C	YLR399C
YBL023C	YEL032W
YBL042C	YGR055W
YDR080W	YGL025C
YBR194W	YPR152C
YDR224C	YIL126W
YDR142C	YGR077C
YDR392W	YLR055C
YAL028W	YLR233C
YDR043C	YDR477W
YGR054W	YMR290C
YDL008W	YOR249C
YHR174W	YOL135C
YBR194W	YIR006C
YFR030W	YIL094C
YDR247W	YKL193C
YER125W	YGR052W
YHR102W	YIL129C
YDR263C	YMR291W
YGR060W	YHR190W
YER086W	YKL029C
YGL130W	YNL030W
YNL030W	YPR052C
YMR001C	YPL192C
YGL158W	YGR276C
YBL074C	YDL214C
YDL029W	YNL255C
YNR010W	YPL031C
YBR298C	YMR279C
YIR024C	YNL255C
YDR174W	YGR270W
YDL222C	YHR094C
YHR135C	YKL093W
YDR189W	YIL107C
YGL146C	YOR005C
YNL044W	YNL189W
YGL076C	YHR085W
YDR381W	YKL212W
YDL065C	YNL214W
YML131W	YPL001W
YFR017C	YNL197C
YML131W	YOR092W
YGL105W	YLR138W
YER133W	YKL203C
YIL153W	YLR423C
YBR041W	YLL012W
YDR266C	YMR012W
YGL076C	YMR142C
YBR036C	YPR198W
YMR072W	YPL082C
YKR008W	YLR357W
YBL023C	YLL004W
YHR161C	YMR183C
YER086W	YML085C
YDL175C	YPR191W
YBR194W	YPL213W
YNL118C	YOR093C
YCR061W	YIL134W
YEL054C	YLR097C
YDR195W	YKL018W
YHL002W	YIL156W
YER177W	YFR017C
YDR016C	YDR201W
YGL202W	YHR200W
YCL059C	YGR145W
YHR027C	YOR326W
YBR200W	YKR001C
YKL151C	YPL070W
YLR197W	YOL115W
YDR238C	YKL145W
YDL102W	YJR059W
YJL059W	YLR022C
YDR120C	YNL255C
YHR161C	YNL020C
YNL255C	YPL181W
YCR077C	YDL065C
YDR155C	YNL030W
YHR079C	YNL097C
YGR237C	YML056C
YNL131W	YOR039W
YBR221C	YFR004W
YNL197C	YNL268W
YHR205W	YPL031C
YDR245W	YGL167C
YCL054W	YER133W
YJL084C	YMR032W
YER125W	YMR316W
YDR420W	YHR154W
YGL158W	YGR223C
YDL214C	YGR276C
YDL155W	YNL076W
YFR004W	YIL109C
YJR009C	YNL250W
YER133W	YKL166C
YGR180C	YOL045W
YML117W	YPL031C
YGR126W	YJR084W
YDR276C	YJL117W
YBL058W	YNL255C
YER125W	YHR200W
YML057W	YPR115W
YKL145W	YOR259C
YIL126W	YPR034W
YJL176C	YPR034W
YIL113W	YNL138W
YDL214C	YGL115W
YGL059W	YOL070C
YAL013W	YPL082C
YHR035W	YPR119W
YER115C	YJL020C
YBR194W	YML007W
YGL053W	YML029W
YIR010W	YPR129W
YIL124W	YJL151C
YDR307W	YKL065C
YNL197C	YOR147W
YLR423C	YOR357C
YKL029C	YOR181W
YER068W	YIL038C
YBR119W	YDR235W
YDR323C	YPL031C
YER179W	YNR016C
YEL013W	YFR035C
YDL065C	YOL147C
YGR002C	YPL235W
YGL076C	YHR200W
YIL139C	YPL194W
YGR055W	YOL105C
YHR135C	YPR019W
YBR052C	YOL105C
YNL124W	YOL040C
YKL203C	YMR011W
YLR249W	YOL013C
YDR238C	YOR363C
YER126C	YMR290C
YIR010W	YPL043W
YJR045C	YLR362W
YML010W	YOL145C
YIL125W	YKL198C
YDR510W	YLR314C
YDL165W	YKL166C
YJL020C	YJR022W
YBR049C	YDR145W
YLR278C	YLR442C
YGR279C	YNL255C
YKL103C	YOL082W
YKL013C	YNL255C
YER119C	YPL031C
YGL158W	YLL057C
YJR009C	YKL010C
YER178W	YIR010W
YDR335W	YGL003C
YGL059W	YLR003C
YML028W	YOR101W
YHR200W	YNL055C
YDL195W	YIL035C
YGR132C	YMR089C
YIL077C	YPL031C
YER021W	YOL018C
YLR197W	YNL132W
YML132W	YOR192C
YJR010C-A	YKL065C
YGR084C	YKL155C
YBR207W	YER021W
YAL040C	YNL189W
YHR027C	YJL001W
YER126C	YHR066W
YMR129W	YPR080W
YGR161C	YMR299C
YKL129C	YPL038W
YFR052W	YIL075C
YGL059W	YLL028W
YIR010W	YOR090C
YHR154W	YJL047C
YLL019C	YNL189W
YBR131W	YDL077C
YHR119W	YPL138C
YDR036C	YJR113C
YDL125C	YDR388W
YGL178W	YNL197C
YDL035C	YHR082C
YIL035C	YMR290C
YDR190C	YPR152C
YDR118W	YMR134W
YDR077W	YDR143C
YDR195W	YML010W
YCR024C	YER125W
YKL203C	YNL135C
YBR011C	YKR043C
YDR293C	YMR105C
YCR077C	YDR404C
YBL003C	YIL126W
YGL002W	YOR016C
YHR060W	YPR105C
YHR027C	YLL050C
YLR304C	YMR246W
YER049W	YLR249W
YCL059C	YNR054C
YDL070W	YER133W
YJR104C	YPL031C
YHR135C	YHR179W
YHR200W	YJL138C
YER020W	YOR371C
YEL027W	YHR026W
YML056C	YMR061W
YLR332W	YPR138C
YDR116C	YKL167C
YMR246W	YPL206C
YKR014C	YOR375C
YIL094C	YKR048C
YAL014C	YMR197C
YCR077C	YDL165W
YKL029C	YPL235W
YHL019C	YKL135C
YJR059W	YMR081C
YIL034C	YOR181W
YBR274W	YLR152C
YDL149W	YNL242W
YDR174W	YPL082C
YDL029W	YNL161W
YDL191W	YNL255C
YMR231W	YPL195W
YBR041W	YMR313C
YIL126W	YLR357W
YDR227W	YMR273C
YDR424C	YKR054C
YCR020W-B	YIL126W
YBR200W	YDR306C
YDL047W	YER155C
YBR216C	YML007W
YFR024C-A	YPR081C
YDR088C	YHR023W
YER109C	YMR164C
YDR381W	YDR510W
YGL190C	YHR082C
YKL203C	YPL249C
YKL203C	YMR183C
YGL227W	YLR377C
YFR004W	YNL044W
YIL002C	YKL166C
YER157W	YKL196C
YBR194W	YKR006C
YIR011C	YNL189W
YHR205W	YMR196W
YKR083C	YML105C
YDL185W	YDR328C
YGL019W	YIL035C
YHR094C	YKL065C
YGL059W	YOR083W
YBR093C	YGR282C
YBR102C	YBR200W
YBL026W	YMR268C
YMR290C	YPL131W
YNL197C	YPR129W
YJR075W	YLR026C
YDL053C	YIL106W
YPL031C	YPR019W
YBR044C	YDL093W
YNL255C	YOR257W
YBR233W	YHR082C
YDR174W	YDR381W
YGL059W	YKR100C
YGR268C	YHL002W
YDR322W	YDR405W
YHR074W	YPL031C
YJR123W	YMR142C
YKL161C	YPL031C
YDL037C	YNL197C
YLR423C	YPR185W
YGL190C	YML024W
YMR059W	YMR266W
YER021W	YHR200W
YLR028C	YNR034W
YBR049C	YPR152C
YJR093C	YNL222W
YNL255C	YPR191W
YGL092W	YML103C
YJL014W	YOR230W
YMR059W	YNL135C
YIR010W	YNL064C
YBR194W	YML010W
YGL105W	YJL187C
YHR058C	YNL236W
YKR054C	YNL118C
YDR225W	YNL255C
YMR008C	YNL197C
YBR162C	YER086W
YBR194W	YOL016C
YHR137W	YLR278C
YBR044C	YIL126W
YDL053C	YPL140C
YLR097C	YNL255C
YHR140W	YNL044W
YDR422C	YOR027W
YDR477W	YNL257C
YJR091C	YKL204W
YDR384C	YNR060W
YOR151C	YPR133C
YLR340W	YNL178W
YBR126C	YLL019C
YKL181W	YNL255C
YDR510W	YFR031C
YDR150W	YDR247W
YBR253W	YDR146C
YDR496C	YNL255C
YBR168W	YDL065C
YOL147C	YOR094W
YHR174W	YNL255C
YLR170C	YPR029C
YER155C	YPL210C
YHL030W	YOL133W
YIL063C	YOL061W
YMR258C	YNL093W
YDL044C	YLR139C
YDL145C	YPL031C
YER032W	YLR456W
YFL023W	YPR080W
YGR229C	YKR099W
YDR145W	YHR023W
YHR083W	YMR203W
YKL013C	YNR035C
YHR058C	YOL051W
YDL020C	YHR200W
YGR250C	YPL210C
YGL077C	YML016C
YIL063C	YLR096W
YER032W	YMR117C
YDL019C	YJL207C
YLR188W	YNL255C
YIL035C	YMR173W
YLL028W	YNL197C
YLR201C	YOR125C
YGL222C	YNL118C
YIL143C	YOL090W
YCR093W	YDR293C
YCR076C	YNL118C
YHR089C	YJR022W
YLR386W	YNL041C
YHR140W	YOR016C
YHR094C	YIR038C
YDL214C	YJL051W
YIL033C	YPL048W
YFR046C	YIR010W
YKR099W	YNL197C
YDR244W	YNL329C
YGR060W	YOR016C
YFR017C	YGL059W
YNR022C	YPR119W
YNL197C	YPL188W
YKL067W	YNL178W
YLR096W	YOR093C
YDR174W	YDR335W
YDL171C	YLR075W
YDR477W	YKL091C
YFR004W	YPL192C
YKL210W	YOR027W
YJL164C	YNL125C
YBR207W	YHR094C
YKL018W	YLR015W
YKL166C	YPL056C
YER133W	YMR140W
YDR224C	YPR052C
YJL187C	YPR139C
YBR086C	YHR135C
YGL004C	YOR259C
YGR095C	YOL142W
YHR135C	YNL055C
YDL195W	YGL019W
YER043C	YMR059W
YIR035C	YLR401C
YER125W	YKL023W
YBR105C	YOR151C
YHR135C	YLR125W
YER020W	YNL197C
YDR298C	YKL016C
YDR225W	YOR141C
YCR038C	YIL140W
YER026C	YNL101W
YBR135W	YLR109W
YLR026C	YMR197C
YBL026W	YLR117C
YHR066W	YMR290C
YJL164C	YLR003C
YGL059W	YKL181W
YDR388W	YML016C
YGR142W	YMR197C
YDR044W	YOR093C
YEL009C	YOL148C
YDR224C	YIL066C
YDL047W	YFR019W
YHL029C	YNL197C
YKL159C	YLR433C
YLR276C	YOL127W
YDR318W	YLR381W
YDR310C	YPR152C
YDR238C	YER112W
YPL082C	YPL235W
YCR091W	YNL045W
YGL002W	YNL255C
YBR177C	YOL045W
YDR190C	YIR010W
YLR075W	YNL132W
YOL045W	YOR184W
YLL040C	YML085C
YCR077C	YKL054C
YBR207W	YGL006W
YBL106C	YKL117W
YML058W	YOR351C
YBL045C	YDR388W
YLR009W	YMR290C
YER146W	YLR058C
YBL003C	YKR092C
YFL009W	YOL133W
YDR288W	YLR007W
YDR138W	YDR280W
YER013W	YMR125W
YJL014W	YKR054C
YBR130C	YHR082C
YDR145W	YJR060W
YBR107C	YDR318W
YFR004W	YGR061C
YHR027C	YPR108W
YDR145W	YMR223W
YDR365C	YLR340W
YJR113C	YPL013C
YDR174W	YER095W
YDR016C	YLR117C
YJR123W	YPR137W
YBL003C	YPL235W
YFR011C	YOL006C
YMR186W	YOR027W
YLR332W	YMR299C
YNL255C	YPL140C
YGL141W	YJR059W
YDL002C	YGR092W
YCR004C	YMR086W
YBR090C	YHR135C
YGL105W	YHR082C
YDR495C	YPL045W
YHR200W	YKL006W
YIL106W	YPR191W
YNL197C	YOR058C
YER034W	YHR135C
YDR381W	YKR086W
YEL005C	YLR408C
YFL038C	YHR027C
YJR022W	YNL227C
YDL188C	YPL235W
YOR054C	YPL031C
YGR130C	YNL020C
YGL181W	YHR161C
YFR004W	YHR200W
YDL097C	YFR004W
YDR174W	YOR172W
YHR135C	YNL167C
YHR183W	YHR200W
YFR004W	YMR202W
YBL042C	YDL222C
YNR007C	YPL031C
YAL027W	YER049W
YER043C	YHR200W
YDR388W	YHR079C
YIL050W	YJL084C
YJL014W	YOL146W
YHR027C	YMR099C
YGR132C	YNL055C
YDL029W	YLR337C
YER112W	YER172C
YJL138C	YOL013C
YER126C	YPL131W
YDL156W	YDR510W
YDL156W	YNL030W
YIL158W	YNL255C
YDR510W	YMR186W
YMR125W	YPR182W
YDL029W	YDR523C
YJL117W	YMR134W
YER133W	YFR004W
YER126C	YLR009W
YDR229W	YPR152C
YDR120C	YPL031C
YDR045C	YDR328C
YBL097W	YHL002W
YOR007C	YOR164C
YLR093C	YPL031C
YKL206C	YPR103W
YGL003C	YJL106W
YER166W	YOL115W
YDL060W	YDR381W
YCR061W	YNL197C
YKL195W	YMR203W
YGR214W	YKL029C
YCL039W	YDL185W
YDR388W	YPL031C
YHL004W	YPL013C
YFL040W	YMR266W
YER166W	YOR104W
YBL047C	YOL016C
YCL039W	YPL139C
YDL190C	YER057C
YGR030C	YIR015W
YDR183W	YFL037W
YJL098W	YNL055C
YDL171C	YFR004W
YJR059W	YKL181W
YFL017C	YGR135W
YLR026C	YNL049C
YBR278W	YNL255C
YKL028W	YPR052C
YGL250W	YLR082C
YGR058W	YGR136W
YNL074C	YPL256C
YDL185W	YOR270C
YGL011C	YGR253C
YGL001C	YGL012W
YEL018W	YFL024C
YDR388W	YGL252C
YDR388W	YIL156W
YML029W	YNL294C
YEL018W	YNL136W
YNL255C	YNR007C
YBR200W	YLR362W
YDR225W	YPL043W
YDL145C	YDR238C
YCR020W-B	YGR056W
YBR285W	YHR079C
YHL018W	YPL070W
YHR135C	YIL115C
YJL013C	YJL030W
YDR146C	YER015W
YDR347W	YMR188C
YDR430C	YER178W
YBR173C	YPL031C
YAL013W	YPL139C
YDR510W	YJR123W
YDR131C	YOL025W
YOR039W	YPL235W
YMR010W	YNR028W
YDR477W	YJL110C
YMR179W	YNL197C
YOL016C	YPL138C
YLL050C	YNL138W
YDR096W	YIR006C
YJL164C	YNR019W
YDL159W	YGR287C
YDL030W	YDR421W
YBR048W	YDR510W
YDR388W	YLR144C
YNL041C	YOR304C-A
YHL004W	YJR060W
YLR315W	YML056C
YDR308C	YGL025C
YML007W	YPR152C
YML010W	YPR169W
YER167W	YER177W
YGR238C	YOL069W
YER125W	YJL164C
YER049W	YML131W
YIR010W	YJL165C
YIR010W	YOR341W
YPL248C	YPR086W
YER155C	YOL087C
YGR092W	YKL077W
YJL020C	YPL031C
YLR015W	YPL138C
YGR129W	YNL255C
YML057W	YPR108W
YCL014W	YPR119W
YLR197W	YNL189W
YDR118W	YOR249C
YMR139W	YOL061W
YJR022W	YLL036C
YGR142W	YJR127C
YOR151C	YPL137C
YDR388W	YIL094C
YBL075C	YLR026C
YER021W	YGL004C
YBL003C	YCL054W
YBL075C	YNL255C
YCR035C	YOR076C
YMR012W	YMR059W
YLL050C	YLR319C
YHR027C	YLR249W
YHR111W	YPL031C
YBR194W	YNL138W
YDR510W	YHR174W
YIR010W	YOR026W
YCR073W-A	YOR351C
YOR181W	YPL246C
YER054C	YJL164C
YNL189W	YOR380W
YDR388W	YNL255C
YHR207C	YLR096W
YDR308C	YPR070W
YDL190C	YML100W
YJR074W	YOR185C
YER164W	YOR039W
YJL164C	YLR173W
YGL077C	YGR130C
YBR035C	YDL214C
YEL071W	YHR027C
YFR027W	YJL074C
YEL034W	YKL212W
YDR074W	YHR082C
YIL156W	YPR154W
YDL181W	YGR089W
YDR285W	YKL166C
YDR381W	YIR001C
YBL023C	YLR002C
YFR027W	YPL008W
YGR270W	YNL248C
YFR004W	YKL182W
YDR510W	YPL269W
YER015W	YLR098C
YBR084W	YDR365C
YLR096W	YML006C
YEL034W	YOL133W
YGR056W	YPR034W
YIL142W	YJL014W
YOR070C	YOR089C
YDR388W	YPL140C
YGL076C	YMR290C
YDL195W	YPL249C-A
YDR448W	YPL181W
YBR199W	YOL018C
YBR105C	YIL097W
YBR011C	YDR510W
YLL043W	YMR104C
YBR233W	YLR249W
YFL050C	YOL130W
YNL138W	YNR035C
YFR004W	YHL030W
YKL028W	YLR185W
YDR283C	YLL005C
YDR331W	YHR026W
YGL252C	YNL132W
YMR186W	YNL157W
YHR062C	YNL282W
YDR195W	YDR381W
YHL006C	YNL021W
YDL239C	YOR304C-A
YCL028W	YER125W
YCR009C	YPR152C
YDL097C	YHR200W
YIL075C	YKL029C
YBL045C	YGR112W
YDR201W	YHR083W
YCR076C	YNL189W
YGR030C	YHR062C
YJL164C	YKL062W
YFR052W	YOR181W
YNL197C	YOR052C
YKL171W	YPR160W
YBR200W	YJL187C
YCR009C	YKL203C
YBR274W	YKR010C
YGL190C	YPR154W
YBR233W	YDR174W
YBR280C	YDR328C
YAL013W	YPL181W
YGR193C	YJL014W
YDR225W	YMR125W
YJL081C	YPL235W
YDL100C	YLR026C
YBR272C	YDR363W-A
YBR194W	YIL148W
YMR191W	YOR259C
YHR085W	YLR106C
YHR140W	YJL214W
YBR278W	YCL032W
YFR004W	YKL212W
YBL050W	YLR093C
YDR379W	YKL166C
YLR206W	YPL115C
YDR247W	YIL033C
YFR004W	YIL075C
YER155C	YIR010W
YDR498C	YML058W
YJL151C	YKL140W
YEL009C	YFL024C
YIR010W	YNL189W
YDR235W	YPR182W
YDL030W	YPL213W
YDL100C	YOR007C
YER012W	YPR108W
YDR227W	YDR510W
YJR005W	YKL135C
YGR040W	YNL053W
YKR048C	YPR086W
YJL138C	YNL106C
YDR310C	YFR024C-A
YGR055W	YMR010W
YER155C	YJL098W
YHR190W	YHR200W
YHL011C	YMR186W
YMR167W	YMR190C
YER178W	YOR090C
YGR253C	YPR103W
YDR314C	YPL048W
YCR042C	YNL222W
YIR010W	YOR217W
YDR381W	YPL001W
YDR138W	YHR167W
YCR038C	YLR353W
YBR052C	YDR039C
YHR014W	YHR185C
YBR177C	YFR004W
YHR152W	YJL138C
YIL149C	YNL135C
YCL009C	YNL157W
YLR314C	YNL298W
YER157W	YGL105W
YDR206W	YPR129W
YKL203C	YML052W
YDL203C	YDR247W
YNL068C	YNL197C
YBR048W	YDR130C
YGR052W	YNL076W
YER023W	YFR004W
YBR253W	YPR168W
YDR247W	YGL208W
YGR040W	YPR091C
YKL012W	YPL213W
YDR510W	YER032W
YBR048W	YNL178W
YGL018C	YPL031C
YBR130C	YJL164C
YER112W	YMR268C
YMR155W	YPL031C
YDR388W	YLR355C
YGR232W	YHR027C
YGR031W	YIL107C
YBR234C	YDL029W
YLR293C	YPL009C
YLR055C	YNL255C
YER133W	YLR134W
YKR083C	YMR083W
YDL030W	YER172C
YLR337C	YNL084C
YFL023W	YHR135C
YPL131W	YPL249C-A
YHR105W	YNL263C
YEL027W	YLL028W
YDR379W	YER021W
YGR258C	YPL248C
YDR436W	YOR054C
YBR234C	YLR337C
YHR082C	YLR293C
YDL216C	YMR025W
YNL124W	YPL079W
YER029C	YPR182W
YDL155W	YLR310C
YBR158W	YGR163W
YKL145W	YMR001C
YDL029W	YOR259C
YER008C	YLR293C
YFR051C	YNL304W
YER012W	YGR232W
YFR033C	YNL255C
YER013W	YLR117C
YHR140W	YMR279C
YDR388W	YOR196C
YOR257W	YOR259C
YBL003C	YOL006C
YBL026W	YDL098C
YBR138C	YHR082C
YJL189W	YMR139W
YER177W	YGL181W
YGR270W	YPL115C
YMR032W	YOR181W
YKR001C	YLR033W
YDR122W	YML006C
YFR004W	YMR037C
YFL013C	YPL048W
Q0085	YML081C-A
YBL003C	YLR186W
YIL109C	YJR059W
YKL059C	YPR107C
YHR082C	YOR141C
YPR052C	YPR056W
YDL115C	YOR151C
YDR145W	YNR010W
YDR122W	YPL256C
YER012W	YML092C
YGR202C	YNL189W
YJL143W	YJR045C
YDR381W	YMR219W
YHR094C	YLR332W
YDR247W	YPR115W
YKR043C	YNL255C
YCR073W-A	YGL059W
YHR027C	YKR043C
YFR004W	YMR219W
YNL097C	YPL082C
YDL222C	YIL105C
YER126C	YPL004C
YBL003C	YMR223W
YOL049W	YPL031C
YIR010W	YOR004W
YNR019W	YPL031C
YLR386W	YNR016C
YPL031C	YPR091C
YDR368W	YFR004W
YGR055W	YLL028W
YHR023W	YOR326W
YDR155C	YHR119W
YGL181W	YGR178C
YIL062C	YKL013C
YHR085W	YPL131W
YBR103W	YMR155W
YBL003C	YGL227W
YGR130C	YJL165C
YLR452C	YMR004W
YIR024C	YNL118C
YMR121C	YMR139W
YJL104W	YNL131W
YIL075C	YMR001C
YGR136W	YPR081C
YLR109W	YNL079C
YLR310C	YPL100W
YLL002W	YNL246W
YBR207W	YNL255C
YGL158W	YPR072W
YDL145C	YHR066W
YIL105C	YLR332W
YDR510W	YML010W
YFR049W	YOR047C
YER173W	YPL194W
YPL048W	YPR080W
YGR214W	YHR200W
YBR078W	YOL133W
YDL220C	YDR227W
YDR477W	YGL158W
YKL148C	YOL071W
YJR139C	YMR186W
YDR381W	YOL127W
YDR143C	YNL225C
YBR048W	YOL127W
YGR130C	YOR273C
YJL074C	YMR076C
YFR024C-A	YMR302C
YGL070C	YPR093C
YFR004W	YLR058C
YER133W	YPR160W
YGL019W	YML069W
YJR123W	YLR197W
YNL255C	YOR007C
YJL164C	YNL093W
YDR430C	YFL018C
YMR291W	YOR089C
YDR142C	YJL014W
YBR036C	YJL214W
YKL167C	YML025C
YCR084C	YDR308C
YLR418C	YML069W
YGR129W	YOR104W
YBR274W	YDR516C
YBR194W	YML017W
YFL034W	YPL110C
YBR272C	YEL056W
YFR004W	YJL055W
YKL203C	YMR104C
YGL172W	YJR022W
YJL222W	YKL065C
YKR048C	YLR410W
YEL023C	YJR022W
YDR422C	YER029C
YLR310C	YPL256C
YDR323C	YOR351C
YKL181W	YPL031C
YBR200W	YDR379W
YGR080W	YKL007W
YML010W	YPL228W
YIL033C	YPL149W
YDL171C	YGR214W
YGL212W	YOR292C
YGL076C	YMR086W
YHR135C	YPR169W
YFR021W	YNL242W
YLR117C	YPR152C
YPL115C	YPL256C
YGR092W	YJR142W
YKL085W	YNL094W
YBL075C	YLR310C
YGL106W	YPL004C
YJR102C	YMR077C
YBL093C	YDR381W
YDL004W	YMR173W
YCR035C	YNL255C
YEL034W	YJR047C
YDL051W	YDR510W
YDR490C	YIR044C
YER039C	YGL070C
YKR008W	YLR033W
YCR043C	YPL146C
YIL142W	YNL317W
YLR005W	YPR056W
YGR092W	YIL106W
YIL113W	YKL161C
YBL067C	YHR082C
YIL136W	YNL131W
YBL079W	YPR080W
YLR332W	YNL283C
YHR082C	YLR055C
YDR280W	YNL248C
YIL056W	YNL197C
YNR033W	YOL045W
YHR001W	YOR273C
YCL054W	YMR290C
YBL045C	YFR004W
YDL117W	YER177W
YKL093W	YKL166C
YBL093C	YPR070W
YBR058C	YFR004W
YDR486C	YLR025W
YBR065C	YLR117C
YBR173C	YGR135W
YGL158W	YPL016W
YDL047W	YNR016C
YER186C	YMR117C
YNR053C	YPL131W
YGL012W	YNL280C
YDR363W-A	YKL145W
YDL126C	YPR152C
YDR318W	YGL060W
YER020W	YGL077C
YDR072C	YNL197C
YBL022C	YGR231C
YGL237C	YPL166W
YHR200W	YOR341W
YDR146C	YPL031C
YDR174W	YLR455W
YCL029C	YHR135C
YBL075C	YDR044W
YNL112W	YPR152C
YLR340W	YPL249C-A
YLR061W	YNL255C
YLR245C	YNL189W
YGR231C	YHR135C
YER021W	YKL100C
YGR180C	YOR229W
YDR225W	YNL030W
YKR008W	YMR125W
YBL091C-A	YNL197C
YDR254W	YPR046W
YER008C	YIL068C
YMR105C	YNL094W
YAL007C	YJL117W
YMR209C	YNL197C
YOR370C	YPR176C
YGR055W	YGR065C
YDL015C	YGR060W
YBR087W	YML105C
YJR125C	YOR351C
YFL009W	YHR005C
YFL014W	YNL312W
YGL158W	YHR104W
YAL018C	YLL028W
YBR048W	YPL131W
YGL181W	YPL031C
YJR032W	YNL197C
YIL035C	YPL181W
YDR510W	YIL149C
YBR110W	YLR241W
YCL052C	YHR140W
YFR004W	YFR044C
YMR054W	YOR270C
YJL187C	YMR173W
YER086W	YJL020C
YCR093W	YIR010W
YCL010C	YDR392W
YDR381W	YJL098W
YNL255C	YOR089C
YIL033C	YKL166C
YDL060W	YML010W
YDR484W	YKR020W
YJR098C	YMR304W
YJR093C	YOR039W
YDR130C	YOL069W
YJR113C	YMR188C
YDL015C	YLR411W
YER054C	YKL166C
YKR014C	YOL018C
YML007W	YNR010W
YDR143C	YER006W
YKL182W	YML100W
YHR135C	YNL314W
YBR211C	YPR046W
YNL132W	YNR054C
YFL034W	YHL019C
YJL020C	YOR047C
YBR105C	YGR054W
YKL054C	YKL117W
YGL212W	YNL263C
YLR410W	YML069W
YFL031W	YHR082C
YJL104W	YNL255C
YML056C	YOL115W
YGL151W	YPR070W
YNL101W	YPR028W
YER133W	YLR340W
YGR088W	YNR052C
YJL054W	YNR017W
YDR477W	YIL107C
YHR135C	YPL181W
YGR048W	YKL020C
YOR039W	YOR303W
YOR058C	YPL146C
YCR012W	YDL097C
YGR270W	YML069W
YHL020C	YKL166C
YBR126C	YJR138W
YDL027C	YHR082C
YKL171W	YOL104C
YIL094C	YPL061W
YML069W	YNL030W
YDR430C	YNL255C
YJR076C	YMR012W
YCR073C	YJL089W
YKR011C	YKR048C
YML007W	YPL016W
YNL248C	YOR341W
YGL011C	YGR135W
YCR077C	YPR178W
YDR388W	YFR004W
YCR093W	YDR145W
YKL029C	YOR151C
YML007W	YMR112C
YDL005C	YGL151W
YHR082C	YPL048W
YJR104C	YNL135C
YIR001C	YNL138W
YMR061W	YOL123W
YFR047C	YNL255C
YDR510W	YHR187W
YJL138C	YMR083W
YFL001W	YJL164C
YEL051W	YGL006W
YNL081C	YNL197C
YBR107C	YIR010W
YLR117C	YNL147W
YJL164C	YPL100W
YGL111W	YNL082W
YBR086C	YJR045C
YDR347W	YKL155C
YCR084C	YGL025C
YGL158W	YLR055C
YGR092W	YGR223C
YJR153W	YNL197C
YMR304W	YOR326W
YHR094C	YLL006W
YIL034C	YIL062C
YKR072C	YML016C
YGL059W	YHR082C
YOR273C	YPL221W
YBR194W	YEL015W
YDR195W	YLR277C
YER049W	YFR004W
YDL214C	YHR139C
YHR073W	YJL164C
YDR308C	YNL236W
YCL059C	YMR093W
YER173W	YOR217W
YDL181W	YKR054C
YBR137W	YOL111C
YDL060W	YNR054C
YNL075W	YNL255C
YDR507C	YIL010W
YDR162C	YML109W
YJR050W	YPL213W
YGR092W	YKL140W
YNL206C	YNL255C
YDR224C	YPR019W
YEL034W	YMR012W
YBL097W	YFR031C
YBL040C	YDR331W
YGR092W	YJL098W
YFL013C	YPR133C
YLR117C	YMR125W
YHR105W	YOR292C
YER172C	YNR053C
YBR058C	YDR388W
YBL042C	YNL197C
YCL014W	YHR135C
YGL212W	YPL232W
YGR028W	YPL031C
YGL178W	YGR040W
YCL032W	YGL133W
YER094C	YNL255C
YKL067W	YNL189W
YOR351C	YPL100W
YDR382W	YGL076C
YFR024C-A	YOR247W
YJL187C	YPR119W
YKL129C	YOR047C
YIL075C	YKL145W
YCR077C	YDL184C
YDL115C	YMR291W
YKR096W	YPR129W
YJL106W	YMR001C
YDR377W	YML081C-A
YDR235W	YER029C
YMR001C	YNL189W
YBL030C	YBL045C
YAL068C	YGL158W
YDR510W	YER029C
YIR010W	YOR039W
YEL013W	YJL151C
YMR099C	YPL231W
YDR388W	YGL090W
YHR027C	YKL029C
YCR009C	YNL094W
YFR004W	YPL061W
YMR031C	YPL004C
YML069W	YPR052C
YDR510W	YER155C
YBL093C	YML007W
YKL166C	YMR120C
YDL029W	YIL062C
YNL162W	YNL255C
YDL060W	YDR224C
YGL156W	YJL074C
YKR092C	YNL112W
YKL159C	YOR351C
YCL031C	YLR310C
YJR010C-A	YLR185W
YDL077C	YMR231W
YGL090W	YLR424W
YKL012W	YPR182W
YBR081C	YDR510W
YJL164C	YNL098C
YAL060W	YAL061W
YDR377W	YPL078C
YBR253W	YGL025C
YLR293C	YOR160W
YFR004W	YML085C
YJL020C	YJR149W
YGL158W	YHL027W
YDR057W	YKL145W
YBR264C	YNL044W
YLR354C	YNL053W
YKR086W	YLL036C
YHR158C	YJR059W
YDR190C	YGL167C
YMR186W	YOR007C
YML109W	YNL298W
YDR510W	YKR010C
YKL196C	YNL255C
YJL164C	YOR386W
YBR207W	YDR284C
YMR080C	YOL123W
YJL107C	YJL138C
YBL050W	YNL255C
YJL005W	YPR152C
YBL097W	YDR388W
YDR363W-A	YJR084W
YKR083C	YNL255C
YNR053C	YPL249C-A
YHL029C	YNL032W
YKL210W	YPR080W
YDL185W	YFR004W
YLR245C	YOL111C
YJR047C	YNL197C
YHR158C	YPR119W
YDR229W	YOR181W
YBL093C	YOL051W
YAL059W	YNL255C
YNL255C	YOR179C
YFR004W	YOR042W
YBR221C	YLR418C
YBL047C	YFR004W
YNL182C	YPL031C
YHR174W	YHR200W
YIL038C	YOR351C
YKL022C	YOR249C
YGR276C	YKL171W
YBL026W	YIL066C
YGR214W	YPR129W
YDR138W	YER013W
YJR138W	YLR096W
YCL035C	YDR507C
YKL196C	YLR026C
YGL111W	YOR005C
YLR074C	YMR142C
YHR174W	YPR152C
YKL067W	YNL030W
YDL179W	YDR388W
YHR082C	YPL031C
YBR072W	YIL126W
YBR272C	YGL004C
YDR456W	YIR022W
YDR247W	YGR249W
YFR004W	YGR200C
YHR135C	YOL153C
YCR024C-A	YLR241W
YKL065C	YKL212W
YER177W	YLR433C
YGL100W	YLR096W
YGL238W	YNL189W
YLR033W	YPL139C
YDL215C	YMR304W
YER032W	YLR144C
YBL050W	YKL196C
YLL036C	YMR125W
YJL084C	YPR029C
YER157W	YJR010C-A
YDR216W	YOL148C
YKL129C	YOR247W
YGR055W	YJL151C
YLR340W	YNL255C
YGL006W	YPL006W
YGR229C	YLR332W
YDR388W	YOR329C
YKL166C	YNL227C
YDR510W	YGR214W
YER172C	YPR082C
YDR054C	YFL029C
YGR077C	YOL044W
YFL024C	YGL158W
YBL026W	YNL118C
YDR381W	YJR045C
YDR027C	YLR262C
YHR079C	YPL128C
YGR054W	YML010W
YDL117W	YOL070C
YDL044C	YMR083W
YDL155W	YIL106W
YER112W	YER146W
YDR330W	YOL133W
YIL105C	YLR423C
YMR105C	YMR199W
YGL194C	YKR029C
YMR268C	YPR082C
YDL185W	YHR200W
YFR004W	YOL040C
YHR135C	YIL077C
YGL025C	YHR058C
YML056C	YOR360C
YBL003C	YJR010C-A
YNL197C	YPL128C
YGR080W	YNL138W
YKR001C	YMR072W
YDL002C	YKR001C
YDL126C	YML013W
YKL006W	YNL124W
YHL022C	YLR329W
YDR143C	YGR192C
YJL001W	YML092C
YER126C	YNL255C
YHR027C	YPL048W
YGR270W	YKR008W
Q0120	YLR382C
YDR308C	YLR315W
YDR392W	YEL009C
YKL114C	YKL164C
YDR404C	YNL251C
YBR214W	YDL047W
YGR192C	YKL129C
YDR448W	YGR142W
YCR065W	YJR102C
YLR357W	YPR034W
YCR009C	YDR381W
YJL165C	YMR076C
YBR233W	YNL075W
YCR105W	YHR082C
YDR148C	YNL255C
YGR258C	YLR005W
YDL002C	YOR141C
YER125W	YER177W
YGL158W	YKR048C
YPL221W	YPR138C
YDR388W	YGL106W
YLR102C	YPL031C
YDR323C	YMR231W
YGR200C	YNL078W
YGR092W	YNR006W
YDR477W	YLR242C
YDR174W	YLR022C
YCL028W	YOL051W
YDL019C	YGR092W
YLL004W	YPL138C
YDL184C	YER146W
YCR051W	YFR004W
YPR081C	YPR154W
YDR080W	YLR093C
YBR142W	YGL111W
YER033C	YPL031C
YNL197C	YPL069C
YFR031C	YML010W
YGL238W	YGR214W
YDR448W	YHR079C
YNL255C	YPR086W
YKL145W	YPR080W
YLR362W	YMR139W
YDR384C	YPR156C
YCL031C	YDR162C
YBR264C	YJL187C
YHR026W	YOR092W
YBL050W	YOL018C
YHL018W	YNL189W
YLR314C	YNL078W
YDR448W	YDR510W
YDL115C	YJL187C
YDR224C	YGL133W
YER029C	YPR082C
YDR477W	YOL069W
YLR025W	YNL265C
YHR152W	YPR152C
YFR024C-A	YMR127C
YLR287C	YML029W
YJL020C	YLR206W
YBR036C	YHR026W
YER019C-A	YOR103C
YHR200W	YOR027W
YJL090C	YLR072W
YFR004W	YGL206C
YBR274W	YKL210W
YNL189W	YOR020C
YER105C	YMR129W
YHR027C	YOR375C
YGR136W	YOR181W
YDL029W	YDL149W
YDR084C	YOL018C
YDR293C	YGR092W
YHL011C	YOL061W
YDL206W	YNL197C
YDR142C	YKL103C
YBL075C	YOR027W
YJL196C	YNL101W
YNL255C	YPR133C
YER112W	YLL036C
YGR120C	YLR423C
YHR124W	YPR117W
YDR505C	YJR059W
YDR510W	YPR103W
YDR381W	YKR092C
YLR134W	YPL031C
YKL145W	YPL248C
YDR006C	YFR004W
YKL207W	YKR076W
YDL029W	YNL189W
YDR457W	YKL029C
YDR138W	YOR151C
YKL010C	YML085C
YGR129W	YLR117C
YNL197C	YNL322C
YGL077C	YIL105C
YLR241W	YNR060W
YKL022C	YMR001C
YNL206C	YNR052C
YIL109C	YKL171W
YGR270W	YLR197W
YDR405W	YKR006C
YHL011C	YOR090C
YIR038C	YJL117W
YMR093W	YNL075W
YDL203C	YPL031C
YER133W	YER177W
YFL007W	YML092C
YDR174W	YDR283C
YFL023W	YJL106W
YHR155W	YNL197C
YDL126C	YFL044C
YNL248C	YPR178W
YFR004W	YNR017W
YCR066W	YNL312W
YIL063C	YKL054C
YHL018W	YJL098W
YHR200W	YLR109W
YGL025C	YNR010W
YGR130C	YPL004C
YER125W	YHR131C
YBR234C	YLR241W
YGL003C	YKR048C
YJR076C	YMR304W
YIL035C	YJR096W
YCR017C	YGR052W
YFL037W	YKL010C
YDR074W	YER178W
YML058W	YNL310C
YHR200W	YMR012W
YBR080C	YNL015W
YIL031W	YMR001C
YFR004W	YJL020C
YDL155W	YGR092W
YFR004W	YJL001W
YKL203C	YOL030W
YAL028W	YNL197C
YHR058C	YOL135C
YGR268C	YNL255C
YBR126C	YML100W
YJR022W	YNL118C
YIL066C	YLR163C
YDL185W	YEL027W
YBR087W	YDR229W
YIL149C	YNL225C
YDL002C	YDR510W
YHL027W	YMR032W
YCR084C	YDL126C
YKL171W	YMR184W
YHL030W	YHR200W
YDR190C	YDR485C
YHR161C	YIR006C
YBL074C	YDR283C
YML010W	YMR061W
YBR041W	YIL124W
YBL026W	YCR066W
YJL110C	YJL164C
YDR229W	YMR001C
YDL051W	YHR089C
YFR004W	YNL135C
YBR080C	YPL070W
YFL033C	YNL157W
YLR424W	YMR125W
YFL007W	YJL001W
YDR424C	YIL115C
YBR107C	YDR254W
YBL064C	YHR079C
YDR510W	YOR217W
YER146W	YLR117C
YGR120C	YNL086W
YGL092W	YLR208W
YBR036C	YDL015C
YML091C	YMR036C
YBR080C	YLR078C
YIL142W	YOR281C
YKL145W	YPR108W
YEL056W	YHR118C
YER166W	YIR006C
YBR168W	YLR324W
YER006W	YPL146C
YGR258C	YIL143C
YIL109C	YPR181C
YGR040W	YIL142W
YER125W	YGL219C
YDR254W	YLR315W
YDR293C	YPR152C
YFR052W	YHL030W
YDR388W	YGL226W
YCL010C	YDR448W
YDL190C	YJL030W
YDR227W	YNL206C
YML010W	YPR187W
YDR084C	YHR105W
YDL164C	YLR276C
YDR016C	YKL052C
YBR041W	YJR009C
YDR452W	YNL255C
YGR109C	YPL256C
YHR031C	YKL054C
YHR082C	YOR181W
YCL059C	YLR186W
YKL203C	YNL076W
YKL114C	YNL189W
YIL075C	YPR108W
YNL255C	YOR196C
YJL164C	YKR100C
YKL212W	YML029W
YNL225C	YNL255C
YJL098W	YNL076W
YDL126C	YLR377C
YKL145W	YNL255C
YDL239C	YNL225C
YDR059C	YPR103W
YER112W	YJL155C
YJL164C	YKR084C
YJR059W	YLL043W
YDR381W	YHR118C
YDR381W	YOL115W
YER095W	YOR151C
YDR510W	YFL045C
YLR293C	YOR112W
YDR216W	YPR086W
YGR084C	YJR113C
YAL010C	YLL006W
YBR200W	YGL212W
YBR126C	YOR089C
YGR200C	YOL113W
YLR005W	YNL255C
YHR058C	YPL248C
YDR510W	YOR251C
YLR238W	YPL031C
YER157W	YGR120C
YBR253W	YPR070W
YHR034C	YPR137W
YFL023W	YHR082C
YBL074C	YER172C
YDR310C	YDR510W
YKL054C	YNR052C
YFL033C	YOR380W
YHR200W	YKR039W
YEL051W	YMR120C
YMR068W	YOR181W
YHR200W	YJL014W
YOL051W	YPR025C
YGL019W	YKL112W
YHL004W	YPR080W
YBL030C	YJR048W
YDR388W	YJR139C
YKR014C	YOR089C
YDR142C	YMR095C
YFR003C	YKL193C
YDL030W	YPR082C
YJR045C	YKR048C
YOR229W	YOR283W
YDR283C	YGL190C
YBR270C	YJR059W
YDL047W	YOL018C
YGR040W	YLR310C
YGL212W	YJR040W
YDR190C	YPL082C
YKR014C	YPR028W
YGL105W	YGR092W
YBR205W	YFL038C
YGL001C	YLR350W
YBR086C	YJL106W
YBR273C	YDL190C
YMR311C	YOL001W
YIR010W	YLR033W
YHR089C	YNL124W
YBL010C	YNL317W
YDL015C	YKL065C
YBL091C-A	YIR038C
YDR174W	YKR092C
YOL006C	YPR019W
YKL129C	YNL298W
YGL133W	YIL126W
YER125W	YPL146C
YIR010W	YML010W
YJL164C	YPR091C
YCR084C	YNL167C
YBL093C	YDR308C
YER029C	YLR424W
YDR365C	YGL019W
YHR027C	YMR217W
YAL028W	YMR186W
YDL145C	YER112W
YBR034C	YHR027C
YJL151C	YNL204C
YKL065C	YLR034C
YJL084C	YJR059W
YER029C	YNL147W
YNL197C	YPL165C
YBR005W	YER125W
YIL108W	YML105C
YAL014C	YKL196C
YDL184C	YNL255C
YGR142W	YOL018C
YGR180C	YOR230W
YOR016C	YPR198W
YGL190C	YNL030W
YIR038C	YJL097W
YER094C	YHR200W
YDL030W	YPL146C
YNL074C	YOR351C
YMR012W	YOR109W
YLR072W	YLR249W
YGL194C	YHR119W
YDR381W	YNL051W
YDR448W	YPL135W
YKL159C	YKL190W
YHR105W	YPL246C
YDL054C	YGR174C
YLR324W	YPR028W
YDR510W	YER125W
YLR106C	YMR012W
YAL028W	YNL298W
YLR455W	YNL248C
YDR224C	YPL128C
YCL028W	YKL040C
YHR027C	YLR075W
YJR025C	YPR054W
YBL003C	YJL081C
YHR105W	YNL044W
YIL106W	YNR052C
YHR089C	YNL255C
YKL010C	YLL036C
YDR031W	YNL255C
YNL255C	YOR167C
YDR045C	YIL122W
YGL194C	YMR273C
YPL193W	YPL235W
YJL164C	YLL043W
YNL255C	YPL061W
YLR072W	YLR173W
YFR052W	YIR011C
YBR049C	YPL082C
YKL028W	YNR029C
YLR332W	YNL197C
YDL030W	YLR424W
YBL030C	YER053C
YJL165C	YPR013C
YDL135C	YPL141C
YNL255C	YPR178W
YLR197W	YPR178W
YDR270W	YNL259C
YDR485C	YPL235W
YCR043C	YJL151C
YAL059W	YMR124W
YGR052W	YJL105W
YHR023W	YLR423C
YDR162C	YOL028C
YIL034C	YPL031C
YER008C	YPR055W
YFR004W	YMR027W
YDR148C	YDR510W
YBR200W	YMR197C
YAL040C	YLR096W
YDR392W	YPL082C
YJR059W	YLL038C
YBR034C	YHR089C
YKL203C	YOR326W
YEL015W	YPR152C
YHR027C	YJR007W
YFL037W	YKL029C
YDR523C	YKR046C
YHL030W	YPR103W
YLR277C	YNL222W
YLR355C	YLR442C
YDR143C	YPR019W
YKL129C	YNL255C
YHR027C	YNR043W
YDR328C	YJR123W
YBR084W	YLR340W
YJL106W	YPL267W
YDR411C	YLR207W
YBR019C	YBR274W
YGL172W	YOR160W
YIL149C	YLL015W
YBR273C	YDR411C
YLR035C	YMR167W
YOL127W	YPL143W
YER142C	YOL016C
YKR048C	YOL115W
YNL138W	YOR122C
YFL023W	YJL164C
YDR145W	YOL148C
YBL030C	YBR194W
YGL213C	YOR076C
YEL009C	YPR046W
YER157W	YLR026C
YGL190C	YMR036C
YHR158C	YNL084C
YOR158W	YPL013C
YNL030W	YNL157W
YFR004W	YLR293C
YDR285W	YMR117C
YNL227C	YPL031C
YBR083W	YDR510W
YDR227W	YFL045C
YFL038C	YNL044W
YDR330W	YJL187C
YFR004W	YJR139C
YER023W	YNL259C
YFL033C	YOL001W
YBR272C	YDL097C
YGR178C	YGR270W
YEL051W	YNL250W
YCR009C	YPL140C
YGL011C	YHR200W
YJL164C	YNL149C
YDR073W	YOL051W
YJL005W	YNL138W
YJL151C	YLR144C
YLR410W	YOL001W
YGL011C	YIL099W
YDR130C	YNL161W
YFR004W	YPR181C
YFR004W	YGR253C
YLL036C	YNL178W
YBR107C	YLR315W
YIL156W	YJR059W
YAL028W	YKL171W
YGR092W	YOL143C
YJR076C	YKR048C
YBR110W	YDL015C
YCL029C	YPL155C
YJR094C	YMR139W
YBR019C	YLR170C
YDR116C	YHL004W
YDL155W	YGL003C
YBR194W	YMR072W
YKL029C	YKL182W
YGL077C	YGR055W
YLR433C	YML057W
YDR510W	YJR104C
YAR068W	YNL255C
YJL164C	YOR054C
YGL001C	YMR202W
YLR399C	YOR039W
YIR010W	YJR076C
YGR270W	YIR010W
YBL003C	YHR167W
YHR014W	YJL138C
YHR200W	YKL145W
YDR195W	YNL317W
YJL104W	YOL082W
YFR004W	YNL189W
YGL238W	YOR185C
YER012W	YNR016C
YDR148C	YDR388W
YER104W	YNL312W
YBR278W	YDR388W
YNL124W	YNL178W
YKL145W	YPR152C
YKL002W	YNL255C
YBR194W	YPL004C
YBL079W	YGL172W
YHL002W	YNL094W
YDR118W	YKL022C
YBR200W	YCL005W
YIR010W	YNL068C
YBL047C	YHR135C
YEL012W	YHR205W
YDR225W	YML069W
YIL094C	YNL304W
YOL027C	YOR158W
YJR123W	YLL036C
YBR039W	YDL047W
YEL023C	YMR104C
YDL126C	YDR411C
YGR130C	YOR181W
YJL210W	YNL214W
YGR054W	YNL132W
YHR027C	YMR246W
YBR133C	YNL094W
YHL002W	YNR016C
YFL050C	YJR059W
YAR018C	YOL113W
YDL030W	YDR485C
YER172C	YNR016C
YDR411C	YML013W
YHR066W	YIL035C
YDR080W	YMR048W
YCR051W	YNL255C
YLR197W	YMR304W
YLR075W	YNL255C
YBR290W	YJL196C
YBL045C	YHR027C
YJR050W	YLR117C
YML007W	YNL236W
YHR200W	YLL050C
YGR270W	YPR019W
YBR168W	YHR150W
YFR051C	YPL246C
YDR254W	YGL060W
YGL001C	YHR190W
YFL045C	YMR059W
YPL004C	YPL164C
YDR131C	YPR093C
YDR145W	YER029C
YGL077C	YOL105C
YDR510W	YOR032C
YLR170C	YNL255C
YDL030W	YPR152C
YJL165C	YPR160W
YIL125W	YMR121C
YGR250C	YML056C
YBR132C	YGL006W
YDR404C	YJL164C
YGR200C	YKL166C
YER021W	YFR019W
YBR221C	YCR079W
YKL052C	YNL255C
YDR138W	YJR032W
YER006W	YLR406C
YER012W	YER177W
YDL065C	YJL210W
YNR004W	YPL157W
YDL164C	YNL044W
YHR158C	YKL166C
YDL159W	YIL113W
YNL125C	YNL197C
YML069W	YOR039W
YIL038C	YNL161W
YER126C	YNR053C
YER136W	YKR014C
YDL077C	YNL147W
YBR223C	YCL028W
YEL054C	YNL255C
YDR347W	YJR060W
YDR381W	YNL317W
YHR135C	YOL070C
YGL019W	YLR399C
YML056C	YPR152C
YBL011W	YJL187C
YCL047C	YGR040W
YFL023W	YNL255C
YBR199W	YLR026C
YJL070C	YKL166C
YBR142W	YGL059W
YLR249W	YPL131W
YJR125C	YPR029C
YDR254W	YPL233W
YDR477W	YGL115W
YKL213C	YMR067C
YJL074C	YML010W
YIL077C	YOL135C
YHR135C	YKL210W
YBL037W	YNL265C
YGL219C	YLR368W
YMR086W	YPL004C
YJL164C	YOR141C
YDL226C	YLR026C
YDL019C	YGL059W
YNL149C	YPL031C
YDR457W	YLL021W
YDR224C	YNL255C
YER006W	YIL035C
YDL185W	YEL023C
YNL081C	YOL027C
YBL030C	YJL143W
YGR249W	YJR059W
YBL106C	YFL013C
YGR181W	YNR017W
YKL117W	YMR186W
YDR382W	YHR027C
YHR205W	YIL153W
YDL008W	YLR102C
YDR510W	YML085C
YDR254W	YLR381W
YDL171C	YMR117C
YDR307W	YER026C
YDL203C	YER012W
YDR227W	YMR219W
YNL055C	YNL157W
YDR460W	YLR005W
YLR009W	YLR276C
YDL029W	YJR065C
YBL022C	YGR040W
YCL032W	YDR507C
YDR510W	YJL081C
YDR361C	YPL208W
YCR023C	YJR059W
YDR145W	YLR055C
YDR086C	YFR004W
YDL226C	YDR510W
YFL062W	YOR092W
YKL212W	YPR028W
YDR465C	YNL255C
YFL001W	YPL031C
YBR083W	YNL197C
YDR208W	YJL164C
YDR328C	YNL093W
YHR200W	YPR118W
YDR381W	YML056C
YIL068C	YNR049C
YFR024C-A	YGL181W
YFR004W	YGL202W
YDR189W	YOR075W
YDR510W	YLR277C
YKL122C	YML105C
YER177W	YIR010W
YBL047C	YNL124W
YER164W	YMR125W
YBR043C	YGR157W
YER125W	YMR120C
YHR027C	YLR134W
YLR332W	YOR104W
YDL214C	YKR092C
YBR036C	YDR276C
YDR266C	YML010W
YMR043W	YNL068C
YDR379W	YJL164C
YBR234C	YDR510W
YGL011C	YJL001W
YJL164C	YMR290C
YFL029C	YPR054W
YDL015C	YOR016C
YHR082C	YNL182C
YBR272C	YGR040W
YIL017C	YNL255C
YER155C	YKL203C
YGR136W	YKL117W
YDR124W	YMR188C
YBR036C	YEL027W
YDL214C	YNR006W
YCR033W	YOL068C
YFR004W	YPL079W
YJL164C	YNL227C
YGL172W	YNL189W
YBR194W	YGL106W
YDR318W	YNL189W
YDL214C	YDL220C
YDR088C	YER013W
YER125W	YMR171C
YDL002C	YPL141C
YCL028W	YIR010W
YBR110W	YDR307W
YDR365C	YDR381W
YGR040W	YLR324W
YNL197C	YPR149W
YDR411C	YJL106W
YKL103C	YOL001W
YDR146C	YOL001W
YBL026W	YJR022W
YER024W	YJL187C
YAL007C	YDL054C
YLL021W	YPL140C
YCL001W	YLR026C
YHR200W	YOR298C-A
YBR041W	YMR246W
YAL023C	YDL126C
YCR004C	YFR004W
YDR448W	YER164W
YKL150W	YPL031C
YNL124W	YPL249C-A
YAL027W	YDR510W
YJL151C	YKL094W
YFL038C	YLR078C
YDR468C	YLL043W
YKL171W	YNL167C
YEL059C-A	YMR150C
YNL189W	YOL142W
YGL059W	YJR049C
YBR253W	YPR086W
YDR059C	YPR093C
YHR119W	YLR015W
YHR200W	YNL178W
YDR155C	YMR036C
YLR179C	YPL004C
YDR388W	YKL129C
YJL164C	YPR115W
YJR091C	YLR420W
YJR093C	YLR277C
YKL059C	YMR061W
YHR135C	YJR044C
YGR270W	YIL126W
YNL074C	YNL197C
YEL015W	YJL014W
YBR135W	YGR108W
YDL185W	YNR052C
YHR082C	YMR214W
YEL071W	YFR004W
YNL248C	YPR187W
YDL223C	YFR004W
YHR200W	YOR270C
YIL073C	YJL074C
YKL013C	YOR181W
YFR024C-A	YPL031C
YEL032W	YJR059W
YGL133W	YJL065C
YBR253W	YOL135C
YOR181W	YOR317W
YBR044C	YBR221C
YMR032W	YPL084W
YBR221C	YDR510W
YOL051W	YOL135C
YJL070C	YJL164C
YLR417W	YLR452C
YDR477W	YNL236W
YLR243W	YOR258W
YBL003C	YLR022C
YBR211C	YIR010W
YDL116W	YJL117W
YDL171C	YPL031C
YCL010C	YMR223W
YHR135C	YLL043W
YCR073W-A	YDR247W
YLR333C	YML056C
YNL092W	YOR329C
YPL082C	YPR073C
YBR180W	YKL117W
YPL249C	YPR154W
YJL106W	YNL312W
YNL236W	YOL135C
YGR214W	YNL255C
YLR055C	YPL082C
YKL103C	YOL145C
YIL153W	YNL021W
YKL112W	YOR039W
YDL051W	YPR178W
YHL019C	YHR135C
YHR082C	YMR302C
YBR086C	YHR082C
YDR284C	YPR079W
YHR200W	YPL048W
YBR103W	YOL068C
YGL238W	YIL094C
YIL016W	YKL212W
YDL065C	YMR163C
YHL042W	YIL016W
YNL021W	YOL090W
YGR249W	YMR139W
YBL042C	YER021W
YGL212W	YOL129W
YNL197C	YNR044W
YEL013W	YPR149W
YDR388W	YPL249C-A
YCL055W	YGL192W
YOL053W	YPL031C
YDR224C	YOR141C
YMR167W	YOR155C
YFL018C	YFR049W
YDL188C	YHR152W
YEL048C	YPL031C
YPL031C	YPR119W
YDR190C	YIL094C
YER178W	YHR200W
YBR110W	YDR331W
YMR186W	YNR032W
YIL068C	YPR055W
YBR111C	YLR245C
YJL020C	YLR337C
YIL002C	YJL083W
YDR510W	YER039C
YDR382W	YKL166C
YJL001W	YPR180W
YHR070W	YNL138W
YGL158W	YOL070C
YBR148W	YPL018W
YFR004W	YIL142W
YGR092W	YMR196W
YER133W	YHR082C
YFR004W	YOL016C
YBL075C	YPR119W
YHR119W	YIL142W
YJR103W	YKL117W
YDR074W	YHR200W
YBL026W	YLR074C
YCR098C	YNL008C
YHR135C	YLR355C
YDR496C	YMR121C
YDR335W	YOR112W
YAL027W	YOL090W
YDR381W	YOL033W
YDR255C	YIL097W
YIR010W	YPL231W
YDL029W	YKL129C
YKR095W	YNL255C
YCL032W	YMR117C
YJL164C	YMR316W
YER112W	YJL110C
YFR004W	YPL048W
YDR189W	YHR094C
YGL151W	YNL236W
YDR057W	YOL013C
YBR221C	YDL239C
YBR257W	YHR062C
YNL251C	YOL115W
YDR143C	YIL034C
YDL079C	YJL014W
YHR135C	YKL166C
YBL026W	YPR178W
YBL106C	YIL033C
YEL056W	YLL004W
YCR020W-B	YPR034W
YER012W	YPR080W
YDR293C	YJL164C
YDL185W	YHR027C
YCR009C	YNL255C
YER125W	YJL151C
YJR059W	YPR160W
YER068W	YIR010W
YLL018C-A	YPL031C
YDL195W	YOL127W
YDR085C	YMR059W
YHL030W	YKL029C
YDR405W	YJL143W
YBR128C	YPL120W
YDL149W	YLR065C
YBL003C	YHR089C
YDR510W	YPL128C
YHR207C	YJL164C
YIL132C	YLR376C
YLR055C	YOL051W
YGR040W	YPR115W
YIL094C	YKR003W
YCR077C	YML109W
YBL050W	YFR004W
YHR118C	YLL004W
YHR135C	YNR019W
YDL145C	YIL076W
YHL004W	YPL255W
YDR130C	YDR201W
YJR138W	YMR304W
YBR039W	YJR007W
YJL164C	YML010W
YBR103W	YMR061W
YDR453C	YIL039W
YKL182W	YPR152C
YNL160W	YOL133W
YDR027C	YDR468C
YDR507C	YLR242C
YER125W	YPR187W
YDL220C	YNL075W
YFL031W	YHR079C
YDR145W	YDR392W
YBR137W	YOR007C
YJR059W	YNL045W
YMR117C	YOL028C
YFR024C-A	YIR010W
YGL056C	YGL077C
YER012W	YOL145C
YEL009C	YPL016W
YGR120C	YOR158W
YDR224C	YLR357W
YHR135C	YIL156W
YIL105C	YOR181W
YIR007W	YPR080W
YLR418C	YNL189W
YDR523C	YKL023W
YDR247W	YMR140W
YCR061W	YLL048C
YEL025C	YLR452C
YDR190C	YJL081C
YGR129W	YJL164C
YGR006W	YPL016W
YHR027C	YKL157W
YJL151C	YPR139C
YFR004W	YOR317W
YBR177C	YOL018C
YPL248C	YPR056W
YIL125W	YOR005C
YCR044C	YDR331W
YIR037W	YML070W
YHR152W	YPL061W
YKL167C	YOL016C
YDR382W	YJR123W
YJL151C	YML013W
YFR035C	YPL031C
YER021W	YIR025W
YCL009C	YER012W
YBL003C	YLR442C
YIL156W	YMR032W
YIL050W	YLR190W
YHL042W	YNL329C
YBR052C	YIR037W
YAL059W	YMR186W
YER029C	YKL012W
YHR167W	YPR046W
YAL010C	YHR083W
YJL164C	YLL038C
YDR490C	YHR207C
YCL014W	YDR388W
YBR177C	YKL140W
YER095W	YHR058C
YHR200W	YJL088W
YDR358W	YGL206C
YDL210W	YJL106W
YER106W	YER130C
YGR092W	YGR200C
YJR009C	YMR031C
YHR005C	YLR240W
YGL167C	YIL146C
YDL188C	YGR135W
YDR477W	YHR205W
YLL004W	YPL001W
YDR382W	YER146W
YDR238C	YJL151C
YDL072C	YFR004W
YHR152W	YIL105C
YBR103W	YDL185W
YGR270W	YPL116W
YDR190C	YLR399C
YDL097C	YFR052W
YBL075C	YLR345W
YDR381W	YML103C
YDR190C	YER100W
YLL036C	YNL147W
YIL107C	YMR139W
YDR174W	YMR140W
YDL078C	YOL147C
YIR016W	YNL161W
YDL098C	YPR082C
YAL056W	YJL164C
YDL115C	YNL255C
YDR229W	YHR135C
YBL047C	YJL187C
YBR257W	YGR030C
YBR039W	YPL078C
YGL158W	YJR142W
YML010W	YNL132W
YMR246W	YOL133W
YMR032W	YOR264W
YLR249W	YMR186W
YHR183W	YKL085W
YBL075C	YOR181W
YNL078W	YPL269W
YLR186W	YPR137W
YGR052W	YOR341W
YDR477W	YGL208W
YBR272C	YKL145W
YNL314W	YOR304C-A
YBL003C	YPR008W
YCR009C	YDL044C
YOR347C	YOR370C
YNL112W	YOL127W
YJL054W	YJL104W
YGR135W	YGR253C
YBR039W	YPL256C
YBL056W	YMR246W
YER021W	YPR119W
YKL166C	YPL138C
YGR109C	YNL197C
YBR194W	YDL126C
YBL003C	YOR341W
YDL126C	YML029W
YDR505C	YPR154W
YCR012W	YER133W
YDR453C	YML028W
YCR073C	YDL125C
YGR167W	YOR231W
YGR040W	YMR319C
YGR192C	YGR232W
YER172C	YGL100W
YHR026W	YPR156C
YDL203C	YER125W
YDR328C	YMR186W
YOL051W	YPR086W
YNR010W	YOL051W
YDR510W	YPL082C
YMR214W	YNL255C
YGR289C	YIL016W
YBL075C	YNL250W
YFR004W	YNL055C
YBR272C	YHR200W
YIR010W	YMR031C
YCR012W	YOL135C
YDR137W	YJR059W
YDR347W	YHL004W
YHL030W	YKL145W
YLR102C	YOR249C
YGL003C	YHR135C
YDR229W	YPL031C
YLL017W	YNL098C
YAL014C	YJR125C
YDR510W	YPL181W
YMR035W	YMR150C
YIL109C	YLR026C
YDR224C	YLR133W
YLR197W	YMR290C
YER034W	YPL031C
YDR145W	YLR390W
YER054C	YGR052W
YNL093W	YNL263C
YHR119W	YJL014W
YLR106C	YNR053C
YDR216W	YDR477W
YBR081C	YGL252C
YER006W	YNL182C
YIL126W	YJR094C
YGR178C	YLR340W
YOR181W	YPL180W
YCL035C	YFR004W
YGL227W	YJL106W
YKL203C	YMR068W
YDR361C	YER086W
YDR080W	YKR014C
YBR194W	YDR293C
YLR109W	YPL001W
YDR118W	YMR001C
YGL158W	YPL031C
YBL037W	YNL118C
YDR195W	YOR179C
YCL035C	YKL198C
YBR049C	YNL178W
YER164W	YML069W
YBL045C	YNL255C
YBL003C	YML103C
YFR052W	YOR257W
YGR052W	YMR284W
YJL098W	YOR048C
YCR093W	YDR190C
YER112W	YMR304W
YGL106W	YKR010C
YDR143C	YNL197C
YKL171W	YKR097W
YLR186W	YNL132W
YGL162W	YNL298W
YCR043C	YFL062W
YDR510W	YLR058C
YMR304W	YPR115W
YFL024C	YJR082C
YDR141C	YGR055W
YGR030C	YMR117C
YDR507C	YNL246W
YDL243C	YHR135C
YDL015C	YHR026W
YIR010W	YLR249W
YGR016W	YMR104C
YHR023W	YPR188C
YDL047W	YJL098W
YFR024C-A	YPR055W
YLR319C	YOR351C
YGL212W	YJL151C
YJL138C	YPL141C
YMR214W	YPL233W
YDR510W	YOL030W
YIL101C	YNL197C
YOL142W	YOR076C
YIL016W	YJR010C-A
YDR388W	YPL249C
YDR174W	YJL074C
YJL176C	YPL248C
YBR162C	YDR143C
YEL013W	YLR246W
YJL187C	YOR326W
YLL055W	YPR062W
YDR074W	YML100W
YGR084C	YHR061C
YAL027W	YDR507C
YDR468C	YGR142W
YGR203W	YNL255C
YCR012W	YFR004W
YGL060W	YPR046W
YBR058C	YKR049C
YNL255C	YPL249C-A
YBL047C	YJR005W
YHR089C	YMR290C
YER012W	YFR004W
YIL126W	YKR001C
YML007W	YOL135C
YBR270C	YPL255W
YDR452W	YHR161C
YGL073W	YLR419W
YCL032W	YHR135C
YGL197W	YNL197C
YER106W	YMR001C
YGR092W	YLR058C
YEL009C	YOL051W
YDL117W	YNL078W
YDL060W	YEL054C
YGR203W	YNL314W
YJL100W	YOR181W
YCL031C	YDR388W
YER048C	YPL031C
YDL115C	YGL070C
YDR510W	YER111C
YML029W	YNL329C
YCR012W	YNL255C
YBR194W	YIL105C
YCL059C	YNL255C
YER021W	YGR232W
YCR077C	YDR293C
YGR167W	YIL096C
YDR388W	YGR098C
YJR102C	YLR417W
YDR190C	YNL255C
YHR026W	YIR038C
YKL093W	YMR139W
YHL006C	YIL132C
YDR477W	YJL103C
YKL193C	YMR139W
YLL049W	YLR423C
YER095W	YMR167W
YDL175C	YOL115W
YCR012W	YNL192W
YLR319C	YOR304C-A
YBL058W	YDR381W
YDR116C	YML025C
YIR010W	YPL082C
YGR258C	YOL044W
YIL148W	YNL255C
YBL093C	YCL028W
YBR200W	YIL140W
YNL246W	YPL141C
YGL025C	YMR112C
YIR010W	YNL132W
YLL050C	YMR059W
YDR155C	YMR038C
YDR510W	YJR153W
YDL126C	YGR270W
YER133W	YGL111W
YBL045C	YHR200W
YKL166C	YLR003C
YNL020C	YOR326W
YDR357C	YEL005C
YFR004W	YGR244C
YKL166C	YNR006W
YEL027W	YOR016C
YDR224C	YNL246W
YEL051W	YJR033C
YCR100C	YPL141C
YGL220W	YNL255C
YLR144C	YML013W
YGL076C	YML056C
YDR424C	YPR119W
YIL034C	YLR249W
YFR004W	YPL110C
YDR155C	YNL157W
YBR173C	YKR054C
YDL214C	YDR216W
YKR027W	YMR237W
YGR270W	YKR010C
YGR167W	YNL255C
YFL054C	YJR059W
YCL039W	YDR255C
YER006W	YPL249C-A
YFR004W	YKL181W
YCR073W-A	YJL164C
YHR058C	YMR112C
YER021W	YHL030W
YDR507C	YMR139W
YDR454C	YEL023C
YMR291W	YOR141C
YEL032W	YPR119W
YGL106W	YMR173W
YCL031C	YPR104C
YJR044C	YOL129W
YIL035C	YOL145C
YDR189W	YJL151C
YNL030W	YNL246W
YDR045C	YDR448W
YMR008C	YMR127C
YDL191W	YGL111W
YDL039C	YJL165C
YHL002W	YMR089C
YNL093W	YOR357C
YDR054C	YDR328C
YDL222C	YLL028W
YOR141C	YPL141C
YBR211C	YDR318W
YER133W	YIR006C
YER133W	YKL193C
YMR197C	YOL018C
YMR167W	YNL082W
YGL077C	YGR229C
YDR155C	YLR074C
YDR507C	YLR003C
YDR422C	YLR408C
YNL255C	YPR056W
YIL113W	YLL019C
YBL037W	YFR043C
YDR174W	YLR340W
YER133W	YHR158C
YDR510W	YLR293C
YLR075W	YNL178W
YBR253W	YCL028W
YPL004C	YPR152C
YCL055W	YDR118W
YBR207W	YDR141C
YBR036C	YER026C
YCR035C	YOL142W
YDR285W	YOL069W
YIL138C	YNL079C
YBR036C	YOR016C
YCR061W	YNL318C
YIL065C	YOR007C
YDL077C	YPL195W
YDR224C	YDR225W
YHL042W	YPR028W
YNL021W	YPL031C
YGR059W	YHR023W
YDR365C	YNL255C
YBR119W	YMR125W
YBR049C	YJR123W
YNL255C	YOL016C
YGR108W	YHR135C
YDL097C	YDL215C
YBL051C	YCR093W
YDL145C	YGL081W
YER094C	YGL011C
YGL208W	YML007W
YGL237C	YOR047C
YBR105C	YIL076W
YER157W	YMR010W
YOL051W	YPL082C
YFR021W	YGL190C
YGL003C	YMR001C
YLR295C	YNL197C
YBR194W	YNL112W
YDR276C	YDR331W
YCR084C	YMR012W
YDR484W	YLR262C
YJL214W	YLR093C
YDL020C	YFR052W
YDR457W	YLR249W
YGR098C	YMR001C
YKR021W	YPL031C
YDR225W	YPR052C
YDL215C	YML131W
YGR147C	YNL255C
YFR004W	YPL231W
YER164W	YGR270W
YFR004W	YNL112W
YDR044W	YOR257W
YLR452C	YML038C
YDR510W	YMR067C
YHR082C	YNL136W
YNL138W	YPR152C
YDL077C	YDR495C
YER020W	YOR273C
YDR490C	YPL004C
YDR422C	YGL115W
YBR272C	YFR004W
YNL298W	YOL113W
YNL165W	YNL255C
YER173W	YIL139C
YDR174W	YLR074C
YML016C	YOR273C
YCL028W	YOL111C
YMR120C	YNL247W
YFR019W	YFR021W
YJR059W	YOR083W
YHR131C	YIL035C
YER133W	YER167W
YLR055C	YOL148C
YGL023C	YJL164C
YBR194W	YDR050C
YBL091C-A	YML029W
YGR048W	YJL020C
YDL186W	YMR001C
YBR019C	YPL031C
YBR080C	YHR027C
YNL178W	YOL127W
YFR052W	YGR232W
YGR136W	YMR048W
YBL003C	YML069W
YGL006W	YGR163W
YCR091W	YPR160W
YKL018W	YMR061W
YFL038C	YNL041C
YLR277C	YNL317W
YBL074C	YER029C
YJR065C	YNR053C
YDL029W	YPR178W
YDR496C	YIL035C
YOL111C	YOR007C
YFR004W	YMR012W
YHR135C	YLR003C
YDL019C	YKL129C
YDR477W	YMR001C
YDR322C-A	YPL078C
YLR315W	YPL255W
YLR195C	YNL255C
YIL142W	YIR010W
YHR135C	YNL293W
YDL171C	YJR123W
YDR174W	YNL135C
YBR173C	YPR103W
YHR027C	YNL255C
YKL019W	YPL031C
YJL097W	YML029W
YBL058W	YPR168W
YOR219C	YOR357C
YOR151C	YPR187W
YKR008W	YPR034W
YDL047W	YNL255C
YOL070C	YPL031C
YHR146W	YIR010W
YBL026W	YPR082C
YGR132C	YNL255C
YFR024C-A	YMR253C
YGR145W	YNL255C
YDR190C	YHR135C
YOL096C	YOR125C
YIR038C	YML038C
YDL116W	YGL100W
YGR238C	YJL030W
YDR306C	YOL133W
YFR004W	YPR062W
YGR163W	YNL255C
YIR007W	YMR186W
YHR009C	YHR135C
YLR096W	YNL161W
YBL099W	YFR004W
YBL036C	YDR523C
YDL116W	YGL092W
YBL056W	YNL250W
YMR072W	YPR152C
YGR129W	YLL036C
YFL038C	YGR120C
YBL058W	YDR411C
YOL027C	YPL013C
YDR118W	YDR477W
YFL045C	YPL235W
YMR112C	YPR070W
YBR194W	YJL005W
YDR510W	YPR080W
YKL002W	YLR423C
YKL022C	YLR249W
YOL111C	YOR164C
YFL034W	YHR023W
YML058W	YOL006C
YKR089C	YLR144C
YDR054C	YNL236W
YDR254W	YNR062C
YDR480W	YGR040W
YIR025W	YJL058C
YLR096W	YOL082W
YDR036C	YGR084C
YKL166C	YKL171W
YLR284C	YOR180C
YFR004W	YJR048W
YER164W	YNL030W
YGL025C	YGL151W
YDR483W	YOL018C
YER125W	YML010W
YDL137W	YGR052W
YKL161C	YNL053W
YGL076C	YIR010W
YJR059W	YKL013C
YDR496C	YER006W
YDL051W	YER125W
YDR499W	YNL312W
YPL213W	YPR182W
YDL091C	YDL126C
YBR001C	YGL106W
YBR087W	YOL016C
YHR027C	YPL233W
YDR365C	YML010W
YBR052C	YHR094C
YNL084C	YOR181W
YIR010W	YMR072W
YGR276C	YJL164C
YLR273C	YNR034W
YCR024C	YER146W
YFR004W	YNL064C
YJR123W	YOL127W
YLR262C	YPR028W
YDR238C	YPL004C
YDR388W	YLR096W
YER133W	YMR001C
YDR314C	YIL105C
YBR080C	YHR200W
YOL082W	YPR049C
YMR093W	YPR137W
YDL097C	YKL145W
YDR477W	YMR290C
YER013W	YLL036C
YGR040W	YOR245C
YGL167C	YKR039W
YGR040W	YKL161C
YDR225W	YFL013C
YGL172W	YML092C
YOL060C	YPL031C
YBR194W	YKL022C
YMR012W	YNL234W
YGR120C	YLR026C
YML085C	YOR160W
YDR225W	YLR442C
YDL156W	YIR010W
YNL049C	YPR181C
YGL077C	YMR011W
YHR089C	YPR178W
YHR135C	YKL195W
YDR244W	YLR377C
YHR135C	YJR093C
YKL103C	YPR049C
YDR425W	YKL166C
YLR249W	YPR080W
YBL026W	YIL038C
YDR143C	YLR420W
YFR004W	YJL014W
YHL002W	YLR144C
YPR082C	YPR178W
YIR010W	YLR357W
YER032W	YNL161W
YDR392W	YML007W
YBR041W	YDL193W
YIR010W	YJR123W
YDR335W	YOR083W
YCL014W	YFR053C
YCR009C	YFR004W
YHR026W	YLR034C
YCR079W	YFL018C
YML119W	YPL031C
YDL165W	YER068W
YDR363W-A	YMR120C
YBR211C	YPL233W
YER029C	YJR022W
YKL196C	YLR093C
YDR510W	YJL074C
YDR334W	YJL081C
YHR120W	YLR163C
YBR048W	YNL132W
YJR070C	YPL031C
YBR273C	YJL048C
YBR072W	YDR507C
YGR268C	YOR042W
YJR032W	YPL161C
YIL035C	YKR010C
YJL155C	YNL255C
YDR225W	YDR448W
YDL002C	YJL081C
YGL105W	YJL164C
YER146W	YHL008C
YGL172W	YNL041C
YLR295C	YPL141C
YDL159W	YMR322C
YHR026W	YNL255C
YDL078C	YML105C
YLR262C	YNL293W
YER154W	YNR017W
YCR048W	YHL002W
YCR079W	YLR192C
YCR077C	YPR129W
YER146W	YJL084C
YDR225W	YMR061W
YLR424W	YPR182W
YJL074C	YOL069W
YOL135C	YPR168W
YFL037W	YPL235W
YJR047C	YLR362W
YBR126C	YIR032C
YIL035C	YKL112W
YDR468C	YLR026C
YML069W	YOL145C
YER146W	YJR022W
YDR510W	YHR190W
YDR146C	YNL189W
YCR005C	YGL252C
YBR194W	YDR483W
YDR307W	YOR016C
YDR120C	YER049W
YFR015C	YPL031C
YJL214W	YPR198W
YFL022C	YMR059W
YHR135C	YLR276C
YDR280W	YNL189W
YEL027W	YOR270C
YHR200W	YJR007W
YCR044C	YHR140W
YER095W	YKL182W
YER021W	YNL075W
YGR092W	YMR184W
YEL015W	YJL164C
YGR270W	YLR033W
YER012W	YPL131W
YNL149C	YNL255C
YHR058C	YOR151C
YCR012W	YDL145C
YML069W	YPL082C
YLR360W	YPR079W
YDL185W	YMR054W
YIL126W	YPR052C
YLR362W	YOL016C
YIR010W	YNL118C
YFL037W	YFR004W
YMR304W	YPL031C
YDR388W	YJL084C
YBR142W	YDR496C
YMR290C	YPL043W
YDR310C	YHR152W
YLL004W	YMR036C
YKL164C	YNL197C
YDR422C	YER027C
YCR042C	YPR056W
YLR002C	YOL127W
YDL008W	YNL255C
YDL029W	YLL013C
YDR225W	YKR048C
YHR014W	YMR001C
YDR510W	YHR119W
YIL063C	YNL084C
YFR004W	YLR249W
YBR234C	YIL143C
YML016C	YPL221W
YIR038C	YJR118C
YHR188C	YLL028W
YDR021W	YJL138C
YMR125W	YPR086W
YDR239C	YGR040W
YDL226C	YOL129W
YDR148C	YNL092W
YHR089C	YPL043W
YKL065C	YNL101W
YDR118W	YIR025W
YJL189W	YKR048C
YDL220C	YJL106W
YBR135W	YPL256C
YDL126C	YKL145W
YER172C	YMR125W
YMR041C	YOR351C
YHR200W	YMR186W
YJL164C	YPL232W
YNL251C	YOR151C
YDR510W	YPL028W
YDR138W	YKR086W
YAL047C	YGL212W
YDR146C	YER179W
YER086W	YLR355C
YBR011C	YMR142C
YHR026W	YLL028W
YER133W	YGR237C
YBR068C	YHR094C
YBR274W	YOL059W
YDR382W	YDR496C
YBL042C	YGR130C
YDL097C	YIL075C
YBL009W	YER155C
YGR126W	YNL293W
YKL155C	YOL027C
YDR497C	YGR055W
YCL014W	YGR229C
YFR024C-A	YIL156W
YKR048C	YML069W
YJL066C	YMR048W
YCR093W	YIL075C
YGR055W	YHR094C
YLR075W	YPL249C-A
YDR150W	YPL269W
YLR340W	YNR053C
YBL040C	YPR156C
YKL207W	YNL055C
YPR082C	YPR182W
YIR010W	YOL006C
YMR199W	YPL031C
YJR056C	YNL197C
YDR174W	YGR250C
YKR048C	YNL255C
YKL134C	YPL109C
YJR025C	YOL113W
YHR200W	YKL029C
YFR024C-A	YMR304W
YBL050W	YBR080C
YGR253C	YIL075C
YKL029C	YML085C
YIR038C	YPL053C
YER164W	YMR072W
YDL179W	YPL031C
YKR048C	YLL002W
YGR084C	YNL132W
YJR082C	YPL248C
YBL023C	YPL008W
YER032W	YGR178C
YHR079C	YMR140W
YMR186W	YOR181W
YHR200W	YLR354C
YBR130C	YJL106W
YJR060W	YMR094W
YBR285W	YGR092W
YEL034W	YJR007W
YNL055C	YNL131W
YBR221C	YER178W
YNL093W	YOR089C
YER133W	YFR003C
YER012W	YFL009W
YJR093C	YKL059C
YBR194W	YCR077C
YDR280W	YGR095C
YCR010C	YJR040W
YFL037W	YML085C
YHR140W	YIL023C
YIL156W	YKL129C
YDL116W	YGR192C
YBR194W	YKL182W
YCR005C	YKL085W
YDR247W	YKR010C
YAL044C	YNL255C
YDR335W	YGL172W
YDR404C	YPR180W
YNL263C	YPL031C
YJL056C	YML058W
YGR092W	YPR181C
YER006W	YPL043W
YGL019W	YOR039W
YCR012W	YDR510W
YHL042W	YHR032W
YMR120C	YNR034W
YDR293C	YPL004C
YDL100C	YDR304C
YGL206C	YJL084C
YAL028W	YHR135C
YFR004W	YNL138W
YGL100W	YMR129W
YGR040W	YGR180C
YNR065C	YOR181W
YBR034C	YOL123W
YFR031C	YOL115W
YIL114C	YNL255C
YEL042W	YIR038C
YAL059W	YNR053C
YDR155C	YKR029C
YPL083C	YPR065W
YJR004C	YNL197C
YDR422C	YNL197C
YJL020C	YJR059W
YBR235W	YNL197C
YKL157W	YKL166C
YBR298C	YDR284C
YJR057W	YNL255C
YBR019C	YLR055C
YER006W	YKL117W
YDL188C	YJR009C
YNL255C	YNR033W
YGL238W	YNL236W
YFR053C	YIL148W
YDL188C	YMR214W
YDR346C	YGL019W
YDL195W	YHR027C
YDR480W	YJL058C
YKL012W	YMR125W
YGL156W	YKL103C
YFR033C	YNL197C
YDR510W	YML028W
YBR084W	YKL135C
YGL192W	YOR125C
YDL100C	YOL018C
YER023W	YNL255C
YDL100C	YER017C
YNL136W	YNL189W
YJR082C	YOL113W
YKR103W	YNL274C
YHL004W	YNR036C
YCR077C	YER172C
YDR145W	YNL216W
YDR477W	YNL225C
YDR130C	YDR510W
YGR002C	YJR082C
YJR076C	YML109W
YER133W	YOR341W
YDR138W	YLR418C
YDR245W	YNL255C
YCL014W	YKR048C
YBR173C	YER094C
YNL255C	YPR180W
YBL026W	YOR043W
YER111C	YML069W
YML092C	YPR103W
YGR167W	YHR161C
YBR006W	YKL023W
YDR284C	YGL006W
YDR320C	YGL206C
YKR029C	YOL068C
YDR287W	YNL255C
YKR041W	YPL031C
YBR138C	YOR231W
YDL015C	YNL101W
YML105C	YOR196C
YDR499W	YJR096W
YGL100W	YHR174W
YHL004W	YNR022C
YKR097W	YNL079C
YBL058W	YPL031C
YKL145W	YPR119W
YBR110W	YHR026W
YHR027C	YML100W
YGL206C	YOR181W
YBL079W	YDR381W
YDR190C	YER164W
YER125W	YGL206C
YDR225W	YPR019W
YHR015W	YMR001C
YIL138C	YNL255C
YDR255C	YNL197C
YOL044W	YOL147C
YLL021W	YOR181W
YDL060W	YOL123W
YHR082C	YLR096W
YDL126C	YFR004W
YLR240W	YPL120W
YFR004W	YLR028C
YDL047W	YIL153W
YNL030W	YNL206C
YHR001W	YKR003W
YML013W	YOL013C
YKL195W	YNR017W
YDL100C	YHR057C
YFR004W	YGR135W
YEL013W	YKL196C
YMR041C	YOL045W
YKR054C	YOR326W
YPR056W	YPR086W
YKR054C	YML085C
YGL133W	YPL082C
YHR001W	YLR332W
YGR058W	YOR264W
YDR306C	YMR105C
YGL213C	YPR187W
YDR436W	YML016C
YHL004W	YMR188C
YER112W	YPR178W
YJL110C	YLR424W
YDL060W	YHR089C
YBL023C	YDL171C
YOL082W	YOR351C
YDR280W	YNL251C
YER133W	YLR028C
YER177W	YOL013C
YJR049C	YOR009W
YLR096W	YMR196W
YDL210W	YNL279W
YBR221C	YLR345W
YGL206C	YNL106C
YLR186W	YPL004C
YLR075W	YLR340W
YIL105C	YMR068W
YLR419W	YNL255C
YAL007C	YAL023C
YNL098C	YNL255C
YLR206W	YOL111C
YJL005W	YLR310C
YHR027C	YOR303W
YKL013C	YNL138W
YDR510W	YGR135W
YGR200C	YHR187W
YGR055W	YMR011W
YDR350C	YOL123W
YLR418C	YOL145C
YKL145W	YOR257W
YJL030W	YPR176C
YMR031C	YOR181W
YGL158W	YMR223W
YGL158W	YML091C
YBR200W	YHR082C
YHR001W	YNL283C
YBL026W	YER172C
YBR065C	YMR186W
YBL003C	YIL056W
YDR036C	YPL013C
YER105C	YIL115C
YJL210W	YOL044W
YGR167W	YOR181W
YJR093C	YML030W
YDL097C	YGL004C
YDR483W	YPR152C
YCR082W	YLR315W
YLL049W	YNL255C
YFR024C-A	YJL151C
YDR448W	YML007W
YKL093W	YOR351C
YBR135W	YJL187C
YER133W	YPR107C
YFL018C	YIL125W
YDR331W	YKR039W
YGL004C	YHR027C
YHR027C	YMR001C
YLR433C	YOR324C
YFR004W	YHL011C
YER051W	YNL030W
YDR329C	YMR203W
YDR388W	YGL070C
YMR139W	YOR326W
YER027C	YJL187C
YGR130C	YMR117C
YKL010C	YPR080W
YCR077C	YPR082C
YML058W	YPL031C
YDR054C	YPL256C
YDR146C	YPR046W
YHR119W	YKL018W
YDR130C	YKL052C
YDR238C	YIL106W
YNL255C	YPR082C
YIR038C	YJR075W
YGL231C	YNL255C
YIL115C	YOR160W
YDR381W	YMR125W
YDR334W	YGR002C
YBR200W	YPL038W
YJL187C	YPL236C
YDR238C	YPL057C
YMR012W	YNR053C
YER133W	YJL187C
YFR052W	YMR191W
YGR145W	YIL035C
YIR010W	YPR133C
YDL159W	YOL123W
YDL015C	YIR038C
YGR224W	YHR152W
YIL143C	YOR027W
YGR253C	YJR059W
YER006W	YER133W
YER133W	YLL013C
YJL164C	YKR048C
YHR082C	YNL064C
YJL106W	YLR295C
YJR045C	YOR347C
YCR012W	YIR010W
YCR061W	YDL035C
YHR027C	YIL109C
YDR346C	YHR135C
YGR054W	YNL255C
YOR155C	YPL070W
YIL035C	YLR109W
YDL015C	YDR331W
YKL006W	YLR424W
YAL040C	YNL064C
YBL023C	YPR019W
YEL056W	YML131W
YDL115C	YDR404C
YMR186W	YNL124W
YDR361C	YNL255C
YBR273C	YMR139W
YKR021W	YNL197C
YKR055W	YNL127W
YKL190W	YMR211W
YDL051W	YLR074C
YGL060W	YPL233W
YHR135C	YPL100W
YBR036C	YCL052C
YNL255C	YPR204W
YFR004W	YKL145W
YDL051W	YHR082C
YJL153C	YMR120C
YKL054C	YNL118C
YIL142W	YOR230W
YER033C	YNL161W
YKL019W	YKL159C
YDR244W	YNL214W
YDR510W	YLR055C
YKL134C	YNL021W
YGR055W	YOR273C
YBL045C	YMR036C
YER133W	YMR290C
YBL050W	YLR026C
YML020W	YNL197C
YNL249C	YNR033W
YJL164C	YLR192C
YEL018W	YJR082C
YDR074W	YFR004W
YDL051W	YDR365C
YBR208C	YDL029W
YBL058W	YJL164C
YNL055C	YOR151C
YER079W	YLR096W
YHR135C	YJR076C
YGR055W	YMR299C
YFR052W	YKL203C
YGL059W	YKL062W
YGR026W	YHR135C
YEL051W	YJL153C
YDR448W	YHL004W
YDL190C	YGR048W
YDR096W	YER033C
YGL212W	YGR223C
YDR328C	YJR053W
YDR523C	YOR094W
YNL094W	YOR181W
YMR290C	YPL031C
YKR083C	YLR423C
YKL203C	YOR181W
YDR510W	YNL078W
YMR206W	YNL255C
YNL178W	YOL040C
YBL030C	YHR200W
YMR188C	YOR158W
YNL048W	YPR028W
YFR004W	YIL148W
YGL212W	YOR089C
YER012W	YGR253C
YDL161W	YDR379W
YER125W	YOR322C
YDR334W	YOL090W
YHR135C	YPR013C
YFL013C	YJL081C
YER126C	YGL111W
YNL222W	YPR086W
YFL037W	YGL238W
YDR174W	YIR010W
YPL131W	YPR152C
YBR211C	YGL060W
YGR266W	YOR181W
YJL187C	YLR125W
YJL187C	YLL043W
YER088C	YNL091W
YMR012W	YOR151C
YDL015C	YHR195W
YGR010W	YNL189W
YGR060W	YHR140W
YFR004W	YMR217W
YGR046W	YNL236W
YHR200W	YPL031C
YJR022W	YLR133W
YGR130C	YMR086W
YHL004W	YOL113W
YKL059C	YNL317W
YER125W	YKR092C
YGR180C	YHR027C
YER157W	YPL246C
YDL047W	YKL195W
YGL056C	YHR094C
YCR015C	YGR163W
YDR388W	YML109W
YDR347W	YOR158W
YDR507C	YDR510W
YKL145W	YKL210W
YDL047W	YKL203C
YDR510W	YNL248C
YBR194W	YCR009C
YER041W	YHR027C
YIL035C	YLR418C
YHR179W	YLR186W
YKR014C	YOR370C
YDR298C	YPL078C
YHR135C	YIL010W
YLL038C	YNL255C
YBL003C	YFL024C
YDR124W	YDR347W
YDR293C	YER033C
YJL047C	YOL133W
YDR054C	YNL255C
YOR164C	YPR105C
YBR177C	YHR027C
YDL126C	YOR075W
YCR079W	YGR193C
YCL028W	YML058W
YLR033W	YLR410W
YDR510W	YHL021C
YML016C	YOR181W
YNL048W	YPR128C
YDR510W	YLR295C
YDL195W	YNL112W
YLR332W	YOR273C
YGR060W	YLL028W
YDR510W	YNL021W
YML057W	YPL235W
YIL035C	YJR093C
YGR197C	YNL020C
YDR244W	YJL210W
YJR113C	YKL155C
YGL158W	YOL051W
YDR497C	YLL028W
YGR276C	YIL035C
YLR096W	YOR184W
YDR448W	YPL248C
YHR200W	YJR103W
YER155C	YIL113W
YDR507C	YOL069W
YFL007W	YLR074C
YLR117C	YPR046W
YAL007C	YHR140W
YHR082C	YML057W
YLR096W	YNL049C
YDR146C	YGR089W
YBR011C	YDL203C
YLR033W	YLR357W
YJR010C-A	YNR021W
YKL018W	YNL222W
YDR513W	YNL255C
YDR276C	YKL212W
YDR382W	YPL131W
YDR381W	YIL149C
YBR135W	YDL155W
YIL050W	YPL031C
YER142C	YML056C
YGR232W	YMR121C
YHR167W	YLR423C
YLR399C	YPL235W
YBR110W	YDL206W
YBR081C	YCL010C
YDL097C	YHL030W
YLR266C	YPL018W
YNL197C	YPR119W
YLR442C	YNL030W
YLR377C	YPL180W
YDR516C	YNL032W
YJL074C	YMR129W
YER133W	YKL085W
YER119C	YOL016C
YHR027C	YPR118W
YER012W	YLR276C
YAL047C	YLR179C
YGR040W	YGR276C
YDR510W	YIL031W
YDR143C	YNL064C
YDR247W	YKL093W
YEL041W	YJR049C
YBR119W	YNL227C
YGR270W	YOR151C
YGR040W	YJR142W
YDR251W	YIR010W
YAL018C	YHR026W
YDR392W	YGL158W
YKL114C	YKL166C
YDL181W	YPL031C
YIL101C	YPL139C
YBR285W	YCR091W
YFR043C	YPR029C
YHL030W	YPR108W
YDR036C	YHL004W
YFL003C	YMR125W
YLR332W	YMR266W
YJR104C	YMR038C
YGL056C	YPR156C
YDR382W	YNL118C
YGR144W	YNL189W
YNL161W	YOL036W
YIL108W	YPR154W
YGL212W	YMR197C
YHR060W	YOR270C
YBR080C	YFR004W
YIR010W	YKL052C
YDR510W	YGL250W
YBL040C	YJR010C-A
YML085C	YPL235W
YFL023W	YIR006C
YDR383C	YPL233W
YDR068W	YDR483W
YCL029C	YDL155W
YNL255C	YPL146C
YER112W	YKL054C
YDL039C	YNL197C
YDR510W	YIL126W
YER125W	YOR138C
YIL115C	YPR119W
YDR388W	YER125W
YCR042C	YKL059C
YER177W	YPL110C
YGR276C	YJR059W
YML016C	YOR329C
YDR146C	YPR034W
YDR388W	YFL018C
YCR073W-A	YOL113W
YHR027C	YJR065C
YHR105W	YLR078C
YIL034C	YNL138W
YDL044C	YLR386W
YFR049W	YNL255C
YBR086C	YGR142W
YJL106W	YMR284W
YDL141W	YHR200W
YLR074C	YNR053C
YDR148C	YIL125W
YDR206W	YER027C
YER023W	YHR027C
YML016C	YPL074W
YHR024C	YHR120W
YGR145W	YNL132W
YBR253W	YNR010W
YMR262W	YPL031C
YMR125W	YPL082C
YDR150W	YGR089W
YKL129C	YOR184W
YDR523C	YLL005C
YNL255C	YNR022C
YDR120C	YHR079C
YLR245C	YPL070W
YBR110W	YHR140W
YKL196C	YLR078C
YHR027C	YKL212W
YER027C	YJL089W
YNL263C	YNL304W
YIR022W	YLR314C
YLR144C	YPR154W
YDR510W	YLR357W
YHR135C	YMR316W
YDR480W	YLR304C
YBR177C	YIL124W
YER095W	YPR011C
YFL023W	YMR219W
YJL054W	YPR024W
YBL047C	YPL031C
YCR079W	YOR317W
YKL196C	YMR197C
YBL003C	YBL023C
YIR010W	YPL233W
YCR012W	YHR152W
YJL164C	YLL028W
YIL096C	YLR009W
YDL060W	YJR123W
YFL038C	YLR026C
YNL125C	YPL141C
YAL059W	YNL135C
YML069W	YOL013C
YDR477W	YHR103W
YDR036C	YLR074C
YGL019W	YGR246C
YER095W	YMR186W
YDR496C	YLR074C
YAL007C	YBL003C
YBR142W	YMR012W
YIL062C	YOR181W
YBR084W	YJR059W
YDR195W	YER032W
YBL050W	YGL212W
YDR206W	YOR047C
YDL159W	YGR040W
YML101C	YNL255C
YDL077C	YGL212W
YCR033W	YMR273C
YBR052C	YGR055W
YGL206C	YKL135C
YLR075W	YMR086W
YDR122W	YJL164C
YBR107C	YIL105C
YJR050W	YLL036C
YLR003C	YPL031C
YER006W	YGL111W
YDR254W	YDR318W
YHL027W	YJL056C
YDL185W	YNL250W
YAL007C	YMR214W
YDR496C	YHR089C
YDR050C	YPR152C
YHR062C	YOL013C
YFR052W	YHR027C
YIL142W	YNR032W
YDR145W	YPR072W
YMR032W	YNL078W
YIL034C	YNR035C
YGL208W	YNL255C
YCR077C	YNL118C
YDR404C	YPR187W
YBR274W	YHR174W
YJL020C	YNL094W
YEL009C	YHR200W
YHR152W	YNL138W
YLR442C	YNL216W
YBR290W	YCR024C-A
YBL047C	YPL141C
YNL178W	YOR185C
YHR023W	YKL179C
YLR110C	YLR350W
YFR015C	YJL137C
YBR006W	YOR089C
YBR080C	YNL189W
YNL255C	YOL111C
YDL047W	YJL014W
YDR328C	YLR352W
YDR239C	YHR135C
YDR381W	YIL035C
YDR448W	YLR055C
YBR234C	YML069W
YHR200W	YMR246W
YIR010W	YOL127W
YBR142W	YMR290C
YER166W	YIL068C
YER125W	YKR021W
YBR286W	YDR510W
YFR031C	YGR246C
YGL190C	YLR373C
YKL204W	YNL161W
YGR191W	YHL042W
YIL035C	YJL087C
YBL079W	YMR129W
YIR010W	YKL182W
YCL059C	YPR137W
YDR477W	YPR115W
YGR080W	YOR181W
YGR077C	YKL197C
YHR119W	YNL189W
YCR077C	YJR022W
YJL187C	YPR152C
YNL131W	YNR017W
YER111C	YLL036C
YNL094W	YOR043W
YEL013W	YJR138W
YBR234C	YDR354W
YDR080W	YPL233W
YFR015C	YGL081W
YGL011C	YLR249W
YBR236C	YOR151C
YBR105C	YIL017C
YBL046W	YML010W
YNL255C	YPR188C
YJL106W	YKL140W
YDR510W	YOR317W
YDR510W	YNL167C
YDL220C	YHR135C
YKL178C	YOL113W
YBR011C	YGL237C
YNL091W	YNR052C
YMR155W	YPL141C
YGR214W	YNL124W
YNL051W	YPR105C
YER006W	YLR074C
YDR142C	YJR012C
YDL190C	YPL236C
YDL181W	YJL106W
YBL030C	YHR001W-A
YMR022W	YMR264W
YER125W	YMR022W
YIR010W	YLR315W
YCR009C	YCR043C
YFL050C	YGL059W
YJR084W	YPR045C
YNL222W	YPR107C
YDR507C	YEL012W
YKR048C	YOR090C
YHR200W	YML092C
YDR143C	YNL112W
YDR162C	YOL113W
YDR050C	YNL079C
YDR363W-A	YPL031C
YDR510W	YOR270C
YCR012W	YER112W
YER078C	YJR059W
YBR200W	YNL298W
YDR510W	YOR341W
YER026C	YJR010C-A
YBR264C	YNL255C
YCL028W	YPR070W
YJR123W	YNL124W
YDR477W	YMR140W
YGR052W	YML013W
YJR056C	YJR059W
YLR208W	YPR080W
YFL034W	YLR170C
YLR238W	YMR319C
YCR043C	YNL255C
YIL107C	YJR059W
YJL163C	YNL197C
YER184C	YHR158C
YDL005C	YER157W
YHR058C	YPL082C
YHR105W	YML038C
YGR192C	YPR129W
YDR141C	YHR094C
YGR130C	YPL082C
YBR177C	YML016C
YDR363W-A	YNL255C
YHR131C	YNL255C
YKL166C	YOR163W
YBR098W	YFR024C-A
YDL248W	YFL004W
YIR010W	YNR053C
YER167W	YLR096W
YBR072W	YMR083W
YBR034C	YFR004W
YGL115W	YOR142W
YGR040W	YHR200W
YBR081C	YOL148C
YML081C-A	YPL078C
YBR194W	YNR016C
YER013W	YKR086W
YPR070W	YPR168W
YGL001C	YNL280C
YBR110W	YPR156C
YDL126C	YOL013C
YDL223C	YMR001C
YDR307W	YFL062W
YHR135C	YMR290C
YEL012W	YJL187C
YCR077C	YNR027W
YJL138C	YNL250W
YDR498C	YOR075W
YER133W	YMR311C
YER178W	YHR027C
YLR371W	YNL127W
YDR334W	YKR072C
YML028W	YNL079C
YNL053W	YNL197C
YGR250C	YIR001C
YDL193W	YOR185C
YKR028W	YNL106C
YGL181W	YIL122W
YCR073C	YHL020C
YGL053W	YJL196C
YBL079W	YGL106W
YKL218C	YNL255C
YDR382W	YLR340W
YER021W	YGL178W
YJL222W	YOR085W
YBR126C	YNL076W
YER125W	YGR268C
YBR130C	YHR135C
YBR200W	YGR238C
YDR174W	YHL002W
YDR080W	YOR094W
YDL100C	YDR513W
YGL056C	YNL197C
YCR009C	YOR181W
YDR036C	YMR188C
YDR510W	YNL134C
YKR014C	YMR258C
YER164W	YIL035C
YBR048W	YNR054C
YCR004C	YHR200W
YJL027C	YNL255C
YGL023C	YGR163W
YDL156W	YIL142W
YER172C	YPR152C
YFR004W	YLR340W
YLR423C	YPL166W
YER012W	YPR103W
YML024W	YNL255C
YKR084C	YLR456W
YDR523C	YEL051W
YHR200W	YNL135C
YER177W	YLR310C
YHR079C	YJL051W
YCR093W	YDL149W
YML010W	YPR152C
YGL158W	YHL020C
YER125W	YHR097C
YDR283C	YPR178W
YDR146C	YDR448W
YGL059W	YGL105W
YDR510W	YKL043W
YKR006C	YOL027C
YDR276C	YDR307W
YGR031W	YNL255C
YAL059W	YPR152C
YGR006W	YLR433C
YBL003C	YEL018W
YDL191W	YHR066W
YDR516C	YGR092W
YDL220C	YDR155C
YHL011C	YMR139W
YAR008W	YMR059W
YPL141C	YPR128C
YGR223C	YIL034C
YDR381W	YKR095W
YIR038C	YNR030W
YJR082C	YNL298W
YCR073W-A	YLR028C
YAL010C	YMR203W
YIR010W	YOR151C
YGL019W	YGL115W
YFR004W	YKR048C
YFR004W	YJR045C
YCR020W-B	YPL082C
YKL010C	YMR022W
YHR027C	YHR183W
YDR150W	YDR201W
YLR094C	YNL197C
YNL189W	YNL282W
YDR381W	YJL084C
YKL203C	YNL192W
YNR065C	YOR085W
YNL064C	YNL255C
YKL010C	YLL028W
YCL014W	YPL031C
YGR229C	YOR104W
YDR477W	YPL146C
YLR026C	YPR181C
YEL051W	YOR270C
YCR042C	YMR219W
YER125W	YKR018C
YKR003W	YOR273C
YIL035C	YLR399C
YER112W	YKL209C
YDR510W	YOL123W
YIL075C	YPL233W
YER062C	YHR027C
YHR174W	YPR093C
YKL210W	YLR096W
YGL158W	YPR160W
YAL007C	YDR086C
YNL309W	YPL082C
YNL236W	YNR010W
YNL189W	YOL051W
YDR054C	YJL047C
YDR016C	YIR010W
YDL029W	YDL047W
YCR079W	YDL214C
YDR142C	YNL214W
YJL164C	YPR152C
YBR041W	YLR144C
YHR119W	YOL068C
YBR173C	YFL007W
YNR033W	YPR154W
YHR027C	YLR340W
YDR227W	YHR154W
YDR477W	YER125W
YGR052W	YPL180W
YDL053C	YNL255C
YBR274W	YDR224C
YJL164C	YOR347C
YFR017C	YJL164C
YDL060W	YPL146C
YML058W	YMR083W
YML121W	YNL255C
YGR052W	YPR030W
YJR005W	YOL062C
YNL255C	YNR029C
YCR020W-B	YLR033W
YDL175C	YMR125W
YOL001W	YPL031C
YDR056C	YNL255C
YER133W	YPL074W
YMR139W	YOL059W
YFR004W	YLR410W
YEL054C	YLR075W
YDL164C	YDR054C
YDL110C	YNL197C
YHR027C	YJR123W
YNL165W	YPL031C
YGL092W	YMR129W
YDR080W	YMR231W
YKR048C	YLR133W
YJL187C	YKL181W
YLR206W	YNL020C
YHL004W	YOL027C
YPL119C	YPR119W
YNL197C	YOR044W
YER020W	YGR040W
YDR310C	YNL197C
YCR009C	YDR388W
YHR027C	YJL088W
YML092C	YOR355W
YIL124W	YKL140W
YDR381W	YPR107C
YBR071W	YHR200W
YLL028W	YNL237W
YGL106W	YHR023W
YGR067C	YMR012W
YGR203W	YKL171W
YDR499W	YLR355C
YDR477W	YER024W
YNL093W	YNL227C
YLR190W	YPL031C
YCL028W	YNL189W
YGL252C	YMR223W
YGR178C	YKL054C
YIL075C	YNL255C
YDR392W	YNL255C
YGL158W	YKL012W
YBR065C	YLL036C
YOL115W	YPL146C
YIL038C	YIR010W
YKL155C	YOR158W
YLR262C	YNL044W
YGR052W	YKL010C
YDL190C	YFL044C
YBR177C	YGR092W
YDR388W	YKL018W
YER068W	YFR004W
YGL206C	YLR206W
YOR259C	YOR270C
YFL062W	YIL016W
YDR436W	YKR072C
YHR102W	YMR186W
YDR073W	YPL248C
YMR095C	YPL070W
YMR290C	YNL189W
YDL121C	YNL255C
YDR247W	YJL005W
YKL195W	YMR038C
YER017C	YPR024W
YIL125W	YPL213W
YJL187C	YOR141C
YJL164C	YLR098C
YBL023C	YPL031C
YLR310C	YPR108W
YGL130W	YPL228W
YDR381W	YMR237W
YDR465C	YGL172W
YML010W	YOR151C
YDR238C	YHR027C
YHR024C	YIL066C
YBR081C	YBR253W
YER112W	YOR219C
YDR190C	YKL193C
YIL148W	YJL138C
YDL098C	YNL147W
YGR055W	YOR322C
YGR052W	YKL203C
YCL054W	YGL111W
YAL007C	YGR060W
YGR136W	YLR144C
YNL255C	YNR062C
YBR130C	YDR477W
YBR077C	YKR039W
YHL004W	YKL155C
YDR244W	YMR177W
YHR200W	YPL061W
YMR316W	YPL031C
YCL028W	YGR142W
YDR328C	YHR079C
YIL035C	YIL063C
YHR161C	YPL232W
YHR167W	YMR125W
YBR142W	YJL005W
YCR073C	YOR018W
YJL164C	YKL206C
YJR091C	YKL002W
YER146W	YNL092W
YLR262C	YNL255C
YER017C	YGR231C
YFR004W	YOL059W
YBR048W	YMR290C
YJR059W	YNR019W
YGL003C	YPL256C
YDR468C	YDR484W
YKL155C	YMR188C
YGR065C	YLR332W
YDL078C	YDR244W
YER100W	YPL229W
YLR249W	YPL082C
YDR054C	YPR138C
YER125W	YGR136W
YLL036C	YPL213W
YGR092W	YNL101W
YDL047W	YJR007W
YBR083W	YDR224C
YDR283C	YEL009C
YNL255C	YPR152C
YOL013C	YOR375C
YLR197W	YNR054C
YBR011C	YML056C
YFR052W	YIL066C
YGL060W	YOL069W
YHR027C	YMR202W
YHR185C	YJR093C
YFR027W	YPR119W
YDL117W	YNL197C
YLR249W	YOR249C
YBR205W	YOL018C
YER012W	YPL110C
YAL028W	YHR082C
YJL056C	YNL197C
YHR089C	YIR010W
YJR050W	YLR424W
YHR115C	YPL031C
YBR270C	YLR423C
YNL157W	YPR181C
YHR135C	YLR277C
YDR411C	YOL013C
YBL097W	YDR510W
YOR181W	YPL074W
YJR159W	YPL031C
YGR056W	YNL030W
YBL079W	YGR052W
YFL038C	YOR370C
YIL075C	YMR191W
YGR092W	YKR041W
YDR190C	YFR004W
YDR266C	YIR010W
YDR510W	YMR290C
YDL077C	YOR089C
YJL162C	YLR197W
YLR207W	YML013W
YDR138W	YNL189W
YDL072C	YHR027C
YBR083W	YGR040W
YER020W	YIL105C
YFL028C	YNL255C
YDL195W	YNL197C
YEL034W	YGL025C
YIR010W	YPL249C-A
YFR004W	YMR092C
YFR004W	YOR007C
YDR162C	YOL070C
YPL082C	YPL181W
YBR081C	YDR145W
YDR036C	YDR347W
YIR025W	YKL022C
YGL250W	YMR068W
YDR039C	YNL197C
YER049W	YPL141C
YER154W	YJL143W
YHR135C	YNL189W
YDR397C	YNL255C
YER112W	YPR129W
YJL164C	YJR001W
YKR006C	YPR152C
YJR059W	YOL130W
YFR004W	YPL004C
YHR140W	YJL117W
YFR004W	YML070W
YDR162C	YDR507C
YDR238C	YPL246C
YFL038C	YIL148W
YGR135W	YJL164C
YLR207W	YML029W
YJL058C	YNL197C
YDL145C	YHR027C
YCL035C	YNL255C
YCR073W-A	YJR059W
YHR200W	YJR123W
YBL026W	YLR120C
YHR026W	YML132W
YNL255C	YPL157W
YLR362W	YMR186W
YKR092C	YMR093W
YBR253W	YDR308C
YFR033C	YPL141C
YLR362W	YNL064C
YER111C	YER167W
YDL239C	YDR201W
YEL005C	YEL013W
YNL197C	YOR085W
YCR020W-B	YLR357W
YJR059W	YKL094W
YFR024C-A	YJR083C
YBL001C	YNL255C
YBR177C	YOL113W
YJL196C	YKL065C
YBL075C	YFR004W
YNL255C	YNL282W
YLR277C	YMR061W
YDR174W	YIL076W
YFR004W	YML057W
YBR200W	YPR055W
YLR399C	YNL030W
YCR079W	YKL085W
YHR119W	YJR119C
YDR138W	YMR125W
YDL220C	YDR247W
YFR004W	YGL001C
YDR283C	YPR052C
YDL078C	YJR059W
YCL054W	YER006W
YJR034W	YNL236W
YBL106C	YNL094W
YEL051W	YMR054W
YKR048C	YOL070C
YDL188C	YOR073W
YMR032W	YNL094W
YBR272C	YHR027C
YDR381W	YIL115C
YGL167C	YGR132C
YDR456W	YKR050W
YAL010C	YNL131W
YGR129W	YLR249W
YBR199W	YDR384C
YDR174W	YML024W
YDR510W	YOL145C
YOR251C	YPL031C
YHR119W	YPL001W
YDR200C	YMR319C
YGR282C	YIR010W
YLR025W	YMR154C
YHR083W	YNL255C
YDL222C	YDR497C
YGR163W	YKR039W
YDR381W	YIL038C
YAL007C	YDR174W
YIR010W	YNL197C
YMR032W	YPL115C
YGL229C	YJL030W
YHR066W	YPL131W
YDR189W	YPL246C
YBL045C	YFR033C
YGL167C	YLR075W
YCR093W	YDL165W
YLR276C	YMR290C
YML007W	YPR168W
YER164W	YIR010W
YPL031C	YPL146C
YBL003C	YLR197W
YJR059W	YMR140W
YOL146W	YPR135W
YDR510W	YNL039W
YDR381W	YKL023W
YKL175W	YPR198W
YDR155C	YHR200W
YGL181W	YNL124W
YDR206W	YMR080C
YJL164C	YNL101W
YLR097C	YOL133W
YDR405W	YOL027C
YDL065C	YPL112C
YGL100W	YGR192C
YDR457W	YGL106W
YER125W	YFL001W
YER020W	YPR156C
YCR077C	YER146W
YER178W	YGR229C
YDL186W	YLR452C
YJL048C	YLR423C
YBL030C	YDL067C
YDR330W	YER012W
YEL023C	YLR249W
YJR091C	YLR392C
YJL164C	YOL070C
YGL162W	YOL113W
YDL137W	YDR358W
YBR103W	YHR119W
YFR004W	YGR276C
YDL029W	YDR190C
YDR190C	YGR163W
YJR095W	YPL141C
YHL030W	YOR259C
YHR158C	YJR122W
YGL130W	YOL145C
YJR022W	YNR053C
YLL050C	YLR074C
YER133W	YLR109W
YFL034W	YPL031C
YDL155W	YKR010C
YDR468C	YJL164C
YJL187C	YPR082C
YNL214W	YOL044W
YER095W	YNL255C
YGR232W	YPR108W
YBR194W	YPL231W
YGR276C	YPL141C
YFR004W	YHR074W
YBR102C	YLR423C
YJR044C	YJR059W
YGL100W	YJR138W
YHR082C	YMR155W
YER136W	YNL304W
YEL042W	YPL031C
YHR140W	YNL101W
YMR048W	YNL255C
YKL103C	YMR104C
YJL020C	YJR047C
YDR510W	YPL154C
YER043C	YLR442C
YBL044W	YLR074C
YGL111W	YML010W
YBR200W	YDL159W
YBR200W	YER008C
YFR004W	YJR025C
YDL002C	YHR082C
YAL007C	YNL130C
YDR088C	YER172C
YCL059C	YOR229W
YDL171C	YHR027C
YGL111W	YOL127W
YFR004W	YNL098C
YBR102C	YDR027C
YCR093W	YPL235W
YGL059W	YHR185C
YBR194W	YML056C
YER125W	YPL031C
YBL097W	YLL021W
YDL070W	YLR399C
YDL047W	YKR028W
YER155C	YGL130W
YER062C	YHR200W
YDR480W	YMR199W
YCR091W	YHR082C
YHR027C	YPR080W
YBL093C	YNL236W
YDR477W	YER177W
YBL003C	YGL133W
YDR190C	YMR284W
YDR510W	YML016C
YNL255C	YPR001W
YGL059W	YKL093W
YHR182W	YOL113W
YDR096W	YMR219W
YDL019C	YDR381W
YER157W	YGL038C
YJR059W	YPL079W
YDL079C	YPL235W
YJL176C	YML007W
YDR510W	YFR006W
YJL123C	YNL136W
YDR328C	YHR135C
YIL148W	YJL020C
YJL187C	YPL001W
YDR422C	YJL066C
YJR082C	YNL136W
YCL014W	YJL164C
YDR456W	YPR079W
YOR058C	YPL001W
YBL030C	YHR082C
YHR200W	YPR103W
YBL003C	YPL082C
YER020W	YLR332W
YDL215C	YOL147C
YDR196C	YHR135C
YBL003C	YLR033W
YER164W	YGL252C
YHR135C	YIL107C
YHR066W	YLR009W
YDR331W	YJL117W
YBL003C	YBR087W
YDR141C	YMR010W
YHR200W	YLR406C
YDR310C	YOL068C
YJR103W	YPL031C
YAR018C	YBL106C
YGL229C	YJL013C
YDR388W	YPL181W
YDR128W	YJR138W
YBL003C	YMR072W
YGL006W	YOR270C
YCR065W	YPL002C
YDR122W	YLR310C
YBR176W	YPR080W
YIR010W	YOR132W
YLR417W	YMR077C
YER167W	YGR229C
YBR269C	YNL255C
YIL035C	YNL030W
YHR097C	YMR001C
YMR268C	YNL147W
YDR510W	YHR183W
YMR072W	YOR058C
YKL052C	YMR077C
YBR019C	YGL252C
YLR418C	YMR186W
YDR050C	YNL127W
YDR304C	YFR030W
YNL098C	YOR101W
YOR141C	YPL235W
YMR121C	YNL255C
YDL047W	YMR196W
YDL159W	YDR206W
YFR004W	YKL210W
YIL034C	YKL007W
YNR033W	YOR351C
YGL206C	YOR027W
YDR293C	YJL098W
YJL117W	YNL101W
YFR004W	YPL235W
YCR077C	YMR117C
YBL030C	YGL167C
YLR262C	YNL041C
YHL019C	YLR170C
YJR125C	YMR197C
YGR052W	YHR200W
YNL255C	YOR158W
YBR173C	YGR253C
YDR460W	YPR025C
YBR194W	YIL035C
YGL166W	YKR011C
YDR283C	YGR167W
YER177W	YHR200W
YDR318W	YMR117C
YJL098W	YLR310C
YCR051W	YER184C
YGR060W	YJL129C
YGL212W	YOR034C
YDR006C	YER177W
YGL181W	YLL003W
YDR510W	YIL148W
YBL093C	YKL129C
YFL013C	YLR249W
YHL002W	YKL213C
YER133W	YLR096W
YDL106C	YKR099W
YJR059W	YKL166C
YDR146C	YPR086W
YER029C	YPL213W
YBR290W	YKL065C
YAL027W	YDR381W
YGL105W	YHR131C
YLR075W	YNR053C
YCL036W	YMR093W
YGR258C	YOL090W
YLR033W	YPR034W
YLR456W	YNR053C
YBL026W	YOR167C
YER125W	YJL172W
YDR477W	YLR003C
YDR365C	YIR010W
YLR418C	YOL051W
YJL164C	YMR067C
YGL006W	YOL129W
YMR125W	YNL189W
YNL197C	YNR052C
YBR135W	YER021W
YGR040W	YOL070C
YMR190C	YPL164C
YDR510W	YOL059W
YMR048W	YPR019W
YDR138W	YKL171W
YDR016C	YKR083C
YGR178C	YMR076C
YJR093C	YNL317W
YJL047C	YPR135W
YBR272C	YER021W
YEL048C	YPL143W
YJR051W	YOL142W
YDR381W	YLR170C
YBR083W	YER109C
YBR044C	YJR010C-A
YLR262C	YPL031C
YLR337C	YNL020C
YDR516C	YGR232W
YGL141W	YOL069W
YFL023W	YOR231W
YKL012W	YOL069W
YDL029W	YDR216W
YBL026W	YDL097C
YJR138W	YOL145C
YDL030W	YER112W
YER112W	YGR054W
YKL190W	YNL255C
YDR284C	YIR038C
YAL007C	YOL018C
YOL082W	YOR353C
YKR083C	YMR112C
YDR174W	YHR118C
YIR010W	YLR410W
YBR200W	YDR368W
YJR004C	YPL141C
YBR034C	YNL030W
YNL255C	YPL213W
YEL034W	YOR043W
YHR135C	YLR293C
YJL187C	YMR304W
YNL255C	YOR064C
Q0085	YER154W
YKL129C	YNL084C
YGL019W	YJL187C
YHR061C	YPL161C
YML117W	YPR080W
YCL033C	YKL103C
YJR131W	YKR072C
YBR081C	YGL158W
YNL091W	YOR355W
YMR125W	YNL251C
YER043C	YFR004W
YER136W	YNL093W
YBR052C	YPR138C
YDR363W-A	YOR259C
YCR077C	YNR053C
YDR477W	YHR073W
YNL189W	YPL235W
YGL190C	YGR161C
YDL097C	YER012W
YJR076C	YMR001C
YDL047W	YLR310C
YIL035C	YLR002C
YPL213W	YPR152C
YHR119W	YOL145C
YGL059W	YPL056C
YDL051W	YPL210C
YER012W	YJL001W
YGL111W	YMR290C
YFR004W	YOR270C
YBR005W	YNL255C
YDR480W	YKL161C
YDR448W	YGL151W
YKL020C	YLR233C
YGL004C	YKL145W
YGR060W	YNL280C
YDR308C	YEL009C
YHR103W	YMR183C
YEL013W	YML121W
YHR195W	YNL255C
YDR405W	YKL167C
YBR278W	YDL102W
YJL118W	YKL093W
YDR510W	YPL131W
YGR174C	YLL028W
YIR010W	YOL123W
YER172C	YGR006W
YDR381W	YGL166W
YCR084C	YPL228W
YKR048C	YMR139W
YKL038W	YKL166C
YHR158C	YOR047C
YGL238W	YLR293C
YIR010W	YNL106C
YER177W	YGL003C
YHR167W	YNL041C
YFR004W	YPR037C
YGR145W	YNR054C
YDL216C	YJR084W
YIL038C	YPR072W
YLR002C	YPL131W
YBL011W	YOL113W
YDL146W	YFR024C-A
YJL164C	YNL131W
YNL250W	YPR160W
YDL117W	YJR138W
YGL100W	YIL115C
YJL138C	YOL090W
YBR052C	YDR497C
YBR071W	YOL016C
YKL029C	YNL045W
YHR027C	YLR293C
YHR135C	YOR141C
YIR010W	YPR052C
YDL216C	YDR328C
YLR190W	YMR117C
YHR207C	YJR059W
YHR014W	YHR135C
YFR033C	YGR092W
YGL162W	YLR035C
YHR089C	YOR004W
YDR018C	YIL051C
YBR048W	YIR010W
YAL007C	YLR075W
YCR077C	YER112W
YBL058W	YOR342C
YHR131C	YKL171W
YBR194W	YDL185W
YDR201W	YNL255C
YDL030W	YFR052W
YMR032W	YPL140C
YKL166C	YLR410W
YKL015W	YNL197C
YDR497C	YGL077C
YDL060W	YLR435W
YBR105C	YNL197C
YMR186W	YNR022C
YBR207W	YPR079W
YGL059W	YIL042C
YIL038C	YNL197C
YBR208C	YJL098W
YBR142W	YPL131W
YML042W	YNL189W
YMR094W	YOL133W
YDR318W	YGR006W
YDR510W	YJL014W
YJL098W	YPL031C
YNR010W	YPR086W
YBR052C	YIL105C
YAL028W	YGR040W
YBR298C	YDR276C
YKL210W	YMR059W
YFR004W	YGR054W
YOL051W	YPL248C
YBL030C	YNL255C
YDL070W	YGR040W
YDL060W	YMR093W
YGR192C	YHR200W
YDR308C	YOL051W
YGL076C	YPR181C
YBR093C	YJL176C
YGL237C	YLR423C
YBR205W	YDR346C
YDR122W	YOL082W
YEL009C	YIL126W
YLR406C	YOL127W
YKL012W	YLL036C
YDR365C	YGR145W
YIL142W	YJL106W
YHR082C	YPL177C
YBR290W	YJL117W
YHR135C	YPR152C
YLL050C	YOR181W
YDR454C	YFR004W
YOR257W	YPL180W
YDR238C	YHR200W
YGR092W	YOR228C
YGR084C	YNR036C
YFR004W	YHR111W
YGL208W	YGR231C
YKL018W	YPR107C
YBL026W	YMR066W
YGR246C	YNL039W
YIL075C	YJL164C
YDR280W	YJR125C
YKR021W	YKR039W
YGL197W	YMR117C
YEL054C	YPL249C-A
YHL014C	YNL255C
YGL213C	YHL022C
YDR477W	YKL193C
YDR224C	YML069W
YFL013C	YPL235W
YKL059C	YLR277C
YLR442C	YMR273C
YDL185W	YEL051W
YBR208C	YBR221C
YIR010W	YMR290C
YDR130C	YOL127W
YNL304W	YPL031C
YFL062W	YLR034C
YGR144W	YIL051C
YDL030W	YLL036C
YJR012C	YMR008C
YBR234C	YKL013C
YLR170C	YPL235W
YKL197C	YNL214W
YFR024C-A	YHR082C
YDR080W	YKL196C
YJL187C	YOR257W
YMR274C	YNL197C
YDR142C	YIL142W
YGR180C	YLR437C
YGL070C	YOR151C
YNL118C	YPR160W
YLR425W	YPL256C
YDR162C	YPL038W
YDL188C	YER012W
YHL006C	YNL255C
YCL031C	YJL020C
YCR091W	YDL002C
YCR035C	YKL129C
YBR168W	YER021W
YJL074C	YMR142C
YBR264C	YOR370C
YFR004W	YPR191W
YJR082C	YPR031W
YEL015W	YER112W
YGL053W	YHR140W
YBR194W	YCR012W
YER172C	YPR178W
YIL038C	YNL091W
YDR381W	YER013W
YGL060W	YOL133W
YDL137W	YPR095C
YJL164C	YJR049C
YPL031C	YPR135W
YLL021W	YOR326W
YER179W	YPL235W
YJL005W	YLL050C
YBR072W	YNL189W
YDL173W	YNL255C
YDR510W	YKL032C
YGR161C	YJL098W
YBL075C	YDR128W
YDR483W	YHR027C
YKL112W	YLR082C
YKL166C	YNL280C
YGR282C	YOL113W
YKL029C	YLR106C
YFL013C	YLL036C
YDR054C	YIL148W
YDR285W	YDR510W
YGL166W	YLL028W
YBL058W	YDL126C
YGR056W	YIL126W
YGL073W	YOL016C
YCL028W	YGL151W
YGR161C	YKR028W
YER004W	YOR249C
YOR184W	YPL031C
YDR496C	YLR009W
YNL008C	YNL260C
YKL196C	YPL232W
YBR126C	YDR247W
YDR145W	YNL236W
YNL255C	YPL009C
YDR510W	YKL112W
YDR224C	YIR010W
YJR084W	YPR182W
YJL014W	YKL204W
YDL097C	YGR040W
YDR513W	YIR037W
YDL102W	YJR006W
YDR334W	YLR399C
YDL165W	YPR072W
YDR436W	YMR311C
YDR310C	YJL106W
YAL015C	YDL029W
YDR190C	YGR002C
YKR086W	YLR117C
YNR053C	YOL127W
YGR120C	YLR262C
YHR135C	YOR054C
YHR135C	YKR048C
YGL115W	YPL149W
YFR024C-A	YHR135C
YBR087W	YDL164C
YML056C	YNL124W
YDR496C	YOL127W
YBR194W	YDR190C
YFR024C-A	YPL038W
YBR253W	YHR058C
YDR122W	YGR249W
YBR194W	YDR379W
YBR194W	YDR229W
YBR048W	YHR027C
YER026C	YHL042W
YKL198C	YNR016C
YAL028W	YHR079C
YDL116W	YER105C
YLL036C	YPL257W
YMR231W	YOR089C
YDR142C	YIL068C
YDR293C	YFR004W
YDR496C	YML010W
YGR202C	YJL174W
YMR104C	YOL082W
YDL100C	YGR028W
YHR027C	YPL131W
YFR004W	YPR086W
YFR021W	YHR070W
YDR016C	YGL025C
YDL072C	YFR024C-A
YJR009C	YLR144C
YDL008W	YLR127C
YER006W	YGL081W
YIL033C	YOR351C
YBL050W	YMR197C
YLR315W	YPR105C
YNL130C	YPL246C
YBR290W	YDL015C
YKL197C	YPL031C
YDR244W	YDR329C
YLR305C	YOR047C
YGR040W	YPR034W
YBR119W	YPL213W
YDL223C	YJL164C
YLR026C	YPL218W
YJL084C	YKR039W
YNL124W	YOL127W
YAL013W	YDR510W
YDR174W	YML131W
YPL082C	YPR034W
YDL053C	YLR362W
YDR510W	YPL224C
YIL035C	YOR054C
YKL018W	YNL317W
YJL023C	YML091C
YJR009C	YPL003W
YER075C	YMR319C
YDR174W	YDR190C
YJR093C	YNL092W
YDR283C	YDR381W
YLR357W	YMR001C
YGR200C	YOR151C
YBR234C	YJL020C
YDL098C	YPR178W
YCR009C	YPL249C
YHR094C	YJL151C
YGR178C	YIR010W
YGR092W	YNR052C
YLR197W	YPR152C
YBR087W	YFR027W
YBL003C	YJL047C
YBL045C	YLR442C
YGR057C	YKL015W
YFR004W	YOR375C
YKR048C	YPL180W
YHR154W	YLR442C
YBR263W	YIR010W
YER017C	YGR132C
YBL003C	YPR019W
YJL098W	YMR209C
YDR457W	YMR186W
YHR027C	YPL028W
YER095W	YMR233W
YDR254W	YPL018W
YKL022C	YLR127C
YLR410W	YMR072W
YKL018W	YPL008W
YIL035C	YKR041W
YFR004W	YMR191W
YHR135C	YJL207C
YKL195W	YNL255C
YFR004W	YJR007W
YFR004W	YPL028W
YCL028W	YOL123W
YDR365C	YDR510W
YER125W	YHL002W
YBR194W	YKR029C
YHR027C	YLR354C
YHR152W	YHR174W
YBR207W	YEL051W
YER024W	YHR135C
YBL064C	YPL031C
YDR116C	YNL255C
YFR027W	YLR233C
YBL003C	YIR010W
YLL021W	YNL293W
YLR185W	YPL001W
YMR197C	YPL045W
YLR340W	YPL009C
YNL197C	YPL113C
YER054C	YML016C
YLR315W	YNL097C
YDR392W	YPL181W
YCL001W	YJR131W
YMR186W	YPR181C
YBR049C	YLR357W
YDR200C	YPL004C
YJL164C	YLR350W
YIL122W	YPL031C
YGL070C	YKL028W
YLL003W	YOR257W
YHR182W	YKL166C
YDR224C	YPL138C
YJL081C	YOR141C
YDR143C	YPL113C
YDR106W	YLL049W
YLL036C	YPR082C
YLR204W	YNL255C
YDR096W	YMR190C
YBL067C	YML105C
YGL130W	YMR012W
YDR405W	YER154W
YHR061C	YJR076C
YDR174W	YLR442C
YDR409W	YJR076C
YAL027W	YDR388W
YGR055W	YPR156C
YDR143C	YGR282C
YGR002C	YLR399C
YLL028W	YPR138C
YLR418C	YOR138C
YBR194W	YMR186W
YDL137W	YHR200W
YBR126C	YHR027C
YLL028W	YMR264W
YJL164C	YNL074C
YBR298C	YNL008C
YNL021W	YOR138C
YML109W	YNL216W
YGL006W	YHR104W
YIL035C	YML010W
YCR093W	YJR022W
YKL171W	YPL180W
YDL188C	YPL003W
YGL004C	YIL075C
YBL060W	YMR214W
YCR061W	YGR055W
YBR194W	YMR012W
YMR059W	YOR230W
YIR010W	YML085C
YDR116C	YIL035C
YDL137W	YHR188C
YML007W	YML028W
YNL053W	YOR257W
YHL019C	YPR029C
YGL190C	YHR135C
YDR216W	YER177W
YCR077C	YDL175C
YNL064C	YNL247W
YDR150W	YJL074C
YIL143C	YPR056W
YHR082C	YMR190C
YOL133W	YOR341W
YOR229W	YOR230W
YBR137W	YOR164C
YNL255C	YOR283W
YDL063C	YPL131W
YOL145C	YOR039W
YGR077C	YNL197C
YOR324C	YPR153W
YHR200W	YML024W
YBR077C	YGR201C
YGR077C	YNL329C
YBL097W	YER164W
YBL075C	YNL064C
YER172C	YJL143W
YLR418C	YOR151C
YHR027C	YHR190W
YDR381W	YFR030W
YBR103W	YNL189W
YFR004W	YOR303W
YER012W	YMR076C
YKL019W	YOR380W
YJR059W	YKR100C
YDR490C	YKL166C
YDL220C	YML109W
YAL047C	YHR158C
YFR004W	YOL127W
YGR055W	YPL221W
YMR203W	YNL131W
YMR286W	YNL255C
YAL023C	YHR200W
YBR233W	YDR381W
YHR105W	YJR059W
YBR093C	YJL066C
YDR141C	YGL077C
YDR460W	YIL143C
YJL187C	YNL197C
YLR109W	YLR340W
YDR283C	YPR115W
YDR497C	YMR010W
YML025C	YOL027C
YDR208W	YHR135C
YMR167W	YOL043C
YCL028W	YNL106C
YDR273W	YMR001C
YDL102W	YKL022C
YDR229W	YPL135W
YGL166W	YNL189W
YDR314C	YDR388W
YJR010C-A	YPL249C-A
YAR018C	YJL098W
YBR194W	YGR130C
YFR021W	YLR386W
YHR082C	YLR249W
YGL087C	YNR065C
YCR082W	YDR016C
YIL109C	YPL218W
YBL026W	YMR237W
YDR510W	YLR406C
YDR120C	YJL164C
YBR036C	YKL065C
YBR176W	YNL189W
YHR158C	YLR452C
YFL037W	YGR092W
YDR201W	YKL179C
YBR177C	YEL051W
YBR110W	YLL028W
YCR077C	YNL255C
YIR006C	YKL129C
YDR381W	YKR048C
YLR362W	YNL298W
YLR022C	YNL255C
YBR142W	YOL127W
YIL062C	YLR337C
YER146W	YIL038C
YDR388W	YJR083C
YKL018W	YOR179C
YDR225W	YPR104C
YGR060W	YML016C
YBR194W	YPL131W
YCR076C	YPR103W
YKR100C	YLR096W
YLL050C	YNL094W
YIR008C	YKR048C
YDL077C	YML121W
YNL178W	YNR054C
YHR161C	YLR106C
YJL143W	YNR017W
YKL117W	YMR008C
YAL027W	YGL106W
YER048C	YFR004W
YNL032W	YNL056W
YDL015C	YOR324C
YBL009W	YKL203C
YLR055C	YMR223W
YJR059W	YKL062W
YFL038C	YOR070C
YHR200W	YNL112W
YDR247W	YIL107C
YDR487C	YDR513W
YPR091C	YPR152C
YGL194C	YOL068C
YMR061W	YNL030W
YDL079C	YPR019W
YER013W	YGR129W
YDL195W	YGL076C
YDR225W	YLR074C
YER021W	YKL145W
YHR058C	YNR010W
YLR310C	YNL098C
YNL255C	YOL040C
YNL032W	YNL255C
YML109W	YPL115C
YKR072C	YPL141C
YBR135W	YLL050C
YDR244W	YLR284C
YBR081C	YDR216W
YOL051W	YPR034W
YDL233W	YOL069W
YER125W	YFR004W
YDL051W	YJL164C
YLR368W	YOL133W
YEL032W	YGR270W
YDR480W	YMR186W
YDR331W	YHR140W
YIR032C	YNL197C
YGL111W	YOR380W
YJL013C	YNL236W
YCR042C	YDR195W
YDR130C	YNL074C
YMR092C	YNL138W
YGR214W	YML085C
YDR328C	YER177W
YNL255C	YPL043W
YNL255C	YNL260C
YDR181C	YMR127C
YCL028W	YPL070W
YDR239C	YJL138C
YEL034W	YFL013C
YIR010W	YMR302C
YDL015C	YPR028W
YER086W	YMR186W
YDR457W	YML010W
YDL063C	YDR381W
YBR065C	YKR048C
YDL060W	YML024W
YIR010W	YKR008W
YJL106W	YJR094C
YHR135C	YKR092C
YER068W	YNL091W
YGR135W	YKL206C
YDL220C	YGL158W
YGL105W	YIR010W
YER013W	YER172C
YDR381W	YLR455W
YIL122W	YKL161C
YNL189W	YPL139C
YDL054C	YMR013C
YFR019W	YLR386W
YML010W	YNL251C
YKL135C	YOR109W
YJR059W	YKL093W
YDR381W	YGL190C
YEL032W	YOL113W
YLL040C	YOR181W
YGR258C	YOL016C
YIL033C	YJL164C
YFR004W	YMR246W
YLR293C	YOR185C
YCR076C	YNL255C
YBR128C	YLR240W
YBR264C	YNL263C
YBR216C	YFR004W
YFR004W	YOR298C-A
YGL100W	YJL187C
YDR381W	YHR066W
YIL016W	YNL161W
YJR123W	YLR075W
YNL283C	YOL105C
YJL138C	YOR351C
YLL036C	YMR036C
YGL077C	YPL246C
YDL210W	YGL230C
YLR423C	YOR158W
YIR010W	YPR139C
YFR004W	YGL004C
YGR040W	YLR304C
YDR050C	YDR510W
YFR004W	YPR108W
YBR039W	YGL237C
YHR158C	YMR036C
YJR059W	YLR350W
YGR040W	YPR072W
YOL123W	YPL031C
YHR200W	YJR048W
YHR200W	YJR139C
YNL255C	YPL004C
YFL023W	YPL141C
YFR024C-A	YML010W
YGR060W	YMR134W
YER048W-A	YGR192C
YGL070C	YML010W
YFR004W	YKL117W
YHR026W	YKL221W
YDL100C	YNL055C
YIL094C	YLR075W
YDL126C	YGR048W
YCR004C	YMR031C
YMR001C	YMR076C
YDR507C	YLR314C
YHR138C	YNL197C
YJR123W	YLR340W
YBR034C	YJR022W
YBL037W	YKL103C
YBR039W	YOL087C
YDL005C	YHR167W
YER172C	YGR270W
YPL031C	YPR147C
YKL067W	YMR059W
YFL033C	YJL164C
YBL023C	YIR008C
YDR201W	YIR010W
YHR200W	YNL064C
YCR061W	YHR103W
YDL005C	YEL009C
YNL246W	YNL255C
YGL212W	YMR231W
YDR068W	YPL246C
YBL093C	YDL005C
YJL117W	YJR010C-A
YCR042C	YPR065W
YGL181W	YLR188W
YIL126W	YPL082C
YEL009C	YFL009W
YGR270W	YLR357W
YOL013C	YOR027W
YFR004W	YJL138C
YLL021W	YLR362W
YFR024C-A	YOR109W
YCR077C	YPR152C
YIL057C	YPL031C
YLR138W	YML132W
YDR510W	YPL139C
YGL059W	YOL016C
YNL248C	YPR152C
YNL197C	YNL309W
YDL097C	YHR027C
YFR052W	YOR259C
YDR361C	YPL031C
YER068W	YPR072W
YCR077C	YLL036C
YKL135C	YPR029C
YGL096W	YJR022W
YOL028C	YPR054W
YBL050W	YER133W
YGR270W	YOL006C
YJL165C	YOL122C
YBR211C	YLR315W
YJL207C	YPR029C
YFR004W	YLR134W
YER172C	YPR182W
YBR081C	YER164W
YNR010W	YPR070W
YIL105C	YLR425W
YER125W	YLR206W
YJL106W	YKR100C
YCL010C	YML007W
YDR229W	YJR059W
YBR257W	YNL282W
YJL020C	YNR016C
YIL105C	YPL208W
YER029C	YNL255C
YHL014C	YLR249W
YJL083W	YOR181W
YDL239C	YDR148C
YOR005C	YPL110C
YLR249W	YNL255C
YGL019W	YGR270W
YDR130C	YNL178W
YDR181C	YKL212W
YGL115W	YKL193C
YJR009C	YPR080W
YBL079W	YHR135C
YBL023C	YMR048W
YHR027C	YHR179W
YDR510W	YGR178C
YGL212W	YLR423C
YBR086C	YDR510W
YEL015W	YPL031C
YBR039W	YGR250C
YIL124W	YIR038C
YGL151W	YMR112C
YLR233C	YNL132W
YBL050W	YDR468C
YDL070W	YDR477W
YKR010C	YOL006C
YER068W	YNL197C
YGR232W	YIL075C
YIR010W	YPL004C
YLR127C	YOR249C
YBR290W	YCL052C
YLR026C	YLR250W
YBL003C	YDR510W
YLR127C	YOL133W
YAR066W	YDR074W
YDL116W	YDL195W
YDR088C	YLL036C
YBR194W	YKR003W
YIL107C	YJL164C
YKL196C	YOL018C
YAL018C	YBR036C
YIL038C	YNR052C
YHR152W	YPR118W
YDR251W	YGL206C
YLR340W	YOL127W
YIL062C	YNR035C
YGR135W	YKR095W
YNR017W	YPR024W
YDR293C	YGL059W
YDR146C	YDR335W
YCR043C	YMR010W
YPL031C	YPL222W
YBR234C	YIL034C
YML007W	YPR070W
YLR410W	YML010W
YGR231C	YMR089C
YKR010C	YNL030W
YCL014W	YPL256C
YFL024C	YPL248C
YER177W	YGL115W
YFR024C-A	YGR268C
YIR010W	YKL054C
YLR096W	YLR345W
YBR011C	YLR425W
YHR135C	YMR140W
YBR103W	YNL255C
YBR176W	YPL070W
YIR025W	YOR249C
YBR200W	YDL077C
YBR081C	YPR025C
YKL054C	YPR152C
YBR272C	YGL011C
YOL082W	YPL031C
YDL053C	YFL007W
YPR080W	YPR119W
YDR381W	YJR084W
YBR194W	YGR282C
YDR365C	YNR054C
YDL188C	YDR190C
YDR328C	YFL009W
YGL190C	YKL129C
YLR117C	YPL213W
YDR496C	YGL111W
YDR224C	YNL312W
YJL176C	YPR152C
YER133W	YNR034W
YDR045C	YPR046W
YGL056C	YGR055W
YDR130C	YER177W
YBR142W	YPL043W
YDL165W	YIL038C
YDR021W	YJR007W
YMR306W	YPR128C
YDL053C	YNL157W
YER013W	YJR050W
YHR027C	YPL231W
YER017C	YMR089C
YLR340W	YNL132W
YGR040W	YJR108W
YBR194W	YLL036C
YDR381W	YLR002C
YGL172W	YNL086W
YBL099W	YPL078C
YNL298W	YPL249C-A
YGL141W	YHR200W
YDR298C	YER154W
YAL018C	YBR290W
YHR164C	YNL312W
YLL036C	YLR117C
YGR040W	YJR070C
YBL026W	YCR093W
YFR017C	YJR059W
YFR004W	YNL250W
YDL029W	YIR006C
YNL132W	YPL043W
YGL004C	YHR200W
YMR284W	YPL078C
YBR130C	YLR310C
YNL263C	YOR132W
YDR073W	YPR034W
YBR253W	YDL005C
YKL024C	YOL013C
YDL019C	YHR082C
YKR008W	YOR094W
YDL060W	YGR054W
YBR078W	YKL203C
YJR059W	YNL167C
YAL028W	YMR139W
YIR038C	YJR010C-A
YDR146C	YFL009W
YHR115C	YPR169W
YCL039W	YGL227W
YDR388W	YNL094W
YDR284C	YEL013W
YDR310C	YIR010W
YJR148W	YLR418C
YDR275W	YER021W
YHL042W	YIL006W
YGR040W	YHL021C
YDL029W	YJL014W
YDR483W	YFR004W
YDR122W	YGL019W
YLL036C	YPR134W
YJL164C	YNL157W
YDR190C	YPL235W
YLR249W	YLR418C
YJL070C	YNR016C
YDR328C	YOL133W
YJR059W	YMR099C
YHR135C	YNL093W
YGL077C	YPR156C
YHR188C	YIL088C
YDL230W	YGR040W
YDR510W	YOL135C
YDR057W	YLR207W
YMR086W	YOR181W
YIL166C	YKL217W
YER105C	YPR080W
YGL158W	YOR044W
YDL005C	YOL051W
YDR388W	YGR058W
YFR004W	YHR174W
YGL119W	YPL031C
YJR083C	YLR295C
YDL185W	YLR337C
YDR331W	YHR188C
YBR173C	YMR037C
YDR388W	YPR055W
YGR255C	YLR201C
YFR004W	YGR214W
YDR507C	YLR332W
YDR124W	YHR155W
YDL137W	YNL255C
YDL193W	YLR293C
YGR130C	YGR192C
YNL227C	YNR053C
YDR273W	YFR052W
YJR076C	YPL031C
YJL164C	YKL193C
YMR059W	YPL004C
YLR026C	YLR078C
YHR027C	YHR104W
YCR091W	YPR119W
YGL151W	YPR168W
YJR022W	YLL015W
YLR305C	YOR181W
YLR074C	YLR106C
YKL138C	YNL255C
YBR036C	YNL044W
YDL155W	YNL161W
YDR388W	YKR011C
YKR048C	YPL141C
YPL246C	YPR105C
YNL132W	YNL178W
YLR249W	YOL145C
YJR045C	YNL157W
YLR106C	YOL133W
YFR004W	YJR009C
YDR293C	YER112W
YMR112C	YNL236W
YEL012W	YLR410W
YGL158W	YNL236W
YFR004W	YKR001C
YJR022W	YOR076C
YFR052W	YMR048W
YGR040W	YNR006W
YGL019W	YML010W
YDR206W	YLR362W
YDL029W	YFR004W
YHR026W	YJR091C
YFL023W	YGR040W
YER029C	YER112W
YGL197W	YLR377C
YDR405W	YML025C
YJL137C	YPR034W
YDR322W	YML025C
YDL188C	YGR253C
YCR033W	YPR152C
YJR009C	YOL013C
YDR145W	YKR001C
YER105C	YGL100W
YLR368W	YMR048W
YKL181W	YOR231W
YHR027C	YOR341W
YLR340W	YPR129W
YDL098C	YNL255C
YGR145W	YMR304W
YER105C	YGL092W
YDR148C	YKL010C
YDR190C	YDR510W
YDL077C	YKR014C
YGL248W	YHR135C
YHR135C	YOR092W
YIR006C	YOR329C
YDR468C	YMR197C
YCR012W	YGR192C
YBR142W	YPL249C-A
YJR059W	YOR257W
YFL038C	YNL255C
YDL097C	YOR259C
YDR510W	YJL187C
YIL063C	YKR048C
YER012W	YGR135W
YFL038C	YPL246C
YGR203W	YOR341W
YJR123W	YPL131W
YDR510W	YER154W
YHR027C	YHR200W
YIR006C	YPR152C
YBR205W	YPR107C
YDL126C	YJL048C
YFR030W	YJL123C
YBL067C	YFR004W
YFL034W	YKL135C
YDR510W	YGR192C
YJL210W	YNL255C
YBR015C	YLR026C
YBR080C	YDR363W-A
YBL026W	YPL249C
YGL076C	YPL249C-A
YJR123W	YNL178W
YIL016W	YJL196C
YMR273C	YNL255C
YBR065C	YPR080W
YBR211C	YDR254W
YFR004W	YNR053C
YBR052C	YNL283C
YDL222C	YOR094W
YJR093C	YPR107C
YDL070W	YJL164C
YDL072C	YNL079C
YDL203C	YLR096W
YGL106W	YKR048C
YJR076C	YPL161C
YDR518W	YHR113W
YER125W	YOL043C
YDR523C	YGL202W
YDR497C	YER125W
YDR224C	YML034W
YDL005C	YDR308C
YHR082C	YOR196C
YDR266C	YDR510W
YDR306C	YDR328C
YLL050C	YMR092C
YJL196C	YNL044W
YHR047C	YOL111C
YHR061C	YML109W
YDR288W	YNL124W
YKR099W	YLR058C
YNL030W	YNL255C
YDR323C	YOR089C
YJL138C	YLR362W
YMR037C	YOR043W
YCL009C	YGR092W
YBR177C	YJL151C
YFR051C	YJL151C
YER177W	YNL076W
YGR136W	YNL189W
YCR079W	YGL070C
YER125W	YMR140W
YML010W	YML056C
YBL093C	YBR253W
YLR197W	YPL043W
YPL166W	YPR049C
YER112W	YJR022W
YKL190W	YLR433C
YMR186W	YPL235W
YML029W	YOL013C
YGR092W	YPR160W
YER029C	YGL100W
YML054C	YNL255C
YBR238C	YDR510W
YDR381W	YLR333C
YFR004W	YHR190W
YBR290W	YGL012W
YGR253C	YHR027C
YIL062C	YNL138W
YCR077C	YMR186W
YER029C	YLR117C
YJL001W	YLR386W
YOL104C	YPL200W
YBR253W	YNL236W
YDR235W	YLL036C
YDR225W	YPR034W
YFL045C	YFR004W
YNL136W	YNL255C
YGR060W	YIL016W
YDL179W	YLR357W
YML069W	YNL255C
YDR334W	YLL036C
YDR468C	YOL018C
YJL164C	YOR070C
YER086W	YPL070W
YGL025C	YPR070W
YHR135C	YPL146C
YLR168C	YPR024W
YHR082C	YNL189W
YNR052C	YPR072W
YBR052C	YDL222C
YDR122W	YIL107C
YGL077C	YLR332W
YDL005C	YGL025C
YER105C	YPL004C
YBR194W	YLR117C
YIR010W	YPL180W
YFR004W	YKL103C
YDR368W	YHR200W
YBR138C	YGR092W
YDR162C	YPL161C
YDR085C	YER133W
YJL054W	YOR297C
YNL156C	YNL197C
YDR148C	YFL018C
YMR186W	YPR093C
YIL126W	YOR341W
YGR276C	YHR082C
YNL304W	YOR326W
YIL146C	YPR049C
YBR110W	YKL065C
YCR073C	YNL250W
YKR001C	YPL016W
YHR146W	YML010W
YDR145W	YLR399C
YDR143C	YDR227W
YDL079C	YKL210W
YGR117C	YNL236W
YDR155C	YMR059W
YER006W	YIR010W
YDR388W	YIL039W
YHR152W	YML007W
YGR136W	YPL038W
YEL034W	YMR284W
YHL021C	YJR059W
YKL161C	YMR037C
YER006W	YER126C
YIL149C	YMR284W
YOR298C-A	YPL031C
YDL070W	YGR092W
YGR276C	YOL113W
YDR388W	YGR268C
YGL256W	YOR094W
YDR318W	YJR060W
YDR122W	YMR124W
YER125W	YOR151C
YFR015C	YKR058W
YBR103W	YDR155C
YDR206W	YIL106W
YER125W	YLR134W
YDR510W	YKR008W
YKR048C	YNL162W
YJL164C	YMR210W
YHR135C	YJL105W
YBR107C	YHR113W
YAL044C	YLR239C
YFR030W	YHR027C
YKL010C	YLR304C
YER043C	YIR005W
YJR070C	YOR351C
YMR124W	YPR119W
YDR523C	YKL193C
YLL049W	YNR069C
YHR200W	YLR195C
YDR316W	YJL187C
YKL205W	YLR293C
YDR382W	YNL255C
YHR027C	YPR181C
YKL213C	YML013W
YKR014C	YLR249W
YMR167W	YOR033C
YMR231W	YNL304W
YHR057C	YNL255C
YJL138C	YLR249W
YDL002C	YGL133W
YBL003C	YIL035C
YLR249W	YNL250W
YER026C	YIL171W
YDR390C	YDR510W
YDR448W	YPR070W
YBL075C	YJR032W
YER044C	YGL012W
YHR066W	YNL122C
YGR270W	YPR031W
YDR477W	YMR037C
YFL023W	YNL135C
YDL100C	YIL065C
YBR234C	YIL062C
YJL031C	YOR370C
YBL040C	YGR060W
YBR052C	YER020W
YNL189W	YOR229W
YFR004W	YKR003W
YHL002W	YPR115W
YNL055C	YNL093W
YDL214C	YJR103W
YDL054C	YHR026W
YDR162C	YGL190C
YDL097C	YPR108W
YDR086C	YPL189W
YCR073W-A	YDR122W
YDL029W	YPR019W
YBL064C	YHR082C
YBL050W	YOR075W
YBR200W	YLL049W
YBR053C	YLR310C
YMR188C	YNR036C
YDR280W	YDR381W
YGL151W	YOL135C
YGL158W	YJL081C
YLR319C	YLR362W
YJL164C	YLR022C
YGL250W	YLR442C
YER133W	YNL317W
YIR010W	YPL018W
YEL013W	YHR094C
YDR510W	YNR035C
YMR203W	YNR017W
YDR227W	YNL216W
YEL048C	YPL110C
YBR173C	YGL011C
YBR052C	YGL056C
YFL023W	YOR351C
YHR027C	YJR076C
YKR011C	YLR314C
YIR035C	YNL255C
YKR048C	YMR110C
YDL116W	YNL118C
YHR079C	YOR181W
YGL090W	YLR109W
YBL045C	YJL104W
YJL030W	YOR283W
YJL005W	YMR059W
YLR109W	YMR059W
YBR234C	YPL004C
YBR205W	YLR026C
YNR068C	YNR069C
YDL222C	YGL077C
YBR040W	YFR004W
YBL011W	YHR135C
YER020W	YKR003W
YIR010W	YJL176C
YML069W	YPR019W
YGR052W	YHR082C
YHR152W	YLR109W
YGR060W	YMR202W
YJL106W	YPR013C
YJR059W	YKR041W
YBL003C	YBL046W
YLR009W	YNR053C
YER133W	YJR093C
YGL197W	YLR310C
YGR135W	YHR027C
YGR040W	YLR154C
YFR004W	YJR065C
YGR276C	YJL106W
YCL059C	YNL132W
YDL195W	YIL109C
YDR368W	YHR027C
YDR318W	YOL069W
YHR135C	YNL227C
YDL005C	YMR112C
YGL105W	YKL171W
YDR331W	YGL053W
YNL189W	YOL082W
YNL197C	YNL298W
YPR025C	YPR056W
YBR107C	YDR421W
YFL024C	YML007W
YIL062C	YJR065C
YBL003C	YOL059W
YNL197C	YOL036W
YER062C	YML058W
YDR346C	YPL031C
YNL041C	YPR105C
YBR048W	YHR200W
YDR198C	YOR005C
YDR388W	YGL190C
YDL045C	YGR077C
YDR293C	YLR286C
YDR195W	YPL008W
YLL036C	YPR182W
YNL197C	YNL328C
YBL003C	YIL076W
YJR010C-A	YLR350W
YFR052W	YHR200W
YBR053C	YPL141C
YFR004W	YIL108W
YGL229C	YOR062C
YDL149W	YPR049C
YBL025W	YNL255C
YBL010C	YKL193C
YDL145C	YFR051C
YHR200W	YLR028C
YJL164C	YLR345W
YIL062C	YJL020C
YEL015W	YLR340W
YGL059W	YJL070C
YDR388W	YFR024C-A
YDR050C	YFR004W
YJL164C	YMR304W
YGR055W	YGR130C
YBR234C	YFR004W
YIL106W	YNL161W
YNL094W	YPL004C
YDR383C	YLR315W
YJL164C	YMR099C
YDR219C	YDR328C
YMR004W	YOR132W
YJL084C	YPL031C
YMR105C	YOR090C
YKR014C	YNL093W
YIR010W	YKL204W
YDR216W	YOL133W
YHR124W	YIL156W
YDR381W	YGL252C
YGL077C	YKL094W
YBR253W	YGL151W
YDR293C	YJR059W
YDR388W	YGR229C
YMR183C	YPL232W
YDL004W	YPL078C
YEL034W	YNL248C
YER048C	YOR181W
YJL070C	YNL298W
YMR117C	YOL069W
YGL100W	YLR208W
YCR004C	YNL255C
YHR179W	YJR045C
YDR190C	YOR141C
YHL030W	YJL001W
YNL161W	YOR007C
YDR381W	YIR008C
YGL206C	YJR125C
YLR304C	YMR059W
YKL129C	YLR337C
YDR088C	YLR117C
YBR093C	YDL106C
YGR180C	YHR200W
YJL097W	YPR071W
YBR065C	YPL004C
YJR113C	YNR036C
YAL060W	YNL255C
YIL156W	YJL164C
YJR059W	YLR362W
YHR135C	YLR109W
YDR283C	YDR477W
YJL164C	YKR021W
YGR060W	YJL117W
YIL122W	YNL197C
YDR130C	YML010W
YLR436C	YMR304W
YCR073W-A	YHR135C
YJR142W	YPL141C
YBR011C	YPR080W
YIL035C	YPL110C
YBR126C	YMR139W
YHR135C	YIL033C
YDL060W	YNL098C
YDR195W	YMR142C
YLR423C	YMR059W
YMR001C	YPR007C
YDR490C	YJR059W
YFR052W	YMR089C
YDL047W	YFR021W
YBL026W	YDL175C
YER021W	YJL084C
YGR052W	YJR138W
YIL035C	YNL131W
YJL164C	YMR081C
YER043C	YFL028C
YBR177C	YLR026C
YGL077C	YMR010W
YER179W	YIL105C
YDR142C	YKL054C
YKL203C	YPR149W
YBR130C	YPL031C
YMR190C	YPL024W
YBR111C	YFR004W
YJL030W	YKL204W
YHR094C	YNL197C
YER012W	YGR193C
YEL051W	YLR028C
YJR059W	YMR291W
YCL036W	YDR388W
YJR048W	YKR066C
YER027C	YGL208W
YCL032W	YMR139W
YER133W	YKL018W
YBR253W	YML007W
YDL159W	YIR010W
YJL164C	YLR310C
YEL012W	YMR291W
YBR133C	YPL031C
YDL156W	YNL312W
YDL030W	YPL018W
YJL084C	YJL164C
YIR015W	YLR345W
YGL050W	YIL050W
YBR049C	YIR010W
YCR011C	YPR079W
YLR106C	YOR151C
YGL011C	YPR103W
YIL109C	YMR124W
YBL003C	YGL252C
YMR188C	YPL013C
YIL143C	YMR105C
YDR074W	YHR027C
YDR145W	YDR448W
YHR024C	YNL242W
YGR092W	YLR007W
YAL040C	YNL197C
YDL195W	YLR208W
YIL126W	YKR008W
YGL105W	YLR247C
YOL145C	YOR326W
YDR320C	YPR045C
YKL166C	YNL263C
YGR255C	YML058W
YBL010C	YPR046W
YIL033C	YIL035C
YDR507C	YJR083C
YDR270W	YGL105W
YBR162C	YDR238C
YBL022C	YGR132C
YGL106W	YJL187C
YBR080C	YKL196C
YDL164C	YOR378W
YDL030W	YPR178W
YGR048W	YOL013C
YLR075W	YOL127W
YDL035C	YER020W
YHR105W	YJL164C
YBL003C	YPR052C
YBL050W	YLR078C
YER086W	YJR009C
YER029C	YLL036C
YBL058W	YDL190C
YER112W	YPR082C
YDR510W	YIL056W
YDR496C	YPL043W
YGR232W	YKL145W
YGL105W	YPL031C
YDL230W	YJL187C
YML017W	YPL119C
YPL004C	YPL221W
YIR010W	YKR001C
YIR010W	YOR375C
YGR080W	YIL034C
YBL106C	YBR102C
YGR061C	YLR386W
YDR155C	YLR299W
YIL010W	YKL117W
YBL026W	YDR404C
YNL264C	YPR181C
YNL063W	YNL255C
YHL004W	YPR025C
YDL239C	YPL070W
YLR093C	YPL195W
YER125W	YNR069C
YGL213C	YKL023W
YOR083W	YPL031C
YBR130C	YIL138C
YDR307W	YHR140W
YDR328C	YOR185C
YCL032W	YLR362W
YEL056W	YOR386W
YFR015C	YNL255C
YLL036C	YML056C
YNL255C	YNL274C
YBR081C	YPL082C
YDL175C	YNL189W
YJL164C	YMR203W
YJR049C	YOR351C
YGR180C	YHR082C
YIL065C	YJR091C
YMR080C	YMR083W
YDR286C	YNL255C
YFR004W	YOR341W
YDR141C	YPL115C
YDL004W	YHR082C
YLR025W	YOR275C
YDR120C	YDR477W
YDR050C	YHR200W
YGL076C	YNL124W
YBR039W	YMR059W
YFR004W	YPR028W
YLR310C	YPL082C
YGL158W	YJR095W
YOL127W	YPL131W
YFL022C	YJL014W
YHR079C	YNR006W
YAL010C	YJL066C
YKR003W	YPR152C
YBL026W	YCR077C
YHL027W	YPL031C
YCR043C	YDR174W
YLR093C	YMR197C
YGR130C	YJL164C
YBR234C	YOR181W
YJL176C	YNL216W
YGL168W	YJL164C
YER125W	YOR042W
YCR020W-B	YNL255C
YHR200W	YOL060C
YBL058W	YJR098C
YOL127W	YPL043W
YLR377C	YNR065C
YGL106W	YLR304C
YLR293C	YNL189W
YDL005C	YNL189W
YKL090W	YPL128C
YCL028W	YDL005C
YDL008W	YDR118W
YMR077C	YPL002C
YMR142C	YNL124W
YDL149W	YLR431C
YDR183W	YJL014W
YLR381W	YPL233W
YMR264W	YNL255C
YGL212W	YNL255C
YGL059W	YLR195C
YFR004W	YNL255C
YIL038C	YJR032W
YBR048W	YCL059C
YIR010W	YLR061W
YIL106W	YOL123W
YLR418C	YML010W
YDL222C	YMR011W
YCL010C	YGL158W
YER032W	YJL020C
YIL105C	YNL255C
YMR080C	YNL112W
YPL070W	YPR119W
YMR105C	YNR035C
YBL022C	YBR084W
YDR510W	YNL189W
YJL164C	YMR140W
YDL106C	YDL191W
YJL187C	YLR096W
YDL070W	YHR082C
YIR010W	YLR276C
YFR019W	YKL054C
YDL137W	YIL051C
YEL015W	YNL118C
YNL189W	YOR076C
YGL076C	YLR002C
YER039C	YOR297C
YGL155W	YKL019W
YFR004W	YNL104C
YLR455W	YOR064C
YDL054C	YEL027W
YER133W	YNL255C
YER157W	YJL151C
YNL197C	YPL135W
YBL037W	YJL084C
YNR010W	YOR151C
YCR012W	YHR027C
YLR319C	YOR326W
YGR249W	YPL031C
YLR337C	YNR035C
YER179W	YLR134W
YPR080W	YPR129W
YBL003C	YNL246W
YDR330W	YGR048W
YFR004W	YNL079C
YKL181W	YOL061W
YGL076C	YOL127W
YDR155C	YNL094W
YLR410W	YPL031C
YDR293C	YNL118C
YBR257W	YIR015W
YDR054C	YOL133W
YLR096W	YML057W
YER146W	YNL147W
YFR004W	YLR109W
YDR496C	YLR197W
YDR096W	YER032W
YBL106C	YLR206W
YCL033C	YNL255C
YNL255C	YOR164C
YKR056W	YKR072C
YDL015C	YDR307W
YBR058C	YMR304W
YER044C	YHR190W
YGR129W	YJR050W
YHR085W	YNL182C
YNL079C	YOL068C
YGR178C	YNL124W
YBR065C	YER172C
YBR087W	YHR191C
YFR043C	YLR170C
YJR059W	YMR184W
YDR448W	YGL158W
YKL029C	YPR054W
YDR323C	YHR082C
YDR111C	YMR304W
YML100W	YMR139W
YBR142W	YPR152C
YBR194W	YER177W
YBR137W	YNL189W
YHR200W	YNL044W
YGR271W	YMR036C
YHR027C	YNL044W
YNL020C	YNL084C
YAL027W	YCR009C
YBL003C	YDL019C
YJL117W	YKL065C
YER179W	YPR007C
YER013W	YHR167W
YDL214C	YHR060W
YJL127C	YMR179W
YIL105C	YJL058C
YGR092W	YHL021C
YIL109C	YOL130W
YDR510W	YPR187W
YDL159W	YLL021W
YDR363W-A	YMR191W
YFL034W	YKL103C
YGL076C	YNL298W
YHR200W	YOR375C
YKL213C	YNR006W
YHL035C	YIL035C
YDR027C	YOL018C
YER177W	YKL182W
YDR422C	YDR516C
YGL100W	YML103C
YAR035W	YER024W
YDR381W	YOL113W
YAL023C	YCR043C
YDL077C	YMR197C
YIR037W	YML007W
YIL148W	YKL010C
YBR200W	YKL196C
YNL255C	YPR080W
YDR510W	YGR061C
YKL012W	YLR117C
YBR014C	YDL100C
YGR060W	YLL005C
YPL004C	YPL155C
YJR059W	YLR195C
YBL023C	YDR122W
YBR205W	YGL212W
YMR125W	YPL213W
YDR487C	YNL189W
YHR005C	YJR086W
YDR216W	YGR052W
YKL159C	YNL255C
YCR012W	YHR200W
YER177W	YPR115W
YJR010C-A	YLR075W
YDR388W	YMR093W
YDR510W	YGR056W
YIR010W	YML056C
YGL141W	YIL075C
YGR178C	YOR181W
YHR135C	YJL138C
YDR068W	YGL059W
YIR010W	YNL075W
YGR223C	YPR054W
YFL037W	YLR106C
YGR092W	YPR091C
YDR131C	YDR328C
YGL212W	YPL195W
YER133W	YGR238C
YJL187C	YLR055C
YGL156W	YOL001W
YLR109W	YNL312W
YEL023C	YHL002W
YDL020C	YPR103W
YJR059W	YPR091C
YGL092W	YGL172W
YLR276C	YPL031C
YLR096W	YMR124W
YGR249W	YJL164C
YGR120C	YHL004W
YKR048C	YPR119W
YGL028C	YJR022W
YIL148W	YNL084C
YDR452W	YKR092C
YHR104W	YOL045W
YJR123W	YNL132W
YER012W	YIL075C
YMR191W	YPR108W
YDR235W	YKL012W
YFL045C	YML085C
YDR365C	YLR075W
YJR045C	YNL310C
YBR058C	YCR073W-A
YEL018W	YNL255C
YER020W	YPR138C
YNL197C	YPL039W
YBR290W	YPR156C
YBR084W	YPL005W
YCR009C	YNL055C
YFR004W	YMR083W
YNL236W	YPR168W
YHR179W	YOL013C
YGR163W	YGR203W
YDL215C	YGR084C
YBR194W	YPR024W
YOL051W	YPR168W
YKR014C	YNL044W
YBL093C	YPR168W
YDR293C	YJL153C
YLR262C	YNL263C
YDR293C	YPL119C
YLR074C	YNL255C
YBR177C	YER136W
YCR073C	YGR142W
YDL002C	YPL235W
YBR130C	YOR181W
YDR150W	YDR488C
YHR027C	YJL138C
YAL023C	YNL074C
YDL077C	YKL196C
YBL025W	YDR247W
YDL145C	YIL094C
YPL004C	YPL074W
YDR200C	YLR238W
YDL098C	YER172C
YGL059W	YNL074C
YDR088C	YGR006W
YBL099W	YHR200W
YDL005C	YNL236W
YDR035W	YJL164C
YIL076W	YNL055C
YCL028W	YHR034C
YKL013C	YLR337C
YNL255C	YOR141C
YGL090W	YOR005C
YNL255C	YPL225W
YBL056W	YDL060W
YGL004C	YPL235W
YDR485C	YER112W
YBR173C	YER012W
YDL047W	YGL197W
YFR004W	YLR075W
YCR093W	YGL178W
YKL210W	YPR054W
YEL018W	YNL197C
YOR109W	YPR029C
YDL019C	YHR135C
YHR135C	YOL123W
YBR194W	YNL255C
YHL027W	YOR275C
YJL187C	YLR350W
YBR041W	YBR177C
YJR001W	YJR059W
YDR224C	YMR284W
YFL007W	YMR186W
YDR477W	YOR047C
YKL190W	YML057W
YHR200W	YOR185C
YDR128W	YLR096W
YER172C	YJR022W
YHL004W	YOR158W
YDR335W	YOL016C
YDR116C	YDR322W
YER164W	YKR001C
YML133C	YNL255C
YAL047C	YNL188W
YBR270C	YIL105C
YDL015C	YKL182W
YOL148C	YPL082C
YBL026W	YLL036C
YOR083W	YPL116W
YDR146C	YML069W
YAL047C	YIL149C
YLR453C	YNL216W
YDL100C	YOR164C
YCR007C	YDR107C
YPL082C	YPL139C
YKL052C	YOR351C
YBL003C	YJR082C
YNL189W	YPR119W
YCR077C	YER068W
YBR036C	YJL196C
YFR024C-A	YLR144C
YMR139W	YNL078W
YGR135W	YHR200W
YDL008W	YKL022C
YGL256W	YHR082C
YIL139C	YPL167C
YER044C	YMR202W
YDL126C	YMR067C
YER006W	YMR290C
YBR039W	YBR093C
YBR207W	YER166W
YLR065C	YNL255C
YDR510W	YOR185C
YDL179W	YKL166C
YIR010W	YPL235W
YGL237C	YPR085C
YFR011C	YNL255C
YDR357C	YLR423C
YDR077W	YLR075W
YPL231W	YPR152C
YMR186W	YNL051W
YHL020C	YNL255C
YER012W	YHR200W
YER100W	YFL038C
YBR105C	YGL227W
YDR460W	YPR056W
YJL020C	YNL206C
YBL026W	YDR381W
YDR057W	YDR411C
YGR167W	YPL031C
YEL057C	YER021W
YIL005W	YIL166C
YIL075C	YPL031C
YER021W	YJR009C
YDL126C	YDR330W
YBR072W	YDL239C
YIL105C	YLR433C
YBR019C	YDL079C
YKL171W	YPL177C
YDL220C	YHR082C
YDR096W	YNL078W
YFR004W	YGR192C
YIR010W	YML007W
YGR130C	YNR029C
YLR295C	YPL078C
YDR485C	YGR002C
YLR075W	YMR142C
YDR054C	YMR199W
YDL060W	YKL054C
YER133W	YGL256W
YER133W	YMR012W
YDL029W	YNR035C
YLR117C	YNL255C
YJL087C	YPL141C
YDL030W	YMR125W
YCR020W-B	YIL033C
YJL187C	YNL094W
YFR004W	YOR283W
YIR010W	YPR034W
YLR424W	YPL018W
YBR065C	YPL213W
YFR047C	YNL189W
YMR313C	YPL031C
YIR025W	YNL255C
YLR442C	YMR223W
YKR086W	YPL213W
YKR048C	YPL031C
YDR331W	YPR028W
YER125W	YOR181W
YBL003C	YDL051W
YMR142C	YNL178W
YCR084C	YLR418C
YEL034W	YOL059W
YDR096W	YPR154W
YDR128W	YGL100W
YER177W	YPL231W
YDR510W	YOR151C
YGL019W	YLR418C
YDR155C	YGL194C
YHR135C	YPL071C
YAL023C	YDR411C
YBR084W	YGL019W
YGR282C	YPR152C
YDR381W	YGR270W
YKL190W	YOR315W
YCR012W	YNL147W
YDR283C	YML010W
YNL255C	YPL110C
YHR154W	YLR340W
YJL165C	YPR119W
YDR331W	YGR174C
YJL103C	YPL031C
YJL098W	YNL255C
YDR452W	YER112W
YDR409W	YLR314C
YCL059C	YDR457W
YBR207W	YLL048C
YBR290W	YER125W
YMR273C	YPL115C
YDL185W	YLL040C
YLR075W	YPR181C
YMR112C	YOL051W
YCR093W	YIL038C
YKL201C	YNL255C
YGL056C	YPL031C
YPL038W	YPR154W
YHR135C	YOR070C
YBL058W	YDR388W
YHR102W	YNL161W
YBR058C	YGL106W
YFR031C	YJL074C
YCR012W	YPR152C
YDL047W	YDR477W
YDR280W	YOL142W
YDR045C	YNL255C
YDR335W	YLR293C
YDR388W	YPL235W
YML054C	YNR017W
YNL255C	YPL271W
YDL072C	YML029W
YNL197C	YNL321W
YDR235W	YPL213W
YDR252W	YPR072W
YDR347W	YJR113C
YML010W	YPR086W
YDL070W	YPL031C
YJR118C	YOR054C
YGL100W	YIR010W
YDR490C	YMR104C
YGL190C	YMR273C
YGR129W	YLR424W
YGR129W	YKR086W
YLR304C	YMR072W
YDR155C	YKL191W
YIL107C	YJL187C
YNL248C	YPR052C
YER177W	YHR027C
YKR055W	YPL161C
YDR227W	YLR278C
YOR181W	YPR154W
YGL209W	YJL187C
YDR043C	YHL027W
YDR224C	YJL081C
YIL142W	YJR070C
YBR041W	YKL094W
YBL026W	YIL132C
YGL229C	YNL076W
YHR026W	YKL065C
YDR510W	YOL051W
YBR298C	YMR264W
YDR480W	YNL189W
YER172C	YHR152W
YJL164C	YLL040C
YLR350W	YOR054C
YDR481C	YNL197C
YKL028W	YOL051W
YNL064C	YPL233W
YHR154W	YMR190C
YIL105C	YPR119W
YBL093C	YMR112C
YJR059W	YMR196W
YOR089C	YOR370C
YGL076C	YLR075W
YLL019C	YPL043W
YNL044W	YNL304W
YDR155C	YJL020C
YDL090C	YKL019W
YLR007W	YNL255C
YBR039W	YML058W
YDR495C	YKR014C
YGR246C	YNR003C
YGL076C	YNL049C
YDR227W	YNL030W
YBR086C	YKL212W
YEL034W	YHR200W
YDR246W	YEL048C
YGR232W	YHL030W
YJL164C	YKL038W
YGL019W	YNL131W
YJR082C	YOL061W
YHR027C	YOR270C
YKL002W	YMR117C
YER169W	YNL030W
YML016C	YOR054C
YDR334W	YDR485C
YLR208W	YPR107C
YBR044C	YJR022W
YDR510W	YJL176C
YDR276C	YLR241W
YDR335W	YKL029C
YIR005W	YMR105C
YGR214W	YLL036C
YBL045C	YNR017W
YHR060W	YNL255C
YEL032W	YJL164C
YKR104W	YOL143C
YAL007C	YHR026W
YLR350W	YOR016C
YNL293W	YOR089C
YGR060W	YKL065C
YGL019W	YIR010W
YBL003C	YDR496C
YKL038W	YOR047C
YAL015C	YML105C
YKR079C	YNL161W
YEL071W	YPL004C
YDR477W	YER027C
YER086W	YOR257W
YCL033C	YOL082W
YFR004W	YGR232W
YJL030W	YOR026W
YKR048C	YNL078W
YGL059W	YIL107C
YIR022W	YJR010C-A
YCR093W	YDL145C
YMR105C	YMR120C
YHR102W	YOR353C
YAL007C	YLR026C
YHR079C	YPR091C
YJL077C	YNL255C
YLR315W	YOR275C
YGR040W	YHR001W
YOR273C	YPL004C
YBR041W	YKL140W
YDR043C	YIL035C
YER125W	YLR392C
YLR197W	YLR455W
YFL018C	YGR193C
YDR035W	YLR355C
YNL265C	YOL142W
YDR361C	YJR056C
YGR048W	YPL269W
YCR009C	YPL004C
YGR048W	YHR124W
YER026C	YGR060W
YFL017C	YMR117C
YBL060W	YJL047C
YFR004W	YPL031C
YIR010W	YKL006W
YMR087W	YNL135C
YNL263C	YPR028W
YHL020C	YKL065C
YGR077C	YNL214W
YIR010W	YPL143W
YJL081C	YJL098W
YDR381W	YLR022C
YIR008C	YPR019W
YGL059W	YKR048C
YDR510W	YMR233W
YLR026C	YNL044W
YBR194W	YLR197W
YGR130C	YJL106W
YNL030W	YOR064C
YML010W	YPR133C
YMR032W	YNL152W
YBR103W	YGL194C
YJL058C	YLR295C
YBL010C	YPL018W
YER021W	YJL165C
YAL023C	YOL013C
YBL030C	YHR027C
YKL171W	YPR181C
YNL255C	YPL139C
YDR124W	YOR158W
YGL011C	YML092C
YIL126W	YNL255C
YDR335W	YOL051W
YDL065C	YDR244W
YML024W	YNL124W
YDL125C	YHL018W
YFL050C	YJL164C
YNL255C	YOR042W
YFL022C	YLR293C
YDR388W	YLR436C
YDR381W	YOR270C
YGL105W	YGR040W
YDR318W	YLR315W
YJL001W	YPR054W
YDL186W	YPL031C
YDR293C	YHR135C
YFL009W	YKL159C
YDR490C	YHR205W
YAR018C	YDR216W
YJR123W	YOL040C
YJL187C	YKR079C
YAL018C	YMR001C
YBR139W	YER062C
YIL010W	YPL031C
YFR031C	YOR027W
YMR054W	YOL018C
YGL190C	YGR098C
YFR004W	YFR053C
YHR161C	YIL122W
YIR010W	YMR012W
YJL020C	YLR332W
YER172C	YKR086W
YMR032W	YOL036W
YDR346C	YOR039W
YNL255C	YPR062W
YGR253C	YJL001W
YDR142C	YIL160C
YBL075C	YLR362W
YGR203W	YIL119C
YCR093W	YNL091W
YER017C	YFL018C
YLL021W	YOR231W
YBR048W	YLR340W
YBR135W	YNL030W
YDR477W	YLR192C
YLL050C	YNL079C
YER012W	YER021W
YGR040W	YNR033W
YIL077C	YJL187C
YGL076C	YNL132W
YFR004W	YML028W
YNL132W	YPR137W
YBL050W	YOR351C
YFR004W	YLR192C
YCL039W	YIL017C
YDR138W	YER125W
YHR079C	YNL192W
YBR273C	YKL213C
YBR173C	YNL255C
YMR121C	YNL124W
YGL011C	YOL146W
YOL123W	YPL140C
YBL046W	YDR224C
YCR009C	YIL148W
YCR012W	YGL158W
YDR266C	YHR082C
YLR433C	YMR246W
YPL043W	YPL131W
YDR381W	YGL237C
YER094C	YJL001W
YGL023C	YPL031C
YDR392W	YPL001W
YFL007W	YGR253C
YHR200W	YPL231W
YBR111C	YPL070W
YER006W	YLR106C
YER020W	YNL283C
YJL164C	YLR133W
YDL072C	YKL065C
YDR388W	YPR093C
YJL164C	YKL166C
YKL117W	YNL255C
YER125W	YJR059W
YBL045C	YMR059W
YDR507C	YKR048C
YIL126W	YJL074C
YIL035C	YLR362W
YER133W	YOR179C
YBR194W	YER006W
YHR200W	YLR058C
YHR164C	YMR190C
YBR200W	YKL040C
YGR040W	YPL233W
YDR308C	YHR058C
YDL030W	YDR363W-A
YHR200W	YLR293C
YHR200W	YOL040C
YIR010W	YNR016C
YGL208W	YNR035C
YDL180W	YLR452C
YDR293C	YGL178W
YDL126C	YNL255C
YLR371W	YNL283C
YBR110W	YBR290W
YDR381W	YPL195W
YOR047C	YPR103W
YFR004W	YNL108C
YFL007W	YPR103W
YGR136W	YNL094W
YLR423C	YPR049C
YMR290C	YPL009C
YER146W	YMR268C
YAL027W	YNL106C
YMR203W	YNL055C
YDL065C	YGR052W
YJR059W	YNL293W
YLL036C	YPR152C
YDL107W	YNL255C
YGL151W	YML007W
YHL042W	YJR010C-A
YBL003C	YLR276C
YGR287C	YLR096W
YNL078W	YOL070C
YJR059W	YMR068W
YJR059W	YNL125C
YGR092W	YHR182W
YIL156W	YJL020C
YOL001W	YPR115W
YFR004W	YNR043W
YCR099C	YHR082C
YDL149W	YFR021W
YDR229W	YJL164C
YDR328C	YLL050C
YGR253C	YML092C
YDL005C	YPR070W
YAL059W	YLR009W
YER112W	YNL147W
YKL203C	YNL138W
YMR171C	YPL031C
YFL034W	YNL255C
YIL156W	YPL031C
YGL172W	YMR129W
YBL030C	YNR017W
YBR234C	YKL129C
YFR004W	YLR243W
YHR198C	YLL005C
YER177W	YFR004W
YDL115C	YHR135C
YGL011C	YJL088W
YDL145C	YOL087C
YKL103C	YNL189W
YMR043W	YNL042W
YDR510W	YMR076C
YKL028W	YNL255C
YJR093C	YML028W
YDR225W	YLR247C
YDR122W	YER167W
YBL011W	YFL033C
YBL003C	YNL132W
YLR130C	YNL197C
YIR024C	YNL248C
YKR072C	YNL255C
YDL179W	YKR048C
YGL100W	YPR080W
YPR178W	YPR182W
YFL009W	YPL256C
YBL023C	YGR270W
YDL223C	YJR059W
YHR191C	YNL255C
YLR075W	YMR127C
YKL166C	YPL166W
YGL111W	YHR066W
YDL116W	YNL189W
YMR291W	YPL141C
YHR135C	YOR089C
YDR322W	YOL027C
YJL164C	YKL093W
YBL026W	YNL147W
YOR043W	YPR030W
YHR082C	YLR022C
YGR192C	YHR027C
YDR130C	YFR024C-A
YGL115W	YGL158W
YJR075W	YPL031C
YDR244W	YOL044W
YBR194W	YPL235W
YHR200W	YMR083W
YDR251W	YPL031C
YBR142W	YHR066W
YEL051W	YGR120C
YDL070W	YJL187C
YMR036C	YNL197C
YDR388W	YNL086W
YKR001C	YPR034W
YER086W	YER095W
YKL203C	YNL255C
YER133W	YOR329C
YCR093W	YDR252W
YDR293C	YKR028W
YLR072W	YOR141C
YAL014C	YER133W
YGR199W	YHL042W
YDL029W	YHR027C
YHR027C	YKL145W
YDR276C	YJR010C-A
YBL106C	YLR423C
YJL187C	YOR101W
YBR200W	YMR183C
YDL126C	YKL213C
YMR140W	YOR351C
YFR024C-A	YHL004W
YBR107C	YGR052W
YCR061W	YLR138W
YLR360W	YPL120W
YBL046W	YNL255C
YER164W	YML010W
YDR130C	YOL040C
YBL046W	YDR293C
YKL167C	YKR006C
YKL029C	YNR016C
YER020W	YGR130C
YBR035C	YFR004W
YHR174W	YJL030W
YER021W	YIL075C
YDR329C	YOR326W
YGL003C	YKL022C
YDR507C	YOR141C
YHR118C	YPL001W
YDR201W	YDR507C
YCR093W	YER068W
YFR052W	YPL082C
YDR510W	YLR033W
YDR293C	YDR477W
YNL255C	YPL143W
YGL084C	YHL042W
YNL255C	YPR137W
YDR148C	YLR410W
YNL032W	YNL093W
YDR174W	YNL255C
YDR365C	YHR089C
YDR080W	YGL212W
YLR249W	YPR180W
YDR381W	YLR249W
YBR200W	YDR481C
YKL145W	YMR264W
YDR519W	YNL255C
YKL065C	YLL028W
YNL044W	YNL263C
YKL159C	YMR139W
YER088C	YJL164C
YBL026W	YDL184C
YCR076C	YER094C
YJL081C	YNL136W
YBR207W	YEL013W
YER125W	YOL122C
YDR247W	YER133W
YDL149W	YER157W
YFL024C	YGR002C
YER172C	YPL213W
YDL002C	YDR190C
YJR050W	YNL255C
YHR111W	YPL070W
YHR135C	YLR192C
YDR130C	YGL076C
YER010C	YJR059W
YJL176C	YPR052C
YLR381W	YPR046W
YFR024C-A	YLR422W
YHL011C	YKL029C
YIR010W	YMR093W
YFL033C	YHR205W
YNL041C	YNL051W
YIL109C	YLR208W
YHL002W	YOR138C
YDR510W	YLR028C
YDR227W	YER105C
YKL166C	YML013W
YGR040W	YNL233W
YKL129C	YMR032W
YHR026W	YOR270C
YGR196C	YOR231W
YJR059W	YKR021W
YER029C	YER172C
YIL038C	YPL231W
YBR205W	YFR024C-A
YDR510W	YLL019C
YGL229C	YPL180W
YMR160W	YMR304W
YDL161W	YPL115C
YFL054C	YPL031C
YCR073W-A	YNR034W
YDR397C	YPL082C
YFL013C	YIR010W
YJL014W	YJL176C
YER078C	YGL059W
YEL054C	YLR340W
YER155C	YPR034W
YDR388W	YIL106W
YER172C	YLR310C
YIR005W	YLL036C
YHR061C	YMR032W
YGL003C	YIL142W
YJL164C	YLR319C
YDR388W	YGR250C
YDR507C	YFR027W
YIR010W	YPL016W
YGR214W	YKL010C
YJR059W	YLR319C
YJR044C	YLR096W
YBR001C	YHR102W
YDR390C	YGR048W
YIL039W	YIR038C
YGL059W	YMR086W
YPL031C	YPL139C
YBR084W	YNL255C
YKL085W	YLR074C
YNL044W	YPL070W
YDR310C	YDR328C
YNL298W	YPR115W
YLR005W	YOL051W
YCR077C	YER115C
YDR381W	YNL255C
YBL075C	YKR072C
YGR135W	YIL105C
YLR197W	YNL124W
YJL099W	YPR080W
YGL025C	YOL130W
YHR027C	YHR174W
YMR223W	YOL148C
YBL037W	YNL197C
YOR042W	YOR181W
YIL109C	YLR245C
YJL066C	YMR203W
YIL153W	YNL314W
YIL042C	YJL098W
YLL021W	YLR319C
YBL030C	YNL055C
YDR162C	YMR299C
YDR145W	YNL255C
YDL020C	YDR363W-A
YDR381W	YML010W
YHR135C	YNL304W
YDL173W	YHR082C
YHR079C	YNL074C
YEL015W	YOR167C
YBR036C	YMR306W
YLR009W	YLR074C
YIR019C	YMR284W
YDL222C	YGR130C
YGR055W	YIL105C
YJR059W	YNL074C
YFR004W	YML092C
YJR059W	YLR410W
YHR027C	YNL055C
YNL093W	YOR132W
YJL189W	YOR229W
YFR024C-A	YOR039W
YJL048C	YLR368W
YBR253W	YPL248C
YDR388W	YHL008C
YFL044C	YKL020C
YBR273C	YDL126C
YJL074C	YPR007C
YDR246W	YDR407C
YEL009C	YPR034W
YOR259C	YPL248C
YKL166C	YOR068C
YHR158C	YPL155C
YGR132C	YGR231C
YGL059W	YLR319C
YLR025W	YPL002C
YBL045C	YPR191W
YBR126C	YGR092W
YDL015C	YML085C
YDL220C	YGL256W
YDR331W	YNL044W
YLR005W	YNL135C
YNL255C	YPR037C
YGR098C	YGR163W
YPR054W	YPR191W
YGL059W	YJL164C
YDL100C	YHR200W
YFR004W	YML010W
YMR186W	YNL041C
YDR365C	YKL015W
YKL145W	YML092C
YDL100C	YOL044W
YBR011C	YJL098W
YGL076C	YNL255C
YDR224C	YNL157W
YDL072C	YHL020C
YKL129C	YOR181W
YMR290C	YOL127W
YDR310C	YLL004W
YFL037W	YJL014W
YEL013W	YPL180W
YDR404C	YLR192C
YMR214W	YPR129W
YER172C	YJR050W
YFR004W	YJR123W
YDR189W	YLR078C
YCR079W	YIL125W
YHR061C	YMR273C
YHR027C	YML092C
YDR247W	YGR200C
YKR042W	YNL255C
YGR098C	YMR273C
YGL172W	YNL147W
YHR073W	YPL043W
YKL062W	YNL136W
YDL185W	YLR442C
YGL190C	YNL222W
YNL056W	YNL255C
YMR120C	YNL255C
YDR227W	YGR010W
YKR029C	YMR273C
YJR008W	YNL197C
YOL025W	YOL133W
YOL016C	YPL166W
YEL034W	YHR027C
YBR110W	YGR060W
YGR130C	YMR031C
YGR135W	YPR103W
YHL004W	YLR423C
YBR119W	YER029C
YER106W	YER177W
YBR200W	YPL045W
YDR027C	YFR024C-A
YIL105C	YKL203C
YFL050C	YHR135C
YDL100C	YOL111C
YIR038C	YJL151C
YDR334W	YDR510W
YIL062C	YNL255C
YCR009C	YMR232W
YBR298C	YKL065C
YBR272C	YPL001W
YNL255C	YNR027W
YFL014W	YHR152W
YGL025C	YPR052C
YOL006C	YOR009W
YEL032W	YPR135W
YNL189W	YOL135C
YGR108W	YNL197C
YDL214C	YIL107C
YCR009C	YGL060W
YDR245W	YGR231C
YLL013C	YML091C
YDL222C	YGR065C
YDR365C	YML105C
YDR143C	YLR106C
YCL052C	YJR010C-A
YDR201W	YKR083C
YBR290W	YPR028W
YLR102C	YMR001C
YBR103W	YML109W
YHR083W	YNL092W
YHR073W	YPR191W
YDL220C	YGR092W
YIR010W	YJL081C
YDR388W	YHL030W
YDR510W	YMR083W
YDL210W	YKL065C
YBR142W	YLR009W
YPL016W	YPR034W
YER121W	YKL002W
YDR510W	YER041W
YJL187C	YPR024W
YCL010C	YDR145W
YDR227W	YIL075C
YCL010C	YOL148C
YER125W	YKL150W
YDL077C	YLR262C
YNL055C	YNR017W
YGL028C	YNL197C
YER079W	YHR135C
YCL010C	YLR055C
YHR200W	YKR001C
YIL094C	YJR123W
YNL255C	YOL129W
YBL091C-A	YOL113W
YNR010W	YPR168W
YJL030W	YOR370C
YJL106W	YPR115W
YDR130C	YIR010W
YDR388W	YNL206C
YDR145W	YIR010W
YGL133W	YNL255C
YBR234C	YCR009C
YFL011W	YGR040W
YGR145W	YLR186W
YDR383C	YNL189W
YDR120C	YER125W
YCL014W	YLR058C
YGL059W	YMR196W
YDL065C	YLR324W
YDR201W	YNL084C
YJR049C	YJR059W
YLR026C	YPR105C
YCR077C	YNL147W
YGR077C	YJL210W
YDL030W	YML104C
YDR145W	YPR086W
YPR093C	YPR187W
YJR009C	YML053C
YFR052W	YPR108W
YJL164C	YOR092W
YGR057C	YIL109C
YBR103W	YHL004W
YHR027C	YKL182W
YGL212W	YKL196C
YGL060W	YML007W
YLR423C	YOR353C
YHR135C	YLR134W
YGL105W	YJL165C
YCR042C	YOL051W
YMR210W	YOL113W
YCL028W	YDR308C
YBL026W	YPL119C
YCR073W-A	YNL255C
YCL039W	YPL018W
YER100W	YKL210W
YBR107C	YBR211C
YBR223C	YDR510W
YDL015C	YDL206W
YDL070W	YNL298W
YDL097C	YDR142C
YJL074C	YPL235W
YGR122W	YLR025W
YER057C	YFR004W
YJR022W	YKR104W
YDR086C	YPR071W
YBR065C	YER013W
YGR130C	YMR142C
YGR055W	YPL004C
Q0085	YPL078C
YNL161W	YOR353C
YPL078C	YPL271W
YBR083W	YFL009W
YKR029C	YPR152C
YER043C	YKL161C
YNL263C	YOR357C
YDR510W	YPR180W
YGR002C	YNL136W
YCL039W	YIL097W
YMR186W	YOL013C
YBR102C	YER008C
YDL051W	YML105C
YDR308C	YGL158W
YGL237C	YLR114C
YIR010W	YJR007W
YBR234C	YJR065C
YOL051W	YPR070W
YLR249W	YNL041C
YDR388W	YER049W
YHR135C	YJR001W
YNL178W	YPR129W
YBL026W	YGR077C
YHR027C	YML057W
YER012W	YER094C
YGL115W	YMR001C
YEL013W	YHR195W
YKL166C	YMR184W
YDR128W	YOR093C
YDR411C	YGR048W
YDR118W	YLR401C
YOR375C	YPL228W
YDL223C	YGL059W
YDL047W	YOR259C
YER029C	YJR084W
YIL152W	YLR423C
YHR082C	YMR184W
YNL250W	YOL069W
YDR357C	YPR182W
YDR248C	YDR304C
YML017W	YNL255C
YOR016C	YPR156C
YKL059C	YPL008W
YDR510W	YGR246C
YLR138W	YNL255C
YNL093W	YOR370C
YDR145W	YER164W
YGR130C	YPL031C
YDL214C	YHL018W
YIL106W	YPR111W
YFL034W	YOR351C
YIL125W	YMR072W
YDR510W	YJR076C
YJL051W	YMR001C
YDR284C	YPR071W
YCL036W	YNL255C
YFL044C	YKL213C
YBL099W	YDR322C-A
YCR024C	YPL031C
YEL034W	YLR340W
YPL061W	YPR080W
YHL011C	YKL181W
YGL133W	YIR010W
YHR027C	YML070W
YHR135C	YJR019C
YER112W	YIR010W
YNL147W	YPR082C
YKL164C	YOL016C
YPL045W	YPL195W
YDR006C	YHR200W
YDR044W	YDR077W
YKL007W	YOR181W
YER044C	YGR060W
YAR018C	YDL214C
YER157W	YNL041C
YDL155W	YDR216W
YPL031C	YPR103W
YER013W	YPL213W
YJL164C	YOL130W
YFR030W	YHR200W
YFL037W	YMR304W
YDR096W	YFL023W
YDL195W	YHR200W
YDR453C	YMR059W
YDL141W	YGL105W
YDR510W	YGL130W
YLR452C	YNL327W
YDL100C	YHL004W
YOR047C	YOR302W
YKL052C	YML024W
YJL014W	YPL112C
YBL097W	YGR135W
YHR135C	YLR098C
YDL188C	YDR523C
YDR388W	YPR081C
YDL239C	YLR072W
YDL188C	YGL011C
YER012W	YKL206C
YEL009C	YOR298C-A
YFL024C	YPL082C
YDL145C	YJL117W
YGR223C	YPL028W
YDR430C	YGR193C
YDR155C	YOL068C
YAR062W	YNL255C
YOR112W	YOR270C
YKL020C	YKL213C
YAL007C	YNL055C
YDR318W	YDR510W
YDR118W	YLR102C
YDR229W	YDR388W
YBL003C	YNL255C
YIL075C	YOR259C
YHR027C	YOL040C
YGL190C	YLR249W
YHR182W	YJL164C
YHR008C	YOL016C
YFR019W	YPL004C
YNL082W	YOL090W
YHR174W	YPL031C
YFR052W	YGR135W
YKL203C	YMR036C
YBL051C	YKR096W
YDR044W	YDR174W
YKL092C	YPL256C
YKR018C	YPL031C
YMR129W	YNL197C
YGL087C	YMR140W
YHR027C	YNL064C
YMR120C	YOR181W
YMR167W	YPL164C
YHR182W	YPL031C
YLR337C	YMR032W
YDR481C	YPL195W
YJL165C	YKL038W
YKR008W	YLR410W
YHL020C	YIL035C
YDR496C	YLR002C
YDL010W	YOL062C
YDL184C	YER112W
YKR001C	YLR357W
YJL123C	YJR059W
YNL042W	YNL197C
YER178W	YIL042C
YGL158W	YJR119C
YEL032W	YPR019W
YBL026W	YPL249C-A
YBL030C	YDR328C
YGL158W	YML042W
YDR523C	YMR196W
YBR135W	YMR199W
YBR049C	YBR194W
YLR417W	YPL002C
YNL197C	YPL006W
YER133W	YPL143W
YLR240W	YLR360W
YEL056W	YNL030W
YHR054C	YML091C
YJR113C	YOR158W
YDR225W	YNL246W
YLR117C	YNL286W
YER086W	YOR160W
YER043C	YNL157W
YCR084C	YJL156C
YCL010C	YER164W
YCR097W	YNL255C
YDR288W	YLR453C
YDR477W	YIL156W
YIR001C	YMR012W
YDR448W	YJL058C
YPL018W	YPL233W
YKL197C	YOL044W
YDL039C	YDL214C
YFR004W	YKR046C
YHR026W	YOR016C
YBR039W	YNL255C
YKL067W	YMR203W
YGR120C	YJR108W
YGR249W	YHR135C
YLR197W	YNL255C
YDL078C	YDR304C
YHR135C	YOR083W
YGR276C	YHR135C
YFL037W	YGL001C
YIL066C	YML058W
YIL035C	YOL016C
YBL075C	YCR043C
YDL058W	YFL038C
YHR027C	YJR009C
YHR200W	YPR181C
YBR007C	YMR127C
YER012W	YLR290C
YDL188C	YGL190C
YLL028W	YPR156C
YNL086W	YOL069W
YGL019W	YPL195W
YOR027W	YPR178W
YDR039C	YKL203C
YBR148W	YER006W
YKL040C	YNL255C
YJL187C	YMR001C
YDR363W-A	YFR004W
YDR145W	YJL187C
YBL036C	YNL255C
YMR001C	YNL068C
YDL054C	YOR315W
YAL015C	YNL255C
YDL090C	YKR048C
YHR179W	YMR059W
YHR082C	YNR006W
YJR045C	YKL191W
YBL045C	YDL179W
YHR200W	YML070W
YDR005C	YDR335W
YCL028W	YDR128W
YFR024C-A	YPR097W
YBL003C	YGR270W
YGL081W	YJL074C
YDR216W	YDR448W
YGR067C	YGR135W
YCR091W	YOL104C
YMR117C	YNL250W
YER043C	YHR135C
YDL053C	YIR010W
YGR167W	YJR125C
YDR510W	YLR192C
Q0085	YLR295C
YGL130W	YOR375C
YDR453C	YNL189W
YGR040W	YOL033W
YFR004W	YLL013C
YLR074C	YNL182C
YDR039C	YLR332W
YNL124W	YPL131W
YIL143C	YLR028C
YLR022C	YLR424W
YJL107C	YJR091C
YHL032C	YPL004C
YLR357W	YPL082C
YIR037W	YLR345W
YBR137W	YDR335W
YGR006W	YPR046W
YNL086W	YPR185W
YJL098W	YPR054W
YBR107C	YPR049C
YIR006C	YLL021W
YDL188C	YER094C
YGL190C	YJL014W
YGR229C	YLR319C
YER112W	YNL118C
YDR383C	YPL018W
YLR133W	YMR139W
YGL158W	YOL148C
YHL008C	YNL197C
YML030W	YNL255C
YCR035C	YOL115W
YDL098C	YMR268C
YBL003C	YDR381W
YHR183W	YPL031C
YDR409W	YGR126W
YLR025W	YNL255C
YDR162C	YNL094W
YCR105W	YGR092W
YBR107C	YGR161C
YIR010W	YJR060W
YMR190C	YPL141C
YIR038C	YNL263C
YJR022W	YNL329C
YJL084C	YMR139W
YIR010W	YLR340W
YDR484W	YER157W
YER039C	YNL130C
YLR074C	YOL127W
YBL056W	YFR004W
YDR330W	YGR268C
YKL085W	YKL157W
YER177W	YPR008W
YKL012W	YNL255C
YNR049C	YPL232W
YLR035C	YPR034W
YDR150W	YOL069W
YDR510W	YLR442C
YFR004W	YMR186W
YDL045W-A	YJR059W
YBL056W	YDL145C
YKL195W	YLL018C-A
YNL255C	YPL131W
YGL105W	YNL021W
YDR027C	YDR484W
YGR040W	YIL038C
YEL009C	YPR025C
YDL155W	YDR146C
YGR270W	YLR455W
YCR035C	YDR280W
YHR140W	YIL016W
YNL178W	YNL255C
YBR052C	YCR004C
YDL047W	YGR282C
YKL012W	YML010W
YAL018C	YLR034C
YCR033W	YGL194C
YGL158W	YPR070W
YJR001W	YNR075W
YDL051W	YKL122C
YLL043W	YLR332W
YGR154C	YHR135C
YEL013W	YMR197C
YPL164C	YPR191W
YAL059W	YPL131W
YDR510W	YJR045C
YHR027C	YKL010C
YHR105W	YNL204C
YBL003C	YER006W
YJR123W	YNL055C
YBL051C	YPL235W
YBR081C	YMR223W
YCR084C	YPR168W
YGR060W	YJR118C
YBL022C	YKL016C
YBR298C	YEL027W
YDR335W	YPR008W
YJR104C	YNL020C
YDR146C	YGR002C
YCR073C	YHR027C
YDL097C	YGR232W
YER157W	YLR423C
YMR203W	YPR133W-A
YDL184C	YKR048C
YDL145C	YGR270W
YMR012W	YPR152C
YDL045W-A	YJR113C
YNL314W	YPL031C
YFR024C-A	YNL094W
YCL052C	YHR026W
YBR039W	YDR523C
YCR035C	YFR004W
YER068W	YJR119C
YHL030W	YNL132W
YKL023W	YKL166C
YBL030C	YIR010W
YDL164C	YGL053W
YLR376C	YNL255C
YDR155C	YKL103C
YML010W	YNL255C
YJR082C	YPL031C
YJL129C	YOR196C
YGL059W	YHR105W
YDL210W	YHR082C
YML007W	YOL051W
YLR249W	YOR086C
YER115C	YML109W
YDR379W	YLR206W
YHR135C	YMR184W
YKL157W	YLR304C
YFL037W	YHR027C
YHR154W	YPR052C
YAL023C	YDL093W
YDL173W	YLR382C
YGR054W	YPL004C
YLR315W	YPR072W
YFR004W	YPR149W
YFL003C	YGL249W
YDR331W	YKL212W
YNL044W	YNL093W
YBR272C	YOR259C
YJL105W	YPL031C
YGL158W	YOR089C
YFR004W	YKL029C
YDL195W	YPR181C
YFR015C	YGR052W
YDR255C	YIL017C
YLR003C	YNL255C
YDR392W	YER164W
YDR510W	YER062C
YCR004C	YHR027C
YDR510W	YNR021W
YDR190C	YPL053C
YJL165C	YOR292C
YDR381W	YNL049C
YBL106C	YGR092W
YBL023C	YLR096W
YIL035C	YMR036C
YGL237C	YJL081C
YDR227W	YFL007W
YHR082C	YNL293W
YFR024C-A	YPL249C
YDL002C	YFL033C
YKR014C	YPL045W
YOR141C	YPL031C
YFR051C	YPL057C
YBR173C	YML092C
YCL028W	YOR007C
YHR200W	YML028W
YBR035C	YFL033C
YER177W	YLL013C
YDR122W	YER133W
YHL012W	YNL197C
YFR021W	YHR135C
YHR152W	YNL134C
YNL144C	YNL255C
YFL045C	YOL062C
YKL145W	YPL235W
YGL158W	YMR155W
YDR507C	YMR110C
YDL051W	YNL255C
YDR147W	YGL158W
YEL009C	YPR086W
YCR012W	YFL023W
YCR077C	YNL124W
YBR084W	YHR089C
YBL058W	YFR004W
YGL025C	YPL031C
YBR272C	YGR232W
YGR142W	YNL263C
YJR102C	YML101C
YGL158W	YNL064C
YLR096W	YPR115W
YDR480W	YHR082C
YHR102W	YLR368W
YJR076C	YPL018W
YER157W	YFL038C
YCR012W	YER146W
YBR278W	YDR381W
YDR347W	YGR084C
YIL094C	YLL040C
YCL014W	YML010W
YBR135W	YDR334W
YBR072W	YDR510W
YCL059C	YNL178W
YGR055W	YNL268W
YPL031C	YPR160W
YDR490C	YPL005W
YJL001W	YPR103W
YDL027C	YFR024C-A
YBR264C	YER136W
YGR120C	YPR105C
YBL003C	YDR190C
YFR004W	YLL050C
YDR224C	YKR048C
YNL255C	YOL096C
YGR108W	YPR119W
YFR004W	YKR043C
YDL047W	YLR097C
YBR194W	YHR174W
YDL070W	YJL106W
YCL028W	YDR499W
YML028W	YNL249C
YDR308C	YPL248C
YLR106C	YPL043W
YDR510W	YJL138C
YGL158W	YJR096W
YBR077C	YML121W
YGR061C	YHR027C
YML016C	YPR005C
YCR091W	YDL039C
YER029C	YNR053C
YDL029W	YMR105C
YDR318W	YIR010W
YGL151W	YGL158W
YDL053C	YHR135C
YDR224C	YDR334W
YDL005C	YPR168W
YFL033C	YIL126W
YJL107C	YNL255C
YGL237C	YNL063W
YDR145W	YOL051W
YDR477W	YIL160C
YCL059C	YLR340W
YER179W	YNL055C
YBR205W	YIR038C
YDR510W	YER088C
YGL060W	YLR381W
YIL109C	YLR078C
YBR119W	YML016C
YDR050C	YMR186W
YHR027C	YPL140C
YER133W	YIL035C
YDR381W	YJR006W
YGR056W	YLR033W
YDL181W	YLL021W
YBR053C	YFR004W
YDR146C	YJL081C
YER178W	YFR004W
YHR005C	YLR452C
YCR033W	YHR119W
YHR082C	YOL104C
YFR024C-A	YOR042W
YBL060W	YOR094W
YKR048C	YOR032C
YDR148C	YGL076C
YCR043C	YDR381W
YLR424W	YPL213W
YGL077C	YHR094C
YBR194W	YGR132C
YKL150W	YPR154W
YFL024C	YJL081C
YDR308C	YGL151W
YGR268C	YLR206W
YGL178W	YNR052C
YEL005C	YNL086W
YER006W	YNR053C
YGL025C	YPL248C
YDL053C	YGR178C
YHR135C	YNL125C
YFR004W	YOR251C
YER136W	YFL038C
YLR332W	YLR371W
YHR027C	YOR181W
YCL032W	YHR061C
YCR105W	YJL020C
YNL130C	YNL336W
YBR080C	YLR026C
YLL040C	YOR257W
YDR507C	YLR345W
YIL143C	YJL153C
YIL076W	YNL161W
YDR388W	YFR030W
YNL189W	YNL246W
YJR088C	YNL255C
YDR096W	YMR048W
YLR319C	YNL293W
YMR237W	YNL045W
YGR120C	YMR025W
YBR130C	YGL106W
YER172C	YLR117C
YDR238C	YFR004W
YHR027C	YLR058C
YCL009C	YFR004W
YIL075C	YJL001W
YBR298C	YHL042W
YDR196C	YNL255C
YDL070W	YDR381W
YGR016W	YGR040W
YBL075C	YGL130W
YBL030C	YMR083W
YJR010C-A	YOR016C
YGL106W	YLR356W
YJR032W	YMR186W
YML010W	YOR217W
YLL036C	YNL286W
YHR167W	YIL075C
YHR111W	YML110C
YDL133W	YNL255C
YNL255C	YPR134W
YLR337C	YNL197C
YJR032W	YLR096W
YDR457W	YIL148W
YDR189W	YDR498C
YGR052W	YLR072W
YDR145W	YKL038W
YIL096C	YKL171W
YKL122C	YKL129C
YGR192C	YGR270W
YGR054W	YIR010W
YDR388W	YLR243W
YBR065C	YDR088C
YLR418C	YOR039W
YDL065C	YKR001C
YLR424W	YOR158W
YCR033W	YIL068C
YNL104C	YPL031C
YBR048W	YGL076C
YDL126C	YLR207W
YBR081C	YEL009C
YDL161W	YGL206C
YGR095C	YNL265C
YNL255C	YPL134C
YJL048C	YKL213C
YGR135W	YJL001W
YDR507C	YIR008C
YLR423C	YLR424W
YGR084C	YPL013C
YDR266C	YHR079C
YFR004W	YLR304C
YCR101C	YHL042W
YDR507C	YNL078W
YBL022C	YML029W
YER043C	YHR027C
YDR510W	YFL013C
YIR011C	YKL145W
YFR021W	YJL187C
YLR075W	YNL049C
YDL156W	YJL014W
YEL012W	YPL141C
YGL167C	YLR026C
YDR381W	YKL018W
YJL070C	YJR059W
YDR510W	YPR031W
YDR247W	YLR003C
YKL198C	YOR298C-A
YHL004W	YJR113C
YGL178W	YLR452C
YDL079C	YKL103C
YBR081C	YDR146C
YHR200W	YIL075C
YLR250W	YNL255C
YDL126C	YKL020C
YJR032W	YLR314C
YDR381W	YLR386W
YCL014W	YER177W
YDR425W	YJL164C
YER125W	YKL203C
YDR174W	YDR510W
YLR452C	YML085C
YDL145C	YPL222W
YGL249W	YNL197C
YDR494W	YNR036C
YDR390C	YPR180W
YBR272C	YNL030W
YGR270W	YKR001C
YGL106W	YLR319C
YHR027C	YOR184W
YMR154C	YOL016C
YMR032W	YOL070C
YHR105W	YOR034C
YNL236W	YOR355W
YLR075W	YNL124W
YFR003C	YML016C
YJR044C	YNL197C
YKL023W	YKR092C
YER125W	YPL193W
YDR227W	YNL189W
YDR363W-A	YIL075C
YKL054C	YNL197C
YHL002W	YOR355W
YEL015W	YLR082C
YHR027C	YKL210W
YEL009C	YPL031C
YGL115W	YIL035C
YBL003C	YPL001W
YDR227W	YFL023W
YGR266W	YJR059W
YDR080W	YDR495C
YER012W	YFL007W
YAL010C	YPL235W
YER136W	YNL135C
YDL180W	YNL197C
YLR106C	YNL255C
YDR074W	YER019C-A
YLR355C	YMR072W
YNL055C	YNL260C
YJL164C	YKL181W
YDR510W	YGR002C
YIL142W	YKL198C
YBR107C	YPL018W
YJL212C	YNL197C
YCR077C	YDR381W
YFL023W	YKL054C
YGL166W	YML006C
YDL126C	YDR510W
YJL164C	YPL181W
YFR046C	YMR117C
YML092C	YNL298W
YER086W	YPL235W
YDR195W	YMR061W
YDR330W	YDR510W
YML016C	YNL130C
YDR320C	YHR027C
YDR477W	YKL023W
YCR042C	YMR037C
YJR059W	YOR230W
YDR480W	YLR310C
YGR163W	YPL235W
YBR177C	YLR144C
YFL028C	YPL031C
YJL176C	YOL069W
YAL015C	YMR012W
YBR274W	YOR341W
YDR190C	YGR040W
YHR082C	YPL180W
YMR290C	YNR054C
YHR158C	YLL021W
YHR138C	YIL094C
YHL019C	YJL164C
YEL056W	YHR183W
YHL030W	YML092C
YDR510W	YNL015W
YLR423C	YNL182C
YEL015W	YER105C
YLR102C	YMR092C
YGL003C	YMR304W
YNL135C	YPR119W
YBR128C	YLR360W
YDR388W	YOR181W
YJR036C	YOL115W
YGL077C	YNL197C
YDR388W	YIL063C
YHR102W	YNL197C
YKL166C	YPL232W
YBR211C	YLR381W
YKL171W	YOL006C
YER157W	YPR105C
YML091C	YOR355W
YFL037W	YLR436C
YIR010W	YOL040C
YDL185W	YGR092W
YHR082C	YMR291W
YDR331W	YJL196C
YHR027C	YKR039W
YIL115C	YLR249W
YKL114C	YNL255C
YJL074C	YMR124W
YDR477W	YPR156C
YGL050W	YNL255C
YLR377C	YOR141C
YHR135C	YML103C
YDR143C	YNL189W
YML058W	YPL115C
YDR448W	YOL148C
YDL159W	YDR162C
YER126C	YLR074C
YHR200W	YLR340W
YLR197W	YNL075W
YDR388W	YHR185C
YFR024C-A	YLR078C
YIL115C	YLR293C
YDR480W	YPL256C
YCR042C	YJR093C
YLR197W	YNL250W
YJR021C	YLR386W
YGL162W	YNL197C
YCR077C	YDR141C
YEL024W	YGR112W
YDL098C	YPL213W
YLR340W	YPL082C
YGR095C	YOR076C
YFL013C	YOR141C
YNL255C	YOR357C
YBR173C	YKL206C
YGR145W	YMR093W
YDR143C	YOL155C
YJL138C	YOL045W
YJR060W	YPR052C
YFR003C	YNL255C
YGR095C	YOR326W
YBL010C	YKL171W
YML016C	YPR138C
YAL060W	YPL031C
YDR137W	YNL044W
YDR510W	YJR007W
YDR085C	YDR381W
YFR049W	YIL125W
YDR331W	YKL065C
YJR056C	YLR096W
YDR280W	YOR076C
YHL002W	YPL038W
YDR318W	YPR046W
YKL166C	YNL093W
YGL133W	YNL030W
YMR025W	YNR052C
YDL188C	YML092C
YKL166C	YKR072C
YGL059W	YGR266W
YFR004W	YJR070C
YDR404C	YGL130W
YGR192C	YIR001C
YLR201C	YML110C
YBR203W	YKR048C
YMR048W	YOL154W
YJL020C	YML010W
YDR145W	YPL082C
YDR162C	YKR048C
YER033C	YLR096W
YMR001C	YOR259C
YNL044W	YOR089C
YFR004W	YKR018C
YDL137W	YFR004W
YKL161C	YLR096W
YHR135C	YHR183W
YEL054C	YER012W
YDR190C	YPL140C
YBR253W	YOL051W
YIL038C	YIL148W
YDL226C	YJL151C
YER054C	YKL085W
YDR120C	YGL111W
YCR093W	YNL197C
YCR024C-A	YDR331W
YIL035C	YOR039W
YNL030W	YOR039W
YDR130C	YGR192C
YGL059W	YNL263C
YDR404C	YJL014W
YHR146W	YPL154C
YDR224C	YER012W
YBL003C	YMR284W
YDR507C	YJR076C
YLR406C	YNL255C
YDR523C	YER100W
YDR510W	YJR060W
YGR223C	YJL164C
YBR270C	YHR135C
YER094C	YGR135W
YER100W	YPL078C
YIR010W	YNL112W
YFL045C	YHR200W
YER006W	YNL255C
YNL178W	YPL082C
YBR205W	YHR105W
YEL018W	YJL014W
YDR293C	YGR054W
YDR456W	YHL042W
YJL187C	YKR092C
YDR054C	YMR080C
YER133W	YFL023W
YIL094C	YML085C
YEL034W	YNL197C
YDR422C	YDR477W
YDL047W	YDR468C
YDL239C	YLR098C
YDL155W	YIL115C
YHR027C	YOR317W
YBR274W	YGR200C
YHR006W	YNL197C
YOR141C	YPL082C
YDR162C	YNL298W
YDR138W	YDR381W
YDR404C	YOR151C
YGL059W	YJR001W
YKL145W	YMR191W
YFL028C	YGR040W
YKL140W	YLR144C
YDR379W	YPL031C
YER032W	YHR152W
YLL052C	YMR094W
YJR056C	YPL018W
YBR102C	YPR055W
YIL114C	YMR203W
YGR040W	YMR041C
YDR216W	YLR055C
YLL013C	YPR152C
YHR140W	YPR028W
YGR244C	YOR142W
YDR244W	YGR077C
YIL033C	YPL031C
YER164W	YOL148C
YKL181W	YMR291W
YLR310C	YMR084W
YBR253W	YDR448W
YGR238C	YJL187C
YPL082C	YPR086W
YJL164C	YNL136W
YDR510W	YLL021W
YNL189W	YPL031C
YBR299W	YPL031C
YDR035W	YOR230W
YJL058C	YKL203C
YHR200W	YLR134W
YIR010W	YLR314C
YDL223C	YHR135C
YDR510W	YNL042W
YGL163C	YKL085W
YKR001C	YPL082C
YLR096W	YMR036C
YCL034W	YOR181W
YDL179W	YPR191W
YJL090C	YNL189W
YLR033W	YPL082C
YIL105C	YML057W
YBR142W	YLR340W
YDR130C	YDR318W
YBL003C	YMR290C
YML028W	YNL255C
YMR142C	YNL255C
YOL082W	YPL135W
YGL076C	YLR074C
YKR054C	YMR117C
YIR006C	YNL020C
YLR442C	YML109W
YER062C	YGL090W
YOL016C	YPR013C
YDL145C	YDR216W
YDR381W	YNL112W
YGR167W	YLR170C
YBL030C	YPR152C
YBL003C	YIL148W
YDR510W	YJL005W
YNL161W	YNL255C
YJL098W	YPL180W
YNL263C	YOR089C
YGR200C	YNL298W
YDL054C	YOR016C
YHR200W	YKL210W
YGL019W	YJR093C
YML016C	YMR311C
YDR189W	YER157W
YIL016W	YNL101W
YDL117W	YNL152W
YKR021W	YOR351C
YDL171C	YHR200W
YGL003C	YPL267W
YMR163C	YOR326W
Q0085	YBL099W
YDL175C	YNL251C
YIL094C	YPL140C
YGR214W	YNL297C
YKR048C	YOR230W
YDR496C	YGL076C
YNL255C	YPL138C
YAL028W	YOR324C
YER012W	YGL096W
YLR377C	YMR186W
YGR231C	YKL171W
YBR087W	YMR031C
YDR247W	YIL156W
YGR258C	YPL141C
YML110C	YNL263C
YDL029W	YJL153C
YGR007W	YNL255C
YJL164C	YPL123C
YBL003C	YDL070W
YCR084C	YKL181W
YBL026W	YER029C
YDR510W	YGL076C
YER004W	YIR010W
YDR381W	YLR340W
YBL067C	YNL255C
YGR130C	YHR135C
YEL034W	YJR070C
YDL215C	YDR054C
YAL056W	YER020W
YIR037W	YJR009C
YDR174W	YFL024C
YDR216W	YKL117W
YHR135C	YMR081C
YGR178C	YNL157W
YPL031C	YPR139C
YHR066W	YLR075W
YDL097C	YEL009C
YCL028W	YPR168W
YDL060W	YER006W
YMR072W	YPR052C
YGR040W	YJL089W
YLR096W	YPR181C
YGL006W	YLL048C
YCR033W	YDR510W
YNL138W	YOR087W
YDR381W	YJL125C
YEL034W	YHR135C
YCL028W	YGL025C
YIR006C	YNL084C
YHR135C	YPR115W
YDL239C	YMR117C
YAL027W	YPL004C
YJL058C	YOR181W
YGL025C	YOL051W
YHR158C	YJL187C
YFR004W	YOR026W
YNL048W	YPL078C
YPL208W	YPR034W
YDR326C	YIL105C
YNL178W	YPL131W
YDL100C	YJL153C
YLR433C	YNL255C
YDR195W	YJR093C
YLR304C	YOR005C
YLR310C	YMR139W
YFR024C-A	YGL060W
YDL214C	YPL166W
YCR077C	YEL015W
YDR255C	YGL227W
YBL003C	YLR357W
YDR365C	YNL178W
YJL164C	YKL191W
YHR200W	YMR217W
YER054C	YPR160W
YGL158W	YMR284W
YAL027W	YPL146C
YBL010C	YNL255C
YER125W	YOR018W
YDL115C	YPR187W
YDR388W	YGL181W
YER027C	YER133W
YBR290W	YIL114C
YDL045W-A	YOL113W
YLR109W	YOL059W
YHR092C	YKL203C
YPL139C	YPL181W
YCL028W	YNL236W
YAL064W-B	YNL255C
YGR243W	YNL197C
YDR174W	YKR001C
YDR381W	YPR045C
YBR211C	YPL018W
YMR037C	YPL082C
YDR510W	YLR117C
YAR018C	YML006C
YKL171W	YKL203C
YBR081C	YPL154C
YDR477W	YML006C
YDR477W	YGR092W
YGL077C	YPL004C
YJL164C	YMR319C
YBL003C	YDR224C
YIR037W	YPL031C
YDR150W	YNL197C
YFL037W	YKR054C
YDR059C	YER068W
YBR087W	YIR010W
YMR001C	YPR115W
YHR135C	YOL130W
YJL103C	YLR377C
YHR061C	YNL298W
YDL222C	YNL283C
YDR224C	YKR001C
YGR191W	YPL218W
YHR135C	YPR129W
YGR161C	YJR059W
YER177W	YLR197W
YDR448W	YLR424W
YNL044W	YOL018C
YFR004W	YMR099C
YDL098C	YLL036C
YNR016C	YPL004C
YJL176C	YNL255C
YBR049C	YOL006C
YGL092W	YOR160W
YDR047W	YER125W
YGL146C	YPR137W
YIL035C	YMR154C
YHR034C	YPL235W
YOL082W	YOR231W
YPR137W	YPR178W
YDR510W	YNL178W
YER021W	YHR027C
YMR186W	YPL146C
YDR510W	YLL004W
YEL051W	YNL255C
YGL167C	YPL235W
YCL031C	YIL035C
YCR093W	YNR052C
YLR249W	YML105C
YLR333C	YNL255C
YMR112C	YOL135C
YBR072W	YNL064C
YCR036W	YFR004W
YIR008C	YNR052C
YDL110C	YKL015W
YGL237C	YGR146C
YFL022C	YMR284W
YCR007C	YKR066C
YBL056W	YLR240W
YDL222C	YLR332W
YHR058C	YPR070W
YER086W	YPR080W
YKL015W	YOR231W
YEL018W	YGR002C
YKL019W	YOL135C
YHR082C	YML054C
YIR035C	YPL001W
YBR119W	YLL036C
YGR253C	YPR185W
YBL099W	YIR010W
YCL028W	YIL066C
YBL075C	YNL124W
YLR314C	YNL255C
YEL001C	YGR126W
YER155C	YGR080W
YLR276C	YNL255C
YGR192C	YNL255C
YJL014W	YOR281C
YGR060W	YPR028W
YFR024C-A	YLR206W
YHR183W	YMR059W
YDR245W	YLR026C
YGL213C	YMR120C
YJR050W	YKR086W
YDR238C	YFR051C
YBR049C	YKR001C
YIR010W	YPR187W
YLR377C	YNL189W
YNL197C	YOR049C
YDL019C	YPL139C
YGL025C	YML007W
YER021W	YOR259C
YEL023C	YML109W
YDL051W	YHR135C
YML010W	YOR341W
YER167W	YGR238C
YDL203C	YLR371W
YDR448W	YNL236W
YLR262C	YOR370C
YDL220C	YLR010C
YGR120C	YNL051W
YBR087W	YER173W
YHR073W	YHR152W
YER068W	YJR091C
YLR102C	YLR127C
YGR120C	YPR191W
YGR222W	YNR045W
YDL117W	YJL155C
YGL238W	YLR340W
YJR113C	YNL081C
YDR142C	YDR244W
YHR190W	YOR075W
YBR236C	YML010W
YGR048W	YPL222W
YBR200W	YIL068C
YNL136W	YPL031C
YKR018C	YNR029C
YBR084W	YLR075W
YNL236W	YOL051W
YGL105W	YHR135C
YDR189W	YKL196C
YDR035W	YFR004W
YDR308C	YNL255C
YER021W	YPR108W
YKL007W	YOR236W
YMR186W	YNL127W
YGR270W	YPL082C
YNL197C	YPL137C
YCL010C	YNL255C
YGR202C	YOR181W
YPL194W	YPR052C
YHR066W	YIR010W
YPL143W	YPL249C-A
YGL106W	YOR249C
YBL050W	YDR189W
YGL212W	YPL045W
YHR200W	YPR108W
YEL013W	YGL006W
YBR107C	YDR383C
YDR436W	YKL193C
YKL010C	YOR259C
YKL103C	YLL013C
YGL105W	YMR059W
YJR123W	YMR093W
YER112W	YNL091W
YFL034W	YHR135C
YMR167W	YOL090W
YGR196C	YNL094W
YCR033W	YDR155C
YJL030W	YNL236W
YDR448W	YEL009C
YJL090C	YNL197C
YJL090C	YLR386W
YMR022W	YNL255C
YDR293C	YLR022C
Q0085	YOL027C
YGR092W	YOR317W
YAL018C	YDR331W
YGR268C	YOR138C
YDR424C	YDR488C
YJL164C	YNL167C
YDR381W	YDR457W
YDR122W	YNL161W
YBR039W	YLR075W
YOL016C	YPR169W
YIL111W	YNL255C
YER012W	YHR174W
YDR190C	YMR072W
YIL129C	YNL161W
YJR065C	YOR181W
YKL006W	YNL255C
YGL206C	YGR167W
YDL100C	YML101C
YNL222W	YPL008W
YML058W	YPR160W
YDR224C	YLR074C
YBL064C	YDR488C
YJL074C	YMR001C
YLR333C	YPL004C
YDR388W	YLR381W
YCL028W	YOL135C
YBR135W	YPR119W
YBL003C	YJL176C
YDR328C	YOL025W
YDL047W	YDL171C
YJL104W	YNR017W
YDR145W	YEL009C
YFR004W	YPL218W
YLR452C	YOL018C
YMR127C	YNL030W
YJL155C	YLR345W
YKR014C	YNL263C
YER006W	YOL127W
YBR036C	YDR307W
YDR308C	YMR112C
YDR381W	YKL114C
YJL164C	YNL045W
YDL185W	YPR152C
YDR510W	YER013W
YBR041W	YKR046C
YDR510W	YPL235W
YDR457W	YGR052W
YDR330W	YHR082C
YGL056C	YLR332W
YER029C	YMR125W
YLR102C	YML058W
YHR194W	YOR147W
YDR162C	YPL180W
YFR053C	YLL013C
YDR085C	YNL197C
YER006W	YLR276C
YGR181W	YKL195W
YBR208C	YDR328C
YFL007W	YGL011C
YDL222C	YPL221W
YFR004W	YKL112W
YKL155C	YPL013C
YMR142C	YPL143W
YOL040C	YOL127W
YHR135C	YML007W
YPL031C	YPR188C
YGL117W	YJR022W
YLR096W	YNR052C
YNL076W	YOR326W
YMR112C	YPL082C
YDR477W	YGL073W
YGL190C	YIL142W
YGR214W	YPL235W
YBL010C	YHR082C
YDL126C	YHR200W
YBR068C	YJR001W
YBR039W	YDL029W
YCL029C	YKL103C
YNL188W	YPL255W
YER032W	YMR032W
YGL130W	YML010W
YBR194W	YMR246W
YDR162C	YNL255C
YDR388W	YOR047C
YDR448W	YPL082C
YDR247W	YNR034W
YKL135C	YLR170C
YDR456W	YIL171W
YCL032W	YLR423C
YGL197W	YIL051C
YHL042W	YNL003C
YHR179W	YHR200W
YFR018C	YNL255C
YHR137W	YHR183W
YCL059C	YDR365C
YML091C	YNL118C
YGR238C	YLR096W
YBR119W	YBR130C
YAL056W	YKL166C
YDR235W	YMR125W
YCR020W-B	YOL070C
YER026C	YFR004W
YHL004W	YMR186W
YIL094C	YKL010C
YDR016C	YNL255C
YOL028C	YPR046W
YDR229W	YNL041C
YDR201W	YOL069W
YER111C	YPR119W
YER177W	YPL267W
YEL056W	YPL001W
YBR058C	YIL148W
YHL002W	YOR181W
YBR058C	YLR377C
YJL001W	YKL145W
YJR059W	YPR107C
YIR010W	YLR381W
YER006W	YPL131W
YCR082W	YDR448W
YBL023C	YBR126C
YBR126C	YFR004W
YAL047C	YMR001C
YGL190C	YJL020C
YHL006C	YLR376C
YJL187C	YLL028W
YLR109W	YMR022W
YFL013C	YLR399C
YDR328C	YPR181C
YMR037C	YNL136W
YDL126C	YKR083C
YDR388W	YIL033C
YJL020C	YKL129C
YDL002C	YLR357W
YHR027C	YPL061W
YBR194W	YLR072W
YGL209W	YPL031C
YDL070W	YGL158W
YGR126W	YHR135C
YBR126C	YER112W
YJL099W	YMR237W
YLR408C	YNL086W
YDR365C	YJL207C
YGL059W	YLL038C
YDR224C	YPL082C
YIR006C	YJR065C
YGL158W	YPR168W
YAL007C	YBR036C
YDL239C	YKL103C
YER006W	YLR340W
YER095W	YPL031C
YMR246W	YPR152C
YBL056W	YGR205W
YNL136W	YNL246W
YDR328C	YMR291W
YLL040C	YOL133W
YDR190C	YOR229W
YBR272C	YPR108W
YKL065C	YPR198W
YDR254W	YJL105W
YKR065C	YNR017W
YHR111W	YIR010W
YBR211C	YPL031C
YKL002W	YLR025W
YDR227W	YPL248C
YNL094W	YPR154W
YMR237W	YPL131W
YGL151W	YNR010W
YGL059W	YJR059W
YDR477W	YOR054C
YBR048W	YJR123W
YBR274W	YKL181W
YGL006W	YNL328C
YFR021W	YLR094C
YJL138C	YMR059W
YER125W	YPL084W
YNR033W	YPL031C
YBL056W	YHL030W
YGL059W	YKR092C
YNL197C	YOR298C-A
YGL130W	YKR001C
YNL248C	YNR003C
YCR009C	YER125W
YJL187C	YNL298W
YJR010C-A	YOR086C
YNR035C	YOR181W
YER146W	YPR178W
YBR087W	YOR217W
YML025C	YNL255C
YBR072W	YJL047C
YJL164C	YOL018C
YDR392W	YDR448W
YPL031C	YPR025C
YDL181W	YGL106W
YGL206C	YKR021W
YDL195W	YDR382W
YJL084C	YJR005W
YBR052C	YGR065C
YCL034W	YOR094W
YDL188C	YHR135C
YBR142W	YLR276C
YDL135C	YPR156C
YLR028C	YMR120C
YKL023W	YNL255C
YDR381W	YLR435W
YFR017C	YPL031C
YIL148W	YOR042W
YDR346C	YDR510W
YDR335W	YFL037W
YFR027W	YMR076C
YAL027W	YER095W
YMR173W	YPL031C
YMR004W	YOR047C
YDR096W	YDR227W
YCL059C	YLR197W
YCR090C	YML105C
YHR089C	YNL112W
YDR137W	YPR080W
YMR117C	YPL016W
YLR424W	YOR357C
YDR057W	YML013W
YDR507C	YOR231W
YBR126C	YJL138C
YJL187C	YMR186W
YBR194W	YKL145W
YGR092W	YNL125C
YGL111W	YPL043W
YBR041W	YJL151C
YER133W	YKL059C
YFL062W	YGR191W
YGR048W	YPR154W
YDR086C	YNL255C
YIR010W	YOR109W
YDL100C	YNL149C
YHR135C	YJL166W
YDL239C	YLR423C
YJL138C	YJR007W
YDL188C	YPR103W
YCR042C	YLR277C
YFR033C	YNL236W
YDL051W	YDR477W
YKL016C	YPL078C
YDR497C	YLR332W
YKL213C	YNL255C
YHR001W	YKL212W
YIL035C	YPR103W
YML069W	YOL006C
YDL149W	YLR423C
YNL222W	YNL317W
YLR009W	YNL246W
YIL149C	YKR095W
YJL030W	YPR029C
YDR224C	YDR510W
YOR039W	YPR104C
YGL250W	YJL020C
YGR002C	YPR154W
YDR381W	YOR048C
YBL067C	YHL002W
YGR223C	YOR089C
YHR073W	YKL212W
YHL002W	YMR084W
YMR231W	YPL045W
YFL024C	YJL098W
YCR091W	YGR223C
YFL022C	YPL031C
YBL056W	YCR009C
YLR074C	YPL013C
YDL210W	YKL171W
YJL070C	YPL031C
YGL105W	YOL113W
YIL106W	YJL066C
YGR200C	YJR127C
YDR457W	YOR326W
YHR200W	YNR035C
YLR435W	YPL146C
YHR066W	YPL043W
YHL011C	YML085C
YDR138W	YLR423C
YGR229C	YLR433C
YGL252C	YPL004C
YGL012W	YHR190W
YKL135C	YKR021W
YBR142W	YLL019C
YBR211C	YDR383C
YIL035C	YLR345W
YBL037W	YOL062C
YDR148C	YFR049W
YBR234C	YDR388W
YDL002C	YOL069W
YER112W	YOR167C
YDR322W	YHL004W
YHR174W	YPR129W
YFL062W	YLR237W
YDL029W	YOR181W
YNL255C	YOL071W
YBR173C	YKL145W
YGL003C	YJL014W
YOR357C	YPL246C
YDR068W	YKL166C
YIL105C	YNL161W
YDL116W	YMR129W
YGL151W	YOL051W
YBR052C	YGL077C
YGR142W	YLR424W
YIL023C	YNL197C
YDR499W	YJL090C
YLR418C	YMR113W
YDL047W	YNL101W
YDR363W-A	YGR232W
YGR223C	YLR377C
YBR221C	YGL130W
YBR068C	YFR024C-A
YER094C	YPR103W
YBR142W	YKL166C
YER125W	YOR385W
YJR045C	YNR017W
YBR194W	YDR310C
YFR004W	YOL123W
YHR185C	YKL166C
YIL035C	YOR229W
YDR191W	YOL113W
YKR014C	YLR026C
YMR037C	YOL051W
YDL239C	YOL069W
YDL116W	YPR080W
YER125W	YNL136W
YJL207C	YKL135C
YOL016C	YPL031C
YMR093W	YNL132W
YLR332W	YOL105C
YBR194W	YJL176C
YJR119C	YKL210W
YMR142C	YPL249C-A
YLL066C	YNL255C
YFL040W	YHL042W
YFL038C	YFR004W
YJR022W	YPR191W
YIR010W	YMR246W
YBR223C	YPL181W
YGL106W	YOR326W
YGR112W	YPR191W
YBR103W	YMR273C
YER125W	YKR097W
YOL135C	YPR070W
YNL255C	YPL079W
YDR510W	YPR034W
YNL222W	YOR151C
YDL164C	YER173W
YMR203W	YNL026W
YDR130C	YER155C
YDL079C	YGR200C
YMR076C	YPR007C
YBR221C	YIR010W
YDR383C	YPR046W
YNL329C	YOL044W
YDR307W	YJL196C
YDR331W	YGR289C
YBR126C	YFL033C
YNL197C	YNL327W
YIR038C	YPL246C
YBL003C	YGR250C
YNL222W	YOR179C
YFR017C	YKL166C
YGL158W	YIL051C
YDR510W	YLR455W
YIR010W	YPL131W
YHR089C	YOR341W
YGL006W	YLR093C
YNL104C	YOR351C
YIL075C	YNL075W
YGL256W	YHR135C
YPL248C	YPR025C
YDR283C	YML057W
YHR200W	YJR104C
YGR192C	YNL189W
YFR004W	YLR355C
YDR328C	YKR014C
YBL026W	YPL115C
YFR004W	YKL191W
YBL030C	YFR004W
YJL030W	YJL206C
YGL158W	YHL021C
YOR160W	YOR185C
YGL025C	YNL236W
YBR011C	YHR027C
YER154W	YPL078C
YDR477W	YER133W
YLL002W	YNL030W
YLR371W	YPL031C
YFR024C-A	YHR178W
YLR078C	YPR181C
YBR138C	YGR223C
YJR053W	YMR001C
YKL012W	YNL236W
YCR079W	YKL054C
YEL027W	YLR034C
YIR022W	YNL255C
YCR009C	YJR032W
YGL212W	YPL246C
YFR004W	YGL076C
YGL115W	YOR018W
YMR022W	YOL013C
YMR125W	YNL255C
YJL164C	YPL056C
YJL164C	YOR151C
YBR046C	YNL255C
YJR076C	YNL298W
YKR075C	YNL197C
YBL030C	YGL191W
YDR510W	YLR350W
YGL019W	YNL255C
YGL106W	YNL255C
YBR011C	YHR200W
YBR200W	YOR122C
YCR004C	YGR130C
YNL251C	YPR187W
YNL197C	YPR181C
YER043C	YIR007W
YFR046C	YPL016W
YAL023C	YDR057W
YDR363W-A	YHR027C
YDR496C	YLR276C
YDL100C	YDL121C
YBR200W	YCL031C
YHR082C	YNL197C
YDL222C	YOL105C
YDR452W	YKL028W
YHR082C	YML025C
YJR059W	YOR229W
YDR363W-A	YHR200W
YER125W	YKL020C
YGL156W	YOL082W
YDL070W	YHR079C
YFR004W	YHR183W
YIL035C	YKL093W
YDL008W	YIR025W
YHR135C	YMR173W
YBL045C	YNL118C
YFR004W	YLR452C
YIL037C	YMR059W
YDR510W	YMR219W
YBR194W	YKL054C
YBR162W-A	YNL255C
YDR510W	YPL228W
YBL079W	YGL100W
YJL137C	YNL197C
YJL106W	YOL104C
YHR140W	YNL048W
YGL056C	YJL187C
YIL097W	YPL061W
YDL161W	YOR181W
YLR305C	YOR355W
YPR080W	YPR107C
YBL074C	YPR182W
YLR377C	YNL214W
YLR249W	YPR062W
YDL239C	YOR324C
YML013W	YML029W
YER021W	YJL207C
YBR173C	YJL001W
YDL145C	YHR200W
YDL029W	YIL066C
YJR093C	YNL189W
YLR197W	YPR137W
YAL027W	YDR174W
YDL159W	YPR082C
YGR270W	YOR039W
YER115C	YLR310C
YDR329C	YOL044W
YGL209W	YHR135C
YHR027C	YIL075C
YNL255C	YPL028W
YNL097C	YPL139C
YGR144W	YPL031C
YLR078C	YPL218W
YDL165W	YKL002W
YPR024W	YPR140W
YNL255C	YNR041C
YDR105C	YGL006W
YCL059C	YGR214W
YLL040C	YML092C
YBL003C	YDR044W
YJL082W	YNL197C
YDL077C	YDR080W
YDR146C	YOL051W
YDR496C	YPR169W
YBR203W	YDR328C
YDR229W	YPR119W
YDR304C	YIL063C
YML121W	YPL180W
YGR130C	YPR152C
YBL003C	YPL128C
YBR194W	YER172C
YKL161C	YPL140C
YGL004C	YPR108W
YGL111W	YPL131W
YIL035C	YNL149C
YHR174W	YIR010W
YIR010W	YMR117C
YGR040W	YKR048C
YNL197C	YPL068C
YHR058C	YML007W
YDR027C	YFL029C
YJR091C	YMR067C
YGL059W	YMR120C
YBL003C	YPL116W
YBR253W	YPR056W
YML057W	YOR324C
YEL058W	YHR200W
YGR060W	YLR350W
YKR097W	YPL180W
YDR227W	YLR442C
YER006W	YFR004W
YFR024C-A	YOR181W
YFR004W	YOR259C
YDR128W	YLR208W
YER029C	YPR152C
YNL045W	YPL031C
YHR073W	YHR135C
YJL138C	YMR186W
YFR041C	YGL256W
YGL077C	YLL028W
YJR059W	YOR070C
YDR388W	YNL138W
YFR052W	YML092C
YLL043W	YML016C
YGR055W	YPR138C
YCR020W-B	YKR008W
YDL155W	YGL197W
YBR128C	YDL185W
YIR025W	YLR127C
YOL147C	YPR128C
YIL109C	YKL103C
YGL111W	YLR002C
YDR225W	YJL081C
YFR004W	YPR103W
YBL047C	YOL087C
YBR048W	YDR365C
YMR080C	YOR076C
YIL171W	YLR096W
YDR057W	YML029W
YGL059W	YKL171W
YBR290W	YIL016W
YER013W	YGR006W
YIL171W	YPR028W
YDR381W	YPR178W
YDR162C	YER086W
YGR145W	YJL014W
YBR049C	YNL189W
YML010W	YPR052C
YCR007C	YCR061W
YHL002W	YNR052C
YER167W	YGR040W
YDL047W	YIL142W
YBR068C	YPL246C
YGR048W	YGR178C
YOL148C	YPL248C
YJR059W	YPR115W
YGR048W	YML013W
YER177W	YMR086W
YIL156W	YOR181W
YHL030W	YIL075C
YHR200W	YMR120C
YLR026C	YLR093C
YBR234C	YNL138W
YDL155W	YMR036C
YJR138W	YLR208W
YLR337C	YOR181W
YGL111W	YLR276C
YMR112C	YPR168W
YBR072W	YNL255C
YCR005C	YLR055C
YDL070W	YNR034W
YAL060W	YDR510W
YFL062W	YMR306W
YOL082W	YPL141C
YFL011W	YJL222W
YGL163C	YOR351C
YDR174W	YNL189W
YBL003C	YDR225W
YOL127W	YPL249C-A
YIL035C	YOR052C
YER012W	YJL132W
YDR308C	YOL135C
YMR074C	YNL255C
YIR010W	YLR197W
YDR328C	YJL187C
YKR008W	YPL082C
YER062C	YFR004W
YDR507C	YIR010W
YDR448W	YMR223W
YPR111W	YPR160W
YEL058W	YFR004W
YDR310C	YHR119W
YCR079W	YJL138C
YER164W	YMR223W
YGL006W	YHR094C
YBL003C	YDL188C
YDL144C	YDR088C
YCR043C	YDL053C
YLR424W	YPL208W
YBR234C	YIR006C
YBR273C	YHR082C
YLR034C	YNL197C
YDL097C	YER021W
YBR234C	YNL106C
YJL065C	YNR029C
YDL155W	YFL009W
YBR194W	YPR091C
YMR139W	YMR291W
YMR072W	YPL001W
YAL028W	YCR091W
YCR012W	YCR077C
YDR328C	YJL149W
YIR015W	YNL282W
YDL239C	YDR273W
YFR004W	YHR104W
YER012W	YKL145W
YHR137W	YPL031C
YER167W	YHR158C
YLL040C	YPR103W
YHR135C	YJR104C
YIR001C	YPL031C
YDR328C	YLR368W
YHL002W	YOR076C
YHR082C	YNL192W
YPL155C	YPL269W
YBR234C	YNR035C
YDR155C	YFR004W
YBR177C	YLL012W
YHR118C	YPL008W
YDL030W	YLR117C
YDR381W	YGL213C
YMR012W	YMR246W
YDR143C	YJR009C
YBR200W	YGL190C
YDR510W	YML070W
YDR080W	YPL045W
YDR224C	YLR442C
YBL030C	YEL024W
YJL164C	YPR160W
YDR510W	YFL024C
YDR510W	YLR420W
YML085C	YMR001C
YBL003C	YJL138C
YJR093C	YMR061W
YJR088C	YKL207W
YDR515W	YPR188C
YBR077C	YGR163W
YFR004W	YPL131W
YBL036C	YMR319C
YDR080W	YPL195W
YDR131C	YOL133W
YNL055C	YOL087C
YER133W	YIR010W
YBL026W	YEL015W
YAL028W	YDL239C
YEL013W	YPR185W
YDR318W	YPL018W
YLR304C	YOL006C
YJL020C	YMR032W
YGR270W	YOR217W
YOR326W	YPL249C
YAL010C	YNL026W
YBR049C	YDR490C
YDR208W	YOR181W
YIR037W	YKL028W
YIR010W	YLR096W
YMR188C	YNL255C
YER094C	YML092C
YNL255C	YNR030W
YFR004W	YPL143W
YER186C	YNL255C
YBL046W	YDR225W
YLR315W	YPL018W
YLR418C	YPR086W
YFR004W	YKL196C
YER029C	YPR178W
YJL186W	YOL018C
YEL041W	YHR115C
YDL186W	YHR079C
YML016C	YPL004C
YDR293C	YJL165C
YCL014W	YIL140W
YJR125C	YNR006W
YDL019C	YOR181W
YDL047W	YDR465C
YHR062C	YIR015W
YJL138C	YNL255C
YDR030C	YIL142W
YBR234C	YMR105C
YBR036C	YLL048C
YDR409W	YDR510W
YDL220C	YDR477W
YBR081C	YDR448W
YLR333C	YNL132W
YHR027C	YKL171W
YDL215C	YKL171W
YFR019W	YNL135C
YDL077C	YOL013C
YHR200W	YKL182W
YBR065C	YNL250W
YDR072C	YHR154W
YGR163W	YML121W
YHR079C	YOL082W
YEL027W	YKL065C
YDL149W	YNL298W
YIR025W	YLR102C
YKL002W	YMR077C
YLR287C	YOR231W
YML131W	YMR191W
YLR009W	YNL255C
YGL167C	YGR231C
YHR027C	YLR355C
YGL166W	YNL255C
YDL098C	YER029C
YDR381W	YKL155C
YGL076C	YIL125W
YJL149W	YOL133W
YHR200W	YMR202W
YER021W	YKL132C
YNR052C	YPR046W
YDR465C	YEL054C
YDR392W	YMR223W
YDR388W	YGL060W
YNL265C	YNR006W
YDR510W	YGL206C
YJL164C	YNL189W
YAL028W	YJL187C
YOR034C	YOR357C
YER164W	YPL082C
YFR004W	YLR097C
YAL013W	YHR082C
YDL220C	YDR143C
YER112W	YOR039W
YBR105C	YMR061W
YGL151W	YHR058C
YLL043W	YOL123W
YBR119W	YPR182W
YJL143W	YKR065C
YFR004W	YOR109W
YDL070W	YHR135C
YMR237W	YPR080W
YNL197C	YPL116W
YHR082C	YPR091C
YDR334W	YER133W
YGL092W	YGL100W
YNL255C	YOL133W
YFR004W	YNL247W
YBR048W	YNL255C
YJR102C	YPL002C
YDR420W	YNL197C
YGR120C	YPR185W
YBR036C	YIL016W
YCR084C	YNL021W
YBR200W	YOR181W
YOR085W	YOR103C
YDL030W	YPR182W
YBR080C	YBR200W
YBL093C	YHR058C
YJL068C	YLR354C
YIR010W	YPR046W
YML105C	YPL210C
YBL051C	YDL165W
YIL001W	YOL133W
YIL126W	YIR010W
YDL184C	YNL118C
YLR009W	YOL006C
YDR510W	YGR048W
YBL044W	YMR304W
YHR079C	YMR184W
YGR232W	YNL255C
YJL187C	YNL206C
YER023W	YKR048C
YBL093C	YGL151W
YMR311C	YNL255C
YEL009C	YGL025C
YGL073W	YMR037C
YNL097C	YPL181W
YDL100C	YHR027C
YGL167C	YNL055C
YCR009C	YPL249C-A
YER166W	YFR024C-A
YLR249W	YML069W
YDR453C	YJR085C
YJR045C	YNL078W
YNL216W	YPR052C
YDR195W	YER133W
YDR328C	YNL255C
YLR168C	YNL131W
YGL115W	YGL208W
YDR381W	YHR167W
YMR001C	YNL225C
YKL166C	YOL016C
YBL003C	YNL030W
YDR294C	YHR027C
YHR113W	YNL222W
YHR094C	YKL203C
YER020W	YHR005C
YAL067C	YNL162W
YDR283C	YLR096W
YFL062W	YPL141C
YCR065W	YCR105W
YHR135C	YPL078C
YFL024C	YNL030W
YCR038C	YLR293C
YDR329C	YPL112C
YDL126C	YJR059W
YBR011C	YMR267W
YGR141W	YNL255C
YDL070W	YJR059W
YDL185W	YMR104C
YHR200W	YIL109C
YDR225W	YIL035C
YNL189W	YOR155C
YGL206C	YIL094C
YHL030W	YHR027C
YER078C	YJL164C
YCR073W-A	YDL214C
YJL187C	YNL227C
YDR381W	YHR185C
YPL031C	YPL100W
YFR049W	YPL031C
YDR510W	YOL043C
YDR059C	YJL106W
YNR007C	YOR160W
YHR094C	YPR156C
YKL205W	YOR112W
YER133W	YLR277C
YNL255C	YOR054C
YDR481C	YDR510W
YMR001C	YPL154C
YDL173W	YPL031C
YML007W	YOL148C
YBR119W	YKL012W
YDR404C	YML010W
YBR200W	YPL232W
YDL145C	YPL004C
YGL181W	YOR094W
YER112W	YGL178W
YGL227W	YIL017C
YLR186W	YMR093W
YCR084C	YDL005C
YDR477W	YHR207C
YEL018W	YJL081C
YMR139W	YNL197C
YLR262C	YLR304C
YMR183C	YNR049C
YLL028W	YOR016C
YJL090C	YPL194W
YDR006C	YLR192C
YCL048W	YNL255C
YGR055W	YHR001W
YJR091C	YOR317W
YLR026C	YNL041C
YDR174W	YOR217W
YNL236W	YPR070W
YLR319C	YMR117C
YCR091W	YGR276C
YLR187W	YNL197C
YGL059W	YKL166C
YDR381W	YNL293W
YDR477W	YJR019C
YBR052C	YBR132C
YFL044C	YGR048W
YGR060W	YMR264W
YFR004W	YPL225W
YBR041W	YGR192C
YFR004W	YJR148W
YFR004W	YKL157W
YMR188C	YOL027C
YDR381W	YDR515W
YDR190C	YDR225W
YKL065C	YPR156C
YGL019W	YOL145C
YNL118C	YPR129W
YHR200W	YLR249W
YJR009C	YML056C
YHR135C	YKR079C
YDR245W	YGR132C
YAL013W	YNL255C
YDR225W	YJL176C
YFR021W	YPL031C
YDR510W	YFL037W
YFR021W	YHR103W
YML016C	YPL031C
YBR006W	YDR382W
YBL023C	YGR040W
YER020W	YGR055W
YNL064C	YOL006C
YER177W	YOR326W
YGR135W	YPL031C
YGL252C	YOR047C
YOL016C	YPR152C
YDR510W	YHR027C
YPR034W	YPR081C
YNL255C	YOR298C-A
YGR266W	YJL164C
YDR516C	YER125W
YGR048W	YKL213C
YGL206C	YHR161C
YDR130C	YMR319C
YEL009C	YPL038W
YJL099W	YKR027W
YHL004W	YKL138C
YJL005W	YNL098C
YDL214C	YGR249W
YGL105W	YJR059W
YDR388W	YOR357C
YDL220C	YFL029C
YGL106W	YPR152C
YDL077C	YLR093C
YDR027C	YKR020W
YOR257W	YPR103W
YJR053W	YMR319C
YAL028W	YJL106W
YLR002C	YMR290C
YCR035C	YPL146C
YDR496C	YMR290C
YIL034C	YJL187C
YDR328C	YLR293C
YDL030W	YDR328C
YDR293C	YMR304W
YDR331W	YEL027W
YGR255C	YOL096C
YBR194W	YPL070W
YER105C	YLR208W
YFR004W	YIR035C
YFL023W	YPR169W
YDL100C	YKR100C
YNL188W	YOR257W
YDL053C	YEL048C
YDR155C	YDR510W
YHR113W	YKL103C
YDR388W	YDR515W
YGL158W	YJL176C
YDR335W	YGL092W
YOR027W	YPR054W
YGL133W	YPL016W
YBR126C	YLR411W
YOL062C	YOL113W
YDR054C	YFL009W
YDR513W	YPL031C
YFR004W	YMR080C
YJR070C	YOL045W
YML085C	YOL111C
YDR381W	YJR032W
YBR126C	YOL133W
YBR083W	YMR164C
YDR141C	YNL297C
YKL145W	YOL013C
YER133W	YHR097C
YFL023W	YMR190C
YNL189W	YNL331C
YOR151C	YPR093C
YER094C	YFR004W
YFR052W	YGL178W
YNL255C	YPL196W
YKL166C	YMR223W
YDR227W	YDR310C
YNL197C	YNR030W
YKL022C	YPR152C
YCL029C	YML085C
YDL065C	YDR329C
YER017C	YNL255C
YEL051W	YML121W
YFL054C	YHR135C
YIR025W	YPL018W
YGL213C	YKL015W
YBL056W	YBR039W
YDL226C	YOR181W
YPR052C	YPR187W
YCR035C	YNL251C
YJL020C	YOL133W
YDL116W	YDR335W
YDR122W	YGR238C
YER146W	YJR138W
YBR286W	YGL100W
YDR388W	YLR015W
YLR315W	YPR046W
YFL033C	YLR096W
YJL187C	YPL181W
Q0085	YBR039W
YGR055W	YNL197C
YER177W	YLR028C
YDR516C	YOR270C
YFR024C-A	YPL246C
YDR308C	YNR010W
YFL033C	YPL031C
YOR257W	YPL116W
YGL133W	YKR001C
YAR018C	YJR059W
YGR084C	YMR188C
YBR105C	YCL039W
YGR130C	YKL193C
YFR004W	YMR173W
YGR052W	YJL051W
YGL053W	YIL109C
YDR468C	YKR020W
YHR104W	YHR200W
YGL181W	YGR167W
YER133W	YJR007W
YDR054C	YJL187C
YAL027W	YIL105C
YBR272C	YPR103W
YJR045C	YLR369W
YDL126C	YNL041C
YDR206W	YJL030W
YDR137W	YLR262C
YKL022C	YLR102C
YHR027C	YPL218W
YDR304C	YHR097C
YAL013W	YNL097C
YMR273C	YPL256C
YGR250C	YJL088W
YFR051C	YIL076W
YGR040W	YLR362W
YMR268C	YPR178W
YGR002C	YJL081C
YBR221C	YKL117W
YNL255C	YOL143C
YGL012W	YGR060W
YJL090C	YLR098C
YBL093C	YGL025C
YBR135W	YEL034W
YLR377C	YOR070C
YER095W	YJR009C
YFL007W	YML109W
YFR027W	YOR217W
YBL058W	YFL044C
YAL023C	YML130C
YDR068W	YMR010W
YDL030W	YER029C
YBR048W	YLR075W
YBR280C	YDR054C
YGR263C	YLR433C
YEL056W	YML105C
YBR077C	YMR004W
YOL090W	YOR033C
YDR227W	YER164W
YIL094C	YPR061C
YDL030W	YDL098C
YKL207W	YMR176W
YNL030W	YPL001W
YDR328C	YHR102W
YKL166C	YPR160W
YGL190C	YML109W
YHL042W	YKL065C
YER062C	YHL032C
YJL068C	YOR125C
YHR200W	YJR009C
YGR061C	YHR200W
YHR027C	YIL148W
YBL025W	YLR141W
YOL135C	YPL248C
YJR076C	YML085C
YDL126C	YDR057W
YIL035C	YIR010W
YIR038C	YOL018C
YDL065C	YMR284W
YDR190C	YGR270W
YMR001C	YPR013C
YLR098C	YPL149W
YBR065C	YLR424W
YFR004W	YLR208W
YBR036C	YIL114C
YDR388W	YMR003W
YKL007W	YKL028W
YHR079C	YLL043W
YHR026W	YIL088C
YGL181W	YPL213W
YBR142W	YMR163C
YFR004W	YHR179W
YNL255C	YPL013C
YAL059W	YBR194W
YGR092W	YOL104C
YNL255C	YOL006C
YHR200W	YNR043W
YNL182C	YNR053C
YHR034C	YPL193W
YJL104W	YNL328C
YER054C	YER133W
YDR326C	YOR048C
YEL013W	YIL129C
YAR018C	YKL166C
YEL013W	YFR004W
YNL191W	YNL197C
YLR345W	YOR219C
YKR029C	YNL030W
YHR079C	YPR198W
YBR084W	YIR010W
YFL009W	YOL025W
YDR346C	YJL187C
YER024W	YPL031C
YDR485C	YJL081C
YFR004W	YOR184W
YDR382W	YOL127W
YGL019W	YHR205W
YGR052W	YGR180C
YDR381W	YIR010W
YGR136W	YNL293W
YMR186W	YPR152C
YMR112C	YNR010W
YFR004W	YKL213C
YDR086C	YHR027C
YBR039W	YDL145C
YIR010W	YLR075W
YER027C	YGL115W
YBL058W	YBR223C
YBR039W	YIL106W
YLR028C	YPL004C
YIL105C	YPR152C
YER172C	YFR019W
YDR224C	YDR365C
YGL237C	YJL138C
YBR221C	YFL018C
YMR139W	YPL141C
YDR382W	YPL249C-A
YDL116W	YIL115C
YDR005C	YHR205W
YLR423C	YMR124W
YHR111W	YOR251C
YDR216W	YOL001W
YBL026W	YCR012W
YDL117W	YMR032W
YDR510W	YNL030W
YCR073W-A	YER133W
YDR382W	YLR075W
YBR142W	YGL076C
YDL214C	YOL065C
YDL185W	YLR090W
YGL202W	YHR027C
YLR431C	YNL255C
YDL126C	YKL204W
YER021W	YJL001W
YHR027C	YMR191W
YKL196C	YMR183C
YGL206C	YOR109W
YMR072W	YOL006C
YJL164C	YOR083W
YGR178C	YNL298W
YHR200W	YJR065C
YHR174W	YNL127W
YMR001C	YMR036C
YGL059W	YJL084C
YDR365C	YDR388W
YGL023C	YML121W
YGR092W	YOL059W
YCR036W	YNL255C
YDR510W	YOL006C
YMR184W	YNL255C
YEL001C	YNL255C
YER112W	YPR080W
YBL099W	YHR027C
YDR510W	YLR249W
YJL031C	YPR176C
YDR456W	YOR125C
YHR179W	YLR074C
YDR328C	YIL148W
YER136W	YOR089C
YCL028W	YHR058C
YDL002C	YNL255C
YJL104W	YJL143W
YHR113W	YJL030W
YGR161C	YKR027W
YKR039W	YPL218W
YLR098C	YPR049C
YLR127C	YMR001C
YGL212W	YLR093C
YFR004W	YIL033C
YDR045C	YNR003C
YDR190C	YDR334W
YBL003C	YFL013C
YMR304W	YNL161W
YDL188C	YML109W
YMR072W	YNL255C
YDR155C	YFL014W
YMR139W	YOL053W
YCR042C	YDR145W
YLR106C	YNL182C
YNL157W	YPR080W
YBL019W	YCR020W-B
YDL005C	YML007W
YDL214C	YJL066C
YDR005C	YNR003C
YIL148W	YJL187C
YDL116W	YGL172W
YGR126W	YJL106W
YDR377W	YKL016C
YDL188C	YKL028W
YJL164C	YMR196W
YJR022W	YPR178W
YBR110W	YJR010C-A
YDR510W	YLR276C
YJR059W	YLR133W
YDR328C	YLR097C
YBL026W	YPR080W
YJL098W	YPR111W
YBR253W	YMR112C
YIL035C	YNL132W
YBL022C	YLR340W
YGL077C	YHR001W
YER172C	YNL147W
YLR262C	YMR186W
YGL190C	YNL197C
YAL023C	YML029W
YHR200W	YPL028W
YDR227W	YDR365C
YJL014W	YLR314C
YHR082C	YKL161C
YER133W	YNL233W
YHR174W	YNL192W
YLR185W	YNL255C
YGL059W	YHR207C
YJL187C	YNL125C
YHR066W	YLR002C
YDR347W	YNL255C
YER021W	YFR052W
YGR135W	YNL255C
YDR178W	YMR032W
YGL011C	YHR027C
YNL091W	YNL162W
YCR012W	YPR093C
YER111C	YGR192C
YHR205W	YNL167C
YHL002W	YNR006W
YBL009W	YDL053C
YDL002C	YGR192C
YFL009W	YFL031W
YMR258C	YOR089C
YLR373C	YPL128C
YDL030W	YHR152W
YJL110C	YOR249C
YBR080C	YJL030W
YDR510W	YPL210C
YDR507C	YIR022W
YOL133W	YOR326W
YGR095C	YNL189W
YCR084C	YDR510W
YCR035C	YNL189W
YGL015C	YLR319C
YPR024W	YPR152C
YDR477W	YJL084C
YJL106W	YNL074C
YGR092W	YPR119W
YDL188C	YGR161C
YKL007W	YPR093C
YBR105C	YEL054C
YLR209C	YNL189W
YGL106W	YPR188C
YDR142C	YOR326W
YKL203C	YPL180W
YJL176C	YMR072W
YKL166C	YPL146C
YAL040C	YJL013C
YDR477W	YJL089W
YHR085W	YLR074C
YLR368W	YPR093C
YGR052W	YLL013C
YDR293C	YPL031C
YLR276C	YPL043W
YER021W	YFR004W
YBR142W	YPL141C
YNL135C	YPR093C
YDL100C	YJR040W
YBL026W	YER146W
YNL255C	YNL293W
YFL038C	YOL018C
YDR130C	YKL054C
YKL210W	YOR184W
YNL147W	YPR178W
YIR010W	YJL138C
YDR208W	YPR052C
YDR388W	YDR523C
YER111C	YIL050W
YDL005C	YOL135C
YBL026W	YER112W
YDR155C	YIR005W
YBR235W	YLR034C
YDR247W	YGR237C
YML017W	YPR152C
YDR510W	YML069W
YCR079W	YER178W
YIL035C	YNL189W
YHR152W	YJR148W
YFL062W	YJL059W
YGL073W	YLL019C
YLR025W	YPL084W
YDR068W	YNL255C
YCR007C	YDL164C
YJL081C	YPL082C
YER133W	YKL006W
YBR110W	YNL048W
YDR328C	YMR258C
YGL252C	YNL076W
YJR113C	YNL255C
YDR116C	YDR405W
YDL100C	YHR005C
YBL058W	YLR377C
YHR094C	YMR011W
YAR071W	YBR093C
YHR027C	YHR094C
YFL037W	YML058W
YKL022C	YKL145W
YBR065C	YKR086W
YFL007W	YGR135W
YIL017C	YIL097W
YGL106W	YML034W
YER095W	YMR012W
YER155C	YHR158C
YKL166C	YMR081C
YJL164C	YNL112W
YLR190W	YOR326W
YER125W	YGL087C
YHR135C	YKL023W
YKR020W	YNL255C
YDR247W	YOR094W
YBR200W	YLR093C
YDR319C	YLR452C
YDR116C	YOL027C
YDR195W	YNL222W
YHR058C	YPR168W
YDR122W	YJL187C
YBR036C	YHR140W
YGR174C	YNL255C
YDL171C	YPR086W
YBR058C	YOL006C
YCR084C	YKL213C
YDR244W	YNL044W
YDL135C	YHR135C
YGL077C	YPR138C
YCR009C	YLR144C
YNL255C	YPR103W
YER033C	YFL023W
YER133W	YGR052W
YKL093W	YLR273C
YBR290W	YOR016C
YDL188C	YMR273C
YGR180C	YNL189W
YDR388W	YHL032C
YGL115W	YJR083C
YLR207W	YOL013C
YDR329C	YOL147C
YFR004W	YJL088W
YNL317W	YPR107C
YOR034C	YOR132W
YDR477W	YGL023C
YDR477W	YOR018W
YDR118W	YLR127C
YHR082C	YNL147W
YGR167W	YKL135C
YDR510W	YKL094W
YBL079W	YDL116W
YJL014W	YMR237W
YDL161W	YIR006C
YER006W	YPR152C
YIL016W	YPR198W
YDR272W	YGR223C
YER020W	YMR186W
YBL045C	YJL143W
YCL057W	YNL064C
YGR270W	YKR092C
YLR293C	YPL031C
YGR060W	YJR010C-A
YAR018C	YPL018W
YDL097C	YDR363W-A
YAL007C	YMR290C
YDR195W	YPR107C
YBR290W	YCR011C
YNL131W	YPR133W-A
YMR273C	YNL189W
YGL100W	YIL149C
YJR148W	YPL031C
YEL034W	YPR080W
YDR304C	YHR185C
YHR027C	YNL178W
YDR141C	YJL014W
YHR066W	YLR276C
YHR102W	YOR257W
YJR082C	YLR455W
YLR074C	YPL131W
YDR190C	YPL193W
YDL047W	YOR317W
YCL001W	YDL145C
YHR104W	YOL016C
YFR052W	YHR102W
YLR026C	YNL263C
YDR404C	YPL228W
YGL106W	YOR181W
YBR086C	YOL113W
YHR082C	YLR098C
YER173W	YJL014W
YHR005C	YHR194W
YBL030C	YJL104W
YFR004W	YIL063C
YDR225W	YDR334W
YHR082C	YKL166C
YBL011W	YPL031C
YIL035C	YJR044C
YBR065C	YPR182W
YDR436W	YFR003C
YHR089C	YKR092C
YPR019W	YPR135W
YDR346C	YIL035C
YBL067C	YOL087C
YCR077C	YMR002W
YGL076C	YJR123W
YDR155C	YPL146C
YIL035C	YPR152C
YER177W	YHR152W
YGR232W	YHR200W
YDL239C	YPL255W
YGL084C	YPL141C
YBL030C	YPR191W
YKL018W	YPL138C
YFR044C	YOL013C
YKL052C	YKR083C
YLR168C	YNL255C
YDR227W	YML109W
YIR010W	YOR202W
YIL051C	YKR048C
YDR320C	YGR167W
YIL035C	YML069W
YDR229W	YNL053W
YLR332W	YPL004C
YIL033C	YMR273C
YFR004W	YPL096W
YDR227W	YLR293C
YHR027C	YKL065C
YDR088C	YLR433C
YJL149W	YOL025W
YMR036C	YPR191W
YDR411C	YFR004W
YBR135W	YJL138C
YDR497C	YGR130C
YDL077C	YPL045W
YNL161W	YOL070C
YIL035C	YLR197W
YBL047C	YDL161W
YCL059C	YOL127W
YLR381W	YPL018W
YKR086W	YMR125W
YBR036C	YPL057C
YFR004W	YNL118C
YNL075W	YPR137W
YDL137W	YPL031C
YFL022C	YHR200W
YIR010W	YNL248C
YHR027C	YJR104C
YDR224C	YJL176C
YBL030C	YDL174C
YDR320C	YEL032W
YDR229W	YJL187C
YHR164C	YLR442C
YIL148W	YPR152C
YHR140W	YKL065C
YOL087C	YPR108W
YHR143W	YNL197C
YDR477W	YNR004W
YOR270C	YPR149W
YDR335W	YML085C
YCL010C	YMR080C
YHR205W	YOR094W
YGL025C	YOL135C
YER012W	YGL011C
YJR007W	YMR093W
YGL181W	YPL013C
YBR090C	YNL255C
YCR010C	YCR061W
YDL240W	YJL020C
YDR036C	YKL155C
YFR019W	YOL135C
YHR079C	YPR156C
YDR293C	YNL161W
YGL070C	YOL051W
YCR093W	YER112W
YFL038C	YNL263C
YBR102C	YIL068C
YOL018C	YPL218W
YGR167W	YJL187C
YBL093C	YNR010W
YHR082C	YMR290C
YGR200C	YIL096C
YOR370C	YOR375C
YDR293C	YLR190W
YFR052W	YKL145W
YLR249W	YLR262C
YNL214W	YNL329C
YFL037W	YIR010W
YDR145W	YPL248C
YBR081C	YNL030W
YDL144C	YNL255C
YJR076C	YLR314C
YER029C	YNL092W
YGL222C	YNL255C
YER155C	YLR340W
YCR099C	YJL165C
YMR048W	YPL031C
YDL047W	YKL029C
YMR142C	YOL127W
YGR060W	YPL246C
YKL007W	YOL065C
YEL015W	YIR010W
YDR080W	YMR197C
YLL028W	YML132W
YLR455W	YMR290C
YJR084W	YMR025W
YDR510W	YFR052W
YKR079C	YMR099C
YHL032C	YLR305C
YER095W	YMR190C
YGL025C	YKR083C
YDL145C	YJL187C
YDL239C	YML042W
YER172C	YNL188W
YDR096W	YOR355W
YCR035C	YGR095C
YDR088C	YKR086W
YJL020C	YOR181W
YLR249W	YPL048W
YGL158W	YHR001W
YPL235W	YPR152C
YOR341W	YPR187W
YDR510W	YEL034W
YBR208C	YHR200W
YBR126C	YHR200W
YEL034W	YNL250W
YCR035C	YHR034C
YBL037W	YJR005W
YDR468C	YIL140W
YBR284W	YDR328C
YKL167C	YNL255C
YNL255C	YOR006C
YJL187C	YNL192W
YNL255C	YOR223W
YGL226C-A	YOR085W
YER177W	YGL252C
YGL076C	YHR027C
YEL004W	YNL197C
YDR477W	YMR086W
YDR510W	YEL009C
YGR142W	YNL255C
YDR477W	YFL054C
YER133W	YOR315W
YGL011C	YIL075C
YDR363W-A	YFR052W
YIL033C	YKL062W
YIL148W	YMR186W
YFR004W	YML100W
YDR470C	YML131W
YDR200C	YNL127W
YKL065C	YNL048W
YER136W	YFR004W
YIR008C	YNL312W
YER012W	YFR052W
YDR363W-A	YER012W
YBL003C	YOR058C
YGR135W	YOL146W
YFL022C	YFR004W
YCR073C	YIL051C
YAL061W	YNL255C
YBR126C	YLR002C
YMR001C	YPL255W
YDR523C	YPR082C
YNL255C	YOR040W
YDR247W	YJR025C
YJL081C	YML007W
YKL182W	YPL231W
YDR322W	YKL167C
YBR103W	YKR029C
YDR306C	YNL138W
YBR135W	YKL022C
YHR097C	YLR377C
YLR276C	YML010W
YDR085C	YLR423C
YBL093C	YOL135C
YDL226C	YFR004W
YBR200W	YLL050C
YJR065C	YNR035C
YER112W	YNL255C
YHR182W	YJL187C
YDR254W	YIR010W
YNL255C	YPL119C
YLR141W	YNL030W
YNL138W	YOL087C
YKL197C	YNL329C
YDR304C	YHL008C
YBL042C	YBR052C
YHR135C	YKL114C
YHR135C	YKL077W
YDR515W	YKL054C
YML057W	YMR186W
YFR004W	YGR180C
YMR072W	YMR167W
YBR253W	YKR095W
YMR290C	YNL132W
YNL216W	YPL248C
YFL014W	YKL171W
YJL123C	YNL255C
YFR004W	YFR030W
YER133W	YNL222W
YER019C-A	YJR010C-A
YFL029C	YGR080W
YMR080C	YPR080W
YJR076C	YNL078W
YMR173W	YPL141C
YDR130C	YLR075W
YNL055C	YNL106C
YFR004W	YML056C
YKL029C	YPR080W
YGL004C	YGR232W
YFR024C-A	YNL106C
YML028W	YNL178W
YJR074W	YLR293C
YHL042W	YOR016C
YFR004W	YOL061W
YHR027C	YOR259C
YBR083W	YKL161C
YGR040W	YPL115C
YKL212W	YLR350W
YCL059C	YDR510W
YBR135W	YDR510W
YBR194W	YDR074W
YLL036C	YPR178W
YGL197W	YJL098W
YFR004W	YOR151C
Q0085	YPL271W
YDL185W	YLL019C
YGL111W	YLR009W
YGR120C	YNL041C
YBR133C	YDR225W
YIL140W	YJL129C
YNL227C	YOL113W
YMR233W	YNL255C
YDR189W	YPL031C
YFR052W	YJR022W
YBR139W	YBR280C
YAL028W	YOR351C
YDR322C-A	YNL255C
YHL042W	YMR264W
YLR125W	YPL031C
YDL126C	YPL256C
YER125W	YJL084C
YDR190C	YFL013C
YGR270W	YOR341W
YDL165W	YNR052C
YCR033W	YKR029C
YGR084C	YOR158W
YCR093W	YPR072W
YKL016C	YNL255C
YEL023C	YJR009C
YFR004W	YLR197W
YGL190C	YNR032W
YDR436W	YPR005C
YJL098W	YLR249W
YDR328C	YFR004W
YBR200W	YOR047C
YDR224C	YMR223W
YAL018C	YIL171W
YDL194W	YOR047C
YCR009C	YPR062W
YGL105W	YOR231W
YJL164C	YPL146C
YHR135C	YNL094W
YGR276C	YNL298W
YFL033C	YOL147C
YHR113W	YOL082W
YBL003C	YHR118C
YDL126C	YIR010W
YFR004W	YGL252C
YOR181W	YPL004C
YBR107C	YPR046W
YOR380W	YPL031C
YBR200W	YEL013W
YHR135C	YNL149C
YLR277C	YPR107C
YCR079W	YPL110C
YDR318W	YDR383C
YGR214W	YHL011C
YML010W	YOR039W
YIL126W	YLR033W
YDR293C	YIR010W
YER177W	YKL171W
YDR477W	YIL075C
YHR115C	YOR215C
YER044C	YNL280C
YDR225W	YPL248C
YJR123W	YNL255C
YDR495C	YMR231W
YDR306C	YER043C
YDL126C	YMR001C
YBR135W	YKL145W
YFR021W	YJR025C
YOL146W	YPR019W
YLR186W	YLR197W
YNL298W	YPL115C
YIL114C	YNL130C
YDL222C	YKR100C
YIL149C	YOR257W
YBR162C	YGR040W
YOL051W	YPR187W
YBR011C	YFR004W
YKR006C	YNL255C
YDR363W-A	YER021W
YDR448W	YOL135C
YFL037W	YIL094C
YDR365C	YPL146C
YCL028W	YMR112C
YPL031C	YPL249C
YDR510W	YNL097C
YDL029W	YPL140C
YOL147C	YPL112C
YGR040W	YMR290C
YDL100C	YFR004W
YDL165W	YDR448W
YKL023W	YOL061W
YDR238C	YIL076W
YHR094C	YHR200W
YML042W	YPL070W
YCR079W	YJR059W
YBR086C	YPR086W
YLL036C	YLR424W
YHR066W	YLR249W
YIR010W	YNL178W
YDR354W	YPL031C
YGR250C	YML105C
YLR005W	YPR025C
YHR027C	YOL061W
YDR496C	YHR066W
YJL084C	YKL135C
YDR425W	YGL059W
YBR207W	YOR270C
YER146W	YKL209C
YDR306C	YKL085W
YIL109C	YPL031C
YML056C	YNL255C
YOR259C	YPR108W
YLR208W	YML130C
YER133W	YPL137C
YJL176C	YPL016W
YGR191W	YOR016C
YDR381W	YIL129C
YER068W	YNR052C
YDL222C	YPR156C
YHR082C	YKL210W
YJL056C	YPR154W
YFL062W	YOR071C
YBR044C	YKL148C
YBL045C	YOR125C
YFR015C	YLR369W
YGL077C	YOR273C
YKL016C	YML081C-A
YGL206C	YHR200W
YIL063C	YLR293C
YKR021W	YPR029C
YER012W	YMR186W
YJR059W	YOL082W
YAR071W	YCR038C
YHR105W	YLL040C
YKL203C	YPR156C
YJR084W	YPR082C
YHR135C	YJL110C
YER105C	YGL172W
YOR042W	YPR119W
YER133W	YKL112W
YDR201W	YNL189W
YNL317W	YOL045W
YML017W	YNL157W
YMR186W	YOL090W
YFR044C	YNL191W
YAL015C	YDR510W
YNL084C	YOR329C
YGR092W	YJR060W
YKL212W	YMR083W
YJR040W	YOR092W
YJR022W	YNL242W
YDR334W	YPL235W
YLR314C	YLR356W
YGR248W	YOR018W
YER166W	YGR229C
YLL013C	YLR423C
YDL054C	YDR307W
YEL034W	YFL023W
YML117W	YNL251C
YBR135W	YBR295W
YDR252W	YNR052C
YLR287C	YLR340W
YCL031C	YFR024C-A
YMR031C	YMR086W
YBL056W	YOR086C
YDL173W	YDR381W
YBL003C	YKR048C
YDL214C	YJL110C
YBL050W	YBR200W
YGR289C	YPR028W
YCL048W	YCR024C
YGR178C	YNL255C
YDR496C	YLR233C
YFR053C	YJR091C
YNL255C	YOR104W
YFL031W	YHR135C
YDL214C	YMR140W
YEL034W	YNL293W
YHR140W	YJL196C
YGL059W	YMR140W
YIR038C	YOL147C
YCR077C	YIR010W
YDL047W	YMR246W
YMR012W	YOL006C
YIL062C	YPR093C
YHR135C	YIL075C
YBR173C	YGL096W
YER012W	YOR259C
YDR308C	YPR168W
YGL227W	YIL097W
YDR510W	YIR038C
YNL091W	YPL229W
YKL133C	YNL118C
YEL034W	YFR004W
YDR225W	YDR227W
YKR092C	YLR197W
YBL075C	YNL293W
YCR043C	YPL246C
YDR244W	YKL197C
YER177W	YNL255C
YKL213C	YOR341W
YGR058W	YJL164C
YDR322W	YKR006C
YFR024C-A	YNL020C
YCL029C	YJL187C
YDL116W	YLR208W
YLR072W	YPR152C
YKR066C	YPL004C
YFL038C	YJL030W
YJL020C	YPR072W
YFL023W	YMR048W
YDR363W-A	YPR045C
YCL014W	YEL023C
YKL018W	YKL059C
YDR365C	YIL142W
YOL016C	YOR264W
YAR066W	YNL255C
YDR523C	YPL246C
YBL003C	YOL051W
YFL017C	YNL255C
YKL183W	YNL104C
YBR234C	YPL043W
YHR135C	YMR268C
YBL106C	YHR161C
YGL059W	YPL006W
YDR328C	YEL051W
YER008C	YMR304W
YER012W	YHR027C
YJR022W	YKR021W
YGL158W	YHR058C
YMR319C	YNL255C
YJR093C	YKL018W
YHR135C	YMR036C
YNL255C	YOL123W
YBR041W	YOR317W
YDL008W	YMR001C
YBR034C	YLR315W
YDR273W	YJL164C
YGL070C	YPR187W
YCR077C	YHR152W
YDL185W	YJR033C
YER020W	YPL221W
YMR061W	YNL317W
YDR227W	YMR284W
YJR001W	YKL166C
YER100W	YKL205W
YDR005C	YGR246C
YDR238C	YGR229C
YIL076W	YJR045C
YLR098C	YNL056W
YDR328C	YOR089C
YDL155W	YPL267W
YMR196W	YNL020C
YDR254W	YDR383C
YDR073W	YPL016W
YDR510W	YLR082C
YEL015W	YER032W
YBL074C	YPR178W
YDR245W	YJR075W
YGR084C	YMR012W
YGL025C	YPR168W
YGL018C	YPL135W
YGL060W	YMR032W
YER155C	YLL021W
YKL007W	YML069W
YBR011C	YNL079C
YCL028W	YNL064C
YIL033C	YMR022W
YJR056C	YNL189W
YLR117C	YPR182W
YER006W	YLR002C
YIR037W	YOL147C
YDR507C	YLR208W
YBR221C	YDR430C
YDR346C	YPR118W
YIL148W	YIR010W
YLR233C	YML038C
YDL222C	YGR055W
YDR477W	YPL248C
YMR001C	YMR012W
YGR084C	YHL004W
YKL059C	YNL222W
YDR496C	YPL131W
YKL054C	YMR120C
YDL145C	YNR006W
YER029C	YPL157W
YDR330W	YPL018W
YEL023C	YFR053C
YER146W	YER172C
YER133W	YFR015C
YDR485C	YDR510W
YER136W	YLR362W
YHR034C	YPL146C
YKL023W	YNL298W
YDR477W	YNL227C
YHR140W	YIL114C
YKL013C	YKL129C
YDR096W	YPR169W
YNL189W	YPR025C
YER088C	YML010W
YJR059W	YKL140W
YBL003C	YDL002C
YIR010W	YOR141C
YGL059W	YGR249W
YDR404C	YER125W
YLR386W	YML092C
YFR004W	YJR104C
YNL197C	YOR062C
YBR128C	YGL105W
YDR155C	YPL235W
YNL084C	YNL250W
YGR270W	YPL235W
YKL002W	YOR047C
YDR365C	YDR507C
YER094C	YFL007W
YJR001W	YPL031C
YMR080C	YNL118C
YGR192C	YHR154W
YNL255C	YPR187W
YHR200W	YOR007C
YIR037W	YPR156C
YDR293C	YHR079C
YCL028W	YPL140C
YDL195W	YLR075W
YBR234C	YNL020C
YHR024C	YLR163C
YGL023C	YNL255C
YLR087C	YNL255C
YNL216W	YPR104C
YHR124W	YJL106W
YDR195W	YKL059C
YKR048C	YOL059W
YLR117C	YLR424W
YDR005C	YIL035C
YDL184C	YNL147W
YDR130C	YER133W
YEL015W	YJR022W
YCR043C	YDR388W
YER105C	YJL030W
YHR113W	YNL189W
YDR247W	YJR049C
YML058W	YNL197C
YBR162C	YMR214W
YDR328C	YER062C
YDR239C	YJL164C
YER094C	YGR253C
YDR054C	YGL252C
YLR332W	YML016C
YBR135W	YGR109C
YBL045C	YEL024W
YIL016W	YLL028W
YBR087W	YNL255C
YCR073W-A	YHR082C
YGR287C	YOR351C
YJL084C	YJL187C
YOL147C	YPL031C
YBL003C	YMR186W
YMR311C	YPL031C
YBR011C	YLR371W
YLR075W	YNL112W
YER172C	YLL036C
YDR365C	YIL035C
YMR012W	YNL157W
YCL028W	YNR010W
YHR140W	YLL028W
YGL206C	YJL153C
YBR221C	YGR193C
YDR411C	YML029W
YFR004W	YOR027W
YGL158W	YGL231C
YCL031C	YHL002W
YFR004W	YGR092W
YNL130C	YOR016C
YNL255C	YOR182C
YDL002C	YFL013C
YCR091W	YJL089W
YBR194W	YER029C
YGR205W	YOL016C
YIR010W	YJR045C
YDR086C	YKL145W
YIL094C	YOL145C
YKL196C	YOR075W
YCR077C	YMR268C
YDR081C	YIR010W
YDL005C	YHR058C
YDR411C	YHR027C
YDL185W	YDR381W
YHR035W	YJR022W
YER095W	YGL163C
YGL077C	YPL221W
YDL051W	YPL031C
YKR048C	YKR079C
YJL081C	YJR082C
YDR347W	YPR080W
YER006W	YGL213C
YGL001C	YLR106C
YDR225W	YOL006C
YBR105C	YLR340W
YPL213W	YPR082C
YIL051C	YJL165C
YLR278C	YOR181W
YLR377C	YML016C
YDR456W	YPL092W
YKL145W	YPL096W
YHR158C	YMR124W
YJR118C	YML101C
YDR354W	YHR200W
YCL029C	YPL269W
YAL008W	YPL186C
YIL035C	YNL112W
YGR092W	YMR001C
YNL255C	YOR236W
YKL145W	YOL145C
YOL016C	YPR187W
YHR079C	YOL148C
YAL060W	YFR004W
YJL164C	YPR019W
YHR094C	YLL028W
YDL165W	YGR092W
YDL077C	YNL304W
YDR507C	YKL093W
YDR073W	YJL176C
YNL255C	YPL071C
YJL083W	YPL109C
YDR148C	YMR012W
YHR179W	YNL094W
YKL135C	YPL249C-A
YDL181W	YPL078C
YDR347W	YPL013C
YDR388W	YLR337C
YDR507C	YJR047C
YBR107C	YOR030W
YIL066C	YNL134C
YMR186W	YPL001W
YGL060W	YPL018W
YJL100W	YPL100W
YER172C	YLR424W
YBR081C	YLR055C
YDR181C	YDR283C
YCR012W	YHR174W
YHR200W	YOR259C
YER125W	YPR030W
YFR004W	YNR035C
YER020W	YOL105C
YLR106C	YML029W
YBR133C	YJL187C
YCL054W	YNL255C
YFR004W	YJL165C
YHR135C	YPR091C
YDL149W	YPR105C
YBL058W	YJR059W
YDR306C	YOL025W
YHR140W	YIR038C
YER164W	YGL019W
YLR424W	YPR082C
YBL045C	YPR054W
YDR331W	YER026C
YJR059W	YLR437C
YKR048C	YOR112W
YGR253C	YNL255C
YHR200W	YOR303W
YDR483W	YLR026C
YDL222C	YKL094W
YER010C	YJL164C
YMR244C-A	YNL255C
YAL007C	YDR381W
YEL051W	YMR105C
YDR122W	YPR115W
YDL002C	YPL082C
YDR003W	YER125W
YJL074C	YNL030W
YGL025C	YPL082C
YEL034W	YLR074C
YLR138W	YML016C
YGL076C	YGL111W
YER146W	YNL255C
YDL190C	YML013W
YLR424W	YNL167C
YDR523C	YGL019W
YGL045W	YNL294C
YDL015C	YJL196C
YPL031C	YPL193W
YGL206C	YLR170C
YHR023W	YLL021W
YBR039W	YMR186W
YFR004W	YLR354C
YER133W	YMR120C
YJR065C	YKL013C
YBL051C	YER068W
YDL155W	YOR341W
YGR055W	YLR332W
YFR024C-A	YNL255C
YKL054C	YKL204W
YGL206C	YNR006W
YDR477W	YMR104C
YMR223W	YPL082C
YBR081C	YML007W
YBL003C	YNL248C
YBR048W	YFR004W
YER095W	YLR337C
YNL197C	YOR172W
YHR200W	YIL148W
YER142C	YOL090W
YIL148W	YKR001C
YDR225W	YLR357W
YLR197W	YMR093W
YDL106C	YPR086W
YHR118C	YMR036C
YJL196C	YPR028W
YIL122W	YJL030W
YJL020C	YLR386W
YJL110C	YNL021W
YBL015W	YMR059W
YGL106W	YLR144C
YHR135C	YNL165W
YBL023C	YPL001W
YHR135C	YJL084C
YDR130C	YNR053C
YER006W	YNL227C
YML010W	YML069W
YHR135C	YOR042W
YDR122W	YHR158C
YLL004W	YPL008W
YER111C	YOR083W
YHR200W	YMR191W
YBR216C	YIR037W
YGR270W	YNR016C
YLR025W	YMR077C
YJL020C	YJL164C
YHR140W	YPR156C
YDR328C	YJR033C
YPL112C	YPR154W
YBL003C	YOR217W
YFL054C	YML006C
YGL190C	YJR138W
YDR224C	YPL084W
YCR084C	YNL236W
YDR510W	YLR355C
YER006W	YLR009W
YDR328C	YPL256C
YDR201W	YKL052C
YLR096W	YMR120C
YKL178C	YOL044W
YDL239C	YGR268C
YBR177C	YKL094W
YKR038C	YNL255C
YBR272C	YFR052W
YAR066W	YNL197C
YHR061C	YJR053W
YDR122W	YDR162C
YDR247W	YKR049C
YGL115W	YPR160W
YNL251C	YPR080W
YHR027C	YJL014W
YDR074W	YPR152C
YEL013W	YJR091C
YBR280C	YOL133W
YMR010W	YOR104W
YNR016C	YPR152C
YDL106C	YJR123W
YOR281C	YPL141C
YFR004W	YNL178W
YJL014W	YKL198C
YBR142W	YBR194W
YJL083W	YPL004C
YJL176C	YNL030W
YDL223C	YPL141C
YIR010W	YMR142C
YDR190C	YHR034C
YIL035C	YPL043W
YGL237C	YKR028W
YHR167W	YKR086W
YEL051W	YJL151C
YLR362W	YOR089C
YDL145C	YFR004W
YER112W	YJR138W
YFR024C-A	YGL238W
YNL055C	YNR010W
YDR457W	YOL025W
YDR510W	YER164W
YER157W	YNL051W
YBR274W	YJR082C
YFR004W	YHR027C
YER026C	YHR140W
YDR363W-A	YOR257W
YGR224W	YKL020C
YFL014W	YFR004W
YCL059C	YJR123W
YER179W	YLR127C
YHL042W	YJL117W
YCL029C	YMR134W
YDL079C	YJL098W
YLR310C	YOR101W
YER068W	YKL054C
YFL033C	YGR276C
YLR090W	YNL255C
YDR145W	YGR130C
YDR208W	YJR059W
YER178W	YNL255C
YGR135W	YMR291W
YDR239C	YLR096W
YDR056C	YKL207W
YDR510W	YLR399C
YKL171W	YLR455W
YGL206C	YPR029C
YHR135C	YKR041W
YDR379W	YPR152C
YDR363W-A	YPR108W
YDR174W	YPR104C
YDR328C	YKL006W
YDR331W	YIL016W
YDL164C	YOR217W
YBR072W	YFR004W
YBL025W	YBR274W
YDL029W	YKL013C
YER095W	YLR127C
YPR105C	YPR191W
YNL255C	YOR086C
YER020W	YHR001W
YHR026W	YPR198W
YNL255C	YOL127W
YGR192C	YMR086W
YGR214W	YNL112W
YHR027C	YPL143W
YJL110C	YPL004C
YJL164C	YPR029C
YER043C	YGL237C
YHL022C	YPR007C
YPL140C	YPR108W
YDR330W	YHR135C
YFL033C	YMR155W
YDR365C	YDR496C
YDR244W	YOL147C
YKL178C	YNL255C
YDL159W	YLR362W
YER177W	YKL140W
YJR010C-A	YMR264W
YBR107C	YLR381W
YLR411W	YNL255C
YJR059W	YNL101W
YOR326W	YPL269W
YBR194W	YLL013C
YER079W	YJL187C
YEL015W	YPR129W
YHR158C	YKR054C
YDR131C	YIL063C
YIL035C	YOR341W
YDR143C	YGR279C
YDL106C	YDR146C
YHR009C	YPL031C
YDL020C	YKL145W
YGR232W	YOR259C
YBR207W	YGR163W
YNR035C	YPL004C
YHR005C	YML104C
YCL034W	YNL255C
YGL181W	YIR006C
YCL032W	YNL161W
YIR037W	YMR120C
YKL018W	YNL197C
YFR053C	YGL178W
YIL016W	YNL255C
YDR510W	YHR103W
YER021W	YPL002C
YDR247W	YPR082C
YBL003C	YKR001C
YDL117W	YNR016C
YJL164C	YMR184W
YIR010W	YOL069W
YNL086W	YOL130W
YKR095W	YPR052C
YCR012W	YJL030W
YDR118W	YGL115W
YFL017C	YOL059W
YDL117W	YJR059W
YBL030C	YLR038C
YDL230W	YGL158W
YBL112C	YNL255C
YLR246W	YNL098C
YBR044C	YLR435W
YJL153C	YNL138W
YDL149W	YHR082C
YOL133W	YPR019W
YCL031C	YPR154W
YLR254C	YLR314C
YML109W	YML131W
YDL214C	YKL012W
YDR155C	YFL023W
YBL058W	YKL213C
YDL015C	YJR010C-A
YDR409W	YJL020C
YDR523C	YKL114C
YIR010W	YOR298C-A
YDR404C	YGL070C
YDR388W	YIL148W
YNL255C	YOR039W
YFL038C	YOR075W
YLR386W	YPL256C
YDL100C	YKL062W
YFR004W	YLR179C
YDR425W	YNL197C
YIL033C	YNL093W
YNL079C	YNL255C
YDR189W	YLR026C
YGR040W	YMR032W
YDR392W	YPL248C
YGR055W	YNL283C
YMR127C	YOL030W
YDL047W	YGR161C
YGL025C	YLR315W
YJR059W	YPL100W
YJL137C	YPL031C
YNL197C	YNR009W
YDR510W	YNL055C
YJL013C	YOR026W
YDR499W	YHR164C
YHR154W	YJL090C
YFR004W	YIR011C
YBR177C	YBR274W
YBR081C	YDR392W
YDL005C	YNR010W
YBR272C	YIL075C
YER136W	YLR262C
YDR407C	YEL048C
YDR363W-A	YMR173W
YNR003C	YPR187W
YIL063C	YML121W
YER112W	YLR386W
YFR004W	YFR024C-A
YKL167C	YOL027C
YHR027C	YMR012W
YHR135C	YLR350W
YBR274W	YNL234W
YER020W	YJL005W
YJR059W	YLR003C
YJL196C	YJR010C-A
YDR328C	YLR058C
YDR510W	YNL216W
YKR014C	YNL255C
YGR056W	YLR357W
YJR104C	YMR059W
YDL015C	YHR140W
YER155C	YGL019W
YFR021W	YFR024C-A
YFL045C	YGL208W
YER125W	YNL157W
YGR180C	YPL031C
YNL255C	YOL155C
YFL024C	YNL136W
YBR229C	YDL210W
YER006W	YLR371W
YPL161C	YPR198W
YLR452C	YNL197C
YDR477W	YDR510W
YJL051W	YJR059W
YBL003C	YDR174W
YDL239C	YOR380W
YBL003C	YBR049C
YJR076C	YLL019C
YKL029C	YMR012W
YGR056W	YKR008W
YNL197C	YPR138C
YBL003C	YNL178W
YKL193C	YML016C
YJR022W	YMR268C
YHR027C	YOR185C
YGL115W	YML110C
YDR476C	YIR038C
YKL028W	YNL112W
YGR200C	YOL061W
YGR146C	YNL197C
YHR027C	YOR351C
YLR340W	YOL123W
YCL059C	YMR290C
YJR022W	YOR167C
YDL126C	YPR168W
YNL298W	YPR181C
YDR346C	YNL255C
YER068W	YNL157W
YBR126C	YCR079W
YHR057C	YJR091C
YDR328C	YER012W
YGR040W	YPL048W
YER020W	YJL106W
YJL164C	YLR410W
YGR167W	YPL141C
YDR306C	YOR027W
YGR135W	YML092C
YNL197C	YPL141C
YNL225C	YPL031C
YJL014W	YJR076C
YBR035C	YJR059W
YDL214C	YNL227C
YER154W	YOL016C
YHR014W	YPL031C
YER044C	YGL001C
YGL181W	YGR192C
YER133W	YMR037C
YHR034C	YJR022W
YDR318W	YDR328C
YLR015W	YLR246W
YGR132C	YPR152C
YBR255W	YIL106W
YDR495C	YOR089C
YBL003C	YLR002C
YBR084W	YPL131W
YGR052W	YLR127C
YLL036C	YPR080W
YCR091W	YMR184W
YJL058C	YLR423C
YGL213C	YIL033C
YDR388W	YOR138C
YBR039W	YEL056W
YBR072W	YPR056W
YER173W	YFR027W
YDR190C	YMR127C
YJR009C	YNL255C
YBR048W	YDL060W
YDL191W	YHR200W
YKL018W	YLR277C
YLL019C	YOL016C
YJR053W	YOR058C
YHR158C	YLR096W
YHR001W	YPL221W
YDL090C	YMR139W
YDL098C	YER112W
YBL079W	YGL092W
YGL226W	YNL255C
YGL115W	YMR291W
YGR060W	YNL101W
YMR010W	YPL246C
YGL190C	YMR304W
YNL197C	YPL256C
YKL205W	YOR185C
YGR040W	YLR452C
YFR024C-A	YMR232W
YDR328C	YMR094W
YBL003C	YEL012W
YNL255C	YNR036C
YER021W	YMR191W
YAL007C	YGR231C
YGL237C	YKR048C
YDR488C	YOR172W
YIL006W	YNL197C
YFR024C-A	YJL045W
YNR010W	YOL135C
YGR120C	YOR353C
YMR197C	YMR231W
YDL155W	YDR507C
