YMR207C	YNR016C
YPL115C	YPL161C
YBR245C	YPR110C
YIR010W	YJR009C
YLL039C	YLR113W
YJR047C	YPL141C
YDR477W	YLR132C
YKL122C	YPL210C
YKL104C	YKL211C
YDR448W	YHR058C
YDR320C	YJR135C
YDL181W	YNL250W
YEL039C	YJL164C
YAL017W	YOL045W
YDR145W	YGL158W
YDR383C	YIR010W
YJR009C	YMR186W
YBR221C	YML059C
YDL028C	YMR114C
YFR004W	YFR052W
YIL118W	YKL130C
YDR356W	YPL255W
YDR409W	YLR303W
YJL164C	YKL079W
YGL091C	YIL129C
YDR423C	YGL158W
YBR060C	YPL008W
YFR014C	YJL146W
YDR259C	YHR082C
YNR017W	YOR236W
YDL237W	YGL122C
YBR103W	YCR033W
YGL122C	YKL016C
YGL106W	YLR274W
YGR119C	YNL189W
YGL158W	YHR185C
YGL122C	YIR010W
YEL034W	YIL148W
YFL007W	YLL039C
YGL122C	YMR253C
YFR004W	YOL038W
YDR392W	YLR113W
YJL129C	YML016C
YGL001C	YGR060W
YGR105W	YML012W
YDR424C	YGL153W
YIL075C	YOL117W
YGL207W	YGR116W
YDR326C	YIR010W
YNL250W	YOR261C
YDR145W	YIL129C
YBL007C	YDL206W
YGL158W	YOR018W
YDR224C	YKL103C
YLR113W	YLR248W
YGR026W	YPL031C
YOR244W	YPL004C
YML029W	YMR173W
YGR092W	YJL005W
YIR010W	YKR083C
YOR275C	YPL031C
YJL154C	YKL171W
YBL050W	YPL232W
YDR194C	YML065W
YDR225W	YDR510W
YDR427W	YER012W
YBL055C	YGL180W
YHR082C	YKL197C
YIR010W	YJL065C
YHR198C	YML064C
YDL185W	YKL029C
YGL122C	YOR328W
YBL003C	YBR245C
YDR354W	YFR014C
YDL207W	YKL068W
YGL122C	YNL213C
YDR381W	YER063W
YKL174C	YLL039C
YHR027C	YMR186W
YHR204W	YMR304W
YHR200W	YLR061W
YDR406W	YLR055C
YCL043C	YIR001C
YGL003C	YKL101W
YER021W	YOR128C
YBR202W	YDL029W
YAR007C	YCR066W
YLR248W	YPL153C
YBR095C	YNL097C
YGL116W	YJL111W
YBR126C	YDR074W
YGR224W	YLR080W
YER022W	YOL051W
YBL050W	YGL122C
YJL013C	YPL209C
YDR318W	YJR112W
YER012W	YGL048C
YER022W	YGL122C
YEL039C	YLL039C
YBL076C	YOR117W
YGL122C	YMR135C
YIR010W	YLR430W
YDR224C	YLL039C
YDL153C	YHR082C
YCL024W	YKL181W
YGL122C	YJR132W
YGL158W	YOR290C
YGL122C	YKL210W
YIR010W	YOL051W
YGL122C	YHR083W
YGL122C	YLR032W
YDL087C	YML049C
YKR062W	YPL106C
YDL029W	YMR109W
YLR238W	YMR052W
YKL207W	YML048W
YGR183C	YNL197C
YDR124W	YPR049C
YDL215C	YLL001W
YJR077C	YLR259C
YER103W	YGR192C
YAR007C	YBR215W
YGR065C	YGR130C
YGL003C	YPR119W
YJR022W	YNL147W
YDR224C	YML112W
YJL164C	YKL171W
YJL081C	YLR399C
YBR114W	YKR001C
YDR312W	YJL164C
YEL039C	YGL078C
YGL122C	YNR007C
YDL015C	YJL117W
YGL122C	YNL091W
YLR237W	YML132W
YJR059W	YKR092C
YGL106W	YMR304W
YKL101W	YNR006W
YDL132W	YLR224W
YAR027W	YGL122C
YGL122C	YHR166C
YBR069C	YPR198W
YBL017C	YGL122C
YAL020C	YBR160W
YJR010C-A	YLR004C
YDR448W	YGL066W
YDR244W	YML042W
YJL187C	YJR082C
YNL084C	YPL153C
YGR235C	YJL164C
YFR004W	YHR098C
YDR256C	YOL045W
YBR160W	YDR027C
YGL209W	YNL197C
YKL104C	YPR110C
YEL034W	YLR069C
YLR275W	YPR082C
YMR001C	YOR372C
YGL179C	YMR304W
YBR114W	YLR044C
YBL087C	YFR034C
YGR116W	YLL039C
YJL106W	YMR165C
YGR284C	YNL197C
YGL180W	YJR019C
YDR328C	YLR399C
YGL122C	YLR330W
YDR252W	YJR011C
YJL164C	YKR094C
YBR056W	YFR004W
YOR117W	YPL031C
YGR038W	YJL187C
YFR014C	YNL218W
YDR246W	YKR068C
YBR171W	YJL034W
YDR392W	YLR055C
YJL187C	YLR132C
YDR130C	YGL093W
YDR043C	YDR477W
YFR004W	YOR168W
YJL052W	YLL060C
YAR007C	YIR010W
YDL075W	YGL147C
YDR164C	YKL130C
YDR264C	YOR233W
YGL207W	YGR163W
YDR252W	YGR134W
YNL015W	YOR168W
YER133W	YGL122C
YDR381W	YML065W
YBR194W	YIR006C
YLR150W	YPL131W
YLR044C	YNL127W
YHR200W	YPL240C
YLL039C	YLR039C
YDR328C	YGL122C
YGL253W	YOR117W
YLR096W	YML048W
YER125W	YGR052W
YGL122C	YNR060W
YDR309C	YNL298W
YKL064W	YPL203W
YBR035C	YLL039C
YDR263C	YMR291W
YGR060W	YHR190W
YER086W	YKL029C
YKL068W	YNL189W
YGR103W	YOR039W
YDL239C	YGL075C
YDR129C	YMR246W
YDR374C	YNR052C
YBL074C	YDL214C
YBR298C	YMR279C
YBR109C	YDL028C
YDL212W	YJR015W
YOL120C	YPL198W
YGL122C	YPR045C
YGL122C	YGR105W
YHL009C	YPL141C
YBR207W	YPL203W
YDL132W	YJL047C
YDR091C	YPR041W
YDR099W	YGL180W
YBR193C	YGL122C
YNL047C	YPL231W
YFR017C	YNL197C
YER098W	YOR267C
YIR010W	YOR198C
YER133W	YKL203C
YGL122C	YGL190C
YGR132C	YJL183W
YDR381W	YGR162W
YER002W	YLR009W
YBR036C	YPR198W
YLR248W	YPR091C
YGL122C	YLR095C
YDR477W	YLR265C
YBR160W	YNL042W
YDL175C	YPR191W
YER016W	YGL061C
YGL122C	YPL244C
YDR381W	YLL039C
YDL107W	YGR062C
YDR171W	YGL120C
YGL122C	YGL147C
YKL151C	YPL070W
YBR160W	YPR030W
YHR090C	YOR244W
YKR035W-A	YML065W
YCL043C	YLR233C
YGR233C	YIL050W
YDR145W	YKL125W
YHR169W	YKL075C
YLL039C	YLR153C
YHR079C	YNL097C
YGR237C	YML056C
YML048W	YPL076W
YIL027C	YPL070W
YDR330W	YGR003W
YBR221C	YFR004W
YHR205W	YPL031C
YIL061C	YMR080C
YJL084C	YMR032W
YDR404C	YGR063C
YDR420W	YHR154W
YGL158W	YGR223C
YFR028C	YPL124W
YGR060W	YGR105W
YGL122C	YMR206W
YDR510W	YLL032C
YEL017C-A	YNL194C
YFR014C	YLR102C
YDL155W	YNL076W
YDL028C	YJR112W
YFR004W	YIL109C
YJR009C	YNL250W
YGR240C	YMR032W
YDL006W	YPL031C
YKL057C	YLL039C
YDL100C	YDR451C
YCL011C	YJL006C
YML117W	YPL031C
YAL013W	YMR263W
YJL173C	YMR105C
YER125W	YHR200W
YEL022W	YGR218W
YBL093C	YGR104C
YJL176C	YPR034W
YGL059W	YOL070C
YBL002W	YER030W
YHR035W	YPR119W
YER115C	YJL020C
YBR194W	YML007W
YGL053W	YML029W
YIR010W	YPR129W
YLL039C	YOR261C
YLR413W	YML072C
YGL173C	YLL039C
YKR002W	YNL189W
YLR423C	YOR357C
YKL029C	YOR181W
YDR323C	YPL031C
YGR233C	YNL138W
YER179W	YNR016C
YBR059C	YHR161C
YEL013W	YFR035C
YDL065C	YOL147C
YGL151W	YLL039C
YGL142C	YML012W
YBR207W	YGL203C
YCR073C	YMR165C
YBR052C	YOL105C
YBL007C	YPR030W
YGL122C	YHL048W
YBR114W	YJR052W
YFR004W	YGL054C
YJR045C	YLR362W
YCR069W	YLL039C
YJL020C	YJR022W
YDL212W	YHR140W
YGR209C	YML007W
YJL110C	YJR066W
YKL103C	YOL082W
YDL075W	YPL131W
YBR234C	YLL039C
YBL003C	YDL031W
YER119C	YPL031C
YGL158W	YLL057C
YDL135C	YGL122C
YDL130W-A	YDL181W
YCL011C	YMR216C
YER178W	YIR010W
YBR161W	YMR091C
YML028W	YOR101W
YIL077C	YPL031C
YOR347C	YPL203W
YAR031W	YDL054C
YBL039C	YGL137W
YJR010C-A	YKL065C
YBR207W	YER021W
YHR027C	YJL001W
YKL129C	YPL038W
YFR052W	YIL075C
YGL122C	YIR042C
YHR154W	YJL047C
YBR160W	YML119W
YJR076C	YLR027C
YER035W	YPL004C
YLL019C	YNL189W
YLR191W	YNL025C
Q0130	YLR393W
YOR117W	YPL240C
YAR031W	YBR069C
YHR001W-A	YLL039C
YCR042C	YKR002W
YKL035W	YPL240C
YGR192C	YOR117W
YDR128W	YER182W
YDR293C	YMR105C
YGL147C	YLR406C
YDR099W	YPL074W
YDL047W	YGR184C
YBR160W	YNL339C
YDL025C	YGR103W
YFR014C	YOR089C
YBR088C	YDR013W
YHR027C	YLL050C
YLR304C	YMR246W
YIR010W	YOR267C
YGL137W	YML012W
YDL070W	YER133W
YGL122C	YLR026C
YGR060W	YML012W
YJR104C	YPL031C
YKL104C	YNL313C
YCR091W	YDL006W
YBR194W	YCR030C
YGR241C	YLL017W
YBL021C	YOR358W
YBL003C	YBR202W
YBL084C	YLR005W
YML056C	YMR061W
YDR280W	YNL232W
YMR246W	YPL206C
YBR130C	YLR274W
YGL122C	YOR167C
YDR394W	YIL075C
YKL079W	YPR049C
YIL034C	YOR181W
YFR004W	YJR133W
YGL137W	YHR018C
YHL025W	YNR023W
YFR034C	YHR205W
YDL029W	YNL161W
YJL006C	YPL240C
YJR077C	YOR117W
YDR224C	YER030W
YBR216C	YML007W
YFL048C	YOR316C
YFR024C-A	YPR081C
YER109C	YMR164C
YGR074W	YLR275W
YGL120C	YLL019C
YDR381W	YDR510W
YGL190C	YHR082C
YKL203C	YPL249C
YJR006W	YNL102W
YDR259C	YKL071W
YFR024C-A	YMR192W
YDR099W	YGL252C
YCL011C	YDR138W
YIL046W	YJL187C
YBL031W	YGL158W
YDR477W	YKL079W
YLL039C	YML072C
YKL135C	YLR330W
YIR011C	YNL189W
YDR169C	YML112W
YHR209W	YLL039C
YGR156W	YKL059C
YKL203C	YNL183C
YGL203C	YOR104W
YDR171W	YPL240C
YGL122C	YOR042W
YDL185W	YDR328C
YHR094C	YKL065C
YOR250C	YPL203W
YMR165C	YPL031C
YNL197C	YPR129W
YGL225W	YIR038C
YLL039C	YPL094C
YJR075W	YLR026C
YNR027W	YPL106C
YGL122C	YLR388W
YHR186C	YLL039C
YBR044C	YDL093W
YGL180W	YPR129W
YBR233W	YHR082C
YDR174W	YDR381W
YDL207W	YKL057C
YBR130C	YKL130C
YDR138W	YEL060C
YNL014W	YOR117W
YLR328W	YNL189W
YBL007C	YNL152W
YDR465C	YGR119C
YBR103W	YGL122C
YKL161C	YPL031C
YER021W	YHR200W
YJR093C	YNL222W
YBL017C	YMR010W
YGL122C	YHR001W
YIR010W	YNL064C
YGR192C	YJL052W
YBR160W	YNL298W
YBR162C	YER086W
YDL025C	YHR082C
YER022W	YGL151W
YDL028C	YJL084C
YGL137W	YJL153C
YGL207W	YPL141C
YKR041W	YLL039C
YFR028C	YMR001C
YGR192C	YKL152C
YLL039C	YNL180C
YDR381W	YNL088W
YGR047C	YPL008W
YKL081W	YKL104C
YDR477W	YNL257C
YJR091C	YKL204W
YDR384C	YNR060W
YDR032C	YML016C
YBR126C	YLL019C
YGL122C	YNR021W
YGR233C	YJL005W
YGL122C	YNL246W
YFR015C	YGL134W
YLL033W	YPR116W
YBR168W	YDL065C
YGL067W	YJR059W
YGL060W	YLR191W
YNL124W	YOL149W
YCR002C	YDR085C
YDL207W	YER107C
YEL061C	YER012W
YGL122C	YKL060C
YCL011C	YGL049C
YER045C	YGL122C
YLL039C	YPR075C
YER128W	YFR014C
YGL180W	YLR423C
YIL061C	YLR153C
YBR160W	YLR210W
YER032W	YLR456W
YJL020C	YLR191W
YGL122C	YGR061C
YGL122C	YPL248C
YDR246W	YGL122C
YLR318W	YPL240C
YHR058C	YOL051W
YDL113C	YLR191W
YDL020C	YHR200W
YGL158W	YIL004C
YIL109C	YML012W
YGR250C	YPL210C
YIL063C	YLR096W
YML001W	YMR231W
YCR030C	YDL225W
YGL137W	YLR100W
YCL011C	YFR004W
YFR004W	YMR226C
YOR244W	YPL110C
YDR541C	YGL133W
YFR004W	YPR041W
YDL100C	YML048W
YDR032C	YGL122C
YLR201C	YOR125C
YDR381W	YPL169C
YJL194W	YNL261W
YHR033W	YOR212W
YDR129C	YDR353W
YCR093W	YDR293C
YLL011W	YML093W
YBL058W	YOL128C
YER146W	YPR184W
YER098W	YKL171W
YHR094C	YIR038C
YGR156W	YKR002W
YDL214C	YJL051W
YBR130C	YLL039C
YKL048C	YLR096W
YPL116W	YPL220W
YFR046C	YIR010W
YLL039C	YMR295C
YGL122C	YMR017W
YDR244W	YNL329C
YDR538W	YMR304W
YFR017C	YGL059W
YIR010W	YMR100W
YGL122C	YJL217W
YDR499W	YGR218W
YNR022C	YPR119W
YFR021W	YGL179C
YNL197C	YPL188W
YBL007C	YOR109W
YER133W	YGR156W
YFL038C	YPR017C
YDL217C	YNR017W
YDR477W	YKL091C
YGL122C	YML030W
YJR034W	YOR162C
YHR027C	YIL074C
YDR264C	YOR101W
YBR193C	YDR308C
YAL035W	YIR001C
YJL164C	YNL125C
YLL039C	YNL012W
YBR207W	YHR094C
YLR312W-A	YOL027C
YNL251C	YNL330C
YDR224C	YPR052C
YJL187C	YPR139C
YLL039C	YNL074C
YGL122C	YKL025C
YER010C	YGL122C
YBL081W	YDL167C
YKL051W	YLR413W
YHR152W	YLR132C
YGR095C	YOL142W
YDL207W	YDR159W
YHL048W	YKL154W
YDL025C	YGL122C
YCL043C	YCR073C
YHL048W	YPR028W
YGR046W	YLR259C
YOR198C	YPL255W
YLR274W	YOR080W
YER020W	YNL197C
YGL122C	YLR154C
YIL027C	YJL117W
YGL122C	YLR421C
YDR225W	YOR141C
YCR038C	YIL140W
YER133W	YGR103W
YML001W	YPR028W
YAL035W	YDR091C
YJL189W	YML065W
YLR026C	YMR197C
YFR028C	YGR092W
YDR394W	YOL117W
YBR160W	YML091C
YKL028W	YLR167W
YDR099W	YOR117W
YGL122C	YNL208W
YKL060C	YNL127W
YFR048W	YJR059W
YGL059W	YKL181W
YDL013W	YIL061C
YLL039C	YLR219W
YNL189W	YPL153C
YDR224C	YIL066C
YKL104C	YLL039C
YBR160W	YER115C
YGR215W	YHL004W
YBR193C	YGL151W
YBL021C	YDL185W
YKL060C	YOR117W
YDR318W	YLR381W
YEL061C	YMR124W
YGL122C	YGL220W
YCR091W	YNL045W
YBL102W	YDR264C
YBR160W	YFR015C
YGL122C	YKL026C
YBR207W	YGL006W
YDR328C	YLR267W
YIR038C	YML012W
YGR204W	YIR010W
YBR157C	YGL075C
YKL101W	YMR115W
YHR123W	YPL240C
YJR075W	YLL039C
YFR004W	YKL060C
YNL088W	YOL012C
YBR160W	YDL153C
YBL003C	YKR092C
YOL059W	YOR117W
YDR138W	YDR280W
YBR130C	YHR082C
YDR145W	YJR060W
YBR107C	YDR318W
YFR004W	YGR061C
YFR004W	YGL039W
YDR145W	YMR223W
YNL175C	YPL220W
YGL035C	YPL240C
YLL039C	YNL141W
YBL047C	YJR134C
YFR052W	YOR362C
YJL154C	YOR272W
YER133W	YHR100C
YBR193C	YGL253W
YGL122C	YJR118C
YGL122C	YOR097C
YGL141W	YJR059W
YDL002C	YGR092W
YAL013W	YBR095C
YGL122C	YGR006W
YHR200W	YJR077C
YIL106W	YPR191W
YGL252C	YNL208W
YNL197C	YOR058C
YGL122C	YMR256C
YLL039C	YMR300C
YDR069C	YMR304W
YGL206C	YGR241C
YGL122C	YMR187C
YFL038C	YHR027C
YKL064W	YPL031C
YAR007C	YDR129C
YJL081C	YLR085C
YKL064W	YNL307C
YBR136W	YIR009W
YOR054C	YPL031C
YFR004W	YHR200W
YGL055W	YML012W
YGL122C	YLR104W
YGL207W	YOR052C
YFR004W	YJL052W
YDR174W	YOR172W
YFR004W	YMR202W
YHR200W	YNL239W
YHR006W	YLL039C
YGL122C	YJL107C
YNR007C	YPL031C
YLL039C	YOR161C
YIL050W	YJL084C
YHR027C	YOL038W
YHR027C	YMR099C
YFR052W	YGL048C
YLL039C	YML130C
YDR510W	YMR186W
YBR280C	YDL132W
YER133W	YFR004W
YGL023C	YNL183C
YAR007C	YER078C
YIL004C	YLR093C
YGL120C	YLR150W
YGR009C	YPL232W
YLR093C	YPL031C
YMR159C	YPL149W
YDR510W	YOR099W
YER104W	YGL122C
YGL003C	YJL106W
YER166W	YOL115W
YDR129C	YNL138W
YIL003W	YPL240C
YGL122C	YPL106C
YDR353W	YOL128C
YKL085W	YPR110C
YFR024C-A	YJL004C
YCR053W	YFR004W
YJR125C	YOR111W
YDL164C	YKL113C
YER166W	YOR104W
YML065W	YPL220W
YFR004W	YLR044C
YGL233W	YJL036W
YKL029C	YOL038W
YDR183W	YFL037W
YEL013W	YOR316C
YGL006W	YJL178C
YDL171C	YFR004W
YGL122C	YMR115W
YJR059W	YKL181W
YNL124W	YPL198W
YFR024C-A	YPL240C
YIR010W	YJR112W
YFR028C	YML064C
YGL141W	YLL039C
YGL048C	YML012W
YGL179C	YNL293W
YER002W	YGR103W
YFR014C	YML048W
YKL028W	YPR052C
YGL066W	YMR186W
YNL074C	YPL256C
YJR077C	YMR186W
YGL137W	YIL136W
YIL106W	YKL126W
YBR231C	YOL012C
YDL092W	YDR381W
YML029W	YNL294C
YBL072C	YOL123W
YHR027C	YOR374W
YGL122C	YOR297C
YDL207W	YGR192C
YGL134W	YOR178C
YER179W	YLR067C
YEL017C-A	YML048W
YBL002W	YPL001W
YDR378C	YJR022W
YIR010W	YJL008C
YGL122C	YLR345W
YDL159W	YDR356W
YFL026W	YJR066W
YGL122C	YJL083W
YOR244W	YPR023C
YGL122C	YNL152W
YHR200W	YLL039C
YBR173C	YPL031C
YMR109W	YOR181W
YBR160W	YCL063W
YDL233W	YGL122C
YDL070W	YLR227C
YFR017C	YPL203W
YMR010W	YNR028W
YHR121W	YLR032W
YBR109C	YER098W
YDR477W	YJL110C
YMR179W	YNL197C
YKL060C	YLR044C
YIL048W	YLL039C
YKR048C	YPL209C
YLL050C	YNL138W
YAR027W	YHR048W
YIR010W	YKL152C
YGL122C	YLR228C
YDR096W	YIR006C
YJL164C	YNR019W
YFR028C	YIL106W
YDL159W	YGR287C
YDR091C	YLR150W
YJR086W	YOR212W
YGL256W	YLR182W
YGL122C	YKL085W
YGL122C	YGR133W
YNL041C	YOR304C-A
YDR427W	YER021W
YCL035C	YLL039C
YDR367W	YGL122C
YHL004W	YJR060W
YDR328C	YOR057W
YJR122W	YNL295W
YJR091C	YLR156W
YGL120C	YGR130C
YDR308C	YGL025C
YDR039C	YLL039C
YDL233W	YGL216W
YFR004W	YNL071W
YDL214C	YMR165C
YER125W	YJL164C
YLR085C	YLR259C
YDR502C	YPL125W
YGL122C	YLR224W
YPL248C	YPR086W
YNL048W	YPL076W
YCL043C	YJR076C
YGR092W	YMR165C
YJL020C	YPL031C
YDR129C	YHR027C
YPL001W	YPR162C
YDR312W	YFR014C
YDR510W	YOR374W
YDR099W	YJL141C
YLR457C	YMR001C
YLL039C	YMR207C
YLR027C	YPL031C
YDL116W	YPL169C
YJR066W	YKL161C
YGL122C	YIL083C
YBR152W	YPR178W
YER021W	YGL004C
YHR027C	YOR117W
YBL007C	YOR008C
YIL107C	YLL039C
YLL050C	YLR319C
YGR294W	YPL240C
YBR194W	YNL138W
YDR510W	YHR174W
YBR193C	YDL005C
YER054C	YJL164C
YNL189W	YOR380W
YLR153C	YOR117W
YJR076C	YNL166C
YAL051W	YPL146C
YKL152C	YLL039C
YCR093W	YDR378C
YJL146W	YPL154C
YFR052W	YLR421C
YGL122C	YNL041C
YER164W	YOR039W
YGL189C	YML065W
YJL164C	YLR173W
YNL113W	YNL248C
YBR035C	YDL214C
YKL081W	YNL041C
YGL014W	YGL070C
YDR074W	YHR082C
YBR102C	YLL039C
YEL039C	YGL122C
YDR381W	YIR001C
YFR004W	YKL182W
YEL017C-A	YJR117W
YML109W	YMR109W
YBL072C	YDR510W
YEL042W	YPL240C
YFR034C	YLR388W
YJL035C	YLR316C
YBR262C	YLL039C
YLR096W	YML006C
YDR477W	YHR189W
YBL072C	YFR004W
YOR070C	YOR089C
YFR004W	YNL141W
YLR330W	YNL045W
YKL058W	YML015C
YGR218W	YLR113W
YGL122C	YLR233C
YAR050W	YGL122C
YFR024C-A	YOL107W
YDR088C	YGR074W
YLL043W	YMR104C
YJL173C	YMR234W
YGR100W	YJR059W
YFR004W	YHL030W
YBR126C	YDR028C
YGL252C	YNL132W
YLL039C	YPL225W
YFR014C	YIL148W
YDL193W	YPL240C
YFL048C	YLR026C
YDL239C	YOR304C-A
YMR174C	YPL154C
YDR510W	YJL042W
YCL028W	YER125W
YGL122C	YJL044C
YIL075C	YKL029C
YLR425W	YPL066W
YCR076C	YNL189W
YKL211C	YLL039C
YGR209C	YLL060C
YDR475C	YML016C
YFR052W	YOR181W
YGL122C	YNL314W
YMR186W	YNL186W
YBL050W	YLR268W
YNL197C	YOR052C
YDR510W	YGL122C
YAL043C	YKL018W
YNL216W	YPL106C
YDR381W	YDR398W
YBR245C	YGL133W
YBR233W	YDR174W
YLL039C	YMR280C
YBR280C	YDR328C
YGR204W	YKL130C
YDL100C	YLR026C
YBR194W	YIL148W
YLR413W	YNL197C
YDR260C	YOR303W
YDR359C	YJL081C
YHR140W	YJL214W
YDL215C	YLL039C
YBL039C	YHR027C
YGL205W	YLL039C
YBL050W	YLR093C
YLR206W	YPL115C
YFR004W	YIL075C
YER162C	YIL063C
YDR259C	YER114C
YIR010W	YNL189W
YFL038C	YOL125W
YFR029W	YNL197C
YDR439W	YMR001C
YLR109W	YMR138W
YDR032C	YHR001W
YGR133W	YOL147C
YHR134W	YLL039C
YLR154C	YNL088W
YLR438W	YPL150W
YBR279W	YLL063C
YGL122C	YOR128C
YDL225W	YHR033W
YKR048C	YPR086W
YDL013W	YJR091C
YDL185W	YKL080W
YHR190W	YHR200W
YGL122C	YNL252C
YBR059C	YPL106C
YMR186W	YNR031C
YKL171W	YPL240C
YDR225W	YDR243C
YCR042C	YNL222W
YGL122C	YLR362W
YDR381W	YPL001W
YCR038C	YLR353W
YBR052C	YDR039C
YGL173C	YNL147W
YBR107C	YJR135C
YHR014W	YHR185C
YAR007C	YNL312W
YDR510W	YPL240C
YDR206W	YPR129W
YKL203C	YML052W
YGL122C	YNL274C
YJL084C	YNL183C
YGR052W	YNL076W
YBR086C	YNL194C
YCR030C	YGR241C
YDL115C	YGL179C
YJL153C	YOR120W
YNL052W	YOR231W
YDR510W	YER032W
YGL122C	YJR156C
YBR130C	YJL164C
YJR022W	YOL149W
YEL059C-A	YGL122C
YDR179C	YDR328C
YGL122C	YLR312W-A
YMR155W	YPL031C
YGL122C	YHR110W
YBL007C	YBR160W
YGR232W	YHR027C
YBR160W	YER032W
YJL183W	YPL094C
YBL034C	YFL037W
YBR234C	YDL029W
YBR170C	YGL122C
YDR309C	YLR319C
YEL019C	YHR154W
YBR088C	YJR068W
YDL029W	YMR216C
YGR284C	YHL048W
YKL071W	YPL157W
YBL007C	YER027C
YBR225W	YNL307C
YDR443C	YNR052C
YKL203C	YNL243W
YGL122C	YPL240C
YCL032W	YCR027C
YDR379W	YER021W
YGR258C	YPL248C
YDR436W	YOR054C
YDR073W	YGL122C
YGL122C	YNR019W
YIR010W	YMR212C
YDR466W	YOL082W
YDL216C	YMR025W
YGL137W	YLL039C
YJL094C	YLL039C
YOR327C	YPL232W
YGL049C	YKL059C
YBR158W	YGR163W
YGL137W	YGL203C
YBL055C	YFR014C
YER012W	YGR232W
YHR140W	YMR279C
YJR066W	YNL243W
YPL031C	YPL201C
YBR138C	YHR082C
YJL189W	YMR139W
YMR032W	YOR181W
YHR082C	YNL155W
YDR028C	YOR267C
YHR018C	YPL240C
YIR010W	YLR044C
YDR122W	YML006C
YER021W	YKR101W
YBR057C	YHL004W
YBL002W	YDR496C
YKL116C	YOL125W
YFR037C	YGL122C
YIL109C	YJR059W
YKL059C	YPR107C
YDR510W	YOR123C
YHR205W	YJR066W
YHR082C	YOR141C
YDR122W	YPL256C
YGL116W	YPR119W
YGR202C	YNL189W
YGL122C	YNR031C
YER133W	YOR117W
YGL122C	YPR191W
YBR088C	YDR409W
YHR094C	YLR332W
YMR216C	YMR304W
YFR004W	YHR216W
YCR073W-A	YGL059W
YDR171W	YOR181W
YLL039C	YML052W
YGR260W	YHR048W
YBL003C	YMR223W
YDL089W	YPR028W
YBR160W	YGL116W
YGL122C	YML001W
YNR019W	YPL031C
YPL031C	YPR091C
YDR368W	YFR004W
YDR127W	YJR022W
YGL035C	YKL074C
YJL004C	YJR022W
YER125W	YLR017W
YDR439W	YGL180W
YBR103W	YMR155W
YIL075C	YMR001C
YJL117W	YPL264C
YJL107C	YOR265W
YHR156C	YOR238W
YGL116W	YIL142W
YJR001W	YPL203W
YLL002W	YNL246W
YJL036W	YOR132W
YHR200W	YLR438W
YGR078C	YLR200W
YMR001C	YNL175C
YDR057W	YMR297W
YDR477W	YGL158W
YAL034W-A	YGR179C
YCL032W	YDR309C
YER027C	YER162C
YER042W	YIR037W
YGL122C	YNL137C
YLR113W	YOR198C
YGL122C	YLL060C
YBL015W	YLL039C
YGR130C	YOR273C
YMR263W	YPL240C
YBR156C	YNL162W
YDR122W	YGR009C
YDL006W	YPL141C
YCR101C	YGL122C
YGR008C	YIL143C
YCR091W	YMR216C
YDR484W	YGL122C
YDR477W	YNL218W
YBL018C	YBR167C
YEL034W	YKL047W
YGL122C	YLL050C
YNL258C	YOR075W
YDR099W	YDR309C
YGL122C	YJR012C
YMR291W	YOR089C
YBR036C	YJL214W
YBR107C	YGR179C
YER022W	YMR112C
YBR194W	YML017W
YMR173W	YMR216C
YFR004W	YJL055W
YKL203C	YMR104C
YGL122C	YGR110W
YER020W	YLL039C
YLR131C	YPR086W
YFR048W	YHR082C
YDL129W	YFR028C
YKL181W	YPL031C
YAR031W	YGL053W
YGL180W	YLR265C
YLL013C	YOL128C
YFR021W	YNL242W
YPL115C	YPL256C
YDR218C	YJR076C
YGR092W	YJR142W
YGL151W	YGR104C
YHL023C	YNL307C
YGL106W	YPL004C
YBL093C	YDR381W
YDL004W	YMR173W
YEL034W	YJR047C
YDR159W	YDR381W
YER039C	YGL070C
YMR094W	YPL240C
YIL142W	YNL317W
YBL021C	YML048W
YGR092W	YIL106W
YGL049C	YJR076C
YDR180W	YJL074C
YBL067C	YHR082C
YJR009C	YML065W
YDL029W	YOR117W
YHR082C	YLR055C
YDR280W	YNL248C
YHR001W	YOR273C
YFR028C	YNL083W
YLR150W	YOL068C
YNL197C	YOR307C
YGL122C	YPL004C
YJR062C	YOR332W
YBR186W	YLR032W
YML062C	YOR191W
YBR058C	YFR004W
YDR075W	YDR224C
YIL027C	YMR112C
YGL256W	YNL307C
YDL047W	YNR016C
YGL179C	YJR092W
YMR182C	YNL197C
YDR318W	YGL060W
YFR028C	YIL075C
YDL065C	YKL189W
YDR146C	YPL031C
YGL206C	YNL007C
YDR155C	YNL330C
YGL120C	YHR121W
YLR245C	YNL189W
YIL062C	YNL243W
YFL038C	YLR268W
YDR510W	YKL152C
YLR150W	YPL150W
YBL007C	YFR024C-A
YLR150W	YOL012C
YGL122C	YKR101W
YBL091C-A	YNL197C
YDR254W	YPR046W
YCL024W	YJL187C
YFR004W	YJR094W-A
YDR496C	YGL122C
YGL122C	YLR450W
YDR359C	YGL122C
YDL150W	YIR010W
YDL015C	YGR060W
YHL048W	YHR140W
YDR374C	YIL051C
YFL009W	YHR005C
YDR169C	YFR014C
YGL017W	YLR234W
YDR171W	YFR028C
YGL158W	YHR104W
YLR070C	YPL240C
YLL039C	YOR329C
YML062C	YOR244W
YDR510W	YIL149C
YLR328W	YML064C
YDR087C	YML065W
YGL122C	YPL111W
YER042W	YFR004W
YCL052C	YHR140W
YFR004W	YFR044C
YDR028C	YER133W
YDR087C	YKR081C
YGR103W	YPR115W
YJL187C	YMR173W
YER086W	YJL020C
YFR037C	YOR290C
YCR093W	YIR010W
YLR332W	YMR212C
YCL010C	YDR392W
YFL048C	YJL178C
YCL028W	YNL007C
YDR087C	YOR267C
YBL058W	YJL006C
YDR484W	YKR020W
YBR109C	YEL034W
YJR093C	YOR039W
YDL015C	YLR411W
YGR284C	YML016C
YGL122C	YLR250W
YCR002C	YDR510W
YGL060W	YJR135C
YBR211C	YPR046W
YCL028W	YDR260C
YGL137W	YNL287W
YMR165C	YNL197C
YBL072C	YCL011C
YGL203C	YJL053W
YGL179C	YJL146W
YGR240C	YJL106W
YGL122C	YNL297C
YML056C	YOL115W
YKL074C	YNL210W
YJR092W	YLR096W
YBR018C	YGL180W
YER114C	YNL078W
YCL032W	YFR034C
YKL182W	YLR044C
YDR477W	YIL107C
YGL122C	YLR259C
YGL122C	YPL196W
YOR039W	YOR303W
YGL116W	YPL004C
YGL122C	YML132W
YOR058C	YPL146C
YJL084C	YLL039C
YGL137W	YKR067W
YFL047W	YFR004W
YHR113W	YML064C
YDR162C	YKL101W
YDL027C	YHR082C
YBR109C	YDR155C
YGR215W	YOL027C
YBR160W	YJL051W
YKR002W	YNL317W
YPL240C	YPR054W
YLL039C	YOR348C
YCR073C	YJL089W
YER035W	YOL149W
YBL076C	YBR058C
YCR093W	YDR145W
YHR118C	YHR121W
YML007W	YMR112C
YDL005C	YGL151W
YHR195W	YLL039C
YHR027C	YLR153C
YFL037W	YJR132W
YIR001C	YNL138W
YMR061W	YOL123W
YGL122C	YIL001W
YDR510W	YHR187W
YGL122C	YOR172W
YKL018W	YLR259C
YDR260C	YEL060C
YER021W	YPR110C
YKR068C	YML077W
YER166W	YML072C
YHR018C	YLL039C
YBR107C	YIR010W
YKL116C	YLR389C
YGL122C	YNL325C
YGL122C	YKL054C
YGR284C	YHR110W
YJL008C	YOR117W
YJL164C	YPL100W
YHR169W	YIR010W
YGL122C	YMR257C
YHL025W	YOR290C
YIR010W	YLR095C
YBR001C	YLL039C
YDL047W	YML048W
YNL197C	YPR166C
YBR086C	YJR045C
YDL029W	YDR063W
YGL158W	YLR055C
YGR092W	YGR223C
YIL063C	YLL039C
YBR060C	YBR160W
YIL034C	YIL062C
YKR072C	YML016C
YJL154C	YLL039C
YGL059W	YHR082C
YBR194W	YEL015W
YHR015W	YPL169C
YBR112C	YPL177C
YJL106W	YMR100W
YAL017W	YOR196C
YGL122C	YJR107W
YDR334W	YOL012C
YGL122C	YLR167W
YBR160W	YLR131C
YOR244W	YOR354C
YHR152W	YLR044C
YDR162C	YML109W
YGR092W	YKL140W
YNL132W	YPL220W
YBR185C	YOL027C
YBR160W	YML065W
YDR169C	YGL122C
YOL027C	YPR166C
YGL179C	YKL197C
YGR103W	YOR272W
YJL036W	YPL201C
YDR480W	YLR191W
YGR103W	YNL124W
YCR100C	YNL307C
YKR037C	YPL209C
YBL050W	YGL098W
YDR137W	YGL122C
YLL039C	YOR099W
YJL187C	YOR123C
YDR264C	YOR212W
YLR079W	YOR039W
YGL158W	YML048W
YGL116W	YMR179W
YDR374C	YOR231W
YCL024W	YOR141C
YBR112C	YNL330C
YGR244C	YKL101W
YCL032W	YGL133W
YNL189W	YNL232W
YDL031W	YHR154W
YGL205W	YJR059W
YKL067W	YNL189W
YAL055W	YDL065C
YEL030W	YPL256C
YHR170W	YIL115C
YJL187C	YPR119W
YBR247C	YMR093W
YGR218W	YLL039C
YJL060W	YLL039C
YHR121W	YIR001C
YDL115C	YMR291W
YKR096W	YPR129W
YJL106W	YMR001C
YDR377W	YML081C-A
YFR024C-A	YJL194W
YBR043C	YGR074W
YBL056W	YGL122C
YMR001C	YNL189W
YDR006C	YFR028C
YDR380W	YLL039C
YDR272W	YGL122C
YML064C	YMR001C
YIR010W	YOR039W
YGL122C	YKL124W
YMR099C	YPL231W
YDL002C	YJR112W
YGL048C	YGL141W
YHR200W	YJL026W
YAL017W	YKL035W
YHR027C	YKL029C
YGL006W	YLL039C
YLR259C	YML065W
YDR041W	YOL027C
YLR449W	YPL198W
YFR034C	YLR330W
YDR243C	YNL197C
YFR004W	YPL061W
YMR031C	YPL004C
YDR013W	YJL090C
YOR117W	YPL061W
YDL020C	YMR100W
YHR118C	YPR162C
YLL039C	YNL305C
YDR264C	YJR086W
YBR095C	YNL189W
YDR087C	YGL120C
YMR032W	YMR109W
YBL093C	YML007W
YDL029W	YIL062C
YHR133C	YLR450W
YBR160W	YLR425W
YGL156W	YJL074C
YJL194W	YPR162C
YDR161W	YDR466W
YDL198C	YML065W
YDR532C	YHR079C
YBR109C	YPL031C
YBL084C	YPL174C
YDR163W	YPL240C
YGL207W	YHR200W
YMR155W	YPL240C
YGL120C	YOR290C
YDR141C	YGL203C
YJL164C	YNL098C
YAL060W	YAL061W
YDR316W	YLR447C
YGL122C	YKR070W
YAL017W	YDR259C
YLR113W	YPL254W
YDR185C	YKL053C-A
YDL159W	YLR113W
YDL078C	YHR121W
YGL158W	YHL027W
YGL122C	YPL038W
YGL122C	YLR359W
YGL122C	YHR200W
YBL002W	YMR223W
YOR117W	YOR261C
YIR003W	YPL031C
YKR092C	YOR267C
YDL216C	YGL122C
YHR158C	YJR059W
YER063W	YKR048C
YFR021W	YML059C
YGL073W	YJL141C
YML109W	YNL298W
YOR117W	YPL131W
YIR010W	YML072C
YDR510W	YKR010C
YBR207W	YDR284C
YMR080C	YOL123W
YLR182W	YNL261W
YBL007C	YLR206W
YDR006C	YLL039C
YLR128W	YLR306W
YGL122C	YKL218C
YGL056C	YML072C
YGL122C	YNL242W
YDL025C	YOR272W
YAL060W	YGL122C
YOL029C	YPL240C
YBR160W	YJR033C
YIL109C	YKL068W
YCR030C	YOR181W
YDL185W	YFR004W
YGL122C	YOL048C
YER030W	YJL125C
YJR047C	YNL197C
YDR099W	YKL081W
YHR140W	YPL076W
YHR158C	YPR119W
YML065W	YNL069C
YDR229W	YOR181W
YBL093C	YOL051W
YBR160W	YGL048C
YBR136W	YJL173C
YDR323C	YGL122C
YFR004W	YOR042W
YDL089W	YGL122C
YBL051C	YPL240C
YBR059C	YMR297W
YFR014C	YGL205W
YBL047C	YFR004W
YBR060C	YML065W
YHR200W	YLR113W
YHR174W	YHR200W
YER052C	YLL039C
YGL122C	YKR094C
YKL196C	YLR026C
YOR362C	YPL150W
YDR381W	YNL177C
YDL212W	YML132W
YBL087C	YDR130C
YEL061C	YLR454W
YFL047W	YGL122C
YFR024C-A	YGL104C
YBL084C	YHR166C
YER133W	YLR449W
YDL153C	YJL164C
YAR031W	YCR030C
YHR082C	YPL031C
YGL122C	YKL122C
YDL015C	YPL264C
YDR288W	YOR358W
YBR272C	YGL004C
YDR194C	YDR365C
YGL122C	YNR016C
YFR004W	YGR200C
YBR167C	YNL246W
YDR171W	YHR121W
YFR004W	YKL081W
YLL019C	YLR044C
YGL049C	YGL173C
YBR194W	YGL122C
YLR259C	YPL240C
YDL106C	YLR359W
YGL238W	YNL189W
YMR080C	YPL106C
YDR171W	YML065W
YDL215C	YMR304W
YKL126W	YPL153C
YDR137W	YLR039C
YBL050W	YKL196C
YLR219W	YOR181W
YBR109C	YFR014C
YBL003C	YLR449W
YER133W	YLR430W
YGL048C	YMR001C
YGL006W	YPL006W
YER040W	YNL189W
YGL122C	YKR058W
YDL113C	YFR028C
YLL039C	YMR080C
YBR109C	YGL106W
YBR279W	YNL251C
YFL007W	YOR362C
YGL037C	YHR200W
YER164W	YGL207W
YDR381W	YJR045C
YDR150W	YGL122C
YDR027C	YLR262C
YER019C-A	YGL122C
YHR079C	YPL128C
YHR187W	YKL110C
YDR502C	YHL014C
YDL155W	YIL106W
YGL122C	YGR021W
YLR423C	YPL240C
Q0130	YOL027C
YHR190W	YLL039C
YDL185W	YHR200W
YGL173C	YJR022W
YDR394W	YOR261C
YGL025C	YHR058C
YHR149C	YML109W
YAL042W	YJR010C-A
YML056C	YOR360C
YBL003C	YJR010C-A
YHR087W	YIL162W
YNL197C	YPL128C
YGL122C	YHR161C
YBL056W	YDR071C
YCR093W	YGL014W
YHR094C	YLL039C
YDR452W	YGL122C
YDL002C	YKR001C
YJL219W	YML048W
YBL102W	YFL048C
YDL217C	YEL020W-A
YLR150W	YML006C
YBR160W	YML034W
YDR119W	YGL006W
YDR392W	YEL009C
YER098W	YNL307C
YGR179C	YHR166C
YGL035C	YGL122C
YDR404C	YNL251C
YBR214W	YDL047W
YOL120C	YPL240C
YCR002C	YPL153C
YGR192C	YKL129C
YDR448W	YPL122C
YBR194W	YMR070W
YLL039C	YLR345W
YDR280W	YGL122C
YGR260W	YHR026W
YBR194W	YGR240C
YBL007C	YKR001C
YJL203W	YLR067C
YMR197C	YOR327C
YGL120C	YPL146C
YGR092W	YPL242C
YDR099W	YHR027C
YLR191W	YNL329C
YAR027W	YGR014W
YDL013W	YDR320C
YBR132C	YPL240C
YGR258C	YLR005W
YDL002C	YOR141C
YGL158W	YKR048C
YIR006C	YNL243W
YLR102C	YPL031C
YGL080W	YGL122C
YDR323C	YMR231W
YBR160W	YLR187W
YBL002W	YGL122C
YGR200C	YNL078W
YGR092W	YNR006W
YCL028W	YOL051W
YGL055W	YJR059W
YCL027W	YLR330W
YCR051W	YFR004W
YGL055W	YNL197C
YAL043C	YGR047C
YBR128C	YPL240C
YDR028C	YHR005C
YER033C	YPL031C
YEL017C-A	YGR284C
YBL099W	YNL315C
YNL197C	YPL069C
YMR186W	YOR057W
YLR362W	YPL201C
YAR027W	YGL104C
YDR448W	YHR079C
YLR362W	YMR139W
YJR141W	YNL307C
YDR384C	YPR156C
YBR264C	YJL187C
YER133W	YKR002W
YBL087C	YGL122C
YJR141W	YPL141C
YFR034C	YGL180W
YLR335W	YNL124W
YNL211C	YPL150W
YGL122C	YKL207W
YGR172C	YOR357C
YGL122C	YJL154C
YDR448W	YDR510W
YDL115C	YJL187C
YHR092C	YJR066W
YGL073W	YOR178C
YLR085C	YLR399C
YDR224C	YGL133W
YJR073C	YNL197C
YDR225W	YML065W
YJR092W	YPL153C
YJL020C	YLR206W
YBR036C	YHR026W
YGL122C	YGR009C
YJL090C	YLR072W
YLL039C	YOL027C
YBR170C	YFL044C
YFR004W	YGL206C
YLR178C	YMR257C
YJR130C	YNL197C
YCL043C	YOL126C
YFL042C	YPR110C
YKL152C	YPL061W
YFR034C	YNL014W
YEL058W	YNL218W
YGR284C	YMR215W
YHR027C	YOR375C
YGR156W	YJR093C
YDR293C	YGR092W
YDL206W	YNL197C
YGL122C	YKL167C
YDL207W	YIL115C
YBR078W	YJR066W
YHR079C	YMR165C
YDR505C	YJR059W
YDR027C	YJL034W
YER164W	YLL039C
YDR381W	YKR092C
YJL176C	YOR290C
YGL059W	YMR165C
YDR071C	YGL122C
YDR006C	YFR004W
YDL029W	YNL189W
YBR160W	YLR096W
YPL150W	YPL153C
YDR224C	YML065W
YNL197C	YNL322C
YGR200C	YKL110C
YLR241W	YNR060W
YGR209C	YHR152W
YLR268W	YNL258C
YER141W	YJL141C
YML012W	YNL307C
YIL109C	YKL171W
YGR060W	YJR117W
YGL122C	YKL110C
YBL007C	YCR100C
YHR140W	YKL154W
YIR038C	YJL117W
YHR027C	YKL081W
YCR002C	YNL078W
YBR193C	YLR150W
YBR060C	YDR174W
YDR087C	YPL141C
YGL198W	YNL304W
YDL207W	YEL024W
YLR089C	YPR049C
YDR183W	YOR212W
YBR234C	YNL243W
YNL248C	YPR178W
YGL122C	YJR083C
YFR004W	YNR017W
YDR108W	YPR078C
YGL190C	YLR191W
YDL132W	YLR352W
YBR069C	YJR010C-A
YCR066W	YNL312W
YIL063C	YKL054C
YBR170C	YLR044C
YHR200W	YLR109W
YBR088C	YOR117W
YFR014C	YGL023C
YGR130C	YPL004C
YER125W	YHR131C
YJL141C	YJR059W
YBR234C	YLR241W
YGL003C	YKR048C
YJR076C	YMR304W
YGL113W	YOR060C
YER128W	YGL122C
YBL056W	YBR247C
YDR074W	YER178W
YGL003C	YGL116W
YCL052C	YLR268W
YFR004W	YJL020C
YDL155W	YGR092W
YBR160W	YMR181C
YBR035C	YGL122C
YGL055W	YLR332W
YER179W	YGL122C
YFR004W	YJL001W
YAL060W	YLL039C
YKL203C	YOL030W
YJR066W	YPR156C
YMR105C	YOR327C
YJL068C	YOL017W
YCL032W	YNL180C
YGL054C	YIR038C
YGL061C	YLR045C
YGL122C	YMR207C
YML064C	YPL111W
YHR174W	YLR044C
YDR477W	YPR143W
YCL043C	YPL141C
YJR148W	YLL039C
YKL189W	YMR303C
YDL153C	YML065W
YGR240C	YHR027C
YGL122C	YJR122W
YFR014C	YHR116W
YDL002C	YDR510W
YGL122C	YML064C
YHL027W	YMR032W
YBL031W	YKR037C
YGL048C	YHR200W
YHL030W	YHR200W
YHR161C	YIR006C
YIL027C	YLR350W
YJL110C	YJL164C
YDR229W	YMR001C
YKR097W	YPL203W
YGR009C	YNR049C
YGR250C	YJL052W
YCL043C	YHR082C
YFL007W	YJL001W
YDR424C	YIL115C
YBR066C	YGL122C
YDR284C	YGL203C
YFL047W	YOR104W
YDR145W	YGL013C
YBR107C	YDR254W
YFL038C	YGL122C
YGL122C	YPL028W
YGL184C	YJL164C
YBL064C	YHR079C
YNL189W	YPR023C
YJL166W	YLL039C
YBR083W	YKL126W
YBR036C	YDL015C
YJR076C	YKL101W
YBR160W	YOL058W
YMR216C	YNL173C
YBR212W	YIR037W
YIL142W	YOR281C
YDR159W	YLR423C
YFR004W	YGL078C
YFR048W	YNL197C
YBR090C	YGL122C
YBR109C	YKL175W
YJL207C	YLR330W
YGR134W	YJR011C
YER166W	YIR006C
YBR168W	YLR324W
YGR258C	YIL143C
YHR005C	YLL039C
YDL047W	YKL080W
YER125W	YGL219C
YBL007C	YBL047C
YGR275W	YJR094W-A
YFR052W	YHL030W
YGR038W	YIR038C
YCL010C	YDR448W
YGR260W	YJL117W
YLL039C	YLR454W
YHR110W	YKL065C
YER096W	YPL031C
YHR082C	YOR181W
YKL203C	YNL076W
YGL122C	YPL065W
YDR153C	YGL206C
YKL114C	YNL189W
YHR121W	YPL240C
YHL004W	YKL170W
YDR225W	YGL122C
YDL239C	YPL240C
YEL039C	YGR029W
YMR109W	YNL307C
YDR150W	YJR112W
YGL180W	YNL186W
YGL122C	YPL110C
YGL060W	YGL122C
YJR059W	YLL043W
YDR381W	YHR118C
YKL203C	YMR215W
YDR381W	YOL115W
YGL122C	YHL012W
YGL122C	YMR208W
YER067W	YPL031C
YBL102W	YLL039C
YFR028C	YOR191W
YGL223C	YNL041C
YHR079C	YKL168C
YDL130W	YOL039W
YAR007C	YGL207W
YBR126C	YOR089C
YDR386W	YPL153C
YKL081W	YLR074C
YDL075W	YGL014W
YGL002W	YGL122C
YPL106C	YPR140W
YGL122C	YIL027C
YHR058C	YPL248C
YAR007C	YEL030W
YLR238W	YPL031C
YDL070W	YOR244W
YLL039C	YLR268W
YKL054C	YNR052C
YHR200W	YKR039W
YDR392W	YPL254W
YHR170W	YLR387C
YEL044W	YOR141C
YBR130C	YPL153C
YAL042W	YML130C
YBL002W	YBL046W
YBR160W	YDL113C
YHR181W	YPL240C
YGL122C	YNL218W
YBR230C	YGL122C
YDR224C	YOL012C
YGL190C	YGR240C
YJR045C	YKR048C
YBL002W	YJL176C
YBL023C	YDR099W
YHR149C	YML065W
YGL001C	YLR350W
YGL122C	YJR045C
YBR086C	YJL106W
YCR027C	YGL122C
YJL084C	YOR348C
YCL066W	YDR480W
YLL039C	YPR091C
YER125W	YFR028C
YGR218W	YHR082C
YJR009C	YLR027C
YGL137W	YNL138W
YDL015C	YKL065C
YBL091C-A	YIR038C
YDR174W	YKR092C
YBL058W	YNL155W
YKL129C	YNL298W
YJR076C	YNL307C
YBR109C	YGR094W
YER027C	YOL136C
YER125W	YPL146C
YER016W	YKR037C
YDL028C	YPR115W
YJL164C	YPR091C
YBL093C	YDR308C
YFR021W	YGL180W
YBR095C	YML065W
YOR290C	YPL248C
YBR034C	YHR027C
YGL055W	YJR010C-A
YKL051W	YML016C
YJL084C	YJR059W
YDR510W	YPR110C
YJR022W	YOR261C
YAL054C	YLL039C
YNL197C	YPL165C
YBR005W	YER125W
YBR059C	YGL122C
YDR510W	YLR244C
YFR024C-A	YMR109W
YBL017C	YGL203C
YJR112W	YNL250W
YLL062C	YOL143C
YDR477W	YOR267C
YER094C	YHR200W
YJR044C	YPL240C
YBR279W	YLR430W
YDR359C	YGL158W
YGL122C	YKL121W
YJR036C	YLL039C
YJR010C-A	YPL227C
YKL074C	YLR423C
YGL122C	YPL070W
YDR381W	YNL051W
YDR448W	YPL135W
YHR079C	YOR162C
YER141W	YGL122C
YDL054C	YGR174C
YBR114W	YIR009W
YLR324W	YPR028W
YGL122C	YJL164C
YDR510W	YER125W
YDR356W	YFR028C
YDR513W	YGL122C
YFR028C	YHR158C
YDR224C	YPL128C
YCL028W	YKL040C
YHR096C	YJR066W
YJR025C	YPR054W
YIL151C	YKL171W
YBL003C	YJL081C
YAR007C	YBL023C
YGL122C	YJL111W
YIL106W	YNR052C
YDR099W	YLR345W
YJL164C	YLL043W
YHR200W	YPR074C
YLR072W	YLR173W
YFR052W	YIR011C
YGL122C	YIR038C
YLR332W	YNL197C
YDR381W	YNL252C
YDL135C	YPL141C
YIR038C	YLR268W
YER094C	YFR050C
YER133W	YLR263W
YML048W	YMR215W
YGR103W	YML065W
YDL195W	YIL004C
YBL009W	YOR233W
YLL039C	YML049C
YDR046C	YPL240C
YFR004W	YFR050C
YDR486C	YGL122C
YGL004C	YOR117W
YGR052W	YJL105W
YDL185W	YKL048C
YGL122C	YIL149C
YLL039C	YOR042W
YBR059C	YGL059W
YIL034C	YPL031C
YCL029C	YLR045C
YLL039C	YMR115W
YFR004W	YMR027W
YDR148C	YDR510W
YJR059W	YLL038C
YGL113W	YKL026C
YCL024W	YKR048C
YBL055C	YDR280W
YAL035W	YHR200W
YFL037W	YKL029C
YBR088C	YFR004W
YML064C	YMR246W
YBL003C	YGL207W
YDR155C	YLL039C
YKL126W	YNL106C
YJL034W	YJL052W
YDR128W	YGL205W
YDL225W	YNR016C
YDL161W	YLL039C
YKL104C	YLL040C
YBR085W	YGL237C
YGL156W	YPR110C
YGL137W	YJL026W
YMR138W	YOR070C
YGL122C	YJR102C
YFL047W	YKL171W
YML016C	YMR212C
YDR378C	YML049C
YHR121W	YLL032C
YDL225W	YPL153C
YBR109C	YGL141W
YBL002W	YDR075W
YKL135C	YPL240C
YGL158W	YNL117W
YKR048C	YOL115W
YDR466W	YML062C
YNL138W	YOR122C
YDR146C	YOR290C
YJR077C	YLL039C
YIR038C	YNL217W
YHR097C	YLL039C
YBR039W	YGL122C
YDR510W	YPL106C
YDR087C	YLR131C
YEL009C	YPR046W
YLL039C	YMR061W
YHR158C	YNL084C
YGL122C	YNL156C
YNL307C	YPR115W
YGL122C	YKR074W
YLR073C	YPL084W
YBR083W	YDR510W
YKL130C	YPR119W
YDR330W	YJL187C
YBR160W	YJR091C
YGR092W	YKL211C
YHR033W	YJR076C
YFR014C	YJL084C
YDL028C	YGL122C
YBR059C	YKR094C
YJL164C	YNL149C
YDR073W	YOL051W
YJL005W	YNL138W
YER021W	YLL039C
YLL039C	YLR387C
YDR130C	YNL161W
YDR140W	YIL151C
YDL025C	YOR177C
YGR092W	YOL143C
YJR076C	YKR048C
YJR094C	YMR139W
YBR019C	YLR170C
YLR248W	YPL209C
YJL065C	YML062C
YDL155W	YGL003C
YLR423C	YML062C
YLR423C	YPL174C
YBR088C	YLR096W
YKL029C	YKL182W
YGR103W	YPR017C
YNL287W	YPR117W
YDR510W	YJR104C
YHR005C	YPR141C
YJL164C	YOR054C
YHL025W	YJL176C
YGL001C	YMR202W
YLR399C	YOR039W
YBR109C	YGL122C
YIR010W	YJR076C
YGR104C	YMR112C
YDR264C	YKL196C
YHR027C	YPR074C
YFR004W	YNL189W
YJL164C	YML048W
YER012W	YNR016C
YGL122C	YNL211C
YDL155W	YKL068W
YGL003C	YHR166C
YER104W	YNL312W
YGL180W	YGR126W
YDR448W	YOR290C
YOR266W	YPL240C
YBR160W	YPR086W
YBR194W	YPL004C
YLL039C	YPL125W
YFR004W	YHR064C
YEL012W	YHR205W
YDL065C	YGR218W
YBR039W	YDL047W
YBR279W	YPL084W
YBR194W	YLR275W
YGR130C	YOR181W
YHR027C	YOR261C
YAR007C	YFL009W
YHR027C	YMR246W
YBL002W	YPR052C
YAL043C	YKR002W
YDR381W	YGL120C
YBR298C	YKL154W
YML016C	YPL153C
YMR028W	YNR032W
YBR175W	YOL045W
YLR082C	YOL138C
YJL164C	YNL007C
YCR093W	YDR443C
YGL179C	YOL130W
YPL141C	YPL201C
YGR286C	YMR070W
YBR160W	YDL155W
YDL085W	YDL198C
YGL203C	YLR330W
YAL042W	YLL039C
YFR014C	YFR017C
YHR200W	YLL050C
YDR108W	YGL207W
YKL103C	YNL107W
YBL007C	YNL138W
YGL122C	YHR216W
YER021W	YGL048C
YBL023C	YLL039C
YGL122C	YGR030C
YDR174W	YGL122C
YBR168W	YHR150W
YDR254W	YGL060W
YGL001C	YHR190W
YHR216W	YMR061W
YBR175W	YHR064C
YDL029W	YDR394W
YPL004C	YPL164C
YDR510W	YOR032C
YBR170C	YML013W
YKL006C-A	YPL240C
YDL116W	YGR119C
YIR038C	YPL240C
YDL155W	YOR372C
YGR250C	YML056C
YLR438W	YPL240C
YBR132C	YGL006W
YDL065C	YLR191W
YDR404C	YJL164C
YBL067C	YJL203W
YHR005C	YOR212W
YBR221C	YCR079W
YEL034W	YGL122C
YDL138W	YGL122C
YKL093W	YNL307C
YDR356W	YMR001C
YBL041W	YJL001W
YAL062W	YOR375C
YBL051C	YIL151C
YPR156C	YPR192W
YBR215W	YGL078C
YGL122C	YOR182C
YDL040C	YGL122C
YFR004W	YGL037C
YNL125C	YNL197C
YIL038C	YNL161W
YDL092W	YPR052C
YDR427W	YGL122C
YBR069C	YGR218W
YDL052C	YLL039C
YGL122C	YPL107W
YDR443C	YML007W
YBL084C	YPL106C
YBR223C	YCL028W
YFR050C	YJL047C
YDR381W	YNL317W
YJL187C	YNL186W
YDR465C	YKL068W
YDR427W	YOR261C
YIR010W	YMR091C
YDR099W	YER027C
YJL089W	YMR280C
YHR027C	YKL035W
YDL048C	YGL122C
YBR199W	YLR026C
YBL047C	YCR030C
YIR003W	YJL020C
YGL113W	YPL153C
YDR119W	YJL178C
YBR059C	YOR054C
YDL028C	YFR046C
YDL005C	YDR443C
YDL113C	YGL122C
YLR096W	YLR438W
YMR086W	YPL004C
YJL164C	YOR141C
YDL226C	YLR026C
YBR216C	YGL122C
YBR109C	YIL149C
YNL149C	YPL031C
YFR034C	YGL173C
YOR038C	YOR290C
YLR330W	YOR244W
YJL081C	YKL104C
YGL104C	YML048W
YGR250C	YNL025C
YML015C	YPL248C
YDR494W	YNL137C
YOR057W	YPL240C
YER016W	YLR061W
YBL047C	YFR014C
YBR199W	YLL039C
YDR427W	YHL030W
YNL189W	YPL169C
YDR254W	YLR381W
YER098W	YGL180W
YDR423C	YLR109W
YDR460W	YLR005W
YDR498C	YNL258C
YDL175C	YGL122C
YHR186C	YIR010W
YDR510W	YJL081C
YBR078W	YLL039C
YFR004W	YOR136W
YCR023C	YJR059W
YFL037W	YJL111W
YDR145W	YLR055C
YLL039C	YML112W
YDR528W	YPL240C
YDR138W	YNR031C
YKR001C	YLL039C
YNL166C	YPL031C
YDR448W	YLR113W
YGR225W	YNL210W
YIL022W	YNL328C
YDR003W	YLL039C
YGR218W	YMR180C
YMR052W	YNL127W
YKL058W	YML007W
YDL226C	YDR510W
YGL038C	YGL055W
YBR245C	YOL012C
YBL034C	YDR356W
YGL004C	YLR421C
YKL204W	YPR042C
YCR030C	YGR130C
YBR083W	YNL197C
YDR208W	YJL164C
YHR200W	YPR118W
YDR381W	YML056C
YBR059C	YLR392C
YDR256C	YGL153W
YGL122C	YKR020W
YLR268W	YNL287W
YML028W	YML065W
YIL072W	YLR263W
YHR200W	YMR226C
YGL122C	YOR006C
YMR159C	YPR034W
YGL087C	YOR220W
YBL047C	YNL124W
YBR043C	YGR157W
YGL137W	YKR046C
YGL059W	YPL203W
YLR332W	YOR104W
YIL017C	YMR135C
YDR174W	YPL153C
YBL102W	YGL006W
YJR132W	YPL240C
YDL214C	YKR092C
YGL203C	YHR094C
YIR010W	YJL053W
YDL075W	YNL069C
YBL072C	YKL067W
YDR379W	YJL164C
YBR234C	YDR510W
YKL018W	YLL039C
YFL029C	YPR054W
YGL122C	YKL091C
YGL122C	YGL151W
YGL122C	YLR151C
YNL197C	YOL063C
YMR114C	YMR216C
YBR160W	YGL003C
YHR160C	YLR191W
YFR004W	YGR218W
YDL214C	YNR006W
YCR033W	YOL068C
YDR099W	YHR200W
YGL122C	YGR250C
YDL144C	YGL122C
YBR193C	YML007W
YBR194W	YGL106W
YDR318W	YNL189W
YKL130C	YPR074C
YIR009W	YML049C
YAL062W	YGL070C
YHR034C	YPL240C
YER125W	YMR171C
YDL002C	YPL141C
YCL028W	YIR010W
YDR394W	YHR200W
YDR365C	YDR381W
YDR497C	YGL203C
YNL197C	YPR149W
YNR023W	YPR034W
YER024W	YJL187C
YBR156C	YMR094W
YBL022C	YMR091C
YDR448W	YER164W
YKL150W	YPL031C
YHR186C	YJL106W
YFR004W	YNL313C
YLL039C	YNL014W
YDR477W	YHR133C
YDL029W	YKL104C
YBR065C	YKL081W
YEL059C-A	YMR150C
YBR085W	YFR004W
YGR206W	YLL039C
YNL189W	YOL142W
YGL122C	YKR018C
YGR094W	YHR082C
YGL122C	YNL322C
YGL035C	YJL020C
YJL164C	YPR115W
YBL084C	YDR260C
YNL084C	YNL243W
YKL059C	YMR061W
YIL117C	YLL039C
YDR502C	YFR004W
YHL009C	YMR216C
YNL074C	YNL197C
YGL122C	YKL151C
YDR436W	YLL039C
YDL185W	YOR117W
YGR179C	YJR112W
YDL185W	YNR052C
YBL076C	YDR328C
YOR110W	YPL031C
YNL071W	YNL197C
YFR034C	YPL198W
YBR126C	YFR028C
YAL010C	YMR060C
YBR160W	YHR149C
YGR184C	YIL075C
YGL122C	YGR235C
YAL049C	YDL025C
YIL071C	YMR025W
YFR024C-A	YPL031C
YDR427W	YGL048C
YGL133W	YJL065C
YDL132W	YDR131C
YOR181W	YOR317W
YAL034W-A	YNL307C
YER044C	YLR100W
YDL116W	YER107C
YFR014C	YLR265C
YBR044C	YBR221C
YMR032W	YPL084W
YBR221C	YDR510W
YBL002W	YGL066W
YIL050W	YML065W
YDR122W	YML065W
YFR052W	YGL078C
YDL015C	YHR133C
YBR211C	YIR010W
YGL122C	YPR166C
YDL116W	YJL117W
YJL029C	YLL039C
YGL122C	YKR039W
YDL171C	YPL031C
YDR416W	YGR278W
YCL010C	YMR223W
YAR007C	YGL116W
YDR427W	YIL066C
YGR218W	YJR134C
YFR004W	YJL060W
YOR244W	YPR083W
YDR284C	YLL039C
YHR082C	YPL041C
YGL122C	YPR021C
YHL021C	YPL150W
YGL006W	YGL122C
YHR133C	YHR140W
YGR060W	YIL027C
YJL106W	YNL312W
YBL002W	YBL003C
YBR175W	YPL029W
YBR160W	YGL216W
YDR427W	YFR052W
YDL239C	YGL122C
YGL122C	YLR395C
YFR052W	YOR117W
YBR245C	YLL039C
YGR204W	YKL198C
YDL124W	YGL122C
YDL195W	YHR216W
YGL173C	YOL149W
YBR086C	YHR082C
YML065W	YPR166C
YDR328C	YPL240C
YBR103W	YOL068C
YKL101W	YOR141C
YLR275W	YPR182W
YDL065C	YMR163C
YGR179C	YPL209C
YCR067C	YOR128C
YGL122C	YPL122C
YCR073C	YGL122C
YGL179C	YLR055C
YMR216C	YNL186W
YGL122C	YKL035W
YDR394W	YFR004W
YEL013W	YPR149W
YCL055W	YGL192W
YLL039C	YLR450W
YOL053W	YPL031C
YJL157C	YMR304W
YDR224C	YOR141C
YHR205W	YMR216C
YGL158W	YGR078C
YBR085W	YGL122C
YMR167W	YOR155C
YJL164C	YLR259C
YBL087C	YHR027C
YDR530C	YOR244W
YDR171W	YNL216W
YBR069C	YLL039C
YPL031C	YPR119W
YBL087C	YFR004W
YER178W	YHR200W
YFR034C	YMR109W
YMR186W	YNR032W
YGL147C	YNL175C
YBR111C	YLR245C
YJL178C	YOR316C
YNL064C	YPL240C
YDR087C	YLR233C
YDR510W	YER039C
YGL122C	YGR147C
YGL158W	YOL070C
YGL104C	YPL076W
YFR004W	YIL142W
YGL134W	YKR058W
YER125W	YMR257C
YGL122C	YOL115W
YER133W	YHR082C
YFR004W	YKL215C
YER146W	YPL152W
YGL180W	YMR297W
YGL122C	YOR261C
YLL039C	YPL001W
YCL011C	YEL034W
YER133W	YOL039W
YGL122C	YOR212W
YDR074W	YHR200W
YLR131C	YMR304W
YFL026W	YGL089C
YJL141C	YNL014W
YHR082C	YPL203W
YJR112W	YLR200W
YML007W	YPL254W
YIR010W	YPL231W
YNL113W	YPR110C
YGL179C	YHR137W
YDL029W	YKL129C
YBL064C	YKL101W
YBR059C	YDR130C
YER012W	YGL147C
YDR519W	YGL122C
YHL004W	YJL112W
YML065W	YNL088W
YBR173C	YOR362C
YBL003C	YJR052W
YML065W	YPL008W
YBR245C	YDR510W
YBR221C	YDL239C
YNL251C	YOL115W
YCR030C	YML098W
YDR293C	YJL164C
YGL122C	YMR241W
YBR247C	YKL143W
YDL031W	YPL198W
YER052C	YGL190C
YCL011C	YDR381W
YDL185W	YHR027C
YGL223C	YIL004C
YLL039C	YPL006W
YGL093W	YJR112W
YJL196C	YPL227C
YER065C	YHR186C
YBR299W	YLL039C
YDR087C	YOR231W
YJL026W	YPR054W
YBL007C	YJL106W
YGL224C	YLL039C
YBR158W	YML064C
YCR030C	YJR076C
YHL030W	YKL029C
YGL153W	YLR191W
YBR128C	YPL120W
YDR202C	YDR328C
YLR274W	YNL088W
YBL002W	YJR010C-A
YGL173C	YJL141C
YDR510W	YPL128C
YJR091C	YOR265W
YLR055C	YOL051W
YBL007C	YOR211C
YBL050W	YFR004W
YGL037C	YPL070W
YJR010C-A	YLR066W
YBR130C	YKL101W
YHL004W	YPL255W
YFR024C-A	YNL243W
YBR060C	YHR118C
YBR103W	YMR061W
YGL122C	YGR213C
YER146W	YOL149W
YDL092W	YKL122C
YNR052C	YOL149W
YCR094W	YLL039C
YLL039C	YMR210W
YGR240C	YHR169W
YBR197C	YHR079C
YDR510W	YKL126W
YDR145W	YDR392W
YDL002C	YKL101W
YDR099W	YML065W
YHR200W	YOL038W
YER012W	YOR362C
YOR261C	YOR362C
YJR059W	YNL045W
YDL028C	YIL106W
YFR024C-A	YIR010W
YMR070W	YNL197C
YGR074W	YPR178W
YEL060C	YNL161W
YIL074C	YOR117W
YGL122C	YNL173C
YLL039C	YOR109W
YHR096C	YKL051W
YBR063C	YGL122C
YGL053W	YNL315C
YGL122C	YMR109W
YHL021C	YKL101W
YJL081C	YPR023C
YDL150W	YDR510W
YAR027W	YGL225W
YHR121W	YPR007C
YHR205W	YLR113W
YGL122C	YPL020C
YFR004W	YOR317W
YGL122C	YGL141W
YBR225W	YPL203W
YDR028C	YDR099W
YGL207W	YJL164C
YDL006W	YKR048C
YFR004W	YGL014W
YLR350W	YML012W
YEL039C	YNL197C
YHR152W	YPL061W
YKL210W	YPL209C
YBR160W	YPR174C
YGL049C	YGL122C
YFR014C	YPR083W
YFR035C	YPL031C
YBR247C	YCR073C
YML012W	YOR054C
YER021W	YIR025W
YCL009C	YER012W
YBR160W	YLR394W
YDL195W	YOL120C
YIL050W	YLR190W
YBR052C	YIR037W
YJL111W	YOR281C
YBR170C	YGL059W
YAL010C	YHR083W
YJL164C	YLL038C
YBR112C	YGL025C
YDR480W	YER114C
YBL099W	YLL039C
YDR358W	YGL206C
YHR027C	YJL060W
YDL210W	YJL106W
YGR092W	YGR200C
YGL122C	YOR122C
YJR009C	YMR031C
YBR173C	YOL038W
YHR005C	YLR240W
YGR209C	YLR109W
YFR004W	YOL158C
YGR063C	YLR113W
YOR165W	YPR028W
YDR477W	YHR205W
YDR313C	YLL039C
YKL007W	YLR274W
YGR012W	YNL307C
YBR103W	YDL185W
YIL072W	YPR007C
YCR048W	YPL240C
YGL207W	YHR082C
YGL122C	YMR143W
YIL149C	YNL128W
YDR028C	YPL031C
YDR164C	YKL182W
YIL107C	YMR139W
YDL078C	YOL147C
YGR078C	YPL150W
YLR085C	YOL012C
YGL179C	YLR150W
YIL115C	YPL169C
YGL122C	YGR194C
YIR016W	YNL161W
YAL056W	YJL164C
YBR126C	YMR251W
YBL047C	YJL187C
YDL087C	YGL173C
YDR394W	YER012W
YBR257W	YGR030C
YGL158W	YJR142W
YBR212W	YKL171W
YMR032W	YOR264W
YDR309C	YKL007W
YLR248W	YOR018W
YGR148C	YML065W
YKL035W	YOL045W
YLR079W	YLR345W
YBR160W	YJL187C
YAL043C	YMR061W
YDR477W	YGL208W
YGL122C	YOR322C
YBR136W	YPL153C
YDR443C	YOL051W
YGL190C	YKL081W
YGL035C	YGL253W
YNL314W	YOR304C-A
YFR028C	YLL040C
YBL003C	YPR008W
YNL330C	YOR039W
YBR245C	YDR224C
YBR085W	YDR328C
YDL153C	YGR092W
YDL150W	YNL113W
YBR138C	YGL122C
YLL039C	YPR073C
YBR039W	YPL256C
YBL056W	YMR246W
YGR062C	YML056C
YJL044C	YLR262C
YER021W	YPR119W
YAL034W-A	YDR318W
YDR443C	YGL122C
YKL154W	YPR198W
YJL034W	YOR008C
YCR073C	YDL125C
YOR181W	YPL153C
YDL165W	YGR014W
YGR218W	YLR131C
YGR192C	YGR232W
YHR026W	YPR156C
YDR328C	YMR186W
YGR092W	YOR117W
YOL051W	YPR086W
YJR009C	YOR368W
YKR068C	YPL240C
YGR060W	YKL154W
YBR272C	YHR200W
YIR010W	YMR031C
YDR137W	YJR059W
YCL024W	YJR062C
YGL179C	YPL222W
YPL031C	YPR017C
YER022W	YPL248C
YDR323C	YPL240C
YBL007C	YGL206C
YDR229W	YPL031C
YDL137W	YGL122C
YLL017W	YNL098C
YEL004W	YPL264C
YDR356W	YGR218W
YMR035W	YMR150C
YIL109C	YLR026C
YDR224C	YLR133W
YER034W	YPL031C
YHR098C	YPL031C
YDR099W	YNR034W
YER054C	YGR052W
YDR264C	YJL178C
YGL203C	YLR413W
YIL075C	YKL081W
YCL035C	YFR004W
YBR171W	YKL065C
YBL023C	YNL261W
YKL130C	YLR353W
YHL004W	YNL252C
YLL032C	YML119W
YDR361C	YER086W
YML064C	YNL218W
YGL206C	YLL039C
YBR194W	YDR293C
YLR109W	YPL001W
YFR034C	YGR204W
YDR118W	YMR001C
YAL035W	YPR041W
YGL158W	YPL031C
YJL106W	YNL186W
YIL038C	YML098W
YDR477W	YEL060C
YCL035C	YKL198C
YGL122C	YML028W
YCR026C	YLL039C
YGR218W	YMR186W
YKL080W	YOR332W
YGL122C	YIL115C
YHR172W	YLR045C
YBR001C	YFR014C
YEL061C	YOL038W
YDR127W	YJL173C
YGR052W	YMR284W
YDR424C	YLL039C
YFR048W	YMR186W
YGL106W	YKR010C
YNL243W	YOR181W
YGL207W	YIR010W
YKL171W	YKR097W
YGL122C	YHR001W-A
YMR304W	YPR115W
YBL003C	YGL173C
YBR160W	YLR182W
YBR045C	YER133W
YGL122C	YKL116C
YDL015C	YHR026W
YCR002C	YDR168W
YDR477W	YNL025C
YDL006W	YJL106W
YFR024C-A	YPR055W
YCL028W	YER022W
YGL122C	YGR184C
YHR082C	YPL244C
YGL122C	YLR070C
YBR086C	YLL039C
YOL149W	YPL220W
YBR109C	YLR304C
YDR510W	YOL030W
YIL101C	YNL197C
YJL173C	YNL014W
YGL122C	YPL152W
YLR430W	YPR148C
YDL049C	YGL122C
YOL142W	YOR076C
YBR221C	YML065W
YDL212W	YPL094C
YDR174W	YJL074C
YAR007C	YHR164C
YJL176C	YPL248C
YJR092W	YOR231W
YBL058W	YML064C
YLL039C	YPL169C
YGL122C	YIL124W
YBR207W	YFL048C
YBL101C	YLL039C
YOR117W	YOR375C
YCR030C	YLR332W
YIL149C	YPL124W
YER009W	YGL122C
YGL060W	YPR046W
YDL031W	YOR272W
YDL193W	YJR132W
YBR058C	YKR049C
YFR014C	YGL055W
YNR034W	YOR244W
YDR091C	YHR200W
YDL092W	YPL210C
YDL150W	YNL084C
YGR060W	YLR100W
YGL120C	YGL173C
YGL122C	YOL082W
YER012W	YFR004W
YFR014C	YMR173W
YBR264C	YGL122C
YDR452W	YHR161C
YGL120C	YNL175C
YBR279W	YGR104C
YGR185C	YLL039C
YGL073W	YLR419W
YBR059C	YKR092C
YHR174W	YKL060C
YGL060W	YGL093W
YEL009C	YOL051W
YER027C	YNL183C
YBR112C	YDR510W
YDL153C	YGL158W
YOR212W	YOR281C
YDL013W	YHR082C
YAR007C	YMR234W
YBR272C	YML065W
YER048C	YPL031C
YDL115C	YGL070C
YBL002W	YKR048C
YDR510W	YER111C
YBR060C	YPR162C
YML029W	YNL329C
YDL006W	YLR113W
YER016W	YPL209C
YLL039C	YNR001C
YER021W	YGR232W
YLR233C	YLR318W
YDR075W	YDR293C
YKL152C	YOR117W
YHL004W	YNL177C
YAL051W	YIL036W
YNL107W	YOL012C
YFR034C	YJL164C
YBR202W	YGL001C
YHR079C	YIL061C
YCR091W	YMR165C
YBL007C	YHR079C
YHR026W	YIR038C
YKL093W	YMR139W
YBR199W	YOL132W
YGL137W	YPL004C
YDL028C	YJL089W
YKL193C	YMR139W
YLL049W	YLR423C
YGL173C	YLR150W
YDR386W	YPR119W
YIR010W	YNL306W
YGL122C	YHR118C
YGL180W	YHR156C
YER133W	YHR121W
YKL126W	YMR104C
YDL175C	YOL115W
YLR319C	YOR304C-A
YIR009W	YLR067C
YJL203W	YML049C
YFL062W	YPR192W
YBL058W	YDR381W
YGL059W	YGL122C
YBL002W	YMR091C
YLL039C	YPL206C
YGR240C	YJL187C
YDR127W	YIL106W
YCL018W	YDR510W
YBL093C	YCL028W
YFR004W	YLR017W
YGR260W	YMR150C
YNL246W	YPL141C
YDR284C	YPL147W
YGL025C	YMR112C
YIR010W	YNL132W
YGL091C	YPL031C
YLL039C	YOL019W
YML048W	YPL031C
YBR069C	YGL122C
YCL018W	YPL031C
YHR082C	YLL039C
YDR357C	YEL005C
YFR004W	YGR244C
YER103W	YPR119W
YOR136W	YPL061W
YDR224C	YNL246W
YCR100C	YPL141C
YAR007C	YDR225W
YGR284C	YHR026W
YKL126W	YPR111W
YDL031W	YPL004C
YDR424C	YPR119W
YBR160W	YIL106W
YGL122C	YPR085C
YGL122C	YJR100C
YLR150W	YPL209C
YEL012W	YKL048C
YFR004W	YPL110C
YBR160W	YOR075W
YDL028C	YDR168W
YDR122W	YOL083W
YDR392W	YGL066W
YDL106C	YFR034C
YDL103C	YJL006C
YLL039C	YLR446W
YJL154C	YPL070W
YDR505C	YGL122C
YBL002W	YPR162C
YGR038W	YML029W
YFL054C	YJR059W
YCL028W	YOR212W
YJR099W	YLR167W
YKL129C	YLL039C
YFR004W	YKL181W
YCR073W-A	YJL164C
YJR022W	YOL140W
YHR058C	YMR112C
YER021W	YHL030W
YBR160W	YOL125W
YKL048C	YPL128C
YLL039C	YMR208W
YBL099W	YOR117W
YMR291W	YOR141C
YGL158W	YML065W
YAL062W	YHR200W
YEL060C	YGL137W
YKL081W	YML062C
YGL106W	YMR173W
YJR044C	YOL129W
YGL122C	YKL073W
YGL122C	YOL129W
YDR499W	YIL027C
YGL253W	YHR152W
YBR160W	YJR076C
YBR173C	YGL122C
YGL180W	YGR130C
YOR141C	YPL141C
YBR211C	YDR318W
YJL052W	YJR093C
YER133W	YIR006C
YER133W	YKL193C
YKR081C	YOR233W
YMR167W	YNL082W
YBR069C	YDL100C
YHR169W	YPL240C
YDR202C	YGL122C
YJR066W	YNL189W
YDR155C	YLR074C
YDR168W	YHR166C
YBL091C-A	YPL094C
YFR028C	YKL016C
YER133W	YHR158C
YKR048C	YPL150W
YCL055W	YDR118W
YBR207W	YDR141C
YBR036C	YER026C
YLR330W	YMR237W
YGR061C	YOR117W
YJL060W	YJL153C
YDL047W	YHR096C
YBL093C	YHR121W
YGL122C	YPL216W
YGR275W	YIR010W
YBL076C	YFR004W
YFR014C	YHR090C
YDR224C	YDR225W
YCR093W	YLL039C
YGL070C	YGR063C
YIL143C	YPL122C
YDR398W	YMR093W
YDR159W	YIL149C
YBL055C	YDL025C
YDR386W	YMR001C
YBL051C	YCR093W
YDL207W	YGL092W
YCL043C	YKL171W
YGL208W	YML007W
YDL015C	YPL087W
YGL122C	YOR266W
YGR130C	YPL153C
YDL205C	YGL122C
YJL051W	YLR248W
YDL075W	YPL220W
YLR073C	YNL197C
YFR021W	YGL190C
YGL003C	YMR001C
YGR052W	YJR066W
YLR031W	YOR357C
YMR215W	YPR156C
YDR496C	YPL198W
YDL028C	YIL151C
YLL039C	YLR093C
YGL122C	YLR200W
YDR484W	YLR262C
YGL253W	YHR027C
YJL214W	YLR093C
YDL020C	YFR052W
YGL207W	YOL128C
YGL180W	YIL107C
YDL212W	YML012W
YDR099W	YPR030W
YBR160W	YOR008C
YDR225W	YPR052C
YAR027W	YEL042W
YDR027C	YGL233W
YGL122C	YLR013W
YBL095W	YGL122C
YFR004W	YNL241C
YGL122C	YIL036W
YFR004W	YPL231W
YGL122C	YNR022C
YBL076C	YPR110C
YDR510W	YMR067C
YDR146C	YFR028C
YGR172C	YOR132W
YLL039C	YPR055W
YER020W	YOR273C
YNL088W	YPL074W
YBR272C	YFR004W
YBL007C	YMR109W
YGR260W	YGR284C
YER173W	YIL139C
YJR112W	YLR031W
YGR094W	YHR200W
YGL049C	YML117W
YGL122C	YOL073C
YGL122C	YKR010C
YDR174W	YLR074C
YML016C	YOR273C
YJL053W	YOR132W
YHR005C	YIL046W
YDR099W	YPL153C
YGL173C	YLL019C
YDR099W	YML006C
YER133W	YER167W
YGL023C	YJL164C
YHR200W	YLR421C
YBR018C	YNL161W
YBL091C-A	YML029W
YDL186W	YMR001C
YBR019C	YPL031C
YDR289C	YNL189W
YFR052W	YGR232W
YGL106W	YOR127W
YDL013W	YLR421C
YGL223C	YLR026C
YGL006W	YGR163W
YOL125W	YPL141C
YKL018W	YMR061W
YFL038C	YNL041C
YMR091C	YPR034W
YDL132W	YLR100W
YAR027W	YJR013W
YKR101W	YNL216W
YGR074W	YJR033C
YDR122W	YKL048C
YIL036W	YPL153C
YDL029W	YPR178W
YNL232W	YNL251C
YFR034C	YKR001C
YHR121W	YHR174W
YDR515W	YGL122C
YDR477W	YMR001C
YML006C	YNL025C
YFL037W	YLR045C
YIL142W	YIR010W
YDL153C	YHR079C
YHR027C	YLR303W
YDL195W	YLR150W
YDR484W	YJL034W
YOR219C	YOR357C
YHR027C	YMR241W
YIL048W	YNL297C
YBL084C	YBR160W
YOL070C	YPL031C
YDR137W	YNL307C
YHR186C	YJR066W
YHR168W	YPL031C
YDR410C	YNL098C
YDR328C	YOR332W
YFR024C-A	YMR253C
YDL013W	YHR134W
YBL017C	YOL129W
YEL005C	YGL122C
YBL018C	YBR257W
YOL096C	YOR125C
YGL122C	YLR001C
YDR346C	YGL207W
YKL075C	YNL091W
YCR023C	YGL122C
YLR096W	YNL161W
YBL099W	YFR004W
YHR166C	YLR102C
YEL022W	YKL029C
YGL122C	YLR268W
YDL116W	YGL092W
YDR141C	YIL048W
YBL056W	YNL250W
YDR309C	YML109W
YFL062W	YLL039C
YKL101W	YKR048C
YCL027W	YKL092C
YDR118W	YDR477W
YBR194W	YJL005W
YGL219C	YLL039C
YGL122C	YLR332W
YGL122C	YOL128C
YGR134W	YPL216W
YPL131W	YPR143W
YBR059C	YJR059W
YAR007C	YDR013W
YDL210W	YGL122C
YDR254W	YNR062C
YKL130C	YNL189W
YGL122C	YKL087C
YCR093W	YJL141C
YLR096W	YOL082W
YDR481C	YHR181W
YDL047W	YPL152W
YGL122C	YPR008W
YDL006W	YPL161C
YJR033C	YKL080W
YHR200W	YMR300C
YGL122C	YOL143C
YGL122C	YML056C
YGL025C	YGL151W
YLR450W	YML013W
YFR034C	YNL015W
YDL137W	YGR052W
YDR394W	YGL048C
YGL147C	YNL069C
YBR160W	YPR119W
YDL089W	YLR324W
YGL106W	YKL130C
YDR499W	YNL312W
YKL130C	YLR190W
YBR001C	YGL106W
YDR127W	YOR375C
YDL116W	YKL057C
YBR052C	YHR094C
YDL103C	YFR004W
YNL084C	YOR181W
YFR004W	YNL064C
YKL081W	YKL130C
YJL020C	YJL194W
YLR262C	YPR028W
YBR157C	YJR059W
YDR155C	YOR290C
YBR279W	YGL122C
YIR010W	YNL102W
YER133W	YMR001C
YIL142W	YOR212W
YJL146W	YLL039C
YBR160W	YLR009W
YOL082W	YPR049C
YBL017C	YPL154C
YHR123W	YPL227C
YDR508C	YNL197C
YHR133C	YOR181W
YER007W	YER012W
YML062C	YNL189W
YDR225W	YFL013C
YHR186C	YKL193C
YMR032W	YOR191W
YDR076W	YPL153C
YGL061C	YOR304C-A
YGL106W	YGL122C
YBR193C	YGR116W
YKL103C	YPR049C
YGL092W	YKL068W
YHR200W	YJL060W
YPR082C	YPR178W
YDL191W	YOR290C
YGL003C	YGL122C
YDR427W	YFR004W
YER032W	YNL161W
YDR392W	YML007W
YGR003W	YJR052W
YIL140W	YJR092W
YER104W	YJL173C
YKL171W	YNL307C
YGL207W	YPR052C
YML119W	YPL031C
YDR028C	YFR004W
YGL137W	YPR110C
YDR381W	YPL209C
YKL196C	YLR093C
YDR510W	YJL074C
YDR334W	YJL081C
YLL039C	YOR018W
YCR091W	YDR173C
YJR082C	YPR023C
YBR231C	YNL107W
YDR378C	YOL149W
YGL180W	YJL084C
YFR028C	YOR058C
YGR268C	YOR042W
YDR225W	YDR448W
YBR194W	YGL049C
YDL002C	YJL081C
YDR174W	YML015C
YGL190C	YJR066W
YCL024W	YKL048C
YGL122C	YNL007C
YGL039W	YPL031C
YJL185C	YOR127W
YDL028C	YDR356W
YFR014C	YIL010W
YDR129C	YLR330W
YPL141C	YPL240C
YGL158W	YOR193W
YKL196C	YLR268W
YDR312W	YGL120C
YDR007W	YLL039C
YLR262C	YNL293W
YGL120C	YNL132W
YLL039C	YNL217W
YDR381W	YDR475C
YER146W	YJL084C
YDR225W	YMR061W
YGL122C	YGR284C
YJR047C	YLR362W
YDR208W	YLR227C
YGL122C	YNL088W
YDR495C	YGL122C
YBR245C	YJR060W
YOL065C	YPL240C
YER146W	YJR022W
YGL122C	YPL061W
YDR510W	YHR190W
YDR171W	YMR304W
YDR146C	YNL189W
YFR015C	YPL031C
YKL141W	YLL039C
YJL214W	YPR198W
YHL014C	YPL240C
YEL034W	YOR117W
YHR121W	YIL036W
YDR280W	YNL189W
YGL122C	YMR060C
YHR200W	YJL008C
YFR004W	YMR276W
YCR044C	YHR140W
YGL160W	YLL039C
YGL206C	YLR330W
YGL173C	YGR162W
YDL150W	YPR110C
YEL015W	YJL164C
YMR215W	YPL076W
YER012W	YPL131W
YHR008C	YNL295W
YJL001W	YLL039C
YGL252C	YLR085C
YGL120C	YML056C
YPL106C	YPL183C
YFL037W	YFR004W
YMR304W	YPL031C
YJL055W	YLL039C
YKR057W	YNL124W
YLR348C	YOR297C
YER067W	YGL122C
YLL039C	YMR256C
YNL307C	YOL083W
YDL029W	YLL013C
YGL122C	YKL007W
YDR087C	YPR143W
YDR225W	YKR048C
YFR037C	YKR001C
YJR059W	YOL128C
YLR274W	YPL153C
YHR014W	YMR001C
YLL039C	YOL059W
YIL063C	YNL084C
YDL015C	YMR215W
YBL023C	YOR080W
YBR234C	YIL143C
YBL007C	YKL054C
YKL104C	YPL111W
YIR038C	YJR118C
YGL158W	YJR094W-A
YLL039C	YPL256C
YDR309C	YJR076C
YGR284C	YOR165W
YAL042W	YGL122C
YDL226C	YOL129W
YBL007C	YNL161W
YKL124W	YLL039C
YBL023C	YGL122C
YDR118W	YIR025W
YKL101W	YPL201C
YOR244W	YPL222W
YJL189W	YKR048C
YFR034C	YJR094W-A
YLL039C	YLR133W
YJL053W	YJL187C
YGL122C	YML049C
YHR170W	YMR080C
YKL193C	YML049C
YOL147C	YPL240C
YHR200W	YMR186W
YJL164C	YPL232W
YDR510W	YPL028W
YGL122C	YMR107W
YGL137W	YHR200W
YNL046W	YNL197C
YLL039C	YOL065C
YJL183W	YLL039C
YLL062C	YOR064C
YBL007C	YDL002C
YDL159W	YDR103W
YBR211C	YJR135C
YDR146C	YER179W
YHR027C	YJL026W
YDL130W	YDR091C
YER133W	YGR237C
YBR151W	YPL031C
YGR049W	YGR278W
YGL122C	YLR266C
YGR126W	YNL293W
YDR145W	YOR244W
YGL048C	YGL207W
YGR192C	YLL039C
YGL075C	YLR457C
YDL006W	YHR079C
YDL195W	YOR250C
YCR093W	YIL075C
YGR185C	YNL306W
YFR004W	YJL026W
YBR058C	YBR112C
YFR014C	YGL208W
YAL035W	YFR004W
YDL006W	YGR052W
YDL212W	YDR046C
YPR082C	YPR182W
YBR088C	YLL039C
YDR155C	YGL122C
YDR174W	YGR250C
YGL122C	YNL189W
YJL164C	YOR123C
YFL042C	YMR303C
YCL011C	YGR162W
YDR173C	YLR096W
YHR200W	YKL029C
YFR024C-A	YMR304W
YER178W	YGL122C
YDL185W	YNL153C
YIR038C	YPL053C
YIL109C	YJL004C
YBR083W	YLL039C
YDL179W	YPL031C
YKR048C	YLL002W
YFR004W	YKR002W
YHR140W	YPL227C
YGR184C	YJL141C
YFR004W	YGL253W
YDL031W	YDR496C
YBR102C	YGL233W
YJR082C	YPL248C
YBL023C	YPL008W
YBR136W	YDR499W
YMR186W	YOR181W
YHR200W	YLR354C
YBR130C	YJL106W
YGL014W	YNL197C
YJR060W	YMR094W
YBL014C	YBR160W
YBR221C	YER178W
YJR066W	YPL249C
YBR035C	YPL240C
YAR027W	YDL198C
YER012W	YFL009W
YJR093C	YKL059C
YBR045C	YMR001C
YDR280W	YGR095C
YCR002C	YCR030C
YDR075W	YPL153C
YJL187C	YKL211C
YBR160W	YDR309C
YFR004W	YLR150W
YHR140W	YIL023C
YJL176C	YOR038C
YBL076C	YBR123C
YBR036C	YMR215W
YDL116W	YGR192C
YBR194W	YKL182W
YKL035W	YML064C
YDR138W	YOR191W
YKR089C	YLL039C
YCR011C	YLL039C
YAR007C	YKL113C
YGL021W	YNR070W
YBL003C	YOL012C
YDR519W	YGL014W
YDR477W	YOR123C
YDR293C	YPL004C
YGL122C	YKR095W
YDL100C	YDR304C
YGL206C	YJL084C
YGL122C	YJL020C
YER133W	YKL035W
YFR004W	YNL138W
YBL003C	YML112W
YAL061W	YGL122C
YEL039C	YHR195W
YNR065C	YOR181W
YBR034C	YOL123W
YFR039C	YIL061C
YER103W	YGL122C
YEL042W	YIR038C
YBR193C	YDR443C
YDR155C	YKR029C
YER022W	YPL210C
YJL181W	YPL031C
YJR004C	YNL197C
YDL155W	YFR028C
YER024W	YLL039C
YJL020C	YJR059W
YDR427W	YOL038W
YGL059W	YKL116C
YBR235W	YNL197C
YGL122C	YOR196C
YGL122C	YPR073C
YBR298C	YDR284C
YGR092W	YKL126W
YLR274W	YPL031C
YBR019C	YLR055C
YFR014C	YLR059C
YDR510W	YLR328W
YFL013C	YOR123C
YDR069C	YOR177C
YGL122C	YPR028W
YER107C	YPR119W
YDR383C	YGL122C
YDL195W	YHR027C
YER024W	YGL122C
YGL156W	YKL103C
YER032W	YER114C
YAL043C	YPL008W
YGL122C	YNL193W
YGL122C	YOR327C
YDR510W	YML028W
YGL192W	YOR125C
YJL052W	YJR009C
YDL100C	YER017C
YKR103W	YNL274C
YGL120C	YNL224C
YBR036C	YLL039C
YDR145W	YNL216W
YGR232W	YOR117W
YLR238W	YPR110C
YDR130C	YDR510W
YJR076C	YML109W
YMR276W	YPL031C
YGL122C	YML081C-A
YJL146W	YJR059W
YDR425W	YNL243W
YBR173C	YER094C
YML065W	YNL162W
YLL039C	YOL126C
YGL122C	YNL224C
YGL122C	YOR298W
YGL059W	YHR157W
YDR394W	YEL034W
YDR284C	YGL006W
YDR320C	YGL206C
YKR029C	YOL068C
YDR128W	YJL173C
YKR041W	YPL031C
YBR138C	YOR231W
YCR073C	YHR157W
YHL004W	YNR022C
YER086W	YLR259C
YGL122C	YOL013W-A
YBL058W	YPL031C
YPL240C	YPL264C
YGL122C	YMR251W-A
YGL206C	YOR181W
YJL141C	YJL164C
YAL042W	YGL158W
YBR168W	YGL122C
YER125W	YGL206C
YDR346C	YOR244W
YDL047W	YKL110C
YHR015W	YMR001C
YKL116C	YMR284W
YBR173C	YGL048C
YJL020C	YPR184W
YDR255C	YNL197C
YDR394W	YMR284W
YFR004W	YNL208W
YBL002W	YML065W
YGL122C	YMR271C
YDR168W	YJR076C
YHR082C	YLR096W
YLR240W	YPL120W
YJL053W	YJL154C
YLL039C	YMR292W
YJL170C	YPL240C
YBL084C	YGL116W
YGL037C	YGR092W
YDR427W	YLR421C
YGL180W	YPL031C
YDL100C	YHR057C
YJL029C	YLR262C
YEL013W	YKL196C
YGR052W	YMR165C
YER123W	YOL083W
YMR041C	YOL045W
YDL028C	YLR381W
YAR027W	YIL004C
YDR386W	YJL020C
YGL122C	YKL058W
YMR304W	YNL313C
YHR001W	YLR332W
YJR077C	YML016C
YER133W	YKR081C
YML065W	YNL113W
YBR123C	YGR047C
YFL007W	YFR050C
YGR058W	YOR264W
YLR079W	YLR113W
YBL072C	YHR200W
YDR502C	YOR117W
YGL122C	YPL273W
YDR436W	YML016C
YAL043C	YLR303W
YGL122C	YHR051W
YOR332W	YPL240C
YJL167W	YOR117W
YCR066W	YLL039C
YFR037C	YIR010W
YGL122C	YNL306W
YER012W	YLR421C
YNL249C	YPL125W
YBL023C	YDL171C
YIR005W	YPR094W
YBL034C	YKL193C
YBR247C	YDR346C
YGL048C	YGL122C
YDR280W	YNL251C
YDR308C	YGL122C
YGR092W	YOR362C
YFR004W	YOR220W
YDR099W	YER133W
YBL091C-A	YGL122C
YDR218C	YPL161C
YBR221C	YLR345W
YDR510W	YKL104C
YGL206C	YNL106C
YER067W	YNL161W
YGR060W	YHR123W
YFR004W	YLR244C
YLL039C	YOR039W
YHR027C	YOR303W
YGR200C	YHR187W
YGR240C	YOR117W
YML065W	YPL131W
YGL070C	YPL203W
YLR079W	YPL256C
YGR119C	YPL125W
YBR114W	YOR332W
YJL081C	YOR189W
YHR096C	YPR156C
YMR031C	YOR181W
YGL158W	YMR223W
YGL158W	YML091C
YER125W	YLL039C
YML065W	YMR263W
YGL122C	YIL122W
YBR065C	YMR186W
YJR047C	YKL101W
YJL173C	YJR141W
YDR202C	YKL080W
YBR036C	YPL076W
YGL122C	YNL078W
YHR027C	YHR098C
YJR093C	YML030W
YBR167C	YBR257W
YGL014W	YJR025C
YPL124W	YPL255W
YGL179C	YNL192W
YDR427W	YHR027C
YBR160W	YHR164C
YDR448W	YML007W
YGR185C	YOR117W
YER133W	YPR107C
YER133W	YFR028C
YGL122C	YOR076C
YGL004C	YHR027C
YHR027C	YMR001C
YLR039C	YLR262C
YBR234C	YHR064C
YJL164C	YMR165C
YLL039C	YML111W
YHR079C	YJL034W
YLR004C	YPL076W
YKL018W	YKR002W
YGL035C	YGL179C
YLR167W	YOL117W
YDR398W	YMR246W
YBL017C	YBR207W
YFR004W	YLR027C
YER027C	YJL187C
YGL122C	YLR272C
YLR105C	YPL083C
YJL164C	YPL203W
YJR132W	YLL039C
YDR196C	YJL194W
YCR106W	YMR094W
YGL147C	YOR117W
YDR179C	YOL117W
YGL122C	YGL222C
YDR146C	YPR046W
YGR119C	YLR423C
YAL034W-A	YIR010W
YIR038C	YJR075W
YAL043C	YNL298W
YBR160W	YKR089C
YML065W	YNR021W
YGL122C	YPR017C
YGL122C	YPL188W
YGL122C	YML004C
YDR259C	YLR423C
YJL117W	YPL240C
YDL040C	YER021W
YER133W	YJL187C
YJR045C	YML065W
YER052C	YMR139W
YKL129C	YNL232W
YBL067C	YGL122C
YKL182W	YLL039C
YDR162C	YGL122C
YIL123W	YLL039C
YGL198W	YGR172C
YBR207W	YDR352W
YDL159W	YOL123W
YDL015C	YIR038C
YGR224W	YHR152W
YGL122C	YOR114W
YHR154W	YLR135W
YJL020C	YKL025C
YKR018C	YLL039C
YER133W	YLL013C
YDR244W	YGL122C
YJL164C	YKR048C
YBR060C	YJL194W
YHR082C	YNL064C
YCR030C	YLR206W
YJR045C	YOR347C
YDR394W	YMR276W
YHR027C	YIL109C
YGL122C	YOR220W
YDR099W	YNL042W
YDR103W	YDR148C
YOR155C	YPL070W
YBR095C	YDR510W
YJR010C-A	YJR117W
YDL132W	YLR267W
YMR289W	YOL083W
YER021W	YOR362C
YDR159W	YER063W
YDL115C	YDR404C
YDR254W	YJR135C
YKR037C	YKR083C
YMR186W	YNL124W
YLR421C	YOR117W
YER086W	YLR191W
YKR055W	YNL127W
YCL032W	YDR103W
YFL048C	YLL039C
YER141W	YLL039C
YBL007C	YNL084C
YCL043C	YML130C
YDL137W	YLL039C
YBR036C	YCL052C
YGL120C	YLR074C
YLR421C	YOR261C
YCR091W	YDL153C
YIL027C	YML012W
YBR059C	YGL153W
YIL139C	YKL101W
YDR124W	YGL122C
YER033C	YNL161W
YGR287C	YNR031C
YBR112C	YIL061C
YDR510W	YLR055C
YNL175C	YPL131W
YDL040C	YIL075C
YGL122C	YGL180W
YBL050W	YLR026C
YGL014W	YGL122C
YBR126C	YGL122C
YML020W	YNL197C
YDR074W	YFR004W
YFL009W	YLL039C
YDR381W	YML112W
YCL024W	YFR028C
YBL058W	YJL164C
YKL029C	YML065W
YFR028C	YHR064C
YER079W	YLR096W
YFR004W	YHR209W
YGL122C	YLR189C
YBR247C	YNL132W
YFR052W	YKL203C
YLL001W	YLL039C
YHR186C	YKL171W
YDR153C	YJL164C
YDL153C	YDL214C
YGL122C	YNL223W
YDR159W	YJL197W
YDR448W	YHL004W
YDL013W	YKL101W
YDR096W	YER033C
YGR148C	YPL131W
YDR254W	YGL122C
YDR498C	YGL098W
YDR308C	YER022W
YKR083C	YLR423C
YKL203C	YOR181W
YBL005W	YGL013C
YDR510W	YNL078W
YJR092W	YPL242C
YNL313C	YPL106C
YNL048W	YPR028W
YLL039C	YLR350W
YBL007C	YGL035C
YGL122C	YHR116W
YGL179C	YHR090C
YFR004W	YIL148W
YDL161W	YDR379W
YLR430W	YNL251C
YER125W	YOR322C
YFL013C	YJL081C
YCR030C	YPR119W
YNL222W	YPR086W
YFL037W	YGL238W
YJL187C	YKR094C
YBL093C	YLR150W
YGL122C	YHR090C
YDR174W	YIR010W
YJR091C	YLR059C
YGL122C	YHR192W
YGL137W	YOR323C
YDR356W	YLR212C
YBR211C	YGL060W
YGR021W	YKL048C
YJL187C	YLL043W
YER088C	YNL091W
YDL015C	YHR195W
YGL120C	YJL176C
YHR050W	YLL039C
YJL196C	YJR117W
YGR010W	YNL189W
YGR060W	YHR140W
YCL027W	YPR023C
YHR200W	YPL031C
YLR438W	YPL031C
YJR022W	YLR133W
YGR130C	YMR086W
YGL122C	YJL173C
YLR045C	YMR001C
YDR153C	YKL135C
YKL059C	YNL317W
YER125W	YKR092C
YJR010C-A	YML048W
YER107C	YIL115C
YBL058W	YBR114W
YFR004W	YLR447C
YGL056C	YHR094C
YCL010C	YPL254W
YDR099W	YPL110C
YGR255C	YNL330C
YLL050C	YLR039C
YNR065C	YPL087W
YDR159W	YDR448W
YGL122C	YOR052C
YDR179C	YKL168C
YDL047W	YKL203C
YMR094W	YOR057W
YGL122C	YGR134W
YDR510W	YNL248C
YDL155W	YER040W
YHL009C	YKL101W
YFR014C	YKR092C
YDR477W	YML111W
YBR060C	YGR103W
YDR510W	YGR103W
YDR496C	YLL039C
YGL173C	YNL175C
YFR014C	YGL122C
YFR037C	YGR275W
YDR293C	YER033C
YDR293C	YGL180W
YDR009W	YPL248C
YJR010C-A	YOR193W
YFR004W	YGR162W
YBL084C	YGL003C
YDL002C	YNL307C
YCR079W	YGR193C
YAL062W	YLR267W
YGL122C	YGL136C
YDR510W	YHL021C
YML016C	YOR181W
YGR078C	YNL153C
YHL048W	YML048W
YLR332W	YOR273C
YKL203C	YNL047C
YDL185W	YJR062C
YER053C	YLL039C
YGL180W	YOR054C
YGL122C	YHR005C
YGL158W	YOL051W
YER094C	YFR028C
YHR027C	YPL240C
YBL007C	YBR059C
YDR448W	YPL248C
YJR039W	YMR021C
YDR103W	YLR362W
YFL007W	YLR074C
YER086W	YKL081W
YKL182W	YOR117W
YJR010C-A	YNR021W
YKL018W	YNL222W
YFR004W	YGL122C
YLL039C	YLR066W
YKR081C	YLR074C
YGL223C	YKL006C-A
YHR134W	YHR156C
YIR010W	YLR153C
YDR508C	YLL039C
YAR027W	YPL020C
YOR117W	YOR317W
YDR381W	YIL149C
YGL106W	YKL124W
YIL050W	YPL031C
YGL122C	YKR048C
YLL039C	YOL082W
YJR059W	YNL166C
YDR427W	YKL029C
YGL180W	YPR143W
YER030W	YOL012C
YLR150W	YNL317W
YER125W	YLR069C
YGL122C	YIL107C
YNL197C	YPR119W
YBR160W	YOR127W
YGL137W	YKL081W
YGL091C	YIL003W
YER133W	YKL085W
YHR094C	YML048W
YBL041W	YBR173C
YHR094C	YKL051W
YJL083W	YJR066W
YHR027C	YPR118W
YGL147C	YKL135C
YGL017W	YLR187W
YJL183W	YLR026C
YKL154W	YPL264C
YGL122C	YGR217W
YAL018C	YHR026W
YBR156C	YDL239C
YFR029W	YGL180W
YAL020C	YHR082C
YDR392W	YGL158W
YBL050W	YML001W
YDR179C	YLR259C
YGL002W	YML012W
YGL014W	YJR059W
YDL181W	YPL031C
YAR027W	YKL196C
YBR160W	YLL039C
YDR224C	YGL066W
YGL122C	YMR291W
YDR036C	YHL004W
YKR039W	YLL039C
YGL056C	YPR156C
YEL061C	YLL039C
YBL007C	YGR268C
YGR185C	YHR027C
YGL122C	YOR305W
YCL029C	YDL155W
YDR510W	YOR198C
YDR466W	YLR228C
YBR160W	YGR092W
YGL117W	YGL122C
YER125W	YOR138C
YIL115C	YPR119W
YDL174C	YGL122C
YLL039C	YLR352W
YCR042C	YKL059C
YER114C	YMR124W
YIL106W	YPL209C
YLL039C	YNL243W
YML016C	YOR329C
YDL225W	YIR010W
YDR146C	YPR034W
YML016C	YML106W
YIR010W	YPL106C
YDR171W	YNL007C
YKL125W	YNL102W
YBL087C	YIR010W
YIL034C	YNL138W
YBR136W	YGL122C
YJL106W	YMR284W
YIL004C	YLR026C
YDR132C	YFL009W
YDR206W	YER027C
YGL122C	YML072C
YKL101W	YNL307C
YBL039C	YKL196C
YDR168W	YGL122C
YML016C	YPL074W
YBR171W	YPL094C
YBR069C	YLR044C
YEL030W	YNL250W
YBR233W	YKL074C
YGL154C	YOR128C
YKL135C	YLL039C
YDL179W	YGR275W
YGL122C	YMR139W
YLR245C	YPL070W
YCR066W	YGL122C
YBL087C	YJR010C-A
YNL197C	YPL125W
YBR207W	YLL039C
YER027C	YJL089W
YNL166C	YPL153C
YFR014C	YOR101W
YGL154C	YPL240C
YDR164C	YGR009C
YER065C	YLL039C
YDR480W	YLR304C
YBL007C	YLL039C
YDR394W	YKL073W
YMR001C	YPL150W
YER123W	YLL039C
YGL001C	YML012W
YGL122C	YOR110W
YBR160W	YER167W
YDL111C	YGL120C
YGL122C	YKL033W
YLR079W	YPL031C
YGL014W	YKL054C
YML065W	YOL136C
YBR130C	YGL122C
YBR095C	YMR263W
YBL047C	YPL031C
YGL179C	YPR083W
YDL212W	YGL122C
YCR079W	YOR317W
YKL196C	YMR197C
YBL003C	YBL023C
YBR245C	YFR037C
YFR004W	YLL001W
YFL038C	YLR026C
YNL125C	YPL141C
YDL013W	YNR031C
YIR010W	YJR066W
YLL039C	YMR088C
YDR138W	YDR159W
YHR033W	YJR017C
YBL003C	YNL088W
YDR036C	YLR074C
YGL122C	YGR206W
YFR052W	YJR133W
YGR149W	YLL039C
YJL051W	YKL130C
YDR496C	YLR074C
YJR066W	YPR149W
YEL015W	YML064C
YHR027C	YKL104C
YIL062C	YOR181W
YJR009C	YNL102W
YCR002C	YGL122C
YGL122C	YNL084C
YGL206C	YKL135C
YGL134W	YPR115W
YGL122C	YOR178C
YDR416W	YHL004W
YCR093W	YGL048C
YAR007C	YKR001C
YGL067W	YKR037C
YDR122W	YJL164C
YNR016C	YPL240C
YLR113W	YOL123W
YDR118W	YDR260C
YAL017W	YER133W
YLL049W	YPL174C
YDR254W	YDR318W
YHL027W	YJL056C
YDL185W	YNL250W
YGL253W	YGR218W
YDR495C	YPR110C
YLR074C	YNL175C
YLL039C	YML005W
YOR141C	YPL209C
YGL122C	YMR086W
YCR079W	YNL071W
YGL116W	YGR092W
YFR052W	YHR027C
YIL142W	YNR032W
YMR032W	YNL078W
YJL172W	YLL039C
YDL197C	YDR510W
YNL125C	YNR059W
YBL039C	YOR117W
YLR113W	YNL162W
YGL122C	YML006C
YPL120W	YPL153C
YGL122C	YLR098C
YHR200W	YLR150W
YEL009C	YHR200W
YKL065C	YPR192W
YLR450W	YPL031C
YDL175C	YLR430W
YBL039C	YOR261C
YHR152W	YNL138W
YBL047C	YPL141C
YDR169C	YMR186W
YAL035W	YLL039C
YAL043C	YER133W
YFR015C	YJL137C
YBR006W	YOR089C
YGL122C	YGL219C
YGL122C	YMR180C
YGR209C	YIL107C
YHR094C	YPL240C
YCL008C	YPL084W
YDR328C	YLR352W
YDL113C	YJL036W
YDR448W	YLR055C
YCR079W	YNL014W
YHR200W	YMR246W
YDR256C	YPL031C
YMR263W	YNL097C
YHL048W	YHR026W
YJL060W	YPL004C
YML060W	YNL189W
YMR276W	YOR042W
YFR034C	YGR233C
YEL060C	YMR104C
YDL078C	YNL113W
YOL017W	YOL051W
YDL080C	YIL142W
YGL122C	YPL193W
YKR094C	YOL117W
YJL034W	YNL313C
YBL007C	YPL153C
YHR186C	YNL076W
YDR057W	YJL034W
YGL190C	YLR373C
YCL028W	YDR443C
YEL022W	YNL287W
YKL204W	YNL161W
YLL013C	YLR067C
YDL065C	YGR119C
YIR010W	YKL182W
YDR477W	YPR115W
YIL004C	YLR268W
YER123W	YKL210W
YBR160W	YPL250C
YER107C	YPL169C
YBR194W	YGR162W
YDR099W	YPL256C
YBR234C	YDR354W
YLL039C	YNL098C
YML065W	YNL064C
YIL022W	YLR369W
YJL203W	YPR178W
YBR105C	YIL017C
YDL129W	YJL020C
YJL106W	YKL140W
YDR510W	YOR317W
YGL207W	YHR035W
YJL134W	YML029W
YNR024W	YOL142W
YOR287C	YPR178W
YKR048C	YLR457C
YLR150W	YLR330W
YEL034W	YPL111W
YGL122C	YOR136W
YDL216C	YDR179C
YDL029W	YOR261C
YNL091W	YNR052C
YMR155W	YPL141C
YGL122C	YLR270W
YGL122C	YJL037W
YBL058W	YGL122C
YDL181W	YJL106W
YER016W	YFR050C
YDR349C	YLR430W
YDL031W	YOR080W
YDR103W	YLL039C
YDR099W	YFR014C
YKL209C	YLL039C
YHR172W	YMR001C
YBR112C	YGL122C
YGR295C	YPR192W
YBL072C	YIR010W
YNL222W	YPR107C
YGR060W	YPL264C
YCR093W	YGR134W
YGL075C	YJR112W
YBR247C	YGR100W
YGL122C	YJR076C
YBR059C	YFR021W
YDR353W	YML007W
YKL073W	YOR360C
YKL130C	YLR413W
YGL122C	YMR169C
YCL029C	YGL180W
YDR225W	YGL207W
YGR047C	YOR250C
YJR066W	YMR215W
YER078C	YJR059W
YBL002W	YDR439W
YER026C	YJR010C-A
YLR089C	YLR259C
YEL013W	YJR068W
YDR099W	YLL039C
YGR218W	YJR066W
YGR052W	YML013W
YJR117W	YML016C
YNL307C	YOR290C
YIL107C	YJR059W
YJL163C	YNL197C
YGL122C	YOR356W
YGR192C	YPR129W
YBL017C	YJR125C
YDL191W	YNL069C
YDR141C	YHR094C
YBR280C	YNL141W
YBR160W	YNL102W
YDL085W	YPR054W
YGL122C	YOR109W
YGL122C	YPR141C
YFR034C	YPR086W
YDL029W	YKL211C
YJL082W	YLL039C
YDR099W	YMR031C
YLR132C	YPR191W
YDR164C	YGL233W
YER125W	YNL243W
YKL129C	YKL152C
YER167W	YLR096W
YGL122C	YLR054C
YBR034C	YFR004W
YKL126W	YKL182W
YBR194W	YNR016C
YKL203C	YLL039C
YFR014C	YJR001W
YGL122C	YKL051W
YDR028C	YDR477W
YLL039C	YLR324W
YBL002W	YGL207W
YGL179C	YPR115W
YDR041W	YGR215W
YDR087C	YER133W
YLR373C	YPL153C
YEL012W	YJL187C
YER066W	YGL122C
YDR498C	YOR075W
YER133W	YMR311C
YER178W	YHR027C
YDR334W	YKR072C
YGR250C	YIR001C
YGR130C	YLL039C
YGR244C	YLL039C
YDL153C	YPL153C
YER052C	YOR117W
YBR109C	YMR109W
YGL116W	YJL013C
YMR010W	YNL287W
YDR309C	YJL164C
YBR175W	YHR027C
YGR065C	YKL051W
YCR073C	YHL020C
YBR088C	YMR167W
Q0130	YJR045C
YGL053W	YJL196C
YLL039C	YPL065W
YGL122C	YPL100W
YBR059C	YOR329C
YDL015C	YHL048W
YDR392W	YNL175C
YPR129W	YPR184W
YBR126C	YNL076W
YDR179C	YOR233W
YER125W	YGR268C
YBL007C	YNL144C
YIL048W	YLR241W
YOR227W	YPL240C
YDL100C	YDR513W
YGL056C	YNL197C
YGL023C	YGR163W
YBL022C	YOR136W
YBR194W	YGR148C
YJL026W	YML064C
YDR443C	YJL187C
YBL002W	YBR114W
YHR079C	YJL051W
YKR081C	YLL039C
YDL028C	YIL072W
YDL040C	YOR117W
YGL158W	YHL020C
YGL122C	YHR027C
YGL122C	YLR447C
YER125W	YHR097C
YIL057C	YLL039C
YDR138W	YPL169C
YGL122C	YNL129W
YGR071C	YLR373C
YGL180W	YOL123W
YLR100W	YMR202W
YDR146C	YDR448W
YHR172W	YIL149C
YDR510W	YKL043W
YFR028C	YJL194W
YGL122C	YHR008C
YFR004W	YOR332W
YLL039C	YPR149W
YGR126W	YLL039C
YJL106W	YNL007C
YGR223C	YIL034C
YER021W	YOR117W
YBR123C	YLR423C
YDR381W	YKR095W
YGL122C	YIR025W
YJR082C	YNL298W
YDL124W	YFR004W
YFR004W	YKR048C
YFR004W	YJR045C
YJL084C	YPL153C
YIL046W	YLL039C
YGL037C	YGL122C
YLR094C	YNL197C
YDR381W	YJL084C
YKL203C	YNL192W
YNR065C	YOR085W
YBR056W	YGL122C
YGL122C	YPR094W
YCR053W	YHR200W
YDR477W	YPL146C
YER125W	YKR018C
YDR129C	YKL085W
YGR103W	YOR267C
YDR510W	YOL123W
YFR037C	YPR034W
YFR015C	YLL039C
YGL180W	YKL121W
YKL210W	YLR096W
YBR109C	YOR233W
YGL180W	YKR048C
YHR118C	YNL261W
YJL187C	YJR092W
YJL146W	YPL031C
YBL093C	YHR147C
YGR119C	YPL240C
YAR007C	YBR137W
YDR155C	YML064C
YNL189W	YOL051W
YBR279W	YDR138W
YHL025W	YKR001C
YDL029W	YDL047W
YER133W	YJL042W
YCR079W	YDL214C
YBL002W	YJL020C
YML028W	YPL106C
YCL024W	YJR112W
YDL100C	YOL126C
YCR093W	YNL025C
YFR004W	YOL058W
YJL052W	YML065W
YBR193C	YMR112C
YGL122C	YOL002C
YBR173C	YFL007W
YBR005W	YLL039C
YBR114W	YLL039C
YFR028C	YKR101W
YDR477W	YER125W
YDR070C	YGL059W
YBL007C	YMR313C
YDL226C	YGR172C
YDR510W	YOR290C
YJL164C	YOR347C
YKL203C	YMR028W
YCL063W	YPL240C
YKL101W	YNL064C
YFR017C	YJL164C
YPR041W	YPR086W
YOR181W	YPL150W
YHL025W	YOL051W
YGR052W	YPR030W
YLR009W	YML065W
YDL065C	YGL153W
YGL122C	YNL117W
YEL034W	YLL039C
YER125W	YKL152C
YDR502C	YLL039C
YJR022W	YNL050C
YGL122C	YJR044C
YER133W	YPL074W
YDL021W	YGL122C
YGR103W	YLR009W
YHR027C	YJR117W
YMR139W	YOL059W
YJR043C	YNL102W
YDL100C	YKL080W
YMR292W	YOR165W
Q0130	YBL099W
YDR127W	YHR200W
YFR004W	YPR148C
YNL165W	YPL031C
YDR171W	YLR248W
YKR048C	YLR133W
YJL187C	YKL181W
YDR322C-A	YGL122C
YHL004W	YOL027C
YNL197C	YOR044W
YER040W	YKL203C
YCR079W	YOR323C
YFL026W	YKL178C
YBR160W	YLR430W
YFR004W	YGL048C
YKR081C	YLR009W
YGL122C	YLR354C
YGL153W	YHR160C
YIL124W	YKL140W
YDR381W	YPR107C
YBR071W	YHR200W
YHR186C	YKR097W
YFR034C	YOR290C
YGL206C	YNL243W
YBR156C	YGL061C
YLR234W	YPL024W
YBL076C	YFR052W
YFR028C	YLR182W
YHR152W	YPL174C
YDR477W	YER024W
YLR190W	YPL031C
YLR191W	YML052W
YCL028W	YNL189W
YGL252C	YMR223W
YDR071C	YDR510W
YGR179C	YIR010W
YGR058W	YNL047C
YFR034C	YHR121W
YHR027C	YHR169W
YGL122C	YHR017W
YOL115W	YPL146C
YBR160W	YOR104W
YIL038C	YIR010W
YOL107W	YPL020C
YDL171C	YGL122C
YGL122C	YHR121W
YIL118W	YLL039C
YGR209C	YLL039C
YER125W	YNL183C
YER153C	YLR067C
YBR102C	YIL061C
YJL214W	YML048W
YGL122C	YGL238W
YFR028C	YML065W
YGL206C	YLR206W
YHR079C	YNL224C
YDR099W	YGL003C
YLR055C	YPL254W
YDR085C	YER114C
YDR436W	YKR072C
YDL225W	YNL078W
YDR525W-A	YLL039C
YFR034C	YJL008C
YDR036C	YNL137C
YDR073W	YPL248C
YFR014C	YIL051C
YER098W	YJL164C
YIL111W	YML129C
YER017C	YPR024W
YJL187C	YOR141C
YJL029C	YKR002W
YGL122C	YPL053C
YJL164C	YLR098C
YDL226C	YOR327C
YBL023C	YPL031C
YCL024W	YJR092W
YGR052W	YNL117W
YGL075C	YJR117W
YML006C	YOR267C
YDR394W	YJL157C
YDR225W	YOR038C
YBR194W	YGL013C
YBL039C	YDR510W
YDR381W	YMR237W
YHR024C	YIL066C
YIR010W	YNL047C
YJL141C	YOR080W
YOR136W	YPR110C
YGR052W	YKL203C
YDR352W	YGL006W
YPL189W	YPR192W
YDL015C	YLL039C
YBR130C	YDR477W
YBR077C	YKR039W
YGR148C	YLL039C
YGR179C	YOR342C
YCR042C	YKL081W
YHR200W	YPL061W
YER125W	YLR167W
YDR381W	YOR080W
YGL122C	YNL165W
YLL039C	YNL239W
YDL031W	YKR081C
YDR328C	YHR079C
YDR194C	YLR233C
YHR161C	YPL232W
YNL177C	YNR016C
YDL132W	YGL252C
YCR073C	YOR018W
YKL167C	YNL252C
YMR080C	YOL149W
YLL039C	YPL220W
YDR477W	YOL136C
YBR197C	YLR423C
YGR105W	YHR026W
YFR004W	YOL059W
YJR059W	YNR019W
YGL003C	YPL256C
YLR312W-A	YNL252C
YGR065C	YLR332W
YDL078C	YDR244W
YGL122C	YKL018W
YHR096C	YIR038C
YLL039C	YLR100W
YGL137W	YKL204W
YIL107C	YPL203W
YBR083W	YDR224C
YCL034W	YGL122C
YKL197C	YLR191W
YKL048C	YKL181W
YBR160W	YHR118C
YJL012C	YLL039C
YDR069C	YNL088W
YIL061C	YML016C
YBL072C	YML056C
YFR028C	YNL307C
YFR052W	YIL066C
YFL038C	YGL198W
YHR027C	YMR202W
YHR185C	YJR093C
YFR004W	YNL239W
YER012W	YPL110C
YPL070W	YPR193C
YHR140W	YJR117W
YJL056C	YNL197C
YGL147C	YPL131W
YHR115C	YPL031C
YBR058C	YLL039C
YDR244W	YGR133W
YOR181W	YPL074W
YHR152W	YMR181C
YDR161W	YKL152C
YIL143C	YLL039C
YJR066W	YLR108C
YHR064C	YIR005W
YGR092W	YKR041W
YBR160W	YPL150W
YGL104C	YPL270W
YDR081C	YGL122C
YDR138W	YNL189W
YBL056W	YLL039C
YGL158W	YHL025W
YDL195W	YNL197C
YEL034W	YGL025C
YGL122C	YMR195W
YJR117W	YNL048W
YDR381W	YNL175C
YDR162C	YOL070C
YJL187C	YKL051W
YER032W	YKR002W
YFR004W	YNL014W
YML007W	YOR290C
YER166W	YLR330W
YDR039C	YNL197C
YNL186W	YPL153C
YNL197C	YOR226C
YGL122C	YOR125C
YGR218W	YJL074C
YDR122W	YGL122C
YBR279W	YOR123C
YJL090C	YLR135W
YDL212W	YIL027C
YJL164C	YJR001W
YJR059W	YOL130W
YFR004W	YPL004C
YEL024W	YML129C
YHR140W	YJL117W
YBR160W	YPR111W
YDR179C	YIL071C
YOR272W	YPL198W
YFL038C	YIL148W
YEL015W	YGR116W
YDR435C	YGL122C
YHL048W	YPL076W
YBR114W	YJR077C
YCR073W-A	YJR059W
YER040W	YMR139W
YHR026W	YML132W
YLR362W	YMR186W
YDL155W	YLR079W
YKR092C	YMR093W
YGL122C	YHL021C
YLR362W	YNL064C
YER111C	YER167W
YDL210W	YDL212W
YEL005C	YEL013W
YNL197C	YOR085W
YML049C	YPR082C
YGR095C	YNR024W
YJR059W	YKL094W
YGL122C	YJR099W
YBR247C	YER017C
YGL122C	YLR411W
YFR024C-A	YJR083C
YFR028C	YGL075C
YER021W	YLR421C
YFR034C	YGL078C
YJL196C	YKL065C
YGR061C	YLL039C
YHR158C	YML064C
YDL070W	YGL122C
YHR090C	YJL187C
YBR248C	YLR401C
YCR079W	YKL085W
YBL023C	YPL150W
YFR004W	YGL001C
YDR074W	YGL122C
YDR448W	YHR022C
YDL078C	YJR059W
YGL122C	YIL088C
YNL217W	YOR099W
YKR048C	YOL070C
YDR073W	YNR023W
YCL029C	YPL124W
YBR272C	YHR027C
YDR381W	YIL115C
YMR257C	YNR045W
YGL122C	YGR168C
YLR133W	YMR216C
YBR088C	YML056C
YDL103C	YOL045W
YBR199W	YDR384C
YGL230C	YOR161C
YFR004W	YIL118W
YLL039C	YPL248C
YHR064C	YLR135W
YHR170W	YOR080W
YKL085W	YPL153C
YDL025C	YGR240C
YGR163W	YKR039W
YDL087C	YGR162W
YDR381W	YIL038C
YBR137W	YML064C
YIR010W	YNL197C
YMR032W	YPL115C
YGL122C	YGR192C
YHR171W	YNR007C
YIL061C	YPL215W
YNL097C	YNL330C
YCR093W	YDL165W
YER164W	YIR010W
YDR423C	YIR037W
YDL025C	YML048W
YPL031C	YPL146C
YGL122C	YHR147C
YHR082C	YMR295C
YDR510W	YNL039W
YKL175W	YPR198W
YDR322W	YML065W
YDR155C	YHR200W
YGL251C	YNL127W
YDR206W	YMR080C
YBL021C	YHR187W
YHR171W	YOR191W
YPL227C	YPR198W
YDR448W	YPL254W
YDL065C	YPL112C
YAR027W	YLL039C
YBR160W	YLR045C
YDL155W	YGL122C
YJR010C-A	YKL154W
YJL164C	YKR068C
YJL154C	YOR357C
YMR216C	YOR141C
YDR036C	YDR041W
YER113C	YLL039C
YNL098C	YPL076W
YGR232W	YLR421C
YER020W	YPR156C
YFR024C-A	YMR216C
YGL230C	YKL110C
YJL048C	YLR423C
YJL110C	YLL039C
YER133W	YLR259C
YML012W	YPL087W
YDR330W	YER012W
YJR091C	YLR392C
YJL164C	YOL070C
YDL137W	YDR358W
YGL122C	YGR094W
YHR158C	YJR122W
YLL050C	YLR074C
YER133W	YLR109W
YGL122C	YJL146W
YDL047W	YNL025C
YKR062W	YOL051W
YDL155W	YKR010C
YCR106W	YMR060C
YER125W	YFR034C
YJL187C	YPR082C
YGL116W	YKL101W
YBR194W	YPL231W
YAL020C	YKR048C
YJL187C	YMR165C
YGL122C	YGR224W
YDL028C	YPL124W
YBR102C	YLR423C
YGL122C	YPL270W
YJR044C	YJR059W
YLR407W	YPL216W
YBR109C	YLL060C
YBR231C	YMR001C
YDL133W	YGL122C
YGL122C	YOR347C
YBR182C	YER125W
YDL212W	YIL109C
YIL004C	YKL196C
YGL122C	YOR332W
YHR082C	YMR155W
YER136W	YNL304W
YEL042W	YPL031C
YEL009C	YER040W
YLR167W	YMR276W
YKL103C	YMR104C
YBR279W	YOL051W
YJL020C	YJR047C
YDR510W	YPL154C
YGL207W	YOR101W
YBR102C	YBR160W
YKL154W	YPL076W
YFR004W	YJR025C
YKL047W	YLL039C
YJL044C	YKR048C
YDL002C	YHR082C
YGL122C	YGL211W
YBR160W	YLR307W
YDL171C	YHR027C
YGL179C	YMR165C
YDR510W	YOR362C
YBR114W	YDR510W
YFR004W	YNL098C
YML065W	YPL198W
YBR102C	YDR027C
YJL141C	YLR270W
YMR276W	YPR002W
YBR057C	YPL135W
YAL043C	YGR156W
YGL059W	YHR185C
YKL060C	YKL152C
YBR194W	YML056C
YLR167W	YML065W
YER125W	YPL031C
YGL049C	YGR162W
YDL070W	YLR399C
YJR068W	YNL189W
YCR091W	YHR082C
YBR059C	YIL148W
YCL027W	YDR103W
YBL003C	YGL133W
YGR134W	YNR052C
YLR150W	YNL069C
YDR510W	YML016C
YGL059W	YKL093W
YGL035C	YLR096W
YLR449W	YOR267C
YGR112W	YML129C
YIL124W	YLL039C
YJL176C	YML007W
YCR053W	YLL039C
YKL204W	YOL017W
YIL148W	YJL020C
YCR051W	YLL039C
YJL187C	YPL001W
YDR356W	YGL075C
YGL116W	YKL085W
YDL195W	YGL122C
YJL141C	YKL091C
YBR060C	YDR099W
YOR058C	YPL001W
YER020W	YLR332W
YFL037W	YGR218W
YDL215C	YOL147C
YBR234C	YMR109W
YPL076W	YPL264C
YER164W	YGL252C
YBR160W	YLR079W
YBR160W	YJR082C
YER039C	YPL264C
YDR141C	YMR010W
YHR200W	YLR406C
YER021W	YKL126W
YDL013W	YDR510W
YML106W	YPR052C
YGR218W	YNL196C
YIR010W	YOR132W
YHR164C	YJL173C
YDR293C	YGL137W
YHR097C	YMR001C
YBL007C	YML109W
YHR121W	YLL013C
YLR095C	YOL012C
YBR019C	YGL252C
YGL122C	YGL133W
YMR105C	YPR015C
YGR103W	YKR048C
YDL216C	YIL071C
YML098W	YOL051W
YDL006W	YKL101W
YNL098C	YOR101W
YNL113W	YNR003C
YGL122C	YMR220W
YDL159W	YDR206W
YMR001C	YPR174C
YBR175W	YGR103W
YFR004W	YKL210W
YJL074C	YPL153C
YIL034C	YKL007W
YDR359C	YHR090C
YGR104C	YNL025C
YLR262C	YNL041C
YDR496C	YKL130C
YBR194W	YLR167W
YGL190C	YJL194W
YDR510W	YLR150W
YHR140W	YKL006C-A
YJR125C	YMR197C
YDR330W	YLL039C
YDR248C	YGL122C
YBR170C	YHR082C
YGR052W	YHR200W
YKR081C	YPL220W
YJR059W	YPR074C
YJR059W	YKL064W
YER030W	YGL122C
YHR216W	YNL175C
YDR171W	YHR152W
YGR060W	YJL129C
YJR059W	YKL168C
YDR108W	YKR068C
YLR268W	YOR327C
YML065W	YOL012C
YDR510W	YIL148W
YNL064C	YOR117W
YBL093C	YKL129C
YML049C	YPR182W
YBL056W	YDR076W
YCL055W	YGL122C
YBR160W	YNL257C
YIR037W	YLL039C
YDL031W	YGL120C
YER133W	YLR096W
YDR146C	YPR086W
YDR146C	YGL207W
YFR004W	YGL137W
YFR004W	YOR261C
YDR398W	YKR092C
YHR200W	YKL152C
YLR055C	YLR113W
YHR082C	YNL007C
YCL036W	YMR093W
YDL080C	YDR081C
YHR090C	YNL189W
YLR079W	YLR210W
YHR082C	YPL150W
YHR157W	YPL031C
YDR510W	YKL211C
YER179W	YKL211C
YLL039C	YOL142W
YBR156C	YER012W
YIR010W	YJR135C
YER125W	YJL172W
YDR365C	YIR010W
YBR160W	YML109W
YDR138W	YML062C
YGL075C	YNL107W
YJL164C	YMR067C
YPL152W	YPL240C
YJR009C	YPL106C
YGL006W	YOL129W
YNL197C	YNR052C
YCR091W	YGL122C
YLR027C	YPL004C
YGR209C	YML028W
YGR058W	YLR113W
YNL007C	YPR158W
YBL007C	YIR006C
YDR510W	YOL059W
YGR192C	YHR170W
YJR132W	YMR186W
YDR138W	YKL171W
YDR069C	YPL084W
YML083C	YOR231W
YJR093C	YNL317W
YBR151W	YHR082C
YDR256C	YGL122C
YBR272C	YER021W
YCR073C	YDR179C
YAL035W	YPL198W
YDL159W	YPL124W
YGL180W	YKR092C
YDR381W	YLR170C
YBR083W	YER109C
YBR160W	YIL140W
YBR044C	YJR010C-A
YDL153C	YOR233W
YMR216C	YOR054C
YLR262C	YPL031C
YCL061C	YER021W
YGR218W	YOL123W
YOR244W	YPR049C
YGL122C	YMR148W
YGL122C	YLR436C
YKR037C	YLR045C
YBR059C	YIR010W
YLR044C	YOR117W
YBR088C	YNR052C
YGR240C	YLR259C
YKL168C	YLR248W
YBR245C	YPR034W
YBR085W	YOR181W
YGL122C	YJL023C
YER146W	YIL048W
YGL014W	YNL317W
YDL087C	YLR275W
YGR065C	YLR413W
YDR041W	YGL122C
YLL039C	YPR133W-A
YNL232W	YNR024W
YDR284C	YIR038C
YKR083C	YMR112C
YDR174W	YHR118C
YBR194W	YDR394W
YJR004C	YPL141C
YLR335W	YPL153C
YIL034C	YIR003W
YGR260W	YML048W
YJL187C	YMR304W
YJR059W	YKL121W
YKL129C	YNL084C
YLR113W	YOR039W
YJL164C	YOR162C
YOL120C	YPL131W
YGR284C	YIR038C
YBR231C	YLR399C
YFR004W	YGL147C
YGR278W	YML049C
YCL033C	YKL103C
YGL122C	YLR414C
YJR131W	YKR072C
YDL054C	YLL039C
YGL122C	YJL141C
YJR006W	YJR043C
YDR174W	YFR037C
YGR241C	YJR059W
YGL190C	YGR161C
YJR076C	YMR001C
YBL002W	YLR074C
YJL141C	YKR001C
YIR010W	YPL198W
YGL122C	YNL052W
YGL059W	YPL056C
YFR028C	YOR032C
YHR110W	YML048W
YLL039C	YML029W
YER012W	YJL001W
YDR480W	YKL161C
YDR448W	YGL151W
YDR510W	YNR023W
YEL034W	YOL117W
YKL033W	YPR085C
YDR161W	YKL060C
YGL122C	YHR097C
YDR308C	YEL009C
YAL035W	YDR496C
YDR130C	YLR150W
YJL118W	YKL093W
YDR510W	YPL131W
YIR010W	YOL123W
YAL017W	YDR293C
YKR048C	YMR139W
YHR079C	YPL254W
YJR068W	YMR105C
YIR010W	YNL106C
YFR004W	YJR017C
YBL087C	YER103W
YFR004W	YPR037C
YLR030W	YNL307C
YER133W	YOR227W
YDL085W	YKL093W
YGR130C	YPL094C
YDR096W	YML062C
YDR164C	YPR055W
YGR162W	YIR001C
YBR052C	YDR497C
YKL029C	YNL045W
YKL187C	YLL039C
YJL106W	YKL168C
YDR065W	YPR116W
YIR010W	YPR052C
YML065W	YMR093W
YDL216C	YDR328C
YGL122C	YNR002C
YHR064C	YPL240C
YJR059W	YJR112W
YBL058W	YOR342C
YFR004W	YJL170C
YBR160W	YMR291W
YHR131C	YKL171W
YBR194W	YDL185W
YDR510W	YMR091C
YDL230W	YFR028C
YLR423C	YML043C
YBL047C	YPL153C
YLR026C	YOR327C
YKL015W	YNL197C
YLL039C	YNL192W
YDR378C	YGL122C
YBR105C	YNL197C
YIR010W	YNL069C
YMR186W	YNR022C
YGL207W	YKR048C
YHR164C	YLR234W
YIL057C	YKL101W
YGL122C	YOR111W
YIL038C	YNL197C
YGR047C	YNL039W
YDL185W	YPL201C
YML042W	YNL189W
YDR318W	YGR006W
YGL055W	YLL039C
YDL020C	YGL122C
YJR131W	YML064C
YOL051W	YPL248C
YAR007C	YDR224C
YGR192C	YHR200W
YDR308C	YOL051W
YGL059W	YNL117W
YDL103C	YKL168C
YDR284C	YPL094C
YGL237C	YLR423C
YLR026C	YOR099W
YDR122W	YOL082W
YGL122C	YKR062W
YDR510W	YOR316C
YIL142W	YJL106W
YDL111C	YGR134W
YHR082C	YPL177C
YGR172C	YPR028W
YNL298W	YOL039W
YLL050C	YOR181W
YDR454C	YFR004W
YGR172C	YML001W
YKL054C	YPL106C
YGR092W	YOR228C
YKL018W	YPR107C
YGR172C	YOR089C
YKL073W	YPL020C
YJL052W	YLL039C
YGL180W	YML062C
YDL239C	YGL153W
YIL075C	YJL164C
YDR394W	YKL211C
YDR280W	YJR125C
YGR260W	YPL076W
YDR359C	YML007W
YFR034C	YJL020C
YFR028C	YKL150W
YDR466W	YJL089W
YDR477W	YKL193C
YNL186W	YPL031C
YDL052C	YIL124W
YFR028C	YNL078W
YDR510W	YGL066W
YDR168W	YMR186W
YGL122C	YPL177C
YDR459C	YJL012C
YNL304W	YPL031C
YGR060W	YMR215W
YJL081C	YML065W
YBL072C	YDR091C
YGR240C	YML064C
YBL007C	YOR329C
YDL225W	YDR510W
YGR130C	YGR233C
YDR270W	YLL039C
YDR394W	YNL250W
YBL002W	YBR245C
YGR218W	YMR061W
YGL122C	YGL142C
YGL122C	YOL039W
YDR224C	YPL240C
YFR024C-A	YHR082C
YDR022C	YGL237C
YGL122C	YLR066W
YFL026W	YNL217W
YBL007C	YGL238W
YGR004W	YPR028W
YAL043C	YBL076C
YBR160W	YDL174C
YGL122C	YMR025W
YGL122C	YML079W
YLR425W	YPL256C
YBR001C	YDR099W
YDR099W	YKR098C
YDR162C	YPL038W
YCR091W	YDL002C
YBR194W	YHR121W
YBR168W	YER021W
YNR031C	YPL240C
YGL122C	YGL226C-A
YFR004W	YPR191W
YBL055C	YOR052C
YCL008C	YJL172W
YHR058C	YIL027C
YGR074W	YJR022W
YGL053W	YHR140W
YLL039C	YMR099C
YAR027W	YIL111W
YHR083W	YMR060C
YIL038C	YNL091W
YFR004W	YJL167W
YDR288W	YER098W
YIL004C	YLL039C
YMR028W	YOR244W
YCL011C	YGL173C
YBR069C	YHR110W
YKL176C	YOR080W
YLR266C	YNL113W
YKR067W	YPL227C
YER016W	YOR191W
YBR160W	YKL048C
YJR148W	YLR259C
YER048W-A	YGL122C
YKL028W	YKR062W
YBR221C	YGL122C
YJL005W	YLL050C
YKL103C	YOR332W
YGR092W	YNL241C
YGL122C	YKL079W
YDR159W	YKL057C
YLR096W	YPL106C
YGL122C	YOR244W
YKR094C	YMR276W
YGL048C	YIL075C
YDR510W	YKL032C
YBR160W	YJL060W
YJR131W	YLL039C
YKL217W	YLL039C
YBR136W	YLR304C
YHR123W	YIR038C
YKL182W	YNL243W
YDR510W	YIL036W
YML004C	YPL031C
YIL148W	YOL117W
YJR066W	YNL183C
YDL028C	YNL007C
YBR112C	YGL035C
YFR034C	YMR237W
YCL028W	YGL151W
YGL059W	YNL186W
YGR209C	YLR039C
YKR002W	YMR061W
YDR496C	YLR009W
YKL196C	YPL232W
YGR092W	YJR094W-A
YBR221C	YDR069C
YFR004W	YHR170W
YGL116W	YJL008C
YGL049C	YNL251C
YDR224C	YIR010W
YBR162C	YNL287W
YDR425W	YJL036W
YDR513W	YIR037W
YDR334W	YLR399C
YJR130C	YKL048C
YDR436W	YMR311C
YCR002C	YNL312W
YML012W	YOL012C
YFR004W	YJL008C
YML056C	YNL124W
YLR182W	YNL309W
YDL212W	YML016C
YFR024C-A	YPL038W
YGR023W	YNL237W
YGL122C	YPR098C
YFL048C	YPR003C
YBR057C	YLL040C
YFR048W	YLL039C
YBR194W	YDR379W
YDL031W	YOR244W
YBR194W	YDR229W
YBR171W	YML064C
YJR022W	YLR430W
YKL198C	YNR016C
YDR510W	YPL273W
YMR231W	YOR089C
YER048W-A	YML065W
YDR293C	YFR004W
YNL177C	YOL027C
YBR045C	YGL122C
YIL074C	YJR059W
YDR496C	YOR272W
YDR099W	YPL231W
YMR104C	YOL082W
YOR332W	YPR110C
YHR027C	YPL131W
YFR004W	YPR086W
YGL122C	YKL101W
YBR160W	YGL075C
YAR027W	YOR273C
YBL050W	YMR197C
YGL122C	YHR104W
YDR328C	YDR502C
YHR140W	YML048W
YFR004W	YKL126W
YLL039C	YMR028W
YKL121W	YPL203W
YGL122C	YPR172W
YGR172C	YLR262C
YBR088C	YKL113C
YCR106W	YDR222W
YKL197C	YPL031C
YMR246W	YOL126C
YGR284C	YML012W
YLR449W	YPL131W
YJL084C	YKR039W
YFR034C	YPL131W
YDR036C	YGL153W
YAL013W	YDR510W
YDR328C	YFR014C
YAL043C	YKL059C
YGL122C	YPR042C
YKL018W	YNL317W
YJL023C	YML091C
YBR203W	YGL122C
YJL081C	YOL012C
YCL063W	YFR021W
YLL050C	YOR117W
YKL125W	YPL146C
YGL122C	YLR430W
YMR093W	YPL220W
YGL122C	YLR150W
YGR103W	YML059C
YBR234C	YJL020C
YGL179C	YOR141C
YLR030W	YPL031C
YGR116W	YPL203W
YFR014C	YGL184C
YGR092W	YNR052C
YBR018C	YPR054W
YBL003C	YJL047C
YDL212W	YJL117W
YDL191W	YOR272W
YBR109C	YKL129C
YGL013C	YOL051W
YFR004W	YOR375C
YER017C	YGR132C
YFR004W	YGR094W
YJR066W	YNL076W
YHR027C	YPL028W
YDR427W	YGR232W
YDR091C	YPL198W
YKR081C	YLR233C
YGL137W	YIL004C
YML065W	YPL001W
YGL122C	YOR342C
YKL018W	YPL008W
YGL122C	YOR253W
YLL039C	YML048W
YFR004W	YPL028W
YCL028W	YOL123W
YDR365C	YDR510W
YBR194W	YKR029C
YBL007C	YKL074C
YHR027C	YLR354C
YDR118W	YHR166C
YDR171W	YGL153W
YHR152W	YHR174W
YAL017W	YKL168C
YML042W	YPL240C
YGR218W	YKL068W
YGR215W	YNL137C
YBL064C	YPL031C
YBL003C	YIR010W
YDL013W	YPL209C
YDL004W	YGL122C
YER086W	YHR169W
YHR216W	YIR010W
YNL197C	YPL113C
YER054C	YML016C
YML106W	YMR271C
YJL203W	YOL136C
YDR381W	YKL075C
YGR275W	YPR034W
YDR510W	YHR134W
YHR048W	YNL197C
YJL164C	YLR350W
YGL122C	YPL008W
YIL122W	YPL031C
YGL070C	YKL028W
YFR028C	YHR118C
YDL225W	YPL031C
YBR170C	YLL039C
YDR260C	YLR102C
YJL081C	YOR141C
YDR106W	YLL049W
YGL153W	YPL031C
YLR423C	YOR226C
YJL157C	YNR031C
YHR082C	YLR131C
YDR328C	YJL034W
YAL017W	YJL110C
YJR010C-A	YPL076W
YDR409W	YJR076C
YLL039C	YOR375C
YMR165C	YPL141C
YDL028C	YMR139W
YBL058W	YDR466W
YBR194W	YHR216W
YDL080C	YIR037W
YBR194W	YMR186W
YGR284C	YHR140W
YEL012W	YGL122C
YDL137W	YHR200W
YBR126C	YHR027C
YJL164C	YNL074C
YDR381W	YLR430W
YML109W	YNL216W
YGL006W	YHR104W
YCR093W	YJR022W
YMR192W	YPL031C
YGL004C	YIL075C
YGR047C	YOR110W
YJL141C	YPL203W
YKL104C	YOR117W
YDR161W	YFR004W
YKL091C	YKL168C
YAL017W	YGL122C
YGL122C	YPR184W
YGL004C	YOR261C
YML007W	YML028W
YIL162W	YPL094C
YDR150W	YJL074C
YDR164C	YPL232W
YBR160W	YKR080W
YGL158W	YJR141W
YKL218C	YPR110C
YKR002W	YPR107C
YGL122C	YIL063C
YGR047C	YGR156W
YDR129C	YGL122C
YGL122C	YPL169C
YKL104C	YKL161C
YDR480W	YHR121W
YHR027C	YHR190W
YBR103W	YNL189W
YBR160W	YJR059W
YFR004W	YOR303W
YGL122C	YKL065C
YIR010W	YLR150W
YBR160W	YFR046C
YGL122C	YMR150C
YDR346C	YGL180W
YGL066W	YGL158W
YAL017W	YDR099W
YBL031W	YBR156C
YDL198C	YNL307C
YDR127W	YDR260C
YCR010C	YLL039C
YGR240C	YHR200W
YBR233W	YDR381W
YJL008C	YOR375C
YDR460W	YIL143C
YJL187C	YNL197C
YKR081C	YNL175C
YER009W	YOL128C
YJR076C	YKL168C
YDR497C	YMR010W
YJR135C	YPL255W
YLL039C	YOL063C
YBR279W	YOR039W
YCL028W	YNL106C
YKL103C	YLL039C
YDR229W	YPL135W
YFL038C	YLL039C
YDL150W	YML065W
YLR044C	YML072C
YFR014C	YOR332W
YDL212W	YGR295C
YBR194W	YGR130C
YER162C	YHL025W
YKL171W	YOL125W
YDR383C	YJR135C
YBL002W	YNL088W
YNL152W	YPL242C
YGL087C	YNR065C
YDL020C	YOR117W
YDR480W	YKL189W
YDR510W	YLR406C
YLR262C	YPL240C
YMR165C	YOR233W
YOR377W	YPL240C
YLL039C	YPL174C
YBL074C	YLR275W
YDR164C	YOR327C
YBR036C	YKL065C
YGL122C	YMR175W
YER162C	YOR117W
YNL232W	YOL142W
YJL194W	YPR119W
YFL037W	YGR092W
YDL075W	YPL198W
YIL075C	YML062C
YBL041W	YHR200W
YIR006C	YKL129C
YDR381W	YKR048C
YBR160W	YLR219W
YBR085W	YJL173C
YLR362W	YNL298W
YIL143C	YPL240C
YER146W	YIL038C
YDR394W	YGR232W
YGR060W	YML016C
YNL128W	YPL164C
YBR194W	YPL131W
YIR010W	YLR388W
YLL039C	YPR026W
YDR443C	YHR067W
YHR027C	YNL287W
YLL039C	YNL064C
YGR092W	YLL039C
YER103W	YGL206C
YDR308C	YDR443C
YER048C	YFR004W
YGR260W	YKL154W
YNL088W	YNL232W
YBL009W	YKL203C
YKL189W	YLR423C
YLR055C	YMR223W
YHR098C	YLL039C
YER016W	YGR161C
YBR212W	YDR304C
YLR150W	YNL186W
YBL017C	YDR484W
YBR057C	YGL192W
YFL038C	YOR070C
YDL214C	YDR439W
YBR059C	YCR027C
YLL039C	YML012W
YDL130W-A	YER125W
YGR168C	YPL209C
YEL060C	YNL186W
YDR075W	YGR063C
YDR530C	YGL122C
YKL068W	YOL123W
YDR259C	YLR447C
YGL122C	YOR362C
YLR265C	YMR284W
YDR225W	YLR074C
YER125W	YLR027C
YMR017W	YPL232W
YML109W	YPL115C
YGL190C	YOR162C
YCR002C	YJR076C
YKR072C	YPL141C
YMR139W	YOL128C
YDR260C	YHR166C
YGL122C	YJR043C
YCL029C	YDR466W
YGL122C	YIL136W
YOL051W	YPR034W
YOL126C	YOR347C
YGL078C	YIR010W
YBR109C	YJL012C
YER125W	YFR004W
YIL107C	YLR089C
YDR496C	YLR150W
YDR480W	YMR186W
YJL106W	YPL150W
YGL122C	YMR311C
YDR532C	YIR010W
YIL088C	YLL039C
YFR004W	YOR198C
YGL122C	YNL163C
YGL048C	YGR184C
YHR200W	YLR044C
YDR130C	YNL074C
YKL130C	YLR150W
YDR202C	YJR033C
YCL010C	YGL262W
YDL191W	YGR275W
YDR416W	YDR420W
YDL171C	YKL104C
YGL122C	YPL232W
YCL028W	YPL070W
YJL060W	YPL031C
YIR005W	YLR438W
YGL122C	YOR089C
YBR193C	YER022W
YEL034W	YFL013C
YLR069C	YPL240C
YDL015C	YPR028W
YER086W	YMR186W
YBR065C	YKR048C
YLR191W	YPL084W
YHR046C	YPR015C
YCL043C	YGL190C
YJL106W	YJR094C
YDR225W	YOR244W
YDR256C	YPL070W
YBL009W	YHR121W
YJL164C	YNL186W
YHR082C	YML083C
YOR117W	YOR168W
YIL122W	YKL161C
YHR027C	YMR109W
YDR032C	YER020W
YKL135C	YOR109W
YJR075W	YPL094C
YFR014C	YPL203W
YJR059W	YKL093W
YDR381W	YGL190C
YDR386W	YMR303C
YDL214C	YML083C
YDR510W	YJR092W
YLL040C	YOR181W
YFR004W	YMR246W
YDR027C	YJR066W
YBR128C	YLR240W
YDR148C	YGL122C
YMR295C	YNL307C
YHR169W	YLR438W
YGL122C	YJL034W
YHR027C	YOR362C
YAR027W	YJL117W
YDR067C	YGL122C
YBR216C	YFR004W
YBL041W	YFR004W
YGR095C	YNL232W
YLL039C	YLR173W
YGR240C	YLL039C
YDL029W	YLL039C
YDR106W	YPL174C
YGR047C	YLR096W
YBL007C	YML016C
YDR354W	YLL039C
YBL002W	YIR010W
YLR131C	YPR119W
YCL027W	YER032W
YGL004C	YGL048C
YDL210W	YGL230C
YFR028C	YML013W
YNL007C	YPL209C
YIR010W	YPR139C
YFR004W	YGL004C
YDR288W	YEL019C
YCL009C	YGL116W
YGL179C	YIL107C
YLR081W	YOR181W
YBR039W	YGL237C
YJR059W	YLR350W
YOL123W	YPL031C
YDR356W	YGR161C
YGR058W	YLL039C
YER048W-A	YGR192C
YHL014C	YOR244W
YBR095C	YPR023C
YDL215C	YOR057W
YDR155C	YMR263W
YHR026W	YKL221W
YBL023C	YBR060C
YGL122C	YHR122W
YNL147W	YOL149W
YGR275W	YOL012C
YGL207W	YNR065C
YBR034C	YJR022W
YGL091C	YGL122C
YDL185W	YOR332W
YHR200W	YNL064C
YIR010W	YJR094W-A
YDL005C	YEL009C
YDR171W	YDR510W
YBL093C	YDL005C
YJL117W	YJR010C-A
YGL122C	YIL003W
YGL122C	YLR456W
YJL189W	YKL168C
YDR394W	YER173W
YFR021W	YLL039C
YKL081W	YLL039C
YFL054C	YPL076W
YEL009C	YFL009W
YBR152W	YIR009W
YDR264C	YPL242C
YFR024C-A	YOR109W
YIL057C	YPL031C
YDR127W	YPL240C
YGL122C	YNL149C
YFR014C	YLR319C
YJR009C	YPL240C
YDR498C	YLR268W
YCL032W	YOR212W
YKL126W	YML006C
YKL006C-A	YLR026C
YNL197C	YNL309W
YBR185C	YNL177C
YGL207W	YLR399C
YLR079W	YPR119W
YFR004W	YLR421C
YDR361C	YPL031C
YGL122C	YOR060C
YIL119C	YNL107W
YHR079C	YNL155W
YCL027W	YPR008W
YDR486C	YFR014C
YGL096W	YJR022W
YJR076C	YNL088W
YDL006W	YNR019W
YBL050W	YER133W
YDL005C	YER022W
YDR356W	YPR141C
YBL072C	YHR169W
YLL039C	YLR327C
YKR081C	YLR449W
YBR136W	YNL312W
YBR112C	YFR004W
YGL061C	YIR010W
YDL040C	YPL198W
YJR001W	YLL039C
YNL007C	YNL124W
YML049C	YPR178W
YER125W	YLR206W
YBR044C	YKL141W
YCL010C	YML007W
YDR356W	YLR045C
YJL084C	YMR216C
YGL207W	YLR182W
YDR229W	YJR059W
YGR275W	YHL025W
YJL020C	YNR016C
YDR243C	YOR125C
YGR260W	YKL065C
YBL093C	YGL122C
YDL165W	YPR112C
YBL007C	YCL045C
YJL083W	YOR181W
YDL132W	YPL256C
YDL239C	YDR148C
YDL153C	YJL106W
YBL072C	YPL131W
YBR160W	YLR401C
YBR140C	YNL098C
YBL074C	YGR074W
YGL122C	YHR057C
YBR086C	YDR510W
YEL015W	YPL031C
YGR096W	YNL197C
YDR099W	YKL168C
YIL142W	YJL111W
YDR424C	YGL122C
YBR039W	YGR250C
YIL124W	YIR038C
YGL151W	YMR112C
YER012W	YHR134W
YLR233C	YNL132W
YBR212W	YDR099W
YDL070W	YDR477W
YDL186W	YNL307C
YAL051W	YGR092W
YGR232W	YIL075C
YGL048C	YNL250W
YIR010W	YPL004C
YDL015C	YJR117W
YLR026C	YLR250W
YIR010W	YOR290C
YBR140C	YJL005W
YNL186W	YPL150W
YGR092W	YKR080W
YBL003C	YDR510W
YML065W	YNL261W
YDR129C	YIL034C
YGL122C	YMR114C
YDL116W	YDL195W
YJR066W	YOL126C
YIL107C	YJL164C
YGL137W	YNL007C
YAL018C	YBR036C
YIL038C	YNR052C
YDR381W	YHR216W
YHR152W	YPR118W
YDR028C	YER027C
YNR017W	YPR024W
YDR293C	YGL059W
YLR274W	YMR192W
YGR092W	YLR438W
YJL112W	YKL189W
YJL034W	YML065W
YPL031C	YPL222W
YGL122C	YKR053C
YGL122C	YJR082C
YBR234C	YIL034C
YCR030C	YER020W
YHR170W	YPL220W
YGL180W	YKL093W
YGL061C	YKR037C
YFR034C	YLR362W
YBL007C	YLR248W
YLR268W	YNL237W
YFR024C-A	YGR268C
YIR010W	YKL054C
YBL076C	YLL039C
YHR140W	YPR192W
YLR096W	YLR345W
YER016W	YNL078W
YCL024W	YNL166C
YOR117W	YOR303W
YFL048C	YNL287W
YDR180W	YGL122C
YPL153C	YPR091C
YPL210C	YPL240C
YHR082C	YOL125W
YGL122C	YLR376C
YCL029C	YER016W
YDL040C	YFR004W
YOL082W	YPL031C
YGL158W	YOL125W
YDR328C	YFL009W
YGL190C	YKL129C
YDR224C	YNL312W
YHR170W	YJL090C
YER133W	YNR034W
YFR034C	YLR259C
YGR218W	YIL115C
YIR003W	YLR074C
YDL165W	YIL038C
YGL122C	YLR248W
YHR027C	YPL231W
YDL153C	YGL180W
YLL039C	YLR026C
YGL207W	YKL028W
YBR160W	YKL168C
YER173W	YLR413W
YFR034C	YKL204W
YIL106W	YMR276W
YGL141W	YHR200W
YFL007W	YHR064C
YDL105W	YDR288W
YHR164C	YNL312W
YGR103W	YPR143W
YBR298C	YGL122C
YDL025C	YDR477W
YFR017C	YJR059W
YFR004W	YNL250W
YDL029W	YIR006C
YGL004C	YHR200W
YJL167W	YPL031C
YHR132C	YLL039C
YDR073W	YPR034W
YLR406C	YML065W
YBL076C	YBR109C
YDL028C	YML087C
YDR496C	YGL173C
YBR078W	YKL203C
YIR010W	YML093W
YER162C	YLR167W
YGL122C	YJR001W
YGL122C	YLR304C
YIR038C	YJR010C-A
YBR060C	YFR028C
YBR136W	YCL061C
YGL151W	YNL025C
YDR146C	YFL009W
YAR027W	YJL093C
YDR284C	YEL013W
YDR275W	YER021W
YLR191W	YNR016C
YML064C	YPR182W
YDR069C	YEL041W
YFR014C	YNL186W
YGR112W	YNL052W
YGR284C	YPR156C
YCR067C	YNL197C
YJR059W	YMR099C
YBR175W	YJR009C
YKL101W	YLR113W
YFR050C	YOR362C
YBR231C	YJL081C
YGR104C	YPR086W
YER134C	YOR244W
YKL065C	YPL076W
YDR229W	YGR218W
YJL112W	YLL001W
YBR123C	YKL068W
YGL122C	YIL158W
YMR086W	YOR181W
YIL166C	YKL217W
YGL158W	YOR044W
YDL005C	YOL051W
YGL137W	YHR027C
YJL106W	YLR079W
YBL039C	YFR004W
YFR004W	YHR174W
YGR218W	YMR124W
YFR014C	YIL074C
YDR510W	YLR248W
YER009W	YPL031C
YGL134W	YJL137C
YBR109C	YJL187C
YDL006W	YNL307C
YHR027C	YOR168W
YLR447C	YOR181W
YGR209C	YKL069W
YDR127W	YKL029C
YGR255C	YLR201C
YFR004W	YNL069C
YNL064C	YPL106C
YBR193C	YHR058C
YDR027C	YJL029C
YDR119W	YLL039C
YAR007C	YBR245C
YGR130C	YGR192C
YDR022C	YGL180W
YHR090C	YPR023C
YGL122C	YJR131W
YEL009C	YHL025W
YAR007C	YBL002W
YBR160W	YLR303W
YHR027C	YLR027C
YJR076C	YPL031C
YJL164C	YKL193C
YGR060W	YGR284C
YHR027C	YHR104W
YCR091W	YPR119W
YJL008C	YJL159W
YLR096W	YLR191W
YDL155W	YNL161W
YGR104C	YPR052C
YBL039C	YDL191W
YKR048C	YPL141C
YGL207W	YNL162W
YNL056W	YNL099C
YER021W	YOR261C
YDR225W	YJL006C
YFR004W	YJR009C
YLL039C	YOR231W
YBR194W	YKL152C
YGL122C	YLL001W
YDR264C	YKL178C
YDL125C	YGL122C
YFR004W	YKR001C
YJR022W	YOR076C
YDR206W	YLR362W
YDL029W	YFR004W
YGR284C	YPL076W
YHR026W	YJR091C
YJL137C	YPR034W
YIL101C	YPL216W
YCR066W	YOR368W
YDR145W	YKR001C
YBR059C	YMR304W
YKL135C	YNL069C
YKL101W	YNL007C
YKL181W	YOR231W
YHR082C	YMR165C
YGL137W	YLL001W
YML093W	YNL189W
YGL122C	YKL057C
YAL034W-A	YPR046W
YBL072C	YGL122C
YLL039C	YMR192W
YBR160W	YHR158C
YER067W	YLL039C
YMR215W	YPL227C
YML065W	YPR110C
YDR204W	YOL096C
YFR004W	YJL034W
YDR243C	YDR260C
YGL179C	YLR350W
YNL124W	YPR110C
YDR022C	YGL122C
YLL039C	YOR080W
YGL122C	YGR247W
YBL023C	YLR274W
YIR006C	YOR329C
YBR194W	YOR136W
YER153C	YFR014C
YDR264C	YMR197C
YCR002C	YIR010W
YLL039C	YNL330C
YHR079C	YLR361C
YDR510W	YJL187C
YIL063C	YKR048C
YGL153W	YGL179C
YHR082C	YOR362C
YBR245C	YLR095C
YHR027C	YHR200W
YBR269C	YGL122C
YGR021W	YOR231W
YER164W	YKR081C
YBL067C	YFR004W
YBR069C	YFR024C-A
YDR510W	YGR192C
YOR117W	YPL231W
YJR059W	YJR130C
YCR030C	YFR024C-A
YGL122C	YOR152C
YDR510W	YPR143W
YCR027C	YOL083W
YDL210W	YML048W
YDL047W	YIL061C
YGL122C	YGR004W
YBR160W	YLR238W
YGL122C	YJR025C
YHR133C	YML048W
YBR211C	YDR254W
YLL039C	YML016C
YKL104C	YKL116C
YBR109C	YLL050C
YJR093C	YPR107C
YBR212W	YHR064C
YDL070W	YJL164C
YGL180W	YGL207W
YGL106W	YKR048C
YLL039C	YMR171C
YJR076C	YPL161C
YLR274W	YMR109W
YLR191W	YOL147C
YDR518W	YHR113W
YLL039C	YLR359W
YPL264C	YPR028W
YDR497C	YER125W
YDR224C	YML034W
YDL005C	YDR308C
YHR082C	YOR196C
YKL015W	YLL010C
YBL046W	YDR075W
YFR004W	YML106W
YBL002W	YLR133W
YPL106C	YPR045C
YGR204W	YKL210W
YDR288W	YNL124W
YER103W	YLL039C
YIL038C	YLR044C
YDR323C	YOR089C
YJL004C	YPL264C
YJL006C	YML112W
YGL122C	YOR317W
YKR065C	YLL039C
YBL039C	YDR260C
YCL009C	YGR092W
YFR014C	YKR094C
YHL030W	YOR261C
YKL103C	YLR450W
YIR010W	YJL173C
YGL147C	YPL198W
YJR001W	YKL116C
YFR004W	YKL104C
YBR114W	YGR003W
YCR079W	YGL070C
YLL039C	YPL131W
YJL164C	YLR150W
YGL035C	YOL051W
YNL025C	YPL031C
YDL233W	YJR112W
YBR238C	YDR510W
YFR004W	YHR190W
YDR169C	YGL180W
YDR443C	YHR058C
YFR034C	YGR148C
YIL062C	YNL138W
YKL048C	YML064C
YDL191W	YNL330C
YGL180W	YGL190C
YGL122C	YJL047C
YGL122C	YML106W
YDR225W	YPR034W
YBR160W	YMR165C
YHR174W	YLL039C
YKL193C	YLR430W
YDR130C	YNL069C
YDR132C	YNL161W
YJL164C	YOR070C
YER086W	YPL070W
YKL085W	YPL111W
YBR272C	YDR427W
YDR466W	YGR021W
YHR082C	YNL189W
YBR160W	YJL194W
YDR122W	YIL107C
YDL005C	YGL025C
YGL158W	YNL186W
YFR004W	YKL103C
YDR368W	YHR200W
YBR138C	YGR092W
YDR162C	YPL161C
YJL194W	YNL189W
YDR085C	YER133W
YBR039W	YGR104C
YNL156C	YNL197C
YGL122C	YIL062C
YDL215C	YLR027C
YHR118C	YML065W
YGL134W	YPL031C
YIL146C	YPR049C
YBL007C	YLR095C
YCR073C	YNL250W
YDR145W	YLR399C
YDL079C	YKL210W
YJR082C	YNL107W
YDR510W	YOL058W
YML028W	YOR117W
YDL212W	YHL048W
YGR092W	YLR303W
YBR109C	YBR130C
YEL053C	YPR051W
YDL105W	YPL146C
YDR129C	YHR200W
YIL075C	YMR216C
YBR194W	YDR289C
YDR161W	YHR174W
YHR152W	YML007W
YDR032C	YLR413W
YER162C	YJR052W
YLL039C	YOL117W
YKR055W	YOL128C
YKL130C	YML056C
YGR240C	YIL106W
YEL034W	YMR284W
YIL106W	YKL080W
YHL021C	YJR059W
YDR477W	YGR256W
YIL149C	YMR284W
YDL070W	YGR092W
YNL102W	YNR052C
YGL173C	YPR140W
YDR318W	YJR060W
YHR123W	YPL094C
YDR122W	YMR124W
YFR015C	YKR058W
YBR103W	YDR155C
YDR206W	YIL106W
YKL065C	YMR215W
YGL122C	YPR174C
YAL043C	YJR093C
YKR081C	YPL198W
YGL048C	YPL004C
YFL048C	YML012W
YKR048C	YNL162W
YJL164C	YMR210W
YGL180W	YKR094C
YJL111W	YMR028W
YBR107C	YHR113W
YBL002W	YHR118C
YDR174W	YIL013C
YBR105C	YLR259C
YMR124W	YPR119W
YDR316W	YJL187C
YML012W	YOR165W
YBL072C	YBR247C
YOL149W	YOR167C
YDR477W	YMR165C
YHR116W	YLR182W
YDR293C	YNL307C
YDR443C	YLL039C
YMR231W	YNL304W
YKL125W	YLL039C
YGL122C	YOL151W
YDL085W	YOR076C
YER052C	YFR034C
YLR449W	YPL146C
YDL002C	YGL133W
YGL122C	YML048W
YNL307C	YNR006W
YDR394W	YOR117W
YFR014C	YLL033W
YGL180W	YKL114C
YJL194W	YNL197C
YGL238W	YLL039C
YGR060W	YML048W
YBR234C	YIL062C
YGL120C	YNL248C
YJL164C	YKL064W
YBL039C	YIL075C
YBR136W	YJL090C
YDR356W	YIL149C
YBR052C	YER020W
YCL035C	YGL122C
YGL137W	YNL250W
YDL054C	YHR026W
YLR335W	YNL189W
YGL233W	YOR357C
YBL002W	YNL246W
YIR009W	YPR182W
YDR162C	YGL190C
YGL122C	YLR267W
YDR074W	YDR416W
YCR073W-A	YDR122W
YBL064C	YHR082C
YML065W	YNR016C
YBL050W	YOR075W
YCR098C	YHR110W
YDR129C	YIL062C
YGR103W	YNL175C
YDR280W	YDR381W
YJR082C	YOR244W
YGL158W	YJL081C
YLR319C	YLR362W
YBR034C	YIL061C
YER133W	YNL317W
YEL013W	YHR094C
YFR024C-A	YNR031C
YGL180W	YGR021W
YFR014C	YKL149C
YBR043C	YNL307C
YJL217W	YPR118W
YGL120C	YLR005W
YBR052C	YGL056C
YMR169C	YMR170C
YBL017C	YOR181W
YHR027C	YJR076C
YGL122C	YOR363C
YDR508C	YMR279C
YFR028C	YMR270C
YGL122C	YLR109W
YBL002W	YDR225W
YKR048C	YMR110C
YGR263C	YMR263W
YHR079C	YOR181W
YBR297W	YGL122C
YNL132W	YOR080W
YEL015W	YIL046W
YMR001C	YPL153C
YDL015C	YML048W
YGL122C	YPL154C
YGL054C	YLR026C
YJL074C	YPL240C
YKL125W	YNL248C
YBR234C	YPL004C
YJR117W	YNR019W
YNL261W	YPR162C
YCR075C	YFR014C
YIR010W	YJL176C
YMR186W	YPL240C
YGR052W	YHR082C
YHR152W	YLR109W
YGR060W	YMR202W
YJR059W	YKR041W
YBL003C	YBL046W
YER133W	YJR093C
YJL178C	YOR357C
YDL193W	YLL039C
YGL075C	YLR190W
YGL207W	YOR244W
YLR153C	YPR074C
YGL122C	YJL035C
YDL195W	YIL109C
YDR368W	YHR027C
YGL134W	YNL307C
YDL005C	YMR112C
YGL122C	YLR027C
YGL048C	YOR261C
YHR082C	YNL022C
YNL189W	YOL082W
YGL179C	YJR076C
YLL039C	YOR354C
YNL197C	YNL298W
YGL180W	YNL165W
YER094C	YOR362C
YBR107C	YDR421W
YBL003C	YOL059W
YDR346C	YPL031C
YAL062W	YLL039C
YDR259C	YNL307C
YFR004W	YNL007C
YDR328C	YLR167W
YDR510W	YMR241W
YBL041W	YGL122C
YBR052C	YML072C
YNL197C	YNL328C
YGR156W	YPL008W
YJR010C-A	YLR350W
YCL028W	YLL039C
YFR052W	YHR200W
YLR074C	YMR303C
YBR053C	YPL141C
YGL207W	YOL012C
YDR286C	YGL122C
YJL141C	YMR304W
YFL037W	YOL120C
YFR037C	YMR091C
YGL098W	YKL196C
YEL042W	YPL094C
YDR129C	YLL039C
YGL122C	YML016C
YJL164C	YLR345W
YDR099W	YER012W
YDR336W	YDR510W
YGL122C	YOR190W
YDL002C	YFR037C
YCL043C	YIR037W
YIL062C	YJL020C
YCL061C	YLL039C
YKL130C	YMR202W
YDL159W	YPL201C
YER103W	YJR132W
YDR477W	YLR150W
YJL164C	YMR304W
YDR353W	YFR004W
YDR416W	YML049C
YGL122C	YLR262C
YBR234C	YFR004W
YIL106W	YNL161W
YGL122C	YKL150W
YDR129C	YKL126W
YHR027C	YKL080W
YJL164C	YMR099C
YDR219C	YDR328C
YBL084C	YDR259C
YBL072C	YNL132W
YJL084C	YPL031C
YDR087C	YDR496C
YIR010W	YKL204W
YDR046C	YJR010C-A
YFR014C	YIR003W
YGL180W	YNR019W
YML048W	YPR198W
YGL104C	YJR117W
YGL116W	YPL203W
YDR381W	YGL252C
YDR179C	YMR025W
YBL072C	YGL120C
YDR293C	YJR059W
YBR245C	YDL002C
YGL122C	YMR223W
YDL036C	YHR200W
YDR439W	YFR028C
YDR477W	YFR034C
YEL034W	YNL248C
YAR027W	YDR406W
YER048C	YOR181W
YML048W	YPL264C
YHR154W	YKL152C
YBR069C	YNL064C
YJL187C	YOR023C
YNL137C	YNL306W
YLL039C	YLR001C
YDR129C	YKL203C
YAL062W	YAR071W
YHL030W	YJL001W
YCL035C	YPL240C
YBL064C	YFR014C
YGL180W	YLR350W
YDR073W	YOR290C
YHR096C	YML072C
YGL206C	YJR125C
YBR160W	YDL239C
YGR143W	YLL039C
YDR087C	YJL044C
YGL122C	YJL036W
YBR065C	YPL004C
YGR156W	YNL222W
YDR244W	YGL153W
YFR014C	YNL307C
YLL039C	YLR248W
YDR169C	YPL031C
YJL164C	YMR182C
YBR234C	YDR063W
YLR055C	YPL209C
YDL028C	YIR010W
YJR059W	YLR362W
YLR275W	YPR178W
YHR200W	YMR276W
YCR090C	YGL122C
YGR060W	YJL117W
YAL017W	YER054C
YDL006W	YFR014C
YNL137C	YOL027C
YIL122W	YNL197C
YER054C	YPR184W
YGL122C	YKL006C-A
YJL141C	YJR017C
YBR160W	YER111C
YLR436C	YMR304W
YJR142W	YPL141C
YDR169C	YGL179C
YDR505C	YLL039C
YBR126C	YMR139W
YOR127W	YPL256C
YBR109C	YDR356W
YMR001C	YPR007C
YKL080W	YLR447C
YFR004W	YLR270W
YFR004W	YPL106C
YDL116W	YKL068W
YDL047W	YFR021W
YGL122C	YGL189C
YAL035W	YIR010W
YGL073W	YOR290C
YER021W	YJL084C
YDR356W	YJL187C
YDR510W	YNL088W
YDR328C	YOR080W
YGL137W	YGR092W
YCR030C	YER166W
YJR010C-A	YLR150W
YLL039C	YMR027W
YKL203C	YPR149W
YBR130C	YPL031C
YDL089W	YML034W
YGL116W	YPL106C
YBR235W	YGR218W
YGL151W	YPL254W
YGR074W	YKL183W
YBR111C	YFR004W
YNL243W	YOR329C
YML065W	YNL071W
YHR094C	YNL197C
YCL024W	YMR139W
YER065C	YLR270W
YER012W	YGR193C
YJR059W	YMR291W
YGR247W	YOR327C
YDL079C	YGL122C
YDR510W	YGR256W
YDR294C	YLL039C
YER027C	YGL208W
YGL122C	YLR454W
YCL032W	YMR139W
YER133W	YKL018W
YDL159W	YIR010W
YJL141C	YLR241W
YDL031W	YGR103W
YEL012W	YMR291W
YDL048C	YMR186W
YJL052W	YLR135W
YGL233W	YPR055W
YDR194C	YGL122C
YOL051W	YOR290C
YDR477W	YLR182W
YGL180W	YKR098C
YJL084C	YJL164C
YJL159W	YLL039C
YMR028W	YPL152W
YGL122C	YLR038C
YCR002C	YNL298W
YDR540C	YGL180W
YBL007C	YPL141C
YHR064C	YLR262C
YIL109C	YMR124W
YHL004W	YNL306W
YDL065C	YJL006C
YBL003C	YGL252C
YGL122C	YPR052C
YIL143C	YMR105C
YCR002C	YDL225W
YBL034C	YNR003C
YNL069C	YPR041W
YDR074W	YHR027C
YGL237C	YLR191W
YDR145W	YDR448W
YDL100C	YGL122C
YHR024C	YNL242W
YNL102W	YPL106C
YHR082C	YPL094C
YGL078C	YLL039C
YDR320C	YPR045C
YBL084C	YKL028W
YPL014W	YPL256C
YOL012C	YPL240C
YHR168W	YPL106C
YGL122C	YPL141C
YAR033W	YGL122C
YFR004W	YLR259C
YBL022C	YGR132C
YCL009C	YGL122C
YDR073W	YHL025W
YGR047C	YGR218W
YBR194W	YIL022W
YEL015W	YMR109W
YGL106W	YJL187C
YBR057C	YNL197C
YML043C	YNL197C
YBR175W	YNL197C
YJR135C	YLR241W
YKL104C	YPL061W
YHR001W	YLL039C
YBR102C	YKL130C
YGL122C	YLR039C
YGL158W	YOR136W
YBL003C	YPR052C
YFR014C	YLR307W
YGL122C	YHL020C
YER086W	YJR009C
YGL122C	YLR247C
YMR216C	YPR042C
YGL122C	YIL118W
YBL076C	YDL100C
YDR330W	YNL307C
YDL103C	YDR288W
YHL030W	YOR117W
YLR059C	YPL031C
YDL230W	YJL187C
YGL098W	YNL258C
YIR010W	YKR001C
YIR010W	YOR375C
YBR085W	YLL039C
YGR192C	YMR109W
YDR155C	YLR299W
YGR179C	YJR135C
YGL137W	YIL143C
YHR170W	YLL039C
YFR004W	YOR117W
YML064C	YOR272W
YDR328C	YKL152C
YDL239C	YPL070W
YCL028W	YGR104C
YPL106C	YPR129W
YNL197C	YOL128C
YER107C	YNL189W
YBR130C	YIL138C
YCL032W	YLR362W
YGR284C	YJR010C-A
YDL175C	YNL189W
YDR328C	YKL081W
YJL052W	YML091C
YDR099W	YKL182W
YDR361C	YHR022C
YKL130C	YLR332W
YDR022C	YLR423C
YDR174W	YOL012C
YDR141C	YPL115C
YDL004W	YHR082C
YDR394W	YLR306W
YFR004W	YPR028W
YPL174C	YPL253C
YDL021W	YLL039C
YGL122C	YJL178C
YGL122C	YPL215W
YHR079C	YNR006W
YBR059C	YIR006C
YHL027W	YPL031C
YLR093C	YMR197C
YGR130C	YJL164C
YMR041C	YOL128C
YBR234C	YOR181W
YGL122C	YKL067W
YJL176C	YNL216W
YDR510W	YPL020C
YER125W	YOR042W
YGL122C	YHR152W
YGL122C	YJL052W
YBR156C	YPL209C
YDR174W	YML064C
YDR068W	YGL122C
YFL054C	YGL180W
YDL212W	YJR010C-A
YDL159W	YGR240C
YGL106W	YLR304C
YCR073C	YGL134W
YDR146C	YGR104C
YBL076C	YOR080W
YDL005C	YNL189W
YCL028W	YDL005C
YGL122C	YPR107C
YDR346C	YGL122C
YDR443C	YGL158W
YBL007C	YOR181W
YMR115W	YNL307C
YBR160W	YHR216W
YBR114W	YOL012C
YIR010W	YLR061W
YBL014C	YNL197C
YFR004W	YMR109W
YDR510W	YFR037C
YIL106W	YOL123W
YDL100C	YGL153W
YDR356W	YKR037C
YBR175W	YMR186W
YDL006W	YNL298W
YCL010C	YGL158W
YER020W	YLR413W
YER032W	YJL020C
YBR194W	YOR227W
YCR042C	YML098W
YPL070W	YPR119W
YFL048C	YKL065C
YDR510W	YNL189W
YBL084C	YMR001C
YDL106C	YDL191W
YBR069C	YKL065C
YFL054C	YFR014C
YJL187C	YLR096W
YAR007C	YDR499W
YDR085C	YPL242C
YDL070W	YHR082C
YBR052C	YDR032C
YLR067C	YPR129W
YDL137W	YIL051C
YJR066W	YMR028W
YNL189W	YOR076C
YGL122C	YOR087W
YEL015W	YNL307C
YER039C	YOR297C
YDR459C	YNL048W
YDR436W	YGL122C
YCL024W	YCR002C
YJL036W	YLR423C
YGL122C	YHR174W
YOL038W	YOR362C
YNL197C	YPL135W
YGL122C	YJL126W
YGL122C	YJR058C
YHR121W	YMR031C
YBL101C	YER125W
YBL003C	YNL246W
YDR477W	YOR198C
YGL070C	YGR104C
YBL002W	YKR001C
YER146W	YNL147W
YJL026W	YOR117W
YDR528W	YNL161W
YFR004W	YLR109W
YDR477W	YNL007C
YDR096W	YER032W
YLL039C	YLR389C
YKR056W	YKR072C
YGL122C	YNL015W
YGL173C	YKL198C
YDL195W	YJL034W
YBR058C	YMR304W
YGR240C	YLR212C
YOL012C	YOR189W
YBL015W	YOR023C
YBL031W	YGL061C
YDL119C	YGL122C
YER044C	YHR190W
YNR003C	YPR110C
YDR477W	YKL121W
YDR162C	YGL035C
YNL125C	YPL076W
YFR043C	YLR170C
YGL122C	YPL225W
YFR004W	YJL111W
YGL180W	YLL019C
YDR448W	YGL158W
YDR312W	YOR080W
YNL306W	YOL027C
YHL025W	YLR438W
YER021W	YOL038W
YKL029C	YPR054W
YDR323C	YHR082C
YIR011C	YPL240C
YBL007C	YCL008C
YLR275W	YML049C
YBR137W	YNL189W
YNL189W	YPL020C
YCL056C	YDL197C
YDL111C	YNL189W
YER125W	YPL209C
YJL117W	YKL065C
YER179W	YPR007C
YDR127W	YMR186W
YGL122C	YNR028W
YDL191W	YFR034C
YGR092W	YHL021C
YGR284C	YIL027C
YIL109C	YOL130W
YDR091C	YOR117W
YJR135C	YLR381W
YHR200W	YOR375C
YDR328C	YEL060C
YAR027W	YEL041W
YPL131W	YPL198W
YAR035W	YER024W
YBR234C	YDR129C
YLR362W	YNL113W
YGL122C	YKR068C
YIR037W	YML007W
YFL048C	YGR284C
YAL051W	YOR363C
YER178W	YNL071W
YBR157C	YGL059W
YBR175W	YJR094W-A
YDR510W	YGR061C
YDL087C	YIL061C
YAR027W	YJR044C
YDL181W	YGL122C
YJL047C	YLR150W
YHR082C	YMR021C
YGL122C	YKR092C
YBR279W	YLR113W
YJR132W	YLR335W
YBL023C	YDR122W
YHR005C	YJR086W
YDR394W	YGL137W
YGL122C	YPR015C
YNR007C	YOR244W
YHL030W	YJR077C
YFR014C	YKR074W
YIR010W	YML056C
YGL141W	YIL075C
YJL164C	YPL240C
YBR182C	YLR423C
YBL015W	YJR068W
YGL173C	YPR178W
YGL122C	YKL137W
YEL015W	YER035W
YDR068W	YGL059W
YER125W	YML098W
YEL020W-A	YGL122C
YGR223C	YPR054W
YGR092W	YPR091C
YJL008C	YPL240C
YDR131C	YDR328C
YJL187C	YLR055C
YIL061C	YML049C
YJR022W	YPR017C
YLR109W	YNL312W
YOR231W	YPL201C
YDR423C	YER133W
YER044C	YGL122C
YJL048C	YKL130C
YGL180W	YML007W
YBR036C	YHR110W
YBR160W	YOR178C
YFL009W	YJL194W
YHR027C	YLR421C
YJR059W	YPR091C
YBR167C	YGR030C
YLR096W	YMR124W
YGL122C	YOL070C
YLL010C	YLL039C
YDR381W	YJL006C
YLR332W	YML072C
YMR192W	YPL240C
YCL011C	YLL019C
YGL092W	YGR119C
YKR048C	YPR119W
YKL152C	YLR153C
YBR225W	YNL298W
YIL148W	YNL084C
YDR452W	YKR092C
YHR104W	YOL045W
YDR128W	YGL122C
YBR207W	YEL022W
YER012W	YIL075C
YGR200C	YLL039C
YJR066W	YKL203C
YJR045C	YNL310C
YBR058C	YCR073W-A
YGL122C	YJL161W
YDL132W	YOR057W
YDR159W	YKL068W
YDR334W	YNL107W
YCL024W	YKL101W
YNL197C	YPL039W
YGL122C	YJL093C
YCL008C	YPL065W
YAR027W	YNL125C
YDR194C	YGL035C
YNL197C	YOR316C
YBR112C	YHL020C
YGL014W	YLR435W
YJR033C	YOR332W
YMR263W	YNL330C
YHR186C	YOL126C
YJR052W	YLL039C
YBR194W	YPR024W
YGL122C	YLR044C
YGL233W	YPL240C
YPL069C	YPL240C
YDR171W	YFL037W
YDL132W	YOR080W
YBL084C	YIR025W
YDR293C	YJL153C
YGL253W	YLL039C
YDR293C	YGL173C
YBR130C	YOR181W
YDL103C	YGL122C
YPL004C	YPL074W
YDL113C	YGL223C
YGL122C	YHR035W
YFR034C	YPL122C
YEL053C	YOR032C
YDL028C	YHR209W
YLL050C	YML064C
YDR379W	YFR028C
YGL059W	YNL074C
YDR088C	YGR006W
YBL099W	YHR200W
YCL028W	YHR034C
YJL157C	YPL256C
YGL122C	YJL110C
YBR066C	YDR477W
YDR159W	YPL169C
YER016W	YLR388W
YBR173C	YER012W
YKL210W	YPR054W
YEL058W	YLL039C
YKL080W	YML064C
YLL039C	YPL122C
YDR381W	YML062C
YDR381W	YGL173C
YER152C	YGL122C
YGL013C	YMR297W
YLR449W	YML065W
YDR243C	YDR381W
YHL027W	YOR275C
YJL187C	YLR350W
YJR001W	YJR059W
YDR096W	YDR475C
YBL041W	YFL007W
YDR224C	YMR284W
YNL051W	YPL240C
YFL007W	YMR186W
YBL007C	YOR322C
YFR004W	YGR185C
YBR215W	YOR038C
YDR128W	YLR096W
YGR275W	YHR097C
YBR202W	YJL194W
YER164W	YKR001C
YDL029W	YGL122C
YLR079W	YNL180C
YDL015C	YKL182W
YDR099W	YNL293W
YFR004W	YIL074C
YBL003C	YGL122C
YGL122C	YIL010W
YFL037W	YOR117W
YGL153W	YNL329C
YJL034W	YKL073W
YDR394W	YMR001C
YBL003C	YJR082C
YNL189W	YPR119W
YBR036C	YJL196C
YMR139W	YNL078W
YGL256W	YHR082C
YIL139C	YPL167C
YDR118W	YGL122C
YER044C	YMR202W
YDL153C	YGR052W
YKL025C	YPL031C
YOR348C	YPL240C
YPL106C	YPR162C
YBR207W	YER166W
YHR133C	YJL117W
YGL180W	YPR115W
YGL122C	YGR237C
YJR006W	YNL218W
YGL237C	YPR085C
YJL164C	YNL196C
YGR162W	YPR041W
YDR357C	YLR423C
YBL003C	YLR095C
YMR186W	YNL051W
YER012W	YHR200W
YGL122C	YMR280C
YBR109C	YKL210W
YGL179C	YIR003W
YDR225W	YML112W
YKR001C	YNL330C
YGL120C	YLR449W
YKR081C	YPL141C
YEL066W	YNL189W
YIL075C	YPL031C
YBR160W	YNL197C
YER021W	YJR009C
YNL307C	YPL240C
YBR019C	YDL079C
YCL056C	YDL198C
YGR156W	YKL018W
YKL171W	YPL177C
YGL025C	YGR104C
YBL003C	YOR244W
YAL034W-A	YBR107C
YDR096W	YNL078W
YFR004W	YGR192C
YIR010W	YML007W
YBR036C	YML048W
YDR159W	YIL034C
YCR073W-A	YNL307C
YER133W	YGL256W
YDR069C	YLR073C
YCR073C	YDR007W
YJR062C	YKL085W
YGL122C	YLR406C
YDR070C	YJR059W
YDL029W	YDR260C
YIR010W	YPR034W
YDR140W	YGL122C
YBL039C	YDR394W
YDR510W	YOR191W
YGL122C	YLR089C
YMR313C	YPL031C
YBL072C	YHR027C
YIL004C	YOR327C
YKR048C	YPL031C
YIR010W	YNL330C
YGL001C	YLL039C
YBR109C	YLL040C
YER125W	YOR181W
YDR386W	YMR226C
YGL180W	YHL009C
YHR169W	YNL014W
YEL034W	YOL059W
YDR182W	YLL039C
YDR254W	YGR179C
YOR244W	YOR281C
YHR096C	YML048W
YGR232W	YLR389C
YJL164C	YLR244C
YHR200W	YOR332W
YGL014W	YJR010C-A
YBL095W	YPL209C
YER063W	YGL122C
YJR068W	YOL126C
YFR043C	YGL122C
YAR033W	YIL109C
YER094C	YLL039C
YCR093W	YGL137W
YGL207W	YOR123C
YDR259C	YJL106W
YDL047W	YJL111W
YDR006C	YOR117W
YDR145W	YPL254W
YDL185W	YLL040C
YMR112C	YOL051W
YCR093W	YIL038C
YGL056C	YPL031C
YOL149W	YPR129W
YML129C	YML132W
YBR160W	YKR095W
YBR058C	YGL106W
YFL037W	YJL159W
YCR106W	YJL006C
YDL047W	YDR477W
YDR280W	YOL142W
YDL214C	YKL080W
YML054C	YNR017W
YMR154C	YOR110W
YNL197C	YNL321W
YNL217W	YNL307C
YDL087C	YGR074W
YGR092W	YNL155W
YLL039C	YLR270W
YAR027W	YLR350W
YDR443C	YGL025C
YLL039C	YOR104W
YDL047W	YMR028W
YDL070W	YPL031C
YAL043C	YBL101C
YHR082C	YML062C
YJR118C	YOR054C
YDR510W	YOR038C
YLR332W	YMR109W
YGL122C	YLR182W
YLL039C	YOR089C
YHR064C	YOR080W
YDR377W	YGL122C
YGL122C	YNL275W
YDR398W	YNR016C
YGR148C	YIR010W
YBR156C	YKR037C
YIL107C	YJL187C
YGL122C	YNL107W
YNL248C	YPR052C
YGL059W	YGR008C
YGL122C	YOL130W
YKR055W	YPL161C
YDR041W	YHL004W
YGL122C	YPL113C
YAL043C	YGL122C
YGL209W	YJL187C
YDR043C	YHL027W
YDL207W	YPL169C
YGL122C	YLR149C
YGL104C	YPR028W
YDR224C	YJL081C
YGL122C	YKL168C
YJR066W	YOR181W
YBR160W	YDL025C
YHR026W	YKL065C
YDR510W	YOL051W
YBR160W	YOR315W
YDR480W	YNL189W
YJL164C	YLL040C
YLR350W	YOR054C
YJR068W	YNL014W
YDR481C	YNL197C
YKL028W	YOL051W
YBR160W	YLR319C
YGL122C	YGR156W
YNL307C	YOL130W
YDR127W	YFR024C-A
YCL056C	YGL122C
YHR027C	YJR077C
YGL116W	YPR007C
YBL093C	YMR112C
YDR013W	YHR118C
YGL059W	YGR038W
YKL059C	YKR002W
YGL122C	YIR036C
YJR017C	YLR438W
YFR028C	YKL203C
YFL037W	YNL223W
YDL103C	YPL031C
YDR481C	YJR066W
YDL161W	YOR127W
YDR155C	YJL020C
YFR028C	YLR079W
YOR141C	YOR189W
YFR028C	YOR275C
YJR141W	YLR447C
YHR082C	YMR143W
YBL005W	YPL240C
YOR117W	YOR244W
YBR298C	YDL212W
YEL034W	YHR200W
YGR232W	YHL030W
YML001W	YOR070C
YEL017W	YPL031C
YKL210W	YLL039C
YBR095C	YPL149W
YBR194W	YKL060C
YAR007C	YDL029W
YML065W	YPR052C
YLR211C	YLR446W
YML016C	YOR054C
YGL122C	YGL134W
YBR160W	YOR372C
YOR057W	YPL191C
YCR073C	YNR031C
YBR044C	YJR022W
YDR510W	YJL176C
YIR005W	YMR105C
YIL061C	YLR275W
YBR088C	YGL087C
YKR104W	YOL143C
YNL293W	YOR089C
YOR347C	YPL240C
YGR060W	YKL065C
YER012W	YMR276W
YLR303W	YOL128C
YML083C	YOR233W
YBL003C	YDR496C
YDR477W	YER027C
YBL007C	YDR423C
YDR105C	YGL122C
YBR148W	YHR121W
YCL033C	YOL082W
YDR046C	YGR060W
YBR160W	YMR241W
YGR233C	YPR049C
YCL024W	YLL039C
YBR109C	YLR212C
YBL023C	YNL307C
YFR004W	YGR232W
YKR048C	YNL078W
YNR023W	YOR290C
YGL059W	YIL107C
YGL180W	YNL125C
YDR466W	YMR109W
YGL122C	YOR374W
YHR079C	YPR091C
YHR157W	YOR231W
YDR381W	YLR085C
YGL122C	YJL074C
YHR140W	YPL264C
YOR273C	YPL004C
YER125W	YLR392C
YGL137W	YNL181W
YDL175C	YMR303C
YDR032C	YGR130C
YHR064C	YPL110C
YGL055W	YPL240C
YJL141C	YPR184W
YHL048W	YPR192W
YFR052W	YMR276W
YJL036W	YOR057W
YDR208W	YGL180W
YBR059C	YGL207W
YER125W	YMR182C
YLL039C	YNL132W
YER166W	YGR241C
YHR027C	YNL069C
YJL187C	YKL121W
YER026C	YGR060W
YLL039C	YMR276W
YFR004W	YPL031C
YDR510W	YLR044C
YIL004C	YNL287W
YDL165W	YNL025C
YHL020C	YKL065C
YGL122C	YNL045W
YKR081C	YOR267C
YJL164C	YKL116C
YGL092W	YKL057C
YHR022C	YOR032C
YGL059W	YKR048C
YDR510W	YMR233W
YGL122C	YNL042W
YDL025C	YGL180W
YDL111C	YNL197C
YGR130C	YJL106W
YDR443C	YER022W
YMR032W	YNL152W
YNL246W	YOR244W
YBL076C	YDR510W
YJR066W	YML052W
YHR200W	YOR117W
YIL107C	YML065W
YFR004W	YPL111W
YKR068C	YLR328W
YDL070W	YGL179C
YLR089C	YLR423C
YBR069C	YML048W
YDL173W	YNL183C
YDL155W	YER107C
YDL065C	YDR244W
YGL122C	YHR018C
YHR154W	YNL155W
YCR093W	YOR110W
YGL203C	YOR357C
YBR109C	YKL122C
YDR381W	YPL227C
YCL011C	YIR010W
YBR160W	YPL115C
YBR207W	YOR316C
YDR002W	YFR004W
YJL001W	YPR054W
YDL186W	YPL031C
YHR113W	YPL201C
YGL122C	YGR218W
YMR186W	YOL029C
YHR200W	YJL167W
YBR160W	YMR001C
YGL122C	YHL009C
YGL122C	YOL123W
YAL018C	YMR001C
YDR410C	YJL117W
YDL225W	YDR148C
YGL122C	YPR140W
YNL069C	YOR117W
YDR174W	YML065W
YMR109W	YNR016C
YDR386W	YLL039C
YIL010W	YPL031C
YHR154W	YOL039W
YHR161C	YIL122W
YBR136W	YOR181W
YJL020C	YLR332W
YDR346C	YOR039W
YDR425W	YGL198W
YDL025C	YPL240C
YDR378C	YLR275W
YML015C	YML098W
YLL039C	YMR303C
YBR207W	YJL178C
YGL122C	YNR059W
YBR036C	YGR284C
YLL011W	YMR093W
YLR335W	YOR181W
YCR093W	YNL091W
YCL027W	YPL038W
YBR060C	YNL261W
YGL122C	YJL166W
YER012W	YER021W
YDR002W	YOR233W
YGR218W	YML007W
YIL077C	YJL187C
YFR004W	YML028W
YKL028W	YLR150W
YDR510W	YLR263W
YGR218W	YJR077C
YHR082C	YKL168C
YGR240C	YMR223W
YDR138W	YER125W
YHR079C	YNL192W
YGL054C	YIL140W
YFR050C	YHR200W
YDR477W	YNL186W
YBL046W	YDR224C
YKL079W	YPL203W
YDR381W	YGL237C
YER094C	YJL001W
YGL023C	YPL031C
YDR392W	YPL001W
YHR200W	YPL231W
YBR111C	YPL070W
YDL020C	YDR394W
YJL164C	YLR133W
YNL124W	YPL240C
YML091C	YML111W
YBL101C	YJL203W
YDR293C	YGL122C
YIL062C	YMR109W
YER125W	YJR059W
YER111C	YPL153C
YBR071W	YLL039C
YGR162W	YJR076C
YDR361C	YLL039C
YFR004W	YLR351C
YGL122C	YPL076W
YGL120C	YMR143W
YDR194C	YIR010W
YDR308C	YHR058C
YKL171W	YNL022C
YIR010W	YKR037C
YIR010W	YNR016C
YNL074C	YNL307C
YDR204W	YLR201C
YDR174W	YGL035C
YHR200W	YOL058W
YBR247C	YHR082C
YOR290C	YPR034W
YBL095W	YJL187C
YJL166W	YML129C
YBL007C	YKR095W
YBL007C	YGL237C
YGL122C	YKL114C
YGL122C	YOR238W
YDL087C	YGL238W
YFR004W	YNL108C
YHR090C	YLR150W
YFR028C	YPL209C
YIL142W	YLL011W
YDL040C	YOR261C
YKR031C	YPL027W
YDR131C	YPL240C
YGL014W	YJL164C
YLR423C	YPR049C
YDL214C	YHR121W
YLR354C	YOR117W
YEL009C	YER022W
YGR260W	YMR257C
YDL065C	YGR052W
YGL190C	YJL111W
YBR156C	YDR510W
YLR212C	YPR141C
YLR191W	YOR181W
YIL075C	YLR421C
YGL066W	YPL254W
YJR059W	YNL293W
YGL151W	YML007W
YGR287C	YLR096W
YGL055W	YGL122C
YGL122C	YLR068W
YPR049C	YPR110C
YGR009C	YLR096W
YNL078W	YOL070C
YJR059W	YNL125C
YGR063C	YGR116W
YOL058W	YOR117W
YGR092W	YKL168C
YGL223C	YNL051W
YKR081C	YPL131W
YCL024W	YLR055C
YGL122C	YLR206W
YGL122C	YLR290C
YGL122C	YKR017C
YDR127W	YDR427W
YKR001C	YMR091C
YMR067C	YPL216W
YAL017W	YLR150W
YDR229W	YJL164C
YDL040C	YOR253W
YDR328C	YLL050C
YHR098C	YLR026C
YGL122C	YNL177C
YBR160W	YMR155W
YGL180W	YNL293W
YBL084C	YLR135W
YDR510W	YEL007W
YBR160W	YDL225W
YJR013W	YPL094C
YKL203C	YNL138W
YBR202W	YIL046W
YPL076W	YPR028W
YMR171C	YPL031C
YFR014C	YML030W
YDR057W	YLL039C
YBR234C	YKL129C
YLL011W	YNL132W
YDR132C	YHL009C
YFR034C	YPR132W
YKL103C	YNL189W
YJR093C	YML028W
YGL147C	YHR027C
YDR225W	YLR247C
YLR268W	YPL094C
YDR122W	YER167W
YBL003C	YNL132W
YIR024C	YNL248C
YDL179W	YKR048C
YCR011C	YGL098W
YEL061C	YER042W
YGL122C	YKL219W
YGR103W	YKR081C
YPR178W	YPR182W
YDL045C	YGL122C
YFL009W	YPL256C
YNL189W	YPR193C
YFR028C	YJR033C
YGR271W	YPL220W
YDR288W	YGL122C
YMR215W	YNL197C
YDR032C	YFR004W
YCL033C	YGL122C
YDL116W	YNL189W
YDL047W	YJL026W
YKL060C	YML065W
YMR291W	YPL141C
YDR168W	YPL240C
YHR190W	YLR100W
YEL015W	YOL149W
YDR322W	YOL027C
YJL164C	YKL093W
YFR037C	YGL207W
YLL039C	YPL183C
YBR247C	YHR169W
YGR192C	YHR027C
YBL007C	YMR253C
YJL117W	YLL039C
YIL061C	YML029W
YLL039C	YML106W
YGR092W	YML064C
YDR130C	YFR024C-A
YJR075W	YPL031C
YGR156W	YNL317W
YGR284C	YPL264C
YCL018W	YJL074C
YBL039C	YPL031C
YGR161C	YLL039C
YBL007C	YGR240C
YGL180W	YMR165C
YGL253W	YHR200W
YGL122C	YJL081C
YDR532C	YLR031W
YJL164C	YKL121W
YFR043C	YLR248W
YGL122C	YPR133W-A
YAR027W	YPL094C
YDL070W	YJL187C
YNL197C	YPR083W
YKR001C	YPR034W
YER133W	YOR329C
YGL122C	YKL196C
YCR093W	YDR252W
YAL010C	YFL048C
YBL058W	YLL039C
YFR004W	YPR110C
YDR174W	YML012W
YDL109C	YNL197C
YLR072W	YOR141C
YJL164C	YOR198C
YBR272C	YOR117W
YDL029W	YHR027C
YJL187C	YOR101W
YFR024C-A	YHL004W
YBR107C	YGR052W
YER153C	YJR059W
YFR028C	YLR096W
YOR244W	YPL106C
YJL194W	YML065W
YDR380W	YIL027C
YER173W	YJR068W
YBL046W	YDR293C
YGL122C	YJR036C
YKL029C	YNR016C
YER020W	YGR130C
YBR035C	YFR004W
YER021W	YIL075C
YLR080W	YNL287W
YDR087C	YLR032W
YHR118C	YPL001W
YDR224C	YGL207W
YKR002W	YPL031C
YNL117W	YOL045W
YDL031W	YIR010W
YDR293C	YDR477W
YKR081C	YML065W
YER022W	YHR058C
YBR114W	YMR226C
YGR295C	YLR237W
YGL122C	YOR064C
YBR160W	YGR014W
YER103W	YOR039W
YBR136W	YKL085W
YDR168W	YFR004W
YBR247C	YOR080W
YJL012C	YML048W
YKL081W	YLR096W
YGL122C	YMR174C
YER088C	YJL164C
YDR159W	YGR119C
YCR076C	YER094C
YDR169C	YPL203W
YNL069C	YNL124W
YBR207W	YEL013W
YGL122C	YLR031W
YJR017C	YNL330C
YBL064C	YNR031C
YHR200W	YOR168W
YBL055C	YDR477W
YLR113W	YNL330C
YKL064W	YPL153C
YER010C	YJR059W
YJL176C	YPR052C
YLR381W	YPR046W
YER021W	YOR127W
YFR024C-A	YLR422W
YIR010W	YMR093W
YNL041C	YNL051W
YER146W	YLR275W
YGL122C	YGR141W
YHR121W	YMR093W
YDL031W	YNL175C
YGL122C	YNL217W
YDR031W	YGL122C
YCL024W	YDR162C
YKL129C	YMR032W
YML064C	YMR226C
YBR162C	YOR233W
YIL038C	YPL231W
YBL039C	YLL039C
YGR284C	YMR292W
YDL031W	YLR449W
YDR510W	YLL019C
YDL207W	YPL020C
YAL042W	YIR010W
YMR160W	YMR304W
YDL161W	YPL115C
YDL002C	YGL122C
YDR087C	YLL039C
YFL054C	YPL031C
YCR073W-A	YNR034W
YFL013C	YIR010W
YKL101W	YOL125W
YIL010W	YPL209C
YER078C	YGL059W
YDR168W	YFL029C
YBL055C	YBR059C
YGL001C	YGL122C
YBR202W	YLL039C
YKL048C	YML062C
YDR224C	YOR244W
YDR394W	YFR052W
YGL055W	YML016C
YGL003C	YIL142W
YJL164C	YLR319C
YBR171W	YLR026C
YJR059W	YLR319C
YJR044C	YLR096W
YDR510W	YKR062W
YDR270W	YGL122C
YGL059W	YMR086W
YGL122C	YPR109W
YKL085W	YLR074C
YFR004W	YOR374W
YBR088C	YLL002W
YNL298W	YPR115W
YFR004W	YKL152C
YHR216W	YOR250C
YLR005W	YOL051W
YGL122C	YOR265W
YIL022W	YIR010W
YFL037W	YPR141C
YDL024C	YGL122C
YGL049C	YMR139W
YDL100C	YLR268W
YGL025C	YOL130W
YGL137W	YIL142W
YHR027C	YHR174W
YBR264C	YLL039C
YDR495C	YML001W
YHL048W	YJL196C
YJL178C	YLR026C
YOR042W	YOR181W
YBR088C	YCR066W
YIL109C	YLR245C
YLL039C	YOR322C
YDR171W	YOL083W
YKL167C	YLR312W-A
YGR156W	YPR107C
YGL049C	YLL039C
YDL113C	YHR082C
YDL173W	YHR082C
YDR260C	YML072C
YHR079C	YNL074C
YCL024W	YGR021W
YEL015W	YOR167C
YBR036C	YMR306W
YJR102C	YPL065W
YHL025W	YIR010W
YLR009W	YLR074C
YER133W	YOR272W
YBL034C	YGL122C
YDR328C	YOR244W
YGL122C	YOR228C
YGR103W	YPL131W
YDL132W	YIL046W
YPL209C	YPR115W
YDR105C	YJL178C
YJR059W	YNL074C
YKR081C	YOR272W
YGR008C	YJL164C
YKR046C	YLL039C
YFL048C	YGL122C
YGL180W	YPL100W
YBL041W	YFR050C
YBR112C	YDL005C
YFR024C-A	YOR039W
YGL122C	YNL115C
YGL179C	YJL084C
YJL074C	YPR007C
YLR131C	YNL161W
YEL009C	YPR034W
YDR020C	YPR141C
YGR071C	YPL128C
YDR099W	YGL035C
YFR014C	YLL043W
YGL156W	YLL039C
YJL141C	YNR052C
YGL059W	YLR319C
YGL122C	YOR285W
YLR131C	YNL307C
YBR126C	YGR092W
YGR103W	YNL189W
YFR014C	YIL107C
YDL022W	YDR510W
YGL122C	YPL257W
YLR399C	YOL012C
YJL157C	YJR086W
YPR054W	YPR191W
YDL092W	YGL122C
YJR117W	YPL076W
YGL059W	YJL164C
YBR059C	YDR229W
YDL100C	YHR200W
YOR327C	YPL270W
YMR186W	YNL041C
YDR365C	YKL015W
YDR510W	YMR215W
YHL004W	YPR166C
YDR091C	YHR195W
YDR127W	YGL048C
YJR092W	YLL039C
YKL064W	YLL039C
YKL129C	YOR181W
YGL006W	YJL154C
YLL039C	YNL321W
YBR160W	YER075C
YLL039C	YOR368W
YBL003C	YGR275W
YDL164C	YEL030W
YNL232W	YOR076C
YGR014W	YJL013C
YDR513W	YLL039C
YGL122C	YJL055W
YCR007C	YPL020C
YBR215W	YDR381W
YBL013W	YBR160W
YAL056W	YPL203W
YGL190C	YNL222W
YLL039C	YMR197C
YDR099W	YOR244W
YEL034W	YHR027C
YEL022W	YJR077C
YKL068W	YPR119W
YEL017C-A	YPL227C
YDL132W	YMR094W
YLR153C	YLR259C
YGR130C	YMR031C
YLL039C	YNR007C
YIR010W	YOR127W
YDR328C	YIL071C
YFR024C-A	YGR241C
YHL004W	YLR423C
YDL090C	YKL152C
YGL122C	YIL117C
YDR027C	YFR024C-A
YAL035W	YGL158W
YOR193W	YPL112C
YLR457C	YPL255W
YGR233C	YLL050C
YDR381W	YGL049C
YKL152C	YML028W
YJR076C	YJR092W
YGR184C	YOL038W
YHR064C	YKL116C
YDR132C	YPL031C
YBL051C	YPL153C
YDR443C	YMR112C
YBR186W	YDL092W
YDR334W	YDR510W
YGL104C	YIR038C
YDR330W	YGL122C
YKL058W	YOL051W
YBR298C	YKL065C
YDR280W	YNR024W
YBR272C	YPL001W
YBL039C	YLR027C
YIL143C	YIR009W
YGL025C	YPR052C
YIR038C	YJR073C
YDL075W	YGL122C
YKL068W	YPL125W
YDR087C	YMR138W
YGR179C	YLR381W
YDR512C	YGL122C
YDL214C	YIL107C
YLR096W	YOL083W
YGR275W	YKL101W
YBL002W	YDR224C
YLL013C	YML091C
YFL038C	YKR068C
YGL066W	YMR223W
YLR265C	YOR244W
YBR214W	YLR079W
YGR184C	YLL039C
YCL052C	YJR010C-A
YJL203W	YPR082C
YJL034W	YJR009C
YDR087C	YOR272W
YGL207W	YNL088W
YHR064C	YMR186W
YHR166C	YIR025W
YPL240C	YPR003C
YGL122C	YKL028W
YHR082C	YNL186W
YDR448W	YML015C
YDR466W	YGR078C
YLR102C	YMR001C
YBR103W	YML109W
YJL001W	YOR362C
YIR010W	YJL081C
YFR014C	YLR274W
YBR109C	YOR358W
YDR312W	YJL187C
YHR027C	YLR447C
YDR378C	YGL251C
YDL210W	YKL065C
YDR359C	YJR082C
YDR171W	YJR148W
YFR014C	YKL064W
YAR007C	YNL124W
YJL187C	YPR024W
YCL010C	YDR145W
YBL084C	YLR102C
YMR025W	YOL117W
YKL006C-A	YMR215W
YER125W	YKL150W
YDR002W	YNL307C
YHR082C	YMR281W
YPL222W	YPL254W
YCL010C	YLR055C
YHR200W	YKR001C
YJR077C	YPR184W
YHR090C	YJR082C
YHL009C	YPL031C
YDR477W	YNL183C
YBL017C	YJR066W
YJL106W	YPR115W
YPL128C	YPL153C
YFL037W	YFR034C
YAL054C	YAR035W
YFR004W	YPL240C
YDL165W	YML098W
YDR130C	YIR010W
YBL005W	YGL122C
YDR145W	YIR010W
YDL075W	YIR010W
YDR383C	YNL189W
YDL065C	YLR324W
YHR200W	YKL060C
YJR006W	YOR080W
YGR218W	YJR061W
YFR014C	YGR130C
YDL132W	YDL155W
YBR160W	YDR439W
YGR209C	YHR200W
YGL122C	YMR164C
YDL132W	YFL009W
YGL122C	YPL231W
YDL015C	YGR284C
YHR121W	YJL051W
YML001W	YPL240C
YDR145W	YPR086W
YNL307C	YOL125W
YJR009C	YML053C
YCR076C	YGL137W
YGL122C	YLR227C
YHR048W	YNL192W
YBR114W	YGR193C
YBL017C	YLL039C
YBR103W	YHL004W
YHR027C	YKL182W
YGL060W	YML007W
YHR082C	YNL217W
YDR510W	YLR335W
YJL036W	YNL041C
YKR081C	YPR045C
YJL112W	YKL068W
YDR069C	YKL028W
YGR052W	YHR186C
YGL179C	YGR038W
YCR042C	YOL051W
YDR313C	YGL122C
YCL028W	YDR308C
YGR065C	YML072C
YDL207W	YHR174W
YJL167W	YJR059W
YFR024C-A	YGR240C
YOL132W	YOR099W
YFL007W	YGL048C
YBR107C	YBR211C
YBR223C	YDR510W
YGL122C	YGL179C
YDL015C	YDL206W
YDL070W	YNL298W
YJR022W	YKR104W
YDR229W	YJR068W
YDR075W	YIL142W
YDR356W	YFL037W
YDL025C	YMR216C
YGL001C	YLR100W
YLL039C	YPL240C
YIL155C	YLL039C
YLL039C	YPR074C
YBR083W	YFL009W
YDR174W	YIL036W
YDR264C	YGL122C
YGL180W	YMR173W
YGL158W	YPL254W
YGL122C	YIL109C
YLL039C	YLR059C
YDR308C	YGL158W
YLL039C	YNL045W
YGL237C	YLR114C
YKR097W	YLL039C
YGL122C	YKR057W
YGL122C	YJL163C
YJR059W	YKL116C
YER012W	YER094C
YEL013W	YHR195W
YBR060C	YKR101W
YDR118W	YLR401C
YBL102W	YJL178C
YFR004W	YGR240C
YDL137W	YPR110C
YBL102W	YMR292W
YLL039C	YPL134C
YDR318W	YJR135C
YJL141C	YLL001W
YGR092W	YPL150W
YDR510W	YOR189W
YDR145W	YML015C
YDL153C	YKL035W
YBL041W	YDL020C
YMR091C	YNL041C
YDR357C	YPR182W
YDR248C	YDR304C
YMR303C	YPR110C
YJL164C	YLR275W
YKL059C	YPL008W
YFR037C	YMR186W
YBL093C	YDR443C
YBL031W	YDR318W
YJL001W	YOL038W
YFR004W	YNL183C
YDR145W	YER164W
YGR130C	YPL031C
YIL106W	YPR111W
YAR007C	YNL088W
YDR510W	YJR076C
YJL051W	YMR001C
YGL122C	YPL156C
YIL071C	YOL117W
YCL027W	YKR101W
YGL122C	YGR100W
YBR156C	YJL173C
YGR162W	YIR010W
YBL002W	YLL039C
YGL066W	YML015C
YGL066W	YLR055C
YDL153C	YIR010W
YBL099W	YDR322C-A
YFR014C	YJL189W
YFL026W	YOR212W
YMR304W	YOR244W
YGL133W	YIR010W
YHR200W	YLR027C
YGL122C	YGR029W
YDR316W	YFL053W
YDL226C	YJL036W
YNL147W	YPR082C
YCR042C	YML015C
YKL101W	YKL152C
YDR006C	YHR200W
YBR160W	YDL070W
YIL106W	YKL101W
YKL007W	YOR181W
YBR156C	YFR028C
YER044C	YGR060W
YBL102W	YHR027C
YGL180W	YJR044C
YIL109C	YLR268W
YHR104W	YLL039C
YDR099W	YGL059W
YDR159W	YKR095W
YJL117W	YOR099W
YJL164C	YOL130W
YNL197C	YNL305C
YDR075W	YGR192C
YLL039C	YNL224C
YGR184C	YNL307C
YBR272C	YDR394W
YFL037W	YMR304W
YDR451C	YNL197C
YDL195W	YHR200W
YNL025C	YPL248C
YGL158W	YOR362C
YGL122C	YJR086W
YFR021W	YLR191W
YDL100C	YHL004W
YGL156W	YOL083W
YHR033W	YML064C
YDL029W	YDL225W
YDL239C	YLR072W
YHL004W	YNL137C
YDR171W	YGL106W
YEL009C	YOR290C
YDR406W	YGL122C
YGL053W	YPR174C
YFR028C	YNL250W
YGR223C	YPL028W
YGR119C	YKL057C
YDR155C	YOL068C
YFR014C	YOR123C
YFR028C	YLR131C
YGL207W	YJL106W
YBR059C	YDR312W
YLR275W	YNL147W
YDR318W	YDR510W
YDR118W	YLR102C
YJL035C	YLR275W
YGR130C	YOL120C
YGL053W	YPL020C
YDL115C	YGL122C
YER065C	YJR066W
YGL180W	YOR141C
YHR174W	YPL031C
YNL180C	YNL183C
YDR460W	YPL122C
YLL039C	YOR142W
YML106W	YOR117W
YBR069C	YGR284C
YGL122C	YIL087C
YBL051C	YKR096W
YGL059W	YKL064W
YKL092C	YPL256C
YDR076W	YHR033W
YDL138W	YHR154W
YKR018C	YPL031C
YDR129C	YFR004W
YDL028C	YGL106W
YBL007C	YJL004C
YNL166C	YOR244W
YHR027C	YNL064C
YJL005W	YOR057W
YCL045C	YLR312C
YGR162W	YHR200W
YDR264C	YIL048W
YLL032C	YLR191W
YHR204W	YNL312W
YMR167W	YPL164C
YDR263C	YGL122C
YBL007C	YCL034W
YBL003C	YJL006C
YAL017W	YDR454C
YGL113W	YJL090C
YGL122C	YMR061W
YCR002C	YNL166C
YGL153W	YKL197C
YDR448W	YOR023C
YBR231C	YJL187C
YBL002W	YML034W
YNL313C	YOR117W
YFR029W	YJL187C
YDL075W	YLR074C
YER125W	YLR079W
YOL107W	YPL141C
YGL122C	YMR181C
YBR069C	YDR427W
YGL233W	YNR049C
YDR206W	YOL149W
YHR098C	YIL109C
YNL042W	YNL197C
YFL026W	YHR005C
YKL210W	YML112W
YDL132W	YFR028C
YGL158W	YML042W
YKL101W	YPL203W
YJL178C	YOL129W
YIL075C	YOR117W
YGR100W	YJL187C
YHR046C	YLL039C
YIL038C	YPL203W
YHR147C	YNL252C
YDR502C	YHR027C
YNL197C	YPL006W
YJL157C	YNL189W
YDL132W	YER007W
YDR130C	YGR162W
YGL180W	YPR049C
YFL026W	YKL203C
YDR225W	YNL246W
YBR248C	YFR004W
YDR225W	YOL012C
YAR007C	YOL012C
YDR514C	YOL012C
YBL087C	YOR117W
YDR318W	YGL093W
YCL061C	YOR080W
YJR077C	YKL182W
YCL010C	YER164W
YGL049C	YIR001C
YLR017W	YPR017C
YCL008C	YDR069C
YBR137W	YGL122C
YLL019C	YLR438W
YGR218W	YNL189W
YFR004W	YKR046C
YKL074C	YMR216C
YLL039C	YOR316C
YFR028C	YLR128W
YDL078C	YDR304C
YDR466W	YKL181W
YFL037W	YGL001C
YLL039C	YLR149C
YKR062W	YPR052C
YHR027C	YJR009C
YCR030C	YDR032C
YER012W	YLR290C
YHR027C	YOL058W
YHR181W	YNL197C
YBL007C	YLR435W
YDR039C	YKL203C
YKL006C-A	YKL196C
YGL059W	YKL079W
YJL187C	YMR001C
YNL197C	YOR372C
YDR145W	YJL187C
YLL039C	YPL210C
YBR223C	YGL122C
YBR234C	YGL122C
YDL054C	YOR315W
YBR069C	YHR064C
YBR088C	YLR032W
YDR057W	YFL048C
YKL181W	YNL183C
YDL090C	YKR048C
YHR082C	YNR006W
YIR005W	YML049C
YCR106W	YPL240C
YKL048C	YOR233W
YKL196C	YLR150W
YGL122C	YMR099C
YCL028W	YDR128W
YGL122C	YMR171C
YHR133C	YPR028W
YFR024C-A	YPR097W
YER038C	YHR154W
YCL008C	YLL039C
YKL152C	YNL127W
YDR381W	YHR090C
YER002W	YGL237C
YHR096C	YPL240C
YBL007C	YPL157W
YHR157W	YLR329W
YDL091C	YLL039C
YGL122C	YOR019W
YFR004W	YLL013C
YLR212C	YNL153C
YMR297W	YPL031C
YGR256W	YLL039C
YDR039C	YLR332W
YNL124W	YPL131W
YBR211C	YDR394W
YFL013C	YOR189W
YJL107C	YJR091C
YDR365C	YKR081C
YDL065C	YPL203W
YOR358W	YPL248C
YKL101W	YNL132W
YIR037W	YLR345W
YGR006W	YPR046W
YGL153W	YOL105C
YBR107C	YPR049C
YER052C	YHR027C
YKR092C	YOL012C
YKR094C	YPL031C
YMR280C	YNL307C
YBL003C	YOR272W
YDR316W	YGL122C
YDR129C	YGL092W
YBL047C	YLL039C
YLL039C	YOL120C
YJR094W-A	YPL031C
YER052C	YHR200W
YGL122C	YKL129C
YDL013W	YGL180W
YLR133W	YMR139W
YDR312W	YDR477W
YGR162W	YHR064C
YGL122C	YLL057C
YDL022W	YOR117W
YDR063W	YDR124W
YGR268C	YLL039C
YGL122C	YGR130C
YBL003C	YDR381W
YDR439W	YJL164C
YDL013W	YHR156C
YDR409W	YGR126W
YDL075W	YDL195W
YDL185W	YNL313C
YBR107C	YGR161C
YIR010W	YJR060W
YDR427W	YMR276W
YGL122C	YHR100C
YJR022W	YNL329C
YJL084C	YMR139W
YGL222C	YOL149W
YGR074W	YPR082C
YCL008C	YFR024C-A
YBL056W	YFR004W
YDR330W	YGR268C
YKL116C	YPL031C
YLR096W	YNL186W
YDL132W	YEL060C
YNR049C	YPL232W
YBR123C	YOR110W
YKL068W	YPL169C
YLL039C	YLR237W
YER098W	YHR082C
YGL122C	YGR052W
YFR004W	YMR186W
YLR085C	YNL107W
YGR192C	YKL060C
YBL055C	YJL164C
YGL122C	YGR148C
YDR027C	YDR484W
YFR028C	YNL014W
YNL298W	YPL153C
YDL155W	YDR146C
YJR036C	YNL307C
YIL142W	YOR244W
YJR142W	YPL150W
YDR153C	YJR059W
YDR076W	YHR154W
YFL013C	YHR064C
YIL017C	YLL039C
YOR272W	YPL131W
YMR276W	YOR117W
YNL107W	YPR023C
YGR204W	YHR200W
YLL039C	YOL130W
YCL063W	YLR423C
YGL120C	YNL113W
YDR202C	YOR332W
YDR381W	YJL141C
YBL084C	YJL110C
YER012W	YFR050C
YGL122C	YNL113W
YGL207W	YGR063C
YGL120C	YMR093W
YGL003C	YPL242C
YLL043W	YLR332W
YIL046W	YPL038W
YGL049C	YML017W
YEL013W	YMR197C
YPL164C	YPR191W
YGL237C	YOR358W
YGL122C	YMR304W
YDR510W	YJR045C
YDL111C	YOL142W
YGL106W	YPL242C
YGL122C	YML077W
YEL017W	YNL293W
YGL093W	YIR010W
YDL057W	YLR098C
YBR052C	YKL051W
YGR060W	YJR118C
YJR062C	YPL141C
YFR004W	YMR096W
YBL022C	YKL016C
YFR004W	YJR077C
YBL087C	YDL171C
YBR001C	YDR171W
YIL034C	YLR274W
YCR073C	YHR027C
YDR075W	YHR033W
YEL013W	YLL039C
YDL031W	YPL106C
YAR027W	YML002W
YNL314W	YPL031C
YHR198C	YMR096W
YOR238W	YPL150W
YMR017W	YOR327C
YCL052C	YHR026W
YHL030W	YNL132W
YBR160W	YNL161W
YDL164C	YGL053W
YLR009W	YOR272W
YNL196C	YPL031C
YKL181W	YOL128C
YJL084C	YNL307C
YDR155C	YKL103C
YOL129W	YOR316C
YGL122C	YPL087W
YEL017C-A	YGR060W
YBL039C	YFR034C
YAL035W	YBR194W
YJR082C	YPL031C
YGL122C	YLR459W
YJL129C	YOR196C
YDL210W	YHR082C
YML007W	YOL051W
YGL122C	YNL192W
YBR160W	YHR166C
YBR231C	YLR085C
YER115C	YML109W
YKL170W	YOL027C
YIR010W	YNL166C
YJL187C	YLR067C
YDL085W	YHR204W
YDR379W	YLR206W
YLL039C	YLR354C
YMR303C	YPL150W
YLL019C	YPL209C
YLR200W	YNL153C
YHL004W	YML065W
YFL037W	YHR027C
YHR154W	YPR052C
YDL075W	YDR510W
YDR099W	YDR130C
YDL173W	YLR382C
YGL122C	YLR079W
YDR099W	YPR049C
YFR004W	YPR149W
YFR014C	YPL146C
YFR028C	YPR042C
YBR245C	YKR001C
YOR362C	YPL031C
YGL122C	YIL077C
YJL105W	YPL031C
YGL158W	YOR089C
YFR004W	YKL029C
YDR141C	YPR110C
YFR015C	YGR052W
YDR002W	YGR218W
YDR255C	YIL017C
YDR392W	YER164W
YOR181W	YPL106C
YEL030W	YLL039C
YER086W	YOL120C
YDR510W	YNR021W
YGL122C	YOR304C-A
YJR135C	YPR046W
YBL003C	YJR068W
YEL017C-A	YJL117W
YJR093C	YPR074C
YBL023C	YLR096W
YDR494W	YGL122C
YBR103W	YJR141W
YGL237C	YJL081C
YHR082C	YNL293W
YFR024C-A	YPL249C
YDR206W	YGL122C
YML065W	YPR162C
YBR160W	YDR293C
YOR141C	YPL031C
YHR200W	YML028W
YGL198W	YLR262C
YDR122W	YER133W
YGL059W	YGL205W
YBL081W	YNL197C
YHL012W	YNL197C
YGL122C	YJR104C
YDL105W	YEL019C
YGL158W	YMR155W
YLR132C	YNL307C
YDR147W	YGL158W
YEL009C	YPR086W
YKL067W	YMR143W
YGL122C	YMR197C
YBL058W	YFR004W
YGL025C	YPL031C
YBR272C	YGR232W
YGL158W	YNL064C
YLR096W	YPR115W
YDR480W	YHR082C
YER021W	YPL106C
YKL081W	YMR186W
YDR359C	YNL107W
YBR157C	YJL164C
YGL122C	YPR037C
YDL020C	YGL048C
YAR007C	YFL013C
YDR071C	YDR365C
YMR192W	YNR065C
YML129C	YNL052W
YFR004W	YPR074C
YBL007C	YNL106C
YEL034W	YHR166C
YHR064C	YKR038C
YIR038C	YML125C
YDL027C	YFR024C-A
YBR264C	YER136W
YGL122C	YGR241C
YGL061C	YKR083C
YDL005C	YGR104C
YBR212W	YHR082C
YFR004W	YLL050C
YER166W	YGL203C
YDR224C	YKR048C
YBR160W	YPL209C
YIL075C	YOL038W
YLR150W	YPL001W
YBR194W	YHR174W
YDL070W	YJL106W
YCL028W	YDR499W
YML028W	YNL249C
YIL148W	YKL104C
YDR308C	YPL248C
YBL007C	YBR234C
YML012W	YPL227C
YNR019W	YPL240C
YGR061C	YHR027C
YGL122C	YLR074C
YML016C	YPR005C
YJL081C	YOR244W
YGL122C	YOR227W
YBL017C	YJL029C
YDL029W	YMR105C
YJL094C	YNL197C
YDR318W	YIR010W
YGL151W	YGL158W
YDR185C	YGL122C
YDR224C	YDR334W
YBR036C	YKL154W
YGL237C	YNL063W
YBR175W	YKL018W
YBR057C	YDR206W
YDR425W	YGL122C
YGR263C	YMR070W
YHR166C	YPR119W
YGL122C	YLR234W
YDR145W	YOL051W
YBL003C	YDR075W
YJR117W	YNL197C
YBR109C	YPL124W
YDR397C	YGL122C
YDR510W	YER088C
YGL060W	YLR381W
YGR117C	YPL240C
YGL048C	YPL169C
YDR381W	YJR006W
YIR010W	YPR110C
YBR088C	YDL164C
YGL116W	YGR225W
YBR152W	YJL203W
YGR179C	YPR046W
YBR053C	YFR004W
YGL137W	YLR153C
YNL246W	YPL209C
YBR160W	YJL084C
YBR160W	YJR083C
YLL039C	YLR241W
YDR146C	YJL081C
YHR200W	YJL111W
YDR264C	YGL203C
YER178W	YFR004W
YBL093C	YER022W
YGL122C	YHR201C
YFR024C-A	YOR042W
YKR048C	YOR032C
YKL193C	YPL174C
YGR104C	YOL051W
YBR109C	YDR032C
YGL203C	YPR075C
YBR160W	YIL122W
YBR194W	YGR132C
YDL207W	YGR119C
YBR086C	YOR233W
YDR308C	YGL151W
YER098W	YPL153C
YBR077C	YGL122C
YLR248W	YNL074C
YGL147C	YIR010W
YLL039C	YNL208W
YGR268C	YLR206W
YKR048C	YOL012C
YBL007C	YOR388C
YHR082C	YOR162C
YJL111W	YOR117W
YGL025C	YPL248C
YMR109W	YNL025C
YDR334W	YLR085C
YER136W	YFL038C
YHR156C	YJL187C
YHR027C	YOR181W
YGL122C	YOR292C
YBR045C	YDR103W
YFR037C	YNR003C
YBL031W	YER016W
YGL122C	YNL153C
YLL039C	YMR237W
YCL029C	YJR066W
YIL143C	YJL153C
YBR069C	YJR077C
YGL122C	YGL237C
YCL008C	YNR006W
YGL122C	YPR006C
YNL069C	YPL198W
YNL189W	YNL246W
YDL165W	YDR443C
YBR170C	YFR014C
YLR319C	YNL293W
YER012W	YOL038W
YMR237W	YNL045W
YFL013C	YKL081W
YGL122C	YLR085C
YDL025C	YDR510W
YML091C	YPR116W
YDL085W	YGL122C
YBR160W	YCL027W
YBR130C	YGL106W
YBR160W	YJR045C
YER125W	YMR181C
YCL009C	YFR004W
YIL075C	YJL001W
YDL195W	YLR268W
YNL069C	YOL039W
YDL070W	YDR381W
YDR439W	YML034W
YER022W	YGL070C
YGL122C	YNL287W
YER042W	YGR209C
YBR160W	YDR130C
YER026C	YPR174C
YEL017W	YFR014C
YGL083W	YKL130C
YDL165W	YGL122C
YLR362W	YPL240C
YGR052W	YLR072W
YDR427W	YGL004C
YHR082C	YOR307C
YGR223C	YPL150W
YLR330W	YMR010W
YKL122C	YKL129C
YBR065C	YDR088C
YDL212W	YGR260W
YDL065C	YKR001C
YGL060W	YGR179C
YFL048C	YKL154W
YEL030W	YNL161W
YHR121W	YNL293W
YDR244W	YLR191W
YKL116C	YMR052W
YGL158W	YLR303W
YHR027C	YKL152C
YKR081C	YPR143W
YDL161W	YGL206C
YDR510W	YJL034W
YER103W	YNL124W
YER040W	YGR218W
YBR057C	YCL055W
YFR004W	YLR304C
YLR312W-A	YML065W
YAL055W	YGR133W
YKL054C	YOL012C
YDR028C	YKL193C
YCL045C	YKL207W
YBL022C	YML029W
YER178W	YGL137W
YDR510W	YFL013C
YJL141C	YOL143C
YFR021W	YJL187C
YDR138W	YGL122C
YDR068W	YLL001W
YNR022C	YPL240C
YOL128C	YPL201C
YGL207W	YJL047C
YGL122C	YGL173C
YDR381W	YGR170W
YKR095W	YLL039C
YLL039C	YOR038C
YEL012W	YPL141C
YDR381W	YKL018W
YDR404C	YER022W
YJL110C	YNL307C
YGL056C	YKL051W
YCL024W	YDL225W
YCL024W	YPL031C
YNR049C	YOR327C
YDR312W	YGL122C
YDL079C	YKL103C
YHR200W	YIL075C
YFR004W	YML072C
YGR126W	YNL307C
YHR186C	YLR096W
YKL152C	YMR109W
YML072C	YPL220W
YHR115C	YLL039C
YIR010W	YOR038C
YNL189W	YPL240C
YEL024W	YER107C
YJL006C	YMR041C
YGL122C	YJR022W
YDR425W	YJL164C
YER125W	YKL203C
YDR174W	YDR510W
YGL207W	YNL124W
YNL107W	YOR244W
YML042W	YPL209C
YFL013C	YGL122C
YDR510W	YKL060C
YGL106W	YLR319C
YAL017W	YCL043C
YMR032W	YOL070C
YJR044C	YNL197C
YER125W	YPL193W
YFL030W	YPL031C
YKL054C	YNL197C
YEL015W	YLR082C
YHR027C	YKL210W
YEL009C	YPL031C
YDR365C	YKL104C
Q0130	YKL016C
YBL003C	YPL001W
YDL078C	YPL209C
YPL031C	YPL106C
YGR232W	YOR261C
YER012W	YFL007W
YPL240C	YPR002W
YGL122C	YJR094W-A
YDR074W	YER019C-A
YGR218W	YIL063C
YBL007C	YPL027W
YDL022W	YHR200W
YGL207W	YMR041C
YJL164C	YKL181W
YIL142W	YKL198C
YJR039W	YOR111W
YJL212C	YNL197C
YAL017W	YDL100C
YDL155W	YPL124W
YGL122C	YLR073C
YFR015C	YGL122C
YGL122C	YPR182W
YER075C	YLR113W
YDR330W	YDR510W
YGR052W	YNL186W
YGL120C	YPR182W
YDR320C	YHR027C
YGL122C	YKL053C-A
YLL039C	YMR105C
YBR140C	YMR139W
YLR191W	YOR057W
YDL111C	YNL232W
YAL013W	YNL330C
YGL037C	YNL189W
YAL043C	YPR107C
YKL210W	YNL232W
YGR209C	YOR117W
YCL032W	YLR113W
YLR150W	YOL059W
YGL122C	YJL042W
YJL005W	YLR200W
YJR066W	YKL126W
YGR060W	YPR192W
YBR109C	YKL007W
YER136W	YML001W
YGR185C	YHR200W
YDR225W	YGR103W
YKL058W	YPR086W
YDR510W	YNL015W
YER182W	YGL122C
YIR010W	YNL232W
YER026C	YMR215W
YJL112W	YLL039C
YCL028W	YNL025C
YGL003C	YMR304W
YCL043C	YGL179C
YDR510W	YNL007C
YJR036C	YOL115W
YIL027C	YJR117W
YGL207W	YOR117W
YHR195W	YIL048W
YBL072C	YDR328C
YBR160W	YPL255W
YBR186W	YHR104W
YBR211C	YLR381W
YBL041W	YCR073C
YHR122W	YHR164C
YFL037W	YLR436C
YER179W	YLR044C
YER038C	YGL122C
YDL185W	YGR092W
YDR439W	YIR010W
YHR082C	YMR291W
YHR027C	YKR039W
YHL020C	YLL039C
YJL074C	YMR124W
YDR477W	YPR156C
YDR128W	YOL138C
YIR010W	YPL209C
YML006C	YNL183C
YJR156C	YLR423C
YDR328C	YLR224W
YBL002W	YGR275W
YHR027C	YJR017C
YDL159W	YDR162C
YHL030W	YLR421C
YDR381W	YER035W
YBR160W	YKL116C
YLL039C	YLR413W
YBL087C	YGR103W
YKL028W	YLL039C
YGL122C	YOL051W
YDR480W	YPL256C
YGL180W	YHR090C
YCR042C	YJR093C
YDL212W	YHR094C
YGL063W	YLL050C
YDR087C	YLR009W
YGL133W	YML065W
YHR027C	YLL039C
YEL024W	YGR112W
YBR247C	YPR112C
YKL104C	YOL120C
YOR117W	YPL028W
YGR095C	YOR076C
YFL013C	YOR141C
YLL013C	YLL039C
YBL003C	YLR274W
YGL049C	YNL161W
YGL122C	YNR049C
YBL087C	YKL104C
YFL026W	YGL206C
YGL055W	YJR118C
YJR060W	YPR052C
YGL189C	YLR435W
YGL179C	YKR092C
YGL122C	YLR324W
YDR224C	YJL006C
YBR194W	YML049C
YAL060W	YPL031C
YDR466W	YNL232W
YBR212W	YDL167C
YDR085C	YDR381W
YJR066W	YKL171W
YGL122C	YNL076W
YDR280W	YOR076C
YBL003C	YBR247C
YDR127W	YKL104C
YDR318W	YPR046W
YDR359C	YIR001C
YDL153C	YNL298W
YGR241C	YIR006C
YAL034W-A	YPL125W
YMR025W	YNR052C
YDR256C	YJL006C
YFR014C	YGL039W
YDR497C	YML072C
YGR192C	YIR001C
YHR137W	YLL039C
YDR359C	YGR162W
YJL047C	YNL261W
YER040W	YPL153C
YDL086W	YHR169W
YBR160W	YLR190W
YHR216W	YNL189W
YBR203W	YKR048C
YGL014W	YNR052C
YDR162C	YKR048C
YNL298W	YOR127W
YER033C	YLR096W
YDL028C	YJR019C
YFR004W	YKR018C
YDL137W	YFR004W
YDR475C	YER133W
YKL161C	YLR096W
YHR082C	YNL181W
YDR246W	YML077W
YIL038C	YIL148W
YER054C	YKL085W
YGL158W	YPR110C
YGR074W	YJL203W
YCR093W	YNL197C
YLL039C	YNL149C
YGL122C	YHR156C
YJL020C	YNL025C
YDR130C	YGR192C
YBR060C	YPL001W
YKR080W	YLL039C
YDL212W	YPL076W
YFL044C	YGL122C
YGL061C	YKR048C
YDL132W	YER012W
YDR402C	YGL122C
YGL122C	YHR075C
YER164W	YPL254W
YAL017W	YDL153C
YPL087W	YPL227C
YDR224C	YER012W
YBL003C	YMR284W
YDR510W	YJR060W
YKL101W	YMR165C
YGR223C	YJL164C
YJL172W	YKL130C
YBR160W	YER098W
YGL122C	YPR162C
YJR010C-A	YML072C
YJL187C	YKR092C
YGL122C	YMR100W
YEL034W	YNL197C
YDL239C	YLR098C
YAR035W	YLL039C
YBR059C	YFR004W
YGL137W	YOR362C
YDL155W	YIL115C
YHR027C	YOR317W
YDL185W	YLR447C
YHR121W	YMR001C
YBR216C	YLL039C
YHR006W	YNL197C
YDR162C	YNL298W
YDR138W	YDR381W
YGL059W	YJR001W
YBR088C	YJR043C
YAR033W	YHL048W
YJR093C	YKR002W
YBL002W	YOL012C
YJL029C	YKR020W
YCL029C	YFR014C
YDR379W	YPL031C
YER032W	YHR152W
YDR039C	YJR066W
YER034W	YGL180W
YBR102C	YPR055W
YLR131C	YNL197C
YHR027C	YLR044C
YLL039C	YPR109W
YHR169W	YJL026W
YHR140W	YPR028W
YGR244C	YOR142W
YGR004W	YLR324W
YKL181W	YMR291W
YDL028C	YDR162C
YGR174C	YPL215W
YBL064C	YLR318W
YNL189W	YPL031C
YEL039C	YFR004W
YBR299W	YPL031C
YIL046W	YLR082C
YGL180W	YPL146C
YDR150W	YPL153C
YER002W	YOR272W
YGR163W	YOR316C
YLR026C	YML012W
YJL029C	YJL034W
YJL164C	YPL201C
YDR510W	YNL042W
YBR112C	YLL039C
YPL227C	YPL264C
YBR194W	YKL081W
YCL034W	YOR181W
YDR194C	YNL175C
YBR170C	YNL155W
YDL179W	YPR191W
YBR185C	YCL032W
YDR383C	YGR179C
YGL116W	YHR166C
YGL122C	YPL147W
YER021W	YGL122C
YJL090C	YNL189W
YGL216W	YMR233W
YDL155W	YLR131C
YBR109C	YOR039W
YLR093C	YLR268W
YBR086C	YKL130C
YML001W	YPL031C
YBL059W	YGL070C
YDR130C	YDR318W
YDR168W	YLR113W
YBR109C	YPL242C
YOL082W	YPL135W
YGL122C	YNL196C
YBR221C	YNL071W
YGL122C	YKL032C
YHR082C	YPR131C
YBR018C	YER123W
YGL122C	YOL149W
YDL237W	YLL039C
YGL158W	YLR113W
YBL003C	YIL148W
YDR129C	YOR181W
YGL017W	YNL088W
YDR510W	YJL005W
YGR200C	YNL298W
YHR200W	YKL210W
YJL044C	YKR068C
YML016C	YMR311C
YLL039C	YNL313C
YLR091W	YPR116W
YDR264C	YMR010W
YGL207W	YKR062W
YML062C	YPL031C
YDR171W	YGL122C
YGL055W	YML065W
YDL171C	YHR200W
YGR092W	YOL012C
YDL175C	YNL251C
YDR099W	YDR477W
YBL055C	YDL028C
YJR112W	YPR141C
YAL043C	YCR042C
YDR497C	YLL039C
YKL081W	YOR117W
YER012W	YGL096W
YKL101W	YMR032W
YGL122C	YGR012W
YDR159W	YDR427W
YGR258C	YPL141C
YML065W	YOR189W
YDR108W	YDR246W
YDL029W	YJL153C
YJL164C	YPL123C
YBL003C	YDL070W
YJL129C	YNL175C
YGL122C	YOR142W
YER004W	YIR010W
YBL003C	YGL120C
YAL034W-A	YKL171W
YDR153C	YGL180W
YGL122C	YMR212C
YKL103C	YML064C
YGL122C	YIL148W
YBR036C	YGL122C
YDR155C	YLR135W
YGR156W	YMR061W
YOR267C	YOR272W
YKR101W	YML065W
YHR064C	YHR200W
YAL056W	YER020W
YIR037W	YJR009C
YFR014C	YOR054C
YDR326C	YGL122C
YGR213C	YHR134W
YAL034W-A	YDR254W
YCR032W	YOL057W
YDR378C	YPR082C
YGR295C	YML048W
YKL006C-A	YLR268W
YGR218W	YOL149W
YJR062C	YOR231W
YPL031C	YPR139C
YGL122C	YPL116W
YDR381W	YGL122C
YGL179C	YLR030W
YBL023C	YCL061C
YKL126W	YPR041W
YGL147C	YGR232W
YDL031W	YPL131W
YCR033W	YDR510W
YNL138W	YOR087W
YML056C	YPL198W
YBL086C	YLR045C
YOR117W	YPL248C
YDR381W	YJL125C
YCL028W	YGL025C
YIR006C	YNL084C
YFR004W	YGR204W
YIL075C	YLL039C
YBL023C	YNL102W
YGL207W	YNL102W
YDR171W	YLR304C
YGL122C	YGR143W
YJR082C	YPL106C
YGL025C	YOL051W
YHR158C	YJL187C
YDR127W	YKL211C
YDL226C	YLL039C
YDL100C	YJL153C
YDL085W	YLL039C
YBR086C	YGL180W
YFR034C	YLR328W
YJL154C	YJL187C
YGL223C	YLR423C
YHR110W	YML012W
YDR129C	YJR066W
YLR153C	YPL106C
YFR004W	YNL287W
YBR157C	YKR083C
YJL125C	YJR066W
YPL240C	YPR112C
YHR133C	YJL187C
YGL059W	YML048W
YBR112C	YDR043C
YJL164C	YLR265C
YFR024C-A	YGL060W
YDL022W	YGL122C
YHR121W	YOR058C
YBL039C	YGL048C
YEL009C	YOR023C
YBR280C	YEL060C
YGL158W	YMR241W
YER114C	YMR244W
YGL158W	YMR284W
YLL039C	YOR327C
YAL020C	YDR354W
YER125W	YOR018W
YHR153C	YJR059W
YGL122C	YKL040C
YIL046W	YNL007C
YHR169W	YMR105C
YER027C	YER133W
YHR170W	YML064C
YLR109W	YOL059W
YBR095C	YMR159C
YHR092C	YKL203C
YGR243W	YNL197C
YDR174W	YKR001C
YDR381W	YPR045C
YGL120C	YML065W
YAR027W	YMR279C
YDR477W	YML048W
YGL122C	YKR049C
YDR439W	YKR010C
YDR319C	YGL122C
YGR074W	YML049C
YGL173C	YPL004C
YKL171W	YKL203C
YDR477W	YML006C
YDL013W	YFR004W
YDR477W	YGR092W
YBR160W	YLR102C
YPL106C	YPL231W
YBL003C	YDR224C
YIR037W	YPL031C
YGL122C	YLR262C-A
YDR150W	YNL197C
YAR027W	YGR284C
YDR386W	YKR081C
YDR087C	YER002W
YDR161W	YPL031C
YMR001C	YPR115W
YDR224C	YKR001C
YGL122C	YIR037W
YER042W	YGL122C
YGR161C	YJR059W
YBR160W	YJL013C
YHL017W	YIL111W
YER125W	YOR057W
YGL067W	YJL164C
YFR021W	YFR029W
YGL056C	YLR413W
YDR380W	YIL034C
YFR004W	YMR099C
YGR078C	YKL130C
YAL035W	YFR034C
YNR016C	YPL004C
YGL122C	YJR052W
YDL150W	YGR047C
YGL122C	YLR327C
YDR427W	YIL075C
YCR010C	YFL055W
YGL226C-A	YLL039C
YLR150W	YMR216C
YBR160W	YKL161C
YDL155W	YPR110C
YOL082W	YOR231W
YJR066W	YKR097W
YHR027C	YNL183C
YDR171W	YOL147C
YGL180W	YPR091C
YER021W	YHR027C
YDR359C	YLR113W
YFR004W	YFR037C
YER022W	YGL025C
YMR186W	YPL146C
YPL106C	YPL240C
YER002W	YPL150W
YCR093W	YNR052C
YBR057C	YKR031C
YGL223C	YJL036W
YDR224C	YGL122C
YDL028C	YDR383C
YJR047C	YOL128C
YDR378C	YNL147W
YCR007C	YKR066C
YBL056W	YLR240W
YDR145W	YLR182W
YDL015C	YKL154W
YKL015W	YOR231W
YHR158C	YMR181C
YHR082C	YML054C
YLR079W	YLR361C
YGL122C	YLR422W
YBL099W	YIR010W
YCL028W	YIL066C
YBR059C	YFR024C-A
YGL122C	YHR164C
YJR022W	YLR275W
YJR019C	YLL039C
YJR066W	YNL138W
YDR087C	YGR103W
YGR060W	YPR028W
YDR477W	YGL035C
YBL084C	YPL031C
YGL122C	YNR045W
YFR024C-A	YLR206W
YIL004C	YIL109C
YDR510W	YLR394W
YBR193C	YGL025C
YJL036W	YLL039C
YML048W	YPR156C
YGL035C	YMR139W
YLR449W	YOL012C
YGL025C	YML007W
YDR394W	YMR216C
YGL122C	YOR264W
YBL072C	YLL039C
YLL039C	YPL057C
YGR275W	YNR023W
YNL251C	YNR024W
YBL047C	YGR241C
YBL072C	YPL198W
YKL130C	YLR274W
YBL023C	YBR202W
YBR247C	YIL061C
YDL217C	YOR297C
YBR215W	YDR510W
YFL048C	YLR080W
YGL049C	YIR010W
YNL069C	YOL120C
YGL122C	YGR215W
YML062C	YNL088W
YGL158W	YMR115W
YDR032C	YLR237W
YHR190W	YOR075W
YDR496C	YNL175C
YDR381W	YPR162C
YKL081W	YML064C
YBR160W	YNL186W
YDR127W	YJL008C
YGL122C	YHR195W
YKL007W	YOR236W
YDR204W	YOR125C
YGL158W	YNL107W
YMR186W	YNL127W
YHL006C	YLR046C
YDR138W	YGL048C
YGL078C	YOR117W
YGL122C	YPR132W
YGR202C	YOR181W
YHR027C	YJL167W
YDR071C	YLR096W
YGL122C	YLR265C
YDL111C	YNR024W
YIL148W	YOR117W
YBL064C	YDR069C
YBL102W	YIL048W
YER027C	YJL217W
YDR386W	YER078C
YGL225W	YPL094C
YBR231C	YDR334W
YBL007C	YGL104C
YEL013W	YGL006W
YBR107C	YDR383C
YER012W	YER103W
YLR414C	YNL197C
YDR436W	YKL193C
YJL047C	YPL216W
YKL103C	YLL013C
YER002W	YML065W
YBR059C	YLL039C
YGL122C	YML054C
YGR218W	YKL029C
YKL174C	YPL240C
YGR162W	YLR362W
YAR007C	YJL173C
YKR048C	YLR330W
YBR272C	YOR362C
YCR033W	YDR155C
YJR117W	YMR215W
YDR448W	YEL009C
YJL090C	YNL197C
YIL074C	YJL164C
YCL008C	YGR206W
YDR128W	YHR033W
YFR028C	YKL101W
YGL120C	YOL012C
YGR092W	YOR317W
YGR268C	YOR138C
YDL155W	YHR033W
YDR356W	YPL124W
YGL122C	YOR215C
YDR155C	YJR135C
YCR101C	YIL061C
YDR122W	YNL161W
YGR192C	YLR039C
YML065W	YMR143W
YER012W	YHR174W
YFR050C	YOR261C
YGL089C	YGL122C
YIL129C	YNL161W
YHR005C	YJL197W
YNL222W	YPL008W
YBR193C	YER012W
YDL075W	YGR162W
YKL114C	YLR248W
YDR127W	YHR082C
YFR034C	YGL048C
YDR224C	YLR074C
YJL074C	YMR001C
YFR014C	YML062C
YGL180W	YGL208W
YGR130C	YPL209C
YGL122C	YGR295C
YLR109W	YLR135W
YBL023C	YDR013W
YBL003C	YJL176C
YGL122C	YMR233W
YCR094W	YGL122C
YGL122C	YNL064C
YDR356W	YER016W
YDL047W	YDL171C
YDR002W	YOR117W
YHR216W	YML056C
YHR200W	YNL287W
YKL126W	YKL203C
YDR256C	YNL189W
YDR145W	YEL009C
YMR109W	YNR059W
YDR308C	YMR112C
YGL237C	YNR031C
YBL019W	YBR088C
YDR099W	YFR004W
YBR199W	YPL240C
YBR059C	YGR240C
YDR381W	YKL114C
YER111C	YGL122C
YGL134W	YML091C
YJL164C	YNL045W
YOR123C	YPL141C
YDR244W	YLL039C
YGR233C	YLL039C
YDR330W	YHR082C
YBR211C	YGL122C
YGL056C	YLR332W
YER134C	YHR171W
YDL226C	YGL198W
YFR004W	YNR001C
YHR170W	YLR074C
YBR036C	YBR161W
YJR076C	YOR191W
YDR085C	YNL197C
YGR010W	YLR438W
YBR160W	YDR146C
YHR123W	YML012W
YGL059W	YPL240C
YGR104C	YPL248C
YOR198C	YPL209C
YDR032C	YPL106C
YGL122C	YKL059C
YBR156C	YIL106W
YGL122C	YOR198C
YKL081W	YLR113W
YBR109C	YFR004W
YGL117W	YJR022W
YHR014W	YOR136W
YLR096W	YNR052C
YGL122C	YJR126C
YDR477W	YGL073W
YBL064C	YGL122C
YGL190C	YIL142W
YFL047W	YOR231W
YDL028C	YER115C
YJL196C	YMR215W
YBR039W	YDL029W
YCL029C	YKL103C
YAL042W	YLR026C
YLR150W	YLR435W
YLL039C	YML013W
YER032W	YMR032W
YBR194W	YMR246W
YGL048C	YOR117W
YGL122C	YMR286W
YLL039C	YLR421C
YGL122C	YOR281C
YBL039C	YOR388C
YHR094C	YJL012C
YGL048C	YLR421C
YGL122C	YMR035W
YMR223W	YPL254W
YBL041W	YER012W
YER040W	YJR066W
YKL135C	YLR170C
YJL008C	YJL074C
YDR099W	YGL122C
YCL032W	YLR423C
YNL261W	YPL001W
YGL153W	YOL147C
YFR034C	YOL039W
YBL014C	YKL125W
YDL212W	YPR156C
YDR169C	YJR059W
YGL066W	YGL122C
YFR017C	YGL122C
YBL069W	YNL161W
YGR062C	YOR266W
YER153C	YNL274C
YOR117W	YPR074C
YER020W	YKL051W
YDR030C	YGL122C
YDR085C	YGL122C
YDR381W	YER103W
YDR381W	YMR138W
YIL120W	YPL240C
YBL003C	YMR091C
YFR052W	YOR261C
YGR218W	YML117W
YER026C	YFR004W
YML093W	YOR244W
YBR109C	YOR127W
YHR121W	YOL128C
YDR063W	YGL122C
YBR211C	YDL028C
YHL004W	YMR186W
YMR212C	YOR181W
YDR259C	YJL164C
YBR234C	YOR327C
YDR229W	YNL041C
YJL176C	YNR023W
YBR171W	YER053C
YKL067W	YML064C
YDR046C	YGL122C
YGR223C	YMR109W
YAL034W-A	YGL093W
YGL122C	YLL039C
YER111C	YPR119W
YLR150W	YPR116W
YFR011C	YNL113W
YBR058C	YIL148W
YBR109C	YGL063W
YGL122C	YJR068W
YHL030W	YLL039C
YJR059W	YPR107C
YDR284C	YHL017W
YIR010W	YLR381W
YGL122C	YGR209C
YDL130W-A	YGL122C
YBL023C	YBR126C
YBR126C	YFR004W
YGL190C	YJL020C
YHL006C	YLR376C
YFR004W	YKL211C
YFL013C	YLR399C
YJL020C	YKL129C
YGL048C	YPL248C
YBR171W	YPL076W
YDL075W	YGR103W
YHR027C	YPL061W
YBR194W	YLR072W
YGL209W	YPL031C
YBL007C	YDL214C
YDL070W	YGL158W
YBR148W	YOR244W
YHR200W	YIL118W
YJL099W	YMR237W
YDR365C	YJL207C
YDR264C	YLR026C
YGL059W	YLL038C
YLL039C	YLR032W
YGL122C	YLL041C
YDR087C	YKR029C
YGL087C	YGL122C
YBR247C	YLL011W
YJL006C	YKL091C
YDR091C	YPL220W
YDL239C	YKL103C
YCR030C	YIR010W
YGR119C	YLR335W
YDL116W	YDL207W
YJR118C	YPL094C
YBR130C	YGL180W
YDR328C	YMR291W
YKL065C	YPR198W
YDR254W	YJL105W
YKR065C	YNR017W
YGL122C	YJL026W
YBR211C	YPL031C
YER030W	YOR244W
YNL097C	YPR023C
YGL173C	YPR110C
YBR086C	YOR267C
YMR237W	YPL131W
YGL059W	YJR059W
YDR477W	YOR054C
YGR260W	YJR117W
YDR002W	YKR048C
YGL006W	YNL328C
YDR132C	YHR170W
YFR021W	YLR094C
YGL122C	YOR038C
YBR262C	YGL122C
YDL002C	YOR189W
YFR004W	YPR131C
YKL093W	YPL203W
YDR361C	YMR021C
YGL092W	YPL169C
YER125W	YPL084W
YHR080C	YPL240C
YBL056W	YHL030W
YGL059W	YKR092C
YNL248C	YNR003C
YGL137W	YIL124W
YDR218C	YGL122C
YJL187C	YNL298W
YER146W	YPR178W
YBR059C	YML048W
YBL084C	YPL255W
YDL022W	YFR004W
YDR392W	YDR448W
YGL203C	YNL041C
YDR069C	YJR001W
YDL181W	YGL106W
YGL122C	YNL099C
YBR052C	YGR065C
YOL120C	YPR041W
YFR028C	YNL248C
YDL135C	YPR156C
YGR275W	YMR091C
YAR007C	YOR038C
YDR381W	YLR435W
YDR159W	YER107C
YLL039C	YNR016C
YPL150W	YPL209C
YFR017C	YPL031C
YIL148W	YOR042W
YGL122C	YPR066W
YDR346C	YDR510W
YMR173W	YPL031C
YCL061C	YPL153C
YCL008C	YLR191W
YCL011C	YNL298W
YLL039C	YOL073C
YGL122C	YML009C
YHR027C	YMR091C
YBL102W	YGL203C
YDL006W	YDR162C
YDR368W	YGL122C
YDR155C	YOR117W
YIL142W	YLR105C
YML012W	YML065W
YGL207W	YOR039W
YDR057W	YML013W
YJL187C	YMR186W
YGR092W	YNL125C
YER133W	YKL059C
YJL079C	YKL130C
YML012W	YML016C
YGL198W	YJL036W
YBR059C	YHR015W
YGL179C	YNL186W
YIR010W	YOR109W
YDL100C	YNL149C
YKL029C	YKL104C
YBR279W	YER012W
YDL239C	YLR423C
YER022W	YGR104C
YDL212W	YMR215W
YDR497C	YLR332W
YGL158W	YJR066W
YDR293C	YPL153C
YDR259C	YHR079C
YNL222W	YNL317W
YLR009W	YNL246W
YIL149C	YKR095W
YDR224C	YDR510W
YFR004W	YLR248W
YGR223C	YOR089C
YBR160W	YOR177C
YHR186C	YNL183C
YCR091W	YGR223C
YBL014C	YML043C
YDL210W	YKL171W
YJR010C-A	YPL094C
YGR237C	YKR081C
YNL330C	YPR023C
YGL137W	YOR117W
YDL225W	YJR076C
YLR435W	YPL146C
YAL034W-A	YJR112W
YDR138W	YLR423C
YEL038W	YGL122C
YGL252C	YPL004C
YBR001C	YBR109C
YDL040C	YGL048C
YEL009C	YML098W
YGL014W	YGL203C
YGL122C	YGL196W
YBR211C	YDR383C
YDL111C	YOR076C
YNR017W	YOR211C
YBR160W	YPR141C
YDR041W	YNL306W
YHR152W	YOR358W
YBR160W	YDR379W
YBR170C	YDR330W
YGL122C	YGR271W
YLR263W	YML016C
YDR148C	YFR049W
YDR256C	YNR031C
YIL148W	YMR276W
YEL009C	YGL122C
YNL189W	YNL224C
YBR059C	YGR021W
YFL054C	YGL122C
YDL015C	YLR259C
YCL029C	YJR112W
YAR033W	YPR198W
YDR322W	YHL004W
YHR174W	YPR129W
YGL122C	YIL101C
YFL062W	YLR237W
YDL029W	YOR181W
YHR200W	YPL106C
YDR087C	YIL063C
YPL253C	YPR141C
YGL122C	YMR292W
YDR394W	YHR027C
YBR035C	YOR244W
YGL151W	YOL051W
YLR330W	YPL220W
YDR356W	YGL122C
YIL023C	YNL197C
YDL025C	YDR132C
YDR499W	YJL090C
YDL006W	YDR103W
YEL009C	YNR023W
YDR140W	YIL050W
YDR496C	YKR081C
YBR202W	YGL122C
YHL048W	YPR156C
YJR045C	YNR017W
YLR096W	YOL138C
YFR004W	YOL123W
YGL122C	YOL058W
YJR091C	YKR037C
YDL212W	YKR039W
YFR028C	YGL003C
YGL122C	YIL034C
YAL043C	YNL317W
YLR423C	YOR117W
YIL109C	YLL039C
YDR416W	YGR074W
YGL120C	YML093W
YNL113W	YPR049C
YGR060W	YPL227C
YHR096C	YLL039C
YGL122C	YNL159C
YDL040C	YDR381W
YJR134C	YLR262C
YJL207C	YKL135C
YFL038C	YGR172C
YMR093W	YNL132W
YBR109C	YOR181W
YLR332W	YOL105C
YBR194W	YJL176C
YER133W	YLL039C
YFR004W	YMR300C
YKL064W	YMR216C
YFL038C	YFR004W
YJR022W	YPR191W
YKL196C	YNL258C
YIR010W	YMR246W
YKR048C	YPL220W
YGL122C	YJL121C
YER016W	YHR134W
YFR034C	YKR062W
YKL101W	YML042W
YGR112W	YPR191W
YHR118C	YKR081C
YGR023W	YNL197C
YGL122C	YKR065C
YER125W	YKR097W
YHR090C	YNL107W
YKL198C	YOR198C
YDL047W	YLL039C
YDR378C	YPR178W
YGL122C	YJR133W
YLL039C	YOR117W
YDR070C	YGL122C
YDR510W	YPR034W
YDL164C	YER173W
YLL039C	YOR165W
YKL211C	YMR186W
YDL079C	YGR200C
YMR215W	YPR028W
YBR221C	YIR010W
YLR268W	YPL232W
YDR510W	YLR259C
YDR383C	YPR046W
YJL183W	YJR075W
YHR174W	YOR117W
YGL122C	YOR219C
YEL019C	YMR284W
YER012W	YLL039C
YJR059W	YNL186W
YFR014C	YPL156C
YBL003C	YGR250C
YGL158W	YIL051C
YGL180W	YLL043W
YIR010W	YPL131W
YGR215W	YML065W
YGL122C	YPL256C
YKL163W	YNL197C
YML065W	YMR091C
YGL006W	YLR093C
YDR358W	YLL039C
YDL170W	YLL039C
YBR171W	YPL227C
YBR036C	YPL264C
YHR200W	YJR104C
YGL122C	YOL012C
YBR141C	YGL091C
YGR192C	YNL189W
YAL054C	YNL189W
YBR039W	YDR168W
YGL073W	YJL194W
YGL158W	YHL021C
YDR204W	YML065W
YFR037C	YML065W
YFR004W	YLR438W
YKL181W	YOR244W
YDR326C	YKL130C
YDR477W	YER133W
YGL122C	YHR034C
YBR160W	YKL043W
YML049C	YPR094W
YFR050C	YJL001W
YDL239C	YPL124W
YBL018C	YGR030C
YJR141W	YKL101W
YGL207W	YKL101W
YBR138C	YGR223C
YJR059W	YMR165C
YGL122C	YGR174C
YDL103C	YGL158W
YDR497C	YNL217W
YBL003C	YGL035C
YCR079W	YKL054C
YHR200W	YLR303W
YEL013W	YER123W
YGR209C	YOR181W
YDR322W	YNL252C
YDR359C	YDR510W
YEL030W	YJR062C
YJL164C	YPL056C
YJR076C	YNL298W
YDL191W	YGL122C
YKR075C	YNL197C
YJL004C	YLR241W
YGL122C	YGL154C
YGL207W	YJL187C
YGL037C	YGL116W
YDR510W	YLR350W
YER098W	YGL158W
YDR477W	YGL184C
YER125W	YGL122C
YDR308C	YGR104C
YHR082C	YNL197C
YDR452W	YKL028W
YGL078C	YHR115C
YGL038C	YNL287W
YJR091C	YML015C
YBR088C	YDR510W
YBR036C	YPL227C
YGL156W	YOL082W
YDL070W	YHR079C
YCL024W	YML062C
YGR218W	YKL143W
YBR060C	YGL122C
YLR178C	YMR297W
YKL057C	YKL068W
YER054C	YGL122C
YDR427W	YHR200W
YGL122C	YNL127W
YBR194W	YKL054C
YFR004W	YJR073C
YER166W	YLL039C
YHR123W	YKL065C
YBR006W	YGL122C
YJL137C	YNL197C
YHR140W	YNL048W
YGL056C	YJL187C
YGL122C	YJR009C
YGL055W	YHR200W
YDL161W	YOR181W
YDR477W	YGL253W
YGL122C	YIL051C
YER022W	YGL158W
YBL074C	YPR182W
YBL003C	YPR110C
YNL189W	YPL111W
YCL024W	YDL006W
YGL158W	YOR261C
YBR039W	YFR028C
YDR357C	YGL122C
YLL039C	YNL117W
YML013W	YML029W
YFL009W	YOR057W
YER021W	YJL207C
YNR023W	YPL248C
YGR258C	YLR430W
YBR173C	YJL001W
YER067W	YFR004W
YDL029W	YIL066C
YJR093C	YNL189W
YIL075C	YOR362C
YGL179C	YGR126W
YER026C	YLL039C
YDL150W	YKL179C
YHL030W	YOL038W
YDL159W	YPR082C
YGR250C	YML002W
YFL037W	YGL122C
YHR027C	YIL075C
YLL039C	YPR042C
YDR480W	YKL116C
YBR160W	YHR200W
YER012W	YHR033W
YDL040C	YLL039C
YLR113W	YLR362W
YPR024W	YPR140W
YDR105C	YGL006W
YGL122C	YKL171W
YJL082W	YNL197C
YDR146C	YOL051W
YFR028C	YIR010W
YFR034C	YHR008C
YDR394W	YDR427W
YBR203W	YDR328C
YFR028C	YKR031C
YCL045C	YLL039C
YDR229W	YPR119W
YDR304C	YIL063C
YHR181W	YLR026C
YLR182W	YPL153C
YBL003C	YPL128C
YGR071C	YPL153C
YDR074W	YLL039C
YGL122C	YOR189W
YDL212W	YGR060W
YIL101C	YNL330C
YGL049C	YPR041W
YKL104C	YNL298W
YHR174W	YIR010W
YJR066W	YNL192W
YNL197C	YPL068C
YHL030W	YPR110C
YHR058C	YML007W
YDR027C	YFL029C
YER007W	YHR200W
YJR091C	YMR067C
YBL003C	YPL116W
YLL039C	YPR184W
YDL029W	YOR212W
YEL058W	YHR200W
YML065W	YOL120C
YDR425W	YJR110W
YGR060W	YLR350W
YFR034C	YKL182W
YGL122C	YHR187W
YDR398W	YKL101W
YFR024C-A	YOR181W
YMR216C	YPR174C
YER035W	YLR150W
YNL045W	YPL031C
YGL122C	YLL002W
YDR161W	YGL180W
YDL047W	YOR267C
YLL039C	YPL232W
YFR014C	YJL167W
YBR059C	YFR014C
YJR059W	YOR070C
YNL243W	YNL298W
YKL065C	YLL039C
YLL043W	YML016C
YBR128C	YDL185W
YDR330W	YGL180W
YDR356W	YHR172W
YDR081C	YKL104C
YIL109C	YKL103C
YJL005W	YJL026W
YLL039C	YPR155C
YDR225W	YJL081C
YMR080C	YOR076C
YNL307C	YOL138C
YHR152W	YKL211C
YDR057W	YML029W
YLR345W	YOR244W
YAL035W	YGL122C
YGL122C	YMR186W
YGL059W	YKL171W
YDL106C	YKR062W
YDR381W	YPR178W
YLR328W	YLR438W
YDR162C	YER086W
YJL167W	YPL149W
YER113C	YIL120W
YDR171W	YPL106C
YDR470C	YGL122C
YGL116W	YNL014W
YIL148W	YLL060C
YGL208W	YOR244W
YGL120C	YOL115W
YDR330W	YKR094C
YDL047W	YIL142W
YBR057C	YGL036W
YJR059W	YPR115W
YKL051W	YPR156C
YHL030W	YIL075C
YDR132C	YJR102C
YCL024W	YJR076C
YGL122C	YJL159W
YLR026C	YLR093C
YBR234C	YNL138W
YJL099W	YLR330W
YLL039C	YPL087W
YBR160W	YKL211C
YFR028C	YGR052W
YDR127W	YOR136W
YCL045C	YGL122C
YKL103C	YOR136W
YBR160W	YDR356W
YDL070W	YNR034W
YAL060W	YDR510W
YCL052C	YEL060C
YFL062W	YMR306W
YDL047W	YLR248W
YOL082W	YPL141C
YJR059W	YKL080W
YDR174W	YNL189W
YBL003C	YDR225W
YJL008C	YLL039C
YDR002W	YGL122C
YNL052W	YPL216W
YDR328C	YJL187C
YEL066W	YGR218W
YER179W	YOR191W
YDL100C	YPR075C
YDR032C	YML072C
YLR182W	YPL125W
YDR448W	YMR223W
YEL058W	YFR004W
YKL101W	YOR181W
YDL013W	YKL116C
YDR328C	YOL117W
YER164W	YMR223W
YDR428C	YGL122C
YJR091C	YKL113C
YGL006W	YHR094C
YBL046W	YGR063C
YGL122C	YPR023C
YDR219C	YHR122W
YDL144C	YDR088C
YBR234C	YIR006C
YBR234C	YNL106C
YFR014C	YJR076C
YMR143W	YNL132W
YKL081W	YNL197C
YDL155W	YFL009W
YNL069C	YPL220W
YBR194W	YPR091C
YDL212W	YDR508C
YMR139W	YMR291W
YHR113W	YNL153C
YDR322C-A	YLL039C
YFR004W	YHR104W
YKR068C	YLL039C
YBL076C	YHR200W
YDL025C	YJL105W
YHR137W	YPL031C
YBL005W	YOL051W
YER167W	YHR158C
YLR150W	YMR173W
YFL013C	YPL240C
YLL039C	YLR128W
YER012W	YOR261C
YGL122C	YMR160W
YIR001C	YPL031C
YKL051W	YOR273C
YHR082C	YNL192W
YDR304C	YGL122C
YDR155C	YFR004W
YHR118C	YPL008W
YAL056W	YBR140C
YKL065C	YPL264C
YBL084C	YDR118W
YLR113W	YPL240C
YMR165C	YNL307C
YDR502C	YHR169W
YEL009C	YHR090C
YGL098W	YGL122C
YLR072W	YNL307C
YGL122C	YIL139C
YCL011C	YGL120C
YGL122C	YML012W
YGL180W	YKL048C
YJR093C	YMR061W
YBR077C	YGR163W
YBR160W	YOR058C
YFR004W	YPL131W
YBL007C	YLR430W
YMR109W	YPL038W
YAL017W	YCL027W
YER133W	YIR010W
YGL122C	YLR244C
YDR264C	YLL039C
YGR284C	YOL132W
YNL007C	YNL161W
YDR481C	YGL122C
YBR105C	YMR135C
YBR193C	YCL028W
YNL007C	YPL106C
YGL122C	YNL194C
YJL020C	YMR032W
YFL011W	YPL240C
YGL122C	YOL117W
YGL137W	YMR291W
YDR208W	YOR181W
YBR045C	YBR148W
YEL015W	YGL173C
YER021W	YGL205W
YIR037W	YKL028W
YDR374C	YLR423C
YIR010W	YLR096W
YGR218W	YNL243W
YER186C	YGL122C
YIL151C	YLR121C
YHR156C	YOR181W
YBL076C	YKL029C
YDR477W	YLR191W
YFR004W	YGL055W
YBL046W	YDR225W
YFR004W	YKL196C
YDR510W	YJL008C
YDR099W	YDR328C
YEL041W	YHR115C
YDL186W	YHR079C
YML016C	YPL004C
YJR125C	YNR006W
YDR394W	YLR421C
YER094C	YGL122C
YBR160W	YJR141W
YDL047W	YDR465C
YGL122C	YKR063C
YJL106W	YPL254W
YDR030C	YIL142W
YBR234C	YMR105C
YBL093C	YBR193C
YDR409W	YDR510W
YBR160W	YFR004W
YHR027C	YKL171W
YDL215C	YKL171W
YOR039W	YOR287C
YDL171C	YJL141C
YGL180W	YOL070C
YHR200W	YKL182W
YBR136W	YOR189W
YBL003C	YHR090C
YLR272C	YPL209C
YBR065C	YNL250W
YHR079C	YOL082W
YDL013W	YDR397C
YIR025W	YLR102C
YFR028C	YJR066W
YJL117W	YMR215W
YBR279W	YGL207W
YGL122C	YPL250C
YDR394W	YOR136W
YHR200W	YMR202W
YNR052C	YPR046W
YKL168C	YNL307C
YDR392W	YMR223W
YCL032W	YIL118W
YJL146W	YPL203W
YKL116C	YNL022C
YDR510W	YGL206C
YER162C	YLL039C
YJL164C	YNL189W
YOR034C	YOR357C
YAL013W	YHR082C
YBR105C	YMR061W
YER094C	YOL038W
YGL151W	YHR058C
YLL043W	YOL123W
YGR275W	YNL298W
YFR037C	YGL133W
YDR087C	YPL131W
YDR128W	YNL307C
YFR043C	YLL039C
YFR004W	YOR109W
YGL122C	YHR087W
YIL048W	YJL196C
YNL197C	YPL116W
YHR082C	YPR091C
YDR334W	YER133W
YGR215W	YNL306W
YDR420W	YNL197C
YBL093C	YHR058C
YJL068C	YLR354C
YIR010W	YPR046W
YDR036C	YNL306W
YGL198W	YOR132W
YBL051C	YDL165W
YGR038W	YJR059W
YIL046W	YKL081W
YDL170W	YGL122C
YDR394W	YGR092W
YDL111C	YJR022W
YBL041W	YOR362C
YBR109C	YGR240C
YLR248W	YPL150W
YJL141C	YMR295C
YDL107W	YGL122C
YGR149W	YNL181W
YLL039C	YLL040C
YBL093C	YGL151W
YFR004W	YOR099W
YDR381W	YPR094W
YHL004W	YHR147C
YEL009C	YGL025C
YDL100C	YHR027C
YER166W	YFR024C-A
YDL197C	YNL124W
YGR104C	YOR141C
YHR079C	YPL150W
YJR045C	YNL078W
YJL052W	YOR117W
YNL216W	YPR052C
YGR192C	YPL240C
YFR014C	YLR030W
YCL043C	YHR204W
YFR014C	YPL100W
YJL154C	YOR132W
YER016W	YLR045C
YDR183W	YGL122C
YBR123C	YGL133W
YER115C	YGL122C
YDR294C	YHR027C
YHR113W	YNL222W
YHR094C	YKL203C
YHR090C	YJL081C
YER020W	YHR005C
YER009W	YKL130C
YGR287C	YMR216C
YCR045C	YOR348C
YDR328C	YIL046W
YBL041W	YER021W
YDL159W	YFR028C
YBR245C	YIR010W
YBR160W	YNL309W
YDR159W	YIL115C
YGR179C	YML109W
YFR004W	YOR323C
YFL062W	YPL141C
YJR043C	YNL307C
YFR034C	YML056C
YGL122C	YOR313C
YBL023C	YJL194W
YDR532C	YGL093W
YHL017W	YJL004C
YAL042W	YPL240C
YNL186W	YPL240C
YGL122C	YNL098C
YDL070W	YJR059W
YDL029W	YDR032C
YDL185W	YMR104C
YMR010W	YOR233W
YHR200W	YIL109C
YBR109C	YBR213W
YNL189W	YOR155C
YER119C	YPL240C
YHL030W	YHR027C
YER078C	YJL164C
YNR034W	YOR178C
YDR502C	YLR153C
YCR073W-A	YDL214C
YDR381W	YHR185C
YPL031C	YPL100W
YFR049W	YPL031C
YDR225W	YGR275W
YML007W	YNR023W
YGR060W	YPL076W
YDR059C	YJL106W
YLL039C	YNL102W
YHR094C	YPR156C
YGL122C	YLR046C
YDL028C	YGR179C
YDR481C	YDR510W
YMR001C	YPL154C
YGL137W	YNL274C
YDL173W	YPL031C
YDL028C	YML091C
YBR152W	YML049C
YFR024C-A	YGR218W
YDL194W	YGL122C
YCL024W	YNL078W
YDR366C	YGL122C
YBL003C	YBR060C
YGL122C	YKL033W-A
YLR131C	YPL256C
YMR139W	YNL197C
YLR262C	YLR304C
YCR023C	YLL039C
YLR303W	YOR117W
YBR256C	YGL122C
YDR153C	YNR006W
YDR145W	YGL122C
YGL207W	YGL252C
YDR075W	YDR225W
YJR091C	YOR317W
YDR386W	YNL132W
YLR026C	YNL041C
YGR260W	YJL196C
YGL122C	YML007W
YML065W	YMR241W
YGL122C	YGR053C
YDR353W	YHR200W
YLR187W	YNL197C
YIR009W	YNL091W
YDR159W	YMR304W
YER022W	YML007W
YAL043C	YOR250C
YDR381W	YNL293W
YER054C	YFR014C
YDR477W	YJR019C
YBR052C	YBR132C
YFR004W	YPL225W
YFR004W	YJR148W
YER053C	YGL122C
YDR381W	YDR515W
YKL065C	YPR156C
YHR186C	YOR181W
YFL007W	YKL168C
YJR009C	YML056C
YIL046W	YJR131W
YDR071C	YFR004W
YDR225W	YJL176C
YBR194W	YML072C
YNL007C	YPL031C
YDL078C	YPL240C
YFR021W	YPL031C
YGL098W	YLR268W
YGR074W	YPR182W
YBR160W	YFL029C
YDR510W	YFL037W
YLL039C	YNL248C
YOR181W	YPL240C
YER111C	YGL207W
YJL187C	YPL124W
YML016C	YPL031C
YJL159W	YKL073W
YJL060W	YOR327C
YLR200W	YLR212C
YML065W	YNR003C
YDL028C	YNL186W
YBR193C	YGR104C
YAR027W	YOL030W
YBR018C	YGL137W
YGL122C	YJR148W
YDR510W	YHR027C
YPR034W	YPR081C
YKL006C-A	YLL039C
YGL206C	YHR161C
YFR017C	YPR184W
YLL039C	YOL096C
YEL009C	YPL038W
YDL022W	YHR027C
YIR009W	YLR456W
YJL005W	YNL098C
YDR374C	YGL122C
YGR260W	YLL039C
YLR330W	YOR290C
YGL122C	YMR182C
YEL039C	YOR117W
YAL043C	YNL313C
YGR103W	YPR041W
YDL225W	YDR477W
YDR027C	YKR020W
YLL039C	YLR407W
YNL064C	YPL150W
YJL023C	YPR116W
YBL015W	YPR110C
YMR115W	YPR024W
YIL034C	YJL187C
YNL252C	YOL027C
YJL034W	YLL039C
YDR293C	YMR304W
YEL009C	YOR117W
YGR255C	YOL096C
YBR194W	YPL070W
YBR160W	YOL070C
YGL067W	YHR121W
YIL107C	YML106W
YLR423C	YML064C
YDR510W	YPR041W
YHL014C	YPR074C
YDR155C	YDR510W
YHR113W	YKL103C
YLL039C	YMR110C
YGL158W	YJL176C
YBR109C	YKL067W
YBR126C	YLR411W
YHR047C	YLL039C
YDR513W	YPL031C
YFR004W	YMR080C
YAL017W	YOL125W
YFR024C-A	YGL180W
YBR083W	YMR164C
YBR160W	YGL122C
YOR136W	YPR111W
YDR141C	YNL297C
YER133W	YHR097C
YER098W	YKL101W
YPL031C	YPR026W
YER094C	YFR004W
YGL056C	YGL179C
YFR034C	YPL031C
YJL052W	YML056C
YJL110C	YKR081C
YDR159W	YDR264C
YDR293C	YML064C
YBL003C	YPL153C
YER179W	YML064C
YGR009C	YOR327C
YJL006C	YJR076C
YFR028C	YGR094W
YER014W	YGL122C
YCL056C	YJL185C
YBR160W	YJR092W
YBL056W	YBR039W
YDL226C	YOR181W
YGL180W	YNL304W
YBR160W	YER012W
YDR229W	YGL179C
YCL008C	YMR032W
YFR028C	YKR010C
YBR156C	YDR328C
YNL125C	YPL240C
YHL023C	YLR096W
YKL129C	YMR109W
YDL167C	YLL039C
YGL133W	YKR001C
YDL028C	YKR096W
YGR130C	YKL193C
YFR004W	YMR173W
YGR052W	YJL051W
YGL053W	YIL109C
YDR255C	YMR135C
YHR104W	YHR200W
YDL075W	YHR200W
YLL039C	YMR304W
YGL122C	YGR058W
YHR140W	YMR215W
YJR045C	YLR369W
YBR069C	YDR171W
YDR137W	YLR262C
YGL137W	YMR105C
YFL009W	YLR079W
YJR093C	YLR044C
YDR304C	YHR097C
YKL101W	YOR168W
YBL039C	YKL029C
YAL013W	YNL097C
YDR171W	YDR448W
YDL239C	YOR177C
YGL122C	YML117W
YBR114W	YPL154C
YDL089W	YDR439W
YDL013W	YMR216C
YGL122C	YMR112C
YGL122C	YNR070W
YJL178C	YOR132W
YBR160W	YLR457C
YGL122C	YKL103C
YGL180W	YLR244C
YJL090C	YLR098C
YBR069C	YJL117W
YBL093C	YGL025C
YGL122C	YMR027W
YHL023C	YOL138C
YFL007W	YML109W
YBL058W	YFL044C
YDR068W	YMR010W
YHR034C	YLL039C
YGL180W	YOR123C
YBL003C	YOR290C
YFR004W	YOR128C
YHR079C	YMR295C
YHR121W	YJL044C
YGL116W	YJL164C
YGL190C	YML109W
YGL122C	YPR158W
YJL044C	YLR150W
YER054C	YGL134W
YJL068C	YOR125C
YHR027C	YJL111W
YHR200W	YJR009C
YBR284W	YMR138W
YGR061C	YHR200W
YHR027C	YIL148W
YDL015C	YDR502C
YJR076C	YOR084W
YER051W	YGL122C
YGR240C	YKL081W
YMR021C	YOR111W
YFR028C	YMR160W
YDL065C	YMR284W
YDR061W	YGL122C
YER052C	YFR004W
YLR098C	YPL149W
YHL048W	YKL065C
YKL007W	YKL028W
YDR406W	YLL039C
YHR079C	YLL043W
YHR026W	YIL088C
YBR161W	YEL042W
YDR032C	YHR027C
YNL248C	YPR110C
YHR034C	YPL193W
YER054C	YER133W
YDR381W	YDR386W
YER125W	YGL180W
YCL043C	YMR291W
YFL048C	YLR268W
YGL122C	YOR039W
YEL044W	YOR189W
YEL013W	YIL129C
YGL122C	YLR178C
YJL164C	YNL166C
YEL013W	YFR004W
YNL191W	YNL197C
YPL008W	YPL240C
YLR345W	YOR219C
YDR428C	YER123W
YJR009C	YLL039C
YHR079C	YPR198W
YBR225W	YHR082C
YJL020C	YMR109W
YGL179C	YHR205W
YAL043C	YNL222W
YDL025C	YFR028C
YDR346C	YJL187C
YER024W	YPL031C
YCL052C	YGL122C
YDL153C	YPR178W
YIR010W	YNL088W
YBR160W	YIL101C
YDR150W	YLL039C
YML056C	YPL220W
YDR381W	YIR010W
YGR105W	YLR447C
YJR059W	YJR099W
YDR378C	YER146W
YLR399C	YNL107W
YIR010W	YJL154C
YIR010W	YJR068W
YGL203C	YLL039C
YGL122C	YOR031W
YBL058W	YBR223C
YBR039W	YIL106W
YDR224C	YDR365C
YDL111C	YDR280W
YLL039C	YLR079W
YMR139W	YPL141C
YDR356W	YGL093W
YML072C	YOL105C
YBR161W	YJR001W
YDR452W	YNL217W
YDL116W	YIL115C
YFR004W	YOR362C
YIL124W	YPL106C
YGL180W	YNL314W
YLR423C	YMR124W
YFR028C	YOR265W
YDR394W	YPL248C
YGL180W	YIL077C
YEL030W	YGL122C
YBL087C	YDR496C
YCR073W-A	YER133W
YLL011W	YPL240C
YGL137W	YGR202C
YDL214C	YOL065C
YDR398W	YJL026W
YJR117W	YLL039C
YHR190W	YNL083W
YER021W	YJL001W
YFR004W	YGR209C
YGL206C	YOR109W
YGL122C	YLR404W
YAL034W-A	YDL028C
YDL132W	YDR328C
YJR066W	YMR216C
YHR170W	YPL131W
YDR354W	YER065C
YHR169W	YLR153C
YMR061W	YOR250C
YHR174W	YNL127W
YGL059W	YJL084C
YDR106W	YGL122C
YIL055C	YPL115C
YDR309C	YOR127W
YGR092W	YOL059W
YBL072C	YGL147C
YLL011W	YNL186W
YDR068W	YDR264C
YAR007C	YGL256W
YBL099W	YHR027C
YGL055W	YIL027C
YBR086C	YNL307C
YNL117W	YOL147C
YDL070W	YNL307C
YDR328C	YIL148W
YHR027C	YML106W
YER136W	YOR089C
YBR056W	YLL039C
YDR204W	YGL122C
YCL028W	YHR058C
YJR076C	YKL048C
YJL141C	YLR109W
YDL052C	YHL030W
YDL165W	YNL315C
YFL026W	YNL307C
YLR098C	YPR049C
YGR260W	YPR028W
YFL013C	YML065W
YCR002C	YJR092W
YDR510W	YPR074C
YBL003C	YFL013C
YMR304W	YNL161W
YBR036C	YJR117W
YMR139W	YOL053W
YOR009W	YPL240C
YCR042C	YDR145W
YDL013W	YPR045C
YBR069C	YDL015C
YDL005C	YML007W
YGL137W	YOR327C
YGL180W	YJR092W
YFR014C	YJL137C
YGL122C	YGR244C
YIL148W	YJL187C
YDL212W	YEL017C-A
YDR353W	YHR106W
YGR126W	YJL106W
YDR159W	YGL122C
YDR046C	YNL197C
YBR207W	YOL132W
YJL196C	YPL076W
YIL118W	YPL031C
YDR174W	YGR275W
YDR377W	YKL016C
YBR233W	YGL122C
YCL010C	YGL066W
YDR477W	YML062C
YHR050W	YJR015W
YJR022W	YPR178W
YDL006W	YFR028C
YJR059W	YLR133W
YDL091C	YGL122C
YLR262C	YMR186W
YKR002W	YLL039C
YDL212W	YHR026W
YGL173C	YML056C
YGL190C	YNL197C
YHR200W	YPL028W
YDR477W	YER040W
YBL003C	YDL105W
YGL122C	YJL099W
YHR082C	YKL161C
YHR174W	YNL192W
YDL025C	YPL220W
YJL187C	YNL125C
YDL075W	YNL175C
YGL122C	YGR063C
YLL039C	YML028W
YER021W	YFR052W
YJL164C	YJL167W
YDR127W	YGR240C
YDL216C	YOL117W
YGL122C	YLR204W
YNL091W	YNL162W
YDR259C	YGL122C
YER111C	YGR192C
YGR170W	YJR059W
YDR518W	YNL307C
YBR225W	YER133W
YDL002C	YGR192C
YMR258C	YOR089C
YGL198W	YML001W
YLR373C	YPL128C
YDR099W	YHR161C
YCL024W	YKL091C
YDR510W	YPL210C
YAL034W-A	YBR211C
YGL066W	YHR064C
YER114C	YPL038W
YGR095C	YNL189W
YIR010W	YKL060C
YBL002W	YDR334W
YGL122C	YMR270C
YJR066W	YNL314W
YHL048W	YJL117W
YKR095W	YPL169C
YDR477W	YJL084C
YJL106W	YNL074C
YGR092W	YPR119W
YDR496C	YPL220W
YBR207W	YJL154C
YEL017W	YMR001C
YDR502C	YHR200W
YCR042C	YLL039C
YJL187C	YPL240C
YAL043C	YLL039C
YDL212W	YLR350W
YDR477W	YJL089W
YGR103W	YLL039C
YHR200W	YKL081W
YKL091C	YPL209C
YGR052W	YLL013C
YKL051W	YML072C
YJR092W	YPL031C
YDR293C	YPL031C
YGL122C	YIL138C
YIL061C	YNL189W
YCL024W	YLR319C
YER021W	YFR004W
YER114C	YNL298W
YEL042W	YLL039C
YLR096W	YLR182W
YDR130C	YKL054C
YNL147W	YPR178W
YDR208W	YPR052C
YCL035C	YKL126W
YJL081C	YNL107W
YER111C	YIL050W
YGL122C	YJR142W
YGR232W	YOL117W
YER086W	YJL052W
YGL189C	YLL039C
YKL129C	YNL025C
YDR155C	YIR005W
YGL122C	YLR102C
YBR059C	YGR256W
YHR200W	YOR261C
YCR079W	YER178W
YLL039C	YPL231W
YHR131C	YLR248W
YHR152W	YJR148W
YJL173C	YNL312W
YDR508C	YKL220C
YGL073W	YLL019C
YBR052C	YLL039C
YCR007C	YDL164C
YGL122C	YPR127W
YDR328C	YMR258C
YGL098W	YOR075W
YGL252C	YNL076W
YBR194W	YLR044C
YGL122C	YPL210C
YJL154C	YJR110W
YDL100C	YHR005C
YDR032C	YKL051W
YLR228C	YMR070W
YHR027C	YHR094C
YBR158W	YHR064C
YHR200W	YNL069C
YGL106W	YML034W
YDR499W	YMR303C
YDR108W	YML077W
YGL122C	YMR031C
YGL173C	YML111W
YER125W	YGL087C
YDR099W	YLR135W
YDR122W	YJL187C
YKL068W	YMR080C
YBR036C	YHR140W
YOR141C	YOR290C
YGR162W	YNL175C
YHL048W	YJR117W
YBL087C	YPL131W
YDL171C	YPR086W
YBR272C	YGL048C
YGL122C	YGR008C
YFL037W	YOR136W
YGL122C	YPR193C
YDR032C	YPL031C
YER162C	YFR021W
YER133W	YGR052W
YLL039C	YOL123W
YBL047C	YNL243W
YJL106W	YLR457C
YDL052C	YNL138W
YGR217W	YLL039C
YGL122C	YNL056W
YNL317W	YPR107C
YOR034C	YOR132W
YDR477W	YGL023C
YDR477W	YOR018W
YER125W	YML111W
YAL034W-A	YKL103C
YHR082C	YNL147W
YDR146C	YPL254W
YDR510W	YKL094W
YDL161W	YIR006C
YDR272W	YGR223C
YER020W	YMR186W
YLR032W	YML065W
YGR060W	YJR010C-A
YGL122C	YHR106W
YGR046W	YKL130C
YKL051W	YLR332W
YCR030C	YMR109W
YDL115C	YGL180W
YDR171W	YGR092W
YEL017W	YGL180W
YBL072C	YMR093W
YGL120C	YLR275W
YGL122C	YOL138C
YDR510W	YJL026W
YBR298C	YML048W
YKL126W	YLL039C
YDR312W	YPR143W
YKL092C	YLR182W
YER111C	YLR182W
YFR034C	YLR359W
YFR014C	YKL151C
YJR148W	YPL031C
YDR304C	YHR185C
YML009C	YOL027C
YDL159W	YMR276W
YAR027W	YNL315C
YLR074C	YPL131W
YDL047W	YOR317W
YCR091W	YNL155W
YAR033W	YKL174C
YBR109C	YMR105C
YBL047C	YBR059C
YKL130C	YKL168C
YKL101W	YMR155W
YDR484W	YJL029C
YDL087C	YJL074C
YMR105C	YOR212W
YDL185W	YDR202C
YGL106W	YOR181W
YHR082C	YLR098C
YMR154C	YOR362C
YAL058W	YIL120W
YFR004W	YIL063C
YDR225W	YDR334W
YBR065C	YPR182W
YMR001C	YNL102W
YDL185W	YGL122C
YDR477W	YFR028C
YGR119C	YPL169C
YGL122C	YKR083C
YIR038C	YJL183W
YKL035W	YLL039C
YFL047W	YNL180C
YFR028C	YGL122C
YLR150W	YPL146C
YGR104C	YNL189W
YGL216W	YGR223C
YJR017C	YNL014W
YDR155C	YPL146C
YJR112W	YOR360C
YGR232W	YHR200W
YKL057C	YPL169C
YDL239C	YPL255W
YDL175C	YNR024W
YDR099W	YNL330C
YBR126C	YLL039C
YGR103W	YLR074C
YCR094W	YGL203C
YIL051C	YKR048C
YDR356W	YHR005C
YDR381W	YML012W
YGR162W	YKL204W
YLR332W	YPL004C
YKL092C	YLL039C
YAR007C	YLR304C
YFL030W	YGL122C
YHR027C	YKL065C
YDR497C	YGR130C
YJL141C	YNL250W
YNL161W	YOL070C
YBL047C	YDL161W
YGL122C	YPL006W
YBL050W	YGR009C
YBR036C	YPL057C
YDL028C	YMR001C
YLR200W	YMR052W
YDL137W	YPL031C
YGL014W	YPL031C
YBR156C	YKR083C
YIR010W	YNL248C
YAR007C	YBL003C
YJL053W	YMR010W
YHR027C	YJR104C
YBL058W	YHR064C
YJR076C	YPL153C
YGR162W	YLL039C
YDR224C	YJL176C
YGL122C	YOL083W
YAL062W	YOR362C
YDR359C	YEL013W
YDR229W	YJL187C
YGL122C	YLR446W
YHR140W	YKL065C
YAR033W	YPL076W
YDR153C	YJR125C
YGL122C	YJR059W
YHR143W	YNL197C
YHR082C	YOR123C
YDR394W	YOL038W
YHR152W	YKL152C
YOR162C	YPL031C
YDR145W	YML065W
YGL122C	YPR148C
YFR004W	YLR113W
YBR109C	YJR104C
YGL137W	YPL240C
YGR008C	YJR059W
YGR233C	YPL031C
YCL010C	YMR080C
YAL055W	YDL100C
YMR091C	YPL240C
YER012W	YGL122C
YDL111C	YDL165W
YIR003W	YKL007W
YGR184C	YPL177C
YFR014C	YML001W
YAR007C	YBR136W
YDL240W	YJL020C
YGR014W	YNL298W
YHR079C	YPR156C
YDL109C	YGL122C
YFR014C	YLR457C
YMR001C	YOR117W
YDR293C	YNL161W
YGL070C	YOL051W
YDR416W	YGL120C
YBL072C	YOR117W
YFL037W	YOR265W
YGL180W	YHR014W
YGL122C	YIR003W
YDL185W	YLL039C
YDR293C	YLR190W
YHR166C	YPL124W
YDR510W	YLR449W
YOR181W	YOR367W
YGL122C	YPL069C
YDL080C	YLL039C
YBR036C	YDL212W
YBR109C	YLR274W
YMR070W	YPL240C
YFL037W	YIR010W
YDR103W	YOR212W
YHR082C	YHR186C
YDR145W	YPL248C
YGL122C	YIL143C
YGL122C	YMR154C
YDR381W	YOR267C
YGL137W	YLR268W
YGR174C	YLL039C
YDL047W	YKL029C
YGL122C	YHR209W
YKL007W	YOL065C
YBR160W	YEL061C
YEL015W	YIR010W
YML007W	YOR244W
YEL061C	YOR058C
YDR510W	YFR052W
YCR091W	YML083C
YGL025C	YKR083C
YDR510W	YER016W
YDL239C	YML042W
YAL046C	YGL122C
YLR150W	YOR058C
YER162C	YKL005C
YDR394W	YGL004C
YGL036W	YPR041W
YDR518W	YGL122C
YDL029W	YJL008C
YMR135C	YPL153C
YGL122C	YKL064W
YGR092W	YPL124W
YJL020C	YOR181W
YBR160W	YPL256C
YDR394W	YGL122C
YER012W	YOR123C
YGL158W	YHR001W
YDR091C	YHR082C
YJL062W	YPL076W
YGL179C	YKR096W
YHR170W	YPL169C
YBL056W	YGR240C
YDR510W	YEL034W
YBL007C	YCR030C
YBR126C	YHR200W
YEL034W	YNL250W
YJR091C	YLL039C
YKL029C	YPL220W
YBR284W	YDR328C
YLR268W	YOR075W
YDR466W	YOR141C
YJL187C	YNL192W
YBR160W	YKL129C
YGL226C-A	YOR085W
YDL195W	YDL212W
YMR182C	YPL031C
YDR256C	YPL150W
YBR175W	YDR138W
YEL004W	YNL197C
YDR477W	YMR086W
YHR082C	YKR070W
YDR510W	YEL009C
YGL122C	YPR131C
YCL024W	YPL240C
YGR112W	YHR051W
YEL060C	YNL106C
YDR477W	YFL054C
YER133W	YOR315W
YIL148W	YMR186W
YDR510W	YPR112C
YAL043C	YAL046C
YCR106W	YPR046W
YEL060C	YOR168W
YKL065C	YNL048W
YER136W	YFR004W
YER012W	YFR052W
YLR031W	YMR124W
YBL003C	YOR058C
YDL100C	YKL154W
YGL122C	YOL089C
YCR073C	YIL051C
YGL122C	YMR105C
YJL196C	YKL154W
YGR094W	YHR027C
YBR059C	YJL084C
YNR016C	YPR110C
YMR001C	YPL255W
YFR014C	YGL073W
YER026C	YPL076W
YGL122C	YML129C
YJL081C	YML007W
YKL182W	YPL231W
YDR322W	YKL167C
YBR103W	YKR029C
YDR128W	YHL023C
YDL025C	YJL164C
YBR160W	YFR028C
YER136W	YGL122C
YFR004W	YIR036C
YGL237C	YJR132W
YDR085C	YLR423C
YDL226C	YFR004W
YMR186W	YOR117W
YER133W	YLR044C
YAL035W	YHR216W
YDL025C	YNL175C
YDR032C	YLR332W
YER141W	YGR112W
YDR254W	YIR010W
YDR284C	YGL122C
YDL171C	YFR034C
YHL025W	YNL216W
YGL122C	YPL074W
YKL197C	YNL329C
YGR168C	YKL101W
YIL036W	YIR010W
YDR515W	YKL054C
YDR252W	YGL122C
YNL216W	YPL248C
YLR113W	YPR115W
YHR133C	YNL321W
YHR164C	YKL113C
YER133W	YNL222W
YDR075W	YMR028W
YER019C-A	YJR010C-A
YJR076C	YNL078W
YFL062W	YML012W
YOR117W	YPL106C
YMR173W	YPL141C
YFR004W	YML056C
YGL004C	YGR232W
YBL007C	YDL028C
YDR091C	YJL005W
YFR024C-A	YNL106C
YDR312W	YGL180W
YGR119C	YGR218W
YBR083W	YKL161C
YGL180W	YIR003W
YBR194W	YDR074W
YKL051W	YLR219W
YJL153C	YLR027C
YDR443C	YGL151W
YFR049W	YGL122C
YGL122C	YNL012W
YDL185W	YLL019C
YAR027W	YOL129W
YGL122C	YGR019W
YDR244W	YGL205W
YDL197C	YPL240C
YGL122C	YJL005W
YLR219W	YPL004C
YBR059C	YMR139W
YHL009C	YPL240C
YBL003C	YDR194C
YGL179C	YLL050C
YFR028C	YJL187C
YGR038W	YLR350W
YDR421W	YGL122C
YDL002C	YML065W
YIL140W	YJL129C
YFR004W	YMR241W
YBL076C	YHR027C
YBR245C	YMR091C
YGR047C	YMR061W
YFL009W	YGL170C
YDR427W	YOR117W
YFR052W	YJR022W
YDR145W	YGL066W
YOL012C	YOR244W
YBR160W	YHR098C
YCL011C	YML062C
YLR074C	YPL198W
YDL031W	YDL040C
YDR264C	YMR292W
YHR172W	YLR212C
YBR160W	YDL089W
YER125W	YJL084C
YBL002W	YDR510W
YBR053C	YNL339C
YDR179C	YIL075C
YFR004W	YLR153C
YDL165W	YNR052C
YML009C	YNL252C
YCR033W	YKR029C
YAR033W	YGR260W
YBL003C	YML065W
YDR443C	YNL025C
YGL190C	YNR032W
YDR436W	YPR005C
YGR012W	YLL039C
YEL009C	YLL039C
YDR328C	YFR004W
YBR160W	YHR027C
YIL075C	YOR261C
YDR224C	YMR223W
YGL106W	YOR368W
YGL059W	YGL180W
YJL164C	YPL146C
YDR171W	YLL039C
YKL149C	YLL039C
YGL104C	YGL225W
YIL057C	YPL150W
YHR113W	YOL082W
YBR128C	YGL122C
YGL092W	YGR218W
YDL161W	YOR111W
YBL003C	YHR118C
YFR004W	YGL252C
YOR181W	YPL004C
YBR107C	YPR046W
YOR380W	YPL031C
YER114C	YML109W
YGL122C	YLR017W
YCR079W	YPL110C
YBR132C	YLL039C
YDR318W	YDR383C
YIL038C	YKL101W
YFL007W	YOL038W
YDL052C	YKL094W
YDR293C	YIR010W
YDR477W	YIL075C
YHR169W	YOR136W
YHR115C	YOR215C
YER007W	YFR028C
YLL039C	YMR246W
YGL075C	YIL149C
YGL134W	YKR096W
YDR225W	YPL248C
YFR004W	YGL207W
YBR044C	YLL041C
YGL122C	YOR132W
YDR495C	YMR231W
YEL066W	YML064C
YBR105C	YDR171W
YBR114W	YGR192C
YMR109W	YOR227W
YFR021W	YJR025C
YDL006W	YGL158W
YER125W	YNL305C
YNL298W	YPL115C
YGL122C	YMR300C
YML034W	YPL153C
YGL122C	YLR093C
YOR177C	YPL031C
YHR090C	YMR216C
YBL093C	YMR109W
YLR330W	YPL131W
YJL172W	YNL217W
YKL085W	YOL128C
YPL004C	YPL150W
YGL055W	YHR027C
YGL122C	YOR127W
YDR365C	YPL146C
YCL028W	YMR112C
YGR094W	YLL039C
YFR037C	YPL106C
YPL031C	YPL249C
YDR510W	YNL097C
YBR034C	YGL122C
YLL050C	YLR059C
YLR085C	YLR187W
YOL147C	YPL112C
YAR031W	YJR015W
YDL100C	YFR004W
YEL044W	YJL081C
YGL122C	YKR016W
YBR156C	YER016W
YDL165W	YDR448W
YHR094C	YHR200W
YDL215C	YGR104C
YOL083W	YPR049C
YJL146W	YJL164C
YDR427W	YLL039C
YML042W	YPL070W
YDR359C	YPR023C
YCR079W	YJR059W
YBR086C	YPR086W
YIL149C	YPL169C
YDR354W	YPL031C
YFR004W	YKL035W
YJL117W	YPL076W
YMR104C	YMR109W
YIL115C	YKL068W
YHL004W	YLR312W-A
YNL177C	YPR191W
YBL072C	YLL011W
YAR031W	YHR110W
YJL084C	YKL135C
YDR425W	YGL059W
YGR162W	YNL124W
YER146W	YKL209C
YJL034W	YJR104C
YIL109C	YPL031C
YGL122C	YPL149W
YNL175C	YPL198W
YBR245C	YOL017W
YDR381W	YIL129C
YJR066W	YOR008C
YJR066W	YOL030W
YKR068C	YMR186W
YHR082C	YKL210W
YGL122C	YJL029C
YBR140C	YPL240C
YGR260W	YHR110W
YGL122C	YML093W
YFR050C	YOL038W
YFR015C	YLR369W
YGL122C	YGR062C
YDR129C	YOR117W
YER146W	YGL173C
YBL047C	YOR244W
YGL208W	YOR136W
YKL016C	YML081C-A
YJL164C	YPR143W
YGL206C	YHR200W
YDR032C	YLL039C
YJL006C	YKR018C
YMR202W	YOR117W
YDR381W	YGL067W
YDR404C	YGL122C
YER012W	YMR186W
YJR059W	YOL082W
YBL017C	YJL178C
YAR071W	YCR038C
YFR029W	YIR037W
YDL153C	YKL171W
YGL013C	YPL150W
YBR138C	YIL046W
YDR475C	YIR010W
YKL203C	YPR156C
YGL122C	YPR149W
YDL006W	YKL168C
YCL024W	YCL035C
YGL122C	YKR038C
YOR042W	YPR119W
YGR218W	YPL120W
YFR014C	YLR259C
YNL317W	YOL045W
YGR094W	YOR117W
YDL031W	YDR087C
YKR048C	YOR244W
YFR044C	YNL191W
YFR014C	YMR165C
YNL084C	YOR329C
YGR092W	YJR060W
YPL031C	YPR042C
YML065W	YOR039W
YJR022W	YNL242W
YBR160W	YKR097W
YDL116W	YDR159W
YDR169C	YLR248W
YMR192W	YPL249C
YHR022C	YJR059W
YHR110W	YJL196C
YCL009C	YML065W
YIL148W	YPL240C
YGL179C	YKL093W
YLL013C	YLR423C
YML065W	YPR132W
YBR211C	YGR179C
YDL111C	YGR095C
YML117W	YNL251C
YDR130C	YPL209C
YFR028C	YNL161W
YDR252W	YNR052C
YMR031C	YMR086W
YCL056C	YFR025C
YDL173W	YDR381W
YBL003C	YKR048C
YDL214C	YJL110C
YDR169C	YDR510W
YER114C	YGL190C
YDR146C	YER022W
YBR160W	YDR168W
YIL061C	YPR191W
YER133W	YOR178C
YBR202W	YLR274W
YBR160W	YIL050W
YDR496C	YLR233C
YDL132W	YLR128W
YEL034W	YNL293W
YCL024W	YNL113W
YHR140W	YJL196C
YBR052C	YGL122C
YGL061C	YPL209C
YDR318W	YGR179C
YIR038C	YOL147C
YEL022W	YLL039C
YGL122C	YHR015W
YDL047W	YMR246W
YLR259C	YNR017W
YIL074C	YPL031C
YBR175W	YLR150W
YGL122C	YHR198C
YKL080W	YLL039C
YGL158W	YGR063C
YBL017C	YGL206C
YFL048C	YOL129W
YBR173C	YGL096W
YDR510W	YIR038C
YNL078W	YNL307C
YNL091W	YPL229W
YBL050W	YIL004C
YEL034W	YFR004W
YLR113W	YMR276W
YDR244W	YKL197C
YGL122C	YMR225C
YBR193C	YOL051W
YGR058W	YJL164C
YJL106W	YJL194W
YGR162W	YIL061C
YBR059C	YNL243W
YCL029C	YJL187C
YDL113C	YPR049C
YGL048C	YHL030W
YKR066C	YPL004C
YNL307C	YOR266W
YJR061W	YKL168C
YBL041W	YER094C
YBR059C	YOL068C
YHR027C	YIR036C
YML064C	YNL197C
YKL018W	YKL059C
YDR365C	YIL142W
YER103W	YPL106C
YCR007C	YGL122C
YLL039C	YNL287W
YBL003C	YOL051W
YBR211C	YJR112W
YDR071C	YPL153C
YAL062W	YGL122C
YNL307C	YOL147C
YJR059W	YNL047C
YGL206C	YPL106C
YFL044C	YLL039C
YFR014C	YGL207W
YGL059W	YPL006W
YDR041W	YGR185C
YER012W	YHR027C
YDR477W	YLL039C
YLR009W	YLR387C
YJR132W	YLR113W
YGL158W	YHR058C
YGL122C	YHR092C
YJR093C	YKL018W
YGL180W	YNL173C
YDR519W	YOR261C
YJR094W-A	YOR117W
YDR145W	YML098W
YDL185W	YJR033C
YMR061W	YNL317W
YEL039C	YHR027C
YER114C	YMR080C
YDR147W	YHR087W
YDL028C	YGL093W
YLR098C	YNL056W
YDR328C	YOR089C
YMR241W	YOL132W
YDR173C	YGL122C
YDR254W	YDR383C
YBL041W	YOL038W
YGR162W	YJL090C
YGR092W	YKL104C
YDR510W	YLR082C
YDL087C	YPR182W
YEL015W	YER032W
YFL046W	YGL122C
YBL074C	YPR178W
YER178W	YOR117W
YDL075W	YDR130C
YGL180W	YOL130W
YIL117C	YNL307C
YGL060W	YMR032W
YIR010W	YNL113W
YGL122C	YMR263W
YDR353W	YNL180C
YCL028W	YNL064C
YBR111C	YGL122C
YHR082C	YJR066W
YHR094C	YOR316C
YDL006W	YMR001C
YKL210W	YOR117W
YIR037W	YOL147C
YBR171W	YGL122C
YHR202W	YPL153C
YGL180W	YKR041W
YDR346C	YPR118W
YBL039C	YHR200W
YIL115C	YJR132W
YDR359C	YOR244W
YLL039C	YPL152W
YER125W	YPR074C
YIL148W	YIR010W
YDL153C	YOR267C
YGL048C	YGR218W
YDR477W	YPL248C
YOL082W	YPL153C
YKL059C	YNL222W
YDR496C	YPL131W
YJL172W	YPL240C
YDR322W	YLR312W-A
YGR130C	YKL051W
YER133W	YFR015C
YER136W	YLR362W
YHR034C	YPL146C
YJR017C	YMR263W
YBR160W	YNL321W
YLR191W	YNL152W
YFR004W	YLR359W
YLR061W	YPL240C
YJR059W	YKL140W
YBR272C	YOR261C
YBL003C	YDL002C
YIR010W	YOR141C
YDR159W	YNL189W
YDR404C	YER125W
YGL059W	YGR179C
YDL006W	YDL132W
YKL196C	YLL039C
YBR182C	YLR113W
YDL125C	YPL240C
YFR004W	YJR104C
YBR130C	YLR092W
YDR091C	YFR004W
YNL084C	YNL250W
YNL216W	YOR290C
YBR130C	YPL240C
YDR013W	YNL102W
YGL180W	YGL209W
YDL153C	YNL307C
YER094C	YFL007W
YJR001W	YPL031C
YKL085W	YNR001C
YBR058C	YEL030W
YLR241W	YOR307C
YGR192C	YHR154W
YIR010W	YJL034W
YGR218W	YHR170W
YIR037W	YPR156C
YGR275W	YML065W
YDR293C	YHR079C
YBR160W	YML083C
YMR109W	YNR007C
YGL137W	YKL029C
YDL185W	YPR110C
YDR255C	YGL122C
YDR159W	YOR250C
YDR041W	YNL137C
YGL189C	YLR150W
YEL025C	YMR276W
YBR245C	YGL122C
YKR048C	YOL059W
YDR466W	YNL099C
YDR130C	YER133W
YBL007C	YNL243W
YHR027C	YIL118W
YIR010W	YLR045C
YEL015W	YJR022W
YGR074W	YIL061C
YHR113W	YNL189W
YLL039C	YMR104C
YKL028W	YOL012C
YML072C	YPR156C
YGL122C	YGR127W
YGL122C	YGR060W
YBR039W	YJR068W
YCL032W	YDR032C
YPL094C	YPR037C
YLL039C	YOR087W
YLR332W	YML016C
YKL058W	YNL306W
YDL230W	YNL307C
YDR088C	YLR430W
YHR064C	YKR101W
YDR028C	YNR034W
YCR073W-A	YHR082C
YER086W	YPL240C
YHR096C	YNL197C
YJL084C	YJL187C
YGL205W	YJL164C
YDR322W	YHR147C
YGL122C	YMR297W
YGL158W	YNR023W
YDL225W	YJR092W
YOL147C	YPL031C
YJL194W	YLR274W
YBL003C	YMR186W
YMR311C	YPL031C
YDL113C	YGR172C
YGL198W	YLL039C
YGL122C	YIL166C
YGL180W	YLR098C
YBR160W	YDL106C
YHR033W	YHR082C
YGL122C	YOR303W
YOL012C	YPR052C
YOR101W	YPL240C
YGL206C	YJL153C
YKL101W	YLL039C
YBR221C	YGR193C
YBR245C	YER164W
YER007W	YHR027C
YGL158W	YGL231C
YGL048C	YGR232W
YFR004W	YGR092W
YGR162W	YNL161W
YBL087C	YDR361C
YDL087C	YNL210W
YDL237W	YPR148C
YEL066W	YGL122C
YPL031C	YPL203W
YDL002C	YFL013C
YCR091W	YJL089W
YDR510W	YFR028C
YGL122C	YHR024C
YIR010W	YJR045C
YGR103W	YPL141C
YER079W	YGL122C
YKL196C	YOR075W
YDR404C	YPL203W
YDR510W	YMR303C
YLR059C	YNL250W
YBL021C	YGL237C
YIL148W	YKL080W
YDR169C	YJL164C
YAR031W	YGL122C
YDR081C	YIR010W
YML012W	YMR292W
YDL036C	YGL122C
YDL005C	YHR058C
YHR064C	YIL063C
YDL185W	YDR381W
YFR004W	YGL173C
YHR035W	YJR022W
YEL044W	YGL122C
YJR059W	YLR270W
YAR007C	YDR174W
YJL081C	YJR082C
YDR497C	YNL307C
YFR004W	YHR201C
YLR447C	YOR332W
YIL061C	YLR017W
YCL055W	YGL036W
YDR103W	YGR179C
YEL053C	YNL183C
YKL068W	YLR335W
YGR100W	YLR262C
YDR164C	YNR049C
YHR158C	YMR124W
YDR354W	YHR200W
YGR241C	YNL084C
YGR092W	YMR001C
YDL132W	YLL039C
YCR075C	YFL062W
YAL060W	YFR004W
YER022W	YJL167W
YDL165W	YGR092W
YBL017C	YJL053W
YDR073W	YJL176C
YNL186W	YNL248C
YHR082C	YKL051W
YGL122C	YLR009W
YDL070W	YGL180W
YGL122C	YIR024C
YCL052C	YGR260W
YFL062W	YML048W
YGL237C	YOR272W
YGL207W	YLL039C
YBL055C	YPL209C
YGL122C	YNL249C
YGL122C	YNL083W
YMR186W	YPL001W
YBR247C	YOR290C
YMR091C	YMR186W
YDR032C	YML064C
YLL039C	YPR030W
YER012W	YOR117W
YGL122C	YGL231C
YER125W	YPR030W
YBR095C	YNL330C
YNL047C	YOR181W
YCR030C	YKL051W
YBR059C	YGR287C
YBL007C	YER125W
YDL100C	YOR117W
YBR095C	YGL122C
YBR136W	YDR076W
YDR127W	YLL039C
YER020W	YOL105C
YLL039C	YLR206W
YJR099W	YKR094C
YGR218W	YLL060C
YML098W	YPL248C
YKR051W	YLL039C
YML109W	YOR362C
YBL007C	YER133W
YIL046W	YJR130C
YFR037C	YNL312W
YBL058W	YJR059W
YHR140W	YIR038C
YGL122C	YNL147W
YGR275W	YJL176C
YMR139W	YMR165C
YNL132W	YPL198W
YOR023C	YPL248C
YBR160W	YJL111W
YHR200W	YOR303W
YER054C	YPL203W
YGL122C	YMR080C
YIR006C	YMR109W
YBL014C	YGL122C
YBR247C	YDR174W
YER010C	YJL164C
YOR117W	YPL198W
YDR122W	YPR115W
YDR470C	YOR211C
YDL150W	YNR003C
YDR003W	YGL122C
YDR003W	YER125W
YLL043W	YLR113W
YDR361C	YPL125W
YER017C	YMR115W
YEL034W	YLR074C
YBR053C	YLL039C
YHR200W	YKL104C
YDL015C	YJL196C
YGL048C	YHR027C
YJL008C	YKL203C
YPL031C	YPL193W
YGL122C	YOL038W
YGL206C	YLR170C
YIL022W	YNR017W
YBR039W	YMR186W
YFR004W	YLR354C
YDR541C	YNL197C
YBR138C	YBR160W
YHR094C	YML072C
YBR264C	YGL198W
YDR328C	YER103W
YKL054C	YKL204W
YGL206C	YNR006W
YLR150W	YPL198W
YDR477W	YMR104C
YDR353W	YGR209C
YLR275W	YOR305W
YBR059C	YLR206W
YBL003C	YNL248C
YGL122C	YNL216W
YJL008C	YJR066W
YBR059C	YPL203W
YGL122C	YLR335W
YNL197C	YOR172W
YGL006W	YOR316C
YHR200W	YIL148W
YDL100C	YIL162W
YGL122C	YJR034W
YBL002W	YGL035C
YLL016W	YNL098C
YDR381W	YKR037C
YKR037C	YLR423C
YFR034C	YGL134W
YJL093C	YLR113W
YDL214C	YKL168C
YIL148W	YKR001C
YDL106C	YPR086W
YDR496C	YLR449W
YHR082C	YOR211C
YAR007C	YGL122C
YAR007C	YGR275W
YAL017W	YPR034W
YBR005W	YGL122C
YJL196C	YPR028W
YGL104C	YKL065C
YKR097W	YOR244W
YBL023C	YPL001W
YGR162W	YJR059W
YFR024C-A	YKL068W
YDR477W	YGL207W
YJL008C	YOR281C
YDR122W	YHR158C
YER146W	YPL220W
YDR443C	YGR104C
YKL207W	YOR165W
YBR216C	YIR037W
YJL020C	YJL164C
YDR421W	YKR080W
YDL103C	YPL106C
YIL061C	YNR016C
YHR140W	YPR156C
YDR328C	YJR033C
YFL054C	YML006C
YDR224C	YPL084W
YAL042W	YFR052W
YGL122C	YJL181W
YER164W	YNL007C
YGL035C	YIL162W
YDR328C	YPL256C
YDR496C	YPR143W
YDL239C	YGR268C
YGL122C	YNL144C
YHR140W	YOL132W
YIL013C	YPL240C
YBR272C	YFR052W
YDR122W	YDR162C
YFL026W	YNL197C
YLR132C	YLR423C
YEL013W	YJR091C
YDR163W	YGL122C
YEL020C	YGL122C
YMR010W	YOR104W
YOR281C	YPL141C
YDR481C	YLL039C
YGL122C	YNL315C
YJL083W	YPL004C
YNL298W	YPL198W
YLR362W	YOR089C
YGL122C	YGR232W
YBR059C	YDR354W
YDR103W	YNL161W
YFR024C-A	YGL238W
YHR200W	YNL014W
YDR510W	YER164W
YIR003W	YJL187C
YFR004W	YHR027C
YER026C	YHR140W
YGL122C	YKR106W
YGR130C	YLR219W
YAL051W	YNL325C
YJR099W	YLL039C
YHR090C	YPL209C
YER107C	YGL122C
YJL036W	YPL174C
YDR127W	YFR004W
YHR133C	YPL227C
YNL007C	YPL004C
YDR145W	YGR130C
YDR208W	YJR059W
YDR510W	YGL137W
YGR010W	YLR328W
YDR510W	YLR399C
YGL122C	YJL001W
YGL122C	YMR094W
YER022W	YGL048C
YDR260C	YIR025W
YER020W	YHR001W
YHR026W	YPR198W
YLL039C	YNL307C
YNL069C	YPR143W
YJL052W	YKR042W
YGR192C	YMR086W
YJL110C	YPL004C
YLL039C	YLR017W
YPL198W	YPL220W
YBL017C	YJL154C
YDR365C	YDR496C
YDR244W	YOL147C
YHR202W	YPL240C
YFR014C	YLL039C
YDL159W	YLR362W
YCR094W	YFL047W
YHR082C	YLL011W
YBR107C	YLR381W
YBR194W	YLL013C
YER079W	YJL187C
YGL122C	YLR381W
YEL015W	YPR129W
YAL034W-A	YCL024W
YDR224C	YDR439W
YLL039C	YOR238W
YGL122C	YJR017C
YDR131C	YIL063C
YBL067C	YER030W
YFR014C	YOR141C
YDL106C	YDR146C
YBR065C	YPL240C
YDL195W	YML012W
YHR096C	YKL203C
YBR207W	YGR163W
YBL072C	YBR194W
YGR240C	YNL045W
YGL122C	YOR193W
YGL179C	YOL082W
YCL032W	YNL161W
YDR091C	YHR027C
YCL032W	YPR075C
YLL039C	YPL061W
YGL207W	YLR150W
YKL018W	YNL197C
YDR243C	YGL122C
YDR365C	YMR280C
YBL003C	YKR001C
YDR099W	YNL076W
YLL039C	YNR006W
YHR169W	YKL029C
YKR095W	YPR052C
YIL022W	YJR045C
YIR038C	YOL126C
YDL054C	YDL212W
YHR090C	YPL031C
YFR004W	YLR303W
YGL122C	YGL160W
YBL007C	YDL191W
YGL190C	YMR109W
YDL230W	YGL158W
YDR394W	YPR131C
YBR044C	YLR435W
YGL075C	YPL255W
YJL153C	YNL138W
YGL120C	YKR092C
YKR067W	YLL039C
YDR394W	YHL030W
YGL122C	YGR258C
YDL015C	YJR010C-A
YDR409W	YJL020C
YBL055C	YJL141C
YHR027C	YJL052W
YDR404C	YGL070C
YIL061C	YPR182W
YGL122C	YNL162W
YGL122C	YOL053W
YFL038C	YOR075W
YDR070C	YJL164C
YDR425W	YNL197C
YDL164C	YJR068W
YDR150W	YLL001W
YCR066W	YLR032W
YDR392W	YPL248C
YCR018C	YGL122C
YDR168W	YLR362W
YGL092W	YGL122C
YFR028C	YGL133W
YBR245C	YDR174W
YBL003C	YJL034W
YGL122C	YOL071W
YBL031W	YGR218W
YDL047W	YGR161C
YJR059W	YPL100W
YJL137C	YPL031C
YDR353W	YDR510W
YDR256C	YLL039C
YGR250C	YJL008C
YBL069W	YHR082C
YGL038C	YHR181W
YJR092W	YMR032W
YDR499W	YHR164C
YHR154W	YJL090C
YFR004W	YIR011C
YML048W	YOL132W
YML064C	YPL242C
YGR038W	YJL164C
YBR272C	YIL075C
YER136W	YLR262C
YFR014C	YHR033W
YER063W	YIR010W
YGL122C	YJR085C
YNR019W	YOR267C
YGR009C	YLR268W
YLR026C	YLR268W
YDR378C	YGL173C
YFR004W	YFR024C-A
YEL034W	YOR261C
YKL167C	YOL027C
YDR346C	YPL111W
YJR112W	YLR045C
YLL039C	YNL115C
YER020W	YJL005W
YBR160W	YER021W
YHR186C	YPR129W
YHL025W	YPR034W
YJL196C	YJR010C-A
YDR510W	YNL216W
YGL122C	YPL056C
YGR047C	YNR003C
YBL002W	YBR060C
YGR092W	YNL007C
YML028W	YOR031W
YDL015C	YHR140W
YIR010W	YOL039W
YFR021W	YFR024C-A
YER103W	YFR004W
YAL010C	YLL039C
YGL120C	YPL131W
YKR002W	YNL222W
YBL007C	YLR150W
YOL038W	YOR261C
YNR024W	YOL115W
YBL047C	YBR109C
YEL017C-A	YKL154W
YGR104C	YHR058C
YMR186W	YOL012C
YBR160W	YJL157C
YBR160W	YOR032C
YBR214W	YGL122C
YBL022C	YIL061C
YGR094W	YMR234W
YPL161C	YPR198W
YDR477W	YDR510W
YMR246W	YPR017C
YDR264C	YOR104W
YJL051W	YJR059W
YBL003C	YDR174W
YAR007C	YLR274W
YDL239C	YOR380W
YHR094C	YJR066W
YGL122C	YIL057C
YGL122C	YLL040C
YJR076C	YLL019C
YGL014W	YKL018W
YBL007C	YBR136W
YKL193C	YML016C
YGL122C	YIL111W
YFR004W	YKL080W
YNR006W	YPL150W
YGL180W	YNL149C
YCL063W	YEL013W
YJR022W	YOR167C
YDR379W	YNL307C
YKL193C	YLR079W
YBR126C	YCR079W
YHR057C	YJR091C
YDR244W	YHR160C
YDR328C	YER012W
YOL147C	YPL203W
YER020W	YJL106W
YOR267C	YPR143W
YML065W	YPL146C
YGL122C	YGR042W
YHR027C	YKL211C
YNL197C	YPL141C
YKL035W	YPL031C
YLL039C	YMR186W
YBR035C	YJR059W
YHR001W	YML072C
YHR014W	YPL031C
YBR160W	YDR330W
YDR013W	YGL113W
YBR109C	YER133W
YDR127W	YHR027C
YNL132W	YNL287W
YER044C	YGL001C
YDR353W	YGL122C
YEL041W	YGL122C
YHR034C	YJR022W
YDR318W	YDR328C
YJL141C	YLL039C
YDR148C	YML065W
YIR005W	YKL074C
YGL122C	YGR154C
YER002W	YPR143W
YDR495C	YOR089C
YHR027C	YJL008C
YBR140C	YGL122C
YKL203C	YOR008C
YKL092C	YNL113W
YFL026W	YPL189W
YDL153C	YDR510W
YBL047C	YGL122C
YBR238C	YKL104C
YGR078C	YLR212C
YGL122C	YML042W
YGL122C	YML098W
YDL191W	YHR200W
YMR241W	YOR181W
YBL002W	YNL261W
YJL157C	YOR212W
YDR182W	YGL122C
YBL039C	YPL220W
YGL190C	YHR033W
YDR196C	YGL122C
YHR158C	YLR096W
YJL047C	YOL063C
YDL090C	YMR139W
YJR059W	YLR259C
YGL122C	YKL193C
YBR088C	YFL029C
YAR027W	YGR060W
YLR027C	YOL147C
YLR201C	YPL240C
YGL190C	YMR304W
YNL197C	YPL256C
YER125W	YMR216C
YHR133C	YMR215W
YEL020W-A	YGR029W
YIL061C	YOR275C
YKL154W	YMR215W
YFR024C-A	YMR232W
YDR328C	YMR094W
YJL036W	YLR031W
YAR007C	YFR037C
YGL179C	YKL121W
YGL122C	YKL047W
YBL003C	YEL012W
YLR447C	YNL161W
YGL237C	YKR048C
YIL006W	YNL197C
YHR200W	YKL080W
YCR066W	YOR128C
YCR091W	YDR007W
YLL050C	YOR080W
YBR109C	YJR073C
YGR275W	YOR290C
YGL173C	YNL251C
YLR191W	YNL138W
YDR496C	YHR170W
YDR394W	YER021W
YMR197C	YMR231W
YBL086C	YPL031C
YGL122C	YGL224C
