# GO	NS	enrichment	name	ratio_in_study	ratio_in_pop	p_uncorrected	depth	study_count	p_fdr_bh	study_items
GO:0070939	CC	e	Dsl1/NZR complex	3/5	3/6920	1.8114287971346698e-10	3	3	1.7118002132922627e-07	DSL1, SEC39, TIP20
GO:0005789	CC	e	endoplasmic reticulum membrane	5/5	406/6920	6.791892104319978e-07	4	5	0.000320916901929119	DSL1, SEC39, TIP20, UFE1, USE1
GO:0099023	CC	e	vesicle tethering complex	3/5	43/6920	2.2161367998727713e-06	2	3	0.000698083091959923	DSL1, SEC39, TIP20
GO:0005783	CC	e	endoplasmic reticulum	5/5	675/6920	8.71300139955287e-06	5	5	0.0020584465806443653	DSL1, SEC39, TIP20, UFE1, USE1
GO:0140534	CC	e	endoplasmic reticulum protein-containing complex	3/5	79/6920	1.4089536261778556e-05	2	3	0.002662922353476147	DSL1, SEC39, TIP20
GO:0031201	CC	e	SNARE complex	2/5	27/6920	0.0001455612030092658	3	2	0.022925889473959366	UFE1, USE1
GO:0031090	CC	e	organelle membrane	5/5	1298/6920	0.0002307389817791396	3	5	0.031149762540183843	DSL1, SEC39, TIP20, UFE1, USE1
