# GO	NS	enrichment	name	ratio_in_study	ratio_in_pop	p_uncorrected	depth	study_count	p_fdr_bh	study_items
GO:0005484	MF	e	SNAP receptor activity	3/4	24/6920	1.4631934609871728e-07	3	3	0.00037852814835738166	PEP12, VTI1, YKT6
GO:0000149	MF	e	SNARE binding	3/4	40/6920	7.130046673744169e-07	3	3	0.0009222715372488084	PEP12, SEC17, VTI1
GO:0030674	MF	e	protein-macromolecule adaptor activity	4/4	278/6920	2.551047719090252e-06	2	4	0.002199853483095494	PEP12, SEC17, VTI1, YKT6
GO:0060090	MF	e	molecular adaptor activity	4/4	607/6920	5.86686196233599e-05	1	4	0.03794392974140802	PEP12, SEC17, VTI1, YKT6
