# GO	NS	enrichment	name	ratio_in_study	ratio_in_pop	p_uncorrected	depth	study_count	p_fdr_bh	study_items
GO:0008622	CC	e	epsilon DNA polymerase complex	4/5	4/6920	5.237613986221396e-14	6	4	4.9495452169792187e-11	DPB2, DPB3, DPB4, POL2
GO:0042575	CC	e	DNA polymerase complex	4/5	14/6920	5.2367869945393595e-11	5	4	2.4743818549198473e-08	DPB2, DPB3, DPB4, POL2
GO:0061695	CC	e	transferase complex, transferring phosphorus-containing groups	4/5	135/6920	6.825823169080243e-07	4	4	0.00021501342982602767	DPB2, DPB3, DPB4, POL2
GO:0008623	CC	e	CHRAC	2/5	5/6920	4.173532734210084e-06	6	2	0.0009859971084571323	DPB3, DPB4
GO:0140513	CC	e	nuclear protein-containing complex	5/5	707/6920	1.099103201723515e-05	2	5	0.0020773050512574434	DPB11, DPB2, DPB3, DPB4, POL2
GO:0031010	CC	e	ISWI-type complex	2/5	9/6920	1.5007345092865297e-05	5	2	0.002363656852126284	DPB3, DPB4
GO:1990234	CC	e	transferase complex	4/5	410/6920	5.791532372212257e-05	3	4	0.006841247614675729	DPB2, DPB3, DPB4, POL2
GO:0140535	CC	e	intracellular protein-containing complex	4/5	410/6920	5.791532372212257e-05	2	4	0.006841247614675729	DPB2, DPB3, DPB4, POL2
GO:0005657	CC	e	replication fork	2/5	29/6920	0.00016827242132615123	2	2	0.017668604239245878	DPB11, POL2
