# GO	NS	enrichment	name	ratio_in_study	ratio_in_pop	p_uncorrected	depth	study_count	p_fdr_bh	study_items
GO:0006401	BP	e	RNA catabolic process	3/3	162/6920	1.2598849569831055e-05	7	3	0.03109638841521696	RNH201, RNH202, RNH203
GO:0141188	BP	e	nucleic acid catabolic process	3/3	166/6920	1.3561442832628417e-05	6	3	0.03109638841521696	RNH201, RNH202, RNH203
GO:0034655	BP	e	nucleobase-containing compound catabolic process	3/3	215/6920	2.958706282943898e-05	5	3	0.04522875671193572	RNH201, RNH202, RNH203
