# GO	NS	enrichment	name	ratio_in_study	ratio_in_pop	p_uncorrected	depth	study_count	p_fdr_bh	study_items
GO:0005832	CC	e	chaperonin-containing T-complex	8/11	8/6920	1.2703213817660808e-24	4	8	1.2004537057689462e-21	CCT2, CCT3, CCT4, CCT5, CCT6, CCT7, CCT8, TCP1
GO:0101031	CC	e	protein folding chaperone complex	8/11	10/6920	5.712035954227218e-23	3	8	2.6989369883723605e-20	CCT2, CCT3, CCT4, CCT5, CCT6, CCT7, CCT8, TCP1
GO:0140535	CC	e	intracellular protein-containing complex	8/11	410/6920	2.0030984626954856e-08	2	8	6.30976015749078e-06	CCT2, CCT3, CCT4, CCT5, CCT6, CCT7, CCT8, TCP1
GO:0005737	CC	e	cytoplasm	11/11	2615/6920	2.2147695549803707e-05	2	11	0.005232393073641125	CCT2, CCT3, CCT4, CCT5, CCT6, CCT7, CCT8, HSP42, SSA1, SSA2, TCP1
