# GO	NS	enrichment	name	ratio_in_study	ratio_in_pop	p_uncorrected	depth	study_count	p_fdr_bh	study_items
GO:0000715	BP	e	nucleotide-excision repair, DNA damage recognition	2/4	4/6920	1.503196104439918e-06	6	2	0.004579052005503211	RAD16, RAD7
GO:0006289	BP	e	nucleotide-excision repair	3/4	56/6920	1.996969910816926e-06	8	3	0.004579052005503211	ABF1, ELC1, RAD16
GO:0006281	BP	e	DNA repair	4/4	319/6920	4.435232484463451e-06	7	4	0.006028462273787263	ABF1, ELC1, RAD16, RAD7
GO:0070911	BP	e	global genome nucleotide-excision repair	2/4	7/6920	5.258144155069571e-06	9	2	0.006028462273787263	ABF1, ELC1
GO:0006974	BP	e	DNA damage response	4/4	370/6920	8.04811576568676e-06	4	4	0.007381731780287897	ABF1, ELC1, RAD16, RAD7
GO:0006259	BP	e	DNA metabolic process	4/4	525/6920	3.278045850692007e-05	6	4	0.025055197118789237	ABF1, ELC1, RAD16, RAD7
GO:0006511	BP	e	ubiquitin-dependent protein catabolic process	3/4	182/6920	7.021671552138312e-05	8	3	0.04265529265186411	ELC1, RAD16, RAD7
GO:0019941	BP	e	modification-dependent protein catabolic process	3/4	188/6920	7.738240365549259e-05	7	3	0.04265529265186411	ELC1, RAD16, RAD7
GO:0043632	BP	e	modification-dependent macromolecule catabolic process	3/4	193/6920	8.371077929934081e-05	5	3	0.04265529265186411	ELC1, RAD16, RAD7
