# GO	NS	enrichment	name	ratio_in_study	ratio_in_pop	p_uncorrected	depth	study_count	p_fdr_bh	study_items
GO:0005484	MF	e	SNAP receptor activity	8/8	24/6920	5.6623305270841304e-21	3	8	1.4648449073566646e-17	PEP12, SEC20, SED5, SSO1, SSO2, TLG1, TLG2, UFE1
GO:0000149	MF	e	SNARE binding	6/8	40/6920	7.002846612248393e-13	3	6	9.058182092943297e-10	PEP12, SED5, SSO1, SSO2, TLG1, TLG2
GO:0030674	MF	e	protein-macromolecule adaptor activity	8/8	278/6920	6.1535663275286216e-12	2	8	5.306425363105515e-09	PEP12, SEC20, SED5, SSO1, SSO2, TLG1, TLG2, UFE1
GO:0060090	MF	e	molecular adaptor activity	8/8	607/6920	3.3597138890840124e-09	1	8	2.1728949577650853e-06	PEP12, SEC20, SED5, SSO1, SSO2, TLG1, TLG2, UFE1
GO:0005515	MF	e	protein binding	6/8	807/6920	5.6218117215873234e-05	2	6	0.02908725384749281	PEP12, SED5, SSO1, SSO2, TLG1, TLG2
GO:0070300	MF	e	phosphatidic acid binding	2/8	12/6920	7.674857232007842e-05	5	2	0.03309142609867381	SSO1, SSO2
