# GO	NS	enrichment	name	ratio_in_study	ratio_in_pop	p_uncorrected	depth	study_count	p_fdr_bh	study_items
GO:0030427	CC	e	site of polarized growth	4/5	282/6920	1.3075089795222316e-05	2	4	0.012189945353887168	FUS3, KSS1, STE5, STE7
GO:0042597	CC	e	periplasmic space	2/5	12/6920	2.7489596608372752e-05	2	2	0.012189945353887168	FUS3, KSS1
GO:0043332	CC	e	mating projection tip	3/5	121/6920	5.0839689110079274e-05	4	3	0.012189945353887168	FUS3, STE5, STE7
GO:0060187	CC	e	cell pole	3/5	131/6920	6.449706536448237e-05	2	3	0.012189945353887168	FUS3, STE5, STE7
GO:0051286	CC	e	cell tip	3/5	131/6920	6.449706536448237e-05	3	3	0.012189945353887168	FUS3, STE5, STE7
