# GO	NS	enrichment	name	ratio_in_study	ratio_in_pop	p_uncorrected	depth	study_count	p_fdr_bh	study_items
GO:0019237	MF	e	centromeric DNA binding	5/7	14/6920	3.1770148541246286e-13	6	5	8.218937427620414e-10	CBF1, CBF2, CEP3, CSE4, MIF2
GO:1990837	MF	e	sequence-specific double-stranded DNA binding	6/7	235/6920	9.8030836288924e-09	5	6	1.268028867397232e-05	CBF1, CBF2, CEP3, CSE4, MIF2, SKP1
GO:0003690	MF	e	double-stranded DNA binding	6/7	302/6920	4.4412497122009475e-08	4	6	3.829837668487951e-05	CBF1, CBF2, CEP3, CSE4, MIF2, SKP1
GO:0043565	MF	e	sequence-specific DNA binding	6/7	317/6920	5.943098045215777e-08	4	6	3.843698660743304e-05	CBF1, CBF2, CEP3, CSE4, MIF2, SKP1
GO:0003677	MF	e	DNA binding	7/7	676/6920	8.254061924897552e-08	3	7	4.270651639941993e-05	CBF1, CBF2, CEP3, CSE4, CTF13, MIF2, SKP1
GO:0008301	MF	e	DNA binding, bending	3/7	28/6920	2.054557435740725e-06	4	3	0.0008858566810435426	CBF2, CEP3, CTF13
GO:0003676	MF	e	nucleic acid binding	7/7	1751/6920	6.582088320928348e-05	2	7	0.02432551783748805	CBF1, CBF2, CEP3, CSE4, CTF13, MIF2, SKP1
