# GO	NS	enrichment	name	ratio_in_study	ratio_in_pop	p_uncorrected	depth	study_count	p_fdr_bh	study_items
GO:0070545	CC	e	PeBoW complex	3/3	3/6920	1.8114287971346702e-11	3	3	1.7118002132922633e-08	ERB1, NOP7, YTM1
GO:0030687	CC	e	preribosome, large subunit precursor	3/3	59/6920	5.888773876605098e-07	4	3	0.0002492381110553535	ERB1, NOP7, YTM1
GO:0005654	CC	e	nucleoplasm	3/3	65/6920	7.912320985884237e-07	2	3	0.0002492381110553535	ERB1, NOP7, YTM1
GO:0030684	CC	e	preribosome	3/3	163/6920	1.2835077999265392e-05	3	3	0.0030322871773264485	ERB1, NOP7, YTM1
GO:0005730	CC	e	nucleolus	3/3	365/6920	0.0001456031901423239	5	3	0.02751900293689922	ERB1, NOP7, YTM1
