# GO	NS	enrichment	name	ratio_in_study	ratio_in_pop	p_uncorrected	depth	study_count	p_fdr_bh	study_items
GO:0008540	CC	e	proteasome regulatory particle, base subcomplex	9/9	10/6920	1.0024632116209603e-28	2	9	9.473277349818074e-26	RPN1, RPN10, RPN2, RPT1, RPT2, RPT3, RPT4, RPT5, RPT6
GO:0000502	CC	e	proteasome complex	9/9	40/6920	2.7411241782683836e-21	5	9	1.2951811742318111e-18	RPN1, RPN10, RPN2, RPT1, RPT2, RPT3, RPT4, RPT5, RPT6
GO:1905369	CC	e	endopeptidase complex	9/9	54/6920	5.3310354623951585e-20	4	9	1.679276170654475e-17	RPN1, RPN10, RPN2, RPT1, RPT2, RPT3, RPT4, RPT5, RPT6
GO:1905368	CC	e	peptidase complex	9/9	80/6920	2.324715167069672e-18	3	9	5.4921395822021e-16	RPN1, RPN10, RPN2, RPT1, RPT2, RPT3, RPT4, RPT5, RPT6
GO:0140535	CC	e	intracellular protein-containing complex	9/9	410/6920	8.278671864810464e-12	2	9	1.5646689824491777e-09	RPN1, RPN10, RPN2, RPT1, RPT2, RPT3, RPT4, RPT5, RPT6
GO:1902494	CC	e	catalytic complex	9/9	851/6920	6.197805497007607e-09	2	9	9.76154365778698e-07	RPN1, RPN10, RPN2, RPT1, RPT2, RPT3, RPT4, RPT5, RPT6
GO:0034515	CC	e	proteasome storage granule	3/9	21/6920	2.000146035235169e-06	5	3	0.0002700197147567478	RPN1, RPN2, RPT6
GO:0032991	CC	e	protein-containing complex	9/9	2176/6920	2.9719468444215213e-05	1	9	0.0035106122099729216	RPN1, RPN10, RPN2, RPT1, RPT2, RPT3, RPT4, RPT5, RPT6
GO:0005634	CC	e	nucleus	9/9	2331/6920	5.526758075095545e-05	5	9	0.005803095978850321	RPN1, RPN10, RPN2, RPT1, RPT2, RPT3, RPT4, RPT5, RPT6
