# GO	NS	enrichment	name	ratio_in_study	ratio_in_pop	p_uncorrected	depth	study_count	p_fdr_bh	study_items
GO:0030870	CC	e	Mre11 complex	3/3	4/6920	7.245715188538681e-11	3	3	6.847200853169053e-08	MRE11, RAD50, XRS2
GO:0005694	CC	e	chromosome	3/3	196/6920	2.2385274789230822e-05	5	3	0.010577042337911563	MRE11, RAD50, XRS2
