# GO	NS	enrichment	name	ratio_in_study	ratio_in_pop	p_uncorrected	depth	study_count	p_fdr_bh	study_items
GO:0031124	BP	e	mRNA 3'-end processing	4/4	29/6920	2.487971395734887e-10	9	4	1.1409836820840192e-06	CLP1, PCF11, RNA14, RNA15
GO:0031123	BP	e	RNA 3'-end processing	4/4	65/6920	7.092148346462668e-09	5	4	1.6262296158438896e-05	CLP1, PCF11, RNA14, RNA15
GO:0006397	BP	e	mRNA processing	4/4	228/6920	1.148692810882831e-06	8	4	0.001755968410236221	CLP1, PCF11, RNA14, RNA15
GO:0016071	BP	e	mRNA metabolic process	4/4	340/6920	5.7303013019531005e-06	7	4	0.00656979044268923	CLP1, PCF11, RNA14, RNA15
