# GO	NS	enrichment	name	ratio_in_study	ratio_in_pop	p_uncorrected	depth	study_count	p_fdr_bh	study_items
GO:0071004	CC	e	U2-type prespliceosome	3/3	31/6920	8.14237244312034e-08	5	3	3.8472709793743604e-05	PRP11, PRP21, PRP9
GO:0071010	CC	e	prespliceosome	3/3	31/6920	8.14237244312034e-08	4	3	3.8472709793743604e-05	PRP11, PRP21, PRP9
GO:0005684	CC	e	U2-type spliceosomal complex	3/3	61/6920	6.519332240887677e-07	4	3	0.00020535896558796182	PRP11, PRP21, PRP9
GO:0005681	CC	e	spliceosomal complex	3/3	99/6920	2.8412079540177587e-06	3	3	0.0006712353791366954	PRP11, PRP21, PRP9
GO:0005686	CC	e	U2 snRNP	2/3	20/6920	2.3768481818722852e-05	5	2	0.004492243063738619	PRP11, PRP21
GO:0071013	CC	e	catalytic step 2 spliceosome	2/3	33/6920	6.596846901974664e-05	4	2	0.010390033870610096	PRP11, PRP21
GO:0097525	CC	e	spliceosomal snRNP complex	2/3	62/6920	0.00023559982741315063	4	2	0.028910190578242793	PRP11, PRP21
GO:0030532	CC	e	small nuclear ribonucleoprotein complex	2/3	64/6920	0.0002511248952904489	3	2	0.028910190578242793	PRP11, PRP21
GO:0120114	CC	e	Sm-like protein family complex	2/3	67/6920	0.0002753351483642171	2	2	0.028910190578242793	PRP11, PRP21
