# GO	NS	enrichment	name	ratio_in_study	ratio_in_pop	p_uncorrected	depth	study_count	p_fdr_bh	study_items
GO:0005643	CC	e	nuclear pore	5/5	48/6920	1.2967593087135395e-11	3	5	1.2254375467342946e-08	GLE2, NSP1, NUP116, NUP159, NUP82
GO:0031965	CC	e	nuclear membrane	5/5	94/6920	4.156997738501019e-10	4	5	1.9641814314417313e-07	GLE2, NSP1, NUP116, NUP159, NUP82
GO:0044614	CC	e	nuclear pore cytoplasmic filaments	3/5	11/6920	2.983674376712424e-08	3	3	9.398574286644136e-06	NUP116, NUP159, NUP82
GO:0044613	CC	e	nuclear pore central transport channel	3/5	14/6920	6.577881363678077e-08	3	3	1.5540244721689457e-05	NSP1, NUP116, NUP159
GO:0140513	CC	e	nuclear protein-containing complex	5/5	707/6920	1.099103201723515e-05	2	5	0.0020773050512574434	GLE2, NSP1, NUP116, NUP159, NUP82
GO:0031090	CC	e	organelle membrane	5/5	1298/6920	0.0002307389817791396	3	5	0.036341389630214486	GLE2, NSP1, NUP116, NUP159, NUP82
