# GO	NS	enrichment	name	ratio_in_study	ratio_in_pop	p_uncorrected	depth	study_count	p_fdr_bh	study_items
GO:0005933	CC	e	cellular bud	3/3	69/6920	9.490800039707391e-07	2	3	0.00044844030187617416	HYM1, KIC1, SOG2
GO:0000131	CC	e	incipient cellular bud site	3/3	69/6920	9.490800039707391e-07	3	3	0.00044844030187617416	HYM1, KIC1, SOG2
GO:0043332	CC	e	mating projection tip	3/3	121/6920	5.216552649988421e-06	4	3	0.0012535341781917913	HYM1, KIC1, SOG2
GO:0060187	CC	e	cell pole	3/3	131/6920	6.632455969268737e-06	2	3	0.0012535341781917913	HYM1, KIC1, SOG2
GO:0051286	CC	e	cell tip	3/3	131/6920	6.632455969268737e-06	3	3	0.0012535341781917913	HYM1, KIC1, SOG2
GO:0030427	CC	e	site of polarized growth	3/3	282/6920	6.698591234652123e-05	2	3	0.010550281194577094	HYM1, KIC1, SOG2
