# GO	NS	enrichment	name	ratio_in_study	ratio_in_pop	p_uncorrected	depth	study_count	p_fdr_bh	study_items
GO:0034458	MF	e	3'-5' RNA helicase activity	2/3	4/6920	7.517429508108881e-07	7	2	0.0019447590137477678	MTR4, PAP2
GO:1990817	MF	e	poly(A) RNA polymerase activity	2/3	6/6920	1.8789950912677927e-06	6	2	0.00243048015055489	AIR1, PAP2
GO:0070566	MF	e	adenylyltransferase activity	2/3	19/6920	2.1393698665679306e-05	5	2	0.018448499482704123	AIR1, PAP2
