# GO	NS	enrichment	name	ratio_in_study	ratio_in_pop	p_uncorrected	depth	study_count	p_fdr_bh	study_items
GO:0034315	BP	e	regulation of Arp2/3 complex-mediated actin nucleation	2/3	15/6920	1.31415536374526e-05	10	2	0.018167042936777168	LAS17, SLA1
GO:0051666	BP	e	actin cortical patch localization	2/3	16/6920	1.5017469299765263e-05	3	2	0.018167042936777168	LAS17, LSB3
GO:0051125	BP	e	regulation of actin nucleation	2/3	17/6920	1.7018156177624566e-05	9	2	0.018167042936777168	LAS17, SLA1
GO:0008064	BP	e	regulation of actin polymerization or depolymerization	2/3	20/6920	2.3768481818722852e-05	9	2	0.018167042936777168	LAS17, SLA1
GO:0030832	BP	e	regulation of actin filament length	2/3	20/6920	2.3768481818722852e-05	8	2	0.018167042936777168	LAS17, SLA1
GO:0030833	BP	e	regulation of actin filament polymerization	2/3	20/6920	2.3768481818722852e-05	10	2	0.018167042936777168	LAS17, SLA1
GO:0032271	BP	e	regulation of protein polymerization	2/3	35/6920	7.432509726099207e-05	6	2	0.048693556576987096	LAS17, SLA1
