# GO	NS	enrichment	name	ratio_in_study	ratio_in_pop	p_uncorrected	depth	study_count	p_fdr_bh	study_items
GO:0032545	CC	e	CURI complex	4/5	7/6920	1.832528747729769e-12	3	4	1.7317396666046317e-09	CKB2, IFH1, RRP7, UTP22
GO:0034456	CC	e	UTP-C complex	3/5	6/6920	3.6205009406101604e-09	3	3	1.7106866944383006e-06	CKB2, RRP7, UTP22
GO:0005730	CC	e	nucleolus	4/5	365/6920	3.650957539958609e-05	5	4	0.011500516250869619	FHL1, IFH1, RRP7, UTP22
