# GO	NS	enrichment	name	ratio_in_study	ratio_in_pop	p_uncorrected	depth	study_count	p_fdr_bh	study_items
GO:0005669	CC	e	transcription factor TFIID complex	7/7	16/6920	7.610834150529062e-20	4	7	7.192238272249963e-17	SPT15, TAF1, TAF11, TAF12, TAF3, TAF4, TAF9
GO:0090575	CC	e	RNA polymerase II transcription regulator complex	7/7	74/6920	1.1972288283975811e-14	3	7	5.65690621417857e-12	SPT15, TAF1, TAF11, TAF12, TAF3, TAF4, TAF9
GO:0005667	CC	e	transcription regulator complex	7/7	104/6920	1.4132828118729756e-13	2	7	4.451840857399873e-11	SPT15, TAF1, TAF11, TAF12, TAF3, TAF4, TAF9
GO:0140513	CC	e	nuclear protein-containing complex	7/7	707/6920	1.1312850382575331e-07	2	7	2.672660902883422e-05	SPT15, TAF1, TAF11, TAF12, TAF3, TAF4, TAF9
GO:0046695	CC	e	SLIK (SAGA-like) complex	2/7	16/6920	0.00010455622006679018	8	2	0.019761125592623347	TAF12, TAF9
GO:0000124	CC	e	SAGA complex	2/7	20/6920	0.0001652282757434007	8	2	0.02602345342958561	TAF12, TAF9
GO:0070461	CC	e	SAGA-type complex	2/7	22/6920	0.0002006890884306607	7	2	0.027093026938139194	TAF12, TAF9
GO:0032991	CC	e	protein-containing complex	7/7	2176/6920	0.00030198995259705935	1	7	0.035672563150527636	SPT15, TAF1, TAF11, TAF12, TAF3, TAF4, TAF9
