# GO	NS	enrichment	name	ratio_in_study	ratio_in_pop	p_uncorrected	depth	study_count	p_fdr_bh	study_items
GO:0004298	MF	e	threonine-type endopeptidase activity	3/8	4/6920	4.0554007077074465e-09	5	3	1.0491321630839165e-05	PRE2, PRE3, PUP1
GO:0070003	MF	e	threonine-type peptidase activity	3/8	8/6920	5.6652563672465625e-08	4	3	7.328009111033429e-05	PRE2, PRE3, PUP1
GO:0061133	MF	e	endopeptidase activator activity	2/8	2/6920	1.1696033457339136e-06	5	2	0.0010085879518045447	PRE1, PUP3
GO:0016504	MF	e	peptidase activator activity	2/8	4/6920	7.009507073190193e-06	4	2	0.0045333986995857575	PRE1, PUP3
GO:0061135	MF	e	endopeptidase regulator activity	2/8	7/6920	2.449073920887229e-05	4	2	0.012671508466670523	PRE1, PUP3
GO:0061134	MF	e	peptidase regulator activity	2/8	10/6920	5.2389156057946835e-05	3	2	0.022588457786984744	PRE1, PUP3
