# GO	NS	enrichment	name	ratio_in_study	ratio_in_pop	p_uncorrected	depth	study_count	p_fdr_bh	study_items
GO:0005869	CC	e	dynactin complex	3/3	5/6920	1.8114287971346698e-10	3	3	1.7118002132922627e-07	ARP1, JNM1, NIP100
GO:0030286	CC	e	dynein complex	3/3	8/6920	1.014400126395415e-09	3	3	4.793040597218336e-07	ARP1, JNM1, NIP100
GO:0005875	CC	e	microtubule associated complex	3/3	21/6920	2.4092003001891106e-08	2	3	7.588980945595698e-06	ARP1, JNM1, NIP100
GO:0005874	CC	e	microtubule	3/3	69/6920	9.490800039707391e-07	6	3	0.00021656718127023255	ARP1, JNM1, NIP100
GO:0099513	CC	e	polymeric cytoskeletal fiber	3/3	78/6920	1.3780625717081717e-06	5	3	0.00021656718127023255	ARP1, JNM1, NIP100
GO:0099512	CC	e	supramolecular fiber	3/3	82/6920	1.6042013427424634e-06	4	3	0.00021656718127023255	ARP1, JNM1, NIP100
GO:0099081	CC	e	supramolecular polymer	3/3	82/6920	1.6042013427424634e-06	3	3	0.00021656718127023255	ARP1, JNM1, NIP100
GO:0005856	CC	e	cytoskeleton	3/3	188/6920	1.97416031455406e-05	5	3	0.002331976871566983	ARP1, JNM1, NIP100
GO:0099080	CC	e	supramolecular complex	3/3	275/6920	6.210347773816431e-05	2	3	0.006520865162507251	ARP1, JNM1, NIP100
