# GO	NS	enrichment	name	ratio_in_study	ratio_in_pop	p_uncorrected	depth	study_count	p_fdr_bh	study_items
GO:0055082	BP	e	intracellular chemical homeostasis	3/3	194/6920	2.170352544714122e-05	3	3	0.03571206026474766	EMI2, VMA6, VPH2
GO:0019725	BP	e	cellular homeostasis	3/3	222/6920	3.258651720317442e-05	2	3	0.03571206026474766	EMI2, VMA6, VPH2
GO:0048878	BP	e	chemical homeostasis	3/3	227/6920	3.484872005647606e-05	2	3	0.03571206026474766	EMI2, VMA6, VPH2
GO:0007035	BP	e	vacuolar acidification	2/3	27/6920	4.387947152457517e-05	9	2	0.03571206026474766	VMA6, VPH2
GO:0051452	BP	e	intracellular pH reduction	2/3	27/6920	4.387947152457517e-05	8	2	0.03571206026474766	VMA6, VPH2
GO:0042592	BP	e	homeostatic process	3/3	254/6920	4.8890535691816624e-05	1	3	0.03571206026474766	EMI2, VMA6, VPH2
GO:0030641	BP	e	regulation of cellular pH	2/3	33/6920	6.596846901974664e-05	6	2	0.03571206026474766	VMA6, VPH2
GO:0051453	BP	e	regulation of intracellular pH	2/3	33/6920	6.596846901974664e-05	7	2	0.03571206026474766	VMA6, VPH2
GO:0006885	BP	e	regulation of pH	2/3	34/6920	7.008472358977953e-05	5	2	0.03571206026474766	VMA6, VPH2
