# GO	NS	enrichment	name	ratio_in_study	ratio_in_pop	p_uncorrected	depth	study_count	p_fdr_bh	study_items
GO:0006511	BP	e	ubiquitin-dependent protein catabolic process	5/5	182/6920	1.1923198060281504e-08	8	5	2.4519824801156153e-05	CUL3, ELA1, ELC1, RAD16, RAD7
GO:0019941	BP	e	modification-dependent protein catabolic process	5/5	188/6920	1.4047505422558505e-08	7	5	2.4519824801156153e-05	CUL3, ELA1, ELC1, RAD16, RAD7
GO:0043632	BP	e	modification-dependent macromolecule catabolic process	5/5	193/6920	1.604000750184659e-08	5	5	2.4519824801156153e-05	CUL3, ELA1, ELC1, RAD16, RAD7
GO:0051603	BP	e	proteolysis involved in protein catabolic process	5/5	250/6920	5.9199815598048596e-08	6	5	6.787258858316271e-05	CUL3, ELA1, ELC1, RAD16, RAD7
GO:0006508	BP	e	proteolysis	5/5	394/6920	5.84135311638618e-07	5	5	0.0005357689078349404	CUL3, ELA1, ELC1, RAD16, RAD7
GO:0009057	BP	e	macromolecule catabolic process	5/5	447/6920	1.101251076981013e-06	4	5	0.0008417229065058209	CUL3, ELA1, ELC1, RAD16, RAD7
GO:0000715	BP	e	nucleotide-excision repair, DNA damage recognition	2/5	4/6920	2.504843897806241e-06	6	2	0.0016410305879056319	RAD16, RAD7
GO:0009056	BP	e	catabolic process	5/5	916/6920	4.025553810321235e-05	3	5	0.023076487217666482	CUL3, ELA1, ELC1, RAD16, RAD7
