# GO	NS	enrichment	name	ratio_in_study	ratio_in_pop	p_uncorrected	depth	study_count	p_fdr_bh	study_items
GO:0034388	CC	e	Pwp2p-containing subcomplex of 90S preribosome	6/6	6/6920	6.571092322272471e-21	3	6	6.209682244547484e-18	DIP2, PWP2, UTP13, UTP18, UTP21, UTP6
GO:0032040	CC	e	small-subunit processome	6/6	60/6920	3.2897424606932385e-13	4	6	1.5544033126775552e-10	DIP2, PWP2, UTP13, UTP18, UTP21, UTP6
GO:0030686	CC	e	90S preribosome	6/6	81/6920	2.1325837216262497e-12	4	6	6.717638723122687e-10	DIP2, PWP2, UTP13, UTP18, UTP21, UTP6
GO:0030684	CC	e	preribosome	6/6	163/6920	1.5595803744422923e-10	3	6	3.684508634619915e-08	DIP2, PWP2, UTP13, UTP18, UTP21, UTP6
GO:0005730	CC	e	nucleolus	6/6	365/6920	2.070733544723683e-08	5	6	3.913686399527761e-06	DIP2, PWP2, UTP13, UTP18, UTP21, UTP6
GO:1990904	CC	e	ribonucleoprotein complex	6/6	622/6920	5.158732813770987e-07	2	6	8.125004181689304e-05	DIP2, PWP2, UTP13, UTP18, UTP21, UTP6
GO:0140513	CC	e	nuclear protein-containing complex	6/6	707/6920	1.1157924043527225e-06	2	6	0.00015063197458761753	DIP2, PWP2, UTP13, UTP18, UTP21, UTP6
GO:0043228	CC	e	membraneless organelle	6/6	1210/6920	2.8289502031080474e-05	3	6	0.0029703977132634497	DIP2, PWP2, UTP13, UTP18, UTP21, UTP6
GO:0043232	CC	e	intracellular membraneless organelle	6/6	1210/6920	2.8289502031080474e-05	4	6	0.0029703977132634497	DIP2, PWP2, UTP13, UTP18, UTP21, UTP6
