# GO	NS	enrichment	name	ratio_in_study	ratio_in_pop	p_uncorrected	depth	study_count	p_fdr_bh	study_items
GO:0016514	CC	e	SWI/SNF complex	10/10	15/6920	4.3559499703338784e-29	5	10	4.116372721965515e-26	ARP7, ARP9, SNF11, SNF12, SNF2, SNF5, SNF6, SWI1, SWI3, TAF14
GO:0070603	CC	e	SWI/SNF superfamily-type complex	10/10	61/6920	1.3080494238119808e-21	4	10	6.180533527511609e-19	ARP7, ARP9, SNF11, SNF12, SNF2, SNF5, SNF6, SWI1, SWI3, TAF14
GO:1904949	CC	e	ATPase complex	10/10	71/6920	6.697661862443024e-21	3	10	2.1097634866695525e-18	ARP7, ARP9, SNF11, SNF12, SNF2, SNF5, SNF6, SWI1, SWI3, TAF14
GO:0140513	CC	e	nuclear protein-containing complex	10/10	707/6920	1.1700151963970345e-10	2	10	2.764160901487994e-08	ARP7, ARP9, SNF11, SNF12, SNF2, SNF5, SNF6, SWI1, SWI3, TAF14
GO:1902494	CC	e	catalytic complex	10/10	851/6920	7.551081216148755e-10	2	10	1.4271543498521147e-07	ARP7, ARP9, SNF11, SNF12, SNF2, SNF5, SNF6, SWI1, SWI3, TAF14
GO:0032991	CC	e	protein-containing complex	10/10	2176/6920	9.318779933238943e-06	1	10	0.0014677078394851335	ARP7, ARP9, SNF11, SNF12, SNF2, SNF5, SNF6, SWI1, SWI3, TAF14
GO:0005634	CC	e	nucleus	10/10	2331/6920	1.8569139415962744e-05	5	10	0.0025068338211549704	ARP7, ARP9, SNF11, SNF12, SNF2, SNF5, SNF6, SWI1, SWI3, TAF14
GO:0016586	CC	e	RSC-type complex	2/10	18/6920	0.0002840697351163305	5	2	0.03355573746061654	ARP7, ARP9
