# GO	NS	enrichment	name	ratio_in_study	ratio_in_pop	p_uncorrected	depth	study_count	p_fdr_bh	study_items
GO:0006465	BP	e	signal peptide processing	3/3	10/6920	2.1737145565616033e-09	7	3	9.968654956391512e-06	SEC11, SPC1, SPC2
GO:0045047	BP	e	protein targeting to ER	3/3	25/6920	4.1662862334097405e-08	8	3	9.071476010316277e-05	SEC11, SPC1, SPC2
GO:0072599	BP	e	establishment of protein localization to endoplasmic reticulum	3/3	28/6920	5.934240739413177e-08	7	3	9.071476010316277e-05	SEC11, SPC1, SPC2
GO:0070972	BP	e	protein localization to endoplasmic reticulum	3/3	33/6920	9.883155517166758e-08	6	3	0.00011331037800431688	SEC11, SPC1, SPC2
GO:0016485	BP	e	protein processing	3/3	46/6920	2.7497489140504283e-07	6	3	0.0002522069703967053	SEC11, SPC1, SPC2
GO:0051604	BP	e	protein maturation	3/3	94/6920	2.4281116168311975e-06	5	3	0.0018558866457979786	SEC11, SPC1, SPC2
GO:0006605	BP	e	protein targeting	3/3	161/6920	1.2365537540760108e-05	6	3	0.008101193594560836	SEC11, SPC1, SPC2
