# GO	NS	enrichment	name	ratio_in_study	ratio_in_pop	p_uncorrected	depth	study_count	p_fdr_bh	study_items
GO:0004679	MF	e	AMP-activated protein kinase activity	3/3	5/6920	1.8114287971346698e-10	7	3	4.686166298187391e-07	SIP1, SNF1, SNF4
GO:0004674	MF	e	protein serine/threonine kinase activity	3/3	161/6920	1.2365537540760108e-05	6	3	0.012344049333815988	SIP1, SNF1, SNF4
GO:0004672	MF	e	protein kinase activity	3/3	169/6920	1.43147073836289e-05	5	3	0.012344049333815988	SIP1, SNF1, SNF4
GO:0016773	MF	e	phosphotransferase activity, alcohol group as acceptor	3/3	236/6920	3.918011802474462e-05	4	3	0.025339741332503586	SIP1, SNF1, SNF4
GO:0016301	MF	e	kinase activity	3/3	262/6920	5.367662040245395e-05	4	3	0.027772283396229672	SIP1, SNF1, SNF4
GO:0019901	MF	e	protein kinase binding	2/3	35/6920	7.432509726099207e-05	5	2	0.02908141081329131	SIP1, SNF4
GO:0019900	MF	e	kinase binding	2/3	36/6920	7.868955380480835e-05	4	2	0.02908141081329131	SIP1, SNF4
