# GO	NS	enrichment	name	ratio_in_study	ratio_in_pop	p_uncorrected	depth	study_count	p_fdr_bh	study_items
GO:0042790	BP	e	nucleolar large rRNA transcription by RNA polymerase I	3/3	28/6920	5.934240739413177e-08	10	3	0.0002721442803094883	RRN10, RRN5, RRN9
GO:0006360	BP	e	transcription by RNA polymerase I	3/3	40/6920	1.7896916515690535e-07	9	3	0.0003178893302760405	RRN10, RRN5, RRN9
GO:0009303	BP	e	rRNA transcription	3/3	42/6920	2.0795202591106005e-07	9	3	0.0003178893302760405	RRN10, RRN5, RRN9
GO:0006351	BP	e	DNA-templated transcription	3/3	166/6920	1.3561442832628417e-05	8	3	0.01554819420760848	RRN10, RRN5, RRN9
GO:0032774	BP	e	RNA biosynthetic process	3/3	249/6920	4.6048766194871746e-05	7	3	0.04223592835393637	RRN10, RRN5, RRN9
