# GO	NS	enrichment	name	ratio_in_study	ratio_in_pop	p_uncorrected	depth	study_count	p_fdr_bh	study_items
GO:0006366	BP	e	transcription by RNA polymerase II	5/5	65/6920	6.255365082912414e-11	9	5	2.868710427023633e-07	TAF1, TAF11, TAF3, TAF4, TAF5
GO:0006351	BP	e	DNA-templated transcription	5/5	166/6920	7.48575753667789e-09	8	5	1.7164842031602403e-05	TAF1, TAF11, TAF3, TAF4, TAF5
GO:0032774	BP	e	RNA biosynthetic process	5/5	249/6920	5.801581928608763e-08	7	5	8.868684908199929e-05	TAF1, TAF11, TAF3, TAF4, TAF5
GO:0141187	BP	e	nucleic acid biosynthetic process	5/5	343/6920	2.9097151635458166e-07	6	5	0.0003335988435005279	TAF1, TAF11, TAF3, TAF4, TAF5
GO:0006367	BP	e	transcription initiation at RNA polymerase II promoter	3/5	33/6920	9.818966411222369e-07	9	3	0.0009005955992373157	TAF11, TAF4, TAF5
GO:0034654	BP	e	nucleobase-containing compound biosynthetic process	5/5	476/6920	1.5100081814508024e-06	5	5	0.0011541495866888966	TAF1, TAF11, TAF3, TAF4, TAF5
GO:0006352	BP	e	DNA-templated transcription initiation	3/5	56/6920	4.963742497441551e-06	8	3	0.0032519604418952794	TAF11, TAF4, TAF5
GO:0016070	BP	e	RNA metabolic process	5/5	1035/6920	7.423296879686607e-05	6	5	0.04255404936280347	TAF1, TAF11, TAF3, TAF4, TAF5
