# GO	NS	enrichment	name	ratio_in_study	ratio_in_pop	p_uncorrected	depth	study_count	p_fdr_bh	study_items
GO:0005849	CC	e	mRNA cleavage factor complex	4/4	20/6920	5.0752479526485314e-11	3	4	4.796109315252862e-08	CLP1, PCF11, RNA14, RNA15
GO:0005848	CC	e	mRNA cleavage stimulating factor complex	2/4	2/6920	2.5062928837155293e-07	4	2	0.00011842233875555876	RNA14, RNA15
GO:0140513	CC	e	nuclear protein-containing complex	4/4	707/6920	0.0001081279906560431	2	4	0.03406031705665358	CLP1, PCF11, RNA14, RNA15
