# GO	NS	enrichment	name	ratio_in_study	ratio_in_pop	p_uncorrected	depth	study_count	p_fdr_bh	study_items
GO:0097526	CC	e	spliceosomal tri-snRNP complex	6/6	33/6920	7.277931581194676e-15	5	6	3.4388226721144842e-12	PRP3, PRP31, PRP4, PRP6, SNU66, SPP381
GO:0046540	CC	e	U4/U6 x U5 tri-snRNP complex	6/6	33/6920	7.277931581194676e-15	6	6	3.4388226721144842e-12	PRP3, PRP31, PRP4, PRP6, SNU66, SPP381
GO:0097525	CC	e	spliceosomal snRNP complex	6/6	62/6920	4.0395473981629314e-13	4	6	1.1639175044144227e-10	PRP3, PRP31, PRP4, PRP6, SNU66, SPP381
GO:0030532	CC	e	small nuclear ribonucleoprotein complex	6/6	64/6920	4.926634939320308e-13	3	6	1.1639175044144227e-10	PRP3, PRP31, PRP4, PRP6, SNU66, SPP381
GO:0120114	CC	e	Sm-like protein family complex	6/6	67/6920	6.557667317814376e-13	2	6	1.239399123066917e-10	PRP3, PRP31, PRP4, PRP6, SNU66, SPP381
GO:0005681	CC	e	spliceosomal complex	6/6	99/6920	7.363101190983285e-12	3	6	1.1596884375798675e-09	PRP3, PRP31, PRP4, PRP6, SNU66, SPP381
GO:1990904	CC	e	ribonucleoprotein complex	6/6	622/6920	5.158732813770987e-07	2	6	6.964289298590832e-05	PRP3, PRP31, PRP4, PRP6, SNU66, SPP381
GO:0140513	CC	e	nuclear protein-containing complex	6/6	707/6920	1.1157924043527225e-06	2	6	0.00013180297776416532	PRP3, PRP31, PRP4, PRP6, SNU66, SPP381
