# GO	NS	enrichment	name	ratio_in_study	ratio_in_pop	p_uncorrected	depth	study_count	p_fdr_bh	study_items
GO:0004467	MF	e	long-chain fatty acid-CoA ligase activity	3/3	5/6920	1.8114287971346698e-10	7	3	3.1241108654582607e-07	FAA1, FAA4, FAT1
GO:0015645	MF	e	fatty acid ligase activity	3/3	6/6920	3.6228575942693396e-10	5	3	3.1241108654582607e-07	FAA1, FAA4, FAT1
GO:0120515	MF	e	fatty acid-CoA ligase activity	3/3	6/6920	3.6228575942693396e-10	6	3	3.1241108654582607e-07	FAA1, FAA4, FAT1
GO:0016405	MF	e	CoA-ligase activity	3/3	10/6920	2.1737145565616033e-09	4	3	1.405849889456217e-06	FAA1, FAA4, FAT1
GO:0016878	MF	e	acid-thiol ligase activity	3/3	13/6920	5.180686359805156e-09	4	3	2.6804871225631876e-06	FAA1, FAA4, FAT1
GO:0016877	MF	e	ligase activity, forming carbon-sulfur bonds	3/3	23/6920	3.208040399725501e-08	3	3	1.3832000856816451e-05	FAA1, FAA4, FAT1
GO:0016874	MF	e	ligase activity	3/3	132/6920	6.786699131344753e-06	2	3	0.0025081700932555536	FAA1, FAA4, FAT1
GO:0140657	MF	e	ATP-dependent activity	3/3	294/6920	7.593951506215037e-05	1	3	0.024556940683222877	FAA1, FAA4, FAT1
