# GO	NS	enrichment	name	ratio_in_study	ratio_in_pop	p_uncorrected	depth	study_count	p_fdr_bh	study_items
GO:0000444	CC	e	MIS12/MIND type complex	4/4	4/6920	1.0475227972442794e-14	3	4	9.899090433958439e-12	DSN1, MTW1, NNF1, NSL1
GO:0000940	CC	e	outer kinetochore	4/4	6/6920	1.5712841958664185e-13	2	4	7.424317825468827e-11	DSN1, MTW1, NNF1, NSL1
GO:0000776	CC	e	kinetochore	4/4	75/6920	1.273211583910559e-08	5	4	4.010616489318261e-06	DSN1, MTW1, NNF1, NSL1
GO:0000775	CC	e	chromosome, centromeric region	4/4	83/6920	1.924948842672032e-08	3	4	4.547691640812675e-06	DSN1, MTW1, NNF1, NSL1
GO:0000922	CC	e	spindle pole	3/4	26/6920	1.8791878092744155e-07	2	3	3.551664959528645e-05	DSN1, MTW1, NSL1
GO:0098687	CC	e	chromosomal region	4/4	190/6920	5.510196702190512e-07	2	4	8.432099676643185e-05	DSN1, MTW1, NNF1, NSL1
GO:0005694	CC	e	chromosome	4/4	196/6920	6.245999760476433e-07	5	4	8.432099676643185e-05	DSN1, MTW1, NNF1, NSL1
GO:0099080	CC	e	supramolecular complex	4/4	275/6920	2.442120275376708e-06	2	4	0.0002884754575288736	DSN1, MTW1, NNF1, NSL1
