# GO	NS	enrichment	name	ratio_in_study	ratio_in_pop	p_uncorrected	depth	study_count	p_fdr_bh	study_items
GO:0070681	BP	e	glutaminyl-tRNAGln biosynthesis via transamidation	3/3	4/6920	7.245715188538681e-11	9	3	3.322884985463839e-07	GTF1, HER2, PET112
GO:0043039	BP	e	tRNA aminoacylation	3/3	43/6920	2.2354842785438959e-07	8	3	0.00034173103004674353	GTF1, HER2, PET112
GO:0043038	BP	e	amino acid activation	3/3	43/6920	2.2354842785438959e-07	5	3	0.00034173103004674353	GTF1, HER2, PET112
GO:0032543	BP	e	mitochondrial translation	3/3	119/6920	4.960036218026183e-06	6	3	0.005686681523967019	GTF1, HER2, PET112
GO:0006399	BP	e	tRNA metabolic process	3/3	218/6920	3.084892224381097e-05	7	3	0.028075539829577684	GTF1, HER2, PET112
GO:0006520	BP	e	amino acid metabolic process	3/3	231/6920	3.673206257685698e-05	4	3	0.028075539829577684	GTF1, HER2, PET112
