# GO	NS	enrichment	name	ratio_in_study	ratio_in_pop	p_uncorrected	depth	study_count	p_fdr_bh	study_items
GO:0043625	CC	e	delta DNA polymerase complex	3/3	3/6920	1.8114287971346702e-11	6	3	1.7118002132922633e-08	POL3, POL31, POL32
GO:0042575	CC	e	DNA polymerase complex	3/3	14/6920	6.593600821570199e-09	5	3	3.1154763881919186e-06	POL3, POL31, POL32
GO:0016035	CC	e	zeta DNA polymerase complex	2/3	4/6920	7.517429508108881e-07	6	2	0.00023679902950542975	POL31, POL32
GO:0061695	CC	e	transferase complex, transferring phosphorus-containing groups	3/3	135/6920	7.2637389050701695e-06	4	3	0.0017160583163228274	POL3, POL31, POL32
GO:1990234	CC	e	transferase complex	3/3	410/6920	0.00020655577659422868	3	3	0.032532534813591016	POL3, POL31, POL32
GO:0140535	CC	e	intracellular protein-containing complex	3/3	410/6920	0.00020655577659422868	2	3	0.032532534813591016	POL3, POL31, POL32
