# GO	NS	enrichment	name	ratio_in_study	ratio_in_pop	p_uncorrected	depth	study_count	p_fdr_bh	study_items
GO:0005834	CC	e	heterotrimeric G-protein complex	3/3	4/6920	7.245715188538681e-11	4	3	6.847200853169053e-08	GPA1, STE18, STE4
GO:1905360	CC	e	GTPase complex	3/3	6/6920	3.6228575942693396e-10	3	3	1.7118002132922627e-07	GPA1, STE18, STE4
GO:0098797	CC	e	plasma membrane protein complex	3/3	15/6920	8.242001026962748e-09	3	3	2.5962303234932656e-06	GPA1, STE18, STE4
GO:0031680	CC	e	G-protein beta/gamma-subunit complex	2/3	2/6920	1.2531464418577647e-07	2	2	2.960558468888969e-05	STE18, STE4
GO:0120171	CC	e	Cdc24p-Far1p-Gbetagamma complex	2/3	4/6920	7.517429508108881e-07	2	2	0.00014207941770325787	STE18, STE4
GO:0098796	CC	e	membrane protein complex	3/3	336/6920	0.00011350123014238301	2	3	0.017876443747425325	GPA1, STE18, STE4
