# GO	NS	enrichment	name	ratio_in_study	ratio_in_pop	p_uncorrected	depth	study_count	p_fdr_bh	study_items
GO:0017119	CC	e	Golgi transport complex	8/8	8/6920	7.698917465248973e-27	3	8	7.27547700466028e-24	COG1, COG2, COG3, COG4, COG5, COG6, COG7, COG8
GO:0099023	CC	e	vesicle tethering complex	8/8	43/6920	1.116408573345483e-18	2	8	5.275030509057406e-16	COG1, COG2, COG3, COG4, COG5, COG6, COG7, COG8
GO:0000139	CC	e	Golgi membrane	8/8	146/6920	3.24323800841275e-14	5	8	1.0216199726500162e-11	COG1, COG2, COG3, COG4, COG5, COG6, COG7, COG8
GO:0005794	CC	e	Golgi apparatus	8/8	265/6920	4.173969837813336e-12	5	8	9.861003741834007e-10	COG1, COG2, COG3, COG4, COG5, COG6, COG7, COG8
GO:0098588	CC	e	bounding membrane of organelle	8/8	635/6920	4.829176847178541e-09	4	8	9.127144241167442e-07	COG1, COG2, COG3, COG4, COG5, COG6, COG7, COG8
GO:0031090	CC	e	organelle membrane	8/8	1298/6920	1.5056365055610672e-06	3	8	0.00023713774962586808	COG1, COG2, COG3, COG4, COG5, COG6, COG7, COG8
GO:0016020	CC	e	membrane	8/8	2112/6920	7.459263205597825e-05	2	8	0.010070005327557065	COG1, COG2, COG3, COG4, COG5, COG6, COG7, COG8
GO:0032991	CC	e	protein-containing complex	8/8	2176/6920	9.475136802878945e-05	1	8	0.011192505348400753	COG1, COG2, COG3, COG4, COG5, COG6, COG7, COG8
