# GO	NS	enrichment	name	ratio_in_study	ratio_in_pop	p_uncorrected	depth	study_count	p_fdr_bh	study_items
GO:0005832	CC	e	chaperonin-containing T-complex	8/10	8/6920	3.4645128593620384e-25	4	8	3.2739646520971263e-22	CCT2, CCT3, CCT4, CCT5, CCT6, CCT7, CCT8, TCP1
GO:0101031	CC	e	protein folding chaperone complex	8/10	10/6920	1.5582288683628014e-23	3	8	7.362631403014236e-21	CCT2, CCT3, CCT4, CCT5, CCT6, CCT7, CCT8, TCP1
GO:0140535	CC	e	intracellular protein-containing complex	8/10	410/6920	5.760467006372797e-09	2	8	1.814547107007431e-06	CCT2, CCT3, CCT4, CCT5, CCT6, CCT7, CCT8, TCP1
GO:0005737	CC	e	cytoplasm	10/10	2615/6920	5.8748781669536885e-05	2	10	0.013879399669428088	CCT2, CCT3, CCT4, CCT5, CCT6, CCT7, CCT8, PLP2, TCP1, VID27
GO:0043226	CC	p	organelle	1/10	4859/6920	0.0001334691556229251	2	1	0.021198521891858862	VID27
GO:0043229	CC	p	intracellular organelle	1/10	4857/6920	0.00013459378978958008	3	1	0.021198521891858862	VID27
