# GO	NS	enrichment	name	ratio_in_study	ratio_in_pop	p_uncorrected	depth	study_count	p_fdr_bh	study_items
GO:0005484	MF	e	SNAP receptor activity	10/10	24/6920	2.844866138866847e-26	3	10	7.359668701248534e-23	PEP12, SEC20, SED5, SSO1, SSO2, TLG1, TLG2, UFE1, VAM3, VAM7
GO:0000149	MF	e	SNARE binding	8/10	40/6920	2.642487971988805e-17	3	8	3.418058191767519e-14	PEP12, SED5, SSO1, SSO2, TLG1, TLG2, VAM3, VAM7
GO:0030674	MF	e	protein-macromolecule adaptor activity	10/10	278/6920	9.356174385180778e-15	2	10	8.06814104482089e-12	PEP12, SEC20, SED5, SSO1, SSO2, TLG1, TLG2, UFE1, VAM3, VAM7
GO:0060090	MF	e	molecular adaptor activity	10/10	607/6920	2.519333599150323e-11	1	10	1.6293790052504713e-08	PEP12, SEC20, SED5, SSO1, SSO2, TLG1, TLG2, UFE1, VAM3, VAM7
GO:0070300	MF	e	phosphatidic acid binding	3/10	12/6920	4.749595587772941e-07	5	3	0.00024574407571137196	SSO1, SSO2, VAM7
GO:0005515	MF	e	protein binding	8/10	807/6920	1.2019442517580278e-06	2	8	0.0005182382965496697	PEP12, SED5, SSO1, SSO2, TLG1, TLG2, VAM3, VAM7
