# GO	NS	enrichment	name	ratio_in_study	ratio_in_pop	p_uncorrected	depth	study_count	p_fdr_bh	study_items
GO:0007059	BP	e	chromosome segregation	3/3	113/6920	4.241206928459231e-06	3	3	0.014926177829037861	CBF1, CSE4, MIF2
GO:0051382	BP	e	kinetochore assembly	2/3	11/6920	6.886327715187159e-06	7	2	0.014926177829037861	CSE4, MIF2
GO:0051383	BP	e	kinetochore organization	2/3	13/6920	9.764180873770952e-06	6	2	0.014926177829037861	CSE4, MIF2
