# GO	NS	enrichment	name	ratio_in_study	ratio_in_pop	p_uncorrected	depth	study_count	p_fdr_bh	study_items
GO:0031588	CC	e	nucleotide-activated protein kinase complex	5/6	7/6920	9.539911833475176e-16	6	5	9.015216682634041e-13	GAL83, SIP1, SIP2, SNF1, SNF4
GO:1902911	CC	e	protein kinase complex	5/6	64/6920	3.439876717377968e-10	5	5	1.6253417489610896e-07	GAL83, SIP1, SIP2, SNF1, SNF4
GO:0005641	CC	e	nuclear envelope lumen	3/6	5/6920	3.6205009406101604e-09	6	3	1.1404577962922005e-06	GAL83, SNF1, SNF4
GO:0061695	CC	e	transferase complex, transferring phosphorus-containing groups	5/6	135/6920	1.550694478946168e-08	4	5	3.6635157065103214e-06	GAL83, SIP1, SIP2, SNF1, SNF4
GO:1990234	CC	e	transferase complex	5/6	410/6920	4.071973568481055e-06	3	5	0.0006413358370357663	GAL83, SIP1, SIP2, SNF1, SNF4
GO:0140535	CC	e	intracellular protein-containing complex	5/6	410/6920	4.071973568481055e-06	2	5	0.0006413358370357663	GAL83, SIP1, SIP2, SNF1, SNF4
GO:0031970	CC	e	organelle envelope lumen	3/6	76/6920	2.4868935900694854e-05	5	3	0.0033573063465938053	GAL83, SNF1, SNF4
GO:1902494	CC	e	catalytic complex	5/6	851/6920	0.000149997272383756	2	5	0.017718427800331178	GAL83, SIP1, SIP2, SNF1, SNF4
