# GO	NS	enrichment	name	ratio_in_study	ratio_in_pop	p_uncorrected	depth	study_count	p_fdr_bh	study_items
GO:0045273	CC	e	respiratory chain complex II (succinate dehydrogenase)	4/4	7/6920	3.666329790354977e-13	4	4	3.4646816518854526e-10	SDH1, SDH2, SDH3, SDH4
GO:1990204	CC	e	oxidoreductase complex	4/4	29/6920	2.487971395734887e-10	3	4	1.175566484484734e-07	SDH1, SDH2, SDH3, SDH4
GO:0098803	CC	e	respiratory chain complex	4/4	54/6920	3.3128013215130056e-09	2	4	1.0435324162765968e-06	SDH1, SDH2, SDH3, SDH4
GO:0005743	CC	e	mitochondrial inner membrane	4/4	262/6920	2.0098662258544998e-06	5	4	0.0004748308958581255	SDH1, SDH2, SDH3, SDH4
GO:0019866	CC	e	organelle inner membrane	4/4	282/6920	2.7019039387999748e-06	4	4	0.0005106598444331952	SDH1, SDH2, SDH3, SDH4
GO:0098796	CC	e	membrane protein complex	4/4	336/6920	5.46420552803434e-06	2	4	0.0008606123706654086	SDH1, SDH2, SDH3, SDH4
GO:0031966	CC	e	mitochondrial membrane	4/4	422/6920	1.3646148773334263e-05	4	4	0.0018422300844001254	SDH1, SDH2, SDH3, SDH4
GO:1902494	CC	e	catalytic complex	4/4	851/6920	0.00022730253010368705	2	4	0.02685011136849803	SDH1, SDH2, SDH3, SDH4
