# GO	NS	enrichment	name	ratio_in_study	ratio_in_pop	p_uncorrected	depth	study_count	p_fdr_bh	study_items
GO:0005643	CC	e	nuclear pore	4/4	48/6920	2.0382698588779184e-09	3	4	1.9261650166396327e-06	NIC96, NSP1, NUP49, NUP57
GO:0044613	CC	e	nuclear pore central transport channel	3/4	14/6920	2.6342946176679554e-08	3	3	1.0062428725815563e-05	NSP1, NUP49, NUP57
GO:0031965	CC	e	nuclear membrane	4/4	94/6920	3.1944218177192266e-08	4	4	1.0062428725815563e-05	NIC96, NSP1, NUP49, NUP57
GO:0044615	CC	e	nuclear pore nuclear basket	2/4	10/6920	1.1260934859661011e-05	3	2	0.0026603958605949138	NIC96, NSP1
GO:0140513	CC	e	nuclear protein-containing complex	4/4	707/6920	0.0001081279906560431	2	4	0.020436190233992145	NIC96, NSP1, NUP49, NUP57
