# GO	NS	enrichment	name	ratio_in_study	ratio_in_pop	p_uncorrected	depth	study_count	p_fdr_bh	study_items
GO:0005849	CC	e	mRNA cleavage factor complex	14/16	20/6920	7.103922222977959e-37	3	14	6.71320650071417e-34	CFT1, CFT2, CLP1, FIP1, MPE1, PCF11, PFS2, PTA1, REF2, RNA14, RNA15, SSU72, YSH1, YTH1
GO:0005847	CC	e	mRNA cleavage and polyadenylation specificity factor complex	11/16	16/6920	4.391026659721392e-28	4	11	2.0747600967183577e-25	CFT1, CFT2, FIP1, MPE1, PFS2, PTA1, REF2, RNA15, SSU72, YSH1, YTH1
GO:0140513	CC	e	nuclear protein-containing complex	14/16	707/6920	1.184740351940866e-12	2	14	3.731932108613728e-10	CFT1, CFT2, CLP1, FIP1, MPE1, PCF11, PFS2, PTA1, REF2, RNA14, RNA15, SSU72, YSH1, YTH1
GO:0032991	CC	e	protein-containing complex	15/16	2176/6920	3.178161456827677e-07	1	15	7.508406441755387e-05	CFT1, CFT2, CLP1, FIP1, MPE1, PAB1, PCF11, PFS2, PTA1, REF2, RNA14, RNA15, SSU72, YSH1, YTH1
GO:0005634	CC	e	nucleus	15/16	2331/6920	8.683506529588773e-07	5	15	0.00016411827340922784	CFT1, CFT2, CLP1, FIP1, MPE1, PAB1, PCF11, PFS2, PTA1, REF2, RNA14, RNA15, SSU72, YSH1, YTH1
GO:0005848	CC	e	mRNA cleavage stimulating factor complex	2/16	2/6920	5.012585767431057e-06	4	2	0.0007894822583703916	RNA14, RNA15
