# GO	NS	enrichment	name	ratio_in_study	ratio_in_pop	p_uncorrected	depth	study_count	p_fdr_bh	study_items
GO:0035361	CC	e	Cul8-RING ubiquitin ligase complex	4/4	5/6920	5.237613986221396e-14	6	4	4.9495452169792187e-11	MMS1, MMS22, RTT101, RTT107
GO:0031461	CC	e	cullin-RING ubiquitin ligase complex	4/4	47/6920	1.8684140373047585e-09	5	4	8.828256326264983e-07	MMS1, MMS22, RTT101, RTT107
GO:0000151	CC	e	ubiquitin ligase complex	4/4	96/6920	3.4798288315336044e-08	4	4	1.0961460819330854e-05	MMS1, MMS22, RTT101, RTT107
GO:1990234	CC	e	transferase complex	4/4	410/6920	1.2153852981617907e-05	3	4	0.0022970782135257844	MMS1, MMS22, RTT101, RTT107
GO:0140535	CC	e	intracellular protein-containing complex	4/4	410/6920	1.2153852981617907e-05	2	4	0.0022970782135257844	MMS1, MMS22, RTT101, RTT107
GO:1902494	CC	e	catalytic complex	4/4	851/6920	0.00022730253010368705	2	4	0.03580014849133071	MMS1, MMS22, RTT101, RTT107
