# GO	NS	enrichment	name	ratio_in_study	ratio_in_pop	p_uncorrected	depth	study_count	p_fdr_bh	study_items
GO:1990429	CC	e	peroxisomal importomer complex	3/3	11/6920	2.9888575152722046e-09	3	3	2.824470351932233e-06	PEX13, PEX14, PEX17
GO:0031903	CC	e	microbody membrane	3/3	45/6920	2.570417463134096e-07	6	3	8.096815008872403e-05	PEX13, PEX14, PEX17
GO:0005778	CC	e	peroxisomal membrane	3/3	45/6920	2.570417463134096e-07	7	3	8.096815008872403e-05	PEX13, PEX14, PEX17
GO:1902495	CC	e	transmembrane transporter complex	3/3	64/6920	7.54713694038189e-07	3	3	0.00017830111021652215	PEX13, PEX14, PEX17
GO:1990351	CC	e	transporter complex	3/3	82/6920	1.6042013427424634e-06	2	3	0.0003031940537783256	PEX13, PEX14, PEX17
GO:0005777	CC	e	peroxisome	3/3	137/6920	7.593871803347963e-06	6	3	0.0011960348090273042	PEX13, PEX14, PEX17
GO:0042579	CC	e	microbody	3/3	145/6920	9.01439426606097e-06	5	3	0.001216943225918231	PEX13, PEX14, PEX17
GO:0098796	CC	e	membrane protein complex	3/3	336/6920	0.00011350123014238301	2	3	0.013407332810568993	PEX13, PEX14, PEX17
