# GO	NS	enrichment	name	ratio_in_study	ratio_in_pop	p_uncorrected	depth	study_count	p_fdr_bh	study_items
GO:0006367	BP	e	transcription initiation at RNA polymerase II promoter	3/3	33/6920	9.883155517166758e-08	9	3	0.0004532415120172675	TAF14, TFG1, TFG2
GO:0006352	BP	e	DNA-templated transcription initiation	3/3	56/6920	5.021280625657305e-07	8	3	0.00115137964746322	TAF14, TFG1, TFG2
GO:0001173	BP	e	DNA-templated transcriptional start site selection	2/3	7/6920	2.6303395277433116e-06	8	2	0.0030156842685577067	TFG1, TFG2
GO:0001174	BP	e	transcriptional start site selection at RNA polymerase II promoter	2/3	7/6920	2.6303395277433116e-06	9	2	0.0030156842685577067	TFG1, TFG2
GO:0032774	BP	e	RNA biosynthetic process	3/3	249/6920	4.6048766194871746e-05	7	3	0.04223592835393637	TAF14, TFG1, TFG2
