# GO	NS	enrichment	name	ratio_in_study	ratio_in_pop	p_uncorrected	depth	study_count	p_fdr_bh	study_items
GO:0005885	CC	e	Arp2/3 protein complex	7/8	7/6920	5.322261643726618e-23	2	7	5.0295372533216534e-20	ARC15, ARC18, ARC19, ARC35, ARC40, ARP2, ARP3
GO:0030479	CC	e	actin cortical patch	7/8	61/6920	2.3060768485342174e-14	3	7	9.209904805160406e-12	ARC15, ARC19, ARC35, ARC40, ARP2, ARP3, CRN1
GO:0061645	CC	e	endocytic patch	7/8	63/6920	2.923779303225526e-14	2	7	9.209904805160406e-12	ARC15, ARC19, ARC35, ARC40, ARP2, ARP3, CRN1
GO:0005856	CC	e	cytoskeleton	7/8	188/6920	7.649354701229305e-11	5	7	1.8071600481654234e-08	ARC15, ARC18, ARC19, ARC35, ARC40, ARP2, ARP3
GO:0015629	CC	e	actin cytoskeleton	4/8	18/6920	2.229293256960622e-09	6	4	4.213364255655576e-07	ARC15, ARC19, ARC35, ARC40
GO:0043228	CC	e	membraneless organelle	7/8	1210/6920	3.34095981240349e-05	3	7	0.004510295746744711	ARC15, ARC18, ARC19, ARC35, ARC40, ARP2, ARP3
GO:0043232	CC	e	intracellular membraneless organelle	7/8	1210/6920	3.34095981240349e-05	4	7	0.004510295746744711	ARC15, ARC18, ARC19, ARC35, ARC40, ARP2, ARP3
