# GO	NS	enrichment	name	ratio_in_study	ratio_in_pop	p_uncorrected	depth	study_count	p_fdr_bh	study_items
GO:0005832	CC	e	chaperonin-containing T-complex	8/8	8/6920	7.698917465248973e-27	4	8	7.27547700466028e-24	CCT2, CCT3, CCT4, CCT5, CCT6, CCT7, CCT8, TCP1
GO:0101031	CC	e	protein folding chaperone complex	8/8	10/6920	3.4645128593620384e-25	3	8	1.6369823260485631e-22	CCT2, CCT3, CCT4, CCT5, CCT6, CCT7, CCT8, TCP1
GO:0140535	CC	e	intracellular protein-containing complex	8/8	410/6920	1.4234373116808438e-10	2	8	4.483827531794658e-08	CCT2, CCT3, CCT4, CCT5, CCT6, CCT7, CCT8, TCP1
GO:0032991	CC	e	protein-containing complex	8/8	2176/6920	9.475136802878945e-05	1	8	0.014923340464534338	CCT2, CCT3, CCT4, CCT5, CCT6, CCT7, CCT8, TCP1
GO:0005737	CC	e	cytoplasm	8/8	2615/6920	0.00041307417537481556	2	8	0.04337278841435563	CCT2, CCT3, CCT4, CCT5, CCT6, CCT7, CCT8, TCP1
GO:0043226	CC	p	organelle	0/8	4859/6920	6.132333100306592e-05	2	0	0.011680546555922561	
GO:0043229	CC	p	intracellular organelle	0/8	4857/6920	6.18018336292199e-05	3	0	0.011680546555922561	
GO:0043227	CC	p	membrane-bounded organelle	0/8	4451/6920	0.00026070400023937444	3	0	0.030996078690332527	
GO:0043231	CC	p	intracellular membrane-bounded organelle	0/8	4449/6920	0.00026240066616154523	4	0	0.030996078690332527	
