# GO	NS	enrichment	name	ratio_in_study	ratio_in_pop	p_uncorrected	depth	study_count	p_fdr_bh	study_items
GO:1990856	MF	e	methionyl-initiator methionine tRNA binding	3/3	4/6920	7.245715188538681e-11	5	3	1.8744665192749568e-07	GCD11, SUI2, SUI3
GO:0003743	MF	e	translation initiation factor activity	3/3	38/6920	1.5281213332628076e-07	2	3	0.00019766249445754417	GCD11, SUI2, SUI3
GO:0000049	MF	e	tRNA binding	3/3	55/6920	4.752283449282806e-07	4	3	0.0004098052427764873	GCD11, SUI2, SUI3
GO:0180051	MF	e	translation factor activity	3/3	61/6920	6.519332240887677e-07	1	3	0.0004216378126794105	GCD11, SUI2, SUI3
GO:0032561	MF	e	guanyl ribonucleotide binding	3/3	115/6920	4.4725082715653555e-06	7	3	0.0016529112712199393	GCD11, SUI2, SUI3
GO:0019001	MF	e	guanyl nucleotide binding	3/3	115/6920	4.4725082715653555e-06	6	3	0.0016529112712199393	GCD11, SUI2, SUI3
GO:0005525	MF	e	GTP binding	3/3	115/6920	4.4725082715653555e-06	8	3	0.0016529112712199393	GCD11, SUI2, SUI3
GO:0031369	MF	e	translation initiation factor binding	2/3	25/6920	3.751106753106474e-05	3	2	0.012130141462858061	GCD11, SUI3
