# GO	NS	enrichment	name	ratio_in_study	ratio_in_pop	p_uncorrected	depth	study_count	p_fdr_bh	study_items
GO:0005885	CC	e	Arp2/3 protein complex	6/6	7/6920	4.599764625590729e-20	2	6	4.3467775711832385e-17	ARC15, ARC18, ARC19, ARC35, ARP2, ARP3
GO:0030479	CC	e	actin cortical patch	5/6	61/6920	2.684995939972491e-10	3	5	8.782738070318708e-08	ARC15, ARC19, ARC35, ARP2, ARP3
GO:0061645	CC	e	endocytic patch	5/6	63/6920	3.1715212421874486e-10	2	5	8.782738070318708e-08	ARC15, ARC19, ARC35, ARP2, ARP3
GO:0005856	CC	e	cytoskeleton	6/6	188/6920	3.7175610879655913e-10	5	6	8.782738070318708e-08	ARC15, ARC18, ARC19, ARC35, ARP2, ARP3
GO:0015629	CC	e	actin cytoskeleton	3/6	18/6920	2.9418507551414327e-07	6	3	5.560097927217308e-05	ARC15, ARC19, ARC35
GO:0043228	CC	e	membraneless organelle	6/6	1210/6920	2.8289502031080474e-05	3	6	0.003819082774195864	ARC15, ARC18, ARC19, ARC35, ARP2, ARP3
GO:0043232	CC	e	intracellular membraneless organelle	6/6	1210/6920	2.8289502031080474e-05	4	6	0.003819082774195864	ARC15, ARC18, ARC19, ARC35, ARP2, ARP3
