# GO	NS	enrichment	name	ratio_in_study	ratio_in_pop	p_uncorrected	depth	study_count	p_fdr_bh	study_items
GO:0000113	CC	e	nucleotide-excision repair factor 4 complex	4/4	4/6920	1.0475227972442794e-14	4	4	9.899090433958439e-12	ABF1, ELC1, RAD16, RAD7
GO:0000109	CC	e	nucleotide-excision repair complex	4/4	18/6920	3.2054197595674946e-11	3	4	1.5145608363956412e-08	ABF1, ELC1, RAD16, RAD7
GO:0031463	CC	e	Cul3-RING ubiquitin ligase complex	3/4	7/6920	2.5349004170514314e-09	6	3	7.984936313712009e-07	ELC1, RAD16, RAD7
GO:0031461	CC	e	cullin-RING ubiquitin ligase complex	3/4	47/6920	1.1692874757096327e-06	5	3	0.00027624416613640073	ELC1, RAD16, RAD7
GO:0000151	CC	e	ubiquitin ligase complex	3/4	96/6920	1.0248282996438055e-05	4	3	0.0019369254863267926	ELC1, RAD16, RAD7
GO:0140513	CC	e	nuclear protein-containing complex	4/4	707/6920	0.0001081279906560431	2	4	0.01703015852832679	ABF1, ELC1, RAD16, RAD7
