# GO	NS	enrichment	name	ratio_in_study	ratio_in_pop	p_uncorrected	depth	study_count	p_fdr_bh	study_items
GO:0106310	MF	e	protein serine kinase activity	4/5	120/6920	4.2447433753466265e-07	6	4	0.0010981151112021725	FUS3, KSS1, STE11, STE7
GO:0004674	MF	e	protein serine/threonine kinase activity	4/5	161/6920	1.3866366958920036e-06	6	4	0.0014529438134397576	FUS3, KSS1, STE11, STE7
GO:0004672	MF	e	protein kinase activity	4/5	169/6920	1.6848981214995256e-06	5	4	0.0014529438134397576	FUS3, KSS1, STE11, STE7
GO:0004707	MF	e	MAP kinase activity	2/5	5/6920	4.173532734210084e-06	7	2	0.002699232295850372	FUS3, KSS1
GO:0016773	MF	e	phosphotransferase activity, alcohol group as acceptor	4/5	236/6920	6.4218444356735805e-06	4	4	0.0033226623110175105	FUS3, KSS1, STE11, STE7
GO:0016301	MF	e	kinase activity	4/5	262/6920	9.749420495223649e-06	4	4	0.004203625136857263	FUS3, KSS1, STE11, STE7
GO:0043168	MF	e	anion binding	5/5	975/6920	5.503755907998914e-05	4	5	0.020340309334275986	FUS3, KSS1, STE11, STE5, STE7
GO:0016772	MF	e	transferase activity, transferring phosphorus-containing groups	4/5	421/6920	6.4324026518251e-05	3	4	0.02080078207533942	FUS3, KSS1, STE11, STE7
