# GO	NS	enrichment	name	ratio_in_study	ratio_in_pop	p_uncorrected	depth	study_count	p_fdr_bh	study_items
GO:1990935	MF	e	splicing factor binding	2/15	2/6920	4.386012546502177e-06	3	2	0.011346614457801132	SME1, SMX3
GO:0003723	MF	e	RNA binding	10/15	1124/6920	1.684256017560621e-05	3	10	0.021785851587146635	PRP28, PRP8, SMB1, SMD1, SMD2, SMD3, SME1, SMX2, SMX3, SNU114
GO:0030623	MF	e	U5 snRNA binding	2/15	5/6920	4.369549983380616e-05	5	2	0.03768008602335218	PRP8, SNU114
