# GO	NS	enrichment	name	ratio_in_study	ratio_in_pop	p_uncorrected	depth	study_count	p_fdr_bh	study_items
GO:0004407	MF	e	histone deacetylase activity	3/3	16/6920	1.014400126395415e-08	5	3	1.3121265634924695e-05	HDA1, HDA2, HDA3
GO:0033558	MF	e	protein lysine deacetylase activity	3/3	16/6920	1.014400126395415e-08	4	3	1.3121265634924695e-05	HDA1, HDA2, HDA3
GO:0019213	MF	e	deacetylase activity	3/3	20/6920	2.065028828733523e-08	3	3	1.780743193311208e-05	HDA1, HDA2, HDA3
GO:0160215	MF	e	deacylase activity	3/3	26/6920	4.7097148725501417e-08	2	3	3.046008093821804e-05	HDA1, HDA2, HDA3
GO:0003682	MF	e	chromatin binding	3/3	157/6920	1.1461091142350771e-05	2	3	0.005929968557052289	HDA1, HDA2, HDA3
