# GO	NS	enrichment	name	ratio_in_study	ratio_in_pop	p_uncorrected	depth	study_count	p_fdr_bh	study_items
GO:0031047	BP	e	regulatory ncRNA-mediated gene silencing	2/3	2/6920	1.2531464418577647e-07	9	2	0.0005746929582359708	HDA2, HDA3
GO:0000122	BP	e	negative regulation of transcription by RNA polymerase II	3/3	152/6920	1.0393978437958735e-05	11	3	0.018399046766462254	HDA1, HDA2, HDA3
GO:0045892	BP	e	negative regulation of DNA-templated transcription	3/3	179/6920	1.7026144578619932e-05	10	3	0.018399046766462254	HDA1, HDA2, HDA3
GO:1902679	BP	e	negative regulation of RNA biosynthetic process	3/3	179/6920	1.7026144578619932e-05	9	3	0.018399046766462254	HDA1, HDA2, HDA3
GO:0051253	BP	e	negative regulation of RNA metabolic process	3/3	189/6920	2.0060016099500928e-05	8	3	0.018399046766462254	HDA1, HDA2, HDA3
GO:0045934	BP	e	negative regulation of nucleobase-containing compound metabolic process	3/3	222/6920	3.258651720317442e-05	7	3	0.024906961315626315	HDA1, HDA2, HDA3
