# GO	NS	enrichment	name	ratio_in_study	ratio_in_pop	p_uncorrected	depth	study_count	p_fdr_bh	study_items
GO:0000159	CC	e	protein phosphatase type 2A complex	2/3	8/6920	3.50678123694895e-06	5	2	0.0033139082689167573	RRD1, SIT4
GO:1903293	CC	e	phosphatase complex	2/3	27/6920	4.387947152457517e-05	3	2	0.013822033530241178	RRD1, SIT4
GO:0008287	CC	e	protein serine/threonine phosphatase complex	2/3	27/6920	4.387947152457517e-05	4	2	0.013822033530241178	RRD1, SIT4
