# GO	NS	enrichment	name	ratio_in_study	ratio_in_pop	p_uncorrected	depth	study_count	p_fdr_bh	study_items
GO:0005956	CC	e	protein kinase CK2 complex	4/8	4/6920	7.332659580709954e-13	7	4	6.929363303770905e-10	CKA1, CKA2, CKB1, CKB2
GO:0034456	CC	e	UTP-C complex	4/8	6/6920	1.0988812851807274e-11	3	4	5.1922140724789366e-09	CKA1, CKA2, CKB1, CKB2
GO:0032545	CC	e	CURI complex	4/8	7/6920	2.5628697153689066e-11	3	4	8.073039603412055e-09	CKA1, CKA2, CKB1, CKB2
GO:0005654	CC	e	nucleoplasm	5/8	65/6920	3.4275718013325108e-09	2	5	8.097638380648056e-07	CKA1, CKA2, CKB1, CKB2, HRR25
GO:1902554	CC	e	serine/threonine protein kinase complex	4/8	56/6920	2.629008362585746e-07	6	4	4.9688258052870606e-05	CKA1, CKA2, CKB1, CKB2
GO:0032040	CC	e	small-subunit processome	4/8	60/6920	3.4839297605814453e-07	4	4	5.487189372915776e-05	CKA1, CKA2, CKB1, CKB2
GO:1902911	CC	e	protein kinase complex	4/8	64/6920	4.5310270682753427e-07	5	4	6.116886542171713e-05	CKA1, CKA2, CKB1, CKB2
GO:0061695	CC	e	transferase complex, transferring phosphorus-containing groups	4/8	135/6920	9.12872176325088e-06	4	4	0.0010783302582840102	CKA1, CKA2, CKB1, CKB2
GO:0030684	CC	e	preribosome	4/8	163/6920	1.929670931062458e-05	3	4	0.0020261544776155804	CKA1, CKA2, CKB1, CKB2
