# GO	NS	enrichment	name	ratio_in_study	ratio_in_pop	p_uncorrected	depth	study_count	p_fdr_bh	study_items
GO:0006418	BP	e	tRNA aminoacylation for protein translation	3/3	38/6920	1.5281213332628076e-07	9	3	0.00034173103004674353	ARC1, GUS1, MES1
GO:0043039	BP	e	tRNA aminoacylation	3/3	43/6920	2.2354842785438959e-07	8	3	0.00034173103004674353	ARC1, GUS1, MES1
GO:0043038	BP	e	amino acid activation	3/3	43/6920	2.2354842785438959e-07	5	3	0.00034173103004674353	ARC1, GUS1, MES1
GO:0006399	BP	e	tRNA metabolic process	3/3	218/6920	3.084892224381097e-05	7	3	0.033690647795493224	ARC1, GUS1, MES1
GO:0006520	BP	e	amino acid metabolic process	3/3	231/6920	3.673206257685698e-05	4	3	0.033690647795493224	ARC1, GUS1, MES1
