# GO	NS	enrichment	name	ratio_in_study	ratio_in_pop	p_uncorrected	depth	study_count	p_fdr_bh	study_items
GO:0008622	CC	e	epsilon DNA polymerase complex	3/3	4/6920	7.245715188538681e-11	6	3	6.847200853169053e-08	DPB2, DPB4, POL2
GO:0042575	CC	e	DNA polymerase complex	3/3	14/6920	6.593600821570199e-09	5	3	3.1154763881919186e-06	DPB2, DPB4, POL2
GO:0061695	CC	e	transferase complex, transferring phosphorus-containing groups	3/3	135/6920	7.2637389050701695e-06	4	3	0.0022880777550971032	DPB2, DPB4, POL2
GO:1990234	CC	e	transferase complex	3/3	410/6920	0.00020655577659422868	3	3	0.03903904177630922	DPB2, DPB4, POL2
GO:0140535	CC	e	intracellular protein-containing complex	3/3	410/6920	0.00020655577659422868	2	3	0.03903904177630922	DPB2, DPB4, POL2
