# GO	NS	enrichment	name	ratio_in_study	ratio_in_pop	p_uncorrected	depth	study_count	p_fdr_bh	study_items
GO:0017056	MF	e	structural constituent of nuclear pore	11/13	29/6920	6.20157379581813e-26	2	11	1.6043471409781505e-22	NUP1, NUP100, NUP116, NUP133, NUP157, NUP159, NUP170, NUP188, NUP2, NUP42, POM152
GO:0005198	MF	e	structural molecule activity	11/13	380/6920	8.413171208660255e-13	1	11	1.0882436958402041e-09	NUP1, NUP100, NUP116, NUP133, NUP157, NUP159, NUP170, NUP188, NUP2, NUP42, POM152
GO:0008139	MF	e	nuclear localization sequence binding	3/13	14/6920	1.8633947407855826e-06	4	3	0.0016068673981374341	NUP1, NUP100, NUP116
GO:0005048	MF	e	signal sequence binding	3/13	41/6920	5.299396581030251e-05	3	3	0.0294961687966147	NUP1, NUP100, NUP116
GO:0042277	MF	e	peptide binding	3/13	42/6920	5.7008443750704876e-05	2	3	0.0294961687966147	NUP1, NUP100, NUP116
