# GO	NS	enrichment	name	ratio_in_study	ratio_in_pop	p_uncorrected	depth	study_count	p_fdr_bh	study_items
GO:0016592	CC	e	mediator complex	4/6	27/6920	2.742950019563271e-09	3	4	2.592087768487291e-06	SRB8, SSN2, SSN3, SSN8
GO:0000124	CC	e	SAGA complex	2/6	20/6920	0.00011822518148989497	8	2	0.04524219544785657	SPT20, SPT8
GO:0070461	CC	e	SAGA-type complex	2/6	22/6920	0.00014362601729478276	7	2	0.04524219544785657	SPT20, SPT8
