# GO	NS	enrichment	name	ratio_in_study	ratio_in_pop	p_uncorrected	depth	study_count	p_fdr_bh	study_items
GO:0000148	CC	e	1,3-beta-D-glucan synthase complex	3/3	4/6920	7.245715188538681e-11	4	3	6.847200853169053e-08	FKS1, GSC2, RHO1
GO:0005935	CC	e	cellular bud neck	3/3	201/6920	2.4151780152196554e-05	3	3	0.011411716121912871	FKS1, GSC2, RHO1
GO:0030427	CC	e	site of polarized growth	3/3	282/6920	6.698591234652123e-05	2	3	0.017395249574967978	FKS1, GSC2, RHO1
GO:0071944	CC	e	cell periphery	3/3	291/6920	7.363068603161049e-05	2	3	0.017395249574967978	FKS1, GSC2, RHO1
GO:1990234	CC	e	transferase complex	3/3	410/6920	0.00020655577659422868	3	3	0.03903904177630922	FKS1, GSC2, RHO1
GO:0005933	CC	e	cellular bud	2/3	69/6920	0.0002920899952518901	2	2	0.046004174252172694	FKS1, RHO1
