# GO	NS	enrichment	name	ratio_in_study	ratio_in_pop	p_uncorrected	depth	study_count	p_fdr_bh	study_items
GO:0016514	CC	e	SWI/SNF complex	12/12	15/6920	1.8248183467290526e-35	5	12	1.7244533376589545e-32	ARP7, ARP9, RTT102, SNF11, SNF12, SNF2, SNF5, SNF6, SWI1, SWI3, SWP82, TAF14
GO:0070603	CC	e	SWI/SNF superfamily-type complex	12/12	61/6920	6.986683890201629e-26	4	12	3.3012081381202694e-23	ARP7, ARP9, RTT102, SNF11, SNF12, SNF2, SNF5, SNF6, SWI1, SWI3, SWP82, TAF14
GO:1904949	CC	e	ATPase complex	12/12	71/6920	5.134652574965447e-25	3	12	1.6174155611141158e-22	ARP7, ARP9, RTT102, SNF11, SNF12, SNF2, SNF5, SNF6, SWI1, SWI3, SWP82, TAF14
GO:0140513	CC	e	nuclear protein-containing complex	12/12	707/6920	1.188886183931649e-12	2	12	2.8087436095385207e-10	ARP7, ARP9, RTT102, SNF11, SNF12, SNF2, SNF5, SNF6, SWI1, SWI3, SWP82, TAF14
GO:1902494	CC	e	catalytic complex	12/12	851/6920	1.1173550165666434e-11	2	12	2.111800981310956e-09	ARP7, ARP9, RTT102, SNF11, SNF12, SNF2, SNF5, SNF6, SWI1, SWI3, SWP82, TAF14
GO:0016586	CC	e	RSC-type complex	4/12	18/6920	1.566238946878827e-08	5	4	2.4668263413341524e-06	ARP7, ARP9, RTT102, SWP82
GO:0032991	CC	e	protein-containing complex	12/12	2176/6920	9.153394255805394e-07	1	12	0.0001235708224533728	ARP7, ARP9, RTT102, SNF11, SNF12, SNF2, SNF5, SNF6, SWI1, SWI3, SWP82, TAF14
GO:0005634	CC	e	nucleus	12/12	2331/6920	2.0944098041109344e-06	5	12	0.0002474021581106041	ARP7, ARP9, RTT102, SNF11, SNF12, SNF2, SNF5, SNF6, SWI1, SWI3, SWP82, TAF14
