# GO	NS	enrichment	name	ratio_in_study	ratio_in_pop	p_uncorrected	depth	study_count	p_fdr_bh	study_items
GO:0031267	MF	e	small GTPase binding	3/8	39/6920	9.091126254910147e-06	5	3	0.013701567515733603	EXO70, SEC15, SEC3
GO:0051020	MF	e	GTPase binding	3/8	41/6920	1.0592630472155858e-05	4	3	0.013701567515733603	EXO70, SEC15, SEC3
