# GO	NS	enrichment	name	ratio_in_study	ratio_in_pop	p_uncorrected	depth	study_count	p_fdr_bh	study_items
GO:0120171	CC	e	Cdc24p-Far1p-Gbetagamma complex	4/4	4/6920	1.0475227972442794e-14	2	4	9.899090433958439e-12	CDC24, FAR1, STE18, STE4
GO:0031680	CC	e	G-protein beta/gamma-subunit complex	2/4	2/6920	2.5062928837155293e-07	2	2	0.00011842233875555876	STE18, STE4
GO:0005834	CC	e	heterotrimeric G-protein complex	2/4	4/6920	1.503196104439918e-06	4	2	0.00047350677289857414	STE18, STE4
GO:1905360	CC	e	GTPase complex	2/4	6/6920	3.7565415108831364e-06	3	2	0.0008874829319461409	STE18, STE4
GO:0098797	CC	e	plasma membrane protein complex	2/4	15/6920	2.6250182166855894e-05	3	2	0.004961284429535764	STE18, STE4
