# GO	NS	enrichment	name	ratio_in_study	ratio_in_pop	p_uncorrected	depth	study_count	p_fdr_bh	study_items
GO:0000776	CC	e	kinetochore	3/3	75/6920	1.223167295265186e-06	5	3	0.0007864095769875321	CBF1, CSE4, MIF2
GO:0000775	CC	e	chromosome, centromeric region	3/3	83/6920	1.6643588930953062e-06	3	3	0.0007864095769875321	CBF1, CSE4, MIF2
GO:0000779	CC	e	condensed chromosome, centromeric region	2/3	12/6920	8.262796229553856e-06	4	2	0.0026027808123094648	CSE4, MIF2
GO:0098687	CC	e	chromosomal region	3/3	190/6920	2.038183453959988e-05	2	3	0.0042308169351646255	CBF1, CSE4, MIF2
GO:0005694	CC	e	chromosome	3/3	196/6920	2.2385274789230822e-05	5	3	0.0042308169351646255	CBF1, CSE4, MIF2
GO:0099080	CC	e	supramolecular complex	3/3	275/6920	6.210347773816431e-05	2	3	0.009781297743760879	CBF1, CSE4, MIF2
