# GO	NS	enrichment	name	ratio_in_study	ratio_in_pop	p_uncorrected	depth	study_count	p_fdr_bh	study_items
GO:0003777	MF	e	microtubule motor activity	3/3	10/6920	2.1737145565616033e-09	5	3	5.623399557824868e-06	DYN1, DYN2, PAC11
GO:0003774	MF	e	cytoskeletal motor activity	3/3	17/6920	1.2317715820515755e-08	1	3	1.593296541383713e-05	DYN1, DYN2, PAC11
GO:0120544	MF	e	polypeptide conformation or assembly isomerase activity	3/3	24/6920	3.666331885400571e-08	4	3	3.1616001958437586e-05	DYN1, DYN2, PAC11
GO:0045505	MF	e	dynein intermediate chain binding	2/3	2/6920	1.2531464418577647e-07	3	2	8.104724612715094e-05	DYN1, DYN2
GO:0008574	MF	e	plus-end-directed microtubule motor activity	2/3	7/6920	2.6303395277433116e-06	6	2	0.0013609376716543894	DYN2, PAC11
GO:0120543	MF	e	macromolecular conformation isomerase activity	3/3	144/6920	8.827889557107986e-06	3	3	0.003806291714039727	DYN1, DYN2, PAC11
GO:0016853	MF	e	isomerase activity	3/3	214/6920	2.917422009228403e-05	2	3	0.010781958196962683	DYN1, DYN2, PAC11
GO:0140657	MF	e	ATP-dependent activity	3/3	294/6920	7.593951506215037e-05	1	3	0.024556940683222877	DYN1, DYN2, PAC11
