# GO	NS	enrichment	name	ratio_in_study	ratio_in_pop	p_uncorrected	depth	study_count	p_fdr_bh	study_items
GO:0042138	BP	e	meiotic DNA double-strand break formation	3/3	18/6920	1.4781258984618909e-08	7	3	6.778685370346231e-05	REC102, REC104, SPO11
GO:0140527	BP	e	reciprocal homologous recombination	3/3	51/6920	3.7723004700329497e-07	9	3	0.00045897348861719277	REC102, REC104, SPO11
GO:0007131	BP	e	reciprocal meiotic recombination	3/3	51/6920	3.7723004700329497e-07	10	3	0.00045897348861719277	REC102, REC104, SPO11
GO:0061982	BP	e	meiosis I cell cycle process	3/3	52/6920	4.003257641667621e-07	4	3	0.00045897348861719277	REC102, REC104, SPO11
GO:0035825	BP	e	homologous recombination	3/3	61/6920	6.519332240887677e-07	8	3	0.0005979531531342178	REC102, REC104, SPO11
GO:0051321	BP	e	meiotic cell cycle	3/3	142/6920	8.46263305445375e-06	3	3	0.006468272531287483	REC102, REC104, SPO11
GO:0007049	BP	e	cell cycle	3/3	178/6920	1.6740790200207303e-05	2	3	0.010967609122592956	REC102, REC104, SPO11
GO:0006310	BP	e	DNA recombination	3/3	247/6920	4.4943631600027866e-05	7	3	0.024912444075852337	REC102, REC104, SPO11
GO:1903046	BP	e	meiotic cell cycle process	3/3	254/6920	4.8890535691816624e-05	3	3	0.024912444075852337	REC102, REC104, SPO11
