# GO	NS	enrichment	name	ratio_in_study	ratio_in_pop	p_uncorrected	depth	study_count	p_fdr_bh	study_items
GO:0036402	MF	e	proteasome-activating activity	3/9	6/6920	3.0372643595701164e-08	5	3	7.857402898207891e-05	RPT1, RPT4, RPT5
GO:0061133	MF	e	endopeptidase activator activity	2/9	2/6920	1.5037757302293176e-06	5	2	0.0019451339070516225	PRE1, PUP3
GO:0120544	MF	e	polypeptide conformation or assembly isomerase activity	3/9	24/6920	3.037886297366459e-06	4	3	0.0026196706170956764	RPT1, RPT4, RPT5
GO:0016504	MF	e	peptidase activator activity	2/9	4/6920	9.010485539495334e-06	4	2	0.0058275315226686076	PRE1, PUP3
GO:0061135	MF	e	endopeptidase regulator activity	2/9	7/6920	3.147291682867497e-05	4	2	0.01628408716715643	PRE1, PUP3
GO:0061134	MF	e	peptidase regulator activity	2/9	10/6920	6.730555437713784e-05	3	2	0.0290199115289426	PRE1, PUP3
