# GO	NS	enrichment	name	ratio_in_study	ratio_in_pop	p_uncorrected	depth	study_count	p_fdr_bh	study_items
GO:0004842	MF	e	ubiquitin-protein transferase activity	5/7	115/6920	2.3765612598707e-08	6	5	4.961530597767338e-05	CDC34, CDC4, CDC53, GRR1, SKP1
GO:0019787	MF	e	ubiquitin-like protein transferase activity	5/7	134/6920	5.145821866110394e-08	5	5	4.961530597767338e-05	CDC34, CDC4, CDC53, GRR1, SKP1
GO:0016755	MF	e	aminoacyltransferase activity	5/7	137/6920	5.753611052687288e-08	4	5	4.961530597767338e-05	CDC34, CDC4, CDC53, GRR1, SKP1
GO:0061630	MF	e	ubiquitin protein ligase activity	4/7	78/6920	5.096624752643522e-07	7	4	0.00032962420587721983	CDC34, CDC4, CDC53, SKP1
GO:0061659	MF	e	ubiquitin-like protein ligase activity	4/7	87/6920	7.928124596977184e-07	6	4	0.00041020116664759954	CDC34, CDC4, CDC53, SKP1
GO:0016746	MF	e	acyltransferase activity	5/7	285/6920	2.246053637014569e-06	3	5	0.000968423459826115	CDC34, CDC4, CDC53, GRR1, SKP1
GO:0030674	MF	e	protein-macromolecule adaptor activity	4/7	278/6920	8.10731166971643e-05	2	4	0.02996230755650915	CDC53, GRR1, MET30, SGT1
