# GO	NS	enrichment	name	ratio_in_study	ratio_in_pop	p_uncorrected	depth	study_count	p_fdr_bh	study_items
GO:0003843	MF	e	1,3-beta-D-glucan synthase activity	3/4	4/6920	2.8979718185762987e-10	7	3	7.497053094656885e-07	FKS1, FKS3, GSC2
GO:0035251	MF	e	UDP-glucosyltransferase activity	3/4	14/6920	2.6342946176679554e-08	6	3	3.4074600879535005e-05	FKS1, FKS3, GSC2
GO:0046527	MF	e	glucosyltransferase activity	3/4	17/6920	4.919607015433978e-08	5	3	4.242341116309234e-05	FKS1, FKS3, GSC2
GO:0008194	MF	e	UDP-glycosyltransferase activity	3/4	26/6920	1.8791878092744155e-07	4	3	0.00012153647156482283	FKS1, FKS3, GSC2
GO:0016758	MF	e	hexosyltransferase activity	3/4	89/6920	8.151794229791737e-06	4	3	0.004217738334494244	FKS1, FKS3, GSC2
GO:0016757	MF	e	glycosyltransferase activity	3/4	111/6920	1.588387456734777e-05	3	3	0.006848597250954781	FKS1, FKS3, GSC2
