# GO	NS	enrichment	name	ratio_in_study	ratio_in_pop	p_uncorrected	depth	study_count	p_fdr_bh	study_items
GO:0004298	MF	e	threonine-type endopeptidase activity	3/15	4/6920	3.292510804930383e-08	5	3	4.2588627261774504e-05	PRE2, PRE3, PUP1
GO:0016504	MF	e	peptidase activator activity	3/15	4/6920	3.292510804930383e-08	4	3	4.2588627261774504e-05	BLM10, PRE1, PUP3
GO:0070003	MF	e	threonine-type peptidase activity	3/15	8/6920	4.5855696561116244e-07	4	3	0.0003954289566786924	PRE2, PRE3, PUP1
GO:0061134	MF	e	peptidase regulator activity	3/15	10/6920	9.800662682663137e-07	3	3	0.0006338578590012385	BLM10, PRE1, PUP3
GO:0061133	MF	e	endopeptidase activator activity	2/15	2/6920	4.386012546502177e-06	5	2	0.002269322891560226	PRE1, PUP3
GO:0061135	MF	e	endopeptidase regulator activity	2/15	7/6920	9.153082285750749e-05	4	2	0.039465039788728645	PRE1, PUP3
