# GO	NS	enrichment	name	ratio_in_study	ratio_in_pop	p_uncorrected	depth	study_count	p_fdr_bh	study_items
GO:0006474	BP	e	N-terminal protein amino acid acetylation	3/3	11/6920	2.9888575152722046e-09	8	3	1.007941778924031e-05	ARD1, NAT1, NAT5
GO:0031365	BP	e	N-terminal protein amino acid modification	3/3	14/6920	6.593600821570199e-09	6	3	1.007941778924031e-05	ARD1, NAT1, NAT5
GO:0006473	BP	e	protein acetylation	3/3	14/6920	6.593600821570199e-09	7	3	1.007941778924031e-05	ARD1, NAT1, NAT5
GO:0043543	BP	e	protein acylation	3/3	25/6920	4.1662862334097405e-08	6	3	4.776647166604267e-05	ARD1, NAT1, NAT5
GO:0051604	BP	e	protein maturation	3/3	94/6920	2.4281116168311975e-06	5	3	0.0022270639749575744	ARD1, NAT1, NAT5
