# GO	NS	enrichment	name	ratio_in_study	ratio_in_pop	p_uncorrected	depth	study_count	p_fdr_bh	study_items
GO:0005677	CC	e	chromatin silencing complex	3/3	6/6920	3.6228575942693396e-10	3	3	3.4236004265845255e-07	SIR2, SIR3, SIR4
GO:0000781	CC	e	chromosome, telomeric region	3/3	111/6920	4.0180207863642675e-06	3	3	0.0018985148215571162	SIR2, SIR3, SIR4
GO:0000792	CC	e	heterochromatin	2/3	15/6920	1.31415536374526e-05	3	2	0.004139589395797569	SIR2, SIR3
GO:0098687	CC	e	chromosomal region	3/3	190/6920	2.038183453959988e-05	2	3	0.004815208409980472	SIR2, SIR3, SIR4
