# GO	NS	enrichment	name	ratio_in_study	ratio_in_pop	p_uncorrected	depth	study_count	p_fdr_bh	study_items
GO:0031415	CC	e	NatA complex	3/3	3/6920	1.8114287971346702e-11	7	3	1.7118002132922633e-08	ARD1, NAT1, NAT5
GO:0031414	CC	e	N-terminal protein acetyltransferase complex	3/3	8/6920	1.014400126395415e-09	6	3	4.793040597218336e-07	ARD1, NAT1, NAT5
GO:0031248	CC	e	protein acetyltransferase complex	3/3	54/6920	4.493067988412835e-07	5	3	0.00013912228283479545	ARD1, NAT1, NAT5
GO:1902493	CC	e	acetyltransferase complex	3/3	59/6920	5.888773876605098e-07	4	3	0.00013912228283479545	ARD1, NAT1, NAT5
GO:1990234	CC	e	transferase complex	3/3	410/6920	0.00020655577659422868	3	3	0.032532534813591016	ARD1, NAT1, NAT5
GO:0140535	CC	e	intracellular protein-containing complex	3/3	410/6920	0.00020655577659422868	2	3	0.032532534813591016	ARD1, NAT1, NAT5
