# GO	NS	enrichment	name	ratio_in_study	ratio_in_pop	p_uncorrected	depth	study_count	p_fdr_bh	study_items
GO:0000109	CC	e	nucleotide-excision repair complex	4/4	18/6920	3.2054197595674946e-11	3	4	3.0291216727912824e-08	RAD16, RAD23, RAD4, RAD7
GO:0000111	CC	e	nucleotide-excision repair factor 2 complex	2/4	3/6920	7.517429508108881e-07	4	2	0.0003551985442581446	RAD23, RAD4
GO:0000113	CC	e	nucleotide-excision repair factor 4 complex	2/4	4/6920	1.503196104439918e-06	4	2	0.00047350677289857414	RAD16, RAD7
GO:0031463	CC	e	Cul3-RING ubiquitin ligase complex	2/4	7/6920	5.258144155069571e-06	6	2	0.001242236556635186	RAD16, RAD7
GO:0140513	CC	e	nuclear protein-containing complex	4/4	707/6920	0.0001081279906560431	2	4	0.020436190233992145	RAD16, RAD23, RAD4, RAD7
GO:0031461	CC	e	cullin-RING ubiquitin ligase complex	2/4	47/6920	0.0002685860805361176	5	2	0.042302307684438524	RAD16, RAD7
