# GO	NS	enrichment	name	ratio_in_study	ratio_in_pop	p_uncorrected	depth	study_count	p_fdr_bh	study_items
GO:0016514	CC	e	SWI/SNF complex	7/7	15/6920	4.281094209672598e-20	5	7	4.045634028140605e-17	ARP9, SNF11, SNF12, SNF5, SNF6, SWI1, SWI3
GO:0070603	CC	e	SWI/SNF superfamily-type complex	7/7	61/6920	2.9024340483408667e-15	4	7	1.3714000878410594e-12	ARP9, SNF11, SNF12, SNF5, SNF6, SWI1, SWI3
GO:1904949	CC	e	ATPase complex	7/7	71/6920	8.847532861962562e-15	3	7	2.786972851518207e-12	ARP9, SNF11, SNF12, SNF5, SNF6, SWI1, SWI3
GO:0140513	CC	e	nuclear protein-containing complex	7/7	707/6920	1.1312850382575331e-07	2	7	2.672660902883422e-05	ARP9, SNF11, SNF12, SNF5, SNF6, SWI1, SWI3
GO:1902494	CC	e	catalytic complex	7/7	851/6920	4.162346281032303e-07	2	7	7.866834471151053e-05	ARP9, SNF11, SNF12, SNF5, SNF6, SWI1, SWI3
GO:0032991	CC	e	protein-containing complex	7/7	2176/6920	0.00030198995259705935	1	7	0.047563417534036846	ARP9, SNF11, SNF12, SNF5, SNF6, SWI1, SWI3
