# GO	NS	enrichment	name	ratio_in_study	ratio_in_pop	p_uncorrected	depth	study_count	p_fdr_bh	study_items
GO:0019776	MF	e	Atg8-family ligase activity	3/3	5/6920	1.8114287971346698e-10	7	3	4.686166298187391e-07	ATG12, ATG16, ATG5
GO:0061659	MF	e	ubiquitin-like protein ligase activity	3/3	87/6920	1.920023953522893e-06	6	3	0.0024835509838818624	ATG12, ATG16, ATG5
GO:0019787	MF	e	ubiquitin-like protein transferase activity	3/3	134/6920	7.1023224849575e-06	5	3	0.004911336588815296	ATG12, ATG16, ATG5
GO:0016755	MF	e	aminoacyltransferase activity	3/3	137/6920	7.593871803347963e-06	4	3	0.004911336588815296	ATG12, ATG16, ATG5
GO:0016746	MF	e	acyltransferase activity	3/3	285/6920	6.915437375957113e-05	3	3	0.0357804729832021	ATG12, ATG16, ATG5
