# GO	NS	enrichment	name	ratio_in_study	ratio_in_pop	p_uncorrected	depth	study_count	p_fdr_bh	study_items
GO:0034274	CC	e	Atg12-Atg5-Atg16 complex	3/3	3/6920	1.8114287971346702e-11	4	3	1.7118002132922633e-08	ATG12, ATG16, ATG5
GO:0034045	CC	e	phagophore assembly site membrane	3/3	27/6920	5.2984292316189075e-08	3	3	2.5035078119399336e-05	ATG12, ATG16, ATG5
GO:0061908	CC	e	phagophore	2/3	7/6920	2.6303395277433116e-06	2	2	0.0008285569512391432	ATG16, ATG5
GO:0120095	CC	e	vacuole-isolation membrane contact site	2/3	9/6920	4.508283990308767e-06	3	2	0.001065082092710446	ATG16, ATG5
GO:0000407	CC	e	phagophore assembly site	2/3	41/6920	0.00010237181161278756	2	2	0.01934827239481685	ATG16, ATG5
GO:1990234	CC	e	transferase complex	3/3	410/6920	0.00020655577659422868	3	3	0.0307829608755921	ATG12, ATG16, ATG5
GO:0044232	CC	e	organelle membrane contact site	2/3	61/6920	0.00022802193241179336	2	2	0.0307829608755921	ATG16, ATG5
