# GO	NS	enrichment	name	ratio_in_study	ratio_in_pop	p_uncorrected	depth	study_count	p_fdr_bh	study_items
GO:0022884	MF	e	macromolecule transmembrane transporter activity	7/8	31/6920	1.3952771911925685e-16	3	7	1.8047910468075875e-13	TOM20, TOM22, TOM40, TOM5, TOM6, TOM7, TOM70
GO:0008320	MF	e	protein transmembrane transporter activity	7/8	31/6920	1.3952771911925685e-16	4	7	1.8047910468075875e-13	TOM20, TOM22, TOM40, TOM5, TOM6, TOM7, TOM70
GO:0140318	MF	e	protein transporter activity	7/8	42/6920	1.4294962706936966e-15	2	7	1.2327022840948645e-12	TOM20, TOM22, TOM40, TOM5, TOM6, TOM7, TOM70
GO:0022857	MF	e	transmembrane transporter activity	7/8	416/6920	2.0520825147082387e-08	2	7	1.3271843663875535e-05	TOM20, TOM22, TOM40, TOM5, TOM6, TOM7, TOM70
GO:0005215	MF	e	transporter activity	7/8	464/6920	4.4021659311744325e-08	1	7	2.277680652789651e-05	TOM20, TOM22, TOM40, TOM5, TOM6, TOM7, TOM70
GO:0030943	MF	e	mitochondrion targeting sequence binding	2/8	7/6920	2.449073920887229e-05	4	2	0.010559590388892103	TOM20, TOM70
