2445	3834
1447	2258
1265	2849
2528	4458
3595	4255
2127	2207
4729	5172
3931	4771
2486	2708
3801	4656
3713	4864
1206	3307
1235	3785
2896	4229
1766	4229
1723	2759
735	4224
2050	4752
920	1741
2075	2240
1129	2486
2708	3877
599	3812
1555	1602
1151	3448
2158	4483
1163	1741
1767	3169
2510	2849
1455	3191
1344	5157
3591	4342
1697	3425
1506	3169
1435	1446
1469	3368
844	4031
4347	4891
1210	4012
2622	3602
489	4208
1606	1878
0	580
1555	3998
844	4868
1780	1928
1493	5114
4224	4729
882	2665
1402	4229
1211	3426
847	2765
1565	2474
1741	4521
498	1723
3359	4321
1849	4864
2735	3331
4740	4864
3279	3987
363	4868
137	5047
1166	1338
1493	5215
349	4031
141	1758
2486	2566
2316	3643
700	4225
1103	1565
1704	5094
4205	4841
2158	3877
1133	4608
3216	4229
4037	4229
990	4511
1734	2068
265	4093
1705	2608
449	3877
290	858
1493	5154
3782	5020
3924	4372
335	2642
931	2251
2212	4027
1070	2797
1338	1646
695	4569
1265	3654
1147	4229
3882	4729
453	3000
4001	4229
1741	4752
231	3426
2486	4412
1353	5085
3643	4823
231	3626
3359	4276
4899	5215
2717	3376
285	4229
4342	4474
566	4483
3023	3627
928	2422
903	5130
767	3134
1427	1995
908	2117
3019	4536
4028	4963
1493	4695
2579	3529
3368	4275
1572	4275
613	4274
2240	3260
1447	2741
270	3674
0	2857
92	139
2151	2936
819	2258
244	5254
1555	2225
166	1585
1928	3169
3406	4229
1271	3169
3558	4229
2603	3856
1758	2718
1080	3529
118	3363
864	1627
251	2735
4608	4864
1734	4030
516	2234
348	5215
191	4030
2617	4972
917	1892
2641	3981
330	2540
908	1685
29	3390
830	1206
1555	4652
2315	3572
311	4656
622	5118
1890	3630
4019	4652
1455	2623
550	1469
3755	3920
3169	3225
1010	3012
1447	1870
2901	5020
212	3169
1469	2735
1878	2308
1718	4030
4030	5132
2311	2999
2616	4478
1741	2070
4310	4864
1758	4436
240	4311
773	2222
2489	4111
2075	2756
961	2418
1731	4511
359	5020
2258	4436
700	3293
631	4191
1888	3781
2461	2776
1787	4864
1423	4734
2486	4678
1455	3019
2462	3548
2957	4784
213	5254
2026	2863
1663	2050
2282	3874
1206	3417
855	1469
29	3510
4111	4586
3572	4435
1777	5143
1310	3279
121	4229
1493	1568
396	4017
943	1708
1344	2563
2158	4784
2975	4899
3808	4113
1133	3896
2151	4229
3359	4467
2735	4705
2561	3210
2282	4021
2373	2967
1625	3843
553	631
2999	3565
928	4030
2207	4093
2036	3635
1447	1833
92	2050
371	1555
461	4086
1146	1881
622	4315
4597	4875
1533	3169
1276	4176
1565	3282
713	4073
599	2797
2708	4224
582	4864
1310	2315
3169	4438
3694	4864
1033	2612
1447	2318
2780	3169
2559	3694
3636	5184
2698	3627
3241	3281
2663	5118
1469	4813
1656	4429
2486	5196
3169	4729
1415	2759
3165	3572
3755	4813
1059	2902
328	943
33	348
3548	4809
877	3169
561	4746
1076	4864
1435	1758
782	1344
2901	3313
1735	3169
359	1777
1670	2318
549	3856
3169	4443
1270	4873
4229	4989
228	4459
3141	3907
1170	2617
3169	4854
3019	3719
1352	2318
3596	4493
1472	2117
546	3169
764	2263
2073	4229
1588	3220
1655	3509
92	602
1441	4864
691	735
1494	2486
2318	4054
2395	4864
350	1469
4066	4104
4800	5020
3708	4672
2709	2902
1555	5074
3165	4104
2205	2486
784	4763
2490	4198
2158	2515
3825	5154
2956	4869
1442	2158
2764	3214
2486	3617
583	3169
3920	4086
3448	3509
209	3109
1364	2478
2358	3975
2579	3623
525	3039
3241	3723
1995	4608
906	1497
966	3596
882	1208
510	1447
1047	3803
553	1146
2755	3553
2258	5157
1565	4582
2158	3177
3449	3937
1206	3801
2486	4734
2789	4864
2936	4281
3887	4873
564	582
673	3169
2258	2298
348	516
3321	3888
3191	4734
1170	4864
3937	5022
294	3425
707	5172
609	3134
3049	4825
15	3888
1533	3015
2914	5130
2357	4663
709	4216
1723	2149
4008	4963
218	3997
992	3960
1758	3354
2765	4608
578	1533
33	1628
1574	5155
515	3617
872	2154
1432	3855
1889	3426
1708	3153
3019	5063
1021	2907
3019	3874
1798	3509
1574	3883
1555	4043
2068	3529
119	1741
1339	3058
1206	2914
4111	4497
2961	3472
3109	3755
1581	1670
941	3689
2326	3169
1965	2896
1467	4263
498	1469
2486	4157
2258	4244
2222	2902
263	2076
3856	4864
3191	3216
1856	4892
656	3682
2304	3169
1758	5196
437	2354
803	4225
2064	2087
294	2957
1655	3025
17	4972
1196	1931
547	4255
2983	4864
33	1887
2207	3132
1766	3609
4037	4483
3210	3920
4229	5250
1170	4030
2970	3546
348	3596
604	4914
3084	4111
10	2663
3338	5215
1221	4229
990	4229
2318	5145
348	4383
599	2582
2396	3017
1723	2642
1780	4963
3072	3169
176	4613
4350	4471
3169	4163
3279	4229
2263	4043
2311	2318
2158	3503
2318	2500
4613	5114
1206	4231
2775	3020
202	3397
3834	3896
2756	3874
251	4838
3515	4244
819	3602
764	1059
52	516
290	3153
3000	4229
1850	4841
924	1010
2646	3890
399	921
37	1310
1566	1721
2315	4107
327	631
4116	4497
489	869
1317	1338
1400	1757
2113	4483
682	4229
1402	4347
1691	1708
3169	5151
2217	3975
1928	3637
515	4631
1450	1565
710	4229
1758	3548
3195	4327
920	2154
3141	4008
593	2318
700	4656
1741	2332
2048	5026
2563	4988
1723	3281
1004	1889
687	4864
1555	3917
118	1497
1429	3169
1792	4111
2164	4689
2452	4446
566	1047
552	4111
543	1655
2222	2510
976	4807
1965	3039
294	3169
4939	5035
1904	3169
938	3169
2622	2967
233	2583
1568	1656
656	1469
870	1981
3169	3758
1572	4864
1571	1757
1469	4252
1469	4623
3338	3609
1455	1965
882	1723
2117	4435
1968	4383
37	2477
2993	3626
1170	2486
3169	4017
359	2222
3417	3549
3673	4383
347	4672
1455	3835
3169	4071
2258	4054
1447	2864
2862	3920
236	4031
3281	4229
1052	2857
4864	4941
990	4627
1301	2573
22	1179
515	4031
2065	3755
1656	3000
1133	3602
3141	4963
1270	4496
1442	4608
3200	4530
1533	3477
1270	1775
3058	3390
2936	3169
2017	2089
347	1735
2897	4608
1070	3512
3457	3462
1914	5050
3169	3191
1607	4229
3141	3191
1469	3635
177	1025
811	4243
920	4244
181	2946
1080	3419
3637	4803
1555	2897
1049	2797
908	1968
3920	4276
209	4435
848	1533
920	2750
3169	3678
275	1070
2158	5177
251	4813
1455	2227
92	5050
231	2258
1562	4372
4740	5234
882	961
3578	4435
578	1907
1670	3565
2612	3206
491	3785
2318	2765
261	2258
2318	2847
2417	5250
1361	2258
2756	3719
1273	1533
1268	3536
515	2418
1532	2158
196	2318
2901	4864
2901	4275
3169	3674
4552	4864
1338	2623
1942	4021
1680	4438
1759	2282
1331	3165
1555	2318
3169	4483
1708	1718
1845	1859
1780	4551
196	2850
1533	4608
33	1339
2318	4213
4229	4328
788	2881
4307	4864
3169	4645
1369	2318
1133	2207
1359	2240
2158	3798
1133	3331
1602	1646
622	4243
3169	3706
311	4229
1469	3570
1377	4941
447	2050
1780	2773
1455	1555
498	4608
1765	4229
174	2087
3840	4813
2332	3275
1708	3323
3275	4864
1542	2663
1442	1555
1446	2318
882	1574
3022	5172
1608	2603
1102	4478
3998	5172
1133	4864
111	1775
2089	4850
1574	2518
1870	4012
2808	4602
4054	4608
1695	2626
1803	2542
468	4961
700	3194
1273	4776
2595	4054
3338	4967
2486	2797
4274	4850
1757	4263
1176	1430
656	3575
191	1466
1565	3627
422	4229
2869	5132
1819	3264
1876	1948
1663	3877
2765	3877
1856	2349
1723	2446
26	4734
228	2075
3206	3627
4229	4307
2304	2595
2234	4153
1721	4660
1276	3627
2805	3159
716	1104
1166	1884
2102	4899
921	1341
1628	4608
2318	3169
579	2351
1169	1494
4447	4823
2486	4698
191	4752
882	4922
3570	4229
1568	5020
700	4613
3526	3888
966	3293
4615	4784
191	4031
695	5050
423	700
3856	4803
3630	4807
2240	2442
1331	1581
2914	4244
609	4384
716	2081
3044	3790
4041	4766
464	3169
2089	2750
663	2789
1080	4554
1469	4435
2775	3328
1708	1942
3459	3635
827	3169
1555	4068
4471	4813
4229	4270
176	1493
155	4771
2850	4008
2114	2846
1907	3856
2155	3335
1907	3141
2529	4864
1758	2864
52	1777
3636	5177
409	1581
28	5232
3214	4864
2756	2983
784	2762
313	5238
251	1697
2158	4608
2418	3169
140	2486
156	4229
166	4104
3177	3462
2486	4528
1089	4642
347	581
550	4803
1133	4229
2764	4153
348	700
1602	3546
2762	4666
1025	4385
251	592
579	1507
583	2970
1003	1758
4031	5107
270	3169
251	2089
735	1904
1390	2905
111	3191
1878	2849
1555	3001
2850	5154
33	4075
675	4698
1874	5118
1206	2307
196	4666
4567	4582
2895	3601
1670	3975
872	1889
3169	5154
561	1133
553	2993
273	2410
2240	5232
707	2318
3173	3802
2714	4229
4229	5225
2298	3892
2735	3363
1555	2113
3877	4144
1402	1555
1700	4008
1415	4608
209	4270
788	4766
3865	4974
3176	3979
267	3395
663	1447
3550	4895
2012	3184
1204	3602
1602	4663
1310	1469
3877	4168
2008	2989
424	1080
1601	1723
1555	3216
387	2510
2579	5050
3587	4229
417	1111
1107	2579
2263	2694
767	3169
422	461
1778	3169
137	3275
3169	3260
3153	3801
2617	4631
1890	4771
1226	3637
2641	2965
3169	4647
2217	2862
628	1585
57	2544
819	2130
1338	5177
3562	4970
2850	4435
3338	4116
2704	2961
423	3187
803	4270
583	1609
566	2068
2308	2318
610	2048
695	4972
3858	3881
4086	4582
3877	4327
1555	4743
498	4347
228	827
2058	2961
1049	4446
2245	2608
335	1555
3169	3962
2240	4836
1469	1670
446	4144
1602	3998
3019	3631
1870	4073
1350	1555
675	1757
2642	4610
1010	1781
3109	3165
2050	4229
3848	4864
1166	3882
2031	2158
934	1034
1854	2418
1670	4471
3240	4229
1455	3309
1533	4104
2486	5225
1435	2617
700	4608
374	4275
3477	4081
2056	5062
4229	4732
1173	4552
418	3169
1723	3169
2591	3169
622	2573
4116	4907
1030	4576
1235	2217
2970	4469
1723	1777
1601	4272
141	1565
1338	2031
1339	3295
1133	4676
2151	2318
92	4372
4311	4632
1758	3755
223	3169
1469	5154
4864	5018
4229	4867
1493	1759
2967	4060
882	3687
901	3592
3515	4102
233	2089
3580	4229
2895	4586
1141	2759
0	3660
3553	5164
3144	4104
629	3169
326	2490
920	4310
1338	3669
861	4788
2756	3510
1170	1447
1212	3331
3144	5203
100	4275
1455	4608
1010	5184
1655	3678
876	1680
550	1656
943	4663
118	1723
3169	3631
140	4111
4317	4864
1116	1555
2154	4784
928	2245
1447	3205
2665	4229
1235	5157
1176	1758
1904	2094
92	1798
3331	4841
3575	3713
348	1990
1948	5155
1581	2999
2604	4732
1162	1451
1705	2451
2700	5020
2643	3713
166	1798
359	4229
1104	4823
1741	5148
2258	3920
2318	3562
1494	3331
231	4771
1141	4229
3363	3553
602	2315
1159	5222
610	4327
4028	4275
1206	1741
1429	2732
4043	4283
1923	2646
2727	4354
1572	2709
1094	1447
2075	3019
1469	3920
1455	5222
582	4963
564	3907
1555	3376
423	3648
1759	4879
3457	4328
2524	2832
106	326
4229	4513
3976	4582
265	976
3321	4875
213	2694
1565	3786
2857	3331
1133	1451
348	3603
1529	4934
2050	4864
1565	2881
1555	2557
3019	3802
2698	2902
1347	3169
801	4483
1076	4803
3000	4864
231	1211
940	1775
166	2946
1758	3417
1670	3785
3146	4478
1571	4216
3295	5215
3295	4311
1907	2824
1735	1919
2849	3983
2107	4275
1697	4841
1878	3654
1219	2514
3169	3874
3044	3220
1907	2417
17	2258
953	2573
191	2065
2423	2983
1758	3835
1852	3549
2216	4229
700	1194
2069	3044
663	4996
3169	4276
695	1359
240	3295
1741	4852
1824	4275
1757	2776
675	1833
882	4926
1352	1455
1111	2970
1070	1657
2424	5085
631	3008
921	4864
33	4526
331	1170
1033	1265
4436	5203
3012	4867
609	1451
710	4138
3323	4970
990	4030
2114	4385
1133	2733
251	1469
2500	4988
622	2158
2311	3109
710	2486
2387	2583
1527	4438
339	2612
259	3682
2808	4803
2217	4008
941	1565
819	1117
1104	3136
1507	2797
92	2311
788	1247
1759	4864
3169	4787
3470	3643
2486	4012
478	2263
3758	4736
1588	4752
566	2486
1532	3526
2717	3596
1469	1555
4229	4582
330	4229
1533	3462
4229	4652
1213	3054
1565	3975
3582	4864
3049	4385
2641	3845
3058	3109
1034	2529
1646	4347
3001	3677
2258	4282
602	3596
3627	3843
3169	3509
1777	2555
3643	4229
1469	2373
2601	4229
3451	4840
3635	4467
1735	5146
197	1758
613	2406
1507	3177
581	4873
1133	4554
461	1585
1206	2418
3602	4771
1469	3001
1705	4841
4555	4967
2065	3648
2200	3241
2582	3169
1723	3096
1540	1555
2239	3643
1469	3572
941	5154
1691	2999
3648	4030
1169	4229
3169	4801
549	2586
553	5238
1133	1555
566	920
581	1735
2313	3169
1004	3548
1206	3159
2993	3295
3339	4752
2065	4031
2149	3169
275	2486
3169	4784
2878	3169
3399	4229
52	1225
515	1347
582	4999
2486	3277
1304	1555
1695	2240
1555	2426
1700	4079
29	330
10	978
1741	3240
2357	2381
3101	3602
2643	3169
196	756
18	4676
778	2158
1469	3289
4879	4899
735	3084
300	4464
1907	2965
540	4733
4183	4229
1989	4229
209	4347
1907	2595
1757	3016
2542	5018
572	4275
1049	4224
449	2258
196	4363
663	2258
28	3553
293	4383
313	2993
1025	4689
1741	3627
4012	4999
3596	3747
453	4627
251	4551
461	1720
1420	4229
335	1565
4803	4926
2681	4229
1927	3549
1574	4717
290	3920
2562	3169
1089	4274
553	738
675	3976
3022	3169
1581	4066
1603	4576
220	1889
1126	3169
4613	4625
2623	3559
3101	3843
1273	2641
417	583
578	2797
1670	4104
18	2875
139	4229
1585	3472
1555	4891
3484	4229
3739	4841
3648	5132
4608	4891
3169	4273
1303	2318
803	4471
1739	2573
1850	4229
3636	4037
1780	2318
1708	4752
2520	4358
399	1627
18	1021
1331	2217
1998	3169
958	2891
1775	3390
1741	2110
2617	4825
700	1104
410	4043
553	2617
4608	4729
2344	5020
2479	4864
326	4198
3877	4513
3015	4229
1170	4734
359	1039
1390	3169
799	3169
3303	3451
137	4229
36	1344
2623	5215
156	1919
745	3472
3510	3843
174	1133
516	4663
3025	5154
4276	5072
2902	3843
1581	4471
57	4229
1574	1775
1377	2089
1555	2311
1565	1778
244	3481
4311	5238
2361	4803
602	3216
1784	2336
464	1235
764	3708
1700	4511
515	1435
166	908
2903	4030
1574	1695
1455	3572
1153	1208
700	2795
1170	2520
417	1609
564	3673
700	3203
33	2993
1352	3840
1010	2047
4734	5222
582	1235
1555	2003
326	4220
2258	4500
2620	4463
1493	3557
2559	4107
3220	4961
835	1868
347	399
137	3015
1111	3546
982	4496
2956	4717
2158	5137
92	3572
700	4650
498	4012
583	4608
1133	4787
1435	4347
3169	3781
839	1524
423	4225
1638	2318
1481	1780
1922	4653
1655	4229
1998	4321
713	2417
1082	4483
3803	3890
1307	2542
2308	3169
2258	2395
44	2709
3635	4812
92	2709
2216	2471
2999	3785
142	855
1469	2714
1757	3896
2222	3169
1919	4873
2847	4116
446	4347
2697	3627
2515	3669
3323	3592
602	4435
2065	3044
2	3513
1331	1708
1423	4275
440	1862
1146	4225
1131	1435
2544	2904
1995	2956
491	663
3169	3483
3534	4347
1016	4447
2068	2822
1708	4967
1907	5056
1565	4113
348	3840
1469	4030
2056	3194
1208	3169
2617	3781
578	4627
290	469
1447	1493
2723	4168
1588	4229
1133	1697
3282	4864
1455	4008
1708	2217
2003	4075
1206	3397
1758	4447
2532	4746
592	1907
5	3321
2559	2957
864	3275
1360	4864
1270	4656
2781	4970
3877	4554
882	2222
583	3998
197	695
2970	5154
28	350
460	934
1455	3039
3623	4102
1585	1758
137	4385
4188	4970
700	2486
3458	4075
267	3169
2221	2756
700	1881
1133	3553
1574	3823
4104	4967
2529	3366
213	2157
1803	2583
3169	3221
3169	3241
329	1537
1555	1779
929	4107
2850	4347
1555	2363
1442	3907
2595	4879
348	3931
251	5052
1429	3825
4111	5035
2158	4825
1948	4663
1146	1833
1965	2777
868	4385
2332	3260
1047	1907
700	3596
917	2935
2332	4229
328	4841
2207	3856
2850	4104
231	3549
1481	3169
3609	4347
3309	4864
2663	4752
1656	3856
22	4873
2970	5062
799	1555
4008	4104
3169	3232
4813	5215
331	3020
2315	3141
2595	4012
631	3734
2065	3359
1533	4817
1418	1447
2510	2612
489	4075
347	3323
2486	3338
2240	3853
4021	4244
4771	5030
1455	1493
1506	3669
1094	4663
781	1265
1186	1989
244	2709
2298	3184
2102	2595
2318	3289
717	1723
1627	4310
609	3169
1565	1626
313	4771
1942	4841
1447	2254
2358	2781
700	2452
1700	4104
1211	3931
33	1708
858	1494
1608	1705
17	1555
1507	4975
1555	2529
713	1907
336	917
1747	2643
3510	4579
1555	2515
3019	4396
2568	4384
461	4163
2064	4229
290	3677
1775	3648
2829	3169
3008	3987
141	2258
1567	3177
3781	4347
3975	5035
251	4229
1928	3648
1670	4066
1646	2318
2113	2318
738	2617
55	4438
92	2351
1527	4144
1506	2515
1919	4310
1670	3165
1039	1777
864	4597
275	1016
1442	3755
1990	2869
2878	4385
1373	2956
2529	3853
2451	4744
2970	5177
931	3548
1670	2217
3856	4383
1331	4967
2056	2452
1447	1789
1016	3459
1646	3882
1047	5215
1602	2113
3312	4229
1860	2510
609	2076
992	4183
191	3867
218	2708
1185	4229
423	2358
1533	1555
3019	4073
663	1256
1758	3141
722	5154
4229	4676
2089	2990
1338	3180
2595	4073
4347	4471
2970	4229
1656	4622
1307	4656
156	3184
924	2797
1758	4168
844	5172
231	3896
1206	2243
1708	2065
3165	3225
3225	4813
1222	1377
1395	4864
177	3169
2207	2989
290	4582
2983	4879
943	1169
4342	5133
3937	4347
3194	4229
3393	4864
399	5146
2165	5203
2068	2946
1170	1455
3605	4595
196	3803
1527	4828
2983	4028
3769	4663
4412	5109
2400	2528
2089	5154
44	3706
259	2757
3049	4582
917	3794
1338	1628
1554	3012
3169	4493
1775	3425
1555	4462
602	4008
3049	5112
695	2258
202	3928
166	803
4347	4664
2486	3220
2582	4801
700	1833
3769	4436
2207	2240
1889	3931
2708	3214
1493	3531
870	3510
2258	4168
1020	4608
2764	4275
2217	2315
1447	4967
1874	4031
599	5184
1466	1513
2486	3596
191	4093
1571	1758
583	5177
602	2358
4752	5062
764	1265
29	3877
3169	5049
1469	2151
3169	4697
2902	3221
2072	4813
3169	3463
188	1447
2419	3682
15	3015
738	4229
105	1777
2797	4224
17	2384
1766	4030
695	1766
1206	4734
897	4157
1948	3169
1420	2318
2735	4576
4071	4803
1107	1741
2728	3169
1924	2240
2158	5072
700	1107
3490	4763
621	1980
3586	4229
3596	4347
387	1208
2258	2773
1141	3376
3169	3596
2223	2756
2722	5133
92	2579
2113	3998
818	4229
4229	4891
4008	5184
1602	2487
931	3206
118	1380
4229	5238
515	3468
1133	1439
877	2756
28	3672
2777	3293
191	349
550	4347
3359	5238
2756	4784
231	1889
717	2993
2970	3169
1609	4608
1870	2602
2154	3548
1555	4252
934	4394
3191	3323
2357	4864
3169	3813
1555	3735
361	1780
3019	4784
2068	5132
3368	3725
37	2318
2862	3975
2113	5172
3643	3937
92	1780
928	3169
2956	4229
350	1080
906	1778
718	3169
700	1780
2936	3170
3323	4347
331	5148
453	4183
418	1153
1402	1670
3222	3858
1741	4110
1133	1533
921	4752
2765	3169
1859	3153
1990	4698
920	4496
2224	3169
4107	4229
118	348
3578	3920
1766	3744
2279	4081
4642	4850
3776	5107
4275	5184
4030	4144
4203	4864
908	3216
1532	4043
1603	3169
2200	3281
3627	4803
2164	2764
1307	4224
530	4229
1565	2582
857	4412
4328	4771
275	3459
1907	4491
1601	3096
2778	3834
198	3334
3920	4350
713	1608
3548	4993
348	3773
3459	4526
1206	2050
251	4347
3557	3636
1533	1697
1874	3464
22	4347
2486	2764
2065	2486
2043	4967
1919	3810
673	2735
1780	4031
2318	2970
1025	3015
167	4239
2500	2510
1808	4666
1338	4315
713	2904
1533	3425
3001	4347
1758	1938
3630	3713
422	1133
2970	5215
2842	4229
348	4841
1010	1780
2158	5074
2207	4244
897	2863
2974	4113
990	3648
1469	5052
1481	3920
1352	4229
348	3426
1942	4663
2158	4729
717	4784
2158	3937
45	3039
707	3546
2087	4315
1153	3599
4961	5107
609	1010
4031	4527
2207	2605
2982	3553
3264	4487
566	1179
328	3169
809	1565
4963	5018
1310	2043
824	1089
45	966
764	3206
1777	3472
44	3169
1565	1568
2901	4229
2318	3177
2935	4102
1892	3734
111	3169
798	3059
2603	2605
327	2272
1016	1657
1606	2308
1415	1723
4841	4984
329	3599
3334	4229
2974	3331
336	3501
698	1034
1234	2709
3169	3493
2048	3635
1377	3849
2033	2559
2862	3338
2243	4113
3843	4351
33	3739
2850	3534
976	4803
2486	3920
1331	3534
1338	1493
387	745
2617	5154
3191	3425
2540	4347
1555	1638
716	2423
707	1646
656	5132
803	1555
265	3776
3975	4435
3481	3605
1310	4229
2258	4429
1968	5052
1196	2904
3635	5215
92	3058
1166	4729
2486	3790
4031	4183
2158	2875
2479	2529
3572	3755
1206	1704
707	2775
515	773
3169	4441
2573	3596
581	1179
2258	3025
1789	3501
1020	1469
3785	4841
22	2486
592	1656
4137	4864
4539	4752
1059	2588
2579	2936
1695	3627
1331	2358
2048	4026
3601	5062
1881	3672
1581	4347
2946	3877
1166	2113
1016	3512
1188	2547
1059	1353
1273	4597
1423	1758
1163	3289
4054	4144
313	610
1226	4232
1310	1708
2304	2486
461	1235
1555	4623
920	3240
3169	3689
191	4527
2068	4496
870	1555
2874	3169
4153	4864
3141	4970
2026	4187
796	3169
764	1033
1968	3012
1347	4037
1609	3546
2617	4229
1196	4229
3020	5124
516	1942
707	5177
2318	5187
244	5177
4841	5234
2993	4311
231	2993
618	5161
1574	1759
2318	3917
1493	2486
118	203
1680	4695
220	1966
1723	3077
2158	3309
1656	5020
2603	4244
976	2778
3528	3635
3755	4205
231	4610
1777	2222
2486	2555
213	1033
2993	4168
882	3288
3557	3896
1524	5133
1697	3553
3812	3907
1331	2850
1948	2946
2058	4229
1555	4907
348	1697
3007	4968
3306	4666
872	1339
231	313
578	4963
1225	1777
1153	2603
622	1338
2158	4270
4320	5118
348	1833
3531	4527
218	3937
491	1555
110	3790
2974	4864
2304	2603
1555	4281
2641	2928
1532	3260
1656	2739
844	5164
2245	3203
928	3744
1133	2956
1455	2050
2075	3570
819	3468
803	1338
2065	2656
1587	4157
1173	3169
921	1344
92	1469
4549	4615
3425	3553
3088	4989
1418	3769
3338	3920
1469	4347
3964	4469
139	1780
622	4054
2318	4736
2391	2573
1455	3755
335	2240
709	1758
2315	3975
1574	4864
1141	4347
1166	1646
1720	2566
4663	4777
1551	4229
36	4275
1370	3281
1565	3417
221	371
3144	4229
371	3331
92	3210
196	3169
2117	3920
2536	3169
1968	3338
1166	2385
1555	2562
1981	3723
1039	3169
2258	3173
550	1010
2105	4970
209	1581
1741	4244
1469	2608
745	2961
3502	4705
1166	1602
4031	4838
347	4656
1602	4608
2935	4493
3431	3643
2456	4327
618	5238
1039	5153
1469	4276
663	4224
449	3169
2047	3834
920	2068
1708	3210
1757	3240
3907	4168
1890	5238
1928	3596
3169	4685
2050	3240
717	5196
1179	4873
4414	4864
3858	4639
3531	4012
166	2158
943	4193
1493	4031
244	3169
1833	4412
1305	4864
2846	4597
166	1555
1494	2318
3877	4329
2387	5134
2665	4776
2529	3477
1931	2732
2270	4104
2330	2581
1469	4066
2515	5240
1741	4429
1555	2451
1907	3887
1721	3088
1555	3030
1555	4383
1758	3982
1344	4993
231	2617
3169	4838
2245	2451
672	4784
2788	2946
858	2318
564	3896
2719	4187
4015	4582
2797	3361
2756	4012
348	4157
700	1447
28	4446
1581	3216
3600	4229
1757	2260
3123	4229
961	2222
166	3975
191	3572
4102	5050
371	788
4225	4467
2528	2757
992	4031
3169	3896
469	2158
3672	4446
1338	5154
29	1758
3216	4008
2896	3293
191	2358
1447	2641
876	1833
1685	2797
33	2387
121	1555
3152	4864
4128	4895
516	2764
1131	4276
292	4943
972	1080
1507	2755
2775	4732
3240	4412
106	4253
938	5134
2158	2396
137	1555
1638	4899
2258	4317
2709	3249
599	4823
3546	4229
602	4104
236	2244
1331	4734
3001	5215
567	3169
3169	3901
191	1486
1780	4253
1235	3397
300	4513
33	2751
599	2417
1574	2486
1170	4225
1338	4493
1270	4852
3840	5215
1555	2954
610	5222
1889	5238
2050	5062
602	1700
1533	4663
2897	4229
882	4958
231	3803
3169	4600
1307	3570
1574	4746
350	4608
1010	3835
1469	4015
1834	4852
2158	4737
717	4229
2089	4746
2579	5107
2158	2980
2641	5205
836	3169
3998	4608
1555	4777
335	4385
374	5020
1998	4572
3888	4537
1469	2970
2641	3599
2528	3390
1565	5157
1469	4229
446	1338
1020	2154
92	3566
1878	3481
57	3877
2608	4744
329	1656
1219	2324
449	1133
335	2965
675	1990
710	4698
3682	5161
819	3553
1581	4229
1106	1779
2158	2562
1907	2003
2708	3739
1010	1019
2069	3464
2012	3289
1555	4503
1065	3169
45	700
636	1555
2065	4939
156	3483
2486	2623
700	2895
3877	4252
1968	4372
2418	3834
3022	3998
2445	2922
1757	3323
2240	3285
675	4229
1377	2723
764	3622
1741	2824
1390	4252
3937	4483
2993	5215
2344	3206
156	4663
4075	5081
1691	2500
1206	1781
1179	4412
417	2970
836	4608
4282	4766
1555	3723
1350	3169
167	1914
3216	3975
711	1907
710	4107
2556	2601
3169	5149
142	3937
36	1070
111	3998
409	1469
498	1455
2540	4514
920	4656
1995	2031
1080	3877
1080	2033
1907	4608
2219	4031
4310	4412
2083	2344
156	4224
1555	4054
1968	2486
417	2318
2486	3739
1803	4244
2999	4066
453	2752
1757	5037
543	876
2258	4157
2113	2970
1608	2258
15	2808
545	2510
1995	2878
3359	3975
1361	4864
2225	4864
349	4771
2315	3755
1025	2665
609	3960
4435	5072
982	1206
2617	5238
2068	4193
4663	4999
464	1555
1344	3979
700	1270
1117	2863
330	2902
111	4235
2957	3490
1833	1888
1798	2603
3019	3769
3187	3723
1779	3169
1555	5137
864	3049
348	1047
3289	4838
387	1878
1741	4864
3553	4841
3626	3931
2603	4168
1206	1316
464	3017
583	2158
512	3169
711	1235
140	908
1153	2528
1481	3648
2358	3957
3141	4070
1870	3969
1494	4347
943	4054
2462	3134
1780	2486
519	1170
196	1824
33	3084
478	2791
169	4229
1235	4220
222	1455
745	4229
4168	4873
489	940
167	4934
1842	3802
2154	5247
1206	4026
803	3109
209	4116
582	2603
1574	5134
3462	4803
1708	4666
4497	5035
2258	3408
3169	4580
4490	4572
276	1948
2114	2299
2344	2709
1133	5063
2663	5062
1555	3565
3389	5020
3169	4988
1273	3401
176	3169
22	566
4608	4825
858	3677
4383	5020
717	925
28	1235
2006	4229
498	1555
656	5026
710	4081
1878	3281
751	2518
1338	1555
1185	2282
423	1919
3265	4537
326	4229
1989	3169
329	835
2354	3510
640	4961
461	2258
3776	4031
2999	3323
1657	1685
978	1533
1270	4412
2117	4347
2006	4282
1375	4705
711	1741
4689	4744
460	1133
1374	4864
498	4229
3169	4302
1469	1581
553	1047
546	3843
1757	2070
1922	2026
218	1981
3390	3461
859	1047
2318	5074
700	5062
2089	4161
4244	5134
328	3867
1995	2967
1581	3169
1133	1913
1301	1904
564	3856
339	2902
566	4347
2157	2510
1331	4255
1723	4841
2114	3015
1565	4496
191	3648
599	2586
990	4347
3012	3834
3176	3548
2486	4274
1133	1968
4275	4530
212	663
3462	4766
700	4220
1010	4187
3169	5022
2957	4717
2304	3531
1555	3205
3515	4229
3220	3464
350	1447
4220	4963
1039	4968
1627	3810
2406	3849
2559	3575
1845	4736
1683	4864
2017	3849
3169	4386
1455	1700
37	251
3627	4864
1567	2357
0	576
4021	4784
1105	1268
1741	2050
4623	4891
1307	2725
572	4963
1670	3635
2970	4729
602	4841
1532	4537
3637	4157
2315	2850
2240	3942
1555	4934
599	940
928	4144
901	4440
667	1585
3896	4347
2643	4899
2850	3191
3341	4438
4310	4656
2070	4734
2956	3169
1555	3000
469	2318
3109	3216
3840	4347
251	581
4446	5239
1235	3834
3896	4608
3976	4627
1316	1723
460	5173
1047	4259
745	4324
2358	4493
961	2641
764	3368
2349	5215
924	1469
4030	4220
3716	3823
2298	4478
231	684
1373	4663
1387	2529
839	1080
1758	1942
4627	4963
331	566
1455	3012
3888	4385
3858	4079
882	4385
1581	2315
4110	4803
1162	3536
3169	3835
2423	3153
595	917
1455	2279
4841	5215
2623	3170
2603	5137
213	1353
3472	3928
2544	2765
2562	2642
700	4116
540	4286
2384	4513
2864	3907
1029	2240
2069	2486
3734	4191
1435	1889
1565	2219
566	3169
2452	4945
1113	4229
1565	2258
4229	4383
1922	2258
2477	3920
1382	4229
2158	3998
1133	2343
1571	1766
1870	2756
2559	2759
236	3295
231	4841
700	3776
781	3605
3169	3275
929	4157
3234	4981
4274	4941
2694	3275
593	1602
1780	4478
1758	2418
1415	2318
3979	4864
350	3877
1555	2396
3055	4864
990	5132
2797	4229
1339	4347
209	2075
709	3169
1481	2065
4347	4469
3575	3622
468	3830
3169	5134
1219	4841
1162	1704
417	1555
4152	4229
2990	4229
1708	3549
2364	2617
4252	4347
1994	3169
992	1469
1570	1571
882	1777
2254	2358
3240	4496
348	836
2318	3546
3979	5157
1868	2529
198	4864
1602	2031
1697	4615
22	3146
2623	4608
92	3648
564	5222
1532	4041
3790	5118
4049	4229
1889	2725
196	2076
4207	4225
4464	4513
592	2956
3592	4026
2451	2486
2258	4263
561	4021
711	2207
4347	4435
231	4311
2158	3448
2635	4229
2158	4229
1213	2540
4229	5181
4694	4809
3769	4012
606	4487
449	2315
3044	5118
4429	4864
2304	2756
1429	4988
2268	2486
22	2361
1574	3942
1955	4229
105	4479
267	292
4451	4614
2510	3622
4229	5151
1058	4483
2336	3289
803	4229
1555	5139
2070	4275
1096	1780
924	1442
1708	3338
118	2182
628	2069
4205	4838
142	4224
3773	5215
609	2747
2617	2993
105	4012
233	1344
1125	3045
897	1206
1656	2063
3810	5146
2842	3548
1789	3169
1529	2154
3637	4372
854	4229
202	2596
113	3957
1210	2299
1010	3515
177	3265
582	4981
2063	2258
636	3510
2351	5144
1481	4030
1627	1735
276	1133
2270	3359
1212	4385
1447	3596
1585	4019
2983	4052
1670	2486
2258	3962
3169	3975
618	1447
1697	2957
1683	2258
2957	3352
259	4383
1208	2114
1113	3596
228	2222
628	4229
1481	4010
4081	4663
2486	3773
3424	4331
516	3477
1663	4496
251	5215
1585	4879
928	4752
2117	3338
2451	4689
978	5052
2499	4157
105	4974
1010	4530
4229	4290
4229	4656
1206	3975
2304	3012
2258	4659
803	5196
348	2863
990	3566
1265	1353
515	4229
1007	3509
347	1928
2258	2777
44	377
2935	5130
2318	2562
62	4229
1907	4244
294	1533
1166	1555
218	746
449	1603
707	3170
2157	3221
1889	3626
1780	5132
3696	4864
4051	4229
3015	3275
1086	2579
3169	4521
564	945
2759	4864
92	4008
418	2550
1723	2358
1758	2582
118	4737
2677	3023
4028	4864
578	2579
1766	2756
2318	2396
599	1104
1588	4030
1833	4698
716	4004
1741	4673
1469	4104
2157	4229
800	3169
531	2087
1565	2954
553	5196
931	1429
4070	4729
2914	3453
3931	4852
3169	3335
1170	3907
2240	3589
3109	4104
3648	4493
1691	2850
348	1212
1566	4864
2966	3169
2694	5254
745	2318
1555	3963
527	2263
1742	3169
1779	3472
1981	3281
3363	4941
2065	3220
4137	4229
579	609
2532	3625
3496	5153
2515	3169
1708	3635
2486	4111
2557	3169
3087	4116
1133	2582
3486	4759
622	4137
3169	3944
4275	4440
156	3820
3169	5177
202	1777
4229	4924
1646	5177
4347	5148
2456	2756
1697	4347
3602	5036
717	4771
610	3426
453	4259
2583	3331
1780	4493
1350	4347
1955	3144
2951	3169
897	2499
1426	3169
3169	3308
2318	3877
436	3265
1387	4864
1723	2318
23	2263
1206	4692
1990	3596
2158	3896
3169	4537
1020	3867
1455	2036
243	2222
610	1435
1352	2158
5	3012
3553	5232
1265	3627
1938	4263
1094	3019
656	4392
1646	1780
1995	3169
582	2207
2850	4988
1989	4274
1565	1781
37	1555
924	5081
966	1581
3553	3785
582	1870
2077	3338
3023	4054
2486	4372
3890	4864
3529	4873
2960	4933
1536	3987
2318	5225
1513	4705
2510	4883
1339	2993
1481	3773
1555	3039
270	1803
924	4243
191	2663
2207	3835
349	4183
3452	4383
3877	4663
294	2603
2240	3997
371	1494
2756	5063
2850	3975
1455	1554
2219	4128
2205	4572
2777	2896
348	553
489	516
1555	3323
218	4556
2663	4539
1601	4255
348	3001
1802	4161
492	2919
700	3091
3896	4275
2875	3643
941	2258
1146	5240
497	3169
1303	1585
2775	3503
2558	3637
5020	5148
1047	4841
2862	3572
1779	2582
29	2258
1455	2875
92	3689
4359	4663
2315	4435
2424	4229
1708	2330
2076	3169
347	1179
2668	4864
716	1469
1351	3169
1469	2999
773	3468
440	1039
1798	3830
2747	4229
453	4028
2234	4075
3755	4008
2445	2603
3425	4864
2902	3510
198	3240
1331	2946
3169	4347
853	4659
1606	3241
1739	2935
1927	2486
1768	4614
1119	1493
1350	4229
2954	3169
2089	4333
1708	4201
213	3169
2500	4422
920	4193
2031	4608
2117	4864
2595	3425
1533	2219
1757	4028
3963	4864
1691	4347
1513	4663
1507	1904
4229	5240
3169	4476
4229	4813
3669	5172
904	1265
1072	1779
3630	4496
2309	2757
561	571
3072	4864
583	4229
3682	4676
1146	4698
1227	2781
4102	4128
931	1170
2158	3677
1779	4663
2875	4259
1626	3755
44	1741
1447	1779
1565	3835
105	1170
2529	5244
940	2764
3395	4943
191	1734
2555	2643
1111	4608
1638	1907
1377	4642
1166	3546
4030	4183
1758	4864
1273	3015
1870	3856
674	882
328	581
33	2704
3084	4784
599	3512
1131	2529
1533	2755
2765	3602
1455	3109
1080	4113
1876	4731
1058	3803
3049	3321
1034	4070
2258	3217
1173	3602
45	3448
1390	5018
2656	4608
1435	5238
543	3169
37	3354
1588	2486
1338	3546
1555	4695
3637	5157
2805	5143
371	3483
582	3321
1779	4101
113	674
2612	2849
17	2075
3109	4511
1555	3399
1089	2089
3366	4464
2003	2305
2406	4078
3739	4663
1481	3338
1447	3169
1533	4784
240	3877
824	4850
2158	2225
2777	3615
153	882
1697	3363
1212	5215
1166	2158
628	2050
2087	3169
3176	4229
1574	2641
1989	4608
196	4229
1609	2158
3557	4783
4275	4698
33	3548
3790	4229
2207	2540
2349	3331
2540	2970
1141	3937
3834	4784
105	359
1555	3214
581	4656
3285	4910
3165	3191
2999	4270
3637	4864
2258	3169
1931	3548
2965	3845
36	2486
4229	4274
3338	3630
262	4229
707	1072
4198	4811
1447	3045
3008	4879
1021	3548
4347	5154
1602	3882
1955	2358
982	4026
2956	4207
335	2200
3001	3169
348	4243
469	1447
1757	2881
1887	3648
1554	2050
1331	1455
1455	3146
3526	3976
4030	4527
1235	4153
1469	1708
516	3366
2735	4800
498	2486
2087	5232
540	604
1350	1723
1096	2258
4639	4899
44	707
2358	3289
2847	3549
1881	4229
3974	4440
2072	4311
2089	2623
675	1146
3877	4116
3546	4608
418	3834
2900	3169
978	1352
1734	5050
2258	4926
622	2936
213	478
2154	4244
3546	4729
4229	5257
564	711
1555	2970
3210	3323
1047	4063
1739	1787
1424	3000
2732	2904
2451	4703
1033	4688
2081	4327
1007	4191
4030	4752
3835	5020
1455	3975
1469	3896
3975	4066
858	1555
618	1113
227	1455
3920	4435
2756	3509
1555	2326
2258	2764
1602	3019
3134	3169
1656	2899
1849	2258
1307	2642
1469	2486
2003	3515
784	2983
931	2681
106	4229
878	1360
202	1365
33	3549
2065	4297
1104	3825
2225	4259
3975	4864
3019	4663
3897	4229
2603	4028
2776	5056
1565	4229
852	882
118	2318
1829	4864
1346	3169
742	4487
1757	2219
781	1625
718	1125
1447	4781
1086	4446
1338	1655
4066	4229
5052	5215
928	1469
663	3663
339	764
4066	4270
1555	2623
557	4229
2062	4663
1570	4290
1708	2663
1878	2263
2318	4864
2999	3216
45	751
1451	1704
3562	4864
553	1469
1942	3785
2709	3627
28	515
622	4229
844	2311
1555	3570
3169	4043
1131	2863
1653	2222
1350	1469
1708	4347
3177	3225
4359	4914
2970	3025
3867	4031
2158	4813
3141	4864
713	1366
1646	2258
3206	3825
2304	4111
1588	2069
1741	2396
1047	1360
2549	4483
1047	1758
839	4229
801	5062
549	3195
335	2158
2709	4673
3510	3605
1243	4970
578	4275
3669	4608
3890	4879
3015	3526
3602	4663
1881	2358
1380	3169
3341	4015
847	2151
3636	5050
2358	2777
2000	4021
1758	4552
1741	4412
2070	2358
2862	4008
1981	5154
2318	2788
745	4692
1435	4771
1646	5172
1585	1850
1555	3384
1780	2065
3001	4608
921	1904
2623	3169
2709	4318
3169	3249
1133	1628
1874	2069
1236	3169
3907	4229
52	4459
4608	4777
1697	2951
2311	3169
3529	5050
3566	4030
3509	4999
1683	2331
1273	1845
2573	3825
1455	2919
2222	3627
2581	2756
1441	4383
2240	4998
2158	5187
1533	1734
3338	3359
137	4597
392	1247
1585	4276
19	2157
2159	4864
1578	1758
1328	1555
735	4864
2413	4961
1469	4825
2113	5177
218	3169
824	2089
1317	3169
1529	1758
460	2850
992	4168
1989	2158
128	2709
1352	4350
852	1212
4229	4967
1197	3387
1447	4625
1133	1447
525	2896
1493	4934
242	1469
1990	2717
3602	4787
921	5118
2158	2755
1708	3295
166	2486
2603	3969
243	764
3169	5153
1034	1188
1350	2158
328	1099
2486	2999
399	4310
3950	4864
2961	3169
2756	4999
924	1904
1481	2050
2240	4385
515	4841
3169	4113
1994	2524
329	2946
166	2709
359	3169
3015	3260
1208	3147
196	855
191	2245
2217	4734
672	1708
3191	4435
2126	4807
2556	5108
1757	5157
3015	3888
92	111
1555	3134
1878	3510
1757	4063
1370	3241
1162	2240
4117	4963
1700	3141
155	231
100	663
2486	2756
1533	4766
2164	2717
1780	2617
2553	2957
1799	2304
2158	2936
2381	4663
966	1359
4310	4873
1691	3975
564	745
3678	4229
519	3960
1907	4342
1779	2961
1721	5184
990	2050
566	1646
1833	4310
192	4895
1828	2780
18	1455
3176	4993
1331	1700
1016	1070
2110	2558
4084	4580
663	3739
3169	3591
836	5215
209	591
1705	1907
1602	2158
2451	4329
920	5148
745	2332
2660	3169
4117	4355
773	819
22	423
1352	2486
1781	4229
4144	4734
553	4111
276	2603
2318	3323
1270	2318
663	3785
2902	5251
887	3979
3566	4193
941	3877
700	2245
37	3169
45	1455
3510	4595
2012	2418
4229	4464
267	3496
196	1310
3553	4031
674	2542
1270	1655
1003	2258
2158	2234
3643	4043
37	1917
2318	3937
2562	4841
2732	3368
1316	3802
4384	4412
644	2451
4659	4823
2540	4281
1447	3055
2304	4073
1766	3506
631	1931
2772	3169
1656	2159
2486	3001
1206	5184
1895	4663
1892	3016
177	882
3643	4297
700	5109
2846	4537
1163	1307
169	3596
3220	3790
2349	3502
2033	3449
2315	4008
4229	5247
2603	2965
1382	2318
1780	2166
1533	2957
4321	4490
2087	2117
10	4229
3323	3472
1581	5035
209	1700
1344	1663
1533	4744
3848	4963
3776	3877
1176	2258
140	1111
174	1078
1469	3755
515	2284
26	2486
3169	3376
735	2603
2486	5052
2486	3459
453	3673
2999	4347
1134	1889
1010	2812
339	2344
2318	3669
276	4275
1347	2075
1469	3611
1111	1469
990	1780
1111	4864
498	1435
1034	2240
1353	2709
1466	3920
1889	2993
410	4229
583	3882
1273	2757
1601	2332
1206	3835
1870	3599
4275	4752
1133	1775
1208	4366
3368	5154
1529	3334
3393	4003
4107	4698
1995	5196
105	2808
1049	2603
335	3602
52	3472
1111	4229
1413	1469
2254	4229
649	5133
2580	3169
4229	4716
3307	5250
44	4229
4729	5177
1704	4628
348	4315
3019	3169
1565	2700
1587	2775
583	5062
2608	4229
1757	5184
1135	3039
2540	3331
2258	3975
553	4323
1657	4031
1494	2158
1086	3101
1845	3169
3165	4435
3241	4229
2048	2477
1942	3169
746	4666
579	1913
3605	4286
1655	3203
1705	2525
1310	4347
1759	2432
549	2104
1507	4467
3	2735
3033	4229
1533	2154
2698	4579
3045	4864
1833	5020
4008	4168
1881	3648
5196	5244
290	4073
1447	2064
399	1179
294	2258
868	3169
423	1655
3623	5050
1481	2358
491	2318
1741	2773
110	4623
3548	4986
1338	5172
3609	4229
1670	4270
17	2559
2207	2553
1565	3755
3109	3169
674	3459
566	709
3596	5215
1741	2104
1691	4988
3843	4117
1447	2224
2378	3169
1887	3506
1352	4813
1033	1059
1854	4229
339	3843
57	5215
2617	4771
209	1493
1834	3557
1243	1907
1700	2862
1412	4478
695	1820
1938	3169
1339	1708
3725	3874
2033	2936
1587	2499
684	1555
976	3834
1555	2735
1339	2072
1493	3408
1427	1718
4359	4579
449	4864
4008	4229
1206	4967
1307	4736
2358	3529
2311	4868
33	5107
1708	4435
349	4593
1004	3483
1588	5118
1390	2158
803	2318
142	267
1533	2486
1566	3169
74	4440
140	707
3896	4864
1741	5222
2244	4235
2217	4435
3464	4342
803	4116
1603	3389
17	2158
928	3643
3773	4623
839	2549
202	3334
1455	2546
3464	3483
917	4191
1390	3790
1133	4259
749	3566
453	2797
566	4026
347	3810
188	3169
281	3169
1206	1447
491	3169
854	1656
2069	3220
1870	4999
3169	4472
4663	4970
717	1435
1870	5114
2234	3458
3331	4244
2989	3835
803	3216
841	4229
3169	4244
1555	3510
1555	3896
4152	4864
3931	4311
3366	4021
3931	5238
152	3000
1366	3019
3290	3843
1555	1646
3669	4807
2486	4084
246	2318
1697	2154
1585	4752
3376	4608
3391	4858
1206	1351
3352	4864
996	3169
1555	5161
2708	4347
469	1585
4467	4967
1700	3572
2361	2486
1206	3896
2012	3169
3627	3719
335	1907
4157	5215
1989	3849
2694	3627
156	1427
1779	3366
2207	4201
2258	3755
1173	3101
2064	4879
700	4734
196	847
857	5062
3794	4899
1469	4462
1133	2456
1565	2373
1741	4737
2723	3169
33	3881
1343	5108
4229	4497
3323	3931
1965	3293
2536	3039
3391	3881
1533	2914
111	4864
453	2776
92	2731
2234	3169
1870	4110
231	610
3592	4734
990	4539
3458	4153
663	1025
1469	2076
2756	3531
622	2033
2155	2385
3503	4383
1435	4694
1870	3019
1581	2486
1757	3782
2065	2151
2318	5052
294	1206
2258	3917
45	3747
2318	4891
1533	4327
3169	4213
602	3109
1080	2207
2282	5047
4161	4315
549	4521
3169	3887
2775	2842
3781	4497
3169	5035
3141	3165
18	5222
1533	2298
1206	4485
1415	1555
3602	3843
2583	5134
2223	2510
1989	4850
3169	3281
1447	1948
1697	2982
1723	3020
2418	5020
3389	4864
1402	4066
707	3669
3776	4093
4229	5215
336	3169
2524	3169
2050	4496
3359	4350
1429	2904
192	3635
1602	2385
1555	4213
1338	4934
106	2490
4899	5252
640	4093
1007	1945
3426	4771
1565	1968
348	1170
2838	4864
1874	4030
2452	3169
2756	3288
4113	4514
1907	3072
2087	3962
3529	4031
1469	3000
2595	4026
2563	3206
602	3165
636	2158
1021	1759
142	3169
687	921
1555	4513
934	4429
663	1525
1582	2895
37	4030
1359	3039
1469	4861
1304	4970
4412	4873
2499	2863
1819	3769
3463	4678
3169	5172
1435	5196
510	2617
1555	4841
2263	2612
4868	5148
1555	3649
934	1235
3565	4347
4138	4229
1585	4229
4608	5177
3169	3363
281	2765
464	4229
1581	2850
1366	3834
803	1331
2157	3708
177	1601
4030	4347
1268	1273
2980	3169
402	4229
1387	3856
1574	2768
489	3458
1513	3363
33	3295
90	4229
2680	2902
156	1555
2279	3643
4229	4253
2033	3643
1555	3636
3529	4030
111	4970
1555	1606
196	1931
191	992
2957	5104
1307	3758
857	4320
417	2158
3091	4229
1188	3080
2623	3376
2970	3510
156	4026
3308	3907
2259	4487
2075	4736
3169	5062
4229	5107
3169	3265
2158	3479
2245	4838
2076	2486
3755	5184
2212	4229
2240	4807
773	1225
300	3643
673	3001
564	2445
28	453
1402	3216
2291	4307
3015	4597
2234	2764
281	1186
1481	2486
4864	4967
1469	1697
92	3359
928	2318
1759	4116
3279	4483
2291	4671
1670	3572
2258	3307
2643	4809
1173	2922
3907	4627
2031	3546
1574	3907
740	3575
2550	3548
2549	3463
1424	1555
3528	4572
1082	1338
2775	3522
1555	2070
1104	1344
2780	4963
2279	2805
1718	4493
1455	3289
3773	4037
1942	2999
561	4841
3091	4412
1529	4864
4104	5203
882	4479
1447	1585
2031	5177
2070	4963
1338	1424
1206	2422
1455	4447
270	3548
3759	4871
2200	2965
3331	5134
1587	4864
2332	3015
4031	4561
2358	3141
1004	4446
2586	4873
1270	1366
3012	4998
2935	3802
2471	3510
423	4412
1369	3566
3231	4229
1700	3596
2583	3085
3169	4270
1555	2722
2885	3169
3169	4543
1331	3109
2068	3240
609	4030
1757	3856
1206	3045
3963	5089
566	5050
233	4958
45	1965
348	3635
1447	4864
348	2993
803	3169
3596	5020
1390	2318
33	4355
2158	5154
1131	3755
1206	1493
1995	4347
92	1720
3323	4066
4229	5088
1344	4093
1868	2354
3572	4734
1734	4627
1968	4104
4208	4259
1159	3169
3020	4384
1235	4244
2616	4128
1080	2258
700	4310
1850	2158
1162	2567
1705	2919
1188	5153
2251	4988
4555	4838
2318	5172
1691	4008
3338	4104
92	3220
2258	2418
92	259
1745	4705
33	3867
2318	3534
2788	4864
74	181
1799	2525
92	3773
334	5154
1047	1723
33	3463
2358	4030
1555	4270
3773	4555
1507	3084
3169	3503
22	1833
4627	5050
2087	4613
361	3169
745	1601
2936	3575
3221	3241
1555	3025
92	2850
3169	4029
4104	5035
1047	2595
1555	5050
1107	2219
1919	4026
675	700
3359	4104
1111	4729
2263	2846
2808	3888
1082	3169
1670	3920
1870	2318
4229	4642
3109	5035
3572	4229
2258	2605
2559	4436
348	2358
1747	3047
1493	2318
667	3630
347	4873
1878	2622
3572	4104
3575	3580
799	1493
1759	3136
3216	4270
1533	4144
1928	4229
251	2050
602	1708
921	1780
1555	1723
1133	2583
1555	4729
1107	1533
348	3338
644	865
2056	4446
3169	4490
855	2033
3059	4229
3220	5118
3169	5222
1447	2660
1113	2486
195	1708
2072	3295
26	4511
2445	4543
3214	4841
3920	5203
1926	3363
3881	4984
1833	1990
1188	2354
2258	3553
3459	5157
839	2646
3141	4229
92	1734
2258	4447
1467	3462
152	1424
2741	4490
1723	3840
221	2709
3907	4552
3477	4021
1243	2031
1787	2935
700	4412
847	2936
2217	3572
2897	4347
3009	4229
4207	4321
1039	2510
2595	4102
2419	4228
2623	5050
2703	4963
1646	5050
2357	2479
709	2901
1424	3834
4229	4561
3285	4229
0	1472
709	2665
2956	4081
4436	4663
756	3169
1403	3920
1919	4656
3694	5154
10	3856
462	2935
621	3169
1369	1555
1206	2201
2311	3835
29	4734
2358	3191
1004	3426
2245	4493
1656	4886
52	3169
618	5026
1208	2612
2219	2258
803	1402
2318	2623
1338	2515
1700	3975
1555	4736
2158	2623
188	4229
2970	3998
583	2113
707	857
1609	2970
700	1919
1990	5020
2313	4229
3169	3611
781	3843
908	3323
2936	4347
3338	3528
18	1047
2757	3803
2486	4101
1555	2717
166	1427
3874	4597
1493	1608
1555	5121
3217	4275
1955	4350
1469	3562
622	3170
1911	4446
2361	5148
489	1235
118	1469
2207	5143
717	3781
4224	5222
228	1225
246	4383
2258	4627
700	4873
3008	4805
2603	2989
2486	5132
808	2373
37	3840
553	1435
2961	3630
1555	2658
3169	5012
1712	4597
3548	3625
2847	4104
1039	1208
2486	4066
359	5153
1469	4846
2284	3391
953	1466
1656	2364
1402	2999
2084	2102
781	4595
3169	3384
1919	5154
3379	4579
1070	1834
1542	1741
2595	4864
1469	4491
745	882
440	1033
1133	4623
4412	5062
118	4229
1995	2318
1656	4110
294	2234
2248	4229
263	2663
3503	4813
4347	5052
1113	1955
781	2157
2451	2603
0	3
2258	5215
3177	4663
602	3141
1907	4701
4464	4993
244	2240
1670	3216
3776	4961
3323	3463
1585	2529
1197	2586
209	622
3849	4642
3572	3975
4642	4941
2528	2559
1206	3012
4168	4864
3566	3960
1086	1533
940	3877
2486	3975
100	1758
1670	3109
4272	4864
1208	4826
515	2478
213	847
578	640
2017	2406
1029	3169
882	4600
1170	4493
803	3920
3334	5050
3169	4462
3016	4191
3611	4347
700	1047
864	3015
1131	1133
917	2451
1832	5112
1758	4203
4111	5222
3141	3920
609	2864
934	4869
209	4608
460	2529
564	578
3565	4608
622	5050
3275	4597
1555	5250
141	4551
938	2387
155	2993
100	2559
1211	4229
2033	2050
33	4311
348	498
3169	3798
3203	4031
2358	4031
2268	3982
1555	2656
1043	1423
3109	3191
2358	4868
2332	3169
4656	4873
695	3960
700	5020
1657	4483
1170	5215
564	3165
348	2623
3169	3216
1565	2243
2869	3091
1700	3755
1151	3617
727	4229
847	1493
156	906
1212	2158
3975	4276
270	938
835	3020
940	2234
1656	2243
2089	3849
1317	4310
3590	4864
943	4513
1700	2315
33	3483
1585	3928
4068	4229
3744	4235
1656	4168
2012	3225
4014	4234
3015	5047
290	1010
1025	2258
371	853
4229	4846
1708	4104
1907	4873
2532	3957
1165	2542
1859	2087
1086	3529
2967	4841
2258	4552
339	3206
2411	4229
1574	2258
781	4579
276	2258
2456	3802
3635	4116
2130	5234
700	3963
764	3602
1574	4869
233	3170
2017	4333
901	2047
348	1125
328	4963
330	3643
3017	4315
29	2207
917	2387
262	2556
1047	1555
583	2031
1096	1208
1212	3169
1824	2727
636	1574
3169	3359
515	2361
137	3888
1765	3159
515	2709
1435	3426
2263	3627
3889	5207
836	1469
17	1211
3548	4813
576	987
3016	4864
3937	4476
33	1716
822	1025
609	990
1080	1565
1724	3169
45	2896
2358	4552
2708	4840
3323	4811
485	1571
1403	4003
3177	4608
1757	4627
3217	4864
1928	5020
2222	2641
197	5133
33	4243
3359	5215
92	2549
764	2612
1567	4663
1555	4825
4970	5148
409	2486
2756	4073
2158	4861
1166	2031
244	2151
3109	3390
1010	1176
1723	2332
1757	3045
1486	4031
1565	2047
2304	4012
2358	3072
1555	3882
71	3285
2540	2946
3169	3627
1585	1670
1555	4861
1447	2087
18	2989
218	3281
17	4569
359	1307
1351	2258
92	2486
4104	4275
938	2583
3888	4875
2846	3260
2158	5225
1133	3169
3459	4093
573	2018
2069	5118
1331	2315
1034	2087
2432	4864
329	3169
876	3944
2579	4627
887	3176
2646	4327
3364	4229
1080	2540
1471	2023
878	3881
151	3682
1147	1472
1034	3570
1151	2764
3169	4825
28	1133
328	348
3856	4963
1542	5118
599	3834
33	281
348	3877
290	2158
440	4014
3849	4274
2358	3596
3883	4864
209	1751
2936	4608
959	4615
2922	3602
2240	3548
2663	4031
3045	3169
511	2518
1609	4729
4347	5145
803	1581
1766	2258
399	1833
982	1493
924	2573
788	4879
3169	4550
1383	1442
3998	4347
848	2755
2318	3609
174	1481
2936	2983
2158	2308
700	1928
2486	3323
1507	2573
1096	1758
1663	1741
3587	4873
1758	3920
2270	4347
1799	4012
557	1102
496	3169
263	2567
2518	3265
2862	3191
348	3896
3630	4426
2764	2989
3169	4422
3858	4406
2935	3169
1532	3169
3669	4729
1066	1133
1232	4229
1628	2318
74	2595
348	1942
2500	5184
4139	5056
1680	4359
3015	4537
593	4608
3169	4993
155	3426
213	2902
2279	3575
3458	4671
4207	4490
335	1307
3338	4168
610	3931
599	3136
553	4229
4873	5062
700	2065
3210	4229
2258	3801
2381	3477
1133	2768
990	5173
1878	3602
552	5172
1205	2528
1439	4864
3169	5110
1004	4187
2850	3141
1179	2195
1968	2258
2946	3716
1907	3169
1427	1779
1331	3755
28	1697
1374	1555
98	3019
3008	3548
3251	4229
1442	2104
3920	4275
1493	4608
2225	3169
3323	4168
105	1213
233	1768
1532	4567
691	1447
1316	4168
3975	4104
859	1881
3134	5154
1010	2418
978	1469
1021	3570
1456	4229
3417	3969
1988	2970
990	4031
3755	4104
1094	2717
2999	4229
1447	3214
3725	5047
803	3565
489	2764
3101	4963
3755	4435
1007	3431
3834	4478
4412	5118
4476	4800
4207	5148
1350	4988
622	2318
191	4539
730	2789
1447	1555
3501	4483
3191	4104
2542	4083
2603	4970
549	2605
707	3998
1680	4005
1555	4678
1700	4828
525	966
1646	1988
908	4071
2957	3323
972	2725
5	4875
972	1307
1080	1493
1104	3195
767	3463
4229	4234
954	3823
2562	4864
4347	5035
17	3609
1507	5094
3338	4276
2518	4043
3453	4692
2486	3044
2603	2778
3169	3609
3834	4244
3189	4229
4608	4652
2432	2983
1111	1646
3596	4225
819	1347
2961	4600
2315	2847
1435	1469
1565	5020
2595	2756
3643	3975
1131	3987
3170	4663
2056	4383
1555	3937
552	4229
292	3395
45	2847
1133	2479
367	1555
3169	3528
196	2765
887	4993
1103	3169
3794	4297
700	3025
237	3169
3920	4116
350	4347
37	209
1609	1646
3548	4642
209	1113
1211	2993
1469	1723
2486	5205
2862	3141
1555	1609
3165	3266
446	1705
1757	2418
1555	5177
2279	3744
908	3747
2714	4530
231	2919
1876	3169
4229	4841
1574	3596
707	1111
1375	1995
231	5238
1555	2946
265	5107
767	4554
2727	3449
3532	4763
2157	3036
111	236
1555	5052
491	3739
1235	3458
1780	4359
4864	5211
231	2656
1588	4446
111	2484
622	3331
1472	4892
581	1270
4220	4229
2612	2709
209	4104
1078	2773
3169	4613
1571	3169
26	4347
1025	5056
1574	4600
553	5215
2378	4864
3313	3708
1565	3462
1784	4229
2518	4113
1656	4383
461	4689
1133	3972
1780	3529
1555	3546
1780	3755
2207	4142
1215	1565
582	4317
4394	5133
137	1455
1104	5207
1170	1928
2065	4372
1555	4813
2982	4229
3169	3469
3109	3572
1555	3309
3643	4879
3553	4613
2700	3169
3553	4784
4310	5146
1447	3366
221	2966
1927	2750
2582	3907
1758	2243
2529	4315
2058	3275
2354	2970
3565	4104
1243	3169
2581	4663
4511	4934
711	2603
609	992
1704	3012
1777	5036
2708	5154
2158	2298
155	1889
2451	2608
2548	3169
1735	3810
2850	3596
740	4275
1646	4224
2486	4841
2486	4752
4168	4970
87	858
437	3169
2989	3887
1627	4656
2756	4476
3015	4385
4229	4302
19	213
2033	2318
3596	4698
1047	1656
3425	3883
1907	3562
2559	3453
4864	5037
3464	3790
4275	4447
516	1347
2075	5036
2507	4207
640	976
1469	3515
196	1833
1493	1704
1574	2064
2263	5251
192	3550
453	4153
2258	3835
334	4899
1638	4347
673	4275
1565	2384
3109	3141
1247	2058
1020	1646
348	2076
1113	4350
1766	2956
2663	5215
2956	4243
1455	4331
908	1493
711	1758
1757	2201
1780	2869
1585	3020
2417	3963
747	1034
52	773
1052	1472
922	2559
2203	3501
1555	4224
1609	2318
2656	4864
152	3169
2255	3169
857	5118
1447	2532
3338	4203
399	581
3849	4850
1757	3835
3169	4867
1265	3510
29	3834
547	4229
2967	3856
1310	2850
2510	2709
1735	4026
468	1798
1039	1273
1044	3331
1565	4168
1212	1555
1926	4051
553	4497
1347	4867
2570	4315
1968	3169
1080	4483
674	1344
92	4347
2486	3216
4012	4436
3785	4663
1429	5154
581	4412
1723	2158
1133	1876
3907	4961
3572	4030
582	4275
1780	2358
2158	4652
1265	4579
3570	4663
1988	3630
2012	2905
1718	4436
446	1469
640	4656
1377	2017
1133	5134
990	1469
1555	4066
2069	4852
348	4813
1942	1995
2219	5107
1163	4229
2518	3622
2158	3214
2764	4864
231	1102
2358	3531
33	1211
3169	3981
2315	2999
213	4043
1117	3289
1919	5132
1133	3047
2058	4828
2936	5050
3338	4347
610	1723
2735	4144
990	2520
1555	2708
1047	1435
1469	4891
2617	4784
4086	4229
2157	2775
2243	2258
1147	3610
1708	3755
519	5215
2363	3169
695	4834
2961	4066
1723	3134
3920	4008
1387	2582
3169	3883
1415	2562
663	817
1395	3169
3759	4823
700	4385
973	4451
1555	2540
2217	3191
1829	4275
695	3169
3975	4471
111	3425
1450	5234
498	1995
1532	4229
348	4623
1471	1565
1025	3888
489	2486
359	1845
610	2993
2207	3497
717	5238
4968	5085
209	4054
1400	3907
2158	2318
1481	3109
151	1555
1529	2961
244	1574
516	1574
10	1656
4678	4873
2344	2680
3960	4229
240	5154
3169	3602
3553	4663
2623	2765
423	2087
990	1734
4347	5026
1758	1780
1446	4689
2816	4692
2258	4988
2764	4981
1245	2239
1723	3503
1447	1533
1447	4406
1225	1447
1058	1080
2680	4043
1555	1713
92	191
695	3019
1533	3773
602	1133
2178	4464
3169	4892
4086	4187
1043	4116
1427	3169
191	2579
4030	4229
1076	4582
4008	4734
582	3677
2520	3689
1545	2967
1721	4803
3141	4734
446	1907
1447	1990
1802	4229
2849	2902
2113	4729
335	2641
3109	3975
276	2529
1601	2641
1493	4073
1555	2936
1094	3012
4229	4276
1447	3835
3596	3635
4986	5130
3009	3557
3877	5050
1907	5222
908	4813
1907	2234
4026	4864
489	2234
782	2797
3920	5215
3376	4695
1555	2308
941	1758
191	3203
202	5036
553	3877
4458	5017
717	1555
3755	3975
1758	1766
990	5118
803	2999
0	3363
4128	4229
599	2864
1878	2344
901	1829
3648	4229
1235	3338
908	4066
2048	3630
1065	3265
417	1166
1627	5146
2258	4967
515	4347
228	773
901	2418
581	1627
1429	4841
348	3295
1741	4168
2486	4999
2358	4813
1555	2935
2240	4556
1116	2318
301	1907
934	4981
869	1455
1019	4229
2556	4759
1746	4666
3877	5164
767	3214
1170	1481
1721	4864
4272	4784
1533	3553
549	4224
2268	3596
920	3529
1779	2033
3648	5232
3503	4663
2258	2982
2234	3889
1331	2486
1276	3984
2358	3755
1907	3448
498	2897
1565	4203
1131	1331
348	1044
730	1798
1948	4869
3169	4469
3085	4478
2957	3635
276	1574
1555	2234
2050	2899
1206	2054
3931	4586
2665	4875
1133	2064
1070	2750
1566	3088
1447	3309
1080	2773
45	2777
700	4026
1646	4841
978	4116
1170	2117
3169	4536
37	1670
877	3758
2258	2602
275	2239
1442	3169
2759	4803
1845	3758
2544	3825
3176	4363
745	1025
1206	3856
1047	4275
1469	3975
1179	3169
1555	3338
3637	4275
649	4572
3572	4967
578	1720
92	2358
2566	4205
2263	3481
1808	3169
1878	3627
628	2486
931	3368
128	1878
1133	3159
228	1347
1146	1990
2087	5184
2205	4229
1723	4224
621	2157
1803	4809
4229	4392
934	1766
1307	3553
1704	1757
550	901
3214	3458
3464	4899
1741	2579
1104	1451
1819	3566
92	2117
2234	4070
1310	1585
1273	2222
1574	4327
1565	2973
220	4275
992	4193
2695	5187
1305	4934
1708	3194
228	1653
105	4663
251	1555
3575	4537
2158	2764
3747	4116
3047	3458
2507	4229
2207	4663
251	1352
387	1025
4031	4752
1735	4873
636	3169
4229	4255
3055	3169
953	1507
4362	4363
217	1555
100	2258
2993	4771
551	1565
2486	2663
2529	4576
3502	3755
1455	2777
2665	4809
746	3169
2318	3896
1555	2755
2070	2603
1845	2641
231	3025
1116	2158
3635	4435
1721	4275
2258	4203
581	3810
1646	4729
251	4469
1149	2547
1765	4347
1400	4864
1757	2764
3169	4806
1758	4152
275	1161
4031	4093
2381	2755
1390	3637
2151	4244
1096	4864
1021	4275
969	4511
1133	1766
798	4138
612	1892
3141	4104
1723	4483
1602	2318
803	4066
229	4963
1555	2419
1799	4559
2727	2919
709	5130
113	4229
859	2462
1585	2358
3526	4597
1758	2097
1862	4763
1588	3790
700	1044
1170	4988
2486	3840
5	3049
578	1588
2381	2529
1751	1955
716	5018
1656	2570
1133	1574
3059	4138
1206	3323
1581	4270
836	1555
2076	4347
1102	1555
359	751
1129	3459
784	2456
2582	4864
1117	2656
2486	3020
1049	3306
1565	2479
1758	4317
982	4483
3627	5254
1705	5020
928	3672
784	3195
764	5085
399	1735
707	3169
605	2318
1206	1585
1517	2486
3874	5047
1803	3331
1205	1208
1374	4663
2456	3195
166	1700
491	4229
2298	2735
3672	5074
3169	3190
1708	1716
2113	2515
1469	1704
857	4752
1331	1469
1447	4698
1751	3596
1779	2808
100	1565
2956	3477
872	3295
1953	3169
263	667
240	4841
1565	4275
941	4864
191	3969
3	1472
599	2486
3426	5238
2258	3289
2318	3963
3570	3758
1878	2612
3169	3408
745	2596
582	1565
3354	4813
908	3596
1606	2200
550	2258
2824	4963
192	5154
941	1757
2617	4383
1833	3194
2358	4934
290	3834
1113	1968
1555	3421
2087	3045
2445	3602
1303	4608
37	2486
1527	2426
2540	3510
1757	4961
33	1359
2406	4333
1723	1907
2709	3323
3169	3735
3169	3636
294	4864
4100	4275
561	2318
3881	4858
1700	3109
1889	3002
279	1555
453	3834
17	934
707	3882
3235	4864
1338	1996
1301	2967
328	1779
1048	3169
465	1133
2200	2928
1542	4852
2258	4028
695	2240
461	3834
1990	3091
209	908
716	2486
191	2549
281	3892
1803	5134
4412	4752
1705	2863
156	3463
3039	3596
2490	3483
663	3637
663	1824
1758	2881
497	5153
3169	3565
1507	4447
209	2850
2536	4385
2089	4274
631	2520
2452	3803
858	2158
1265	2612
742	1159
924	3266
976	3750
2155	4216
313	3931
1179	4310
4493	4784
1072	5126
1235	2768
3920	4104
348	2349
2993	3549
1981	3877
1328	2477
2936	4891
2130	3169
270	2957
1741	4623
604	1347
92	5132
1565	3452
3216	4347
137	3260
2563	2732
3907	5124
1082	4275
1533	4128
196	2623
1439	3773
2113	4608
4107	4138
2031	2970
2474	4383
3603	4942
4841	5036
2486	4825
1895	2357
609	982
181	270
928	3445
1049	5239
1723	2452
1555	4608
525	4873
4060	4229
2089	5109
788	4899
1447	4363
1059	2263
1080	4666
1799	2665
1566	4229
3553	3931
192	1708
2739	4803
2384	2775
1041	4229
2563	3548
2396	4471
1469	2708
1469	3565
836	2318
1670	4116
1555	5112
4993	5066
1741	2780
1117	4224
717	4497
1469	3609
4229	4925
2110	4864
3275	3888
1418	4663
2663	4193
2993	5238
3510	4012
3509	4359
622	2082
1545	1758
764	2709
3694	4347
2097	2258
1697	3449
917	3285
3998	4828
549	1721
921	1919
1469	4315
1179	1741
2529	3553
3813	4275
460	2240
1170	4259
1555	4229
3153	3920
347	2877
1370	1981
773	3719
447	1741
1359	2529
3549	4201
2957	4084
244	2902
1545	1565
1469	3169
869	5056
1331	4435
717	2617
228	819
4274	4642
1493	1565
1670	3191
1365	4759
579	1466
453	489
118	2765
2542	3548
1555	4100
3578	4561
1455	4229
498	2158
3462	4784
2047	4864
3109	4229
176	1447
5154	5196
92	4220
4031	4229
1082	1868
1206	4678
1047	4111
3169	4653
839	4483
1469	2847
2877	5020
853	2970
1555	3289
2559	3459
1750	4447
878	1359
181	3366
462	4229
3086	3101
1007	3734
2956	4536
855	4347
1370	2308
311	1133
36	4229
259	2309
1469	4016
1427	2563
1469	2158
1344	2797
1344	5070
1555	2608
4136	4229
1758	3153
803	3975
3677	3834
1208	3701
953	2351
1347	3468
348	1493
139	191
2318	4043
2066	3744
2158	4043
4111	4526
1387	2935
4021	4081
2318	3998
233	2532
92	592
2612	2902
4347	4678
1907	2105
1111	3882
1529	2935
2318	4825
1080	1316
2603	4012
1493	3001
1162	1243
81	1351
4183	4539
1691	5215
334	3643
4229	5154
3635	4276
3823	4690
1494	4068
2549	3323
4841	4975
519	2422
111	901
982	1870
498	2318
1493	5184
663	1942
2113	2765
2486	3635
793	1208
1217	4354
293	4229
852	1656
2159	3169
2291	3172
4813	5052
1555	5225
1163	1455
2550	2957
2510	3147
978	1870
593	5172
2158	3546
1585	2258
209	1402
1766	2240
982	2050
1113	3565
399	700
1695	2344
2003	3169
2756	3019
3887	4327
3882	5177
976	4961
1206	4244
931	2904
1086	4102
192	3184
191	4220
251	4864
2752	4705
3570	4347
1208	3264
2304	4476
1565	4244
348	5108
707	1420
3049	4043
3109	4435
3610	4161
218	3845
3059	4698
1047	2642
1047	4942
2641	2643
3553	4070
578	5050
275	4447
294	4663
924	1217
1170	2477
113	1010
1716	3549
1585	4945
2973	4383
4239	5234
599	2326
3177	3643
1581	3165
1656	4071
872	1834
2387	3331
1133	4037
4229	4627
1609	5050
4104	4435
931	4988
3920	4321
3025	5133
4229	4347
4276	4347
191	1745
592	2258
1307	1859
3169	4945
348	4229
2110	4740
218	335
3169	4736
878	1204
1506	3877
1555	1989
3009	3636
2318	4666
1170	1555
2089	4642
2069	2224
3709	4229
191	2486
921	3648
36	3617
339	1878
1927	2542
213	2680
3338	3390
3834	4075
2151	4608
1170	1435
711	1870
1331	3975
1758	5184
195	3169
2486	5050
2528	5017
1562	4229
251	3877
700	1655
1105	3548
92	3277
2097	4229
347	4310
2104	4229
1338	2318
273	1798
3159	4229
2529	4183
2058	3472
191	4627
3882	4608
1757	2479
990	3689
1708	3572
3109	4963
3338	3739
1627	1919
36	275
878	4075
1555	1995
3044	3169
213	3627
1625	3605
931	2357
550	4275
4229	4297
1507	4224
839	3890
1455	1824
3295	4229
1751	2862
549	800
2752	2919
2315	3109
2207	3195
191	716
1134	2775
2486	5118
350	4736
610	3323
3997	4864
2499	4229
4469	4813
1606	3169
1447	4663
92	618
1131	3917
610	4311
4010	4229
1235	4028
4031	5132
955	3169
191	1655
1338	3998
276	1907
2544	4988
656	5161
276	4663
1170	4010
2223	3627
2076	5215
3009	4775
4229	4934
1129	3630
1170	1211
2757	4476
1420	3169
1533	2579
566	1723
2595	4229
1734	4807
1185	1435
1021	2603
1151	3458
1370	2200
3266	4763
799	4608
1166	1775
3402	4530
294	2068
3810	4412
566	2361
3018	4229
1653	4864
92	3338
4497	5196
209	3565
196	1555
2258	4567
23	1225
498	5215
576	2520
238	4229
1133	5050
4229	5083
1907	4142
3169	3421
1179	1627
3141	4435
45	176
2525	4157
1513	4229
609	3755
1219	3802
1766	3960
4054	4113
3169	4582
3449	3773
45	2258
1141	4315
1469	1779
583	1166
1533	5232
2850	4270
1493	2158
3085	4981
262	4759
830	2110
1695	5112
2451	2759
218	2928
2756	4663
1133	4746
1799	4073
2157	2902
3295	3426
1133	3853
2869	4412
2158	2765
1705	5094
1656	1860
2896	3039
4864	4879
839	3169
1723	4037
2717	3562
2563	4698
202	3169
2058	3548
4043	4272
1210	2756
718	4615
2544	3206
191	5107
928	2529
1670	4048
992	4030
440	764
2031	2113
2050	2207
3025	3169
2616	4462
348	2897
2158	4736
553	4347
267	4943
1486	4030
3602	4552
4813	4838
4554	5009
549	4327
781	3510
3323	3578
3812	4229
3131	4491
4263	4582
1878	2902
553	3426
1338	3963
3448	4478
4259	4864
3359	4347
3	3363
3817	4014
453	3169
602	1331
111	4275
1555	2031
2315	3920
2050	3044
4320	4752
1656	2418
1758	4117
2967	3901
1663	2068
2575	4229
3459	4740
10	2134
218	2965
1889	3295
830	2358
1447	3522
17	4576
1723	4164
1472	1723
3359	3578
819	1942
3401	4463
1602	3963
2542	4554
3297	4839
3019	4012
4239	4490
1868	5081
1554	4705
1447	3873
1889	3007
2158	4066
1353	1878
2838	3643
3169	3963
583	1338
146	2549
2043	5072
1555	4864
2486	2847
3972	4656
2104	2902
1892	4191
3109	4734
4229	5035
2579	2595
1670	2999
348	3359
1942	2603
1025	4537
4030	4561
561	3553
1833	1919
3572	4347
3877	4347
2756	3631
2318	4608
118	2158
4229	4961
1565	4737
511	2617
903	4642
1878	1981
244	3627
2727	5250
453	3458
1025	4383
631	1007
3549	3920
3609	4116
2318	3338
1777	4809
2017	4941
515	5148
1133	3559
359	4776
1070	3459
2515	5133
2245	2422
740	4864
1047	2258
1757	3141
2239	5018
3877	4395
2318	2656
74	982
1469	4107
4066	4608
1469	5145
1131	3169
302	1390
1129	2559
1211	1339
3216	5035
3758	4385
1766	1913
1555	1603
2282	2432
2087	4469
4347	4497
2747	3957
1758	4710
4229	5139
2050	4526
1469	1780
2068	2154
3528	3975
3169	3987
359	2665
3255	4031
3975	4734
2515	3998
2258	2776
1305	3656
3458	3759
236	4235
1206	3354
302	3331
1429	3206
2869	3323
137	4803
1555	3354
549	3673
1206	4168
1757	2159
498	1741
2914	5020
92	1968
3557	3937
1420	2515
1626	4864
1907	3920
279	4899
561	2755
636	2902
17	2529
1133	5164
3191	3755
2946	4229
490	1343
29	1565
246	3169
3596	3920
1542	4752
1886	3169
348	1331
2358	4873
2284	3881
1493	2989
2617	4852
2486	4315
1078	2573
4071	4275
1179	5146
734	3575
1517	2983
4752	5118
1352	4608
2590	4113
2219	3323
1111	1166
943	2623
855	1010
3323	3528
1506	5172
2451	3144
687	1133
1211	1889
2595	4259
3548	5130
1170	2850
3975	4846
876	3025
4168	5203
28	4101
631	1870
1766	2608
1418	3019
1856	4229
668	4229
339	3627
2207	3553
803	3781
350	2318
1779	3503
2318	4016
3979	4993
610	1211
2656	2822
4075	4429
1881	1928
553	1134
2381	3503
1907	2989
707	1609
3386	4447
453	3240
18	3323
2714	3565
709	1571
191	4183
15	4537
1080	3177
581	5146
1758	4263
1723	4229
1089	4850
1529	4229
3191	4008
231	290
1565	3615
2486	3059
1493	1555
675	2258
2869	4229
990	3402
1166	5177
100	1527
3101	4229
1670	2043
2298	4970
1166	2970
1418	4436
209	3755
111	2065
2309	4229
2708	3623
22	4554
2066	5035
819	1555
2058	4746
377	3169
707	2113
3976	4963
2258	4582
1170	4229
2087	4213
2308	3281
656	4229
599	2881
1542	2069
1469	1995
37	1469
1588	1780
240	3840
1833	5132
1469	1990
4543	5114
1995	2158
2612	3169
1555	1628
1907	3643
2559	4113
908	1574
868	1159
1704	1741
709	4275
700	2462
4150	4229
1265	2902
2050	4030
251	4443
2063	3025
3216	4435
1758	3856
348	5050
1581	4846
92	976
1723	2641
1133	4083
3019	4229
1455	4787
1451	2881
3255	4627
15	1455
417	4608
2349	4229
2158	2970
1033	2709
181	3548
3835	4803
1574	2089
275	1870
540	3313
3496	4943
1481	3596
941	1415
1493	4347
1704	4734
1854	2773
1708	3920
2605	4275
3321	4385
2222	2500
1347	1942
212	1555
3602	4447
1608	2863
1625	4579
1235	4627
2244	4838
3039	4864
602	2486
281	3881
1039	3265
1047	1206
2641	3281
1020	4784
4229	5203
1276	5153
281	3917
1402	4104
2258	3141
940	1555
1663	5146
92	1439
2524	3627
1387	3352
931	1931
906	3376
1780	3044
552	1420
941	5020
2579	4128
4066	4116
359	1273
209	2158
1447	4472
2318	4652
1010	1455
192	4347
141	1206
2850	3755
1819	4530
328	5215
2258	3354
908	1670
2663	5132
515	1780
2087	4625
1303	5063
2363	4385
992	1429
1833	3596
1862	3266
1988	5172
453	934
2157	4736
3643	3917
2050	3896
1513	2735
453	4244
602	3572
1799	4999
3755	4116
44	2486
1545	4864
550	4331
3896	5154
3206	4864
2315	4471
1780	3596
3323	4104
940	1524
3216	4116
1133	2417
1718	1780
2993	3169
1608	2451
1133	2048
22	4193
3982	4624
2486	4852
4113	4892
1723	5177
1585	3477
1135	1868
1888	3169
1331	3169
1656	3785
4864	4961
2311	4229
864	3321
4043	4899
3843	4288
2881	4075
3194	4412
5026	5161
2349	2486
156	3101
1555	4016
2617	4497
328	1565
1578	2258
583	1646
3359	4116
2596	5154
1723	2451
2540	4438
2298	3169
410	3169
3165	4008
622	1581
3169	4781
943	4440
2462	4282
2364	2595
2154	3723
2847	2850
1044	5215
667	3515
118	4054
934	3984
2755	3363
920	4229
593	1111
745	1555
1708	3359
2258	4272
5020	5061
209	4066
2207	4071
191	1206
2544	5154
2117	2311
1104	4999
2850	2862
773	1942
886	2665
1555	3669
2158	4054
3077	3169
3165	4275
1758	4926
3109	4008
4056	4275
2550	3501
399	5062
1757	2582
2573	5094
2406	4229
1928	4048
1270	5118
2279	4975
1565	3173
2305	3515
1739	3169
2970	3963
1656	3462
908	5225
3306	4275
17	251
290	1907
1565	2418
1720	3339
1111	4084
4229	5121
2048	3376
5133	5250
1555	3596
2048	2559
3877	4041
4698	5020
2970	3669
837	4229
2089	5228
192	2595
1265	3843
2776	3169
1670	4229
2901	3169
636	2104
2956	4663
847	2113
3169	4287
92	2069
4111	4498
1273	4999
1146	3354
2850	4471
2999	3609
4207	4572
4229	4710
961	3260
2563	3825
118	196
2158	3669
1010	2003
3073	4229
1913	3960
1712	3526
55	5020
2899	4128
602	2850
1377	2406
213	3206
4229	4608
992	1838
3169	3888
4391	4483
4383	4986
1741	3141
2617	4600
1204	4751
2876	3637
1942	3739
516	5215
3169	4307
2486	4615
1927	3548
2373	2456
2089	3548
105	4385
700	1990
1430	1493
37	1741
2510	2641
2075	3169
2764	2776
209	2315
2967	4383
1179	3810
2381	4229
1695	2510
2895	4412
440	2902
417	4838
4229	4323
3169	4385
1627	5132
599	4447
3338	4846
2510	2761
1010	4659
2862	3058
2922	3101
707	2158
191	4229
4169	4275
1590	4012
2258	4070
1113	3682
1988	3169
1990	5215
478	2709
2540	2708
276	4841
2201	5250
4229	5234
2486	2579
1565	3425
515	3962
1133	2113
707	853
2158	3570
4852	5118
943	2829
1565	2901
447	920
2349	4705
447	4496
610	1151
1447	2974
3572	4031
1352	4812
602	3191
2258	3982
447	3240
2043	2850
2765	5244
4229	4479
105	2756
2603	5184
622	1555
4157	4647
1331	4104
2240	2292
276	2087
2240	4315
467	3169
908	2486
1133	4183
2832	5090
920	2486
1720	4229
745	1532
1507	1942
3673	4734
1705	4528
139	4561
764	2677
1656	3887
4383	4554
2318	2897
1565	1942
1468	4864
1981	2083
2012	2318
3509	3629
1466	2573
824	2406
552	1723
281	1996
1602	5177
105	3169
2158	3001
1276	4276
2154	5244
1131	1745
781	870
2542	4041
3548	4805
3109	5126
2258	3309
853	2869
1870	2304
1757	1860
525	4412
2891	4229
231	2789
550	4229
593	1655
330	5161
1506	1646
2603	3920
2573	5050
553	4771
859	2451
240	1339
3339	4030
1469	1601
350	2158
1369	3755
1606	3281
1442	2318
618	1758
2351	5094
4229	4524
1352	4347
1369	2983
1734	4031
468	2410
690	4229
618	3682
2154	4153
2017	4229
4412	5146
2258	2700
2158	3636
1338	1420
1273	2313
2822	4539
906	4586
1153	1868
177	2665
2461	3548
1907	4970
92	1194
920	3601
711	2875
3790	4041
1469	3877
3603	4229
1588	3877
1469	3191
954	4690
3313	4229
119	1070
920	1481
4347	4813
1942	4864
1529	4803
5	4582
2154	5056
1829	2520
1585	2970
1663	3601
1663	3240
711	2486
1307	1845
465	4229
882	5153
742	4879
690	4347
2419	3169
4270	4347
510	4864
672	1570
4176	5153
4891	5154
1469	2850
1720	2486
2318	3214
2158	3649
2258	2718
751	3169
2258	2479
1435	2486
4478	4666
525	3601
2755	3169
799	2318
4229	4435
1370	1878
177	2158
713	982
4864	5172
622	4608
931	3123
553	1344
3888	4597
859	1995
3169	4201
1988	4275
3331	4068
4026	5062
399	1919
1331	4008
1739	4440
2164	3643
22	331
1133	5155
788	3255
1179	4656
610	1889
3755	4734
3058	3920
943	1697
1270	4752
1338	3022
166	1469
1169	1996
966	1965
2451	4347
118	3171
1780	2603
1113	3338
1276	4385
897	3282
92	4229
2541	3426
1942	4471
4138	4698
231	489
1570	4841
4079	4446
3142	4229
4476	4999
1758	4627
3169	4628
3019	3744
3635	4347
1656	2901
599	1697
2063	4443
209	3216
1080	3553
1680	3835
3169	3782
473	3630
745	1206
3858	4984
1533	5050
92	2520
489	4153
2104	2358
4281	4608
738	1435
244	1166
3025	3689
1494	2364
2240	4081
37	1581
118	1080
3141	3755
2665	4479
3566	4031
2361	5020
177	745
3395	3496
1758	5130
990	4220
26	1700
2205	3631
209	4321
1603	5124
267	1133
347	5146
166	4608
436	1980
191	2219
1070	1685
1387	3169
1369	4144
2765	3001
447	1481
1104	2732
1010	3907
1147	4255
3153	3562
3509	3643
2863	4157
1555	3077
847	1860
2567	2646
3169	4776
202	1601
2047	2258
700	2717
3359	4229
1197	3000
3873	4229
745	1777
2070	2258
2385	3637
3091	5132
2358	4383
2158	2708
516	819
190	3823
1338	3438
4663	4710
579	5148
1723	3459
2486	3755
827	3019
2846	3015
309	1331
1656	2914
2879	4229
2069	4229
1111	1555
2043	4104
3169	5026
2154	4104
621	4775
203	3169
540	2456
1265	5049
1387	1923
707	5056
3015	3323
2318	3649
191	844
1574	5167
92	2065
564	4458
1369	2258
231	717
4198	4253
655	3169
1718	4825
622	2540
2709	2850
2315	4104
1555	3146
3982	4864
2054	3169
1990	2068
3210	3549
2604	2775
1113	3109
631	5020
2068	5050
745	3843
3674	4582
2524	4229
2595	5133
275	5130
1533	3623
1565	2617
1780	2258
1435	4111
205	839
583	1111
449	489
52	819
3169	4471
3308	3834
1741	4496
3615	4229
700	1555
595	4608
2704	2748
848	903
2064	3169
1442	2902
1151	1938
566	4868
2258	2544
2486	2750
1166	3963
2358	3920
3881	4963
209	3975
3843	4579
265	4961
2582	3834
3354	3840
1874	3790
1792	4497
142	1555
1082	2064
2919	2980
231	553
209	2117
5056	5232
2904	4988
3222	5118
2089	2406
1565	4028
1303	3169
1555	3877
1995	2897
2486	3565
33	5215
1270	5109
713	921
3920	4255
2728	4275
2824	4970
2065	3578
2263	2344
2048	2075
228	491
3975	4008
3963	4608
4102	5107
1588	3773
19	3221
485	3548
1708	4107
707	5090
1741	5146
2700	4366
1780	1881
1608	5056
1554	4998
1963	2258
663	5081
139	2065
1273	3888
4984	5250
1695	2358
22	709
672	4490
1928	2358
1697	5056
92	1331
244	751
1685	2486
707	4229
1716	2993
2752	4963
110	2857
1555	2765
1469	3840
2881	4447
2357	3425
2789	4021
549	2158
859	2164
1113	3920
1555	2151
1273	3169
4282	4864
478	2157
2358	2812
118	4347
118	2486
196	629
3000	4478
1469	3177
2582	4275
928	2935
4479	4776
3596	4229
1276	1878
3424	4026
37	348
2622	4676
1409	1623
2486	4153
1125	3366
3987	4970
2980	3449
1890	2993
727	3513
2623	4471
3459	5148
1565	4967
4012	4476
2544	2563
3858	4705
2602	4864
1747	4695
1741	4582
1566	1870
4536	4784
491	2158
745	1723
908	1402
92	2757
1968	4116
1276	2612
3596	5225
181	1907
1469	2897
2358	3744
992	1506
3643	4803
1574	5063
1759	4259
578	1527
4663	5232
3049	4875
4627	4864
1601	4887
191	2935
1170	3596
212	1527
1493	3146
901	1455
3165	3453
1656	1778
961	2114
152	4116
700	1718
196	982
1571	2258
2114	3260
4132	4229
2970	5050
2240	5132
1741	3848
1235	3808
618	4229
3307	4275
922	1741
756	1723
553	4116
1627	4864
417	2031
745	3928
2787	3678
917	1988
1107	4102
3279	4037
593	1646
449	3596
663	819
191	1874
1708	4350
855	1113
3883	4359
1208	2354
4864	5222
1219	4842
2515	5172
2510	3701
598	1574
3169	4923
36	2258
581	1919
1555	3177
687	1585
3338	4229
2068	3018
3323	4838
4347	4734
4229	4451
3222	4729
2486	3640
1276	3265
17	3019
1990	3964
1741	2781
2117	4229
3602	5092
564	607
105	2536
1070	2486
1735	1741
2604	4229
803	2486
17	3960
2962	4229
631	3165
4656	5062
920	4412
191	3566
92	859
1657	3512
3144	3359
4698	5164
1625	4595
3321	3637
836	3877
1420	3998
1646	4988
1455	2358
1874	3220
1705	2026
2151	2158
1758	4028
229	1555
4244	4275
921	2579
2318	2608
3338	3975
1025	1777
1494	1555
519	2245
707	1469
903	2406
2234	2486
3019	3121
1646	4229
1153	2354
1469	2396
3012	4993
1919	4412
1777	5151
1741	3920
1066	3553
28	3617
209	5196
2064	3366
1268	4083
2608	4608
1627	5062
2178	3321
2258	4117
3892	4229
2158	4663
3169	3928
1235	3483
2452	2642
244	2765
251	2158
2772	4229
1803	2387
329	1565
1533	2318
3462	4263
1208	1662
3334	5072
1758	2982
3266	3490
294	1697
3096	4656
3169	3309
2315	3191
1310	1691
446	1555
2850	2999
1176	3618
156	1718
578	1734
1700	2850
778	3146
1697	3493
3039	3293
304	4229
192	2752
961	1226
1870	3255
920	2877
1166	1609
1995	2065
847	3981
240	872
1089	2406
4275	5137
3549	4642
519	2387
4100	4864
2308	3241
1741	3448
2410	3830
1700	2217
718	1779
516	2595
1427	4116
661	2258
1235	2484
583	2318
1469	1968
3548	3549
1555	3449
1235	4075
473	3023
1369	2158
2879	3159
1494	1723
773	3169
2487	2970
852	3134
4478	5018
1780	2549
2739	3169
3123	3169
3169	4539
1829	4803
1533	3331
986	2311
4229	4471
2017	4642
191	3776
1472	1565
453	4864
1469	4270
3405	4229
700	5215
2486	4276
3840	4443
1938	4275
2486	3464
2486	4539
449	1493
1881	3596
449	1758
1447	3019
1780	4116
491	819
330	3682
1222	4333
1135	5240
417	4030
1697	3462
2999	3534
3847	4383
1352	1741
498	2617
2562	3458
2681	2723
1554	3602
2270	3144
1525	4864
1850	4608
399	4873
2176	4989
2087	4807
2158	3025
950	4955
1270	4864
1113	2936
3	2857
1704	2358
92	4838
2031	4729
2158	3565
1338	1506
595	2318
4054	4234
3834	4438
3169	3786
2451	3017
2729	4602
4201	4229
1004	3626
2914	4784
1747	3592
37	4347
3293	3596
1426	4864
1870	4168
2603	4070
1072	2158
3169	3803
1206	2864
672	4207
3548	3623
3975	4350
3025	4207
2012	4608
1469	3803
399	2050
1133	3883
1878	5251
1317	4363
4803	5020
2113	3669
672	1998
139	3578
1989	2318
1303	1555
2559	3883
707	4729
1555	2033
17	1574
2573	5144
663	3803
2486	4207
978	4239
209	3338
3281	3723
2258	3399
292	3496
1133	4663
2728	4467
1780	4608
2058	3553
2248	2284
2068	3601
1176	2486
1344	1657
2104	3169
1757	3389
906	4487
3509	4627
882	2601
2836	3548
335	3169
2532	3548
3169	3279
2158	2717
716	934
2113	3546
2922	3843
2869	3169
209	2486
1574	3260
1587	2863
3660	5104
1758	2219
525	2777
764	2222
3359	4224
2158	3169
1723	3376
2936	4471
4608	4861
921	3630
3146	3169
92	3425
3643	4746
1655	1988
202	3472
1997	4239
166	2936
4229	4809
4784	4871
2714	2850
1206	2849
2750	5132
1765	3558
2559	2764
1554	4229
387	3169
1197	4207
622	2903
363	722
3931	5215
52	2869
4383	4478
181	2957
2087	4869
1369	4347
864	3526
1107	2477
1720	4030
1656	2062
1555	2759
1587	1705
602	3755
1146	1718
1995	2477
2260	3169
1533	5056
2549	4235
2157	5049
682	1339
2258	2914
2529	3596
819	5036
3323	4550
1998	4490
599	2718
1758	2773
4043	4582
3648	4031
1204	1455
231	1435
1310	1338
399	4412
3295	3931
449	2234
3203	3553
3169	4137
191	3529
2529	4026
908	1995
236	4838
561	4101
2117	3677
2154	3425
1197	3141
1758	4986
2102	4107
18	711
2268	4974
1402	2486
92	3969
336	1200
2047	5020
1655	5172
1235	2764
2641	3169
498	3169
3534	4229
2656	3408
15	3169
1369	4608
2660	2957
1331	4229
839	3781
1423	4443
1162	1206
2315	3548
81	3169
2012	3165
2755	3503
4104	4229
2762	3998
2158	4777
2641	3674
367	3169
2291	3874
4331	4347
1588	3464
1656	2700
2970	3882
717	4144
2777	3039
2536	3054
1125	4864
827	2756
1361	1758
700	2258
1089	4941
270	5134
1585	4259
3920	4347
218	2200
3169	5178
982	3240
3146	5215
2263	5112
2776	2980
882	1426
4834	4928
1007	1892
1481	4496
1766	2881
3000	3976
599	934
1980	5030
3165	3575
823	4703
1758	4967
2318	3309
1447	4613
2486	3458
1352	1555
196	2113
3976	5074
2536	2540
1745	2919
3169	4252
329	4142
2344	2849
2217	3141
2542	3549
3464	5118
1700	4435
711	2258
713	3306
2617	5035
4028	4478
1868	2881
908	1070
92	3975
1447	2243
3565	4229
4054	4347
371	4068
3570	4385
118	5215
786	3169
177	4537
690	1469
209	3169
33	2065
1426	1447
2258	3673
2595	4999
2318	3025
3169	4281
1780	3091
1998	4784
2999	3739
1344	2486
3055	4803
2406	4274
3169	4875
1907	2605
141	599
2797	5207
45	525
1225	3169
2967	4187
2617	3426
29	4783
1533	1895
1700	4734
716	3457
3509	3877
1708	3975
259	3739
3528	4229
2419	3843
931	1166
609	1775
2056	4963
622	4347
3169	4423
2258	4026
196	3077
191	259
1329	2486
92	1708
2935	3643
151	4229
2957	3981
1942	2258
767	839
378	4113
55	1347
566	1469
1565	4552
36	1016
3169	3379
3553	3920
982	2946
2258	3782
631	2559
336	4688
1206	1572
4864	5205
2396	4229
2217	4104
3773	5132
1757	3217
3109	4205
2304	4999
1469	5035
1758	3975
2603	5143
1159	1206
4608	5062
609	3425
2258	5184
28	4841
3376	4329
943	3449
1627	4412
2311	3755
1555	4528
1400	4854
592	1723
649	3169
1469	1765
3557	4229
1585	3470
2043	5035
966	2777
3449	4511
1555	4710
1429	1775
579	953
2618	2756
2445	4275
1656	3627
610	1004
26	4104
1574	1657
1382	1555
990	4276
1447	3962
1270	4526
2332	3368
424	1316
1741	3969
2862	4435
28	4967
1447	4521
2746	3643
1133	1759
579	2573
1170	3689
2221	3019
3169	3716
37	1718
3134	4111
63	4229
892	1466
1206	3627
5	3526
74	3592
1080	3964
1206	3592
1206	1907
1131	3109
1542	4320
259	2486
2258	5196
1352	5052
1447	4554
1571	1578
1628	3169
1493	3359
1126	2357
4043	4385
1555	3798
196	1307
37	1585
4315	4841
2663	4229
1447	2311
1217	4993
156	3169
1731	5203
2358	3847
496	1546
191	4372
3323	3907
2165	5050
1310	1581
5203	5238
3690	4229
1931	3825
1555	1588
3877	4967
1307	4229
1712	3321
764	3843
3338	3896
460	2358
2381	4070
1533	4244
1211	4632
599	1129
1777	3719
663	2608
142	3395
700	3892
3169	3553
583	605
976	4275
2507	4838
156	4116
3458	4229
3835	3907
1021	2462
29	4275
2718	3169
1995	4229
2064	4613
1878	5112
1574	3366
745	2641
347	1627
1492	1565
3191	3572
3216	4608
2542	3169
592	4961
1402	1469
1383	2677
618	2258
4066	4347
3169	4887
1697	5232
1799	2756
2069	4320
2902	3206
4225	4321
2957	3425
938	4656
2023	4341
4066	4471
917	1007
1741	3813
1533	4243
1571	4354
1555	1990
1868	5037
2850	3216
4128	4864
3672	3892
209	4229
3169	3677
1273	1301
2094	3051
961	3015
823	1555
4023	4229
973	4614
1741	4102
1914	2818
447	4229
4671	5081
1331	4471
2869	3776
5012	5132
3169	4907
192	1581
2158	2656
672	4321
313	4229
137	961
4229	4602
2318	5177
3206	5112
1758	1968
275	1129
1338	1427
1173	3012
428	787
3359	3463
2935	3146
579	1988
2656	2727
1529	2258
3858	4446
3049	3526
1708	4852
519	928
1344	3084
52	3929
1670	5035
1418	4012
1047	3210
906	2164
1907	4777
2064	4625
191	236
713	2164
1117	2719
209	803
3426	3931
1995	3225
2421	4229
17	4329
2755	4663
2847	4229
1352	4689
3637	5222
347	1338
1850	2486
1585	1646
1723	1859
1133	3512
3109	3820
1758	1781
92	2663
251	3169
1080	4391
2318	2954
2850	5035
803	2117
920	1270
251	3840
3575	4385
3823	4030
2043	3755
1990	4116
213	1059
399	4026
2904	3825
2063	3169
515	519
1007	3169
2117	5154
218	3077
2850	4229
1456	2291
3565	4270
3546	5177
1555	4302
2528	4029
3282	3637
2312	4631
1102	3376
2764	4671
3526	4537
934	4999
1603	3146
839	3045
1838	3562
773	5036
516	4383
1919	5062
2234	4981
2200	2641
4736	5049
4864	5247
4073	4784
1766	2451
1469	3781
243	2700
3323	3558
3169	3599
1427	4144
1718	3596
348	3937
934	4229
1646	4608
1089	3849
717	1469
525	2068
17	695
2795	3755
251	3354
3169	3546
2222	2524
1646	3546
1469	4471
1366	2756
3323	4229
209	1338
1010	4331
2961	3334
3469	4873
1850	2318
461	3548
3177	3553
4235	4838
2298	2318
1569	4229
707	1435
251	348
3165	4229
1555	4113
870	3843
764	1994
2850	3109
2797	4784
3169	4383
2601	4892
92	3790
1602	4729
3509	4012
1353	1555
2089	3877
1655	5062
2663	4320
330	1380
2903	3643
3630	5062
853	2623
938	4244
36	1685
1113	4008
1562	4107
2486	4813
1507	5207
2087	4663
931	2732
3210	4150
1524	3141
2113	3169
2515	2970
2486	3512
111	290
290	1555
1766	2529
2050	2897
2529	2956
1646	5062
2158	4891
348	3255
1782	4864
897	1587
1938	2258
290	1435
2596	3928
3536	4083
707	2031
2234	3635
329	1153
2050	4003
3810	4873
418	4275
3462	4243
92	1466
640	2999
803	3528
788	2935
37	3920
516	2486
4229	4632
294	1758
3937	5215
142	2008
4128	4220
1080	3976
3170	4483
417	5177
37	1352
417	707
2902	5254
33	2282
3289	4347
1016	2602
1878	2200
326	4253
92	2623
992	5062
4093	5107
767	1004
37	4229
1735	4310
1206	4552
57	2850
1571	3276
373	3553
988	5173
2422	3960
118	2349
142	2113
1914	2904
2709	4580
4229	4748
906	1513
595	1555
3610	4229
1777	4041
853	2700
4864	5109
735	1697
1779	3055
2582	2704
2315	4967
2065	3572
118	3169
2069	3790
2864	4229
156	2332
1697	4536
1507	2881
3169	4315
1568	4864
1170	3123
2967	2980
243	745
1533	3177
191	1780
878	992
938	3331
1581	3565
3169	4432
2158	3790
177	1777
1574	5232
582	934
928	4608
3549	4809
2451	3285
348	2970
1907	4117
218	2641
1455	2896
3566	3917
2881	4823
1757	4168
870	4229
2486	4600
4086	4981
423	1338
3449	3755
788	3548
1734	2486
2033	3146
3331	3877
618	1206
4483	4867
1741	2756
1369	1469
2358	5172
3648	4372
1021	2207
709	3548
622	4471
1819	2529
1265	3605
151	2087
2358	2547
2957	3998
1581	5196
2065	3790
1076	4537
2570	4864
2417	2567
2003	2810
2036	3109
945	3750
1723	4608
3558	4967
1981	4244
36	2797
1517	2756
515	5196
1113	4347
2961	3055
945	4229
1856	2601
1859	1948
2217	2850
672	4572
2358	3483
4008	4350
329	1082
2263	3206
700	4698
80	5254
4347	4861
4229	4430
191	1493
5066	5207
1981	3241
1735	4412
3472	5035
276	1758
1111	2031
3216	3920
371	1718
1270	4320
243	1574
1420	5172
2207	3920
2757	4229
148	1104
3546	4070
3744	4275
3232	4803
3548	4608
2709	2849
1447	4128
4107	5130
2223	3169
2050	3012
1211	4311
4383	4864
460	4168
1331	3572
3907	4710
3617	5012
348	2663
339	2263
1455	3169
2901	3907
32	1455
3188	4229
3169	5081
1532	1555
2207	3654
2240	4879
1998	5148
3015	4232
2486	3937
2240	4663
1585	3091
2524	4736
1697	4784
1926	5250
2244	3109
1780	4372
2219	4102
515	4144
3017	4678
3626	5238
3169	4608
2154	2914
4229	4907
1833	5215
371	2486
2089	4941
1025	4653
3165	3975
1059	2680
290	1527
1338	3169
92	2048
1741	2373
191	4561
1758	3173
745	3260
156	2922
700	1469
3907	4010
4100	4803
1106	3169
1824	2258
5062	5109
1469	3146
1601	4232
2318	2789
304	1683
1080	3049
118	1555
2058	4597
1741	2105
276	2240
4229	4705
1555	3562
192	2158
1513	2486
3019	4436
1206	1455
4358	4864
1507	4852
3426	3626
181	4993
1574	2297
3044	4031
2158	2311
270	2583
1010	3957
2318	3448
1585	4010
2012	4663
836	4347
1555	1670
33	610
1704	4521
2850	4734
4104	4270
1170	1968
223	4229
2304	3509
118	1767
1206	3723
1638	1705
1697	4229
1423	1741
192	2318
491	1942
1111	2158
4037	4623
773	4459
1185	2869
37	5215
2775	3601
4063	4275
1111	2318
707	1506
2033	2573
1070	1344
276	4963
2062	3169
3341	3982
137	2114
156	4873
1555	3575
1166	2318
1555	2761
2603	4458
492	3169
2410	4891
718	4663
453	582
3509	4191
1741	4729
788	4783
3169	4110
423	4493
4320	5062
1395	1555
940	3623
3169	4229
3359	5203
1020	3044
982	4685
1757	1938
236	992
1353	3169
26	4229
2048	3589
1317	4656
3323	4128
3425	4784
1782	2258
4229	4861
4093	4961
803	4104
3169	5124
1338	2164
824	4941
1968	3359
5108	5206
4229	4338
3170	3669
921	4412
377	986
357	1080
473	3169
1708	2881
547	2089
209	1469
1942	5215
858	3169
1609	5177
1076	3321
764	1878
2358	4137
4239	5052
2714	4347
339	1033
2043	4229
700	3515
92	4939
561	4663
3636	4783
492	2546
3169	5244
2445	4803
2849	3643
1165	2795
1585	3001
992	3566
1395	4229
4243	5215
236	3744
4086	4993
1331	1555
1574	4663
329	2354
2812	4873
906	3368
2727	3917
2201	2258
3169	5047
847	3169
1565	3045
1565	2656
1424	3169
1469	3534
2902	3169
1602	3669
3173	3602
2559	3825
1082	1758
2240	2641
1104	2292
2157	3843
259	3323
865	2936
4101	5232
2559	3963
1700	3191
3169	5218
990	2579
1555	5172
2891	3355
3781	4572
4275	4487
667	3091
1339	1834
3470	3562
2258	4710
3596	5132
938	1803
1084	2604
4600	5232
1708	4467
986	4868
618	656
4496	5062
3531	4999
1868	3599
3195	3390
1493	3785
1310	2500
1878	3723
453	2764
1555	2714
2596	3472
453	2234
3169	4914
713	3744
3477	4663
492	3240
2935	4623
649	4169
1555	1981
478	1316
1741	4873
2946	3376
553	717
663	3190
1510	2698
1745	4803
17	4229
92	990
440	4113
2358	4551
1338	2625
3775	4229
2486	3359
244	610
1390	1555
1235	2486
561	1574
1080	4469
1316	2617
191	1657
209	3549
3849	4941
218	711
4004	4297
1695	3654
1565	2764
583	1602
4066	5035
764	1236
3834	3976
3773	4838
29	564
498	553
4128	5107
2490	4253
3509	4476
695	2203
707	4476
717	4347
3216	4471
819	2075
2788	3169
1338	2970
876	3835
2260	4864
3169	3303
3170	5172
2897	5215
1338	4729
2258	2789
2477	4864
1080	3501
276	2207
2087	4572
3306	4228
4975	5081
2114	4537
928	1555
540	5137
1907	2445
3856	4275
2486	3747
1270	2219
1162	2617
3153	4010
3255	4275
3368	4487
864	4875
4157	5232
339	827
2772	3023
1919	5146
1242	5247
209	2318
1352	3643
1206	4873
2358	4276
4054	4443
1455	2486
1025	3169
29	788
273	3830
3449	4372
191	1585
1859	2957
4784	5063
1723	3976
166	4229
222	309
1033	3843
1420	3669
1663	4873
1555	3015
52	1347
740	2207
1533	4102
3602	4841
1159	1704
1862	3490
592	4663
2158	2954
511	764
1603	3306
2258	2881
3658	4229
1568	4259
817	2451
1904	4698
1206	5232
177	387
1469	3323
191	3044
191	3739
1469	3216
1758	4429
2311	2486
2318	3001
92	2219
240	4224
1581	3323
2697	2840
1735	4656
4623	5154
2499	3282
3044	3464
1747	4229
423	1780
853	5172
707	2515
745	1106
1196	1310
2989	4275
610	5030
2797	3889
1133	1657
2043	3109
1555	3279
1236	2424
2065	3277
1019	3169
824	2967
231	1890
1304	3790
4229	4932
1588	1720
2563	2904
1439	3323
906	4275
1555	4600
3463	4054
1691	2043
2951	4784
3928	5154
3605	3843
599	1344
1086	1455
1874	4275
4229	4483
2787	4839
2017	4274
2967	4229
213	2344
4579	4595
583	1555
1469	5215
824	4274
3725	4537
1235	1309
2881	4052
3682	5026
2329	4483
1627	4873
738	4111
347	700
1656	2849
3169	3170
2031	4229
700	2957
700	3964
1656	2445
1270	1627
2731	3058
1716	3426
1186	2770
749	4116
1919	4627
2207	4970
1089	1377
2735	4075
773	2223
4193	5132
966	1455
1565	3217
1565	4926
1080	4229
3635	4205
1704	1781
870	1265
515	1469
92	4030
583	593
3896	5215
1048	2158
2222	3019
2219	2579
348	5052
2081	3907
3929	4275
2159	4229
3195	4275
2822	3637
2733	4275
1585	3635
2033	4101
192	3954
92	4435
990	2358
1469	1527
2113	2158
4331	4660
3553	4101
2544	3896
4864	4926
990	2069
1303	2573
844	2603
2510	3843
940	1194
966	3039
4229	4552
3169	3723
727	4864
931	1111
3387	4873
1310	1352
1146	3596
202	2205
2732	5030
1133	5232
717	2158
453	4075
870	4608
2748	4229
561	4817
498	2050
4710	4963
1265	2344
92	236
2500	3755
4054	4086
3169	3321
1044	4435
1565	4358
2033	3169
1588	3339
1919	4698
1206	2324
509	3169
799	3354
475	4229
3448	4608
859	990
2775	4777
564	2070
1102	2318
803	2850
3169	4528
1206	2718
1537	1868
218	1995
1555	2829
1555	2980
23	3169
579	3529
3149	4446
3376	3877
2304	4663
22	1907
4597	4887
1506	2989
1850	2999
4111	5196
2708	3635
1469	2451
855	1555
990	2663
371	5072
950	2966
1571	4864
4358	4803
3602	4864
4031	4220
599	4168
347	1919
1493	4784
1206	1451
707	2970
197	1723
4383	5215
5118	5155
469	1555
2846	3169
2922	4229
2358	4554
36	2559
1243	1447
1779	2282
908	4003
1568	5244
192	1469
3169	4451
1270	4869
595	2158
4608	5225
3472	4752
1133	4809
2258	3562
1697	5215
45	4281
3169	3535
547	1147
29	2603
3191	3975
3813	5108
1904	5207
1469	3596
2532	4828
2540	3169
1270	4608
348	4899
2922	4552
1429	3368
2354	3599
3548	3643
150	1010
1555	2507
2816	4784
2239	2935
1133	1242
1197	3755
3169	3808
1741	2663
1402	2245
3417	4511
1720	4852
1469	2875
290	3539
2178	3169
1555	3781
191	4838
1581	2904
2583	3402
290	4483
1574	1758
1455	2224
4031	4939
1166	3998
3169	4942
1469	4784
3627	4269
4864	5110
1420	1555
4229	5014
1653	1757
1585	4864
3265	3627
1565	5215
931	1025
1047	3643
2863	5215
196	2904
2258	3856
4157	4775
1343	4229
478	2605
2520	2764
1545	2258
4116	4867
251	2417
1758	4272
2881	4864
2529	4483
1539	4229
1133	3203
4016	4347
1533	3529
1243	4736
1527	4864
2897	5164
722	3169
1352	2089
931	5215
273	468
1265	1625
1942	3012
1870	2553
251	1718
417	5172
2735	3502
423	1833
244	943
37	4813
1723	3803
1955	2270
1469	4331
2863	3282
819	1704
2336	4229
100	453
622	1670
2068	3339
788	4659
174	1176
281	4974
371	2946
4229	4491
1758	3399
700	2003
244	2612
3630	4310
3509	4567
2107	4487
700	2217
1303	2158
191	609
2165	3169
424	839
2060	3557
5035	5072
1107	4128
92	4752
992	1481
1266	3361
3023	3867
4030	4838
929	5130
1400	4229
1716	3295
166	2623
2547	3323
2568	4614
270	3331
2158	2608
602	2217
2318	2708
978	4478
4229	5052
1352	1870
2862	4104
700	844
1533	2158
2358	2486
2510	4385
561	1034
243	2677
1808	2240
622	2970
631	3969
191	1588
240	3549
1555	3368
213	2424
1574	3853
2406	4850
2207	3173
4320	4852
609	3566
1555	2298
4229	4850
4031	4372
57	348
1907	4458
2486	4868
819	2158
4229	4372
700	1646
4229	4235
4347	4729
3359	3920
3025	3266
1447	1758
839	4422
251	2358
3321	3526
1273	1555
3840	4229
3483	4694
2957	4063
328	3025
2217	3165
2708	3169
2258	3747
1507	3549
1585	3920
2207	5254
1351	4864
711	5238
2573	3045
2270	5203
924	3169
3635	5035
1513	1570
1331	2043
1948	4263
3877	5215
3810	4310
870	2158
118	4892
3529	4102
2205	3781
2486	2643
2486	2757
1777	3169
4005	4803
1585	1968
700	1338
191	4939
1585	2087
1780	3648
2396	4608
3834	4963
1757	3022
1104	1685
992	4671
313	1890
1990	4229
1758	4282
609	4031
1758	2395
700	1146
106	4198
2486	3141
550	1455
2456	2762
2358	2901
3510	4783
2050	5146
3169	4391
903	4941
1265	1723
2158	3882
3015	3874
1555	2012
1779	4600
2315	3165
3773	4372
2358	2982
36	599
166	4435
1723	4255
700	3169
2756	3907
1089	2017
3275	3526
1086	3623
3835	4868
2318	2755
3206	4988
1878	3241
1656	2582
1113	1133
3144	4168
852	1025
1435	5154
663	928
592	1442
1188	4614
578	4229
349	3205
2065	2757
399	4656
2732	4988
2446	4113
1995	2544
489	2776
3773	4229
928	1512
3834	4414
525	920
1832	2240
217	469
4144	5154
1670	2117
1758	2776
4244	4734
707	1602
876	2260
764	1276
1938	2603
469	3169
2050	4031
1758	4244
447	1663
1435	2353
52	202
1080	3279
1683	4229
3141	3975
22	1988
399	3810
1469	3359
1469	2936
3039	3169
1469	1493
764	2157
3169	4036
2318	4861
992	1113
1206	1366
2358	2922
2795	3191
1455	4208
281	515
1656	2324
498	5164
350	1555
745	4608
1245	4275
374	1455
578	1995
22	1455
4483	4784
579	4705
2486	2897
4623	5050
2756	4282
1618	3462
5108	5215
3123	4988
1206	2582
2603	4071
273	1310
359	2643
1697	5247
917	4784
3019	4999
348	2151
3331	5154
3920	5035
2663	3773
485	4784
1270	2068
525	3169
45	3169
1206	2586
3501	5164
1870	3146
2776	4864
1047	4864
547	3610
453	3462
1708	2850
1386	4229
4229	4263
1532	4385
2050	4412
2756	4536
2714	3596
2043	4008
3605	4579
2608	4347
330	4783
3045	3907
2579	4102
2031	4469
174	2773
1533	4010
2520	2759
1765	3169
2240	4600
2956	4026
382	3221
717	4111
1010	2036
1047	4347
3603	5215
2318	4729
52	3265
1712	3169
561	1779
1236	3035
228	3169
852	4229
3755	4347
1833	1881
1455	2847
4483	4729
4229	4275
2643	2795
2349	2601
2222	3719
89	263
2158	2222
3531	4144
2863	2970
924	1049
2318	4066
1697	3618
1227	3987
1107	2595
3352	4784
1469	4469
2500	3920
1447	1680
2258	2864
3054	4229
1197	2217
1071	3575
2904	3781
213	2263
4627	4752
1980	4229
3169	4805
417	1646
1007	4043
1331	4347
2050	3123
330	3510
1377	4850
992	2528
819	4864
4229	5172
1104	2881
1455	1870
4243	5154
4008	4435
908	1352
1704	2768
2603	3580
2500	2864
3368	4347
2019	3169
1206	1626
1206	4521
36	2935
3565	5035
1606	1981
2486	5161
1331	5215
2344	5254
1347	3877
1878	2709
191	5132
1533	3275
675	1758
1765	2240
943	1907
1555	5145
1708	3426
440	3627
622	1469
1565	2975
1447	1572
2829	4864
583	707
1565	3896
716	3963
1968	4608
583	3546
564	4142
3087	4347
2957	2989
1213	2536
3803	4689
1232	2570
1697	4663
2114	2332
4850	4941
118	2601
1745	4031
2344	3654
990	1086
100	4864
1581	1691
1173	1554
1931	4988
1758	2201
2875	3169
1540	4163
3049	3169
1096	2358
1004	1170
3323	4967
151	4443
1860	3981
553	3711
928	4967
2358	5215
2797	4812
2031	2318
251	2486
118	5250
1533	4611
2993	3931
290	3169
4229	4978
191	990
45	3293
567	1777
801	3630
17	1766
2358	3648
2419	4476
22	4868
3169	3744
1451	4823
4412	4698
105	4879
1555	4923
2158	2902
872	3557
1758	3553
1402	4270
3744	5250
1153	1555
1225	1942
2358	3359
213	4887
2258	3987
1555	4111
3165	4483
2158	2789
1107	1273
1777	3622
37	3058
2284	3566
2263	2902
4443	5177
26	2862
3689	4111
447	3781
3216	4066
209	5035
1415	2158
1759	4850
3548	4086
2094	3313
1988	4996
261	4229
4026	4873
496	540
1734	2936
551	1188
196	5164
1565	3580
566	1435
270	2387
1628	2158
2068	3091
2993	3426
1047	3352
2756	3121
1845	3570
4663	4817
1602	2970
2151	2765
745	3265
644	3169
213	764
3529	3623
920	5062
2764	3458
1513	5215
1359	2773
1792	4229
2134	3856
4083	4656
3892	4446
1980	3169
864	3888
4752	4852
745	3015
3578	3975
1317	4555
564	3663
3323	4555
878	4807
2529	4663
478	2075
4469	4923
2258	5020
1741	2130
5050	5215
2617	4150
2822	3739
961	2846
1469	2623
2878	4229
290	2318
707	4608
2775	3169
1601	1777
428	1080
3363	4841
4229	4512
1197	4627
695	3553
4229	4697
788	4447
3873	4864
19	2240
1455	3293
1670	2158
1206	3785
1926	2182
1316	4101
1382	2158
1206	1545
1455	4775
1111	1602
978	1555
1555	3677
1369	3169
45	47
1316	4652
196	4777
2240	4075
1338	1602
1111	1338
92	4555
1094	1878
3169	3853
549	2373
4104	4511
3165	3755
290	3191
1626	3331
1010	2722
906	2107
17	3803
2224	3509
798	2304
869	3548
3877	4608
1435	4229
1016	2486
4229	4942
2559	4110
17	3169
1104	4030
2359	2486
3636	3877
3773	3858
547	4813
561	1533
2422	4864
231	5222
399	3123
1373	2528
1931	2544
4193	5062
622	3920
3084	4243
2616	4229
1780	4030
1524	1895
3781	5154
2764	4075
167	1117
4054	4101
1555	3635
1609	2031
566	4873
1574	4101
707	4469
992	3623
1758	2479
348	858
599	978
2642	3214
610	4187
698	3165
1179	1735
707	1166
2595	4734
0	5083
2396	3798
1007	1778
717	3169
1757	3177
209	4471
1700	3165
4243	4611
1571	2822
1219	3586
3924	4229
961	4864
2970	4608
1166	4608
302	424
920	1663
29	4803
1133	5161
3534	3565
423	4229
387	4914
2151	5215
4104	4347
1447	2582
1895	4104
742	2432
4229	5161
1533	1618
707	1907
566	5148
2857	4229
1179	4026
2961	5072
1555	3359
1881	1990
1766	4329
3755	4873
1173	5092
700	5164
1270	3169
1080	1555
1094	2756
1708	2993
908	2151
609	2358
2050	4852
1656	1758
943	3169
2973	3169
3630	4811
191	1194
2240	2529
2378	4970
718	4602
92	2244
4663	4841
423	3596
4828	4864
1402	3565
2258	4137
1070	1129
711	4229
1047	2486
1469	3338
920	2050
1247	5118
3169	3937
990	5062
1555	1780
221	3171
259	943
1058	1369
273	943
281	1995
1435	2993
339	1234
3184	3553
1571	2722
582	1741
1447	4273
2862	3755
3570	4736
2528	4327
4659	4864
2219	3907
1469	5203
4873	5146
2919	4478
192	1555
4841	4970
259	3169
1981	2151
4447	4659
745	4597
1113	4967
4864	5063
2248	4214
2486	4270
4315	4347
22	5148
3470	5072
2982	4963
707	1555
2240	2956
2222	2318
767	1919
4440	5130
1166	3169
92	4031
1107	5107
1533	4627
2217	3755
1103	4864
2048	3682
1889	4771
700	2068
3194	5109
3321	4597
4347	4879
1555	2875
4161	5250
2582	2961
1165	1656
359	4736
1058	2919
2540	2789
1044	1435
3635	4229
3368	3706
2663	4852
2417	2773
931	2544
2756	4514
2756	4396
2351	2573
2899	5020
1566	3502
348	1469
1781	4623
2857	3660
1779	2318
819	3169
1338	3877
105	2665
2373	4347
1455	3565
2031	3216
1204	2486
1759	3873
3534	4104
4656	5146
700	1170
582	2989
1455	5052
453	464
4270	4471
2240	3477
656	4347
3603	4144
3877	4446
1565	3856
4081	4787
3526	4875
1907	2750
4864	5124
1211	3295
3747	4864
1170	1780
3883	5063
1086	5050
1373	2871
3458	3493
1173	2050
2358	4392
3146	3548
707	3979
621	1059
3694	4225
700	4493
460	1574
3739	3785
1986	3331
142	4580
1928	4111
92	196
2083	5112
1344	4852
1775	2240
2727	4081
1455	4660
475	510
1338	4347
2117	3001
1603	2775
453	4107
2263	2680
1656	3835
231	3931
553	2486
3600	4342
3303	4483
2381	5164
2665	4385
1741	1881
105	1779
1344	2499
1798	2410
4075	4275
1447	3468
137	2332
2959	4111
990	992
156	4263
1007	3016
1117	4081
636	1442
1493	4229
347	4412
1149	3656
1574	4021
3206	5154
674	5130
3255	5215
859	3596
1646	2113
1708	1968
3095	4841
4275	4733
2751	2989
978	4229
2529	5148
2154	4536
1111	5126
2240	3923
1113	2451
4383	4731
87	4229
745	5047
92	4412
2151	3575
3002	4100
1537	3169
1469	4054
1565	1780
181	2282
1080	1307
3338	4734
3546	3882
1078	3169
1777	1845
1868	3039
931	2563
1338	2158
1206	3169
4003	4229
2258	3744
1034	2956
218	4777
745	3874
4350	4813
1347	5036
1331	3141
992	3969
2033	2980
922	2216
798	2044
2033	4864
4244	4963
771	4229
599	1685
1080	4582
4811	4864
1439	4555
5035	5154
3887	4021
1016	1129
857	4852
1907	2936
2164	4803
515	1942
2540	4229
1451	2358
3306	4144
155	5238
1494	4608
2406	4941
1565	5232
2486	4107
4229	4281
1102	4163
1704	4347
2222	4776
3472	5154
1331	3191
1265	3169
1402	3323
3025	4608
1235	3368
1758	3072
371	1169
803	5035
1096	5187
2158	3216
609	1995
3169	4972
711	4734
3390	3622
1845	5018
1206	5062
1131	2033
1374	3553
640	1413
1751	2270
3309	3338
1455	1566
609	1870
2165	4967
1206	4203
2263	2424
191	3463
1413	3596
417	4729
92	578
2486	4627
1656	2047
1146	1447
37	4842
3015	3169
1625	3510
1555	2789
92	3755
1331	2795
928	5050
4081	4224
3386	4746
2065	5050
561	2479
4193	4752
2396	3169
1758	1782
1113	1235
2258	2563
711	4275
1420	1506
2700	4864
2919	4302
1402	1581
3781	4111
2486	2540
2318	4513
3376	3987
2847	4347
695	2462
4111	4613
1047	2207
290	2117
1212	2223
1626	4229
3269	4229
4193	5173
1998	4207
1765	3323
966	2896
3295	3549
798	2358
908	1455
2072	2993
4008	4347
1588	3044
3169	3802
1010	2739
1080	1390
461	819
3169	4581
788	4823
2895	4274
779	4275
3169	3338
259	4229
2081	4803
745	2222
1741	4320
976	4093
331	4347
92	3877
1113	2358
1377	4078
329	1868
803	1700
1779	2642
1418	2486
3998	4729
371	1996
1044	4229
460	2087
1646	2031
1555	1907
3810	4656
3515	3596
4864	5020
4229	4664
166	4347
882	4283
1435	4497
1019	4864
564	2586
118	4051
2008	4383
2486	2735
870	2970
622	1723
1506	3998
2096	3630
223	4157
1146	5020
2349	4892
865	2486
1102	1914
1850	3169
1153	2158
1034	2877
618	4864
609	4107
17	2279
2477	3889
1225	4275
2217	4229
990	4372
3366	3630
231	2980
2075	2130
3509	3602
4840	5142
1188	4919
2970	4923
1103	2318
566	717
4229	4708
2970	4493
191	2050
2344	5085
2207	4496
745	4479
3059	4107
92	515
622	1942
2862	3359
978	3169
105	2555
176	4472
1565	4961
1226	2528
37	3338
515	566
857	2663
2773	2797
2581	4933
787	2178
4229	4868
118	4608
1344	4363
2315	3596
3570	4530
1780	3169
1188	2018
1133	3477
516	5036
275	4531
3877	4838
3920	4471
3790	3877
1565	2649
1746	4229
819	3643
3169	5114
1588	1874
1338	4608
1447	5114
2816	4243
1025	1601
423	2970
231	4861
1347	4459
1339	1469
3669	3998
3169	3366
3565	4066
663	3917
1759	5232
1058	4391
2263	2510
2069	2663
551	4383
202	4229
251	4259
3834	3856
561	3169
4526	5062
610	3147
137	4347
663	2195
773	2928
3935	4229
1307	3803
901	5184
1200	4688
2396	4347
2200	3723
796	1447
2573	4030
3356	4049
730	3830
2279	5239
1343	3813
2540	4576
3313	3602
229	3169
196	990
302	3169
2318	2936
1670	1700
695	4841
1646	2158
1779	3334
2617	4111
469	4608
1080	1427
1574	4229
2094	3169
3835	4327
2043	2315
1206	3802
293	4663
1102	2012
2603	4710
2063	3307
1276	2605
1133	1328
1450	4383
191	196
3426	5215
1555	1691
1328	1339
745	2158
1585	1721
1646	3165
2244	3744
18	5118
2680	5112
1695	2902
1859	4663
1708	2117
1303	1907
2258	4152
111	4838
1497	2967
2258	2582
1331	4203
3596	3648
92	4276
1574	2904
1206	1780
901	2279
2850	4066
1179	1919
682	1045
2318	3882
2065	4315
37	5052
33	2072
1080	2725
1545	3592
4243	4263
682	3755
700	2305
44	1602
798	2756
788	2064
335	2928
3070	4229
417	1602
2808	4537
1059	3627
1169	4068
901	934
1010	3079
100	4734
3338	3596
1704	5222
4225	5154
581	3630
858	5215
3307	3548
1273	2775
424	4483
4315	5215
1697	4871
2623	4347
4744	4963
745	4385
1210	3169
3331	4883
1208	1695
2581	4841
2663	4030
1646	2970
196	285
1307	2641
1574	1808
2245	4031
4054	4310
1555	2158
1353	2263
202	2808
1512	1555
882	1025
4412	4656
2542	4993
1527	2070
920	1942
4229	4918
713	4576
1494	4229
1708	4276
841	3023
1838	3470
2258	3072
1125	5215
2075	3565
1111	5177
1469	4008
3755	4963
1080	2847
3165	4485
4229	4580
1507	2351
540	3169
1347	2130
2258	4023
2157	5254
3169	4275
803	2217
1995	3785
1265	4595
3169	3205
2106	5094
1082	2258
105	2643
1527	3848
1565	3169
1493	2965
567	1540
3386	4823
2258	3417
2384	3134
1555	3515
275	3512
3539	4229
3142	3146
4784	5081
209	2999
348	3146
1235	2234
422	4435
36	453
707	1338
2279	3084
1758	2047
1565	4627
3643	3759
1585	3359
2207	2445
667	921
593	2970
2223	3019
1090	3169
1400	2524
1888	2205
1104	4052
1439	3617
461	5151
3169	4891
1780	3323
4763	4864
105	882
2344	4229
553	1587
1352	1469
3627	5085
1507	2104
1430	3463
920	1734
1469	1850
3123	5132
897	1704
2349	2735
2510	4476
2623	3937
621	764
118	3224
2219	4864
1555	3448
209	1555
328	4513
779	1741
221	3558
961	2332
2864	3528
1981	3169
1331	2623
3096	3169
2117	2486
938	1859
982	2068
1625	3169
350	1799
3407	3458
1304	4864
1151	2529
1094	3169
602	3975
924	3134
3121	5153
3823	4396
92	2540
2954	4864
1627	3459
2623	4623
1639	2299
4229	4550
2525	4528
609	2245
1227	2284
724	4157
1555	2487
3643	5056
2361	4868
2842	5234
581	4310
1565	2164
1149	1305
4317	4734
1555	1574
717	2417
610	5238
2304	5196
2680	2709
1235	3180
1850	4347
348	1691
3049	4229
2840	3169
453	1235
869	2234
1571	1574
1427	1555
17	2756
33	4220
1691	3920
1447	4144
2406	4642
17	2462
4321	4467
622	3558
4229	4502
579	3825
4981	5254
788	4828
2222	2756
2764	3153
1874	3044
1493	2479
3012	3602
1369	3672
2158	4666
1704	3687
1377	3975
908	1927
1205	2510
1758	4137
2158	4803
2151	4347
485	1273
1125	4275
1096	4229
1080	1338
1347	2603
525	3293
1741	4656
3920	3975
453	3835
1400	4736
2875	4864
4030	4031
3169	3877
1691	3169
1472	4383
2313	2605
167	663
231	1328
359	882
2033	4608
1370	1606
2500	2581
1759	1995
4771	5238
1305	1415
328	3877
663	943
1070	1080
663	2746
3203	3401
583	4729
3017	3920
710	3059
1601	3265
401	2417
1850	2050
92	3191
876	3169
3019	4514
118	3486
1133	4625
1467	2573
2050	2936
2708	4229
2065	3425
561	1555
836	2897
3153	4383
2646	4689
1734	2579
1766	2164
2549	4422
2130	5036
654	3834
1704	3976
265	640
3611	4229
1447	3907
1574	3923
3907	4028
1868	3169
610	953
3998	5177
4229	4333
3109	3920
2999	5035
4041	4311
1574	2548
564	800
877	3019
2069	4752
3144	3920
713	1235
3834	2445
2258	1447
2849	1265
4458	2528
4255	3595
2207	2127
5172	4729
4771	3931
2708	2486
4656	3801
4864	3713
3307	1206
3785	1235
4229	2896
4229	1766
2759	1723
4224	735
4752	2050
1741	920
2240	2075
2486	1129
3877	2708
3812	599
1602	1555
3448	1151
4483	2158
1741	1163
3169	1767
2849	2510
3191	1455
5157	1344
4342	3591
3425	1697
3169	1506
1446	1435
3368	1469
4031	844
4891	4347
4012	1210
3602	2622
4208	489
1878	1606
580	0
3998	1555
4868	844
1928	1780
5114	1493
4729	4224
2665	882
4229	1402
3426	1211
2765	847
2474	1565
4521	1741
1723	498
4321	3359
4864	1849
3331	2735
4864	4740
3987	3279
4868	363
5047	137
1338	1166
5215	1493
4031	349
1758	141
2566	2486
3643	2316
4225	700
1565	1103
5094	1704
4841	4205
3877	2158
4608	1133
4229	3216
4229	4037
4511	990
2068	1734
4093	265
2608	1705
3877	449
858	290
5154	1493
5020	3782
4372	3924
2642	335
2251	931
4027	2212
2797	1070
1646	1338
4569	695
3654	1265
4229	1147
4729	3882
3000	453
4229	4001
4752	1741
3426	231
4412	2486
5085	1353
4823	3643
3626	231
4276	3359
5215	4899
3376	2717
4229	285
4474	4342
4483	566
3627	3023
2422	928
5130	903
3134	767
1995	1427
2117	908
4536	3019
4963	4028
4695	1493
3529	2579
4275	3368
4275	1572
4274	613
3260	2240
2741	1447
3674	270
2857	0
139	92
2936	2151
2258	819
5254	244
2225	1555
1585	166
3169	1928
4229	3406
3169	1271
4229	3558
3856	2603
2718	1758
3529	1080
3363	118
1627	864
2735	251
4864	4608
4030	1734
2234	516
5215	348
4030	191
4972	2617
1892	917
3981	2641
2540	330
1685	908
3390	29
1206	830
4652	1555
3572	2315
4656	311
5118	622
3630	1890
4652	4019
2623	1455
1469	550
3920	3755
3225	3169
3012	1010
1870	1447
5020	2901
3169	212
2735	1469
2308	1878
4030	1718
5132	4030
2999	2311
4478	2616
2070	1741
4864	4310
4436	1758
4311	240
2222	773
4111	2489
2756	2075
2418	961
4511	1731
5020	359
4436	2258
3293	700
4191	631
3781	1888
2776	2461
4864	1787
4734	1423
4678	2486
3019	1455
3548	2462
4784	2957
5254	213
2863	2026
2050	1663
3874	2282
3417	1206
1469	855
3510	29
4586	4111
4435	3572
5143	1777
3279	1310
4229	121
1568	1493
4017	396
1708	943
2563	1344
4784	2158
4899	2975
4113	3808
3896	1133
4229	2151
4467	3359
4705	2735
3210	2561
4021	2282
2967	2373
3843	1625
631	553
3565	2999
4030	928
4093	2207
3635	2036
1833	1447
2050	92
1555	371
4086	461
1881	1146
4315	622
4875	4597
3169	1533
4176	1276
3282	1565
4073	713
2797	599
4224	2708
4864	582
2315	1310
4438	3169
4864	3694
2612	1033
2318	1447
3169	2780
3694	2559
5184	3636
3627	2698
3281	3241
5118	2663
4813	1469
4429	1656
5196	2486
4729	3169
2759	1415
3572	3165
4813	3755
2902	1059
943	328
348	33
4809	3548
3169	877
4746	561
4864	1076
1758	1435
1344	782
3313	2901
3169	1735
1777	359
2318	1670
3856	549
4443	3169
4873	1270
4989	4229
4459	228
3907	3141
2617	1170
4854	3169
3719	3019
2318	1352
4493	3596
2117	1472
3169	546
2263	764
4229	2073
3220	1588
3509	1655
602	92
4864	1441
735	691
2486	1494
4054	2318
4864	2395
1469	350
4104	4066
5020	4800
4672	3708
2902	2709
5074	1555
4104	3165
2486	2205
4763	784
4198	2490
2515	2158
5154	3825
4869	2956
2158	1442
3214	2764
3617	2486
3169	583
4086	3920
3509	3448
3109	209
2478	1364
3975	2358
3623	2579
3039	525
3723	3241
4608	1995
1497	906
3596	966
1208	882
1447	510
3803	1047
1146	553
3553	2755
5157	2258
4582	1565
3177	2158
3937	3449
3801	1206
4734	2486
4864	2789
4281	2936
4873	3887
582	564
3169	673
2298	2258
516	348
3888	3321
4734	3191
4864	1170
5022	3937
3425	294
5172	707
3134	609
4825	3049
3888	15
3015	1533
5130	2914
4663	2357
4216	709
2149	1723
4963	4008
3997	218
3960	992
3354	1758
4608	2765
1533	578
1628	33
5155	1574
3617	515
2154	872
3855	1432
3426	1889
3153	1708
5063	3019
2907	1021
3874	3019
3509	1798
3883	1574
4043	1555
3529	2068
1741	119
3058	1339
2914	1206
4497	4111
3472	2961
3755	3109
1670	1581
3689	941
3169	2326
2896	1965
4263	1467
1469	498
4157	2486
4244	2258
2902	2222
2076	263
4864	3856
3216	3191
4892	1856
3682	656
3169	2304
5196	1758
2354	437
4225	803
2087	2064
2957	294
3025	1655
4972	17
1931	1196
4255	547
4864	2983
1887	33
3132	2207
3609	1766
4483	4037
3920	3210
5250	4229
4030	1170
3546	2970
3596	348
4914	604
4111	3084
2663	10
5215	3338
4229	1221
4229	990
5145	2318
4383	348
2582	599
3017	2396
2642	1723
4963	1780
3169	3072
4613	176
4471	4350
4163	3169
4229	3279
4043	2263
2318	2311
3503	2158
2500	2318
5114	4613
4231	1206
3020	2775
3397	202
3896	3834
3874	2756
4838	251
4244	3515
3602	819
1059	764
516	52
3153	290
4229	3000
4841	1850
1010	924
3890	2646
921	399
1310	37
1721	1566
4107	2315
631	327
4497	4116
869	489
1338	1317
1757	1400
4483	2113
4229	682
4347	1402
1708	1691
5151	3169
3975	2217
3637	1928
4631	515
1565	1450
4229	710
3548	1758
4327	3195
2154	920
4008	3141
2318	593
4656	700
2332	1741
5026	2048
4988	2563
3281	1723
1889	1004
4864	687
3917	1555
1497	118
3169	1429
4111	1792
4689	2164
4446	2452
1047	566
4111	552
1655	543
2510	2222
4807	976
3039	1965
3169	294
5035	4939
3169	1904
3169	938
2967	2622
2583	233
1656	1568
1469	656
1981	870
3758	3169
4864	1572
1757	1571
4252	1469
4623	1469
3609	3338
1965	1455
1723	882
4435	2117
4383	1968
2477	37
3626	2993
2486	1170
4017	3169
2222	359
3549	3417
4383	3673
4672	347
3835	1455
4071	3169
4054	2258
2864	1447
3920	2862
4031	236
4229	3281
2857	1052
4941	4864
4627	990
2573	1301
1179	22
4031	515
3755	2065
3000	1656
3602	1133
4963	3141
4496	1270
4608	1442
4530	3200
3477	1533
1775	1270
3390	3058
3169	2936
2089	2017
1735	347
4608	2897
3512	1070
3462	3457
5050	1914
3191	3169
4229	1607
3191	3141
3635	1469
1025	177
4243	811
4244	920
2946	181
3419	1080
4803	3637
2897	1555
2797	1049
1968	908
4276	3920
4435	209
1533	848
2750	920
3678	3169
1070	275
5177	2158
4813	251
2227	1455
5050	92
2258	231
4372	1562
5234	4740
961	882
4435	3578
1907	578
3565	1670
3206	2612
3785	491
2765	2318
2258	261
2847	2318
5250	2417
2258	1361
3719	2756
1533	1273
3536	1268
2418	515
2158	1532
2318	196
4864	2901
4275	2901
3674	3169
4864	4552
2623	1338
4021	1942
4438	1680
2282	1759
3165	1331
2318	1555
4483	3169
1718	1708
1859	1845
4551	1780
2850	196
4608	1533
1339	33
4213	2318
4328	4229
2881	788
4864	4307
4645	3169
2318	1369
2207	1133
2240	1359
3798	2158
3331	1133
1646	1602
4243	622
3706	3169
4229	311
3570	1469
4941	1377
2050	447
2773	1780
1555	1455
4608	498
4229	1765
2087	174
4813	3840
3275	2332
3323	1708
4864	3275
2663	1542
1555	1442
2318	1446
1574	882
5172	3022
2603	1608
4478	1102
5172	3998
4864	1133
1775	111
4850	2089
2518	1574
4012	1870
4602	2808
4608	4054
2626	1695
2542	1803
4961	468
3194	700
4776	1273
4054	2595
4967	3338
2797	2486
4850	4274
4263	1757
1430	1176
3575	656
1466	191
3627	1565
4229	422
5132	2869
3264	1819
1948	1876
3877	1663
3877	2765
2349	1856
2446	1723
4734	26
2075	228
3627	3206
4307	4229
2595	2304
4153	2234
4660	1721
3627	1276
3159	2805
1104	716
1884	1166
4899	2102
1341	921
4608	1628
3169	2318
2351	579
1494	1169
4823	4447
4698	2486
4752	191
4922	882
4229	3570
5020	1568
4613	700
3888	3526
3293	966
4784	4615
4031	191
5050	695
700	423
4803	3856
4807	3630
2442	2240
1581	1331
4244	2914
4384	609
2081	716
3790	3044
4766	4041
3169	464
2750	2089
2789	663
4554	1080
4435	1469
3328	2775
1942	1708
3635	3459
3169	827
4068	1555
4813	4471
4270	4229
1493	176
4771	155
4008	2850
2846	2114
3856	1907
3335	2155
3141	1907
4864	2529
2864	1758
1777	52
5177	3636
1581	409
5232	28
4864	3214
2983	2756
2762	784
5238	313
1697	251
4608	2158
3169	2418
2486	140
4229	156
4104	166
3462	3177
4528	2486
4642	1089
581	347
4803	550
4229	1133
4153	2764
700	348
3546	1602
4666	2762
4385	1025
592	251
1507	579
2970	583
1758	1003
5107	4031
3169	270
2089	251
1904	735
2905	1390
3191	111
2849	1878
3001	1555
5154	2850
4075	33
4698	675
5118	1874
2307	1206
4666	196
4582	4567
3601	2895
3975	1670
1889	872
5154	3169
1133	561
2993	553
2410	273
5232	2240
2318	707
3802	3173
4229	2714
5225	4229
3892	2298
3363	2735
2113	1555
4144	3877
1555	1402
4008	1700
4608	1415
4270	209
4766	788
4974	3865
3979	3176
3395	267
1447	663
4895	3550
3184	2012
3602	1204
4663	1602
1469	1310
4168	3877
2989	2008
1080	424
1723	1601
3216	1555
2510	387
5050	2579
4229	3587
1111	417
2579	1107
2694	2263
3169	767
461	422
3169	1778
3275	137
3260	3169
3801	3153
4631	2617
4771	1890
3637	1226
2965	2641
4647	3169
2862	2217
1585	628
2544	57
2130	819
5177	1338
4970	3562
4435	2850
4116	3338
2961	2704
3187	423
4270	803
1609	583
2068	566
2318	2308
2048	610
4972	695
3881	3858
4582	4086
4327	3877
4743	1555
4347	498
827	228
2961	2058
4446	1049
2608	2245
1555	335
3962	3169
4836	2240
1670	1469
4144	446
3998	1602
3631	3019
4073	1870
1555	1350
1757	675
4610	2642
1781	1010
3165	3109
4229	2050
4864	3848
3882	1166
2158	2031
1034	934
2418	1854
4471	1670
4229	3240
3309	1455
4104	1533
5225	2486
2617	1435
4608	700
4275	374
4081	3477
5062	2056
4732	4229
4552	1173
3169	418
3169	1723
3169	2591
2573	622
4907	4116
4576	1030
2217	1235
4469	2970
1777	1723
4272	1601
1565	141
2031	1338
3295	1339
4676	1133
2318	2151
4372	92
4632	4311
3755	1758
3169	223
5154	1469
5018	4864
4867	4229
1759	1493
4060	2967
3687	882
3592	901
4102	3515
2089	233
4229	3580
4586	2895
2759	1141
3660	0
5164	3553
4104	3144
3169	629
2490	326
4310	920
3669	1338
4788	861
3510	2756
1447	1170
3331	1212
5203	3144
4275	100
4608	1455
5184	1010
3678	1655
1680	876
1656	550
4663	943
1723	118
3631	3169
4111	140
4864	4317
1555	1116
4784	2154
2245	928
3205	1447
4229	2665
5157	1235
1758	1176
2094	1904
1798	92
4841	3331
3713	3575
1990	348
5155	1948
2999	1581
4732	2604
1451	1162
2451	1705
5020	2700
3713	2643
1798	166
4229	359
4823	1104
5148	1741
3920	2258
3562	2318
3331	1494
4771	231
4229	1141
3553	3363
2315	602
5222	1159
4327	610
4275	4028
1741	1206
2732	1429
4283	4043
2646	1923
4354	2727
2709	1572
1447	1094
3019	2075
3920	1469
5222	1455
4963	582
3907	564
3376	1555
3648	423
4879	1759
4328	3457
2832	2524
326	106
4513	4229
4582	3976
976	265
4875	3321
2694	213
3786	1565
3331	2857
1451	1133
3603	348
4934	1529
4864	2050
2881	1565
2557	1555
3802	3019
2902	2698
3169	1347
4483	801
4803	1076
4864	3000
1211	231
1775	940
2946	166
3417	1758
3785	1670
4478	3146
4216	1571
5215	3295
4311	3295
2824	1907
1919	1735
3983	2849
4275	2107
4841	1697
3654	1878
2514	1219
3874	3169
3220	3044
2417	1907
2258	17
2573	953
2065	191
2983	2423
3835	1758
3549	1852
4229	2216
1194	700
3044	2069
4996	663
4276	3169
1359	695
3295	240
4852	1741
4275	1824
2776	1757
1833	675
4926	882
1455	1352
2970	1111
1657	1070
5085	2424
3008	631
4864	921
4526	33
1170	331
1265	1033
5203	4436
4867	3012
1451	609
4138	710
4970	3323
4030	990
4385	2114
2733	1133
1469	251
4988	2500
2158	622
3109	2311
2486	710
2583	2387
4438	1527
2612	339
3682	259
4803	2808
4008	2217
1565	941
1117	819
3136	1104
2797	1507
2311	92
1247	788
4864	1759
4787	3169
3643	3470
4012	2486
2263	478
4736	3758
4752	1588
2486	566
3526	1532
3596	2717
1555	1469
4582	4229
4229	330
3462	1533
4652	4229
3054	1213
3975	1565
4864	3582
4385	3049
3845	2641
3109	3058
2529	1034
4347	1646
3677	3001
4282	2258
3596	602
3843	3627
3509	3169
2555	1777
4229	3643
2373	1469
4229	2601
4840	3451
4467	3635
5146	1735
1758	197
2406	613
3177	1507
4873	581
4554	1133
1585	461
2418	1206
4771	3602
3001	1469
4841	1705
4967	4555
3648	2065
3241	2200
3169	2582
3096	1723
1555	1540
3643	2239
3572	1469
5154	941
2999	1691
4030	3648
4229	1169
4801	3169
2586	549
5238	553
1555	1133
920	566
1735	581
3169	2313
3548	1004
3159	1206
3295	2993
4752	3339
4031	2065
3169	2149
2486	275
4784	3169
3169	2878
4229	3399
1225	52
1347	515
4999	582
3277	2486
1555	1304
2240	1695
2426	1555
4079	1700
330	29
978	10
3240	1741
2381	2357
3602	3101
3169	2643
756	196
4676	18
2158	778
3289	1469
4899	4879
3084	735
4464	300
2965	1907
4733	540
4229	4183
4229	1989
4347	209
2595	1907
3016	1757
5018	2542
4275	572
4224	1049
2258	449
4363	196
2258	663
3553	28
4383	293
2993	313
4689	1025
3627	1741
4999	4012
3747	3596
4627	453
4551	251
1720	461
4229	1420
1565	335
4926	4803
4229	2681
3549	1927
4717	1574
3920	290
3169	2562
4274	1089
738	553
3976	675
3169	3022
4066	1581
4576	1603
1889	220
3169	1126
4625	4613
3559	2623
3843	3101
2641	1273
583	417
2797	578
4104	1670
2875	18
4229	139
3472	1585
4891	1555
4229	3484
4841	3739
5132	3648
4891	4608
4273	3169
2318	1303
4471	803
2573	1739
4229	1850
4037	3636
2318	1780
4752	1708
4358	2520
1627	399
1021	18
2217	1331
3169	1998
2891	958
3390	1775
2110	1741
4825	2617
1104	700
4043	410
2617	553
4729	4608
5020	2344
4864	2479
4198	326
4513	3877
4229	3015
4734	1170
1039	359
3169	1390
3169	799
3451	3303
4229	137
1344	36
5215	2623
1919	156
3472	745
3843	3510
1133	174
4663	516
5154	3025
5072	4276
3843	2902
4471	1581
4229	57
1775	1574
2089	1377
2311	1555
1778	1565
3481	244
5238	4311
4803	2361
3216	602
2336	1784
1235	464
3708	764
4511	1700
1435	515
908	166
4030	2903
1695	1574
3572	1455
1208	1153
2795	700
2520	1170
1609	417
3673	564
3203	700
2993	33
3840	1352
2047	1010
5222	4734
1235	582
2003	1555
4220	326
4500	2258
4463	2620
3557	1493
4107	2559
4961	3220
1868	835
399	347
3015	137
3546	1111
4496	982
4717	2956
5137	2158
3572	92
4650	700
4012	498
4608	583
4787	1133
4347	1435
3781	3169
1524	839
4225	423
2318	1638
1780	1481
4653	1922
4229	1655
4321	1998
2417	713
4483	1082
3890	3803
2542	1307
3169	2308
2395	2258
2709	44
4812	3635
2709	92
2471	2216
3785	2999
855	142
2714	1469
3896	1757
3169	2222
4873	1919
4116	2847
4347	446
3627	2697
3669	2515
3592	3323
4435	602
3044	2065
3513	2
1708	1331
4275	1423
1862	440
4225	1146
1435	1131
2904	2544
2956	1995
663	491
3483	3169
4347	3534
4447	1016
2822	2068
4967	1708
5056	1907
4113	1565
3840	348
4030	1469
3194	2056
3169	1208
3781	2617
4627	578
469	290
1493	1447
4168	2723
4229	1588
1697	1133
4864	3282
4008	1455
2217	1708
4075	2003
3397	1206
4447	1758
4746	2532
1907	592
3321	5
2957	2559
3275	864
4864	1360
4656	1270
4970	2781
4554	3877
2222	882
3998	583
695	197
5154	2970
350	28
934	460
3039	1455
4102	3623
1758	1585
4385	137
4970	4188
2486	700
4075	3458
3169	267
2756	2221
1881	700
3553	1133
3823	1574
4967	4104
3366	2529
2157	213
2583	1803
3221	3169
3241	3169
1537	329
1779	1555
4107	929
4347	2850
2363	1555
3907	1442
4879	2595
3931	348
5052	251
3825	1429
5035	4111
4825	2158
4663	1948
1833	1146
2777	1965
4385	868
3260	2332
1907	1047
3596	700
2935	917
4229	2332
4841	328
3856	2207
4104	2850
3549	231
3169	1481
4347	3609
4864	3309
4752	2663
3856	1656
4873	22
5062	2970
1555	799
4104	4008
3232	3169
5215	4813
3020	331
3141	2315
4012	2595
3734	631
3359	2065
4817	1533
1447	1418
2612	2510
4075	489
3323	347
3338	2486
3853	2240
4244	4021
5030	4771
1493	1455
3669	1506
4663	1094
1265	781
1989	1186
2709	244
3184	2298
2595	2102
3289	2318
1723	717
4310	1627
3169	609
1626	1565
4771	313
4841	1942
2254	1447
2781	2358
2452	700
4104	1700
3931	1211
1708	33
1494	858
1705	1608
1555	17
4975	1507
2529	1555
1907	713
917	336
2643	1747
4579	3510
2515	1555
4396	3019
4384	2568
4163	461
4229	2064
3677	290
3648	1775
3169	2829
3987	3008
2258	141
3177	1567
4347	3781
5035	3975
4229	251
3648	1928
4066	1670
2318	1646
2318	2113
2617	738
4438	55
2351	92
4144	1527
2515	1506
4310	1919
3165	1670
1777	1039
4597	864
1016	275
3755	1442
2869	1990
4385	2878
2956	1373
3853	2529
4744	2451
5177	2970
3548	931
2217	1670
4383	3856
4967	1331
2452	2056
1789	1447
3459	1016
3882	1646
5215	1047
2113	1602
4229	3312
2510	1860
2076	609
4183	992
3867	191
2708	218
4229	1185
2358	423
1555	1533
4073	3019
1256	663
3141	1758
5154	722
4676	4229
2990	2089
3180	1338
4073	2595
4471	4347
4229	2970
4622	1656
4656	1307
3184	156
2797	924
4168	1758
5172	844
3896	231
2243	1206
2065	1708
3225	3165
4813	3225
1377	1222
4864	1395
3169	177
2989	2207
4582	290
4879	2983
1169	943
5133	4342
4347	3937
4229	3194
4864	3393
5146	399
5203	2165
2946	2068
1455	1170
4595	3605
3803	196
4828	1527
4028	2983
4663	3769
5109	4412
2528	2400
5154	2089
3706	44
2757	259
4582	3049
3794	917
1628	1338
3012	1554
4493	3169
3425	1775
4462	1555
4008	602
5112	3049
2258	695
3928	202
803	166
4664	4347
3220	2486
4801	2582
1833	700
4436	3769
2240	2207
3931	1889
3214	2708
3531	1493
3510	870
4168	2258
4608	1020
4275	2764
2315	2217
4967	1447
4031	1874
5184	599
1513	1466
3596	2486
4093	191
1758	1571
5177	583
2358	602
5062	4752
1265	764
3877	29
5049	3169
2151	1469
4697	3169
3221	2902
4813	2072
3463	3169
1447	188
3682	2419
3015	15
4229	738
1777	105
4224	2797
2384	17
4030	1766
1766	695
4734	1206
4157	897
3169	1948
2318	1420
4576	2735
4803	4071
1741	1107
3169	2728
2240	1924
5072	2158
1107	700
4763	3490
1980	621
4229	3586
4347	3596
1208	387
2773	2258
3376	1141
3596	3169
2756	2223
5133	2722
2579	92
3998	2113
4229	818
4891	4229
5184	4008
2487	1602
3206	931
1380	118
5238	4229
3468	515
1439	1133
2756	877
3672	28
3293	2777
349	191
4347	550
5238	3359
4784	2756
1889	231
2993	717
3169	2970
4608	1609
2602	1870
3548	2154
4252	1555
4394	934
3323	3191
4864	2357
3813	3169
3735	1555
1780	361
4784	3019
5132	2068
3725	3368
2318	37
3975	2862
5172	2113
3937	3643
1780	92
3169	928
4229	2956
1080	350
1778	906
3169	718
1780	700
3170	2936
4347	3323
5148	331
4183	453
1153	418
1670	1402
3858	3222
4110	1741
1533	1133
4752	921
3169	2765
3153	1859
4698	1990
4496	920
3169	2224
4229	4107
348	118
3920	3578
3744	1766
4081	2279
4850	4642
5107	3776
5184	4275
4144	4030
4864	4203
3216	908
4043	1532
3169	1603
3281	2200
4803	3627
2764	2164
4224	1307
4229	530
2582	1565
4412	857
4771	4328
3459	275
4491	1907
3096	1601
3834	2778
3334	198
4350	3920
1608	713
4993	3548
3773	348
4526	3459
2050	1206
4347	251
3636	3557
1697	1533
3464	1874
4347	22
2764	2486
2486	2065
4967	2043
3810	1919
2735	673
4031	1780
2970	2318
3015	1025
4239	167
2510	2500
4666	1808
4315	1338
2904	713
3425	1533
4347	3001
1938	1758
3713	3630
1133	422
5215	2970
4229	2842
4841	348
1780	1010
5074	2158
4244	2207
2863	897
4113	2974
3648	990
5052	1469
3920	1481
4229	1352
3426	348
4663	1942
4729	2158
4784	717
3937	2158
3039	45
3546	707
4315	2087
3599	1153
5107	4961
1010	609
4527	4031
2605	2207
3553	2982
4487	3264
1179	566
3169	328
1565	809
5018	4963
2043	1310
1089	824
966	45
3206	764
3472	1777
3169	44
1568	1565
4229	2901
3177	2318
4102	2935
3734	1892
3169	111
3059	798
2605	2603
2272	327
1657	1016
2308	1606
1723	1415
4984	4841
3599	329
4229	3334
3331	2974
3501	336
1034	698
2709	1234
3493	3169
3635	2048
3849	1377
2559	2033
3338	2862
4113	2243
4351	3843
3739	33
3534	2850
4803	976
3920	2486
3534	1331
1493	1338
745	387
5154	2617
3425	3191
4347	2540
1638	1555
2423	716
1646	707
5132	656
1555	803
3776	265
4435	3975
3605	3481
4229	1310
4429	2258
5052	1968
2904	1196
5215	3635
3058	92
4729	1166
3790	2486
4183	4031
2875	2158
2529	2479
3755	3572
1704	1206
2775	707
773	515
4441	3169
3596	2573
1179	581
3025	2258
3501	1789
1469	1020
4841	3785
2486	22
1656	592
4864	4137
4752	4539
2588	1059
2936	2579
3627	1695
2358	1331
4026	2048
5062	3601
3672	1881
4347	1581
3877	2946
2113	1166
3512	1016
2547	1188
1353	1059
4597	1273
1758	1423
3289	1163
4144	4054
610	313
4232	1226
1708	1310
2486	2304
1235	461
4623	1555
3240	920
3689	3169
4527	191
4496	2068
1555	870
3169	2874
4864	4153
4970	3141
4187	2026
3169	796
1033	764
3012	1968
4037	1347
3546	1609
4229	2617
4229	1196
5124	3020
1942	516
5177	707
5187	2318
5177	244
5234	4841
4311	2993
2993	231
5161	618
1759	1574
3917	2318
2486	1493
203	118
4695	1680
1966	220
3077	1723
3309	2158
5020	1656
4244	2603
2778	976
3635	3528
4205	3755
4610	231
2222	1777
2555	2486
1033	213
4168	2993
3288	882
3896	3557
5133	1524
3553	1697
3907	3812
2850	1331
2946	1948
4229	2058
4907	1555
1697	348
4968	3007
4666	3306
1339	872
313	231
4963	578
1777	1225
2603	1153
1338	622
4270	2158
5118	4320
1833	348
4527	3531
3937	218
1555	491
3790	110
4864	2974
2603	2304
4281	1555
2928	2641
3260	1532
2739	1656
5164	844
3203	2245
3744	928
2956	1133
2050	1455
3570	2075
3468	819
1338	803
2656	2065
4157	1587
3169	1173
1344	921
1469	92
4615	4549
3553	3425
4989	3088
3769	1418
3920	3338
4347	1469
4469	3964
1780	139
4054	622
4736	2318
2573	2391
3755	1455
2240	335
1758	709
3975	2315
4864	1574
4347	1141
1646	1166
2566	1720
4777	4663
4229	1551
4275	36
3281	1370
3417	1565
371	221
4229	3144
3331	371
3210	92
3169	196
3920	2117
3169	2536
3338	1968
2385	1166
2562	1555
3723	1981
3169	1039
3173	2258
1010	550
4970	2105
1581	209
4244	1741
2608	1469
2961	745
4705	3502
1602	1166
4838	4031
4656	347
4608	1602
4493	2935
3643	3431
4327	2456
5238	618
5153	1039
4276	1469
4224	663
3169	449
3834	2047
2068	920
3210	1708
3240	1757
4168	3907
5238	1890
3596	1928
4685	3169
3240	2050
5196	717
4873	1179
4864	4414
4639	3858
4012	3531
2158	166
4193	943
4031	1493
3169	244
4412	1833
4864	1305
4597	2846
1555	166
2318	1494
4329	3877
5134	2387
4776	2665
3477	2529
2732	1931
4104	2270
2581	2330
4066	1469
5240	2515
4429	1741
2451	1555
3887	1907
3088	1721
3030	1555
4383	1555
3982	1758
4993	1344
2617	231
4838	3169
2451	2245
4784	672
2946	2788
2318	858
3896	564
4187	2719
4582	4015
3361	2797
4012	2756
4157	348
1447	700
4446	28
3216	1581
4229	3600
2260	1757
4229	3123
2222	961
3975	166
3572	191
5050	4102
788	371
4467	4225
2757	2528
4031	992
3896	3169
2158	469
4446	3672
5154	1338
1758	29
4008	3216
3293	2896
2358	191
2641	1447
1833	876
2797	1685
2387	33
1555	121
4864	3152
4895	4128
2764	516
4276	1131
4943	292
1080	972
2755	1507
4732	2775
4412	3240
4253	106
5134	938
2396	2158
1555	137
4899	1638
4317	2258
3249	2709
4823	599
4229	3546
4104	602
2244	236
4734	1331
5215	3001
3169	567
3901	3169
1486	191
4253	1780
3397	1235
4513	300
2751	33
2417	599
2486	1574
4225	1170
4493	1338
4852	1270
5215	3840
2954	1555
5222	610
5238	1889
5062	2050
1700	602
4663	1533
4229	2897
4958	882
3803	231
4600	3169
3570	1307
4746	1574
4608	350
3835	1010
4015	1469
4852	1834
4737	2158
4229	717
4746	2089
5107	2579
2980	2158
5205	2641
3169	836
4608	3998
4777	1555
4385	335
5020	374
4572	1998
4537	3888
2970	1469
3599	2641
3390	2528
5157	1565
4229	1469
1338	446
2154	1020
3566	92
3481	1878
3877	57
4744	2608
1656	329
2324	1219
1133	449
2965	335
1990	675
4698	710
5161	3682
3553	819
4229	1581
1779	1106
2562	2158
2003	1907
3739	2708
1019	1010
3464	2069
3289	2012
4503	1555
3169	1065
700	45
1555	636
4939	2065
3483	156
2623	2486
2895	700
4252	3877
4372	1968
3834	2418
3998	3022
2922	2445
3323	1757
3285	2240
4229	675
2723	1377
3622	764
2824	1741
4252	1390
4483	3937
5215	2993
3206	2344
4663	156
5081	4075
2500	1691
1781	1206
4412	1179
2970	417
4608	836
4766	4282
3723	1555
3169	1350
1914	167
3975	3216
1907	711
4107	710
2601	2556
5149	3169
3937	142
1070	36
3998	111
1469	409
1455	498
4514	2540
4656	920
2031	1995
3877	1080
2033	1080
4608	1907
4031	2219
4412	4310
2344	2083
4224	156
4054	1555
2486	1968
2318	417
3739	2486
4244	1803
4066	2999
2752	453
5037	1757
876	543
4157	2258
2970	2113
2258	1608
2808	15
2510	545
2878	1995
3975	3359
4864	1361
4864	2225
4771	349
3755	2315
2665	1025
3960	609
5072	4435
1206	982
5238	2617
4193	2068
4999	4663
1555	464
3979	1344
1270	700
2863	1117
2902	330
4235	111
3490	2957
1888	1833
2603	1798
3769	3019
3723	3187
3169	1779
5137	1555
3049	864
1047	348
4838	3289
1878	387
4864	1741
4841	3553
3931	3626
4168	2603
1316	1206
3017	464
2158	583
3169	512
1235	711
908	140
2528	1153
3648	1481
3957	2358
4070	3141
3969	1870
4347	1494
4054	943
3134	2462
2486	1780
1170	519
1824	196
3084	33
2791	478
4229	169
4220	1235
1455	222
4229	745
4873	4168
940	489
4934	167
3802	1842
5247	2154
4026	1206
3109	803
4116	209
2603	582
5134	1574
4803	3462
4666	1708
5035	4497
3408	2258
4580	3169
4572	4490
1948	276
2299	2114
2709	2344
5063	1133
5062	2663
3565	1555
5020	3389
4988	3169
3401	1273
3169	176
566	22
4825	4608
3677	858
5020	4383
925	717
1235	28
4229	2006
1555	498
5026	656
4081	710
3281	1878
2518	751
1555	1338
2282	1185
1919	423
4537	3265
4229	326
3169	1989
835	329
3510	2354
4961	640
2258	461
4031	3776
3323	2999
1685	1657
1533	978
4412	1270
4347	2117
4282	2006
4705	1375
1741	711
4744	4689
1133	460
4864	1374
4229	498
4302	3169
1581	1469
1047	553
3843	546
2070	1757
2026	1922
1981	218
3461	3390
1047	859
5074	2318
5062	700
4161	2089
5134	4244
3867	328
2967	1995
3169	1581
1913	1133
1904	1301
3856	564
2902	339
4347	566
2510	2157
4255	1331
4841	1723
3015	2114
4496	1565
3648	191
2586	599
4347	990
3834	3012
3548	3176
4274	2486
1968	1133
4530	4275
663	212
4766	3462
4220	700
4187	1010
5022	3169
4717	2957
3531	2304
3205	1555
4229	3515
3464	3220
1447	350
4963	4220
4968	1039
3810	1627
3849	2406
3575	2559
4736	1845
4864	1683
3849	2017
4386	3169
1700	1455
251	37
4864	3627
2357	1567
576	0
4784	4021
1268	1105
2050	1741
4891	4623
2725	1307
4963	572
3635	1670
4729	2970
4841	602
4537	1532
4157	3637
2850	2315
3942	2240
4934	1555
940	599
4144	928
4440	901
1585	667
4347	3896
4899	2643
3191	2850
4438	3341
4656	4310
4734	2070
3169	2956
3000	1555
2318	469
3216	3109
4347	3840
581	251
5239	4446
3834	1235
4608	3896
4627	3976
1723	1316
5173	460
4259	1047
4324	745
4493	2358
2641	961
3368	764
5215	2349
1469	924
4220	4030
3823	3716
4478	2298
684	231
4663	1373
2529	1387
1080	839
1942	1758
4963	4627
566	331
3012	1455
4385	3888
4079	3858
4385	882
2315	1581
4803	4110
3536	1162
3835	3169
3153	2423
917	595
2279	1455
5215	4841
3170	2623
5137	2603
1353	213
3928	3472
2765	2544
2642	2562
4116	700
4286	540
4513	2384
3907	2864
2240	1029
2486	2069
4191	3734
1889	1435
2219	1565
3169	566
4945	2452
4229	1113
2258	1565
4383	4229
2258	1922
3920	2477
4229	1382
3998	2158
2343	1133
1766	1571
2756	1870
2759	2559
3295	236
4841	231
3776	700
3605	781
3275	3169
4157	929
4981	3234
4941	4274
3275	2694
1602	593
4478	1780
2418	1758
2318	1415
4864	3979
3877	350
2396	1555
4864	3055
5132	990
4229	2797
4347	1339
2075	209
3169	709
2065	1481
4469	4347
3622	3575
3830	468
5134	3169
4841	1219
1704	1162
1555	417
4229	4152
4229	2990
3549	1708
2617	2364
4347	4252
3169	1994
1469	992
1571	1570
1777	882
2358	2254
4496	3240
836	348
3546	2318
5157	3979
2529	1868
4864	198
2031	1602
4615	1697
3146	22
4608	2623
3648	92
5222	564
4041	1532
5118	3790
4229	4049
2725	1889
2076	196
4225	4207
4513	4464
2956	592
4026	3592
2486	2451
4263	2258
4021	561
2207	711
4435	4347
4311	231
3448	2158
4229	2635
4229	2158
2540	1213
5181	4229
4809	4694
4012	3769
4487	606
2315	449
5118	3044
4864	4429
2756	2304
4988	1429
2486	2268
2361	22
3942	1574
4229	1955
4479	105
292	267
4614	4451
3622	2510
5151	4229
4483	1058
3289	2336
4229	803
5139	1555
4275	2070
1780	1096
1442	924
3338	1708
2182	118
2069	628
4838	4205
4224	142
5215	3773
2747	609
2993	2617
4012	105
1344	233
3045	1125
1206	897
2063	1656
5146	3810
3548	2842
3169	1789
2154	1529
4372	3637
4229	854
2596	202
3957	113
2299	1210
3515	1010
3265	177
4981	582
2258	2063
3510	636
5144	2351
4030	1481
1735	1627
1133	276
3359	2270
4385	1212
3596	1447
4019	1585
4052	2983
2486	1670
3962	2258
3975	3169
1447	618
2957	1697
2258	1683
3352	2957
4383	259
2114	1208
3596	1113
2222	228
4229	628
4010	1481
4663	4081
3773	2486
4331	3424
3477	516
4496	1663
5215	251
4879	1585
4752	928
3338	2117
4689	2451
5052	978
4157	2499
4974	105
4530	1010
4290	4229
4656	4229
3975	1206
3012	2304
4659	2258
5196	803
2863	348
3566	990
1353	1265
4229	515
3509	1007
1928	347
2777	2258
377	44
5130	2935
2562	2318
4229	62
4244	1907
1533	294
1555	1166
746	218
1603	449
3170	707
3221	2157
3626	1889
5132	1780
4864	3696
4229	4051
3275	3015
2579	1086
4521	3169
945	564
4864	2759
4008	92
2550	418
2358	1723
2582	1758
4737	118
3023	2677
4864	4028
2579	578
2756	1766
2396	2318
1104	599
4030	1588
4698	1833
4004	716
4673	1741
4104	1469
4229	2157
3169	800
2087	531
2954	1565
5196	553
1429	931
4729	4070
3453	2914
4852	3931
3335	3169
3907	1170
3589	2240
4104	3109
4493	3648
2850	1691
1212	348
4864	1566
3169	2966
5254	2694
2318	745
3963	1555
2263	527
3169	1742
3472	1779
3281	1981
4941	3363
3220	2065
4229	4137
609	579
3625	2532
5153	3496
3169	2515
3635	1708
4111	2486
3169	2557
4116	3087
2582	1133
4759	3486
4137	622
3944	3169
4440	4275
3820	156
5177	3169
1777	202
4924	4229
5177	1646
5148	4347
2756	2456
4347	1697
5036	3602
4771	717
3426	610
4259	453
3331	2583
4493	1780
4347	1350
3144	1955
3169	2951
2499	897
3169	1426
3308	3169
3877	2318
3265	436
4864	1387
2318	1723
2263	23
4692	1206
3596	1990
3896	2158
4537	3169
3867	1020
2036	1455
2222	243
1435	610
2158	1352
3012	5
5232	3553
3627	1265
4263	1938
3019	1094
4392	656
1780	1646
3169	1995
2207	582
4988	2850
4274	1989
1781	1565
1555	37
5081	924
1581	966
3785	3553
1870	582
3338	2077
4054	3023
4372	2486
4864	3890
4873	3529
4933	2960
3987	1536
5225	2318
4705	1513
4883	2510
2993	1339
3773	1481
3039	1555
1803	270
4243	924
2663	191
3835	2207
4183	349
4383	3452
4663	3877
2603	294
3997	2240
1494	371
5063	2756
3975	2850
1554	1455
4128	2219
4572	2205
2896	2777
553	348
516	489
3323	1555
4556	218
4539	2663
4255	1601
3001	348
4161	1802
2919	492
3091	700
4275	3896
3643	2875
2258	941
5240	1146
3169	497
1585	1303
3503	2775
3637	2558
5148	5020
4841	1047
3572	2862
2582	1779
2258	29
2875	1455
3689	92
4663	4359
4435	2315
4229	2424
2330	1708
3169	2076
1179	347
4864	2668
1469	716
3169	1351
2999	1469
3468	773
1039	440
3830	1798
4229	2747
4028	453
4075	2234
4008	3755
2603	2445
4864	3425
3510	2902
3240	198
2946	1331
4347	3169
4659	853
3241	1606
2935	1739
2486	1927
4614	1768
1493	1119
4229	1350
3169	2954
4333	2089
4201	1708
3169	213
4422	2500
4193	920
4608	2031
4864	2117
3425	2595
2219	1533
4028	1757
4864	3963
4347	1691
4663	1513
1904	1507
5240	4229
4476	3169
4813	4229
5172	3669
1265	904
1779	1072
4496	3630
2757	2309
571	561
4864	3072
4229	583
4676	3682
4698	1146
2781	1227
4128	4102
1170	931
3677	2158
4663	1779
4259	2875
3755	1626
1741	44
1779	1447
3835	1565
1170	105
5244	2529
2764	940
4943	3395
1734	191
2643	2555
4608	1111
1907	1638
4642	1377
3546	1166
4183	4030
4864	1758
3015	1273
3856	1870
882	674
581	328
2704	33
4784	3084
3512	599
2529	1131
2755	1533
3602	2765
3109	1455
4113	1080
4731	1876
3803	1058
3321	3049
4070	1034
3217	2258
3602	1173
3448	45
5018	1390
4608	2656
5238	1435
3169	543
3354	37
2486	1588
3546	1338
4695	1555
5157	3637
5143	2805
3483	371
3321	582
4101	1779
674	113
2849	2612
2075	17
4511	3109
3399	1555
2089	1089
4464	3366
2305	2003
4078	2406
4663	3739
3338	1481
3169	1447
4784	1533
3877	240
4850	824
2225	2158
3615	2777
882	153
3363	1697
5215	1212
2158	1166
2050	628
3169	2087
4229	3176
2641	1574
4608	1989
4229	196
2158	1609
4783	3557
4698	4275
3548	33
4229	3790
2540	2207
3331	2349
2970	2540
3937	1141
4784	3834
359	105
3214	1555
4656	581
4910	3285
3191	3165
4270	2999
4864	3637
3169	2258
3548	1931
3845	2965
2486	36
4274	4229
3630	3338
4229	262
1072	707
4811	4198
3045	1447
4879	3008
3548	1021
5154	4347
3882	1602
2358	1955
4026	982
4207	2956
2200	335
3169	3001
4243	348
1447	469
2881	1757
3648	1887
2050	1554
1455	1331
3146	1455
3976	3526
4527	4030
4153	1235
1708	1469
3366	516
4800	2735
2486	498
5232	2087
604	540
1723	1350
2258	1096
4899	4639
707	44
3289	2358
3549	2847
4229	1881
4440	3974
4311	2072
2623	2089
1146	675
4116	3877
4608	3546
3834	418
3169	2900
1352	978
5050	1734
4926	2258
2936	622
478	213
4244	2154
4729	3546
5257	4229
711	564
2970	1555
3323	3210
4063	1047
1787	1739
3000	1424
2904	2732
4703	2451
4688	1033
4327	2081
4191	1007
4752	4030
5020	3835
3975	1455
3896	1469
4066	3975
1555	858
1113	618
1455	227
4435	3920
3509	2756
2326	1555
2764	2258
3019	1602
3169	3134
2899	1656
2258	1849
2642	1307
2486	1469
3515	2003
2983	784
2681	931
4229	106
1360	878
1365	202
3549	33
4297	2065
3825	1104
4259	2225
4864	3975
4663	3019
4229	3897
4028	2603
5056	2776
4229	1565
882	852
2318	118
4864	1829
3169	1346
4487	742
2219	1757
1625	781
1125	718
4781	1447
4446	1086
1655	1338
4229	4066
5215	5052
1469	928
3663	663
764	339
4270	4066
2623	1555
4229	557
4663	2062
4290	1570
2663	1708
2263	1878
4864	2318
3216	2999
751	45
1704	1451
4864	3562
1469	553
3785	1942
3627	2709
515	28
4229	622
2311	844
3570	1555
4043	3169
2863	1131
2222	1653
1469	1350
4347	1708
3225	3177
4914	4359
3025	2970
4031	3867
4813	2158
4864	3141
1366	713
2258	1646
3825	3206
4111	2304
2069	1588
2396	1741
1360	1047
4483	2549
1758	1047
4229	839
5062	801
3195	549
2158	335
4673	2709
3605	3510
4970	1243
4275	578
4608	3669
4879	3890
3526	3015
4663	3602
2358	1881
3169	1380
4015	3341
2151	847
5050	3636
2777	2358
4021	2000
4552	1758
4412	1741
2358	2070
4008	2862
5154	1981
2788	2318
4692	745
4771	1435
5172	1646
1850	1585
3384	1555
2065	1780
4608	3001
1904	921
3169	2623
4318	2709
3249	3169
1628	1133
2069	1874
3169	1236
4229	3907
4459	52
4777	4608
2951	1697
3169	2311
5050	3529
4030	3566
4999	3509
2331	1683
1845	1273
3825	2573
2919	1455
3627	2222
2756	2581
4383	1441
4998	2240
5187	2158
1734	1533
3359	3338
4597	137
1247	392
4276	1585
2157	19
4864	2159
1758	1578
1555	1328
4864	735
4961	2413
4825	1469
5177	2113
3169	218
2089	824
3169	1317
1758	1529
2850	460
4168	992
2158	1989
2709	128
4350	1352
1212	852
4967	4229
3387	1197
4625	1447
1447	1133
2896	525
4934	1493
1469	242
2717	1990
4787	3602
5118	921
2755	2158
3295	1708
2486	166
3969	2603
764	243
5153	3169
1188	1034
2158	1350
1099	328
2999	2486
4310	399
4864	3950
3169	2961
4999	2756
1904	924
2050	1481
4385	2240
4841	515
4113	3169
2524	1994
2946	329
2709	166
3169	359
3260	3015
3147	1208
855	196
2245	191
4734	2217
1708	672
4435	3191
4807	2126
5108	2556
5157	1757
3888	3015
111	92
3134	1555
3510	1878
4063	1757
3241	1370
2240	1162
4963	4117
3141	1700
231	155
663	100
2756	2486
4766	1533
2717	2164
2617	1780
2957	2553
2304	1799
2936	2158
4663	2381
1359	966
4873	4310
3975	1691
745	564
4229	3678
3960	519
4342	1907
2961	1779
5184	1721
2050	990
1646	566
4310	1833
4895	192
2780	1828
1455	18
4993	3176
1700	1331
1070	1016
2558	2110
4580	4084
3739	663
3591	3169
5215	836
591	209
1907	1705
2158	1602
4329	2451
5148	920
2332	745
3169	2660
4355	4117
819	773
423	22
2486	1352
4229	1781
4734	4144
4111	553
2603	276
3323	2318
2318	1270
3785	663
5251	2902
3979	887
4193	3566
3877	941
2245	700
3169	37
1455	45
4595	3510
2418	2012
4464	4229
3496	267
1310	196
4031	3553
2542	674
1655	1270
2258	1003
2234	2158
4043	3643
1917	37
3937	2318
4841	2562
3368	2732
3802	1316
4412	4384
2451	644
4823	4659
4281	2540
3055	1447
4073	2304
3506	1766
1931	631
3169	2772
2159	1656
3001	2486
5184	1206
4663	1895
3016	1892
882	177
4297	3643
5109	700
4537	2846
1307	1163
3596	169
3790	3220
3502	2349
3449	2033
4008	2315
5247	4229
2965	2603
2318	1382
2166	1780
2957	1533
4490	4321
2117	2087
4229	10
3472	3323
5035	1581
1700	209
1663	1344
4744	1533
4963	3848
3877	3776
2258	1176
1111	140
1078	174
3755	1469
2284	515
2486	26
3376	3169
2603	735
5052	2486
3459	2486
3673	453
4347	2999
1889	1134
2812	1010
2344	339
3669	2318
4275	276
2075	1347
3611	1469
1469	1111
1780	990
4864	1111
1435	498
2240	1034
2709	1353
3920	1466
2993	1889
4229	410
3882	583
2757	1273
2332	1601
3835	1206
3599	1870
4752	4275
1775	1133
4366	1208
5154	3368
3334	1529
4003	3393
4698	4107
5196	1995
2808	105
2603	1049
3602	335
3472	52
4229	1111
1469	1413
4229	2254
5133	649
3169	2580
4716	4229
5250	3307
4229	44
5177	4729
4628	1704
4315	348
3169	3019
2700	1565
2775	1587
5062	583
4229	2608
5184	1757
3039	1135
3331	2540
3975	2258
4323	553
4031	1657
2158	1494
3101	1086
3169	1845
4435	3165
4229	3241
2477	2048
3169	1942
4666	746
1913	579
4286	3605
3203	1655
2525	1705
4347	1310
2432	1759
2104	549
4467	1507
2735	3
4229	3033
2154	1533
4579	2698
4864	3045
5020	1833
4168	4008
3648	1881
5244	5196
4073	290
2064	1447
1179	399
2258	294
3169	868
1655	423
5050	3623
2358	1481
2318	491
2773	1741
4623	110
4986	3548
5172	1338
4229	3609
4270	1670
2559	17
2553	2207
3755	1565
3169	3109
3459	674
709	566
5215	3596
2104	1741
4988	1691
4117	3843
2224	1447
3169	2378
3506	1887
4813	1352
1059	1033
4229	1854
3843	339
5215	57
4771	2617
1493	209
3557	1834
1907	1243
2862	1700
4478	1412
1820	695
3169	1938
1708	1339
3874	3725
2936	2033
2499	1587
1555	684
3834	976
2735	1555
2072	1339
3408	1493
1718	1427
4579	4359
4864	449
4229	4008
4967	1206
4736	1307
3529	2358
4868	2311
5107	33
4435	1708
4593	349
3483	1004
5118	1588
2158	1390
2318	803
267	142
2486	1533
3169	1566
4440	74
707	140
4864	3896
5222	1741
4235	2244
4435	2217
4342	3464
4116	803
3389	1603
2158	17
3643	928
4623	3773
2549	839
3334	202
2546	1455
3483	3464
4191	917
3790	1390
4259	1133
3566	749
2797	453
4026	566
3810	347
3169	188
3169	281
1447	1206
3169	491
1656	854
3220	2069
4999	1870
4472	3169
4970	4663
1435	717
5114	1870
3458	2234
4244	3331
3835	2989
3216	803
4229	841
4244	3169
3510	1555
3896	1555
4864	4152
4311	3931
4021	3366
5238	3931
3000	152
3019	1366
3843	3290
1646	1555
4807	3669
4084	2486
2318	246
2154	1697
4752	1585
4608	3376
4858	3391
1351	1206
4864	3352
3169	996
5161	1555
4347	2708
1585	469
4967	4467
3572	1700
2486	2361
3896	1206
3169	2012
3719	3627
1907	335
5215	4157
3849	1989
3627	2694
1427	156
3366	1779
4201	2207
3755	2258
3101	1173
4879	2064
4734	700
847	196
5062	857
4899	3794
4462	1469
2456	1133
2373	1565
4737	1741
3169	2723
3881	33
5108	1343
4497	4229
3931	3323
3293	1965
3039	2536
3881	3391
2914	1533
4864	111
2776	453
2731	92
3169	2234
4110	1870
610	231
4734	3592
4539	990
4153	3458
1025	663
2076	1469
3531	2756
2033	622
2385	2155
4383	3503
4694	1435
3019	1870
2486	1581
3782	1757
2151	2065
5052	2318
1206	294
3917	2258
3747	45
4891	2318
4327	1533
4213	3169
3109	602
2207	1080
5047	2282
4315	4161
4521	549
3887	3169
2842	2775
4497	3781
5035	3169
3165	3141
5222	18
2298	1533
4485	1206
1555	1415
3843	3602
5134	2583
2510	2223
4850	1989
3281	3169
1948	1447
2982	1697
3020	1723
5020	2418
4864	3389
4066	1402
3669	707
4093	3776
5215	4229
3169	336
3169	2524
4496	2050
4350	3359
2904	1429
3635	192
2385	1602
4213	1555
4934	1338
2490	106
5252	4899
4093	640
1945	1007
4771	3426
1968	1565
1170	348
4864	2838
4030	1874
3169	2452
3288	2756
4514	4113
3072	1907
3962	2087
4031	3529
3000	1469
4026	2595
3206	2563
3165	602
2158	636
1759	1021
3169	142
921	687
4513	1555
4429	934
1525	663
2895	1582
4030	37
3039	1359
4861	1469
4970	1304
4873	4412
2863	2499
3769	1819
4678	3463
5172	3169
5196	1435
2617	510
4841	1555
2612	2263
5148	4868
3649	1555
1235	934
4347	3565
4229	4138
4229	1585
5177	4608
3363	3169
2765	281
4229	464
2850	1581
3834	1366
1331	803
3708	2157
1601	177
4347	4030
1273	1268
3169	2980
4229	402
3856	1387
2768	1574
3458	489
3363	1513
3295	33
4229	90
2902	2680
1555	156
3643	2279
4253	4229
3643	2033
3636	1555
4030	3529
4970	111
1606	1555
1931	196
992	191
5104	2957
3758	1307
4320	857
2158	417
4229	3091
3080	1188
3376	2623
3510	2970
4026	156
3907	3308
4487	2259
4736	2075
5062	3169
5107	4229
3265	3169
3479	2158
4838	2245
2486	2076
5184	3755
4229	2212
4807	2240
1225	773
3643	300
3001	673
2445	564
453	28
3216	1402
4307	2291
4597	3015
2764	2234
1186	281
2486	1481
4967	4864
1697	1469
3359	92
2318	928
4116	1759
4483	3279
4671	2291
3572	1670
3307	2258
4809	2643
2922	1173
4627	3907
3546	2031
3907	1574
3575	740
3548	2550
3463	2549
1555	1424
4572	3528
1338	1082
3522	2775
2070	1555
1344	1104
4963	2780
2805	2279
4493	1718
3289	1455
4037	3773
2999	1942
4841	561
4412	3091
4864	1529
5203	4104
4479	882
1585	1447
5177	2031
4963	2070
1424	1338
2422	1206
4447	1455
3548	270
4871	3759
2965	2200
5134	3331
4864	1587
3015	2332
4561	4031
3141	2358
4446	1004
4873	2586
1366	1270
4998	3012
3802	2935
3510	2471
4412	423
3566	1369
4229	3231
3596	1700
3085	2583
4270	3169
2722	1555
3169	2885
4543	3169
3109	1331
3240	2068
4030	609
3856	1757
3045	1206
5089	3963
5050	566
4958	233
1965	45
3635	348
4864	1447
2993	348
3169	803
5020	3596
2318	1390
4355	33
5154	2158
3755	1131
1493	1206
4347	1995
1720	92
4066	3323
5088	4229
4093	1344
2354	1868
4734	3572
4627	1734
4104	1968
4259	4208
3169	1159
4384	3020
4244	1235
4128	2616
2258	1080
4310	700
2158	1850
2567	1162
2919	1705
5153	1188
4988	2251
4838	4555
5172	2318
4008	1691
4104	3338
3220	92
2418	2258
259	92
4705	1745
3867	33
3534	2318
4864	2788
181	74
2525	1799
3773	92
5154	334
1723	1047
3463	33
4030	2358
4270	1555
4555	3773
3084	1507
3503	3169
1833	22
5050	4627
4613	2087
3169	361
1601	745
3575	2936
3241	3221
3025	1555
2850	92
4029	3169
5035	4104
2595	1047
5050	1555
2219	1107
4026	1919
700	675
4104	3359
4729	1111
2846	2263
3888	2808
3169	1082
3920	1670
2318	1870
4642	4229
5035	3109
4229	3572
2605	2258
4436	2559
2358	348
3047	1747
2318	1493
3630	667
4873	347
2622	1878
4104	3572
3580	3575
1493	799
3136	1759
4270	3216
4144	1533
4229	1928
2050	251
1708	602
1780	921
1723	1555
2583	1133
4729	1555
1533	1107
3338	348
865	644
4446	2056
4490	3169
2033	855
4229	3059
5118	3220
5222	3169
2660	1447
2486	1113
1708	195
3295	2072
4511	26
4543	2445
4841	3214
5203	3920
3363	1926
4984	3881
1990	1833
2354	1188
3553	2258
5157	3459
2646	839
4229	3141
1734	92
4447	2258
3462	1467
1424	152
4490	2741
3840	1723
2709	221
4552	3907
4021	3477
2031	1243
2935	1787
4412	700
2936	847
3572	2217
4347	2897
4229	3009
4321	4207
2510	1039
4102	2595
4228	2419
5050	2623
4963	2703
5050	1646
2479	2357
2901	709
3834	1424
4561	4229
4229	3285
1472	0
2665	709
4081	2956
4663	4436
3169	756
3920	1403
4656	1919
5154	3694
3856	10
2935	462
3169	621
1555	1369
2201	1206
3835	2311
4734	29
3191	2358
3426	1004
4493	2245
4886	1656
3169	52
5026	618
2612	1208
2258	2219
1402	803
2623	2318
2515	1338
3975	1700
4736	1555
2623	2158
4229	188
3998	2970
2113	583
857	707
2970	1609
1919	700
5020	1990
4229	2313
3611	3169
3843	781
3323	908
4347	2936
3528	3338
1047	18
3803	2757
4101	2486
2717	1555
1427	166
4597	3874
1608	1493
5121	1555
4275	3217
4350	1955
3562	1469
3170	622
4446	1911
5148	2361
1235	489
1469	118
5143	2207
3781	717
5222	4224
1225	228
4383	246
4627	2258
4873	700
4805	3008
2989	2603
5132	2486
2373	808
3840	37
1435	553
3630	2961
2658	1555
5012	3169
4597	1712
3625	3548
4104	2847
1208	1039
4066	2486
5153	359
4846	1469
3391	2284
1466	953
2364	1656
2999	1402
2102	2084
4595	781
3384	3169
5154	1919
4579	3379
1834	1070
1741	1542
4864	2595
4491	1469
882	745
1033	440
4623	1133
5062	4412
4229	118
2318	1995
4110	1656
2234	294
4229	2248
2663	263
4813	3503
5052	4347
1955	1113
2157	781
2603	2451
3	0
5215	2258
4663	3177
3141	602
4701	1907
4993	4464
2240	244
3216	1670
4961	3776
3463	3323
2529	1585
2586	1197
622	209
4642	3849
3975	3572
4941	4642
2559	2528
3012	1206
4864	4168
3960	3566
1533	1086
3877	940
3975	2486
1758	100
3109	1670
4864	4272
4826	1208
2478	515
847	213
640	578
2406	2017
3169	1029
4600	882
4493	1170
3920	803
5050	3334
4462	3169
4191	3016
4347	3611
1047	700
3015	864
1133	1131
2451	917
5112	1832
4203	1758
5222	4111
3920	3141
2864	609
4869	934
4608	209
2529	460
578	564
4608	3565
5050	622
4597	3275
5250	1555
4551	141
2387	938
2993	155
2559	100
4229	1211
2050	2033
4311	33
498	348
3798	3169
4031	3203
4031	2358
3982	2268
2656	1555
1423	1043
3191	3109
4868	2358
3169	2332
4873	4656
3960	695
5020	700
4483	1657
5215	1170
3165	564
2623	348
3216	3169
2243	1565
3091	2869
3755	1700
3617	1151
4229	727
1493	847
906	156
2158	1212
4276	3975
938	270
3020	835
2234	940
2243	1656
3849	2089
4310	1317
4864	3590
4513	943
2315	1700
3483	33
3928	1585
4229	4068
4235	3744
4168	1656
3225	2012
4234	4014
5047	3015
1010	290
2258	1025
853	371
4846	4229
4104	1708
4873	1907
3957	2532
2542	1165
2087	1859
3529	1086
4841	2967
4552	2258
3206	339
4229	2411
2258	1574
4579	781
2258	276
3802	2456
4116	3635
5234	2130
3963	700
3602	764
4869	1574
3170	233
4333	2017
2047	901
1125	348
4963	328
3643	330
4315	3017
2207	29
2387	917
2556	262
1555	1047
2031	583
1208	1096
3169	1212
2727	1824
1574	636
3359	3169
2361	515
3888	137
3159	1765
2709	515
3426	1435
3627	2263
5207	3889
1469	836
1211	17
4813	3548
987	576
4864	3016
4476	3937
1716	33
1025	822
990	609
1565	1080
3169	1724
2896	45
4552	2358
4840	2708
4811	3323
1571	485
4003	1403
4608	3177
4627	1757
4864	3217
5020	1928
2641	2222
5133	197
4243	33
5215	3359
2549	92
2612	764
4663	1567
4825	1555
5148	4970
2486	409
4073	2756
4861	2158
2031	1166
2151	244
3390	3109
1176	1010
2332	1723
3045	1757
4031	1486
2047	1565
4012	2304
3072	2358
3882	1555
3285	71
2946	2540
3627	3169
1670	1585
4861	1555
2087	1447
2989	18
3281	218
4569	17
1307	359
2258	1351
2486	92
4275	4104
2583	938
4875	3888
3260	2846
5225	2158
3169	1133
4093	3459
2018	573
5118	2069
2315	1331
2087	1034
4864	2432
3169	329
3944	876
4627	2579
3176	887
4327	2646
4229	3364
2540	1080
2023	1471
3881	878
3682	151
1472	1147
3570	1034
2764	1151
4825	3169
1133	28
348	328
4963	3856
5118	1542
3834	599
281	33
3877	348
2158	290
4014	440
4274	3849
3596	2358
4864	3883
1751	209
4608	2936
4615	959
3602	2922
3548	2240
4031	2663
3169	3045
2518	511
4729	1609
5145	4347
1581	803
2258	1766
1833	399
1493	982
2573	924
4879	788
4550	3169
1442	1383
4347	3998
2755	848
3609	2318
1481	174
2983	2936
2308	2158
1928	700
3323	2486
2573	1507
1758	1096
1741	1663
4873	3587
3920	1758
4347	2270
4012	1799
1102	557
3169	496
2567	263
3265	2518
3191	2862
3896	348
4426	3630
2989	2764
4422	3169
4406	3858
3169	2935
3169	1532
4729	3669
1133	1066
4229	1232
2318	1628
2595	74
1942	348
5184	2500
5056	4139
4359	1680
4537	3015
4608	593
4993	3169
3426	155
2902	213
3575	2279
4671	3458
4490	4207
1307	335
4168	3338
3931	610
3136	599
4229	553
5062	4873
2065	700
4229	3210
3801	2258
3477	2381
2768	1133
5173	990
3602	1878
5172	552
2528	1205
4864	1439
5110	3169
4187	1004
3141	2850
2195	1179
2258	1968
3716	2946
3169	1907
1779	1427
3755	1331
1697	28
1555	1374
3019	98
3548	3008
4229	3251
2104	1442
4275	3920
4608	1493
3169	2225
4168	3323
1213	105
1768	233
4567	1532
1447	691
4168	1316
4104	3975
1881	859
5154	3134
2418	1010
1469	978
3570	1021
4229	1456
3969	3417
2970	1988
4031	990
4104	3755
2717	1094
4229	2999
3214	1447
5047	3725
3565	803
2764	489
4963	3101
4435	3755
3431	1007
4478	3834
5118	4412
4800	4476
5148	4207
4988	1350
2318	622
4539	191
2789	730
1555	1447
4483	3501
4104	3191
4083	2542
4970	2603
2605	549
3998	707
4005	1680
4678	1555
4828	1700
966	525
1988	1646
4071	908
3323	2957
2725	972
4875	5
1307	972
1493	1080
3195	1104
3463	767
4234	4229
3823	954
4864	2562
5035	4347
3609	17
5094	1507
4276	3338
4043	2518
4692	3453
3044	2486
2778	2603
3609	3169
4244	3834
4229	3189
4652	4608
2983	2432
1646	1111
4225	3596
1347	819
4600	2961
2847	2315
1469	1435
5020	1565
2756	2595
3975	3643
3987	1131
4663	3170
4383	2056
3937	1555
4229	552
3395	292
2847	45
2479	1133
1555	367
3528	3169
2765	196
4993	887
3169	1103
4297	3794
3025	700
3169	237
4116	3920
4347	350
209	37
1646	1609
4642	3548
1113	209
2993	1211
1723	1469
5205	2486
3141	2862
1609	1555
3266	3165
1705	446
2418	1757
5177	1555
3744	2279
3747	908
4530	2714
2919	231
3169	1876
4841	4229
3596	1574
1111	707
1995	1375
5238	231
2946	1555
5107	265
4554	767
3449	2727
4763	3532
3036	2157
236	111
5052	1555
3739	491
3458	1235
4359	1780
5211	4864
2656	231
4446	1588
2484	111
3331	622
4892	1472
1270	581
4229	4220
2709	2612
4104	209
2773	1078
4613	3169
3169	1571
4347	26
5056	1025
4600	1574
5215	553
4864	2378
3708	3313
3462	1565
4229	1784
4113	2518
4383	1656
4689	461
3972	1133
3529	1780
3546	1555
3755	1780
4142	2207
1565	1215
4317	582
5133	4394
1455	137
5207	1104
1928	1170
4372	2065
4813	1555
4229	2982
3469	3169
3572	3109
3309	1555
4879	3643
4613	3553
3169	2700
4784	3553
5146	4310
3366	1447
2966	221
2750	1927
3907	2582
2243	1758
4315	2529
3275	2058
2970	2354
4104	3565
3169	1243
4663	2581
4934	4511
2603	711
992	609
3012	1704
5036	1777
5154	2708
2298	2158
1889	155
2608	2451
3169	2548
3810	1735
3596	2850
4275	740
4224	1646
4841	2486
4752	2486
4970	4168
858	87
3169	437
3887	2989
4656	1627
4476	2756
4385	3015
4302	4229
213	19
2318	2033
4698	3596
1656	1047
3883	3425
3562	1907
3453	2559
5037	4864
3790	3464
4447	4275
1347	516
5036	2075
4207	2507
976	640
3515	1469
1833	196
1704	1493
2064	1574
5251	2263
3550	192
4153	453
3835	2258
4899	334
4347	1638
4275	673
2384	1565
3141	3109
2058	1247
1646	1020
2076	348
4350	1113
2956	1766
5215	2663
4243	2956
4331	1455
1493	908
1758	711
2201	1757
2869	1780
3020	1585
3963	2417
1034	747
773	52
1472	1052
2559	922
3501	2203
4224	1555
2318	1609
4864	2656
3169	152
3169	2255
5118	857
2532	1447
4203	3338
581	399
4850	3849
3835	1757
4867	3169
3510	1265
3834	29
4229	547
3856	2967
2850	1310
2709	2510
4026	1735
1798	468
1273	1039
3331	1044
4168	1565
1555	1212
4051	1926
4497	553
4867	1347
4315	2570
3169	1968
4483	1080
1344	674
4347	92
3216	2486
4436	4012
4663	3785
5154	1429
4412	581
2158	1723
1876	1133
4961	3907
4030	3572
4275	582
2358	1780
4652	2158
4579	1265
4663	3570
3630	1988
2905	2012
4436	1718
1469	446
4656	640
2017	1377
5134	1133
1469	990
4066	1555
4852	2069
4813	348
1995	1942
5107	2219
4229	1163
3622	2518
3214	2158
4864	2764
1102	231
3531	2358
1211	33
3981	3169
2999	2315
4043	213
3289	1117
5132	1919
3047	1133
4828	2058
5050	2936
4347	3338
1723	610
4144	2735
2520	990
2708	1555
1435	1047
4891	1469
4784	2617
4229	4086
2775	2157
2258	2243
3610	1147
3755	1708
5215	519
3169	2363
4834	695
4066	2961
3134	1723
4008	3920
2582	1387
3883	3169
2562	1415
817	663
3169	1395
4823	3759
4385	700
4451	973
2540	1555
3191	2217
4275	1829
3169	695
4471	3975
3425	111
5234	1450
1995	498
4229	1532
4623	348
1565	1471
3888	1025
2486	489
1845	359
2993	610
3497	2207
5238	717
5085	4968
4054	209
3907	1400
2318	2158
3109	1481
1555	151
2961	1529
1574	244
1574	516
1656	10
4873	4678
2680	2344
4229	3960
5154	240
3602	3169
4663	3553
2765	2623
2087	423
1734	990
5026	4347
1780	1758
4689	1446
4692	2816
4988	2258
4981	2764
2239	1245
3503	1723
1533	1447
4406	1447
1447	1225
1080	1058
4043	2680
1713	1555
191	92
3019	695
3773	1533
1133	602
4464	2178
4892	3169
4187	4086
4116	1043
3169	1427
2579	191
4229	4030
4582	1076
4734	4008
3677	582
3689	2520
2967	1545
4803	1721
4734	3141
1907	446
1990	1447
4229	1802
2902	2849
4729	2113
2641	335
3975	3109
2529	276
2641	1601
4073	1493
2936	1555
3012	1094
4276	4229
3835	1447
3635	3596
5130	4986
3557	3009
5050	3877
5222	1907
4813	908
2234	1907
4864	4026
2234	489
2797	782
5215	3920
4695	3376
2308	1555
1758	941
3203	191
5036	202
3877	553
5017	4458
1555	717
3975	3755
1766	1758
5118	990
2999	803
3363	0
4229	4128
2864	599
2344	1878
1829	901
4229	3648
3338	1235
4066	908
3630	2048
3265	1065
1166	417
5146	1627
4967	2258
4347	515
773	228
2418	901
1627	581
4841	1429
3295	348
4168	1741
4999	2486
4813	2358
2935	1555
4556	2240
2318	1116
1907	301
4981	934
1455	869
4229	1019
4759	2556
4666	1746
5164	3877
3214	767
1481	1170
4864	1721
4784	4272
3553	1533
4224	549
3596	2268
3529	920
2033	1779
5232	3648
4663	3503
2982	2258
3889	2234
2486	1331
3984	1276
3755	2358
3448	1907
2897	498
4203	1565
1331	1131
1044	348
1798	730
4869	1948
4469	3169
4478	3085
3635	2957
1574	276
2234	1555
2899	2050
2054	1206
4586	3931
4875	2665
2064	1133
2750	1070
3088	1566
3309	1447
2773	1080
2777	45
4026	700
4841	1646
4116	978
2117	1170
4536	3169
1670	37
3758	877
2602	2258
2239	275
3169	1442
4803	2759
3758	1845
3825	2544
4363	3176
1025	745
3856	1206
4275	1047
3975	1469
3169	1179
3338	1555
4275	3637
4572	649
4967	3572
1720	578
2358	92
4205	2566
3481	2263
3169	1808
3627	1878
2486	628
3368	931
1878	128
3159	1133
1347	228
1990	1146
5184	2087
4229	2205
4224	1723
2157	621
4809	1803
4392	4229
1766	934
3553	1307
1757	1704
901	550
3458	3214
4899	3464
2579	1741
1451	1104
3566	1819
2117	92
4070	2234
1585	1310
2222	1273
4327	1574
2973	1565
4275	220
4193	992
5187	2695
4934	1305
3194	1708
1653	228
4663	105
1555	251
4537	3575
2764	2158
4116	3747
3458	3047
4229	2507
4663	2207
1352	251
1025	387
4752	4031
4873	1735
3169	636
4255	4229
3169	3055
1507	953
4363	4362
1555	217
2258	100
4771	2993
1565	551
2663	2486
4576	2529
3755	3502
2777	1455
4809	2665
3169	746
3896	2318
2755	1555
2603	2070
2641	1845
3025	231
2158	1116
4435	3635
4275	1721
4203	2258
3810	581
4729	1646
4469	251
2547	1149
4347	1765
4864	1400
2764	1757
4806	3169
4152	1758
1161	275
4093	4031
2755	2381
3637	1390
4244	2151
4864	1096
4275	1021
4511	969
1766	1133
4138	798
1892	612
4104	3141
4483	1723
2318	1602
4066	803
4963	229
2419	1555
4559	1799
2919	2727
5130	709
4229	113
2462	859
2358	1585
4597	3526
2097	1758
4763	1862
3790	1588
1044	700
4988	1170
3840	2486
3049	5
1588	578
2529	2381
1955	1751
5018	716
2570	1656
1574	1133
4138	3059
3323	1206
4270	1581
1555	836
4347	2076
1555	1102
751	359
3459	1129
2456	784
4864	2582
2656	1117
3020	2486
3306	1049
2479	1565
4317	1758
4483	982
5254	3627
5020	1705
3672	928
3195	784
5085	764
1735	399
3169	707
2318	605
1585	1206
2486	1517
5047	3874
3331	1803
1208	1205
4663	1374
3195	2456
1700	166
4229	491
2735	2298
5074	3672
3190	3169
1716	1708
2515	2113
1704	1469
4752	857
1469	1331
4698	1447
3596	1751
2808	1779
1565	100
3477	2956
3295	872
3169	1953
667	263
4841	240
4275	1565
4864	941
3969	191
1472	3
2486	599
5238	3426
3289	2258
3963	2318
3758	3570
2612	1878
3408	3169
2596	745
1565	582
4813	3354
3596	908
2200	1606
2258	550
4963	2824
5154	192
1757	941
4383	2617
3194	1833
4934	2358
3834	290
1968	1113
3421	1555
3045	2087
3602	2445
4608	1303
2486	37
2426	1527
3510	2540
4961	1757
1359	33
4333	2406
1907	1723
3323	2709
3735	3169
3636	3169
4864	294
4275	4100
2318	561
4858	3881
3109	1700
3002	1889
1555	279
3834	453
934	17
3882	707
4864	3235
1996	1338
2967	1301
1779	328
3169	1048
1133	465
2928	2200
4852	1542
4028	2258
2240	695
3834	461
3091	1990
908	209
2486	716
2549	191
3892	281
5134	1803
4752	4412
2863	1705
3463	156
3596	3039
3483	2490
3637	663
1824	663
2881	1758
5153	497
3565	3169
4447	1507
2850	209
4385	2536
4274	2089
2520	631
3803	2452
2158	858
2612	1265
1159	742
3266	924
3750	976
4216	2155
3931	313
4310	1179
4784	4493
5126	1072
2768	1235
4104	3920
2349	348
3549	2993
3877	1981
2477	1328
4891	2936
3169	2130
2957	270
4623	1741
1347	604
5132	92
3452	1565
4347	3216
3260	137
2732	2563
5124	3907
4275	1082
4128	1533
2623	196
3773	1439
4608	2113
4138	4107
2970	2031
4383	2474
4942	3603
5036	4841
4825	2486
2357	1895
982	609
270	181
3445	928
5239	1049
2452	1723
4608	1555
4873	525
4229	4060
5109	2089
4899	788
4363	1447
2263	1059
4666	1080
2665	1799
4229	1566
3931	3553
1708	192
4803	2739
2775	2384
4229	1041
3548	2563
4471	2396
2708	1469
3565	1469
2318	836
4116	1670
5112	1555
5066	4993
2780	1741
4224	1117
4497	717
3609	1469
4925	4229
4864	2110
3888	3275
4663	1418
4193	2663
5238	2993
4012	3510
4359	3509
2082	622
1758	1545
2709	764
4347	3694
2258	2097
3449	1697
3285	917
4828	3998
1721	549
1919	921
4315	1469
1741	1179
3553	2529
4275	3813
2240	460
4259	1170
4229	1555
3920	3153
2877	347
1981	1370
3719	773
1741	447
2529	1359
4201	3549
4084	2957
2902	244
1565	1545
3169	1469
5056	869
4435	1331
2617	717
819	228
4642	4274
1565	1493
3191	1670
4759	1365
1466	579
489	453
2765	118
3548	2542
4100	1555
4561	3578
4229	1455
2158	498
4784	3462
4864	2047
4229	3109
1447	176
5196	5154
4220	92
4229	4031
1868	1082
4678	1206
4111	1047
4653	3169
4483	839
2847	1469
5020	2877
2970	853
3289	1555
3459	2559
4447	1750
1359	878
3366	181
4229	462
3101	3086
3734	1007
4536	2956
4347	855
2308	1370
1133	311
4229	36
2309	259
4016	1469
2563	1427
2158	1469
2797	1344
5070	1344
2608	1555
4229	4136
3153	1758
3975	803
3834	3677
3701	1208
2351	953
3468	1347
1493	348
191	139
4043	2318
3744	2066
4043	2158
4526	4111
2935	1387
4081	4021
3998	2318
2532	233
592	92
2902	2612
4678	4347
2105	1907
3882	1111
2935	1529
4825	2318
1316	1080
4012	2603
3001	1493
1243	1162
1351	81
4539	4183
5215	1691
3643	334
5154	4229
4276	3635
4690	3823
4068	1494
3323	2549
4975	4841
2422	519
901	111
1870	982
2318	498
5184	1493
1942	663
2765	2113
3635	2486
1208	793
4354	1217
4229	293
1656	852
3169	2159
3172	2291
5052	4813
5225	1555
1455	1163
2957	2550
3147	2510
1870	978
5172	593
3546	2158
2258	1585
1402	209
2240	1766
2050	982
3565	1113
700	399
2344	1695
3169	2003
3019	2756
4327	3887
5177	3882
4961	976
4244	1206
2904	931
4102	1086
3184	192
4220	191
4864	251
4705	2752
4347	3570
3264	1208
4476	2304
4244	1565
5108	348
1420	707
4043	3049
4435	3109
4161	3610
3845	218
4698	3059
2642	1047
4942	1047
2643	2641
4070	3553
5050	578
4447	275
4663	294
1217	924
2477	1170
1010	113
3549	1716
4945	1585
4383	2973
5234	4239
2326	599
3643	3177
3165	1581
4071	1656
1834	872
3331	2387
4037	1133
4627	4229
5050	1609
4435	4104
4988	931
4321	3920
5133	3025
4347	4229
4347	4276
1745	191
2258	592
1859	1307
4945	3169
4229	348
4740	2110
335	218
4736	3169
1204	878
3877	1506
1989	1555
3636	3009
4666	2318
1555	1170
4642	2089
2224	2069
4229	3709
2486	191
3648	921
3617	36
1878	339
2542	1927
2680	213
3390	3338
4075	3834
4608	2151
1435	1170
1870	711
3975	1331
5184	1758
3169	195
5050	2486
5017	2528
4229	1562
3877	251
1655	700
3548	1105
3277	92
4229	2097
4310	347
4229	2104
2318	1338
1798	273
4229	3159
4183	2529
3472	2058
4627	191
4608	3882
2479	1757
3689	990
3572	1708
4963	3109
3739	3338
1919	1627
275	36
4075	878
1995	1555
3169	3044
3627	213
3605	1625
2357	931
4275	550
4297	4229
4224	1507
3890	839
1824	1455
4229	3295
2862	1751
800	549
2919	2752
3109	2315
3195	2207
716	191
2775	1134
5118	2486
4736	350
3323	610
4864	3997
4229	2499
4813	4469
3169	1606
4663	1447
618	92
3917	1131
4311	610
4229	4010
4028	1235
5132	4031
3169	955
1655	191
3998	1338
1907	276
4988	2544
5161	656
4663	276
4010	1170
3627	2223
5215	2076
4775	3009
4934	4229
3630	1129
1211	1170
4476	2757
3169	1420
2579	1533
1723	566
4229	2595
4807	1734
1435	1185
2603	1021
3458	1151
2200	1370
4763	3266
4608	799
1775	1166
4530	3402
2068	294
4412	3810
2361	566
4229	3018
4864	1653
3338	92
5196	4497
3565	209
1555	196
4567	2258
1225	23
5215	498
2520	576
4229	238
5050	1133
5083	4229
4142	1907
3421	3169
1627	1179
4435	3141
176	45
4157	2525
4229	1513
3755	609
3802	1219
3960	1766
4113	4054
4582	3169
3773	3449
2258	45
4315	1141
1779	1469
1166	583
5232	1533
4270	2850
2158	1493
4981	3085
4759	262
2110	830
5112	1695
2759	2451
2928	218
4663	2756
4746	1133
4073	1799
2902	2157
3426	3295
3853	1133
4412	2869
2765	2158
5094	1705
1860	1656
3039	2896
4879	4864
3169	839
4037	1723
3562	2717
4698	2563
3169	202
3548	2058
4272	4043
2756	1210
4615	718
3206	2544
5107	191
2529	928
4048	1670
4030	992
764	440
2113	2031
2207	2050
3169	3025
4462	2616
2897	348
4736	2158
4347	553
4943	267
4030	1486
4552	3602
4838	4813
5009	4554
4327	549
3510	781
3578	3323
4229	3812
4491	3131
4582	4263
2902	1878
3426	553
3963	1338
4478	3448
4864	4259
4347	3359
3363	3
4014	3817
3169	453
1331	602
4275	111
2031	1555
3920	2315
3044	2050
4752	4320
2418	1656
4117	1758
3901	2967
2068	1663
4229	2575
4740	3459
2134	10
2965	218
3295	1889
2358	830
3522	1447
4576	17
4164	1723
1723	1472
3578	3359
1942	819
4463	3401
3963	1602
4554	2542
4839	3297
4012	3019
4490	4239
5081	1868
4705	1554
3873	1447
3007	1889
4066	2158
1878	1353
3643	2838
3963	3169
1338	583
2549	146
5072	2043
4864	1555
2847	2486
4656	3972
2902	2104
4191	1892
4734	3109
5035	4229
2595	2579
2999	1670
3359	348
2603	1942
4537	1025
4561	4030
3553	561
1919	1833
4347	3572
4347	3877
3631	2756
4608	2318
2158	118
4961	4229
4737	1565
2617	511
4642	903
1981	1878
3627	244
5250	2727
3458	453
4383	1025
1007	631
3920	3549
4116	3609
3338	2318
4809	1777
4941	2017
5148	515
3559	1133
4776	359
3459	1070
5133	2515
2422	2245
4864	740
2258	1047
3141	1757
5018	2239
4395	3877
2656	2318
982	74
4107	1469
4608	4066
5145	1469
3169	1131
1390	302
2559	1129
1339	1211
5035	3216
4385	3758
1913	1766
1603	1555
2432	2282
4469	2087
4497	4347
3957	2747
4710	1758
5139	4229
4526	2050
1780	1469
2154	2068
3975	3528
3987	3169
2665	359
4031	3255
4734	3975
3998	2515
2776	2258
3656	1305
3759	3458
4235	236
3354	1206
3331	302
3206	1429
3323	2869
4803	137
3354	1555
3673	549
4168	1206
2159	1757
1741	498
5020	2914
1968	92
3937	3557
2515	1420
4864	1626
3920	1907
4899	279
2755	561
2902	636
2529	17
5164	1133
3755	3191
4229	2946
1343	490
1565	29
3169	246
3920	3596
4752	1542
3169	1886
1331	348
4873	2358
3881	2284
2989	1493
4852	2617
4315	2486
2573	1078
4275	4071
5146	1179
3575	734
2983	1517
5118	4752
4608	1352
4113	2590
3323	2219
1166	1111
2623	943
1010	855
3528	3323
5172	1506
3144	2451
1133	687
1889	1211
4259	2595
5130	3548
2850	1170
4846	3975
3025	876
5203	4168
4101	28
1870	631
2608	1766
3019	1418
4229	1856
4229	668
3627	339
3553	2207
3781	803
2318	350
3503	1779
4016	2318
4993	3979
1211	610
2822	2656
4429	4075
1928	1881
1134	553
3503	2381
2989	1907
1609	707
4447	3386
3240	453
3323	18
3565	2714
1571	709
4183	191
4537	15
3177	1080
5146	581
4263	1758
4229	1723
4850	1089
4229	1529
4008	3191
290	231
3615	1565
3059	2486
1555	1493
2258	675
4229	2869
3402	990
5177	1166
1527	100
4229	3101
2043	1670
4970	2298
2970	1166
4436	1418
3755	209
2065	111
4229	2309
3623	2708
4554	22
5035	2066
1555	819
4746	2058
3169	377
2113	707
4963	3976
4582	2258
4229	1170
4213	2087
3281	2308
4229	656
2881	599
2069	1542
1995	1469
1469	37
1780	1588
3840	240
5132	1833
1990	1469
5114	4543
2158	1995
3169	2612
1628	1555
3643	1907
4113	2559
1574	908
1159	868
1741	1704
4275	709
2462	700
4229	4150
2902	1265
4030	2050
4443	251
3025	2063
4435	3216
3856	1758
5050	348
4846	1581
976	92
2641	1723
4083	1133
4229	3019
4787	1455
2881	1451
4627	3255
1455	15
4608	417
4229	2349
2970	2158
2709	1033
3548	181
4803	3835
2089	1574
1870	275
3313	540
4943	3496
3596	1481
1415	941
4347	1493
4734	1704
2773	1854
3920	1708
4275	2605
4385	3321
2500	2222
1942	1347
1555	212
4447	3602
2863	1608
4579	1625
4627	1235
4838	2244
4864	3039
2486	602
3881	281
3265	1039
1206	1047
3281	2641
4784	1020
5203	4229
5153	1276
3917	281
4104	1402
3141	2258
1555	940
5146	1663
1439	92
3627	2524
3352	1387
1931	931
3376	906
3044	1780
1420	552
5020	941
4128	2579
4116	4066
1273	359
2158	209
4472	1447
4652	2318
1455	1010
4347	192
1206	141
3755	2850
4530	1819
5215	328
3354	2258
1670	908
5132	2663
1780	515
4625	2087
5063	1303
4385	2363
1429	992
3596	1833
3266	1862
5172	1988
934	453
4736	2157
3917	3643
3896	2050
2735	1513
4244	453
3572	602
4999	1799
4116	3755
2486	44
4864	1545
4331	550
5154	3896
4864	3206
4471	2315
3596	1780
4104	3323
1524	940
4116	3216
2417	1133
1780	1718
3169	2993
2451	1608
2048	1133
4193	22
4624	3982
4852	2486
4892	4113
5177	1723
3477	1585
1868	1135
3169	1888
3169	1331
3785	1656
4961	4864
4229	2311
3321	864
4899	4043
4288	3843
4075	2881
4412	3194
5161	5026
2486	2349
3101	156
4016	1555
4497	2617
1565	328
2258	1578
1646	583
4116	3359
5154	2596
2451	1723
4438	2540
3169	2298
3169	410
4008	3165
1581	622
4781	3169
4440	943
4282	2462
2595	2364
3723	2154
2850	2847
5215	1044
3515	667
4054	118
3984	934
3363	2755
4229	920
1111	593
1555	745
3359	1708
4272	2258
5061	5020
4066	209
4071	2207
1206	191
5154	2544
2311	2117
4999	1104
2862	2850
1942	773
2665	886
3669	1555
4054	2158
3169	3077
4275	3165
4926	1758
4008	3109
4275	4056
3501	2550
5062	399
2582	1757
5094	2573
4229	2406
4048	1928
5118	1270
4975	2279
3173	1565
3515	2305
3169	1739
3963	2970
3462	1656
5225	908
4275	3306
251	17
1907	290
2418	1565
3339	1720
4084	1111
5121	4229
3376	2048
5250	5133
3596	1555
2559	2048
4041	3877
5020	4698
3669	2970
4229	837
5228	2089
2595	192
3843	1265
3169	2776
4229	1670
3169	2901
2104	636
4663	2956
2113	847
4287	3169
2069	92
4498	4111
4999	1273
3354	1146
4471	2850
3609	2999
4572	4207
4710	4229
3260	961
3825	2563
196	118
3669	2158
2003	1010
4229	3073
3960	1913
3526	1712
5020	55
4128	2899
2850	602
2406	1377
3206	213
4608	4229
1838	992
3888	3169
4483	4391
4986	4383
3141	1741
4600	2617
4751	1204
3637	2876
3739	1942
5215	516
4307	3169
4615	2486
3548	1927
2456	2373
3548	2089
4385	105
1990	700
1493	1430
1741	37
2641	2510
3169	2075
2776	2764
2315	209
4383	2967
3810	1179
4229	2381
2510	1695
4412	2895
2902	440
4838	417
4323	4229
4385	3169
5132	1627
4447	599
4846	3338
2761	2510
4659	1010
3058	2862
3101	2922
2158	707
4229	191
4275	4169
4012	1590
4070	2258
3682	1113
3169	1988
5215	1990
2709	478
2708	2540
4841	276
5250	2201
5234	4229
2579	2486
3425	1565
3962	515
2113	1133
853	707
3570	2158
5118	4852
2829	943
2901	1565
920	447
4705	2349
4496	447
1151	610
2974	1447
4031	3572
4812	1352
3191	602
3982	2258
3240	447
2850	2043
5244	2765
4479	4229
2756	105
5184	2603
1555	622
4647	4157
4104	1331
2292	2240
2087	276
4315	2240
3169	467
2486	908
4183	1133
5090	2832
2486	920
4229	1720
1532	745
1942	1507
4734	3673
4528	1705
4561	139
2677	764
3887	1656
4554	4383
2897	2318
1942	1565
4864	1468
2083	1981
2318	2012
3629	3509
2573	1466
2406	824
1723	552
1996	281
5177	1602
3169	105
3001	2158
4276	1276
5244	2154
1745	1131
870	781
4041	2542
4805	3548
5126	3109
3309	2258
2869	853
2304	1870
1860	1757
4412	525
4229	2891
2789	231
4229	550
1655	593
5161	330
1646	1506
3920	2603
5050	2573
4771	553
2451	859
1339	240
4030	3339
1601	1469
2158	350
3755	1369
3281	1606
2318	1442
1758	618
5094	2351
4524	4229
4347	1352
2983	1369
4031	1734
2410	468
4229	690
3682	618
4153	2154
4229	2017
5146	4412
2700	2258
3636	2158
1420	1338
2313	1273
4539	2822
4586	906
1868	1153
2665	177
3548	2461
4970	1907
1194	92
3601	920
2875	711
4041	3790
3877	1469
4229	3603
3877	1588
3191	1469
4690	954
4229	3313
1070	119
1481	920
4813	4347
4864	1942
4803	1529
4582	5
5056	2154
2520	1829
2970	1585
3601	1663
3240	1663
2486	711
1845	1307
4229	465
5153	882
4879	742
4347	690
3169	2419
4347	4270
4864	510
1570	672
5153	4176
5154	4891
2850	1469
2486	1720
3214	2318
3649	2158
2718	2258
3169	751
2479	2258
2486	1435
4666	4478
3601	525
3169	2755
2318	799
4435	4229
1878	1370
2158	177
982	713
5172	4864
4608	622
3123	931
1344	553
4597	3888
1995	859
4201	3169
4275	1988
4068	3331
5062	4026
1919	399
4008	1331
4440	1739
3643	2164
331	22
5155	1133
3255	788
4656	1179
1889	610
4734	3755
3920	3058
1697	943
4752	1270
3022	1338
1469	166
1996	1169
1965	966
4347	2451
3171	118
2603	1780
3338	1113
4385	1276
3282	897
4229	92
3426	2541
4471	1942
4698	4138
489	231
4841	1570
4446	4079
4229	3142
4999	4476
4627	1758
4628	3169
3744	3019
4347	3635
2901	1656
1697	599
4443	2063
3216	209
3553	1080
3835	1680
3782	3169
3630	473
1206	745
4984	3858
5050	1533
2520	92
4153	489
2358	2104
4608	4281
1435	738
1166	244
3689	3025
2364	1494
4081	2240
1581	37
1080	118
3755	3141
4479	2665
4031	3566
5020	2361
745	177
3496	3395
5130	1758
4220	990
1700	26
3631	2205
4321	209
5124	1603
1133	267
5146	347
4608	166
1980	436
2219	191
1685	1070
3169	1387
4144	1369
3001	2765
1481	447
2732	1104
3907	1010
4255	1147
3562	3153
3643	3509
4157	2863
3077	1555
1860	847
2646	2567
4776	3169
1601	202
2258	2047
2717	700
4229	3359
3000	1197
4229	3873
1777	745
2258	2070
3637	2385
5132	3091
4383	2358
2708	2158
819	516
3823	190
3438	1338
4710	4663
5148	579
3459	1723
3755	2486
3019	827
3015	2846
1331	309
2914	1656
4229	2879
4229	2069
1555	1111
4104	2043
5026	3169
4104	2154
4775	621
3169	203
2456	540
5049	1265
1923	1387
5056	707
3323	3015
3649	2318
844	191
5167	1574
2065	92
4458	564
2258	1369
717	231
4253	4198
3169	655
4825	1718
2540	622
2850	2709
4104	2315
3146	1555
4864	3982
3169	2054
2068	1990
3549	3210
2775	2604
3109	1113
5020	631
5050	2068
3843	745
4582	3674
4229	2524
5133	2595
5130	275
3623	1533
2617	1565
2258	1780
4111	1435
839	205
1111	583
489	449
819	52
4471	3169
3834	3308
4496	1741
4229	3615
1555	700
4608	595
2748	2704
903	848
3169	2064
2902	1442
1938	1151
4868	566
2544	2258
2750	2486
3963	1166
3920	2358
4963	3881
3975	209
4579	3843
4961	265
3834	2582
3840	3354
3790	1874
4497	1792
1555	142
2064	1082
2980	2919
553	231
2117	209
5232	5056
4988	2904
5118	3222
2406	2089
4028	1565
3169	1303
3877	1555
2897	1995
3565	2486
5215	33
5109	1270
921	713
4255	3920
4275	2728
4970	2824
3578	2065
2344	2263
2075	2048
491	228
4008	3975
4608	3963
5107	4102
3773	1588
3221	19
3548	485
4107	1708
5090	707
5146	1741
4366	2700
1881	1780
5056	1608
4998	1554
2258	1963
5081	663
2065	139
3888	1273
5250	4984
2358	1695
709	22
4490	672
2358	1928
5056	1697
1331	92
751	244
2486	1685
4229	707
2993	1716
4963	2752
2857	110
2765	1555
3840	1469
4447	2881
3425	2357
4021	2789
2158	549
2164	859
3920	1113
2151	1555
3169	1273
4864	4282
2157	478
2812	2358
4347	118
2486	118
629	196
4478	3000
3177	1469
4275	2582
2935	928
4776	4479
4229	3596
1878	1276
4026	3424
348	37
4676	2622
1623	1409
4153	2486
3366	1125
4970	3987
3449	2980
2993	1890
3513	727
4471	2623
5148	3459
4967	1565
4476	4012
2563	2544
4705	3858
4864	2602
4695	1747
4582	1741
1870	1566
4784	4536
2158	491
1723	745
1402	908
2757	92
4116	1968
2612	1276
5225	3596
1907	181
2897	1469
3744	2358
1506	992
4803	3643
5063	1574
4259	1759
1527	578
5232	4663
4875	3049
4864	4627
4887	1601
2935	191
3596	1170
1527	212
3146	1493
1455	901
3453	3165
1778	1656
2114	961
4116	152
1718	700
982	196
2258	1571
3260	2114
4229	4132
5050	2970
5132	2240
3848	1741
3808	1235
4229	618
4275	3307
1741	922
1723	756
4116	553
4864	1627
2031	417
3928	745
3678	2787
1988	917
4102	1107
4037	3279
1646	593
3596	449
819	663
1874	191
4350	1708
1113	855
4359	3883
2354	1208
5222	4864
4842	1219
5172	2515
3701	2510
1574	598
4923	3169
2258	36
1919	581
3177	1555
1585	687
4229	3338
3018	2068
4838	3323
4734	4347
4451	4229
4729	3222
3640	2486
3265	1276
3019	17
3964	1990
2781	1741
4229	2117
5092	3602
607	564
2536	105
2486	1070
1741	1735
4229	2604
2486	803
3960	17
4229	2962
3165	631
5062	4656
4412	920
3566	191
859	92
3512	1657
3359	3144
5164	4698
4595	1625
3637	3321
3877	836
3998	1420
4988	1646
2358	1455
3220	1874
2026	1705
2158	2151
4028	1758
1555	229
4275	4244
2579	921
2608	2318
3975	3338
1777	1025
1555	1494
2245	519
1469	707
2406	903
2486	2234
3121	3019
4229	1646
2354	1153
2396	1469
4993	3012
4412	1919
5151	1777
3920	1741
3553	1066
3617	28
5196	209
3366	2064
4083	1268
4608	2608
5062	1627
3321	2178
4117	2258
4229	3892
4663	2158
3928	3169
3483	1235
2642	2452
2765	244
2158	251
4229	2772
2387	1803
1565	329
2318	1533
4263	3462
1662	1208
5072	3334
2982	1758
3490	3266
1697	294
4656	3096
3309	3169
3191	2315
1691	1310
1555	446
2999	2850
3618	1176
1718	156
1734	578
2850	1700
3146	778
3493	1697
3293	3039
4229	304
2752	192
1226	961
3255	1870
2877	920
1609	1166
2065	1995
3981	847
872	240
2406	1089
5137	4275
4642	3549
2387	519
4864	4100
3241	2308
3448	1741
3830	2410
2217	1700
1779	718
2595	516
4116	1427
2258	661
2484	1235
2318	583
1968	1469
3549	3548
3449	1555
4075	1235
3023	473
2158	1369
3159	2879
1723	1494
3169	773
2970	2487
3134	852
5018	4478
2549	1780
3169	2739
3169	3123
4539	3169
4803	1829
3331	1533
2311	986
4471	4229
4642	2017
3776	191
1565	1472
4864	453
4270	1469
4229	3405
5215	700
4276	2486
4443	3840
4275	1938
3464	2486
4539	2486
1493	449
3596	1881
1758	449
3019	1447
4116	1780
819	491
3682	330
4333	1222
5240	1135
4030	417
3462	1697
3534	2999
4383	3847
1741	1352
2617	498
3458	2562
2723	2681
3602	1554
3144	2270
4864	1525
4608	1850
4873	399
4989	2176
4807	2087
3025	2158
4955	950
4864	1270
2936	1113
2857	3
2358	1704
4838	92
4729	2031
3565	2158
1506	1338
2318	595
4234	4054
4438	3834
3786	3169
3017	2451
4602	2729
4229	4201
3626	1004
4784	2914
3592	1747
4347	37
3596	3293
4864	1426
4168	1870
4070	2603
2158	1072
3803	3169
2864	1206
4207	672
3623	3548
4350	3975
4207	3025
4608	2012
3803	1469
2050	399
3883	1133
5251	1878
4363	1317
5020	4803
3669	2113
1998	672
3578	139
2318	1989
1555	1303
3883	2559
4729	707
2033	1555
1574	17
5144	2573
3803	663
4207	2486
4239	978
3338	209
3723	3281
3399	2258
3496	292
4663	1133
4467	2728
4608	1780
3553	2058
2284	2248
3601	2068
2486	1176
1657	1344
3169	2104
3389	1757
4487	906
4627	3509
2601	882
3548	2836
3169	335
3548	2532
3279	3169
2717	2158
934	716
3546	2113
3843	2922
3169	2869
2486	209
3260	1574
2863	1587
5104	3660
2219	1758
2777	525
2222	764
4224	3359
3169	2158
3376	1723
4471	2936
4861	4608
3630	921
3169	3146
3425	92
4746	3643
1988	1655
3472	202
4239	1997
2936	166
4809	4229
4871	4784
2850	2714
2849	1206
5132	2750
3558	1765
2764	2559
4229	1554
3169	387
4207	1197
2903	622
722	363
5215	3931
2869	52
4478	4383
2957	181
4869	2087
4347	1369
3526	864
2477	1107
4030	1720
2062	1656
2759	1555
1705	1587
3755	602
1718	1146
2477	1995
3169	2260
5056	1533
4235	2549
5049	2157
1339	682
2914	2258
3596	2529
5036	819
4550	3323
4490	1998
2718	599
2773	1758
4582	4043
4031	3648
1455	1204
1435	231
1338	1310
4412	399
3931	3295
2234	449
3553	3203
4137	3169
3529	191
4026	2529
1995	908
4838	236
4101	561
3677	2117
3425	2154
3141	1197
4986	1758
4107	2102
711	18
4974	2268
2486	1402
3969	92
1200	336
5020	2047
5172	1655
2764	1235
3169	2641
3169	498
4229	3534
3408	2656
3169	15
4608	1369
2957	2660
4229	1331
3781	839
4443	1423
1206	1162
3548	2315
3169	81
3165	2012
3503	2755
4229	4104
3998	2762
4777	2158
3674	2641
3169	367
3874	2291
4347	4331
3464	1588
2700	1656
3882	2970
4144	717
3039	2777
3054	2536
4864	1125
2756	827
1758	1361
2258	700
4941	1089
5134	270
4259	1585
4347	3920
2200	218
5178	3169
3240	982
5215	3146
5112	2263
2980	2776
1426	882
4928	4834
1892	1007
4496	1481
2881	1766
3976	3000
934	599
5030	1980
3575	3165
4703	823
4967	1758
3309	2318
4613	1447
3458	2486
1555	1352
2113	196
5074	3976
2540	2536
2919	1745
4252	3169
4142	329
2849	2344
3141	2217
3549	2542
5118	3464
4435	1700
2258	711
3306	713
5035	2617
4478	4028
2881	1868
1070	908
3975	92
2243	1447
4229	3565
4347	4054
4068	371
4385	3570
5215	118
3169	786
4537	177
1469	690
3169	209
2065	33
1447	1426
3673	2258
4999	2595
3025	2318
4281	3169
3091	1780
4784	1998
3739	2999
2486	1344
4803	3055
4274	2406
4875	3169
2605	1907
599	141
5207	2797
525	45
3169	1225
4187	2967
3426	2617
4783	29
1895	1533
4734	1700
3457	716
3877	3509
3975	1708
3739	259
4229	3528
3843	2419
1166	931
1775	609
4963	2056
4347	622
4423	3169
4026	2258
3077	196
259	191
2486	1329
1708	92
3643	2935
4229	151
3981	2957
2258	1942
839	767
4113	378
1347	55
1469	566
4552	1565
1016	36
3379	3169
3920	3553
2946	982
3782	2258
2559	631
4688	336
1572	1206
5205	4864
4229	2396
4104	2217
5132	3773
3217	1757
4205	3109
4999	2304
5035	1469
3975	1758
5143	2603
1206	1159
5062	4608
3425	609
5184	2258
4841	28
4329	3376
3449	943
4412	1627
3755	2311
4528	1555
4854	1400
1723	592
3169	649
1765	1469
4229	3557
3470	1585
5035	2043
2777	966
4511	3449
4710	1555
1775	1429
953	579
2756	2618
4275	2445
3627	1656
1004	610
4104	26
1657	1574
1555	1382
4276	990
3962	1447
4526	1270
3368	2332
1316	424
3969	1741
4435	2862
4967	28
4521	1447
3643	2746
1759	1133
2573	579
3689	1170
3019	2221
3716	3169
1718	37
4111	3134
4229	63
1466	892
3627	1206
3526	5
3592	74
3964	1080
3592	1206
1907	1206
3109	1131
4320	1542
2486	259
5196	2258
5052	1352
4554	1447
1578	1571
3169	1628
3359	1493
2357	1126
4385	4043
3798	1555
1307	196
1585	37
4841	4315
4229	2663
2311	1447
4993	1217
3169	156
5203	1731
3847	2358
1546	496
4372	191
3907	3323
5050	2165
1581	1310
5238	5203
4229	3690
3825	1931
1588	1555
4967	3877
4229	1307
3321	1712
3843	764
3896	3338
2358	460
4070	2381
4244	1533
4632	1211
1129	599
3719	1777
2608	663
3395	142
3892	700
3553	3169
605	583
4275	976
4838	2507
4116	156
4229	3458
3907	3835
2462	1021
4275	29
3169	2718
4229	1995
4613	2064
5112	1878
3366	1574
2641	745
1627	347
1565	1492
3572	3191
4608	3216
3169	2542
4961	592
1469	1402
2677	1383
2258	618
4347	4066
4887	3169
5232	1697
2756	1799
4320	2069
3206	2902
4321	4225
3425	2957
4656	938
4341	2023
4471	4066
1007	917
3813	1741
4243	1533
4354	1571
1990	1555
5037	1868
3216	2850
4864	4128
3892	3672
4229	209
3677	3169
1301	1273
3051	2094
3015	961
1555	823
4229	4023
4614	973
4102	1741
2818	1914
4229	447
5081	4671
4471	1331
3776	2869
5132	5012
4907	3169
1581	192
2656	2158
4321	672
4229	313
961	137
4602	4229
5177	2318
5112	3206
1968	1758
1129	275
1427	1338
3012	1173
787	428
3463	3359
3146	2935
1988	579
2727	2656
2258	1529
4446	3858
3526	3049
4852	1708
928	519
3084	1344
3929	52
5035	1670
4012	1418
3210	1047
2164	906
4777	1907
4625	2064
236	191
2164	713
2719	1117
803	209
3931	3426
3225	1995
4229	2421
4329	17
4663	2755
4229	2847
4689	1352
5222	3637
1338	347
2486	1850
1646	1585
1859	1723
3512	1133
3820	3109
1781	1758
2663	92
3169	251
4391	1080
2954	2318
5035	2850
2117	803
1270	920
3840	251
4385	3575
4030	3823
3755	2043
4116	1990
1059	213
4026	399
3825	2904
3169	2063
519	515
3169	1007
5154	2117
3077	218
4229	2850
2291	1456
4270	3565
5177	3546
4302	1555
4029	2528
3637	3282
4631	2312
3376	1102
4671	2764
4537	3526
4999	934
3146	1603
3045	839
3562	1838
5036	773
4383	516
5062	1919
4981	2234
2641	2200
5049	4736
5247	4864
4784	4073
2451	1766
3781	1469
2700	243
3558	3323
3599	3169
4144	1427
3596	1718
3937	348
4229	934
4608	1646
3849	1089
1469	717
2068	525
695	17
3755	2795
3354	251
3546	3169
2524	2222
3546	1646
4471	1469
2756	1366
4229	3323
1338	209
4331	1010
3334	2961
4873	3469
2318	1850
3548	461
3553	3177
4838	4235
2318	2298
4229	1569
1435	707
348	251
4229	3165
4113	1555
3843	870
1994	764
3109	2850
4784	2797
4383	3169
4892	2601
3790	92
4729	1602
4012	3509
1555	1353
3877	2089
5062	1655
4320	2663
1380	330
3643	2903
5062	3630
2623	853
4244	938
1685	36
4008	1113
4107	1562
4813	2486
5207	1507
4663	2087
2732	931
4150	3210
3141	1524
3169	2113
2970	2515
3512	2486
290	111
1555	290
2529	1766
2897	2050
2956	2529
5062	1646
4891	2158
3255	348
4864	1782
1587	897
2258	1938
1435	290
3928	2596
4083	3536
2031	707
3635	2234
1153	329
4003	2050
4873	3810
4275	418
4243	3462
1466	92
2999	640
3528	803
2935	788
3920	37
2486	516
4632	4229
1758	294
5215	3937
2008	142
4220	4128
3976	1080
4483	3170
5177	417
1352	37
707	417
5254	2902
2282	33
4347	3289
2602	1016
2200	1878
4253	326
2623	92
5062	992
5107	4093
1004	767
4229	37
4310	1735
4552	1206
2850	57
3276	1571
3553	373
5173	988
3960	2422
2349	118
2113	142
2904	1914
4580	2709
4748	4229
1513	906
1555	595
4229	3610
4041	1777
2700	853
5109	4864
1697	735
3055	1779
2704	2582
4967	2315
3572	2065
3169	118
3790	2069
4229	2864
2332	156
4536	1697
2881	1507
4315	3169
4864	1568
3123	1170
2980	2967
745	243
3177	1533
1780	191
992	878
3331	938
3565	1581
4432	3169
3790	2158
1777	177
5232	1574
934	582
4608	928
4809	3549
3285	2451
2970	348
4117	1907
2641	218
2896	1455
3917	3566
4823	2881
4168	1757
4229	870
4600	2486
4981	4086
1338	423
3755	3449
3548	788
2486	1734
3146	2033
3877	3331
1206	618
4867	4483
2756	1741
1469	1369
5172	2358
4372	3648
2207	1021
3548	709
4471	622
2529	1819
3605	1265
2087	151
2547	2358
3998	2957
5196	1581
3790	2065
4537	1076
4864	2570
2567	2417
2810	2003
3109	2036
3750	945
4608	1723
4967	3558
4244	1981
2797	36
2756	1517
5196	515
4347	1113
3055	2961
4229	945
2601	1856
1948	1859
2850	2217
4572	672
3483	2358
4350	4008
1082	329
3206	2263
4698	700
5254	80
4861	4347
4430	4229
1493	191
5207	5066
3241	1981
4412	1735
5035	3472
1758	276
2031	1111
3920	3216
1718	371
4320	1270
1574	243
5172	1420
3920	2207
4229	2757
1104	148
4070	3546
4275	3744
4803	3232
4608	3548
2849	2709
4128	1447
5130	4107
3169	2223
3012	2050
4311	1211
4864	4383
4168	460
3572	1331
4710	3907
5012	3617
2663	348
2263	339
3169	1455
3907	2901
1455	32
4229	3188
5081	3169
1555	1532
3654	2207
4879	2240
5148	1998
4232	3015
3937	2486
4663	2240
3091	1585
4736	2524
4784	1697
5250	1926
3109	2244
4372	1780
4102	2219
4144	515
4678	3017
5238	3626
4608	3169
2914	2154
4907	4229
5215	1833
2486	371
4941	2089
4653	1025
3975	3165
2680	1059
1527	290
3169	1338
2048	92
2373	1741
4561	191
3173	1758
3260	745
2922	156
1469	700
4010	3907
4803	4100
3169	1106
2258	1824
5109	5062
3146	1469
4232	1601
2789	2318
1683	304
3049	1080
1555	118
4597	2058
2105	1741
2240	276
4705	4229
3562	1555
2158	192
2486	1513
4436	3019
1455	1206
4864	4358
4852	1507
3626	3426
4993	181
2297	1574
4031	3044
2311	2158
2583	270
3957	1010
3448	2318
4010	1585
4663	2012
4347	836
1670	1555
610	33
4521	1704
4734	2850
4270	4104
1968	1170
4229	223
3509	2304
1767	118
3723	1206
1705	1638
4229	1697
1741	1423
2318	192
1942	491
2158	1111
4623	4037
4459	773
2869	1185
5215	37
3601	2775
4275	4063
2318	1111
1506	707
2573	2033
1344	1070
4963	276
3169	2062
3982	3341
2114	137
4873	156
3575	1555
2318	1166
2761	1555
4458	2603
3169	492
4891	2410
4663	718
582	453
4191	3509
4729	1741
4783	788
4110	3169
4493	423
5062	4320
1555	1395
3623	940
4229	3169
5203	3359
3044	1020
4685	982
1938	1757
992	236
3169	1353
4229	26
3589	2048
4656	1317
4128	3323
4784	3425
2258	1782
4861	4229
4961	4093
4104	803
5124	3169
2164	1338
4941	824
3359	1968
5206	5108
4338	4229
3669	3170
4412	921
986	377
1080	357
3169	473
2881	1708
2089	547
1469	209
5215	1942
3169	858
5177	1609
3321	1076
1878	764
4137	2358
5052	4239
4347	2714
1033	339
4229	2043
3515	700
4939	92
4663	561
4783	3636
2546	492
5244	3169
4803	2445
3643	2849
2795	1165
3001	1585
3566	992
4229	1395
5215	4243
3744	236
4993	4086
1555	1331
4663	1574
2354	329
4873	2812
3368	906
3917	2727
2258	2201
5047	3169
3169	847
3045	1565
2656	1565
3169	1424
3534	1469
3169	2902
3669	1602
3602	3173
3825	2559
1758	1082
2641	2240
2292	1104
3843	2157
3323	259
2936	865
5232	4101
3963	2559
3191	1700
5218	3169
2579	990
5172	1555
3355	2891
4572	3781
4487	4275
3091	667
1834	1339
3562	3470
4710	2258
5132	3596
1803	938
2604	1084
5232	4600
4467	1708
4868	986
656	618
5062	4496
4999	3531
3599	1868
3390	3195
3785	1493
2500	1310
3723	1878
2764	453
2714	1555
3472	2596
2234	453
4914	3169
3744	713
4663	3477
3240	492
4623	2935
4169	649
1981	1555
1316	478
4873	1741
3376	2946
717	553
3190	663
2698	1510
4803	1745
4229	17
990	92
4113	440
4551	2358
2625	1338
4229	3775
3359	2486
610	244
1555	1390
2486	1235
1574	561
4469	1080
2617	1316
1657	191
3549	209
4941	3849
711	218
4297	4004
3654	1695
2764	1565
1602	583
5035	4066
1236	764
3976	3834
4838	3773
564	29
553	498
5107	4128
4253	2490
4476	3509
2203	695
4476	707
4347	717
4471	3216
2075	819
3169	2788
2970	1338
3835	876
4864	2260
3303	3169
5172	3170
5215	2897
4729	1338
2789	2258
4864	2477
3501	1080
2207	276
4572	2087
4228	3306
5081	4975
4537	2114
1555	928
5137	540
2445	1907
4275	3856
3747	2486
2219	1270
2617	1162
4010	3153
4275	3255
4487	3368
4875	864
5232	4157
827	339
3023	2772
5146	1919
5247	1242
2318	209
3643	1352
4873	1206
4276	2358
4443	4054
2486	1455
3169	1025
788	29
3830	273
4372	3449
1585	191
2957	1859
5063	4784
3976	1723
4229	166
309	222
3843	1033
3669	1420
4873	1663
3015	1555
1347	52
2207	740
4102	1533
4841	3602
1704	1159
3490	1862
4663	592
2954	2158
764	511
3306	1603
2881	2258
4229	3658
4259	1568
2451	817
4698	1904
5232	1206
387	177
3323	1469
3044	191
3739	191
3216	1469
4429	1758
2486	2311
3001	2318
2219	92
4224	240
3323	1581
2840	2697
4656	1735
5154	4623
3282	2499
3464	3044
4229	1747
1780	423
5172	853
2515	707
1106	745
1310	1196
4275	2989
5030	610
3889	2797
1657	1133
3109	2043
3279	1555
2424	1236
3277	2065
3169	1019
2967	824
1890	231
3790	1304
4932	4229
1720	1588
2904	2563
3323	1439
4275	906
4600	1555
4054	3463
2043	1691
4784	2951
5154	3928
3843	3605
1344	599
1455	1086
4275	1874
4483	4229
4839	2787
4274	2017
4229	2967
2344	213
4595	4579
1555	583
5215	1469
4274	824
4537	3725
1309	1235
4052	2881
5026	3682
4483	2329
4873	1627
4111	738
700	347
2849	1656
3170	3169
4229	2031
2957	700
3964	700
2445	1656
1627	1270
3058	2731
3426	1716
2770	1186
4116	749
4627	1919
4970	2207
1377	1089
4075	2735
2223	773
5132	4193
1455	966
3217	1565
4926	1565
4229	1080
4205	3635
1781	1704
1265	870
1469	515
4030	92
593	583
5215	3896
2158	1048
3019	2222
2579	2219
5052	348
3907	2081
4275	3929
4229	2159
4275	3195
3637	2822
4275	2733
3635	1585
4101	2033
3954	192
4435	92
2358	990
1527	1469
2158	2113
4660	4331
4101	3553
3896	2544
4926	4864
2069	990
2573	1303
2603	844
3843	2510
1194	940
3039	966
4552	4229
3723	3169
4864	727
1111	931
4873	3387
1352	1310
3596	1146
2205	202
5030	2732
5232	1133
2158	717
4075	453
4608	870
4229	2748
4817	561
2050	498
4963	4710
2344	1265
236	92
3755	2500
4086	4054
3321	3169
4435	1044
4358	1565
3169	2033
3339	1588
4698	1919
2324	1206
3169	509
3354	799
4229	475
4608	3448
990	859
4777	2775
2070	564
2318	1102
2850	803
4528	3169
2718	1206
1868	1537
1995	218
2829	1555
2980	1555
3169	23
3529	579
4446	3149
3877	3376
4663	2304
1907	22
4887	4597
2989	1506
2999	1850
5196	4111
3635	2708
2451	1469
1555	855
2663	990
5072	371
2966	950
4864	1571
4803	4358
4864	3602
4220	4031
4168	599
1919	347
4784	1493
1451	1206
2970	707
1723	197
5215	4383
5155	5118
1555	469
3169	2846
4229	2922
4554	2358
2559	36
1447	1243
2282	1779
4003	908
5244	1568
1469	192
4451	3169
4869	1270
2158	595
5225	4608
4752	3472
4809	1133
3562	2258
5215	1697
4281	45
3535	3169
1147	547
2603	29
3975	3191
5108	3813
5207	1904
3596	1469
4828	2532
3169	2540
4608	1270
4899	348
4552	2922
3368	1429
3599	2354
3643	3548
1010	150
2507	1555
4784	2816
2935	2239
1242	1133
3755	1197
3808	3169
2663	1741
2245	1402
4511	3417
4852	1720
2875	1469
3539	290
3169	2178
3781	1555
4838	191
2904	1581
3402	2583
4483	290
1758	1574
2224	1455
4939	4031
3998	1166
4942	3169
4784	1469
4269	3627
5110	4864
1555	1420
5014	4229
1757	1653
4864	1585
3627	3265
5215	1565
1025	931
3643	1047
5215	2863
2904	196
3856	2258
4775	4157
4229	1343
2605	478
2764	2520
2258	1545
4867	4116
2417	251
4272	1758
4864	2881
4483	2529
4229	1539
3203	1133
4347	4016
3529	1533
4736	1243
4864	1527
5164	2897
3169	722
2089	1352
5215	931
468	273
1625	1265
3012	1942
2553	1870
1718	251
5172	417
3502	2735
1833	423
943	244
4813	37
3803	1723
2270	1955
4331	1469
3282	2863
1704	819
4229	2336
453	100
1670	622
3339	2068
4659	788
1176	174
4974	281
2946	371
4491	4229
3399	1758
2003	700
2612	244
4310	3630
4567	3509
4487	2107
2217	700
2158	1303
609	191
3169	2165
839	424
3557	2060
5072	5035
4128	1107
4752	92
1481	992
3361	1266
3867	3023
4838	4030
5130	929
4229	1400
3295	1716
2623	166
3323	2547
4614	2568
3331	270
2608	2158
2217	602
2708	2318
4478	978
5052	4229
1870	1352
4104	2862
844	700
2158	1533
2486	2358
4385	2510
1034	561
2677	243
2240	1808
2970	622
3969	631
1588	191
3549	240
3368	1555
2424	213
3853	1574
4850	2406
3173	2207
4852	4320
3566	609
2298	1555
4850	4229
4372	4031
348	57
4458	1907
4868	2486
2158	819
4372	4229
1646	700
4235	4229
4729	4347
3920	3359
3266	3025
1758	1447
4422	839
2358	251
3526	3321
1555	1273
4229	3840
4694	3483
4063	2957
3025	328
3165	2217
3169	2708
3747	2258
3549	1507
3920	1585
5254	2207
4864	1351
5238	711
3045	2573
5203	2270
3169	924
5035	3635
1570	1513
2043	1331
4263	1948
5215	3877
4310	3810
2158	870
4892	118
4102	3529
3781	2205
2643	2486
2757	2486
3169	1777
4803	4005
1968	1585
1338	700
4939	191
2087	1585
3648	1780
4608	2396
4963	3834
3022	1757
1685	1104
4671	992
1890	313
4229	1990
4282	1758
4031	609
2395	1758
1146	700
4198	106
3141	2486
1455	550
2762	2456
2901	2358
4783	3510
5146	2050
4391	3169
4941	903
1723	1265
3882	2158
3874	3015
2012	1555
4600	1779
3165	2315
4372	3773
2982	2358
599	36
4435	166
4255	1723
3169	700
3907	2756
2017	1089
3526	3275
3623	1086
4868	3835
2755	2318
4988	3206
3241	1878
2582	1656
1133	1113
4168	3144
1025	852
5154	1435
928	663
1442	592
4614	1188
4229	578
3205	349
2757	2065
4656	399
4988	2732
4113	2446
2544	1995
2776	489
4229	3773
1512	928
4414	3834
920	525
2240	1832
469	217
5154	4144
2117	1670
2776	1758
4734	4244
1602	707
2260	876
1276	764
2603	1938
3169	469
4031	2050
4244	1758
1663	447
2353	1435
202	52
3279	1080
4229	1683
3975	3141
1988	22
3810	399
3359	1469
2936	1469
3169	3039
1493	1469
2157	764
4036	3169
4861	2318
1113	992
1366	1206
2922	2358
3191	2795
4208	1455
515	281
2324	1656
5164	498
1555	350
4608	745
4275	1245
1455	374
1995	578
1455	22
4784	4483
4705	579
2897	2486
5050	4623
4282	2756
3462	1618
5215	5108
4988	3123
2582	1206
4071	2603
1310	273
2643	359
5247	1697
4784	917
4999	3019
2151	348
5154	3331
5035	3920
3773	2663
4784	485
2068	1270
3169	525
3169	45
2586	1206
5164	3501
3146	1870
4864	2776
4864	1047
3610	547
3462	453
2850	1708
4229	1386
4263	4229
4385	1532
4412	2050
4536	2756
3596	2714
4008	2043
4579	3605
4347	2608
4783	330
3907	3045
4102	2579
4469	2031
2773	174
4010	1533
2759	2520
3169	1765
4600	2240
4026	2956
3221	382
4111	717
2036	1010
4347	1047
5215	3603
4729	2318
3265	52
3169	1712
1779	561
3035	1236
3169	228
4229	852
4347	3755
1881	1833
2847	1455
4729	4483
4275	4229
2795	2643
2601	2349
3719	2222
263	89
2222	2158
4144	3531
2970	2863
1049	924
4066	2318
3618	1697
3987	1227
2595	1107
4784	3352
4469	1469
3920	2500
1680	1447
2864	2258
4229	3054
2217	1197
3575	1071
3781	2904
2263	213
4752	4627
4229	1980
4805	3169
1646	417
4043	1007
4347	1331
3123	2050
3510	330
4850	1377
2528	992
4864	819
5172	4229
2881	1104
1870	1455
5154	4243
4435	4008
1352	908
2768	1704
3580	2603
2864	2500
4347	3368
3169	2019
1626	1206
4521	1206
2935	36
5035	3565
1981	1606
5161	2486
5215	1331
5254	2344
3877	1347
2709	1878
5132	191
3275	1533
1758	675
2240	1765
1907	943
5145	1555
3426	1708
3627	440
1469	622
2975	1565
1572	1447
4864	2829
707	583
3896	1565
3963	716
4608	1968
3546	583
4142	564
4347	3087
2989	2957
2536	1213
4689	3803
2570	1232
4663	1697
2332	2114
4941	4850
2601	118
4031	1745
3654	2344
1086	990
4864	100
1691	1581
1554	1173
4988	1931
2201	1758
3169	2875
4163	1540
3169	3049
2358	1096
1170	1004
4967	3323
4443	151
3981	1860
3711	553
4967	928
5215	2358
4812	2797
2318	2031
2486	251
5250	118
4611	1533
3931	2993
3169	290
4978	4229
990	191
3293	45
1777	567
3630	801
1766	17
3648	2358
4476	2419
4868	22
3744	3169
4823	1451
4698	4412
4879	105
4923	1555
2902	2158
3557	872
3553	1758
4270	1402
5250	3744
1555	1153
1942	1225
3359	2358
4887	213
3987	2258
4111	1555
4483	3165
2789	2158
1273	1107
3622	1777
3058	37
3566	2284
2902	2263
5177	4443
2862	26
4111	3689
3781	447
4066	3216
5035	209
2158	1415
4850	1759
4086	3548
3313	2094
4996	1988
4229	261
4873	4026
540	496
2936	1734
1188	551
5164	196
3580	1565
1435	566
2387	270
2158	1628
3091	2068
3426	2993
3352	1047
3121	2756
3570	1845
4817	4663
2970	1602
2765	2151
3265	745
3169	644
764	213
3623	3529
5062	920
3458	2764
5215	1513
2773	1359
4229	1792
3856	2134
4656	4083
4446	3892
3169	1980
3888	864
4852	4752
3015	745
3975	3578
4555	1317
3663	564
4555	3323
4807	878
4663	2529
2075	478
4923	4469
5020	2258
2130	1741
5215	5050
4150	2617
3739	2822
2846	961
2623	1469
4229	2878
2318	290
4608	707
3169	2775
1777	1601
1080	428
4841	3363
4512	4229
4627	1197
3553	695
4697	4229
4447	788
4864	3873
2240	19
3293	1455
2158	1670
3785	1206
2182	1926
4101	1316
2158	1382
1545	1206
4775	1455
1602	1111
1555	978
3677	1555
3169	1369
47	45
4652	1316
4777	196
4075	2240
1602	1338
1338	1111
4555	92
1878	1094
3853	3169
2373	549
4511	4104
3755	3165
3191	290
3331	1626
2722	1010
2107	906
3803	17
3509	2224
2304	798
3548	869
4608	3877
4229	1435
2486	1016
4942	4229
4110	2559
3169	17
4030	1104
2486	2359
3877	3636
3858	3773
4813	547
1533	561
4864	2422
5222	231
3123	399
2528	1373
2544	1931
5062	4193
3920	622
4243	3084
4229	2616
4030	1780
1895	1524
5154	3781
4075	2764
1117	167
4101	4054
3635	1555
2031	1609
4873	566
4101	1574
4469	707
3623	992
2479	1758
858	348
978	599
3214	2642
4187	610
3165	698
1735	1179
1166	707
4734	2595
5083	0
3798	2396
1778	1007
3169	717
3177	1757
4471	209
3165	1700
4611	4243
2822	1571
3586	1219
4229	3924
4864	961
4608	2970
4608	1166
424	302
1663	920
4803	29
5161	1133
3565	3534
4229	423
4914	387
5215	2151
4347	4104
2582	1447
4104	1895
2432	742
5161	4229
1618	1533
1907	707
5148	566
4229	2857
4026	1179
5072	2961
3359	1555
1990	1881
4329	1766
4873	3755
5092	1173
5164	700
3169	1270
1555	1080
2756	1094
2993	1708
2151	908
2358	609
4852	2050
1758	1656
3169	943
3169	2973
4811	3630
1194	191
2529	2240
4970	2378
4602	718
2244	92
4841	4663
3596	423
4864	4828
3565	1402
4137	2258
1129	1070
4229	711
2486	1047
3338	1469
2050	920
5118	1247
3937	3169
5062	990
1780	1555
3171	221
943	259
1369	1058
943	273
1995	281
2993	1435
1234	339
3553	3184
2722	1571
1741	582
4273	1447
3755	2862
4736	3570
4327	2528
4864	4659
3907	2219
5203	1469
5146	4873
4478	2919
1555	192
4970	4841
3169	259
2151	1981
4659	4447
4597	745
4967	1113
5063	4864
4214	2248
4270	2486
4347	4315
5148	22
5072	3470
4963	2982
1555	707
2956	2240
2318	2222
1919	767
5130	4440
3169	1166
4031	92
5107	1107
4627	1533
3755	2217
4864	1103
3682	2048
4771	1889
2068	700
5109	3194
4597	3321
4879	4347
2875	1555
5250	4161
2961	2582
1656	1165
4736	359
2919	1058
2789	2540
1435	1044
4229	3635
3706	3368
4852	2663
2773	2417
2544	931
4514	2756
4396	2756
2573	2351
5020	2899
3502	1566
1469	348
4623	1781
3660	2857
2318	1779
3169	819
3877	1338
2665	105
4347	2373
3565	1455
3216	2031
2486	1204
3873	1759
4104	3534
5146	4656
1170	700
2989	582
5052	1455
464	453
4471	4270
3477	2240
4347	656
4144	3603
4446	3877
3856	1565
4787	4081
4875	3526
2750	1907
5124	4864
3295	1211
4864	3747
1780	1170
5063	3883
5050	1086
2871	1373
3493	3458
2050	1173
4392	2358
3548	3146
3979	707
1059	621
4225	3694
4493	700
1574	460
3785	3739
3331	1986
4580	142
4111	1928
196	92
5112	2083
4852	1344
2240	1775
4081	2727
4660	1455
510	475
4347	1338
3001	2117
2775	1603
4107	453
2680	2263
3835	1656
3931	231
2486	553
4342	3600
4483	3303
5164	2381
4385	2665
1881	1741
1779	105
2499	1344
2410	1798
4275	4075
3468	1447
2332	137
4111	2959
992	990
4263	156
3016	1007
4081	1117
1442	636
4229	1493
4412	347
3656	1149
4021	1574
5154	3206
5130	674
5215	3255
3596	859
2113	1646
1968	1708
4841	3095
4733	4275
2989	2751
4229	978
5148	2529
4536	2154
5126	1111
3923	2240
2451	1113
4731	4383
4229	87
5047	745
4412	92
3575	2151
4100	3002
3169	1537
4054	1469
1780	1565
2282	181
1307	1080
4734	3338
3882	3546
3169	1078
1845	1777
3039	1868
2563	931
2158	1338
3169	1206
4229	4003
3744	2258
2956	1034
4777	218
3874	745
4813	4350
5036	1347
3141	1331
3969	992
2980	2033
2216	922
2044	798
4864	2033
4963	4244
4229	771
1685	599
4582	1080
4864	4811
4555	1439
5154	5035
4021	3887
1129	1016
4852	857
2936	1907
4803	2164
1942	515
4229	2540
2358	1451
4144	3306
5238	155
4608	1494
4941	2406
5232	1565
4107	2486
4281	4229
4163	1102
4347	1704
4776	2222
5154	3472
3191	1331
3169	1265
3323	1402
4608	3025
3368	1235
3072	1758
1169	371
5035	803
5187	1096
3216	2158
1995	609
4972	3169
4734	711
3622	3390
5018	1845
5062	1206
2033	1131
3553	1374
1413	640
2270	1751
3338	3309
1566	1455
1870	609
4967	2165
4203	1206
2424	2263
3463	191
3596	1413
4729	417
578	92
4627	2486
2047	1656
1447	1146
4842	37
3169	3015
3510	1625
2789	1555
3755	92
2795	1331
5050	928
4224	4081
4746	3386
5050	2065
2479	561
4752	4193
3169	2396
1782	1758
1235	1113
2563	2258
4275	711
1506	1420
4864	2700
4302	2919
1581	1402
4111	3781
2540	2486
4513	2318
3987	3376
4347	2847
2462	695
4613	4111
2207	1047
2117	290
2223	1212
4229	1626
4229	3269
5173	4193
4207	1998
3323	1765
2896	966
3549	3295
2358	798
1455	908
2993	2072
4347	4008
3044	1588
3802	3169
2739	1010
1390	1080
819	461
4581	3169
4823	788
4274	2895
4275	779
3338	3169
4229	259
4803	2081
2222	745
4320	1741
4093	976
4347	331
3877	92
2358	1113
4078	1377
1868	329
1700	803
2642	1779
2486	1418
4729	3998
1996	371
4229	1044
2087	460
2031	1646
1907	1555
4656	3810
3596	3515
5020	4864
4664	4229
4347	166
4283	882
4497	1435
4864	1019
2586	564
4051	118
4383	2008
2735	2486
2970	870
1723	622
3998	1506
3630	2096
4157	223
5020	1146
4892	2349
2486	865
1914	1102
3169	1850
2158	1153
2877	1034
4864	618
4107	609
2279	17
3889	2477
4275	1225
4229	2217
4372	990
3630	3366
2980	231
2130	2075
3602	3509
5142	4840
4919	1188
4923	2970
2318	1103
717	566
4708	4229
4493	2970
2050	191
5085	2344
4496	2207
4479	745
4107	3059
515	92
1942	622
3359	2862
3169	978
2555	105
4472	176
4961	1565
2528	1226
3338	37
566	515
2663	857
2797	2773
4933	2581
2178	787
4868	4229
4608	118
4363	1344
3596	2315
4530	3570
3169	1780
2018	1188
3477	1133
5036	516
4531	275
4838	3877
4471	3920
3877	3790
2649	1565
4229	1746
3643	819
5114	3169
1874	1588
4608	1338
5114	1447
4243	2816
1601	1025
2970	423
4861	231
4459	1347
1469	1339
3998	3669
3366	3169
4066	3565
3917	663
5232	1759
4391	1058
2510	2263
2663	2069
4383	551
4229	202
4259	251
3856	3834
3169	561
5062	4526
3147	610
4347	137
2195	663
2928	773
4229	3935
3803	1307
5184	901
4688	1200
4347	2396
3723	2200
1447	796
4030	2573
4049	3356
3830	730
5239	2279
3813	1343
4576	2540
3602	3313
3169	229
990	196
3169	302
2936	2318
1700	1670
4841	695
2158	1646
3334	1779
4111	2617
4608	469
1427	1080
4229	1574
3169	2094
4327	3835
2315	2043
3802	1206
4663	293
2012	1102
4710	2603
3307	2063
2605	1276
1328	1133
4383	1450
196	191
5215	3426
1691	1555
1339	1328
2158	745
1721	1585
3165	1646
3744	2244
5118	18
5112	2680
2902	1695
4663	1859
2117	1708
1907	1303
4152	2258
4838	111
2967	1497
2582	2258
4203	1331
3648	3596
4276	92
2904	1574
1780	1206
2279	901
4066	2850
1919	1179
1045	682
3882	2318
4315	2065
5052	37
2072	33
2725	1080
3592	1545
4263	4243
3755	682
2305	700
1602	44
2756	798
2064	788
2928	335
4229	3070
1602	417
4537	2808
3627	1059
4068	1169
934	901
3079	1010
4734	100
3596	3338
5222	1704
5154	4225
3630	581
5215	858
3548	3307
2775	1273
4483	424
5215	4315
4871	1697
4347	2623
4963	4744
4385	745
3169	1210
4883	3331
1695	1208
4841	2581
4030	2663
2970	1646
285	196
2641	1307
1808	1574
4031	2245
4310	4054
2158	1555
2263	1353
2808	202
1555	1512
1025	882
4656	4412
4993	2542
2070	1527
1942	920
4918	4229
4576	713
4229	1494
4276	1708
3023	841
3470	1838
3072	2258
5215	1125
3565	2075
5177	1111
4008	1469
4963	3755
2847	1080
4485	3165
4580	4229
2351	1507
3169	540
2130	1347
4023	2258
5254	2157
4275	3169
2217	803
3785	1995
4595	1265
3205	3169
5094	2106
2258	1082
2643	105
3848	1527
3169	1565
2965	1493
1540	567
4823	3386
3417	2258
3134	2384
3515	1555
3512	275
4229	3539
3146	3142
5081	4784
2999	209
3146	348
2234	1235
4435	422
453	36
1338	707
3084	2279
2047	1758
4627	1565
3759	3643
3359	1585
2445	2207
921	667
2970	593
3019	2223
3169	1090
2524	1400
2205	1888
4052	1104
3617	1439
5151	461
4891	3169
3323	1780
4864	4763
882	105
4229	2344
1587	553
1469	1352
5085	3627
2104	1507
3463	1430
1734	920
1850	1469
5132	3123
1704	897
2735	2349
4476	2510
3937	2623
764	621
3224	118
4864	2219
3448	1555
1555	209
4513	328
1741	779
3558	221
2332	961
3528	2864
3169	1981
2623	1331
3169	3096
2486	2117
1859	938
2068	982
3169	1625
1799	350
3458	3407
4864	1304
2529	1151
3169	1094
3975	602
3134	924
5153	3121
4396	3823
2540	92
4864	2954
3459	1627
4623	2623
2299	1639
4550	4229
4528	2525
2245	609
2284	1227
4157	724
2487	1555
5056	3643
4868	2361
5234	2842
4310	581
2164	1565
1305	1149
4734	4317
1574	1555
2417	717
5238	610
5196	2304
2709	2680
3180	1235
4347	1850
1691	348
4229	3049
3169	2840
1235	453
2234	869
1574	1571
1555	1427
2756	17
4220	33
3920	1691
4144	1447
4642	2406
2462	17
4467	4321
3558	622
4502	4229
3825	579
5254	4981
4828	788
2756	2222
3153	2764
3044	1874
2479	1493
3602	3012
3672	1369
4666	2158
3687	1704
3975	1377
1927	908
2510	1205
4137	1758
4803	2158
4347	2151
1273	485
4275	1125
4229	1096
1338	1080
2603	1347
3293	525
4656	1741
3975	3920
3835	453
4736	1400
4864	2875
4031	4030
3877	3169
3169	1691
4383	1472
2605	2313
663	167
1328	231
882	359
4608	2033
1606	1370
2581	2500
1995	1759
5238	4771
1415	1305
3877	328
943	663
1080	1070
2746	663
3401	3203
4729	583
3920	3017
3059	710
3265	1601
2417	401
2050	1850
3191	92
3169	876
4514	3019
3486	118
4625	1133
2573	1467
2936	2050
4229	2708
3425	2065
1555	561
2897	836
4383	3153
4689	2646
2579	1734
2164	1766
4422	2549
5036	2130
3834	654
3976	1704
640	265
4229	3611
3907	1447
3923	1574
4028	3907
3169	1868
953	610
5177	3998
4333	4229
3920	3109
5035	2999
4311	4041
2548	1574
800	564
3019	877
4752	2069
3920	3144
1235	713
