3898	4315
939	1137
1206	4529
524	5191
2737	4963
936	3331
464	3762
2896	4229
686	1338
120	457
2214	4349
1297	2653
18	4408
548	5100
320	3578
371	3638
1555	1602
1151	3448
4229	4687
1767	3169
1565	2637
1021	2211
548	1331
27	5196
2500	5113
154	4849
1741	2303
1435	1446
1038	1489
1555	4402
4347	4891
1606	1878
1555	3998
1164	1736
686	743
2393	4469
228	3160
1780	1928
1861	3627
1493	5114
588	5208
882	2665
3737	3756
1741	4521
498	1723
3109	4756
3664	4200
989	2935
380	895
4714	4841
2735	3331
137	5047
1493	5215
3673	4141
2211	3016
2314	3920
4013	4229
120	3017
733	4577
739	2870
381	4040
700	4225
1103	1565
4205	4841
4405	4954
1133	4608
918	1350
4037	4229
2701	3144
588	1718
356	600
265	4093
1705	2608
290	858
1112	3167
2025	3262
989	992
1493	5154
1013	2749
1504	4229
3782	5020
895	3042
3686	3960
3924	4372
2212	4027
1070	2797
1338	1646
918	3920
1297	3169
989	3169
1566	5021
755	1876
1147	4229
3052	5175
711	2211
3882	4729
453	3000
3368	5241
1741	4752
2610	4973
4255	4679
1538	2589
277	2610
1813	4612
4899	5215
36	4141
3707	4501
120	3586
2481	3931
3393	3756
4229	4380
781	1345
3023	3627
2936	3904
3556	4229
4113	4408
1427	1995
1882	1942
1608	5188
3184	4570
2827	3975
1532	5237
111	1203
4028	4963
1861	4168
92	760
154	2827
2653	2991
3368	4275
1572	4275
881	4141
1297	1672
1974	2559
600	918
589	2612
1555	3228
92	139
2749	3120
1697	3988
244	5254
501	1786
4106	4229
21	320
540	4360
3454	4869
1007	3624
599	755
1555	2225
1018	4408
446	2851
320	815
4141	5009
3426	5156
2526	3358
329	3028
1928	3169
3061	3169
3406	4229
1271	3169
3558	4229
2603	3856
2078	4178
1080	3529
120	3686
2181	3843
96	3477
864	1627
232	1555
280	4154
348	5215
120	1636
2346	4072
917	1892
2641	3981
2827	4124
330	2540
713	1901
501	4229
1350	2388
830	1206
1025	4706
719	882
1350	4714
1780	1971
2117	2439
314	1458
3755	3920
313	3167
1010	3012
2229	2439
212	3169
1878	2308
942	1425
3710	5010
1120	4348
2202	5021
600	4229
277	599
1038	2993
566	4686
3141	4704
773	2222
2489	4111
1010	2108
191	4053
961	2418
359	5020
1759	4217
700	3293
4205	4405
1568	4178
1423	4734
1759	2040
3707	4585
1489	4311
374	5021
120	4412
1944	2669
120	4717
2462	3548
2546	4428
120	1846
2026	2863
1464	1777
3773	4909
111	3137
1206	3417
29	3510
4111	4586
2954	4408
313	1489
1777	5143
2970	4453
120	4848
104	2213
121	4229
1493	1568
806	971
1776	2318
2158	4784
1133	3896
180	2452
320	5114
2078	4519
2408	3358
4174	5021
2735	4705
2088	4697
652	4141
2654	4687
705	4232
2373	2967
1625	3843
3653	4796
3627	4904
2352	4899
371	1555
4178	4241
461	4086
3410	4963
3626	3628
1164	2408
1138	1295
1287	4178
1293	5234
685	4141
1741	2024
3596	4180
1533	3169
3970	4141
1565	3282
713	4073
599	2797
1985	4408
2894	3169
96	358
4178	4314
120	1175
498	3229
336	2589
2661	3803
2158	5227
1447	2318
3636	5184
2970	4727
2663	5118
2659	3169
1656	4429
2166	5188
1438	2529
348	3593
3169	4729
1753	3169
2211	2887
1686	2892
3158	4464
4714	5073
2434	2641
3548	4809
2870	4663
1495	4315
1273	1586
359	1777
1270	4873
4229	4989
228	4459
3141	3907
96	5114
2735	3498
3596	4493
546	3169
3846	4383
2435	3017
2529	2720
120	4484
483	1672
2012	3593
2887	4220
2073	4229
2161	3963
2854	4229
1655	3509
381	3169
1131	4058
38	3548
1741	3183
2708	2851
1384	3169
321	3790
3468	4141
3160	3380
79	621
319	1549
120	4168
1555	5074
1446	3686
2158	2515
1969	3984
2956	4869
1602	2393
1656	3160
320	3696
1362	4841
295	641
120	4429
685	1133
703	2887
1756	4178
320	3119
604	2211
2356	4028
3488	4229
3920	4086
235	3600
3448	3509
79	244
2131	3169
4137	4141
321	2526
3535	4756
1995	4608
600	1533
906	1497
510	1447
1047	3803
2078	3510
881	4902
120	1489
1311	2314
320	4301
1565	4582
3218	4428
2059	2158
180	3910
180	3686
1723	3598
1878	3598
120	2831
1229	2641
3887	4873
564	582
559	1010
1555	3970
348	516
2318	2630
1297	4141
92	356
895	2988
358	942
1293	4347
2152	4608
3331	3556
1981	3893
997	4608
2352	3843
1138	2393
1295	2318
663	2303
15	3888
4371	5020
1587	3302
553	720
1533	3015
1531	4189
2749	3782
3749	4454
663	4856
1295	2158
1555	2815
2109	4320
992	3960
1164	3084
354	1058
1541	4776
1574	5155
1021	4141
330	3440
1432	3855
2399	3004
97	2663
1021	2907
3358	3920
881	1821
1555	4043
119	1741
4202	4447
2961	3472
3109	3755
348	3042
129	2051
940	2654
2322	3887
559	653
942	3169
1467	4263
1777	4596
120	4166
3111	3682
739	1080
1656	4577
263	2076
120	1807
270	354
3975	4954
4178	5196
2993	3167
620	2417
2304	3169
221	657
120	488
4229	4725
380	2211
104	727
1656	3128
759	2894
913	1316
1655	3025
2653	4622
125	4275
17	4972
606	4178
2569	3381
1229	1601
814	4993
120	5021
3215	4331
4349	5100
3653	4347
3004	3169
2970	3546
2670	4993
348	3596
604	4914
3084	4111
2720	3896
320	4267
990	4229
2318	5145
719	4260
597	2211
348	4383
599	2582
348	3358
4905	5175
1723	2642
1780	4963
3072	3169
176	4613
1577	3710
588	1235
3169	4163
4162	5021
1867	4845
2916	2936
2318	2500
1162	4529
4162	4589
4613	5114
120	433
1206	4231
1975	4141
1356	3626
2775	3020
3834	3896
1095	3169
4058	4734
3478	4162
4178	4750
290	3153
1038	1770
1133	2539
3000	4229
2315	4107
1664	2749
537	3920
561	4845
3334	5113
1356	2993
3411	4347
1928	3637
1450	1565
96	561
710	4229
235	4203
2610	4107
92	867
2500	2615
2854	4332
1861	2213
593	2318
2526	3411
3157	3222
1741	2332
31	5116
3588	3922
1359	3815
1723	3281
3358	4405
3160	4178
662	3627
1429	3169
1792	4111
566	1047
2539	3228
1423	2991
294	3169
3127	4178
233	2583
516	2887
1878	4519
1568	1656
3169	3758
3621	4141
4319	5188
348	2615
1809	3302
4229	5208
2903	4162
96	4600
1129	2887
726	3258
882	1723
2452	4804
2158	3839
1555	5010
3149	3454
3025	4529
37	2477
2993	3626
3169	4017
359	2222
3417	3549
352	4193
3673	4383
989	5132
3169	4071
161	722
120	4704
2889	3540
556	1780
3169	4630
559	4401
1206	2108
3667	4229
3281	4229
1347	4178
1052	2857
2352	2612
944	1533
990	4627
3040	5234
1705	2526
754	4229
1138	4469
3411	5100
320	3668
881	4608
1649	2603
196	3839
120	3524
1656	3000
1555	2161
1952	3888
3141	4963
2112	4178
1533	3477
2936	3169
320	1438
1458	4371
3526	3922
688	4141
387	1541
1813	3596
564	4044
177	1025
4229	5229
821	2205
320	1566
1138	1561
3258	4124
3170	3664
553	2892
359	1611
120	378
133	1133
320	711
2309	4260
1615	3169
92	3120
4225	5008
1653	1770
1043	3196
2526	3084
294	2211
319	1555
848	1533
3169	3678
275	1070
2158	5177
2223	3160
29	4973
135	2816
1113	3478
1531	2887
1809	3282
806	3295
3920	4849
2322	4454
120	2956
1562	4372
882	961
1373	1421
1726	2749
3031	4347
1252	4687
1821	4185
2589	3061
191	1199
4178	4555
4178	5021
1773	1783
3153	4679
3157	3920
290	411
368	2164
2654	3846
779	4405
1273	1533
1268	3536
1532	2158
2720	4203
196	2318
5181	5217
368	2970
881	5154
104	5160
3945	4113
138	5021
1555	2318
1861	1928
2529	2799
120	4781
1533	4608
2301	2318
1555	3893
4706	4756
2137	3169
4686	4729
2431	3160
1531	1770
2526	4494
1203	4841
2158	4402
600	3477
1435	1489
1133	3331
1602	1646
3169	3706
196	588
311	4229
1555	2196
37	2706
356	559
1974	3472
424	693
2612	3829
1455	1555
561	2408
994	5215
1626	4166
4402	5177
832	1080
839	2368
1846	4229
1577	2189
498	4608
1765	4229
4162	4608
3713	5021
4513	4648
1837	5047
2112	3169
1542	2663
3850	4969
1446	2318
882	1574
1608	2603
540	4178
2154	2887
3157	3351
2089	4850
1574	2518
529	2021
355	842
135	4383
1507	4428
1555	3229
332	3360
4058	5032
2870	4402
743	1385
235	2408
1941	3904
1028	4214
1273	4776
1611	2665
1770	2417
4229	4674
726	1555
2749	3000
2051	4641
1726	3169
1646	3598
400	1953
120	5188
191	1466
1565	3627
812	2654
120	3638
2869	5132
104	2135
1876	1948
739	4736
3621	4275
1723	2446
3258	4608
1555	3245
1606	1615
1133	1821
1294	1944
154	4473
3663	4141
663	1406
354	3498
154	4347
588	5215
759	1995
990	4874
1925	3169
1495	3250
806	1927
820	4347
3160	4084
2102	4899
553	1753
120	1398
2318	3169
658	1555
191	4752
882	4922
320	485
1568	5020
700	4613
1203	1890
3526	3888
277	1423
1050	4879
1206	2607
4615	4784
191	4031
3870	4178
2370	3169
4383	4960
120	4734
314	4229
3207	3454
2526	3640
1375	3011
3778	4894
3907	5021
2653	4317
1577	2417
601	1161
3044	3790
1133	3317
314	3382
464	3169
2089	2750
663	2789
2589	4168
2940	4752
120	2866
2805	4265
2088	4585
2775	3328
1555	4068
3593	5215
1447	2653
775	2361
176	1493
268	1131
36	4428
599	4109
120	1259
191	3137
693	3309
120	2322
1941	4229
3636	5177
449	5188
1363	3144
3169	3898
4756	4999
676	4988
2720	3167
1952	2810
1035	2059
426	2089
120	593
3381	3792
2158	4608
381	1295
96	4514
2418	3169
1656	4336
521	4572
280	487
120	1239
1203	3320
1770	2448
3435	4229
2589	3515
347	581
1381	2653
696	5227
1133	4229
51	4967
816	1451
348	700
1050	5002
1602	3546
277	3358
1025	4385
1481	4540
2161	4154
858	2211
1398	3637
270	3169
3100	3169
1576	4845
703	2318
120	2373
1341	3280
3612	4178
1770	3664
736	2414
1874	5118
196	4666
2451	2526
154	1555
4567	4582
3472	4044
3598	5241
3004	4093
1574	4460
1984	4528
3169	5154
561	1133
353	4385
553	2993
717	5156
1901	3762
277	4332
38	4347
4229	5225
3507	4141
2735	3363
120	3546
290	816
320	542
1821	4124
3169	5040
2190	4253
1619	3169
457	1447
267	3395
663	1447
2393	2870
3550	4895
971	2212
235	3410
2653	2899
120	1568
2012	3184
1602	4663
1861	2790
693	3667
3910	4973
3157	3369
2991	5222
2108	4454
432	4852
2008	2989
3382	4540
3169	3966
424	1080
3596	4371
2749	5229
1601	1723
2315	4874
417	1111
3540	4178
120	3765
3882	4727
1778	3169
1010	2356
1555	2393
3169	3260
1226	3637
3169	4647
2399	4093
662	4513
3169	3450
1578	4178
1176	3710
3320	3626
819	2130
1338	5177
320	2970
1112	2072
802	1653
247	3169
3562	4970
276	2408
120	3120
3887	4714
1861	4052
497	4141
1555	5021
2610	4260
2308	2318
320	5079
2580	3737
4086	4582
525	4199
498	4347
120	276
524	3490
905	2970
3169	3962
446	4144
1602	3998
3852	4229
975	5196
755	1010
4065	4178
2582	4166
1350	1555
516	2040
778	1462
2642	4610
120	1403
1010	1781
4051	4704
2373	2388
1302	3237
3293	5176
3863	4540
294	2653
711	2408
951	1080
1133	3492
96	320
245	1858
2289	2701
2408	5215
2887	4085
2031	2158
3517	4290
1209	4141
3024	3440
320	1359
381	600
1561	5177
1455	3309
2589	3153
600	3907
582	1861
3111	3783
700	4608
1356	3904
96	1354
3358	5215
601	1489
374	4275
154	5215
1179	4348
461	513
3410	4454
1288	3160
4229	4732
1173	4552
381	3477
249	3043
1723	3169
4785	5047
1356	5242
713	3454
1030	4576
318	1971
2970	4469
2970	3710
2615	5100
600	4727
3472	4762
1723	1777
1338	2031
1584	4229
1133	4676
4725	4727
2416	2889
92	4372
223	3169
154	588
4229	4867
1493	1759
1653	4888
882	3687
816	4734
901	3592
1773	4237
233	2089
484	2887
2701	4072
4601	4844
848	4332
92	2826
759	5154
2896	5176
284	3444
2211	4627
1656	2388
1705	5188
2634	2735
2021	5002
1212	3331
100	4275
1455	4608
260	1151
641	3588
3907	3988
1010	5184
1655	3678
943	4663
1555	3910
609	997
4093	4909
265	2399
773	2416
3169	3631
1363	4229
320	1705
648	2158
129	1429
3517	4315
1235	4750
1116	1555
905	2720
2154	4784
2518	2720
1447	3205
2665	4229
1235	5157
3382	4973
120	4009
2214	4954
1942	2654
3331	4841
3575	3713
2393	3710
652	2545
2612	5076
1948	5155
797	860
588	1478
2604	4732
1162	1451
3665	4013
3454	4926
1705	2451
1843	3255
2700	5020
658	2318
359	4229
1741	5148
4734	5100
2318	3562
1294	1541
1494	3331
1599	4547
120	4624
4028	4275
772	992
2797	4428
1206	1741
36	1984
1429	2732
1354	1479
961	4785
918	4202
1942	4739
1574	3986
1094	1447
1455	5222
940	4529
901	1837
582	4963
320	2161
564	3907
686	2887
3146	5021
1723	3043
561	600
601	1984
4891	5021
1726	3093
1759	4879
1489	3904
4229	4513
3931	5156
1342	3664
3976	4582
4843	5116
917	2526
275	1984
1941	4596
2857	3331
2244	4756
1133	1451
348	3603
417	1312
320	1321
1555	2557
4124	5032
1347	3169
1284	2720
1162	1356
689	1577
260	1367
79	1650
120	5196
3596	5043
2303	5021
2356	4969
2346	4589
1785	4754
1342	1493
3295	5215
3295	4311
559	990
3755	5100
939	1481
2107	4275
1697	4841
1878	3654
521	4229
1293	2737
3169	3874
3044	3220
2451	4285
1398	4347
2826	3832
2423	2983
600	4608
1852	3549
700	1194
154	4229
2991	4028
120	4314
2377	4178
4330	4408
2130	4739
2089	4713
4178	4770
2021	3504
133	1555
3762	4789
120	3976
3691	4848
172	5146
2858	4461
1412	3498
120	4106
332	1947
1741	4852
2352	3810
120	176
1500	3815
4349	4954
3873	4178
2012	5229
882	4926
1111	2970
2888	3548
686	5215
856	4178
1577	2393
2424	5085
2318	4796
2452	3665
1455	5100
2161	4612
120	2733
1203	3167
4106	5215
1717	4393
3012	4867
380	4141
609	1451
1985	4702
516	2408
96	1574
3621	4706
170	4178
927	2235
1843	4229
1016	5127
1133	2733
2500	4988
1334	2387
3900	4178
4820	5237
2387	2583
609	4687
589	1878
1120	2373
941	1565
759	944
1755	3710
348	3158
819	1117
2603	4109
120	5242
1620	3391
1507	2797
971	1507
943	1577
1741	2231
2048	2887
3169	4787
319	4317
120	2587
2724	4178
1753	1901
1363	4608
120	2377
2749	3673
1555	1595
816	1455
3758	4736
2887	4729
447	1137
1541	2665
4714	4909
1532	3526
120	3408
2717	3596
1565	1584
314	5020
3157	3169
4229	4582
330	4229
457	4013
1565	3975
277	1293
2783	3988
1780	2887
2390	4141
196	1684
2641	3845
918	1331
1646	4347
362	5127
457	1022
1207	2190
3856	4178
3627	3843
3169	3509
352	2021
2529	4547
1777	2555
2892	2946
1785	4237
3109	3478
1717	4850
3451	4840
1203	1356
759	1429
1403	2161
1455	3478
1903	4348
1576	4260
2408	5222
120	284
581	4873
1206	2418
772	4970
383	1881
1331	4058
368	3548
1705	4841
4555	4967
2582	3169
1384	1736
290	2820
588	5100
598	2211
941	5154
4116	4589
4734	5073
3169	4801
319	5254
3593	4852
1133	1555
4778	5215
3593	3810
4849	4954
154	2701
2993	3295
2161	4028
2630	3783
4031	4370
1022	1316
120	2304
720	4873
120	380
3169	4784
277	2408
2878	3169
2653	4926
582	4999
2109	4752
1080	2152
597	3755
1304	1555
120	4504
29	330
258	2735
120	4739
120	1768
794	3169
600	848
2393	3998
2833	4178
3988	4784
120	138
1656	2211
4739	5036
2146	4988
18	4676
1755	5188
778	2158
4879	4899
483	3792
735	3084
1287	2144
300	4464
4072	4229
588	4124
120	4514
989	5103
1538	4347
1095	2158
174	1580
1901	4347
4210	4873
1327	5100
2542	5018
120	4053
3109	4349
1147	2388
2414	3783
3331	4789
1489	4349
196	4363
4615	5227
1785	5047
293	4383
313	2993
3169	4592
537	2314
120	4370
3261	4540
1741	3627
1705	3870
1120	4704
453	4627
235	4028
1756	1861
1778	2749
368	3850
1927	3549
1574	4717
120	1892
290	3920
2956	4547
2393	2970
3124	5196
320	2863
2603	3710
1123	3660
180	1574
1603	4576
449	1577
1126	3169
320	2129
4613	4625
397	4168
3101	3843
120	3681
2223	5204
5021	5222
1273	2641
2887	3077
2887	4608
120	3749
1620	4144
1646	1726
120	3870
18	2875
2158	2870
139	4229
1611	3169
828	4393
1555	4891
3739	4841
3648	5132
4608	4891
2099	2117
172	3593
947	2388
320	3550
3120	4106
1020	5008
460	3454
641	3922
499	2970
27	2540
3636	4037
1780	2318
916	1777
120	1248
601	2993
23	4178
1287	1489
58	59
1606	3594
1123	4906
320	772
18	1021
2827	5032
1998	3169
1947	4729
126	4393
1780	3358
1555	3664
2529	2830
842	2970
2661	4909
3141	4954
376	4229
387	3598
174	4085
191	5103
3491	4052
1112	3295
4608	4729
6	4229
3120	4734
4168	4466
1571	3638
3686	4267
4608	4954
1028	1423
3884	4393
947	2089
120	3821
3015	4229
3272	3931
352	3691
3345	4235
4166	4905
96	3366
2604	2630
1830	4714
137	4229
120	322
1843	4714
3510	3843
597	4738
2519	5215
2540	5241
174	1133
3111	4229
2112	4032
1429	2894
516	4663
620	1777
3025	5154
739	1555
2589	3910
3400	4464
2052	2735
2737	4178
881	2916
28	4856
260	879
994	4663
172	4412
320	1646
2211	5032
299	2661
1494	2887
1555	4542
433	4031
104	4627
1565	1778
135	1555
537	588
1112	3549
120	598
347	4210
2056	2589
1379	3169
1214	1533
120	1756
2297	3320
464	1235
529	1050
319	1695
764	3708
529	2089
260	1655
2569	3920
1574	1695
1992	3988
711	2653
79	516
733	1133
1421	2589
1165	1743
235	3713
120	2427
589	5076
2388	2610
564	3673
1010	2047
354	3903
4734	5222
582	1235
1555	2916
3153	3229
120	2211
511	3396
1493	3557
154	3258
2559	4107
1010	4265
120	3748
1359	3317
137	3015
2916	5215
3628	3815
1111	3546
2413	4370
2582	5113
120	2581
2589	3222
3545	4085
277	1565
1565	4330
2956	4717
739	4347
2235	3334
3478	4229
1646	3710
1611	4843
313	601
1133	4787
1435	4347
674	1577
1489	2072
277	1697
1489	5156
839	1524
1892	4407
1638	2318
1481	1780
2211	3621
120	445
658	4586
120	5222
1655	4229
1998	4321
713	2417
936	3874
1933	5204
433	5118
2416	3548
2308	3169
739	2318
1753	2720
1038	3169
2539	3920
1656	3410
1138	4729
3665	4113
3157	4856
2222	3169
1649	2211
446	4347
4346	4736
3258	4347
177	1541
4849	5032
4609	5156
918	1995
320	3618
97	1881
489	1516
1137	1270
1423	4275
1984	2286
352	5148
1611	2294
658	3169
368	4185
1131	1435
489	4973
1995	2956
3382	4717
620	4347
491	663
348	3771
2991	5021
3169	3483
1492	5021
1016	4447
3888	4785
2539	3907
1493	1577
1532	3665
4519	4688
1481	2887
1565	4113
881	2158
2887	4349
1984	4853
1401	4229
380	4072
120	4604
406	3085
120	1021
1942	2887
290	469
4255	5021
1447	1493
17	4466
5036	5204
120	5095
1133	1697
3212	5234
27	3169
2483	3896
320	1229
96	2235
1206	3397
773	1464
686	2878
457	4412
3137	4960
2215	5242
533	1555
3627	5175
5155	5217
2314	3158
816	2135
354	3588
2603	3380
2388	4491
319	2416
1864	4199
4178	4898
2781	4970
3300	3738
3498	5018
426	3884
1580	3596
80	1649
882	2222
4229	5160
2970	5154
3498	3834
2823	4275
2823	4963
137	4385
942	3664
348	3556
906	2589
267	3169
700	1881
1356	5156
1206	4428
4371	5199
2761	4178
2529	3366
1345	4595
2318	4529
269	5217
2587	3255
3169	4393
329	1537
4616	5161
1203	5242
1555	2363
2812	4178
348	3931
247	3157
1010	2463
2158	4825
1948	4663
684	3004
600	709
868	4385
2332	3260
700	3596
1565	3157
917	2935
1451	4202
2332	4229
4229	5199
1435	3167
815	2540
1481	3169
690	1013
433	4752
2663	4752
939	1741
1656	3856
3023	3104
445	4141
1565	1947
2851	3664
1941	3295
4970	4973
1649	4734
4178	4288
2863	3710
3598	4275
3169	3232
951	2559
346	3435
2315	3141
1533	4817
120	4626
1147	3042
3792	4072
2158	2916
759	1285
1780	1813
1455	1493
96	755
1094	4663
4383	4454
686	1537
381	4217
4229	4590
1736	2691
4879	5156
693	3489
329	3229
717	1723
1692	2732
1741	2088
260	4608
609	3169
1565	1626
154	4162
120	3592
1753	4933
1942	4841
2749	4686
2213	5154
381	3396
2764	3988
700	2452
67	4043
3548	5227
1531	2851
3887	5021
858	1494
1608	1705
17	1555
2355	3710
1555	2529
336	917
1555	2515
58	3169
29	4178
3998	4727
3803	4785
461	4163
1809	2286
1206	5208
2064	4229
2829	3169
3008	3987
120	2355
2720	4111
739	1288
4714	5229
119	3069
1928	3648
1646	2318
96	4849
155	1038
1901	5215
1577	4202
4604	5020
1463	4178
2607	2653
994	3710
1837	4345
1295	1646
277	3493
717	1756
1462	4785
4371	4687
588	3144
120	1227
320	354
275	1016
1038	5021
2356	2717
1761	2653
2878	4385
773	1949
1384	4347
1373	2956
3169	4529
1901	4902
2655	3169
4124	4589
1684	3368
1783	4043
320	4417
2970	5177
1555	1672
3856	4383
1312	2244
277	2995
1615	1981
1331	4967
2056	2452
2135	3169
1861	2451
828	2388
96	135
2122	3169
1646	3882
1047	5215
609	2076
743	2537
1739	5021
191	3867
806	2890
2961	5171
1185	4229
2211	4663
1533	1555
663	1256
2393	5177
722	5154
4229	4676
525	4848
2653	3128
2089	2990
4202	4229
294	3358
1297	1852
686	3509
2970	4229
1656	4622
277	1350
483	3144
2653	3112
1206	2243
2158	2196
3169	4237
939	1627
982	5160
177	3169
814	4141
2732	2894
1489	3320
354	1785
3492	4608
290	4582
2983	4879
1131	4973
3937	4347
2887	5202
155	1489
2892	4348
196	3803
2318	3071
2983	4028
4229	4819
3769	4663
2318	2526
1302	4627
2089	5154
294	4973
44	3706
320	674
588	4895
3169	4493
601	5156
334	4609
499	2158
1555	4462
2408	3477
971	1927
1861	3454
111	881
358	1532
1356	4169
942	1595
258	2603
3944	5008
4347	4664
2582	4801
35	4275
4166	4425
2435	3169
3596	3667
2993	4219
129	741
486	1209
99	4285
1447	1577
2899	5021
4372	5103
2956	4267
1020	4608
2764	4275
1447	4967
1342	3069
1874	4031
599	5184
3552	4405
1466	1513
191	4093
2827	5021
3755	5095
2314	4229
1785	3331
1783	4385
700	913
1356	3549
5021	5157
2158	3908
705	1435
944	4217
2346	4124
3169	5049
1114	1399
211	2158
3169	4697
368	1316
1692	2894
104	1423
2582	2749
2569	3124
191	1312
2720	4729
53	3169
4178	4985
773	1933
2916	3636
188	1447
15	3015
1952	4385
4519	5254
17	2384
2303	2559
1206	4734
1948	3169
601	4967
2735	4576
1107	1741
320	4401
2728	3169
2243	2749
27	839
700	1107
3884	4319
700	1867
621	1980
3393	3737
3586	4229
3596	4347
1229	4739
29	4267
2653	2898
2500	5100
120	2611
3157	3667
3169	3596
457	2879
2158	3258
3440	4783
588	3792
2417	4348
703	4347
2851	3167
4229	4651
881	3483
1769	3960
794	2653
1901	2161
332	3998
4229	4891
1338	3360
2653	3920
601	3549
27	1225
4639	5021
696	4963
3920	4706
320	3141
120	4654
717	2993
4229	4750
3169	3628
67	4237
1029	4233
2970	3169
3904	4311
2154	3548
3169	4542
235	1656
3169	3813
1334	5134
1555	3735
354	3888
361	1780
1137	4909
3478	4677
1901	2158
3368	3725
37	2318
2158	2706
332	4641
1531	2870
120	997
260	1555
3141	5100
3428	4199
3492	3566
918	5103
92	1780
2956	4229
2158	4339
906	1778
700	1780
2936	3170
2603	5079
1507	5021
120	1663
320	501
867	4229
3222	3858
277	1726
1370	3594
1133	1533
92	4370
168	4178
2887	3988
2569	3792
96	944
4107	4229
3578	3920
1786	4572
1270	5127
1555	3992
120	3101
4347	4874
4275	5184
1040	3815
992	1538
1532	4043
120	621
1603	3169
4205	4738
1350	4233
320	2775
1050	3884
2200	3281
2164	2764
588	4734
280	3931
711	5021
530	4229
1565	2582
1038	2733
2653	4137
857	4412
2641	3317
3169	3518
1555	5241
601	4311
299	3637
1555	2051
3167	4162
918	1780
29	2991
2778	3834
198	3334
895	2089
828	1717
713	1608
3548	4993
348	3773
228	3157
879	2661
663	4473
1513	2991
4431	5154
3557	3636
3411	4229
1881	4371
1533	1697
88	4229
120	4888
2653	4552
2109	2663
1606	3893
3529	4540
1874	3464
1780	4031
2318	2970
1025	3015
1338	3157
2653	3627
3160	3843
1808	4666
1338	4315
2021	4275
3042	3331
1608	2286
548	2615
1985	2610
4116	4162
2970	5215
939	4848
320	5160
348	4841
2887	3472
1010	1780
2158	5074
27	592
29	120
3320	5156
3157	4079
990	3648
2889	3160
1481	3920
1284	3802
3628	5215
348	3426
1942	4663
2691	4191
2158	4729
160	1917
717	4784
588	4589
2158	3937
1927	4853
104	1176
74	4466
601	1214
1489	4315
2318	3228
3815	5208
333	4408
2393	2887
609	1010
939	982
2653	4013
566	1179
533	4229
1655	1985
4963	5018
3258	4229
1685	3815
2080	3771
320	713
400	1532
1777	3472
133	2158
44	3169
1565	1568
3593	4210
2289	5154
676	3005
111	3169
703	3169
1606	2308
1538	3762
1078	1580
600	1138
4841	4984
3334	4229
601	5215
2654	5222
3169	3493
3228	5229
703	2451
296	1611
2243	4113
371	554
3668	5021
2890	4229
354	1705
129	2515
913	2724
1338	1493
60	4825
120	4506
971	3069
280	1759
2540	4347
719	4043
736	4178
1555	1638
716	2423
3648	4540
2515	4641
276	2654
180	1625
2158	3031
2852	3892
1179	3593
373	457
196	4727
2539	3478
878	3691
474	1861
881	1354
2586	3966
2158	2875
135	516
2479	2529
802	2223
1311	1425
3169	4441
3028	3768
235	4552
346	4162
120	763
581	1179
2653	4627
592	1656
4539	4752
3472	4714
989	4229
160	3802
1695	3627
2414	2630
739	1284
2047	2749
3626	5156
135	1565
353	3169
120	2416
600	944
2322	2462
726	3815
1179	4210
755	1338
992	3910
1226	4232
600	2755
461	1235
509	2749
548	4349
1531	2608
913	4327
566	2887
3141	4970
2388	2416
1549	4585
3158	5021
2749	4604
1347	4037
2244	2589
3020	5124
516	1942
255	4178
977	2653
3109	4456
2318	5187
244	5177
34	2190
235	3522
4841	5234
1018	1736
2993	4311
120	643
2387	4345
2653	4928
618	5161
1538	1770
1574	1759
1555	1776
120	1435
3850	5118
135	4116
220	1966
400	1009
1723	3077
2158	3309
1656	5020
3245	4454
3755	4205
177	1611
2314	4630
1741	2021
1611	3043
1949	3540
2722	5021
1777	2222
686	4608
2993	4168
154	2903
3846	4841
882	3288
3557	3896
2653	3975
589	4519
417	1861
2749	4336
760	2993
320	1608
1948	2946
700	3667
3966	4547
2416	4275
881	2318
2653	4203
347	3593
348	1697
4738	4874
120	1160
1244	2596
1138	2318
1225	1777
2099	4589
104	354
4320	5118
820	2158
1229	1723
2318	4760
1367	3109
491	1555
2304	2603
2641	2928
1532	3260
2991	4154
600	2936
2009	3169
3454	4879
1028	4464
2318	4162
1133	2956
2887	4315
600	2161
1636	2529
2653	5184
661	2653
819	3468
2775	3545
120	3237
2427	3169
4071	4178
2215	2993
1173	3169
4784	5116
3169	4796
739	4608
2161	2301
1984	2797
739	4348
3964	4469
4068	4178
640	3280
944	2205
139	1780
774	1555
290	1577
918	1638
1455	3410
2318	4736
2854	4663
1455	3755
50	597
2887	4734
2315	3975
3212	3344
4663	4777
1551	4229
1458	3976
36	4275
1370	3281
1565	3417
221	371
3144	4229
120	4332
4412	4484
120	3273
2570	2653
1602	1672
1206	4210
371	3331
196	3169
2117	3920
676	2612
2536	3169
120	820
120	3324
1295	1462
2539	3293
4714	5157
2105	4970
346	1555
5063	5217
2117	3004
1878	2352
4210	4484
333	4862
4529	5175
1602	4608
2935	4493
3653	5184
2007	3017
2211	3986
258	2211
3426	5242
31	4345
1462	2158
449	3169
939	5146
96	460
2047	3834
881	3157
1719	4031
703	2289
2352	4371
3907	4168
120	3981
1138	1555
120	5218
1928	3596
3382	3578
717	5196
1179	4873
989	4627
2322	3907
3858	4639
1516	1599
2630	3169
2589	3831
2653	3411
120	4160
1255	4714
943	4193
1493	4031
244	3169
739	3237
1494	2318
609	989
2387	5134
3169	3478
279	3400
2665	4776
2529	3477
2052	2318
120	385
1306	3884
206	1341
2515	5240
60	2356
1741	4429
1561	2318
1695	4904
1882	4888
1559	4484
1555	2451
1447	3945
1455	2211
1555	4383
1287	4229
697	2235
1783	4229
672	4784
858	2318
564	3896
2749	3141
1522	1681
2052	5215
2211	5020
944	2653
2368	5103
31	4229
4015	4582
700	1447
120	4408
731	4229
879	3391
3600	4229
600	2956
461	3815
1435	2607
120	4852
120	2064
961	2222
1138	1421
882	916
3004	4610
881	4760
120	4045
4225	4467
992	4031
643	2526
3169	3896
4141	4219
120	4360
469	2158
1312	3137
516	3675
1338	5154
1047	2653
559	2189
3771	4950
1507	3815
1467	3821
2896	3293
739	2158
4202	4714
2887	3790
1447	2641
2749	5222
3169	4843
1685	2797
1393	2304
120	2129
96	2603
121	1555
120	5157
2431	4888
1794	3169
516	2764
1147	2634
235	2469
686	4031
972	1080
884	4784
1507	2755
2324	2653
191	4154
2775	4732
314	700
96	4688
120	516
1861	5184
553	3686
29	4141
137	1555
2244	3137
1638	4899
705	2394
3546	4229
3598	4519
1574	4217
2820	3988
1697	3436
1331	4734
277	4031
2653	3596
3648	4461
1555	2099
4454	4608
2887	4727
96	3841
3169	3901
588	2701
2215	3167
1780	4253
1235	3397
772	4072
2318	4402
300	4513
2749	4044
599	2417
3771	4178
1338	4493
1270	4852
4519	5085
1555	2954
4542	4873
314	4371
4111	5021
2416	4663
2483	5154
1533	4663
882	4958
4997	5008
1312	2887
3169	4600
2509	4888
1992	4528
2223	2889
3421	4655
120	3207
2898	3536
1941	2653
1770	2158
4756	4954
1133	2799
717	4229
942	5241
2641	5205
836	3169
1901	4970
3998	4608
1555	4777
374	5020
5116	5134
816	881
1998	4572
1780	2653
501	2654
942	1447
1050	4229
2161	4805
120	2660
4180	5184
1297	4178
2988	4383
954	2610
3758	3934
1565	5157
3109	5171
3598	4552
1927	1984
2589	4807
446	1338
320	3524
1020	2154
92	3566
228	2509
3262	5241
329	1656
280	1627
211	588
449	1133
1577	3084
175	3169
3682	5161
1949	3160
601	3426
762	2603
2708	3739
332	4402
2135	3395
1555	4503
741	1947
1206	2322
1065	3169
1839	4275
426	4229
2500	2889
3167	3904
1780	2211
1881	5199
299	4687
2418	3834
997	1532
3169	4909
3169	4589
2993	3628
2352	2641
561	4547
290	3940
5021	5095
2315	3258
985	2243
1138	1338
3596	4124
2993	5215
588	2875
2875	4408
3169	3552
3261	3483
411	2641
794	881
1206	1781
299	4973
1179	4412
120	2876
417	2970
836	4608
1577	3170
1350	3169
92	5095
228	1949
1770	4347
4677	5217
368	1619
27	1777
710	4107
1947	2051
2936	3237
120	1463
601	1203
120	1294
2887	4540
142	3937
3062	4879
36	1070
1601	2078
1923	4178
348	686
111	3998
92	4796
498	1455
2540	4514
1974	4704
4013	4347
2215	5154
120	377
4663	4973
1995	2031
1489	1692
1229	2222
755	1447
4412	5160
3667	5046
3556	4713
417	2318
498	4484
3382	4320
1705	5079
1107	1830
703	1555
1995	2878
5175	5184
588	3380
881	4331
2315	3755
1025	2665
609	3960
1777	3540
320	1334
982	1206
2393	2916
59	3992
1753	5008
3158	4608
67	442
4663	4999
1398	2289
464	1555
816	944
700	1270
1117	2863
111	4235
1636	3931
3163	3696
1010	4468
154	483
1974	2235
319	1878
348	1047
2545	5188
588	2144
387	1878
588	2913
3169	4162
1952	4785
125	4111
3626	3931
2603	4168
120	3560
3926	4935
588	3258
2361	3675
1206	1316
464	3017
1478	1928
591	3598
1577	5145
711	1235
352	1741
1481	3648
133	4229
2388	4461
1531	2878
1602	4725
548	1206
905	2661
120	3782
1164	3169
120	1933
1435	3988
1494	4347
1697	3046
918	4178
4217	4663
2301	3755
360	4608
741	4641
832	4107
3988	5184
1451	1636
92	1753
1244	5154
1493	1672
944	3647
320	3345
1235	4220
222	1455
4168	4873
601	3320
489	940
1813	4540
1842	3802
97	4752
582	2603
1574	5134
2826	4347
1785	2641
2630	4963
4714	5222
258	3169
1992	4229
511	2078
2413	4178
2887	2894
3229	5215
4058	4874
276	1948
120	1578
1133	5063
1186	1577
120	5019
3169	4988
2297	4370
322	918
359	1541
176	3169
4608	4825
4383	5020
2539	2827
28	1235
4311	5242
2006	4229
498	1555
957	2720
1927	3992
4331	4714
1878	3281
2615	5215
120	207
3158	3255
1464	3468
1338	1555
4124	4205
3593	4484
333	4031
1151	2589
277	377
120	5124
196	3551
1723	4677
1113	4405
529	4255
235	3120
1807	5145
1772	4178
1270	4412
2117	4347
1354	4166
1375	4705
1572	4141
120	3510
711	1741
2597	4663
460	1133
3850	4229
1656	4219
120	977
498	4229
3169	4302
348	2416
3975	5100
483	4229
553	1047
2161	4879
546	3843
1736	4043
1922	2026
2318	5074
700	4178
1985	5175
3594	4590
120	562
1995	2967
235	3509
1133	1913
356	1606
537	4124
2898	3498
564	3856
433	3773
717	4348
566	4347
1649	1717
773	2889
1331	4255
1949	2222
1723	4841
320	3118
191	3648
1206	2600
599	2586
990	4347
3012	3834
1421	3858
3167	3628
1131	5188
1311	3358
705	1316
498	4174
212	663
79	3160
1549	5251
700	4220
905	2417
2056	4407
172	457
1555	3205
3515	4229
3220	3464
1672	4347
4220	4963
1627	3810
2559	3575
314	1881
1113	2314
133	2318
3169	4849
3167	4589
2211	3169
1427	5188
1288	4519
989	4220
686	825
2387	4856
2970	4729
120	4136
1164	5188
320	2417
2988	3884
700	1458
717	4178
2117	3837
599	940
172	700
2827	4229
1137	1663
1111	1138
332	3084
3061	3928
1901	4229
3896	4347
104	111
1974	4229
1545	2749
1478	1489
2956	3169
1555	3000
4028	4454
469	2318
120	3667
3169	3899
120	1450
175	4608
1235	3834
2615	3527
1187	1284
3896	4608
3976	4627
4109	4856
60	2318
1316	1723
961	2641
211	1809
764	3368
1447	3157
1373	4663
1179	4484
1227	2352
2059	2322
607	2654
553	3320
1363	4584
320	2764
839	1080
624	4879
2580	3665
2078	5085
773	3160
4627	4963
362	1070
191	2610
1455	3012
3888	4385
3109	4706
4853	4993
2526	4347
277	4536
1861	4074
3858	4079
244	662
1949	2416
736	3258
882	4385
940	2286
1162	3536
1493	4714
1577	2857
2423	3153
705	2939
595	917
120	4348
3258	4162
4841	5215
359	916
1206	3100
3472	3928
1040	4428
453	3100
700	4116
540	4286
588	2346
2384	4513
3892	5202
513	4229
989	990
120	774
566	3169
997	4043
379	1830
3137	4235
2452	4945
1113	4229
1927	2887
4229	4383
1131	3710
2477	3920
138	566
2158	3998
705	1675
759	1684
1282	3775
1781	3593
589	4914
1807	4547
1942	4973
4412	4909
3256	4178
1608	3710
3218	4809
348	4106
120	258
2851	4706
320	2939
120	3299
686	816
2529	2887
2158	3245
1901	4841
593	1602
2289	2630
299	879
764	3598
881	5114
2724	3169
320	4514
1913	3710
1649	4141
990	5132
120	4028
2797	4229
426	529
2051	2887
3411	4453
1555	5046
709	3169
4347	4469
1555	4106
3169	5134
1347	4739
4085	4902
642	3004
417	1555
4267	4466
4152	4229
2990	4229
2797	3218
815	3331
368	2435
3626	5242
3454	5020
457	4464
2135	2368
881	4973
1753	3153
1570	1571
120	1148
882	1777
2749	4577
881	3592
1626	2653
348	836
2318	3546
120	3394
740	3710
1602	2031
1697	4615
540	3934
692	2318
92	3648
1611	1971
564	5222
3428	4285
6	1723
3790	5118
4622	5227
693	3281
155	1356
2755	4349
3169	4819
2887	4106
196	2076
120	4998
4464	4513
3169	3245
1928	2887
320	4454
592	2956
3061	4762
1206	3710
537	1947
446	4189
3357	4229
4841	5021
6	1555
2158	3448
1565	1985
352	2526
235	1010
4255	4393
449	2021
2158	4229
3100	3988
4229	5181
606	4487
449	2315
3044	5118
2408	2587
1429	4988
1080	4789
1295	4608
1944	4229
483	537
4229	5212
2048	4997
277	3567
267	292
676	1692
3410	4660
1971	4229
2222	4888
1295	3963
537	4229
175	1555
2286	3282
918	3158
676	1684
916	2370
3773	5215
1941	3167
120	4056
884	1284
1549	3169
2670	4608
4393	4850
1656	2063
3810	5146
348	2519
4464	4648
4071	4141
194	3510
139	989
4954	5208
3637	4372
235	2749
2540	4326
3117	3317
3975	4405
3109	4058
839	4210
1016	4357
113	3957
1209	1861
2499	2560
346	4608
1561	2158
294	2408
120	980
1010	3515
905	1421
3014	3169
120	652
2211	3920
944	2755
276	1133
1212	4385
1447	3596
2983	4052
1753	4874
618	5057
1138	1646
1577	2500
320	5188
2749	2854
120	4937
3169	3975
618	1447
881	4725
191	5115
5	641
762	3440
1478	2477
655	686
905	4825
180	5227
1113	3596
676	2894
228	2222
191	3992
120	2413
1656	4905
3424	4331
516	3477
3207	3896
317	2749
96	4160
120	5116
1455	3710
971	5157
2637	3169
2408	2899
1347	1933
566	775
4229	4290
709	4141
1236	4178
2315	4738
1206	3975
1861	4715
1333	1338
120	1366
1861	2983
2304	3012
348	2863
990	3566
860	4973
4048	5241
3381	3803
1451	1577
247	2887
1945	2691
1007	3509
347	1928
44	377
3755	4058
62	4229
918	3545
3167	5142
1555	2526
777	1533
294	1533
1137	3593
1222	2388
2991	4275
449	1603
4330	4714
492	4782
554	1516
1780	5132
4051	4229
816	1555
1356	2720
3169	4521
1373	3815
939	3529
276	4141
247	1235
1577	4555
2677	3023
2064	4542
1493	2916
592	4141
2701	4229
716	4004
1741	4673
2677	4888
588	4116
642	3682
276	1901
1565	2954
1015	2750
554	3354
1991	4285
1306	4393
553	5196
3549	5242
2970	3440
3884	4255
120	4715
4484	4873
2737	3498
3920	4954
3931	4852
79	368
277	995
3648	4493
1478	4166
705	1541
1684	2732
943	3988
120	988
120	3668
492	1821
4125	4141
348	1212
2694	5254
1293	4608
1445	4048
1288	4736
2318	2706
1555	3963
1981	3281
1338	4954
4137	4229
2139	4265
498	705
588	4058
3648	4909
739	3758
313	1356
2515	3169
180	2198
433	2663
3498	4383
1531	1555
1335	3762
2797	2887
2557	3169
3087	4116
1133	2582
3486	4759
3169	3944
3975	4874
1162	1354
3169	5177
2229	3008
600	3146
4229	4924
1646	5177
4347	5148
1295	1780
1697	4347
4166	5021
3021	3169
381	2452
2416	3169
96	2892
1206	2539
1948	4677
120	1263
2936	4935
2583	3331
1780	4493
67	4552
2078	4649
3593	3992
811	2630
1350	4347
529	3042
2161	2423
2951	3169
1312	2610
1426	3169
4714	5037
772	2603
4229	4950
686	2970
3012	3628
952	4641
2653	5047
120	2869
42	120
2720	3320
2589	2658
1723	2318
120	4820
4045	4178
3169	4424
2669	3169
2158	3896
716	884
1020	3867
4095	4229
1164	2545
1455	2036
243	2222
2630	4608
1653	2431
881	4031
1577	1770
5	3012
1686	2866
1684	3992
411	2211
2716	5227
1646	1780
1995	3169
2205	4473
566	2393
2529	3410
1565	1781
37	1555
3478	4349
3760	4229
5156	5242
260	3169
2733	4799
1447	2108
3529	4873
2653	4612
197	2161
1536	3987
2722	4466
2318	2870
31	1837
1574	3988
2318	5225
2051	2393
1513	4705
120	3855
2870	3664
1481	3773
255	3169
3157	4928
319	5007
944	4013
191	2663
111	4845
120	3504
120	1716
299	1227
3452	4383
2318	3491
294	2603
87	120
1293	2706
371	1494
3345	3691
31	3874
2205	4572
222	3710
348	553
489	516
1531	3664
741	1709
736	1555
319	440
2663	4539
676	1995
1601	4255
235	2324
700	3091
3157	4229
3896	4275
1010	3046
360	3169
2889	4888
3117	3169
497	3169
104	3575
2119	4178
3141	4454
559	1133
2558	3637
5020	5148
1331	4874
2408	3757
120	1165
54	4407
510	4141
1206	4612
1047	4841
662	1057
1455	2875
1861	1985
3515	5021
120	4850
211	4473
2827	4162
1580	4467
2424	4229
1363	2408
609	3046
67	2078
2076	3169
3686	5227
347	1179
3675	4229
1162	4178
713	1577
2318	2819
2529	2749
773	3468
382	4178
3598	3758
3245	4608
276	4973
453	4028
1565	3244
1331	2946
4454	4841
1333	3664
741	2708
3169	4347
1974	2040
4229	4330
1808	4210
1542	2109
1209	2560
3904	5215
1739	2935
120	5241
3260	4785
1608	1809
1584	4178
1636	4405
1533	4461
662	4385
1533	4217
1350	4229
662	1343
42	320
2059	2164
3130	4246
2954	3169
2089	4333
553	1489
104	1306
2031	4608
1206	4202
2014	4608
2384	3440
2764	3686
1455	4796
1356	4778
2108	5196
2637	2749
1513	4663
1165	4217
4229	5240
3169	4476
658	3783
1138	1293
1434	3648
96	5171
906	2661
561	571
1042	4229
881	4347
499	3546
3682	4676
1227	2781
2089	4319
3358	4849
2970	5188
3169	4349
658	2612
120	2792
1626	3755
44	1741
537	3706
990	5103
2539	4405
2146	3710
332	1646
2448	4229
1017	4178
2314	3144
1138	3969
1555	4185
940	2764
686	1555
320	2106
1111	4608
1555	3215
2130	3040
180	5217
1229	1363
1555	1947
944	2146
1273	3015
700	5021
674	882
3757	4275
3749	4408
3084	4784
1131	2529
1533	2755
3084	3664
1455	3109
2123	3627
794	5020
537	2827
1080	4113
3673	4706
1058	3803
2161	4473
154	2318
1359	2589
120	4521
1356	3444
37	3354
2607	3549
64	120
1338	3546
3293	3428
111	726
2314	2827
516	2021
1736	4083
1455	3215
3637	5157
5047	5116
881	1455
2805	5143
709	1577
1780	5103
824	1717
4667	4910
120	564
1901	4205
2215	3320
371	3483
3596	4612
113	674
3258	3478
2416	3769
120	4831
1813	3648
1878	2249
3169	4540
3366	4464
2519	3454
1028	4729
1901	3261
2158	5117
352	3675
2332	2394
126	2021
2970	4725
2537	5237
3739	4663
1561	2970
1741	3668
354	2211
1447	3169
3028	3169
1533	4784
92	2377
824	4850
2661	2823
2691	4407
1974	4663
2158	2225
153	882
1697	3363
2059	3070
1212	5215
4109	4141
320	2284
1574	2641
601	2887
120	4288
1401	3617
196	4229
1770	2887
1455	5176
1901	2836
703	4841
1516	2435
1455	1577
2158	3710
3557	4783
2653	3856
3790	4229
120	3153
4058	4756
2414	3228
2540	2970
4229	5032
3834	4784
1421	5021
1942	3815
120	3578
2979	4347
2653	5020
1646	4106
319	511
319	3262
951	4469
2851	5154
529	2988
553	5156
92	2887
2318	4589
1478	4229
3976	4141
1229	3540
319	5090
1807	2940
2701	2875
120	3146
4229	5156
1112	4311
320	3117
1801	4229
1086	1830
354	4869
1447	3045
3008	4879
1021	3548
280	4626
1753	3556
4347	5154
1602	3882
1379	3834
1401	1555
120	4622
2008	3999
469	1447
716	4473
2526	4608
2452	4529
2529	2866
2051	2749
3052	3169
352	3169
1331	1455
1455	3146
3526	3976
42	3345
516	3366
1244	4048
997	4747
540	604
1350	1723
1138	3963
260	4799
2006	3527
4639	4899
1881	4229
2072	4311
483	3381
111	5103
1312	3707
741	4371
3069	3111
3546	4608
774	2408
3009	3902
260	4629
1462	3169
194	3598
461	884
1541	3169
1460	3169
2887	3368
697	3169
997	1312
3546	4729
564	711
1555	2970
2352	3598
2393	4453
235	1736
618	2211
1739	1787
2892	4111
1007	4191
686	4677
1455	3975
1081	3895
3043	4776
3606	4178
4223	4330
2653	3354
4229	5100
2559	4013
858	1555
618	1113
104	711
1813	4229
559	866
2117	3556
453	1577
227	1455
2708	4762
360	600
3157	4144
2144	4162
1131	2826
1050	2988
609	1577
1363	2827
736	4608
3992	4608
1656	2899
1741	2388
2304	2991
927	2653
868	1743
726	2887
3157	3960
878	1360
1785	2024
1327	3755
2029	2589
548	4168
3160	3468
15	31
3111	3548
2971	3907
3897	4229
2603	4028
3075	4178
1565	4229
397	2315
96	1636
3960	4546
4756	5184
1555	4641
499	1555
1785	4582
1338	2051
781	1625
1447	4781
1338	1655
2887	2916
516	5188
4199	5160
663	3663
1531	1808
191	4973
1974	4217
2775	3244
3169	3992
4954	5215
2352	4888
1723	4782
557	4229
277	4202
2062	4663
3548	5080
1570	4290
1413	4087
2181	3169
1467	4217
1555	3908
3344	5234
1464	5036
1295	1555
4034	4141
120	3075
120	1942
120	2126
2089	4466
320	4538
927	2961
1577	3867
2896	4285
1447	3120
1985	2158
1716	3904
3169	4043
2161	3566
1131	2863
2653	4687
1653	2222
500	1971
1933	2889
4065	4370
1133	3686
2970	3025
951	2989
3867	4031
2720	4346
4124	5175
713	1366
1565	3120
857	3647
1367	2158
1052	4906
320	988
588	1786
2304	4111
1047	1360
839	4229
1243	4970
927	2539
457	3637
3015	3526
529	3884
235	3939
1878	3160
4347	4405
1117	4461
553	1709
3167	4778
1007	2691
27	5113
358	3510
104	990
319	5076
120	4247
1741	4412
1225	3160
4841	4856
1981	5154
96	235
1010	1761
2729	3729
884	3498
1235	4428
1901	4663
1541	1785
3295	5127
120	4894
3765	4473
2211	3636
2589	3382
2356	5020
433	2940
1697	2539
483	3920
120	4851
1240	4229
3169	3249
1287	3988
1290	4705
1236	3169
3907	4229
4738	5100
4608	4777
1147	2021
1697	2951
314	4687
1203	2720
1447	4687
1507	1580
3418	4853
4178	5188
320	4615
1723	2916
3509	4999
1243	4032
537	3792
2222	3627
129	332
2222	2889
1441	4383
2158	5187
4058	4738
368	905
3293	4199
3920	4874
2408	4306
284	4203
120	2882
21	2211
1137	1741
137	3588
951	3411
1290	2408
320	3169
599	3815
3834	5175
989	1663
235	1493
824	2089
3071	3169
346	3169
196	2434
3556	4954
992	4168
4687	5180
96	2064
1785	3888
2188	4736
1741	4888
2161	4013
4229	4967
1435	2892
3598	3843
607	4178
3167	4013
3992	4690
1447	4625
69	404
537	4339
1133	1447
3169	3489
525	2896
2152	3169
3169	4217
2887	3709
1133	1516
2158	2755
943	4013
1533	1830
1599	4229
258	1952
2603	3969
243	764
3169	5153
3984	4166
96	167
1733	4347
975	1354
3157	3928
1350	2158
244	3229
735	4141
1737	4616
2961	3169
4058	4405
700	5199
277	1504
4229	4319
3400	4899
3169	4113
449	1287
329	2946
359	3169
4031	4973
3015	3260
1354	2586
939	1663
67	3598
4141	4627
3317	5217
936	1837
1393	3169
3169	5116
96	3169
1421	5097
703	2892
3710	4970
1577	4609
1445	3169
1606	3598
2126	4807
554	4777
3015	3888
92	111
104	1403
2615	3992
1878	3510
2653	3160
426	4255
100	663
2164	2717
92	4085
180	516
2144	2154
1602	2815
2653	4028
1959	3169
120	2809
1559	3756
1311	3153
260	4260
2993	3320
1799	2304
1356	1716
1445	3846
2158	2936
137	1785
975	4547
1331	2021
716	1861
3678	4229
641	1785
957	1080
406	4704
566	1646
1664	3069
901	2653
3546	4727
275	2416
18	1455
1016	1070
542	609
2755	4856
663	3739
3169	3591
554	4068
836	5215
3664	4608
4141	4612
1602	2158
2660	3169
773	819
3843	5004
1781	4229
4144	4734
553	4111
3957	4853
1179	4626
276	2603
1270	2318
104	4383
4229	4686
3566	4193
135	4963
4141	4663
4162	4666
2154	2998
2610	4229
37	3169
3510	4595
944	4229
2012	2418
4229	4464
648	2318
1080	3489
674	2542
1270	1655
381	3648
120	1495
120	4904
37	1917
2318	3937
5020	5199
3963	4542
2732	3368
3549	3904
1316	3802
3992	4402
642	4107
2388	2749
96	4973
825	1555
705	4255
2304	4073
842	2540
1580	2044
457	1179
3146	3250
2051	3998
2289	3478
1206	5184
1895	4663
1892	3016
177	882
553	2720
120	4032
1445	3025
760	4229
3220	3790
1434	3167
1010	1577
1273	2820
381	1103
2286	2970
4577	4714
1566	1675
1785	4608
689	2529
134	3596
1780	2166
2560	3675
154	5021
1293	4935
120	3709
1531	1619
600	4729
4087	4348
620	4752
601	1716
1025	3043
67	2158
314	5132
174	1078
917	2712
1555	1561
383	700
743	5051
735	2603
2989	4141
884	3169
2589	2733
881	1565
453	3673
1025	2294
3024	3169
2292	3710
2085	5251
2088	4970
4199	5176
320	3382
1878	5076
1010	2812
276	4275
154	2117
918	4106
235	1571
990	1780
498	1435
320	3136
1405	2749
354	4267
319	621
663	4973
1466	3920
2161	2211
457	5146
3109	5100
2670	4229
881	3169
1601	2332
3169	3357
2332	5241
2414	2526
1555	4546
4275	4752
3368	5154
2418	2749
2652	4178
2734	5021
1995	5196
1901	4348
397	4333
916	2222
2244	4950
1942	4909
1111	4229
559	1755
4229	5008
268	1574
793	1504
3548	4979
2580	3169
881	3739
92	2108
2610	4031
120	3719
1447	4217
120	4419
588	1753
247	3783
1363	2630
44	4229
4729	5177
510	4217
211	1555
1861	2318
3660	4906
2827	4909
348	4315
1565	2700
320	5012
120	4576
1587	2775
816	1206
970	1901
2608	4229
774	3710
2540	3331
553	4323
120	5014
878	5032
1455	3995
1494	2158
348	4778
1086	3101
4052	4178
2048	2477
1942	3169
746	4666
1342	1927
711	4973
1379	4608
333	2158
1861	2967
1882	2889
2887	4301
1507	4467
260	3858
3169	4894
120	3715
2286	2863
2545	5021
1533	2154
235	4787
1881	3648
354	2583
290	4073
951	4706
1447	2064
96	4132
1756	3169
2370	3396
1608	3992
662	1240
1653	4178
868	3169
3410	3424
80	3160
320	1923
491	2318
944	5008
416	4229
2534	4229
2481	4778
3843	4519
1626	1971
4630	4849
1489	5215
1555	3478
3507	4178
1672	3596
17	2559
1493	3454
2890	4327
1565	3755
104	1555
120	2861
3109	3169
599	2390
3593	4674
566	709
3596	5215
2378	3169
913	4988
700	939
3281	3893
939	3691
3042	4393
3598	4229
3169	4570
4178	4879
3926	4666
1398	2158
1555	4789
206	2653
4963	5195
3410	4275
2603	4013
120	220
3725	3874
3169	3258
2021	3884
1587	2499
397	828
3884	4229
684	1555
1555	2735
1113	3556
2582	4973
2368	3169
2158	2301
1785	3757
1493	3408
2021	2988
1427	1718
36	3237
3755	3792
2851	3160
1206	4967
525	3910
1447	3052
1282	3169
1229	1777
3040	4739
693	839
1561	2653
1435	3024
142	267
1566	3169
1398	1455
277	4706
1741	5222
2244	4235
120	460
17	2158
172	4626
1974	3331
1455	2546
3464	3483
764	2123
917	4191
1619	4702
2653	5215
120	4752
453	2797
662	4476
2500	4954
1555	4417
347	3810
4330	5217
188	3169
2158	3478
1533	2887
1206	1447
491	3169
1031	4714
620	4229
1568	2653
2610	4539
2967	3934
3637	3783
4663	4970
717	1435
2109	4412
276	2653
1753	2117
1293	3169
104	4608
841	4229
810	2654
2014	3169
1455	4902
277	4383
3478	5100
692	2158
3062	5021
1555	3510
2654	3856
1133	4160
719	839
3920	4058
671	4178
1555	3896
905	2318
1555	5212
126	3529
3907	5103
3931	4311
92	658
864	3922
1843	4963
802	2431
2089	4393
1555	4562
152	3000
554	4782
3290	3843
1347	1861
1555	1646
120	1114
1736	2281
2244	4454
821	1927
3160	4211
1697	2154
352	1137
2006	2991
3391	4858
1227	3492
1577	3345
2820	4275
996	3169
2653	3410
1555	5161
2708	4347
2393	4229
1137	4229
1856	2634
35	352
2158	2289
4467	4967
2346	3381
320	4596
3004	3920
989	3992
1206	3896
2428	3169
2012	3169
1447	4166
864	3588
1471	3250
3992	4702
196	989
3627	3719
743	1537
120	4309
2694	3627
711	2701
2939	4705
4727	4736
881	1608
1173	3101
4141	5032
943	3157
2064	4879
700	4734
1830	3623
879	2826
592	2887
942	2936
1565	2373
1423	2653
2213	3454
681	4229
4107	5021
1010	2519
1343	5108
1412	4166
717	1362
1080	3157
352	939
2653	3280
777	4785
356	609
227	881
618	4141
3454	5177
3592	4734
990	4539
1718	5043
191	1769
663	1025
3169	3664
1489	3426
120	878
5007	5251
3158	4529
1948	3317
1755	2589
4229	4357
589	3169
294	1206
249	3071
525	2916
2318	4891
1533	4327
457	1952
347	4484
693	1821
3169	3887
3636	4260
18	5222
975	2161
1947	3360
2749	4317
802	4888
120	382
642	1007
1425	5044
2583	5134
1741	5021
1901	3317
839	5204
1244	1807
3169	3281
1447	1948
548	2214
2221	3440
1741	3926
1723	3020
2418	5020
588	4072
255	989
4736	4789
1038	1270
320	2244
4229	5215
336	3169
2072	3167
1577	4275
3846	4229
1532	1773
2158	3893
120	2534
1576	5188
358	4385
2158	4819
18	3410
29	2211
2558	4178
918	4849
658	2708
640	4093
4144	5241
1007	1945
368	1138
4663	4902
559	4853
235	3887
1532	4820
2452	3169
4113	4514
2393	3882
320	4970
457	1787
269	3169
3529	4031
96	2394
346	4347
3061	3472
5057	5161
641	4582
700	4199
4260	4629
255	1861
120	3775
1030	3228
1021	1759
142	3169
319	3169
1347	2416
1741	2109
1901	1942
1293	1627
1555	3791
1555	4513
663	1525
717	3167
621	1649
2889	5036
4058	4954
1304	4970
3454	3962
4412	4873
2499	2863
3593	4752
120	3261
2887	4217
4168	4973
1923	3261
2214	2315
764	2352
1140	4229
1435	5196
3410	4714
2653	2700
3042	5215
1555	4841
120	3298
2418	4141
320	5180
951	2389
5008	5154
640	4370
1947	2653
3654	5076
2560	4178
4608	5177
705	2158
3598	4727
3169	3363
464	4229
1366	3834
406	2428
228	1464
713	3261
3410	5021
3120	3792
1753	4347
177	1601
1584	4963
762	764
3992	4828
268	320
1268	1273
402	4229
3628	5156
265	3004
1555	2790
2749	2928
3435	4347
1574	2768
553	2286
820	1555
1513	3363
90	4229
4229	4253
1555	3636
354	5134
426	4393
2117	5116
1138	5215
772	1010
111	4970
3169	4241
1555	1606
3297	3778
191	992
1038	5132
642	2749
3653	5021
3144	3992
92	1363
857	4320
417	2158
3091	4229
3945	4341
3169	4562
2887	3998
2970	3510
294	3004
120	3295
2211	3380
2259	4487
2123	4904
1555	2428
662	1993
3755	5184
3212	3847
2212	4229
773	1225
1971	3071
28	453
597	5073
2483	3158
3025	5021
1799	2537
1649	3843
3169	4856
133	1584
4347	5046
566	720
653	997
597	3627
4494	5202
2995	5254
3904	3931
276	2749
1759	4116
6	5154
2887	3739
3207	3937
2314	5222
1147	4393
1692	1995
3478	4756
3169	4370
3975	4058
975	2559
3907	4627
824	828
1436	3169
2031	3546
359	2294
1574	3907
588	3120
632	4933
740	3575
2550	3548
2607	3169
1455	3411
3598	4914
1082	1338
1203	3628
2775	3522
2653	4429
1718	4493
2720	4349
277	1295
632	1363
3773	4037
561	4841
3091	4412
2063	3992
713	3046
126	2988
1867	3293
4191	4407
1421	4229
2031	5177
348	5046
1555	2202
1455	4447
270	3548
2734	2749
2211	4447
277	3184
379	3710
599	5021
129	1947
3331	5134
1716	3167
1692	2820
2332	3015
1984	2887
2586	4873
1270	1366
1478	2286
3012	4998
2935	3802
314	1038
2529	2737
4141	4447
3231	4229
270	320
2583	3085
354	716
537	2569
354	1334
1555	2722
3157	4608
2463	3169
1331	3109
320	3452
3065	4111
120	2651
736	3920
483	4702
726	2158
1561	1646
1206	3045
270	815
3963	5089
233	4958
1656	2303
739	2569
348	2993
1235	3926
3596	5020
564	2211
1362	4111
2158	5154
1131	3755
172	4210
1206	1493
1839	3665
1995	4347
2720	5100
1547	4180
1595	5227
3169	3207
4229	5088
1783	4237
1723	2394
878	3910
2434	3169
1577	4347
3358	4229
2663	3593
879	3617
1022	1809
533	3169
1162	2567
3436	5012
582	4141
449	2653
1577	3207
4031	4714
3998	5202
3014	5214
1610	4050
92	4909
794	4085
1770	4784
1921	4736
2052	3169
4904	5076
92	3220
589	1234
1481	1821
320	3261
1533	4714
453	1295
4141	4967
1365	5076
2598	5154
1458	1565
906	2820
120	2316
92	3773
1611	4736
881	5079
901	3454
334	5154
2284	2661
1047	1723
414	4229
781	3160
96	3686
3167	3556
3773	4555
2890	3778
198	1821
1561	4727
96	2799
3803	5099
1507	3084
3675	4412
1821	3623
716	975
361	3169
2225	5241
2936	3575
1347	4888
1555	3025
2894	3846
3510	3598
3410	4528
316	806
553	3815
588	1176
1565	4585
1111	4729
1355	2417
1082	3169
329	2211
3100	4963
332	2051
277	2755
397	4393
1038	1974
1493	2318
2582	4141
1070	3815
347	4873
104	1756
379	1533
126	2519
1649	2085
802	1229
2749	2989
104	5184
3773	4370
1759	3136
1533	4144
4751	5100
172	2956
3628	5242
1928	4229
142	860
1770	2936
320	4231
2509	3169
2701	4630
667	3127
1555	1723
1133	2583
18	3621
1555	4729
1107	1533
4180	4973
2211	4013
3258	4349
465	3792
1941	4311
2211	4970
316	1338
1464	2889
3220	5118
3169	5222
1447	2660
1577	1874
2301	4970
2072	3295
320	3686
2653	3768
1203	2993
1295	3261
4178	4348
1861	4429
120	4830
717	2630
4013	5220
2408	3406
913	2991
1235	3846
120	4017
3141	4229
806	3111
2526	3144
3663	4704
2845	4229
1555	1733
1489	3931
905	2887
3169	3667
255	1432
711	4706
3907	4552
1243	2031
1726	4428
3229	4608
600	982
1787	2935
260	4348
700	4412
2820	4493
601	1435
703	4608
927	1786
1882	3540
3229	4909
760	4347
806	3218
3009	4229
397	2187
3111	3810
2009	3297
348	1138
3158	5215
354	1116
703	1709
1717	2388
1398	1555
244	1649
2749	2949
709	2665
37	588
2653	4646
1577	4109
379	3529
1403	3920
1577	1861
2072	3628
2346	4630
989	4347
621	3169
727	4141
4087	4807
588	4796
2705	2733
2054	2301
228	5204
1111	4727
553	4349
2040	2749
2653	2954
29	4734
4577	5144
3628	3904
939	3675
2764	3710
997	3331
1493	2887
2040	2408
1363	3087
1577	4533
1338	2515
2749	3846
1555	4736
3167	4714
188	4229
2970	3998
1209	2983
1293	4469
120	2603
27	2642
1565	3160
693	4391
2653	3621
927	5113
781	3843
2936	4347
1147	2988
3043	4229
2117	4589
1980	3160
18	1047
2898	4083
1555	2717
227	277
27	1047
1493	1608
2526	2887
2361	5148
489	1235
100	4466
1133	1755
706	1574
936	5134
4044	4141
2887	5103
228	1225
3320	3426
882	2352
2870	4044
588	2117
700	4873
3008	4805
2603	2989
120	1634
3352	3815
2324	2749
1763	4275
588	3755
1478	4852
1555	3594
2000	4785
120	1901
2749	2797
553	1435
1555	2658
320	3976
3169	5012
348	739
971	4229
601	1602
779	1577
3548	3625
135	4973
700	4371
3169	4174
1692	3846
4141	4306
359	5153
1214	1901
2284	3391
548	2315
2211	2971
953	1466
1555	3556
1656	2364
1295	4727
2361	4178
4229	5171
2084	2102
781	4595
28	2408
739	5018
96	276
1542	1741
1949	2223
2971	4275
228	2416
29	1861
3025	3762
1570	1901
2267	2587
3526	3588
1995	2318
320	5222
263	2663
1176	5021
1807	3548
120	3771
2451	2603
559	4933
3207	4796
557	559
1187	1555
194	3169
4725	4999
652	3846
4464	4993
1555	2237
92	3358
3169	3594
2826	3552
864	1445
4180	4275
2051	4402
3167	4311
537	4954
641	1783
277	3999
2393	2653
1107	3593
1772	3815
2732	3900
120	4205
1356	3426
1363	3157
2315	4058
1786	2106
1901	3331
1206	3012
120	2529
989	3648
2896	3428
2021	4393
96	2408
537	4849
3566	3960
3157	4529
1086	1533
360	371
2451	4189
120	3892
96	4787
1133	4141
601	3167
2630	2989
1029	3169
882	4600
381	2854
37	2827
3169	4462
3016	4191
700	1047
1574	2211
812	1807
2630	4454
864	3015
3961	4178
368	3244
1131	1133
917	2451
96	1808
1985	3560
4111	5222
2225	2408
320	728
881	3126
2589	4210
2161	4704
3141	3920
92	3653
741	1338
2090	4229
620	5175
460	2529
521	2956
848	2854
198	5021
120	4963
676	3846
943	2887
1538	4608
445	2660
155	2993
2596	4762
3004	4370
100	2559
2249	4122
149	4141
120	1551
330	2839
2211	3757
348	498
3447	5021
692	4466
2052	2537
2158	2887
1772	5020
1770	4162
3228	4608
2361	4087
3478	3556
1043	1423
2332	3169
1786	4734
700	5020
588	3169
191	4714
196	3664
120	4572
120	4454
1901	2036
3418	4107
3504	4514
2511	4466
3975	4849
2829	3411
1565	2243
104	1206
2869	3091
2935	4789
2720	4778
1151	3617
1574	4160
727	4229
1646	2393
942	3472
1212	2158
1284	3031
2076	4466
3032	3169
120	3961
1656	2243
1747	3160
554	4856
943	4513
1398	4677
599	4013
280	1636
4068	4229
265	4370
1656	4168
1969	3062
120	1627
1133	4453
4014	4234
3015	5047
290	1010
2158	4546
2526	3020
2569	4540
1928	5199
1165	2542
3477	3588
1240	2509
1086	3529
720	5148
895	3884
1086	1901
2314	4589
1173	3995
1373	2589
2967	4841
3920	5100
3229	4347
2935	5021
125	180
944	2158
2399	2991
3454	5021
1811	2956
2063	2653
3261	4686
686	1295
2130	5234
700	3963
1574	4869
243	3598
1541	5090
233	3170
120	4255
901	2047
348	994
2526	4189
918	3169
3017	4315
676	1429
3167	5070
3922	4582
917	2387
1047	1555
977	4141
1212	3169
2063	2161
293	2408
881	5046
1458	2559
806	3069
2158	4954
120	604
3157	5202
1555	5160
676	2545
1571	2198
806	1627
2708	3317
1331	1675
1327	4229
137	3888
3992	4666
1435	3426
320	4065
333	404
1295	2755
3160	3169
1287	4347
2949	5020
1507	3358
3937	4476
1007	1081
2078	3598
3450	4547
1861	5118
774	2653
2582	3071
3548	4905
2023	3250
609	990
824	1736
1770	3937
4909	5118
620	3498
1080	1565
120	1881
3919	4801
2708	4840
794	2158
485	1571
2161	3000
1435	4370
381	2529
1928	5020
1565	1761
2222	2641
368	2204
133	3566
764	2612
277	2956
1347	3737
1555	4825
4970	5148
1343	1944
92	5103
2158	4861
648	2229
1421	3924
1016	4853
2863	3302
120	5214
1010	1176
1723	2332
1565	2047
746	1770
1555	3882
990	3992
2540	2946
1685	4428
3169	3627
3014	4229
1555	2706
1555	4861
457	4473
2158	3491
2653	2971
3548	3904
943	1736
18	2989
35	104
120	5175
2059	2670
2608	2887
895	4229
3518	4229
1017	3360
1455	5021
4178	4937
2158	5225
2089	2388
1133	3169
1295	2452
3157	4987
1331	2315
970	4841
4180	4807
1577	2244
329	3169
1022	3282
3136	4725
989	4960
918	4937
3598	4122
3167	5156
3364	4229
2936	5175
1080	2540
1522	2387
18	2607
1471	2023
1992	3127
1423	1861
2189	2764
1151	2764
3169	4825
354	1533
28	1133
3856	4963
918	2076
1949	2889
1830	3529
352	4848
1542	5118
599	3834
2827	3792
3160	5204
3005	4988
368	2319
697	2318
290	2158
3160	3952
2653	4071
440	4014
2887	5154
3686	4193
1611	2231
196	589
566	2720
277	1799
2991	4999
741	4840
690	3478
1867	4601
228	2431
2936	4608
3992	4461
825	4347
2663	4031
235	1786
933	1555
4107	4687
3045	3169
2887	4013
149	2920
511	2518
4347	5145
1927	3815
4052	4725
180	2052
982	1493
2936	3992
120	2589
936	5047
824	947
3837	4347
2559	4853
1741	2823
180	2529
300	4648
2916	3762
277	3009
4493	4540
1892	4178
3020	4141
3998	4347
848	2755
1555	1770
249	2004
174	1481
1421	3524
2936	2983
1489	2634
2158	2308
1555	5117
700	1928
320	2749
2860	4828
2749	3128
3169	3757
2845	4031
1663	1741
18	881
119	316
772	3686
1295	5116
905	1022
67	4122
2589	5241
2887	4402
67	3843
496	3169
943	4677
263	2567
1050	3517
1192	2452
348	3896
1038	5184
120	3223
2764	2989
1974	5021
3858	4406
2935	3169
1031	3710
994	4958
1532	3169
2117	4954
2202	3169
1232	4229
1565	4789
3653	4734
1007	1384
764	2085
348	1942
1479	2109
1571	3517
2500	5184
1974	2936
348	3999
556	806
593	4608
1209	3008
36	3815
1695	4053
3856	4706
3758	4789
4058	5100
3169	4993
155	3426
936	4785
1421	3411
1295	3169
2854	4217
1479	4608
971	2998
4032	4095
2816	5021
34	4253
129	2318
599	3136
553	4229
235	5117
319	3510
3498	4267
126	2663
4178	4180
1133	2768
1138	2031
1723	1952
501	760
348	4954
588	1113
35	4370
2451	2887
1331	3755
28	1697
1374	1555
4032	4055
589	4783
3008	3548
2749	2899
3251	4229
3920	4275
1493	4608
2225	3169
1342	1969
233	1768
1532	4567
235	513
3169	3598
2318	4106
1316	4168
1010	2418
3120	4347
856	4275
741	2203
1769	4427
4162	4347
643	5103
1456	4229
3992	4467
705	5208
3417	3969
2641	3043
2870	3992
990	4031
1094	2717
3725	5047
120	4517
4032	4229
489	2764
3157	3735
3101	4963
2235	4600
1022	2286
1478	2301
4412	5118
368	3562
1350	4988
191	4539
1447	1555
618	2653
1478	2109
3345	4466
2021	4229
120	365
2542	4083
2603	4970
1399	2461
2402	3169
658	4841
297	561
1138	3992
2318	3229
120	3842
3153	4849
447	1827
1697	1901
588	1287
96	4547
1050	1447
1080	1493
726	2936
1455	2539
4229	4874
1427	3157
4229	4234
457	4899
1020	1772
2481	3562
2213	3992
2518	4043
2408	4787
2603	2778
1718	4085
120	830
319	2249
760	1356
990	4714
1018	4899
772	1741
2653	4168
2211	3663
3874	4785
1570	3517
1111	1646
4909	4997
4023	4686
3596	4225
819	1347
2961	4600
1565	5020
1131	3987
3170	4663
2056	4383
2356	2653
1555	3937
320	3004
292	3395
2289	3562
1133	2479
2559	4473
3920	4626
129	1555
1881	4180
1555	4760
3771	4462
372	582
1331	5100
277	4462
600	3169
1031	5021
741	4972
1203	3450
1103	3169
986	2589
700	3025
588	4205
1311	3792
352	1663
3920	4116
69	915
762	1800
4546	4608
446	1705
1555	5177
1861	5148
1656	4604
1876	3169
4229	4841
1574	3596
1878	3829
1773	4229
1375	1995
895	4255
1555	2946
320	1805
1047	4141
2036	3556
457	700
491	3739
2261	4178
211	2720
74	4074
125	2935
881	4784
133	1723
2717	3158
2903	3762
739	4789
2887	2970
2211	4928
581	1270
4220	4229
1785	3922
255	2213
172	581
2117	2749
2653	4219
2223	4888
3169	4613
120	3247
1571	3169
2916	3169
1545	4904
397	4467
1555	2630
1025	5056
1574	4600
553	5215
2749	4405
120	1731
3313	3708
2518	4113
1656	4383
868	1773
2653	3045
5049	5076
1780	3529
3261	5188
1602	4727
1555	3546
120	943
975	5175
1780	3755
2991	3757
2158	3594
553	3167
2961	5113
3792	4589
2764	4085
582	4317
137	1455
120	2477
154	2289
1398	1985
352	2451
280	1555
1555	3309
1489	5242
686	693
2700	3169
4013	4116
120	4567
2416	3550
120	2139
4888	5204
1447	3366
1927	2750
2603	3128
447	3593
2582	3907
1780	3345
994	2749
1235	1843
2529	4315
4113	5195
1287	1672
720	5181
1356	4229
1243	3169
2581	4663
2211	4141
711	2603
154	4954
609	992
537	4630
297	3169
120	1624
1777	5036
2708	5154
152	2161
2408	4168
1785	3548
881	2989
2451	2608
120	864
433	3593
483	760
3046	4372
740	4275
2031	2393
4168	4970
87	858
4124	4456
437	3169
2989	3887
1297	3014
348	3040
2418	2653
3015	4385
1723	4013
3975	4756
3562	4856
4229	4302
2361	4348
1363	2158
816	1354
3952	4904
358	3598
120	1016
1047	1656
120	4954
703	1565
2464	4113
3464	3790
3593	5146
4275	4447
1719	2413
516	1347
1235	2887
2318	4546
3167	4219
120	2036
1574	2064
120	3011
334	4899
1663	4848
1638	4347
354	641
1565	2384
3109	3141
1381	3667
2892	5215
191	4960
1347	1709
1020	1646
5154	5188
3920	4756
348	2076
3908	4608
2663	5215
1646	2827
1455	4331
320	4576
832	5127
2107	2820
720	2361
811	2706
620	4144
3157	4116
2158	5046
3478	4124
1780	2869
1861	2793
348	3167
320	2989
2500	4888
3478	4347
2701	2913
2417	3963
175	4906
521	672
1649	1723
1726	2318
2099	3167
2388	5099
3167	3295
354	2889
1331	2615
1947	3998
1094	3207
597	1206
1568	2749
3710	5143
4124	4874
3969	4906
152	3169
294	3454
2255	3169
406	4663
120	2546
191	2388
120	4901
857	5118
916	1949
592	2211
1565	1783
816	3509
3169	4867
2749	4154
29	3834
2967	3856
3160	3627
299	484
759	4546
1072	2589
314	5199
1044	3331
1861	2105
600	2526
1565	4168
1212	1555
235	3045
3167	5201
2653	4144
180	4454
191	2845
1347	4867
2570	4315
2887	3170
333	2708
710	832
1456	4714
1999	4973
92	4347
779	1861
31	3169
1429	5154
1293	2196
581	4412
884	3450
1723	2158
2603	3261
1133	1876
486	487
3896	4408
739	3477
582	4275
905	2870
28	3229
1133	5134
2368	2560
2053	3362
1531	4802
2099	4347
815	2536
697	4229
120	1717
2939	3987
1942	1995
4203	4349
1031	1602
2749	2971
1270	2109
320	3448
2653	3012
3762	4841
1878	2078
2158	2231
564	5188
319	3160
2144	4347
1821	4031
3450	4663
2963	4229
3169	3981
1717	2818
947	4393
2537	3229
4124	4162
4055	4095
38	2158
2735	4144
1555	2708
3169	4704
1047	1435
3810	4210
319	4122
1741	4210
4086	4229
2720	4572
1203	5156
1861	4306
120	2536
975	3498
600	1555
2078	4904
1356	1435
1772	3509
1901	3739
881	4314
741	2051
2286	3302
2363	3169
1947	4641
1555	1901
778	3667
2888	4229
1429	1692
235	3988
3000	4704
2211	3856
2158	4796
119	120
3478	5196
36	5127
663	817
2117	4124
700	4385
973	4451
1555	2540
3169	5241
1429	1684
1813	2887
1450	5234
498	1995
2749	4725
760	3975
352	4909
265	2887
2123	5076
1532	4229
276	2211
1471	1565
1025	3888
37	1363
4968	5085
1338	1947
2006	4796
1565	3245
2887	4784
1921	4714
2161	4037
1400	3907
172	4873
2158	2318
358	5176
1331	4802
1363	2749
686	2550
1846	4704
1481	3109
244	1574
4608	5046
2701	4124
2691	4229
2749	2812
516	4888
516	1574
1095	2318
1780	4141
4166	4999
762	3627
320	3393
3960	4229
561	5021
362	1016
433	4412
1555	4349
120	4306
1245	2239
537	2289
44	67
1447	1533
1447	4406
483	5171
1225	1447
989	3618
2211	4676
632	3988
1656	3118
1058	1080
92	191
1533	3773
1555	3926
206	4405
4347	4402
3157	3858
1901	4454
3167	3426
2007	3025
2189	3686
1043	4116
1427	3169
2361	3229
2518	5076
3094	3169
2630	3498
1545	2967
3141	4734
1016	2887
2243	2653
100	4706
3169	5073
3920	4124
2105	4687
3109	3975
1663	4909
276	2529
1601	2641
1493	4073
1555	2936
120	2734
1094	3012
3169	4954
120	970
1435	2720
950	4562
3009	3557
1010	1498
3381	4124
1636	4412
1356	1692
120	4006
180	4085
3920	5215
1555	2308
2051	2158
404	4960
957	4178
1356	3295
2515	3517
717	1555
3755	3975
2638	3381
743	1479
18	2887
990	5118
3621	4963
4023	4141
320	3856
1538	1555
1615	3594
120	2827
3648	4229
431	3169
1086	3167
1206	3157
433	1741
2653	4567
6	1293
588	3992
397	1717
4881	5154
2701	2827
1627	5146
51	120
4348	5148
228	773
901	2418
942	2319
581	1627
1429	4841
348	3295
1741	4168
1555	2935
1116	2318
2301	4347
2961	3992
27	2851
918	992
693	1058
643	3025
34	2490
970	1559
277	294
1565	4203
1131	1331
2393	3907
120	2206
348	1044
819	3540
1948	4869
3169	4469
276	1574
1293	3969
2105	2749
1206	2054
2109	4229
3931	4586
1131	4405
648	3998
686	700
120	4660
1133	2064
1070	2750
901	3821
975	2417
1447	3309
597	737
433	1479
1561	3220
1094	4454
1646	4841
120	1381
1541	3598
3169	4536
741	3998
2653	3901
275	2239
1949	4888
686	4895
2161	3492
3821	5188
2318	3357
3598	4649
2158	5241
1206	3856
1759	3157
1047	4275
3237	4627
2314	2346
1179	3169
3637	4275
649	4572
4275	4306
1138	4608
371	3992
1489	3628
120	3208
1577	3755
1010	2388
1370	1615
1808	3169
1878	3627
662	2384
562	4178
2538	4820
128	1878
1043	4756
299	2587
228	1347
1555	3040
2205	4229
4229	4392
1813	2161
600	5103
149	2211
1421	3617
229	3454
2211	5116
3464	4899
2887	5032
819	2416
2749	4219
1455	4285
1753	3975
92	2117
1355	4178
1273	2222
588	2539
1574	4327
120	1434
1565	2973
220	4275
992	4193
2695	5187
228	1653
2394	4085
3998	4402
2451	3358
1206	4425
937	1603
2559	2589
820	2318
3436	3850
67	4519
2158	2764
1577	3957
676	4111
1916	3095
387	1025
4031	4752
352	1481
3710	4973
589	3627
601	3626
270	5116
705	3169
96	1759
4229	4255
284	3426
2519	3762
381	4841
953	1507
4362	4363
1347	3040
551	1565
3648	5103
120	3009
2887	4493
2529	4576
1878	3893
2749	3072
933	2559
92	134
2416	4402
1809	2940
1772	3454
1947	2158
2665	4809
433	857
802	3160
746	3169
1235	1577
1780	4714
2318	3896
4339	4608
1555	2755
483	4124
1116	2158
1070	4428
581	3810
1646	4729
3552	4874
2431	3540
1149	2547
1765	4347
2211	4023
4178	4267
376	3215
275	1161
4031	4093
4402	5217
4178	4401
60	3169
1021	4275
1555	4013
3157	4178
612	1892
406	1999
1133	3992
3167	5242
4178	4293
154	3354
92	2394
825	1080
457	3169
1602	2318
229	4963
406	1463
113	4229
120	2107
1464	4739
1295	1697
99	3012
537	3169
700	1044
705	1601
2318	3215
2653	3483
881	1338
2564	2971
4141	5254
1743	3169
484	3169
713	4687
716	5018
990	4180
120	4786
2496	3169
154	537
319	3654
942	1808
1656	2570
1133	1574
4608	4727
120	606
1927	1969
836	1555
2653	3988
2076	4347
1768	2589
314	4796
381	1555
3169	5217
895	2545
2161	2630
985	1080
2072	3904
632	1555
38	4584
154	4124
2431	3169
447	939
1038	4347
320	1756
1565	2479
3627	5254
120	4406
1705	5020
764	5085
1047	2749
2827	4954
941	4370
605	2318
2559	4529
1176	1577
3874	5047
580	4906
4229	4584
4714	5215
1374	4663
2570	4267
3627	5076
67	658
2851	4402
3815	4428
1692	3368
491	4229
314	3596
3169	3190
149	1565
857	4752
1131	4950
67	4371
100	1565
2956	3477
1953	3169
263	667
1985	2318
1533	2526
2318	4562
4124	4347
1007	1736
1565	4275
58	4229
2653	3873
2314	3792
2466	3363
191	3969
1334	2583
381	848
2749	3498
228	2388
2318	3963
1038	1206
828	4850
3169	4332
1878	2612
3169	3408
18	1381
582	1565
120	4500
484	2588
1923	4973
2314	2435
320	1434
927	4141
1606	2200
1743	1773
290	3834
3548	3762
1010	1561
1555	3421
2292	4118
957	3557
1916	4688
3436	4784
2235	3169
406	1555
397	2843
588	3578
120	4087
2540	3510
2653	3782
314	2820
1723	4529
1495	2416
1384	4752
2399	3548
3169	3735
917	2892
3169	3636
653	3618
4166	5202
561	2318
279	1555
4577	4973
4217	4787
592	4973
3675	3691
2537	3020
2222	4178
104	5205
453	3834
1393	3421
120	4585
2749	3976
1048	3169
465	1133
2200	2928
1542	4852
120	4109
1354	1781
4519	5076
461	3834
2653	3454
2749	3447
235	4725
2211	3410
4412	4752
1206	3345
2314	5032
1705	2863
601	4853
2582	2653
2490	3483
120	3454
1741	2790
663	3637
3618	4454
489	4267
497	5153
1507	4447
96	4963
2536	4385
129	4641
92	1821
4405	4963
2452	3803
120	4976
4393	5169
858	2158
37	3552
313	3931
42	4178
717	942
1672	3169
739	3381
4493	4784
1203	3931
120	2888
2053	3637
1555	4819
1111	1686
99	5127
120	4832
3297	3926
1235	2768
957	4428
4141	5116
2315	5100
1555	3411
857	2109
2993	3549
794	2749
233	4178
574	4126
3167	4819
3625	4178
333	4178
2936	4891
2130	3169
604	1347
92	5132
1565	3452
2294	2665
137	3260
2315	4954
120	135
3907	5124
1356	3167
1082	4275
1435	5156
134	4180
2031	2970
4841	5036
120	4015
609	982
1479	3892
588	5032
4454	4905
2749	3621
1723	2452
3169	4126
720	1998
2887	4613
1555	4608
525	4873
4238	5241
1447	4363
294	2448
521	1998
1080	4666
2301	4608
703	2870
461	3498
1799	2665
1566	4229
4229	4246
120	1969
2215	4997
104	255
1080	2916
4739	4888
1985	2211
2384	2775
120	4290
120	4895
1203	4311
812	3548
1555	4796
580	2211
1138	3451
836	2318
2152	4347
1334	2887
3454	4909
594	3169
3040	5215
1112	1489
4229	4925
652	676
1942	2653
100	104
381	4663
2663	4193
1447	4542
2318	4419
27	4596
3157	5196
120	1653
2408	4217
120	3663
3594	4229
3157	5100
2235	5113
3998	4828
457	581
483	5032
1373	1901
1179	1741
96	4663
3952	4229
3813	4275
4275	4905
1785	4229
1656	3357
1555	4229
1458	5020
2361	2724
120	5217
3153	3920
1565	4725
347	2877
2653	3447
588	4199
2417	4473
662	1736
99	4141
120	582
310	1555
1370	1981
773	3719
582	4267
2892	4347
3167	3931
561	4267
447	1741
1565	3100
1347	3540
1359	2529
2416	4229
825	2158
120	3046
525	3675
4899	5188
27	2961
3803	4332
1235	4973
120	944
1545	1565
319	4332
2518	4881
1780	4909
228	819
1570	2892
3250	5196
697	2373
433	1270
1493	1565
1365	4759
1785	3588
453	489
2542	3548
970	3647
501	643
621	1288
1455	4229
1462	4321
4178	4958
125	2582
498	2158
3031	3085
3109	4229
3477	4332
1495	3309
1203	1435
176	1447
1684	3846
5154	5196
92	4220
4031	4229
2108	2603
1133	1619
191	4370
4540	4609
1047	4111
2877	5020
1206	4013
1750	4447
2346	3792
878	1359
4229	4648
3086	3101
2956	4536
1753	3017
333	1199
1295	1338
1952	3729
1646	2887
120	856
4229	4612
1370	2308
311	1133
36	4229
1206	2949
2417	4546
104	4263
1555	2608
120	716
4136	4229
4347	4819
2109	3562
120	2073
307	1227
96	445
3426	3628
1347	3468
348	1493
139	191
2318	4043
2158	4043
1574	1770
120	3841
180	4704
2318	3998
280	354
1649	5076
1846	4454
92	592
703	2749
1455	2463
2416	2560
2615	4349
2078	2352
700	5043
1111	3882
2318	4825
3028	4306
866	1435
1080	1316
815	4385
1162	1243
2884	3169
3498	4107
2701	4849
641	3888
2509	3593
1541	2078
354	3015
1649	5254
4229	5154
51	4815
1494	4068
317	1656
1533	2519
2211	3729
2014	2318
1287	3762
120	2040
2749	3357
1018	1861
111	901
358	1785
609	4796
498	2318
1493	5184
92	4950
1138	1723
1133	3792
663	1942
4141	4960
1565	3102
1726	2393
2223	2431
1928	3360
881	4576
293	4229
4141	4331
1447	3675
553	1203
772	866
674	4237
2291	3172
2718	5175
1555	5225
825	1133
4704	5018
895	2021
820	4178
1229	5204
320	4660
2158	3546
537	3144
1649	4963
1295	1479
2047	2653
501	1447
1015	2368
1013	3169
319	2840
794	1555
2314	4347
374	4267
1185	3120
2231	4408
1080	1992
319	3396
1338	2393
3887	4327
3882	5177
2790	4970
604	5080
120	2833
1538	3664
1113	3258
1347	5204
2887	3566
881	2408
445	4894
191	4220
4178	4776
31	1462
1555	3783
939	4484
3169	3517
1971	2006
2304	4476
703	1770
348	5108
2314	5181
2021	3042
2108	5020
943	1531
1022	3302
1619	4674
1047	2642
2164	4856
2654	3621
2545	3021
120	4333
3157	4849
1047	1753
2059	3562
275	4447
294	4663
3368	3598
2158	2630
2211	4028
1113	2539
120	4512
641	3015
113	1010
1716	3549
4841	4902
359	3043
1601	1649
3360	4841
2973	4383
104	3454
970	3393
1656	4071
175	2318
2387	3331
581	4210
823	2653
1133	4037
2854	3477
4229	4627
4229	5040
3843	4122
717	2892
1214	1435
3320	3557
2979	3169
332	1338
1555	3258
3920	4321
566	1756
1314	3169
1773	4922
320	879
4600	5113
4229	4347
3169	4945
3665	4785
2211	4687
348	4229
2414	4462
819	1933
280	5144
96	1787
4074	4970
3169	4736
2700	2749
989	3969
120	1953
537	5032
2099	4162
1206	4547
96	4781
588	760
3009	3636
1984	4229
2318	4666
1489	2720
3709	4229
3261	4163
597	5103
881	4263
559	3618
4577	4939
36	3617
559	3295
1531	4608
1138	3710
662	4648
120	3081
2653	4905
1927	2542
4425	4970
1574	3317
320	2610
1947	2318
1479	4725
1370	3893
1770	4576
686	3768
1331	3975
372	1447
195	3169
1112	4997
1138	4727
1562	4229
2653	4177
1481	4778
700	1655
1533	3158
2496	3598
3169	5039
5046	5215
553	4085
1338	2318
731	1010
38	4229
1425	1532
2887	3654
2749	4849
2196	4899
559	1577
760	4116
191	4627
3882	4608
320	1747
379	1214
277	3025
162	347
3297	4894
4124	4873
3109	4963
320	4178
686	1082
2416	3557
120	2545
198	643
529	4393
92	4714
36	275
772	2211
1555	1995
3044	3169
588	3596
663	3280
487	569
1214	1830
299	772
1162	1479
600	4332
3295	4229
96	180
2991	3673
2315	3109
191	716
600	1022
3295	4219
120	174
3549	4853
576	5057
247	4734
2499	4229
2388	3664
120	2775
154	2158
191	333
2332	4785
1606	3169
277	3170
582	939
1447	4663
92	618
1199	4960
1235	4028
878	5217
2089	2843
906	1692
2827	3169
4031	5132
1493	5046
955	3169
191	1655
284	4997
1338	3998
1493	3410
1016	1984
1649	4904
276	4663
1555	4260
2223	3627
2076	5215
1287	3739
1561	1602
160	3978
3009	4775
2318	4789
1038	3596
1421	3654
2654	5188
566	1723
1780	4612
1185	1435
1021	2603
31	354
2735	2887
703	2608
1370	2200
96	4856
1901	4408
942	1206
739	3170
27	3710
2615	4229
3258	5241
3810	4412
566	2361
3018	4229
120	857
4869	5217
4752	5199
196	1555
23	1225
498	5215
942	2887
832	4229
2088	2669
4229	5083
120	3366
3847	4601
989	2827
1363	4162
3358	4205
4072	4347
3169	3421
1179	1627
3169	4596
3596	5160
1513	4229
609	3755
1941	3549
3169	4582
426	895
2315	5171
120	2892
3011	4613
316	3069
588	1555
1463	2408
1493	2158
947	4333
997	3046
120	2940
828	2089
2117	2388
4663	5217
104	2036
944	4225
759	4988
120	4071
3169	4655
1799	4073
320	597
320	4775
440	3952
3295	3426
2653	3170
1203	3548
1210	4178
2869	4412
1450	3344
27	2546
2537	4888
905	1574
1080	3667
2416	5188
172	3810
1656	1860
4405	4874
2261	3755
2749	3887
4582	4820
2129	4229
3153	4874
839	3169
1723	4037
2717	3562
1531	4200
1577	3261
4752	4819
3665	4841
711	4466
3196	4229
1489	4929
858	4141
1384	4229
2211	3837
4608	4714
440	764
120	2810
1293	2318
942	3478
1811	3127
3588	4567
3025	3169
2616	4462
2653	2877
265	4969
3160	5049
2158	4736
553	4347
277	3557
17	1577
1455	2388
1086	1214
3368	5176
2123	4615
221	2720
781	3510
905	3664
2481	3803
260	1680
559	588
2188	4229
1901	2063
3131	4491
37	2615
1489	1890
4263	4582
120	3387
743	3169
553	3426
4093	4370
1338	3963
120	3988
120	3302
3663	4706
433	4539
936	3368
2877	4547
985	4113
120	4293
397	1960
1206	1354
3817	4014
453	3169
2887	4111
111	4275
469	4714
1555	2031
2537	4528
2314	2887
2315	3920
4320	4752
1656	2418
576	5079
1741	2799
120	884
2967	3901
566	705
2229	4805
126	449
2575	4229
67	2352
1861	2130
4023	4466
4739	4841
1447	3522
17	4576
819	1942
1429	3846
1602	3963
235	1780
823	3492
1447	3873
3169	4124
53	982
3358	4954
3169	3963
67	5004
1649	3719
1772	4275
2161	4493
1892	4191
3109	4734
3358	4963
329	2861
1684	2894
2153	4533
1133	4856
648	3919
2887	4360
672	4178
1942	2603
2408	2670
3596	5199
4220	4714
329	686
99	4853
2827	4589
2318	4608
2991	5241
1555	4935
1878	1981
92	2827
244	3627
727	4166
2870	4347
1025	4383
3549	3920
685	2102
566	4601
104	3411
4229	4542
1777	4809
1133	4217
942	1777
2559	4646
359	4776
120	3119
67	2249
1225	4888
2239	5018
126	5169
320	3710
74	982
38	2048
3653	4229
531	3552
1131	3169
3300	3436
1577	3237
1129	2559
1580	4529
1311	4756
3758	4385
4392	4540
1555	1603
1692	4275
299	4663
2117	4849
207	540
191	211
1165	1773
2051	2515
3169	3987
359	2665
917	2469
3255	4031
3975	4734
2006	2429
3144	3792
2515	3998
3596	4058
566	4087
1343	1516
1094	1861
354	884
1206	3354
302	3331
314	1447
1861	4330
2408	2547
3755	4738
2211	2989
1555	3354
913	1447
120	4170
332	4229
917	1736
104	943
1206	4168
134	989
2916	5154
498	1741
2196	2737
3557	3937
4874	4954
1133	4417
2318	5046
279	4899
4405	4706
1565	3560
593	1138
2301	2314
1743	4809
561	2755
1864	3491
17	2529
3157	3357
2946	4229
4385	4785
1447	2749
96	311
29	1565
1434	4973
133	3762
3596	3920
1542	4752
1555	3488
348	1331
1493	2989
354	2879
601	1111
2991	4023
4071	4275
3320	5242
973	3362
96	120
1179	5146
1781	4332
120	3865
1047	1756
686	4229
2318	4417
3588	4454
4752	5118
96	1807
3815	5157
2590	4113
1692	3005
3998	4687
2451	3144
1038	4166
3042	3884
1084	2021
2315	2615
3491	4608
772	4141
2653	3846
824	3527
1856	4229
2393	3546
2749	4263
3167	5215
668	4229
703	1705
1555	2235
2630	4347
1458	4704
31	815
2749	3769
1206	2887
1881	1928
4417	4608
3261	4229
397	4023
3109	4954
3517	4053
4862	5012
866	3199
1555	4339
571	2211
709	1571
994	2653
2394	4677
581	5146
2346	2569
1723	4229
356	2368
2539	4229
2099	2158
120	3317
2539	4756
1555	2819
842	3169
381	2956
3144	4124
1458	3109
2993	3904
4529	4608
1167	3167
1111	4686
1478	4320
1493	1555
374	4141
5100	5208
97	433
2869	4229
3898	4229
2887	4189
92	4124
3305	4178
3101	4229
1692	5154
1311	1807
774	2749
2309	4229
2708	3623
4849	4874
601	3931
1874	2589
120	2089
819	1555
277	3636
377	3169
3976	4963
2308	3281
3687	4141
1772	3992
1995	2158
2612	3169
2559	4113
4028	5175
709	4275
700	2462
4150	4229
277	1811
371	2887
3320	3904
319	2694
3648	4085
1007	4407
2078	5076
1587	2286
120	1874
1969	3169
2063	3025
1974	4454
4608	4796
2318	3783
2161	5161
1717	2843
2653	2949
3675	4347
1356	1890
1809	2499
4431	4725
2314	4124
4178	5157
1723	2641
1133	4083
314	5160
1455	4787
3169	3839
449	881
802	2889
1047	3062
3255	4627
15	1455
417	4608
600	2158
2158	2970
599	4725
1555	3158
354	3874
686	3028
1574	2089
540	3313
1471	2749
2346	2701
4346	4648
134	4229
1481	3596
1493	4347
2694	3934
2051	4729
1126	2352
134	1047
96	3270
2988	3042
2870	4315
2222	2500
1347	1942
212	1555
1081	4784
1608	2863
1235	4627
989	1780
971	1235
1602	4909
1047	1206
299	4529
2641	3281
1678	2123
1020	4784
864	1785
406	700
1427	4540
940	1555
354	1210
3169	3934
1663	5146
2970	3952
3778	5234
4043	4237
1413	2653
3381	4072
3792	4849
1780	3044
941	5020
359	1273
4687	4963
149	4327
92	559
1010	1455
120	4541
2237	4899
2749	3410
1336	2749
2663	5132
1985	5009
1770	2235
113	1577
4229	4655
2589	4674
2363	4385
992	1429
3245	4807
276	5217
944	1555
1999	4704
322	4706
120	1479
1356	1489
2361	5046
1513	2735
358	1574
1081	1736
3792	5032
1799	4999
1861	2388
3755	4116
1341	1398
2916	3566
3157	3515
3851	3988
2887	3158
3896	5154
1140	4909
2526	2663
1181	2542
1780	3596
2827	3920
3863	4229
2539	5154
1405	1656
120	1678
940	1524
440	1649
1133	2417
1489	3454
356	3169
2481	3167
1718	1780
989	4714
2993	3169
1138	1602
736	5143
4385	4592
1481	1813
1608	2451
1133	2048
1455	4756
819	2388
1235	1576
3157	4372
2308	3594
1425	3169
1649	3071
1723	5177
320	3960
3169	4874
1331	3169
368	1555
2161	3504
2187	2388
104	3354
4954	5100
4043	4899
3843	4288
104	2916
816	4015
4267	5184
1783	3665
553	1438
120	332
1947	2416
2596	5154
1723	2451
2887	3515
120	3550
314	1780
125	4178
4542	4663
120	540
947	1717
2462	4180
3169	4781
269	943
1743	1785
1044	5215
667	3515
4347	4849
2755	3363
593	1111
2117	4405
674	2211
5020	5061
727	2211
601	3628
1363	2318
1379	3454
2589	4085
191	1206
453	1846
1541	1861
3320	3931
120	4687
1455	4738
1080	4714
2063	2749
693	2368
773	1942
2749	4071
3109	4738
1770	3169
3077	3169
3588	4820
1342	4756
61	120
104	4168
280	581
1574	4540
1577	2939
368	3760
180	320
4056	4275
1133	2092
1537	2861
69	320
120	698
1928	4048
1009	1149
1270	5118
320	1451
881	1636
1739	3169
2970	3963
1225	1229
940	1478
692	1555
589	3664
1565	2418
1555	3999
1111	4084
3354	4714
1913	1971
120	5099
600	2408
1656	2653
537	2346
1947	3169
1293	5021
235	994
662	2318
1555	3596
2048	2559
662	4407
3792	4630
837	4229
135	2408
640	4909
905	1646
989	4144
1229	2889
2956	4663
649	3504
320	1403
1531	2526
1273	4999
3141	4058
719	1290
713	1755
3594	4608
961	3260
554	2435
2189	3960
1240	3169
4013	4513
397	824
120	2558
1052	1577
3675	5148
101	320
3073	4229
1913	3960
120	3960
739	3566
4058	5171
4055	4229
4124	4849
4229	4608
992	1838
3169	3888
2211	4214
2707	4178
881	4714
1293	2158
120	3020
1741	3141
2059	4124
1786	4714
2876	3637
1942	3739
516	5215
483	4589
120	4134
1927	3548
1080	2389
1574	2040
2089	3548
658	2223
284	1356
815	1574
1333	4802
37	1741
662	4464
319	2496
706	2906
138	4973
2967	4383
759	2545
1179	3810
104	4203
4229	4323
3169	4385
1627	5132
599	4447
319	2211
2388	4970
499	1138
1295	4725
2887	3229
319	3440
3426	3444
277	4784
191	4229
1922	4178
4169	4275
525	3691
2314	3975
3146	3668
374	1772
3417	4714
773	1882
365	3261
1113	3682
120	3989
1435	3163
2898	4229
2540	2708
276	4841
1780	4085
971	3111
2286	2499
2211	4168
1460	2589
1295	4923
3282	3710
997	3169
4229	5234
4031	5115
2408	3621
4852	5118
943	2829
1464	4809
537	2701
120	4596
1663	3158
992	2393
2545	3846
1302	4229
120	3873
96	3654
2211	3967
640	2399
1295	4641
743	3963
1312	4031
170	4466
1206	4166
2537	4820
2603	5184
3169	3939
4861	5227
284	3320
2231	4141
29	2408
720	3675
559	2461
467	3169
1462	1555
2832	5090
1510	1861
1507	1942
3673	4734
1705	4528
764	2677
1656	3887
1464	3540
1565	1942
693	713
320	1176
3578	4756
2012	2318
4028	4141
1892	2691
589	2078
997	2158
120	4787
601	3681
120	1192
2545	4988
126	4752
711	2346
582	4466
1602	5177
2653	4585
588	3975
1807	3992
1785	3015
3548	4805
3435	4162
525	4412
92	4260
3901	4466
4546	4988
154	2314
120	1151
593	1655
1425	3025
120	3654
330	5161
275	362
720	4347
1741	4687
3931	5242
2603	3920
1934	3212
1385	1555
2720	3131
597	3907
1695	4519
1606	3281
2464	3169
4906	5083
1338	1561
1294	2669
2289	4162
2749	2898
4237	4809
1050	1147
4229	4402
4085	5215
4219	4229
270	1334
690	4229
618	3682
839	3261
3169	3244
3169	4044
1807	3292
381	2755
4412	5146
1455	3653
4162	5196
2158	3636
1340	2589
775	4178
180	235
906	4586
177	2665
4825	5043
774	1656
69	3169
120	2607
3153	4405
2461	3548
92	1194
711	2875
129	593
1011	1057
2653	3426
3603	4229
2843	4393
2896	4845
954	4690
3313	4229
172	1179
119	1070
120	1601
2515	4402
1555	4166
711	3815
2417	5180
2435	3773
5	4582
802	3169
2389	4469
316	2661
2154	5056
4799	4987
717	1753
557	2233
2158	3556
1287	3167
465	4229
882	5153
1537	3028
690	4347
672	1570
3440	4009
3988	4714
1293	3478
4891	5154
67	1541
154	4589
777	2542
320	449
2755	3169
995	4178
2750	4461
1723	1901
154	2099
820	3169
316	1577
1370	1878
5032	5181
177	2158
2873	4229
713	982
2108	2205
2231	3169
1455	2052
881	1656
2612	4592
2820	4487
320	2503
1047	1229
319	3708
417	1138
700	1769
1531	3988
3331	4068
1186	3762
662	2089
354	3526
174	1947
537	2539
1133	5155
2827	4849
2610	3529
3755	4734
943	1697
1270	4752
1270	4760
705	2612
2024	4861
1565	4612
2451	4347
1780	2603
559	2797
2861	3028
913	3556
27	3648
120	1522
120	607
994	1133
92	4229
2393	4727
2541	3426
180	3391
1786	4756
2139	4383
1619	1985
1570	4841
3410	3992
814	2286
4476	4999
31	1952
4163	4166
1602	1947
1192	4945
244	2078
3169	3215
138	3124
860	2164
599	1697
96	2518
4727	4729
3169	3782
3158	3169
1025	2370
3858	4984
4687	4796
1619	4666
18	1187
1736	3016
2654	2877
319	2616
700	1813
990	3381
1447	3261
4460	4963
2616	2749
3169	3410
1522	2135
1494	2364
2884	3843
319	497
1406	4141
693	1577
1741	3624
3141	3755
1755	3566
1783	4567
2393	4608
104	3498
3566	4031
2361	5020
4178	4843
368	2158
693	1333
741	3169
990	4220
2205	3631
394	1555
314	4107
120	2778
1603	5124
267	1133
347	5146
1070	1685
4608	4760
4205	4849
447	1481
266	1206
569	4229
1010	3907
939	3556
1147	4255
4734	4756
1991	3498
3153	3562
3016	4407
320	1367
1555	3077
3682	5057
3920	4405
3169	4776
700	2717
1356	3931
120	3628
642	1057
3873	4229
1531	1606
3169	3322
3091	5132
1695	3952
2158	2708
2318	5241
516	819
1466	3556
4083	4428
1133	1992
2158	4417
320	3612
96	3558
789	5227
1363	2887
2879	4229
1971	3043
1111	1555
3710	4065
825	4608
621	4775
2161	2567
842	1541
3000	4166
2608	4141
2211	4306
2610	4963
3673	4466
2481	3628
120	3540
133	733
92	588
457	906
445	3169
3653	4967
1538	3755
484	5202
1334	2428
1327	1807
1770	2870
1717	4229
655	3169
588	2827
1718	4825
206	501
1555	3146
2799	4178
120	4396
2054	3169
4116	4954
2452	3215
120	957
362	1138
2604	2775
1113	3109
2115	4841
333	4960
1363	1741
2509	3483
2567	2887
1736	4459
588	1481
135	180
1807	2388
1379	2158
1533	3623
1753	5175
3966	4275
92	4738
3992	3998
1435	4111
120	4401
135	3169
3428	4185
449	489
1379	2318
816	1493
1129	4853
2092	4178
521	4467
700	1555
595	4608
2064	3169
1458	4454
1447	1743
2481	4311
4687	5020
1176	2653
3212	4229
120	4455
4347	5171
4141	4317
275	1969
2388	4963
1025	4141
2582	3834
1874	3790
445	1574
2539	4589
1365	4122
3380	4229
142	1555
120	3682
1082	2064
62	120
36	559
1493	5095
693	1316
4345	5047
2225	5021
2289	2435
3222	5118
1423	2211
655	2589
3552	3975
1565	4028
142	705
1852	3014
1203	1489
3014	3152
4229	4954
4267	4973
1861	2361
597	2539
3920	4255
2728	4275
2451	4714
927	2749
3527	4714
4162	4229
4738	4954
228	491
3963	4608
2007	2318
3769	4706
485	3548
972	4789
3169	4584
640	3004
3167	3320
1741	5146
1050	5169
755	3169
1780	1881
4691	5021
1608	5056
2318	3926
2368	4869
3169	4648
884	1861
559	1507
1273	3888
1290	3637
559	5021
688	2085
2158	2851
2661	3617
1295	4963
1697	5056
1776	3169
92	1331
1277	4263
624	3280
1716	2993
228	2889
2913	4168
440	1288
1561	2031
1446	3498
2361	2887
1113	3920
2211	4180
1273	3169
597	3896
2318	3665
1678	3169
3956	4229
139	5115
3725	4785
265	918
521	1555
2589	3892
1129	4454
719	1650
2582	4275
2790	4963
3596	4229
37	348
703	1901
762	2211
3593	4412
970	3756
36	2887
320	2286
3739	4141
320	1235
2827	4347
277	4181
1438	3686
882	1611
2990	4393
3169	3491
3987	4970
1531	2158
588	1479
2878	3664
320	700
1890	2993
154	3975
1565	4967
2211	3970
1047	4180
2630	3896
1577	5124
1462	1565
3157	4349
2913	4405
1115	1212
3858	4705
3588	4237
417	4727
1741	4582
1555	2870
1137	1481
1290	3169
4536	4784
1495	2208
120	4881
491	2158
1082	4141
2559	3344
2654	4754
1235	4888
588	2569
3596	5225
104	4967
3892	4856
1356	4997
1867	3428
2211	4263
814	4107
1574	5063
2161	2213
3109	3552
320	1047
484	5103
191	2935
457	4513
1493	3146
901	1455
1656	1778
161	4178
120	2588
2211	4536
442	3169
152	4116
700	1718
1356	2215
196	982
4132	4229
618	4229
1287	2377
1270	5160
2399	4370
2887	3596
553	4116
1312	4235
997	2387
2903	3837
417	2031
126	4255
1952	4237
1209	2211
1334	5227
2764	4853
3760	4352
2589	3737
317	2653
120	3897
593	1646
449	3596
663	819
191	1874
2206	3844
483	4162
329	355
1776	4608
1293	2286
598	1574
3169	4923
368	2630
942	2588
104	1741
3755	4706
2393	4402
4347	4734
4229	4451
1922	5188
3222	4729
1786	3109
1830	3515
457	1227
4321	4546
1020	4960
802	4178
1111	1561
96	381
120	3124
1741	2781
4667	5021
2117	4229
354	5227
564	607
1356	4349
600	3803
1646	4727
989	1086
120	3073
2604	4229
233	975
17	3960
2962	4229
4714	5202
1901	2887
2701	3920
2286	5188
1290	2630
191	3566
2021	3351
2213	4873
4106	4168
1206	2469
483	3478
1625	4595
559	1463
3345	4577
120	357
1646	4988
2281	2469
4738	5161
3158	4714
1489	3725
1874	3220
260	719
1705	2026
1984	5127
229	1555
320	2582
320	2768
3169	3396
2318	2608
1025	1777
1494	1555
2135	3575
2701	3792
1574	4542
3245	4347
1861	2936
3920	4738
120	4174
1206	1864
1646	4229
3012	4993
819	3157
277	819
658	2158
1741	3920
3504	5227
3358	4734
700	2161
92	3556
348	1944
2428	4784
28	3617
2878	3229
258	4706
2388	4609
1423	4973
1624	2887
1533	3791
3169	4185
1559	5127
1334	3331
2064	3366
1756	4348
96	4835
1268	4083
1331	4349
120	198
2211	4646
2608	4608
739	2887
104	3926
3892	4229
3426	4997
2158	4663
267	2135
461	2189
222	884
2213	3855
154	3478
119	1342
3169	3928
31	5047
3170	4725
1235	3483
2452	2642
445	4306
1040	3524
460	3382
2211	2589
720	1179
329	1565
120	4326
1533	2318
1338	4402
3928	4044
3920	4796
1813	4493
3410	3834
3266	3490
294	1697
3592	5021
320	2735
1489	3295
3295	3904
2887	3710
3169	3309
426	1050
2610	4690
446	1555
2393	2515
67	1878
120	4147
440	2123
736	3091
1176	3618
1842	1861
3141	5021
778	3146
3293	4285
483	4849
3169	4339
1697	3493
3454	4109
1131	5241
1277	1565
2237	3687
694	4229
1225	2204
304	4229
4229	5201
3477	4178
1031	2559
961	1226
2211	4770
2024	4970
663	2589
595	4856
661	4454
1050	3042
1741	3448
3109	5208
29	320
4519	4904
1566	3410
2550	3028
1427	4116
1947	2515
1991	4229
3548	3549
2887	3664
54	1945
816	3012
1494	1723
658	4071
773	3169
3258	4048
4589	4954
38	3157
3169	4539
2416	4888
1533	3331
2607	4275
2570	2749
196	4473
1138	3882
1653	2889
3017	4760
5100	5154
120	3831
37	4162
4345	4785
1756	3575
597	2140
643	2935
3664	3992
2318	2393
3405	4229
686	2861
700	5215
663	1277
449	1493
1881	3596
2790	5021
4667	5132
1165	2653
1780	4116
3031	4229
3575	3664
989	2887
2887	5177
705	5037
491	819
330	3682
1222	4333
3847	4383
284	2215
126	3884
4210	4807
3258	4116
319	3071
3258	4589
235	1947
2734	4178
1111	2393
2892	4178
1421	2936
2215	3626
2158	3025
2108	2211
1113	2936
2899	4714
794	2318
2408	3582
2031	4729
2062	2749
3598	5004
1649	2430
858	1345
3492	3773
692	736
206	1656
235	4529
595	2318
1780	3749
2653	3000
2451	3017
275	4853
989	1655
18	662
1901	5021
1747	3592
2887	2890
432	3169
37	4347
3293	3596
1785	3526
175	3237
1072	2158
3169	3803
1209	3454
330	442
2663	4428
989	4180
2540	4346
120	1878
3548	3623
700	5160
2211	4999
319	3843
2012	4608
120	4522
1878	5251
4954	5171
1312	2301
672	1998
139	3578
918	1335
120	1270
2775	4979
120	4327
17	1574
4608	5021
663	3803
3357	4714
3282	3791
1608	3988
120	3018
995	4174
2389	2706
1133	4663
700	4687
2728	4467
1692	1723
1780	4608
120	4841
154	1080
2229	4178
1901	4856
1354	1451
2991	4372
120	2461
3668	4807
120	3541
1495	3229
2211	3976
537	3837
537	1306
2158	3071
906	4487
3509	4627
3592	4166
120	2047
2836	3548
2603	5116
3118	5021
564	3621
2161	4052
2158	2717
2851	3169
2318	3478
3169	3540
2869	3169
1133	2303
1574	3260
1587	2863
2894	3368
764	2222
191	1636
686	3169
445	1644
553	916
1807	5100
2158	3169
3478	4909
120	4014
277	3436
4608	4861
2399	4909
3146	3169
2939	3491
688	4970
4229	4809
4784	4871
2630	4408
2750	5132
294	4141
1765	3558
2559	2764
320	1922
99	2991
348	3628
2144	3755
387	3169
3931	5215
1599	2435
1363	2007
905	2936
1070	5127
864	3526
277	2051
1107	2477
944	4377
2168	3169
711	4267
1695	1785
1113	4756
1656	2062
773	802
1587	1705
1995	2477
433	989
3362	3687
2260	3169
2431	2889
1533	5056
1366	4973
650	2289
320	3352
1837	5116
1684	3005
2529	3596
819	5036
4267	4615
3975	4738
3710	4727
599	2718
4043	4582
2701	4589
1555	3052
697	1555
3648	4031
74	2388
947	2781
4402	4641
2154	3358
3295	3931
777	2641
658	3706
566	4178
3169	4137
191	3529
2540	2887
1770	4909
1572	4973
1656	4237
764	4904
2102	4107
2588	4904
693	1338
1685	4484
2843	4850
18	711
989	1338
92	3969
336	1200
2047	5020
1235	2764
2641	3169
1736	1892
2970	4612
498	3169
4950	5132
3220	3345
15	3169
2024	2653
120	4141
1425	4906
1538	2318
1331	4229
4162	4909
4347	4589
320	1423
2393	2559
1293	4178
1162	1206
2315	3548
235	1555
2158	4777
4906	5021
705	1723
2137	4178
4627	4909
2291	3874
1555	4756
559	2607
4331	4347
1656	2700
260	2733
2716	4347
2970	3882
717	4144
356	5103
483	3087
270	5134
3920	4347
2158	3229
1861	3749
3146	5215
882	1426
537	4072
1007	1892
3000	3976
4909	5160
2651	4141
3382	3498
1297	1555
2318	3309
1447	4613
4988	4997
29	2589
1327	4738
1971	4776
120	597
3976	5074
2536	2540
2653	5018
797	1421
280	3169
348	2916
191	1719
67	2434
2092	3169
789	4086
559	1078
2887	2936
314	710
2211	3896
2023	3945
2542	3549
1129	1984
1705	2286
3146	4375
3464	5118
3220	4909
2416	3636
277	4540
35	4178
92	3975
4405	4738
277	5056
4734	5116
346	4229
1447	2243
235	1463
839	4714
3084	3815
3566	3686
371	4068
133	1856
197	1445
705	982
1974	3334
786	3169
1620	4085
1426	1447
4237	4582
4493	4612
621	4519
2318	3025
483	2346
1555	2152
3904	5242
1780	3091
1998	4784
4229	5169
3005	3169
320	2355
726	2318
1608	5079
3854	4784
881	1206
1225	3169
4093	4141
2518	5241
4229	4960
29	4783
2916	4608
3169	3762
1533	1895
716	3457
457	4347
2642	3665
3908	4347
1295	2970
2215	3444
330	2123
2056	4963
3687	4237
4714	5008
816	3215
588	4456
2749	2954
1464	2222
3345	5021
600	2642
692	2211
2653	4946
196	3077
764	2654
484	4383
36	2991
4229	4260
4178	4336
1494	3992
1927	2890
378	4113
2705	4454
4734	4738
5021	5100
2509	2708
4349	4756
1565	4552
36	1016
982	2946
2085	3627
1273	2059
599	4428
700	2653
703	4229
336	4688
1206	1572
2099	4229
944	5215
764	5241
1400	1504
120	4267
17	741
3773	5132
1861	2586
111	484
3358	4784
3109	4205
2304	4999
2603	5143
457	1627
1555	2007
2393	3169
167	772
4058	4967
28	4841
3160	3540
2560	4663
1974	4327
1627	4412
2653	4857
1555	4528
319	1541
5180	5191
2408	4586
3664	3981
777	3169
4162	4954
662	2642
736	4124
592	1723
879	3858
649	3169
3557	4229
4106	4347
3118	5227
317	3111
3454	3834
120	374
1656	3627
2314	2539
483	2701
280	830
2653	3417
2108	2653
2363	2724
1447	3962
1113	4162
1229	3160
2332	3368
424	1316
597	4756
2318	3908
1381	5222
1741	3969
28	4967
99	4229
1533	3237
3169	4785
21	1103
1447	4521
4095	4756
1095	1555
1692	4988
2368	4013
1133	1759
2289	3803
1354	1455
104	3524
944	3591
265	3850
280	2877
37	1718
457	4210
2041	4178
362	4853
1489	1716
1206	3627
1176	3046
5	3526
4627	5021
1753	4841
74	3592
1080	3964
1206	3592
936	1363
320	3282
2540	3440
92	989
3062	3169
1531	3084
1131	3109
1542	4320
3710	5184
2600	3509
2189	4267
700	1295
1464	1942
372	1555
1969	2749
1664	2653
1571	1578
1653	3540
17	3686
4043	4385
4315	4841
2663	4229
710	1867
3450	3903
834	1447
496	1546
191	4372
320	2983
1138	4529
120	1432
120	762
2158	4166
1327	4970
120	4670
191	881
764	3843
1342	4229
566	4348
233	3065
599	1129
3810	4484
1777	3719
2408	3448
663	2608
1807	1956
329	743
142	3395
700	3892
1561	1726
92	5032
120	4052
3556	4467
2388	4784
3562	5021
3169	5021
1927	3069
2860	4484
2529	2940
2408	4954
120	2112
3261	3497
284	3167
1021	2462
235	1574
686	4166
120	4775
29	4275
1321	3169
2720	3426
2718	3169
1133	1295
2393	2993
120	614
1867	2044
1995	4229
120	195
2064	4613
3846	4853
2036	2463
4990	5021
1206	1636
1574	3366
2301	3762
600	1295
347	1627
1492	1565
2542	3169
1636	3834
648	4608
1627	3593
31	961
2539	2653
1138	3907
1565	4219
1284	3686
3596	4796
154	3169
4225	4321
135	2040
755	3504
220	4888
111	356
772	3199
3282	3302
1541	3262
2023	4341
1808	3478
104	4317
2292	4170
917	1007
1741	3813
383	3596
354	2387
320	4168
1922	3261
4210	4412
1577	5079
961	3015
1356	3628
823	1555
4023	4229
83	120
2352	2832
2090	3231
913	1646
1504	3169
1672	4608
126	3351
447	4229
5012	5132
1705	2537
672	4321
28	588
177	2370
313	4229
137	961
1354	2695
2318	5177
1131	1405
379	1086
96	1695
1273	1611
275	1129
1338	1427
3904	4219
3541	4178
1173	3012
1538	3169
2851	4727
428	787
2935	3146
2161	2229
2559	4106
819	3040
4141	4174
235	3169
2701	5032
1435	4087
2435	3926
3837	4229
120	3256
2887	4084
433	1435
2054	3762
4180	4383
2537	4210
483	2827
2587	4178
445	2009
2526	4217
2587	3517
1022	2863
906	2164
1741	4189
2064	4625
2589	3417
713	2164
2653	4154
120	190
104	198
3426	3931
120	918
2421	4229
3790	4909
67	2332
1890	3167
2755	4663
662	3678
4199	4845
3637	5222
347	1338
905	2211
2463	4714
764	3160
944	2318
457	4484
96	2887
92	2663
1347	5080
1080	4391
2318	2954
368	600
3320	3628
379	3623
3575	4385
2537	4468
1807	4327
107	260
881	1555
2063	3169
957	3111
2539	3975
2653	4044
4612	4963
739	5215
316	1507
1007	3169
2117	5154
397	947
3846	5021
1082	2211
1043	4804
1456	2291
2827	3556
3992	4031
3546	5177
777	1773
1462	1602
1555	4302
284	3626
3962	4166
3282	3637
120	3847
1603	3146
839	3045
1838	3562
360	1080
773	5036
2249	3598
319	762
653	3594
2653	4604
516	4383
760	1131
1769	4031
2200	2641
4736	5049
1985	4714
918	3157
4267	5143
2764	5175
2399	2542
316	2417
277	1555
1706	2720
1811	2875
36	4853
4073	4784
3810	4909
599	1438
1993	4178
99	2211
4185	4229
4473	5175
686	2318
243	2700
1295	3892
3578	4085
1427	4144
1718	3596
348	3937
1646	4608
120	2223
197	2939
3169	3546
2314	2701
1646	3546
1133	4547
1464	4888
129	1338
1010	4331
2961	3334
4136	4166
461	3548
277	1533
1861	2164
1772	2373
2123	4009
96	2641
1398	4608
3457	3498
941	2749
3167	3444
69	4031
2569	4124
1471	4246
2260	2301
588	2314
1555	4113
1991	3169
483	1113
1347	2889
3668	4111
3358	5184
537	3975
120	986
3549	3628
1717	2089
2797	4784
3169	4383
284	294
92	3790
1602	4729
277	4615
1294	3510
362	599
3903	4663
806	4229
1021	2653
1203	3426
381	4785
2663	4320
2394	3411
457	1282
1646	2851
36	1685
971	4428
1434	5188
2545	3005
1562	4107
1493	5079
1229	5036
1524	3141
2515	2970
2749	5176
1331	4954
346	2158
2200	3317
111	290
290	1555
299	3212
1080	5241
686	3111
1133	2356
2529	2956
330	4904
3169	3926
2158	4891
944	5188
348	3255
703	4383
290	1435
2318	2428
2596	3928
3536	4083
4626	5020
233	3381
2088	3983
989	4909
1455	4058
3810	4873
92	1466
1913	2109
37	3920
1331	3478
676	759
3937	5215
142	2008
1080	3976
417	5177
368	2936
3157	3790
3000	5021
1878	2200
2887	3903
37	4229
258	4734
3928	4954
1656	2749
1206	4552
1577	2204
4405	4849
3556	3975
1611	4293
632	4347
319	2971
2630	3762
1684	4988
104	1347
2887	5108
1716	3628
1451	5021
1656	3120
120	4036
4178	4760
1723	2434
1649	1878
906	1513
4332	4663
235	3627
3137	4031
3457	4704
595	1555
2653	4385
735	1697
228	1882
1813	2140
320	4202
2315	4967
1861	4509
2749	3653
4229	4371
1901	4225
4141	4578
1697	4536
1445	3157
3169	4315
28	1421
191	1780
484	4973
3713	4547
878	992
1379	2560
69	1199
3169	4432
2158	3790
177	1777
563	3682
3815	4852
3549	4809
1780	4540
2200	3594
1235	4704
290	2630
1927	3111
348	2970
1455	2896
3169	3647
1773	2542
235	2146
4178	4624
662	4137
2870	2936
1533	1770
2630	2706
525	3428
4107	4796
3926	4229
1584	4210
663	2866
618	1206
1112	2993
652	1429
4180	4547
1813	4570
2857	4906
104	1133
3028	4229
1047	4973
404	700
28	4756
3648	4372
709	3548
4199	4285
2537	5113
1830	5217
1455	2887
449	2887
2024	4582
2304	4166
2213	2983
564	2024
762	2991
1878	2088
2417	2567
3100	3907
2318	4332
2036	3109
2161	4905
1288	3169
1723	4608
3558	4967
120	4509
36	2797
314	832
913	3548
1821	4841
1615	2308
2569	4630
2434	3843
1270	3675
1113	4347
601	3904
2887	4853
362	1129
672	4572
3157	4584
2352	2677
329	1082
1561	3831
1018	4327
1381	3410
662	1409
1290	4205
381	1133
235	1846
2462	3410
2887	3937
589	3411
80	5254
1435	4651
4347	4861
600	4663
191	1493
332	2970
1608	2526
394	4229
1138	2158
212	4714
989	3653
1952	3549
1577	2408
597	910
2394	4347
1227	2587
2889	3450
368	4969
1111	2031
2024	3509
371	1718
582	884
2509	3665
2933	3861
1270	4320
120	524
243	1574
2088	3843
3593	4873
3755	4874
1864	2559
1447	4833
397	4713
1458	4687
1555	4473
1644	4894
2775	3069
764	3071
963	4466
1577	1608
96	4338
372	3395
676	5154
3548	4608
3628	4997
31	137
2223	3169
3989	4178
2887	3992
460	537
460	4168
3245	5175
1347	1949
3792	4124
3380	4417
277	4663
4225	4997
632	2540
1561	1565
3617	5012
348	2663
1649	2408
1455	3169
705	2332
1534	2123
1532	1555
874	3169
3345	4309
597	4405
2117	4874
3345	4481
1998	5148
3015	4232
595	658
2749	4074
1587	3710
1697	4784
858	2314
1464	2223
2244	3109
1780	4372
1952	2887
3594	3762
2887	3450
4484	5146
3926	4963
3975	5208
3169	4608
2899	3863
944	3158
3169	4649
4275	4330
658	2062
3169	4686
1129	5127
2158	3665
641	3526
1649	4275
372	3004
1478	4405
60	1133
1338	3169
2749	4168
1565	4976
92	2048
196	1770
1741	2373
600	4347
2393	4072
1601	4232
1038	3636
2318	2789
1555	3492
96	706
697	882
2537	2687
1741	2105
126	2820
4229	4705
1627	4210
1555	3562
4189	5021
3000	4714
1206	1455
1507	4852
3426	3626
320	2882
1574	2297
3260	5241
120	4065
3158	4648
2749	3856
3044	4031
1010	5032
1181	4428
270	2583
2108	2322
92	1636
1010	3957
1345	1625
554	2892
2318	3448
37	772
1273	1445
2012	4663
836	4347
2496	4229
120	1960
3218	3815
223	4229
2764	4267
2518	3396
2304	3509
1638	1705
1697	4229
1423	1741
120	781
1206	1761
354	4611
491	1942
4178	5241
1338	2589
1111	2158
662	681
354	460
2211	4178
773	4459
3963	4241
1185	2869
37	5215
2749	4702
1111	2318
120	4116
1447	2861
1555	2301
276	4963
2062	3169
772	4973
146	319
133	4111
165	4141
1555	3575
2360	3762
2790	4608
2158	3667
348	2892
1094	4032
1555	2761
492	3169
3450	4807
5154	5176
155	5242
453	582
3509	4191
1741	4729
3464	4909
120	4896
2215	3426
2121	3368
1561	4608
332	2515
940	3623
4677	4954
705	2318
3169	4229
120	2971
1020	3044
2130	4888
1561	4729
710	2998
716	5156
1438	3454
2048	3589
1081	4407
2653	3118
2158	2393
2971	3169
4229	4861
3095	4562
3169	5124
320	2318
1338	2164
3158	5234
4229	4338
258	4141
1463	4641
2580	4178
641	864
377	986
357	1080
1577	3065
994	5188
3345	4973
1942	5215
348	1489
1741	3934
858	3169
764	1878
1295	4327
3112	3169
2936	4267
1952	2542
1199	2188
3757	4370
815	1524
1333	2318
2775	3768
700	3515
92	4939
3281	3594
348	3904
561	4663
3636	4783
492	2546
1314	2318
120	317
521	4321
601	4778
120	1876
4546	4945
120	860
992	3566
4086	4993
1199	4031
1331	1555
1574	4663
2812	4873
1555	4727
906	3368
1356	5215
120	3637
3169	5047
1565	3045
120	1214
235	1565
168	243
3556	4205
2749	4567
120	1787
260	4690
4217	4267
120	667
320	992
2749	3118
713	1772
292	739
2499	3302
2559	3963
3169	5218
29	3440
2318	2790
4275	4487
3483	4714
1656	2991
667	3091
1541	1601
299	491
235	3042
3920	4141
3596	5132
1436	2430
537	1113
1084	2604
1462	4385
277	4052
2887	4260
1781	4714
671	5021
3628	3931
247	980
120	3262
1493	4626
2749	5184
2099	5215
333	4229
319	589
773	4454
453	2764
126	3042
2596	3472
1295	1421
3169	4914
2820	3368
3477	4663
1580	2589
247	4229
120	2899
4408	4905
31	936
649	4169
1555	1981
478	1316
1741	4873
3454	4275
553	717
663	3190
1992	2940
2213	5215
17	4229
92	990
1985	2989
314	3044
440	4113
1338	2625
3775	4229
3044	4909
1199	3556
1783	4784
368	2291
5180	5222
561	1574
1314	1555
1080	4469
554	2630
1611	2222
134	1881
92	741
1695	3654
1133	1561
1565	2764
180	3811
3837	4124
2916	4178
2355	2589
3320	3444
764	1236
3834	3976
4058	4347
29	564
498	553
1705	1992
2490	4253
3509	4476
2161	4327
1555	2231
717	4347
2315	4405
692	918
1244	2225
1338	2970
2887	3898
433	1542
819	2939
111	2887
1338	4729
1435	3628
3507	3638
1338	1813
2889	4739
381	2408
2211	4174
104	4879
381	4332
2244	4845
319	1236
2394	4232
3856	4275
940	1861
601	3295
1288	5049
3255	4275
918	2708
3368	4487
989	3566
819	1464
2653	5222
104	716
3664	3710
92	2630
249	1971
1206	4873
320	4555
741	4402
1555	4954
2204	2939
997	2318
1025	3169
819	4888
1070	4853
2970	4402
347	457
4784	5063
1723	3976
3281	3317
977	4663
1493	3157
1861	4879
2509	2869
1120	3548
2991	3920
120	4835
4229	4326
314	2211
1663	4873
1500	4229
134	990
1555	3015
1995	2052
69	333
881	1080
1047	2654
2187	3426
1138	3546
592	4663
320	2823
1284	4768
2559	2724
2158	2954
1131	3653
1770	3069
2190	2490
511	764
2630	4229
1295	4729
3964	5160
817	2451
381	3803
172	347
944	3157
772	1206
177	387
191	3044
320	1555
2158	2991
247	2733
191	3739
3504	4988
2089	5169
705	1649
709	4267
2499	3282
1587	4178
3707	3882
314	4225
881	3557
3044	3464
2158	3492
1747	4229
2318	3893
537	3381
4347	4371
3552	4124
4348	5127
882	2024
2989	4275
1874	4778
2797	3889
461	2428
2637	5020
2732	3504
1479	3169
120	775
1493	5021
1481	4909
352	525
772	918
1435	4540
1236	2424
3380	4954
824	2967
2701	3381
1209	2213
284	5242
1304	3790
2634	3094
3924	4141
126	895
96	125
120	4879
176	4202
906	4275
1555	4600
206	2749
120	3963
35	120
2951	4784
3928	5154
4178	4939
559	989
4311	4849
1086	1455
1684	1692
1874	4275
1160	4178
2967	4229
354	4663
260	2589
601	5242
2117	4166
1050	3765
1331	5021
4752	5171
1697	1992
138	720
711	4141
1860	2749
2368	2916
2851	3008
672	2720
4447	4853
1627	4873
648	4431
374	3454
600	1619
347	700
620	4873
3562	3762
2940	3815
3169	3170
2031	4229
700	3964
794	1493
1555	4592
3995	4229
1270	1627
2526	2608
662	2158
1716	3426
1186	2770
499	1602
773	2223
778	3992
4193	5132
1565	4926
1080	4229
3710	4202
1974	4166
133	4562
3896	5215
918	4469
1048	2158
2239	4199
1347	2135
483	588
1080	2368
716	1577
2109	4852
319	4229
319	2085
1984	3686
1555	4782
1549	4963
2733	4275
1753	4111
4028	5021
1675	2936
4237	5020
1615	3281
2603	4219
1533	1809
4993	5227
686	2749
1050	4255
1951	4229
3358	3578
2545	4663
2887	3411
600	819
739	3802
196	3478
1405	2653
4331	4660
120	4807
2235	2961
3593	4320
1878	4904
1489	2993
940	1194
4609	4967
599	1984
1455	3428
4229	4552
703	2967
1723	4246
264	589
599	3668
3556	4162
313	3628
3387	4873
120	4055
1565	4604
354	5047
717	2158
489	2526
705	4841
561	4817
433	2109
2500	3755
1435	1756
2080	3093
4589	4849
319	2123
760	1672
2724	3158
120	1753
3638	3992
2661	4229
1206	2324
3834	4178
1952	2555
92	2539
3874	4345
509	3169
3160	4519
2587	5012
475	4229
3448	4608
120	2262
927	4306
1780	1821
2775	4777
1131	4124
120	4154
754	4393
4210	5146
556	1507
120	1220
3169	4528
1381	1565
1206	2718
228	296
1878	3952
1555	5040
1555	2829
120	2429
23	3169
4229	4896
2222	2431
2304	4663
609	3686
3112	4714
1555	2598
4111	5196
990	2663
658	1133
320	1524
525	939
1434	1780
2610	4714
4031	4220
96	4141
111	1861
599	4168
3382	4193
1493	4784
1206	1451
197	1723
1821	4547
4383	5215
3856	4609
5118	5155
120	3829
469	1555
120	1559
4229	4760
2062	2653
36	2559
1243	1447
3169	4451
4229	4997
1270	4869
2596	3061
595	2158
2089	2963
3907	4106
4608	5225
3472	4752
5	3922
1133	4809
772	1524
1297	4608
648	918
120	2631
1697	5215
1753	4229
3169	3535
1464	1949
3998	4641
1541	5241
29	2603
498	933
67	4649
3358	4106
841	1577
3813	5108
588	2477
521	4967
601	1080
2540	3169
1047	3988
1270	4608
2053	4451
120	5008
802	2222
348	4899
320	4429
1429	3368
3169	4888
662	3128
2816	4784
588	1466
4170	4725
3345	3648
3380	4141
2239	2935
1133	1242
1741	2663
277	2903
2388	2887
942	4166
2545	4849
2526	4649
3664	4464
255	3855
895	1050
4031	4939
2706	3360
4217	4332
918	1672
1602	1756
1507	5127
4229	5014
461	2108
947	4850
3594	3919
2607	3109
1536	1843
1565	5215
4178	4326
120	4336
92	4973
3665	5004
2863	5215
588	2318
3628	4311
1837	4785
1343	4229
2318	3594
703	2526
397	4850
6	2916
2499	4853
2861	4613
120	4909
1363	2289
96	1861
4116	4867
588	4954
777	4663
2826	4229
521	4225
320	1338
3517	5080
3141	4738
1577	3046
1539	4229
1273	3043
316	1080
1533	3529
2545	3157
1493	3215
1243	4736
537	4589
722	3169
4725	4939
348	2099
74	2749
599	3124
1942	3012
2231	2318
1759	1974
3169	3988
1455	2706
3397	4141
28	2416
1133	4905
244	943
975	2537
120	1236
1723	3803
2863	3282
2545	3884
100	453
1225	1464
174	1176
653	1176
1601	2394
1861	3498
688	4275
3628	4778
1507	3710
371	2946
4229	4491
3167	3626
499	1561
1229	1949
3124	5021
703	1707
1615	1878
2587	3280
244	2612
172	1627
3509	4567
2107	4487
1421	2708
3157	4013
601	1356
191	609
424	839
1312	3682
92	4752
320	4170
249	3713
992	1481
96	3260
3023	3867
1555	4616
1080	2229
1626	3043
1705	2653
1400	4229
1073	4347
1038	3907
1716	3295
120	255
270	3331
2158	2608
2318	2708
1867	4844
4849	4963
348	1901
1138	3998
2764	4578
2764	3664
1533	2158
348	2052
686	842
4229	4398
120	4531
1577	3851
499	4727
917	2281
243	2677
449	4973
433	4852
1379	1555
3280	4969
1478	3109
120	161
1555	3368
1133	3712
319	2430
1148	3169
944	1295
4320	4852
1947	4402
609	3566
4539	4909
4229	4850
4031	4372
819	2158
4229	4372
700	1646
4229	4235
4347	4729
2318	4339
4660	5021
1381	1455
3025	3266
2318	3157
700	4484
120	1949
1273	2439
2408	3667
1273	1555
4173	4178
4311	4997
1167	1445
3411	4679
1809	2863
2213	4879
2708	3169
3130	3440
120	3417
1507	3549
374	2211
828	947
597	1577
1861	3452
104	3846
320	2413
161	5234
825	4141
196	4156
3141	4874
4229	4785
1513	1570
2749	2784
1948	4263
120	2793
1555	3028
1138	5177
705	2887
4162	4677
3556	5215
755	4141
2161	2515
1777	3169
1404	4205
700	1338
104	1209
1460	2526
191	4939
3215	4841
2416	5215
1672	3358
4113	5175
1489	1570
989	1113
1807	2630
1780	3648
371	1516
3169	3261
3834	4963
3157	3454
120	4178
313	1890
321	2700
3987	4065
3548	3821
126	936
1577	4732
609	4031
739	3272
1776	2158
3510	4783
686	3020
3169	4391
882	1229
2158	3882
3015	3874
1555	2012
4229	4789
3773	4372
36	599
693	1080
3158	4513
3169	4677
2653	4577
1138	2161
120	1365
1723	4255
1533	3358
700	3169
1086	3623
1103	1393
2318	2755
1022	1587
1656	2582
1113	1133
2993	5242
104	982
3167	3345
3144	4168
1331	5171
3984	4888
1264	4229
1435	5154
175	2158
97	2610
2538	5237
258	4275
700	2887
120	4802
232	3169
2239	2537
1969	3061
1522	4275
319	4706
319	2755
2732	4988
3302	3710
3637	4973
2446	4113
1555	2356
913	2887
741	3686
3773	4229
3834	4414
3229	4736
915	4229
4144	5154
244	589
581	3593
1723	4785
2526	4808
1821	3920
2653	4336
4454	5157
154	3920
469	3169
1723	2887
3245	4704
1123	2857
741	2869
447	1663
2653	3887
582	1577
2089	3556
1435	2353
2526	3069
3992	4849
3141	3975
743	1295
559	2355
126	4229
3169	4036
2318	4861
992	1113
1206	1366
774	4141
2211	2983
255	4879
1656	2324
1783	3976
120	941
3295	3320
1495	1513
1947	4229
1434	1995
2322	4154
1138	2970
1245	4275
1770	4124
374	1455
1753	4255
96	3247
1773	3588
4118	4170
834	1723
1753	2215
36	362
2315	4349
658	3598
1235	2496
1363	1555
860	1421
368	3172
180	3843
5108	5215
1206	2582
2603	4071
3552	3556
741	1969
836	933
917	4784
3331	5154
1277	3710
4210	4626
38	2630
2663	3773
485	4784
525	3169
1206	2586
2318	2916
2158	2790
4762	5154
1664	4725
3381	5032
939	5160
588	3167
2653	4371
4229	4263
1532	4385
1131	3358
486	2213
120	554
4705	5021
2499	3992
1028	4229
1363	5100
2608	4347
977	5132
380	1203
330	4783
3045	3907
2031	4469
581	4484
3396	3934
3157	4796
2539	3596
1765	3169
1311	4963
717	4111
4347	5057
1010	2036
235	2054
1047	4347
3603	5215
486	4879
2318	4729
554	1494
3169	5046
120	4663
3664	4136
1549	2561
120	3556
228	3169
3755	4347
4347	4756
4229	4275
2187	4229
1821	4073
348	3229
895	1147
662	2135
819	2889
3387	3771
320	1040
2222	3719
2158	2222
120	5254
2052	2144
1531	3637
2863	2970
3157	4493
2394	3169
1697	3618
1227	3987
120	1801
2887	3648
2653	4106
3352	4784
120	542
2500	3920
1447	1680
154	3435
2670	3070
942	1133
1071	3575
895	4393
31	2542
2462	4706
760	3755
4627	4752
3999	5215
3167	4752
1980	4229
2749	4905
726	5160
3169	4805
1206	1355
417	1646
2112	4095
1007	4043
2239	3992
1331	4347
330	3510
881	4229
1423	4466
1479	1571
2408	3366
67	1944
3169	4473
741	3960
135	4217
1577	2006
1133	2115
120	881
3368	4347
4285	5176
1206	1626
1692	2107
794	1565
1206	4521
36	2935
352	982
1606	1981
1974	2961
2526	3928
1331	5215
1030	2024
133	2634
4690	4756
74	4853
191	5132
739	5049
1462	2823
2749	3970
1555	5145
154	3792
440	3627
2608	4189
1434	3345
1447	1572
1293	5154
1295	2109
1057	2303
2158	4162
916	2526
1565	3896
2229	4725
313	1203
716	3963
2545	3992
2569	2701
277	3803
442	705
3087	4347
2231	4383
135	235
1602	2229
3157	5188
120	2889
1373	1478
3104	3169
4713	4808
1232	2570
739	972
588	4849
1697	4663
258	4466
397	2089
2211	3280
2135	2312
648	913
1140	2559
990	1086
1577	4725
1206	1577
5103	5202
1807	2063
2875	3169
1513	2887
1860	3981
1111	4431
588	3920
3477	4217
120	1047
2031	2318
588	1672
2894	4988
1678	4963
1533	4611
2993	3931
290	3169
96	4109
191	990
940	2724
2890	3111
992	3686
483	3169
3411	5061
566	1122
1072	1974
4229	4570
120	1229
994	4052
1435	3320
120	5044
2356	3960
1555	4923
1489	3626
1861	3920
1225	1942
120	1277
663	4085
137	1837
3382	4370
1555	4111
3160	4888
599	3710
316	3111
676	2732
280	1769
2158	2789
2764	4973
232	1558
989	2663
1107	1273
2284	3566
80	4904
2211	4612
1138	4402
559	3686
1393	4999
69	4960
1434	2161
2428	2583
155	760
277	2789
54	662
1435	1753
672	720
1627	4484
2706	3792
1759	4850
1295	2393
3548	4086
2094	3313
1565	3588
2940	4852
457	4260
496	540
789	2529
1570	4484
38	3593
3710	4608
881	2887
1615	3259
499	1111
566	1435
1532	4237
4058	4229
589	1770
2099	3169
270	2387
501	2653
154	4608
2211	3975
588	4229
120	154
1531	4732
2993	3426
354	4785
881	1493
214	5153
4820	4825
739	3169
1047	3352
320	1576
2589	2912
120	4459
4663	4817
1602	2970
1206	1561
3184	3228
2211	2304
3529	3623
1513	5215
1792	4229
4677	5154
120	3612
2182	4058
571	2654
2021	4255
1980	3169
1736	4191
864	3888
4752	4852
3160	3708
3578	3975
3593	4714
564	3663
2115	3450
4229	4301
1861	3141
1627	3111
1479	2845
1489	4170
878	4807
2529	4663
3295	3628
4469	4923
120	4264
1338	4612
1741	2130
1050	2021
2564	4904
2797	4454
404	1199
2878	4229
360	2318
96	516
710	4687
290	2318
2775	3169
1601	1777
428	1080
2988	4229
2526	4646
3363	4841
4229	4512
4229	4697
320	2956
368	2318
1493	1821
1455	3293
1018	4970
104	2612
333	913
2653	4750
1555	4686
1952	4229
1206	1545
1455	4775
1462	3667
1111	1602
1736	4662
2356	2899
3344	4229
576	5127
1200	3707
2827	5196
196	4777
1338	1602
3218	3821
1111	1338
92	4555
120	280
1947	4494
1094	1878
235	2582
59	4229
4229	4541
1626	3331
1010	2722
4141	4262
120	3126
2294	4229
906	2107
1856	4454
597	2653
207	4178
320	1577
17	3803
1555	2508
383	1928
624	2560
172	4484
777	1555
1837	3874
1455	3229
2755	4332
1435	4229
3043	3169
17	4646
120	992
17	3169
2109	4193
406	4600
1057	2092
1901	2967
1242	2892
400	1149
1243	1445
1555	1985
1331	4738
3773	3858
561	1533
3975	4124
2616	4229
2408	2819
96	1133
1455	4199
772	1290
1524	1895
1549	3598
1649	3160
167	1117
2870	5154
96	599
566	4873
2123	4519
2158	4727
1821	1901
3320	3549
3856	4141
802	1949
255	2983
992	3623
943	2589
1209	4879
3588	5175
348	858
2318	3245
739	3153
1338	4641
120	4225
1007	1778
4311	4778
235	3834
717	3169
620	2559
4459	4888
297	990
3324	4229
104	3950
104	884
4203	4466
3924	4229
2970	4608
120	5092
1602	2720
302	424
4346	5196
773	4888
320	2225
2559	3846
120	2871
1837	2387
1133	5161
648	4347
387	4914
1916	2105
918	3229
2123	3952
4162	5181
320	653
726	3331
1447	2582
970	3737
2887	3920
229	4301
951	2393
4229	5161
720	4348
1533	1618
4141	5215
120	5169
2158	3926
1229	2431
566	5148
445	3297
1577	3136
2616	2887
2857	4229
1284	2708
3755	4873
1173	5092
1839	3169
1112	3904
1270	3169
3637	4799
1080	1555
354	4547
320	2158
2012	2537
2993	5156
2393	4729
747	4547
2267	3892
2653	4967
1571	3381
943	3169
2973	3169
3169	4419
191	1194
2378	4970
92	2244
1555	1821
4663	4841
275	5127
354	1273
2653	3141
3428	5176
296	3169
1070	1129
3596	4540
711	4229
2108	5175
180	4141
1493	2991
1206	2393
2732	3005
1719	3540
1333	1577
2539	3556
3169	3937
120	4867
944	4347
1555	1780
1736	4493
221	3171
686	3710
1435	2993
1571	2722
4494	5103
582	1741
3618	4973
2424	4122
3169	3665
773	3128
4873	5146
3472	4954
322	1861
4841	4970
120	4958
3042	4229
3141	4706
3100	4141
1138	2059
3005	4960
3675	3962
1113	4967
457	3810
4315	4347
688	1861
703	4370
358	3169
1861	3975
662	1555
92	4180
167	3212
1861	3169
316	1342
2222	2318
1878	3594
320	4577
2637	2653
3624	4899
92	537
92	4031
2408	4676
554	2749
2212	3665
258	5160
1533	4627
3167	3549
2408	4687
1559	3737
2048	3682
3381	4338
537	4402
4347	4879
1555	2875
2612	4904
154	3144
2582	2961
4756	5171
1165	1656
359	4736
1697	4453
2889	5204
2540	2789
1692	2545
1044	1435
1646	4725
1347	1464
686	1577
4727	5177
3368	3706
2663	4852
211	2117
692	4608
2073	2213
2211	3025
2558	5217
37	2887
2899	5020
4263	5227
5074	5227
135	4714
2204	3169
970	4141
2857	3660
2653	5208
2117	2827
819	3169
3893	4608
222	1654
1561	4613
320	2589
1578	2509
2373	4347
711	2991
1759	3873
1295	1602
582	2989
453	464
2641	4888
1561	3546
4542	5188
120	1956
314	1555
1565	3411
2431	2610
4285	4408
3153	3358
3603	4144
1595	4173
1565	3856
1425	1770
1295	4945
2153	2749
4141	4807
1373	2871
2559	3710
1649	2971
2046	4521
3884	5160
3157	4347
3146	3548
1533	2448
362	1984
361	2078
700	4493
460	1574
97	4539
3594	3893
1928	4111
137	354
658	686
92	196
4905	5020
320	940
1455	4660
802	4641
475	510
1338	4347
1603	2775
4229	4596
120	717
1293	4263
453	4107
3440	3594
1555	2716
1070	1984
355	686
4679	4963
69	191
4466	4988
2665	4385
1741	1881
1338	4727
559	1176
1447	3468
4087	5044
137	2332
1293	1555
990	992
2196	4229
196	358
1359	1478
741	3091
1007	3016
499	4163
120	1173
1493	4229
347	4412
3258	4377
3028	4796
1876	2653
1447	4371
235	4217
1356	3320
352	1270
676	3368
3255	5215
354	3331
3095	4841
1532	2537
120	1861
2751	2989
354	599
174	2887
4973	5012
2529	5148
97	191
2154	4536
191	989
235	4427
2158	2508
449	1284
825	2318
2040	4905
352	1646
1113	2451
104	1577
3653	4714
87	4229
1577	1601
92	4412
362	2797
381	4874
1537	3169
4856	4967
1565	1780
142	5021
2940	5118
1656	4843
3546	3882
1334	3988
1078	3169
1338	2158
588	3381
1206	3169
264	3045
4229	4473
1031	2653
453	3245
1347	5036
17	2211
17	1969
1331	3141
1723	4609
1293	2827
1297	2158
992	3969
104	4220
1425	3021
104	247
37	3478
1401	4608
4085	4347
1206	2099
599	1685
2052	4229
2394	2735
3280	4055
1080	4582
4031	4950
1181	3621
713	5079
1016	1129
129	4402
2085	4122
857	4852
2540	4229
1494	4608
347	1295
1555	4667
561	4704
2427	4275
3478	4608
933	4229
3000	4454
247	1398
3621	4383
589	3245
379	4229
2222	4776
3472	5154
3295	5242
582	3710
3025	4608
1235	3368
120	3962
686	4347
1107	4714
609	1995
3169	4972
711	4734
839	1753
2539	4285
2896	4199
640	1413
1399	2479
705	4306
1082	4853
1214	3623
1942	2889
1462	5047
1284	1603
1455	1566
2408	4663
1206	4203
4789	5021
2854	2956
1413	3596
589	781
320	3964
417	4729
2587	2939
4963	5008
1992	4784
2653	3896
1656	2047
1423	4141
1656	1984
37	4842
582	693
3015	3169
1625	3510
126	1050
1555	2789
92	3755
320	3464
1321	4178
561	2479
4193	4752
760	4106
1113	1235
711	4275
3396	4770
120	4301
2158	3158
235	1412
2318	4513
4262	4756
330	658
4111	4613
320	3663
290	2117
1723	2870
2204	3832
1753	1786
1212	2223
3157	3517
783	3169
989	4461
362	2887
1626	4229
1772	5021
2887	5046
2539	3109
3295	3549
601	814
96	4217
2158	2428
1432	2213
1856	3014
2072	2993
1429	2537
3169	3802
3637	4178
1073	1555
957	4141
461	819
3169	4581
839	1821
779	4275
133	1285
3158	3790
663	3560
1070	2887
816	4331
2051	2717
2223	4178
4467	5008
1778	2653
1741	4320
2152	2158
2051	4347
3258	4106
37	3556
1489	3167
1753	2887
1773	3169
2589	4624
320	667
700	4431
2164	2211
244	4519
661	1244
1555	1991
711	1861
3998	4729
1333	2158
1555	4529
1741	1801
1044	4229
4405	4454
1646	2031
1080	2979
316	1927
4122	4519
529	895
3515	3596
786	5212
4229	4664
564	2586
348	1356
2008	4383
2889	3468
941	2653
618	5100
1555	1753
2166	2720
2749	3421
609	4107
74	2589
2477	3889
1225	4275
2099	3478
4141	4585
1427	4529
1290	3363
1555	2319
1331	1786
990	4372
884	1984
2373	2654
607	4141
717	2051
4840	5142
2970	4923
936	4345
1103	2318
566	717
4229	4708
693	3169
2970	4493
551	1549
58	1555
2653	5103
135	5021
2222	3160
3169	3999
3648	4612
857	2663
129	3998
2211	2889
2581	4933
1985	3169
2315	3596
295	3588
3768	4141
3157	3566
221	2887
1549	3627
1807	4738
1780	3169
735	4906
1133	3477
516	5036
1235	2737
275	4531
3975	4141
1561	3169
2597	4926
1565	2649
2887	4124
944	4116
1489	3549
372	3169
3169	5114
548	4954
5021	5241
990	2887
954	1038
2654	4109
1338	4608
2318	4727
1447	5114
597	3975
1025	1601
516	2889
1555	4332
96	1447
662	4608
299	860
905	3169
1347	4459
3169	3366
3846	3992
2749	3527
3081	3169
2021	4210
96	1455
1555	2654
2368	2812
120	1959
3169	5004
1058	4391
1111	1295
3518	5100
352	447
120	1232
3549	5156
551	4383
2749	3560
3834	3856
561	3169
3675	4848
2051	4229
320	2608
1381	5020
137	4347
773	2928
1336	2653
3935	4229
4160	4178
901	5184
233	2560
797	3524
1200	4688
1627	4909
3144	5032
1343	3813
2540	4576
1555	2052
229	3169
196	990
302	3169
2318	2936
4873	5241
3549	4154
4122	4564
1644	4264
1646	2158
269	1078
1555	3491
2755	2854
713	4796
469	4608
1080	1427
1574	4229
2892	3020
374	4641
2094	3169
1206	3802
293	4663
2324	4141
2937	4663
120	3515
3426	4768
235	3366
2059	2970
3157	4677
1450	4383
235	5020
1421	3477
191	196
794	3421
4178	4654
348	944
1611	4776
3426	5215
120	1129
3069	3548
3320	4590
2388	4229
667	5160
2211	4688
1072	1770
3109	4589
126	529
18	5118
2961	4461
2529	3517
2539	4124
104	927
1697	3317
104	4052
1497	2967
1331	4203
120	2582
3596	3648
1206	1780
69	4285
3137	4845
1434	4577
3023	4649
1780	4727
661	2888
2318	3882
3212	3778
2529	2653
1531	4453
1545	3592
44	1602
997	1555
1481	4013
438	3160
2024	5021
971	2890
120	1312
120	3015
1031	3169
433	4320
982	3966
1229	4888
3070	4229
417	1602
37	3258
87	4178
1244	5241
100	4734
1522	4178
4225	5154
2979	4229
2158	2526
2231	3665
858	5215
1273	2775
120	700
4315	5215
1038	1561
1697	4871
1692	4487
1555	4162
1210	3169
2526	3017
2581	4841
1646	2970
774	4963
1807	3062
3562	5227
3498	4582
320	794
705	1555
235	1103
1435	2820
1574	1808
1555	2158
1111	4725
2025	2861
1555	2014
51	4290
2784	3169
1181	1785
260	954
882	1025
2542	4993
905	1555
3540	5204
1495	3302
2123	2612
4013	4841
2615	4967
2890	3069
3272	4229
4229	4918
713	4576
977	2749
1494	4229
1947	3976
841	3023
2991	3578
92	1901
1111	5177
3755	4963
247	1555
600	2854
1421	3302
1022	2499
1770	2318
120	640
540	3169
1347	2130
879	1227
2117	3358
3169	4275
1555	3157
4950	4973
1561	3998
779	3653
2607	4841
1555	3665
120	5156
3169	3205
703	2970
2653	5113
2052	2158
1610	4178
3426	3904
2603	3621
433	3919
1565	3169
716	3498
2211	3144
2161	3345
1555	3515
4466	5116
961	1244
2589	2894
1723	2913
348	3146
1747	4687
36	453
989	1176
1561	2393
1080	3760
1565	4627
319	4904
918	2073
648	1555
4347	4584
593	2970
2031	4727
359	1971
104	2243
2720	2993
4332	4841
154	348
2135	3681
346	4116
3169	4891
3834	4905
537	4162
2363	4267
1603	1756
1113	3966
553	1587
1927	5127
120	4884
1010	5156
881	4073
3169	4306
3331	4562
3627	5085
2797	4853
2289	2870
120	5171
406	4086
498	2537
621	764
1555	3448
3169	5227
588	3141
779	1741
221	3558
961	2332
1981	3169
1625	3169
709	2211
3444	3626
460	5217
3686	3707
368	5177
120	275
1577	4586
1151	2529
1985	2559
120	1993
2059	5241
4229	4540
662	2899
1095	4347
1094	3169
1165	4178
2318	3158
120	5097
319	3627
120	581
700	2892
940	3498
3121	5153
2989	4330
120	996
92	2540
4347	4954
277	3939
2749	4926
1018	3169
133	5021
153	2211
4178	4309
1227	2284
1235	3410
1587	1809
3846	4141
2539	3428
1860	2653
417	2393
1565	2164
235	4425
4317	4734
1435	3517
772	2408
4031	4960
1555	1574
1293	4729
2988	4393
1555	5227
717	2417
1347	2519
2304	5196
2109	5118
320	4056
4641	4729
3981	4178
663	4789
2840	3169
453	1235
484	601
2789	3762
1571	1574
120	1792
3928	4762
1427	1555
1538	1781
120	2991
1447	4144
4402	4729
17	2462
4321	4467
135	277
4589	5032
2394	2887
2653	4113
377	762
1901	5154
2706	4608
320	4533
1331	3504
3575	4178
1138	2887
2346	5032
1025	4596
120	3004
597	3887
4141	4168
2764	3153
18	2108
700	4909
1874	3044
3258	3435
1167	2526
4178	5204
92	4162
96	299
1493	2479
910	4853
4229	4589
1384	3624
2158	4666
4306	4970
2869	4106
397	2781
1901	5184
1956	4178
609	4178
3478	4473
483	3975
120	3575
411	3258
485	1273
2720	4651
2314	4849
1314	2408
4267	5241
3012	3261
290	554
1007	2281
3556	4608
1080	1338
1347	2603
4734	5208
525	3293
1974	4963
3331	3411
3920	3975
1058	4529
4178	4963
1400	4736
3440	3447
1753	2827
2481	3904
4674	5160
2526	2764
212	2749
320	1082
2701	3790
167	663
939	4493
359	882
277	1455
905	2158
1370	1606
2500	2581
1759	1995
597	1842
2388	2939
663	943
1070	1080
23	319
1944	5215
437	2249
121	5233
3017	3920
1327	5208
401	2417
319	5085
1736	4407
2161	3169
588	4347
3167	5154
2319	2654
3144	3381
1138	4260
2560	3548
1522	5007
1786	2356
1133	4625
104	4346
2708	4229
385	2936
561	1555
3552	4849
120	4552
3931	4778
3153	4383
1741	3621
2130	5036
2749	3411
260	1524
918	980
265	640
3975	4589
1901	3169
1335	2545
1447	3907
881	5021
3021	4666
1861	3575
1574	3923
165	736
3907	4028
2542	3218
3998	5177
4229	4333
663	1577
2346	3144
3109	3920
1753	3167
559	3046
299	663
2099	2318
4087	4151
1561	3907
277	2761
1753	4225
3144	3920
3888	3922
713	1235
3621	4466
4315	3898
1137	939
4529	1206
5191	524
4963	2737
3331	936
3762	464
4229	2896
1338	686
457	120
4349	2214
2653	1297
4408	18
5100	548
3578	320
3638	371
1602	1555
3448	1151
4687	4229
3169	1767
2637	1565
2211	1021
1331	548
5196	27
5113	2500
4849	154
2303	1741
1446	1435
1489	1038
4402	1555
4891	4347
1878	1606
3998	1555
1736	1164
743	686
4469	2393
3160	228
1928	1780
3627	1861
5114	1493
5208	588
2665	882
3756	3737
4521	1741
1723	498
4756	3109
4200	3664
2935	989
895	380
4841	4714
3331	2735
5047	137
5215	1493
4141	3673
3016	2211
3920	2314
4229	4013
3017	120
4577	733
2870	739
4040	381
4225	700
1565	1103
4841	4205
4954	4405
4608	1133
1350	918
4229	4037
3144	2701
1718	588
600	356
4093	265
2608	1705
858	290
3167	1112
3262	2025
992	989
5154	1493
2749	1013
4229	1504
5020	3782
3042	895
3960	3686
4372	3924
4027	2212
2797	1070
1646	1338
3920	918
3169	1297
3169	989
5021	1566
1876	755
4229	1147
5175	3052
2211	711
4729	3882
3000	453
5241	3368
4752	1741
4973	2610
4679	4255
2589	1538
2610	277
4612	1813
5215	4899
4141	36
4501	3707
3586	120
3931	2481
3756	3393
4380	4229
1345	781
3627	3023
3904	2936
4229	3556
4408	4113
1995	1427
1942	1882
5188	1608
4570	3184
3975	2827
5237	1532
1203	111
4963	4028
4168	1861
760	92
2827	154
2991	2653
4275	3368
4275	1572
4141	881
1672	1297
2559	1974
918	600
2612	589
3228	1555
139	92
3120	2749
3988	1697
5254	244
1786	501
4229	4106
320	21
4360	540
4869	3454
3624	1007
755	599
2225	1555
4408	1018
2851	446
815	320
5009	4141
5156	3426
3358	2526
3028	329
3169	1928
3169	3061
4229	3406
3169	1271
4229	3558
3856	2603
4178	2078
3529	1080
3686	120
3843	2181
3477	96
1627	864
1555	232
4154	280
5215	348
1636	120
4072	2346
1892	917
3981	2641
4124	2827
2540	330
1901	713
4229	501
2388	1350
1206	830
4706	1025
882	719
4714	1350
1971	1780
2439	2117
1458	314
3920	3755
3167	313
3012	1010
2439	2229
3169	212
2308	1878
1425	942
5010	3710
4348	1120
5021	2202
4229	600
599	277
2993	1038
4686	566
4704	3141
2222	773
4111	2489
2108	1010
4053	191
2418	961
5020	359
4217	1759
3293	700
4405	4205
4178	1568
4734	1423
2040	1759
4585	3707
4311	1489
5021	374
4412	120
2669	1944
4717	120
3548	2462
4428	2546
1846	120
2863	2026
1777	1464
4909	3773
3137	111
3417	1206
3510	29
4586	4111
4408	2954
1489	313
5143	1777
4453	2970
4848	120
2213	104
4229	121
1568	1493
971	806
2318	1776
4784	2158
3896	1133
2452	180
5114	320
4519	2078
3358	2408
5021	4174
4705	2735
4697	2088
4141	652
4687	2654
4232	705
2967	2373
3843	1625
4796	3653
4904	3627
4899	2352
1555	371
4241	4178
4086	461
4963	3410
3628	3626
2408	1164
1295	1138
4178	1287
5234	1293
4141	685
2024	1741
4180	3596
3169	1533
4141	3970
3282	1565
4073	713
2797	599
4408	1985
3169	2894
358	96
4314	4178
1175	120
3229	498
2589	336
3803	2661
5227	2158
2318	1447
5184	3636
4727	2970
5118	2663
3169	2659
4429	1656
5188	2166
2529	1438
3593	348
4729	3169
3169	1753
2887	2211
2892	1686
4464	3158
5073	4714
2641	2434
4809	3548
4663	2870
4315	1495
1586	1273
1777	359
4873	1270
4989	4229
4459	228
3907	3141
5114	96
3498	2735
4493	3596
3169	546
4383	3846
3017	2435
2720	2529
4484	120
1672	483
3593	2012
4220	2887
4229	2073
3963	2161
4229	2854
3509	1655
3169	381
4058	1131
3548	38
3183	1741
2851	2708
3169	1384
3790	321
4141	3468
3380	3160
621	79
1549	319
4168	120
5074	1555
3686	1446
2515	2158
3984	1969
4869	2956
2393	1602
3160	1656
3696	320
4841	1362
641	295
4429	120
1133	685
2887	703
4178	1756
3119	320
2211	604
4028	2356
4229	3488
4086	3920
3600	235
3509	3448
244	79
3169	2131
4141	4137
2526	321
4756	3535
4608	1995
1533	600
1497	906
1447	510
3803	1047
3510	2078
4902	881
1489	120
2314	1311
4301	320
4582	1565
4428	3218
2158	2059
3910	180
3686	180
3598	1723
3598	1878
2831	120
2641	1229
4873	3887
582	564
1010	559
3970	1555
516	348
2630	2318
4141	1297
356	92
2988	895
942	358
4347	1293
4608	2152
3556	3331
3893	1981
4608	997
3843	2352
2393	1138
2318	1295
2303	663
3888	15
5020	4371
3302	1587
720	553
3015	1533
4189	1531
3782	2749
4454	3749
4856	663
2158	1295
2815	1555
4320	2109
3960	992
3084	1164
1058	354
4776	1541
5155	1574
4141	1021
3440	330
3855	1432
3004	2399
2663	97
2907	1021
3920	3358
1821	881
4043	1555
1741	119
4447	4202
3472	2961
3755	3109
3042	348
2051	129
2654	940
3887	2322
653	559
3169	942
4263	1467
4596	1777
4166	120
3682	3111
1080	739
4577	1656
2076	263
1807	120
354	270
4954	3975
5196	4178
3167	2993
2417	620
3169	2304
657	221
488	120
4725	4229
2211	380
727	104
3128	1656
2894	759
1316	913
3025	1655
4622	2653
4275	125
4972	17
4178	606
3381	2569
1601	1229
4993	814
5021	120
4331	3215
5100	4349
4347	3653
3169	3004
3546	2970
4993	2670
3596	348
4914	604
4111	3084
3896	2720
4267	320
4229	990
5145	2318
4260	719
2211	597
4383	348
2582	599
3358	348
5175	4905
2642	1723
4963	1780
3169	3072
4613	176
3710	1577
1235	588
4163	3169
5021	4162
4845	1867
2936	2916
2500	2318
4529	1162
4589	4162
5114	4613
433	120
4231	1206
4141	1975
3626	1356
3020	2775
3896	3834
3169	1095
4734	4058
4162	3478
4750	4178
3153	290
1770	1038
2539	1133
4229	3000
4107	2315
2749	1664
3920	537
4845	561
5113	3334
2993	1356
4347	3411
3637	1928
1565	1450
561	96
4229	710
4203	235
4107	2610
867	92
2615	2500
4332	2854
2213	1861
2318	593
3411	2526
3222	3157
2332	1741
5116	31
3922	3588
3815	1359
3281	1723
4405	3358
4178	3160
3627	662
3169	1429
4111	1792
1047	566
3228	2539
2991	1423
3169	294
4178	3127
2583	233
2887	516
4519	1878
1656	1568
3758	3169
4141	3621
5188	4319
2615	348
3302	1809
5208	4229
4162	2903
4600	96
2887	1129
3258	726
1723	882
4804	2452
3839	2158
5010	1555
3454	3149
4529	3025
2477	37
3626	2993
4017	3169
2222	359
3549	3417
4193	352
4383	3673
5132	989
4071	3169
722	161
4704	120
3540	2889
1780	556
4630	3169
4401	559
2108	1206
4229	3667
4229	3281
4178	1347
2857	1052
2612	2352
1533	944
4627	990
5234	3040
2526	1705
4229	754
4469	1138
5100	3411
3668	320
4608	881
2603	1649
3839	196
3524	120
3000	1656
2161	1555
3888	1952
4963	3141
4178	2112
3477	1533
3169	2936
1438	320
4371	1458
3922	3526
4141	688
1541	387
3596	1813
4044	564
1025	177
5229	4229
2205	821
1566	320
1561	1138
4124	3258
3664	3170
2892	553
1611	359
378	120
1133	133
711	320
4260	2309
3169	1615
3120	92
5008	4225
1770	1653
3196	1043
3084	2526
2211	294
1555	319
1533	848
3678	3169
1070	275
5177	2158
3160	2223
4973	29
2816	135
3478	1113
2887	1531
3282	1809
3295	806
4849	3920
4454	2322
2956	120
4372	1562
961	882
1421	1373
2749	1726
4347	3031
4687	1252
4185	1821
3061	2589
1199	191
4555	4178
5021	4178
1783	1773
4679	3153
3920	3157
411	290
2164	368
3846	2654
4405	779
1533	1273
3536	1268
2158	1532
4203	2720
2318	196
5217	5181
2970	368
5154	881
5160	104
4113	3945
5021	138
2318	1555
1928	1861
2799	2529
4781	120
4608	1533
2318	2301
3893	1555
4756	4706
3169	2137
4729	4686
3160	2431
1770	1531
4494	2526
4841	1203
4402	2158
3477	600
1489	1435
3331	1133
1646	1602
3706	3169
588	196
4229	311
2196	1555
2706	37
559	356
3472	1974
693	424
3829	2612
1555	1455
2408	561
5215	994
4166	1626
5177	4402
1080	832
2368	839
4229	1846
2189	1577
4608	498
4229	1765
4608	4162
5021	3713
4648	4513
5047	1837
3169	2112
2663	1542
4969	3850
2318	1446
1574	882
2603	1608
4178	540
2887	2154
3351	3157
4850	2089
2518	1574
2021	529
842	355
4383	135
4428	1507
3229	1555
3360	332
5032	4058
4402	2870
1385	743
2408	235
3904	1941
4214	1028
4776	1273
2665	1611
2417	1770
4674	4229
1555	726
3000	2749
4641	2051
3169	1726
3598	1646
1953	400
5188	120
1466	191
3627	1565
2654	812
3638	120
5132	2869
2135	104
1948	1876
4736	739
4275	3621
2446	1723
4608	3258
3245	1555
1615	1606
1821	1133
1944	1294
4473	154
4141	3663
1406	663
3498	354
4347	154
5215	588
1995	759
4874	990
3169	1925
3250	1495
1927	806
4347	820
4084	3160
4899	2102
1753	553
1398	120
3169	2318
1555	658
4752	191
4922	882
485	320
5020	1568
4613	700
1890	1203
3888	3526
1423	277
4879	1050
2607	1206
4784	4615
4031	191
4178	3870
3169	2370
4960	4383
4734	120
4229	314
3454	3207
3640	2526
3011	1375
4894	3778
5021	3907
4317	2653
2417	1577
1161	601
3790	3044
3317	1133
3382	314
3169	464
2750	2089
2789	663
4168	2589
4752	2940
2866	120
4265	2805
4585	2088
3328	2775
4068	1555
5215	3593
2653	1447
2361	775
1493	176
1131	268
4428	36
4109	599
1259	120
3137	191
3309	693
2322	120
4229	1941
5177	3636
5188	449
3144	1363
3898	3169
4999	4756
4988	676
3167	2720
2810	1952
2059	1035
2089	426
593	120
3792	3381
4608	2158
1295	381
4514	96
3169	2418
4336	1656
4572	521
487	280
1239	120
3320	1203
2448	1770
4229	3435
3515	2589
581	347
2653	1381
5227	696
4229	1133
4967	51
1451	816
700	348
5002	1050
3546	1602
3358	277
4385	1025
4540	1481
4154	2161
2211	858
3637	1398
3169	270
3169	3100
4845	1576
2318	703
2373	120
3280	1341
4178	3612
3664	1770
2414	736
5118	1874
4666	196
2526	2451
1555	154
4582	4567
4044	3472
5241	3598
4093	3004
4460	1574
4528	1984
5154	3169
1133	561
4385	353
2993	553
5156	717
3762	1901
4332	277
4347	38
5225	4229
4141	3507
3363	2735
3546	120
816	290
542	320
4124	1821
5040	3169
4253	2190
3169	1619
1447	457
3395	267
1447	663
2870	2393
4895	3550
2212	971
3410	235
2899	2653
1568	120
3184	2012
4663	1602
2790	1861
3667	693
4973	3910
3369	3157
5222	2991
4454	2108
4852	432
2989	2008
4540	3382
3966	3169
1080	424
4371	3596
5229	2749
1723	1601
4874	2315
1111	417
4178	3540
3765	120
4727	3882
3169	1778
2356	1010
2393	1555
3260	3169
3637	1226
4647	3169
4093	2399
4513	662
3450	3169
4178	1578
3710	1176
3626	3320
2130	819
5177	1338
2970	320
2072	1112
1653	802
3169	247
4970	3562
2408	276
3120	120
4714	3887
4052	1861
4141	497
5021	1555
4260	2610
2318	2308
5079	320
3737	2580
4582	4086
4199	525
4347	498
276	120
3490	524
2970	905
3962	3169
4144	446
3998	1602
4229	3852
5196	975
1010	755
4178	4065
4166	2582
1555	1350
2040	516
1462	778
4610	2642
1403	120
1781	1010
4704	4051
2388	2373
3237	1302
5176	3293
4540	3863
2653	294
2408	711
1080	951
3492	1133
320	96
1858	245
2701	2289
5215	2408
4085	2887
2158	2031
4290	3517
4141	1209
3440	3024
1359	320
600	381
5177	1561
3309	1455
3153	2589
3907	600
1861	582
3783	3111
4608	700
3904	1356
1354	96
5215	3358
1489	601
4275	374
5215	154
4348	1179
513	461
4454	3410
3160	1288
4732	4229
4552	1173
3477	381
3043	249
3169	1723
5047	4785
5242	1356
3454	713
4576	1030
1971	318
4469	2970
3710	2970
5100	2615
4727	600
4762	3472
1777	1723
2031	1338
4229	1584
4676	1133
4727	4725
2889	2416
4372	92
3169	223
588	154
4867	4229
1759	1493
4888	1653
3687	882
4734	816
3592	901
4237	1773
2089	233
2887	484
4072	2701
4844	4601
4332	848
2826	92
5154	759
5176	2896
3444	284
4627	2211
2388	1656
5188	1705
2735	2634
5002	2021
3331	1212
4275	100
4608	1455
1151	260
3588	641
3988	3907
5184	1010
3678	1655
4663	943
3910	1555
997	609
4909	4093
2399	265
2416	773
3631	3169
4229	1363
1705	320
2158	648
1429	129
4315	3517
4750	1235
1555	1116
2720	905
4784	2154
2720	2518
3205	1447
4229	2665
5157	1235
4973	3382
4009	120
4954	2214
2654	1942
4841	3331
3713	3575
3710	2393
2545	652
5076	2612
5155	1948
860	797
1478	588
4732	2604
1451	1162
4013	3665
4926	3454
2451	1705
3255	1843
5020	2700
2318	658
4229	359
5148	1741
5100	4734
3562	2318
1541	1294
3331	1494
4547	1599
4624	120
4275	4028
992	772
4428	2797
1741	1206
1984	36
2732	1429
1479	1354
4785	961
4202	918
4739	1942
3986	1574
1447	1094
5222	1455
4529	940
1837	901
4963	582
2161	320
3907	564
2887	686
5021	3146
3043	1723
600	561
1984	601
5021	4891
3093	1726
4879	1759
3904	1489
4513	4229
5156	3931
3664	1342
4582	3976
5116	4843
2526	917
1984	275
4596	1941
3331	2857
4756	2244
1451	1133
3603	348
1312	417
1321	320
2557	1555
5032	4124
3169	1347
2720	1284
1356	1162
1577	689
1367	260
1650	79
5196	120
5043	3596
5021	2303
4969	2356
4589	2346
4754	1785
1493	1342
5215	3295
4311	3295
990	559
5100	3755
1481	939
4275	2107
4841	1697
3654	1878
4229	521
2737	1293
3874	3169
3220	3044
4285	2451
4347	1398
3832	2826
2983	2423
4608	600
3549	1852
1194	700
4229	154
4028	2991
4314	120
4178	2377
4408	4330
4739	2130
4713	2089
4770	4178
3504	2021
1555	133
4789	3762
3976	120
4848	3691
5146	172
4461	2858
3498	1412
4106	120
1947	332
4852	1741
3810	2352
176	120
3815	1500
4954	4349
4178	3873
5229	2012
4926	882
2970	1111
3548	2888
5215	686
4178	856
2393	1577
5085	2424
4796	2318
3665	2452
5100	1455
4612	2161
2733	120
3167	1203
5215	4106
4393	1717
4867	3012
4141	380
1451	609
4702	1985
2408	516
1574	96
4706	3621
4178	170
2235	927
4229	1843
5127	1016
2733	1133
4988	2500
2387	1334
4178	3900
5237	4820
2583	2387
4687	609
1878	589
2373	1120
1565	941
944	759
3710	1755
3158	348
1117	819
4109	2603
5242	120
3391	1620
2797	1507
1507	971
1577	943
2231	1741
2887	2048
4787	3169
4317	319
2587	120
4178	2724
1901	1753
4608	1363
2377	120
3673	2749
1595	1555
1455	816
4736	3758
4729	2887
1137	447
2665	1541
4909	4714
3526	1532
3408	120
3596	2717
1584	1565
5020	314
3169	3157
4582	4229
4229	330
4013	457
3975	1565
1293	277
3988	2783
2887	1780
4141	2390
1684	196
3845	2641
1331	918
4347	1646
5127	362
1022	457
2190	1207
4178	3856
3843	3627
3509	3169
2021	352
4547	2529
2555	1777
2946	2892
4237	1785
3478	3109
4850	1717
4840	3451
1356	1203
1429	759
2161	1403
3478	1455
4348	1903
4260	1576
5222	2408
284	120
4873	581
2418	1206
4970	772
1881	383
4058	1331
3548	368
4841	1705
4967	4555
3169	2582
1736	1384
2820	290
5100	588
2211	598
5154	941
4589	4116
5073	4734
4801	3169
5254	319
4852	3593
1555	1133
5215	4778
3810	3593
4954	4849
2701	154
3295	2993
4028	2161
3783	2630
4370	4031
1316	1022
2304	120
4873	720
380	120
4784	3169
2408	277
3169	2878
4926	2653
4999	582
4752	2109
2152	1080
3755	597
1555	1304
4504	120
330	29
2735	258
4739	120
1768	120
3169	794
848	600
3998	2393
4178	2833
4784	3988
138	120
2211	1656
5036	4739
4988	2146
4676	18
5188	1755
2158	778
4899	4879
3792	483
3084	735
2144	1287
4464	300
4229	4072
4124	588
4514	120
5103	989
4347	1538
2158	1095
1580	174
4347	1901
4873	4210
5100	1327
5018	2542
4053	120
4349	3109
2388	1147
3783	2414
4789	3331
4349	1489
4363	196
5227	4615
5047	1785
4383	293
2993	313
4592	3169
2314	537
4370	120
4540	3261
3627	1741
3870	1705
4704	1120
4627	453
4028	235
1861	1756
2749	1778
3850	368
3549	1927
4717	1574
1892	120
3920	290
4547	2956
2970	2393
5196	3124
2863	320
3710	2603
3660	1123
1574	180
4576	1603
1577	449
3169	1126
2129	320
4625	4613
4168	397
3843	3101
3681	120
5204	2223
5222	5021
2641	1273
3077	2887
4608	2887
3749	120
4144	1620
1726	1646
3870	120
2875	18
2870	2158
4229	139
3169	1611
4393	828
4891	1555
4841	3739
5132	3648
4891	4608
2117	2099
3593	172
2388	947
3550	320
4106	3120
5008	1020
3454	460
3922	641
2970	499
2540	27
4037	3636
2318	1780
1777	916
1248	120
2993	601
4178	23
1489	1287
59	58
3594	1606
4906	1123
772	320
1021	18
5032	2827
3169	1998
4729	1947
4393	126
3358	1780
3664	1555
2830	2529
2970	842
4909	2661
4954	3141
4229	376
3598	387
4085	174
5103	191
4052	3491
3295	1112
4729	4608
4229	6
4734	3120
4466	4168
3638	1571
4267	3686
4954	4608
1423	1028
4393	3884
2089	947
3821	120
4229	3015
3931	3272
3691	352
4235	3345
4905	4166
3366	96
2630	2604
4714	1830
4229	137
322	120
4714	1843
3843	3510
4738	597
5215	2519
5241	2540
1133	174
4229	3111
4032	2112
2894	1429
4663	516
1777	620
5154	3025
1555	739
3910	2589
4464	3400
2735	2052
4178	2737
2916	881
4856	28
879	260
4663	994
4412	172
1646	320
5032	2211
2661	299
2887	1494
4542	1555
4031	433
4627	104
1778	1565
1555	135
588	537
3549	1112
598	120
4210	347
2589	2056
3169	1379
1533	1214
1756	120
3320	2297
1235	464
1050	529
1695	319
3708	764
2089	529
1655	260
3920	2569
1695	1574
3988	1992
2653	711
516	79
1133	733
2589	1421
1743	1165
3713	235
2427	120
5076	589
2610	2388
3673	564
2047	1010
3903	354
5222	4734
1235	582
2916	1555
3229	3153
2211	120
3396	511
3557	1493
3258	154
4107	2559
4265	1010
3748	120
3317	1359
3015	137
5215	2916
3815	3628
3546	1111
4370	2413
5113	2582
2581	120
3222	2589
4085	3545
1565	277
4330	1565
4717	2956
4347	739
3334	2235
4229	3478
3710	1646
4843	1611
601	313
4787	1133
4347	1435
1577	674
2072	1489
1697	277
5156	1489
1524	839
4407	1892
2318	1638
1780	1481
3621	2211
445	120
4586	658
5222	120
4229	1655
4321	1998
2417	713
3874	936
5204	1933
5118	433
3548	2416
3169	2308
2318	739
2720	1753
3169	1038
3920	2539
3410	1656
4729	1138
4113	3665
4856	3157
3169	2222
2211	1649
4347	446
4736	4346
4347	3258
1541	177
5032	4849
5156	4609
1995	918
3618	320
1881	97
1516	489
1270	1137
4275	1423
2286	1984
5148	352
2294	1611
3169	658
4185	368
1435	1131
4973	489
2956	1995
4717	3382
4347	620
663	491
3771	348
5021	2991
3483	3169
5021	1492
4447	1016
4785	3888
3907	2539
1577	1493
3665	1532
4688	4519
2887	1481
4113	1565
2158	881
4349	2887
4853	1984
4229	1401
4072	380
4604	120
3085	406
1021	120
2887	1942
469	290
5021	4255
1493	1447
4466	17
5204	5036
5095	120
1697	1133
5234	3212
3169	27
3896	2483
1229	320
2235	96
3397	1206
1464	773
2878	686
4412	457
4960	3137
5242	2215
1555	533
5175	3627
5217	5155
3158	2314
2135	816
3588	354
3380	2603
4491	2388
2416	319
4199	1864
4898	4178
4970	2781
3738	3300
5018	3498
3884	426
3596	1580
1649	80
2222	882
5160	4229
5154	2970
3834	3498
4275	2823
4963	2823
4385	137
3664	942
3556	348
2589	906
3169	267
1881	700
5156	1356
4428	1206
5199	4371
4178	2761
3366	2529
4595	1345
4529	2318
5217	269
3255	2587
4393	3169
1537	329
5161	4616
5242	1203
2363	1555
4178	2812
3931	348
3157	247
2463	1010
4825	2158
4663	1948
3004	684
709	600
4385	868
3260	2332
3596	700
3157	1565
2935	917
4202	1451
4229	2332
5199	4229
3167	1435
2540	815
3169	1481
1013	690
4752	433
4752	2663
1741	939
3856	1656
3104	3023
4141	445
1947	1565
3664	2851
3295	1941
4973	4970
4734	1649
4288	4178
3710	2863
4275	3598
3232	3169
2559	951
3435	346
3141	2315
4817	1533
4626	120
3042	1147
4072	3792
2916	2158
1285	759
1813	1780
1493	1455
755	96
4663	1094
4454	4383
1537	686
4217	381
4590	4229
2691	1736
5156	4879
3489	693
3229	329
1723	717
2732	1692
2088	1741
4608	260
3169	609
1626	1565
4162	154
3592	120
4933	1753
4841	1942
4686	2749
5154	2213
3396	381
3988	2764
2452	700
4043	67
5227	3548
2851	1531
5021	3887
1494	858
1705	1608
1555	17
3710	2355
2529	1555
917	336
2515	1555
3169	58
4178	29
4727	3998
4785	3803
4163	461
2286	1809
5208	1206
4229	2064
3169	2829
3987	3008
2355	120
4111	2720
1288	739
5229	4714
3069	119
3648	1928
2318	1646
4849	96
1038	155
5215	1901
4202	1577
5020	4604
4178	1463
2653	2607
3710	994
4345	1837
1646	1295
3493	277
1756	717
4785	1462
4687	4371
3144	588
1227	120
354	320
1016	275
5021	1038
2717	2356
2653	1761
4385	2878
1949	773
4347	1384
2956	1373
4529	3169
4902	1901
3169	2655
4589	4124
3368	1684
4043	1783
4417	320
5177	2970
1672	1555
4383	3856
2244	1312
2995	277
1981	1615
4967	1331
2452	2056
3169	2135
2451	1861
2388	828
135	96
3169	2122
3882	1646
5215	1047
2076	609
2537	743
5021	1739
3867	191
2890	806
5171	2961
4229	1185
4663	2211
1555	1533
1256	663
5177	2393
5154	722
4676	4229
4848	525
3128	2653
2990	2089
4229	4202
3358	294
1852	1297
3509	686
4229	2970
4622	1656
1350	277
3144	483
3112	2653
2243	1206
2196	2158
4237	3169
1627	939
5160	982
3169	177
4141	814
2894	2732
3320	1489
1785	354
4608	3492
4582	290
4879	2983
4973	1131
4347	3937
5202	2887
1489	155
4348	2892
3803	196
3071	2318
4028	2983
4819	4229
4663	3769
2526	2318
4627	1302
5154	2089
4973	294
3706	44
674	320
4895	588
4493	3169
5156	601
4609	334
2158	499
4462	1555
3477	2408
1927	971
3454	1861
881	111
1532	358
4169	1356
1595	942
2603	258
5008	3944
4664	4347
4801	2582
4275	35
4425	4166
3169	2435
3667	3596
4219	2993
741	129
1209	486
4285	99
1577	1447
5021	2899
5103	4372
4267	2956
4608	1020
4275	2764
4967	1447
3069	1342
4031	1874
5184	599
4405	3552
1513	1466
4093	191
5021	2827
5095	3755
4229	2314
3331	1785
4385	1783
913	700
3549	1356
5157	5021
3908	2158
1435	705
4217	944
4124	2346
5049	3169
1399	1114
2158	211
4697	3169
1316	368
2894	1692
1423	104
2749	2582
3124	2569
1312	191
4729	2720
3169	53
4985	4178
1933	773
3636	2916
1447	188
3015	15
4385	1952
5254	4519
2384	17
2559	2303
4734	1206
3169	1948
4967	601
4576	2735
1741	1107
4401	320
3169	2728
2749	2243
839	27
1107	700
4319	3884
1867	700
1980	621
3737	3393
4229	3586
4347	3596
4739	1229
4267	29
2898	2653
5100	2500
2611	120
3667	3157
3596	3169
2879	457
3258	2158
4783	3440
3792	588
4348	2417
4347	703
3167	2851
4651	4229
3483	881
3960	1769
2653	794
2161	1901
3998	332
4891	4229
3360	1338
3920	2653
3549	601
1225	27
5021	4639
4963	696
4706	3920
3141	320
4654	120
2993	717
4750	4229
3628	3169
4237	67
4233	1029
3169	2970
4311	3904
3548	2154
4542	3169
1656	235
3813	3169
5134	1334
3735	1555
3888	354
1780	361
4909	1137
4677	3478
2158	1901
3725	3368
2318	37
2706	2158
4641	332
2870	1531
997	120
1555	260
5100	3141
4199	3428
3566	3492
5103	918
1780	92
4229	2956
4339	2158
1778	906
1780	700
3170	2936
5079	2603
5021	1507
1663	120
501	320
4229	867
3858	3222
1726	277
3594	1370
1533	1133
4370	92
4178	168
3988	2887
3792	2569
944	96
4229	4107
3920	3578
4572	1786
5127	1270
3992	1555
3101	120
4874	4347
5184	4275
3815	1040
1538	992
4043	1532
621	120
3169	1603
4738	4205
4233	1350
2775	320
3884	1050
3281	2200
2764	2164
4734	588
3931	280
5021	711
4229	530
2582	1565
2733	1038
4137	2653
4412	857
3317	2641
3518	3169
5241	1555
4311	601
3637	299
2051	1555
4162	3167
1780	918
2991	29
3834	2778
3334	198
2089	895
1717	828
1608	713
4993	3548
3773	348
3157	228
2661	879
4473	663
2991	1513
5154	4431
3636	3557
4229	3411
4371	1881
1697	1533
4229	88
4888	120
4552	2653
2663	2109
3893	1606
4540	3529
3464	1874
4031	1780
2970	2318
3015	1025
3157	1338
3627	2653
3843	3160
4666	1808
4315	1338
4275	2021
3331	3042
2286	1608
2615	548
2610	1985
4162	4116
5215	2970
4848	939
5160	320
4841	348
3472	2887
1780	1010
5074	2158
592	27
120	29
5156	3320
4079	3157
3648	990
3160	2889
3920	1481
3802	1284
5215	3628
3426	348
4663	1942
4191	2691
4729	2158
1917	160
4784	717
4589	588
3937	2158
4853	1927
1176	104
4466	74
1214	601
4315	1489
3228	2318
5208	3815
4408	333
2887	2393
1010	609
982	939
4013	2653
1179	566
4229	533
1985	1655
5018	4963
4229	3258
3815	1685
3771	2080
713	320
1532	400
3472	1777
2158	133
3169	44
1568	1565
4210	3593
5154	2289
3005	676
3169	111
3169	703
2308	1606
3762	1538
1580	1078
1138	600
4984	4841
4229	3334
5215	601
5222	2654
3493	3169
5229	3228
2451	703
1611	296
4113	2243
554	371
5021	3668
4229	2890
1705	354
2515	129
2724	913
1493	1338
4825	60
4506	120
3069	971
1759	280
4347	2540
4043	719
4178	736
1638	1555
2423	716
4540	3648
4641	2515
2654	276
1625	180
3031	2158
3892	2852
3593	1179
457	373
4727	196
3478	2539
3691	878
1861	474
1354	881
3966	2586
2875	2158
516	135
2529	2479
2223	802
1425	1311
4441	3169
3768	3028
4552	235
4162	346
763	120
1179	581
4627	2653
1656	592
4752	4539
4714	3472
4229	989
3802	160
3627	1695
2630	2414
1284	739
2749	2047
5156	3626
1565	135
3169	353
2416	120
944	600
2462	2322
3815	726
4210	1179
1338	755
3910	992
4232	1226
2755	600
1235	461
2749	509
4349	548
2608	1531
4327	913
2887	566
4970	3141
2416	2388
4585	1549
5021	3158
4604	2749
4037	1347
2589	2244
5124	3020
1942	516
4178	255
2653	977
4456	3109
5187	2318
5177	244
2190	34
3522	235
5234	4841
1736	1018
4311	2993
643	120
4345	2387
4928	2653
5161	618
1770	1538
1759	1574
1776	1555
1435	120
5118	3850
4116	135
1966	220
1009	400
3077	1723
3309	2158
5020	1656
4454	3245
4205	3755
1611	177
4630	2314
2021	1741
3043	1611
3540	1949
5021	2722
2222	1777
4608	686
4168	2993
2903	154
4841	3846
3288	882
3896	3557
3975	2653
4519	589
1861	417
4336	2749
2993	760
1608	320
2946	1948
3667	700
4547	3966
4275	2416
2318	881
4203	2653
3593	347
1697	348
4874	4738
1160	120
2596	1244
2318	1138
1777	1225
4589	2099
354	104
5118	4320
2158	820
1723	1229
4760	2318
3109	1367
1555	491
2603	2304
2928	2641
3260	1532
4154	2991
2936	600
3169	2009
4879	3454
4464	1028
4162	2318
2956	1133
4315	2887
2161	600
2529	1636
5184	2653
2653	661
3468	819
3545	2775
3237	120
3169	2427
4178	4071
2993	2215
3169	1173
5116	4784
4796	3169
4608	739
2301	2161
2797	1984
4348	739
4469	3964
4178	4068
3280	640
2205	944
1780	139
1555	774
1577	290
1638	918
3410	1455
4736	2318
4663	2854
3755	1455
597	50
4734	2887
3975	2315
3344	3212
4777	4663
4229	1551
3976	1458
4275	36
3281	1370
3417	1565
371	221
4229	3144
4332	120
4484	4412
3273	120
2653	2570
1672	1602
4210	1206
3331	371
3169	196
3920	2117
2612	676
3169	2536
820	120
3324	120
1462	1295
3293	2539
5157	4714
4970	2105
1555	346
5217	5063
3004	2117
2352	1878
4484	4210
4862	333
5175	4529
4608	1602
4493	2935
5184	3653
3017	2007
3986	2211
2211	258
5242	3426
4345	31
2158	1462
3169	449
5146	939
460	96
3834	2047
3157	881
4031	1719
2289	703
4371	2352
4168	3907
3981	120
1555	1138
5218	120
3596	1928
3578	3382
5196	717
4873	1179
4627	989
3907	2322
4639	3858
1599	1516
3169	2630
3831	2589
3411	2653
4160	120
4714	1255
4193	943
4031	1493
3169	244
3237	739
2318	1494
989	609
5134	2387
3478	3169
3400	279
4776	2665
3477	2529
2318	2052
385	120
3884	1306
1341	206
5240	2515
2356	60
4429	1741
2318	1561
4904	1695
4888	1882
4484	1559
2451	1555
3945	1447
2211	1455
4383	1555
4229	1287
2235	697
4229	1783
4784	672
2318	858
3896	564
3141	2749
1681	1522
5215	2052
5020	2211
2653	944
5103	2368
4229	31
4582	4015
1447	700
4408	120
4229	731
3391	879
4229	3600
2956	600
3815	461
2607	1435
4852	120
2064	120
2222	961
1421	1138
916	882
4610	3004
4760	881
4045	120
4467	4225
4031	992
2526	643
3896	3169
4219	4141
4360	120
2158	469
3137	1312
3675	516
5154	1338
2653	1047
2189	559
4950	3771
3815	1507
3821	1467
3293	2896
2158	739
4714	4202
3790	2887
2641	1447
5222	2749
4843	3169
2797	1685
2304	1393
2129	120
2603	96
1555	121
5157	120
4888	2431
3169	1794
2764	516
2634	1147
2469	235
4031	686
1080	972
4784	884
2755	1507
2653	2324
4154	191
4732	2775
700	314
4688	96
516	120
5184	1861
3686	553
4141	29
1555	137
3137	2244
4899	1638
2394	705
4229	3546
4519	3598
4217	1574
3988	2820
3436	1697
4734	1331
4031	277
3596	2653
4461	3648
2099	1555
4608	4454
4727	2887
3841	96
3901	3169
2701	588
3167	2215
4253	1780
3397	1235
4072	772
4402	2318
4513	300
4044	2749
2417	599
4178	3771
4493	1338
4852	1270
5085	4519
2954	1555
4873	4542
4371	314
5021	4111
4663	2416
5154	2483
4663	1533
4958	882
5008	4997
2887	1312
4600	3169
4888	2509
4528	1992
2889	2223
4655	3421
3207	120
3536	2898
2653	1941
2158	1770
4954	4756
2799	1133
4229	717
5241	942
5205	2641
3169	836
4970	1901
4608	3998
4777	1555
5020	374
5134	5116
881	816
4572	1998
2653	1780
2654	501
1447	942
4229	1050
4805	2161
2660	120
5184	4180
4178	1297
4383	2988
2610	954
3934	3758
5157	1565
5171	3109
4552	3598
1984	1927
4807	2589
1338	446
3524	320
2154	1020
3566	92
2509	228
5241	3262
1656	329
1627	280
588	211
1133	449
3084	1577
3169	175
5161	3682
3160	1949
3426	601
2603	762
3739	2708
4402	332
3395	2135
4503	1555
1947	741
2322	1206
3169	1065
4275	1839
4229	426
2889	2500
3904	3167
2211	1780
5199	1881
4687	299
3834	2418
1532	997
4909	3169
4589	3169
3628	2993
2641	2352
4547	561
3940	290
5095	5021
3258	2315
2243	985
1338	1138
4124	3596
5215	2993
2875	588
4408	2875
3552	3169
3483	3261
2641	411
881	794
1781	1206
4973	299
4412	1179
2876	120
2970	417
4608	836
3170	1577
3169	1350
5095	92
1949	228
4347	1770
5217	4677
1619	368
1777	27
4107	710
2051	1947
3237	2936
1463	120
1203	601
1294	120
4540	2887
3937	142
4879	3062
1070	36
2078	1601
4178	1923
686	348
3998	111
4796	92
1455	498
4514	2540
4704	1974
4347	4013
5154	2215
377	120
4973	4663
2031	1995
1692	1489
2222	1229
1447	755
5160	4412
5046	3667
4713	3556
2318	417
4484	498
4320	3382
5079	1705
1830	1107
1555	703
2878	1995
5184	5175
3380	588
4331	881
3755	2315
2665	1025
3960	609
3540	1777
1334	320
1206	982
2916	2393
3992	59
5008	1753
4608	3158
442	67
4999	4663
2289	1398
1555	464
944	816
1270	700
2863	1117
4235	111
3931	1636
3696	3163
4468	1010
483	154
2235	1974
1878	319
1047	348
5188	2545
2144	588
1878	387
2913	588
4162	3169
4785	1952
4111	125
3931	3626
4168	2603
3560	120
4935	3926
3258	588
3675	2361
1316	1206
3017	464
1928	1478
3598	591
5145	1577
1235	711
1741	352
3648	1481
4229	133
4461	2388
2878	1531
4725	1602
1206	548
2661	905
3782	120
3169	1164
1933	120
3988	1435
4347	1494
3046	1697
4178	918
4663	4217
3755	2301
4608	360
4641	741
4107	832
5184	3988
1636	1451
1753	92
5154	1244
1672	1493
3647	944
3345	320
4220	1235
1455	222
4873	4168
3320	601
940	489
4540	1813
3802	1842
4752	97
2603	582
5134	1574
4347	2826
2641	1785
4963	2630
5222	4714
3169	258
4229	1992
2078	511
4178	2413
2894	2887
5215	3229
4874	4058
1948	276
1578	120
5063	1133
1577	1186
5019	120
4988	3169
4370	2297
918	322
1541	359
3169	176
4825	4608
5020	4383
2827	2539
1235	28
5242	4311
4229	2006
1555	498
2720	957
3992	1927
4714	4331
3281	1878
5215	2615
207	120
3255	3158
3468	1464
1555	1338
4205	4124
4484	3593
4031	333
2589	1151
377	277
5124	120
3551	196
4677	1723
4405	1113
4255	529
3120	235
5145	1807
4178	1772
4412	1270
4347	2117
4166	1354
4705	1375
4141	1572
3510	120
1741	711
4663	2597
1133	460
4229	3850
4219	1656
977	120
4229	498
4302	3169
2416	348
5100	3975
4229	483
1047	553
4879	2161
3843	546
4043	1736
2026	1922
5074	2318
4178	700
5175	1985
4590	3594
562	120
2967	1995
3509	235
1913	1133
1606	356
4124	537
3498	2898
3856	564
3773	433
4348	717
4347	566
1717	1649
2889	773
4255	1331
2222	1949
4841	1723
3118	320
3648	191
2600	1206
2586	599
4347	990
3834	3012
3858	1421
3628	3167
5188	1131
3358	1311
1316	705
4174	498
663	212
3160	79
5251	1549
4220	700
2417	905
4407	2056
457	172
3205	1555
4229	3515
3464	3220
4347	1672
4963	4220
3810	1627
3575	2559
1881	314
2314	1113
2318	133
4849	3169
4589	3167
3169	2211
5188	1427
4519	1288
4220	989
825	686
4856	2387
4729	2970
4136	120
5188	1164
2417	320
3884	2988
1458	700
4178	717
3837	2117
940	599
700	172
4229	2827
1663	1137
1138	1111
3084	332
3928	3061
4229	1901
4347	3896
111	104
4229	1974
2749	1545
1489	1478
3169	2956
3000	1555
4454	4028
2318	469
3667	120
3899	3169
1450	120
4608	175
3834	1235
3527	2615
1284	1187
4608	3896
4627	3976
4856	4109
2318	60
1723	1316
2641	961
1809	211
3368	764
3157	1447
4663	1373
4484	1179
2352	1227
2322	2059
2654	607
3320	553
4584	1363
2764	320
1080	839
4879	624
3665	2580
5085	2078
3160	773
4963	4627
1070	362
2610	191
3012	1455
4385	3888
4706	3109
4993	4853
4347	2526
4536	277
4074	1861
4079	3858
662	244
2416	1949
3258	736
4385	882
2286	940
3536	1162
4714	1493
2857	1577
3153	2423
2939	705
917	595
4348	120
4162	3258
5215	4841
916	359
3100	1206
3928	3472
4428	1040
3100	453
4116	700
4286	540
2346	588
4513	2384
5202	3892
4229	513
990	989
774	120
3169	566
4043	997
1830	379
4235	3137
4945	2452
4229	1113
2887	1927
4383	4229
3710	1131
3920	2477
566	138
3998	2158
1675	705
1684	759
3775	1282
3593	1781
4914	589
4547	1807
4973	1942
4909	4412
4178	3256
3710	1608
4809	3218
4106	348
258	120
4706	2851
2939	320
3299	120
816	686
2887	2529
3245	2158
4841	1901
1602	593
2630	2289
879	299
3598	764
5114	881
3169	2724
4514	320
3710	1913
4141	1649
5132	990
4028	120
4229	2797
529	426
2887	2051
4453	3411
5046	1555
3169	709
4469	4347
4106	1555
5134	3169
4739	1347
4902	4085
3004	642
1555	417
4466	4267
4229	4152
4229	2990
3218	2797
3331	815
2435	368
5242	3626
5020	3454
4464	457
2368	2135
4973	881
3153	1753
1571	1570
1148	120
1777	882
4577	2749
3592	881
2653	1626
836	348
3546	2318
3394	120
3710	740
2031	1602
4615	1697
3934	540
2318	692
3648	92
1971	1611
5222	564
4285	3428
1723	6
5118	3790
5227	4622
3281	693
1356	155
4349	2755
4819	3169
4106	2887
2076	196
4998	120
4513	4464
3245	3169
2887	1928
4454	320
2956	592
4762	3061
3710	1206
1947	537
4189	446
4229	3357
5021	4841
1555	6
3448	2158
1985	1565
2526	352
1010	235
4393	4255
2021	449
4229	2158
3988	3100
5181	4229
4487	606
2315	449
5118	3044
2587	2408
4988	1429
4789	1080
4608	1295
4229	1944
537	483
5212	4229
4997	2048
3567	277
292	267
1692	676
4660	3410
4229	1971
4888	2222
3963	1295
4229	537
1555	175
3282	2286
3158	918
1684	676
2370	916
5215	3773
3167	1941
4056	120
1284	884
3169	1549
4608	2670
4850	4393
2063	1656
5146	3810
2519	348
4648	4464
4141	4071
3510	194
989	139
5208	4954
4372	3637
2749	235
4326	2540
3317	3117
4405	3975
4058	3109
4210	839
4357	1016
3957	113
1861	1209
2560	2499
4608	346
2158	1561
2408	294
980	120
3515	1010
1421	905
3169	3014
652	120
3920	2211
2755	944
1133	276
4385	1212
3596	1447
4052	2983
4874	1753
5057	618
1646	1138
2500	1577
5188	320
2854	2749
4937	120
3975	3169
1447	618
4725	881
5115	191
641	5
3440	762
2477	1478
686	655
4825	905
5227	180
3596	1113
2894	676
2222	228
3992	191
2413	120
4905	1656
4331	3424
3477	516
3896	3207
2749	317
4160	96
5116	120
3710	1455
5157	971
3169	2637
2899	2408
1933	1347
775	566
4290	4229
4141	709
4178	1236
4738	2315
3975	1206
4715	1861
1338	1333
1366	120
2983	1861
3012	2304
2863	348
3566	990
4973	860
5241	4048
3803	3381
1577	1451
2887	247
2691	1945
3509	1007
1928	347
377	44
4058	3755
4229	62
3545	918
5142	3167
2526	1555
1533	777
1533	294
3593	1137
2388	1222
4275	2991
1603	449
4714	4330
4782	492
1516	554
5132	1780
4229	4051
1555	816
2720	1356
4521	3169
3815	1373
3529	939
4141	276
1235	247
4555	1577
3023	2677
4542	2064
2916	1493
4141	592
4229	2701
4004	716
4673	1741
4888	2677
4116	588
3682	642
1901	276
2954	1565
2750	1015
3354	554
4285	1991
4393	1306
5196	553
5242	3549
3440	2970
4255	3884
4715	120
4873	4484
3498	2737
4954	3920
4852	3931
368	79
995	277
4493	3648
4166	1478
1541	705
2732	1684
3988	943
988	120
3668	120
1821	492
4141	4125
1212	348
5254	2694
4608	1293
4048	1445
4736	1288
2706	2318
3963	1555
3281	1981
4954	1338
4229	4137
4265	2139
705	498
4058	588
4909	3648
3758	739
1356	313
3169	2515
2198	180
2663	433
4383	3498
1555	1531
3762	1335
2887	2797
3169	2557
4116	3087
2582	1133
4759	3486
3944	3169
4874	3975
1354	1162
5177	3169
3008	2229
3146	600
4924	4229
5177	1646
5148	4347
1780	1295
4347	1697
5021	4166
3169	3021
2452	381
3169	2416
2892	96
2539	1206
4677	1948
1263	120
4935	2936
3331	2583
4493	1780
4552	67
4649	2078
3992	3593
2630	811
4347	1350
3042	529
2423	2161
3169	2951
2610	1312
3169	1426
5037	4714
2603	772
4950	4229
2970	686
3628	3012
4641	952
5047	2653
2869	120
120	42
3320	2720
2658	2589
2318	1723
4820	120
4178	4045
4424	3169
3169	2669
3896	2158
884	716
3867	1020
4229	4095
2545	1164
2036	1455
2222	243
4608	2630
2431	1653
4031	881
1770	1577
3012	5
2866	1686
3992	1684
2211	411
5227	2716
1780	1646
3169	1995
4473	2205
2393	566
3410	2529
1781	1565
1555	37
4349	3478
4229	3760
5242	5156
3169	260
4799	2733
2108	1447
4873	3529
4612	2653
2161	197
3987	1536
4466	2722
2870	2318
1837	31
3988	1574
5225	2318
2393	2051
4705	1513
3855	120
3664	2870
3773	1481
3169	255
4928	3157
5007	319
4013	944
2663	191
4845	111
3504	120
1716	120
1227	299
4383	3452
3491	2318
2603	294
120	87
2706	1293
1494	371
3691	3345
3874	31
4572	2205
3710	222
553	348
516	489
3664	1531
1709	741
1555	736
440	319
4539	2663
1995	676
4255	1601
2324	235
3091	700
4229	3157
4275	3896
3046	1010
3169	360
4888	2889
3169	3117
3169	497
3575	104
4178	2119
4454	3141
1133	559
3637	2558
5148	5020
4874	1331
3757	2408
1165	120
4407	54
4141	510
4612	1206
4841	1047
1057	662
2875	1455
1985	1861
5021	3515
4850	120
4473	211
4162	2827
4467	1580
4229	2424
2408	1363
3046	609
2078	67
3169	2076
5227	3686
1179	347
4229	3675
4178	1162
1577	713
2819	2318
2749	2529
3468	773
4178	382
3758	3598
4608	3245
4973	276
4028	453
3244	1565
2946	1331
4841	4454
3664	1333
2708	741
4347	3169
2040	1974
4330	4229
4210	1808
2109	1542
2560	1209
5215	3904
2935	1739
5241	120
4785	3260
1809	1608
4178	1584
4405	1636
4461	1533
4385	662
4217	1533
4229	1350
1343	662
320	42
2164	2059
4246	3130
3169	2954
4333	2089
1489	553
1306	104
4608	2031
4202	1206
4608	2014
3440	2384
3686	2764
4796	1455
4778	1356
5196	2108
2749	2637
4663	1513
4217	1165
5240	4229
4476	3169
3783	658
1293	1138
3648	1434
5171	96
2661	906
571	561
4229	1042
4347	881
3546	499
4676	3682
2781	1227
4319	2089
4849	3358
5188	2970
4349	3169
2612	658
2792	120
3755	1626
1741	44
3706	537
5103	990
4405	2539
3710	2146
1646	332
4229	2448
4178	1017
3144	2314
3969	1138
4185	1555
2764	940
1555	686
2106	320
4608	1111
3215	1555
3040	2130
5217	180
1363	1229
1947	1555
2146	944
3015	1273
5021	700
882	674
4275	3757
4408	3749
4784	3084
2529	1131
2755	1533
3664	3084
3109	1455
3627	2123
5020	794
2827	537
4113	1080
4706	3673
3803	1058
4473	2161
2318	154
2589	1359
4521	120
3444	1356
3354	37
3549	2607
120	64
3546	1338
3428	3293
726	111
2827	2314
2021	516
4083	1736
3215	1455
5157	3637
5116	5047
1455	881
5143	2805
1577	709
5103	1780
1717	824
4910	4667
564	120
4205	1901
3320	2215
3483	371
4612	3596
674	113
3478	3258
3769	2416
4831	120
3648	1813
2249	1878
4540	3169
4464	3366
3454	2519
4729	1028
3261	1901
5117	2158
3675	352
2394	2332
2021	126
4725	2970
5237	2537
4663	3739
2970	1561
3668	1741
2211	354
3169	1447
3169	3028
4784	1533
2377	92
4850	824
2823	2661
4407	2691
4663	1974
2225	2158
882	153
3363	1697
3070	2059
5215	1212
4141	4109
2284	320
2641	1574
2887	601
4288	120
3617	1401
4229	196
2887	1770
5176	1455
2836	1901
4841	703
2435	1516
1577	1455
3710	2158
4783	3557
3856	2653
4229	3790
3153	120
4756	4058
3228	2414
2970	2540
5032	4229
4784	3834
5021	1421
3815	1942
3578	120
4347	2979
5020	2653
4106	1646
511	319
3262	319
4469	951
5154	2851
2988	529
5156	553
2887	92
4589	2318
4229	1478
4141	3976
3540	1229
5090	319
2940	1807
2875	2701
3146	120
5156	4229
4311	1112
3117	320
4229	1801
1830	1086
4869	354
3045	1447
4879	3008
3548	1021
4626	280
3556	1753
5154	4347
3882	1602
3834	1379
1555	1401
4622	120
3999	2008
1447	469
4473	716
4608	2526
4529	2452
2866	2529
2749	2051
3169	3052
3169	352
1455	1331
3146	1455
3976	3526
3345	42
3366	516
4048	1244
4747	997
604	540
1723	1350
3963	1138
4799	260
3527	2006
4899	4639
4229	1881
4311	2072
3381	483
5103	111
3707	1312
4371	741
3111	3069
4608	3546
2408	774
3902	3009
4629	260
3169	1462
3598	194
884	461
3169	1541
3169	1460
3368	2887
3169	697
1312	997
4729	3546
711	564
2970	1555
3598	2352
4453	2393
1736	235
2211	618
1787	1739
4111	2892
4191	1007
4677	686
3975	1455
3895	1081
4776	3043
4178	3606
4330	4223
3354	2653
5100	4229
4013	2559
1555	858
1113	618
711	104
4229	1813
866	559
3556	2117
1577	453
1455	227
4762	2708
600	360
4144	3157
4162	2144
2826	1131
2988	1050
1577	609
2827	1363
4608	736
4608	3992
2899	1656
2388	1741
2991	2304
2653	927
1743	868
2887	726
3960	3157
1360	878
2024	1785
3755	1327
2589	2029
4168	548
3468	3160
31	15
3548	3111
3907	2971
4229	3897
4028	2603
4178	3075
4229	1565
2315	397
1636	96
4546	3960
5184	4756
4641	1555
1555	499
4582	1785
2051	1338
1625	781
4781	1447
1655	1338
2916	2887
5188	516
5160	4199
3663	663
1808	1531
4973	191
4217	1974
3244	2775
3992	3169
5215	4954
4888	2352
4782	1723
4229	557
4202	277
4663	2062
5080	3548
4290	1570
4087	1413
3169	2181
4217	1467
3908	1555
5234	3344
5036	1464
1555	1295
4141	4034
3075	120
1942	120
2126	120
4466	2089
4538	320
2961	927
3867	1577
4285	2896
3120	1447
2158	1985
3904	1716
4043	3169
3566	2161
2863	1131
4687	2653
2222	1653
1971	500
2889	1933
4370	4065
3686	1133
3025	2970
2989	951
4031	3867
4346	2720
5175	4124
1366	713
3120	1565
3647	857
2158	1367
4906	1052
988	320
1786	588
4111	2304
1360	1047
4229	839
4970	1243
2539	927
3637	457
3526	3015
3884	529
3939	235
3160	1878
4405	4347
4461	1117
1709	553
4778	3167
2691	1007
5113	27
3510	358
990	104
5076	319
4247	120
4412	1741
3160	1225
4856	4841
5154	1981
235	96
1761	1010
3729	2729
3498	884
4428	1235
4663	1901
1785	1541
5127	3295
4894	120
4473	3765
3636	2211
3382	2589
5020	2356
2940	433
2539	1697
3920	483
4851	120
4229	1240
3249	3169
3988	1287
4705	1290
3169	1236
4229	3907
5100	4738
4777	4608
2021	1147
2951	1697
4687	314
2720	1203
4687	1447
1580	1507
4853	3418
5188	4178
4615	320
2916	1723
4999	3509
4032	1243
3792	537
3627	2222
332	129
2889	2222
4383	1441
5187	2158
4738	4058
905	368
4199	3293
4874	3920
4306	2408
4203	284
2882	120
2211	21
1741	1137
3588	137
3411	951
2408	1290
3169	320
3815	599
5175	3834
1663	989
1493	235
2089	824
3169	3071
3169	346
2434	196
4954	3556
4168	992
5180	4687
2064	96
3888	1785
4736	2188
4888	1741
4013	2161
4967	4229
2892	1435
3843	3598
4178	607
4013	3167
4690	3992
4625	1447
404	69
4339	537
1447	1133
3489	3169
2896	525
3169	2152
4217	3169
3709	2887
1516	1133
2755	2158
4013	943
1830	1533
4229	1599
1952	258
3969	2603
764	243
5153	3169
4166	3984
167	96
4347	1733
1354	975
3928	3157
2158	1350
3229	244
4141	735
4616	1737
3169	2961
4405	4058
5199	700
1504	277
4319	4229
4899	3400
4113	3169
1287	449
2946	329
3169	359
4973	4031
3260	3015
2586	1354
1663	939
3598	67
4627	4141
5217	3317
1837	936
3169	1393
5116	3169
3169	96
5097	1421
2892	703
4970	3710
4609	1577
3169	1445
3598	1606
4807	2126
4777	554
3888	3015
111	92
1403	104
3992	2615
3510	1878
3160	2653
4255	426
663	100
2717	2164
4085	92
516	180
2154	2144
2815	1602
4028	2653
3169	1959
2809	120
3756	1559
3153	1311
4260	260
3320	2993
2304	1799
1716	1356
3846	1445
2936	2158
1785	137
4547	975
2021	1331
1861	716
4229	3678
1785	641
1080	957
4704	406
1646	566
3069	1664
2653	901
4727	3546
2416	275
1455	18
1070	1016
609	542
4856	2755
3739	663
3591	3169
4068	554
5215	836
4608	3664
4612	4141
2158	1602
3169	2660
819	773
5004	3843
4229	1781
4734	4144
4111	553
4853	3957
4626	1179
2603	276
2318	1270
4383	104
4686	4229
4193	3566
4963	135
4663	4141
4666	4162
2998	2154
4229	2610
3169	37
4595	3510
4229	944
2418	2012
4464	4229
2318	648
3489	1080
2542	674
1655	1270
3648	381
1495	120
4904	120
1917	37
3937	2318
5199	5020
4542	3963
3368	2732
3904	3549
3802	1316
4402	3992
4107	642
2749	2388
4973	96
1555	825
4255	705
4073	2304
2540	842
2044	1580
1179	457
3250	3146
3998	2051
3478	2289
5184	1206
4663	1895
3016	1892
882	177
2720	553
4032	120
3025	1445
4229	760
3790	3220
3167	1434
1577	1010
2820	1273
1103	381
2970	2286
4714	4577
1675	1566
4608	1785
2529	689
3596	134
2166	1780
3675	2560
5021	154
4935	1293
3709	120
1619	1531
4729	600
4348	4087
4752	620
1716	601
3043	1025
2158	67
5132	314
1078	174
2712	917
1561	1555
700	383
5051	743
2603	735
4141	2989
3169	884
2733	2589
1565	881
3673	453
2294	1025
3169	3024
3710	2292
5251	2085
4970	2088
5176	4199
3382	320
5076	1878
2812	1010
4275	276
2117	154
4106	918
1571	235
1780	990
1435	498
3136	320
2749	1405
4267	354
621	319
4973	663
3920	1466
2211	2161
5146	457
5100	3109
4229	2670
3169	881
2332	1601
3357	3169
5241	2332
2526	2414
4546	1555
4752	4275
5154	3368
2749	2418
4178	2652
5021	2734
5196	1995
4348	1901
4333	397
2222	916
4950	2244
4909	1942
4229	1111
1755	559
5008	4229
1574	268
1504	793
4979	3548
3169	2580
3739	881
2108	92
4031	2610
3719	120
4217	1447
4419	120
1753	588
3783	247
2630	1363
4229	44
5177	4729
4217	510
1555	211
2318	1861
4906	3660
4909	2827
4315	348
2700	1565
5012	320
4576	120
2775	1587
1206	816
1901	970
4229	2608
3710	774
3331	2540
4323	553
5014	120
5032	878
3995	1455
2158	1494
4778	348
3101	1086
4178	4052
2477	2048
3169	1942
4666	746
1927	1342
4973	711
4608	1379
2158	333
2967	1861
2889	1882
4301	2887
4467	1507
3858	260
4894	3169
3715	120
2863	2286
5021	2545
2154	1533
4787	235
3648	1881
2583	354
4073	290
4706	951
2064	1447
4132	96
3169	1756
3396	2370
3992	1608
1240	662
4178	1653
3169	868
3424	3410
3160	80
1923	320
2318	491
5008	944
4229	416
4229	2534
4778	2481
4519	3843
1971	1626
4849	4630
5215	1489
3478	1555
4178	3507
3596	1672
2559	17
3454	1493
4327	2890
3755	1565
1555	104
2861	120
3169	3109
2390	599
4674	3593
709	566
5215	3596
3169	2378
4988	913
939	700
3893	3281
3691	939
4393	3042
4229	3598
4570	3169
4879	4178
4666	3926
2158	1398
4789	1555
2653	206
5195	4963
4275	3410
4013	2603
220	120
3874	3725
3258	3169
3884	2021
2499	1587
828	397
4229	3884
1555	684
2735	1555
3556	1113
4973	2582
3169	2368
2301	2158
3757	1785
3408	1493
2988	2021
1718	1427
3237	36
3792	3755
3160	2851
4967	1206
3910	525
3052	1447
3169	1282
1777	1229
4739	3040
839	693
2653	1561
3024	1435
267	142
3169	1566
1455	1398
4706	277
5222	1741
4235	2244
460	120
2158	17
4626	172
3331	1974
2546	1455
3483	3464
2123	764
4191	917
4702	1619
5215	2653
4752	120
2797	453
4476	662
4954	2500
4417	1555
3810	347
5217	4330
3169	188
3478	2158
2887	1533
1447	1206
3169	491
4714	1031
4229	620
2653	1568
4539	2610
3934	2967
3783	3637
4970	4663
1435	717
4412	2109
2653	276
2117	1753
3169	1293
4608	104
4229	841
2654	810
3169	2014
4902	1455
4383	277
5100	3478
2158	692
5021	3062
3510	1555
3856	2654
4160	1133
839	719
4058	3920
4178	671
3896	1555
2318	905
5212	1555
3529	126
5103	3907
4311	3931
658	92
3922	864
4963	1843
2431	802
4393	2089
4562	1555
3000	152
4782	554
3843	3290
1861	1347
1646	1555
1114	120
2281	1736
4454	2244
1927	821
4211	3160
2154	1697
1137	352
2991	2006
4858	3391
3492	1227
3345	1577
4275	2820
3169	996
3410	2653
5161	1555
4347	2708
4229	2393
4229	1137
2634	1856
352	35
2289	2158
4967	4467
3381	2346
4596	320
3920	3004
3992	989
3896	1206
3169	2428
3169	2012
4166	1447
3588	864
3250	1471
4702	3992
989	196
3719	3627
1537	743
4309	120
3627	2694
2701	711
4705	2939
4736	4727
1608	881
3101	1173
5032	4141
3157	943
4879	2064
4734	700
3623	1830
2826	879
2887	592
2936	942
2373	1565
2653	1423
3454	2213
4229	681
5021	4107
2519	1010
5108	1343
4166	1412
1362	717
3157	1080
939	352
3280	2653
4785	777
609	356
881	227
4141	618
5177	3454
4734	3592
4539	990
5043	1718
1769	191
1025	663
3664	3169
3426	1489
878	120
5251	5007
4529	3158
3317	1948
2589	1755
4357	4229
3169	589
1206	294
3071	249
2916	525
4891	2318
4327	1533
1952	457
4484	347
1821	693
3887	3169
4260	3636
5222	18
2161	975
3360	1947
4317	2749
4888	802
382	120
1007	642
5044	1425
5134	2583
5021	1741
3317	1901
5204	839
1807	1244
3281	3169
1948	1447
2214	548
3440	2221
3926	1741
3020	1723
5020	2418
4072	588
989	255
4789	4736
1270	1038
2244	320
5215	4229
3169	336
3167	2072
4275	1577
4229	3846
1773	1532
3893	2158
2534	120
5188	1576
4385	358
4819	2158
3410	18
2211	29
4178	2558
4849	918
2708	658
4093	640
5241	4144
1945	1007
1138	368
4902	4663
4853	559
3887	235
4820	1532
3169	2452
4514	4113
3882	2393
4970	320
1787	457
3169	269
4031	3529
2394	96
4347	346
3472	3061
5161	5057
4582	641
4199	700
4629	4260
1861	255
3775	120
3228	1030
1759	1021
3169	142
3169	319
2416	1347
2109	1741
1942	1901
1627	1293
3791	1555
4513	1555
1525	663
3167	717
1649	621
5036	2889
4954	4058
4970	1304
3962	3454
4873	4412
2863	2499
4752	3593
3261	120
4217	2887
4973	4168
3261	1923
2315	2214
2352	764
4229	1140
5196	1435
4714	3410
2700	2653
5215	3042
4841	1555
3298	120
4141	2418
5180	320
2389	951
5154	5008
4370	640
2653	1947
5076	3654
4178	2560
5177	4608
2158	705
4727	3598
3363	3169
4229	464
3834	1366
2428	406
1464	228
3261	713
5021	3410
3792	3120
4347	1753
1601	177
4963	1584
764	762
4828	3992
320	268
1273	1268
4229	402
5156	3628
3004	265
2790	1555
2928	2749
4347	3435
2768	1574
2286	553
1555	820
3363	1513
4229	90
4253	4229
3636	1555
5134	354
4393	426
5116	2117
5215	1138
1010	772
4970	111
4241	3169
1606	1555
3778	3297
992	191
5132	1038
2749	642
5021	3653
3992	3144
1363	92
4320	857
2158	417
4229	3091
4341	3945
4562	3169
3998	2887
3510	2970
3004	294
3295	120
3380	2211
4487	2259
4904	2123
2428	1555
1993	662
5184	3755
3847	3212
4229	2212
1225	773
3071	1971
453	28
5073	597
3158	2483
5021	3025
2537	1799
3843	1649
4856	3169
1584	133
5046	4347
720	566
997	653
3627	597
5202	4494
5254	2995
3931	3904
2749	276
4116	1759
5154	6
3739	2887
3937	3207
5222	2314
4393	1147
1995	1692
4756	3478
4370	3169
4058	3975
2559	975
4627	3907
828	824
3169	1436
3546	2031
2294	359
3907	1574
3120	588
4933	632
3575	740
3548	2550
3169	2607
3411	1455
4914	3598
1338	1082
3628	1203
3522	2775
4429	2653
4493	1718
4349	2720
1295	277
1363	632
4037	3773
4841	561
4412	3091
3992	2063
3046	713
2988	126
3293	1867
4407	4191
4229	1421
5177	2031
5046	348
2202	1555
4447	1455
3548	270
2749	2734
4447	2211
3184	277
3710	379
5021	599
1947	129
5134	3331
3167	1716
2820	1692
3015	2332
2887	1984
4873	2586
1366	1270
2286	1478
4998	3012
3802	2935
1038	314
2737	2529
4447	4141
4229	3231
320	270
3085	2583
716	354
2569	537
1334	354
2722	1555
4608	3157
3169	2463
3109	1331
3452	320
4111	3065
2651	120
3920	736
4702	483
2158	726
1646	1561
3045	1206
815	270
5089	3963
4958	233
2303	1656
2569	739
2993	348
3926	1235
5020	3596
2211	564
4111	1362
5154	2158
3755	1131
4210	172
1493	1206
3665	1839
4347	1995
5100	2720
4180	1547
5227	1595
3207	3169
5088	4229
4237	1783
2394	1723
3910	878
3169	2434
4347	1577
4229	3358
3593	2663
3617	879
1809	1022
3169	533
2567	1162
5012	3436
4141	582
2653	449
3207	1577
4714	4031
5202	3998
5214	3014
4050	1610
4909	92
4085	794
4784	1770
4736	1921
3169	2052
5076	4904
3220	92
1234	589
1821	1481
3261	320
4714	1533
1295	453
4967	4141
5076	1365
5154	2598
1565	1458
2820	906
2316	120
3773	92
4736	1611
5079	881
3454	901
5154	334
2661	2284
1723	1047
4229	414
3160	781
3686	96
3556	3167
4555	3773
3778	2890
1821	198
4727	1561
2799	96
5099	3803
3084	1507
4412	3675
3623	1821
975	716
3169	361
5241	2225
3575	2936
4888	1347
3025	1555
3846	2894
3598	3510
4528	3410
806	316
3815	553
1176	588
4585	1565
4729	1111
2417	1355
3169	1082
2211	329
4963	3100
2051	332
2755	277
4393	397
1974	1038
2318	1493
4141	2582
3815	1070
4873	347
1756	104
1533	379
2519	126
2085	1649
1229	802
2989	2749
5184	104
4370	3773
3136	1759
4144	1533
5100	4751
2956	172
5242	3628
4229	1928
860	142
2936	1770
4231	320
3169	2509
4630	2701
3127	667
1723	1555
2583	1133
3621	18
4729	1555
1533	1107
4973	4180
4013	2211
4349	3258
3792	465
4311	1941
4970	2211
1338	316
2889	1464
5118	3220
5222	3169
2660	1447
1874	1577
4970	2301
3295	2072
3686	320
3768	2653
2993	1203
3261	1295
4348	4178
4429	1861
4830	120
2630	717
5220	4013
3406	2408
2991	913
3846	1235
4017	120
4229	3141
3111	806
3144	2526
4704	3663
4229	2845
1733	1555
3931	1489
2887	905
3667	3169
1432	255
4706	711
4552	3907
2031	1243
4428	1726
4608	3229
982	600
2935	1787
4348	260
4412	700
4493	2820
1435	601
4608	703
1786	927
3540	1882
4909	3229
4347	760
3218	806
4229	3009
2187	397
3810	3111
3297	2009
1138	348
5215	3158
1116	354
1709	703
2388	1717
1555	1398
1649	244
2949	2749
2665	709
588	37
4646	2653
4109	1577
3529	379
3920	1403
1861	1577
3628	2072
4630	2346
4347	989
3169	621
4141	727
4807	4087
4796	588
2733	2705
2301	2054
5204	228
4727	1111
4349	553
2749	2040
2954	2653
4734	29
5144	4577
3904	3628
3675	939
3710	2764
3331	997
2887	1493
2408	2040
3087	1363
4533	1577
2515	1338
3846	2749
4736	1555
4714	3167
4229	188
3998	2970
2983	1209
4469	1293
2603	120
2642	27
3160	1565
4391	693
3621	2653
5113	927
3843	781
4347	2936
2988	1147
4229	3043
4589	2117
3160	1980
1047	18
4083	2898
2717	1555
277	227
1047	27
1608	1493
2887	2526
5148	2361
1235	489
4466	100
1755	1133
1574	706
5134	936
4141	4044
5103	2887
1225	228
3426	3320
2352	882
4044	2870
2117	588
4873	700
4805	3008
2989	2603
1634	120
3815	3352
2749	2324
4275	1763
3755	588
4852	1478
3594	1555
4785	2000
1901	120
2797	2749
1435	553
2658	1555
3976	320
5012	3169
739	348
4229	971
1602	601
1577	779
3625	3548
4973	135
4371	700
4174	3169
3846	1692
4306	4141
5153	359
1901	1214
3391	2284
2315	548
2971	2211
1466	953
3556	1555
2364	1656
4727	1295
4178	2361
5171	4229
2102	2084
4595	781
2408	28
5018	739
276	96
1741	1542
2223	1949
4275	2971
2416	228
1861	29
3762	3025
1901	1570
2587	2267
3588	3526
2318	1995
5222	320
2663	263
5021	1176
3548	1807
3771	120
2603	2451
4933	559
4796	3207
559	557
1555	1187
3169	194
4999	4725
3846	652
4993	4464
2237	1555
3358	92
3594	3169
3552	2826
1445	864
4275	4180
4402	2051
4311	3167
4954	537
1783	641
3999	277
2653	2393
3593	1107
3815	1772
3900	2732
4205	120
3426	1356
3157	1363
4058	2315
2106	1786
3331	1901
3012	1206
2529	120
3648	989
3428	2896
4393	2021
2408	96
4849	537
3960	3566
4529	3157
1533	1086
371	360
4189	2451
3892	120
4787	96
4141	1133
3167	601
2989	2630
3169	1029
4600	882
2854	381
2827	37
4462	3169
4191	3016
1047	700
2211	1574
1807	812
4454	2630
3015	864
4178	3961
3244	368
1133	1131
2451	917
1808	96
3560	1985
5222	4111
2408	2225
728	320
3126	881
4210	2589
4704	2161
3920	3141
3653	92
1338	741
4229	2090
5175	620
2529	460
2956	521
2854	848
5021	198
4963	120
3846	676
2887	943
4608	1538
2660	445
2993	155
4762	2596
4370	3004
2559	100
4122	2249
4141	149
1551	120
2839	330
3757	2211
498	348
5021	3447
4466	692
2537	2052
2887	2158
5020	1772
4162	1770
4608	3228
4087	2361
3556	3478
1423	1043
3169	2332
4734	1786
5020	700
3169	588
4714	191
3664	196
4572	120
4454	120
2036	1901
4107	3418
4514	3504
4466	2511
4849	3975
3411	2829
2243	1565
1206	104
3091	2869
4789	2935
4778	2720
3617	1151
4160	1574
4229	727
2393	1646
3472	942
2158	1212
3031	1284
4466	2076
3169	3032
3961	120
2243	1656
3160	1747
4856	554
4513	943
4677	1398
4013	599
1636	280
4229	4068
4370	265
4168	1656
3062	1969
1627	120
4453	1133
4234	4014
5047	3015
1010	290
4546	2158
3020	2526
4540	2569
5199	1928
2542	1165
3588	3477
2509	1240
3529	1086
5148	720
3884	895
1901	1086
4589	2314
3995	1173
2589	1373
4841	2967
5100	3920
4347	3229
5021	2935
180	125
2158	944
2991	2399
5021	3454
2956	1811
2653	2063
4686	3261
1295	686
5234	2130
3963	700
4869	1574
3598	243
5090	1541
3170	233
4255	120
2047	901
994	348
4189	2526
3169	918
4315	3017
1429	676
5070	3167
4582	3922
2387	917
1555	1047
4141	977
3169	1212
2161	2063
2408	293
5046	881
2559	1458
3069	806
4954	2158
604	120
5202	3157
5160	1555
2545	676
2198	1571
1627	806
3317	2708
1675	1331
4229	1327
3888	137
4666	3992
3426	1435
4065	320
404	333
2755	1295
3169	3160
4347	1287
5020	2949
3358	1507
4476	3937
1081	1007
3598	2078
4547	3450
5118	1861
2653	774
3071	2582
4905	3548
3250	2023
990	609
1736	824
3937	1770
5118	4909
3498	620
1565	1080
1881	120
4801	3919
4840	2708
2158	794
1571	485
3000	2161
4370	1435
2529	381
5020	1928
1761	1565
2641	2222
2204	368
3566	133
2612	764
2956	277
3737	1347
4825	1555
5148	4970
1944	1343
5103	92
4861	2158
2229	648
3924	1421
4853	1016
3302	2863
5214	120
1176	1010
2332	1723
2047	1565
1770	746
3882	1555
3992	990
2946	2540
4428	1685
3627	3169
4229	3014
2706	1555
4861	1555
4473	457
3491	2158
2971	2653
3904	3548
1736	943
2989	18
104	35
5175	120
2670	2059
2887	2608
4229	895
4229	3518
3360	1017
5021	1455
4937	4178
5225	2158
2388	2089
3169	1133
2452	1295
4987	3157
2315	1331
4841	970
4807	4180
2244	1577
3169	329
3282	1022
4725	3136
4960	989
4937	918
4122	3598
5156	3167
4229	3364
5175	2936
2540	1080
2387	1522
2607	18
2023	1471
3127	1992
1861	1423
2764	2189
2764	1151
4825	3169
1533	354
1133	28
4963	3856
2076	918
2889	1949
3529	1830
4848	352
5118	1542
3834	599
3792	2827
5204	3160
4988	3005
2319	368
2318	697
2158	290
3952	3160
4071	2653
4014	440
5154	2887
4193	3686
2231	1611
589	196
2720	566
1799	277
4999	2991
4840	741
3478	690
4601	1867
2431	228
4608	2936
4461	3992
4347	825
4031	2663
1786	235
1555	933
4687	4107
3169	3045
4013	2887
2920	149
2518	511
5145	4347
3815	1927
4725	4052
2052	180
1493	982
3992	2936
2589	120
5047	936
947	824
4347	3837
4853	2559
2823	1741
2529	180
4648	300
3762	2916
3009	277
4540	4493
4178	1892
4141	3020
4347	3998
2755	848
1770	1555
2004	249
1481	174
3524	1421
2983	2936
2634	1489
2308	2158
5117	1555
1928	700
2749	320
4828	2860
3128	2749
3757	3169
4031	2845
1741	1663
881	18
316	119
3686	772
5116	1295
1022	905
4122	67
5241	2589
4402	2887
3843	67
3169	496
4677	943
2567	263
3517	1050
2452	1192
3896	348
5184	1038
3223	120
2989	2764
5021	1974
4406	3858
3169	2935
3710	1031
4958	994
3169	1532
4954	2117
3169	2202
4229	1232
4789	1565
4734	3653
1384	1007
2085	764
1942	348
2109	1479
3517	1571
5184	2500
2936	1974
3999	348
806	556
4608	593
3008	1209
3815	36
4053	1695
4706	3856
4789	3758
5100	4058
4993	3169
3426	155
4785	936
3411	1421
3169	1295
4217	2854
4608	1479
2998	971
4095	4032
5021	2816
4253	34
2318	129
3136	599
4229	553
5117	235
3510	319
4267	3498
2663	126
4180	4178
2768	1133
2031	1138
1952	1723
760	501
4954	348
1113	588
4370	35
2887	2451
3755	1331
1697	28
1555	1374
4055	4032
4783	589
3548	3008
2899	2749
4229	3251
4275	3920
4608	1493
3169	2225
1969	1342
1768	233
4567	1532
513	235
3598	3169
4106	2318
4168	1316
2418	1010
4347	3120
4275	856
2203	741
4427	1769
4347	4162
5103	643
4229	1456
4467	3992
5208	705
3969	3417
3043	2641
3992	2870
4031	990
2717	1094
5047	3725
4517	120
4229	4032
2764	489
3735	3157
4963	3101
4600	2235
2286	1022
2301	1478
5118	4412
3562	368
4988	1350
4539	191
1555	1447
2653	618
2109	1478
4466	3345
4229	2021
365	120
4083	2542
4970	2603
2461	1399
3169	2402
4841	658
561	297
3992	1138
3229	2318
3842	120
4849	3153
1827	447
1901	1697
1287	588
4547	96
1447	1050
1493	1080
2936	726
2539	1455
4874	4229
3157	1427
4234	4229
4899	457
1772	1020
3562	2481
3992	2213
4043	2518
4787	2408
2778	2603
4085	1718
830	120
2249	319
1356	760
4714	990
4899	1018
1741	772
4168	2653
3663	2211
4785	3874
3517	1570
1646	1111
4997	4909
4686	4023
4225	3596
1347	819
4600	2961
5020	1565
3987	1131
4663	3170
4383	2056
2653	2356
3937	1555
3004	320
3395	292
3562	2289
2479	1133
4473	2559
4626	3920
1555	129
4180	1881
4760	1555
4462	3771
582	372
5100	1331
4462	277
3169	600
5021	1031
4972	741
3450	1203
3169	1103
2589	986
3025	700
4205	588
3792	1311
1663	352
4116	3920
915	69
1800	762
4608	4546
1705	446
5177	1555
5148	1861
4604	1656
3169	1876
4841	4229
3596	1574
3829	1878
4229	1773
1995	1375
4255	895
2946	1555
1805	320
4141	1047
3556	2036
700	457
3739	491
4178	2261
2720	211
4074	74
2935	125
4784	881
1723	133
3158	2717
3762	2903
4789	739
2970	2887
4928	2211
1270	581
4229	4220
3922	1785
2213	255
581	172
2749	2117
4219	2653
4888	2223
4613	3169
3247	120
3169	1571
3169	2916
4904	1545
4467	397
2630	1555
5056	1025
4600	1574
5215	553
4405	2749
1731	120
3708	3313
4113	2518
4383	1656
1773	868
3045	2653
5076	5049
3529	1780
5188	3261
4727	1602
3546	1555
943	120
5175	975
3755	1780
3757	2991
3594	2158
3167	553
5113	2961
4589	3792
4085	2764
4317	582
1455	137
2477	120
2289	154
1985	1398
2451	352
1555	280
3309	1555
5242	1489
693	686
3169	2700
4116	4013
4567	120
3550	2416
2139	120
5204	4888
3366	1447
2750	1927
3128	2603
3593	447
3907	2582
3345	1780
2749	994
1843	1235
4315	2529
5195	4113
1672	1287
5181	720
4229	1356
3169	1243
4663	2581
4141	2211
2603	711
4954	154
992	609
4630	537
3169	297
1624	120
5036	1777
5154	2708
2161	152
4168	2408
3548	1785
2989	881
2608	2451
864	120
3593	433
760	483
4372	3046
4275	740
2393	2031
4970	4168
858	87
4456	4124
3169	437
3887	2989
3014	1297
3040	348
2653	2418
4385	3015
4013	1723
4756	3975
4856	3562
4302	4229
4348	2361
2158	1363
1354	816
4904	3952
3598	358
1016	120
1656	1047
4954	120
1565	703
4113	2464
3790	3464
5146	3593
4447	4275
2413	1719
1347	516
2887	1235
4546	2318
4219	3167
2036	120
2064	1574
3011	120
4899	334
4848	1663
4347	1638
641	354
2384	1565
3141	3109
3667	1381
5215	2892
4960	191
1709	1347
1646	1020
5188	5154
4756	3920
2076	348
4608	3908
5215	2663
2827	1646
4331	1455
4576	320
5127	832
2820	2107
2361	720
2706	811
4144	620
4116	3157
5046	2158
4124	3478
2869	1780
2793	1861
3167	348
2989	320
4888	2500
4347	3478
2913	2701
3963	2417
4906	175
672	521
1723	1649
2318	1726
3167	2099
5099	2388
3295	3167
2889	354
2615	1331
3998	1947
3207	1094
1206	597
2749	1568
5143	3710
4874	4124
4906	3969
3169	152
3454	294
3169	2255
4663	406
2546	120
2388	191
4901	120
5118	857
1949	916
2211	592
1783	1565
3509	816
4867	3169
4154	2749
3834	29
3856	2967
3627	3160
484	299
4546	759
2589	1072
5199	314
3331	1044
2105	1861
2526	600
4168	1565
1555	1212
3045	235
5201	3167
4144	2653
4454	180
2845	191
4867	1347
4315	2570
3170	2887
2708	333
832	710
4714	1456
4973	1999
4347	92
1861	779
3169	31
5154	1429
2196	1293
4412	581
3450	884
2158	1723
3261	2603
1876	1133
487	486
4408	3896
3477	739
4275	582
2870	905
3229	28
5134	1133
2560	2368
3362	2053
4802	1531
4347	2099
2536	815
4229	697
1717	120
3987	2939
1995	1942
4349	4203
1602	1031
2971	2749
2109	1270
3448	320
3012	2653
4841	3762
2078	1878
2231	2158
5188	564
3160	319
4347	2144
4031	1821
4663	3450
4229	2963
3981	3169
2818	1717
4393	947
3229	2537
4162	4124
4095	4055
2158	38
4144	2735
2708	1555
4704	3169
1435	1047
4210	3810
4122	319
4210	1741
4229	4086
4572	2720
5156	1203
4306	1861
2536	120
3498	975
1555	600
4904	2078
1435	1356
3509	1772
3739	1901
4314	881
2051	741
3302	2286
3169	2363
4641	1947
1901	1555
3667	778
4229	2888
1692	1429
3988	235
4704	3000
3856	2211
4796	2158
120	119
5196	3478
5127	36
817	663
4124	2117
4385	700
4451	973
2540	1555
5241	3169
1684	1429
2887	1813
5234	1450
1995	498
4725	2749
3975	760
4909	352
2887	265
5076	2123
4229	1532
2211	276
1565	1471
3888	1025
1363	37
5085	4968
1947	1338
4796	2006
3245	1565
4784	2887
4714	1921
4037	2161
3907	1400
4873	172
2318	2158
5176	358
4802	1331
2749	1363
2550	686
4704	1846
3109	1481
1574	244
5046	4608
4124	2701
4229	2691
2812	2749
4888	516
1574	516
2318	1095
4141	1780
4999	4166
3627	762
3393	320
4229	3960
5021	561
1016	362
4412	433
4349	1555
4306	120
2239	1245
2289	537
67	44
1533	1447
4406	1447
5171	483
1447	1225
3618	989
4676	2211
3988	632
3118	1656
1080	1058
191	92
3773	1533
3926	1555
4405	206
4402	4347
3858	3157
4454	1901
3426	3167
3025	2007
3686	2189
4116	1043
3169	1427
3229	2361
5076	2518
3169	3094
3498	2630
2967	1545
4734	3141
2887	1016
2653	2243
4706	100
5073	3169
4124	3920
4687	2105
3975	3109
4909	1663
2529	276
2641	1601
4073	1493
2936	1555
2734	120
3012	1094
4954	3169
970	120
2720	1435
4562	950
3557	3009
1498	1010
4124	3381
4412	1636
1692	1356
4006	120
4085	180
5215	3920
2308	1555
2158	2051
4960	404
4178	957
3295	1356
3517	2515
1555	717
3975	3755
3381	2638
1479	743
2887	18
5118	990
4963	3621
4141	4023
3856	320
1555	1538
3594	1615
2827	120
4229	3648
3169	431
3167	1086
3157	1206
1741	433
4567	2653
1293	6
3992	588
1717	397
5154	4881
2827	2701
5146	1627
120	51
5148	4348
773	228
2418	901
2319	942
1627	581
4841	1429
3295	348
4168	1741
2935	1555
2318	1116
4347	2301
3992	2961
2851	27
992	918
1058	693
3025	643
2490	34
1559	970
294	277
4203	1565
1331	1131
3907	2393
2206	120
1044	348
3540	819
4869	1948
4469	3169
1574	276
3969	1293
2749	2105
2054	1206
4229	2109
4586	3931
4405	1131
3998	648
700	686
4660	120
2064	1133
2750	1070
3821	901
2417	975
3309	1447
737	597
1479	433
3220	1561
4454	1094
4841	1646
1381	120
3598	1541
4536	3169
3998	741
3901	2653
2239	275
4888	1949
4895	686
3492	2161
5188	3821
3357	2318
4649	3598
5241	2158
3856	1206
3157	1759
4275	1047
4627	3237
2346	2314
3169	1179
4275	3637
4572	649
4306	4275
4608	1138
3992	371
3628	1489
3208	120
3755	1577
2388	1010
1615	1370
3169	1808
3627	1878
2384	662
4178	562
4820	2538
1878	128
4756	1043
2587	299
1347	228
3040	1555
4229	2205
4392	4229
2161	1813
5103	600
2211	149
3617	1421
3454	229
5116	2211
4899	3464
5032	2887
2416	819
4219	2749
4285	1455
3975	1753
2117	92
4178	1355
2222	1273
2539	588
4327	1574
1434	120
2973	1565
4275	220
4193	992
5187	2695
1653	228
4085	2394
4402	3998
3358	2451
4425	1206
1603	937
2589	2559
2318	820
3850	3436
4519	67
2764	2158
3957	1577
4111	676
3095	1916
1025	387
4752	4031
1481	352
4973	3710
3627	589
3626	601
5116	270
3169	705
1759	96
4255	4229
3426	284
3762	2519
4841	381
1507	953
4363	4362
3040	1347
1565	551
5103	3648
3009	120
4493	2887
4576	2529
3893	1878
3072	2749
2559	933
134	92
4402	2416
2940	1809
3454	1772
2158	1947
4809	2665
857	433
3160	802
3169	746
1577	1235
4714	1780
3896	2318
4608	4339
2755	1555
4124	483
2158	1116
4428	1070
3810	581
4729	1646
4874	3552
3540	2431
2547	1149
4347	1765
4023	2211
4267	4178
3215	376
1161	275
4093	4031
5217	4402
4401	4178
3169	60
4275	1021
4013	1555
4178	3157
1892	612
1999	406
3992	1133
5242	3167
4293	4178
3354	154
2394	92
1080	825
3169	457
2318	1602
4963	229
1463	406
4229	113
2107	120
4739	1464
1697	1295
3012	99
3169	537
1044	700
1601	705
3215	2318
3483	2653
1338	881
2971	2564
5254	4141
3169	1743
3169	484
4687	713
5018	716
4180	990
4786	120
3169	2496
537	154
3654	319
1808	942
2570	1656
1574	1133
4727	4608
606	120
1969	1927
1555	836
3988	2653
4347	2076
2589	1768
4796	314
1555	381
5217	3169
2545	895
2630	2161
1080	985
3904	2072
1555	632
4584	38
4124	154
3169	2431
939	447
4347	1038
1756	320
2479	1565
5254	3627
4406	120
5020	1705
5085	764
2749	1047
4954	2827
4370	941
2318	605
4529	2559
1577	1176
5047	3874
4906	580
4584	4229
5215	4714
4663	1374
4267	2570
5076	3627
658	67
4402	2851
4428	3815
3368	1692
4229	491
3596	314
3190	3169
1565	149
4752	857
4950	1131
4371	67
1565	100
3477	2956
3169	1953
667	263
2318	1985
2526	1533
4562	2318
4347	4124
1736	1007
4275	1565
4229	58
3873	2653
3792	2314
3363	2466
3969	191
2583	1334
848	381
3498	2749
2388	228
3963	2318
1206	1038
4850	828
4332	3169
2612	1878
3408	3169
1381	18
1565	582
4500	120
2588	484
4973	1923
2435	2314
1434	320
4141	927
2200	1606
1773	1743
3834	290
3762	3548
1561	1010
3421	1555
4118	2292
3557	957
4688	1916
4784	3436
3169	2235
1555	406
2843	397
3578	588
4087	120
3510	2540
3782	2653
2820	314
4529	1723
2416	1495
4752	1384
3548	2399
3735	3169
2892	917
3636	3169
3618	653
5202	4166
2318	561
1555	279
4973	4577
4787	4217
4973	592
3691	3675
3020	2537
4178	2222
5205	104
3834	453
3421	1393
4585	120
3976	2749
3169	1048
1133	465
2928	2200
4852	1542
4109	120
1781	1354
5076	4519
3834	461
3454	2653
3447	2749
4725	235
3410	2211
4752	4412
3345	1206
5032	2314
2863	1705
4853	601
2653	2582
3483	2490
3454	120
2790	1741
3637	663
4454	3618
4267	489
5153	497
4447	1507
4963	96
4385	2536
4641	129
1821	92
4963	4405
3803	2452
4976	120
5169	4393
2158	858
3552	37
3931	313
4178	42
942	717
3169	1672
3381	739
4784	4493
3931	1203
2888	120
3637	2053
4819	1555
1686	1111
5127	99
4832	120
3926	3297
2768	1235
4428	957
5116	4141
5100	2315
3411	1555
2109	857
3549	2993
2749	794
4178	233
4126	574
4819	3167
4178	3625
4178	333
4891	2936
3169	2130
1347	604
5132	92
3452	1565
2665	2294
3260	137
4954	2315
135	120
5124	3907
3167	1356
4275	1082
5156	1435
4180	134
2970	2031
5036	4841
4015	120
982	609
3892	1479
5032	588
4905	4454
3621	2749
2452	1723
4126	3169
1998	720
4613	2887
4608	1555
4873	525
5241	4238
4363	1447
2448	294
1998	521
4666	1080
4608	2301
2870	703
3498	461
2665	1799
4229	1566
4246	4229
1969	120
4997	2215
255	104
2916	1080
4888	4739
2211	1985
2775	2384
4290	120
4895	120
4311	1203
3548	812
4796	1555
2211	580
3451	1138
2318	836
4347	2152
2887	1334
4909	3454
3169	594
5215	3040
1489	1112
4925	4229
676	652
2653	1942
104	100
4663	381
4193	2663
4542	1447
4419	2318
4596	27
5196	3157
1653	120
4217	2408
3663	120
4229	3594
5100	3157
5113	2235
4828	3998
581	457
5032	483
1901	1373
1741	1179
4663	96
4229	3952
4275	3813
4905	4275
4229	1785
3357	1656
4229	1555
5020	1458
2724	2361
5217	120
3920	3153
4725	1565
2877	347
3447	2653
4199	588
4473	2417
1736	662
4141	99
582	120
1555	310
1981	1370
3719	773
4267	582
4347	2892
3931	3167
4267	561
1741	447
3100	1565
3540	1347
2529	1359
4229	2416
2158	825
3046	120
3675	525
5188	4899
2961	27
4332	3803
4973	1235
944	120
1565	1545
4332	319
4881	2518
4909	1780
819	228
2892	1570
5196	3250
2373	697
1270	433
1565	1493
4759	1365
3588	1785
489	453
3548	2542
3647	970
643	501
1288	621
4229	1455
4321	1462
4958	4178
2582	125
2158	498
3085	3031
4229	3109
4332	3477
3309	1495
1435	1203
1447	176
3846	1684
5196	5154
4220	92
4229	4031
2603	2108
1619	1133
4370	191
4609	4540
4111	1047
5020	2877
4013	1206
4447	1750
3792	2346
1359	878
4648	4229
3101	3086
4536	2956
3017	1753
1199	333
1338	1295
3729	1952
2887	1646
856	120
4612	4229
2308	1370
1133	311
4229	36
2949	1206
4546	2417
4263	104
2608	1555
716	120
4229	4136
4819	4347
3562	2109
2073	120
1227	307
445	96
3628	3426
3468	1347
1493	348
191	139
4043	2318
4043	2158
1770	1574
3841	120
4704	180
3998	2318
354	280
5076	1649
4454	1846
592	92
2749	703
2463	1455
2560	2416
4349	2615
2352	2078
5043	700
3882	1111
4825	2318
4306	3028
1435	866
1316	1080
4385	815
1243	1162
3169	2884
4107	3498
4849	2701
3888	641
3593	2509
2078	1541
3015	354
5254	1649
5154	4229
4815	51
4068	1494
1656	317
2519	1533
3729	2211
2318	2014
3762	1287
2040	120
3357	2749
1861	1018
901	111
1785	358
4796	609
2318	498
5184	1493
4950	92
1723	1138
3792	1133
1942	663
4960	4141
3102	1565
2393	1726
2431	2223
3360	1928
4576	881
4229	293
4331	4141
3675	1447
1203	553
866	772
4237	674
3172	2291
5175	2718
5225	1555
1133	825
5018	4704
2021	895
4178	820
5204	1229
4660	320
3546	2158
3144	537
4963	1649
1479	1295
2653	2047
1447	501
2368	1015
3169	1013
2840	319
1555	794
4347	2314
4267	374
3120	1185
4408	2231
1992	1080
3396	319
2393	1338
4327	3887
5177	3882
4970	2790
5080	604
2833	120
3664	1538
3258	1113
5204	1347
3566	2887
2408	881
4894	445
4220	191
4776	4178
1462	31
3783	1555
4484	939
3517	3169
2006	1971
4476	2304
1770	703
5108	348
5181	2314
3042	2021
5020	2108
1531	943
3302	1022
4674	1619
2642	1047
4856	2164
3621	2654
3021	2545
4333	120
4849	3157
1753	1047
3562	2059
4447	275
4663	294
3598	3368
2630	2158
4028	2211
2539	1113
4512	120
3015	641
1010	113
3549	1716
4902	4841
3043	359
1649	1601
4841	3360
4383	2973
3454	104
3393	970
4071	1656
2318	175
3331	2387
4210	581
2653	823
4037	1133
3477	2854
4627	4229
5040	4229
4122	3843
2892	717
1435	1214
3557	3320
3169	2979
1338	332
3258	1555
4321	3920
1756	566
3169	1314
4922	1773
879	320
5113	4600
4347	4229
4945	3169
4785	3665
4687	2211
4229	348
4462	2414
1933	819
5144	280
1787	96
4970	4074
4736	3169
2749	2700
3969	989
1953	120
5032	537
4162	2099
4547	1206
4781	96
760	588
3636	3009
4229	1984
4666	2318
2720	1489
4229	3709
4163	3261
5103	597
4263	881
3618	559
4939	4577
3617	36
3295	559
4608	1531
3710	1138
4648	662
3081	120
4905	2653
2542	1927
4970	4425
3317	1574
2610	320
2318	1947
4725	1479
3893	1370
4576	1770
3768	686
3975	1331
1447	372
3169	195
4997	1112
4727	1138
4229	1562
4177	2653
4778	1481
1655	700
3158	1533
3598	2496
5039	3169
5215	5046
4085	553
2318	1338
1010	731
4229	38
1532	1425
3654	2887
4849	2749
4899	2196
1577	559
4116	760
4627	191
4608	3882
1747	320
1214	379
3025	277
347	162
4894	3297
4873	4124
4963	3109
4178	320
1082	686
3557	2416
2545	120
643	198
4393	529
4714	92
275	36
2211	772
1995	1555
3169	3044
3596	588
3280	663
569	487
1830	1214
772	299
1479	1162
4332	600
4229	3295
180	96
3673	2991
3109	2315
716	191
1022	600
4219	3295
174	120
4853	3549
5057	576
4734	247
4229	2499
3664	2388
2775	120
2158	154
333	191
4785	2332
3169	1606
3170	277
939	582
4663	1447
618	92
4960	1199
4028	1235
5217	878
2843	2089
1692	906
3169	2827
5132	4031
5046	1493
3169	955
1655	191
4997	284
3998	1338
3410	1493
1984	1016
4904	1649
4663	276
4260	1555
3627	2223
5215	2076
3739	1287
1602	1561
3978	160
4775	3009
4789	2318
3596	1038
3654	1421
5188	2654
1723	566
4612	1780
1435	1185
2603	1021
354	31
2887	2735
2608	703
2200	1370
4856	96
4408	1901
1206	942
3170	739
3710	27
4229	2615
5241	3258
4412	3810
2361	566
4229	3018
857	120
5217	4869
5199	4752
1555	196
1225	23
5215	498
2887	942
4229	832
2669	2088
5083	4229
3366	120
4601	3847
2827	989
4162	1363
4205	3358
4347	4072
3421	3169
1627	1179
4596	3169
5160	3596
4229	1513
3755	609
3549	1941
4582	3169
895	426
5171	2315
2892	120
4613	3011
3069	316
1555	588
2408	1463
2158	1493
4333	947
3046	997
2940	120
2089	828
2388	2117
5217	4663
2036	104
4225	944
4988	759
4071	120
4655	3169
4073	1799
597	320
4775	320
3952	440
3426	3295
3170	2653
3548	1203
4178	1210
4412	2869
3344	1450
2546	27
4888	2537
1574	905
3667	1080
5188	2416
3810	172
1860	1656
4874	4405
3755	2261
3887	2749
4820	4582
4229	2129
4874	3153
3169	839
4037	1723
3562	2717
4200	1531
3261	1577
4819	4752
4841	3665
4466	711
4229	3196
4929	1489
4141	858
4229	1384
3837	2211
4714	4608
764	440
2810	120
2318	1293
3478	942
3127	1811
4567	3588
3169	3025
4462	2616
2877	2653
4969	265
5049	3160
4736	2158
4347	553
3557	277
1577	17
2388	1455
1214	1086
5176	3368
4615	2123
2720	221
3510	781
3664	905
3803	2481
1680	260
588	559
4229	2188
2063	1901
4491	3131
2615	37
1890	1489
4582	4263
3387	120
3169	743
3426	553
4370	4093
3963	1338
3988	120
3302	120
4706	3663
4539	433
3368	936
4547	2877
4113	985
4293	120
1960	397
1354	1206
4014	3817
3169	453
4111	2887
4275	111
4714	469
2031	1555
4528	2537
2887	2314
3920	2315
4752	4320
2418	1656
5079	576
2799	1741
884	120
3901	2967
705	566
4805	2229
449	126
4229	2575
2352	67
2130	1861
4466	4023
4841	4739
3522	1447
4576	17
1942	819
3846	1429
3963	1602
1780	235
3492	823
3873	1447
4124	3169
982	53
4954	3358
3963	3169
5004	67
3719	1649
4275	1772
4493	2161
4191	1892
4734	3109
4963	3358
2861	329
2894	1684
4533	2153
4856	1133
3919	648
4360	2887
4178	672
2603	1942
2670	2408
5199	3596
4714	4220
686	329
4853	99
4589	2827
4608	2318
5241	2991
4935	1555
1981	1878
2827	92
3627	244
4166	727
4347	2870
4383	1025
3920	3549
2102	685
4601	566
3411	104
4542	4229
4809	1777
4217	1133
1777	942
4646	2559
4776	359
3119	120
2249	67
4888	1225
5018	2239
5169	126
3710	320
982	74
2048	38
4229	3653
3552	531
3169	1131
3436	3300
3237	1577
2559	1129
4529	1580
4756	1311
4385	3758
4540	4392
1603	1555
4275	1692
4663	299
4849	2117
540	207
211	191
1773	1165
2515	2051
3987	3169
2665	359
2469	917
4031	3255
4734	3975
2429	2006
3792	3144
3998	2515
4058	3596
4087	566
1516	1343
1861	1094
884	354
3354	1206
3331	302
1447	314
4330	1861
2547	2408
4738	3755
2989	2211
3354	1555
1447	913
4170	120
4229	332
1736	917
943	104
4168	1206
989	134
5154	2916
1741	498
2737	2196
3937	3557
4954	4874
4417	1133
5046	2318
4899	279
4706	4405
3560	1565
1138	593
2314	2301
4809	1743
2755	561
3491	1864
2529	17
3357	3157
4229	2946
4785	4385
2749	1447
311	96
1565	29
4973	1434
3762	133
3920	3596
4752	1542
3488	1555
1331	348
2989	1493
2879	354
1111	601
4023	2991
4275	4071
5242	3320
3362	973
120	96
5146	1179
4332	1781
3865	120
1756	1047
4229	686
4417	2318
4454	3588
5118	4752
1807	96
5157	3815
4113	2590
3005	1692
4687	3998
3144	2451
4166	1038
3884	3042
2021	1084
2615	2315
4608	3491
4141	772
3846	2653
3527	824
4229	1856
3546	2393
4263	2749
5215	3167
4229	668
1705	703
2235	1555
4347	2630
4704	1458
815	31
3769	2749
2887	1206
1928	1881
4608	4417
4229	3261
4023	397
4954	3109
4053	3517
5012	4862
3199	866
4339	1555
2211	571
1571	709
2653	994
4677	2394
5146	581
2569	2346
4229	1723
2368	356
4229	2539
2158	2099
3317	120
4756	2539
2819	1555
3169	842
2956	381
4124	3144
3109	1458
3904	2993
4608	4529
3167	1167
4686	1111
4320	1478
1555	1493
4141	374
5208	5100
433	97
4229	2869
4229	3898
4189	2887
4124	92
4178	3305
4229	3101
5154	1692
1807	1311
2749	774
4229	2309
3623	2708
4874	4849
3931	601
2589	1874
2089	120
1555	819
3636	277
3169	377
4963	3976
3281	2308
4141	3687
3992	1772
2158	1995
3169	2612
4113	2559
5175	4028
4275	709
2462	700
4229	4150
1811	277
2887	371
3904	3320
2694	319
4085	3648
4407	1007
5076	2078
2286	1587
1874	120
3169	1969
3025	2063
4454	1974
4796	4608
3783	2318
5161	2161
2843	1717
2949	2653
4347	3675
1890	1356
2499	1809
4725	4431
4124	2314
5157	4178
2641	1723
4083	1133
5160	314
4787	1455
3839	3169
881	449
2889	802
3062	1047
4627	3255
1455	15
4608	417
2158	600
2970	2158
4725	599
3158	1555
3874	354
3028	686
2089	1574
3313	540
2749	1471
2701	2346
4648	4346
4229	134
3596	1481
4347	1493
3934	2694
4729	2051
2352	1126
1047	134
3270	96
3042	2988
4315	2870
2500	2222
1942	1347
1555	212
4784	1081
2863	1608
4627	1235
1780	989
1235	971
4909	1602
1206	1047
4529	299
3281	2641
2123	1678
4784	1020
1785	864
700	406
4540	1427
1555	940
1210	354
3934	3169
5146	1663
3952	2970
5234	3778
4237	4043
2653	1413
4072	3381
4849	3792
3044	1780
5020	941
1273	359
4963	4687
4327	149
559	92
1455	1010
4541	120
4899	2237
3410	2749
2749	1336
5132	2663
5009	1985
2235	1770
1577	113
4655	4229
4674	2589
4385	2363
1429	992
4807	3245
5217	276
1555	944
4704	1999
4706	322
1479	120
1489	1356
5046	2361
2735	1513
1574	358
1736	1081
5032	3792
4999	1799
2388	1861
4116	3755
1398	1341
3566	2916
3515	3157
3988	3851
3158	2887
5154	3896
4909	1140
2663	2526
2542	1181
3596	1780
3920	2827
4229	3863
5154	2539
1656	1405
1678	120
1524	940
1649	440
2417	1133
3454	1489
3169	356
3167	2481
1780	1718
4714	989
3169	2993
1602	1138
5143	736
4592	4385
1813	1481
2451	1608
2048	1133
4756	1455
2388	819
1576	1235
4372	3157
3594	2308
3169	1425
3071	1649
5177	1723
3960	320
4874	3169
3169	1331
1555	368
3504	2161
2388	2187
3354	104
5100	4954
4899	4043
4288	3843
2916	104
4015	816
5184	4267
3665	1783
1438	553
332	120
2416	1947
5154	2596
2451	1723
3515	2887
3550	120
1780	314
4178	125
4663	4542
540	120
1717	947
4180	2462
4781	3169
943	269
1785	1743
5215	1044
3515	667
4849	4347
3363	2755
1111	593
4405	2117
2211	674
5061	5020
2211	727
3628	601
2318	1363
3454	1379
4085	2589
1206	191
1846	453
1861	1541
3931	3320
4687	120
4738	1455
4714	1080
2749	2063
2368	693
1942	773
4071	2749
4738	3109
3169	1770
3169	3077
4820	3588
4756	1342
120	61
4168	104
581	280
4540	1574
2939	1577
3760	368
320	180
4275	4056
2092	1133
2861	1537
320	69
698	120
4048	1928
1149	1009
5118	1270
1451	320
1636	881
3169	1739
3963	2970
1229	1225
1478	940
1555	692
3664	589
2418	1565
3999	1555
4084	1111
4714	3354
1971	1913
5099	120
2408	600
2653	1656
2346	537
3169	1947
5021	1293
994	235
2318	662
3596	1555
2559	2048
4407	662
4630	3792
4229	837
2408	135
4909	640
1646	905
4144	989
2889	1229
4663	2956
3504	649
1403	320
2526	1531
4999	1273
4058	3141
1290	719
1755	713
4608	3594
3260	961
2435	554
3960	2189
3169	1240
4513	4013
824	397
2558	120
1577	1052
5148	3675
320	101
4229	3073
3960	1913
3960	120
3566	739
5171	4058
4229	4055
4849	4124
4608	4229
1838	992
3888	3169
4214	2211
4178	2707
4714	881
2158	1293
3020	120
3141	1741
4124	2059
4714	1786
3637	2876
3739	1942
5215	516
4589	483
4134	120
3548	1927
2389	1080
2040	1574
3548	2089
2223	658
1356	284
1574	815
4802	1333
1741	37
4464	662
2496	319
2906	706
4973	138
4383	2967
2545	759
3810	1179
4203	104
4323	4229
4385	3169
5132	1627
4447	599
2211	319
4970	2388
1138	499
4725	1295
3229	2887
3440	319
3444	3426
4784	277
4229	191
4178	1922
4275	4169
3691	525
3975	2314
3668	3146
1772	374
4714	3417
1882	773
3261	365
3682	1113
3989	120
3163	1435
4229	2898
2708	2540
4841	276
4085	1780
3111	971
2499	2286
4168	2211
2589	1460
4923	1295
3710	3282
3169	997
5234	4229
5115	4031
3621	2408
5118	4852
2829	943
4809	1464
2701	537
4596	120
3158	1663
2393	992
3846	2545
4229	1302
3873	120
3654	96
3967	2211
2399	640
4641	1295
3963	743
4031	1312
4466	170
4166	1206
4820	2537
5184	2603
3939	3169
5227	4861
3320	284
4141	2231
2408	29
3675	720
2461	559
3169	467
1555	1462
5090	2832
1861	1510
1942	1507
4734	3673
4528	1705
2677	764
3887	1656
3540	1464
1942	1565
713	693
1176	320
4756	3578
2318	2012
4141	4028
2691	1892
2078	589
2158	997
4787	120
3681	601
1192	120
4988	2545
4752	126
2346	711
4466	582
5177	1602
4585	2653
3975	588
3992	1807
3015	1785
4805	3548
4162	3435
4412	525
4260	92
4466	3901
4988	4546
2314	154
1151	120
1655	593
3025	1425
3654	120
5161	330
362	275
4347	720
4687	1741
5242	3931
3920	2603
3212	1934
1555	1385
3131	2720
3907	597
4519	1695
3281	1606
3169	2464
5083	4906
1561	1338
2669	1294
4162	2289
2898	2749
4809	4237
1147	1050
4402	4229
5215	4085
4229	4219
1334	270
4229	690
3682	618
3261	839
3244	3169
4044	3169
3292	1807
2755	381
5146	4412
3653	1455
5196	4162
3636	2158
2589	1340
4178	775
235	180
4586	906
2665	177
5043	4825
1656	774
3169	69
2607	120
4405	3153
3548	2461
1194	92
2875	711
593	129
1057	1011
3426	2653
4229	3603
4393	2843
4845	2896
4690	954
4229	3313
1179	172
1070	119
1601	120
4402	2515
4166	1555
3815	711
5180	2417
3773	2435
4582	5
3169	802
4469	2389
2661	316
5056	2154
4987	4799
1753	717
2233	557
3556	2158
3167	1287
4229	465
5153	882
3028	1537
4347	690
1570	672
4009	3440
4714	3988
3478	1293
5154	4891
1541	67
4589	154
2542	777
449	320
3169	2755
4178	995
4461	2750
1901	1723
2099	154
3169	820
1577	316
1878	1370
5181	5032
2158	177
4229	2873
982	713
2205	2108
3169	2231
2052	1455
1656	881
4592	2612
4487	2820
2503	320
1229	1047
3708	319
1138	417
1769	700
3988	1531
4068	3331
3762	1186
2089	662
3526	354
1947	174
2539	537
5155	1133
4849	2827
3529	2610
4734	3755
1697	943
4752	1270
4760	1270
2612	705
4861	2024
4612	1565
4347	2451
2603	1780
2797	559
3028	2861
3556	913
3648	27
1522	120
607	120
1133	994
4229	92
4727	2393
3426	2541
3391	180
4756	1786
4383	2139
1985	1619
4841	1570
3992	3410
2286	814
4999	4476
1952	31
4166	4163
1947	1602
4945	1192
2078	244
3215	3169
3124	138
2164	860
1697	599
2518	96
4729	4727
3782	3169
3169	3158
2370	1025
4984	3858
4796	4687
4666	1619
1187	18
3016	1736
2877	2654
2616	319
1813	700
3381	990
3261	1447
4963	4460
2749	2616
3410	3169
2135	1522
2364	1494
3843	2884
497	319
4141	1406
1577	693
3624	1741
3755	3141
3566	1755
4567	1783
4608	2393
3498	104
4031	3566
5020	2361
4843	4178
2158	368
1333	693
3169	741
4220	990
3631	2205
1555	394
4107	314
2778	120
5124	1603
1133	267
5146	347
1685	1070
4760	4608
4849	4205
1481	447
1206	266
4229	569
3907	1010
3556	939
4255	1147
4756	4734
3498	1991
3562	3153
4407	3016
1367	320
3077	1555
5057	3682
4405	3920
4776	3169
2717	700
3931	1356
3628	120
1057	642
4229	3873
1606	1531
3322	3169
5132	3091
3952	1695
2708	2158
5241	2318
819	516
3556	1466
4428	4083
1992	1133
4417	2158
3612	320
3558	96
5227	789
2887	1363
4229	2879
3043	1971
1555	1111
4065	3710
4608	825
4775	621
2567	2161
1541	842
4166	3000
4141	2608
4306	2211
4963	2610
4466	3673
3628	2481
3540	120
733	133
588	92
906	457
3169	445
4967	3653
3755	1538
5202	484
2428	1334
1807	1327
2870	1770
4229	1717
3169	655
2827	588
4825	1718
501	206
3146	1555
4178	2799
4396	120
3169	2054
4954	4116
3215	2452
957	120
1138	362
2775	2604
3109	1113
4841	2115
4960	333
1741	1363
3483	2509
2887	2567
4459	1736
1481	588
180	135
2388	1807
2158	1379
3623	1533
5175	1753
4275	3966
4738	92
3998	3992
4111	1435
4401	120
3169	135
4185	3428
489	449
2318	1379
1493	816
4853	1129
4178	2092
4467	521
1555	700
4608	595
3169	2064
4454	1458
1743	1447
4311	2481
5020	4687
2653	1176
4229	3212
4455	120
5171	4347
4317	4141
1969	275
4963	2388
4141	1025
3834	2582
3790	1874
1574	445
4589	2539
4122	1365
4229	3380
1555	142
3682	120
2064	1082
120	62
559	36
5095	1493
1316	693
5047	4345
5021	2225
2435	2289
5118	3222
2211	1423
2589	655
3975	3552
4028	1565
705	142
3014	1852
1489	1203
3152	3014
4954	4229
4973	4267
2361	1861
2539	597
4255	3920
4275	2728
4714	2451
2749	927
4714	3527
4229	4162
4954	4738
491	228
4608	3963
2318	2007
4706	3769
3548	485
4789	972
4584	3169
3004	640
3320	3167
5146	1741
5169	1050
3169	755
1881	1780
5021	4691
5056	1608
3926	2318
4869	2368
4648	3169
1861	884
1507	559
3888	1273
3637	1290
5021	559
2085	688
2851	2158
3617	2661
4963	1295
5056	1697
3169	1776
1331	92
4263	1277
3280	624
2993	1716
2889	228
4168	2913
1288	440
2031	1561
3498	1446
2887	2361
3920	1113
4180	2211
3169	1273
3896	597
3665	2318
3169	1678
4229	3956
5115	139
4785	3725
918	265
1555	521
3892	2589
4454	1129
1650	719
4275	2582
4963	2790
4229	3596
348	37
1901	703
2211	762
4412	3593
3756	970
2887	36
2286	320
4141	3739
1235	320
4347	2827
4181	277
3686	1438
1611	882
4393	2990
3491	3169
4970	3987
2158	1531
1479	588
3664	2878
700	320
2993	1890
3975	154
4967	1565
3970	2211
4180	1047
3896	2630
5124	1577
1565	1462
4349	3157
4405	2913
1212	1115
4705	3858
4237	3588
4727	417
4582	1741
2870	1555
1481	1137
3169	1290
4784	4536
2208	1495
4881	120
2158	491
4141	1082
3344	2559
4754	2654
4888	1235
2569	588
5225	3596
4967	104
4856	3892
4997	1356
3428	1867
4263	2211
4107	814
5063	1574
2213	2161
3552	3109
1047	320
5103	484
2935	191
4513	457
3146	1493
1455	901
1778	1656
4178	161
2588	120
4536	2211
3169	442
4116	152
1718	700
2215	1356
982	196
4229	4132
4229	618
2377	1287
5160	1270
4370	2399
3596	2887
4116	553
4235	1312
2387	997
3837	2903
2031	417
4255	126
4237	1952
2211	1209
5227	1334
4853	2764
4352	3760
3737	2589
2653	317
3897	120
1646	593
3596	449
819	663
1874	191
3844	2206
4162	483
355	329
4608	1776
2286	1293
1574	598
4923	3169
2630	368
2588	942
1741	104
4706	3755
4402	2393
4734	4347
4451	4229
5188	1922
4729	3222
3109	1786
3515	1830
1227	457
4546	4321
4960	1020
4178	802
1561	1111
381	96
3124	120
2781	1741
5021	4667
4229	2117
5227	354
607	564
4349	1356
3803	600
4727	1646
1086	989
3073	120
4229	2604
975	233
3960	17
4229	2962
5202	4714
2887	1901
3920	2701
5188	2286
2630	1290
3566	191
3351	2021
4873	2213
4168	4106
2469	1206
3478	483
4595	1625
1463	559
4577	3345
357	120
4988	1646
2469	2281
5161	4738
4714	3158
3725	1489
3220	1874
719	260
2026	1705
5127	1984
1555	229
2582	320
2768	320
3396	3169
2608	2318
1777	1025
1555	1494
3575	2135
3792	2701
4542	1574
4347	3245
2936	1861
4738	3920
4174	120
1864	1206
4229	1646
4993	3012
3157	819
819	277
2158	658
3920	1741
5227	3504
4734	3358
2161	700
3556	92
1944	348
4784	2428
3617	28
3229	2878
4706	258
4609	2388
4973	1423
2887	1624
3791	1533
4185	3169
5127	1559
3331	1334
3366	2064
4348	1756
4835	96
4083	1268
4349	1331
198	120
4646	2211
4608	2608
2887	739
3926	104
4229	3892
4997	3426
4663	2158
2135	267
2189	461
884	222
3855	2213
3478	154
1342	119
3928	3169
5047	31
4725	3170
3483	1235
2642	2452
4306	445
3524	1040
3382	460
2589	2211
1179	720
1565	329
4326	120
2318	1533
4402	1338
4044	3928
4796	3920
4493	1813
3834	3410
3490	3266
1697	294
5021	3592
2735	320
3295	1489
3904	3295
3710	2887
3309	3169
1050	426
4690	2610
1555	446
2515	2393
1878	67
4147	120
2123	440
3091	736
3618	1176
1861	1842
5021	3141
3146	778
4285	3293
4849	483
4339	3169
3493	1697
4109	3454
5241	1131
1565	1277
3687	2237
4229	694
2204	1225
4229	304
5201	4229
4178	3477
2559	1031
1226	961
4770	2211
4970	2024
2589	663
4856	595
4454	661
3042	1050
3448	1741
5208	3109
320	29
4904	4519
3410	1566
3028	2550
4116	1427
2515	1947
4229	1991
3549	3548
3664	2887
1945	54
3012	816
1723	1494
4071	658
3169	773
4048	3258
4954	4589
3157	38
4539	3169
4888	2416
3331	1533
4275	2607
2749	2570
4473	196
3882	1138
2889	1653
4760	3017
5154	5100
3831	120
4162	37
4785	4345
3575	1756
2140	597
2935	643
3992	3664
2393	2318
4229	3405
2861	686
5215	700
1277	663
1493	449
3596	1881
5021	2790
5132	4667
2653	1165
4116	1780
4229	3031
3664	3575
2887	989
5177	2887
5037	705
819	491
3682	330
4333	1222
4383	3847
2215	284
3884	126
4807	4210
4116	3258
3071	319
4589	3258
1947	235
4178	2734
2393	1111
4178	2892
2936	1421
3626	2215
3025	2158
2211	2108
2936	1113
4714	2899
2318	794
3582	2408
4729	2031
2749	2062
5004	3598
2430	1649
1345	858
3773	3492
736	692
1656	206
4529	235
2318	595
3749	1780
3000	2653
3017	2451
4853	275
1655	989
662	18
5021	1901
3592	1747
2890	2887
3169	432
4347	37
3596	3293
3526	1785
3237	175
2158	1072
3803	3169
3454	1209
442	330
4428	2663
4180	989
4346	2540
1878	120
3623	3548
5160	700
4999	2211
3843	319
4608	2012
4522	120
5251	1878
5171	4954
2301	1312
1998	672
3578	139
1335	918
1270	120
4979	2775
4327	120
1574	17
5021	4608
3803	663
4714	3357
3791	3282
3988	1608
3018	120
4174	995
2706	2389
4663	1133
4687	700
4467	2728
1723	1692
4608	1780
4841	120
1080	154
4178	2229
4856	1901
1451	1354
4372	2991
2461	120
4807	3668
3541	120
3229	1495
3976	2211
3837	537
1306	537
3071	2158
4487	906
4627	3509
4166	3592
2047	120
3548	2836
5116	2603
5021	3118
3621	564
4052	2161
2717	2158
3169	2851
3478	2318
3540	3169
3169	2869
2303	1133
3260	1574
2863	1587
3368	2894
2222	764
1636	191
3169	686
1644	445
916	553
5100	1807
3169	2158
4909	3478
4014	120
3436	277
4861	4608
4909	2399
3169	3146
3491	2939
4970	688
4809	4229
4871	4784
4408	2630
5132	2750
4141	294
3558	1765
2764	2559
1922	320
2991	99
3628	348
3755	2144
3169	387
5215	3931
2435	1599
2007	1363
2936	905
5127	1070
3526	864
2051	277
2477	1107
4377	944
3169	2168
4267	711
1785	1695
4756	1113
2062	1656
802	773
1705	1587
2477	1995
989	433
3687	3362
3169	2260
2889	2431
5056	1533
4973	1366
2289	650
3352	320
5116	1837
3005	1684
3596	2529
5036	819
4615	4267
4738	3975
4727	3710
2718	599
4582	4043
4589	2701
3052	1555
1555	697
4031	3648
2388	74
2781	947
4641	4402
3358	2154
3931	3295
2641	777
3706	658
4178	566
4137	3169
3529	191
2887	2540
4909	1770
4973	1572
4237	1656
4904	764
4107	2102
4904	2588
1338	693
4484	1685
4850	2843
711	18
1338	989
3969	92
1200	336
5020	2047
2764	1235
3169	2641
1892	1736
4612	2970
3169	498
5132	4950
3345	3220
3169	15
2653	2024
4141	120
4906	1425
2318	1538
4229	1331
4909	4162
4589	4347
1423	320
2559	2393
4178	1293
1206	1162
3548	2315
1555	235
4777	2158
5021	4906
1723	705
4178	2137
4909	4627
3874	2291
4756	1555
2607	559
4347	4331
2700	1656
2733	260
4347	2716
3882	2970
4144	717
5103	356
3087	483
5134	270
4347	3920
3229	2158
3749	1861
5215	3146
1426	882
4072	537
1892	1007
3976	3000
5160	4909
4141	2651
3498	3382
1555	1297
3309	2318
4613	1447
4997	4988
2589	29
4738	1327
4776	1971
597	120
5074	3976
2540	2536
5018	2653
1421	797
3169	280
2916	348
1719	191
2434	67
3169	2092
4086	789
1078	559
2936	2887
710	314
3896	2211
3945	2023
3549	2542
1984	1129
2286	1705
4375	3146
5118	3464
4909	3220
3636	2416
4540	277
4178	35
3975	92
4738	4405
5056	277
5116	4734
4229	346
2243	1447
1463	235
4714	839
3815	3084
3686	3566
4068	371
1856	133
1445	197
982	705
3334	1974
3169	786
4085	1620
1447	1426
4582	4237
4612	4493
4519	621
3025	2318
2346	483
2152	1555
5242	3904
3091	1780
4784	1998
5169	4229
3169	3005
2355	320
2318	726
5079	1608
4784	3854
1206	881
3169	1225
4141	4093
5241	2518
4960	4229
4783	29
4608	2916
3762	3169
1895	1533
3457	716
4347	457
3665	2642
4347	3908
2970	1295
3444	2215
2123	330
4963	2056
4237	3687
5008	4714
3215	816
4456	588
2954	2749
2222	1464
5021	3345
2642	600
2211	692
4946	2653
3077	196
2654	764
4383	484
2991	36
4260	4229
4336	4178
3992	1494
2890	1927
4113	378
4454	2705
4738	4734
5100	5021
2708	2509
4756	4349
4552	1565
1016	36
2946	982
3627	2085
2059	1273
4428	599
2653	700
4229	703
4688	336
1572	1206
4229	2099
5215	944
5241	764
1504	1400
4267	120
741	17
5132	3773
2586	1861
484	111
4784	3358
4205	3109
4999	2304
5143	2603
1627	457
2007	1555
3169	2393
772	167
4967	4058
4841	28
3540	3160
4663	2560
4327	1974
4412	1627
4857	2653
4528	1555
1541	319
5191	5180
4586	2408
3981	3664
3169	777
4954	4162
2642	662
4124	736
1723	592
3858	879
3169	649
4229	3557
4347	4106
5227	3118
3111	317
3834	3454
374	120
3627	1656
2539	2314
2701	483
830	280
3417	2653
2653	2108
2724	2363
3962	1447
4162	1113
3160	1229
3368	2332
1316	424
4756	597
3908	2318
5222	1381
3969	1741
4967	28
4229	99
3237	1533
4785	3169
1103	21
4521	1447
4756	4095
1555	1095
4988	1692
4013	2368
1759	1133
3803	2289
1455	1354
3524	104
3591	944
3850	265
2877	280
1718	37
4210	457
4178	2041
4853	362
1716	1489
3627	1206
3046	1176
3526	5
5021	4627
4841	1753
3592	74
3964	1080
3592	1206
1363	936
3282	320
3440	2540
989	92
3169	3062
3084	1531
3109	1131
4320	1542
5184	3710
3509	2600
4267	2189
1295	700
1942	1464
1555	372
2749	1969
2653	1664
1578	1571
3540	1653
3686	17
4385	4043
4841	4315
4229	2663
1867	710
3903	3450
1447	834
1546	496
4372	191
2983	320
4529	1138
1432	120
762	120
4166	2158
4970	1327
4670	120
881	191
3843	764
4229	1342
4348	566
3065	233
1129	599
4484	3810
3719	1777
3448	2408
2608	663
1956	1807
743	329
3395	142
3892	700
1726	1561
5032	92
4052	120
4467	3556
4784	2388
5021	3562
5021	3169
3069	1927
4484	2860
2940	2529
4954	2408
2112	120
3497	3261
3167	284
2462	1021
1574	235
4166	686
4775	120
4275	29
3169	1321
3426	2720
3169	2718
1295	1133
2993	2393
614	120
2044	1867
4229	1995
195	120
4613	2064
4853	3846
2463	2036
5021	4990
1636	1206
3366	1574
3762	2301
1295	600
1627	347
1565	1492
3169	2542
3834	1636
4608	648
3593	1627
961	31
2653	2539
3907	1138
4219	1565
3686	1284
4796	3596
3169	154
4321	4225
2040	135
3504	755
4888	220
356	111
3199	772
3302	3282
3262	1541
4341	2023
3478	1808
4317	104
4170	2292
1007	917
3813	1741
3596	383
2387	354
4168	320
3261	1922
4412	4210
5079	1577
3015	961
3628	1356
1555	823
4229	4023
120	83
2832	2352
3231	2090
1646	913
3169	1504
4608	1672
3351	126
4229	447
5132	5012
2537	1705
4321	672
588	28
2370	177
4229	313
961	137
2695	1354
5177	2318
1405	1131
1086	379
1695	96
1611	1273
1129	275
1427	1338
4219	3904
4178	3541
3012	1173
3169	1538
4727	2851
787	428
3146	2935
2229	2161
4106	2559
3040	819
4174	4141
3169	235
5032	2701
4087	1435
3926	2435
4229	3837
3256	120
4084	2887
1435	433
3762	2054
4383	4180
4210	2537
2827	483
4178	2587
2009	445
4217	2526
3517	2587
2863	1022
2164	906
4189	1741
4625	2064
3417	2589
2164	713
4154	2653
190	120
198	104
3931	3426
918	120
4229	2421
4909	3790
2332	67
3167	1890
4663	2755
3678	662
4845	4199
5222	3637
1338	347
2211	905
4714	2463
3160	764
2318	944
4484	457
2887	96
2663	92
5080	1347
4391	1080
2954	2318
600	368
3628	3320
3623	379
4385	3575
4468	2537
4327	1807
260	107
1555	881
3169	2063
3111	957
3975	2539
4044	2653
4963	4612
5215	739
1507	316
3169	1007
5154	2117
947	397
5021	3846
2211	1082
4804	1043
2291	1456
3556	2827
4031	3992
5177	3546
1773	777
1602	1462
4302	1555
3626	284
4166	3962
3637	3282
3847	120
3146	1603
3045	839
3562	1838
1080	360
5036	773
3598	2249
762	319
3594	653
4604	2653
4383	516
1131	760
4031	1769
2641	2200
5049	4736
4714	1985
3157	918
5143	4267
5175	2764
2542	2399
2417	316
1555	277
2720	1706
2875	1811
4853	36
4784	4073
4909	3810
1438	599
4178	1993
2211	99
4229	4185
5175	4473
2318	686
2700	243
3892	1295
4085	3578
4144	1427
3596	1718
3937	348
4608	1646
2223	120
2939	197
3546	3169
2701	2314
3546	1646
4547	1133
4888	1464
1338	129
4331	1010
3334	2961
4166	4136
3548	461
1533	277
2164	1861
2373	1772
4009	2123
2641	96
4608	1398
3498	3457
2749	941
3444	3167
4031	69
4124	2569
4246	1471
2301	2260
2314	588
4113	1555
3169	1991
1113	483
2889	1347
4111	3668
5184	3358
3975	537
986	120
3628	3549
2089	1717
4784	2797
4383	3169
294	284
3790	92
4729	1602
4615	277
3510	1294
599	362
4663	3903
4229	806
2653	1021
3426	1203
4785	381
4320	2663
3411	2394
1282	457
2851	1646
1685	36
4428	971
5188	1434
3005	2545
4107	1562
5079	1493
5036	1229
3141	1524
2970	2515
5176	2749
4954	1331
2158	346
3317	2200
290	111
1555	290
3212	299
5241	1080
3111	686
2356	1133
2956	2529
4904	330
3926	3169
4891	2158
5188	944
3255	348
4383	703
1435	290
2428	2318
3928	2596
4083	3536
5020	4626
3381	233
3983	2088
4909	989
4058	1455
4873	3810
1466	92
2109	1913
3920	37
3478	1331
759	676
5215	3937
2008	142
3976	1080
5177	417
2936	368
3790	3157
5021	3000
2200	1878
3903	2887
4229	37
4734	258
4954	3928
2749	1656
4552	1206
2204	1577
4849	4405
3975	3556
4293	1611
4347	632
2971	319
3762	2630
4988	1684
1347	104
5108	2887
3628	1716
5021	1451
3120	1656
4036	120
4760	4178
2434	1723
1878	1649
1513	906
4663	4332
3627	235
4031	3137
4704	3457
1555	595
4385	2653
1697	735
1882	228
2140	1813
4202	320
4967	2315
4509	1861
3653	2749
4371	4229
4225	1901
4578	4141
4536	1697
3157	1445
4315	3169
1421	28
1780	191
4973	484
4547	3713
992	878
2560	1379
1199	69
4432	3169
3790	2158
1777	177
3682	563
4852	3815
4809	3549
4540	1780
3594	2200
4704	1235
2630	290
3111	1927
2970	348
2896	1455
3647	3169
2542	1773
2146	235
4624	4178
4137	662
2936	2870
1770	1533
2706	2630
3428	525
4796	4107
4229	3926
4210	1584
2866	663
1206	618
2993	1112
1429	652
4547	4180
4570	1813
4906	2857
1133	104
4229	3028
4973	1047
700	404
4756	28
4372	3648
3548	709
4285	4199
5113	2537
5217	1830
2887	1455
2887	449
4582	2024
4166	2304
2983	2213
2024	564
2991	762
2088	1878
2567	2417
3907	3100
4332	2318
3109	2036
4905	2161
3169	1288
4608	1723
4967	3558
4509	120
2797	36
832	314
3548	913
4841	1821
2308	1615
4630	2569
3843	2434
3675	1270
4347	1113
3904	601
4853	2887
1129	362
4572	672
4584	3157
2677	2352
1082	329
3831	1561
4327	1018
3410	1381
1409	662
4205	1290
1133	381
1846	235
3410	2462
3937	2887
3411	589
5254	80
4651	1435
4861	4347
4663	600
1493	191
2970	332
2526	1608
4229	394
2158	1138
4714	212
3653	989
3549	1952
2408	1577
910	597
4347	2394
2587	1227
3450	2889
4969	368
2031	1111
3509	2024
1718	371
884	582
3665	2509
3861	2933
4320	1270
524	120
1574	243
3843	2088
4873	3593
4874	3755
2559	1864
4833	1447
4713	397
4687	1458
4473	1555
4894	1644
3069	2775
3071	764
4466	963
1608	1577
4338	96
3395	372
5154	676
4608	3548
4997	3628
137	31
3169	2223
4178	3989
3992	2887
537	460
4168	460
5175	3245
1949	1347
4124	3792
4417	3380
4663	277
4997	4225
2540	632
1565	1561
5012	3617
2663	348
2408	1649
3169	1455
2332	705
2123	1534
1555	1532
3169	874
4309	3345
4405	597
4874	2117
4481	3345
5148	1998
4232	3015
658	595
4074	2749
3710	1587
4784	1697
2314	858
2223	1464
3109	2244
4372	1780
2887	1952
3762	3594
3450	2887
5146	4484
4963	3926
5208	3975
4608	3169
3863	2899
3158	944
4649	3169
4330	4275
2062	658
4686	3169
5127	1129
3665	2158
3526	641
4275	1649
3004	372
4405	1478
1133	60
3169	1338
4168	2749
4976	1565
2048	92
1770	196
2373	1741
4347	600
4072	2393
4232	1601
3636	1038
2789	2318
3492	1555
706	96
882	697
2687	2537
2105	1741
2820	126
4705	4229
4210	1627
3562	1555
5021	4189
4714	3000
1455	1206
4852	1507
3626	3426
2882	320
2297	1574
5241	3260
4065	120
4648	3158
3856	2749
4031	3044
5032	1010
4428	1181
2583	270
2322	2108
1636	92
3957	1010
1625	1345
2892	554
3448	2318
772	37
1445	1273
4663	2012
4347	836
4229	2496
1960	120
3815	3218
4229	223
4267	2764
3396	2518
3509	2304
1705	1638
4229	1697
1741	1423
781	120
1761	1206
4611	354
1942	491
5241	4178
2589	1338
2158	1111
681	662
460	354
4178	2211
4459	773
4241	3963
2869	1185
5215	37
4702	2749
2318	1111
4116	120
2861	1447
2301	1555
4963	276
3169	2062
4973	772
319	146
4111	133
4141	165
3575	1555
3762	2360
4608	2790
3667	2158
2892	348
4032	1094
2761	1555
3169	492
4807	3450
5176	5154
5242	155
582	453
4191	3509
4729	1741
4909	3464
4896	120
3426	2215
3368	2121
4608	1561
2515	332
3623	940
4954	4677
2318	705
4229	3169
2971	120
3044	1020
4888	2130
4729	1561
2998	710
5156	716
3454	1438
3589	2048
4407	1081
3118	2653
2393	2158
3169	2971
4861	4229
4562	3095
5124	3169
2318	320
2164	1338
5234	3158
4338	4229
4141	258
4641	1463
4178	2580
864	641
986	377
1080	357
3065	1577
5188	994
4973	3345
5215	1942
1489	348
3934	1741
3169	858
1878	764
4327	1295
3169	3112
4267	2936
2542	1952
2188	1199
4370	3757
1524	815
2318	1333
3768	2775
3515	700
4939	92
3594	3281
3904	348
4663	561
4783	3636
2546	492
2318	1314
317	120
4321	521
4778	601
1876	120
4945	4546
860	120
3566	992
4993	4086
4031	1199
1555	1331
4663	1574
4873	2812
4727	1555
3368	906
5215	1356
3637	120
5047	3169
3045	1565
1214	120
1565	235
243	168
4205	3556
4567	2749
1787	120
4690	260
4267	4217
667	120
992	320
3118	2749
1772	713
739	292
3302	2499
3963	2559
5218	3169
3440	29
2790	2318
4487	4275
4714	3483
2991	1656
3091	667
1601	1541
491	299
3042	235
4141	3920
5132	3596
2430	1436
1113	537
2604	1084
4385	1462
4052	277
4260	2887
4714	1781
5021	671
3931	3628
980	247
3262	120
4626	1493
5184	2749
5215	2099
4229	333
589	319
4454	773
2764	453
3042	126
3472	2596
1421	1295
4914	3169
3368	2820
4663	3477
2589	1580
4229	247
2899	120
4905	4408
936	31
4169	649
1981	1555
1316	478
4873	1741
4275	3454
717	553
3190	663
2940	1992
5215	2213
4229	17
990	92
2989	1985
3044	314
4113	440
2625	1338
4229	3775
4909	3044
3556	1199
4784	1783
2291	368
5222	5180
1574	561
1555	1314
4469	1080
2630	554
2222	1611
1881	134
741	92
3654	1695
1561	1133
2764	1565
3811	180
4124	3837
4178	2916
2589	2355
3444	3320
1236	764
3976	3834
4347	4058
564	29
553	498
1992	1705
4253	2490
4476	3509
4327	2161
2231	1555
4347	717
4405	2315
918	692
2225	1244
2970	1338
3898	2887
1542	433
2939	819
2887	111
4729	1338
3628	1435
3638	3507
1813	1338
4739	2889
2408	381
4174	2211
4879	104
4332	381
4845	2244
1236	319
4232	2394
4275	3856
1861	940
3295	601
5049	1288
4275	3255
2708	918
4487	3368
3566	989
1464	819
5222	2653
716	104
3710	3664
2630	92
1971	249
4873	1206
4555	320
4402	741
4954	1555
2939	2204
2318	997
3169	1025
4888	819
4853	1070
4402	2970
457	347
5063	4784
3976	1723
3317	3281
4663	977
3157	1493
4879	1861
2869	2509
3548	1120
3920	2991
4835	120
4326	4229
2211	314
4873	1663
4229	1500
990	134
3015	1555
2052	1995
333	69
1080	881
2654	1047
3426	2187
3546	1138
4663	592
2823	320
4768	1284
2724	2559
2954	2158
3653	1131
3069	1770
2490	2190
764	511
4229	2630
4729	1295
5160	3964
2451	817
3803	381
347	172
3157	944
1206	772
387	177
3044	191
1555	320
2991	2158
2733	247
3739	191
4988	3504
5169	2089
1649	705
4267	709
3282	2499
4178	1587
3882	3707
4225	314
3557	881
3464	3044
3492	2158
4229	1747
3893	2318
3381	537
4371	4347
4124	3552
5127	4348
2024	882
4275	2989
4778	1874
3889	2797
2428	461
5020	2637
3504	2732
3169	1479
775	120
5021	1493
4909	1481
525	352
918	772
4540	1435
2424	1236
4954	3380
2967	824
3381	2701
2213	1209
5242	284
3790	1304
3094	2634
4141	3924
895	126
125	96
4879	120
4202	176
4275	906
4600	1555
2749	206
3963	120
120	35
4784	2951
5154	3928
4939	4178
989	559
4849	4311
1455	1086
1692	1684
4275	1874
4178	1160
4229	2967
4663	354
2589	260
5242	601
4166	2117
3765	1050
5021	1331
5171	4752
1992	1697
720	138
4141	711
2749	1860
2916	2368
3008	2851
2720	672
4853	4447
4873	1627
4431	648
3454	374
1619	600
700	347
4873	620
3762	3562
3815	2940
3170	3169
4229	2031
3964	700
1493	794
4592	1555
4229	3995
1627	1270
2608	2526
2158	662
3426	1716
2770	1186
1602	499
2223	773
3992	778
5132	4193
4926	1565
4229	1080
4202	3710
4166	1974
4562	133
5215	3896
4469	918
2158	1048
4199	2239
2135	1347
588	483
2368	1080
1577	716
4852	2109
4229	319
2085	319
3686	1984
4782	1555
4963	1549
4275	2733
4111	1753
5021	4028
2936	1675
5020	4237
3281	1615
4219	2603
1809	1533
5227	4993
2749	686
4255	1050
4229	1951
3578	3358
4663	2545
3411	2887
819	600
3802	739
3478	196
2653	1405
4660	4331
4807	120
2961	2235
4320	3593
4904	1878
2993	1489
1194	940
4967	4609
1984	599
3428	1455
4552	4229
2967	703
4246	1723
589	264
3668	599
4162	3556
3628	313
4873	3387
4055	120
4604	1565
5047	354
2158	717
2526	489
4841	705
4817	561
2109	433
3755	2500
1756	1435
3093	2080
4849	4589
2123	319
1672	760
3158	2724
1753	120
3992	3638
4229	2661
2324	1206
4178	3834
2555	1952
2539	92
4345	3874
3169	509
4519	3160
5012	2587
4229	475
4608	3448
2262	120
4306	927
1821	1780
4777	2775
4124	1131
4154	120
4393	754
5146	4210
1507	556
1220	120
4528	3169
1565	1381
2718	1206
296	228
3952	1878
5040	1555
2829	1555
2429	120
3169	23
4896	4229
2431	2222
4663	2304
3686	609
4714	3112
2598	1555
5196	4111
2663	990
1133	658
1524	320
939	525
1780	1434
4714	2610
4220	4031
4141	96
1861	111
4168	599
4193	3382
4784	1493
1451	1206
1723	197
4547	1821
5215	4383
4609	3856
5155	5118
3829	120
1555	469
1559	120
4760	4229
2653	2062
2559	36
1447	1243
4451	3169
4997	4229
4869	1270
3061	2596
2158	595
2963	2089
4106	3907
5225	4608
4752	3472
3922	5
4809	1133
1524	772
4608	1297
918	648
2631	120
5215	1697
4229	1753
3535	3169
1949	1464
4641	3998
5241	1541
2603	29
933	498
4649	67
4106	3358
1577	841
5108	3813
2477	588
4967	521
1080	601
3169	2540
3988	1047
4608	1270
4451	2053
5008	120
2222	802
4899	348
4429	320
3368	1429
4888	3169
3128	662
4784	2816
1466	588
4725	4170
3648	3345
4141	3380
2935	2239
1242	1133
2663	1741
2903	277
2887	2388
4166	942
4849	2545
4649	2526
4464	3664
3855	255
1050	895
4939	4031
3360	2706
4332	4217
1672	918
1756	1602
5127	1507
5014	4229
2108	461
4850	947
3919	3594
3109	2607
1843	1536
5215	1565
4326	4178
4336	120
4973	92
5004	3665
5215	2863
2318	588
4311	3628
4785	1837
4229	1343
3594	2318
2526	703
4850	397
2916	6
4853	2499
4613	2861
4909	120
2289	1363
1861	96
4867	4116
4954	588
4663	777
4229	2826
4225	521
1338	320
5080	3517
4738	3141
3046	1577
4229	1539
3043	1273
1080	316
3529	1533
3157	2545
3215	1493
4736	1243
4589	537
3169	722
4939	4725
2099	348
2749	74
3124	599
3012	1942
2318	2231
1974	1759
3988	3169
2706	1455
4141	3397
2416	28
4905	1133
943	244
2537	975
1236	120
3803	1723
3282	2863
3884	2545
453	100
1464	1225
1176	174
1176	653
2394	1601
3498	1861
4275	688
4778	3628
3710	1507
2946	371
4491	4229
3626	3167
1561	499
1949	1229
5021	3124
1707	703
1878	1615
3280	2587
2612	244
1627	172
4567	3509
4487	2107
2708	1421
4013	3157
1356	601
609	191
839	424
3682	1312
4752	92
4170	320
3713	249
1481	992
3260	96
3867	3023
4616	1555
2229	1080
3043	1626
2653	1705
4229	1400
4347	1073
3907	1038
3295	1716
255	120
3331	270
2608	2158
2708	2318
4844	1867
4963	4849
1901	348
3998	1138
4578	2764
3664	2764
2158	1533
2052	348
842	686
4398	4229
4531	120
3851	1577
4727	499
2281	917
2677	243
4973	449
4852	433
1555	1379
4969	3280
3109	1478
161	120
3368	1555
3712	1133
2430	319
3169	1148
1295	944
4852	4320
4402	1947
3566	609
4909	4539
4850	4229
4372	4031
2158	819
4372	4229
1646	700
4235	4229
4729	4347
4339	2318
5021	4660
1455	1381
3266	3025
3157	2318
4484	700
1949	120
2439	1273
3667	2408
1555	1273
4178	4173
4997	4311
1445	1167
4679	3411
2863	1809
4879	2213
3169	2708
3440	3130
3417	120
3549	1507
2211	374
947	828
1577	597
3452	1861
3846	104
2413	320
5234	161
4141	825
4156	196
4874	3141
4785	4229
1570	1513
2784	2749
4263	1948
2793	120
3028	1555
5177	1138
2887	705
4677	4162
5215	3556
4141	755
2515	2161
3169	1777
4205	1404
1338	700
1209	104
2526	1460
4939	191
4841	3215
5215	2416
3358	1672
5175	4113
1570	1489
1113	989
2630	1807
3648	1780
1516	371
3261	3169
4963	3834
3454	3157
4178	120
1890	313
2700	321
4065	3987
3821	3548
936	126
4732	1577
4031	609
3272	739
2158	1776
4783	3510
3020	686
4391	3169
1229	882
3882	2158
3874	3015
2012	1555
4789	4229
4372	3773
599	36
1080	693
4513	3158
4677	3169
4577	2653
2161	1138
1365	120
4255	1723
3358	1533
3169	700
3623	1086
1393	1103
2755	2318
1587	1022
2582	1656
1133	1113
5242	2993
982	104
3345	3167
4168	3144
5171	1331
4888	3984
4229	1264
5154	1435
2158	175
2610	97
5237	2538
4275	258
2887	700
4802	120
3169	232
2537	2239
3061	1969
4275	1522
4706	319
2755	319
4988	2732
3710	3302
4973	3637
4113	2446
2356	1555
2887	913
3686	741
4229	3773
4414	3834
4736	3229
4229	915
5154	4144
589	244
3593	581
4785	1723
4808	2526
3920	1821
4336	2653
5157	4454
3920	154
3169	469
2887	1723
4704	3245
2857	1123
2869	741
1663	447
3887	2653
1577	582
3556	2089
2353	1435
3069	2526
4849	3992
3975	3141
1295	743
2355	559
4229	126
4036	3169
4861	2318
1113	992
1366	1206
4141	774
2983	2211
4879	255
2324	1656
3976	1783
941	120
3320	3295
1513	1495
4229	1947
1995	1434
4154	2322
2970	1138
4275	1245
4124	1770
1455	374
4255	1753
3247	96
3588	1773
4170	4118
1723	834
2215	1753
362	36
4349	2315
3598	658
2496	1235
1555	1363
1421	860
3172	368
3843	180
5215	5108
2582	1206
4071	2603
3556	3552
1969	741
933	836
4784	917
5154	3331
3710	1277
4626	4210
2630	38
3773	2663
4784	485
3169	525
2586	1206
2916	2318
2790	2158
5154	4762
4725	1664
5032	3381
5160	939
3167	588
4371	2653
4263	4229
4385	1532
3358	1131
2213	486
554	120
5021	4705
3992	2499
4229	1028
5100	1363
4347	2608
5132	977
1203	380
4783	330
3907	3045
4469	2031
4484	581
3934	3396
4796	3157
3596	2539
3169	1765
4963	1311
4111	717
5057	4347
2036	1010
2054	235
4347	1047
5215	3603
4879	486
4729	2318
1494	554
5046	3169
4663	120
4136	3664
2561	1549
3556	120
3169	228
4347	3755
4756	4347
4275	4229
4229	2187
4073	1821
3229	348
1147	895
2135	662
2889	819
3771	3387
1040	320
3719	2222
2222	2158
5254	120
2144	2052
3637	1531
2970	2863
4493	3157
3169	2394
3618	1697
3987	1227
1801	120
3648	2887
4106	2653
4784	3352
542	120
3920	2500
1680	1447
3435	154
3070	2670
1133	942
3575	1071
4393	895
2542	31
4706	2462
3755	760
4752	4627
5215	3999
4752	3167
4229	1980
4905	2749
5160	726
4805	3169
1355	1206
1646	417
4095	2112
4043	1007
3992	2239
4347	1331
3510	330
4229	881
4466	1423
1571	1479
3366	2408
1944	67
4473	3169
3960	741
4217	135
2006	1577
2115	1133
881	120
4347	3368
5176	4285
1626	1206
2107	1692
1565	794
4521	1206
2935	36
982	352
1981	1606
2961	1974
3928	2526
5215	1331
2024	1030
2634	133
4756	4690
4853	74
5132	191
5049	739
2823	1462
3970	2749
5145	1555
3792	154
3627	440
4189	2608
3345	1434
1572	1447
5154	1293
2109	1295
2303	1057
4162	2158
2526	916
3896	1565
4725	2229
1203	313
3963	716
3992	2545
2701	2569
3803	277
705	442
4347	3087
4383	2231
235	135
2229	1602
5188	3157
2889	120
1478	1373
3169	3104
4808	4713
2570	1232
972	739
4849	588
4663	1697
4466	258
2089	397
3280	2211
2312	2135
913	648
2559	1140
1086	990
4725	1577
1577	1206
5202	5103
2063	1807
3169	2875
2887	1513
3981	1860
4431	1111
3920	588
4217	3477
1047	120
2318	2031
1672	588
4988	2894
4963	1678
4611	1533
3931	2993
3169	290
4109	96
990	191
2724	940
3111	2890
3686	992
3169	483
5061	3411
1122	566
1974	1072
4570	4229
1229	120
4052	994
3320	1435
5044	120
3960	2356
4923	1555
3626	1489
3920	1861
1942	1225
1277	120
4085	663
1837	137
4370	3382
4111	1555
4888	3160
3710	599
3111	316
2732	676
1769	280
2789	2158
4973	2764
1558	232
2663	989
1273	1107
3566	2284
4904	80
4612	2211
4402	1138
3686	559
4999	1393
4960	69
2161	1434
2583	2428
760	155
2789	277
662	54
1753	1435
720	672
4484	1627
3792	2706
4850	1759
2393	1295
4086	3548
3313	2094
3588	1565
4852	2940
4260	457
540	496
2529	789
4484	1570
3593	38
4608	3710
2887	881
3259	1615
1111	499
1435	566
4237	1532
4229	4058
1770	589
3169	2099
2387	270
2653	501
4608	154
3975	2211
4229	588
154	120
4732	1531
3426	2993
4785	354
1493	881
5153	214
4825	4820
3169	739
3352	1047
1576	320
2912	2589
4459	120
4817	4663
2970	1602
1561	1206
3228	3184
2304	2211
3623	3529
5215	1513
4229	1792
5154	4677
3612	120
4058	2182
2654	571
4255	2021
3169	1980
4191	1736
3888	864
4852	4752
3708	3160
3975	3578
4714	3593
3663	564
3450	2115
4301	4229
3141	1861
3111	1627
2845	1479
4170	1489
4807	878
4663	2529
3628	3295
4923	4469
4264	120
4612	1338
2130	1741
2021	1050
4904	2564
4454	2797
1199	404
4229	2878
2318	360
516	96
4687	710
2318	290
3169	2775
1777	1601
1080	428
4229	2988
4646	2526
4841	3363
4512	4229
4697	4229
2956	320
2318	368
1821	1493
3293	1455
4970	1018
2612	104
913	333
4750	2653
4686	1555
4229	1952
1545	1206
4775	1455
3667	1462
1602	1111
4662	1736
2899	2356
4229	3344
5127	576
3707	1200
5196	2827
4777	196
1602	1338
3821	3218
1338	1111
4555	92
280	120
4494	1947
1878	1094
2582	235
4229	59
4541	4229
3331	1626
2722	1010
4262	4141
3126	120
4229	2294
2107	906
4454	1856
2653	597
4178	207
1577	320
3803	17
2508	1555
1928	383
2560	624
4484	172
1555	777
3874	1837
3229	1455
4332	2755
4229	1435
3169	3043
4646	17
992	120
3169	17
4193	2109
4600	406
2092	1057
2967	1901
2892	1242
1149	400
1445	1243
1985	1555
4738	1331
3858	3773
1533	561
4124	3975
4229	2616
2819	2408
1133	96
4199	1455
1290	772
1895	1524
3598	1549
3160	1649
1117	167
5154	2870
599	96
4873	566
4519	2123
4727	2158
1901	1821
3549	3320
4141	3856
1949	802
2983	255
3623	992
2589	943
4879	1209
5175	3588
858	348
3245	2318
3153	739
4641	1338
4225	120
1778	1007
4778	4311
3834	235
3169	717
2559	620
4888	4459
990	297
4229	3324
3950	104
884	104
4466	4203
4229	3924
4608	2970
5092	120
2720	1602
424	302
5196	4346
4888	773
2225	320
3846	2559
2871	120
2387	1837
5161	1133
4347	648
4914	387
2105	1916
3229	918
3952	2123
5181	4162
653	320
3331	726
2582	1447
3737	970
3920	2887
4301	229
2393	951
5161	4229
4348	720
1618	1533
5215	4141
5169	120
3926	2158
2431	1229
5148	566
3297	445
3136	1577
2887	2616
4229	2857
2708	1284
4873	3755
5092	1173
3169	1839
3904	1112
3169	1270
4799	3637
1555	1080
4547	354
2158	320
2537	2012
5156	2993
4729	2393
4547	747
3892	2267
4967	2653
3381	1571
3169	943
3169	2973
4419	3169
1194	191
4970	2378
2244	92
1821	1555
4841	4663
5127	275
1273	354
3141	2653
5176	3428
3169	296
1129	1070
4540	3596
4229	711
5175	2108
4141	180
2991	1493
2393	1206
3005	2732
3540	1719
1577	1333
3556	2539
3937	3169
4867	120
4347	944
1780	1555
4493	1736
3171	221
3710	686
2993	1435
2722	1571
5103	4494
1741	582
4973	3618
4122	2424
3665	3169
3128	773
5146	4873
4954	3472
1861	322
4970	4841
4958	120
4229	3042
4706	3141
4141	3100
2059	1138
4960	3005
3962	3675
4967	1113
3810	457
4347	4315
1861	688
4370	703
3169	358
3975	1861
1555	662
4180	92
3212	167
3169	1861
1342	316
2318	2222
3594	1878
4577	320
2653	2637
4899	3624
537	92
4031	92
4676	2408
2749	554
3665	2212
5160	258
4627	1533
3549	3167
4687	2408
3737	1559
3682	2048
4338	3381
4402	537
4879	4347
2875	1555
4904	2612
3144	154
2961	2582
5171	4756
1656	1165
4736	359
4453	1697
5204	2889
2789	2540
2545	1692
1435	1044
4725	1646
1464	1347
1577	686
5177	4727
3706	3368
4852	2663
2117	211
4608	692
2213	2073
3025	2211
5217	2558
2887	37
5020	2899
5227	4263
5227	5074
4714	135
3169	2204
4141	970
3660	2857
5208	2653
2827	2117
3169	819
4608	3893
1654	222
4613	1561
2589	320
2509	1578
4347	2373
2991	711
3873	1759
1602	1295
2989	582
464	453
4888	2641
3546	1561
5188	4542
1956	120
1555	314
3411	1565
2610	2431
4408	4285
3358	3153
4144	3603
4173	1595
3856	1565
1770	1425
4945	1295
2749	2153
4807	4141
2871	1373
3710	2559
2971	1649
4521	2046
5160	3884
4347	3157
3548	3146
2448	1533
1984	362
2078	361
4493	700
1574	460
4539	97
3893	3594
4111	1928
354	137
686	658
196	92
5020	4905
940	320
4660	1455
4641	802
510	475
4347	1338
2775	1603
4596	4229
717	120
4263	1293
4107	453
3594	3440
2716	1555
1984	1070
686	355
4963	4679
191	69
4988	4466
4385	2665
1881	1741
4727	1338
1176	559
3468	1447
5044	4087
2332	137
1555	1293
992	990
4229	2196
358	196
1478	1359
3091	741
3016	1007
4163	499
1173	120
4229	1493
4412	347
4377	3258
4796	3028
2653	1876
4371	1447
4217	235
3320	1356
1270	352
3368	676
5215	3255
3331	354
4841	3095
2537	1532
1861	120
2989	2751
599	354
2887	174
5012	4973
5148	2529
191	97
4536	2154
989	191
4427	235
2508	2158
1284	449
2318	825
4905	2040
1646	352
2451	1113
1577	104
4714	3653
4229	87
1601	1577
4412	92
2797	362
4874	381
3169	1537
4967	4856
1780	1565
5021	142
5118	2940
4843	1656
3882	3546
3988	1334
3169	1078
2158	1338
3381	588
3169	1206
3045	264
4473	4229
2653	1031
3245	453
5036	1347
2211	17
1969	17
3141	1331
4609	1723
2827	1293
2158	1297
3969	992
4220	104
3021	1425
247	104
3478	37
4608	1401
4347	4085
2099	1206
1685	599
4229	2052
2735	2394
4055	3280
4582	1080
4950	4031
3621	1181
5079	713
1129	1016
4402	129
4122	2085
4852	857
4229	2540
4608	1494
1295	347
4667	1555
4704	561
4275	2427
4608	3478
4229	933
4454	3000
1398	247
4383	3621
3245	589
4229	379
4776	2222
5154	3472
5242	3295
3710	582
4608	3025
3368	1235
3962	120
4347	686
4714	1107
1995	609
4972	3169
4734	711
1753	839
4285	2539
4199	2896
1413	640
2479	1399
4306	705
4853	1082
3623	1214
2889	1942
5047	1462
1603	1284
1566	1455
4663	2408
4203	1206
5021	4789
2956	2854
3596	1413
781	589
3964	320
4729	417
2939	2587
5008	4963
4784	1992
3896	2653
2047	1656
4141	1423
1984	1656
4842	37
693	582
3169	3015
3510	1625
1050	126
2789	1555
3755	92
3464	320
4178	1321
2479	561
4752	4193
4106	760
1235	1113
4275	711
4770	3396
4301	120
3158	2158
1412	235
4513	2318
4756	4262
658	330
4613	4111
3663	320
2117	290
2870	1723
3832	2204
1786	1753
2223	1212
3517	3157
3169	783
4461	989
2887	362
4229	1626
5021	1772
5046	2887
3109	2539
3549	3295
814	601
4217	96
2428	2158
2213	1432
3014	1856
2993	2072
2537	1429
3802	3169
4178	3637
1555	1073
4141	957
819	461
4581	3169
1821	839
4275	779
1285	133
3790	3158
3560	663
2887	1070
4331	816
2717	2051
4178	2223
5008	4467
2653	1778
4320	1741
2158	2152
4347	2051
4106	3258
3556	37
3167	1489
2887	1753
3169	1773
4624	2589
667	320
4431	700
2211	2164
4519	244
1244	661
1991	1555
1861	711
4729	3998
2158	1333
4529	1555
1801	1741
4229	1044
4454	4405
2031	1646
2979	1080
1927	316
4519	4122
895	529
3596	3515
5212	786
4664	4229
2586	564
1356	348
4383	2008
3468	2889
2653	941
5100	618
1753	1555
2720	2166
3421	2749
4107	609
2589	74
3889	2477
4275	1225
3478	2099
4585	4141
4529	1427
3363	1290
2319	1555
1786	1331
4372	990
1984	884
2654	2373
4141	607
2051	717
5142	4840
4923	2970
4345	936
2318	1103
717	566
4708	4229
3169	693
4493	2970
1549	551
1555	58
5103	2653
5021	135
3160	2222
3999	3169
4612	3648
2663	857
3998	129
2889	2211
4933	2581
3169	1985
3596	2315
3588	295
4141	3768
3566	3157
2887	221
3627	1549
4738	1807
3169	1780
4906	735
3477	1133
5036	516
2737	1235
4531	275
4141	3975
3169	1561
4926	2597
2649	1565
4124	2887
4116	944
3549	1489
3169	372
5114	3169
4954	548
5241	5021
2887	990
1038	954
4109	2654
4608	1338
4727	2318
5114	1447
3975	597
1601	1025
2889	516
4332	1555
1447	96
4608	662
860	299
3169	905
4459	1347
3366	3169
3992	3846
3527	2749
3169	3081
4210	2021
1455	96
2654	1555
2812	2368
1959	120
5004	3169
4391	1058
1295	1111
5100	3518
447	352
1232	120
5156	3549
4383	551
3560	2749
3856	3834
3169	561
4848	3675
4229	2051
2608	320
5020	1381
4347	137
2928	773
2653	1336
4229	3935
4178	4160
5184	901
2560	233
3524	797
4688	1200
4909	1627
5032	3144
3813	1343
4576	2540
2052	1555
3169	229
990	196
3169	302
2936	2318
5241	4873
4154	3549
4564	4122
4264	1644
2158	1646
1078	269
3491	1555
2854	2755
4796	713
4608	469
1427	1080
4229	1574
3020	2892
4641	374
3169	2094
3802	1206
4663	293
4141	2324
4663	2937
3515	120
4768	3426
3366	235
2970	2059
4677	3157
4383	1450
5020	235
3477	1421
196	191
3421	794
4654	4178
944	348
4776	1611
5215	3426
1129	120
3548	3069
4590	3320
4229	2388
5160	667
4688	2211
1770	1072
4589	3109
529	126
5118	18
4461	2961
3517	2529
4124	2539
927	104
3317	1697
4052	104
2967	1497
4203	1331
2582	120
3648	3596
1780	1206
4285	69
4845	3137
4577	1434
4649	3023
4727	1780
2888	661
3882	2318
3778	3212
2653	2529
4453	1531
3592	1545
1602	44
1555	997
4013	1481
3160	438
5021	2024
2890	971
1312	120
3015	120
3169	1031
4320	433
3966	982
4888	1229
4229	3070
1602	417
3258	37
4178	87
5241	1244
4734	100
4178	1522
5154	4225
4229	2979
2526	2158
3665	2231
5215	858
2775	1273
700	120
5215	4315
1561	1038
4871	1697
4487	1692
4162	1555
3169	1210
3017	2526
4841	2581
2970	1646
4963	774
3062	1807
5227	3562
4582	3498
794	320
1555	705
1103	235
2820	1435
1808	1574
2158	1555
4725	1111
2861	2025
2014	1555
4290	51
3169	2784
1785	1181
954	260
1025	882
4993	2542
1555	905
5204	3540
3302	1495
2612	2123
4841	4013
4967	2615
3069	2890
4229	3272
4918	4229
4576	713
2749	977
4229	1494
3976	1947
3023	841
3578	2991
1901	92
5177	1111
4963	3755
1555	247
2854	600
3302	1421
2499	1022
2318	1770
640	120
3169	540
2130	1347
1227	879
3358	2117
4275	3169
3157	1555
4973	4950
3998	1561
3653	779
4841	2607
3665	1555
5156	120
3205	3169
2970	703
5113	2653
2158	2052
4178	1610
3904	3426
3621	2603
3919	433
3169	1565
3498	716
3144	2211
3345	2161
3515	1555
5116	4466
1244	961
2894	2589
2913	1723
3146	348
4687	1747
453	36
1176	989
2393	1561
3760	1080
4627	1565
4904	319
2073	918
1555	648
4584	4347
2970	593
4727	2031
1971	359
2243	104
2993	2720
4841	4332
348	154
3681	2135
4116	346
4891	3169
4905	3834
4162	537
4267	2363
1756	1603
3966	1113
1587	553
5127	1927
4884	120
5156	1010
4073	881
4306	3169
4562	3331
5085	3627
4853	2797
2870	2289
5171	120
4086	406
2537	498
764	621
3448	1555
5227	3169
3141	588
1741	779
3558	221
2332	961
3169	1981
3169	1625
2211	709
3626	3444
5217	460
3707	3686
5177	368
275	120
4586	1577
2529	1151
2559	1985
1993	120
5241	2059
4540	4229
2899	662
4347	1095
3169	1094
4178	1165
3158	2318
5097	120
3627	319
581	120
2892	700
3498	940
5153	3121
4330	2989
996	120
2540	92
4954	4347
3939	277
4926	2749
3169	1018
5021	133
2211	153
4309	4178
2284	1227
3410	1235
1809	1587
4141	3846
3428	2539
2653	1860
2393	417
2164	1565
4425	235
4734	4317
3517	1435
2408	772
4960	4031
1574	1555
4729	1293
4393	2988
5227	1555
2417	717
2519	1347
5196	2304
5118	2109
4056	320
4729	4641
4178	3981
4789	663
3169	2840
1235	453
601	484
3762	2789
1574	1571
1792	120
4762	3928
1555	1427
1781	1538
2991	120
4144	1447
4729	4402
2462	17
4467	4321
277	135
5032	4589
2887	2394
4113	2653
762	377
5154	1901
4608	2706
4533	320
3504	1331
4178	3575
2887	1138
5032	2346
4596	1025
3004	120
3887	597
4168	4141
3153	2764
2108	18
4909	700
3044	1874
3435	3258
2526	1167
5204	4178
4162	92
299	96
2479	1493
4853	910
4589	4229
3624	1384
4666	2158
4970	4306
4106	2869
2781	397
5184	1901
4178	1956
4178	609
4473	3478
3975	483
3575	120
3258	411
1273	485
4651	2720
4849	2314
2408	1314
5241	4267
3261	3012
554	290
2281	1007
4608	3556
1338	1080
2603	1347
5208	4734
3293	525
4963	1974
3411	3331
3975	3920
4529	1058
4963	4178
4736	1400
3447	3440
2827	1753
3904	2481
5160	4674
2764	2526
2749	212
1082	320
3790	2701
663	167
4493	939
882	359
1455	277
2158	905
1606	1370
2581	2500
1995	1759
1842	597
2939	2388
943	663
1080	1070
319	23
5215	1944
2249	437
5233	121
3920	3017
5208	1327
2417	401
5085	319
4407	1736
3169	2161
4347	588
5154	3167
2654	2319
3381	3144
4260	1138
3548	2560
5007	1522
2356	1786
4625	1133
4346	104
4229	2708
2936	385
1555	561
4849	3552
4552	120
4778	3931
4383	3153
3621	1741
5036	2130
3411	2749
1524	260
980	918
640	265
4589	3975
3169	1901
2545	1335
3907	1447
5021	881
4666	3021
3575	1861
3923	1574
736	165
4028	3907
3218	2542
5177	3998
4333	4229
1577	663
3144	2346
3920	3109
3167	1753
3046	559
663	299
2318	2099
4151	4087
3907	1561
2761	277
4225	1753
3920	3144
3922	3888
1235	713
4466	3621
